Sample temperature (C),Heat flow (mW)
70.1,-0.07946
70.101,-0.07961
70.101,-0.07967
70.101,-0.07971
70.101,-0.07974
70.108,-0.07978
70.111,-0.07982
70.123,-0.07987
70.14,-0.08
70.154,-0.08025
70.176,-0.08038
70.208,-0.08048
70.231,-0.08058
70.258,-0.08069
70.291,-0.08082
70.322,-0.08098
70.359,-0.08131
70.397,-0.08187
70.432,-0.08245
70.468,-0.08326
70.512,-0.08409
70.55,-0.08519
70.593,-0.08634
70.632,-0.08798
70.673,-0.08974
70.724,-0.09153
70.763,-0.09388
70.81,-0.09658
70.851,-0.0996
70.9,-0.10293
70.94,-0.10657
70.987,-0.11053
71.039,-0.11479
71.084,-0.11937
71.138,-0.12423
71.179,-0.12939
71.226,-0.13499
71.274,-0.14108
71.326,-0.1471
71.374,-0.15344
71.422,-0.16017
71.469,-0.16694
71.517,-0.17398
71.567,-0.181
71.617,-0.18835
71.667,-0.19579
71.715,-0.20326
71.759,-0.21073
71.813,-0.21826
71.863,-0.22585
71.916,-0.23322
71.967,-0.24048
72.015,-0.24763
72.061,-0.25467
72.112,-0.26161
72.163,-0.26855
72.217,-0.27555
72.263,-0.28274
72.312,-0.29014
72.362,-0.29756
72.413,-0.30501
72.463,-0.31238
72.511,-0.31961
72.562,-0.32687
72.614,-0.3339
72.662,-0.34091
72.716,-0.34797
72.763,-0.35479
72.814,-0.36148
72.865,-0.36809
72.91,-0.37451
72.961,-0.38074
73.014,-0.38706
73.064,-0.39335
73.113,-0.39947
73.16,-0.4054
73.211,-0.41134
73.262,-0.41712
73.315,-0.42302
73.362,-0.42879
73.413,-0.43439
73.462,-0.44009
73.512,-0.44566
73.563,-0.45107
73.613,-0.45657
73.664,-0.46205
73.71,-0.46741
73.766,-0.47262
73.81,-0.47793
73.865,-0.48321
73.916,-0.48838
73.96,-0.4934
74.011,-0.4985
74.062,-0.50359
74.116,-0.50863
74.161,-0.51363
74.212,-0.51859
74.262,-0.5235
74.314,-0.52829
74.362,-0.53295
74.412,-0.5377
74.467,-0.54244
74.509,-0.54715
74.563,-0.55183
74.617,-0.5564
74.664,-0.56084
74.715,-0.56536
74.764,-0.56987
74.812,-0.57435
74.866,-0.57878
74.913,-0.58317
74.964,-0.58752
75.014,-0.59184
75.065,-0.59611
75.116,-0.60036
75.161,-0.60457
75.217,-0.60876
75.266,-0.61291
75.316,-0.61698
75.364,-0.62097
75.411,-0.62496
75.462,-0.62889
75.518,-0.63283
75.561,-0.63663
75.614,-0.64043
75.666,-0.64433
75.715,-0.64823
75.763,-0.65204
75.816,-0.65574
75.862,-0.65952
75.914,-0.6633
75.965,-0.66712
76.016,-0.67098
76.067,-0.67471
76.113,-0.67837
76.166,-0.68201
76.216,-0.68561
76.264,-0.68919
76.317,-0.69275
76.366,-0.69628
76.418,-0.69979
76.464,-0.70322
76.517,-0.70656
76.563,-0.70997
76.615,-0.71338
76.665,-0.71671
76.714,-0.71995
76.766,-0.72326
76.818,-0.72663
76.862,-0.73005
76.917,-0.73334
76.966,-0.73659
77.015,-0.73981
77.065,-0.743
77.112,-0.74617
77.168,-0.74932
77.211,-0.75244
77.266,-0.75556
77.311,-0.75865
77.368,-0.76169
77.417,-0.76464
77.464,-0.76761
77.515,-0.77052
77.56,-0.77346
77.618,-0.77633
77.667,-0.77923
77.715,-0.78206
77.767,-0.78491
77.815,-0.7877
77.868,-0.79056
77.915,-0.79337
77.967,-0.79609
78.017,-0.79889
78.066,-0.80168
78.117,-0.80446
78.165,-0.80721
78.218,-0.80995
78.266,-0.81266
78.315,-0.81536
78.363,-0.81803
78.416,-0.82074
78.468,-0.82348
78.519,-0.82609
78.568,-0.82862
78.616,-0.8312
78.668,-0.83378
78.715,-0.83636
78.767,-0.83888
78.819,-0.84133
78.864,-0.84384
78.918,-0.8463
78.97,-0.84869
79.016,-0.85115
79.062,-0.85361
79.115,-0.85606
79.164,-0.85849
79.215,-0.86091
79.267,-0.8633
79.319,-0.86568
79.368,-0.86805
79.418,-0.87039
79.464,-0.87277
79.516,-0.87518
79.567,-0.8775
79.616,-0.87979
79.666,-0.88206
79.72,-0.88432
79.767,-0.88657
79.818,-0.88876
79.864,-0.89089
79.917,-0.89307
79.966,-0.89526
80.016,-0.89744
80.064,-0.89956
80.116,-0.90162
80.168,-0.90373
80.217,-0.9058
80.265,-0.90781
80.311,-0.90986
80.369,-0.91186
80.42,-0.91389
80.467,-0.91588
80.512,-0.91792
80.568,-0.91996
80.618,-0.92195
80.669,-0.92387
80.72,-0.92584
80.765,-0.92781
80.817,-0.92977
80.864,-0.93173
80.917,-0.93366
80.966,-0.93558
81.015,-0.93753
81.067,-0.93952
81.114,-0.94142
81.168,-0.9433
81.215,-0.9452
81.265,-0.94714
81.318,-0.94901
81.366,-0.95084
81.416,-0.95267
81.466,-0.95448
81.518,-0.95623
81.567,-0.95791
81.613,-0.95965
81.666,-0.96139
81.718,-0.96313
81.768,-0.96485
81.818,-0.96655
81.867,-0.96825
81.916,-0.96993
81.966,-0.9716
82.015,-0.97326
82.065,-0.97492
82.115,-0.97657
82.167,-0.97821
82.217,-0.97984
82.266,-0.98147
82.319,-0.98306
82.366,-0.98459
82.419,-0.98611
82.47,-0.98764
82.518,-0.98921
82.568,-0.99071
82.619,-0.99218
82.672,-0.99366
82.717,-0.99517
82.768,-0.99663
82.818,-0.99806
82.869,-0.99949
82.915,-1.00092
82.968,-1.00242
83.015,-1.00392
83.067,-1.00541
83.119,-1.00689
83.172,-1.00837
83.217,-1.00983
83.263,-1.01128
83.318,-1.01273
83.372,-1.01417
83.418,-1.0156
83.468,-1.01702
83.516,-1.01848
83.565,-1.01997
83.617,-1.0214
83.667,-1.02278
83.718,-1.0241
83.768,-1.02548
83.817,-1.02686
83.864,-1.02824
83.917,-1.02961
83.967,-1.03097
84.017,-1.03232
84.064,-1.03367
84.119,-1.03501
84.167,-1.03634
84.217,-1.03766
84.266,-1.03897
84.317,-1.04028
84.363,-1.04157
84.416,-1.04286
84.467,-1.04414
84.514,-1.04542
84.569,-1.04668
84.617,-1.04793
84.669,-1.04917
84.718,-1.0504
84.767,-1.05161
84.817,-1.05282
84.868,-1.05403
84.914,-1.05524
84.965,-1.05645
85.02,-1.05767
85.067,-1.05889
85.118,-1.06011
85.165,-1.06133
85.218,-1.06255
85.266,-1.06376
85.319,-1.06497
85.368,-1.06616
85.415,-1.06735
85.467,-1.06852
85.514,-1.06967
85.569,-1.07081
85.619,-1.07193
85.664,-1.07303
85.714,-1.07413
85.764,-1.07521
85.818,-1.07632
85.868,-1.07747
85.913,-1.07856
85.965,-1.07964
86.014,-1.08075
86.064,-1.08187
86.117,-1.08289
86.167,-1.08396
86.218,-1.08503
86.264,-1.08606
86.315,-1.08715
86.366,-1.08825
86.416,-1.08935
86.466,-1.09044
86.515,-1.09152
86.562,-1.09259
86.617,-1.09365
86.666,-1.0947
86.718,-1.09574
86.766,-1.09676
86.817,-1.09778
86.862,-1.09878
86.915,-1.09977
86.962,-1.10075
87.016,-1.10172
87.061,-1.10268
87.113,-1.10363
87.167,-1.10458
87.216,-1.10552
87.266,-1.10646
87.309,-1.1074
87.361,-1.10833
87.412,-1.10926
87.469,-1.11018
87.515,-1.1111
87.563,-1.11201
87.618,-1.11292
87.662,-1.11383
87.718,-1.11473
87.765,-1.11563
87.814,-1.11653
87.865,-1.11743
87.914,-1.11833
87.963,-1.11922
88.016,-1.12011
88.065,-1.12099
88.115,-1.12188
88.165,-1.12275
88.216,-1.12362
88.268,-1.12448
88.317,-1.12534
88.362,-1.12618
88.416,-1.12703
88.462,-1.12787
88.512,-1.12871
88.566,-1.12954
88.616,-1.13037
88.664,-1.13119
88.71,-1.13201
88.764,-1.13283
88.814,-1.13365
88.865,-1.13446
88.917,-1.13527
88.964,-1.13607
89.015,-1.13686
89.066,-1.13765
89.116,-1.13844
89.165,-1.13921
89.215,-1.13999
89.261,-1.14076
89.312,-1.14152
89.365,-1.14228
89.414,-1.14303
89.465,-1.14379
89.513,-1.14453
89.564,-1.14528
89.614,-1.14602
89.665,-1.14676
89.714,-1.1475
89.762,-1.14823
89.812,-1.14896
89.861,-1.14968
89.915,-1.1504
89.963,-1.1511
90.015,-1.1518
90.062,-1.15249
90.11,-1.15318
90.168,-1.15386
90.213,-1.15454
90.266,-1.15521
90.311,-1.15589
90.36,-1.15656
90.411,-1.15724
90.459,-1.15793
90.514,-1.15861
90.561,-1.15931
90.613,-1.16
90.664,-1.1607
90.712,-1.16139
90.764,-1.16209
90.813,-1.16278
90.866,-1.16347
90.909,-1.16415
90.963,-1.16482
91.012,-1.16549
91.066,-1.16615
91.113,-1.1668
91.165,-1.16744
91.216,-1.16807
91.262,-1.1687
91.316,-1.16931
91.367,-1.16992
91.412,-1.17052
91.459,-1.17113
91.515,-1.17172
91.565,-1.17232
91.613,-1.17291
91.664,-1.1735
91.709,-1.17408
91.761,-1.17467
91.813,-1.17525
91.863,-1.17583
91.912,-1.1764
91.961,-1.17698
92.013,-1.17756
92.061,-1.17814
92.112,-1.17872
92.163,-1.1793
92.212,-1.17989
92.261,-1.18048
92.309,-1.18106
92.363,-1.18165
92.412,-1.18223
92.465,-1.18281
92.517,-1.18338
92.557,-1.18394
92.613,-1.1845
92.662,-1.18505
92.713,-1.18559
92.761,-1.18612
92.808,-1.18665
92.861,-1.18718
92.913,-1.1877
92.96,-1.18822
93.014,-1.18875
93.063,-1.18928
93.111,-1.18981
93.161,-1.19035
93.213,-1.19089
93.261,-1.19143
93.309,-1.19197
93.359,-1.19251
93.409,-1.19304
93.462,-1.19358
93.514,-1.19411
93.563,-1.19463
93.611,-1.19516
93.659,-1.19567
93.709,-1.19618
93.758,-1.19669
93.81,-1.19719
93.859,-1.19768
93.909,-1.19818
93.959,-1.19867
94.013,-1.19917
94.065,-1.19966
94.106,-1.20016
94.157,-1.20067
94.212,-1.20117
94.258,-1.20168
94.313,-1.20219
94.356,-1.2027
94.408,-1.20321
94.457,-1.20372
94.509,-1.20422
94.56,-1.20473
94.61,-1.20523
94.663,-1.20572
94.71,-1.20622
94.76,-1.2067
94.81,-1.20718
94.858,-1.20765
94.91,-1.20812
94.956,-1.20857
95.008,-1.20903
95.057,-1.20947
95.11,-1.20991
95.159,-1.21034
95.21,-1.21077
95.259,-1.21118
95.309,-1.2116
95.358,-1.21202
95.406,-1.21244
95.458,-1.21286
95.509,-1.21329
95.554,-1.21373
95.606,-1.21416
95.662,-1.2146
95.712,-1.21504
95.761,-1.21547
95.812,-1.21591
95.858,-1.21634
95.908,-1.21676
95.956,-1.21718
96.01,-1.21759
96.058,-1.218
96.108,-1.21841
96.154,-1.21883
96.209,-1.21924
96.258,-1.21967
96.304,-1.2201
96.358,-1.22053
96.41,-1.22097
96.456,-1.22141
96.511,-1.22185
96.557,-1.2223
96.607,-1.22275
96.659,-1.2232
96.708,-1.22364
96.758,-1.22409
96.81,-1.22452
96.854,-1.22496
96.907,-1.22539
96.956,-1.22581
97.009,-1.22623
97.062,-1.22664
97.11,-1.22705
97.154,-1.22745
97.206,-1.22785
97.256,-1.22825
97.308,-1.22865
97.357,-1.22904
97.407,-1.22944
97.453,-1.22984
97.506,-1.23024
97.556,-1.23063
97.609,-1.23103
97.659,-1.23143
97.705,-1.23184
97.757,-1.23224
97.803,-1.23265
97.856,-1.23306
97.906,-1.23347
97.958,-1.23387
98.005,-1.23427
98.054,-1.23467
98.11,-1.23506
98.158,-1.23544
98.207,-1.23582
98.256,-1.2362
98.305,-1.23657
98.352,-1.23693
98.405,-1.2373
98.457,-1.23766
98.502,-1.23802
98.551,-1.23837
98.604,-1.23873
98.654,-1.23908
98.704,-1.23944
98.757,-1.2398
98.804,-1.24016
98.853,-1.24052
98.9,-1.24088
98.956,-1.24124
99.003,-1.24161
99.055,-1.24196
99.104,-1.24232
99.151,-1.24268
99.205,-1.24304
99.254,-1.24339
99.307,-1.24374
99.355,-1.24409
99.4,-1.24443
99.453,-1.24477
99.506,-1.24511
99.553,-1.24546
99.603,-1.2458
99.657,-1.24615
99.703,-1.24649
99.754,-1.24684
99.807,-1.24719
99.85,-1.24755
99.903,-1.24791
99.951,-1.24826
100.001,-1.24862
100.05,-1.24898
100.106,-1.24935
100.156,-1.24972
100.201,-1.2501
100.253,-1.25047
100.303,-1.25084
100.354,-1.25121
100.403,-1.25157
100.451,-1.25192
100.503,-1.25227
100.555,-1.2526
100.601,-1.25292
100.654,-1.25324
100.7,-1.25355
100.751,-1.25385
100.805,-1.25415
100.852,-1.25446
100.904,-1.25476
100.954,-1.25507
101.001,-1.25538
101.049,-1.25569
101.098,-1.256
101.152,-1.25631
101.2,-1.25661
101.252,-1.25691
101.299,-1.25721
101.351,-1.2575
101.403,-1.25779
101.451,-1.25808
101.504,-1.25837
101.555,-1.25866
101.599,-1.25894
101.651,-1.25923
101.703,-1.25952
101.753,-1.25982
101.8,-1.26012
101.85,-1.26043
101.898,-1.26074
101.952,-1.26106
102.002,-1.26139
102.051,-1.26172
102.102,-1.26205
102.152,-1.26239
102.197,-1.26272
102.253,-1.26306
102.304,-1.26339
102.35,-1.26372
102.405,-1.26405
102.449,-1.26437
102.5,-1.26469
102.55,-1.26501
102.601,-1.26531
102.653,-1.2656
102.701,-1.26587
102.748,-1.26613
102.8,-1.26638
102.852,-1.26663
102.9,-1.26688
102.954,-1.26713
103.001,-1.26739
103.049,-1.26766
103.103,-1.26795
103.15,-1.26824
103.198,-1.26855
103.248,-1.26886
103.298,-1.26918
103.349,-1.26951
103.4,-1.26985
103.447,-1.27018
103.498,-1.27052
103.551,-1.27086
103.599,-1.2712
103.648,-1.27153
103.702,-1.27186
103.749,-1.27218
103.799,-1.2725
103.849,-1.27281
103.897,-1.27311
103.954,-1.2734
104.0,-1.27369
104.044,-1.27397
104.097,-1.27424
104.151,-1.27452
104.2,-1.27479
104.244,-1.27507
104.294,-1.27535
104.347,-1.27563
104.396,-1.27591
104.449,-1.2762
104.498,-1.2765
104.548,-1.27679
104.597,-1.27708
104.646,-1.27738
104.699,-1.27766
104.749,-1.27795
104.801,-1.27823
104.848,-1.2785
104.896,-1.27878
104.949,-1.27905
104.997,-1.27932
105.049,-1.2796
105.095,-1.27986
105.15,-1.28013
105.195,-1.28038
105.246,-1.28064
105.3,-1.28088
105.344,-1.28113
105.398,-1.28137
105.444,-1.28162
105.495,-1.28188
105.546,-1.28214
105.597,-1.28242
105.648,-1.28272
105.696,-1.28302
105.744,-1.28333
105.795,-1.28364
105.849,-1.28396
105.896,-1.28428
105.947,-1.28459
105.999,-1.2849
106.044,-1.2852
106.098,-1.28549
106.147,-1.28577
106.191,-1.28604
106.245,-1.28631
106.294,-1.28656
106.344,-1.28681
106.4,-1.28706
106.446,-1.2873
106.492,-1.28754
106.544,-1.28779
106.595,-1.28804
106.646,-1.28829
106.697,-1.28854
106.742,-1.28879
106.796,-1.28905
106.844,-1.28931
106.895,-1.28957
106.946,-1.28983
106.996,-1.29009
107.044,-1.29035
107.094,-1.2906
107.146,-1.29085
107.197,-1.2911
107.243,-1.29133
107.291,-1.29156
107.343,-1.29179
107.393,-1.29202
107.442,-1.29225
107.49,-1.29249
107.548,-1.29273
107.595,-1.29299
107.64,-1.29326
107.693,-1.29354
107.745,-1.29383
107.792,-1.29412
107.844,-1.29441
107.889,-1.2947
107.947,-1.29498
107.995,-1.29525
108.047,-1.29551
108.092,-1.29577
108.141,-1.29601
108.191,-1.29625
108.24,-1.29649
108.294,-1.29672
108.344,-1.29695
108.392,-1.29718
108.444,-1.2974
108.494,-1.29763
108.543,-1.29786
108.591,-1.29809
108.641,-1.29832
108.695,-1.29855
108.743,-1.29878
108.796,-1.29902
108.844,-1.29925
108.892,-1.29949
108.944,-1.29973
108.993,-1.29998
109.04,-1.30022
109.093,-1.30047
109.142,-1.30071
109.192,-1.30096
109.245,-1.3012
109.294,-1.30143
109.342,-1.30167
109.393,-1.30189
109.442,-1.30212
109.488,-1.30234
109.54,-1.30257
109.594,-1.30279
109.643,-1.30302
109.694,-1.30326
109.744,-1.3035
109.79,-1.30374
109.844,-1.30399
109.893,-1.30423
109.939,-1.30448
109.99,-1.30473
110.039,-1.30499
110.088,-1.30524
110.142,-1.30551
110.191,-1.30577
110.241,-1.30604
110.292,-1.30631
110.34,-1.30659
110.392,-1.30686
110.442,-1.30713
110.49,-1.30739
110.543,-1.30765
110.588,-1.3079
110.639,-1.30814
110.69,-1.30839
110.741,-1.30862
110.793,-1.30885
110.841,-1.30909
110.89,-1.30932
110.937,-1.30956
110.993,-1.30981
111.044,-1.31006
111.089,-1.31033
111.138,-1.3106
111.187,-1.31089
111.24,-1.31118
111.291,-1.31148
111.343,-1.31179
111.389,-1.31209
111.443,-1.31239
111.487,-1.31269
111.539,-1.31299
111.592,-1.31327
111.634,-1.31355
111.69,-1.31383
111.74,-1.31409
111.792,-1.31434
111.841,-1.31458
111.89,-1.31481
111.939,-1.31503
111.988,-1.31526
112.04,-1.31548
112.089,-1.31571
112.138,-1.31595
112.19,-1.3162
112.237,-1.31646
112.292,-1.31672
112.338,-1.31698
112.386,-1.31725
112.436,-1.31751
112.484,-1.31776
112.538,-1.31801
112.589,-1.31826
112.638,-1.3185
112.695,-1.31874
112.737,-1.31897
112.789,-1.31921
112.839,-1.31944
112.889,-1.31968
112.938,-1.31992
112.99,-1.32016
113.037,-1.32041
113.086,-1.32066
113.137,-1.32091
113.187,-1.32116
113.24,-1.32141
113.288,-1.32166
113.335,-1.32191
113.388,-1.32215
113.436,-1.3224
113.487,-1.32264
113.54,-1.32288
113.592,-1.32313
113.638,-1.32337
113.69,-1.32362
113.74,-1.32387
113.786,-1.32411
113.835,-1.32436
113.883,-1.3246
113.936,-1.32485
113.986,-1.32509
114.036,-1.32534
114.09,-1.32559
114.132,-1.32584
114.185,-1.3261
114.236,-1.32635
114.289,-1.32661
114.336,-1.32687
114.388,-1.32714
114.435,-1.32739
114.484,-1.32765
114.538,-1.3279
114.587,-1.32815
114.636,-1.32839
114.685,-1.32862
114.733,-1.32885
114.785,-1.32908
114.835,-1.3293
114.888,-1.32952
114.933,-1.32973
114.983,-1.32993
115.034,-1.33013
115.087,-1.33033
115.138,-1.33053
115.182,-1.33074
115.236,-1.33094
115.287,-1.33115
115.334,-1.33136
115.385,-1.33158
115.436,-1.33181
115.486,-1.33205
115.539,-1.3323
115.585,-1.33255
115.633,-1.33281
115.686,-1.33307
115.733,-1.33333
115.781,-1.3336
115.835,-1.33386
115.884,-1.33411
115.93,-1.33437
115.987,-1.33461
116.033,-1.33484
116.08,-1.33507
116.136,-1.33529
116.184,-1.3355
116.233,-1.33571
116.283,-1.33592
116.333,-1.33613
116.385,-1.33633
116.432,-1.33654
116.483,-1.33676
116.53,-1.33698
116.582,-1.33721
116.632,-1.33744
116.685,-1.33767
116.736,-1.3379
116.781,-1.33814
116.833,-1.33837
116.885,-1.3386
116.935,-1.33883
116.983,-1.33905
117.032,-1.33927
117.083,-1.33949
117.132,-1.3397
117.183,-1.33991
117.232,-1.34012
117.283,-1.34032
117.332,-1.34053
117.382,-1.34074
117.432,-1.34095
117.482,-1.34117
117.531,-1.34138
117.582,-1.3416
117.63,-1.34181
117.679,-1.34204
117.728,-1.34227
117.777,-1.34251
117.834,-1.34275
117.88,-1.34299
117.933,-1.34323
117.98,-1.34346
118.029,-1.34369
118.081,-1.34393
118.131,-1.34416
118.184,-1.34438
118.231,-1.34461
118.285,-1.34484
118.334,-1.34507
118.386,-1.34529
118.435,-1.34552
118.483,-1.34575
118.53,-1.34598
118.583,-1.3462
118.632,-1.34643
118.684,-1.34665
118.731,-1.34687
118.783,-1.34709
118.835,-1.34731
118.888,-1.34751
118.931,-1.34771
118.983,-1.3479
119.032,-1.34809
119.082,-1.34826
119.133,-1.34844
119.183,-1.34862
119.231,-1.34879
119.284,-1.34896
119.335,-1.34914
119.382,-1.34932
119.43,-1.34951
119.484,-1.3497
119.53,-1.34991
119.584,-1.35012
119.63,-1.35034
119.684,-1.35056
119.736,-1.3508
119.783,-1.35103
119.834,-1.35128
119.883,-1.35154
119.927,-1.3518
119.982,-1.35207
120.032,-1.35235
120.078,-1.35264
120.128,-1.35293
120.18,-1.35322
120.227,-1.35351
120.28,-1.3538
120.328,-1.35407
120.376,-1.35433
120.425,-1.35458
120.479,-1.35481
120.524,-1.35504
120.578,-1.35525
120.629,-1.35545
120.677,-1.35566
120.733,-1.35586
120.781,-1.35607
120.832,-1.35627
120.883,-1.35648
120.929,-1.35669
120.98,-1.35689
121.032,-1.35709
121.078,-1.35728
121.134,-1.35747
121.179,-1.35765
121.234,-1.35784
121.281,-1.35803
121.33,-1.35822
121.38,-1.35842
121.43,-1.35862
121.478,-1.35882
121.53,-1.35903
121.58,-1.35924
121.63,-1.35945
121.681,-1.35967
121.732,-1.35989
121.781,-1.36012
121.828,-1.36035
121.881,-1.36059
121.932,-1.36082
121.98,-1.36106
122.03,-1.3613
122.078,-1.36154
122.126,-1.36178
122.181,-1.36202
122.228,-1.36225
122.282,-1.36249
122.33,-1.36272
122.374,-1.36295
122.428,-1.36318
122.477,-1.36341
122.528,-1.36364
122.579,-1.36386
122.625,-1.36407
122.676,-1.36427
122.729,-1.36446
122.778,-1.36464
122.826,-1.36482
122.881,-1.365
122.925,-1.36517
122.976,-1.36534
123.028,-1.36551
123.076,-1.36568
123.123,-1.36586
123.175,-1.36604
123.225,-1.36622
123.277,-1.3664
123.325,-1.36658
123.376,-1.36676
123.424,-1.36694
123.473,-1.36713
123.525,-1.36731
123.576,-1.3675
123.627,-1.36769
123.675,-1.36789
123.727,-1.36809
123.772,-1.36831
123.825,-1.36853
123.877,-1.36876
123.932,-1.369
123.976,-1.36925
124.027,-1.36951
124.075,-1.36976
124.127,-1.37003
124.178,-1.37029
124.226,-1.37055
124.277,-1.37082
124.325,-1.37109
124.376,-1.37136
124.428,-1.37163
124.476,-1.3719
124.524,-1.37216
124.575,-1.37242
124.623,-1.37267
124.672,-1.37291
124.726,-1.37315
124.772,-1.37339
124.82,-1.37362
124.873,-1.37384
124.923,-1.37406
124.975,-1.37426
125.022,-1.37445
125.07,-1.37464
125.122,-1.37481
125.176,-1.37498
125.224,-1.37515
125.276,-1.37532
125.325,-1.3755
125.373,-1.37568
125.424,-1.37587
125.472,-1.37606
125.521,-1.37626
125.572,-1.37646
125.623,-1.37667
125.672,-1.37687
125.726,-1.37708
125.774,-1.37729
125.823,-1.37749
125.872,-1.3777
125.922,-1.3779
125.972,-1.37811
126.026,-1.37831
126.074,-1.37851
126.123,-1.37871
126.17,-1.37891
126.219,-1.37909
126.272,-1.37927
126.322,-1.37945
126.374,-1.37963
126.422,-1.3798
126.472,-1.37998
126.519,-1.38017
126.575,-1.38035
126.62,-1.38054
126.668,-1.38073
126.719,-1.38092
126.771,-1.38112
126.823,-1.38131
126.875,-1.38151
126.924,-1.38171
126.971,-1.3819
127.023,-1.38209
127.075,-1.38228
127.122,-1.38247
127.172,-1.38266
127.218,-1.38285
127.274,-1.38304
127.322,-1.38324
127.374,-1.38344
127.425,-1.38365
127.473,-1.38387
127.522,-1.3841
127.571,-1.38434
127.62,-1.38459
127.674,-1.38486
127.725,-1.38513
127.769,-1.38541
127.817,-1.38569
127.874,-1.38597
127.921,-1.38625
127.974,-1.38651
128.023,-1.38676
128.071,-1.387
128.119,-1.38722
128.171,-1.38744
128.219,-1.38765
128.269,-1.38785
128.318,-1.38805
128.369,-1.38825
128.419,-1.38845
128.471,-1.38865
128.522,-1.38886
128.572,-1.38907
128.621,-1.38929
128.669,-1.38952
128.72,-1.38975
128.77,-1.38998
128.822,-1.39021
128.868,-1.39044
128.919,-1.39067
128.968,-1.3909
129.017,-1.39113
129.066,-1.39136
129.118,-1.39158
129.171,-1.39179
129.216,-1.39199
129.268,-1.39218
129.321,-1.39235
129.37,-1.39252
129.42,-1.39268
129.467,-1.39284
129.518,-1.393
129.569,-1.39317
129.619,-1.39334
129.666,-1.39352
129.715,-1.39371
129.773,-1.39391
129.819,-1.39412
129.871,-1.39434
129.914,-1.39456
129.97,-1.3948
130.018,-1.39505
130.07,-1.3953
130.116,-1.39555
130.172,-1.3958
130.218,-1.39605
130.267,-1.39629
130.317,-1.39653
130.366,-1.39676
130.421,-1.39698
130.471,-1.39719
130.515,-1.3974
130.567,-1.3976
130.617,-1.39779
130.667,-1.39798
130.719,-1.39817
130.764,-1.39837
130.813,-1.39857
130.866,-1.39879
130.918,-1.39901
130.968,-1.39925
131.018,-1.3995
131.067,-1.39976
131.116,-1.40002
131.169,-1.40029
131.211,-1.40056
131.266,-1.40083
131.316,-1.40109
131.362,-1.40135
131.415,-1.40161
131.466,-1.40185
131.519,-1.40209
131.568,-1.40232
131.617,-1.40254
131.667,-1.40275
131.716,-1.40296
131.766,-1.40316
131.812,-1.40336
131.867,-1.40356
131.914,-1.40376
131.966,-1.40397
132.016,-1.40418
132.066,-1.4044
132.113,-1.40462
132.165,-1.40484
132.214,-1.40507
132.265,-1.40529
132.318,-1.40551
132.369,-1.40571
132.415,-1.40591
132.467,-1.4061
132.514,-1.40628
132.569,-1.40645
132.616,-1.40661
132.665,-1.40676
132.714,-1.40691
132.768,-1.40704
132.814,-1.40719
132.865,-1.40734
132.916,-1.4075
132.962,-1.40767
133.015,-1.40787
133.063,-1.40807
133.111,-1.40829
133.167,-1.40852
133.213,-1.40877
133.261,-1.40902
133.315,-1.40928
133.362,-1.40953
133.415,-1.40979
133.467,-1.41003
133.513,-1.41026
133.564,-1.41048
133.614,-1.41068
133.662,-1.41088
133.713,-1.41107
133.764,-1.41126
133.814,-1.41143
133.865,-1.41161
133.915,-1.41179
133.968,-1.41196
134.016,-1.41213
134.063,-1.41232
134.109,-1.41251
134.165,-1.41271
134.213,-1.41292
134.262,-1.41315
134.315,-1.41338
134.36,-1.41361
134.412,-1.41385
134.464,-1.41409
134.51,-1.41432
134.56,-1.41454
134.614,-1.41475
134.661,-1.41495
134.711,-1.41515
134.764,-1.41534
134.812,-1.41552
134.863,-1.4157
134.912,-1.41588
134.96,-1.41605
135.019,-1.41623
135.063,-1.4164
135.113,-1.41658
135.159,-1.41676
135.213,-1.41695
135.261,-1.41714
135.312,-1.41733
135.362,-1.41753
135.409,-1.41774
135.462,-1.41794
135.511,-1.41816
135.561,-1.41837
135.612,-1.41858
135.662,-1.4188
135.712,-1.41901
135.761,-1.41921
135.809,-1.41942
135.865,-1.41962
135.912,-1.41982
135.961,-1.42001
136.011,-1.42021
136.062,-1.42042
136.113,-1.42062
136.161,-1.42084
136.211,-1.42105
136.259,-1.42127
136.312,-1.42149
136.362,-1.42172
136.413,-1.42194
136.463,-1.42217
136.51,-1.42239
136.558,-1.42262
136.609,-1.42285
136.659,-1.42307
136.713,-1.4233
136.759,-1.42351
136.809,-1.42373
136.863,-1.42394
136.911,-1.42415
136.958,-1.42437
137.012,-1.42458
137.06,-1.4248
137.108,-1.42501
137.162,-1.42523
137.209,-1.42544
137.259,-1.42567
137.309,-1.42589
137.358,-1.42613
137.409,-1.42636
137.46,-1.4266
137.513,-1.42684
137.561,-1.42709
137.608,-1.42734
137.657,-1.42759
137.71,-1.42784
137.759,-1.42808
137.809,-1.42831
137.856,-1.42853
137.906,-1.42873
137.959,-1.42893
138.009,-1.42911
138.056,-1.42928
138.111,-1.42945
138.16,-1.42961
138.212,-1.42977
138.259,-1.42993
138.31,-1.4301
138.359,-1.43029
138.409,-1.43049
138.46,-1.43071
138.507,-1.43094
138.558,-1.43118
138.612,-1.43143
138.658,-1.43168
138.709,-1.43194
138.757,-1.4322
138.807,-1.43245
138.862,-1.43271
138.909,-1.43295
138.962,-1.43319
139.012,-1.43342
139.057,-1.43365
139.111,-1.43386
139.158,-1.43405
139.209,-1.43423
139.259,-1.43439
139.308,-1.43454
139.356,-1.43469
139.412,-1.43483
139.457,-1.43497
139.507,-1.43512
139.56,-1.43527
139.605,-1.43543
139.66,-1.4356
139.707,-1.43578
139.755,-1.43597
139.806,-1.43617
139.855,-1.43638
139.908,-1.4366
139.957,-1.43683
140.009,-1.43706
140.056,-1.4373
140.107,-1.43754
140.156,-1.43778
140.207,-1.43801
140.256,-1.43825
140.307,-1.43848
140.356,-1.4387
140.405,-1.43892
140.455,-1.43914
140.506,-1.43935
140.557,-1.43955
140.607,-1.43976
140.654,-1.43996
140.705,-1.44016
140.756,-1.44036
140.804,-1.44056
140.858,-1.44075
140.907,-1.44094
140.954,-1.44112
141.004,-1.4413
141.058,-1.44147
141.106,-1.44163
141.158,-1.44178
141.204,-1.44193
141.256,-1.44208
141.309,-1.44222
141.356,-1.44237
141.406,-1.44251
141.456,-1.44266
141.504,-1.44281
141.557,-1.44297
141.606,-1.44314
141.653,-1.44332
141.704,-1.4435
141.755,-1.4437
141.805,-1.4439
141.853,-1.4441
141.905,-1.44431
141.955,-1.44452
142.002,-1.44473
142.053,-1.44494
142.106,-1.44514
142.154,-1.44533
142.204,-1.44552
142.255,-1.44571
142.304,-1.4459
142.351,-1.44608
142.406,-1.44626
142.453,-1.44643
142.504,-1.4466
142.552,-1.44676
142.604,-1.44692
142.651,-1.44709
142.706,-1.44726
142.752,-1.44743
142.8,-1.44762
142.852,-1.44782
142.903,-1.44803
142.954,-1.44825
143.005,-1.44849
143.053,-1.44873
143.101,-1.44899
143.153,-1.44925
143.201,-1.44951
143.252,-1.44977
143.304,-1.45002
143.351,-1.45026
143.399,-1.45048
143.454,-1.45069
143.502,-1.45089
143.553,-1.45108
143.599,-1.45127
143.651,-1.45145
143.703,-1.45163
143.752,-1.4518
143.804,-1.45198
143.851,-1.45216
143.902,-1.45234
143.95,-1.45253
144.004,-1.45272
144.052,-1.45293
144.102,-1.45314
144.149,-1.45336
144.201,-1.4536
144.252,-1.45385
144.306,-1.45411
144.351,-1.45438
144.403,-1.45464
144.451,-1.4549
144.502,-1.45516
144.554,-1.4554
144.602,-1.45564
144.65,-1.45586
144.7,-1.45607
144.75,-1.45627
144.804,-1.45646
144.852,-1.45664
144.898,-1.45681
144.948,-1.45698
145.0,-1.45714
145.049,-1.45731
145.101,-1.45747
145.151,-1.45764
145.199,-1.45781
145.249,-1.45799
145.3,-1.45817
145.352,-1.45835
145.399,-1.45853
145.448,-1.45872
145.503,-1.45891
145.55,-1.45911
145.599,-1.45931
145.65,-1.45952
145.7,-1.45974
145.751,-1.45995
145.803,-1.46018
145.847,-1.4604
145.899,-1.46064
145.952,-1.46087
146.002,-1.46111
146.048,-1.46135
146.1,-1.46159
146.148,-1.46183
146.2,-1.46205
146.248,-1.46227
146.3,-1.46248
146.348,-1.46269
146.401,-1.46289
146.448,-1.46309
146.497,-1.46329
146.551,-1.4635
146.6,-1.4637
146.648,-1.46391
146.701,-1.46412
146.75,-1.46433
146.8,-1.46454
146.852,-1.46475
146.897,-1.46496
146.947,-1.46517
147.001,-1.46537
147.049,-1.46558
147.095,-1.46578
147.15,-1.46599
147.198,-1.46619
147.251,-1.4664
147.299,-1.46661
147.348,-1.46682
147.4,-1.46703
147.447,-1.46725
147.497,-1.46748
147.549,-1.4677
147.598,-1.46792
147.647,-1.46814
147.695,-1.46835
147.745,-1.46855
147.798,-1.46873
147.848,-1.46891
147.897,-1.46908
147.948,-1.46923
147.997,-1.46938
148.044,-1.46952
148.098,-1.46965
148.149,-1.46978
148.198,-1.46992
148.25,-1.47005
148.294,-1.4702
148.344,-1.47035
148.399,-1.4705
148.449,-1.47067
148.496,-1.47084
148.55,-1.47101
148.597,-1.47119
148.648,-1.47138
148.7,-1.47157
148.747,-1.47176
148.793,-1.47197
148.849,-1.47217
148.894,-1.47237
148.95,-1.47256
148.995,-1.47275
149.043,-1.47294
149.096,-1.47313
149.142,-1.47331
149.193,-1.47348
149.249,-1.47365
149.292,-1.47383
149.346,-1.474
149.399,-1.47417
149.446,-1.47435
149.497,-1.47454
149.549,-1.47473
149.594,-1.47492
149.647,-1.47512
149.696,-1.47532
149.744,-1.47552
149.797,-1.47573
149.844,-1.47594
149.895,-1.47616
149.947,-1.47637
149.996,-1.4766
150.046,-1.47682
150.099,-1.47705
150.144,-1.47728
150.195,-1.47752
150.245,-1.47776
150.295,-1.47799
150.342,-1.47823
150.393,-1.47846
150.441,-1.47868
150.495,-1.47889
150.545,-1.4791
150.594,-1.4793
150.647,-1.47948
150.694,-1.47967
150.742,-1.47985
150.794,-1.48002
150.849,-1.4802
150.897,-1.48038
150.945,-1.48056
151.0,-1.48075
151.043,-1.48095
151.094,-1.48115
151.143,-1.48137
151.191,-1.4816
151.244,-1.48183
151.296,-1.48207
151.343,-1.4823
151.394,-1.48253
151.444,-1.48274
151.496,-1.48293
151.543,-1.48311
151.589,-1.48328
151.641,-1.48343
151.695,-1.48358
151.744,-1.48372
151.793,-1.48386
151.844,-1.484
151.893,-1.48415
151.944,-1.4843
151.992,-1.48447
152.042,-1.48464
152.096,-1.48482
152.144,-1.48502
152.19,-1.48522
152.243,-1.48544
152.291,-1.48566
152.34,-1.48589
152.39,-1.48611
152.44,-1.48634
152.493,-1.48656
152.543,-1.48679
152.591,-1.48702
152.642,-1.48725
152.693,-1.48748
152.74,-1.48771
152.793,-1.48794
152.842,-1.48816
152.891,-1.48839
152.944,-1.48861
152.991,-1.48883
153.041,-1.48905
153.089,-1.48927
153.139,-1.48949
153.189,-1.48971
153.241,-1.48992
153.292,-1.49014
153.343,-1.49036
153.393,-1.49057
153.439,-1.49079
153.489,-1.491
153.542,-1.49121
153.588,-1.49141
153.642,-1.49162
153.691,-1.49183
153.737,-1.49203
153.789,-1.49223
153.843,-1.49243
153.891,-1.49264
153.941,-1.49284
153.991,-1.49305
154.042,-1.49326
154.091,-1.49348
154.144,-1.4937
154.189,-1.49393
154.243,-1.49415
154.292,-1.49438
154.342,-1.4946
154.391,-1.49483
154.439,-1.49504
154.491,-1.49525
154.541,-1.49546
154.588,-1.49566
154.642,-1.49586
154.69,-1.49606
154.74,-1.49625
154.79,-1.49644
154.84,-1.49662
154.886,-1.4968
154.942,-1.49697
154.988,-1.49713
155.039,-1.49729
155.095,-1.49744
155.138,-1.49758
155.191,-1.49772
155.242,-1.49786
155.288,-1.498
155.338,-1.49815
155.388,-1.4983
155.438,-1.49846
155.489,-1.49862
155.54,-1.4988
155.587,-1.49898
155.636,-1.49917
155.689,-1.49935
155.739,-1.49954
155.794,-1.49973
155.84,-1.49992
155.89,-1.5001
155.94,-1.50028
155.99,-1.50046
156.04,-1.50063
156.09,-1.50079
156.138,-1.50096
156.188,-1.50112
156.236,-1.50128
156.286,-1.50145
156.339,-1.50163
156.388,-1.50181
156.436,-1.50201
156.489,-1.50221
156.539,-1.50242
156.588,-1.50264
156.638,-1.50287
156.689,-1.5031
156.736,-1.50334
156.788,-1.50358
156.844,-1.50382
156.889,-1.50406
156.939,-1.50429
156.986,-1.50452
157.036,-1.50473
157.089,-1.50493
157.137,-1.50512
157.185,-1.5053
157.237,-1.50548
157.286,-1.50566
157.336,-1.50585
157.386,-1.50604
157.437,-1.50624
157.486,-1.50644
157.537,-1.50665
157.582,-1.50687
157.638,-1.50709
157.685,-1.50732
157.737,-1.50756
157.789,-1.50779
157.834,-1.50802
157.886,-1.50824
157.938,-1.50845
157.985,-1.50864
158.037,-1.50882
158.087,-1.50898
158.134,-1.50914
158.187,-1.50929
158.234,-1.50943
158.287,-1.50957
158.337,-1.50971
158.385,-1.50986
158.432,-1.51001
158.486,-1.51017
158.537,-1.51034
158.586,-1.51051
158.636,-1.51069
158.69,-1.51088
158.734,-1.51108
158.785,-1.51128
158.838,-1.51149
158.884,-1.51171
158.934,-1.51192
158.988,-1.51213
159.037,-1.51232
159.086,-1.51251
159.137,-1.51269
159.182,-1.51287
159.233,-1.51303
159.281,-1.51319
159.336,-1.51334
159.389,-1.5135
159.433,-1.51365
159.483,-1.51381
159.533,-1.51398
159.583,-1.51415
159.634,-1.51433
159.685,-1.51451
159.731,-1.51469
159.783,-1.51488
159.834,-1.51507
159.883,-1.51526
159.935,-1.51546
159.985,-1.51566
160.034,-1.51587
160.082,-1.51609
160.136,-1.5163
160.187,-1.51652
160.235,-1.51674
160.284,-1.51696
160.33,-1.51718
160.383,-1.5174
160.434,-1.51762
160.484,-1.51783
160.534,-1.51804
160.582,-1.51825
160.633,-1.51845
160.684,-1.51865
160.73,-1.51885
160.785,-1.51905
160.835,-1.51925
160.883,-1.51945
160.936,-1.51965
160.981,-1.51985
161.031,-1.52006
161.084,-1.52026
161.132,-1.52047
161.184,-1.52067
161.234,-1.52088
161.281,-1.52109
161.329,-1.5213
161.382,-1.52151
161.432,-1.52171
161.486,-1.52191
161.539,-1.5221
161.581,-1.52229
161.634,-1.52248
161.677,-1.52265
161.73,-1.52282
161.783,-1.52298
161.832,-1.52314
161.88,-1.5233
161.931,-1.52346
161.979,-1.52363
162.029,-1.52381
162.083,-1.524
162.131,-1.5242
162.182,-1.52441
162.232,-1.52462
162.285,-1.52484
162.333,-1.52505
162.383,-1.52526
162.43,-1.52547
162.481,-1.52567
162.529,-1.52587
162.579,-1.52607
162.631,-1.52625
162.68,-1.52644
162.731,-1.52663
162.781,-1.52682
162.832,-1.52702
162.883,-1.52724
162.932,-1.52746
162.983,-1.5277
163.031,-1.52793
163.079,-1.52818
163.131,-1.52843
163.182,-1.52868
163.232,-1.52893
163.279,-1.52917
163.328,-1.52941
163.381,-1.52964
163.43,-1.52986
163.481,-1.53008
163.531,-1.53028
163.58,-1.53048
163.63,-1.53066
163.679,-1.53084
163.729,-1.53101
163.779,-1.53117
163.829,-1.53133
163.875,-1.53149
163.927,-1.53166
163.978,-1.53184
164.028,-1.53204
164.08,-1.53224
164.128,-1.53245
164.179,-1.53267
164.23,-1.5329
164.282,-1.53314
164.33,-1.53339
164.38,-1.53363
164.428,-1.53387
164.48,-1.5341
164.528,-1.53433
164.58,-1.53455
164.63,-1.53476
164.677,-1.53497
164.73,-1.53517
164.781,-1.53536
164.833,-1.53556
164.879,-1.53574
164.926,-1.53593
164.978,-1.53612
165.027,-1.5363
165.078,-1.53647
165.129,-1.53665
165.178,-1.53682
165.226,-1.53699
165.278,-1.53715
165.331,-1.53732
165.379,-1.53749
165.427,-1.53765
165.478,-1.53782
165.525,-1.538
165.578,-1.53818
165.627,-1.53837
165.676,-1.53856
165.729,-1.53876
165.778,-1.53895
165.826,-1.53915
165.879,-1.53935
165.927,-1.53956
165.976,-1.53977
166.028,-1.53999
166.078,-1.54021
166.123,-1.54044
166.18,-1.54066
166.227,-1.54087
166.275,-1.54108
166.326,-1.54128
166.378,-1.54148
166.425,-1.54167
166.477,-1.54185
166.526,-1.54204
166.577,-1.54222
166.625,-1.54239
166.676,-1.54257
166.728,-1.54275
166.777,-1.54293
166.827,-1.54312
166.877,-1.54332
166.927,-1.54351
166.972,-1.54371
167.029,-1.54391
167.076,-1.5441
167.123,-1.54429
167.176,-1.54447
167.228,-1.54464
167.276,-1.54481
167.327,-1.54498
167.377,-1.54515
167.429,-1.54532
167.476,-1.5455
167.526,-1.54567
167.576,-1.54584
167.628,-1.54602
167.676,-1.5462
167.724,-1.54639
167.779,-1.54657
167.822,-1.54676
167.875,-1.54696
167.924,-1.54715
167.975,-1.54733
168.027,-1.54752
168.077,-1.5477
168.124,-1.54787
168.176,-1.54803
168.224,-1.54819
168.273,-1.54835
168.325,-1.54852
168.374,-1.54869
168.425,-1.54887
168.473,-1.54907
168.524,-1.54927
168.572,-1.54948
168.626,-1.54969
168.675,-1.54991
168.727,-1.55012
168.774,-1.55034
168.823,-1.55054
168.876,-1.55074
168.926,-1.55092
168.975,-1.55109
169.024,-1.55125
169.075,-1.5514
169.125,-1.55154
169.175,-1.55167
169.228,-1.5518
169.276,-1.55193
169.324,-1.55206
169.37,-1.5522
169.425,-1.55235
169.475,-1.55251
169.523,-1.55269
169.576,-1.55287
169.624,-1.55307
169.671,-1.55327
169.721,-1.55348
169.777,-1.55369
169.825,-1.5539
169.872,-1.55412
169.925,-1.55434
169.973,-1.55456
170.028,-1.55479
170.075,-1.55501
170.122,-1.55523
170.172,-1.55545
170.22,-1.55567
170.274,-1.55588
170.321,-1.55609
170.37,-1.5563
170.422,-1.55651
170.473,-1.55671
170.523,-1.55691
170.571,-1.5571
170.625,-1.55729
170.672,-1.55748
170.721,-1.55766
170.772,-1.55785
170.821,-1.55803
170.872,-1.55822
170.92,-1.5584
170.971,-1.55857
171.021,-1.55875
171.069,-1.55893
171.121,-1.55911
171.173,-1.5593
171.22,-1.55949
171.272,-1.55969
171.321,-1.5599
171.372,-1.56011
171.427,-1.56033
171.474,-1.56056
171.519,-1.5608
171.571,-1.56105
171.624,-1.56131
171.67,-1.56156
171.721,-1.56181
171.769,-1.56206
171.818,-1.5623
171.875,-1.56253
171.922,-1.56276
171.97,-1.56297
172.023,-1.56318
172.07,-1.56339
172.121,-1.56359
172.173,-1.56379
172.221,-1.56398
172.271,-1.56416
172.318,-1.56434
172.369,-1.56452
172.421,-1.5647
172.468,-1.56488
172.519,-1.56506
172.57,-1.56524
172.62,-1.56543
172.669,-1.56562
172.721,-1.5658
172.772,-1.566
172.818,-1.56619
172.873,-1.56639
172.917,-1.5666
172.969,-1.56681
173.022,-1.56703
173.069,-1.56726
173.118,-1.56749
173.167,-1.56772
173.219,-1.56796
173.269,-1.56819
173.321,-1.56841
173.366,-1.56863
173.418,-1.56884
173.472,-1.56905
173.518,-1.56925
173.571,-1.56945
173.618,-1.56964
173.665,-1.56983
173.72,-1.57003
173.767,-1.57022
173.82,-1.57042
173.867,-1.57063
173.917,-1.57084
173.967,-1.57106
174.019,-1.57129
174.068,-1.57153
174.122,-1.57178
174.168,-1.57203
174.221,-1.57229
174.27,-1.57255
174.318,-1.5728
174.366,-1.57305
174.422,-1.5733
174.471,-1.57352
174.514,-1.57374
174.57,-1.57395
174.621,-1.57416
174.67,-1.57435
174.72,-1.57454
174.765,-1.57473
174.816,-1.57491
174.868,-1.57509
174.916,-1.57527
174.965,-1.57546
175.02,-1.57565
175.066,-1.57586
175.119,-1.57606
175.166,-1.57627
175.217,-1.57649
175.269,-1.57671
175.316,-1.57692
175.369,-1.57714
175.417,-1.57736
175.466,-1.57759
175.517,-1.57781
175.567,-1.57804
175.617,-1.57826
175.668,-1.57848
175.719,-1.5787
175.767,-1.57892
175.818,-1.57914
175.865,-1.57934
175.915,-1.57954
175.967,-1.57973
176.018,-1.57992
176.065,-1.58009
176.118,-1.58026
176.163,-1.58043
176.216,-1.5806
176.265,-1.58077
176.313,-1.58093
176.366,-1.5811
176.416,-1.58126
176.461,-1.58142
176.515,-1.58158
176.566,-1.58175
176.616,-1.58191
176.666,-1.58207
176.715,-1.58224
176.761,-1.58241
176.818,-1.58259
176.868,-1.58276
176.919,-1.58294
176.967,-1.58313
177.015,-1.58332
177.06,-1.58351
177.116,-1.5837
177.163,-1.5839
177.215,-1.58411
177.266,-1.58431
177.311,-1.58452
177.364,-1.58473
177.415,-1.58494
177.463,-1.58515
177.513,-1.58535
177.563,-1.58556
177.614,-1.58576
177.667,-1.58596
177.718,-1.58616
177.766,-1.58636
177.814,-1.58655
177.865,-1.58673
177.917,-1.58691
177.965,-1.58709
178.017,-1.58727
178.064,-1.58745
178.114,-1.58764
178.165,-1.58783
178.211,-1.58802
178.266,-1.5882
178.315,-1.58839
178.361,-1.58858
178.415,-1.58877
178.463,-1.58896
178.514,-1.58916
178.563,-1.58936
178.612,-1.58957
178.663,-1.58978
178.714,-1.58999
178.764,-1.59021
178.814,-1.59043
178.862,-1.59065
178.912,-1.59086
178.963,-1.59107
179.012,-1.59127
179.062,-1.59146
179.117,-1.59165
179.162,-1.59183
179.211,-1.592
179.264,-1.59217
179.314,-1.59234
179.362,-1.59251
179.413,-1.59269
179.461,-1.59289
179.51,-1.5931
179.562,-1.59332
179.613,-1.59355
179.664,-1.5938
179.713,-1.59405
179.763,-1.59431
179.812,-1.59457
179.863,-1.59483
179.915,-1.59508
179.962,-1.59533
180.012,-1.59557
180.061,-1.59581
180.115,-1.59604
180.161,-1.59627
180.211,-1.5965
180.261,-1.59672
180.307,-1.59695
180.362,-1.59718
180.412,-1.59741
180.461,-1.59764
180.511,-1.59787
180.56,-1.5981
180.61,-1.59832
180.665,-1.59854
180.713,-1.59875
180.761,-1.59896
180.813,-1.59917
180.862,-1.59939
180.91,-1.59961
180.959,-1.59984
181.01,-1.60007
181.063,-1.6003
181.111,-1.60053
181.161,-1.60076
181.212,-1.60099
181.261,-1.60121
181.311,-1.60144
181.361,-1.60165
181.411,-1.60187
181.461,-1.60208
181.514,-1.60229
181.559,-1.60249
181.612,-1.6027
181.659,-1.60291
181.706,-1.60312
181.761,-1.60335
181.811,-1.60358
181.861,-1.60383
181.912,-1.60408
181.959,-1.60433
182.007,-1.60459
182.06,-1.60485
182.111,-1.6051
182.159,-1.60536
182.211,-1.60561
182.261,-1.60585
182.311,-1.60608
182.361,-1.6063
182.412,-1.60651
182.46,-1.60671
182.51,-1.6069
182.56,-1.60708
182.61,-1.60726
182.662,-1.60744
182.708,-1.60762
182.758,-1.60781
182.807,-1.60801
182.86,-1.60823
182.911,-1.60845
182.964,-1.60869
183.01,-1.60893
183.062,-1.60918
183.109,-1.60942
183.16,-1.60967
183.21,-1.60991
183.257,-1.61015
183.311,-1.61039
183.357,-1.61062
183.408,-1.61084
183.462,-1.61106
183.51,-1.61127
183.557,-1.61148
183.611,-1.61169
183.661,-1.61189
183.709,-1.61208
183.764,-1.61228
183.813,-1.61249
183.86,-1.6127
183.91,-1.61292
183.962,-1.61315
184.009,-1.61339
184.061,-1.61364
184.106,-1.6139
184.157,-1.61417
184.211,-1.61444
184.259,-1.61472
184.313,-1.61498
184.359,-1.61524
184.407,-1.61549
184.461,-1.61571
184.509,-1.61593
184.559,-1.61613
184.608,-1.61631
184.657,-1.6165
184.709,-1.61668
184.759,-1.61685
184.806,-1.61703
184.858,-1.61722
184.909,-1.6174
184.959,-1.61759
185.005,-1.61779
185.057,-1.61799
185.109,-1.61819
185.158,-1.61841
185.21,-1.61863
185.258,-1.61885
185.308,-1.61907
185.358,-1.61929
185.406,-1.61951
185.457,-1.61974
185.507,-1.61997
185.557,-1.6202
185.609,-1.62043
185.655,-1.62067
185.709,-1.62091
185.758,-1.62116
185.804,-1.6214
185.857,-1.62164
185.906,-1.62188
185.956,-1.62212
186.005,-1.62236
186.06,-1.6226
186.104,-1.62284
186.158,-1.62309
186.206,-1.62333
186.252,-1.62359
186.307,-1.62384
186.356,-1.6241
186.404,-1.62437
186.458,-1.62463
186.509,-1.6249
186.556,-1.62517
186.608,-1.62544
186.658,-1.62569
186.706,-1.62594
186.758,-1.62618
186.808,-1.62641
186.857,-1.62663
186.906,-1.62685
186.954,-1.62706
187.008,-1.62727
187.056,-1.62749
187.104,-1.6277
187.155,-1.62793
187.205,-1.62816
187.257,-1.62841
187.305,-1.62867
187.356,-1.62894
187.403,-1.62923
187.455,-1.62954
187.502,-1.62985
187.554,-1.63018
187.606,-1.63051
187.652,-1.63085
187.706,-1.63118
187.755,-1.63151
187.808,-1.63183
187.857,-1.63214
187.906,-1.63244
187.955,-1.63273
188.008,-1.63302
188.055,-1.6333
188.104,-1.63357
188.155,-1.63383
188.202,-1.63409
188.252,-1.63434
188.304,-1.63459
188.352,-1.63483
188.406,-1.63508
188.455,-1.63532
188.502,-1.63557
188.554,-1.63583
188.601,-1.6361
188.656,-1.63638
188.704,-1.63667
188.755,-1.63696
188.804,-1.63726
188.852,-1.63755
188.901,-1.63785
188.954,-1.63814
189.007,-1.63842
189.053,-1.63869
189.104,-1.63896
189.151,-1.63922
189.203,-1.63947
189.255,-1.63973
189.302,-1.63999
189.353,-1.64025
189.403,-1.64051
189.453,-1.64079
189.503,-1.64107
189.55,-1.64137
189.604,-1.64167
189.653,-1.64198
189.701,-1.64229
189.755,-1.6426
189.804,-1.64292
189.857,-1.64324
189.904,-1.64355
189.951,-1.64387
190.003,-1.64418
190.053,-1.6445
190.103,-1.64482
190.152,-1.64515
190.202,-1.64548
190.253,-1.64581
190.304,-1.64614
190.352,-1.64648
190.401,-1.64681
190.451,-1.64714
190.5,-1.64747
190.552,-1.64781
190.604,-1.64814
190.651,-1.64848
190.703,-1.64882
190.75,-1.64916
190.8,-1.64951
190.854,-1.64985
190.901,-1.65019
190.952,-1.65052
191.003,-1.65085
191.054,-1.65118
191.103,-1.6515
191.15,-1.65183
191.201,-1.65216
191.25,-1.65248
191.298,-1.65281
191.349,-1.65313
191.403,-1.65345
191.453,-1.65378
191.502,-1.6541
191.551,-1.65442
191.598,-1.65474
191.651,-1.65507
191.702,-1.6554
191.75,-1.65574
191.802,-1.65609
191.848,-1.65645
191.902,-1.65681
191.951,-1.65718
192.006,-1.65755
192.051,-1.65793
192.101,-1.6583
192.15,-1.65868
192.201,-1.65906
192.251,-1.65943
192.299,-1.6598
192.353,-1.66017
192.403,-1.66052
192.449,-1.66087
192.501,-1.66121
192.552,-1.66155
192.598,-1.66188
192.65,-1.66221
192.7,-1.66253
192.75,-1.66285
192.802,-1.66317
192.85,-1.66348
192.899,-1.6638
192.947,-1.66412
192.998,-1.66445
193.049,-1.66479
193.101,-1.66514
193.149,-1.66551
193.2,-1.66589
193.25,-1.66628
193.301,-1.66668
193.349,-1.66709
193.402,-1.6675
193.447,-1.66792
193.497,-1.66833
193.547,-1.66873
193.598,-1.66912
193.651,-1.66951
193.699,-1.66988
193.747,-1.67025
193.801,-1.67062
193.849,-1.67099
193.897,-1.67136
193.953,-1.67173
193.998,-1.6721
194.05,-1.67248
194.099,-1.67286
194.149,-1.67325
194.198,-1.67365
194.248,-1.67405
194.296,-1.67446
194.348,-1.67486
194.4,-1.67527
194.452,-1.67568
194.5,-1.67607
194.549,-1.67647
194.598,-1.67686
194.648,-1.67726
194.698,-1.67766
194.747,-1.67807
194.797,-1.67848
194.848,-1.6789
194.9,-1.67933
194.948,-1.67975
194.998,-1.68017
195.049,-1.68058
195.099,-1.68098
195.146,-1.68138
195.197,-1.68177
195.249,-1.68215
195.296,-1.68254
195.349,-1.68292
195.394,-1.6833
195.446,-1.68368
195.496,-1.68406
195.547,-1.68445
195.598,-1.68483
195.648,-1.6852
195.698,-1.68558
195.746,-1.68595
195.795,-1.68632
195.849,-1.6867
195.896,-1.68708
195.946,-1.68747
195.994,-1.68787
196.046,-1.68827
196.096,-1.68867
196.144,-1.68907
196.196,-1.68948
196.241,-1.6899
196.296,-1.69031
196.345,-1.69074
196.396,-1.69116
196.447,-1.69158
196.495,-1.69201
196.545,-1.69243
196.597,-1.69285
196.646,-1.69326
196.694,-1.69367
196.747,-1.69407
196.793,-1.69445
196.842,-1.69483
196.896,-1.6952
196.944,-1.69557
196.993,-1.69594
197.043,-1.6963
197.094,-1.69666
197.142,-1.69703
197.195,-1.6974
197.247,-1.69777
197.296,-1.69816
197.346,-1.69856
197.394,-1.69896
197.444,-1.69936
197.495,-1.69977
197.545,-1.70017
197.596,-1.70058
197.644,-1.70098
197.691,-1.70138
197.745,-1.70179
197.797,-1.7022
197.844,-1.70261
197.893,-1.70302
197.946,-1.70343
197.995,-1.70384
198.047,-1.70425
198.095,-1.70467
198.144,-1.70508
198.193,-1.70549
198.242,-1.70589
198.292,-1.70629
198.345,-1.70669
198.393,-1.70709
198.444,-1.70749
198.492,-1.70788
198.541,-1.70828
198.594,-1.70868
198.643,-1.70908
198.695,-1.70947
198.742,-1.70987
198.793,-1.71026
198.843,-1.71064
198.895,-1.71103
198.942,-1.71141
198.991,-1.71179
199.047,-1.71217
199.092,-1.71255
199.143,-1.71293
199.196,-1.71332
199.243,-1.71371
199.294,-1.71412
199.344,-1.71452
199.396,-1.71493
199.441,-1.71534
199.493,-1.71575
199.54,-1.71615
199.589,-1.71654
199.642,-1.7169
199.69,-1.71725
199.744,-1.71759
199.793,-1.71792
199.842,-1.71824
199.895,-1.71855
199.94,-1.71886
199.989,-1.71918
200.044,-1.7195
200.094,-1.71983
200.144,-1.72016
200.193,-1.7205
200.241,-1.72084
200.294,-1.72119
200.344,-1.72155
200.389,-1.7219
200.439,-1.72226
200.492,-1.72261
200.544,-1.72297
200.594,-1.72332
200.643,-1.72368
200.689,-1.72405
200.743,-1.72442
200.796,-1.72479
200.844,-1.72516
200.891,-1.72554
200.94,-1.72591
200.989,-1.72629
201.042,-1.72666
201.093,-1.72703
201.141,-1.72741
201.19,-1.72778
201.24,-1.72814
201.293,-1.7285
201.34,-1.72885
201.392,-1.7292
201.443,-1.72954
201.487,-1.72988
201.541,-1.73021
201.592,-1.73053
201.639,-1.73086
201.689,-1.73118
201.74,-1.73151
201.788,-1.73183
201.841,-1.73216
201.889,-1.73249
201.941,-1.73282
201.991,-1.73315
202.042,-1.73349
202.087,-1.73382
202.141,-1.73415
202.189,-1.73447
202.24,-1.73479
202.289,-1.7351
202.338,-1.7354
202.389,-1.7357
202.44,-1.736
202.49,-1.7363
202.54,-1.73661
202.586,-1.73691
202.636,-1.73722
202.691,-1.73753
202.741,-1.73784
202.789,-1.73815
202.839,-1.73846
202.887,-1.73876
202.937,-1.73906
202.989,-1.73935
203.036,-1.73964
203.091,-1.73993
203.138,-1.74022
203.187,-1.74051
203.24,-1.74081
203.291,-1.7411
203.336,-1.74139
203.387,-1.74169
203.438,-1.74198
203.489,-1.74227
203.536,-1.74257
203.59,-1.74286
203.639,-1.74315
203.689,-1.74345
203.738,-1.74374
203.789,-1.74403
203.84,-1.74432
203.89,-1.74461
203.936,-1.74489
203.988,-1.74518
204.034,-1.74545
204.087,-1.74572
204.138,-1.74599
204.187,-1.74624
204.236,-1.74649
204.286,-1.74673
204.336,-1.74697
204.385,-1.74721
204.438,-1.74745
204.486,-1.7477
204.537,-1.74795
204.586,-1.74821
204.638,-1.74848
204.688,-1.74875
204.736,-1.74902
204.786,-1.7493
204.835,-1.74958
204.883,-1.74985
204.936,-1.75012
204.985,-1.75038
205.033,-1.75064
205.088,-1.75089
205.136,-1.75114
205.187,-1.75138
205.24,-1.75162
205.285,-1.75186
205.334,-1.75209
205.388,-1.75233
205.436,-1.75256
205.488,-1.75279
205.538,-1.75303
205.586,-1.75326
205.637,-1.75349
205.687,-1.75372
205.735,-1.75395
205.784,-1.75419
205.835,-1.75444
205.885,-1.75469
205.937,-1.75496
205.984,-1.75523
206.035,-1.7555
206.088,-1.75578
206.134,-1.75605
206.184,-1.75632
206.232,-1.75658
206.287,-1.75683
206.335,-1.75708
206.385,-1.75733
206.432,-1.75757
206.487,-1.7578
206.534,-1.75802
206.584,-1.75824
206.631,-1.75844
206.684,-1.75865
206.733,-1.75885
206.788,-1.75904
206.836,-1.75924
206.884,-1.75944
206.935,-1.75963
206.985,-1.75983
207.035,-1.76003
207.087,-1.76023
207.136,-1.76045
207.183,-1.76066
207.234,-1.76089
207.287,-1.76113
207.335,-1.76137
207.385,-1.7616
207.433,-1.76184
207.483,-1.76207
207.535,-1.76229
207.585,-1.76251
207.635,-1.76272
207.687,-1.76292
207.732,-1.76311
207.782,-1.7633
207.833,-1.76348
207.885,-1.76366
207.935,-1.76384
207.984,-1.76402
208.035,-1.7642
208.081,-1.76437
208.131,-1.76454
208.184,-1.7647
208.233,-1.76486
208.282,-1.76502
208.334,-1.76518
208.381,-1.76535
208.432,-1.76552
208.482,-1.7657
208.533,-1.76589
208.584,-1.76608
208.634,-1.76628
208.683,-1.76648
208.731,-1.76669
208.782,-1.7669
208.831,-1.76712
208.882,-1.76732
208.932,-1.76752
208.984,-1.76772
209.035,-1.7679
209.082,-1.76807
209.131,-1.76824
209.185,-1.7684
209.232,-1.76855
209.282,-1.76869
209.334,-1.76883
209.38,-1.76896
209.432,-1.76908
209.486,-1.7692
209.533,-1.76932
209.582,-1.76945
209.633,-1.76958
209.684,-1.76972
209.735,-1.76985
209.782,-1.76999
209.834,-1.77013
209.885,-1.77028
209.932,-1.77043
209.98,-1.77059
210.031,-1.77076
210.084,-1.77092
210.132,-1.77109
210.183,-1.77126
210.231,-1.77142
210.281,-1.77159
210.332,-1.77176
210.38,-1.77192
210.431,-1.77208
210.481,-1.77225
210.532,-1.77241
210.583,-1.77258
210.634,-1.77274
210.68,-1.7729
210.731,-1.77305
210.781,-1.77319
210.829,-1.77331
210.881,-1.77342
210.931,-1.77352
210.982,-1.77361
211.031,-1.77369
211.081,-1.77377
211.127,-1.77386
211.185,-1.77395
211.232,-1.77404
211.283,-1.77415
211.331,-1.77427
211.38,-1.77441
211.433,-1.77457
211.48,-1.77473
211.533,-1.77491
211.582,-1.7751
211.628,-1.77529
211.678,-1.77548
211.734,-1.77568
211.778,-1.77588
211.831,-1.77607
211.88,-1.77626
211.928,-1.77644
211.981,-1.77661
212.033,-1.77677
212.077,-1.77692
212.129,-1.77707
212.176,-1.77721
212.229,-1.77734
212.278,-1.77747
212.33,-1.7776
212.378,-1.77772
212.425,-1.77785
212.479,-1.77797
212.53,-1.7781
212.581,-1.77825
212.628,-1.7784
212.68,-1.77856
212.727,-1.77872
212.779,-1.77889
212.83,-1.77905
212.877,-1.77922
212.928,-1.77938
212.978,-1.77954
213.027,-1.7797
213.077,-1.77987
213.128,-1.78004
213.175,-1.78021
213.228,-1.78038
213.277,-1.78055
213.324,-1.78071
213.377,-1.78087
213.429,-1.78102
213.479,-1.78117
213.53,-1.7813
213.578,-1.78143
213.629,-1.78155
213.678,-1.78167
213.727,-1.78178
213.778,-1.7819
213.827,-1.78203
213.877,-1.78216
213.929,-1.7823
213.977,-1.78245
214.024,-1.78261
214.075,-1.78279
214.123,-1.78296
214.177,-1.78315
214.225,-1.78333
214.277,-1.78353
214.327,-1.78373
214.378,-1.78393
214.426,-1.78413
214.475,-1.78433
214.526,-1.78453
214.575,-1.78472
214.625,-1.7849
214.675,-1.78509
214.726,-1.78528
214.779,-1.78546
214.828,-1.78564
214.876,-1.78582
214.926,-1.78599
214.978,-1.78616
215.024,-1.78632
215.079,-1.78648
215.127,-1.78663
215.17,-1.78678
215.226,-1.78693
215.273,-1.78709
215.329,-1.78724
215.377,-1.7874
215.424,-1.78755
215.474,-1.78771
215.527,-1.78786
215.575,-1.78802
215.625,-1.78818
215.675,-1.78834
215.725,-1.78851
215.776,-1.78868
215.823,-1.78885
215.873,-1.78902
215.925,-1.78919
215.975,-1.78935
216.023,-1.78951
216.074,-1.78965
216.123,-1.78979
216.172,-1.78992
216.222,-1.79003
216.276,-1.79014
216.323,-1.79025
216.376,-1.79035
216.426,-1.79046
216.475,-1.79056
216.524,-1.79067
216.572,-1.79078
216.624,-1.7909
216.674,-1.79102
216.727,-1.79114
216.773,-1.79127
216.825,-1.7914
216.874,-1.79153
216.924,-1.79166
216.973,-1.79179
217.025,-1.79193
217.073,-1.79207
217.123,-1.79222
217.173,-1.79238
217.225,-1.79255
217.275,-1.79272
217.325,-1.79291
217.372,-1.79311
217.423,-1.79331
217.475,-1.79351
217.526,-1.79371
217.571,-1.79389
217.623,-1.79406
217.673,-1.79422
217.721,-1.79437
217.776,-1.7945
217.826,-1.79463
217.872,-1.79475
217.927,-1.79488
217.972,-1.795
218.025,-1.79513
218.073,-1.79525
218.122,-1.79537
218.172,-1.79549
218.221,-1.79561
218.272,-1.79573
218.326,-1.79586
218.374,-1.79599
218.424,-1.79613
218.472,-1.79629
218.52,-1.79644
218.574,-1.79661
218.621,-1.79677
218.669,-1.79694
218.721,-1.79711
218.77,-1.79728
218.822,-1.79744
218.873,-1.7976
218.922,-1.79775
218.972,-1.7979
219.022,-1.79803
219.073,-1.79816
219.125,-1.79829
219.174,-1.79843
219.22,-1.79857
219.272,-1.79871
219.32,-1.79887
219.371,-1.79903
219.425,-1.79919
219.474,-1.79935
219.518,-1.79951
219.571,-1.79966
219.621,-1.79981
219.674,-1.79996
219.722,-1.8001
219.771,-1.80023
219.819,-1.80037
219.871,-1.80051
219.925,-1.80066
219.967,-1.80083
220.023,-1.801
220.072,-1.80118
220.123,-1.80138
220.171,-1.80157
220.219,-1.80176
220.269,-1.80195
220.322,-1.80214
220.369,-1.80232
220.42,-1.80251
220.471,-1.80269
220.519,-1.80286
220.571,-1.80303
220.616,-1.8032
220.67,-1.80336
220.72,-1.80352
220.767,-1.80368
220.821,-1.80384
220.869,-1.804
220.918,-1.80417
220.969,-1.80435
221.022,-1.80455
221.069,-1.80475
221.118,-1.80496
221.171,-1.80517
221.219,-1.80538
221.267,-1.8056
221.319,-1.8058
221.368,-1.806
221.42,-1.8062
221.468,-1.80639
221.517,-1.80659
221.568,-1.80677
221.62,-1.80695
221.666,-1.80713
221.718,-1.8073
221.766,-1.80747
221.822,-1.80763
221.868,-1.80779
221.92,-1.80795
221.968,-1.8081
222.018,-1.80824
222.066,-1.80837
222.122,-1.80848
222.167,-1.80859
222.218,-1.80869
222.27,-1.80878
222.316,-1.80887
222.368,-1.80895
222.421,-1.80905
222.469,-1.80915
222.517,-1.80926
222.567,-1.8094
222.617,-1.80955
222.671,-1.80972
222.72,-1.80991
222.767,-1.81011
222.817,-1.81031
222.867,-1.81052
222.92,-1.81074
222.968,-1.81096
223.019,-1.81118
223.068,-1.81142
223.118,-1.81165
223.168,-1.81189
223.22,-1.81212
223.271,-1.81235
223.318,-1.81256
223.367,-1.81277
223.416,-1.81297
223.465,-1.81316
223.518,-1.81334
223.567,-1.81351
223.618,-1.81367
223.668,-1.81381
223.716,-1.81395
223.771,-1.81408
223.819,-1.81421
223.866,-1.81435
223.915,-1.81449
223.967,-1.81464
224.014,-1.8148
224.066,-1.81497
224.118,-1.81514
224.163,-1.81531
224.216,-1.81548
224.266,-1.81565
224.319,-1.81583
224.37,-1.81601
224.413,-1.8162
224.465,-1.8164
224.513,-1.8166
224.566,-1.81682
224.619,-1.81704
224.667,-1.81727
224.716,-1.81749
224.763,-1.81771
224.817,-1.81792
224.867,-1.81811
224.917,-1.81829
224.965,-1.81846
225.014,-1.81861
225.065,-1.81875
225.115,-1.81889
225.165,-1.81903
225.218,-1.81917
225.264,-1.81931
225.315,-1.81946
225.364,-1.8196
225.414,-1.81976
225.462,-1.81991
225.516,-1.82007
225.563,-1.82023
225.617,-1.8204
225.665,-1.82057
225.715,-1.82074
225.764,-1.82092
225.813,-1.8211
225.865,-1.82129
225.915,-1.82147
225.967,-1.82166
226.017,-1.82184
226.065,-1.82202
226.114,-1.8222
226.163,-1.82238
226.214,-1.82255
226.263,-1.82273
226.314,-1.82291
226.364,-1.82309
226.414,-1.82326
226.466,-1.82344
226.515,-1.82361
226.564,-1.82378
226.614,-1.82396
226.661,-1.82414
226.711,-1.82432
226.766,-1.82451
226.815,-1.82471
226.864,-1.82491
226.915,-1.82512
226.966,-1.82533
227.011,-1.82555
227.064,-1.82577
227.113,-1.826
227.163,-1.82623
227.214,-1.82646
227.266,-1.82669
227.318,-1.82691
227.366,-1.82713
227.417,-1.82734
227.464,-1.82754
227.511,-1.82773
227.564,-1.82792
227.614,-1.8281
227.664,-1.82828
227.71,-1.82845
227.767,-1.82861
227.81,-1.82877
227.863,-1.82892
227.913,-1.82908
227.962,-1.82923
228.011,-1.82938
228.06,-1.82952
228.111,-1.82967
228.167,-1.82982
228.213,-1.82998
228.26,-1.83014
228.314,-1.83031
228.361,-1.83048
228.413,-1.83065
228.463,-1.83083
228.509,-1.83102
228.562,-1.83122
228.609,-1.83142
228.66,-1.83163
228.714,-1.83184
228.765,-1.83205
228.813,-1.83225
228.859,-1.83244
228.911,-1.83262
228.961,-1.8328
229.012,-1.83297
229.06,-1.83315
229.112,-1.83332
229.162,-1.8335
229.209,-1.83368
229.262,-1.83386
229.312,-1.83403
229.36,-1.83421
229.412,-1.83439
229.46,-1.83457
229.509,-1.83474
229.564,-1.83492
229.611,-1.83509
229.657,-1.83526
229.711,-1.83543
229.759,-1.8356
229.81,-1.83578
229.86,-1.83596
229.911,-1.83614
229.96,-1.83632
230.01,-1.8365
230.061,-1.83669
230.112,-1.83687
230.161,-1.83705
230.21,-1.83722
230.261,-1.83738
230.309,-1.83753
230.36,-1.83768
230.41,-1.83783
230.459,-1.83797
230.509,-1.83811
230.559,-1.83825
230.608,-1.8384
230.658,-1.83856
230.708,-1.83872
230.756,-1.83888
230.811,-1.83904
230.859,-1.83921
230.909,-1.83938
230.96,-1.83955
231.011,-1.83974
231.059,-1.83992
231.11,-1.84011
231.158,-1.8403
231.21,-1.84049
231.258,-1.84068
231.312,-1.84086
231.359,-1.84104
231.411,-1.84122
231.458,-1.8414
231.508,-1.84157
231.558,-1.84175
231.607,-1.84192
231.661,-1.84209
231.711,-1.84226
231.76,-1.84243
231.808,-1.84259
231.856,-1.84275
231.904,-1.84291
231.961,-1.84307
232.008,-1.84324
232.057,-1.8434
232.108,-1.84356
232.159,-1.84372
232.207,-1.84388
232.26,-1.84404
232.308,-1.84421
232.36,-1.84438
232.408,-1.84455
232.457,-1.84473
232.509,-1.84491
232.56,-1.84511
232.612,-1.84531
232.659,-1.84553
232.707,-1.84576
232.758,-1.84601
232.808,-1.84625
232.859,-1.8465
232.908,-1.84673
232.961,-1.84696
233.004,-1.84717
233.057,-1.84736
233.107,-1.84754
233.158,-1.8477
233.206,-1.84784
233.256,-1.84798
233.306,-1.84812
233.357,-1.84825
233.406,-1.84839
233.457,-1.84853
233.507,-1.84869
233.557,-1.84885
233.608,-1.84903
233.659,-1.84923
233.707,-1.84944
233.755,-1.84967
233.805,-1.84992
233.853,-1.85017
233.908,-1.85042
233.954,-1.85067
234.007,-1.85091
234.055,-1.85113
234.103,-1.85134
234.153,-1.85154
234.205,-1.85173
234.256,-1.8519
234.309,-1.85206
234.354,-1.85222
234.404,-1.85237
234.456,-1.85252
234.507,-1.85268
234.556,-1.85283
234.605,-1.853
234.656,-1.85317
234.703,-1.85335
234.754,-1.85353
234.806,-1.85372
234.856,-1.8539
234.904,-1.85409
234.952,-1.85428
235.005,-1.85447
235.055,-1.85468
235.101,-1.85489
235.155,-1.85512
235.204,-1.85535
235.254,-1.8556
235.302,-1.85585
235.355,-1.8561
235.403,-1.85635
235.456,-1.8566
235.506,-1.85684
235.554,-1.85707
235.605,-1.8573
235.654,-1.85751
235.703,-1.85772
235.751,-1.85792
235.803,-1.85812
235.856,-1.85832
235.905,-1.8585
235.958,-1.85869
236.004,-1.85887
236.053,-1.85906
236.103,-1.85924
236.157,-1.85943
236.203,-1.85961
236.25,-1.8598
236.306,-1.85999
236.355,-1.86017
236.403,-1.86035
236.455,-1.86053
236.504,-1.8607
236.554,-1.86087
236.6,-1.86104
236.654,-1.86121
236.705,-1.86139
236.756,-1.86157
236.802,-1.86175
236.851,-1.86193
236.903,-1.86212
236.953,-1.86231
237.004,-1.86251
237.051,-1.86272
237.103,-1.86294
237.151,-1.86317
237.201,-1.8634
237.253,-1.86364
237.302,-1.86388
237.354,-1.86412
237.401,-1.86434
237.454,-1.86455
237.505,-1.86474
237.552,-1.86491
237.601,-1.86506
237.653,-1.86521
237.7,-1.86535
237.754,-1.86548
237.805,-1.86562
237.851,-1.86578
237.902,-1.86595
237.952,-1.86613
238.003,-1.86632
238.053,-1.86652
238.105,-1.86672
238.151,-1.86693
238.203,-1.86714
238.252,-1.86734
238.303,-1.86755
238.353,-1.86775
238.404,-1.86795
238.451,-1.86814
238.501,-1.86833
238.553,-1.86851
238.6,-1.86868
238.652,-1.86885
238.705,-1.86901
238.751,-1.86916
238.802,-1.86932
238.85,-1.86947
238.901,-1.86963
238.949,-1.86979
239.001,-1.86995
239.048,-1.87012
239.099,-1.8703
239.152,-1.87048
239.202,-1.87066
239.247,-1.87086
239.299,-1.87105
239.349,-1.87125
239.404,-1.87145
239.45,-1.87165
239.498,-1.87185
239.55,-1.87206
239.598,-1.87226
239.652,-1.87246
239.702,-1.87267
239.749,-1.87287
239.801,-1.87307
239.85,-1.87326
239.9,-1.87345
239.953,-1.87364
240.002,-1.87381
240.049,-1.87398
240.1,-1.87415
240.147,-1.87431
240.199,-1.87446
240.251,-1.87462
240.3,-1.87478
240.35,-1.87494
240.399,-1.87511
240.45,-1.87529
240.5,-1.87547
240.548,-1.87565
240.597,-1.87584
240.65,-1.87602
240.7,-1.87621
240.75,-1.87639
240.799,-1.87658
240.849,-1.87677
240.897,-1.87696
240.951,-1.87716
240.996,-1.87736
241.049,-1.87755
241.1,-1.87775
241.147,-1.87794
241.201,-1.87814
241.251,-1.87834
241.297,-1.87855
241.349,-1.87877
241.398,-1.879
241.446,-1.87925
241.498,-1.8795
241.549,-1.87976
241.598,-1.88002
241.646,-1.88029
241.697,-1.88055
241.748,-1.88081
241.799,-1.88107
241.848,-1.88131
241.898,-1.88155
241.95,-1.88178
241.996,-1.88199
242.048,-1.88219
242.099,-1.88237
242.145,-1.88253
242.199,-1.88269
242.244,-1.88285
242.296,-1.88301
242.349,-1.88318
242.399,-1.88337
242.45,-1.88357
242.498,-1.88379
242.549,-1.88401
242.596,-1.88425
242.648,-1.88448
242.698,-1.88471
242.746,-1.88492
242.795,-1.88512
242.842,-1.88531
242.899,-1.88549
242.948,-1.88566
242.997,-1.88584
243.048,-1.88601
243.097,-1.8862
243.146,-1.88638
243.194,-1.88657
243.246,-1.88677
243.294,-1.88697
243.347,-1.88717
243.395,-1.88737
243.445,-1.88758
243.499,-1.88779
243.546,-1.888
243.598,-1.88822
243.646,-1.88844
243.693,-1.88867
243.745,-1.88889
243.798,-1.88912
243.846,-1.88934
243.896,-1.88957
243.948,-1.88979
243.997,-1.89001
244.049,-1.89023
244.095,-1.89045
244.148,-1.89067
244.197,-1.89089
244.246,-1.8911
244.298,-1.89131
244.348,-1.89152
244.396,-1.89174
244.446,-1.89195
244.495,-1.89216
244.547,-1.89237
244.599,-1.89258
244.647,-1.89279
244.696,-1.89301
244.746,-1.89323
244.794,-1.89346
244.847,-1.89369
244.897,-1.89393
244.945,-1.89416
244.996,-1.8944
245.045,-1.89463
245.095,-1.89486
245.148,-1.89508
245.196,-1.8953
245.247,-1.89551
245.297,-1.8957
245.346,-1.89589
245.396,-1.89606
245.446,-1.89623
245.492,-1.89639
245.547,-1.89655
245.595,-1.89673
245.643,-1.8969
245.697,-1.89709
245.745,-1.89728
245.794,-1.89747
245.846,-1.89766
245.894,-1.89786
245.945,-1.89807
245.997,-1.89828
246.046,-1.8985
246.092,-1.89872
246.143,-1.89894
246.196,-1.89916
246.245,-1.89938
246.295,-1.89958
246.343,-1.89978
246.395,-1.89997
246.446,-1.90014
246.493,-1.90032
246.546,-1.90048
246.594,-1.90064
246.641,-1.90079
246.693,-1.90094
246.744,-1.9011
246.794,-1.90127
246.845,-1.90145
246.893,-1.90164
246.944,-1.90184
246.994,-1.90207
247.043,-1.90231
247.096,-1.90256
247.144,-1.90281
247.193,-1.90307
247.245,-1.90333
247.293,-1.90358
247.343,-1.90383
247.396,-1.90406
247.445,-1.90427
247.492,-1.90447
247.543,-1.90465
247.596,-1.90483
247.645,-1.905
247.694,-1.90518
247.744,-1.90536
247.791,-1.90555
247.843,-1.90576
247.892,-1.90599
247.943,-1.90622
247.991,-1.90647
248.043,-1.90672
248.096,-1.90698
248.142,-1.90724
248.195,-1.9075
248.244,-1.90776
248.291,-1.90802
248.344,-1.90828
248.391,-1.90853
248.442,-1.90877
248.495,-1.90901
248.541,-1.90923
248.591,-1.90944
248.645,-1.90963
248.692,-1.9098
248.742,-1.90997
248.791,-1.91013
248.843,-1.91029
248.89,-1.91045
248.943,-1.91061
248.992,-1.91076
249.044,-1.91092
249.092,-1.91108
249.141,-1.91124
249.196,-1.91141
249.243,-1.91158
249.292,-1.91177
249.344,-1.91196
249.393,-1.91215
249.441,-1.91234
249.492,-1.91254
249.541,-1.91273
249.594,-1.91292
249.641,-1.91311
249.689,-1.91329
249.743,-1.91347
249.793,-1.91365
249.842,-1.91383
249.892,-1.91401
249.944,-1.91419
249.99,-1.91438
250.042,-1.91458
250.09,-1.91478
250.143,-1.91499
250.192,-1.91522
250.24,-1.91545
250.289,-1.91569
250.341,-1.91594
250.392,-1.91619
250.441,-1.91644
250.493,-1.91669
250.539,-1.91694
250.591,-1.91718
250.642,-1.91741
250.69,-1.91764
250.741,-1.91786
250.788,-1.91808
250.842,-1.9183
250.893,-1.9185
250.939,-1.91871
250.988,-1.91891
251.041,-1.9191
251.088,-1.91929
251.141,-1.91948
251.192,-1.91967
251.239,-1.91987
251.288,-1.92007
251.341,-1.92027
251.389,-1.92048
251.442,-1.9207
251.49,-1.92092
251.538,-1.92114
251.588,-1.92137
251.643,-1.9216
251.69,-1.92183
251.741,-1.92206
251.789,-1.92228
251.838,-1.92249
251.888,-1.9227
251.935,-1.92289
251.992,-1.92307
252.041,-1.92325
252.087,-1.92341
252.141,-1.92357
252.188,-1.92373
252.241,-1.9239
252.29,-1.92406
252.336,-1.92423
252.389,-1.92441
252.439,-1.9246
252.487,-1.9248
252.539,-1.92501
252.588,-1.92523
252.636,-1.92545
252.69,-1.92569
252.738,-1.92592
252.79,-1.92615
252.841,-1.92637
252.888,-1.92659
252.939,-1.9268
252.991,-1.92701
253.036,-1.92722
253.089,-1.92741
253.139,-1.92761
253.185,-1.92779
253.237,-1.92798
253.289,-1.92817
253.337,-1.92835
253.39,-1.92854
253.438,-1.92873
253.488,-1.92892
253.537,-1.92912
253.588,-1.92933
253.639,-1.92956
253.69,-1.9298
253.734,-1.93004
253.787,-1.9303
253.837,-1.93055
253.885,-1.93082
253.939,-1.93108
253.988,-1.93135
254.036,-1.93163
254.089,-1.9319
254.137,-1.93216
254.186,-1.93241
254.238,-1.93266
254.286,-1.93289
254.336,-1.93311
254.388,-1.93332
254.436,-1.93353
254.487,-1.93372
254.533,-1.93392
254.587,-1.93412
254.637,-1.93432
254.686,-1.93452
254.738,-1.93472
254.786,-1.93493
254.837,-1.93514
254.885,-1.93535
254.935,-1.93556
254.988,-1.93578
255.034,-1.936
255.085,-1.93621
255.131,-1.93643
255.186,-1.93665
255.234,-1.93687
255.284,-1.93708
255.337,-1.9373
255.382,-1.93752
255.436,-1.93774
255.487,-1.93796
255.536,-1.93819
255.586,-1.93843
255.635,-1.93867
255.683,-1.93892
255.733,-1.93917
255.788,-1.93943
255.835,-1.93969
255.885,-1.93995
255.936,-1.94021
255.984,-1.94047
256.033,-1.94072
256.083,-1.94097
256.133,-1.9412
256.184,-1.94142
256.236,-1.94163
256.284,-1.94183
256.334,-1.94203
256.384,-1.94223
256.433,-1.94242
256.484,-1.94261
256.534,-1.9428
256.586,-1.94299
256.635,-1.94318
256.684,-1.94337
256.733,-1.94356
256.782,-1.94376
256.832,-1.94396
256.887,-1.94417
256.935,-1.94439
256.982,-1.94461
257.033,-1.94484
257.082,-1.94507
257.132,-1.94532
257.184,-1.94556
257.234,-1.9458
257.281,-1.94604
257.331,-1.94627
257.38,-1.94651
257.434,-1.94673
257.481,-1.94695
257.532,-1.94717
257.582,-1.94737
257.634,-1.94758
257.684,-1.94777
257.734,-1.94796
257.783,-1.94815
257.831,-1.94834
257.883,-1.94853
257.933,-1.94872
257.982,-1.94892
258.032,-1.94913
258.083,-1.94936
258.131,-1.9496
258.181,-1.94985
258.232,-1.95011
258.283,-1.95038
258.333,-1.95065
258.382,-1.95093
258.432,-1.95121
258.484,-1.95148
258.534,-1.95175
258.585,-1.95201
258.631,-1.95226
258.681,-1.95251
258.731,-1.95274
258.779,-1.95297
258.834,-1.95319
258.882,-1.9534
258.93,-1.9536
258.981,-1.95379
259.034,-1.95399
259.084,-1.95418
259.133,-1.95438
259.183,-1.95458
259.228,-1.9548
259.28,-1.95502
259.327,-1.95526
259.382,-1.9555
259.431,-1.95575
259.479,-1.956
259.529,-1.95625
259.582,-1.95649
259.633,-1.95673
259.682,-1.95697
259.73,-1.95721
259.776,-1.95745
259.831,-1.95768
259.879,-1.95791
259.929,-1.95813
259.981,-1.95835
260.029,-1.95857
260.082,-1.95879
260.132,-1.95901
260.18,-1.95924
260.229,-1.95947
260.28,-1.9597
260.328,-1.95994
260.38,-1.96019
260.433,-1.96043
260.478,-1.96066
260.528,-1.96089
260.578,-1.9611
260.627,-1.96131
260.682,-1.96151
260.73,-1.9617
260.779,-1.96188
260.831,-1.96206
260.878,-1.96224
260.93,-1.96241
260.983,-1.96259
261.031,-1.96277
261.08,-1.96296
261.128,-1.96316
261.176,-1.96337
261.23,-1.96358
261.283,-1.96381
261.329,-1.96403
261.379,-1.96426
261.43,-1.9645
261.483,-1.96474
261.533,-1.96498
261.579,-1.96523
261.63,-1.96547
261.681,-1.96572
261.728,-1.96595
261.777,-1.96619
261.828,-1.96642
261.878,-1.96664
261.931,-1.96686
261.979,-1.96706
262.026,-1.96726
262.08,-1.96746
262.129,-1.96766
262.178,-1.96786
262.232,-1.96806
262.277,-1.96827
262.329,-1.96848
262.381,-1.96872
262.428,-1.96897
262.478,-1.96923
262.526,-1.9695
262.579,-1.96979
262.629,-1.97008
262.679,-1.97036
262.728,-1.97064
262.778,-1.97091
262.826,-1.97116
262.878,-1.9714
262.927,-1.97162
262.978,-1.97183
263.027,-1.97202
263.077,-1.97221
263.126,-1.97239
263.181,-1.97256
263.226,-1.97273
263.28,-1.97289
263.33,-1.97305
263.375,-1.97322
263.428,-1.97338
263.477,-1.97356
263.525,-1.97374
263.577,-1.97393
263.627,-1.97414
263.676,-1.97437
263.728,-1.97461
263.781,-1.97487
263.826,-1.97514
263.878,-1.97541
263.925,-1.97568
263.975,-1.97595
264.026,-1.97621
264.077,-1.97646
264.126,-1.9767
264.176,-1.97692
264.228,-1.97713
264.276,-1.97733
264.326,-1.97751
264.373,-1.9777
264.427,-1.97788
264.476,-1.97807
264.526,-1.97827
264.576,-1.97847
264.624,-1.97868
264.677,-1.9789
264.724,-1.97912
264.772,-1.97935
264.824,-1.97958
264.877,-1.97982
264.924,-1.98006
264.975,-1.9803
265.026,-1.98053
265.075,-1.98077
265.125,-1.981
265.177,-1.98123
265.225,-1.98144
265.276,-1.98165
265.324,-1.98186
265.372,-1.98207
265.428,-1.98227
265.474,-1.98247
265.525,-1.98268
265.575,-1.98289
265.624,-1.98311
265.677,-1.98332
265.728,-1.98355
265.775,-1.98378
265.824,-1.98402
265.874,-1.98427
265.924,-1.98452
265.976,-1.98479
266.025,-1.98506
266.071,-1.98534
266.124,-1.98561
266.177,-1.98588
266.225,-1.98615
266.272,-1.98642
266.323,-1.98668
266.377,-1.98694
266.425,-1.9872
266.473,-1.98746
266.525,-1.98773
266.574,-1.98799
266.62,-1.98826
266.675,-1.98853
266.722,-1.98879
266.772,-1.98906
266.824,-1.98932
266.872,-1.98958
266.922,-1.98984
266.974,-1.9901
267.024,-1.99035
267.077,-1.99059
267.126,-1.99083
267.174,-1.99107
267.223,-1.9913
267.275,-1.99153
267.323,-1.99174
267.374,-1.99195
267.424,-1.99214
267.472,-1.99232
267.525,-1.9925
267.574,-1.99268
267.622,-1.99287
267.673,-1.99306
267.72,-1.99327
267.772,-1.99348
267.821,-1.99372
267.87,-1.99396
267.923,-1.99421
267.971,-1.99446
268.021,-1.99472
268.072,-1.99497
268.124,-1.99521
268.171,-1.99546
268.22,-1.99571
268.271,-1.99596
268.322,-1.99621
268.373,-1.99647
268.424,-1.99674
268.471,-1.99701
268.523,-1.99728
268.573,-1.99754
268.624,-1.9978
268.672,-1.99804
268.722,-1.99828
268.774,-1.99852
268.821,-1.99875
268.869,-1.99898
268.923,-1.99921
268.971,-1.99944
269.023,-1.99967
269.072,-1.99991
269.124,-2.00016
269.174,-2.00041
269.224,-2.00066
269.273,-2.00091
269.32,-2.00116
269.373,-2.00141
269.42,-2.00165
269.474,-2.00189
269.521,-2.00213
269.571,-2.00236
269.622,-2.0026
269.671,-2.00283
269.723,-2.00307
269.774,-2.00331
269.82,-2.00356
269.872,-2.00382
269.922,-2.00408
269.968,-2.00435
270.02,-2.00463
270.071,-2.00492
270.12,-2.00521
270.169,-2.0055
270.216,-2.00578
270.271,-2.00606
270.321,-2.00633
270.371,-2.0066
270.419,-2.00686
270.469,-2.00712
270.52,-2.00737
270.572,-2.00763
270.622,-2.00788
270.668,-2.00813
270.719,-2.00837
270.765,-2.00861
270.818,-2.00885
270.869,-2.00908
270.919,-2.00931
270.97,-2.00954
271.02,-2.00977
271.07,-2.01
271.121,-2.01024
271.17,-2.01049
271.221,-2.01073
271.266,-2.01099
271.32,-2.01124
271.368,-2.01149
271.422,-2.01174
271.472,-2.01197
271.519,-2.0122
271.57,-2.01243
271.62,-2.01265
271.673,-2.01287
271.718,-2.01309
271.77,-2.01331
271.82,-2.01353
271.868,-2.01375
271.921,-2.01397
271.973,-2.01418
272.018,-2.0144
272.069,-2.01462
272.12,-2.01484
272.166,-2.01506
272.217,-2.01528
272.27,-2.0155
272.318,-2.01572
272.367,-2.01594
272.418,-2.01618
272.468,-2.01641
272.52,-2.01666
272.567,-2.0169
272.619,-2.01716
272.668,-2.01742
272.716,-2.01768
272.767,-2.01795
272.816,-2.01822
272.866,-2.01849
272.916,-2.01876
272.968,-2.01903
273.016,-2.0193
273.067,-2.01956
273.118,-2.01982
273.169,-2.02009
273.214,-2.02036
273.266,-2.02063
273.316,-2.0209
273.365,-2.02117
273.414,-2.02143
273.463,-2.02168
273.514,-2.02193
273.57,-2.02218
273.615,-2.02241
273.665,-2.02264
273.717,-2.02287
273.765,-2.02309
273.818,-2.02333
273.866,-2.02357
273.917,-2.02381
273.969,-2.02406
274.014,-2.02433
274.067,-2.0246
274.118,-2.02488
274.166,-2.02517
274.217,-2.02546
274.267,-2.02576
274.314,-2.02606
274.366,-2.02637
274.417,-2.02667
274.465,-2.02696
274.515,-2.02725
274.563,-2.02753
274.615,-2.02781
274.665,-2.02808
274.714,-2.02834
274.765,-2.02859
274.813,-2.02884
274.865,-2.02907
274.918,-2.02929
274.966,-2.02951
275.015,-2.02972
275.065,-2.02992
275.117,-2.03012
275.165,-2.03033
275.216,-2.03054
275.265,-2.03076
275.313,-2.03099
275.363,-2.03123
275.412,-2.03147
275.464,-2.03172
275.516,-2.03198
275.564,-2.03224
275.615,-2.03251
275.662,-2.03278
275.714,-2.03306
275.766,-2.03334
275.815,-2.03362
275.867,-2.03389
275.914,-2.03416
275.964,-2.03443
276.016,-2.03468
276.068,-2.03494
276.115,-2.03519
276.167,-2.03543
276.214,-2.03567
276.263,-2.03591
276.315,-2.03615
276.362,-2.03639
276.412,-2.03663
276.464,-2.03688
276.511,-2.03713
276.562,-2.03739
276.615,-2.03764
276.664,-2.03788
276.715,-2.03812
276.763,-2.03837
276.813,-2.03862
276.867,-2.03888
276.915,-2.03916
276.965,-2.03945
277.012,-2.03975
277.063,-2.04006
277.112,-2.04038
277.163,-2.0407
277.211,-2.04103
277.262,-2.04137
277.31,-2.0417
277.361,-2.04203
277.411,-2.04235
277.463,-2.04266
277.513,-2.04294
277.561,-2.04321
277.611,-2.04345
277.659,-2.04368
277.711,-2.04389
277.763,-2.04409
277.812,-2.04428
277.859,-2.04448
277.909,-2.04468
277.962,-2.0449
278.013,-2.04512
278.063,-2.04536
278.111,-2.0456
278.163,-2.04585
278.21,-2.0461
278.264,-2.04635
278.313,-2.0466
278.36,-2.04685
278.411,-2.04711
278.461,-2.04736
278.509,-2.04761
278.561,-2.04787
278.612,-2.04812
278.662,-2.04838
278.712,-2.04864
278.758,-2.04889
278.811,-2.04915
278.862,-2.0494
278.909,-2.04964
278.96,-2.04988
279.014,-2.05012
279.064,-2.05035
279.113,-2.05057
279.159,-2.0508
279.208,-2.05103
279.26,-2.05127
279.31,-2.05152
279.362,-2.05178
279.411,-2.05204
279.458,-2.05231
279.512,-2.05258
279.559,-2.05287
279.61,-2.05317
279.662,-2.05347
279.711,-2.05378
279.761,-2.0541
279.81,-2.05442
279.859,-2.05474
279.912,-2.05505
279.96,-2.05537
280.008,-2.05568
280.059,-2.05599
280.109,-2.05629
280.158,-2.05659
280.207,-2.05688
280.259,-2.05716
280.309,-2.05744
280.36,-2.05771
280.408,-2.05798
280.46,-2.05825
280.51,-2.05851
280.559,-2.05877
280.609,-2.05903
280.66,-2.05928
280.71,-2.05954
280.76,-2.05981
280.81,-2.06008
280.858,-2.06036
280.91,-2.06065
280.96,-2.06094
281.009,-2.06124
281.059,-2.06153
281.11,-2.06181
281.157,-2.06208
281.21,-2.06235
281.26,-2.0626
281.309,-2.06285
281.361,-2.0631
281.408,-2.06333
281.459,-2.06357
281.508,-2.06381
281.559,-2.06406
281.61,-2.06432
281.661,-2.06459
281.708,-2.06487
281.758,-2.06516
281.811,-2.06544
281.858,-2.06573
281.91,-2.06601
281.957,-2.0663
282.007,-2.06657
282.059,-2.06685
282.111,-2.06711
282.159,-2.06737
282.209,-2.06762
282.258,-2.06787
282.305,-2.06811
282.359,-2.06835
282.408,-2.0686
282.462,-2.06886
282.507,-2.06914
282.555,-2.06943
282.609,-2.06974
282.658,-2.07007
282.708,-2.0704
282.759,-2.07075
282.809,-2.0711
282.856,-2.07145
282.909,-2.07179
282.958,-2.07212
283.007,-2.07243
283.057,-2.07274
283.106,-2.07302
283.159,-2.0733
283.209,-2.07357
283.256,-2.07383
283.308,-2.07409
283.352,-2.07435
283.406,-2.07462
283.458,-2.07488
283.509,-2.07516
283.559,-2.07543
283.606,-2.07571
283.657,-2.07599
283.706,-2.07628
283.756,-2.07657
283.806,-2.07686
283.853,-2.07716
283.906,-2.07747
283.955,-2.07778
284.009,-2.07809
284.059,-2.07841
284.106,-2.07873
284.158,-2.07906
284.204,-2.07937
284.255,-2.07969
284.308,-2.08
284.356,-2.08032
284.406,-2.08063
284.457,-2.08093
284.505,-2.08123
284.559,-2.08152
284.603,-2.08179
284.653,-2.08205
284.707,-2.0823
284.753,-2.08254
284.801,-2.08276
284.857,-2.08299
284.905,-2.08321
284.955,-2.08345
285.009,-2.08369
285.055,-2.08394
285.105,-2.08421
285.156,-2.08449
285.203,-2.08478
285.255,-2.08507
285.305,-2.08536
285.354,-2.08566
285.408,-2.08595
285.454,-2.08625
285.504,-2.08654
285.555,-2.08684
285.606,-2.08714
285.655,-2.08744
285.702,-2.08774
285.756,-2.08805
285.805,-2.08836
285.853,-2.08867
285.906,-2.08898
285.953,-2.0893
286.004,-2.08963
286.054,-2.08998
286.104,-2.09033
286.153,-2.09069
286.207,-2.09106
286.251,-2.09144
286.303,-2.09182
286.354,-2.09219
286.405,-2.09256
286.45,-2.09293
286.504,-2.09328
286.551,-2.09362
286.603,-2.09396
286.652,-2.09428
286.702,-2.09459
286.752,-2.0949
286.804,-2.09521
286.851,-2.09551
286.901,-2.09581
286.955,-2.09611
287.003,-2.09642
287.054,-2.09672
287.106,-2.09704
287.154,-2.09736
287.202,-2.09768
287.25,-2.09801
287.307,-2.09835
287.349,-2.09868
287.402,-2.09902
287.452,-2.09935
287.501,-2.09968
287.553,-2.10001
287.601,-2.10033
287.652,-2.10063
287.701,-2.10093
287.753,-2.10121
287.801,-2.10149
287.852,-2.10177
287.902,-2.10205
287.95,-2.10233
288.002,-2.10262
288.05,-2.10292
288.101,-2.10322
288.151,-2.10353
288.203,-2.10384
288.249,-2.10416
288.3,-2.10448
288.351,-2.10479
288.401,-2.10511
288.453,-2.10542
288.502,-2.10573
288.551,-2.10604
288.601,-2.10635
288.65,-2.10666
288.699,-2.10696
288.753,-2.10727
288.8,-2.10757
288.854,-2.10786
288.899,-2.10814
288.947,-2.10841
289.001,-2.10868
289.051,-2.10894
289.098,-2.1092
289.148,-2.10946
289.202,-2.10972
289.251,-2.10997
289.302,-2.11023
289.349,-2.11049
289.402,-2.11074
289.452,-2.11101
289.498,-2.11127
289.55,-2.11154
289.597,-2.11182
289.648,-2.1121
289.698,-2.1124
289.75,-2.11271
289.8,-2.11302
289.849,-2.11333
289.899,-2.11365
289.947,-2.11396
290.001,-2.11427
290.05,-2.11456
290.099,-2.11485
290.151,-2.11513
290.198,-2.11539
290.248,-2.11565
290.299,-2.11591
290.351,-2.11616
290.401,-2.1164
290.449,-2.11665
290.499,-2.11689
290.549,-2.11714
290.599,-2.11738
290.651,-2.11762
290.7,-2.11787
290.75,-2.11811
290.798,-2.11834
290.849,-2.11858
290.898,-2.11881
290.949,-2.11904
291.001,-2.11927
291.049,-2.11949
291.099,-2.11971
291.149,-2.11993
291.198,-2.12015
291.249,-2.12038
291.297,-2.12062
291.347,-2.12087
291.398,-2.12113
291.449,-2.12141
291.499,-2.12169
291.548,-2.12199
291.596,-2.12229
291.646,-2.12259
291.698,-2.1229
291.747,-2.1232
291.797,-2.12349
291.851,-2.12379
291.896,-2.12408
291.949,-2.12436
292.001,-2.12464
292.048,-2.1249
292.096,-2.12515
292.147,-2.12539
292.198,-2.12563
292.25,-2.12586
292.297,-2.12609
292.349,-2.12632
292.399,-2.12655
292.443,-2.12678
292.5,-2.12701
292.548,-2.12725
292.597,-2.12749
292.65,-2.12774
292.695,-2.12799
292.747,-2.12825
292.798,-2.1285
292.846,-2.12874
292.896,-2.12898
292.948,-2.12922
292.995,-2.12945
293.047,-2.12969
293.097,-2.12992
293.147,-2.13016
293.198,-2.1304
293.246,-2.13065
293.296,-2.1309
293.348,-2.13116
293.395,-2.13142
293.447,-2.13169
293.495,-2.13197
293.544,-2.13225
293.595,-2.13254
293.649,-2.13282
293.695,-2.13311
293.744,-2.13341
293.794,-2.13372
293.844,-2.13403
293.894,-2.13435
293.945,-2.13467
293.994,-2.13499
294.044,-2.13531
294.094,-2.13563
294.146,-2.13593
294.199,-2.13623
294.245,-2.13652
294.297,-2.1368
294.342,-2.13708
294.394,-2.13734
294.446,-2.1376
294.498,-2.13786
294.546,-2.13812
294.594,-2.13839
294.644,-2.13865
294.696,-2.13893
294.746,-2.1392
294.794,-2.13948
294.846,-2.13976
294.893,-2.14003
294.943,-2.1403
294.994,-2.14056
295.045,-2.14083
295.093,-2.14111
295.145,-2.14139
295.193,-2.14167
295.245,-2.14197
295.295,-2.14228
295.343,-2.14259
295.392,-2.14292
295.442,-2.14325
295.492,-2.14359
295.544,-2.14394
295.599,-2.1443
295.644,-2.14465
295.693,-2.145
295.744,-2.14534
295.794,-2.14567
295.843,-2.146
295.895,-2.14632
295.943,-2.14664
295.994,-2.14695
296.043,-2.14726
296.094,-2.14756
296.144,-2.14786
296.19,-2.14815
296.244,-2.14843
296.293,-2.1487
296.343,-2.14897
296.394,-2.14922
296.444,-2.14947
296.492,-2.14971
296.545,-2.14996
296.594,-2.15021
296.645,-2.15046
296.696,-2.15073
296.741,-2.15102
296.791,-2.15131
296.843,-2.1516
296.891,-2.15191
296.941,-2.15223
296.994,-2.15255
297.042,-2.15288
297.093,-2.15321
297.145,-2.15354
297.192,-2.15388
297.242,-2.1542
297.294,-2.15452
297.34,-2.15483
297.393,-2.15514
297.441,-2.15543
297.494,-2.15572
297.545,-2.15599
297.592,-2.15627
297.642,-2.15654
297.691,-2.15682
297.742,-2.15711
297.792,-2.1574
297.842,-2.15771
297.89,-2.15802
297.941,-2.15833
297.989,-2.15866
298.039,-2.15898
298.092,-2.1593
298.144,-2.15962
298.19,-2.15994
298.241,-2.16025
298.295,-2.16056
298.342,-2.16087
298.391,-2.16118
298.44,-2.16148
298.491,-2.16177
298.543,-2.16207
298.59,-2.16235
298.642,-2.16264
298.688,-2.16291
298.74,-2.16319
298.791,-2.16345
298.841,-2.1637
298.892,-2.16395
298.94,-2.1642
298.99,-2.16446
299.039,-2.16472
299.093,-2.16499
299.14,-2.16528
299.192,-2.16557
299.243,-2.16588
299.289,-2.16621
299.341,-2.16655
299.392,-2.1669
299.439,-2.16727
299.492,-2.16764
299.544,-2.16801
299.59,-2.16837
299.642,-2.16873
299.691,-2.16908
299.74,-2.16942
299.79,-2.16975
299.837,-2.17009
299.889,-2.17043
299.94,-2.17076
299.985,-2.1711
300.04,-2.17144
300.09,-2.17177
300.136,-2.1721
300.191,-2.17243
300.239,-2.17275
300.289,-2.17305
300.338,-2.17334
300.389,-2.17362
300.44,-2.17388
300.491,-2.17413
300.542,-2.17438
300.588,-2.17463
300.637,-2.17489
300.685,-2.17516
300.741,-2.17544
300.791,-2.17573
300.839,-2.17602
300.891,-2.17633
300.938,-2.17664
300.988,-2.17695
301.039,-2.17727
301.086,-2.17759
301.139,-2.17792
301.19,-2.17825
301.235,-2.17859
301.288,-2.17893
301.337,-2.17928
301.385,-2.17962
301.437,-2.17997
301.487,-2.1803
301.539,-2.18063
301.591,-2.18095
301.638,-2.18125
301.688,-2.18155
301.737,-2.18183
301.785,-2.18211
301.837,-2.18238
301.889,-2.18264
301.936,-2.1829
301.988,-2.18317
302.035,-2.18344
302.086,-2.18373
302.137,-2.18403
302.19,-2.18434
302.237,-2.18467
302.29,-2.18501
302.34,-2.18537
302.389,-2.18575
302.44,-2.18614
302.49,-2.18653
302.539,-2.18694
302.587,-2.18733
302.636,-2.18773
302.689,-2.18812
302.741,-2.1885
302.788,-2.18887
302.839,-2.18923
302.884,-2.18957
302.935,-2.18991
302.989,-2.19023
303.035,-2.19055
303.087,-2.19085
303.137,-2.19115
303.184,-2.19144
303.236,-2.19173
303.289,-2.19201
303.335,-2.19229
303.386,-2.19256
303.435,-2.19284
303.488,-2.19312
303.538,-2.1934
303.585,-2.19369
303.636,-2.19399
303.686,-2.19431
303.737,-2.19463
303.785,-2.19497
303.838,-2.19532
303.887,-2.19567
303.937,-2.19602
303.984,-2.19637
304.037,-2.19673
304.086,-2.19707
304.139,-2.1974
304.186,-2.19772
304.236,-2.19802
304.287,-2.1983
304.336,-2.19857
304.387,-2.19883
304.435,-2.19908
304.485,-2.19932
304.536,-2.19957
304.586,-2.19982
304.637,-2.20008
304.685,-2.20035
304.734,-2.20063
304.785,-2.20092
304.838,-2.20122
304.883,-2.20153
304.938,-2.20185
304.985,-2.20218
305.034,-2.20251
305.087,-2.20285
305.134,-2.2032
305.185,-2.20356
305.237,-2.20393
305.287,-2.20431
305.334,-2.20469
305.385,-2.20508
305.432,-2.20547
305.485,-2.20585
305.534,-2.20622
305.583,-2.20659
305.632,-2.20694
305.686,-2.20728
305.736,-2.20761
305.785,-2.20792
305.833,-2.20823
305.884,-2.20853
305.937,-2.20882
305.984,-2.2091
306.032,-2.20937
306.082,-2.20964
306.131,-2.2099
306.182,-2.21017
306.234,-2.21045
306.285,-2.21073
306.332,-2.21102
306.388,-2.21133
306.434,-2.21164
306.482,-2.21197
306.534,-2.2123
306.586,-2.21264
306.636,-2.21299
306.685,-2.21335
306.735,-2.21371
306.787,-2.21408
306.836,-2.21446
306.883,-2.21483
306.936,-2.21521
306.985,-2.21558
307.034,-2.21595
307.083,-2.2163
307.135,-2.21664
307.184,-2.21697
307.232,-2.21729
307.284,-2.2176
307.333,-2.21789
307.385,-2.21818
307.433,-2.21846
307.483,-2.21875
307.533,-2.21903
307.585,-2.21932
307.635,-2.21961
307.683,-2.2199
307.732,-2.2202
307.782,-2.22051
307.833,-2.22083
307.883,-2.22115
307.932,-2.22149
307.982,-2.22183
308.033,-2.22219
308.08,-2.22255
308.134,-2.22291
308.183,-2.22329
308.232,-2.22367
308.283,-2.22405
308.333,-2.22444
308.382,-2.22483
308.434,-2.2252
308.481,-2.22558
308.53,-2.22594
308.58,-2.22629
308.629,-2.22662
308.682,-2.22695
308.732,-2.22727
308.782,-2.22758
308.834,-2.22788
308.882,-2.22819
308.93,-2.22849
308.98,-2.22879
309.032,-2.2291
309.081,-2.22942
309.129,-2.22974
309.178,-2.23007
309.229,-2.23041
309.28,-2.23075
309.331,-2.2311
309.382,-2.23145
309.433,-2.23181
309.481,-2.23217
309.531,-2.23253
309.582,-2.23289
309.63,-2.23324
309.682,-2.23359
309.73,-2.23393
309.781,-2.23427
309.835,-2.23461
309.882,-2.23494
309.929,-2.23526
309.981,-2.23557
310.03,-2.23588
310.081,-2.23617
310.131,-2.23646
310.18,-2.23674
310.231,-2.23701
310.279,-2.23728
310.327,-2.23756
310.38,-2.23783
310.428,-2.2381
310.479,-2.23839
310.53,-2.23868
310.578,-2.23898
310.631,-2.23929
310.677,-2.23961
310.73,-2.23993
310.779,-2.24027
310.825,-2.24061
310.88,-2.24096
310.929,-2.24132
310.977,-2.24168
311.028,-2.24204
311.08,-2.2424
311.128,-2.24276
311.181,-2.24311
311.23,-2.24345
311.277,-2.24378
311.33,-2.24411
311.377,-2.24443
311.429,-2.24475
311.48,-2.24507
311.53,-2.24537
311.575,-2.24567
311.627,-2.24596
311.678,-2.24625
311.728,-2.24654
311.778,-2.24683
311.827,-2.24711
311.88,-2.2474
311.927,-2.24768
311.976,-2.24797
312.028,-2.24826
312.079,-2.24856
312.128,-2.24886
312.177,-2.24916
312.228,-2.24947
312.279,-2.24978
312.33,-2.2501
312.38,-2.25042
312.425,-2.25074
312.479,-2.25106
312.525,-2.25139
312.576,-2.25171
312.63,-2.25204
312.676,-2.25237
312.726,-2.25269
312.778,-2.25302
312.828,-2.25335
312.878,-2.25367
312.926,-2.25399
312.978,-2.2543
313.027,-2.25461
313.079,-2.25491
313.129,-2.25521
313.18,-2.25549
313.227,-2.25577
313.275,-2.25605
313.327,-2.25632
313.377,-2.25659
313.429,-2.25686
313.477,-2.25713
313.524,-2.2574
313.576,-2.25767
313.626,-2.25795
313.677,-2.25824
313.728,-2.25853
313.778,-2.25884
313.826,-2.25915
313.878,-2.25947
313.926,-2.25979
313.976,-2.26011
314.023,-2.26044
314.077,-2.26076
314.126,-2.26108
314.177,-2.26139
314.226,-2.26169
314.278,-2.26198
314.326,-2.26227
314.373,-2.26255
314.426,-2.26282
314.476,-2.2631
314.525,-2.26338
314.575,-2.26365
314.625,-2.26394
314.673,-2.26423
314.726,-2.26453
314.775,-2.26485
314.827,-2.26518
314.874,-2.26552
314.923,-2.26588
314.976,-2.26625
315.028,-2.26663
315.073,-2.26701
315.125,-2.26739
315.171,-2.26777
315.224,-2.26813
315.275,-2.26848
315.324,-2.26882
315.373,-2.26915
315.423,-2.26947
315.474,-2.26978
315.526,-2.27009
315.574,-2.27039
315.625,-2.27069
315.673,-2.27098
315.724,-2.27128
315.776,-2.27158
315.823,-2.27189
315.875,-2.2722
315.926,-2.27251
315.974,-2.27284
316.022,-2.27317
316.074,-2.2735
316.127,-2.27383
316.175,-2.27416
316.222,-2.2745
316.273,-2.27482
316.322,-2.27515
316.374,-2.27547
316.426,-2.27578
316.472,-2.27609
316.525,-2.2764
316.57,-2.27672
316.622,-2.27703
316.674,-2.27734
316.724,-2.27766
316.774,-2.27798
316.824,-2.2783
316.872,-2.27862
316.925,-2.27895
316.976,-2.27928
317.022,-2.27961
317.071,-2.27995
317.122,-2.28028
317.172,-2.28062
317.225,-2.28096
317.27,-2.28129
317.322,-2.28163
317.372,-2.28196
317.424,-2.28227
317.471,-2.28258
317.523,-2.28288
317.574,-2.28316
317.622,-2.28343
317.672,-2.28371
317.724,-2.28398
317.772,-2.28425
317.824,-2.28453
317.871,-2.2848
317.924,-2.28509
317.972,-2.28537
318.02,-2.28566
318.074,-2.28596
318.123,-2.28625
318.172,-2.28655
318.222,-2.28685
318.273,-2.28717
318.322,-2.28749
318.373,-2.28782
318.42,-2.28816
318.472,-2.28851
318.52,-2.28887
318.57,-2.28923
318.623,-2.2896
318.672,-2.28996
318.721,-2.29031
318.771,-2.29065
318.82,-2.29098
318.873,-2.2913
318.922,-2.2916
318.971,-2.29189
319.02,-2.29217
319.072,-2.29246
319.121,-2.29275
319.174,-2.29306
319.225,-2.29337
319.272,-2.2937
319.321,-2.29404
319.372,-2.29441
319.422,-2.29478
319.471,-2.29517
319.522,-2.29556
319.568,-2.29595
319.619,-2.29633
319.669,-2.2967
319.722,-2.29706
319.771,-2.2974
319.819,-2.29773
319.869,-2.29803
319.92,-2.29833
319.97,-2.2986
320.021,-2.29887
320.068,-2.29914
320.118,-2.2994
320.173,-2.29967
320.222,-2.29994
320.273,-2.30022
320.323,-2.3005
320.37,-2.30078
320.419,-2.30107
320.474,-2.30135
320.523,-2.30164
320.571,-2.30193
320.62,-2.30223
320.67,-2.30253
320.721,-2.30284
320.77,-2.30316
320.821,-2.30349
320.871,-2.30382
320.919,-2.30415
320.97,-2.30448
321.021,-2.30482
321.069,-2.30515
321.12,-2.30549
321.169,-2.30583
321.221,-2.30616
321.27,-2.3065
321.319,-2.30684
321.368,-2.30718
321.419,-2.30753
321.47,-2.30787
321.52,-2.30821
321.57,-2.30854
321.618,-2.30888
321.667,-2.30922
321.719,-2.30956
321.767,-2.30989
321.82,-2.31023
321.868,-2.31056
321.918,-2.31089
321.97,-2.31122
322.019,-2.31154
322.068,-2.31186
322.119,-2.31217
322.169,-2.31248
322.219,-2.31279
322.27,-2.31311
322.315,-2.31343
322.37,-2.31376
322.418,-2.31411
322.468,-2.31447
322.517,-2.31485
322.569,-2.31524
322.617,-2.31563
322.67,-2.31602
322.716,-2.31641
322.766,-2.3168
322.818,-2.31719
322.866,-2.31756
322.918,-2.31794
322.968,-2.31831
323.02,-2.31867
323.066,-2.31903
323.115,-2.31939
323.166,-2.31975
323.219,-2.3201
323.269,-2.32045
323.317,-2.3208
323.367,-2.32115
323.417,-2.32149
323.465,-2.32183
323.515,-2.32216
323.568,-2.32249
323.616,-2.32282
323.669,-2.32315
323.717,-2.32349
323.767,-2.32384
323.815,-2.3242
323.865,-2.32457
323.914,-2.32496
323.966,-2.32536
324.017,-2.32576
324.066,-2.32616
324.116,-2.32655
324.165,-2.32693
324.22,-2.32728
324.267,-2.32761
324.316,-2.32792
324.367,-2.3282
324.417,-2.32847
324.466,-2.32874
324.513,-2.329
324.565,-2.32926
324.615,-2.32953
324.667,-2.32981
324.712,-2.33011
324.765,-2.33042
324.815,-2.33075
324.866,-2.3311
324.918,-2.33147
324.964,-2.33184
325.014,-2.33223
325.065,-2.33261
325.116,-2.33301
325.167,-2.3334
325.216,-2.3338
325.264,-2.3342
325.313,-2.3346
325.368,-2.335
325.413,-2.3354
325.464,-2.3358
325.516,-2.33619
325.563,-2.33658
325.615,-2.33695
325.666,-2.33731
325.715,-2.33766
325.767,-2.33801
325.814,-2.33835
325.861,-2.33868
325.916,-2.33902
325.965,-2.33935
326.014,-2.33969
326.066,-2.34003
326.115,-2.34038
326.162,-2.34073
326.214,-2.34108
326.263,-2.34144
326.313,-2.3418
326.366,-2.34216
326.417,-2.34252
326.466,-2.34288
326.514,-2.34323
326.564,-2.34358
326.614,-2.34392
326.662,-2.34426
326.711,-2.34459
326.765,-2.34491
326.813,-2.34524
326.862,-2.34556
326.914,-2.34589
326.963,-2.34622
327.014,-2.34657
327.064,-2.34693
327.113,-2.3473
327.165,-2.34767
327.213,-2.34804
327.264,-2.34842
327.314,-2.34879
327.363,-2.34916
327.413,-2.34952
327.463,-2.34987
327.512,-2.35021
327.565,-2.35054
327.614,-2.35088
327.663,-2.35121
327.713,-2.35154
327.76,-2.35188
327.814,-2.35222
327.867,-2.35256
327.912,-2.3529
327.962,-2.35325
328.014,-2.3536
328.059,-2.35396
328.113,-2.35432
328.165,-2.35469
328.214,-2.35507
328.264,-2.35544
328.312,-2.35581
328.361,-2.35618
328.415,-2.35654
328.462,-2.3569
328.512,-2.35724
328.563,-2.35758
328.611,-2.35792
328.664,-2.35824
328.713,-2.35856
328.763,-2.35887
328.813,-2.35917
328.858,-2.35947
328.91,-2.35976
328.959,-2.36006
329.01,-2.36037
329.06,-2.36069
329.11,-2.36103
329.16,-2.36139
329.208,-2.36177
329.264,-2.36217
329.309,-2.36258
329.36,-2.36299
329.41,-2.36339
329.461,-2.36378
329.511,-2.36414
329.562,-2.36449
329.609,-2.36481
329.66,-2.36512
329.709,-2.3654
329.76,-2.36568
329.812,-2.36593
329.861,-2.36619
329.91,-2.36644
329.963,-2.36671
330.008,-2.367
330.061,-2.3673
330.113,-2.36763
330.158,-2.36798
330.209,-2.36835
330.259,-2.36872
330.31,-2.36911
330.36,-2.36949
330.412,-2.36987
330.46,-2.37025
330.511,-2.37063
330.559,-2.371
330.609,-2.37135
330.66,-2.3717
330.707,-2.37204
330.76,-2.37236
330.811,-2.37268
330.855,-2.37299
330.911,-2.3733
330.959,-2.3736
331.007,-2.3739
331.059,-2.3742
331.11,-2.3745
331.159,-2.3748
331.21,-2.37511
331.257,-2.37543
331.306,-2.37575
331.357,-2.37608
331.409,-2.37642
331.459,-2.37677
331.51,-2.37712
331.558,-2.37747
331.61,-2.37782
331.658,-2.37817
331.708,-2.37851
331.759,-2.37884
331.81,-2.37915
331.858,-2.37945
331.91,-2.37974
331.96,-2.38
332.006,-2.38026
332.058,-2.38051
332.107,-2.38076
332.158,-2.38101
332.207,-2.38127
332.256,-2.38154
332.308,-2.38182
332.359,-2.38212
332.406,-2.38243
332.456,-2.38275
332.509,-2.38308
332.556,-2.3834
332.606,-2.38373
332.657,-2.38406
332.704,-2.38439
332.758,-2.38473
332.807,-2.38507
332.857,-2.38541
332.907,-2.38576
332.956,-2.3861
333.006,-2.38644
333.056,-2.38678
333.106,-2.38711
333.155,-2.38744
333.209,-2.38776
333.256,-2.38809
333.307,-2.38841
333.358,-2.38875
333.406,-2.38908
333.457,-2.38942
333.506,-2.38977
333.557,-2.39012
333.606,-2.39047
333.658,-2.39083
333.707,-2.39119
333.756,-2.39156
333.805,-2.39193
333.853,-2.3923
333.908,-2.39266
333.956,-2.39301
334.006,-2.39336
334.057,-2.39368
334.108,-2.39399
334.159,-2.39428
334.206,-2.39455
334.255,-2.39482
334.305,-2.39508
334.353,-2.39536
334.409,-2.39565
334.459,-2.39596
334.503,-2.39628
334.552,-2.39663
334.607,-2.39699
334.653,-2.39736
334.705,-2.39773
334.754,-2.39811
334.805,-2.3985
334.855,-2.39887
334.905,-2.39924
334.957,-2.3996
335.006,-2.39993
335.058,-2.40025
335.107,-2.40054
335.155,-2.40082
335.203,-2.40108
335.257,-2.40133
335.304,-2.40157
335.354,-2.40182
335.403,-2.40206
335.452,-2.40231
335.505,-2.40257
335.554,-2.40284
335.605,-2.40313
335.653,-2.40342
335.705,-2.40373
335.755,-2.40405
335.806,-2.40437
335.858,-2.40469
335.904,-2.40502
335.956,-2.40534
336.004,-2.40566
336.053,-2.40598
336.105,-2.40628
336.157,-2.40658
336.203,-2.40687
336.254,-2.40715
336.301,-2.40742
336.353,-2.40768
336.406,-2.40794
336.452,-2.40819
336.501,-2.40844
336.554,-2.4087
336.603,-2.40896
336.654,-2.40923
336.706,-2.40952
336.75,-2.40982
336.801,-2.41013
336.853,-2.41045
336.903,-2.41078
336.955,-2.41112
337.004,-2.41147
337.052,-2.41181
337.105,-2.41215
337.153,-2.41247
337.2,-2.41279
337.256,-2.41308
337.302,-2.41335
337.35,-2.41361
337.402,-2.41386
337.453,-2.41411
337.504,-2.41434
337.552,-2.41458
337.602,-2.41481
337.65,-2.41505
337.703,-2.41528
337.751,-2.41552
337.804,-2.41576
337.851,-2.416
337.902,-2.41624
337.954,-2.41649
338.005,-2.41673
338.052,-2.41698
338.105,-2.41722
338.151,-2.41745
338.203,-2.41768
338.253,-2.4179
338.302,-2.41812
338.353,-2.41833
338.402,-2.41855
338.449,-2.41875
338.503,-2.41896
338.553,-2.41915
338.6,-2.41934
338.652,-2.41953
338.702,-2.41971
338.749,-2.41988
338.803,-2.42006
338.852,-2.42023
338.901,-2.42041
338.953,-2.42059
338.999,-2.42079
339.051,-2.421
339.102,-2.42123
339.151,-2.42146
339.203,-2.4217
339.25,-2.42195
339.3,-2.42219
339.353,-2.42243
339.401,-2.42266
339.451,-2.42289
339.502,-2.4231
339.551,-2.4233
339.599,-2.42349
339.651,-2.42367
339.703,-2.42384
339.75,-2.42401
339.8,-2.42418
339.849,-2.42433
339.901,-2.42449
339.952,-2.42464
340.0,-2.42478
340.051,-2.42493
340.1,-2.42507
340.147,-2.42523
340.203,-2.42538
340.251,-2.42555
340.298,-2.42572
340.354,-2.4259
340.398,-2.42609
340.452,-2.42627
340.501,-2.42645
340.547,-2.42663
340.601,-2.4268
340.65,-2.42695
340.699,-2.4271
340.75,-2.42723
340.8,-2.42735
340.851,-2.42746
340.899,-2.42756
340.949,-2.42766
340.998,-2.42775
341.053,-2.42784
341.098,-2.42793
341.149,-2.42802
341.2,-2.42812
341.25,-2.42822
341.298,-2.42833
341.348,-2.42845
341.399,-2.42857
341.45,-2.4287
341.502,-2.42882
341.549,-2.42894
341.6,-2.42906
341.648,-2.42918
341.698,-2.42929
341.749,-2.4294
341.799,-2.4295
341.848,-2.42959
341.899,-2.42968
341.947,-2.42975
341.997,-2.42982
342.049,-2.42988
342.099,-2.42994
342.15,-2.43001
342.197,-2.43008
342.248,-2.43016
342.297,-2.43025
342.348,-2.43034
342.397,-2.43044
342.448,-2.43054
342.498,-2.43063
342.545,-2.43073
342.597,-2.43081
342.65,-2.4309
342.699,-2.43097
342.748,-2.43103
342.798,-2.43108
342.848,-2.43113
342.898,-2.43118
342.948,-2.43122
342.998,-2.43126
343.047,-2.4313
343.094,-2.43134
343.149,-2.43139
343.198,-2.43143
343.248,-2.43148
343.3,-2.43153
343.346,-2.43157
343.394,-2.43162
343.448,-2.43166
343.498,-2.43172
343.545,-2.43177
343.598,-2.43183
343.647,-2.43189
343.697,-2.43196
343.748,-2.43203
343.795,-2.4321
343.847,-2.43217
343.895,-2.43223
343.943,-2.43227
343.999,-2.43231
344.046,-2.43232
344.095,-2.43232
344.147,-2.43231
344.196,-2.43228
344.246,-2.43225
344.295,-2.43221
344.345,-2.43218
344.398,-2.43216
344.445,-2.43216
344.494,-2.43218
344.544,-2.43221
344.597,-2.43225
344.644,-2.43231
344.695,-2.43236
344.743,-2.43242
344.796,-2.43247
344.85,-2.43252
344.893,-2.43257
344.945,-2.43261
344.994,-2.43265
345.043,-2.43268
345.097,-2.43269
345.146,-2.4327
345.195,-2.43268
345.245,-2.43266
345.296,-2.43262
345.344,-2.43258
345.397,-2.43253
345.446,-2.43249
345.493,-2.43244
345.545,-2.43239
345.597,-2.43234
345.647,-2.4323
345.695,-2.43225
345.744,-2.43221
345.794,-2.43218
345.846,-2.43214
345.892,-2.43211
345.946,-2.43208
345.995,-2.43206
346.043,-2.43203
346.094,-2.43202
346.143,-2.43201
346.193,-2.432
346.247,-2.432
346.295,-2.43201
346.343,-2.43202
346.39,-2.43204
346.442,-2.43206
346.493,-2.43208
346.545,-2.4321
346.594,-2.4321
346.642,-2.4321
346.692,-2.43208
346.743,-2.43205
346.795,-2.43201
346.843,-2.43196
346.893,-2.43191
346.944,-2.43185
346.994,-2.4318
347.047,-2.43174
347.092,-2.43168
347.143,-2.43162
347.192,-2.43156
347.244,-2.4315
347.292,-2.43144
347.344,-2.43138
347.395,-2.43131
347.442,-2.43125
347.49,-2.43119
347.543,-2.43112
347.593,-2.43105
347.644,-2.43097
347.691,-2.4309
347.74,-2.43082
347.791,-2.43074
347.842,-2.43066
347.893,-2.43059
347.943,-2.43051
347.992,-2.43043
348.04,-2.43034
348.092,-2.43025
348.142,-2.43016
348.193,-2.43007
348.243,-2.42998
348.288,-2.42988
348.342,-2.4298
348.39,-2.42971
348.443,-2.42963
348.493,-2.42954
348.541,-2.42945
348.589,-2.42935
348.642,-2.42925
348.692,-2.42914
348.74,-2.42902
348.793,-2.42889
348.842,-2.42876
348.892,-2.42864
348.94,-2.42852
348.992,-2.42841
349.042,-2.42831
349.091,-2.42822
349.137,-2.42814
349.193,-2.42806
349.24,-2.42799
349.29,-2.42791
349.339,-2.42782
349.39,-2.42772
349.441,-2.4276
349.489,-2.42746
349.537,-2.4273
349.59,-2.42713
349.64,-2.42694
349.688,-2.42674
349.742,-2.42654
349.792,-2.42633
349.841,-2.42613
349.889,-2.42592
349.939,-2.42572
349.988,-2.42553
350.041,-2.42536
350.089,-2.4252
350.138,-2.42506
350.187,-2.42493
350.239,-2.42483
350.289,-2.42473
350.339,-2.42464
350.39,-2.42455
350.437,-2.42447
350.49,-2.42438
350.536,-2.42429
350.589,-2.4242
350.639,-2.42411
350.686,-2.42401
350.737,-2.4239
350.789,-2.4238
350.839,-2.42369
350.888,-2.42358
350.939,-2.42347
350.989,-2.42336
351.038,-2.42323
351.089,-2.42309
351.139,-2.42294
351.19,-2.42279
351.237,-2.42263
351.289,-2.42247
351.34,-2.4223
351.388,-2.42214
351.438,-2.42198
351.49,-2.42183
351.539,-2.42169
351.588,-2.42156
351.639,-2.42143
351.686,-2.42132
351.74,-2.4212
351.786,-2.42109
351.839,-2.42099
351.887,-2.42088
351.937,-2.42078
351.987,-2.42066
352.039,-2.42054
352.086,-2.42042
352.136,-2.42028
352.188,-2.42014
352.237,-2.41998
352.287,-2.41982
352.338,-2.41966
352.386,-2.4195
352.437,-2.41934
352.486,-2.41919
352.535,-2.41905
352.585,-2.41892
352.641,-2.41879
352.686,-2.41867
352.739,-2.41855
352.788,-2.41843
352.839,-2.41832
352.886,-2.41821
352.936,-2.41809
352.984,-2.41798
353.037,-2.41786
353.085,-2.41774
353.139,-2.41762
353.187,-2.4175
353.235,-2.41737
353.285,-2.41723
353.336,-2.41709
353.386,-2.41694
353.437,-2.41679
353.487,-2.41665
353.535,-2.41651
353.589,-2.41638
353.634,-2.41626
353.685,-2.41615
353.737,-2.41605
353.784,-2.41594
353.836,-2.41583
353.886,-2.41571
353.936,-2.41558
353.985,-2.41544
354.035,-2.41529
354.085,-2.41513
354.134,-2.41496
354.188,-2.41479
354.238,-2.41461
354.286,-2.41443
354.336,-2.41426
354.384,-2.41409
354.437,-2.41394
354.486,-2.4138
354.536,-2.41368
354.586,-2.41357
354.633,-2.41348
354.688,-2.41339
354.734,-2.41331
354.784,-2.41324
354.835,-2.41317
354.886,-2.41311
354.936,-2.41304
354.986,-2.41297
355.034,-2.41288
355.086,-2.4128
355.136,-2.4127
355.181,-2.41259
355.233,-2.41249
355.286,-2.41238
355.336,-2.41229
355.386,-2.41219
355.433,-2.4121
355.484,-2.41202
355.536,-2.41195
355.584,-2.41189
355.634,-2.41183
355.684,-2.41177
355.734,-2.4117
355.783,-2.41164
355.836,-2.41156
355.887,-2.41148
355.931,-2.41139
355.983,-2.4113
356.031,-2.41121
356.085,-2.41112
356.131,-2.41103
356.186,-2.41093
356.234,-2.41082
356.285,-2.41071
356.334,-2.41059
356.386,-2.41047
356.434,-2.41034
356.483,-2.41021
356.537,-2.41007
356.583,-2.40995
356.633,-2.40982
356.685,-2.4097
356.731,-2.40958
356.781,-2.40947
356.833,-2.40936
356.883,-2.40927
356.936,-2.40918
356.985,-2.4091
357.031,-2.40903
357.08,-2.40897
357.134,-2.40891
357.185,-2.40885
357.235,-2.4088
357.284,-2.40875
357.332,-2.40869
357.381,-2.40861
357.433,-2.40853
357.486,-2.40844
357.533,-2.40834
357.582,-2.40824
357.632,-2.40814
357.683,-2.40804
357.733,-2.40794
357.783,-2.40784
357.833,-2.40773
357.882,-2.40763
357.934,-2.40754
357.982,-2.40746
358.031,-2.40739
358.085,-2.40733
358.133,-2.40727
358.184,-2.40722
358.234,-2.40718
358.285,-2.40714
358.334,-2.40709
358.384,-2.40704
358.431,-2.40699
358.481,-2.40692
358.535,-2.40685
358.58,-2.40676
358.636,-2.40668
358.684,-2.40659
358.733,-2.4065
358.785,-2.40642
358.834,-2.40635
358.882,-2.40629
358.933,-2.40624
358.981,-2.4062
359.03,-2.40618
359.084,-2.40618
359.134,-2.40618
359.181,-2.40619
359.232,-2.40621
359.282,-2.40623
359.333,-2.40624
359.383,-2.40625
359.432,-2.40624
359.483,-2.40623
359.531,-2.40621
359.58,-2.40618
359.634,-2.40614
359.684,-2.40609
359.729,-2.40604
359.783,-2.40598
359.831,-2.4059
359.881,-2.40582
359.932,-2.40574
359.981,-2.40565
360.033,-2.40556
360.083,-2.40547
360.132,-2.40538
360.181,-2.40529
360.234,-2.40521
360.282,-2.40513
360.332,-2.40507
360.379,-2.40501
360.428,-2.40496
360.481,-2.40492
360.53,-2.4049
360.58,-2.40488
360.633,-2.40486
360.677,-2.40486
360.728,-2.40485
360.782,-2.40484
360.833,-2.40483
360.88,-2.40481
360.929,-2.40479
360.981,-2.40476
361.032,-2.40472
361.082,-2.40468
361.132,-2.40464
361.178,-2.4046
361.228,-2.40456
361.279,-2.40451
361.332,-2.40448
361.38,-2.40445
361.429,-2.40443
361.479,-2.40442
361.53,-2.40441
361.579,-2.40441
361.632,-2.40441
361.682,-2.40442
361.727,-2.40442
361.779,-2.40441
361.829,-2.4044
361.879,-2.40437
361.932,-2.40433
361.979,-2.40428
362.029,-2.40422
362.078,-2.40415
362.13,-2.40409
362.181,-2.40403
362.232,-2.40398
362.279,-2.40394
362.329,-2.40392
362.378,-2.40392
362.43,-2.40392
362.482,-2.40393
362.53,-2.40395
362.578,-2.40397
362.627,-2.404
362.677,-2.40403
362.729,-2.40406
362.778,-2.40409
362.827,-2.40412
362.876,-2.40414
362.927,-2.40416
362.978,-2.40417
363.028,-2.40418
363.078,-2.40418
363.126,-2.40419
363.179,-2.40419
363.227,-2.4042
363.278,-2.4042
363.326,-2.40422
363.376,-2.40424
363.426,-2.40427
363.478,-2.40431
363.528,-2.40435
363.576,-2.4044
363.626,-2.40446
363.675,-2.40452
363.727,-2.40459
363.778,-2.40466
363.827,-2.40474
363.877,-2.40481
363.925,-2.40489
363.976,-2.40496
364.026,-2.40502
364.08,-2.40508
364.13,-2.40512
364.176,-2.40516
364.227,-2.40519
364.279,-2.40522
364.33,-2.40524
364.378,-2.40527
364.428,-2.4053
364.478,-2.40533
364.525,-2.40538
364.577,-2.40543
364.627,-2.40549
364.678,-2.40556
364.726,-2.40564
364.776,-2.40573
364.822,-2.40582
364.876,-2.40593
364.926,-2.40603
364.977,-2.40613
365.024,-2.40621
365.077,-2.40629
365.128,-2.40636
365.178,-2.4064
365.227,-2.40644
365.278,-2.40645
365.327,-2.40645
365.377,-2.40644
365.429,-2.40643
365.477,-2.40641
365.526,-2.4064
365.575,-2.40641
365.626,-2.40642
365.675,-2.40645
365.728,-2.40649
365.775,-2.40655
365.825,-2.40661
365.875,-2.40669
365.926,-2.40677
365.975,-2.40686
366.025,-2.40695
366.075,-2.40705
366.128,-2.40715
366.175,-2.40725
366.227,-2.40736
366.276,-2.40747
366.326,-2.40758
366.375,-2.40769
366.428,-2.40779
366.478,-2.40789
366.525,-2.40798
366.575,-2.40806
366.627,-2.40814
366.674,-2.40821
366.724,-2.40827
366.774,-2.40834
366.824,-2.40841
366.876,-2.4085
366.921,-2.40859
366.974,-2.40869
367.025,-2.4088
367.075,-2.40892
367.125,-2.40903
367.176,-2.40914
367.223,-2.40925
367.276,-2.40935
367.326,-2.40944
367.378,-2.40953
367.427,-2.40961
367.475,-2.40969
367.522,-2.40977
367.573,-2.40984
367.624,-2.40992
367.675,-2.41
367.721,-2.41009
367.771,-2.41018
367.823,-2.41029
367.876,-2.41042
367.925,-2.41055
367.972,-2.4107
368.025,-2.41086
368.07,-2.41102
368.122,-2.41119
368.174,-2.41135
368.226,-2.41151
368.272,-2.41166
368.323,-2.41181
368.371,-2.41194
368.424,-2.41205
368.472,-2.41215
368.525,-2.41225
368.574,-2.41233
368.625,-2.41241
368.672,-2.41248
368.721,-2.41253
368.772,-2.41258
368.823,-2.41263
368.873,-2.41268
368.924,-2.41274
368.973,-2.4128
369.024,-2.41288
369.075,-2.41298
369.122,-2.41309
369.171,-2.41321
369.221,-2.41335
369.272,-2.41349
369.324,-2.41364
369.374,-2.41379
369.424,-2.41393
369.469,-2.41407
369.523,-2.41421
369.573,-2.41434
369.622,-2.41446
369.674,-2.41458
369.72,-2.41469
369.771,-2.4148
369.822,-2.41491
369.874,-2.41501
369.921,-2.41512
369.971,-2.41523
370.019,-2.41534
370.07,-2.41547
370.125,-2.41561
370.171,-2.41576
370.219,-2.41591
370.271,-2.41607
370.32,-2.41622
370.371,-2.41638
370.422,-2.41653
370.472,-2.41668
370.519,-2.41683
370.573,-2.41697
370.622,-2.4171
370.672,-2.41722
370.723,-2.41735
370.771,-2.41747
370.82,-2.41759
370.869,-2.41772
370.92,-2.41785
370.973,-2.41797
371.021,-2.41809
371.073,-2.41821
371.122,-2.41832
371.17,-2.41842
371.219,-2.41852
371.27,-2.41863
371.318,-2.41873
371.366,-2.41883
371.418,-2.41894
371.471,-2.41906
371.519,-2.41919
371.57,-2.41933
371.618,-2.41949
371.669,-2.41965
371.721,-2.41982
371.769,-2.42
371.821,-2.42019
371.87,-2.42037
371.92,-2.42055
371.97,-2.42073
372.02,-2.42091
372.071,-2.42109
372.12,-2.42127
372.17,-2.42144
372.216,-2.42161
372.27,-2.42177
372.32,-2.42194
372.371,-2.42211
372.419,-2.42229
372.468,-2.42246
372.52,-2.42263
372.568,-2.42281
372.62,-2.42299
372.67,-2.42316
372.717,-2.42333
372.769,-2.42348
372.821,-2.42363
372.867,-2.42376
372.919,-2.42388
372.971,-2.42399
373.017,-2.42409
373.068,-2.4242
373.121,-2.4243
373.172,-2.42441
373.22,-2.42452
373.268,-2.42464
373.316,-2.42477
373.37,-2.42491
373.417,-2.42505
373.469,-2.4252
373.517,-2.42537
373.568,-2.42554
373.614,-2.42572
373.668,-2.42591
373.717,-2.42611
373.766,-2.42631
373.817,-2.42652
373.864,-2.42672
373.916,-2.42691
373.97,-2.42709
374.019,-2.42726
374.064,-2.42741
374.118,-2.42755
374.167,-2.42768
374.215,-2.42781
374.27,-2.42795
374.316,-2.42809
374.366,-2.42824
374.417,-2.4284
374.468,-2.42856
374.516,-2.42872
374.568,-2.42889
374.616,-2.42906
374.669,-2.42924
374.715,-2.42942
374.767,-2.42961
374.818,-2.42982
374.867,-2.43004
374.915,-2.43028
374.97,-2.43053
375.015,-2.43078
375.066,-2.43103
375.118,-2.43128
375.167,-2.43152
375.214,-2.43175
375.266,-2.43198
375.315,-2.43221
375.365,-2.43242
375.416,-2.43263
375.465,-2.43283
375.517,-2.43303
375.567,-2.43323
375.616,-2.43344
375.668,-2.43364
375.715,-2.43385
375.767,-2.43406
375.816,-2.43427
375.864,-2.43448
375.915,-2.4347
375.966,-2.43492
376.016,-2.43514
376.065,-2.43537
376.115,-2.43559
376.168,-2.43581
376.217,-2.43602
376.267,-2.43622
376.314,-2.43642
376.368,-2.43662
376.415,-2.43681
376.465,-2.43699
376.515,-2.43717
376.562,-2.43736
376.612,-2.43754
376.667,-2.43773
376.712,-2.43791
376.764,-2.43809
376.813,-2.43827
376.864,-2.43844
376.914,-2.43862
376.966,-2.43879
377.015,-2.43896
377.066,-2.43913
377.115,-2.4393
377.161,-2.43947
377.212,-2.43965
377.264,-2.43982
377.313,-2.43998
377.363,-2.44015
377.411,-2.44031
377.464,-2.44046
377.514,-2.44061
377.563,-2.44076
377.613,-2.44091
377.665,-2.44105
377.713,-2.4412
377.763,-2.44134
377.817,-2.44148
377.861,-2.44162
377.915,-2.44177
377.965,-2.44191
378.013,-2.44206
378.066,-2.44221
378.117,-2.44235
378.161,-2.4425
378.213,-2.44264
378.263,-2.44278
378.313,-2.44292
378.364,-2.44307
378.413,-2.44321
378.461,-2.44334
378.515,-2.44347
378.56,-2.4436
378.613,-2.44372
378.664,-2.44383
378.71,-2.44394
378.76,-2.44404
378.812,-2.44414
378.862,-2.44425
378.912,-2.44435
378.962,-2.44446
379.012,-2.44457
379.063,-2.44467
379.112,-2.44478
