Sample temperature (C),Heat flow (mW)
70.1,-0.07976
70.098,-0.07992
70.101,-0.08005
70.101,-0.08024
70.104,-0.08032
70.107,-0.08038
70.118,-0.08044
70.128,-0.08051
70.137,-0.08058
70.152,-0.08066
70.177,-0.08074
70.205,-0.08084
70.233,-0.08095
70.261,-0.08107
70.287,-0.08119
70.325,-0.0813
70.36,-0.0816
70.392,-0.08215
70.428,-0.08272
70.469,-0.08355
70.507,-0.08441
70.552,-0.08575
70.588,-0.08739
70.632,-0.08909
70.678,-0.09083
70.717,-0.09312
70.762,-0.09575
70.808,-0.09868
70.853,-0.1019
70.904,-0.1054
70.942,-0.10919
70.992,-0.11327
71.042,-0.11764
71.084,-0.1223
71.134,-0.12725
71.179,-0.13249
71.228,-0.13801
71.273,-0.14396
71.323,-0.15036
71.374,-0.15669
71.426,-0.16332
71.466,-0.17032
71.521,-0.17737
71.572,-0.18471
71.616,-0.19205
71.669,-0.19973
71.712,-0.2075
71.765,-0.21527
71.812,-0.22299
71.863,-0.23062
71.913,-0.23816
71.961,-0.2456
72.013,-0.25295
72.061,-0.26019
72.112,-0.26742
72.165,-0.27474
72.21,-0.2822
72.264,-0.28986
72.313,-0.2977
72.361,-0.30539
72.412,-0.31282
72.466,-0.32027
72.512,-0.32777
72.564,-0.3349
72.61,-0.34177
72.665,-0.34871
72.712,-0.3556
72.765,-0.36239
72.813,-0.36908
72.861,-0.37557
72.912,-0.38183
72.96,-0.38819
73.015,-0.39451
73.066,-0.40066
73.111,-0.40661
73.165,-0.41265
73.216,-0.41858
73.264,-0.42435
73.312,-0.43015
73.361,-0.43579
73.41,-0.44137
73.464,-0.44694
73.514,-0.45247
73.565,-0.45802
73.615,-0.46361
73.66,-0.46908
73.715,-0.47464
73.765,-0.48017
73.817,-0.48564
73.866,-0.49105
73.914,-0.4964
73.965,-0.50176
74.016,-0.50718
74.067,-0.51247
74.115,-0.51787
74.163,-0.52315
74.211,-0.52828
74.26,-0.53351
74.314,-0.53883
74.366,-0.54424
74.417,-0.54948
74.463,-0.55456
74.513,-0.55949
74.559,-0.56445
74.615,-0.56918
74.667,-0.57381
74.715,-0.57837
74.765,-0.58278
74.814,-0.58694
74.862,-0.59099
74.914,-0.59495
74.964,-0.59898
75.013,-0.60296
75.061,-0.60703
75.117,-0.61104
75.169,-0.61499
75.213,-0.61912
75.265,-0.6232
75.314,-0.62731
75.362,-0.63127
75.416,-0.63524
75.466,-0.63926
75.514,-0.64321
75.564,-0.64718
75.612,-0.65101
75.666,-0.65484
75.719,-0.65871
75.764,-0.6625
75.814,-0.6663
75.867,-0.67001
75.916,-0.67381
75.963,-0.67767
76.013,-0.68162
76.066,-0.6855
76.114,-0.68927
76.16,-0.6931
76.215,-0.69696
76.268,-0.70082
76.315,-0.70454
76.365,-0.70829
76.412,-0.71198
76.463,-0.7157
76.514,-0.71931
76.565,-0.72286
76.614,-0.72633
76.663,-0.72969
76.713,-0.73313
76.762,-0.73657
76.813,-0.73991
76.867,-0.74314
76.917,-0.74645
76.967,-0.74974
77.019,-0.75301
77.067,-0.75624
77.117,-0.75944
77.166,-0.76267
77.214,-0.76595
77.268,-0.76909
77.316,-0.77218
77.369,-0.77523
77.416,-0.77827
77.466,-0.78128
77.518,-0.78427
77.565,-0.78721
77.617,-0.79003
77.669,-0.79282
77.717,-0.7956
77.767,-0.79836
77.814,-0.8011
77.869,-0.80381
77.916,-0.80654
77.961,-0.80931
78.016,-0.81203
78.067,-0.81476
78.113,-0.81742
78.167,-0.82016
78.216,-0.8229
78.266,-0.82561
78.315,-0.8283
78.363,-0.83095
78.42,-0.83358
78.467,-0.83624
78.512,-0.83895
78.567,-0.84158
78.613,-0.84424
78.671,-0.84677
78.719,-0.84931
78.768,-0.85189
78.815,-0.85436
78.867,-0.8568
78.916,-0.85923
78.967,-0.86168
79.014,-0.86423
79.068,-0.86678
79.113,-0.86931
79.166,-0.87181
79.22,-0.87428
79.269,-0.87672
79.316,-0.87912
79.365,-0.88143
79.419,-0.88366
79.466,-0.88574
79.515,-0.8878
79.566,-0.88984
79.615,-0.89185
79.667,-0.89385
79.715,-0.89586
79.769,-0.89793
79.816,-0.90003
79.865,-0.9022
79.917,-0.90438
79.966,-0.90654
80.015,-0.9087
80.061,-0.91083
80.121,-0.91296
80.166,-0.91507
80.217,-0.91717
80.27,-0.91926
80.312,-0.9213
80.368,-0.92327
80.417,-0.92531
80.464,-0.92732
80.518,-0.92926
80.57,-0.93123
80.619,-0.93316
80.666,-0.93511
80.715,-0.93702
80.765,-0.93894
80.817,-0.94078
80.867,-0.94263
80.919,-0.94453
80.964,-0.94636
81.015,-0.94817
81.066,-0.94996
81.118,-0.95178
81.166,-0.95363
81.22,-0.95544
81.268,-0.9573
81.314,-0.95917
81.365,-0.96103
81.419,-0.96287
81.47,-0.96474
81.517,-0.96663
81.564,-0.96845
81.616,-0.97027
81.671,-0.97212
81.718,-0.97393
81.762,-0.9758
81.819,-0.97763
81.863,-0.97941
81.918,-0.98124
81.965,-0.98305
82.017,-0.98482
82.067,-0.98661
82.117,-0.98834
82.167,-0.99005
82.216,-0.99174
82.266,-0.99342
82.319,-0.9951
82.368,-0.99676
82.417,-0.99841
82.468,-1.00005
82.517,-1.00166
82.564,-1.00326
82.613,-1.00484
82.665,-1.0064
82.721,-1.00799
82.771,-1.00962
82.817,-1.01116
82.871,-1.01271
82.917,-1.0143
82.967,-1.01584
83.017,-1.01745
83.066,-1.01905
83.117,-1.02064
83.166,-1.02219
83.216,-1.02368
83.268,-1.02521
83.316,-1.02674
83.369,-1.02823
83.415,-1.02966
83.465,-1.03106
83.517,-1.03238
83.565,-1.03366
83.618,-1.03493
83.669,-1.03619
83.716,-1.0375
83.769,-1.03882
83.82,-1.04012
83.869,-1.04146
83.919,-1.04278
83.967,-1.04405
84.011,-1.04537
84.066,-1.04671
84.117,-1.04804
84.169,-1.04936
84.216,-1.05067
84.266,-1.05197
84.316,-1.05324
84.366,-1.05451
84.419,-1.05576
84.463,-1.05695
84.516,-1.05809
84.569,-1.0593
84.613,-1.06048
84.666,-1.06162
84.716,-1.06279
84.764,-1.06393
84.816,-1.0651
84.864,-1.06623
84.916,-1.06737
84.967,-1.06844
85.016,-1.06953
85.066,-1.07064
85.115,-1.07173
85.171,-1.07286
85.218,-1.07401
85.267,-1.07515
85.315,-1.07628
85.364,-1.07742
85.415,-1.07854
85.468,-1.07966
85.513,-1.08077
85.565,-1.08187
85.612,-1.08295
85.664,-1.08403
85.714,-1.0851
85.77,-1.08617
85.817,-1.08722
85.865,-1.08827
85.915,-1.08931
85.965,-1.09035
86.016,-1.09138
86.065,-1.0924
86.119,-1.09341
86.163,-1.09442
86.216,-1.09543
86.271,-1.09642
86.318,-1.09742
86.368,-1.09841
86.413,-1.09941
86.465,-1.10041
86.517,-1.10141
86.567,-1.10242
86.615,-1.10343
86.665,-1.10443
86.712,-1.10543
86.763,-1.10643
86.817,-1.10743
86.869,-1.10841
86.915,-1.10939
86.967,-1.11035
87.015,-1.11131
87.065,-1.11225
87.119,-1.11319
87.167,-1.11413
87.217,-1.11506
87.265,-1.11598
87.315,-1.1169
87.363,-1.11781
87.417,-1.11871
87.462,-1.11961
87.511,-1.12049
87.566,-1.12137
87.612,-1.12224
87.667,-1.12311
87.717,-1.12396
87.766,-1.1248
87.813,-1.12564
87.867,-1.12647
87.918,-1.12729
87.965,-1.12812
88.012,-1.12895
88.064,-1.12977
88.113,-1.1306
88.169,-1.13143
88.219,-1.13226
88.267,-1.1331
88.315,-1.13393
88.365,-1.13477
88.415,-1.13561
88.463,-1.13644
88.514,-1.13727
88.565,-1.1381
88.613,-1.13892
88.666,-1.13973
88.714,-1.14055
88.768,-1.14136
88.814,-1.14217
88.862,-1.14298
88.909,-1.14379
88.963,-1.1446
89.013,-1.14541
89.066,-1.14621
89.115,-1.14701
89.163,-1.1478
89.212,-1.14858
89.266,-1.14936
89.314,-1.15012
89.361,-1.15088
89.416,-1.15163
89.461,-1.15237
89.517,-1.15311
89.563,-1.15384
89.616,-1.15457
89.664,-1.15531
89.715,-1.15604
89.764,-1.15678
89.812,-1.15751
89.867,-1.15824
89.91,-1.15898
89.963,-1.1597
90.014,-1.16043
90.065,-1.16115
90.112,-1.16187
90.166,-1.16258
90.211,-1.16328
90.263,-1.16397
90.308,-1.16466
90.363,-1.16534
90.413,-1.16601
90.461,-1.16669
90.513,-1.16735
90.561,-1.16802
90.613,-1.16868
90.663,-1.16933
90.711,-1.16999
90.761,-1.17065
90.811,-1.1713
90.863,-1.17194
90.915,-1.17258
90.962,-1.17321
91.013,-1.17385
91.062,-1.17447
91.113,-1.1751
91.164,-1.17572
91.209,-1.17634
91.264,-1.17694
91.309,-1.17754
91.364,-1.17813
91.41,-1.1787
91.464,-1.17926
91.516,-1.17982
91.561,-1.18037
91.609,-1.18092
91.661,-1.18147
91.711,-1.18202
91.766,-1.18257
91.812,-1.18313
91.857,-1.18369
91.911,-1.18426
91.963,-1.18485
92.012,-1.18544
92.064,-1.18603
92.112,-1.18663
92.161,-1.18724
92.218,-1.18785
92.263,-1.18846
92.309,-1.18908
92.363,-1.1897
92.409,-1.19031
92.463,-1.19092
92.511,-1.19152
92.56,-1.19211
92.609,-1.19269
92.661,-1.19325
92.713,-1.19381
92.761,-1.19435
92.813,-1.19488
92.861,-1.19541
92.911,-1.19592
92.962,-1.19642
93.008,-1.19692
93.065,-1.19741
93.117,-1.1979
93.162,-1.19839
93.211,-1.19887
93.26,-1.19935
93.311,-1.19984
93.363,-1.20032
93.41,-1.20081
93.461,-1.2013
93.512,-1.20179
93.564,-1.20228
93.613,-1.20276
93.662,-1.20325
93.711,-1.20374
93.756,-1.20422
93.809,-1.20471
93.861,-1.2052
93.909,-1.20569
93.961,-1.20619
94.007,-1.20669
94.058,-1.2072
94.11,-1.20771
94.16,-1.20821
94.211,-1.20871
94.26,-1.2092
94.312,-1.20969
94.359,-1.21017
94.411,-1.21064
94.46,-1.2111
94.508,-1.21156
94.557,-1.212
94.609,-1.21244
94.659,-1.21287
94.708,-1.21329
94.762,-1.21371
94.811,-1.21413
94.856,-1.21455
94.91,-1.21497
94.962,-1.21539
95.013,-1.21582
95.062,-1.21626
95.109,-1.21671
95.155,-1.21717
95.206,-1.21764
95.26,-1.21812
95.309,-1.2186
95.357,-1.21909
95.409,-1.21957
95.456,-1.22004
95.511,-1.22052
95.56,-1.22099
95.608,-1.22145
95.657,-1.22191
95.708,-1.22236
95.756,-1.2228
95.811,-1.22324
95.859,-1.22368
95.91,-1.22411
95.96,-1.22455
96.005,-1.22498
96.054,-1.2254
96.107,-1.22583
96.156,-1.22625
96.211,-1.22668
96.259,-1.22711
96.307,-1.22755
96.36,-1.22799
96.41,-1.22844
96.456,-1.22889
96.507,-1.22933
96.556,-1.22977
96.61,-1.23021
96.655,-1.23065
96.707,-1.23108
96.755,-1.23151
96.809,-1.23193
96.86,-1.23234
96.908,-1.23275
96.955,-1.23316
97.008,-1.23356
97.058,-1.23396
97.106,-1.23434
97.159,-1.23472
97.208,-1.2351
97.255,-1.23546
97.305,-1.23582
97.357,-1.23617
97.409,-1.23653
97.456,-1.23688
97.506,-1.23724
97.554,-1.23761
97.605,-1.23798
97.654,-1.23836
97.707,-1.23875
97.762,-1.23915
97.808,-1.23955
97.856,-1.23995
97.907,-1.24036
97.96,-1.24077
98.007,-1.24119
98.054,-1.2416
98.104,-1.242
98.153,-1.24239
98.205,-1.24277
98.255,-1.24314
98.308,-1.2435
98.351,-1.24385
98.404,-1.24418
98.454,-1.24452
98.51,-1.24485
98.556,-1.24518
98.603,-1.24551
98.649,-1.24585
98.702,-1.24619
98.752,-1.24653
98.808,-1.24687
98.856,-1.2472
98.904,-1.24754
98.957,-1.24787
99.004,-1.2482
99.055,-1.24853
99.105,-1.24886
99.154,-1.24919
99.206,-1.24952
99.251,-1.24986
99.306,-1.2502
99.35,-1.25054
99.404,-1.25088
99.457,-1.25123
99.504,-1.25158
99.556,-1.25194
99.609,-1.25229
99.655,-1.25265
99.705,-1.25301
99.752,-1.25337
99.805,-1.25373
99.853,-1.25408
99.903,-1.25442
99.952,-1.25475
100.003,-1.25508
100.05,-1.2554
100.106,-1.25571
100.153,-1.25601
100.203,-1.2563
100.247,-1.25659
100.3,-1.25688
100.355,-1.25716
100.403,-1.25745
100.453,-1.25774
100.5,-1.25803
100.554,-1.25832
100.603,-1.25862
100.656,-1.25893
100.704,-1.25924
100.756,-1.25957
100.804,-1.2599
100.854,-1.26023
100.905,-1.26058
100.955,-1.26093
101.005,-1.2613
101.051,-1.26167
101.104,-1.26204
101.151,-1.26242
101.205,-1.26279
101.25,-1.26316
101.302,-1.26351
101.352,-1.26386
101.404,-1.26419
101.454,-1.26452
101.504,-1.26483
101.55,-1.26514
101.6,-1.26543
101.652,-1.26573
101.701,-1.26602
101.752,-1.26631
101.8,-1.2666
101.852,-1.26689
101.904,-1.26719
101.95,-1.26749
101.995,-1.26779
102.054,-1.2681
102.099,-1.26841
102.151,-1.26872
102.2,-1.26903
102.25,-1.26935
102.303,-1.26966
102.347,-1.26998
102.401,-1.2703
102.448,-1.27062
102.499,-1.27093
102.552,-1.27124
102.599,-1.27155
102.65,-1.27186
102.7,-1.27215
102.747,-1.27244
102.804,-1.27273
102.853,-1.273
102.899,-1.27328
102.953,-1.27354
102.998,-1.27381
103.049,-1.27408
103.101,-1.27436
103.147,-1.27464
103.2,-1.27493
103.247,-1.27522
103.298,-1.27551
103.349,-1.27581
103.395,-1.27611
103.447,-1.27642
103.498,-1.27673
103.548,-1.27703
103.601,-1.27734
103.654,-1.27764
103.699,-1.27795
103.747,-1.27825
103.796,-1.27855
103.849,-1.27885
103.899,-1.27915
103.953,-1.27945
104.001,-1.27976
104.048,-1.28006
104.102,-1.28037
104.145,-1.28068
104.198,-1.28099
104.249,-1.28131
104.299,-1.28164
104.35,-1.28196
104.396,-1.28228
104.449,-1.2826
104.504,-1.28292
104.548,-1.28322
104.598,-1.28352
104.649,-1.28381
104.701,-1.2841
104.747,-1.28439
104.799,-1.28468
104.849,-1.28496
104.9,-1.28525
104.945,-1.28554
104.997,-1.28583
105.048,-1.28611
105.096,-1.2864
105.147,-1.28668
105.197,-1.28697
105.249,-1.28726
105.298,-1.28754
105.348,-1.28783
105.401,-1.28812
105.443,-1.28842
105.493,-1.28871
105.549,-1.28901
105.596,-1.2893
105.647,-1.28959
105.697,-1.28987
105.745,-1.29015
105.8,-1.29042
105.849,-1.29068
105.896,-1.29093
105.946,-1.29117
105.995,-1.2914
106.049,-1.29161
106.094,-1.29182
106.145,-1.29203
106.196,-1.29224
106.247,-1.29245
106.298,-1.29268
106.343,-1.29291
106.396,-1.29315
106.449,-1.29341
106.494,-1.29368
106.545,-1.29395
106.597,-1.29423
106.645,-1.29451
106.694,-1.29479
106.747,-1.29507
106.796,-1.29535
106.844,-1.29563
106.896,-1.2959
106.95,-1.29617
106.995,-1.29643
107.047,-1.29668
107.097,-1.29693
107.145,-1.29718
107.198,-1.29742
107.246,-1.29767
107.293,-1.29791
107.345,-1.29816
107.395,-1.2984
107.448,-1.29865
107.498,-1.29891
107.543,-1.29916
107.599,-1.29942
107.644,-1.29969
107.695,-1.29995
107.746,-1.30022
107.791,-1.3005
107.844,-1.30077
107.894,-1.30105
107.943,-1.30133
107.994,-1.30161
108.045,-1.30189
108.095,-1.30217
108.143,-1.30246
108.192,-1.30274
108.247,-1.30302
108.293,-1.30331
108.346,-1.30358
108.395,-1.30386
108.443,-1.30413
108.495,-1.3044
108.542,-1.30466
108.592,-1.30492
108.643,-1.30518
108.69,-1.30543
108.743,-1.30568
108.795,-1.30593
108.842,-1.30618
108.895,-1.30642
108.942,-1.30666
108.992,-1.3069
109.04,-1.30714
109.089,-1.30736
109.144,-1.30759
109.192,-1.3078
109.238,-1.30801
109.296,-1.30821
109.345,-1.30842
109.396,-1.30862
109.441,-1.30884
109.491,-1.30906
109.543,-1.30929
109.593,-1.30954
109.643,-1.30979
109.692,-1.31005
109.742,-1.3103
109.791,-1.31056
109.84,-1.31082
109.891,-1.31108
109.944,-1.31133
109.99,-1.31158
110.042,-1.31183
110.093,-1.31208
110.138,-1.31233
110.195,-1.31258
110.243,-1.31282
110.292,-1.31307
110.343,-1.3133
110.393,-1.31353
110.444,-1.31374
110.493,-1.31394
110.541,-1.31413
110.594,-1.31431
110.64,-1.3145
110.691,-1.31468
110.74,-1.31487
110.793,-1.31506
110.844,-1.31526
110.891,-1.31546
110.939,-1.31568
110.991,-1.3159
111.039,-1.31614
111.091,-1.3164
111.138,-1.31666
111.189,-1.31694
111.239,-1.31722
111.294,-1.3175
111.341,-1.31777
111.388,-1.31803
111.441,-1.31829
111.491,-1.31853
111.54,-1.31877
111.594,-1.31899
111.641,-1.31921
111.689,-1.31942
111.737,-1.31963
111.79,-1.31983
111.842,-1.32003
111.888,-1.32023
111.941,-1.32044
111.991,-1.32065
112.04,-1.32086
112.091,-1.32107
112.143,-1.32129
112.189,-1.32151
112.236,-1.32173
112.288,-1.32196
112.336,-1.32218
112.389,-1.32241
112.439,-1.32264
112.49,-1.32287
112.537,-1.3231
112.588,-1.32333
112.638,-1.32356
112.69,-1.32379
112.737,-1.32402
112.786,-1.32425
112.839,-1.32449
112.892,-1.32472
112.94,-1.32495
112.99,-1.32518
113.039,-1.3254
113.085,-1.32562
113.14,-1.32584
113.189,-1.32605
113.238,-1.32627
113.285,-1.32649
113.337,-1.32672
113.389,-1.32695
113.437,-1.32718
113.488,-1.32742
113.535,-1.32767
113.585,-1.32792
113.639,-1.32818
113.69,-1.32844
113.738,-1.32871
113.788,-1.32898
113.835,-1.32924
113.887,-1.32951
113.939,-1.32977
113.989,-1.33003
114.036,-1.33028
114.087,-1.33054
114.138,-1.3308
114.188,-1.33106
114.235,-1.33132
114.286,-1.33158
114.335,-1.33185
114.385,-1.33211
114.44,-1.33236
114.486,-1.33261
114.539,-1.33285
114.589,-1.33308
114.638,-1.3333
114.686,-1.33351
114.734,-1.33372
114.785,-1.33393
114.841,-1.33414
114.888,-1.33435
114.934,-1.33457
114.985,-1.33478
115.035,-1.335
115.086,-1.33523
115.134,-1.33545
115.182,-1.33568
115.237,-1.33591
115.287,-1.33614
115.337,-1.33638
115.389,-1.33663
115.439,-1.33689
115.486,-1.33716
115.533,-1.33743
115.586,-1.3377
115.635,-1.33797
115.685,-1.33823
115.734,-1.3385
115.781,-1.33875
115.834,-1.33901
115.885,-1.33926
115.93,-1.3395
115.981,-1.33973
116.033,-1.33995
116.086,-1.34016
116.136,-1.34037
116.183,-1.34057
116.235,-1.34076
116.282,-1.34096
116.331,-1.34117
116.388,-1.34138
116.433,-1.34161
116.482,-1.34184
116.536,-1.34208
116.584,-1.34233
116.634,-1.34258
116.685,-1.34284
116.739,-1.34311
116.785,-1.34337
116.834,-1.34364
116.887,-1.3439
116.934,-1.34416
116.982,-1.3444
117.032,-1.34464
117.082,-1.34487
117.131,-1.34509
117.178,-1.34531
117.235,-1.34552
117.284,-1.34572
117.328,-1.34593
117.382,-1.34614
117.431,-1.34636
117.482,-1.34659
117.531,-1.34682
117.582,-1.34706
117.634,-1.34731
117.681,-1.34757
117.731,-1.34783
117.783,-1.34809
117.836,-1.34835
117.885,-1.34861
117.932,-1.34887
117.983,-1.34913
118.032,-1.34938
118.086,-1.34962
118.134,-1.34985
118.183,-1.35007
118.231,-1.35027
118.281,-1.35046
118.333,-1.35064
118.38,-1.35081
118.432,-1.35097
118.482,-1.35113
118.532,-1.35128
118.583,-1.35143
118.636,-1.35159
118.682,-1.35176
118.733,-1.35194
118.783,-1.35213
118.835,-1.35234
118.884,-1.35256
118.934,-1.35279
118.984,-1.35303
119.032,-1.35328
119.086,-1.35354
119.133,-1.35379
119.184,-1.35405
119.236,-1.3543
119.281,-1.35454
119.331,-1.35477
119.388,-1.35499
119.435,-1.35521
119.488,-1.35542
119.533,-1.35563
119.583,-1.35584
119.634,-1.35605
119.684,-1.35626
119.734,-1.35648
119.781,-1.3567
119.832,-1.35693
119.882,-1.35715
119.929,-1.35738
119.983,-1.35761
120.031,-1.35784
120.075,-1.35807
120.131,-1.35829
120.176,-1.35852
120.23,-1.35874
120.281,-1.35896
120.327,-1.35918
120.381,-1.3594
120.429,-1.35962
120.477,-1.35984
120.531,-1.36007
120.578,-1.3603
120.628,-1.36053
120.679,-1.36076
120.729,-1.36099
120.779,-1.36123
120.834,-1.36146
120.881,-1.36168
120.928,-1.36191
120.979,-1.36212
121.033,-1.36233
121.078,-1.36253
121.129,-1.36272
121.18,-1.3629
121.229,-1.36308
121.28,-1.36325
121.332,-1.36343
121.383,-1.3636
121.431,-1.36377
121.481,-1.36394
121.532,-1.36412
121.583,-1.36431
121.63,-1.3645
121.685,-1.36469
121.728,-1.36489
121.779,-1.36509
121.837,-1.3653
121.88,-1.36551
121.932,-1.36573
121.98,-1.36595
122.029,-1.36618
122.082,-1.36641
122.131,-1.36663
122.183,-1.36686
122.227,-1.36709
122.282,-1.36731
122.329,-1.36753
122.376,-1.36775
122.434,-1.36795
122.479,-1.36815
122.526,-1.36834
122.578,-1.36852
122.626,-1.3687
122.676,-1.36887
122.73,-1.36904
122.777,-1.36921
122.829,-1.36938
122.876,-1.36956
122.927,-1.36974
122.978,-1.36994
123.026,-1.37014
123.078,-1.37036
123.126,-1.37058
123.174,-1.37082
123.225,-1.37107
123.275,-1.37132
123.324,-1.37158
123.377,-1.37183
123.423,-1.37209
123.476,-1.37233
123.524,-1.37257
123.573,-1.37279
123.623,-1.373
123.675,-1.3732
123.726,-1.37338
123.777,-1.37355
123.825,-1.37372
123.876,-1.37388
123.927,-1.37403
123.977,-1.37418
124.03,-1.37434
124.075,-1.3745
124.127,-1.37467
124.177,-1.37485
124.227,-1.37504
124.277,-1.37524
124.326,-1.37545
124.374,-1.37567
124.425,-1.37589
124.473,-1.37612
124.528,-1.37634
124.578,-1.37657
124.627,-1.37679
124.672,-1.37701
124.723,-1.37724
124.774,-1.37746
124.821,-1.37768
124.874,-1.3779
124.925,-1.37812
124.973,-1.37833
125.024,-1.37854
125.079,-1.37874
125.127,-1.37893
125.175,-1.37912
125.223,-1.37929
125.276,-1.37946
125.324,-1.37963
125.374,-1.37979
125.426,-1.37995
125.474,-1.38011
125.526,-1.38027
125.572,-1.38044
125.623,-1.38061
125.673,-1.38079
125.725,-1.38098
125.773,-1.38118
125.822,-1.38139
125.874,-1.3816
125.923,-1.38182
125.975,-1.38205
126.023,-1.38229
126.071,-1.38254
126.123,-1.38279
126.173,-1.38305
126.225,-1.38332
126.278,-1.38359
126.322,-1.38386
126.37,-1.38413
126.423,-1.38441
126.474,-1.38468
126.527,-1.38495
126.575,-1.38522
126.622,-1.38549
126.675,-1.38575
126.726,-1.38601
126.778,-1.38627
126.823,-1.38651
126.871,-1.38675
126.922,-1.38699
126.975,-1.38722
127.021,-1.38744
127.073,-1.38767
127.121,-1.38789
127.172,-1.3881
127.225,-1.3883
127.273,-1.3885
127.322,-1.3887
127.373,-1.38889
127.422,-1.38908
127.471,-1.38927
127.523,-1.38947
127.57,-1.38967
127.623,-1.38987
127.67,-1.39008
127.722,-1.39029
127.774,-1.3905
127.824,-1.39072
127.869,-1.39093
127.924,-1.39115
127.972,-1.39137
128.022,-1.39158
128.074,-1.39179
128.122,-1.392
128.17,-1.39221
128.22,-1.39242
128.272,-1.39263
128.319,-1.39283
128.372,-1.39304
128.42,-1.39325
128.47,-1.39347
128.521,-1.39369
128.571,-1.39391
128.626,-1.39413
128.674,-1.39435
128.721,-1.39457
128.775,-1.3948
128.818,-1.39502
128.872,-1.39525
128.921,-1.39547
128.97,-1.39568
129.019,-1.3959
129.069,-1.3961
129.12,-1.39631
129.17,-1.39651
129.225,-1.39671
129.271,-1.39691
129.319,-1.39711
129.371,-1.39731
129.424,-1.39751
129.47,-1.39772
129.521,-1.39792
129.57,-1.39813
129.619,-1.39834
129.668,-1.39854
129.718,-1.39875
129.769,-1.39896
129.819,-1.39917
129.868,-1.39939
129.919,-1.39961
129.97,-1.39984
130.021,-1.40008
130.07,-1.40033
130.115,-1.4006
130.168,-1.40087
130.218,-1.40115
130.267,-1.40144
130.319,-1.40172
130.368,-1.402
130.418,-1.40227
130.467,-1.40254
130.521,-1.40279
130.571,-1.40302
130.615,-1.40324
130.67,-1.40344
130.718,-1.40364
130.77,-1.40382
130.817,-1.404
130.869,-1.40418
130.917,-1.40436
130.967,-1.40454
131.02,-1.40473
131.07,-1.40492
131.119,-1.40512
131.168,-1.40531
131.217,-1.40551
131.266,-1.4057
131.321,-1.40589
131.368,-1.40608
131.418,-1.40626
131.469,-1.40643
131.516,-1.40661
131.567,-1.40679
131.62,-1.40696
131.667,-1.40713
131.717,-1.40731
131.765,-1.4075
131.813,-1.40769
131.868,-1.40789
131.917,-1.4081
131.967,-1.40833
132.019,-1.40856
132.064,-1.4088
132.12,-1.40905
132.166,-1.4093
132.217,-1.40956
132.266,-1.40982
132.312,-1.41008
132.367,-1.41034
132.416,-1.4106
132.463,-1.41084
132.519,-1.41108
132.565,-1.4113
132.618,-1.4115
132.663,-1.4117
132.714,-1.41189
132.766,-1.41208
132.817,-1.41227
132.865,-1.41246
132.915,-1.41267
132.968,-1.41289
133.018,-1.41311
133.064,-1.41335
133.114,-1.41359
133.166,-1.41384
133.216,-1.41409
133.262,-1.41434
133.317,-1.4146
133.365,-1.41485
133.414,-1.41509
133.466,-1.41533
133.514,-1.41556
133.566,-1.41577
133.615,-1.41598
133.664,-1.41617
133.716,-1.41635
133.764,-1.41651
133.815,-1.41667
133.865,-1.41682
133.916,-1.41697
133.968,-1.41713
134.016,-1.41729
134.062,-1.41745
134.113,-1.41762
134.163,-1.4178
134.216,-1.41799
134.265,-1.41819
134.315,-1.41839
134.363,-1.41861
134.413,-1.41884
134.463,-1.41907
134.511,-1.4193
134.566,-1.41953
134.613,-1.41975
134.664,-1.41996
134.716,-1.42017
134.762,-1.42037
134.816,-1.42056
134.863,-1.42074
134.915,-1.42091
134.966,-1.42107
135.012,-1.42123
135.066,-1.42138
135.114,-1.42154
135.16,-1.42169
135.216,-1.42185
135.261,-1.42202
135.311,-1.42219
135.366,-1.42237
135.412,-1.42257
135.462,-1.42278
135.515,-1.42302
135.562,-1.42327
135.615,-1.42353
135.665,-1.4238
135.714,-1.42408
135.758,-1.42436
135.815,-1.42463
135.862,-1.42489
135.912,-1.42515
135.965,-1.42538
136.014,-1.42561
136.058,-1.42582
136.115,-1.42601
136.165,-1.4262
136.214,-1.42639
136.262,-1.42658
136.314,-1.42676
136.361,-1.42695
136.409,-1.42714
136.463,-1.42733
136.512,-1.42752
136.559,-1.42772
136.609,-1.42792
136.661,-1.42812
136.71,-1.42832
136.764,-1.42852
136.808,-1.42872
136.867,-1.42891
136.909,-1.4291
136.959,-1.42927
137.014,-1.42944
137.059,-1.42961
137.111,-1.42977
137.165,-1.42993
137.208,-1.43009
137.261,-1.43024
137.311,-1.4304
137.359,-1.43057
137.411,-1.43074
137.456,-1.43092
137.51,-1.43111
137.56,-1.43131
137.607,-1.43151
137.661,-1.43172
137.707,-1.43192
137.762,-1.43212
137.81,-1.43232
137.861,-1.43252
137.913,-1.43272
137.958,-1.43292
138.01,-1.43311
138.062,-1.43331
138.111,-1.43351
138.163,-1.43371
138.206,-1.43391
138.255,-1.43411
138.308,-1.43432
138.359,-1.43453
138.412,-1.43475
138.461,-1.43497
138.511,-1.43519
138.558,-1.43543
138.61,-1.43566
138.659,-1.43591
138.709,-1.43616
138.759,-1.43641
138.811,-1.43667
138.857,-1.43692
138.908,-1.43717
138.959,-1.43741
139.008,-1.43765
139.063,-1.43789
139.11,-1.43812
139.157,-1.43834
139.21,-1.43855
139.262,-1.43876
139.308,-1.43896
139.358,-1.43915
139.409,-1.43933
139.462,-1.4395
139.508,-1.43968
139.557,-1.43985
139.606,-1.44003
139.653,-1.44021
139.707,-1.44039
139.76,-1.44058
139.809,-1.44077
139.856,-1.44098
139.906,-1.44118
139.954,-1.4414
140.008,-1.44162
140.057,-1.44184
140.108,-1.44207
140.153,-1.44231
140.207,-1.44254
140.257,-1.44277
140.309,-1.443
140.357,-1.44321
140.407,-1.44342
140.459,-1.44362
140.505,-1.44381
140.557,-1.44399
140.614,-1.44417
140.657,-1.44435
140.705,-1.44452
140.755,-1.44469
140.807,-1.44487
140.855,-1.44505
140.908,-1.44523
140.956,-1.44542
141.004,-1.44562
141.059,-1.44583
141.108,-1.44603
141.159,-1.44624
141.206,-1.44645
141.255,-1.44665
141.308,-1.44686
141.359,-1.44707
141.407,-1.44727
141.458,-1.44747
141.505,-1.44767
141.553,-1.44786
141.603,-1.44805
141.66,-1.44825
141.706,-1.44845
141.758,-1.44866
141.805,-1.44887
141.855,-1.44908
141.905,-1.44931
141.954,-1.44954
142.005,-1.44977
142.058,-1.45001
142.104,-1.45025
142.155,-1.4505
142.207,-1.45074
142.255,-1.45098
142.302,-1.45121
142.354,-1.45144
142.404,-1.45166
142.46,-1.45188
142.502,-1.45209
142.554,-1.45229
142.601,-1.45248
142.654,-1.45267
142.704,-1.45285
142.755,-1.45302
142.803,-1.45319
142.854,-1.45336
142.902,-1.45352
142.955,-1.45368
143.002,-1.45385
143.054,-1.45403
143.104,-1.45421
143.153,-1.4544
143.203,-1.45459
143.255,-1.45479
143.305,-1.45499
143.357,-1.4552
143.401,-1.4554
143.456,-1.45561
143.504,-1.45583
143.556,-1.45604
143.606,-1.45625
143.651,-1.45645
143.704,-1.45665
143.754,-1.45685
143.803,-1.45705
143.857,-1.45725
143.904,-1.45744
143.954,-1.45764
144.003,-1.45784
144.055,-1.45804
144.103,-1.45825
144.154,-1.45845
144.204,-1.45867
144.252,-1.45889
144.302,-1.45911
144.355,-1.45933
144.401,-1.45955
144.455,-1.45977
144.502,-1.45999
144.553,-1.46021
144.602,-1.46043
144.654,-1.46064
144.703,-1.46086
144.751,-1.46106
144.803,-1.46126
144.853,-1.46145
144.904,-1.46163
144.955,-1.4618
145.0,-1.46197
145.05,-1.46213
145.104,-1.46228
145.151,-1.46243
145.2,-1.46259
145.254,-1.46275
145.299,-1.46292
145.353,-1.46309
145.401,-1.46328
145.449,-1.46347
145.507,-1.46368
145.55,-1.46388
145.601,-1.46409
145.651,-1.4643
145.701,-1.4645
145.754,-1.46469
145.798,-1.46488
145.851,-1.46506
145.902,-1.46524
145.95,-1.46541
146.003,-1.46558
146.054,-1.46575
146.099,-1.46593
146.153,-1.46611
146.199,-1.4663
146.253,-1.4665
146.3,-1.4667
146.351,-1.46692
146.399,-1.46714
146.451,-1.46737
146.502,-1.46761
146.554,-1.46785
146.6,-1.46808
146.65,-1.46832
146.7,-1.46854
146.748,-1.46877
146.803,-1.46898
146.852,-1.46919
146.899,-1.4694
146.95,-1.46959
146.997,-1.46978
147.05,-1.46997
147.097,-1.47016
147.154,-1.47035
147.198,-1.47054
147.247,-1.47072
147.298,-1.47091
147.348,-1.47111
147.398,-1.4713
147.447,-1.4715
147.496,-1.4717
147.552,-1.47191
147.6,-1.47212
147.648,-1.47233
147.697,-1.47254
147.745,-1.47276
147.799,-1.47297
147.85,-1.47317
147.902,-1.47336
147.95,-1.47355
147.999,-1.47373
148.048,-1.47391
148.099,-1.47408
148.148,-1.47425
148.2,-1.47442
148.247,-1.47459
148.294,-1.47475
148.348,-1.47492
148.398,-1.47508
148.447,-1.47524
148.499,-1.47541
148.549,-1.47557
148.597,-1.47574
148.649,-1.47591
148.701,-1.47609
148.751,-1.47627
148.8,-1.47646
148.847,-1.47665
148.893,-1.47685
148.946,-1.47706
148.997,-1.47726
149.046,-1.47746
149.099,-1.47765
149.148,-1.47784
149.197,-1.47802
149.249,-1.4782
149.297,-1.47838
149.343,-1.47856
149.398,-1.47874
149.445,-1.47892
149.498,-1.47911
149.546,-1.47931
149.599,-1.47952
149.646,-1.47975
149.694,-1.47998
149.752,-1.48022
149.798,-1.48047
149.846,-1.48072
149.898,-1.48098
149.947,-1.48124
149.997,-1.4815
150.045,-1.48176
150.097,-1.48201
150.147,-1.48224
150.192,-1.48246
150.245,-1.48267
150.298,-1.48285
150.345,-1.48302
150.396,-1.48317
150.447,-1.48331
150.497,-1.48345
150.546,-1.48359
150.593,-1.48373
150.647,-1.48389
150.696,-1.48406
150.745,-1.48425
150.793,-1.48445
150.844,-1.48467
150.897,-1.4849
150.945,-1.48513
150.997,-1.48537
151.042,-1.48561
151.096,-1.48585
151.148,-1.48607
151.197,-1.48628
151.247,-1.48647
151.299,-1.48665
151.345,-1.48682
151.397,-1.48699
151.446,-1.48714
151.494,-1.4873
151.547,-1.48745
151.59,-1.48762
151.644,-1.48779
151.696,-1.48798
151.745,-1.48817
151.792,-1.48837
151.844,-1.48859
151.898,-1.48881
151.946,-1.48903
151.996,-1.48926
152.046,-1.48948
152.094,-1.4897
152.143,-1.48991
152.198,-1.49012
152.243,-1.49033
152.294,-1.49053
152.344,-1.49072
152.391,-1.49091
152.444,-1.49111
152.492,-1.4913
152.544,-1.49149
152.594,-1.49168
152.643,-1.49187
152.692,-1.49207
152.746,-1.49227
152.796,-1.49247
152.844,-1.49267
152.891,-1.49288
152.944,-1.49308
152.992,-1.49328
153.043,-1.49348
153.095,-1.49368
153.143,-1.49387
153.191,-1.49407
153.244,-1.49427
153.291,-1.49447
153.344,-1.49467
153.39,-1.49488
153.443,-1.49509
153.493,-1.4953
153.541,-1.49551
153.591,-1.49573
153.643,-1.49594
153.689,-1.49614
153.743,-1.49634
153.794,-1.49654
153.842,-1.49672
153.896,-1.4969
153.942,-1.49707
153.992,-1.49725
154.041,-1.49742
154.093,-1.4976
154.142,-1.4978
154.19,-1.49799
154.24,-1.4982
154.292,-1.49842
154.338,-1.49864
154.391,-1.49887
154.442,-1.49909
154.494,-1.4993
154.54,-1.4995
154.591,-1.49969
154.643,-1.49987
154.689,-1.50004
154.74,-1.5002
154.789,-1.50036
154.84,-1.50051
154.895,-1.50067
154.941,-1.50083
154.989,-1.501
155.042,-1.50118
155.09,-1.50138
155.14,-1.50159
155.194,-1.50183
155.24,-1.50207
155.291,-1.50232
155.339,-1.50257
155.391,-1.50281
155.44,-1.50305
155.489,-1.50328
155.544,-1.5035
155.593,-1.50372
155.64,-1.50393
155.69,-1.50414
155.739,-1.50434
155.792,-1.50454
155.839,-1.50474
155.889,-1.50494
155.938,-1.50514
155.991,-1.50534
156.042,-1.50554
156.093,-1.50575
156.141,-1.50597
156.192,-1.50619
156.237,-1.50642
156.292,-1.50666
156.342,-1.5069
156.391,-1.50714
156.443,-1.50737
156.488,-1.50759
156.539,-1.5078
156.592,-1.508
156.642,-1.50819
156.683,-1.50837
156.741,-1.50854
156.787,-1.50871
156.842,-1.50887
156.888,-1.50903
156.94,-1.50918
156.989,-1.50935
157.038,-1.50951
157.09,-1.50969
157.138,-1.50987
157.189,-1.51006
157.236,-1.51027
157.287,-1.51049
157.34,-1.51072
157.386,-1.51095
157.441,-1.5112
157.487,-1.51144
157.538,-1.51169
157.59,-1.51194
157.636,-1.51218
157.691,-1.51242
157.739,-1.51266
157.787,-1.51288
157.837,-1.51311
157.892,-1.51332
157.938,-1.51353
157.988,-1.51373
158.035,-1.51392
158.088,-1.51411
158.136,-1.51429
158.187,-1.51447
158.24,-1.51464
158.286,-1.5148
158.338,-1.51497
158.384,-1.51513
158.435,-1.51529
158.489,-1.51546
158.538,-1.51563
158.589,-1.51581
158.635,-1.51599
158.686,-1.51617
158.737,-1.51637
158.787,-1.51657
158.838,-1.51678
158.888,-1.51699
158.938,-1.51721
158.988,-1.51743
159.036,-1.51764
159.087,-1.51785
159.136,-1.51805
159.186,-1.51823
159.238,-1.51841
159.287,-1.51858
159.338,-1.51875
159.39,-1.51892
159.435,-1.51909
159.487,-1.51927
159.535,-1.51946
159.587,-1.51966
159.634,-1.51987
159.685,-1.52009
159.736,-1.52031
159.788,-1.52054
159.833,-1.52078
159.887,-1.52101
159.934,-1.52123
159.985,-1.52145
160.034,-1.52166
160.088,-1.52186
160.137,-1.52204
160.186,-1.52223
160.237,-1.52241
160.287,-1.52258
160.334,-1.52276
160.386,-1.52293
160.437,-1.5231
160.486,-1.52326
160.535,-1.52343
160.584,-1.52359
160.634,-1.52375
160.683,-1.5239
160.734,-1.52406
160.784,-1.52422
160.833,-1.52438
160.884,-1.52454
160.936,-1.52471
160.984,-1.52489
161.035,-1.52507
161.085,-1.52526
161.135,-1.52545
161.186,-1.52563
161.233,-1.52581
161.284,-1.52599
161.334,-1.52616
161.381,-1.52633
161.438,-1.52651
161.484,-1.52668
161.536,-1.52685
161.582,-1.52702
161.631,-1.52719
161.687,-1.52736
161.734,-1.52754
161.784,-1.52773
161.832,-1.52793
161.883,-1.52814
161.935,-1.52835
161.982,-1.52857
162.033,-1.52879
162.085,-1.529
162.134,-1.5292
162.182,-1.5294
162.232,-1.52958
162.285,-1.52976
162.334,-1.52992
162.382,-1.53009
162.432,-1.53025
162.485,-1.53042
162.534,-1.53059
162.586,-1.53077
162.633,-1.53096
162.685,-1.53116
162.732,-1.53136
162.786,-1.53158
162.835,-1.5318
162.882,-1.53202
162.932,-1.53225
162.984,-1.53249
163.032,-1.53272
163.083,-1.53295
163.133,-1.53318
163.181,-1.53341
163.231,-1.53364
163.278,-1.53387
163.33,-1.5341
163.381,-1.53434
163.429,-1.53457
163.481,-1.53479
163.531,-1.53502
163.582,-1.53523
163.635,-1.53545
163.678,-1.53566
163.732,-1.53587
163.781,-1.53607
163.831,-1.53626
163.883,-1.53645
163.93,-1.53664
163.981,-1.53683
164.033,-1.53701
164.08,-1.5372
164.134,-1.5374
164.177,-1.5376
164.231,-1.53781
164.282,-1.53802
164.328,-1.53824
164.383,-1.53846
164.432,-1.53868
164.482,-1.5389
164.531,-1.5391
164.577,-1.5393
164.631,-1.53949
164.678,-1.53967
164.729,-1.53984
164.78,-1.54001
164.829,-1.54017
164.879,-1.54034
164.927,-1.54051
164.983,-1.54068
165.03,-1.54086
165.08,-1.54104
165.129,-1.54124
165.18,-1.54144
165.231,-1.54164
165.283,-1.54186
165.327,-1.54208
165.382,-1.54231
165.43,-1.54255
165.482,-1.54279
165.531,-1.54303
165.577,-1.54328
165.633,-1.54352
165.68,-1.54375
165.728,-1.54397
165.78,-1.54419
165.832,-1.54439
165.879,-1.54459
165.928,-1.54477
165.972,-1.54495
166.03,-1.54512
166.079,-1.54528
166.129,-1.54544
166.175,-1.54561
166.226,-1.54577
166.278,-1.54593
166.331,-1.5461
166.377,-1.54627
166.432,-1.54645
166.477,-1.54662
166.529,-1.5468
166.577,-1.54699
166.631,-1.54717
166.68,-1.54736
166.723,-1.54754
166.779,-1.54772
166.829,-1.54789
166.875,-1.54806
166.929,-1.54822
166.976,-1.54838
167.027,-1.54855
167.076,-1.54873
167.124,-1.54891
167.179,-1.5491
167.234,-1.54931
167.28,-1.54951
167.327,-1.54972
167.38,-1.54994
167.427,-1.55015
167.478,-1.55035
167.527,-1.55054
167.576,-1.55072
167.63,-1.5509
167.676,-1.55106
167.73,-1.55122
167.775,-1.55137
167.828,-1.55152
167.878,-1.55168
167.927,-1.55185
167.978,-1.55202
168.024,-1.55219
168.076,-1.55237
168.124,-1.55256
168.175,-1.55274
168.227,-1.55293
168.276,-1.55312
168.328,-1.55331
168.372,-1.5535
168.424,-1.55369
168.475,-1.55387
168.523,-1.55406
168.573,-1.55425
168.625,-1.55444
168.673,-1.55462
168.728,-1.55481
168.776,-1.55501
168.826,-1.55521
168.877,-1.55541
168.926,-1.55562
168.978,-1.55583
169.028,-1.55603
169.076,-1.55623
169.126,-1.55643
169.174,-1.55661
169.228,-1.55679
169.279,-1.55696
169.324,-1.55712
169.375,-1.55729
169.424,-1.55745
169.473,-1.55761
169.525,-1.55777
169.574,-1.55795
169.625,-1.55813
169.676,-1.55831
169.727,-1.5585
169.777,-1.55869
169.825,-1.55889
169.877,-1.55909
169.926,-1.55929
169.973,-1.55951
170.022,-1.55972
170.071,-1.55994
170.125,-1.56016
170.175,-1.56038
170.222,-1.5606
170.272,-1.56082
170.324,-1.56103
170.374,-1.56124
170.426,-1.56145
170.473,-1.56166
170.525,-1.56186
170.575,-1.56206
170.626,-1.56226
170.676,-1.56247
170.724,-1.56267
170.774,-1.56288
170.824,-1.56308
170.875,-1.56328
170.927,-1.56348
170.974,-1.56368
171.024,-1.56387
171.071,-1.56407
171.122,-1.56426
171.175,-1.56445
171.226,-1.56464
171.275,-1.56484
171.325,-1.56504
171.372,-1.56524
171.428,-1.56545
171.474,-1.56566
171.526,-1.56587
171.574,-1.56609
171.623,-1.5663
171.672,-1.56652
171.724,-1.56673
171.775,-1.56695
171.822,-1.56716
171.872,-1.56737
171.925,-1.56759
171.974,-1.5678
172.022,-1.56801
172.074,-1.56822
172.123,-1.56842
172.173,-1.56862
172.225,-1.56881
172.269,-1.569
172.321,-1.56919
172.371,-1.56939
172.423,-1.56959
172.474,-1.5698
172.521,-1.57003
172.574,-1.57026
172.62,-1.5705
172.671,-1.57075
172.722,-1.571
172.771,-1.57125
172.823,-1.57149
172.872,-1.57173
172.92,-1.57196
172.971,-1.57218
173.018,-1.5724
173.071,-1.57261
173.121,-1.57282
173.17,-1.57303
173.222,-1.57323
173.271,-1.57344
173.324,-1.57365
173.372,-1.57386
173.419,-1.57407
173.471,-1.57429
173.521,-1.57451
173.57,-1.57473
173.621,-1.57495
173.67,-1.57517
173.719,-1.5754
173.768,-1.57562
173.819,-1.57584
173.869,-1.57606
173.921,-1.57627
173.971,-1.57649
174.018,-1.57669
174.069,-1.5769
174.12,-1.57711
174.172,-1.57731
174.224,-1.57752
174.27,-1.57773
174.321,-1.57794
174.37,-1.57815
174.419,-1.57836
174.469,-1.57856
174.519,-1.57877
174.571,-1.57897
174.62,-1.57918
174.669,-1.57939
174.719,-1.5796
174.772,-1.5798
174.822,-1.58001
174.871,-1.58021
174.919,-1.5804
174.969,-1.58059
175.02,-1.58078
175.068,-1.58097
175.118,-1.58114
175.168,-1.58131
175.215,-1.58147
175.273,-1.58163
175.319,-1.58179
175.369,-1.58195
175.418,-1.58211
175.468,-1.58228
175.52,-1.58245
175.569,-1.58263
175.62,-1.58282
175.669,-1.58302
175.718,-1.58322
175.768,-1.58345
175.818,-1.58367
175.87,-1.58391
175.92,-1.58415
175.966,-1.5844
176.018,-1.58465
176.071,-1.5849
176.12,-1.58516
176.167,-1.58541
176.217,-1.58567
176.269,-1.58592
176.319,-1.58616
176.368,-1.5864
176.419,-1.58663
176.468,-1.58685
176.518,-1.58706
176.567,-1.58727
176.619,-1.58748
176.671,-1.58768
176.719,-1.58788
176.768,-1.58808
176.818,-1.58828
176.868,-1.58848
176.915,-1.58868
176.966,-1.58889
177.016,-1.5891
177.066,-1.58931
177.113,-1.58953
177.169,-1.58975
177.217,-1.58998
177.268,-1.59021
177.316,-1.59044
177.364,-1.59066
177.417,-1.59087
177.465,-1.59108
177.516,-1.59126
177.566,-1.59144
177.617,-1.5916
177.67,-1.59177
177.717,-1.59193
177.766,-1.5921
177.817,-1.59228
177.862,-1.59246
177.914,-1.59265
177.964,-1.59284
178.019,-1.59303
178.065,-1.59323
178.114,-1.59343
178.165,-1.59363
178.217,-1.59383
178.265,-1.59404
178.319,-1.59424
178.365,-1.59444
178.416,-1.59464
178.466,-1.59484
178.516,-1.59503
178.564,-1.59523
178.614,-1.59542
178.664,-1.59562
178.717,-1.59582
178.763,-1.59603
178.813,-1.59623
178.867,-1.59645
178.913,-1.59667
178.965,-1.59689
179.015,-1.59712
179.066,-1.59734
179.118,-1.59756
179.166,-1.59778
179.213,-1.59799
179.261,-1.5982
179.316,-1.5984
179.365,-1.59861
179.416,-1.59881
179.466,-1.59902
179.513,-1.59923
179.563,-1.59944
179.62,-1.59966
179.666,-1.59988
179.716,-1.6001
179.763,-1.60032
179.809,-1.60053
179.867,-1.60074
179.914,-1.60095
179.966,-1.60114
180.014,-1.60133
180.063,-1.60152
180.114,-1.60171
180.166,-1.60189
180.214,-1.60209
180.263,-1.60228
180.315,-1.60249
180.361,-1.60271
180.413,-1.60293
180.463,-1.60316
180.516,-1.6034
180.563,-1.60363
180.615,-1.60387
180.661,-1.6041
180.712,-1.60433
180.764,-1.60456
180.813,-1.60478
180.861,-1.60501
180.916,-1.60524
180.963,-1.60546
181.016,-1.60569
181.062,-1.6059
181.112,-1.60611
181.164,-1.6063
181.21,-1.60649
181.263,-1.60668
181.313,-1.60687
181.361,-1.60706
181.412,-1.60726
181.46,-1.60747
181.515,-1.60768
181.564,-1.6079
181.614,-1.60812
181.662,-1.60834
181.71,-1.60856
181.763,-1.60879
181.811,-1.60901
181.861,-1.60922
181.911,-1.60943
181.96,-1.60964
182.013,-1.60983
182.063,-1.61002
182.113,-1.6102
182.162,-1.61038
182.211,-1.61055
182.264,-1.61072
182.315,-1.61089
182.362,-1.61107
182.413,-1.61125
182.461,-1.61144
182.513,-1.61164
182.562,-1.61184
182.61,-1.61206
182.663,-1.61227
182.712,-1.61248
182.761,-1.61269
182.811,-1.6129
182.862,-1.61312
182.913,-1.61335
182.964,-1.61358
183.011,-1.61382
183.064,-1.61406
183.111,-1.61432
183.164,-1.61458
183.209,-1.61484
183.26,-1.61511
183.311,-1.61537
183.362,-1.61564
183.413,-1.6159
183.464,-1.61616
183.51,-1.61642
183.565,-1.61667
183.611,-1.61691
183.665,-1.61714
183.713,-1.61736
183.761,-1.61757
183.812,-1.61778
183.859,-1.61798
183.912,-1.61818
183.963,-1.61837
184.011,-1.61858
184.064,-1.61879
184.111,-1.61902
184.159,-1.61925
184.213,-1.61949
184.261,-1.61974
184.31,-1.62
184.359,-1.62026
184.411,-1.62052
184.466,-1.62078
184.511,-1.62103
184.56,-1.62127
184.61,-1.62151
184.658,-1.62174
184.712,-1.62196
184.762,-1.62219
184.813,-1.62241
184.861,-1.62264
184.91,-1.62288
184.962,-1.62312
185.012,-1.62338
185.06,-1.62365
185.11,-1.62393
185.159,-1.62421
185.208,-1.6245
185.26,-1.62479
185.31,-1.62507
185.358,-1.62535
185.41,-1.62561
185.458,-1.62587
185.508,-1.62611
185.556,-1.62635
185.61,-1.62657
185.657,-1.62679
185.708,-1.627
185.757,-1.62721
185.806,-1.62741
185.859,-1.62762
185.91,-1.62782
185.961,-1.62804
186.011,-1.62826
186.057,-1.62849
186.108,-1.62875
186.163,-1.62901
186.209,-1.62929
186.26,-1.62958
186.308,-1.62987
186.359,-1.63016
186.406,-1.63045
186.457,-1.63073
186.51,-1.631
186.555,-1.63127
186.607,-1.63153
186.658,-1.6318
186.709,-1.63206
186.76,-1.63233
186.806,-1.63259
186.859,-1.63287
186.909,-1.63315
186.957,-1.63345
187.009,-1.63375
187.059,-1.63405
187.103,-1.63436
187.159,-1.63467
187.209,-1.63499
187.258,-1.63531
187.308,-1.63563
187.355,-1.63595
187.407,-1.63626
187.454,-1.63657
187.508,-1.63688
187.558,-1.63718
187.607,-1.63748
187.66,-1.63778
187.703,-1.63808
187.758,-1.63837
187.81,-1.63866
187.856,-1.63894
187.905,-1.63922
187.957,-1.6395
188.007,-1.63977
188.059,-1.64002
188.107,-1.64027
188.157,-1.64051
188.205,-1.64075
188.256,-1.64098
188.308,-1.64122
188.355,-1.64147
188.403,-1.64172
188.457,-1.64198
188.505,-1.64224
188.554,-1.64252
188.609,-1.6428
188.656,-1.6431
188.708,-1.6434
188.756,-1.64372
188.806,-1.64404
188.857,-1.64437
188.905,-1.6447
188.954,-1.64503
189.005,-1.64537
189.056,-1.64571
189.105,-1.64604
189.157,-1.64638
189.207,-1.64671
189.255,-1.64704
189.305,-1.64737
189.355,-1.6477
189.402,-1.64803
189.456,-1.64837
189.504,-1.6487
189.558,-1.64905
189.607,-1.6494
189.656,-1.64975
189.702,-1.65012
189.755,-1.65049
189.806,-1.65086
189.856,-1.65124
189.902,-1.65163
189.955,-1.65201
190.006,-1.6524
190.053,-1.65278
190.102,-1.65316
190.154,-1.65354
190.203,-1.65393
190.251,-1.65432
190.301,-1.65472
190.353,-1.65513
190.403,-1.65554
190.456,-1.65597
190.505,-1.65641
190.552,-1.65685
190.602,-1.65731
190.651,-1.65779
190.707,-1.65827
190.754,-1.65876
190.806,-1.65926
190.854,-1.65977
190.901,-1.66027
190.953,-1.66075
191.003,-1.66116
191.054,-1.66154
191.106,-1.66195
191.153,-1.66238
191.202,-1.6628
191.255,-1.66325
191.306,-1.66369
191.359,-1.66419
191.405,-1.66475
191.452,-1.66528
191.505,-1.66579
191.554,-1.66627
191.604,-1.66677
191.651,-1.66727
191.702,-1.6678
191.751,-1.66833
191.804,-1.66888
191.858,-1.66941
191.901,-1.6699
191.954,-1.67046
192.001,-1.67101
192.05,-1.67152
192.104,-1.6721
192.154,-1.67267
192.202,-1.67319
192.252,-1.6738
192.3,-1.67443
192.355,-1.67507
192.403,-1.67573
192.454,-1.67638
192.503,-1.67705
192.548,-1.67771
192.602,-1.67838
192.654,-1.67904
192.704,-1.67971
192.753,-1.6804
192.799,-1.68113
192.852,-1.68186
192.902,-1.68258
192.95,-1.68326
193.002,-1.68395
193.051,-1.68466
193.099,-1.68538
193.155,-1.68612
193.203,-1.68688
193.254,-1.68764
193.304,-1.68842
193.348,-1.68917
193.402,-1.68989
193.45,-1.69066
193.505,-1.69143
193.551,-1.6922
193.602,-1.69297
193.652,-1.69374
193.699,-1.69452
193.752,-1.69531
193.799,-1.69614
193.85,-1.69693
193.899,-1.69772
193.951,-1.69851
194.0,-1.69931
194.052,-1.70012
194.098,-1.70095
194.154,-1.70178
194.199,-1.70262
194.251,-1.70347
194.3,-1.70433
194.348,-1.7052
194.4,-1.70607
194.449,-1.70694
194.499,-1.7078
194.55,-1.70866
194.602,-1.70951
194.65,-1.71035
194.698,-1.71119
194.75,-1.71202
194.801,-1.71285
194.849,-1.71368
194.901,-1.71451
194.947,-1.71535
194.998,-1.71618
195.051,-1.71703
195.101,-1.71788
195.151,-1.71873
195.2,-1.71959
195.247,-1.72044
195.3,-1.72129
195.349,-1.72214
195.398,-1.72298
195.451,-1.72382
195.502,-1.72465
195.547,-1.72548
195.6,-1.72629
195.65,-1.72709
195.7,-1.72788
195.75,-1.72866
195.798,-1.72945
195.848,-1.73026
195.898,-1.73114
195.948,-1.73211
195.996,-1.73306
196.048,-1.73395
196.099,-1.73478
196.147,-1.73554
196.2,-1.73636
196.25,-1.73719
196.295,-1.73805
196.345,-1.73896
196.398,-1.73978
196.446,-1.7406
196.499,-1.74148
196.55,-1.74233
196.598,-1.74316
196.647,-1.74404
196.699,-1.74491
196.747,-1.74579
196.799,-1.74669
196.85,-1.74748
196.898,-1.74828
196.948,-1.74915
196.999,-1.74993
197.048,-1.75073
197.098,-1.75158
197.147,-1.75232
197.199,-1.75303
197.251,-1.75372
197.295,-1.75438
197.349,-1.75497
197.398,-1.75554
197.448,-1.75608
197.494,-1.75663
197.548,-1.75718
197.601,-1.75768
197.65,-1.75823
197.696,-1.75877
197.748,-1.75931
197.797,-1.75983
197.848,-1.76035
197.896,-1.76086
197.945,-1.76137
197.993,-1.76188
198.046,-1.76238
198.099,-1.76282
198.145,-1.7632
198.196,-1.76365
198.243,-1.76405
198.296,-1.76438
198.348,-1.76479
198.397,-1.76519
198.446,-1.76559
198.496,-1.76597
198.544,-1.76633
198.594,-1.76663
198.645,-1.76687
198.692,-1.76718
198.746,-1.76752
198.79,-1.7678
198.846,-1.76808
198.899,-1.76839
198.946,-1.76864
198.997,-1.76887
199.046,-1.7691
199.093,-1.76932
199.146,-1.7695
199.196,-1.76965
199.248,-1.76983
199.293,-1.76995
199.346,-1.77003
199.394,-1.77017
199.444,-1.7703
199.497,-1.7704
199.543,-1.77049
199.593,-1.77058
199.645,-1.7707
199.695,-1.77087
199.744,-1.7711
199.796,-1.77135
199.841,-1.77161
199.894,-1.77187
199.944,-1.77212
199.995,-1.77236
200.044,-1.77259
200.096,-1.7728
200.143,-1.773
200.192,-1.77318
200.243,-1.77334
200.294,-1.77349
200.343,-1.77362
200.393,-1.77375
200.441,-1.77386
200.496,-1.77398
200.546,-1.77409
200.594,-1.7742
200.643,-1.77431
200.691,-1.77443
200.745,-1.77455
200.794,-1.77468
200.843,-1.77482
200.895,-1.77496
200.942,-1.7751
200.992,-1.77525
201.043,-1.77539
201.092,-1.77552
201.146,-1.77563
201.191,-1.77573
201.24,-1.77581
201.293,-1.77587
201.343,-1.77592
201.396,-1.77596
201.442,-1.77599
201.494,-1.77601
201.542,-1.77603
201.59,-1.77605
201.641,-1.77607
201.694,-1.7761
201.742,-1.77615
201.792,-1.77621
201.843,-1.77628
201.893,-1.77637
201.942,-1.77647
201.99,-1.77657
202.044,-1.77669
202.089,-1.77681
202.14,-1.77693
202.195,-1.77705
202.241,-1.77716
202.292,-1.77727
202.341,-1.77737
202.39,-1.77745
202.442,-1.77753
202.492,-1.77761
202.544,-1.77768
202.59,-1.77774
202.639,-1.77781
202.692,-1.77788
202.742,-1.77796
202.793,-1.77804
202.842,-1.77812
202.889,-1.7782
202.942,-1.77829
202.993,-1.77837
203.042,-1.77847
203.092,-1.77857
203.142,-1.77868
203.191,-1.7788
203.239,-1.77892
203.291,-1.77905
203.34,-1.77918
203.389,-1.77932
203.44,-1.77946
203.492,-1.7796
203.543,-1.77972
203.59,-1.77983
203.638,-1.77993
203.691,-1.78
203.739,-1.78006
203.792,-1.7801
203.843,-1.78013
203.891,-1.78015
203.94,-1.78017
203.988,-1.78019
204.037,-1.78022
204.088,-1.78027
204.14,-1.78033
204.187,-1.78041
204.239,-1.7805
204.289,-1.78061
204.341,-1.78072
204.39,-1.78084
204.439,-1.78095
204.492,-1.78106
204.54,-1.78115
204.591,-1.78123
204.642,-1.7813
204.692,-1.78135
204.74,-1.78139
204.789,-1.78143
204.842,-1.78146
204.891,-1.78149
204.941,-1.78152
204.989,-1.78156
205.037,-1.7816
205.087,-1.78165
205.14,-1.78171
205.191,-1.78178
205.241,-1.78185
205.285,-1.78193
205.337,-1.78202
205.387,-1.78211
205.44,-1.78221
205.49,-1.78231
205.537,-1.78241
205.587,-1.7825
205.637,-1.7826
205.688,-1.78269
205.737,-1.78276
205.786,-1.78283
205.838,-1.78289
205.888,-1.78294
205.937,-1.78299
205.988,-1.78304
206.04,-1.7831
206.088,-1.78317
206.134,-1.78325
206.182,-1.78335
206.236,-1.78346
206.289,-1.78359
206.336,-1.78373
206.387,-1.78388
206.435,-1.78403
206.487,-1.78419
206.536,-1.78434
206.586,-1.78449
206.638,-1.78463
206.688,-1.78477
206.737,-1.78489
206.788,-1.78499
206.835,-1.78508
206.888,-1.78516
206.935,-1.78522
206.989,-1.78527
207.034,-1.78532
207.087,-1.78537
207.137,-1.78542
207.187,-1.78547
207.233,-1.78554
207.287,-1.78561
207.337,-1.78569
207.388,-1.78578
207.434,-1.78588
207.483,-1.78599
207.534,-1.7861
207.584,-1.78622
207.637,-1.78634
207.685,-1.78646
207.735,-1.78658
207.79,-1.7867
207.837,-1.78682
207.886,-1.78693
207.939,-1.78704
207.983,-1.78714
208.035,-1.78723
208.084,-1.78732
208.137,-1.78741
208.185,-1.78749
208.234,-1.78757
208.283,-1.78765
208.332,-1.78772
208.385,-1.7878
208.438,-1.78789
208.486,-1.78798
208.536,-1.78807
208.586,-1.78818
208.633,-1.7883
208.685,-1.78843
208.732,-1.78858
208.785,-1.78874
208.834,-1.78892
208.885,-1.78909
208.938,-1.78926
208.983,-1.78943
209.037,-1.78958
209.085,-1.78973
209.134,-1.78987
209.187,-1.78999
209.235,-1.79011
209.286,-1.79022
209.337,-1.79033
209.384,-1.79043
209.433,-1.79053
209.485,-1.79063
209.538,-1.79074
209.584,-1.79086
209.634,-1.79098
209.688,-1.7911
209.732,-1.79123
209.786,-1.79135
209.838,-1.79148
209.883,-1.7916
209.934,-1.79172
209.983,-1.79184
210.036,-1.79196
210.085,-1.79208
210.132,-1.7922
210.183,-1.79232
210.231,-1.79244
210.284,-1.79255
210.335,-1.79266
210.384,-1.79277
210.434,-1.79288
210.484,-1.79298
210.534,-1.79308
210.584,-1.79319
210.635,-1.79331
210.684,-1.79343
210.732,-1.79357
210.783,-1.79371
210.832,-1.79387
210.883,-1.79402
210.938,-1.79418
210.985,-1.79434
211.032,-1.7945
211.082,-1.79465
211.133,-1.79479
211.186,-1.79493
211.236,-1.79505
211.283,-1.79516
211.333,-1.79525
211.382,-1.79534
211.433,-1.79543
211.479,-1.7955
211.532,-1.79558
211.58,-1.79566
211.631,-1.79574
211.681,-1.79582
211.733,-1.7959
211.782,-1.79598
211.832,-1.79606
211.882,-1.79615
211.93,-1.79625
211.98,-1.79635
212.03,-1.79646
212.081,-1.79657
212.13,-1.79668
212.182,-1.7968
212.233,-1.79691
212.282,-1.79701
212.329,-1.79712
212.378,-1.79722
212.433,-1.79732
212.483,-1.79742
212.531,-1.79751
212.581,-1.79761
212.633,-1.79771
212.68,-1.79781
212.73,-1.79792
212.782,-1.79803
212.829,-1.79814
212.879,-1.79825
212.93,-1.79836
212.984,-1.79847
213.028,-1.79859
213.081,-1.7987
213.132,-1.79882
213.179,-1.79894
213.231,-1.79906
213.279,-1.79918
213.33,-1.7993
213.381,-1.79943
213.428,-1.79956
213.48,-1.7997
213.532,-1.79984
213.583,-1.79999
213.633,-1.80015
213.681,-1.8003
213.73,-1.80046
213.78,-1.80061
213.83,-1.80076
213.881,-1.80092
213.928,-1.80107
213.982,-1.80122
214.027,-1.80137
214.079,-1.80152
214.132,-1.80168
214.182,-1.80182
214.23,-1.80197
214.277,-1.8021
214.327,-1.80223
214.38,-1.80235
214.431,-1.80247
214.481,-1.80257
214.529,-1.80267
214.577,-1.80277
214.631,-1.80286
214.683,-1.80296
214.728,-1.80307
214.778,-1.80319
214.832,-1.80333
214.877,-1.80349
214.928,-1.80366
214.98,-1.80383
215.028,-1.80402
215.079,-1.80421
215.126,-1.8044
215.179,-1.8046
215.231,-1.80479
215.278,-1.80497
215.327,-1.80516
215.38,-1.80534
215.428,-1.80551
215.475,-1.80567
215.531,-1.80583
215.578,-1.80598
215.63,-1.80612
215.676,-1.80624
215.725,-1.80637
215.78,-1.80648
215.827,-1.80659
215.877,-1.80671
215.926,-1.80682
215.976,-1.80694
216.03,-1.80706
216.077,-1.8072
216.125,-1.80735
216.177,-1.8075
216.225,-1.80767
216.277,-1.80784
216.328,-1.80801
216.377,-1.80819
216.428,-1.80837
216.48,-1.80854
216.526,-1.80871
216.578,-1.80889
216.63,-1.80906
216.678,-1.80924
216.729,-1.80942
216.778,-1.80961
216.824,-1.8098
216.877,-1.80999
216.925,-1.81017
216.972,-1.81035
217.029,-1.81053
217.077,-1.8107
217.124,-1.81086
217.177,-1.81101
217.228,-1.81116
217.274,-1.8113
217.327,-1.81144
217.375,-1.81159
217.431,-1.81174
217.479,-1.81189
217.527,-1.81204
217.575,-1.8122
217.625,-1.81236
217.677,-1.81252
217.727,-1.81269
217.775,-1.81285
217.822,-1.81302
217.873,-1.81319
217.929,-1.81335
217.976,-1.81351
218.025,-1.81367
218.076,-1.81382
218.126,-1.81397
218.176,-1.81411
218.224,-1.81425
218.273,-1.81438
218.326,-1.81452
218.372,-1.81465
218.425,-1.81479
218.474,-1.81493
218.525,-1.81507
218.576,-1.81521
218.624,-1.81535
218.673,-1.8155
218.724,-1.81565
218.774,-1.8158
218.824,-1.81595
218.874,-1.8161
218.926,-1.81625
218.976,-1.81639
219.025,-1.81653
219.074,-1.81666
219.121,-1.81678
219.174,-1.81691
219.222,-1.81703
219.273,-1.81716
219.326,-1.81729
219.374,-1.81742
219.424,-1.81756
219.474,-1.8177
219.523,-1.81785
219.574,-1.81801
219.625,-1.81817
219.676,-1.81833
219.727,-1.81847
219.77,-1.81861
219.823,-1.81873
219.875,-1.81884
219.921,-1.81894
219.972,-1.81904
220.019,-1.81914
220.072,-1.81923
220.124,-1.81933
220.172,-1.81944
220.224,-1.81956
220.27,-1.8197
220.32,-1.81984
220.372,-1.82001
220.424,-1.82018
220.474,-1.82037
220.522,-1.82056
220.57,-1.82077
220.622,-1.82097
220.671,-1.82118
220.724,-1.82139
220.771,-1.82159
220.822,-1.82178
220.87,-1.82197
220.921,-1.82215
220.973,-1.82233
221.025,-1.82249
221.069,-1.82264
221.121,-1.82278
221.17,-1.82291
221.222,-1.82304
221.271,-1.82317
221.322,-1.8233
221.372,-1.82343
221.419,-1.82357
221.473,-1.82371
221.524,-1.82386
221.572,-1.82402
221.624,-1.82418
221.668,-1.82434
221.722,-1.8245
221.77,-1.82466
221.824,-1.82483
221.87,-1.825
221.92,-1.82516
221.973,-1.82533
222.021,-1.82551
222.074,-1.82568
222.123,-1.82587
222.169,-1.82605
222.222,-1.82624
222.271,-1.82642
222.32,-1.8266
222.373,-1.82677
222.421,-1.82694
222.472,-1.8271
222.522,-1.82725
222.571,-1.82741
222.62,-1.82757
222.671,-1.82772
222.72,-1.82789
222.768,-1.82806
222.82,-1.82823
222.869,-1.82839
222.922,-1.82856
222.97,-1.82872
223.02,-1.82887
223.069,-1.82902
223.124,-1.82917
223.17,-1.82932
223.218,-1.82948
223.27,-1.82963
223.319,-1.82978
223.369,-1.82992
223.42,-1.83007
223.473,-1.83022
223.518,-1.83036
223.567,-1.83051
223.62,-1.83064
223.672,-1.83078
223.72,-1.83091
223.773,-1.83104
223.818,-1.83117
223.869,-1.83131
223.918,-1.83145
223.972,-1.83161
224.02,-1.83177
224.069,-1.83195
224.118,-1.83213
224.17,-1.83233
224.219,-1.83253
224.27,-1.83274
224.316,-1.83295
224.37,-1.83315
224.418,-1.83335
224.467,-1.83353
224.517,-1.83371
224.564,-1.83388
224.619,-1.83404
224.667,-1.83421
224.719,-1.83437
224.77,-1.83453
224.818,-1.8347
224.87,-1.83486
224.919,-1.83504
224.969,-1.83521
225.022,-1.83539
225.069,-1.83557
225.114,-1.83575
225.168,-1.83592
225.216,-1.83608
225.265,-1.83622
225.318,-1.83636
225.369,-1.83649
225.42,-1.83661
225.465,-1.83673
225.518,-1.83684
225.569,-1.83695
225.617,-1.83706
225.668,-1.83718
225.714,-1.8373
225.766,-1.83742
225.817,-1.83755
225.868,-1.83768
225.919,-1.83782
225.966,-1.83796
226.017,-1.83811
226.065,-1.83827
226.115,-1.83844
226.172,-1.83861
226.217,-1.83878
226.265,-1.83896
226.318,-1.83914
226.364,-1.83931
226.418,-1.83948
226.466,-1.83965
226.516,-1.83982
226.564,-1.83997
226.614,-1.84012
226.668,-1.84027
226.719,-1.84041
226.765,-1.84054
226.816,-1.84068
226.865,-1.84082
226.917,-1.84097
226.965,-1.84112
227.014,-1.84127
227.066,-1.84143
227.111,-1.8416
227.167,-1.84177
227.216,-1.84195
227.267,-1.84213
227.314,-1.84232
227.365,-1.84251
227.415,-1.84269
227.466,-1.84287
227.518,-1.84304
227.568,-1.84321
227.615,-1.84337
227.667,-1.84352
227.715,-1.84366
227.766,-1.84381
227.82,-1.84396
227.864,-1.84412
227.915,-1.8443
227.965,-1.84448
228.014,-1.84467
228.069,-1.84486
228.113,-1.84505
228.162,-1.84525
228.215,-1.84544
228.264,-1.84564
228.315,-1.84583
228.364,-1.84601
228.413,-1.84619
228.462,-1.84637
228.512,-1.84655
228.565,-1.84673
228.616,-1.84691
228.663,-1.84709
228.713,-1.84728
228.765,-1.84748
228.817,-1.84767
228.865,-1.84787
228.914,-1.84808
228.965,-1.84828
229.015,-1.84848
229.067,-1.84868
229.115,-1.84886
229.164,-1.84904
229.212,-1.84921
229.265,-1.84937
229.314,-1.84952
229.363,-1.84968
229.413,-1.84983
229.464,-1.84999
229.513,-1.85015
229.562,-1.85031
229.615,-1.85047
229.661,-1.85063
229.715,-1.85079
229.764,-1.85096
229.813,-1.85113
229.865,-1.8513
229.913,-1.85147
229.963,-1.85164
230.014,-1.85181
230.062,-1.85199
230.112,-1.85217
230.165,-1.85235
230.212,-1.85253
230.261,-1.85272
230.311,-1.8529
230.363,-1.85308
230.412,-1.85326
230.462,-1.85344
230.511,-1.85362
230.562,-1.85381
230.613,-1.85399
230.66,-1.85417
230.712,-1.85436
230.764,-1.85454
230.811,-1.85473
230.864,-1.85492
230.911,-1.85511
230.962,-1.85529
231.012,-1.85548
231.063,-1.85566
231.112,-1.85586
231.162,-1.85606
231.213,-1.85626
231.263,-1.85646
231.311,-1.85667
231.363,-1.85689
231.41,-1.85711
231.461,-1.85733
231.512,-1.85755
231.562,-1.85778
231.616,-1.858
231.661,-1.85823
231.709,-1.85845
231.76,-1.85866
231.81,-1.85886
231.861,-1.85905
231.909,-1.85924
231.958,-1.85941
232.013,-1.85959
232.059,-1.85975
232.112,-1.85992
232.163,-1.86008
232.209,-1.86023
232.259,-1.86038
232.308,-1.86053
232.361,-1.86068
232.411,-1.86082
232.457,-1.86097
232.51,-1.86112
232.56,-1.86128
232.612,-1.86144
232.662,-1.86161
232.711,-1.86179
232.761,-1.86197
232.808,-1.86215
232.861,-1.86234
232.91,-1.86253
232.958,-1.86272
233.007,-1.86291
233.06,-1.86311
233.107,-1.86331
233.16,-1.86352
233.21,-1.86372
233.262,-1.86392
233.312,-1.86411
233.358,-1.8643
233.411,-1.86448
233.462,-1.86465
233.508,-1.86481
233.56,-1.86496
233.609,-1.86511
233.659,-1.86525
233.709,-1.8654
233.761,-1.86554
233.808,-1.86568
233.857,-1.86582
233.907,-1.86596
233.959,-1.86612
234.01,-1.86628
234.06,-1.86645
234.105,-1.86664
234.158,-1.86684
234.209,-1.86705
234.258,-1.86727
234.309,-1.8675
234.359,-1.86772
234.41,-1.86795
234.46,-1.86817
234.509,-1.86839
234.56,-1.8686
234.606,-1.8688
234.657,-1.869
234.706,-1.86919
234.757,-1.86937
234.811,-1.86955
234.858,-1.86972
234.908,-1.86989
234.957,-1.87006
235.008,-1.87023
235.058,-1.87041
235.107,-1.87059
235.157,-1.87077
235.206,-1.87095
235.256,-1.87113
235.31,-1.87132
235.356,-1.8715
235.406,-1.87169
235.46,-1.87187
235.503,-1.87205
235.561,-1.87224
235.604,-1.87242
235.657,-1.8726
235.707,-1.87278
235.753,-1.87295
235.806,-1.87312
235.855,-1.8733
235.907,-1.87349
235.957,-1.87367
236.006,-1.87386
236.055,-1.87405
236.108,-1.87423
236.157,-1.87442
236.205,-1.8746
236.255,-1.87479
236.308,-1.87497
236.356,-1.87515
236.402,-1.87534
236.457,-1.87552
236.507,-1.8757
236.556,-1.87588
236.607,-1.87607
236.654,-1.87625
236.709,-1.87644
236.758,-1.87663
236.805,-1.87682
236.854,-1.87701
236.906,-1.87721
236.956,-1.8774
237.004,-1.87759
237.055,-1.87777
237.105,-1.87795
237.156,-1.87812
237.209,-1.8783
237.254,-1.87849
237.303,-1.87869
237.357,-1.87888
237.404,-1.87909
237.456,-1.8793
237.51,-1.87951
237.556,-1.87972
237.605,-1.87994
237.654,-1.88015
237.706,-1.88036
237.754,-1.88057
237.805,-1.88077
237.856,-1.88096
237.904,-1.88114
237.953,-1.88132
238.004,-1.88148
238.053,-1.88164
238.104,-1.88179
238.155,-1.88194
238.204,-1.88208
238.255,-1.88223
238.303,-1.88239
238.353,-1.88255
238.405,-1.88272
238.455,-1.8829
238.505,-1.88309
238.552,-1.88328
238.605,-1.88349
238.655,-1.88369
238.706,-1.8839
238.751,-1.88411
238.802,-1.88432
238.853,-1.88452
238.905,-1.88471
238.956,-1.8849
239.004,-1.88508
239.051,-1.88525
239.104,-1.88541
239.153,-1.88557
239.205,-1.88572
239.253,-1.88588
239.302,-1.88603
239.354,-1.88619
239.4,-1.88636
239.454,-1.88653
239.506,-1.88671
239.551,-1.8869
239.603,-1.8871
239.653,-1.88731
239.702,-1.88753
239.753,-1.88774
239.798,-1.88796
239.85,-1.88817
239.902,-1.88837
239.953,-1.88857
240.003,-1.88876
240.052,-1.88895
240.101,-1.88913
240.152,-1.88931
240.198,-1.88949
240.253,-1.88967
240.304,-1.88985
240.351,-1.89003
240.403,-1.89022
240.452,-1.8904
240.5,-1.89059
240.551,-1.89078
240.603,-1.89098
240.653,-1.89118
240.701,-1.89138
240.751,-1.89159
240.801,-1.8918
240.849,-1.89201
240.901,-1.89221
240.949,-1.89241
241.003,-1.89261
241.052,-1.89279
241.104,-1.89297
241.148,-1.89314
241.199,-1.8933
241.253,-1.89344
241.302,-1.89358
241.351,-1.89371
241.4,-1.89385
241.452,-1.89398
241.502,-1.89412
241.553,-1.89427
241.6,-1.89443
241.651,-1.8946
241.701,-1.89479
241.748,-1.89499
241.799,-1.8952
241.85,-1.89542
241.901,-1.89565
241.951,-1.89588
241.999,-1.89612
242.048,-1.89635
242.1,-1.89657
242.151,-1.89678
242.2,-1.89698
242.248,-1.89717
242.3,-1.89734
242.35,-1.8975
242.403,-1.89766
242.449,-1.8978
242.5,-1.89794
242.547,-1.89808
242.599,-1.89821
242.65,-1.89836
242.698,-1.89851
242.749,-1.89867
242.8,-1.89885
242.846,-1.89904
242.901,-1.89923
242.95,-1.89944
242.999,-1.89966
243.05,-1.89988
243.099,-1.90011
243.148,-1.90035
243.198,-1.90059
243.249,-1.90084
243.301,-1.90108
243.348,-1.90132
243.401,-1.90155
243.451,-1.90176
243.499,-1.90197
243.553,-1.90216
243.599,-1.90234
243.649,-1.90251
243.698,-1.90268
243.749,-1.90284
243.8,-1.90299
243.845,-1.90314
243.899,-1.9033
243.946,-1.90347
243.996,-1.90365
244.049,-1.90384
244.096,-1.90405
244.147,-1.90426
244.2,-1.90449
244.247,-1.90473
244.3,-1.90496
244.35,-1.90521
244.398,-1.90545
244.45,-1.9057
244.499,-1.90593
244.55,-1.90616
244.6,-1.90639
244.647,-1.9066
244.697,-1.90682
244.749,-1.90702
244.798,-1.90723
244.85,-1.90743
244.9,-1.90763
244.95,-1.90782
244.996,-1.90802
245.048,-1.90822
245.096,-1.90842
245.148,-1.90862
245.194,-1.90883
245.249,-1.90903
245.296,-1.90924
245.348,-1.90944
245.396,-1.90965
245.451,-1.90985
245.499,-1.91005
245.548,-1.91025
245.596,-1.91043
245.651,-1.9106
245.698,-1.91076
245.748,-1.91091
245.799,-1.91105
245.847,-1.91119
245.894,-1.91132
245.95,-1.91146
245.997,-1.9116
246.047,-1.91175
246.1,-1.91191
246.147,-1.91209
246.2,-1.91227
246.249,-1.91247
246.299,-1.91267
246.345,-1.91288
246.396,-1.91309
246.45,-1.9133
246.498,-1.91351
246.547,-1.91371
246.597,-1.91391
246.647,-1.91409
246.698,-1.91426
246.747,-1.91443
246.797,-1.9146
246.848,-1.91477
246.897,-1.91495
246.948,-1.91513
246.998,-1.91533
247.047,-1.91554
247.098,-1.91577
247.148,-1.916
247.194,-1.91624
247.247,-1.91649
247.3,-1.91675
247.347,-1.917
247.397,-1.91725
247.449,-1.91749
247.497,-1.91772
247.547,-1.91795
247.595,-1.91816
247.646,-1.91836
247.697,-1.91856
247.745,-1.91875
247.794,-1.91893
247.848,-1.91911
247.896,-1.9193
247.945,-1.91948
247.995,-1.91967
248.043,-1.91985
248.096,-1.92005
248.146,-1.92024
248.196,-1.92043
248.245,-1.92062
248.294,-1.92082
248.346,-1.92101
248.394,-1.9212
248.447,-1.9214
248.497,-1.9216
248.543,-1.92181
248.597,-1.92203
248.647,-1.92225
248.696,-1.92247
248.746,-1.92269
248.795,-1.92291
248.846,-1.92312
248.895,-1.92333
248.943,-1.92353
248.994,-1.92372
249.047,-1.9239
249.095,-1.92408
249.145,-1.92425
249.195,-1.92441
249.246,-1.92457
249.293,-1.92473
249.345,-1.92488
249.392,-1.92503
249.446,-1.92518
249.496,-1.92533
249.544,-1.92547
249.595,-1.92561
249.642,-1.92576
249.697,-1.9259
249.745,-1.92605
249.794,-1.92619
249.846,-1.92635
249.893,-1.92651
249.947,-1.92668
249.997,-1.92685
250.043,-1.92704
250.094,-1.92723
250.142,-1.92744
250.192,-1.92765
250.244,-1.92788
250.293,-1.9281
250.345,-1.92833
250.392,-1.92855
250.444,-1.92878
250.494,-1.92901
250.543,-1.92924
250.594,-1.92947
250.644,-1.92972
250.691,-1.92997
250.742,-1.93022
250.791,-1.93047
250.844,-1.93072
250.893,-1.93096
250.943,-1.9312
250.992,-1.93142
251.042,-1.93163
251.093,-1.93182
251.143,-1.932
251.191,-1.93217
251.243,-1.93232
251.293,-1.93246
251.34,-1.9326
251.391,-1.93273
251.444,-1.93288
251.489,-1.93304
251.541,-1.93322
251.594,-1.93341
251.644,-1.93362
251.69,-1.93384
251.742,-1.93407
251.791,-1.93429
251.84,-1.93451
251.892,-1.93473
251.939,-1.93495
251.995,-1.93516
252.043,-1.93536
252.09,-1.93555
252.144,-1.93573
252.193,-1.93591
252.244,-1.93608
252.291,-1.93626
252.341,-1.93643
252.394,-1.93661
252.442,-1.9368
252.492,-1.93699
252.542,-1.93719
252.59,-1.93739
252.645,-1.9376
252.692,-1.93781
252.743,-1.93802
252.792,-1.93824
252.843,-1.93845
252.891,-1.93865
252.94,-1.93885
252.992,-1.93904
253.04,-1.93923
253.089,-1.93941
253.143,-1.93958
253.189,-1.93976
253.243,-1.93993
253.294,-1.9401
253.34,-1.94027
253.393,-1.94043
253.439,-1.94059
253.491,-1.94075
253.541,-1.9409
253.592,-1.94105
253.642,-1.94121
253.69,-1.94138
253.738,-1.94155
253.792,-1.94174
253.841,-1.94193
253.892,-1.94213
253.941,-1.94233
253.991,-1.94255
254.044,-1.94277
254.088,-1.94299
254.141,-1.94323
254.19,-1.94346
254.238,-1.9437
254.291,-1.94394
254.342,-1.94419
254.392,-1.94444
254.438,-1.94469
254.487,-1.94494
254.538,-1.94519
254.588,-1.94544
254.643,-1.94568
254.69,-1.94591
254.74,-1.94615
254.791,-1.94637
254.837,-1.94659
254.889,-1.94681
254.941,-1.94701
254.988,-1.94721
255.036,-1.94739
255.088,-1.94757
255.138,-1.94775
255.19,-1.94793
255.239,-1.94811
255.29,-1.94829
255.338,-1.94848
255.387,-1.94867
255.44,-1.94886
255.485,-1.94906
255.538,-1.94925
255.586,-1.94944
255.635,-1.94963
255.687,-1.94981
255.738,-1.94998
255.79,-1.95014
255.838,-1.95029
255.887,-1.95044
255.94,-1.9506
255.99,-1.95077
256.038,-1.95096
256.087,-1.95117
256.135,-1.9514
256.187,-1.95165
256.237,-1.95192
256.289,-1.95219
256.341,-1.95247
256.387,-1.95273
256.435,-1.95298
256.486,-1.9532
256.539,-1.9534
256.589,-1.95358
256.635,-1.95374
256.684,-1.95387
256.733,-1.954
256.787,-1.95411
256.839,-1.95422
256.885,-1.95434
256.936,-1.95446
256.987,-1.95459
257.034,-1.95474
257.085,-1.95491
257.137,-1.95509
257.184,-1.95528
257.236,-1.95548
257.29,-1.95568
257.336,-1.9559
257.385,-1.95611
257.437,-1.95633
257.486,-1.95655
257.534,-1.95676
257.59,-1.95697
257.637,-1.95717
257.684,-1.95737
257.736,-1.95756
257.786,-1.95776
257.837,-1.95796
257.885,-1.95816
257.939,-1.95836
257.988,-1.95856
258.036,-1.95876
258.087,-1.95897
258.135,-1.95918
258.188,-1.9594
258.237,-1.95962
258.283,-1.95984
258.332,-1.96007
258.383,-1.9603
258.434,-1.96053
258.484,-1.96076
258.534,-1.96099
258.587,-1.96122
258.631,-1.96144
258.686,-1.96167
258.735,-1.96188
258.783,-1.9621
258.837,-1.96231
258.883,-1.96251
258.933,-1.9627
258.984,-1.96288
259.033,-1.96306
259.086,-1.96322
259.135,-1.96338
259.184,-1.96352
259.236,-1.96367
259.285,-1.9638
259.335,-1.96394
259.381,-1.96408
259.438,-1.96423
259.483,-1.96439
259.537,-1.96456
259.588,-1.96474
259.636,-1.96494
259.684,-1.96514
259.731,-1.96535
259.783,-1.96556
259.833,-1.96578
259.884,-1.966
259.932,-1.96621
259.987,-1.96643
260.033,-1.96663
260.083,-1.96684
260.135,-1.96703
260.186,-1.96721
260.231,-1.96738
260.283,-1.96755
260.334,-1.96771
260.384,-1.96787
260.434,-1.96803
260.486,-1.9682
260.532,-1.96837
260.582,-1.96855
260.635,-1.96875
260.684,-1.96897
260.734,-1.96921
260.782,-1.96945
260.832,-1.96971
260.881,-1.96996
260.93,-1.97021
260.983,-1.97045
261.033,-1.97068
261.083,-1.97089
261.131,-1.97109
261.181,-1.97128
261.231,-1.97145
261.28,-1.97162
261.331,-1.97179
261.38,-1.97196
261.43,-1.97214
261.483,-1.97232
261.532,-1.97251
261.579,-1.97271
261.631,-1.97292
261.682,-1.97314
261.731,-1.97337
261.779,-1.97361
261.832,-1.97385
261.879,-1.97408
261.929,-1.97432
261.984,-1.97455
262.034,-1.97478
262.081,-1.975
262.129,-1.97522
262.179,-1.97543
262.23,-1.97563
262.28,-1.97583
262.335,-1.97603
262.383,-1.97622
262.431,-1.97642
262.478,-1.97662
262.533,-1.97682
262.581,-1.97702
262.633,-1.97722
262.677,-1.97742
262.733,-1.97762
262.781,-1.97781
262.832,-1.97799
262.882,-1.97816
262.93,-1.97833
262.98,-1.9785
263.032,-1.97866
263.081,-1.97883
263.132,-1.97899
263.18,-1.97915
263.23,-1.97932
263.283,-1.97948
263.327,-1.97965
263.379,-1.97982
263.431,-1.97999
263.479,-1.98016
263.529,-1.98033
263.579,-1.9805
263.631,-1.98067
263.679,-1.98084
263.729,-1.98101
263.78,-1.98119
263.829,-1.98137
263.879,-1.98156
263.927,-1.98176
263.98,-1.98196
264.03,-1.98217
264.076,-1.98239
264.132,-1.98261
264.179,-1.98284
264.232,-1.98306
264.28,-1.98327
264.33,-1.98347
264.378,-1.98366
264.428,-1.98384
264.48,-1.98401
264.53,-1.98417
264.577,-1.98432
264.627,-1.98447
264.681,-1.98461
264.728,-1.98475
264.782,-1.9849
264.828,-1.98505
264.879,-1.9852
264.928,-1.98537
264.976,-1.98554
265.03,-1.98572
265.078,-1.9859
265.128,-1.98609
265.175,-1.98628
265.23,-1.98648
265.28,-1.98667
265.329,-1.98687
265.376,-1.98707
265.427,-1.98726
265.477,-1.98745
265.527,-1.98763
265.578,-1.98779
265.627,-1.98795
265.678,-1.98811
265.728,-1.98825
265.777,-1.98839
265.827,-1.98853
265.876,-1.98866
265.928,-1.9888
265.977,-1.98894
266.028,-1.98909
266.074,-1.98924
266.129,-1.98942
266.177,-1.9896
266.227,-1.98979
266.278,-1.98998
266.329,-1.99017
266.377,-1.99036
266.427,-1.99055
266.476,-1.99075
266.529,-1.99093
266.581,-1.99112
266.629,-1.99131
266.676,-1.9915
266.729,-1.99169
266.776,-1.99188
266.826,-1.99206
266.881,-1.99224
266.926,-1.99241
266.979,-1.99257
267.027,-1.99273
267.078,-1.99289
267.125,-1.99304
267.177,-1.9932
267.228,-1.99335
267.28,-1.99351
267.327,-1.99368
267.375,-1.99384
267.428,-1.99401
267.474,-1.99418
267.526,-1.99435
267.576,-1.99452
267.627,-1.99469
267.678,-1.99487
267.726,-1.99505
267.776,-1.99524
267.826,-1.99543
267.874,-1.99563
267.924,-1.99584
267.974,-1.99606
268.025,-1.99628
268.075,-1.9965
268.125,-1.99672
268.177,-1.99694
268.224,-1.99716
268.274,-1.99737
268.326,-1.99758
268.374,-1.9978
268.425,-1.99801
268.474,-1.99822
268.523,-1.99843
268.574,-1.99863
268.626,-1.99883
268.675,-1.99903
268.724,-1.99922
268.776,-1.9994
268.827,-1.99958
268.874,-1.99976
268.926,-1.99993
268.974,-2.00009
269.022,-2.00025
269.076,-2.00041
269.126,-2.00056
269.177,-2.00073
269.225,-2.00089
269.274,-2.00107
269.326,-2.00125
269.376,-2.00145
269.423,-2.00164
269.475,-2.00185
269.525,-2.00207
269.577,-2.00229
269.625,-2.00251
269.673,-2.00273
269.723,-2.00295
269.774,-2.00317
269.825,-2.00338
269.873,-2.00358
269.926,-2.00377
269.974,-2.00395
270.023,-2.00413
270.072,-2.0043
270.122,-2.00447
270.172,-2.00464
270.225,-2.00481
270.27,-2.00498
270.322,-2.00515
270.372,-2.00533
270.422,-2.00551
270.474,-2.00569
270.52,-2.00587
270.573,-2.00606
270.618,-2.00624
270.673,-2.00642
270.724,-2.00661
270.772,-2.0068
270.822,-2.00699
270.872,-2.00718
270.924,-2.00737
270.977,-2.00755
271.025,-2.00774
271.076,-2.00792
271.123,-2.00809
271.171,-2.00826
271.223,-2.00843
271.27,-2.00859
271.323,-2.00876
271.374,-2.00892
271.42,-2.00909
271.473,-2.00925
271.523,-2.00942
271.573,-2.00957
271.627,-2.00973
271.672,-2.00988
271.723,-2.01003
271.774,-2.01019
271.822,-2.01035
271.874,-2.01052
271.923,-2.0107
271.974,-2.01089
272.022,-2.01108
272.072,-2.01128
272.123,-2.01149
272.172,-2.01169
272.223,-2.01188
272.272,-2.01206
272.324,-2.01224
272.372,-2.01242
272.424,-2.01258
272.471,-2.01275
272.519,-2.01292
272.569,-2.01309
272.621,-2.01326
272.669,-2.01344
272.72,-2.01361
272.77,-2.01379
272.821,-2.01397
272.871,-2.01415
272.921,-2.01432
272.972,-2.01448
273.02,-2.01465
273.07,-2.01481
273.122,-2.01498
273.17,-2.01515
273.22,-2.01533
273.27,-2.01551
273.319,-2.01569
273.37,-2.01587
273.417,-2.01605
273.468,-2.01624
273.519,-2.01642
273.57,-2.0166
273.621,-2.01678
273.67,-2.01696
273.718,-2.01714
273.768,-2.01732
273.819,-2.0175
273.871,-2.01768
273.921,-2.01786
273.973,-2.01805
274.022,-2.01823
274.071,-2.01842
274.12,-2.01861
274.169,-2.0188
274.22,-2.01899
274.27,-2.01918
274.32,-2.01937
274.367,-2.01956
274.417,-2.01974
274.47,-2.01992
274.518,-2.0201
274.569,-2.02027
274.618,-2.02044
274.665,-2.02062
274.718,-2.02079
274.769,-2.02096
274.817,-2.02114
274.869,-2.02132
274.919,-2.0215
274.968,-2.0217
275.018,-2.0219
275.065,-2.02211
275.122,-2.02232
275.168,-2.02254
275.221,-2.02275
275.27,-2.02296
275.321,-2.02317
275.368,-2.02337
275.418,-2.02357
275.466,-2.02378
275.518,-2.02399
275.567,-2.02421
275.616,-2.02444
275.666,-2.02467
275.72,-2.02491
275.768,-2.02514
275.819,-2.02538
275.87,-2.02561
275.918,-2.02584
275.968,-2.02605
276.018,-2.02627
276.067,-2.02649
276.116,-2.0267
276.169,-2.02692
276.216,-2.02714
276.268,-2.02736
276.316,-2.02758
276.367,-2.02781
276.416,-2.02804
276.47,-2.02828
276.515,-2.02851
276.567,-2.02875
276.619,-2.02898
276.666,-2.02921
276.714,-2.02944
276.766,-2.02966
276.818,-2.02988
276.867,-2.03008
276.917,-2.03028
276.969,-2.03048
277.017,-2.03067
277.068,-2.03086
277.118,-2.03105
277.165,-2.03124
277.214,-2.03144
277.266,-2.03164
277.316,-2.03184
277.363,-2.03204
277.415,-2.03223
277.466,-2.03242
277.518,-2.0326
277.567,-2.03278
277.614,-2.03295
277.667,-2.03312
277.716,-2.03329
277.766,-2.03346
277.817,-2.03364
277.862,-2.03383
277.918,-2.03402
277.965,-2.03421
278.016,-2.0344
278.066,-2.03459
278.115,-2.03478
278.167,-2.03497
278.215,-2.03516
278.262,-2.03535
278.315,-2.03554
278.365,-2.03574
278.416,-2.03594
278.464,-2.03615
278.515,-2.03637
278.566,-2.0366
278.614,-2.03684
278.665,-2.03708
278.712,-2.03733
278.767,-2.03757
278.813,-2.03782
278.865,-2.03806
278.917,-2.0383
278.963,-2.03852
279.013,-2.03874
279.061,-2.03895
279.113,-2.03914
279.164,-2.03933
279.211,-2.03952
279.263,-2.0397
279.311,-2.03988
279.359,-2.04007
279.415,-2.04027
279.462,-2.04048
279.512,-2.04069
279.565,-2.04092
279.61,-2.04114
279.666,-2.04137
279.714,-2.0416
279.763,-2.04183
279.814,-2.04205
279.864,-2.04227
279.914,-2.04248
279.963,-2.04268
280.011,-2.04288
280.063,-2.04308
280.111,-2.04327
280.161,-2.04347
280.212,-2.04367
280.264,-2.04387
280.311,-2.04407
280.361,-2.04427
280.412,-2.04447
280.461,-2.04467
280.514,-2.04486
280.562,-2.04506
280.611,-2.04525
280.663,-2.04544
280.71,-2.04563
280.763,-2.04582
280.814,-2.04601
280.863,-2.0462
280.911,-2.0464
280.963,-2.04659
281.014,-2.04679
281.064,-2.04697
281.114,-2.04716
281.164,-2.04734
281.215,-2.04751
281.259,-2.04767
281.312,-2.04783
281.364,-2.04798
281.414,-2.04813
281.461,-2.04827
281.511,-2.04841
281.566,-2.04856
281.613,-2.04871
281.661,-2.04887
281.71,-2.04904
281.758,-2.04922
281.813,-2.04941
281.862,-2.0496
281.912,-2.04981
281.963,-2.05001
282.012,-2.05022
282.063,-2.05043
282.11,-2.05063
282.161,-2.05083
282.208,-2.05101
282.258,-2.0512
282.312,-2.05138
282.362,-2.05157
282.411,-2.05177
282.461,-2.05197
282.513,-2.05218
282.562,-2.05239
282.61,-2.05261
282.663,-2.05284
282.713,-2.05306
282.761,-2.05327
282.81,-2.05349
282.86,-2.0537
282.909,-2.05391
282.963,-2.05412
283.01,-2.05433
283.062,-2.05454
283.108,-2.05475
283.158,-2.05495
283.211,-2.05516
283.259,-2.05537
283.311,-2.05557
283.361,-2.05578
283.412,-2.05598
283.462,-2.05618
283.512,-2.05638
283.561,-2.05658
283.609,-2.05677
283.661,-2.05696
283.709,-2.05714
283.76,-2.05733
283.81,-2.05751
283.856,-2.0577
283.908,-2.05789
283.961,-2.05809
284.007,-2.05829
284.059,-2.0585
284.109,-2.05873
284.158,-2.05895
284.207,-2.05918
284.257,-2.05941
284.307,-2.05963
284.358,-2.05983
284.407,-2.06003
284.46,-2.06021
284.508,-2.06039
284.56,-2.06056
284.608,-2.06073
284.658,-2.0609
284.708,-2.06108
284.755,-2.06126
284.808,-2.06145
284.859,-2.06164
284.91,-2.06183
284.96,-2.06202
285.004,-2.06222
285.058,-2.06241
285.108,-2.06261
285.159,-2.06281
285.208,-2.06301
285.258,-2.06321
285.306,-2.06342
285.357,-2.06363
285.406,-2.06383
285.458,-2.06403
285.507,-2.06422
285.557,-2.0644
285.607,-2.06457
285.659,-2.06473
285.708,-2.06488
285.756,-2.06503
285.806,-2.06517
285.856,-2.06531
285.906,-2.06546
285.96,-2.06562
286.007,-2.06579
286.057,-2.06598
286.109,-2.0662
286.157,-2.06643
286.21,-2.06669
286.256,-2.06696
286.308,-2.06723
286.358,-2.06751
286.405,-2.06779
286.459,-2.06807
286.507,-2.06833
286.555,-2.06859
286.604,-2.06883
286.656,-2.06906
286.707,-2.06928
286.759,-2.06948
286.804,-2.06967
286.856,-2.06986
286.907,-2.07004
286.957,-2.07021
287.005,-2.07039
287.056,-2.07058
287.11,-2.07078
287.153,-2.071
287.204,-2.07122
287.257,-2.07146
287.307,-2.0717
287.356,-2.07194
287.408,-2.07219
287.456,-2.07243
287.504,-2.07266
287.555,-2.07289
287.607,-2.0731
287.655,-2.07332
287.707,-2.07352
287.756,-2.07372
287.805,-2.07392
287.856,-2.07413
287.906,-2.07433
287.955,-2.07452
288.004,-2.07471
288.05,-2.07488
288.107,-2.07505
288.154,-2.07521
288.205,-2.07536
288.254,-2.07551
288.305,-2.07566
288.354,-2.07581
288.405,-2.07596
288.457,-2.07613
288.503,-2.07631
288.554,-2.0765
288.605,-2.07671
288.659,-2.07692
288.707,-2.07715
288.755,-2.07738
288.804,-2.0776
288.855,-2.07782
288.904,-2.07803
288.953,-2.07823
289.003,-2.07841
289.055,-2.07857
289.105,-2.07872
289.155,-2.07885
289.204,-2.07899
289.255,-2.07913
289.301,-2.07927
289.354,-2.07943
289.405,-2.07959
289.452,-2.07978
289.506,-2.07997
289.551,-2.08018
289.603,-2.08039
289.654,-2.08061
289.703,-2.08083
289.756,-2.08105
289.806,-2.08127
289.854,-2.08149
289.903,-2.08169
289.953,-2.08188
290.004,-2.08207
290.053,-2.08225
290.106,-2.08242
290.153,-2.08259
290.199,-2.08275
290.255,-2.08291
290.304,-2.08307
290.352,-2.08323
290.402,-2.08339
290.45,-2.08357
290.506,-2.08376
290.552,-2.08396
290.602,-2.08418
290.654,-2.08441
290.703,-2.08466
290.752,-2.08491
290.803,-2.08517
290.853,-2.08544
290.902,-2.0857
290.951,-2.08594
291.0,-2.08617
291.051,-2.08638
291.102,-2.08657
291.154,-2.08675
291.202,-2.0869
291.254,-2.08705
291.301,-2.08718
291.353,-2.08732
291.403,-2.08746
291.451,-2.08761
291.501,-2.08776
291.551,-2.08792
291.602,-2.08809
291.652,-2.08827
291.702,-2.08845
291.751,-2.08865
291.803,-2.08886
291.851,-2.08907
291.904,-2.08929
291.955,-2.08951
292.003,-2.08973
292.048,-2.08995
292.103,-2.09016
292.152,-2.09037
292.2,-2.09057
292.252,-2.09077
292.306,-2.09096
292.35,-2.09114
292.402,-2.09132
292.45,-2.0915
292.503,-2.09167
292.552,-2.09185
292.599,-2.09204
292.652,-2.09222
292.702,-2.09241
292.754,-2.0926
292.8,-2.0928
292.849,-2.09301
292.902,-2.09323
292.948,-2.09347
292.998,-2.09372
293.05,-2.09399
293.099,-2.09427
293.152,-2.09456
293.201,-2.09485
293.251,-2.09512
293.302,-2.09539
293.35,-2.09563
293.401,-2.09586
293.452,-2.09607
293.502,-2.09626
293.552,-2.09643
293.598,-2.09659
293.65,-2.09674
293.698,-2.09689
293.748,-2.09704
293.799,-2.0972
293.847,-2.09737
293.898,-2.09757
293.949,-2.09779
293.997,-2.09803
294.049,-2.09829
294.098,-2.09857
294.148,-2.09885
294.197,-2.09915
294.248,-2.09944
294.301,-2.09972
294.348,-2.09998
294.4,-2.10023
294.451,-2.10046
294.495,-2.10067
294.547,-2.10086
294.6,-2.10104
294.651,-2.10121
294.702,-2.10138
294.746,-2.10155
294.8,-2.10173
294.846,-2.10192
294.899,-2.10213
294.949,-2.10234
294.999,-2.10257
295.048,-2.1028
295.097,-2.10304
295.15,-2.10329
295.195,-2.10353
295.247,-2.10377
295.298,-2.10401
295.348,-2.10423
295.398,-2.10444
295.449,-2.10463
295.494,-2.10481
295.55,-2.10497
295.601,-2.10511
295.648,-2.10525
295.698,-2.10537
295.749,-2.10549
295.799,-2.10561
295.847,-2.10573
295.899,-2.10587
295.947,-2.10602
295.998,-2.10619
296.05,-2.10637
296.096,-2.10657
296.15,-2.10678
296.199,-2.10702
296.246,-2.10726
296.298,-2.10752
296.349,-2.10779
296.397,-2.10806
296.446,-2.10832
296.495,-2.10859
296.547,-2.10884
296.6,-2.10909
296.646,-2.10933
296.697,-2.10957
296.746,-2.1098
296.795,-2.11002
296.848,-2.11025
296.897,-2.11048
296.949,-2.1107
296.995,-2.11093
297.046,-2.11115
297.096,-2.11137
297.147,-2.1116
297.198,-2.11182
297.243,-2.11206
297.295,-2.11229
297.346,-2.11252
297.396,-2.11276
297.446,-2.11299
297.497,-2.11322
297.545,-2.11346
297.598,-2.11368
297.646,-2.11391
297.699,-2.11413
297.746,-2.11434
297.796,-2.11454
297.846,-2.11473
297.897,-2.11492
297.947,-2.1151
297.993,-2.11527
298.044,-2.11544
298.098,-2.1156
298.143,-2.11577
298.193,-2.11594
298.246,-2.11612
298.295,-2.11631
298.348,-2.11651
298.393,-2.11671
298.447,-2.11692
298.497,-2.11713
298.547,-2.11734
298.598,-2.11755
298.644,-2.11776
298.696,-2.11796
298.745,-2.11815
298.796,-2.11834
298.851,-2.11852
298.893,-2.11868
298.945,-2.11884
298.992,-2.11899
299.044,-2.11913
299.096,-2.11928
299.145,-2.11944
299.197,-2.1196
299.245,-2.11979
299.295,-2.11999
299.345,-2.12021
299.394,-2.12045
299.447,-2.1207
299.495,-2.12098
299.544,-2.12125
299.596,-2.12153
299.644,-2.1218
299.692,-2.12206
299.741,-2.12231
299.793,-2.12254
299.847,-2.12276
299.893,-2.12296
299.945,-2.12315
299.994,-2.12333
300.04,-2.12351
300.093,-2.12369
300.141,-2.12388
300.197,-2.12408
300.241,-2.1243
300.289,-2.12453
300.343,-2.12478
300.39,-2.12505
300.441,-2.12533
300.492,-2.12562
300.541,-2.12592
300.593,-2.12623
300.643,-2.12654
300.694,-2.12685
300.74,-2.12715
300.791,-2.12744
300.841,-2.12772
300.892,-2.12797
300.944,-2.12821
300.995,-2.12844
301.041,-2.12865
301.093,-2.12885
301.142,-2.12905
301.193,-2.12923
301.244,-2.12941
301.291,-2.12959
301.343,-2.12977
301.391,-2.12996
301.442,-2.13016
301.495,-2.13036
301.54,-2.13056
301.593,-2.13077
301.641,-2.13098
301.688,-2.1312
301.743,-2.1314
301.793,-2.1316
301.841,-2.13179
301.889,-2.13198
301.941,-2.13215
301.993,-2.13232
302.041,-2.13249
302.091,-2.13265
302.143,-2.13281
302.192,-2.13296
302.243,-2.13312
302.291,-2.13328
302.345,-2.13344
302.392,-2.13362
302.442,-2.13381
302.491,-2.134
302.541,-2.13421
302.591,-2.13442
302.641,-2.13464
302.692,-2.13486
302.742,-2.13508
302.793,-2.13529
302.843,-2.1355
302.894,-2.1357
302.944,-2.13591
302.995,-2.13611
303.039,-2.13631
303.091,-2.13652
303.14,-2.13673
303.192,-2.13694
303.243,-2.13714
303.289,-2.13735
303.341,-2.13755
303.391,-2.13776
303.439,-2.13797
303.494,-2.13818
303.539,-2.13839
303.591,-2.13861
303.64,-2.13882
303.691,-2.13904
303.741,-2.13927
303.791,-2.1395
303.839,-2.13973
303.891,-2.13997
303.939,-2.14022
303.995,-2.14047
304.04,-2.14072
304.088,-2.14097
304.14,-2.14121
304.19,-2.14145
304.24,-2.14168
304.289,-2.14189
304.338,-2.14209
304.387,-2.14227
304.439,-2.14244
304.49,-2.1426
304.539,-2.14276
304.591,-2.14292
304.636,-2.14309
304.691,-2.14326
304.74,-2.14345
304.791,-2.14364
304.838,-2.14385
304.89,-2.14407
304.94,-2.14429
304.989,-2.14451
305.038,-2.14473
305.087,-2.14496
305.142,-2.14519
305.185,-2.14542
305.239,-2.14565
305.291,-2.14587
305.339,-2.14609
305.388,-2.14631
305.437,-2.14652
305.489,-2.14674
305.538,-2.14695
305.587,-2.14715
305.639,-2.14735
305.688,-2.14755
305.737,-2.14774
305.789,-2.14792
305.839,-2.14811
305.89,-2.1483
305.939,-2.14849
305.989,-2.14868
306.035,-2.14888
306.089,-2.14909
306.139,-2.1493
306.187,-2.14952
306.236,-2.14973
306.287,-2.14995
306.337,-2.15017
306.39,-2.15038
306.44,-2.15059
306.485,-2.15081
306.537,-2.15102
306.586,-2.15123
306.641,-2.15144
306.688,-2.15165
306.736,-2.15186
306.789,-2.15208
306.836,-2.1523
306.89,-2.15251
306.938,-2.15273
306.988,-2.15295
307.036,-2.15318
307.087,-2.15341
307.139,-2.15364
307.187,-2.15388
307.236,-2.15413
307.289,-2.15436
307.336,-2.1546
307.387,-2.15482
307.439,-2.15505
307.486,-2.15527
307.54,-2.15549
307.586,-2.15572
307.638,-2.15594
307.689,-2.15617
307.737,-2.15642
307.79,-2.15667
307.835,-2.15692
307.887,-2.15717
307.939,-2.15743
307.987,-2.15767
308.037,-2.15792
308.086,-2.15815
308.134,-2.15838
308.184,-2.15859
308.234,-2.15879
308.283,-2.15898
308.334,-2.15915
308.386,-2.15933
308.435,-2.1595
308.484,-2.15968
308.533,-2.15987
308.586,-2.16007
308.637,-2.16027
308.686,-2.16049
308.735,-2.16071
308.785,-2.16094
308.834,-2.16118
308.888,-2.16141
308.935,-2.16164
308.981,-2.16186
309.033,-2.16207
309.083,-2.16227
309.134,-2.16246
309.185,-2.16264
309.233,-2.16282
309.287,-2.163
309.331,-2.16318
309.384,-2.16337
309.436,-2.16357
309.483,-2.16378
309.535,-2.16399
309.587,-2.16422
309.635,-2.16445
309.686,-2.16469
309.734,-2.16493
309.785,-2.16517
309.834,-2.16541
309.886,-2.16564
309.935,-2.16588
309.987,-2.16611
310.034,-2.16632
310.085,-2.16653
310.136,-2.16673
310.187,-2.16693
310.233,-2.16712
310.283,-2.1673
310.336,-2.16748
310.384,-2.16767
310.437,-2.16787
310.483,-2.16808
310.537,-2.1683
310.584,-2.16854
310.635,-2.1688
310.683,-2.16906
310.735,-2.16933
310.784,-2.1696
310.834,-2.16987
310.881,-2.17014
310.933,-2.1704
310.981,-2.17065
311.036,-2.1709
311.084,-2.17114
311.132,-2.17138
311.186,-2.17161
311.236,-2.17183
311.282,-2.17206
311.336,-2.17229
311.383,-2.17252
311.433,-2.17275
311.48,-2.17298
311.533,-2.17321
311.584,-2.17344
311.629,-2.17367
311.682,-2.17389
311.733,-2.17412
311.783,-2.17435
311.834,-2.17459
311.883,-2.17482
311.934,-2.17506
311.981,-2.1753
312.031,-2.17554
312.085,-2.17578
312.13,-2.17602
312.183,-2.17626
312.231,-2.1765
312.281,-2.17674
312.335,-2.17698
312.382,-2.17721
312.434,-2.17744
312.483,-2.17767
312.53,-2.1779
312.582,-2.17812
312.633,-2.17833
312.683,-2.17854
312.733,-2.17875
312.78,-2.17895
312.832,-2.17915
312.884,-2.17936
312.933,-2.17957
312.982,-2.17979
313.033,-2.18002
313.085,-2.18026
313.132,-2.1805
313.183,-2.18076
313.235,-2.18103
313.28,-2.18131
313.334,-2.18159
313.381,-2.18187
313.432,-2.18215
313.479,-2.18242
313.529,-2.18268
313.583,-2.18294
313.63,-2.18319
313.683,-2.18344
313.733,-2.18368
313.78,-2.18392
313.833,-2.18415
313.881,-2.18439
313.933,-2.18462
313.981,-2.18486
314.031,-2.1851
314.083,-2.18534
314.131,-2.18559
314.18,-2.18585
314.232,-2.18611
314.28,-2.18636
314.331,-2.18662
314.379,-2.18687
314.428,-2.18712
314.48,-2.18737
314.529,-2.18761
314.582,-2.18784
314.628,-2.18806
314.679,-2.18828
314.729,-2.1885
314.778,-2.18872
314.834,-2.18894
314.879,-2.18916
314.928,-2.18938
314.979,-2.18961
315.03,-2.18985
315.082,-2.1901
315.13,-2.19035
315.177,-2.19061
315.231,-2.19087
315.279,-2.19114
315.331,-2.1914
315.379,-2.19165
315.427,-2.19189
315.478,-2.19211
315.525,-2.19233
315.579,-2.19253
315.632,-2.19273
315.678,-2.19293
315.729,-2.19313
315.779,-2.19333
315.828,-2.19354
315.879,-2.19375
315.927,-2.19397
315.978,-2.1942
316.028,-2.19443
316.076,-2.19467
316.129,-2.19491
316.181,-2.19515
316.23,-2.19538
316.276,-2.19561
316.326,-2.19583
316.379,-2.19604
316.428,-2.19626
316.477,-2.19646
316.529,-2.19667
316.576,-2.19687
316.63,-2.19708
316.679,-2.19729
316.73,-2.1975
316.781,-2.19771
316.824,-2.19794
316.876,-2.19818
316.928,-2.19842
316.978,-2.19866
317.025,-2.19891
317.078,-2.19917
317.126,-2.19944
317.173,-2.1997
317.229,-2.19996
317.279,-2.20021
317.327,-2.20045
317.375,-2.20067
317.426,-2.20087
317.477,-2.20107
317.526,-2.20126
317.58,-2.20145
317.628,-2.20164
317.677,-2.20183
317.73,-2.20202
317.779,-2.20223
317.829,-2.20244
317.877,-2.20268
317.926,-2.20292
317.978,-2.20319
318.028,-2.20346
318.076,-2.20374
318.13,-2.20403
318.176,-2.20432
318.225,-2.20462
318.274,-2.20491
318.327,-2.2052
318.376,-2.20549
318.427,-2.20576
318.475,-2.20603
318.529,-2.2063
318.576,-2.20655
318.627,-2.20679
318.674,-2.20703
318.725,-2.20726
318.776,-2.20748
318.825,-2.2077
318.878,-2.20791
318.927,-2.20812
318.976,-2.20833
319.026,-2.20853
319.074,-2.20873
319.125,-2.20893
319.175,-2.20913
319.224,-2.20933
319.274,-2.20953
319.326,-2.20975
319.376,-2.20996
319.425,-2.21019
319.478,-2.21042
319.526,-2.21065
319.571,-2.21089
319.627,-2.21113
319.678,-2.21137
319.727,-2.21162
319.775,-2.21187
319.825,-2.21212
319.872,-2.21237
319.924,-2.21263
319.972,-2.21289
320.024,-2.21315
320.075,-2.21342
320.125,-2.21368
320.172,-2.21394
320.224,-2.2142
320.275,-2.21445
320.323,-2.21471
320.376,-2.21497
320.425,-2.21523
320.471,-2.2155
320.526,-2.21576
320.573,-2.21603
320.624,-2.2163
320.675,-2.21657
320.723,-2.21684
320.775,-2.21712
320.824,-2.21739
320.871,-2.21765
320.924,-2.21792
320.974,-2.21818
321.025,-2.21843
321.074,-2.21867
321.123,-2.21891
321.172,-2.21916
321.223,-2.21941
321.274,-2.21966
321.325,-2.21991
321.372,-2.22017
321.425,-2.22043
321.473,-2.22071
321.525,-2.22098
321.575,-2.22127
321.622,-2.22156
321.676,-2.22185
321.72,-2.22214
321.774,-2.22242
321.825,-2.22269
321.875,-2.22296
321.925,-2.22322
321.973,-2.22347
322.02,-2.22372
322.074,-2.22396
322.122,-2.22419
322.175,-2.22442
322.223,-2.22466
322.272,-2.22491
322.322,-2.22518
322.372,-2.22546
322.425,-2.22575
322.472,-2.22606
322.523,-2.22638
322.573,-2.22671
322.62,-2.22703
322.673,-2.22736
322.72,-2.22767
322.773,-2.22796
322.822,-2.22825
322.87,-2.22851
322.923,-2.22875
322.974,-2.22899
323.022,-2.22921
323.074,-2.22943
323.119,-2.22965
323.173,-2.22986
323.222,-2.23008
323.274,-2.23028
323.321,-2.23049
323.372,-2.23069
323.424,-2.2309
323.472,-2.23111
323.52,-2.23133
323.571,-2.23156
323.62,-2.23179
323.673,-2.23204
323.722,-2.2323
323.771,-2.23257
323.823,-2.23287
323.87,-2.23318
323.921,-2.2335
323.97,-2.23385
324.024,-2.2342
324.073,-2.23456
324.119,-2.23493
324.172,-2.23528
324.222,-2.23563
324.271,-2.23597
324.322,-2.23629
324.37,-2.2366
324.422,-2.2369
324.47,-2.23719
324.521,-2.23748
324.571,-2.23776
324.621,-2.23804
324.67,-2.23832
324.72,-2.23861
324.769,-2.23889
324.822,-2.23917
324.872,-2.23945
324.921,-2.23973
324.969,-2.24
325.02,-2.24027
325.071,-2.24053
325.12,-2.24078
325.17,-2.24104
325.22,-2.24129
325.267,-2.24154
325.324,-2.2418
325.371,-2.24205
325.421,-2.24232
325.471,-2.24258
325.518,-2.24285
325.568,-2.24312
325.621,-2.2434
325.668,-2.24368
325.721,-2.24395
325.768,-2.24423
325.823,-2.2445
325.87,-2.24477
325.92,-2.24504
325.97,-2.24531
326.015,-2.24558
326.069,-2.24585
326.119,-2.24613
326.168,-2.24641
326.219,-2.2467
326.266,-2.24698
326.319,-2.24727
326.369,-2.24755
326.419,-2.24783
326.472,-2.2481
326.519,-2.24836
326.569,-2.24862
326.617,-2.24887
326.67,-2.24912
326.721,-2.24937
326.771,-2.24962
326.818,-2.24987
326.869,-2.25013
326.918,-2.2504
326.971,-2.25067
327.02,-2.25095
327.067,-2.25124
327.118,-2.25154
327.167,-2.25185
327.221,-2.25216
327.27,-2.25247
327.319,-2.25278
327.367,-2.25308
327.413,-2.25336
327.469,-2.25364
327.518,-2.25391
327.568,-2.25417
327.614,-2.25443
327.665,-2.25469
327.718,-2.25494
327.769,-2.25519
327.82,-2.25545
327.87,-2.2557
327.916,-2.25596
327.967,-2.25622
328.017,-2.25648
328.065,-2.25675
328.118,-2.25703
328.167,-2.25732
328.216,-2.25762
328.267,-2.25794
328.317,-2.25826
328.367,-2.25859
328.416,-2.25893
328.466,-2.25926
328.516,-2.25959
328.566,-2.2599
328.616,-2.26021
328.667,-2.2605
328.717,-2.26079
328.764,-2.26106
328.817,-2.26131
328.868,-2.26155
328.914,-2.26177
328.966,-2.26198
329.016,-2.26219
329.067,-2.2624
329.117,-2.26261
329.168,-2.26284
329.213,-2.26308
329.267,-2.26333
329.316,-2.26359
329.367,-2.26387
329.416,-2.26415
329.466,-2.26445
329.517,-2.26473
329.565,-2.26501
329.614,-2.26528
329.664,-2.26555
329.714,-2.2658
329.766,-2.26606
329.816,-2.26631
329.865,-2.26656
329.916,-2.26681
329.966,-2.26708
330.013,-2.26735
330.063,-2.26763
330.114,-2.26791
330.165,-2.26818
330.215,-2.26846
330.265,-2.26874
330.315,-2.26901
330.364,-2.26928
330.417,-2.26955
330.467,-2.26982
330.517,-2.27008
330.563,-2.27035
330.615,-2.27061
330.662,-2.27088
330.716,-2.27115
330.766,-2.27143
330.816,-2.27171
330.866,-2.27199
330.915,-2.27227
330.963,-2.27255
331.014,-2.27282
331.065,-2.2731
331.113,-2.27336
331.163,-2.27362
331.21,-2.27387
331.263,-2.27412
331.315,-2.27435
331.362,-2.27458
331.415,-2.27481
331.459,-2.27503
331.513,-2.27525
331.562,-2.27548
331.613,-2.27571
331.664,-2.27595
331.71,-2.27619
331.764,-2.27644
331.813,-2.2767
331.861,-2.27696
331.912,-2.27723
331.963,-2.2775
332.013,-2.27778
332.063,-2.27806
332.11,-2.27834
332.164,-2.27861
332.213,-2.27887
332.261,-2.27912
332.315,-2.27936
332.362,-2.27958
332.414,-2.2798
332.465,-2.28001
332.511,-2.28021
332.562,-2.28042
332.615,-2.28062
332.664,-2.28083
332.71,-2.28105
332.758,-2.28127
332.81,-2.2815
332.863,-2.28174
332.913,-2.28199
332.964,-2.28223
333.012,-2.28248
333.063,-2.28273
333.11,-2.28297
333.164,-2.28322
333.214,-2.28346
333.263,-2.2837
333.311,-2.28393
333.361,-2.28417
333.413,-2.2844
333.464,-2.28463
333.512,-2.28486
333.564,-2.28509
333.61,-2.28531
333.662,-2.28554
333.711,-2.28576
333.758,-2.28599
333.812,-2.28622
333.859,-2.28645
333.911,-2.2867
333.962,-2.28695
334.01,-2.28721
334.06,-2.28748
334.11,-2.28775
334.16,-2.28803
334.212,-2.28831
334.261,-2.28858
334.313,-2.28885
334.359,-2.28911
334.411,-2.28937
334.46,-2.28963
334.509,-2.28988
334.561,-2.29014
334.611,-2.2904
334.661,-2.29065
334.713,-2.2909
334.758,-2.29115
334.812,-2.29139
334.861,-2.29163
334.908,-2.29186
334.959,-2.29209
335.008,-2.29231
335.061,-2.29254
335.107,-2.29277
335.162,-2.29301
335.21,-2.29325
335.259,-2.29349
335.311,-2.29372
335.361,-2.29396
335.407,-2.29419
335.457,-2.29442
335.507,-2.29465
335.558,-2.29486
335.611,-2.29507
335.659,-2.29528
335.712,-2.29549
335.762,-2.2957
335.809,-2.29591
335.864,-2.29613
335.908,-2.29634
335.96,-2.29656
336.008,-2.29678
336.06,-2.29701
336.112,-2.29724
336.16,-2.29749
336.211,-2.29774
336.262,-2.298
336.306,-2.29826
336.358,-2.29852
336.41,-2.29878
336.457,-2.29904
336.509,-2.29928
336.558,-2.29951
336.605,-2.29972
336.658,-2.29992
336.709,-2.30011
336.763,-2.30029
336.807,-2.30047
336.858,-2.30063
336.907,-2.30078
336.958,-2.30094
337.009,-2.30109
337.055,-2.30124
337.107,-2.30141
337.158,-2.3016
337.209,-2.30182
337.26,-2.30205
337.307,-2.30232
337.357,-2.30259
337.406,-2.30288
337.46,-2.30317
337.512,-2.30346
337.558,-2.30375
337.608,-2.30402
337.657,-2.30428
337.707,-2.30453
337.759,-2.30476
337.806,-2.30499
337.858,-2.3052
337.909,-2.3054
337.955,-2.3056
338.009,-2.30579
338.057,-2.30597
338.108,-2.30615
338.156,-2.30633
338.206,-2.30651
338.255,-2.30669
338.309,-2.30688
338.36,-2.30707
338.406,-2.30727
338.456,-2.30748
338.506,-2.3077
338.557,-2.30792
338.61,-2.30815
338.658,-2.30837
338.707,-2.30859
338.755,-2.3088
338.805,-2.309
338.857,-2.30919
338.906,-2.30936
338.954,-2.3095
339.008,-2.30963
339.058,-2.30975
339.106,-2.30985
339.16,-2.30994
339.207,-2.31002
339.256,-2.31011
339.306,-2.31021
339.356,-2.31032
339.406,-2.31045
339.457,-2.31059
339.507,-2.31073
339.556,-2.31089
339.603,-2.31106
339.658,-2.31123
339.706,-2.3114
339.756,-2.31158
339.806,-2.31176
339.854,-2.31194
339.905,-2.31211
339.956,-2.31227
340.008,-2.31242
340.057,-2.31257
340.105,-2.31271
340.156,-2.31285
340.206,-2.31298
340.255,-2.3131
340.306,-2.31323
340.351,-2.31335
340.404,-2.31348
340.457,-2.31361
340.503,-2.31376
340.556,-2.31391
340.603,-2.31407
340.654,-2.31423
340.702,-2.3144
340.756,-2.31456
340.804,-2.31473
340.854,-2.31489
340.906,-2.31505
340.953,-2.3152
341.005,-2.31534
341.054,-2.31547
341.104,-2.3156
341.153,-2.31572
341.204,-2.31586
341.254,-2.316
341.305,-2.31616
341.353,-2.31634
341.405,-2.31653
341.453,-2.31673
341.504,-2.31695
341.555,-2.31717
341.606,-2.31739
341.656,-2.3176
341.702,-2.31781
341.751,-2.318
341.805,-2.31817
341.854,-2.31833
341.904,-2.31848
341.953,-2.3186
342.001,-2.31872
342.053,-2.31882
342.101,-2.31891
342.156,-2.31899
342.205,-2.31907
342.253,-2.31915
342.303,-2.31923
342.356,-2.31931
342.403,-2.3194
342.454,-2.3195
342.503,-2.3196
342.551,-2.31971
342.603,-2.31982
342.655,-2.31994
342.704,-2.32006
342.752,-2.32018
342.802,-2.32029
342.849,-2.32041
342.904,-2.32052
342.952,-2.32064
343.003,-2.32076
343.052,-2.32088
343.102,-2.321
343.152,-2.32113
343.204,-2.32125
343.257,-2.32138
343.306,-2.32151
343.352,-2.32163
343.4,-2.32174
343.453,-2.32186
343.501,-2.32197
343.554,-2.32207
343.602,-2.32218
343.649,-2.32229
343.703,-2.32241
343.753,-2.32254
343.804,-2.32268
343.853,-2.32284
343.906,-2.323
343.948,-2.32317
344.002,-2.32335
344.052,-2.32353
344.101,-2.32371
344.149,-2.32389
344.203,-2.32407
344.252,-2.32423
344.302,-2.32437
344.351,-2.3245
344.402,-2.32461
344.452,-2.32471
344.502,-2.3248
344.55,-2.3249
344.605,-2.32499
344.65,-2.3251
344.699,-2.32522
344.751,-2.32535
344.8,-2.32549
344.853,-2.32563
344.904,-2.32578
344.95,-2.32593
345.002,-2.32607
345.052,-2.3262
345.101,-2.32632
345.148,-2.32644
345.198,-2.32655
345.25,-2.32666
345.298,-2.32676
345.351,-2.32685
345.401,-2.32693
345.451,-2.32702
345.5,-2.32711
345.548,-2.3272
345.601,-2.3273
345.649,-2.32742
345.701,-2.32754
345.751,-2.32767
345.799,-2.32782
345.851,-2.32798
345.898,-2.32815
345.95,-2.32833
346.002,-2.32851
346.049,-2.32868
346.098,-2.32885
346.149,-2.32899
346.199,-2.32911
346.251,-2.32921
346.3,-2.32929
346.35,-2.32936
346.4,-2.32941
346.449,-2.32946
346.502,-2.32951
346.549,-2.32956
346.601,-2.32962
346.647,-2.32969
346.7,-2.32979
346.75,-2.3299
346.799,-2.33003
346.85,-2.33018
346.898,-2.33035
346.948,-2.33052
347.0,-2.33069
347.049,-2.33086
347.099,-2.33103
347.149,-2.33118
347.196,-2.33133
347.249,-2.33147
347.301,-2.3316
347.347,-2.33172
347.399,-2.33184
347.45,-2.33195
347.501,-2.33206
347.55,-2.33216
347.599,-2.33227
347.648,-2.33237
347.696,-2.33249
347.748,-2.33261
347.8,-2.33273
347.849,-2.33286
347.9,-2.33299
347.946,-2.33313
347.996,-2.33326
348.048,-2.33338
348.096,-2.3335
348.15,-2.3336
348.196,-2.3337
348.245,-2.33378
348.302,-2.33386
348.347,-2.33393
348.399,-2.334
348.449,-2.33409
348.498,-2.33417
348.548,-2.33426
348.599,-2.33436
348.65,-2.33445
348.696,-2.33455
348.746,-2.33465
348.796,-2.33476
348.847,-2.33486
348.897,-2.33497
348.95,-2.33507
348.995,-2.33516
349.047,-2.33525
349.096,-2.33533
349.148,-2.33542
349.198,-2.33551
349.247,-2.33562
349.298,-2.33574
349.346,-2.33588
349.398,-2.33603
349.448,-2.33619
349.497,-2.33635
349.547,-2.3365
349.597,-2.33665
349.647,-2.33677
349.696,-2.33688
349.745,-2.33696
349.797,-2.33703
349.846,-2.33709
349.896,-2.33715
349.946,-2.33721
349.995,-2.33728
350.046,-2.33737
350.097,-2.33747
350.144,-2.33759
350.195,-2.33772
350.242,-2.33788
350.295,-2.33805
350.345,-2.33822
350.396,-2.3384
350.448,-2.33857
350.493,-2.33874
350.547,-2.33889
350.596,-2.33902
350.645,-2.33914
350.695,-2.33924
350.743,-2.33933
350.796,-2.3394
350.845,-2.33945
350.892,-2.3395
350.945,-2.33955
350.995,-2.33961
351.046,-2.33967
351.095,-2.33975
351.142,-2.33985
351.197,-2.33997
351.246,-2.3401
351.295,-2.34024
351.347,-2.34039
351.393,-2.34053
351.444,-2.34066
351.494,-2.34078
351.544,-2.34089
351.595,-2.34098
351.644,-2.34106
351.695,-2.34113
351.745,-2.34119
351.793,-2.34124
351.845,-2.34129
351.894,-2.34134
351.946,-2.3414
351.994,-2.34147
352.044,-2.34155
352.097,-2.34164
352.145,-2.34173
352.195,-2.34183
352.245,-2.34192
352.294,-2.34202
352.345,-2.34213
352.393,-2.34223
352.444,-2.34235
352.494,-2.34246
352.542,-2.34258
352.592,-2.3427
352.643,-2.34281
352.694,-2.34291
352.746,-2.34302
352.794,-2.34313
352.846,-2.34324
352.893,-2.34337
352.943,-2.3435
352.995,-2.34365
353.043,-2.34381
353.094,-2.34398
353.142,-2.34415
353.192,-2.34432
353.244,-2.3445
353.294,-2.34467
353.343,-2.34483
353.394,-2.34499
353.442,-2.34514
353.493,-2.34528
353.541,-2.34542
353.592,-2.34555
353.641,-2.34567
353.691,-2.34579
353.742,-2.3459
353.793,-2.34602
353.843,-2.34614
353.894,-2.34627
353.942,-2.34641
353.993,-2.34656
354.041,-2.34672
354.095,-2.34688
354.147,-2.34705
354.189,-2.3472
354.24,-2.34735
354.293,-2.34748
354.341,-2.3476
354.391,-2.3477
354.439,-2.34781
354.492,-2.34791
354.542,-2.34801
354.592,-2.34811
354.643,-2.34823
354.689,-2.34836
354.739,-2.34851
354.792,-2.34868
354.843,-2.34885
354.892,-2.34903
354.94,-2.34921
354.992,-2.34939
355.042,-2.34957
355.091,-2.34973
355.141,-2.34988
355.191,-2.35002
355.241,-2.35015
355.292,-2.35026
355.343,-2.35036
355.391,-2.35046
355.441,-2.35055
355.491,-2.35064
355.541,-2.35073
355.59,-2.35083
355.642,-2.35093
355.691,-2.35105
355.737,-2.35117
355.79,-2.35131
355.839,-2.35145
355.891,-2.35159
355.938,-2.35173
355.988,-2.35187
356.042,-2.35199
356.087,-2.35212
356.138,-2.35223
356.193,-2.35234
356.241,-2.35245
356.288,-2.35256
356.339,-2.35268
356.391,-2.3528
356.442,-2.35295
356.489,-2.35311
356.541,-2.35328
356.586,-2.35347
356.637,-2.35366
356.689,-2.35386
356.741,-2.35406
356.791,-2.35425
356.838,-2.35444
356.891,-2.35462
356.939,-2.35479
356.991,-2.35496
357.042,-2.35512
357.091,-2.35527
357.141,-2.35542
357.189,-2.35557
357.239,-2.35572
357.289,-2.35587
357.339,-2.35603
357.388,-2.3562
357.437,-2.35639
357.488,-2.35659
357.539,-2.35679
357.594,-2.35701
357.638,-2.35723
357.687,-2.35745
357.739,-2.35765
357.791,-2.35783
357.84,-2.35798
357.889,-2.35811
357.939,-2.35822
357.989,-2.35832
358.041,-2.35841
358.088,-2.35851
358.14,-2.35862
358.189,-2.35875
358.239,-2.3589
358.288,-2.35906
358.34,-2.35923
358.389,-2.3594
358.437,-2.35958
358.489,-2.35975
358.539,-2.35992
358.588,-2.36008
358.641,-2.36023
358.692,-2.36038
358.74,-2.36052
358.79,-2.36065
358.84,-2.36077
358.89,-2.36089
358.939,-2.36101
358.989,-2.36113
359.04,-2.36124
359.089,-2.36137
359.138,-2.36149
359.188,-2.36163
359.241,-2.36178
359.289,-2.36194
359.339,-2.36211
359.388,-2.36228
359.438,-2.36246
359.486,-2.36265
359.537,-2.36284
359.587,-2.36304
359.637,-2.36323
359.688,-2.36343
359.738,-2.36363
359.787,-2.36382
359.837,-2.364
359.888,-2.36418
359.939,-2.36435
359.991,-2.36452
360.041,-2.36468
360.088,-2.36484
360.14,-2.365
360.186,-2.36516
360.239,-2.36532
360.288,-2.36547
360.34,-2.36563
360.389,-2.36577
360.435,-2.36592
360.486,-2.36606
360.54,-2.36621
360.588,-2.36636
360.638,-2.36651
360.687,-2.36668
360.739,-2.36684
360.787,-2.36701
360.837,-2.36719
360.889,-2.36737
360.937,-2.36756
360.987,-2.36776
361.041,-2.36797
361.084,-2.36818
361.138,-2.3684
361.188,-2.36862
361.233,-2.36885
361.287,-2.36908
361.337,-2.36931
361.389,-2.36954
361.433,-2.36977
361.486,-2.36998
361.537,-2.37018
361.588,-2.37036
361.638,-2.37053
361.688,-2.37069
361.733,-2.37084
361.787,-2.37098
361.836,-2.37111
361.886,-2.37124
361.937,-2.37137
361.986,-2.37149
362.037,-2.37163
362.088,-2.37177
362.137,-2.37192
362.187,-2.37208
362.236,-2.37225
362.286,-2.37243
362.334,-2.3726
362.388,-2.37277
362.439,-2.37293
362.487,-2.37309
362.535,-2.37324
362.581,-2.37338
362.637,-2.37352
362.685,-2.37367
362.739,-2.37383
362.784,-2.374
362.838,-2.37417
362.884,-2.37434
362.936,-2.37453
362.983,-2.37471
363.035,-2.37488
363.085,-2.37505
363.133,-2.37521
363.184,-2.37537
363.235,-2.37552
363.286,-2.37568
363.333,-2.37584
363.384,-2.376
363.436,-2.37617
363.484,-2.37635
363.534,-2.37654
363.584,-2.37674
363.633,-2.37694
363.683,-2.37715
363.733,-2.37737
363.784,-2.37759
363.834,-2.37781
363.883,-2.37804
363.934,-2.37826
363.982,-2.37847
364.037,-2.37869
364.085,-2.37889
364.133,-2.37909
364.186,-2.37928
364.233,-2.37946
364.284,-2.37963
364.335,-2.3798
364.385,-2.37995
364.436,-2.3801
364.483,-2.38023
364.534,-2.38036
364.584,-2.38049
364.634,-2.38062
364.682,-2.38076
364.735,-2.3809
364.785,-2.38106
364.836,-2.38122
364.885,-2.3814
364.934,-2.38159
364.985,-2.38178
365.032,-2.38197
365.086,-2.38218
365.133,-2.38239
365.186,-2.38261
365.235,-2.38284
365.282,-2.38307
365.333,-2.3833
365.382,-2.38353
365.434,-2.38375
365.485,-2.38396
365.532,-2.38416
365.586,-2.38436
365.636,-2.38455
365.682,-2.38475
365.736,-2.38495
365.785,-2.38515
365.832,-2.38536
365.883,-2.38557
365.933,-2.38579
365.986,-2.386
366.032,-2.38621
366.08,-2.38641
366.132,-2.38659
366.183,-2.38677
366.233,-2.38693
366.282,-2.38708
366.332,-2.38722
366.384,-2.38735
366.432,-2.38748
366.486,-2.38762
366.534,-2.38777
366.581,-2.38793
366.633,-2.38812
366.682,-2.38831
366.732,-2.38853
366.785,-2.38876
366.832,-2.389
366.884,-2.38925
366.932,-2.38951
366.983,-2.38977
367.033,-2.39003
367.08,-2.39028
367.132,-2.39052
367.182,-2.39075
367.231,-2.39097
367.283,-2.39118
367.333,-2.39138
367.381,-2.39157
367.433,-2.39175
367.481,-2.39193
367.535,-2.3921
367.579,-2.39227
367.635,-2.39244
367.682,-2.39262
367.729,-2.39281
367.781,-2.39301
367.831,-2.39322
367.881,-2.39344
367.932,-2.39366
367.98,-2.3939
368.03,-2.39413
368.078,-2.39436
368.131,-2.39459
368.183,-2.39483
368.231,-2.39505
368.282,-2.39528
368.331,-2.39549
368.383,-2.3957
368.432,-2.3959
368.478,-2.3961
368.532,-2.39628
368.582,-2.39646
368.631,-2.39663
368.682,-2.3968
368.729,-2.39698
368.78,-2.39715
368.831,-2.39733
368.883,-2.39751
368.933,-2.39769
368.981,-2.39788
369.028,-2.39807
369.077,-2.39827
369.128,-2.39847
369.179,-2.39868
369.23,-2.39889
369.284,-2.39912
369.332,-2.39936
369.379,-2.39962
369.43,-2.39989
369.478,-2.40017
369.53,-2.40046
369.582,-2.40074
369.63,-2.40102
369.682,-2.40129
369.729,-2.40155
369.78,-2.40179
369.829,-2.40202
369.88,-2.40224
369.929,-2.40244
369.981,-2.40264
370.027,-2.40281
370.08,-2.40297
370.128,-2.40312
370.178,-2.40326
370.228,-2.40341
370.277,-2.40356
370.328,-2.40373
370.377,-2.40391
370.426,-2.40412
370.478,-2.40434
370.526,-2.40457
370.579,-2.40481
370.629,-2.40504
370.678,-2.40528
370.728,-2.4055
370.778,-2.40572
370.828,-2.40592
370.879,-2.40612
370.93,-2.40631
370.977,-2.40651
371.027,-2.40672
371.078,-2.40695
371.128,-2.40718
371.178,-2.40742
371.228,-2.40767
371.275,-2.40793
371.327,-2.4082
371.377,-2.40847
371.428,-2.40873
371.478,-2.40898
371.528,-2.40922
371.577,-2.40945
371.629,-2.40968
371.677,-2.40992
371.728,-2.41015
371.777,-2.41039
371.822,-2.41064
371.878,-2.41088
371.928,-2.41112
371.978,-2.41136
372.029,-2.4116
372.078,-2.41183
372.125,-2.41205
372.177,-2.41226
372.228,-2.41246
372.279,-2.41265
372.327,-2.41284
372.378,-2.41303
372.425,-2.41323
372.478,-2.41343
372.529,-2.41363
372.577,-2.41383
372.629,-2.41404
372.676,-2.41425
372.728,-2.41446
372.775,-2.41467
372.826,-2.41489
372.877,-2.41511
372.926,-2.41533
372.975,-2.41555
373.028,-2.41578
373.075,-2.416
373.128,-2.41623
373.175,-2.41645
373.224,-2.41667
373.276,-2.4169
373.327,-2.41714
373.376,-2.41739
373.425,-2.41765
373.474,-2.41792
373.527,-2.4182
373.577,-2.41848
373.626,-2.41876
373.674,-2.41904
373.723,-2.41931
373.776,-2.41958
373.823,-2.41984
373.874,-2.4201
373.924,-2.42036
373.974,-2.42062
374.028,-2.42088
374.073,-2.42114
374.124,-2.42139
374.175,-2.42164
374.226,-2.42187
374.273,-2.42209
374.326,-2.42229
374.375,-2.42248
374.425,-2.42266
374.475,-2.42283
374.524,-2.42299
374.577,-2.42316
374.623,-2.42334
374.673,-2.42353
374.726,-2.42374
374.772,-2.42396
374.823,-2.42419
374.87,-2.42445
374.926,-2.42472
374.974,-2.425
375.024,-2.4253
375.073,-2.42561
375.124,-2.42592
375.176,-2.42623
375.227,-2.42653
375.272,-2.42682
375.325,-2.42709
375.374,-2.42734
375.425,-2.42759
375.474,-2.42781
375.526,-2.42803
375.573,-2.42824
375.621,-2.42845
375.674,-2.42865
375.724,-2.42885
375.773,-2.42907
375.827,-2.42929
375.875,-2.42951
375.924,-2.42972
375.975,-2.42994
376.023,-2.43015
376.073,-2.43037
376.125,-2.43058
376.174,-2.43079
376.224,-2.43101
376.275,-2.43122
376.324,-2.43145
376.373,-2.43168
376.422,-2.43191
376.475,-2.43214
376.524,-2.43237
376.573,-2.43259
376.622,-2.43279
376.673,-2.43299
376.724,-2.43317
376.772,-2.43335
376.822,-2.43351
376.874,-2.43367
376.922,-2.43383
376.972,-2.43399
377.021,-2.43415
377.072,-2.43433
377.124,-2.43451
377.173,-2.4347
377.221,-2.43489
377.272,-2.43509
377.321,-2.4353
377.373,-2.4355
377.421,-2.4357
377.473,-2.43591
377.523,-2.43611
377.568,-2.43631
377.622,-2.4365
377.673,-2.43668
377.721,-2.43686
377.772,-2.43702
377.818,-2.43718
377.872,-2.43733
377.921,-2.43747
377.972,-2.43761
378.021,-2.43775
378.069,-2.43788
378.122,-2.43801
378.173,-2.43814
378.22,-2.43827
378.271,-2.43839
378.318,-2.4385
378.371,-2.4386
378.421,-2.4387
378.47,-2.43879
378.522,-2.43888
378.568,-2.43896
378.621,-2.43905
378.672,-2.43913
378.718,-2.43922
378.77,-2.43931
378.82,-2.43939
378.87,-2.43948
378.923,-2.43956
378.971,-2.43963
379.021,-2.43971
379.07,-2.43978
379.12,-2.43986
