Sample temperature (C),Heat flow (mW)
70.099,-0.07829
70.101,-0.07831
70.098,-0.07831
70.103,-0.07832
70.101,-0.07832
70.106,-0.0784
70.115,-0.07857
70.124,-0.07863
70.141,-0.07866
70.153,-0.07868
70.175,-0.07871
70.203,-0.07874
70.233,-0.07878
70.262,-0.07895
70.291,-0.0793
70.319,-0.07951
70.357,-0.07973
70.39,-0.08016
70.431,-0.08086
70.468,-0.08142
70.51,-0.0822
70.552,-0.08349
70.592,-0.08488
70.636,-0.08631
70.673,-0.08828
70.717,-0.09059
70.764,-0.09321
70.805,-0.09613
70.853,-0.09935
70.899,-0.10289
70.943,-0.10673
70.992,-0.11089
71.035,-0.11537
71.085,-0.12015
71.131,-0.12524
71.178,-0.13063
71.225,-0.1363
71.273,-0.14244
71.322,-0.14906
71.375,-0.15562
71.423,-0.16233
71.467,-0.16939
71.518,-0.17694
71.566,-0.18465
71.618,-0.19241
71.669,-0.20016
71.713,-0.20788
71.763,-0.21562
71.814,-0.22338
71.865,-0.23089
71.912,-0.23825
71.965,-0.24549
72.013,-0.25272
72.061,-0.25994
72.113,-0.2672
72.161,-0.2746
72.215,-0.28228
72.265,-0.28998
72.309,-0.29762
72.361,-0.30503
72.412,-0.31233
72.461,-0.31953
72.516,-0.32676
72.562,-0.33404
72.614,-0.34105
72.663,-0.34792
72.712,-0.35469
72.763,-0.36127
72.809,-0.36765
72.863,-0.37411
72.914,-0.38056
72.961,-0.38684
73.012,-0.39295
73.063,-0.39906
73.108,-0.40503
73.164,-0.41103
73.215,-0.4169
73.262,-0.4228
73.314,-0.42858
73.362,-0.43438
73.412,-0.44007
73.462,-0.44578
73.511,-0.45137
73.561,-0.45696
73.609,-0.46243
73.66,-0.46799
73.71,-0.47354
73.762,-0.47904
73.812,-0.4845
73.863,-0.48991
73.915,-0.49528
73.964,-0.50061
74.012,-0.50589
74.066,-0.51112
74.114,-0.51632
74.163,-0.52147
74.213,-0.52659
74.262,-0.53167
74.31,-0.53672
74.366,-0.54172
74.412,-0.54669
74.462,-0.55162
74.513,-0.55651
74.559,-0.56136
74.613,-0.56625
74.664,-0.57118
74.711,-0.57594
74.763,-0.58063
74.813,-0.58526
74.864,-0.58984
74.913,-0.59438
74.963,-0.59887
75.011,-0.60331
75.063,-0.60771
75.113,-0.61206
75.167,-0.61637
75.217,-0.62071
75.261,-0.6251
75.313,-0.62932
75.364,-0.63347
75.414,-0.63758
75.463,-0.64159
75.512,-0.64551
75.562,-0.64944
75.613,-0.65324
75.665,-0.65703
75.716,-0.66085
75.759,-0.66456
75.813,-0.66837
75.864,-0.67217
75.912,-0.67594
75.966,-0.67968
76.017,-0.68338
76.068,-0.68706
76.112,-0.69064
76.16,-0.69408
76.214,-0.6975
76.263,-0.70093
76.316,-0.70435
76.361,-0.70775
76.414,-0.71116
76.462,-0.7146
76.511,-0.71789
76.565,-0.72117
76.616,-0.72455
76.661,-0.72794
76.715,-0.7313
76.764,-0.73465
76.815,-0.73802
76.864,-0.74144
76.916,-0.74474
76.965,-0.74804
77.016,-0.75137
77.064,-0.75464
77.115,-0.75793
77.164,-0.7611
77.213,-0.76424
77.262,-0.76736
77.313,-0.77047
77.367,-0.77356
77.413,-0.77659
77.464,-0.77954
77.513,-0.78256
77.561,-0.78552
77.614,-0.7884
77.665,-0.79135
77.714,-0.79429
77.763,-0.79721
77.817,-0.80017
77.868,-0.80317
77.918,-0.80609
77.964,-0.80909
78.015,-0.81206
78.064,-0.81496
78.118,-0.81779
78.167,-0.82065
78.217,-0.82339
78.264,-0.82615
78.311,-0.82897
78.372,-0.83161
78.415,-0.83412
78.469,-0.83671
78.517,-0.83926
78.564,-0.84167
78.618,-0.84404
78.667,-0.84641
78.716,-0.84879
78.767,-0.85117
78.816,-0.85352
78.865,-0.85585
78.917,-0.85815
78.966,-0.8604
79.016,-0.8627
79.064,-0.86505
79.116,-0.86735
79.166,-0.86973
79.212,-0.87213
79.269,-0.87446
79.316,-0.87672
79.367,-0.87904
79.409,-0.88135
79.466,-0.88365
79.517,-0.8859
79.566,-0.88809
79.615,-0.8903
79.667,-0.89248
79.716,-0.89468
79.766,-0.89681
79.814,-0.89894
79.864,-0.9011
79.913,-0.90322
79.962,-0.90535
80.014,-0.90743
80.064,-0.90956
80.116,-0.91168
80.165,-0.91379
80.216,-0.91589
80.268,-0.91802
80.314,-0.92021
80.368,-0.9223
80.416,-0.92435
80.465,-0.92639
80.517,-0.92846
80.564,-0.93062
80.617,-0.93274
80.663,-0.9348
80.717,-0.93691
80.768,-0.939
80.813,-0.94108
80.865,-0.94313
80.918,-0.94517
80.965,-0.9472
81.016,-0.94921
81.065,-0.95114
81.112,-0.95306
81.165,-0.95497
81.213,-0.95687
81.267,-0.95876
81.315,-0.9606
81.365,-0.96237
81.415,-0.96414
81.467,-0.96586
81.519,-0.9676
81.569,-0.96928
81.612,-0.97103
81.667,-0.97279
81.714,-0.97459
81.766,-0.97642
81.813,-0.97817
81.863,-0.97988
81.916,-0.98158
81.967,-0.98329
82.018,-0.98503
82.064,-0.9867
82.116,-0.98836
82.166,-0.99
82.212,-0.9916
82.268,-0.99316
82.32,-0.99473
82.362,-0.99626
82.417,-0.99782
82.463,-0.99931
82.516,-1.00078
82.565,-1.00223
82.612,-1.00369
82.669,-1.00512
82.715,-1.00657
82.767,-1.008
82.82,-1.00946
82.869,-1.01097
82.92,-1.01246
82.967,-1.0139
83.015,-1.0154
83.066,-1.01691
83.116,-1.01842
83.169,-1.01989
83.217,-1.02131
83.264,-1.02278
83.318,-1.02422
83.367,-1.02561
83.418,-1.02705
83.467,-1.02849
83.511,-1.02992
83.564,-1.03134
83.614,-1.03275
83.669,-1.03415
83.716,-1.03554
83.765,-1.03691
83.815,-1.03828
83.866,-1.03965
83.915,-1.041
83.965,-1.04234
84.009,-1.04367
84.068,-1.04499
84.112,-1.0463
84.165,-1.0476
84.212,-1.04889
84.268,-1.05017
84.315,-1.05143
84.363,-1.05269
84.415,-1.05393
84.469,-1.05517
84.51,-1.05642
84.562,-1.05773
84.612,-1.05903
84.663,-1.06031
84.715,-1.06161
84.768,-1.06286
84.818,-1.06409
84.868,-1.0653
84.915,-1.06651
84.97,-1.06771
85.017,-1.0689
85.064,-1.0701
85.114,-1.07132
85.164,-1.07252
85.217,-1.07373
85.267,-1.07492
85.315,-1.07613
85.367,-1.0773
85.414,-1.07845
85.468,-1.07957
85.515,-1.08065
85.563,-1.08175
85.615,-1.08282
85.663,-1.08391
85.715,-1.08493
85.767,-1.08597
85.816,-1.08703
85.87,-1.08802
85.911,-1.08902
85.965,-1.09007
86.014,-1.09112
86.065,-1.09215
86.118,-1.09318
86.163,-1.09419
86.214,-1.0952
86.261,-1.0962
86.315,-1.0972
86.365,-1.0982
86.415,-1.09921
86.465,-1.10021
86.516,-1.10122
86.564,-1.10223
86.613,-1.10324
86.666,-1.10425
86.712,-1.10527
86.765,-1.10627
86.815,-1.10727
86.868,-1.10826
86.916,-1.10923
86.966,-1.11019
87.012,-1.11113
87.064,-1.11205
87.113,-1.11297
87.166,-1.11387
87.219,-1.11476
87.267,-1.11564
87.312,-1.11652
87.363,-1.1174
87.413,-1.11827
87.467,-1.11915
87.518,-1.12003
87.562,-1.1209
87.615,-1.12178
87.666,-1.12265
87.716,-1.12352
87.764,-1.12439
87.815,-1.12526
87.863,-1.12613
87.914,-1.12699
87.97,-1.12785
88.016,-1.1287
88.063,-1.12955
88.113,-1.13039
88.164,-1.13122
88.215,-1.13204
88.263,-1.13285
88.314,-1.13367
88.365,-1.13448
88.412,-1.13529
88.462,-1.1361
88.516,-1.13691
88.565,-1.13772
88.613,-1.13852
88.663,-1.13932
88.714,-1.14011
88.761,-1.14089
88.81,-1.14167
88.866,-1.14244
88.912,-1.14321
88.959,-1.14397
89.017,-1.14473
89.061,-1.14548
89.115,-1.14623
89.163,-1.14698
89.21,-1.14772
89.268,-1.14846
89.312,-1.1492
89.364,-1.14994
89.413,-1.15068
89.46,-1.15142
89.515,-1.15216
89.563,-1.1529
89.613,-1.15363
89.665,-1.15436
89.711,-1.15509
89.763,-1.1558
89.811,-1.15651
89.863,-1.15721
89.914,-1.1579
89.961,-1.15858
90.016,-1.15925
90.066,-1.15991
90.115,-1.16056
90.164,-1.1612
90.208,-1.16184
90.263,-1.16247
90.31,-1.1631
90.358,-1.16373
90.415,-1.16436
90.461,-1.16499
90.512,-1.16562
90.56,-1.16626
90.611,-1.16689
90.664,-1.16752
90.71,-1.16816
90.762,-1.1688
90.811,-1.16944
90.858,-1.17009
90.913,-1.17075
90.961,-1.17141
91.013,-1.17208
91.064,-1.17275
91.109,-1.17342
91.16,-1.17409
91.212,-1.17475
91.264,-1.17539
91.314,-1.17603
91.361,-1.17665
91.411,-1.17726
91.462,-1.17786
91.512,-1.17844
91.565,-1.17901
91.612,-1.17958
91.66,-1.18013
91.708,-1.18068
91.765,-1.18123
91.813,-1.18178
91.863,-1.18233
91.911,-1.18288
91.96,-1.18344
92.013,-1.184
92.063,-1.18457
92.113,-1.18514
92.162,-1.18572
92.211,-1.18629
92.26,-1.18687
92.311,-1.18745
92.359,-1.18802
92.411,-1.1886
92.46,-1.18916
92.508,-1.18973
92.56,-1.19029
92.605,-1.19084
92.66,-1.19139
92.712,-1.19193
92.757,-1.19247
92.811,-1.193
92.861,-1.19352
92.91,-1.19403
92.96,-1.19454
93.009,-1.19504
93.058,-1.19555
93.11,-1.19605
93.161,-1.19655
93.213,-1.19706
93.26,-1.19757
93.31,-1.19807
93.36,-1.19857
93.411,-1.19907
93.46,-1.19957
93.508,-1.20007
93.56,-1.20057
93.604,-1.20108
93.661,-1.2016
93.71,-1.20213
93.759,-1.20266
93.808,-1.20319
93.859,-1.20373
93.908,-1.20425
93.96,-1.20478
94.013,-1.2053
94.057,-1.20581
94.104,-1.20632
94.158,-1.20683
94.21,-1.20732
94.26,-1.20782
94.312,-1.20831
94.361,-1.20879
94.407,-1.20927
94.461,-1.20974
94.513,-1.21021
94.559,-1.21067
94.612,-1.21113
94.657,-1.21159
94.707,-1.21204
94.758,-1.21251
94.81,-1.21298
94.857,-1.21346
94.911,-1.21394
94.96,-1.21443
95.013,-1.21492
95.058,-1.21541
95.108,-1.21591
95.157,-1.2164
95.205,-1.21689
95.259,-1.21738
95.31,-1.21786
95.357,-1.21833
95.406,-1.21879
95.457,-1.21925
95.507,-1.2197
95.558,-1.22013
95.606,-1.22057
95.657,-1.22099
95.703,-1.22142
95.756,-1.22184
95.808,-1.22227
95.857,-1.2227
95.906,-1.22312
95.958,-1.22355
96.007,-1.22398
96.056,-1.22441
96.109,-1.22485
96.158,-1.22528
96.205,-1.22572
96.257,-1.22617
96.306,-1.22661
96.358,-1.22706
96.408,-1.2275
96.458,-1.22794
96.506,-1.22839
96.556,-1.22883
96.606,-1.22926
96.657,-1.22969
96.707,-1.23011
96.759,-1.23052
96.807,-1.23094
96.859,-1.23134
96.905,-1.23174
96.957,-1.23214
97.004,-1.23254
97.057,-1.23293
97.105,-1.23331
97.156,-1.23369
97.205,-1.23406
97.255,-1.23442
97.307,-1.23479
97.356,-1.23516
97.399,-1.23554
97.456,-1.23592
97.505,-1.2363
97.554,-1.23669
97.606,-1.23707
97.652,-1.23746
97.706,-1.23785
97.755,-1.23823
97.802,-1.23862
97.854,-1.23901
97.904,-1.2394
97.953,-1.23979
98.006,-1.24017
98.056,-1.24056
98.105,-1.24094
98.152,-1.24131
98.202,-1.24168
98.257,-1.24206
98.302,-1.24243
98.357,-1.24281
98.403,-1.24319
98.451,-1.24356
98.504,-1.24393
98.549,-1.24429
98.606,-1.24464
98.652,-1.24498
98.702,-1.24532
98.754,-1.24565
98.804,-1.24597
98.854,-1.2463
98.902,-1.24662
98.95,-1.24693
99.004,-1.24724
99.053,-1.24755
99.104,-1.24786
99.156,-1.24817
99.204,-1.24848
99.252,-1.2488
99.299,-1.24913
99.349,-1.24946
99.405,-1.2498
99.452,-1.25014
99.505,-1.2505
99.555,-1.25086
99.602,-1.25123
99.652,-1.25159
99.701,-1.25195
99.751,-1.25231
99.799,-1.25267
99.856,-1.25303
99.902,-1.25338
99.951,-1.25373
100.004,-1.25407
100.051,-1.25441
100.102,-1.25474
100.152,-1.25507
100.202,-1.25539
100.252,-1.25572
100.301,-1.25605
100.351,-1.25638
100.401,-1.25672
100.452,-1.25706
100.499,-1.2574
100.549,-1.25775
100.6,-1.25809
100.65,-1.25842
100.702,-1.25875
100.753,-1.25906
100.804,-1.25937
100.853,-1.25967
100.903,-1.25996
100.951,-1.26024
101.003,-1.26052
101.051,-1.26079
101.101,-1.26107
101.15,-1.26134
101.201,-1.26162
101.252,-1.2619
101.301,-1.26219
101.352,-1.26248
101.403,-1.26278
101.447,-1.26308
101.503,-1.26338
101.55,-1.26368
101.601,-1.26398
101.65,-1.26428
101.698,-1.26459
101.751,-1.26489
101.801,-1.26519
101.851,-1.2655
101.899,-1.2658
101.947,-1.2661
102.0,-1.2664
102.051,-1.26671
102.101,-1.26702
102.148,-1.26734
102.198,-1.26765
102.252,-1.26796
102.302,-1.26826
102.352,-1.26856
102.403,-1.26885
102.454,-1.26914
102.497,-1.26942
102.546,-1.26971
102.601,-1.26999
102.652,-1.27028
102.701,-1.27056
102.746,-1.27085
102.798,-1.27113
102.845,-1.27142
102.898,-1.2717
102.949,-1.27199
103.0,-1.27228
103.05,-1.27257
103.097,-1.27287
103.152,-1.27317
103.199,-1.27347
103.247,-1.27377
103.298,-1.27408
103.347,-1.27438
103.395,-1.27468
103.452,-1.27498
103.499,-1.27529
103.547,-1.27559
103.599,-1.27589
103.649,-1.27619
103.697,-1.27649
103.746,-1.27679
103.8,-1.27709
103.846,-1.27739
103.896,-1.2777
103.949,-1.27801
103.998,-1.27833
104.048,-1.27865
104.095,-1.27897
104.146,-1.27929
104.2,-1.2796
104.246,-1.27992
104.3,-1.28022
104.349,-1.28052
104.397,-1.2808
104.445,-1.28108
104.497,-1.28135
104.55,-1.28161
104.595,-1.28187
104.648,-1.28213
104.697,-1.28238
104.744,-1.28264
104.796,-1.2829
104.85,-1.28316
104.897,-1.28343
104.947,-1.2837
104.995,-1.28397
105.046,-1.28425
105.095,-1.28453
105.151,-1.28481
105.199,-1.28509
105.244,-1.28537
105.298,-1.28565
105.346,-1.28593
105.398,-1.2862
105.446,-1.28647
105.495,-1.28674
105.547,-1.28701
105.596,-1.28728
105.643,-1.28756
105.698,-1.28784
105.746,-1.28812
105.797,-1.28841
105.848,-1.28869
105.896,-1.28898
105.95,-1.28927
105.997,-1.28956
106.045,-1.28985
106.097,-1.29013
106.145,-1.29041
106.196,-1.29068
106.246,-1.29095
106.296,-1.29122
106.344,-1.29149
106.391,-1.29177
106.446,-1.29204
106.497,-1.29232
106.544,-1.2926
106.596,-1.29288
106.644,-1.29316
106.696,-1.29343
106.747,-1.29371
106.799,-1.29399
106.842,-1.29426
106.895,-1.29454
106.945,-1.29481
107.0,-1.29508
107.045,-1.29535
107.097,-1.29562
107.144,-1.29589
107.195,-1.29616
107.244,-1.29643
107.292,-1.29669
107.346,-1.29696
107.395,-1.29723
107.447,-1.29749
107.496,-1.29775
107.544,-1.298
107.595,-1.29824
107.642,-1.29848
107.688,-1.29872
107.74,-1.29895
107.795,-1.29918
107.843,-1.2994
107.894,-1.29962
107.945,-1.29984
107.991,-1.30005
108.043,-1.30025
108.091,-1.30045
108.146,-1.30065
108.191,-1.30084
108.239,-1.30104
108.289,-1.30124
108.341,-1.30144
108.397,-1.30165
108.445,-1.30186
108.491,-1.30208
108.544,-1.3023
108.591,-1.30253
108.643,-1.30276
108.694,-1.30299
108.743,-1.30323
108.788,-1.30347
108.842,-1.30371
108.891,-1.30394
108.943,-1.30418
108.994,-1.3044
109.039,-1.30462
109.092,-1.30484
109.143,-1.30506
109.194,-1.30527
109.247,-1.30549
109.293,-1.30571
109.344,-1.30594
109.391,-1.30617
109.44,-1.3064
109.493,-1.30663
109.541,-1.30687
109.592,-1.30711
109.638,-1.30735
109.691,-1.30759
109.742,-1.30783
109.794,-1.30806
109.843,-1.30829
109.891,-1.30852
109.943,-1.30875
109.992,-1.30897
110.044,-1.3092
110.092,-1.30942
110.138,-1.30964
110.191,-1.30986
110.241,-1.31008
110.288,-1.31031
110.34,-1.31053
110.391,-1.31076
110.439,-1.31098
110.49,-1.31121
110.54,-1.31144
110.591,-1.31167
110.642,-1.3119
110.69,-1.31213
110.737,-1.31236
110.788,-1.31259
110.843,-1.31282
110.887,-1.31305
110.938,-1.31328
110.991,-1.31352
111.035,-1.31375
111.087,-1.31399
111.139,-1.31423
111.188,-1.31446
111.238,-1.31469
111.287,-1.31491
111.34,-1.31512
111.391,-1.31533
111.441,-1.31554
111.49,-1.31575
111.539,-1.31596
111.59,-1.31618
111.64,-1.31639
111.686,-1.31662
111.74,-1.31684
111.789,-1.31707
111.835,-1.31729
111.888,-1.31752
111.937,-1.31775
111.99,-1.31798
112.037,-1.31821
112.086,-1.31844
112.137,-1.31867
112.189,-1.3189
112.242,-1.31913
112.287,-1.31937
112.339,-1.3196
112.385,-1.31984
112.434,-1.32008
112.487,-1.32032
112.536,-1.32056
112.586,-1.32081
112.638,-1.32106
112.684,-1.32132
112.742,-1.32158
112.785,-1.32185
112.838,-1.32212
112.884,-1.3224
112.936,-1.32268
112.988,-1.32297
113.038,-1.32326
113.087,-1.32355
113.135,-1.32384
113.185,-1.32413
113.235,-1.32441
113.285,-1.32469
113.336,-1.32496
113.387,-1.32523
113.432,-1.32549
113.485,-1.32575
113.54,-1.32601
113.586,-1.32627
113.639,-1.32652
113.686,-1.32678
113.737,-1.32704
113.788,-1.3273
113.837,-1.32755
113.889,-1.32781
113.933,-1.32806
113.984,-1.32832
114.037,-1.32857
114.086,-1.32882
114.137,-1.32906
114.185,-1.3293
114.232,-1.32954
114.285,-1.32976
114.331,-1.32999
114.391,-1.33021
114.433,-1.33042
114.486,-1.33064
114.536,-1.33085
114.585,-1.33107
114.638,-1.33129
114.682,-1.33152
114.735,-1.33176
114.783,-1.332
114.834,-1.33225
114.883,-1.33251
114.933,-1.33277
114.988,-1.33304
115.032,-1.33331
115.081,-1.33358
115.131,-1.33385
115.186,-1.33411
115.236,-1.33438
115.286,-1.33464
115.332,-1.33489
115.389,-1.33514
115.436,-1.33539
115.482,-1.33562
115.534,-1.33586
115.584,-1.33609
115.634,-1.33632
115.684,-1.33655
115.733,-1.33679
115.781,-1.33702
115.834,-1.33725
115.88,-1.33748
115.935,-1.33771
115.982,-1.33793
116.036,-1.33816
116.081,-1.33837
116.131,-1.33858
116.179,-1.33878
116.229,-1.33899
116.278,-1.3392
116.332,-1.33941
116.384,-1.33963
116.43,-1.33985
116.482,-1.34008
116.534,-1.34031
116.587,-1.34054
116.635,-1.34078
116.683,-1.34102
116.734,-1.34126
116.785,-1.3415
116.835,-1.34174
116.885,-1.34199
116.933,-1.34224
116.981,-1.34249
117.031,-1.34274
117.081,-1.34299
117.133,-1.34324
117.181,-1.34349
117.231,-1.34374
117.28,-1.34398
117.333,-1.34423
117.383,-1.34448
117.433,-1.34472
117.481,-1.34497
117.533,-1.34521
117.578,-1.34546
117.632,-1.3457
117.681,-1.34594
117.73,-1.34618
117.781,-1.34641
117.831,-1.34663
117.884,-1.34686
117.929,-1.34707
117.978,-1.34729
118.035,-1.34749
118.08,-1.3477
118.13,-1.34789
118.184,-1.34809
118.232,-1.34829
118.286,-1.34848
118.33,-1.34868
118.381,-1.34888
118.433,-1.34908
118.482,-1.34928
118.534,-1.34949
118.581,-1.34969
118.628,-1.34989
118.681,-1.3501
118.735,-1.3503
118.782,-1.35051
118.83,-1.35072
118.881,-1.35094
118.934,-1.35116
118.983,-1.35139
119.031,-1.35161
119.082,-1.35184
119.129,-1.35208
119.181,-1.35231
119.233,-1.35255
119.282,-1.35279
119.336,-1.35303
119.381,-1.35328
119.432,-1.35352
119.484,-1.35376
119.535,-1.354
119.579,-1.35423
119.633,-1.35446
119.683,-1.35468
119.731,-1.35489
119.782,-1.35509
119.835,-1.35529
119.881,-1.35548
119.932,-1.35567
119.98,-1.35585
120.03,-1.35603
120.08,-1.35621
120.131,-1.35638
120.179,-1.35655
120.23,-1.35672
120.277,-1.35689
120.324,-1.35706
120.376,-1.35723
120.428,-1.35741
120.478,-1.3576
120.523,-1.3578
120.577,-1.358
120.624,-1.35822
120.678,-1.35846
120.726,-1.3587
120.776,-1.35896
120.829,-1.35922
120.88,-1.35948
120.931,-1.35974
120.978,-1.36001
121.029,-1.36028
121.08,-1.36055
121.125,-1.36082
121.183,-1.36108
121.228,-1.36133
121.279,-1.36158
121.33,-1.36181
121.378,-1.36204
121.429,-1.36225
121.48,-1.36246
121.532,-1.36266
121.581,-1.36286
121.629,-1.36306
121.679,-1.36326
121.734,-1.36346
121.779,-1.36366
121.83,-1.36387
121.879,-1.36408
121.928,-1.36429
121.979,-1.3645
122.029,-1.36471
122.081,-1.36493
122.128,-1.36514
122.178,-1.36534
122.229,-1.36554
122.28,-1.36575
122.331,-1.36595
122.377,-1.36615
122.428,-1.36635
122.479,-1.36655
122.523,-1.36675
122.583,-1.36695
122.627,-1.36716
122.674,-1.36737
122.727,-1.36759
122.777,-1.3678
122.829,-1.36802
122.88,-1.36824
122.926,-1.36846
122.972,-1.36868
123.026,-1.36891
123.078,-1.36915
123.126,-1.36938
123.176,-1.36962
123.227,-1.36986
123.276,-1.3701
123.327,-1.37033
123.373,-1.37056
123.424,-1.37077
123.475,-1.37097
123.523,-1.37117
123.575,-1.37135
123.624,-1.37152
123.677,-1.3717
123.728,-1.37186
123.773,-1.37203
123.825,-1.3722
123.876,-1.37236
123.925,-1.37253
123.976,-1.3727
124.027,-1.37288
124.073,-1.37307
124.122,-1.37326
124.174,-1.37346
124.225,-1.37367
124.274,-1.37389
124.325,-1.3741
124.373,-1.37432
124.426,-1.37453
124.476,-1.37475
124.523,-1.37496
124.573,-1.37517
124.623,-1.37538
124.67,-1.37559
124.724,-1.37579
124.773,-1.37599
124.822,-1.37619
124.872,-1.3764
124.92,-1.37661
124.973,-1.37682
125.021,-1.37704
125.072,-1.37727
125.123,-1.37749
125.172,-1.37773
125.224,-1.37797
125.27,-1.37821
125.326,-1.37846
125.374,-1.37871
125.421,-1.37897
125.474,-1.37923
125.525,-1.37948
125.577,-1.37973
125.625,-1.37996
125.673,-1.38019
125.725,-1.38041
125.772,-1.38062
125.822,-1.38083
125.872,-1.38103
125.921,-1.38122
125.973,-1.38142
126.021,-1.38161
126.072,-1.38181
126.124,-1.38201
126.173,-1.38223
126.224,-1.38245
126.269,-1.38268
126.321,-1.38292
126.374,-1.38317
126.421,-1.38343
126.474,-1.38368
126.522,-1.38394
126.57,-1.38419
126.626,-1.38443
126.674,-1.38466
126.722,-1.38489
126.77,-1.3851
126.821,-1.3853
126.873,-1.38549
126.921,-1.38568
126.974,-1.38587
127.023,-1.38605
127.072,-1.38624
127.124,-1.38642
127.174,-1.38661
127.224,-1.38679
127.272,-1.38697
127.319,-1.38716
127.372,-1.38733
127.42,-1.38751
127.47,-1.38768
127.52,-1.38786
127.57,-1.38803
127.619,-1.38821
127.671,-1.38839
127.721,-1.38857
127.768,-1.38876
127.82,-1.38895
127.87,-1.38915
127.923,-1.38935
127.971,-1.38956
128.021,-1.38977
128.073,-1.38999
128.121,-1.39022
128.169,-1.39045
128.222,-1.39068
128.273,-1.39092
128.322,-1.39116
128.369,-1.3914
128.421,-1.39165
128.471,-1.39191
128.52,-1.39216
128.569,-1.39241
128.621,-1.39265
128.671,-1.39289
128.716,-1.39312
128.769,-1.39334
128.817,-1.39356
128.869,-1.39377
128.917,-1.39397
128.97,-1.39417
129.015,-1.39437
129.067,-1.39456
129.12,-1.39475
129.168,-1.39494
129.217,-1.39513
129.271,-1.39532
129.315,-1.39551
129.374,-1.39571
129.415,-1.39591
129.466,-1.39611
129.516,-1.39632
129.569,-1.39653
129.618,-1.39674
129.665,-1.39695
129.72,-1.39717
129.766,-1.39738
129.817,-1.3976
129.871,-1.39782
129.922,-1.39804
129.971,-1.39828
130.018,-1.39851
130.067,-1.39876
130.118,-1.399
130.168,-1.39924
130.223,-1.39947
130.269,-1.39971
130.315,-1.39994
130.367,-1.40016
130.417,-1.40037
130.465,-1.40058
130.52,-1.40078
130.566,-1.40097
130.618,-1.40115
130.665,-1.40134
130.722,-1.40153
130.769,-1.40173
130.818,-1.40193
130.868,-1.40214
130.917,-1.40235
130.97,-1.40257
131.018,-1.40279
131.067,-1.403
131.121,-1.40322
131.167,-1.40343
131.216,-1.40363
131.268,-1.40382
131.315,-1.40399
131.364,-1.40416
131.416,-1.40432
131.465,-1.40447
131.517,-1.40463
131.567,-1.4048
131.615,-1.40497
131.665,-1.40516
131.714,-1.40536
131.768,-1.40557
131.814,-1.40579
131.867,-1.40601
131.916,-1.40624
131.965,-1.40648
132.019,-1.40672
132.068,-1.40696
132.113,-1.4072
132.166,-1.40745
132.214,-1.4077
132.263,-1.40795
132.314,-1.4082
132.366,-1.40846
132.419,-1.40871
132.462,-1.40896
132.515,-1.40921
132.564,-1.40945
132.617,-1.40969
132.666,-1.40991
132.713,-1.41014
132.763,-1.41036
132.814,-1.41058
132.871,-1.41079
132.917,-1.411
132.963,-1.41121
133.014,-1.41142
133.059,-1.41162
133.112,-1.41182
133.165,-1.41202
133.214,-1.41221
133.267,-1.4124
133.311,-1.41259
133.363,-1.41278
133.414,-1.41297
133.462,-1.41317
133.515,-1.41337
133.562,-1.41357
133.614,-1.41378
133.664,-1.414
133.715,-1.41423
133.766,-1.41446
133.813,-1.41469
133.864,-1.41493
133.915,-1.41517
133.963,-1.41542
134.013,-1.41566
134.062,-1.41589
134.112,-1.41613
134.164,-1.41636
134.211,-1.41658
134.261,-1.4168
134.314,-1.41701
134.359,-1.41721
134.41,-1.4174
134.46,-1.41758
134.513,-1.41776
134.563,-1.41793
134.612,-1.4181
134.662,-1.41827
134.711,-1.41844
134.766,-1.41861
134.812,-1.41879
134.861,-1.41896
134.912,-1.41913
134.961,-1.4193
135.012,-1.41947
135.065,-1.41964
135.113,-1.41981
135.161,-1.41999
135.213,-1.42016
135.263,-1.42035
135.313,-1.42053
135.361,-1.42072
135.411,-1.4209
135.459,-1.42109
135.511,-1.42128
135.56,-1.42147
135.609,-1.42166
135.663,-1.42185
135.711,-1.42203
135.76,-1.4222
135.816,-1.42237
135.86,-1.42254
135.913,-1.42271
135.96,-1.42288
136.006,-1.42305
136.061,-1.42322
136.111,-1.4234
136.161,-1.42359
136.211,-1.42378
136.259,-1.42399
136.309,-1.4242
136.357,-1.42444
136.414,-1.42468
136.46,-1.42493
136.51,-1.42518
136.558,-1.42543
136.608,-1.42567
136.662,-1.42591
136.709,-1.42615
136.759,-1.42638
136.811,-1.4266
136.862,-1.42682
136.911,-1.42704
136.963,-1.42724
137.013,-1.42744
137.059,-1.42764
137.107,-1.42784
137.16,-1.42804
137.21,-1.42824
137.259,-1.42844
137.306,-1.42864
137.358,-1.42884
137.411,-1.42905
137.458,-1.42925
137.513,-1.42946
137.559,-1.42967
137.609,-1.42988
137.659,-1.43008
137.707,-1.43028
137.759,-1.43046
137.814,-1.43064
137.861,-1.4308
137.911,-1.43095
137.963,-1.43109
138.011,-1.43123
138.059,-1.43137
138.108,-1.43151
138.159,-1.43166
138.209,-1.43183
138.261,-1.43201
138.308,-1.43221
138.358,-1.43243
138.408,-1.43265
138.458,-1.43289
138.508,-1.43312
138.56,-1.43336
138.606,-1.4336
138.658,-1.43382
138.708,-1.43404
138.758,-1.43425
138.81,-1.43444
138.859,-1.43463
138.911,-1.4348
138.957,-1.43497
139.004,-1.43513
139.059,-1.43529
139.109,-1.43545
139.16,-1.43562
139.207,-1.43579
139.257,-1.43597
139.311,-1.43616
139.358,-1.43636
139.408,-1.43657
139.459,-1.43679
139.504,-1.43702
139.556,-1.43726
139.605,-1.43749
139.658,-1.43772
139.707,-1.43795
139.756,-1.43818
139.807,-1.4384
139.855,-1.43862
139.908,-1.43883
139.96,-1.43903
140.007,-1.43924
140.057,-1.43944
140.107,-1.43965
140.156,-1.43985
140.206,-1.44005
140.256,-1.44025
140.308,-1.44045
140.358,-1.44065
140.411,-1.44085
140.457,-1.44106
140.505,-1.44126
140.555,-1.44148
140.606,-1.4417
140.657,-1.44192
140.705,-1.44216
140.756,-1.4424
140.803,-1.44265
140.856,-1.4429
140.907,-1.44315
140.955,-1.44339
141.003,-1.44363
141.056,-1.44386
141.107,-1.44409
141.155,-1.44432
141.206,-1.44453
141.254,-1.44473
141.305,-1.44492
141.355,-1.4451
141.403,-1.44528
141.455,-1.44544
141.505,-1.44561
141.553,-1.44577
141.607,-1.44593
141.652,-1.44609
141.703,-1.44626
141.75,-1.44644
141.807,-1.44662
141.854,-1.44681
141.906,-1.44701
141.957,-1.44721
142.004,-1.44742
142.056,-1.44762
142.105,-1.44782
142.154,-1.44802
142.205,-1.44821
142.253,-1.44841
142.305,-1.4486
142.353,-1.4488
142.405,-1.44899
142.454,-1.44918
142.502,-1.44938
142.553,-1.44958
142.601,-1.44979
142.653,-1.45001
142.707,-1.45024
142.752,-1.45048
142.804,-1.45072
142.85,-1.45097
142.904,-1.45123
142.956,-1.45148
143.001,-1.45173
143.051,-1.45198
143.106,-1.45221
143.152,-1.45242
143.203,-1.45262
143.254,-1.45281
143.304,-1.45298
143.352,-1.45314
143.401,-1.4533
143.456,-1.45346
143.503,-1.45361
143.551,-1.45378
143.6,-1.45395
143.651,-1.45414
143.702,-1.45433
143.753,-1.45454
143.802,-1.45476
143.85,-1.45499
143.9,-1.45524
143.955,-1.45549
144.004,-1.45575
144.052,-1.456
144.102,-1.45625
144.15,-1.4565
144.203,-1.45674
144.251,-1.45698
144.304,-1.45721
144.354,-1.45743
144.4,-1.45766
144.453,-1.45787
144.501,-1.45808
144.553,-1.45829
144.601,-1.45849
144.652,-1.45868
144.7,-1.45886
144.75,-1.45904
144.803,-1.45921
144.852,-1.45938
144.9,-1.45955
144.948,-1.45972
144.998,-1.45988
145.051,-1.46005
145.101,-1.46021
145.151,-1.46038
145.202,-1.46055
145.251,-1.46073
145.302,-1.46091
145.354,-1.46109
145.401,-1.46128
145.453,-1.46147
145.501,-1.46167
145.55,-1.46187
145.604,-1.46207
145.649,-1.46228
145.7,-1.46249
145.749,-1.4627
145.802,-1.46292
145.849,-1.46313
145.898,-1.46334
145.954,-1.46355
146.001,-1.46376
146.05,-1.46397
146.1,-1.46417
146.15,-1.46438
146.201,-1.46459
146.247,-1.4648
146.298,-1.46501
146.346,-1.46523
146.401,-1.46544
146.451,-1.46565
146.501,-1.46585
146.551,-1.46606
146.602,-1.46625
146.648,-1.46644
146.703,-1.46663
146.75,-1.46681
146.795,-1.46699
146.848,-1.46717
146.899,-1.46735
146.951,-1.46753
146.999,-1.46772
147.048,-1.46792
147.099,-1.46813
147.146,-1.46834
147.201,-1.46854
147.248,-1.46874
147.299,-1.46894
147.349,-1.46914
147.397,-1.46933
147.449,-1.46953
147.496,-1.46972
147.548,-1.4699
147.6,-1.47009
147.647,-1.47028
147.699,-1.47046
147.748,-1.47065
147.797,-1.47084
147.848,-1.47103
147.893,-1.47123
147.949,-1.47142
147.996,-1.47162
148.048,-1.47182
148.1,-1.47203
148.147,-1.47223
148.197,-1.47244
148.245,-1.47266
148.296,-1.47287
148.347,-1.47309
148.401,-1.4733
148.448,-1.47351
148.498,-1.47372
148.545,-1.47393
148.601,-1.47414
148.652,-1.47434
148.698,-1.47453
148.747,-1.47471
148.798,-1.47488
148.85,-1.47504
148.896,-1.4752
148.948,-1.47535
148.997,-1.4755
149.047,-1.47565
149.097,-1.4758
149.144,-1.47595
149.197,-1.47611
149.245,-1.47628
149.294,-1.47646
149.346,-1.47665
149.397,-1.47685
149.446,-1.47707
149.497,-1.4773
149.545,-1.47754
149.596,-1.4778
149.645,-1.47806
149.698,-1.47832
149.744,-1.47859
149.795,-1.47885
149.844,-1.47911
149.897,-1.47937
149.946,-1.47961
149.995,-1.47985
150.049,-1.48008
150.094,-1.48031
150.145,-1.48053
150.197,-1.48074
150.243,-1.48094
150.296,-1.48114
150.345,-1.48133
150.393,-1.48151
150.444,-1.48168
150.497,-1.48184
150.545,-1.48198
150.593,-1.48212
150.645,-1.48226
150.696,-1.48239
150.745,-1.48252
150.796,-1.48266
150.847,-1.48282
150.894,-1.48299
150.944,-1.48317
150.993,-1.48336
151.041,-1.48356
151.096,-1.48376
151.145,-1.48395
151.194,-1.48415
151.245,-1.48433
151.296,-1.48451
151.345,-1.48469
151.395,-1.48486
151.446,-1.48502
151.497,-1.48519
151.542,-1.48535
151.594,-1.48553
151.642,-1.48571
151.692,-1.4859
151.744,-1.4861
151.793,-1.48631
151.843,-1.48653
151.896,-1.48676
151.945,-1.48698
151.991,-1.48721
152.04,-1.48743
152.094,-1.48766
152.146,-1.48788
152.195,-1.48811
152.241,-1.48834
152.294,-1.48857
152.343,-1.48879
152.392,-1.48901
152.446,-1.48922
152.492,-1.48943
152.542,-1.48963
152.593,-1.48982
152.64,-1.49001
152.696,-1.4902
152.742,-1.49039
152.794,-1.49057
152.841,-1.49076
152.889,-1.49095
152.942,-1.49114
152.991,-1.49133
153.041,-1.49153
153.095,-1.49173
153.141,-1.49194
153.191,-1.49215
153.244,-1.49235
153.29,-1.49256
153.342,-1.49276
153.391,-1.49296
153.44,-1.49316
153.492,-1.49337
153.54,-1.49357
153.593,-1.49377
153.642,-1.49398
153.692,-1.4942
153.738,-1.49442
153.793,-1.49464
153.845,-1.49486
153.89,-1.4951
153.935,-1.49533
153.993,-1.49557
154.042,-1.4958
154.093,-1.49604
154.139,-1.49627
154.189,-1.49649
154.241,-1.4967
154.29,-1.4969
154.342,-1.49709
154.392,-1.49726
154.439,-1.49741
154.493,-1.49756
154.539,-1.4977
154.596,-1.49784
154.64,-1.49797
154.689,-1.49811
154.742,-1.49825
154.793,-1.49839
154.843,-1.49855
154.89,-1.49871
154.941,-1.49888
154.99,-1.49906
155.036,-1.49925
155.089,-1.49946
155.143,-1.49967
155.19,-1.49989
155.239,-1.50013
155.285,-1.50037
155.336,-1.50062
155.393,-1.50088
155.442,-1.50114
155.486,-1.50141
155.538,-1.50167
155.589,-1.50193
155.642,-1.50217
155.688,-1.50241
155.737,-1.50262
155.785,-1.50282
155.839,-1.50301
155.887,-1.50318
155.938,-1.50335
155.988,-1.50351
156.037,-1.50368
156.091,-1.50386
156.138,-1.50405
156.188,-1.50425
156.242,-1.50447
156.29,-1.5047
156.338,-1.50493
156.386,-1.50518
156.437,-1.50543
156.49,-1.50567
156.54,-1.50591
156.59,-1.50614
156.64,-1.50635
156.688,-1.50655
156.738,-1.50674
156.789,-1.50691
156.838,-1.50708
156.889,-1.50724
156.937,-1.5074
156.995,-1.50755
157.041,-1.50771
157.091,-1.50787
157.137,-1.50803
157.187,-1.5082
157.239,-1.50838
157.288,-1.50856
157.336,-1.50875
157.386,-1.50894
157.436,-1.50914
157.488,-1.50933
157.537,-1.50954
157.589,-1.50974
157.636,-1.50995
157.687,-1.51016
157.736,-1.51036
157.787,-1.51056
157.837,-1.51076
157.89,-1.51096
157.934,-1.51115
157.984,-1.51134
158.033,-1.51152
158.085,-1.5117
158.14,-1.51188
158.185,-1.51206
158.235,-1.51224
158.287,-1.51243
158.337,-1.51263
158.385,-1.51283
158.434,-1.51304
158.483,-1.51325
158.535,-1.51345
158.583,-1.51366
158.635,-1.51385
158.684,-1.51404
158.736,-1.51423
158.785,-1.5144
158.837,-1.51457
158.888,-1.51473
158.936,-1.51488
158.985,-1.51503
159.034,-1.51518
159.088,-1.51532
159.139,-1.51547
159.187,-1.51562
159.239,-1.51579
159.287,-1.51597
159.334,-1.51616
159.385,-1.51636
159.431,-1.51658
159.489,-1.51681
159.534,-1.51704
159.583,-1.51728
159.634,-1.51751
159.687,-1.51775
159.738,-1.51798
159.787,-1.51821
159.834,-1.51843
159.886,-1.51865
159.932,-1.51885
159.987,-1.51905
160.035,-1.51923
160.087,-1.5194
160.134,-1.51956
160.183,-1.51971
160.236,-1.51986
160.284,-1.52
160.335,-1.52014
160.384,-1.52028
160.434,-1.52042
160.483,-1.52057
160.538,-1.52072
160.583,-1.52089
160.638,-1.52107
160.682,-1.52126
160.733,-1.52147
160.782,-1.52168
160.833,-1.5219
160.884,-1.52211
160.935,-1.52233
160.981,-1.52254
161.032,-1.52275
161.084,-1.52294
161.136,-1.52313
161.182,-1.52331
161.236,-1.52348
161.282,-1.52364
161.333,-1.5238
161.385,-1.52395
161.433,-1.52411
161.486,-1.52427
161.534,-1.52445
161.584,-1.52463
161.632,-1.52483
161.686,-1.52505
161.734,-1.52527
161.781,-1.52551
161.828,-1.52575
161.883,-1.526
161.934,-1.52625
161.984,-1.52649
162.03,-1.52673
162.083,-1.52695
162.132,-1.52715
162.179,-1.52734
162.235,-1.52752
162.283,-1.52768
162.331,-1.52783
162.381,-1.52797
162.431,-1.52811
162.483,-1.52825
162.534,-1.52839
162.582,-1.52854
162.633,-1.52869
162.678,-1.52886
162.735,-1.52903
162.782,-1.52922
162.83,-1.52942
162.883,-1.52962
162.932,-1.52983
162.983,-1.53005
163.034,-1.53027
163.078,-1.53049
163.133,-1.5307
163.179,-1.53091
163.234,-1.53111
163.283,-1.53131
163.333,-1.53149
163.379,-1.53167
163.431,-1.53184
163.483,-1.53202
163.531,-1.53219
163.582,-1.53238
163.632,-1.53257
163.68,-1.53277
163.728,-1.53297
163.782,-1.53318
163.831,-1.5334
163.881,-1.53362
163.929,-1.53385
163.98,-1.53408
164.03,-1.53432
164.08,-1.53455
164.133,-1.53478
164.181,-1.53501
164.23,-1.53522
164.277,-1.53541
164.328,-1.5356
164.383,-1.53578
164.43,-1.53595
164.483,-1.53611
164.527,-1.53628
164.581,-1.53645
164.632,-1.53663
164.68,-1.53681
164.731,-1.53701
164.779,-1.53721
164.827,-1.53743
164.879,-1.53766
164.927,-1.53789
164.981,-1.53814
165.026,-1.53839
165.08,-1.53865
165.129,-1.5389
165.18,-1.53916
165.23,-1.53941
165.278,-1.53965
165.326,-1.53988
165.379,-1.5401
165.427,-1.5403
165.485,-1.54051
165.532,-1.5407
165.578,-1.5409
165.628,-1.54109
165.675,-1.54127
165.729,-1.54145
165.778,-1.54164
165.828,-1.54183
165.878,-1.54202
165.929,-1.5422
165.979,-1.5424
166.029,-1.5426
166.079,-1.5428
166.126,-1.54301
166.176,-1.54322
166.228,-1.54344
166.278,-1.54365
166.329,-1.54387
166.38,-1.54407
166.429,-1.54427
166.481,-1.54446
166.528,-1.54464
166.575,-1.5448
166.628,-1.54495
166.675,-1.54509
166.727,-1.54522
166.78,-1.54535
166.826,-1.54548
166.878,-1.54561
166.923,-1.54574
166.977,-1.54589
167.027,-1.54605
167.075,-1.54623
167.126,-1.54642
167.175,-1.54664
167.227,-1.54687
167.277,-1.5471
167.326,-1.54735
167.378,-1.5476
167.422,-1.54785
167.477,-1.54809
167.526,-1.54833
167.573,-1.54856
167.631,-1.54879
167.677,-1.549
167.727,-1.5492
167.775,-1.54938
167.823,-1.54956
167.874,-1.54972
167.929,-1.54987
167.978,-1.55002
168.025,-1.55017
168.073,-1.55033
168.127,-1.55049
168.178,-1.55066
168.227,-1.55083
168.275,-1.55102
168.324,-1.55122
168.376,-1.55142
168.428,-1.55163
168.476,-1.55184
168.524,-1.55204
168.574,-1.55225
168.623,-1.55246
168.673,-1.55268
168.729,-1.55289
168.775,-1.55312
168.824,-1.55334
168.874,-1.55355
168.926,-1.55376
168.977,-1.55397
169.022,-1.55416
169.075,-1.55434
169.126,-1.55452
169.173,-1.55469
169.226,-1.55487
169.274,-1.55504
169.326,-1.55522
169.375,-1.55541
169.425,-1.55561
169.477,-1.55581
169.524,-1.55602
169.576,-1.55624
169.628,-1.55647
169.672,-1.55669
169.726,-1.55692
169.773,-1.55714
169.824,-1.55735
169.876,-1.55755
169.923,-1.55773
169.977,-1.55791
170.023,-1.55809
170.074,-1.55826
170.129,-1.55843
170.174,-1.5586
170.223,-1.55879
170.275,-1.55898
170.323,-1.55918
170.375,-1.55939
170.424,-1.55959
170.474,-1.5598
170.525,-1.56001
170.575,-1.56022
170.622,-1.56043
170.674,-1.56063
170.723,-1.56084
170.773,-1.56104
170.824,-1.56124
170.876,-1.56144
170.923,-1.56163
170.974,-1.56181
171.021,-1.56199
171.072,-1.56215
171.123,-1.56231
171.172,-1.56247
171.225,-1.56263
171.271,-1.56279
171.319,-1.56296
171.374,-1.56313
171.424,-1.56331
171.473,-1.56349
171.525,-1.5637
171.571,-1.56391
171.623,-1.56413
171.672,-1.56436
171.724,-1.56459
171.77,-1.56483
171.822,-1.56507
171.871,-1.5653
171.922,-1.56553
171.975,-1.56576
172.023,-1.56598
172.074,-1.5662
172.118,-1.56641
172.17,-1.56662
172.221,-1.56683
172.272,-1.56704
172.321,-1.56725
172.37,-1.56746
172.423,-1.56767
172.472,-1.56789
172.522,-1.56811
172.57,-1.56833
172.619,-1.56855
172.668,-1.56878
172.721,-1.569
172.772,-1.56924
172.825,-1.56947
172.871,-1.56972
172.918,-1.56996
172.97,-1.5702
173.02,-1.57045
173.071,-1.57069
173.121,-1.57092
173.171,-1.57116
173.22,-1.57138
173.272,-1.5716
173.32,-1.57182
173.369,-1.57203
173.418,-1.57225
173.47,-1.57246
173.52,-1.57267
173.573,-1.57287
173.623,-1.57307
173.67,-1.57327
173.719,-1.57346
173.769,-1.57364
173.821,-1.57383
173.87,-1.57402
173.919,-1.57422
173.97,-1.57442
174.021,-1.57463
174.068,-1.57485
174.12,-1.57507
174.169,-1.57529
174.22,-1.57552
174.267,-1.57575
174.318,-1.57598
174.366,-1.5762
174.419,-1.57641
174.472,-1.57661
174.516,-1.57681
174.567,-1.57699
174.621,-1.57718
174.665,-1.57735
174.72,-1.57753
174.769,-1.5777
174.813,-1.57787
174.866,-1.57803
174.919,-1.5782
174.965,-1.57836
175.021,-1.57852
175.066,-1.57868
175.117,-1.57885
175.167,-1.57902
175.219,-1.57921
175.27,-1.57941
175.317,-1.57962
175.37,-1.57984
175.417,-1.58007
175.473,-1.5803
175.516,-1.58053
175.569,-1.58076
175.622,-1.58099
175.666,-1.58121
175.717,-1.58144
175.77,-1.58166
175.816,-1.58188
175.869,-1.58211
175.915,-1.58233
175.967,-1.58256
176.02,-1.58279
176.067,-1.58302
176.12,-1.58324
176.164,-1.58346
176.215,-1.58367
176.268,-1.58389
176.319,-1.58409
176.368,-1.5843
176.417,-1.5845
176.467,-1.5847
176.517,-1.58489
176.565,-1.58508
176.619,-1.58526
176.668,-1.58544
176.714,-1.58562
176.767,-1.58581
176.816,-1.58599
176.87,-1.58619
176.917,-1.58638
176.963,-1.58658
177.015,-1.58678
177.065,-1.58698
177.118,-1.58718
177.163,-1.58738
177.218,-1.58758
177.264,-1.58778
177.315,-1.58797
177.367,-1.58817
177.417,-1.58835
177.467,-1.58853
177.515,-1.58871
177.561,-1.58889
177.617,-1.58906
177.665,-1.58923
177.716,-1.5894
177.765,-1.58956
177.814,-1.58972
177.866,-1.58988
177.915,-1.59004
177.965,-1.5902
178.018,-1.59037
178.063,-1.59053
178.114,-1.5907
178.167,-1.59087
178.219,-1.59105
178.267,-1.59123
178.314,-1.59142
178.367,-1.59162
178.415,-1.59182
178.466,-1.59204
178.518,-1.59226
178.565,-1.59248
178.615,-1.5927
178.663,-1.59292
178.713,-1.59314
178.766,-1.59336
178.814,-1.59357
178.862,-1.59378
178.911,-1.59399
178.965,-1.5942
179.016,-1.59441
179.064,-1.59461
179.116,-1.59481
179.162,-1.59501
179.212,-1.59521
179.266,-1.59541
179.314,-1.59561
179.365,-1.5958
179.412,-1.596
179.465,-1.5962
179.516,-1.59641
179.562,-1.59661
179.614,-1.59681
179.665,-1.59702
179.712,-1.59723
179.762,-1.59745
179.816,-1.59768
179.863,-1.59791
179.915,-1.59815
179.961,-1.5984
180.012,-1.59864
180.062,-1.59887
180.113,-1.59909
180.163,-1.5993
180.215,-1.5995
180.259,-1.59969
180.313,-1.59988
180.362,-1.60007
180.412,-1.60027
180.464,-1.60046
180.513,-1.60066
180.559,-1.60086
180.613,-1.60106
180.663,-1.60126
180.715,-1.60146
180.764,-1.60166
180.811,-1.60185
180.864,-1.60205
180.911,-1.60225
180.963,-1.60245
181.012,-1.60267
181.058,-1.6029
181.113,-1.60315
181.163,-1.60341
181.213,-1.60368
181.263,-1.60396
181.309,-1.60425
181.36,-1.60453
181.41,-1.60482
181.464,-1.60509
181.512,-1.60537
181.562,-1.60563
181.612,-1.60589
181.659,-1.60614
181.709,-1.60639
181.758,-1.60663
181.813,-1.60686
181.859,-1.60709
181.908,-1.60731
181.962,-1.60753
182.014,-1.60775
182.062,-1.60798
182.111,-1.6082
182.159,-1.60843
182.21,-1.60866
182.26,-1.60889
182.311,-1.60912
182.36,-1.60936
182.41,-1.6096
182.46,-1.60984
182.511,-1.61008
182.562,-1.61032
182.613,-1.61057
182.659,-1.61082
182.715,-1.61108
182.759,-1.61134
182.81,-1.6116
182.861,-1.61187
182.909,-1.61215
182.963,-1.61242
183.009,-1.6127
183.061,-1.61297
183.111,-1.61324
183.161,-1.6135
183.213,-1.61376
183.26,-1.614
183.312,-1.61424
183.364,-1.61447
183.412,-1.61469
183.462,-1.6149
183.512,-1.61511
183.562,-1.61532
183.617,-1.61552
183.66,-1.61571
183.71,-1.61591
183.761,-1.6161
183.812,-1.6163
183.862,-1.6165
183.913,-1.6167
183.961,-1.61692
184.011,-1.61714
184.059,-1.61736
184.112,-1.6176
184.161,-1.61784
184.212,-1.61808
184.261,-1.61833
184.311,-1.61858
184.359,-1.61884
184.409,-1.61909
184.461,-1.61934
184.511,-1.61958
184.561,-1.61982
184.609,-1.62006
184.658,-1.6203
184.711,-1.62054
184.759,-1.62079
184.809,-1.62104
184.864,-1.6213
184.907,-1.62156
184.961,-1.62183
185.008,-1.62212
185.059,-1.6224
185.11,-1.6227
185.157,-1.62299
185.211,-1.62329
185.262,-1.62358
185.309,-1.62386
185.358,-1.62413
185.404,-1.6244
185.46,-1.62466
185.507,-1.62492
185.56,-1.62517
185.608,-1.62543
185.659,-1.62569
185.71,-1.62595
185.756,-1.62621
185.808,-1.62647
185.862,-1.62673
185.906,-1.62699
185.962,-1.62725
186.005,-1.62751
186.059,-1.62776
186.106,-1.62802
186.153,-1.62827
186.207,-1.62852
186.255,-1.62877
186.312,-1.62903
186.358,-1.62929
186.408,-1.62955
186.456,-1.62981
186.504,-1.63006
186.558,-1.6303
186.606,-1.63054
186.658,-1.63077
186.707,-1.631
186.759,-1.63122
186.807,-1.63144
186.859,-1.63167
186.908,-1.6319
186.956,-1.63213
187.008,-1.63237
187.058,-1.63262
187.11,-1.63287
187.157,-1.63313
187.206,-1.63341
187.257,-1.6337
187.303,-1.634
187.359,-1.63431
187.404,-1.63463
187.46,-1.63496
187.504,-1.6353
187.555,-1.63563
187.607,-1.63597
187.658,-1.6363
187.706,-1.63663
187.758,-1.63695
187.808,-1.63726
187.857,-1.63757
187.904,-1.63788
187.959,-1.63818
188.005,-1.63847
188.057,-1.63876
188.109,-1.63906
188.155,-1.63935
188.205,-1.63965
188.256,-1.63995
188.305,-1.64025
188.354,-1.64056
188.401,-1.64087
188.456,-1.6412
188.505,-1.64153
188.556,-1.64188
188.605,-1.64224
188.655,-1.64262
188.706,-1.64302
188.757,-1.64343
188.807,-1.64386
188.857,-1.64429
188.904,-1.64472
188.955,-1.64515
189.005,-1.64559
189.056,-1.64601
189.108,-1.64644
189.155,-1.64685
189.201,-1.64724
189.255,-1.64757
189.305,-1.64784
189.354,-1.64807
189.404,-1.64834
189.455,-1.64863
189.503,-1.64894
189.552,-1.64928
189.603,-1.6496
189.656,-1.65001
189.704,-1.65047
189.753,-1.65093
189.801,-1.65147
189.858,-1.65201
189.904,-1.65253
189.953,-1.65302
190.005,-1.65352
190.051,-1.65405
190.105,-1.65457
190.155,-1.65503
190.204,-1.65548
190.255,-1.65593
190.306,-1.65638
190.354,-1.65683
190.406,-1.65727
190.454,-1.65771
190.506,-1.65814
190.551,-1.65859
190.605,-1.65903
190.652,-1.65949
190.702,-1.65996
190.754,-1.66045
190.802,-1.66095
190.852,-1.66147
190.896,-1.66199
190.954,-1.66252
191.004,-1.66305
191.054,-1.66359
191.104,-1.66413
191.153,-1.66467
191.206,-1.66522
191.253,-1.66578
191.303,-1.66635
191.351,-1.66693
191.4,-1.66754
191.453,-1.66815
191.503,-1.66878
191.553,-1.6694
191.603,-1.66997
191.651,-1.6705
191.705,-1.67105
191.751,-1.6716
191.801,-1.67208
191.853,-1.67262
191.903,-1.67319
191.951,-1.67372
192.0,-1.67434
192.052,-1.67497
192.101,-1.67562
192.152,-1.67629
192.203,-1.67703
192.251,-1.67776
192.305,-1.6785
192.353,-1.67924
192.402,-1.68001
192.452,-1.68077
192.499,-1.68149
192.552,-1.68224
192.604,-1.68305
192.653,-1.68381
192.702,-1.68454
192.752,-1.68521
192.8,-1.68589
192.85,-1.68657
192.899,-1.68722
192.951,-1.68787
193.001,-1.68851
193.051,-1.6892
193.099,-1.68996
193.149,-1.69074
193.202,-1.69153
193.248,-1.69233
193.298,-1.69313
193.351,-1.69396
193.403,-1.6948
193.451,-1.69561
193.5,-1.69639
193.548,-1.69723
193.6,-1.69803
193.65,-1.69884
193.697,-1.69964
193.75,-1.70042
193.799,-1.70128
193.85,-1.70223
193.898,-1.70321
193.95,-1.70421
194.003,-1.70524
194.049,-1.70634
194.099,-1.7074
194.149,-1.70853
194.201,-1.70968
194.246,-1.71085
194.298,-1.71197
194.349,-1.71312
194.398,-1.71425
194.448,-1.71538
194.498,-1.71651
194.551,-1.7176
194.6,-1.71863
194.645,-1.7196
194.698,-1.72053
194.746,-1.72145
194.801,-1.72236
194.847,-1.72326
194.899,-1.72415
194.949,-1.72502
194.999,-1.7259
195.049,-1.72681
195.1,-1.72773
195.148,-1.72873
195.2,-1.72981
195.248,-1.73097
195.299,-1.73208
195.349,-1.73317
195.397,-1.73425
195.448,-1.73534
195.501,-1.73645
195.547,-1.73746
195.599,-1.73844
195.648,-1.73944
195.699,-1.74052
195.748,-1.74173
195.798,-1.74286
195.849,-1.74393
195.899,-1.7451
195.947,-1.74622
195.997,-1.7472
196.045,-1.74818
196.097,-1.74919
196.15,-1.75009
196.199,-1.75091
196.246,-1.75164
196.296,-1.75237
196.345,-1.75311
196.397,-1.75384
196.45,-1.75454
196.495,-1.75522
196.546,-1.75586
196.596,-1.75646
196.646,-1.75708
196.696,-1.75773
196.75,-1.75833
196.799,-1.75901
196.845,-1.7597
196.898,-1.76038
196.947,-1.76105
196.995,-1.7617
197.047,-1.76233
197.096,-1.76294
197.144,-1.76353
197.199,-1.76411
197.246,-1.76467
197.296,-1.76521
197.345,-1.76575
197.396,-1.76627
197.446,-1.76678
197.496,-1.76724
197.548,-1.76765
197.596,-1.7681
197.645,-1.76852
197.696,-1.76889
197.746,-1.76926
197.8,-1.76959
197.844,-1.76998
197.895,-1.77037
197.947,-1.77077
197.997,-1.77115
198.049,-1.77148
198.095,-1.77176
198.146,-1.77209
198.195,-1.7724
198.246,-1.77266
198.295,-1.77297
198.346,-1.77329
198.396,-1.77359
198.444,-1.77386
198.494,-1.77407
198.549,-1.77431
198.595,-1.77449
198.647,-1.77466
198.694,-1.77483
198.742,-1.77498
198.796,-1.77514
198.847,-1.77529
198.896,-1.77543
198.945,-1.77559
198.996,-1.77579
199.047,-1.77601
199.095,-1.77621
199.144,-1.77641
199.197,-1.7766
199.247,-1.77678
199.296,-1.77696
199.344,-1.77713
199.395,-1.77729
199.444,-1.77745
199.494,-1.77761
199.541,-1.77776
199.59,-1.77793
199.646,-1.77809
199.692,-1.77826
199.744,-1.77844
199.795,-1.77861
199.839,-1.77878
199.895,-1.77895
199.944,-1.77911
199.994,-1.77926
200.042,-1.7794
200.091,-1.77953
200.146,-1.77964
200.193,-1.77975
200.245,-1.77985
200.292,-1.77994
200.341,-1.78002
200.394,-1.7801
200.445,-1.78017
200.493,-1.78023
200.542,-1.78029
200.593,-1.78034
200.643,-1.7804
200.691,-1.78045
200.742,-1.78051
200.794,-1.78058
200.843,-1.78065
200.893,-1.78073
200.941,-1.78081
200.991,-1.78089
201.044,-1.78097
201.094,-1.78104
201.141,-1.78111
201.192,-1.78117
201.24,-1.78123
201.294,-1.78128
201.341,-1.78133
201.395,-1.78137
201.439,-1.78141
201.494,-1.78145
201.543,-1.78149
201.594,-1.78154
201.641,-1.78158
201.687,-1.78163
201.741,-1.78168
201.792,-1.78173
201.844,-1.78178
201.892,-1.78183
201.938,-1.78188
201.989,-1.78193
202.042,-1.78199
202.09,-1.78205
202.143,-1.78212
202.192,-1.7822
202.241,-1.78229
202.287,-1.78238
202.34,-1.78247
202.394,-1.78255
202.44,-1.78264
202.49,-1.78271
202.54,-1.78277
202.59,-1.78283
202.641,-1.78288
202.691,-1.78293
202.742,-1.78298
202.792,-1.78303
202.838,-1.78309
202.888,-1.78316
202.941,-1.78324
202.989,-1.78333
203.04,-1.78343
203.09,-1.78353
203.14,-1.78363
203.19,-1.78373
203.242,-1.78383
203.289,-1.78392
203.34,-1.784
203.392,-1.78407
203.441,-1.78413
203.492,-1.78418
203.537,-1.78423
203.589,-1.78427
203.64,-1.7843
203.69,-1.78434
203.743,-1.78437
203.788,-1.7844
203.84,-1.78444
203.89,-1.78447
203.937,-1.78449
203.987,-1.78452
204.039,-1.78455
204.091,-1.78458
204.141,-1.78462
204.188,-1.78467
204.239,-1.78472
204.289,-1.78477
204.338,-1.78484
204.39,-1.7849
204.438,-1.78498
204.488,-1.78506
204.538,-1.78515
204.588,-1.78524
204.636,-1.78532
204.688,-1.78541
204.74,-1.78549
204.789,-1.78557
204.839,-1.78565
204.891,-1.78573
204.939,-1.7858
204.986,-1.78586
205.038,-1.78592
205.086,-1.78598
205.138,-1.78603
205.188,-1.78608
205.236,-1.78613
205.286,-1.78619
205.338,-1.78625
205.388,-1.78632
205.438,-1.7864
205.487,-1.78648
205.536,-1.78657
205.586,-1.78667
205.639,-1.78678
205.689,-1.78689
205.736,-1.78701
205.786,-1.78712
205.836,-1.78723
205.887,-1.78734
205.933,-1.78746
205.988,-1.78757
206.038,-1.78769
206.083,-1.78782
206.136,-1.78794
206.187,-1.78806
206.239,-1.78819
206.285,-1.7883
206.333,-1.78841
206.389,-1.78852
206.438,-1.78863
206.485,-1.78873
206.535,-1.78883
206.59,-1.78892
206.637,-1.789
206.686,-1.78908
206.738,-1.78917
206.786,-1.78926
206.836,-1.78935
206.884,-1.78945
206.934,-1.78955
206.988,-1.78965
207.035,-1.78974
207.084,-1.78982
207.135,-1.78989
207.185,-1.78995
207.235,-1.79
207.285,-1.79005
207.338,-1.79009
207.386,-1.79014
207.432,-1.79019
207.487,-1.79025
207.538,-1.79032
207.585,-1.79039
207.639,-1.79048
207.686,-1.79058
207.735,-1.79068
207.786,-1.79079
207.833,-1.7909
207.885,-1.791
207.936,-1.7911
207.988,-1.79119
208.033,-1.79128
208.088,-1.79136
208.139,-1.79145
208.184,-1.79153
208.236,-1.79162
208.283,-1.79172
208.334,-1.79182
208.386,-1.79193
208.435,-1.79204
208.485,-1.79215
208.534,-1.79226
208.584,-1.79236
208.635,-1.79247
208.683,-1.79258
208.734,-1.7927
208.78,-1.79283
208.834,-1.79297
208.885,-1.79313
208.935,-1.79329
208.986,-1.79346
209.036,-1.79363
209.083,-1.7938
209.138,-1.79396
209.184,-1.79412
209.236,-1.79428
209.283,-1.79443
209.333,-1.79457
209.383,-1.7947
209.435,-1.79483
209.486,-1.79494
209.535,-1.79505
209.583,-1.79516
209.636,-1.79526
209.682,-1.79536
209.735,-1.79546
209.785,-1.79557
209.836,-1.79567
209.881,-1.79578
209.934,-1.79589
209.987,-1.796
210.034,-1.79612
210.087,-1.79625
210.13,-1.79638
210.183,-1.79651
210.234,-1.79664
210.283,-1.79677
210.334,-1.7969
210.378,-1.79702
210.431,-1.79714
210.483,-1.79726
210.534,-1.79737
210.584,-1.79748
210.635,-1.79759
210.681,-1.79769
210.734,-1.79779
210.781,-1.79788
210.832,-1.79796
210.882,-1.79804
210.932,-1.79811
210.98,-1.79818
211.03,-1.79823
211.083,-1.79829
211.132,-1.79835
211.18,-1.79841
211.232,-1.79848
211.281,-1.79855
211.331,-1.79863
211.385,-1.79872
211.434,-1.79882
211.482,-1.79894
211.533,-1.79907
211.583,-1.79922
211.635,-1.79938
211.681,-1.79955
211.732,-1.79972
211.782,-1.79989
211.832,-1.80005
211.881,-1.80022
211.934,-1.80038
211.979,-1.80054
212.029,-1.8007
212.08,-1.80085
212.13,-1.80101
212.183,-1.80116
212.23,-1.80131
212.281,-1.80146
212.329,-1.8016
212.379,-1.80175
212.432,-1.80189
212.483,-1.80203
212.53,-1.80217
212.577,-1.80231
212.63,-1.80244
212.68,-1.80257
212.731,-1.80269
212.782,-1.80282
212.832,-1.80294
212.879,-1.80306
212.93,-1.80318
212.981,-1.80331
213.03,-1.80343
213.081,-1.80356
213.127,-1.80368
213.18,-1.80381
213.229,-1.80393
213.281,-1.80406
213.331,-1.80418
213.379,-1.80431
213.43,-1.80444
213.478,-1.80456
213.529,-1.80468
213.581,-1.8048
213.631,-1.80491
213.68,-1.80502
213.73,-1.80512
213.779,-1.80522
213.83,-1.8053
213.877,-1.80539
213.927,-1.80547
213.979,-1.80555
214.03,-1.80563
214.079,-1.80572
214.129,-1.80582
214.179,-1.80592
214.226,-1.80603
214.278,-1.80614
214.329,-1.80626
214.379,-1.8064
214.428,-1.80653
214.478,-1.80667
214.527,-1.80682
214.579,-1.80696
214.628,-1.8071
214.679,-1.80724
214.727,-1.80738
214.778,-1.80752
214.828,-1.80767
214.879,-1.80782
214.928,-1.80798
214.979,-1.80813
215.025,-1.80829
215.079,-1.80845
215.126,-1.80861
215.18,-1.80877
215.225,-1.80892
215.275,-1.80907
215.327,-1.80922
215.375,-1.80936
215.427,-1.8095
215.475,-1.80964
215.527,-1.80978
215.577,-1.80992
215.626,-1.81006
215.676,-1.8102
215.728,-1.81035
215.776,-1.8105
215.823,-1.81065
215.875,-1.81082
215.926,-1.81098
215.975,-1.81116
216.027,-1.81134
216.074,-1.81152
216.125,-1.8117
216.172,-1.8119
216.225,-1.8121
216.277,-1.8123
216.324,-1.81251
216.376,-1.81271
216.425,-1.81291
216.477,-1.81309
216.526,-1.81326
216.574,-1.81342
216.626,-1.81356
216.677,-1.8137
216.725,-1.81383
216.776,-1.81395
216.828,-1.81406
216.876,-1.81417
216.925,-1.81428
216.972,-1.81439
217.029,-1.8145
217.074,-1.81462
217.127,-1.81475
217.175,-1.81489
217.223,-1.81504
217.275,-1.8152
217.325,-1.81536
217.375,-1.81553
217.425,-1.81571
217.475,-1.81588
217.527,-1.81605
217.574,-1.81621
217.626,-1.81637
217.673,-1.81653
217.724,-1.81668
217.776,-1.81683
217.824,-1.81698
217.877,-1.81713
217.925,-1.81727
217.975,-1.81741
218.023,-1.81755
218.072,-1.8177
218.127,-1.81784
218.175,-1.81799
218.223,-1.81815
218.275,-1.81831
218.322,-1.81848
218.375,-1.81865
218.423,-1.81883
218.472,-1.81902
218.523,-1.81922
218.576,-1.81942
218.624,-1.81962
218.674,-1.81982
218.725,-1.82003
218.772,-1.82023
218.822,-1.82043
218.875,-1.82063
218.925,-1.82082
218.976,-1.82101
219.024,-1.82119
219.071,-1.82136
219.124,-1.82152
219.173,-1.82169
219.225,-1.82185
219.273,-1.82201
219.321,-1.82217
219.373,-1.82233
219.421,-1.82248
219.473,-1.82264
219.524,-1.82281
219.572,-1.82298
219.622,-1.82315
219.672,-1.82331
219.725,-1.82348
219.774,-1.82365
219.823,-1.82381
219.876,-1.82397
219.921,-1.82413
219.973,-1.82428
220.026,-1.82444
220.073,-1.8246
220.124,-1.82476
220.17,-1.82493
220.221,-1.8251
220.274,-1.82528
220.319,-1.82545
220.373,-1.82563
220.421,-1.8258
220.472,-1.82597
220.526,-1.82614
220.572,-1.8263
220.625,-1.82647
220.67,-1.82662
220.72,-1.82678
220.768,-1.82693
220.822,-1.82708
220.871,-1.82723
220.921,-1.82739
220.97,-1.82754
221.02,-1.82769
221.07,-1.82785
221.12,-1.828
221.172,-1.82815
221.22,-1.8283
221.272,-1.82844
221.321,-1.82857
221.374,-1.82871
221.418,-1.82884
221.47,-1.82898
221.52,-1.82912
221.567,-1.82926
221.623,-1.8294
221.671,-1.82954
221.721,-1.82967
221.77,-1.82981
221.821,-1.82994
221.87,-1.83008
221.921,-1.83022
221.967,-1.83036
222.02,-1.83051
222.067,-1.83066
222.12,-1.83082
222.169,-1.83098
222.221,-1.83114
222.273,-1.83131
222.322,-1.83148
222.37,-1.83165
222.418,-1.83182
222.469,-1.83199
222.52,-1.83216
222.573,-1.83233
222.621,-1.8325
222.668,-1.83267
222.722,-1.83284
222.771,-1.83302
222.82,-1.8332
222.869,-1.83338
222.917,-1.83357
222.969,-1.83377
223.022,-1.83396
223.07,-1.83415
223.121,-1.83433
223.168,-1.8345
223.217,-1.83467
223.269,-1.83482
223.322,-1.83498
223.371,-1.83513
223.419,-1.83528
223.468,-1.83543
223.517,-1.83559
223.57,-1.83575
223.621,-1.83591
223.67,-1.83607
223.718,-1.83623
223.769,-1.83639
223.82,-1.83654
223.869,-1.83669
223.92,-1.83684
223.967,-1.83698
224.016,-1.83712
224.067,-1.83726
224.121,-1.8374
224.167,-1.83755
224.22,-1.8377
224.267,-1.83787
224.319,-1.83805
224.368,-1.83825
224.414,-1.83845
224.466,-1.83866
224.519,-1.83887
224.569,-1.83909
224.621,-1.83931
224.671,-1.83953
224.72,-1.83975
224.766,-1.83996
224.82,-1.84017
224.866,-1.84037
224.918,-1.84056
224.969,-1.84073
225.015,-1.84088
225.069,-1.84102
225.119,-1.84115
225.167,-1.84128
225.22,-1.8414
225.263,-1.84152
225.316,-1.84164
225.366,-1.84177
225.416,-1.84191
225.465,-1.84207
225.518,-1.84224
225.566,-1.84242
225.618,-1.84262
225.664,-1.84283
225.718,-1.84305
225.766,-1.84327
225.815,-1.84349
225.864,-1.84371
225.916,-1.84393
225.966,-1.84414
226.02,-1.84435
226.069,-1.84455
226.116,-1.84475
226.168,-1.84495
226.219,-1.84514
226.265,-1.84533
226.318,-1.84552
226.363,-1.8457
226.414,-1.84588
226.466,-1.84605
226.514,-1.84622
226.567,-1.84639
226.616,-1.84656
226.666,-1.84674
226.712,-1.84692
226.762,-1.84712
226.815,-1.84731
226.87,-1.84751
226.918,-1.84772
226.967,-1.84792
227.012,-1.84811
227.066,-1.84831
227.117,-1.84849
227.165,-1.84868
227.214,-1.84886
227.267,-1.84903
227.317,-1.84921
227.365,-1.84939
227.419,-1.84956
227.464,-1.84973
227.517,-1.8499
227.562,-1.85006
227.614,-1.85021
227.669,-1.85035
227.713,-1.85049
227.762,-1.85062
227.813,-1.85073
227.862,-1.85084
227.916,-1.85095
227.966,-1.85106
228.014,-1.85118
228.063,-1.85132
228.115,-1.85148
228.163,-1.85166
228.212,-1.85185
228.263,-1.85206
228.314,-1.85229
228.363,-1.85252
228.418,-1.85276
228.463,-1.853
228.512,-1.85324
228.561,-1.85347
228.609,-1.85368
228.661,-1.85389
228.712,-1.85407
228.765,-1.85425
228.81,-1.85441
228.862,-1.85456
228.911,-1.8547
228.964,-1.85485
229.017,-1.85499
229.064,-1.85512
229.113,-1.85526
229.161,-1.85539
229.21,-1.85552
229.263,-1.85565
229.315,-1.85577
229.363,-1.85589
229.411,-1.85601
229.463,-1.85613
229.513,-1.85626
229.565,-1.85639
229.611,-1.85652
229.66,-1.85666
229.714,-1.8568
229.764,-1.85694
229.81,-1.85709
229.863,-1.85726
229.914,-1.85744
229.962,-1.85763
230.012,-1.85784
230.062,-1.85805
230.114,-1.85826
230.165,-1.85848
230.21,-1.85869
230.26,-1.85889
230.312,-1.85909
230.361,-1.85928
230.412,-1.85946
230.463,-1.85963
230.51,-1.8598
230.56,-1.85997
230.612,-1.86014
230.664,-1.86031
230.714,-1.86049
230.761,-1.86067
230.809,-1.86085
230.862,-1.86104
230.912,-1.86123
230.961,-1.8614
231.014,-1.86157
231.062,-1.86173
231.111,-1.86188
231.161,-1.86201
231.212,-1.86213
231.263,-1.86225
231.31,-1.86237
231.362,-1.86249
231.409,-1.86261
231.461,-1.86274
231.51,-1.86289
231.554,-1.86305
231.608,-1.86322
231.662,-1.86341
231.708,-1.8636
231.759,-1.86379
231.808,-1.86399
231.862,-1.86419
231.909,-1.86439
231.961,-1.86459
232.013,-1.86478
232.061,-1.86497
232.113,-1.86515
232.161,-1.86532
232.21,-1.86549
232.26,-1.86566
232.307,-1.86582
232.36,-1.86598
232.411,-1.86614
232.459,-1.86631
232.509,-1.86648
232.562,-1.86666
232.609,-1.86684
232.661,-1.86702
232.707,-1.86721
232.759,-1.86742
232.811,-1.86763
232.861,-1.86785
232.909,-1.86808
232.956,-1.8683
233.01,-1.86851
233.059,-1.86871
233.114,-1.8689
233.16,-1.86908
233.211,-1.86924
233.26,-1.86938
233.306,-1.86952
233.36,-1.86964
233.406,-1.86976
233.46,-1.86988
233.507,-1.87001
233.556,-1.87014
233.61,-1.8703
233.657,-1.87047
233.708,-1.87067
233.757,-1.87089
233.804,-1.87114
233.861,-1.8714
233.908,-1.87168
233.961,-1.87197
234.006,-1.87226
234.057,-1.87256
234.108,-1.87284
234.157,-1.87311
234.208,-1.87337
234.257,-1.87361
234.306,-1.87382
234.358,-1.87402
234.409,-1.8742
234.459,-1.87436
234.508,-1.87451
234.559,-1.87465
234.609,-1.87479
234.659,-1.87492
234.708,-1.87506
234.759,-1.87521
234.803,-1.87535
234.859,-1.8755
234.906,-1.87566
234.958,-1.87582
235.008,-1.87599
235.056,-1.87618
235.104,-1.87637
235.156,-1.87658
235.204,-1.87678
235.258,-1.877
235.304,-1.87721
235.352,-1.87742
235.405,-1.87761
235.459,-1.8778
235.507,-1.87797
235.557,-1.87813
235.608,-1.87828
235.656,-1.87841
235.703,-1.87854
235.754,-1.87866
235.806,-1.87879
235.857,-1.87893
235.903,-1.87908
235.955,-1.87925
236.009,-1.87943
236.057,-1.87964
236.11,-1.87986
236.155,-1.88009
236.203,-1.88033
236.254,-1.88058
236.304,-1.88083
236.355,-1.88108
236.406,-1.88132
236.456,-1.88154
236.505,-1.88175
236.557,-1.88195
236.603,-1.88213
236.654,-1.8823
236.708,-1.88246
236.753,-1.88262
236.804,-1.88279
236.858,-1.88296
236.904,-1.88313
236.952,-1.88331
237.005,-1.88349
237.054,-1.88368
237.101,-1.88388
237.154,-1.88408
237.204,-1.88429
237.257,-1.88451
237.302,-1.88473
237.351,-1.88496
237.406,-1.8852
237.456,-1.88544
237.507,-1.88568
237.555,-1.88591
237.605,-1.88614
237.655,-1.88637
237.706,-1.88658
237.756,-1.88679
237.805,-1.88698
237.858,-1.88717
237.903,-1.88734
237.954,-1.88751
238.003,-1.88766
238.054,-1.88781
238.103,-1.88796
238.156,-1.88812
238.204,-1.88828
238.254,-1.88845
238.301,-1.88862
238.354,-1.8888
238.402,-1.88897
238.455,-1.88915
238.506,-1.88933
238.555,-1.88951
238.601,-1.88968
238.654,-1.88986
238.704,-1.89003
238.755,-1.89019
238.805,-1.89036
238.851,-1.89052
238.903,-1.89069
238.954,-1.89086
239.005,-1.89103
239.056,-1.89122
239.101,-1.89141
239.152,-1.89161
239.203,-1.89182
239.253,-1.89204
239.305,-1.89227
239.351,-1.89251
239.402,-1.89276
239.45,-1.89302
239.502,-1.89328
239.553,-1.89352
239.6,-1.89376
239.65,-1.89399
239.703,-1.89421
239.75,-1.89442
239.802,-1.89463
239.855,-1.89483
239.903,-1.89502
239.952,-1.89519
240.0,-1.89535
240.051,-1.8955
240.102,-1.89565
240.152,-1.89579
240.201,-1.89593
240.252,-1.89607
240.304,-1.89622
240.351,-1.89638
240.405,-1.89654
240.451,-1.89671
240.499,-1.89689
240.55,-1.89708
240.6,-1.89727
240.652,-1.89747
240.703,-1.89768
240.751,-1.89789
240.801,-1.89809
240.852,-1.89829
240.899,-1.89848
240.954,-1.89867
241.0,-1.89885
241.049,-1.89903
241.103,-1.89921
241.152,-1.89939
241.198,-1.89957
241.249,-1.89977
241.301,-1.89996
241.349,-1.90017
241.399,-1.90038
241.45,-1.90061
241.5,-1.90084
241.551,-1.90107
241.601,-1.90129
241.651,-1.9015
241.7,-1.9017
241.751,-1.90188
241.803,-1.90205
241.848,-1.90221
241.902,-1.90235
241.95,-1.9025
242.0,-1.90264
242.049,-1.90279
242.097,-1.90293
242.148,-1.90308
242.201,-1.90323
242.249,-1.90339
242.298,-1.90354
242.349,-1.9037
242.398,-1.90385
242.45,-1.90402
242.501,-1.90418
242.55,-1.90436
242.598,-1.90454
242.649,-1.90472
242.698,-1.9049
242.749,-1.90508
242.8,-1.90527
242.847,-1.90546
242.898,-1.90565
242.948,-1.90585
242.997,-1.90606
243.049,-1.90627
243.098,-1.90647
243.151,-1.90667
243.198,-1.90687
243.249,-1.90706
243.3,-1.90725
243.349,-1.90744
243.399,-1.90763
243.447,-1.90783
243.497,-1.90803
243.55,-1.90823
243.602,-1.90843
243.649,-1.90864
243.7,-1.90884
243.748,-1.90904
243.798,-1.90924
243.847,-1.90943
243.898,-1.9096
243.95,-1.90977
244.001,-1.90994
244.048,-1.9101
244.1,-1.91025
244.15,-1.9104
244.197,-1.91054
244.246,-1.91068
244.296,-1.91082
244.348,-1.91097
244.399,-1.91111
244.448,-1.91127
244.495,-1.91144
244.547,-1.91161
244.6,-1.9118
244.647,-1.91198
244.698,-1.91218
244.749,-1.91238
244.798,-1.91258
244.849,-1.91278
244.901,-1.91298
244.951,-1.9132
245.0,-1.91342
245.048,-1.91364
245.098,-1.91388
245.147,-1.91412
245.201,-1.91437
245.25,-1.91462
245.296,-1.91488
245.349,-1.91514
245.399,-1.91539
245.447,-1.91564
245.5,-1.91589
245.547,-1.91613
245.599,-1.91636
245.647,-1.91657
245.698,-1.91676
245.747,-1.91694
245.796,-1.91712
245.846,-1.91729
245.895,-1.91746
245.945,-1.91763
245.997,-1.91781
246.048,-1.91799
246.096,-1.91817
246.145,-1.91837
246.198,-1.91857
246.25,-1.91877
246.297,-1.91897
246.348,-1.91917
246.394,-1.91937
246.446,-1.91957
246.496,-1.91978
246.546,-1.91999
246.602,-1.92021
246.644,-1.92043
246.697,-1.92066
246.745,-1.9209
246.795,-1.92114
246.849,-1.92138
246.897,-1.92163
246.946,-1.92187
246.996,-1.92211
247.047,-1.92234
247.099,-1.92257
247.147,-1.9228
247.196,-1.92302
247.246,-1.92323
247.295,-1.92344
247.347,-1.92364
247.395,-1.92384
247.447,-1.92403
247.494,-1.92421
247.544,-1.92439
247.595,-1.92458
247.642,-1.92477
247.695,-1.92495
247.741,-1.92514
247.798,-1.92533
247.846,-1.92552
247.897,-1.92571
247.946,-1.92591
247.995,-1.92611
248.048,-1.92631
248.1,-1.92652
248.146,-1.92674
248.198,-1.92696
248.246,-1.92719
248.297,-1.92742
248.345,-1.92765
248.395,-1.92788
248.447,-1.9281
248.495,-1.92831
248.546,-1.92852
248.597,-1.92872
248.642,-1.92891
248.696,-1.9291
248.746,-1.92928
248.796,-1.92947
248.845,-1.92965
248.893,-1.92984
248.945,-1.93004
248.996,-1.93023
249.044,-1.93044
249.095,-1.93064
249.142,-1.93085
249.193,-1.93107
249.244,-1.93128
249.297,-1.93149
249.344,-1.9317
249.391,-1.93191
249.445,-1.93211
249.493,-1.9323
249.546,-1.93248
249.596,-1.93265
249.643,-1.93282
249.692,-1.93299
249.745,-1.93316
249.795,-1.93335
249.845,-1.93354
249.893,-1.93374
249.941,-1.93395
249.99,-1.93416
250.042,-1.93437
250.094,-1.93458
250.144,-1.93478
250.191,-1.93497
250.241,-1.93516
250.292,-1.93534
250.342,-1.93552
250.393,-1.93569
250.443,-1.93586
250.491,-1.93602
250.544,-1.93619
250.592,-1.93637
250.642,-1.93655
250.695,-1.93675
250.743,-1.93695
250.79,-1.93715
250.842,-1.93735
250.892,-1.93755
250.944,-1.93775
250.99,-1.93793
251.043,-1.93812
251.091,-1.93829
251.144,-1.93846
251.193,-1.93862
251.242,-1.93878
251.29,-1.93894
251.341,-1.93911
251.394,-1.93928
251.443,-1.93945
251.491,-1.93963
251.54,-1.93982
251.592,-1.94001
251.641,-1.94021
251.689,-1.94041
251.741,-1.9406
251.791,-1.94079
251.842,-1.94097
251.892,-1.94115
251.943,-1.94131
251.991,-1.94147
252.042,-1.94162
252.088,-1.94177
252.141,-1.94192
252.191,-1.94208
252.244,-1.94224
252.292,-1.9424
252.339,-1.94257
252.389,-1.94275
252.441,-1.94293
252.493,-1.94313
252.542,-1.94333
252.586,-1.94354
252.641,-1.94377
252.689,-1.944
252.742,-1.94424
252.79,-1.94449
252.841,-1.94474
252.891,-1.94499
252.939,-1.94523
252.99,-1.94547
253.04,-1.9457
253.089,-1.94592
253.142,-1.94612
253.19,-1.94632
253.244,-1.9465
253.291,-1.94667
253.341,-1.94684
253.392,-1.947
253.438,-1.94717
253.49,-1.94733
253.539,-1.94749
253.59,-1.94765
253.64,-1.94781
253.687,-1.94798
253.741,-1.94814
253.789,-1.94831
253.84,-1.94849
253.892,-1.94867
253.939,-1.94885
253.993,-1.94904
254.039,-1.94923
254.091,-1.94943
254.14,-1.94963
254.188,-1.94983
254.238,-1.95004
254.286,-1.95024
254.34,-1.95044
254.391,-1.95063
254.437,-1.95082
254.488,-1.951
254.536,-1.95116
254.588,-1.95132
254.638,-1.95147
254.689,-1.95161
254.741,-1.95174
254.786,-1.95187
254.838,-1.95199
254.888,-1.95211
254.938,-1.95223
254.988,-1.95235
255.037,-1.95247
255.087,-1.9526
255.137,-1.95273
255.188,-1.95286
255.239,-1.95301
255.286,-1.95316
255.337,-1.95332
255.388,-1.95348
255.437,-1.95366
255.486,-1.95385
255.536,-1.95404
255.589,-1.95423
255.636,-1.95441
255.687,-1.95458
255.739,-1.95474
255.789,-1.9549
255.838,-1.95505
255.888,-1.95519
255.936,-1.95533
255.989,-1.95547
256.037,-1.9556
256.09,-1.95574
256.136,-1.95588
256.183,-1.95603
256.238,-1.95617
256.286,-1.95632
256.336,-1.95646
256.385,-1.95661
256.436,-1.95675
256.486,-1.95688
256.536,-1.95702
256.586,-1.95715
256.637,-1.95728
256.687,-1.95742
256.736,-1.95756
256.786,-1.9577
256.84,-1.95785
256.886,-1.95801
256.936,-1.95818
256.984,-1.95835
257.034,-1.95852
257.085,-1.95868
257.134,-1.95885
257.188,-1.959
257.234,-1.95916
257.284,-1.95931
257.335,-1.95946
257.384,-1.9596
257.436,-1.95974
257.484,-1.95987
257.534,-1.95999
257.589,-1.9601
257.637,-1.9602
257.685,-1.9603
257.735,-1.96039
257.783,-1.96047
257.833,-1.96055
257.886,-1.96063
257.936,-1.96071
257.985,-1.9608
258.037,-1.96089
258.085,-1.961
258.134,-1.96113
258.184,-1.96126
258.233,-1.96141
258.284,-1.96157
258.335,-1.96173
258.383,-1.9619
258.437,-1.96208
258.486,-1.96227
258.536,-1.96247
258.582,-1.96267
258.633,-1.96288
258.688,-1.96308
258.737,-1.96327
258.784,-1.96344
258.833,-1.96359
258.884,-1.96373
258.935,-1.96384
258.982,-1.96393
259.038,-1.96401
259.082,-1.96407
259.132,-1.96413
259.186,-1.96419
259.235,-1.96425
259.285,-1.96433
259.334,-1.96443
259.383,-1.96456
259.434,-1.96471
259.483,-1.96488
259.535,-1.96507
259.586,-1.96527
259.636,-1.96548
259.684,-1.96569
259.734,-1.96589
259.783,-1.96609
259.835,-1.96628
259.882,-1.96646
259.935,-1.96663
259.985,-1.9668
260.034,-1.96695
260.085,-1.96709
260.134,-1.96723
260.183,-1.96736
260.231,-1.96748
260.282,-1.96761
260.334,-1.96774
260.382,-1.96787
260.432,-1.96801
260.48,-1.96816
260.535,-1.96833
260.583,-1.96851
260.632,-1.96871
260.682,-1.96891
260.732,-1.96912
260.784,-1.96934
260.834,-1.96955
260.884,-1.96977
260.932,-1.96997
260.981,-1.97016
261.032,-1.97033
261.08,-1.97049
261.136,-1.97061
261.181,-1.97073
261.229,-1.97082
261.283,-1.97091
261.331,-1.97099
261.382,-1.97108
261.433,-1.97118
261.482,-1.97129
261.533,-1.97142
261.579,-1.97156
261.632,-1.97171
261.685,-1.97189
261.732,-1.97208
261.78,-1.97229
261.832,-1.9725
261.884,-1.97273
261.929,-1.97296
261.981,-1.97318
262.032,-1.9734
262.08,-1.97362
262.129,-1.97382
262.181,-1.97402
262.229,-1.9742
262.279,-1.97438
262.331,-1.97454
262.382,-1.9747
262.43,-1.97486
262.481,-1.97501
262.532,-1.97516
262.579,-1.97532
262.632,-1.97548
262.679,-1.97565
262.733,-1.97582
262.782,-1.976
262.829,-1.97619
262.88,-1.97639
262.928,-1.97658
262.98,-1.97677
263.03,-1.97696
263.08,-1.97713
263.13,-1.9773
263.18,-1.97745
263.229,-1.9776
263.281,-1.97773
263.331,-1.97786
263.385,-1.97798
263.429,-1.9781
263.481,-1.97821
263.533,-1.97833
263.577,-1.97844
263.63,-1.97856
263.678,-1.97868
263.729,-1.97882
263.781,-1.97897
263.83,-1.97913
263.879,-1.97931
263.928,-1.9795
263.979,-1.9797
264.028,-1.97992
264.076,-1.98014
264.129,-1.98035
264.179,-1.98057
264.231,-1.98077
264.275,-1.98096
264.328,-1.98113
264.381,-1.9813
264.429,-1.98146
264.48,-1.98162
264.524,-1.98178
264.579,-1.98194
264.629,-1.9821
264.678,-1.98225
264.731,-1.98242
264.776,-1.98258
264.826,-1.98275
264.877,-1.98293
264.926,-1.9831
264.979,-1.98328
265.026,-1.98346
265.077,-1.98365
265.127,-1.98384
265.177,-1.98403
265.232,-1.98421
265.279,-1.98439
265.329,-1.98456
265.377,-1.9847
265.428,-1.98484
265.475,-1.98496
265.526,-1.98507
265.575,-1.98517
265.624,-1.98528
265.68,-1.98539
265.73,-1.98551
265.781,-1.98563
265.825,-1.98576
265.878,-1.9859
265.927,-1.98605
265.976,-1.98621
266.028,-1.9864
266.078,-1.98659
266.127,-1.98679
266.175,-1.987
266.225,-1.98721
266.275,-1.98741
266.331,-1.98761
266.378,-1.9878
266.428,-1.98798
266.476,-1.98814
266.525,-1.98829
266.577,-1.98843
266.623,-1.98856
266.677,-1.98867
266.726,-1.98877
266.775,-1.98888
266.83,-1.98898
266.876,-1.98909
266.925,-1.9892
266.975,-1.98933
267.027,-1.98946
267.079,-1.9896
267.128,-1.98975
267.177,-1.98991
267.229,-1.99008
267.276,-1.99025
267.327,-1.99043
267.376,-1.9906
267.427,-1.99076
267.474,-1.99091
267.523,-1.99106
267.578,-1.9912
267.625,-1.99134
267.676,-1.99146
267.725,-1.99158
267.772,-1.9917
267.825,-1.99181
267.876,-1.99192
267.925,-1.99204
267.971,-1.99216
268.024,-1.9923
268.074,-1.99245
268.124,-1.99261
268.175,-1.99278
268.222,-1.99297
268.277,-1.99316
268.325,-1.99335
268.375,-1.99354
268.427,-1.99372
268.475,-1.9939
268.527,-1.99408
268.576,-1.99425
268.622,-1.99442
268.674,-1.99458
268.724,-1.99474
268.774,-1.99491
268.825,-1.99507
268.877,-1.99523
268.927,-1.99539
268.975,-1.99555
269.026,-1.9957
269.075,-1.99586
269.123,-1.99601
269.173,-1.99617
269.224,-1.99633
269.273,-1.9965
269.326,-1.99667
269.372,-1.99684
269.423,-1.99701
269.477,-1.99719
269.525,-1.99736
269.576,-1.99753
269.625,-1.9977
269.676,-1.99787
269.724,-1.99805
269.775,-1.99823
269.824,-1.99841
269.874,-1.9986
269.926,-1.99879
269.973,-1.99899
270.026,-1.9992
270.074,-1.99941
270.122,-1.99961
270.172,-1.99982
270.222,-2.00001
270.274,-2.0002
270.323,-2.00039
270.374,-2.00058
270.421,-2.00077
270.47,-2.00095
270.524,-2.00114
270.571,-2.00132
270.625,-2.00149
270.672,-2.00167
270.721,-2.00185
270.769,-2.00202
270.822,-2.0022
270.873,-2.00237
270.923,-2.00254
270.973,-2.00271
271.022,-2.00288
271.071,-2.00306
271.123,-2.00324
271.172,-2.00343
271.223,-2.00363
271.272,-2.00383
271.32,-2.00404
271.372,-2.00425
271.42,-2.00447
271.473,-2.00468
271.523,-2.0049
271.572,-2.00511
271.621,-2.00531
271.671,-2.00551
271.722,-2.0057
271.772,-2.00588
271.819,-2.00605
271.872,-2.00622
271.923,-2.00639
271.973,-2.00655
272.022,-2.00671
272.069,-2.00688
272.123,-2.00704
272.169,-2.00721
272.222,-2.00739
272.272,-2.00757
272.322,-2.00775
272.369,-2.00794
272.42,-2.00814
272.472,-2.00834
272.52,-2.00855
272.571,-2.00875
272.621,-2.00896
272.669,-2.00918
272.723,-2.00939
272.773,-2.0096
272.822,-2.00981
272.87,-2.01001
272.92,-2.01021
272.971,-2.01041
273.018,-2.0106
273.069,-2.01078
273.121,-2.01096
273.168,-2.01113
273.218,-2.01129
273.268,-2.01146
273.321,-2.01163
273.37,-2.01181
273.417,-2.01199
273.469,-2.01218
273.519,-2.01238
273.569,-2.01258
273.62,-2.01277
273.668,-2.01297
273.718,-2.01317
273.765,-2.01336
273.819,-2.01356
273.87,-2.01376
273.921,-2.01395
273.968,-2.01414
274.017,-2.01433
274.069,-2.01452
274.123,-2.01471
274.169,-2.0149
274.22,-2.01509
274.266,-2.01528
274.317,-2.01547
274.37,-2.01566
274.419,-2.01584
274.467,-2.01603
274.515,-2.01621
274.566,-2.0164
274.615,-2.01657
274.67,-2.01675
274.719,-2.01691
274.764,-2.01707
274.819,-2.01722
274.867,-2.01736
274.92,-2.01749
274.967,-2.01761
275.018,-2.01773
275.068,-2.01785
275.117,-2.01798
275.166,-2.01812
275.221,-2.01826
275.271,-2.01842
275.317,-2.01858
275.364,-2.01874
275.418,-2.01891
275.47,-2.01908
275.516,-2.01925
275.569,-2.01942
275.618,-2.01958
275.668,-2.01974
275.719,-2.0199
275.767,-2.02005
275.818,-2.0202
275.864,-2.02036
275.916,-2.02052
275.969,-2.02068
276.015,-2.02085
276.066,-2.02103
276.115,-2.02122
276.167,-2.02142
276.217,-2.02164
276.264,-2.02186
276.316,-2.02209
276.364,-2.02232
276.415,-2.02255
276.462,-2.02278
276.514,-2.02301
276.567,-2.02322
276.615,-2.02343
276.667,-2.02362
276.714,-2.02381
276.769,-2.02399
276.819,-2.02416
276.866,-2.02433
276.916,-2.0245
276.968,-2.02467
277.015,-2.02483
277.066,-2.02501
277.114,-2.02519
277.167,-2.02538
277.215,-2.02558
277.265,-2.02578
277.313,-2.02599
277.365,-2.02619
277.419,-2.0264
277.465,-2.0266
277.516,-2.0268
277.564,-2.02699
277.615,-2.02718
277.664,-2.02736
277.716,-2.02754
277.767,-2.02771
277.813,-2.02788
277.862,-2.02805
277.915,-2.02821
277.966,-2.02838
278.015,-2.02855
278.066,-2.02874
278.112,-2.02893
278.166,-2.02913
278.213,-2.02933
278.266,-2.02953
278.314,-2.02971
278.364,-2.02987
278.413,-2.03002
278.461,-2.03015
278.514,-2.03028
278.563,-2.0304
278.615,-2.03051
278.665,-2.03063
278.713,-2.03075
278.765,-2.03088
278.815,-2.03101
278.866,-2.03116
278.912,-2.03132
278.964,-2.03149
279.016,-2.03167
279.062,-2.03185
279.115,-2.03204
279.163,-2.03223
279.214,-2.03243
279.264,-2.03262
279.314,-2.03281
279.363,-2.03301
279.412,-2.03319
279.459,-2.03338
279.512,-2.03355
279.564,-2.03373
279.615,-2.0339
279.663,-2.03407
279.71,-2.03423
279.765,-2.0344
279.814,-2.03458
279.864,-2.03476
279.911,-2.03495
279.961,-2.03514
280.012,-2.03534
280.059,-2.03554
280.113,-2.03573
280.162,-2.03592
280.212,-2.03612
280.262,-2.03631
280.312,-2.03651
280.364,-2.0367
280.412,-2.0369
280.463,-2.0371
280.513,-2.03731
280.56,-2.03754
280.61,-2.03778
280.661,-2.03802
280.712,-2.03828
280.761,-2.03854
280.813,-2.0388
280.862,-2.03905
280.912,-2.0393
280.961,-2.03952
281.012,-2.03973
281.061,-2.0399
281.114,-2.04006
281.162,-2.0402
281.215,-2.04033
281.259,-2.04045
281.312,-2.04056
281.362,-2.04067
281.411,-2.04078
281.464,-2.0409
281.511,-2.04103
281.559,-2.04116
281.61,-2.04131
281.66,-2.04147
281.711,-2.04164
281.762,-2.04182
281.813,-2.042
281.861,-2.04219
281.915,-2.04237
281.961,-2.04256
282.009,-2.04275
282.061,-2.04293
282.112,-2.04311
282.16,-2.04327
282.212,-2.04343
282.257,-2.04358
282.311,-2.04373
282.36,-2.04388
282.408,-2.04403
282.461,-2.0442
282.513,-2.04437
282.561,-2.04455
282.612,-2.04473
282.658,-2.04493
282.712,-2.04514
282.759,-2.04535
282.812,-2.04557
282.861,-2.04579
282.909,-2.04601
282.959,-2.04623
283.007,-2.04645
283.059,-2.04667
283.11,-2.04688
283.158,-2.04708
283.21,-2.04728
283.258,-2.04749
283.311,-2.04772
283.36,-2.04795
283.408,-2.04819
283.458,-2.04843
283.509,-2.04869
283.559,-2.04894
283.607,-2.04919
283.658,-2.04943
283.709,-2.04965
283.756,-2.04985
283.811,-2.05004
283.861,-2.05021
283.91,-2.05037
283.959,-2.05053
284.007,-2.05069
284.058,-2.05084
284.11,-2.051
284.16,-2.05115
284.209,-2.05131
284.257,-2.05146
284.31,-2.05163
284.36,-2.0518
284.412,-2.05198
284.459,-2.05216
284.51,-2.05236
284.559,-2.05255
284.607,-2.05275
284.66,-2.05296
284.708,-2.05316
284.757,-2.05337
284.809,-2.05357
284.858,-2.05377
284.909,-2.05396
284.959,-2.05415
285.011,-2.05434
285.06,-2.05453
285.108,-2.05472
285.159,-2.05491
285.211,-2.0551
285.257,-2.05529
285.309,-2.05548
285.356,-2.05566
285.408,-2.05584
285.46,-2.05601
285.508,-2.05617
285.559,-2.05633
285.607,-2.05647
285.66,-2.05661
285.709,-2.05675
285.758,-2.0569
285.809,-2.05705
285.855,-2.05721
285.907,-2.05738
285.958,-2.05756
286.007,-2.05776
286.058,-2.05796
286.106,-2.05817
286.157,-2.05838
286.208,-2.05859
286.256,-2.0588
286.309,-2.05902
286.36,-2.05925
286.408,-2.05948
286.457,-2.05971
286.506,-2.05993
286.557,-2.06015
286.61,-2.06037
286.656,-2.06058
286.707,-2.06079
286.759,-2.06098
286.806,-2.06118
286.858,-2.06137
286.905,-2.06156
286.953,-2.06174
287.003,-2.06192
287.055,-2.0621
287.106,-2.06229
287.158,-2.0625
287.205,-2.06272
287.256,-2.06294
287.305,-2.06317
287.355,-2.06341
287.406,-2.06366
287.455,-2.0639
287.504,-2.06414
287.552,-2.06437
287.605,-2.06459
287.654,-2.0648
287.707,-2.06499
287.754,-2.06517
287.805,-2.06534
287.854,-2.06549
287.904,-2.06564
287.953,-2.06578
288.007,-2.06592
288.054,-2.06606
288.105,-2.06621
288.154,-2.06636
288.206,-2.06653
288.255,-2.06671
288.301,-2.06689
288.354,-2.06709
288.401,-2.06728
288.453,-2.06748
288.506,-2.06768
288.553,-2.06789
288.602,-2.0681
288.656,-2.06831
288.705,-2.06852
288.755,-2.06873
288.803,-2.06894
288.852,-2.06915
288.903,-2.06936
288.955,-2.06957
289.006,-2.06978
289.054,-2.06999
289.107,-2.0702
289.152,-2.07042
289.203,-2.07064
289.251,-2.07086
289.305,-2.07108
289.354,-2.07129
289.403,-2.07151
289.455,-2.07172
289.504,-2.07193
289.553,-2.07214
289.603,-2.07235
289.654,-2.07257
289.702,-2.07277
289.751,-2.07298
289.804,-2.07318
289.853,-2.07337
289.902,-2.07356
289.953,-2.07375
290.002,-2.07394
290.052,-2.07413
290.104,-2.07431
290.154,-2.07449
290.204,-2.07468
290.251,-2.07486
290.301,-2.07505
290.354,-2.07525
290.403,-2.07545
290.455,-2.07566
290.502,-2.07588
290.548,-2.07609
290.601,-2.07631
290.652,-2.07653
290.704,-2.07674
290.752,-2.07694
290.801,-2.07714
290.854,-2.07734
290.903,-2.07754
290.953,-2.07773
291.005,-2.07791
291.054,-2.07808
291.102,-2.07825
291.153,-2.07842
291.202,-2.07858
291.251,-2.07874
291.301,-2.0789
291.352,-2.07906
291.402,-2.07922
291.454,-2.07939
291.503,-2.07955
291.549,-2.07971
291.603,-2.07988
291.653,-2.08006
291.702,-2.08023
291.751,-2.08041
291.805,-2.08059
291.85,-2.08077
291.899,-2.08094
291.954,-2.08112
292.002,-2.0813
292.052,-2.08148
292.099,-2.08165
292.146,-2.08181
292.202,-2.08198
292.251,-2.08214
292.3,-2.0823
292.353,-2.08246
292.399,-2.08263
292.448,-2.0828
292.502,-2.08297
292.553,-2.08314
292.6,-2.08333
292.651,-2.08351
292.699,-2.08371
292.748,-2.0839
292.799,-2.0841
292.848,-2.0843
292.9,-2.08449
292.948,-2.08469
292.999,-2.08487
293.051,-2.08505
293.103,-2.08522
293.148,-2.08538
293.197,-2.08554
293.246,-2.08569
293.301,-2.08584
293.352,-2.086
293.399,-2.08617
293.449,-2.08634
293.497,-2.08652
293.548,-2.08671
293.6,-2.0869
293.653,-2.0871
293.7,-2.08731
293.749,-2.08753
293.798,-2.08776
293.848,-2.08799
293.899,-2.08821
293.947,-2.08842
293.998,-2.08861
294.047,-2.0888
294.097,-2.08897
294.15,-2.08914
294.199,-2.08931
294.251,-2.08946
294.298,-2.08962
294.346,-2.08977
294.399,-2.08993
294.451,-2.0901
294.499,-2.09028
294.549,-2.09047
294.598,-2.09068
294.648,-2.0909
294.699,-2.09112
294.75,-2.09135
294.797,-2.09159
294.847,-2.09182
294.9,-2.09205
294.946,-2.09227
294.996,-2.09249
295.047,-2.09271
295.097,-2.09292
295.147,-2.09313
295.197,-2.09333
295.247,-2.09352
295.295,-2.0937
295.349,-2.09387
295.397,-2.09402
295.446,-2.09417
295.5,-2.09431
295.55,-2.09444
295.595,-2.09458
295.647,-2.09472
295.697,-2.09488
295.749,-2.09506
295.798,-2.09526
295.844,-2.09547
295.898,-2.0957
295.947,-2.09595
295.999,-2.09621
296.047,-2.09647
296.099,-2.09675
296.149,-2.09702
296.194,-2.09728
296.245,-2.09753
296.295,-2.09777
296.347,-2.098
296.4,-2.09822
296.445,-2.09844
296.495,-2.09866
296.543,-2.09887
296.6,-2.09908
296.645,-2.09929
296.696,-2.0995
296.746,-2.09972
296.795,-2.09994
296.846,-2.10017
296.895,-2.10039
296.945,-2.10061
296.994,-2.10083
297.044,-2.10103
297.095,-2.10122
297.146,-2.1014
297.196,-2.10157
297.246,-2.10174
297.293,-2.1019
297.342,-2.10206
297.397,-2.10223
297.448,-2.10241
297.498,-2.1026
297.545,-2.1028
297.598,-2.10301
297.646,-2.10322
297.699,-2.10343
297.747,-2.10363
297.796,-2.10383
297.847,-2.10401
297.896,-2.10418
297.946,-2.10435
297.996,-2.10451
298.046,-2.10468
298.096,-2.10485
298.143,-2.10503
298.193,-2.10521
298.248,-2.1054
298.294,-2.10559
298.345,-2.10578
298.395,-2.10597
298.444,-2.10617
298.496,-2.10638
298.545,-2.10659
298.597,-2.1068
298.644,-2.107
298.693,-2.1072
298.744,-2.10738
298.796,-2.10756
298.845,-2.10774
298.893,-2.10792
298.944,-2.1081
298.993,-2.10827
299.042,-2.10846
299.097,-2.10864
299.142,-2.10882
299.194,-2.10902
299.245,-2.10922
299.295,-2.10943
299.344,-2.10964
299.395,-2.10984
299.442,-2.11004
299.491,-2.11022
299.544,-2.11039
299.592,-2.11055
299.641,-2.11072
299.695,-2.11088
299.743,-2.11104
299.794,-2.11122
299.845,-2.11141
299.893,-2.1116
299.938,-2.11181
299.991,-2.11201
300.043,-2.11222
300.094,-2.11243
300.145,-2.11264
300.193,-2.11286
300.243,-2.11309
300.294,-2.11333
300.341,-2.11357
300.395,-2.11382
300.443,-2.11407
300.49,-2.11433
300.543,-2.11458
300.59,-2.11483
300.642,-2.11507
300.694,-2.11529
300.74,-2.11549
300.791,-2.11568
300.841,-2.11584
300.893,-2.11599
300.946,-2.11611
300.994,-2.11623
301.043,-2.11634
301.092,-2.11645
301.143,-2.11657
301.193,-2.11669
301.239,-2.11682
301.293,-2.11698
301.339,-2.11714
301.389,-2.11732
301.443,-2.11752
301.49,-2.11772
301.544,-2.11794
301.589,-2.11815
301.639,-2.11837
301.69,-2.11859
301.742,-2.1188
301.794,-2.11901
301.84,-2.11922
301.89,-2.11942
301.942,-2.11962
301.993,-2.11982
302.039,-2.12002
302.089,-2.12023
302.143,-2.12044
302.191,-2.12064
302.239,-2.12084
302.293,-2.12104
302.341,-2.12122
302.39,-2.1214
302.438,-2.12157
302.487,-2.12175
302.544,-2.12192
302.591,-2.12211
302.64,-2.12231
302.692,-2.12252
302.743,-2.12276
302.79,-2.12301
302.841,-2.12328
302.892,-2.12356
302.94,-2.12383
302.994,-2.1241
303.04,-2.12437
303.091,-2.12462
303.142,-2.12485
303.19,-2.12507
303.242,-2.12527
303.292,-2.12546
303.343,-2.12563
303.389,-2.12581
303.439,-2.12597
303.491,-2.12614
303.539,-2.12632
303.588,-2.1265
303.641,-2.1267
303.69,-2.1269
303.741,-2.12712
303.788,-2.12734
303.838,-2.12757
303.891,-2.1278
303.939,-2.12803
303.993,-2.12826
304.043,-2.12849
304.09,-2.12872
304.14,-2.12894
304.19,-2.12915
304.242,-2.12936
304.288,-2.12958
304.337,-2.1298
304.388,-2.13003
304.44,-2.13028
304.489,-2.13053
304.539,-2.13079
304.589,-2.13104
304.642,-2.1313
304.685,-2.13155
304.74,-2.13178
304.789,-2.13201
304.84,-2.13223
304.887,-2.13243
304.936,-2.13263
304.989,-2.13282
305.039,-2.13301
305.09,-2.1332
305.14,-2.1334
305.189,-2.1336
305.238,-2.13381
305.289,-2.13402
305.339,-2.13424
305.388,-2.13445
305.44,-2.13467
305.487,-2.13488
305.537,-2.13509
305.591,-2.1353
305.639,-2.1355
305.687,-2.13571
305.738,-2.13591
305.788,-2.13613
305.84,-2.13636
305.891,-2.1366
305.937,-2.13684
305.989,-2.1371
306.036,-2.13736
306.087,-2.13762
306.14,-2.13787
306.189,-2.13813
306.237,-2.13837
306.287,-2.13861
306.336,-2.13884
306.391,-2.13906
306.439,-2.13927
306.488,-2.13948
306.537,-2.13969
306.587,-2.13989
306.639,-2.14009
306.689,-2.14029
306.738,-2.14049
306.787,-2.14069
306.837,-2.1409
306.887,-2.14112
306.937,-2.14134
306.988,-2.14156
307.038,-2.14179
307.087,-2.14202
307.137,-2.14227
307.189,-2.14251
307.236,-2.14276
307.289,-2.14301
307.34,-2.14325
307.385,-2.14349
307.438,-2.14373
307.486,-2.14395
307.537,-2.14416
307.585,-2.14436
307.636,-2.14455
307.684,-2.14471
307.735,-2.14487
307.786,-2.14502
307.835,-2.14515
307.884,-2.14529
307.936,-2.14543
307.989,-2.14558
308.035,-2.14574
308.087,-2.14591
308.135,-2.1461
308.186,-2.1463
308.234,-2.14652
308.284,-2.14674
308.338,-2.14697
308.386,-2.14721
308.438,-2.14744
308.484,-2.14767
308.535,-2.14791
308.585,-2.14813
308.634,-2.14835
308.684,-2.14857
308.736,-2.14878
308.787,-2.14899
308.833,-2.1492
308.886,-2.14941
308.934,-2.14962
308.98,-2.14982
309.032,-2.15002
309.084,-2.15021
309.136,-2.15041
309.185,-2.1506
309.234,-2.15078
309.283,-2.15096
309.337,-2.15113
309.387,-2.15129
309.435,-2.15144
309.485,-2.15159
309.535,-2.15173
309.586,-2.15188
309.635,-2.15203
309.686,-2.15218
309.734,-2.15234
309.787,-2.15251
309.833,-2.15269
309.886,-2.15288
309.935,-2.15309
309.986,-2.1533
310.035,-2.15351
310.084,-2.15372
310.135,-2.15392
310.184,-2.15413
310.236,-2.15433
310.285,-2.15453
310.33,-2.15473
310.384,-2.15493
310.434,-2.15512
310.484,-2.15531
310.534,-2.15551
310.58,-2.15571
310.634,-2.15591
310.683,-2.15612
310.733,-2.15632
310.786,-2.15652
310.832,-2.15673
310.882,-2.15693
310.935,-2.15714
310.984,-2.15734
311.035,-2.15756
311.085,-2.15777
311.132,-2.158
311.182,-2.15822
311.233,-2.15846
311.285,-2.1587
311.334,-2.15894
311.38,-2.15918
311.431,-2.15942
311.486,-2.15965
311.533,-2.15988
311.58,-2.1601
311.633,-2.16032
311.682,-2.16053
311.733,-2.16074
311.781,-2.16094
311.833,-2.16114
311.883,-2.16134
311.933,-2.16154
311.981,-2.16174
312.031,-2.16193
312.085,-2.16213
312.135,-2.16233
312.181,-2.16254
312.235,-2.16274
312.282,-2.16295
312.329,-2.16316
312.383,-2.16337
312.431,-2.16359
312.483,-2.16381
312.531,-2.16404
312.581,-2.16428
312.632,-2.16452
312.682,-2.16477
312.731,-2.16503
312.779,-2.16529
312.829,-2.16555
312.88,-2.16582
312.931,-2.1661
312.984,-2.16636
313.032,-2.16663
313.08,-2.16689
313.131,-2.16713
313.181,-2.16737
313.231,-2.1676
313.281,-2.16782
313.329,-2.16803
313.383,-2.16824
313.428,-2.16845
313.482,-2.16867
313.53,-2.16888
313.579,-2.16909
313.631,-2.16931
313.679,-2.16953
313.732,-2.16975
313.781,-2.16997
313.831,-2.17019
313.88,-2.17043
313.928,-2.17066
313.982,-2.17091
314.028,-2.17116
314.081,-2.17141
314.129,-2.17166
314.182,-2.17191
314.229,-2.17215
314.279,-2.1724
314.329,-2.17264
314.379,-2.17288
314.428,-2.17313
314.479,-2.17337
314.528,-2.1736
314.579,-2.17384
314.628,-2.17408
314.678,-2.17431
314.728,-2.17454
314.779,-2.17476
314.831,-2.17498
314.878,-2.1752
314.928,-2.17542
314.979,-2.17564
315.027,-2.17586
315.081,-2.17608
315.129,-2.1763
315.179,-2.17653
315.228,-2.17676
315.279,-2.17698
315.331,-2.1772
315.379,-2.17741
315.427,-2.17761
315.479,-2.1778
315.529,-2.17798
315.581,-2.17815
315.63,-2.17831
315.678,-2.17846
315.726,-2.17862
315.778,-2.17878
315.83,-2.17895
315.875,-2.17912
315.928,-2.17931
315.982,-2.17952
316.027,-2.17973
316.076,-2.17996
316.127,-2.1802
316.177,-2.18045
316.229,-2.1807
316.278,-2.18095
316.329,-2.1812
316.376,-2.18145
316.429,-2.1817
316.48,-2.18195
316.527,-2.18219
316.578,-2.18244
316.628,-2.18267
316.676,-2.1829
316.726,-2.18313
316.779,-2.18336
316.828,-2.18359
316.875,-2.18382
316.925,-2.18404
316.978,-2.18426
317.027,-2.18447
317.077,-2.18469
317.127,-2.18491
317.176,-2.18513
317.229,-2.18536
317.275,-2.18559
317.327,-2.18582
317.377,-2.18605
317.427,-2.18628
317.476,-2.18651
317.528,-2.18673
317.576,-2.18696
317.626,-2.18717
317.678,-2.18739
317.726,-2.1876
317.778,-2.1878
317.827,-2.188
317.877,-2.1882
317.929,-2.18841
317.976,-2.18862
318.028,-2.18883
318.079,-2.18905
318.128,-2.18926
318.176,-2.18948
318.229,-2.18969
318.275,-2.1899
318.326,-2.1901
318.376,-2.1903
318.426,-2.19049
318.476,-2.19068
318.528,-2.19087
318.576,-2.19106
318.626,-2.19125
318.676,-2.19145
318.726,-2.19164
318.777,-2.19184
318.824,-2.19204
318.877,-2.19223
318.926,-2.19243
318.975,-2.19263
319.027,-2.19283
319.076,-2.19304
319.125,-2.19325
319.175,-2.19346
319.224,-2.19368
319.279,-2.19389
319.326,-2.19411
319.376,-2.19432
319.423,-2.19453
319.476,-2.19474
319.526,-2.19494
319.574,-2.19515
319.624,-2.19535
319.676,-2.19556
319.726,-2.19577
319.776,-2.19598
319.824,-2.19621
319.874,-2.19645
319.924,-2.19669
319.975,-2.19694
320.028,-2.1972
320.074,-2.19746
320.126,-2.19773
320.175,-2.198
320.225,-2.19827
320.276,-2.19854
320.323,-2.1988
320.375,-2.19907
320.423,-2.19934
320.475,-2.1996
320.524,-2.19986
320.575,-2.20011
320.626,-2.20036
320.673,-2.20059
320.724,-2.20082
320.772,-2.20104
320.825,-2.20124
320.875,-2.20144
320.923,-2.20162
320.974,-2.20179
321.023,-2.20196
321.072,-2.20213
321.127,-2.2023
321.174,-2.20247
321.222,-2.20265
321.272,-2.20283
321.321,-2.20303
321.375,-2.20324
321.424,-2.20347
321.474,-2.20371
321.522,-2.20397
321.573,-2.20424
321.623,-2.20452
321.67,-2.2048
321.725,-2.20508
321.773,-2.20535
321.821,-2.2056
321.874,-2.20584
321.921,-2.20607
321.974,-2.20629
322.021,-2.20651
322.072,-2.20672
322.121,-2.20693
322.172,-2.20714
322.222,-2.20735
322.27,-2.20756
322.325,-2.20777
322.372,-2.20798
322.421,-2.20819
322.473,-2.20841
322.521,-2.20864
322.571,-2.20888
322.62,-2.20912
322.67,-2.20938
322.722,-2.20966
322.769,-2.20994
322.823,-2.21023
322.872,-2.21052
322.922,-2.21081
322.975,-2.2111
323.021,-2.21139
323.073,-2.21166
323.122,-2.21192
323.172,-2.21218
323.22,-2.21242
323.272,-2.21266
323.32,-2.21289
323.372,-2.21312
323.419,-2.21334
323.47,-2.21355
323.522,-2.21376
323.569,-2.21398
323.621,-2.2142
323.67,-2.21442
323.723,-2.21465
323.771,-2.21489
323.821,-2.21513
323.871,-2.21539
323.923,-2.21566
323.973,-2.21594
324.018,-2.21611
324.071,-2.21618
324.123,-2.21651
324.173,-2.21691
324.222,-2.21726
324.271,-2.21748
324.321,-2.21766
324.371,-2.21792
324.422,-2.21837
324.471,-2.2188
324.521,-2.21913
324.573,-2.21942
324.622,-2.21964
324.671,-2.21974
324.721,-2.21983
324.77,-2.21993
324.821,-2.22009
324.869,-2.22037
324.92,-2.22071
324.971,-2.22103
325.019,-2.22132
325.071,-2.22153
325.118,-2.22171
325.17,-2.22188
325.22,-2.22207
325.269,-2.22227
325.324,-2.22248
325.369,-2.22272
325.418,-2.22297
325.469,-2.22324
325.521,-2.22352
325.57,-2.22382
325.621,-2.22412
325.669,-2.22444
325.719,-2.22475
325.77,-2.22507
325.818,-2.22538
325.87,-2.22569
325.918,-2.22599
325.969,-2.22627
326.02,-2.22655
326.069,-2.22681
326.12,-2.22707
326.169,-2.22732
326.217,-2.22756
326.268,-2.22778
326.318,-2.228
326.37,-2.2282
326.42,-2.22839
326.467,-2.22856
326.52,-2.22873
326.569,-2.22891
326.618,-2.22909
326.668,-2.22929
326.717,-2.22951
326.768,-2.22975
326.818,-2.23001
326.869,-2.23029
326.919,-2.23059
326.968,-2.2309
327.016,-2.23122
327.067,-2.23154
327.118,-2.23186
327.169,-2.23217
327.217,-2.23249
327.267,-2.2328
327.32,-2.2331
327.369,-2.23339
327.418,-2.23367
327.466,-2.23394
327.517,-2.23421
327.565,-2.23446
327.619,-2.23471
327.67,-2.23494
327.717,-2.23516
327.769,-2.23537
327.818,-2.23557
327.87,-2.23577
327.917,-2.23597
327.967,-2.23618
328.02,-2.2364
328.066,-2.23664
328.118,-2.23689
328.166,-2.23717
328.219,-2.23746
328.267,-2.23776
328.317,-2.23807
328.365,-2.23839
328.42,-2.23872
328.467,-2.23904
328.515,-2.23936
328.565,-2.23967
328.616,-2.23998
328.665,-2.24027
328.716,-2.24055
328.767,-2.24081
328.816,-2.24106
328.866,-2.24129
328.917,-2.24151
328.968,-2.24173
329.015,-2.24194
329.066,-2.24216
329.115,-2.24238
329.166,-2.24261
329.216,-2.24284
329.265,-2.24308
329.316,-2.24333
329.367,-2.24358
329.415,-2.24383
329.464,-2.24408
329.515,-2.24433
329.566,-2.24457
329.619,-2.24479
329.667,-2.24501
329.715,-2.24523
329.766,-2.24543
329.816,-2.24564
329.866,-2.24585
329.916,-2.24606
329.964,-2.24629
330.012,-2.24653
330.062,-2.24677
330.116,-2.24703
330.164,-2.2473
330.211,-2.24758
330.264,-2.24786
330.314,-2.24814
330.362,-2.24843
330.416,-2.24871
330.465,-2.24899
330.515,-2.24926
330.564,-2.24953
330.613,-2.24979
330.662,-2.25004
330.714,-2.25028
330.764,-2.25051
330.814,-2.25074
330.865,-2.25097
330.915,-2.25119
330.964,-2.25142
331.018,-2.25164
331.065,-2.25187
331.112,-2.2521
331.163,-2.25234
331.21,-2.25258
331.262,-2.25284
331.311,-2.2531
331.362,-2.25337
331.412,-2.25364
331.462,-2.25392
331.516,-2.2542
331.564,-2.25447
331.612,-2.25474
331.659,-2.255
331.712,-2.25525
331.764,-2.25548
331.814,-2.2557
331.863,-2.2559
331.911,-2.2561
331.965,-2.25628
332.013,-2.25646
332.063,-2.25664
332.114,-2.25682
332.158,-2.257
332.211,-2.25719
332.265,-2.25739
332.311,-2.2576
332.362,-2.25782
332.409,-2.25806
332.462,-2.25831
332.511,-2.25856
332.565,-2.25883
332.614,-2.25909
332.663,-2.25936
332.712,-2.25963
332.763,-2.25989
332.81,-2.26015
332.861,-2.2604
332.911,-2.26064
332.962,-2.26087
333.01,-2.26109
333.06,-2.26128
333.113,-2.26147
333.164,-2.26164
333.212,-2.2618
333.263,-2.26197
333.311,-2.26213
333.361,-2.2623
333.411,-2.26247
333.465,-2.26265
333.511,-2.26283
333.559,-2.26301
333.613,-2.26321
333.661,-2.26341
333.713,-2.26362
333.765,-2.26383
333.81,-2.26406
333.86,-2.2643
333.912,-2.26454
333.96,-2.26478
334.01,-2.26503
334.059,-2.26528
334.109,-2.26554
334.163,-2.2658
334.211,-2.26606
334.262,-2.26632
334.311,-2.26657
334.36,-2.26682
334.409,-2.26707
334.463,-2.26731
334.511,-2.26756
334.562,-2.26781
334.611,-2.26806
334.66,-2.26833
334.71,-2.26859
334.762,-2.26886
334.81,-2.26914
334.861,-2.2694
334.908,-2.26966
334.959,-2.26991
335.008,-2.27014
335.061,-2.27036
335.107,-2.27057
335.159,-2.27077
335.21,-2.27096
335.262,-2.27115
335.311,-2.27134
335.359,-2.27152
335.408,-2.27171
335.46,-2.2719
335.508,-2.2721
335.561,-2.2723
335.611,-2.2725
335.655,-2.27271
335.708,-2.27292
335.758,-2.27314
335.813,-2.27337
335.858,-2.27361
335.91,-2.27384
335.959,-2.27408
336.007,-2.27432
336.058,-2.27456
336.108,-2.27479
336.16,-2.27502
336.21,-2.27524
336.257,-2.27545
336.31,-2.27566
336.358,-2.27586
336.41,-2.27605
336.456,-2.27625
336.508,-2.27644
336.558,-2.27664
336.608,-2.27684
336.658,-2.27704
336.709,-2.27725
336.758,-2.27746
336.807,-2.27768
336.858,-2.2779
336.907,-2.27813
336.958,-2.27835
337.008,-2.27857
337.06,-2.27879
337.104,-2.27901
337.157,-2.27923
337.209,-2.27945
337.258,-2.27966
337.308,-2.27987
337.358,-2.28006
337.408,-2.28025
337.459,-2.28044
337.508,-2.28062
337.556,-2.2808
337.608,-2.28099
337.659,-2.28117
337.708,-2.28136
337.759,-2.28155
337.806,-2.28175
337.859,-2.28195
337.906,-2.28216
337.957,-2.28237
338.009,-2.2826
338.059,-2.28284
338.105,-2.28309
338.158,-2.28335
338.208,-2.2836
338.256,-2.28385
338.309,-2.28409
338.354,-2.28432
338.408,-2.28453
338.457,-2.28472
338.506,-2.28491
338.558,-2.28509
338.607,-2.28526
338.659,-2.28544
338.71,-2.28562
338.754,-2.28579
338.808,-2.28596
338.854,-2.28615
338.907,-2.28634
338.955,-2.28654
339.006,-2.28674
339.056,-2.28696
339.105,-2.28717
339.157,-2.28739
339.208,-2.2876
339.255,-2.28782
339.306,-2.28802
339.355,-2.28822
339.406,-2.28841
339.458,-2.28859
339.503,-2.28875
339.553,-2.28889
339.607,-2.28902
339.658,-2.28915
339.707,-2.28927
339.756,-2.28939
339.805,-2.28952
339.855,-2.28966
339.907,-2.28982
339.957,-2.28999
340.006,-2.29018
340.053,-2.29039
340.105,-2.2906
340.155,-2.29083
340.205,-2.29106
340.256,-2.29129
340.305,-2.29153
340.355,-2.29175
340.406,-2.29198
340.453,-2.29219
340.506,-2.2924
340.555,-2.2926
340.605,-2.2928
340.659,-2.29299
340.701,-2.29316
340.755,-2.29333
340.807,-2.29349
340.854,-2.29364
340.903,-2.29379
340.953,-2.29393
341.005,-2.29408
341.055,-2.29422
341.103,-2.29438
341.155,-2.29454
341.203,-2.29472
341.257,-2.2949
341.305,-2.29509
341.355,-2.29528
341.402,-2.29548
341.454,-2.29567
341.505,-2.29586
341.555,-2.29606
341.604,-2.29625
341.656,-2.29644
341.704,-2.29663
341.753,-2.2968
341.804,-2.29697
341.857,-2.29713
341.902,-2.29728
341.954,-2.29742
342.007,-2.29756
342.054,-2.29769
342.103,-2.29782
342.154,-2.29795
342.202,-2.29808
342.251,-2.29823
342.302,-2.29838
342.354,-2.29855
342.403,-2.29872
342.451,-2.2989
342.504,-2.29908
342.554,-2.29927
342.603,-2.29946
342.654,-2.29966
342.702,-2.29986
342.754,-2.30005
342.801,-2.30024
342.853,-2.30042
342.904,-2.30058
342.954,-2.30073
343.003,-2.30092
343.049,-2.30122
343.099,-2.30145
343.152,-2.30168
343.204,-2.30179
343.253,-2.30177
343.301,-2.30193
343.352,-2.30211
343.401,-2.30231
343.452,-2.30259
343.5,-2.30278
343.55,-2.30286
343.603,-2.3029
343.653,-2.30293
343.701,-2.30297
343.753,-2.30307
343.8,-2.30326
343.855,-2.30342
343.903,-2.30355
343.95,-2.30361
344.001,-2.30367
344.051,-2.3038
344.102,-2.30399
344.15,-2.30418
344.203,-2.30435
344.249,-2.3045
344.3,-2.30463
344.352,-2.30476
344.4,-2.30491
344.449,-2.30507
344.502,-2.30526
344.549,-2.30545
344.602,-2.30566
344.65,-2.30586
344.701,-2.30607
344.75,-2.30626
344.798,-2.30645
344.854,-2.30663
344.898,-2.30679
344.952,-2.30694
344.999,-2.30708
345.051,-2.3072
345.103,-2.30733
345.149,-2.30745
345.201,-2.30757
345.25,-2.30769
345.3,-2.30781
345.352,-2.30793
345.398,-2.30805
345.452,-2.30818
345.501,-2.30831
345.548,-2.30845
345.602,-2.3086
345.65,-2.30876
345.7,-2.30893
345.75,-2.30911
345.802,-2.3093
345.85,-2.30949
345.897,-2.30969
345.95,-2.30989
345.999,-2.31008
346.048,-2.31026
346.101,-2.31044
346.149,-2.3106
346.2,-2.31076
346.25,-2.31091
346.299,-2.31104
346.348,-2.31117
346.398,-2.3113
346.451,-2.31142
346.502,-2.31154
346.548,-2.31168
346.6,-2.31183
346.65,-2.31199
346.7,-2.31217
346.75,-2.31237
346.798,-2.31258
346.847,-2.3128
346.899,-2.31303
346.949,-2.31325
346.999,-2.31345
347.048,-2.31366
347.099,-2.31385
347.146,-2.31402
347.197,-2.31418
347.249,-2.31432
347.298,-2.31445
347.348,-2.31456
347.396,-2.31466
347.45,-2.31476
347.499,-2.31485
347.551,-2.31495
347.6,-2.31505
347.648,-2.31517
347.698,-2.3153
347.75,-2.31545
347.801,-2.31562
347.848,-2.31581
347.899,-2.31603
347.948,-2.31626
347.997,-2.3165
348.047,-2.31675
348.097,-2.31699
348.147,-2.31722
348.201,-2.31743
348.245,-2.31763
348.297,-2.3178
348.347,-2.31796
348.4,-2.3181
348.446,-2.31822
348.496,-2.31833
348.545,-2.31845
348.599,-2.31857
348.646,-2.31871
348.697,-2.31886
348.746,-2.31903
348.799,-2.31922
348.849,-2.31942
348.895,-2.31964
348.946,-2.31985
348.998,-2.32007
349.046,-2.32029
349.096,-2.32051
349.146,-2.32072
349.199,-2.32091
349.246,-2.3211
349.298,-2.32128
349.345,-2.32145
349.396,-2.32162
349.448,-2.32178
349.496,-2.32195
349.545,-2.32212
349.596,-2.32229
349.645,-2.32246
349.697,-2.32262
349.748,-2.32279
349.793,-2.32295
349.845,-2.32312
349.894,-2.32328
349.946,-2.32345
349.995,-2.32362
350.046,-2.32379
350.098,-2.32395
350.147,-2.32412
350.193,-2.32428
350.247,-2.32445
350.298,-2.32462
350.345,-2.32479
350.397,-2.32497
350.449,-2.32515
350.494,-2.32533
350.546,-2.32551
350.597,-2.32568
350.643,-2.32585
350.695,-2.32601
350.745,-2.32617
350.796,-2.32633
350.843,-2.32649
350.893,-2.32665
350.945,-2.32681
350.994,-2.32697
351.046,-2.32714
351.093,-2.3273
351.146,-2.32747
351.196,-2.32765
351.246,-2.32783
351.294,-2.32801
351.345,-2.32819
351.393,-2.32837
351.442,-2.32854
351.495,-2.3287
351.546,-2.32885
351.596,-2.329
351.643,-2.32913
351.694,-2.32926
351.746,-2.32939
351.795,-2.32952
351.843,-2.32965
351.897,-2.3298
351.944,-2.32995
351.993,-2.33011
352.045,-2.33029
352.094,-2.33047
352.145,-2.33066
352.195,-2.33085
352.242,-2.33105
352.294,-2.33126
352.343,-2.33147
352.395,-2.33169
352.445,-2.3319
352.493,-2.33211
352.544,-2.33232
352.592,-2.33252
352.643,-2.3327
352.697,-2.33288
352.744,-2.33305
352.797,-2.3332
352.843,-2.33334
352.891,-2.33348
352.943,-2.33361
352.993,-2.33374
353.046,-2.33387
353.091,-2.334
353.141,-2.33414
353.193,-2.33429
353.243,-2.33444
353.294,-2.33461
353.344,-2.33478
353.391,-2.33497
353.442,-2.33516
353.492,-2.33535
353.545,-2.33553
353.589,-2.3357
353.643,-2.33588
353.692,-2.33604
353.741,-2.3362
353.793,-2.33636
353.841,-2.33651
353.893,-2.33666
353.943,-2.33681
353.991,-2.33696
354.045,-2.33712
354.091,-2.33729
354.145,-2.33746
354.193,-2.33765
354.241,-2.33784
354.292,-2.33803
354.341,-2.33823
354.391,-2.33842
354.443,-2.33861
354.49,-2.33879
354.543,-2.33898
354.594,-2.33917
354.641,-2.33936
354.691,-2.33955
354.74,-2.33973
354.791,-2.33991
354.841,-2.34009
354.893,-2.34026
354.944,-2.34043
354.991,-2.34059
355.042,-2.34075
355.092,-2.34091
355.141,-2.34107
355.189,-2.34123
355.241,-2.3414
355.291,-2.34157
355.341,-2.34175
355.391,-2.34193
355.442,-2.34212
355.494,-2.34231
355.54,-2.3425
355.587,-2.3427
355.642,-2.34289
355.692,-2.34307
355.742,-2.34325
355.792,-2.34342
355.838,-2.3436
355.891,-2.34377
355.939,-2.34395
355.991,-2.34413
356.04,-2.34432
356.087,-2.3445
356.138,-2.3447
356.192,-2.34489
356.243,-2.34509
356.293,-2.34529
356.34,-2.3455
356.391,-2.34571
356.44,-2.34592
356.49,-2.34612
356.539,-2.34631
356.59,-2.34649
356.642,-2.34667
356.69,-2.34685
356.741,-2.34702
356.791,-2.3472
356.842,-2.34737
356.886,-2.34755
356.937,-2.34773
356.991,-2.34791
357.041,-2.34809
357.092,-2.34828
357.139,-2.34848
357.19,-2.34869
357.24,-2.34891
357.291,-2.34913
357.338,-2.34934
357.388,-2.34956
357.441,-2.34976
357.489,-2.34996
357.541,-2.35015
357.591,-2.35032
357.638,-2.35049
357.689,-2.35065
357.74,-2.3508
357.789,-2.35096
357.839,-2.35112
357.89,-2.3513
357.938,-2.35149
357.989,-2.35169
358.039,-2.35191
358.09,-2.35215
358.141,-2.35239
358.19,-2.35264
358.238,-2.35289
358.292,-2.35314
358.34,-2.35339
358.391,-2.35362
358.441,-2.35385
358.491,-2.35406
358.54,-2.35427
358.589,-2.35446
358.64,-2.35464
358.69,-2.35481
358.739,-2.35498
358.788,-2.35514
358.835,-2.35529
358.89,-2.35545
358.941,-2.35562
358.991,-2.35579
359.038,-2.35596
359.09,-2.35615
359.137,-2.35635
359.187,-2.35655
359.243,-2.35676
359.286,-2.35698
359.339,-2.3572
359.389,-2.35742
359.436,-2.35765
359.492,-2.35786
359.537,-2.35807
359.588,-2.35827
359.639,-2.35846
359.687,-2.35864
359.742,-2.35882
359.788,-2.35899
359.837,-2.35916
359.89,-2.35932
359.935,-2.35949
359.988,-2.35966
360.039,-2.35984
360.087,-2.36002
360.14,-2.36021
360.185,-2.3604
360.24,-2.3606
360.288,-2.3608
360.34,-2.361
360.39,-2.36121
360.438,-2.3614
360.491,-2.3616
360.536,-2.36179
360.587,-2.36198
360.639,-2.36216
360.686,-2.36233
360.741,-2.36249
360.79,-2.36265
360.84,-2.3628
360.891,-2.36294
360.937,-2.36308
360.988,-2.36322
361.037,-2.36336
361.088,-2.36352
361.139,-2.36368
361.187,-2.36385
361.238,-2.36403
361.286,-2.36422
361.338,-2.36442
361.389,-2.36463
361.439,-2.36485
361.486,-2.36508
361.537,-2.36531
361.587,-2.36555
361.637,-2.36577
361.688,-2.36599
361.738,-2.36619
361.787,-2.36639
361.836,-2.36658
361.89,-2.36677
361.938,-2.36696
361.988,-2.36714
362.039,-2.36731
362.087,-2.36749
362.137,-2.36767
362.187,-2.36785
362.238,-2.36804
362.288,-2.36824
362.336,-2.36845
362.387,-2.36867
362.438,-2.3689
362.49,-2.36914
362.537,-2.36939
362.586,-2.36964
362.636,-2.3699
362.683,-2.37015
362.738,-2.3704
362.784,-2.37064
362.835,-2.37087
362.887,-2.37109
362.938,-2.37129
362.986,-2.37149
363.038,-2.37167
363.087,-2.37185
363.135,-2.37201
363.183,-2.37217
363.235,-2.37232
363.285,-2.37248
363.337,-2.37264
363.384,-2.3728
363.434,-2.37297
363.484,-2.37315
363.536,-2.37334
363.583,-2.37354
363.638,-2.37375
363.683,-2.37397
363.735,-2.37421
363.784,-2.37445
363.834,-2.3747
363.885,-2.37495
363.935,-2.3752
363.984,-2.37544
364.033,-2.37567
364.086,-2.37588
364.137,-2.37608
364.184,-2.37627
364.236,-2.37645
364.284,-2.37662
364.336,-2.37679
364.383,-2.37696
364.436,-2.37713
364.484,-2.37731
364.532,-2.3775
364.585,-2.37771
364.636,-2.37792
364.684,-2.37814
364.735,-2.37836
364.784,-2.37858
364.835,-2.3788
364.886,-2.37901
364.936,-2.37922
364.987,-2.37942
365.031,-2.37962
365.087,-2.37982
365.135,-2.38002
365.185,-2.38022
365.237,-2.38041
365.283,-2.38061
365.332,-2.3808
365.383,-2.38099
365.431,-2.38118
365.484,-2.38138
365.533,-2.38158
365.583,-2.38179
365.634,-2.38202
365.682,-2.38225
365.733,-2.38249
365.783,-2.38274
365.834,-2.38299
365.88,-2.38324
365.933,-2.38349
365.986,-2.38374
366.033,-2.38399
366.085,-2.38423
366.135,-2.38447
366.182,-2.38471
366.234,-2.38494
366.284,-2.38518
366.335,-2.38542
366.384,-2.38566
366.432,-2.3859
366.482,-2.38613
366.534,-2.38636
366.587,-2.38659
366.633,-2.38683
366.68,-2.38706
366.733,-2.3873
366.783,-2.38754
366.834,-2.38778
366.883,-2.38802
366.934,-2.38826
366.981,-2.3885
367.029,-2.38874
367.084,-2.38897
367.131,-2.3892
367.182,-2.38941
367.233,-2.38961
367.282,-2.38981
367.334,-2.39
367.381,-2.39018
367.43,-2.39036
367.483,-2.39054
367.53,-2.39073
367.58,-2.39092
367.633,-2.39111
367.681,-2.39131
367.734,-2.39152
367.781,-2.39173
367.83,-2.39194
367.882,-2.39216
367.929,-2.39238
367.984,-2.39261
368.029,-2.39286
368.081,-2.39311
368.13,-2.39337
368.18,-2.39363
368.235,-2.3939
368.279,-2.39416
368.33,-2.39442
368.379,-2.39467
368.43,-2.39491
368.483,-2.39514
368.531,-2.39537
368.578,-2.39558
368.63,-2.39578
368.679,-2.39598
368.728,-2.39617
368.782,-2.39637
368.832,-2.39656
368.88,-2.39676
368.932,-2.39697
368.98,-2.39718
369.03,-2.3974
369.08,-2.39762
369.13,-2.39784
369.182,-2.39806
369.231,-2.39828
369.279,-2.39849
369.33,-2.39869
369.38,-2.39889
369.429,-2.39908
369.48,-2.39926
369.528,-2.39945
369.58,-2.39963
369.63,-2.39982
369.676,-2.40002
369.729,-2.40023
369.78,-2.40047
369.828,-2.40072
369.88,-2.40098
369.931,-2.40125
369.978,-2.40151
370.029,-2.40178
370.078,-2.40203
370.131,-2.40228
370.177,-2.40252
370.23,-2.40276
370.28,-2.40298
370.328,-2.4032
370.379,-2.40342
370.43,-2.40364
370.479,-2.40385
370.527,-2.40407
370.579,-2.40427
370.632,-2.40448
370.68,-2.40469
370.728,-2.4049
370.778,-2.40512
370.828,-2.40533
370.878,-2.40556
370.928,-2.40578
370.981,-2.406
371.028,-2.40622
371.078,-2.40644
371.128,-2.40665
371.179,-2.40685
371.231,-2.40704
371.277,-2.40723
371.328,-2.40741
371.374,-2.40759
371.43,-2.40778
371.48,-2.40797
371.526,-2.40818
371.578,-2.40839
371.627,-2.40862
371.679,-2.40885
371.73,-2.40909
371.775,-2.40934
371.828,-2.4096
371.876,-2.40985
371.926,-2.41011
371.978,-2.41036
372.027,-2.41062
372.078,-2.41086
372.129,-2.4111
372.174,-2.41134
372.226,-2.41156
372.277,-2.41177
372.326,-2.41197
372.377,-2.41216
372.425,-2.41234
372.478,-2.41252
372.525,-2.41269
372.579,-2.41287
372.626,-2.41306
372.677,-2.41326
372.727,-2.41348
372.776,-2.4137
372.828,-2.41394
372.876,-2.41417
372.925,-2.41441
372.978,-2.41464
373.025,-2.41487
373.076,-2.41509
373.127,-2.41531
373.174,-2.41553
373.225,-2.41575
373.275,-2.41597
373.328,-2.41619
373.376,-2.41642
373.425,-2.41665
373.476,-2.41688
373.524,-2.41712
373.575,-2.41736
373.627,-2.41761
373.679,-2.41786
373.727,-2.4181
373.774,-2.41835
373.823,-2.4186
373.877,-2.41885
373.927,-2.41909
373.978,-2.41934
374.024,-2.41959
374.075,-2.41984
374.125,-2.4201
374.175,-2.42037
374.225,-2.42064
374.276,-2.42091
374.325,-2.42119
374.375,-2.42147
374.426,-2.42176
374.476,-2.42205
374.526,-2.42234
374.577,-2.42263
374.621,-2.42291
374.676,-2.42319
374.727,-2.42345
374.774,-2.42369
374.825,-2.42393
374.873,-2.42415
374.923,-2.42437
374.976,-2.42459
375.024,-2.42481
375.076,-2.42504
375.124,-2.42527
375.173,-2.42551
375.224,-2.42577
375.276,-2.42603
375.323,-2.4263
375.375,-2.42658
375.425,-2.42686
375.474,-2.42715
375.523,-2.42745
375.576,-2.42774
375.626,-2.42803
375.675,-2.42832
375.722,-2.4286
375.775,-2.42887
375.823,-2.42914
375.872,-2.42939
375.923,-2.42965
375.974,-2.42989
376.023,-2.43014
376.073,-2.43038
376.123,-2.43063
376.174,-2.43087
376.223,-2.43112
376.27,-2.43137
376.325,-2.43161
376.374,-2.43184
376.422,-2.43206
376.476,-2.43227
376.523,-2.43247
376.574,-2.43266
376.621,-2.43283
376.673,-2.433
376.725,-2.43317
376.775,-2.43332
376.823,-2.43348
376.873,-2.43362
376.925,-2.43377
376.972,-2.43392
377.023,-2.43406
377.07,-2.43421
377.123,-2.43437
377.174,-2.43454
377.223,-2.43471
377.272,-2.4349
377.322,-2.43509
377.372,-2.43529
377.422,-2.43549
377.473,-2.43569
377.522,-2.43588
377.57,-2.43606
377.621,-2.43623
377.672,-2.4364
377.723,-2.43655
377.772,-2.43669
377.823,-2.43683
377.873,-2.43696
377.922,-2.43709
377.971,-2.43722
378.023,-2.43735
378.073,-2.43748
378.123,-2.43761
378.172,-2.43773
378.222,-2.43786
378.273,-2.43798
378.32,-2.4381
378.374,-2.43822
378.42,-2.43833
378.469,-2.43843
378.519,-2.43852
378.573,-2.43861
378.622,-2.43869
378.671,-2.43876
378.719,-2.43882
378.769,-2.43888
378.823,-2.43894
378.871,-2.439
378.921,-2.43905
378.97,-2.43911
379.019,-2.43917
379.07,-2.43923
