Sample temperature (C),Heat flow (mW)
70.096,-0.07861
70.095,-0.07858
70.101,-0.07856
70.102,-0.07855
70.105,-0.07854
70.108,-0.07861
70.116,-0.07876
70.134,-0.07881
70.155,-0.07882
70.176,-0.07883
70.196,-0.07884
70.228,-0.07885
70.257,-0.07886
70.284,-0.07887
70.323,-0.0789
70.355,-0.07912
70.39,-0.0796
70.426,-0.08009
70.464,-0.08085
70.503,-0.08165
70.55,-0.08292
70.588,-0.0845
70.629,-0.08615
70.67,-0.08783
70.718,-0.09008
70.765,-0.0927
70.801,-0.09562
70.853,-0.09885
70.893,-0.10239
70.937,-0.10624
70.984,-0.1104
71.031,-0.11486
71.082,-0.11963
71.125,-0.12471
71.175,-0.13007
71.224,-0.13589
71.271,-0.14216
71.324,-0.14837
71.366,-0.15487
71.416,-0.16175
71.465,-0.16866
71.514,-0.17595
71.567,-0.18336
71.614,-0.1908
71.661,-0.19823
71.712,-0.20563
71.762,-0.21307
71.812,-0.22055
71.86,-0.22779
71.911,-0.23486
71.958,-0.24179
72.006,-0.24871
72.061,-0.25564
72.112,-0.26264
72.16,-0.26979
72.213,-0.27714
72.257,-0.2846
72.314,-0.29187
72.359,-0.29915
72.41,-0.30632
72.459,-0.31351
72.507,-0.32046
72.559,-0.32719
72.606,-0.33372
72.657,-0.34035
72.707,-0.34688
72.755,-0.35317
72.811,-0.35948
72.859,-0.36583
72.913,-0.372
72.961,-0.37809
73.011,-0.38418
73.058,-0.3904
73.107,-0.3966
73.16,-0.40273
73.208,-0.4088
73.259,-0.4148
73.305,-0.42073
73.356,-0.42658
73.411,-0.43236
73.459,-0.43816
73.508,-0.44401
73.559,-0.44971
73.605,-0.45551
73.661,-0.46129
73.71,-0.46704
73.756,-0.47277
73.81,-0.47838
73.858,-0.48374
73.91,-0.489
73.963,-0.4942
74.011,-0.49926
74.062,-0.50415
74.113,-0.50908
74.157,-0.51376
74.212,-0.51829
74.26,-0.52291
74.307,-0.52752
74.358,-0.53218
74.409,-0.5369
74.46,-0.54144
74.509,-0.546
74.56,-0.55063
74.611,-0.55512
74.658,-0.55961
74.71,-0.56416
74.761,-0.56854
74.811,-0.57291
74.863,-0.57732
74.913,-0.58164
74.958,-0.58605
75.008,-0.59045
75.061,-0.59481
75.113,-0.59913
75.161,-0.6034
75.211,-0.60769
75.26,-0.61208
75.311,-0.61645
75.364,-0.6208
75.41,-0.62506
75.459,-0.62924
75.513,-0.63344
75.561,-0.63758
75.609,-0.64175
75.658,-0.64578
75.709,-0.64974
75.762,-0.65367
75.81,-0.65763
75.862,-0.66165
75.916,-0.66551
75.962,-0.6693
76.007,-0.67304
76.061,-0.67675
76.112,-0.68042
76.161,-0.68405
76.21,-0.68766
76.261,-0.69118
76.309,-0.69456
76.36,-0.69795
76.411,-0.70139
76.461,-0.70472
76.515,-0.70799
76.562,-0.71127
76.611,-0.71459
76.66,-0.71783
76.712,-0.7211
76.76,-0.7243
76.808,-0.72758
76.862,-0.73081
76.911,-0.73395
76.96,-0.73711
77.012,-0.74019
77.059,-0.74331
77.118,-0.74635
77.163,-0.74942
77.211,-0.75241
77.263,-0.75547
77.309,-0.75853
77.362,-0.76155
77.412,-0.76453
77.461,-0.76748
77.514,-0.77041
77.56,-0.77336
77.612,-0.77643
77.661,-0.77944
77.71,-0.78236
77.766,-0.78535
77.815,-0.78829
77.862,-0.79115
77.91,-0.79409
77.962,-0.79698
78.011,-0.79974
78.063,-0.80251
78.111,-0.80528
78.165,-0.80789
78.211,-0.81051
78.261,-0.81306
78.311,-0.81559
78.367,-0.81811
78.412,-0.82061
78.462,-0.82311
78.511,-0.82554
78.564,-0.8279
78.61,-0.8303
78.662,-0.83275
78.712,-0.83524
78.758,-0.83768
78.813,-0.84014
78.864,-0.84254
78.912,-0.84502
78.959,-0.84751
79.013,-0.84993
79.063,-0.85228
79.111,-0.8547
79.16,-0.85712
79.215,-0.85953
79.262,-0.86192
79.31,-0.8643
79.359,-0.86665
79.414,-0.86898
79.463,-0.8713
79.51,-0.87359
79.561,-0.87588
79.607,-0.87814
79.66,-0.8804
79.714,-0.88265
79.761,-0.88486
79.812,-0.887
79.861,-0.8892
79.912,-0.8914
79.961,-0.8936
80.013,-0.89582
80.061,-0.89808
80.113,-0.90026
80.162,-0.90244
80.212,-0.90465
80.263,-0.90681
80.313,-0.90899
80.362,-0.91111
80.411,-0.91325
80.46,-0.91534
80.51,-0.91745
80.565,-0.9195
80.612,-0.92152
80.661,-0.92354
80.713,-0.92554
80.762,-0.92755
80.814,-0.92954
80.864,-0.93152
80.913,-0.93346
80.962,-0.93532
81.014,-0.93722
81.062,-0.93907
81.113,-0.94096
81.165,-0.9428
81.21,-0.94466
81.259,-0.94644
81.313,-0.94818
81.361,-0.94993
81.418,-0.95173
81.466,-0.95348
81.515,-0.95525
81.567,-0.95692
81.613,-0.95861
81.663,-0.96038
81.713,-0.96217
81.761,-0.96392
81.812,-0.96562
81.864,-0.96734
81.913,-0.96904
81.966,-0.97075
82.013,-0.9724
82.062,-0.97405
82.112,-0.97576
82.162,-0.97743
82.216,-0.97905
82.263,-0.98071
82.312,-0.98234
82.362,-0.98391
82.412,-0.98554
82.462,-0.98717
82.515,-0.98879
82.561,-0.99041
82.611,-0.99204
82.669,-0.99372
82.713,-0.99536
82.765,-0.99702
82.813,-0.9986
82.864,-1.00019
82.911,-1.00181
82.962,-1.00337
83.015,-1.00493
83.064,-1.00652
83.113,-1.00805
83.161,-1.00955
83.216,-1.01104
83.263,-1.01252
83.309,-1.014
83.362,-1.01547
83.412,-1.01693
83.463,-1.01839
83.514,-1.01985
83.565,-1.02129
83.614,-1.02276
83.659,-1.02425
83.714,-1.02568
83.762,-1.02712
83.814,-1.02858
83.864,-1.02997
83.911,-1.03135
83.961,-1.03271
84.011,-1.03406
84.06,-1.03539
84.113,-1.03669
84.16,-1.03799
84.213,-1.03927
84.264,-1.04056
84.313,-1.0418
84.364,-1.04309
84.411,-1.04438
84.464,-1.04567
84.514,-1.04692
84.564,-1.04812
84.613,-1.04938
84.663,-1.05064
84.71,-1.05187
84.761,-1.05308
84.811,-1.05438
84.862,-1.05564
84.914,-1.05688
84.961,-1.05812
85.009,-1.05934
85.061,-1.06057
85.117,-1.06175
85.166,-1.06289
85.216,-1.06407
85.263,-1.06526
85.312,-1.06643
85.366,-1.06756
85.415,-1.06865
85.462,-1.06977
85.514,-1.0709
85.561,-1.07202
85.611,-1.07313
85.665,-1.07424
85.709,-1.07535
85.759,-1.07645
85.814,-1.07755
85.863,-1.07865
85.913,-1.07974
85.965,-1.08083
86.011,-1.08191
86.064,-1.08299
86.111,-1.08405
86.164,-1.08511
86.211,-1.08616
86.259,-1.08719
86.312,-1.08823
86.365,-1.08925
86.41,-1.09026
86.46,-1.09127
86.514,-1.09227
86.561,-1.09327
86.608,-1.09426
86.658,-1.09525
86.712,-1.09624
86.76,-1.09722
86.813,-1.0982
86.861,-1.09917
86.909,-1.10014
86.958,-1.10111
87.01,-1.10207
87.061,-1.10303
87.113,-1.10398
87.159,-1.10493
87.211,-1.10588
87.26,-1.10682
87.313,-1.10775
87.361,-1.10868
87.412,-1.1096
87.461,-1.11052
87.512,-1.11144
87.563,-1.11236
87.608,-1.11327
87.661,-1.11418
87.712,-1.11509
87.76,-1.11599
87.811,-1.11689
87.861,-1.11779
87.911,-1.11868
87.96,-1.11956
88.009,-1.12044
88.06,-1.12131
88.111,-1.12217
88.162,-1.12302
88.213,-1.12387
88.258,-1.1247
88.309,-1.12554
88.36,-1.12637
88.413,-1.1272
88.46,-1.12803
88.509,-1.12886
88.565,-1.12969
88.608,-1.1305
88.664,-1.13132
88.709,-1.13212
88.76,-1.13292
88.811,-1.13371
88.862,-1.1345
88.907,-1.13529
88.961,-1.13607
89.008,-1.13685
89.06,-1.13762
89.107,-1.1384
89.161,-1.13917
89.206,-1.13994
89.258,-1.14071
89.311,-1.14148
89.357,-1.14225
89.411,-1.14301
89.459,-1.14376
89.512,-1.14451
89.561,-1.14525
89.605,-1.14598
89.66,-1.1467
89.707,-1.14741
89.759,-1.14812
89.813,-1.14882
89.86,-1.1495
89.909,-1.15018
89.957,-1.15086
90.011,-1.15154
90.058,-1.15222
90.107,-1.15291
90.159,-1.1536
90.204,-1.1543
90.257,-1.155
90.308,-1.15572
90.36,-1.15643
90.408,-1.15715
90.455,-1.15787
90.511,-1.15859
90.556,-1.1593
90.607,-1.16001
90.661,-1.16071
90.703,-1.1614
90.757,-1.16208
90.812,-1.16275
90.858,-1.16342
90.908,-1.16408
90.957,-1.16473
91.011,-1.16539
91.059,-1.16604
91.111,-1.1667
91.16,-1.16735
91.207,-1.168
91.261,-1.16866
91.31,-1.16931
91.362,-1.16995
91.413,-1.1706
91.455,-1.17124
91.51,-1.17187
91.557,-1.1725
91.612,-1.17312
91.66,-1.17374
91.71,-1.17435
91.758,-1.17496
91.805,-1.17556
91.861,-1.17616
91.909,-1.17675
91.961,-1.17734
92.009,-1.17792
92.057,-1.17851
92.109,-1.17909
92.158,-1.17966
92.206,-1.18024
92.258,-1.18082
92.303,-1.1814
92.358,-1.18197
92.404,-1.18254
92.457,-1.1831
92.507,-1.18365
92.555,-1.18419
92.607,-1.18473
92.655,-1.18527
92.709,-1.18579
92.756,-1.18632
92.811,-1.18684
92.859,-1.18735
92.902,-1.18787
92.957,-1.18838
93.007,-1.1889
93.057,-1.18942
93.106,-1.18994
93.156,-1.19046
93.211,-1.19099
93.257,-1.19152
93.306,-1.19205
93.358,-1.19258
93.403,-1.19311
93.455,-1.19365
93.507,-1.19419
93.558,-1.19473
93.607,-1.19527
93.654,-1.19581
93.706,-1.19635
93.755,-1.19688
93.807,-1.19741
93.858,-1.19794
93.901,-1.19846
93.955,-1.19897
94.002,-1.19948
94.054,-1.19999
94.104,-1.20049
94.155,-1.20098
94.206,-1.20147
94.258,-1.20196
94.308,-1.20245
94.359,-1.20293
94.405,-1.20342
94.453,-1.20391
94.503,-1.20441
94.554,-1.20492
94.607,-1.20542
94.658,-1.20594
94.707,-1.20646
94.754,-1.20697
94.808,-1.2075
94.857,-1.20802
94.909,-1.20854
94.955,-1.20906
95.001,-1.20956
95.054,-1.21005
95.106,-1.21052
95.155,-1.21097
95.204,-1.21141
95.253,-1.21183
95.305,-1.21224
95.352,-1.21264
95.406,-1.21304
95.457,-1.21343
95.501,-1.21383
95.554,-1.21422
95.603,-1.21462
95.65,-1.21501
95.705,-1.21542
95.754,-1.21583
95.807,-1.21625
95.852,-1.21668
95.902,-1.21711
95.95,-1.21754
96.006,-1.21798
96.056,-1.21841
96.104,-1.21885
96.154,-1.21929
96.202,-1.21972
96.252,-1.22015
96.308,-1.22058
96.351,-1.22099
96.403,-1.2214
96.45,-1.2218
96.499,-1.22219
96.554,-1.22258
96.601,-1.22296
96.656,-1.22334
96.702,-1.22372
96.754,-1.2241
96.802,-1.22448
96.853,-1.22486
96.904,-1.22524
96.952,-1.22563
97.002,-1.22602
97.052,-1.22642
97.104,-1.22682
97.154,-1.22722
97.203,-1.22762
97.256,-1.22802
97.301,-1.22842
97.352,-1.22882
97.404,-1.22923
97.449,-1.22964
97.505,-1.23005
97.553,-1.23047
97.604,-1.23089
97.649,-1.23131
97.7,-1.23172
97.756,-1.23214
97.797,-1.23255
97.852,-1.23296
97.902,-1.23336
97.949,-1.23377
98.002,-1.23417
98.051,-1.23457
98.103,-1.23496
98.15,-1.23535
98.2,-1.23575
98.252,-1.23613
98.299,-1.23652
98.352,-1.2369
98.404,-1.23727
98.452,-1.23763
98.501,-1.23798
98.551,-1.23834
98.604,-1.23868
98.651,-1.23903
98.7,-1.23937
98.753,-1.23971
98.8,-1.24005
98.847,-1.24039
98.899,-1.24073
98.952,-1.24107
99.003,-1.24142
99.051,-1.24177
99.099,-1.24212
99.151,-1.24247
99.199,-1.24282
99.254,-1.24317
99.298,-1.24352
99.351,-1.24387
99.4,-1.24421
99.448,-1.24456
99.501,-1.2449
99.551,-1.24524
99.601,-1.24558
99.65,-1.24592
99.699,-1.24626
99.75,-1.2466
99.801,-1.24693
99.85,-1.24725
99.899,-1.24758
99.949,-1.24791
99.999,-1.24824
100.046,-1.24858
100.103,-1.24892
100.147,-1.24927
100.197,-1.24964
100.249,-1.25001
100.299,-1.25039
100.351,-1.25079
100.398,-1.25119
100.447,-1.25159
100.497,-1.25199
100.548,-1.25239
100.598,-1.25278
100.647,-1.25317
100.701,-1.25355
100.75,-1.25392
100.799,-1.25428
100.847,-1.25464
100.898,-1.25498
100.946,-1.25531
100.995,-1.25564
101.051,-1.25596
101.098,-1.25628
101.149,-1.2566
101.2,-1.25692
101.247,-1.25725
101.297,-1.25758
101.348,-1.25791
101.398,-1.25824
101.45,-1.25858
101.495,-1.25892
101.551,-1.25927
101.599,-1.25962
101.649,-1.25997
101.699,-1.26033
101.747,-1.26069
101.796,-1.26105
101.847,-1.26141
101.897,-1.26176
101.944,-1.26211
101.999,-1.26245
102.046,-1.26279
102.095,-1.26312
102.146,-1.26344
102.196,-1.26376
102.249,-1.26408
102.295,-1.26439
102.345,-1.2647
102.395,-1.26501
102.443,-1.26531
102.496,-1.26561
102.546,-1.2659
102.597,-1.26618
102.647,-1.26647
102.692,-1.26675
102.746,-1.26703
102.793,-1.26732
102.846,-1.2676
102.894,-1.26789
102.944,-1.26818
102.998,-1.26847
103.045,-1.26876
103.096,-1.26905
103.146,-1.26934
103.197,-1.26962
103.245,-1.26991
103.293,-1.2702
103.347,-1.27049
103.396,-1.27077
103.444,-1.27106
103.494,-1.27135
103.542,-1.27164
103.595,-1.27193
103.65,-1.27222
103.698,-1.27252
103.744,-1.27282
103.79,-1.27311
103.843,-1.27341
103.894,-1.27371
103.941,-1.27401
103.995,-1.27432
104.042,-1.27462
104.093,-1.27492
104.145,-1.27522
104.196,-1.27552
104.246,-1.27582
104.295,-1.27611
104.345,-1.2764
104.393,-1.27669
104.444,-1.27698
104.495,-1.27726
104.544,-1.27753
104.596,-1.27781
104.641,-1.27808
104.694,-1.27836
104.745,-1.27863
104.794,-1.27891
104.843,-1.27919
104.895,-1.27948
104.943,-1.27977
104.996,-1.28006
105.041,-1.28036
105.093,-1.28065
105.143,-1.28093
105.192,-1.28121
105.245,-1.28148
105.294,-1.28174
105.347,-1.28199
105.392,-1.28223
105.443,-1.28246
105.492,-1.2827
105.541,-1.28293
105.594,-1.28316
105.641,-1.2834
105.692,-1.28364
105.743,-1.28388
105.792,-1.28413
105.846,-1.28439
105.893,-1.28465
105.945,-1.28491
105.995,-1.28518
106.046,-1.28544
106.095,-1.28571
106.139,-1.28598
106.188,-1.28625
106.242,-1.28652
106.29,-1.28679
106.345,-1.28706
106.395,-1.28732
106.443,-1.28759
106.492,-1.28785
106.54,-1.28812
106.592,-1.28839
106.642,-1.28866
106.693,-1.28894
106.744,-1.28921
106.793,-1.2895
106.838,-1.28978
106.893,-1.29007
106.943,-1.29035
106.993,-1.29064
107.041,-1.29093
107.091,-1.29122
107.146,-1.29151
107.194,-1.29179
107.242,-1.29207
107.288,-1.29234
107.341,-1.29261
107.39,-1.29288
107.438,-1.29316
107.49,-1.29343
107.54,-1.29371
107.592,-1.29399
107.64,-1.29427
107.69,-1.29455
107.741,-1.29483
107.791,-1.29511
107.838,-1.29539
107.892,-1.29568
107.943,-1.29596
107.991,-1.29624
108.041,-1.29652
108.087,-1.29679
108.14,-1.29706
108.189,-1.29732
108.239,-1.29758
108.288,-1.29783
108.339,-1.29807
108.389,-1.29832
108.439,-1.29856
108.489,-1.29879
108.54,-1.29903
108.589,-1.29926
108.634,-1.2995
108.692,-1.29973
108.74,-1.29997
108.791,-1.30021
108.837,-1.30046
108.888,-1.3007
108.941,-1.30094
108.988,-1.30118
109.035,-1.30143
109.088,-1.30168
109.14,-1.30193
109.186,-1.30218
109.238,-1.30243
109.291,-1.30268
109.339,-1.30293
109.393,-1.30318
109.435,-1.30343
109.49,-1.30368
109.539,-1.30393
109.589,-1.30417
109.641,-1.30442
109.689,-1.30466
109.738,-1.30491
109.789,-1.30516
109.837,-1.30541
109.886,-1.30566
109.937,-1.30591
109.987,-1.30616
110.032,-1.30642
110.088,-1.30669
110.136,-1.30696
110.185,-1.30723
110.234,-1.30751
110.285,-1.30779
110.338,-1.30808
110.389,-1.30836
110.439,-1.30864
110.487,-1.30892
110.538,-1.30919
110.588,-1.30946
110.637,-1.30972
110.688,-1.30998
110.74,-1.31023
110.783,-1.31048
110.836,-1.31073
110.885,-1.31098
110.937,-1.31122
110.989,-1.31147
111.034,-1.31172
111.085,-1.31197
111.135,-1.31222
111.187,-1.31247
111.237,-1.31273
111.285,-1.31298
111.336,-1.31322
111.385,-1.31346
111.435,-1.31369
111.487,-1.31391
111.535,-1.31411
111.588,-1.31431
111.634,-1.3145
111.684,-1.31468
111.738,-1.31487
111.788,-1.31505
111.836,-1.31525
111.885,-1.31544
111.938,-1.31565
111.985,-1.31587
112.036,-1.3161
112.089,-1.31634
112.132,-1.31658
112.187,-1.31684
112.233,-1.3171
112.282,-1.31737
112.333,-1.31764
112.383,-1.31791
112.433,-1.31818
112.481,-1.31845
112.535,-1.31871
112.589,-1.31898
112.635,-1.31923
112.687,-1.31948
112.73,-1.31972
112.784,-1.31996
112.838,-1.32019
112.885,-1.32042
112.937,-1.32065
112.983,-1.32087
113.032,-1.3211
113.082,-1.32133
113.134,-1.32156
113.184,-1.32179
113.233,-1.32202
113.283,-1.32226
113.334,-1.32251
113.383,-1.32276
113.434,-1.32302
113.483,-1.32328
113.532,-1.32354
113.585,-1.3238
113.634,-1.32406
113.688,-1.32431
113.735,-1.32454
113.785,-1.32478
113.834,-1.325
113.885,-1.32523
113.934,-1.32545
113.984,-1.32566
114.03,-1.32587
114.083,-1.32608
114.131,-1.32629
114.183,-1.3265
114.231,-1.32672
114.284,-1.32695
114.332,-1.32718
114.383,-1.32742
114.432,-1.32766
114.48,-1.32791
114.533,-1.32816
114.58,-1.3284
114.63,-1.32864
114.682,-1.32888
114.731,-1.32911
114.781,-1.32933
114.824,-1.32954
114.884,-1.32975
114.929,-1.32996
114.979,-1.33018
115.03,-1.3304
115.079,-1.33062
115.131,-1.33085
115.182,-1.33108
115.234,-1.33131
115.284,-1.33155
115.327,-1.33179
115.383,-1.33203
115.43,-1.33227
115.482,-1.33252
115.533,-1.33276
115.578,-1.33301
115.63,-1.33325
115.676,-1.33349
115.729,-1.33373
115.779,-1.33396
115.83,-1.3342
115.881,-1.33444
115.928,-1.33467
115.981,-1.3349
116.028,-1.33513
116.083,-1.33536
116.129,-1.33558
116.177,-1.33581
116.226,-1.33603
116.275,-1.33626
116.33,-1.33649
116.383,-1.33674
116.43,-1.33698
116.479,-1.33723
116.529,-1.33749
116.582,-1.33774
116.631,-1.33799
116.685,-1.33824
116.729,-1.33848
116.779,-1.33872
116.832,-1.33896
116.882,-1.33919
116.929,-1.33941
116.979,-1.33963
117.028,-1.33984
117.077,-1.34005
117.129,-1.34026
117.182,-1.34046
117.233,-1.34065
117.276,-1.34084
117.329,-1.34103
117.381,-1.34122
117.428,-1.3414
117.479,-1.34158
117.526,-1.34176
117.576,-1.34194
117.629,-1.34213
117.676,-1.34233
117.728,-1.34253
117.777,-1.34273
117.826,-1.34294
117.879,-1.34315
117.926,-1.34336
117.98,-1.34358
118.029,-1.3438
118.08,-1.34403
118.13,-1.34427
118.178,-1.3445
118.231,-1.34474
118.28,-1.34498
118.331,-1.34521
118.377,-1.34544
118.429,-1.34567
118.48,-1.34589
118.532,-1.34611
118.577,-1.34633
118.632,-1.34656
118.679,-1.34679
118.73,-1.34702
118.781,-1.34725
118.834,-1.34748
118.881,-1.34771
118.932,-1.34795
118.978,-1.34818
119.028,-1.34841
119.079,-1.34865
119.126,-1.34888
119.18,-1.34912
119.227,-1.34935
119.28,-1.34958
119.329,-1.34981
119.381,-1.35004
119.433,-1.35026
119.479,-1.35049
119.533,-1.35072
119.58,-1.35095
119.632,-1.35119
119.685,-1.35143
119.731,-1.35167
119.779,-1.35191
119.829,-1.35215
119.879,-1.35238
119.927,-1.35259
119.975,-1.3528
120.027,-1.353
120.078,-1.35319
120.125,-1.35338
120.176,-1.35356
120.226,-1.35373
120.275,-1.35391
120.324,-1.35409
120.371,-1.35427
120.427,-1.35446
120.474,-1.35466
120.524,-1.35487
120.574,-1.3551
120.622,-1.35533
120.672,-1.35557
120.727,-1.35582
120.775,-1.35608
120.822,-1.35634
120.878,-1.3566
120.926,-1.35686
120.977,-1.35712
121.028,-1.35737
121.076,-1.35761
121.129,-1.35785
121.176,-1.35808
121.23,-1.35831
121.277,-1.35854
121.325,-1.35875
121.377,-1.35896
121.423,-1.35917
121.477,-1.35937
121.528,-1.35957
121.579,-1.35977
121.627,-1.35996
121.675,-1.36015
121.728,-1.36035
121.776,-1.36054
121.832,-1.36073
121.877,-1.36092
121.923,-1.36111
121.977,-1.3613
122.025,-1.3615
122.078,-1.36169
122.125,-1.3619
122.177,-1.3621
122.227,-1.36232
122.278,-1.36255
122.327,-1.36278
122.375,-1.36303
122.426,-1.36329
122.472,-1.36356
122.526,-1.36383
122.575,-1.36411
122.626,-1.36438
122.676,-1.36466
122.725,-1.36492
122.769,-1.36518
122.823,-1.36544
122.874,-1.36569
122.921,-1.36593
122.973,-1.36617
123.02,-1.3664
123.075,-1.36662
123.122,-1.36684
123.174,-1.36705
123.225,-1.36725
123.268,-1.36745
123.321,-1.36765
123.376,-1.36786
123.419,-1.36807
123.47,-1.36827
123.521,-1.36847
123.573,-1.36868
123.62,-1.36888
123.673,-1.36908
123.723,-1.36928
123.774,-1.36948
123.826,-1.36968
123.87,-1.36989
123.928,-1.37009
123.976,-1.3703
124.024,-1.37051
124.076,-1.37072
124.123,-1.37092
124.174,-1.37113
124.224,-1.37134
124.272,-1.37155
124.321,-1.37175
124.369,-1.37195
124.424,-1.37215
124.473,-1.37234
124.524,-1.37253
124.573,-1.37271
124.62,-1.37289
124.671,-1.37308
124.719,-1.37326
124.77,-1.37346
124.822,-1.37366
124.868,-1.37387
124.916,-1.37408
124.967,-1.3743
125.022,-1.37453
125.07,-1.37476
125.12,-1.37499
125.173,-1.37523
125.22,-1.37547
125.272,-1.37571
125.324,-1.37595
125.372,-1.3762
125.42,-1.37645
125.468,-1.37669
125.519,-1.37692
125.568,-1.37715
125.619,-1.37737
125.669,-1.37757
125.716,-1.37777
125.771,-1.37796
125.818,-1.37815
125.872,-1.37833
125.919,-1.37851
125.967,-1.37868
126.019,-1.37886
126.071,-1.37905
126.122,-1.37923
126.172,-1.37943
126.223,-1.37963
126.274,-1.37983
126.318,-1.38004
126.371,-1.38025
126.42,-1.38046
126.468,-1.38067
126.516,-1.38088
126.565,-1.38109
126.617,-1.3813
126.671,-1.3815
126.719,-1.3817
126.765,-1.3819
126.82,-1.38211
126.869,-1.38231
126.917,-1.38251
126.968,-1.38272
127.02,-1.38292
127.066,-1.38312
127.117,-1.38333
127.17,-1.38353
127.218,-1.38372
127.269,-1.38392
127.318,-1.38411
127.37,-1.38429
127.419,-1.38447
127.467,-1.38465
127.518,-1.38484
127.567,-1.38503
127.616,-1.38523
127.667,-1.38544
127.717,-1.38566
127.769,-1.38588
127.818,-1.38611
127.868,-1.38635
127.922,-1.38658
127.971,-1.38681
128.023,-1.38704
128.07,-1.38726
128.118,-1.38747
128.168,-1.38768
128.216,-1.38789
128.266,-1.38808
128.317,-1.38827
128.368,-1.38846
128.417,-1.38864
128.467,-1.38883
128.516,-1.38902
128.571,-1.38922
128.619,-1.38943
128.666,-1.38966
128.716,-1.3899
128.766,-1.39015
128.819,-1.39041
128.867,-1.39068
128.915,-1.39095
128.964,-1.39121
129.014,-1.39147
129.068,-1.39173
129.114,-1.39197
129.171,-1.39221
129.22,-1.39245
129.261,-1.39268
129.314,-1.39291
129.366,-1.39314
129.418,-1.39337
129.464,-1.39361
129.514,-1.39384
129.561,-1.39408
129.613,-1.39431
129.665,-1.39454
129.714,-1.39477
129.767,-1.39499
129.816,-1.3952
129.862,-1.39541
129.92,-1.39562
129.965,-1.39582
130.015,-1.39602
130.064,-1.39622
130.116,-1.39641
130.166,-1.39658
130.217,-1.39675
130.26,-1.39691
130.317,-1.39706
130.365,-1.3972
130.418,-1.39735
130.467,-1.39749
130.519,-1.39764
130.564,-1.39779
130.611,-1.39794
130.663,-1.39811
130.711,-1.39828
130.763,-1.39845
130.816,-1.39864
130.862,-1.39883
130.914,-1.39903
130.967,-1.39923
131.013,-1.39944
131.063,-1.39964
131.112,-1.39985
131.161,-1.40005
131.213,-1.40025
131.262,-1.40045
131.311,-1.40066
131.364,-1.40087
131.414,-1.40109
131.464,-1.40131
131.516,-1.40154
131.565,-1.40178
131.614,-1.40202
131.664,-1.40226
131.714,-1.4025
131.762,-1.40275
131.811,-1.40299
131.863,-1.40323
131.913,-1.40346
131.96,-1.40369
132.013,-1.40391
132.064,-1.40412
132.115,-1.40434
132.163,-1.40455
132.21,-1.40476
132.258,-1.40498
132.314,-1.4052
132.364,-1.40542
132.413,-1.40564
132.46,-1.40586
132.513,-1.40608
132.562,-1.40629
132.615,-1.4065
132.662,-1.40671
132.71,-1.40692
132.761,-1.40712
132.812,-1.40732
132.863,-1.40753
132.913,-1.40774
132.962,-1.40796
133.012,-1.40818
133.061,-1.4084
133.116,-1.40863
133.164,-1.40886
133.21,-1.40909
133.261,-1.40932
133.312,-1.40956
133.361,-1.4098
133.411,-1.41004
133.46,-1.41028
133.514,-1.41052
133.559,-1.41076
133.61,-1.41099
133.662,-1.41121
133.713,-1.41142
133.761,-1.41162
133.812,-1.41182
133.861,-1.41201
133.911,-1.41219
133.96,-1.41237
134.013,-1.41255
134.058,-1.41273
134.11,-1.4129
134.159,-1.41308
134.212,-1.41326
134.261,-1.41344
134.311,-1.41362
134.36,-1.4138
134.41,-1.41399
134.46,-1.41417
134.51,-1.41436
134.561,-1.41456
134.61,-1.41475
134.66,-1.41496
134.707,-1.41517
134.759,-1.41538
134.812,-1.4156
134.862,-1.41582
134.91,-1.41605
134.958,-1.41627
135.006,-1.41649
135.061,-1.41672
135.108,-1.41695
135.162,-1.41718
135.208,-1.41741
135.257,-1.41764
135.309,-1.41787
135.361,-1.4181
135.405,-1.41833
135.459,-1.41855
135.507,-1.41876
135.559,-1.41898
135.607,-1.41919
135.659,-1.4194
135.709,-1.41961
135.759,-1.41982
135.809,-1.42003
135.858,-1.42024
135.911,-1.42045
135.958,-1.42067
136.005,-1.42088
136.057,-1.42111
136.108,-1.42133
136.161,-1.42156
136.211,-1.42179
136.258,-1.42202
136.309,-1.42225
136.354,-1.42247
136.408,-1.4227
136.459,-1.42291
136.509,-1.42313
136.555,-1.42333
136.605,-1.42353
136.659,-1.42371
136.706,-1.42389
136.756,-1.42406
136.807,-1.42423
136.853,-1.4244
136.904,-1.42456
136.956,-1.42473
137.008,-1.4249
137.054,-1.42507
137.107,-1.42525
137.158,-1.42542
137.204,-1.42559
137.259,-1.42576
137.305,-1.42593
137.356,-1.4261
137.408,-1.42627
137.457,-1.42644
137.511,-1.4266
137.557,-1.42677
137.606,-1.42693
137.654,-1.4271
137.705,-1.42727
137.761,-1.42744
137.808,-1.42762
137.86,-1.4278
137.908,-1.42799
137.955,-1.42818
138.007,-1.42838
138.054,-1.42857
138.107,-1.42878
138.154,-1.42898
138.205,-1.42919
138.255,-1.42939
138.305,-1.42958
138.357,-1.42978
138.407,-1.42998
138.453,-1.43018
138.504,-1.43037
138.555,-1.43057
138.603,-1.43077
138.655,-1.43096
138.707,-1.43115
138.757,-1.43133
138.804,-1.43151
138.858,-1.43169
138.905,-1.43187
138.962,-1.43205
139.004,-1.43223
139.055,-1.43241
139.107,-1.43259
139.156,-1.43277
139.208,-1.43296
139.258,-1.43315
139.302,-1.43335
139.357,-1.43356
139.404,-1.43376
139.458,-1.43398
139.508,-1.4342
139.555,-1.43442
139.606,-1.43465
139.654,-1.43487
139.708,-1.43509
139.755,-1.43531
139.805,-1.43552
139.853,-1.43572
139.902,-1.43593
139.957,-1.43612
140.004,-1.43632
140.058,-1.43651
140.101,-1.43671
140.15,-1.4369
140.204,-1.4371
140.254,-1.4373
140.306,-1.4375
140.35,-1.43771
140.401,-1.43792
140.455,-1.43814
140.502,-1.43836
140.556,-1.43858
140.6,-1.43879
140.652,-1.43901
140.701,-1.43923
140.752,-1.43944
140.799,-1.43964
140.855,-1.43985
140.903,-1.44004
140.949,-1.44023
141.003,-1.4404
141.054,-1.44057
141.102,-1.44073
141.154,-1.44089
141.203,-1.44104
141.254,-1.4412
141.305,-1.44135
141.353,-1.44152
141.4,-1.44168
141.452,-1.44186
141.5,-1.44205
141.551,-1.44224
141.605,-1.44244
141.65,-1.44266
141.697,-1.44288
141.751,-1.44311
141.801,-1.44334
141.853,-1.44358
141.901,-1.44382
141.955,-1.44407
141.999,-1.44432
142.049,-1.44458
142.102,-1.44484
142.153,-1.4451
142.201,-1.44536
142.252,-1.44562
142.3,-1.44588
142.35,-1.44613
142.402,-1.44636
142.45,-1.4466
142.501,-1.44682
142.552,-1.44704
142.602,-1.44724
142.649,-1.44744
142.701,-1.44762
142.75,-1.44779
142.799,-1.44795
142.849,-1.44811
142.9,-1.44826
142.951,-1.44841
142.998,-1.44856
143.049,-1.44871
143.1,-1.44886
143.15,-1.44902
143.2,-1.44919
143.251,-1.44935
143.299,-1.44953
143.35,-1.4497
143.398,-1.44988
143.451,-1.45007
143.504,-1.45025
143.55,-1.45044
143.601,-1.45064
143.649,-1.45084
143.699,-1.45106
143.752,-1.45127
143.8,-1.4515
143.85,-1.45173
143.897,-1.45196
143.947,-1.4522
143.997,-1.45244
144.049,-1.45269
144.101,-1.45294
144.147,-1.45319
144.197,-1.45344
144.249,-1.45368
144.3,-1.45392
144.351,-1.45416
144.398,-1.45438
144.447,-1.45459
144.495,-1.45479
144.551,-1.45499
144.599,-1.45517
144.647,-1.45534
144.697,-1.45551
144.746,-1.45567
144.798,-1.45583
144.849,-1.45599
144.901,-1.45616
144.949,-1.45633
144.999,-1.4565
145.048,-1.45667
145.1,-1.45685
145.152,-1.45703
145.199,-1.45721
145.249,-1.4574
145.298,-1.45758
145.347,-1.45777
145.399,-1.45796
145.45,-1.45816
145.498,-1.45835
145.55,-1.45855
145.598,-1.45874
145.647,-1.45893
145.696,-1.45912
145.747,-1.45931
145.799,-1.45951
145.846,-1.45971
145.898,-1.45991
145.947,-1.46012
145.999,-1.46035
146.047,-1.46057
146.099,-1.4608
146.147,-1.46104
146.195,-1.46127
146.248,-1.4615
146.299,-1.46173
146.344,-1.46195
146.397,-1.46217
146.448,-1.46238
146.499,-1.46259
146.547,-1.46279
146.597,-1.46299
146.647,-1.46318
146.697,-1.46336
146.745,-1.46354
146.798,-1.46372
146.846,-1.46389
146.896,-1.46405
146.943,-1.46422
146.998,-1.46437
147.047,-1.46453
147.097,-1.46468
147.146,-1.46484
147.194,-1.46499
147.246,-1.46515
147.298,-1.46531
147.345,-1.46547
147.393,-1.46565
147.445,-1.46583
147.494,-1.46602
147.544,-1.46622
147.597,-1.46643
147.646,-1.46664
147.691,-1.46686
147.745,-1.46709
147.794,-1.46733
147.85,-1.46756
147.895,-1.4678
147.943,-1.46803
147.993,-1.46827
148.042,-1.46851
148.098,-1.46874
148.145,-1.46898
148.193,-1.46921
148.244,-1.46944
148.292,-1.46966
148.341,-1.46988
148.395,-1.47009
148.445,-1.47029
148.493,-1.47048
148.542,-1.47067
148.595,-1.47085
148.644,-1.47102
148.698,-1.47119
148.745,-1.47137
148.792,-1.47155
148.846,-1.47173
148.895,-1.47191
148.945,-1.47208
148.994,-1.47226
149.044,-1.47243
149.096,-1.47261
149.141,-1.47279
149.194,-1.47297
149.243,-1.47316
149.294,-1.47336
149.343,-1.47357
149.392,-1.47378
149.448,-1.474
149.493,-1.47423
149.543,-1.47446
149.592,-1.47469
149.641,-1.47493
149.695,-1.47517
149.742,-1.47541
149.793,-1.47564
149.842,-1.47588
149.89,-1.47611
149.944,-1.47635
149.993,-1.47657
150.042,-1.4768
150.091,-1.47702
150.139,-1.47724
150.191,-1.47744
150.24,-1.47764
150.294,-1.47783
150.342,-1.47801
150.391,-1.47819
150.446,-1.47837
150.493,-1.47855
150.543,-1.47873
150.592,-1.47892
150.643,-1.47911
150.694,-1.4793
150.739,-1.4795
150.794,-1.4797
150.843,-1.4799
150.893,-1.48009
150.942,-1.48028
150.991,-1.48047
151.043,-1.48066
151.092,-1.48085
151.142,-1.48105
151.188,-1.48125
151.241,-1.48146
151.292,-1.48167
151.342,-1.48189
151.392,-1.48212
151.441,-1.48235
151.49,-1.48258
151.541,-1.48283
151.593,-1.48308
151.641,-1.48333
151.691,-1.48358
151.742,-1.48383
151.788,-1.48407
151.838,-1.4843
151.893,-1.48453
151.943,-1.48474
151.992,-1.48494
152.038,-1.48513
152.09,-1.48531
152.143,-1.48549
152.193,-1.48567
152.242,-1.48585
152.288,-1.48602
152.338,-1.4862
152.391,-1.48637
152.441,-1.48655
152.492,-1.48672
152.538,-1.4869
152.589,-1.48709
152.642,-1.48728
152.686,-1.48748
152.741,-1.48769
152.79,-1.4879
152.837,-1.48811
152.888,-1.48832
152.94,-1.48854
152.991,-1.48875
153.036,-1.48896
153.088,-1.48917
153.137,-1.48937
153.188,-1.48957
153.24,-1.48976
153.287,-1.48995
153.341,-1.49014
153.386,-1.49033
153.436,-1.49052
153.488,-1.49071
153.538,-1.49091
153.588,-1.4911
153.64,-1.4913
153.685,-1.49149
153.736,-1.49169
153.788,-1.49188
153.839,-1.49208
153.887,-1.49227
153.938,-1.49248
153.989,-1.49269
154.036,-1.4929
154.092,-1.49311
154.143,-1.49333
154.187,-1.49354
154.236,-1.49375
154.29,-1.49395
154.336,-1.49415
154.385,-1.49435
154.439,-1.49454
154.487,-1.49473
154.537,-1.49491
154.59,-1.49508
154.637,-1.49526
154.69,-1.49543
154.731,-1.49561
154.782,-1.49579
154.838,-1.49597
154.886,-1.49617
154.939,-1.49637
154.984,-1.49657
155.037,-1.49679
155.085,-1.49701
155.137,-1.49723
155.189,-1.49746
155.237,-1.4977
155.29,-1.49793
155.337,-1.49817
155.387,-1.4984
155.44,-1.49863
155.487,-1.49885
155.539,-1.49907
155.586,-1.49927
155.637,-1.49947
155.686,-1.49966
155.737,-1.49985
155.786,-1.50004
155.834,-1.50024
155.889,-1.50044
155.939,-1.50064
155.988,-1.50085
156.036,-1.50104
156.086,-1.50124
156.135,-1.50142
156.185,-1.50158
156.239,-1.50174
156.284,-1.50189
156.335,-1.50203
156.386,-1.50217
156.434,-1.50229
156.485,-1.50242
156.538,-1.50254
156.589,-1.50268
156.638,-1.50282
156.685,-1.50297
156.736,-1.50314
156.785,-1.50332
156.839,-1.50351
156.89,-1.50371
156.936,-1.50392
156.985,-1.50414
157.036,-1.50437
157.083,-1.5046
157.135,-1.50482
157.186,-1.50504
157.233,-1.50526
157.283,-1.50548
157.337,-1.50569
157.387,-1.5059
157.436,-1.5061
157.484,-1.5063
157.533,-1.5065
157.584,-1.50669
157.634,-1.50688
157.683,-1.50706
157.734,-1.50724
157.783,-1.50742
157.832,-1.50759
157.885,-1.50776
157.936,-1.50794
157.983,-1.50812
158.031,-1.50831
158.086,-1.50851
158.134,-1.50871
158.184,-1.50893
158.233,-1.50914
158.283,-1.50936
158.334,-1.50959
158.384,-1.5098
158.434,-1.51002
158.484,-1.51023
158.535,-1.51045
158.581,-1.51066
158.631,-1.51087
158.683,-1.51109
158.732,-1.51131
158.784,-1.51153
158.834,-1.51175
158.884,-1.51197
158.931,-1.51219
158.984,-1.51239
159.031,-1.5126
159.083,-1.5128
159.13,-1.51299
159.182,-1.51318
159.233,-1.51336
159.284,-1.51353
159.335,-1.51371
159.38,-1.51389
159.431,-1.51408
159.483,-1.51427
159.534,-1.51446
159.583,-1.51467
159.629,-1.51488
159.682,-1.51509
159.73,-1.51529
159.785,-1.51549
159.833,-1.51568
159.883,-1.51587
159.934,-1.51604
159.977,-1.51621
160.031,-1.51638
160.079,-1.51655
160.132,-1.51672
160.18,-1.5169
160.231,-1.51708
160.282,-1.51727
160.335,-1.51747
160.383,-1.51768
160.432,-1.51789
160.481,-1.51811
160.531,-1.51834
160.58,-1.51857
160.633,-1.5188
160.682,-1.51903
160.729,-1.51925
160.783,-1.51946
160.832,-1.51967
160.882,-1.51987
160.93,-1.52006
160.978,-1.52026
161.031,-1.52046
161.08,-1.52067
161.131,-1.52088
161.18,-1.5211
161.233,-1.52133
161.282,-1.52157
161.331,-1.52181
161.38,-1.52206
161.432,-1.52231
161.481,-1.52255
161.531,-1.52279
161.583,-1.52303
161.632,-1.52326
161.683,-1.52347
161.731,-1.52368
161.782,-1.52389
161.829,-1.52408
161.881,-1.52425
161.927,-1.52442
161.982,-1.52458
162.03,-1.52474
162.079,-1.52489
162.132,-1.52504
162.179,-1.5252
162.23,-1.52537
162.277,-1.52554
162.331,-1.52573
162.378,-1.52592
162.433,-1.52612
162.48,-1.52633
162.529,-1.52655
162.579,-1.52677
162.631,-1.52699
162.677,-1.52721
162.731,-1.52743
162.778,-1.52765
162.831,-1.52787
162.875,-1.52808
162.926,-1.52829
162.976,-1.52849
163.03,-1.52868
163.078,-1.52887
163.13,-1.52906
163.18,-1.52924
163.229,-1.52943
163.276,-1.52962
163.328,-1.5298
163.381,-1.52999
163.426,-1.53018
163.478,-1.53038
163.524,-1.53057
163.579,-1.53075
163.625,-1.53093
163.675,-1.53111
163.73,-1.53127
163.779,-1.53144
163.828,-1.5316
163.874,-1.53176
163.928,-1.53192
163.974,-1.53209
164.028,-1.53225
164.078,-1.53242
164.131,-1.53259
164.18,-1.53276
164.228,-1.53294
164.274,-1.53312
164.326,-1.53329
164.38,-1.53347
164.43,-1.53364
164.477,-1.53383
164.529,-1.53401
164.575,-1.5342
164.627,-1.5344
164.678,-1.5346
164.725,-1.53482
164.776,-1.53505
164.828,-1.53528
164.876,-1.53553
164.931,-1.53578
164.975,-1.53603
165.027,-1.53628
165.075,-1.53652
165.129,-1.53675
165.177,-1.53697
165.226,-1.53717
165.277,-1.53736
165.324,-1.53754
165.376,-1.53772
165.427,-1.53788
165.476,-1.53804
165.527,-1.5382
165.575,-1.53835
165.625,-1.53851
165.673,-1.53866
165.724,-1.53882
165.777,-1.53899
165.823,-1.53917
165.875,-1.53936
165.927,-1.53956
165.971,-1.53977
166.026,-1.53999
166.075,-1.54022
166.123,-1.54044
166.176,-1.54067
166.225,-1.54089
166.278,-1.5411
166.326,-1.54131
166.375,-1.54151
166.424,-1.54171
166.473,-1.5419
166.522,-1.54209
166.573,-1.54228
166.626,-1.54247
166.673,-1.54267
166.724,-1.54286
166.775,-1.54307
166.825,-1.54328
166.877,-1.5435
166.925,-1.54373
166.975,-1.54396
167.021,-1.5442
167.075,-1.54444
167.123,-1.54469
167.173,-1.54493
167.227,-1.54517
167.274,-1.5454
167.323,-1.54563
167.376,-1.54585
167.425,-1.54606
167.476,-1.54627
167.524,-1.54647
167.574,-1.54667
167.624,-1.54686
167.675,-1.54706
167.722,-1.54726
167.771,-1.54745
167.824,-1.54765
167.871,-1.54784
167.923,-1.54804
167.975,-1.54824
168.024,-1.54844
168.079,-1.54863
168.121,-1.54883
168.173,-1.54903
168.227,-1.54923
168.272,-1.54942
168.324,-1.54961
168.372,-1.5498
168.421,-1.54998
168.473,-1.55016
168.526,-1.55034
168.572,-1.55051
168.621,-1.5507
168.675,-1.55088
168.723,-1.55107
168.777,-1.55126
168.823,-1.55145
168.87,-1.55164
168.922,-1.55183
168.97,-1.55202
169.024,-1.55221
169.071,-1.55239
169.123,-1.55258
169.171,-1.55277
169.22,-1.55295
169.276,-1.55314
169.324,-1.55333
169.373,-1.55351
169.423,-1.5537
169.469,-1.55388
169.522,-1.55406
169.574,-1.55424
169.62,-1.55442
169.674,-1.5546
169.723,-1.55478
169.768,-1.55497
169.823,-1.55515
169.873,-1.55534
169.922,-1.55553
169.969,-1.55573
170.021,-1.55592
170.071,-1.55612
170.123,-1.55632
170.167,-1.55652
170.221,-1.55671
170.274,-1.55691
170.317,-1.5571
170.37,-1.55728
170.421,-1.55746
170.473,-1.55764
170.52,-1.55783
170.57,-1.55802
170.624,-1.55821
170.668,-1.55841
170.721,-1.55862
170.77,-1.55882
170.818,-1.55904
170.871,-1.55926
170.924,-1.55948
170.972,-1.55969
171.024,-1.55991
171.068,-1.56012
171.122,-1.56033
171.169,-1.56054
171.223,-1.56075
171.271,-1.56095
171.32,-1.56116
171.369,-1.56137
171.418,-1.56157
171.47,-1.56178
171.519,-1.56199
171.572,-1.5622
171.619,-1.56241
171.67,-1.56261
171.721,-1.56282
171.771,-1.56302
171.823,-1.56321
171.872,-1.5634
171.919,-1.56358
171.973,-1.56375
172.021,-1.56392
172.072,-1.56408
172.119,-1.56424
172.168,-1.5644
172.22,-1.56458
172.271,-1.56476
172.322,-1.56496
172.368,-1.56517
172.419,-1.56539
172.466,-1.56562
172.518,-1.56586
172.571,-1.5661
172.617,-1.56634
172.672,-1.56658
172.718,-1.56682
172.767,-1.56705
172.818,-1.56728
172.868,-1.5675
172.921,-1.56772
172.963,-1.56793
173.016,-1.56814
173.067,-1.56835
173.12,-1.56856
173.167,-1.56877
173.219,-1.56898
173.267,-1.56919
173.317,-1.56942
173.367,-1.56965
173.42,-1.56988
173.468,-1.57013
173.52,-1.57037
173.567,-1.57061
173.618,-1.57086
173.668,-1.57109
173.717,-1.57132
173.769,-1.57155
173.818,-1.57178
173.867,-1.572
173.918,-1.57223
173.966,-1.57246
174.02,-1.57269
174.068,-1.57292
174.115,-1.57315
174.167,-1.57337
174.217,-1.5736
174.266,-1.57383
174.315,-1.57406
174.364,-1.57429
174.416,-1.5745
174.469,-1.57472
174.518,-1.57493
174.563,-1.57514
174.614,-1.57535
174.661,-1.57556
174.716,-1.57576
174.769,-1.57595
174.815,-1.57613
174.865,-1.57632
174.913,-1.5765
174.967,-1.57669
175.016,-1.57689
175.068,-1.57709
175.115,-1.57729
175.164,-1.5775
175.217,-1.57772
175.265,-1.57794
175.316,-1.57817
175.366,-1.5784
175.414,-1.57864
175.467,-1.57888
175.514,-1.57913
175.562,-1.57937
175.616,-1.57961
175.666,-1.57984
175.717,-1.58007
175.76,-1.58028
175.816,-1.58048
175.865,-1.58068
175.913,-1.58087
175.96,-1.58105
176.014,-1.58124
176.065,-1.58143
176.113,-1.58162
176.164,-1.58181
176.214,-1.58201
176.265,-1.58221
176.312,-1.58241
176.362,-1.58261
176.415,-1.58282
176.465,-1.58303
176.513,-1.58323
176.566,-1.58344
176.614,-1.58366
176.665,-1.58388
176.715,-1.5841
176.764,-1.58432
176.815,-1.58455
176.864,-1.58478
176.913,-1.58503
176.964,-1.58528
177.013,-1.58553
177.062,-1.58578
177.114,-1.58603
177.159,-1.58626
177.213,-1.58648
177.267,-1.58669
177.314,-1.5869
177.357,-1.58709
177.411,-1.58727
177.464,-1.58744
177.514,-1.58762
177.563,-1.58778
177.613,-1.58795
177.663,-1.58812
177.709,-1.58829
177.764,-1.58846
177.813,-1.58862
177.862,-1.58879
177.911,-1.58896
177.962,-1.58914
178.012,-1.58932
178.062,-1.58951
178.114,-1.5897
178.159,-1.5899
178.211,-1.5901
178.265,-1.59031
178.31,-1.59053
178.36,-1.59074
178.41,-1.59096
178.461,-1.59118
178.513,-1.59139
178.559,-1.59161
178.614,-1.59182
178.665,-1.59203
178.71,-1.59225
178.76,-1.59245
178.813,-1.59266
178.863,-1.59285
178.913,-1.59305
178.963,-1.59324
179.013,-1.59343
179.062,-1.59363
179.113,-1.59382
179.163,-1.59402
179.212,-1.59423
179.261,-1.59443
179.312,-1.59464
179.364,-1.59485
179.414,-1.59507
179.458,-1.5953
179.512,-1.59552
179.56,-1.59575
179.612,-1.59597
179.662,-1.5962
179.71,-1.59642
179.759,-1.59665
179.81,-1.59687
179.863,-1.59709
179.912,-1.59731
179.963,-1.59753
180.01,-1.59774
180.061,-1.59796
180.108,-1.59818
180.161,-1.59841
180.211,-1.59864
180.261,-1.59887
180.311,-1.59911
180.36,-1.59935
180.409,-1.59959
180.462,-1.59983
180.51,-1.60006
180.561,-1.6003
180.61,-1.60052
180.661,-1.60075
180.712,-1.60097
180.759,-1.6012
180.812,-1.60142
180.857,-1.60163
180.909,-1.60185
180.959,-1.60206
181.01,-1.60226
181.064,-1.60247
181.109,-1.60268
181.157,-1.60288
181.21,-1.60309
181.258,-1.6033
181.31,-1.60352
181.36,-1.60374
181.413,-1.60397
181.457,-1.60421
181.508,-1.60445
181.562,-1.6047
181.609,-1.60497
181.66,-1.60524
181.707,-1.60553
181.757,-1.60582
181.807,-1.60611
181.858,-1.60639
181.909,-1.60667
181.955,-1.60692
182.008,-1.60717
182.058,-1.6074
182.106,-1.60762
182.161,-1.60784
182.207,-1.60806
182.258,-1.60827
182.307,-1.6085
182.357,-1.60873
182.411,-1.60897
182.459,-1.60921
182.505,-1.60947
182.556,-1.60974
182.607,-1.61002
182.66,-1.6103
182.709,-1.61059
182.757,-1.61088
182.808,-1.61118
182.856,-1.61146
182.905,-1.61174
182.959,-1.61202
183.008,-1.61228
183.057,-1.61253
183.105,-1.61277
183.155,-1.613
183.206,-1.61322
183.259,-1.61344
183.308,-1.61366
183.361,-1.61387
183.408,-1.6141
183.462,-1.61433
183.508,-1.61458
183.557,-1.61484
183.608,-1.61511
183.658,-1.61539
183.705,-1.61568
183.762,-1.61598
183.809,-1.61628
183.86,-1.61658
183.908,-1.61689
183.961,-1.61719
184.009,-1.6175
184.059,-1.61779
184.11,-1.61808
184.156,-1.61836
184.206,-1.61864
184.262,-1.61891
184.309,-1.61917
184.359,-1.61943
184.404,-1.61968
184.459,-1.61994
184.504,-1.62019
184.559,-1.62044
184.605,-1.62069
184.658,-1.62095
184.707,-1.62121
184.755,-1.62148
184.807,-1.62176
184.857,-1.62205
184.911,-1.62234
184.955,-1.62264
185.005,-1.62294
185.057,-1.62323
185.108,-1.62353
185.158,-1.62382
185.205,-1.6241
185.256,-1.62438
185.307,-1.62465
185.354,-1.62492
185.41,-1.62519
185.456,-1.62545
185.507,-1.62572
185.555,-1.62599
185.602,-1.62626
185.658,-1.62654
185.704,-1.62682
185.755,-1.62711
185.806,-1.62739
185.852,-1.62769
185.907,-1.62799
185.955,-1.6283
186.009,-1.62861
186.054,-1.62893
186.103,-1.62925
186.154,-1.62957
186.203,-1.62988
186.256,-1.63018
186.303,-1.63048
186.354,-1.63076
186.403,-1.63103
186.454,-1.63128
186.504,-1.63152
186.557,-1.63174
186.604,-1.63196
186.655,-1.63217
186.704,-1.63238
186.757,-1.6326
186.807,-1.63283
186.854,-1.63307
186.906,-1.63334
186.954,-1.63364
187.004,-1.63395
187.052,-1.63428
187.104,-1.63461
187.155,-1.63495
187.205,-1.63529
187.253,-1.63562
187.304,-1.63594
187.356,-1.63626
187.406,-1.63658
187.455,-1.6369
187.503,-1.63723
187.553,-1.63757
187.603,-1.63791
187.656,-1.63826
187.704,-1.63862
187.753,-1.63899
187.8,-1.63937
187.855,-1.63976
187.902,-1.64015
187.953,-1.64054
188.003,-1.64093
188.054,-1.64132
188.104,-1.64171
188.155,-1.6421
188.202,-1.64248
188.252,-1.64285
188.303,-1.64322
188.351,-1.64358
188.403,-1.64394
188.454,-1.64429
188.503,-1.64463
188.555,-1.64497
188.597,-1.64531
188.654,-1.64566
188.703,-1.64601
188.752,-1.64638
188.804,-1.64676
188.851,-1.64714
188.902,-1.64754
188.954,-1.64795
189.005,-1.64837
189.05,-1.6488
189.101,-1.64924
189.153,-1.64969
189.2,-1.65014
189.252,-1.6506
189.302,-1.65106
189.35,-1.65151
189.402,-1.65197
189.449,-1.65243
189.5,-1.65289
189.552,-1.65334
189.602,-1.6538
189.654,-1.65425
189.701,-1.6547
189.751,-1.65515
189.803,-1.65561
189.852,-1.65607
189.9,-1.65653
189.949,-1.657
190.003,-1.65748
190.049,-1.65797
190.102,-1.65848
190.152,-1.659
190.201,-1.65953
190.252,-1.66008
190.302,-1.66064
190.352,-1.66121
190.403,-1.66175
190.449,-1.66227
190.503,-1.66283
190.547,-1.6634
190.6,-1.66398
190.652,-1.66456
190.699,-1.66514
190.751,-1.66573
190.8,-1.66632
190.852,-1.66691
190.898,-1.66754
190.951,-1.66822
190.998,-1.66884
191.05,-1.66946
191.099,-1.67008
191.151,-1.67071
191.201,-1.67136
191.25,-1.67202
191.299,-1.67269
191.349,-1.67338
191.398,-1.6741
191.449,-1.67474
191.498,-1.67526
191.55,-1.67582
191.6,-1.67645
191.648,-1.67713
191.702,-1.67784
191.749,-1.67859
191.8,-1.67938
191.849,-1.68013
191.897,-1.68089
191.948,-1.68165
192.001,-1.68241
192.049,-1.68318
192.097,-1.68396
192.15,-1.68477
192.198,-1.68564
192.25,-1.68644
192.302,-1.68726
192.347,-1.68813
192.398,-1.68898
192.447,-1.68988
192.497,-1.69072
192.549,-1.69159
192.6,-1.69253
192.649,-1.69341
192.7,-1.69427
192.751,-1.69518
192.798,-1.69614
192.847,-1.69703
192.903,-1.69795
192.946,-1.69894
193.0,-1.69991
193.051,-1.70082
193.099,-1.70174
193.149,-1.70265
193.198,-1.70358
193.248,-1.70451
193.297,-1.70545
193.349,-1.7064
193.398,-1.70735
193.447,-1.7083
193.498,-1.70926
193.546,-1.7102
193.598,-1.71115
193.648,-1.71209
193.699,-1.71302
193.751,-1.71393
193.795,-1.71484
193.848,-1.71574
193.898,-1.71663
193.949,-1.71751
193.998,-1.71838
194.046,-1.71924
194.097,-1.7201
194.15,-1.72095
194.199,-1.72181
194.248,-1.72267
194.298,-1.72354
194.348,-1.72442
194.393,-1.7253
194.449,-1.72619
194.5,-1.72714
194.548,-1.72818
194.597,-1.72924
194.645,-1.73027
194.696,-1.73132
194.747,-1.73233
194.795,-1.73339
194.845,-1.73446
194.896,-1.7355
194.946,-1.73654
194.997,-1.73757
195.045,-1.73861
195.098,-1.73965
195.144,-1.74069
195.199,-1.74174
195.244,-1.74279
195.297,-1.74384
195.347,-1.74488
195.397,-1.74586
195.447,-1.74672
195.498,-1.74755
195.544,-1.74837
195.595,-1.74913
195.645,-1.74977
195.697,-1.75039
195.745,-1.75108
195.795,-1.7518
195.843,-1.75242
195.893,-1.75304
195.941,-1.7537
195.994,-1.75431
196.045,-1.75493
196.098,-1.75553
196.144,-1.75611
196.195,-1.75676
196.243,-1.75733
196.299,-1.75789
196.348,-1.75851
196.395,-1.75909
196.445,-1.75959
196.493,-1.76021
196.546,-1.76091
196.592,-1.76152
196.646,-1.76208
196.696,-1.76267
196.744,-1.7633
196.794,-1.76386
196.844,-1.76443
196.895,-1.76495
196.947,-1.76553
196.992,-1.76607
197.046,-1.76655
197.092,-1.7671
197.142,-1.76761
197.194,-1.76805
197.245,-1.76856
197.292,-1.76907
197.341,-1.76956
197.394,-1.77002
197.444,-1.77049
197.493,-1.77098
197.54,-1.77145
197.594,-1.77197
197.643,-1.77241
197.693,-1.77273
197.742,-1.77301
197.794,-1.77328
197.843,-1.77348
197.895,-1.7736
197.943,-1.77377
197.994,-1.77383
198.043,-1.77384
198.091,-1.77388
198.144,-1.77395
198.193,-1.77405
198.243,-1.77409
198.292,-1.77415
198.344,-1.77425
198.392,-1.77434
198.444,-1.77443
198.496,-1.77451
198.541,-1.77459
198.593,-1.77468
198.642,-1.77477
198.691,-1.77485
198.739,-1.77496
198.794,-1.77511
198.842,-1.77532
198.891,-1.77554
198.944,-1.77576
198.99,-1.77598
199.043,-1.77618
199.092,-1.77637
199.141,-1.77656
199.191,-1.77672
199.24,-1.77688
199.289,-1.77702
199.341,-1.77716
199.391,-1.77729
199.441,-1.77742
199.491,-1.77755
199.538,-1.77767
199.591,-1.77779
199.64,-1.77791
199.691,-1.77803
199.739,-1.77816
199.789,-1.77828
199.841,-1.77841
199.891,-1.77853
199.94,-1.77866
199.994,-1.77877
200.041,-1.77889
200.092,-1.77899
200.141,-1.77908
200.192,-1.77916
200.241,-1.77922
200.289,-1.77927
200.339,-1.77932
200.39,-1.77936
200.441,-1.7794
200.493,-1.77944
200.54,-1.77947
200.59,-1.77951
200.643,-1.77955
200.693,-1.7796
200.742,-1.77965
200.79,-1.7797
200.839,-1.77976
200.892,-1.77982
200.938,-1.77988
200.99,-1.77995
201.04,-1.78002
201.092,-1.78009
201.141,-1.78016
201.187,-1.78023
201.239,-1.78032
201.29,-1.78042
201.34,-1.78053
201.39,-1.78065
201.438,-1.78077
201.492,-1.7809
201.538,-1.78103
201.59,-1.78116
201.64,-1.78129
201.69,-1.78141
201.738,-1.78153
201.788,-1.78163
201.839,-1.78173
201.886,-1.78182
201.937,-1.7819
201.988,-1.78198
202.039,-1.78204
202.09,-1.78211
202.141,-1.78216
202.186,-1.78221
202.235,-1.78225
202.287,-1.7823
202.341,-1.78234
202.387,-1.78238
202.441,-1.78242
202.49,-1.78247
202.541,-1.78251
202.586,-1.78255
202.639,-1.78259
202.689,-1.78263
202.736,-1.78268
202.788,-1.78273
202.838,-1.78279
202.888,-1.78285
202.939,-1.78292
202.987,-1.783
203.037,-1.78307
203.089,-1.78315
203.137,-1.78324
203.188,-1.78332
203.237,-1.7834
203.289,-1.78347
203.337,-1.78354
203.387,-1.7836
203.438,-1.78365
203.489,-1.7837
203.538,-1.78373
203.586,-1.78377
203.635,-1.7838
203.689,-1.78383
203.737,-1.78386
203.789,-1.78389
203.835,-1.78392
203.885,-1.78397
203.934,-1.78402
203.991,-1.78408
204.039,-1.78416
204.088,-1.78424
204.136,-1.78433
204.186,-1.78442
204.236,-1.78452
204.286,-1.78462
204.338,-1.78471
204.387,-1.7848
204.435,-1.78489
204.487,-1.78497
204.536,-1.78504
204.586,-1.78511
204.638,-1.78517
204.686,-1.78522
204.737,-1.78528
204.787,-1.78533
204.836,-1.78539
204.887,-1.78545
204.932,-1.78552
204.983,-1.7856
205.033,-1.78568
205.086,-1.78577
205.133,-1.78586
205.185,-1.78596
205.235,-1.78605
205.283,-1.78613
205.337,-1.78622
205.387,-1.7863
205.433,-1.78638
205.487,-1.78646
205.533,-1.78655
205.583,-1.78663
205.636,-1.78672
205.687,-1.78681
205.734,-1.7869
205.782,-1.78701
205.837,-1.78711
205.884,-1.78723
205.937,-1.78735
205.988,-1.78748
206.034,-1.78762
206.084,-1.78776
206.13,-1.7879
206.185,-1.78804
206.239,-1.78816
206.284,-1.78828
206.335,-1.78838
206.383,-1.78847
206.436,-1.78854
206.485,-1.7886
206.534,-1.78864
206.583,-1.78868
206.633,-1.78871
206.684,-1.78874
206.733,-1.78877
206.785,-1.7888
206.831,-1.78885
206.884,-1.7889
206.935,-1.78896
206.985,-1.78904
207.039,-1.78913
207.085,-1.78923
207.136,-1.78935
207.183,-1.78949
207.233,-1.78963
207.283,-1.78978
207.33,-1.78993
207.38,-1.79009
207.433,-1.79024
207.483,-1.79039
207.535,-1.79054
207.582,-1.79069
207.637,-1.79083
207.681,-1.79096
207.732,-1.79109
207.784,-1.79121
207.837,-1.79133
207.883,-1.79145
207.934,-1.79157
207.981,-1.7917
208.031,-1.79183
208.085,-1.79197
208.136,-1.79211
208.183,-1.79225
208.234,-1.7924
208.282,-1.79255
208.333,-1.7927
208.382,-1.79285
208.434,-1.79301
208.483,-1.79316
208.533,-1.79331
208.582,-1.79346
208.633,-1.79361
208.683,-1.79376
208.731,-1.79391
208.781,-1.79406
208.828,-1.7942
208.881,-1.79434
208.932,-1.79448
208.982,-1.79463
209.03,-1.79477
209.08,-1.79491
209.132,-1.79505
209.183,-1.79518
209.231,-1.79531
209.28,-1.79544
209.331,-1.79556
209.381,-1.79569
209.431,-1.79581
209.481,-1.79594
209.534,-1.79607
209.58,-1.7962
209.63,-1.79634
209.684,-1.79647
209.733,-1.79661
209.783,-1.79675
209.832,-1.79688
209.878,-1.79701
209.932,-1.79713
209.98,-1.79725
210.034,-1.79737
210.081,-1.79749
210.13,-1.79761
210.185,-1.79774
210.232,-1.79787
210.283,-1.79801
210.331,-1.79815
210.378,-1.79829
210.43,-1.79843
210.477,-1.79856
210.529,-1.79869
210.582,-1.79881
210.633,-1.79893
210.677,-1.79904
210.731,-1.79914
210.781,-1.79924
210.829,-1.79934
210.881,-1.79945
210.931,-1.79955
210.976,-1.79965
211.03,-1.79975
211.08,-1.79986
211.129,-1.79997
211.181,-1.80009
211.229,-1.80022
211.282,-1.80036
211.329,-1.80051
211.38,-1.80068
211.429,-1.80086
211.482,-1.80105
211.525,-1.80124
211.58,-1.80145
211.631,-1.80166
211.678,-1.80186
211.729,-1.80207
211.78,-1.80226
211.829,-1.80245
211.878,-1.80262
211.927,-1.80279
211.978,-1.80294
212.031,-1.80308
212.078,-1.80322
212.129,-1.80334
212.178,-1.80346
212.229,-1.80357
212.278,-1.80369
212.33,-1.8038
212.379,-1.80392
212.429,-1.80404
212.478,-1.80417
212.53,-1.80431
212.579,-1.80446
212.625,-1.80461
212.675,-1.80477
212.729,-1.80493
212.78,-1.80509
212.83,-1.80525
212.878,-1.80541
212.926,-1.80556
212.978,-1.80571
213.03,-1.80585
213.078,-1.80598
213.128,-1.8061
213.174,-1.80621
213.226,-1.80633
213.279,-1.80644
213.327,-1.80654
213.375,-1.80664
213.428,-1.80674
213.476,-1.80684
213.528,-1.80693
213.574,-1.80701
213.626,-1.8071
213.677,-1.80718
213.727,-1.80726
213.779,-1.80735
213.828,-1.80745
213.878,-1.80755
213.93,-1.80766
213.976,-1.80778
214.027,-1.80791
214.076,-1.80805
214.128,-1.80819
214.179,-1.80834
214.228,-1.8085
214.276,-1.80866
214.324,-1.80882
214.376,-1.80898
214.428,-1.80914
214.479,-1.80931
214.526,-1.80947
214.576,-1.80963
214.628,-1.80978
214.675,-1.80993
214.728,-1.81007
214.773,-1.81021
214.825,-1.81034
214.877,-1.81047
214.928,-1.8106
214.978,-1.81073
215.024,-1.81086
215.075,-1.81099
215.126,-1.81112
215.174,-1.81125
215.225,-1.81138
215.276,-1.81151
215.323,-1.81164
215.372,-1.81177
215.422,-1.81191
215.477,-1.81206
215.527,-1.81223
215.579,-1.8124
215.625,-1.81258
215.673,-1.81276
215.725,-1.81294
215.777,-1.81311
215.828,-1.81328
215.875,-1.81344
215.92,-1.81359
215.972,-1.81373
216.026,-1.81387
216.076,-1.81401
216.123,-1.81415
216.174,-1.81428
216.225,-1.81441
216.272,-1.81453
216.325,-1.81465
216.375,-1.81477
216.424,-1.81489
216.475,-1.81501
216.523,-1.81512
216.575,-1.81524
216.626,-1.81536
216.673,-1.81548
216.726,-1.8156
216.77,-1.81573
216.826,-1.81586
216.873,-1.816
216.922,-1.81615
216.972,-1.81631
217.024,-1.81647
217.069,-1.81665
217.123,-1.81684
217.173,-1.81703
217.22,-1.81723
217.273,-1.81744
217.32,-1.81765
217.372,-1.81785
217.424,-1.81806
217.472,-1.81825
217.523,-1.81845
217.57,-1.81864
217.622,-1.81882
217.678,-1.819
217.722,-1.81916
217.774,-1.8193
217.821,-1.81943
217.87,-1.81955
217.921,-1.81967
217.972,-1.81978
218.026,-1.81991
218.07,-1.82004
218.122,-1.82018
218.172,-1.82033
218.224,-1.82049
218.275,-1.82067
218.324,-1.82086
218.369,-1.82106
218.419,-1.82127
218.473,-1.82149
218.521,-1.8217
218.572,-1.82192
218.62,-1.82214
218.669,-1.82235
218.722,-1.82254
218.769,-1.82272
218.822,-1.82289
218.873,-1.82304
218.917,-1.82318
218.974,-1.82331
219.02,-1.82344
219.072,-1.82356
219.122,-1.82368
219.168,-1.82379
219.218,-1.82391
219.273,-1.82403
219.325,-1.82415
219.369,-1.82427
219.422,-1.82441
219.47,-1.82456
219.522,-1.82472
219.571,-1.8249
219.622,-1.82509
219.672,-1.82529
219.719,-1.82551
219.767,-1.82573
219.823,-1.82596
219.873,-1.82618
219.922,-1.82639
219.967,-1.8266
220.019,-1.8268
220.067,-1.827
220.121,-1.8272
220.171,-1.82739
220.221,-1.82759
220.27,-1.82778
220.319,-1.82797
220.368,-1.82815
220.421,-1.82833
220.469,-1.82851
220.518,-1.82868
220.568,-1.82884
220.617,-1.829
220.671,-1.82917
220.717,-1.82933
220.767,-1.8295
220.821,-1.82966
220.869,-1.82983
220.922,-1.83
220.969,-1.83017
221.022,-1.83034
221.068,-1.83052
221.117,-1.83069
221.169,-1.83087
221.221,-1.83105
221.27,-1.83123
221.317,-1.83142
221.367,-1.8316
221.42,-1.83178
221.469,-1.83196
221.516,-1.83214
221.568,-1.83232
221.618,-1.8325
221.668,-1.83268
221.719,-1.83286
221.77,-1.83304
221.817,-1.83322
221.871,-1.8334
221.916,-1.83358
221.968,-1.83374
222.018,-1.8339
222.069,-1.83405
222.119,-1.83419
222.166,-1.83433
222.222,-1.83445
222.27,-1.83457
222.319,-1.83468
222.368,-1.83478
222.417,-1.83488
222.466,-1.83498
222.517,-1.83508
222.571,-1.83518
222.618,-1.83529
222.669,-1.83541
222.72,-1.83555
222.765,-1.83571
222.817,-1.83588
222.865,-1.83605
222.92,-1.83623
222.967,-1.83641
223.016,-1.83659
223.067,-1.83677
223.12,-1.83696
223.169,-1.83714
223.217,-1.83733
223.265,-1.83752
223.321,-1.8377
223.368,-1.83787
223.417,-1.83803
223.466,-1.8382
223.519,-1.83836
223.567,-1.83853
223.613,-1.83869
223.667,-1.83886
223.717,-1.83903
223.765,-1.8392
223.814,-1.83938
223.866,-1.83956
223.914,-1.83974
223.968,-1.83993
224.018,-1.84012
224.067,-1.8403
224.116,-1.84049
224.163,-1.84067
224.217,-1.84086
224.268,-1.84104
224.315,-1.84123
224.366,-1.84142
224.417,-1.84161
224.463,-1.84179
224.516,-1.84196
224.566,-1.84214
224.615,-1.84231
224.667,-1.84249
224.716,-1.84267
224.766,-1.84285
224.817,-1.84304
224.866,-1.84323
224.912,-1.84341
224.965,-1.8436
225.016,-1.84378
225.062,-1.84395
225.117,-1.84412
225.162,-1.84429
225.213,-1.84445
225.261,-1.8446
225.314,-1.84475
225.364,-1.8449
225.416,-1.84505
225.465,-1.84521
225.515,-1.84537
225.565,-1.84553
225.617,-1.8457
225.666,-1.84588
225.714,-1.84606
225.762,-1.84625
225.812,-1.84644
225.864,-1.84663
225.919,-1.84682
225.964,-1.84702
226.012,-1.84721
226.061,-1.8474
226.113,-1.84758
226.165,-1.84776
226.212,-1.84793
226.263,-1.8481
226.315,-1.84825
226.363,-1.84841
226.414,-1.84857
226.463,-1.84873
226.512,-1.84888
226.561,-1.84904
226.612,-1.84919
226.664,-1.84934
226.713,-1.84949
226.766,-1.84964
226.814,-1.8498
226.861,-1.84996
226.916,-1.85013
226.962,-1.85031
227.014,-1.8505
227.063,-1.85069
227.113,-1.85089
227.163,-1.85109
227.212,-1.85131
227.265,-1.85153
227.314,-1.85175
227.364,-1.85199
227.412,-1.85222
227.461,-1.85246
227.51,-1.85269
227.564,-1.85291
227.614,-1.85313
227.664,-1.85334
227.713,-1.85353
227.761,-1.85372
227.811,-1.8539
227.863,-1.85408
227.911,-1.85425
227.96,-1.85442
228.011,-1.85457
228.061,-1.85472
228.113,-1.85485
228.164,-1.85497
228.211,-1.85509
228.261,-1.8552
228.312,-1.85531
228.36,-1.85544
228.41,-1.85556
228.457,-1.85569
228.509,-1.85583
228.561,-1.85597
228.61,-1.85612
228.66,-1.85629
228.713,-1.85648
228.763,-1.85667
228.813,-1.85687
228.862,-1.85708
228.912,-1.85729
228.96,-1.8575
229.011,-1.85771
229.06,-1.85791
229.108,-1.85811
229.162,-1.8583
229.214,-1.85849
229.26,-1.85866
229.315,-1.85882
229.357,-1.85897
229.41,-1.85911
229.46,-1.85925
229.509,-1.85937
229.559,-1.85949
229.608,-1.8596
229.658,-1.85972
229.71,-1.85983
229.761,-1.85994
229.807,-1.86005
229.858,-1.86018
229.91,-1.86031
229.96,-1.86045
230.01,-1.86061
230.062,-1.86079
230.106,-1.86099
230.161,-1.8612
230.208,-1.86143
230.26,-1.86166
230.31,-1.8619
230.359,-1.86215
230.41,-1.86239
230.455,-1.86262
230.51,-1.86285
230.562,-1.86306
230.607,-1.86326
230.658,-1.86345
230.706,-1.86362
230.756,-1.86378
230.809,-1.86393
230.861,-1.86407
230.907,-1.86421
230.958,-1.86435
231.005,-1.8645
231.06,-1.86465
231.108,-1.8648
231.157,-1.86496
231.208,-1.86514
231.258,-1.86533
231.307,-1.86552
231.359,-1.86572
231.408,-1.86593
231.457,-1.86615
231.506,-1.86637
231.557,-1.86659
231.611,-1.86682
231.66,-1.86704
231.709,-1.86726
231.76,-1.86747
231.806,-1.86767
231.861,-1.86786
231.908,-1.86804
231.96,-1.86821
232.006,-1.86836
232.057,-1.86851
232.105,-1.86865
232.158,-1.86879
232.21,-1.86892
232.257,-1.86906
232.309,-1.86919
232.359,-1.86933
232.407,-1.86948
232.457,-1.86963
232.506,-1.86979
232.557,-1.86995
232.608,-1.87012
232.658,-1.87029
232.708,-1.87047
232.758,-1.87065
232.811,-1.87083
232.857,-1.87101
232.907,-1.87118
232.957,-1.87137
233.004,-1.87155
233.058,-1.87174
233.108,-1.87194
233.157,-1.87214
233.207,-1.87234
233.257,-1.87255
233.306,-1.87277
233.354,-1.87299
233.404,-1.87323
233.456,-1.87346
233.509,-1.87371
233.557,-1.87395
233.607,-1.87418
233.658,-1.87441
233.704,-1.87462
233.758,-1.87483
233.808,-1.87502
233.858,-1.8752
233.907,-1.87538
233.955,-1.87556
234.003,-1.87573
234.054,-1.8759
234.108,-1.87606
234.156,-1.87621
234.205,-1.87635
234.253,-1.87649
234.303,-1.87663
234.356,-1.87678
234.406,-1.87692
234.456,-1.87707
234.504,-1.87723
234.552,-1.8774
234.606,-1.87757
234.656,-1.87775
234.705,-1.87795
234.756,-1.87815
234.804,-1.87836
234.857,-1.87857
234.905,-1.87878
234.957,-1.87899
235.007,-1.87918
235.056,-1.87937
235.103,-1.87954
235.157,-1.8797
235.206,-1.87985
235.255,-1.87998
235.304,-1.88011
235.352,-1.88022
235.407,-1.88034
235.456,-1.88046
235.502,-1.88059
235.554,-1.88073
235.602,-1.88088
235.656,-1.88105
235.702,-1.88122
235.755,-1.8814
235.805,-1.88159
235.855,-1.88178
235.904,-1.88197
235.955,-1.88216
236.004,-1.88235
236.054,-1.88254
236.104,-1.88273
236.153,-1.88292
236.202,-1.8831
236.255,-1.88328
236.306,-1.88345
236.356,-1.88361
236.405,-1.88377
236.448,-1.88393
236.503,-1.88407
236.552,-1.88422
236.602,-1.88437
236.654,-1.88452
236.703,-1.88467
236.751,-1.88484
236.801,-1.88501
236.852,-1.8852
236.902,-1.8854
236.952,-1.88561
237.0,-1.88583
237.053,-1.88605
237.101,-1.88626
237.154,-1.88647
237.202,-1.88666
237.251,-1.88684
237.301,-1.88702
237.353,-1.88718
237.401,-1.88734
237.453,-1.88749
237.504,-1.88765
237.553,-1.88781
237.602,-1.88797
237.653,-1.88814
237.704,-1.88832
237.753,-1.8885
237.798,-1.88869
237.851,-1.88889
237.901,-1.88909
237.953,-1.88929
237.999,-1.8895
238.053,-1.8897
238.105,-1.8899
238.152,-1.89009
238.204,-1.89027
238.251,-1.89045
238.299,-1.89062
238.351,-1.89078
238.401,-1.89094
238.453,-1.89109
238.504,-1.89124
238.55,-1.89139
238.601,-1.89154
238.652,-1.89168
238.701,-1.89182
238.751,-1.89197
238.803,-1.89211
238.85,-1.89226
238.899,-1.89241
238.953,-1.89257
238.998,-1.89275
239.052,-1.89293
239.097,-1.89314
239.151,-1.89335
239.2,-1.89358
239.246,-1.89382
239.303,-1.89406
239.351,-1.89431
239.399,-1.89455
239.449,-1.89479
239.501,-1.89501
239.55,-1.89523
239.601,-1.89544
239.652,-1.89563
239.701,-1.8958
239.748,-1.89597
239.801,-1.89613
239.849,-1.89628
239.902,-1.89643
239.947,-1.89658
240.0,-1.89672
240.046,-1.89687
240.101,-1.89703
240.151,-1.8972
240.196,-1.89738
240.251,-1.89757
240.297,-1.89777
240.352,-1.89798
240.4,-1.89818
240.453,-1.89839
240.5,-1.89859
240.547,-1.89878
240.598,-1.89896
240.651,-1.89914
240.699,-1.8993
240.748,-1.89947
240.797,-1.89962
240.849,-1.89978
240.896,-1.89994
240.947,-1.90009
240.998,-1.90025
241.048,-1.9004
241.098,-1.90056
241.146,-1.90073
241.198,-1.9009
241.246,-1.90108
241.298,-1.90127
241.348,-1.90146
241.4,-1.90166
241.45,-1.90187
241.497,-1.90207
241.547,-1.90228
241.598,-1.90248
241.646,-1.90268
241.697,-1.90287
241.75,-1.90305
241.799,-1.90322
241.847,-1.90337
241.897,-1.90351
241.95,-1.90365
241.997,-1.90378
242.047,-1.90392
242.099,-1.90407
242.146,-1.90423
242.196,-1.9044
242.244,-1.90457
242.296,-1.90476
242.349,-1.90495
242.399,-1.90515
242.447,-1.90536
242.493,-1.90557
242.549,-1.90578
242.595,-1.90598
242.645,-1.90619
242.697,-1.90639
242.744,-1.90659
242.795,-1.90677
242.844,-1.90696
242.898,-1.90714
242.946,-1.90731
242.996,-1.90749
243.044,-1.90767
243.096,-1.90784
243.147,-1.90802
243.196,-1.9082
243.248,-1.90837
243.294,-1.90855
243.346,-1.90873
243.397,-1.90892
243.445,-1.90912
243.496,-1.90934
243.545,-1.90956
243.598,-1.90979
243.645,-1.91003
243.696,-1.91026
243.747,-1.91049
243.795,-1.91071
243.846,-1.91092
243.895,-1.91112
243.946,-1.91131
243.996,-1.91149
244.044,-1.91165
244.096,-1.91181
244.147,-1.91197
244.196,-1.91212
244.251,-1.91227
244.295,-1.91243
244.345,-1.9126
244.397,-1.91277
244.445,-1.91295
244.498,-1.91314
244.544,-1.91334
244.595,-1.91354
244.644,-1.91374
244.695,-1.91394
244.747,-1.91414
244.795,-1.91433
244.847,-1.91452
244.894,-1.9147
244.945,-1.91488
244.996,-1.91506
245.045,-1.91522
245.096,-1.91538
245.144,-1.91552
245.195,-1.91566
245.244,-1.9158
245.297,-1.91594
245.346,-1.91608
245.396,-1.91623
245.446,-1.91638
245.492,-1.91655
245.547,-1.91673
245.595,-1.91692
245.644,-1.91713
245.695,-1.91734
245.742,-1.91756
245.795,-1.91778
245.845,-1.918
245.893,-1.91821
245.945,-1.91842
245.996,-1.91862
246.047,-1.91882
246.095,-1.91901
246.148,-1.9192
246.197,-1.91937
246.245,-1.91953
246.296,-1.91969
246.344,-1.91985
246.396,-1.92
246.443,-1.92015
246.494,-1.9203
246.542,-1.92046
246.594,-1.92062
246.645,-1.92078
246.692,-1.92094
246.746,-1.92112
246.795,-1.9213
246.845,-1.92148
246.893,-1.92167
246.946,-1.92187
246.996,-1.92206
247.044,-1.92226
247.092,-1.92246
247.142,-1.92266
247.196,-1.92287
247.242,-1.92308
247.292,-1.92329
247.345,-1.92351
247.391,-1.92374
247.444,-1.92396
247.491,-1.92418
247.545,-1.9244
247.594,-1.92462
247.641,-1.92483
247.694,-1.92504
247.743,-1.92524
247.791,-1.92544
247.844,-1.92563
247.894,-1.9258
247.944,-1.92597
247.992,-1.92613
248.043,-1.92628
248.094,-1.92642
248.138,-1.92657
248.192,-1.9267
248.243,-1.92684
248.294,-1.92697
248.343,-1.92711
248.394,-1.92724
248.444,-1.92737
248.49,-1.9275
248.542,-1.92763
248.595,-1.92779
248.647,-1.92795
248.694,-1.92814
248.743,-1.92834
248.793,-1.92856
248.843,-1.92879
248.893,-1.92902
248.945,-1.92926
248.99,-1.9295
249.043,-1.92974
249.088,-1.92997
249.144,-1.93018
249.192,-1.93037
249.24,-1.93054
249.289,-1.93069
249.341,-1.93083
249.393,-1.93094
249.444,-1.93105
249.493,-1.93116
249.545,-1.93127
249.59,-1.93138
249.641,-1.9315
249.693,-1.93164
249.746,-1.93178
249.79,-1.93194
249.842,-1.9321
249.891,-1.93228
249.944,-1.93246
249.992,-1.93266
250.038,-1.93287
250.091,-1.93309
250.141,-1.93331
250.192,-1.93354
250.241,-1.93377
250.291,-1.93399
250.343,-1.9342
250.39,-1.93441
250.441,-1.9346
250.493,-1.93478
250.539,-1.93494
250.595,-1.9351
250.639,-1.93525
250.689,-1.93539
250.738,-1.93555
250.791,-1.93571
250.838,-1.93589
250.891,-1.93607
250.939,-1.93627
250.99,-1.93648
251.041,-1.9367
251.09,-1.93692
251.142,-1.93715
251.189,-1.93737
251.236,-1.9376
251.291,-1.93782
251.344,-1.93804
251.388,-1.93826
251.44,-1.93847
251.487,-1.93867
251.541,-1.93886
251.595,-1.93905
251.64,-1.93923
251.692,-1.9394
251.739,-1.93957
251.788,-1.93974
251.838,-1.93991
251.892,-1.94008
251.938,-1.94026
251.988,-1.94043
252.041,-1.94061
252.087,-1.94079
252.144,-1.94096
252.189,-1.94113
252.237,-1.94128
252.287,-1.94142
252.335,-1.94155
252.389,-1.94167
252.439,-1.9418
252.491,-1.94192
252.536,-1.94205
252.589,-1.94219
252.641,-1.94234
252.688,-1.94251
252.738,-1.94268
252.791,-1.94287
252.838,-1.94306
252.891,-1.94326
252.94,-1.94346
252.988,-1.94366
253.037,-1.94386
253.087,-1.94405
253.135,-1.94425
253.187,-1.94443
253.239,-1.94461
253.288,-1.94479
253.337,-1.94496
253.389,-1.94513
253.438,-1.9453
253.489,-1.94546
253.54,-1.94561
253.59,-1.94576
253.638,-1.94591
253.687,-1.94605
253.739,-1.94619
253.792,-1.94634
253.842,-1.94649
253.886,-1.94665
253.939,-1.94681
253.985,-1.94698
254.039,-1.94716
254.089,-1.94735
254.135,-1.94756
254.187,-1.94776
254.237,-1.94798
254.285,-1.94818
254.339,-1.94839
254.387,-1.94859
254.437,-1.94879
254.486,-1.94899
254.535,-1.94918
254.586,-1.94937
254.637,-1.94956
254.685,-1.94975
254.737,-1.94993
254.787,-1.95012
254.834,-1.95032
254.886,-1.95051
254.935,-1.9507
254.986,-1.9509
255.036,-1.95109
255.084,-1.95129
255.136,-1.95148
255.186,-1.95168
255.237,-1.95188
255.284,-1.95208
255.336,-1.95229
255.385,-1.95249
255.436,-1.9527
255.485,-1.95291
255.536,-1.95312
255.587,-1.95332
255.635,-1.95351
255.685,-1.9537
255.738,-1.95388
255.784,-1.95404
255.835,-1.9542
255.884,-1.95434
255.935,-1.95448
255.986,-1.95462
256.035,-1.95476
256.085,-1.95489
256.132,-1.95503
256.185,-1.95518
256.233,-1.95532
256.284,-1.95547
256.334,-1.95562
256.382,-1.95578
256.434,-1.95594
256.483,-1.9561
256.536,-1.95627
256.583,-1.95644
256.633,-1.95662
256.685,-1.95681
256.735,-1.95699
256.782,-1.95718
256.836,-1.95737
256.884,-1.95756
256.935,-1.95775
256.981,-1.95794
257.031,-1.95813
257.086,-1.95832
257.133,-1.95851
257.183,-1.95871
257.232,-1.95891
257.282,-1.95911
257.336,-1.95931
257.382,-1.95951
257.432,-1.95971
257.483,-1.9599
257.532,-1.96008
257.584,-1.96025
257.634,-1.96041
257.686,-1.96055
257.733,-1.96069
257.785,-1.96082
257.832,-1.96096
257.885,-1.96109
257.934,-1.96124
257.981,-1.96139
258.036,-1.96155
258.079,-1.96172
258.137,-1.9619
258.183,-1.96208
258.233,-1.96227
258.28,-1.96246
258.327,-1.96266
258.382,-1.96288
258.432,-1.96309
258.486,-1.96331
258.532,-1.96353
258.579,-1.96375
258.634,-1.96396
258.679,-1.96416
258.732,-1.96434
258.783,-1.96451
258.834,-1.96466
258.884,-1.96479
258.932,-1.96491
258.982,-1.96502
259.034,-1.96512
259.081,-1.96523
259.129,-1.96535
259.177,-1.96548
259.234,-1.96562
259.284,-1.96579
259.332,-1.96597
259.38,-1.96616
259.428,-1.96637
259.483,-1.96658
259.529,-1.9668
259.582,-1.96701
259.633,-1.96722
259.682,-1.96741
259.732,-1.96759
259.781,-1.96776
259.834,-1.96792
259.881,-1.96807
259.929,-1.96821
259.981,-1.96835
260.033,-1.96849
260.083,-1.96863
260.131,-1.96878
260.181,-1.96892
260.23,-1.96907
260.279,-1.96923
260.333,-1.96939
260.382,-1.96957
260.429,-1.96975
260.478,-1.96994
260.531,-1.97014
260.58,-1.97034
260.63,-1.97054
260.68,-1.97073
260.728,-1.97092
260.781,-1.97111
260.829,-1.9713
260.879,-1.97148
260.933,-1.97165
260.981,-1.97183
261.031,-1.97201
261.078,-1.97219
261.133,-1.97237
261.182,-1.97255
261.227,-1.97274
261.279,-1.97292
261.328,-1.9731
261.378,-1.97327
261.43,-1.97344
261.479,-1.97359
261.53,-1.97374
261.579,-1.97388
261.628,-1.97402
261.678,-1.97416
261.728,-1.97429
261.777,-1.97442
261.83,-1.97455
261.877,-1.97467
261.93,-1.9748
261.981,-1.97494
262.031,-1.97507
262.082,-1.97521
262.128,-1.97536
262.178,-1.97551
262.228,-1.97567
262.278,-1.97582
262.329,-1.97598
262.379,-1.97614
262.429,-1.9763
262.477,-1.97646
262.526,-1.97663
262.58,-1.9768
262.629,-1.97699
262.678,-1.97718
262.727,-1.97739
262.778,-1.9776
262.829,-1.97783
262.877,-1.97806
262.928,-1.9783
262.977,-1.97855
263.029,-1.97879
263.077,-1.97903
263.129,-1.97927
263.18,-1.97949
263.228,-1.9797
263.278,-1.97989
263.33,-1.98006
263.378,-1.98021
263.43,-1.98033
263.477,-1.98044
263.528,-1.98054
263.574,-1.98063
263.627,-1.98072
263.678,-1.98083
263.728,-1.98095
263.778,-1.98109
263.831,-1.98125
263.878,-1.98142
263.926,-1.98162
263.977,-1.98182
264.028,-1.98203
264.078,-1.98225
264.127,-1.98247
264.176,-1.98269
264.229,-1.98291
264.278,-1.98311
264.325,-1.9833
264.378,-1.98348
264.425,-1.98365
264.477,-1.98382
264.526,-1.98399
264.578,-1.98415
264.627,-1.98432
264.673,-1.98449
264.727,-1.98467
264.777,-1.98484
264.827,-1.98501
264.874,-1.98519
264.923,-1.98536
264.977,-1.98552
265.029,-1.98567
265.078,-1.98583
265.125,-1.98597
265.173,-1.98612
265.224,-1.98625
265.274,-1.98639
265.325,-1.98652
265.377,-1.98665
265.424,-1.98679
265.476,-1.98694
265.522,-1.9871
265.577,-1.98727
265.626,-1.98745
265.677,-1.98764
265.727,-1.98783
265.775,-1.98803
265.824,-1.98822
265.875,-1.98841
265.925,-1.98859
265.974,-1.98876
266.024,-1.98892
266.071,-1.98907
266.122,-1.98922
266.177,-1.98936
266.225,-1.9895
266.275,-1.98965
266.326,-1.9898
266.374,-1.98997
266.423,-1.99015
266.473,-1.99034
266.525,-1.99054
266.574,-1.99074
266.624,-1.99094
266.676,-1.99114
266.727,-1.99134
266.777,-1.99154
266.821,-1.99173
266.873,-1.99193
266.923,-1.99213
266.974,-1.99234
267.025,-1.99255
267.071,-1.99277
267.124,-1.99299
267.174,-1.99322
267.225,-1.99345
267.277,-1.99368
267.324,-1.99391
267.375,-1.99413
267.425,-1.99434
267.474,-1.99454
267.52,-1.99474
267.574,-1.99492
267.627,-1.99511
267.67,-1.99528
267.723,-1.99544
267.773,-1.99559
267.824,-1.99574
267.874,-1.99588
267.92,-1.99602
267.972,-1.99616
268.02,-1.9963
268.074,-1.99645
268.123,-1.99661
268.174,-1.99677
268.225,-1.99694
268.27,-1.99712
268.324,-1.99732
268.376,-1.99752
268.427,-1.99774
268.472,-1.99796
268.522,-1.99819
268.573,-1.99842
268.621,-1.99865
268.675,-1.99888
268.721,-1.99909
268.773,-1.99931
268.823,-1.99951
268.872,-1.99971
268.924,-1.9999
268.97,-2.00008
269.022,-2.00026
269.073,-2.00043
269.123,-2.00061
269.173,-2.00078
269.224,-2.00096
269.272,-2.00113
269.323,-2.00132
269.373,-2.0015
269.423,-2.00168
269.471,-2.00186
269.525,-2.00205
269.571,-2.00225
269.624,-2.00244
269.673,-2.00263
269.721,-2.00282
269.774,-2.00301
269.82,-2.00319
269.872,-2.00337
269.923,-2.00354
269.97,-2.00372
270.022,-2.00389
270.073,-2.00407
270.123,-2.00425
270.167,-2.00444
270.22,-2.00463
270.27,-2.00482
270.319,-2.00502
270.371,-2.00521
270.417,-2.00539
270.469,-2.00557
270.519,-2.00575
270.568,-2.00593
270.621,-2.0061
270.669,-2.00627
270.72,-2.00644
270.77,-2.00662
270.822,-2.0068
270.869,-2.00699
270.918,-2.00718
270.972,-2.00737
271.017,-2.00757
271.069,-2.00776
271.121,-2.00795
271.171,-2.00814
271.221,-2.00834
271.271,-2.00852
271.323,-2.00871
271.372,-2.0089
271.42,-2.00909
271.472,-2.00929
271.524,-2.00948
271.569,-2.00968
271.622,-2.00988
271.672,-2.01008
271.718,-2.01028
271.769,-2.01047
271.818,-2.01066
271.871,-2.01085
271.92,-2.01102
271.971,-2.01118
272.02,-2.01133
272.07,-2.01147
272.12,-2.01161
272.172,-2.01175
272.221,-2.01188
272.273,-2.01201
272.315,-2.01214
272.367,-2.01228
272.421,-2.01241
272.468,-2.01254
272.519,-2.01267
272.568,-2.0128
272.62,-2.01294
272.668,-2.01309
272.719,-2.01324
272.771,-2.0134
272.819,-2.01356
272.868,-2.01372
272.918,-2.01389
272.966,-2.01406
273.018,-2.01423
273.07,-2.01441
273.119,-2.01459
273.167,-2.01476
273.216,-2.01493
273.268,-2.0151
273.317,-2.01527
273.368,-2.01544
273.415,-2.01561
273.467,-2.01577
273.516,-2.01593
273.567,-2.01609
273.618,-2.01625
273.666,-2.01641
273.718,-2.01657
273.765,-2.01672
273.817,-2.01688
273.867,-2.01705
273.917,-2.01721
273.969,-2.01738
274.017,-2.01755
274.069,-2.01772
274.114,-2.01788
274.166,-2.01804
274.216,-2.01821
274.264,-2.01837
274.316,-2.01854
274.368,-2.0187
274.417,-2.01887
274.467,-2.01903
274.515,-2.01919
274.563,-2.01936
274.613,-2.01953
274.666,-2.01971
274.715,-2.01989
274.764,-2.02008
274.819,-2.02028
274.864,-2.02048
274.918,-2.02068
274.967,-2.02088
275.016,-2.02107
275.065,-2.02126
275.117,-2.02144
275.165,-2.02162
275.213,-2.0218
275.268,-2.02198
275.311,-2.02216
275.364,-2.02235
275.414,-2.02254
275.464,-2.02273
275.517,-2.02292
275.565,-2.02311
275.613,-2.02331
275.663,-2.0235
275.715,-2.0237
275.766,-2.0239
275.814,-2.02409
275.862,-2.02429
275.915,-2.02448
275.964,-2.02468
276.015,-2.02487
276.064,-2.02506
276.117,-2.02524
276.164,-2.02542
276.215,-2.0256
276.262,-2.02578
276.316,-2.02596
276.366,-2.02614
276.414,-2.02631
276.46,-2.02649
276.513,-2.02666
276.563,-2.02683
276.612,-2.027
276.663,-2.02718
276.715,-2.02735
276.764,-2.02753
276.814,-2.02772
276.865,-2.02792
276.912,-2.02811
276.964,-2.02831
277.014,-2.0285
277.065,-2.02869
277.113,-2.02888
277.163,-2.02906
277.214,-2.02925
277.262,-2.02943
277.314,-2.02962
277.362,-2.02981
277.414,-2.03
277.466,-2.0302
277.515,-2.03039
277.561,-2.03058
277.612,-2.03076
277.665,-2.03094
277.712,-2.0311
277.764,-2.03127
277.816,-2.03144
277.863,-2.03161
277.912,-2.03179
277.962,-2.03197
278.013,-2.03217
278.062,-2.03237
278.111,-2.03258
278.163,-2.0328
278.21,-2.03303
278.263,-2.03326
278.313,-2.03349
278.362,-2.03372
278.411,-2.03394
278.459,-2.03417
278.512,-2.03439
278.56,-2.0346
278.61,-2.03482
278.661,-2.03502
278.712,-2.03521
278.762,-2.0354
278.809,-2.03557
278.865,-2.03573
278.911,-2.03588
278.964,-2.03602
279.013,-2.03616
279.061,-2.03629
279.112,-2.03643
279.161,-2.03657
279.211,-2.03671
279.261,-2.03685
279.313,-2.037
279.365,-2.03716
279.411,-2.03733
279.462,-2.03751
279.507,-2.03771
279.56,-2.03791
279.61,-2.03811
279.664,-2.03831
279.711,-2.0385
279.76,-2.03869
279.811,-2.03888
279.859,-2.03906
279.912,-2.03923
279.964,-2.03941
280.008,-2.03959
280.058,-2.03977
280.109,-2.03996
280.161,-2.04014
280.211,-2.04032
280.258,-2.0405
280.307,-2.04068
280.359,-2.04086
280.412,-2.04103
280.46,-2.04119
280.507,-2.04135
280.56,-2.04148
280.607,-2.04161
280.66,-2.04173
280.709,-2.04184
280.761,-2.04195
280.81,-2.04206
280.861,-2.04218
280.911,-2.04231
280.959,-2.04245
281.012,-2.0426
281.06,-2.04277
281.109,-2.04295
281.16,-2.04314
281.211,-2.04333
281.259,-2.04352
281.311,-2.04372
281.361,-2.04392
281.409,-2.04412
281.459,-2.04432
281.512,-2.04451
281.56,-2.0447
281.61,-2.04488
281.661,-2.04505
281.71,-2.04521
281.762,-2.04536
281.81,-2.04552
281.857,-2.04567
281.907,-2.04582
281.959,-2.04598
282.007,-2.04615
282.059,-2.04631
282.112,-2.04649
282.159,-2.04667
282.209,-2.04686
282.261,-2.04705
282.31,-2.04725
282.361,-2.04744
282.409,-2.04764
282.46,-2.04784
282.509,-2.04804
282.559,-2.04824
282.611,-2.04845
282.656,-2.04866
282.708,-2.04888
282.757,-2.04909
282.808,-2.04929
282.858,-2.04949
282.909,-2.04967
282.959,-2.04985
283.007,-2.05002
283.057,-2.05017
283.106,-2.05032
283.159,-2.05046
283.209,-2.05059
283.258,-2.05073
283.309,-2.05086
283.358,-2.051
283.406,-2.05115
283.459,-2.0513
283.506,-2.05146
283.555,-2.05162
283.603,-2.05179
283.658,-2.05196
283.706,-2.05216
283.758,-2.05236
283.806,-2.05259
283.853,-2.05282
283.905,-2.05307
283.955,-2.05332
284.008,-2.05358
284.056,-2.05384
284.108,-2.05411
284.157,-2.05437
284.205,-2.05462
284.255,-2.05487
284.306,-2.0551
284.356,-2.05532
284.406,-2.05552
284.456,-2.0557
284.505,-2.05588
284.555,-2.05605
284.608,-2.05622
284.654,-2.0564
284.702,-2.05658
284.758,-2.05677
284.807,-2.05696
284.858,-2.05717
284.905,-2.05737
284.957,-2.05758
285.004,-2.05778
285.057,-2.05798
285.108,-2.05817
285.154,-2.05835
285.206,-2.05852
285.255,-2.05869
285.305,-2.05885
285.358,-2.05901
285.406,-2.05917
285.456,-2.05935
285.504,-2.05954
285.556,-2.05974
285.605,-2.05995
285.658,-2.06017
285.703,-2.06038
285.752,-2.0606
285.803,-2.06081
285.853,-2.06102
285.906,-2.06122
285.956,-2.06142
286.004,-2.06161
286.055,-2.0618
286.104,-2.062
286.154,-2.06219
286.202,-2.06238
286.255,-2.06256
286.306,-2.06275
286.353,-2.06294
286.405,-2.06312
286.452,-2.06331
286.505,-2.0635
286.553,-2.06369
286.601,-2.06389
286.653,-2.06409
286.704,-2.06429
286.754,-2.06449
286.805,-2.06469
286.855,-2.0649
286.902,-2.06511
286.951,-2.06531
287.007,-2.06552
287.051,-2.06572
287.103,-2.06591
287.156,-2.06611
287.203,-2.0663
287.254,-2.06648
287.303,-2.06668
287.353,-2.06687
287.404,-2.06707
287.453,-2.06727
287.505,-2.06747
287.553,-2.06767
287.606,-2.06788
287.651,-2.06808
287.705,-2.06827
287.753,-2.06846
287.802,-2.06865
287.851,-2.06884
287.903,-2.06903
287.951,-2.06921
288.002,-2.0694
288.052,-2.06959
288.106,-2.06979
288.155,-2.06998
288.206,-2.07017
288.252,-2.07036
288.303,-2.07054
288.352,-2.07073
288.407,-2.07091
288.453,-2.07109
288.503,-2.07128
288.553,-2.07147
288.601,-2.07167
288.654,-2.07186
288.701,-2.07204
288.753,-2.07222
288.802,-2.07239
288.854,-2.07256
288.904,-2.07272
288.954,-2.07289
289.002,-2.07304
289.055,-2.07319
289.104,-2.07334
289.153,-2.0735
289.201,-2.07366
289.253,-2.07382
289.301,-2.074
289.351,-2.07418
289.403,-2.07436
289.452,-2.07456
289.502,-2.07475
289.551,-2.07494
289.6,-2.07512
289.651,-2.07529
289.701,-2.07547
289.752,-2.07564
289.803,-2.07581
289.85,-2.07597
289.899,-2.07615
289.947,-2.07632
289.999,-2.0765
290.051,-2.07668
290.102,-2.07686
290.149,-2.07704
290.201,-2.07721
290.254,-2.07738
290.301,-2.07756
290.35,-2.07772
290.401,-2.07788
290.452,-2.07804
290.498,-2.07819
290.549,-2.07834
290.604,-2.0785
290.651,-2.07866
290.701,-2.07884
290.747,-2.07903
290.8,-2.07923
290.85,-2.07945
290.9,-2.07967
290.949,-2.0799
291.001,-2.08014
291.051,-2.08038
291.1,-2.08061
291.15,-2.08083
291.199,-2.08105
291.248,-2.08126
291.3,-2.08147
291.351,-2.08165
291.397,-2.08183
291.452,-2.082
291.498,-2.08215
291.547,-2.0823
291.596,-2.08244
291.649,-2.08257
291.702,-2.08271
291.748,-2.08284
291.8,-2.08297
291.847,-2.08311
291.899,-2.08325
291.948,-2.0834
291.999,-2.08355
292.049,-2.08372
292.097,-2.08389
292.146,-2.08406
292.201,-2.08425
292.252,-2.08443
292.297,-2.08462
292.347,-2.08481
292.399,-2.085
292.449,-2.08519
292.5,-2.08538
292.549,-2.08558
292.6,-2.08578
292.646,-2.08598
292.697,-2.08619
292.751,-2.0864
292.801,-2.0866
292.847,-2.08681
292.9,-2.08702
292.947,-2.08722
292.999,-2.08742
293.05,-2.08761
293.097,-2.0878
293.149,-2.08799
293.198,-2.08818
293.247,-2.08837
293.298,-2.08855
293.348,-2.08874
293.399,-2.08893
293.446,-2.08912
293.497,-2.08931
293.547,-2.08951
293.599,-2.0897
293.644,-2.0899
293.698,-2.09011
293.746,-2.09031
293.795,-2.09052
293.849,-2.09072
293.897,-2.09093
293.947,-2.09114
293.996,-2.09135
294.047,-2.09155
294.096,-2.09175
294.146,-2.09194
294.197,-2.09213
294.246,-2.09231
294.296,-2.09249
294.348,-2.09267
294.396,-2.09285
294.448,-2.09303
294.496,-2.09322
294.544,-2.09341
294.597,-2.09361
294.648,-2.09381
294.696,-2.09402
294.746,-2.09422
294.797,-2.09443
294.846,-2.09464
294.894,-2.09485
294.946,-2.09505
294.997,-2.09526
295.045,-2.09547
295.095,-2.09567
295.146,-2.09588
295.194,-2.09609
295.245,-2.09629
295.295,-2.0965
295.346,-2.09672
295.394,-2.09693
295.442,-2.09715
295.496,-2.09737
295.545,-2.09759
295.597,-2.09781
295.644,-2.09801
295.696,-2.09821
295.746,-2.0984
295.794,-2.09857
295.844,-2.09874
295.896,-2.0989
295.945,-2.09904
295.996,-2.09919
296.044,-2.09933
296.097,-2.09948
296.143,-2.09963
296.194,-2.09979
296.244,-2.09995
296.294,-2.10012
296.345,-2.10029
296.395,-2.10046
296.446,-2.10064
296.492,-2.10082
296.546,-2.10101
296.595,-2.1012
296.643,-2.10141
296.697,-2.10162
296.746,-2.10183
296.793,-2.10206
296.842,-2.10229
296.894,-2.10253
296.947,-2.10277
296.993,-2.10301
297.043,-2.10325
297.092,-2.10349
297.142,-2.10373
297.193,-2.10395
297.244,-2.10417
297.295,-2.10437
297.342,-2.10457
297.395,-2.10475
297.444,-2.10492
297.495,-2.10509
297.546,-2.10524
297.594,-2.1054
297.643,-2.10555
297.695,-2.10571
297.743,-2.10587
297.793,-2.10603
297.842,-2.10619
297.893,-2.10636
297.943,-2.10654
297.994,-2.10672
298.044,-2.1069
298.093,-2.10709
298.145,-2.10728
298.192,-2.10747
298.245,-2.10765
298.293,-2.10783
298.344,-2.108
298.392,-2.10815
298.441,-2.1083
298.49,-2.10844
298.541,-2.10857
298.593,-2.1087
298.64,-2.10883
298.691,-2.10896
298.741,-2.1091
298.792,-2.10924
298.842,-2.1094
298.892,-2.10956
298.943,-2.10973
298.992,-2.10991
299.037,-2.1101
299.093,-2.11029
299.141,-2.11048
299.195,-2.11066
299.242,-2.11085
299.289,-2.11104
299.341,-2.11123
299.391,-2.11142
299.442,-2.11162
299.49,-2.11183
299.54,-2.11204
299.592,-2.11225
299.642,-2.11245
299.691,-2.11266
299.742,-2.11285
299.79,-2.11304
299.838,-2.11323
299.892,-2.11341
299.944,-2.11359
299.988,-2.11378
300.041,-2.11396
300.091,-2.11416
300.141,-2.11436
300.193,-2.11457
300.243,-2.11478
300.294,-2.11499
300.337,-2.11521
300.391,-2.11542
300.441,-2.11564
300.489,-2.11585
300.542,-2.11606
300.59,-2.11627
300.641,-2.11648
300.692,-2.11668
300.741,-2.11688
300.792,-2.11708
300.84,-2.11728
300.891,-2.11747
300.941,-2.11767
300.992,-2.11786
301.043,-2.11804
301.092,-2.11823
301.139,-2.11841
301.187,-2.1186
301.241,-2.11879
301.291,-2.11899
301.338,-2.11919
301.389,-2.11939
301.437,-2.1196
301.491,-2.11981
301.541,-2.12002
301.59,-2.12022
301.639,-2.12042
301.687,-2.12061
301.739,-2.12079
301.79,-2.12097
301.839,-2.12114
301.891,-2.1213
301.938,-2.12146
301.99,-2.12161
302.038,-2.12176
302.089,-2.12191
302.137,-2.12207
302.189,-2.12223
302.238,-2.12239
302.286,-2.12257
302.341,-2.12275
302.392,-2.12294
302.44,-2.12313
302.488,-2.12333
302.54,-2.12354
302.59,-2.12375
302.636,-2.12396
302.689,-2.12417
302.738,-2.12439
302.791,-2.1246
302.837,-2.12482
302.887,-2.12503
302.94,-2.12523
302.989,-2.12543
303.038,-2.12563
303.087,-2.12583
303.137,-2.12604
303.187,-2.12625
303.237,-2.12648
303.288,-2.12672
303.337,-2.12696
303.389,-2.12721
303.438,-2.12747
303.489,-2.12772
303.539,-2.12798
303.587,-2.12822
303.639,-2.12846
303.687,-2.1287
303.739,-2.12892
303.79,-2.12914
303.837,-2.12935
303.891,-2.12956
303.935,-2.12977
303.991,-2.12997
304.039,-2.13018
304.087,-2.13039
304.138,-2.1306
304.186,-2.13081
304.238,-2.13101
304.287,-2.13122
304.339,-2.13142
304.386,-2.13162
304.437,-2.13183
304.488,-2.13203
304.537,-2.13224
304.585,-2.13245
304.639,-2.13267
304.685,-2.13288
304.737,-2.1331
304.789,-2.13332
304.84,-2.13354
304.887,-2.13376
304.939,-2.13398
304.99,-2.1342
305.034,-2.13442
305.087,-2.13462
305.137,-2.13483
305.188,-2.13503
305.236,-2.13522
305.285,-2.13541
305.335,-2.1356
305.387,-2.13579
305.435,-2.13599
305.487,-2.13619
305.537,-2.13639
305.583,-2.1366
305.639,-2.13682
305.689,-2.13703
305.736,-2.13724
305.787,-2.13746
305.837,-2.13767
305.886,-2.13789
305.936,-2.13811
305.986,-2.13833
306.037,-2.13854
306.084,-2.13876
306.136,-2.13899
306.186,-2.13921
306.234,-2.13945
306.285,-2.13968
306.336,-2.13992
306.385,-2.14016
306.437,-2.1404
306.485,-2.14063
306.537,-2.14085
306.584,-2.14107
306.635,-2.14129
306.683,-2.14151
306.734,-2.14173
306.787,-2.14196
306.836,-2.14219
306.885,-2.14242
306.931,-2.14265
306.985,-2.14288
307.036,-2.14311
307.086,-2.14334
307.137,-2.14356
307.185,-2.14379
307.235,-2.14402
307.283,-2.14425
307.336,-2.14448
307.386,-2.1447
307.435,-2.14492
307.484,-2.14514
307.532,-2.14535
307.587,-2.14554
307.634,-2.14573
307.683,-2.14591
307.735,-2.1461
307.784,-2.14629
307.836,-2.14648
307.885,-2.14668
307.935,-2.14689
307.986,-2.1471
308.031,-2.14732
308.081,-2.14754
308.132,-2.14776
308.186,-2.14799
308.235,-2.14821
308.283,-2.14843
308.334,-2.14866
308.384,-2.14888
308.434,-2.1491
308.483,-2.14931
308.533,-2.14953
308.581,-2.14974
308.634,-2.14994
308.683,-2.15014
308.733,-2.15032
308.784,-2.15049
308.832,-2.15065
308.882,-2.15081
308.933,-2.15096
308.982,-2.15111
309.034,-2.15126
309.083,-2.15142
309.134,-2.15159
309.179,-2.15176
309.231,-2.15195
309.285,-2.15214
309.333,-2.15233
309.383,-2.15253
309.431,-2.15272
309.484,-2.15291
309.532,-2.15309
309.583,-2.15327
309.635,-2.15344
309.682,-2.1536
309.731,-2.15377
309.78,-2.15393
309.834,-2.15409
309.885,-2.15425
309.932,-2.15441
309.983,-2.15458
310.031,-2.15476
310.082,-2.15496
310.135,-2.15518
310.18,-2.15541
310.234,-2.15566
310.281,-2.15592
310.333,-2.15619
310.382,-2.15645
310.431,-2.15672
310.484,-2.15698
310.532,-2.15723
310.583,-2.15748
310.632,-2.15771
310.682,-2.15793
310.731,-2.15814
310.781,-2.15834
310.831,-2.15853
310.88,-2.15872
310.932,-2.15891
310.982,-2.15911
311.031,-2.15931
311.08,-2.15951
311.132,-2.15971
311.184,-2.15993
311.235,-2.16015
311.282,-2.16037
311.33,-2.16061
311.381,-2.16086
311.43,-2.16112
311.481,-2.16138
311.532,-2.16166
311.581,-2.16193
311.628,-2.1622
311.68,-2.16246
311.731,-2.16271
311.783,-2.16295
311.832,-2.16318
311.883,-2.1634
311.931,-2.16361
311.981,-2.16382
312.029,-2.16403
312.081,-2.16424
312.132,-2.16446
312.183,-2.16468
312.23,-2.16489
312.282,-2.16511
312.331,-2.16534
312.38,-2.16557
312.431,-2.1658
312.483,-2.16604
312.53,-2.16629
312.579,-2.16654
312.63,-2.16679
312.676,-2.16704
312.733,-2.16729
312.78,-2.16753
312.829,-2.16776
312.881,-2.16799
312.929,-2.16821
312.98,-2.16843
313.028,-2.16865
313.081,-2.16887
313.131,-2.16909
313.18,-2.16931
313.23,-2.16953
313.277,-2.16976
313.328,-2.16999
313.379,-2.17022
313.431,-2.17046
313.48,-2.1707
313.529,-2.17094
313.579,-2.17119
313.629,-2.17145
313.68,-2.1717
313.728,-2.17197
313.777,-2.17223
313.829,-2.1725
313.877,-2.17277
313.929,-2.17304
313.978,-2.17331
314.031,-2.17358
314.079,-2.17384
314.126,-2.1741
314.178,-2.17435
314.226,-2.1746
314.279,-2.17484
314.326,-2.17509
314.375,-2.17533
314.427,-2.17558
314.474,-2.17584
314.531,-2.1761
314.577,-2.17638
314.625,-2.17666
314.677,-2.17695
314.728,-2.17724
314.78,-2.17754
314.829,-2.17785
314.88,-2.17815
314.929,-2.17844
314.976,-2.17872
315.029,-2.179
315.077,-2.17926
315.126,-2.1795
315.177,-2.17974
315.228,-2.17997
315.281,-2.1802
315.327,-2.18043
315.375,-2.18066
315.428,-2.1809
315.477,-2.18115
315.525,-2.18142
315.575,-2.18169
315.627,-2.18197
315.677,-2.18227
315.728,-2.18257
315.777,-2.18288
315.828,-2.1832
315.879,-2.18351
315.925,-2.18381
315.977,-2.18411
316.026,-2.18441
316.078,-2.1847
316.127,-2.18498
316.177,-2.18526
316.225,-2.18554
316.275,-2.18581
316.325,-2.18607
316.377,-2.18633
316.428,-2.18658
316.477,-2.18683
316.525,-2.18708
316.576,-2.18732
316.626,-2.18756
316.675,-2.18781
316.728,-2.18806
316.775,-2.18832
316.827,-2.18859
316.877,-2.18886
316.926,-2.18913
316.975,-2.18941
317.023,-2.1897
317.077,-2.18998
317.126,-2.19027
317.175,-2.19056
317.225,-2.19086
317.276,-2.19115
317.325,-2.19145
317.377,-2.19175
317.425,-2.19205
317.474,-2.19236
317.528,-2.19267
317.575,-2.19298
317.625,-2.1933
317.678,-2.19362
317.725,-2.19394
317.776,-2.19428
317.827,-2.19462
317.877,-2.19497
317.923,-2.19533
317.974,-2.19569
318.028,-2.19606
318.075,-2.19642
318.126,-2.19678
318.171,-2.19714
318.222,-2.19748
318.274,-2.19782
318.322,-2.19815
318.374,-2.19847
318.425,-2.19879
318.473,-2.1991
318.525,-2.19943
318.574,-2.19976
318.625,-2.20011
318.675,-2.20046
318.727,-2.20082
318.775,-2.20119
318.821,-2.20155
318.873,-2.20192
318.923,-2.20229
318.973,-2.20265
319.023,-2.20301
319.074,-2.20336
319.125,-2.2037
319.172,-2.20402
319.227,-2.20433
319.274,-2.20463
319.322,-2.20491
319.375,-2.20519
319.422,-2.20547
319.473,-2.20574
319.522,-2.20602
319.575,-2.20631
319.621,-2.20659
319.673,-2.20688
319.722,-2.20716
319.772,-2.20744
319.821,-2.20771
319.872,-2.20797
319.923,-2.20824
319.971,-2.2085
320.021,-2.20876
320.073,-2.20903
320.121,-2.2093
320.169,-2.20958
320.223,-2.20986
320.275,-2.21014
320.323,-2.21042
320.374,-2.21069
320.42,-2.21096
320.47,-2.21122
320.524,-2.21148
320.572,-2.21173
320.622,-2.21197
320.673,-2.2122
320.722,-2.21243
320.773,-2.21266
320.819,-2.21288
320.872,-2.2131
320.921,-2.21332
320.972,-2.21355
321.023,-2.21378
321.073,-2.21401
321.122,-2.21424
321.172,-2.21448
321.222,-2.21472
321.271,-2.21497
321.322,-2.21521
321.373,-2.21547
321.421,-2.21572
321.469,-2.21598
321.52,-2.21624
321.573,-2.21649
321.623,-2.21675
321.673,-2.21699
321.721,-2.21724
321.772,-2.21747
321.82,-2.21771
321.872,-2.21794
321.918,-2.21816
321.971,-2.21838
322.022,-2.21859
322.071,-2.2188
322.12,-2.21901
322.171,-2.21922
322.219,-2.21942
322.27,-2.21963
322.322,-2.21982
322.373,-2.22001
322.42,-2.22019
322.47,-2.22037
322.52,-2.22054
322.571,-2.22071
322.62,-2.22086
322.669,-2.221
322.72,-2.22112
322.769,-2.22123
322.823,-2.22132
322.867,-2.22141
322.921,-2.22148
322.972,-2.22155
323.019,-2.22162
323.071,-2.2217
323.118,-2.22178
323.168,-2.22187
323.221,-2.22197
323.272,-2.2221
323.322,-2.22223
323.37,-2.22238
323.419,-2.22253
323.47,-2.22269
323.521,-2.22285
323.569,-2.22301
323.62,-2.22317
323.668,-2.22333
323.717,-2.22348
323.768,-2.22363
323.82,-2.22379
323.868,-2.22394
323.919,-2.22408
323.97,-2.22423
324.021,-2.22438
324.07,-2.22452
324.121,-2.22468
324.169,-2.22483
324.217,-2.22499
324.268,-2.22516
324.319,-2.22532
324.37,-2.22548
324.418,-2.22563
324.469,-2.22579
324.515,-2.22593
324.566,-2.22608
324.621,-2.22623
324.668,-2.22637
324.718,-2.22653
324.767,-2.2267
324.818,-2.22687
324.868,-2.22706
324.918,-2.22724
324.971,-2.22741
325.02,-2.22758
325.066,-2.22773
325.12,-2.22788
325.171,-2.22801
325.221,-2.22813
325.266,-2.22825
325.32,-2.22837
325.37,-2.2285
325.42,-2.22863
325.469,-2.22877
325.517,-2.22892
325.568,-2.22908
325.615,-2.22925
325.668,-2.22942
325.718,-2.22961
325.767,-2.2298
325.818,-2.22999
325.865,-2.23018
325.916,-2.23036
325.968,-2.23053
326.018,-2.23069
326.068,-2.23083
326.117,-2.23095
326.167,-2.23106
326.216,-2.23116
326.267,-2.23125
326.317,-2.23133
326.366,-2.23141
326.416,-2.23149
326.464,-2.23158
326.519,-2.23168
326.567,-2.2318
326.615,-2.23192
326.666,-2.23207
326.715,-2.23222
326.766,-2.23238
326.816,-2.23255
326.868,-2.23273
326.916,-2.23291
326.964,-2.23311
327.018,-2.2333
327.065,-2.2335
327.118,-2.2337
327.165,-2.2339
327.215,-2.2341
327.266,-2.23429
327.314,-2.23448
327.367,-2.23466
327.414,-2.23484
327.464,-2.23499
327.515,-2.23514
327.565,-2.23529
327.615,-2.23544
327.664,-2.23559
327.715,-2.23574
327.764,-2.2359
327.813,-2.23606
327.863,-2.23623
327.914,-2.23642
327.966,-2.2366
328.016,-2.2368
328.064,-2.237
328.116,-2.2372
328.167,-2.2374
328.218,-2.2376
328.266,-2.23779
328.316,-2.23798
328.365,-2.23815
328.413,-2.23832
328.463,-2.23847
328.514,-2.23862
328.564,-2.23876
328.615,-2.2389
328.664,-2.23903
328.715,-2.23916
328.763,-2.23929
328.816,-2.23942
328.863,-2.23955
328.915,-2.23969
328.963,-2.23983
329.013,-2.23999
329.064,-2.24015
329.115,-2.24032
329.164,-2.24049
329.213,-2.24067
329.263,-2.24086
329.313,-2.24104
329.362,-2.24123
329.414,-2.24142
329.461,-2.24162
329.515,-2.24181
329.565,-2.242
329.612,-2.24219
329.666,-2.24236
329.713,-2.24253
329.765,-2.24269
329.813,-2.24283
329.866,-2.24298
329.913,-2.24312
329.959,-2.24326
330.014,-2.24341
330.061,-2.24357
330.113,-2.24375
330.162,-2.24394
330.21,-2.24415
330.264,-2.24437
330.312,-2.2446
330.363,-2.24482
330.414,-2.24505
330.465,-2.24527
330.511,-2.24547
330.563,-2.24567
330.615,-2.24586
330.664,-2.24603
330.715,-2.24619
330.765,-2.24635
330.812,-2.24651
330.861,-2.24667
330.913,-2.24684
330.964,-2.24702
331.012,-2.24722
331.063,-2.24743
331.112,-2.24765
331.161,-2.24788
331.213,-2.24811
331.261,-2.24835
331.312,-2.2486
331.358,-2.24885
331.411,-2.2491
331.464,-2.24934
331.513,-2.24958
331.563,-2.24981
331.612,-2.25003
331.663,-2.25023
331.714,-2.25042
331.763,-2.2506
331.811,-2.25078
331.86,-2.25094
331.913,-2.25109
331.963,-2.25124
332.012,-2.25139
332.063,-2.25153
332.111,-2.25168
332.159,-2.25184
332.21,-2.25199
332.26,-2.25216
332.309,-2.25233
332.359,-2.25251
332.412,-2.25271
332.458,-2.25291
332.507,-2.25313
332.561,-2.25335
332.607,-2.25359
332.66,-2.25382
332.71,-2.25406
332.76,-2.25429
332.81,-2.25451
332.857,-2.25473
332.909,-2.25494
332.958,-2.25513
333.008,-2.25532
333.058,-2.2555
333.112,-2.25568
333.161,-2.25584
333.21,-2.256
333.26,-2.25616
333.307,-2.25632
333.362,-2.25647
333.41,-2.25662
333.458,-2.25677
333.511,-2.25692
333.557,-2.25708
333.609,-2.25724
333.659,-2.2574
333.709,-2.25758
333.757,-2.25776
333.807,-2.25796
333.86,-2.25815
333.911,-2.25836
333.962,-2.25856
334.009,-2.25875
334.056,-2.25894
334.108,-2.25912
334.159,-2.2593
334.207,-2.25947
334.257,-2.25963
334.31,-2.25978
334.359,-2.25992
334.41,-2.26006
334.459,-2.2602
334.509,-2.26035
334.559,-2.2605
334.61,-2.26067
334.66,-2.26085
334.709,-2.26106
334.759,-2.26129
334.811,-2.26153
334.858,-2.26178
334.908,-2.26204
334.96,-2.26229
335.007,-2.26253
335.059,-2.26276
335.11,-2.26296
335.158,-2.26314
335.208,-2.2633
335.256,-2.26344
335.308,-2.26356
335.359,-2.26367
335.405,-2.26378
335.458,-2.26388
335.508,-2.26398
335.557,-2.26409
335.609,-2.2642
335.657,-2.26433
335.706,-2.26446
335.758,-2.26461
335.808,-2.26478
335.858,-2.26495
335.907,-2.26513
335.957,-2.26532
336.007,-2.26552
336.054,-2.26572
336.107,-2.26593
336.156,-2.26613
336.206,-2.26633
336.257,-2.26652
336.309,-2.2667
336.359,-2.26687
336.406,-2.26703
336.458,-2.26719
336.506,-2.26735
336.559,-2.26751
336.607,-2.26766
336.657,-2.26782
336.709,-2.26798
336.758,-2.26814
336.806,-2.26831
336.858,-2.26848
336.905,-2.26865
336.955,-2.26882
337.008,-2.26899
337.055,-2.26916
337.107,-2.26934
337.154,-2.26951
337.205,-2.26969
337.256,-2.26987
337.305,-2.27005
337.354,-2.27023
337.406,-2.27041
337.455,-2.27058
337.505,-2.27076
337.557,-2.27092
337.607,-2.27108
337.654,-2.27124
337.708,-2.27141
337.756,-2.27158
337.805,-2.27176
337.857,-2.27195
337.905,-2.27215
337.957,-2.27237
338.008,-2.2726
338.056,-2.27284
338.106,-2.27309
338.155,-2.27335
338.205,-2.2736
338.253,-2.27386
338.305,-2.27412
338.354,-2.27438
338.404,-2.27462
338.457,-2.27485
338.505,-2.27506
338.558,-2.27525
338.605,-2.27542
338.658,-2.27557
338.706,-2.2757
338.756,-2.27583
338.808,-2.27594
338.854,-2.27605
338.908,-2.27617
338.951,-2.2763
339.004,-2.27645
339.054,-2.27661
339.103,-2.2768
339.156,-2.27701
339.205,-2.27723
339.255,-2.27746
339.304,-2.27768
339.355,-2.27784
339.405,-2.27789
339.454,-2.27802
339.501,-2.2782
339.552,-2.27838
339.604,-2.27853
339.656,-2.27867
339.705,-2.27885
339.754,-2.27901
339.804,-2.27919
339.854,-2.27948
339.902,-2.27979
339.955,-2.28011
340.006,-2.28042
340.053,-2.28069
340.105,-2.28087
340.154,-2.28097
340.204,-2.28105
340.257,-2.2811
340.303,-2.28153
340.356,-2.28248
340.404,-2.28312
340.453,-2.28366
340.502,-2.28428
340.555,-2.28501
340.601,-2.28541
340.653,-2.28564
340.705,-2.28526
340.753,-2.28478
340.802,-2.28405
340.853,-2.28369
340.901,-2.28359
340.955,-2.2836
341.002,-2.28353
341.054,-2.28309
341.102,-2.28224
341.151,-2.2816
341.201,-2.28141
341.252,-2.28151
341.304,-2.28185
341.352,-2.28267
341.403,-2.28399
341.453,-2.28491
341.5,-2.28551
341.552,-2.2859
341.602,-2.28632
341.65,-2.2871
341.702,-2.28831
341.751,-2.28934
341.804,-2.29014
341.851,-2.29075
341.902,-2.2905
341.951,-2.28997
342.001,-2.28946
342.051,-2.28936
342.102,-2.28944
342.155,-2.28959
342.201,-2.2897
342.248,-2.28972
342.303,-2.28968
342.35,-2.28965
342.403,-2.28973
342.45,-2.28975
342.499,-2.28982
342.55,-2.28976
342.598,-2.2897
342.652,-2.28982
342.703,-2.29005
342.752,-2.29032
342.8,-2.29057
342.85,-2.29075
342.899,-2.29082
342.949,-2.29082
343.001,-2.29084
343.052,-2.29091
343.1,-2.29095
343.15,-2.29102
343.2,-2.29113
343.254,-2.29131
343.298,-2.29155
343.352,-2.29182
343.398,-2.2921
343.449,-2.29239
343.5,-2.29266
343.55,-2.29291
343.6,-2.29308
343.65,-2.29324
343.7,-2.29346
343.749,-2.29369
343.802,-2.29392
343.849,-2.29414
343.899,-2.29436
343.95,-2.29457
344.002,-2.29477
344.051,-2.29496
344.1,-2.29514
344.146,-2.2953
344.199,-2.29545
344.249,-2.29559
344.301,-2.29572
344.349,-2.29585
344.4,-2.29599
344.448,-2.29612
344.501,-2.29626
344.55,-2.29642
344.599,-2.29658
344.65,-2.29675
344.698,-2.29694
344.745,-2.29713
344.799,-2.29734
344.848,-2.29755
344.897,-2.29777
344.949,-2.29798
344.994,-2.29818
345.051,-2.29838
345.097,-2.29857
345.149,-2.29874
345.198,-2.29892
345.247,-2.29908
345.299,-2.29925
345.348,-2.29941
345.399,-2.29959
345.449,-2.29976
345.499,-2.29994
345.546,-2.30012
345.596,-2.30029
345.648,-2.30047
345.7,-2.30065
345.747,-2.30084
345.799,-2.30103
345.848,-2.30124
345.899,-2.30146
345.947,-2.30169
345.999,-2.30192
346.049,-2.30216
346.098,-2.30239
346.148,-2.30262
346.197,-2.30283
346.249,-2.30303
346.299,-2.30321
346.344,-2.30338
346.399,-2.30353
346.446,-2.30367
346.498,-2.30382
346.546,-2.30396
346.596,-2.30412
346.649,-2.30428
346.697,-2.30446
346.75,-2.30466
346.797,-2.30487
346.847,-2.3051
346.897,-2.30534
346.948,-2.30559
346.996,-2.30584
347.047,-2.30609
347.096,-2.30633
347.146,-2.30657
347.194,-2.30681
347.247,-2.30704
347.294,-2.30726
347.348,-2.30747
347.396,-2.30767
347.446,-2.30786
347.494,-2.30806
347.548,-2.30824
347.596,-2.30842
347.645,-2.30859
347.698,-2.30875
347.745,-2.30891
347.796,-2.30906
347.849,-2.30921
347.896,-2.30935
347.947,-2.3095
347.995,-2.30964
348.047,-2.30979
348.095,-2.30995
348.146,-2.31012
348.196,-2.31031
348.244,-2.31051
348.295,-2.31073
348.347,-2.31096
348.397,-2.31119
348.446,-2.31143
348.496,-2.31167
348.543,-2.31191
348.594,-2.31214
348.647,-2.31237
348.698,-2.31259
348.747,-2.3128
348.795,-2.31301
348.844,-2.3132
348.898,-2.31337
348.946,-2.31354
348.994,-2.3137
349.048,-2.31386
349.095,-2.31401
349.143,-2.31416
349.195,-2.3143
349.247,-2.31443
349.297,-2.31457
349.344,-2.3147
349.396,-2.31484
349.444,-2.31498
349.495,-2.31513
349.545,-2.31529
349.596,-2.31546
349.643,-2.31563
349.692,-2.3158
349.744,-2.31598
349.792,-2.31615
349.847,-2.31633
349.895,-2.31651
349.943,-2.31669
349.995,-2.31688
350.044,-2.31706
350.097,-2.31726
350.143,-2.31746
350.193,-2.31766
350.243,-2.31786
350.292,-2.31806
350.347,-2.31825
350.392,-2.31844
350.443,-2.31862
350.492,-2.3188
350.541,-2.31898
350.594,-2.31917
350.643,-2.31936
350.694,-2.31955
350.743,-2.31975
350.793,-2.31995
350.845,-2.32016
350.892,-2.32038
350.944,-2.3206
350.995,-2.32083
351.041,-2.32107
351.095,-2.32131
351.143,-2.32156
351.194,-2.3218
351.241,-2.32206
351.293,-2.32231
351.345,-2.32256
351.393,-2.32281
351.443,-2.32305
351.493,-2.32329
351.54,-2.32351
351.592,-2.32373
351.644,-2.32393
351.695,-2.32412
351.741,-2.32429
351.791,-2.32446
351.842,-2.32462
351.891,-2.32478
351.945,-2.32494
351.989,-2.3251
352.046,-2.32527
352.089,-2.32546
352.142,-2.32564
352.192,-2.32584
352.241,-2.32604
352.292,-2.32625
352.341,-2.32647
352.392,-2.3267
352.443,-2.32693
352.492,-2.32717
352.541,-2.32741
352.59,-2.32765
352.639,-2.3279
352.689,-2.32815
352.742,-2.32839
352.793,-2.32863
352.845,-2.32885
352.891,-2.32905
352.939,-2.32924
352.991,-2.32942
353.041,-2.32958
353.092,-2.32972
353.141,-2.32985
353.19,-2.32998
353.241,-2.3301
353.289,-2.33023
353.343,-2.33037
353.389,-2.33052
353.438,-2.3307
353.493,-2.33089
353.542,-2.33111
353.592,-2.33134
353.642,-2.33159
353.693,-2.33185
353.738,-2.33211
353.793,-2.33238
353.84,-2.33264
353.893,-2.33289
353.942,-2.33313
353.99,-2.33335
354.039,-2.33356
354.092,-2.33375
354.141,-2.33393
354.191,-2.33411
354.241,-2.33428
354.288,-2.33446
354.341,-2.33464
354.388,-2.33483
354.442,-2.33503
354.491,-2.33524
354.54,-2.33546
354.591,-2.33569
354.642,-2.33593
354.69,-2.33617
354.738,-2.33642
354.793,-2.33666
354.84,-2.33691
354.89,-2.33715
354.944,-2.33738
354.99,-2.33761
355.038,-2.33783
355.088,-2.33803
355.138,-2.33823
355.191,-2.33843
355.239,-2.33861
355.292,-2.33881
355.34,-2.339
355.385,-2.3392
355.44,-2.33939
355.489,-2.33959
355.541,-2.33978
355.588,-2.33998
355.638,-2.34018
355.689,-2.34038
355.736,-2.34058
355.788,-2.34078
355.84,-2.34097
355.89,-2.34116
355.939,-2.34135
355.99,-2.34153
356.04,-2.34171
356.089,-2.34189
356.14,-2.34207
356.189,-2.34226
356.239,-2.34245
356.29,-2.34264
356.339,-2.34283
356.389,-2.34301
356.437,-2.3432
356.487,-2.34338
356.536,-2.34356
356.588,-2.34374
356.639,-2.34393
356.685,-2.34413
356.739,-2.34434
356.787,-2.34458
356.839,-2.34483
356.888,-2.3451
356.937,-2.34537
356.987,-2.34565
357.037,-2.34591
357.088,-2.34612
357.14,-2.34629
357.19,-2.34641
357.239,-2.34657
357.287,-2.34675
357.338,-2.34694
357.386,-2.34713
357.436,-2.3474
357.487,-2.3477
357.536,-2.34801
357.587,-2.3483
357.637,-2.34848
357.687,-2.34861
357.737,-2.34872
357.787,-2.34892
357.836,-2.34913
357.883,-2.3494
357.936,-2.34974
357.986,-2.35007
358.037,-2.35037
358.091,-2.35056
358.134,-2.35067
358.189,-2.35077
358.237,-2.35087
358.287,-2.35101
358.337,-2.35124
358.387,-2.35151
358.436,-2.35175
358.486,-2.35203
358.537,-2.35236
358.588,-2.35266
358.638,-2.35297
358.685,-2.3532
358.736,-2.35346
358.788,-2.35378
358.836,-2.35407
358.887,-2.35437
358.936,-2.3547
358.986,-2.35497
359.038,-2.35527
359.087,-2.35553
359.139,-2.35575
359.185,-2.3559
359.236,-2.35605
359.289,-2.35619
359.338,-2.35641
359.386,-2.35675
359.44,-2.35713
359.485,-2.3575
359.536,-2.35827
359.585,-2.35941
359.638,-2.35959
359.687,-2.35926
359.737,-2.35901
359.788,-2.35917
359.838,-2.35944
359.889,-2.35965
359.937,-2.35948
359.986,-2.3589
360.037,-2.35837
360.086,-2.3579
360.139,-2.35771
360.186,-2.35817
360.234,-2.35923
360.285,-2.36036
360.336,-2.36101
360.388,-2.36136
360.437,-2.36167
360.486,-2.36232
360.537,-2.36331
360.587,-2.36414
360.637,-2.36499
360.685,-2.36511
360.738,-2.36453
360.786,-2.36382
360.838,-2.36325
360.886,-2.36295
360.936,-2.36291
360.986,-2.36292
361.035,-2.36265
361.086,-2.36194
361.133,-2.36131
361.184,-2.36105
361.237,-2.36102
361.284,-2.36134
361.337,-2.3622
361.384,-2.36317
361.433,-2.36375
361.486,-2.36411
361.538,-2.36432
361.584,-2.36443
361.634,-2.36454
361.687,-2.36468
361.737,-2.36493
361.784,-2.36537
361.834,-2.3659
361.888,-2.36641
361.933,-2.36683
361.985,-2.36719
362.037,-2.36755
362.088,-2.36793
362.137,-2.36833
362.183,-2.36864
362.236,-2.3689
362.285,-2.36923
362.333,-2.36961
362.382,-2.36995
362.433,-2.37022
362.486,-2.37043
362.534,-2.37061
362.586,-2.37077
362.633,-2.37095
362.684,-2.37119
362.732,-2.37145
362.784,-2.37172
362.837,-2.37197
362.883,-2.37219
362.934,-2.3724
362.983,-2.37259
363.035,-2.37276
363.081,-2.37293
363.135,-2.3731
363.184,-2.37327
363.235,-2.37344
363.284,-2.37362
363.333,-2.37381
363.385,-2.37402
363.434,-2.37425
363.483,-2.3745
363.534,-2.37476
363.58,-2.37503
363.634,-2.37532
363.682,-2.37563
363.733,-2.37593
363.784,-2.37624
363.835,-2.37654
363.885,-2.37683
363.93,-2.3771
363.984,-2.37736
364.035,-2.3776
364.082,-2.37782
364.133,-2.37804
364.183,-2.37824
364.232,-2.37843
364.281,-2.37862
364.333,-2.37881
364.385,-2.379
364.432,-2.37919
364.484,-2.37937
364.532,-2.37956
364.585,-2.37975
364.634,-2.37995
364.682,-2.38015
364.732,-2.38036
364.784,-2.38058
364.832,-2.38082
364.885,-2.38105
364.93,-2.3813
364.982,-2.38154
365.033,-2.38177
365.085,-2.382
365.133,-2.38222
365.181,-2.38244
365.232,-2.38264
365.284,-2.38284
365.337,-2.38304
365.382,-2.38324
365.434,-2.38344
365.481,-2.38364
365.535,-2.38385
365.583,-2.38406
365.631,-2.38428
365.685,-2.3845
365.736,-2.38473
365.781,-2.38496
365.832,-2.3852
365.882,-2.38543
365.931,-2.38565
365.981,-2.38588
366.033,-2.38609
366.085,-2.38631
366.133,-2.38652
366.183,-2.38672
366.233,-2.38693
366.282,-2.38713
366.332,-2.38734
366.382,-2.38755
366.433,-2.38776
366.483,-2.38798
366.532,-2.38821
366.584,-2.38844
366.631,-2.38868
366.683,-2.38892
366.731,-2.38916
366.783,-2.3894
366.832,-2.38963
366.88,-2.38987
366.932,-2.3901
366.982,-2.39034
367.032,-2.39057
367.081,-2.3908
367.13,-2.39104
367.181,-2.39127
367.231,-2.39151
367.28,-2.39174
367.33,-2.39198
367.382,-2.39222
367.43,-2.39247
367.478,-2.39272
367.532,-2.39297
367.579,-2.39322
367.632,-2.39346
367.678,-2.39371
367.727,-2.39396
367.78,-2.3942
367.827,-2.39445
367.88,-2.3947
367.927,-2.39494
367.98,-2.39516
368.03,-2.39538
368.079,-2.39558
368.133,-2.39577
368.178,-2.39595
368.231,-2.39613
368.279,-2.39631
368.329,-2.39649
368.381,-2.39667
368.429,-2.39686
368.479,-2.39705
368.526,-2.39725
368.579,-2.39746
368.632,-2.39767
368.68,-2.39789
368.73,-2.39811
368.779,-2.39833
368.828,-2.39856
368.878,-2.39879
368.927,-2.39903
368.98,-2.39927
369.028,-2.3995
369.08,-2.39974
369.126,-2.39998
369.178,-2.40021
369.228,-2.40044
369.277,-2.40066
369.331,-2.40088
369.377,-2.4011
369.429,-2.40132
369.48,-2.40155
369.527,-2.40179
369.576,-2.40203
369.626,-2.40227
369.677,-2.40253
369.729,-2.40278
369.777,-2.40303
369.827,-2.40328
369.879,-2.40353
369.928,-2.40378
369.978,-2.40402
370.029,-2.40428
370.077,-2.40453
370.126,-2.40479
370.177,-2.40505
370.226,-2.40531
370.276,-2.40556
370.329,-2.40581
370.379,-2.40605
370.428,-2.40629
370.475,-2.40652
370.527,-2.40675
370.576,-2.40697
370.628,-2.40719
370.677,-2.40741
370.727,-2.40763
370.777,-2.40785
370.827,-2.40809
370.879,-2.40833
370.926,-2.40858
370.976,-2.40884
371.027,-2.40909
371.075,-2.40934
371.13,-2.40958
371.176,-2.40982
371.222,-2.41004
371.276,-2.41026
371.326,-2.41047
371.377,-2.41066
371.429,-2.41085
371.475,-2.41103
371.525,-2.41121
371.575,-2.41139
371.628,-2.41158
371.678,-2.41178
371.725,-2.412
371.777,-2.41223
371.822,-2.41247
371.877,-2.41272
371.925,-2.41299
371.977,-2.41325
372.027,-2.41352
372.075,-2.41378
372.126,-2.41403
372.174,-2.41427
372.227,-2.41449
372.273,-2.4147
372.327,-2.4149
372.377,-2.41508
372.424,-2.41525
372.476,-2.41542
372.525,-2.41558
372.576,-2.41576
372.627,-2.41593
372.671,-2.41611
372.727,-2.4163
372.778,-2.41649
372.825,-2.4167
372.875,-2.41692
372.925,-2.41715
372.974,-2.4174
373.026,-2.41766
373.076,-2.41793
373.124,-2.41821
373.174,-2.41849
373.223,-2.41876
373.276,-2.41904
373.326,-2.41931
373.378,-2.41958
373.425,-2.41983
373.473,-2.42007
373.525,-2.4203
373.576,-2.42053
373.626,-2.42075
373.676,-2.42097
373.724,-2.4212
373.772,-2.42144
373.826,-2.42169
373.875,-2.42195
373.925,-2.42222
373.974,-2.4225
374.02,-2.42278
374.072,-2.42306
374.126,-2.42335
374.176,-2.42364
374.223,-2.42393
374.274,-2.42422
374.322,-2.4245
374.374,-2.42478
374.425,-2.42506
374.475,-2.42533
374.525,-2.42558
374.57,-2.42583
374.624,-2.42607
374.675,-2.4263
374.723,-2.42653
374.775,-2.42676
374.825,-2.42699
374.871,-2.42722
374.925,-2.42746
374.974,-2.4277
375.026,-2.42794
375.073,-2.42818
375.122,-2.42841
375.173,-2.42865
375.224,-2.42889
375.273,-2.42913
375.323,-2.42937
375.373,-2.42961
375.422,-2.42985
375.473,-2.43009
375.526,-2.43032
375.573,-2.43056
375.623,-2.43081
375.671,-2.43105
375.722,-2.43129
375.775,-2.43154
375.822,-2.43178
375.873,-2.43201
375.924,-2.43225
375.97,-2.43249
376.022,-2.43273
376.073,-2.43297
376.122,-2.43321
376.171,-2.43346
376.221,-2.43371
376.272,-2.43396
376.322,-2.43421
376.373,-2.43447
376.421,-2.43473
376.471,-2.43499
376.521,-2.43524
376.572,-2.43548
376.624,-2.43572
376.672,-2.43595
376.719,-2.43617
376.773,-2.43637
376.819,-2.43657
376.875,-2.43676
376.921,-2.43695
376.971,-2.43715
377.02,-2.43735
377.07,-2.43755
377.123,-2.43777
377.172,-2.438
377.222,-2.43823
377.271,-2.43847
377.321,-2.43872
377.371,-2.43898
377.418,-2.43922
377.473,-2.43947
377.521,-2.4397
377.571,-2.43992
377.622,-2.44014
377.671,-2.44035
377.725,-2.44055
377.773,-2.44075
377.818,-2.44094
377.872,-2.44113
377.922,-2.4413
377.973,-2.44148
378.02,-2.44166
378.069,-2.44183
378.12,-2.442
378.168,-2.44218
378.221,-2.44235
378.272,-2.44252
378.322,-2.44269
378.37,-2.44286
378.418,-2.44304
378.471,-2.44321
378.519,-2.44339
378.569,-2.44355
378.619,-2.4437
378.671,-2.44384
378.721,-2.44396
378.772,-2.44408
378.824,-2.44418
378.869,-2.44427
378.917,-2.44435
378.968,-2.44443
379.02,-2.4445
379.071,-2.44458
