Sample temperature (C),Heat flow (mW)
70.097,-0.07922
70.094,-0.07931
70.098,-0.07934
70.097,-0.07937
70.098,-0.07939
70.106,-0.07941
70.109,-0.07944
70.12,-0.07946
70.133,-0.07949
70.151,-0.07953
70.174,-0.07956
70.198,-0.07961
70.227,-0.07965
70.257,-0.0797
70.288,-0.07974
70.323,-0.07992
70.356,-0.08032
70.391,-0.08057
70.428,-0.08101
70.468,-0.08191
70.509,-0.0829
70.547,-0.08388
70.586,-0.08536
70.63,-0.08696
70.669,-0.0886
70.719,-0.0908
70.76,-0.09336
70.807,-0.09622
70.849,-0.09938
70.899,-0.10285
70.943,-0.10661
70.99,-0.11068
71.035,-0.11505
71.082,-0.11974
71.129,-0.12472
71.18,-0.13
71.225,-0.13557
71.271,-0.14158
71.32,-0.14803
71.366,-0.15457
71.417,-0.16141
71.47,-0.16829
71.514,-0.17543
71.564,-0.18257
71.612,-0.19003
71.663,-0.19757
71.715,-0.2051
71.761,-0.21266
71.808,-0.22023
71.862,-0.22757
71.915,-0.23479
71.957,-0.24191
72.012,-0.24891
72.061,-0.2559
72.108,-0.2629
72.162,-0.27
72.215,-0.27732
72.262,-0.28486
72.31,-0.29227
72.355,-0.29957
72.411,-0.30689
72.459,-0.314
72.509,-0.32101
72.562,-0.32795
72.61,-0.33481
72.66,-0.34161
72.709,-0.34832
72.758,-0.35485
72.812,-0.36118
72.857,-0.36759
72.914,-0.37396
72.959,-0.38025
73.012,-0.38645
73.059,-0.39256
73.111,-0.3986
73.161,-0.40455
73.211,-0.41044
73.26,-0.41626
73.311,-0.42202
73.363,-0.42764
73.409,-0.43306
73.459,-0.43842
73.51,-0.44379
73.563,-0.44913
73.611,-0.45443
73.663,-0.45965
73.705,-0.46486
73.762,-0.4702
73.809,-0.47561
73.86,-0.48108
73.913,-0.48633
73.961,-0.49149
74.012,-0.49658
74.06,-0.50171
74.112,-0.5069
74.162,-0.5119
74.21,-0.51683
74.262,-0.52167
74.305,-0.52639
74.354,-0.53126
74.41,-0.53619
74.461,-0.54105
74.513,-0.54591
74.56,-0.5506
74.614,-0.55514
74.657,-0.55966
74.711,-0.56419
74.765,-0.56865
74.812,-0.57316
74.861,-0.57768
74.91,-0.58216
74.963,-0.58662
75.011,-0.59104
75.066,-0.59544
75.11,-0.59979
75.158,-0.60411
75.213,-0.60838
75.266,-0.61261
75.308,-0.61678
75.363,-0.6209
75.409,-0.62497
75.459,-0.62899
75.513,-0.63302
75.562,-0.63714
75.611,-0.64129
75.656,-0.64546
75.715,-0.64954
75.763,-0.65353
75.813,-0.65737
75.863,-0.66116
75.912,-0.66485
75.962,-0.66842
76.011,-0.67202
76.065,-0.67547
76.114,-0.67886
76.165,-0.68222
76.211,-0.68551
76.258,-0.68872
76.316,-0.69203
76.361,-0.69536
76.415,-0.69867
76.464,-0.70201
76.507,-0.70539
76.559,-0.70862
76.61,-0.71186
76.66,-0.71522
76.719,-0.71852
76.761,-0.72171
76.81,-0.72499
76.866,-0.72821
76.915,-0.73134
76.964,-0.73449
77.01,-0.73758
77.06,-0.7407
77.112,-0.74375
77.161,-0.74684
77.213,-0.74986
77.262,-0.7529
77.315,-0.75587
77.359,-0.75891
77.415,-0.76194
77.465,-0.76496
77.516,-0.76796
77.564,-0.77099
77.616,-0.77405
77.662,-0.77702
77.71,-0.78
77.766,-0.78301
77.814,-0.78594
77.863,-0.78887
77.909,-0.79184
77.96,-0.79473
78.012,-0.79759
78.064,-0.80044
78.112,-0.80327
78.163,-0.8061
78.21,-0.8089
78.265,-0.81169
78.314,-0.81446
78.364,-0.81721
78.414,-0.81992
78.459,-0.82261
78.514,-0.82527
78.564,-0.82791
78.612,-0.83052
78.666,-0.83311
78.71,-0.83574
78.764,-0.83843
78.814,-0.841
78.862,-0.84357
78.917,-0.84618
78.963,-0.84873
79.012,-0.85133
79.064,-0.85392
79.113,-0.85645
79.165,-0.8589
79.213,-0.86143
79.262,-0.86392
79.315,-0.86629
79.364,-0.86862
79.416,-0.87094
79.465,-0.87324
79.513,-0.8755
79.563,-0.87765
79.614,-0.87978
79.666,-0.88186
79.712,-0.88393
79.765,-0.88601
79.811,-0.88814
79.866,-0.89026
79.916,-0.89234
79.964,-0.89445
80.011,-0.89658
80.062,-0.89867
80.114,-0.90082
80.164,-0.90299
80.213,-0.90513
80.263,-0.90727
80.314,-0.90939
80.363,-0.91149
80.413,-0.91358
80.463,-0.91565
80.512,-0.91771
80.558,-0.91975
80.613,-0.92177
80.665,-0.92377
80.712,-0.92572
80.763,-0.9276
80.815,-0.92955
80.863,-0.93149
80.912,-0.93344
80.963,-0.93534
81.019,-0.93718
81.065,-0.93908
81.112,-0.94096
81.164,-0.94278
81.214,-0.94466
81.266,-0.94654
81.313,-0.94842
81.367,-0.95028
81.411,-0.95216
81.466,-0.95409
81.516,-0.95598
81.565,-0.95783
81.617,-0.95971
81.662,-0.96158
81.719,-0.96344
81.763,-0.96527
81.816,-0.96704
81.866,-0.96878
81.912,-0.97051
81.964,-0.97223
82.013,-0.97397
82.061,-0.97577
82.115,-0.97747
82.166,-0.97914
82.218,-0.98078
82.264,-0.98241
82.314,-0.98402
82.363,-0.98562
82.413,-0.98722
82.466,-0.98881
82.515,-0.99035
82.565,-0.99179
82.612,-0.99323
82.665,-0.99469
82.715,-0.99614
82.764,-0.99754
82.813,-0.99896
82.861,-1.00041
82.917,-1.00189
82.966,-1.00327
83.013,-1.00466
83.062,-1.00609
83.114,-1.00744
83.162,-1.00881
83.214,-1.01023
83.262,-1.0116
83.318,-1.013
83.364,-1.01436
83.414,-1.01575
83.464,-1.01709
83.519,-1.01849
83.567,-1.01989
83.612,-1.02128
83.668,-1.02266
83.712,-1.02403
83.768,-1.0254
83.818,-1.02675
83.868,-1.0281
83.913,-1.02944
83.961,-1.03077
84.016,-1.0321
84.062,-1.03343
84.111,-1.03475
84.165,-1.03607
84.212,-1.03739
84.262,-1.0387
84.312,-1.04
84.362,-1.04129
84.411,-1.04257
84.462,-1.04385
84.512,-1.04511
84.562,-1.04638
84.612,-1.04764
84.665,-1.0489
84.712,-1.05016
84.765,-1.05141
84.813,-1.05266
84.866,-1.05391
84.915,-1.05514
84.965,-1.05638
85.015,-1.05761
85.063,-1.05884
85.114,-1.06006
85.163,-1.06128
85.213,-1.06248
85.263,-1.06366
85.313,-1.06484
85.366,-1.06599
85.414,-1.06714
85.464,-1.06827
85.514,-1.06939
85.561,-1.07051
85.613,-1.07161
85.66,-1.0727
85.713,-1.07379
85.76,-1.07486
85.81,-1.07593
85.861,-1.07699
85.914,-1.07808
85.963,-1.07921
86.014,-1.08036
86.064,-1.08149
86.115,-1.08258
86.163,-1.08364
86.212,-1.08465
86.261,-1.08567
86.314,-1.08671
86.364,-1.08781
86.409,-1.08891
86.464,-1.09001
86.51,-1.09112
86.565,-1.09221
86.617,-1.09329
86.66,-1.09436
86.71,-1.09542
86.758,-1.09646
86.815,-1.09749
86.863,-1.0985
86.912,-1.0995
86.961,-1.10048
87.008,-1.10145
87.061,-1.1024
87.112,-1.10335
87.159,-1.10429
87.213,-1.10522
87.263,-1.10616
87.311,-1.1071
87.364,-1.10803
87.415,-1.10896
87.46,-1.1099
87.507,-1.11084
87.562,-1.11179
87.611,-1.11273
87.662,-1.11367
87.714,-1.11461
87.76,-1.11554
87.812,-1.11645
87.865,-1.11736
87.913,-1.11825
87.958,-1.11914
88.011,-1.12002
88.06,-1.12089
88.11,-1.12175
88.164,-1.12261
88.212,-1.12346
88.262,-1.1243
88.307,-1.12514
88.36,-1.12598
88.411,-1.12682
88.46,-1.12766
88.51,-1.12849
88.561,-1.12931
88.609,-1.13014
88.663,-1.13096
88.711,-1.13178
88.761,-1.13259
88.81,-1.1334
88.861,-1.13421
88.912,-1.13501
88.965,-1.13581
89.013,-1.13659
89.061,-1.13738
89.108,-1.13815
89.16,-1.13893
89.213,-1.13971
89.261,-1.14049
89.31,-1.14127
89.361,-1.14206
89.411,-1.14285
89.463,-1.14364
89.511,-1.14444
89.559,-1.14523
89.61,-1.14601
89.661,-1.14678
89.712,-1.14755
89.76,-1.14831
89.811,-1.14905
89.862,-1.14979
89.91,-1.15051
89.961,-1.15122
90.012,-1.15192
90.057,-1.15262
90.109,-1.1533
90.16,-1.15399
90.213,-1.15468
90.261,-1.15537
90.306,-1.15607
90.361,-1.15677
90.409,-1.15747
90.458,-1.15818
90.508,-1.15888
90.556,-1.15959
90.608,-1.16028
90.657,-1.16098
90.711,-1.16166
90.761,-1.16234
90.807,-1.16301
90.861,-1.16366
90.91,-1.16431
90.96,-1.16494
91.009,-1.16556
91.057,-1.16617
91.109,-1.16677
91.163,-1.16736
91.211,-1.16795
91.26,-1.16853
91.308,-1.16912
91.359,-1.16971
91.408,-1.17031
91.46,-1.17091
91.51,-1.17152
91.557,-1.17213
91.608,-1.17276
91.66,-1.17339
91.71,-1.17403
91.762,-1.17467
91.811,-1.17531
91.855,-1.17595
91.907,-1.17659
91.958,-1.17723
92.011,-1.17786
92.061,-1.17847
92.113,-1.17908
92.159,-1.17967
92.21,-1.18025
92.255,-1.18081
92.311,-1.18136
92.362,-1.1819
92.41,-1.18243
92.459,-1.18296
92.51,-1.18348
92.559,-1.18401
92.607,-1.18454
92.66,-1.18508
92.705,-1.18563
92.757,-1.18619
92.808,-1.18676
92.86,-1.18734
92.909,-1.18791
92.958,-1.18849
93.003,-1.18907
93.058,-1.18965
93.107,-1.19022
93.159,-1.19078
93.209,-1.19134
93.255,-1.19189
93.305,-1.19243
93.36,-1.19296
93.408,-1.19349
93.457,-1.19401
93.509,-1.19452
93.554,-1.19503
93.608,-1.19554
93.66,-1.19604
93.71,-1.19655
93.755,-1.19705
93.804,-1.19756
93.855,-1.19806
93.904,-1.19857
93.961,-1.19908
94.009,-1.19958
94.054,-1.20009
94.103,-1.2006
94.158,-1.20109
94.21,-1.20159
94.26,-1.20207
94.311,-1.20255
94.357,-1.20301
94.405,-1.20347
94.458,-1.20391
94.51,-1.20435
94.56,-1.20478
94.604,-1.20521
94.656,-1.20564
94.706,-1.20606
94.755,-1.20649
94.806,-1.20692
94.859,-1.20736
94.904,-1.20781
94.954,-1.20826
95.003,-1.20872
95.054,-1.20918
95.103,-1.20965
95.153,-1.21013
95.205,-1.2106
95.257,-1.21107
95.307,-1.21154
95.356,-1.212
95.405,-1.21246
95.455,-1.21291
95.507,-1.21336
95.558,-1.2138
95.605,-1.21425
95.659,-1.2147
95.706,-1.21516
95.754,-1.21561
95.807,-1.21608
95.853,-1.21655
95.903,-1.21702
95.959,-1.21749
96.005,-1.21796
96.051,-1.21843
96.106,-1.2189
96.152,-1.21936
96.208,-1.21982
96.253,-1.22028
96.303,-1.22073
96.356,-1.22117
96.405,-1.2216
96.454,-1.22202
96.503,-1.22243
96.556,-1.22282
96.605,-1.22321
96.651,-1.22359
96.704,-1.22396
96.754,-1.22434
96.802,-1.22471
96.849,-1.2251
96.904,-1.22549
96.956,-1.2259
97.007,-1.22631
97.055,-1.22674
97.101,-1.22718
97.157,-1.22763
97.204,-1.22809
97.256,-1.22856
97.304,-1.22904
97.35,-1.22951
97.405,-1.22998
97.454,-1.23045
97.503,-1.2309
97.551,-1.23135
97.603,-1.23178
97.649,-1.2322
97.699,-1.2326
97.752,-1.23299
97.804,-1.23337
97.853,-1.23374
97.901,-1.23411
97.951,-1.23448
98.003,-1.23485
98.052,-1.23522
98.103,-1.23559
98.154,-1.23597
98.202,-1.23634
98.252,-1.23671
98.3,-1.23708
98.353,-1.23746
98.401,-1.23783
98.446,-1.2382
98.5,-1.23858
98.55,-1.23895
98.603,-1.23933
98.651,-1.2397
98.699,-1.24008
98.751,-1.24045
98.801,-1.24082
98.851,-1.24119
98.904,-1.24156
98.953,-1.24192
99.0,-1.24228
99.047,-1.24264
99.1,-1.243
99.15,-1.24336
99.202,-1.24372
99.249,-1.24408
99.3,-1.24444
99.351,-1.2448
99.402,-1.24516
99.449,-1.24553
99.501,-1.2459
99.548,-1.24626
99.598,-1.24663
99.648,-1.247
99.705,-1.24737
99.754,-1.24774
99.795,-1.24811
99.849,-1.24847
99.904,-1.24883
99.954,-1.24918
100.002,-1.24952
100.051,-1.24986
100.102,-1.25019
100.147,-1.25053
100.201,-1.25086
100.251,-1.2512
100.302,-1.25153
100.348,-1.25187
100.396,-1.25222
100.448,-1.25257
100.498,-1.25292
100.552,-1.25328
100.602,-1.25365
100.645,-1.25402
100.699,-1.2544
100.75,-1.25477
100.8,-1.25514
100.85,-1.25552
100.899,-1.25589
100.949,-1.25625
100.996,-1.25661
101.05,-1.25697
101.101,-1.25732
101.153,-1.25766
101.2,-1.25799
101.248,-1.25831
101.301,-1.25863
101.351,-1.25895
101.399,-1.25926
101.449,-1.25956
101.496,-1.25987
101.549,-1.26016
101.599,-1.26046
101.65,-1.26076
101.701,-1.26105
101.745,-1.26134
101.797,-1.26162
101.842,-1.2619
101.899,-1.26217
101.948,-1.26244
101.996,-1.2627
102.047,-1.26297
102.094,-1.26323
102.147,-1.2635
102.197,-1.26377
102.245,-1.26405
102.295,-1.26432
102.352,-1.2646
102.4,-1.26489
102.446,-1.26517
102.498,-1.26546
102.547,-1.26575
102.596,-1.26605
102.646,-1.26634
102.692,-1.26665
102.75,-1.26695
102.797,-1.26726
102.841,-1.26757
102.896,-1.26788
102.946,-1.26819
103.0,-1.2685
103.047,-1.26881
103.095,-1.26912
103.148,-1.26943
103.195,-1.26974
103.246,-1.27005
103.297,-1.27036
103.345,-1.27067
103.395,-1.27099
103.442,-1.27131
103.495,-1.27164
103.55,-1.27197
103.597,-1.27231
103.646,-1.27264
103.692,-1.27297
103.746,-1.27329
103.796,-1.27361
103.845,-1.27393
103.898,-1.27425
103.946,-1.27457
103.996,-1.27488
104.044,-1.27519
104.096,-1.27551
104.146,-1.27582
104.197,-1.27613
104.245,-1.27643
104.296,-1.27673
104.347,-1.27703
104.394,-1.27733
104.447,-1.27763
104.496,-1.27793
104.546,-1.27822
104.597,-1.27851
104.649,-1.2788
104.699,-1.27909
104.743,-1.27937
104.794,-1.27966
104.842,-1.27995
104.899,-1.28023
104.945,-1.28052
104.996,-1.28081
105.045,-1.2811
105.096,-1.28139
105.148,-1.28168
105.195,-1.28197
105.244,-1.28226
105.295,-1.28254
105.34,-1.28281
105.39,-1.28308
105.445,-1.28334
105.493,-1.28359
105.546,-1.28383
105.595,-1.28407
105.643,-1.28429
105.694,-1.28452
105.745,-1.28474
105.796,-1.28497
105.843,-1.28519
105.895,-1.28541
105.94,-1.28563
105.991,-1.28585
106.045,-1.28608
106.092,-1.28632
106.145,-1.28656
106.191,-1.28683
106.241,-1.2871
106.297,-1.28739
106.343,-1.2877
106.391,-1.28802
106.444,-1.28836
106.489,-1.2887
106.542,-1.28903
106.593,-1.28937
106.641,-1.2897
106.692,-1.29002
106.74,-1.29034
106.791,-1.29064
106.842,-1.29094
106.893,-1.29124
106.942,-1.29153
106.992,-1.29182
107.042,-1.2921
107.093,-1.29238
107.144,-1.29265
107.192,-1.29292
107.24,-1.29318
107.291,-1.29344
107.339,-1.29369
107.389,-1.29395
107.443,-1.2942
107.494,-1.29445
107.539,-1.2947
107.594,-1.29495
107.638,-1.29519
107.691,-1.29543
107.742,-1.29567
107.79,-1.29591
107.842,-1.29615
107.891,-1.29639
107.941,-1.29663
107.993,-1.29687
108.044,-1.29712
108.092,-1.29737
108.138,-1.29763
108.189,-1.29788
108.242,-1.29814
108.289,-1.2984
108.342,-1.29866
108.389,-1.2989
108.439,-1.29914
108.493,-1.29938
108.542,-1.29961
108.589,-1.29984
108.638,-1.30007
108.692,-1.3003
108.737,-1.30053
108.79,-1.30076
108.844,-1.30099
108.886,-1.30122
108.942,-1.30145
108.987,-1.30167
109.039,-1.3019
109.088,-1.30213
109.138,-1.30235
109.19,-1.30258
109.235,-1.30281
109.294,-1.30304
109.339,-1.30328
109.386,-1.30351
109.437,-1.30375
109.486,-1.30399
109.537,-1.30423
109.589,-1.30448
109.64,-1.30473
109.692,-1.30499
109.739,-1.30525
109.79,-1.30552
109.839,-1.30579
109.888,-1.30606
109.937,-1.30634
109.987,-1.30662
110.039,-1.30689
110.088,-1.30717
110.14,-1.30745
110.193,-1.30772
110.239,-1.30799
110.288,-1.30826
110.339,-1.30852
110.394,-1.30878
110.439,-1.30903
110.489,-1.30927
110.537,-1.3095
110.589,-1.30974
110.639,-1.30997
110.688,-1.3102
110.739,-1.31044
110.789,-1.31069
110.836,-1.31095
110.889,-1.31122
110.938,-1.31149
110.989,-1.31177
111.035,-1.31205
111.084,-1.31232
111.137,-1.31259
111.182,-1.31285
111.238,-1.31311
111.287,-1.31335
111.335,-1.31358
111.391,-1.3138
111.439,-1.31402
111.486,-1.31423
111.537,-1.31444
111.584,-1.31465
111.635,-1.31485
111.684,-1.31506
111.738,-1.31526
111.789,-1.31546
111.835,-1.31565
111.887,-1.31585
111.936,-1.31606
111.986,-1.31628
112.037,-1.3165
112.089,-1.31675
112.135,-1.317
112.185,-1.31727
112.234,-1.31754
112.286,-1.31782
112.336,-1.3181
112.387,-1.31838
112.433,-1.31866
112.483,-1.31894
112.534,-1.31921
112.585,-1.31949
112.636,-1.31976
112.687,-1.32003
112.736,-1.3203
112.782,-1.32058
112.837,-1.32085
112.886,-1.32112
112.935,-1.32139
112.982,-1.32166
113.033,-1.32193
113.084,-1.32219
113.135,-1.32245
113.184,-1.32271
113.231,-1.32296
113.28,-1.32321
113.333,-1.32346
113.383,-1.3237
113.437,-1.32395
113.485,-1.3242
113.537,-1.32444
113.585,-1.32468
113.635,-1.32492
113.685,-1.32515
113.733,-1.32538
113.783,-1.32561
113.834,-1.32584
113.881,-1.32606
113.935,-1.32629
113.982,-1.32652
114.035,-1.32676
114.08,-1.327
114.133,-1.32724
114.185,-1.32749
114.234,-1.32775
114.282,-1.32801
114.334,-1.32827
114.38,-1.32853
114.433,-1.32879
114.483,-1.32904
114.538,-1.32928
114.582,-1.32951
114.632,-1.32973
114.684,-1.32993
114.733,-1.33012
114.782,-1.3303
114.833,-1.33047
114.886,-1.33064
114.928,-1.3308
114.978,-1.33096
115.035,-1.33112
115.085,-1.33128
115.133,-1.33146
115.182,-1.33164
115.228,-1.33183
115.285,-1.33203
115.333,-1.33226
115.385,-1.3325
115.434,-1.33276
115.484,-1.33303
115.532,-1.33331
115.583,-1.3336
115.635,-1.33389
115.679,-1.33418
115.732,-1.33446
115.782,-1.33474
115.829,-1.335
115.88,-1.33525
115.929,-1.33548
115.979,-1.33571
116.032,-1.33593
116.078,-1.33615
116.132,-1.33636
116.18,-1.33656
116.234,-1.33676
116.28,-1.33697
116.33,-1.33718
116.383,-1.33739
116.431,-1.33761
116.485,-1.33783
116.53,-1.33806
116.58,-1.3383
116.629,-1.33855
116.683,-1.33881
116.734,-1.33908
116.781,-1.33934
116.833,-1.33961
116.881,-1.33987
116.933,-1.34013
116.983,-1.34038
117.026,-1.34061
117.08,-1.34084
117.129,-1.34106
117.176,-1.34127
117.233,-1.34148
117.28,-1.34169
117.33,-1.3419
117.381,-1.34211
117.429,-1.34233
117.48,-1.34254
117.529,-1.34276
117.577,-1.34298
117.626,-1.34321
117.677,-1.34343
117.726,-1.34365
117.78,-1.34386
117.828,-1.34407
117.878,-1.34427
117.93,-1.34446
117.977,-1.34465
118.029,-1.34484
118.082,-1.34502
118.132,-1.3452
118.179,-1.34538
118.229,-1.34557
118.278,-1.34576
118.33,-1.34595
118.382,-1.34614
118.43,-1.34633
118.477,-1.34653
118.534,-1.34673
118.58,-1.34693
118.631,-1.34714
118.681,-1.34735
118.728,-1.34757
118.781,-1.3478
118.829,-1.34802
118.884,-1.34825
118.929,-1.34848
118.98,-1.3487
119.027,-1.34892
119.08,-1.34913
119.128,-1.34934
119.181,-1.34954
119.231,-1.34974
119.282,-1.34993
119.329,-1.35013
119.381,-1.35033
119.431,-1.35053
119.481,-1.35074
119.53,-1.35097
119.579,-1.3512
119.628,-1.35145
119.68,-1.3517
119.731,-1.35197
119.781,-1.35223
119.83,-1.3525
119.877,-1.35277
119.926,-1.35304
119.979,-1.35329
120.029,-1.35354
120.076,-1.35379
120.127,-1.35402
120.175,-1.35425
120.226,-1.35447
120.273,-1.35468
120.329,-1.35489
120.372,-1.35509
120.423,-1.35529
120.474,-1.35548
120.524,-1.35567
120.577,-1.35586
120.624,-1.35604
120.675,-1.35624
120.728,-1.35644
120.775,-1.35664
120.825,-1.35686
120.876,-1.35708
120.928,-1.35731
120.975,-1.35755
121.026,-1.35779
121.079,-1.35803
121.128,-1.35827
121.177,-1.35852
121.228,-1.35876
121.277,-1.359
121.328,-1.35923
121.38,-1.35946
121.428,-1.35969
121.48,-1.35991
121.524,-1.36013
121.577,-1.36035
121.628,-1.36057
121.682,-1.36078
121.728,-1.36099
121.779,-1.3612
121.829,-1.3614
121.877,-1.36161
121.928,-1.36181
121.978,-1.36201
122.028,-1.3622
122.079,-1.3624
122.125,-1.3626
122.179,-1.36279
122.227,-1.36297
122.276,-1.36316
122.329,-1.36334
122.376,-1.36353
122.424,-1.36372
122.474,-1.36391
122.525,-1.36411
122.572,-1.36431
122.626,-1.36452
122.677,-1.36475
122.725,-1.36498
122.777,-1.36522
122.825,-1.36547
122.873,-1.36573
122.923,-1.366
122.974,-1.36627
123.026,-1.36654
123.074,-1.36681
123.127,-1.36707
123.173,-1.36733
123.223,-1.36759
123.275,-1.36783
123.321,-1.36807
123.373,-1.36831
123.418,-1.36854
123.472,-1.36877
123.52,-1.36899
123.571,-1.36921
123.623,-1.36942
123.673,-1.36964
123.724,-1.36986
123.773,-1.37008
123.825,-1.37031
123.875,-1.37054
123.927,-1.37077
123.974,-1.371
124.026,-1.37124
124.075,-1.37148
124.125,-1.37172
124.17,-1.37196
124.222,-1.3722
124.271,-1.37244
124.32,-1.37267
124.375,-1.37291
124.423,-1.37313
124.477,-1.37335
124.522,-1.37356
124.574,-1.37377
124.625,-1.37398
124.674,-1.37417
124.722,-1.37437
124.766,-1.37457
124.823,-1.37477
124.869,-1.37498
124.919,-1.37519
124.971,-1.37541
125.022,-1.37564
125.071,-1.37587
125.122,-1.37611
125.17,-1.37635
125.219,-1.37658
125.27,-1.37681
125.321,-1.37704
125.371,-1.37727
125.425,-1.37749
125.474,-1.3777
125.521,-1.37791
125.573,-1.37812
125.618,-1.37833
125.672,-1.37852
125.724,-1.37871
125.769,-1.37889
125.824,-1.37907
125.87,-1.37923
125.918,-1.3794
125.968,-1.37956
126.02,-1.37972
126.073,-1.37988
126.118,-1.38005
126.169,-1.38021
126.22,-1.38039
126.27,-1.38057
126.318,-1.38075
126.375,-1.38094
126.421,-1.38113
126.469,-1.38132
126.52,-1.38152
126.57,-1.38171
126.622,-1.38191
126.67,-1.38212
126.72,-1.38232
126.772,-1.38252
126.819,-1.38273
126.871,-1.38293
126.921,-1.38314
126.967,-1.38335
127.019,-1.38356
127.071,-1.38377
127.12,-1.38398
127.168,-1.38419
127.222,-1.38441
127.268,-1.38463
127.315,-1.38485
127.369,-1.38507
127.417,-1.38529
127.468,-1.3855
127.518,-1.3857
127.565,-1.3859
127.617,-1.3861
127.667,-1.3863
127.724,-1.3865
127.766,-1.38671
127.818,-1.38692
127.868,-1.38713
127.919,-1.38735
127.968,-1.38757
128.023,-1.3878
128.068,-1.38803
128.12,-1.38826
128.166,-1.38849
128.219,-1.38872
128.265,-1.38895
128.319,-1.38917
128.367,-1.3894
128.415,-1.38961
128.469,-1.38983
128.521,-1.39005
128.566,-1.39027
128.617,-1.39048
128.669,-1.3907
128.716,-1.39091
128.767,-1.39111
128.819,-1.39132
128.865,-1.39151
128.916,-1.3917
128.965,-1.39189
129.015,-1.39206
129.067,-1.39224
129.12,-1.39242
129.165,-1.3926
129.216,-1.39279
129.265,-1.39298
129.318,-1.39318
129.368,-1.39339
129.418,-1.3936
129.465,-1.39382
129.518,-1.39404
129.568,-1.39427
129.614,-1.3945
129.668,-1.39473
129.717,-1.39496
129.767,-1.39517
129.816,-1.39538
129.867,-1.39558
129.916,-1.39577
129.967,-1.39595
130.014,-1.39612
130.064,-1.39629
130.115,-1.39646
130.168,-1.39663
130.216,-1.39681
130.265,-1.39699
130.315,-1.39718
130.369,-1.39738
130.415,-1.39759
130.465,-1.3978
130.516,-1.39801
130.562,-1.39823
130.615,-1.39845
130.664,-1.39867
130.716,-1.39889
130.766,-1.39912
130.816,-1.39935
130.867,-1.39958
130.913,-1.39981
130.966,-1.40005
131.016,-1.40028
131.065,-1.40051
131.116,-1.40073
131.163,-1.40095
131.214,-1.40116
131.264,-1.40137
131.314,-1.40157
131.365,-1.40177
131.415,-1.40196
131.464,-1.40216
131.515,-1.40235
131.564,-1.40255
131.613,-1.40275
131.661,-1.40295
131.713,-1.40316
131.763,-1.40338
131.812,-1.4036
131.865,-1.40382
131.914,-1.40404
131.964,-1.40427
132.011,-1.40449
132.062,-1.4047
132.116,-1.40492
132.162,-1.40513
132.212,-1.40534
132.26,-1.40555
132.316,-1.40576
132.36,-1.40597
132.413,-1.40617
132.457,-1.40637
132.513,-1.40657
132.567,-1.40676
132.612,-1.40696
132.662,-1.40715
132.712,-1.40735
132.762,-1.40755
132.815,-1.40775
132.864,-1.40796
132.914,-1.40816
132.962,-1.40837
133.013,-1.40858
133.066,-1.40878
133.111,-1.40899
133.16,-1.40919
133.209,-1.4094
133.263,-1.40962
133.312,-1.40982
133.363,-1.41003
133.415,-1.41023
133.461,-1.41042
133.512,-1.41061
133.56,-1.41078
133.614,-1.41096
133.661,-1.41113
133.709,-1.4113
133.763,-1.41148
133.81,-1.41166
133.858,-1.41186
133.912,-1.41206
133.959,-1.41227
134.012,-1.41249
134.061,-1.41272
134.111,-1.41294
134.161,-1.41315
134.21,-1.41336
134.257,-1.41357
134.31,-1.41377
134.363,-1.41396
134.409,-1.41416
134.461,-1.41434
134.511,-1.41453
134.562,-1.41471
134.612,-1.41489
134.661,-1.41507
134.708,-1.41526
134.762,-1.41546
134.808,-1.41566
134.86,-1.41587
134.91,-1.41608
134.96,-1.4163
135.01,-1.41653
135.06,-1.41676
135.111,-1.41698
135.161,-1.41721
135.21,-1.41744
135.259,-1.41767
135.31,-1.41791
135.36,-1.41814
135.41,-1.41837
135.462,-1.41859
135.51,-1.41881
135.559,-1.41902
135.612,-1.41922
135.659,-1.41942
135.712,-1.41963
135.755,-1.41983
135.81,-1.42004
135.862,-1.42025
135.909,-1.42046
135.96,-1.42067
136.006,-1.42089
136.059,-1.42111
136.107,-1.42133
136.162,-1.42155
136.211,-1.42178
136.259,-1.422
136.307,-1.42223
136.359,-1.42246
136.409,-1.42268
136.461,-1.42291
136.506,-1.42312
136.556,-1.42334
136.607,-1.42355
136.66,-1.42374
136.708,-1.42394
136.758,-1.42412
136.808,-1.4243
136.857,-1.42448
136.908,-1.42465
136.958,-1.42483
137.008,-1.42502
137.056,-1.42521
137.108,-1.4254
137.159,-1.42559
137.207,-1.42578
137.257,-1.42598
137.306,-1.42618
137.357,-1.42638
137.408,-1.42659
137.454,-1.42679
137.508,-1.42699
137.557,-1.42719
137.605,-1.42738
137.658,-1.42757
137.705,-1.42774
137.759,-1.42791
137.806,-1.42807
137.859,-1.42823
137.908,-1.42839
137.958,-1.42855
138.007,-1.42871
138.054,-1.42888
138.108,-1.42905
138.158,-1.42924
138.209,-1.42943
138.256,-1.42963
138.307,-1.42984
138.354,-1.43007
138.405,-1.43031
138.457,-1.43056
138.506,-1.43081
138.555,-1.43108
138.61,-1.43135
138.657,-1.43161
138.706,-1.43188
138.755,-1.43214
138.805,-1.4324
138.859,-1.43265
138.906,-1.4329
138.96,-1.43314
139.003,-1.43337
139.054,-1.43359
139.105,-1.43381
139.155,-1.43403
139.207,-1.43424
139.255,-1.43445
139.304,-1.43465
139.355,-1.43484
139.405,-1.43503
139.456,-1.43522
139.507,-1.4354
139.553,-1.43559
139.604,-1.43577
139.655,-1.43595
139.706,-1.43613
139.756,-1.43632
139.806,-1.43651
139.854,-1.4367
139.902,-1.43689
139.956,-1.43709
140.009,-1.43728
140.056,-1.43748
140.101,-1.43767
140.154,-1.43786
140.205,-1.43804
140.254,-1.43821
140.307,-1.43839
140.355,-1.43855
140.404,-1.43872
140.455,-1.4389
140.506,-1.43907
140.557,-1.43926
140.606,-1.43945
140.655,-1.43964
140.7,-1.43983
140.753,-1.44002
140.805,-1.44021
140.853,-1.44039
140.902,-1.44058
140.954,-1.44076
141.004,-1.44095
141.053,-1.44115
141.103,-1.44134
141.154,-1.44154
141.202,-1.44174
141.257,-1.44194
141.304,-1.44214
141.355,-1.44234
141.403,-1.44254
141.452,-1.44275
141.504,-1.44295
141.553,-1.44317
141.604,-1.44339
141.651,-1.44362
141.701,-1.44386
141.749,-1.44411
141.801,-1.44436
141.854,-1.44461
141.905,-1.44486
141.953,-1.44511
142.001,-1.44535
142.051,-1.44558
142.103,-1.44581
142.153,-1.44604
142.201,-1.44626
142.249,-1.44648
142.301,-1.4467
142.352,-1.44691
142.4,-1.44712
142.451,-1.44732
142.503,-1.44752
142.549,-1.44772
142.6,-1.44792
142.651,-1.44812
142.703,-1.44832
142.754,-1.44853
142.802,-1.44875
142.85,-1.44897
142.897,-1.4492
142.955,-1.44943
143.003,-1.44966
143.05,-1.44989
143.102,-1.45011
143.149,-1.45032
143.199,-1.45052
143.248,-1.4507
143.305,-1.45087
143.352,-1.45104
143.399,-1.45119
143.451,-1.45134
143.498,-1.45148
143.554,-1.45162
143.603,-1.45176
143.65,-1.45189
143.698,-1.45203
143.748,-1.45217
143.803,-1.45231
143.852,-1.45245
143.899,-1.4526
143.95,-1.45276
143.999,-1.45293
144.048,-1.45312
144.102,-1.45331
144.15,-1.45353
144.201,-1.45375
144.25,-1.45399
144.301,-1.45424
144.349,-1.4545
144.4,-1.45477
144.452,-1.45504
144.5,-1.45531
144.551,-1.45557
144.6,-1.45582
144.65,-1.45607
144.702,-1.45631
144.754,-1.45654
144.795,-1.45676
144.847,-1.45698
144.905,-1.45719
144.95,-1.45739
144.995,-1.4576
145.049,-1.45781
145.098,-1.45801
145.152,-1.45822
145.201,-1.45844
145.252,-1.45865
145.298,-1.45887
145.348,-1.45909
145.398,-1.45932
145.45,-1.45954
145.502,-1.45976
145.549,-1.45998
145.597,-1.4602
145.646,-1.46041
145.698,-1.46062
145.749,-1.46082
145.798,-1.46102
145.849,-1.46122
145.897,-1.46141
145.95,-1.46161
145.997,-1.46181
146.048,-1.46201
146.101,-1.46221
146.146,-1.46241
146.201,-1.46261
146.248,-1.46282
146.296,-1.46304
146.35,-1.46326
146.4,-1.46349
146.446,-1.46371
146.498,-1.46393
146.55,-1.46414
146.602,-1.46434
146.646,-1.46452
146.699,-1.4647
146.746,-1.46488
146.8,-1.46505
146.85,-1.46522
146.896,-1.46539
146.948,-1.46556
146.998,-1.46574
147.047,-1.46593
147.097,-1.46611
147.149,-1.46629
147.196,-1.46647
147.245,-1.46665
147.297,-1.46684
147.344,-1.46702
147.397,-1.46721
147.447,-1.4674
147.494,-1.46759
147.546,-1.46778
147.596,-1.46798
147.646,-1.46818
147.7,-1.46838
147.745,-1.46858
147.797,-1.46878
147.845,-1.46897
147.896,-1.46916
147.947,-1.46935
147.997,-1.46955
148.046,-1.46975
148.096,-1.46996
148.144,-1.47019
148.196,-1.47042
148.248,-1.47066
148.293,-1.4709
148.338,-1.47115
148.397,-1.47139
148.445,-1.47163
148.495,-1.47186
148.546,-1.47209
148.596,-1.4723
148.644,-1.4725
148.696,-1.47269
148.746,-1.47287
148.797,-1.47304
148.843,-1.47321
148.896,-1.47338
148.945,-1.47354
148.996,-1.47371
149.044,-1.47387
149.095,-1.47404
149.142,-1.47421
149.192,-1.47437
149.244,-1.47455
149.292,-1.47473
149.344,-1.47492
149.394,-1.47512
149.446,-1.47532
149.492,-1.47552
149.545,-1.47572
149.593,-1.47592
149.646,-1.47611
149.695,-1.47631
149.746,-1.47651
149.795,-1.47671
149.845,-1.4769
149.896,-1.4771
149.945,-1.47731
149.994,-1.47751
150.044,-1.47771
150.093,-1.47791
150.142,-1.47811
150.193,-1.47831
150.24,-1.47851
150.292,-1.47872
150.348,-1.47893
150.393,-1.47914
150.442,-1.47935
150.495,-1.47956
150.54,-1.47978
150.592,-1.47999
150.646,-1.48021
150.696,-1.48043
150.744,-1.48065
150.792,-1.48086
150.842,-1.48107
150.892,-1.48128
150.941,-1.48149
150.996,-1.48168
151.041,-1.48188
151.092,-1.48207
151.144,-1.48226
151.192,-1.48244
151.242,-1.48263
151.294,-1.4828
151.34,-1.48298
151.394,-1.48315
151.443,-1.48332
151.492,-1.4835
151.543,-1.48368
151.59,-1.48386
151.639,-1.48405
151.692,-1.48424
151.74,-1.48442
151.791,-1.48462
151.842,-1.48481
151.893,-1.48501
151.94,-1.48521
151.993,-1.48541
152.043,-1.48563
152.092,-1.48584
152.143,-1.48606
152.187,-1.48629
152.241,-1.48652
152.287,-1.48675
152.34,-1.48699
152.391,-1.48722
152.442,-1.48745
152.491,-1.48768
152.541,-1.4879
152.594,-1.48811
152.642,-1.48831
152.691,-1.4885
152.741,-1.48867
152.791,-1.48884
152.843,-1.48901
152.89,-1.48916
152.939,-1.48931
152.989,-1.48946
153.04,-1.4896
153.09,-1.48975
153.141,-1.48989
153.191,-1.49004
153.238,-1.49019
153.288,-1.49034
153.341,-1.4905
153.392,-1.49066
153.438,-1.49083
153.489,-1.49102
153.537,-1.49121
153.589,-1.49141
153.639,-1.49162
153.688,-1.49184
153.738,-1.49207
153.788,-1.49229
153.841,-1.49252
153.889,-1.49274
153.94,-1.49296
153.989,-1.49317
154.042,-1.49338
154.089,-1.49358
154.141,-1.49377
154.189,-1.49396
154.238,-1.49414
154.288,-1.49431
154.335,-1.49448
154.387,-1.49465
154.44,-1.49481
154.489,-1.49498
154.538,-1.49515
154.589,-1.49532
154.641,-1.4955
154.689,-1.49568
154.737,-1.49587
154.79,-1.49605
154.836,-1.49624
154.887,-1.49642
154.942,-1.49661
154.991,-1.49679
155.039,-1.49697
155.087,-1.49715
155.139,-1.49733
155.186,-1.49751
155.238,-1.49768
155.288,-1.49786
155.339,-1.49803
155.389,-1.49821
155.439,-1.49838
155.485,-1.49855
155.538,-1.49873
155.585,-1.4989
155.639,-1.49907
155.686,-1.49925
155.736,-1.49944
155.784,-1.49963
155.838,-1.49983
155.887,-1.50004
155.94,-1.50025
155.987,-1.50047
156.04,-1.5007
156.088,-1.50093
156.14,-1.50116
156.188,-1.50139
156.237,-1.50163
156.287,-1.50186
156.337,-1.5021
156.384,-1.50233
156.437,-1.50256
156.487,-1.50279
156.532,-1.50301
156.587,-1.50323
156.638,-1.50344
156.688,-1.50364
156.734,-1.50383
156.782,-1.504
156.836,-1.50417
156.888,-1.50433
156.937,-1.50449
156.988,-1.50465
157.038,-1.50482
157.087,-1.50499
157.134,-1.50517
157.188,-1.50535
157.235,-1.50553
157.287,-1.50572
157.335,-1.50591
157.383,-1.5061
157.434,-1.50628
157.488,-1.50646
157.538,-1.50664
157.585,-1.50683
157.632,-1.50701
157.682,-1.50719
157.735,-1.50738
157.787,-1.50756
157.836,-1.50775
157.884,-1.50795
157.934,-1.50814
157.98,-1.50834
158.035,-1.50854
158.084,-1.50875
158.135,-1.50895
158.186,-1.50916
158.235,-1.50936
158.284,-1.50958
158.335,-1.50979
158.385,-1.51001
158.432,-1.51023
158.482,-1.51044
158.536,-1.51066
158.582,-1.51087
158.635,-1.51108
158.684,-1.51129
158.735,-1.5115
158.784,-1.5117
158.836,-1.5119
158.883,-1.5121
158.932,-1.51229
158.982,-1.51248
159.033,-1.51267
159.087,-1.51285
159.135,-1.51303
159.185,-1.51321
159.235,-1.51339
159.282,-1.51356
159.331,-1.51374
159.382,-1.51393
159.433,-1.51412
159.484,-1.51432
159.532,-1.51453
159.584,-1.51474
159.633,-1.51495
159.686,-1.51517
159.736,-1.51538
159.78,-1.51559
159.834,-1.5158
159.882,-1.51601
159.936,-1.51621
159.986,-1.51641
160.032,-1.5166
160.084,-1.51679
160.131,-1.51697
160.184,-1.51716
160.233,-1.51734
160.285,-1.51753
160.329,-1.51773
160.381,-1.51794
160.435,-1.51815
160.482,-1.51838
160.533,-1.51861
160.582,-1.51884
160.631,-1.51908
160.686,-1.51932
160.731,-1.51956
160.783,-1.51979
160.83,-1.52002
160.88,-1.52023
160.934,-1.52044
160.98,-1.52063
161.033,-1.52082
161.083,-1.521
161.133,-1.52117
161.18,-1.52133
161.232,-1.52149
161.282,-1.52163
161.333,-1.52178
161.383,-1.52191
161.432,-1.52205
161.481,-1.52219
161.532,-1.52233
161.581,-1.52249
161.631,-1.52265
161.681,-1.52283
161.729,-1.52302
161.781,-1.52323
161.831,-1.52343
161.881,-1.52365
161.929,-1.52386
161.983,-1.52407
162.03,-1.52428
162.079,-1.52448
162.134,-1.52468
162.181,-1.52488
162.23,-1.52507
162.279,-1.52527
162.333,-1.52546
162.379,-1.52564
162.431,-1.52583
162.482,-1.52603
162.53,-1.52624
162.58,-1.52645
162.632,-1.52668
162.682,-1.52692
162.731,-1.52717
162.778,-1.52742
162.831,-1.52768
162.878,-1.52793
162.932,-1.52819
162.981,-1.52844
163.03,-1.52868
163.079,-1.52892
163.128,-1.52915
163.179,-1.52937
163.233,-1.52957
163.28,-1.52977
163.328,-1.52996
163.376,-1.53013
163.431,-1.5303
163.479,-1.53047
163.53,-1.53063
163.58,-1.53079
163.629,-1.53095
163.676,-1.53111
163.728,-1.53128
163.785,-1.53145
163.829,-1.53162
163.876,-1.53181
163.929,-1.532
163.98,-1.53219
164.028,-1.53239
164.078,-1.53259
164.129,-1.53279
164.178,-1.53299
164.227,-1.5332
164.279,-1.53342
164.326,-1.53363
164.379,-1.53385
164.429,-1.53406
164.478,-1.53427
164.526,-1.53447
164.578,-1.53467
164.627,-1.53487
164.676,-1.53506
164.726,-1.53525
164.777,-1.53544
164.829,-1.53562
164.878,-1.5358
164.928,-1.53599
164.977,-1.53618
165.027,-1.53636
165.075,-1.53655
165.128,-1.53674
165.178,-1.53692
165.228,-1.5371
165.278,-1.53728
165.325,-1.53744
165.377,-1.5376
165.428,-1.53776
165.477,-1.53792
165.524,-1.53807
165.577,-1.53822
165.628,-1.53837
165.675,-1.53853
165.728,-1.53868
165.776,-1.53884
165.826,-1.53901
165.878,-1.53918
165.927,-1.53935
165.976,-1.53953
166.028,-1.53972
166.074,-1.53991
166.124,-1.54011
166.178,-1.54031
166.227,-1.54052
166.276,-1.54074
166.328,-1.54097
166.377,-1.54121
166.424,-1.54146
166.474,-1.54172
166.526,-1.54198
166.574,-1.54225
166.625,-1.54251
166.675,-1.54277
166.725,-1.54302
166.777,-1.54327
166.825,-1.54352
166.875,-1.54376
166.926,-1.54398
166.974,-1.5442
167.025,-1.54441
167.078,-1.54461
167.121,-1.5448
167.173,-1.545
167.225,-1.54519
167.274,-1.54538
167.322,-1.54557
167.377,-1.54575
167.425,-1.54593
167.473,-1.54611
167.526,-1.54627
167.577,-1.54643
167.626,-1.54658
167.674,-1.54673
167.722,-1.54688
167.774,-1.54703
167.825,-1.54719
167.873,-1.54735
167.924,-1.54753
167.973,-1.54772
168.025,-1.54792
168.077,-1.54813
168.123,-1.54836
168.174,-1.54859
168.225,-1.54883
168.273,-1.54907
168.323,-1.54932
168.371,-1.54957
168.422,-1.54983
168.474,-1.55008
168.522,-1.55033
168.572,-1.55058
168.622,-1.55083
168.671,-1.55107
168.724,-1.5513
168.772,-1.55152
168.823,-1.55173
168.875,-1.55194
168.924,-1.55214
168.974,-1.55234
169.02,-1.55254
169.074,-1.55273
169.122,-1.55291
169.173,-1.55307
169.223,-1.55323
169.276,-1.55338
169.323,-1.55353
169.374,-1.55368
169.424,-1.55384
169.471,-1.554
169.524,-1.55417
169.572,-1.55435
169.621,-1.55454
169.673,-1.55474
169.726,-1.55495
169.773,-1.55518
169.822,-1.55541
169.871,-1.55565
169.926,-1.55588
169.974,-1.55611
170.021,-1.55634
170.075,-1.55656
170.12,-1.55678
170.168,-1.557
170.22,-1.55722
170.271,-1.55743
170.324,-1.55764
170.371,-1.55785
170.424,-1.55806
170.472,-1.55826
170.523,-1.55845
170.573,-1.55865
170.623,-1.55884
170.675,-1.55903
170.722,-1.55922
170.771,-1.55942
170.821,-1.55962
170.873,-1.55982
170.922,-1.56003
170.973,-1.56025
171.022,-1.56047
171.071,-1.5607
171.119,-1.56094
171.173,-1.56118
171.22,-1.56142
171.27,-1.56165
171.319,-1.56188
171.372,-1.56209
171.42,-1.56229
171.472,-1.56248
171.52,-1.56266
171.568,-1.56283
171.623,-1.563
171.669,-1.56318
171.72,-1.56336
171.768,-1.56354
171.817,-1.56372
171.869,-1.56391
171.919,-1.5641
171.974,-1.56429
172.024,-1.56448
172.068,-1.56468
172.118,-1.56489
172.171,-1.5651
172.219,-1.56532
172.272,-1.56554
172.322,-1.56577
172.37,-1.56601
172.419,-1.56625
172.471,-1.56649
172.52,-1.56673
172.569,-1.56697
172.619,-1.5672
172.667,-1.56743
172.724,-1.56765
172.768,-1.56787
172.818,-1.56807
172.869,-1.56827
172.919,-1.56845
172.972,-1.56863
173.017,-1.56881
173.071,-1.56898
173.118,-1.56915
173.168,-1.56932
173.218,-1.5695
173.266,-1.56969
173.318,-1.56989
173.367,-1.57009
173.422,-1.5703
173.467,-1.57051
173.519,-1.57073
173.569,-1.57095
173.617,-1.57117
173.669,-1.57139
173.716,-1.57161
173.768,-1.57183
173.817,-1.57205
173.867,-1.57227
173.918,-1.57249
173.968,-1.57272
174.019,-1.57295
174.066,-1.57319
174.117,-1.57343
174.166,-1.57368
174.218,-1.57394
174.267,-1.5742
174.315,-1.57446
174.37,-1.57471
174.422,-1.57495
174.467,-1.57518
174.516,-1.5754
174.566,-1.57561
174.616,-1.57581
174.665,-1.57599
174.719,-1.57617
174.763,-1.57633
174.816,-1.5765
174.871,-1.57667
174.916,-1.57685
174.968,-1.57704
175.016,-1.57725
175.066,-1.57747
175.113,-1.5777
175.165,-1.57795
175.219,-1.5782
175.264,-1.57845
175.314,-1.5787
175.366,-1.57895
175.415,-1.5792
175.47,-1.57944
175.518,-1.57969
175.567,-1.57992
175.614,-1.58015
175.666,-1.58037
175.716,-1.58059
175.764,-1.5808
175.819,-1.581
175.864,-1.58119
175.914,-1.58137
175.964,-1.58154
176.013,-1.58172
176.065,-1.58189
176.115,-1.58207
176.166,-1.58225
176.215,-1.58244
176.263,-1.58263
176.314,-1.58284
176.364,-1.58306
176.415,-1.58329
176.462,-1.58352
176.516,-1.58375
176.569,-1.58397
176.616,-1.58418
176.667,-1.58437
176.715,-1.58456
176.766,-1.58473
176.817,-1.58491
176.866,-1.58508
176.916,-1.58526
176.961,-1.58544
177.012,-1.58561
177.064,-1.5858
177.114,-1.58599
177.164,-1.58619
177.213,-1.5864
177.266,-1.58662
177.313,-1.58684
177.364,-1.58708
177.417,-1.58731
177.466,-1.58755
177.515,-1.58778
177.561,-1.58802
177.616,-1.58825
177.665,-1.58847
177.711,-1.58869
177.768,-1.58891
177.813,-1.58912
177.867,-1.58932
177.913,-1.58953
177.964,-1.58973
178.013,-1.58993
178.062,-1.59013
178.113,-1.59033
178.162,-1.59052
178.213,-1.59071
178.262,-1.5909
178.311,-1.5911
178.365,-1.5913
178.41,-1.5915
178.465,-1.5917
178.514,-1.59191
178.561,-1.59212
178.612,-1.59234
178.662,-1.59257
178.715,-1.59279
178.766,-1.59302
178.812,-1.59325
178.864,-1.59348
178.91,-1.5937
178.963,-1.59392
179.015,-1.59414
179.063,-1.59436
179.114,-1.59457
179.163,-1.59479
179.213,-1.595
179.261,-1.59521
179.315,-1.59543
179.361,-1.59565
179.411,-1.59588
179.463,-1.59612
179.511,-1.59637
179.564,-1.59662
179.616,-1.59688
179.66,-1.59714
179.71,-1.59741
179.762,-1.59768
179.814,-1.59794
179.862,-1.59819
179.912,-1.59844
179.958,-1.59866
180.01,-1.59888
180.062,-1.59908
180.111,-1.59927
180.161,-1.59945
180.211,-1.59964
180.261,-1.59982
180.311,-1.60001
180.363,-1.60021
180.413,-1.6004
180.461,-1.6006
180.508,-1.60081
180.558,-1.60103
180.61,-1.60125
180.662,-1.60148
180.71,-1.60173
180.763,-1.60199
180.811,-1.60226
180.86,-1.60253
180.91,-1.60282
180.96,-1.60311
181.011,-1.6034
181.06,-1.60368
181.111,-1.60396
181.157,-1.60423
181.212,-1.6045
181.263,-1.60475
181.309,-1.60499
181.355,-1.60523
181.409,-1.60546
181.46,-1.60569
181.509,-1.60592
181.56,-1.60617
181.608,-1.60642
181.658,-1.60669
181.712,-1.60696
181.757,-1.60724
181.809,-1.60752
181.86,-1.6078
181.905,-1.60808
181.959,-1.60837
182.009,-1.60865
182.06,-1.60893
182.111,-1.6092
182.16,-1.60947
182.211,-1.60973
182.26,-1.60998
182.31,-1.61022
182.358,-1.61047
182.411,-1.61071
182.459,-1.61095
182.51,-1.6112
182.561,-1.61145
182.608,-1.6117
182.659,-1.61196
182.708,-1.61222
182.76,-1.61249
182.811,-1.61276
182.86,-1.61303
182.908,-1.6133
182.959,-1.61356
183.009,-1.61383
183.06,-1.6141
183.109,-1.61437
183.16,-1.61465
183.21,-1.61492
183.259,-1.61519
183.31,-1.61546
183.356,-1.61571
183.411,-1.61596
183.46,-1.6162
183.51,-1.61643
183.559,-1.61665
183.612,-1.61687
183.661,-1.61708
183.71,-1.6173
183.758,-1.61751
183.81,-1.61773
183.859,-1.61796
183.91,-1.61819
183.959,-1.61843
184.011,-1.61868
184.061,-1.61893
184.109,-1.61918
184.16,-1.61944
184.208,-1.61971
184.26,-1.61997
184.31,-1.62025
184.357,-1.62052
184.408,-1.62079
184.458,-1.62107
184.508,-1.62134
184.557,-1.6216
184.607,-1.62186
184.656,-1.62212
184.711,-1.62236
184.757,-1.62261
184.812,-1.62286
184.862,-1.6231
184.908,-1.62336
184.958,-1.62362
185.008,-1.6239
185.058,-1.62419
185.106,-1.62449
185.156,-1.6248
185.208,-1.62511
185.257,-1.62544
185.31,-1.62577
185.356,-1.6261
185.407,-1.62644
185.457,-1.62678
185.506,-1.62712
185.556,-1.62745
185.608,-1.62778
185.657,-1.62809
185.705,-1.6284
185.753,-1.62869
185.807,-1.62897
185.858,-1.62924
185.906,-1.62949
185.955,-1.62974
186.007,-1.62998
186.055,-1.63021
186.104,-1.63044
186.155,-1.63067
186.204,-1.6309
186.254,-1.63113
186.305,-1.63138
186.357,-1.63165
186.403,-1.63194
186.459,-1.63224
186.506,-1.63256
186.555,-1.63289
186.605,-1.63322
186.655,-1.63357
186.703,-1.63392
186.758,-1.63428
186.807,-1.63463
186.853,-1.63498
186.907,-1.63532
186.955,-1.63566
187.008,-1.636
187.054,-1.63633
187.107,-1.63666
187.157,-1.63698
187.207,-1.6373
187.259,-1.63762
187.306,-1.63793
187.354,-1.63825
187.405,-1.63856
187.453,-1.63888
187.504,-1.6392
187.556,-1.63954
187.605,-1.63988
187.652,-1.64022
187.705,-1.64057
187.753,-1.64093
187.805,-1.6413
187.855,-1.64168
187.903,-1.64206
187.954,-1.64245
188.002,-1.64285
188.054,-1.64325
188.104,-1.64365
188.151,-1.64405
188.202,-1.64446
188.253,-1.64486
188.302,-1.64525
188.354,-1.64565
188.402,-1.64605
188.456,-1.64644
188.503,-1.64684
188.552,-1.64724
188.602,-1.64764
188.654,-1.64804
188.705,-1.64846
188.749,-1.64888
188.804,-1.6493
188.849,-1.64974
188.903,-1.65019
188.952,-1.65065
189.004,-1.65113
189.054,-1.65161
189.103,-1.65211
189.155,-1.65262
189.204,-1.65312
189.254,-1.65363
189.306,-1.65414
189.353,-1.65462
189.405,-1.65505
189.453,-1.65545
189.503,-1.65586
189.554,-1.65629
189.604,-1.6567
189.655,-1.65708
189.702,-1.65743
189.755,-1.65786
189.801,-1.65827
189.851,-1.65872
189.905,-1.65914
189.951,-1.65964
190.003,-1.66016
190.05,-1.66073
190.1,-1.66137
190.151,-1.66197
190.204,-1.66259
190.255,-1.66322
190.302,-1.66376
190.353,-1.6643
190.402,-1.66486
190.453,-1.66542
190.503,-1.66598
190.553,-1.66651
190.604,-1.66708
190.65,-1.66763
190.701,-1.66817
190.749,-1.66868
190.802,-1.66917
190.853,-1.66966
190.899,-1.67017
190.953,-1.67076
191.001,-1.67137
191.051,-1.672
191.101,-1.67265
191.15,-1.67333
191.201,-1.67406
191.252,-1.67473
191.302,-1.67519
191.351,-1.67529
191.402,-1.67557
191.453,-1.67608
191.499,-1.67679
191.55,-1.67782
191.6,-1.67897
191.65,-1.68021
191.7,-1.6812
191.75,-1.68158
191.802,-1.68184
191.847,-1.68218
191.902,-1.68284
191.95,-1.68367
192.002,-1.68455
192.048,-1.68546
192.1,-1.68632
192.153,-1.68688
192.199,-1.68703
192.248,-1.68746
192.3,-1.68839
192.35,-1.68947
192.399,-1.69063
192.447,-1.69169
192.5,-1.69267
192.549,-1.69364
192.6,-1.69464
192.651,-1.69566
192.702,-1.69667
192.75,-1.69765
192.8,-1.69861
192.849,-1.6996
192.901,-1.70064
192.948,-1.70172
193.001,-1.70281
193.048,-1.70387
193.098,-1.70486
193.149,-1.70577
193.198,-1.70661
193.249,-1.70746
193.297,-1.70833
193.346,-1.70921
193.398,-1.71011
193.453,-1.71102
193.499,-1.71195
193.548,-1.71289
193.599,-1.71384
193.647,-1.71478
193.7,-1.71571
193.749,-1.71662
193.799,-1.71752
193.847,-1.71841
193.897,-1.71927
193.948,-1.72011
193.999,-1.72093
194.047,-1.72174
194.099,-1.72253
194.148,-1.72331
194.2,-1.72409
194.249,-1.72487
194.302,-1.72565
194.346,-1.72643
194.396,-1.72727
194.449,-1.72821
194.497,-1.72915
194.55,-1.73007
194.599,-1.73101
194.645,-1.73196
194.698,-1.73298
194.748,-1.73393
194.799,-1.73487
194.849,-1.73586
194.898,-1.73687
194.947,-1.7379
194.998,-1.73889
195.045,-1.73988
195.096,-1.74086
195.149,-1.74179
195.196,-1.74266
195.246,-1.74357
195.299,-1.74445
195.347,-1.74528
195.397,-1.74612
195.444,-1.74688
195.495,-1.74757
195.545,-1.74818
195.598,-1.74878
195.646,-1.74935
195.698,-1.74991
195.748,-1.75045
195.796,-1.75104
195.846,-1.7517
195.897,-1.75235
195.948,-1.75299
195.993,-1.75362
196.043,-1.75422
196.096,-1.75482
196.146,-1.7554
196.195,-1.75597
196.247,-1.75656
196.298,-1.7572
196.345,-1.75778
196.395,-1.75839
196.446,-1.75901
196.495,-1.75967
196.546,-1.76033
196.595,-1.76098
196.644,-1.76157
196.697,-1.76206
196.744,-1.76254
196.796,-1.76302
196.844,-1.76345
196.896,-1.76379
196.943,-1.7641
196.995,-1.7644
197.047,-1.76467
197.094,-1.76492
197.143,-1.76514
197.194,-1.76534
197.247,-1.7655
197.295,-1.76569
197.345,-1.76594
197.395,-1.76613
197.442,-1.76641
197.491,-1.76666
197.547,-1.76686
197.597,-1.7671
197.646,-1.76727
197.694,-1.76744
197.743,-1.76759
197.792,-1.76773
197.841,-1.76786
197.895,-1.76802
197.943,-1.76822
197.994,-1.76835
198.044,-1.76846
198.095,-1.76856
198.143,-1.76867
198.195,-1.76881
198.243,-1.76903
198.292,-1.76926
198.342,-1.76949
198.395,-1.76971
198.441,-1.76993
198.493,-1.77013
198.542,-1.77032
198.592,-1.7705
198.645,-1.77067
198.693,-1.77082
198.743,-1.77097
198.792,-1.77111
198.844,-1.77124
198.895,-1.77136
198.942,-1.77149
198.996,-1.77161
199.044,-1.77173
199.095,-1.77186
199.14,-1.77199
199.194,-1.77211
199.245,-1.77224
199.29,-1.77237
199.345,-1.7725
199.393,-1.77263
199.442,-1.77276
199.495,-1.77288
199.545,-1.773
199.59,-1.77312
199.643,-1.77322
199.692,-1.77331
199.741,-1.77339
199.794,-1.77346
199.844,-1.77352
199.89,-1.77357
199.942,-1.77361
199.991,-1.77366
200.043,-1.7737
200.095,-1.77373
200.14,-1.77377
200.193,-1.77382
200.241,-1.77387
200.293,-1.77393
200.34,-1.774
200.395,-1.77407
200.443,-1.77416
200.49,-1.77425
200.543,-1.77434
200.593,-1.77443
200.641,-1.77452
200.691,-1.7746
200.741,-1.77469
200.793,-1.77477
200.843,-1.77485
200.893,-1.77493
200.941,-1.77501
200.992,-1.77509
201.042,-1.77516
201.093,-1.77524
201.143,-1.77531
201.19,-1.77537
201.243,-1.77543
201.286,-1.77549
201.338,-1.77554
201.39,-1.7756
201.441,-1.77567
201.489,-1.77574
201.543,-1.77583
201.588,-1.77592
201.639,-1.77602
201.69,-1.77612
201.742,-1.77623
201.79,-1.77635
201.84,-1.77646
201.891,-1.77657
201.94,-1.77667
201.992,-1.77677
202.039,-1.77685
202.087,-1.77693
202.135,-1.77701
202.191,-1.77709
202.242,-1.77716
202.292,-1.77724
202.341,-1.77732
202.391,-1.7774
202.44,-1.77748
202.489,-1.77757
202.544,-1.77766
202.589,-1.77775
202.639,-1.77785
202.69,-1.77795
202.74,-1.77805
202.788,-1.77816
202.839,-1.77827
202.891,-1.77838
202.94,-1.77849
202.988,-1.7786
203.04,-1.77871
203.088,-1.77882
203.138,-1.77891
203.187,-1.779
203.238,-1.77907
203.289,-1.77913
203.339,-1.77919
203.393,-1.77923
203.438,-1.77927
203.49,-1.77932
203.536,-1.77937
203.591,-1.77943
203.641,-1.77951
203.689,-1.7796
203.736,-1.7797
203.789,-1.77981
203.836,-1.77993
203.89,-1.78005
203.936,-1.78017
203.988,-1.78028
204.036,-1.7804
204.088,-1.78051
204.139,-1.78062
204.185,-1.78073
204.239,-1.78084
204.286,-1.78095
204.337,-1.78106
204.387,-1.78116
204.438,-1.78126
204.489,-1.78135
204.535,-1.78143
204.589,-1.78152
204.637,-1.7816
204.687,-1.78169
204.738,-1.78177
204.784,-1.78186
204.837,-1.78196
204.885,-1.78206
204.938,-1.78217
204.988,-1.78228
205.037,-1.78239
205.083,-1.78251
205.137,-1.78264
205.188,-1.78276
205.239,-1.78288
205.284,-1.783
205.339,-1.78312
205.385,-1.78323
205.435,-1.78335
205.486,-1.78346
205.535,-1.78356
205.584,-1.78367
205.633,-1.78377
205.685,-1.78387
205.735,-1.78397
205.787,-1.78407
205.837,-1.78417
205.887,-1.78427
205.936,-1.78437
205.983,-1.78448
206.037,-1.78458
206.082,-1.7847
206.135,-1.78482
206.186,-1.78495
206.236,-1.78508
206.287,-1.78523
206.336,-1.78538
206.383,-1.78553
206.434,-1.78569
206.488,-1.78585
206.533,-1.786
206.585,-1.78616
206.64,-1.78632
206.687,-1.78646
206.735,-1.78661
206.784,-1.78675
206.835,-1.78689
206.887,-1.78702
206.936,-1.78716
206.986,-1.78729
207.034,-1.78742
207.085,-1.78754
207.137,-1.78765
207.183,-1.78775
207.238,-1.78785
207.286,-1.78794
207.336,-1.78803
207.385,-1.78812
207.435,-1.78821
207.486,-1.7883
207.537,-1.7884
207.583,-1.78849
207.633,-1.7886
207.684,-1.78871
207.734,-1.78882
207.784,-1.78894
207.836,-1.78906
207.886,-1.78919
207.933,-1.78931
207.983,-1.78944
208.034,-1.78957
208.087,-1.7897
208.133,-1.78983
208.186,-1.78996
208.231,-1.79009
208.282,-1.79022
208.335,-1.79035
208.381,-1.79048
208.434,-1.79061
208.482,-1.79074
208.535,-1.79088
208.583,-1.79101
208.632,-1.79115
208.685,-1.7913
208.733,-1.79145
208.784,-1.79162
208.834,-1.79179
208.883,-1.79196
208.931,-1.79214
208.982,-1.7923
209.036,-1.79246
209.082,-1.7926
209.133,-1.79274
209.18,-1.79286
209.231,-1.79299
209.282,-1.7931
209.333,-1.79322
209.382,-1.79334
209.43,-1.79346
209.484,-1.79358
209.534,-1.7937
209.584,-1.79383
209.635,-1.79395
209.682,-1.79408
209.732,-1.79421
209.781,-1.79435
209.832,-1.79448
209.88,-1.79462
209.929,-1.79476
209.983,-1.7949
210.031,-1.79503
210.079,-1.79517
210.131,-1.7953
210.183,-1.79543
210.229,-1.79555
210.28,-1.79567
210.335,-1.79579
210.382,-1.79591
210.433,-1.79604
210.482,-1.79617
210.53,-1.79631
210.585,-1.79646
210.63,-1.79661
210.684,-1.79678
210.734,-1.79695
210.783,-1.79712
210.83,-1.79729
210.88,-1.79746
210.932,-1.79763
210.984,-1.79779
211.031,-1.79795
211.08,-1.79809
211.131,-1.79822
211.179,-1.79834
211.233,-1.79844
211.28,-1.79854
211.332,-1.79861
211.379,-1.79868
211.43,-1.79874
211.48,-1.7988
211.532,-1.79886
211.58,-1.79894
211.63,-1.79904
211.68,-1.79915
211.73,-1.79928
211.782,-1.79942
211.829,-1.79958
211.881,-1.79975
211.929,-1.79993
211.978,-1.80012
212.033,-1.80031
212.078,-1.8005
212.131,-1.8007
212.179,-1.80091
212.225,-1.80111
212.278,-1.8013
212.329,-1.80149
212.383,-1.80166
212.427,-1.80182
212.478,-1.80198
212.525,-1.80212
212.579,-1.80225
212.627,-1.80238
212.682,-1.8025
212.73,-1.80262
212.777,-1.80273
212.827,-1.80284
212.878,-1.80295
212.929,-1.80306
212.981,-1.80318
213.027,-1.8033
213.079,-1.80343
213.127,-1.80356
213.176,-1.8037
213.228,-1.80384
213.279,-1.80399
213.328,-1.80414
213.379,-1.80431
213.43,-1.80448
213.477,-1.80466
213.528,-1.80484
213.577,-1.80501
213.626,-1.80518
213.677,-1.80534
213.728,-1.80548
213.78,-1.80562
213.827,-1.80576
213.876,-1.80589
213.926,-1.80604
213.975,-1.80618
214.028,-1.80634
214.078,-1.8065
214.125,-1.80666
214.175,-1.80683
214.225,-1.80699
214.278,-1.80716
214.329,-1.80732
214.376,-1.80749
214.425,-1.80766
214.476,-1.80782
214.527,-1.80798
214.578,-1.80815
214.629,-1.80831
214.676,-1.80846
214.726,-1.80862
214.78,-1.80877
214.828,-1.80893
214.881,-1.8091
214.928,-1.80926
214.975,-1.80943
215.026,-1.8096
215.076,-1.80977
215.126,-1.80994
215.175,-1.81012
215.224,-1.8103
215.278,-1.81048
215.325,-1.81065
215.375,-1.81083
215.425,-1.81099
215.478,-1.81115
215.525,-1.8113
215.576,-1.81145
215.628,-1.81158
215.676,-1.81171
215.726,-1.81184
215.774,-1.81196
215.822,-1.81209
215.877,-1.81222
215.924,-1.81236
215.977,-1.8125
216.024,-1.81265
216.078,-1.81282
216.125,-1.813
216.177,-1.81318
216.227,-1.81339
216.275,-1.8136
216.325,-1.81381
216.373,-1.81403
216.427,-1.81425
216.475,-1.81446
216.526,-1.81466
216.574,-1.81485
216.623,-1.81501
216.672,-1.81515
216.724,-1.81528
216.773,-1.81539
216.824,-1.8155
216.872,-1.81559
216.923,-1.81567
216.973,-1.81576
217.027,-1.81584
217.075,-1.81592
217.126,-1.81601
217.173,-1.8161
217.222,-1.81621
217.274,-1.81633
217.321,-1.81646
217.378,-1.8166
217.426,-1.81675
217.474,-1.81691
217.521,-1.81708
217.574,-1.81726
217.624,-1.81744
217.675,-1.81763
217.723,-1.81783
217.775,-1.81804
217.824,-1.81825
217.875,-1.81846
217.924,-1.81866
217.972,-1.81887
218.024,-1.81907
218.074,-1.81927
218.124,-1.81946
218.17,-1.81963
218.222,-1.8198
218.272,-1.81995
218.323,-1.82008
218.377,-1.82019
218.421,-1.8203
218.474,-1.82039
218.519,-1.82049
218.571,-1.82058
218.622,-1.82068
218.672,-1.82078
218.726,-1.82089
218.77,-1.821
218.821,-1.82112
218.869,-1.82125
218.924,-1.82138
218.971,-1.82152
219.024,-1.82167
219.069,-1.82182
219.12,-1.82199
219.174,-1.82215
219.222,-1.82231
219.273,-1.82248
219.32,-1.82264
219.37,-1.82281
219.423,-1.82298
219.473,-1.82315
219.523,-1.82333
219.572,-1.82352
219.619,-1.82372
219.671,-1.82393
219.725,-1.82413
219.774,-1.82433
219.824,-1.82453
219.87,-1.82473
219.92,-1.82492
219.97,-1.8251
220.021,-1.82528
220.071,-1.82545
220.121,-1.82562
220.169,-1.82579
220.221,-1.82596
220.271,-1.82612
220.322,-1.82628
220.371,-1.82643
220.422,-1.82657
220.47,-1.82671
220.52,-1.82683
220.572,-1.82695
220.621,-1.82707
220.672,-1.82718
220.72,-1.8273
220.768,-1.82743
220.82,-1.82756
220.871,-1.8277
220.919,-1.82785
220.971,-1.828
221.017,-1.82816
221.071,-1.82832
221.122,-1.82849
221.17,-1.82865
221.22,-1.82882
221.269,-1.82898
221.319,-1.82913
221.37,-1.82929
221.42,-1.82944
221.473,-1.82959
221.519,-1.82974
221.57,-1.82989
221.622,-1.83005
221.671,-1.83021
221.72,-1.83038
221.773,-1.83056
221.82,-1.83074
221.868,-1.83093
221.919,-1.83112
221.972,-1.83132
222.019,-1.83152
222.073,-1.83172
222.118,-1.83193
222.169,-1.83214
222.219,-1.83234
222.271,-1.83256
222.319,-1.83277
222.369,-1.83299
222.422,-1.83322
222.468,-1.83344
222.524,-1.83366
222.567,-1.83388
222.62,-1.83409
222.666,-1.83429
222.718,-1.83448
222.771,-1.83466
222.818,-1.83482
222.868,-1.83498
222.919,-1.83513
222.965,-1.83528
223.018,-1.83543
223.069,-1.83557
223.119,-1.83572
223.166,-1.83587
223.215,-1.83602
223.267,-1.83617
223.318,-1.83633
223.367,-1.8365
223.418,-1.83666
223.468,-1.83683
223.517,-1.83701
223.569,-1.83718
223.616,-1.83736
223.67,-1.83754
223.717,-1.83772
223.765,-1.8379
223.817,-1.83808
223.868,-1.83826
223.918,-1.83844
223.964,-1.83862
224.018,-1.8388
224.067,-1.83898
224.12,-1.83917
224.168,-1.83935
224.215,-1.83953
224.265,-1.83971
224.316,-1.83989
224.364,-1.84005
224.418,-1.8402
224.466,-1.84034
224.516,-1.84047
224.566,-1.8406
224.616,-1.84072
224.665,-1.84085
224.719,-1.84099
224.767,-1.84113
224.817,-1.84128
224.864,-1.84144
224.918,-1.84161
224.966,-1.8418
225.016,-1.84199
225.065,-1.84219
225.113,-1.84239
225.167,-1.8426
225.218,-1.8428
225.264,-1.843
225.315,-1.84321
225.364,-1.84342
225.411,-1.84363
225.467,-1.84385
225.517,-1.84407
225.564,-1.8443
225.614,-1.84452
225.666,-1.84473
225.716,-1.84494
225.765,-1.84514
225.815,-1.84534
225.864,-1.84553
225.917,-1.84571
225.966,-1.84589
226.014,-1.84608
226.063,-1.84626
226.116,-1.84644
226.164,-1.84662
226.213,-1.84681
226.265,-1.84701
226.317,-1.84721
226.366,-1.84742
226.415,-1.84762
226.467,-1.84781
226.514,-1.84799
226.566,-1.84816
226.614,-1.84832
226.664,-1.84846
226.715,-1.8486
226.764,-1.84872
226.815,-1.84884
226.867,-1.84897
226.915,-1.8491
226.963,-1.84923
227.012,-1.84938
227.061,-1.84953
227.113,-1.84969
227.164,-1.84986
227.214,-1.85003
227.263,-1.85019
227.311,-1.85036
227.367,-1.85053
227.415,-1.85069
227.463,-1.85085
227.513,-1.85101
227.562,-1.85118
227.613,-1.85135
227.666,-1.85153
227.717,-1.8517
227.763,-1.85188
227.811,-1.85206
227.862,-1.85224
227.915,-1.85243
227.965,-1.85262
228.017,-1.85282
228.063,-1.85302
228.113,-1.85324
228.162,-1.85346
228.211,-1.85368
228.262,-1.85391
228.312,-1.85413
228.363,-1.85436
228.412,-1.85458
228.46,-1.8548
228.511,-1.85502
228.562,-1.85524
228.609,-1.85545
228.662,-1.85565
228.713,-1.85585
228.76,-1.85604
228.814,-1.85622
228.863,-1.85639
228.909,-1.85654
228.962,-1.85667
229.011,-1.85679
229.061,-1.85691
229.113,-1.85703
229.161,-1.85714
229.211,-1.85726
229.261,-1.85739
229.313,-1.85754
229.358,-1.85769
229.411,-1.85786
229.46,-1.85804
229.509,-1.85823
229.56,-1.85841
229.609,-1.8586
229.661,-1.85878
229.709,-1.85896
229.762,-1.85914
229.811,-1.85931
229.862,-1.85947
229.908,-1.85962
229.96,-1.85976
230.007,-1.8599
230.061,-1.86003
230.11,-1.86017
230.162,-1.8603
230.209,-1.86044
230.261,-1.86059
230.309,-1.86074
230.361,-1.86089
230.411,-1.86105
230.462,-1.86121
230.511,-1.86138
230.558,-1.86154
230.609,-1.86171
230.661,-1.86189
230.709,-1.86207
230.76,-1.86226
230.809,-1.86246
230.858,-1.86267
230.911,-1.86287
230.963,-1.86308
231.008,-1.86329
231.057,-1.86349
231.11,-1.86369
231.159,-1.86388
231.211,-1.86406
231.259,-1.86423
231.311,-1.86439
231.359,-1.86455
231.409,-1.86472
231.46,-1.8649
231.507,-1.86509
231.558,-1.86529
231.609,-1.8655
231.659,-1.86573
231.708,-1.86596
231.757,-1.8662
231.811,-1.86644
231.859,-1.86668
231.907,-1.86691
231.96,-1.86715
232.008,-1.86737
232.058,-1.86758
232.106,-1.86778
232.16,-1.86798
232.207,-1.86816
232.256,-1.86833
232.31,-1.86849
232.357,-1.86865
232.407,-1.86881
232.46,-1.86896
232.508,-1.86911
232.561,-1.86925
232.608,-1.8694
232.661,-1.86954
232.706,-1.8697
232.758,-1.86985
232.809,-1.87002
232.86,-1.87019
232.91,-1.87036
232.959,-1.87053
233.008,-1.8707
233.056,-1.87087
233.111,-1.87103
233.156,-1.87117
233.206,-1.87132
233.259,-1.87145
233.306,-1.87158
233.358,-1.87171
233.408,-1.87183
233.455,-1.87196
233.509,-1.87208
233.555,-1.87221
233.609,-1.87234
233.66,-1.87249
233.707,-1.87264
233.756,-1.87281
233.806,-1.87299
233.855,-1.87319
233.906,-1.8734
233.956,-1.87362
234.006,-1.87385
234.056,-1.87409
234.107,-1.87432
234.156,-1.87454
234.205,-1.87476
234.255,-1.87496
234.307,-1.87515
234.358,-1.87533
234.406,-1.87549
234.457,-1.87564
234.506,-1.87579
234.56,-1.87595
234.604,-1.87612
234.659,-1.87629
234.704,-1.87648
234.756,-1.87669
234.809,-1.87691
234.854,-1.87714
234.906,-1.87738
234.955,-1.87763
235.004,-1.87788
235.06,-1.87812
235.106,-1.87837
235.155,-1.8786
235.206,-1.87881
235.256,-1.87902
235.305,-1.87921
235.357,-1.87938
235.408,-1.87955
235.453,-1.87971
235.506,-1.87987
235.556,-1.88002
235.606,-1.88017
235.656,-1.88032
235.701,-1.88047
235.753,-1.88061
235.802,-1.88075
235.852,-1.88089
235.905,-1.88104
235.957,-1.88119
236.004,-1.88135
236.051,-1.88153
236.105,-1.88171
236.156,-1.88189
236.205,-1.88209
236.256,-1.88229
236.306,-1.88249
236.357,-1.88269
236.403,-1.8829
236.454,-1.88309
236.505,-1.88329
236.551,-1.88348
236.605,-1.88367
236.656,-1.88385
236.704,-1.88403
236.754,-1.8842
236.803,-1.88436
236.853,-1.88452
236.904,-1.88467
236.953,-1.88482
237.002,-1.88496
237.051,-1.88511
237.101,-1.88525
237.154,-1.88539
237.205,-1.88553
237.255,-1.88567
237.304,-1.8858
237.352,-1.88594
237.402,-1.88608
237.453,-1.88623
237.502,-1.88638
237.552,-1.88653
237.603,-1.88668
237.654,-1.88685
237.702,-1.88701
237.755,-1.88717
237.803,-1.88734
237.849,-1.8875
237.9,-1.88766
237.95,-1.88783
238.002,-1.888
238.051,-1.88818
238.103,-1.88838
238.154,-1.88859
238.202,-1.88881
238.255,-1.88904
238.305,-1.88926
238.352,-1.88949
238.403,-1.88971
238.452,-1.88993
238.504,-1.89014
238.551,-1.89034
238.605,-1.89054
238.652,-1.89073
238.703,-1.89092
238.754,-1.89109
238.801,-1.89127
238.852,-1.89144
238.903,-1.89161
238.952,-1.89178
239.0,-1.89196
239.05,-1.89215
239.101,-1.89235
239.152,-1.89255
239.201,-1.89277
239.249,-1.89299
239.301,-1.89321
239.351,-1.89343
239.401,-1.89364
239.453,-1.89385
239.5,-1.89404
239.551,-1.89422
239.603,-1.89439
239.651,-1.89455
239.7,-1.8947
239.752,-1.89484
239.8,-1.89497
239.851,-1.8951
239.904,-1.89523
239.95,-1.89535
240.002,-1.89547
240.05,-1.8956
240.101,-1.89574
240.153,-1.89589
240.201,-1.89605
240.252,-1.89623
240.299,-1.89641
240.35,-1.89661
240.4,-1.89681
240.45,-1.897
240.502,-1.8972
240.551,-1.89739
240.598,-1.89757
240.651,-1.89774
240.702,-1.89791
240.753,-1.89807
240.8,-1.89823
240.851,-1.89838
240.898,-1.89853
240.949,-1.89867
241.001,-1.89881
241.05,-1.89895
241.099,-1.89909
241.148,-1.89924
241.199,-1.89939
241.251,-1.89955
241.3,-1.89972
241.35,-1.8999
241.398,-1.90009
241.447,-1.90029
241.498,-1.90049
241.551,-1.90069
241.601,-1.9009
241.647,-1.90112
241.699,-1.90133
241.75,-1.90154
241.802,-1.90175
241.851,-1.90196
241.897,-1.90217
241.949,-1.90236
241.995,-1.90256
242.047,-1.90275
242.097,-1.90295
242.148,-1.90315
242.198,-1.90335
242.247,-1.90356
242.298,-1.90375
242.349,-1.90394
242.402,-1.90412
242.448,-1.9043
242.498,-1.90447
242.547,-1.90464
242.598,-1.9048
242.649,-1.90498
242.697,-1.90516
242.748,-1.90535
242.798,-1.90555
242.846,-1.90576
242.898,-1.90598
242.951,-1.9062
242.997,-1.90642
243.047,-1.90664
243.097,-1.90686
243.15,-1.90707
243.196,-1.90729
243.245,-1.90749
243.297,-1.90769
243.346,-1.90788
243.397,-1.90806
243.447,-1.90823
243.497,-1.9084
243.544,-1.90855
243.596,-1.90871
243.646,-1.90886
243.698,-1.90902
243.745,-1.90917
243.798,-1.90932
243.848,-1.90947
243.9,-1.90961
243.949,-1.90976
243.995,-1.90991
244.049,-1.91005
244.098,-1.9102
244.145,-1.91036
244.197,-1.91052
244.248,-1.91069
244.296,-1.91087
244.349,-1.91106
244.396,-1.91125
244.447,-1.91144
244.497,-1.91162
244.548,-1.91179
244.598,-1.91194
244.644,-1.9121
244.698,-1.91225
244.748,-1.9124
244.8,-1.91256
244.848,-1.91272
244.898,-1.91289
244.95,-1.91307
244.997,-1.91326
245.046,-1.91345
245.092,-1.91366
245.148,-1.91387
245.193,-1.91408
245.247,-1.91431
245.296,-1.91453
245.346,-1.91476
245.398,-1.91498
245.443,-1.9152
245.494,-1.91541
245.546,-1.91561
245.596,-1.9158
245.649,-1.91598
245.697,-1.91615
245.746,-1.91631
245.795,-1.91647
245.847,-1.91662
245.895,-1.91677
245.946,-1.91692
245.995,-1.91708
246.045,-1.91723
246.094,-1.91739
246.144,-1.91754
246.195,-1.9177
246.246,-1.91785
246.291,-1.91801
246.346,-1.91816
246.394,-1.91832
246.446,-1.91849
246.496,-1.91867
246.545,-1.91886
246.596,-1.91905
246.643,-1.91924
246.698,-1.91944
246.748,-1.91964
246.796,-1.91985
246.844,-1.92006
246.895,-1.92027
246.943,-1.92048
246.995,-1.92069
247.047,-1.9209
247.095,-1.9211
247.143,-1.9213
247.194,-1.92148
247.245,-1.92166
247.297,-1.92183
247.345,-1.92201
247.395,-1.92218
247.444,-1.92237
247.491,-1.92261
247.542,-1.92285
247.594,-1.92299
247.641,-1.9231
247.692,-1.92319
247.744,-1.92328
247.796,-1.92337
247.847,-1.92347
247.896,-1.92357
247.944,-1.92369
247.991,-1.92387
248.044,-1.92407
248.096,-1.92423
248.143,-1.92439
248.193,-1.92455
248.244,-1.92472
248.294,-1.92489
248.344,-1.92507
248.394,-1.92526
248.446,-1.92546
248.492,-1.92567
248.542,-1.92588
248.595,-1.92609
248.645,-1.92631
248.693,-1.92653
248.741,-1.92674
248.791,-1.92695
248.842,-1.92716
248.892,-1.92736
248.947,-1.92755
248.99,-1.92773
249.041,-1.9279
249.093,-1.92806
249.143,-1.92823
249.194,-1.9284
249.241,-1.92857
249.294,-1.92876
249.342,-1.92896
249.395,-1.92918
249.444,-1.92941
249.492,-1.92966
249.544,-1.92991
249.595,-1.93017
249.643,-1.93042
249.693,-1.93067
249.746,-1.9309
249.793,-1.93112
249.841,-1.93132
249.893,-1.93144
249.944,-1.93152
249.992,-1.93175
250.042,-1.93191
250.092,-1.93203
250.141,-1.93213
250.193,-1.93222
250.242,-1.93231
250.295,-1.93241
250.339,-1.93252
250.391,-1.93264
250.44,-1.93279
250.493,-1.93296
250.543,-1.93315
250.592,-1.93336
250.646,-1.93358
250.692,-1.93381
250.742,-1.93404
250.789,-1.93428
250.841,-1.93451
250.891,-1.93473
250.942,-1.93494
250.99,-1.93515
251.043,-1.93536
251.092,-1.93555
251.14,-1.93574
251.192,-1.93593
251.239,-1.93611
251.292,-1.93627
251.344,-1.93643
251.389,-1.93657
251.442,-1.93671
251.487,-1.93683
251.539,-1.93696
251.593,-1.93708
251.641,-1.93721
251.693,-1.93735
251.74,-1.93749
251.789,-1.93764
251.839,-1.93779
251.89,-1.93794
251.939,-1.9381
251.992,-1.93826
252.04,-1.93843
252.088,-1.93861
252.14,-1.93879
252.191,-1.93899
252.242,-1.93919
252.293,-1.9394
252.341,-1.93961
252.392,-1.93982
252.438,-1.94004
252.489,-1.94025
252.537,-1.94046
252.586,-1.94068
252.639,-1.94089
252.691,-1.9411
252.74,-1.94131
252.789,-1.94151
252.841,-1.94171
252.888,-1.94189
252.941,-1.94207
252.99,-1.94225
253.041,-1.94242
253.091,-1.94259
253.141,-1.94276
253.187,-1.94293
253.241,-1.94312
253.29,-1.94331
253.338,-1.94351
253.391,-1.94372
253.437,-1.94393
253.489,-1.94414
253.537,-1.94435
253.588,-1.94456
253.636,-1.94477
253.689,-1.94498
253.737,-1.94519
253.788,-1.9454
253.84,-1.9456
253.887,-1.9458
253.938,-1.946
253.987,-1.9462
254.037,-1.94638
254.091,-1.94656
254.139,-1.94673
254.189,-1.94689
254.239,-1.94703
254.29,-1.94716
254.339,-1.94727
254.387,-1.94738
254.44,-1.94748
254.49,-1.94758
254.537,-1.94768
254.586,-1.94779
254.639,-1.9479
254.685,-1.94803
254.737,-1.94816
254.791,-1.94832
254.837,-1.9485
254.891,-1.94869
254.936,-1.9489
254.987,-1.94912
255.036,-1.94935
255.084,-1.94959
255.138,-1.94983
255.184,-1.95006
255.237,-1.95029
255.288,-1.9505
255.336,-1.95071
255.388,-1.9509
255.436,-1.95109
255.489,-1.95127
255.536,-1.95144
255.589,-1.95162
255.635,-1.95179
255.685,-1.95195
255.739,-1.95213
255.787,-1.95231
255.838,-1.95249
255.887,-1.95268
255.935,-1.95286
255.987,-1.95305
256.033,-1.95324
256.086,-1.95342
256.138,-1.95361
256.182,-1.9538
256.237,-1.95399
256.285,-1.95419
256.336,-1.95439
256.383,-1.95458
256.436,-1.95478
256.484,-1.95498
256.537,-1.95517
256.585,-1.95536
256.633,-1.95554
256.688,-1.95571
256.73,-1.95587
256.784,-1.95603
256.837,-1.95619
256.883,-1.95635
256.936,-1.9565
256.983,-1.95666
257.038,-1.95682
257.082,-1.95698
257.132,-1.95714
257.184,-1.95731
257.231,-1.95748
257.284,-1.95766
257.336,-1.95785
257.386,-1.95804
257.434,-1.95823
257.484,-1.95842
257.532,-1.95861
257.583,-1.9588
257.635,-1.95898
257.682,-1.95916
257.733,-1.95934
257.782,-1.95951
257.833,-1.95968
257.884,-1.95985
257.935,-1.96003
257.984,-1.9602
258.029,-1.96037
258.082,-1.96054
258.133,-1.96071
258.182,-1.96088
258.232,-1.96105
258.283,-1.96121
258.334,-1.96138
258.383,-1.96156
258.434,-1.96174
258.483,-1.96193
258.532,-1.96212
258.581,-1.96231
258.633,-1.9625
258.683,-1.96269
258.736,-1.96289
258.785,-1.96308
258.831,-1.96328
258.88,-1.96348
258.934,-1.96367
258.982,-1.96387
259.032,-1.96406
259.082,-1.96425
259.132,-1.96444
259.186,-1.96464
259.233,-1.96483
259.284,-1.96503
259.332,-1.96523
259.382,-1.96544
259.432,-1.96565
259.482,-1.96587
259.531,-1.96608
259.584,-1.9663
259.633,-1.96651
259.68,-1.96672
259.73,-1.96692
259.782,-1.96712
259.832,-1.96731
259.882,-1.9675
259.931,-1.96767
259.979,-1.96784
260.031,-1.96801
260.082,-1.96817
260.132,-1.96834
260.181,-1.96851
260.232,-1.96869
260.278,-1.96887
260.333,-1.96906
260.382,-1.96924
260.43,-1.96943
260.484,-1.96961
260.53,-1.96979
260.582,-1.96996
260.632,-1.97013
260.682,-1.97029
260.732,-1.97045
260.783,-1.9706
260.83,-1.97074
260.881,-1.97088
260.935,-1.97102
260.98,-1.97116
261.031,-1.97131
261.084,-1.97145
261.129,-1.9716
261.18,-1.97175
261.23,-1.97191
261.279,-1.97207
261.332,-1.97223
261.381,-1.9724
261.432,-1.97257
261.483,-1.97273
261.532,-1.97291
261.58,-1.97308
261.626,-1.97326
261.682,-1.97344
261.731,-1.97362
261.78,-1.97381
261.828,-1.974
261.88,-1.97418
261.929,-1.97437
261.98,-1.97456
262.033,-1.97475
262.079,-1.97495
262.128,-1.97514
262.182,-1.97533
262.23,-1.97551
262.278,-1.97569
262.328,-1.97587
262.38,-1.97605
262.429,-1.97623
262.48,-1.97641
262.53,-1.9766
262.576,-1.9768
262.629,-1.97699
262.679,-1.97718
262.731,-1.97736
262.781,-1.97755
262.83,-1.97772
262.878,-1.9779
262.928,-1.97807
262.978,-1.97824
263.029,-1.97842
263.08,-1.97859
263.129,-1.97875
263.179,-1.97892
263.229,-1.97907
263.28,-1.97922
263.33,-1.97935
263.379,-1.97948
263.43,-1.9796
263.479,-1.97972
263.527,-1.97984
263.579,-1.97996
263.628,-1.98008
263.678,-1.98021
263.727,-1.98035
263.78,-1.98049
263.829,-1.98065
263.88,-1.98081
263.929,-1.98099
263.974,-1.98118
264.024,-1.98137
264.075,-1.98156
264.128,-1.98175
264.181,-1.98194
264.228,-1.98212
264.279,-1.9823
264.328,-1.98247
264.375,-1.98263
264.426,-1.98279
264.479,-1.98294
264.526,-1.98308
264.576,-1.98322
264.628,-1.98336
264.676,-1.9835
264.729,-1.98365
264.777,-1.9838
264.826,-1.98396
264.878,-1.98412
264.93,-1.9843
264.978,-1.98449
265.028,-1.9847
265.078,-1.9849
265.126,-1.98512
265.176,-1.98533
265.226,-1.98554
265.277,-1.98575
265.327,-1.98596
265.376,-1.98617
265.425,-1.98638
265.479,-1.98659
265.527,-1.98679
265.578,-1.987
265.626,-1.98721
265.675,-1.98741
265.725,-1.9876
265.779,-1.98778
265.827,-1.98796
265.876,-1.98814
265.926,-1.98831
265.975,-1.98848
266.025,-1.98865
266.076,-1.98882
266.124,-1.98901
266.174,-1.98921
266.224,-1.98942
266.276,-1.98964
266.325,-1.98988
266.379,-1.99013
266.426,-1.99038
266.474,-1.99064
266.527,-1.99089
266.576,-1.99114
266.626,-1.99139
266.676,-1.99163
266.727,-1.99186
266.775,-1.99209
266.828,-1.9923
266.874,-1.99251
266.927,-1.99269
266.976,-1.99285
267.023,-1.993
267.075,-1.99313
267.127,-1.99326
267.175,-1.99339
267.225,-1.99353
267.274,-1.99367
267.325,-1.99381
267.375,-1.99397
267.422,-1.99414
267.475,-1.99432
267.523,-1.9945
267.574,-1.9947
267.627,-1.99491
267.674,-1.99512
267.729,-1.99534
267.773,-1.99556
267.821,-1.99579
267.872,-1.99601
267.921,-1.99622
267.973,-1.99642
268.023,-1.99663
268.075,-1.99683
268.124,-1.99703
268.172,-1.99723
268.225,-1.99743
268.272,-1.99763
268.323,-1.99782
268.371,-1.99801
268.422,-1.99821
268.474,-1.99841
268.521,-1.99861
268.571,-1.99882
268.621,-1.99902
268.671,-1.99921
268.722,-1.9994
268.775,-1.99957
268.824,-1.99972
268.872,-1.99986
268.923,-2.0
268.971,-2.00012
269.024,-2.00029
269.071,-2.00106
269.126,-2.00219
269.172,-2.00202
269.223,-2.00197
269.275,-2.00209
269.324,-2.00223
269.374,-2.00217
269.42,-2.0016
269.471,-2.00076
269.524,-2.00021
269.572,-2.0001
269.623,-2.00032
269.67,-2.00095
269.722,-2.00167
269.775,-2.0024
269.825,-2.00288
269.871,-2.00317
269.921,-2.00346
269.97,-2.00375
270.018,-2.00408
270.072,-2.00436
270.121,-2.0045
270.174,-2.00455
270.223,-2.00461
270.271,-2.00481
270.322,-2.00505
270.371,-2.00513
270.421,-2.00512
270.471,-2.00513
270.517,-2.00524
270.57,-2.0054
270.619,-2.00558
270.67,-2.00582
270.72,-2.00615
270.769,-2.0064
270.82,-2.00654
270.868,-2.00662
270.921,-2.00668
270.971,-2.00678
271.024,-2.00698
271.071,-2.00722
271.121,-2.00742
271.172,-2.00757
271.219,-2.00765
271.271,-2.00771
271.32,-2.00779
271.369,-2.00793
271.42,-2.00808
271.47,-2.00824
271.522,-2.00838
271.571,-2.00853
271.618,-2.0087
271.668,-2.00888
271.72,-2.00904
271.773,-2.0092
271.823,-2.00938
271.871,-2.00957
271.921,-2.00977
271.971,-2.00999
272.023,-2.01022
272.07,-2.01045
272.121,-2.01069
272.171,-2.01092
272.221,-2.01114
272.273,-2.01136
272.322,-2.01157
272.374,-2.01178
272.42,-2.01198
272.469,-2.01217
272.517,-2.01236
272.571,-2.01254
272.62,-2.01272
272.668,-2.01289
272.719,-2.01306
272.765,-2.01323
272.82,-2.01341
272.868,-2.01358
272.919,-2.01375
272.966,-2.01393
273.018,-2.0141
273.07,-2.01428
273.118,-2.01445
273.171,-2.01462
273.216,-2.01478
273.267,-2.01494
273.316,-2.01509
273.365,-2.01523
273.417,-2.01537
273.466,-2.0155
273.519,-2.01563
273.564,-2.01577
273.616,-2.01591
273.67,-2.01607
273.722,-2.01625
273.769,-2.01644
273.817,-2.01665
273.866,-2.01687
273.92,-2.0171
273.967,-2.01733
274.017,-2.01757
274.065,-2.0178
274.118,-2.01803
274.166,-2.01825
274.219,-2.01845
274.267,-2.01864
274.317,-2.01881
274.369,-2.01896
274.414,-2.01909
274.467,-2.01921
274.518,-2.01933
274.565,-2.01944
274.617,-2.01955
274.664,-2.01967
274.715,-2.0198
274.767,-2.01993
274.82,-2.02008
274.871,-2.02025
274.914,-2.02043
274.966,-2.02062
275.017,-2.02082
275.068,-2.02103
275.117,-2.02124
275.167,-2.02147
275.218,-2.02169
275.266,-2.02191
275.319,-2.02214
275.369,-2.02237
275.418,-2.02258
275.464,-2.0228
275.515,-2.023
275.568,-2.02319
275.615,-2.02338
275.668,-2.02355
275.716,-2.02373
275.765,-2.02391
275.815,-2.0241
275.864,-2.02429
275.916,-2.02448
275.967,-2.02468
276.016,-2.02488
276.064,-2.02508
276.115,-2.02529
276.167,-2.02549
276.215,-2.02569
276.268,-2.02589
276.311,-2.02609
276.367,-2.02629
276.414,-2.02649
276.466,-2.02668
276.518,-2.02687
276.564,-2.02705
276.617,-2.02721
276.667,-2.02738
276.714,-2.02754
276.765,-2.02769
276.815,-2.02785
276.865,-2.02802
276.915,-2.02818
276.963,-2.02836
277.014,-2.02853
277.062,-2.02871
277.115,-2.02889
277.165,-2.02907
277.215,-2.02925
277.264,-2.02942
277.314,-2.02959
277.364,-2.02976
277.412,-2.02993
277.464,-2.03011
277.514,-2.03029
277.565,-2.03047
277.612,-2.03066
277.664,-2.03085
277.714,-2.03104
277.762,-2.03124
277.816,-2.03144
277.863,-2.03164
277.913,-2.03183
277.964,-2.03203
278.013,-2.03223
278.066,-2.03243
278.114,-2.03264
278.163,-2.03286
278.21,-2.03308
278.261,-2.03331
278.314,-2.03355
278.363,-2.03378
278.413,-2.03402
278.463,-2.03425
278.512,-2.03449
278.562,-2.03472
278.612,-2.03495
278.664,-2.03517
278.714,-2.03538
278.762,-2.03559
278.814,-2.0358
278.865,-2.036
278.911,-2.0362
278.964,-2.0364
279.015,-2.03659
279.061,-2.03678
279.113,-2.03695
279.162,-2.03713
279.214,-2.0373
279.262,-2.03747
279.311,-2.03764
279.362,-2.03782
279.411,-2.038
279.462,-2.03819
279.511,-2.0384
279.563,-2.03861
279.614,-2.03883
279.661,-2.03906
279.716,-2.03929
279.76,-2.03952
279.811,-2.03975
279.858,-2.03997
279.911,-2.04018
279.961,-2.04039
280.011,-2.04059
280.06,-2.04079
280.11,-2.04097
280.161,-2.04115
280.21,-2.04133
280.264,-2.0415
280.314,-2.04167
280.361,-2.04183
280.412,-2.04199
280.462,-2.04216
280.512,-2.04232
280.56,-2.04248
280.611,-2.04264
280.663,-2.0428
280.711,-2.04296
280.76,-2.04311
280.81,-2.04326
280.861,-2.04341
280.911,-2.04355
280.961,-2.0437
281.009,-2.04385
281.061,-2.044
281.109,-2.04415
281.159,-2.04432
281.209,-2.04449
281.263,-2.04466
281.314,-2.04483
281.363,-2.04501
281.409,-2.0452
281.461,-2.04539
281.508,-2.04558
281.558,-2.04578
281.611,-2.04599
281.66,-2.0462
281.712,-2.04642
281.76,-2.04665
281.809,-2.04688
281.858,-2.04711
281.909,-2.04734
281.96,-2.04756
282.009,-2.04778
282.064,-2.048
282.109,-2.0482
282.163,-2.04841
282.211,-2.04861
282.258,-2.04881
282.308,-2.049
282.357,-2.04918
282.412,-2.04935
282.463,-2.04951
282.51,-2.04968
282.561,-2.04984
282.608,-2.05
282.661,-2.05016
282.709,-2.05032
282.76,-2.05049
282.807,-2.05066
282.857,-2.05084
282.909,-2.05102
282.96,-2.05121
283.009,-2.05139
283.057,-2.05158
283.107,-2.05177
283.156,-2.05195
283.207,-2.05214
283.26,-2.05231
283.307,-2.05249
283.358,-2.05266
283.408,-2.05282
283.457,-2.05298
283.509,-2.05312
283.556,-2.05325
283.61,-2.05338
283.657,-2.05351
283.707,-2.05363
283.758,-2.05376
283.807,-2.05389
283.856,-2.05403
283.905,-2.05418
283.958,-2.05434
284.009,-2.05451
284.057,-2.05469
284.106,-2.05488
284.156,-2.05508
284.204,-2.05528
284.255,-2.05549
284.31,-2.0557
284.36,-2.05591
284.407,-2.05611
284.458,-2.0563
284.507,-2.05647
284.558,-2.05663
284.606,-2.05678
284.654,-2.05692
284.708,-2.05706
284.755,-2.05719
284.81,-2.05733
284.857,-2.05748
284.911,-2.05765
284.956,-2.05782
285.006,-2.05802
285.056,-2.05823
285.103,-2.05846
285.158,-2.0587
285.206,-2.05894
285.256,-2.05918
285.306,-2.05942
285.36,-2.05965
285.409,-2.05986
285.454,-2.06006
285.505,-2.06025
285.555,-2.06044
285.606,-2.06061
285.657,-2.06078
285.707,-2.06094
285.758,-2.0611
285.805,-2.06127
285.856,-2.06145
285.906,-2.06163
285.956,-2.06184
286.009,-2.06205
286.057,-2.06226
286.107,-2.06249
286.155,-2.06271
286.205,-2.06294
286.256,-2.06317
286.305,-2.06339
286.356,-2.06361
286.404,-2.06382
286.457,-2.06403
286.505,-2.06422
286.555,-2.06441
286.604,-2.06459
286.654,-2.06475
286.704,-2.0649
286.753,-2.06505
286.805,-2.06519
286.855,-2.06532
286.905,-2.06546
286.954,-2.0656
287.004,-2.06574
287.056,-2.06589
287.104,-2.06604
287.154,-2.0662
287.206,-2.06636
287.254,-2.06652
287.305,-2.06669
287.353,-2.06686
287.407,-2.06703
287.455,-2.0672
287.502,-2.06737
287.556,-2.06754
287.607,-2.06771
287.654,-2.06788
287.704,-2.06805
287.754,-2.06821
287.802,-2.06838
287.853,-2.06854
287.904,-2.0687
287.954,-2.06886
288.0,-2.06903
288.053,-2.0692
288.104,-2.06937
288.154,-2.06955
288.203,-2.06973
288.254,-2.06992
288.303,-2.07011
288.352,-2.07031
288.403,-2.07052
288.456,-2.07074
288.504,-2.07098
288.549,-2.07123
288.603,-2.07149
288.652,-2.07174
288.707,-2.072
288.754,-2.07224
288.804,-2.07248
288.853,-2.07269
288.901,-2.07289
288.956,-2.07308
289.005,-2.07325
289.054,-2.07341
289.102,-2.07356
289.156,-2.07372
289.202,-2.07389
289.252,-2.07406
289.303,-2.07424
289.355,-2.07444
289.403,-2.07465
289.45,-2.07488
289.501,-2.07512
289.554,-2.07537
289.604,-2.07562
289.653,-2.07587
289.701,-2.07612
289.753,-2.07636
289.803,-2.07659
289.849,-2.07681
289.903,-2.07701
289.95,-2.0772
289.999,-2.07737
290.053,-2.07753
290.103,-2.07768
290.152,-2.07783
290.2,-2.07798
290.252,-2.07813
290.3,-2.0783
290.353,-2.07848
290.402,-2.07868
290.451,-2.0789
290.504,-2.07913
290.549,-2.07938
290.604,-2.07963
290.651,-2.07988
290.703,-2.08014
290.751,-2.08038
290.798,-2.08062
290.851,-2.08085
290.899,-2.08106
290.95,-2.08126
291.0,-2.08145
291.052,-2.08162
291.102,-2.08179
291.15,-2.08195
291.206,-2.0821
291.249,-2.08225
291.301,-2.08241
291.352,-2.08257
291.401,-2.08275
291.452,-2.08293
291.498,-2.08312
291.55,-2.08332
291.6,-2.08353
291.65,-2.08375
291.703,-2.08397
291.75,-2.08419
291.8,-2.08441
291.848,-2.08464
291.898,-2.08486
291.952,-2.08509
291.998,-2.08531
292.052,-2.08553
292.096,-2.08574
292.151,-2.08596
292.2,-2.08617
292.25,-2.08638
292.299,-2.08659
292.349,-2.0868
292.401,-2.08701
292.449,-2.08722
292.501,-2.08743
292.55,-2.08764
292.599,-2.08785
292.649,-2.08806
292.695,-2.08827
292.749,-2.08847
292.798,-2.08868
292.85,-2.08888
292.899,-2.08908
292.952,-2.08927
292.999,-2.08946
293.048,-2.08965
293.1,-2.08984
293.151,-2.09002
293.196,-2.09022
293.245,-2.09041
293.3,-2.09061
293.35,-2.09081
293.399,-2.09101
293.449,-2.0912
293.496,-2.09138
293.548,-2.09156
293.599,-2.09173
293.647,-2.0919
293.697,-2.09207
293.747,-2.09224
293.797,-2.09243
293.848,-2.09263
293.9,-2.09284
293.947,-2.09305
293.995,-2.09327
294.046,-2.09349
294.097,-2.0937
294.149,-2.09391
294.196,-2.09411
294.246,-2.09429
294.299,-2.09447
294.345,-2.09464
294.397,-2.0948
294.448,-2.09496
294.499,-2.09512
294.546,-2.09527
294.597,-2.09543
294.647,-2.09559
294.697,-2.09576
294.746,-2.09593
294.797,-2.09612
294.848,-2.09632
294.897,-2.09652
294.947,-2.09673
294.999,-2.09694
295.045,-2.09715
295.096,-2.09736
295.147,-2.09757
295.2,-2.09777
295.246,-2.09797
295.296,-2.09817
295.347,-2.09836
295.396,-2.09855
295.446,-2.09873
295.497,-2.09892
295.549,-2.09911
295.597,-2.0993
295.646,-2.0995
295.697,-2.09969
295.746,-2.0999
295.798,-2.1001
295.847,-2.10029
295.895,-2.10048
295.949,-2.10067
295.993,-2.10085
296.05,-2.10103
296.096,-2.10122
296.146,-2.10142
296.196,-2.10163
296.243,-2.10185
296.296,-2.10208
296.346,-2.10231
296.397,-2.10254
296.444,-2.10277
296.493,-2.10299
296.544,-2.10321
296.597,-2.10342
296.645,-2.10362
296.695,-2.10383
296.744,-2.10402
296.792,-2.10421
296.844,-2.1044
296.895,-2.10458
296.946,-2.10476
296.996,-2.10493
297.045,-2.1051
297.097,-2.10526
297.148,-2.10543
297.194,-2.1056
297.247,-2.10578
297.293,-2.10596
297.343,-2.10614
297.391,-2.10633
297.444,-2.10652
297.497,-2.10672
297.545,-2.10693
297.594,-2.10714
297.642,-2.10735
297.693,-2.10757
297.744,-2.10779
297.794,-2.10802
297.846,-2.10824
297.894,-2.10846
297.944,-2.10867
297.994,-2.10889
298.045,-2.1091
298.096,-2.10931
298.142,-2.10951
298.197,-2.10971
298.244,-2.10991
298.295,-2.11011
298.343,-2.11031
298.394,-2.1105
298.446,-2.11069
298.491,-2.11088
298.546,-2.11107
298.593,-2.11126
298.643,-2.11146
298.694,-2.11165
298.744,-2.11185
298.794,-2.11205
298.845,-2.11224
298.893,-2.11244
298.943,-2.11263
298.994,-2.11282
299.044,-2.11302
299.092,-2.11321
299.144,-2.11341
299.195,-2.11362
299.242,-2.11382
299.292,-2.11403
299.343,-2.11424
299.395,-2.11445
299.44,-2.11467
299.491,-2.11488
299.541,-2.11509
299.591,-2.1153
299.645,-2.11551
299.688,-2.11572
299.742,-2.11593
299.79,-2.11613
299.842,-2.11632
299.892,-2.11651
299.944,-2.1167
299.994,-2.11688
300.039,-2.11706
300.093,-2.11725
300.141,-2.11744
300.196,-2.11763
300.241,-2.11783
300.29,-2.11802
300.344,-2.11823
300.392,-2.11843
300.443,-2.11863
300.491,-2.11884
300.541,-2.11905
300.59,-2.11925
300.641,-2.11945
300.693,-2.11965
300.74,-2.11986
300.789,-2.12007
300.84,-2.12029
300.892,-2.12052
300.941,-2.12075
300.993,-2.12098
301.042,-2.1212
301.089,-2.1214
301.139,-2.12159
301.19,-2.12175
301.243,-2.1219
301.293,-2.12205
301.34,-2.12219
301.391,-2.12233
301.44,-2.12249
301.493,-2.12265
301.538,-2.12284
301.592,-2.12303
301.64,-2.12325
301.69,-2.12348
301.741,-2.12372
301.791,-2.12398
301.842,-2.12425
301.891,-2.12452
301.938,-2.12479
301.993,-2.12506
302.041,-2.12532
302.092,-2.12557
302.139,-2.12582
302.189,-2.12605
302.24,-2.12627
302.289,-2.12647
302.343,-2.12666
302.39,-2.12684
302.443,-2.12702
302.491,-2.12719
302.542,-2.12736
302.591,-2.12754
302.64,-2.12772
302.691,-2.12791
302.739,-2.12812
302.791,-2.12833
302.839,-2.12856
302.891,-2.1288
302.941,-2.12905
302.988,-2.1293
303.038,-2.12955
303.089,-2.12979
303.142,-2.13004
303.19,-2.13027
303.238,-2.13051
303.29,-2.13073
303.338,-2.13096
303.39,-2.13118
303.441,-2.1314
303.491,-2.13162
303.541,-2.13184
303.586,-2.13206
303.64,-2.13228
303.689,-2.1325
303.738,-2.13272
303.792,-2.13294
303.839,-2.13316
303.891,-2.1334
303.94,-2.13363
303.989,-2.13387
304.04,-2.13412
304.089,-2.13436
304.139,-2.1346
304.186,-2.13484
304.241,-2.13508
304.29,-2.13531
304.339,-2.13554
304.386,-2.13577
304.438,-2.136
304.488,-2.13621
304.539,-2.13642
304.589,-2.13663
304.637,-2.13683
304.689,-2.13704
304.738,-2.13725
304.788,-2.13747
304.839,-2.13769
304.887,-2.13793
304.936,-2.13817
304.987,-2.13842
305.037,-2.13868
305.087,-2.13894
305.136,-2.1392
305.188,-2.13946
305.236,-2.13971
305.291,-2.13996
305.343,-2.14021
305.387,-2.14044
305.439,-2.14067
305.486,-2.14089
305.536,-2.14111
305.586,-2.14132
305.637,-2.14154
305.689,-2.14176
305.739,-2.14198
305.786,-2.1422
305.837,-2.14243
305.888,-2.14265
305.935,-2.14288
305.987,-2.14312
306.037,-2.14337
306.087,-2.14363
306.137,-2.1439
306.187,-2.14418
306.238,-2.14447
306.287,-2.14475
306.335,-2.14503
306.385,-2.14531
306.438,-2.14557
306.485,-2.14582
306.538,-2.14606
306.587,-2.14629
306.634,-2.14649
306.687,-2.14669
306.739,-2.14688
306.783,-2.14706
306.835,-2.14724
306.884,-2.14742
306.935,-2.14761
306.988,-2.14781
307.035,-2.14802
307.087,-2.14825
307.135,-2.14849
307.189,-2.14874
307.236,-2.14901
307.283,-2.14928
307.335,-2.14955
307.383,-2.14982
307.436,-2.15008
307.484,-2.15033
307.536,-2.15057
307.587,-2.15079
307.635,-2.15101
307.686,-2.15121
307.735,-2.1514
307.785,-2.15159
307.834,-2.15177
307.885,-2.15195
307.936,-2.15213
307.986,-2.15231
308.035,-2.15251
308.082,-2.15271
308.135,-2.15292
308.183,-2.15314
308.233,-2.15337
308.286,-2.1536
308.338,-2.15385
308.389,-2.15409
308.433,-2.15434
308.483,-2.15459
308.534,-2.15484
308.584,-2.15509
308.635,-2.15533
308.683,-2.15558
308.734,-2.15582
308.782,-2.15606
308.833,-2.1563
308.885,-2.15653
308.932,-2.15676
308.986,-2.15698
309.033,-2.1572
309.085,-2.15742
309.134,-2.15763
309.182,-2.15784
309.233,-2.15805
309.283,-2.15827
309.335,-2.15849
309.383,-2.15871
309.436,-2.15895
309.485,-2.15919
309.535,-2.15943
309.581,-2.15968
309.634,-2.15992
309.683,-2.16015
309.731,-2.16039
309.783,-2.16062
309.835,-2.16085
309.884,-2.16108
309.932,-2.1613
309.985,-2.16152
310.033,-2.16174
310.08,-2.16196
310.131,-2.16218
310.186,-2.1624
310.233,-2.16262
310.283,-2.16286
310.332,-2.1631
310.383,-2.16335
310.434,-2.16362
310.486,-2.16389
310.534,-2.16418
310.581,-2.16447
310.632,-2.16476
310.681,-2.16506
310.733,-2.16535
310.782,-2.16564
310.832,-2.16593
310.884,-2.16622
310.931,-2.1665
310.98,-2.16677
311.032,-2.16703
311.083,-2.16729
311.131,-2.16755
311.181,-2.16779
311.233,-2.16801
311.281,-2.16823
311.332,-2.16844
311.384,-2.16864
311.431,-2.16884
311.485,-2.16904
311.531,-2.16924
311.583,-2.16945
311.63,-2.16967
311.684,-2.1699
311.731,-2.17014
311.784,-2.17039
311.834,-2.17065
311.882,-2.17092
311.931,-2.1712
311.979,-2.17148
312.032,-2.17175
312.079,-2.17202
312.133,-2.17228
312.182,-2.17254
312.232,-2.1728
312.281,-2.17305
312.329,-2.17331
312.381,-2.17357
312.433,-2.17383
312.481,-2.1741
312.53,-2.17437
312.581,-2.17464
312.633,-2.17492
312.683,-2.17519
312.731,-2.17547
312.78,-2.17574
312.83,-2.17602
312.883,-2.1763
312.929,-2.17657
312.98,-2.17685
313.032,-2.17713
313.079,-2.1774
313.131,-2.17766
313.18,-2.17792
313.23,-2.17818
313.276,-2.17845
313.331,-2.17872
313.38,-2.17899
313.428,-2.17927
313.48,-2.17955
313.53,-2.17983
313.58,-2.18011
313.63,-2.1804
313.68,-2.18068
313.733,-2.18096
313.777,-2.18124
313.831,-2.18152
313.883,-2.18181
313.931,-2.1821
313.981,-2.1824
314.031,-2.1827
314.081,-2.183
314.129,-2.1833
314.176,-2.1836
314.226,-2.18389
314.278,-2.18417
314.331,-2.18445
314.377,-2.18472
314.43,-2.185
314.479,-2.18528
314.53,-2.18556
314.579,-2.18585
314.627,-2.18615
314.677,-2.18646
314.726,-2.18679
314.778,-2.18713
314.829,-2.18748
314.879,-2.18784
314.929,-2.18819
314.978,-2.18856
315.027,-2.18891
315.076,-2.18927
315.128,-2.18962
315.182,-2.18996
315.228,-2.19029
315.278,-2.1906
315.33,-2.19091
315.38,-2.1912
315.427,-2.19148
315.479,-2.19176
315.527,-2.19204
315.576,-2.19231
315.629,-2.19258
315.679,-2.19285
315.731,-2.19312
315.778,-2.19339
315.826,-2.19366
315.879,-2.19394
315.927,-2.19422
315.976,-2.19452
316.029,-2.19483
316.077,-2.19516
316.127,-2.1955
316.176,-2.19587
316.226,-2.19625
316.276,-2.19664
316.324,-2.19704
316.375,-2.19745
316.431,-2.19785
316.478,-2.19825
316.528,-2.19864
316.576,-2.19901
316.624,-2.19937
316.675,-2.19971
316.726,-2.20005
316.778,-2.20037
316.828,-2.20067
316.876,-2.20097
316.927,-2.20125
316.975,-2.20152
317.026,-2.20178
317.078,-2.20204
317.126,-2.2023
317.176,-2.20258
317.225,-2.20287
317.277,-2.20318
317.328,-2.20351
317.376,-2.20385
317.427,-2.2042
317.477,-2.20456
317.524,-2.20492
317.575,-2.20528
317.628,-2.20564
317.675,-2.206
317.724,-2.20635
317.776,-2.20668
317.826,-2.20701
317.876,-2.20733
317.924,-2.20764
317.975,-2.20795
318.026,-2.20825
318.074,-2.20856
318.126,-2.20885
318.174,-2.20915
318.226,-2.20943
318.272,-2.2097
318.325,-2.20997
318.374,-2.21023
318.427,-2.21049
318.477,-2.21075
318.524,-2.21101
318.574,-2.21126
318.627,-2.21152
318.673,-2.21177
318.725,-2.21202
318.774,-2.21227
318.824,-2.21251
318.875,-2.21274
318.925,-2.21297
318.975,-2.2132
319.027,-2.21343
319.077,-2.21365
319.124,-2.21388
319.176,-2.21411
319.227,-2.21434
319.277,-2.21457
319.322,-2.2148
319.373,-2.21503
319.426,-2.21527
319.475,-2.2155
319.525,-2.21573
319.571,-2.21596
319.621,-2.21617
319.672,-2.21637
319.72,-2.21655
319.775,-2.21671
319.824,-2.21686
319.872,-2.21699
319.921,-2.21711
319.974,-2.21723
320.023,-2.21735
320.074,-2.21748
320.124,-2.21761
320.174,-2.21775
320.223,-2.2179
320.274,-2.21805
320.326,-2.21821
320.374,-2.21837
320.422,-2.21853
320.473,-2.2187
320.526,-2.21886
320.572,-2.21902
320.626,-2.21918
320.676,-2.21935
320.723,-2.21951
320.772,-2.21967
320.822,-2.21982
320.874,-2.21997
320.922,-2.22009
320.973,-2.2202
321.023,-2.22029
321.072,-2.22036
321.124,-2.22042
321.172,-2.22046
321.223,-2.2205
321.273,-2.22054
321.322,-2.22059
321.374,-2.22065
321.425,-2.22073
321.473,-2.22084
321.524,-2.22095
321.571,-2.22108
321.621,-2.22122
321.674,-2.22137
321.724,-2.22152
321.773,-2.22167
321.823,-2.22181
321.871,-2.22196
321.922,-2.22211
321.971,-2.22225
322.024,-2.22239
322.07,-2.22252
322.119,-2.22264
322.172,-2.22275
322.22,-2.22284
322.273,-2.22292
322.32,-2.22299
322.369,-2.22304
322.421,-2.2231
322.472,-2.22315
322.523,-2.2232
322.57,-2.22326
322.619,-2.22333
322.669,-2.2234
322.724,-2.22349
322.771,-2.22358
322.822,-2.22367
322.871,-2.22377
322.919,-2.22387
322.975,-2.22396
323.021,-2.22405
323.072,-2.22414
323.118,-2.22423
323.167,-2.22432
323.219,-2.22442
323.271,-2.22452
323.321,-2.22462
323.372,-2.22473
323.42,-2.22484
323.469,-2.22495
323.522,-2.22507
323.571,-2.22519
323.62,-2.22532
323.67,-2.22545
323.72,-2.22559
323.768,-2.22572
323.821,-2.22584
323.869,-2.22596
323.922,-2.22609
323.968,-2.22621
324.02,-2.22633
324.067,-2.22646
324.121,-2.22658
324.172,-2.22671
324.22,-2.22684
324.273,-2.22696
324.319,-2.22709
324.37,-2.22722
324.424,-2.22734
324.47,-2.22745
324.521,-2.22756
324.571,-2.22767
324.62,-2.22777
324.67,-2.22788
324.719,-2.22799
324.768,-2.2281
324.82,-2.22822
324.87,-2.22835
324.918,-2.22848
324.969,-2.22861
325.019,-2.22875
325.068,-2.22889
325.12,-2.22903
325.167,-2.22917
325.219,-2.22931
325.271,-2.22946
325.322,-2.2296
325.371,-2.22974
325.417,-2.22988
325.47,-2.23002
325.521,-2.23015
325.567,-2.23028
325.616,-2.23041
325.665,-2.23053
325.719,-2.23066
325.768,-2.23079
325.82,-2.23092
325.868,-2.23106
325.915,-2.23121
325.967,-2.23138
326.017,-2.23155
326.068,-2.23174
326.118,-2.23194
326.167,-2.23213
326.217,-2.23231
326.267,-2.23247
326.317,-2.23262
326.367,-2.23275
326.42,-2.23286
326.468,-2.23294
326.518,-2.23302
326.568,-2.23308
326.617,-2.23315
326.665,-2.23322
326.718,-2.23329
326.766,-2.23338
326.818,-2.23348
326.866,-2.2336
326.918,-2.23374
326.966,-2.23389
327.018,-2.23404
327.065,-2.23421
327.116,-2.23438
327.168,-2.23455
327.215,-2.23472
327.265,-2.23489
327.312,-2.23507
327.369,-2.23523
327.415,-2.2354
327.465,-2.23555
327.517,-2.2357
327.565,-2.23585
327.617,-2.23599
327.665,-2.23614
327.72,-2.23629
327.767,-2.23644
327.817,-2.2366
327.869,-2.23677
327.914,-2.23695
327.968,-2.23713
328.014,-2.23733
328.067,-2.23752
328.115,-2.23772
328.165,-2.2379
328.215,-2.23808
328.264,-2.23824
328.318,-2.23838
328.364,-2.23851
328.414,-2.23862
328.466,-2.23871
328.516,-2.2388
328.567,-2.23889
328.614,-2.23899
328.664,-2.23909
328.716,-2.23921
328.766,-2.23935
328.818,-2.2395
328.865,-2.23967
328.916,-2.23985
328.964,-2.24003
329.016,-2.24021
329.065,-2.24039
329.114,-2.24056
329.165,-2.24072
329.211,-2.24088
329.265,-2.24102
329.313,-2.24116
329.367,-2.24129
329.416,-2.24143
329.464,-2.24157
329.516,-2.24171
329.563,-2.24186
329.615,-2.24202
329.663,-2.24219
329.713,-2.24238
329.764,-2.24257
329.813,-2.24278
329.865,-2.24299
329.914,-2.2432
329.965,-2.24341
330.015,-2.24363
330.06,-2.24383
330.115,-2.24404
330.163,-2.24423
330.211,-2.24442
330.261,-2.2446
330.313,-2.24477
330.364,-2.24493
330.413,-2.24509
330.465,-2.24525
330.514,-2.24541
330.565,-2.24557
330.613,-2.24574
330.665,-2.24591
330.714,-2.24608
330.764,-2.24625
330.817,-2.24643
330.862,-2.24662
330.914,-2.2468
330.964,-2.24699
331.014,-2.24717
331.064,-2.24734
331.113,-2.24752
331.163,-2.24769
331.214,-2.24785
331.263,-2.24802
331.315,-2.24819
331.361,-2.24837
331.413,-2.24856
331.464,-2.24876
331.516,-2.24896
331.564,-2.24915
331.609,-2.24933
331.666,-2.24951
331.712,-2.24968
331.764,-2.24984
331.813,-2.24999
331.863,-2.25013
331.913,-2.25026
331.959,-2.25039
332.012,-2.25051
332.062,-2.25064
332.111,-2.25077
332.162,-2.2509
332.212,-2.25103
332.264,-2.25117
332.312,-2.25132
332.364,-2.25148
332.412,-2.25165
332.462,-2.25181
332.51,-2.25199
332.56,-2.25216
332.612,-2.25233
332.662,-2.2525
332.713,-2.25266
332.759,-2.25282
332.809,-2.25298
332.862,-2.25312
332.911,-2.25326
332.962,-2.2534
333.01,-2.25352
333.06,-2.25364
333.113,-2.25377
333.16,-2.25389
333.211,-2.25403
333.259,-2.25418
333.31,-2.25434
333.361,-2.25451
333.409,-2.2547
333.461,-2.2549
333.512,-2.25509
333.56,-2.25529
333.607,-2.25548
333.66,-2.25567
333.709,-2.25585
333.76,-2.25602
333.81,-2.25618
333.859,-2.25633
333.911,-2.25649
333.959,-2.25665
334.009,-2.25682
334.062,-2.25699
334.11,-2.25718
334.159,-2.25737
334.209,-2.25757
334.259,-2.25777
334.311,-2.25798
334.361,-2.25818
334.41,-2.25837
334.459,-2.25856
334.511,-2.25873
334.558,-2.25889
334.609,-2.25903
334.66,-2.25917
334.707,-2.25931
334.757,-2.25944
334.809,-2.25958
334.862,-2.25973
334.91,-2.25988
334.956,-2.26005
335.01,-2.26022
335.061,-2.2604
335.112,-2.26059
335.157,-2.26078
335.209,-2.26098
335.258,-2.26118
335.311,-2.26137
335.36,-2.26157
335.41,-2.26176
335.46,-2.26194
335.507,-2.26211
335.558,-2.26228
335.611,-2.26245
335.659,-2.26261
335.71,-2.26277
335.759,-2.26292
335.808,-2.26307
335.859,-2.26321
335.906,-2.26335
335.959,-2.2635
336.007,-2.26366
336.058,-2.26383
336.106,-2.26402
336.16,-2.26423
336.207,-2.26444
336.258,-2.26466
336.308,-2.26488
336.356,-2.26507
336.408,-2.26526
336.455,-2.26543
336.506,-2.26559
336.556,-2.26574
336.608,-2.2659
336.659,-2.26605
336.707,-2.2662
336.76,-2.26636
336.807,-2.26653
336.857,-2.26671
336.907,-2.26691
336.956,-2.26711
337.007,-2.26733
337.058,-2.26756
337.106,-2.26779
337.157,-2.26803
337.207,-2.26826
337.256,-2.26849
337.307,-2.26871
337.357,-2.26893
337.406,-2.26914
337.457,-2.26934
337.509,-2.26954
337.557,-2.26973
337.608,-2.26992
337.655,-2.27009
337.705,-2.27026
337.759,-2.27042
337.807,-2.27058
337.858,-2.27074
337.906,-2.27091
337.956,-2.27108
338.005,-2.27127
338.057,-2.27146
338.109,-2.27166
338.158,-2.27187
338.207,-2.27208
338.255,-2.27229
338.308,-2.27249
338.357,-2.2727
338.405,-2.2729
338.456,-2.27311
338.506,-2.27331
338.556,-2.27351
338.604,-2.2737
338.656,-2.2739
338.706,-2.27409
338.755,-2.27428
338.808,-2.27447
338.857,-2.27464
338.904,-2.27482
338.956,-2.27499
339.004,-2.27515
339.054,-2.27532
339.102,-2.27549
339.157,-2.27565
339.205,-2.27582
339.257,-2.27599
339.307,-2.27616
339.356,-2.27634
339.406,-2.27652
339.456,-2.27671
339.507,-2.27691
339.555,-2.27711
339.606,-2.27731
339.655,-2.2775
339.705,-2.27769
339.755,-2.27786
339.805,-2.27803
339.857,-2.27817
339.902,-2.27831
339.955,-2.27844
340.004,-2.27856
340.056,-2.27868
340.106,-2.2788
340.156,-2.27893
340.202,-2.27906
340.255,-2.27919
340.306,-2.27934
340.355,-2.2795
340.402,-2.27966
340.454,-2.27983
340.504,-2.28
340.556,-2.28018
340.605,-2.28037
340.651,-2.28056
340.704,-2.28076
340.753,-2.28096
340.803,-2.28116
340.855,-2.28135
340.903,-2.28154
340.954,-2.28173
341.001,-2.2819
341.054,-2.28207
341.106,-2.28222
341.153,-2.28237
341.204,-2.28252
341.254,-2.28266
341.302,-2.28282
341.355,-2.28299
341.402,-2.28318
341.454,-2.28338
341.501,-2.28359
341.552,-2.28381
341.603,-2.28404
341.653,-2.28427
341.702,-2.28449
341.755,-2.2847
341.805,-2.2849
341.852,-2.28507
341.903,-2.28523
341.954,-2.28536
342.004,-2.28549
342.053,-2.2856
342.101,-2.28571
342.154,-2.28583
342.201,-2.28595
342.253,-2.28608
342.3,-2.28623
342.352,-2.28639
342.403,-2.28656
342.452,-2.28675
342.503,-2.28694
342.551,-2.28713
342.606,-2.28734
342.651,-2.28754
342.703,-2.28775
342.753,-2.28795
342.802,-2.28815
342.853,-2.28834
342.902,-2.28853
342.954,-2.28871
343.003,-2.2889
343.053,-2.28907
343.102,-2.28925
343.153,-2.28943
343.203,-2.28961
343.25,-2.28979
343.304,-2.28997
343.356,-2.29014
343.402,-2.29031
343.452,-2.29047
343.501,-2.29061
343.552,-2.29075
343.602,-2.29089
343.653,-2.29102
343.7,-2.29115
343.75,-2.29128
343.804,-2.29142
343.852,-2.29157
343.905,-2.29172
343.949,-2.29187
344.002,-2.29203
344.053,-2.2922
344.1,-2.29237
344.15,-2.29255
344.201,-2.29273
344.251,-2.29291
344.301,-2.2931
344.349,-2.29328
344.403,-2.29347
344.451,-2.29365
344.501,-2.29382
344.548,-2.29399
344.599,-2.29416
344.648,-2.29432
344.702,-2.29448
344.751,-2.29464
344.799,-2.29481
344.85,-2.29498
344.901,-2.29516
344.95,-2.29534
345.003,-2.29553
345.047,-2.29572
345.099,-2.29591
345.15,-2.29611
345.199,-2.29631
345.249,-2.29651
345.297,-2.29672
345.349,-2.29694
345.402,-2.29717
345.45,-2.2974
345.5,-2.29764
345.55,-2.29788
345.601,-2.29811
345.648,-2.29834
345.7,-2.29856
345.751,-2.29877
345.801,-2.29898
345.851,-2.29918
345.898,-2.29937
345.95,-2.29956
345.998,-2.29975
346.051,-2.29994
346.102,-2.30012
346.149,-2.30031
346.2,-2.3005
346.248,-2.30069
346.298,-2.30087
346.351,-2.30104
346.399,-2.30121
346.449,-2.30138
346.496,-2.30154
346.547,-2.30171
346.599,-2.3019
346.651,-2.30209
346.696,-2.30231
346.746,-2.30255
346.798,-2.30281
346.85,-2.30308
346.898,-2.30336
346.948,-2.30365
346.997,-2.30394
347.045,-2.30421
347.099,-2.30448
347.149,-2.30472
347.197,-2.30494
347.249,-2.30514
347.298,-2.30532
347.346,-2.30549
347.396,-2.30564
347.448,-2.30579
347.496,-2.30594
347.544,-2.30608
347.596,-2.30622
347.647,-2.30636
347.695,-2.3065
347.747,-2.30665
347.797,-2.30681
347.847,-2.30698
347.897,-2.30716
347.949,-2.30734
347.997,-2.30754
348.046,-2.30776
348.096,-2.30798
348.147,-2.30822
348.196,-2.30846
348.249,-2.30871
348.299,-2.30897
348.345,-2.30923
348.395,-2.3095
348.447,-2.30976
348.497,-2.31003
348.546,-2.31029
348.599,-2.31055
348.646,-2.3108
348.697,-2.31104
348.745,-2.31128
348.798,-2.3115
348.847,-2.31173
348.896,-2.31195
348.947,-2.31216
348.992,-2.31238
349.047,-2.31259
349.096,-2.31279
349.146,-2.313
349.195,-2.31321
349.244,-2.31342
349.295,-2.31363
349.346,-2.31385
349.398,-2.31408
349.446,-2.31432
349.496,-2.31457
349.547,-2.31482
349.596,-2.31507
349.647,-2.31531
349.695,-2.31555
349.744,-2.31578
349.796,-2.31601
349.844,-2.31622
349.897,-2.31643
349.944,-2.31664
349.996,-2.31684
350.046,-2.31704
350.095,-2.31724
350.149,-2.31743
350.191,-2.31763
350.245,-2.31782
350.294,-2.31801
350.342,-2.31819
350.394,-2.31836
350.447,-2.31854
350.495,-2.31871
350.544,-2.31889
350.593,-2.31907
350.645,-2.31926
350.694,-2.31945
350.744,-2.31964
350.794,-2.31983
350.844,-2.32002
350.892,-2.32021
350.945,-2.3204
350.996,-2.32059
351.045,-2.32078
351.095,-2.32097
351.145,-2.32117
351.196,-2.32138
351.242,-2.3216
351.294,-2.32182
351.344,-2.32206
351.394,-2.32229
351.441,-2.32253
351.493,-2.32276
351.545,-2.32299
351.596,-2.32321
351.643,-2.32341
351.692,-2.32361
351.743,-2.3238
351.793,-2.32398
351.845,-2.32415
351.892,-2.32431
351.947,-2.32448
351.991,-2.32465
352.046,-2.32483
352.093,-2.32501
352.143,-2.3252
352.193,-2.3254
352.243,-2.32561
352.295,-2.32583
352.345,-2.32604
352.393,-2.32626
352.445,-2.32649
352.493,-2.32672
352.54,-2.32697
352.592,-2.32721
352.64,-2.32747
352.691,-2.32772
352.745,-2.32797
352.791,-2.32822
352.842,-2.32846
352.893,-2.32869
352.941,-2.32892
352.992,-2.32913
353.041,-2.32933
353.089,-2.32951
353.144,-2.32968
353.192,-2.32984
353.243,-2.32999
353.292,-2.33013
353.341,-2.33027
353.391,-2.33041
353.442,-2.33056
353.493,-2.33071
353.542,-2.33086
353.591,-2.33102
353.643,-2.33119
353.691,-2.33137
353.74,-2.33156
353.793,-2.33175
353.843,-2.33195
353.893,-2.33215
353.939,-2.33236
353.99,-2.33257
354.042,-2.33279
354.091,-2.33301
354.141,-2.33322
354.19,-2.33344
354.24,-2.33364
354.294,-2.33384
354.342,-2.33403
354.391,-2.33421
354.442,-2.33438
354.49,-2.33454
354.54,-2.3347
354.591,-2.33487
354.642,-2.33504
354.692,-2.33522
354.741,-2.33541
354.793,-2.33561
354.842,-2.33582
354.892,-2.33604
354.94,-2.33625
354.99,-2.33647
355.038,-2.33669
355.089,-2.33692
355.142,-2.33715
355.188,-2.33739
355.24,-2.33763
355.291,-2.33788
355.34,-2.33812
355.391,-2.33836
355.439,-2.3386
355.488,-2.33883
355.538,-2.33906
355.589,-2.33929
355.642,-2.33951
355.692,-2.33974
355.74,-2.33997
355.788,-2.34021
355.84,-2.34045
355.891,-2.34069
355.942,-2.34093
355.991,-2.34117
356.037,-2.34142
356.09,-2.34167
356.139,-2.34192
356.191,-2.34217
356.241,-2.34242
356.289,-2.34267
356.34,-2.34291
356.387,-2.34315
356.44,-2.34338
356.49,-2.34361
356.539,-2.34383
356.591,-2.34404
356.639,-2.34425
356.688,-2.34445
356.74,-2.34465
356.79,-2.34486
356.838,-2.34507
356.888,-2.34528
356.937,-2.3455
356.991,-2.34572
357.039,-2.34594
357.089,-2.34616
357.138,-2.34639
357.191,-2.34662
357.238,-2.34685
357.289,-2.34709
357.337,-2.34732
357.389,-2.34756
357.436,-2.34779
357.486,-2.34803
357.538,-2.34825
357.587,-2.34848
357.638,-2.3487
357.686,-2.34893
357.737,-2.34915
357.789,-2.34937
357.84,-2.34959
357.89,-2.34981
357.938,-2.35002
357.99,-2.35024
358.039,-2.35046
358.089,-2.35069
358.141,-2.35093
358.189,-2.35117
358.24,-2.35143
358.289,-2.35168
358.339,-2.35194
358.39,-2.3522
358.438,-2.35246
358.489,-2.35272
358.536,-2.35298
358.585,-2.35324
358.638,-2.3535
358.687,-2.35375
358.739,-2.354
358.787,-2.35424
358.836,-2.35447
358.889,-2.3547
358.936,-2.35491
358.99,-2.35513
359.037,-2.35534
359.09,-2.35555
359.138,-2.35576
359.186,-2.35598
359.241,-2.3562
359.289,-2.35643
359.342,-2.35666
359.389,-2.3569
359.439,-2.35716
359.487,-2.35742
359.54,-2.3577
359.587,-2.35797
359.637,-2.35825
359.688,-2.35852
359.738,-2.35878
359.786,-2.35903
359.839,-2.35928
359.887,-2.35952
359.937,-2.35977
359.989,-2.36
360.04,-2.36022
360.085,-2.36042
360.139,-2.36062
360.187,-2.3608
360.237,-2.36097
360.289,-2.36113
360.339,-2.3613
360.387,-2.36146
360.438,-2.36162
360.488,-2.36178
360.537,-2.36195
360.587,-2.36211
360.638,-2.36228
360.686,-2.36246
360.736,-2.36264
360.787,-2.36282
360.837,-2.36302
360.887,-2.36323
360.937,-2.36345
360.988,-2.36366
361.035,-2.36387
361.085,-2.36407
361.138,-2.36426
361.186,-2.36445
361.236,-2.36463
361.287,-2.36481
361.336,-2.36499
361.386,-2.36517
361.436,-2.36535
361.488,-2.36553
361.535,-2.36573
361.587,-2.36593
361.635,-2.36614
361.688,-2.36636
361.739,-2.36659
361.785,-2.36683
361.837,-2.36708
361.885,-2.36733
361.936,-2.3676
361.988,-2.36786
362.039,-2.36812
362.089,-2.36837
362.135,-2.3686
362.188,-2.36881
362.236,-2.36902
362.285,-2.36921
362.334,-2.36938
362.386,-2.36955
362.435,-2.36971
362.486,-2.36988
362.535,-2.37006
362.587,-2.37025
362.634,-2.37046
362.685,-2.37069
362.737,-2.37093
362.785,-2.37118
362.836,-2.37145
362.886,-2.37172
362.934,-2.372
362.986,-2.37227
363.037,-2.37254
363.085,-2.37281
363.133,-2.37307
363.187,-2.37332
363.233,-2.37356
363.285,-2.37379
363.335,-2.37401
363.386,-2.37422
363.434,-2.37443
363.481,-2.37463
363.535,-2.37484
363.585,-2.37505
363.637,-2.37526
363.684,-2.37548
363.734,-2.37571
363.782,-2.37595
363.834,-2.3762
363.884,-2.37645
363.935,-2.37671
363.983,-2.37696
364.033,-2.37722
364.082,-2.37746
364.137,-2.3777
364.183,-2.37794
364.235,-2.37817
364.283,-2.3784
364.331,-2.37861
364.384,-2.37882
364.436,-2.37902
364.485,-2.3792
364.532,-2.37937
364.585,-2.37953
364.635,-2.37969
364.684,-2.37984
364.734,-2.38
364.786,-2.38017
364.833,-2.38035
364.882,-2.38055
364.932,-2.38076
364.983,-2.38097
365.034,-2.3812
365.082,-2.38144
365.132,-2.38169
365.185,-2.38196
365.235,-2.38224
365.284,-2.38252
365.337,-2.38282
365.381,-2.38312
365.433,-2.38342
365.485,-2.38372
365.535,-2.38402
365.584,-2.38431
365.631,-2.3846
365.683,-2.38487
365.736,-2.38514
365.785,-2.38539
365.834,-2.38562
365.882,-2.38585
365.932,-2.38606
365.982,-2.38627
366.032,-2.38648
366.083,-2.3867
366.132,-2.38693
366.182,-2.38716
366.232,-2.38741
366.284,-2.38767
366.333,-2.38793
366.382,-2.3882
366.43,-2.38848
366.483,-2.38875
366.532,-2.38902
366.581,-2.38928
366.635,-2.38953
366.683,-2.38977
366.731,-2.38999
366.784,-2.3902
366.834,-2.3904
366.883,-2.39059
366.934,-2.39078
366.983,-2.39096
367.031,-2.39113
367.081,-2.39131
367.131,-2.39149
367.181,-2.39168
367.234,-2.39189
367.284,-2.39211
367.331,-2.39234
367.382,-2.39258
367.433,-2.39282
367.483,-2.39307
367.533,-2.3933
367.58,-2.39352
367.633,-2.39373
367.68,-2.39392
367.732,-2.3941
367.781,-2.39426
367.832,-2.39442
367.882,-2.39457
367.933,-2.39473
367.98,-2.39489
368.031,-2.39505
368.081,-2.39522
368.133,-2.3954
368.181,-2.39559
368.229,-2.39579
368.28,-2.39601
368.331,-2.39625
368.38,-2.3965
368.43,-2.39677
368.48,-2.39705
368.53,-2.39733
368.58,-2.39761
368.628,-2.39789
368.681,-2.39816
368.73,-2.39842
368.78,-2.39866
368.831,-2.39888
368.88,-2.39909
368.931,-2.39929
368.978,-2.39947
369.03,-2.39964
369.078,-2.39982
369.128,-2.39999
369.178,-2.40016
369.229,-2.40034
369.28,-2.40054
369.328,-2.40076
369.382,-2.40099
369.429,-2.40125
369.48,-2.40153
369.529,-2.40183
369.578,-2.40215
369.628,-2.40246
369.68,-2.40277
369.728,-2.40307
369.78,-2.40334
369.829,-2.4036
369.879,-2.40384
369.926,-2.40406
369.979,-2.40427
370.029,-2.40446
370.078,-2.40465
370.127,-2.40482
370.18,-2.40499
370.229,-2.40515
370.279,-2.40531
370.326,-2.40547
370.378,-2.40564
370.429,-2.40582
370.479,-2.40599
370.526,-2.40618
370.578,-2.40637
370.628,-2.40656
370.677,-2.40676
370.729,-2.40696
370.778,-2.40717
370.831,-2.4074
370.878,-2.40762
370.927,-2.40785
370.979,-2.40809
371.027,-2.40832
371.08,-2.40855
371.13,-2.40878
371.178,-2.409
371.23,-2.40921
371.275,-2.40941
371.327,-2.4096
371.377,-2.4098
371.426,-2.41001
371.478,-2.41022
371.525,-2.41045
371.579,-2.41069
371.628,-2.41094
371.677,-2.41119
371.724,-2.41145
371.779,-2.4117
371.827,-2.41195
371.875,-2.41221
371.927,-2.41247
371.975,-2.41274
372.026,-2.41302
372.075,-2.41331
372.129,-2.4136
372.178,-2.41389
372.228,-2.41419
372.277,-2.41447
372.325,-2.41475
372.377,-2.41502
372.426,-2.41528
372.477,-2.41553
372.528,-2.41578
372.573,-2.41602
372.629,-2.41627
372.68,-2.41652
372.726,-2.41677
372.779,-2.41701
372.827,-2.41725
372.876,-2.41749
372.926,-2.41773
372.977,-2.41796
373.026,-2.4182
373.073,-2.41844
373.128,-2.41868
373.177,-2.41892
373.225,-2.41916
373.275,-2.41939
373.325,-2.41961
373.376,-2.41982
373.427,-2.42003
373.478,-2.42023
373.526,-2.42043
373.576,-2.42063
373.625,-2.42082
373.678,-2.42102
373.728,-2.42122
373.776,-2.42143
373.826,-2.42166
373.876,-2.4219
373.922,-2.42215
373.977,-2.42242
374.025,-2.42269
374.073,-2.42297
374.126,-2.42325
374.176,-2.42352
374.223,-2.42379
374.275,-2.42404
374.325,-2.42427
374.375,-2.4245
374.427,-2.4247
374.476,-2.4249
374.525,-2.42507
374.576,-2.42524
374.623,-2.4254
374.672,-2.42556
374.723,-2.42573
374.774,-2.42591
374.825,-2.4261
374.874,-2.42631
374.925,-2.42654
374.974,-2.42678
375.023,-2.42704
375.072,-2.42733
375.121,-2.42762
375.176,-2.42793
375.221,-2.42823
375.275,-2.42854
375.323,-2.42885
375.374,-2.42915
375.424,-2.42945
375.473,-2.42973
375.523,-2.43001
375.572,-2.43027
375.623,-2.43053
375.676,-2.43078
375.72,-2.43102
375.773,-2.43125
375.822,-2.43148
375.873,-2.43171
375.923,-2.43194
375.974,-2.43217
376.023,-2.4324
376.074,-2.43265
376.121,-2.4329
376.173,-2.43316
376.224,-2.43343
376.274,-2.4337
376.321,-2.43396
376.374,-2.4342
376.42,-2.43443
376.473,-2.43463
376.522,-2.43482
376.572,-2.43499
376.625,-2.43515
376.672,-2.43531
376.724,-2.43546
376.773,-2.43562
376.822,-2.43578
376.874,-2.43595
376.921,-2.43611
376.974,-2.43627
377.023,-2.43644
377.074,-2.4366
377.123,-2.43676
377.17,-2.43692
377.22,-2.43707
377.27,-2.43723
377.326,-2.43738
377.369,-2.43753
377.421,-2.43768
377.469,-2.43783
377.52,-2.43798
377.574,-2.43813
377.622,-2.43828
377.672,-2.43843
377.72,-2.43858
377.773,-2.43873
377.824,-2.43887
377.871,-2.43902
377.921,-2.43916
377.971,-2.43931
378.021,-2.43956
378.071,-2.44048
378.12,-2.44183
378.173,-2.44223
378.219,-2.44245
378.272,-2.4425
378.32,-2.44252
378.369,-2.44257
378.42,-2.44269
378.47,-2.44271
378.521,-2.44271
378.569,-2.44271
378.62,-2.44271
378.671,-2.44274
378.717,-2.44282
378.774,-2.44284
378.821,-2.44284
378.87,-2.44283
378.92,-2.44282
378.97,-2.44282
379.022,-2.44281
379.068,-2.4428
