Sample temperature (C),Heat flow (mW)
70.099,-0.0796
70.099,-0.07959
70.102,-0.07959
70.103,-0.07959
70.103,-0.07959
70.114,-0.07959
70.12,-0.07959
70.141,-0.07958
70.153,-0.07958
70.178,-0.07958
70.202,-0.07958
70.229,-0.07957
70.259,-0.07957
70.29,-0.07956
70.324,-0.07956
70.356,-0.07974
70.391,-0.08016
70.426,-0.0806
70.468,-0.08131
70.504,-0.08205
70.547,-0.08328
70.586,-0.08481
70.632,-0.08641
70.672,-0.08803
70.722,-0.09022
70.763,-0.09278
70.805,-0.09565
70.849,-0.09882
70.896,-0.10231
70.945,-0.1061
70.991,-0.1102
71.037,-0.1146
71.081,-0.11929
71.127,-0.12427
71.182,-0.12972
71.224,-0.13566
71.274,-0.14154
71.321,-0.14758
71.371,-0.15399
71.422,-0.16078
71.47,-0.16761
71.52,-0.17482
71.57,-0.18216
71.614,-0.18957
71.667,-0.19699
71.713,-0.20441
71.763,-0.2118
71.813,-0.21921
71.866,-0.22664
71.914,-0.23379
71.959,-0.24078
72.018,-0.24776
72.06,-0.25467
72.109,-0.26159
72.166,-0.26857
72.211,-0.27575
72.261,-0.28314
72.311,-0.29054
72.362,-0.29787
72.41,-0.30509
72.46,-0.31234
72.517,-0.31936
72.558,-0.32628
72.612,-0.33312
72.665,-0.33989
72.711,-0.34659
72.761,-0.35322
72.806,-0.35969
72.863,-0.36599
72.913,-0.37232
72.964,-0.37845
73.011,-0.38453
73.058,-0.39063
73.116,-0.39678
73.163,-0.40271
73.212,-0.40862
73.265,-0.41465
73.313,-0.42066
73.363,-0.4266
73.414,-0.43257
73.465,-0.43858
73.512,-0.44437
73.558,-0.45006
73.614,-0.45575
73.659,-0.4615
73.715,-0.46711
73.76,-0.47283
73.808,-0.47853
73.862,-0.48411
73.911,-0.48954
73.96,-0.49508
74.014,-0.50052
74.062,-0.50573
74.114,-0.51084
74.161,-0.51582
74.213,-0.52056
74.261,-0.5253
74.311,-0.53007
74.359,-0.53463
74.407,-0.53917
74.467,-0.54384
74.512,-0.54841
74.563,-0.55283
74.609,-0.55726
74.665,-0.56157
74.716,-0.56591
74.761,-0.57008
74.813,-0.57427
74.86,-0.57853
74.911,-0.58267
74.962,-0.58676
75.016,-0.59083
75.061,-0.59486
75.113,-0.59884
75.166,-0.60278
75.213,-0.60674
75.264,-0.61083
75.315,-0.61493
75.363,-0.61899
75.419,-0.62301
75.459,-0.62699
75.514,-0.631
75.564,-0.63505
75.612,-0.63897
75.663,-0.64284
75.712,-0.64668
75.763,-0.6505
75.812,-0.65431
75.863,-0.65805
75.918,-0.66173
75.963,-0.66542
76.013,-0.66905
76.064,-0.67268
76.113,-0.67623
76.165,-0.67985
76.212,-0.68348
76.265,-0.68709
76.318,-0.69073
76.366,-0.69441
76.413,-0.69803
76.467,-0.70165
76.513,-0.70521
76.564,-0.70879
76.617,-0.71233
76.664,-0.71589
76.717,-0.71934
76.764,-0.72271
76.808,-0.72599
76.864,-0.72934
76.918,-0.73268
76.964,-0.73594
77.014,-0.7391
77.064,-0.74234
77.112,-0.74558
77.167,-0.74879
77.218,-0.75192
77.264,-0.75495
77.312,-0.75806
77.366,-0.76117
77.413,-0.76426
77.47,-0.76733
77.515,-0.77043
77.564,-0.77355
77.615,-0.77657
77.664,-0.77959
77.715,-0.78263
77.761,-0.78558
77.814,-0.78849
77.867,-0.79138
77.917,-0.79425
77.966,-0.79709
78.016,-0.79991
78.066,-0.80272
78.117,-0.80551
78.161,-0.80823
78.215,-0.81086
78.266,-0.81358
78.321,-0.81626
78.367,-0.81884
78.416,-0.82143
78.467,-0.82405
78.517,-0.82656
78.568,-0.82907
78.612,-0.8316
78.661,-0.83407
78.716,-0.83662
78.763,-0.83918
78.822,-0.84173
78.865,-0.84426
78.919,-0.84673
78.966,-0.84912
79.014,-0.85157
79.063,-0.85402
79.116,-0.85644
79.168,-0.85885
79.216,-0.86124
79.263,-0.86357
79.318,-0.86583
79.369,-0.86811
79.419,-0.87034
79.467,-0.87264
79.514,-0.87495
79.568,-0.87725
79.618,-0.87952
79.667,-0.88178
79.715,-0.88401
79.765,-0.88627
79.813,-0.88857
79.866,-0.89078
79.917,-0.89295
79.969,-0.89511
80.016,-0.89725
80.065,-0.89939
80.115,-0.90148
80.17,-0.90351
80.215,-0.9056
80.265,-0.9077
80.316,-0.90975
80.363,-0.91175
80.416,-0.9138
80.467,-0.91583
80.517,-0.9178
80.565,-0.91978
80.616,-0.92173
80.664,-0.9237
80.722,-0.92561
80.769,-0.92758
80.816,-0.92954
80.864,-0.93148
80.914,-0.9334
80.969,-0.93529
81.015,-0.93722
81.064,-0.93919
81.112,-0.94106
81.164,-0.94295
81.215,-0.94488
81.266,-0.94673
81.315,-0.94854
81.367,-0.95039
81.414,-0.95229
81.468,-0.9541
81.518,-0.95592
81.567,-0.95777
81.618,-0.95953
81.664,-0.96124
81.716,-0.9629
81.765,-0.96458
81.815,-0.96622
81.865,-0.96787
81.913,-0.96953
81.963,-0.97115
82.014,-0.97274
82.068,-0.9743
82.116,-0.97585
82.165,-0.97741
82.218,-0.979
82.263,-0.98052
82.314,-0.98206
82.367,-0.98365
82.41,-0.98526
82.471,-0.98687
82.514,-0.98847
82.567,-0.99004
82.614,-0.99155
82.67,-0.99313
82.72,-0.99467
82.764,-0.99617
82.815,-0.99772
82.866,-0.99927
82.921,-1.00082
82.968,-1.00235
83.017,-1.00387
83.065,-1.00537
83.115,-1.00685
83.168,-1.00833
83.216,-1.0098
83.267,-1.01124
83.311,-1.01263
83.363,-1.01408
83.417,-1.01555
83.466,-1.01701
83.515,-1.01848
83.563,-1.01994
83.616,-1.02139
83.668,-1.02284
83.716,-1.02428
83.769,-1.02571
83.82,-1.02712
83.868,-1.02852
83.914,-1.02991
83.964,-1.03129
84.015,-1.03266
84.067,-1.034
84.112,-1.03534
84.164,-1.03667
84.212,-1.03799
84.268,-1.0393
84.318,-1.04061
84.365,-1.04191
84.415,-1.04322
84.464,-1.04451
84.517,-1.0458
84.567,-1.04709
84.62,-1.04837
84.667,-1.04966
84.717,-1.05098
84.764,-1.05227
84.815,-1.05358
84.867,-1.05487
84.914,-1.05615
84.964,-1.05745
85.016,-1.05869
85.063,-1.05993
85.116,-1.06116
85.163,-1.06236
85.216,-1.06351
85.263,-1.06471
85.31,-1.06588
85.367,-1.06696
85.414,-1.06805
85.469,-1.06918
85.516,-1.07025
85.564,-1.07133
85.615,-1.07249
85.664,-1.07365
85.715,-1.07481
85.765,-1.07596
85.815,-1.0771
85.863,-1.07823
85.916,-1.07935
85.964,-1.08045
86.01,-1.08155
86.064,-1.08263
86.114,-1.0837
86.167,-1.08477
86.218,-1.08582
86.263,-1.08687
86.316,-1.0879
86.364,-1.08894
86.411,-1.08996
86.467,-1.09099
86.515,-1.09201
86.566,-1.09304
86.609,-1.09406
86.665,-1.09508
86.713,-1.09611
86.763,-1.09713
86.814,-1.09814
86.864,-1.09915
86.915,-1.10014
86.965,-1.10113
87.014,-1.1021
87.066,-1.10306
87.109,-1.10401
87.162,-1.10494
87.212,-1.10587
87.267,-1.1068
87.316,-1.10772
87.367,-1.10864
87.414,-1.10956
87.46,-1.11048
87.516,-1.1114
87.564,-1.11232
87.615,-1.11323
87.662,-1.11415
87.712,-1.11507
87.76,-1.11599
87.811,-1.1169
87.864,-1.11781
87.915,-1.11872
87.966,-1.11963
88.016,-1.12054
88.062,-1.12144
88.115,-1.12233
88.163,-1.12321
88.214,-1.12407
88.264,-1.12493
88.31,-1.12576
88.366,-1.12659
88.414,-1.1274
88.462,-1.1282
88.512,-1.12898
88.563,-1.12975
88.612,-1.13052
88.663,-1.13127
88.714,-1.13203
88.758,-1.1328
88.812,-1.13356
88.863,-1.13434
88.914,-1.13512
88.962,-1.13591
89.013,-1.13671
89.061,-1.1375
89.11,-1.1383
89.165,-1.13908
89.217,-1.13986
89.261,-1.14063
89.311,-1.14139
89.36,-1.14214
89.415,-1.14288
89.468,-1.14361
89.514,-1.14434
89.564,-1.14506
89.612,-1.14577
89.659,-1.14648
89.712,-1.14718
89.76,-1.14788
89.811,-1.14858
89.861,-1.14928
89.907,-1.14998
89.96,-1.15068
90.009,-1.15139
90.062,-1.1521
90.111,-1.15282
90.162,-1.15353
90.213,-1.15424
90.262,-1.15495
90.313,-1.15565
90.363,-1.15635
90.412,-1.15704
90.463,-1.15773
90.512,-1.15841
90.565,-1.15908
90.611,-1.15975
90.664,-1.16042
90.709,-1.16108
90.759,-1.16175
90.813,-1.16241
90.861,-1.16307
90.913,-1.16374
90.96,-1.1644
91.014,-1.16505
91.064,-1.1657
91.114,-1.16635
91.162,-1.167
91.212,-1.16764
91.263,-1.16828
91.308,-1.16891
91.359,-1.16955
91.411,-1.17017
91.461,-1.1708
91.513,-1.17142
91.561,-1.17205
91.611,-1.17267
91.661,-1.17329
91.714,-1.1739
91.764,-1.17452
91.809,-1.17514
91.861,-1.17576
91.91,-1.17639
91.961,-1.17702
92.015,-1.17766
92.057,-1.17829
92.112,-1.17893
92.164,-1.17955
92.213,-1.18017
92.264,-1.18076
92.312,-1.18135
92.359,-1.18191
92.409,-1.18247
92.462,-1.18302
92.511,-1.18356
92.559,-1.18409
92.608,-1.18463
92.658,-1.18517
92.708,-1.18571
92.76,-1.18625
92.812,-1.1868
92.856,-1.18736
92.905,-1.18792
92.96,-1.18848
93.011,-1.18904
93.061,-1.18961
93.11,-1.19017
93.157,-1.19073
93.209,-1.19129
93.257,-1.19185
93.31,-1.1924
93.353,-1.19295
93.408,-1.1935
93.459,-1.19405
93.508,-1.19461
93.562,-1.19517
93.608,-1.19572
93.66,-1.19628
93.712,-1.19682
93.757,-1.19737
93.81,-1.1979
93.858,-1.19844
93.908,-1.19897
93.96,-1.19949
94.009,-1.20001
94.06,-1.20053
94.108,-1.20105
94.161,-1.20156
94.209,-1.20207
94.258,-1.20258
94.307,-1.20308
94.359,-1.20359
94.411,-1.20409
94.457,-1.2046
94.509,-1.2051
94.555,-1.2056
94.608,-1.2061
94.659,-1.2066
94.708,-1.20709
94.76,-1.20758
94.807,-1.20808
94.861,-1.20856
94.907,-1.20905
94.959,-1.20953
95.009,-1.21001
95.055,-1.21049
95.107,-1.21096
95.158,-1.21143
95.208,-1.2119
95.257,-1.21237
95.306,-1.21283
95.358,-1.21329
95.404,-1.21375
95.463,-1.2142
95.506,-1.21466
95.554,-1.21512
95.61,-1.21557
95.654,-1.21603
95.706,-1.21648
95.76,-1.21693
95.807,-1.21738
95.859,-1.21782
95.906,-1.21827
95.957,-1.21871
96.007,-1.21915
96.057,-1.21959
96.105,-1.22003
96.152,-1.22047
96.204,-1.22091
96.259,-1.22136
96.306,-1.2218
96.357,-1.22223
96.404,-1.22266
96.453,-1.22309
96.506,-1.2235
96.555,-1.22391
96.607,-1.2243
96.656,-1.22469
96.706,-1.22507
96.756,-1.22544
96.805,-1.2258
96.854,-1.22616
96.907,-1.22652
96.953,-1.22688
97.005,-1.22725
97.059,-1.22761
97.108,-1.22799
97.157,-1.22837
97.203,-1.22877
97.255,-1.22917
97.306,-1.22959
97.354,-1.23001
97.408,-1.23044
97.457,-1.23087
97.503,-1.23129
97.559,-1.2317
97.605,-1.2321
97.656,-1.23249
97.705,-1.23286
97.757,-1.23323
97.803,-1.23359
97.853,-1.23394
97.909,-1.23429
97.953,-1.23464
98.003,-1.23499
98.052,-1.23535
98.104,-1.2357
98.155,-1.23606
98.203,-1.23642
98.254,-1.23678
98.303,-1.23714
98.355,-1.2375
98.406,-1.23786
98.456,-1.23821
98.503,-1.23857
98.552,-1.23892
98.604,-1.23928
98.647,-1.23963
98.704,-1.23998
98.757,-1.24033
98.803,-1.24067
98.851,-1.24102
98.902,-1.24137
98.955,-1.24172
99.0,-1.24207
99.058,-1.24242
99.103,-1.24278
99.151,-1.24315
99.205,-1.24351
99.252,-1.24388
99.302,-1.24425
99.355,-1.24461
99.401,-1.24497
99.454,-1.24533
99.501,-1.24569
99.55,-1.24604
99.6,-1.2464
99.653,-1.24676
99.7,-1.24712
99.747,-1.24748
99.804,-1.24785
99.85,-1.24822
99.901,-1.24859
99.95,-1.24896
100.001,-1.24933
100.054,-1.24969
100.103,-1.25005
100.151,-1.25041
100.2,-1.25077
100.251,-1.25113
100.303,-1.25148
100.35,-1.25183
100.4,-1.25218
100.448,-1.25252
100.501,-1.25286
100.552,-1.2532
100.604,-1.25353
100.652,-1.25386
100.701,-1.2542
100.749,-1.25453
100.801,-1.25486
100.848,-1.2552
100.9,-1.25553
100.955,-1.25587
101.003,-1.2562
101.052,-1.25654
101.097,-1.25687
101.149,-1.2572
101.201,-1.25753
101.251,-1.25786
101.304,-1.25818
101.35,-1.25851
101.399,-1.25883
101.449,-1.25915
101.504,-1.25948
101.549,-1.25981
101.599,-1.26014
101.65,-1.26048
101.7,-1.26083
101.749,-1.26118
101.797,-1.26153
101.85,-1.26188
101.899,-1.26223
101.946,-1.26258
102.001,-1.26293
102.049,-1.26328
102.097,-1.26362
102.149,-1.26397
102.197,-1.26431
102.251,-1.26464
102.298,-1.26498
102.354,-1.26531
102.399,-1.26563
102.447,-1.26595
102.499,-1.26627
102.548,-1.26658
102.6,-1.26688
102.647,-1.26718
102.698,-1.26747
102.747,-1.26776
102.799,-1.26804
102.851,-1.26832
102.9,-1.26859
102.951,-1.26887
102.995,-1.26915
103.052,-1.26944
103.099,-1.26973
103.148,-1.27003
103.201,-1.27033
103.249,-1.27063
103.297,-1.27094
103.349,-1.27125
103.394,-1.27157
103.447,-1.27188
103.496,-1.2722
103.546,-1.27251
103.596,-1.27283
103.651,-1.27314
103.698,-1.27345
103.746,-1.27375
103.8,-1.27406
103.843,-1.27435
103.897,-1.27465
103.951,-1.27494
103.997,-1.27524
104.046,-1.27553
104.097,-1.27583
104.146,-1.27613
104.199,-1.27643
104.244,-1.27673
104.298,-1.27703
104.348,-1.27734
104.396,-1.27764
104.445,-1.27794
104.495,-1.27824
104.55,-1.27854
104.597,-1.27884
104.651,-1.27912
104.695,-1.27941
104.747,-1.27968
104.794,-1.27995
104.844,-1.28021
104.9,-1.28046
104.947,-1.28072
104.998,-1.28097
105.051,-1.28123
105.099,-1.28148
105.147,-1.28172
105.196,-1.28197
105.246,-1.28222
105.295,-1.28247
105.345,-1.28273
105.395,-1.283
105.441,-1.28328
105.498,-1.28356
105.546,-1.28384
105.598,-1.28413
105.648,-1.28442
105.697,-1.2847
105.743,-1.28499
105.795,-1.28527
105.844,-1.28555
105.897,-1.28583
105.945,-1.2861
105.996,-1.28638
106.047,-1.28665
106.096,-1.28692
106.147,-1.28718
106.197,-1.28745
106.246,-1.28772
106.297,-1.28798
106.342,-1.28824
106.392,-1.2885
106.444,-1.28876
106.493,-1.28901
106.541,-1.28926
106.596,-1.2895
106.642,-1.28974
106.695,-1.28998
106.746,-1.29021
106.797,-1.29044
106.844,-1.29067
106.893,-1.29091
106.947,-1.29114
106.995,-1.29138
107.045,-1.29162
107.093,-1.29187
107.143,-1.29212
107.195,-1.29238
107.243,-1.29264
107.297,-1.29292
107.343,-1.29319
107.394,-1.29348
107.442,-1.29377
107.494,-1.29407
107.545,-1.29438
107.591,-1.29469
107.644,-1.295
107.692,-1.29531
107.742,-1.29561
107.793,-1.29592
107.841,-1.29621
107.893,-1.29651
107.941,-1.2968
107.993,-1.29708
108.044,-1.29736
108.092,-1.29763
108.141,-1.2979
108.19,-1.29817
108.241,-1.29843
108.293,-1.29869
108.341,-1.29895
108.396,-1.2992
108.444,-1.29945
108.493,-1.29969
108.54,-1.29993
108.593,-1.30018
108.641,-1.30042
108.69,-1.30066
108.744,-1.30091
108.789,-1.30116
108.842,-1.30141
108.893,-1.30166
108.947,-1.30191
108.992,-1.30216
109.039,-1.30241
109.087,-1.30266
109.141,-1.3029
109.19,-1.30315
109.241,-1.30339
109.293,-1.30363
109.347,-1.30388
109.392,-1.30411
109.443,-1.30435
109.495,-1.30458
109.536,-1.3048
109.586,-1.30502
109.638,-1.30524
109.689,-1.30546
109.74,-1.30569
109.79,-1.30593
109.842,-1.30617
109.89,-1.30641
109.941,-1.30666
109.99,-1.30692
110.042,-1.30719
110.088,-1.30747
110.14,-1.30774
110.189,-1.30803
110.241,-1.30831
110.292,-1.30859
110.341,-1.30886
110.39,-1.30913
110.442,-1.30939
110.487,-1.30965
110.54,-1.30989
110.591,-1.31013
110.638,-1.31037
110.687,-1.3106
110.736,-1.31084
110.791,-1.31107
110.845,-1.31129
110.887,-1.31152
110.941,-1.31174
110.989,-1.31195
111.039,-1.31217
111.09,-1.31238
111.142,-1.31259
111.188,-1.31279
111.237,-1.313
111.289,-1.31321
111.337,-1.31343
111.39,-1.31366
111.435,-1.31389
111.489,-1.31412
111.54,-1.31437
111.586,-1.31462
111.641,-1.31488
111.69,-1.31514
111.737,-1.31542
111.789,-1.3157
111.841,-1.31598
111.891,-1.31627
111.939,-1.31657
111.992,-1.31686
112.036,-1.31714
112.09,-1.31741
112.138,-1.31767
112.185,-1.31792
112.239,-1.31815
112.283,-1.31838
112.335,-1.3186
112.388,-1.31881
112.434,-1.31902
112.49,-1.31922
112.538,-1.31943
112.586,-1.31963
112.635,-1.31985
112.692,-1.32007
112.738,-1.32029
112.787,-1.32052
112.837,-1.32075
112.89,-1.32099
112.935,-1.32123
112.985,-1.32148
113.04,-1.32172
113.085,-1.32197
113.135,-1.32221
113.184,-1.32246
113.234,-1.3227
113.286,-1.32295
113.335,-1.32319
113.385,-1.32344
113.437,-1.32368
113.486,-1.32393
113.539,-1.32419
113.585,-1.32443
113.637,-1.32468
113.687,-1.32492
113.734,-1.32516
113.787,-1.3254
113.835,-1.32563
113.882,-1.32586
113.935,-1.32608
113.983,-1.32631
114.036,-1.32653
114.085,-1.32675
114.135,-1.32698
114.185,-1.3272
114.233,-1.32743
114.283,-1.32765
114.334,-1.32789
114.387,-1.32813
114.436,-1.32837
114.486,-1.32862
114.538,-1.32888
114.587,-1.32913
114.636,-1.32939
114.687,-1.32964
114.733,-1.32988
114.785,-1.33012
114.832,-1.33036
114.881,-1.33058
114.934,-1.3308
114.985,-1.33102
115.031,-1.33123
115.083,-1.33143
115.132,-1.33163
115.182,-1.33183
115.233,-1.33202
115.279,-1.33222
115.334,-1.33242
115.385,-1.33263
115.433,-1.33284
115.485,-1.33306
115.531,-1.33329
115.583,-1.33352
115.63,-1.33376
115.685,-1.334
115.735,-1.33425
115.781,-1.33451
115.831,-1.33477
115.884,-1.33503
115.931,-1.33529
115.982,-1.33556
116.031,-1.33581
116.082,-1.33607
116.128,-1.33631
116.181,-1.33655
116.233,-1.33678
116.281,-1.337
116.333,-1.33722
116.379,-1.33744
116.434,-1.33765
116.482,-1.33786
116.534,-1.33808
116.584,-1.33829
116.633,-1.3385
116.682,-1.33871
116.734,-1.33891
116.785,-1.33911
116.835,-1.3393
116.883,-1.33949
116.932,-1.33969
116.979,-1.33988
117.032,-1.34007
117.083,-1.34026
117.132,-1.34046
117.182,-1.34067
117.23,-1.34088
117.276,-1.3411
117.33,-1.34132
117.383,-1.34154
117.43,-1.34177
117.479,-1.34199
117.534,-1.34221
117.58,-1.34244
117.634,-1.34266
117.681,-1.34287
117.729,-1.34308
117.78,-1.34329
117.83,-1.3435
117.884,-1.3437
117.93,-1.34391
117.984,-1.34411
118.026,-1.34431
118.081,-1.34451
118.131,-1.34472
118.181,-1.34493
118.233,-1.34514
118.281,-1.34536
118.329,-1.34558
118.383,-1.34579
118.43,-1.34601
118.482,-1.34622
118.527,-1.34644
118.577,-1.34665
118.631,-1.34686
118.683,-1.34707
118.731,-1.34729
118.782,-1.34751
118.832,-1.34773
118.883,-1.34797
118.929,-1.34821
118.983,-1.34845
119.03,-1.3487
119.083,-1.34896
119.13,-1.34922
119.178,-1.34948
119.234,-1.34974
119.285,-1.35
119.328,-1.35026
119.383,-1.35051
119.43,-1.35075
119.483,-1.35098
119.533,-1.35121
119.582,-1.35142
119.634,-1.35163
119.685,-1.35182
119.73,-1.35202
119.784,-1.35221
119.836,-1.3524
119.88,-1.35259
119.93,-1.35279
119.977,-1.35299
120.03,-1.35321
120.077,-1.35343
120.126,-1.35365
120.18,-1.35388
120.227,-1.35411
120.278,-1.35434
120.326,-1.35457
120.376,-1.3548
120.429,-1.35503
120.477,-1.35526
120.529,-1.35549
120.572,-1.35571
120.627,-1.35594
120.679,-1.35617
120.728,-1.3564
120.778,-1.35662
120.826,-1.35685
120.879,-1.35708
120.928,-1.35731
120.982,-1.35754
121.025,-1.35777
121.076,-1.358
121.131,-1.35823
121.181,-1.35846
121.231,-1.35869
121.279,-1.35892
121.327,-1.35915
121.38,-1.35937
121.431,-1.35959
121.483,-1.35982
121.529,-1.36003
121.578,-1.36025
121.628,-1.36046
121.682,-1.36068
121.732,-1.3609
121.781,-1.36111
121.832,-1.36133
121.882,-1.36155
121.929,-1.36177
121.982,-1.362
122.031,-1.36222
122.079,-1.36246
122.129,-1.36269
122.177,-1.36291
122.229,-1.36313
122.28,-1.36335
122.328,-1.36356
122.377,-1.36377
122.426,-1.36398
122.477,-1.36418
122.527,-1.36439
122.579,-1.3646
122.624,-1.36481
122.674,-1.36502
122.729,-1.36523
122.777,-1.36544
122.828,-1.36566
122.882,-1.36587
122.927,-1.36609
122.973,-1.3663
123.026,-1.36651
123.079,-1.36672
123.126,-1.36693
123.174,-1.36715
123.222,-1.36736
123.274,-1.36758
123.324,-1.36779
123.377,-1.36802
123.424,-1.36825
123.474,-1.36849
123.523,-1.36874
123.569,-1.369
123.624,-1.36926
123.673,-1.36953
123.723,-1.36979
123.773,-1.37005
123.827,-1.37029
123.878,-1.37053
123.925,-1.37075
123.977,-1.37095
124.022,-1.37115
124.074,-1.37134
124.127,-1.37151
124.173,-1.37169
124.227,-1.37186
124.271,-1.37204
124.323,-1.37221
124.377,-1.3724
124.426,-1.37259
124.478,-1.37279
124.524,-1.37299
124.573,-1.3732
124.624,-1.37341
124.675,-1.37362
124.72,-1.37384
124.771,-1.37406
124.823,-1.37428
124.871,-1.37449
124.922,-1.3747
124.975,-1.37491
125.023,-1.37511
125.077,-1.37531
125.122,-1.3755
125.173,-1.3757
125.224,-1.37589
125.273,-1.37609
125.322,-1.37629
125.372,-1.37648
125.424,-1.37668
125.472,-1.37688
125.525,-1.37708
125.576,-1.37727
125.621,-1.37747
125.673,-1.37766
125.719,-1.37786
125.772,-1.37805
125.82,-1.37825
125.871,-1.37845
125.92,-1.37865
125.972,-1.37886
126.02,-1.37907
126.071,-1.37929
126.124,-1.37951
126.174,-1.37973
126.223,-1.37996
126.271,-1.38019
126.32,-1.38042
126.372,-1.38067
126.423,-1.38092
126.471,-1.38118
126.52,-1.38144
126.571,-1.3817
126.624,-1.38197
126.675,-1.38224
126.723,-1.38251
126.773,-1.38277
126.82,-1.38303
126.873,-1.38327
126.922,-1.38351
126.973,-1.38374
127.025,-1.38396
127.073,-1.38417
127.124,-1.38438
127.175,-1.38459
127.223,-1.3848
127.273,-1.38501
127.318,-1.38523
127.372,-1.38545
127.419,-1.38567
127.472,-1.3859
127.521,-1.38613
127.569,-1.38636
127.62,-1.38659
127.669,-1.38683
127.718,-1.38706
127.774,-1.38729
127.821,-1.38753
127.869,-1.38777
127.918,-1.388
127.968,-1.38824
128.023,-1.38848
128.072,-1.38871
128.12,-1.38894
128.169,-1.38916
128.218,-1.38938
128.27,-1.38959
128.321,-1.3898
128.37,-1.39
128.419,-1.39019
128.472,-1.39036
128.522,-1.39053
128.569,-1.39068
128.617,-1.39082
128.672,-1.39097
128.721,-1.39111
128.775,-1.39125
128.818,-1.3914
128.867,-1.39156
128.919,-1.39172
128.965,-1.39189
129.018,-1.39208
129.066,-1.39228
129.118,-1.39248
129.171,-1.3927
129.217,-1.39292
129.271,-1.39315
129.321,-1.39338
129.37,-1.39362
129.421,-1.39385
129.468,-1.39408
129.519,-1.39431
129.568,-1.39453
129.616,-1.39475
129.669,-1.39496
129.718,-1.39517
129.768,-1.39538
129.816,-1.39559
129.87,-1.3958
129.918,-1.39601
129.968,-1.39623
130.018,-1.39645
130.068,-1.39668
130.116,-1.39691
130.17,-1.39715
130.219,-1.3974
130.267,-1.39764
130.317,-1.39789
130.369,-1.39813
130.418,-1.39836
130.467,-1.39859
130.516,-1.3988
130.569,-1.39901
130.615,-1.3992
130.668,-1.39939
130.716,-1.39956
130.764,-1.39974
130.818,-1.39992
130.864,-1.4001
130.916,-1.40028
130.969,-1.40046
131.015,-1.40065
131.07,-1.40085
131.115,-1.40105
131.165,-1.40126
131.214,-1.40146
131.264,-1.40167
131.315,-1.40187
131.365,-1.40207
131.414,-1.40226
131.465,-1.40244
131.514,-1.40262
131.567,-1.4028
131.616,-1.40297
131.667,-1.40314
131.713,-1.40331
131.764,-1.40348
131.817,-1.40365
131.866,-1.40382
131.915,-1.404
131.964,-1.40418
132.013,-1.40436
132.066,-1.40454
132.112,-1.40472
132.164,-1.4049
132.213,-1.40509
132.262,-1.40528
132.316,-1.40547
132.362,-1.40567
132.415,-1.40587
132.464,-1.40607
132.513,-1.40629
132.563,-1.40651
132.615,-1.40674
132.666,-1.40697
132.715,-1.40721
132.765,-1.40744
132.815,-1.40768
132.866,-1.40791
132.915,-1.40814
132.966,-1.40836
133.014,-1.40858
133.064,-1.40878
133.115,-1.40899
133.164,-1.40919
133.213,-1.40938
133.263,-1.40958
133.312,-1.40978
133.365,-1.40999
133.412,-1.4102
133.465,-1.41043
133.517,-1.41066
133.564,-1.41091
133.61,-1.41116
133.663,-1.41141
133.716,-1.41166
133.763,-1.41191
133.813,-1.41216
133.862,-1.4124
133.91,-1.41264
133.965,-1.41287
134.014,-1.4131
134.061,-1.41331
134.113,-1.41352
134.162,-1.41372
134.214,-1.41391
134.263,-1.41409
134.315,-1.41428
134.362,-1.41446
134.412,-1.41464
134.459,-1.41483
134.512,-1.41503
134.562,-1.41524
134.61,-1.41546
134.661,-1.41569
134.713,-1.41592
134.763,-1.41615
134.81,-1.41639
134.861,-1.41662
134.911,-1.41685
134.962,-1.41707
135.013,-1.41728
135.066,-1.41748
135.11,-1.41768
135.16,-1.41786
135.212,-1.41804
135.26,-1.41822
135.31,-1.4184
135.363,-1.41858
135.412,-1.41877
135.463,-1.41897
135.512,-1.41917
135.562,-1.41939
135.613,-1.41962
135.661,-1.41985
135.711,-1.42009
135.761,-1.42034
135.808,-1.42058
135.861,-1.42083
135.909,-1.42107
135.962,-1.42131
136.009,-1.42155
136.061,-1.42177
136.109,-1.42199
136.158,-1.4222
136.21,-1.4224
136.259,-1.4226
136.31,-1.42279
136.36,-1.42297
136.41,-1.42315
136.463,-1.42333
136.507,-1.42351
136.561,-1.42369
136.607,-1.42387
136.656,-1.42405
136.71,-1.42424
136.757,-1.42444
136.81,-1.42465
136.858,-1.42486
136.908,-1.42508
136.96,-1.4253
137.009,-1.42553
137.057,-1.42576
137.108,-1.426
137.161,-1.42623
137.206,-1.42646
137.26,-1.42669
137.31,-1.42692
137.357,-1.42713
137.406,-1.42734
137.459,-1.42754
137.511,-1.42772
137.558,-1.4279
137.61,-1.42807
137.659,-1.42823
137.707,-1.42838
137.76,-1.42853
137.81,-1.42867
137.86,-1.42882
137.91,-1.42897
137.957,-1.42912
138.01,-1.42928
138.06,-1.42945
138.109,-1.42962
138.159,-1.4298
138.212,-1.42997
138.259,-1.43015
138.307,-1.43032
138.359,-1.43049
138.408,-1.43067
138.457,-1.43085
138.511,-1.43103
138.556,-1.43121
138.605,-1.4314
138.656,-1.4316
138.707,-1.4318
138.757,-1.43201
138.807,-1.43223
138.858,-1.43245
138.906,-1.43268
138.958,-1.4329
139.007,-1.43313
139.056,-1.43335
139.106,-1.43357
139.155,-1.43379
139.209,-1.43401
139.26,-1.43422
139.307,-1.43443
139.357,-1.43464
139.408,-1.43484
139.459,-1.43504
139.508,-1.43524
139.553,-1.43542
139.603,-1.43561
139.655,-1.43579
139.707,-1.43598
139.754,-1.43616
139.807,-1.43636
139.857,-1.43655
139.904,-1.43675
139.955,-1.43696
140.009,-1.43717
140.057,-1.43737
140.104,-1.43758
140.158,-1.43779
140.202,-1.438
140.26,-1.43821
140.304,-1.43842
140.357,-1.43863
140.404,-1.43883
140.453,-1.43902
140.507,-1.43922
140.558,-1.43941
140.608,-1.43959
140.654,-1.43978
140.705,-1.43997
140.756,-1.44016
140.805,-1.44036
140.856,-1.44055
140.906,-1.44074
140.951,-1.44094
141.006,-1.44114
141.056,-1.44135
141.107,-1.44156
141.157,-1.44177
141.204,-1.44199
141.255,-1.4422
141.303,-1.4424
141.358,-1.4426
141.406,-1.4428
141.454,-1.443
141.505,-1.44319
141.552,-1.44337
141.607,-1.44355
141.656,-1.44373
141.703,-1.4439
141.753,-1.44407
141.806,-1.44423
141.857,-1.4444
141.901,-1.44457
141.956,-1.44474
142.003,-1.44491
142.054,-1.44509
142.105,-1.44527
142.151,-1.44545
142.206,-1.44565
142.253,-1.44585
142.299,-1.44607
142.351,-1.44629
142.405,-1.44651
142.456,-1.44674
142.504,-1.44697
142.552,-1.44721
142.6,-1.44744
142.655,-1.44768
142.705,-1.44791
142.754,-1.44814
142.805,-1.44837
142.852,-1.4486
142.904,-1.44882
142.952,-1.44905
143.003,-1.44927
143.055,-1.4495
143.105,-1.44972
143.152,-1.44995
143.204,-1.45019
143.253,-1.45042
143.304,-1.45066
143.352,-1.45089
143.403,-1.45112
143.451,-1.45134
143.503,-1.45155
143.554,-1.45176
143.601,-1.45195
143.653,-1.45214
143.701,-1.45231
143.749,-1.45247
143.802,-1.45262
143.851,-1.45277
143.899,-1.45292
143.953,-1.45307
144.002,-1.45323
144.051,-1.45341
144.104,-1.45359
144.154,-1.45379
144.198,-1.45399
144.249,-1.45421
144.297,-1.45443
144.355,-1.45465
144.404,-1.45488
144.452,-1.45512
144.5,-1.45535
144.55,-1.45559
144.6,-1.45582
144.651,-1.45604
144.699,-1.45626
144.75,-1.45647
144.802,-1.45667
144.852,-1.45685
144.902,-1.45703
144.95,-1.45721
145.0,-1.45738
145.05,-1.45754
145.1,-1.4577
145.152,-1.45786
145.204,-1.45801
145.251,-1.45815
145.303,-1.4583
145.351,-1.45845
145.4,-1.45861
145.453,-1.45877
145.497,-1.45894
145.549,-1.45912
145.596,-1.4593
145.651,-1.45949
145.697,-1.4597
145.755,-1.45991
145.801,-1.46013
145.851,-1.46036
145.899,-1.46059
145.949,-1.46083
145.999,-1.46106
146.048,-1.4613
146.1,-1.46153
146.153,-1.46176
146.201,-1.46199
146.252,-1.46221
146.3,-1.46243
146.347,-1.46265
146.397,-1.46286
146.45,-1.46306
146.5,-1.46327
146.552,-1.46348
146.604,-1.46369
146.653,-1.4639
146.701,-1.46412
146.751,-1.46434
146.802,-1.46457
146.851,-1.4648
146.899,-1.46503
146.95,-1.46526
146.996,-1.46549
147.051,-1.4657
147.099,-1.46591
147.148,-1.46609
147.2,-1.46626
147.244,-1.46642
147.299,-1.46656
147.349,-1.46669
147.398,-1.46682
147.45,-1.46694
147.496,-1.46706
147.549,-1.46719
147.595,-1.46732
147.649,-1.46746
147.696,-1.46762
147.744,-1.46779
147.796,-1.46797
147.844,-1.46816
147.896,-1.46836
147.946,-1.46857
148.0,-1.46879
148.049,-1.469
148.094,-1.46922
148.147,-1.46943
148.198,-1.46964
148.244,-1.46984
148.299,-1.47003
148.345,-1.47022
148.398,-1.47039
148.446,-1.47057
148.497,-1.47073
148.549,-1.4709
148.596,-1.47106
148.646,-1.47123
148.697,-1.47141
148.749,-1.4716
148.796,-1.47178
148.846,-1.47198
148.899,-1.47217
148.944,-1.47236
148.995,-1.47255
149.045,-1.47274
149.094,-1.47292
149.148,-1.4731
149.197,-1.47328
149.246,-1.47347
149.296,-1.47365
149.345,-1.47384
149.394,-1.47404
149.444,-1.47424
149.497,-1.47445
149.543,-1.47466
149.599,-1.47488
149.647,-1.4751
149.694,-1.47533
149.746,-1.47556
149.798,-1.4758
149.847,-1.47603
149.892,-1.47627
149.944,-1.4765
149.993,-1.47674
150.043,-1.47698
150.095,-1.47723
150.145,-1.47748
150.196,-1.47774
150.245,-1.478
150.292,-1.47826
150.343,-1.47852
150.391,-1.47877
150.446,-1.47901
150.495,-1.47925
150.546,-1.47947
150.596,-1.47968
150.646,-1.47988
150.697,-1.48006
150.744,-1.48023
150.796,-1.48038
150.844,-1.48053
150.894,-1.48066
150.944,-1.48079
150.995,-1.48092
151.042,-1.48106
151.094,-1.48121
151.144,-1.48138
151.195,-1.48156
151.245,-1.48176
151.295,-1.48197
151.34,-1.4822
151.396,-1.48243
151.444,-1.48267
151.497,-1.48291
151.54,-1.48315
151.593,-1.48338
151.643,-1.4836
151.695,-1.48381
151.747,-1.48402
151.794,-1.48421
151.845,-1.4844
151.895,-1.48459
151.944,-1.48477
151.994,-1.48497
152.043,-1.48517
152.091,-1.48538
152.144,-1.4856
152.191,-1.48583
152.243,-1.48607
152.294,-1.48631
152.345,-1.48656
152.392,-1.48681
152.441,-1.48707
152.493,-1.48732
152.538,-1.48758
152.593,-1.48782
152.642,-1.48806
152.694,-1.48828
152.741,-1.48849
152.789,-1.48868
152.843,-1.48887
152.892,-1.48903
152.939,-1.48919
152.991,-1.48934
153.04,-1.48948
153.09,-1.48961
153.143,-1.48975
153.193,-1.4899
153.243,-1.49006
153.293,-1.49022
153.344,-1.4904
153.391,-1.4906
153.44,-1.49081
153.493,-1.49102
153.54,-1.49125
153.593,-1.49148
153.642,-1.49172
153.692,-1.49195
153.74,-1.49219
153.791,-1.49242
153.839,-1.49266
153.89,-1.4929
153.939,-1.49314
153.992,-1.49338
154.039,-1.49362
154.089,-1.49386
154.141,-1.49409
154.192,-1.49432
154.24,-1.49453
154.289,-1.49472
154.34,-1.4949
154.396,-1.49506
154.444,-1.49521
154.489,-1.49536
154.543,-1.4955
154.589,-1.49564
154.638,-1.49579
154.691,-1.49594
154.741,-1.4961
154.792,-1.49626
154.841,-1.49642
154.89,-1.49659
154.941,-1.49675
154.995,-1.49692
155.04,-1.49709
155.09,-1.49725
155.138,-1.49742
155.188,-1.49759
155.243,-1.49777
155.287,-1.49796
155.339,-1.49815
155.388,-1.49835
155.443,-1.49856
155.49,-1.49877
155.537,-1.49898
155.586,-1.4992
155.636,-1.49942
155.688,-1.49964
155.738,-1.49987
155.789,-1.50009
155.84,-1.50031
155.887,-1.50052
155.933,-1.50073
155.989,-1.50092
156.041,-1.50111
156.089,-1.50128
156.136,-1.50144
156.187,-1.5016
156.237,-1.50175
156.291,-1.50189
156.339,-1.50204
156.389,-1.50219
156.439,-1.50235
156.483,-1.50252
156.536,-1.50269
156.585,-1.50287
156.639,-1.50306
156.689,-1.50325
156.739,-1.50344
156.786,-1.50364
156.836,-1.50383
156.89,-1.50403
156.937,-1.50422
156.987,-1.50441
157.037,-1.50459
157.086,-1.50478
157.138,-1.50496
157.187,-1.50515
157.238,-1.50532
157.286,-1.5055
157.338,-1.50567
157.388,-1.50583
157.441,-1.506
157.488,-1.50616
157.537,-1.50632
157.585,-1.50649
157.634,-1.50667
157.685,-1.50686
157.739,-1.50707
157.785,-1.5073
157.833,-1.50754
157.886,-1.50779
157.935,-1.50806
157.99,-1.50834
158.034,-1.50862
158.086,-1.50891
158.137,-1.50919
158.187,-1.50947
158.234,-1.50973
158.288,-1.50999
158.338,-1.51023
158.384,-1.51045
158.432,-1.51066
158.489,-1.51086
158.536,-1.51104
158.586,-1.51121
158.636,-1.51138
158.688,-1.51154
158.737,-1.5117
158.788,-1.51186
158.835,-1.51201
158.885,-1.51217
158.937,-1.51233
158.983,-1.5125
159.038,-1.51267
159.088,-1.51285
159.137,-1.51303
159.189,-1.51323
159.234,-1.51343
159.286,-1.51365
159.337,-1.51388
159.386,-1.51411
159.432,-1.51434
159.486,-1.51456
159.537,-1.51478
159.584,-1.51498
159.636,-1.51518
159.683,-1.51538
159.731,-1.51557
159.783,-1.51577
159.833,-1.51596
159.885,-1.51616
159.932,-1.51635
159.982,-1.51654
160.032,-1.51673
160.082,-1.51692
160.137,-1.51711
160.185,-1.51729
160.236,-1.51746
160.282,-1.51763
160.335,-1.51779
160.384,-1.51794
160.437,-1.51809
160.486,-1.51824
160.535,-1.51839
160.585,-1.51853
160.632,-1.51869
160.687,-1.51885
160.734,-1.51903
160.782,-1.51922
160.832,-1.51943
160.883,-1.51965
160.935,-1.51988
160.983,-1.52012
161.034,-1.52037
161.085,-1.52062
161.133,-1.52088
161.185,-1.52114
161.236,-1.52139
161.286,-1.52164
161.336,-1.52188
161.382,-1.52212
161.435,-1.52234
161.482,-1.52255
161.535,-1.52275
161.58,-1.52295
161.63,-1.52315
161.684,-1.52334
161.733,-1.52354
161.784,-1.52373
161.834,-1.52393
161.88,-1.52413
161.932,-1.52433
161.982,-1.52454
162.033,-1.52474
162.082,-1.52495
162.136,-1.52515
162.184,-1.52537
162.233,-1.52558
162.282,-1.5258
162.333,-1.52602
162.383,-1.52624
162.432,-1.52646
162.483,-1.52669
162.53,-1.52691
162.581,-1.52712
162.632,-1.52733
162.678,-1.52752
162.733,-1.52771
162.781,-1.52789
162.832,-1.52806
162.88,-1.52822
162.93,-1.52838
162.98,-1.52852
163.029,-1.52866
163.08,-1.52879
163.13,-1.52891
163.181,-1.52904
163.232,-1.52916
163.279,-1.52929
163.331,-1.52943
163.383,-1.52958
163.431,-1.52975
163.48,-1.52992
163.529,-1.53011
163.58,-1.5303
163.628,-1.5305
163.68,-1.5307
163.733,-1.53089
163.781,-1.53109
163.828,-1.53128
163.876,-1.53146
163.931,-1.53165
163.98,-1.53183
164.03,-1.53201
164.078,-1.53219
164.129,-1.53238
164.183,-1.53256
164.227,-1.53275
164.282,-1.53294
164.329,-1.53313
164.379,-1.53332
164.429,-1.53351
164.48,-1.5337
164.529,-1.53389
164.577,-1.53408
164.63,-1.53427
164.679,-1.53447
164.729,-1.53466
164.777,-1.53485
164.831,-1.53504
164.881,-1.53524
164.928,-1.53544
164.977,-1.53563
165.028,-1.53583
165.08,-1.53603
165.13,-1.53623
165.178,-1.53643
165.229,-1.53662
165.277,-1.53682
165.326,-1.53702
165.38,-1.53722
165.428,-1.53742
165.479,-1.53762
165.524,-1.53783
165.58,-1.53803
165.627,-1.53823
165.679,-1.53843
165.726,-1.53863
165.778,-1.53883
165.83,-1.53902
165.88,-1.53922
165.928,-1.53943
165.98,-1.53963
166.028,-1.53985
166.076,-1.54006
166.127,-1.54027
166.176,-1.54047
166.229,-1.54068
166.275,-1.54088
166.327,-1.54108
166.379,-1.54127
166.432,-1.54146
166.478,-1.54164
166.529,-1.54183
166.579,-1.54201
166.626,-1.54219
166.678,-1.54237
166.726,-1.54255
166.778,-1.54274
166.825,-1.54293
166.878,-1.54313
166.932,-1.54333
166.976,-1.54354
167.029,-1.54374
167.076,-1.54395
167.123,-1.54416
167.176,-1.54436
167.224,-1.54455
167.278,-1.54475
167.327,-1.54493
167.376,-1.5451
167.425,-1.54527
167.478,-1.54542
167.527,-1.54557
167.572,-1.54572
167.625,-1.54587
167.673,-1.54601
167.725,-1.54616
167.776,-1.54631
167.828,-1.54647
167.876,-1.54663
167.923,-1.54681
167.977,-1.547
168.026,-1.5472
168.077,-1.54742
168.126,-1.54765
168.172,-1.54788
168.228,-1.54811
168.276,-1.54834
168.327,-1.54857
168.374,-1.54879
168.423,-1.549
168.474,-1.54921
168.522,-1.54941
168.574,-1.5496
168.625,-1.5498
168.678,-1.54999
168.724,-1.55018
168.775,-1.55037
168.826,-1.55056
168.871,-1.55076
168.929,-1.55095
168.973,-1.55115
169.021,-1.55134
169.072,-1.55154
169.124,-1.55173
169.17,-1.55191
169.224,-1.55209
169.275,-1.55228
169.323,-1.55247
169.375,-1.55265
169.423,-1.55285
169.476,-1.55304
169.527,-1.55323
169.574,-1.55343
169.625,-1.55363
169.673,-1.55383
169.724,-1.55403
169.774,-1.55423
169.822,-1.55444
169.877,-1.55465
169.926,-1.55485
169.974,-1.55506
170.026,-1.55528
170.074,-1.55549
170.125,-1.55572
170.171,-1.55595
170.222,-1.55617
170.274,-1.5564
170.321,-1.55662
170.374,-1.55684
170.422,-1.55705
170.476,-1.55725
170.525,-1.55745
170.576,-1.55765
170.622,-1.55784
170.67,-1.55804
170.723,-1.55823
170.773,-1.55842
170.824,-1.55861
170.872,-1.5588
170.923,-1.55898
170.971,-1.55916
171.022,-1.55934
171.077,-1.55953
171.119,-1.55971
171.171,-1.55991
171.223,-1.5601
171.273,-1.5603
171.321,-1.56051
171.374,-1.56072
171.424,-1.56094
171.472,-1.56115
171.523,-1.56137
171.577,-1.56157
171.622,-1.56177
171.674,-1.56196
171.721,-1.56214
171.768,-1.56231
171.821,-1.56247
171.874,-1.56263
171.923,-1.56279
171.97,-1.56294
172.023,-1.5631
172.071,-1.56327
172.124,-1.56344
172.174,-1.56362
172.222,-1.56382
172.271,-1.56403
172.318,-1.56426
172.374,-1.56451
172.422,-1.56477
172.473,-1.56505
172.522,-1.56533
172.571,-1.56562
172.624,-1.5659
172.671,-1.56619
172.72,-1.56647
172.77,-1.56674
172.82,-1.567
172.872,-1.56725
172.919,-1.56749
172.971,-1.56772
173.02,-1.56794
173.073,-1.56816
173.121,-1.56837
173.171,-1.56859
173.223,-1.56881
173.272,-1.56903
173.321,-1.56926
173.37,-1.56949
173.42,-1.56973
173.473,-1.56998
173.522,-1.57022
173.571,-1.57047
173.621,-1.57071
173.67,-1.57095
173.719,-1.57119
173.768,-1.57141
173.82,-1.57163
173.869,-1.57183
173.92,-1.57203
173.968,-1.57222
174.018,-1.57241
174.073,-1.5726
174.119,-1.57278
174.169,-1.57296
174.216,-1.57314
174.269,-1.57333
174.318,-1.57352
174.368,-1.57371
174.418,-1.5739
174.467,-1.5741
174.521,-1.5743
174.568,-1.57452
174.622,-1.57474
174.664,-1.57497
174.717,-1.57521
174.769,-1.57545
174.816,-1.57571
174.872,-1.57596
174.919,-1.5762
174.966,-1.57644
175.021,-1.57666
175.066,-1.57686
175.119,-1.57705
175.164,-1.57724
175.217,-1.57741
175.272,-1.57759
175.316,-1.57777
175.367,-1.57796
175.416,-1.57817
175.469,-1.57838
175.515,-1.57861
175.567,-1.57885
175.616,-1.5791
175.665,-1.57936
175.719,-1.57961
175.768,-1.57988
175.818,-1.58013
175.864,-1.58039
175.918,-1.58063
175.97,-1.58087
176.016,-1.58111
176.066,-1.58133
176.114,-1.58155
176.168,-1.58177
176.218,-1.58197
176.266,-1.58218
176.317,-1.58238
176.366,-1.58259
176.417,-1.58279
176.47,-1.583
176.516,-1.58322
176.568,-1.58346
176.613,-1.5837
176.667,-1.58396
176.713,-1.58422
176.768,-1.58449
176.816,-1.58476
176.867,-1.58504
176.912,-1.58531
176.965,-1.58558
177.016,-1.58585
177.069,-1.58611
177.115,-1.58636
177.163,-1.5866
177.213,-1.58683
177.266,-1.58706
177.316,-1.58727
177.366,-1.58747
177.415,-1.58766
177.466,-1.58785
177.515,-1.58804
177.568,-1.58822
177.614,-1.58841
177.665,-1.58859
177.717,-1.58879
177.765,-1.58899
177.817,-1.5892
177.867,-1.58943
177.913,-1.58966
177.964,-1.5899
178.016,-1.59014
178.063,-1.59039
178.117,-1.59063
178.166,-1.59085
178.217,-1.59106
178.261,-1.59126
178.315,-1.59144
178.365,-1.5916
178.415,-1.59176
178.464,-1.59191
178.513,-1.59207
178.561,-1.59222
178.614,-1.59238
178.666,-1.59256
178.718,-1.59274
178.767,-1.59295
178.814,-1.59317
178.864,-1.59341
178.913,-1.59366
178.964,-1.59393
179.012,-1.59421
179.064,-1.59449
179.113,-1.59478
179.162,-1.59507
179.212,-1.59535
179.267,-1.59562
179.313,-1.59589
179.363,-1.59615
179.415,-1.5964
179.467,-1.59665
179.518,-1.59688
179.565,-1.59711
179.618,-1.59733
179.664,-1.59754
179.713,-1.59774
179.764,-1.59794
179.815,-1.59814
179.863,-1.59834
179.916,-1.59856
179.964,-1.59878
180.013,-1.59901
180.064,-1.59926
180.114,-1.59952
180.161,-1.59978
180.212,-1.60005
180.264,-1.60031
180.314,-1.60056
180.361,-1.60081
180.413,-1.60104
180.462,-1.60126
180.509,-1.60147
180.563,-1.60166
180.616,-1.60184
180.661,-1.60202
180.714,-1.6022
180.762,-1.60238
180.814,-1.60256
180.864,-1.60275
180.913,-1.60294
180.96,-1.60314
181.01,-1.60335
181.064,-1.60357
181.114,-1.6038
181.161,-1.60403
181.211,-1.60427
181.262,-1.60451
181.312,-1.60476
181.361,-1.60501
181.412,-1.60527
181.46,-1.60554
181.51,-1.6058
181.56,-1.60607
181.611,-1.60633
181.662,-1.6066
181.71,-1.60687
181.76,-1.60713
181.811,-1.60739
181.859,-1.60765
181.912,-1.60791
181.955,-1.60816
182.014,-1.60841
182.06,-1.60866
182.111,-1.6089
182.161,-1.60914
182.212,-1.60938
182.262,-1.60962
182.308,-1.60985
182.36,-1.61009
182.412,-1.61033
182.46,-1.61057
182.512,-1.61083
182.561,-1.61108
182.61,-1.61133
182.659,-1.61157
182.713,-1.6118
182.758,-1.61202
182.81,-1.61224
182.864,-1.61244
182.909,-1.61264
182.962,-1.61284
183.012,-1.61304
183.063,-1.61324
183.109,-1.61345
183.161,-1.61368
183.212,-1.61393
183.261,-1.6142
183.313,-1.6145
183.359,-1.61481
183.41,-1.61515
183.459,-1.6155
183.509,-1.61585
183.56,-1.61621
183.611,-1.61657
183.659,-1.61691
183.706,-1.61724
183.76,-1.61756
183.81,-1.61785
183.862,-1.61812
183.912,-1.61837
183.958,-1.6186
184.011,-1.61881
184.061,-1.61902
184.11,-1.61921
184.161,-1.6194
184.209,-1.6196
184.261,-1.6198
184.309,-1.62001
184.361,-1.62022
184.413,-1.62045
184.46,-1.62069
184.511,-1.62094
184.56,-1.6212
184.611,-1.62146
184.659,-1.62173
184.711,-1.622
184.757,-1.62228
184.807,-1.62257
184.858,-1.62285
184.909,-1.62314
184.961,-1.62342
185.011,-1.6237
185.061,-1.62398
185.109,-1.62426
185.159,-1.62453
185.21,-1.62481
185.258,-1.62509
185.307,-1.62537
185.358,-1.62566
185.406,-1.62595
185.46,-1.62624
185.505,-1.62654
185.561,-1.62684
185.607,-1.62715
185.654,-1.62745
185.709,-1.62775
185.758,-1.62805
185.81,-1.62836
185.857,-1.62866
185.908,-1.62896
185.96,-1.62927
186.008,-1.62957
186.058,-1.62988
186.106,-1.6302
186.157,-1.63053
186.206,-1.63086
186.262,-1.63119
186.308,-1.63152
186.357,-1.63186
186.408,-1.63219
186.458,-1.63252
186.506,-1.63284
186.558,-1.63316
186.605,-1.63347
186.659,-1.63379
186.705,-1.6341
186.757,-1.63441
186.808,-1.63472
186.858,-1.63503
186.906,-1.63534
186.955,-1.63565
187.006,-1.63597
187.056,-1.63629
187.106,-1.63663
187.154,-1.63697
187.208,-1.63733
187.257,-1.63769
187.305,-1.63806
187.361,-1.63843
187.403,-1.6388
187.457,-1.63917
187.506,-1.63955
187.554,-1.63992
187.605,-1.6403
187.657,-1.64069
187.707,-1.64108
187.755,-1.64148
187.804,-1.64188
187.855,-1.64229
187.906,-1.64271
187.957,-1.64313
188.009,-1.64356
188.053,-1.644
188.104,-1.64443
188.155,-1.64485
188.206,-1.64527
188.255,-1.64566
188.307,-1.64604
188.354,-1.6464
188.405,-1.64675
188.455,-1.64709
188.506,-1.64742
188.555,-1.64774
188.602,-1.64808
188.658,-1.64842
188.708,-1.64878
188.753,-1.64917
188.808,-1.64958
188.855,-1.65002
188.904,-1.65049
188.954,-1.651
189.01,-1.65153
189.052,-1.65208
189.106,-1.65265
189.154,-1.65323
189.205,-1.65382
189.256,-1.6544
189.305,-1.65498
189.356,-1.65555
189.402,-1.6561
189.451,-1.65665
189.503,-1.65719
189.555,-1.65772
189.605,-1.65824
189.657,-1.65875
189.702,-1.65926
189.751,-1.65976
189.804,-1.66026
189.857,-1.66075
189.905,-1.66126
189.954,-1.66177
190.002,-1.66229
190.055,-1.66283
190.104,-1.66339
190.155,-1.66396
190.201,-1.66454
190.254,-1.66514
190.303,-1.66573
190.354,-1.66627
190.404,-1.66678
190.453,-1.66726
190.505,-1.66777
190.554,-1.66828
190.604,-1.66883
190.654,-1.66939
190.705,-1.66994
190.753,-1.67054
190.805,-1.67116
190.852,-1.67179
190.905,-1.67239
190.952,-1.67295
191.002,-1.67353
191.052,-1.6741
191.102,-1.67473
191.152,-1.67541
191.203,-1.67614
191.254,-1.67682
191.303,-1.67752
191.354,-1.67827
191.401,-1.67899
191.454,-1.67971
191.503,-1.68045
191.555,-1.68117
191.602,-1.68183
191.653,-1.68252
191.702,-1.68326
191.751,-1.68404
191.803,-1.68482
191.854,-1.68561
191.902,-1.68638
191.951,-1.68712
192.003,-1.68792
192.051,-1.68872
192.103,-1.6895
192.151,-1.69034
192.2,-1.69119
192.254,-1.69206
192.303,-1.69299
192.352,-1.69394
192.4,-1.69487
192.451,-1.69578
192.499,-1.69669
192.55,-1.69758
192.601,-1.69844
192.651,-1.69926
192.704,-1.70008
192.749,-1.70089
192.8,-1.70172
192.854,-1.70254
192.901,-1.70337
192.95,-1.70419
193.001,-1.70502
193.049,-1.70586
193.102,-1.70671
193.154,-1.70756
193.2,-1.70843
193.249,-1.7093
193.302,-1.71019
193.351,-1.71107
193.402,-1.71197
193.452,-1.71286
193.502,-1.71375
193.55,-1.71463
193.601,-1.71551
193.654,-1.71637
193.699,-1.71722
193.749,-1.71806
193.796,-1.71887
193.849,-1.71966
193.901,-1.72043
193.951,-1.72118
193.998,-1.72191
194.05,-1.72263
194.099,-1.72335
194.151,-1.7241
194.203,-1.72488
194.252,-1.72574
194.299,-1.72661
194.352,-1.72751
194.401,-1.72844
194.451,-1.7294
194.498,-1.73033
194.551,-1.73119
194.6,-1.73211
194.648,-1.73298
194.7,-1.73379
194.747,-1.73464
194.801,-1.73546
194.853,-1.73623
194.901,-1.73703
194.95,-1.73776
194.999,-1.73849
195.05,-1.73922
195.097,-1.73991
195.149,-1.74053
195.198,-1.74117
195.248,-1.74182
195.294,-1.7424
195.346,-1.74298
195.398,-1.74358
195.448,-1.74412
195.495,-1.74467
195.549,-1.74525
195.598,-1.7458
195.649,-1.7464
195.699,-1.74701
195.751,-1.7476
195.8,-1.74821
195.85,-1.74884
195.901,-1.74942
195.944,-1.75004
195.994,-1.75062
196.045,-1.75116
196.097,-1.75175
196.148,-1.75233
196.197,-1.75287
196.249,-1.75343
196.295,-1.75391
196.349,-1.75437
196.397,-1.75486
196.448,-1.75539
196.496,-1.75584
196.544,-1.75626
196.596,-1.75666
196.649,-1.75706
196.7,-1.75744
196.75,-1.75779
196.793,-1.75806
196.845,-1.75832
196.895,-1.75858
196.949,-1.75887
196.996,-1.75912
197.044,-1.75938
197.095,-1.75966
197.146,-1.75995
197.197,-1.7602
197.246,-1.76051
197.297,-1.76079
197.346,-1.76103
197.395,-1.76129
197.446,-1.76149
197.497,-1.76171
197.546,-1.762
197.595,-1.76231
197.648,-1.76262
197.697,-1.76291
197.745,-1.76321
197.795,-1.76349
197.844,-1.76376
197.897,-1.76402
197.944,-1.76427
197.994,-1.7645
198.044,-1.76472
198.093,-1.76492
198.146,-1.76511
198.194,-1.76529
198.245,-1.76545
198.294,-1.7656
198.344,-1.76574
198.398,-1.76587
198.443,-1.76599
198.496,-1.76611
198.542,-1.76623
198.595,-1.76635
198.643,-1.76648
198.691,-1.76661
198.745,-1.76676
198.795,-1.76692
198.848,-1.7671
198.895,-1.7673
198.943,-1.76751
198.994,-1.76773
199.045,-1.76797
199.095,-1.7682
199.144,-1.76842
199.193,-1.76864
199.246,-1.76884
199.293,-1.76902
199.343,-1.76919
199.394,-1.76934
199.446,-1.76947
199.492,-1.76958
199.544,-1.76968
199.598,-1.76978
199.639,-1.76986
199.693,-1.76995
199.742,-1.77003
199.794,-1.77012
199.844,-1.77021
199.893,-1.7703
199.945,-1.7704
199.992,-1.77049
200.044,-1.77059
200.093,-1.7707
200.145,-1.7708
200.193,-1.7709
200.243,-1.771
200.296,-1.7711
200.343,-1.7712
200.395,-1.77131
200.442,-1.77141
200.493,-1.77152
200.543,-1.77163
200.591,-1.77174
200.644,-1.77184
200.691,-1.77193
200.744,-1.77202
200.793,-1.7721
200.843,-1.77219
200.891,-1.77228
200.939,-1.77238
200.994,-1.77248
201.04,-1.77259
201.092,-1.7727
201.141,-1.77282
201.188,-1.77293
201.241,-1.77303
201.292,-1.77312
201.341,-1.77321
201.39,-1.77328
201.444,-1.77335
201.492,-1.77342
201.541,-1.77348
201.593,-1.77354
201.641,-1.7736
201.69,-1.77367
201.741,-1.77373
201.79,-1.7738
201.843,-1.77388
201.892,-1.77396
201.942,-1.77405
201.992,-1.77414
202.043,-1.77424
202.09,-1.77435
202.14,-1.77445
202.191,-1.77455
202.24,-1.77464
202.293,-1.77473
202.342,-1.77481
202.393,-1.77489
202.443,-1.77496
202.492,-1.77502
202.542,-1.77507
202.588,-1.77512
202.641,-1.77517
202.69,-1.77521
202.744,-1.77526
202.791,-1.7753
202.838,-1.77535
202.891,-1.77541
202.94,-1.77548
202.994,-1.77555
203.039,-1.77563
203.088,-1.77572
203.143,-1.77582
203.188,-1.77593
203.241,-1.77605
203.288,-1.77618
203.34,-1.77632
203.391,-1.77647
203.442,-1.77662
203.49,-1.77677
203.54,-1.77691
203.592,-1.77705
203.639,-1.77717
203.689,-1.77729
203.738,-1.77739
203.785,-1.77747
203.843,-1.77754
203.888,-1.77759
203.938,-1.77763
203.99,-1.77766
204.042,-1.77768
204.09,-1.77771
204.138,-1.77774
204.189,-1.77778
204.242,-1.77784
204.288,-1.7779
204.339,-1.77798
204.391,-1.77807
204.439,-1.77818
204.488,-1.7783
204.542,-1.77843
204.591,-1.77858
204.638,-1.77873
204.691,-1.77889
204.738,-1.77906
204.788,-1.77922
204.837,-1.77938
204.889,-1.77953
204.937,-1.77968
204.987,-1.77981
205.037,-1.77994
205.088,-1.78006
205.141,-1.78016
205.187,-1.78026
205.238,-1.78034
205.286,-1.78041
205.335,-1.78047
205.388,-1.78054
205.438,-1.78061
205.487,-1.78069
205.537,-1.78077
205.585,-1.78087
205.638,-1.78099
205.688,-1.78112
205.738,-1.78126
205.784,-1.78142
205.836,-1.78157
205.886,-1.78173
205.939,-1.78187
205.99,-1.78202
206.039,-1.78215
206.086,-1.78228
206.135,-1.78241
206.187,-1.78253
206.238,-1.78264
206.286,-1.78276
206.337,-1.78287
206.387,-1.78299
206.438,-1.7831
206.489,-1.78322
206.539,-1.78335
206.585,-1.78347
206.638,-1.78359
206.686,-1.78371
206.738,-1.78384
206.789,-1.78396
206.834,-1.78409
206.885,-1.78422
206.932,-1.78435
206.986,-1.78447
207.037,-1.7846
207.089,-1.78472
207.136,-1.78484
207.186,-1.78497
207.239,-1.78509
207.285,-1.78522
207.338,-1.78536
207.388,-1.7855
207.432,-1.78565
207.484,-1.78581
207.536,-1.78596
207.587,-1.78612
207.637,-1.78629
207.684,-1.78645
207.733,-1.78661
207.783,-1.78677
207.839,-1.78694
207.886,-1.7871
207.936,-1.78725
207.986,-1.78738
208.035,-1.78751
208.087,-1.78763
208.135,-1.78774
208.184,-1.78783
208.234,-1.78792
208.283,-1.788
208.335,-1.78808
208.385,-1.78816
208.433,-1.78824
208.483,-1.78833
208.534,-1.78844
208.585,-1.78855
208.635,-1.78868
208.682,-1.78881
208.733,-1.78895
208.783,-1.7891
208.833,-1.78926
208.883,-1.78942
208.935,-1.78958
208.98,-1.78974
209.035,-1.78991
209.081,-1.79007
209.134,-1.79024
209.183,-1.79041
209.235,-1.79057
209.288,-1.79074
209.335,-1.7909
209.382,-1.79105
209.437,-1.79119
209.483,-1.79131
209.533,-1.79141
209.584,-1.7915
209.636,-1.79157
209.685,-1.79165
209.734,-1.79171
209.785,-1.79177
209.834,-1.79184
209.884,-1.79191
209.932,-1.79198
209.982,-1.79207
210.037,-1.79219
210.085,-1.79232
210.135,-1.79249
210.181,-1.79267
210.235,-1.79287
210.286,-1.79308
210.335,-1.7933
210.383,-1.79351
210.436,-1.79373
210.488,-1.79394
210.531,-1.79413
210.583,-1.79432
210.635,-1.79448
210.685,-1.79463
210.732,-1.79476
210.782,-1.79488
210.834,-1.79499
210.885,-1.79509
210.933,-1.79518
210.983,-1.79527
211.033,-1.79536
211.085,-1.79546
211.136,-1.79557
211.184,-1.79568
211.233,-1.79581
211.281,-1.79594
211.33,-1.79608
211.386,-1.79622
211.433,-1.79636
211.484,-1.7965
211.534,-1.79665
211.582,-1.7968
211.634,-1.79695
211.681,-1.7971
211.735,-1.79724
211.779,-1.79739
211.83,-1.79753
211.883,-1.79767
211.93,-1.79781
211.982,-1.79795
212.033,-1.79809
212.08,-1.79823
212.13,-1.79837
212.181,-1.79852
212.233,-1.79866
212.28,-1.79881
212.331,-1.79895
212.379,-1.7991
212.429,-1.79924
212.477,-1.79938
212.528,-1.79952
212.58,-1.79966
212.629,-1.79981
212.68,-1.79995
212.733,-1.80009
212.778,-1.80023
212.832,-1.80038
212.879,-1.80052
212.931,-1.80068
212.98,-1.80084
213.029,-1.801
213.08,-1.80117
213.13,-1.80135
213.181,-1.80153
213.232,-1.8017
213.28,-1.80188
213.327,-1.80205
213.379,-1.80222
213.428,-1.80237
213.479,-1.80252
213.529,-1.80266
213.583,-1.80279
213.63,-1.80291
213.677,-1.80302
213.728,-1.80314
213.779,-1.80325
213.829,-1.80336
213.882,-1.80347
213.931,-1.80359
213.981,-1.80371
214.028,-1.80383
214.08,-1.80396
214.131,-1.80409
214.177,-1.80423
214.229,-1.80437
214.278,-1.80453
214.33,-1.8047
214.38,-1.80487
214.429,-1.80506
214.478,-1.80525
214.528,-1.80544
214.578,-1.80564
214.63,-1.80583
214.681,-1.80603
214.728,-1.80622
214.777,-1.8064
214.827,-1.80659
214.874,-1.80676
214.93,-1.80692
214.977,-1.80708
215.025,-1.80722
215.077,-1.80734
215.125,-1.80746
215.177,-1.80757
215.227,-1.80767
215.278,-1.80778
215.327,-1.80789
215.376,-1.808
215.429,-1.80812
215.478,-1.80825
215.528,-1.80839
215.577,-1.80853
215.628,-1.80868
215.676,-1.80883
215.728,-1.80897
215.78,-1.80912
215.826,-1.80926
215.879,-1.8094
215.926,-1.80954
215.976,-1.80967
216.028,-1.8098
216.075,-1.80992
216.127,-1.81004
216.174,-1.81016
216.228,-1.81028
216.274,-1.8104
216.324,-1.81053
216.377,-1.81066
216.424,-1.81079
216.479,-1.81093
216.525,-1.81108
216.577,-1.81124
216.628,-1.8114
216.676,-1.81157
216.727,-1.81175
216.776,-1.81193
216.829,-1.81211
216.879,-1.81228
216.927,-1.81245
216.974,-1.81262
217.025,-1.81278
217.077,-1.81294
217.125,-1.81308
217.177,-1.81322
217.225,-1.81335
217.276,-1.81348
217.324,-1.81361
217.373,-1.81374
217.425,-1.81387
217.473,-1.814
217.523,-1.81414
217.575,-1.81427
217.623,-1.81441
217.674,-1.81455
217.725,-1.81469
217.775,-1.81484
217.824,-1.81499
217.871,-1.81515
217.926,-1.81531
217.974,-1.81548
218.027,-1.81566
218.073,-1.81584
218.124,-1.81602
218.174,-1.8162
218.226,-1.81639
218.275,-1.81658
218.321,-1.81677
218.369,-1.81695
218.421,-1.81713
218.473,-1.81731
218.523,-1.81748
218.571,-1.81767
218.626,-1.81786
218.669,-1.81806
218.726,-1.81826
218.774,-1.81848
218.825,-1.8187
218.875,-1.81892
218.923,-1.81913
218.974,-1.81934
219.026,-1.81954
219.075,-1.81973
219.124,-1.81991
219.176,-1.82007
219.223,-1.82022
219.271,-1.82037
219.327,-1.8205
219.372,-1.82063
219.423,-1.82075
219.472,-1.82086
219.522,-1.82098
219.572,-1.82109
219.62,-1.8212
219.676,-1.82132
219.722,-1.82143
219.771,-1.82156
219.824,-1.82169
219.874,-1.82182
219.923,-1.82197
219.974,-1.82212
220.024,-1.82229
220.072,-1.82247
220.124,-1.82266
220.172,-1.82286
220.223,-1.82306
220.273,-1.82326
220.321,-1.82346
220.374,-1.82365
220.426,-1.82382
220.469,-1.82398
220.522,-1.82413
220.571,-1.82428
220.618,-1.82442
220.67,-1.82457
220.726,-1.82472
220.769,-1.82487
220.821,-1.82503
220.873,-1.8252
220.921,-1.82537
220.973,-1.82555
221.02,-1.82574
221.071,-1.82593
221.118,-1.82613
221.172,-1.82633
221.224,-1.82654
221.272,-1.82674
221.323,-1.82694
221.368,-1.82713
221.42,-1.82732
221.473,-1.8275
221.521,-1.82767
221.57,-1.82783
221.619,-1.82798
221.674,-1.82811
221.72,-1.82824
221.773,-1.82836
221.82,-1.82849
221.872,-1.82862
221.921,-1.82876
221.971,-1.82891
222.021,-1.82906
222.07,-1.82923
222.119,-1.8294
222.171,-1.82958
222.218,-1.82977
222.272,-1.82997
222.319,-1.83017
222.374,-1.83038
222.419,-1.83058
222.467,-1.83079
222.52,-1.83099
222.571,-1.83118
222.619,-1.83138
222.668,-1.83156
222.718,-1.83174
222.769,-1.83191
222.82,-1.83208
222.875,-1.83225
222.919,-1.83243
222.972,-1.8326
223.018,-1.83278
223.068,-1.83295
223.121,-1.83314
223.172,-1.83332
223.221,-1.83351
223.269,-1.83371
223.317,-1.8339
223.369,-1.8341
223.419,-1.83429
223.47,-1.83447
223.523,-1.83464
223.568,-1.8348
223.618,-1.83494
223.67,-1.83506
223.721,-1.83518
223.77,-1.83529
223.818,-1.8354
223.866,-1.8355
223.92,-1.83561
223.966,-1.83573
224.017,-1.83586
224.068,-1.83599
224.119,-1.83613
224.169,-1.83628
224.216,-1.83643
224.27,-1.83659
224.319,-1.83676
224.368,-1.83695
224.416,-1.83714
224.466,-1.83735
224.518,-1.83757
224.565,-1.83779
224.619,-1.83801
224.667,-1.83823
224.716,-1.83845
224.77,-1.83866
224.816,-1.83886
224.867,-1.83905
224.918,-1.83923
224.964,-1.83939
225.021,-1.83954
225.066,-1.83968
225.118,-1.83981
225.166,-1.83992
225.217,-1.84003
225.266,-1.84015
225.317,-1.84027
225.369,-1.84041
225.417,-1.84057
225.467,-1.84075
225.517,-1.84095
225.565,-1.84116
225.617,-1.84138
225.666,-1.84162
225.716,-1.84187
225.766,-1.84212
225.818,-1.84238
225.867,-1.84264
225.92,-1.84289
225.965,-1.84313
226.015,-1.84336
226.066,-1.84357
226.116,-1.84376
226.168,-1.84394
226.215,-1.84411
226.269,-1.84427
226.315,-1.84442
226.366,-1.84457
226.417,-1.84471
226.467,-1.84486
226.513,-1.845
226.562,-1.84514
226.614,-1.84529
226.669,-1.84545
226.714,-1.84561
226.764,-1.84577
226.813,-1.84594
226.866,-1.84612
226.918,-1.8463
226.965,-1.84648
227.016,-1.84667
227.067,-1.84685
227.113,-1.84704
227.163,-1.84722
227.216,-1.84739
227.265,-1.84756
227.313,-1.84773
227.365,-1.84789
227.413,-1.84805
227.465,-1.84821
227.516,-1.84836
227.564,-1.84852
227.613,-1.84867
227.662,-1.84883
227.714,-1.84898
227.765,-1.84914
227.814,-1.84929
227.865,-1.84944
227.913,-1.84958
227.963,-1.84973
228.012,-1.84989
228.065,-1.85005
228.112,-1.85022
228.164,-1.8504
228.213,-1.85058
228.266,-1.85077
228.314,-1.85096
228.367,-1.85116
228.415,-1.85137
228.461,-1.85158
228.515,-1.8518
228.565,-1.85202
228.611,-1.85223
228.663,-1.85245
228.714,-1.85267
228.763,-1.85289
228.814,-1.8531
228.86,-1.85332
228.913,-1.85353
228.962,-1.85373
229.01,-1.85393
229.06,-1.85412
229.114,-1.85431
229.163,-1.85449
229.212,-1.85466
229.262,-1.85484
229.312,-1.85502
229.363,-1.85519
229.415,-1.85536
229.465,-1.85554
229.512,-1.85571
229.561,-1.85589
229.612,-1.85606
229.663,-1.85624
229.713,-1.85642
229.762,-1.85661
229.815,-1.85679
229.862,-1.85698
229.912,-1.85718
229.961,-1.85738
230.013,-1.85758
230.063,-1.85779
230.113,-1.85801
230.162,-1.85822
230.211,-1.85844
230.263,-1.85866
230.313,-1.85887
230.361,-1.85908
230.411,-1.85928
230.459,-1.85947
230.51,-1.85965
230.561,-1.85982
230.61,-1.85998
230.665,-1.86013
230.709,-1.86027
230.759,-1.86041
230.812,-1.86054
230.863,-1.86067
230.912,-1.86081
230.961,-1.86095
231.01,-1.8611
231.061,-1.86126
231.112,-1.86143
231.16,-1.86161
231.209,-1.86179
231.261,-1.86197
231.313,-1.86215
231.365,-1.86232
231.41,-1.86249
231.461,-1.86265
231.508,-1.86281
231.561,-1.86297
231.611,-1.86312
231.66,-1.86328
231.71,-1.86343
231.762,-1.86359
231.811,-1.86376
231.862,-1.86393
231.91,-1.8641
231.962,-1.86428
232.007,-1.86446
232.06,-1.86465
232.109,-1.86484
232.16,-1.86504
232.212,-1.86524
232.261,-1.86545
232.31,-1.86567
232.361,-1.86589
232.415,-1.86611
232.46,-1.86633
232.509,-1.86655
232.56,-1.86677
232.61,-1.86699
232.663,-1.86721
232.712,-1.86742
232.759,-1.86763
232.809,-1.86783
232.857,-1.86802
232.912,-1.86821
232.958,-1.86839
233.014,-1.86855
233.062,-1.86871
233.109,-1.86885
233.162,-1.869
233.208,-1.86915
233.262,-1.8693
233.307,-1.86945
233.359,-1.86962
233.408,-1.86979
233.459,-1.86996
233.51,-1.87015
233.558,-1.87034
233.61,-1.87053
233.659,-1.87072
233.709,-1.87089
233.759,-1.87106
233.81,-1.87122
233.862,-1.87137
233.906,-1.87151
233.955,-1.87164
234.009,-1.87177
234.061,-1.87189
234.109,-1.87201
234.156,-1.87213
234.209,-1.87225
234.256,-1.87238
234.307,-1.87251
234.357,-1.87266
234.41,-1.87281
234.456,-1.87297
234.508,-1.87314
234.559,-1.87332
234.606,-1.87351
234.656,-1.8737
234.704,-1.87389
234.758,-1.87408
234.81,-1.87427
234.857,-1.87445
234.908,-1.87462
234.958,-1.87478
235.006,-1.87492
235.057,-1.87505
235.107,-1.87518
235.158,-1.8753
235.205,-1.87541
235.257,-1.87553
235.306,-1.87565
235.357,-1.87577
235.408,-1.8759
235.457,-1.87604
235.509,-1.8762
235.553,-1.87636
235.606,-1.87654
235.655,-1.87673
235.707,-1.87692
235.755,-1.87712
235.806,-1.87733
235.856,-1.87753
235.907,-1.87773
235.958,-1.87792
236.008,-1.87811
236.055,-1.8783
236.108,-1.87847
236.158,-1.87865
236.209,-1.87882
236.255,-1.87901
236.305,-1.8792
236.355,-1.8794
236.406,-1.87961
236.457,-1.87982
236.508,-1.88004
236.556,-1.88026
236.606,-1.88048
236.656,-1.8807
236.706,-1.88091
236.753,-1.88113
236.808,-1.88135
236.854,-1.88156
236.904,-1.88178
236.953,-1.88199
237.005,-1.88219
237.057,-1.88239
237.104,-1.88259
237.155,-1.88277
237.202,-1.88295
237.253,-1.88313
237.303,-1.88329
237.356,-1.88346
237.407,-1.88361
237.452,-1.88376
237.506,-1.88391
237.554,-1.88406
237.605,-1.8842
237.655,-1.88436
237.706,-1.88452
237.752,-1.88468
237.802,-1.88483
237.854,-1.88499
237.904,-1.88514
237.954,-1.8853
238.003,-1.88545
238.052,-1.8856
238.105,-1.88575
238.152,-1.8859
238.205,-1.88605
238.253,-1.88619
238.304,-1.88633
238.355,-1.88647
238.405,-1.88661
238.458,-1.88675
238.504,-1.8869
238.554,-1.88705
238.602,-1.8872
238.655,-1.88736
238.703,-1.88754
238.752,-1.88772
238.804,-1.88792
238.852,-1.88813
238.906,-1.88835
238.953,-1.88858
239.005,-1.88882
239.055,-1.88906
239.1,-1.8893
239.152,-1.88954
239.202,-1.88976
239.254,-1.88998
239.301,-1.89018
239.352,-1.89036
239.403,-1.89054
239.451,-1.8907
239.505,-1.89086
239.553,-1.89101
239.605,-1.89116
239.652,-1.89131
239.702,-1.89146
239.753,-1.89162
239.801,-1.89179
239.853,-1.89197
239.903,-1.89216
239.953,-1.89235
240.003,-1.89256
240.051,-1.89277
240.103,-1.89299
240.152,-1.89321
240.205,-1.89343
240.252,-1.89365
240.302,-1.89387
240.355,-1.89408
240.404,-1.89429
240.452,-1.89449
240.501,-1.89468
240.553,-1.89485
240.601,-1.89502
240.65,-1.89518
240.7,-1.89535
240.749,-1.89551
240.8,-1.89569
240.852,-1.89587
240.903,-1.89606
240.952,-1.89625
240.996,-1.89644
241.053,-1.89664
241.101,-1.89683
241.154,-1.89702
241.2,-1.89721
241.248,-1.8974
241.302,-1.89759
241.35,-1.89778
241.404,-1.89799
241.45,-1.8982
241.499,-1.89841
241.546,-1.89862
241.599,-1.89884
241.649,-1.89905
241.699,-1.89925
241.749,-1.89944
241.8,-1.89962
241.848,-1.8998
241.899,-1.89996
241.951,-1.90012
242.002,-1.90029
242.048,-1.90045
242.099,-1.90061
242.146,-1.90077
242.203,-1.90093
242.249,-1.90109
242.3,-1.90126
242.348,-1.90143
242.399,-1.90161
242.451,-1.90179
242.5,-1.90198
242.55,-1.90217
242.601,-1.90236
242.647,-1.90255
242.699,-1.90275
242.748,-1.90296
242.801,-1.90317
242.848,-1.90339
242.897,-1.90362
242.946,-1.90385
243.0,-1.90408
243.051,-1.90431
243.097,-1.90453
243.148,-1.90476
243.198,-1.90498
243.248,-1.9052
243.299,-1.90541
243.348,-1.90563
243.4,-1.90584
243.446,-1.90605
243.498,-1.90626
243.547,-1.90646
243.596,-1.90666
243.65,-1.90687
243.694,-1.90706
243.747,-1.90726
243.798,-1.90745
243.849,-1.90764
243.899,-1.90783
243.948,-1.90801
244.0,-1.90819
244.047,-1.90836
244.099,-1.90853
244.148,-1.9087
244.201,-1.90887
244.248,-1.90904
244.297,-1.90922
244.349,-1.9094
244.397,-1.9096
244.448,-1.9098
244.499,-1.91001
244.544,-1.91022
244.597,-1.91044
244.649,-1.91066
244.699,-1.91088
244.749,-1.91109
244.8,-1.91131
244.847,-1.91151
244.898,-1.91172
244.951,-1.91192
244.999,-1.91211
245.046,-1.9123
245.098,-1.91248
245.149,-1.91265
245.2,-1.91282
245.251,-1.91298
245.299,-1.91315
245.345,-1.91332
245.397,-1.91349
245.445,-1.91366
245.499,-1.91383
245.549,-1.91401
245.597,-1.9142
245.647,-1.91438
245.695,-1.91456
245.747,-1.91473
245.796,-1.9149
245.847,-1.91506
245.895,-1.91523
245.943,-1.9154
245.999,-1.91557
246.047,-1.91575
246.095,-1.91594
246.144,-1.91613
246.196,-1.91632
246.245,-1.91651
246.292,-1.91669
246.349,-1.91687
246.397,-1.91704
246.445,-1.91721
246.495,-1.91737
246.546,-1.91752
246.601,-1.91768
246.646,-1.91784
246.696,-1.918
246.748,-1.91816
246.794,-1.91833
246.847,-1.91849
246.896,-1.91864
246.946,-1.91879
246.997,-1.91893
247.045,-1.91906
247.095,-1.91919
247.15,-1.91932
247.197,-1.91945
247.244,-1.91958
247.297,-1.91972
247.345,-1.91987
247.396,-1.92002
247.444,-1.92018
247.494,-1.92034
247.545,-1.92051
247.591,-1.92068
247.646,-1.92085
247.693,-1.92102
247.745,-1.92119
247.791,-1.92136
247.845,-1.92153
247.892,-1.9217
247.943,-1.92188
247.996,-1.92206
248.043,-1.92224
248.095,-1.92242
248.146,-1.9226
248.195,-1.92278
248.249,-1.92295
248.296,-1.92312
248.344,-1.92328
248.393,-1.92344
248.445,-1.92359
248.496,-1.92374
248.544,-1.92389
248.592,-1.92404
248.641,-1.92419
248.697,-1.92435
248.745,-1.92451
248.796,-1.92467
248.846,-1.92484
248.897,-1.92502
248.943,-1.9252
248.994,-1.9254
249.044,-1.9256
249.095,-1.9258
249.144,-1.92601
249.195,-1.9262
249.25,-1.9264
249.298,-1.92658
249.345,-1.92676
249.393,-1.92693
249.442,-1.92709
249.494,-1.92724
249.543,-1.92738
249.595,-1.92752
249.645,-1.92766
249.694,-1.92779
249.744,-1.92793
249.793,-1.92808
249.846,-1.92823
249.891,-1.92839
249.943,-1.92855
249.994,-1.92873
250.043,-1.92891
250.094,-1.92909
250.14,-1.92928
250.193,-1.92947
250.245,-1.92967
250.292,-1.92986
250.346,-1.93005
250.394,-1.93024
250.443,-1.93042
250.494,-1.9306
250.543,-1.93077
250.593,-1.93093
250.647,-1.9311
250.692,-1.93126
250.741,-1.93142
250.791,-1.93158
250.843,-1.93173
250.894,-1.93189
250.943,-1.93205
250.994,-1.93221
251.043,-1.93238
251.091,-1.93255
251.142,-1.93272
251.194,-1.93291
251.243,-1.9331
251.294,-1.9333
251.342,-1.93351
251.393,-1.93372
251.444,-1.93394
251.491,-1.93416
251.543,-1.93438
251.59,-1.93459
251.644,-1.9348
251.692,-1.935
251.744,-1.9352
251.793,-1.93541
251.841,-1.93561
251.893,-1.93582
251.942,-1.93604
251.992,-1.93625
252.04,-1.93647
252.092,-1.93669
252.14,-1.93691
252.193,-1.93711
252.24,-1.93731
252.286,-1.93749
252.344,-1.93766
252.395,-1.93783
252.441,-1.938
252.491,-1.93816
252.54,-1.93832
252.591,-1.93849
252.639,-1.93865
252.69,-1.93882
252.742,-1.93899
252.792,-1.93915
252.841,-1.93932
252.893,-1.93948
252.942,-1.93965
252.989,-1.93982
253.042,-1.93999
253.094,-1.94016
253.138,-1.94034
253.192,-1.94051
253.238,-1.9407
253.291,-1.94088
253.34,-1.94107
253.391,-1.94126
253.438,-1.94146
253.489,-1.94165
253.541,-1.94185
253.594,-1.94204
253.644,-1.94223
253.691,-1.94242
253.736,-1.94261
253.787,-1.9428
253.839,-1.94298
253.893,-1.94315
253.94,-1.94331
253.988,-1.94347
254.036,-1.94362
254.088,-1.94377
254.14,-1.94393
254.191,-1.94409
254.241,-1.94426
254.288,-1.94442
254.337,-1.9446
254.389,-1.94479
254.44,-1.94498
254.489,-1.94519
254.537,-1.9454
254.59,-1.94562
254.636,-1.94585
254.688,-1.94609
254.739,-1.94632
254.787,-1.94656
254.839,-1.94679
254.887,-1.94701
254.942,-1.94722
254.988,-1.94742
255.041,-1.94761
255.089,-1.9478
255.135,-1.94798
255.189,-1.94815
255.237,-1.94832
255.29,-1.9485
255.339,-1.94867
255.387,-1.94884
255.436,-1.94902
255.488,-1.94921
255.54,-1.9494
255.586,-1.9496
255.635,-1.9498
255.688,-1.95001
255.737,-1.95021
255.787,-1.95042
255.836,-1.95062
255.889,-1.95082
255.934,-1.95102
255.987,-1.95122
256.036,-1.95141
256.089,-1.95159
256.141,-1.95177
256.183,-1.95192
256.238,-1.95207
256.288,-1.9522
256.339,-1.95232
256.386,-1.95244
256.438,-1.95256
256.486,-1.95268
256.534,-1.9528
256.589,-1.95292
256.636,-1.95305
256.686,-1.95318
256.736,-1.95332
256.784,-1.95345
256.837,-1.9536
256.886,-1.95375
256.935,-1.9539
256.983,-1.95407
257.034,-1.95425
257.085,-1.95443
257.135,-1.95463
257.187,-1.95483
257.235,-1.95505
257.287,-1.95526
257.336,-1.95547
257.384,-1.95568
257.435,-1.9559
257.485,-1.95611
257.538,-1.95632
257.585,-1.95654
257.636,-1.95675
257.684,-1.95696
257.735,-1.95717
257.785,-1.95738
257.833,-1.95759
257.887,-1.9578
257.937,-1.95801
257.986,-1.95822
258.037,-1.95842
258.084,-1.95863
258.135,-1.95883
258.185,-1.95903
258.236,-1.95923
258.283,-1.95942
258.337,-1.95961
258.383,-1.95979
258.432,-1.95996
258.485,-1.96011
258.534,-1.96026
258.583,-1.9604
258.634,-1.96053
258.684,-1.96066
258.731,-1.96079
258.786,-1.96092
258.835,-1.96107
258.883,-1.96122
258.933,-1.96139
258.982,-1.96157
259.034,-1.96176
259.086,-1.96196
259.135,-1.96216
259.186,-1.96236
259.233,-1.96255
259.283,-1.96274
259.334,-1.96292
259.383,-1.9631
259.432,-1.96326
259.485,-1.96342
259.534,-1.96357
259.585,-1.96372
259.634,-1.96386
259.682,-1.96399
259.733,-1.96413
259.782,-1.96427
259.829,-1.96442
259.882,-1.96458
259.935,-1.96475
259.984,-1.96493
260.034,-1.96512
260.083,-1.96532
260.134,-1.96552
260.183,-1.96572
260.235,-1.96591
260.281,-1.9661
260.335,-1.96628
260.384,-1.96645
260.434,-1.96662
260.486,-1.96678
260.534,-1.96694
260.585,-1.9671
260.633,-1.96726
260.682,-1.96743
260.733,-1.96761
260.783,-1.9678
260.835,-1.968
260.884,-1.96819
260.935,-1.9684
260.985,-1.9686
261.034,-1.96881
261.083,-1.96902
261.131,-1.96923
261.181,-1.96945
261.231,-1.96967
261.284,-1.96989
261.333,-1.9701
261.382,-1.97031
261.43,-1.97051
261.484,-1.97071
261.532,-1.97091
261.58,-1.9711
261.631,-1.9713
261.683,-1.9715
261.732,-1.9717
261.778,-1.9719
261.832,-1.9721
261.882,-1.97229
261.931,-1.97249
261.981,-1.97268
262.032,-1.97287
262.083,-1.97305
262.133,-1.97324
262.181,-1.97343
262.231,-1.97362
262.28,-1.97381
262.331,-1.97401
262.381,-1.97419
262.43,-1.97437
262.484,-1.97454
262.531,-1.97469
262.584,-1.97483
262.629,-1.97497
262.681,-1.97509
262.729,-1.97521
262.778,-1.97533
262.829,-1.97544
262.882,-1.97556
262.93,-1.97569
262.978,-1.97582
263.028,-1.97597
263.078,-1.97612
263.13,-1.97628
263.182,-1.97644
263.229,-1.97661
263.28,-1.97679
263.331,-1.97698
263.382,-1.97717
263.429,-1.97738
263.481,-1.9776
263.531,-1.97782
263.579,-1.97804
263.628,-1.97826
263.678,-1.97848
263.732,-1.97869
263.781,-1.9789
263.829,-1.9791
263.882,-1.97929
263.933,-1.97948
263.98,-1.97966
264.028,-1.97984
264.078,-1.98002
264.129,-1.98019
264.178,-1.98037
264.23,-1.98054
264.28,-1.98072
264.328,-1.98089
264.378,-1.98107
264.427,-1.98125
264.478,-1.98143
264.529,-1.9816
264.579,-1.98178
264.627,-1.98196
264.675,-1.98214
264.728,-1.98232
264.778,-1.98249
264.829,-1.98266
264.881,-1.98283
264.927,-1.98299
264.98,-1.98314
265.031,-1.98329
265.08,-1.98344
265.127,-1.98359
265.178,-1.98376
265.225,-1.98394
265.277,-1.98414
265.325,-1.98436
265.376,-1.98459
265.427,-1.98482
265.476,-1.98506
265.528,-1.98529
265.578,-1.98551
265.628,-1.98573
265.677,-1.98593
265.728,-1.98612
265.778,-1.9863
265.825,-1.98646
265.879,-1.98661
265.925,-1.98676
265.975,-1.9869
266.025,-1.98705
266.076,-1.98719
266.125,-1.98733
266.177,-1.98747
266.229,-1.98761
266.277,-1.98775
266.327,-1.9879
266.376,-1.98805
266.426,-1.9882
266.477,-1.98837
266.527,-1.98854
266.576,-1.98871
266.627,-1.98888
266.678,-1.98906
266.727,-1.98924
266.778,-1.98942
266.827,-1.98961
266.875,-1.98979
266.926,-1.98998
266.977,-1.99017
267.027,-1.99036
267.078,-1.99056
267.124,-1.99077
267.177,-1.99098
267.229,-1.99118
267.279,-1.99138
267.325,-1.99157
267.379,-1.99177
267.425,-1.99197
267.476,-1.99218
267.525,-1.9924
267.575,-1.99263
267.626,-1.99286
267.674,-1.99308
267.725,-1.9933
267.776,-1.99352
267.824,-1.99373
267.874,-1.99393
267.924,-1.99411
267.978,-1.99428
268.026,-1.99444
268.074,-1.99459
268.128,-1.99474
268.174,-1.99487
268.226,-1.995
268.275,-1.99514
268.325,-1.99527
268.377,-1.99541
268.423,-1.99555
268.476,-1.9957
268.524,-1.99586
268.576,-1.99604
268.625,-1.99623
268.676,-1.99643
268.724,-1.99664
268.776,-1.99686
268.824,-1.99708
268.871,-1.99732
268.927,-1.99756
268.976,-1.99781
269.023,-1.99806
269.074,-1.99831
269.126,-1.99856
269.176,-1.9988
269.225,-1.99903
269.274,-1.99926
269.324,-1.99947
269.375,-1.99968
269.424,-1.99987
269.476,-2.00006
269.526,-2.00024
269.577,-2.00041
269.628,-2.00058
269.675,-2.00074
269.727,-2.0009
269.777,-2.00107
269.823,-2.00124
269.874,-2.00142
269.923,-2.00161
269.976,-2.00182
270.023,-2.00204
270.073,-2.00227
270.124,-2.0025
270.169,-2.00272
270.224,-2.00293
270.272,-2.00313
270.324,-2.0033
270.373,-2.00347
270.421,-2.00362
270.473,-2.00376
270.522,-2.00391
270.573,-2.00405
270.622,-2.0042
270.671,-2.00435
270.722,-2.00451
270.773,-2.00467
270.823,-2.00485
270.87,-2.00503
270.923,-2.00521
270.974,-2.00539
271.023,-2.00558
271.073,-2.00577
271.124,-2.00598
271.174,-2.00619
271.221,-2.0064
271.27,-2.00662
271.322,-2.00684
271.373,-2.00705
271.422,-2.00727
271.474,-2.00748
271.524,-2.00769
271.572,-2.0079
271.623,-2.0081
271.673,-2.0083
271.721,-2.00849
271.773,-2.00868
271.822,-2.00886
271.875,-2.00904
271.924,-2.00921
271.972,-2.00938
272.022,-2.00953
272.073,-2.00968
272.122,-2.00983
272.174,-2.00998
272.222,-2.01015
272.269,-2.01031
272.321,-2.01049
272.369,-2.01066
272.422,-2.01084
272.471,-2.01101
272.521,-2.01119
272.569,-2.01136
272.619,-2.01155
272.673,-2.01173
272.721,-2.01191
272.769,-2.0121
272.821,-2.01229
272.867,-2.01249
272.921,-2.01269
272.969,-2.01289
273.021,-2.0131
273.067,-2.01331
273.117,-2.01352
273.17,-2.01373
273.218,-2.01395
273.269,-2.01416
273.318,-2.01438
273.366,-2.0146
273.417,-2.01481
273.465,-2.01502
273.519,-2.01522
273.569,-2.01542
273.621,-2.0156
273.669,-2.01579
273.721,-2.01596
273.77,-2.01612
273.819,-2.01628
273.871,-2.01641
273.917,-2.01653
273.969,-2.01664
274.02,-2.01673
274.071,-2.01682
274.116,-2.0169
274.169,-2.01698
274.219,-2.01707
274.269,-2.01717
274.319,-2.01729
274.37,-2.01743
274.419,-2.01758
274.469,-2.01775
274.517,-2.01794
274.566,-2.01815
274.618,-2.01838
274.668,-2.01862
274.716,-2.01886
274.771,-2.01911
274.82,-2.01934
274.867,-2.01956
274.918,-2.01977
274.968,-2.01996
275.017,-2.02014
275.067,-2.02029
275.116,-2.02044
275.166,-2.02057
275.216,-2.0207
275.267,-2.02083
275.315,-2.02097
275.369,-2.02111
275.419,-2.02126
275.47,-2.02141
275.514,-2.02156
275.567,-2.02173
275.619,-2.02189
275.666,-2.02206
275.719,-2.02224
275.767,-2.02243
275.815,-2.02262
275.866,-2.02281
275.914,-2.02301
275.972,-2.02322
276.017,-2.02342
276.069,-2.02363
276.116,-2.02383
276.166,-2.02403
276.217,-2.02423
276.266,-2.02442
276.316,-2.02459
276.363,-2.02476
276.415,-2.02491
276.466,-2.02505
276.515,-2.02519
276.565,-2.02531
276.613,-2.02543
276.668,-2.02555
276.718,-2.02566
276.769,-2.02579
276.817,-2.02592
276.864,-2.02605
276.916,-2.02619
276.965,-2.02634
277.019,-2.02649
277.065,-2.02665
277.118,-2.02682
277.167,-2.02698
277.216,-2.02715
277.265,-2.02732
277.317,-2.02748
277.366,-2.02765
277.416,-2.02781
277.465,-2.02797
277.517,-2.02813
277.564,-2.02829
277.616,-2.02845
277.663,-2.02861
277.715,-2.02878
277.766,-2.02896
277.819,-2.02914
277.868,-2.02933
277.913,-2.02952
277.965,-2.02972
278.016,-2.02993
278.064,-2.03013
278.116,-2.03033
278.166,-2.03052
278.217,-2.0307
278.262,-2.03088
278.316,-2.03104
278.364,-2.0312
278.416,-2.03135
278.464,-2.0315
278.51,-2.03165
278.564,-2.03181
278.613,-2.03198
278.666,-2.03216
278.716,-2.03234
278.764,-2.03255
278.816,-2.03276
278.86,-2.03299
278.912,-2.03323
278.962,-2.03349
279.014,-2.03375
279.063,-2.03403
279.113,-2.0343
279.163,-2.03456
279.213,-2.03481
279.261,-2.03505
279.31,-2.03527
279.362,-2.03547
279.412,-2.03565
279.463,-2.03581
279.514,-2.03595
279.562,-2.03608
279.614,-2.0362
279.659,-2.03632
279.714,-2.03644
279.763,-2.03656
279.814,-2.03669
279.862,-2.03682
279.912,-2.03696
279.963,-2.0371
280.01,-2.03726
280.064,-2.03742
280.114,-2.03759
280.163,-2.03778
280.211,-2.03797
280.261,-2.03816
280.314,-2.03835
280.363,-2.03854
280.414,-2.03873
280.463,-2.03892
280.51,-2.0391
280.564,-2.03928
280.614,-2.03945
280.663,-2.03963
280.712,-2.0398
280.76,-2.03998
280.815,-2.04016
280.86,-2.04034
280.913,-2.04053
280.963,-2.04072
281.01,-2.04092
281.061,-2.04111
281.113,-2.04132
281.164,-2.04153
281.212,-2.04174
281.261,-2.04195
281.314,-2.04216
281.363,-2.04236
281.409,-2.04255
281.464,-2.04275
281.51,-2.04294
281.559,-2.04313
281.617,-2.04332
281.662,-2.04351
281.712,-2.04369
281.758,-2.04388
281.808,-2.04408
281.861,-2.04428
281.911,-2.04448
281.962,-2.04469
282.01,-2.0449
282.064,-2.04512
282.111,-2.04533
282.161,-2.04553
282.214,-2.04574
282.262,-2.04594
282.311,-2.04614
282.359,-2.04634
282.41,-2.04653
282.461,-2.04672
282.509,-2.0469
282.561,-2.04707
282.607,-2.04724
282.662,-2.0474
282.71,-2.04756
282.762,-2.04772
282.809,-2.04788
282.859,-2.04803
282.91,-2.04818
282.958,-2.04834
283.013,-2.0485
283.062,-2.04867
283.109,-2.04886
283.161,-2.04906
283.209,-2.04927
283.262,-2.0495
283.309,-2.04975
283.36,-2.05
283.408,-2.05025
283.459,-2.05049
283.51,-2.05071
283.558,-2.05091
283.61,-2.05109
283.657,-2.05125
283.711,-2.0514
283.76,-2.05152
283.809,-2.05164
283.861,-2.05174
283.91,-2.05185
283.961,-2.05196
284.01,-2.05208
284.059,-2.0522
284.106,-2.05235
284.159,-2.0525
284.21,-2.05267
284.254,-2.05285
284.308,-2.05305
284.359,-2.05326
284.409,-2.05348
284.458,-2.05371
284.507,-2.05394
284.557,-2.05417
284.605,-2.05439
284.662,-2.05461
284.707,-2.05482
284.759,-2.05502
284.806,-2.05522
284.86,-2.05542
284.91,-2.05561
284.957,-2.0558
285.01,-2.056
285.057,-2.05619
285.107,-2.05639
285.159,-2.0566
285.207,-2.05681
285.258,-2.05703
285.305,-2.05726
285.358,-2.05749
285.409,-2.05773
285.458,-2.05797
285.51,-2.05821
285.555,-2.05845
285.608,-2.05868
285.658,-2.05889
285.708,-2.05909
285.759,-2.05928
285.805,-2.05946
285.855,-2.05962
285.904,-2.05978
285.961,-2.05992
286.007,-2.06007
286.059,-2.06021
286.107,-2.06035
286.154,-2.06051
286.208,-2.06067
286.256,-2.06086
286.31,-2.06107
286.355,-2.06129
286.408,-2.06152
286.456,-2.06176
286.508,-2.06201
286.558,-2.06225
286.608,-2.0625
286.657,-2.06274
286.707,-2.06297
286.756,-2.06318
286.808,-2.06339
286.855,-2.06358
286.907,-2.06376
286.958,-2.06393
287.008,-2.0641
287.054,-2.06427
287.107,-2.06444
287.158,-2.06462
287.205,-2.0648
287.254,-2.06499
287.307,-2.06518
287.357,-2.06538
287.406,-2.06559
287.454,-2.0658
287.503,-2.06602
287.556,-2.06624
287.606,-2.06646
287.656,-2.06667
287.708,-2.06688
287.752,-2.06709
287.805,-2.06729
287.853,-2.06749
287.904,-2.06769
287.956,-2.06789
288.003,-2.06809
288.054,-2.06828
288.105,-2.06847
288.153,-2.06865
288.205,-2.06882
288.253,-2.06898
288.306,-2.06914
288.353,-2.06929
288.404,-2.06945
288.457,-2.0696
288.505,-2.06975
288.555,-2.0699
288.603,-2.07006
288.655,-2.07023
288.705,-2.0704
288.754,-2.07059
288.802,-2.07078
288.853,-2.07097
288.904,-2.07117
288.955,-2.07137
289.005,-2.07156
289.053,-2.07176
289.103,-2.07195
289.152,-2.07215
289.205,-2.07235
289.254,-2.07256
289.306,-2.07276
289.355,-2.07297
289.404,-2.07317
289.453,-2.07338
289.508,-2.0736
289.553,-2.07382
289.602,-2.07404
289.652,-2.07426
289.703,-2.07448
289.752,-2.07469
289.803,-2.0749
289.854,-2.07511
289.903,-2.07532
289.952,-2.07551
290.001,-2.07571
290.053,-2.0759
290.104,-2.07608
290.151,-2.07627
290.205,-2.07645
290.249,-2.07663
290.301,-2.07681
290.354,-2.07699
290.404,-2.07716
290.454,-2.07733
290.502,-2.0775
290.552,-2.07768
290.601,-2.07786
290.65,-2.07805
290.701,-2.07825
290.754,-2.07844
290.801,-2.07863
290.852,-2.07882
290.906,-2.07901
290.953,-2.07919
291.003,-2.07936
291.049,-2.07952
291.103,-2.07969
291.152,-2.07986
291.2,-2.08002
291.251,-2.0802
291.303,-2.08038
291.35,-2.08057
291.401,-2.08077
291.452,-2.08097
291.501,-2.08118
291.551,-2.08138
291.602,-2.08159
291.65,-2.08179
291.703,-2.08198
291.752,-2.08218
291.802,-2.08237
291.849,-2.08256
291.9,-2.08275
291.952,-2.08295
292.002,-2.08314
292.052,-2.08333
292.102,-2.08351
292.15,-2.08368
292.204,-2.08384
292.253,-2.084
292.302,-2.08415
292.352,-2.0843
292.403,-2.08445
292.45,-2.0846
292.502,-2.08476
292.55,-2.08492
292.604,-2.08508
292.652,-2.08525
292.698,-2.08542
292.754,-2.0856
292.8,-2.08579
292.851,-2.08598
292.901,-2.08617
292.95,-2.08636
293.001,-2.08655
293.052,-2.08674
293.1,-2.08693
293.149,-2.08712
293.2,-2.08732
293.248,-2.08751
293.299,-2.08771
293.351,-2.08791
293.403,-2.08812
293.449,-2.08834
293.497,-2.08858
293.549,-2.08881
293.601,-2.08906
293.646,-2.0893
293.701,-2.08955
293.75,-2.0898
293.801,-2.09005
293.85,-2.0903
293.899,-2.09055
293.95,-2.0908
294.0,-2.09104
294.047,-2.09127
294.099,-2.0915
294.149,-2.09171
294.198,-2.0919
294.248,-2.09208
294.297,-2.09224
294.348,-2.09238
294.401,-2.09251
294.449,-2.09263
294.498,-2.09274
294.548,-2.09285
294.598,-2.09297
294.649,-2.09311
294.697,-2.09325
294.751,-2.09342
294.796,-2.0936
294.845,-2.0938
294.897,-2.094
294.946,-2.09421
294.996,-2.09442
295.048,-2.09462
295.097,-2.09481
295.147,-2.09498
295.201,-2.09515
295.246,-2.09531
295.297,-2.09547
295.348,-2.09563
295.394,-2.0958
295.446,-2.09596
295.498,-2.09613
295.55,-2.0963
295.598,-2.09647
295.648,-2.09666
295.7,-2.09686
295.748,-2.09707
295.801,-2.09731
295.847,-2.09756
295.898,-2.09782
295.948,-2.0981
295.995,-2.09837
296.049,-2.09864
296.098,-2.09889
296.148,-2.09913
296.197,-2.09934
296.246,-2.09954
296.296,-2.09972
296.346,-2.09989
296.397,-2.10005
296.447,-2.10021
296.499,-2.10038
296.547,-2.10056
296.597,-2.10074
296.647,-2.10094
296.697,-2.10114
296.748,-2.10135
296.795,-2.10156
296.847,-2.10178
296.899,-2.102
296.946,-2.10222
296.999,-2.10245
297.044,-2.10268
297.097,-2.10292
297.149,-2.10317
297.197,-2.10341
297.248,-2.10366
297.295,-2.1039
297.345,-2.10413
297.396,-2.10436
297.448,-2.10459
297.496,-2.10481
297.545,-2.10503
297.598,-2.10524
297.646,-2.10546
297.697,-2.10567
297.747,-2.10589
297.796,-2.1061
297.845,-2.10631
297.895,-2.10652
297.945,-2.10674
297.995,-2.10695
298.046,-2.10716
298.094,-2.10736
298.142,-2.10757
298.198,-2.10776
298.246,-2.10796
298.298,-2.10815
298.344,-2.10834
298.395,-2.10852
298.446,-2.1087
298.494,-2.10888
298.547,-2.10905
298.594,-2.10922
298.644,-2.1094
298.692,-2.10957
298.746,-2.10975
298.794,-2.10993
298.845,-2.11012
298.895,-2.1103
298.942,-2.11049
298.996,-2.11068
299.044,-2.11087
299.095,-2.11107
299.144,-2.11128
299.192,-2.1115
299.243,-2.11172
299.298,-2.11196
299.344,-2.1122
299.394,-2.11244
299.444,-2.11268
299.495,-2.11291
299.544,-2.11315
299.595,-2.11337
299.644,-2.11359
299.693,-2.11381
299.743,-2.11401
299.794,-2.11421
299.845,-2.11442
299.895,-2.11462
299.943,-2.11483
299.992,-2.11504
300.043,-2.11526
300.092,-2.11549
300.144,-2.11572
300.191,-2.11596
300.242,-2.1162
300.293,-2.11643
300.341,-2.11666
300.394,-2.11688
300.442,-2.1171
300.492,-2.11732
300.543,-2.11752
300.592,-2.1177
300.641,-2.11787
300.692,-2.11802
300.744,-2.11815
300.79,-2.11827
300.84,-2.11839
300.892,-2.11851
300.94,-2.11864
300.992,-2.11879
301.042,-2.11896
301.09,-2.11915
301.141,-2.11937
301.192,-2.1196
301.243,-2.11985
301.292,-2.12011
301.344,-2.12037
301.39,-2.12063
301.442,-2.12088
301.492,-2.12113
301.544,-2.12137
301.591,-2.12159
301.64,-2.12181
301.692,-2.12202
301.742,-2.12221
301.792,-2.1224
301.845,-2.12258
301.892,-2.12275
301.941,-2.12292
301.991,-2.12309
302.043,-2.12326
302.092,-2.12345
302.142,-2.12364
302.191,-2.12384
302.241,-2.12405
302.291,-2.12427
302.342,-2.1245
302.391,-2.12474
302.44,-2.12497
302.489,-2.12521
302.54,-2.12544
302.59,-2.12567
302.64,-2.12589
302.689,-2.12611
302.744,-2.12632
302.792,-2.12652
302.844,-2.12671
302.892,-2.1269
302.94,-2.1271
302.991,-2.12729
303.038,-2.12748
303.091,-2.12768
303.14,-2.12789
303.191,-2.12811
303.238,-2.12833
303.288,-2.12855
303.34,-2.12878
303.391,-2.12902
303.44,-2.12925
303.491,-2.12947
303.541,-2.12969
303.591,-2.12989
303.642,-2.13008
303.691,-2.13025
303.736,-2.13041
303.791,-2.13056
303.84,-2.1307
303.891,-2.13084
303.942,-2.13099
303.991,-2.13113
304.038,-2.13129
304.09,-2.13145
304.139,-2.13162
304.189,-2.1318
304.238,-2.132
304.29,-2.13221
304.336,-2.13243
304.39,-2.13266
304.44,-2.1329
304.49,-2.13315
304.541,-2.13341
304.588,-2.13367
304.638,-2.13394
304.688,-2.1342
304.742,-2.13446
304.788,-2.1347
304.841,-2.13492
304.888,-2.13513
304.938,-2.13532
304.986,-2.1355
305.041,-2.13566
305.091,-2.13582
305.138,-2.13597
305.191,-2.13613
305.238,-2.13629
305.289,-2.13647
305.34,-2.13666
305.389,-2.13686
305.44,-2.13707
305.486,-2.13731
305.538,-2.13756
305.587,-2.13781
305.64,-2.13808
305.688,-2.13836
305.739,-2.13863
305.792,-2.13891
305.837,-2.13917
305.89,-2.13942
305.942,-2.13966
305.988,-2.13989
306.039,-2.1401
306.089,-2.14031
306.138,-2.14051
306.189,-2.14072
306.236,-2.14092
306.29,-2.14113
306.335,-2.14135
306.391,-2.14158
306.438,-2.14181
306.487,-2.14204
306.535,-2.14228
306.586,-2.14252
306.639,-2.14275
306.689,-2.14299
306.739,-2.14322
306.787,-2.14345
306.837,-2.14368
306.885,-2.1439
306.938,-2.14413
306.988,-2.14436
307.036,-2.14458
307.088,-2.14481
307.138,-2.14503
307.188,-2.14525
307.236,-2.14547
307.287,-2.1457
307.339,-2.14593
307.385,-2.14617
307.439,-2.14641
307.487,-2.14665
307.538,-2.1469
307.587,-2.14716
307.633,-2.14741
307.688,-2.14767
307.737,-2.14792
307.786,-2.14818
307.835,-2.14843
307.886,-2.14868
307.936,-2.14892
307.988,-2.14915
308.037,-2.14938
308.087,-2.14959
308.136,-2.14981
308.185,-2.15002
308.237,-2.15022
308.287,-2.15043
308.337,-2.15064
308.388,-2.15086
308.433,-2.15108
308.484,-2.15132
308.534,-2.15157
308.588,-2.15183
308.638,-2.1521
308.684,-2.15239
308.737,-2.15268
308.785,-2.15298
308.837,-2.15328
308.886,-2.15358
308.937,-2.15388
308.985,-2.15416
309.035,-2.15444
309.086,-2.15471
309.134,-2.15497
309.187,-2.15522
309.234,-2.15546
309.285,-2.15569
309.336,-2.15592
309.387,-2.15614
309.437,-2.15635
309.485,-2.15655
309.534,-2.15675
309.584,-2.15693
309.636,-2.15712
309.688,-2.15731
309.735,-2.15752
309.783,-2.15774
309.836,-2.15797
309.885,-2.15822
309.936,-2.15849
309.984,-2.15878
310.034,-2.15908
310.082,-2.15939
310.132,-2.1597
310.185,-2.16001
310.236,-2.16031
310.282,-2.1606
310.335,-2.16088
310.384,-2.16113
310.433,-2.16138
310.485,-2.16162
310.535,-2.16185
310.584,-2.16207
310.634,-2.1623
310.684,-2.16252
310.734,-2.16275
310.784,-2.16298
310.833,-2.16322
310.88,-2.16346
310.936,-2.16371
310.983,-2.16395
311.033,-2.16418
311.086,-2.16441
311.132,-2.16462
311.183,-2.16482
311.235,-2.16501
311.285,-2.1652
311.335,-2.16537
311.383,-2.16555
311.431,-2.16574
311.481,-2.16593
311.532,-2.16613
311.584,-2.16634
311.633,-2.16657
311.685,-2.16681
311.733,-2.16706
311.784,-2.16732
311.832,-2.16759
311.884,-2.16786
311.933,-2.16813
311.983,-2.16841
312.032,-2.16868
312.081,-2.16894
312.132,-2.1692
312.185,-2.16945
312.232,-2.16969
312.281,-2.16993
312.333,-2.17016
312.382,-2.1704
312.432,-2.17063
312.48,-2.17087
312.531,-2.17112
312.581,-2.17138
312.632,-2.17164
312.682,-2.17192
312.733,-2.1722
312.78,-2.17249
312.831,-2.17278
312.88,-2.17308
312.933,-2.17338
312.983,-2.17368
313.029,-2.17398
313.081,-2.17426
313.13,-2.17454
313.184,-2.17481
313.232,-2.17506
313.281,-2.17531
313.332,-2.17555
313.379,-2.17578
313.43,-2.17601
313.482,-2.17624
313.532,-2.17648
313.583,-2.17672
313.632,-2.17697
313.68,-2.17723
313.731,-2.17749
313.782,-2.17776
313.831,-2.17804
313.882,-2.17833
313.93,-2.17862
313.979,-2.17891
314.032,-2.17921
314.082,-2.1795
314.131,-2.17979
314.179,-2.18008
314.23,-2.18036
314.281,-2.18063
314.327,-2.18091
314.382,-2.18118
314.431,-2.18147
314.482,-2.18175
314.529,-2.18204
314.581,-2.18234
314.628,-2.18264
314.68,-2.18294
314.728,-2.18324
314.777,-2.18355
314.831,-2.18386
314.882,-2.18416
314.932,-2.18446
314.982,-2.18475
315.024,-2.18504
315.077,-2.18532
315.127,-2.1856
315.179,-2.18587
315.231,-2.18615
315.28,-2.18643
315.329,-2.18673
315.377,-2.18703
315.429,-2.18734
315.479,-2.18767
315.527,-2.188
315.578,-2.18833
315.627,-2.18866
315.677,-2.189
315.73,-2.18933
315.78,-2.18965
315.827,-2.18997
315.879,-2.1903
315.927,-2.19062
315.979,-2.19095
316.031,-2.1913
316.077,-2.19165
316.129,-2.19201
316.178,-2.19238
316.227,-2.19276
316.28,-2.19315
316.326,-2.19354
316.379,-2.19393
316.426,-2.19432
316.478,-2.1947
316.528,-2.19508
316.578,-2.19546
316.628,-2.19584
316.675,-2.19621
316.731,-2.19657
316.777,-2.19693
316.828,-2.19729
316.878,-2.19765
316.926,-2.198
316.976,-2.19835
317.029,-2.19871
317.078,-2.19908
317.128,-2.19945
317.176,-2.19982
317.226,-2.2002
317.277,-2.20059
317.329,-2.20097
317.378,-2.20135
317.429,-2.20173
317.475,-2.2021
317.528,-2.20247
317.58,-2.20284
317.628,-2.2032
317.676,-2.20356
317.723,-2.20393
317.777,-2.2043
317.826,-2.20467
317.877,-2.20505
317.928,-2.20543
317.976,-2.20583
318.025,-2.20624
318.079,-2.20667
318.131,-2.2071
318.176,-2.20756
318.224,-2.20803
318.276,-2.20852
318.325,-2.20903
318.378,-2.20954
318.426,-2.21005
318.476,-2.21056
318.526,-2.21106
318.575,-2.21155
318.627,-2.21204
318.673,-2.21252
318.727,-2.21299
318.777,-2.21345
318.827,-2.21391
318.876,-2.21436
318.926,-2.2148
318.979,-2.21525
319.022,-2.21569
319.075,-2.21613
319.125,-2.21658
319.176,-2.21702
319.227,-2.21748
319.275,-2.21794
319.326,-2.2184
319.374,-2.21887
319.428,-2.21934
319.478,-2.21982
319.526,-2.2203
319.577,-2.22078
319.625,-2.22127
319.675,-2.22175
319.725,-2.22224
319.775,-2.22272
319.827,-2.2232
319.875,-2.22367
319.925,-2.22415
319.978,-2.22464
320.027,-2.22512
320.075,-2.22561
320.125,-2.2261
320.174,-2.22659
320.223,-2.22708
320.277,-2.22756
320.325,-2.22804
320.376,-2.2285
320.423,-2.22895
320.473,-2.22939
320.526,-2.22982
320.575,-2.23025
320.624,-2.23066
320.674,-2.23106
320.726,-2.23144
320.771,-2.23182
320.822,-2.23218
320.874,-2.23253
320.922,-2.23291
320.973,-2.23337
321.025,-2.23383
321.075,-2.2343
321.124,-2.2348
321.175,-2.23536
321.223,-2.23586
321.272,-2.23634
321.326,-2.23683
321.373,-2.23737
321.424,-2.23797
321.473,-2.2385
321.525,-2.23901
321.572,-2.23952
321.623,-2.24002
321.674,-2.24047
321.723,-2.24084
321.773,-2.2413
321.823,-2.24177
321.874,-2.24218
321.924,-2.24252
321.971,-2.2429
322.023,-2.24322
322.07,-2.2436
322.121,-2.24398
322.176,-2.24435
322.223,-2.24477
322.272,-2.2452
322.322,-2.24562
322.37,-2.24597
322.422,-2.24634
322.473,-2.24666
322.522,-2.24682
322.573,-2.24691
322.623,-2.24693
322.671,-2.2468
322.722,-2.24667
322.771,-2.24671
322.821,-2.24688
322.872,-2.24711
322.924,-2.24737
322.972,-2.24762
323.022,-2.24788
323.074,-2.24809
323.122,-2.24817
323.172,-2.24801
323.223,-2.24764
323.271,-2.24727
323.324,-2.247
323.37,-2.24674
323.423,-2.24659
323.472,-2.24681
323.52,-2.24733
323.571,-2.24791
323.621,-2.24843
323.67,-2.24868
323.72,-2.24877
323.769,-2.24878
323.818,-2.24879
323.873,-2.24885
323.921,-2.24916
323.97,-2.24975
324.021,-2.25033
324.07,-2.2508
324.122,-2.25099
324.171,-2.25098
324.22,-2.25067
324.269,-2.25025
324.32,-2.24989
324.375,-2.24956
324.422,-2.24934
324.472,-2.24923
324.522,-2.24916
324.57,-2.24905
324.622,-2.2489
324.673,-2.24877
324.722,-2.24873
324.77,-2.24874
324.818,-2.24877
324.869,-2.2488
324.92,-2.24881
324.973,-2.24883
325.02,-2.24886
325.072,-2.24892
325.119,-2.24903
325.168,-2.24916
325.222,-2.24923
325.27,-2.24929
325.322,-2.24935
325.371,-2.24941
325.418,-2.24947
325.469,-2.24952
325.52,-2.24955
325.57,-2.24959
325.618,-2.24962
325.67,-2.24965
325.719,-2.24968
325.768,-2.24971
325.819,-2.24974
325.869,-2.24978
325.921,-2.24982
325.967,-2.24986
326.022,-2.2499
326.069,-2.24995
326.12,-2.25
326.169,-2.25005
326.217,-2.2501
326.269,-2.25014
326.322,-2.25018
326.371,-2.25022
326.418,-2.25024
326.468,-2.25026
326.517,-2.25027
326.568,-2.25027
326.618,-2.25027
326.666,-2.25027
326.718,-2.25027
326.771,-2.25027
326.818,-2.25027
326.871,-2.25028
326.92,-2.25029
326.968,-2.25031
327.018,-2.25034
327.067,-2.25038
327.118,-2.25043
327.172,-2.25048
327.218,-2.25053
327.267,-2.25059
327.318,-2.25065
327.366,-2.25071
327.422,-2.25078
327.468,-2.25084
327.516,-2.25091
327.565,-2.25098
327.617,-2.25106
327.669,-2.25114
327.716,-2.25123
327.767,-2.25131
327.819,-2.25138
327.868,-2.25145
327.919,-2.25151
327.967,-2.25157
328.017,-2.25163
328.066,-2.25168
328.117,-2.25173
328.168,-2.25179
328.219,-2.25185
328.266,-2.25191
328.314,-2.25198
328.367,-2.25205
328.418,-2.25212
328.465,-2.2522
328.518,-2.25228
328.568,-2.25237
328.616,-2.25245
328.666,-2.25253
328.72,-2.25261
328.767,-2.25269
328.816,-2.25277
328.865,-2.25286
328.916,-2.25295
328.967,-2.25303
329.016,-2.25312
329.068,-2.2532
329.116,-2.25328
329.167,-2.25336
329.217,-2.25344
329.265,-2.25352
329.316,-2.2536
329.366,-2.25368
329.416,-2.25375
329.466,-2.25382
329.517,-2.2539
329.566,-2.25397
329.616,-2.25406
329.666,-2.25416
329.712,-2.25426
329.767,-2.25438
329.815,-2.2545
329.865,-2.25463
329.918,-2.25475
329.965,-2.25487
330.015,-2.25498
330.064,-2.2551
330.116,-2.2552
330.166,-2.2553
330.216,-2.25539
330.266,-2.25546
330.315,-2.25552
330.367,-2.25558
330.415,-2.25564
330.465,-2.25571
330.514,-2.2558
330.566,-2.2559
330.614,-2.25601
330.666,-2.25614
330.716,-2.25627
330.765,-2.25641
330.815,-2.25656
330.866,-2.25671
330.916,-2.25685
330.965,-2.257
331.015,-2.25713
331.063,-2.25725
331.111,-2.25736
331.168,-2.25746
331.215,-2.25754
331.262,-2.25761
331.315,-2.25768
331.364,-2.25775
331.415,-2.25783
331.464,-2.25791
331.514,-2.25801
331.564,-2.25812
331.612,-2.25824
331.663,-2.25838
331.712,-2.25852
331.766,-2.25867
331.813,-2.25882
331.861,-2.25897
331.915,-2.25912
331.962,-2.25926
332.015,-2.2594
332.062,-2.25953
332.113,-2.25966
332.163,-2.25978
332.213,-2.25989
332.264,-2.26
332.313,-2.2601
332.361,-2.2602
332.413,-2.2603
332.462,-2.2604
332.512,-2.2605
332.565,-2.2606
332.615,-2.26071
332.663,-2.26082
332.713,-2.26094
332.763,-2.26106
332.81,-2.26119
332.861,-2.26131
332.908,-2.26144
332.964,-2.26157
333.011,-2.26171
333.06,-2.26184
333.113,-2.26198
333.161,-2.26211
333.212,-2.26225
333.261,-2.26239
333.313,-2.26254
333.361,-2.26269
333.411,-2.26284
333.464,-2.26298
333.51,-2.26311
333.564,-2.26323
333.612,-2.26335
333.664,-2.26345
333.712,-2.26355
333.757,-2.26364
333.81,-2.26372
333.862,-2.26381
333.913,-2.2639
333.964,-2.264
334.012,-2.26411
334.06,-2.26422
334.111,-2.26435
334.163,-2.26448
334.21,-2.26462
334.262,-2.26477
334.313,-2.26491
334.359,-2.26506
334.411,-2.2652
334.461,-2.26533
334.512,-2.26545
334.564,-2.26555
334.609,-2.26563
334.66,-2.2657
334.712,-2.26575
334.761,-2.26579
334.809,-2.26582
334.859,-2.26585
334.909,-2.26587
334.96,-2.2659
335.009,-2.26593
335.061,-2.26598
335.109,-2.26605
335.158,-2.26614
335.21,-2.26625
335.26,-2.26639
335.31,-2.26654
335.36,-2.26671
335.407,-2.26689
335.459,-2.26707
335.505,-2.26726
335.564,-2.26744
335.608,-2.26762
335.658,-2.2678
335.711,-2.26797
335.757,-2.26814
335.811,-2.26828
335.859,-2.26842
335.909,-2.26856
335.959,-2.26869
336.008,-2.26882
336.061,-2.26896
336.109,-2.2691
336.158,-2.26924
336.21,-2.26939
336.26,-2.26955
336.309,-2.2697
336.359,-2.26984
336.409,-2.26999
336.455,-2.27012
336.508,-2.27026
336.559,-2.27038
336.608,-2.2705
336.656,-2.27061
336.708,-2.27073
336.759,-2.27084
336.808,-2.27096
336.858,-2.27109
336.909,-2.27121
336.957,-2.27135
337.006,-2.27149
337.056,-2.27163
337.107,-2.27178
337.157,-2.27193
337.208,-2.27207
337.259,-2.27222
337.305,-2.27237
337.356,-2.27252
337.407,-2.27268
337.458,-2.27282
337.508,-2.27297
337.555,-2.2731
337.609,-2.27324
337.657,-2.27338
337.71,-2.27351
337.756,-2.27364
337.808,-2.27376
337.858,-2.27388
337.905,-2.27399
337.959,-2.27411
338.009,-2.27422
338.06,-2.27433
338.109,-2.27445
338.161,-2.27457
338.207,-2.27469
338.258,-2.27481
338.311,-2.27494
338.358,-2.27507
338.406,-2.27522
338.456,-2.27537
338.507,-2.27553
338.558,-2.2757
338.608,-2.27588
338.659,-2.27607
338.705,-2.27627
338.758,-2.27647
338.806,-2.27666
338.859,-2.27685
338.909,-2.27703
338.957,-2.2772
339.003,-2.27734
339.055,-2.27747
339.106,-2.27759
339.154,-2.2777
339.205,-2.2778
339.259,-2.2779
339.306,-2.278
339.357,-2.27812
339.409,-2.27825
339.456,-2.2784
339.504,-2.27856
339.556,-2.27875
339.606,-2.27895
339.658,-2.27918
339.708,-2.27942
339.756,-2.27967
339.804,-2.27993
339.856,-2.28019
339.906,-2.28045
339.955,-2.28069
340.003,-2.28092
340.055,-2.28113
340.104,-2.28132
340.156,-2.28148
340.206,-2.28161
340.259,-2.28172
340.307,-2.28181
340.354,-2.28188
340.408,-2.28194
340.459,-2.28201
340.505,-2.28207
340.553,-2.28213
340.605,-2.28221
340.657,-2.28229
340.706,-2.2824
340.754,-2.28252
340.803,-2.28265
340.855,-2.2828
340.902,-2.28296
340.956,-2.28312
341.007,-2.28329
341.054,-2.28347
341.104,-2.28364
341.153,-2.28382
341.207,-2.28399
341.256,-2.28416
341.303,-2.28432
341.357,-2.28448
341.404,-2.28463
341.454,-2.28477
341.505,-2.2849
341.555,-2.28502
341.604,-2.28515
341.653,-2.28528
341.701,-2.28542
341.753,-2.28556
341.804,-2.2857
341.853,-2.28585
341.903,-2.28601
341.955,-2.28617
342.003,-2.28633
342.054,-2.2865
342.105,-2.28668
342.154,-2.28686
342.207,-2.28704
342.253,-2.28722
342.306,-2.2874
342.354,-2.28758
342.403,-2.28776
342.452,-2.28795
342.504,-2.28813
342.554,-2.28831
342.605,-2.28849
342.653,-2.28866
342.703,-2.28884
342.755,-2.28901
342.802,-2.28918
342.851,-2.28936
342.905,-2.28953
342.953,-2.2897
343.002,-2.28988
343.049,-2.29005
343.103,-2.29022
343.154,-2.2904
343.202,-2.29057
343.253,-2.29075
343.301,-2.29092
343.355,-2.2911
343.402,-2.29127
343.454,-2.29145
343.502,-2.29162
343.55,-2.29178
343.602,-2.29193
343.651,-2.29208
343.703,-2.29223
343.752,-2.29237
343.804,-2.29251
343.854,-2.29267
343.903,-2.29283
343.952,-2.29302
344.0,-2.29321
344.052,-2.29342
344.102,-2.29365
344.149,-2.29389
344.201,-2.29413
344.251,-2.29439
344.303,-2.29465
344.349,-2.29491
344.401,-2.29517
344.45,-2.29541
344.503,-2.29563
344.552,-2.29583
344.601,-2.296
344.65,-2.29614
344.704,-2.29626
344.753,-2.29637
344.801,-2.29646
344.855,-2.29654
344.904,-2.29662
344.95,-2.2967
345.0,-2.29679
345.052,-2.2969
345.102,-2.29703
345.152,-2.29719
345.201,-2.29738
345.252,-2.29761
345.299,-2.29786
345.353,-2.29813
345.401,-2.29841
345.449,-2.29869
345.502,-2.29897
345.548,-2.29923
345.601,-2.29948
345.647,-2.29971
345.702,-2.29992
345.75,-2.30012
345.8,-2.3003
345.85,-2.30048
345.902,-2.30065
345.954,-2.30082
346.001,-2.30099
346.05,-2.30117
346.102,-2.30136
346.152,-2.30154
346.201,-2.30174
346.251,-2.30193
346.301,-2.30213
346.35,-2.30234
346.4,-2.30254
346.45,-2.30275
346.501,-2.30297
346.549,-2.30318
346.6,-2.3034
346.65,-2.3036
346.7,-2.30381
346.751,-2.304
346.802,-2.30419
346.848,-2.30437
346.899,-2.30455
346.949,-2.30472
347.0,-2.30489
347.05,-2.30505
347.098,-2.30522
347.146,-2.30538
347.197,-2.30555
347.25,-2.30572
347.3,-2.30589
347.352,-2.30607
347.399,-2.30625
347.449,-2.30644
347.501,-2.30662
347.545,-2.30681
347.598,-2.30701
347.648,-2.30721
347.698,-2.30741
347.75,-2.30762
347.799,-2.30783
347.851,-2.30804
347.898,-2.30826
347.948,-2.30849
347.999,-2.30871
348.049,-2.30893
348.098,-2.30914
348.15,-2.30935
348.2,-2.30954
348.246,-2.30972
348.297,-2.3099
348.351,-2.31007
348.399,-2.31024
348.445,-2.31041
348.496,-2.31059
348.549,-2.31077
348.598,-2.31097
348.648,-2.31118
348.7,-2.31139
348.75,-2.31162
348.798,-2.31184
348.846,-2.31206
348.898,-2.31227
348.95,-2.31248
348.996,-2.31268
349.049,-2.31287
349.098,-2.31305
349.147,-2.31323
349.197,-2.3134
349.246,-2.31356
349.3,-2.31371
349.344,-2.31386
349.397,-2.31402
349.447,-2.31418
349.499,-2.31435
349.548,-2.31453
349.597,-2.31473
349.645,-2.31494
349.696,-2.31516
349.747,-2.3154
349.793,-2.31564
349.844,-2.31589
349.897,-2.31616
349.947,-2.31642
349.999,-2.31668
350.048,-2.31694
350.099,-2.31718
350.146,-2.31741
350.196,-2.31761
350.246,-2.3178
350.298,-2.31797
350.347,-2.31813
350.399,-2.31828
350.447,-2.31843
350.496,-2.31859
350.549,-2.31876
350.598,-2.31894
350.643,-2.31914
350.697,-2.31934
350.742,-2.31955
350.795,-2.31977
350.845,-2.31998
350.896,-2.32018
350.945,-2.32038
350.995,-2.32057
351.044,-2.32075
351.097,-2.32093
351.148,-2.32111
351.195,-2.32128
351.244,-2.32146
351.295,-2.32165
351.346,-2.32185
351.396,-2.32206
351.446,-2.32228
351.494,-2.32251
351.542,-2.32274
351.596,-2.32299
351.648,-2.32325
351.694,-2.32351
351.746,-2.32377
351.795,-2.32404
351.845,-2.3243
351.892,-2.32456
351.944,-2.32482
351.995,-2.32507
352.044,-2.32531
352.095,-2.32554
352.145,-2.32576
352.194,-2.32596
352.245,-2.32615
352.296,-2.32633
352.346,-2.32649
352.395,-2.32665
352.445,-2.3268
352.493,-2.32696
352.542,-2.32711
352.592,-2.32727
352.64,-2.32744
352.695,-2.32762
352.744,-2.3278
352.795,-2.32799
352.844,-2.32819
352.894,-2.3284
352.943,-2.3286
352.994,-2.3288
353.045,-2.32901
353.095,-2.32923
353.143,-2.32945
353.195,-2.32968
353.243,-2.32992
353.296,-2.33017
353.344,-2.33041
353.395,-2.33065
353.442,-2.33088
353.494,-2.3311
353.545,-2.33132
353.592,-2.33153
353.643,-2.33174
353.691,-2.33195
353.741,-2.33216
353.79,-2.33237
353.841,-2.33259
353.891,-2.33281
353.944,-2.33304
353.993,-2.33327
354.042,-2.33351
354.094,-2.33374
354.144,-2.33398
354.193,-2.33421
354.242,-2.33444
354.291,-2.33467
354.342,-2.3349
354.39,-2.33513
354.443,-2.33536
354.494,-2.33558
354.542,-2.33581
354.592,-2.33604
354.643,-2.33626
354.692,-2.33649
354.743,-2.3367
354.79,-2.33692
354.841,-2.33713
354.89,-2.33734
354.942,-2.33754
354.991,-2.33774
355.041,-2.33793
355.094,-2.33812
355.144,-2.33831
355.191,-2.33851
355.24,-2.33871
355.292,-2.33892
355.34,-2.33914
355.389,-2.33936
355.443,-2.33959
355.492,-2.33981
355.542,-2.34004
355.591,-2.34027
355.637,-2.34049
355.691,-2.34072
355.74,-2.34095
355.792,-2.34118
355.84,-2.34141
355.892,-2.34165
355.942,-2.34189
355.991,-2.34213
356.039,-2.34236
356.088,-2.34259
356.141,-2.34281
356.19,-2.34301
356.243,-2.34321
356.291,-2.34339
356.341,-2.34355
356.39,-2.3437
356.439,-2.34383
356.491,-2.34396
356.538,-2.34408
356.591,-2.34422
356.64,-2.34436
356.691,-2.34451
356.738,-2.34467
356.786,-2.34485
356.842,-2.34504
356.888,-2.34523
356.939,-2.34543
356.989,-2.34563
357.04,-2.34584
357.091,-2.34605
357.141,-2.34626
357.191,-2.34649
357.238,-2.34674
357.29,-2.34699
357.34,-2.34726
357.391,-2.34754
357.439,-2.34782
357.49,-2.3481
357.54,-2.34837
357.589,-2.34864
357.64,-2.3489
357.691,-2.34914
357.742,-2.34938
357.79,-2.34961
357.837,-2.34982
357.892,-2.35004
357.942,-2.35025
357.991,-2.35047
358.039,-2.35068
358.089,-2.35089
358.142,-2.35109
358.19,-2.35129
358.239,-2.35149
358.289,-2.35169
358.34,-2.3519
358.391,-2.35211
358.442,-2.35232
358.491,-2.35254
358.54,-2.35276
358.589,-2.35299
358.64,-2.35322
358.69,-2.35346
358.742,-2.3537
358.79,-2.35393
358.841,-2.35416
358.89,-2.35439
358.938,-2.3546
358.993,-2.3548
359.04,-2.355
359.09,-2.35519
359.141,-2.35538
359.189,-2.35557
359.241,-2.35576
359.289,-2.35594
359.343,-2.35613
359.39,-2.35633
359.443,-2.35653
359.49,-2.35673
359.539,-2.35693
359.592,-2.35713
359.637,-2.35734
359.688,-2.35756
359.74,-2.35777
359.79,-2.358
359.842,-2.35823
359.888,-2.35846
359.938,-2.35871
359.987,-2.35897
360.04,-2.35924
360.089,-2.3595
360.138,-2.35976
360.191,-2.36001
360.237,-2.36025
360.288,-2.36047
360.337,-2.36069
360.389,-2.36089
360.439,-2.36107
360.488,-2.36125
360.537,-2.36141
360.588,-2.36157
360.64,-2.36173
360.688,-2.36189
360.738,-2.36206
360.788,-2.36223
360.839,-2.36242
360.89,-2.36262
360.938,-2.36283
360.991,-2.36305
361.038,-2.36328
361.089,-2.36352
361.139,-2.36376
361.188,-2.36402
361.241,-2.36428
361.287,-2.36454
361.336,-2.36481
361.388,-2.36507
361.437,-2.36534
361.489,-2.36559
361.534,-2.36584
361.589,-2.36607
361.636,-2.3663
361.685,-2.36651
361.737,-2.36672
361.787,-2.36693
361.838,-2.36714
361.887,-2.36736
361.938,-2.36758
361.989,-2.3678
362.039,-2.36802
362.088,-2.36825
362.137,-2.36847
362.187,-2.36869
362.239,-2.3689
362.288,-2.3691
362.337,-2.3693
362.384,-2.3695
362.436,-2.3697
362.487,-2.36991
362.539,-2.37013
362.588,-2.37036
362.637,-2.3706
362.688,-2.37085
362.735,-2.3711
362.788,-2.37135
362.839,-2.37162
362.888,-2.37188
362.936,-2.37213
362.987,-2.37239
363.035,-2.37263
363.085,-2.37288
363.138,-2.37312
363.186,-2.37336
363.237,-2.3736
363.285,-2.37383
363.334,-2.37406
363.387,-2.37428
363.435,-2.3745
363.485,-2.37471
363.532,-2.37492
363.585,-2.37512
363.636,-2.37532
363.688,-2.37552
363.734,-2.37572
363.785,-2.37592
363.838,-2.37613
363.887,-2.37635
363.934,-2.37657
363.985,-2.37679
364.031,-2.37703
364.084,-2.37726
364.133,-2.3775
364.186,-2.37775
364.234,-2.37799
364.288,-2.37824
364.335,-2.37849
364.385,-2.37873
364.435,-2.37897
364.486,-2.3792
364.535,-2.37943
364.586,-2.37966
364.634,-2.37988
364.685,-2.3801
364.735,-2.38031
364.788,-2.38051
364.834,-2.38071
364.883,-2.38091
364.936,-2.3811
364.984,-2.38131
365.035,-2.38152
365.084,-2.38174
365.134,-2.38197
365.185,-2.38221
365.236,-2.38246
365.287,-2.38272
365.333,-2.38299
365.384,-2.38327
365.435,-2.38355
365.483,-2.38383
365.538,-2.38411
365.587,-2.38438
365.634,-2.38465
365.682,-2.38491
365.734,-2.38516
365.783,-2.38541
365.836,-2.38564
365.884,-2.38588
365.934,-2.38611
365.986,-2.38635
366.031,-2.38659
366.085,-2.38682
366.134,-2.38706
366.184,-2.3873
366.234,-2.38754
366.281,-2.38778
366.334,-2.38802
366.383,-2.38826
366.433,-2.38851
366.485,-2.38875
366.533,-2.389
366.584,-2.38924
366.633,-2.38948
366.685,-2.38971
366.735,-2.38994
366.781,-2.39017
366.834,-2.39039
366.882,-2.39062
366.935,-2.39084
366.982,-2.39107
367.033,-2.3913
367.083,-2.39154
367.134,-2.39178
367.183,-2.39202
367.233,-2.39226
367.284,-2.3925
367.332,-2.39274
367.382,-2.39297
367.431,-2.39319
367.482,-2.3934
367.534,-2.3936
367.58,-2.3938
367.632,-2.39399
367.681,-2.39418
367.732,-2.39437
367.786,-2.39456
367.831,-2.39475
367.883,-2.39494
367.927,-2.39514
367.984,-2.39535
368.032,-2.39555
368.081,-2.39576
368.133,-2.39597
368.181,-2.39618
368.233,-2.39639
368.282,-2.39661
368.333,-2.39683
368.381,-2.39705
368.428,-2.39726
368.479,-2.39748
368.533,-2.3977
368.582,-2.39791
368.633,-2.39813
368.681,-2.39836
368.729,-2.39859
368.781,-2.39882
368.831,-2.39906
368.88,-2.39931
368.933,-2.39955
368.982,-2.39979
369.031,-2.40004
369.081,-2.40028
369.131,-2.40052
369.181,-2.40076
369.229,-2.40101
369.279,-2.40126
369.332,-2.40151
369.38,-2.40176
369.434,-2.402
369.481,-2.40225
369.532,-2.40248
369.579,-2.40271
369.631,-2.40294
369.682,-2.40318
369.731,-2.40342
369.78,-2.40365
369.829,-2.40389
369.88,-2.40413
369.932,-2.40437
369.98,-2.4046
370.034,-2.40484
370.079,-2.40507
370.129,-2.4053
370.178,-2.40553
370.233,-2.40576
370.279,-2.40599
370.329,-2.40621
370.378,-2.40642
370.431,-2.40663
370.481,-2.40683
370.531,-2.40704
370.576,-2.40725
370.63,-2.40745
370.678,-2.40765
370.731,-2.40785
370.779,-2.40804
370.828,-2.40823
370.878,-2.40841
370.93,-2.4086
370.98,-2.40878
371.029,-2.40897
371.079,-2.40917
371.128,-2.40938
371.178,-2.4096
371.23,-2.40984
371.281,-2.41009
371.331,-2.41035
371.379,-2.41061
371.43,-2.41087
371.479,-2.41113
371.527,-2.41139
371.581,-2.41164
371.63,-2.4119
371.677,-2.41215
371.726,-2.4124
371.778,-2.41266
371.827,-2.41292
371.88,-2.41318
371.929,-2.41344
371.978,-2.4137
372.028,-2.41395
372.08,-2.41418
372.13,-2.41441
372.18,-2.41463
372.228,-2.41484
372.279,-2.41505
372.331,-2.41528
372.376,-2.41551
372.426,-2.41576
372.476,-2.41602
372.525,-2.41629
372.577,-2.41657
372.628,-2.41685
372.681,-2.41712
372.727,-2.41739
372.779,-2.41766
372.825,-2.41791
372.88,-2.41817
372.927,-2.41842
372.978,-2.41867
373.028,-2.41893
373.075,-2.41918
373.126,-2.41944
373.177,-2.41969
373.226,-2.41995
373.275,-2.42021
373.328,-2.42047
373.375,-2.42073
373.427,-2.42099
373.476,-2.42124
373.521,-2.42149
373.578,-2.42174
373.625,-2.42198
373.678,-2.42222
373.724,-2.42245
373.776,-2.42268
373.828,-2.42291
373.877,-2.42313
373.926,-2.42336
373.979,-2.4236
374.027,-2.42384
374.076,-2.42408
374.125,-2.42432
374.174,-2.42456
374.224,-2.42481
374.276,-2.42506
374.329,-2.42531
374.376,-2.42557
374.431,-2.42582
374.477,-2.42609
374.525,-2.42635
374.575,-2.42661
374.626,-2.42687
374.673,-2.42712
374.723,-2.42737
374.776,-2.42761
374.826,-2.42785
374.874,-2.42808
374.926,-2.42831
374.976,-2.42854
375.025,-2.42877
375.074,-2.429
375.126,-2.42923
375.174,-2.42947
375.224,-2.42972
375.276,-2.42999
375.321,-2.43026
375.377,-2.43054
375.426,-2.43083
375.475,-2.43111
375.525,-2.43139
375.573,-2.43168
375.627,-2.43197
375.677,-2.43225
375.725,-2.43254
375.775,-2.43283
375.827,-2.43312
375.876,-2.43341
375.923,-2.4337
375.978,-2.43399
376.025,-2.43427
376.076,-2.43454
376.123,-2.43479
376.173,-2.43503
376.226,-2.43526
376.273,-2.43548
376.324,-2.43571
376.374,-2.43593
376.425,-2.43616
376.475,-2.43638
376.527,-2.43661
376.575,-2.43685
376.622,-2.43709
376.675,-2.43732
376.728,-2.43756
376.774,-2.43778
376.824,-2.438
376.871,-2.43822
376.923,-2.43844
376.974,-2.43867
377.024,-2.4389
377.071,-2.43914
377.123,-2.43939
377.172,-2.43964
377.223,-2.43989
377.275,-2.44012
377.324,-2.44035
377.372,-2.44056
377.422,-2.44075
377.471,-2.44093
377.526,-2.4411
377.574,-2.44126
377.624,-2.44143
377.674,-2.44159
377.724,-2.44175
377.773,-2.44192
377.823,-2.44209
377.875,-2.44226
377.922,-2.44243
377.971,-2.44261
378.025,-2.44278
378.074,-2.44295
378.125,-2.44312
378.173,-2.44329
378.224,-2.44346
378.27,-2.44362
378.323,-2.44378
378.374,-2.44394
378.42,-2.44409
378.473,-2.44425
378.52,-2.4444
378.572,-2.44455
378.622,-2.44469
378.67,-2.44484
378.722,-2.44498
378.773,-2.44512
378.823,-2.44526
378.872,-2.4454
378.924,-2.44553
378.974,-2.44566
379.022,-2.44578
379.071,-2.4459
379.119,-2.44601
