Sample temperature (C),Heat flow (mW)
70.098,-0.07931
70.097,-0.07941
70.1,-0.07946
70.104,-0.07956
70.103,-0.07974
70.112,-0.07981
70.124,-0.07987
70.136,-0.07992
70.157,-0.07998
70.178,-0.08004
70.204,-0.08012
70.231,-0.08031
70.256,-0.08054
70.29,-0.08058
70.318,-0.08095
70.358,-0.0812
70.392,-0.08162
70.43,-0.0823
70.47,-0.08299
70.508,-0.08395
70.546,-0.08494
70.588,-0.08642
70.632,-0.08819
70.676,-0.09004
70.717,-0.09191
70.761,-0.09433
70.805,-0.09711
70.849,-0.10017
70.903,-0.10352
70.944,-0.10714
70.989,-0.11103
71.033,-0.11538
71.086,-0.12023
71.13,-0.12505
71.18,-0.13007
71.229,-0.13534
71.272,-0.14089
71.322,-0.14669
71.374,-0.15273
71.417,-0.159
71.468,-0.16563
71.519,-0.17263
71.565,-0.17965
71.615,-0.18702
71.667,-0.19448
71.713,-0.20196
71.761,-0.20949
71.811,-0.21705
71.862,-0.22436
71.912,-0.23157
71.965,-0.23871
72.01,-0.24574
72.063,-0.25269
72.114,-0.25963
72.159,-0.26657
72.215,-0.27361
72.265,-0.28087
72.311,-0.28826
72.363,-0.29554
72.412,-0.30285
72.464,-0.30996
72.515,-0.31697
72.566,-0.32391
72.607,-0.33078
72.662,-0.33756
72.712,-0.34427
72.762,-0.35089
72.814,-0.35743
72.86,-0.3639
72.912,-0.37029
72.959,-0.3766
73.016,-0.38283
73.063,-0.389
73.114,-0.39509
73.162,-0.40112
73.21,-0.40709
73.264,-0.41292
73.313,-0.41858
73.362,-0.42426
73.41,-0.42982
73.46,-0.43541
73.514,-0.44088
73.561,-0.44637
73.61,-0.45175
73.663,-0.45713
73.712,-0.4624
73.761,-0.46776
73.812,-0.47311
73.863,-0.4784
73.911,-0.48356
73.96,-0.48856
74.013,-0.49365
74.061,-0.49871
74.112,-0.50374
74.165,-0.50879
74.211,-0.51388
74.262,-0.51879
74.31,-0.52362
74.363,-0.52848
74.412,-0.53338
74.466,-0.53814
74.511,-0.54283
74.561,-0.54749
74.613,-0.55212
74.661,-0.55664
74.712,-0.56106
74.763,-0.56548
74.811,-0.56981
74.864,-0.57422
74.91,-0.57855
74.966,-0.58277
75.015,-0.58707
75.063,-0.59131
75.114,-0.59544
75.166,-0.59965
75.217,-0.60378
75.264,-0.60779
75.315,-0.61187
75.364,-0.61594
75.412,-0.61997
75.464,-0.62396
75.512,-0.62793
75.566,-0.63186
75.611,-0.63576
75.662,-0.63963
75.714,-0.64342
75.764,-0.64712
75.818,-0.6509
75.864,-0.65468
75.91,-0.65839
75.963,-0.66202
76.015,-0.66566
76.064,-0.66918
76.111,-0.6727
76.162,-0.67626
76.214,-0.67975
76.265,-0.68331
76.314,-0.68687
76.36,-0.69041
76.416,-0.69398
76.466,-0.6976
76.514,-0.7011
76.564,-0.70456
76.614,-0.70798
76.662,-0.71132
76.713,-0.71455
76.765,-0.71787
76.81,-0.72124
76.864,-0.72467
76.917,-0.72798
76.961,-0.73122
77.014,-0.73442
77.062,-0.73759
77.117,-0.74073
77.167,-0.74384
77.216,-0.74698
77.264,-0.75023
77.314,-0.75343
77.362,-0.75654
77.416,-0.75971
77.46,-0.76288
77.517,-0.76602
77.565,-0.76908
77.617,-0.77206
77.668,-0.77509
77.715,-0.77799
77.766,-0.78084
77.812,-0.78361
77.866,-0.78623
77.916,-0.78887
77.961,-0.79158
78.015,-0.79415
78.065,-0.79665
78.116,-0.7992
78.164,-0.80176
78.214,-0.80431
78.268,-0.80679
78.311,-0.8092
78.363,-0.81167
78.415,-0.81421
78.466,-0.8168
78.513,-0.81928
78.564,-0.82178
78.613,-0.82432
78.664,-0.82681
78.716,-0.82932
78.769,-0.83177
78.812,-0.83425
78.863,-0.83667
78.914,-0.83916
78.966,-0.84161
79.015,-0.84398
79.064,-0.84643
79.114,-0.84882
79.165,-0.85114
79.215,-0.85352
79.266,-0.85591
79.319,-0.85828
79.364,-0.86065
79.414,-0.86296
79.465,-0.86522
79.518,-0.86753
79.57,-0.86986
79.612,-0.87217
79.665,-0.87447
79.713,-0.8768
79.766,-0.87915
79.814,-0.88146
79.864,-0.88379
79.913,-0.88605
79.962,-0.88832
80.014,-0.8906
80.064,-0.89286
80.116,-0.89512
80.167,-0.8973
80.213,-0.8995
80.263,-0.90171
80.315,-0.90386
80.368,-0.90597
80.419,-0.90811
80.463,-0.91031
80.515,-0.91241
80.564,-0.91453
80.619,-0.91671
80.668,-0.91878
80.716,-0.92086
80.761,-0.92299
80.813,-0.92506
80.866,-0.92714
80.915,-0.92911
80.967,-0.93108
81.014,-0.93309
81.067,-0.93505
81.118,-0.93703
81.168,-0.93892
81.217,-0.94078
81.269,-0.94263
81.316,-0.94449
81.363,-0.94629
81.414,-0.94801
81.468,-0.94972
81.514,-0.95143
81.563,-0.95316
81.621,-0.95489
81.668,-0.95668
81.718,-0.95847
81.763,-0.96024
81.819,-0.962
81.865,-0.96377
81.912,-0.96559
81.968,-0.96731
82.017,-0.96904
82.065,-0.9708
82.119,-0.97252
82.166,-0.97431
82.216,-0.9761
82.266,-0.97784
82.318,-0.97951
82.367,-0.98124
82.414,-0.98298
82.469,-0.98467
82.513,-0.98628
82.569,-0.98792
82.616,-0.98951
82.666,-0.99113
82.716,-0.99264
82.767,-0.99405
82.817,-0.99541
82.867,-0.99679
82.917,-0.99813
82.966,-0.99945
83.017,-1.00083
83.066,-1.00225
83.116,-1.00364
83.165,-1.00509
83.212,-1.00652
83.266,-1.00789
83.321,-1.00926
83.37,-1.01064
83.412,-1.01198
83.464,-1.0133
83.515,-1.01464
83.564,-1.01607
83.62,-1.01751
83.67,-1.01893
83.717,-1.02034
83.764,-1.02173
83.817,-1.02314
83.866,-1.02459
83.916,-1.02599
83.965,-1.02744
84.016,-1.02891
84.062,-1.0304
84.115,-1.03182
84.166,-1.03322
84.213,-1.03462
84.265,-1.03604
84.315,-1.03747
84.36,-1.03888
84.415,-1.04024
84.466,-1.04162
84.513,-1.04292
84.56,-1.04418
84.615,-1.04542
84.666,-1.04665
84.715,-1.04787
84.766,-1.04907
84.814,-1.05026
84.86,-1.05145
84.913,-1.05272
84.969,-1.05402
85.011,-1.05525
85.066,-1.05654
85.113,-1.05791
85.164,-1.05933
85.215,-1.06066
85.265,-1.06185
85.318,-1.06305
85.361,-1.0643
85.411,-1.06552
85.468,-1.06687
85.513,-1.06824
85.565,-1.06968
85.615,-1.07118
85.667,-1.07275
85.713,-1.07411
85.766,-1.07522
85.818,-1.07622
85.864,-1.07708
85.915,-1.07768
85.961,-1.0782
86.015,-1.07892
86.065,-1.07985
86.115,-1.08089
86.167,-1.08198
86.213,-1.08303
86.268,-1.08403
86.315,-1.08497
86.365,-1.08586
86.413,-1.08675
86.465,-1.08764
86.517,-1.08852
86.564,-1.08939
86.613,-1.09025
86.667,-1.09111
86.712,-1.09198
86.763,-1.09287
86.812,-1.09376
86.864,-1.09462
86.913,-1.09543
86.962,-1.09626
87.012,-1.09719
87.062,-1.09813
87.115,-1.09909
87.163,-1.10005
87.21,-1.10102
87.265,-1.102
87.312,-1.10298
87.366,-1.10397
87.414,-1.10496
87.463,-1.10596
87.515,-1.10694
87.563,-1.10791
87.613,-1.10887
87.663,-1.10982
87.717,-1.11074
87.765,-1.11165
87.812,-1.11254
87.864,-1.11341
87.917,-1.11427
87.967,-1.11511
88.012,-1.11595
88.063,-1.11678
88.113,-1.11761
88.164,-1.11844
88.213,-1.11927
88.263,-1.1201
88.313,-1.12093
88.364,-1.12177
88.412,-1.1226
88.461,-1.12344
88.508,-1.12428
88.562,-1.12513
88.613,-1.12598
88.66,-1.12684
88.712,-1.1277
88.762,-1.12857
88.816,-1.12943
88.864,-1.1303
88.916,-1.13116
88.962,-1.13201
89.013,-1.13286
89.062,-1.1337
89.107,-1.13453
89.164,-1.13535
89.212,-1.13617
89.26,-1.13698
89.317,-1.13777
89.361,-1.13856
89.412,-1.13934
89.46,-1.14011
89.512,-1.14087
89.563,-1.14163
89.613,-1.14238
89.662,-1.14313
89.718,-1.14388
89.763,-1.14462
89.817,-1.14537
89.862,-1.14611
89.91,-1.14685
89.959,-1.1476
90.012,-1.14834
90.062,-1.14908
90.113,-1.14982
90.164,-1.15054
90.209,-1.15126
90.262,-1.15196
90.308,-1.15265
90.362,-1.15333
90.413,-1.154
90.459,-1.15466
90.51,-1.15532
90.561,-1.15597
90.611,-1.15663
90.663,-1.15728
90.714,-1.15794
90.762,-1.1586
90.812,-1.15927
90.865,-1.15994
90.913,-1.16062
90.964,-1.1613
91.011,-1.16199
91.059,-1.16267
91.112,-1.16336
91.16,-1.16404
91.21,-1.16471
91.261,-1.16538
91.31,-1.16605
91.36,-1.16671
91.412,-1.16736
91.463,-1.16801
91.511,-1.16866
91.56,-1.1693
91.611,-1.16994
91.657,-1.17059
91.711,-1.17123
91.76,-1.17186
91.809,-1.17249
91.862,-1.17311
91.911,-1.17373
91.963,-1.17432
92.011,-1.17491
92.063,-1.17549
92.111,-1.17605
92.159,-1.1766
92.212,-1.17714
92.262,-1.17767
92.309,-1.1782
92.356,-1.17871
92.408,-1.17923
92.456,-1.17975
92.511,-1.18028
92.563,-1.18082
92.612,-1.18137
92.66,-1.18194
92.708,-1.18251
92.764,-1.18309
92.809,-1.18368
92.86,-1.18427
92.907,-1.18485
92.958,-1.18543
93.006,-1.186
93.062,-1.18655
93.108,-1.1871
93.158,-1.18763
93.208,-1.18816
93.254,-1.18869
93.311,-1.18922
93.363,-1.18975
93.409,-1.19028
93.46,-1.19081
93.507,-1.19134
93.559,-1.19188
93.607,-1.19241
93.659,-1.19295
93.711,-1.19349
93.756,-1.19402
93.809,-1.19456
93.86,-1.19508
93.906,-1.1956
93.96,-1.19612
94.004,-1.19662
94.062,-1.19712
94.11,-1.1976
94.157,-1.19809
94.208,-1.19857
94.256,-1.19904
94.309,-1.19952
94.358,-1.19999
94.409,-1.20047
94.462,-1.20094
94.502,-1.20142
94.559,-1.20189
94.609,-1.20236
94.661,-1.20283
94.711,-1.2033
94.759,-1.20376
94.804,-1.20422
94.857,-1.20467
94.908,-1.20513
94.961,-1.20558
95.008,-1.20603
95.059,-1.20649
95.108,-1.20694
95.157,-1.20741
95.21,-1.20788
95.256,-1.20837
95.31,-1.20887
95.359,-1.20937
95.405,-1.20988
95.457,-1.2104
95.514,-1.21093
95.554,-1.21145
95.603,-1.21197
95.657,-1.21249
95.706,-1.21299
95.759,-1.21349
95.808,-1.21397
95.86,-1.21444
95.906,-1.2149
95.953,-1.21534
96.008,-1.21579
96.054,-1.21623
96.104,-1.21667
96.155,-1.2171
96.203,-1.21754
96.26,-1.21797
96.307,-1.21841
96.356,-1.21885
96.408,-1.21928
96.454,-1.2197
96.505,-1.22013
96.556,-1.22055
96.605,-1.22097
96.656,-1.22139
96.704,-1.22182
96.753,-1.22224
96.803,-1.22267
96.855,-1.22309
96.903,-1.22352
96.952,-1.22394
97.007,-1.22437
97.051,-1.22479
97.109,-1.22522
97.158,-1.22565
97.204,-1.22608
97.254,-1.22651
97.304,-1.22694
97.357,-1.22737
97.403,-1.22781
97.459,-1.22824
97.504,-1.22867
97.554,-1.22909
97.601,-1.22951
97.651,-1.22992
97.704,-1.23033
97.753,-1.23072
97.803,-1.23111
97.854,-1.23149
97.904,-1.23186
97.958,-1.23223
98.007,-1.23259
98.056,-1.23295
98.104,-1.23331
98.155,-1.23366
98.206,-1.234
98.252,-1.23434
98.305,-1.23468
98.35,-1.23501
98.405,-1.23535
98.454,-1.23569
98.501,-1.23602
98.553,-1.23636
98.606,-1.23671
98.653,-1.23706
98.705,-1.23741
98.753,-1.23778
98.804,-1.23815
98.849,-1.23854
98.905,-1.23893
98.95,-1.23934
99.002,-1.23974
99.051,-1.24015
99.1,-1.24055
99.153,-1.24095
99.2,-1.24133
99.254,-1.24171
99.303,-1.24208
99.353,-1.24244
99.402,-1.24279
99.447,-1.24314
99.505,-1.24348
99.55,-1.24383
99.602,-1.24417
99.65,-1.24452
99.7,-1.24487
99.748,-1.24523
99.8,-1.24559
99.852,-1.24595
99.899,-1.24632
99.952,-1.24668
99.999,-1.24705
100.051,-1.24742
100.105,-1.24778
100.152,-1.24814
100.202,-1.24849
100.25,-1.24883
100.303,-1.24916
100.352,-1.24948
100.4,-1.24979
100.452,-1.25009
100.499,-1.25039
100.552,-1.25068
100.6,-1.25097
100.652,-1.25126
100.704,-1.25154
100.747,-1.25184
100.803,-1.25213
100.847,-1.25243
100.901,-1.25273
100.953,-1.25303
101.003,-1.25334
101.047,-1.25364
101.101,-1.25394
101.149,-1.25424
101.202,-1.25454
101.251,-1.25485
101.302,-1.25515
101.349,-1.25546
101.399,-1.25577
101.449,-1.25608
101.5,-1.2564
101.551,-1.25672
101.598,-1.25705
101.65,-1.25739
101.699,-1.25773
101.754,-1.25808
101.801,-1.25844
101.852,-1.25881
101.897,-1.25918
101.946,-1.25956
101.997,-1.25992
102.048,-1.26028
102.1,-1.26062
102.148,-1.26095
102.199,-1.26127
102.25,-1.26157
102.299,-1.26185
102.35,-1.26213
102.4,-1.2624
102.447,-1.26267
102.497,-1.26294
102.546,-1.26321
102.603,-1.26348
102.649,-1.26376
102.694,-1.26405
102.748,-1.26435
102.801,-1.26466
102.849,-1.26499
102.899,-1.26532
102.947,-1.26565
103.001,-1.26599
103.044,-1.26633
103.104,-1.26667
103.149,-1.26701
103.196,-1.26735
103.246,-1.26768
103.297,-1.26801
103.347,-1.26833
103.399,-1.26864
103.449,-1.26894
103.496,-1.26924
103.547,-1.26953
103.594,-1.26982
103.646,-1.2701
103.699,-1.27038
103.744,-1.27065
103.795,-1.27091
103.845,-1.27118
103.895,-1.27145
103.946,-1.27171
103.994,-1.27198
104.046,-1.27226
104.093,-1.27255
104.148,-1.27284
104.197,-1.27314
104.245,-1.27344
104.299,-1.27376
104.346,-1.27408
104.398,-1.2744
104.448,-1.27473
104.499,-1.27505
104.547,-1.27538
104.595,-1.27569
104.649,-1.276
104.699,-1.2763
104.748,-1.27659
104.793,-1.27687
104.844,-1.27715
104.898,-1.27742
104.946,-1.27768
104.999,-1.27795
105.048,-1.27821
105.095,-1.27848
105.142,-1.27876
105.194,-1.27904
105.25,-1.27933
105.295,-1.27963
105.349,-1.27993
105.394,-1.28024
105.443,-1.28054
105.494,-1.28084
105.544,-1.28114
105.598,-1.28144
105.644,-1.28173
105.7,-1.28201
105.743,-1.28229
105.797,-1.28256
105.845,-1.28283
105.893,-1.2831
105.944,-1.28336
105.991,-1.28363
106.043,-1.2839
106.096,-1.28417
106.145,-1.28443
106.19,-1.2847
106.237,-1.28498
106.295,-1.28525
106.343,-1.28553
106.391,-1.28582
106.443,-1.28611
106.495,-1.28639
106.539,-1.28668
106.59,-1.28695
106.642,-1.28722
106.696,-1.28747
106.745,-1.28772
106.792,-1.28795
106.841,-1.28818
106.895,-1.28839
106.942,-1.28861
106.993,-1.28883
107.045,-1.28906
107.093,-1.28929
107.146,-1.28954
107.193,-1.28981
107.244,-1.29009
107.295,-1.29038
107.338,-1.29068
107.393,-1.29099
107.446,-1.29131
107.495,-1.29162
107.546,-1.29193
107.592,-1.29224
107.643,-1.29254
107.695,-1.29283
107.746,-1.29311
107.79,-1.29338
107.839,-1.29365
107.89,-1.29391
107.942,-1.29416
107.994,-1.29441
108.042,-1.29466
108.093,-1.2949
108.142,-1.29514
108.193,-1.29538
108.245,-1.29563
108.291,-1.29588
108.342,-1.29614
108.39,-1.29642
108.441,-1.2967
108.491,-1.29698
108.542,-1.29728
108.59,-1.29758
108.64,-1.29789
108.687,-1.2982
108.742,-1.29851
108.792,-1.29882
108.845,-1.29913
108.89,-1.29944
108.937,-1.29975
108.991,-1.30006
109.039,-1.30035
109.092,-1.30065
109.139,-1.30093
109.191,-1.3012
109.24,-1.30146
109.292,-1.30171
109.343,-1.30195
109.392,-1.30219
109.441,-1.30243
109.487,-1.30266
109.538,-1.30289
109.59,-1.30312
109.639,-1.30335
109.691,-1.30359
109.736,-1.30383
109.787,-1.30407
109.839,-1.30433
109.892,-1.30458
109.943,-1.30484
109.986,-1.3051
110.042,-1.30536
110.09,-1.30561
110.141,-1.30587
110.191,-1.30612
110.239,-1.30637
110.29,-1.30661
110.34,-1.30686
110.392,-1.30711
110.438,-1.30737
110.49,-1.30762
110.538,-1.30789
110.587,-1.30815
110.639,-1.30843
110.69,-1.30871
110.739,-1.30899
110.788,-1.30927
110.84,-1.30955
110.887,-1.30983
110.938,-1.3101
110.99,-1.31037
111.039,-1.31063
111.088,-1.31088
111.137,-1.31112
111.189,-1.31136
111.238,-1.31159
111.29,-1.31182
111.336,-1.31204
111.389,-1.31226
111.437,-1.31248
111.493,-1.31269
111.541,-1.31291
111.587,-1.31313
111.634,-1.31336
111.688,-1.31359
111.737,-1.31383
111.789,-1.31408
111.836,-1.31433
111.885,-1.3146
111.938,-1.31487
111.987,-1.31515
112.042,-1.31543
112.095,-1.31571
112.14,-1.31599
112.192,-1.31627
112.235,-1.31653
112.286,-1.31678
112.336,-1.31701
112.388,-1.31724
112.432,-1.31747
112.49,-1.31769
112.537,-1.31792
112.586,-1.31815
112.638,-1.31838
112.688,-1.31862
112.736,-1.31886
112.788,-1.3191
112.837,-1.31934
112.884,-1.31959
112.937,-1.31984
112.988,-1.32008
113.037,-1.32033
113.083,-1.32056
113.139,-1.32079
113.186,-1.32101
113.234,-1.32123
113.285,-1.32143
113.336,-1.32163
113.387,-1.32182
113.438,-1.32201
113.485,-1.32219
113.531,-1.32237
113.587,-1.32255
113.639,-1.32272
113.689,-1.3229
113.735,-1.32307
113.784,-1.32325
113.836,-1.32344
113.883,-1.32363
113.933,-1.32383
113.988,-1.32403
114.032,-1.32423
114.083,-1.32445
114.137,-1.32467
114.186,-1.32489
114.235,-1.32513
114.283,-1.32536
114.335,-1.32561
114.384,-1.32587
114.436,-1.32613
114.487,-1.3264
114.535,-1.32667
114.586,-1.32694
114.632,-1.32721
114.684,-1.32748
114.732,-1.32775
114.783,-1.32801
114.834,-1.32826
114.884,-1.32851
114.932,-1.32875
114.982,-1.32898
115.032,-1.3292
115.081,-1.32942
115.131,-1.32963
115.181,-1.32984
115.233,-1.33006
115.284,-1.33027
115.334,-1.33049
115.383,-1.33072
115.436,-1.33094
115.482,-1.33116
115.532,-1.33139
115.582,-1.33161
115.63,-1.33184
115.681,-1.33206
115.731,-1.33228
115.783,-1.33249
115.829,-1.33271
115.884,-1.33292
115.932,-1.33314
115.98,-1.33335
116.033,-1.33355
116.083,-1.33376
116.135,-1.33397
116.178,-1.33418
116.232,-1.33438
116.281,-1.33459
116.332,-1.3348
116.381,-1.33501
116.429,-1.33522
116.484,-1.33543
116.532,-1.33564
116.584,-1.33586
116.635,-1.33609
116.684,-1.33631
116.732,-1.33653
116.781,-1.33676
116.831,-1.33698
116.881,-1.33719
116.934,-1.3374
116.981,-1.3376
117.034,-1.3378
117.083,-1.33799
117.131,-1.33818
117.181,-1.33838
117.235,-1.33858
117.277,-1.33879
117.331,-1.33901
117.382,-1.33923
117.434,-1.33945
117.482,-1.33968
117.528,-1.33991
117.58,-1.34013
117.628,-1.34036
117.681,-1.34059
117.729,-1.34081
117.778,-1.34104
117.833,-1.34127
117.881,-1.34149
117.929,-1.34172
117.982,-1.34195
118.033,-1.34218
118.08,-1.34242
118.129,-1.34266
118.183,-1.34289
118.233,-1.34313
118.284,-1.34337
118.331,-1.34361
118.384,-1.34384
118.434,-1.34407
118.482,-1.3443
118.534,-1.34453
118.581,-1.34476
118.629,-1.34498
118.682,-1.3452
118.729,-1.34542
118.784,-1.34563
118.831,-1.34585
118.881,-1.34607
118.926,-1.34628
118.981,-1.3465
119.034,-1.34672
119.081,-1.34693
119.133,-1.34715
119.18,-1.34736
119.233,-1.34757
119.279,-1.34778
119.331,-1.34798
119.382,-1.34818
119.432,-1.34838
119.485,-1.34858
119.531,-1.34878
119.583,-1.34898
119.636,-1.34918
119.685,-1.34938
119.733,-1.34959
119.781,-1.3498
119.833,-1.35001
119.88,-1.35023
119.929,-1.35046
119.981,-1.3507
120.027,-1.35094
120.077,-1.3512
120.128,-1.35145
120.18,-1.3517
120.225,-1.35195
120.276,-1.35219
120.324,-1.35243
120.375,-1.35267
120.429,-1.3529
120.476,-1.35313
120.525,-1.35336
120.576,-1.35359
120.623,-1.35381
120.678,-1.35402
120.723,-1.35424
120.776,-1.35446
120.827,-1.35469
120.877,-1.35492
120.928,-1.35515
120.98,-1.35538
121.03,-1.35561
121.074,-1.35583
121.129,-1.35605
121.178,-1.35626
121.227,-1.35648
121.28,-1.3567
121.327,-1.35692
121.379,-1.35714
121.426,-1.35737
121.481,-1.3576
121.531,-1.35784
121.582,-1.35808
121.629,-1.35832
121.68,-1.35857
121.732,-1.35881
121.782,-1.35906
121.832,-1.35932
121.88,-1.35957
121.927,-1.35983
121.979,-1.36008
122.029,-1.36033
122.078,-1.36057
122.128,-1.36081
122.179,-1.36103
122.23,-1.36126
122.275,-1.36147
122.332,-1.36168
122.375,-1.36189
122.424,-1.3621
122.476,-1.36231
122.526,-1.36252
122.58,-1.36274
122.628,-1.36295
122.676,-1.36316
122.727,-1.36337
122.77,-1.36358
122.826,-1.36378
122.874,-1.36399
122.927,-1.36419
122.974,-1.36439
123.027,-1.36458
123.074,-1.36478
123.125,-1.36497
123.174,-1.36516
123.225,-1.36535
123.271,-1.36554
123.323,-1.36573
123.374,-1.36593
123.428,-1.36612
123.472,-1.36632
123.521,-1.36653
123.571,-1.36674
123.624,-1.36696
123.676,-1.36718
123.725,-1.3674
123.773,-1.36762
123.822,-1.36785
123.877,-1.36808
123.925,-1.3683
123.972,-1.36853
124.027,-1.36875
124.074,-1.36897
124.123,-1.36919
124.174,-1.3694
124.222,-1.36961
124.273,-1.36981
124.321,-1.37001
124.376,-1.37021
124.424,-1.3704
124.475,-1.3706
124.52,-1.37079
124.574,-1.37099
124.622,-1.37119
124.671,-1.37139
124.725,-1.37159
124.771,-1.37179
124.821,-1.37198
124.869,-1.37217
124.918,-1.37235
124.97,-1.37253
125.021,-1.37271
125.073,-1.37288
125.125,-1.37306
125.172,-1.37323
125.224,-1.37341
125.272,-1.37359
125.323,-1.37377
125.374,-1.37395
125.422,-1.37413
125.471,-1.37432
125.522,-1.37451
125.573,-1.3747
125.625,-1.3749
125.671,-1.37511
125.722,-1.37531
125.773,-1.37553
125.821,-1.37575
125.87,-1.37599
125.926,-1.37623
125.969,-1.3765
126.021,-1.37677
126.076,-1.37706
126.122,-1.37735
126.174,-1.37765
126.219,-1.37794
126.271,-1.37822
126.319,-1.37849
126.374,-1.37874
126.421,-1.37897
126.47,-1.37917
126.521,-1.37936
126.569,-1.37952
126.622,-1.37967
126.671,-1.37981
126.718,-1.37994
126.768,-1.38007
126.82,-1.38019
126.871,-1.38032
126.92,-1.38045
126.97,-1.3806
127.02,-1.38076
127.072,-1.38094
127.12,-1.38113
127.169,-1.38133
127.223,-1.38154
127.271,-1.38176
127.321,-1.38198
127.372,-1.38221
127.421,-1.38243
127.47,-1.38266
127.522,-1.38288
127.57,-1.38311
127.618,-1.38334
127.668,-1.38357
127.723,-1.38381
127.772,-1.38406
127.822,-1.38431
127.869,-1.38456
127.919,-1.38483
127.969,-1.38509
128.02,-1.38536
128.073,-1.38563
128.118,-1.3859
128.171,-1.38616
128.219,-1.38641
128.271,-1.38667
128.317,-1.38691
128.368,-1.38715
128.42,-1.38738
128.468,-1.38761
128.521,-1.38782
128.57,-1.38803
128.618,-1.38824
128.67,-1.38844
128.717,-1.38862
128.772,-1.38881
128.82,-1.38898
128.868,-1.38916
128.919,-1.38934
128.97,-1.38952
129.019,-1.38972
129.069,-1.38993
129.121,-1.39014
129.169,-1.39037
129.214,-1.3906
129.266,-1.39084
129.316,-1.39108
129.372,-1.39132
129.419,-1.39156
129.468,-1.39181
129.519,-1.39204
129.567,-1.39228
129.62,-1.39252
129.668,-1.39276
129.717,-1.393
129.769,-1.39323
129.818,-1.39346
129.87,-1.39369
129.916,-1.39392
129.971,-1.39414
130.017,-1.39436
130.067,-1.39458
130.118,-1.39479
130.167,-1.395
130.22,-1.39521
130.265,-1.39541
130.317,-1.39562
130.367,-1.39582
130.417,-1.39602
130.47,-1.39624
130.518,-1.39645
130.564,-1.39667
130.616,-1.3969
130.665,-1.39712
130.721,-1.39733
130.76,-1.39754
130.815,-1.39775
130.864,-1.39795
130.915,-1.39814
130.967,-1.39832
131.02,-1.39849
131.065,-1.39866
131.114,-1.39882
131.17,-1.39898
131.216,-1.39914
131.264,-1.3993
131.315,-1.39947
131.361,-1.39965
131.412,-1.39985
131.465,-1.40006
131.516,-1.40029
131.567,-1.40053
131.616,-1.40077
131.663,-1.40103
131.715,-1.40129
131.767,-1.40156
131.814,-1.40182
131.863,-1.40209
131.915,-1.40236
131.961,-1.40261
132.014,-1.40286
132.067,-1.4031
132.113,-1.40333
132.166,-1.40355
132.215,-1.40376
132.266,-1.40396
132.311,-1.40415
132.363,-1.40434
132.41,-1.40452
132.461,-1.40471
132.514,-1.40489
132.565,-1.40506
132.615,-1.40524
132.661,-1.40541
132.712,-1.40558
132.762,-1.40575
132.815,-1.40591
132.864,-1.40608
132.913,-1.40625
132.963,-1.40642
133.012,-1.4066
133.064,-1.40679
133.115,-1.40698
133.163,-1.40718
133.214,-1.40738
133.26,-1.40759
133.314,-1.4078
133.363,-1.40801
133.412,-1.40823
133.464,-1.40845
133.512,-1.40866
133.566,-1.40888
133.609,-1.40911
133.666,-1.40933
133.714,-1.40956
133.767,-1.40979
133.813,-1.41002
133.863,-1.41024
133.913,-1.41046
133.963,-1.41067
134.013,-1.41087
134.059,-1.41107
134.112,-1.41126
134.164,-1.41144
134.212,-1.41163
134.261,-1.41182
134.311,-1.41201
134.36,-1.4122
134.411,-1.4124
134.46,-1.41259
134.512,-1.41278
134.559,-1.41297
134.61,-1.41316
134.659,-1.41335
134.713,-1.41355
134.766,-1.41374
134.807,-1.41393
134.857,-1.41412
134.909,-1.41431
134.962,-1.4145
135.014,-1.4147
135.062,-1.4149
135.11,-1.41511
135.157,-1.41533
135.212,-1.41555
135.261,-1.41578
135.308,-1.416
135.36,-1.41622
135.41,-1.41644
135.461,-1.41664
135.51,-1.41684
135.561,-1.41704
135.61,-1.41723
135.66,-1.41742
135.71,-1.4176
135.757,-1.41778
135.809,-1.41796
135.861,-1.41814
135.91,-1.41833
135.964,-1.41851
136.01,-1.4187
136.06,-1.41889
136.111,-1.41909
136.163,-1.4193
136.207,-1.41951
136.258,-1.41972
136.308,-1.41993
136.361,-1.42015
136.411,-1.42037
136.461,-1.4206
136.507,-1.42082
136.562,-1.42103
136.609,-1.42124
136.661,-1.42145
136.707,-1.42165
136.759,-1.42184
136.809,-1.42202
136.862,-1.4222
136.91,-1.42238
136.956,-1.42255
137.009,-1.42273
137.053,-1.42291
137.106,-1.42309
137.16,-1.42328
137.21,-1.42347
137.256,-1.42367
137.308,-1.42387
137.359,-1.42408
137.405,-1.42429
137.459,-1.42451
137.51,-1.42473
137.556,-1.42494
137.608,-1.42516
137.657,-1.42537
137.707,-1.42558
137.758,-1.42578
137.808,-1.42598
137.857,-1.42617
137.907,-1.42634
137.958,-1.42651
138.006,-1.42667
138.058,-1.42682
138.107,-1.42698
138.16,-1.42713
138.208,-1.42729
138.26,-1.42745
138.308,-1.42761
138.358,-1.42778
138.406,-1.42796
138.459,-1.42815
138.506,-1.42836
138.56,-1.42857
138.606,-1.42879
138.655,-1.42903
138.704,-1.42926
138.755,-1.4295
138.812,-1.42974
138.86,-1.42998
138.907,-1.43021
138.956,-1.43043
139.008,-1.43064
139.059,-1.43084
139.108,-1.43102
139.157,-1.43119
139.203,-1.43134
139.256,-1.43149
139.304,-1.43164
139.356,-1.43179
139.406,-1.43193
139.457,-1.43208
139.506,-1.43224
139.555,-1.4324
139.606,-1.43258
139.656,-1.43276
139.705,-1.43295
139.754,-1.43315
139.805,-1.43335
139.856,-1.43357
139.908,-1.43378
139.955,-1.43399
140.007,-1.4342
140.057,-1.4344
140.104,-1.43461
140.157,-1.43481
140.208,-1.43502
140.255,-1.43521
140.302,-1.43541
140.353,-1.4356
140.407,-1.43578
140.457,-1.43596
140.505,-1.43614
140.555,-1.43632
140.606,-1.4365
140.656,-1.43668
140.705,-1.43686
140.752,-1.43705
140.805,-1.43724
140.852,-1.43743
140.905,-1.43762
140.955,-1.43782
141.0,-1.43802
141.057,-1.43824
141.102,-1.43846
141.152,-1.43868
141.206,-1.43891
141.257,-1.43913
141.306,-1.43935
141.355,-1.43957
141.403,-1.43978
141.454,-1.43999
141.505,-1.4402
141.553,-1.44041
141.603,-1.44062
141.656,-1.44084
141.701,-1.44106
141.756,-1.44127
141.801,-1.44149
141.852,-1.44172
141.904,-1.44194
141.95,-1.44216
142.007,-1.44238
142.053,-1.4426
142.101,-1.44282
142.152,-1.44304
142.202,-1.44326
142.253,-1.44347
142.305,-1.44367
142.353,-1.44387
142.403,-1.44407
142.452,-1.44427
142.503,-1.44446
142.55,-1.44466
142.604,-1.44485
142.65,-1.44506
142.703,-1.44527
142.753,-1.44549
142.803,-1.44572
142.855,-1.44596
142.902,-1.44621
142.952,-1.44646
143.004,-1.44672
143.052,-1.44698
143.105,-1.44723
143.154,-1.44748
143.203,-1.44773
143.251,-1.44796
143.303,-1.44819
143.352,-1.4484
143.4,-1.4486
143.453,-1.44879
143.503,-1.44897
143.55,-1.44913
143.603,-1.44929
143.654,-1.44945
143.703,-1.4496
143.747,-1.44976
143.801,-1.44993
143.85,-1.45011
143.9,-1.4503
143.951,-1.4505
143.999,-1.45072
144.053,-1.45095
144.098,-1.45119
144.154,-1.45143
144.2,-1.45168
144.25,-1.45194
144.301,-1.4522
144.351,-1.45245
144.4,-1.4527
144.452,-1.45295
144.5,-1.45318
144.549,-1.45341
144.599,-1.45363
144.651,-1.45384
144.697,-1.45405
144.752,-1.45425
144.801,-1.45445
144.851,-1.45464
144.904,-1.45482
144.951,-1.45501
145.0,-1.4552
145.051,-1.45539
145.099,-1.45558
145.15,-1.45578
145.201,-1.45598
145.249,-1.45619
145.302,-1.45641
145.353,-1.45663
145.401,-1.45686
145.446,-1.45709
145.499,-1.45732
145.55,-1.45755
145.599,-1.45777
145.65,-1.45799
145.699,-1.4582
145.75,-1.45841
145.801,-1.45862
145.851,-1.45882
145.901,-1.45902
145.95,-1.45921
146.001,-1.45939
146.049,-1.45957
146.099,-1.45975
146.151,-1.45992
146.201,-1.4601
146.247,-1.46027
146.297,-1.46045
146.351,-1.46063
146.399,-1.46081
146.451,-1.461
146.496,-1.46119
146.552,-1.46138
146.6,-1.46157
146.652,-1.46176
146.698,-1.46195
146.75,-1.46213
146.799,-1.46232
146.849,-1.4625
146.901,-1.46267
146.949,-1.46284
147.0,-1.46299
147.046,-1.46314
147.097,-1.46329
147.15,-1.46344
147.194,-1.46359
147.249,-1.46375
147.295,-1.46391
147.349,-1.46408
147.396,-1.46425
147.447,-1.46442
147.499,-1.4646
147.548,-1.46479
147.597,-1.46497
147.645,-1.46516
147.694,-1.46535
147.748,-1.46553
147.796,-1.46572
147.847,-1.46591
147.898,-1.4661
147.947,-1.4663
147.999,-1.46651
148.049,-1.46671
148.1,-1.46692
148.141,-1.46714
148.196,-1.46735
148.249,-1.46758
148.297,-1.4678
148.345,-1.46802
148.398,-1.46825
148.448,-1.46847
148.496,-1.46868
148.548,-1.46889
148.596,-1.4691
148.648,-1.4693
148.697,-1.46949
148.747,-1.46967
148.799,-1.46985
148.845,-1.47003
148.896,-1.4702
148.944,-1.47038
148.993,-1.47055
149.047,-1.47073
149.096,-1.4709
149.143,-1.47108
149.193,-1.47126
149.246,-1.47144
149.294,-1.47162
149.345,-1.47181
149.398,-1.472
149.442,-1.47219
149.493,-1.47239
149.545,-1.47259
149.595,-1.4728
149.649,-1.47301
149.692,-1.47322
149.744,-1.47344
149.791,-1.47366
149.846,-1.47388
149.894,-1.4741
149.944,-1.47432
149.996,-1.47453
150.043,-1.47473
150.09,-1.47493
150.143,-1.47512
150.194,-1.47529
150.243,-1.47547
150.294,-1.47564
150.343,-1.47581
150.394,-1.47598
150.443,-1.47615
150.491,-1.47633
150.544,-1.47651
150.593,-1.4767
150.643,-1.4769
150.695,-1.47709
150.745,-1.47729
150.794,-1.47749
150.843,-1.47768
150.893,-1.47787
150.944,-1.47805
150.993,-1.47821
151.044,-1.47837
151.092,-1.47853
151.141,-1.47868
151.195,-1.47883
151.246,-1.47898
151.295,-1.47914
151.341,-1.47931
151.394,-1.47948
151.44,-1.47966
151.493,-1.47986
151.544,-1.48006
151.594,-1.48028
151.639,-1.4805
151.692,-1.48073
151.743,-1.48097
151.792,-1.48122
151.84,-1.48147
151.892,-1.48174
151.941,-1.482
151.992,-1.48227
152.041,-1.48254
152.094,-1.4828
152.142,-1.48305
152.191,-1.48329
152.241,-1.48351
152.294,-1.48372
152.341,-1.48391
152.394,-1.48409
152.441,-1.48426
152.493,-1.48442
152.541,-1.48457
152.591,-1.48473
152.641,-1.48488
152.692,-1.48505
152.738,-1.48521
152.788,-1.48539
152.841,-1.48557
152.894,-1.48575
152.943,-1.48595
152.994,-1.48615
153.037,-1.48635
153.091,-1.48655
153.141,-1.48676
153.194,-1.48696
153.243,-1.48716
153.289,-1.48736
153.34,-1.48756
153.389,-1.48776
153.443,-1.48796
153.49,-1.48816
153.538,-1.48836
153.589,-1.48857
153.64,-1.48877
153.692,-1.48898
153.742,-1.48919
153.788,-1.4894
153.838,-1.48962
153.89,-1.48983
153.942,-1.49005
153.99,-1.49026
154.04,-1.49048
154.086,-1.49069
154.143,-1.49089
154.189,-1.49109
154.242,-1.49129
154.291,-1.49148
154.34,-1.49167
154.391,-1.49185
154.44,-1.49204
154.491,-1.49222
154.544,-1.49239
154.587,-1.49257
154.639,-1.49275
154.685,-1.49293
154.743,-1.4931
154.788,-1.49327
154.838,-1.49345
154.891,-1.49363
154.938,-1.49381
154.991,-1.494
155.037,-1.4942
155.09,-1.4944
155.138,-1.49461
155.187,-1.49483
155.243,-1.49505
155.289,-1.49526
155.34,-1.49547
155.389,-1.49567
155.436,-1.49586
155.49,-1.49605
155.54,-1.49623
155.59,-1.49642
155.64,-1.49661
155.69,-1.4968
155.735,-1.49699
155.789,-1.4972
155.841,-1.49741
155.887,-1.49763
155.941,-1.49785
155.987,-1.49809
156.038,-1.49833
156.089,-1.49857
156.141,-1.49882
156.189,-1.49907
156.238,-1.49931
156.288,-1.49955
156.338,-1.49977
156.391,-1.49999
156.438,-1.50019
156.487,-1.50039
156.534,-1.50057
156.585,-1.50074
156.639,-1.5009
156.689,-1.50106
156.739,-1.50121
156.787,-1.50136
156.837,-1.50151
156.887,-1.50165
156.938,-1.5018
156.988,-1.50195
157.037,-1.50211
157.088,-1.50228
157.139,-1.50246
157.189,-1.50265
157.238,-1.50286
157.286,-1.50309
157.332,-1.50332
157.387,-1.50357
157.437,-1.50382
157.49,-1.50407
157.535,-1.50432
157.589,-1.50457
157.632,-1.50481
157.687,-1.50504
157.737,-1.50526
157.788,-1.50547
157.838,-1.50565
157.883,-1.50583
157.934,-1.50599
157.985,-1.50615
158.035,-1.50631
158.085,-1.50646
158.135,-1.50662
158.185,-1.50678
158.231,-1.50694
158.283,-1.50712
158.334,-1.5073
158.384,-1.50749
158.434,-1.50769
158.48,-1.5079
158.535,-1.50811
158.586,-1.50832
158.635,-1.50854
158.684,-1.50875
158.736,-1.50895
158.785,-1.50915
158.837,-1.50935
158.886,-1.50955
158.937,-1.50974
158.983,-1.50994
159.035,-1.51013
159.084,-1.51032
159.136,-1.51051
159.187,-1.5107
159.231,-1.5109
159.286,-1.51109
159.334,-1.51129
159.384,-1.51149
159.432,-1.51169
159.484,-1.51189
159.533,-1.51209
159.585,-1.51229
159.638,-1.51249
159.683,-1.51269
159.734,-1.5129
159.784,-1.5131
159.834,-1.51329
159.883,-1.51347
159.933,-1.51364
159.983,-1.5138
160.031,-1.51396
160.082,-1.5141
160.136,-1.51425
160.186,-1.5144
160.232,-1.51455
160.279,-1.51471
160.334,-1.51488
160.382,-1.51506
160.437,-1.51524
160.485,-1.51543
160.534,-1.51562
160.583,-1.5158
160.631,-1.51598
160.682,-1.51616
160.735,-1.51634
160.783,-1.51653
160.831,-1.51672
160.881,-1.51691
160.937,-1.51712
160.983,-1.51732
161.033,-1.51753
161.084,-1.51773
161.134,-1.51793
161.182,-1.51812
161.232,-1.51831
161.287,-1.51849
161.334,-1.51866
161.381,-1.51883
161.433,-1.519
161.482,-1.51917
161.534,-1.51933
161.584,-1.5195
161.632,-1.51967
161.683,-1.51985
161.731,-1.52003
161.781,-1.52022
161.832,-1.52042
161.883,-1.52062
161.931,-1.52082
161.981,-1.52102
162.033,-1.52122
162.08,-1.52142
162.133,-1.52161
162.178,-1.5218
162.232,-1.52199
162.286,-1.52217
162.331,-1.52235
162.38,-1.52253
162.431,-1.52271
162.476,-1.52288
162.527,-1.52306
162.582,-1.52324
162.63,-1.52341
162.68,-1.52359
162.735,-1.52377
162.778,-1.52396
162.832,-1.52414
162.88,-1.52433
162.929,-1.52452
162.979,-1.52472
163.027,-1.52492
163.078,-1.52514
163.129,-1.52535
163.181,-1.52556
163.231,-1.52577
163.278,-1.52596
163.33,-1.52614
163.38,-1.52632
163.428,-1.52649
163.483,-1.52667
163.532,-1.52685
163.579,-1.52703
163.63,-1.52721
163.682,-1.52741
163.729,-1.5276
163.78,-1.5278
163.827,-1.52801
163.879,-1.52822
163.929,-1.52843
163.981,-1.52863
164.029,-1.52884
164.078,-1.52905
164.127,-1.52925
164.178,-1.52945
164.231,-1.52964
164.278,-1.52982
164.327,-1.52999
164.38,-1.53016
164.427,-1.53032
164.479,-1.53048
164.529,-1.53064
164.578,-1.5308
164.628,-1.53097
164.678,-1.53113
164.731,-1.5313
164.78,-1.53148
164.827,-1.53166
164.878,-1.53186
164.926,-1.53207
164.981,-1.53229
165.028,-1.53252
165.078,-1.53275
165.129,-1.53298
165.175,-1.53322
165.229,-1.53346
165.279,-1.53369
165.328,-1.53393
165.379,-1.53416
165.427,-1.53438
165.475,-1.53461
165.529,-1.53482
165.578,-1.53503
165.626,-1.53523
165.679,-1.53542
165.729,-1.53561
165.779,-1.5358
165.828,-1.53597
165.878,-1.53614
165.927,-1.5363
165.977,-1.53646
166.026,-1.53662
166.077,-1.53679
166.129,-1.53697
166.178,-1.53715
166.225,-1.53734
166.277,-1.53754
166.329,-1.53775
166.38,-1.53796
166.427,-1.53818
166.475,-1.53839
166.523,-1.5386
166.575,-1.53882
166.628,-1.53902
166.677,-1.53923
166.726,-1.53943
166.778,-1.53963
166.822,-1.53983
166.876,-1.54003
166.927,-1.54024
166.978,-1.54045
167.028,-1.54066
167.073,-1.54088
167.122,-1.54111
167.174,-1.54134
167.231,-1.54157
167.277,-1.54181
167.327,-1.54205
167.377,-1.54229
167.426,-1.54252
167.474,-1.54276
167.526,-1.54298
167.574,-1.5432
167.625,-1.54341
167.675,-1.54362
167.726,-1.54381
167.775,-1.54401
167.827,-1.54419
167.874,-1.54437
167.923,-1.54454
167.976,-1.5447
168.023,-1.54486
168.079,-1.54501
168.124,-1.54517
168.175,-1.54533
168.228,-1.5455
168.271,-1.54568
168.327,-1.54586
168.37,-1.54605
168.424,-1.54623
168.475,-1.54643
168.525,-1.54663
168.576,-1.54683
168.625,-1.54703
168.675,-1.54724
168.723,-1.54746
168.776,-1.54767
168.826,-1.54789
168.873,-1.54812
168.922,-1.54834
168.975,-1.54857
169.021,-1.5488
169.074,-1.54903
169.122,-1.54926
169.174,-1.54949
169.226,-1.54972
169.274,-1.54994
169.322,-1.55015
169.373,-1.55035
169.425,-1.55055
169.476,-1.55074
169.522,-1.55092
169.572,-1.55111
169.626,-1.5513
169.673,-1.55149
169.721,-1.55169
169.775,-1.55189
169.822,-1.55209
169.876,-1.5523
169.924,-1.55251
169.976,-1.55271
170.022,-1.55292
170.076,-1.55312
170.125,-1.55332
170.178,-1.55352
170.226,-1.55372
170.271,-1.55391
170.323,-1.55411
170.369,-1.5543
170.424,-1.55451
170.472,-1.55472
170.522,-1.55494
170.573,-1.55517
170.623,-1.55541
170.672,-1.55566
170.723,-1.55591
170.777,-1.55616
170.822,-1.55642
170.869,-1.55668
170.921,-1.55693
170.975,-1.55719
171.02,-1.55743
171.07,-1.55767
171.12,-1.5579
171.174,-1.55812
171.222,-1.55833
171.274,-1.55854
171.323,-1.55874
171.373,-1.55895
171.424,-1.55916
171.472,-1.55937
171.522,-1.55959
171.571,-1.55981
171.62,-1.56003
171.672,-1.56026
171.72,-1.56049
171.775,-1.56073
171.823,-1.56096
171.872,-1.56119
171.922,-1.56142
171.969,-1.56164
172.021,-1.56186
172.068,-1.56207
172.123,-1.56228
172.167,-1.56247
172.224,-1.56266
172.272,-1.56284
172.318,-1.56302
172.375,-1.56319
172.423,-1.56337
172.472,-1.56354
172.516,-1.56371
172.569,-1.56389
172.622,-1.56408
172.671,-1.56428
172.721,-1.56448
172.77,-1.5647
172.818,-1.56492
172.867,-1.56514
172.921,-1.56537
172.968,-1.56561
173.018,-1.56584
173.071,-1.56608
173.121,-1.56632
173.172,-1.56656
173.219,-1.5668
173.27,-1.56704
173.317,-1.56726
173.368,-1.56749
173.421,-1.5677
173.47,-1.56791
173.521,-1.56811
173.573,-1.5683
173.621,-1.56849
173.674,-1.56868
173.719,-1.56887
173.768,-1.56907
173.819,-1.56927
173.867,-1.56947
173.916,-1.56967
173.966,-1.56987
174.02,-1.57008
174.067,-1.57028
174.117,-1.57049
174.165,-1.57071
174.215,-1.57093
174.268,-1.57116
174.32,-1.5714
174.366,-1.57165
174.415,-1.5719
174.466,-1.57216
174.515,-1.57241
174.567,-1.57266
174.618,-1.57291
174.667,-1.57316
174.718,-1.5734
174.767,-1.57364
174.814,-1.57388
174.868,-1.57412
174.916,-1.57436
174.964,-1.57461
175.015,-1.57486
175.067,-1.57512
175.117,-1.57539
175.167,-1.57566
175.217,-1.57593
175.268,-1.57621
175.319,-1.57648
175.366,-1.57674
175.416,-1.57699
175.47,-1.57723
175.516,-1.57746
175.568,-1.57768
175.617,-1.57788
175.665,-1.57808
175.714,-1.57827
175.767,-1.57846
175.817,-1.57864
175.866,-1.57883
175.923,-1.57902
175.965,-1.57922
176.015,-1.57943
176.066,-1.57964
176.115,-1.57987
176.166,-1.5801
176.216,-1.58033
176.268,-1.58057
176.316,-1.5808
176.367,-1.58104
176.419,-1.58128
176.466,-1.58152
176.515,-1.58176
176.565,-1.58199
176.615,-1.58222
176.665,-1.58245
176.719,-1.58267
176.763,-1.58288
176.813,-1.58309
176.867,-1.58329
176.916,-1.58349
176.968,-1.58369
177.017,-1.58389
177.069,-1.58409
177.116,-1.58431
177.164,-1.58453
177.216,-1.58477
177.265,-1.58501
177.315,-1.58527
177.362,-1.58553
177.413,-1.5858
177.468,-1.58608
177.514,-1.58636
177.566,-1.58665
177.616,-1.58693
177.663,-1.58721
177.715,-1.58748
177.764,-1.58774
177.816,-1.58799
177.866,-1.58823
177.916,-1.58845
177.965,-1.58867
178.014,-1.58887
178.064,-1.58907
178.114,-1.58927
178.163,-1.58947
178.213,-1.58967
178.266,-1.58988
178.317,-1.5901
178.363,-1.59032
178.413,-1.59055
178.463,-1.59078
178.516,-1.59102
178.563,-1.59125
178.616,-1.59149
178.665,-1.59172
178.713,-1.59195
178.761,-1.59218
178.815,-1.59242
178.867,-1.59266
178.913,-1.5929
178.963,-1.59313
179.013,-1.59337
179.062,-1.59361
179.112,-1.59386
179.161,-1.59411
179.216,-1.59435
179.264,-1.5946
179.311,-1.59485
179.362,-1.59509
179.413,-1.59533
179.466,-1.59556
179.511,-1.59578
179.562,-1.59601
179.612,-1.59624
179.662,-1.59646
179.717,-1.5967
179.762,-1.59693
179.813,-1.59716
179.859,-1.59739
179.911,-1.59762
179.963,-1.59784
180.009,-1.59804
180.062,-1.59825
180.112,-1.59844
180.162,-1.59863
180.214,-1.59882
180.264,-1.59901
180.313,-1.59921
180.358,-1.59941
180.41,-1.59961
180.463,-1.59981
180.51,-1.60002
180.561,-1.60023
180.613,-1.60045
180.66,-1.60066
180.707,-1.60089
180.764,-1.60111
180.814,-1.60133
180.86,-1.60155
180.912,-1.60177
180.961,-1.60199
181.015,-1.60221
181.063,-1.60244
181.113,-1.60267
181.157,-1.60291
181.213,-1.60314
181.261,-1.60338
181.311,-1.60362
181.363,-1.60386
181.409,-1.60409
181.461,-1.60433
181.511,-1.60457
181.56,-1.60481
181.612,-1.60505
181.659,-1.60529
181.712,-1.60553
181.759,-1.60578
181.811,-1.60603
181.861,-1.60629
181.91,-1.60656
181.96,-1.60683
182.011,-1.6071
182.058,-1.60736
182.112,-1.60762
182.159,-1.60787
182.212,-1.60813
182.263,-1.60838
182.311,-1.60862
182.357,-1.60888
182.413,-1.60914
182.462,-1.6094
182.512,-1.60967
182.559,-1.60994
182.61,-1.6102
182.663,-1.61047
182.71,-1.61073
182.76,-1.611
182.81,-1.61126
182.861,-1.61153
182.91,-1.61181
182.959,-1.61208
183.01,-1.61236
183.06,-1.61264
183.106,-1.61293
183.161,-1.61322
183.207,-1.61351
183.262,-1.6138
183.309,-1.61409
183.36,-1.61439
183.41,-1.6147
183.463,-1.61501
183.509,-1.61532
183.56,-1.61564
183.611,-1.61595
183.661,-1.61626
183.712,-1.61656
183.759,-1.61687
183.81,-1.61716
183.861,-1.61745
183.907,-1.61774
183.961,-1.61803
184.012,-1.61831
184.062,-1.6186
184.109,-1.61889
184.157,-1.61918
184.207,-1.61948
184.257,-1.61978
184.309,-1.62009
184.36,-1.62041
184.409,-1.62073
184.461,-1.62106
184.509,-1.6214
184.562,-1.62173
184.61,-1.62205
184.656,-1.62237
184.706,-1.62269
184.757,-1.623
184.809,-1.6233
184.859,-1.62361
184.908,-1.62391
184.958,-1.62422
185.008,-1.62453
185.059,-1.62484
185.107,-1.62516
185.16,-1.62547
185.209,-1.62578
185.26,-1.6261
185.31,-1.62641
185.358,-1.62673
185.411,-1.62705
185.458,-1.62737
185.506,-1.6277
185.556,-1.62804
185.609,-1.62838
185.658,-1.62872
185.706,-1.62907
185.756,-1.62943
185.804,-1.62979
185.86,-1.63015
185.91,-1.63052
185.957,-1.63088
186.009,-1.63124
186.059,-1.6316
186.11,-1.63196
186.159,-1.63231
186.208,-1.63267
186.257,-1.63303
186.308,-1.63338
186.355,-1.63373
186.406,-1.63408
186.457,-1.63444
186.503,-1.6348
186.555,-1.63515
186.606,-1.63551
186.656,-1.63586
186.708,-1.63621
186.756,-1.63655
186.807,-1.6369
186.855,-1.63725
186.907,-1.6376
186.955,-1.63795
187.009,-1.63831
187.058,-1.63869
187.107,-1.63907
187.157,-1.63946
187.206,-1.63985
187.255,-1.64025
187.307,-1.64066
187.355,-1.64106
187.407,-1.64147
187.456,-1.64187
187.509,-1.64228
187.558,-1.64269
187.606,-1.64311
187.656,-1.64354
187.705,-1.64397
187.755,-1.6444
187.806,-1.64485
187.853,-1.6453
187.908,-1.64575
187.956,-1.64621
188.003,-1.64668
188.057,-1.64714
188.106,-1.64761
188.153,-1.64808
188.2,-1.64854
188.255,-1.649
188.303,-1.64947
188.356,-1.64993
188.403,-1.65039
188.454,-1.65084
188.501,-1.6513
188.553,-1.65175
188.603,-1.6522
188.655,-1.65264
188.703,-1.65309
188.751,-1.65354
188.803,-1.654
188.857,-1.65447
188.905,-1.65495
188.953,-1.65544
189.004,-1.65594
189.056,-1.65644
189.105,-1.65694
189.156,-1.65743
189.202,-1.65793
189.253,-1.65842
189.302,-1.6589
189.352,-1.65939
189.406,-1.65987
189.454,-1.66035
189.501,-1.66083
189.551,-1.66131
189.6,-1.6618
189.657,-1.6623
189.702,-1.66281
189.753,-1.66334
189.801,-1.66387
189.853,-1.66442
189.903,-1.66497
189.952,-1.66554
190.004,-1.66611
190.051,-1.66668
190.105,-1.66726
190.153,-1.66784
190.203,-1.66843
190.253,-1.66901
190.3,-1.66959
190.355,-1.67018
190.404,-1.67076
190.451,-1.67134
190.506,-1.67192
190.551,-1.67251
190.602,-1.6731
190.65,-1.67369
190.703,-1.67429
190.753,-1.67489
190.806,-1.6755
190.852,-1.67612
190.902,-1.67675
190.955,-1.67738
191.005,-1.67803
191.052,-1.67867
191.104,-1.67931
191.152,-1.67995
191.202,-1.68059
191.253,-1.68122
191.304,-1.68186
191.353,-1.6825
191.404,-1.68314
191.452,-1.68377
191.501,-1.68441
191.554,-1.68505
191.603,-1.68569
191.652,-1.68634
191.703,-1.687
191.749,-1.68765
191.804,-1.6883
191.851,-1.68895
191.901,-1.6896
191.949,-1.69024
192.0,-1.69088
192.049,-1.6915
192.1,-1.69212
192.152,-1.69272
192.2,-1.69332
192.251,-1.69391
192.302,-1.69448
192.352,-1.69506
192.404,-1.69562
192.449,-1.69619
192.503,-1.69676
192.55,-1.69732
192.602,-1.69789
192.653,-1.69846
192.702,-1.69903
192.751,-1.69961
192.798,-1.70019
192.851,-1.70077
192.902,-1.70135
192.95,-1.70193
192.999,-1.7025
193.047,-1.70308
193.1,-1.70365
193.152,-1.70422
193.2,-1.70479
193.249,-1.70535
193.299,-1.7059
193.348,-1.70645
193.399,-1.707
193.452,-1.70754
193.5,-1.70809
193.548,-1.70863
193.6,-1.70918
193.649,-1.70973
193.701,-1.71027
193.75,-1.71081
193.797,-1.71134
193.85,-1.71186
193.898,-1.71237
193.949,-1.71288
194.0,-1.71339
194.047,-1.71389
194.096,-1.7144
194.148,-1.71492
194.201,-1.71543
194.247,-1.71595
194.299,-1.71647
194.348,-1.71699
194.401,-1.71751
194.447,-1.71802
194.5,-1.71853
194.552,-1.71903
194.598,-1.71952
194.648,-1.71999
194.697,-1.72045
194.75,-1.7209
194.799,-1.72134
194.851,-1.72176
194.896,-1.72218
194.948,-1.7226
195.0,-1.72301
195.046,-1.72343
195.099,-1.72385
195.151,-1.72428
195.198,-1.72471
195.247,-1.72515
195.297,-1.72559
195.348,-1.72603
195.4,-1.72647
195.449,-1.7269
195.499,-1.72732
195.547,-1.72772
195.599,-1.72811
195.647,-1.72848
195.7,-1.72884
195.746,-1.72918
195.797,-1.72952
195.849,-1.72984
195.898,-1.73016
195.949,-1.73047
195.996,-1.73077
196.044,-1.73107
196.096,-1.73137
196.149,-1.73167
196.196,-1.73196
196.247,-1.73225
196.297,-1.73253
196.348,-1.7328
196.396,-1.73307
196.447,-1.73334
196.498,-1.73361
196.549,-1.73387
196.597,-1.73413
196.645,-1.73438
196.697,-1.73463
196.748,-1.73487
196.797,-1.73511
196.844,-1.73536
196.896,-1.7356
196.947,-1.73584
196.999,-1.73609
197.044,-1.73634
197.093,-1.7366
197.144,-1.73686
197.197,-1.73713
197.246,-1.7374
197.296,-1.73767
197.345,-1.73794
197.394,-1.7382
197.445,-1.73847
197.496,-1.73873
197.547,-1.73899
197.593,-1.73925
197.643,-1.7395
197.691,-1.73975
197.747,-1.73999
197.794,-1.74023
197.846,-1.74045
197.891,-1.74067
197.945,-1.74088
197.993,-1.74108
198.046,-1.74128
198.093,-1.74147
198.147,-1.74166
198.195,-1.74186
198.245,-1.74206
198.293,-1.74227
198.345,-1.74247
198.395,-1.74268
198.444,-1.74289
198.491,-1.7431
198.547,-1.7433
198.593,-1.7435
198.646,-1.7437
198.693,-1.74389
198.744,-1.74407
198.796,-1.74425
198.846,-1.74443
198.896,-1.7446
198.944,-1.74477
198.993,-1.74494
199.047,-1.7451
199.092,-1.74526
199.148,-1.74543
199.194,-1.74561
199.243,-1.7458
199.291,-1.74599
199.344,-1.7462
199.395,-1.74642
199.443,-1.74664
199.493,-1.74688
199.543,-1.74711
199.594,-1.74734
199.644,-1.74757
199.693,-1.74779
199.742,-1.748
199.792,-1.7482
199.842,-1.74838
199.89,-1.74855
199.944,-1.74871
199.99,-1.74884
200.041,-1.74897
200.093,-1.74908
200.144,-1.74918
200.194,-1.74928
200.239,-1.74938
200.293,-1.74948
200.341,-1.74958
200.391,-1.7497
200.444,-1.74983
200.493,-1.74997
200.543,-1.75014
200.593,-1.75031
200.639,-1.7505
200.692,-1.75069
200.741,-1.75088
200.795,-1.75106
200.844,-1.75123
200.893,-1.7514
200.939,-1.75156
200.992,-1.75173
201.042,-1.75189
201.087,-1.75204
201.143,-1.7522
201.188,-1.75236
201.242,-1.75252
201.294,-1.75269
201.343,-1.75285
201.388,-1.75302
201.438,-1.75319
201.491,-1.75336
201.541,-1.75354
201.59,-1.75372
201.64,-1.7539
201.691,-1.75408
201.742,-1.75426
201.79,-1.75445
201.846,-1.75463
201.89,-1.75481
201.939,-1.75498
201.991,-1.75515
202.036,-1.75532
202.092,-1.75548
202.144,-1.75564
202.192,-1.7558
202.242,-1.75597
202.288,-1.75614
202.342,-1.75632
202.39,-1.75651
202.442,-1.75669
202.488,-1.75688
202.541,-1.75706
202.589,-1.75723
202.64,-1.75739
202.69,-1.75755
202.741,-1.7577
202.789,-1.75785
202.839,-1.758
202.89,-1.75817
202.942,-1.75834
202.988,-1.75852
203.041,-1.7587
203.086,-1.75888
203.142,-1.75906
203.191,-1.75924
203.24,-1.75942
203.294,-1.75958
203.339,-1.75975
203.392,-1.75991
203.443,-1.76006
203.492,-1.76021
203.541,-1.76037
203.589,-1.76052
203.639,-1.76068
203.688,-1.76085
203.742,-1.76102
203.79,-1.7612
203.84,-1.76138
203.888,-1.76156
203.936,-1.76175
203.99,-1.76195
204.037,-1.76214
204.089,-1.76233
204.136,-1.76251
204.187,-1.76268
204.24,-1.76284
204.287,-1.763
204.341,-1.76314
204.386,-1.76327
204.435,-1.7634
204.487,-1.76352
204.54,-1.76364
204.589,-1.76375
204.639,-1.76385
204.688,-1.76396
204.738,-1.76407
204.788,-1.7642
204.838,-1.76433
204.886,-1.76447
204.936,-1.76462
204.985,-1.76479
205.04,-1.76497
205.087,-1.76517
205.135,-1.76537
205.189,-1.76558
205.236,-1.76579
205.286,-1.766
205.336,-1.7662
205.389,-1.7664
205.439,-1.76657
205.486,-1.76673
205.537,-1.76688
205.582,-1.76701
205.638,-1.76713
205.686,-1.76725
205.735,-1.76737
205.785,-1.76749
205.836,-1.76762
205.884,-1.76776
205.937,-1.76791
205.988,-1.76807
206.037,-1.76823
206.086,-1.76841
206.138,-1.76859
206.184,-1.76878
206.238,-1.76897
206.288,-1.76917
206.336,-1.76936
206.388,-1.76956
206.44,-1.76976
206.486,-1.76996
206.535,-1.77016
206.586,-1.77036
206.637,-1.77056
206.687,-1.77076
206.737,-1.77095
206.786,-1.77114
206.834,-1.77132
206.886,-1.7715
206.933,-1.77167
206.987,-1.77183
207.038,-1.77199
207.088,-1.77214
207.131,-1.77229
207.187,-1.77244
207.237,-1.77259
207.287,-1.77273
207.332,-1.77288
207.386,-1.77304
207.433,-1.7732
207.485,-1.77336
207.537,-1.77354
207.583,-1.77372
207.634,-1.77391
207.684,-1.7741
207.732,-1.77429
207.788,-1.77447
207.835,-1.77465
207.886,-1.77482
207.934,-1.77498
207.985,-1.77513
208.036,-1.77528
208.088,-1.77543
208.135,-1.77558
208.184,-1.77572
208.232,-1.77587
208.284,-1.77601
208.334,-1.77616
208.384,-1.77632
208.433,-1.77648
208.485,-1.77664
208.531,-1.7768
208.583,-1.77697
208.632,-1.77715
208.687,-1.77733
208.734,-1.77751
208.783,-1.77769
208.834,-1.77786
208.882,-1.77804
208.935,-1.77821
208.982,-1.77837
209.036,-1.77853
209.084,-1.77867
209.135,-1.7788
209.187,-1.77893
209.231,-1.77905
209.283,-1.77917
209.331,-1.77928
209.385,-1.77941
209.436,-1.77953
209.481,-1.77966
209.533,-1.77981
209.582,-1.77997
209.633,-1.78014
209.684,-1.78032
209.734,-1.78051
209.782,-1.78071
209.831,-1.78092
209.883,-1.78113
209.934,-1.78134
209.983,-1.78155
210.034,-1.78175
210.082,-1.78194
210.131,-1.78213
210.182,-1.78231
210.234,-1.78248
210.285,-1.78266
210.331,-1.78284
210.383,-1.78303
210.43,-1.78322
210.485,-1.78341
210.534,-1.78361
210.582,-1.78382
210.631,-1.78404
210.679,-1.78425
210.733,-1.78446
210.782,-1.78466
210.833,-1.78486
210.879,-1.78504
210.929,-1.78523
210.982,-1.7854
211.033,-1.78557
211.084,-1.78573
211.133,-1.78589
211.184,-1.78605
211.232,-1.78621
211.283,-1.78637
211.334,-1.78654
211.379,-1.78671
211.432,-1.78687
211.482,-1.78702
211.532,-1.78717
211.581,-1.78731
211.634,-1.78745
211.68,-1.78759
211.73,-1.78773
211.781,-1.78788
211.831,-1.78804
211.886,-1.7882
211.933,-1.78838
211.979,-1.78856
212.031,-1.78875
212.079,-1.78894
212.128,-1.78912
212.18,-1.78931
212.23,-1.78948
212.281,-1.78966
212.329,-1.78982
212.381,-1.78999
212.428,-1.79015
212.48,-1.79031
212.531,-1.79046
212.578,-1.79061
212.629,-1.79076
212.679,-1.79091
212.731,-1.79106
212.777,-1.79121
212.827,-1.79137
212.879,-1.79152
212.931,-1.79168
212.982,-1.79185
213.026,-1.79202
213.077,-1.79219
213.129,-1.79237
213.18,-1.79254
213.23,-1.79272
213.279,-1.7929
213.33,-1.79309
213.377,-1.79327
213.428,-1.79345
213.479,-1.79363
213.529,-1.79381
213.577,-1.79399
213.627,-1.79416
213.678,-1.79434
213.728,-1.79451
213.779,-1.79468
213.829,-1.79486
213.876,-1.79503
213.928,-1.7952
213.98,-1.79537
214.028,-1.79555
214.076,-1.79573
214.128,-1.79592
214.177,-1.79611
214.227,-1.79632
214.278,-1.79652
214.33,-1.79672
214.379,-1.79693
214.426,-1.79714
214.48,-1.79734
214.528,-1.79755
214.581,-1.79774
214.626,-1.79794
214.677,-1.79812
214.729,-1.79831
214.777,-1.79848
214.829,-1.79866
214.881,-1.79883
214.929,-1.799
214.978,-1.79917
215.025,-1.79934
215.078,-1.79951
215.127,-1.79968
215.174,-1.79985
215.225,-1.80001
215.276,-1.80016
215.325,-1.8003
215.376,-1.80044
215.427,-1.80057
215.475,-1.80069
215.524,-1.80081
215.577,-1.80093
215.628,-1.80104
215.678,-1.80116
215.727,-1.80129
215.775,-1.80142
215.823,-1.80156
215.875,-1.80171
215.927,-1.80186
215.977,-1.80203
216.027,-1.8022
216.076,-1.80239
216.126,-1.80258
216.177,-1.80278
216.224,-1.80298
216.277,-1.80318
216.322,-1.80338
216.375,-1.80358
216.427,-1.80378
216.476,-1.80397
216.527,-1.80415
216.574,-1.80432
216.625,-1.80448
216.675,-1.80463
216.724,-1.80477
216.776,-1.8049
216.829,-1.80502
216.873,-1.80514
216.923,-1.80525
216.975,-1.80537
217.025,-1.80549
217.076,-1.80562
217.126,-1.80576
217.175,-1.80591
217.224,-1.80607
217.275,-1.80624
217.326,-1.80642
217.373,-1.80661
217.427,-1.80681
217.475,-1.80701
217.525,-1.80721
217.577,-1.80742
217.624,-1.80763
217.674,-1.80784
217.724,-1.80805
217.776,-1.80826
217.826,-1.80848
217.872,-1.80869
217.926,-1.80889
217.971,-1.80909
218.023,-1.80928
218.074,-1.80946
218.123,-1.80963
218.175,-1.80979
218.224,-1.80994
218.271,-1.81009
218.323,-1.81024
218.373,-1.81038
218.424,-1.81052
218.475,-1.81066
218.522,-1.8108
218.572,-1.81094
218.624,-1.8111
218.675,-1.81125
218.726,-1.81141
218.773,-1.81158
218.819,-1.81176
218.876,-1.81194
218.924,-1.81213
218.973,-1.81232
219.019,-1.81252
219.071,-1.81272
219.121,-1.81291
219.172,-1.81309
219.226,-1.81327
219.272,-1.81344
219.321,-1.8136
219.373,-1.81377
219.424,-1.81393
219.474,-1.8141
219.524,-1.81426
219.569,-1.81443
219.622,-1.8146
219.675,-1.81477
219.725,-1.81495
219.773,-1.81512
219.821,-1.81529
219.874,-1.81546
219.923,-1.81563
219.973,-1.8158
220.023,-1.81596
220.071,-1.81613
220.124,-1.8163
220.171,-1.81647
220.219,-1.81665
220.273,-1.81684
220.32,-1.81703
220.372,-1.81723
220.421,-1.81744
220.472,-1.81765
220.524,-1.81787
220.572,-1.81809
220.621,-1.81831
220.67,-1.81853
220.718,-1.81876
220.774,-1.81898
220.822,-1.8192
220.87,-1.81941
220.918,-1.81961
220.97,-1.81981
221.023,-1.81999
221.072,-1.82016
221.121,-1.82032
221.168,-1.82047
221.221,-1.82062
221.273,-1.82077
221.323,-1.82092
221.372,-1.82107
221.422,-1.82123
221.471,-1.8214
221.52,-1.82159
221.569,-1.82179
221.621,-1.822
221.67,-1.82222
221.718,-1.82245
221.768,-1.82269
221.824,-1.82293
221.871,-1.82317
221.922,-1.82341
221.966,-1.82364
222.019,-1.82386
222.071,-1.82407
222.12,-1.82426
222.173,-1.82443
222.218,-1.8246
222.271,-1.82475
222.318,-1.8249
222.37,-1.82506
222.421,-1.82523
222.471,-1.82541
222.518,-1.8256
222.568,-1.8258
222.622,-1.826
222.672,-1.82621
222.72,-1.82642
222.772,-1.82662
222.817,-1.82681
222.87,-1.827
222.918,-1.82719
222.972,-1.82738
223.018,-1.82757
223.07,-1.82777
223.119,-1.82797
223.169,-1.82817
223.221,-1.82837
223.27,-1.82857
223.323,-1.82875
223.371,-1.82893
223.418,-1.82911
223.47,-1.82928
223.518,-1.82945
223.57,-1.82962
223.617,-1.8298
223.668,-1.82998
223.719,-1.83017
223.764,-1.83037
223.818,-1.83058
223.866,-1.83079
223.919,-1.83101
223.968,-1.83124
224.019,-1.83147
224.073,-1.83169
224.117,-1.83191
224.168,-1.83213
224.218,-1.83234
224.267,-1.83254
224.32,-1.83274
224.366,-1.83293
224.418,-1.83312
224.466,-1.8333
224.519,-1.83349
224.568,-1.83368
224.619,-1.83387
224.664,-1.83407
224.718,-1.83427
224.769,-1.83448
224.817,-1.83468
224.866,-1.83489
224.916,-1.83509
224.968,-1.8353
225.015,-1.8355
225.069,-1.83571
225.115,-1.83592
225.166,-1.83613
225.216,-1.83634
225.266,-1.83655
225.314,-1.83676
225.366,-1.83696
225.416,-1.83716
225.466,-1.83736
225.514,-1.83755
225.565,-1.83774
225.614,-1.83792
225.669,-1.83809
225.714,-1.83825
225.765,-1.83841
225.815,-1.83858
225.868,-1.83874
225.919,-1.83891
225.967,-1.83909
226.017,-1.83927
226.064,-1.83946
226.114,-1.83965
226.168,-1.83985
226.215,-1.84005
226.265,-1.84025
226.315,-1.84046
226.363,-1.84067
226.416,-1.84087
226.464,-1.84107
226.518,-1.84127
226.566,-1.84146
226.615,-1.84164
226.665,-1.84182
226.714,-1.84199
226.764,-1.84216
226.812,-1.84233
226.87,-1.8425
226.914,-1.84266
226.965,-1.84284
227.015,-1.84302
227.068,-1.84321
227.115,-1.84341
227.164,-1.84362
227.219,-1.84383
227.268,-1.84404
227.314,-1.84425
227.365,-1.84445
227.414,-1.84465
227.463,-1.84484
227.513,-1.84501
227.566,-1.84519
227.613,-1.84536
227.664,-1.84552
227.714,-1.84568
227.767,-1.84584
227.817,-1.846
227.866,-1.84616
227.913,-1.84632
227.965,-1.84648
228.01,-1.84665
228.065,-1.84682
228.113,-1.84699
228.163,-1.84719
228.215,-1.84739
228.261,-1.84761
228.313,-1.84784
228.363,-1.84807
228.413,-1.84831
228.461,-1.84855
228.515,-1.84878
228.562,-1.849
228.614,-1.84921
228.663,-1.8494
228.713,-1.84958
228.761,-1.84975
228.813,-1.8499
228.862,-1.85005
228.917,-1.85019
228.966,-1.85033
229.012,-1.85047
229.063,-1.85063
229.114,-1.8508
229.165,-1.85098
229.211,-1.85117
229.262,-1.85137
229.313,-1.85157
229.363,-1.85177
229.412,-1.85196
229.462,-1.85215
229.512,-1.85233
229.565,-1.85251
229.61,-1.85268
229.662,-1.85286
229.714,-1.85303
229.764,-1.85321
229.813,-1.85339
229.86,-1.85357
229.915,-1.85376
229.964,-1.85396
230.013,-1.85415
230.061,-1.85433
230.111,-1.85452
230.161,-1.8547
230.211,-1.85487
230.261,-1.85505
230.313,-1.85522
230.359,-1.8554
230.412,-1.85558
230.461,-1.85576
230.513,-1.85596
230.563,-1.85616
230.611,-1.85638
230.664,-1.85659
230.71,-1.85681
230.762,-1.85703
230.813,-1.85724
230.863,-1.85745
230.909,-1.85764
230.96,-1.85783
231.01,-1.85801
231.059,-1.85818
231.112,-1.85835
231.161,-1.85852
231.213,-1.85868
231.261,-1.85885
231.311,-1.85902
231.36,-1.85919
231.407,-1.85937
231.459,-1.85955
231.509,-1.85974
231.56,-1.85994
231.613,-1.86014
231.659,-1.86035
231.711,-1.86057
231.76,-1.86079
231.813,-1.86101
231.859,-1.86123
231.91,-1.86144
231.959,-1.86166
232.009,-1.86186
232.061,-1.86207
232.109,-1.86226
232.161,-1.86246
232.207,-1.86264
232.256,-1.86282
232.31,-1.86299
232.361,-1.86315
232.412,-1.86332
232.458,-1.86348
232.512,-1.86364
232.558,-1.86381
232.608,-1.86397
232.66,-1.86414
232.71,-1.86431
232.762,-1.86449
232.809,-1.86468
232.857,-1.86487
232.91,-1.86507
232.961,-1.86527
233.007,-1.86547
233.059,-1.86566
233.106,-1.86586
233.157,-1.86605
233.209,-1.86624
233.257,-1.86643
233.306,-1.86662
233.356,-1.86681
233.408,-1.86699
233.46,-1.86717
233.51,-1.86735
233.56,-1.86753
233.607,-1.86771
233.655,-1.8679
233.711,-1.86809
233.758,-1.86828
233.808,-1.86848
233.856,-1.86868
233.909,-1.86888
233.956,-1.86908
234.009,-1.86927
234.058,-1.86947
234.109,-1.86966
234.159,-1.86986
234.207,-1.87006
234.26,-1.87026
234.31,-1.87046
234.359,-1.87067
234.409,-1.87089
234.459,-1.8711
234.508,-1.8713
234.558,-1.8715
234.606,-1.8717
234.655,-1.87189
234.709,-1.87207
234.757,-1.87225
234.807,-1.87243
234.86,-1.8726
234.907,-1.87278
234.953,-1.87296
235.007,-1.87314
235.054,-1.87334
235.107,-1.87354
235.158,-1.87374
235.203,-1.87395
235.256,-1.87415
235.303,-1.87436
235.355,-1.87456
235.409,-1.87475
235.457,-1.87493
235.505,-1.87511
235.552,-1.87528
235.606,-1.87545
235.659,-1.87561
235.704,-1.87578
235.755,-1.87595
235.805,-1.87612
235.854,-1.8763
235.905,-1.87649
235.957,-1.87667
236.002,-1.87686
236.054,-1.87704
236.107,-1.87723
236.155,-1.87741
236.207,-1.87758
236.255,-1.87775
236.305,-1.87792
236.356,-1.8781
236.405,-1.87828
236.454,-1.87846
236.507,-1.87866
236.556,-1.87886
236.602,-1.87907
236.657,-1.87928
236.708,-1.8795
236.756,-1.87972
236.805,-1.87993
236.855,-1.88015
236.904,-1.88036
236.951,-1.88057
237.007,-1.88077
237.054,-1.88097
237.105,-1.88115
237.153,-1.88134
237.205,-1.88152
237.255,-1.8817
237.305,-1.88187
237.354,-1.88204
237.403,-1.8822
237.454,-1.88236
237.505,-1.88252
237.557,-1.88268
237.605,-1.88284
237.655,-1.883
237.704,-1.88317
237.751,-1.88334
237.804,-1.88352
237.853,-1.8837
237.904,-1.88388
237.953,-1.88407
238.001,-1.88426
238.054,-1.88446
238.103,-1.88465
238.156,-1.88485
238.206,-1.88504
238.255,-1.88522
238.302,-1.88541
238.353,-1.88558
238.404,-1.88576
238.454,-1.88594
238.502,-1.88613
238.553,-1.88631
238.603,-1.8865
238.655,-1.8867
238.704,-1.88689
238.755,-1.88709
238.797,-1.88728
238.852,-1.88748
238.9,-1.88767
238.951,-1.88786
239.001,-1.88804
239.053,-1.88822
239.103,-1.8884
239.153,-1.88857
239.204,-1.88874
239.251,-1.88892
239.305,-1.88909
239.351,-1.88927
239.402,-1.88944
239.455,-1.88963
239.505,-1.88981
239.551,-1.89001
239.603,-1.89021
239.649,-1.89042
239.704,-1.89064
239.752,-1.89086
239.804,-1.89109
239.852,-1.89132
239.904,-1.89155
239.952,-1.89177
240.001,-1.89198
240.05,-1.89217
240.1,-1.89236
240.151,-1.89253
240.202,-1.89269
240.251,-1.89285
240.301,-1.89301
240.354,-1.89316
240.4,-1.89332
240.451,-1.89348
240.503,-1.89364
240.55,-1.89381
240.598,-1.89399
240.652,-1.89418
240.7,-1.89439
240.751,-1.8946
240.801,-1.89483
240.849,-1.89507
240.899,-1.89532
240.95,-1.89557
241.0,-1.89582
241.048,-1.89608
241.1,-1.89633
241.151,-1.89658
241.201,-1.89682
241.252,-1.89704
241.301,-1.89725
241.352,-1.89745
241.401,-1.89764
241.45,-1.89781
241.5,-1.89797
241.548,-1.89812
241.602,-1.89827
241.651,-1.89842
241.7,-1.89858
241.749,-1.89874
241.801,-1.89891
241.849,-1.89909
241.903,-1.89928
241.952,-1.89948
241.996,-1.89968
242.051,-1.89989
242.097,-1.90011
242.15,-1.90032
242.198,-1.90054
242.251,-1.90075
242.301,-1.90098
242.347,-1.9012
242.402,-1.90143
242.451,-1.90167
242.5,-1.9019
242.549,-1.90213
242.598,-1.90237
242.649,-1.9026
242.7,-1.90282
242.748,-1.90305
242.796,-1.90327
242.847,-1.90348
242.897,-1.90369
242.95,-1.9039
243.0,-1.9041
243.046,-1.9043
243.099,-1.90449
243.146,-1.90469
243.199,-1.90488
243.249,-1.90508
243.298,-1.90528
243.348,-1.90547
243.397,-1.90567
243.449,-1.90586
243.498,-1.90606
243.547,-1.90624
243.599,-1.90643
243.65,-1.90661
243.699,-1.9068
243.749,-1.90698
243.801,-1.90718
243.851,-1.90738
243.899,-1.90758
243.946,-1.90779
244.001,-1.908
244.049,-1.90822
244.099,-1.90845
244.149,-1.90867
244.2,-1.9089
244.249,-1.90911
244.298,-1.90933
244.35,-1.90954
244.398,-1.90974
244.444,-1.90995
244.497,-1.91014
244.548,-1.91032
244.599,-1.91048
244.65,-1.91063
244.697,-1.91077
244.748,-1.91089
244.798,-1.91101
244.849,-1.91112
244.9,-1.91123
244.947,-1.91135
244.999,-1.91148
245.045,-1.91163
245.098,-1.9118
245.149,-1.912
245.198,-1.91222
245.251,-1.91244
245.296,-1.91269
245.349,-1.91293
245.398,-1.91319
245.45,-1.91345
245.496,-1.91371
245.546,-1.91396
245.598,-1.9142
245.645,-1.91442
245.698,-1.91463
245.749,-1.91481
245.798,-1.91498
245.846,-1.91514
245.895,-1.91529
245.945,-1.91544
245.997,-1.91559
246.049,-1.91575
246.096,-1.91592
246.146,-1.91609
246.197,-1.91627
246.247,-1.91646
246.296,-1.91666
246.346,-1.91687
246.397,-1.91707
246.446,-1.91728
246.497,-1.91749
246.546,-1.9177
246.596,-1.91791
246.646,-1.91811
246.696,-1.91832
246.746,-1.91852
246.798,-1.91871
246.848,-1.9189
246.895,-1.91909
246.944,-1.91927
246.997,-1.91945
247.045,-1.91963
247.097,-1.91981
247.146,-1.91999
247.194,-1.92017
247.246,-1.92035
247.296,-1.92053
247.344,-1.9207
247.395,-1.92088
247.445,-1.92107
247.494,-1.92125
247.543,-1.92143
247.596,-1.92162
247.645,-1.9218
247.694,-1.92199
247.743,-1.92217
247.794,-1.92235
247.846,-1.92253
247.894,-1.92271
247.946,-1.92288
247.995,-1.92305
248.046,-1.92322
248.096,-1.92338
248.146,-1.92355
248.195,-1.92372
248.243,-1.92389
248.294,-1.92406
248.346,-1.92424
248.395,-1.92442
248.443,-1.9246
248.498,-1.92478
248.546,-1.92496
248.595,-1.92515
248.645,-1.92534
248.696,-1.92552
248.746,-1.92571
248.791,-1.92589
248.843,-1.92607
248.894,-1.92625
248.944,-1.92643
248.995,-1.92661
249.043,-1.92678
249.092,-1.92694
249.144,-1.9271
249.196,-1.92726
249.247,-1.92741
249.295,-1.92757
249.343,-1.92772
249.392,-1.92787
249.444,-1.92804
249.493,-1.92822
249.545,-1.92842
249.594,-1.92863
249.643,-1.92886
249.695,-1.9291
249.744,-1.92935
249.795,-1.92961
249.843,-1.92987
249.893,-1.93012
249.943,-1.93037
249.993,-1.9306
250.044,-1.93081
250.092,-1.931
250.143,-1.93117
250.192,-1.93133
250.242,-1.93147
250.293,-1.93161
250.343,-1.93174
250.392,-1.93187
250.44,-1.93201
250.493,-1.93215
250.541,-1.9323
250.594,-1.93246
250.644,-1.93264
250.691,-1.93284
250.741,-1.93305
250.791,-1.93328
250.843,-1.9335
250.893,-1.93373
250.941,-1.93396
250.99,-1.93418
251.041,-1.9344
251.094,-1.93461
251.141,-1.93482
251.191,-1.93503
251.243,-1.93523
251.289,-1.93544
251.344,-1.93564
251.39,-1.93584
251.44,-1.93604
251.489,-1.93623
251.54,-1.93642
251.592,-1.93661
251.643,-1.93679
251.691,-1.93697
251.739,-1.93716
251.791,-1.93734
251.839,-1.93754
251.89,-1.93773
251.94,-1.93794
251.993,-1.93814
252.041,-1.93835
252.093,-1.93855
252.143,-1.93874
252.19,-1.93893
252.241,-1.93912
252.29,-1.93929
252.339,-1.93946
252.392,-1.93963
252.444,-1.93979
252.495,-1.93996
252.54,-1.94012
252.588,-1.94029
252.64,-1.94045
252.691,-1.94062
252.741,-1.9408
252.789,-1.94098
252.843,-1.94117
252.89,-1.94136
252.94,-1.94157
252.991,-1.94178
253.039,-1.94199
253.088,-1.94221
253.141,-1.94243
253.187,-1.94266
253.241,-1.94288
253.289,-1.94312
253.341,-1.94335
253.388,-1.94359
253.439,-1.94383
253.491,-1.94407
253.54,-1.9443
253.592,-1.94453
253.643,-1.94475
253.689,-1.94497
253.741,-1.94519
253.79,-1.94539
253.84,-1.94559
253.886,-1.94578
253.938,-1.94597
253.988,-1.94616
254.042,-1.94635
254.088,-1.94654
254.14,-1.94675
254.19,-1.94697
254.238,-1.9472
254.291,-1.94744
254.339,-1.94768
254.391,-1.94792
254.437,-1.94816
254.489,-1.94838
254.538,-1.94859
254.592,-1.94879
254.639,-1.94898
254.687,-1.94916
254.737,-1.94933
254.79,-1.9495
254.839,-1.94966
254.89,-1.94981
254.939,-1.94997
254.985,-1.95013
255.037,-1.9503
255.088,-1.95048
255.136,-1.95067
255.185,-1.95087
255.237,-1.95109
255.288,-1.95132
255.34,-1.95155
255.389,-1.95179
255.44,-1.95202
255.487,-1.95225
255.537,-1.95247
255.585,-1.95268
255.638,-1.95288
255.688,-1.95308
255.735,-1.95327
255.786,-1.95346
255.839,-1.95364
255.886,-1.95382
255.937,-1.95399
255.988,-1.95417
256.04,-1.95434
256.087,-1.95452
256.137,-1.95469
256.189,-1.95487
256.238,-1.95504
256.287,-1.95521
256.335,-1.95537
256.385,-1.95553
256.433,-1.95569
256.487,-1.95584
256.536,-1.95598
256.586,-1.95613
256.635,-1.95628
256.684,-1.95642
256.736,-1.95657
256.786,-1.95672
256.836,-1.95687
256.887,-1.95702
256.938,-1.95717
256.987,-1.95734
257.033,-1.95751
257.086,-1.9577
257.134,-1.95791
257.186,-1.95813
257.236,-1.95836
257.286,-1.9586
257.335,-1.95883
257.383,-1.95907
257.433,-1.9593
257.485,-1.95953
257.535,-1.95975
257.584,-1.95997
257.634,-1.96019
257.683,-1.9604
257.732,-1.9606
257.786,-1.96081
257.836,-1.96101
257.885,-1.9612
257.934,-1.96139
257.982,-1.96159
258.036,-1.96178
258.084,-1.96198
258.136,-1.96219
258.183,-1.96239
258.233,-1.9626
258.286,-1.9628
258.335,-1.963
258.385,-1.9632
258.434,-1.9634
258.484,-1.96359
258.533,-1.96377
258.58,-1.96395
258.634,-1.96411
258.684,-1.96427
258.735,-1.96441
258.784,-1.96456
258.836,-1.9647
258.883,-1.96485
258.935,-1.965
258.984,-1.96516
259.032,-1.96533
259.081,-1.96551
259.133,-1.9657
259.186,-1.9659
259.233,-1.9661
259.285,-1.96632
259.333,-1.96654
259.383,-1.96676
259.436,-1.96699
259.484,-1.96722
259.533,-1.96744
259.585,-1.96765
259.63,-1.96786
259.684,-1.96806
259.73,-1.96826
259.78,-1.96845
259.833,-1.96865
259.882,-1.96885
259.933,-1.96905
259.982,-1.96925
260.032,-1.96944
260.082,-1.96963
260.131,-1.96981
260.183,-1.96998
260.234,-1.97014
260.283,-1.97031
260.335,-1.97048
260.382,-1.97065
260.43,-1.97084
260.483,-1.97104
260.536,-1.97125
260.582,-1.97147
260.634,-1.97169
260.683,-1.97191
260.734,-1.97213
260.78,-1.97235
260.833,-1.97256
260.884,-1.97278
260.933,-1.97299
260.983,-1.9732
261.032,-1.97341
261.081,-1.97361
261.131,-1.97381
261.181,-1.97401
261.229,-1.9742
261.281,-1.9744
261.333,-1.9746
261.383,-1.97481
261.432,-1.97502
261.479,-1.97523
261.527,-1.97545
261.582,-1.97566
261.633,-1.97587
261.683,-1.97607
261.73,-1.97628
261.781,-1.97649
261.83,-1.9767
261.884,-1.97691
261.931,-1.97713
261.981,-1.97734
262.033,-1.97756
262.081,-1.97777
262.133,-1.97798
262.18,-1.97819
262.229,-1.97839
262.278,-1.97859
262.331,-1.9788
262.381,-1.97901
262.431,-1.97923
262.481,-1.97945
262.53,-1.97968
262.581,-1.9799
262.63,-1.98013
262.68,-1.98034
262.732,-1.98056
262.779,-1.98077
262.829,-1.98098
262.88,-1.98118
262.929,-1.98138
262.98,-1.98158
263.03,-1.98176
263.079,-1.98192
263.131,-1.98208
263.179,-1.98222
263.232,-1.98235
263.284,-1.98248
263.326,-1.98261
263.38,-1.98277
263.43,-1.98299
263.478,-1.98328
263.531,-1.9835
263.58,-1.9837
263.629,-1.98391
263.676,-1.98409
263.731,-1.98425
263.782,-1.98448
263.829,-1.98476
263.878,-1.98505
263.928,-1.98533
263.979,-1.98552
264.03,-1.9856
264.078,-1.98579
264.13,-1.98605
264.177,-1.98633
264.229,-1.98659
264.281,-1.98679
264.327,-1.98694
264.379,-1.98708
264.427,-1.98722
264.478,-1.98737
264.53,-1.98753
264.58,-1.98772
264.632,-1.98792
264.678,-1.98813
264.726,-1.98836
264.778,-1.98859
264.827,-1.98884
264.881,-1.98909
264.928,-1.98934
264.975,-1.98958
265.026,-1.98983
265.079,-1.99006
265.128,-1.99028
265.178,-1.99049
265.225,-1.99068
265.278,-1.99086
265.324,-1.99101
265.374,-1.99115
265.428,-1.99127
265.477,-1.99138
265.529,-1.99148
265.577,-1.99158
265.628,-1.99168
265.678,-1.9918
265.728,-1.99193
265.778,-1.99209
265.825,-1.99226
265.877,-1.99245
265.926,-1.99266
265.977,-1.99289
266.027,-1.99313
266.073,-1.99338
266.124,-1.99363
266.177,-1.99387
266.23,-1.99412
266.278,-1.99437
266.327,-1.99461
266.376,-1.99484
266.426,-1.99507
266.477,-1.9953
266.528,-1.99552
266.577,-1.99574
266.625,-1.99595
266.673,-1.99615
266.726,-1.99635
266.777,-1.99653
266.825,-1.99669
266.874,-1.99685
266.928,-1.99701
266.976,-1.99715
267.027,-1.9973
267.074,-1.99745
267.125,-1.99761
267.174,-1.99778
267.224,-1.99795
267.277,-1.99813
267.327,-1.9983
267.376,-1.99848
267.427,-1.99866
267.474,-1.99884
267.524,-1.99902
267.576,-1.99921
267.623,-1.99939
267.674,-1.99958
267.724,-1.99977
267.778,-1.99995
267.822,-2.00014
267.875,-2.00032
267.924,-2.0005
267.973,-2.00069
268.024,-2.00088
268.074,-2.00108
268.126,-2.0013
268.176,-2.00153
268.224,-2.00177
268.274,-2.00203
268.326,-2.00229
268.373,-2.00255
268.424,-2.0028
268.476,-2.00305
268.527,-2.00328
268.575,-2.00349
268.626,-2.00368
268.679,-2.00386
268.726,-2.00403
268.771,-2.00418
268.826,-2.00433
268.875,-2.00448
268.924,-2.00463
268.976,-2.00478
269.021,-2.00494
269.076,-2.00511
269.123,-2.00529
269.178,-2.00548
269.228,-2.00569
269.274,-2.0059
269.324,-2.00613
269.376,-2.00635
269.424,-2.00657
269.475,-2.00679
269.53,-2.00701
269.573,-2.00722
269.622,-2.00743
269.674,-2.00764
269.723,-2.00784
269.775,-2.00803
269.821,-2.00823
269.876,-2.00843
269.922,-2.00863
269.974,-2.00883
270.025,-2.00905
270.073,-2.00926
270.124,-2.00947
270.172,-2.00969
270.219,-2.0099
270.273,-2.01013
270.323,-2.01036
270.37,-2.01059
270.42,-2.01083
270.471,-2.01107
270.521,-2.01131
270.574,-2.01156
270.617,-2.0118
270.67,-2.01202
270.722,-2.01224
270.77,-2.01245
270.825,-2.01264
270.872,-2.01282
270.925,-2.01298
270.971,-2.01314
271.021,-2.0133
271.072,-2.01345
271.121,-2.01361
271.172,-2.01376
271.218,-2.01391
271.271,-2.01406
271.323,-2.01421
271.373,-2.01436
271.421,-2.01452
271.473,-2.01468
271.525,-2.01485
271.573,-2.01502
271.624,-2.01521
271.673,-2.01542
271.719,-2.01564
271.769,-2.01588
271.822,-2.01614
271.876,-2.01641
271.923,-2.01668
271.97,-2.01696
272.022,-2.01724
272.071,-2.01751
272.122,-2.01777
272.171,-2.01802
272.22,-2.01825
272.268,-2.01847
272.319,-2.01868
272.37,-2.01888
272.423,-2.01908
272.471,-2.01927
272.52,-2.01946
272.569,-2.01965
272.618,-2.01984
272.673,-2.02003
272.719,-2.02023
272.767,-2.02044
272.819,-2.02065
272.87,-2.02087
272.922,-2.02109
272.968,-2.02132
273.019,-2.02155
273.067,-2.02177
273.12,-2.02198
273.169,-2.02219
273.219,-2.02238
273.27,-2.02256
273.318,-2.02273
273.367,-2.0229
273.418,-2.02306
273.467,-2.02321
273.518,-2.02337
273.569,-2.02352
273.621,-2.02367
273.67,-2.02382
273.722,-2.02399
273.767,-2.02415
273.819,-2.02432
273.868,-2.0245
273.919,-2.02468
273.973,-2.02486
274.019,-2.02505
274.071,-2.02524
274.122,-2.02543
274.168,-2.02561
274.217,-2.02579
274.268,-2.02598
274.32,-2.02616
274.369,-2.02635
274.418,-2.02653
274.467,-2.02672
274.516,-2.02691
274.569,-2.0271
274.615,-2.0273
274.668,-2.02751
274.716,-2.02772
274.766,-2.02792
274.818,-2.02813
274.868,-2.02833
274.92,-2.02853
274.965,-2.02874
275.017,-2.02894
275.065,-2.02915
275.119,-2.02936
275.168,-2.02958
275.215,-2.02979
275.267,-2.02999
275.316,-2.0302
275.366,-2.0304
275.416,-2.03059
275.468,-2.03077
275.517,-2.03095
275.565,-2.03112
275.617,-2.03129
275.669,-2.03145
275.716,-2.03162
275.766,-2.03178
275.818,-2.03195
275.869,-2.03213
275.917,-2.03232
275.968,-2.03252
276.016,-2.03274
276.066,-2.03297
276.119,-2.03322
276.168,-2.03348
276.217,-2.03375
276.268,-2.03403
276.313,-2.03431
276.364,-2.03459
276.415,-2.03487
276.465,-2.03514
276.515,-2.0354
276.567,-2.03563
276.614,-2.03585
276.668,-2.03605
276.717,-2.03623
276.767,-2.03638
276.817,-2.03652
276.864,-2.03664
276.917,-2.03675
276.965,-2.03687
277.015,-2.037
277.065,-2.03714
277.115,-2.0373
277.167,-2.03748
277.216,-2.03768
277.267,-2.03789
277.313,-2.03812
277.367,-2.03835
277.412,-2.03858
277.464,-2.03881
277.514,-2.03904
277.566,-2.03927
277.618,-2.03948
277.663,-2.0397
277.715,-2.0399
277.765,-2.0401
277.817,-2.04029
277.868,-2.04048
277.914,-2.04067
277.966,-2.04085
278.011,-2.04104
278.064,-2.04122
278.116,-2.04142
278.163,-2.04162
278.213,-2.04183
278.262,-2.04204
278.313,-2.04226
278.364,-2.04248
278.413,-2.0427
278.462,-2.04293
278.514,-2.04316
278.565,-2.0434
278.613,-2.04363
278.667,-2.04386
278.714,-2.04409
278.763,-2.04432
278.816,-2.04454
278.864,-2.04476
278.913,-2.04498
278.965,-2.04518
279.012,-2.04537
279.062,-2.04555
279.113,-2.04573
279.163,-2.04591
279.212,-2.04609
279.265,-2.04629
279.312,-2.04649
279.363,-2.04669
279.412,-2.04691
279.464,-2.04713
279.511,-2.04734
279.563,-2.04756
279.61,-2.04778
279.663,-2.04799
279.717,-2.0482
279.763,-2.04841
279.813,-2.04862
279.862,-2.04883
279.913,-2.04904
279.964,-2.04924
280.012,-2.04945
280.06,-2.04965
280.111,-2.04985
280.159,-2.05006
280.209,-2.05026
280.264,-2.05046
280.312,-2.05066
280.361,-2.05087
280.413,-2.05108
280.461,-2.0513
280.513,-2.05152
280.562,-2.05175
280.609,-2.05199
280.664,-2.05223
280.711,-2.05248
280.765,-2.05273
280.813,-2.05298
280.865,-2.05322
280.913,-2.05345
280.962,-2.05367
281.014,-2.05387
281.062,-2.05406
281.111,-2.05424
281.162,-2.0544
281.214,-2.05455
281.262,-2.05469
281.31,-2.05482
281.363,-2.05496
281.41,-2.05509
281.464,-2.05524
281.508,-2.0554
281.561,-2.05557
281.613,-2.05575
281.66,-2.05595
281.709,-2.05616
281.761,-2.05639
281.81,-2.05662
281.861,-2.05687
281.91,-2.05711
281.965,-2.05734
282.011,-2.05757
282.062,-2.05778
282.11,-2.05799
282.163,-2.05818
282.211,-2.05837
282.261,-2.05854
282.312,-2.05872
282.36,-2.05889
282.411,-2.05906
282.461,-2.05923
282.511,-2.0594
282.562,-2.05958
282.61,-2.05977
282.661,-2.05996
282.711,-2.06016
282.759,-2.06037
282.809,-2.06058
282.859,-2.0608
282.91,-2.06103
282.961,-2.06125
283.011,-2.06147
283.059,-2.06168
283.109,-2.06188
283.158,-2.06207
283.211,-2.06226
283.26,-2.06243
283.309,-2.06261
283.361,-2.06279
283.409,-2.06298
283.458,-2.06318
283.506,-2.06338
283.558,-2.06359
283.608,-2.06381
283.658,-2.06403
283.709,-2.06426
283.756,-2.0645
283.814,-2.06473
283.857,-2.06497
283.911,-2.06521
283.959,-2.06545
284.008,-2.06569
284.059,-2.06592
284.109,-2.06614
284.157,-2.06635
284.209,-2.06655
284.259,-2.06674
284.308,-2.06693
284.358,-2.06712
284.406,-2.0673
284.46,-2.06749
284.51,-2.06768
284.56,-2.06787
284.61,-2.06807
284.659,-2.06826
284.708,-2.06846
284.758,-2.06866
284.805,-2.06886
284.862,-2.06906
284.91,-2.06926
284.957,-2.06946
285.009,-2.06967
285.058,-2.06988
285.108,-2.07009
285.159,-2.07032
285.208,-2.07054
285.259,-2.07078
285.308,-2.07101
285.357,-2.07125
285.406,-2.0715
285.459,-2.07174
285.507,-2.07199
285.557,-2.07223
285.608,-2.07246
285.657,-2.07269
285.707,-2.0729
285.757,-2.0731
285.807,-2.07329
285.855,-2.07346
285.908,-2.07362
285.957,-2.07378
286.005,-2.07393
286.059,-2.07409
286.103,-2.07425
286.156,-2.07442
286.207,-2.0746
286.257,-2.0748
286.307,-2.07501
286.355,-2.07524
286.408,-2.07548
286.454,-2.07572
286.509,-2.07597
286.554,-2.07623
286.605,-2.07647
286.655,-2.07671
286.706,-2.07695
286.757,-2.07717
286.803,-2.07739
286.855,-2.0776
286.901,-2.07781
286.958,-2.07801
287.006,-2.0782
287.056,-2.07839
287.105,-2.07858
287.156,-2.07877
287.204,-2.07897
287.257,-2.07918
287.307,-2.07939
287.354,-2.07961
287.403,-2.07983
287.454,-2.08006
287.507,-2.08029
287.556,-2.08053
287.603,-2.08078
287.657,-2.08102
287.706,-2.08127
287.754,-2.08153
287.807,-2.08178
287.855,-2.08203
287.906,-2.08227
287.954,-2.08252
288.002,-2.08277
288.056,-2.08302
288.105,-2.08327
288.154,-2.08352
288.203,-2.08376
288.256,-2.08399
288.306,-2.08422
288.355,-2.08444
288.409,-2.08465
288.453,-2.08486
288.503,-2.08506
288.553,-2.08526
288.605,-2.08546
288.655,-2.08565
288.703,-2.08585
288.752,-2.08604
288.804,-2.08624
288.854,-2.08645
288.903,-2.08666
288.955,-2.08688
289.005,-2.0871
289.053,-2.08732
289.102,-2.08754
289.154,-2.08776
289.203,-2.08796
289.254,-2.08816
289.304,-2.08835
289.354,-2.08853
289.403,-2.0887
289.453,-2.08886
289.505,-2.08903
289.551,-2.08919
289.602,-2.08935
289.654,-2.08952
289.702,-2.0897
289.752,-2.08989
289.805,-2.09009
289.852,-2.0903
289.905,-2.09051
289.952,-2.09072
290.004,-2.09094
290.051,-2.09116
290.107,-2.09137
290.152,-2.09157
290.203,-2.09177
290.254,-2.09195
290.302,-2.09213
290.356,-2.09229
290.4,-2.09244
290.452,-2.09259
290.505,-2.09274
290.554,-2.09288
290.604,-2.09304
290.651,-2.0932
290.702,-2.09338
290.749,-2.09357
290.8,-2.09378
290.851,-2.09401
290.901,-2.09425
290.951,-2.09451
290.999,-2.09476
291.052,-2.09502
291.103,-2.09528
291.152,-2.09553
291.201,-2.09577
291.251,-2.096
291.303,-2.09622
291.35,-2.09643
291.402,-2.09662
291.452,-2.09681
291.498,-2.09701
291.55,-2.0972
291.602,-2.09741
291.653,-2.09763
291.701,-2.09786
291.75,-2.0981
291.799,-2.09836
291.854,-2.09862
291.901,-2.09889
291.95,-2.09917
292.0,-2.09944
292.052,-2.09971
292.101,-2.09996
292.151,-2.1002
292.202,-2.10041
292.252,-2.10061
292.3,-2.10079
292.351,-2.10095
292.399,-2.1011
292.45,-2.10125
292.502,-2.10138
292.551,-2.10151
292.601,-2.10164
292.651,-2.10177
292.699,-2.10191
292.751,-2.10205
292.799,-2.1022
292.851,-2.10236
292.899,-2.10253
292.951,-2.1027
292.997,-2.10287
293.052,-2.10306
293.1,-2.10324
293.149,-2.10343
293.199,-2.10363
293.25,-2.10382
293.301,-2.10402
293.347,-2.10422
293.4,-2.10441
293.449,-2.1046
293.503,-2.10479
293.55,-2.10498
293.599,-2.10516
293.65,-2.10535
293.698,-2.10555
293.75,-2.10575
293.802,-2.10595
293.85,-2.10616
293.9,-2.10637
293.948,-2.10658
293.999,-2.10681
294.048,-2.10704
294.101,-2.10729
294.147,-2.10755
294.198,-2.10782
294.252,-2.1081
294.296,-2.10837
294.347,-2.10864
294.4,-2.1089
294.447,-2.10915
294.498,-2.10939
294.548,-2.10962
294.601,-2.10983
294.646,-2.11003
294.7,-2.11023
294.75,-2.11041
294.795,-2.11059
294.848,-2.11076
294.898,-2.11094
294.947,-2.11112
294.994,-2.1113
295.048,-2.11149
295.097,-2.11169
295.148,-2.1119
295.194,-2.11213
295.247,-2.11236
295.297,-2.1126
295.348,-2.11284
295.399,-2.11308
295.447,-2.11332
295.498,-2.11355
295.549,-2.11378
295.597,-2.11401
295.648,-2.11423
295.696,-2.11445
295.748,-2.11466
295.798,-2.11486
295.848,-2.11506
295.897,-2.11526
295.945,-2.11547
295.999,-2.11568
296.045,-2.11589
296.094,-2.1161
296.144,-2.11631
296.197,-2.11651
296.246,-2.11673
296.294,-2.11694
296.345,-2.11716
296.394,-2.11737
296.445,-2.11757
296.496,-2.11776
296.545,-2.11795
296.596,-2.11813
296.647,-2.11831
296.698,-2.11848
296.746,-2.11865
296.796,-2.11881
296.848,-2.11897
296.896,-2.11912
296.945,-2.11928
296.996,-2.11944
297.047,-2.11962
297.093,-2.11981
297.148,-2.12002
297.196,-2.12024
297.243,-2.12049
297.298,-2.12074
297.344,-2.12101
297.398,-2.12127
297.446,-2.12154
297.496,-2.12182
297.547,-2.12208
297.596,-2.12234
297.645,-2.12258
297.697,-2.12282
297.747,-2.12304
297.796,-2.12326
297.845,-2.12346
297.898,-2.12367
297.946,-2.12387
297.994,-2.12408
298.043,-2.12429
298.095,-2.1245
298.144,-2.12471
298.198,-2.12492
298.246,-2.12514
298.295,-2.12535
298.348,-2.12557
298.397,-2.12579
298.445,-2.12601
298.498,-2.12624
298.546,-2.12646
298.592,-2.12668
298.643,-2.1269
298.693,-2.12711
298.744,-2.12732
298.795,-2.12753
298.841,-2.12773
298.892,-2.12793
298.946,-2.12812
298.996,-2.12831
299.046,-2.12849
299.092,-2.12866
299.144,-2.12882
299.192,-2.12898
299.245,-2.12914
299.293,-2.12932
299.345,-2.1295
299.395,-2.1297
299.441,-2.1299
299.494,-2.13012
299.543,-2.13035
299.592,-2.13059
299.643,-2.13084
299.694,-2.1311
299.744,-2.13138
299.792,-2.13166
299.842,-2.13194
299.892,-2.13223
299.944,-2.1325
299.992,-2.13277
300.043,-2.13303
300.095,-2.13327
300.142,-2.1335
300.192,-2.13372
300.242,-2.13392
300.295,-2.13412
300.342,-2.13432
300.391,-2.13452
300.442,-2.13472
300.49,-2.13492
300.543,-2.13513
300.594,-2.13535
300.64,-2.13557
300.691,-2.13579
300.739,-2.13601
300.793,-2.13623
300.842,-2.13645
300.892,-2.13667
300.942,-2.1369
300.991,-2.13713
301.041,-2.13736
301.092,-2.13759
301.144,-2.13782
301.191,-2.13805
301.244,-2.13829
301.29,-2.13853
301.341,-2.13877
301.392,-2.13901
301.441,-2.13926
301.493,-2.1395
301.539,-2.13974
301.592,-2.13998
301.641,-2.14021
301.693,-2.14044
301.743,-2.14067
301.791,-2.1409
301.842,-2.14113
301.89,-2.14136
301.941,-2.14159
301.993,-2.14182
302.039,-2.14204
302.092,-2.14226
302.139,-2.14248
302.192,-2.14269
302.242,-2.14291
302.293,-2.14311
302.342,-2.14332
302.39,-2.14353
302.443,-2.14373
302.49,-2.14394
302.54,-2.14415
302.591,-2.14436
302.637,-2.14458
302.691,-2.1448
302.743,-2.14502
302.793,-2.14524
302.841,-2.14547
302.891,-2.14569
302.939,-2.14592
302.99,-2.14615
303.041,-2.14637
303.088,-2.1466
303.142,-2.14682
303.19,-2.14704
303.239,-2.14726
303.29,-2.14747
303.342,-2.14767
303.389,-2.14787
303.438,-2.14805
303.488,-2.14824
303.54,-2.14843
303.59,-2.14862
303.642,-2.14882
303.685,-2.14902
303.739,-2.14923
303.787,-2.14944
303.843,-2.14965
303.888,-2.14987
303.94,-2.15008
303.989,-2.15029
304.039,-2.1505
304.092,-2.15071
304.14,-2.15093
304.191,-2.15116
304.24,-2.1514
304.292,-2.15164
304.339,-2.15189
304.386,-2.15214
304.44,-2.15239
304.488,-2.15264
304.539,-2.15287
304.589,-2.15309
304.641,-2.1533
304.687,-2.15347
304.74,-2.15363
304.791,-2.15378
304.84,-2.15391
304.889,-2.15403
304.94,-2.15416
304.989,-2.1543
305.039,-2.15445
305.087,-2.15462
305.141,-2.15481
305.19,-2.155
305.239,-2.1552
305.288,-2.15541
305.338,-2.15562
305.388,-2.15583
305.436,-2.15604
305.489,-2.15624
305.538,-2.15644
305.589,-2.15664
305.637,-2.15684
305.689,-2.15706
305.74,-2.15729
305.788,-2.15752
305.839,-2.15775
305.886,-2.15799
305.936,-2.15822
305.986,-2.15844
306.039,-2.15865
306.086,-2.15885
306.139,-2.15904
306.187,-2.15923
306.238,-2.15941
306.289,-2.15958
306.339,-2.15975
306.386,-2.15992
306.438,-2.16008
306.487,-2.16025
306.539,-2.16042
306.584,-2.16059
306.636,-2.16077
306.686,-2.16095
306.738,-2.16114
306.79,-2.16133
306.838,-2.16152
306.89,-2.16171
306.938,-2.16191
306.987,-2.1621
307.039,-2.1623
307.088,-2.16251
307.137,-2.16272
307.187,-2.16293
307.24,-2.16315
307.289,-2.16337
307.338,-2.16359
307.387,-2.16381
307.435,-2.16403
307.485,-2.16424
307.534,-2.16446
307.59,-2.16468
307.638,-2.1649
307.688,-2.16511
307.737,-2.16531
307.787,-2.16551
307.836,-2.16571
307.887,-2.16591
307.937,-2.16611
307.987,-2.16632
308.035,-2.16654
308.088,-2.16677
308.134,-2.16702
308.188,-2.16727
308.238,-2.16753
308.285,-2.16779
308.335,-2.16805
308.387,-2.1683
308.438,-2.16855
308.488,-2.16878
308.533,-2.16901
308.584,-2.16922
308.635,-2.16942
308.685,-2.16962
308.736,-2.16981
308.787,-2.17
308.835,-2.1702
308.885,-2.1704
308.934,-2.17061
308.984,-2.17084
309.035,-2.17106
309.085,-2.1713
309.133,-2.17153
309.182,-2.17175
309.236,-2.17197
309.285,-2.17217
309.334,-2.17237
309.383,-2.17256
309.435,-2.17275
309.487,-2.17294
309.532,-2.17314
309.581,-2.17335
309.634,-2.17357
309.686,-2.1738
309.734,-2.17404
309.785,-2.17428
309.835,-2.17453
309.884,-2.17478
309.934,-2.17501
309.985,-2.17524
310.036,-2.17546
310.086,-2.17567
310.133,-2.17587
310.184,-2.17607
310.234,-2.17628
310.283,-2.17648
310.335,-2.17669
310.385,-2.17691
310.433,-2.17713
310.481,-2.17736
310.536,-2.17759
310.583,-2.17782
310.635,-2.17804
310.683,-2.17825
310.734,-2.17846
310.783,-2.17865
310.835,-2.17884
310.887,-2.17904
310.935,-2.17923
310.986,-2.17943
311.032,-2.17964
311.082,-2.17985
311.135,-2.18006
311.183,-2.18029
311.234,-2.18052
311.285,-2.18075
311.336,-2.18099
311.382,-2.18124
311.436,-2.1815
311.482,-2.18177
311.529,-2.18204
311.582,-2.18232
311.633,-2.18261
311.683,-2.1829
311.734,-2.18319
311.781,-2.18349
311.832,-2.18378
311.882,-2.18407
311.933,-2.18435
311.983,-2.18461
312.03,-2.18486
312.082,-2.18511
312.132,-2.18534
312.185,-2.18557
312.231,-2.18579
312.285,-2.186
312.333,-2.1862
312.384,-2.1864
312.431,-2.1866
312.484,-2.1868
312.531,-2.187
312.582,-2.18721
312.631,-2.18743
312.681,-2.18766
312.731,-2.1879
312.782,-2.18814
312.832,-2.1884
312.881,-2.18865
312.93,-2.18889
312.982,-2.18913
313.031,-2.18935
313.082,-2.18957
313.132,-2.18978
313.18,-2.19
313.232,-2.19022
313.28,-2.19045
313.331,-2.19069
313.38,-2.19093
313.432,-2.19119
313.484,-2.19146
313.531,-2.19173
313.582,-2.19201
313.632,-2.19228
313.684,-2.19256
313.73,-2.19282
313.781,-2.19307
313.831,-2.1933
313.88,-2.19352
313.93,-2.19372
313.979,-2.19391
314.03,-2.19408
314.08,-2.19425
314.131,-2.19441
314.182,-2.19457
314.23,-2.19475
314.282,-2.19493
314.33,-2.19512
314.381,-2.19532
314.432,-2.19553
314.481,-2.19576
314.528,-2.196
314.58,-2.19624
314.63,-2.19649
314.678,-2.19674
314.729,-2.197
314.779,-2.19726
314.829,-2.19751
314.88,-2.19777
314.928,-2.19803
314.98,-2.19829
315.028,-2.19856
315.08,-2.19883
315.127,-2.1991
315.178,-2.19938
315.23,-2.19966
315.278,-2.19994
315.328,-2.20022
315.38,-2.2005
315.431,-2.20077
315.481,-2.20104
315.529,-2.20131
315.579,-2.20157
315.629,-2.20182
315.679,-2.20208
315.727,-2.20233
315.779,-2.20259
315.827,-2.20285
315.878,-2.20311
315.93,-2.20338
315.98,-2.20366
316.031,-2.20393
316.078,-2.2042
316.125,-2.20446
316.177,-2.20471
316.227,-2.20495
316.277,-2.20518
316.329,-2.20538
316.38,-2.20557
316.425,-2.20575
316.477,-2.20591
316.528,-2.20606
316.577,-2.2062
316.625,-2.20634
316.676,-2.20647
316.727,-2.2066
316.78,-2.20674
316.827,-2.20689
316.878,-2.20705
316.927,-2.20722
316.979,-2.20741
317.026,-2.2076
317.077,-2.20781
317.127,-2.20802
317.176,-2.20824
317.226,-2.20847
317.278,-2.20869
317.327,-2.20892
317.375,-2.20914
317.428,-2.20936
317.474,-2.20956
317.525,-2.20976
317.576,-2.20994
317.627,-2.21012
317.676,-2.21029
317.726,-2.21045
317.777,-2.2106
317.827,-2.21075
317.878,-2.21089
317.928,-2.21104
317.976,-2.21119
318.026,-2.21135
318.074,-2.21151
318.128,-2.21167
318.177,-2.21183
318.228,-2.212
318.274,-2.21216
318.324,-2.21232
318.378,-2.21247
318.424,-2.21263
318.477,-2.21278
318.525,-2.21294
318.577,-2.21309
318.629,-2.21326
318.674,-2.21343
318.728,-2.21361
318.774,-2.21381
318.824,-2.21401
318.877,-2.21423
318.927,-2.21445
318.976,-2.21467
319.024,-2.2149
319.077,-2.21512
319.121,-2.21533
319.176,-2.21553
319.228,-2.21571
319.277,-2.21586
319.327,-2.21599
319.373,-2.2161
319.429,-2.2162
319.476,-2.21627
319.525,-2.21634
319.577,-2.21641
319.624,-2.21648
319.674,-2.21656
319.725,-2.21666
319.776,-2.21677
319.825,-2.2169
319.874,-2.21705
319.923,-2.2172
319.975,-2.21736
320.022,-2.21751
320.074,-2.21765
320.126,-2.21777
320.172,-2.21787
320.225,-2.21795
320.274,-2.21801
320.323,-2.21806
320.372,-2.2181
320.425,-2.21812
320.474,-2.21813
320.524,-2.21815
320.576,-2.21816
320.623,-2.21817
320.671,-2.21819
320.722,-2.21822
320.772,-2.21824
320.824,-2.21828
320.875,-2.21832
320.924,-2.21836
320.973,-2.21841
321.022,-2.21847
321.074,-2.21854
321.125,-2.21862
321.174,-2.21871
321.222,-2.21881
321.272,-2.21891
321.327,-2.21902
321.374,-2.21913
321.421,-2.21924
321.474,-2.21935
321.522,-2.21946
321.575,-2.21956
321.623,-2.21967
321.676,-2.21977
321.724,-2.21986
321.775,-2.21994
321.823,-2.22001
321.872,-2.22008
321.924,-2.22014
321.971,-2.2202
322.021,-2.22027
322.072,-2.22033
322.123,-2.22039
322.172,-2.22046
322.221,-2.22052
322.273,-2.22059
322.322,-2.22065
322.373,-2.22073
322.423,-2.22081
322.474,-2.22089
322.521,-2.22098
322.571,-2.22108
322.622,-2.22117
322.67,-2.22127
322.724,-2.22138
322.772,-2.2215
322.823,-2.22161
322.872,-2.22172
322.922,-2.22183
322.973,-2.22193
323.021,-2.22202
323.072,-2.2221
323.12,-2.22218
323.169,-2.22224
323.223,-2.22231
323.273,-2.22237
323.322,-2.22243
323.372,-2.22249
323.422,-2.22255
323.469,-2.22262
323.523,-2.22268
323.572,-2.22275
323.619,-2.22282
323.671,-2.2229
323.722,-2.22297
323.772,-2.22304
323.82,-2.2231
323.87,-2.22317
323.92,-2.22323
323.969,-2.22328
324.023,-2.22334
324.073,-2.22339
324.121,-2.22346
324.173,-2.22353
324.222,-2.22362
324.272,-2.22374
324.321,-2.22387
324.371,-2.22402
324.42,-2.22419
324.471,-2.22436
324.517,-2.22453
324.57,-2.22469
324.619,-2.22483
324.672,-2.22495
324.722,-2.22505
324.768,-2.22514
324.823,-2.22522
324.87,-2.2253
324.921,-2.22537
324.969,-2.22545
325.019,-2.22554
325.069,-2.22563
325.123,-2.22575
325.17,-2.22588
325.221,-2.22602
325.268,-2.22618
325.323,-2.22635
325.371,-2.22653
325.422,-2.22672
325.469,-2.2269
325.519,-2.22708
325.569,-2.22726
325.619,-2.22742
325.671,-2.22757
325.72,-2.22771
325.772,-2.22784
325.821,-2.22796
325.87,-2.22808
325.921,-2.22818
325.97,-2.22829
326.021,-2.2284
326.065,-2.22851
326.12,-2.22862
326.171,-2.22875
326.221,-2.22889
326.27,-2.22904
326.32,-2.2292
326.369,-2.22936
326.419,-2.22952
326.469,-2.22968
326.521,-2.22983
326.569,-2.22997
326.617,-2.23009
326.668,-2.23021
326.717,-2.23031
326.768,-2.23041
326.818,-2.23049
326.868,-2.23057
326.917,-2.23065
326.97,-2.23073
327.017,-2.23081
327.07,-2.23091
327.119,-2.23103
327.169,-2.23117
327.219,-2.23134
327.268,-2.23151
327.319,-2.2317
327.367,-2.23189
327.419,-2.23208
327.466,-2.23227
327.517,-2.23245
327.567,-2.23263
327.62,-2.23279
327.67,-2.23293
327.717,-2.23306
327.769,-2.23317
327.821,-2.23328
327.87,-2.23338
327.918,-2.23348
327.966,-2.2336
328.016,-2.23373
328.067,-2.23387
328.121,-2.23403
328.166,-2.2342
328.218,-2.23437
328.265,-2.23454
328.317,-2.23471
328.368,-2.23488
328.417,-2.23503
328.467,-2.23517
328.517,-2.2353
328.565,-2.23541
328.616,-2.23551
328.667,-2.23561
328.719,-2.2357
328.768,-2.23579
328.818,-2.23589
328.864,-2.236
328.918,-2.23612
328.965,-2.23627
329.016,-2.23644
329.064,-2.23663
329.117,-2.23683
329.165,-2.23706
329.217,-2.23728
329.263,-2.23746
329.316,-2.23753
329.367,-2.23758
329.417,-2.23762
329.463,-2.23742
329.514,-2.23711
329.565,-2.23739
329.615,-2.23766
329.668,-2.23802
329.715,-2.23877
329.77,-2.23986
329.816,-2.24058
329.864,-2.24108
329.915,-2.24126
329.964,-2.24096
330.013,-2.24061
330.063,-2.24055
330.113,-2.24052
330.162,-2.24055
330.213,-2.24054
330.266,-2.24046
330.316,-2.24035
330.363,-2.24022
330.416,-2.24017
330.466,-2.24041
330.517,-2.24073
330.564,-2.2411
330.615,-2.24143
330.664,-2.2416
330.714,-2.24148
330.765,-2.24142
330.815,-2.24146
330.865,-2.24147
330.914,-2.24168
330.963,-2.24188
331.013,-2.24184
331.066,-2.24164
331.114,-2.24139
331.163,-2.24134
331.214,-2.24166
331.265,-2.24225
331.314,-2.24316
331.361,-2.24395
331.411,-2.24435
331.463,-2.24463
331.514,-2.24494
331.566,-2.24556
331.612,-2.24657
331.668,-2.24766
331.713,-2.24859
331.765,-2.24882
331.813,-2.24844
331.865,-2.24784
331.915,-2.2472
331.963,-2.24693
332.012,-2.24686
332.064,-2.24696
332.116,-2.24717
332.161,-2.24738
332.215,-2.24741
332.261,-2.2471
332.312,-2.2468
332.363,-2.24682
332.412,-2.24718
332.465,-2.24764
332.513,-2.24809
332.562,-2.24827
332.611,-2.24828
332.662,-2.24817
332.716,-2.24805
332.761,-2.24794
332.812,-2.24783
332.86,-2.24777
332.911,-2.24785
332.963,-2.24806
333.011,-2.24826
333.061,-2.24844
333.112,-2.24859
333.164,-2.24884
333.209,-2.24914
333.264,-2.24942
333.313,-2.24957
333.357,-2.24969
333.412,-2.24986
333.464,-2.25005
333.514,-2.25021
333.56,-2.25042
333.614,-2.25061
333.661,-2.25087
333.709,-2.25112
333.763,-2.25137
333.813,-2.25163
333.862,-2.25187
333.912,-2.25211
333.961,-2.25236
334.014,-2.25258
334.061,-2.25275
334.113,-2.25288
334.162,-2.253
334.212,-2.2531
334.262,-2.25321
334.311,-2.25332
334.361,-2.25344
334.41,-2.25357
334.461,-2.25372
334.511,-2.25388
334.56,-2.25405
334.611,-2.25424
334.66,-2.25442
334.713,-2.25462
334.757,-2.25481
334.81,-2.25501
334.859,-2.2552
334.911,-2.2554
334.958,-2.2556
335.008,-2.2558
335.059,-2.256
335.109,-2.25618
335.159,-2.25636
335.209,-2.25651
335.258,-2.25666
335.309,-2.25679
335.358,-2.25691
335.409,-2.25702
335.458,-2.25712
335.508,-2.25722
335.557,-2.25731
335.607,-2.25741
335.658,-2.25753
335.71,-2.25765
335.76,-2.2578
335.81,-2.25796
335.859,-2.25814
335.908,-2.25833
335.961,-2.25853
336.01,-2.25874
336.057,-2.25896
336.11,-2.25917
336.159,-2.25939
336.212,-2.25961
336.259,-2.25983
336.307,-2.26005
336.358,-2.26026
336.407,-2.26047
336.46,-2.26067
336.507,-2.26086
336.559,-2.26105
336.609,-2.26124
336.657,-2.26142
336.709,-2.26159
336.759,-2.26176
336.809,-2.26191
336.856,-2.26206
336.905,-2.2622
336.959,-2.26233
337.008,-2.26246
337.058,-2.26259
337.109,-2.26274
337.159,-2.26291
337.206,-2.26309
337.258,-2.26329
337.309,-2.2635
337.358,-2.26374
337.408,-2.26398
337.456,-2.26424
337.509,-2.26449
337.562,-2.26473
337.608,-2.26496
337.66,-2.26518
337.707,-2.26538
337.759,-2.26557
337.809,-2.26574
337.859,-2.2659
337.908,-2.26606
337.957,-2.26621
338.01,-2.26636
338.059,-2.26652
338.111,-2.26668
338.158,-2.26685
338.206,-2.26704
338.256,-2.26723
338.308,-2.26743
338.36,-2.26763
338.406,-2.26784
338.457,-2.26805
338.509,-2.26827
338.557,-2.26847
338.611,-2.26867
338.659,-2.26886
338.708,-2.26903
338.756,-2.2692
338.81,-2.26935
338.856,-2.2695
338.909,-2.26965
338.959,-2.2698
339.005,-2.26995
339.058,-2.2701
339.106,-2.27027
339.157,-2.27044
339.207,-2.27063
339.255,-2.27083
339.306,-2.27104
339.359,-2.27126
339.406,-2.27149
339.457,-2.27171
339.507,-2.27194
339.557,-2.27215
339.608,-2.27235
339.656,-2.27255
339.705,-2.27273
339.758,-2.2729
339.806,-2.27307
339.854,-2.27322
339.907,-2.27337
339.955,-2.27351
340.006,-2.27365
340.054,-2.27381
340.104,-2.27398
340.155,-2.27417
340.206,-2.27439
340.257,-2.27463
340.306,-2.27488
340.356,-2.27515
340.407,-2.27542
340.457,-2.2757
340.507,-2.27598
340.555,-2.27624
340.605,-2.2765
340.655,-2.27674
340.706,-2.27696
340.753,-2.27718
340.805,-2.27739
340.855,-2.2776
340.903,-2.2778
340.954,-2.278
341.003,-2.2782
341.056,-2.27841
341.104,-2.27862
341.155,-2.27883
341.204,-2.27904
341.253,-2.27924
341.305,-2.27944
341.354,-2.27963
341.408,-2.27982
341.452,-2.28
341.503,-2.28018
341.554,-2.28036
341.602,-2.28056
341.654,-2.28076
341.703,-2.28098
341.755,-2.2812
341.804,-2.28143
341.854,-2.28167
341.905,-2.28191
341.954,-2.28215
342.002,-2.28239
342.052,-2.28262
342.102,-2.28284
342.155,-2.28304
342.202,-2.28322
342.253,-2.28339
342.302,-2.28355
342.354,-2.28369
342.403,-2.28383
342.453,-2.28397
342.5,-2.28412
342.553,-2.28427
342.603,-2.28443
342.655,-2.2846
342.705,-2.28477
342.756,-2.28495
342.805,-2.28513
342.854,-2.28532
342.904,-2.28552
342.955,-2.28571
343.004,-2.28591
343.056,-2.2861
343.102,-2.28629
343.155,-2.28648
343.204,-2.28668
343.253,-2.28687
343.304,-2.28706
343.352,-2.28725
343.4,-2.28743
343.453,-2.28762
343.503,-2.2878
343.552,-2.28798
343.599,-2.28818
343.652,-2.28839
343.701,-2.2886
343.752,-2.28883
343.801,-2.28907
343.85,-2.28932
343.902,-2.28956
343.95,-2.2898
344.002,-2.29003
344.051,-2.29025
344.103,-2.29046
344.149,-2.29067
344.202,-2.29086
344.251,-2.29105
344.304,-2.29123
344.354,-2.29142
344.401,-2.29162
344.452,-2.29183
344.503,-2.29205
344.55,-2.29229
344.6,-2.29254
344.649,-2.2928
344.701,-2.29306
344.751,-2.29333
344.803,-2.2936
344.852,-2.29388
344.899,-2.29415
344.951,-2.29442
345.0,-2.29468
345.052,-2.29492
345.1,-2.29516
345.15,-2.29537
345.203,-2.29556
345.249,-2.29575
345.303,-2.29592
345.352,-2.2961
345.399,-2.29627
345.451,-2.29645
345.501,-2.29663
345.551,-2.29682
345.602,-2.29701
345.65,-2.29719
345.7,-2.29737
345.752,-2.29755
345.802,-2.29772
345.851,-2.29789
345.902,-2.29806
345.949,-2.29824
346.001,-2.29842
346.049,-2.29862
346.104,-2.29883
346.151,-2.29905
346.2,-2.29928
346.253,-2.29953
346.3,-2.29979
346.35,-2.30005
346.4,-2.30032
346.45,-2.30059
346.503,-2.30084
346.549,-2.30108
346.599,-2.30129
346.647,-2.30149
346.704,-2.30167
346.749,-2.30183
346.799,-2.30198
346.85,-2.30211
346.897,-2.30225
346.949,-2.30239
346.997,-2.30254
347.049,-2.30271
347.097,-2.30289
347.149,-2.30309
347.2,-2.30332
347.249,-2.30357
347.298,-2.30384
347.35,-2.30412
347.397,-2.30439
347.449,-2.30467
347.496,-2.30494
347.547,-2.3052
347.599,-2.30545
347.648,-2.3057
347.697,-2.30594
347.746,-2.30617
347.798,-2.3064
347.848,-2.30662
347.9,-2.30683
347.95,-2.30705
347.997,-2.30725
348.049,-2.30746
348.098,-2.30765
348.148,-2.30785
348.196,-2.30805
348.247,-2.30824
348.298,-2.30844
348.349,-2.30865
348.396,-2.30887
348.444,-2.30909
348.498,-2.30932
348.549,-2.30954
348.6,-2.30976
348.649,-2.30998
348.695,-2.31018
348.747,-2.31038
348.798,-2.31057
348.848,-2.31076
348.897,-2.31095
348.949,-2.31114
348.997,-2.31132
349.045,-2.31151
349.098,-2.31169
349.147,-2.31187
349.199,-2.31204
349.246,-2.31221
349.299,-2.31237
349.349,-2.31255
349.4,-2.31272
349.446,-2.31291
349.496,-2.3131
349.549,-2.31331
349.599,-2.31353
349.647,-2.31376
349.697,-2.314
349.745,-2.31424
349.798,-2.31447
349.847,-2.3147
349.895,-2.31492
349.945,-2.31512
349.997,-2.31532
350.043,-2.3155
350.096,-2.31569
350.145,-2.31586
350.197,-2.31604
350.248,-2.31623
350.296,-2.31641
350.346,-2.3166
350.396,-2.31679
350.444,-2.317
350.495,-2.31717
350.547,-2.31728
350.597,-2.31746
350.645,-2.31764
350.694,-2.31796
350.745,-2.31835
350.795,-2.31875
350.845,-2.31909
350.892,-2.31929
350.948,-2.3194
350.996,-2.31954
351.045,-2.31966
351.095,-2.31981
351.146,-2.32004
351.194,-2.32031
351.245,-2.32057
351.295,-2.3208
351.346,-2.32103
351.396,-2.32127
351.443,-2.3215
351.495,-2.32171
351.546,-2.32193
351.596,-2.32217
351.645,-2.32242
351.694,-2.32268
351.744,-2.32296
351.795,-2.32325
351.846,-2.32354
351.895,-2.32382
351.945,-2.3241
351.998,-2.32436
352.046,-2.32461
352.094,-2.32483
352.144,-2.32503
352.193,-2.32521
352.243,-2.32537
352.294,-2.32552
352.344,-2.32567
352.395,-2.32583
352.443,-2.32599
352.493,-2.32616
352.542,-2.32634
352.594,-2.32654
352.645,-2.32674
352.694,-2.32695
352.747,-2.32717
352.795,-2.32739
352.846,-2.32762
352.895,-2.32786
352.94,-2.3281
352.991,-2.32834
353.041,-2.32857
353.095,-2.3288
353.144,-2.32902
353.194,-2.32923
353.244,-2.32944
353.294,-2.32963
353.343,-2.32982
353.392,-2.33001
353.443,-2.33019
353.491,-2.33038
353.545,-2.33058
353.592,-2.33079
353.645,-2.33102
353.695,-2.33127
353.743,-2.33152
353.791,-2.33177
353.841,-2.33204
353.893,-2.3323
353.941,-2.33256
353.99,-2.33283
354.04,-2.33309
354.09,-2.33336
354.144,-2.33362
354.193,-2.33387
354.241,-2.33411
354.293,-2.33434
354.341,-2.33456
354.392,-2.33476
354.441,-2.33495
354.492,-2.33513
354.542,-2.3353
354.592,-2.33545
354.641,-2.33559
354.69,-2.33573
354.743,-2.33586
354.789,-2.336
354.84,-2.33615
354.891,-2.3363
354.943,-2.33646
354.993,-2.33664
355.042,-2.33683
355.092,-2.33703
355.141,-2.33723
355.191,-2.33745
355.24,-2.33767
355.291,-2.33789
355.344,-2.33812
355.389,-2.33834
355.443,-2.33855
355.491,-2.33876
355.541,-2.33896
355.591,-2.33916
355.64,-2.33936
355.691,-2.33957
355.737,-2.33979
355.79,-2.34001
355.843,-2.34023
355.892,-2.34045
355.942,-2.34067
355.989,-2.34089
356.041,-2.34111
356.091,-2.34133
356.143,-2.34155
356.191,-2.34177
356.238,-2.34199
356.292,-2.34221
356.343,-2.34242
356.392,-2.34262
356.44,-2.34282
356.49,-2.34302
356.541,-2.34322
356.59,-2.34342
356.64,-2.34362
356.688,-2.34382
356.738,-2.34402
356.788,-2.34422
356.84,-2.34442
356.893,-2.34463
356.94,-2.34485
356.99,-2.34508
357.041,-2.34531
357.091,-2.34556
357.142,-2.34581
357.191,-2.34606
357.239,-2.34631
357.286,-2.34655
357.341,-2.34678
357.388,-2.34701
357.44,-2.34723
357.489,-2.34745
357.539,-2.34766
357.588,-2.34787
357.639,-2.34808
357.69,-2.34829
357.741,-2.3485
357.791,-2.3487
357.841,-2.34891
357.891,-2.34911
357.941,-2.34932
357.99,-2.34953
358.041,-2.34974
358.09,-2.34996
358.141,-2.35019
358.191,-2.35043
358.244,-2.35067
358.29,-2.35092
358.341,-2.35116
358.388,-2.35141
358.437,-2.35165
358.489,-2.35188
358.54,-2.3521
358.588,-2.35232
358.641,-2.35252
358.69,-2.35273
358.739,-2.35293
358.791,-2.35313
358.838,-2.35333
358.891,-2.35354
358.939,-2.35374
358.988,-2.35395
359.041,-2.35415
359.09,-2.35436
359.141,-2.35456
359.185,-2.35477
359.24,-2.35499
359.29,-2.3552
359.341,-2.35542
359.391,-2.35564
359.44,-2.35586
359.49,-2.3561
359.538,-2.35634
359.589,-2.3566
359.638,-2.35687
359.689,-2.35714
359.738,-2.35743
359.791,-2.35772
359.841,-2.35801
359.889,-2.3583
359.94,-2.35857
359.986,-2.35884
360.041,-2.3591
360.088,-2.35935
360.139,-2.35959
360.188,-2.35981
360.237,-2.36003
360.29,-2.36024
360.34,-2.36045
360.39,-2.36066
360.437,-2.36086
360.488,-2.36107
360.539,-2.36128
360.588,-2.36149
360.639,-2.3617
360.687,-2.36191
360.737,-2.36213
360.789,-2.36234
360.837,-2.36256
360.891,-2.36278
360.938,-2.36301
360.989,-2.36323
361.038,-2.36345
361.089,-2.36367
361.139,-2.36389
361.189,-2.3641
361.238,-2.36432
361.288,-2.36454
361.338,-2.36477
361.389,-2.36499
361.437,-2.36522
361.485,-2.36544
361.536,-2.36566
361.588,-2.36588
361.638,-2.36608
361.687,-2.36628
361.736,-2.36648
361.787,-2.36667
361.837,-2.36686
361.885,-2.36705
361.938,-2.36724
361.988,-2.36743
362.041,-2.36762
362.088,-2.36781
362.137,-2.368
362.188,-2.3682
362.238,-2.36841
362.288,-2.36862
362.336,-2.36884
362.384,-2.36906
362.436,-2.36928
362.486,-2.36949
362.537,-2.3697
362.587,-2.36991
362.636,-2.37011
362.687,-2.37032
362.735,-2.37053
362.786,-2.37073
362.839,-2.37095
362.887,-2.37116
362.935,-2.37138
362.989,-2.3716
363.036,-2.37183
363.085,-2.37206
363.138,-2.37229
363.183,-2.37252
363.236,-2.37274
363.285,-2.37296
363.337,-2.37318
363.387,-2.3734
363.432,-2.37361
363.483,-2.37382
363.533,-2.37403
363.583,-2.37424
363.637,-2.37445
363.686,-2.37466
363.734,-2.37487
363.782,-2.37507
363.835,-2.37526
363.887,-2.37547
363.935,-2.37567
363.985,-2.37587
364.033,-2.37609
364.087,-2.3763
364.135,-2.37652
364.185,-2.37674
364.236,-2.37697
364.285,-2.37719
364.336,-2.37742
364.384,-2.37765
364.434,-2.37788
364.486,-2.37812
364.535,-2.37836
364.585,-2.3786
364.633,-2.37885
364.686,-2.37909
364.735,-2.37934
364.784,-2.37959
364.835,-2.37983
364.881,-2.38008
364.933,-2.38033
364.986,-2.38058
365.033,-2.38083
365.084,-2.38108
365.134,-2.38133
365.187,-2.38159
365.236,-2.38184
365.283,-2.38208
365.333,-2.38231
365.383,-2.38254
365.434,-2.38275
365.485,-2.38295
365.533,-2.38315
365.584,-2.38335
365.636,-2.38354
365.686,-2.38375
365.737,-2.38396
365.784,-2.38419
365.832,-2.38442
365.882,-2.38466
365.935,-2.38491
365.985,-2.38517
366.034,-2.38543
366.086,-2.3857
366.136,-2.38596
366.185,-2.38621
366.234,-2.38645
366.281,-2.38667
366.336,-2.38689
366.383,-2.38708
366.431,-2.38727
366.485,-2.38745
366.533,-2.38764
366.583,-2.38784
366.635,-2.38804
366.685,-2.38825
366.731,-2.38848
366.781,-2.38871
366.834,-2.38895
366.883,-2.38919
366.932,-2.38945
366.982,-2.38971
367.033,-2.38997
367.084,-2.39024
367.137,-2.3905
367.184,-2.39075
367.231,-2.391
367.281,-2.39124
367.334,-2.39148
367.382,-2.39172
367.433,-2.39195
367.48,-2.39219
367.533,-2.39243
367.581,-2.39267
367.635,-2.3929
367.683,-2.39313
367.734,-2.39336
367.783,-2.39359
367.831,-2.39382
367.882,-2.39406
367.932,-2.3943
367.98,-2.39453
368.03,-2.39477
368.08,-2.395
368.13,-2.39523
368.18,-2.39546
368.235,-2.39569
368.28,-2.39592
368.333,-2.39616
368.381,-2.39641
368.433,-2.39668
368.483,-2.39695
368.532,-2.39723
368.583,-2.39752
368.628,-2.39782
368.682,-2.39811
368.731,-2.39841
368.783,-2.39871
368.829,-2.399
368.88,-2.39929
368.932,-2.39956
368.981,-2.39982
369.033,-2.40008
369.081,-2.40032
369.13,-2.40057
369.179,-2.40082
369.231,-2.40106
369.281,-2.40131
369.33,-2.40154
369.382,-2.40178
369.43,-2.402
369.478,-2.40222
369.532,-2.40243
369.58,-2.40265
369.629,-2.40286
369.681,-2.40308
369.73,-2.4033
369.784,-2.40352
369.829,-2.40375
369.881,-2.40397
369.929,-2.4042
369.981,-2.40443
370.028,-2.40465
370.079,-2.40487
370.129,-2.40509
370.181,-2.40531
370.229,-2.40554
370.28,-2.40578
370.329,-2.40603
370.377,-2.40629
370.429,-2.40656
370.48,-2.40683
370.531,-2.4071
370.579,-2.40737
370.629,-2.40762
370.674,-2.40787
370.729,-2.40811
370.777,-2.40834
370.831,-2.40856
370.878,-2.40878
370.932,-2.40899
370.98,-2.4092
371.028,-2.4094
371.08,-2.40959
371.127,-2.40979
371.182,-2.40999
371.23,-2.4102
371.279,-2.41043
371.329,-2.41066
371.379,-2.4109
371.43,-2.41114
371.476,-2.4114
371.529,-2.41165
371.576,-2.41192
371.63,-2.41218
371.68,-2.41245
371.73,-2.41272
371.779,-2.41299
371.826,-2.41326
371.879,-2.41352
371.929,-2.41378
371.978,-2.41403
372.029,-2.41428
372.077,-2.41452
372.127,-2.41476
372.178,-2.41499
372.231,-2.41522
372.28,-2.41544
372.326,-2.41567
372.378,-2.41589
372.428,-2.41611
372.478,-2.41633
372.527,-2.41656
372.577,-2.41679
372.63,-2.41702
372.676,-2.41727
372.73,-2.41751
372.778,-2.41776
372.83,-2.418
372.876,-2.41824
372.925,-2.41848
372.977,-2.41872
373.027,-2.41896
373.079,-2.41921
373.128,-2.41947
373.176,-2.41972
373.229,-2.41997
373.277,-2.42022
373.329,-2.42045
373.378,-2.42068
373.427,-2.42089
373.476,-2.42109
373.529,-2.42129
373.578,-2.42149
373.628,-2.42168
373.676,-2.42188
373.726,-2.42207
373.779,-2.42227
373.829,-2.42247
373.878,-2.42268
373.929,-2.42288
373.975,-2.4231
374.027,-2.42331
374.077,-2.42352
374.127,-2.42373
374.179,-2.42395
374.224,-2.42417
374.277,-2.4244
374.327,-2.42463
374.378,-2.42486
374.428,-2.4251
374.477,-2.42535
374.524,-2.4256
374.574,-2.42584
374.628,-2.42608
374.674,-2.42631
374.725,-2.42653
374.776,-2.42675
374.826,-2.42696
374.876,-2.42717
374.925,-2.42738
374.977,-2.42759
375.028,-2.42781
375.075,-2.42803
375.127,-2.42826
375.175,-2.42848
375.225,-2.42871
375.277,-2.42893
375.325,-2.42915
375.375,-2.42937
375.424,-2.42959
375.476,-2.42981
375.524,-2.43004
375.577,-2.43027
375.626,-2.4305
375.675,-2.43073
375.727,-2.43096
375.774,-2.43119
375.826,-2.43143
375.873,-2.43167
375.923,-2.43191
375.976,-2.43217
376.024,-2.43245
376.073,-2.43274
376.124,-2.43304
376.172,-2.43336
376.224,-2.43368
376.278,-2.43401
376.327,-2.43434
376.374,-2.43467
376.426,-2.43499
376.473,-2.43531
376.528,-2.43561
376.572,-2.43589
376.622,-2.43615
376.674,-2.43639
376.724,-2.43662
376.774,-2.43684
376.821,-2.43705
376.873,-2.43726
376.925,-2.43746
376.974,-2.43766
377.023,-2.43786
377.075,-2.43807
377.126,-2.43828
377.173,-2.4385
377.223,-2.43871
377.275,-2.43893
377.323,-2.43915
377.375,-2.43938
377.424,-2.4396
377.472,-2.43982
377.524,-2.44004
377.571,-2.44025
377.625,-2.44045
377.673,-2.44065
377.723,-2.44085
377.772,-2.44104
377.823,-2.44122
377.874,-2.4414
377.922,-2.44158
377.972,-2.44175
378.022,-2.44191
378.074,-2.44207
378.123,-2.44223
378.173,-2.44238
378.226,-2.44254
378.273,-2.44269
378.323,-2.44285
378.374,-2.44301
378.422,-2.44317
378.471,-2.44332
378.52,-2.44347
378.571,-2.44369
378.621,-2.44402
378.672,-2.44429
378.72,-2.44452
378.774,-2.44513
378.821,-2.44641
378.87,-2.44726
378.923,-2.44773
378.973,-2.44796
379.025,-2.44808
379.073,-2.4481
379.121,-2.44809
