Sample temperature (C),Heat flow (mW)
70.102,-0.07791
70.099,-0.07809
70.103,-0.07816
70.105,-0.07821
70.114,-0.07826
70.123,-0.07831
70.137,-0.07837
70.155,-0.07853
70.18,-0.07881
70.197,-0.07896
70.23,-0.07908
70.256,-0.07922
70.292,-0.07938
70.324,-0.0797
70.355,-0.08024
70.391,-0.08079
70.43,-0.08157
70.471,-0.08237
70.51,-0.08344
70.55,-0.08455
70.588,-0.08612
70.628,-0.08797
70.675,-0.09006
70.722,-0.09239
70.762,-0.09497
70.81,-0.0978
70.855,-0.10072
70.895,-0.10367
70.943,-0.10721
70.991,-0.11109
71.04,-0.11526
71.085,-0.11972
71.129,-0.12444
71.18,-0.12961
71.227,-0.13526
71.275,-0.14085
71.327,-0.14662
71.368,-0.15261
71.423,-0.15896
71.472,-0.1657
71.522,-0.17247
71.57,-0.17962
71.612,-0.18679
71.665,-0.19388
71.715,-0.20124
71.765,-0.20868
71.813,-0.21621
71.866,-0.22381
71.909,-0.23116
71.959,-0.23835
72.013,-0.2454
72.063,-0.25232
72.114,-0.25923
72.16,-0.26615
72.214,-0.2732
72.268,-0.2805
72.31,-0.28786
72.359,-0.29526
72.413,-0.30269
72.464,-0.31001
72.509,-0.31716
72.565,-0.32432
72.615,-0.33133
72.663,-0.33835
72.708,-0.34508
72.762,-0.35157
72.815,-0.35782
72.862,-0.36406
72.911,-0.37015
72.961,-0.37626
73.012,-0.38214
73.06,-0.38791
73.115,-0.39373
73.163,-0.39962
73.214,-0.40531
73.259,-0.4109
73.315,-0.41652
73.361,-0.4222
73.412,-0.42776
73.465,-0.43333
73.512,-0.43878
73.561,-0.44432
73.614,-0.44984
73.66,-0.45531
73.712,-0.46064
73.761,-0.46583
73.809,-0.47112
73.863,-0.47647
73.913,-0.48186
73.968,-0.4871
74.013,-0.49228
74.063,-0.4974
74.113,-0.50248
74.161,-0.50751
74.213,-0.5125
74.26,-0.51752
74.309,-0.5226
74.359,-0.52751
74.414,-0.53242
74.464,-0.53739
74.513,-0.54219
74.566,-0.54691
74.611,-0.55159
74.665,-0.55616
74.714,-0.56062
74.764,-0.56509
74.816,-0.56947
74.863,-0.57386
74.914,-0.57814
74.959,-0.58251
75.017,-0.58688
75.068,-0.59121
75.113,-0.59544
75.159,-0.59955
75.21,-0.60375
75.267,-0.60795
75.315,-0.61211
75.363,-0.61618
75.411,-0.62014
75.46,-0.62416
75.514,-0.62816
75.565,-0.63213
75.607,-0.63612
75.666,-0.64016
75.716,-0.64404
75.764,-0.64784
75.818,-0.65161
75.866,-0.65535
75.914,-0.65914
75.96,-0.66298
76.017,-0.66671
76.062,-0.67045
76.114,-0.67409
76.165,-0.67775
76.214,-0.68128
76.267,-0.68472
76.312,-0.68808
76.367,-0.69145
76.415,-0.69471
76.466,-0.69791
76.513,-0.70108
76.566,-0.70431
76.616,-0.70751
76.666,-0.71068
76.715,-0.71376
76.766,-0.71694
76.814,-0.72023
76.869,-0.72353
76.917,-0.72682
76.964,-0.73009
77.014,-0.73328
77.066,-0.73638
77.118,-0.73955
77.163,-0.74273
77.216,-0.74588
77.263,-0.749
77.315,-0.75215
77.364,-0.75535
77.419,-0.75842
77.469,-0.76144
77.516,-0.76443
77.565,-0.76741
77.616,-0.77038
77.667,-0.77338
77.714,-0.77642
77.765,-0.77941
77.814,-0.78245
77.866,-0.78551
77.916,-0.78857
77.966,-0.79159
78.015,-0.79465
78.065,-0.79767
78.112,-0.8007
78.167,-0.80367
78.212,-0.80646
78.264,-0.80915
78.313,-0.81189
78.364,-0.81457
78.417,-0.81715
78.463,-0.81974
78.514,-0.82223
78.568,-0.8248
78.618,-0.82737
78.666,-0.82993
78.716,-0.83241
78.765,-0.83474
78.817,-0.8371
78.864,-0.83951
78.917,-0.84183
78.966,-0.84411
79.02,-0.84636
79.067,-0.8487
79.115,-0.85103
79.164,-0.85327
79.216,-0.85555
79.266,-0.85779
79.315,-0.86005
79.367,-0.86241
79.413,-0.8647
79.465,-0.86689
79.519,-0.86917
79.562,-0.87146
79.618,-0.87373
79.666,-0.87598
79.719,-0.87825
79.764,-0.88055
79.82,-0.88275
79.868,-0.88495
79.918,-0.88719
79.966,-0.88938
80.013,-0.8916
80.068,-0.89377
80.117,-0.89597
80.163,-0.89809
80.215,-0.90021
80.264,-0.90236
80.313,-0.90445
80.366,-0.90647
80.419,-0.9084
80.467,-0.91036
80.514,-0.91231
80.567,-0.91424
80.619,-0.91616
80.665,-0.91807
80.72,-0.91997
80.764,-0.92185
80.819,-0.92375
80.867,-0.92574
80.917,-0.92778
80.967,-0.92978
81.016,-0.93181
81.065,-0.9338
81.117,-0.93581
81.169,-0.93777
81.217,-0.93974
81.265,-0.94166
81.314,-0.94364
81.364,-0.94562
81.419,-0.94756
81.47,-0.94945
81.519,-0.95138
81.565,-0.95326
81.614,-0.95518
81.67,-0.957
81.717,-0.95878
81.768,-0.96055
81.819,-0.96232
81.868,-0.96405
81.918,-0.9657
81.966,-0.96735
82.014,-0.969
82.071,-0.97063
82.115,-0.97225
82.169,-0.97384
82.215,-0.97541
82.268,-0.97694
82.317,-0.9785
82.363,-0.98014
82.415,-0.98178
82.466,-0.98342
82.521,-0.98504
82.564,-0.98664
82.614,-0.98826
82.667,-0.98993
82.717,-0.99161
82.769,-0.99331
82.816,-0.99499
82.869,-0.99664
82.918,-0.99834
82.966,-0.99998
83.018,-1.00154
83.065,-1.00308
83.12,-1.00461
83.162,-1.0061
83.216,-1.00754
83.269,-1.00903
83.32,-1.01048
83.367,-1.01183
83.419,-1.01318
83.466,-1.01456
83.516,-1.01589
83.568,-1.01724
83.618,-1.01854
83.666,-1.01988
83.715,-1.02117
83.763,-1.0225
83.814,-1.02378
83.867,-1.02511
83.917,-1.02636
83.965,-1.0276
84.017,-1.02884
84.067,-1.03008
84.117,-1.03131
84.167,-1.03254
84.214,-1.03376
84.265,-1.035
84.317,-1.03627
84.364,-1.0375
84.414,-1.03879
84.467,-1.04008
84.518,-1.04136
84.564,-1.04262
84.614,-1.04387
84.667,-1.0451
84.715,-1.04633
84.767,-1.04755
84.817,-1.04877
84.868,-1.04999
84.914,-1.0512
84.968,-1.05242
85.019,-1.05364
85.066,-1.05485
85.115,-1.05606
85.168,-1.05726
85.217,-1.05846
85.269,-1.05965
85.314,-1.06083
85.367,-1.062
85.416,-1.06316
85.464,-1.06431
85.517,-1.06546
85.565,-1.06661
85.615,-1.06775
85.659,-1.06889
85.711,-1.07001
85.768,-1.07113
85.815,-1.07225
85.867,-1.07336
85.916,-1.07446
85.964,-1.07555
86.017,-1.07662
86.064,-1.07768
86.12,-1.07873
86.164,-1.07977
86.213,-1.08081
86.262,-1.08184
86.317,-1.08288
86.37,-1.08392
86.417,-1.08495
86.462,-1.08599
86.518,-1.08702
86.566,-1.08806
86.616,-1.08909
86.667,-1.09012
86.713,-1.09114
86.763,-1.09216
86.818,-1.09318
86.862,-1.09419
86.919,-1.0952
86.964,-1.0962
87.013,-1.09719
87.063,-1.09819
87.117,-1.09917
87.166,-1.10015
87.218,-1.10113
87.26,-1.10209
87.316,-1.10305
87.362,-1.10401
87.413,-1.10495
87.466,-1.1059
87.513,-1.10683
87.565,-1.10776
87.615,-1.10869
87.668,-1.10962
87.712,-1.11055
87.764,-1.11148
87.814,-1.11241
87.865,-1.11334
87.915,-1.11427
87.964,-1.1152
88.014,-1.11612
88.065,-1.11704
88.113,-1.11795
88.163,-1.11886
88.215,-1.11975
88.269,-1.12065
88.309,-1.12153
88.366,-1.12241
88.414,-1.12328
88.462,-1.12414
88.513,-1.12499
88.563,-1.12584
88.612,-1.12668
88.662,-1.12751
88.713,-1.12833
88.764,-1.12915
88.812,-1.12996
88.863,-1.13076
88.914,-1.13155
88.962,-1.13234
89.016,-1.13312
89.061,-1.1339
89.115,-1.13468
89.16,-1.13546
89.216,-1.13624
89.267,-1.13702
89.316,-1.13779
89.364,-1.13857
89.41,-1.13935
89.465,-1.14012
89.511,-1.1409
89.565,-1.14167
89.612,-1.14243
89.663,-1.14319
89.715,-1.14395
89.762,-1.1447
89.811,-1.14545
89.865,-1.14619
89.913,-1.14692
89.958,-1.14764
90.012,-1.14836
90.064,-1.14906
90.112,-1.14976
90.166,-1.15045
90.214,-1.15114
90.259,-1.15183
90.315,-1.15251
90.361,-1.1532
90.413,-1.15388
90.466,-1.15457
90.511,-1.15525
90.559,-1.15594
90.613,-1.15663
90.665,-1.15733
90.711,-1.15803
90.761,-1.15873
90.807,-1.15943
90.861,-1.16013
90.912,-1.16082
90.961,-1.1615
91.011,-1.16219
91.061,-1.16286
91.111,-1.16353
91.163,-1.16419
91.212,-1.16484
91.263,-1.16549
91.31,-1.16612
91.363,-1.16675
91.413,-1.16737
91.463,-1.16798
91.513,-1.16859
91.562,-1.1692
91.614,-1.16981
91.658,-1.17041
91.714,-1.17101
91.759,-1.17161
91.811,-1.17221
91.862,-1.17281
91.91,-1.1734
91.967,-1.17399
92.014,-1.17457
92.062,-1.17515
92.113,-1.17572
92.159,-1.17629
92.209,-1.17687
92.262,-1.17744
92.313,-1.17801
92.362,-1.17857
92.408,-1.17914
92.462,-1.1797
92.508,-1.18025
92.566,-1.18081
92.608,-1.18135
92.66,-1.18189
92.714,-1.18243
92.76,-1.18297
92.809,-1.1835
92.859,-1.18403
92.908,-1.18457
92.959,-1.1851
93.009,-1.18564
93.064,-1.18618
93.109,-1.18672
93.162,-1.18726
93.209,-1.1878
93.259,-1.18834
93.311,-1.18887
93.361,-1.1894
93.413,-1.18993
93.46,-1.19045
93.508,-1.19096
93.561,-1.19147
93.609,-1.19198
93.661,-1.19249
93.709,-1.19301
93.758,-1.19352
93.806,-1.19404
93.859,-1.19457
93.911,-1.1951
93.959,-1.19563
94.009,-1.19616
94.055,-1.19668
94.106,-1.19721
94.159,-1.19773
94.211,-1.19825
94.26,-1.19876
94.307,-1.19926
94.357,-1.19976
94.411,-1.20025
94.457,-1.20074
94.512,-1.20122
94.556,-1.2017
94.607,-1.20217
94.657,-1.20264
94.711,-1.20311
94.761,-1.20357
94.807,-1.20402
94.856,-1.20447
94.908,-1.20492
94.963,-1.20537
95.01,-1.20582
95.058,-1.20627
95.108,-1.20672
95.156,-1.20718
95.212,-1.20763
95.255,-1.20809
95.31,-1.20855
95.358,-1.209
95.407,-1.20945
95.461,-1.20991
95.508,-1.21036
95.558,-1.2108
95.607,-1.21125
95.657,-1.2117
95.705,-1.21215
95.759,-1.2126
95.808,-1.21306
95.86,-1.21353
95.908,-1.214
95.957,-1.21449
96.006,-1.21497
96.06,-1.21546
96.105,-1.21594
96.157,-1.21642
96.206,-1.21688
96.256,-1.21734
96.305,-1.21779
96.358,-1.21823
96.408,-1.21867
96.456,-1.21909
96.506,-1.21951
96.555,-1.21992
96.608,-1.22032
96.656,-1.22072
96.706,-1.2211
96.755,-1.22148
96.804,-1.22186
96.858,-1.22224
96.907,-1.22263
96.956,-1.22302
97.006,-1.22341
97.052,-1.22381
97.105,-1.2242
97.158,-1.2246
97.206,-1.22501
97.259,-1.22542
97.303,-1.22583
97.353,-1.22626
97.407,-1.22668
97.455,-1.22711
97.504,-1.22755
97.553,-1.22798
97.605,-1.22842
97.653,-1.22886
97.704,-1.2293
97.755,-1.22974
97.804,-1.23017
97.856,-1.2306
97.904,-1.23103
97.957,-1.23145
98.006,-1.23187
98.052,-1.23228
98.104,-1.23268
98.155,-1.23308
98.203,-1.23348
98.251,-1.23388
98.306,-1.23427
98.352,-1.23467
98.4,-1.23507
98.458,-1.23547
98.502,-1.23587
98.554,-1.23626
98.605,-1.23665
98.655,-1.23704
98.707,-1.23742
98.751,-1.2378
98.803,-1.23817
98.851,-1.23853
98.901,-1.23889
98.952,-1.23925
99.003,-1.23961
99.056,-1.23997
99.1,-1.24033
99.155,-1.24069
99.203,-1.24105
99.255,-1.24143
99.304,-1.2418
99.354,-1.24218
99.404,-1.24257
99.455,-1.24295
99.505,-1.24333
99.552,-1.2437
99.604,-1.24406
99.651,-1.24442
99.704,-1.24477
99.751,-1.24511
99.801,-1.24546
99.851,-1.24581
99.904,-1.24616
99.955,-1.24651
100.003,-1.24687
100.055,-1.24722
100.103,-1.24757
100.151,-1.24792
100.201,-1.24826
100.245,-1.24861
100.301,-1.24895
100.351,-1.24929
100.404,-1.24962
100.452,-1.24996
100.501,-1.2503
100.548,-1.25064
100.604,-1.25098
100.649,-1.25132
100.706,-1.25166
100.751,-1.25199
100.801,-1.25231
100.85,-1.25263
100.903,-1.25294
100.952,-1.25325
101.003,-1.25356
101.047,-1.25387
101.101,-1.25418
101.15,-1.2545
101.206,-1.25482
101.253,-1.25515
101.298,-1.25546
101.351,-1.25578
101.399,-1.25609
101.455,-1.25641
101.501,-1.25672
101.553,-1.25705
101.599,-1.25737
101.65,-1.2577
101.703,-1.25803
101.751,-1.25836
101.801,-1.2587
101.847,-1.25904
101.901,-1.25938
101.948,-1.25973
101.999,-1.26008
102.052,-1.26044
102.099,-1.2608
102.15,-1.26115
102.198,-1.26151
102.248,-1.26186
102.301,-1.2622
102.349,-1.26254
102.399,-1.26288
102.449,-1.26321
102.497,-1.26353
102.548,-1.26383
102.602,-1.26413
102.649,-1.26441
102.698,-1.26468
102.749,-1.26494
102.8,-1.2652
102.85,-1.26545
102.9,-1.2657
102.949,-1.26595
103.0,-1.26621
103.049,-1.26647
103.098,-1.26674
103.147,-1.26702
103.198,-1.2673
103.245,-1.26758
103.3,-1.26786
103.35,-1.26814
103.393,-1.26842
103.449,-1.26871
103.496,-1.26899
103.55,-1.26928
103.6,-1.26956
103.645,-1.26985
103.701,-1.27014
103.746,-1.27043
103.794,-1.27072
103.848,-1.27101
103.899,-1.2713
103.949,-1.27159
103.996,-1.27188
104.047,-1.27217
104.095,-1.27246
104.146,-1.27274
104.196,-1.27302
104.245,-1.27329
104.295,-1.27356
104.348,-1.27383
104.394,-1.2741
104.444,-1.27438
104.498,-1.27467
104.546,-1.27497
104.597,-1.27527
104.648,-1.27558
104.696,-1.2759
104.747,-1.27621
104.798,-1.27652
104.848,-1.27682
104.895,-1.27712
104.95,-1.27741
104.999,-1.2777
105.046,-1.27799
105.093,-1.27828
105.147,-1.27857
105.196,-1.27886
105.246,-1.27914
105.297,-1.27943
105.348,-1.27971
105.393,-1.28
105.444,-1.28027
105.494,-1.28055
105.544,-1.28083
105.594,-1.2811
105.648,-1.28137
105.7,-1.28163
105.747,-1.28189
105.798,-1.28215
105.85,-1.28241
105.894,-1.28266
105.945,-1.28292
105.994,-1.28318
106.047,-1.28343
106.093,-1.28369
106.148,-1.28394
106.192,-1.28421
106.243,-1.28447
106.295,-1.28475
106.348,-1.28502
106.393,-1.2853
106.447,-1.28558
106.49,-1.28586
106.547,-1.28614
106.595,-1.28642
106.644,-1.2867
106.692,-1.28698
106.742,-1.28727
106.791,-1.28755
106.843,-1.28783
106.893,-1.28811
106.944,-1.28839
106.993,-1.28867
107.044,-1.28895
107.095,-1.28923
107.146,-1.28951
107.195,-1.28979
107.242,-1.29007
107.295,-1.29034
107.34,-1.29061
107.394,-1.29089
107.442,-1.29116
107.495,-1.29144
107.542,-1.29172
107.591,-1.29201
107.645,-1.2923
107.691,-1.2926
107.744,-1.29289
107.796,-1.29318
107.842,-1.29347
107.892,-1.29376
107.941,-1.29404
107.993,-1.29432
108.038,-1.29459
108.09,-1.29486
108.141,-1.29514
108.195,-1.29541
108.247,-1.29569
108.289,-1.29597
108.343,-1.29626
108.392,-1.29655
108.443,-1.29684
108.496,-1.29713
108.541,-1.29742
108.59,-1.29771
108.641,-1.29799
108.695,-1.29826
108.74,-1.29853
108.792,-1.29879
108.841,-1.29905
108.89,-1.29931
108.941,-1.29956
108.989,-1.29982
109.036,-1.30007
109.089,-1.30033
109.143,-1.30058
109.191,-1.30084
109.239,-1.3011
109.292,-1.30137
109.343,-1.30164
109.392,-1.30191
109.44,-1.30218
109.491,-1.30245
109.541,-1.30271
109.593,-1.30297
109.64,-1.30323
109.689,-1.30349
109.738,-1.30375
109.79,-1.30401
109.842,-1.30427
109.893,-1.30452
109.938,-1.30477
109.987,-1.30502
110.042,-1.30527
110.089,-1.30552
110.138,-1.30577
110.188,-1.30602
110.238,-1.30628
110.29,-1.30653
110.342,-1.30679
110.388,-1.30705
110.439,-1.30731
110.489,-1.30757
110.541,-1.30783
110.589,-1.3081
110.638,-1.30837
110.69,-1.30863
110.739,-1.3089
110.785,-1.30916
110.839,-1.30942
110.888,-1.30967
110.94,-1.30991
110.987,-1.31015
111.039,-1.3104
111.087,-1.31064
111.138,-1.31089
111.187,-1.31115
111.241,-1.3114
111.288,-1.31166
111.334,-1.31192
111.388,-1.31219
111.437,-1.31245
111.489,-1.31271
111.537,-1.31297
111.587,-1.31323
111.639,-1.31349
111.69,-1.31374
111.74,-1.31399
111.788,-1.31423
111.841,-1.31447
111.886,-1.31469
111.939,-1.3149
111.989,-1.31511
112.038,-1.3153
112.086,-1.3155
112.136,-1.31569
112.19,-1.31588
112.239,-1.31608
112.289,-1.31629
112.341,-1.3165
112.387,-1.31672
112.441,-1.31694
112.49,-1.31717
112.538,-1.3174
112.588,-1.31764
112.639,-1.31788
112.688,-1.31812
112.735,-1.31837
112.787,-1.31862
112.839,-1.31887
112.89,-1.31912
112.935,-1.31938
112.985,-1.31963
113.036,-1.31988
113.083,-1.32013
113.136,-1.32036
113.185,-1.32059
113.236,-1.32082
113.286,-1.32104
113.339,-1.32126
113.386,-1.32148
113.434,-1.3217
113.487,-1.32191
113.533,-1.32213
113.589,-1.32236
113.639,-1.32258
113.687,-1.32282
113.734,-1.32305
113.787,-1.32329
113.833,-1.32353
113.881,-1.32377
113.937,-1.32402
113.984,-1.32426
114.036,-1.32451
114.086,-1.32475
114.136,-1.32499
114.186,-1.32522
114.237,-1.32545
114.287,-1.32567
114.333,-1.32589
114.383,-1.32611
114.436,-1.32632
114.486,-1.32653
114.535,-1.32674
114.584,-1.32695
114.635,-1.32715
114.686,-1.32734
114.736,-1.32754
114.786,-1.32773
114.833,-1.32793
114.879,-1.32813
114.934,-1.32833
114.984,-1.32854
115.034,-1.32876
115.084,-1.32897
115.136,-1.32918
115.183,-1.32939
115.237,-1.3296
115.286,-1.32981
115.331,-1.33002
115.385,-1.33023
115.435,-1.33043
115.484,-1.33064
115.537,-1.33084
115.588,-1.33104
115.634,-1.33125
115.682,-1.33145
115.733,-1.33166
115.78,-1.33187
115.831,-1.33209
115.886,-1.33231
115.934,-1.33253
115.984,-1.33274
116.034,-1.33296
116.082,-1.33318
116.131,-1.3334
116.177,-1.33362
116.231,-1.33385
116.283,-1.33408
116.333,-1.33432
116.384,-1.33457
116.43,-1.33483
116.483,-1.33509
116.532,-1.33535
116.582,-1.3356
116.633,-1.33586
116.68,-1.33611
116.733,-1.33635
116.783,-1.3366
116.84,-1.33684
116.884,-1.33708
116.933,-1.33732
116.984,-1.33756
117.032,-1.3378
117.082,-1.33805
117.132,-1.33829
117.186,-1.33853
117.23,-1.33877
117.28,-1.339
117.333,-1.33924
117.383,-1.33947
117.433,-1.3397
117.482,-1.33993
117.532,-1.34016
117.58,-1.34039
117.63,-1.34062
117.68,-1.34085
117.734,-1.34108
117.781,-1.3413
117.831,-1.34153
117.881,-1.34176
117.932,-1.34198
117.978,-1.34221
118.03,-1.34244
118.081,-1.34266
118.132,-1.34289
118.183,-1.34312
118.232,-1.34334
118.283,-1.34357
118.33,-1.34379
118.384,-1.34401
118.432,-1.34423
118.48,-1.34444
118.533,-1.34466
118.576,-1.34488
118.633,-1.3451
118.68,-1.34532
118.732,-1.34554
118.781,-1.34575
118.832,-1.34597
118.882,-1.34618
118.93,-1.34639
118.983,-1.34658
119.031,-1.34678
119.081,-1.34696
119.128,-1.34715
119.18,-1.34734
119.236,-1.34754
119.282,-1.34774
119.336,-1.34796
119.383,-1.34818
119.433,-1.34843
119.48,-1.34868
119.531,-1.34896
119.588,-1.34924
119.631,-1.34953
119.682,-1.34982
119.733,-1.35011
119.783,-1.35039
119.833,-1.35065
119.881,-1.3509
119.928,-1.35113
119.978,-1.35135
120.03,-1.35155
120.082,-1.35175
120.129,-1.35194
120.178,-1.35213
120.227,-1.35231
120.279,-1.3525
120.328,-1.3527
120.377,-1.35291
120.426,-1.35313
120.474,-1.35337
120.525,-1.35362
120.575,-1.35389
120.627,-1.35417
120.677,-1.35445
120.725,-1.35473
120.779,-1.355
120.828,-1.35528
120.88,-1.35554
120.928,-1.3558
120.979,-1.35605
121.026,-1.35629
121.076,-1.35651
121.129,-1.35672
121.18,-1.35692
121.231,-1.35711
121.276,-1.35729
121.33,-1.35746
121.382,-1.35763
121.428,-1.3578
121.485,-1.35796
121.531,-1.35813
121.58,-1.35831
121.632,-1.35848
121.682,-1.35867
121.733,-1.35886
121.778,-1.35906
121.829,-1.35927
121.879,-1.35948
121.929,-1.3597
121.98,-1.35991
122.031,-1.36013
122.079,-1.36035
122.128,-1.36057
122.178,-1.36078
122.229,-1.361
122.281,-1.36122
122.33,-1.36143
122.382,-1.36165
122.426,-1.36186
122.48,-1.36206
122.525,-1.36226
122.579,-1.36244
122.624,-1.36262
122.677,-1.36279
122.728,-1.36295
122.776,-1.3631
122.824,-1.36325
122.874,-1.36341
122.927,-1.36356
122.975,-1.36372
123.026,-1.36388
123.072,-1.36405
123.125,-1.36423
123.176,-1.36441
123.223,-1.36461
123.273,-1.36482
123.325,-1.36503
123.374,-1.36525
123.423,-1.36548
123.474,-1.36571
123.523,-1.36594
123.574,-1.36617
123.623,-1.36639
123.676,-1.36661
123.724,-1.36683
123.779,-1.36705
123.828,-1.36726
123.878,-1.36749
123.923,-1.36771
123.975,-1.36793
124.026,-1.36816
124.074,-1.36839
124.127,-1.36861
124.172,-1.36884
124.224,-1.36906
124.273,-1.36928
124.327,-1.36949
124.377,-1.3697
124.427,-1.3699
124.477,-1.3701
124.522,-1.37029
124.574,-1.37048
124.625,-1.37067
124.676,-1.37087
124.723,-1.37108
124.771,-1.37131
124.82,-1.37154
124.871,-1.37179
124.922,-1.37205
124.972,-1.37231
125.023,-1.37259
125.074,-1.37287
125.123,-1.37315
125.177,-1.37342
125.228,-1.37368
125.277,-1.37393
125.324,-1.37416
125.373,-1.37437
125.426,-1.37457
125.472,-1.37474
125.525,-1.37489
125.575,-1.37502
125.621,-1.37514
125.672,-1.37526
125.72,-1.37538
125.775,-1.3755
125.823,-1.37563
125.871,-1.37577
125.921,-1.37592
125.973,-1.37609
126.023,-1.37627
126.071,-1.37646
126.124,-1.37667
126.169,-1.37687
126.223,-1.37709
126.273,-1.3773
126.325,-1.37753
126.375,-1.37775
126.421,-1.37798
126.471,-1.37822
126.52,-1.37846
126.571,-1.37871
126.62,-1.37896
126.67,-1.37921
126.721,-1.37945
126.77,-1.3797
126.824,-1.37994
126.872,-1.38017
126.921,-1.3804
126.972,-1.38062
127.021,-1.38084
127.073,-1.38105
127.119,-1.38126
127.173,-1.38147
127.221,-1.38167
127.27,-1.38187
127.32,-1.38207
127.375,-1.38227
127.42,-1.38248
127.468,-1.38269
127.517,-1.38291
127.575,-1.38314
127.62,-1.38337
127.672,-1.38361
127.718,-1.38385
127.769,-1.3841
127.822,-1.38435
127.869,-1.3846
127.925,-1.38486
127.974,-1.38511
128.022,-1.38536
128.072,-1.38561
128.12,-1.38585
128.172,-1.38608
128.218,-1.3863
128.27,-1.38652
128.318,-1.38673
128.369,-1.38694
128.422,-1.38714
128.47,-1.38735
128.52,-1.38755
128.566,-1.38775
128.62,-1.38795
128.672,-1.38815
128.719,-1.38835
128.771,-1.38854
128.818,-1.38874
128.869,-1.38894
128.917,-1.38914
128.969,-1.38935
129.021,-1.38956
129.069,-1.38978
129.12,-1.38999
129.171,-1.39021
129.219,-1.39042
129.271,-1.39063
129.322,-1.39082
129.371,-1.39101
129.418,-1.39119
129.47,-1.39137
129.519,-1.39154
129.568,-1.3917
129.618,-1.39187
129.67,-1.39204
129.719,-1.39222
129.764,-1.3924
129.82,-1.39259
129.868,-1.39278
129.918,-1.39298
129.967,-1.39318
130.02,-1.39339
130.069,-1.39359
130.117,-1.39381
130.167,-1.39402
130.216,-1.39424
130.264,-1.39447
130.321,-1.3947
130.369,-1.39493
130.419,-1.39518
130.465,-1.39543
130.519,-1.39569
130.568,-1.39595
130.615,-1.39621
130.668,-1.39647
130.715,-1.39673
130.766,-1.39698
130.815,-1.39721
130.868,-1.39742
130.915,-1.39762
130.966,-1.3978
131.018,-1.39798
131.063,-1.39814
131.115,-1.3983
131.165,-1.39846
131.215,-1.39862
131.266,-1.39879
131.31,-1.39896
131.366,-1.39913
131.416,-1.39931
131.465,-1.39949
131.517,-1.39967
131.566,-1.39985
131.615,-1.40003
131.667,-1.40021
131.72,-1.40039
131.766,-1.40056
131.815,-1.40074
131.865,-1.40091
131.912,-1.40109
131.963,-1.40127
132.013,-1.40145
132.063,-1.40164
132.112,-1.40184
132.162,-1.40205
132.214,-1.40227
132.264,-1.4025
132.316,-1.40274
132.363,-1.40298
132.41,-1.40323
132.465,-1.40348
132.518,-1.40374
132.564,-1.40399
132.613,-1.40423
132.662,-1.40447
132.716,-1.40471
132.764,-1.40493
132.815,-1.40515
132.864,-1.40537
132.912,-1.40557
132.963,-1.40578
133.015,-1.40598
133.066,-1.40618
133.115,-1.40638
133.163,-1.40658
133.213,-1.40677
133.263,-1.40696
133.313,-1.40715
133.363,-1.40734
133.412,-1.40753
133.461,-1.40772
133.512,-1.40791
133.561,-1.40811
133.613,-1.40832
133.662,-1.40852
133.713,-1.40873
133.767,-1.40894
133.816,-1.40915
133.865,-1.40935
133.916,-1.40954
133.962,-1.40973
134.012,-1.40992
134.06,-1.4101
134.114,-1.41028
134.166,-1.41046
134.214,-1.41063
134.263,-1.41081
134.31,-1.41099
134.361,-1.41118
134.409,-1.41138
134.461,-1.41158
134.512,-1.41179
134.561,-1.412
134.612,-1.41221
134.662,-1.41242
134.715,-1.41262
134.761,-1.41283
134.811,-1.41304
134.861,-1.41325
134.915,-1.41346
134.964,-1.41368
135.014,-1.4139
135.06,-1.41412
135.112,-1.41434
135.159,-1.41456
135.213,-1.41478
135.263,-1.41499
135.31,-1.4152
135.362,-1.4154
135.41,-1.41559
135.462,-1.41578
135.513,-1.41596
135.562,-1.41613
135.61,-1.4163
135.667,-1.41648
135.71,-1.41667
135.763,-1.41688
135.815,-1.41709
135.859,-1.41732
135.909,-1.41757
135.958,-1.41782
136.016,-1.41808
136.062,-1.41834
136.113,-1.41861
136.16,-1.41887
136.21,-1.41912
136.267,-1.41937
136.312,-1.41962
136.36,-1.41985
136.41,-1.42007
136.457,-1.42029
136.51,-1.4205
136.56,-1.42071
136.61,-1.42091
136.66,-1.42112
136.713,-1.42132
136.76,-1.42152
136.807,-1.42172
136.864,-1.42193
136.91,-1.42213
136.961,-1.42234
137.009,-1.42253
137.059,-1.42273
137.107,-1.42292
137.158,-1.4231
137.208,-1.42328
137.254,-1.42345
137.309,-1.42361
137.36,-1.42378
137.407,-1.42394
137.46,-1.42411
137.506,-1.42427
137.558,-1.42445
137.608,-1.42463
137.658,-1.42481
137.709,-1.42501
137.759,-1.4252
137.812,-1.4254
137.856,-1.4256
137.91,-1.4258
137.958,-1.42599
138.008,-1.42617
138.054,-1.42635
138.109,-1.42653
138.159,-1.42671
138.209,-1.42688
138.256,-1.42706
138.306,-1.42723
138.36,-1.42741
138.408,-1.42759
138.459,-1.42777
138.511,-1.42794
138.558,-1.42812
138.608,-1.4283
138.66,-1.42849
138.707,-1.42868
138.758,-1.42889
138.804,-1.42911
138.858,-1.42934
138.906,-1.42959
138.959,-1.42984
139.007,-1.43009
139.056,-1.43036
139.107,-1.43062
139.159,-1.43089
139.21,-1.43115
139.259,-1.43142
139.307,-1.43167
139.356,-1.43192
139.407,-1.43216
139.455,-1.43239
139.509,-1.43261
139.559,-1.43281
139.606,-1.43301
139.654,-1.43319
139.709,-1.43338
139.755,-1.43355
139.81,-1.43372
139.86,-1.43388
139.905,-1.43405
139.958,-1.4342
140.005,-1.43436
140.057,-1.43452
140.107,-1.43468
140.158,-1.43484
140.202,-1.435
140.255,-1.43516
140.306,-1.43533
140.357,-1.43551
140.408,-1.43569
140.455,-1.43588
140.506,-1.43608
140.559,-1.43628
140.608,-1.43648
140.655,-1.43668
140.704,-1.43688
140.757,-1.43707
140.805,-1.43726
140.855,-1.43745
140.907,-1.43763
140.954,-1.43781
141.005,-1.43799
141.055,-1.43817
141.106,-1.43834
141.157,-1.43852
141.205,-1.4387
141.255,-1.43888
141.304,-1.43907
141.354,-1.43925
141.407,-1.43944
141.454,-1.43962
141.504,-1.43981
141.551,-1.43999
141.602,-1.44018
141.654,-1.44037
141.701,-1.44056
141.753,-1.44075
141.8,-1.44095
141.858,-1.44115
141.903,-1.44135
141.956,-1.44156
142.004,-1.44177
142.052,-1.44199
142.107,-1.44221
142.153,-1.44243
142.208,-1.44266
142.253,-1.44288
142.304,-1.44311
142.35,-1.44333
142.402,-1.44355
142.455,-1.44377
142.504,-1.44398
142.552,-1.44418
142.601,-1.44438
142.655,-1.44458
142.704,-1.44477
142.753,-1.44496
142.805,-1.44516
142.852,-1.44535
142.903,-1.44555
142.952,-1.44576
143.004,-1.44597
143.055,-1.44619
143.103,-1.44641
143.154,-1.44664
143.202,-1.44688
143.254,-1.44712
143.305,-1.44736
143.353,-1.4476
143.406,-1.44784
143.451,-1.44809
143.503,-1.44833
143.55,-1.44857
143.604,-1.44879
143.652,-1.449
143.697,-1.4492
143.755,-1.44938
143.803,-1.44955
143.852,-1.44971
143.904,-1.44986
143.952,-1.45001
144.003,-1.45015
144.051,-1.4503
144.103,-1.45045
144.15,-1.45061
144.202,-1.45077
144.249,-1.45095
144.297,-1.45114
144.352,-1.45134
144.399,-1.45156
144.454,-1.45179
144.5,-1.45203
144.552,-1.45228
144.602,-1.45252
144.651,-1.45276
144.702,-1.453
144.751,-1.45323
144.801,-1.45345
144.851,-1.45366
144.902,-1.45388
144.952,-1.45408
145.0,-1.45429
145.05,-1.4545
145.098,-1.45471
145.152,-1.45492
145.201,-1.45513
145.252,-1.45534
145.301,-1.45555
145.351,-1.45575
145.403,-1.45594
145.452,-1.45613
145.503,-1.45631
145.551,-1.45649
145.6,-1.45666
145.651,-1.45683
145.699,-1.457
145.753,-1.45718
145.801,-1.45735
145.852,-1.45753
145.9,-1.45772
145.951,-1.45791
146.004,-1.45811
146.049,-1.45831
146.101,-1.45851
146.149,-1.45872
146.199,-1.45892
146.251,-1.45913
146.298,-1.45933
146.348,-1.45954
146.4,-1.45974
146.448,-1.45993
146.501,-1.46012
146.55,-1.46031
146.601,-1.46049
146.652,-1.46068
146.701,-1.46086
146.746,-1.46103
146.798,-1.46121
146.85,-1.46138
146.898,-1.46155
146.95,-1.46171
146.999,-1.46188
147.048,-1.46205
147.098,-1.46222
147.151,-1.46238
147.197,-1.46255
147.245,-1.46272
147.3,-1.4629
147.345,-1.46307
147.397,-1.46325
147.45,-1.46344
147.495,-1.46364
147.549,-1.46384
147.598,-1.46405
147.65,-1.46427
147.698,-1.46449
147.744,-1.46471
147.797,-1.46493
147.847,-1.46515
147.898,-1.46536
147.948,-1.46557
147.997,-1.46576
148.047,-1.46594
148.095,-1.46611
148.146,-1.46626
148.198,-1.46642
148.248,-1.46657
148.296,-1.46672
148.344,-1.46687
148.397,-1.46703
148.449,-1.46719
148.499,-1.46736
148.547,-1.46755
148.6,-1.46776
148.648,-1.46799
148.697,-1.46822
148.746,-1.46847
148.798,-1.46873
148.847,-1.46899
148.896,-1.46925
148.946,-1.46951
148.997,-1.46975
149.045,-1.46999
149.098,-1.47022
149.145,-1.47043
149.194,-1.47064
149.247,-1.47083
149.299,-1.47102
149.348,-1.47119
149.394,-1.47137
149.447,-1.47153
149.497,-1.4717
149.546,-1.47186
149.596,-1.47203
149.645,-1.4722
149.692,-1.47238
149.745,-1.47256
149.796,-1.47275
149.844,-1.47293
149.895,-1.47312
149.949,-1.4733
149.993,-1.47347
150.048,-1.47364
150.099,-1.47381
150.146,-1.47398
150.197,-1.47415
150.245,-1.47432
150.294,-1.4745
150.344,-1.47468
150.393,-1.47488
150.442,-1.47508
150.495,-1.47529
150.547,-1.47551
150.593,-1.47574
150.645,-1.47598
150.699,-1.47622
150.742,-1.47645
150.793,-1.47668
150.844,-1.47691
150.895,-1.47713
150.943,-1.47735
150.993,-1.47756
151.044,-1.47777
151.091,-1.47797
151.143,-1.47818
151.193,-1.47839
151.245,-1.4786
151.294,-1.47882
151.346,-1.47904
151.395,-1.47926
151.445,-1.4795
151.49,-1.47973
151.54,-1.47997
151.59,-1.48021
151.642,-1.48045
151.694,-1.48068
151.741,-1.4809
151.793,-1.48111
151.843,-1.4813
151.893,-1.48149
151.942,-1.48166
151.993,-1.48183
152.046,-1.48198
152.095,-1.48214
152.14,-1.48229
152.195,-1.48246
152.241,-1.48263
152.294,-1.4828
152.341,-1.48299
152.392,-1.48317
152.442,-1.48335
152.491,-1.48354
152.546,-1.48373
152.592,-1.48392
152.641,-1.48411
152.69,-1.4843
152.741,-1.48448
152.793,-1.48467
152.84,-1.48486
152.892,-1.48505
152.939,-1.48525
152.994,-1.48545
153.04,-1.48566
153.091,-1.48588
153.141,-1.4861
153.193,-1.48632
153.245,-1.48654
153.292,-1.48676
153.341,-1.48698
153.391,-1.48719
153.44,-1.48741
153.489,-1.48762
153.542,-1.48782
153.591,-1.48802
153.639,-1.48822
153.688,-1.48842
153.74,-1.48862
153.791,-1.48882
153.843,-1.48902
153.89,-1.48921
153.942,-1.4894
153.989,-1.48959
154.041,-1.48978
154.091,-1.48996
154.142,-1.49015
154.192,-1.49032
154.239,-1.49049
154.287,-1.49066
154.341,-1.49082
154.389,-1.49097
154.443,-1.49113
154.489,-1.49128
154.541,-1.49144
154.588,-1.4916
154.638,-1.49177
154.694,-1.49195
154.737,-1.49215
154.791,-1.49236
154.841,-1.49258
154.89,-1.49282
154.945,-1.49307
154.99,-1.49333
155.039,-1.49359
155.088,-1.49386
155.14,-1.49412
155.196,-1.49438
155.238,-1.49464
155.289,-1.49489
155.342,-1.49513
155.387,-1.49535
155.442,-1.49557
155.487,-1.49577
155.541,-1.49596
155.588,-1.49614
155.637,-1.49632
155.687,-1.4965
155.738,-1.49667
155.788,-1.49685
155.838,-1.49703
155.887,-1.49722
155.936,-1.49741
155.987,-1.49761
156.036,-1.4978
156.09,-1.498
156.141,-1.49819
156.186,-1.49838
156.237,-1.49857
156.287,-1.49877
156.341,-1.49896
156.387,-1.49915
156.439,-1.49933
156.486,-1.49951
156.537,-1.49968
156.593,-1.49986
156.639,-1.50004
156.691,-1.50023
156.736,-1.50043
156.789,-1.50063
156.841,-1.50084
156.888,-1.50106
156.941,-1.50129
156.986,-1.50153
157.04,-1.50176
157.088,-1.50199
157.136,-1.50221
157.187,-1.50243
157.236,-1.50265
157.287,-1.50286
157.337,-1.50306
157.389,-1.50326
157.441,-1.50345
157.488,-1.50363
157.534,-1.5038
157.585,-1.50396
157.639,-1.50412
157.685,-1.50428
157.741,-1.50444
157.782,-1.5046
157.835,-1.50478
157.889,-1.50496
157.936,-1.50514
157.986,-1.50533
158.036,-1.50552
158.083,-1.50572
158.138,-1.50593
158.188,-1.50614
158.239,-1.50636
158.286,-1.50658
158.332,-1.50679
158.386,-1.50699
158.436,-1.50718
158.489,-1.50736
158.537,-1.50753
158.588,-1.50769
158.634,-1.50784
158.688,-1.50798
158.735,-1.50811
158.785,-1.50825
158.834,-1.50838
158.885,-1.50852
158.94,-1.50866
158.987,-1.50881
159.036,-1.50898
159.086,-1.50916
159.134,-1.50936
159.185,-1.50957
159.236,-1.50981
159.285,-1.51006
159.336,-1.51032
159.383,-1.51059
159.436,-1.51087
159.488,-1.51114
159.54,-1.5114
159.585,-1.51166
159.635,-1.51189
159.685,-1.5121
159.733,-1.51229
159.787,-1.51246
159.833,-1.51261
159.886,-1.51273
159.936,-1.51285
159.979,-1.51296
160.037,-1.51306
160.086,-1.51317
160.139,-1.51328
160.185,-1.5134
160.234,-1.51353
160.285,-1.51368
160.334,-1.51385
160.386,-1.51404
160.437,-1.51424
160.485,-1.51445
160.532,-1.51468
160.587,-1.51491
160.632,-1.51515
160.683,-1.51538
160.734,-1.51562
160.784,-1.51584
160.833,-1.51605
160.886,-1.51625
160.937,-1.51644
160.984,-1.51661
161.032,-1.51677
161.083,-1.51693
161.136,-1.51708
161.179,-1.51723
161.231,-1.51737
161.281,-1.51752
161.333,-1.51767
161.381,-1.51782
161.435,-1.51798
161.482,-1.51815
161.531,-1.51833
161.58,-1.51852
161.63,-1.51871
161.685,-1.51891
161.731,-1.51912
161.782,-1.51932
161.833,-1.51952
161.881,-1.51972
161.936,-1.51992
161.983,-1.52012
162.033,-1.52031
162.084,-1.52051
162.135,-1.5207
162.179,-1.52089
162.233,-1.52107
162.286,-1.52126
162.332,-1.52145
162.383,-1.52164
162.432,-1.52184
162.481,-1.52204
162.53,-1.52225
162.581,-1.52246
162.631,-1.52267
162.681,-1.52289
162.732,-1.5231
162.78,-1.52332
162.833,-1.52353
162.879,-1.52374
162.929,-1.52395
162.984,-1.52415
163.029,-1.52435
163.083,-1.52455
163.132,-1.52475
163.178,-1.52495
163.229,-1.52516
163.281,-1.52537
163.332,-1.52559
163.38,-1.52581
163.432,-1.52604
163.482,-1.52627
163.53,-1.5265
163.583,-1.52674
163.629,-1.52698
163.68,-1.52722
163.73,-1.52746
163.779,-1.5277
163.829,-1.52794
163.879,-1.52817
163.929,-1.52839
163.98,-1.5286
164.031,-1.52879
164.081,-1.52896
164.132,-1.52912
164.18,-1.52926
164.232,-1.52938
164.279,-1.52949
164.33,-1.52959
164.383,-1.5297
164.43,-1.52981
164.48,-1.52994
164.53,-1.53007
164.577,-1.53021
164.627,-1.53038
164.679,-1.53056
164.729,-1.53076
164.778,-1.53098
164.829,-1.53122
164.878,-1.53147
164.927,-1.53173
164.983,-1.53199
165.032,-1.53226
165.078,-1.53253
165.128,-1.53278
165.18,-1.53303
165.23,-1.53326
165.278,-1.53347
165.325,-1.53366
165.377,-1.53384
165.427,-1.53401
165.477,-1.53417
165.525,-1.53432
165.579,-1.53448
165.626,-1.53465
165.679,-1.53482
165.729,-1.53501
165.777,-1.53521
165.829,-1.53543
165.878,-1.53567
165.929,-1.53592
165.977,-1.53618
166.026,-1.53644
166.08,-1.5367
166.129,-1.53697
166.177,-1.53723
166.227,-1.53749
166.28,-1.53774
166.331,-1.53799
166.376,-1.53823
166.427,-1.53845
166.474,-1.53867
166.53,-1.53888
166.579,-1.53907
166.627,-1.53926
166.675,-1.53945
166.725,-1.53963
166.777,-1.53982
166.827,-1.54001
166.882,-1.54021
166.926,-1.54041
166.974,-1.54061
167.026,-1.54082
167.078,-1.54103
167.129,-1.54123
167.176,-1.54144
167.226,-1.54165
167.274,-1.54185
167.325,-1.54206
167.377,-1.54226
167.428,-1.54246
167.476,-1.54267
167.526,-1.54288
167.577,-1.54309
167.629,-1.5433
167.677,-1.54352
167.728,-1.54373
167.773,-1.54395
167.824,-1.54416
167.876,-1.54438
167.926,-1.54459
167.973,-1.5448
168.024,-1.545
168.078,-1.54519
168.124,-1.54537
168.174,-1.54555
168.229,-1.54571
168.273,-1.54586
168.322,-1.54601
168.372,-1.54616
168.425,-1.5463
168.478,-1.54644
168.526,-1.54657
168.571,-1.54671
168.623,-1.54685
168.679,-1.54698
168.723,-1.54713
168.772,-1.54727
168.824,-1.54743
168.873,-1.54759
168.925,-1.54777
168.973,-1.54795
169.026,-1.54816
169.072,-1.54838
169.124,-1.54862
169.17,-1.54887
169.227,-1.54914
169.277,-1.54942
169.325,-1.5497
169.375,-1.54998
169.421,-1.55025
169.476,-1.55052
169.528,-1.55079
169.572,-1.55104
169.623,-1.55128
169.676,-1.5515
169.726,-1.55172
169.777,-1.55193
169.823,-1.55214
169.874,-1.55233
169.923,-1.55252
169.974,-1.55271
170.023,-1.55289
170.073,-1.55308
170.125,-1.55327
170.176,-1.55347
170.222,-1.55369
170.274,-1.55391
170.325,-1.55414
170.376,-1.55437
170.424,-1.55461
170.472,-1.55484
170.523,-1.55506
170.572,-1.55528
170.625,-1.55548
170.675,-1.55567
170.725,-1.55585
170.774,-1.55601
170.824,-1.55617
170.872,-1.55631
170.923,-1.55645
170.974,-1.55659
171.023,-1.55673
171.071,-1.55687
171.122,-1.55702
171.175,-1.55717
171.224,-1.55733
171.272,-1.5575
171.32,-1.55767
171.371,-1.55784
171.423,-1.55803
171.474,-1.55822
171.521,-1.55842
171.57,-1.55862
171.622,-1.55883
171.671,-1.55904
171.719,-1.55925
171.772,-1.55946
171.82,-1.55967
171.873,-1.55988
171.922,-1.56009
171.978,-1.5603
172.02,-1.56051
172.076,-1.56072
172.124,-1.56093
172.169,-1.56115
172.222,-1.56137
172.271,-1.56158
172.321,-1.5618
172.372,-1.56202
172.423,-1.56224
172.472,-1.56245
172.523,-1.56266
172.573,-1.56287
172.62,-1.56308
172.67,-1.56328
172.72,-1.56347
172.773,-1.56367
172.821,-1.56386
172.87,-1.56406
172.922,-1.56426
172.972,-1.56447
173.02,-1.56468
173.072,-1.5649
173.122,-1.56512
173.168,-1.56534
173.22,-1.56557
173.272,-1.5658
173.317,-1.56604
173.366,-1.56628
173.423,-1.56653
173.468,-1.56678
173.521,-1.56703
173.57,-1.56729
173.619,-1.56754
173.669,-1.5678
173.718,-1.56806
173.772,-1.56832
173.819,-1.56858
173.87,-1.56884
173.919,-1.56909
173.964,-1.56934
174.018,-1.56957
174.069,-1.56979
174.119,-1.56999
174.168,-1.57018
174.218,-1.57037
174.267,-1.57054
174.317,-1.57071
174.368,-1.57087
174.419,-1.57104
174.468,-1.57121
174.517,-1.5714
174.57,-1.57161
174.622,-1.57183
174.668,-1.57206
174.721,-1.57231
174.767,-1.57257
174.82,-1.57283
174.869,-1.57311
174.917,-1.57338
174.967,-1.57366
175.016,-1.57394
175.071,-1.57421
175.116,-1.57447
175.169,-1.57472
175.217,-1.57497
175.267,-1.57521
175.313,-1.57543
175.366,-1.57565
175.42,-1.57586
175.465,-1.57607
175.522,-1.57628
175.568,-1.5765
175.618,-1.57671
175.666,-1.57694
175.719,-1.57717
175.769,-1.57741
175.815,-1.57767
175.867,-1.57793
175.92,-1.5782
175.966,-1.57847
176.02,-1.57875
176.066,-1.57903
176.114,-1.5793
176.168,-1.57957
176.215,-1.57984
176.269,-1.58011
176.316,-1.58038
176.366,-1.58064
176.416,-1.5809
176.467,-1.58116
176.519,-1.58142
176.566,-1.58168
176.618,-1.58193
176.665,-1.58218
176.714,-1.58242
176.767,-1.58267
176.815,-1.58291
176.867,-1.58314
176.914,-1.58338
176.964,-1.58362
177.014,-1.58385
177.067,-1.58409
177.118,-1.58433
177.164,-1.58457
177.216,-1.58481
177.263,-1.58504
177.316,-1.58527
177.368,-1.5855
177.415,-1.58573
177.467,-1.58597
177.516,-1.5862
177.566,-1.58644
177.614,-1.58668
177.668,-1.58693
177.715,-1.58719
177.765,-1.58744
177.817,-1.5877
177.867,-1.58795
177.916,-1.5882
177.963,-1.58844
178.014,-1.58867
178.062,-1.58891
178.118,-1.58914
178.166,-1.58937
178.215,-1.58961
178.263,-1.58984
178.314,-1.59007
178.364,-1.59031
178.415,-1.59054
178.466,-1.59078
178.514,-1.59101
178.564,-1.59125
178.615,-1.59148
178.665,-1.59171
178.715,-1.59193
178.764,-1.59215
178.814,-1.59236
178.867,-1.59257
178.913,-1.59277
178.965,-1.59298
179.013,-1.59319
179.065,-1.5934
179.113,-1.59362
179.167,-1.59385
179.217,-1.59408
179.261,-1.59432
179.313,-1.59456
179.363,-1.5948
179.415,-1.59504
179.464,-1.59527
179.513,-1.59548
179.563,-1.59569
179.613,-1.59589
179.663,-1.59608
179.711,-1.59627
179.765,-1.59645
179.815,-1.59664
179.861,-1.59682
179.916,-1.597
179.963,-1.59719
180.014,-1.59739
180.065,-1.59759
180.112,-1.5978
180.164,-1.59802
180.214,-1.59825
180.265,-1.59848
180.312,-1.59873
180.365,-1.59898
180.41,-1.59923
180.458,-1.59949
180.515,-1.59976
180.562,-1.60004
180.614,-1.60032
180.663,-1.6006
180.709,-1.60088
180.763,-1.60116
180.813,-1.60143
180.861,-1.60169
180.911,-1.60195
180.964,-1.6022
181.009,-1.60244
181.062,-1.60268
181.111,-1.60292
181.161,-1.60316
181.212,-1.60339
181.261,-1.60363
181.313,-1.60387
181.364,-1.60411
181.413,-1.60436
181.46,-1.6046
181.51,-1.60486
181.561,-1.60511
181.612,-1.60537
181.662,-1.60563
181.71,-1.60589
181.757,-1.60615
181.812,-1.60642
181.862,-1.60668
181.912,-1.60694
181.963,-1.60719
182.01,-1.60745
182.06,-1.6077
182.109,-1.60795
182.162,-1.60821
182.213,-1.60847
182.261,-1.60872
182.309,-1.60899
182.362,-1.60925
182.41,-1.60952
182.464,-1.60978
182.512,-1.61004
182.56,-1.61029
182.611,-1.61053
182.662,-1.61077
182.712,-1.61101
182.762,-1.61124
182.81,-1.61148
182.86,-1.61172
182.908,-1.61197
182.958,-1.61221
183.012,-1.61246
183.058,-1.61271
183.11,-1.61296
183.16,-1.61322
183.212,-1.61348
183.262,-1.61375
183.312,-1.61402
183.358,-1.61429
183.412,-1.61457
183.461,-1.61486
183.509,-1.61514
183.563,-1.61544
183.611,-1.61573
183.66,-1.61604
183.71,-1.61635
183.761,-1.61666
183.815,-1.61697
183.862,-1.61729
183.911,-1.61761
183.96,-1.61792
184.01,-1.61824
184.061,-1.61854
184.11,-1.61884
184.162,-1.61914
184.209,-1.61943
184.26,-1.61972
184.312,-1.62001
184.362,-1.62031
184.412,-1.62063
184.463,-1.62096
184.509,-1.62129
184.557,-1.62164
184.611,-1.62199
184.662,-1.62235
184.705,-1.62271
184.757,-1.62307
184.81,-1.62343
184.862,-1.62379
184.905,-1.62415
184.959,-1.6245
185.01,-1.62485
185.056,-1.6252
185.11,-1.62554
185.159,-1.62587
185.21,-1.6262
185.259,-1.62652
185.308,-1.62684
185.359,-1.62715
185.408,-1.62745
185.457,-1.62773
185.505,-1.62801
185.56,-1.62827
185.61,-1.62854
185.657,-1.6288
185.709,-1.62906
185.755,-1.62933
185.807,-1.62961
185.857,-1.6299
185.908,-1.63021
185.959,-1.63054
186.003,-1.63088
186.057,-1.63123
186.106,-1.63159
186.157,-1.63196
186.207,-1.63232
186.255,-1.63269
186.307,-1.63306
186.358,-1.63342
186.407,-1.63379
186.459,-1.63414
186.507,-1.6345
186.559,-1.63486
186.605,-1.63522
186.657,-1.63558
186.708,-1.63595
186.759,-1.63632
186.809,-1.63671
186.856,-1.6371
186.908,-1.6375
186.959,-1.63791
187.006,-1.63833
187.058,-1.63876
187.113,-1.63919
187.155,-1.63962
187.206,-1.64005
187.259,-1.64047
187.306,-1.6409
187.357,-1.64132
187.404,-1.64175
187.456,-1.64218
187.504,-1.64261
187.558,-1.64305
187.605,-1.6435
187.657,-1.64394
187.709,-1.64439
187.752,-1.64483
187.807,-1.64528
187.859,-1.64573
187.903,-1.64618
187.956,-1.64663
188.0,-1.64709
188.055,-1.64754
188.105,-1.648
188.154,-1.64845
188.208,-1.64891
188.254,-1.64937
188.304,-1.64984
188.356,-1.65031
188.405,-1.65078
188.453,-1.65125
188.508,-1.65172
188.554,-1.65219
188.606,-1.65266
188.657,-1.65314
188.705,-1.65361
188.758,-1.65409
188.803,-1.65457
188.855,-1.65505
188.907,-1.65554
188.952,-1.65603
189.002,-1.65653
189.058,-1.65703
189.105,-1.65754
189.154,-1.65805
189.208,-1.65857
189.257,-1.65909
189.303,-1.6596
189.353,-1.66011
189.403,-1.66061
189.454,-1.6611
189.504,-1.66159
189.554,-1.66208
189.601,-1.66256
189.655,-1.66305
189.705,-1.66354
189.756,-1.66404
189.803,-1.66454
189.857,-1.66504
189.903,-1.66555
189.957,-1.66607
190.007,-1.66659
190.052,-1.66712
190.103,-1.66766
190.151,-1.66821
190.206,-1.66877
190.251,-1.66934
190.303,-1.66992
190.35,-1.67051
190.406,-1.67111
190.455,-1.67171
190.504,-1.67232
190.554,-1.67293
190.602,-1.67354
190.652,-1.67416
190.703,-1.67476
190.752,-1.67536
190.805,-1.67595
190.855,-1.67653
190.903,-1.6771
190.951,-1.67765
191.005,-1.67821
191.053,-1.67876
191.104,-1.6793
191.155,-1.67985
191.202,-1.68039
191.254,-1.68093
191.3,-1.68147
191.355,-1.68202
191.403,-1.68256
191.447,-1.6831
191.499,-1.68365
191.55,-1.6842
191.601,-1.68475
191.651,-1.68531
191.702,-1.68586
191.752,-1.68641
191.802,-1.68695
191.854,-1.6875
191.903,-1.68804
191.952,-1.68857
192.0,-1.6891
192.049,-1.68963
192.1,-1.69016
192.152,-1.69069
192.203,-1.69122
192.25,-1.69175
192.303,-1.69229
192.351,-1.69283
192.402,-1.69336
192.452,-1.6939
192.499,-1.69443
192.55,-1.69497
192.599,-1.69551
192.651,-1.69605
192.705,-1.69659
192.752,-1.69713
192.802,-1.69767
192.852,-1.69821
192.9,-1.69876
192.949,-1.69931
193.001,-1.69986
193.054,-1.70042
193.097,-1.70098
193.154,-1.70154
193.202,-1.7021
193.253,-1.70265
193.302,-1.70319
193.35,-1.70372
193.399,-1.70425
193.448,-1.70477
193.504,-1.70529
193.549,-1.7058
193.601,-1.70631
193.649,-1.70682
193.7,-1.70733
193.75,-1.70783
193.8,-1.70832
193.85,-1.7088
193.901,-1.70928
193.951,-1.70975
194.0,-1.7102
194.05,-1.71065
194.1,-1.7111
194.151,-1.71154
194.2,-1.71197
194.248,-1.7124
194.3,-1.71283
194.35,-1.71325
194.398,-1.71368
194.449,-1.7141
194.498,-1.71452
194.551,-1.71494
194.6,-1.71535
194.648,-1.71577
194.697,-1.71619
194.747,-1.7166
194.8,-1.71702
194.849,-1.71743
194.897,-1.71784
194.949,-1.71825
194.999,-1.71865
195.044,-1.71905
195.099,-1.71943
195.15,-1.71981
195.198,-1.72018
195.249,-1.72054
195.299,-1.72089
195.347,-1.72124
195.4,-1.72158
195.449,-1.72192
195.501,-1.72225
195.546,-1.72256
195.598,-1.72287
195.649,-1.72318
195.699,-1.7235
195.749,-1.72381
195.797,-1.72413
195.849,-1.72446
195.899,-1.72479
195.946,-1.72513
195.998,-1.72548
196.044,-1.72584
196.099,-1.7262
196.148,-1.72657
196.199,-1.72695
196.247,-1.72734
196.298,-1.72773
196.344,-1.72811
196.396,-1.72849
196.448,-1.72886
196.497,-1.72921
196.548,-1.72955
196.595,-1.72987
196.648,-1.73018
196.697,-1.73047
196.75,-1.73076
196.797,-1.73103
196.846,-1.73129
196.895,-1.73154
196.948,-1.73179
196.997,-1.73205
197.047,-1.7323
197.098,-1.73255
197.145,-1.7328
197.196,-1.73306
197.247,-1.73331
197.299,-1.73357
197.346,-1.73384
197.392,-1.7341
197.444,-1.73436
197.498,-1.73463
197.545,-1.73489
197.591,-1.73515
197.645,-1.73541
197.693,-1.73566
197.746,-1.73591
197.796,-1.73615
197.845,-1.73638
197.891,-1.73661
197.945,-1.73682
197.994,-1.73702
198.042,-1.73721
198.098,-1.7374
198.146,-1.73758
198.194,-1.73776
198.247,-1.73794
198.293,-1.73813
198.348,-1.73832
198.395,-1.73851
198.447,-1.73871
198.494,-1.73891
198.543,-1.73911
198.594,-1.73931
198.648,-1.73951
198.692,-1.73971
198.738,-1.73992
198.796,-1.74012
198.844,-1.74033
198.895,-1.74055
198.944,-1.74077
198.995,-1.74099
199.042,-1.74121
199.094,-1.74143
199.146,-1.74166
199.196,-1.74188
199.246,-1.7421
199.294,-1.74232
199.343,-1.74253
199.397,-1.74274
199.447,-1.74293
199.496,-1.74312
199.543,-1.74329
199.594,-1.74345
199.646,-1.7436
199.691,-1.74375
199.742,-1.74389
199.795,-1.74402
199.842,-1.74416
199.894,-1.7443
199.943,-1.74444
199.997,-1.7446
200.042,-1.74475
200.094,-1.74492
200.144,-1.7451
200.196,-1.74528
200.245,-1.74546
200.292,-1.74565
200.344,-1.74585
200.393,-1.74605
200.443,-1.74627
200.493,-1.74648
200.543,-1.7467
200.593,-1.74692
200.644,-1.74713
200.693,-1.74734
200.742,-1.74754
200.793,-1.74772
200.843,-1.7479
200.891,-1.74807
200.94,-1.74822
200.991,-1.74837
201.043,-1.7485
201.094,-1.74862
201.139,-1.74873
201.191,-1.74884
201.242,-1.74894
201.294,-1.74905
201.342,-1.74916
201.393,-1.74928
201.438,-1.74942
201.492,-1.74956
201.541,-1.74972
201.589,-1.74989
201.641,-1.75006
201.687,-1.75025
201.741,-1.75044
201.791,-1.75064
201.844,-1.75085
201.892,-1.75105
201.94,-1.75126
201.992,-1.75147
202.039,-1.75168
202.091,-1.75189
202.142,-1.75209
202.192,-1.75229
202.24,-1.75248
202.289,-1.75265
202.34,-1.75282
202.388,-1.75297
202.44,-1.75312
202.489,-1.75326
202.539,-1.75339
202.591,-1.75352
202.641,-1.75366
202.693,-1.75379
202.739,-1.75393
202.791,-1.75407
202.842,-1.75422
202.888,-1.75437
202.94,-1.75453
202.989,-1.75469
203.042,-1.75486
203.088,-1.75503
203.138,-1.7552
203.189,-1.75536
203.239,-1.75553
203.292,-1.7557
203.337,-1.75586
203.39,-1.75602
203.442,-1.75618
203.49,-1.75635
203.541,-1.75651
203.586,-1.75669
203.639,-1.75687
203.689,-1.75706
203.74,-1.75726
203.79,-1.75745
203.839,-1.75765
203.889,-1.75784
203.939,-1.75803
203.991,-1.75821
204.039,-1.75838
204.088,-1.75854
204.138,-1.75869
204.189,-1.75884
204.238,-1.75898
204.289,-1.75913
204.339,-1.75927
204.385,-1.75942
204.438,-1.75958
204.487,-1.75975
204.537,-1.75992
204.589,-1.76011
204.636,-1.76031
204.691,-1.76051
204.737,-1.76073
204.789,-1.76094
204.842,-1.76116
204.888,-1.76138
204.937,-1.76159
204.987,-1.7618
205.039,-1.76201
205.091,-1.76222
205.134,-1.76242
205.187,-1.76261
205.237,-1.76279
205.287,-1.76296
205.338,-1.76312
205.388,-1.76327
205.439,-1.76342
205.485,-1.76356
205.537,-1.7637
205.588,-1.76384
205.639,-1.76399
205.688,-1.76414
205.736,-1.7643
205.785,-1.76447
205.836,-1.76465
205.887,-1.76484
205.936,-1.76503
205.986,-1.76522
206.037,-1.76542
206.087,-1.76561
206.138,-1.76581
206.188,-1.766
206.24,-1.76619
206.286,-1.76638
206.338,-1.76655
206.387,-1.76673
206.436,-1.7669
206.487,-1.76706
206.534,-1.76722
206.587,-1.76738
206.636,-1.76753
206.688,-1.76768
206.738,-1.76783
206.789,-1.76798
206.835,-1.76814
206.886,-1.7683
206.937,-1.76846
206.985,-1.76863
207.037,-1.76881
207.087,-1.76899
207.134,-1.76918
207.187,-1.76937
207.239,-1.76955
207.285,-1.76974
207.338,-1.76992
207.386,-1.7701
207.435,-1.77028
207.485,-1.77046
207.535,-1.77064
207.584,-1.77082
207.637,-1.77102
207.684,-1.77121
207.737,-1.77141
207.784,-1.77161
207.836,-1.7718
207.884,-1.77199
207.937,-1.77217
207.987,-1.77235
208.034,-1.77253
208.087,-1.77272
208.137,-1.77291
208.184,-1.7731
208.238,-1.7733
208.282,-1.77351
208.335,-1.77372
208.386,-1.77392
208.434,-1.77413
208.484,-1.77433
208.534,-1.77452
208.585,-1.7747
208.633,-1.77488
208.684,-1.77504
208.735,-1.7752
208.781,-1.77536
208.834,-1.77551
208.884,-1.77568
208.936,-1.77585
208.985,-1.77604
209.035,-1.77623
209.086,-1.77644
209.133,-1.77666
209.185,-1.77688
209.234,-1.77711
209.286,-1.77734
209.331,-1.77757
209.385,-1.7778
209.432,-1.77803
209.482,-1.77824
209.535,-1.77845
209.583,-1.77864
209.635,-1.77883
209.687,-1.779
209.734,-1.77917
209.783,-1.77932
209.836,-1.77947
209.885,-1.77961
209.931,-1.77975
209.987,-1.77989
210.035,-1.78004
210.083,-1.78019
210.134,-1.78034
210.185,-1.78051
210.239,-1.7807
210.284,-1.78089
210.333,-1.78109
210.384,-1.78129
210.433,-1.78151
210.484,-1.78173
210.529,-1.78195
210.584,-1.78216
210.631,-1.78238
210.683,-1.78258
210.734,-1.78278
210.784,-1.78298
210.833,-1.78317
210.883,-1.78335
210.932,-1.78352
210.983,-1.78368
211.033,-1.78384
211.081,-1.78399
211.132,-1.78413
211.182,-1.78427
211.233,-1.7844
211.286,-1.78453
211.332,-1.78467
211.383,-1.7848
211.429,-1.78495
211.482,-1.78509
211.531,-1.78525
211.583,-1.78541
211.632,-1.78557
211.68,-1.78574
211.727,-1.78591
211.782,-1.78608
211.828,-1.78626
211.88,-1.78643
211.931,-1.78659
211.981,-1.78676
212.029,-1.78691
212.082,-1.78706
212.135,-1.78721
212.182,-1.78737
212.231,-1.78754
212.279,-1.78771
212.331,-1.78789
212.38,-1.78807
212.429,-1.78826
212.481,-1.78844
212.528,-1.78861
212.58,-1.78878
212.627,-1.78895
212.682,-1.78911
212.728,-1.78928
212.783,-1.78945
212.83,-1.78962
212.879,-1.78979
212.933,-1.78996
212.979,-1.79013
213.029,-1.79029
213.077,-1.79045
213.13,-1.79062
213.18,-1.79078
213.228,-1.79095
213.278,-1.79112
213.328,-1.7913
213.38,-1.79148
213.431,-1.79167
213.48,-1.79185
213.528,-1.79204
213.578,-1.79224
213.633,-1.79243
213.681,-1.79263
213.729,-1.79282
213.777,-1.793
213.829,-1.79317
213.879,-1.79333
213.925,-1.79348
213.978,-1.79362
214.029,-1.79375
214.08,-1.79388
214.127,-1.79401
214.176,-1.79413
214.227,-1.79425
214.277,-1.79438
214.329,-1.79451
214.376,-1.79465
214.428,-1.7948
214.483,-1.79496
214.528,-1.79513
214.579,-1.79531
214.629,-1.79549
214.678,-1.79568
214.73,-1.79587
214.777,-1.79607
214.829,-1.79627
214.878,-1.79648
214.927,-1.79669
214.978,-1.79691
215.028,-1.79713
215.078,-1.79735
215.128,-1.79757
215.181,-1.79778
215.226,-1.79797
215.278,-1.79816
215.327,-1.79834
215.378,-1.79851
215.429,-1.79867
215.477,-1.79883
215.527,-1.79897
215.577,-1.79912
215.628,-1.79926
215.676,-1.79941
215.727,-1.79956
215.777,-1.79971
215.827,-1.79987
215.879,-1.80005
215.925,-1.80024
215.976,-1.80045
216.028,-1.80066
216.077,-1.80089
216.127,-1.80113
216.178,-1.80138
216.227,-1.80163
216.274,-1.80187
216.327,-1.80211
216.379,-1.80234
216.424,-1.80257
216.479,-1.80279
216.524,-1.80299
216.578,-1.80319
216.629,-1.80338
216.675,-1.80356
216.728,-1.80374
216.774,-1.80391
216.826,-1.80409
216.874,-1.80426
216.927,-1.80443
216.974,-1.8046
217.028,-1.80477
217.074,-1.80493
217.124,-1.80509
217.175,-1.80525
217.227,-1.8054
217.274,-1.80556
217.324,-1.80571
217.374,-1.80586
217.428,-1.80602
217.476,-1.80619
217.524,-1.80637
217.573,-1.80656
217.623,-1.80676
217.674,-1.80696
217.728,-1.80717
217.776,-1.80739
217.824,-1.80761
217.875,-1.80783
217.926,-1.80805
217.976,-1.80827
218.022,-1.80848
218.075,-1.80868
218.124,-1.80887
218.173,-1.80904
218.223,-1.8092
218.275,-1.80936
218.326,-1.8095
218.376,-1.80964
218.423,-1.80978
218.473,-1.80991
218.524,-1.81003
218.575,-1.81016
218.627,-1.81028
218.678,-1.81041
218.721,-1.81055
218.775,-1.81069
218.823,-1.81084
218.871,-1.811
218.924,-1.81117
218.97,-1.81135
219.023,-1.81154
219.074,-1.81174
219.123,-1.81196
219.174,-1.81219
219.222,-1.81242
219.275,-1.81266
219.327,-1.81291
219.374,-1.81315
219.424,-1.81339
219.472,-1.81362
219.524,-1.81383
219.575,-1.81403
219.623,-1.81421
219.672,-1.81438
219.724,-1.81455
219.773,-1.81471
219.821,-1.81486
219.873,-1.815
219.924,-1.81515
219.971,-1.81528
220.02,-1.81542
220.068,-1.81557
220.122,-1.81573
220.172,-1.8159
220.225,-1.81608
220.271,-1.81627
220.322,-1.81646
220.372,-1.81667
220.424,-1.81688
220.474,-1.81711
220.52,-1.81733
220.568,-1.81756
220.62,-1.81779
220.672,-1.81801
220.723,-1.81823
220.773,-1.81843
220.822,-1.81862
220.872,-1.8188
220.921,-1.81897
220.971,-1.81913
221.024,-1.81929
221.072,-1.81944
221.119,-1.81959
221.17,-1.81975
221.221,-1.81991
221.274,-1.82008
221.318,-1.82025
221.372,-1.82043
221.422,-1.82062
221.469,-1.82082
221.523,-1.82102
221.57,-1.82122
221.619,-1.82142
221.67,-1.82162
221.719,-1.8218
221.771,-1.82198
221.821,-1.82214
221.87,-1.8223
221.921,-1.82245
221.969,-1.82261
222.021,-1.82276
222.07,-1.82293
222.122,-1.8231
222.17,-1.82328
222.222,-1.82347
222.272,-1.82367
222.323,-1.82388
222.371,-1.82408
222.421,-1.82429
222.467,-1.82448
222.519,-1.82468
222.571,-1.82486
222.62,-1.82503
222.669,-1.8252
222.717,-1.82536
222.769,-1.82552
222.822,-1.82567
222.868,-1.82583
222.922,-1.82599
222.968,-1.82615
223.018,-1.82631
223.069,-1.82648
223.122,-1.82665
223.17,-1.82682
223.219,-1.82699
223.271,-1.82716
223.315,-1.82734
223.369,-1.82752
223.419,-1.82771
223.471,-1.82791
223.52,-1.82812
223.564,-1.82834
223.621,-1.82857
223.67,-1.82881
223.72,-1.82906
223.77,-1.82931
223.816,-1.82955
223.872,-1.82979
223.917,-1.83002
223.971,-1.83024
224.017,-1.83044
224.069,-1.83063
224.119,-1.8308
224.169,-1.83095
224.221,-1.83109
224.268,-1.83122
224.316,-1.83134
224.366,-1.83147
224.413,-1.8316
224.467,-1.83174
224.519,-1.83191
224.569,-1.83209
224.617,-1.83228
224.669,-1.83248
224.718,-1.83269
224.766,-1.8329
224.82,-1.83311
224.867,-1.83332
224.916,-1.83352
224.966,-1.83371
225.018,-1.8339
225.068,-1.83407
225.116,-1.83423
225.169,-1.83439
225.215,-1.83455
225.267,-1.83471
225.316,-1.83487
225.368,-1.83503
225.417,-1.83519
225.466,-1.83535
225.516,-1.83551
225.568,-1.83567
225.619,-1.83584
225.666,-1.83602
225.718,-1.83621
225.765,-1.83641
225.815,-1.83662
225.868,-1.83684
225.92,-1.83706
225.968,-1.83728
226.017,-1.83749
226.066,-1.8377
226.118,-1.8379
226.166,-1.8381
226.218,-1.83828
226.268,-1.83847
226.316,-1.83864
226.366,-1.83881
226.416,-1.83897
226.467,-1.83913
226.515,-1.8393
226.567,-1.83947
226.614,-1.83964
226.667,-1.83983
226.716,-1.84003
226.763,-1.84024
226.814,-1.84046
226.865,-1.84068
226.918,-1.84091
226.966,-1.84115
227.013,-1.84138
227.065,-1.84161
227.116,-1.84184
227.165,-1.84205
227.214,-1.84226
227.265,-1.84246
227.313,-1.84266
227.365,-1.84285
227.417,-1.84304
227.466,-1.84323
227.515,-1.84342
227.564,-1.84361
227.613,-1.84381
227.665,-1.84402
227.713,-1.84423
227.767,-1.84445
227.814,-1.84467
227.865,-1.84489
227.912,-1.84511
227.967,-1.84534
228.013,-1.84557
228.065,-1.8458
228.115,-1.84603
228.163,-1.84625
228.214,-1.84648
228.264,-1.8467
228.318,-1.84692
228.362,-1.84713
228.415,-1.84734
228.464,-1.84754
228.513,-1.84774
228.565,-1.84792
228.617,-1.84809
228.662,-1.84826
228.711,-1.84843
228.766,-1.84859
228.816,-1.84876
228.864,-1.84893
228.914,-1.8491
228.959,-1.84927
229.012,-1.84945
229.066,-1.84964
229.112,-1.84984
229.167,-1.85004
229.21,-1.85024
229.26,-1.85043
229.314,-1.85061
229.363,-1.85079
229.415,-1.85096
229.461,-1.85113
229.512,-1.85129
229.56,-1.85145
229.614,-1.8516
229.664,-1.85176
229.713,-1.85192
229.759,-1.85209
229.811,-1.85227
229.865,-1.85245
229.914,-1.85265
229.965,-1.85285
230.009,-1.85306
230.063,-1.85327
230.112,-1.85348
230.164,-1.85369
230.214,-1.8539
230.261,-1.8541
230.311,-1.85429
230.36,-1.85449
230.412,-1.85468
230.464,-1.85488
230.509,-1.85508
230.561,-1.85528
230.61,-1.85547
230.664,-1.85565
230.713,-1.85582
230.765,-1.856
230.812,-1.85617
230.862,-1.85634
230.913,-1.85652
230.965,-1.85669
231.015,-1.85688
231.06,-1.85706
231.112,-1.85725
231.16,-1.85744
231.211,-1.85763
231.263,-1.85782
231.313,-1.85801
231.359,-1.85819
231.409,-1.85838
231.463,-1.85856
231.513,-1.85874
231.561,-1.85892
231.612,-1.8591
231.661,-1.85928
231.712,-1.85945
231.76,-1.85963
231.81,-1.85982
231.858,-1.86
231.91,-1.86019
231.959,-1.86037
232.007,-1.86056
232.06,-1.86075
232.112,-1.86095
232.16,-1.86115
232.209,-1.86135
232.259,-1.86155
232.31,-1.86176
232.36,-1.86196
232.41,-1.86216
232.46,-1.86236
232.51,-1.86256
232.563,-1.86275
232.611,-1.86295
232.66,-1.86314
232.709,-1.86333
232.76,-1.86352
232.809,-1.86371
232.858,-1.8639
232.913,-1.8641
232.96,-1.86429
233.01,-1.86448
233.059,-1.86467
233.11,-1.86486
233.16,-1.86505
233.21,-1.86523
233.26,-1.86541
233.308,-1.86559
233.359,-1.86576
233.411,-1.86594
233.461,-1.86611
233.507,-1.86629
233.556,-1.86647
233.608,-1.86666
233.66,-1.86686
233.708,-1.86707
233.759,-1.86728
233.811,-1.8675
233.858,-1.86772
233.906,-1.86794
233.959,-1.86815
234.006,-1.86835
234.059,-1.86855
234.107,-1.86875
234.157,-1.86894
234.207,-1.86914
234.257,-1.86934
234.307,-1.86954
234.357,-1.86975
234.408,-1.86996
234.461,-1.87017
234.508,-1.87038
234.561,-1.8706
234.607,-1.87083
234.66,-1.87106
234.708,-1.87128
234.759,-1.8715
234.808,-1.87172
234.856,-1.87194
234.904,-1.87215
234.955,-1.87235
235.007,-1.87255
235.056,-1.87276
235.108,-1.87296
235.156,-1.87315
235.205,-1.87334
235.258,-1.87352
235.306,-1.87369
235.357,-1.87384
235.407,-1.87399
235.454,-1.87413
235.507,-1.87426
235.555,-1.8744
235.609,-1.87455
235.655,-1.8747
235.706,-1.87487
235.755,-1.87505
235.807,-1.87524
235.857,-1.87545
235.909,-1.87567
235.957,-1.87589
236.005,-1.87612
236.055,-1.87635
236.106,-1.87659
236.154,-1.87683
236.209,-1.87707
236.256,-1.87731
236.302,-1.87753
236.356,-1.87774
236.407,-1.87794
236.454,-1.87813
236.504,-1.87831
236.555,-1.87848
236.601,-1.87864
236.656,-1.87879
236.707,-1.87894
236.757,-1.8791
236.807,-1.87926
236.855,-1.87943
236.907,-1.8796
236.954,-1.87978
237.004,-1.87998
237.055,-1.88018
237.102,-1.88039
237.153,-1.88061
237.204,-1.88084
237.258,-1.88108
237.304,-1.88132
237.355,-1.88156
237.401,-1.8818
237.458,-1.88204
237.507,-1.88226
237.552,-1.88248
237.607,-1.88268
237.65,-1.88286
237.706,-1.88303
237.752,-1.88319
237.806,-1.88334
237.854,-1.88347
237.902,-1.88361
237.956,-1.88375
238.003,-1.8839
238.055,-1.88405
238.102,-1.88421
238.154,-1.88438
238.204,-1.88455
238.254,-1.88473
238.305,-1.88491
238.353,-1.88509
238.403,-1.88528
238.453,-1.88548
238.506,-1.88567
238.554,-1.88586
238.601,-1.88604
238.656,-1.88622
238.704,-1.88639
238.755,-1.88656
238.803,-1.88672
238.857,-1.88689
238.906,-1.88707
238.951,-1.88725
239.003,-1.88743
239.051,-1.88762
239.101,-1.88781
239.155,-1.88801
239.202,-1.88821
239.252,-1.88842
239.301,-1.88862
239.354,-1.88883
239.405,-1.88903
239.452,-1.88922
239.5,-1.8894
239.548,-1.88958
239.602,-1.88975
239.651,-1.88991
239.701,-1.89008
239.751,-1.89026
239.806,-1.89044
239.848,-1.89063
239.903,-1.89083
239.952,-1.89104
240.005,-1.89125
240.052,-1.89147
240.102,-1.8917
240.15,-1.89193
240.2,-1.89217
240.251,-1.89243
240.306,-1.89268
240.349,-1.89294
240.4,-1.8932
240.453,-1.89346
240.503,-1.89371
240.553,-1.89396
240.603,-1.89419
240.653,-1.89441
240.702,-1.89462
240.755,-1.89482
240.803,-1.895
240.85,-1.89517
240.902,-1.89533
240.953,-1.89549
241.002,-1.89564
241.051,-1.8958
241.103,-1.89595
241.15,-1.89612
241.2,-1.89629
241.251,-1.89648
241.302,-1.89668
241.351,-1.8969
241.401,-1.89713
241.451,-1.89737
241.5,-1.89762
241.551,-1.89787
241.602,-1.89812
241.647,-1.89837
241.701,-1.8986
241.752,-1.89884
241.802,-1.89906
241.848,-1.89928
241.9,-1.89949
241.95,-1.89969
242.0,-1.89988
242.05,-1.90006
242.097,-1.90023
242.149,-1.90039
242.201,-1.90055
242.247,-1.9007
242.299,-1.90085
242.35,-1.901
242.401,-1.90115
242.448,-1.9013
242.502,-1.90145
242.55,-1.90159
242.598,-1.90175
242.65,-1.9019
242.701,-1.90207
242.751,-1.90225
242.794,-1.90244
242.845,-1.90263
242.901,-1.90283
242.949,-1.90304
242.996,-1.90324
243.047,-1.90345
243.1,-1.90366
243.149,-1.90387
243.202,-1.90408
243.252,-1.90429
243.298,-1.9045
243.35,-1.9047
243.397,-1.90491
243.45,-1.90511
243.501,-1.9053
243.55,-1.9055
243.599,-1.9057
243.647,-1.9059
243.699,-1.90611
243.75,-1.90631
243.802,-1.90652
243.849,-1.90672
243.899,-1.90693
243.946,-1.90715
244.0,-1.90737
244.051,-1.90759
244.099,-1.90781
244.148,-1.90804
244.199,-1.90827
244.249,-1.90849
244.3,-1.90873
244.351,-1.90896
244.4,-1.90919
244.448,-1.90943
244.499,-1.90967
244.547,-1.9099
244.601,-1.91013
244.649,-1.91035
244.698,-1.91056
244.747,-1.91075
244.799,-1.91094
244.849,-1.91112
244.898,-1.91129
244.949,-1.91145
244.996,-1.91161
245.048,-1.91177
245.098,-1.91192
245.149,-1.91207
245.197,-1.91222
245.247,-1.91238
245.296,-1.91255
245.348,-1.91272
245.399,-1.91289
245.448,-1.91307
245.497,-1.91325
245.547,-1.91342
245.598,-1.91359
245.651,-1.91375
245.698,-1.91391
245.747,-1.91408
245.801,-1.91425
245.849,-1.91443
245.899,-1.91462
245.948,-1.91481
245.995,-1.91502
246.046,-1.91523
246.099,-1.91545
246.149,-1.91568
246.198,-1.91591
246.249,-1.91613
246.298,-1.91636
246.346,-1.91658
246.397,-1.9168
246.444,-1.917
246.497,-1.91719
246.547,-1.91737
246.599,-1.91754
246.649,-1.9177
246.697,-1.91786
246.748,-1.91801
246.798,-1.91817
246.851,-1.91832
246.895,-1.91848
246.946,-1.91864
246.998,-1.91882
247.044,-1.919
247.095,-1.9192
247.146,-1.9194
247.195,-1.91962
247.247,-1.91984
247.299,-1.92008
247.345,-1.92032
247.394,-1.92057
247.446,-1.92084
247.496,-1.9211
247.546,-1.92137
247.594,-1.92163
247.646,-1.92189
247.693,-1.92214
247.745,-1.92238
247.795,-1.9226
247.848,-1.92281
247.897,-1.92301
247.944,-1.9232
247.997,-1.92339
248.049,-1.92357
248.095,-1.92375
248.145,-1.92393
248.195,-1.92411
248.246,-1.9243
248.296,-1.9245
248.346,-1.9247
248.396,-1.92491
248.446,-1.92512
248.496,-1.92534
248.546,-1.92555
248.596,-1.92575
248.646,-1.92595
248.694,-1.92615
248.745,-1.92634
248.794,-1.92652
248.845,-1.92671
248.895,-1.92689
248.942,-1.92707
248.994,-1.92723
249.042,-1.92739
249.093,-1.92753
249.144,-1.92767
249.196,-1.9278
249.245,-1.92793
249.296,-1.92806
249.345,-1.92819
249.396,-1.92833
249.447,-1.92848
249.493,-1.92863
249.543,-1.92879
249.592,-1.92896
249.645,-1.92913
249.696,-1.92931
249.743,-1.92949
249.79,-1.92968
249.844,-1.92986
249.893,-1.93005
249.945,-1.93024
249.994,-1.93044
250.04,-1.93063
250.092,-1.93084
250.143,-1.93105
250.194,-1.93127
250.245,-1.93149
250.293,-1.93171
250.341,-1.93194
250.391,-1.93216
250.443,-1.93239
250.493,-1.93263
250.54,-1.93287
250.591,-1.93311
250.641,-1.93335
250.694,-1.93358
250.744,-1.93381
250.796,-1.93403
250.84,-1.93423
250.891,-1.93443
250.94,-1.93461
250.99,-1.93478
251.044,-1.93495
251.091,-1.93511
251.143,-1.93528
251.191,-1.93544
251.242,-1.9356
251.292,-1.93576
251.343,-1.93593
251.39,-1.93612
251.442,-1.93631
251.489,-1.93652
251.542,-1.93675
251.593,-1.93698
251.643,-1.93722
251.692,-1.93747
251.741,-1.93772
251.789,-1.93796
251.841,-1.9382
251.894,-1.93842
251.939,-1.93863
251.992,-1.93883
252.041,-1.939
252.094,-1.93917
252.145,-1.93932
252.189,-1.93946
252.241,-1.93959
252.289,-1.93972
252.342,-1.93983
252.392,-1.93994
252.443,-1.94005
252.491,-1.94016
252.541,-1.94027
252.589,-1.94039
252.642,-1.94052
252.693,-1.94067
252.74,-1.94083
252.793,-1.94101
252.841,-1.94121
252.893,-1.94142
252.944,-1.94165
252.989,-1.9419
253.04,-1.94215
253.09,-1.9424
253.14,-1.94265
253.19,-1.94289
253.241,-1.9431
253.294,-1.9433
253.337,-1.94348
253.392,-1.94364
253.44,-1.94379
253.492,-1.94393
253.539,-1.94407
253.589,-1.94421
253.639,-1.94436
253.691,-1.94451
253.74,-1.94466
253.79,-1.94483
253.843,-1.945
253.892,-1.94519
253.943,-1.94539
253.993,-1.94561
254.04,-1.94586
254.09,-1.94612
254.138,-1.94639
254.188,-1.94667
254.24,-1.94695
254.289,-1.94723
254.341,-1.9475
254.386,-1.94777
254.441,-1.94802
254.489,-1.94826
254.54,-1.94849
254.59,-1.94871
254.638,-1.94892
254.689,-1.94912
254.742,-1.94931
254.794,-1.9495
254.84,-1.94969
254.892,-1.94987
254.939,-1.95006
254.987,-1.95025
255.037,-1.95043
255.087,-1.95061
255.139,-1.95078
255.188,-1.95096
255.236,-1.95113
255.287,-1.95131
255.339,-1.95148
255.387,-1.95166
255.437,-1.95184
255.489,-1.95201
255.535,-1.95219
255.588,-1.95237
255.64,-1.95255
255.688,-1.95274
255.738,-1.95293
255.786,-1.95312
255.841,-1.95332
255.89,-1.95351
255.938,-1.9537
255.988,-1.95387
256.036,-1.95403
256.089,-1.95419
256.138,-1.95433
256.185,-1.95448
256.238,-1.95463
256.286,-1.95479
256.337,-1.95496
256.388,-1.95514
256.439,-1.95532
256.487,-1.95552
256.54,-1.95573
256.586,-1.95594
256.638,-1.95616
256.688,-1.95639
256.738,-1.95661
256.787,-1.95683
256.836,-1.95705
256.887,-1.95726
256.937,-1.95747
256.985,-1.95768
257.037,-1.95788
257.086,-1.95808
257.137,-1.95828
257.185,-1.95848
257.235,-1.95868
257.288,-1.95889
257.337,-1.9591
257.385,-1.95932
257.434,-1.95955
257.486,-1.95978
257.538,-1.96002
257.587,-1.96026
257.636,-1.96049
257.685,-1.96072
257.734,-1.96094
257.785,-1.96115
257.836,-1.96134
257.886,-1.96153
257.934,-1.96171
257.983,-1.96188
258.035,-1.96204
258.089,-1.9622
258.131,-1.96235
258.185,-1.96251
258.233,-1.96267
258.283,-1.96285
258.337,-1.96303
258.387,-1.96322
258.433,-1.96342
258.484,-1.96362
258.537,-1.96384
258.585,-1.96405
258.637,-1.96427
258.684,-1.96448
258.731,-1.96469
258.784,-1.96489
258.835,-1.96508
258.886,-1.96525
258.933,-1.96541
258.984,-1.96556
259.034,-1.9657
259.085,-1.96583
259.136,-1.96597
259.185,-1.96611
259.233,-1.96625
259.285,-1.9664
259.333,-1.96656
259.384,-1.96672
259.436,-1.9669
259.485,-1.96708
259.531,-1.96727
259.587,-1.96747
259.635,-1.96767
259.682,-1.96788
259.734,-1.96808
259.782,-1.96828
259.831,-1.96847
259.882,-1.96866
259.935,-1.96884
259.985,-1.96903
260.034,-1.96921
260.084,-1.96939
260.133,-1.96957
260.182,-1.96976
260.233,-1.96995
260.285,-1.97015
260.33,-1.97035
260.384,-1.97056
260.435,-1.97077
260.486,-1.97097
260.533,-1.97118
260.583,-1.97138
260.634,-1.97158
260.683,-1.97177
260.732,-1.97195
260.783,-1.97212
260.831,-1.97229
260.882,-1.97247
260.931,-1.97266
260.983,-1.97287
261.031,-1.97309
261.079,-1.97332
261.133,-1.97357
261.183,-1.97383
261.233,-1.97409
261.282,-1.97434
261.334,-1.97459
261.382,-1.97483
261.433,-1.97506
261.482,-1.97528
261.534,-1.97548
261.584,-1.97567
261.63,-1.97586
261.683,-1.97604
261.728,-1.97622
261.78,-1.97641
261.832,-1.97659
261.881,-1.97677
261.931,-1.97696
261.979,-1.97716
262.032,-1.97736
262.08,-1.97756
262.132,-1.97777
262.182,-1.97798
262.23,-1.9782
262.28,-1.97841
262.335,-1.97863
262.38,-1.97885
262.431,-1.97906
262.48,-1.97926
262.531,-1.97946
262.581,-1.97963
262.631,-1.9798
262.68,-1.97996
262.73,-1.9801
262.78,-1.98024
262.83,-1.98038
262.881,-1.98052
262.933,-1.98066
262.982,-1.98082
263.028,-1.98099
263.08,-1.98118
263.132,-1.98139
263.18,-1.98161
263.23,-1.98184
263.285,-1.98207
263.33,-1.98231
263.383,-1.98254
263.43,-1.98277
263.479,-1.98299
263.53,-1.98321
263.579,-1.98343
263.628,-1.98364
263.679,-1.98386
263.729,-1.98407
263.782,-1.98428
263.829,-1.98451
263.882,-1.98473
263.927,-1.98495
263.978,-1.98517
264.033,-1.98538
264.078,-1.98559
264.129,-1.98579
264.179,-1.98597
264.229,-1.98615
264.28,-1.98632
264.33,-1.98649
264.384,-1.98665
264.427,-1.98682
264.48,-1.98698
264.53,-1.98716
264.578,-1.98734
264.63,-1.98754
264.678,-1.98775
264.729,-1.98798
264.779,-1.98822
264.832,-1.98847
264.877,-1.98873
264.929,-1.989
264.979,-1.98927
265.031,-1.98954
265.078,-1.98981
265.128,-1.99006
265.178,-1.9903
265.226,-1.99052
265.277,-1.99072
265.331,-1.99092
265.376,-1.9911
265.427,-1.99127
265.476,-1.99144
265.528,-1.9916
265.577,-1.99178
265.628,-1.99196
265.679,-1.99216
265.728,-1.99237
265.777,-1.99258
265.827,-1.99281
265.88,-1.99305
265.928,-1.99329
265.976,-1.99352
266.028,-1.99374
266.075,-1.99396
266.128,-1.99416
266.174,-1.99436
266.228,-1.99454
266.275,-1.99472
266.323,-1.99489
266.379,-1.99506
266.427,-1.99522
266.479,-1.99539
266.528,-1.99556
266.576,-1.99573
266.623,-1.99591
266.676,-1.99609
266.729,-1.99627
266.773,-1.99646
266.828,-1.99665
266.874,-1.99684
266.926,-1.99704
266.976,-1.99723
267.026,-1.99741
267.076,-1.99759
267.125,-1.99776
267.178,-1.99792
267.229,-1.99808
267.279,-1.99823
267.326,-1.99839
267.373,-1.99854
267.426,-1.9987
267.475,-1.99888
267.528,-1.99907
267.573,-1.99929
267.627,-1.99953
267.677,-1.99979
267.722,-2.00006
267.779,-2.00034
267.826,-2.00063
267.876,-2.00092
267.925,-2.0012
267.974,-2.00148
268.028,-2.00175
268.074,-2.002
268.126,-2.00224
268.174,-2.00246
268.225,-2.00267
268.275,-2.00287
268.324,-2.00306
268.375,-2.00324
268.423,-2.00342
268.474,-2.0036
268.526,-2.00378
268.577,-2.00397
268.626,-2.00416
268.676,-2.00436
268.724,-2.00456
268.773,-2.00476
268.826,-2.00497
268.875,-2.00519
268.923,-2.00541
268.972,-2.00563
269.023,-2.00586
269.078,-2.0061
269.124,-2.00634
269.178,-2.00658
269.226,-2.00681
269.274,-2.00705
269.325,-2.00728
269.375,-2.0075
269.427,-2.00771
269.475,-2.00791
269.526,-2.00811
269.573,-2.0083
269.623,-2.00847
269.673,-2.00864
269.725,-2.00881
269.773,-2.00897
269.825,-2.00912
269.875,-2.00927
269.925,-2.00943
269.976,-2.00958
270.024,-2.00973
270.072,-2.00989
270.12,-2.01006
270.173,-2.01023
270.226,-2.01041
270.274,-2.01061
270.323,-2.01081
270.373,-2.01102
270.421,-2.01123
270.476,-2.01146
270.523,-2.01169
270.573,-2.01192
270.621,-2.01215
270.672,-2.01237
270.723,-2.01259
270.772,-2.01279
270.82,-2.01298
270.871,-2.01315
270.92,-2.01332
270.972,-2.01348
271.025,-2.01364
271.073,-2.0138
271.122,-2.01396
271.174,-2.01414
271.222,-2.01431
271.273,-2.0145
271.32,-2.01469
271.372,-2.01489
271.422,-2.0151
271.473,-2.0153
271.521,-2.01551
271.571,-2.01573
271.623,-2.01594
271.671,-2.01616
271.721,-2.01637
271.771,-2.01658
271.823,-2.01678
271.877,-2.01698
271.922,-2.01717
271.973,-2.01736
272.019,-2.01754
272.073,-2.01774
272.125,-2.01794
272.172,-2.01815
272.223,-2.01838
272.269,-2.01861
272.322,-2.01886
272.373,-2.0191
272.423,-2.01935
272.472,-2.01959
272.522,-2.01981
272.572,-2.02002
272.621,-2.0202
272.671,-2.02036
272.718,-2.02051
272.77,-2.02065
272.821,-2.02079
272.871,-2.02094
272.922,-2.02109
272.971,-2.02124
273.019,-2.02141
273.069,-2.02158
273.12,-2.02176
273.169,-2.02196
273.223,-2.02216
273.269,-2.02237
273.318,-2.02258
273.365,-2.02279
273.418,-2.02298
273.471,-2.02317
273.52,-2.02335
273.569,-2.02353
273.619,-2.0237
273.667,-2.02388
273.723,-2.02405
273.771,-2.02422
273.821,-2.0244
273.871,-2.02457
273.919,-2.02473
273.972,-2.0249
274.022,-2.02507
274.069,-2.02523
274.12,-2.0254
274.171,-2.02556
274.22,-2.02574
274.271,-2.02592
274.321,-2.02611
274.368,-2.02631
274.42,-2.02651
274.469,-2.02671
274.518,-2.02692
274.569,-2.02712
274.617,-2.02732
274.67,-2.02752
274.716,-2.02772
274.767,-2.02792
274.82,-2.02812
274.87,-2.02832
274.919,-2.02852
274.968,-2.02872
275.022,-2.02892
275.069,-2.02911
275.119,-2.0293
275.166,-2.02949
275.217,-2.02967
275.269,-2.02986
275.317,-2.03004
275.371,-2.03022
275.416,-2.0304
275.467,-2.03057
275.518,-2.03075
275.567,-2.03093
275.617,-2.03112
275.666,-2.03132
275.717,-2.03154
275.768,-2.03178
275.818,-2.03202
275.867,-2.03227
275.919,-2.03252
275.967,-2.03276
276.017,-2.03298
276.066,-2.03319
276.119,-2.03338
276.169,-2.03356
276.217,-2.03372
276.269,-2.03388
276.316,-2.03403
276.366,-2.03418
276.415,-2.03432
276.467,-2.03447
276.517,-2.03463
276.564,-2.03478
276.616,-2.03495
276.67,-2.03513
276.713,-2.03533
276.768,-2.03554
276.816,-2.03576
276.864,-2.036
276.917,-2.03625
276.966,-2.0365
277.018,-2.03675
277.065,-2.03699
277.118,-2.03723
277.163,-2.03745
277.218,-2.03766
277.265,-2.03787
277.317,-2.03807
277.368,-2.03827
277.414,-2.03847
277.467,-2.03867
277.515,-2.03889
277.566,-2.03912
277.616,-2.03935
277.664,-2.0396
277.713,-2.03984
277.766,-2.04008
277.818,-2.04031
277.864,-2.04054
277.917,-2.04075
277.964,-2.04097
278.016,-2.04118
278.066,-2.04139
278.116,-2.0416
278.165,-2.04181
278.213,-2.04202
278.265,-2.04225
278.315,-2.04248
278.364,-2.04272
278.414,-2.04297
278.466,-2.04322
278.516,-2.04346
278.565,-2.0437
278.617,-2.04394
278.665,-2.04417
278.711,-2.0444
278.762,-2.04462
278.815,-2.04482
278.864,-2.04502
278.913,-2.0452
278.962,-2.04539
279.014,-2.04557
279.064,-2.04576
279.115,-2.04595
279.163,-2.04614
279.215,-2.04633
279.263,-2.04653
279.315,-2.04673
279.363,-2.04693
279.41,-2.04714
279.467,-2.04735
279.513,-2.04757
279.562,-2.04778
279.613,-2.04799
279.662,-2.0482
279.713,-2.0484
279.762,-2.0486
279.813,-2.04879
279.864,-2.04899
279.915,-2.04918
279.963,-2.04937
280.014,-2.04957
280.061,-2.04977
280.11,-2.04999
280.164,-2.0502
280.215,-2.05043
280.267,-2.05065
280.311,-2.05088
280.362,-2.05112
280.414,-2.05136
280.462,-2.05159
280.514,-2.05182
280.563,-2.05203
280.612,-2.05223
280.664,-2.05242
280.712,-2.05258
280.762,-2.05274
280.811,-2.05289
280.863,-2.05305
280.91,-2.05321
280.964,-2.05339
281.008,-2.05358
281.064,-2.05378
281.113,-2.054
281.16,-2.05424
281.214,-2.05448
281.261,-2.05473
281.314,-2.05499
281.363,-2.05524
281.413,-2.05548
281.461,-2.05573
281.512,-2.05596
281.562,-2.05619
281.611,-2.05641
281.663,-2.05662
281.712,-2.05681
281.763,-2.05701
281.812,-2.05719
281.86,-2.05738
281.912,-2.05757
281.963,-2.05777
282.013,-2.05798
282.063,-2.05819
282.114,-2.05841
282.164,-2.05862
282.21,-2.05883
282.259,-2.05903
282.31,-2.05922
282.363,-2.05941
282.413,-2.05958
282.459,-2.05975
282.508,-2.05993
282.557,-2.06011
282.613,-2.06029
282.662,-2.06049
282.714,-2.06069
282.761,-2.0609
282.81,-2.06113
282.86,-2.06136
282.91,-2.06159
282.961,-2.06182
283.011,-2.06205
283.059,-2.06227
283.109,-2.06249
283.161,-2.06271
283.21,-2.06292
283.262,-2.06313
283.311,-2.06334
283.359,-2.06354
283.412,-2.06373
283.459,-2.06393
283.509,-2.06413
283.558,-2.06433
283.609,-2.06454
283.66,-2.06475
283.711,-2.06496
283.76,-2.06519
283.811,-2.06543
283.856,-2.06567
283.91,-2.06592
283.959,-2.06617
284.013,-2.06642
284.059,-2.06667
284.111,-2.06691
284.156,-2.06714
284.209,-2.06737
284.258,-2.0676
284.311,-2.06782
284.357,-2.06803
284.405,-2.06825
284.459,-2.06846
284.512,-2.06868
284.559,-2.06889
284.609,-2.0691
284.657,-2.06932
284.711,-2.06953
284.76,-2.06975
284.809,-2.06996
284.859,-2.07017
284.909,-2.07038
284.959,-2.07059
285.009,-2.0708
285.06,-2.07101
285.108,-2.07122
285.16,-2.07143
285.208,-2.07164
285.256,-2.07184
285.307,-2.07204
285.36,-2.07224
285.408,-2.07245
285.457,-2.07265
285.505,-2.07286
285.557,-2.07308
285.608,-2.0733
285.659,-2.07353
285.707,-2.07377
285.759,-2.07401
285.805,-2.07427
285.858,-2.07453
285.907,-2.07479
285.955,-2.07504
286.009,-2.07529
286.056,-2.07554
286.111,-2.07577
286.16,-2.07598
286.209,-2.07619
286.255,-2.07639
286.309,-2.07658
286.358,-2.07678
286.407,-2.07697
286.458,-2.07716
286.508,-2.07736
286.556,-2.07756
286.606,-2.07776
286.66,-2.07797
286.708,-2.07817
286.757,-2.07838
286.808,-2.07857
286.855,-2.07876
286.905,-2.07895
286.958,-2.07913
287.006,-2.07931
287.056,-2.07949
287.103,-2.07968
287.158,-2.07987
287.206,-2.08008
287.256,-2.0803
287.309,-2.08052
287.357,-2.08076
287.406,-2.08099
287.458,-2.08122
287.509,-2.08145
287.555,-2.08167
287.605,-2.08188
287.656,-2.08209
287.707,-2.08228
287.757,-2.08247
287.807,-2.08265
287.854,-2.08283
287.903,-2.08301
287.956,-2.0832
288.004,-2.08338
288.053,-2.08357
288.105,-2.08377
288.154,-2.08396
288.205,-2.08416
288.255,-2.08437
288.306,-2.08458
288.354,-2.08479
288.406,-2.085
288.455,-2.0852
288.503,-2.08541
288.554,-2.08561
288.604,-2.08581
288.656,-2.086
288.704,-2.08618
288.752,-2.08636
288.804,-2.08655
288.855,-2.08673
288.905,-2.08693
288.954,-2.08713
289.004,-2.08734
289.054,-2.08756
289.103,-2.08777
289.156,-2.08798
289.205,-2.08818
289.255,-2.08837
289.304,-2.08856
289.355,-2.08874
289.406,-2.08891
289.45,-2.08907
289.503,-2.08924
289.553,-2.0894
289.604,-2.08957
289.653,-2.08974
289.706,-2.08991
289.753,-2.0901
289.802,-2.09029
289.853,-2.09049
289.902,-2.09069
289.954,-2.09091
290.003,-2.09113
290.053,-2.09136
290.104,-2.0916
290.151,-2.09184
290.205,-2.09209
290.254,-2.09234
290.301,-2.09259
290.352,-2.09284
290.402,-2.09308
290.453,-2.09332
290.504,-2.09355
290.551,-2.09378
290.603,-2.094
290.652,-2.09421
290.702,-2.09441
290.751,-2.0946
290.801,-2.09478
290.853,-2.09496
290.905,-2.09514
290.951,-2.09532
291.003,-2.09551
291.052,-2.09571
291.104,-2.09592
291.152,-2.09614
291.201,-2.09637
291.254,-2.0966
291.306,-2.09683
291.35,-2.09706
291.402,-2.0973
291.453,-2.09753
291.503,-2.09776
291.553,-2.09799
291.603,-2.09822
291.651,-2.09846
291.704,-2.09869
291.75,-2.09894
291.8,-2.09918
291.852,-2.09942
291.902,-2.09966
291.954,-2.09989
292.001,-2.10012
292.053,-2.10034
292.105,-2.10054
292.152,-2.10074
292.203,-2.10093
292.248,-2.1011
292.301,-2.10127
292.351,-2.10143
292.404,-2.10158
292.451,-2.10173
292.5,-2.10188
292.549,-2.10203
292.6,-2.10218
292.651,-2.10235
292.701,-2.10252
292.753,-2.1027
292.8,-2.1029
292.85,-2.1031
292.898,-2.10331
292.951,-2.10352
293.002,-2.10374
293.049,-2.10395
293.099,-2.10418
293.15,-2.1044
293.201,-2.10464
293.252,-2.10487
293.299,-2.10511
293.35,-2.10534
293.399,-2.10558
293.452,-2.10582
293.499,-2.10606
293.552,-2.10631
293.601,-2.10656
293.648,-2.10681
293.702,-2.10705
293.75,-2.1073
293.8,-2.10753
293.847,-2.10776
293.894,-2.10796
293.951,-2.10816
293.999,-2.10835
294.05,-2.10853
294.1,-2.1087
294.15,-2.10888
294.199,-2.10906
294.249,-2.10924
294.3,-2.10944
294.348,-2.10964
294.399,-2.10985
294.448,-2.11008
294.499,-2.11031
294.549,-2.11054
294.597,-2.11078
294.648,-2.11103
294.7,-2.11126
294.75,-2.1115
294.797,-2.11173
294.848,-2.11195
294.896,-2.11216
294.947,-2.11237
294.999,-2.11256
295.048,-2.11274
295.103,-2.11291
295.148,-2.11308
295.195,-2.11323
295.247,-2.11339
295.297,-2.11355
295.351,-2.1137
295.398,-2.11387
295.45,-2.11403
295.497,-2.1142
295.547,-2.11437
295.598,-2.11456
295.647,-2.11475
295.697,-2.11496
295.746,-2.11517
295.798,-2.1154
295.846,-2.11564
295.899,-2.11589
295.949,-2.11614
295.998,-2.1164
296.049,-2.11665
296.099,-2.1169
296.149,-2.11715
296.2,-2.1174
296.248,-2.11764
296.293,-2.11787
296.348,-2.11809
296.398,-2.1183
296.449,-2.1185
296.497,-2.1187
296.546,-2.11888
296.598,-2.11907
296.649,-2.11926
296.698,-2.11945
296.748,-2.11964
296.795,-2.11984
296.849,-2.12005
296.896,-2.12026
296.946,-2.12048
296.996,-2.12071
297.043,-2.12094
297.099,-2.12117
297.145,-2.12141
297.197,-2.12165
297.247,-2.12189
297.296,-2.12214
297.347,-2.12239
297.396,-2.12264
297.447,-2.12289
297.497,-2.12314
297.549,-2.12339
297.598,-2.12362
297.645,-2.12384
297.695,-2.12406
297.749,-2.12426
297.796,-2.12447
297.849,-2.12467
297.897,-2.12486
297.945,-2.12506
297.994,-2.12525
298.047,-2.12544
298.097,-2.12564
298.145,-2.12582
298.191,-2.12601
298.246,-2.1262
298.297,-2.1264
298.345,-2.12659
298.398,-2.12678
298.446,-2.12698
298.494,-2.12717
298.546,-2.12736
298.599,-2.12755
298.646,-2.12774
298.693,-2.12793
298.743,-2.12811
298.793,-2.1283
298.844,-2.1285
298.893,-2.1287
298.945,-2.12891
298.994,-2.12912
299.044,-2.12935
299.094,-2.12959
299.145,-2.12983
299.198,-2.13007
299.244,-2.13031
299.294,-2.13056
299.345,-2.13079
299.396,-2.13103
299.445,-2.13125
299.494,-2.13147
299.543,-2.13169
299.591,-2.13191
299.644,-2.13212
299.694,-2.13233
299.742,-2.13253
299.795,-2.13273
299.843,-2.13291
299.895,-2.13307
299.942,-2.13323
299.993,-2.13339
300.045,-2.13354
300.093,-2.1337
300.144,-2.13385
300.193,-2.13402
300.244,-2.13419
300.292,-2.13438
300.342,-2.13457
300.392,-2.13478
300.446,-2.135
300.494,-2.13523
300.542,-2.13546
300.591,-2.13569
300.64,-2.13592
300.692,-2.13614
300.744,-2.13636
300.793,-2.13657
300.842,-2.13677
300.892,-2.13696
300.943,-2.13715
300.991,-2.13733
301.042,-2.1375
301.088,-2.13768
301.141,-2.13786
301.191,-2.13804
301.24,-2.13822
301.294,-2.13841
301.343,-2.1386
301.393,-2.1388
301.442,-2.139
301.492,-2.1392
301.543,-2.1394
301.592,-2.13961
301.64,-2.13981
301.689,-2.14001
301.743,-2.14021
301.79,-2.1404
301.841,-2.14059
301.893,-2.14077
301.938,-2.14094
301.99,-2.14111
302.042,-2.14129
302.093,-2.14147
302.143,-2.14165
302.191,-2.14183
302.24,-2.14202
302.292,-2.1422
302.342,-2.14238
302.391,-2.14256
302.442,-2.14274
302.492,-2.14292
302.542,-2.1431
302.592,-2.1433
302.638,-2.1435
302.691,-2.14371
302.741,-2.14392
302.792,-2.14415
302.84,-2.14438
302.893,-2.14462
302.942,-2.14487
302.992,-2.14512
303.039,-2.14537
303.09,-2.14561
303.143,-2.14582
303.194,-2.14602
303.239,-2.14619
303.291,-2.14635
303.34,-2.14649
303.391,-2.14663
303.44,-2.14676
303.494,-2.1469
303.54,-2.14704
303.592,-2.14719
303.641,-2.14736
303.691,-2.14754
303.743,-2.14774
303.789,-2.14796
303.84,-2.14818
303.89,-2.14841
303.942,-2.14865
303.993,-2.14888
304.039,-2.1491
304.091,-2.14932
304.138,-2.14954
304.188,-2.14975
304.241,-2.14995
304.293,-2.15015
304.339,-2.15034
304.389,-2.15053
304.44,-2.15072
304.489,-2.1509
304.542,-2.15108
304.59,-2.15126
304.64,-2.15145
304.688,-2.15166
304.738,-2.15188
304.788,-2.15211
304.839,-2.15236
304.89,-2.15262
304.939,-2.15288
304.989,-2.15315
305.038,-2.15343
305.089,-2.1537
305.14,-2.15396
305.19,-2.15422
305.237,-2.15445
305.288,-2.15466
305.342,-2.15486
305.389,-2.15504
305.437,-2.15521
305.49,-2.15537
305.539,-2.15552
305.591,-2.15567
305.641,-2.15582
305.691,-2.15597
305.739,-2.15613
305.788,-2.15629
305.841,-2.15647
305.89,-2.15666
305.939,-2.15687
305.991,-2.15708
306.037,-2.15731
306.092,-2.15755
306.137,-2.1578
306.189,-2.15804
306.24,-2.15829
306.288,-2.15854
306.339,-2.15878
306.388,-2.15901
306.439,-2.15923
306.486,-2.15942
306.537,-2.1596
306.587,-2.15977
306.638,-2.15992
306.687,-2.16008
306.736,-2.16025
306.785,-2.16043
306.838,-2.16062
306.887,-2.16084
306.938,-2.16107
306.988,-2.16132
307.037,-2.16157
307.088,-2.16184
307.135,-2.16213
307.187,-2.16241
307.239,-2.1627
307.285,-2.16298
307.338,-2.16326
307.387,-2.16353
307.437,-2.16379
307.486,-2.16404
307.534,-2.16428
307.588,-2.16451
307.636,-2.16471
307.687,-2.16491
307.738,-2.16509
307.785,-2.16526
307.837,-2.16542
307.888,-2.16558
307.937,-2.16574
307.987,-2.16591
308.037,-2.16611
308.089,-2.16632
308.135,-2.16656
308.187,-2.16682
308.234,-2.1671
308.286,-2.16739
308.337,-2.16769
308.388,-2.16799
308.438,-2.16828
308.485,-2.16856
308.536,-2.16881
308.587,-2.16904
308.635,-2.16925
308.685,-2.16943
308.738,-2.1696
308.787,-2.16976
308.837,-2.16992
308.887,-2.17009
308.935,-2.17028
308.984,-2.17049
309.034,-2.17071
309.084,-2.17096
309.134,-2.17123
309.186,-2.1715
309.236,-2.17176
309.287,-2.17198
309.334,-2.17225
309.385,-2.1726
309.437,-2.17285
309.485,-2.17325
309.537,-2.17395
309.584,-2.1745
309.635,-2.17496
309.687,-2.17523
309.735,-2.17511
309.786,-2.17493
309.834,-2.17501
309.884,-2.1752
309.937,-2.17549
309.989,-2.1757
310.036,-2.17592
310.084,-2.1762
310.134,-2.17639
310.185,-2.17646
310.234,-2.17655
310.286,-2.17657
310.335,-2.17679
310.386,-2.17714
310.435,-2.17751
310.486,-2.17788
310.535,-2.17814
310.583,-2.17822
310.637,-2.17823
310.683,-2.17828
310.735,-2.17848
310.785,-2.17879
310.834,-2.17914
310.885,-2.17932
310.932,-2.17943
310.985,-2.1796
311.033,-2.17967
311.085,-2.17928
311.132,-2.17871
311.183,-2.1784
311.232,-2.17876
311.283,-2.17973
311.333,-2.18075
311.382,-2.18125
311.432,-2.18146
311.479,-2.18166
311.532,-2.18223
311.583,-2.18332
311.634,-2.18424
311.683,-2.18466
311.732,-2.18451
311.784,-2.18379
311.832,-2.18336
311.883,-2.18317
311.936,-2.18332
311.983,-2.18355
312.033,-2.18383
312.081,-2.18386
312.134,-2.18354
312.184,-2.18343
312.233,-2.18353
312.282,-2.18395
312.331,-2.1845
312.381,-2.18516
312.434,-2.18583
312.483,-2.18615
312.532,-2.18623
312.581,-2.18624
312.632,-2.18625
312.681,-2.18628
312.733,-2.18648
312.78,-2.187
312.829,-2.18757
312.88,-2.18806
312.932,-2.1883
312.981,-2.18837
313.033,-2.18835
313.083,-2.18862
313.132,-2.189
313.183,-2.18937
313.237,-2.18964
313.28,-2.18976
313.33,-2.18962
313.381,-2.18936
313.434,-2.18894
313.485,-2.18868
313.53,-2.18916
313.58,-2.19026
313.629,-2.1914
313.682,-2.19234
313.732,-2.193
313.781,-2.19345
313.831,-2.19405
313.879,-2.19512
313.93,-2.19636
313.983,-2.19747
314.031,-2.19786
314.079,-2.19773
314.131,-2.19749
314.18,-2.19685
314.23,-2.19655
314.284,-2.19646
314.329,-2.19657
314.379,-2.19681
314.429,-2.19703
314.479,-2.19704
314.529,-2.19668
314.579,-2.19648
314.628,-2.19675
314.679,-2.19718
314.73,-2.19771
314.779,-2.19814
314.834,-2.19847
314.879,-2.19877
314.929,-2.19902
314.979,-2.19915
315.031,-2.19916
315.081,-2.19911
315.128,-2.19907
315.18,-2.19915
315.23,-2.19933
315.281,-2.19952
315.33,-2.19965
315.378,-2.19975
315.43,-2.19983
315.479,-2.19997
315.528,-2.2002
315.579,-2.2005
315.63,-2.20082
315.676,-2.20108
315.729,-2.20135
315.779,-2.20162
315.827,-2.20191
315.88,-2.2022
315.93,-2.2025
315.98,-2.2028
316.032,-2.2031
316.078,-2.20339
316.13,-2.20366
316.182,-2.20391
316.228,-2.20414
316.277,-2.20435
316.331,-2.20453
316.378,-2.20469
316.43,-2.20485
316.48,-2.20499
316.527,-2.20513
316.577,-2.20528
316.627,-2.20544
316.678,-2.20561
316.729,-2.2058
316.776,-2.20602
316.831,-2.20625
316.875,-2.20651
316.929,-2.20678
316.977,-2.20706
317.029,-2.20734
317.078,-2.20763
317.125,-2.20791
317.18,-2.20817
317.227,-2.20842
317.279,-2.20866
317.328,-2.20887
317.379,-2.20906
317.427,-2.20923
317.476,-2.20939
317.529,-2.20953
317.577,-2.20968
317.627,-2.20982
317.677,-2.20996
317.726,-2.21011
317.779,-2.21027
317.827,-2.21044
317.879,-2.21061
317.926,-2.2108
317.979,-2.21099
318.025,-2.21118
318.079,-2.21138
318.126,-2.21158
318.175,-2.21177
318.228,-2.21197
318.277,-2.21217
318.324,-2.21235
318.376,-2.21254
318.428,-2.21272
318.476,-2.21289
318.526,-2.21307
318.576,-2.21324
318.627,-2.21341
318.678,-2.21359
318.725,-2.21376
318.774,-2.21394
318.826,-2.21413
318.877,-2.21432
318.927,-2.21453
318.977,-2.21474
319.027,-2.21496
319.074,-2.21518
319.126,-2.21539
319.177,-2.21558
319.226,-2.21576
319.276,-2.21592
319.324,-2.21606
319.375,-2.2162
319.426,-2.21632
319.477,-2.21645
319.525,-2.21659
319.574,-2.21673
319.625,-2.21688
319.675,-2.21705
319.725,-2.21722
319.775,-2.2174
319.825,-2.21759
319.875,-2.21779
319.927,-2.21798
319.975,-2.21818
320.024,-2.21836
320.074,-2.21854
320.124,-2.2187
320.174,-2.21885
320.225,-2.21899
320.275,-2.21911
320.327,-2.21922
320.373,-2.21933
320.424,-2.21943
320.473,-2.21953
320.526,-2.21963
320.577,-2.21973
320.624,-2.21983
320.674,-2.21993
320.723,-2.22003
320.775,-2.22012
320.826,-2.22021
320.873,-2.2203
320.923,-2.22039
320.973,-2.22047
321.026,-2.22056
321.073,-2.22065
321.125,-2.22074
321.172,-2.22083
321.221,-2.22091
321.275,-2.22099
321.325,-2.22106
321.373,-2.22113
321.424,-2.2212
321.47,-2.22126
321.527,-2.22132
321.573,-2.22137
321.624,-2.22142
321.673,-2.22146
321.721,-2.2215
321.774,-2.22153
321.823,-2.22157
321.875,-2.2216
321.92,-2.22164
321.974,-2.22167
322.023,-2.22171
322.074,-2.22175
322.121,-2.22181
322.17,-2.22188
322.219,-2.22197
322.272,-2.22207
322.324,-2.22217
322.371,-2.22229
322.424,-2.22241
322.473,-2.22252
322.524,-2.22263
322.574,-2.22274
322.623,-2.22285
322.673,-2.22295
322.721,-2.22305
322.773,-2.22313
322.821,-2.22322
322.874,-2.22329
322.924,-2.22336
322.972,-2.22344
323.024,-2.22351
323.072,-2.22358
323.122,-2.22365
323.172,-2.22372
323.222,-2.22379
323.275,-2.22385
323.32,-2.22392
323.372,-2.22399
323.423,-2.22407
323.473,-2.22416
323.522,-2.22427
323.57,-2.22439
323.622,-2.22453
323.669,-2.22467
323.724,-2.22483
323.773,-2.22499
323.823,-2.22514
323.873,-2.22529
323.921,-2.22542
323.974,-2.22554
324.021,-2.22565
324.072,-2.22574
324.12,-2.22583
324.172,-2.22592
324.222,-2.226
324.274,-2.22609
324.321,-2.22619
324.37,-2.22629
324.422,-2.22639
324.469,-2.2265
324.524,-2.22659
324.572,-2.22668
324.622,-2.22676
324.672,-2.22682
324.721,-2.22689
324.772,-2.22695
324.82,-2.22702
324.871,-2.22709
324.92,-2.22716
324.968,-2.22725
325.019,-2.22734
325.068,-2.22744
325.12,-2.22754
325.171,-2.22765
325.221,-2.22775
325.27,-2.22786
325.321,-2.22796
325.372,-2.22806
325.422,-2.22815
325.471,-2.22824
325.519,-2.22833
325.57,-2.22841
325.619,-2.22849
325.669,-2.22858
325.721,-2.22866
325.767,-2.22875
325.82,-2.22883
325.869,-2.22891
325.922,-2.22899
325.97,-2.22907
326.016,-2.22915
326.067,-2.22923
326.119,-2.22933
326.169,-2.22944
326.22,-2.22956
326.268,-2.22968
326.318,-2.22982
326.371,-2.22996
326.422,-2.23011
326.468,-2.23026
326.519,-2.23041
326.566,-2.23057
326.618,-2.23072
326.667,-2.23088
326.717,-2.23103
326.767,-2.23117
326.817,-2.23131
326.868,-2.23144
326.917,-2.23157
326.97,-2.23169
327.02,-2.23182
327.066,-2.23194
327.118,-2.23207
327.168,-2.23221
327.217,-2.23236
327.268,-2.23251
327.321,-2.23268
327.368,-2.23285
327.417,-2.23302
327.471,-2.2332
327.516,-2.23337
327.569,-2.23354
327.616,-2.2337
327.668,-2.23385
327.718,-2.234
327.768,-2.23414
327.82,-2.23428
327.868,-2.23441
327.915,-2.23455
327.968,-2.23468
328.018,-2.23482
328.067,-2.23495
328.117,-2.23509
328.169,-2.23523
328.217,-2.23538
328.268,-2.23554
328.319,-2.2357
328.367,-2.23586
328.416,-2.23601
328.464,-2.23616
328.516,-2.23631
328.569,-2.23644
328.62,-2.23657
328.667,-2.23668
328.716,-2.23679
328.768,-2.23689
328.817,-2.23699
328.866,-2.23709
328.916,-2.2372
328.968,-2.23731
329.017,-2.23743
329.066,-2.23756
329.119,-2.2377
329.17,-2.23784
329.219,-2.23798
329.266,-2.23812
329.315,-2.23826
329.366,-2.23841
329.418,-2.23856
329.467,-2.23871
329.514,-2.23886
329.565,-2.23903
329.616,-2.23919
329.67,-2.23936
329.721,-2.23953
329.767,-2.23969
329.814,-2.23984
329.864,-2.23998
329.916,-2.24012
329.967,-2.24024
330.015,-2.24037
330.064,-2.2405
330.114,-2.24063
330.166,-2.24078
330.215,-2.24093
330.266,-2.24109
330.317,-2.24126
330.364,-2.24143
330.416,-2.24162
330.467,-2.24182
330.516,-2.24202
330.566,-2.24223
330.615,-2.24243
330.667,-2.24263
330.717,-2.24283
330.764,-2.24302
330.814,-2.24322
330.865,-2.24341
330.912,-2.24361
330.964,-2.2438
331.017,-2.24399
331.065,-2.24417
331.117,-2.24435
331.162,-2.24453
331.212,-2.2447
331.262,-2.24487
331.317,-2.24504
331.362,-2.24521
331.416,-2.24538
331.464,-2.24556
331.513,-2.24573
331.567,-2.2459
331.614,-2.24607
331.664,-2.24624
331.712,-2.24642
331.766,-2.2466
331.815,-2.24678
331.863,-2.24697
331.914,-2.24715
331.966,-2.24732
332.011,-2.24749
332.065,-2.24766
332.114,-2.24782
332.166,-2.24797
332.215,-2.24811
332.265,-2.24825
332.315,-2.24839
332.362,-2.24852
332.412,-2.24866
332.462,-2.2488
332.513,-2.24895
332.561,-2.2491
332.612,-2.24926
332.663,-2.24943
332.712,-2.24961
332.762,-2.24979
332.812,-2.24997
332.864,-2.25015
332.91,-2.25033
332.961,-2.25051
333.012,-2.25069
333.059,-2.25086
333.112,-2.25103
333.164,-2.2512
333.214,-2.25136
333.262,-2.25152
333.314,-2.25168
333.364,-2.25183
333.413,-2.25199
333.462,-2.25215
333.512,-2.25231
333.563,-2.25248
333.608,-2.25265
333.662,-2.25283
333.714,-2.253
333.762,-2.25316
333.811,-2.25332
333.862,-2.25347
333.913,-2.25362
333.961,-2.25376
334.013,-2.25389
334.066,-2.25402
334.11,-2.25415
334.161,-2.25427
334.212,-2.2544
334.266,-2.25454
334.311,-2.25468
334.362,-2.25483
334.409,-2.25499
334.46,-2.25515
334.51,-2.25533
334.561,-2.2555
334.609,-2.25568
334.66,-2.25585
334.709,-2.25603
334.759,-2.25621
334.808,-2.25639
334.862,-2.25658
334.91,-2.25676
334.961,-2.25694
335.008,-2.25712
335.061,-2.25728
335.11,-2.25743
335.16,-2.25757
335.214,-2.25771
335.26,-2.25784
335.312,-2.25796
335.362,-2.25807
335.41,-2.25818
335.458,-2.2583
335.507,-2.25841
335.559,-2.25853
335.61,-2.25867
335.662,-2.25882
335.708,-2.25898
335.76,-2.25915
335.813,-2.25933
335.86,-2.25952
335.91,-2.25971
335.961,-2.25991
336.008,-2.26009
336.057,-2.26028
336.109,-2.26046
336.161,-2.26065
336.21,-2.26084
336.26,-2.26103
336.308,-2.26122
336.361,-2.26141
336.412,-2.2616
336.459,-2.26179
336.509,-2.26199
336.557,-2.26218
336.607,-2.26238
336.659,-2.26258
336.708,-2.26278
336.756,-2.26298
336.81,-2.26319
336.859,-2.2634
336.907,-2.26362
336.96,-2.26383
337.011,-2.26404
337.059,-2.26425
337.109,-2.26445
337.16,-2.26465
337.209,-2.26485
337.257,-2.26505
337.311,-2.26524
337.356,-2.26543
337.409,-2.26562
337.459,-2.2658
337.509,-2.26597
337.558,-2.26613
337.607,-2.26628
337.658,-2.26642
337.708,-2.26655
337.759,-2.26668
337.81,-2.26682
337.859,-2.26696
337.907,-2.26711
337.958,-2.26727
338.007,-2.26744
338.058,-2.26763
338.108,-2.26783
338.156,-2.26804
338.206,-2.26826
338.259,-2.26849
338.307,-2.26872
338.359,-2.26894
338.409,-2.26916
338.459,-2.26938
338.509,-2.26958
338.558,-2.26978
338.609,-2.26998
338.658,-2.27017
338.709,-2.27036
338.758,-2.27055
338.808,-2.27074
338.859,-2.27094
338.908,-2.27115
338.959,-2.27137
339.006,-2.2716
339.06,-2.27183
339.109,-2.27207
339.156,-2.27231
339.208,-2.27255
339.253,-2.27279
339.307,-2.27301
339.358,-2.27323
339.406,-2.27344
339.456,-2.27364
339.507,-2.27382
339.556,-2.27401
339.607,-2.27419
339.658,-2.27437
339.706,-2.27455
339.76,-2.27474
339.805,-2.27493
339.857,-2.27513
339.909,-2.27534
339.956,-2.27555
340.004,-2.27576
340.055,-2.27598
340.107,-2.27621
340.155,-2.27644
340.209,-2.27667
340.257,-2.2769
340.307,-2.27714
340.358,-2.27738
340.405,-2.27762
340.458,-2.27787
340.505,-2.27811
340.556,-2.27834
340.606,-2.27857
340.655,-2.27879
340.707,-2.279
340.754,-2.2792
340.809,-2.27939
340.856,-2.27956
340.903,-2.27973
340.957,-2.2799
341.008,-2.28007
341.058,-2.28024
341.107,-2.28041
341.154,-2.28058
341.207,-2.28075
341.255,-2.28093
341.305,-2.2811
341.354,-2.28129
341.403,-2.28147
341.453,-2.28166
341.506,-2.28186
341.555,-2.28205
341.601,-2.28223
341.655,-2.28242
341.702,-2.2826
341.755,-2.28278
341.806,-2.28295
341.853,-2.28312
341.904,-2.28329
341.955,-2.28345
342.004,-2.28361
342.052,-2.28378
342.105,-2.28394
342.154,-2.28411
342.203,-2.28428
342.255,-2.28447
342.303,-2.28466
342.356,-2.28486
342.404,-2.28507
342.455,-2.28529
342.503,-2.28551
342.551,-2.28574
342.602,-2.28597
342.656,-2.28621
342.704,-2.28646
342.753,-2.2867
342.801,-2.28693
342.851,-2.28716
342.901,-2.28738
342.954,-2.28758
343.003,-2.28778
343.055,-2.28796
343.104,-2.28813
343.154,-2.28829
343.202,-2.28844
343.254,-2.28859
343.303,-2.28875
343.351,-2.2889
343.403,-2.28905
343.451,-2.2892
343.504,-2.28935
343.553,-2.2895
343.602,-2.28966
343.651,-2.28982
343.703,-2.28999
343.752,-2.29017
343.804,-2.29035
343.852,-2.29053
343.901,-2.29072
343.952,-2.2909
344.006,-2.29108
344.054,-2.29126
344.102,-2.29144
344.152,-2.29162
344.201,-2.2918
344.254,-2.29199
344.303,-2.29219
344.355,-2.29239
344.4,-2.2926
344.451,-2.29282
344.502,-2.29305
344.552,-2.29328
344.601,-2.29352
344.65,-2.29376
344.702,-2.29399
344.749,-2.29422
344.802,-2.29444
344.853,-2.29466
344.904,-2.29487
344.95,-2.29507
344.999,-2.29527
345.051,-2.29545
345.101,-2.29563
345.151,-2.2958
345.2,-2.29595
345.252,-2.29609
345.302,-2.29622
345.353,-2.29634
345.402,-2.29646
345.452,-2.29658
345.502,-2.29671
345.55,-2.29686
345.603,-2.29703
345.651,-2.29723
345.7,-2.29745
345.75,-2.2977
345.802,-2.29797
345.85,-2.29824
345.899,-2.29853
345.952,-2.29881
346.003,-2.29909
346.05,-2.29935
346.101,-2.29959
346.152,-2.29983
346.202,-2.30006
346.251,-2.30027
346.298,-2.30047
346.353,-2.30065
346.399,-2.30082
346.449,-2.30098
346.5,-2.30114
346.55,-2.30129
346.601,-2.30145
346.65,-2.30162
346.703,-2.3018
346.75,-2.30199
346.798,-2.30219
346.851,-2.3024
346.9,-2.30262
346.949,-2.30285
346.999,-2.30308
347.05,-2.30331
347.101,-2.30353
347.149,-2.30375
347.2,-2.30396
347.249,-2.30416
347.301,-2.30435
347.35,-2.30454
347.394,-2.30473
347.448,-2.30492
347.5,-2.30511
347.549,-2.30531
347.599,-2.30552
347.651,-2.30574
347.699,-2.30595
347.748,-2.30618
347.798,-2.3064
347.85,-2.30663
347.899,-2.30686
347.948,-2.30709
347.999,-2.30732
348.05,-2.30755
348.098,-2.30777
348.147,-2.30799
348.201,-2.30821
348.247,-2.30842
348.301,-2.30863
348.351,-2.30884
348.398,-2.30904
348.45,-2.30924
348.497,-2.30944
348.55,-2.30964
348.599,-2.30984
348.648,-2.31004
348.701,-2.31024
348.748,-2.31043
348.8,-2.31061
348.851,-2.3108
348.898,-2.31099
348.949,-2.31118
348.996,-2.31137
349.047,-2.31157
349.097,-2.31177
349.15,-2.31198
349.198,-2.31218
349.246,-2.31239
349.298,-2.3126
349.346,-2.31282
349.397,-2.31303
349.449,-2.31325
349.498,-2.31346
349.549,-2.31367
349.597,-2.31389
349.649,-2.3141
349.697,-2.31432
349.747,-2.31454
349.796,-2.31475
349.846,-2.31497
349.897,-2.31519
349.946,-2.3154
349.997,-2.31562
350.046,-2.31583
350.099,-2.31605
350.143,-2.31627
350.198,-2.3165
350.249,-2.31674
350.296,-2.31699
350.348,-2.31724
350.393,-2.31749
350.446,-2.31774
350.5,-2.31797
350.546,-2.3182
350.598,-2.3184
350.646,-2.31859
350.694,-2.31877
350.745,-2.31894
350.798,-2.31911
350.846,-2.31927
350.895,-2.31943
350.943,-2.31959
350.995,-2.31976
351.045,-2.31994
351.096,-2.32012
351.147,-2.3203
351.197,-2.3205
351.246,-2.3207
351.298,-2.3209
351.344,-2.32113
351.396,-2.32136
351.445,-2.3216
351.495,-2.32184
351.544,-2.32209
351.595,-2.32232
351.645,-2.32256
351.697,-2.32278
351.743,-2.32299
351.795,-2.32319
351.849,-2.32338
351.894,-2.32357
351.943,-2.32375
351.995,-2.32393
352.044,-2.32411
352.093,-2.32429
352.144,-2.32448
352.194,-2.32468
352.243,-2.32488
352.295,-2.32509
352.343,-2.32531
352.393,-2.32553
352.446,-2.32575
352.494,-2.32597
352.541,-2.32619
352.595,-2.3264
352.641,-2.32662
352.695,-2.32683
352.745,-2.32703
352.796,-2.32723
352.845,-2.32742
352.893,-2.32761
352.942,-2.3278
352.992,-2.32799
353.045,-2.32818
353.094,-2.32837
353.144,-2.32856
353.194,-2.32875
353.245,-2.32895
353.297,-2.32916
353.342,-2.32938
353.394,-2.32961
353.445,-2.32985
353.494,-2.3301
353.543,-2.33035
353.595,-2.3306
353.643,-2.33086
353.693,-2.33112
353.744,-2.33137
353.793,-2.33162
353.844,-2.33185
353.889,-2.33208
353.941,-2.3323
353.992,-2.33251
354.044,-2.33271
354.096,-2.33289
354.141,-2.33307
354.19,-2.33324
354.241,-2.3334
354.29,-2.33355
354.345,-2.3337
354.39,-2.33386
354.444,-2.33402
354.495,-2.33418
354.543,-2.33435
354.593,-2.33452
354.641,-2.3347
354.691,-2.33489
354.741,-2.33507
354.795,-2.33527
354.843,-2.33546
354.892,-2.33566
354.941,-2.33586
354.99,-2.33607
355.042,-2.33629
355.09,-2.3365
355.14,-2.33671
355.192,-2.33692
355.24,-2.33712
355.293,-2.33732
355.344,-2.33751
355.392,-2.33769
355.442,-2.33786
355.493,-2.33804
355.542,-2.33823
355.592,-2.33844
355.64,-2.33865
355.692,-2.33888
355.74,-2.33913
355.791,-2.33939
355.84,-2.33965
355.893,-2.33993
355.943,-2.3402
355.991,-2.34047
356.038,-2.34073
356.09,-2.34099
356.139,-2.34123
356.193,-2.34147
356.241,-2.3417
356.289,-2.34192
356.341,-2.34213
356.389,-2.34233
356.441,-2.34254
356.491,-2.34274
356.538,-2.34294
356.592,-2.34314
356.639,-2.34335
356.69,-2.34356
356.74,-2.34379
356.79,-2.34402
356.839,-2.34425
356.89,-2.34449
356.941,-2.34474
356.991,-2.34498
357.042,-2.34523
357.09,-2.34547
357.14,-2.34571
357.191,-2.34593
357.241,-2.34615
357.29,-2.34636
357.338,-2.34656
357.389,-2.34675
357.442,-2.34695
357.491,-2.34713
357.543,-2.34732
357.59,-2.34751
357.641,-2.34771
357.687,-2.34792
357.739,-2.34813
357.791,-2.34834
357.84,-2.34856
357.893,-2.34877
357.938,-2.34898
357.989,-2.34919
358.042,-2.3494
358.092,-2.34961
358.14,-2.34983
358.191,-2.35005
358.241,-2.35027
358.292,-2.35049
358.343,-2.3507
358.391,-2.35092
358.441,-2.35113
358.492,-2.35134
358.541,-2.35154
358.59,-2.35175
358.641,-2.35196
358.693,-2.35217
358.741,-2.35239
358.792,-2.3526
358.838,-2.35282
358.892,-2.35305
358.94,-2.35327
358.991,-2.35351
359.04,-2.35375
359.088,-2.35401
359.139,-2.35426
359.191,-2.35452
359.242,-2.35477
359.291,-2.35502
359.341,-2.35526
359.393,-2.35549
359.44,-2.35571
359.49,-2.35593
359.54,-2.35615
359.588,-2.35637
359.64,-2.3566
359.69,-2.35683
359.742,-2.35707
359.791,-2.35732
359.84,-2.35758
359.893,-2.35785
359.939,-2.35813
359.988,-2.3584
360.038,-2.35867
360.089,-2.35893
360.141,-2.35918
360.189,-2.35942
360.24,-2.35965
360.288,-2.35989
360.34,-2.36012
360.387,-2.36034
360.437,-2.36056
360.489,-2.36076
360.537,-2.36096
360.591,-2.36116
360.638,-2.36134
360.687,-2.36152
360.737,-2.3617
360.789,-2.36187
360.839,-2.36205
360.889,-2.36223
360.94,-2.36242
360.986,-2.36262
361.039,-2.36283
361.089,-2.36306
361.138,-2.36329
361.189,-2.36353
361.238,-2.36376
361.29,-2.36399
361.337,-2.36422
361.388,-2.36444
361.439,-2.36466
361.488,-2.36487
361.535,-2.36509
361.588,-2.36531
361.641,-2.36552
361.686,-2.36574
361.737,-2.36596
361.789,-2.36618
361.837,-2.36641
361.891,-2.36664
361.938,-2.36687
361.988,-2.3671
362.04,-2.36733
362.089,-2.36757
362.14,-2.36782
362.189,-2.36808
362.239,-2.36834
362.286,-2.36861
362.335,-2.36889
362.388,-2.36917
362.438,-2.36945
362.49,-2.36973
362.537,-2.37001
362.588,-2.37029
362.637,-2.37056
362.686,-2.37082
362.736,-2.37109
362.788,-2.37135
362.839,-2.37162
362.885,-2.37188
362.937,-2.37215
362.986,-2.37242
363.037,-2.37268
363.087,-2.37293
363.136,-2.37318
363.187,-2.37342
363.237,-2.37366
363.287,-2.37391
363.338,-2.37415
363.385,-2.37439
363.434,-2.37463
363.485,-2.37488
363.536,-2.37512
363.585,-2.37536
363.636,-2.37561
363.689,-2.37585
363.736,-2.3761
363.787,-2.37635
363.837,-2.37659
363.884,-2.37683
363.936,-2.37705
363.985,-2.37727
364.037,-2.37747
364.089,-2.37767
364.134,-2.37788
364.186,-2.37808
364.236,-2.37829
364.286,-2.37851
364.337,-2.37874
364.389,-2.37897
364.435,-2.3792
364.485,-2.37945
364.533,-2.37969
364.586,-2.37994
364.638,-2.38019
364.684,-2.38043
364.735,-2.38065
364.784,-2.38086
364.835,-2.38106
364.884,-2.38125
364.937,-2.38144
364.984,-2.38162
365.033,-2.38181
365.086,-2.38201
365.137,-2.38222
365.186,-2.38245
365.236,-2.38268
365.283,-2.38293
365.333,-2.38318
365.387,-2.38344
365.438,-2.3837
365.485,-2.38395
365.537,-2.3842
365.585,-2.38443
365.634,-2.38466
365.685,-2.38489
365.733,-2.38511
365.783,-2.38534
365.834,-2.38557
365.884,-2.3858
365.934,-2.38602
365.985,-2.38624
366.034,-2.38646
366.085,-2.38668
366.135,-2.3869
366.185,-2.38713
366.236,-2.38737
366.284,-2.38762
366.332,-2.38789
366.383,-2.38816
366.435,-2.38844
366.487,-2.38872
366.535,-2.389
366.585,-2.38926
366.634,-2.38951
366.683,-2.38975
366.734,-2.38997
366.781,-2.39018
366.834,-2.39037
366.881,-2.39056
366.933,-2.39075
366.982,-2.39094
367.032,-2.39113
367.085,-2.39134
367.133,-2.39155
367.181,-2.39178
367.234,-2.39202
367.283,-2.39226
367.334,-2.3925
367.385,-2.39275
367.432,-2.39299
367.482,-2.39322
367.532,-2.39344
367.584,-2.39365
367.631,-2.39385
367.682,-2.39405
367.731,-2.39424
367.783,-2.39443
367.833,-2.39463
367.882,-2.39483
367.932,-2.39504
367.981,-2.39527
368.033,-2.39551
368.083,-2.39576
368.133,-2.39602
368.18,-2.39629
368.23,-2.39657
368.282,-2.39685
368.332,-2.39714
368.383,-2.39742
368.432,-2.3977
368.481,-2.39797
368.53,-2.39823
368.582,-2.39847
368.633,-2.3987
368.68,-2.39892
368.734,-2.39912
368.78,-2.39932
368.831,-2.39952
368.883,-2.39972
368.933,-2.39993
368.983,-2.40016
369.033,-2.40041
369.082,-2.40068
369.131,-2.40096
369.179,-2.40126
369.231,-2.40157
369.283,-2.40189
369.331,-2.4022
369.379,-2.40251
369.43,-2.4028
369.48,-2.40308
369.531,-2.40334
369.58,-2.40359
369.63,-2.40384
369.681,-2.40408
369.732,-2.40432
369.781,-2.40456
369.829,-2.4048
369.881,-2.40505
369.932,-2.4053
369.981,-2.40556
370.033,-2.40582
370.08,-2.40609
370.131,-2.40636
370.18,-2.40663
370.23,-2.4069
370.281,-2.40717
370.331,-2.40744
370.38,-2.4077
370.43,-2.40796
370.478,-2.40822
370.531,-2.40848
370.579,-2.40875
370.63,-2.40902
370.677,-2.40928
370.73,-2.40955
370.779,-2.40982
370.829,-2.41008
370.878,-2.41034
370.928,-2.4106
370.982,-2.41085
371.03,-2.41111
371.081,-2.41136
371.131,-2.41161
371.179,-2.41185
371.226,-2.41207
371.277,-2.41229
371.329,-2.4125
371.378,-2.4127
371.429,-2.41291
371.479,-2.41312
371.527,-2.41334
371.581,-2.41356
371.628,-2.4138
371.679,-2.41405
371.725,-2.41431
371.781,-2.41458
371.83,-2.41487
371.877,-2.41515
371.929,-2.41544
371.979,-2.4157
372.029,-2.41594
372.081,-2.41616
372.126,-2.41635
372.179,-2.41654
372.227,-2.41671
372.279,-2.41687
372.325,-2.41704
372.379,-2.41721
372.43,-2.4174
372.478,-2.41761
372.53,-2.41783
372.574,-2.41808
372.626,-2.41835
372.677,-2.41863
372.73,-2.41892
372.781,-2.41922
372.828,-2.41953
372.878,-2.41982
372.929,-2.42011
372.979,-2.42039
373.026,-2.42066
373.078,-2.42091
373.128,-2.42114
373.178,-2.42137
373.228,-2.42158
373.28,-2.42178
373.328,-2.42197
373.376,-2.42217
373.428,-2.42237
373.478,-2.42258
373.529,-2.4228
373.577,-2.42305
373.627,-2.42332
373.676,-2.4236
373.728,-2.42391
373.775,-2.42422
373.83,-2.42454
373.875,-2.42485
373.929,-2.42514
373.977,-2.42541
374.028,-2.42566
374.077,-2.42588
374.124,-2.42608
374.177,-2.42626
374.228,-2.42644
374.277,-2.42661
374.33,-2.42678
374.377,-2.42695
374.426,-2.42712
374.474,-2.4273
374.528,-2.42748
374.576,-2.42766
374.626,-2.42785
374.676,-2.42805
374.724,-2.42825
374.775,-2.42845
374.826,-2.42867
374.877,-2.42889
374.927,-2.42913
374.977,-2.42936
375.025,-2.42961
375.077,-2.42985
375.129,-2.43008
375.177,-2.43032
375.226,-2.43054
375.275,-2.43077
375.326,-2.43099
375.375,-2.43121
375.426,-2.43143
375.477,-2.43165
375.526,-2.43186
375.574,-2.43208
375.625,-2.4323
375.677,-2.43253
375.724,-2.43276
375.775,-2.43301
375.827,-2.43326
375.877,-2.43353
375.926,-2.4338
375.973,-2.43407
376.025,-2.43434
376.075,-2.4346
376.126,-2.43486
376.173,-2.43512
376.224,-2.43537
376.274,-2.43562
376.327,-2.43585
376.374,-2.43608
376.424,-2.43631
376.474,-2.43653
376.524,-2.43676
376.575,-2.43698
376.621,-2.43722
376.675,-2.43745
376.723,-2.43768
376.775,-2.43791
376.825,-2.43813
376.875,-2.43836
376.924,-2.43859
376.974,-2.43882
377.026,-2.43907
377.073,-2.43932
377.124,-2.43957
377.174,-2.43983
377.224,-2.44007
377.277,-2.44032
377.324,-2.44055
377.373,-2.44078
377.422,-2.441
377.474,-2.4412
377.523,-2.4414
377.575,-2.44158
377.626,-2.44175
377.672,-2.44191
377.722,-2.44206
377.774,-2.44221
377.825,-2.44235
377.874,-2.44249
377.922,-2.44263
377.972,-2.44276
378.021,-2.44291
378.073,-2.44305
378.122,-2.4432
378.17,-2.44336
378.222,-2.44352
378.272,-2.44369
378.325,-2.44386
378.372,-2.44403
378.423,-2.4442
378.475,-2.44436
378.523,-2.44452
378.575,-2.44467
378.622,-2.44481
378.673,-2.44495
378.722,-2.44507
378.772,-2.4452
378.824,-2.44532
378.871,-2.44544
378.926,-2.44556
378.972,-2.44579
379.023,-2.44617
379.071,-2.44648
379.121,-2.44675
