Point,Distance (µm),Br L series
1,0,28522.89
2,0.00271981611420275,28287.99
3,0.00543963222840551,30232.5
4,0.00815944834260826,26587.97
5,0.010879264456811,30920.68
6,0.0135990805710138,29526.65
7,0.0163188966852166,26858.13
8,0.0190387127994193,27369.95
9,0.021758528913622,28142.68
10,0.0244783450278248,26539.96
11,0.0271981611420276,26853.36
12,0.0299179772562303,27207.71
13,0.0326377933704331,28587.56
14,0.0353576094846359,26893.38
15,0.0380774255988386,28132.76
16,0.0407972417130414,29511.28
17,0.0435170578272441,25885.36
18,0.0462368739414469,28996.18
19,0.0489566900556496,28423.38
20,0.0516765061698524,23962.24
21,0.0543963222840552,27147.85
22,0.0571161383982579,28306.94
23,0.0598359545124607,26538.29
24,0.0625557706266635,29013.94
25,0.0652755867408662,27265.77
26,0.067995402855069,27738.59
27,0.0707152189692717,25533.83
28,0.0734350350834745,26715.92
29,0.0761548511976772,30793.68
30,0.07887466731188,26556.19
31,0.0815944834260827,25249.6
32,0.0843142995402855,27014.79
33,0.0870341156544883,26658.19
34,0.089753931768691,27967.8
35,0.0924737478828938,28372.69
36,0.0951935639970965,28952.01
37,0.0979133801112993,28772.29
38,0.100633196225502,24253.41
39,0.103353012339705,28843.2
40,0.106072828453908,25041.66
41,0.10879264456811,25359.38
42,0.111512460682313,24738.94
43,0.114232276796516,28749.84
44,0.116952092910719,25985.37
45,0.119671909024921,26736.77
46,0.122391725139124,24357.6
47,0.125111541253327,27761.13
48,0.12783135736753,24793.19
49,0.130551173481732,26281.67
50,0.133270989595935,27750.06
51,0.135990805710138,28645.16
52,0.138710621824341,28465.07
53,0.141430437938543,27424.18
54,0.144150254052746,24762.36
55,0.146870070166949,26065.36
56,0.149589886281152,24273.31
57,0.152309702395354,27310.43
58,0.155029518509557,25234.06
59,0.15774933462376,24543.71
60,0.160469150737963,24458.47
61,0.163188966852165,27246.84
62,0.165908782966368,29120.13
63,0.168628599080571,27124.91
64,0.171348415194774,27409.93
65,0.174068231308977,24785.02
66,0.176788047423179,25801.22
67,0.179507863537382,22670
68,0.182227679651585,26611.49
69,0.184947495765788,24705.89
70,0.18766731187999,28173.62
71,0.190387127994193,26224.76
72,0.193106944108396,27479.44
73,0.195826760222599,21968.41
74,0.198546576336801,27841.49
75,0.201266392451004,23586.52
76,0.203986208565207,24796.36
77,0.20670602467941,25478.78
78,0.209425840793612,25201.82
79,0.212145656907815,24641.89
80,0.214865473022018,24105.64
81,0.217585289136221,26390.57
82,0.220305105250423,25067.64
83,0.223024921364626,25134.39
84,0.225744737478829,24810.45
85,0.228464553593032,28687.16
86,0.231184369707234,26610.18
87,0.233904185821437,23901.27
88,0.23662400193564,28956.11
89,0.239343818049843,26288.61
90,0.242063634164045,27270.51
91,0.244783450278248,25681.06
92,0.247503266392451,26484.73
93,0.250223082506654,25183.54
94,0.252942898620857,26469.36
95,0.255662714735059,26061.72
96,0.258382530849262,26508.18
97,0.261102346963465,27856.36
98,0.263822163077667,29883.31
99,0.26654197919187,25012.73
100,0.269261795306073,23705.39
101,0.271981611420276,28485.34
102,0.274701427534479,29568.42
103,0.277421243648681,24583.92
104,0.280141059762884,25529.89
105,0.282860875877087,24384.66
106,0.28558069199129,22546.51
107,0.288300508105492,27365.79
108,0.291020324219695,24890.41
109,0.293740140333898,24442.48
110,0.296459956448101,22502.69
111,0.299179772562303,27315.74
112,0.301899588676506,29173.63
113,0.304619404790709,27420.49
114,0.307339220904912,27322.05
115,0.310059037019114,23606.5
116,0.312778853133317,29359.84
117,0.31549866924752,27978.25
118,0.318218485361723,26379.29
119,0.320938301475926,24405.44
120,0.323658117590128,25312.84
121,0.326377933704331,24200.43
122,0.329097749818534,25607.42
123,0.331817565932737,25770.05
124,0.334537382046939,23780.42
125,0.337257198161142,22953.8
126,0.339977014275345,26032.55
127,0.342696830389548,20840.13
128,0.34541664650375,27984.7
129,0.348136462617953,24575.71
130,0.350856278732156,24508.7
131,0.353576094846359,26903.81
132,0.356295910960561,23751.49
133,0.359015727074764,24307.56
134,0.361735543188967,26024.16
135,0.36445535930317,25603.53
136,0.367175175417372,25300.91
137,0.369894991531575,24543.16
138,0.372614807645778,27535.93
139,0.375334623759981,23892.69
140,0.378054439874183,25114.59
141,0.380774255988386,25821.17
142,0.383494072102589,24925.28
143,0.386213888216792,23949.21
144,0.388933704330994,25881.95
145,0.391653520445197,25551.28
146,0.3943733365594,28511.92
147,0.397093152673603,25612.44
148,0.399812968787805,27276.59
149,0.402532784902008,22842.19
150,0.405252601016211,26698.67
151,0.407972417130414,26969.84
152,0.410692233244616,26046.37
153,0.413412049358819,25361.06
154,0.416131865473022,24517.85
155,0.418851681587225,24809.21
156,0.421571497701427,26270.21
157,0.42429131381563,24773.03
158,0.427011129929833,28151.21
159,0.429730946044036,23618.17
160,0.432450762158239,26008.43
161,0.435170578272441,24268.87
162,0.437890394386644,22013.45
163,0.440610210500847,24569.35
164,0.44333002661505,20971.94
165,0.446049842729252,23723.92
166,0.448769658843455,25831.89
167,0.451489474957658,26539.43
168,0.454209291071861,24342.71
169,0.456929107186063,23611.88
170,0.459648923300266,23129.03
171,0.462368739414469,24153.94
172,0.465088555528672,26328.82
173,0.467808371642874,22421.08
174,0.470528187757077,23511.2
175,0.47324800387128,23738.89
176,0.475967819985483,24199.2
177,0.478687636099685,27293.48
178,0.481407452213888,27112.54
179,0.484127268328091,27595.86
180,0.486847084442294,29678.46
181,0.489566900556496,25603.46
182,0.492286716670699,24096.76
183,0.495006532784902,25507.15
184,0.497726348899105,25110.61
185,0.500446165013308,26784.2
186,0.50316598112751,26289.52
187,0.505885797241713,24682.04
188,0.508605613355916,25349.6
189,0.511325429470119,29688.65
190,0.514045245584321,24413.93
191,0.516765061698524,27200.56
192,0.519484877812727,23574.94
193,0.52220469392693,27759.26
194,0.524924510041132,28512.59
195,0.527644326155335,26379.01
196,0.530364142269538,24717.45
197,0.533083958383741,25662.94
198,0.535803774497943,23701.25
199,0.538523590612146,26474.56
200,0.541243406726349,26420.4
201,0.543963222840552,28171.73
202,0.546683038954754,26106.21
203,0.549402855068957,24178.96
204,0.55212267118316,25511.82
205,0.554842487297363,24489.83
206,0.557562303411565,24176.81
207,0.560282119525768,28726.48
208,0.563001935639971,28928.4
209,0.565721751754174,27063.4
210,0.568441567868377,24281.63
211,0.571161383982579,28285.05
212,0.573881200096782,26960.86
213,0.576601016210985,21924.91
214,0.579320832325188,23101.71
215,0.58204064843939,25513.43
216,0.584760464553593,27148.15
217,0.587480280667796,27439.4
218,0.590200096781999,28938.05
219,0.592919912896201,28123.28
220,0.595639729010404,22539.5
221,0.598359545124607,25342.3
222,0.601079361238809,28199.07
223,0.603799177353012,23673.84
224,0.606518993467215,27117.24
225,0.609238809581418,28550.27
226,0.611958625695621,25535.08
227,0.614678441809823,26133.37
228,0.617398257924026,26527.86
229,0.620118074038229,26572.46
230,0.622837890152432,24575.34
231,0.625557706266634,23735.89
232,0.628277522380837,29214.35
233,0.63099733849504,27242.74
234,0.633717154609243,24275.6
235,0.636436970723446,25983.82
236,0.639156786837648,28045.93
237,0.641876602951851,25482.78
238,0.644596419066054,29604.39
239,0.647316235180257,27756.9
240,0.650036051294459,27510.45
241,0.652755867408662,25405.32
242,0.655475683522865,25878.99
243,0.658195499637067,26098.47
244,0.66091531575127,25756.51
245,0.663635131865473,25544.43
246,0.666354947979676,29093.44
247,0.669074764093879,25516.81
248,0.671794580208081,27612.35
249,0.674514396322284,24363.72
250,0.677234212436487,26923.77
251,0.679954028550689,27188.86
252,0.682673844664892,29927.46
253,0.685393660779095,27490.15
254,0.688113476893298,26856.62
255,0.690833293007501,25806.75
256,0.693553109121703,26622.74
257,0.696272925235906,23861.65
258,0.698992741350109,26988.25
259,0.701712557464312,24633.39
260,0.704432373578514,30259.98
261,0.707152189692717,26030.36
262,0.70987200580692,26852.46
263,0.712591821921123,26111.38
264,0.715311638035325,28071.5
265,0.718031454149528,25356.58
266,0.720751270263731,27464.84
267,0.723471086377934,27360.11
268,0.726190902492136,28654.52
269,0.728910718606339,26485.03
270,0.731630534720542,31471.46
271,0.734350350834745,28168.28
272,0.737070166948948,26919.31
273,0.73978998306315,26853.84
274,0.742509799177353,27131.29
275,0.745229615291556,25342.04
276,0.747949431405758,26855.72
277,0.750669247519961,25274.73
278,0.753389063634164,23854.52
279,0.756108879748367,26986.49
280,0.75882869586257,23735.81
281,0.761548511976772,26984.11
282,0.764268328090975,26259.94
283,0.766988144205178,26743
284,0.769707960319381,26177.28
285,0.772427776433583,27038.91
286,0.775147592547786,24364.1
287,0.777867408661989,28905.18
288,0.780587224776192,25297.43
289,0.783307040890394,28206.35
290,0.786026857004597,28573.46
291,0.7887466731188,27627.73
292,0.791466489233003,27561.56
293,0.794186305347205,27279.53
294,0.796906121461408,29173.82
295,0.799625937575611,28881.56
296,0.802345753689814,28396.47
297,0.805065569804016,27514.47
298,0.807785385918219,27213.62
299,0.810505202032422,26474.68
300,0.813225018146625,27468.19
301,0.815944834260828,26645.12
302,0.81866465037503,27954.82
303,0.821384466489233,27034.53
304,0.824104282603436,30427.78
305,0.826824098717639,24353.11
306,0.829543914831841,26008.83
307,0.832263730946044,26031.09
308,0.834983547060247,28172.41
309,0.83770336317445,24840.13
310,0.840423179288652,30021.83
311,0.843142995402855,28385.1
312,0.845862811517058,20820.79
313,0.848582627631261,26001.63
314,0.851302443745463,24485.51
315,0.854022259859666,26119.14
316,0.856742075973869,22605.91
317,0.859461892088072,23124.61
318,0.862181708202274,26325.59
319,0.864901524316477,24722.91
320,0.86762134043068,30027.78
321,0.870341156544883,30861.94
322,0.873060972659085,26091.52
323,0.875780788773288,26117.73
324,0.878500604887491,28881.08
325,0.881220421001694,27543.57
326,0.883940237115897,28042.57
327,0.886660053230099,30361.07
328,0.889379869344302,29734.81
329,0.892099685458505,28866.55
330,0.894819501572708,26777.64
331,0.89753931768691,30611.86
332,0.900259133801113,28802.09
333,0.902978949915316,27603.88
334,0.905698766029519,27897.78
335,0.908418582143721,26645.07
336,0.911138398257924,28605.57
337,0.913858214372127,27386.56
338,0.91657803048633,29519.79
339,0.919297846600532,27372.51
340,0.922017662714735,25405.53
341,0.924737478828938,27491.01
342,0.927457294943141,29517.14
343,0.930177111057343,28521.3
344,0.932896927171546,26144.31
345,0.935616743285749,29098.19
346,0.938336559399952,24813.29
347,0.941056375514154,28631.76
348,0.943776191628357,26618.8
349,0.94649600774256,27341.72
350,0.949215823856763,26513.05
351,0.951935639970966,28781.78
352,0.954655456085168,25857.07
353,0.957375272199371,26053.17
354,0.960095088313574,27794.33
355,0.962814904427776,28918.04
356,0.965534720541979,26114.6
357,0.968254536656182,26470.84
358,0.970974352770385,31394.07
359,0.973694168884587,28466.11
360,0.97641398499879,26482.7
361,0.979133801112993,25874.72
362,0.981853617227196,25290.26
363,0.984573433341399,28319.03
364,0.987293249455601,27067.23
365,0.990013065569804,26853.78
366,0.992732881684007,27531.08
367,0.995452697798209,29344.1
368,0.998172513912412,29758.39
369,1.00089233002662,27249.83
370,1.00361214614082,29096.3
371,1.00633196225502,25425.81
372,1.00905177836922,29237.52
373,1.01177159448343,29328.38
374,1.01449141059763,29123.94
375,1.01721122671183,30930.86
376,1.01993104282603,26845.32
377,1.02265085894024,27461.68
378,1.02537067505444,25573.57
379,1.02809049116864,26867.59
380,1.03081030728285,23135.49
381,1.03353012339705,28604.62
382,1.03624993951125,26355.44
383,1.03896975562545,27784.11
384,1.04168957173966,28127.16
385,1.04440938785386,29868.03
386,1.04712920396806,25852
387,1.04984902008226,25436.79
388,1.05256883619647,25426.13
389,1.05528865231067,27755.12
390,1.05800846842487,26244.05
391,1.06072828453908,24948.02
392,1.06344810065328,23886.67
393,1.06616791676748,25746.45
394,1.06888773288168,28584.24
395,1.07160754899589,29398.32
396,1.07432736511009,27909.63
397,1.07704718122429,24846.55
398,1.0797669973385,31673.18
399,1.0824868134527,27873.6
400,1.0852066295669,29524.24
401,1.0879264456811,25558.31
402,1.09064626179531,26019.1
403,1.09336607790951,23734.98
404,1.09608589402371,27585.36
405,1.09880571013791,29224.69
406,1.10152552625212,28923.81
407,1.10424534236632,28076.38
408,1.10696515848052,28212.28
409,1.10968497459473,29570.1
410,1.11240479070893,26939.26
411,1.11512460682313,21957.63
412,1.11784442293733,30186.17
413,1.12056423905154,28122.52
414,1.12328405516574,27275.96
415,1.12600387127994,27152.9
416,1.12872368739414,23486.71
417,1.13144350350835,28482.27
418,1.13416331962255,27783.73
419,1.13688313573675,24822.48
420,1.13960295185096,27340.81
421,1.14232276796516,25842.44
422,1.14504258407936,25163.13
423,1.14776240019356,28287.01
424,1.15048221630777,26263.46
425,1.15320203242197,25254.59
426,1.15592184853617,26799.06
427,1.15864166465038,26188.29
428,1.16136148076458,28861.12
429,1.16408129687878,28753.96
430,1.16680111299298,26305.03
431,1.16952092910719,29444.57
432,1.17224074522139,25583.02
433,1.17496056133559,23036.55
434,1.17768037744979,27811.73
435,1.180400193564,26709.31
436,1.1831200096782,26835.12
437,1.1858398257924,25990.45
438,1.18855964190661,25326.97
439,1.19127945802081,27252.09
440,1.19399927413501,26718.55
441,1.19671909024921,23819.1
442,1.19943890636342,23823.59
443,1.20215872247762,27584.52
444,1.20487853859182,24812.29
445,1.20759835470602,24650.29
446,1.21031817082023,24871.68
447,1.21303798693443,25239.83
448,1.21575780304863,27189.68
449,1.21847761916284,26505.83
450,1.22119743527704,26834.89
451,1.22391725139124,22041.66
452,1.22663706750544,26610.48
453,1.22935688361965,23530.27
454,1.23207669973385,25622.42
455,1.23479651584805,24054.03
456,1.23751633196225,29400.14
457,1.24023614807646,25314.38
458,1.24295596419066,25672.57
459,1.24567578030486,24456.62
460,1.24839559641907,24565.36
461,1.25111541253327,23245.21
462,1.25383522864747,26733.2
463,1.25655504476167,25364.61
464,1.25927486087588,24478.12
465,1.26199467699008,23553.75
466,1.26471449310428,22779.31
467,1.26743430921849,21304.38
468,1.27015412533269,24172.07
469,1.27287394144689,25122.92
470,1.27559375756109,22984.29
471,1.2783135736753,27890.92
472,1.2810333897895,21118.14
473,1.2837532059037,25217.55
474,1.2864730220179,22152.22
475,1.28919283813211,23635.53
476,1.29191265424631,26818.86
477,1.29463247036051,23043.82
478,1.29735228647472,24981.77
479,1.30007210258892,23499.03
480,1.30279191870312,27444.64
481,1.30551173481732,25183.69
482,1.30823155093153,25983.99
483,1.31095136704573,23341.14
484,1.31367118315993,24256.01
485,1.31639099927413,21413.39
486,1.31911081538834,24586.87
487,1.32183063150254,24376.14
488,1.32455044761674,24038.59
489,1.32727026373095,21919.29
490,1.32999007984515,23784.13
491,1.33270989595935,29174.45
492,1.33542971207355,27505.32
493,1.33814952818776,21340.13
494,1.34086934430196,24001.45
495,1.34358916041616,22824.54
496,1.34630897653037,25262.66
497,1.34902879264457,23566.47
498,1.35174860875877,25108.04
499,1.35446842487297,24190.12
500,1.35718824098718,24429.85
501,1.35990805710138,23686.95
502,1.36262787321558,27867.03
503,1.36534768932978,25714.83
504,1.36806750544399,26410.48
505,1.37078732155819,24171.26
506,1.37350713767239,23644.2
507,1.3762269537866,24951.05
508,1.3789467699008,26547.07
509,1.381666586015,26427.12
510,1.3843864021292,24541.12
511,1.38710621824341,23135.52
512,1.38982603435761,25495
513,1.39254585047181,26071.45
514,1.39526566658602,21557.54
515,1.39798548270022,21448.35
516,1.40070529881442,23620.33
517,1.40342511492862,26285.16
518,1.40614493104283,24431.34
519,1.40886474715703,25178.66
520,1.41158456327123,22783.8
521,1.41430437938543,23682.56
522,1.41702419549964,24583.51
523,1.41974401161384,26347.75
524,1.42246382772804,25372.21
525,1.42518364384225,25876.46
526,1.42790345995645,21390.37
527,1.43062327607065,20893.54
528,1.43334309218485,23320.94
529,1.43606290829906,22292.96
530,1.43878272441326,24968.44
531,1.44150254052746,28162.58
532,1.44422235664166,23570.93
533,1.44694217275587,24847.01
534,1.44966198887007,24174.37
535,1.45238180498427,24140.28
536,1.45510162109848,23559.83
537,1.45782143721268,22543.92
538,1.46054125332688,25785.95
539,1.46326106944108,25037.98
540,1.46598088555529,25593.17
541,1.46870070166949,23171.68
542,1.47142051778369,23969.61
543,1.4741403338979,26291.14
544,1.4768601500121,25797.34
545,1.4795799661263,24118.36
546,1.4822997822405,26388.23
547,1.48501959835471,26312.94
548,1.48773941446891,24862.17
549,1.49045923058311,26071.89
550,1.49317904669731,21604.13
551,1.49589886281152,22799.23
552,1.49861867892572,25650.75
553,1.50133849503992,25004.17
554,1.50405831115413,25352.18
555,1.50677812726833,24242.51
556,1.50949794338253,22789.98
557,1.51221775949673,28782.81
558,1.51493757561094,24722.03
559,1.51765739172514,27325.89
560,1.52037720783934,24486.01
561,1.52309702395354,25048.44
562,1.52581684006775,24585.37
563,1.52853665618195,23500.4
564,1.53125647229615,22805.34
565,1.53397628841036,28225.85
566,1.53669610452456,26763.8
567,1.53941592063876,26881.47
568,1.54213573675296,26640.09
569,1.54485555286717,27442.3
570,1.54757536898137,27073.78
571,1.55029518509557,28018.89
572,1.55301500120978,24888.29
573,1.55573481732398,24997.08
574,1.55845463343818,27323.24
575,1.56117444955238,28027.73
576,1.56389426566659,27587.15
577,1.56661408178079,29072.75
578,1.56933389789499,26003.62
579,1.57205371400919,29269.75
580,1.5747735301234,25560.5
581,1.5774933462376,27573.39
582,1.5802131623518,24957.67
583,1.58293297846601,23079.62
584,1.58565279458021,24432.76
585,1.58837261069441,23122.97
586,1.59109242680861,26576.1
587,1.59381224292282,26263.41
588,1.59653205903702,25028.9
589,1.59925187515122,25442.94
590,1.60197169126542,26292.23
591,1.60469150737963,28072.1
592,1.60741132349383,28213.46
593,1.61013113960803,26997.15
594,1.61285095572224,27024.13
595,1.61557077183644,24444.4
596,1.61829058795064,28829.42
597,1.62101040406484,27231.17
598,1.62373022017905,25442.42
599,1.62645003629325,24245.11
600,1.62916985240745,26460.45
601,1.63188966852165,26840.2
602,1.63460948463586,27178.87
603,1.63732930075006,29349.38
604,1.64004911686426,25532.14
605,1.64276893297847,23648.47
606,1.64548874909267,27306.94
607,1.64820856520687,26447.78
608,1.65092838132107,27603.4
609,1.65364819743528,24838.6
610,1.65636801354948,29348.55
611,1.65908782966368,27359.84
612,1.66180764577789,27559.9
613,1.66452746189209,29771.72
614,1.66724727800629,27856.14
615,1.66996709412049,26568.95
616,1.6726869102347,27154.81
617,1.6754067263489,27361.06
618,1.6781265424631,25622.4
619,1.6808463585773,26090.66
620,1.68356617469151,26251.8
621,1.68628599080571,23741.75
622,1.68900580691991,28126.33
623,1.69172562303412,25838.17
624,1.69444543914832,27307.57
625,1.69716525526252,25076.46
626,1.69988507137672,27840.33
627,1.70260488749093,31072.97
628,1.70532470360513,23608.01
629,1.70804451971933,25746.95
630,1.71076433583353,24322.32
631,1.71348415194774,28604.4
632,1.71620396806194,30105.18
633,1.71892378417614,29331.37
634,1.72164360029035,28747.76
635,1.72436341640455,23612.48
636,1.72708323251875,26037.99
637,1.72980304863295,30228.82
638,1.73252286474716,27663.85
639,1.73524268086136,26618.94
640,1.73796249697556,25115.98
641,1.74068231308977,28081.46
642,1.74340212920397,24810.83
643,1.74612194531817,29666.52
644,1.74884176143237,26771.2
645,1.75156157754658,26652.38
646,1.75428139366078,25970.06
647,1.75700120977498,26336.06
648,1.75972102588918,27241.16
649,1.76244084200339,29701.98
650,1.76516065811759,28617.46
651,1.76788047423179,27591.69
652,1.770600290346,28264.58
653,1.7733201064602,28159.06
654,1.7760399225744,25821.76
655,1.7787597386886,23517.25
656,1.78147955480281,27133.54
657,1.78419937091701,25845.25
658,1.78691918703121,26782.87
659,1.78963900314541,24218.3
660,1.79235881925962,24657.85
661,1.79507863537382,24140.78
662,1.79779845148802,30143.88
663,1.80051826760223,22564.4
664,1.80323808371643,23046.14
665,1.80595789983063,25003.74
666,1.80867771594483,27068.51
667,1.81139753205904,23244.44
668,1.81411734817324,23978.02
669,1.81683716428744,24608.59
670,1.81955698040165,22201.55
671,1.82227679651585,24709.66
672,1.82499661263005,24040.16
673,1.82771642874425,24315.66
674,1.83043624485846,27107.69
675,1.83315606097266,24550.11
676,1.83587587708686,25951.55
677,1.83859569320106,28580.42
678,1.84131550931527,27734.71
679,1.84403532542947,23149.74
680,1.84675514154367,27424.42
681,1.84947495765788,24996.86
682,1.85219477377208,26218.89
683,1.85491458988628,23762.32
684,1.85763440600048,24518.26
685,1.86035422211469,24161.91
686,1.86307403822889,26378.52
687,1.86579385434309,23410.82
688,1.8685136704573,24554.09
689,1.8712334865715,27907.96
690,1.8739533026857,26075.68
691,1.8766731187999,25387.73
692,1.87939293491411,27438.42
693,1.88211275102831,24387.51
694,1.88483256714251,27230.12
695,1.88755238325671,25008.23
696,1.89027219937092,22405.62
697,1.89299201548512,24401.15
698,1.89571183159932,26294.57
699,1.89843164771353,23023.52
700,1.90115146382773,25050.08
701,1.90387127994193,20443.88
702,1.90659109605613,25905.16
703,1.90931091217034,26414.15
704,1.91203072828454,25629.76
705,1.91475054439874,24638.38
706,1.91747036051294,27846.76
707,1.92019017662715,21295.18
708,1.92290999274135,26560.7
709,1.92562980885555,25045.23
710,1.92834962496976,23253.29
711,1.93106944108396,27444.61
712,1.93378925719816,28540.47
713,1.93650907331236,25047.56
714,1.93922888942657,24469.74
715,1.94194870554077,24671.35
716,1.94466852165497,27336.73
717,1.94738833776918,30857.06
718,1.95010815388338,23996.76
719,1.95282796999758,24995.44
720,1.95554778611178,27280.03
721,1.95826760222599,23798.9
722,1.96098741834019,22257.69
723,1.96370723445439,27975.95
724,1.96642705056859,24878.15
725,1.9691468666828,23804.65
726,1.971866682797,25963.96
727,1.9745864989112,24455.88
728,1.97730631502541,24413.84
729,1.98002613113961,27977.22
730,1.98274594725381,27171.19
731,1.98546576336801,24295.11
732,1.98818557948222,25537.15
733,1.99090539559642,24783.63
734,1.99362521171062,28445.96
735,1.99634502782482,26236.29
736,1.99906484393903,26084.88
737,2.00178466005323,24913.16
738,2.00450447616743,25209.66
739,2.00722429228164,25665.44
740,2.00994410839584,25644.84
741,2.01266392451004,25080.67
742,2.01538374062424,26516.42
743,2.01810355673845,24602.7
744,2.02082337285265,26206.53
745,2.02354318896685,25699.53
746,2.02626300508106,25659.15
747,2.02898282119526,23842.49
748,2.03170263730946,25822.9
749,2.03442245342366,26118.95
750,2.03714226953787,24132.79
751,2.03986208565207,26342.33
752,2.04258190176627,27372.38
753,2.04530171788047,30149.38
754,2.04802153399468,28659.8
755,2.05074135010888,23344.26
756,2.05346116622308,24708.17
757,2.05618098233729,23296.05
758,2.05890079845149,25814.75
759,2.06162061456569,25342.05
760,2.06434043067989,26149.35
761,2.0670602467941,28639.42
762,2.0697800629083,26143.89
763,2.0724998790225,26584.46
764,2.0752196951367,25070.03
765,2.07793951125091,22811.55
766,2.08065932736511,26330.29
767,2.08337914347931,21111.61
768,2.08609895959352,24441.36
769,2.08881877570772,25356.66
770,2.09153859182192,25702.39
771,2.09425840793612,25360.56
772,2.09697822405033,24686.12
773,2.09969804016453,28041.05
774,2.10241785627873,24960.21
775,2.10513767239294,22513.95
776,2.10785748850714,26251.35
777,2.11057730462134,25010.67
778,2.11329712073554,26121.92
779,2.11601693684975,27252.25
780,2.11873675296395,26699.95
781,2.12145656907815,26291.77
782,2.12417638519236,25489.65
783,2.12689620130656,27124.34
784,2.12961601742076,28351.82
785,2.13233583353496,23503.68
786,2.13505564964917,28074.94
787,2.13777546576337,25427.4
788,2.14049528187757,25053.87
789,2.14321509799177,26582.18
790,2.14593491410598,23450.79
791,2.14865473022018,25053.57
792,2.15137454633438,25404.11
793,2.15409436244858,25618.39
794,2.15681417856279,23837.73
795,2.15953399467699,22147.99
796,2.16225381079119,24900.07
797,2.1649736269054,25244.11
798,2.1676934430196,24035.81
799,2.1704132591338,21853.23
800,2.173133075248,25501.57
801,2.17585289136221,24287.97
802,2.17857270747641,23397.7
803,2.18129252359061,27235.73
804,2.18401233970482,26222.13
805,2.18673215581902,24641.68
806,2.18945197193322,27714.3
807,2.19217178804742,25574.73
808,2.19489160416163,25115.14
809,2.19761142027583,26022.77
810,2.20033123639003,25262.46
811,2.20305105250423,27921.43
812,2.20577086861844,23920.99
813,2.20849068473264,24556.77
814,2.21121050084684,25378.33
815,2.21393031696105,23014.44
816,2.21665013307525,24781.67
817,2.21936994918945,25149.47
818,2.22208976530365,23548.1
819,2.22480958141786,21935.37
820,2.22752939753206,26217.89
821,2.23024921364626,26683.35
822,2.23296902976047,22766.6
823,2.23568884587467,22488.82
824,2.23840866198887,23938.8
825,2.24112847810307,25428.81
826,2.24384829421728,25145.96
827,2.24656811033148,22514.59
828,2.24928792644568,26698.06
829,2.25200774255988,20301.46
830,2.25472755867409,23762.38
831,2.25744737478829,22090.51
832,2.26016719090249,26336.21
833,2.2628870070167,27022.91
834,2.2656068231309,28865.11
835,2.2683266392451,23046.82
836,2.2710464553593,21149.12
837,2.27376627147351,24506.92
838,2.27648608758771,25777.77
839,2.27920590370191,22732.27
840,2.28192571981611,23903.65
841,2.28464553593032,26457.58
842,2.28736535204452,21285.61
843,2.29008516815872,25696.05
844,2.29280498427293,23543.13
845,2.29552480038713,20286.59
846,2.29824461650133,25498.85
847,2.30096443261553,25414.73
848,2.30368424872974,24417.9
849,2.30640406484394,24448.83
850,2.30912388095814,24642.54
851,2.31184369707234,22579.06
852,2.31456351318655,24440.85
853,2.31728332930075,23287.58
854,2.32000314541495,24157.64
855,2.32272296152916,26855.38
856,2.32544277764336,23577.33
857,2.32816259375756,25076.09
858,2.33088240987176,23790.81
859,2.33360222598597,23480.93
860,2.33632204210017,26663.48
861,2.33904185821437,25834.9
862,2.34176167432858,22113.32
863,2.34448149044278,27300.56
864,2.34720130655698,25777.4
865,2.34992112267118,25134.89
866,2.35264093878539,20589.78
867,2.35536075489959,23326.27
868,2.35808057101379,23940.21
869,2.360800387128,24995.86
870,2.3635202032422,21237.63
871,2.3662400193564,23475.59
872,2.3689598354706,21569.04
873,2.37167965158481,20171.02
874,2.37439946769901,24340.93
875,2.37711928381321,24520.1
876,2.37983909992741,21589.91
877,2.38255891604162,23391.3
878,2.38527873215582,24963.4
879,2.38799854827002,27033.79
880,2.39071836438422,22296.3
881,2.39343818049843,23550.65
882,2.39615799661263,22944.67
883,2.39887781272683,23448.01
884,2.40159762884104,23457.9
885,2.40431744495524,21192.38
886,2.40703726106944,25611.73
887,2.40975707718364,26146.46
888,2.41247689329785,24835.12
889,2.41519670941205,24627.8
890,2.41791652552625,24018.88
891,2.42063634164046,23358.45
892,2.42335615775466,23696.27
893,2.42607597386886,23167.78
894,2.42879578998306,23203.35
895,2.43151560609727,24235.44
896,2.43423542221147,21804.99
897,2.43695523832567,22468.07
898,2.43967505443987,25532.66
899,2.44239487055408,22960.1
900,2.44511468666828,24313.71
901,2.44783450278248,23766.03
902,2.45055431889669,22852.4
903,2.45327413501089,20876.46
904,2.45599395112509,23015.15
905,2.45871376723929,25428.37
906,2.4614335833535,22558.37
907,2.4641533994677,26437.69
908,2.4668732155819,24685.39
909,2.46959303169611,24641.94
910,2.47231284781031,23992.81
911,2.47503266392451,24137.79
912,2.47775248003871,27516.63
913,2.48047229615292,24026.49
914,2.48319211226712,24255.26
915,2.48591192838132,22239.28
916,2.48863174449552,24121.35
917,2.49135156060973,23027.19
918,2.49407137672393,21872.93
919,2.49679119283813,22358.16
920,2.49951100895234,24523.82
921,2.50223082506654,21718.63
922,2.50495064118074,21604.42
923,2.50767045729494,22639.22
924,2.51039027340915,23987.89
925,2.51311008952335,28362.84
926,2.51582990563755,23592.65
927,2.51854972175175,24156.26
928,2.52126953786596,22829.45
929,2.52398935398016,22598.87
930,2.52670917009436,23695.1
931,2.52942898620857,25794.6
932,2.53214880232277,23805.19
933,2.53486861843697,27633.49
934,2.53758843455117,21650.46
935,2.54030825066538,21595.01
936,2.54302806677958,21433.18
937,2.54574788289378,21636.79
938,2.54846769900798,24386.15
939,2.55118751512219,23255.64
940,2.55390733123639,19298.74
941,2.55662714735059,25143.27
942,2.5593469634648,21452.55
943,2.562066779579,21774.34
944,2.5647865956932,25484.52
945,2.5675064118074,24038.49
946,2.57022622792161,26868.23
947,2.57294604403581,17804.88
948,2.57566586015001,23538.24
949,2.57838567626422,23545.03
950,2.58110549237842,20454.01
951,2.58382530849262,19451.49
952,2.58654512460682,23487.47
953,2.58926494072103,22082.42
954,2.59198475683523,19885.49
955,2.59470457294943,22160.74
956,2.59742438906363,23248.24
957,2.60014420517784,22937.22
958,2.60286402129204,25094.51
959,2.60558383740624,23768.18
960,2.60830365352045,22957.23
961,2.61102346963465,20640.93
962,2.61374328574885,23924.55
963,2.61646310186305,23352.42
964,2.61918291797726,20324.46
965,2.62190273409146,22449.13
966,2.62462255020566,22182.44
967,2.62734236631986,24066.9
968,2.63006218243407,23477.88
969,2.63278199854827,19929.89
970,2.63550181466247,23506.47
971,2.63822163077668,22782.15
972,2.64094144689088,21174.87
973,2.64366126300508,26093.03
974,2.64638107911928,23519.86
975,2.64910089523349,27586.16
976,2.65182071134769,22409.31
977,2.65454052746189,23472.28
978,2.6572603435761,21042.3
979,2.6599801596903,25242.6
980,2.6626999758045,21875.37
981,2.6654197919187,19727.61
982,2.66813960803291,21139.48
983,2.67085942414711,22765.16
984,2.67357924026131,21785.52
985,2.67629905637552,22030.71
986,2.67901887248972,21984.33
987,2.68173868860392,22927.11
988,2.68445850471812,19045.96
989,2.68717832083233,23470.15
990,2.68989813694653,26914.75
991,2.69261795306073,22749.33
992,2.69533776917493,20801.95
993,2.69805758528914,20253.99
994,2.70077740140334,19065.34
995,2.70349721751754,21976.69
996,2.70621703363175,22899.33
997,2.70893684974595,20011.68
998,2.71165666586015,18123.74
999,2.71437648197435,19486.99
1000,2.71709629808856,20646.7
1001,2.71981611420276,22533.46
1002,2.72253593031696,19800.19
1003,2.72525574643116,20098.55
1004,2.72797556254537,21475.7
1005,2.73069537865957,22157.53
1006,2.73341519477377,20065.56
1007,2.73613501088798,18623.61
1008,2.73885482700218,18204
1009,2.74157464311638,23857.74
1010,2.74429445923058,23770.43
1011,2.74701427534479,19803.17
1012,2.74973409145899,21583.79
1013,2.75245390757319,21960.55
1014,2.75517372368739,22591.57
1015,2.7578935398016,21287.99
1016,2.7606133559158,24587.84
1017,2.76333317203,18513.08
1018,2.76605298814421,24670.4
1019,2.76877280425841,21413.28
1020,2.77149262037261,20789.34
1021,2.77421243648681,22342.62
1022,2.77693225260102,22904.44
1023,2.77965206871522,21110.08
1024,2.78237188482942,23541.6
1025,2.78509170094362,22887.36
1026,2.78781151705783,15689.56
1027,2.79053133317203,21460.12
1028,2.79325114928623,23004.44
1029,2.79597096540044,18361.69
1030,2.79869078151464,19151.35
1031,2.80141059762884,21657.6
1032,2.80413041374304,21770.9
1033,2.80685022985725,19769.29
1034,2.80957004597145,19555.96
1035,2.81228986208565,19092.65
1036,2.81500967819986,18737.72
1037,2.81772949431406,18780.33
1038,2.82044931042826,20007.37
1039,2.82316912654246,22290.02
1040,2.82588894265667,23030.28
1041,2.82860875877087,20686.61
1042,2.83132857488507,17851.17
1043,2.83404839099927,19747.96
1044,2.83676820711348,21867.21
1045,2.83948802322768,19264.02
1046,2.84220783934188,20180.51
1047,2.84492765545608,20304.2
1048,2.84764747157029,22777.26
1049,2.85036728768449,21335.36
1050,2.85308710379869,21326.95
1051,2.8558069199129,20759.27
1052,2.8585267360271,20162.89
1053,2.8612465521413,22444.12
1054,2.8639663682555,22095.58
1055,2.86668618436971,20038.24
1056,2.86940600048391,21113.71
1057,2.87212581659811,18448.95
1058,2.87484563271232,19854.33
1059,2.87756544882652,22146.77
1060,2.88028526494072,23987.47
1061,2.88300508105492,22493.29
1062,2.88572489716913,22031.57
1063,2.88844471328333,22586.11
1064,2.89116452939753,18500.55
1065,2.89388434551173,18178.5
1066,2.89660416162594,19340.91
1067,2.89932397774014,18200.87
1068,2.90204379385434,22139.59
1069,2.90476360996855,17858.18
1070,2.90748342608275,21364.03
1071,2.91020324219695,20779.96
1072,2.91292305831115,20862.87
1073,2.91564287442536,19750.37
1074,2.91836269053956,17064.73
1075,2.92108250665376,19583.89
1076,2.92380232276797,19238.88
1077,2.92652213888217,18014.12
1078,2.92924195499637,18038.98
1079,2.93196177111057,22272.43
1080,2.93468158722478,19551.96
1081,2.93740140333898,18650.45
1082,2.94012121945318,19708.69
1083,2.94284103556738,21297.3
1084,2.94556085168159,20294.64
1085,2.94828066779579,17953.4
1086,2.95100048390999,17988.46
1087,2.9537203000242,19733.51
1088,2.9564401161384,17133.71
1089,2.9591599322526,19625.78
1090,2.9618797483668,17334.33
1091,2.96459956448101,21724.89
1092,2.96731938059521,19169.18
1093,2.97003919670941,17471.3
1094,2.97275901282362,17967
1095,2.97547882893782,19133.83
1096,2.97819864505202,19271.5
1097,2.98091846116622,20088.16
1098,2.98363827728043,18087.99
1099,2.98635809339463,17085.06
1100,2.98907790950883,18005.85
1101,2.99179772562303,17069.96
1102,2.99451754173724,18354.88
1103,2.99723735785144,17335.31
1104,2.99995717396564,17993.04
1105,3.00267699007985,19381.14
1106,3.00539680619405,16428.07
1107,3.00811662230825,15984.48
1108,3.01083643842245,17663.27
1109,3.01355625453666,17414.51
1110,3.01627607065086,18130.09
1111,3.01899588676506,18716.03
1112,3.02171570287926,17939.61
1113,3.02443551899347,15726.82
1114,3.02715533510767,16962.1
1115,3.02987515122187,18444.97
1116,3.03259496733607,14305.92
1117,3.03531478345028,16500.31
1118,3.03803459956448,16653.26
1119,3.04075441567868,17558.23
1120,3.04347423179289,17609.47
1121,3.04619404790709,17548.29
1122,3.04891386402129,15202.68
1123,3.05163368013549,16992.63
1124,3.0543534962497,16120.72
1125,3.0570733123639,13974.26
1126,3.0597931284781,16659.45
1127,3.06251294459231,17433.01
1128,3.06523276070651,16763.33
1129,3.06795257682071,16158.9
1130,3.07067239293491,14799.43
1131,3.07339220904912,14280.65
1132,3.07611202516332,16810.45
1133,3.07883184127752,17377.06
1134,3.08155165739173,15304.57
1135,3.08427147350593,17748.66
1136,3.08699128962013,16221.07
1137,3.08971110573433,10313.76
1138,3.09243092184854,16442.22
1139,3.09515073796274,13217.58
1140,3.09787055407694,14855.62
1141,3.10059037019115,13418.08
1142,3.10331018630535,15715.94
1143,3.10603000241955,11200.16
1144,3.10874981853375,11192.32
1145,3.11146963464796,13300.08
1146,3.11418945076216,11856.71
1147,3.11690926687636,10170.06
1148,3.11962908299056,15118.17
1149,3.12234889910477,12951.97
1150,3.12506871521897,14568.19
1151,3.12778853133317,13123.57
1152,3.13050834744737,9935.082
1153,3.13322816356158,13671.78
1154,3.13594797967578,12333.01
1155,3.13866779578998,11045.45
1156,3.14138761190419,10581.62
1157,3.14410742801839,10693.29
1158,3.14682724413259,10594.25
1159,3.14954706024679,11457.93
1160,3.152266876361,10687.47
1161,3.1549866924752,11143.14
1162,3.1577065085894,12689.08
1163,3.16042632470361,10138.06
1164,3.16314614081781,10922.79
1165,3.16586595693201,11446.27
1166,3.16858577304621,8428.236
1167,3.17130558916042,12445.64
1168,3.17402540527462,8086.135
1169,3.17674522138882,9853.464
1170,3.17946503750302,11034.69
1171,3.18218485361723,10373.88
1172,3.18490466973143,9831.088
1173,3.18762448584563,9075.491
1174,3.19034430195984,7987.844
1175,3.19306411807404,8646.284
1176,3.19578393418824,9380.814
1177,3.19850375030244,10554.99
1178,3.20122356641665,5811.641
1179,3.20394338253085,10181.74
1180,3.20666319864505,9735.864
1181,3.20938301475926,9845.093
1182,3.21210283087346,10146.38
1183,3.21482264698766,8091.391
1184,3.21754246310186,10555.31
1185,3.22026227921607,10298.29
1186,3.22298209533027,6287.764
1187,3.22570191144447,8628.595
1188,3.22842172755867,7142.479
1189,3.23114154367288,7436.356
1190,3.23386135978708,5771.854
1191,3.23658117590128,7508.639
1192,3.23930099201549,8151.032
1193,3.24202080812969,10440.05
1194,3.24474062424389,7732.966
1195,3.24746044035809,6973.149
1196,3.2501802564723,7377.905
1197,3.2529000725865,7192.202
1198,3.2556198887007,7014.632
1199,3.2583397048149,7950.272
1200,3.26105952092911,8475.877
1201,3.26377933704331,6821.428
1202,3.26649915315751,8236.944
1203,3.26921896927171,8509.362
1204,3.27193878538592,8482.969
1205,3.27465860150012,8162.598
1206,3.27737841761432,6066.067
1207,3.28009823372853,7700.374
1208,3.28281804984273,6226.007
1209,3.28553786595693,7714.441
1210,3.28825768207113,7409.182
1211,3.29097749818534,6344.815
1212,3.29369731429954,7190.167
1213,3.29641713041374,6362.326
1214,3.29913694652795,4772.763
1215,3.30185676264215,7004.392
1216,3.30457657875635,5921.844
1217,3.30729639487055,6416.625
1218,3.31001621098476,7269.679
1219,3.31273602709896,6014.286
1220,3.31545584321316,7280.859
1221,3.31817565932737,6815.369
1222,3.32089547544157,5918.073
1223,3.32361529155577,6160.975
1224,3.32633510766997,6133.283
1225,3.32905492378418,5790.452
1226,3.33177473989838,5104.079
1227,3.33449455601258,7016.948
1228,3.33721437212678,6491.501
1229,3.33993418824099,7898.839
1230,3.34265400435519,7577.479
1231,3.34537382046939,7769.816
1232,3.3480936365836,5878.302
1233,3.3508134526978,7382.428
1234,3.353533268812,6253.396
1235,3.3562530849262,5888.884
1236,3.35897290104041,3998.229
1237,3.36169271715461,5731.064
1238,3.36441253326881,3993.983
1239,3.36713234938302,6725.953
1240,3.36985216549722,5164.089
1241,3.37257198161142,6247.423
1242,3.37529179772562,5212.979
1243,3.37801161383983,6630.185
1244,3.38073142995403,6826.367
1245,3.38345124606823,6197.102
1246,3.38617106218243,7053.112
1247,3.38889087829664,4776.989
1248,3.39161069441084,6486.605
1249,3.39433051052504,4483.601
1250,3.39705032663925,4867.48
1251,3.39977014275345,3563.938
1252,3.40248995886765,3404.885
1253,3.40520977498185,4160.45
1254,3.40792959109606,4287.9
1255,3.41064940721026,8518.624
1256,3.41336922332446,6536.189
1257,3.41608903943866,3413.487
1258,3.41880885555287,5968.187
1259,3.42152867166707,6817.139
1260,3.42424848778127,5653.908
1261,3.42696830389548,4087.756
1262,3.42968812000968,4676.115
1263,3.43240793612388,4224.38
1264,3.43512775223808,6000.898
1265,3.43784756835229,6470.732
1266,3.44056738446649,6552.441
1267,3.44328720058069,6018.688
1268,3.4460070166949,6283.199
1269,3.4487268328091,7201.337
1270,3.4514466489233,5280.906
1271,3.4541664650375,6611.975
1272,3.45688628115171,4412.482
1273,3.45960609726591,4356.809
1274,3.46232591338011,5788.349
1275,3.46504572949431,4607.114
1276,3.46776554560852,5456.063
1277,3.47048536172272,5887.873
1278,3.47320517783692,4610.111
1279,3.47592499395113,6089.661
1280,3.47864481006533,5961.299
1281,3.48136462617953,6837.458
1282,3.48408444229373,3859.99
1283,3.48680425840794,4296.286
1284,3.48952407452214,6072.134
1285,3.49224389063634,5716.847
1286,3.49496370675055,3819.753
1287,3.49768352286475,3813.809
1288,3.50040333897895,4365.225
1289,3.50312315509315,5298.374
1290,3.50584297120736,3094.458
1291,3.50856278732156,3423.599
1292,3.51128260343576,5534.694
1293,3.51400241954996,5816.504
1294,3.51672223566417,3536.748
1295,3.51944205177837,4637.257
1296,3.52216186789257,4329.891
1297,3.52488168400677,4589.573
1298,3.52760150012098,4683.07
1299,3.53032131623518,4483.263
1300,3.53304113234938,6018.853
1301,3.53576094846359,5212.464
1302,3.53848076457779,5029.367
1303,3.54120058069199,3961.608
1304,3.54392039680619,4189.805
1305,3.5466402129204,4628.231
1306,3.5493600290346,4229.47
1307,3.5520798451488,4628.584
1308,3.55479966126301,4481.54
1309,3.55751947737721,3507.312
1310,3.56023929349141,5099.125
1311,3.56295910960561,4218.389
1312,3.56567892571982,3911.984
1313,3.56839874183402,3808.413
1314,3.57111855794822,5022.001
1315,3.57383837406242,4170.315
1316,3.57655819017663,3209.566
1317,3.57927800629083,2734.555
1318,3.58199782240503,5684.589
1319,3.58471763851924,4900.535
1320,3.58743745463344,5324.896
1321,3.59015727074764,3953.816
1322,3.59287708686184,4386.409
1323,3.59559690297605,3462.268
1324,3.59831671909025,3294.686
1325,3.60103653520445,2944.752
1326,3.60375635131865,4071.998
1327,3.60647616743286,4800.197
1328,3.60919598354706,4508.275
1329,3.61191579966126,3056.767
1330,3.61463561577547,5565.212
1331,3.61735543188967,2685.974
1332,3.62007524800387,4972.456
1333,3.62279506411807,5673.577
1334,3.62551488023228,4237.848
1335,3.62823469634648,3305.313
1336,3.63095451246068,3178.703
1337,3.63367432857489,5079.297
1338,3.63639414468909,4016.39
1339,3.63911396080329,4730.246
1340,3.64183377691749,4751.762
1341,3.6445535930317,4220.327
1342,3.6472734091459,3733.318
1343,3.6499932252601,3096.572
1344,3.6527130413743,4026.449
1345,3.65543285748851,5096.926
1346,3.65815267360271,2419.325
1347,3.66087248971691,3963.997
1348,3.66359230583112,4142.081
1349,3.66631212194532,3527.394
1350,3.66903193805952,4021.271
1351,3.67175175417372,4123.159
1352,3.67447157028793,2811.103
1353,3.67719138640213,4279.936
1354,3.67991120251633,3105.094
1355,3.68263101863054,3616.639
1356,3.68535083474474,5570.591
1357,3.68807065085894,3947.024
1358,3.69079046697314,3719.272
1359,3.69351028308735,3116.023
1360,3.69623009920155,4056.354
1361,3.69894991531575,2646.53
1362,3.70166973142995,3660.533
1363,3.70438954754416,3135.184
1364,3.70710936365836,4418.962
1365,3.70982917977256,4738.37
1366,3.71254899588677,3989.337
1367,3.71526881200097,3609.847
1368,3.71798862811517,3718.385
1369,3.72070844422937,4222.597
1370,3.72342826034358,2917.458
1371,3.72614807645778,2618.349
1372,3.72886789257198,3511.479
1373,3.73158770868619,3856.838
1374,3.73430752480039,3694.404
1375,3.73702734091459,3535.266
1376,3.73974715702879,3448.305
1377,3.742466973143,3201.241
1378,3.7451867892572,4286.348
1379,3.7479066053714,3733.169
1380,3.7506264214856,4016.395
1381,3.75334623759981,4067.932
1382,3.75606605371401,3292.782
1383,3.75878586982821,3073.107
1384,3.76150568594242,4540.423
1385,3.76422550205662,3782.959
1386,3.76694531817082,2305.444
1387,3.76966513428502,2157.869
1388,3.77238495039923,3837.835
1389,3.77510476651343,4184.244
1390,3.77782458262763,3175.505
1391,3.78054439874183,3653.371
1392,3.78326421485604,2603.448
1393,3.78598403097024,3212.091
1394,3.78870384708444,3803.257
1395,3.79142366319865,3853.218
1396,3.79414347931285,3935.778
1397,3.79686329542705,2957.348
1398,3.79958311154125,3971.004
1399,3.80230292765546,1784.576
1400,3.80502274376966,1863.558
1401,3.80774255988386,2531.885
1402,3.81046237599806,4180.849
1403,3.81318219211227,3233.614
1404,3.81590200822647,3113.701
1405,3.81862182434067,4017.147
1406,3.82134164045488,4320.636
1407,3.82406145656908,3281.778
1408,3.82678127268328,3222.536
1409,3.82950108879748,3828.176
1410,3.83222090491169,2101.081
1411,3.83494072102589,2903.556
1412,3.83766053714009,3712.701
1413,3.8403803532543,2800.795
1414,3.8431001693685,3095.891
1415,3.8458199854827,3017.08
1416,3.8485398015969,1454.766
1417,3.85125961771111,1430.919
1418,3.85397943382531,2122.187
1419,3.85669924993951,2895.928
1420,3.85941906605371,2975.622
1421,3.86213888216792,3650.458
1422,3.86485869828212,4395.67
1423,3.86757851439632,3594.806
1424,3.87029833051053,3726.454
1425,3.87301814662473,2864.39
1426,3.87573796273893,2259.874
1427,3.87845777885313,3480.201
1428,3.88117759496734,2293.252
1429,3.88389741108154,3803.594
1430,3.88661722719574,2774.146
1431,3.88933704330994,2101.882
1432,3.89205685942415,3278.289
1433,3.89477667553835,2129.448
1434,3.89749649165255,3518.508
1435,3.90021630776676,3222.088
1436,3.90293612388096,3373.2
1437,3.90565593999516,3728.189
1438,3.90837575610936,3583.18
1439,3.91109557222357,2746.517
1440,3.91381538833777,3695.625
1441,3.91653520445197,3644.881
1442,3.91925502056617,3475.165
1443,3.92197483668038,2421.498
1444,3.92469465279458,1442.545
1445,3.92741446890878,3914.577
1446,3.93013428502299,3904.524
1447,3.93285410113719,1543.369
1448,3.93557391725139,2813.84
1449,3.93829373336559,3163.508
1450,3.9410135494798,3749.744
1451,3.943733365594,2673.673
1452,3.9464531817082,1817.908
1453,3.94917299782241,2342.437
1454,3.95189281393661,3627.879
1455,3.95461263005081,3720.943
1456,3.95733244616501,3144.635
1457,3.96005226227922,2701.543
1458,3.96277207839342,4372.649
1459,3.96549189450762,2369.278
1460,3.96821171062182,2480.463
1461,3.97093152673603,2910.751
1462,3.97365134285023,2858.696
1463,3.97637115896443,1815.19
1464,3.97909097507864,2463.333
1465,3.98181079119284,919.1757
1466,3.98453060730704,1994.765
1467,3.98725042342124,3449.511
1468,3.98997023953545,1768.621
1469,3.99269005564965,1521.766
1470,3.99540987176385,1379.164
1471,3.99812968787805,2840.563
1472,4.00084950399226,3246.396
1473,4.00356932010646,2269.748
1474,4.00628913622066,1743.27
1475,4.00900895233487,1436.701
1476,4.01172876844907,2330.015
1477,4.01444858456327,3225.438
1478,4.01716840067747,3359.928
1479,4.01988821679168,2000.929
1480,4.02260803290588,2406.274
1481,4.02532784902008,3306.977
1482,4.02804766513429,2643.167
1483,4.03076748124849,1971.664
1484,4.03348729736269,2662.378
1485,4.03620711347689,2816.992
1486,4.0389269295911,2588.247
1487,4.0416467457053,2441.898
1488,4.0443665618195,2295.362
1489,4.04708637793371,2314.854
1490,4.04980619404791,1229.994
1491,4.05252601016211,1635.933
1492,4.05524582627631,2748.502
1493,4.05796564239052,2029.202
1494,4.06068545850472,2628.75
1495,4.06340527461892,2728.012
1496,4.06612509073312,1321.388
1497,4.06884490684733,2130.83
1498,4.07156472296153,1789.432
1499,4.07428453907573,1354.103
1500,4.07700435518993,2505.25
1501,4.07972417130414,2808.405
1502,4.08244398741834,2901.66
1503,4.08516380353254,1033.125
1504,4.08788361964675,1479.755
1505,4.09060343576095,1966.541
1506,4.09332325187515,2919.698
1507,4.09604306798936,919.0945
1508,4.09876288410356,1599.343
1509,4.10148270021776,2696.487
1510,4.10420251633196,1952.991
1511,4.10692233244616,1851.902
1512,4.10964214856037,2289.642
1513,4.11236196467457,2388.47
1514,4.11508178078877,2234.238
1515,4.11780159690298,1668.372
1516,4.12052141301718,715.5433
1517,4.12324122913138,1827.048
1518,4.12596104524558,1552.677
1519,4.12868086135979,1884.687
1520,4.13140067747399,1570.484
1521,4.13412049358819,1525.484
1522,4.1368403097024,1994.692
1523,4.1395601258166,2407.231
1524,4.1422799419308,2042.96
1525,4.144999758045,1152.818
1526,4.14771957415921,2438.953
1527,4.15043939027341,2739.556
1528,4.15315920638761,2363.427
1529,4.15587902250181,2085.853
1530,4.15859883861602,1647.327
1531,4.16131865473022,2507.829
1532,4.16403847084442,2796.576
1533,4.16675828695863,1770.352
1534,4.16947810307283,2157.085
1535,4.17219791918703,476.285
1536,4.17491773530123,2627.657
1537,4.17763755141544,2370.4
1538,4.18035736752964,1920.693
1539,4.18307718364384,1756.753
1540,4.18579699975805,1799.809
1541,4.18851681587225,1468.684
1542,4.19123663198645,2984.171
1543,4.19395644810065,2199.984
1544,4.19667626421486,2574.986
1545,4.19939608032906,655.5674
1546,4.20211589644326,181.496
1547,4.20483571255746,2626.084
1548,4.20755552867167,2533.08
1549,4.21027534478587,1132.375
1550,4.21299516090007,2206.115
1551,4.21571497701428,1721.326
1552,4.21843479312848,402.4553
1553,4.22115460924268,1120.971
1554,4.22387442535688,1833.539
1555,4.22659424147109,2918.327
1556,4.22931405758529,2301.48
1557,4.23203387369949,1835.936
1558,4.23475368981369,1690.266
1559,4.2374735059279,2489.002
1560,4.2401933220421,3844.905
1561,4.2429131381563,1337.279
1562,4.24563295427051,1244.087
1563,4.24835277038471,1058.587
1564,4.25107258649891,1264.203
1565,4.25379240261311,1230
1566,4.25651221872732,1802.817
1567,4.25923203484152,2046.356
1568,4.26195185095572,1631.86
1569,4.26467166706993,541.5129
1570,4.26739148318413,1806.653
1571,4.27011129929833,3084.376
1572,4.27283111541253,2537.709
1573,4.27555093152674,1352.94
1574,4.27827074764094,665.5441
1575,4.28099056375514,1591.436
1576,4.28371037986935,2698.395
1577,4.28643019598355,1377.254
1578,4.28915001209775,2686.095
1579,4.29186982821195,374.8813
1580,4.29458964432616,2175.122
1581,4.29730946044036,1786.035
1582,4.30002927655456,1544.974
1583,4.30274909266876,1951.043
1584,4.30546890878297,1674.262
1585,4.30818872489717,1475.014
1586,4.31090854101137,957.1629
1587,4.31362835712558,382.7971
1588,4.31634817323978,722.6008
1589,4.31906798935398,2558.529
1590,4.32178780546818,2137.669
1591,4.32450762158239,1089.91
1592,4.32722743769659,1736.266
1593,4.32994725381079,1318.474
1594,4.33266706992499,1265.433
1595,4.3353868860392,936.598
1596,4.3381067021534,2738.133
1597,4.3408265182676,1357.076
1598,4.3435463343818,1105.99
1599,4.34626615049601,1331.846
1600,4.34898596661021,1424.322
1601,4.35170578272441,1910.138
1602,4.35442559883862,1477.405
1603,4.35714541495282,787.8495
1604,4.35986523106702,1217.237
1605,4.36258504718122,1388.998
1606,4.36530486329543,1399.772
1607,4.36802467940963,1820.729
1608,4.37074449552383,2018.286
1609,4.37346431163804,1141.402
1610,4.37618412775224,1184.686
1611,4.37890394386644,1465.422
1612,4.38162375998064,935.4843
1613,4.38434357609485,1356.431
1614,4.38706339220905,1792.094
1615,4.38978320832325,1278.203
1616,4.39250302443746,1993.386
1617,4.39522284055166,1687.264
1618,4.39794265666586,1005.125
1619,4.40066247278006,814.5507
1620,4.40338228889427,412.4409
1621,4.40610210500847,1916.776
1622,4.40882192112267,1582.92
1623,4.41154173723687,1824.876
1624,4.41426155335108,2098.746
1625,4.41698136946528,1805.11
1626,4.41970118557948,1737.055
1627,4.42242100169369,405.6701
1628,4.42514081780789,2045.663
1629,4.42786063392209,439.6969
1630,4.43058045003629,889.4561
1631,4.4333002661505,673.3079
1632,4.4360200822647,930.6068
1633,4.4387398983789,833.5081
1634,4.4414597144931,1355.217
1635,4.44417953060731,1897.355
1636,4.44689934672151,966.1881
1637,4.44961916283571,1506.918
1638,4.45233897894992,1702.006
1639,4.45505879506412,1157.241
1640,4.45777861117832,1133.21
1641,4.46049842729252,1427.009
1642,4.46321824340673,1123.474
1643,4.46593805952093,497.9208
1644,4.46865787563513,1876.569
1645,4.47137769174933,1193.088
1646,4.47409750786354,1310.553
1647,4.47681732397774,2191.817
1648,4.47953714009194,1807.171
1649,4.48225695620615,2395.502
1650,4.48497677232035,368.7286
1651,4.48769658843455,1311.327
1652,4.49041640454875,1366.649
1653,4.49313622066296,2138.461
1654,4.49585603677716,993.2681
1655,4.49857585289136,1367.293
1656,4.50129566900556,1180.107
1657,4.50401548511977,982.397
1658,4.50673530123397,1228.354
1659,4.50945511734817,785.1465
1660,4.51217493346238,2613.108
1661,4.51489474957658,1834.037
1662,4.51761456569078,562.5188
1663,4.52033438180499,1897.227
1664,4.52305419791919,321.539
1665,4.52577401403339,222.8339
1666,4.52849383014759,1327.157
1667,4.5312136462618,281.4064
1668,4.533933462376,1419.943
1669,4.5366532784902,1426.678
1670,4.5393730946044,550.0564
1671,4.54209291071861,1631.677
1672,4.54481272683281,1624.749
1673,4.54753254294701,-266.7001
1674,4.55025235906121,1061.233
1675,4.55297217517542,1867.751
1676,4.55569199128962,2226.614
1677,4.55841180740382,793.438
1678,4.56113162351803,2084.961
1679,4.56385143963223,310.5331
1680,4.56657125574643,1588.527
1681,4.56929107186063,233.1079
1682,4.57201088797484,1615.668
1683,4.57473070408904,-609.2137
1684,4.57745052020324,526.5562
1685,4.58017033631744,1229.294
1686,4.58289015243165,919.9479
1687,4.58560996854585,992.2829
1688,4.58832978466005,1817.295
1689,4.59104960077426,1741.543
1690,4.59376941688846,1056.03
1691,4.59648923300266,651.1786
1692,4.59920904911686,1372.529
1693,4.60192886523107,1285.424
1694,4.60464868134527,745.4336
1695,4.60736849745947,599.1487
1696,4.61008831357368,-45.39245
1697,4.61280812968788,1546.703
1698,4.61552794580208,1179.788
1699,4.61824776191628,411.3071
1700,4.62096757803049,1457.654
1701,4.62368739414469,1195.889
1702,4.62640721025889,-127.8862
1703,4.6291270263731,1426.588
1704,4.6318468424873,581.4127
1705,4.6345666586015,1418.801
1706,4.6372864747157,1147.685
1707,4.64000629082991,1130.88
1708,4.64272610694411,452.5193
1709,4.64544592305831,514.3805
1710,4.64816573917251,572.3592
1711,4.65088555528672,2511.038
1712,4.65360537140092,1344.727
1713,4.65632518751512,1560.565
1714,4.65904500362933,1121.815
1715,4.66176481974353,581.5433
1716,4.66448463585773,171.0658
1717,4.66720445197193,356.2404
1718,4.66992426808614,1253.412
1719,4.67264408420034,785.4942
1720,4.67536390031454,1224.905
1721,4.67808371642874,4.292901
1722,4.68080353254295,505.0728
1723,4.68352334865715,1576.094
1724,4.68624316477135,1395.209
1725,4.68896298088556,334.4056
1726,4.69168279699976,1168.855
1727,4.69440261311396,1014.337
1728,4.69712242922816,603.9963
1729,4.69984224534237,468.2541
1730,4.70256206145657,1223.602
1731,4.70528187757077,720.4004
1732,4.70800169368497,2.446597
1733,4.71072150979918,1112.333
1734,4.71344132591338,1288.813
1735,4.71616114202758,176.538
1736,4.71888095814179,1491.895
1737,4.72160077425599,1499.14
1738,4.72432059037019,984.3022
1739,4.72704040648439,729.5786
1740,4.7297602225986,951.6937
1741,4.7324800387128,1605.16
1742,4.735199854827,1126.982
1743,4.7379196709412,506.5221
1744,4.74063948705541,1998.517
1745,4.74335930316961,995.3162
1746,4.74607911928381,603.8052
1747,4.74879893539802,594.1515
1748,4.75151875151222,12.91171
1749,4.75423856762642,1269.894
1750,4.75695838374063,1048.325
1751,4.75967819985483,123.0695
1752,4.76239801596903,1112.769
1753,4.76511783208323,-111.0225
1754,4.76783764819744,358.8102
1755,4.77055746431164,1106.69
1756,4.77327728042584,486.5601
1757,4.77599709654004,491.9375
1758,4.77871691265425,14.76813
1759,4.78143672876845,772.2939
1760,4.78415654488265,-194.9936
1761,4.78687636099685,68.34222
1762,4.78959617711106,945.0047
1763,4.79231599322526,1447.215
1764,4.79503580933946,-123.3217
1765,4.79775562545367,821.0061
1766,4.80047544156787,1462.312
1767,4.80319525768207,735.262
1768,4.80591507379627,1101.151
1769,4.80863488991048,1010.745
1770,4.81135470602468,493.5678
1771,4.81407452213888,117.7116
1772,4.81679433825308,685.8474
1773,4.81951415436729,-88.38409
1774,4.82223397048149,722.408
1775,4.82495378659569,170.4144
1776,4.8276736027099,836.6052
1777,4.8303934188241,-245.9888
1778,4.8331132349383,1416.675
1779,4.8358330510525,-233.7199
1780,4.83855286716671,-20.56863
1781,4.84127268328091,1531.621
1782,4.84399249939511,735.5249
1783,4.84671231550932,828.4046
1784,4.84943213162352,660.5677
1785,4.85215194773772,737.6751
1786,4.85487176385193,364.8836
1787,4.85759157996613,-166.3225
1788,4.86031139608033,867.7698
1789,4.86303121219453,-90.14046
1790,4.86575102830874,283.9893
1791,4.86847084442294,328.0708
1792,4.87119066053714,-112.1051
1793,4.87391047665134,1271.667
1794,4.87663029276555,700.5457
1795,4.87935010887975,1056.324
1796,4.88206992499395,107.5563
1797,4.88478974110815,1385.185
1798,4.88750955722236,1040.668
1799,4.89022937333656,1772.197
1800,4.89294918945076,415.6155
1801,4.89566900556497,1499.773
1802,4.89838882167917,55.61541
1803,4.90110863779337,-131.7487
1804,4.90382845390757,527.603
1805,4.90654827002178,-1218.156
1806,4.90926808613598,1794.011
1807,4.91198790225018,1359.454
1808,4.91470771836438,727.4766
1809,4.91742753447859,130.08
1810,4.92014735059279,669.8738
1811,4.92286716670699,-337.4047
1812,4.9255869828212,921.7474
1813,4.9283067989354,409.82
1814,4.9310266150496,712.3441
1815,4.9337464311638,-378.4851
1816,4.93646624727801,70.97606
1817,4.93918606339221,-347.9207
1818,4.94190587950641,456.0872
1819,4.94462569562062,1159.595
1820,4.94734551173482,247.8251
1821,4.95006532784902,560.3215
1822,4.95278514396322,270.5923
1823,4.95550496007743,324.0544
1824,4.95822477619163,681.4206
1825,4.96094459230583,450.9933
1826,4.96366440842003,1164.74
1827,4.96638422453424,118.9523
1828,4.96910404064844,180.3728
1829,4.97182385676264,1063.183
1830,4.97454367287684,888.1962
1831,4.97726348899105,525.5597
1832,4.97998330510525,1031.94
1833,4.98270312121945,551.9808
1834,4.98542293733366,211.0506
1835,4.98814275344786,1579.679
1836,4.99086256956206,1115.805
1837,4.99358238567626,655.4286
1838,4.99630220179047,-240.0977
1839,4.99902201790467,1428.105
1840,5.00174183401887,466.0635
1841,5.00446165013308,1120.571
1842,5.00718146624728,-1288.041
1843,5.00990128236148,243.0371
1844,5.01262109847568,1035.636
1845,5.01534091458989,-300.4681
1846,5.01806073070409,911.4279
1847,5.02078054681829,875.5936
1848,5.02350036293249,193.3874
1849,5.0262201790467,574.5656
1850,5.0289399951609,-3.317276
1851,5.0316598112751,-350.6451
1852,5.03437962738931,612.8297
1853,5.03709944350351,-33.36472
1854,5.03981925961771,945.1364
1855,5.04253907573191,-601.2426
1856,5.04525889184612,45.57244
1857,5.04797870796032,500.3685
1858,5.05069852407452,138.6054
1859,5.05341834018872,478.7024
1860,5.05613815630293,627.8903
1861,5.05885797241713,-28.9244
1862,5.06157778853133,-272.5109
1863,5.06429760464554,709.436
1864,5.06701742075974,1146.828
1865,5.06973723687394,638.0306
1866,5.07245705298814,367.5493
1867,5.07517686910235,839.0757
1868,5.07789668521655,1166.017
1869,5.08061650133075,-299.7777
1870,5.08333631744496,282.4207
1871,5.08605613355916,1089.81
1872,5.08877594967336,41.05039
1873,5.09149576578756,470.5076
1874,5.09421558190177,1188.215
1875,5.09693539801597,218.5164
1876,5.09965521413017,304.8834
1877,5.10237503024437,-20.76324
1878,5.10509484635858,1274.793
1879,5.10781466247278,-18.43287
1880,5.11053447858698,219.1854
1881,5.11325429470119,1447.164
1882,5.11597411081539,-4.86309
1883,5.11869392692959,-16.44596
1884,5.12141374304379,-182.8817
1885,5.124133559158,1176.629
1886,5.1268533752722,-118.3038
1887,5.1295731913864,701.5488
1888,5.1322930075006,-320.3052
1889,5.13501282361481,937.1
1890,5.13773263972901,292.8423
1891,5.14045245584321,700.2044
1892,5.14317227195742,1700.164
1893,5.14589208807162,354.8277
1894,5.14861190418582,-369.7176
1895,5.15133172030002,916.903
1896,5.15405153641423,319.9298
1897,5.15677135252843,321.294
1898,5.15949116864263,850.2289
1899,5.16221098475684,-125.1
1900,5.16493080087104,-366.9596
1901,5.16765061698524,-718.1475
1902,5.17037043309944,-483.2713
1903,5.17309024921365,-682.3663
1904,5.17581006532785,614.7245
1905,5.17852988144205,789.1762
1906,5.18124969755625,864.1459
1907,5.18396951367046,-457.3908
1908,5.18668932978466,1028.407
1909,5.18940914589886,965.5273
1910,5.19212896201307,803.9675
1911,5.19484877812727,78.44989
1912,5.19756859424147,385.4775
1913,5.20028841035567,-95.11784
1914,5.20300822646988,1141.478
1915,5.20572804258408,-367.8814
1916,5.20844785869828,-258.1627
1917,5.21116767481248,497.4238
1918,5.21388749092669,-12.51959
1919,5.21660730704089,113.0019
1920,5.21932712315509,570.5716
1921,5.2220469392693,-523.0297
1922,5.2247667553835,1312.593
1923,5.2274865714977,-78.44744
1924,5.2302063876119,293.5431
1925,5.23292620372611,434.95
1926,5.23564601984031,-624.6999
1927,5.23836583595451,-4.942677
1928,5.24108565206872,618.8438
1929,5.24380546818292,654.9899
1930,5.24652528429712,637.0837
1931,5.24924510041132,715.1136
1932,5.25196491652553,-331.7872
1933,5.25468473263973,107.344
1934,5.25740454875393,947.6822
1935,5.26012436486813,335.4113
1936,5.26284418098234,866.1832
1937,5.26556399709654,344.6679
1938,5.26828381321074,-107.5867
1939,5.27100362932495,1083.278
1940,5.27372344543915,-565.7845
1941,5.27644326155335,165.5754
1942,5.27916307766755,547.6003
1943,5.28188289378176,-398.451
1944,5.28460270989596,114.9977
1945,5.28732252601016,779.6102
1946,5.29004234212436,738.6927
1947,5.29276215823857,398.6559
1948,5.29548197435277,338.1554
1949,5.29820179046697,31.08423
1950,5.30092160658118,-92.70615
1951,5.30364142269538,-414.5441
1952,5.30636123880958,356.0035
1953,5.30908105492378,-184.6042
1954,5.31180087103799,218.165
1955,5.31452068715219,65.17157
1956,5.31724050326639,18.52533
1957,5.31996031938059,34.44406
1958,5.3226801354948,444.8429
1959,5.325399951609,1488.625
1960,5.3281197677232,362.8614
1961,5.33083958383741,-10.41888
1962,5.33355939995161,974.2053
1963,5.33627921606581,-364.0995
1964,5.33899903218002,-191.499
1965,5.34171884829422,565.5009
1966,5.34443866440842,1542.225
1967,5.34715848052262,435.6051
1968,5.34987829663682,948.815
1969,5.35259811275103,234.0744
1970,5.35531792886523,1143.262
1971,5.35803774497943,576.0344
1972,5.36075756109364,297.6631
1973,5.36347737720784,795.8948
1974,5.36619719332204,351.5323
1975,5.36891700943624,104.5573
1976,5.37163682555045,706.0053
1977,5.37435664166465,716.915
1978,5.37707645777885,1097.17
1979,5.37979627389306,245.8327
1980,5.38251609000726,-35.75029
1981,5.38523590612146,790.9956
1982,5.38795572223566,3.841763
1983,5.39067553834987,-670.537
1984,5.39339535446407,18.47038
1985,5.39611517057827,-325.4531
1986,5.39883498669248,-149.2366
1987,5.40155480280668,-851.6068
1988,5.40427461892088,-409.6726
1989,5.40699443503508,-96.46255
1990,5.40971425114929,-65.13631
1991,5.41243406726349,187.4602
1992,5.41515388337769,578.8755
1993,5.41787369949189,905.295
1994,5.4205935156061,-617.9515
1995,5.4233133317203,378.4339
1996,5.4260331478345,814.1292
1997,5.42875296394871,-817.0838
1998,5.43147278006291,-360.9491
1999,5.43419259617711,147.9625
2000,5.43691241229131,-387.6911
2001,5.43963222840552,1131.266
2002,5.44235204451972,536.469
2003,5.44507186063392,629.1818
2004,5.44779167674813,128.8245
2005,5.45051149286233,413.6028
2006,5.45323130897653,1382.523
2007,5.45595112509073,931.174
2008,5.45867094120494,304.7993
2009,5.46139075731914,-150.2772
2010,5.46411057343334,756.9417
2011,5.46683038954754,71.70853
2012,5.46955020566175,62.30507
2013,5.47227002177595,959.6907
2014,5.47498983789015,361.9053
2015,5.47770965400436,184.012
2016,5.48042947011856,884.4532
2017,5.48314928623276,1000.054
2018,5.48586910234696,-667.012
2019,5.48858891846117,1010.733
2020,5.49130873457537,914.9296
2021,5.49402855068957,-173.9289
2022,5.49674836680377,-33.8804
2023,5.49946818291798,242.9072
2024,5.50218799903218,337.5179
2025,5.50490781514638,-239.9077
2026,5.50762763126059,415.2978
2027,5.51034744737479,415.4446
2028,5.51306726348899,503.9445
2029,5.51578707960319,787.3005
2030,5.5185068957174,736.5305
2031,5.5212267118316,62.11912
2032,5.5239465279458,264.9926
2033,5.52666634406001,394.1718
2034,5.52938616017421,783.6301
2035,5.53210597628841,-238.6729
2036,5.53482579240261,602.026
2037,5.53754560851682,172.2372
2038,5.54026542463102,-659.4125
2039,5.54298524074522,282.8614
2040,5.54570505685942,-348.6353
2041,5.54842487297363,141.7297
2042,5.55114468908783,-518.6559
2043,5.55386450520203,-515.7641
2044,5.55658432131623,710.156
2045,5.55930413743044,745.4697
2046,5.56202395354464,-380.7515
2047,5.56474376965884,476.3743
2048,5.56746358577305,-823.8358
2049,5.57018340188725,82.77116
2050,5.57290321800145,416.8858
2051,5.57562303411565,-12.34382
2052,5.57834285022986,-216.4963
2053,5.58106266634406,195.5076
2054,5.58378248245826,-61.00681
2055,5.58650229857247,-161.0811
2056,5.58922211468667,287.8596
2057,5.59194193080087,787.3416
2058,5.59466174691508,-148.1298
2059,5.59738156302928,305.8923
2060,5.60010137914348,65.32923
2061,5.60282119525768,91.84192
2062,5.60554101137188,-102.1215
2063,5.60826082748609,-312.1255
2064,5.61098064360029,767.4249
2065,5.61370045971449,558.2516
2066,5.6164202758287,380.1287
2067,5.6191400919429,721.8452
2068,5.6218599080571,-22.93303
2069,5.6245797241713,-485.1332
2070,5.62729954028551,569.1946
2071,5.63001935639971,-38.81498
2072,5.63273917251391,46.56472
2073,5.63545898862811,-284.1975
2074,5.63817880474232,-88.86944
2075,5.64089862085652,693.0667
2076,5.64361843697072,96.52623
2077,5.64633825308493,-61.74574
2078,5.64905806919913,157.1359
2079,5.65177788531333,486.328
2080,5.65449770142753,656.4841
2081,5.65721751754174,136.5808
2082,5.65993733365594,802.8914
2083,5.66265714977014,121.8592
2084,5.66537696588435,-73.62432
2085,5.66809678199855,292.6454
2086,5.67081659811275,397.5792
2087,5.67353641422695,550.7257
2088,5.67625623034116,679.6591
2089,5.67897604645536,301.1003
2090,5.68169586256956,-229.2218
2091,5.68441567868377,-464.0287
2092,5.68713549479797,-330.6616
2093,5.68985531091217,-3.494672
2094,5.69257512702637,295.1554
2095,5.69529494314058,1257.345
2096,5.69801475925478,-438.8818
2097,5.70073457536898,30.87037
2098,5.70345439148318,286.7704
2099,5.70617420759739,299.0576
2100,5.70889402371159,49.37208
2101,5.71161383982579,148.429
2102,5.71433365594,448.2262
2103,5.7170534720542,-304.0004
2104,5.7197732881684,417.2967
2105,5.7224931042826,-208.1862
2106,5.72521292039681,333.7993
2107,5.72793273651101,-320.3588
2108,5.73065255262521,388.6747
2109,5.73337236873941,210.8927
2110,5.73609218485362,405.9425
2111,5.73881200096782,-379.9217
2112,5.74153181708202,-1.574899
2113,5.74425163319623,43.03152
2114,5.74697144931043,309.1403
2115,5.74969126542463,-619.0341
2116,5.75241108153883,36.03183
2117,5.75513089765304,-305.4406
2118,5.75785071376724,45.85383
2119,5.76057052988144,512.8574
2120,5.76329034599565,-574.3037
2121,5.76601016210985,275.9216
2122,5.76872997822405,-584.8055
2123,5.77144979433825,-536.0872
2124,5.77416961045246,748.8829
2125,5.77688942656666,223.9114
2126,5.77960924268086,302.0695
2127,5.78232905879506,-750.6102
2128,5.78504887490927,100.1927
2129,5.78776869102347,848.2737
2130,5.79048850713767,802.4415
2131,5.79320832325188,940.1921
2132,5.79592813936608,-621.0316
2133,5.79864795548028,92.27588
2134,5.80136777159448,-184.6593
2135,5.80408758770869,90.31984
2136,5.80680740382289,1708.938
2137,5.80952721993709,151.4759
2138,5.8122470360513,291.4828
2139,5.8149668521655,-1101.077
2140,5.8176866682797,-181.9214
2141,5.8204064843939,885.5015
2142,5.82312630050811,-151.4573
2143,5.82584611662231,-202.1291
2144,5.82856593273651,-441.8484
2145,5.83128574885071,276.8816
2146,5.83400556496492,258.2617
2147,5.83672538107912,604.5988
2148,5.83944519719332,369.4444
2149,5.84216501330753,622.7841
2150,5.84488482942173,799.7872
2151,5.84760464553593,494.4695
2152,5.85032446165013,-470.5379
2153,5.85304427776434,286.9588
2154,5.85576409387854,529.7957
2155,5.85848390999274,-786.5402
2156,5.86120372610694,151.7522
2157,5.86392354222115,-17.1111
2158,5.86664335833535,17.38313
2159,5.86936317444955,-1059.595
2160,5.87208299056376,-31.36693
2161,5.87480280667796,12.46087
2162,5.87752262279216,-264.1375
2163,5.88024243890636,-116.1117
2164,5.88296225502057,-568.5145
2165,5.88568207113477,97.08933
2166,5.88840188724897,-243.4634
2167,5.89112170336317,-133.5236
2168,5.89384151947738,-51.2554
2169,5.89656133559158,445.6875
2170,5.89928115170578,489.0151
2171,5.90200096781999,-359.2167
2172,5.90472078393419,-550.9924
2173,5.90744060004839,-465.2999
2174,5.9101604161626,-620.0676
2175,5.9128802322768,-134.1427
2176,5.915600048391,635.5722
2177,5.9183198645052,-347.8976
2178,5.92103968061941,390.3141
2179,5.92375949673361,-491.9162
2180,5.92647931284781,290.1803
2181,5.92919912896201,161.4523
2182,5.93191894507622,-248.0479
2183,5.93463876119042,-91.50818
2184,5.93735857730462,402.4592
2185,5.94007839341882,652.4235
2186,5.94279820953303,148.2545
2187,5.94551802564723,552.6121
2188,5.94823784176143,-28.80906
2189,5.95095765787563,-1039.234
2190,5.95367747398984,475.9995
2191,5.95639729010404,-90.94971
2192,5.95911710621824,-992.9312
2193,5.96183692233245,461.3073
2194,5.96455673844665,29.92214
2195,5.96727655456085,-552.5591
2196,5.96999637067505,-638.2401
2197,5.97271618678926,-179.3558
2198,5.97543600290346,-453.4653
2199,5.97815581901766,555.3801
2200,5.98087563513187,640.7587
2201,5.98359545124607,222.408
2202,5.98631526736027,346.9701
2203,5.98903508347447,-911.3961
2204,5.99175489958868,-60.37998
2205,5.99447471570288,-152.8752
2206,5.99719453181708,-253.8989
2207,5.99991434793129,287.5167
2208,6.00263416404549,503.3824
2209,6.00535398015969,1093.156
2210,6.00807379627389,-503.0871
2211,6.01079361238809,-547.0069
2212,6.0135134285023,977.931
2213,6.0162332446165,-297.9271
2214,6.0189530607307,-237.5462
2215,6.02167287684491,319.108
2216,6.02439269295911,-389.3225
2217,6.02711250907331,76.3471
2218,6.02983232518752,137.5626
2219,6.03255214130172,-332.6167
2220,6.03527195741592,-223.2348
2221,6.03799177353012,-173.7611
2222,6.04071158964433,548.7929
2223,6.04343140575853,-44.64637
2224,6.04615122187273,223.3757
2225,6.04887103798694,-36.91198
2226,6.05159085410114,596.4132
2227,6.05431067021534,-220.1569
2228,6.05703048632954,-202.5552
2229,6.05975030244375,956.5399
2230,6.06247011855795,-637.3271
2231,6.06518993467215,464.5734
2232,6.06790975078635,8.487453
2233,6.07062956690056,871.0128
2234,6.07334938301476,397.5621
2235,6.07606919912896,-257.4781
2236,6.07878901524316,-725.716
2237,6.08150883135737,-399.4086
2238,6.08422864747157,462.3135
2239,6.08694846358577,232.9751
2240,6.08966827969998,133.8195
2241,6.09238809581418,258.8243
2242,6.09510791192838,456.019
2243,6.09782772804258,-158.2777
2244,6.10054754415679,541.4653
2245,6.10326736027099,-85.51643
2246,6.10598717638519,-111.4467
2247,6.1087069924994,-391.6445
2248,6.1114268086136,-277.3844
2249,6.1141466247278,56.26456
2250,6.116866440842,262.2661
2251,6.11958625695621,875.3032
2252,6.12230607307041,1032.982
2253,6.12502588918461,-366.9265
2254,6.12774570529881,-123.194
2255,6.13046552141302,-171.55
2256,6.13318533752722,244.6888
2257,6.13590515364142,839.3158
2258,6.13862496975563,581.1971
2259,6.14134478586983,-1318.119
2260,6.14406460198403,-670.7729
2261,6.14678441809823,604.3342
2262,6.14950423421244,63.81516
2263,6.15222405032664,569.5456
2264,6.15494386644084,706.6621
2265,6.15766368255505,329.2462
2266,6.16038349866925,507.2746
2267,6.16310331478345,665.7455
2268,6.16582313089765,-206.6788
2269,6.16854294701186,59.52086
2270,6.17126276312606,482.7106
2271,6.17398257924026,161.5334
2272,6.17670239535446,-75.45846
2273,6.17942221146867,137.4599
2274,6.18214202758287,-427.0868
2275,6.18486184369707,616.4932
2276,6.18758165981128,3.584589
2277,6.19030147592548,-319.2592
2278,6.19302129203968,711.6863
2279,6.19574110815388,-8.491649
2280,6.19846092426809,911.4621
2281,6.20118074038229,1077.486
2282,6.20390055649649,462.6842
2283,6.20662037261069,-140.108
2284,6.2093401887249,-456.4768
2285,6.2120600048391,-124.1678
2286,6.2147798209533,-181.2027
2287,6.21749963706751,95.94439
2288,6.22021945318171,268.9767
2289,6.22293926929591,-254.4481
2290,6.22565908541011,606.1122
2291,6.22837890152432,38.86032
2292,6.23109871763852,-650.5673
2293,6.23381853375272,222.0805
2294,6.23653834986693,-414.8457
2295,6.23925816598113,168.6208
2296,6.24197798209533,145.4105
2297,6.24469779820953,-411.402
2298,6.24741761432374,143.5795
2299,6.25013743043794,37.27607
2300,6.25285724655214,-591.5145
2301,6.25557706266634,-356.3357
2302,6.25829687878055,-629.7706
2303,6.26101669489475,632.6876
2304,6.26373651100895,-431.5314
2305,6.26645632712316,-133.7967
2306,6.26917614323736,-592.0385
2307,6.27189595935156,583.1755
2308,6.27461577546576,-63.49102
2309,6.27733559157997,-905.501
2310,6.28005540769417,-61.3762
2311,6.28277522380837,904.2578
2312,6.28549503992258,765.0171
2313,6.28821485603678,649.3963
2314,6.29093467215098,17.70313
2315,6.29365448826518,-714.2921
2316,6.29637430437939,274.6777
2317,6.29909412049359,431.0161
2318,6.30181393660779,1403.573
2319,6.30453375272199,-329.7055
2320,6.3072535688362,285.9749
2321,6.3099733849504,-312.5903
2322,6.3126932010646,-1023.108
2323,6.31541301717881,123.5626
2324,6.31813283329301,264.1484
2325,6.32085264940721,369.4977
2326,6.32357246552141,256.2056
2327,6.32629228163562,391.1412
2328,6.32901209774982,1012.099
2329,6.33173191386402,512.6503
2330,6.33445172997822,-984.7048
2331,6.33717154609243,25.27316
2332,6.33989136220663,884.3524
2333,6.34261117832083,-158.546
2334,6.34533099443504,40.31992
2335,6.34805081054924,-251.2092
2336,6.35077062666344,331.6964
2337,6.35349044277764,-337.9974
2338,6.35621025889185,234.09
2339,6.35893007500605,-166.2085
2340,6.36164989112025,682.3552
2341,6.36436970723445,307.0187
2342,6.36708952334866,-167.5371
2343,6.36980933946286,-477.1213
2344,6.37252915557706,558.8865
2345,6.37524897169126,-71.38092
2346,6.37796878780547,-116.5296
2347,6.38068860391967,-158.4018
2348,6.38340842003387,-397.7739
2349,6.38612823614808,-22.146
2350,6.38884805226228,87.31866
2351,6.39156786837648,-467.787
2352,6.39428768449069,-326.1276
2353,6.39700750060489,234.9752
2354,6.39972731671909,544.2781
2355,6.40244713283329,-41.56352
2356,6.4051669489475,997.0449
2357,6.4078867650617,349.8084
2358,6.4106065811759,697.2631
2359,6.4133263972901,-1178.401
2360,6.41604621340431,91.84527
2361,6.41876602951851,36.21887
2362,6.42148584563271,-562.1661
2363,6.42420566174692,-47.39769
2364,6.42692547786112,-77.6004
2365,6.42964529397532,-460.1701
2366,6.43236511008952,263.6008
2367,6.43508492620373,418.2733
2368,6.43780474231793,276.0923
2369,6.44052455843213,728.1448
2370,6.44324437454633,180.4409
2371,6.44596419066054,-512.7043
2372,6.44868400677474,571.4713
2373,6.45140382288894,38.73521
2374,6.45412363900315,-140.9272
2375,6.45684345511735,139.6504
2376,6.45956327123155,263.3203
2377,6.46228308734575,1155.555
2378,6.46500290345996,247.6727
2379,6.46772271957416,-195.3324
2380,6.47044253568836,-14.47531
2381,6.47316235180256,292.804
2382,6.47588216791677,480.3563
2383,6.47860198403097,394.2355
2384,6.48132180014517,298.4933
2385,6.48404161625938,-581.7753
2386,6.48676143237358,570.2371
2387,6.48948124848778,486.6043
2388,6.49220106460198,257.4052
2389,6.49492088071619,870.4848
2390,6.49764069683039,-970.6017
2391,6.50036051294459,268.4337
2392,6.5030803290588,1.684823
2393,6.505800145173,-162.0377
2394,6.5085199612872,-164.7869
2395,6.5112397774014,-805.1789
2396,6.51395959351561,256.8454
2397,6.51667940962981,330.522
2398,6.51939922574401,26.04387
2399,6.52211904185821,-617.0934
2400,6.52483885797242,-845.3704
2401,6.52755867408662,-506.4191
2402,6.53027849020082,-62.0009
2403,6.53299830631503,-615.7493
2404,6.53571812242923,695.4774
2405,6.53843793854343,-85.43418
2406,6.54115775465763,-842.4695
2407,6.54387757077184,297.382
2408,6.54659738688604,-353.3364
2409,6.54931720300024,636.876
2410,6.55203701911444,-213.9254
2411,6.55475683522865,-324.2925
2412,6.55747665134285,-144.4274
2413,6.56019646745705,-341.5621
2414,6.56291628357126,-171.9137
2415,6.56563609968546,-209.6227
2416,6.56835591579966,-794.3972
2417,6.57107573191386,-911.4255
2418,6.57379554802807,-716.3917
2419,6.57651536414227,78.8321
2420,6.57923518025647,-74.63881
2421,6.58195499637068,40.33432
2422,6.58467481248488,632.967
2423,6.58739462859908,455.5774
2424,6.59011444471328,590.8736
2425,6.59283426082749,-281.2108
2426,6.59555407694169,755.5487
2427,6.59827389305589,-173.3858
2428,6.60099370917009,95.75735
2429,6.6037135252843,27.07412
2430,6.6064333413985,256.3201
2431,6.6091531575127,-25.93931
2432,6.61187297362691,66.7418
2433,6.61459278974111,-592.5358
2434,6.61731260585531,-358.4304
2435,6.62003242196951,144.4439
2436,6.62275223808372,491.8521
2437,6.62547205419792,-67.26897
2438,6.62819187031212,34.98233
2439,6.63091168642633,643.0213
2440,6.63363150254053,-45.88561
2441,6.63635131865473,-409.5138
2442,6.63907113476893,-140.187
2443,6.64179095088314,608.6633
2444,6.64451076699734,-631.364
2445,6.64723058311154,-141.6308
2446,6.64995039922574,-979.7385
2447,6.65267021533995,1153.132
2448,6.65539003145415,605.0615
2449,6.65810984756835,-91.1124
2450,6.66082966368255,-235.6766
2451,6.66354947979676,835.5731
2452,6.66626929591096,-186.4979
2453,6.66898911202516,499.2652
2454,6.67170892813937,-626.5792
2455,6.67442874425357,-380.5251
2456,6.67714856036777,13.60334
2457,6.67986837648198,-501.6111
2458,6.68258819259618,620.5916
2459,6.68530800871038,485.1389
2460,6.68802782482458,-257.9369
2461,6.69074764093878,-520.2561
2462,6.69346745705299,673.1772
2463,6.69618727316719,-28.01313
2464,6.69890708928139,372.1092
2465,6.7016269053956,-141.8419
2466,6.7043467215098,-200.5646
2467,6.707066537624,415.2064
2468,6.70978635373821,-512.2899
2469,6.71250616985241,157.318
2470,6.71522598596661,321.0542
2471,6.71794580208081,567.183
2472,6.72066561819501,705.0707
2473,6.72338543430922,-263.1629
2474,6.72610525042342,485.9511
2475,6.72882506653762,1221.538
2476,6.73154488265183,-163.5941
2477,6.73426469876603,-324.7905
2478,6.73698451488023,-814.7336
2479,6.73970433099444,-874.8354
2480,6.74242414710864,87.23085
2481,6.74514396322284,249.6956
2482,6.74786377933704,-2.737191
2483,6.75058359545125,-1212.225
2484,6.75330341156545,-681.3392
2485,6.75602322767965,533.6132
2486,6.75874304379385,531.7625
2487,6.76146285990806,378.6487
2488,6.76418267602226,-328.1367
2489,6.76690249213646,-98.22454
2490,6.76962230825067,1028.099
2491,6.77234212436487,-168.3953
2492,6.77506194047907,-716.6321
2493,6.77778175659327,714.3459
2494,6.78050157270748,-598.2004
2495,6.78322138882168,773.679
2496,6.78594120493588,-1152.524
2497,6.78866102105008,375.7091
2498,6.79138083716429,337.5268
2499,6.79410065327849,262.0202
2500,6.79682046939269,-567.8741
2501,6.79954028550689,146.7301
2502,6.8022601016211,-35.3383
2503,6.8049799177353,-594.0956
2504,6.8076997338495,826.1923
2505,6.81041954996371,13.23097
2506,6.81313936607791,-184.2632
2507,6.81585918219211,-359.1755
2508,6.81857899830631,-438.7753
2509,6.82129881442052,1023.327
2510,6.82401863053472,153.4678
2511,6.82673844664892,550.7795
2512,6.82945826276313,-134.8373
2513,6.83217807887733,-130.5448
2514,6.83489789499153,259.8977
2515,6.83761771110574,297.3705
2516,6.84033752721994,175.5988
2517,6.84305734333414,-265.6359
2518,6.84577715944834,-281.47
2519,6.84849697556255,1415.287
2520,6.85121679167675,560.902
2521,6.85393660779095,732.5209
2522,6.85665642390515,-241.616
2523,6.85937624001936,815.2476
2524,6.86209605613356,-63.21969
2525,6.86481587224776,29.10214
2526,6.86753568836197,-1.12565
2527,6.87025550447617,-597.2589
2528,6.87297532059037,516.9533
2529,6.87569513670457,85.4936
2530,6.87841495281878,50.65696
2531,6.88113476893298,-148.8948
2532,6.88385458504718,843.1456
2533,6.88657440116138,121.5653
2534,6.88929421727559,-493.6076
2535,6.89201403338979,98.69421
2536,6.89473384950399,188.9103
2537,6.89745366561819,-171.0942
2538,6.9001734817324,-212.3288
2539,6.9028932978466,328.8402
2540,6.9056131139608,819.1547
2541,6.90833293007501,-540.0488
2542,6.91105274618921,221.6986
2543,6.91377256230341,-214.348
2544,6.91649237841761,184.6031
2545,6.91921219453182,947.3098
2546,6.92193201064602,277.9696
2547,6.92465182676022,-21.3818
2548,6.92737164287443,230.4129
2549,6.93009145898863,-531.5956
2550,6.93281127510283,-310.3475
2551,6.93553109121703,445.408
2552,6.93825090733124,505.8158
2553,6.94097072344544,-412.8431
2554,6.94369053955964,-872.4897
2555,6.94641035567385,780.3044
2556,6.94913017178805,-282.8486
2557,6.95184998790225,151.7346
2558,6.95456980401645,-510.7606
2559,6.95728962013066,-80.73013
2560,6.96000943624486,864.3613
2561,6.96272925235906,590.1993
2562,6.96544906847326,63.37383
2563,6.96816888458747,-843.2643
2564,6.97088870070167,162.8325
2565,6.97360851681587,138.9371
2566,6.97632833293008,-128.7116
2567,6.97904814904428,197.9479
2568,6.98176796515848,261.4016
2569,6.98448778127268,384.1927
2570,6.98720759738689,261.4398
2571,6.98992741350109,1053.498
2572,6.99264722961529,115.0501
2573,6.99536704572949,-375.1247
2574,6.9980868618437,-575.4004
2575,7.0008066779579,671.4585
2576,7.0035264940721,797.0311
2577,7.00624631018631,322.3501
2578,7.00896612630051,413.1972
2579,7.01168594241471,-288.6815
2580,7.01440575852891,-183.7551
2581,7.01712557464312,540.6852
2582,7.01984539075732,-442.2743
2583,7.02256520687152,-80.71608
2584,7.02528502298572,-261.2587
2585,7.02800483909993,-191.1178
2586,7.03072465521413,658.3176
2587,7.03344447132833,306.1561
2588,7.03616428744254,-175.8895
2589,7.03888410355674,-476.9474
2590,7.04160391967094,261.3204
2591,7.04432373578514,-371.6768
2592,7.04704355189935,431.1219
2593,7.04976336801355,-330.5028
2594,7.05248318412775,84.83829
2595,7.05520300024196,342.3774
2596,7.05792281635616,193.8892
2597,7.06064263247036,-490.6034
2598,7.06336244858456,-127.4456
2599,7.06608226469877,72.66858
2600,7.06880208081297,-203.3206
2601,7.07152189692717,330.3141
2602,7.07424171304137,-178.2633
2603,7.07696152915558,221.6266
2604,7.07968134526978,111.8589
2605,7.08240116138398,318.6001
2606,7.08512097749819,-156.5578
2607,7.08784079361239,451.8051
2608,7.09056060972659,-102.9081
2609,7.09328042584079,-159.849
2610,7.096000241955,-696.8839
2611,7.0987200580692,-1001.299
2612,7.1014398741834,-237.7174
2613,7.10415969029761,316.1625
2614,7.10687950641181,80.26945
2615,7.10959932252601,668.3893
2616,7.11231913864021,516.2013
2617,7.11503895475442,690.1644
2618,7.11775877086862,123.2068
2619,7.12047858698282,134.9564
2620,7.12319840309702,-400.7469
2621,7.12591821921123,-921.8278
2622,7.12863803532543,-1261.7
2623,7.13135785143963,-483.7885
2624,7.13407766755383,0.09864569
2625,7.13679748366804,83.12431
2626,7.13951729978224,-678.4984
2627,7.14223711589644,-989.1039
2628,7.14495693201065,506.2082
2629,7.14767674812485,-525.1065
2630,7.15039656423905,418.9377
2631,7.15311638035326,581.0245
2632,7.15583619646746,301.9319
2633,7.15855601258166,-367.2511
2634,7.16127582869586,-175.6037
2635,7.16399564481007,136.4117
2636,7.16671546092427,718.6918
2637,7.16943527703847,157.9495
2638,7.17215509315267,-155.8231
2639,7.17487490926688,267.0138
2640,7.17759472538108,-171.4799
2641,7.18031454149528,104.9337
2642,7.18303435760949,-484.9106
2643,7.18575417372369,-597.5413
2644,7.18847398983789,324.2072
2645,7.19119380595209,-270.525
2646,7.1939136220663,-697.6321
2647,7.1966334381805,803.1807
2648,7.1993532542947,728.3337
2649,7.2020730704089,246.2848
2650,7.20479288652311,431.7268
2651,7.20751270263731,173.4106
2652,7.21023251875151,73.64616
2653,7.21295233486572,-461.2206
2654,7.21567215097992,-421.9458
2655,7.21839196709412,194.5436
2656,7.22111178320832,-223.9523
2657,7.22383159932253,-947.1162
2658,7.22655141543673,534.1357
2659,7.22927123155093,-221.0963
2660,7.23199104766513,156.2913
2661,7.23471086377934,603.845
2662,7.23743067989354,-253.9331
2663,7.24015049600774,-228.4252
2664,7.24287031212195,874.3195
2665,7.24559012823615,-854.6213
2666,7.24830994435035,-107.5575
2667,7.25102976046455,157.7685
2668,7.25374957657876,-870.6635
2669,7.25646939269296,266.9041
2670,7.25918920880716,-652.9259
2671,7.26190902492136,-596.8616
2672,7.26462884103557,-235.1879
2673,7.26734865714977,690.5084
2674,7.27006847326397,328.7369
2675,7.27278828937818,112.8271
2676,7.27550810549238,-752.0673
2677,7.27822792160658,420.5185
2678,7.28094773772078,392.573
2679,7.28366755383499,61.57822
2680,7.28638736994919,1025.247
2681,7.28910718606339,-385.9825
2682,7.29182700217759,-19.67351
2683,7.2945468182918,-601.9286
2684,7.297266634406,-26.32047
2685,7.2999864505202,-910.8004
2686,7.30270626663441,482.1053
2687,7.30542608274861,336.6042
2688,7.30814589886281,-368.4424
2689,7.31086571497702,576.7112
2690,7.31358553109122,-7.768097
2691,7.31630534720542,-39.47165
2692,7.31902516331962,-302.581
2693,7.32174497943383,436.1586
2694,7.32446479554803,-296.6501
2695,7.32718461166223,-1001.144
2696,7.32990442777643,-521.5394
2697,7.33262424389064,462.6923
2698,7.33534406000484,-86.8075
2699,7.33806387611904,309.5917
2700,7.34078369223325,-219.8952
2701,7.34350350834745,810.972
2702,7.34622332446165,320.0168
2703,7.34894314057585,718.4825
2704,7.35166295669006,-698.6046
2705,7.35438277280426,206.0748
2706,7.35710258891846,135.3061
2707,7.35982240503266,915.6465
2708,7.36254222114687,-151.7824
2709,7.36526203726107,-319.0613
2710,7.36798185337527,653.3335
2711,7.37070166948947,752.0488
2712,7.37342148560368,-117.4503
2713,7.37614130171788,206.3798
2714,7.37886111783208,-102.7872
2715,7.38158093394629,-268.8667
2716,7.38430075006049,-636.5164
2717,7.38702056617469,142.1167
2718,7.38974038228889,395.9699
2719,7.3924601984031,-8.509515
2720,7.3951800145173,881.3284
2721,7.3978998306315,-323.4419
2722,7.40061964674571,546.7202
2723,7.40333946285991,42.05884
2724,7.40605927897411,128.3871
2725,7.40877909508831,-197.9337
2726,7.41149891120252,-71.15659
2727,7.41421872731672,599.2361
2728,7.41693854343092,656.5109
2729,7.41965835954513,165.2196
2730,7.42237817565933,-1121.929
2731,7.42509799177353,1178.455
2732,7.42781780788773,-1121.206
2733,7.43053762400194,-232.9387
2734,7.43325744011614,255.0799
2735,7.43597725623034,-540.824
2736,7.43869707234454,-5.204104
2737,7.44141688845875,-453.6385
2738,7.44413670457295,-520.502
2739,7.44685652068715,-520.6736
2740,7.44957633680136,201.0888
2741,7.45229615291556,750.571
2742,7.45501596902976,1280.552
2743,7.45773578514396,-184.9873
2744,7.46045560125817,-453.615
2745,7.46317541737237,-334.3251
2746,7.46589523348657,227.4518
2747,7.46861504960077,-648.1813
2748,7.47133486571498,68.79681
2749,7.47405468182918,969.9263
2750,7.47677449794338,354.4879
2751,7.47949431405759,-483.1924
2752,7.48221413017179,72.44303
2753,7.48493394628599,-357.47
2754,7.48765376240019,-138.2674
2755,7.4903735785144,-304.3707
2756,7.4930933946286,-94.62622
2757,7.4958132107428,-282.8375
2758,7.49853302685701,-530.8323
2759,7.50125284297121,-493.014
2760,7.50397265908541,933.8714
2761,7.50669247519961,523.4104
2762,7.50941229131382,-103.0101
2763,7.51213210742802,787.9777
2764,7.51485192354222,459.2105
2765,7.51757173965642,-340.6838
2766,7.52029155577063,92.66076
2767,7.52301137188483,303.0213
2768,7.52573118799903,286.3458
2769,7.52845100411324,-723.4796
2770,7.53117082022744,12.50492
2771,7.53389063634164,612.4269
2772,7.53661045245584,264.0764
2773,7.53933026857005,355.2317
2774,7.54205008468425,74.37482
2775,7.54476990079845,-26.69056
2776,7.54748971691265,-297.3869
2777,7.55020953302686,-302.6995
2778,7.55292934914106,-53.62627
2779,7.55564916525526,2184.733
2780,7.55836898136947,524.4426
2781,7.56108879748367,-438.3395
2782,7.56380861359787,79.45924
2783,7.56652842971207,-547.4815
2784,7.56924824582628,127.964
2785,7.57196806194048,684.6116
2786,7.57468787805468,-517.465
2787,7.57740769416889,-408.713
2788,7.58012751028309,-847.493
2789,7.58284732639729,117.3726
2790,7.58556714251149,-105.5073
2791,7.5882869586257,726.9771
2792,7.5910067747399,706.4487
2793,7.5937265908541,540.4616
2794,7.5964464069683,-265.3865
2795,7.59916622308251,-214.9793
2796,7.60188603919671,-237.7246
2797,7.60460585531091,135.5134
2798,7.60732567142512,-326.6985
2799,7.61004548753932,625.2431
2800,7.61276530365352,-180.4748
2801,7.61548511976772,-478.8532
2802,7.61820493588193,14.51139
2803,7.62092475199613,-10.5508
2804,7.62364456811033,135.4289
2805,7.62636438422454,407.0842
2806,7.62908420033874,-499.4604
2807,7.63180401645294,-543.2484
2808,7.63452383256714,-551.1934
2809,7.63724364868134,501.2551
2810,7.63996346479555,-88.54008
2811,7.64268328090975,-500.0367
2812,7.64540309702395,-390.51
2813,7.64812291313816,-135.7811
2814,7.65084272925236,830.0707
2815,7.65356254536656,336.4035
2816,7.65628236148077,-222.1724
2817,7.65900217759497,-574.9913
2818,7.66172199370917,-151.962
2819,7.66444180982337,537.4734
2820,7.66716162593758,119.5707
2821,7.66988144205178,-14.42234
2822,7.67260125816598,1003.318
2823,7.67532107428018,827.6553
2824,7.67804089039439,-292.465
2825,7.68076070650859,848.4785
2826,7.68348052262279,85.50214
2827,7.686200338737,323.7621
2828,7.6889201548512,182.0672
2829,7.6916399709654,-959.5741
2830,7.6943597870796,-593.1968
2831,7.69707960319381,327.8437
2832,7.69979941930801,-483.6888
2833,7.70251923542221,-682.9429
2834,7.70523905153641,-393.4357
2835,7.70795886765062,179.705
2836,7.71067868376482,808.3539
2837,7.71339849987902,-666.2955
2838,7.71611831599323,231.7447
2839,7.71883813210743,-466.3867
2840,7.72155794822163,98.81986
2841,7.72427776433583,122.2981
2842,7.72699758045004,-6.66839
2843,7.72971739656424,-216.7242
2844,7.73243721267844,-530.0629
2845,7.73515702879265,-291.2962
2846,7.73787684490685,190.2083
2847,7.74059666102105,88.31299
2848,7.74331647713525,-84.9912
2849,7.74603629324946,-210.9672
2850,7.74875610936366,-357.7839
2851,7.75147592547786,755.8521
2852,7.75419574159207,-378.4881
2853,7.75691555770627,-464.2625
2854,7.75963537382047,-140.3969
2855,7.76235518993467,-512.639
2856,7.76507500604888,1227.773
2857,7.76779482216308,675.8348
2858,7.77051463827728,-273.9922
2859,7.77323445439148,473.2296
2860,7.77595427050569,-255.5903
2861,7.77867408661989,226.4292
2862,7.78139390273409,-812.2202
2863,7.78411371884829,-485.3953
2864,7.7868335349625,554.9485
2865,7.7895533510767,-427.3699
2866,7.7922731671909,-503.2924
2867,7.79499298330511,-628.2687
2868,7.79771279941931,-243.219
2869,7.80043261553351,470.8256
2870,7.80315243164771,-355.0494
2871,7.80587224776192,403.8965
2872,7.80859206387612,-670.0474
2873,7.81131187999032,870.2917
2874,7.81403169610452,-78.2049
2875,7.81675151221873,-253.3971
2876,7.81947132833293,-346.8031
2877,7.82219114444713,372.1642
2878,7.82491096056134,313.7146
2879,7.82763077667554,223.8106
2880,7.83035059278974,557.9165
2881,7.83307040890394,-95.81424
2882,7.83579022501815,301.7713
2883,7.83851004113235,429.9207
2884,7.84122985724655,273.4913
2885,7.84394967336076,-1.055728
2886,7.84666948947496,718.8449
2887,7.84938930558916,-205.1595
2888,7.85210912170336,-271.6201
2889,7.85482893781756,983.4744
2890,7.85754875393177,832.887
2891,7.86026857004597,-1023.186
2892,7.86298838616018,97.06949
2893,7.86570820227438,278.1765
2894,7.86842801838858,-473.9937
2895,7.87114783450278,54.02739
2896,7.87386765061698,210.5827
2897,7.87658746673119,-698.1932
2898,7.87930728284539,102.9638
2899,7.88202709895959,-153.6754
2900,7.8847469150738,-112.1891
2901,7.887466731188,33.79586
2902,7.8901865473022,118.5214
2903,7.8929063634164,401.9034
2904,7.89562617953061,-301.3449
2905,7.89834599564481,380.8659
2906,7.90106581175901,-418.8548
2907,7.90378562787322,-245.5272
2908,7.90650544398742,-668.7458
2909,7.90922526010162,-56.0093
2910,7.91194507621582,-740.5143
2911,7.91466489233003,-79.37376
2912,7.91738470844423,-931.5798
2913,7.92010452455843,555.9419
2914,7.92282434067263,-826.455
2915,7.92554415678684,-542.3644
2916,7.92826397290104,876.2734
2917,7.93098378901524,22.55234
2918,7.93370360512944,91.05293
2919,7.93642342124365,642.0093
2920,7.93914323735785,-139.6389
2921,7.94186305347205,-27.63503
2922,7.94458286958626,1001.523
2923,7.94730268570046,278.4132
2924,7.95002250181466,803.3177
2925,7.95274231792887,518.541
2926,7.95546213404307,851.309
2927,7.95818195015727,-365.3341
2928,7.96090176627147,430.8967
2929,7.96362158238567,322.8679
2930,7.96634139849988,-470.4272
2931,7.96906121461408,658.3318
2932,7.97178103072828,-307.0004
2933,7.97450084684249,-610.1492
2934,7.97722066295669,412.883
2935,7.97994047907089,-44.58618
2936,7.9826602951851,336.7981
2937,7.9853801112993,-370.5229
2938,7.9880999274135,648.343
2939,7.9908197435277,539.2597
2940,7.99353955964191,474.6028
2941,7.99625937575611,-205.4116
2942,7.99897919187031,-777.6656
2943,8.00169900798451,-403.7038
2944,8.00441882409872,-126.1191
2945,8.00713864021292,-1065.509
2946,8.00985845632712,-211.3615
2947,8.01257827244133,186.6098
2948,8.01529808855553,-690.2393
2949,8.01801790466973,-191.56
2950,8.02073772078393,-615.3161
2951,8.02345753689814,518.6685
2952,8.02617735301234,-440.807
2953,8.02889716912654,-379.4408
2954,8.03161698524075,-694.0588
2955,8.03433680135495,162.1564
2956,8.03705661746915,18.02775
2957,8.03977643358335,422.7053
2958,8.04249624969755,772.4442
2959,8.04521606581176,-1541.108
2960,8.04793588192596,835.1038
2961,8.05065569804016,300.5102
2962,8.05337551415437,-829.285
2963,8.05609533026857,101.3164
2964,8.05881514638277,675.7205
2965,8.06153496249697,692.4828
2966,8.06425477861118,123.0399
2967,8.06697459472538,186.1309
2968,8.06969441083958,651.0303
2969,8.07241422695379,161.4493
2970,8.07513404306799,294.0649
2971,8.07785385918219,-299.4296
2972,8.08057367529639,677.4355
2973,8.0832934914106,367.0477
2974,8.0860133075248,-155.6098
2975,8.088733123639,509.2131
2976,8.09145293975321,262.9857
2977,8.09417275586741,-309.6929
2978,8.09689257198161,-510.9409
2979,8.09961238809581,-996.3283
2980,8.10233220421002,-269.3458
2981,8.10505202032422,527.0801
2982,8.10777183643842,-36.11103
2983,8.11049165255262,-415.3166
2984,8.11321146866683,34.36943
2985,8.11593128478103,497.3715
2986,8.11865110089523,823.153
2987,8.12137091700944,271.6059
2988,8.12409073312364,-370.7242
2989,8.12681054923784,248.8659
2990,8.12953036535204,486.7163
2991,8.13225018146625,12.28905
2992,8.13496999758045,-73.24648
2993,8.13768981369465,-266.3438
2994,8.14040962980886,-366.7431
2995,8.14312944592306,840.5612
2996,8.14584926203726,143.3665
2997,8.14856907815146,595.5556
2998,8.15128889426567,1008.622
2999,8.15400871037987,120.1436
3000,8.15672852649407,1177.969
3001,8.15944834260828,-178.0497
3002,8.16216815872248,1067.777
3003,8.16488797483668,94.56887
3004,8.16760779095089,-384.6324
3005,8.17032760706508,652.6226
3006,8.17304742317929,-301.0433
3007,8.17576723929349,22.23307
3008,8.17848705540769,-406.4325
3009,8.1812068715219,291.7278
3010,8.1839266876361,-521.6745
3011,8.1866465037503,-1148.565
3012,8.18936631986451,-14.7319
3013,8.19208613597871,245.7452
3014,8.19480595209291,253.7562
3015,8.19752576820711,33.39904
3016,8.20024558432132,15.83894
3017,8.20296540043552,-698.4426
3018,8.20568521654972,-831.2062
3019,8.20840503266392,523.1352
3020,8.21112484877813,-922.1206
3021,8.21384466489233,819.0139
3022,8.21656448100653,327.8035
3023,8.21928429712074,459.0891
3024,8.22200411323494,-118.0467
3025,8.22472392934914,446.9087
3026,8.22744374546334,694.851
3027,8.23016356157755,-520.8255
3028,8.23288337769175,363.6462
3029,8.23560319380595,-28.59528
3030,8.23832300992015,952.943
3031,8.24104282603436,79.62756
3032,8.24376264214856,770.5186
3033,8.24648245826276,-6.368409
3034,8.24920227437697,265.4954
3035,8.25192209049117,-556.4776
3036,8.25464190660537,421.3948
3037,8.25736172271957,-309.8341
3038,8.26008153883378,-8.764098
3039,8.26280135494798,339.5251
3040,8.26552117106218,769.1375
3041,8.26824098717638,856.6558
3042,8.27096080329059,64.21288
3043,8.27368061940479,-846.2382
3044,8.27640043551899,-765.2472
3045,8.2791202516332,-444.55
3046,8.2818400677474,-381.306
3047,8.2845598838616,-408.5385
3048,8.28727969997581,69.09275
3049,8.28999951609001,46.4824
3050,8.29271933220421,201.0741
3051,8.29543914831841,813.9283
3052,8.29815896443261,45.78072
3053,8.30087878054682,274.283
3054,8.30359859666102,-401.1667
3055,8.30631841277522,1465.868
3056,8.30903822888943,340.8053
3057,8.31175804500363,-153.1873
3058,8.31447786111783,-290.4431
3059,8.31719767723203,21.67855
3060,8.31991749334624,-229.6557
3061,8.32263730946044,269.2437
3062,8.32535712557464,54.35099
3063,8.32807694168885,102.1844
3064,8.33079675780305,-309.1431
3065,8.33351657391725,-634.6047
3066,8.33623639003145,-46.78603
3067,8.33895620614566,789.641
3068,8.34167602225986,303.7382
3069,8.34439583837406,-942.3571
3070,8.34711565448827,-173.2062
3071,8.34983547060247,-113.3462
3072,8.35255528671667,-208.3638
3073,8.35527510283087,-28.80908
3074,8.35799491894508,216.1447
3075,8.36071473505928,243.7446
3076,8.36343455117348,20.1419
3077,8.36615436728768,-79.41529
3078,8.36887418340189,45.24399
3079,8.37159399951609,1035.611
3080,8.37431381563029,264.1575
3081,8.3770336317445,497.8587
3082,8.3797534478587,200.8127
3083,8.3824732639729,-375.7494
3084,8.3851930800871,770.1959
3085,8.38791289620131,244.3997
3086,8.39063271231551,-302.5218
3087,8.39335252842971,115.4376
3088,8.39607234454392,-59.58278
3089,8.39879216065812,387.3986
3090,8.40151197677232,86.59454
3091,8.40423179288652,586.7208
3092,8.40695160900073,716.403
3093,8.40967142511493,-1126.092
3094,8.41239124122913,528.879
3095,8.41511105734334,-22.81356
3096,8.41783087345754,512.2941
3097,8.42055068957174,-572.0518
3098,8.42327050568594,-245.4146
3099,8.42599032180015,831.1036
3100,8.42871013791435,-229.8965
3101,8.43142995402855,-1094.638
3102,8.43414977014275,1075.494
3103,8.43686958625696,115.1776
3104,8.43958940237116,-396.2328
3105,8.44230921848536,347.292
3106,8.44502903459956,-192.1477
3107,8.44774885071377,-664.2366
3108,8.45046866682797,31.18226
3109,8.45318848294217,870.1542
3110,8.45590829905638,-736.8535
3111,8.45862811517058,-232.5059
3112,8.46134793128478,20.20268
3113,8.46406774739898,-445.5034
3114,8.46678756351319,-59.36642
3115,8.46950737962739,125.7732
3116,8.47222719574159,733.7791
3117,8.4749470118558,97.37711
3118,8.47766682797,-895.4627
3119,8.4803866440842,-11.74749
3120,8.4831064601984,147.8027
3121,8.48582627631261,892.1177
3122,8.48854609242681,660.7342
3123,8.49126590854101,-114.5028
3124,8.49398572465521,593.9929
3125,8.49670554076942,-847.2001
3126,8.49942535688362,386.0131
3127,8.50214517299782,575.8739
3128,8.50486498911202,-446.082
3129,8.50758480522623,1089.629
3130,8.51030462134043,-760.062
3131,8.51302443745463,-847.8915
3132,8.51574425356884,446.4148
3133,8.51846406968304,544.2405
3134,8.52118388579724,181.173
3135,8.52390370191145,445.7181
3136,8.52662351802565,-657.4365
3137,8.52934333413985,189.3715
3138,8.53206315025405,158.5083
3139,8.53478296636826,814.4789
3140,8.53750278248246,591.8138
3141,8.54022259859666,-224.747
3142,8.54294241471087,-506.1406
3143,8.54566223082507,-894.5215
3144,8.54838204693927,1140.797
3145,8.55110186305347,630.3864
3146,8.55382167916767,-984.7599
3147,8.55654149528188,-757.8173
3148,8.55926131139608,-113.814
3149,8.56198112751028,257.2017
3150,8.56470094362449,-123.7207
3151,8.56742075973869,-482.1409
3152,8.57014057585289,-205.7831
3153,8.57286039196709,-1349.595
3154,8.5755802080813,675.8812
3155,8.5783000241955,-24.19164
3156,8.5810198403097,-860.2959
3157,8.58373965642391,54.58004
3158,8.58645947253811,456.3079
3159,8.58917928865231,-481.527
3160,8.59189910476652,115.2422
3161,8.59461892088072,843.5702
3162,8.59733873699492,-167.6493
3163,8.60005855310912,12.18997
3164,8.60277836922332,-897.0222
3165,8.60549818533753,-62.62297
3166,8.60821800145173,-640.0109
3167,8.61093781756593,-27.82188
3168,8.61365763368014,-935.0705
3169,8.61637744979434,161.2241
3170,8.61909726590854,-382.2825
3171,8.62181708202274,359.1532
3172,8.62453689813695,581.1571
3173,8.62725671425115,-191.8877
3174,8.62997653036535,554.9948
3175,8.63269634647956,-118.9623
3176,8.63541616259376,-1748.439
3177,8.63813597870796,-232.4849
3178,8.64085579482216,767.2826
3179,8.64357561093637,226.0245
3180,8.64629542705057,-137.627
3181,8.64901524316477,868.7487
3182,8.65173505927898,426.4145
3183,8.65445487539318,738.2717
3184,8.65717469150738,-348.048
3185,8.65989450762158,654.056
3186,8.66261432373579,-946.4259
3187,8.66533413984999,350.1199
3188,8.66805395596419,-380.2874
3189,8.67077377207839,-947.8088
3190,8.67349358819259,695.0249
3191,8.6762134043068,337.4441
3192,8.678933220421,230.0091
3193,8.6816530365352,103.1802
3194,8.68437285264941,384.302
3195,8.68709266876361,-60.81812
3196,8.68981248487781,-188.6501
3197,8.69253230099202,-764.8842
3198,8.69525211710622,-18.87168
3199,8.69797193322042,330.0248
3200,8.70069174933462,297.9472
3201,8.70341156544883,737.9863
3202,8.70613138156303,356.0165
3203,8.70885119767723,258.8622
3204,8.71157101379143,310.8075
3205,8.71429082990564,-798.2514
3206,8.71701064601984,61.59386
3207,8.71973046213404,-99.51546
3208,8.72245027824825,-390.8821
3209,8.72517009436245,-297.451
3210,8.72788991047665,448.8513
3211,8.73060972659085,-745.4777
3212,8.73332954270506,152.9087
3213,8.73604935881926,826.8274
3214,8.73876917493346,160.6735
3215,8.74148899104766,-287.4038
3216,8.74420880716187,448.8671
3217,8.74692862327607,501.5876
3218,8.74964843939027,657.1913
3219,8.75236825550448,206.4306
3220,8.75508807161868,-415.0193
3221,8.75780788773288,384.2225
3222,8.76052770384709,12.59657
3223,8.76324751996129,274.494
3224,8.76596733607549,109.8434
3225,8.76868715218969,201.7384
3226,8.7714069683039,-43.67394
3227,8.7741267844181,110.034
3228,8.7768466005323,-235.0865
3229,8.7795664166465,569.4147
3230,8.78228623276071,-547.401
3231,8.78500604887491,615.4802
3232,8.78772586498911,371.2824
3233,8.79044568110331,-182.4865
3234,8.79316549721752,-738.365
3235,8.79588531333172,163.6912
3236,8.79860512944592,-9.814294
3237,8.80132494556013,581.1765
3238,8.80404476167433,-144.4421
3239,8.80676457778853,-455.9524
3240,8.80948439390273,133.0189
3241,8.81220421001693,269.3746
3242,8.81492402613114,207.944
3243,8.81764384224534,-343.1714
3244,8.82036365835955,-57.58015
3245,8.82308347447375,38.40365
3246,8.82580329058795,-828.2264
3247,8.82852310670216,-101.4654
3248,8.83124292281636,-435.4527
3249,8.83396273893056,-388.4959
3250,8.83668255504476,411.3361
3251,8.83940237115896,-234.1797
3252,8.84212218727317,891.692
3253,8.84484200338737,790.1479
3254,8.84756181950157,-267.1009
3255,8.85028163561578,-38.70605
3256,8.85300145172998,-264.2608
3257,8.85572126784418,-326.3298
3258,8.85844108395838,-343.219
3259,8.86116090007259,-391.1906
3260,8.86388071618679,-72.19029
3261,8.86660053230099,47.03344
3262,8.8693203484152,185.06
3263,8.8720401645294,304.947
3264,8.8747599806436,432.5347
3265,8.8774797967578,-376.1163
3266,8.880199612872,-531.6306
3267,8.88291942898621,923.032
3268,8.88563924510041,58.45252
3269,8.88835906121462,-85.87768
3270,8.89107887732882,975.2666
3271,8.89379869344302,-290.778
3272,8.89651850955722,-57.7491
3273,8.89923832567143,-276.1392
3274,8.90195814178563,85.18734
3275,8.90467795789983,-205.1456
3276,8.90739777401403,-512.2265
3277,8.91011759012824,-120.8146
3278,8.91283740624244,448.8138
3279,8.91555722235664,405.0992
3280,8.91827703847085,83.96124
3281,8.92099685458505,114.3833
3282,8.92371667069925,214.2671
3283,8.92643648681346,112.9362
3284,8.92915630292766,411.9587
3285,8.93187611904186,-62.81448
3286,8.93459593515606,-805.9572
3287,8.93731575127026,-468.6803
3288,8.94003556738447,495.6593
3289,8.94275538349867,-676.962
3290,8.94547519961287,44.87422
3291,8.94819501572707,-23.16422
3292,8.95091483184128,-563.3423
3293,8.95363464795548,226.6432
3294,8.95635446406968,-113.7548
3295,8.95907428018389,100.6784
3296,8.96179409629809,-1160.493
3297,8.96451391241229,131.517
3298,8.96723372852649,350.8931
3299,8.9699535446407,-98.62931
3300,8.9726733607549,-152.0624
3301,8.9753931768691,-387.3558
3302,8.97811299298331,-516.6938
3303,8.98083280909751,426.2129
3304,8.98355262521171,-305.4863
3305,8.98627244132591,-131.1706
3306,8.98899225744012,424.8541
3307,8.99171207355432,-26.85689
3308,8.99443188966852,-714.1036
3309,8.99715170578273,50.0905
3310,8.99987152189693,857.0563
3311,9.00259133801113,658.5404
3312,9.00531115412533,-85.93593
3313,9.00803097023953,688.943
3314,9.01075078635374,29.10346
3315,9.01347060246794,-313.5802
3316,9.01619041858215,-38.86504
3317,9.01891023469635,661.7693
3318,9.02163005081055,601.6938
3319,9.02434986692475,160.9413
3320,9.02706968303895,-410.8808
3321,9.02978949915316,450.3239
3322,9.03250931526736,-123.8845
3323,9.03522913138156,207.5302
3324,9.03794894749577,-536.2155
3325,9.04066876360997,-651.0447
3326,9.04338857972417,65.94656
3327,9.04610839583837,487.6983
3328,9.04882821195257,70.35031
3329,9.05154802806678,755.515
3330,9.05426784418098,28.95603
3331,9.05698766029519,563.1479
3332,9.05970747640939,542.4743
3333,9.06242729252359,245.1312
3334,9.0651471086378,156.2008
3335,9.067866924752,-214.0077
3336,9.0705867408662,683.8317
3337,9.0733065569804,260.0405
3338,9.0760263730946,-63.55932
3339,9.07874618920881,119.6073
3340,9.08146600532301,208.9531
3341,9.08418582143721,1172.053
3342,9.08690563755142,59.27314
3343,9.08962545366562,276.0434
3344,9.09234526977982,-597.709
3345,9.09506508589402,-43.11026
3346,9.09778490200823,-256.5657
3347,9.10050471812243,-108.4414
3348,9.10322453423663,-664.0741
3349,9.10594435035084,780.4861
3350,9.10866416646504,296.4113
3351,9.11138398257924,-8.807812
3352,9.11410379869344,102.0018
3353,9.11682361480765,1083.233
3354,9.11954343092185,343.8615
3355,9.12226324703605,265.8251
3356,9.12498306315025,-274.4962
3357,9.12770287926446,100.4446
3358,9.13042269537866,-802.774
3359,9.13314251149286,594.2512
3360,9.13586232760707,-141.3038
3361,9.13858214372127,661.9927
3362,9.14130195983547,614.0884
3363,9.14402177594967,670.1483
3364,9.14674159206388,201.2109
3365,9.14946140817808,235.9198
3366,9.15218122429228,330.7104
3367,9.15490104040649,-8.98367
3368,9.15762085652069,126.2465
3369,9.16034067263489,-706.2991
3370,9.16306048874909,9.177356
3371,9.1657803048633,376.4009
3372,9.1685001209775,195.6822
3373,9.1712199370917,-132.9502
3374,9.17393975320591,-36.69746
3375,9.17665956932011,-1271.079
3376,9.17937938543431,575.1196
3377,9.18209920154851,331.0967
3378,9.18481901766271,204.2149
3379,9.18753883377692,1297.361
3380,9.19025864989112,698.4502
3381,9.19297846600532,-760.5443
3382,9.19569828211953,-107.6583
3383,9.19841809823373,168.5683
3384,9.20113791434793,-126.8431
3385,9.20385773046213,-152.0841
3386,9.20657754657634,166.393
3387,9.20929736269054,-462.118
3388,9.21201717880474,70.47062
3389,9.21473699491894,-23.32447
3390,9.21745681103315,554.7413
3391,9.22017662714735,420.0882
3392,9.22289644326155,-458.8983
3393,9.22561625937576,46.2192
3394,9.22833607548996,-276.2891
3395,9.23105589160416,867.4224
3396,9.23377570771837,-263.6503
3397,9.23649552383257,1071.183
3398,9.23921533994677,-730.7451
3399,9.24193515606097,456.4326
3400,9.24465497217517,-97.444
3401,9.24737478828938,-897.5943
3402,9.25009460440358,37.57957
3403,9.25281442051778,367.0114
3404,9.25553423663199,-71.34054
3405,9.25825405274619,552.5854
3406,9.26097386886039,-319.4306
3407,9.26369368497459,-794.7394
3408,9.2664135010888,613.1641
3409,9.269133317203,-37.55975
3410,9.2718531333172,869.9593
3411,9.27457294943141,253.7895
3412,9.27729276554561,-1015.108
3413,9.28001258165981,280.5213
3414,9.28273239777402,481.65
3415,9.28545221388822,-490.458
3416,9.28817203000242,608.6721
3417,9.29089184611662,-727.2722
3418,9.29361166223082,449.9646
3419,9.29633147834503,-27.20859
3420,9.29905129445923,109.7167
3421,9.30177111057344,418.0157
3422,9.30449092668764,431.908
3423,9.30721074280184,1033.633
3424,9.30993055891604,133.6627
3425,9.31265037503024,-42.99599
3426,9.31537019114445,-341.6043
3427,9.31809000725865,209.094
3428,9.32080982337285,347.8786
3429,9.32352963948706,334.1524
3430,9.32624945560126,-216.5226
3431,9.32896927171546,31.46856
3432,9.33168908782966,-480.4852
3433,9.33440890394387,324.1815
3434,9.33712872005807,-535.915
3435,9.33984853617227,-522.6714
3436,9.34256835228648,-221.2599
3437,9.34528816840068,881.2253
3438,9.34800798451488,23.50482
3439,9.35072780062908,220.3574
3440,9.35344761674329,-3.269355
3441,9.35616743285749,1468.54
3442,9.35888724897169,849.4257
3443,9.36160706508589,-92.94922
3444,9.3643268812001,382.2405
3445,9.3670466973143,-244.1044
3446,9.3697665134285,238.8816
3447,9.37248632954271,957.9105
3448,9.37520614565691,365.5971
3449,9.37792596177111,561.1755
3450,9.38064577788531,356.966
3451,9.38336559399952,-700.0382
3452,9.38608541011372,420.1927
3453,9.38880522622792,-697.8824
3454,9.39152504234212,766.3363
3455,9.39424485845633,-271.2657
3456,9.39696467457053,572.1611
3457,9.39968449068473,-884.0601
3458,9.40240430679894,694.0708
3459,9.40512412291314,-475.2569
3460,9.40784393902734,98.10623
3461,9.41056375514154,547.7982
3462,9.41328357125575,499.3875
3463,9.41600338736995,-301.7036
3464,9.41872320348415,391.6748
3465,9.42144301959835,-884.4028
3466,9.42416283571256,-551.3595
3467,9.42688265182676,442.1159
3468,9.42960246794096,-15.10836
3469,9.43232228405516,-222.6589
3470,9.43504210016937,100.5685
3471,9.43776191628357,-914.7141
3472,9.44048173239777,-92.46103
3473,9.44320154851198,1194.509
3474,9.44592136462618,173.4508
3475,9.44864118074038,270.393
3476,9.45136099685458,1045.312
3477,9.45408081296879,-908.8073
3478,9.45680062908299,343.308
3479,9.45952044519719,844.0001
3480,9.4622402613114,32.6144
3481,9.4649600774256,-485.7453
3482,9.4676798935398,-117.6253
3483,9.47039970965401,-271.5735
3484,9.47311952576821,405.8806
3485,9.47583934188241,473.0027
3486,9.47855915799661,920.9665
3487,9.48127897411081,-76.27637
3488,9.48399879022502,400.577
3489,9.48671860633922,-168.0582
3490,9.48943842245342,116.715
3491,9.49215823856763,438.9428
3492,9.49487805468183,198.3994
3493,9.49759787079603,-141.812
3494,9.50031768691023,-123.1334
3495,9.50303750302444,-143.9944
3496,9.50575731913864,-218.543
3497,9.50847713525284,-39.50895
3498,9.51119695136705,66.3583
3499,9.51391676748125,-588.1826
3500,9.51663658359545,-559.0488
3501,9.51935639970966,-506.3333
3502,9.52207621582386,-245.3837
3503,9.52479603193806,539.2127
3504,9.52751584805226,-242.4865
3505,9.53023566416646,-404.2692
3506,9.53295548028067,535.3966
3507,9.53567529639487,-244.0345
3508,9.53839511250908,-485.8405
3509,9.54111492862328,1030.037
3510,9.54383474473748,162.9127
3511,9.54655456085168,-8.920733
3512,9.54927437696588,201.4855
3513,9.55199419308009,474.0427
3514,9.55471400919429,-45.3383
3515,9.55743382530849,-280.5656
3516,9.5601536414227,-398.0139
3517,9.5628734575369,573.3526
3518,9.5655932736511,0.3725611
3519,9.5683130897653,12.32771
3520,9.57103290587951,43.4847
3521,9.57375272199371,357.6294
3522,9.57647253810791,-449.0112
3523,9.57919235422212,-221.1888
3524,9.58191217033632,246.5654
3525,9.58463198645052,24.14137
3526,9.58735180256472,-8.560079
3527,9.59007161867893,64.99704
3528,9.59279143479313,-452.4957
3529,9.59551125090733,-412.1093
3530,9.59823106702154,338.9336
3531,9.60095088313574,608.9794
3532,9.60367069924994,719.4539
3533,9.60639051536414,-150.1735
3534,9.60911033147835,545.3109
3535,9.61183014759255,826.8572
3536,9.61454996370675,108.8539
3537,9.61726977982095,-154.0662
3538,9.61998959593515,-881.5021
3539,9.62270941204936,481.0212
3540,9.62542922816356,-1028.983
3541,9.62814904427776,-70.02575
3542,9.63086886039197,366.779
3543,9.63358867650617,-395.187
3544,9.63630849262037,-444.414
3545,9.63902830873458,-927.356
3546,9.64174812484878,-565.5141
3547,9.64446794096298,162.6626
3548,9.64718775707719,-348.1475
3549,9.64990757319139,-533.4682
3550,9.65262738930559,1007.611
3551,9.65534720541979,135.0811
3552,9.658067021534,404.5441
3553,9.6607868376482,49.42707
3554,9.6635066537624,1040.312
3555,9.6662264698766,506.271
3556,9.6689462859908,201.7611
3557,9.67166610210501,547.8402
3558,9.67438591821921,-0.9542601
3559,9.67710573433341,4.840892
3560,9.67982555044762,556.3024
3561,9.68254536656182,-643.8803
3562,9.68526518267602,-201.4793
3563,9.68798499879022,-295.4527
3564,9.69070481490443,1464.849
3565,9.69342463101863,-824.3431
3566,9.69614444713283,-433.8909
3567,9.69886426324704,738.6962
3568,9.70158407936124,102.0144
3569,9.70430389547544,-313.5815
3570,9.70702371158965,153.1789
3571,9.70974352770385,21.12169
3572,9.71246334381805,256.28
3573,9.71518315993225,-812.9544
3574,9.71790297604646,-786.1027
3575,9.72062279216066,-416.7128
3576,9.72334260827486,239.5494
3577,9.72606242438907,584.0862
3578,9.72878224050327,619.0532
3579,9.73150205661747,-363.4093
3580,9.73422187273167,266.3101
3581,9.73694168884587,-168.5813
3582,9.73966150496008,-650.4387
3583,9.74238132107428,391.8962
3584,9.74510113718848,-276.2885
3585,9.74782095330269,44.47072
3586,9.75054076941689,-500.9745
3587,9.75326058553109,858.5986
3588,9.7559804016453,660.3964
3589,9.7587002177595,-251.5525
3590,9.7614200338737,-486.5338
3591,9.7641398499879,-468.8175
3592,9.7668596661021,739.8768
3593,9.76957948221631,915.1162
3594,9.77229929833051,400.5258
3595,9.77501911444472,387.1479
3596,9.77773893055892,-743.0177
3597,9.78045874667312,-463.173
3598,9.78317856278732,76.16029
3599,9.78589837890152,-181.427
3600,9.78861819501573,493.7302
3601,9.79133801112993,-302.7099
3602,9.79405782724413,903.2403
3603,9.79677764335833,47.32949
3604,9.79949745947254,855.4744
3605,9.80221727558674,-9.888645
3606,9.80493709170094,533.7336
3607,9.80765690781515,-354.8979
3608,9.81037672392935,178.5528
3609,9.81309654004355,-186.9319
3610,9.81581635615776,70.40232
3611,9.81853617227196,1327.61
3612,9.82125598838616,-264.5569
3613,9.82397580450036,-324.9481
3614,9.82669562061457,730.9841
3615,9.82941543672877,265.8511
3616,9.83213525284297,361.4484
3617,9.83485506895717,-413.403
3618,9.83757488507138,239.3558
3619,9.84029470118558,-287.2895
3620,9.84301451729978,1542.831
3621,9.84573433341399,123.1026
3622,9.84845414952819,182.3457
3623,9.85117396564239,-510.9471
3624,9.85389378175659,209.1957
3625,9.85661359787079,547.7335
3626,9.859333413985,229.0143
3627,9.8620532300992,-310.358
3628,9.8647730462134,534.2443
3629,9.86749286232761,-555.7349
3630,9.87021267844181,-684.09
3631,9.87293249455601,514.1594
3632,9.87565231067022,-57.06441
3633,9.87837212678442,354.304
3634,9.88109194289862,-161.6054
3635,9.88381175901282,-555.8536
3636,9.88653157512703,-122.6578
3637,9.88925139124123,-497.9758
3638,9.89197120735543,559.5522
3639,9.89469102346964,1119.649
3640,9.89741083958384,-261.1906
3641,9.90013065569804,-89.53521
3642,9.90285047181224,212.1839
3643,9.90557028792645,310.4592
3644,9.90829010404065,-100.3884
3645,9.91100992015485,209.3456
3646,9.91372973626905,824.2782
3647,9.91644955238326,601.7557
3648,9.91916936849746,102.3817
3649,9.92188918461166,175.6797
3650,9.92460900072586,-354.8382
3651,9.92732881684007,-115.6742
3652,9.93004863295427,-50.61077
3653,9.93276844906847,-599.626
3654,9.93548826518268,718.1773
3655,9.93820808129688,228.846
3656,9.94092789741108,70.80092
3657,9.94364771352529,-684.7037
3658,9.94636752963949,444.1951
3659,9.94908734575369,241.0888
3660,9.95180716186789,-86.58527
3661,9.9545269779821,430.7222
3662,9.9572467940963,-419.8994
3663,9.9599666102105,-361.0141
3664,9.9626864263247,265.7222
3665,9.96540624243891,-305.6374
3666,9.96812605855311,362.686
3667,9.97084587466731,-246.9488
3668,9.97356569078151,-283.2972
3669,9.97628550689572,300.3387
3670,9.97900532300992,-178.0472
3671,9.98172513912412,-269.6395
3672,9.98444495523833,-584.2955
3673,9.98716477135253,-16.79219
3674,9.98988458746673,2.772838
3675,9.99260440358093,20.33112
3676,9.99532421969514,207.0003
3677,9.99804403580934,-80.70049
3678,10.0007638519235,-1294.317
3679,10.0034836680377,-976.2343
3680,10.006203484152,-506.8551
3681,10.0089233002662,-444.6819
3682,10.0116431163804,-807.146
3683,10.0143629324946,-966.4125
3684,10.0170827486088,-679.0515
3685,10.019802564723,-6.158218
3686,10.0225223808372,-10.08538
3687,10.0252421969514,306.325
3688,10.0279620130656,-307.5653
3689,10.0306818291798,274.0024
3690,10.033401645294,55.59821
3691,10.0361214614082,150.8611
3692,10.0388412775224,134.7618
3693,10.0415610936366,-242.555
3694,10.0442809097508,-10.98719
3695,10.047000725865,-191.6172
3696,10.0497205419792,-319.471
3697,10.0524403580934,169.0884
3698,10.0551601742076,348.6075
3699,10.0578799903218,190.0307
3700,10.060599806436,226.4937
3701,10.0633196225502,328.5797
3702,10.0660394386644,604.8785
3703,10.0687592547786,45.15597
3704,10.0714790708928,861.5018
3705,10.074198887007,-364.2375
3706,10.0769187031212,-225.5378
3707,10.0796385192354,415.4135
3708,10.0823583353496,-645.0155
3709,10.0850781514638,-68.7239
3710,10.087797967578,-174.4541
3711,10.0905177836922,-503.6552
3712,10.0932375998064,-934.4951
3713,10.0959574159206,402.8688
3714,10.0986772320348,-151.4655
3715,10.101397048149,-978.3006
3716,10.1041168642632,19.82797
3717,10.1068366803775,234.7849
3718,10.1095564964917,412.4382
3719,10.1122763126059,-156.3222
3720,10.1149961287201,-144.6984
3721,10.1177159448343,-426.3949
3722,10.1204357609485,-543.8029
3723,10.1231555770627,-570.556
3724,10.1258753931769,109.8732
3725,10.1285952092911,72.866
3726,10.1313150254053,827.3703
3727,10.1340348415195,-845.148
3728,10.1367546576337,437.2809
3729,10.1394744737479,-160.365
3730,10.1421942898621,845.8739
3731,10.1449141059763,154.7803
3732,10.1476339220905,106.4108
3733,10.1503537382047,365.7806
3734,10.1530735543189,-1.382099
3735,10.1557933704331,136.0043
3736,10.1585131865473,100.4818
3737,10.1612330026615,471.3625
3738,10.1639528187757,254.2784
3739,10.1666726348899,-58.19062
3740,10.1693924510041,364.071
3741,10.1721122671183,563.4747
3742,10.1748320832325,-263.3123
3743,10.1775518993467,37.14373
3744,10.1802717154609,-413.0524
3745,10.1829915315751,-35.029
3746,10.1857113476893,178.9037
3747,10.1884311638035,64.20336
3748,10.1911509799177,18.69069
3749,10.1938707960319,208.6302
3750,10.1965906121461,-60.31621
3751,10.1993104282603,101.0115
3752,10.2020302443745,1108.371
3753,10.2047500604887,778.5943
3754,10.207469876603,483.3892
3755,10.2101896927172,57.89037
3756,10.2129095088314,305.1953
3757,10.2156293249456,554.9867
3758,10.2183491410598,1141.504
3759,10.221068957174,147.285
3760,10.2237887732882,-285.1405
3761,10.2265085894024,-20.72187
3762,10.2292284055166,-252.1079
3763,10.2319482216308,-533.8426
3764,10.234668037745,427.519
3765,10.2373878538592,-344.5949
3766,10.2401076699734,-251.1157
3767,10.2428274860876,-1112.29
3768,10.2455473022018,-459.3931
3769,10.248267118316,413.1761
3770,10.2509869344302,763.5835
3771,10.2537067505444,704.8395
3772,10.2564265666586,-368.0977
3773,10.2591463827728,1223.839
3774,10.261866198887,-614.8655
3775,10.2645860150012,247.7173
3776,10.2673058311154,-883.2679
3777,10.2700256472296,139.6907
3778,10.2727454633438,82.10966
3779,10.275465279458,36.84527
3780,10.2781850955722,-1651.558
3781,10.2809049116864,485.8925
3782,10.2836247278006,380.366
3783,10.2863445439148,-1275.223
3784,10.289064360029,1154.56
3785,10.2917841761432,217.2307
3786,10.2945039922574,951.7559
3787,10.2972238083716,-225.1125
3788,10.2999436244858,-184.9682
3789,10.3026634406001,293.5608
3790,10.3053832567143,236.4226
3791,10.3081030728285,-169.3227
3792,10.3108228889427,883.6954
3793,10.3135427050569,128.9419
3794,10.3162625211711,67.4192
3795,10.3189823372853,13.62766
3796,10.3217021533995,235.8773
3797,10.3244219695137,-262.0756
3798,10.3271417856279,1141.305
3799,10.3298616017421,-372.1538
3800,10.3325814178563,280.5507
3801,10.3353012339705,1539.005
3802,10.3380210500847,-117.2944
3803,10.3407408661989,179.608
3804,10.3434606823131,1063.085
3805,10.3461804984273,-275.8607
3806,10.3489003145415,-582.476
3807,10.3516201306557,-1005.06
3808,10.3543399467699,-11.34717
3809,10.3570597628841,123.457
3810,10.3597795789983,-138.887
3811,10.3624993951125,-77.16381
3812,10.3652192112267,-664.8621
3813,10.3679390273409,-333.0953
3814,10.3706588434551,-379.607
3815,10.3733786595693,803.0959
3816,10.3760984756835,4.191083
3817,10.3788182917977,-374.148
3818,10.3815381079119,-691.1006
3819,10.3842579240261,-882.6532
3820,10.3869777401403,-464.2931
3821,10.3896975562545,798.0082
3822,10.3924173723687,189.7875
3823,10.3951371884829,-23.18444
3824,10.3978570045971,-170.3479
3825,10.4005768207113,-613.3292
3826,10.4032966368256,60.01114
3827,10.4060164529398,834.5671
3828,10.408736269054,-1552.052
3829,10.4114560851682,-76.42062
3830,10.4141759012824,-521.832
3831,10.4168957173966,-137.4016
3832,10.4196155335108,-210.0636
3833,10.422335349625,-412.929
3834,10.4250551657392,-465.8057
3835,10.4277749818534,564.2656
3836,10.4304947979676,-303.6943
3837,10.4332146140818,145.3324
3838,10.435934430196,-887.0606
3839,10.4386542463102,560.5215
3840,10.4413740624244,-528.1309
3841,10.4440938785386,-96.70863
3842,10.4468136946528,525.6821
3843,10.449533510767,502.3099
3844,10.4522533268812,-100.5548
3845,10.4549731429954,107.1438
3846,10.4576929591096,826.8235
3847,10.4604127752238,-829.0788
3848,10.463132591338,540.0328
3849,10.4658524074522,120.4898
3850,10.4685722235664,-865.4487
3851,10.4712920396806,-218.1707
3852,10.4740118557948,155.2442
3853,10.476731671909,916.0648
3854,10.4794514880232,-116.6709
3855,10.4821713041374,1342.724
3856,10.4848911202516,-1050.259
3857,10.4876109363658,775.6356
3858,10.49033075248,-1562.145
3859,10.4930505685942,-369.0222
3860,10.4957703847084,-78.88119
3861,10.4984902008226,506.6792
3862,10.5012100169368,276.9785
3863,10.5039298330511,-130.7706
3864,10.5066496491653,-206.0644
3865,10.5093694652795,76.13407
3866,10.5120892813937,56.36023
3867,10.5148090975079,-5.675567
3868,10.5175289136221,543.8853
3869,10.5202487297363,-111.2122
3870,10.5229685458505,-38.79665
3871,10.5256883619647,878.7639
3872,10.5284081780789,-127.1968
3873,10.5311279941931,-579.0477
3874,10.5338478103073,793.866
3875,10.5365676264215,-402.5714
3876,10.5392874425357,239.6891
3877,10.5420072586499,282.7111
3878,10.5447270747641,278.5516
3879,10.5474468908783,300.1114
3880,10.5501667069925,-433.3549
3881,10.5528865231067,-196.5271
3882,10.5556063392209,-581.8969
3883,10.5583261553351,-146.3565
3884,10.5610459714493,-426.7443
3885,10.5637657875635,-353.9148
3886,10.5664856036777,541.9437
3887,10.5692054197919,146.5974
3888,10.5719252359061,-552.9844
3889,10.5746450520203,-419.2878
3890,10.5773648681345,-89.30809
3891,10.5800846842487,-160.4122
3892,10.5828045003629,-410.8234
3893,10.5855243164771,-1067.778
3894,10.5882441325913,1052.669
3895,10.5909639487055,-993.5773
3896,10.5936837648197,169.1979
3897,10.5964035809339,-350.798
3898,10.5991233970482,-160.6055
3899,10.6018432131624,-7.969648
3900,10.6045630292766,196.5937
3901,10.6072828453908,59.02142
3902,10.610002661505,12.07847
3903,10.6127224776192,496.2548
3904,10.6154422937334,-201.7221
3905,10.6181621098476,-118.8493
3906,10.6208819259618,795.9554
3907,10.623601742076,122.0181
3908,10.6263215581902,228.3522
3909,10.6290413743044,-232.4186
3910,10.6317611904186,-302.5194
3911,10.6344810065328,-74.99535
3912,10.637200822647,435.8941
3913,10.6399206387612,369.3808
3914,10.6426404548754,-145.7638
3915,10.6453602709896,-502.1086
3916,10.6480800871038,575.9138
3917,10.650799903218,8.423934
3918,10.6535197193322,-110.0539
3919,10.6562395354464,68.79672
3920,10.6589593515606,-86.15288
3921,10.6616791676748,230.8642
3922,10.664398983789,12.92166
3923,10.6671187999032,-723.0663
3924,10.6698386160174,793.7531
3925,10.6725584321316,135.9147
3926,10.6752782482458,243.9891
3927,10.67799806436,-739.924
3928,10.6807178804742,-142.4261
3929,10.6834376965884,58.35006
3930,10.6861575127026,427.2682
3931,10.6888773288168,505.2577
3932,10.691597144931,245.8381
3933,10.6943169610452,8.850856
3934,10.6970367771594,14.59917
3935,10.6997565932737,-410.654
3936,10.7024764093879,563.2744
3937,10.7051962255021,-303.6934
3938,10.7079160416163,910.24
3939,10.7106358577305,-114.7254
3940,10.7133556738447,38.5111
3941,10.7160754899589,91.8355
3942,10.7187953060731,87.0349
3943,10.7215151221873,-155.4747
3944,10.7242349383015,477.6245
3945,10.7269547544157,381.8833
3946,10.7296745705299,308.0156
3947,10.7323943866441,385.0525
3948,10.7351142027583,657.5746
3949,10.7378340188725,-355.6792
3950,10.7405538349867,850.3096
3951,10.7432736511009,-377.6737
3952,10.7459934672151,250.218
3953,10.7487132833293,20.07984
3954,10.7514330994435,305.5308
3955,10.7541529155577,638.2146
3956,10.7568727316719,289.9152
3957,10.7595925477861,-321.0471
3958,10.7623123639003,-1005.454
3959,10.7650321800145,-231.5474
3960,10.7677519961287,-104.181
3961,10.7704718122429,678.6071
3962,10.7731916283571,-270.7553
3963,10.7759114444713,-10.60239
3964,10.7786312605855,115.5713
3965,10.7813510766997,462.4288
3966,10.7840708928139,90.06239
3967,10.7867907089281,171.4599
3968,10.7895105250423,422.4413
3969,10.7922303411565,-269.2067
3970,10.7949501572707,-47.73824
3971,10.797669973385,-378.8196
3972,10.8003897894992,-460.2402
3973,10.8031096056134,778.0485
3974,10.8058294217276,-740.4603
3975,10.8085492378418,-362.9725
3976,10.811269053956,545.0237
3977,10.8139888700702,-41.42039
3978,10.8167086861844,381.5259
3979,10.8194285022986,-59.04598
3980,10.8221483184128,374.5641
3981,10.824868134527,-459.9342
3982,10.8275879506412,321.5139
3983,10.8303077667554,-34.50956
3984,10.8330275828696,304.3853
3985,10.8357473989838,417.868
3986,10.838467215098,607.6409
3987,10.8411870312122,82.44051
3988,10.8439068473264,613.239
3989,10.8466266634406,-853.874
3990,10.8493464795548,327.1155
3991,10.852066295669,-14.6082
3992,10.8547861117832,627.8863
3993,10.8575059278974,304.8775
3994,10.8602257440116,392.0246
3995,10.8629455601258,-227.0381
3996,10.86566537624,1032.393
3997,10.8683851923542,-31.59886
3998,10.8711050084684,-11.04327
3999,10.8738248245826,355.5736
4000,10.8765446406968,260.364
4001,10.879264456811,-260.6992
4002,10.8819842729252,59.75878
4003,10.8847040890394,1005.46
4004,10.8874239051536,-519.2512
4005,10.8901437212678,-580.9341
4006,10.892863537382,-340.9542
4007,10.8955833534963,617.6988
4008,10.8983031696105,580.8223
4009,10.9010229857247,525.9266
4010,10.9037428018389,78.33351
4011,10.9064626179531,-558.4449
4012,10.9091824340673,861.9437
4013,10.9119022501815,479.5636
4014,10.9146220662957,-241.872
4015,10.9173418824099,-1384.746
4016,10.9200616985241,-342.4737
4017,10.9227815146383,314.6068
4018,10.9255013307525,346.5612
4019,10.9282211468667,465.8905
4020,10.9309409629809,487.5472
4021,10.9336607790951,293.0608
4022,10.9363805952093,1.124143
4023,10.9391004113235,1088.915
4024,10.9418202274377,-771.98
4025,10.9445400435519,402.8893
4026,10.9472598596661,639.3585
4027,10.9499796757803,571.4418
4028,10.9526994918945,-108.6879
4029,10.9554193080087,207.5197
4030,10.9581391241229,-4.852853
4031,10.9608589402371,-619.0311
4032,10.9635787563513,-316.176
4033,10.9662985724655,152.9568
4034,10.9690183885797,-107.3342
4035,10.9717382046939,-313.0272
4036,10.9744580208081,-557.3179
4037,10.9771778369223,488.5385
4038,10.9798976530365,-239.906
4039,10.9826174691507,-1093.463
4040,10.9853372852649,-534.5505
4041,10.9880571013791,68.93382
4042,10.9907769174933,-127.3863
4043,10.9934967336075,-183.0359
4044,10.9962165497218,497.6019
4045,10.998936365836,661.9937
4046,11.0016561819502,-816.938
4047,11.0043759980644,-149.4423
4048,11.0070958141786,-8.481001
4049,11.0098156302928,-33.76966
4050,11.012535446407,148.1667
4051,11.0152552625212,-26.87965
4052,11.0179750786354,618.8027
4053,11.0206948947496,-868.1151
4054,11.0234147108638,559.2878
4055,11.026134526978,1039.186
4056,11.0288543430922,276.6005
4057,11.0315741592064,323.2422
4058,11.0342939753206,325.7739
4059,11.0370137914348,596.416
4060,11.039733607549,301.6082
4061,11.0424534236632,171.1076
4062,11.0451732397774,501.7406
4063,11.0478930558916,-1396.377
4064,11.0506128720058,-347.0887
4065,11.05333268812,655.7476
4066,11.0560525042342,511.1965
4067,11.0587723203484,663.3171
4068,11.0614921364626,1026.491
4069,11.0642119525768,180.3689
4070,11.066931768691,-35.36792
4071,11.0696515848052,1141.793
4072,11.0723714009194,242.7191
4073,11.0750912170336,709.4464
4074,11.0778110331478,-729.4442
4075,11.080530849262,-215.155
4076,11.0832506653762,976.998
4077,11.0859704814904,1069.506
4078,11.0886902976046,510.7627
4079,11.0914101137188,-25.13351
4080,11.0941299298331,288.5244
4081,11.0968497459473,190.1904
4082,11.0995695620615,-78.90051
4083,11.1022893781757,149.7155
4084,11.1050091942899,401.6159
4085,11.1077290104041,-427.1371
4086,11.1104488265183,583.6524
4087,11.1131686426325,-535.7853
4088,11.1158884587467,-20.17648
4089,11.1186082748609,486.6395
4090,11.1213280909751,364.3063
4091,11.1240479070893,-846.7224
4092,11.1267677232035,723.1228
4093,11.1294875393177,-330.9042
4094,11.1322073554319,259.4614
4095,11.1349271715461,484.9402
4096,11.1376469876603,456.0204
4097,11.1403668037745,137.6108
4098,11.1430866198887,568.1425
4099,11.1458064360029,-130.5548
4100,11.1485262521171,-80.43829
4101,11.1512460682313,-85.8335
4102,11.1539658843455,-413.2006
4103,11.1566857004597,-159.0317
4104,11.1594055165739,-344.6686
4105,11.1621253326881,-534.0691
4106,11.1648451488023,-439.3308
4107,11.1675649649165,226.6084
4108,11.1702847810307,-936.7737
4109,11.1730045971449,746.2656
4110,11.1757244132591,386.4275
4111,11.1784442293733,163.621
4112,11.1811640454875,-129.035
4113,11.1838838616017,959.1923
4114,11.1866036777159,362.754
4115,11.1893234938302,-267.4985
4116,11.1920433099444,457.2584
4117,11.1947631260586,8.213799
4118,11.1974829421728,846.3317
4119,11.200202758287,-293.5996
4120,11.2029225744012,-101.8095
4121,11.2056423905154,228.8026
4122,11.2083622066296,-231.4945
4123,11.2110820227438,138.1519
4124,11.213801838858,113.3633
4125,11.2165216549722,645.9337
4126,11.2192414710864,290.6111
4127,11.2219612872006,-88.89713
4128,11.2246811033148,187.0214
4129,11.227400919429,-572.1889
4130,11.2301207355432,-515.246
4131,11.2328405516574,429.9427
4132,11.2355603677716,448.5711
4133,11.2382801838858,368.1906
4134,11.241,387.9598
