Point,Distance (µm),Br L series
1,0,24442.91
2,0.00272018460043722,26633.08
3,0.00544036920087443,26688.93
4,0.00816055380131165,26427.76
5,0.0108807384017489,30962.88
6,0.0136009230021861,26169.48
7,0.0163211076026233,28074.23
8,0.0190412922030605,29696.87
9,0.0217614768034977,27403.08
10,0.0244816614039349,28866.46
11,0.0272018460043721,30673.92
12,0.0299220306048093,27136.57
13,0.0326422152052465,24553.78
14,0.0353623998056838,25208.23
15,0.038082584406121,27999.32
16,0.0408027690065582,26345.93
17,0.0435229536069954,29173.46
18,0.0462431382074326,30074.99
19,0.0489633228078698,27726.68
20,0.051683507408307,25588.92
21,0.0544036920087442,30543.72
22,0.0571238766091814,25402.56
23,0.0598440612096186,30308.62
24,0.0625642458100559,27405.28
25,0.0652844304104931,30389.38
26,0.0680046150109303,26794.42
27,0.0707247996113675,25999.85
28,0.0734449842118047,26351.25
29,0.0761651688122419,25976.25
30,0.0788853534126792,26616.8
31,0.0816055380131164,26438.58
32,0.0843257226135535,25993.17
33,0.0870459072139907,25125.92
34,0.0897660918144279,25309.9
35,0.0924862764148652,27969.57
36,0.0952064610153024,26998.54
37,0.0979266456157396,30858.65
38,0.100646830216177,27107.06
39,0.103367014816614,28853.93
40,0.106087199417051,28806.62
41,0.108807384017488,27421.48
42,0.111527568617926,25347.55
43,0.114247753218363,28145.43
44,0.1169679378188,25638.3
45,0.119688122419237,27283.03
46,0.122408307019674,27570.6
47,0.125128491620112,28936.22
48,0.127848676220549,26601.07
49,0.130568860820986,25133.42
50,0.133289045421423,27560.33
51,0.136009230021861,25933.02
52,0.138729414622298,26814.88
53,0.141449599222735,27345.06
54,0.144169783823172,27723.37
55,0.146889968423609,27860.53
56,0.149610153024047,27295.67
57,0.152330337624484,27717.59
58,0.155050522224921,25932.29
59,0.157770706825358,25349.99
60,0.160490891425795,28498.79
61,0.163211076026233,23999.43
62,0.16593126062667,26532.57
63,0.168651445227107,28636.54
64,0.171371629827544,26179.41
65,0.174091814427981,24672.09
66,0.176811999028419,29162.65
67,0.179532183628856,26734.42
68,0.182252368229293,27739.7
69,0.18497255282973,22991.71
70,0.187692737430168,27906.89
71,0.190412922030605,28809.11
72,0.193133106631042,25038.67
73,0.195853291231479,24932.65
74,0.198573475831916,23009.83
75,0.201293660432354,25191.04
76,0.204013845032791,26420.46
77,0.206734029633228,26086.42
78,0.209454214233665,25627.42
79,0.212174398834102,26584.02
80,0.21489458343454,26200.26
81,0.217614768034977,25561.69
82,0.220334952635414,26077.87
83,0.223055137235851,24721.63
84,0.225775321836288,28811.97
85,0.228495506436726,25127.42
86,0.231215691037163,26314.06
87,0.2339358756376,25677.22
88,0.236656060238037,23425.21
89,0.239376244838475,23455.93
90,0.242096429438912,28873.69
91,0.244816614039349,23414.88
92,0.247536798639786,25459.08
93,0.250256983240223,27559.41
94,0.252977167840661,22611.76
95,0.255697352441098,26510.02
96,0.258417537041535,23065.29
97,0.261137721641972,29150.75
98,0.26385790624241,29289.15
99,0.266578090842847,25687.34
100,0.269298275443284,27581.95
101,0.272018460043721,32012.74
102,0.274738644644158,27946.59
103,0.277458829244596,29973.65
104,0.280179013845033,23744.39
105,0.28289919844547,24898.83
106,0.285619383045907,28559.25
107,0.288339567646344,27404.98
108,0.291059752246782,29845.5
109,0.293779936847219,28277.84
110,0.296500121447656,26580.53
111,0.299220306048093,28176.76
112,0.301940490648531,28393.72
113,0.304660675248968,26157.89
114,0.307380859849405,26063.3
115,0.310101044449842,26907.25
116,0.312821229050279,25046.49
117,0.315541413650717,25159.42
118,0.318261598251154,25344.53
119,0.320981782851591,25726.63
120,0.323701967452028,27885.89
121,0.326422152052465,27856.36
122,0.329142336652903,27856.55
123,0.33186252125334,26477.86
124,0.334582705853777,26691.53
125,0.337302890454214,25857.74
126,0.340023075054651,27620.41
127,0.342743259655089,28302.61
128,0.345463444255526,29503.05
129,0.348183628855963,24006.72
130,0.3509038134564,22105.51
131,0.353623998056837,27099.31
132,0.356344182657275,24720.22
133,0.359064367257712,25184.73
134,0.361784551858149,27886.25
135,0.364504736458586,27067.21
136,0.367224921059023,28453.61
137,0.369945105659461,29446.34
138,0.372665290259898,26695.46
139,0.375385474860335,27614.14
140,0.378105659460772,26077.58
141,0.38082584406121,22525.95
142,0.383546028661647,25089.61
143,0.386266213262084,23715.39
144,0.388986397862521,28384.69
145,0.391706582462958,25542.24
146,0.394426767063396,23756.73
147,0.397146951663833,27029.46
148,0.39986713626427,28854.6
149,0.402587320864707,25468.66
150,0.405307505465144,27535.88
151,0.408027690065582,26325.16
152,0.410747874666019,27921.63
153,0.413468059266456,29931.45
154,0.416188243866893,29613.45
155,0.418908428467331,26841.47
156,0.421628613067768,24507.7
157,0.424348797668205,27815
158,0.427068982268642,26922.2
159,0.429789166869079,22896.8
160,0.432509351469517,26467.44
161,0.435229536069954,27509.86
162,0.437949720670391,23681.46
163,0.440669905270828,27429.32
164,0.443390089871265,26346.96
165,0.446110274471703,29920.78
166,0.44883045907214,28382.28
167,0.451550643672577,25772.83
168,0.454270828273014,28467.35
169,0.456991012873452,27880.15
170,0.459711197473889,23819.36
171,0.462431382074326,27667.21
172,0.465151566674763,29800.91
173,0.4678717512752,28351.17
174,0.470591935875637,26629.85
175,0.473312120476075,27214.48
176,0.476032305076512,28200.78
177,0.478752489676949,27394.38
178,0.481472674277386,23604.18
179,0.484192858877824,26856.53
180,0.486913043478261,23780.23
181,0.489633228078698,28295
182,0.492353412679135,31066.97
183,0.495073597279572,29588.05
184,0.49779378188001,27378.77
185,0.500513966480447,26121.54
186,0.503234151080884,25249.09
187,0.505954335681321,27586.27
188,0.508674520281759,27312.73
189,0.511394704882196,26781.36
190,0.514114889482633,23098.59
191,0.51683507408307,28392.17
192,0.519555258683507,25747.34
193,0.522275443283945,26278.4
194,0.524995627884382,21302.33
195,0.527715812484819,28079.66
196,0.530435997085256,27869.53
197,0.533156181685693,28957.96
198,0.53587636628613,23376.85
199,0.538596550886568,22932.86
200,0.541316735487005,26405.33
201,0.544036920087442,26577.28
202,0.546757104687879,26073.29
203,0.549477289288317,27734.9
204,0.552197473888754,26937.48
205,0.554917658489191,26412.73
206,0.557637843089628,27511.35
207,0.560358027690065,23605.57
208,0.563078212290503,24219.93
209,0.56579839689094,23562.98
210,0.568518581491377,24352.53
211,0.571238766091814,23400.63
212,0.573958950692252,27658.4
213,0.576679135292689,30385.97
214,0.579399319893126,24774.29
215,0.582119504493563,28645.55
216,0.584839689094001,25649.22
217,0.587559873694438,28066.45
218,0.590280058294875,25378.32
219,0.593000242895312,26927.2
220,0.595720427495749,26407.31
221,0.598440612096186,26429.16
222,0.601160796696624,24361.66
223,0.603880981297061,27853.59
224,0.606601165897498,25676.49
225,0.609321350497935,26362.19
226,0.612041535098373,23880.01
227,0.61476171969881,25839.82
228,0.617481904299247,26156.81
229,0.620202088899684,24390.97
230,0.622922273500121,25384.49
231,0.625642458100559,23984.46
232,0.628362642700996,25588.51
233,0.631082827301433,28716.66
234,0.63380301190187,28210.9
235,0.636523196502307,26838.74
236,0.639243381102745,25117.55
237,0.641963565703182,25656.82
238,0.644683750303619,24052.16
239,0.647403934904056,24463.5
240,0.650124119504494,26814.47
241,0.652844304104931,27593.08
242,0.655564488705368,25968.46
243,0.658284673305805,26362.47
244,0.661004857906242,25574.77
245,0.663725042506679,26168.18
246,0.666445227107117,24077.73
247,0.669165411707554,23203.34
248,0.671885596307991,24420.86
249,0.674605780908428,26711.16
250,0.677325965508866,27055.14
251,0.680046150109303,26373.8
252,0.68276633470974,26749.65
253,0.685486519310177,26865.85
254,0.688206703910614,26853.93
255,0.690926888511052,25786.19
256,0.693647073111489,25999.85
257,0.696367257711926,24818.32
258,0.699087442312363,26343.62
259,0.7018076269128,28177.95
260,0.704527811513238,24005.25
261,0.707247996113675,22250.01
262,0.709968180714112,26933.46
263,0.712688365314549,31278.18
264,0.715408549914986,28007.14
265,0.718128734515424,30098.7
266,0.720848919115861,25577.1
267,0.723569103716298,25129.34
268,0.726289288316735,25286.05
269,0.729009472917173,26389.53
270,0.73172965751761,26426.64
271,0.734449842118047,28749.85
272,0.737170026718484,23509.32
273,0.739890211318921,24948.27
274,0.742610395919359,23835.69
275,0.745330580519796,27433.52
276,0.748050765120233,22094.67
277,0.75077094972067,27030.24
278,0.753491134321107,28194.76
279,0.756211318921545,26298.09
280,0.758931503521982,24521.96
281,0.761651688122419,24752.82
282,0.764371872722856,25204.51
283,0.767092057323294,27207.33
284,0.769812241923731,27776.13
285,0.772532426524168,29174.33
286,0.775252611124605,28924.49
287,0.777972795725042,23815.47
288,0.78069298032548,27848.18
289,0.783413164925917,25468.9
290,0.786133349526354,28203.61
291,0.788853534126791,25626.41
292,0.791573718727228,22640.09
293,0.794293903327666,28005.49
294,0.797014087928103,26436.77
295,0.79973427252854,27342.74
296,0.802454457128977,27086.55
297,0.805174641729415,28175.48
298,0.807894826329852,24314.27
299,0.810615010930289,28048.67
300,0.813335195530726,28846.38
301,0.816055380131164,26718.43
302,0.8187755647316,28523.98
303,0.821495749332038,25486.9
304,0.824215933932475,28768.7
305,0.826936118532912,31191.01
306,0.829656303133349,26475.21
307,0.832376487733787,26830.91
308,0.835096672334224,29229.46
309,0.837816856934661,25486.41
310,0.840537041535098,26901.43
311,0.843257226135535,29142.51
312,0.845977410735973,27623.75
313,0.84869759533641,27838.94
314,0.851417779936847,24279.08
315,0.854137964537284,24972.98
316,0.856858149137721,28886.13
317,0.859578333738159,23788.89
318,0.862298518338596,28692.17
319,0.865018702939033,29813.93
320,0.86773888753947,27185.41
321,0.870459072139907,28797.94
322,0.873179256740345,27951.6
323,0.875899441340782,26196.54
324,0.878619625941219,26209.54
325,0.881339810541656,25112.36
326,0.884059995142094,28066.85
327,0.886780179742531,28355.6
328,0.889500364342968,25139.37
329,0.892220548943405,29964.16
330,0.894940733543843,26830.93
331,0.89766091814428,25337.63
332,0.900381102744717,26609.66
333,0.903101287345154,26068.57
334,0.905821471945591,26734.66
335,0.908541656546028,24350.29
336,0.911261841146466,23804.7
337,0.913982025746903,25989.14
338,0.91670221034734,26157.01
339,0.919422394947777,25530.9
340,0.922142579548215,26004.59
341,0.924862764148652,27489.96
342,0.927582948749089,26984.6
343,0.930303133349526,27701.76
344,0.933023317949963,24755.98
345,0.9357435025504,25993.53
346,0.938463687150838,25961.44
347,0.941183871751275,27083.82
348,0.943904056351712,26532.21
349,0.94662424095215,27861.72
350,0.949344425552587,27423.85
351,0.952064610153024,29930.27
352,0.954784794753461,24304.63
353,0.957504979353898,26815.18
354,0.960225163954336,24517.2
355,0.962945348554773,26599.96
356,0.96566553315521,25227.84
357,0.968385717755647,27160.01
358,0.971105902356084,25396.78
359,0.973826086956522,26553.88
360,0.976546271556959,23837.44
361,0.979266456157396,26970.92
362,0.981986640757833,27605.11
363,0.98470682535827,22598.01
364,0.987427009958708,28871.45
365,0.990147194559145,27279.07
366,0.992867379159582,29656.29
367,0.995587563760019,27332.53
368,0.998307748360456,26442.4
369,1.00102793296089,24427.97
370,1.00374811756133,23789.72
371,1.00646830216177,24791.53
372,1.00918848676221,27363.52
373,1.01190867136264,25778.49
374,1.01462885596308,27160.1
375,1.01734904056352,26079.22
376,1.02006922516395,24878.63
377,1.02278940976439,26578.86
378,1.02550959436483,25265.37
379,1.02822977896527,29218.85
380,1.0309499635657,25580.09
381,1.03367014816614,23059.34
382,1.03639033276658,25362.25
383,1.03911051736701,24852.86
384,1.04183070196745,24081.03
385,1.04455088656789,26808.76
386,1.04727107116833,27990.9
387,1.04999125576876,23939.39
388,1.0527114403692,28901.73
389,1.05543162496964,27548.69
390,1.05815180957008,26349.72
391,1.06087199417051,26060.72
392,1.06359217877095,25549.02
393,1.06631236337139,24414.34
394,1.06903254797182,28760.84
395,1.07175273257226,27630.88
396,1.0744729171727,25854.34
397,1.07719310177314,24745.96
398,1.07991328637357,27090.51
399,1.08263347097401,27649.88
400,1.08535365557445,26775.96
401,1.08807384017488,26605.82
402,1.09079402477532,26140.55
403,1.09351420937576,23505.54
404,1.0962343939762,25481.11
405,1.09895457857663,26242.33
406,1.10167476317707,27652.22
407,1.10439494777751,28991.7
408,1.10711513237794,24984.34
409,1.10983531697838,26414.63
410,1.11255550157882,26499.04
411,1.11527568617926,24264.72
412,1.11799587077969,25119.8
413,1.12071605538013,25394.64
414,1.12343623998057,26231
415,1.12615642458101,27239.6
416,1.12887660918144,28538.87
417,1.13159679378188,29679.38
418,1.13431697838232,24025.89
419,1.13703716298275,24540.92
420,1.13975734758319,28788.34
421,1.14247753218363,27841.07
422,1.14519771678407,28466.45
423,1.1479179013845,26393.91
424,1.15063808598494,24653.13
425,1.15335827058538,24369.76
426,1.15607845518581,24343
427,1.15879863978625,24968.71
428,1.16151882438669,26856.17
429,1.16423900898713,25907.73
430,1.16695919358756,24867.33
431,1.169679378188,23131.56
432,1.17239956278844,28002.96
433,1.17511974738888,25129.13
434,1.17783993198931,24241.09
435,1.18056011658975,25870.73
436,1.18328030119019,25129.03
437,1.18600048579062,25089.06
438,1.18872067039106,25284.81
439,1.1914408549915,26762.62
440,1.19416103959194,28987.34
441,1.19688122419237,24874.99
442,1.19960140879281,26640.96
443,1.20232159339325,22817.5
444,1.20504177799368,25118.63
445,1.20776196259412,27230.44
446,1.21048214719456,25096.84
447,1.213202331795,27038.27
448,1.21592251639543,23991.43
449,1.21864270099587,26238.28
450,1.22136288559631,27962.41
451,1.22408307019675,24935.11
452,1.22680325479718,28251.88
453,1.22952343939762,27320.64
454,1.23224362399806,24968.71
455,1.23496380859849,30084.18
456,1.23768399319893,26259.75
457,1.24040417779937,26271.57
458,1.24312436239981,28969.01
459,1.24584454700024,23180.97
460,1.24856473160068,24812.17
461,1.25128491620112,22166.64
462,1.25400510080155,28054.88
463,1.25672528540199,29283.99
464,1.25944547000243,22930.11
465,1.26216565460287,26124.29
466,1.2648858392033,28792.68
467,1.26760602380374,26728.31
468,1.27032620840418,26986.79
469,1.27304639300462,22040.07
470,1.27576657760505,25699.67
471,1.27848676220549,25387.49
472,1.28120694680593,26002.38
473,1.28392713140636,28290.05
474,1.2866473160068,24951.6
475,1.28936750060724,27087.63
476,1.29208768520768,22770.81
477,1.29480786980811,28484.71
478,1.29752805440855,27267.52
479,1.30024823900899,28558.96
480,1.30296842360942,22797.33
481,1.30568860820986,24624.31
482,1.3084087928103,31443.02
483,1.31112897741074,26793.28
484,1.31384916201117,24430.85
485,1.31656934661161,22756.75
486,1.31928953121205,24591.94
487,1.32200971581248,24660.93
488,1.32472990041292,27994.61
489,1.32745008501336,24079.9
490,1.3301702696138,23823.14
491,1.33289045421423,25452.07
492,1.33561063881467,25762.39
493,1.33833082341511,24155.04
494,1.34105100801555,25251.15
495,1.34377119261598,25529.91
496,1.34649137721642,25273.28
497,1.34921156181686,27120.08
498,1.35193174641729,25858.76
499,1.35465193101773,26641.13
500,1.35737211561817,27623.15
501,1.36009230021861,26071.57
502,1.36281248481904,21719.87
503,1.36553266941948,28652.21
504,1.36825285401992,26995.64
505,1.37097303862035,27629.02
506,1.37369322322079,27500.79
507,1.37641340782123,20860.22
508,1.37913359242167,26331.83
509,1.3818537770221,25203.11
510,1.38457396162254,24180.98
511,1.38729414622298,27763.15
512,1.39001433082341,28534.17
513,1.39273451542385,24302.94
514,1.39545470002429,27941.7
515,1.39817488462473,27443.73
516,1.40089506922516,27758.61
517,1.4036152538256,24947.83
518,1.40633543842604,28626.05
519,1.40905562302648,26877.24
520,1.41177580762691,22080.2
521,1.41449599222735,25584.42
522,1.41721617682779,26670.76
523,1.41993636142822,22156.22
524,1.42265654602866,27942.59
525,1.4253767306291,24905.94
526,1.42809691522954,25682.95
527,1.43081709982997,26091.46
528,1.43353728443041,25307.66
529,1.43625746903085,29174.86
530,1.43897765363128,27189.45
531,1.44169783823172,28043.77
532,1.44441802283216,22249.3
533,1.4471382074326,26083.3
534,1.44985839203303,25102.27
535,1.45257857663347,26445.49
536,1.45529876123391,24271.93
537,1.45801894583435,30225.79
538,1.46073913043478,25695.13
539,1.46345931503522,24674.09
540,1.46617949963566,25636.15
541,1.46889968423609,23257.38
542,1.47161986883653,29064.71
543,1.47434005343697,27662.53
544,1.47706023803741,22755.12
545,1.47978042263784,27436.56
546,1.48250060723828,24549.83
547,1.48522079183872,25734.67
548,1.48794097643915,28458.16
549,1.49066116103959,26328.38
550,1.49338134564003,27184.81
551,1.49610153024047,27373.22
552,1.4988217148409,27564.77
553,1.50154189944134,27076.66
554,1.50426208404178,23750.88
555,1.50698226864221,29106.95
556,1.50970245324265,28100.14
557,1.51242263784309,28344.33
558,1.51514282244353,24590.17
559,1.51786300704396,26905.68
560,1.5205831916444,27867.25
561,1.52330337624484,24425.21
562,1.52602356084528,28326.28
563,1.52874374544571,28252.61
564,1.53146393004615,25294.15
565,1.53418411464659,27107.96
566,1.53690429924702,27376.25
567,1.53962448384746,28856.32
568,1.5423446684479,28782.21
569,1.54506485304834,27131.12
570,1.54778503764877,25818.6
571,1.55050522224921,25306.36
572,1.55322540684965,27646.47
573,1.55594559145008,25884.56
574,1.55866577605052,28710.05
575,1.56138596065096,26474.18
576,1.5641061452514,27568.3
577,1.56682632985183,27283.11
578,1.56954651445227,26077.86
579,1.57226669905271,29451.06
580,1.57498688365315,24675.88
581,1.57770706825358,27056.05
582,1.58042725285402,27594.67
583,1.58314743745446,24400.97
584,1.58586762205489,31386.59
585,1.58858780665533,26296.64
586,1.59130799125577,26304.89
587,1.59402817585621,24098.99
588,1.59674836045664,27940.56
589,1.59946854505708,26391.3
590,1.60218872965752,27603.31
591,1.60490891425795,28062.68
592,1.60762909885839,26790.44
593,1.61034928345883,26233.64
594,1.61306946805927,27388.69
595,1.6157896526597,26110.42
596,1.61850983726014,29462.34
597,1.62123002186058,28396.04
598,1.62395020646101,27170.42
599,1.62667039106145,25223.27
600,1.62939057566189,28099.8
601,1.63211076026233,26524.61
602,1.63483094486276,24030.65
603,1.6375511294632,24000.31
604,1.64027131406364,24677.06
605,1.64299149866408,24004.22
606,1.64571168326451,24549.56
607,1.64843186786495,24835.81
608,1.65115205246539,26621.14
609,1.65387223706582,26955.28
610,1.65659242166626,26085.16
611,1.6593126062667,27427.58
612,1.66203279086714,25230.13
613,1.66475297546757,29270.99
614,1.66747316006801,25897.15
615,1.67019334466845,28739.57
616,1.67291352926888,27176.02
617,1.67563371386932,26242.42
618,1.67835389846976,26865.52
619,1.6810740830702,28161.39
620,1.68379426767063,27105.36
621,1.68651445227107,27605.05
622,1.68923463687151,30118.95
623,1.69195482147195,28213.75
624,1.69467500607238,26204.99
625,1.69739519067282,24136.56
626,1.70011537527326,26328.17
627,1.70283555987369,28130.22
628,1.70555574447413,25289.08
629,1.70827592907457,30030.27
630,1.71099611367501,22427.65
631,1.71371629827544,27738.02
632,1.71643648287588,23244.35
633,1.71915666747632,26912.57
634,1.72187685207675,25478.84
635,1.72459703667719,26935.39
636,1.72731722127763,26840.19
637,1.73003740587807,28609.16
638,1.7327575904785,24803.12
639,1.73547777507894,22505.04
640,1.73819795967938,23957.3
641,1.74091814427981,30956.88
642,1.74363832888025,27301.23
643,1.74635851348069,28555.29
644,1.74907869808113,25140.02
645,1.75179888268156,25672.44
646,1.754519067282,26729.85
647,1.75723925188244,29522.62
648,1.75995943648288,26489.51
649,1.76267962108331,29473.29
650,1.76539980568375,23596.09
651,1.76811999028419,26372.29
652,1.77084017488462,22126.33
653,1.77356035948506,25444.9
654,1.7762805440855,28789.35
655,1.77900072868594,27580.3
656,1.78172091328637,26716.24
657,1.78444109788681,31117.32
658,1.78716128248725,24322.89
659,1.78988146708769,24345.57
660,1.79260165168812,22514
661,1.79532183628856,23488.64
662,1.798042020889,25309.81
663,1.80076220548943,27312.13
664,1.80348239008987,23142.01
665,1.80620257469031,25746.32
666,1.80892275929075,25620.69
667,1.81164294389118,22996.1
668,1.81436312849162,24736.85
669,1.81708331309206,23239.88
670,1.81980349769249,28695.21
671,1.82252368229293,26946.37
672,1.82524386689337,25107.18
673,1.82796405149381,25117.3
674,1.83068423609424,26296.15
675,1.83340442069468,22644.43
676,1.83612460529512,26786.73
677,1.83884478989555,23160.11
678,1.84156497449599,25750.6
679,1.84428515909643,26115.62
680,1.84700534369687,26657.99
681,1.8497255282973,26377.15
682,1.85244571289774,20359.81
683,1.85516589749818,24074.41
684,1.85788608209862,24921.53
685,1.86060626669905,26270.79
686,1.86332645129949,25968.58
687,1.86604663589993,26026.55
688,1.86876682050036,24304.23
689,1.8714870051008,24831.24
690,1.87420718970124,25847.88
691,1.87692737430168,23367.68
692,1.87964755890211,21578.44
693,1.88236774350255,24958.92
694,1.88508792810299,26811.05
695,1.88780811270342,22723.68
696,1.89052829730386,25532.95
697,1.8932484819043,24793.91
698,1.89596866650474,25652.67
699,1.89868885110517,20046.41
700,1.90140903570561,25731.21
701,1.90412922030605,24224.45
702,1.90684940490649,20423.26
703,1.90956958950692,21416.79
704,1.91228977410736,21088.99
705,1.9150099587078,23790.49
706,1.91773014330823,24108.54
707,1.92045032790867,25727.73
708,1.92317051250911,22268.34
709,1.92589069710955,22622.78
710,1.92861088170998,23617.99
711,1.93133106631042,24778.15
712,1.93405125091086,25030.58
713,1.93677143551129,26626.59
714,1.93949162011173,23837.96
715,1.94221180471217,24361.69
716,1.94493198931261,27053.66
717,1.94765217391304,29185.52
718,1.95037235851348,22873.24
719,1.95309254311392,25834.05
720,1.95581272771435,25160.88
721,1.95853291231479,22171.72
722,1.96125309691523,25604.36
723,1.96397328151567,24944.45
724,1.9666934661161,23185.28
725,1.96941365071654,24500.04
726,1.97213383531698,25474.51
727,1.97485401991742,25751.94
728,1.97757420451785,25667.55
729,1.98029438911829,27117.15
730,1.98301457371873,23591.37
731,1.98573475831916,27946.25
732,1.9884549429196,28137.04
733,1.99117512752004,27639.28
734,1.99389531212048,27029.69
735,1.99661549672091,25504.64
736,1.99933568132135,24823.22
737,2.00205586592179,24491.94
738,2.00477605052222,22343.16
739,2.00749623512266,24952.55
740,2.0102164197231,27374.05
741,2.01293660432354,24293.04
742,2.01565678892397,23662.09
743,2.01837697352441,21486.49
744,2.02109715812485,26974.34
745,2.02381734272529,23965.43
746,2.02653752732572,24462.05
747,2.02925771192616,25892.29
748,2.0319778965266,21547.36
749,2.03469808112703,23106.86
750,2.03741826572747,22230.37
751,2.04013845032791,24228.13
752,2.04285863492835,23109.69
753,2.04557881952878,23454.96
754,2.04829900412922,22982.34
755,2.05101918872966,24785.11
756,2.05373937333009,24318.18
757,2.05645955793053,22839.26
758,2.05917974253097,22972.14
759,2.06189992713141,22111.94
760,2.06462011173184,23088.08
761,2.06734029633228,25684.03
762,2.07006048093272,25457.84
763,2.07278066553316,21417.81
764,2.07550085013359,25197.13
765,2.07822103473403,22966.46
766,2.08094121933447,21196.1
767,2.0836614039349,22070.19
768,2.08638158853534,22036.63
769,2.08910177313578,20719.86
770,2.09182195773622,24662.95
771,2.09454214233665,22382.46
772,2.09726232693709,21165.34
773,2.09998251153753,21179.78
774,2.10270269613796,22598.5
775,2.1054228807384,26169.22
776,2.10814306533884,21056.23
777,2.11086324993928,20911.67
778,2.11358343453971,21123.8
779,2.11630361914015,23609.37
780,2.11902380374059,21736.73
781,2.12174398834102,21398.44
782,2.12446417294146,18710.22
783,2.1271843575419,24892.93
784,2.12990454214234,21969.56
785,2.13262472674277,21664.48
786,2.13534491134321,23313.74
787,2.13806509594365,25350.06
788,2.14078528054409,25502.96
789,2.14350546514452,21650.58
790,2.14622564974496,21630.3
791,2.1489458343454,18936.15
792,2.15166601894583,25034.65
793,2.15438620354627,21102.05
794,2.15710638814671,20647.21
795,2.15982657274715,23282.94
796,2.16254675734758,21007.62
797,2.16526694194802,22947.7
798,2.16798712654846,19924.03
799,2.17070731114889,17220.64
800,2.17342749574933,27492.4
801,2.17614768034977,21789.75
802,2.17886786495021,21168.79
803,2.18158804955064,25180.01
804,2.18430823415108,21187.87
805,2.18702841875152,22791.78
806,2.18974860335195,24150.72
807,2.19246878795239,21168.33
808,2.19518897255283,22966.01
809,2.19790915715327,22399.79
810,2.2006293417537,20751.34
811,2.20334952635414,25479.81
812,2.20606971095458,23729.18
813,2.20878989555502,22009.21
814,2.21151008015545,19357.17
815,2.21423026475589,23164.62
816,2.21695044935633,22777.61
817,2.21967063395676,24991.04
818,2.2223908185572,21429.71
819,2.22511100315764,21072.16
820,2.22783118775808,20513.18
821,2.23055137235851,20989.32
822,2.23327155695895,21709.12
823,2.23599174155939,25804.65
824,2.23871192615983,21337.23
825,2.24143211076026,23630.08
826,2.2441522953607,25953.43
827,2.24687247996114,24389.73
828,2.24959266456157,21834.32
829,2.25231284916201,21577.88
830,2.25503303376245,22842.97
831,2.25775321836289,23026.45
832,2.26047340296332,25192.47
833,2.26319358756376,22173.09
834,2.2659137721642,21768.31
835,2.26863395676463,23984.76
836,2.27135414136507,23495.29
837,2.27407432596551,23648.04
838,2.27679451056595,22377.86
839,2.27951469516638,21556.72
840,2.28223487976682,20711.33
841,2.28495506436726,21440.08
842,2.2876752489677,21994.63
843,2.29039543356813,19912.49
844,2.29311561816857,20309.83
845,2.29583580276901,23412.84
846,2.29855598736944,24181.24
847,2.30127617196988,25232.51
848,2.30399635657032,23943.99
849,2.30671654117075,23597.57
850,2.30943672577119,22852.06
851,2.31215691037163,22640.54
852,2.31487709497207,21202.06
853,2.3175972795725,20309.61
854,2.32031746417294,19517.2
855,2.32303764877338,21114.52
856,2.32575783337382,22438.27
857,2.32847801797425,24633.44
858,2.33119820257469,22129.81
859,2.33391838717513,25754.68
860,2.33663857177556,22037.17
861,2.339358756376,24544.14
862,2.34207894097644,23120.71
863,2.34479912557688,21180.7
864,2.34751931017731,23571.74
865,2.35023949477775,21269.8
866,2.35295967937819,21658.05
867,2.35567986397862,22429.23
868,2.35840004857906,24257.37
869,2.3611202331795,22155.26
870,2.36384041777994,23445.03
871,2.36656060238037,22803.62
872,2.36928078698081,24407.87
873,2.37200097158125,22723.28
874,2.37472115618169,23853.61
875,2.37744134078212,21048.94
876,2.38016152538256,20262.46
877,2.382881709983,23164.61
878,2.38560189458343,21548.25
879,2.38832207918387,20994.02
880,2.39104226378431,23874.48
881,2.39376244838475,23168.38
882,2.39648263298518,22640.39
883,2.39920281758562,23945.35
884,2.40192300218606,21302.86
885,2.40464318678649,21402.63
886,2.40736337138693,26616.65
887,2.41008355598737,24593.88
888,2.41280374058781,20973.47
889,2.41552392518824,21956.73
890,2.41824410978868,20078.12
891,2.42096429438912,22357.39
892,2.42368447898956,22512.52
893,2.42640466358999,25704.86
894,2.42912484819043,22052.04
895,2.43184503279087,22346.99
896,2.4345652173913,19600.47
897,2.43728540199174,21379.43
898,2.44000558659218,21032.05
899,2.44272577119262,26091.04
900,2.44544595579305,24254.34
901,2.44816614039349,21565.39
902,2.45088632499393,25151.32
903,2.45360650959436,22120.99
904,2.4563266941948,20401.71
905,2.45904687879524,26082.02
906,2.46176706339568,23197.25
907,2.46448724799611,20572.8
908,2.46720743259655,19915.39
909,2.46992761719699,23687.38
910,2.47264780179743,20340.63
911,2.47536798639786,21229.66
912,2.4780881709983,22483.95
913,2.48080835559874,24037.94
914,2.48352854019917,22447.59
915,2.48624872479961,20397.33
916,2.48896890940005,20663.06
917,2.49168909400049,20382.16
918,2.49440927860092,20136.58
919,2.49712946320136,21409.6
920,2.4998496478018,18746.56
921,2.50256983240223,21989.91
922,2.50529001700267,20410.73
923,2.50801020160311,22429.04
924,2.51073038620355,22060.54
925,2.51345057080398,23343.68
926,2.51617075540442,18978.93
927,2.51889094000486,21195.87
928,2.52161112460529,20240.99
929,2.52433130920573,19642.88
930,2.52705149380617,23345.06
931,2.52977167840661,23661.03
932,2.53249186300704,20334.23
933,2.53521204760748,20263.86
934,2.53793223220792,18641.13
935,2.54065241680836,19297.53
936,2.54337260140879,22256.98
937,2.54609278600923,19331.59
938,2.54881297060967,20516.45
939,2.5515331552101,21588.84
940,2.55425333981054,20662.52
941,2.55697352441098,19861.8
942,2.55969370901142,23603.51
943,2.56241389361185,21490.62
944,2.56513407821229,22366.04
945,2.56785426281273,21849.88
946,2.57057444741316,19193.87
947,2.5732946320136,21930.08
948,2.57601481661404,18864.26
949,2.57873500121448,21315.09
950,2.58145518581491,21691.24
951,2.58417537041535,21645.23
952,2.58689555501579,19748.44
953,2.58961573961622,18334.49
954,2.59233592421666,21075.36
955,2.5950561088171,19849.77
956,2.59777629341754,21697.53
957,2.60049647801797,20305.44
958,2.60321666261841,23914.12
959,2.60593684721885,22474.93
960,2.60865703181929,21484.9
961,2.61137721641972,20533.65
962,2.61409740102016,20024.22
963,2.6168175856206,19694.79
964,2.61953777022103,22088.66
965,2.62225795482147,21346.03
966,2.62497813942191,20712.43
967,2.62769832402235,24178.33
968,2.63041850862278,24123.34
969,2.63313869322322,22008.9
970,2.63585887782366,23955.8
971,2.63857906242409,23217.55
972,2.64129924702453,23598.13
973,2.64401943162497,23347.3
974,2.64673961622541,24933.45
975,2.64945980082584,21122.98
976,2.65217998542628,20315.2
977,2.65490017002672,21398.23
978,2.65762035462716,22788
979,2.66034053922759,25042.37
980,2.66306072382803,21741.21
981,2.66578090842847,22322.79
982,2.6685010930289,19773.58
983,2.67122127762934,19952.44
984,2.67394146222978,21654.95
985,2.67666164683022,18536.23
986,2.67938183143065,23675.84
987,2.68210201603109,20383.47
988,2.68482220063153,28114.19
989,2.68754238523196,20610.39
990,2.6902625698324,24116.09
991,2.69298275443284,24951.76
992,2.69570293903328,16789.7
993,2.69842312363371,23006.85
994,2.70114330823415,23942.32
995,2.70386349283459,23123.29
996,2.70658367743503,21973.2
997,2.70930386203546,24732.96
998,2.7120240466359,20140.84
999,2.71474423123634,21157.79
1000,2.71746441583677,25857.04
1001,2.72018460043721,22326.48
1002,2.72290478503765,25095.98
1003,2.72562496963809,21844.3
1004,2.72834515423852,25185.29
1005,2.73106533883896,24582.09
1006,2.7337855234394,22850.26
1007,2.73650570803983,24626.78
1008,2.73922589264027,23240.98
1009,2.74194607724071,19774.46
1010,2.74466626184115,22470.66
1011,2.74738644644158,20820.25
1012,2.75010663104202,23651.58
1013,2.75282681564246,19883.27
1014,2.7555470002429,23160.88
1015,2.75826718484333,23928.06
1016,2.76098736944377,23220.35
1017,2.76370755404421,22191.09
1018,2.76642773864464,19816.3
1019,2.76914792324508,21904.08
1020,2.77186810784552,21016.67
1021,2.77458829244596,24005.64
1022,2.77730847704639,22897.37
1023,2.78002866164683,24899.1
1024,2.78274884624727,20679.51
1025,2.7854690308477,23178.95
1026,2.78818921544814,21552.69
1027,2.79090940004858,23665.08
1028,2.79362958464902,23514.42
1029,2.79634976924945,26268.84
1030,2.79906995384989,23508.94
1031,2.80179013845033,20931.11
1032,2.80451032305076,20006.94
1033,2.8072305076512,23217.63
1034,2.80995069225164,21369.13
1035,2.81267087685208,19918.85
1036,2.81539106145251,19303.6
1037,2.81811124605295,20890.58
1038,2.82083143065339,21185.59
1039,2.82355161525382,22022.46
1040,2.82627179985426,20265.57
1041,2.8289919844547,20687.88
1042,2.83171216905514,22859.02
1043,2.83443235365557,18112.13
1044,2.83715253825601,21482.73
1045,2.83987272285645,20884.71
1046,2.84259290745689,21527.83
1047,2.84531309205732,19459.04
1048,2.84803327665776,23686.29
1049,2.8507534612582,21480.41
1050,2.85347364585863,19136.73
1051,2.85619383045907,18906.69
1052,2.85891401505951,22395.66
1053,2.86163419965995,19718.84
1054,2.86435438426038,20666.57
1055,2.86707456886082,21375.31
1056,2.86979475346126,19518.79
1057,2.87251493806169,22298.26
1058,2.87523512266213,22568.56
1059,2.87795530726257,21492.71
1060,2.88067549186301,18765.87
1061,2.88339567646344,20196.59
1062,2.88611586106388,20641.03
1063,2.88883604566432,19801.35
1064,2.89155623026476,21945.66
1065,2.89427641486519,16481.77
1066,2.89699659946563,23329.01
1067,2.89971678406607,22247.56
1068,2.9024369686665,20864.69
1069,2.90515715326694,18547.26
1070,2.90787733786738,22604.75
1071,2.91059752246782,19786.34
1072,2.91331770706825,19908.13
1073,2.91603789166869,22002.77
1074,2.91875807626913,24024.27
1075,2.92147826086956,19362.19
1076,2.92419844547,19586
1077,2.92691863007044,20697.23
1078,2.92963881467088,20721.84
1079,2.93235899927131,19580.38
1080,2.93507918387175,22478.73
1081,2.93779936847219,20306.81
1082,2.94051955307263,23146.23
1083,2.94323973767306,20001.73
1084,2.9459599222735,19667.75
1085,2.94868010687394,21885.56
1086,2.95140029147437,17797.71
1087,2.95412047607481,20341.94
1088,2.95684066067525,19620.52
1089,2.95956084527569,20529.78
1090,2.96228102987612,21886.34
1091,2.96500121447656,20822.84
1092,2.967721399077,22738.73
1093,2.97044158367743,22876.8
1094,2.97316176827787,20094.26
1095,2.97588195287831,23874.95
1096,2.97860213747875,21631.49
1097,2.98132232207918,23520.16
1098,2.98404250667962,19983.33
1099,2.98676269128006,21262.02
1100,2.9894828758805,20570.42
1101,2.99220306048093,22076.24
1102,2.99492324508137,19496.25
1103,2.99764342968181,21861.69
1104,3.00036361428224,20581.99
1105,3.00308379888268,20041.38
1106,3.00580398348312,19273.16
1107,3.00852416808356,20973.27
1108,3.01124435268399,19974.56
1109,3.01396453728443,20742.72
1110,3.01668472188487,21603.65
1111,3.0194049064853,21157.87
1112,3.02212509108574,18133.6
1113,3.02484527568618,23175.6
1114,3.02756546028662,18455.24
1115,3.03028564488705,19049.83
1116,3.03300582948749,17641.37
1117,3.03572601408793,20513.33
1118,3.03844619868836,20902.75
1119,3.0411663832888,18499.41
1120,3.04388656788924,22545.39
1121,3.04660675248968,18782.56
1122,3.04932693709011,19501.15
1123,3.05204712169055,18586.87
1124,3.05476730629099,20816.7
1125,3.05748749089142,19740.65
1126,3.06020767549186,19771.58
1127,3.0629278600923,14862.93
1128,3.06564804469274,19854.32
1129,3.06836822929317,21544.16
1130,3.07108841389361,19821.63
1131,3.07380859849405,19902.3
1132,3.07652878309449,19521.4
1133,3.07924896769492,18213.58
1134,3.08196915229536,21783.81
1135,3.0846893368958,17486.36
1136,3.08740952149623,18364.21
1137,3.09012970609667,18670.27
1138,3.09284989069711,17224.37
1139,3.09557007529755,17828.9
1140,3.09829025989798,15251.45
1141,3.10101044449842,18295.99
1142,3.10373062909886,17136.07
1143,3.1064508136993,16653.59
1144,3.10917099829973,17393.93
1145,3.11189118290017,18879.35
1146,3.11461136750061,18484.83
1147,3.11733155210104,17605.01
1148,3.12005173670148,18962.85
1149,3.12277192130192,18220.62
1150,3.12549210590236,17412.2
1151,3.12821229050279,16839.6
1152,3.13093247510323,18234.19
1153,3.13365265970367,19625.82
1154,3.1363728443041,16426.1
1155,3.13909302890454,16166.32
1156,3.14181321350498,16436.26
1157,3.14453339810542,15754.16
1158,3.14725358270585,17225.83
1159,3.14997376730629,15633.77
1160,3.15269395190673,15155.65
1161,3.15541413650717,15236.75
1162,3.1581343211076,12021.67
1163,3.16085450570804,13044.68
1164,3.16357469030848,15595.43
1165,3.16629487490891,16284.47
1166,3.16901505950935,14358.03
1167,3.17173524410979,13822.13
1168,3.17445542871023,10764.08
1169,3.17717561331066,14563.61
1170,3.1798957979111,13008.81
1171,3.18261598251154,14257.39
1172,3.18533616711197,14541.33
1173,3.18805635171241,12086.69
1174,3.19077653631285,12084.4
1175,3.19349672091329,11621.08
1176,3.19621690551372,12384.47
1177,3.19893709011416,10648.03
1178,3.2016572747146,14008.11
1179,3.20437745931503,10977.09
1180,3.20709764391547,11909.25
1181,3.20981782851591,10447.37
1182,3.21253801311635,11481.7
1183,3.21525819771678,9688.461
1184,3.21797838231722,12308.18
1185,3.22069856691766,7986.457
1186,3.2234187515181,11042.4
1187,3.22613893611853,12538.75
1188,3.22885912071897,12849.02
1189,3.23157930531941,10110.03
1190,3.23429948991984,12658.21
1191,3.23701967452028,9688.271
1192,3.23973985912072,10029.82
1193,3.24246004372116,9238.937
1194,3.24518022832159,9430.045
1195,3.24790041292203,8392.892
1196,3.25062059752247,9444.544
1197,3.25334078212291,9453.88
1198,3.25606096672334,8259.468
1199,3.25878115132378,9048.094
1200,3.26150133592422,11644.9
1201,3.26422152052465,8811.854
1202,3.26694170512509,7803.182
1203,3.26966188972553,10808.2
1204,3.27238207432596,7625.396
1205,3.2751022589264,10386.96
1206,3.27782244352684,8229.437
1207,3.28054262812728,8469.223
1208,3.28326281272771,5937.34
1209,3.28598299732815,7894.84
1210,3.28870318192859,6399.179
1211,3.29142336652903,8080.455
1212,3.29414355112946,8503.08
1213,3.2968637357299,8289.713
1214,3.29958392033034,8829.877
1215,3.30230410493077,8724.64
1216,3.30502428953121,6518.685
1217,3.30774447413165,7469.783
1218,3.31046465873209,7156.434
1219,3.31318484333252,7293.017
1220,3.31590502793296,9346.169
1221,3.3186252125334,7020.637
1222,3.32134539713383,6840.496
1223,3.32406558173427,9263.354
1224,3.32678576633471,6718.455
1225,3.32950595093515,10250.98
1226,3.33222613553558,10607.75
1227,3.33494632013602,6294.526
1228,3.33766650473646,7696.098
1229,3.3403866893369,9646.298
1230,3.34310687393733,6951.021
1231,3.34582705853777,9269.7
1232,3.34854724313821,9026.94
1233,3.35126742773864,7271.074
1234,3.35398761233908,6969.297
1235,3.35670779693952,7624.907
1236,3.35942798153996,6733.803
1237,3.36214816614039,7547.567
1238,3.36486835074083,8041.809
1239,3.36758853534127,7753.821
1240,3.3703087199417,4988.398
1241,3.37302890454214,6045.579
1242,3.37574908914258,8100.114
1243,3.37846927374302,6817.688
1244,3.38118945834345,7269.586
1245,3.38390964294389,6879.454
1246,3.38662982754433,7403.932
1247,3.38935001214477,5257.875
1248,3.3920701967452,6083.435
1249,3.39479038134564,6200.185
1250,3.39751056594608,8164.202
1251,3.40023075054651,7282.073
1252,3.40295093514695,5831.178
1253,3.40567111974739,7637.718
1254,3.40839130434783,7316.394
1255,3.41111148894826,6133.311
1256,3.4138316735487,6247.13
1257,3.41655185814914,6398.113
1258,3.41927204274957,6409.933
1259,3.42199222735001,5744.747
1260,3.42471241195045,6450.818
1261,3.42743259655089,5088.759
1262,3.43015278115132,5537.06
1263,3.43287296575176,6281.841
1264,3.4355931503522,8274.639
1265,3.43831333495264,6275.44
1266,3.44103351955307,5715.459
1267,3.44375370415351,6351.785
1268,3.44647388875395,6934.21
1269,3.44919407335438,7390.667
1270,3.45191425795482,4242.827
1271,3.45463444255526,5729.981
1272,3.45735462715569,6245.923
1273,3.46007481175613,6149.084
1274,3.46279499635657,5881.149
1275,3.46551518095701,6423.907
1276,3.46823536555744,4945.837
1277,3.47095555015788,4698.827
1278,3.47367573475832,5934.649
1279,3.47639591935876,4805.531
1280,3.47911610395919,4830.815
1281,3.48183628855963,5388.32
1282,3.48455647316007,5856.333
1283,3.4872766577605,4841.514
1284,3.48999684236094,5977.586
1285,3.49271702696138,4956.749
1286,3.49543721156182,7212.801
1287,3.49815739616225,4400.435
1288,3.50087758076269,4020.491
1289,3.50359776536313,4305.584
1290,3.50631794996356,6479.922
1291,3.509038134564,4146.463
1292,3.51175831916444,3611.654
1293,3.51447850376488,6950.128
1294,3.51719868836531,4739.579
1295,3.51991887296575,5401.552
1296,3.52263905756619,5133.753
1297,3.52535924216663,6097.661
1298,3.52807942676706,5529.155
1299,3.5307996113675,5047.152
1300,3.53351979596794,6766.771
1301,3.53623998056837,7314.497
1302,3.53896016516881,4748.821
1303,3.54168034976925,5431.235
1304,3.54440053436969,6206.874
1305,3.54712071897012,6389.328
1306,3.54984090357056,4800.162
1307,3.552561088171,5148.103
1308,3.55528127277143,5809.761
1309,3.55800145737187,4994.818
1310,3.56072164197231,5015.788
1311,3.56344182657275,5157.354
1312,3.56616201117318,4747.393
1313,3.56888219577362,3510.202
1314,3.57160238037406,2985.316
1315,3.5743225649745,5211.241
1316,3.57704274957493,5359.101
1317,3.57976293417537,5328.259
1318,3.58248311877581,4646.049
1319,3.58520330337624,2793.368
1320,3.58792348797668,4527.31
1321,3.59064367257712,4275.663
1322,3.59336385717756,4710.867
1323,3.59608404177799,3662.62
1324,3.59880422637843,4696.69
1325,3.60152441097887,4947.507
1326,3.60424459557931,2998.959
1327,3.60696478017974,4463.978
1328,3.60968496478018,5087.112
1329,3.61240514938062,5570.592
1330,3.61512533398105,5082.5
1331,3.61784551858149,5566.622
1332,3.62056570318193,3893.882
1333,3.62328588778237,3454.964
1334,3.6260060723828,4706.881
1335,3.62872625698324,4696.815
1336,3.63144644158368,4688.588
1337,3.63416662618411,4582.602
1338,3.63688681078455,3902.611
1339,3.63960699538499,4043.876
1340,3.64232717998543,4256.446
1341,3.64504736458586,6528.666
1342,3.6477675491863,5298.119
1343,3.65048773378674,4781.128
1344,3.65320791838717,4868.943
1345,3.65592810298761,2889.307
1346,3.65864828758805,4664.377
1347,3.66136847218849,6361.321
1348,3.66408865678892,3678.05
1349,3.66680884138936,5333.563
1350,3.6695290259898,3939.124
1351,3.67224921059023,5135.092
1352,3.67496939519067,3183.442
1353,3.67768957979111,5069.576
1354,3.68040976439155,4057.444
1355,3.68312994899198,4406.933
1356,3.68585013359242,3805.298
1357,3.68857031819286,3915.331
1358,3.69129050279329,4983.264
1359,3.69401068739373,2679.226
1360,3.69673087199417,4455.229
1361,3.69945105659461,3516.119
1362,3.70217124119504,3372.276
1363,3.70489142579548,5938.096
1364,3.70761161039592,4032.42
1365,3.71033179499636,4988.31
1366,3.71305197959679,5064.862
1367,3.71577216419723,4179.567
1368,3.71849234879767,5057.903
1369,3.7212125333981,4965.222
1370,3.72393271799854,4816.212
1371,3.72665290259898,4886.315
1372,3.72937308719942,3851.728
1373,3.73209327179985,3002.448
1374,3.73481345640029,3979.245
1375,3.73753364100073,3961.076
1376,3.74025382560117,3302.813
1377,3.7429740102016,4814.396
1378,3.74569419480204,3843.638
1379,3.74841437940248,3702.159
1380,3.75113456400291,5082.073
1381,3.75385474860335,5488.854
1382,3.75657493320379,4301.231
1383,3.75929511780423,2862.424
1384,3.76201530240466,2175.106
1385,3.7647354870051,2537.323
1386,3.76745567160554,4828.445
1387,3.77017585620597,3445.001
1388,3.77289604080641,4263.674
1389,3.77561622540685,1735.538
1390,3.77833641000729,5575.308
1391,3.78105659460772,4133.609
1392,3.78377677920816,2937.625
1393,3.7864969638086,5051.053
1394,3.78921714840904,4377.183
1395,3.79193733300947,3226.262
1396,3.79465751760991,1831.236
1397,3.79737770221035,4940.654
1398,3.80009788681078,3914.694
1399,3.80281807141122,2939.823
1400,3.80553825601166,4175.95
1401,3.8082584406121,4313.551
1402,3.81097862521253,3602.294
1403,3.81369880981297,3083.615
1404,3.81641899441341,3972.128
1405,3.81913917901384,5081.426
1406,3.82185936361428,3794.675
1407,3.82457954821472,5587.918
1408,3.82729973281516,2394.792
1409,3.83001991741559,3356.406
1410,3.83274010201603,3203.176
1411,3.83546028661647,3539.509
1412,3.8381804712169,3034.388
1413,3.84090065581734,3686.194
1414,3.84362084041778,2643.631
1415,3.84634102501822,4663.38
1416,3.84906120961865,2691.637
1417,3.85178139421909,5566.069
1418,3.85450157881953,3176.71
1419,3.85722176341997,3170.847
1420,3.8599419480204,2912.109
1421,3.86266213262084,3193.538
1422,3.86538231722128,4269.583
1423,3.86810250182171,2837.978
1424,3.87082268642215,4989.376
1425,3.87354287102259,3180.446
1426,3.87626305562303,4269.465
1427,3.87898324022346,4096.492
1428,3.8817034248239,3005.076
1429,3.88442360942434,3529.95
1430,3.88714379402477,1836.986
1431,3.88986397862521,3909.031
1432,3.89258416322565,4134.594
1433,3.89530434782609,3730.063
1434,3.89802453242652,3397.723
1435,3.90074471702696,3511.951
1436,3.9034649016274,3748.483
1437,3.90618508622784,2466.612
1438,3.90890527082827,3331.042
1439,3.91162545542871,3460.517
1440,3.91434564002915,3489.741
1441,3.91706582462958,2927.767
1442,3.91978600923002,4173.648
1443,3.92250619383046,3692.874
1444,3.9252263784309,3505.121
1445,3.92794656303133,2945.157
1446,3.93066674763177,2043.41
1447,3.93338693223221,2349.403
1448,3.93610711683264,1526.395
1449,3.93882730143308,4656.398
1450,3.94154748603352,2997.998
1451,3.94426767063396,2053.685
1452,3.94698785523439,2777.354
1453,3.94970803983483,2237.256
1454,3.95242822443527,1726.768
1455,3.9551484090357,2695.452
1456,3.95786859363614,2715.511
1457,3.96058877823658,2210.726
1458,3.96330896283702,4141.66
1459,3.96602914743745,3824.71
1460,3.96874933203789,2722.267
1461,3.97146951663833,4184.327
1462,3.97418970123877,2506.136
1463,3.9769098858392,2958.432
1464,3.97963007043964,2495.769
1465,3.98235025504008,2912.253
1466,3.98507043964051,2450.53
1467,3.98779062424095,3455.165
1468,3.99051080884139,2692.13
1469,3.99323099344182,2678.431
1470,3.99595117804226,2479.998
1471,3.9986713626427,3306.578
1472,4.00139154724314,2341.784
1473,4.00411173184358,3367.517
1474,4.00683191644401,1408.765
1475,4.00955210104445,1806.94
1476,4.01227228564489,3638.608
1477,4.01499247024532,2073.748
1478,4.01771265484576,4046.666
1479,4.0204328394462,649.3601
1480,4.02315302404664,1699.077
1481,4.02587320864707,2187.528
1482,4.02859339324751,2431.488
1483,4.03131357784795,2830.696
1484,4.03403376244838,2065.723
1485,4.03675394704882,3098.321
1486,4.03947413164926,3778.411
1487,4.0421943162497,3296.313
1488,4.04491450085013,4944.183
1489,4.04763468545057,3317.689
1490,4.05035487005101,1836.866
1491,4.05307505465144,4132.396
1492,4.05579523925188,2776.861
1493,4.05851542385232,2575.835
1494,4.06123560845276,3118.196
1495,4.06395579305319,3179.635
1496,4.06667597765363,3051.755
1497,4.06939616225407,1649.324
1498,4.0721163468545,2627.558
1499,4.07483653145494,2093.995
1500,4.07755671605538,2790.11
1501,4.08027690065582,2236.829
1502,4.08299708525625,3971.854
1503,4.08571726985669,2192.971
1504,4.08843745445713,2893.172
1505,4.09115763905757,2720.395
1506,4.093877823658,3943.522
1507,4.09659800825844,3106.408
1508,4.09931819285888,2047.702
1509,4.10203837745931,1506.011
1510,4.10475856205975,2430.885
1511,4.10747874666019,2621.958
1512,4.11019893126063,1998.747
1513,4.11291911586106,2062.742
1514,4.1156393004615,3100.5
1515,4.11835948506194,1788.465
1516,4.12107966966237,2733.998
1517,4.12379985426281,1544.678
1518,4.12652003886325,1362.607
1519,4.12924022346369,3051.864
1520,4.13196040806412,3550.894
1521,4.13468059266456,2232.074
1522,4.137400777265,4653.908
1523,4.14012096186543,2643.733
1524,4.14284114646587,1541.029
1525,4.14556133106631,3682.689
1526,4.14828151566675,1981.205
1527,4.15100170026718,510.173
1528,4.15372188486762,2654.94
1529,4.15644206946806,2074.1
1530,4.15916225406849,2912.077
1531,4.16188243866893,2704.373
1532,4.16460262326937,2572.779
1533,4.16732280786981,1531.787
1534,4.17004299247024,2685.388
1535,4.17276317707068,2358.428
1536,4.17548336167112,1712.407
1537,4.17820354627156,3322.964
1538,4.18092373087199,2793.73
1539,4.18364391547243,1782.104
1540,4.18636410007287,2431.935
1541,4.1890842846733,2126.638
1542,4.19180446927374,2359.636
1543,4.19452465387418,1896.464
1544,4.19724483847462,2582.55
1545,4.19996502307505,2000.676
1546,4.20268520767549,3169.371
1547,4.20540539227593,2454.884
1548,4.20812557687637,3241.798
1549,4.2108457614768,2811.822
1550,4.21356594607724,1800.535
1551,4.21628613067768,2366.415
1552,4.21900631527811,1797.527
1553,4.22172649987855,1443.646
1554,4.22444668447899,1144.792
1555,4.22716686907942,2293.411
1556,4.22988705367986,2016.49
1557,4.2326072382803,1078.276
1558,4.23532742288074,1451.748
1559,4.23804760748117,2549.885
1560,4.24076779208161,2086.794
1561,4.24348797668205,4121.862
1562,4.24620816128249,876.1454
1563,4.24892834588292,1655.573
1564,4.25164853048336,1795.903
1565,4.2543687150838,2686.056
1566,4.25708889968423,1718.851
1567,4.25980908428467,2974.12
1568,4.26252926888511,2538.3
1569,4.26524945348555,1776.18
1570,4.26796963808598,2200.365
1571,4.27068982268642,3013.03
1572,4.27341000728686,1839.175
1573,4.2761301918873,1978.98
1574,4.27885037648773,1802.923
1575,4.28157056108817,2767.924
1576,4.28429074568861,1980.742
1577,4.28701093028904,2013.003
1578,4.28973111488948,997.6248
1579,4.29245129948992,1260.177
1580,4.29517148409036,1114.347
1581,4.29789166869079,1606.697
1582,4.30061185329123,1637.089
1583,4.30333203789167,1468.904
1584,4.30605222249211,972.8362
1585,4.30877240709254,1869.216
1586,4.31149259169298,1831.042
1587,4.31421277629342,1105.625
1588,4.31693296089385,1851.02
1589,4.31965314549429,2204.194
1590,4.32237333009473,1779.526
1591,4.32509351469517,1986.33
1592,4.3278136992956,1663.766
1593,4.33053388389604,1841.1
1594,4.33325406849648,1054.848
1595,4.33597425309691,2320.916
1596,4.33869443769735,3016.389
1597,4.34141462229779,2063.437
1598,4.34413480689823,957.3876
1599,4.34685499149866,2908.041
1600,4.3495751760991,1086.051
1601,4.35229536069954,454.0179
1602,4.35501554529998,2296.939
1603,4.35773572990041,2692.181
1604,4.36045591450085,1196.894
1605,4.36317609910129,2334.371
1606,4.36589628370172,1758.666
1607,4.36861646830216,2237.362
1608,4.3713366529026,1893.17
1609,4.37405683750304,1232.331
1610,4.37677702210347,1248.492
1611,4.37949720670391,1181.784
1612,4.38221739130435,2173.387
1613,4.38493757590478,1820.984
1614,4.38765776050522,1047.055
1615,4.39037794510566,1427.219
1616,4.3930981297061,1205.467
1617,4.39581831430653,1397.215
1618,4.39853849890697,1416.642
1619,4.40125868350741,2416.21
1620,4.40397886810785,2460.988
1621,4.40669905270828,2352.822
1622,4.40941923730872,2344.896
1623,4.41213942190916,2688.969
1624,4.41485960650959,1544.881
1625,4.41757979111003,599.9109
1626,4.42029997571047,2275.271
1627,4.42302016031091,955.7898
1628,4.42574034491134,1864.711
1629,4.42846052951178,2635.184
1630,4.43118071411222,893.0649
1631,4.43390089871265,1053.722
1632,4.43662108331309,2627.75
1633,4.43934126791353,787.4141
1634,4.44206145251397,838.7257
1635,4.4447816371144,1502.416
1636,4.44750182171484,772.8068
1637,4.45022200631528,524.3561
1638,4.45294219091572,474.938
1639,4.45566237551615,1440.719
1640,4.45838256011659,1112.498
1641,4.46110274471703,1661.916
1642,4.46382292931746,2265.817
1643,4.4665431139179,1844.643
1644,4.46926329851834,1297.554
1645,4.47198348311878,1827.572
1646,4.47470366771921,1227.464
1647,4.47742385231965,2887.52
1648,4.48014403692009,1653.755
1649,4.48286422152052,1404.101
1650,4.48558440612096,2087.737
1651,4.4883045907214,2816.987
1652,4.49102477532184,2008.428
1653,4.49374495992227,1142.364
1654,4.49646514452271,2002.466
1655,4.49918532912315,2039.722
1656,4.50190551372358,1414.67
1657,4.50462569832402,599.9602
1658,4.50734588292446,912.5336
1659,4.5100660675249,383.0421
1660,4.51278625212533,1621.556
1661,4.51550643672577,1252.95
1662,4.51822662132621,2264.318
1663,4.52094680592664,1298.163
1664,4.52366699052708,1620.983
1665,4.52638717512752,866.3486
1666,4.52910735972796,13.73175
1667,4.53182754432839,121.6749
1668,4.53454772892883,150.8607
1669,4.53726791352927,1515.322
1670,4.5399880981297,644.825
1671,4.54270828273014,2004.46
1672,4.54542846733058,688.8867
1673,4.54814865193102,1220.101
1674,4.55086883653146,1706.423
1675,4.55358902113189,1102.321
1676,4.55630920573233,2758.766
1677,4.55902939033277,1252.396
1678,4.5617495749332,1562.342
1679,4.56446975953364,1223.872
1680,4.56718994413408,1404.467
1681,4.56991012873451,720.8363
1682,4.57263031333495,2080.226
1683,4.57535049793539,1849.896
1684,4.57807068253583,1465.913
1685,4.58079086713626,1809.886
1686,4.5835110517367,1182.041
1687,4.58623123633714,2142.587
1688,4.58895142093758,1709.217
1689,4.59167160553801,2123.761
1690,4.59439179013845,286.2928
1691,4.59711197473889,1477.662
1692,4.59983215933933,845.8375
1693,4.60255234393976,1921.469
1694,4.6052725285402,1038.418
1695,4.60799271314064,1525.999
1696,4.61071289774107,473.0429
1697,4.61343308234151,1385.004
1698,4.61615326694195,846.5359
1699,4.61887345154238,772.6881
1700,4.62159363614282,904.6564
1701,4.62431382074326,1177.545
1702,4.6270340053437,1154.739
1703,4.62975418994413,1872.874
1704,4.63247437454457,932.7379
1705,4.63519455914501,1398.7
1706,4.63791474374544,-501.3548
1707,4.64063492834588,277.2904
1708,4.64335511294632,379.5175
1709,4.64607529754676,1171.7
1710,4.64879548214719,156.7593
1711,4.65151566674763,497.3949
1712,4.65423585134807,859.2097
1713,4.65695603594851,1373.149
1714,4.65967622054894,1253.916
1715,4.66239640514938,934.2949
1716,4.66511658974982,438.4691
1717,4.66783677435025,382.2606
1718,4.67055695895069,263.9608
1719,4.67327714355113,925.5115
1720,4.67599732815157,1290.93
1721,4.678717512752,879.2814
1722,4.68143769735244,33.21602
1723,4.68415788195288,1604.569
1724,4.68687806655331,1152.975
1725,4.68959825115375,875.0667
1726,4.69231843575419,503.3755
1727,4.69503862035463,663.3726
1728,4.69775880495506,939.5676
1729,4.7004789895555,1806.885
1730,4.70319917415594,1681.03
1731,4.70591935875637,962.4609
1732,4.70863954335681,1067.317
1733,4.71135972795725,75.09054
1734,4.71407991255769,1093.314
1735,4.71680009715812,1509.26
1736,4.71952028175856,915.2289
1737,4.722240466359,2408.656
1738,4.72496065095944,536.5978
1739,4.72768083555987,743.7218
1740,4.73040102016031,1395.553
1741,4.73312120476075,1316.966
1742,4.73584138936118,904.0031
1743,4.73856157396162,1422.249
1744,4.74128175856206,1166.687
1745,4.7440019431625,1417.922
1746,4.74672212776293,1747.348
1747,4.74944231236337,1267.057
1748,4.75216249696381,16.58957
1749,4.75488268156425,849.1646
1750,4.75760286616468,698.6686
1751,4.76032305076512,1048.754
1752,4.76304323536556,1254.087
1753,4.76576341996599,1076.862
1754,4.76848360456643,963.4175
1755,4.77120378916687,1283.187
1756,4.7739239737673,1376.486
1757,4.77664415836774,1585.479
1758,4.77936434296818,1159.976
1759,4.78208452756862,781.152
1760,4.78480471216905,1120.589
1761,4.78752489676949,1055.216
1762,4.79024508136993,627.8054
1763,4.79296526597037,802.082
1764,4.7956854505708,2082.352
1765,4.79840563517124,682.3033
1766,4.80112581977168,466.7963
1767,4.80384600437212,589.1935
1768,4.80656618897255,1452.964
1769,4.80928637357299,888.5262
1770,4.81200655817343,-277.821
1771,4.81472674277386,340.4088
1772,4.8174469273743,1511.211
1773,4.82016711197474,414.1914
1774,4.82288729657518,367.7329
1775,4.82560748117561,1024.158
1776,4.82832766577605,452.4073
1777,4.83104785037649,258.8045
1778,4.83376803497692,1925.977
1779,4.83648821957736,1122.421
1780,4.8392084041778,458.7289
1781,4.84192858877824,1193.707
1782,4.84464877337867,1404.08
1783,4.84736895797911,1128.079
1784,4.85008914257955,749.2219
1785,4.85280932717999,922.3073
1786,4.85552951178042,595.9387
1787,4.85824969638086,41.23957
1788,4.8609698809813,944.6073
1789,4.86369006558173,1322.231
1790,4.86641025018217,1026.877
1791,4.86913043478261,535.1376
1792,4.87185061938304,892.597
1793,4.87457080398348,992.4324
1794,4.87729098858392,-761.0782
1795,4.88001117318436,1049.282
1796,4.88273135778479,1185.647
1797,4.88545154238523,1336.969
1798,4.88817172698567,332.474
1799,4.89089191158611,1576.41
1800,4.89361209618654,793.3989
1801,4.89633228078698,877.202
1802,4.89905246538742,29.54862
1803,4.90177264998785,686.7283
1804,4.90449283458829,68.31042
1805,4.90721301918873,759.2636
1806,4.90993320378917,-72.45445
1807,4.9126533883896,769.3877
1808,4.91537357299004,-327.983
1809,4.91809375759048,224.8214
1810,4.92081394219092,1628.131
1811,4.92353412679135,-236.8406
1812,4.92625431139179,354.0252
1813,4.92897449599223,448.6051
1814,4.93169468059266,669.7014
1815,4.9344148651931,814.4532
1816,4.93713504979354,473.3767
1817,4.93985523439398,-242.3562
1818,4.94257541899441,1081.322
1819,4.94529560359485,1643.033
1820,4.94801578819529,-76.73392
1821,4.95073597279572,521.1124
1822,4.95345615739616,1413.952
1823,4.9561763419966,852.9923
1824,4.95889652659704,547.2328
1825,4.96161671119747,835.1883
1826,4.96433689579791,-89.54052
1827,4.96705708039835,414.7752
1828,4.96977726499878,776.4976
1829,4.97249744959922,290.6359
1830,4.97521763419966,881.6661
1831,4.9779378188001,2049.922
1832,4.98065800340053,260.6829
1833,4.98337818800097,466.12
1834,4.98609837260141,-16.40799
1835,4.98881855720185,1545.716
1836,4.99153874180228,616.5916
1837,4.99425892640272,1343.069
1838,4.99697911100316,630.3763
1839,4.99969929560359,641.9304
1840,5.00241948020403,914.4824
1841,5.00513966480447,-600.9334
1842,5.0078598494049,611.1243
1843,5.01058003400534,132.7056
1844,5.01330021860578,-137.2479
1845,5.01602040320622,436.3938
1846,5.01874058780666,495.7362
1847,5.02146077240709,-185.1686
1848,5.02418095700753,284.1856
1849,5.02690114160797,325.3033
1850,5.0296213262084,834.8931
1851,5.03234151080884,1808.414
1852,5.03506169540928,328.1648
1853,5.03778188000971,-408.3421
1854,5.04050206461015,1247.981
1855,5.04322224921059,96.2663
1856,5.04594243381103,-62.26085
1857,5.04866261841146,-149.4821
1858,5.0513828030119,50.09216
1859,5.05410298761234,2225.048
1860,5.05682317221278,1903.743
1861,5.05954335681321,270.3657
1862,5.06226354141365,751.3033
1863,5.06498372601409,1147.698
1864,5.06770391061453,-256.3063
1865,5.07042409521496,-878.0575
1866,5.0731442798154,314.3872
1867,5.07586446441583,518.0488
1868,5.07858464901627,1061.775
1869,5.08130483361671,384.1786
1870,5.08402501821715,1317.443
1871,5.08674520281758,726.4634
1872,5.08946538741802,672.0533
1873,5.09218557201846,211.1994
1874,5.0949057566189,-168.209
1875,5.09762594121933,899.612
1876,5.10034612581977,542.7059
1877,5.10306631042021,718.6541
1878,5.10578649502064,438.9327
1879,5.10850667962108,-133.0544
1880,5.11122686422152,67.3824
1881,5.11394704882196,425.9157
1882,5.11666723342239,795.5922
1883,5.11938741802283,93.77122
1884,5.12210760262327,98.52648
1885,5.12482778722371,426.6462
1886,5.12754797182414,-59.5128
1887,5.13026815642458,329.8509
1888,5.13298834102502,-41.65932
1889,5.13570852562545,691.3181
1890,5.13842871022589,-249.3441
1891,5.14114889482633,880.8735
1892,5.14386907942677,-377.1764
1893,5.1465892640272,538.7032
1894,5.14930944862764,-512.7188
1895,5.15202963322808,112.5624
1896,5.15474981782851,-223.8888
1897,5.15747000242895,384.9387
1898,5.16019018702939,344.8519
1899,5.16291037162983,77.66287
1900,5.16563055623026,206.1015
1901,5.1683507408307,-1228.199
1902,5.17107092543114,325.1092
1903,5.17379111003157,1922.341
1904,5.17651129463201,548.7618
1905,5.17923147923245,-428.6378
1906,5.18195166383289,34.13267
1907,5.18467184843332,524.7619
1908,5.18739203303376,509.6794
1909,5.1901122176342,569.1506
1910,5.19283240223464,533.9385
1911,5.19555258683507,-610.008
1912,5.19827277143551,237.5194
1913,5.20099295603595,-137.2629
1914,5.20371314063638,-25.53974
1915,5.20643332523682,515.1202
1916,5.20915350983726,-11.29184
1917,5.2118736944377,954.6055
1918,5.21459387903813,97.03033
1919,5.21731406363857,945.7221
1920,5.22003424823901,125.58
1921,5.22275443283945,999.5825
1922,5.22547461743988,252.1956
1923,5.22819480204032,790.5026
1924,5.23091498664076,-38.79054
1925,5.23363517124119,505.4699
1926,5.23635535584163,736.673
1927,5.23907554044207,594.9797
1928,5.24179572504251,-22.24796
1929,5.24451590964294,49.69083
1930,5.24723609424338,534.5082
1931,5.24995627884382,582.9928
1932,5.25267646344426,1146.198
1933,5.25539664804469,223.1151
1934,5.25811683264513,-260.1151
1935,5.26083701724557,-760.9644
1936,5.263557201846,181.9761
1937,5.26627738644644,932.3134
1938,5.26899757104688,245.8654
1939,5.27171775564731,1482.05
1940,5.27443794024775,1550.416
1941,5.27715812484819,-849.9981
1942,5.27987830944863,315.6873
1943,5.28259849404906,-722.4156
1944,5.2853186786495,747.1983
1945,5.28803886324994,-285.7027
1946,5.29075904785037,-64.47556
1947,5.29347923245081,57.95181
1948,5.29619941705125,87.69203
1949,5.29891960165169,1891.435
1950,5.30163978625212,699.6527
1951,5.30435997085256,512.3438
1952,5.307080155453,161.1839
1953,5.30980034005344,320.95
1954,5.31252052465387,1064.257
1955,5.31524070925431,988.6874
1956,5.31796089385475,-124.9302
1957,5.32068107845518,-421.502
1958,5.32340126305562,149.3692
1959,5.32612144765606,557.4025
1960,5.3288416322565,754.6772
1961,5.33156181685693,605.2551
1962,5.33428200145737,139.963
1963,5.33700218605781,958.566
1964,5.33972237065825,1047.505
1965,5.34244255525868,195.9725
1966,5.34516273985912,-23.35482
1967,5.34788292445956,-405.8787
1968,5.35060310905999,217.4636
1969,5.35332329366043,-177.6535
1970,5.35604347826087,683.95
1971,5.35876366286131,-76.12659
1972,5.36148384746174,-98.8927
1973,5.36420403206218,49.50676
1974,5.36692421666262,434.9887
1975,5.36964440126306,-2.524765
1976,5.37236458586349,459.2292
1977,5.37508477046393,-141.0253
1978,5.37780495506437,-504.6415
1979,5.3805251396648,-271.1931
1980,5.38324532426524,1036.646
1981,5.38596550886568,175.436
1982,5.38868569346612,1098.028
1983,5.39140587806655,-42.21547
1984,5.39412606266699,-231.6258
1985,5.39684624726743,-72.07853
1986,5.39956643186787,412.5358
1987,5.4022866164683,574.9816
1988,5.40500680106874,1166.48
1989,5.40772698566918,-45.96302
1990,5.41044717026961,664.101
1991,5.41316735487005,506.5494
1992,5.41588753947049,743.076
1993,5.41860772407092,964.8846
1994,5.42132790867136,33.40535
1995,5.4240480932718,-116.0574
1996,5.42676827787224,726.381
1997,5.42948846247267,-474.0773
1998,5.43220864707311,286.349
1999,5.43492883167355,505.5661
2000,5.43764901627399,328.5406
2001,5.44036920087442,442.0455
2002,5.44308938547486,146.9688
2003,5.4458095700753,85.64376
2004,5.44852975467573,-408.5027
2005,5.45124993927617,344.7869
2006,5.45397012387661,801.945
2007,5.45669030847704,288.75
2008,5.45941049307748,1280.522
2009,5.46213067767792,501.0786
2010,5.46485086227836,222.2376
2011,5.4675710468788,336.5052
2012,5.47029123147923,-344.5665
2013,5.47301141607967,155.5615
2014,5.47573160068011,-906.9446
2015,5.47845178528054,667.7861
2016,5.48117196988098,348.9098
2017,5.48389215448142,363.1748
2018,5.48661233908186,-425.9828
2019,5.48933252368229,-989.08
2020,5.49205270828273,87.24249
2021,5.49477289288317,-321.0705
2022,5.4974930774836,139.0428
2023,5.50021326208404,1239.712
2024,5.50293344668448,-549.2852
2025,5.50565363128492,1150.927
2026,5.50837381588535,50.1649
2027,5.51109400048579,738.8203
2028,5.51381418508623,191.5587
2029,5.51653436968666,412.7885
2030,5.5192545542871,397.5762
2031,5.52197473888754,127.1105
2032,5.52469492348798,-185.6604
2033,5.52741510808841,-1224.341
2034,5.53013529268885,-572.5574
2035,5.53285547728929,-223.0211
2036,5.53557566188972,309.396
2037,5.53829584649016,-467.946
2038,5.5410160310906,454.2903
2039,5.54373621569104,731.9956
2040,5.54645640029147,-244.0345
2041,5.54917658489191,-546.1014
2042,5.55189676949235,-313.6966
2043,5.55461695409278,386.2116
2044,5.55733713869322,-138.4141
2045,5.56005732329366,-31.30412
2046,5.5627775078941,-81.37266
2047,5.56549769249453,-237.0376
2048,5.56821787709497,46.24345
2049,5.57093806169541,349.3392
2050,5.57365824629585,69.58498
2051,5.57637843089628,66.464
2052,5.57909861549672,125.7515
2053,5.58181880009716,472.6775
2054,5.58453898469759,512.4503
2055,5.58725916929803,537.0612
2056,5.58997935389847,-212.1401
2057,5.59269953849891,-324.6198
2058,5.59541972309934,54.79164
2059,5.59813990769978,71.5678
2060,5.60086009230022,-263.4256
2061,5.60358027690065,-726.9051
2062,5.60630046150109,659.864
2063,5.60902064610153,-337.4821
2064,5.61174083070197,-177.3183
2065,5.6144610153024,948.5464
2066,5.61718119990284,461.6472
2067,5.61990138450328,-121.6981
2068,5.62262156910372,10.58227
2069,5.62534175370415,1160.205
2070,5.62806193830459,730.4194
2071,5.63078212290503,-349.4568
2072,5.63350230750546,794.0496
2073,5.6362224921059,-16.79029
2074,5.63894267670634,-630.0975
2075,5.64166286130678,-40.80111
2076,5.64438304590721,970.3083
2077,5.64710323050765,-89.74111
2078,5.64982341510809,-402.4709
2079,5.65254359970852,54.78763
2080,5.65526378430896,250.1232
2081,5.6579839689094,-420.3912
2082,5.66070415350984,-43.6953
2083,5.66342433811027,-44.32799
2084,5.66614452271071,80.64884
2085,5.66886470731115,154.0028
2086,5.67158489191158,795.4167
2087,5.67430507651202,-315.0349
2088,5.67702526111246,749.6823
2089,5.6797454457129,114.2506
2090,5.68246563031333,1087.919
2091,5.68518581491377,101.2231
2092,5.68790599951421,812.822
2093,5.69062618411465,18.1189
2094,5.69334636871508,-343.2633
2095,5.69606655331552,-626.3463
2096,5.69878673791596,603.9819
2097,5.70150692251639,156.6606
2098,5.70422710711683,795.7381
2099,5.70694729171727,-178.5663
2100,5.70966747631771,-8.446107
2101,5.71238766091814,730.7319
2102,5.71510784551858,74.45976
2103,5.71782803011902,607.8846
2104,5.72054821471946,115.9515
2105,5.72326839931989,788.0894
2106,5.72598858392033,91.37188
2107,5.72870876852077,760.7233
2108,5.7314289531212,-849.1482
2109,5.73414913772164,-337.5989
2110,5.73686932232208,-445.5851
2111,5.73958950692252,-204.5724
2112,5.74230969152295,161.4665
2113,5.74502987612339,751.591
2114,5.74775006072383,374.0126
2115,5.75047024532426,-637.7603
2116,5.7531904299247,-169.9714
2117,5.75591061452514,98.8083
2118,5.75863079912558,-10.04061
2119,5.76135098372601,-41.72155
2120,5.76407116832645,-357.9842
2121,5.76679135292689,178.3449
2122,5.76951153752733,80.74149
2123,5.77223172212776,-226.18
2124,5.7749519067282,-127.4962
2125,5.77767209132864,255.4537
2126,5.78039227592907,-208.7204
2127,5.78311246052951,-996.6669
2128,5.78583264512995,215.8279
2129,5.78855282973039,513.1124
2130,5.79127301433082,164.4762
2131,5.79399319893126,294.7305
2132,5.7967133835317,-641.1406
2133,5.79943356813213,122.8849
2134,5.80215375273257,-334.7403
2135,5.80487393733301,-43.65085
2136,5.80759412193345,57.67372
2137,5.81031430653388,995.3256
2138,5.81303449113432,479.5733
2139,5.81575467573476,122.4944
2140,5.81847486033519,-191.3101
2141,5.82119504493563,1070.263
2142,5.82391522953607,44.9104
2143,5.82663541413651,-419.533
2144,5.82935559873694,-791.2223
2145,5.83207578333738,582.8265
2146,5.83479596793782,-740.7873
2147,5.83751615253826,-455.6988
2148,5.84023633713869,-679.775
2149,5.84295652173913,3.364014
2150,5.84567670633957,334.6908
2151,5.84839689094,242.9806
2152,5.85111707554044,341.388
2153,5.85383726014088,1103.105
2154,5.85655744474131,382.6189
2155,5.85927762934175,532.2384
2156,5.86199781394219,112.8148
2157,5.86471799854263,-259.9046
2158,5.86743818314306,78.2219
2159,5.8701583677435,409.3481
2160,5.87287855234394,14.46114
2161,5.87559873694438,734.3763
2162,5.87831892154481,319.5752
2163,5.88103910614525,-344.2703
2164,5.88375929074569,-338.0027
2165,5.88647947534612,-365.9865
2166,5.88919965994656,321.1712
2167,5.891919844547,-432.8554
2168,5.89464002914744,-329.3892
2169,5.89736021374787,-335.3232
2170,5.90008039834831,-26.13641
2171,5.90280058294875,949.2662
2172,5.90552076754919,-42.03418
2173,5.90824095214962,385.0834
2174,5.91096113675006,792.573
2175,5.9136813213505,-84.47382
2176,5.91640150595093,-50.24891
2177,5.91912169055137,14.2523
2178,5.92184187515181,323.7915
2179,5.92456205975224,487.8013
2180,5.92728224435268,416.3252
2181,5.93000242895312,-61.22656
2182,5.93272261355356,353.8694
2183,5.935442798154,263.9322
2184,5.93816298275443,307.6228
2185,5.94088316735487,-96.0835
2186,5.94360335195531,-138.0527
2187,5.94632353655574,303.0145
2188,5.94904372115618,-456.9808
2189,5.95176390575662,46.5811
2190,5.95448409035705,115.7338
2191,5.95720427495749,-177.3718
2192,5.95992445955793,-144.5762
2193,5.96264464415837,224.3187
2194,5.9653648287588,-89.00104
2195,5.96808501335924,761.0184
2196,5.97080519795968,691.0289
2197,5.97352538256012,473.3614
2198,5.97624556716055,277.9289
2199,5.97896575176099,566.1605
2200,5.98168593636143,-265.5701
2201,5.98440612096186,-1047.035
2202,5.9871263055623,823.8189
2203,5.98984649016274,886.4649
2204,5.99256667476318,-433.4866
2205,5.99528685936361,105.7405
2206,5.99800704396405,-139.0997
2207,6.00072722856449,435.1711
2208,6.00344741316492,-328.6785
2209,6.00616759776536,754.9017
2210,6.0088877823658,-519.8425
2211,6.01160796696624,338.9174
2212,6.01432815156667,-521.8092
2213,6.01704833616711,525.6722
2214,6.01976852076755,87.51872
2215,6.02248870536799,-566.5055
2216,6.02520888996842,298.5625
2217,6.02792907456886,593.1076
2218,6.0306492591693,170.1132
2219,6.03336944376973,603.8651
2220,6.03608962837017,-877.9691
2221,6.03880981297061,-69.43282
2222,6.04152999757105,-294.3256
2223,6.04425018217148,491.7234
2224,6.04697036677192,-215.8715
2225,6.04969055137236,27.31413
2226,6.05241073597279,240.2678
2227,6.05513092057323,-140.8135
2228,6.05785110517367,306.808
2229,6.06057128977411,340.7719
2230,6.06329147437454,8.533193
2231,6.06601165897498,-323.6978
2232,6.06873184357542,-488.719
2233,6.07145202817586,155.4608
2234,6.07417221277629,379.598
2235,6.07689239737673,-517.6994
2236,6.07961258197717,231.584
2237,6.0823327665776,110.2202
2238,6.08505295117804,-465.9572
2239,6.08777313577848,507.1048
2240,6.09049332037892,-169.1866
2241,6.09321350497935,-95.16796
2242,6.09593368957979,30.73915
2243,6.09865387418023,530.7341
2244,6.10137405878066,-323.171
2245,6.1040942433811,518.3514
2246,6.10681442798154,-812.0968
2247,6.10953461258198,-78.44063
2248,6.11225479718241,-402.5613
2249,6.11497498178285,179.2509
2250,6.11769516638329,-397.2334
2251,6.12041535098373,-465.4985
2252,6.12313553558416,529.9241
2253,6.1258557201846,523.5526
2254,6.12857590478504,-242.7636
2255,6.13129608938547,284.8215
2256,6.13401627398591,-345.2661
2257,6.13673645858635,485.5123
2258,6.13945664318678,-192.6445
2259,6.14217682778722,207.8415
2260,6.14489701238766,-715.1041
2261,6.1476171969881,-237.8071
2262,6.15033738158853,-241.5689
2263,6.15305756618897,277.8632
2264,6.15577775078941,165.8057
2265,6.15849793538985,650.208
2266,6.16121811999028,25.89611
2267,6.16393830459072,723.4398
2268,6.16665848919116,276.2589
2269,6.1693786737916,-79.65852
2270,6.17209885839203,-330.3336
2271,6.17481904299247,176.9166
2272,6.17753922759291,594.3995
2273,6.18025941219334,1.573508
2274,6.18297959679378,101.0249
2275,6.18569978139422,-518.8035
2276,6.18841996599465,443.592
2277,6.19114015059509,265.4456
2278,6.19386033519553,159.3945
2279,6.19658051979597,-60.74146
2280,6.1993007043964,832.9857
2281,6.20202088899684,244.1812
2282,6.20474107359728,-121.6051
2283,6.20746125819772,466.7974
2284,6.21018144279815,21.42693
2285,6.21290162739859,377.6056
2286,6.21562181199903,945.9065
2287,6.21834199659946,50.19973
2288,6.2210621811999,-42.69869
2289,6.22378236580034,-183.1082
2290,6.22650255040078,-498.263
2291,6.22922273500121,-765.515
2292,6.23194291960165,489.7382
2293,6.23466310420209,58.51227
2294,6.23738328880253,289.1992
2295,6.24010347340296,-109.5028
2296,6.2428236580034,-641.4413
2297,6.24554384260384,319.2983
2298,6.24826402720427,446.0285
2299,6.25098421180471,395.6145
2300,6.25370439640515,-454.519
2301,6.25642458100559,215.9177
2302,6.25914476560602,10.42714
2303,6.26186495020646,-493.7889
2304,6.2645851348069,-598.8525
2305,6.26730531940733,-457.541
2306,6.27002550400777,-662.9301
2307,6.27274568860821,470.8078
2308,6.27546587320865,0.09727371
2309,6.27818605780908,151.7867
2310,6.28090624240952,-458.1143
2311,6.28362642700996,686.2532
2312,6.2863466116104,142.4875
2313,6.28906679621083,363.0355
2314,6.29178698081127,648.8356
2315,6.29450716541171,175.925
2316,6.29722735001214,-266.3525
2317,6.29994753461258,-578.2752
2318,6.30266771921302,23.93509
2319,6.30538790381346,-116.4858
2320,6.30810808841389,-47.4483
2321,6.31082827301433,337.1193
2322,6.31354845761477,84.30733
2323,6.3162686422152,318.6418
2324,6.31898882681564,106.6128
2325,6.32170901141608,452.1996
2326,6.32442919601652,-199.5215
2327,6.32714938061695,-229.6722
2328,6.32986956521739,-366.849
2329,6.33258974981783,-359.4789
2330,6.33530993441826,689.8652
2331,6.3380301190187,-629.9527
2332,6.34075030361914,89.88581
2333,6.34347048821958,108.1989
2334,6.34619067282001,-650.0785
2335,6.34891085742045,293.0987
2336,6.35163104202089,-242.7239
2337,6.35435122662133,-1.217065
2338,6.35707141122176,-96.06716
2339,6.3597915958222,13.41671
2340,6.36251178042264,187.5622
2341,6.36523196502307,-762.1318
2342,6.36795214962351,978.944
2343,6.37067233422395,593.0014
2344,6.37339251882439,-1000.548
2345,6.37611270342482,4.71923
2346,6.37883288802526,692.7766
2347,6.3815530726257,-360.8251
2348,6.38427325722613,-190.1499
2349,6.38699344182657,-202.4278
2350,6.38971362642701,-105.3916
2351,6.39243381102745,-42.97145
2352,6.39515399562788,917.0591
2353,6.39787418022832,220.118
2354,6.40059436482876,355.9518
2355,6.40331454942919,262.3322
2356,6.40603473402963,244.6696
2357,6.40875491863007,-81.5573
2358,6.41147510323051,1235.705
2359,6.41419528783095,714.6075
2360,6.41691547243138,-91.24586
2361,6.41963565703182,493.1823
2362,6.42235584163226,-837.2039
2363,6.42507602623269,103.7955
2364,6.42779621083313,1073.917
2365,6.43051639543357,433.4694
2366,6.433236580034,418.3921
2367,6.43595676463444,-292.0869
2368,6.43867694923488,186.555
2369,6.44139713383531,-1159.452
2370,6.44411731843575,192.9381
2371,6.44683750303619,82.15644
2372,6.44955768763663,-516.7051
2373,6.45227787223707,708.0772
2374,6.4549980568375,362.3619
2375,6.45771824143794,516.5236
2376,6.46043842603838,-120.2179
2377,6.46315861063881,703.2022
2378,6.46587879523925,28.2673
2379,6.46859897983969,373.0208
2380,6.47131916444012,-834.9183
2381,6.47403934904056,239.8352
2382,6.476759533641,181.8763
2383,6.47947971824144,-317.9146
2384,6.48219990284187,65.97584
2385,6.48492008744231,33.87141
2386,6.48764027204275,-25.62323
2387,6.49036045664319,-285.6688
2388,6.49308064124362,251.6114
2389,6.49580082584406,-49.77096
2390,6.4985210104445,132.094
2391,6.50124119504493,-566.9734
2392,6.50396137964537,-228.2342
2393,6.50668156424581,477.0219
2394,6.50940174884625,440.2318
2395,6.51212193344668,76.98045
2396,6.51484211804712,735.0068
2397,6.51756230264756,-16.83303
2398,6.520282487248,27.93604
2399,6.52300267184843,-452.6739
2400,6.52572285644887,-524.7704
2401,6.52844304104931,86.21227
2402,6.53116322564974,437.6304
2403,6.53388341025018,406.6868
2404,6.53660359485062,420.4283
2405,6.53932377945105,1091.496
2406,6.54204396405149,-958.6055
2407,6.54476414865193,731.1205
2408,6.54748433325237,-762.479
2409,6.5502045178528,477.0458
2410,6.55292470245324,-43.04997
2411,6.55564488705368,-806.0873
2412,6.55836507165412,-723.8007
2413,6.56108525625455,69.2728
2414,6.56380544085499,-684.6151
2415,6.56652562545543,102.7667
2416,6.56924581005586,-910.7647
2417,6.5719659946563,-88.53171
2418,6.57468617925674,151.6312
2419,6.57740636385718,-370.2108
2420,6.58012654845761,-295.123
2421,6.58284673305805,642.0464
2422,6.58556691765849,244.5033
2423,6.58828710225893,-90.31956
2424,6.59100728685936,-886.5449
2425,6.5937274714598,850.9935
2426,6.59644765606024,283.583
2427,6.59916784066067,-824.2911
2428,6.60188802526111,622.6635
2429,6.60460820986155,908.8
2430,6.60732839446199,363.2184
2431,6.61004857906242,543.0271
2432,6.61276876366286,103.12
2433,6.6154889482633,422.3972
2434,6.61820913286373,783.3963
2435,6.62092931746417,-468.4381
2436,6.62364950206461,-58.52166
2437,6.62636968666505,421.8183
2438,6.62908987126548,-663.6357
2439,6.63181005586592,-442.8077
2440,6.63453024046636,-114.45
2441,6.6372504250668,55.23884
2442,6.63997060966723,-19.54817
2443,6.64269079426767,-484.5479
2444,6.64541097886811,-142.9315
2445,6.64813116346854,41.6811
2446,6.65085134806898,41.72053
2447,6.65357153266942,917.0148
2448,6.65629171726986,272.2055
2449,6.65901190187029,562.9225
2450,6.66173208647073,-161.0022
2451,6.66445227107117,-536.5907
2452,6.6671724556716,241.1656
2453,6.66989264027204,400.3271
2454,6.67261282487248,171.8868
2455,6.67533300947292,-795.9954
2456,6.67805319407335,-361.6768
2457,6.68077337867379,-208.4819
2458,6.68349356327423,196.1969
2459,6.68621374787466,-523.5563
2460,6.6889339324751,-492.1974
2461,6.69165411707554,-78.56049
2462,6.69437430167598,-143.2048
2463,6.69709448627641,-514.6312
2464,6.69981467087685,-451.2174
2465,6.70253485547729,809.5994
2466,6.70525504007773,-124.4066
2467,6.70797522467816,-299.1935
2468,6.7106954092786,498.1136
2469,6.71341559387904,-44.0127
2470,6.71613577847947,-16.86138
2471,6.71885596307991,-697.9235
2472,6.72157614768035,-49.27308
2473,6.72429633228078,-201.6113
2474,6.72701651688122,763.5039
2475,6.72973670148166,254.6726
2476,6.7324568860821,-113.1373
2477,6.73517707068253,721.854
2478,6.73789725528297,467.6454
2479,6.74061743988341,-448.8029
2480,6.74333762448385,313.045
2481,6.74605780908428,546.9295
2482,6.74877799368472,106.5171
2483,6.75149817828516,317.421
2484,6.7542183628856,482.0624
2485,6.75693854748603,-469.4255
2486,6.75965873208647,-430.425
2487,6.76237891668691,-475.2267
2488,6.76509910128734,-446.0496
2489,6.76781928588778,-504.2371
2490,6.77053947048822,260.2856
2491,6.77325965508866,-1090.275
2492,6.77597983968909,-829.5707
2493,6.77870002428953,252.3424
2494,6.78142020888997,-329.9488
2495,6.7841403934904,591.9088
2496,6.78686057809084,-47.25619
2497,6.78958076269128,-284.7883
2498,6.79230094729172,284.5204
2499,6.79502113189215,70.226
2500,6.79774131649259,-109.3423
2501,6.80046150109303,581.4865
2502,6.80318168569346,-904.3428
2503,6.8059018702939,-31.79331
2504,6.80862205489434,284.9147
2505,6.81134223949478,465.8327
2506,6.81406242409521,747.5869
2507,6.81678260869565,18.12054
2508,6.81950279329609,142.9193
2509,6.82222297789653,254.4359
2510,6.82494316249696,653.903
2511,6.8276633470974,-322.7996
2512,6.83038353169784,35.23654
2513,6.83310371629827,307.74
2514,6.83582390089871,148.8477
2515,6.83854408549915,190.2012
2516,6.84126427009959,283.6327
2517,6.84398445470002,-650.8695
2518,6.84670463930046,223.2263
2519,6.8494248239009,-6.79686
2520,6.85214500850133,752.7763
2521,6.85486519310177,-300.7823
2522,6.85758537770221,-691.8905
2523,6.86030556230265,246.0128
2524,6.86302574690308,184.885
2525,6.86574593150352,1212.35
2526,6.86846611610396,-3.174356
2527,6.87118630070439,-156.8692
2528,6.87390648530483,-68.71851
2529,6.87662666990527,-226.6221
2530,6.87934685450571,-204.7893
2531,6.88206703910614,-496.4745
2532,6.88478722370658,213.245
2533,6.88750740830702,222.6817
2534,6.89022759290746,-711.618
2535,6.89294777750789,468.8808
2536,6.89566796210833,1218.818
2537,6.89838814670877,-84.31606
2538,6.9011083313092,-678.6528
2539,6.90382851590964,30.80256
2540,6.90654870051008,-804.2109
2541,6.90926888511052,286.4607
2542,6.91198906971095,176.4878
2543,6.91470925431139,-860.6105
2544,6.91742943891183,87.49382
2545,6.92014962351227,-320.5095
2546,6.9228698081127,85.25635
2547,6.92558999271314,423.4968
2548,6.92831017731358,53.12301
2549,6.93103036191401,-519.6012
2550,6.93375054651445,-481.8302
2551,6.93647073111489,-255.1434
2552,6.93919091571532,1065.972
2553,6.94191110031576,-585.0151
2554,6.9446312849162,331.2106
2555,6.94735146951664,-554.5864
2556,6.95007165411707,546.9659
2557,6.95279183871751,-453.1276
2558,6.95551202331795,899.7587
2559,6.95823220791839,-346.1681
2560,6.96095239251882,406.4885
2561,6.96367257711926,-472.1974
2562,6.9663927617197,-545.4066
2563,6.96911294632013,-116.3272
2564,6.97183313092057,340.5265
2565,6.97455331552101,-0.8679204
2566,6.97727350012145,362.6085
2567,6.97999368472188,621.8211
2568,6.98271386932232,467.0796
2569,6.98543405392276,367.5049
2570,6.9881542385232,633.6533
2571,6.99087442312363,475.0568
2572,6.99359460772407,-729.2145
2573,6.99631479232451,-84.93937
2574,6.99903497692494,680.4842
2575,7.00175516152538,423.5692
2576,7.00447534612582,134.179
2577,7.00719553072626,-116.1482
2578,7.00991571532669,-733.5043
2579,7.01263589992713,-480.9397
2580,7.01535608452757,94.32275
2581,7.018076269128,267.7366
2582,7.02079645372844,252.2448
2583,7.02351663832888,-193.152
2584,7.02623682292932,134.3159
2585,7.02895700752975,846.3916
2586,7.03167719213019,306.6683
2587,7.03439737673063,1420.792
2588,7.03711756133106,39.84414
2589,7.0398377459315,351.6018
2590,7.04255793053194,90.97897
2591,7.04527811513238,47.87479
2592,7.04799829973281,787.5968
2593,7.05071848433325,436.219
2594,7.05343866893369,39.41231
2595,7.05615885353412,506.4295
2596,7.05887903813456,-556.4096
2597,7.061599222735,77.67999
2598,7.06431940733544,149.791
2599,7.06703959193587,633.4185
2600,7.06975977653631,-847.7421
2601,7.07247996113675,-245.5637
2602,7.07520014573719,837.3466
2603,7.07792033033762,-34.51097
2604,7.08064051493806,-322.3049
2605,7.0833606995385,701.9001
2606,7.08608088413893,748.6036
2607,7.08880106873937,193.5714
2608,7.09152125333981,-443.3996
2609,7.09424143794025,-242.7752
2610,7.09696162254068,301.7543
2611,7.09968180714112,1316.55
2612,7.10240199174156,250.966
2613,7.10512217634199,536.7089
2614,7.10784236094243,410.3138
2615,7.11056254554287,-140.8658
2616,7.11328273014331,-494.6159
2617,7.11600291474374,-691.1584
2618,7.11872309934418,498.5497
2619,7.12144328394462,2.967098
2620,7.12416346854506,-258.706
2621,7.12688365314549,-31.33855
2622,7.12960383774593,-422.7986
2623,7.13232402234637,-54.61208
2624,7.1350442069468,138.1413
2625,7.13776439154724,-626.7467
2626,7.14048457614768,-60.56246
2627,7.14320476074812,515.0825
2628,7.14592494534855,792.6849
2629,7.14864512994899,646.3246
2630,7.15136531454943,10.97985
2631,7.15408549914986,-253.0013
2632,7.1568056837503,42.77302
2633,7.15952586835074,749.0831
2634,7.16224605295118,-100.9858
2635,7.16496623755161,158.8076
2636,7.16768642215205,44.59259
2637,7.17040660675249,137.7454
2638,7.17312679135293,112.4725
2639,7.17584697595336,484.212
2640,7.1785671605538,-820.0012
2641,7.18128734515424,538.0515
2642,7.18400752975467,-498.1381
2643,7.18672771435511,704.2223
2644,7.18944789895555,-270.4596
2645,7.19216808355599,1598.203
2646,7.19488826815642,586.7078
2647,7.19760845275686,7.929811
2648,7.2003286373573,-94.08504
2649,7.20304882195773,490.6025
2650,7.20576900655817,595.965
2651,7.20848919115861,-316.5298
2652,7.21120937575905,-539.6317
2653,7.21392956035948,-236.0969
2654,7.21664974495992,-634.6495
2655,7.21936992956036,8.122455
2656,7.2220901141608,392.0219
2657,7.22481029876123,344.4578
2658,7.22753048336167,-0.7765602
2659,7.23025066796211,355.1558
2660,7.23297085256254,300.2528
2661,7.23569103716298,-497.7391
2662,7.23841122176342,-838.845
2663,7.24113140636386,972.3061
2664,7.24385159096429,445.8994
2665,7.24657177556473,103.8386
2666,7.24929196016517,-402.2474
2667,7.2520121447656,410.3143
2668,7.25473232936604,-233.6704
2669,7.25745251396648,56.13177
2670,7.26017269856692,-747.1279
2671,7.26289288316735,71.05222
2672,7.26561306776779,601.3506
2673,7.26833325236823,-315.2636
2674,7.27105343696867,-1148.474
2675,7.2737736215691,-222.2928
2676,7.27649380616954,184.8686
2677,7.27921399076998,454.0414
2678,7.28193417537041,554.1187
2679,7.28465435997085,49.40253
2680,7.28737454457129,192.2746
2681,7.29009472917173,-22.82722
2682,7.29281491377216,-187.5404
2683,7.2955350983726,233.4663
2684,7.29825528297304,-832.8689
2685,7.30097546757347,-41.84076
2686,7.30369565217391,-624.9236
2687,7.30641583677435,415.3762
2688,7.30913602137479,368.7073
2689,7.31185620597522,-69.93191
2690,7.31457639057566,391.2053
2691,7.3172965751761,-502.6955
2692,7.32001675977654,101.4148
2693,7.32273694437697,-163.0065
2694,7.32545712897741,662.8381
2695,7.32817731357785,372.7104
2696,7.33089749817828,-516.6571
2697,7.33361768277872,-142.8994
2698,7.33633786737916,170.6509
2699,7.3390580519796,528.5898
2700,7.34177823658003,253.9003
2701,7.34449842118047,498.3225
2702,7.34721860578091,-576.1669
2703,7.34993879038134,349.064
2704,7.35265897498178,133.5638
2705,7.35537915958222,-120.8733
2706,7.35809934418266,-132.9864
2707,7.36081952878309,-171.7183
2708,7.36353971338353,934.5455
2709,7.36625989798397,1104.558
2710,7.3689800825844,910.0366
2711,7.37170026718484,-834.752
2712,7.37442045178528,688.2158
2713,7.37714063638572,-253.2
2714,7.37986082098615,-565.5586
2715,7.38258100558659,448.5013
2716,7.38530119018703,397.2246
2717,7.38802137478747,814.499
2718,7.3907415593879,-19.57723
2719,7.39346174398834,-39.53408
2720,7.39618192858878,119.8005
2721,7.39890211318921,-216.6616
2722,7.40162229778965,157.7371
2723,7.40434248239009,-20.63512
2724,7.40706266699053,-153.408
2725,7.40978285159096,-364.3347
2726,7.4125030361914,620.7318
2727,7.41522322079184,-889.2446
2728,7.41794340539227,754.0182
2729,7.42066358999271,158.6959
2730,7.42338377459315,-22.17395
2731,7.42610395919359,-566.5734
2732,7.42882414379402,435.4254
2733,7.43154432839446,-69.71188
2734,7.4342645129949,-172.3206
2735,7.43698469759534,-788.5983
2736,7.43970488219577,180.4929
2737,7.44242506679621,-109.773
2738,7.44514525139665,625.0114
2739,7.44786543599708,168.4389
2740,7.45058562059752,-89.42513
2741,7.45330580519796,-185.7464
2742,7.45602598979839,367.9881
2743,7.45874617439883,775.3442
2744,7.46146635899927,-41.85983
2745,7.46418654359971,-479.2416
2746,7.46690672820014,574.8179
2747,7.46962691280058,-91.82156
2748,7.47234709740102,307.5546
2749,7.47506728200146,452.2869
2750,7.47778746660189,-590.8123
2751,7.48050765120233,-263.9041
2752,7.48322783580277,-17.64479
2753,7.4859480204032,811.4186
2754,7.48866820500364,613.9448
2755,7.49138838960408,-604.0049
2756,7.49410857420452,219.9053
2757,7.49682875880495,284.4939
2758,7.49954894340539,587.0575
2759,7.50226912800583,828.298
2760,7.50498931260627,56.7129
2761,7.5077094972067,640.7355
2762,7.51042968180714,-223.4476
2763,7.51314986640758,230.5673
2764,7.51587005100801,350.7718
2765,7.51859023560845,582.6288
2766,7.52131042020889,439.8277
2767,7.52403060480933,-351.0748
2768,7.52675078940976,544.1385
2769,7.5294709740102,-238.0027
2770,7.53219115861064,-162.7064
2771,7.53491134321108,353.2673
2772,7.53763152781151,50.86588
2773,7.54035171241195,221.9655
2774,7.54307189701239,502.1073
2775,7.54579208161282,-304.8551
2776,7.54851226621326,-530.5297
2777,7.5512324508137,-737.9417
2778,7.55395263541413,219.7083
2779,7.55667282001457,754.9521
2780,7.55939300461501,80.72226
2781,7.56211318921545,-254.361
2782,7.56483337381588,135.0653
2783,7.56755355841632,-655.6023
2784,7.57027374301676,370.3293
2785,7.5729939276172,-365.6908
2786,7.57571411221763,-462.8474
2787,7.57843429681807,-217.1132
2788,7.58115448141851,329.4264
2789,7.58387466601894,305.0188
2790,7.58659485061938,383.1978
2791,7.58931503521982,680.8022
2792,7.59203521982026,16.1555
2793,7.59475540442069,-182.4872
2794,7.59747558902113,287.3003
2795,7.60019577362157,211.0411
2796,7.60291595822201,240.3354
2797,7.60563614282244,215.9117
2798,7.60835632742288,-207.9895
2799,7.61107651202332,-304.6864
2800,7.61379669662375,369.6422
2801,7.61651688122419,-229.9128
2802,7.61923706582463,-165.0813
2803,7.62195725042506,1099.478
2804,7.6246774350255,559.0077
2805,7.62739761962594,477.3182
2806,7.63011780422638,-249.1429
2807,7.63283798882681,158.5778
2808,7.63555817342725,89.31358
2809,7.63827835802769,-367.9746
2810,7.64099854262813,-627.7629
2811,7.64371872722856,-379.3925
2812,7.646438911829,601.9892
2813,7.64915909642944,-810.9813
2814,7.65187928102988,-425.5636
2815,7.65459946563031,301.0068
2816,7.65731965023075,1399.311
2817,7.66003983483119,-83.3795
2818,7.66276001943162,-167.2585
2819,7.66548020403206,-557.8336
2820,7.6682003886325,245.6676
2821,7.67092057323294,99.5386
2822,7.67364075783337,114.8477
2823,7.67636094243381,5.350825
2824,7.67908112703425,-1.489641
2825,7.68180131163468,-8.031354
2826,7.68452149623512,388.0164
2827,7.68724168083556,480.3333
2828,7.689961865436,339.2045
2829,7.69268205003643,318.712
2830,7.69540223463687,-362.265
2831,7.69812241923731,368.4398
2832,7.70084260383774,-69.5918
2833,7.70356278843818,-110.316
2834,7.70628297303862,-22.58413
2835,7.70900315763906,121.2906
2836,7.71172334223949,-934.4118
2837,7.71444352683993,-164.3852
2838,7.71716371144037,-562.1178
2839,7.71988389604081,262.7645
2840,7.72260408064124,659.6356
2841,7.72532426524168,-679.3588
2842,7.72804444984212,778.2871
2843,7.73076463444255,368.2299
2844,7.73348481904299,30.59131
2845,7.73620500364343,-161.7707
2846,7.73892518824387,-266.9338
2847,7.7416453728443,-148.7261
2848,7.74436555744474,221.936
2849,7.74708574204518,656.6641
2850,7.74980592664561,-313.8106
2851,7.75252611124605,-491.7387
2852,7.75524629584649,558.7037
2853,7.75796648044693,504.27
2854,7.76068666504736,342.4478
2855,7.7634068496478,448.3117
2856,7.76612703424824,917.1703
2857,7.76884721884867,912.7035
2858,7.77156740344911,591.6925
2859,7.77428758804955,948.3036
2860,7.77700777264999,-764.5757
2861,7.77972795725042,204.2336
2862,7.78244814185086,-223.2474
2863,7.7851683264513,-228.037
2864,7.78788851105174,836.5346
2865,7.79060869565217,598.8365
2866,7.79332888025261,-493.7316
2867,7.79604906485305,-141.6384
2868,7.79876924945348,854.3925
2869,7.80148943405392,908.3182
2870,7.80420961865436,-458.3809
2871,7.8069298032548,-656.405
2872,7.80964998785523,32.86888
2873,7.81237017245567,391.3414
2874,7.81509035705611,-199.194
2875,7.81781054165655,130.2243
2876,7.82053072625698,705.481
2877,7.82325091085742,-34.54637
2878,7.82597109545786,-23.00546
2879,7.82869128005829,473.4131
2880,7.83141146465873,177.8367
2881,7.83413164925917,659.2519
2882,7.83685183385961,651.6667
2883,7.83957201846004,-77.4679
2884,7.84229220306048,514.045
2885,7.84501238766092,-4.608447
2886,7.84773257226135,94.59784
2887,7.85045275686179,117.544
2888,7.85317294146223,210.4336
2889,7.85589312606266,-223.5211
2890,7.8586133106631,-174.862
2891,7.86133349526354,200.5446
2892,7.86405367986398,394.2321
2893,7.86677386446441,283.6929
2894,7.86949404906485,620.7701
2895,7.87221423366529,-645.209
2896,7.87493441826572,-708.4955
2897,7.87765460286616,-451.8185
2898,7.8803747874666,-203.9791
2899,7.88309497206704,-642.3044
2900,7.88581515666747,155.1576
2901,7.88853534126791,1350.714
2902,7.89125552586835,-967.8636
2903,7.89397571046879,-78.6763
2904,7.89669589506922,90.84467
2905,7.89941607966966,-211.3678
2906,7.9021362642701,-21.35386
2907,7.90485644887054,575.4927
2908,7.90757663347097,-142.7922
2909,7.91029681807141,701.2767
2910,7.91301700267185,-372.1261
2911,7.91573718727229,-538.4009
2912,7.91845737187272,-193.4365
2913,7.92117755647316,-437.5755
2914,7.9238977410736,268.3298
2915,7.92661792567403,-441.3256
2916,7.92933811027447,293.0103
2917,7.93205829487491,321.6473
2918,7.93477847947534,937.6494
2919,7.93749866407578,550.4285
2920,7.94021884867622,355.6019
2921,7.94293903327666,811.818
2922,7.94565921787709,800.2188
2923,7.94837940247753,-400.0758
2924,7.95109958707797,-134.9673
2925,7.95381977167841,187.7768
2926,7.95653995627884,-236.3883
2927,7.95926014087928,-375.7449
2928,7.96198032547972,-777.7698
2929,7.96470051008015,727.7353
2930,7.96742069468059,135.8738
2931,7.97014087928103,-124.6246
2932,7.97286106388146,-227.7998
2933,7.9755812484819,87.03716
2934,7.97830143308234,727.9709
2935,7.98102161768278,892.2615
2936,7.98374180228321,26.94459
2937,7.98646198688365,-574.3735
2938,7.98918217148409,415.6982
2939,7.99190235608453,170.5078
2940,7.99462254068496,251.6638
2941,7.9973427252854,63.3521
2942,8.00006290988584,604.422
2943,8.00278309448627,344.4922
2944,8.00550327908671,-985.8958
2945,8.00822346368715,-8.659894
2946,8.01094364828758,469.5706
2947,8.01366383288802,350.7942
2948,8.01638401748846,1025.107
2949,8.0191042020889,-78.9604
2950,8.02182438668934,78.81706
2951,8.02454457128977,14.37312
2952,8.02726475589021,445.1783
2953,8.02998494049065,286.4027
2954,8.03270512509108,-236.6996
2955,8.03542530969152,-413.1159
2956,8.03814549429196,-196.4305
2957,8.04086567889239,-557.5991
2958,8.04358586349283,323.1196
2959,8.04630604809327,261.3669
2960,8.04902623269371,290.3435
2961,8.05174641729414,-498.5272
2962,8.05446660189458,-237.5341
2963,8.05718678649502,175.1286
2964,8.05990697109546,594.6265
2965,8.06262715569589,-814.7544
2966,8.06534734029633,76.26937
2967,8.06806752489677,656.2992
2968,8.0707877094972,25.90893
2969,8.07350789409764,-367.8136
2970,8.07622807869808,-0.4095196
2971,8.07894826329852,174.6163
2972,8.08166844789895,642.1519
2973,8.08438863249939,211.2126
2974,8.08710881709983,288.0436
2975,8.08982900170027,-647.5828
2976,8.0925491863007,712.5455
2977,8.09526937090114,327.9487
2978,8.09798955550158,51.00779
2979,8.10070974010201,581.1851
2980,8.10342992470245,433.7415
2981,8.10615010930289,278.2907
2982,8.10887029390333,-1048.497
2983,8.11159047850376,164.0131
2984,8.1143106631042,403.4602
2985,8.11703084770464,903.0645
2986,8.11975103230508,24.17702
2987,8.12247121690551,159.7784
2988,8.12519140150595,153.9751
2989,8.12791158610639,806.3767
2990,8.13063177070682,466.024
2991,8.13335195530726,-521.0784
2992,8.1360721399077,863.8108
2993,8.13879232450814,317.4993
2994,8.14151250910857,396.8368
2995,8.14423269370901,-75.23111
2996,8.14695287830945,796.4121
2997,8.14967306290989,879.3492
2998,8.15239324751032,-780.2867
2999,8.15511343211076,100.1983
3000,8.1578336167112,314.0726
3001,8.16055380131163,196.8473
3002,8.16327398591207,147.4235
3003,8.16599417051251,265.1858
3004,8.16871435511294,-562.4927
3005,8.17143453971338,-759.6321
3006,8.17415472431382,-303.3297
3007,8.17687490891426,-117.1843
3008,8.17959509351469,517.1317
3009,8.18231527811513,1188.832
3010,8.18503546271557,563.1998
3011,8.187755647316,268.8904
3012,8.19047583191644,-135.893
3013,8.19319601651688,31.37619
3014,8.19591620111732,-276.4961
3015,8.19863638571775,980.4818
3016,8.20135657031819,-389.8
3017,8.20407675491863,58.68841
3018,8.20679693951906,2.928294
3019,8.2095171241195,358.9869
3020,8.21223730871994,-180.7062
3021,8.21495749332038,-138.4107
3022,8.21767767792081,-600.0724
3023,8.22039786252125,-413.5401
3024,8.22311804712169,365.7817
3025,8.22583823172213,-152.2752
3026,8.22855841632256,-458.957
3027,8.231278600923,-216.9085
3028,8.23399878552344,-343.152
3029,8.23671897012387,-65.1582
3030,8.23943915472431,772.907
3031,8.24215933932475,-86.5517
3032,8.24487952392519,376.5096
3033,8.24759970852562,-148.9913
3034,8.25031989312606,731.0517
3035,8.2530400777265,-520.8963
3036,8.25576026232693,-321.9308
3037,8.25848044692737,242.5354
3038,8.26120063152781,-618.2813
3039,8.26392081612825,291.6063
3040,8.26664100072868,201.7035
3041,8.26936118532912,-117.3966
3042,8.27208136992956,216.0172
3043,8.27480155453,-258.5757
3044,8.27752173913043,263.2913
3045,8.28024192373087,-329.9207
3046,8.28296210833131,28.02398
3047,8.28568229293174,323.5327
3048,8.28840247753218,203.1081
3049,8.29112266213262,-566.2498
3050,8.29384284673306,712.0992
3051,8.29656303133349,-137.5934
3052,8.29928321593393,623.3953
3053,8.30200340053437,-823.7167
3054,8.30472358513481,453.6552
3055,8.30744376973524,225.5712
3056,8.31016395433568,345.2593
3057,8.31288413893612,-527.804
3058,8.31560432353655,-216.8037
3059,8.31832450813699,-317.013
3060,8.32104469273743,-392.7221
3061,8.32376487733787,-460.7399
3062,8.3264850619383,581.4147
3063,8.32920524653874,258.4387
3064,8.33192543113918,-83.30117
3065,8.33464561573962,403.7365
3066,8.33736580034005,-90.20821
3067,8.34008598494049,-305.8752
3068,8.34280616954093,-395.8131
3069,8.34552635414136,245.8929
3070,8.3482465387418,-29.41142
3071,8.35096672334224,807.7919
3072,8.35368690794268,-1008.966
3073,8.35640709254311,538.3456
3074,8.35912727714355,-388.4782
3075,8.36184746174399,-368.4541
3076,8.36456764634443,-172.7725
3077,8.36728783094486,-486.5298
3078,8.3700080155453,-226.9523
3079,8.37272820014574,146.7735
3080,8.37544838474617,87.29446
3081,8.37816856934661,398.9021
3082,8.38088875394705,174.4196
3083,8.38360893854749,-2.447848
3084,8.38632912314792,-48.93633
3085,8.38904930774836,55.14144
3086,8.3917694923488,-304.1389
3087,8.39448967694924,654.3622
3088,8.39720986154967,-603.0278
3089,8.39993004615011,-211.1385
3090,8.40265023075055,-108.7841
3091,8.40537041535098,136.4189
3092,8.40809059995142,-733.5448
3093,8.41081078455186,-809.2904
3094,8.4135309691523,450.0896
3095,8.41625115375273,335.8867
3096,8.41897133835317,-277.1316
3097,8.42169152295361,-800.4188
3098,8.42441170755404,-297.2609
3099,8.42713189215448,372.1964
3100,8.42985207675492,-168.9285
3101,8.43257226135535,1159.159
3102,8.43529244595579,297.9772
3103,8.43801263055623,16.0265
3104,8.44073281515667,-371.8181
3105,8.4434529997571,128.3795
3106,8.44617318435754,-542.8506
3107,8.44889336895798,493.2349
3108,8.45161355355842,-743.0533
3109,8.45433373815885,-232.8781
3110,8.45705392275929,500.2698
3111,8.45977410735973,410.8297
3112,8.46249429196016,548.5952
3113,8.4652144765606,39.42259
3114,8.46793466116104,-498.7932
3115,8.47065484576148,299.67
3116,8.47337503036191,-1195.807
3117,8.47609521496235,118.5091
3118,8.47881539956279,-2.181535
3119,8.48153558416322,-403.9183
3120,8.48425576876366,-422.568
3121,8.4869759533641,186.6605
3122,8.48969613796454,-523.7224
3123,8.49241632256497,-876.8726
3124,8.49513650716541,839.0813
3125,8.49785669176585,-48.16372
3126,8.50057687636629,-356.586
3127,8.50329706096672,-257.8038
3128,8.50601724556716,106.6922
3129,8.50873743016759,-627.9218
3130,8.51145761476803,316.8843
3131,8.51417779936847,552.9495
3132,8.51689798396891,-159.9662
3133,8.51961816856935,40.85616
3134,8.52233835316978,-1082.358
3135,8.52505853777022,105.0964
3136,8.52777872237066,149.3996
3137,8.5304989069711,-374.4238
3138,8.53321909157153,-146.0668
3139,8.53593927617197,412.502
3140,8.53865946077241,-279.3723
3141,8.54137964537284,-223.1262
3142,8.54409982997328,531.209
3143,8.54682001457372,535.7437
3144,8.54954019917415,-162.8363
3145,8.55226038377459,189.021
3146,8.55498056837503,49.27863
3147,8.55770075297547,-34.05688
3148,8.5604209375759,175.4513
3149,8.56314112217634,-680.6634
3150,8.56586130677678,364.4753
3151,8.56858149137721,26.02187
3152,8.57130167597765,458.8428
3153,8.57402186057809,-412.2466
3154,8.57674204517853,467.044
3155,8.57946222977897,-737.1639
3156,8.5821824143794,-195.0752
3157,8.58490259897984,151.2231
3158,8.58762278358027,186.4897
3159,8.59034296818071,72.2001
3160,8.59306315278115,189.8557
3161,8.59578333738158,20.78876
3162,8.59850352198202,-489.6404
3163,8.60122370658246,528.8853
3164,8.6039438911829,-57.90932
3165,8.60666407578334,253.3292
3166,8.60938426038377,-57.15346
3167,8.61210444498421,295.0512
3168,8.61482462958465,-609.2019
3169,8.61754481418508,-960.0057
3170,8.62026499878552,658.7424
3171,8.62298518338596,-38.81723
3172,8.6257053679864,-374.9762
3173,8.62842555258684,479.142
3174,8.63114573718727,686.3414
3175,8.63386592178771,-386.3423
3176,8.63658610638815,310.8539
3177,8.63930629098858,505.9257
3178,8.64202647558902,577.0249
3179,8.64474666018946,101.5974
3180,8.64746684478989,-438.1183
3181,8.65018702939033,-122.5403
3182,8.65290721399077,-23.40178
3183,8.65562739859121,102.5707
3184,8.65834758319164,401.3182
3185,8.66106776779208,1040.233
3186,8.66378795239252,312.5858
3187,8.66650813699295,-665.3124
3188,8.66922832159339,205.6518
3189,8.67194850619383,-184.3989
3190,8.67466869079427,85.17467
3191,8.6773888753947,818.6129
3192,8.68010905999514,629.4354
3193,8.68282924459558,-601.0355
3194,8.68554942919601,451.5418
3195,8.68826961379645,173.1701
3196,8.69098979839689,-111.7095
3197,8.69370998299732,1098.971
3198,8.69643016759776,728.6563
3199,8.6991503521982,50.54545
3200,8.70187053679864,673.0389
3201,8.70459072139908,319.2446
3202,8.70731090599951,507.2979
3203,8.71003109059995,664.2415
3204,8.71275127520039,483.5827
3205,8.71547145980082,-393.1715
3206,8.71819164440126,70.7884
3207,8.7209118290017,-121.7083
3208,8.72363201360213,1623.034
3209,8.72635219820257,-269.2561
3210,8.72907238280301,577.9538
3211,8.73179256740345,-62.172
3212,8.73451275200388,-224.7063
3213,8.73723293660432,-544.9991
3214,8.73995312120476,825.1876
3215,8.7426733058052,126.5813
3216,8.74539349040563,613.2592
3217,8.74811367500607,624.4235
3218,8.75083385960651,664.3575
3219,8.75355404420694,602.0486
3220,8.75627422880738,296.0796
3221,8.75899441340782,116.8254
3222,8.76171459800826,452.6226
3223,8.76443478260869,164.9955
3224,8.76715496720913,760.6619
3225,8.76987515180957,-479.7312
3226,8.77259533641001,1471.435
3227,8.77531552101044,650.4623
3228,8.77803570561088,1061.146
3229,8.78075589021132,673.1585
3230,8.78347607481175,239.4752
3231,8.78619625941219,-382.2149
3232,8.78891644401263,-99.99545
3233,8.79163662861307,-274.7096
3234,8.7943568132135,612.2061
3235,8.79707699781394,449.6856
3236,8.79979718241438,-178.7073
3237,8.80251736701482,508.5269
3238,8.80523755161525,188.737
3239,8.80795773621569,-380.9561
3240,8.81067792081612,224.2575
3241,8.81339810541656,-255.3763
3242,8.816118290017,-376.9669
3243,8.81883847461744,1223.236
3244,8.82155865921787,610.6503
3245,8.82427884381831,-104.5707
3246,8.82699902841875,-239.6103
3247,8.82971921301919,-265.1861
3248,8.83243939761963,341.2327
3249,8.83515958222006,172.7773
3250,8.8378797668205,804.8172
3251,8.84059995142093,32.05081
3252,8.84332013602137,-533.8895
3253,8.84604032062181,162.0438
3254,8.84876050522225,110.268
3255,8.85148068982268,-319.3713
3256,8.85420087442312,291.6956
3257,8.85692105902356,260.485
3258,8.859641243624,-499.6042
3259,8.86236142822443,304.3174
3260,8.86508161282487,-669.3439
3261,8.86780179742531,477.3657
3262,8.87052198202574,368.8947
3263,8.87324216662618,-291.0053
3264,8.87596235122662,509.4171
3265,8.87868253582706,-376.2215
3266,8.88140272042749,-14.17565
3267,8.88412290502793,-164.6629
3268,8.88684308962837,-472.0814
3269,8.88956327422881,2.713486
3270,8.89228345882924,-447.0573
3271,8.89500364342968,-475.6365
3272,8.89772382803012,-127.3735
3273,8.90044401263055,-326.5708
3274,8.90316419723099,132.3752
3275,8.90588438183143,-746.8992
3276,8.90860456643187,73.56571
3277,8.9113247510323,555.7666
3278,8.91404493563274,-262.9934
3279,8.91676512023318,-1181.966
3280,8.91948530483361,-612.5609
3281,8.92220548943405,-587.3111
3282,8.92492567403449,-360.0394
3283,8.92764585863493,135.3026
3284,8.93036604323536,-206.1321
3285,8.9330862278358,-410.9794
3286,8.93580641243624,805.2223
3287,8.93852659703668,-373.7979
3288,8.94124678163711,-185.6875
3289,8.94396696623755,12.66267
3290,8.94668715083799,500.8157
3291,8.94940733543842,-494.3988
3292,8.95212752003886,-345.6076
3293,8.9548477046393,294.7152
3294,8.95756788923974,857.907
3295,8.96028807384017,313.1941
3296,8.96300825844061,646.4035
3297,8.96572844304105,1258.614
3298,8.96844862764149,30.17532
3299,8.97116881224192,-132.4997
3300,8.97388899684236,17.73306
3301,8.9766091814428,264.6346
3302,8.97932936604323,294.5877
3303,8.98204955064367,-137.3932
3304,8.98476973524411,138.0421
3305,8.98748991984455,218.6247
3306,8.99021010444498,-206.3522
3307,8.99293028904542,-45.99679
3308,8.99565047364586,-3.125603
3309,8.99837065824629,-898.1149
3310,9.00109084284673,319.0387
3311,9.00381102744717,774.184
3312,9.00653121204761,609.1686
3313,9.00925139664804,93.04172
3314,9.01197158124848,-16.52599
3315,9.01469176584892,-78.59892
3316,9.01741195044935,-46.64522
3317,9.02013213504979,162.8334
3318,9.02285231965023,1002.863
3319,9.02557250425066,-1564.626
3320,9.0282926888511,-236.8461
3321,9.03101287345154,-561.2464
3322,9.03373305805198,7.37595
3323,9.03645324265241,629.407
3324,9.03917342725285,804.4813
3325,9.04189361185329,14.17811
3326,9.04461379645373,-783.0955
3327,9.04733398105416,-388.762
3328,9.0500541656546,282.4179
3329,9.05277435025504,-447.944
3330,9.05549453485547,-636.2739
3331,9.05821471945591,469.0926
3332,9.06093490405635,656.1602
3333,9.06365508865679,324.4716
3334,9.06637527325722,122.4275
3335,9.06909545785766,-273.2904
3336,9.0718156424581,56.21085
3337,9.07453582705854,911.0866
3338,9.07725601165897,129.3063
3339,9.07997619625941,479.1235
3340,9.08269638085985,-792.7513
3341,9.08541656546028,521.8086
3342,9.08813675006072,-186.2682
3343,9.09085693466116,-102.3478
3344,9.0935771192616,-433.9142
3345,9.09629730386203,1111.352
3346,9.09901748846247,196.2861
3347,9.10173767306291,-151.8666
3348,9.10445785766335,-246.5022
3349,9.10717804226378,127.5674
3350,9.10989822686422,43.43983
3351,9.11261841146466,643.3521
3352,9.11533859606509,777.5662
3353,9.11805878066553,-41.26555
3354,9.12077896526597,-611.3268
3355,9.12349914986641,-331.8057
3356,9.12621933446684,-325.8984
3357,9.12893951906728,-103.6726
3358,9.13165970366772,-309.1111
3359,9.13437988826816,620.6371
3360,9.13710007286859,345.4457
3361,9.13982025746903,-242.3103
3362,9.14254044206947,377.8171
3363,9.1452606266699,-47.51255
3364,9.14798081127034,-148.0993
3365,9.15070099587078,-115.1016
3366,9.15342118047121,-344.4435
3367,9.15614136507165,559.3226
3368,9.15886154967209,1189.515
3369,9.16158173427253,-18.01086
3370,9.16430191887297,186.347
3371,9.1670221034734,26.73702
3372,9.16974228807384,-53.45669
3373,9.17246247267428,-227.695
3374,9.17518265727471,312.6846
3375,9.17790284187515,121.3097
3376,9.18062302647559,171.1614
3377,9.18334321107602,171.3582
3378,9.18606339567646,-638.6799
3379,9.1887835802769,754.124
3380,9.19150376487734,-210.4426
3381,9.19422394947777,87.77889
3382,9.19694413407821,-343.6065
3383,9.19966431867865,-148.9058
3384,9.20238450327909,-272.2165
3385,9.20510468787952,-258.1033
3386,9.20782487247996,121.2424
3387,9.2105450570804,726.1576
3388,9.21326524168083,-244.1985
3389,9.21598542628127,493.8464
3390,9.21870561088171,-302.135
3391,9.22142579548215,66.12802
3392,9.22414598008258,734.3588
3393,9.22686616468302,-323.7132
3394,9.22958634928346,753.7294
3395,9.23230653388389,-57.08969
3396,9.23502671848433,-377.6061
3397,9.23774690308477,-578.0438
3398,9.24046708768521,753.5049
3399,9.24318727228564,-305.7602
3400,9.24590745688608,211.5227
3401,9.24862764148652,155.8266
3402,9.25134782608696,678.9385
3403,9.25406801068739,-188.7365
3404,9.25678819528783,-720.9588
3405,9.25950837988827,-9.896878
3406,9.2622285644887,141.1098
3407,9.26494874908914,-388.6316
3408,9.26766893368958,-808.9118
3409,9.27038911829002,-130.1529
3410,9.27310930289045,265.1562
3411,9.27582948749089,396.9769
3412,9.27854967209133,-671.4297
3413,9.28126985669176,371.4419
3414,9.2839900412922,182.65
3415,9.28671022589264,-405.0606
3416,9.28943041049308,373.8247
3417,9.29215059509351,168.3855
3418,9.29487077969395,1015.618
3419,9.29759096429439,-1.351672
3420,9.30031114889482,133.9245
3421,9.30303133349526,-64.12742
3422,9.3057515180957,-807.2435
3423,9.30847170269614,417.829
3424,9.31119188729657,688.6927
3425,9.31391207189701,-427.8457
3426,9.31663225649745,277.2313
3427,9.31935244109789,249.424
3428,9.32207262569832,432.5485
3429,9.32479281029876,520.7598
3430,9.3275129948992,915.7071
3431,9.33023317949963,554.1474
3432,9.33295336410007,-61.6557
3433,9.33567354870051,-58.73472
3434,9.33839373330095,-126.518
3435,9.34111391790138,87.81174
3436,9.34383410250182,31.06051
3437,9.34655428710226,83.59308
3438,9.3492744717027,126.0388
3439,9.35199465630313,505.579
3440,9.35471484090357,715.9436
3441,9.35743502550401,-128.103
3442,9.36015521010444,284.2726
3443,9.36287539470488,236.0182
3444,9.36559557930532,-283.7382
3445,9.36831576390575,-82.09193
3446,9.37103594850619,-153.6882
3447,9.37375613310663,-458.1081
3448,9.37647631770707,355.5881
3449,9.3791965023075,-412.7833
3450,9.38191668690794,-423.0986
3451,9.38463687150838,126.0065
3452,9.38735705610882,611.1104
3453,9.39007724070925,226.9659
3454,9.39279742530969,-395.4526
3455,9.39551760991013,367.7312
3456,9.39823779451056,565.5752
3457,9.400957979111,838.0864
3458,9.40367816371144,-480.2436
3459,9.40639834831188,-145.0416
3460,9.40911853291231,-118.3851
3461,9.41183871751275,540.5333
3462,9.41455890211319,-149.4047
3463,9.41727908671363,-424.6214
3464,9.41999927131406,475.6337
3465,9.4227194559145,323.1068
3466,9.42543964051494,145.0033
3467,9.42815982511537,1124.512
3468,9.43088000971581,-1088.757
3469,9.43360019431625,275.2255
3470,9.43632037891669,22.02531
3471,9.43904056351712,-796.7263
3472,9.44176074811756,-1003.988
3473,9.444480932718,-329.8755
3474,9.44720111731844,484.0542
3475,9.44992130191887,-680.9805
3476,9.45264148651931,-109.4876
3477,9.45536167111975,132.5405
3478,9.45808185572018,-362.1863
3479,9.46080204032062,92.21151
3480,9.46352222492106,290.4409
3481,9.4662424095215,72.05472
3482,9.46896259412193,-246.2484
3483,9.47168277872237,56.27626
3484,9.47440296332281,-122.9643
3485,9.47712314792324,-198.5833
3486,9.47984333252368,935.1935
3487,9.48256351712412,44.55745
3488,9.48528370172455,-1172.675
3489,9.48800388632499,359.2295
3490,9.49072407092543,-18.41633
3491,9.49344425552587,85.97768
3492,9.49616444012631,157.0446
3493,9.49888462472674,-983.8549
3494,9.50160480932718,-350.1949
3495,9.50432499392761,160.3277
3496,9.50704517852805,-391.1763
3497,9.50976536312849,497.057
3498,9.51248554772893,428.2212
3499,9.51520573232937,814.5717
3500,9.5179259169298,711.3109
3501,9.52064610153024,656.5813
3502,9.52336628613068,506.4503
3503,9.52608647073111,-453.7578
3504,9.52880665533155,-284.9578
3505,9.53152683993198,-424.3164
3506,9.53424702453242,-69.59852
3507,9.53696720913286,-146.0052
3508,9.5396873937333,-987.6958
3509,9.54240757833374,-781.5019
3510,9.54512776293417,-827.7816
3511,9.54784794753461,336.1474
3512,9.55056813213505,457.0608
3513,9.55328831673548,545.7413
3514,9.55600850133592,-550.0056
3515,9.55872868593636,-178.8102
3516,9.5614488705368,-713.3745
3517,9.56416905513723,702.9589
3518,9.56688923973767,-365.9578
3519,9.56960942433811,388.2738
3520,9.57232960893855,315.8443
3521,9.57504979353898,-726.8591
3522,9.57776997813942,519.2228
3523,9.58049016273986,-137.1818
3524,9.58321034734029,738.7491
3525,9.58593053194073,974.2874
3526,9.58865071654117,741.5154
3527,9.5913709011416,-339.8494
3528,9.59409108574204,603.261
3529,9.59681127034248,-756.3417
3530,9.59953145494292,-997.4786
3531,9.60225163954335,-489.2855
3532,9.60497182414379,355.3483
3533,9.60769200874423,-130.4566
3534,9.61041219334466,78.72832
3535,9.6131323779451,-476.496
3536,9.61585256254554,70.26603
3537,9.61857274714598,-950.6629
3538,9.62129293174642,609.8005
3539,9.62401311634685,-440.9945
3540,9.62673330094729,512.6058
3541,9.62945348554773,-421.293
3542,9.63217367014816,-302.7047
3543,9.6348938547486,568.7738
3544,9.63761403934904,261.0039
3545,9.64033422394947,-697.8503
3546,9.64305440854991,110.5149
3547,9.64577459315035,-137.5221
3548,9.64849477775079,211.9868
3549,9.65121496235122,-153.5493
3550,9.65393514695166,425.0056
3551,9.6566553315521,-405.9213
3552,9.65937551615254,-442.1559
3553,9.66209570075297,75.59087
3554,9.66481588535341,-864.7546
3555,9.66753606995385,550.0093
3556,9.67025625455428,-247.4812
3557,9.67297643915473,427.3355
3558,9.67569662375516,-483.1236
3559,9.6784168083556,305.7654
3560,9.68113699295603,-1442.592
3561,9.68385717755647,-155.9308
3562,9.68657736215691,-365.5636
3563,9.68929754675735,-595.7744
3564,9.69201773135778,46.47254
3565,9.69473791595822,-81.93749
3566,9.69745810055866,-749.6174
3567,9.70017828515909,896.9965
3568,9.70289846975953,-56.92415
3569,9.70561865435997,-311.6879
3570,9.70833883896041,-657.8395
3571,9.71105902356084,-88.90198
3572,9.71377920816128,-643.6227
3573,9.71649939276172,595.7329
3574,9.71921957736216,254.065
3575,9.72193976196259,373.7195
3576,9.72465994656303,198.0425
3577,9.72738013116347,242.655
3578,9.7301003157639,19.94594
3579,9.73282050036434,562.3933
3580,9.73554068496478,-103.2117
3581,9.73826086956521,-558.2457
3582,9.74098105416565,-492.1924
3583,9.74370123876609,336.8241
3584,9.74642142336653,-498.1423
3585,9.74914160796696,-363.9828
3586,9.7518617925674,-434.0997
3587,9.75458197716784,-225.0885
3588,9.75730216176827,-467.3591
3589,9.76002234636871,-16.20581
3590,9.76274253096915,633.0042
3591,9.76546271556959,1040.191
3592,9.76818290017003,-489.746
3593,9.77090308477046,-231.9513
3594,9.7736232693709,-264.1214
3595,9.77634345397133,57.92384
3596,9.77906363857177,28.61773
3597,9.78178382317221,-150.9908
3598,9.78450400777265,-476.7275
3599,9.78722419237308,153.468
3600,9.78994437697352,-438.1018
3601,9.79266456157396,-225.5749
3602,9.7953847461744,-384.5038
3603,9.79810493077483,-395.2926
3604,9.80082511537527,-831.0784
3605,9.80354529997571,-409.5344
3606,9.80626548457614,-548.5082
3607,9.80898566917658,690.4276
3608,9.81170585377702,149.9259
3609,9.81442603837746,-277.3624
3610,9.8171462229779,-36.8763
3611,9.81986640757833,351.5161
3612,9.82258659217877,318.6881
3613,9.82530677677921,-484.3196
3614,9.82802696137964,-491.4932
3615,9.83074714598008,536.7355
3616,9.83346733058052,-108.612
3617,9.83618751518095,989.6411
3618,9.83890769978139,60.28984
3619,9.84162788438183,604.6228
3620,9.84434806898227,354.7778
3621,9.8470682535827,619.0433
3622,9.84978843818314,453.3705
3623,9.85250862278358,-75.35717
3624,9.85522880738401,-798.145
3625,9.85794899198445,378.0338
3626,9.86066917658489,46.29937
3627,9.86338936118533,-368.5032
3628,9.86610954578576,399.5807
3629,9.8688297303862,853.8075
3630,9.87154991498664,-128.2354
3631,9.87427009958708,508.518
3632,9.87699028418751,70.36742
3633,9.87971046878795,-56.51413
3634,9.88243065338839,381.0315
3635,9.88515083798882,649.6481
3636,9.88787102258926,-539.6617
3637,9.8905912071897,302.1296
3638,9.89331139179014,756.1665
3639,9.89603157639057,-47.49867
3640,9.89875176099101,-276.0134
3641,9.90147194559145,-290.4229
3642,9.90419213019189,610.3743
3643,9.90691231479232,270.6429
3644,9.90963249939276,134.9818
3645,9.9123526839932,-165.9229
3646,9.91507286859363,-1016.084
3647,9.91779305319407,32.87398
3648,9.92051323779451,570.8075
3649,9.92323342239495,713.4691
3650,9.92595360699538,530.3494
3651,9.92867379159582,-40.14888
3652,9.93139397619626,-430.8745
3653,9.9341141607967,-511.826
3654,9.93683434539713,387.3074
3655,9.93955452999757,-210.6228
3656,9.94227471459801,337.0626
3657,9.94499489919844,745.4126
3658,9.94771508379888,-70.3004
3659,9.95043526839932,-202.9101
3660,9.95315545299975,645.7492
3661,9.95587563760019,109.0175
3662,9.95859582220063,-208.5887
3663,9.96131600680107,-78.31967
3664,9.9640361914015,993.1984
3665,9.96675637600194,-321.9461
3666,9.96947656060238,-563.3654
3667,9.97219674520282,-212.2646
3668,9.97491692980325,744.9564
3669,9.97763711440369,40.86541
3670,9.98035729900413,614.8249
3671,9.98307748360456,173.8259
3672,9.985797668205,171.17
3673,9.98851785280544,-282.0839
3674,9.99123803740588,57.56738
3675,9.99395822200631,299.8073
3676,9.99667840660675,-777.5143
3677,9.99939859120719,920.0262
3678,10.0021187758076,-607.1794
3679,10.0048389604081,-418.7327
3680,10.0075591450085,-389.8487
3681,10.0102793296089,-116.7571
3682,10.0129995142094,231.6853
3683,10.0157196988098,197.3983
3684,10.0184398834102,402.9807
3685,10.0211600680107,-861.7155
3686,10.0238802526111,-90.57758
3687,10.0266004372116,-900.3059
3688,10.029320621812,215.3563
3689,10.0320408064124,-194.206
3690,10.0347609910129,371.8889
3691,10.0374811756133,612.4474
3692,10.0402013602137,33.79272
3693,10.0429215448142,492.3107
3694,10.0456417294146,537.5103
3695,10.0483619140151,-257.2571
3696,10.0510820986155,-801.2712
3697,10.0538022832159,138.8055
3698,10.0565224678164,432.8019
3699,10.0592426524168,-343.2102
3700,10.0619628370172,143.0571
3701,10.0646830216177,-37.12311
3702,10.0674032062181,734.0057
3703,10.0701233908186,530.9756
3704,10.072843575419,306.3904
3705,10.0755637600194,91.47766
3706,10.0782839446199,934.3817
3707,10.0810041292203,190.4243
3708,10.0837243138207,1346.188
3709,10.0864444984212,-85.80003
3710,10.0891646830216,-633.288
3711,10.0918848676221,-51.60572
3712,10.0946050522225,838.775
3713,10.0973252368229,-180.609
3714,10.1000454214234,-556.8304
3715,10.1027656060238,-241.5943
3716,10.1054857906242,519.3885
3717,10.1082059752247,382.8864
3718,10.1109261598251,587.1703
3719,10.1136463444256,109.6253
3720,10.116366529026,350.6902
3721,10.1190867136264,262.2142
3722,10.1218068982269,-249.9039
3723,10.1245270828273,-478.6909
3724,10.1272472674277,-5.758967
3725,10.1299674520282,-28.39341
3726,10.1326876366286,-25.32646
3727,10.1354078212291,-199.5672
3728,10.1381280058295,754.7103
3729,10.1408481904299,-141.1689
3730,10.1435683750304,-9.39023
3731,10.1462885596308,-1032.121
3732,10.1490087442312,96.88294
3733,10.1517289288317,-241.2798
3734,10.1544491134321,-32.09901
3735,10.1571692980325,340.0575
3736,10.159889482633,-196.9735
3737,10.1626096672334,-548.5528
3738,10.1653298518339,760.2545
3739,10.1680500364343,227.7838
3740,10.1707702210347,4.114493
3741,10.1734904056352,-325.5001
3742,10.1762105902356,-16.94894
3743,10.178930774836,-311.7039
3744,10.1816509594365,-21.69321
3745,10.1843711440369,-239.2394
3746,10.1870913286374,-562.9788
3747,10.1898115132378,-714.0281
3748,10.1925316978382,399.3706
3749,10.1952518824387,-713.5522
3750,10.1979720670391,-125.4908
3751,10.2006922516395,427.138
3752,10.20341243624,883.7543
3753,10.2061326208404,-146.854
3754,10.2088528054409,-279.1337
3755,10.2115729900413,-275.0936
3756,10.2142931746417,77.34132
3757,10.2170133592422,411.0169
3758,10.2197335438426,276.9017
3759,10.222453728443,-168.8637
3760,10.2251739130435,-422.8333
3761,10.2278940976439,300.2258
3762,10.2306142822444,-608.7334
3763,10.2333344668448,333.0344
3764,10.2360546514452,-227.5726
3765,10.2387748360457,-479.136
3766,10.2414950206461,-228.9537
3767,10.2442152052465,-233.3827
3768,10.246935389847,-581.6307
3769,10.2496555744474,-262.7298
3770,10.2523757590478,-399.5892
3771,10.2550959436483,231.3338
3772,10.2578161282487,385.9615
3773,10.2605363128492,232.81
3774,10.2632564974496,334.5764
3775,10.26597668205,156.4344
3776,10.2686968666505,-905.1018
3777,10.2714170512509,36.86233
3778,10.2741372358513,146.0061
3779,10.2768574204518,531.2593
3780,10.2795776050522,522.9086
3781,10.2822977896527,-239.8998
3782,10.2850179742531,-485.1524
3783,10.2877381588535,245.7074
3784,10.290458343454,-202.9715
3785,10.2931785280544,0.562222
3786,10.2958987126548,1360.371
3787,10.2986188972553,-241.2422
3788,10.3013390818557,-394.1586
3789,10.3040592664562,253.0347
3790,10.3067794510566,-860.5174
3791,10.309499635657,425.6947
3792,10.3122198202575,-598.2599
3793,10.3149400048579,84.72604
3794,10.3176601894583,-343.644
3795,10.3203803740588,-291.1798
3796,10.3231005586592,13.71727
3797,10.3258207432597,-386.8847
3798,10.3285409278601,140.9602
3799,10.3312611124605,-287.0639
3800,10.333981297061,-74.39167
3801,10.3367014816614,-148.9786
3802,10.3394216662618,-117.9786
3803,10.3421418508623,-461.6087
3804,10.3448620354627,-483.6454
3805,10.3475822200631,-563.7628
3806,10.3503024046636,-489.7876
3807,10.353022589264,493.1342
3808,10.3557427738645,-841.396
3809,10.3584629584649,15.25107
3810,10.3611831430653,273.2062
3811,10.3639033276658,-736.0365
3812,10.3666235122662,-65.86347
3813,10.3693436968666,-195.1623
3814,10.3720638814671,82.17476
3815,10.3747840660675,250.0602
3816,10.377504250668,785.8284
3817,10.3802244352684,-366.2067
3818,10.3829446198688,432.1125
3819,10.3856648044693,-227.5772
3820,10.3883849890697,-803.4247
3821,10.3911051736701,-400.4218
3822,10.3938253582706,154.5479
3823,10.396545542871,241.4769
3824,10.3992657274715,182.9018
3825,10.4019859120719,465.5803
3826,10.4047060966723,-140.3331
3827,10.4074262812728,743.7137
3828,10.4101464658732,172.9886
3829,10.4128666504736,277.3232
3830,10.4155868350741,185.4534
3831,10.4183070196745,493.4605
3832,10.421027204275,-409.3681
3833,10.4237473888754,-275.1088
3834,10.4264675734758,626.506
3835,10.4291877580763,423.2549
3836,10.4319079426767,176.3998
3837,10.4346281272771,-1209.753
3838,10.4373483118776,-39.65568
3839,10.440068496478,443.5554
3840,10.4427886810785,-608.2527
3841,10.4455088656789,351.1624
3842,10.4482290502793,152.1495
3843,10.4509492348798,257.0817
3844,10.4536694194802,870.8431
3845,10.4563896040806,26.53555
3846,10.4591097886811,90.99896
3847,10.4618299732815,840.7136
3848,10.464550157882,935.3372
3849,10.4672703424824,170.3551
3850,10.4699905270828,-252.4717
3851,10.4727107116833,411.075
3852,10.4754308962837,74.44505
3853,10.4781510808841,-188.4656
3854,10.4808712654846,440.3114
3855,10.483591450085,232.0803
3856,10.4863116346855,-21.10232
3857,10.4890318192859,114.9791
3858,10.4917520038863,-138.2862
3859,10.4944721884868,156.8519
3860,10.4971923730872,792.1161
3861,10.4999125576876,106.3321
3862,10.5026327422881,202.7536
3863,10.5053529268885,395.3345
3864,10.5080731114889,28.16428
3865,10.5107932960894,-405.0492
3866,10.5135134806898,-22.69285
3867,10.5162336652903,546.6212
3868,10.5189538498907,-403.1873
3869,10.5216740344911,-424.6658
3870,10.5243942190916,-315.6348
3871,10.527114403692,326.6922
3872,10.5298345882924,-505.7604
3873,10.5325547728929,155.9572
3874,10.5352749574933,724.511
3875,10.5379951420938,-150.091
3876,10.5407153266942,-239.9782
3877,10.5434355112946,671.9214
3878,10.5461556958951,492.4089
3879,10.5488758804955,764.2927
3880,10.5515960650959,-839.3132
3881,10.5543162496964,-312.5782
3882,10.5570364342968,560.621
3883,10.5597566188973,368.8388
3884,10.5624768034977,205.1944
3885,10.5651969880981,-74.26189
3886,10.5679171726986,558.2337
3887,10.570637357299,828.1047
3888,10.5733575418994,502.6112
3889,10.5760777264999,-720.9745
3890,10.5787979111003,333.793
3891,10.5815180957008,88.85342
3892,10.5842382803012,67.50327
3893,10.5869584649016,-236.3419
3894,10.5896786495021,-29.6967
3895,10.5923988341025,-461.4133
3896,10.5951190187029,240.2764
3897,10.5978392033034,465.6489
3898,10.6005593879038,-53.25475
3899,10.6032795725042,1122.194
3900,10.6059997571047,318.0478
3901,10.6087199417051,6.324033
3902,10.6114401263056,138.2985
3903,10.614160310906,-252.9478
3904,10.6168804955064,-321.2339
3905,10.6196006801069,361.3445
3906,10.6223208647073,288.4717
3907,10.6250410493077,-731.3366
3908,10.6277612339082,333.5951
3909,10.6304814185086,-82.32851
3910,10.6332016031091,-403.3811
3911,10.6359217877095,310.0534
3912,10.6386419723099,-110.7771
3913,10.6413621569104,-605.6514
3914,10.6440823415108,-747.5179
3915,10.6468025261112,537.4173
3916,10.6495227107117,256.115
3917,10.6522428953121,-92.62232
3918,10.6549630799126,355.5294
3919,10.657683264513,325.2162
3920,10.6604034491134,-259.7639
3921,10.6631236337139,378.6848
3922,10.6658438183143,1027.823
3923,10.6685640029147,346.4873
3924,10.6712841875152,542.955
3925,10.6740043721156,-534.6166
3926,10.6767245567161,514.3129
3927,10.6794447413165,-47.34182
3928,10.6821649259169,-833.3316
3929,10.6848851105174,306.4072
3930,10.6876052951178,-1011.132
3931,10.6903254797182,-193.6068
3932,10.6930456643187,18.1391
3933,10.6957658489191,362.0614
3934,10.6984860335196,-234.3327
3935,10.70120621812,1014.668
3936,10.7039264027204,-309.0704
3937,10.7066465873209,-877.5537
3938,10.7093667719213,-758.0273
3939,10.7120869565217,239.8493
3940,10.7148071411222,222.0924
3941,10.7175273257226,-449.0421
3942,10.7202475103231,351.1635
3943,10.7229676949235,379.8295
3944,10.7256878795239,178.8184
3945,10.7284080641244,412.6122
3946,10.7311282487248,319.5818
3947,10.7338484333252,245.3173
3948,10.7365686179257,-100.0157
3949,10.7392888025261,849.0826
3950,10.7420089871265,264.25
3951,10.744729171727,-32.35887
3952,10.7474493563274,754.51
3953,10.7501695409279,-358.5521
3954,10.7528897255283,-374.6591
3955,10.7556099101287,1345.356
3956,10.7583300947292,247.6108
3957,10.7610502793296,651.2772
3958,10.76377046393,646.2834
3959,10.7664906485305,-562.2877
3960,10.7692108331309,-672.6421
3961,10.7719310177314,-48.87782
3962,10.7746512023318,134.7813
3963,10.7773713869322,-88.30729
3964,10.7800915715327,176.8286
3965,10.7828117561331,529.0162
3966,10.7855319407335,147.4947
3967,10.788252125334,-131.5214
3968,10.7909723099344,258.5867
3969,10.7936924945349,640.4533
3970,10.7964126791353,158.9353
3971,10.7991328637357,-425.2915
3972,10.8018530483362,-320.8369
3973,10.8045732329366,667.0878
3974,10.807293417537,-119.8838
3975,10.8100136021375,24.74867
3976,10.8127337867379,-677.7141
3977,10.8154539713384,-667.2911
3978,10.8181741559388,548.9142
3979,10.8208943405392,166.7621
3980,10.8236145251397,385.507
3981,10.8263347097401,-151.9171
3982,10.8290548943405,12.45855
3983,10.831775078941,196.9279
3984,10.8344952635414,629.668
3985,10.8372154481418,-207.5263
3986,10.8399356327423,647.2207
3987,10.8426558173427,197.6421
3988,10.8453760019432,66.38514
3989,10.8480961865436,-508.8051
3990,10.850816371144,-8.972789
3991,10.8535365557445,416.336
3992,10.8562567403449,44.80433
3993,10.8589769249453,128.1891
3994,10.8616971095458,243.3016
3995,10.8644172941462,403.7675
3996,10.8671374787467,91.05107
3997,10.8698576633471,439.3652
3998,10.8725778479475,368.9922
3999,10.875298032548,394.2076
4000,10.8780182171484,225.8028
4001,10.8807384017488,383.4699
4002,10.8834585863493,143.214
4003,10.8861787709497,142.5851
4004,10.8888989555502,235.9822
4005,10.8916191401506,-1406.227
4006,10.894339324751,-332.8416
4007,10.8970595093515,-281.6671
4008,10.8997796939519,241.8686
4009,10.9024998785523,-381.6255
4010,10.9052200631528,594.2214
4011,10.9079402477532,279.253
4012,10.9106604323537,-65.34618
4013,10.9133806169541,-110.0979
4014,10.9161008015545,931.9525
4015,10.918820986155,-723.8317
4016,10.9215411707554,105.9059
4017,10.9242613553558,-16.93045
4018,10.9269815399563,-47.17863
4019,10.9297017245567,-776.9959
4020,10.9324219091571,416.9401
4021,10.9351420937576,87.34936
4022,10.937862278358,212.4443
4023,10.9405824629585,-332.8931
4024,10.9433026475589,178.3476
4025,10.9460228321593,-200.8049
4026,10.9487430167598,784.9806
4027,10.9514632013602,-336.8108
4028,10.9541833859607,63.57647
4029,10.9569035705611,-108.7886
4030,10.9596237551615,-54.13087
4031,10.962343939762,812.7138
4032,10.9650641243624,79.50347
4033,10.9677843089628,665.7422
4034,10.9705044935633,333.2975
4035,10.9732246781637,-294.0874
4036,10.9759448627641,-165.5671
4037,10.9786650473646,396.1448
4038,10.981385231965,117.4699
4039,10.9841054165655,205.7379
4040,10.9868256011659,547.3121
4041,10.9895457857663,94.74705
4042,10.9922659703668,154.449
4043,10.9949861549672,12.67001
4044,10.9977063395676,-15.63366
4045,11.0004265241681,122.3956
4046,11.0031467087685,3.409956
4047,11.005866893369,-159.6426
4048,11.0085870779694,84.72395
4049,11.0113072625698,199.3453
4050,11.0140274471703,-264.9445
4051,11.0167476317707,433.9908
4052,11.0194678163711,-188.2462
4053,11.0221880009716,112.4499
4054,11.024908185572,-6.075541
4055,11.0276283701725,-9.166991
4056,11.0303485547729,-267.5056
4057,11.0330687393733,305.4335
4058,11.0357889239738,123.2749
4059,11.0385091085742,724.4236
4060,11.0412292931746,208.3382
4061,11.0439494777751,-457.5768
4062,11.0466696623755,-2.899541
4063,11.049389846976,1150.589
4064,11.0521100315764,158.5569
4065,11.0548302161768,-135.8753
4066,11.0575504007773,-51.56324
4067,11.0602705853777,-93.21941
4068,11.0629907699781,586.5941
4069,11.0657109545786,77.77797
4070,11.068431139179,271.7861
4071,11.0711513237795,156.9422
4072,11.0738715083799,-101.3681
4073,11.0765916929803,666.3888
4074,11.0793118775808,-94.68793
4075,11.0820320621812,-587.3776
4076,11.0847522467816,-828.3428
4077,11.0874724313821,896.3527
4078,11.0901926159825,73.25275
4079,11.0929128005829,-357.586
4080,11.0956329851834,-637.9912
4081,11.0983531697838,804.1918
4082,11.1010733543843,256.9277
4083,11.1037935389847,990.2835
4084,11.1065137235851,575.8486
4085,11.1092339081856,252.9289
4086,11.111954092786,585.8951
4087,11.1146742773864,299.4177
4088,11.1173944619869,535.3193
4089,11.1201146465873,-82.54257
4090,11.1228348311878,-277.8126
4091,11.1255550157882,13.65205
4092,11.1282752003886,-834.7532
4093,11.1309953849891,-232.8499
4094,11.1337155695895,207.2461
4095,11.1364357541899,140.5686
4096,11.1391559387904,-164.799
4097,11.1418761233908,-347.9455
4098,11.1445963079913,1168.318
4099,11.1473164925917,413.4422
4100,11.1500366771921,-37.67955
4101,11.1527568617926,-139.8371
4102,11.155477046393,-210.7839
4103,11.1581972309934,344.536
4104,11.1609174155939,-1082.811
4105,11.1636376001943,977.7891
4106,11.1663577847948,-256.5012
4107,11.1690779693952,483.6
4108,11.1717981539956,-301.8674
4109,11.1745183385961,372.2165
4110,11.1772385231965,177.4079
4111,11.1799587077969,-297.4875
4112,11.1826788923974,1219.485
4113,11.1853990769978,-150.4152
4114,11.1881192615982,-751.5074
4115,11.1908394461987,-280.4757
4116,11.1935596307991,-404.6714
4117,11.1962798153996,243.5299
4118,11.199,579.2203
