Temperaturee (°C),Heat flow (W/g)
70.0103,0.00847394
70.0106,0.00848074
70.0104,0.00848731
70.0102,0.00849137
70.0103,0.00849472
70.0111,0.00849924
70.0104,0.00850505
70.0106,0.00851098
70.0107,0.00851685
70.0112,0.00852254
70.0104,0.00852616
70.0111,0.00853227
70.0119,0.00853885
70.0128,0.00854714
70.0124,0.00855658
70.013,0.00856308
70.0122,0.00857313
70.0126,0.00858286
70.0131,0.00859286
70.0143,0.00860505
70.0152,0.00861863
70.0148,0.008632
70.0165,0.00866269
70.017,0.00872059
70.0186,0.00879744
70.0204,0.00894759
70.0216,0.00914978
70.0229,0.00950807
70.025,0.0102135
70.0269,0.0112239
70.0295,0.01277
70.0317,0.0146268
70.0343,0.0170276
70.0367,0.0192532
70.0386,0.0214682
70.042,0.0237755
70.0453,0.0262665
70.0489,0.0281077
70.0524,0.0300527
70.0582,0.0316387
70.061,0.0338724
70.0651,0.035678
70.0697,0.0380729
70.0747,0.0400621
70.0801,0.0418285
70.0851,0.043625
70.0916,0.0455238
70.0965,0.0476523
70.1025,0.0497696
70.1089,0.0520309
70.1159,0.0538964
70.1227,0.0562023
70.1295,0.058006
70.1369,0.0601269
70.1431,0.0617208
70.1519,0.063405
70.1593,0.0648843
70.1671,0.0664748
70.1758,0.0677915
70.1835,0.0690138
70.1928,0.0706002
70.2018,0.0720136
70.21,0.073225
70.2188,0.074593
70.2288,0.0756357
70.2381,0.0766339
70.2483,0.0777328
70.2581,0.0783428
70.2677,0.0789436
70.2785,0.0796916
70.2882,0.0802171
70.299,0.0807888
70.3094,0.0813251
70.32,0.0819794
70.3312,0.0824613
70.3421,0.0823153
70.3525,0.0821963
70.3637,0.0820011
70.3748,0.0819883
70.3867,0.08148
70.3982,0.0809221
70.4103,0.0805939
70.4215,0.0806548
70.4332,0.0802107
70.4451,0.0799564
70.4578,0.0796466
70.4687,0.07929
70.481,0.0779969
70.4935,0.0773116
70.5057,0.0765494
70.5183,0.075635
70.5307,0.0747999
70.5437,0.0743145
70.5553,0.0739441
70.5673,0.0733935
70.581,0.0727303
70.5928,0.0719258
70.6054,0.0709474
70.6183,0.0698668
70.6317,0.0686494
70.645,0.0673051
70.6576,0.0658658
70.6706,0.0645988
70.6832,0.0634858
70.6968,0.0625036
70.7097,0.061429
70.723,0.060097
70.7359,0.0587185
70.7498,0.0572981
70.7631,0.0560267
70.777,0.0541225
70.7902,0.0529424
70.8034,0.0514688
70.8174,0.0503148
70.8297,0.0490876
70.8447,0.0476446
70.8574,0.0462025
70.8714,0.0446515
70.8859,0.0435952
70.899,0.0423058
70.913,0.0410548
70.9279,0.0398195
70.9409,0.0388843
70.9551,0.037729
70.9694,0.0364864
70.9833,0.0357408
70.9977,0.0345306
71.0116,0.033339
71.0258,0.0322294
71.0397,0.0309162
71.0543,0.0298401
71.0682,0.0283936
71.0829,0.0272211
71.097,0.0259726
71.1114,0.0245951
71.1255,0.0236745
71.1409,0.0229007
71.1549,0.0218816
71.1706,0.0206384
71.1839,0.0194319
71.1984,0.0182356
71.2132,0.0171018
71.2285,0.0158086
71.2434,0.0149614
71.2582,0.0141438
71.2723,0.0134114
71.2872,0.012576
71.303,0.0116145
71.3169,0.0107602
71.3325,0.00976702
71.3466,0.00834457
71.3617,0.00715629
71.3769,0.00587271
71.3923,0.00450759
71.4072,0.00349002
71.4218,0.00272138
71.437,0.00181822
71.4524,0.000614045
71.4678,0.000140101
71.4823,-0.000781652
71.4985,-0.00171895
71.5127,-0.00290329
71.5298,-0.00367934
71.5439,-0.00481515
71.5587,-0.00554613
71.5741,-0.00622485
71.5895,-0.00721494
71.6049,-0.00839708
71.62,-0.00930912
71.636,-0.00986538
71.6514,-0.0108336
71.6661,-0.0116218
71.6825,-0.0126411
71.6965,-0.0132239
71.7127,-0.0142059
71.7281,-0.0148075
71.7437,-0.0158891
71.76,-0.0167575
71.774,-0.0177201
71.7912,-0.018251
71.8064,-0.0190136
71.8218,-0.0198066
71.8387,-0.0206625
71.8535,-0.0216038
71.8682,-0.0224386
71.8841,-0.0231788
71.9007,-0.0241077
71.9153,-0.0249104
71.9322,-0.0257564
71.948,-0.0264123
71.9641,-0.0268236
71.9794,-0.0274821
71.9952,-0.0282988
72.0112,-0.0285587
72.0275,-0.0291011
72.0419,-0.029839
72.0581,-0.0307357
72.0742,-0.0317884
72.0893,-0.0325991
72.1054,-0.0335708
72.122,-0.0344352
72.1383,-0.0348013
72.1537,-0.0354475
72.1703,-0.0357242
72.1864,-0.0362276
72.2019,-0.0365984
72.2178,-0.0372093
72.2337,-0.0377804
72.25,-0.0384557
72.2656,-0.0392829
72.2822,-0.0401923
72.2987,-0.0408133
72.3142,-0.041216
72.3308,-0.0416785
72.3463,-0.0424878
72.3625,-0.0431051
72.3784,-0.0438518
72.3952,-0.0442808
72.4109,-0.0450462
72.4269,-0.0458284
72.4426,-0.0463038
72.4588,-0.0466253
72.475,-0.0465753
72.4925,-0.0471021
72.5074,-0.0475882
72.5236,-0.0478935
72.5404,-0.0486018
72.5563,-0.049117
72.5723,-0.0495699
72.5879,-0.0501894
72.6035,-0.0507459
72.621,-0.0514628
72.6374,-0.0518311
72.6527,-0.0520913
72.6695,-0.0525578
72.685,-0.0530537
72.702,-0.0535536
72.7175,-0.0540506
72.7343,-0.054491
72.7504,-0.0548804
72.7667,-0.0550741
72.7832,-0.0554132
72.7997,-0.055782
72.8168,-0.0562822
72.8318,-0.0567627
72.8476,-0.0570704
72.8643,-0.0573556
72.8808,-0.0577791
72.8971,-0.0581705
72.9134,-0.0587179
72.9298,-0.0591419
72.9459,-0.0594379
72.9627,-0.0596675
72.9787,-0.0598977
72.9954,-0.0603251
73.0117,-0.0607108
73.0283,-0.0609847
73.045,-0.0611776
73.0612,-0.0613814
73.077,-0.0616665
73.0932,-0.0619125
73.1099,-0.0621209
73.1263,-0.0622901
73.1424,-0.0624345
73.1584,-0.0627133
73.1759,-0.0631248
73.1916,-0.0635262
73.2077,-0.0637876
73.2249,-0.0640748
73.2407,-0.0643812
73.2573,-0.0647683
73.2738,-0.0652282
73.2902,-0.0655829
73.3064,-0.0658118
73.3233,-0.0660684
73.34,-0.066375
73.3559,-0.0666546
73.3728,-0.066867
73.3889,-0.0671045
73.4055,-0.0673119
73.4218,-0.0675335
73.4379,-0.067759
73.4552,-0.0679859
73.4711,-0.0681631
73.4871,-0.068253
73.5041,-0.0683522
73.52,-0.0684892
73.5365,-0.0685987
73.5533,-0.068728
73.569,-0.0689484
73.5862,-0.0691284
73.602,-0.0693559
73.6183,-0.0696797
73.6355,-0.0699688
73.6529,-0.0702911
73.6686,-0.070535
73.6857,-0.0707429
73.7021,-0.0708541
73.7182,-0.0709157
73.7347,-0.0709809
73.7515,-0.071127
73.7676,-0.0712097
73.7835,-0.0713279
73.8012,-0.0714919
73.8175,-0.0717006
73.8335,-0.071944
73.8496,-0.0721595
73.8673,-0.0723875
73.8833,-0.0725477
73.8997,-0.072701
73.9161,-0.0728539
73.9329,-0.0729924
73.9491,-0.0731171
73.9662,-0.0732384
73.9826,-0.0733711
73.9999,-0.0734937
74.0161,-0.073696
74.0328,-0.0738702
74.0495,-0.0739978
74.0657,-0.0740984
74.0822,-0.0742266
74.0986,-0.0743868
74.1152,-0.074489
74.132,-0.0745595
74.1481,-0.0746023
74.1653,-0.0746544
74.1819,-0.0747201
74.1971,-0.0748023
74.2134,-0.0748911
74.2303,-0.0749898
74.2461,-0.0750992
74.2638,-0.0752341
74.2796,-0.0753425
74.2973,-0.0754383
74.3133,-0.075535
74.3299,-0.0756263
74.3464,-0.0756999
74.3629,-0.0758301
74.3802,-0.0759584
74.3966,-0.0760893
74.4131,-0.0762147
74.4296,-0.0763182
74.4462,-0.0764287
74.4626,-0.076504
74.4791,-0.0765537
74.4955,-0.0766041
74.5121,-0.076642
74.5293,-0.076681
74.5459,-0.0767461
74.5622,-0.0768074
74.5791,-0.0768603
74.5954,-0.0769121
74.6117,-0.0769418
74.6285,-0.0769729
74.6455,-0.077012
74.6608,-0.0770577
74.6776,-0.0771256
74.6941,-0.0771877
74.7108,-0.0772245
74.7276,-0.077269
74.7437,-0.0773352
74.7608,-0.0773683
74.7774,-0.0774108
74.7936,-0.0774434
74.811,-0.0774605
74.827,-0.0774779
74.8435,-0.0775164
74.86,-0.0775657
74.8764,-0.0776354
74.8929,-0.0777038
74.9096,-0.0778025
74.9271,-0.0778698
74.9431,-0.0779243
74.9597,-0.0780188
74.9771,-0.0780712
74.993,-0.0781032
75.01,-0.0781177
75.0264,-0.0782086
75.0432,-0.0782218
75.059,-0.0782355
75.0758,-0.0782581
75.0918,-0.0782733
75.1089,-0.0782929
75.1257,-0.0783183
75.1423,-0.0783407
75.159,-0.0783712
75.1753,-0.0783879
75.192,-0.0784045
75.2091,-0.0784234
75.2262,-0.0784402
75.2417,-0.0784558
75.2589,-0.0784731
75.2754,-0.0784977
75.2923,-0.0785272
75.3086,-0.0785551
75.3256,-0.0785769
75.3417,-0.0785949
75.3579,-0.078614
75.3748,-0.0786333
75.3917,-0.0786596
75.4085,-0.0786796
75.4243,-0.0786993
75.4418,-0.0787181
75.4579,-0.0787378
75.475,-0.0787567
75.4907,-0.0787767
75.507,-0.078796
75.5236,-0.0788196
75.5409,-0.078847
75.5575,-0.0788909
75.5742,-0.0789437
75.591,-0.0790063
75.6079,-0.0790546
75.624,-0.0790995
75.6407,-0.0791232
75.6576,-0.0791794
75.6751,-0.0792226
75.6903,-0.0792607
75.7076,-0.0792997
75.7239,-0.0793182
75.7396,-0.0793356
75.7579,-0.0793633
75.7741,-0.079386
75.7899,-0.0794035
75.8063,-0.0794254
75.8232,-0.0794473
75.8404,-0.0794709
75.8565,-0.0795068
75.8732,-0.0795316
75.8902,-0.079555
75.9072,-0.0795762
75.9244,-0.0795971
75.9395,-0.0796167
75.9568,-0.0796341
75.9733,-0.0796515
75.9903,-0.0796715
76.0067,-0.0796902
76.0238,-0.0797097
76.0397,-0.0797292
76.0558,-0.0797498
76.0732,-0.079769
76.0901,-0.0797885
76.106,-0.0798063
76.122,-0.0798252
76.139,-0.0798446
76.156,-0.0798633
76.1722,-0.0798857
76.1896,-0.079909
76.2062,-0.0799285
76.2223,-0.0799483
76.2383,-0.0799671
76.2558,-0.0799857
76.2719,-0.0800042
76.2888,-0.0800227
76.3056,-0.0800408
76.3219,-0.0800574
76.3385,-0.0800739
76.3548,-0.0800906
76.3723,-0.0801076
76.3886,-0.0801256
76.4046,-0.0801425
76.4219,-0.0801606
76.4388,-0.080178
76.4551,-0.080195
76.4718,-0.0802126
76.4882,-0.0802325
76.5052,-0.0802518
76.5213,-0.0802694
76.538,-0.0802873
76.5545,-0.0803066
76.571,-0.0803267
76.5881,-0.0803462
76.6042,-0.0803676
76.6209,-0.0803886
76.6387,-0.0804093
76.6551,-0.0804294
76.6711,-0.0804512
76.689,-0.0804707
76.704,-0.0804895
76.7215,-0.0805072
76.7389,-0.0805239
76.7552,-0.080541
76.7708,-0.0805561
76.7884,-0.0805729
76.8042,-0.080589
76.8215,-0.0806045
76.8385,-0.0806217
76.8539,-0.0806375
76.8709,-0.0806514
76.8876,-0.0806664
76.9043,-0.0806809
76.9206,-0.0806951
76.9371,-0.0807097
76.9539,-0.0807219
76.9705,-0.080736
76.9871,-0.0807513
77.0034,-0.0807678
77.0201,-0.0807832
77.037,-0.0807979
77.0539,-0.0808121
77.0702,-0.0808275
77.0866,-0.0808438
77.1033,-0.0808601
77.1204,-0.0808763
77.1356,-0.0808919
77.1535,-0.0809062
77.17,-0.0809207
77.1871,-0.0809353
77.2035,-0.0809496
77.22,-0.0809658
77.2364,-0.0809799
77.2529,-0.0809952
77.2701,-0.081008
77.2861,-0.0810206
77.303,-0.081034
77.3196,-0.0810493
77.3366,-0.0810647
77.3522,-0.0810798
77.369,-0.0810948
77.3862,-0.0811083
77.4025,-0.0811225
77.419,-0.0811351
77.4362,-0.0811481
77.4519,-0.0811598
77.4688,-0.0811703
77.4859,-0.081183
77.5023,-0.0811944
77.5194,-0.0812058
77.5353,-0.0812183
77.5529,-0.0812288
77.5687,-0.0812393
77.585,-0.0812492
77.6021,-0.0812591
77.619,-0.0812693
77.6354,-0.0812775
77.6517,-0.081288
77.6688,-0.081297
77.6853,-0.0813065
77.7022,-0.0813163
77.7188,-0.0813281
77.7363,-0.0813402
77.7517,-0.0813527
77.7685,-0.0813664
77.7858,-0.0813801
77.8017,-0.0813926
77.8184,-0.0814048
77.8358,-0.0814182
77.8528,-0.0814288
77.8688,-0.0814403
77.8852,-0.0814511
77.9028,-0.0814612
77.9182,-0.0814706
77.9348,-0.0814809
77.9517,-0.0814937
77.9687,-0.0815061
77.9848,-0.0815162
78.0018,-0.0815282
78.0179,-0.0815403
78.0347,-0.0815503
78.0517,-0.081558
78.0673,-0.081566
78.0848,-0.0815723
78.1004,-0.0815789
78.1171,-0.0815861
78.1338,-0.081593
78.1504,-0.0816003
78.1685,-0.0816091
78.1835,-0.0816195
78.2001,-0.0816313
78.2172,-0.0816423
78.2336,-0.0816529
78.2507,-0.0816632
78.2677,-0.0816734
78.2848,-0.081684
78.3008,-0.0816933
78.3182,-0.081702
78.3344,-0.0817102
78.351,-0.0817178
78.3676,-0.0817229
78.3841,-0.0817306
78.4008,-0.0817369
78.4178,-0.081744
78.4334,-0.0817486
78.4504,-0.0817544
78.4678,-0.0817593
78.4836,-0.0817648
78.5002,-0.0817689
78.5174,-0.0817755
78.5335,-0.0817815
78.5507,-0.0817875
78.5674,-0.0817957
78.584,-0.0818051
78.6,-0.0818144
78.6167,-0.0818234
78.6339,-0.0818301
78.6502,-0.0818375
78.6671,-0.0818424
78.6841,-0.0818499
78.7002,-0.0818583
78.7172,-0.0818653
78.7331,-0.0818721
78.7506,-0.0818756
78.767,-0.0818802
78.783,-0.0818856
78.8003,-0.0818904
78.8167,-0.0818936
78.833,-0.0818958
78.8496,-0.0818998
78.866,-0.0819033
78.8827,-0.0819084
78.899,-0.0819168
78.917,-0.0819256
78.933,-0.0819315
78.9499,-0.0819363
78.9675,-0.0819434
78.9837,-0.0819482
79.0002,-0.0819523
79.0166,-0.081956
79.0324,-0.0819602
79.0494,-0.081964
79.0662,-0.0819693
79.0823,-0.0819759
79.0993,-0.0819832
79.1166,-0.0819899
79.1329,-0.0819956
79.1496,-0.0819986
79.1662,-0.082003
79.1831,-0.082006
79.1989,-0.0820093
79.2158,-0.0820094
79.232,-0.0820103
79.2492,-0.0820106
79.2661,-0.0820116
79.2827,-0.0820164
79.2993,-0.0820223
79.3156,-0.0820275
79.3331,-0.0820289
79.3491,-0.0820334
79.3662,-0.0820368
79.3825,-0.082039
79.3986,-0.0820418
79.4161,-0.082047
79.4328,-0.082053
79.4496,-0.0820605
79.4655,-0.082068
79.4826,-0.082076
79.499,-0.0820815
79.5157,-0.0820861
79.5328,-0.0820899
79.5496,-0.0820942
79.5652,-0.0820975
79.5823,-0.0821013
79.5996,-0.0821024
79.6158,-0.0821057
79.6335,-0.0821095
79.6497,-0.0821122
79.6658,-0.0821154
79.682,-0.0821178
79.6991,-0.0821211
79.7153,-0.0821233
79.7326,-0.0821267
79.7496,-0.0821298
79.7655,-0.082133
79.7822,-0.0821341
79.7989,-0.0821349
79.8161,-0.082136
79.8323,-0.0821384
79.8496,-0.0821418
79.8652,-0.0821461
79.8819,-0.0821511
79.8981,-0.0821569
79.9154,-0.0821634
79.9314,-0.0821674
79.9489,-0.0821704
79.9653,-0.0821731
79.982,-0.0821745
79.9987,-0.082176
80.0153,-0.0821759
80.0315,-0.0821751
80.049,-0.0821726
80.0656,-0.0821737
80.0825,-0.0821741
80.0994,-0.0821735
80.1147,-0.0821736
80.1322,-0.0821738
80.1494,-0.0821773
80.1652,-0.0821812
80.1821,-0.0821855
80.1989,-0.0821893
80.2153,-0.0821919
80.233,-0.0821953
80.2481,-0.0822001
80.265,-0.0822046
80.282,-0.0822072
80.2984,-0.0822076
80.3163,-0.082207
80.3317,-0.0822058
80.3486,-0.0822069
80.365,-0.0822092
80.3819,-0.082211
80.3984,-0.0822115
80.4154,-0.0822135
80.4312,-0.0822168
80.4497,-0.0822214
80.4656,-0.0822261
80.4822,-0.0822299
80.4992,-0.0822331
80.516,-0.0822357
80.5325,-0.082237
80.549,-0.0822387
80.5656,-0.0822385
80.582,-0.0822379
80.5985,-0.0822366
80.615,-0.0822383
80.632,-0.0822399
80.6483,-0.0822453
80.6649,-0.0822509
80.6824,-0.0822553
80.6991,-0.0822583
80.7161,-0.0822611
80.7324,-0.0822661
80.749,-0.0822674
80.765,-0.0822648
80.7815,-0.0822612
80.7985,-0.0822615
80.8153,-0.0822609
80.8313,-0.0822602
80.8484,-0.082257
80.8646,-0.0822552
80.8815,-0.0822538
80.899,-0.0822539
80.9142,-0.082255
80.9313,-0.0822566
80.9482,-0.0822583
80.9648,-0.0822581
80.9821,-0.0822578
80.9977,-0.0822579
81.0149,-0.0822575
81.0318,-0.0822568
81.048,-0.0822568
81.0642,-0.0822561
81.0814,-0.0822569
81.097,-0.082259
81.115,-0.0822623
81.1318,-0.0822642
81.1486,-0.0822635
81.1652,-0.0822601
81.1811,-0.0822567
81.1978,-0.0822535
81.2146,-0.082252
81.2312,-0.0822502
81.2471,-0.0822481
81.2641,-0.082244
81.2812,-0.0822438
81.2977,-0.0822449
81.3136,-0.0822483
81.3316,-0.0822514
81.3473,-0.0822545
81.3645,-0.0822571
81.3816,-0.0822606
81.3982,-0.0822641
81.4145,-0.0822665
81.4314,-0.0822663
81.4477,-0.0822614
81.4642,-0.0822553
81.481,-0.0822524
81.4994,-0.0822498
81.5143,-0.0822465
81.531,-0.0822424
81.5478,-0.0822402
81.5648,-0.0822392
81.5816,-0.0822382
81.5978,-0.0822385
81.6147,-0.0822397
81.6313,-0.0822411
81.648,-0.0822403
81.6647,-0.0822394
81.6813,-0.0822395
81.6979,-0.082241
81.7154,-0.0822401
81.7309,-0.0822368
81.7483,-0.0822327
81.7649,-0.0822297
81.7818,-0.0822271
81.7981,-0.0822272
81.8153,-0.0822283
81.8315,-0.0822289
81.8488,-0.0822293
81.8646,-0.0822306
81.8817,-0.0822309
81.8983,-0.0822327
81.9152,-0.0822349
81.9316,-0.0822344
81.9486,-0.0822351
81.9645,-0.0822371
81.9821,-0.0822396
81.9985,-0.0822428
82.0146,-0.0822454
82.0318,-0.0822465
82.0493,-0.0822468
82.0651,-0.0822468
82.0823,-0.0822467
82.098,-0.0822465
82.1152,-0.0822459
82.1317,-0.0822446
82.1483,-0.0822456
82.1656,-0.0822452
82.1816,-0.0822451
82.1988,-0.0822438
82.2154,-0.0822428
82.2319,-0.0822422
82.2487,-0.0822407
82.2647,-0.08224
82.2818,-0.0822371
82.2988,-0.0822339
82.3155,-0.0822313
82.3321,-0.0822295
82.3486,-0.0822276
82.3657,-0.0822254
82.3817,-0.0822229
82.3986,-0.0822221
82.4145,-0.0822218
82.4308,-0.0822218
82.4483,-0.0822211
82.4647,-0.0822223
82.4816,-0.0822225
82.4981,-0.0822231
82.5149,-0.082224
82.532,-0.0822233
82.5477,-0.0822236
82.5653,-0.0822231
82.5814,-0.0822226
82.5984,-0.0822215
82.6149,-0.0822219
82.6316,-0.0822203
82.6475,-0.0822182
82.6653,-0.0822167
82.6818,-0.0822144
82.6986,-0.0822131
82.7142,-0.0822125
82.7308,-0.0822128
82.7473,-0.0822116
82.7649,-0.0822097
82.7819,-0.0822102
82.7981,-0.0822116
82.8151,-0.0822113
82.8306,-0.0822099
82.8486,-0.0822076
82.865,-0.0822076
82.881,-0.0822078
82.8978,-0.0822073
82.9146,-0.0822052
82.9314,-0.0822048
82.9486,-0.0822038
82.9648,-0.0822027
82.9814,-0.0821993
82.9975,-0.0821957
83.0149,-0.0821932
83.0313,-0.0821897
83.0487,-0.0821861
83.0649,-0.0821824
83.0813,-0.0821785
83.098,-0.0821737
83.1146,-0.082173
83.1307,-0.0821728
83.1479,-0.082172
83.1649,-0.0821708
83.181,-0.0821711
83.1978,-0.082174
83.2156,-0.0821751
83.2311,-0.0821745
83.2481,-0.0821722
83.2647,-0.0821688
83.2817,-0.0821643
83.2973,-0.0821591
83.3152,-0.082156
83.3314,-0.0821542
83.3481,-0.0821524
83.3648,-0.0821509
83.3812,-0.0821493
83.3981,-0.0821466
83.4154,-0.0821436
83.4318,-0.0821405
83.4478,-0.082137
83.4637,-0.0821334
83.4812,-0.0821284
83.4981,-0.0821248
83.5142,-0.0821213
83.5311,-0.0821178
83.5477,-0.0821139
83.5642,-0.0821105
83.5812,-0.0821062
83.5978,-0.082101
83.6145,-0.0820977
83.6311,-0.0820961
83.6483,-0.0820971
83.6647,-0.082098
83.6801,-0.0821005
83.6983,-0.0821004
83.7148,-0.0820989
83.7317,-0.082097
83.7482,-0.0820935
83.7652,-0.0820882
83.7806,-0.0820816
83.7973,-0.082074
83.815,-0.0820683
83.831,-0.0820624
83.8477,-0.0820588
83.8643,-0.0820567
83.8806,-0.0820541
83.8976,-0.082053
83.9139,-0.0820513
83.9307,-0.0820514
83.9482,-0.0820504
83.9641,-0.0820492
83.9814,-0.0820472
83.9982,-0.0820455
84.0151,-0.0820438
84.0306,-0.0820403
84.0479,-0.082038
84.0647,-0.0820325
84.0812,-0.0820268
84.0979,-0.082022
84.1148,-0.0820198
84.1315,-0.0820182
84.1468,-0.0820163
84.1637,-0.0820135
84.1815,-0.0820117
84.198,-0.0820121
84.2146,-0.0820118
84.2308,-0.0820132
84.2471,-0.082015
84.2645,-0.0820151
84.2816,-0.0820151
84.2974,-0.0820141
84.3142,-0.0820137
84.3307,-0.0820122
84.348,-0.0820101
84.3641,-0.0820063
84.3808,-0.0820022
84.3976,-0.0819991
84.4141,-0.0819966
84.4312,-0.0819953
84.4485,-0.0819948
84.465,-0.0819968
84.4816,-0.0819985
84.4986,-0.0819997
84.5142,-0.0819998
84.5309,-0.0819996
84.548,-0.0819986
84.5649,-0.0819976
84.581,-0.0819963
84.5975,-0.0819947
84.6145,-0.0819928
84.6307,-0.0819885
84.6471,-0.0819844
84.6633,-0.0819812
84.6808,-0.0819768
84.6975,-0.0819725
84.7139,-0.0819705
84.7306,-0.0819685
84.7476,-0.081967
84.7644,-0.0819643
84.7815,-0.0819617
84.7966,-0.0819587
84.8143,-0.0819576
84.8312,-0.0819577
84.8469,-0.0819565
84.8639,-0.0819582
84.8811,-0.0819595
84.8981,-0.0819591
84.9137,-0.0819575
84.9311,-0.0819575
84.9496,-0.0819567
84.9657,-0.0819552
84.982,-0.0819526
84.9984,-0.081948
85.0154,-0.0819441
85.031,-0.0819408
85.0483,-0.0819415
85.0648,-0.0819386
85.0807,-0.0819377
85.098,-0.0819366
85.1154,-0.0819355
85.1317,-0.0819328
85.1475,-0.0819311
85.1651,-0.0819308
85.1817,-0.0819264
85.1986,-0.0819221
85.2153,-0.0819196
85.2319,-0.0819165
85.2479,-0.0819125
85.2644,-0.0819089
85.2823,-0.0819062
85.2984,-0.0819048
85.3147,-0.0819025
85.3312,-0.0819016
85.3485,-0.0819005
85.365,-0.0818978
85.382,-0.0818967
85.3981,-0.0818972
85.4146,-0.0818984
85.4314,-0.0818985
85.4478,-0.0818971
85.4644,-0.0818931
85.4813,-0.0818915
85.4982,-0.0818885
85.514,-0.0818857
85.5312,-0.0818826
85.5477,-0.0818802
85.5648,-0.0818787
85.5814,-0.0818778
85.5976,-0.0818773
85.6151,-0.0818763
85.6321,-0.0818721
85.6483,-0.0818688
85.6652,-0.0818653
85.6816,-0.0818622
85.6983,-0.081859
85.7141,-0.0818558
85.7315,-0.0818536
85.7483,-0.081852
85.7644,-0.0818537
85.781,-0.0818558
85.7981,-0.081856
85.8148,-0.0818542
85.8313,-0.0818535
85.8477,-0.0818518
85.8646,-0.0818494
85.8812,-0.0818475
85.8979,-0.0818438
85.9151,-0.0818434
85.9321,-0.0818435
85.9479,-0.0818427
85.9654,-0.0818435
85.981,-0.0818424
85.9984,-0.0818393
86.0146,-0.0818354
86.0312,-0.0818297
86.0472,-0.0818255
86.0639,-0.0818254
86.0808,-0.0818254
86.0976,-0.0818251
86.1134,-0.0818246
86.13,-0.0818259
86.1481,-0.0818258
86.1641,-0.0818258
86.1805,-0.0818233
86.1974,-0.08182
86.2148,-0.0818148
86.2308,-0.08181
86.2478,-0.0818064
86.2637,-0.0818051
86.2805,-0.0818058
86.298,-0.0818029
86.3141,-0.0817984
86.3314,-0.0817939
86.3488,-0.0817915
86.3641,-0.0817903
86.3808,-0.0817887
86.3973,-0.0817844
86.4148,-0.0817815
86.4308,-0.0817799
86.448,-0.0817799
86.4645,-0.0817794
86.4808,-0.0817805
86.4976,-0.0817799
86.5153,-0.0817774
86.5307,-0.0817739
86.5487,-0.0817727
86.566,-0.0817705
86.581,-0.0817661
86.5984,-0.0817619
86.6151,-0.081758
86.6319,-0.081753
86.6486,-0.0817481
86.6647,-0.0817459
86.6818,-0.0817441
86.6981,-0.0817419
86.7148,-0.0817404
86.7311,-0.0817396
86.7489,-0.0817392
86.7654,-0.0817389
86.7814,-0.0817392
86.7979,-0.0817356
86.8149,-0.0817334
86.8309,-0.0817308
86.8481,-0.0817312
86.8643,-0.0817331
86.8816,-0.0817349
86.899,-0.0817355
86.9154,-0.0817353
86.9322,-0.0817337
86.9488,-0.0817323
86.9656,-0.0817304
86.9817,-0.0817304
86.9984,-0.0817319
87.016,-0.08173
87.0327,-0.0817308
87.0488,-0.0817309
87.0663,-0.0817305
87.0823,-0.0817297
87.0985,-0.0817296
87.1158,-0.0817293
87.1322,-0.0817277
87.1494,-0.0817267
87.1657,-0.0817266
87.182,-0.0817258
87.1983,-0.0817233
87.2152,-0.0817215
87.2319,-0.0817197
87.2494,-0.0817157
87.2654,-0.0817109
87.2827,-0.0817072
87.2985,-0.0817036
87.3153,-0.0817011
87.3325,-0.0816995
87.3495,-0.0816982
87.3654,-0.0816962
87.3826,-0.0816951
87.3988,-0.0816931
87.415,-0.0816938
87.4323,-0.0816932
87.4485,-0.0816923
87.4652,-0.0816927
87.482,-0.0816942
87.4991,-0.0816929
87.5152,-0.0816938
87.5322,-0.0816944
87.5484,-0.0816943
87.5656,-0.0816934
87.5817,-0.0816918
87.5992,-0.081692
87.6159,-0.0816936
87.6321,-0.0816986
87.6489,-0.0817023
87.6645,-0.0817063
87.6821,-0.0817083
87.6985,-0.081709
87.7159,-0.081708
87.7323,-0.0817064
87.7486,-0.0817045
87.7658,-0.0817017
87.7827,-0.081695
87.7987,-0.0816902
87.8153,-0.0816875
87.8326,-0.0816841
87.8483,-0.081684
87.866,-0.0816839
87.8827,-0.0816852
87.8991,-0.0816824
87.9154,-0.0816764
87.9329,-0.0816727
87.9487,-0.0816671
87.9655,-0.0816616
87.9816,-0.0816552
87.9987,-0.0816513
88.0143,-0.0816511
88.0324,-0.081652
88.0488,-0.0816552
88.0658,-0.0816606
88.083,-0.0816651
88.0991,-0.0816673
88.116,-0.0816664
88.1323,-0.081666
88.1484,-0.0816644
88.1652,-0.0816628
88.1815,-0.0816618
88.1984,-0.0816592
88.2165,-0.0816601
88.232,-0.0816598
88.2491,-0.0816581
88.2652,-0.0816578
88.2826,-0.0816561
88.2995,-0.0816551
88.3155,-0.0816529
88.3324,-0.0816504
88.3487,-0.0816479
88.3656,-0.0816458
88.3829,-0.0816449
88.3988,-0.0816438
88.415,-0.0816428
88.4322,-0.0816413
88.4488,-0.0816416
88.4657,-0.0816411
88.4821,-0.081641
88.4989,-0.0816412
88.5153,-0.0816421
88.5322,-0.0816446
88.5491,-0.0816475
88.5652,-0.0816487
88.5821,-0.0816497
88.5997,-0.0816495
88.6161,-0.0816467
88.6323,-0.0816454
88.6493,-0.0816453
88.6661,-0.0816442
88.6823,-0.081642
88.6984,-0.081639
88.7154,-0.0816363
88.7326,-0.0816328
88.7493,-0.0816289
88.7654,-0.0816268
88.7821,-0.0816257
88.7981,-0.081623
88.8157,-0.0816213
88.8322,-0.0816229
88.8486,-0.0816258
88.8666,-0.0816272
88.8821,-0.0816293
88.8988,-0.0816319
88.9166,-0.081631
88.9324,-0.0816291
88.949,-0.0816261
88.9667,-0.0816254
88.983,-0.0816249
88.9987,-0.0816232
89.0149,-0.0816222
89.0323,-0.0816209
89.0486,-0.0816209
89.0664,-0.0816214
89.0825,-0.0816236
89.0987,-0.0816256
89.1164,-0.081626
89.1328,-0.0816237
89.1489,-0.0816209
89.1659,-0.0816185
89.1827,-0.0816143
89.1989,-0.08161
89.2151,-0.0816069
89.2321,-0.081604
89.2491,-0.0816001
89.2657,-0.0815994
89.2824,-0.0815983
89.2989,-0.0815979
89.3149,-0.0815976
89.3321,-0.0815964
89.3494,-0.0815967
89.3658,-0.0815961
89.3821,-0.0815939
89.3992,-0.0815931
89.4158,-0.0815897
89.432,-0.0815875
89.4489,-0.0815831
89.4656,-0.0815792
89.4821,-0.081577
89.4985,-0.0815765
89.5153,-0.0815782
89.5321,-0.0815771
89.5482,-0.0815764
89.5654,-0.0815748
89.5816,-0.0815724
89.599,-0.0815687
89.615,-0.0815655
89.6329,-0.0815624
89.6489,-0.0815602
89.6652,-0.0815591
89.6816,-0.0815575
89.6987,-0.0815548
89.7159,-0.081551
89.7317,-0.0815485
89.7494,-0.0815478
89.7663,-0.0815465
89.7816,-0.081543
89.7983,-0.0815376
89.8159,-0.0815341
89.8323,-0.0815308
89.8492,-0.0815291
89.8657,-0.0815273
89.8824,-0.0815243
89.8994,-0.0815218
89.9153,-0.0815207
89.9332,-0.0815198
89.9491,-0.0815199
89.965,-0.0815178
89.9823,-0.0815152
89.999,-0.0815137
90.0161,-0.0815122
90.0321,-0.0815097
90.0489,-0.0815092
90.066,-0.0815077
90.0826,-0.0815052
90.0997,-0.0815025
90.1154,-0.0814996
90.1324,-0.0814983
90.149,-0.0814984
90.1652,-0.0814976
90.1821,-0.0814981
90.1993,-0.0815012
90.216,-0.0815017
90.2327,-0.0815027
90.2494,-0.0815032
90.2661,-0.0815019
90.2829,-0.0815009
90.2999,-0.0814991
90.3159,-0.0814943
90.3326,-0.0814889
90.3495,-0.081482
90.3658,-0.0814749
90.3817,-0.0814722
90.3992,-0.0814708
90.4153,-0.0814685
90.4323,-0.0814651
90.4493,-0.081464
90.466,-0.0814631
90.4827,-0.0814643
90.4993,-0.0814643
90.5155,-0.0814645
90.5319,-0.081465
90.549,-0.0814672
90.5664,-0.0814704
90.5832,-0.0814733
90.5995,-0.0814787
90.6157,-0.0814836
90.6335,-0.0814847
90.649,-0.0814842
90.6655,-0.0814829
90.6823,-0.0814829
90.6992,-0.0814829
90.7152,-0.0814824
90.7326,-0.0814808
90.7492,-0.0814797
90.767,-0.0814761
90.7826,-0.0814728
90.7999,-0.0814701
90.8152,-0.0814678
90.8331,-0.0814674
90.8489,-0.0814676
90.8652,-0.0814688
90.8832,-0.0814696
90.9,-0.0814718
90.9154,-0.0814716
90.932,-0.0814726
90.9489,-0.0814725
90.9656,-0.081469
90.983,-0.0814671
90.9987,-0.081467
91.0158,-0.0814656
91.0326,-0.0814638
91.0493,-0.08146
91.0663,-0.0814566
91.0828,-0.0814554
91.0994,-0.081452
91.1158,-0.081448
91.1324,-0.0814434
91.1497,-0.081441
91.167,-0.0814385
91.183,-0.0814344
91.2004,-0.0814317
91.216,-0.0814313
91.2333,-0.0814278
91.2495,-0.0814274
91.2659,-0.0814281
91.2832,-0.0814293
91.2996,-0.0814293
91.3161,-0.0814299
91.3332,-0.0814302
91.3495,-0.0814306
91.3656,-0.0814299
91.3831,-0.0814292
91.3997,-0.0814285
91.4158,-0.0814271
91.4334,-0.081427
91.4494,-0.081426
91.4657,-0.0814234
91.4837,-0.0814201
91.5001,-0.0814154
91.5169,-0.0814113
91.5337,-0.0814109
91.5502,-0.0814097
91.566,-0.0814088
91.5835,-0.0814092
91.5998,-0.081408
91.6168,-0.0814075
91.6338,-0.0814064
91.6499,-0.081404
91.6674,-0.0814023
91.6835,-0.0813997
91.7003,-0.0813963
91.7165,-0.0813937
91.7333,-0.0813915
91.7504,-0.0813895
91.7674,-0.0813867
91.7832,-0.0813834
91.8007,-0.0813806
91.8171,-0.0813774
91.8333,-0.0813747
91.8498,-0.0813739
91.8666,-0.0813739
91.884,-0.0813734
91.9003,-0.0813744
91.9171,-0.0813772
91.9332,-0.0813796
91.9496,-0.0813818
91.9668,-0.0813831
91.9837,-0.0813824
92.0,-0.0813808
92.0165,-0.0813782
92.0331,-0.0813735
92.0495,-0.0813689
92.0667,-0.0813643
92.0833,-0.0813611
92.1001,-0.0813601
92.1166,-0.0813592
92.1333,-0.0813604
92.1503,-0.0813617
92.1665,-0.081365
92.1839,-0.0813683
92.2005,-0.081371
92.2165,-0.081375
92.2334,-0.0813797
92.2497,-0.0813824
92.2671,-0.0813862
92.2837,-0.081389
92.3001,-0.0813891
92.3172,-0.0813862
92.3329,-0.0813832
92.3503,-0.0813805
92.3675,-0.0813787
92.3832,-0.0813792
92.4009,-0.0813794
92.4169,-0.0813796
92.4337,-0.0813767
92.4507,-0.0813759
92.4675,-0.0813751
92.4833,-0.081373
92.4994,-0.0813691
92.5178,-0.0813657
92.5332,-0.0813626
92.5502,-0.0813624
92.5677,-0.0813675
92.5842,-0.081372
92.6005,-0.0813751
92.6171,-0.0813785
92.6338,-0.0813811
92.6511,-0.0813815
92.6676,-0.0813789
92.6835,-0.0813738
92.7012,-0.0813691
92.7174,-0.0813648
92.7336,-0.0813644
92.7503,-0.0813675
92.7664,-0.0813697
92.7842,-0.081372
92.8012,-0.0813761
92.8178,-0.0813784
92.8339,-0.0813777
92.8504,-0.0813762
92.8671,-0.0813727
92.8841,-0.0813693
92.9001,-0.0813652
92.9162,-0.0813633
92.9338,-0.0813648
92.9506,-0.0813648
92.9665,-0.0813642
92.9839,-0.0813653
93.0008,-0.0813674
93.0173,-0.0813687
93.0337,-0.0813692
93.0502,-0.0813727
93.0678,-0.0813748
93.0846,-0.0813769
93.1011,-0.0813782
93.118,-0.081381
93.1347,-0.0813837
93.1508,-0.0813841
93.1671,-0.081386
93.1835,-0.0813854
93.2009,-0.0813855
93.2174,-0.081384
93.2336,-0.0813837
93.251,-0.0813863
93.267,-0.0813908
93.2845,-0.0813941
93.3007,-0.0813974
93.3181,-0.0814007
93.3346,-0.0814047
93.3511,-0.0814085
93.3675,-0.0814099
93.3842,-0.081407
93.4013,-0.0814056
93.4183,-0.081404
93.4344,-0.081404
93.4506,-0.0814058
93.4671,-0.081407
93.4841,-0.0814071
93.5006,-0.0814089
93.5185,-0.0814117
93.5347,-0.0814126
93.5515,-0.0814128
93.5674,-0.0814114
93.5844,-0.0814091
93.601,-0.0814055
93.618,-0.0814042
93.6346,-0.0814042
93.651,-0.0814029
93.6676,-0.0814028
93.6837,-0.0814045
93.7005,-0.0814073
93.7188,-0.0814106
93.7346,-0.0814123
93.7511,-0.0814118
93.7677,-0.081414
93.7854,-0.0814157
93.8015,-0.0814136
93.8175,-0.0814128
93.8343,-0.0814113
93.8517,-0.0814104
93.8679,-0.081409
93.8846,-0.081411
93.9013,-0.0814131
93.9175,-0.0814162
93.9351,-0.0814183
93.9508,-0.0814183
93.9681,-0.0814181
93.9846,-0.0814169
94.0013,-0.0814151
94.0176,-0.0814122
94.0349,-0.0814093
94.0509,-0.0814094
94.0672,-0.0814105
94.0851,-0.0814136
94.101,-0.0814169
94.1185,-0.0814206
94.1353,-0.0814233
94.1518,-0.0814256
94.1687,-0.081426
94.1844,-0.0814264
94.2018,-0.0814256
94.2178,-0.081426
94.2351,-0.0814247
94.2505,-0.0814221
94.2677,-0.0814214
94.2848,-0.0814196
94.3014,-0.0814183
94.3185,-0.0814183
94.3349,-0.0814205
94.3513,-0.081422
94.369,-0.0814239
94.3852,-0.0814258
94.4017,-0.0814308
94.4185,-0.0814357
94.4347,-0.0814391
94.4509,-0.0814432
94.4686,-0.0814478
94.4848,-0.0814518
94.5021,-0.0814555
94.5187,-0.0814586
94.5348,-0.081461
94.5509,-0.0814616
94.5674,-0.0814609
94.5852,-0.0814581
94.601,-0.0814573
94.618,-0.0814552
94.6349,-0.0814544
94.6516,-0.0814544
94.6683,-0.0814533
94.685,-0.0814533
94.7006,-0.0814567
94.7179,-0.0814593
94.7355,-0.0814616
94.7515,-0.0814633
94.7682,-0.081465
94.7855,-0.0814674
94.8017,-0.0814698
94.8179,-0.08147
94.8349,-0.0814712
94.8512,-0.0814711
94.8695,-0.0814716
94.8844,-0.0814724
94.9015,-0.0814748
94.9184,-0.0814761
94.9348,-0.081478
94.9514,-0.0814795
94.9684,-0.0814837
94.9854,-0.0814852
95.0015,-0.0814876
95.0189,-0.0814883
95.0347,-0.0814872
95.0522,-0.0814874
95.0671,-0.0814872
95.0845,-0.0814879
95.1015,-0.0814899
95.1191,-0.0814925
95.1346,-0.081494
95.1507,-0.0814963
95.1687,-0.0814966
95.1855,-0.081498
95.202,-0.0814981
95.2191,-0.0814993
95.2354,-0.0815007
95.2516,-0.081504
95.2686,-0.0815054
95.2855,-0.0815076
95.3016,-0.0815107
95.3187,-0.0815124
95.3358,-0.0815131
95.352,-0.0815145
95.3681,-0.0815151
95.3854,-0.0815161
95.4025,-0.0815153
95.4193,-0.0815128
95.4356,-0.081511
95.4517,-0.0815085
95.4696,-0.0815066
95.4858,-0.0815051
95.5019,-0.0815051
95.5185,-0.0815066
95.5352,-0.081509
95.5522,-0.0815133
95.5684,-0.0815178
95.5863,-0.0815198
95.6019,-0.0815201
95.6193,-0.0815183
95.6365,-0.0815163
95.6525,-0.0815162
95.6684,-0.0815132
95.6852,-0.0815116
95.702,-0.0815125
95.7189,-0.0815147
95.7354,-0.0815164
95.7522,-0.081517
95.7688,-0.0815161
95.7855,-0.081514
95.8026,-0.0815116
95.8187,-0.0815083
95.8352,-0.0815065
95.8515,-0.0815037
95.8679,-0.0815022
95.8849,-0.0815044
95.902,-0.0815083
95.918,-0.0815141
95.9349,-0.0815209
95.9514,-0.0815264
95.9683,-0.0815302
95.9857,-0.0815361
96.0021,-0.0815405
96.0186,-0.0815429
96.035,-0.0815408
96.0514,-0.0815363
96.0687,-0.0815334
96.0859,-0.0815308
96.1014,-0.0815289
96.1182,-0.0815276
96.1349,-0.0815284
96.1521,-0.08153
96.1682,-0.0815318
96.1847,-0.0815345
96.202,-0.0815383
96.219,-0.0815413
96.2356,-0.0815443
96.2516,-0.081544
96.2681,-0.0815443
96.285,-0.0815424
96.3024,-0.0815407
96.319,-0.0815408
96.3344,-0.0815406
96.3518,-0.0815409
96.3683,-0.0815393
96.3842,-0.0815374
96.4013,-0.0815393
96.4191,-0.0815411
96.4357,-0.0815407
96.4513,-0.0815419
96.4686,-0.0815452
96.4862,-0.0815458
96.502,-0.0815465
96.5175,-0.0815472
96.5354,-0.0815492
96.5512,-0.0815512
96.5688,-0.0815528
96.5856,-0.0815545
96.6017,-0.0815554
96.6189,-0.0815525
96.6358,-0.0815503
96.6523,-0.0815491
96.6679,-0.0815477
96.6848,-0.0815467
96.7021,-0.0815465
96.7188,-0.0815449
96.7365,-0.0815443
96.7518,-0.0815435
96.769,-0.0815424
96.7861,-0.0815407
96.8019,-0.0815409
96.8188,-0.0815426
96.8352,-0.0815449
96.8523,-0.0815487
96.8685,-0.0815532
96.8856,-0.0815603
96.9018,-0.0815679
96.9188,-0.0815727
96.9354,-0.0815735
96.9517,-0.0815722
96.97,-0.081569
96.9862,-0.0815641
97.0017,-0.0815593
97.0187,-0.0815552
97.0355,-0.0815527
97.0518,-0.0815491
97.0685,-0.0815502
97.0846,-0.081553
97.1021,-0.0815578
97.1187,-0.081562
97.1353,-0.0815665
97.1521,-0.0815689
97.1687,-0.0815703
97.1858,-0.0815734
97.2015,-0.0815759
97.2188,-0.0815778
97.2353,-0.0815791
97.2511,-0.0815797
97.2693,-0.0815773
97.2863,-0.0815736
97.3022,-0.0815689
97.3197,-0.0815648
97.3363,-0.0815633
97.3521,-0.0815606
97.3692,-0.0815613
97.386,-0.081563
97.4027,-0.081564
97.4203,-0.0815666
97.4356,-0.0815679
97.4533,-0.0815661
97.4694,-0.0815636
97.4863,-0.0815621
97.5031,-0.0815599
97.5195,-0.0815563
97.5359,-0.0815531
97.5525,-0.081551
97.5699,-0.0815485
97.5859,-0.0815468
97.6027,-0.0815467
97.6197,-0.0815465
97.6356,-0.081547
97.6537,-0.0815475
97.6704,-0.0815503
97.6861,-0.0815549
97.7034,-0.0815588
97.7201,-0.0815626
97.7356,-0.081565
97.7532,-0.0815682
97.7702,-0.0815715
97.7862,-0.0815726
97.8038,-0.081572
97.8205,-0.0815728
97.8373,-0.0815729
97.8536,-0.0815733
97.8702,-0.0815739
97.8864,-0.0815736
97.903,-0.0815764
97.9199,-0.0815815
97.9373,-0.0815872
97.9539,-0.0815927
97.9707,-0.0815968
97.9875,-0.0815999
98.0044,-0.081605
98.0197,-0.0816101
98.0367,-0.0816147
98.0529,-0.0816197
98.0711,-0.0816233
98.0873,-0.0816304
98.1035,-0.0816365
98.1205,-0.0816395
98.1374,-0.0816414
98.1534,-0.0816417
98.1712,-0.0816411
98.1869,-0.0816423
98.2031,-0.0816436
98.2203,-0.0816456
98.2367,-0.0816503
98.2539,-0.0816549
98.2711,-0.0816608
98.2872,-0.0816667
98.3046,-0.0816719
98.3213,-0.0816766
98.3367,-0.0816814
98.3536,-0.0816856
98.3697,-0.0816896
98.3868,-0.0816938
98.4038,-0.0816994
98.4218,-0.0817064
98.4367,-0.0817133
98.4538,-0.0817182
98.4709,-0.0817235
98.4873,-0.0817281
98.5043,-0.0817309
98.5203,-0.0817322
98.5368,-0.0817334
98.5545,-0.0817348
98.5705,-0.0817378
98.5868,-0.0817413
98.6035,-0.0817446
98.6212,-0.0817466
98.637,-0.0817501
98.6547,-0.0817535
98.6701,-0.0817566
98.686,-0.0817598
98.7033,-0.0817584
98.7194,-0.0817582
98.737,-0.081759
98.7535,-0.0817591
98.7712,-0.0817583
98.7864,-0.0817579
98.8039,-0.0817595
98.8202,-0.0817596
98.837,-0.0817613
98.8532,-0.081765
98.8699,-0.0817729
98.8867,-0.0817813
98.9033,-0.0817884
98.9207,-0.0817942
98.9368,-0.0818011
98.9544,-0.0818059
98.9711,-0.0818101
98.9883,-0.0818132
99.0039,-0.0818127
99.0205,-0.081811
99.0374,-0.0818094
99.0536,-0.0818093
99.0704,-0.0818109
99.0868,-0.0818137
99.1032,-0.081815
99.1214,-0.0818173
99.1373,-0.0818193
99.1533,-0.081823
99.1707,-0.0818274
99.1876,-0.0818298
99.2044,-0.0818312
99.2208,-0.0818277
99.2371,-0.0818256
99.254,-0.0818215
99.2714,-0.0818178
99.2877,-0.0818165
99.3037,-0.0818151
99.3211,-0.0818152
99.3367,-0.0818174
99.354,-0.0818185
99.3706,-0.08182
99.3873,-0.0818223
99.4042,-0.0818255
99.4204,-0.0818308
99.4372,-0.0818351
99.4536,-0.0818396
99.4705,-0.0818436
99.4881,-0.0818473
99.5041,-0.0818497
99.5206,-0.0818533
99.5375,-0.0818565
99.5542,-0.0818576
99.5708,-0.0818582
99.588,-0.0818574
99.6041,-0.0818535
99.6209,-0.0818502
99.6375,-0.0818468
99.6536,-0.0818457
99.6704,-0.0818452
99.6864,-0.0818438
99.7043,-0.0818447
99.7206,-0.0818479
99.7372,-0.0818517
99.7547,-0.0818562
99.7711,-0.0818597
99.7874,-0.0818597
99.8042,-0.0818621
99.82,-0.0818634
99.8374,-0.0818673
99.8541,-0.0818675
99.8708,-0.0818688
99.8879,-0.0818696
99.9039,-0.0818703
99.9213,-0.081869
99.9374,-0.0818651
99.9548,-0.0818656
99.9703,-0.0818652
99.9873,-0.081866
100.0046,-0.0818672
100.021,-0.0818685
100.0382,-0.0818716
100.0542,-0.0818739
100.0711,-0.0818773
100.0869,-0.0818786
100.1047,-0.0818781
100.1217,-0.0818773
100.138,-0.0818799
100.1553,-0.0818828
100.1713,-0.0818851
100.1877,-0.0818846
100.205,-0.0818843
100.2214,-0.0818861
100.2375,-0.081888
100.2544,-0.0818903
100.2712,-0.0818913
100.2877,-0.0818907
100.304,-0.081891
100.3212,-0.081894
100.3379,-0.0818946
100.3539,-0.0818954
100.3711,-0.0818937
100.3871,-0.0818941
100.4052,-0.0818984
100.4208,-0.081903
100.438,-0.0819096
100.4543,-0.0819172
100.4714,-0.0819238
100.4884,-0.0819289
100.505,-0.0819333
100.5217,-0.0819348
100.5374,-0.0819343
100.5543,-0.0819353
100.5714,-0.0819352
100.5881,-0.0819352
100.6049,-0.0819359
100.6213,-0.081937
100.6374,-0.0819384
100.6542,-0.0819386
100.6711,-0.0819385
100.6881,-0.0819379
100.7049,-0.0819376
100.7215,-0.081936
100.7378,-0.0819362
100.755,-0.0819382
100.771,-0.0819385
100.7872,-0.0819389
100.8049,-0.0819417
100.8212,-0.081944
100.8388,-0.0819467
100.8545,-0.0819468
100.8712,-0.0819493
100.8881,-0.0819519
100.904,-0.0819545
100.9207,-0.0819576
100.9368,-0.081959
100.9546,-0.0819596
100.9716,-0.0819625
100.9881,-0.0819648
101.0047,-0.0819673
101.0219,-0.0819692
101.0382,-0.0819693
101.0546,-0.0819728
101.0707,-0.0819758
101.0883,-0.0819797
101.105,-0.0819843
101.1218,-0.0819878
101.1383,-0.0819908
101.1549,-0.0819936
101.1719,-0.0819933
101.1888,-0.0819931
101.2063,-0.0819934
101.2211,-0.0819921
101.2382,-0.0819909
101.2554,-0.0819887
101.2712,-0.0819872
101.2882,-0.0819889
101.3039,-0.0819912
101.321,-0.0819939
101.3381,-0.0819986
101.3539,-0.082004
101.3713,-0.0820087
101.3884,-0.0820149
101.4046,-0.0820186
101.4206,-0.0820206
101.4383,-0.0820231
101.4545,-0.0820269
101.4713,-0.0820306
101.4877,-0.0820342
101.5048,-0.0820359
101.521,-0.0820401
101.5389,-0.0820438
101.5552,-0.0820469
101.5718,-0.082049
101.5876,-0.0820511
101.6043,-0.0820527
101.6216,-0.0820541
101.6375,-0.0820562
101.655,-0.0820566
101.6719,-0.0820577
101.688,-0.0820582
101.7044,-0.0820598
101.7209,-0.0820629
101.7378,-0.0820647
101.7544,-0.0820642
101.7715,-0.0820635
101.788,-0.0820635
101.8053,-0.0820641
101.8203,-0.0820641
101.8377,-0.0820647
101.8539,-0.0820644
101.8716,-0.082066
101.888,-0.0820676
101.9044,-0.0820728
101.9221,-0.0820811
101.9379,-0.0820873
101.9549,-0.0820921
101.9709,-0.0820972
101.9883,-0.0820997
102.0054,-0.0821002
102.021,-0.0821019
102.0384,-0.0821031
102.0548,-0.0821026
102.0712,-0.0821025
102.0873,-0.0821005
102.1049,-0.0821003
102.1209,-0.0820997
102.1381,-0.0820995
102.1546,-0.0821004
102.171,-0.0821036
102.1888,-0.0821063
102.2043,-0.0821109
102.2218,-0.0821167
102.2373,-0.0821228
102.2545,-0.0821275
102.2722,-0.0821317
102.2887,-0.0821343
102.3051,-0.0821347
102.3214,-0.0821352
102.3377,-0.0821353
102.3552,-0.0821346
102.3712,-0.0821338
102.3884,-0.082136
102.4055,-0.0821394
102.4215,-0.0821414
102.4387,-0.0821428
102.4545,-0.0821441
102.472,-0.0821443
102.4886,-0.0821431
102.5047,-0.0821421
102.5216,-0.0821413
102.5376,-0.082139
102.5552,-0.0821373
102.572,-0.0821371
102.5883,-0.0821385
102.605,-0.0821373
102.6215,-0.0821372
102.6375,-0.0821354
102.6549,-0.0821354
102.6711,-0.0821367
102.6883,-0.0821378
102.7046,-0.0821405
102.7205,-0.0821446
102.738,-0.082149
102.7552,-0.0821532
102.7712,-0.0821585
102.7887,-0.0821624
102.8046,-0.0821631
102.8215,-0.0821622
102.8381,-0.0821614
102.8548,-0.0821608
102.8718,-0.0821611
102.8884,-0.0821607
102.905,-0.0821631
102.9213,-0.0821669
102.9387,-0.0821696
102.956,-0.0821731
102.9716,-0.0821785
102.9889,-0.082181
103.0052,-0.0821843
103.0219,-0.082186
103.0378,-0.0821876
103.0557,-0.0821898
103.0716,-0.0821923
103.0885,-0.0821946
103.1053,-0.0821963
103.1212,-0.0821985
103.1385,-0.0822012
103.1553,-0.0822029
103.1724,-0.0822033
103.1881,-0.0822048
103.2054,-0.0822056
103.2221,-0.0822058
103.2387,-0.0822054
103.2546,-0.0822037
103.2722,-0.0822032
103.2886,-0.0822028
103.3058,-0.0822024
103.3225,-0.0822029
103.3381,-0.0822048
103.3551,-0.0822066
103.372,-0.0822121
103.3888,-0.0822189
103.4051,-0.0822258
103.4227,-0.0822304
103.4386,-0.0822336
103.4562,-0.0822353
103.4724,-0.0822379
103.4884,-0.0822362
103.5057,-0.0822351
103.5226,-0.0822362
103.5384,-0.0822366
103.5554,-0.0822371
103.5712,-0.0822383
103.5889,-0.0822419
103.6057,-0.0822439
103.622,-0.0822443
103.639,-0.0822454
103.6562,-0.0822471
103.6723,-0.0822486
103.6885,-0.0822529
103.7042,-0.0822572
103.7213,-0.08226
103.7385,-0.0822642
103.7555,-0.0822671
103.7725,-0.0822702
103.7882,-0.0822699
103.806,-0.0822705
103.8224,-0.0822705
103.8385,-0.082274
103.8549,-0.0822748
103.8717,-0.0822764
103.8892,-0.0822791
103.9059,-0.0822813
103.9225,-0.0822835
103.9391,-0.0822838
103.9555,-0.0822846
103.9715,-0.082284
103.9885,-0.0822833
104.005,-0.0822818
104.0216,-0.0822827
104.0382,-0.0822843
104.0556,-0.0822874
104.0719,-0.0822921
104.0883,-0.082297
104.1062,-0.082302
104.1217,-0.082307
104.1387,-0.0823114
104.1562,-0.0823157
104.1721,-0.0823207
104.1894,-0.0823243
104.2056,-0.0823268
104.2219,-0.0823264
104.2392,-0.0823272
104.2561,-0.0823286
104.2729,-0.082331
104.2891,-0.0823324
104.3057,-0.0823346
104.3224,-0.082336
104.3386,-0.0823401
104.3561,-0.0823454
104.3725,-0.0823512
104.3887,-0.0823595
104.4054,-0.0823659
104.4221,-0.0823712
104.4387,-0.0823764
104.4555,-0.0823829
104.4733,-0.0823854
104.4895,-0.0823878
104.506,-0.0823892
104.5223,-0.0823907
104.5396,-0.0823933
104.5559,-0.0823941
104.573,-0.082397
104.589,-0.0823997
104.606,-0.0824026
104.6232,-0.0824041
104.6391,-0.0824072
104.6566,-0.0824104
104.673,-0.0824128
104.6891,-0.0824162
104.7062,-0.082419
104.7229,-0.0824218
104.7399,-0.0824234
104.7562,-0.0824271
104.7734,-0.08243
104.7892,-0.0824324
104.8062,-0.0824317
104.823,-0.0824349
104.8391,-0.082439
104.8563,-0.0824442
104.873,-0.0824509
104.89,-0.082457
104.9073,-0.0824613
104.9236,-0.0824648
104.9398,-0.0824672
104.9568,-0.0824668
104.9729,-0.082467
104.9893,-0.0824658
105.006,-0.0824639
105.0232,-0.0824651
105.0394,-0.0824682
105.0566,-0.0824724
105.0731,-0.0824778
105.0897,-0.0824853
105.1064,-0.0824933
105.1234,-0.082502
105.1389,-0.0825097
105.1564,-0.0825151
105.173,-0.0825187
105.1904,-0.0825221
105.2072,-0.0825228
105.2229,-0.082523
105.2399,-0.0825233
105.2574,-0.0825244
105.2733,-0.0825259
105.289,-0.0825286
105.3067,-0.082532
105.3233,-0.082536
105.3399,-0.0825406
105.3565,-0.0825447
105.3732,-0.0825467
105.3901,-0.0825447
105.4063,-0.0825448
105.4234,-0.0825443
105.4398,-0.0825465
105.4566,-0.0825479
105.4729,-0.0825502
105.4909,-0.0825541
105.5065,-0.0825596
105.5234,-0.0825655
105.54,-0.0825709
105.5568,-0.0825772
105.5741,-0.0825815
105.5903,-0.0825871
105.6075,-0.0825947
105.6237,-0.0826019
105.6402,-0.0826087
105.6571,-0.082616
105.6739,-0.0826233
105.6899,-0.0826283
105.7075,-0.0826311
105.7234,-0.0826344
105.7406,-0.0826372
105.7563,-0.0826394
105.7724,-0.0826437
105.7894,-0.0826461
105.8067,-0.0826493
105.8236,-0.082652
105.8412,-0.0826555
105.8574,-0.0826596
105.873,-0.0826628
105.89,-0.0826651
105.9072,-0.0826665
105.924,-0.0826671
105.9399,-0.0826707
105.9562,-0.0826743
105.9734,-0.0826788
105.9895,-0.0826811
106.0063,-0.0826841
106.0229,-0.0826894
106.0397,-0.0826963
106.0574,-0.0827008
106.0732,-0.0827067
106.0902,-0.082713
106.1074,-0.0827176
106.1234,-0.0827221
106.1398,-0.0827239
106.1572,-0.0827255
106.1732,-0.0827282
106.1904,-0.082731
106.2069,-0.0827326
106.2235,-0.0827358
106.2399,-0.082738
106.2565,-0.0827405
106.2733,-0.0827425
106.2901,-0.0827463
106.3074,-0.082752
106.3234,-0.0827591
106.3398,-0.0827664
106.3571,-0.0827718
106.3731,-0.082778
106.3901,-0.0827827
106.4073,-0.0827885
106.4232,-0.0827932
106.4398,-0.082794
106.4572,-0.0827943
106.4734,-0.0827953
106.4904,-0.0827944
106.5073,-0.0827931
106.5234,-0.0827922
106.5403,-0.0827911
106.5584,-0.0827909
106.5736,-0.0827908
106.5905,-0.0827898
106.6082,-0.0827903
106.6243,-0.0827907
106.6413,-0.0827904
106.658,-0.0827921
106.6738,-0.0827962
106.6913,-0.0828006
106.7074,-0.0828044
106.725,-0.0828087
106.741,-0.0828124
106.7577,-0.0828156
106.775,-0.0828184
106.7913,-0.0828207
106.8078,-0.082822
106.8242,-0.0828237
106.8412,-0.0828235
106.8587,-0.0828242
106.874,-0.0828257
106.8911,-0.0828288
106.9081,-0.0828319
106.9242,-0.0828348
106.9417,-0.0828349
106.9578,-0.0828365
106.9746,-0.0828409
106.9919,-0.0828451
107.0068,-0.0828489
107.0245,-0.0828507
107.0406,-0.0828524
107.0576,-0.082854
107.0745,-0.0828553
107.0911,-0.0828577
107.107,-0.0828589
107.1243,-0.0828611
107.1411,-0.0828648
107.1568,-0.0828702
107.1741,-0.0828776
107.1908,-0.0828847
107.2068,-0.082892
107.2242,-0.0828989
107.2409,-0.0829055
107.2577,-0.0829116
107.2736,-0.0829167
107.2917,-0.0829196
107.3073,-0.0829217
107.324,-0.0829234
107.3417,-0.0829253
107.357,-0.0829279
107.375,-0.0829282
107.39,-0.0829304
107.4084,-0.082931
107.4241,-0.0829318
107.4405,-0.0829348
107.4573,-0.0829384
107.4734,-0.0829408
107.4909,-0.0829414
107.5076,-0.0829407
107.5243,-0.0829424
107.5405,-0.0829434
107.5564,-0.0829441
107.5741,-0.0829449
107.5907,-0.0829468
107.6076,-0.0829498
107.6248,-0.0829545
107.6413,-0.0829583
107.6569,-0.0829626
107.6742,-0.0829648
107.6908,-0.0829662
107.7076,-0.0829682
107.723,-0.0829708
107.74,-0.0829746
107.7581,-0.0829769
107.774,-0.0829788
107.7907,-0.0829811
107.8072,-0.0829858
107.824,-0.0829892
107.8416,-0.0829916
107.8568,-0.0829943
107.8743,-0.0829981
107.8905,-0.0830041
107.9073,-0.0830093
107.9237,-0.0830151
107.9407,-0.0830204
107.957,-0.0830226
107.9746,-0.083024
107.992,-0.0830272
108.007,-0.0830314
108.0236,-0.083033
108.041,-0.0830335
108.0568,-0.0830317
108.0736,-0.0830317
108.0905,-0.0830336
108.1084,-0.0830373
108.1244,-0.0830406
108.1413,-0.083045
108.1576,-0.0830481
108.1745,-0.0830499
108.1909,-0.0830524
108.2084,-0.083055
108.2242,-0.0830564
108.2413,-0.0830581
108.2583,-0.0830582
108.2745,-0.0830593
108.2915,-0.0830592
108.3076,-0.0830602
108.3244,-0.0830615
108.342,-0.0830607
108.358,-0.0830611
108.3742,-0.0830618
108.3908,-0.0830629
108.4071,-0.083065
108.4244,-0.0830686
108.4411,-0.0830736
108.4572,-0.0830773
108.4747,-0.0830835
108.4923,-0.0830905
108.5082,-0.0830976
108.5251,-0.0831021
108.5416,-0.0831065
108.5585,-0.0831101
108.5744,-0.0831141
108.5923,-0.0831191
108.6074,-0.0831239
108.6253,-0.0831267
108.6419,-0.0831287
108.6581,-0.0831287
108.6756,-0.0831286
108.6919,-0.0831281
108.7089,-0.0831295
108.7251,-0.0831309
108.7417,-0.0831359
108.7583,-0.0831386
108.7757,-0.0831416
108.7915,-0.0831442
108.8074,-0.0831487
108.8252,-0.0831546
108.8418,-0.0831613
108.8579,-0.0831652
108.8753,-0.0831694
108.8918,-0.0831749
108.9092,-0.0831798
108.9252,-0.0831861
108.9427,-0.083192
108.9595,-0.0831962
108.9754,-0.0831983
108.9924,-0.0831985
109.009,-0.0831991
109.0247,-0.0831982
109.0423,-0.0831979
109.058,-0.0831998
109.0743,-0.0832047
109.0911,-0.0832107
109.1088,-0.083216
109.1247,-0.0832228
109.1419,-0.0832287
109.1586,-0.0832338
109.175,-0.0832369
109.1901,-0.0832385
109.2082,-0.0832405
109.2257,-0.0832414
109.2411,-0.0832431
109.2579,-0.0832475
109.2745,-0.0832535
109.2915,-0.0832584
109.3073,-0.0832633
109.324,-0.0832703
109.3424,-0.0832782
109.3583,-0.083288
109.375,-0.0832963
109.3911,-0.083303
109.4082,-0.0833087
109.4254,-0.0833105
109.4422,-0.0833137
109.4585,-0.0833164
109.4742,-0.0833181
109.492,-0.0833186
109.5086,-0.0833188
109.5253,-0.0833198
109.541,-0.0833221
109.5578,-0.0833259
109.575,-0.0833304
109.5913,-0.083334
109.6074,-0.0833376
109.6252,-0.0833412
109.6412,-0.0833414
109.6591,-0.0833428
109.6753,-0.0833436
109.6918,-0.083342
109.7082,-0.0833385
109.7248,-0.0833372
109.7413,-0.0833368
109.759,-0.0833388
109.7742,-0.083342
109.7923,-0.0833449
109.8084,-0.0833488
109.8257,-0.0833531
109.8421,-0.0833576
109.8585,-0.0833609
109.8753,-0.0833634
109.8923,-0.0833678
109.9083,-0.0833716
109.926,-0.0833783
109.9414,-0.0833836
109.9585,-0.083389
109.9759,-0.0833967
109.9922,-0.083404
110.0087,-0.0834106
110.0261,-0.0834153
110.0422,-0.0834185
110.0597,-0.0834198
110.0754,-0.0834207
110.0931,-0.0834185
110.109,-0.0834155
110.1258,-0.083415
110.1424,-0.0834155
110.1586,-0.0834146
110.1749,-0.083417
110.1921,-0.08342
110.2088,-0.0834232
110.2257,-0.0834274
110.242,-0.0834314
110.26,-0.083433
110.2757,-0.0834327
110.2921,-0.0834334
110.3093,-0.0834342
110.3255,-0.083435
110.3419,-0.0834353
110.3585,-0.0834364
110.3758,-0.0834374
110.3922,-0.0834386
110.4084,-0.0834413
110.4256,-0.0834487
110.4415,-0.083455
110.4587,-0.08346
110.4763,-0.083467
110.4927,-0.0834756
110.5091,-0.0834821
110.5247,-0.0834884
110.5416,-0.0834925
110.5594,-0.0834966
110.5758,-0.0835
110.5925,-0.083504
110.6091,-0.0835096
110.6255,-0.0835133
110.6427,-0.0835143
110.6588,-0.083515
110.6759,-0.0835169
110.6928,-0.0835205
110.7086,-0.0835248
110.7245,-0.0835287
110.7425,-0.0835328
110.7595,-0.0835362
110.7759,-0.0835396
110.792,-0.0835431
110.8095,-0.0835473
110.825,-0.0835503
110.8429,-0.0835524
110.8597,-0.0835559
110.8758,-0.0835612
110.892,-0.0835659
110.9093,-0.0835717
110.9255,-0.0835758
110.9426,-0.0835824
110.9594,-0.0835877
110.9761,-0.0835931
110.9924,-0.0835969
111.0089,-0.0835985
111.0265,-0.0835984
111.0425,-0.0835979
111.0589,-0.0835992
111.0763,-0.0836005
111.0914,-0.0836045
111.1091,-0.0836096
111.126,-0.083616
111.1425,-0.0836228
111.1592,-0.0836293
111.1761,-0.083637
111.1929,-0.0836409
111.2088,-0.0836409
111.2257,-0.0836409
111.2415,-0.0836411
111.2583,-0.0836408
111.2755,-0.0836418
111.2917,-0.0836441
111.3086,-0.0836482
111.3255,-0.0836526
111.3426,-0.0836565
111.3596,-0.083661
111.3756,-0.0836634
111.3929,-0.083667
111.4089,-0.0836707
111.4259,-0.0836764
111.4421,-0.0836802
111.4587,-0.0836857
111.4752,-0.0836914
111.4922,-0.0836973
111.5099,-0.083701
111.5249,-0.083703
111.5422,-0.0837058
111.5599,-0.0837084
111.576,-0.0837097
111.5921,-0.083712
111.6086,-0.0837136
111.6252,-0.083714
111.6429,-0.0837146
111.6591,-0.0837173
111.677,-0.0837205
111.6932,-0.083722
111.7095,-0.0837244
111.7256,-0.083728
111.7424,-0.0837313
111.7595,-0.0837343
111.7753,-0.0837354
111.7927,-0.0837367
111.8098,-0.0837409
111.8264,-0.0837467
111.8423,-0.0837502
111.8589,-0.0837567
111.8763,-0.0837635
111.8931,-0.08377
111.9094,-0.0837755
111.9264,-0.0837826
111.9435,-0.0837865
111.9598,-0.0837886
111.9767,-0.0837876
111.9932,-0.083789
112.0105,-0.0837904
112.0255,-0.0837897
112.0426,-0.0837887
112.0587,-0.083788
112.0761,-0.083789
112.0926,-0.0837923
112.1097,-0.0837993
112.1256,-0.0838029
112.1424,-0.0838066
112.1595,-0.0838112
112.1758,-0.0838174
112.193,-0.083821
112.2097,-0.0838261
112.2263,-0.0838323
112.2435,-0.0838391
112.26,-0.0838432
112.2763,-0.0838456
112.2927,-0.0838481
112.3092,-0.0838496
112.3276,-0.0838518
112.3426,-0.0838549
112.3593,-0.0838581
112.3765,-0.0838582
112.393,-0.083857
112.41,-0.0838582
112.427,-0.083861
112.4426,-0.0838636
112.4592,-0.0838658
112.4761,-0.0838684
112.4925,-0.0838715
112.5095,-0.083876
112.5258,-0.0838795
112.5423,-0.0838829
112.5595,-0.0838856
112.5752,-0.0838859
112.5929,-0.0838868
112.609,-0.0838893
112.6261,-0.0838925
112.6433,-0.0838959
112.6592,-0.0838991
112.6774,-0.0839025
112.6924,-0.0839054
112.7093,-0.0839081
112.7267,-0.0839121
112.7424,-0.0839155
112.7594,-0.0839182
112.776,-0.0839223
112.7931,-0.0839253
112.8098,-0.0839291
112.8272,-0.083935
112.8439,-0.0839391
112.8602,-0.083943
112.8766,-0.0839461
112.8932,-0.0839486
112.9104,-0.0839528
112.9266,-0.0839564
112.9427,-0.0839592
112.9599,-0.0839625
112.9762,-0.0839663
112.9937,-0.0839699
113.0097,-0.0839713
113.0259,-0.0839726
113.0429,-0.0839755
113.06,-0.083978
113.0761,-0.0839807
113.0929,-0.0839834
113.1098,-0.0839873
113.1263,-0.0839892
113.1436,-0.083992
113.1605,-0.0839945
113.1764,-0.0839971
113.1939,-0.0839991
113.2095,-0.0840008
113.2271,-0.0840026
113.2435,-0.0840045
113.2604,-0.0840081
113.2772,-0.0840116
113.294,-0.0840173
113.311,-0.084024
113.3268,-0.0840312
113.3428,-0.0840404
113.3608,-0.0840482
113.3767,-0.0840539
113.3939,-0.0840572
113.4106,-0.0840602
113.4277,-0.0840616
113.4439,-0.0840633
113.4604,-0.0840644
113.4769,-0.0840649
113.4941,-0.0840669
113.5103,-0.0840695
113.5275,-0.0840737
113.5434,-0.08408
113.5608,-0.0840853
113.5773,-0.08409
113.5932,-0.0840967
113.6098,-0.0841026
113.6275,-0.0841078
113.6428,-0.0841121
113.6596,-0.0841143
113.6763,-0.0841163
113.6942,-0.0841203
113.7095,-0.084124
113.7267,-0.0841287
113.7423,-0.0841324
113.7591,-0.0841357
113.7766,-0.0841385
113.7928,-0.0841443
113.8093,-0.0841494
113.8264,-0.0841561
113.843,-0.0841617
113.8589,-0.0841654
113.8772,-0.0841687
113.893,-0.0841732
113.9101,-0.0841769
113.9266,-0.0841806
113.9429,-0.0841856
113.9596,-0.08419
113.9768,-0.0841956
113.9933,-0.0841997
114.0101,-0.0842038
114.0269,-0.0842092
114.0435,-0.0842144
114.0592,-0.0842189
114.0752,-0.0842216
114.0927,-0.0842248
114.1096,-0.0842279
114.1269,-0.0842327
114.1431,-0.0842375
114.1588,-0.0842398
114.1767,-0.0842427
114.1931,-0.0842451
114.2093,-0.0842481
114.2264,-0.0842517
114.2424,-0.0842553
114.2589,-0.0842597
114.276,-0.0842626
114.2925,-0.0842664
114.3096,-0.084273
114.3259,-0.0842787
114.3432,-0.0842831
114.3598,-0.0842865
114.3759,-0.0842874
114.3939,-0.084287
114.4102,-0.0842913
114.4263,-0.0842962
114.4435,-0.0843023
114.4599,-0.0843075
114.4762,-0.0843121
114.494,-0.0843173
114.5112,-0.0843229
114.5263,-0.0843269
114.5435,-0.0843294
114.5597,-0.0843306
114.5766,-0.08433
114.5932,-0.0843313
114.6097,-0.0843341
114.6261,-0.0843371
114.6439,-0.0843395
114.6594,-0.0843421
114.6771,-0.0843474
114.6936,-0.0843544
114.7102,-0.0843607
114.7269,-0.0843636
114.743,-0.0843663
114.7604,-0.0843662
114.7783,-0.084364
114.7937,-0.084361
114.8091,-0.0843564
114.8266,-0.0843517
114.8432,-0.0843481
114.8603,-0.0843469
114.8772,-0.0843483
114.8921,-0.0843535
114.91,-0.0843595
114.9264,-0.084366
114.9433,-0.0843711
114.9602,-0.0843773
114.9766,-0.0843831
114.9935,-0.0843872
115.0108,-0.0843878
115.0267,-0.0843887
115.0441,-0.0843895
115.0596,-0.084389
115.0768,-0.084389
115.093,-0.0843917
115.1096,-0.0843967
115.127,-0.0843998
115.143,-0.0844038
115.16,-0.0844091
115.1768,-0.084415
115.1929,-0.0844195
115.2096,-0.0844215
115.2271,-0.0844235
115.244,-0.0844249
115.2601,-0.0844264
115.2767,-0.0844273
115.2936,-0.0844307
115.3109,-0.0844339
115.3261,-0.084437
115.3432,-0.0844417
115.3604,-0.0844461
115.377,-0.0844482
115.3935,-0.0844506
115.4106,-0.0844544
115.4267,-0.0844597
115.444,-0.0844635
115.4601,-0.0844678
115.4765,-0.0844715
115.4931,-0.084476
115.5103,-0.0844821
115.527,-0.0844891
115.544,-0.0844957
115.5605,-0.0845019
115.5776,-0.0845072
115.5944,-0.08451
115.6111,-0.0845126
115.6286,-0.0845137
115.6448,-0.0845165
115.6615,-0.0845183
115.6773,-0.0845191
115.6948,-0.0845198
115.711,-0.0845198
115.7278,-0.0845215
115.7438,-0.0845255
115.7616,-0.0845295
115.7775,-0.0845305
115.7947,-0.0845305
115.8109,-0.0845299
115.828,-0.0845326
115.844,-0.0845351
115.8603,-0.0845418
115.8779,-0.0845475
115.8939,-0.0845549
115.9115,-0.0845638
115.9282,-0.0845737
115.9447,-0.0845818
115.9604,-0.084587
115.9786,-0.0845921
115.9949,-0.0845934
116.0114,-0.0845957
116.0276,-0.0845949
116.0455,-0.0845949
116.0616,-0.0845923
116.0774,-0.084594
116.0951,-0.0845974
116.1112,-0.0846013
116.1282,-0.0846053
116.1447,-0.0846095
116.1608,-0.0846166
116.1784,-0.0846226
116.1951,-0.0846276
116.2111,-0.0846325
116.2279,-0.0846366
116.2452,-0.0846386
116.2599,-0.0846406
116.2778,-0.0846418
116.2948,-0.0846434
116.3122,-0.0846453
116.3283,-0.084648
116.3447,-0.084651
116.3619,-0.0846548
116.3778,-0.0846581
116.3945,-0.0846609
116.4116,-0.0846653
116.4277,-0.0846677
116.4447,-0.0846697
116.4619,-0.0846727
116.478,-0.0846777
116.4942,-0.0846822
116.5111,-0.0846898
116.5283,-0.0846951
116.5446,-0.0846997
116.5619,-0.0847059
116.5776,-0.0847129
116.5952,-0.0847181
116.6119,-0.0847198
116.6279,-0.0847229
116.6447,-0.0847264
116.6617,-0.0847316
116.6778,-0.0847347
116.6951,-0.0847412
116.7123,-0.0847461
116.7293,-0.0847498
116.7459,-0.0847559
116.762,-0.0847625
116.7779,-0.0847659
116.7943,-0.0847697
116.8119,-0.0847749
116.8291,-0.0847789
116.8457,-0.0847812
116.8618,-0.0847839
116.8786,-0.0847877
116.8958,-0.0847914
116.9121,-0.084796
116.9287,-0.0848023
116.9457,-0.0848087
116.9624,-0.084815
116.9791,-0.0848222
116.9956,-0.0848311
117.0121,-0.0848379
117.0294,-0.0848427
117.0455,-0.0848467
117.0616,-0.084852
117.0788,-0.0848575
117.096,-0.0848609
117.1121,-0.084866
117.1289,-0.0848701
117.1461,-0.0848744
117.1628,-0.0848787
117.1792,-0.0848843
117.1957,-0.0848909
117.212,-0.0848963
117.2293,-0.0849022
117.2457,-0.0849085
117.262,-0.0849153
117.2795,-0.0849206
117.2958,-0.0849257
117.312,-0.0849295
117.3301,-0.0849338
117.345,-0.084938
117.3617,-0.0849402
117.3789,-0.0849439
117.3957,-0.0849485
117.4127,-0.0849536
117.4292,-0.0849595
117.4456,-0.0849634
117.4624,-0.0849679
117.4788,-0.0849714
117.4958,-0.0849742
117.5117,-0.0849788
117.5291,-0.0849829
117.5461,-0.0849901
117.5618,-0.0849973
117.5787,-0.0850044
117.5958,-0.0850135
117.6114,-0.0850216
117.6292,-0.0850281
117.645,-0.0850336
117.6625,-0.0850392
117.6789,-0.0850402
117.695,-0.0850426
117.7118,-0.085044
117.7284,-0.0850461
117.7449,-0.0850498
117.761,-0.0850551
117.7797,-0.0850625
117.7956,-0.0850708
117.8121,-0.0850794
117.8293,-0.0850869
117.8454,-0.0850931
117.8624,-0.0850963
117.8792,-0.0851019
117.8955,-0.0851044
117.9121,-0.0851064
117.9281,-0.085109
117.946,-0.0851118
117.9628,-0.0851155
117.9786,-0.0851184
117.9958,-0.0851237
118.0121,-0.0851281
118.0294,-0.085133
118.0458,-0.0851365
118.062,-0.0851413
118.0787,-0.0851464
118.0953,-0.0851516
118.1119,-0.0851561
118.1293,-0.0851598
118.1457,-0.0851632
118.1633,-0.0851658
118.1792,-0.0851701
118.1962,-0.0851746
118.2125,-0.0851781
118.229,-0.0851812
118.2457,-0.0851846
118.2621,-0.085188
118.2793,-0.0851914
118.2962,-0.0851964
118.3125,-0.0852008
118.3297,-0.0852024
118.3458,-0.0852031
118.3621,-0.0852034
118.3786,-0.0852037
118.3958,-0.0852046
118.4123,-0.0852055
118.4282,-0.085207
118.4457,-0.0852091
118.4621,-0.0852134
118.4797,-0.085219
118.4956,-0.0852257
118.5131,-0.0852311
118.5296,-0.0852357
118.5461,-0.0852418
118.5625,-0.0852468
118.5789,-0.0852505
118.5961,-0.0852521
118.6123,-0.0852552
118.6292,-0.0852578
118.6454,-0.0852585
118.6632,-0.0852581
118.6789,-0.0852542
118.6957,-0.0852506
118.7125,-0.0852481
118.7294,-0.0852468
118.7454,-0.0852458
118.7626,-0.085248
118.7789,-0.0852515
118.7953,-0.0852579
118.8115,-0.085264
118.8284,-0.0852715
118.8465,-0.0852756
118.8626,-0.0852794
118.8793,-0.0852822
118.8954,-0.085286
118.9121,-0.0852879
118.9281,-0.0852909
118.9465,-0.0852972
118.9626,-0.0853022
118.9795,-0.085308
118.9951,-0.0853118
119.0138,-0.0853126
119.0295,-0.0853121
119.045,-0.0853117
119.0625,-0.0853118
119.0791,-0.0853133
119.0955,-0.0853136
119.113,-0.0853168
119.1294,-0.0853211
119.1458,-0.0853242
119.1629,-0.0853289
119.1793,-0.0853306
119.1956,-0.0853314
119.2126,-0.085331
119.2288,-0.0853312
119.2458,-0.0853321
119.2621,-0.085334
119.2786,-0.085335
119.2946,-0.0853363
119.3126,-0.0853384
119.329,-0.0853404
119.3452,-0.0853445
119.3626,-0.0853482
119.3795,-0.0853545
119.3956,-0.0853585
119.4119,-0.0853638
119.4287,-0.0853672
119.4454,-0.0853699
119.4632,-0.0853689
119.4791,-0.0853682
119.4957,-0.0853691
119.512,-0.085371
119.5286,-0.0853717
119.5454,-0.0853709
119.563,-0.0853729
119.5788,-0.0853772
119.596,-0.085382
119.6122,-0.0853859
119.6281,-0.0853886
119.6458,-0.0853923
119.6626,-0.0853955
119.6795,-0.0853982
119.6958,-0.0854026
119.7119,-0.0854078
119.7289,-0.0854106
119.7462,-0.0854129
119.7632,-0.0854138
119.7788,-0.0854145
119.7956,-0.0854157
119.8127,-0.0854185
119.8289,-0.0854201
119.8459,-0.0854227
119.8626,-0.0854256
119.8796,-0.0854292
119.8961,-0.0854328
119.9122,-0.0854383
119.9296,-0.0854414
119.9463,-0.0854433
119.9632,-0.0854454
119.9794,-0.085447
119.9961,-0.0854474
120.013,-0.0854477
120.0296,-0.0854479
120.0459,-0.0854486
120.0633,-0.0854515
120.0796,-0.0854563
120.0969,-0.0854586
120.1128,-0.0854627
120.1303,-0.0854664
120.1467,-0.0854687
120.164,-0.0854737
120.1801,-0.0854777
120.1969,-0.0854815
120.2138,-0.0854847
120.2301,-0.0854858
120.2472,-0.0854864
120.2635,-0.0854886
120.2803,-0.0854893
120.2975,-0.0854917
120.3141,-0.0854952
120.33,-0.085497
120.3464,-0.085501
120.363,-0.0855049
120.3809,-0.0855106
120.3965,-0.0855155
120.4132,-0.0855187
120.4305,-0.0855244
120.4468,-0.0855302
120.464,-0.0855341
120.4793,-0.0855384
120.4978,-0.0855441
120.5135,-0.0855488
120.5302,-0.0855506
120.5462,-0.0855534
120.5633,-0.0855556
120.5802,-0.0855566
120.5964,-0.0855579
120.613,-0.0855589
120.63,-0.0855614
120.6473,-0.0855662
120.664,-0.0855724
120.6799,-0.0855818
120.6973,-0.0855897
120.7139,-0.0855951
120.7309,-0.0856002
120.7473,-0.0856041
120.7635,-0.0856111
120.7799,-0.0856156
120.7959,-0.0856195
120.8138,-0.0856224
120.8304,-0.0856256
120.8469,-0.0856272
120.8627,-0.08563
120.879,-0.0856336
120.8967,-0.0856391
120.9134,-0.0856452
120.9297,-0.085651
120.9468,-0.08566
120.9641,-0.0856684
120.9801,-0.085675
120.9965,-0.0856807
121.0137,-0.0856851
121.0304,-0.0856887
121.0473,-0.0856907
121.0639,-0.0856944
121.0798,-0.085698
121.0967,-0.0857016
121.1144,-0.0857067
121.1299,-0.0857114
121.1475,-0.0857179
121.1644,-0.0857214
121.1806,-0.0857238
121.1978,-0.0857264
121.2124,-0.0857275
121.2307,-0.0857293
121.2465,-0.0857327
121.2627,-0.0857376
121.2801,-0.0857416
121.2964,-0.0857482
121.3132,-0.0857519
121.3298,-0.0857575
121.346,-0.0857628
121.3631,-0.0857657
121.3801,-0.0857694
121.3954,-0.0857715
121.413,-0.0857745
121.4304,-0.0857782
121.4463,-0.0857826
121.463,-0.0857874
121.4792,-0.0857949
121.4964,-0.0858014
121.5135,-0.085809
121.53,-0.0858146
121.546,-0.0858182
121.5634,-0.0858216
121.5805,-0.0858267
121.5969,-0.0858281
121.6127,-0.0858302
121.6295,-0.0858331
121.647,-0.0858349
121.664,-0.0858384
121.6801,-0.0858436
121.697,-0.0858494
121.7128,-0.0858553
121.7295,-0.0858584
121.7478,-0.0858624
121.7636,-0.0858673
121.7808,-0.0858696
121.7972,-0.0858718
121.8127,-0.085872
121.8304,-0.0858694
121.8471,-0.0858691
121.863,-0.0858696
121.8801,-0.0858689
121.8962,-0.0858705
121.9133,-0.0858689
121.9305,-0.0858687
121.9468,-0.0858691
121.9642,-0.08587
121.9802,-0.0858714
121.9967,-0.085871
122.0132,-0.08587
122.03,-0.0858715
122.0474,-0.0858755
122.0639,-0.0858786
122.0808,-0.085881
122.0972,-0.0858828
122.1136,-0.085884
122.1303,-0.085886
122.146,-0.0858898
122.1636,-0.0858926
122.1813,-0.0858965
122.197,-0.0859018
122.2136,-0.0859088
122.2308,-0.0859159
122.2465,-0.0859205
122.264,-0.0859256
122.2813,-0.0859301
122.298,-0.0859352
122.3147,-0.0859396
122.3307,-0.0859444
122.3479,-0.0859464
122.3642,-0.0859485
122.3813,-0.0859482
122.3974,-0.085946
122.4147,-0.0859452
122.4309,-0.0859462
122.4472,-0.0859484
122.4638,-0.0859501
122.4805,-0.0859528
122.498,-0.0859557
122.5134,-0.0859597
122.5309,-0.0859645
122.5477,-0.0859674
122.5645,-0.0859722
122.5815,-0.0859765
122.5978,-0.0859823
122.6142,-0.0859874
122.6311,-0.0859918
122.6478,-0.0859954
122.6649,-0.0859984
122.681,-0.0860022
122.6975,-0.0860072
122.7141,-0.086012
122.7301,-0.0860163
122.7479,-0.0860202
122.7642,-0.0860266
122.7813,-0.0860337
122.7985,-0.0860394
122.815,-0.0860457
122.8321,-0.086051
122.8481,-0.0860552
122.8651,-0.086059
122.8814,-0.0860626
122.8993,-0.0860668
122.9141,-0.0860706
122.9315,-0.0860741
122.948,-0.0860765
122.965,-0.086078
122.9821,-0.0860795
122.9977,-0.0860821
123.0143,-0.086085
123.0316,-0.0860863
123.0473,-0.08609
123.065,-0.0860947
123.0816,-0.0861018
123.0975,-0.0861064
123.114,-0.0861099
123.1318,-0.0861141
123.1477,-0.0861165
123.1638,-0.0861196
123.181,-0.086122
123.1976,-0.086127
123.2143,-0.0861324
123.2312,-0.0861384
123.2479,-0.0861444
123.2646,-0.0861496
123.2818,-0.0861542
123.2978,-0.0861584
123.3143,-0.086163
123.3313,-0.086169
123.3481,-0.0861754
123.365,-0.0861812
123.3809,-0.0861874
123.3985,-0.0861945
123.415,-0.0862006
123.4314,-0.0862075
123.4478,-0.0862146
123.4651,-0.0862203
123.4821,-0.0862255
123.4991,-0.086229
123.5147,-0.0862302
123.5318,-0.0862315
123.5486,-0.086233
123.5654,-0.0862338
123.5807,-0.086236
123.5977,-0.08624
123.6152,-0.0862445
123.6317,-0.0862497
123.6476,-0.0862541
123.6657,-0.0862597
123.6824,-0.0862645
123.6986,-0.0862647
123.7148,-0.0862652
123.7314,-0.0862681
123.749,-0.0862699
123.7648,-0.0862728
123.7809,-0.0862763
123.7986,-0.0862817
123.8149,-0.0862868
123.832,-0.0862917
123.8482,-0.0862961
123.8656,-0.0862992
123.8819,-0.0863014
123.8982,-0.0863027
123.9151,-0.0863067
123.9317,-0.0863111
123.9484,-0.086314
123.9654,-0.0863189
123.9824,-0.0863242
123.999,-0.0863292
124.0157,-0.0863344
124.0322,-0.0863376
124.048,-0.0863397
124.0655,-0.0863399
124.082,-0.08634
124.0988,-0.0863408
124.1156,-0.0863421
124.1317,-0.0863435
124.1478,-0.0863459
124.1648,-0.0863498
124.1812,-0.0863529
124.1978,-0.0863591
124.2145,-0.0863661
124.2323,-0.0863728
124.2492,-0.0863804
124.2643,-0.0863872
124.2818,-0.0863942
124.2984,-0.0863991
124.3144,-0.0864046
124.332,-0.0864123
124.3476,-0.0864228
124.365,-0.0864294
124.3821,-0.0864331
124.3989,-0.0864371
124.4158,-0.0864404
124.432,-0.0864433
124.4488,-0.0864468
124.465,-0.0864486
124.4813,-0.0864512
124.4986,-0.0864543
124.5159,-0.0864589
124.5323,-0.0864648
124.549,-0.0864705
124.5654,-0.0864746
124.5819,-0.086479
124.5987,-0.0864825
124.6153,-0.0864845
124.6313,-0.0864858
124.649,-0.0864857
124.665,-0.0864871
124.6824,-0.0864882
124.6984,-0.0864893
124.7148,-0.0864904
124.7315,-0.0864898
124.7489,-0.0864915
124.7651,-0.0864948
124.7815,-0.0864995
124.7988,-0.0865028
124.8142,-0.0865066
124.8313,-0.0865086
124.8481,-0.0865127
124.8655,-0.086517
124.8816,-0.0865216
124.8989,-0.0865247
124.9142,-0.0865295
124.9324,-0.086535
124.9488,-0.0865398
124.9652,-0.0865475
124.9816,-0.0865529
124.999,-0.0865585
125.016,-0.0865614
125.0322,-0.086565
125.0493,-0.0865669
125.0646,-0.086568
125.0825,-0.0865688
125.099,-0.0865694
125.1158,-0.0865701
125.1325,-0.0865703
125.1488,-0.0865701
125.1662,-0.0865679
125.1829,-0.0865685
125.1986,-0.0865667
125.2151,-0.0865654
125.2318,-0.0865655
125.249,-0.0865652
125.2659,-0.0865677
125.2815,-0.0865724
125.2984,-0.0865776
125.3151,-0.0865824
125.3314,-0.0865863
125.3484,-0.0865885
125.3653,-0.0865914
125.3816,-0.0865933
125.3989,-0.086596
125.4152,-0.0865969
125.4315,-0.0865987
125.4486,-0.0866015
125.4652,-0.086606
125.4821,-0.086613
125.4985,-0.0866223
125.5154,-0.0866318
125.5317,-0.0866425
125.5487,-0.0866505
125.566,-0.0866574
125.5826,-0.086663
125.5992,-0.0866675
125.6161,-0.0866701
125.6323,-0.0866707
125.6484,-0.0866722
125.6651,-0.0866737
125.6822,-0.0866744
125.6988,-0.0866742
125.7151,-0.0866735
125.732,-0.0866748
125.749,-0.0866782
125.7654,-0.0866824
125.7819,-0.0866887
125.7985,-0.086693
125.8155,-0.0866976
125.832,-0.0867027
125.849,-0.0867069
125.8647,-0.0867111
125.882,-0.0867149
125.8995,-0.08672
125.9156,-0.0867257
125.9322,-0.0867329
125.9488,-0.0867416
125.9657,-0.0867483
125.9824,-0.0867536
125.9993,-0.0867603
126.0161,-0.0867653
126.0329,-0.0867686
126.0492,-0.0867715
126.0657,-0.0867726
126.0823,-0.086773
126.0983,-0.0867736
126.1154,-0.0867737
126.1319,-0.0867766
126.1488,-0.0867798
126.1657,-0.0867851
126.1827,-0.086789
126.1986,-0.086794
126.2155,-0.0868003
126.2316,-0.0868068
126.2496,-0.0868102
126.2645,-0.0868124
126.2832,-0.0868155
126.299,-0.0868181
126.3155,-0.0868221
126.3326,-0.0868259
126.3493,-0.0868329
126.3655,-0.0868391
126.3824,-0.0868465
126.3997,-0.086852
126.416,-0.0868576
126.4325,-0.0868604
126.4484,-0.0868612
126.4654,-0.0868611
126.4816,-0.0868581
126.4987,-0.0868553
126.5158,-0.0868545
126.5316,-0.0868567
126.5494,-0.08686
126.5653,-0.086866
126.5822,-0.0868745
126.5995,-0.0868828
126.6163,-0.0868909
126.632,-0.0868961
126.6494,-0.0869016
126.6658,-0.0869069
126.6816,-0.0869105
126.6998,-0.0869144
126.7159,-0.0869187
126.7331,-0.0869214
126.75,-0.0869234
126.766,-0.0869252
126.783,-0.0869258
126.7995,-0.0869273
126.8164,-0.0869269
126.8333,-0.086926
126.8492,-0.0869281
126.8668,-0.0869308
126.8826,-0.0869344
126.8993,-0.0869402
126.9165,-0.0869465
126.932,-0.0869544
126.9492,-0.0869604
126.9662,-0.0869668
126.9829,-0.0869711
126.9995,-0.0869728
127.0165,-0.0869743
127.0331,-0.0869752
127.0492,-0.0869775
127.066,-0.0869815
127.0824,-0.0869855
127.0998,-0.0869923
127.1157,-0.0869999
127.1332,-0.0870071
127.1491,-0.0870139
127.1659,-0.0870198
127.1831,-0.0870243
127.1996,-0.0870298
127.2156,-0.0870326
127.2323,-0.0870366
127.2493,-0.0870405
127.2664,-0.0870434
127.2829,-0.0870463
127.2994,-0.0870482
127.3162,-0.0870495
127.333,-0.0870484
127.3485,-0.0870465
127.3658,-0.0870467
127.382,-0.0870477
127.3988,-0.087048
127.4153,-0.0870497
127.4326,-0.0870558
127.4494,-0.0870637
127.4661,-0.0870725
127.4828,-0.087081
127.4993,-0.0870906
127.5163,-0.0870984
127.5325,-0.0871071
127.5496,-0.0871157
127.5657,-0.0871221
127.5821,-0.0871267
127.598,-0.0871311
127.6156,-0.0871372
127.6331,-0.0871417
127.6483,-0.087147
127.6654,-0.0871534
127.6826,-0.0871593
127.6996,-0.0871653
127.7155,-0.0871717
127.7325,-0.0871798
127.75,-0.0871888
127.7656,-0.087195
127.7826,-0.0872014
127.7996,-0.0872059
127.8164,-0.0872107
127.8331,-0.087214
127.8495,-0.0872173
127.8662,-0.0872208
127.8832,-0.087225
127.8998,-0.0872287
127.9158,-0.0872317
127.932,-0.0872353
127.9499,-0.0872399
127.9663,-0.0872438
127.9822,-0.0872474
127.9996,-0.0872522
128.0164,-0.0872573
128.0327,-0.0872614
128.0497,-0.0872633
128.0662,-0.0872656
128.0828,-0.0872668
128.0999,-0.0872663
128.1161,-0.0872659
128.1323,-0.087264
128.1497,-0.0872659
128.1664,-0.0872698
128.1823,-0.0872741
128.1996,-0.0872827
128.215,-0.0872908
128.2324,-0.0872988
128.2501,-0.0873034
128.2659,-0.0873075
128.2831,-0.0873099
128.2991,-0.0873114
128.3155,-0.0873123
128.3325,-0.0873143
128.35,-0.0873159
128.3667,-0.0873179
128.3832,-0.0873218
128.3989,-0.087327
128.4166,-0.0873307
128.4324,-0.0873338
128.449,-0.087337
128.4663,-0.0873401
128.4833,-0.0873432
128.4998,-0.0873461
128.5159,-0.0873507
128.5331,-0.0873529
128.5496,-0.0873521
128.566,-0.0873511
128.5831,-0.0873503
128.5997,-0.0873508
128.6166,-0.0873516
128.6326,-0.0873532
128.6498,-0.0873564
128.6664,-0.0873596
128.6834,-0.087365
128.7003,-0.0873715
128.7169,-0.0873777
128.7337,-0.0873817
128.7506,-0.0873849
128.7672,-0.0873892
128.7843,-0.0873923
128.8005,-0.0873948
128.8174,-0.0873961
128.8338,-0.0873989
128.8507,-0.0874027
128.8663,-0.0874054
128.8839,-0.0874108
128.9002,-0.0874172
128.9181,-0.0874235
128.9347,-0.0874301
128.9512,-0.0874363
128.9689,-0.0874409
128.9843,-0.0874455
129.0012,-0.0874493
129.0186,-0.0874534
129.0342,-0.0874578
129.0514,-0.0874617
129.0686,-0.0874641
129.0848,-0.0874665
129.1008,-0.0874695
129.1187,-0.0874724
129.1347,-0.0874733
129.1518,-0.0874732
129.1682,-0.0874756
129.1847,-0.0874775
129.2012,-0.0874794
129.218,-0.087482
129.2345,-0.0874823
129.2506,-0.0874836
129.2674,-0.0874854
129.2829,-0.0874899
129.3005,-0.0874924
129.317,-0.0874964
129.3345,-0.0875019
129.3502,-0.0875083
129.368,-0.0875155
129.3835,-0.0875243
129.4,-0.0875325
129.4175,-0.0875407
129.4337,-0.0875493
129.4501,-0.0875573
129.468,-0.0875666
129.4835,-0.0875757
129.5006,-0.0875847
129.5175,-0.0875908
129.5338,-0.0875969
129.5501,-0.0876041
129.5673,-0.0876122
129.5837,-0.087619
129.5994,-0.0876253
129.617,-0.0876315
129.6338,-0.0876387
129.6499,-0.0876461
129.6674,-0.0876538
129.6842,-0.0876617
129.7002,-0.0876661
129.7171,-0.0876712
129.734,-0.0876792
129.7504,-0.0876854
129.7672,-0.0876923
129.7832,-0.0876988
129.8,-0.0877049
129.8173,-0.0877092
129.8345,-0.0877116
129.8509,-0.0877144
129.8665,-0.0877192
129.8837,-0.0877215
129.9004,-0.087723
129.9165,-0.0877236
129.9338,-0.087725
129.9508,-0.0877303
129.9668,-0.0877374
129.9839,-0.0877414
130.0005,-0.0877446
130.0167,-0.0877454
130.0335,-0.0877466
130.0502,-0.0877493
130.0665,-0.0877548
130.0835,-0.0877606
130.0998,-0.0877634
130.1167,-0.0877638
130.1331,-0.0877677
130.1509,-0.0877725
130.1671,-0.0877769
130.1838,-0.0877809
130.2001,-0.0877858
130.217,-0.0877878
130.2345,-0.0877911
130.25,-0.0877962
130.2671,-0.0877996
130.2845,-0.0878048
130.3014,-0.0878088
130.3174,-0.0878115
130.3337,-0.087814
130.3508,-0.0878141
130.3661,-0.0878143
130.3834,-0.0878139
130.3999,-0.0878164
130.417,-0.0878209
130.4337,-0.0878274
130.4505,-0.0878321
130.4664,-0.087837
130.4841,-0.0878422
130.5008,-0.0878471
130.517,-0.0878498
130.5332,-0.0878509
130.5503,-0.0878512
130.567,-0.0878507
130.5844,-0.08785
130.6,-0.087853
130.6171,-0.0878574
130.6336,-0.0878629
130.65,-0.0878661
130.6674,-0.0878688
130.6837,-0.0878732
130.7006,-0.087875
130.7176,-0.0878773
130.7336,-0.0878801
130.7504,-0.0878861
130.7672,-0.0878902
130.7836,-0.0878927
130.8005,-0.0878933
130.8179,-0.0878965
130.8342,-0.0879004
130.8502,-0.0879062
130.8668,-0.087909
130.8832,-0.0879128
130.9008,-0.0879148
130.9182,-0.0879166
130.934,-0.0879207
130.9503,-0.0879254
130.9678,-0.0879291
130.9842,-0.0879327
131.0007,-0.0879351
131.0174,-0.0879374
131.0346,-0.0879411
131.0517,-0.0879447
131.0679,-0.0879459
131.0843,-0.0879458
131.1006,-0.0879429
131.1175,-0.0879411
131.134,-0.0879424
131.1505,-0.087943
131.1669,-0.0879448
131.1835,-0.0879456
131.1998,-0.0879472
131.2174,-0.0879487
131.2336,-0.0879519
131.2506,-0.0879566
131.2667,-0.0879635
131.2836,-0.0879697
131.3002,-0.0879742
131.3168,-0.0879787
131.3338,-0.0879823
131.3513,-0.0879859
131.3666,-0.0879876
131.3835,-0.0879902
131.3995,-0.0879945
131.4168,-0.087999
131.4335,-0.0880053
131.4507,-0.0880137
131.467,-0.0880211
131.4838,-0.0880278
131.5006,-0.0880348
131.5174,-0.0880398
131.5344,-0.0880439
131.5506,-0.0880471
131.5674,-0.0880499
131.5833,-0.0880534
131.6001,-0.0880596
131.6168,-0.0880658
131.6338,-0.0880717
131.6509,-0.0880776
131.6671,-0.0880817
131.6842,-0.088085
131.7003,-0.0880852
131.7177,-0.0880854
131.7339,-0.0880859
131.7495,-0.088086
131.7681,-0.0880863
131.7835,-0.0880867
131.8005,-0.0880877
131.817,-0.0880894
131.8338,-0.0880936
131.8497,-0.0880973
131.8667,-0.0881003
131.8835,-0.0881003
131.9006,-0.0881021
131.9168,-0.088107
131.9335,-0.0881118
131.95,-0.0881176
131.9661,-0.0881254
131.9834,-0.0881315
132.0008,-0.0881381
132.0175,-0.0881446
132.0341,-0.0881498
132.0514,-0.0881545
132.0669,-0.0881584
132.084,-0.0881602
132.1007,-0.0881627
132.1175,-0.0881662
132.1335,-0.0881683
132.1507,-0.0881689
132.1673,-0.0881692
132.1833,-0.0881688
132.2003,-0.0881713
132.2169,-0.0881777
132.2339,-0.0881823
132.2508,-0.0881855
132.2674,-0.0881917
132.2842,-0.0881963
132.3009,-0.0882014
132.3173,-0.0882055
132.3335,-0.0882114
132.3505,-0.0882167
132.3668,-0.0882205
132.3834,-0.0882257
132.4007,-0.0882307
132.4173,-0.088234
132.4344,-0.0882353
132.4509,-0.0882358
132.4676,-0.088235
132.4835,-0.088234
132.5005,-0.0882347
132.5164,-0.0882382
132.5335,-0.0882429
132.55,-0.0882495
132.5661,-0.0882563
132.5845,-0.0882628
132.5999,-0.088269
132.6174,-0.0882751
132.6339,-0.0882791
132.6497,-0.0882818
132.6671,-0.0882816
132.6846,-0.0882823
132.7009,-0.0882855
132.7175,-0.0882904
132.7341,-0.0882934
132.7502,-0.0882964
132.7673,-0.0883001
132.7849,-0.0883026
132.801,-0.0883062
132.8169,-0.0883136
132.8337,-0.0883189
132.8509,-0.0883238
132.8675,-0.0883281
132.8837,-0.0883316
132.9018,-0.0883365
132.9171,-0.0883396
132.9347,-0.0883424
132.9511,-0.0883444
132.9672,-0.0883472
132.9843,-0.0883493
133.0006,-0.0883521
133.0181,-0.0883559
133.0351,-0.0883598
133.0514,-0.0883653
133.068,-0.0883709
133.0845,-0.0883759
133.1011,-0.0883794
133.1186,-0.088385
133.1349,-0.0883904
133.1521,-0.088395
133.1678,-0.0884
133.1848,-0.0884052
133.2017,-0.088407
133.2181,-0.0884086
133.2351,-0.0884101
133.2518,-0.088416
133.2684,-0.0884194
133.2854,-0.0884243
133.3014,-0.0884307
133.318,-0.0884349
133.3355,-0.0884414
133.3513,-0.0884488
133.3686,-0.0884542
133.3853,-0.0884569
133.4012,-0.088459
133.4186,-0.0884568
133.4353,-0.0884572
133.4522,-0.0884598
133.4688,-0.0884608
133.4848,-0.0884623
133.5012,-0.0884646
133.5179,-0.0884698
133.5362,-0.0884769
133.5514,-0.0884847
133.5688,-0.0884922
133.5845,-0.0884977
133.602,-0.0885039
133.6185,-0.088511
133.6358,-0.0885175
133.6528,-0.0885231
133.6687,-0.0885284
133.6852,-0.0885335
133.7022,-0.0885375
133.7184,-0.0885424
133.7357,-0.0885463
133.7514,-0.0885516
133.7687,-0.0885573
133.7853,-0.0885648
133.803,-0.0885725
133.8193,-0.0885806
133.8357,-0.0885875
133.8524,-0.0885915
133.8686,-0.0885966
133.8858,-0.0886004
133.9021,-0.0886037
133.9187,-0.0886077
133.935,-0.0886122
133.952,-0.0886176
133.9688,-0.088621
133.9855,-0.0886259
134.0024,-0.0886296
134.0188,-0.0886332
134.0352,-0.0886363
134.0517,-0.0886405
134.0688,-0.0886449
134.0851,-0.0886502
134.103,-0.088656
134.1192,-0.0886621
134.1345,-0.0886695
134.1518,-0.0886757
134.1691,-0.0886823
134.1853,-0.0886888
134.2015,-0.0886954
134.2189,-0.0887011
134.2345,-0.0887065
134.2524,-0.088713
134.2681,-0.0887185
134.2848,-0.0887249
134.3018,-0.0887317
134.3187,-0.0887391
134.3361,-0.0887431
134.3518,-0.0887469
134.3687,-0.0887512
134.3856,-0.0887543
134.4027,-0.0887562
134.4184,-0.0887599
134.4351,-0.0887662
134.4523,-0.0887734
134.4687,-0.0887805
134.4859,-0.0887878
134.5031,-0.0887982
134.5189,-0.0888053
134.5361,-0.08881
134.5522,-0.0888115
134.5697,-0.0888128
134.5863,-0.0888136
134.6026,-0.0888149
134.6185,-0.0888148
134.6349,-0.0888154
134.652,-0.0888182
134.6679,-0.0888243
134.6857,-0.0888303
134.7018,-0.0888343
134.7191,-0.0888381
134.7356,-0.0888413
134.7523,-0.0888455
134.7687,-0.0888496
134.7848,-0.0888554
134.8022,-0.0888598
134.8189,-0.0888653
134.835,-0.0888703
134.8517,-0.0888775
134.8688,-0.0888839
134.885,-0.0888874
134.9022,-0.0888924
134.919,-0.088898
134.9353,-0.0889026
134.9517,-0.0889085
134.9688,-0.0889125
134.9851,-0.0889177
135.0019,-0.0889237
135.0191,-0.0889304
135.0357,-0.088936
135.0518,-0.0889404
135.0689,-0.0889449
135.0864,-0.0889469
135.102,-0.0889484
135.1191,-0.0889485
135.1354,-0.0889487
135.1526,-0.0889513
135.1688,-0.0889534
135.1852,-0.0889579
135.2017,-0.0889623
135.218,-0.0889678
135.2359,-0.0889746
135.252,-0.0889823
135.2697,-0.0889909
135.2853,-0.0889999
135.302,-0.0890077
135.3193,-0.0890131
135.3355,-0.0890183
135.3524,-0.089022
135.3688,-0.0890253
135.3858,-0.0890271
135.4022,-0.0890279
135.4194,-0.0890279
135.4359,-0.0890278
135.4523,-0.0890287
135.4686,-0.0890304
135.485,-0.0890335
135.5021,-0.0890383
135.5189,-0.0890448
135.535,-0.0890523
135.5522,-0.0890594
135.5681,-0.0890669
135.5854,-0.0890751
135.6026,-0.0890813
135.6192,-0.0890849
135.636,-0.0890872
135.6524,-0.0890877
135.6688,-0.0890868
135.6847,-0.089086
135.7017,-0.0890862
135.7182,-0.089089
135.7352,-0.0890939
135.752,-0.089101
135.7677,-0.0891085
135.7855,-0.089117
135.8022,-0.089125
135.8195,-0.0891311
135.8354,-0.089137
135.852,-0.0891439
135.8693,-0.0891469
135.8857,-0.0891488
135.9022,-0.0891532
135.9185,-0.0891582
135.935,-0.0891633
135.9522,-0.0891694
135.9685,-0.0891761
135.9857,-0.0891823
136.0018,-0.0891845
136.0186,-0.0891878
136.0353,-0.0891924
136.0521,-0.0891961
136.068,-0.0891975
136.0846,-0.0891995
136.1024,-0.0892002
136.1191,-0.0892026
136.1354,-0.0892063
136.1516,-0.0892115
136.1691,-0.0892142
136.1854,-0.0892159
136.2025,-0.0892162
136.2186,-0.0892165
136.235,-0.0892189
136.2516,-0.0892195
136.2691,-0.0892218
136.2846,-0.0892254
136.3024,-0.0892289
136.3192,-0.0892313
136.3349,-0.0892354
136.3522,-0.0892403
136.3697,-0.0892474
136.385,-0.089252
136.4019,-0.0892541
136.4201,-0.0892594
136.4349,-0.0892645
136.4534,-0.0892693
136.4688,-0.0892741
136.4858,-0.0892799
136.5032,-0.0892845
136.5194,-0.0892883
136.5362,-0.0892899
136.5524,-0.0892921
136.5705,-0.0892947
136.5857,-0.0892975
136.6027,-0.0893015
136.6197,-0.0893047
136.6355,-0.0893075
136.6531,-0.0893112
136.6698,-0.0893123
136.6863,-0.0893144
136.703,-0.0893168
136.7193,-0.0893212
136.7376,-0.089324
136.7529,-0.0893273
136.7693,-0.0893322
136.7868,-0.0893365
136.8031,-0.0893383
136.8195,-0.0893415
136.8368,-0.0893452
136.8531,-0.0893477
136.8695,-0.08935
136.8869,-0.0893545
136.9034,-0.0893593
136.9198,-0.0893644
136.9371,-0.0893699
136.953,-0.0893772
136.9695,-0.0893836
136.9866,-0.0893916
137.0028,-0.0894004
137.02,-0.0894061
137.0362,-0.0894128
137.0526,-0.0894195
137.0706,-0.0894236
137.0864,-0.0894272
137.1024,-0.0894293
137.1196,-0.0894324
137.1363,-0.0894365
137.1538,-0.0894401
137.1694,-0.0894459
137.186,-0.089453
137.203,-0.0894597
137.2195,-0.0894665
137.2365,-0.0894722
137.2535,-0.0894802
137.27,-0.0894875
137.2866,-0.0894931
137.3035,-0.0894985
137.3198,-0.0895035
137.3364,-0.0895061
137.3534,-0.089509
137.3697,-0.0895121
137.3857,-0.0895169
137.4023,-0.0895227
137.4188,-0.0895289
137.4362,-0.0895341
137.453,-0.0895416
137.47,-0.0895493
137.4868,-0.0895567
137.5032,-0.0895636
137.52,-0.0895703
137.5363,-0.0895759
137.5532,-0.0895824
137.5692,-0.0895889
137.5866,-0.0895958
137.6031,-0.0896023
137.6195,-0.0896062
137.6366,-0.0896102
137.6533,-0.0896142
137.6703,-0.0896179
137.6873,-0.0896193
137.7026,-0.0896224
137.7198,-0.0896237
137.7367,-0.0896263
137.7538,-0.0896291
137.7691,-0.0896329
137.7861,-0.0896387
137.803,-0.089645
137.8194,-0.0896492
137.8368,-0.0896534
137.854,-0.0896594
137.871,-0.0896656
137.8873,-0.0896718
137.9026,-0.0896795
137.9197,-0.0896855
137.937,-0.089689
137.954,-0.0896921
137.9707,-0.0896962
137.9877,-0.0897012
138.0039,-0.0897037
138.02,-0.0897049
138.0371,-0.0897044
138.0537,-0.0897058
138.0706,-0.0897089
138.0862,-0.089712
138.1042,-0.0897162
138.1206,-0.0897222
138.1379,-0.0897265
138.154,-0.0897294
138.1705,-0.0897333
138.1877,-0.089737
138.2045,-0.0897399
138.2205,-0.0897415
138.2379,-0.0897467
138.2539,-0.0897499
138.271,-0.0897531
138.2872,-0.0897584
138.3031,-0.0897631
138.3211,-0.0897665
138.3375,-0.0897717
138.354,-0.0897757
138.3705,-0.0897821
138.3878,-0.0897856
138.4039,-0.0897894
138.4204,-0.0897938
138.4373,-0.089796
138.4536,-0.0897992
138.4703,-0.0898018
138.4876,-0.089804
138.5046,-0.0898079
138.5208,-0.0898132
138.5384,-0.0898191
138.5539,-0.0898246
138.5712,-0.0898287
138.5877,-0.0898338
138.6045,-0.0898395
138.6215,-0.0898443
138.6385,-0.089848
138.6539,-0.0898519
138.6711,-0.0898571
138.6876,-0.0898612
138.7033,-0.0898659
138.7211,-0.0898679
138.7377,-0.0898716
138.755,-0.0898755
138.7713,-0.0898801
138.7877,-0.0898838
138.8043,-0.0898855
138.821,-0.0898873
138.8384,-0.0898907
138.8545,-0.0898939
138.8708,-0.0898987
138.8873,-0.0899019
138.9047,-0.089903
138.9214,-0.0899063
138.9386,-0.0899094
138.9556,-0.0899149
138.9714,-0.08992
138.988,-0.0899242
139.006,-0.0899295
139.0216,-0.0899338
139.0392,-0.0899379
139.0555,-0.0899433
139.0719,-0.089948
139.0875,-0.0899516
139.1049,-0.0899585
139.122,-0.0899658
139.1385,-0.0899732
139.1553,-0.0899822
139.1721,-0.0899877
139.1894,-0.0899923
139.2061,-0.0899959
139.2231,-0.0899986
139.2383,-0.0900024
139.2557,-0.0900053
139.2721,-0.0900056
139.2892,-0.0900073
139.3064,-0.0900086
139.3223,-0.0900115
139.3383,-0.0900154
139.3563,-0.0900179
139.3728,-0.0900202
139.3886,-0.0900252
139.4053,-0.0900301
139.4218,-0.0900336
139.4386,-0.0900381
139.4548,-0.090042
139.4722,-0.0900479
139.4882,-0.0900545
139.5047,-0.0900601
139.5222,-0.0900651
139.5382,-0.0900677
139.556,-0.090071
139.5715,-0.0900751
139.5888,-0.0900794
139.6046,-0.0900854
139.6218,-0.0900934
139.6385,-0.090102
139.6545,-0.0901115
139.672,-0.0901217
139.6882,-0.0901304
139.7055,-0.0901396
139.7215,-0.0901465
139.7387,-0.090153
139.7552,-0.0901588
139.7719,-0.0901653
139.7887,-0.0901694
139.8049,-0.0901761
139.8217,-0.0901831
139.8383,-0.0901904
139.8552,-0.0901973
139.8712,-0.0902038
139.8886,-0.0902076
139.9054,-0.0902121
139.922,-0.0902157
139.9386,-0.0902211
139.9558,-0.0902272
139.9707,-0.0902307
139.9882,-0.0902364
140.0054,-0.0902439
140.0222,-0.0902528
140.0384,-0.090263
140.0561,-0.0902742
140.0725,-0.0902815
140.0894,-0.0902904
140.1053,-0.0902979
140.1213,-0.090305
140.1385,-0.09031
140.155,-0.0903171
140.1721,-0.0903242
140.1878,-0.090332
140.2054,-0.090338
140.2219,-0.090345
140.2389,-0.0903529
140.2555,-0.090359
140.2721,-0.0903661
140.2881,-0.0903703
140.3057,-0.090374
140.3221,-0.0903802
140.3387,-0.0903842
140.3549,-0.0903905
140.3714,-0.0903964
140.3883,-0.0904019
140.4058,-0.0904093
140.4213,-0.0904167
140.4385,-0.0904255
140.4542,-0.0904315
140.4712,-0.0904369
140.4884,-0.0904431
140.5043,-0.0904502
140.5217,-0.0904564
140.538,-0.0904634
140.5544,-0.0904701
140.5726,-0.090476
140.5883,-0.0904826
140.605,-0.090489
140.6219,-0.0904946
140.6391,-0.0904989
140.6555,-0.0905019
140.6715,-0.090509
140.6894,-0.0905131
140.7041,-0.0905194
140.7207,-0.0905263
140.7386,-0.0905327
140.7547,-0.0905392
140.7717,-0.0905444
140.788,-0.0905496
140.8042,-0.0905541
140.8211,-0.0905586
140.8381,-0.0905631
140.8545,-0.0905674
140.872,-0.0905743
140.8877,-0.0905793
140.9056,-0.0905846
140.9208,-0.0905894
140.938,-0.0905942
140.9551,-0.0905999
140.9709,-0.0906076
140.9887,-0.0906151
141.0043,-0.0906246
141.0215,-0.0906338
141.0377,-0.0906403
141.0556,-0.0906483
141.0715,-0.0906545
141.0885,-0.0906616
141.1047,-0.090669
141.1213,-0.0906785
141.1381,-0.0906879
141.1545,-0.0906956
141.173,-0.0907037
141.189,-0.0907124
141.2066,-0.0907191
141.2218,-0.0907229
141.2385,-0.090726
141.2556,-0.0907275
141.272,-0.0907294
141.2876,-0.090731
141.305,-0.0907336
141.3214,-0.0907354
141.3382,-0.09074
141.355,-0.0907448
141.3714,-0.0907491
141.3876,-0.0907541
141.4046,-0.0907608
141.422,-0.090769
141.4381,-0.0907777
141.4557,-0.0907858
141.4715,-0.0907937
141.4881,-0.0908003
141.5051,-0.0908054
141.522,-0.0908117
141.5386,-0.0908165
141.555,-0.0908216
141.5712,-0.0908269
141.5882,-0.0908334
141.606,-0.0908424
141.6206,-0.0908495
141.6384,-0.0908562
141.6553,-0.0908623
141.6723,-0.0908687
141.6885,-0.0908749
141.7052,-0.0908814
141.7216,-0.0908847
141.7389,-0.0908878
141.7556,-0.0908925
141.7724,-0.0908995
141.7895,-0.090907
141.8056,-0.090914
141.8219,-0.0909209
141.8396,-0.090927
141.8565,-0.0909319
141.8726,-0.0909351
141.8898,-0.0909375
141.9063,-0.0909396
141.9226,-0.0909411
141.9396,-0.0909425
141.955,-0.0909434
141.972,-0.0909462
141.9887,-0.0909469
142.006,-0.0909494
142.0216,-0.0909537
142.0384,-0.0909601
142.0556,-0.0909647
142.0717,-0.0909694
142.0891,-0.0909743
142.1059,-0.0909825
142.1223,-0.0909904
142.1379,-0.0909965
142.1553,-0.0910018
142.1722,-0.0910055
142.1892,-0.0910108
142.206,-0.0910191
142.2219,-0.0910286
142.2388,-0.0910387
142.2553,-0.0910467
142.2729,-0.0910537
142.2895,-0.0910581
142.3057,-0.0910631
142.3223,-0.0910686
142.3386,-0.0910723
142.3556,-0.0910755
142.3723,-0.0910761
142.3886,-0.0910793
142.4063,-0.0910813
142.422,-0.0910877
142.4386,-0.0910949
142.4552,-0.0911034
142.4722,-0.0911107
142.4888,-0.0911171
142.506,-0.0911249
142.5226,-0.0911318
142.5391,-0.091136
142.5558,-0.0911378
142.5723,-0.0911404
142.5887,-0.0911419
142.6054,-0.0911469
142.622,-0.0911559
142.6387,-0.0911655
142.6564,-0.0911746
142.6716,-0.0911856
142.6896,-0.0911969
142.7061,-0.091205
142.7222,-0.0912106
142.7398,-0.0912136
142.7563,-0.0912177
142.7729,-0.091219
142.7883,-0.0912206
142.8056,-0.0912237
142.8223,-0.0912278
142.8392,-0.0912323
142.8555,-0.0912401
142.8723,-0.0912479
142.8894,-0.0912559
142.9059,-0.091264
142.9217,-0.0912714
142.9385,-0.091277
142.9563,-0.0912824
142.972,-0.091286
142.9895,-0.0912909
143.0067,-0.0912957
143.0227,-0.0912989
143.0391,-0.0913015
143.0558,-0.091305
143.0729,-0.0913105
143.0894,-0.0913143
143.1054,-0.0913207
143.1232,-0.0913284
143.1392,-0.0913393
143.1555,-0.0913503
143.1721,-0.0913639
143.1894,-0.0913772
143.2059,-0.091387
143.223,-0.0913997
143.239,-0.0914079
143.2557,-0.0914154
143.2727,-0.0914227
143.2894,-0.0914288
143.3065,-0.0914341
143.3225,-0.0914392
143.3392,-0.0914435
143.3564,-0.0914494
143.3731,-0.0914562
143.3896,-0.0914632
143.4062,-0.0914705
143.4229,-0.0914765
143.4403,-0.0914825
143.4566,-0.0914888
143.4728,-0.091494
143.4893,-0.0914978
143.5066,-0.0914998
143.5233,-0.0915009
143.5396,-0.0915027
143.5563,-0.0915062
143.5729,-0.0915122
143.5896,-0.0915173
143.606,-0.0915223
143.6226,-0.0915282
143.6389,-0.091535
143.6568,-0.0915428
143.6726,-0.0915477
143.6899,-0.0915539
143.7065,-0.0915587
143.7225,-0.091563
143.7394,-0.0915664
143.7557,-0.0915723
143.7734,-0.0915793
143.789,-0.0915868
143.8052,-0.0915957
143.8228,-0.0916055
143.8396,-0.0916138
143.856,-0.091621
143.8729,-0.0916291
143.889,-0.0916355
143.906,-0.0916411
143.9224,-0.0916481
143.9394,-0.0916572
143.9558,-0.0916663
143.9728,-0.0916751
143.9893,-0.091685
144.0067,-0.0916955
144.0228,-0.0917048
144.0394,-0.0917114
144.0563,-0.0917164
144.0728,-0.0917205
144.0893,-0.0917247
144.1069,-0.0917303
144.1221,-0.0917353
144.14,-0.09174
144.1563,-0.091743
144.1726,-0.0917465
144.1899,-0.0917519
144.2059,-0.0917598
144.2223,-0.0917673
144.239,-0.0917764
144.2553,-0.0917842
144.2731,-0.0917912
144.29,-0.0917986
144.3053,-0.0918062
144.3229,-0.091815
144.3395,-0.0918218
144.3557,-0.0918299
144.3719,-0.0918359
144.3892,-0.0918411
144.4056,-0.0918457
144.4224,-0.0918513
144.4396,-0.0918571
144.4559,-0.0918646
144.4725,-0.0918724
144.4887,-0.0918813
144.5065,-0.0918916
144.5229,-0.0919
144.5401,-0.0919094
144.5565,-0.091917
144.5728,-0.0919246
144.5904,-0.0919313
144.6063,-0.0919366
144.6222,-0.0919418
144.6384,-0.0919465
144.6561,-0.0919542
144.6729,-0.0919602
144.6888,-0.0919675
144.7063,-0.091974
144.7224,-0.0919815
144.7396,-0.0919883
144.7557,-0.0919981
144.7729,-0.092011
144.7887,-0.0920247
144.8059,-0.0920362
144.822,-0.0920478
144.8386,-0.0920544
144.857,-0.0920598
144.872,-0.0920658
144.8888,-0.0920717
144.9061,-0.0920793
144.9226,-0.0920867
144.9392,-0.0920928
144.9561,-0.0921041
144.9728,-0.0921148
144.9891,-0.0921235
145.0068,-0.0921312
145.0224,-0.0921379
145.0392,-0.0921441
145.0554,-0.0921505
145.0724,-0.0921576
145.0887,-0.0921658
145.1061,-0.092173
145.123,-0.0921815
145.1404,-0.0921903
145.1556,-0.0921971
145.1731,-0.0922049
145.1891,-0.0922132
145.206,-0.0922202
145.2224,-0.0922253
145.2396,-0.092231
145.2562,-0.0922369
145.2726,-0.0922433
145.2888,-0.0922505
145.306,-0.0922573
145.3223,-0.0922626
145.3394,-0.0922696
145.3558,-0.0922761
145.3733,-0.0922834
145.3891,-0.0922878
145.4055,-0.0922914
145.4231,-0.0922953
145.4391,-0.0923009
145.4553,-0.0923072
145.4725,-0.0923137
145.4882,-0.0923187
145.5061,-0.0923251
145.5231,-0.0923335
145.5383,-0.0923419
145.5555,-0.0923514
145.5722,-0.0923618
145.589,-0.0923708
145.6068,-0.0923811
145.6229,-0.0923905
145.6393,-0.0923992
145.6568,-0.0924071
145.6724,-0.0924143
145.6895,-0.0924234
145.7061,-0.0924303
145.7227,-0.092435
145.7399,-0.0924408
145.756,-0.0924502
145.7728,-0.0924577
145.7895,-0.0924656
145.8057,-0.0924743
145.8224,-0.092483
145.8397,-0.0924918
145.8567,-0.0924985
145.8737,-0.092507
145.89,-0.0925141
145.907,-0.0925208
145.9238,-0.0925255
145.9396,-0.09253
145.9562,-0.092533
145.9728,-0.0925366
145.9884,-0.0925403
146.0069,-0.0925457
146.0231,-0.0925523
146.0401,-0.0925593
146.0563,-0.0925683
146.0726,-0.0925797
146.0891,-0.0925913
146.1065,-0.0926031
146.1236,-0.0926152
146.1395,-0.092627
146.1566,-0.092635
146.1737,-0.0926407
146.1894,-0.0926456
146.2065,-0.0926496
146.222,-0.0926551
146.2391,-0.092663
146.2558,-0.0926743
146.2726,-0.0926868
146.2893,-0.0926977
146.3062,-0.0927101
146.3233,-0.0927217
146.3398,-0.0927313
146.3564,-0.0927395
146.3726,-0.0927447
146.3895,-0.0927492
146.4057,-0.0927515
146.4234,-0.0927557
146.4395,-0.0927643
146.4557,-0.0927742
146.4729,-0.0927853
146.4889,-0.0927965
146.5059,-0.0928089
146.5226,-0.092825
146.5393,-0.0928393
146.5555,-0.0928531
146.5732,-0.0928662
146.5897,-0.0928776
146.6064,-0.0928889
146.6227,-0.0928993
146.6392,-0.0929082
146.6562,-0.0929143
146.6734,-0.0929202
146.6896,-0.0929261
146.7066,-0.0929316
146.7225,-0.0929392
146.7397,-0.0929468
146.7564,-0.0929555
146.7722,-0.0929651
146.7885,-0.0929756
146.8066,-0.0929843
146.8226,-0.0929911
146.8394,-0.0929976
146.856,-0.0930047
146.8731,-0.0930107
146.8887,-0.0930165
146.906,-0.0930222
146.9229,-0.0930279
146.9393,-0.0930345
146.9557,-0.0930442
146.9717,-0.0930561
146.9891,-0.0930674
147.0054,-0.0930802
147.0218,-0.0930953
147.039,-0.0931102
147.0553,-0.0931241
147.0731,-0.0931373
147.0896,-0.0931527
147.106,-0.0931665
147.1224,-0.0931763
147.1391,-0.0931874
147.1556,-0.093196
147.1727,-0.0932055
147.1892,-0.0932155
147.2059,-0.0932246
147.223,-0.093234
147.2385,-0.0932441
147.2562,-0.0932555
147.2728,-0.0932663
147.2897,-0.0932751
147.3061,-0.0932827
147.3226,-0.0932913
147.3403,-0.0932999
147.3564,-0.093309
147.3725,-0.0933176
147.3903,-0.0933262
147.406,-0.093333
147.4236,-0.0933397
147.4396,-0.0933497
147.4556,-0.0933603
147.473,-0.0933686
147.4895,-0.0933789
147.5067,-0.0933884
147.5225,-0.0934
147.5392,-0.0934091
147.5552,-0.0934144
147.5728,-0.0934195
147.5889,-0.0934259
147.6071,-0.0934358
147.6222,-0.0934467
147.6384,-0.0934559
147.6559,-0.0934676
147.673,-0.0934796
147.6894,-0.0934934
147.7066,-0.0935088
147.7231,-0.093522
147.7399,-0.0935328
147.756,-0.0935439
147.7729,-0.0935549
147.7897,-0.093567
147.8056,-0.0935766
147.8221,-0.093587
147.8402,-0.0935971
147.8569,-0.0936072
147.8731,-0.0936157
147.8895,-0.0936249
147.9061,-0.0936297
147.9228,-0.0936342
147.9396,-0.0936398
147.956,-0.0936479
147.9725,-0.0936583
147.9888,-0.09367
148.0062,-0.0936812
148.0227,-0.0936944
148.0399,-0.093706
148.0569,-0.0937152
148.0733,-0.0937234
148.0893,-0.0937297
148.1061,-0.0937379
148.1223,-0.093747
148.1385,-0.0937564
148.1563,-0.0937658
148.1728,-0.0937761
148.1895,-0.0937872
148.2059,-0.0937995
148.2221,-0.0938098
148.2392,-0.0938209
148.256,-0.0938326
148.2722,-0.0938426
148.2894,-0.0938529
148.3053,-0.093864
148.3235,-0.0938751
148.3395,-0.0938872
148.3564,-0.0938999
148.3729,-0.0939112
148.3893,-0.093921
148.4064,-0.0939305
148.423,-0.0939423
148.4403,-0.0939552
148.456,-0.0939652
148.4728,-0.0939742
148.4901,-0.0939822
148.5071,-0.0939896
148.5234,-0.0939951
148.5394,-0.094
148.5558,-0.094007
148.5728,-0.0940114
148.5895,-0.0940177
148.606,-0.094027
148.623,-0.0940381
148.6395,-0.0940499
148.6557,-0.0940604
148.673,-0.0940739
148.6903,-0.094087
148.7057,-0.0940999
148.7231,-0.0941127
148.7394,-0.0941224
148.7572,-0.0941329
148.7728,-0.0941439
148.7896,-0.094156
148.806,-0.0941666
148.8228,-0.094179
148.84,-0.0941928
148.8561,-0.0942086
148.8737,-0.0942218
148.8899,-0.0942368
148.9071,-0.09425
148.9231,-0.0942628
148.9406,-0.0942743
148.957,-0.0942835
148.9739,-0.0942906
148.9895,-0.0942954
149.0064,-0.0943012
149.023,-0.0943082
149.0396,-0.0943166
149.0566,-0.0943252
149.0731,-0.0943362
149.0896,-0.0943458
149.1066,-0.0943565
149.123,-0.0943685
149.1398,-0.0943805
149.1567,-0.094393
149.173,-0.0944038
149.1898,-0.094415
149.2062,-0.0944265
149.223,-0.094441
149.2397,-0.0944529
149.256,-0.0944644
149.2727,-0.0944764
149.2899,-0.0944862
149.3064,-0.0944962
149.3235,-0.0945073
149.3394,-0.0945176
149.3565,-0.0945291
149.3727,-0.0945401
149.3899,-0.0945507
149.4064,-0.0945625
149.423,-0.0945748
149.4401,-0.094588
149.456,-0.0945995
149.4721,-0.0946106
149.4893,-0.0946228
149.5069,-0.0946342
149.5228,-0.0946478
149.5393,-0.0946609
149.5559,-0.0946719
149.5731,-0.0946834
149.5886,-0.0946974
149.6063,-0.0947127
149.6229,-0.0947267
149.6398,-0.0947395
149.6571,-0.0947495
149.673,-0.0947599
149.6902,-0.0947693
149.706,-0.0947802
149.7222,-0.0947911
149.7385,-0.0948037
149.7558,-0.0948203
149.7732,-0.0948382
149.7893,-0.0948552
149.8059,-0.0948712
149.823,-0.0948865
149.8396,-0.0949005
149.8558,-0.0949127
149.8727,-0.0949238
149.8896,-0.0949369
149.9064,-0.0949496
149.9229,-0.0949631
149.9394,-0.0949772
149.9555,-0.0949922
149.9731,-0.0950056
149.9895,-0.0950155
150.0064,-0.0950276
150.0223,-0.0950396
150.0397,-0.0950547
150.0562,-0.0950666
150.0722,-0.0950786
150.0896,-0.095091
150.1061,-0.0951054
150.1234,-0.0951178
150.1397,-0.0951307
150.1557,-0.0951428
150.1729,-0.0951548
150.1893,-0.0951665
150.2066,-0.0951778
150.2232,-0.0951882
150.2394,-0.0951985
150.2564,-0.0952093
150.2733,-0.0952225
150.2897,-0.0952379
150.306,-0.0952511
150.3223,-0.0952635
150.3397,-0.0952748
150.3563,-0.0952877
150.3741,-0.0952982
150.3898,-0.0953102
150.406,-0.0953201
150.4229,-0.0953276
150.4401,-0.0953349
150.4561,-0.0953423
150.473,-0.0953514
150.4897,-0.0953611
150.5063,-0.0953716
150.5235,-0.0953822
150.5403,-0.0953945
150.5566,-0.0954068
150.5741,-0.0954187
150.5901,-0.0954296
150.6068,-0.095441
150.6232,-0.09545
150.6402,-0.095461
150.656,-0.0954706
150.6733,-0.0954812
150.6895,-0.0954929
150.7065,-0.0955052
150.7237,-0.09552
150.7393,-0.0955347
150.7561,-0.0955483
150.7734,-0.0955593
150.7906,-0.095572
150.8073,-0.0955832
150.8237,-0.0955949
150.8399,-0.0956054
150.8566,-0.095613
150.8732,-0.0956207
150.89,-0.0956295
150.9067,-0.0956419
150.9224,-0.0956556
150.9398,-0.0956705
150.9571,-0.0956843
150.9736,-0.095699
150.9903,-0.0957142
151.0073,-0.0957296
151.0238,-0.0957432
151.0394,-0.0957553
151.0567,-0.095767
151.0736,-0.0957796
151.0903,-0.0957927
151.1079,-0.0958057
151.1238,-0.0958191
151.1407,-0.0958304
151.1575,-0.0958434
151.1741,-0.0958565
151.1907,-0.0958694
151.2076,-0.0958808
151.2235,-0.0958913
151.24,-0.0959023
151.2568,-0.0959137
151.2731,-0.0959267
151.2908,-0.0959423
151.3071,-0.0959586
151.3236,-0.0959735
151.3402,-0.0959909
151.3567,-0.0960064
151.3739,-0.0960206
151.3905,-0.0960387
151.4073,-0.0960552
151.4235,-0.096073
151.4406,-0.0960909
151.4573,-0.0961078
151.4739,-0.0961222
151.4904,-0.0961359
151.5078,-0.0961491
151.5247,-0.0961654
151.5402,-0.0961829
151.5573,-0.0961981
151.5741,-0.0962122
151.5902,-0.0962269
151.6071,-0.096243
151.6244,-0.0962614
151.6405,-0.0962811
151.6572,-0.0962987
151.6736,-0.096317
151.6902,-0.0963321
151.7072,-0.0963483
151.724,-0.0963646
151.7404,-0.0963787
151.7577,-0.0963948
151.774,-0.0964118
151.7909,-0.0964283
151.807,-0.0964402
151.8239,-0.0964531
151.8405,-0.0964651
151.857,-0.0964775
151.8734,-0.0964898
151.8894,-0.096502
151.9071,-0.0965155
151.9228,-0.0965293
151.9397,-0.0965484
151.9571,-0.0965662
151.9736,-0.0965849
151.9899,-0.0966022
152.0061,-0.0966201
152.0231,-0.0966379
152.0395,-0.0966588
152.0561,-0.0966801
152.073,-0.0967014
152.09,-0.096723
152.107,-0.0967441
152.1239,-0.0967636
152.1405,-0.0967818
152.1566,-0.0967981
152.1735,-0.0968149
152.1894,-0.0968297
152.207,-0.0968436
152.2231,-0.0968581
152.2399,-0.0968755
152.2571,-0.096891
152.2738,-0.0969072
152.2896,-0.0969227
152.3065,-0.0969371
152.3238,-0.0969529
152.3407,-0.0969669
152.3571,-0.0969809
152.3733,-0.0969929
152.3902,-0.0970049
152.4068,-0.09702
152.4238,-0.0970348
152.4397,-0.0970491
152.4569,-0.0970633
152.4741,-0.0970803
152.491,-0.097099
152.507,-0.0971188
152.5237,-0.0971385
152.5399,-0.097158
152.5569,-0.0971755
152.5737,-0.0971912
152.5906,-0.0972063
152.6069,-0.0972205
152.6248,-0.0972344
152.6405,-0.0972462
152.6567,-0.0972561
152.6735,-0.0972681
152.6908,-0.0972816
152.7072,-0.0972947
152.7233,-0.0973081
152.7398,-0.0973217
152.7571,-0.0973357
152.7732,-0.0973493
152.7906,-0.0973635
152.8067,-0.0973779
152.8238,-0.0973924
152.8403,-0.0974069
152.8569,-0.0974211
152.8733,-0.0974357
152.8906,-0.0974473
152.9063,-0.0974576
152.9231,-0.0974691
152.9401,-0.0974841
152.9576,-0.0974988
152.9729,-0.0975108
152.9904,-0.0975243
153.0072,-0.097539
153.0236,-0.0975562
153.0406,-0.0975729
153.0568,-0.0975906
153.0736,-0.0976073
153.0906,-0.0976229
153.1067,-0.0976379
153.1233,-0.0976544
153.1406,-0.0976717
153.1573,-0.0976855
153.1728,-0.0977005
153.1905,-0.0977154
153.2074,-0.0977291
153.2239,-0.097744
153.2407,-0.0977587
153.2566,-0.0977726
153.2735,-0.0977856
153.2905,-0.0977954
153.3076,-0.0978067
153.324,-0.0978204
153.34,-0.0978354
153.3575,-0.0978492
153.3721,-0.0978633
153.391,-0.0978763
153.4065,-0.0978926
153.4239,-0.0979116
153.44,-0.0979313
153.4573,-0.0979519
153.4735,-0.0979712
153.4907,-0.0979907
153.5071,-0.0980099
153.5237,-0.0980296
153.5405,-0.0980486
153.5565,-0.0980661
153.5735,-0.0980806
153.5896,-0.0980959
153.6061,-0.0981126
153.6239,-0.0981308
153.6398,-0.0981479
153.6566,-0.0981637
153.6732,-0.0981781
153.6901,-0.0981937
153.7076,-0.098208
153.723,-0.0982226
153.7393,-0.0982375
153.7569,-0.0982514
153.7733,-0.0982654
153.7897,-0.0982813
153.8065,-0.0982971
153.8228,-0.0983115
153.8393,-0.0983271
153.8559,-0.0983441
153.8732,-0.0983618
153.8891,-0.09838
153.9056,-0.0983994
153.9234,-0.0984216
153.9397,-0.0984414
153.9564,-0.098462
153.9731,-0.0984827
153.9904,-0.0985022
154.0065,-0.0985191
154.023,-0.0985371
154.0398,-0.0985541
154.0559,-0.098572
154.0729,-0.0985886
154.0897,-0.0986058
154.1068,-0.0986221
154.1234,-0.0986376
154.1405,-0.0986533
154.1569,-0.0986672
154.1737,-0.0986822
154.1901,-0.0986977
154.2076,-0.0987121
154.223,-0.0987255
154.2397,-0.0987417
154.2573,-0.0987588
154.2735,-0.0987734
154.2892,-0.0987894
154.3067,-0.0988054
154.3234,-0.098818
154.3402,-0.0988306
154.3567,-0.0988448
154.3732,-0.0988619
154.3901,-0.0988773
154.4063,-0.0988937
154.4231,-0.0989089
154.4402,-0.098925
154.4565,-0.0989412
154.4732,-0.0989573
154.4902,-0.0989733
154.5073,-0.0989889
154.5243,-0.0990031
154.5405,-0.099017
154.557,-0.0990295
154.5738,-0.0990429
154.5904,-0.0990555
154.607,-0.0990692
154.6234,-0.0990839
154.6398,-0.0990984
154.6567,-0.099112
154.673,-0.0991263
154.6901,-0.0991402
154.7072,-0.0991526
154.7236,-0.0991659
154.7399,-0.09918
154.7574,-0.0991929
154.7734,-0.0992064
154.7898,-0.0992223
154.8062,-0.0992393
154.8239,-0.0992556
154.8404,-0.0992711
154.8568,-0.099287
154.8731,-0.0993064
154.8907,-0.099326
154.9073,-0.0993442
154.9231,-0.0993613
154.9398,-0.0993803
154.9578,-0.0994001
154.9738,-0.0994193
154.9902,-0.0994416
155.0071,-0.0994632
155.0244,-0.0994845
155.0402,-0.0995041
155.057,-0.0995231
155.0744,-0.0995401
155.0907,-0.0995569
155.1072,-0.099574
155.1236,-0.0995914
155.1404,-0.0996089
155.1573,-0.0996253
155.1738,-0.0996433
155.1908,-0.0996631
155.2073,-0.0996836
155.224,-0.099705
155.2393,-0.0997261
155.2569,-0.0997476
155.2745,-0.0997688
155.2902,-0.0997894
155.3067,-0.0998096
155.3242,-0.0998275
155.3405,-0.0998434
155.3572,-0.0998589
155.3744,-0.099875
155.39,-0.0998895
155.4067,-0.0999043
155.4236,-0.0999191
155.4395,-0.0999353
155.4565,-0.0999551
155.4739,-0.0999764
155.49,-0.0999994
155.5068,-0.100023
155.5238,-0.100045
155.5405,-0.100069
155.5576,-0.100092
155.5736,-0.100115
155.5904,-0.100136
155.6067,-0.100153
155.6248,-0.100172
155.6409,-0.100193
155.6573,-0.100212
155.674,-0.100231
155.6901,-0.100252
155.7074,-0.100271
155.7237,-0.100291
155.7401,-0.100312
155.7568,-0.100335
155.7748,-0.100359
155.7908,-0.100382
155.8066,-0.100404
155.824,-0.100422
155.8411,-0.100439
155.8583,-0.100456
155.8733,-0.100471
155.8907,-0.100485
155.9069,-0.1005
155.9241,-0.100513
155.94,-0.100529
155.9568,-0.100547
155.9737,-0.100566
155.9902,-0.100587
156.0066,-0.100608
156.0241,-0.100629
156.0404,-0.10065
156.0574,-0.100669
156.0735,-0.100688
156.09,-0.100708
156.1073,-0.100725
156.124,-0.10074
156.1401,-0.100756
156.1568,-0.100773
156.1747,-0.100789
156.1903,-0.100805
156.2072,-0.100822
156.2235,-0.100841
156.2408,-0.10086
156.2577,-0.100879
156.2738,-0.1009
156.2912,-0.100918
156.3083,-0.100934
156.3243,-0.100951
156.3411,-0.100969
156.3579,-0.100983
156.3736,-0.100995
156.3909,-0.101007
156.4073,-0.101021
156.4243,-0.101034
156.4408,-0.101049
156.4575,-0.101067
156.4742,-0.101084
156.4907,-0.101102
156.5074,-0.10112
156.5245,-0.101142
156.5411,-0.101165
156.5577,-0.101185
156.5745,-0.101204
156.592,-0.101224
156.6084,-0.101241
156.6241,-0.10126
156.6407,-0.101279
156.6582,-0.101297
156.6748,-0.101313
156.6912,-0.101329
156.708,-0.101345
156.7253,-0.101362
156.7417,-0.101378
156.7586,-0.101392
156.7749,-0.101406
156.7917,-0.101422
156.8082,-0.101438
156.8248,-0.101455
156.8415,-0.10147
156.8581,-0.101484
156.8751,-0.101499
156.8917,-0.101516
156.9086,-0.101535
156.9245,-0.101554
156.942,-0.101573
156.9586,-0.101593
156.9754,-0.101612
156.992,-0.101633
157.0093,-0.101653
157.0263,-0.101671
157.0421,-0.101689
157.0583,-0.101708
157.0757,-0.101725
157.0923,-0.101742
157.1092,-0.101761
157.1257,-0.10178
157.1423,-0.1018
157.1592,-0.101821
157.1752,-0.101843
157.192,-0.101862
157.2091,-0.101879
157.2264,-0.101896
157.2425,-0.101915
157.2588,-0.101934
157.2746,-0.101953
157.2917,-0.101972
157.3086,-0.101992
157.3259,-0.102013
157.3414,-0.102036
157.3594,-0.102058
157.3753,-0.102077
157.3922,-0.102098
157.4095,-0.102117
157.4257,-0.102135
157.4426,-0.102154
157.4589,-0.102172
157.4757,-0.102193
157.4924,-0.102214
157.5089,-0.102235
157.5255,-0.102258
157.542,-0.102281
157.5595,-0.102307
157.5757,-0.102331
157.5928,-0.102356
157.6088,-0.102379
157.6254,-0.102402
157.6421,-0.102422
157.6583,-0.102443
157.6755,-0.102464
157.6927,-0.102483
157.7093,-0.102501
157.7255,-0.10252
157.7428,-0.102542
157.759,-0.102563
157.7751,-0.102583
157.7912,-0.102603
157.8086,-0.102623
157.8255,-0.102642
157.8422,-0.102665
157.8583,-0.102689
157.8754,-0.102712
157.8919,-0.102732
157.9081,-0.102753
157.9249,-0.102774
157.9414,-0.102794
157.9583,-0.102813
157.9749,-0.102834
157.9915,-0.102854
158.0084,-0.102873
158.0251,-0.102894
158.0419,-0.102915
158.0593,-0.102937
158.0749,-0.102959
158.0916,-0.102981
158.1086,-0.103004
158.1245,-0.103027
158.1419,-0.10305
158.1574,-0.103074
158.1754,-0.103095
158.192,-0.103115
158.2088,-0.103134
158.2249,-0.103154
158.2417,-0.103172
158.2577,-0.10319
158.275,-0.103207
158.2911,-0.103227
158.3077,-0.103246
158.3243,-0.103265
158.3411,-0.103283
158.3577,-0.1033
158.3743,-0.103318
158.3907,-0.103336
158.4082,-0.103354
158.4244,-0.103372
158.4416,-0.10339
158.4577,-0.103407
158.4737,-0.103424
158.491,-0.10344
158.5077,-0.103456
158.5237,-0.103471
158.5413,-0.103488
158.5571,-0.103506
158.5742,-0.103523
158.591,-0.103538
158.6074,-0.103555
158.6245,-0.103573
158.6408,-0.103591
158.6578,-0.103607
158.6732,-0.103623
158.6911,-0.103642
158.708,-0.103659
158.724,-0.103679
158.7409,-0.103699
158.758,-0.103717
158.7743,-0.103732
158.7902,-0.103748
158.8077,-0.103764
158.8236,-0.103782
158.8405,-0.103798
158.8576,-0.103816
158.8745,-0.103834
158.8911,-0.103851
158.9074,-0.103869
158.9244,-0.103891
158.9404,-0.10391
158.9573,-0.103927
158.9742,-0.103942
158.9915,-0.103955
159.008,-0.103968
159.0249,-0.103982
159.0413,-0.103995
159.0575,-0.104009
159.0743,-0.10402
159.0908,-0.104032
159.1074,-0.104047
159.1238,-0.104063
159.1411,-0.104081
159.1571,-0.104096
159.1741,-0.10411
159.1902,-0.104126
159.2067,-0.104139
159.2235,-0.104151
159.2402,-0.104166
159.2565,-0.104183
159.2739,-0.1042
159.2904,-0.104217
159.3066,-0.104232
159.324,-0.104249
159.3405,-0.104266
159.3562,-0.104284
159.3733,-0.104304
159.3901,-0.104324
159.4074,-0.104339
159.4239,-0.104353
159.4404,-0.104367
159.4575,-0.10438
159.4738,-0.104393
159.4905,-0.104406
159.507,-0.104421
159.5235,-0.104436
159.5404,-0.104451
159.5562,-0.104466
159.5733,-0.104483
159.5905,-0.104498
159.6071,-0.104513
159.6235,-0.104525
159.6401,-0.104537
159.6572,-0.104548
159.6735,-0.10456
159.6902,-0.104574
159.7074,-0.104586
159.7237,-0.104599
159.7401,-0.104612
159.7572,-0.104627
159.7738,-0.104642
159.7903,-0.104657
159.807,-0.104673
159.8235,-0.104689
159.841,-0.104702
159.8572,-0.104714
159.8738,-0.104727
159.8908,-0.10474
159.9072,-0.104751
159.9236,-0.104764
159.9406,-0.104778
159.9569,-0.104793
159.9734,-0.10481
159.9901,-0.104829
160.008,-0.10485
160.0241,-0.104869
160.0414,-0.104889
160.0578,-0.104908
160.0743,-0.104927
160.0918,-0.104945
160.1077,-0.104963
160.1245,-0.104979
160.1413,-0.104995
160.158,-0.105011
160.1746,-0.105026
160.191,-0.105043
160.207,-0.105059
160.2243,-0.105076
160.2419,-0.105091
160.2571,-0.105105
160.2743,-0.10512
160.2915,-0.105135
160.308,-0.105152
160.3238,-0.105169
160.3408,-0.105185
160.358,-0.1052
160.3747,-0.105214
160.391,-0.105228
160.4076,-0.105244
160.4243,-0.105261
160.4406,-0.105279
160.4581,-0.105299
160.4745,-0.105316
160.4914,-0.105335
160.509,-0.105355
160.5252,-0.105374
160.5417,-0.105391
160.5581,-0.105409
160.5741,-0.105426
160.5918,-0.105444
160.6086,-0.10546
160.6249,-0.105478
160.6418,-0.105495
160.6584,-0.105512
160.6756,-0.105527
160.6915,-0.105542
160.7084,-0.105556
160.7243,-0.10557
160.7409,-0.105585
160.7578,-0.105598
160.7745,-0.105614
160.7908,-0.10563
160.8074,-0.105646
160.8251,-0.105664
160.8412,-0.105682
160.8585,-0.1057
160.8743,-0.10572
160.8919,-0.10574
160.9083,-0.105757
160.9247,-0.105776
160.9415,-0.105795
160.9579,-0.105814
160.9748,-0.105832
160.9911,-0.105851
161.0078,-0.10587
161.0251,-0.105889
161.041,-0.105908
161.058,-0.105928
161.0737,-0.105947
161.0919,-0.105967
161.1082,-0.105987
161.1244,-0.106007
161.1416,-0.106024
161.1582,-0.106043
161.1755,-0.10606
161.1916,-0.106077
161.2092,-0.106095
161.2249,-0.106112
161.2413,-0.10613
161.2583,-0.106145
161.2751,-0.106161
161.2906,-0.106175
161.3085,-0.106189
161.3247,-0.106202
161.3409,-0.106216
161.359,-0.106231
161.3746,-0.106249
161.3912,-0.106268
161.4074,-0.106289
161.4248,-0.10631
161.4409,-0.106333
161.4582,-0.106361
161.4743,-0.106387
161.4912,-0.106408
161.5072,-0.106428
161.5259,-0.106449
161.542,-0.106467
161.5585,-0.106486
161.575,-0.106501
161.5914,-0.106514
161.6082,-0.106527
161.6243,-0.106542
161.6415,-0.106557
161.6581,-0.106571
161.674,-0.106585
161.6915,-0.1066
161.7078,-0.106615
161.724,-0.10663
161.7411,-0.106648
161.7581,-0.106665
161.7734,-0.106683
161.7908,-0.106703
161.8071,-0.106724
161.8248,-0.106745
161.8411,-0.106765
161.8583,-0.106784
161.8742,-0.1068
161.8917,-0.106816
161.9075,-0.106829
161.9238,-0.106843
161.9412,-0.106857
161.957,-0.106873
161.9739,-0.106889
161.9904,-0.106906
162.0078,-0.106924
162.024,-0.106941
162.041,-0.106959
162.0573,-0.106975
162.0735,-0.106989
162.0904,-0.107002
162.1081,-0.107016
162.1243,-0.10703
162.1404,-0.107044
162.1575,-0.107058
162.1739,-0.107068
162.1908,-0.10708
162.2078,-0.107093
162.2239,-0.107107
162.2409,-0.107122
162.2568,-0.107137
162.275,-0.107151
162.2909,-0.107166
162.3073,-0.107182
162.3236,-0.107197
162.3401,-0.107216
162.3564,-0.107231
162.3736,-0.107249
162.3908,-0.107269
162.4073,-0.107286
162.4244,-0.107302
162.441,-0.107316
162.4577,-0.107328
162.474,-0.107339
162.4899,-0.10735
162.5081,-0.107363
162.5243,-0.107377
162.5404,-0.107391
162.558,-0.107405
162.5739,-0.107418
162.5904,-0.10743
162.6069,-0.107444
162.6235,-0.107459
162.6411,-0.107475
162.6578,-0.107493
162.6745,-0.107511
162.6917,-0.107528
162.7083,-0.107542
162.7246,-0.107553
162.7418,-0.107563
162.7579,-0.107574
162.7744,-0.107585
162.7907,-0.107598
162.8075,-0.107611
162.8249,-0.107624
162.8415,-0.107639
162.8583,-0.107653
162.8742,-0.107669
162.8909,-0.107682
162.9079,-0.107696
162.9241,-0.107709
162.9409,-0.107724
162.9585,-0.10774
162.9743,-0.107757
162.9914,-0.107775
163.0075,-0.107792
163.025,-0.107808
163.0409,-0.107822
163.0585,-0.107836
163.0741,-0.107847
163.0906,-0.10786
163.107,-0.107873
163.1246,-0.107887
163.1413,-0.107901
163.1587,-0.107918
163.1742,-0.107938
163.1919,-0.107959
163.2077,-0.107976
163.2251,-0.107991
163.2417,-0.108004
163.2583,-0.108016
163.2746,-0.10803
163.2915,-0.108045
163.3081,-0.108059
163.324,-0.108074
163.3414,-0.108089
163.3584,-0.108105
163.3747,-0.108123
163.3917,-0.10814
163.4081,-0.108156
163.4254,-0.108171
163.442,-0.108184
163.4584,-0.108199
163.4749,-0.108212
163.4917,-0.108227
163.5088,-0.108241
163.5249,-0.108254
163.5424,-0.108267
163.5589,-0.108281
163.5745,-0.108294
163.5915,-0.108305
163.6083,-0.108316
163.6243,-0.108329
163.6415,-0.108343
163.6587,-0.10836
163.6742,-0.108376
163.6911,-0.108395
163.7087,-0.108411
163.7247,-0.108425
163.742,-0.108438
163.7577,-0.108453
163.7749,-0.108466
163.7911,-0.108479
163.8076,-0.108494
163.8243,-0.10851
163.841,-0.108528
163.858,-0.108544
163.8748,-0.10856
163.8916,-0.108577
163.9081,-0.108596
163.924,-0.108613
163.9411,-0.108631
163.9578,-0.108647
163.9749,-0.108664
163.9915,-0.10868
164.0075,-0.108694
164.0244,-0.108709
164.0413,-0.108722
164.0581,-0.108735
164.074,-0.108749
164.0909,-0.108765
164.1082,-0.108779
164.1247,-0.108796
164.1417,-0.108813
164.1573,-0.10883
164.1748,-0.108845
164.1915,-0.108859
164.2088,-0.108872
164.225,-0.108885
164.2406,-0.108898
164.258,-0.108913
164.2749,-0.108929
164.2919,-0.108944
164.3084,-0.10896
164.3252,-0.108976
164.3418,-0.108989
164.3587,-0.109003
164.3746,-0.109017
164.3922,-0.109029
164.4084,-0.109044
164.4253,-0.109057
164.4419,-0.109068
164.4589,-0.109081
164.4744,-0.109094
164.4921,-0.109107
164.5085,-0.109117
164.5242,-0.109129
164.5419,-0.109141
164.5581,-0.109151
164.5743,-0.109163
164.591,-0.109175
164.6082,-0.109188
164.6249,-0.109201
164.6414,-0.109213
164.6588,-0.109224
164.6748,-0.109235
164.6911,-0.109245
164.7079,-0.109253
164.7246,-0.109264
164.742,-0.109275
164.7582,-0.109289
164.7746,-0.109306
164.7915,-0.109323
164.8073,-0.109343
164.8252,-0.10936
164.8419,-0.109377
164.859,-0.109393
164.8751,-0.109406
164.8915,-0.109415
164.9075,-0.109421
164.9247,-0.109428
164.9409,-0.109436
164.9585,-0.109447
164.9751,-0.109458
164.9913,-0.109472
165.0078,-0.109487
165.0249,-0.1095
165.0416,-0.109516
165.0582,-0.109533
165.075,-0.109548
165.092,-0.109563
165.108,-0.109578
165.1248,-0.109593
165.1418,-0.109606
165.1579,-0.109619
165.1754,-0.109632
165.1919,-0.109645
165.2087,-0.109658
165.2254,-0.109671
165.241,-0.109684
165.2585,-0.109694
165.2757,-0.109705
165.2918,-0.109719
165.3091,-0.109733
165.3251,-0.109747
165.3417,-0.109759
165.359,-0.109772
165.376,-0.109786
165.3924,-0.1098
165.4079,-0.109813
165.4257,-0.109824
165.4412,-0.109834
165.4588,-0.109842
165.4745,-0.109853
165.492,-0.109866
165.5086,-0.109877
165.5248,-0.109892
165.5411,-0.109905
165.5585,-0.109919
165.575,-0.109931
165.5912,-0.109943
165.6086,-0.109957
165.6255,-0.10997
165.6417,-0.109981
165.6584,-0.109993
165.6746,-0.110004
165.6917,-0.110012
165.7087,-0.11002
165.7252,-0.11003
165.742,-0.110039
165.7584,-0.110047
165.7746,-0.110055
165.7916,-0.110065
165.8081,-0.110075
165.8255,-0.110088
165.8419,-0.110101
165.8583,-0.110116
165.8748,-0.110131
165.8921,-0.110148
165.9082,-0.110161
165.925,-0.110175
165.9414,-0.110187
165.959,-0.110201
165.9755,-0.110214
165.9922,-0.110227
166.0089,-0.110237
166.0252,-0.110247
166.0422,-0.110253
166.0585,-0.110262
166.0751,-0.110271
166.0916,-0.110281
166.1082,-0.110293
166.1245,-0.110306
166.1418,-0.110318
166.1589,-0.110332
166.1749,-0.110347
166.1914,-0.110362
166.2086,-0.110375
166.2254,-0.110388
166.2419,-0.110399
166.2586,-0.110408
166.2743,-0.11042
166.2914,-0.110432
166.3081,-0.110443
166.3253,-0.110455
166.3417,-0.110464
166.359,-0.110474
166.3755,-0.110483
166.392,-0.110491
166.4087,-0.110499
166.4245,-0.110507
166.4412,-0.110517
166.4585,-0.110528
166.4748,-0.11054
166.492,-0.110553
166.5082,-0.110565
166.5256,-0.110579
166.5417,-0.110593
166.5591,-0.110605
166.575,-0.110618
166.5917,-0.110631
166.6089,-0.110643
166.6255,-0.110657
166.6425,-0.110668
166.6589,-0.110681
166.6756,-0.110695
166.6924,-0.110705
166.7099,-0.110715
166.7258,-0.110725
166.7425,-0.110735
166.7599,-0.110745
166.7752,-0.110754
166.7922,-0.110763
166.8086,-0.110774
166.8254,-0.110786
166.8428,-0.110795
166.8592,-0.110806
166.8753,-0.110818
166.892,-0.11083
166.9086,-0.110842
166.9249,-0.110854
166.9427,-0.110864
166.9588,-0.110874
166.9762,-0.110884
166.9921,-0.110895
167.0091,-0.110907
167.0262,-0.110916
167.0427,-0.110926
167.0589,-0.110938
167.0753,-0.11095
167.0922,-0.110961
167.1089,-0.110972
167.1254,-0.110982
167.1432,-0.110993
167.1593,-0.111002
167.176,-0.111012
167.1925,-0.111023
167.2085,-0.111032
167.226,-0.111042
167.2421,-0.111052
167.2589,-0.111065
167.2767,-0.111077
167.2914,-0.11109
167.3095,-0.111103
167.3253,-0.111116
167.3423,-0.11113
167.3588,-0.111142
167.3756,-0.111154
167.3917,-0.111165
167.4092,-0.111178
167.4258,-0.111192
167.4426,-0.111205
167.4592,-0.111218
167.4764,-0.111232
167.4931,-0.111243
167.5096,-0.111255
167.526,-0.111266
167.5434,-0.111277
167.5598,-0.111286
167.5761,-0.111295
167.592,-0.111306
167.6099,-0.111316
167.6265,-0.11133
167.6422,-0.111343
167.6596,-0.111356
167.6764,-0.111366
167.6927,-0.111376
167.7105,-0.111387
167.7252,-0.111397
167.7419,-0.111405
167.7589,-0.111413
167.7759,-0.111423
167.7925,-0.111434
167.8095,-0.111447
167.8261,-0.111459
167.8429,-0.111469
167.8592,-0.11148
167.8766,-0.111489
167.8935,-0.1115
167.9095,-0.111511
167.9258,-0.111522
167.9426,-0.111531
167.9591,-0.111541
167.9766,-0.111549
167.993,-0.111557
168.0099,-0.111565
168.0261,-0.111574
168.0431,-0.111581
168.059,-0.111587
168.0757,-0.111594
168.0929,-0.111602
168.1093,-0.11161
168.1264,-0.11162
168.1427,-0.111628
168.1595,-0.111638
168.1764,-0.111647
168.1925,-0.111656
168.2097,-0.111662
168.226,-0.111671
168.2435,-0.11168
168.2595,-0.111688
168.2757,-0.111699
168.2929,-0.111707
168.3097,-0.111715
168.3269,-0.111722
168.3426,-0.111728
168.3605,-0.111735
168.3763,-0.111744
168.3929,-0.111755
168.4101,-0.111766
168.426,-0.111778
168.4434,-0.11179
168.4603,-0.111802
168.4764,-0.111811
168.4931,-0.111817
168.5098,-0.111823
168.5262,-0.111827
168.5437,-0.111832
168.5597,-0.11184
168.5759,-0.111848
168.593,-0.111857
168.6097,-0.111866
168.6256,-0.111877
168.6431,-0.111888
168.6593,-0.111897
168.677,-0.111906
168.6935,-0.111916
168.7091,-0.111926
168.7267,-0.111932
168.7429,-0.11194
168.76,-0.111949
168.7762,-0.111958
168.793,-0.111967
168.8098,-0.111976
168.8263,-0.111986
168.8433,-0.111996
168.8598,-0.112004
168.8769,-0.112013
168.8932,-0.112022
168.9098,-0.11203
168.9265,-0.112037
168.943,-0.112044
168.9596,-0.11205
168.9766,-0.112058
168.9924,-0.112066
169.0089,-0.112076
169.0264,-0.112086
169.0433,-0.112096
169.0596,-0.112106
169.0765,-0.11212
169.0928,-0.112131
169.1099,-0.11214
169.1262,-0.112148
169.1434,-0.112157
169.1597,-0.112166
169.1761,-0.112176
169.1933,-0.112183
169.2095,-0.112193
169.2258,-0.112201
169.2432,-0.112208
169.2593,-0.112217
169.2767,-0.112228
169.2929,-0.112239
169.3095,-0.112252
169.3268,-0.112264
169.3429,-0.112275
169.3601,-0.112285
169.3767,-0.112294
169.3931,-0.112303
169.4095,-0.11231
169.4259,-0.112314
169.4431,-0.112316
169.4593,-0.112319
169.4754,-0.112327
169.4925,-0.112336
169.5094,-0.112345
169.5256,-0.112355
169.5429,-0.112364
169.559,-0.112374
169.5756,-0.112383
169.5935,-0.112391
169.6097,-0.112397
169.6257,-0.112401
169.6421,-0.112406
169.6594,-0.112412
169.6761,-0.112418
169.693,-0.112427
169.7092,-0.112438
169.7268,-0.112448
169.7427,-0.112456
169.7603,-0.112465
169.7767,-0.112473
169.7934,-0.112482
169.8088,-0.112488
169.8258,-0.112494
169.8428,-0.112498
169.8603,-0.112504
169.8763,-0.112508
169.8926,-0.112514
169.9098,-0.11252
169.9269,-0.112527
169.9434,-0.112533
169.9591,-0.112541
169.977,-0.112549
169.9935,-0.112558
170.0107,-0.112564
170.0266,-0.112569
170.0444,-0.112573
170.0597,-0.112575
170.0767,-0.112578
170.0943,-0.112583
170.1096,-0.112589
170.1269,-0.112596
170.1423,-0.112603
170.16,-0.112609
170.1773,-0.112614
170.1937,-0.112621
170.2104,-0.112626
170.2259,-0.112631
170.2434,-0.112635
170.2603,-0.112639
170.2768,-0.112643
170.2932,-0.112649
170.31,-0.112657
170.3263,-0.112665
170.3434,-0.112675
170.36,-0.112686
170.3774,-0.112696
170.3935,-0.112704
170.4104,-0.112713
170.4269,-0.112719
170.4435,-0.112724
170.4603,-0.11273
170.4762,-0.112736
170.4935,-0.112742
170.5098,-0.112747
170.5268,-0.112752
170.5438,-0.11276
170.5607,-0.112767
170.5766,-0.112774
170.5928,-0.112782
170.6099,-0.112789
170.6277,-0.112796
170.6429,-0.112804
170.6601,-0.112812
170.6764,-0.11282
170.6928,-0.112827
170.7101,-0.112834
170.7262,-0.112843
170.7424,-0.11285
170.7598,-0.112859
170.776,-0.112868
170.7929,-0.112875
170.8101,-0.112882
170.8264,-0.112888
170.8434,-0.112891
170.86,-0.112894
170.8769,-0.112899
170.8934,-0.112906
170.9099,-0.112913
170.926,-0.11292
170.9426,-0.112928
170.9597,-0.112937
170.9762,-0.112945
170.9935,-0.112955
171.0094,-0.112966
171.0272,-0.112975
171.0433,-0.112983
171.0596,-0.11299
171.0765,-0.112996
171.0927,-0.113003
171.1098,-0.113012
171.1268,-0.113022
171.1427,-0.113031
171.1604,-0.113039
171.1767,-0.113046
171.194,-0.113052
171.2103,-0.113057
171.2264,-0.113062
171.2428,-0.113066
171.2594,-0.11307
171.275,-0.113074
171.2925,-0.113079
171.3102,-0.113086
171.3264,-0.113095
171.3427,-0.113101
171.3599,-0.113109
171.3767,-0.113117
171.3937,-0.113124
171.4103,-0.113129
171.426,-0.113135
171.4435,-0.113141
171.4602,-0.113149
171.4761,-0.113156
171.4929,-0.113162
171.5102,-0.113168
171.5265,-0.113173
171.5433,-0.113177
171.5598,-0.113181
171.5764,-0.113185
171.5924,-0.113188
171.6096,-0.11319
171.6261,-0.113195
171.6426,-0.113197
171.6595,-0.113201
171.6764,-0.113208
171.6933,-0.113216
171.7098,-0.113221
171.7259,-0.113227
171.7434,-0.113235
171.7604,-0.113241
171.7767,-0.113249
171.7928,-0.113258
171.8102,-0.113266
171.8274,-0.113271
171.8439,-0.113276
171.8598,-0.113281
171.8768,-0.113287
171.8933,-0.113294
171.9101,-0.1133
171.9268,-0.113307
171.9435,-0.113313
171.9598,-0.11332
171.977,-0.113327
171.9935,-0.113334
172.0106,-0.113342
172.0264,-0.113348
172.0431,-0.113354
172.0601,-0.11336
172.0762,-0.113364
172.0932,-0.113369
172.109,-0.113373
172.1261,-0.113378
172.1429,-0.113382
172.1598,-0.113388
172.176,-0.113396
172.194,-0.113405
172.2101,-0.113414
172.2265,-0.113422
172.2423,-0.113429
172.2598,-0.113433
172.277,-0.113437
172.2935,-0.113443
172.3095,-0.113448
172.3264,-0.113453
172.3426,-0.113458
172.3601,-0.113462
172.3769,-0.113471
172.393,-0.113479
172.4097,-0.113486
172.4264,-0.113491
172.4429,-0.113494
172.46,-0.1135
172.4761,-0.113507
172.493,-0.113512
172.5096,-0.113515
172.5257,-0.113518
172.5434,-0.113521
172.5593,-0.113526
172.5767,-0.113533
172.5929,-0.113536
172.6094,-0.113543
172.6263,-0.113549
172.6425,-0.113558
172.6602,-0.113566
172.676,-0.113574
172.6932,-0.113581
172.7096,-0.11359
172.7265,-0.113596
172.7435,-0.113602
172.7596,-0.113608
172.7764,-0.113611
172.7932,-0.113618
172.8094,-0.113623
172.8262,-0.113628
172.8432,-0.113632
172.8599,-0.113637
172.8768,-0.113641
172.8928,-0.113645
172.9092,-0.11365
172.9263,-0.113653
172.9426,-0.113655
172.9599,-0.113657
172.9768,-0.11366
172.9933,-0.113663
173.0098,-0.113664
173.0256,-0.113665
173.0432,-0.113667
173.0592,-0.113668
173.0764,-0.113672
173.0923,-0.113679
173.1095,-0.113687
173.1259,-0.113695
173.1434,-0.113704
173.1594,-0.113712
173.1756,-0.11372
173.1931,-0.113726
173.21,-0.11373
173.2264,-0.113733
173.2432,-0.113733
173.2598,-0.113734
173.2765,-0.113735
173.2931,-0.113735
173.3106,-0.113734
173.3266,-0.113735
173.343,-0.113737
173.36,-0.113738
173.3775,-0.113739
173.3937,-0.11374
173.41,-0.113743
173.4274,-0.113745
173.4428,-0.113749
173.4601,-0.113753
173.4771,-0.113759
173.4929,-0.113766
173.5097,-0.113771
173.5271,-0.11378
173.5433,-0.113783
173.5605,-0.113789
173.5771,-0.113795
173.5942,-0.113801
173.6101,-0.113804
173.6261,-0.113808
173.6436,-0.113812
173.6609,-0.113815
173.6772,-0.113819
173.6942,-0.113825
173.7107,-0.113831
173.7272,-0.113836
173.7443,-0.113841
173.7612,-0.113846
173.7778,-0.113855
173.7944,-0.113862
173.8105,-0.113867
173.8276,-0.113874
173.8436,-0.113881
173.862,-0.113889
173.8774,-0.113899
173.8939,-0.113909
173.911,-0.113916
173.9276,-0.113921
173.9449,-0.113926
173.9613,-0.11393
173.9784,-0.113936
173.9942,-0.113939
174.0112,-0.113942
174.0281,-0.113946
174.0449,-0.11395
174.0618,-0.113954
174.0779,-0.11396
174.094,-0.113966
174.1111,-0.113975
174.1278,-0.113982
174.1447,-0.113987
174.1619,-0.113995
174.1784,-0.114001
174.1955,-0.114006
174.2112,-0.114011
174.2282,-0.114014
174.2447,-0.11402
174.2619,-0.114027
174.278,-0.114036
174.2953,-0.114042
174.3117,-0.11405
174.3284,-0.114056
174.3446,-0.114062
174.3621,-0.114067
174.3779,-0.114073
174.3945,-0.11408
174.4116,-0.114087
174.4284,-0.114095
174.4452,-0.114104
174.4615,-0.114112
174.478,-0.114121
174.4948,-0.114127
174.5125,-0.114135
174.5286,-0.114142
174.5451,-0.11415
174.5614,-0.114159
174.5777,-0.114168
174.5952,-0.114175
174.6114,-0.114186
174.6291,-0.114197
174.6454,-0.114208
174.6622,-0.114217
174.6787,-0.114227
174.6957,-0.114235
174.7114,-0.114242
174.7281,-0.114249
174.7457,-0.114255
174.7623,-0.114262
174.7785,-0.114271
174.7957,-0.11428
174.8123,-0.114289
174.8293,-0.114297
174.8452,-0.114306
174.8626,-0.114314
174.8785,-0.114322
174.8962,-0.114329
174.9127,-0.114336
174.9285,-0.114344
174.9452,-0.114351
174.9629,-0.114358
174.9788,-0.114364
174.9959,-0.114369
175.0121,-0.114376
175.0296,-0.114383
175.0455,-0.114388
175.0625,-0.114391
175.0793,-0.114393
175.0962,-0.114396
175.1124,-0.114399
175.1288,-0.114405
175.1452,-0.114409
175.1626,-0.114415
175.1794,-0.114419
175.1956,-0.114427
175.2121,-0.114437
175.2287,-0.114444
175.2459,-0.11445
175.2627,-0.114459
175.2795,-0.114466
175.2955,-0.114472
175.3123,-0.114478
175.3288,-0.114482
175.346,-0.114485
175.3625,-0.114489
175.3797,-0.114496
175.3956,-0.114503
175.4124,-0.114509
175.429,-0.114515
175.4458,-0.114523
175.4636,-0.114531
175.48,-0.114538
175.4956,-0.114545
175.5124,-0.114551
175.5298,-0.114557
175.5458,-0.114563
175.5628,-0.11457
175.5787,-0.114578
175.5964,-0.114583
175.6136,-0.114588
175.6304,-0.114594
175.6465,-0.114601
175.6636,-0.114606
175.6798,-0.114611
175.6967,-0.114617
175.7123,-0.114624
175.7302,-0.11463
175.7463,-0.114638
175.7628,-0.114644
175.7796,-0.114651
175.7972,-0.114658
175.8127,-0.114663
175.8298,-0.11467
175.8461,-0.114674
175.8627,-0.114678
175.8789,-0.114686
175.8957,-0.114694
175.9131,-0.1147
175.9291,-0.114707
175.9461,-0.114714
175.9631,-0.114722
175.9792,-0.114731
175.996,-0.11474
176.0122,-0.114747
176.0294,-0.114757
176.0461,-0.114766
176.0623,-0.114775
176.0792,-0.114784
176.0962,-0.114792
176.1128,-0.114799
176.129,-0.114806
176.1451,-0.114812
176.1626,-0.114819
176.1786,-0.114826
176.1964,-0.114834
176.2134,-0.114842
176.2292,-0.114849
176.2456,-0.11486
176.2626,-0.114871
176.2794,-0.114882
176.295,-0.114892
176.3125,-0.1149
176.3293,-0.114908
176.3459,-0.114915
176.3617,-0.114921
176.3794,-0.114928
176.3957,-0.114934
176.4117,-0.114939
176.4288,-0.114947
176.4451,-0.114952
176.4623,-0.114958
176.4786,-0.114963
176.4954,-0.114968
176.5128,-0.114974
176.529,-0.11498
176.545,-0.114986
176.5618,-0.114992
176.5784,-0.114997
176.5954,-0.115002
176.6121,-0.11501
176.6294,-0.115017
176.6456,-0.115023
176.663,-0.115028
176.6792,-0.115033
176.6962,-0.115037
176.7123,-0.115038
176.7284,-0.11504
176.7455,-0.115039
176.7636,-0.115039
176.7788,-0.115038
176.7953,-0.115037
176.8121,-0.115035
176.8287,-0.115034
176.8456,-0.115034
176.862,-0.115034
176.8784,-0.115037
176.8959,-0.115043
176.9125,-0.115049
176.929,-0.115055
176.9455,-0.11506
176.9621,-0.115064
176.9798,-0.115066
176.996,-0.115071
177.0125,-0.115075
177.0287,-0.115078
177.0459,-0.115082
177.0628,-0.115088
177.0793,-0.115093
177.0963,-0.115098
177.1124,-0.115103
177.13,-0.115109
177.1456,-0.115118
177.1621,-0.115126
177.1793,-0.115135
177.1957,-0.115143
177.2125,-0.115148
177.2301,-0.115154
177.2466,-0.115157
177.2637,-0.115158
177.2798,-0.11516
177.297,-0.115158
177.3128,-0.115158
177.3287,-0.11516
177.3468,-0.115162
177.3629,-0.115166
177.3797,-0.115169
177.3961,-0.115174
177.4127,-0.11518
177.4294,-0.115185
177.4463,-0.115192
177.4632,-0.115199
177.48,-0.115205
177.4965,-0.115209
177.5132,-0.115213
177.5301,-0.115217
177.5462,-0.115219
177.5637,-0.115222
177.5797,-0.115226
177.5965,-0.115231
177.613,-0.115233
177.6307,-0.115235
177.6467,-0.115238
177.6631,-0.115241
177.6799,-0.115245
177.6965,-0.11525
177.7133,-0.115253
177.7295,-0.115257
177.7466,-0.115262
177.7641,-0.115271
177.78,-0.115278
177.7966,-0.115286
177.8125,-0.115293
177.8303,-0.115302
177.8476,-0.115312
177.8634,-0.115321
177.8802,-0.115329
177.8969,-0.115335
177.9137,-0.115343
177.9304,-0.115349
177.9468,-0.115355
177.9629,-0.115361
177.9804,-0.115366
177.9978,-0.11537
178.014,-0.115376
178.0312,-0.115383
178.0477,-0.115392
178.0638,-0.1154
178.081,-0.115406
178.0977,-0.115415
178.1145,-0.115422
178.1317,-0.11543
178.1478,-0.115438
178.1648,-0.115447
178.1809,-0.115456
178.1978,-0.115464
178.2145,-0.115471
178.2312,-0.115476
178.2482,-0.115482
178.2649,-0.115487
178.281,-0.115492
178.2978,-0.115499
178.3143,-0.115505
178.3307,-0.115509
178.348,-0.115514
178.3644,-0.11552
178.3814,-0.115524
178.397,-0.115531
178.4143,-0.115539
178.4306,-0.115547
178.4474,-0.115554
178.4633,-0.115561
178.4815,-0.11557
178.4982,-0.115578
178.5143,-0.115587
178.5312,-0.115596
178.5471,-0.115604
178.5638,-0.115609
178.581,-0.115617
178.5978,-0.115624
178.6142,-0.115633
178.6307,-0.115643
178.6476,-0.115653
178.664,-0.115661
178.6808,-0.115669
178.6981,-0.115675
178.7146,-0.115682
178.7306,-0.115689
178.747,-0.115693
178.764,-0.115697
178.7809,-0.1157
178.7974,-0.115706
178.8146,-0.115715
178.8301,-0.115725
178.8471,-0.115735
178.8637,-0.115743
178.8803,-0.11575
178.8978,-0.115761
178.9137,-0.11577
178.9311,-0.115777
178.9473,-0.115786
178.9641,-0.115792
178.9811,-0.115794
178.9976,-0.115797
179.0139,-0.1158
179.0306,-0.115803
179.0471,-0.115804
179.0636,-0.115806
179.0801,-0.115809
179.0969,-0.115813
179.1142,-0.115819
179.1308,-0.115826
179.1472,-0.115834
179.1637,-0.115841
179.18,-0.115847
179.1971,-0.115852
179.2135,-0.115858
179.2305,-0.115865
179.2469,-0.115871
179.2635,-0.115878
179.2802,-0.115883
179.2973,-0.115888
179.3141,-0.115892
179.3305,-0.115897
179.3469,-0.115904
179.3637,-0.115907
179.3807,-0.115909
179.3966,-0.115911
179.4134,-0.115911
179.4302,-0.115912
179.4462,-0.115914
179.4636,-0.115917
179.4803,-0.115922
179.4961,-0.115926
179.5133,-0.11593
179.5301,-0.115934
179.5469,-0.115939
179.5629,-0.115943
179.5797,-0.115948
179.5964,-0.115951
179.6132,-0.115955
179.6302,-0.11596
179.647,-0.115965
179.6633,-0.11597
179.6794,-0.115973
179.6966,-0.115979
179.713,-0.115983
179.7301,-0.115987
179.7464,-0.115993
179.7637,-0.115997
179.7807,-0.116
179.7961,-0.116006
179.8138,-0.116013
179.83,-0.116018
179.8456,-0.116022
179.8635,-0.116024
179.8806,-0.11603
179.8967,-0.116033
179.9127,-0.116036
179.9292,-0.11604
179.9451,-0.116044
179.963,-0.116048
179.9792,-0.116053
179.9958,-0.116059
180.0129,-0.116064
180.0295,-0.116071
180.0468,-0.116076
180.0634,-0.116082
180.0798,-0.116087
180.0958,-0.116091
180.113,-0.116096
180.1297,-0.116102
180.1466,-0.116106
180.163,-0.116109
180.1793,-0.116112
180.1961,-0.116118
180.2128,-0.116121
180.2299,-0.116125
180.2454,-0.11613
180.2631,-0.116134
180.28,-0.116137
180.2964,-0.116142
180.3127,-0.116146
180.3291,-0.116151
180.3463,-0.116153
180.363,-0.116154
180.3787,-0.116158
180.3952,-0.116161
180.4128,-0.116163
180.429,-0.116167
180.4458,-0.116172
180.4625,-0.116177
180.4794,-0.11618
180.4959,-0.116183
180.513,-0.116187
180.5292,-0.116192
180.5459,-0.116196
180.5618,-0.116198
180.5797,-0.116201
180.5957,-0.116201
180.6125,-0.116202
180.63,-0.116204
180.6458,-0.116207
180.664,-0.116209
180.6797,-0.116212
180.6955,-0.116214
180.713,-0.116218
180.7291,-0.116222
180.746,-0.116228
180.7634,-0.116232
180.7797,-0.116237
180.7966,-0.116238
180.8133,-0.116238
180.8301,-0.116235
180.8463,-0.116232
180.8629,-0.116232
180.879,-0.116232
180.8962,-0.116235
180.9129,-0.116237
180.9302,-0.116241
180.9469,-0.116245
180.9635,-0.116249
180.9799,-0.116251
180.9967,-0.116253
181.0125,-0.116253
181.0298,-0.116253
181.0471,-0.116252
181.0637,-0.116254
181.0803,-0.116256
181.0966,-0.11626
181.1128,-0.116263
181.1302,-0.116268
181.1467,-0.116272
181.1643,-0.116275
181.1803,-0.11628
181.198,-0.116285
181.2143,-0.116288
181.2304,-0.116288
181.2466,-0.11629
181.2643,-0.116293
181.2805,-0.116295
181.2975,-0.116299
181.3134,-0.116305
181.3319,-0.116311
181.3473,-0.116315
181.364,-0.116321
181.3816,-0.116327
181.3977,-0.116334
181.4149,-0.116338
181.431,-0.116344
181.4473,-0.116349
181.464,-0.116355
181.4813,-0.116362
181.498,-0.11637
181.5145,-0.116377
181.5308,-0.116384
181.5489,-0.116389
181.5652,-0.116393
181.5812,-0.116399
181.5981,-0.116403
181.614,-0.116408
181.631,-0.116413
181.6483,-0.116418
181.6652,-0.116425
181.6812,-0.116431
181.6981,-0.11644
181.7146,-0.116447
181.7311,-0.116455
181.7479,-0.116461
181.7638,-0.116468
181.7813,-0.116474
181.7984,-0.116484
181.815,-0.116494
181.831,-0.116502
181.8474,-0.11651
181.865,-0.116518
181.8815,-0.116526
181.898,-0.116534
181.9147,-0.116542
181.9314,-0.116547
181.9478,-0.116552
181.9643,-0.116559
181.9812,-0.116565
181.9976,-0.116572
182.0142,-0.116579
182.031,-0.116586
182.0475,-0.116594
182.0643,-0.116603
182.0811,-0.116613
182.0974,-0.116624
182.1145,-0.116636
182.1309,-0.116649
182.1478,-0.116661
182.1644,-0.11667
182.1817,-0.116679
182.1985,-0.116685
182.2142,-0.116692
182.2309,-0.116697
182.2473,-0.116702
182.2648,-0.116706
182.2818,-0.116711
182.2987,-0.116717
182.3148,-0.116724
182.3317,-0.116733
182.3477,-0.116741
182.364,-0.116749
182.3808,-0.11676
182.3972,-0.116773
182.4147,-0.116786
182.4313,-0.116796
182.4472,-0.116804
182.4642,-0.116808
182.4812,-0.116815
182.4984,-0.116822
182.5147,-0.11683
182.5309,-0.116836
182.5473,-0.116841
182.5645,-0.116846
182.581,-0.116852
182.5978,-0.116858
182.6139,-0.116866
182.6313,-0.116875
182.6466,-0.116884
182.6638,-0.116891
182.681,-0.116899
182.6978,-0.11691
182.7142,-0.11692
182.7312,-0.116928
182.7473,-0.116934
182.7644,-0.116938
182.7815,-0.116939
182.7975,-0.116943
182.8141,-0.116946
182.831,-0.116952
182.847,-0.116957
182.8641,-0.116963
182.8816,-0.116973
182.8974,-0.116984
182.9152,-0.116991
182.9309,-0.116999
182.9476,-0.117003
182.9646,-0.117007
182.981,-0.11701
182.9969,-0.117011
183.0139,-0.117013
183.0311,-0.117015
183.0476,-0.117018
183.0635,-0.117025
183.0809,-0.117032
183.0976,-0.11704
183.1143,-0.117049
183.1312,-0.117058
183.1483,-0.117064
183.1644,-0.117069
183.181,-0.117073
183.1985,-0.117078
183.215,-0.117083
183.2307,-0.117088
183.2475,-0.117093
183.265,-0.117097
183.282,-0.117102
183.2975,-0.117107
183.3143,-0.117114
183.3313,-0.11712
183.3481,-0.117125
183.3646,-0.11713
183.3819,-0.117135
183.3981,-0.117142
183.4145,-0.11715
183.4312,-0.117156
183.4478,-0.117161
183.4653,-0.117165
183.4816,-0.117167
183.4982,-0.11717
183.5148,-0.117173
183.532,-0.117175
183.5477,-0.117179
183.565,-0.117185
183.5813,-0.117194
183.5984,-0.117201
183.615,-0.117207
183.6319,-0.117213
183.6477,-0.117218
183.6656,-0.117222
183.6811,-0.117227
183.6983,-0.117234
183.7152,-0.117238
183.732,-0.117244
183.7486,-0.117249
183.7651,-0.117254
183.7825,-0.117258
183.798,-0.117262
183.8154,-0.117263
183.8317,-0.117266
183.8485,-0.11727
183.8654,-0.117276
183.8817,-0.117284
183.8986,-0.117292
183.9147,-0.117301
183.9315,-0.117312
183.9488,-0.11732
183.9647,-0.117331
183.9813,-0.117338
183.9985,-0.117346
184.0152,-0.117352
184.0317,-0.117357
184.0485,-0.117361
184.0653,-0.117366
184.0821,-0.117371
184.0975,-0.117377
184.1141,-0.117383
184.1317,-0.117389
184.1481,-0.117397
184.1653,-0.117404
184.1818,-0.117413
184.1987,-0.117421
184.2143,-0.117427
184.2315,-0.117432
184.2481,-0.117437
184.2651,-0.117443
184.2809,-0.11745
184.2984,-0.117459
184.3144,-0.117467
184.3314,-0.117476
184.3479,-0.117486
184.3648,-0.117494
184.3819,-0.117501
184.3971,-0.11751
184.4143,-0.11752
184.4316,-0.11753
184.4478,-0.11754
184.4645,-0.117552
184.4818,-0.117563
184.4976,-0.117574
184.515,-0.117582
184.5314,-0.117589
184.5479,-0.117595
184.5648,-0.1176
184.5813,-0.117607
184.5972,-0.117614
184.6142,-0.117619
184.6312,-0.117621
184.6479,-0.117626
184.6652,-0.117632
184.6814,-0.117641
184.6978,-0.117648
184.7139,-0.117654
184.731,-0.117659
184.7479,-0.117667
184.7651,-0.117676
184.7811,-0.117684
184.7979,-0.117695
184.8138,-0.117705
184.8305,-0.117713
184.848,-0.117721
184.864,-0.11773
184.881,-0.117738
184.8978,-0.117747
184.9144,-0.117752
184.9307,-0.117755
184.9474,-0.117759
184.9644,-0.117762
184.9808,-0.117766
184.9977,-0.117771
185.0142,-0.117777
185.0313,-0.117782
185.0472,-0.117785
185.0649,-0.117791
185.0809,-0.117795
185.0976,-0.117798
185.114,-0.117801
185.1304,-0.117803
185.148,-0.117804
185.1644,-0.117806
185.1814,-0.11781
185.1974,-0.117815
185.2136,-0.117822
185.2315,-0.117828
185.2482,-0.117834
185.2647,-0.11784
185.2809,-0.117846
185.2979,-0.117852
185.3145,-0.117857
185.3321,-0.117862
185.3474,-0.117867
185.3649,-0.117875
185.381,-0.117884
185.3983,-0.117889
185.415,-0.117894
185.4317,-0.117898
185.4486,-0.1179
185.4655,-0.117903
185.4818,-0.117904
185.4984,-0.117904
185.5146,-0.117909
185.5308,-0.117915
185.5478,-0.117922
185.5645,-0.11793
185.5818,-0.117939
185.5999,-0.117945
185.6154,-0.117953
185.6318,-0.117959
185.6488,-0.117962
185.6646,-0.117963
185.6812,-0.117965
185.6987,-0.117968
185.7153,-0.117969
185.7319,-0.117972
185.7483,-0.117977
185.7648,-0.11798
185.7815,-0.117985
185.7983,-0.117989
185.8148,-0.117993
185.8313,-0.117999
185.8484,-0.118006
185.8651,-0.118014
185.8817,-0.11802
185.8986,-0.118025
185.9148,-0.118029
185.9318,-0.118033
185.9481,-0.118034
185.9647,-0.118039
185.9814,-0.118045
185.9986,-0.118049
186.0152,-0.118055
186.0307,-0.118061
186.0485,-0.118068
186.0656,-0.118077
186.0819,-0.118085
186.0982,-0.118091
186.1155,-0.118093
186.132,-0.118097
186.1477,-0.118103
186.1643,-0.11811
186.1818,-0.118116
186.1979,-0.11812
186.2158,-0.118125
186.2322,-0.118131
186.2478,-0.118139
186.2659,-0.118146
186.2813,-0.11815
186.2985,-0.118154
186.3152,-0.118157
186.3318,-0.118162
186.3485,-0.118166
186.3651,-0.11817
186.3813,-0.118176
186.3978,-0.118185
186.4158,-0.118193
186.4319,-0.118203
186.4484,-0.118211
186.4654,-0.118219
186.4821,-0.118226
186.4984,-0.118232
186.5152,-0.118239
186.5315,-0.118244
186.5487,-0.118249
186.5655,-0.118253
186.582,-0.11826
186.5983,-0.118266
186.6156,-0.118275
186.632,-0.118282
186.6484,-0.118289
186.6649,-0.118299
186.6819,-0.118306
186.6987,-0.118313
186.7159,-0.118318
186.7319,-0.118325
186.7491,-0.118332
186.7654,-0.118339
186.7824,-0.118342
186.7986,-0.118342
186.8146,-0.118346
186.8319,-0.118351
186.8481,-0.118357
186.8643,-0.118365
186.8811,-0.118374
186.8996,-0.118381
186.9152,-0.11839
186.9318,-0.118401
186.9486,-0.118412
186.9649,-0.118422
186.9816,-0.118428
186.9989,-0.118435
187.0145,-0.118443
187.0315,-0.11845
187.0486,-0.118454
187.0647,-0.118457
187.0815,-0.118461
187.0987,-0.118466
187.1148,-0.118471
187.1312,-0.118477
187.1487,-0.118486
187.1647,-0.118493
187.1812,-0.118501
187.1973,-0.118509
187.2145,-0.118519
187.232,-0.118526
187.2477,-0.118533
187.2652,-0.118539
187.2812,-0.118547
187.2982,-0.118554
187.3147,-0.118561
187.3316,-0.118567
187.3484,-0.118572
187.3646,-0.118577
187.3819,-0.118584
187.3983,-0.11859
187.4151,-0.118598
187.4315,-0.118604
187.4484,-0.118608
187.465,-0.118611
187.4811,-0.118614
187.4982,-0.11862
187.5152,-0.118623
187.5317,-0.118625
187.5494,-0.118626
187.5656,-0.118629
187.5822,-0.118632
187.5978,-0.118638
187.6147,-0.118644
187.6316,-0.118649
187.6488,-0.118654
187.6653,-0.118658
187.6821,-0.118664
187.6991,-0.118669
187.7146,-0.118672
187.7323,-0.118673
187.7476,-0.118675
187.7657,-0.118674
187.7816,-0.118675
187.7981,-0.118677
187.8148,-0.11868
187.8322,-0.118684
187.8481,-0.118688
187.8649,-0.118694
187.8819,-0.118698
187.8989,-0.118704
187.9153,-0.118712
187.9318,-0.118718
187.9489,-0.118722
187.9658,-0.118726
187.9823,-0.11873
187.9982,-0.118734
188.0153,-0.118738
188.0312,-0.118742
188.0482,-0.118744
188.0661,-0.118747
188.0823,-0.118751
188.0989,-0.118758
188.1159,-0.118762
188.1318,-0.118765
188.1488,-0.118766
188.165,-0.118768
188.1826,-0.118771
188.1983,-0.118775
188.215,-0.11878
188.2329,-0.118785
188.2482,-0.118791
188.2659,-0.118797
188.2829,-0.118803
188.2988,-0.118808
188.315,-0.118815
188.333,-0.118819
188.3494,-0.118821
188.3658,-0.118821
188.3829,-0.118824
188.4001,-0.118829
188.4156,-0.118834
188.4323,-0.118841
188.4491,-0.118847
188.4663,-0.118852
188.4823,-0.118858
188.4997,-0.118867
188.5164,-0.118875
188.5327,-0.11888
188.5488,-0.118884
188.5659,-0.118888
188.5833,-0.118893
188.5999,-0.1189
188.616,-0.118908
188.6322,-0.118916
188.6489,-0.118923
188.6663,-0.118928
188.6832,-0.118934
188.6998,-0.11894
188.7162,-0.118944
188.7332,-0.118946
188.7494,-0.118949
188.7659,-0.118952
188.7823,-0.118956
188.7996,-0.118961
188.8154,-0.118967
188.8329,-0.118976
188.8493,-0.118986
188.866,-0.118994
188.8833,-0.119
188.8993,-0.119007
188.9162,-0.119012
188.9329,-0.119017
188.9499,-0.119022
188.9664,-0.119024
188.9822,-0.119028
188.9996,-0.119033
189.016,-0.119038
189.0321,-0.119046
189.0501,-0.119054
189.0659,-0.119061
189.0824,-0.119071
189.0995,-0.119081
189.1166,-0.119092
189.1332,-0.1191
189.1496,-0.119108
189.1667,-0.119117
189.1828,-0.119125
189.2,-0.119131
189.2171,-0.119136
189.2329,-0.119142
189.2505,-0.119148
189.2674,-0.119157
189.2832,-0.119169
189.2998,-0.119179
189.3171,-0.119188
189.3337,-0.119193
189.3508,-0.119199
189.3675,-0.119206
189.3835,-0.119208
189.4004,-0.119209
189.4156,-0.119209
189.433,-0.119208
189.4496,-0.119209
189.4659,-0.11921
189.4825,-0.11921
189.4988,-0.119214
189.5153,-0.119217
189.5327,-0.119222
189.5489,-0.119227
189.5649,-0.119233
189.5826,-0.11924
189.5983,-0.119249
189.6158,-0.119258
189.6313,-0.119267
189.6489,-0.119277
189.6659,-0.119284
189.6828,-0.119292
189.699,-0.119298
189.7156,-0.119303
189.7326,-0.119308
189.7486,-0.119315
189.7657,-0.119322
189.7816,-0.119331
189.7976,-0.119342
189.8166,-0.119352
189.8332,-0.119364
189.8493,-0.119374
189.8661,-0.119384
189.8837,-0.119391
189.8997,-0.119397
189.9167,-0.119402
189.9332,-0.119409
189.9496,-0.119414
189.9669,-0.119419
189.9834,-0.119424
189.9997,-0.119428
190.0169,-0.119434
190.034,-0.119439
190.0508,-0.119443
190.0671,-0.119443
190.0844,-0.119443
190.1006,-0.119442
190.1164,-0.119441
190.1334,-0.119442
190.1491,-0.119443
190.1666,-0.119445
190.1829,-0.119448
190.1991,-0.119455
190.216,-0.119462
190.2325,-0.119469
190.2491,-0.119475
190.2668,-0.11948
190.2831,-0.119486
190.2997,-0.119492
190.3159,-0.119499
190.3323,-0.119505
190.3497,-0.119509
190.3657,-0.119513
190.3831,-0.119518
190.3998,-0.119523
190.4162,-0.119528
190.4323,-0.119532
190.4498,-0.119537
190.4661,-0.119542
190.4824,-0.119549
190.5004,-0.119558
190.5162,-0.119568
190.5324,-0.119581
190.5498,-0.119592
190.5667,-0.119602
190.5838,-0.119608
190.6002,-0.119613
190.6167,-0.119612
190.6337,-0.119611
190.6496,-0.11961
190.666,-0.119609
190.6821,-0.119608
190.6994,-0.11961
190.7167,-0.119616
190.7332,-0.119624
190.7501,-0.119631
190.7666,-0.119636
190.7828,-0.119641
190.7995,-0.119646
190.8165,-0.11965
190.8331,-0.119655
190.8498,-0.119662
190.8669,-0.119667
190.8836,-0.119673
190.8997,-0.119679
190.9169,-0.119686
190.9339,-0.119692
190.9503,-0.119696
190.9672,-0.1197
190.9829,-0.119704
191.0006,-0.119706
191.0163,-0.119708
191.0341,-0.119714
191.05,-0.119717
191.0673,-0.119718
191.0837,-0.119721
191.1006,-0.119725
191.1173,-0.119729
191.1333,-0.119734
191.1497,-0.119739
191.1676,-0.119744
191.1839,-0.119746
191.2012,-0.119746
191.2179,-0.119748
191.2343,-0.119751
191.2505,-0.11975
191.267,-0.119751
191.2832,-0.119751
191.3007,-0.119754
191.3173,-0.119758
191.3339,-0.119762
191.3507,-0.119766
191.3669,-0.119767
191.3842,-0.119771
191.4003,-0.119776
191.4171,-0.119782
191.4343,-0.119789
191.4504,-0.119795
191.4675,-0.119801
191.4845,-0.119807
191.5007,-0.119813
191.5179,-0.119819
191.5348,-0.119825
191.5512,-0.11983
191.5679,-0.119836
191.5847,-0.119842
191.6008,-0.119849
191.618,-0.119855
191.6342,-0.119861
191.6513,-0.119865
191.6687,-0.11987
191.6855,-0.119875
191.7014,-0.119879
191.7182,-0.119886
191.7345,-0.119891
191.751,-0.119897
191.7685,-0.119902
191.7849,-0.119907
191.8014,-0.119911
191.8185,-0.119915
191.8349,-0.119922
191.851,-0.119928
191.8681,-0.119933
191.8847,-0.119937
191.9021,-0.119942
191.9188,-0.119945
191.9356,-0.119945
191.9516,-0.119949
191.9677,-0.119951
191.9852,-0.119954
192.0019,-0.119958
192.0184,-0.119959
192.0356,-0.119965
192.0518,-0.119971
192.069,-0.119976
192.0858,-0.119981
192.1017,-0.119987
192.119,-0.119992
192.1355,-0.119999
192.1518,-0.120004
192.1691,-0.12001
192.1864,-0.120019
192.2028,-0.120024
192.2195,-0.120029
192.2358,-0.120034
192.2531,-0.120038
192.2694,-0.120042
192.2859,-0.120045
192.3029,-0.120048
192.3196,-0.120053
192.3367,-0.120056
192.3526,-0.12006
192.3698,-0.120066
192.3856,-0.120073
192.4031,-0.120079
192.4186,-0.120085
192.436,-0.12009
192.4521,-0.120096
192.4699,-0.120102
192.4862,-0.120108
192.5027,-0.120115
192.5191,-0.120126
192.5361,-0.120138
192.5524,-0.12015
192.5693,-0.120162
192.5864,-0.120174
192.6035,-0.120186
192.6202,-0.120195
192.636,-0.1202
192.6535,-0.120201
192.6694,-0.120201
192.6871,-0.120202
192.7032,-0.120205
192.7201,-0.120211
192.7357,-0.120216
192.7538,-0.120226
192.7693,-0.120234
192.7864,-0.120244
192.8029,-0.120255
192.8196,-0.120264
192.8364,-0.120271
192.8538,-0.120281
192.8698,-0.12029
192.887,-0.1203
192.9035,-0.120311
192.9191,-0.120321
192.937,-0.120332
192.9526,-0.120343
192.97,-0.120351
192.9869,-0.120359
193.0029,-0.120366
193.0197,-0.120371
193.0368,-0.120378
193.0528,-0.120387
193.0692,-0.120396
193.0867,-0.120405
193.1035,-0.120415
193.1203,-0.120428
193.1371,-0.120439
193.1534,-0.120449
193.1704,-0.120459
193.1869,-0.120468
193.2041,-0.120476
193.2191,-0.120485
193.2358,-0.120496
193.2536,-0.120504
193.271,-0.120511
193.2862,-0.120519
193.3031,-0.120528
193.3205,-0.120537
193.3373,-0.120543
193.3535,-0.12055
193.3701,-0.120558
193.3865,-0.120566
193.4036,-0.120571
193.4196,-0.120579
193.4366,-0.120586
193.4532,-0.120592
193.4695,-0.120597
193.4869,-0.120602
193.5032,-0.120607
193.5201,-0.120611
193.5369,-0.120616
193.5528,-0.120623
193.5704,-0.12063
193.5871,-0.120639
193.603,-0.120646
193.6197,-0.120653
193.6357,-0.120663
193.6528,-0.120672
193.6693,-0.120682
193.6855,-0.120691
193.7022,-0.120702
193.7201,-0.120713
193.7361,-0.120725
193.7531,-0.120733
193.7698,-0.12074
193.7864,-0.120746
193.8035,-0.120751
193.8201,-0.120757
193.8354,-0.120763
193.8536,-0.12077
193.8696,-0.120778
193.8853,-0.120786
193.9035,-0.120795
193.9192,-0.120804
193.9362,-0.120811
193.9535,-0.120818
193.9697,-0.120824
193.9866,-0.120828
194.0039,-0.120835
194.0197,-0.120843
194.0366,-0.120849
194.053,-0.120855
194.0697,-0.120862
194.0867,-0.120868
194.1028,-0.120875
194.1195,-0.120879
194.136,-0.120884
194.1536,-0.120888
194.1698,-0.120891
194.1866,-0.120896
194.2029,-0.120901
194.2207,-0.120907
194.2361,-0.120912
194.253,-0.120917
194.2698,-0.120919
194.2866,-0.120924
194.3034,-0.120926
194.3198,-0.12093
194.3367,-0.120933
194.3532,-0.120937
194.3692,-0.120942
194.3861,-0.120946
194.4027,-0.120953
194.4191,-0.12096
194.4354,-0.120969
194.4527,-0.12098
194.4691,-0.120988
194.4866,-0.120997
194.5028,-0.121006
194.5201,-0.121012
194.5362,-0.121016
194.5523,-0.12102
194.569,-0.121021
194.5856,-0.121022
194.6023,-0.121022
194.619,-0.121024
194.6361,-0.121029
194.6521,-0.121033
194.6682,-0.121039
194.6849,-0.121047
194.7019,-0.121056
194.7185,-0.121065
194.7357,-0.121073
194.7516,-0.121082
194.7686,-0.121091
194.7855,-0.1211
194.8018,-0.121111
194.8181,-0.121122
194.8352,-0.121132
194.8519,-0.121144
194.8684,-0.121155
194.8849,-0.121165
194.901,-0.121172
194.9185,-0.121176
194.9356,-0.121182
194.951,-0.121187
194.968,-0.121192
194.9844,-0.121197
195.0012,-0.121202
195.0179,-0.12121
195.0346,-0.121218
195.0511,-0.121227
195.0683,-0.121233
195.084,-0.121238
195.1011,-0.12124
195.1177,-0.121242
195.134,-0.121243
195.151,-0.121244
195.1676,-0.121243
195.1842,-0.121244
195.2002,-0.121247
195.2179,-0.121251
195.2337,-0.121258
195.251,-0.121263
195.2672,-0.121269
195.2845,-0.121272
195.3002,-0.121274
195.3176,-0.121275
195.3332,-0.121275
195.3506,-0.121275
195.3675,-0.121274
195.3842,-0.121274
195.3998,-0.121275
195.4169,-0.121275
195.4333,-0.121277
195.4507,-0.121278
195.4674,-0.121279
195.4843,-0.12128
195.5003,-0.121282
195.517,-0.121283
195.5333,-0.121282
195.5507,-0.12128
195.5667,-0.121278
195.5841,-0.121277
195.6005,-0.121277
195.617,-0.121278
195.6339,-0.121277
195.6507,-0.121275
195.6675,-0.121272
195.6847,-0.121269
195.7007,-0.121269
195.7178,-0.121267
195.7337,-0.121266
195.7502,-0.121265
195.7679,-0.121263
195.7843,-0.121263
195.801,-0.121263
195.818,-0.121261
195.8349,-0.12126
195.851,-0.12126
195.8672,-0.121257
195.8833,-0.121254
195.9007,-0.121251
195.9179,-0.121251
195.9343,-0.121249
195.9503,-0.121249
195.9675,-0.121247
195.9846,-0.121246
196.0014,-0.121246
196.0171,-0.121246
196.0344,-0.121248
196.0509,-0.121248
196.0682,-0.121249
196.0848,-0.12125
196.101,-0.121251
196.1173,-0.121251
196.1344,-0.121252
196.1522,-0.121256
196.1684,-0.121258
196.1845,-0.121262
196.2015,-0.121265
196.2183,-0.12127
196.2349,-0.121273
196.2514,-0.121272
196.2684,-0.121273
196.2847,-0.121275
196.3011,-0.121277
196.3181,-0.121281
196.3347,-0.121287
196.3522,-0.121292
196.3688,-0.121299
196.3845,-0.121305
196.4016,-0.12131
196.4191,-0.121316
196.4346,-0.12132
196.4521,-0.121323
196.4681,-0.121325
196.4848,-0.121328
196.5014,-0.121331
196.5188,-0.121337
196.5349,-0.121341
196.552,-0.121346
196.5697,-0.12135
196.5856,-0.121355
196.6024,-0.12136
196.6181,-0.121364
196.635,-0.121367
196.6525,-0.121371
196.6692,-0.121378
196.6855,-0.121384
196.7012,-0.121387
196.719,-0.12139
196.7365,-0.121394
196.752,-0.121401
196.7681,-0.121411
196.7842,-0.12142
196.8022,-0.12143
196.8188,-0.121441
196.8353,-0.121452
196.8522,-0.121464
196.8689,-0.121472
196.8855,-0.121479
196.9026,-0.121483
196.9181,-0.121486
196.9351,-0.121489
196.9507,-0.121493
196.9683,-0.121496
196.9855,-0.121503
197.0027,-0.121509
197.0188,-0.121517
197.035,-0.121525
197.0521,-0.121534
197.0686,-0.121544
197.0851,-0.121555
197.1027,-0.121564
197.1186,-0.121572
197.1351,-0.12158
197.1525,-0.121587
197.1689,-0.121593
197.1858,-0.121598
197.2032,-0.121604
197.2192,-0.121609
197.2354,-0.121613
197.2517,-0.121616
197.2693,-0.12162
197.2854,-0.121625
197.302,-0.121633
197.3181,-0.121641
197.3355,-0.121649
197.3516,-0.121656
197.3684,-0.121666
197.3858,-0.121673
197.4018,-0.121682
197.4194,-0.12169
197.4356,-0.121697
197.4519,-0.121705
197.469,-0.121711
197.4854,-0.121714
197.502,-0.121717
197.5186,-0.121721
197.5354,-0.121727
197.552,-0.12173
197.5679,-0.121734
197.5852,-0.121739
197.6019,-0.121744
197.6181,-0.121749
197.6349,-0.121753
197.6524,-0.121758
197.6686,-0.121763
197.6854,-0.121765
197.7016,-0.121768
197.7186,-0.121773
197.7354,-0.121776
197.7522,-0.121779
197.7684,-0.121783
197.7851,-0.121788
197.8015,-0.121793
197.8189,-0.121797
197.836,-0.121801
197.8513,-0.121804
197.8688,-0.12181
197.8857,-0.121814
197.9021,-0.121817
197.9184,-0.12182
197.9348,-0.121822
197.9525,-0.121823
197.9691,-0.121823
197.9852,-0.121823
198.0018,-0.121824
198.0189,-0.121823
198.0343,-0.121822
198.0513,-0.121823
198.0686,-0.121826
198.0848,-0.121829
198.1014,-0.121836
198.1176,-0.121844
198.1349,-0.12185
198.1518,-0.121856
198.1685,-0.121864
198.1861,-0.12187
198.2018,-0.121874
198.2184,-0.121875
198.2357,-0.121877
198.2514,-0.121882
198.2687,-0.121884
198.2852,-0.121889
198.3016,-0.121894
198.318,-0.121901
198.3354,-0.121909
198.3513,-0.121916
198.369,-0.121919
198.3859,-0.121921
198.4021,-0.121922
198.4191,-0.121923
198.4355,-0.121929
198.4519,-0.121931
198.4693,-0.121935
198.485,-0.121941
198.5017,-0.121946
198.5188,-0.121954
198.5354,-0.121962
198.5521,-0.121966
198.5679,-0.121971
198.585,-0.121974
198.6024,-0.121978
198.6182,-0.121981
198.6352,-0.121985
198.6514,-0.121989
198.6682,-0.121995
198.6848,-0.122004
198.7023,-0.122014
198.7184,-0.12202
198.7356,-0.122027
198.7519,-0.122033
198.768,-0.122038
198.7854,-0.122044
198.8017,-0.12205
198.8183,-0.122057
198.8353,-0.122062
198.8521,-0.122069
198.8691,-0.122077
198.8852,-0.122086
198.9021,-0.122092
198.9183,-0.122098
198.9359,-0.122101
198.9525,-0.122103
198.9688,-0.122106
198.9853,-0.12211
199.0018,-0.122115
199.0188,-0.122117
199.0356,-0.12212
199.0521,-0.122124
199.0684,-0.122126
199.0854,-0.12213
199.1017,-0.122132
199.1187,-0.122136
199.1355,-0.122141
199.1515,-0.122146
199.169,-0.122154
199.1857,-0.122162
199.2021,-0.12217
199.2194,-0.12218
199.2363,-0.12219
199.2525,-0.122199
199.2687,-0.122208
199.2862,-0.122216
199.3031,-0.122221
199.3198,-0.122224
199.3359,-0.122229
199.3534,-0.122231
199.3687,-0.122232
199.3854,-0.122232
199.4034,-0.12223
199.4194,-0.122231
199.4364,-0.122231
199.4522,-0.122234
199.4686,-0.122238
199.4857,-0.12224
199.5026,-0.122245
199.5188,-0.122248
199.5353,-0.122253
199.5531,-0.122256
199.5694,-0.122257
199.586,-0.122259
199.6028,-0.12226
199.6197,-0.122262
199.6364,-0.122264
199.6533,-0.122266
199.6692,-0.122267
199.6858,-0.122269
199.7031,-0.122272
199.7194,-0.122277
199.7356,-0.122283
199.7533,-0.122291
199.7693,-0.122298
199.7853,-0.122303
199.803,-0.122306
199.8203,-0.122311
199.8364,-0.122317
199.8529,-0.122322
199.8695,-0.122326
199.8866,-0.122328
199.9036,-0.122329
199.9206,-0.122332
199.9363,-0.122333
199.9532,-0.122334
199.97,-0.122335
199.9861,-0.122337
200.0038,-0.122341
200.0206,-0.122349
200.0366,-0.122355
200.054,-0.122362
200.0705,-0.122367
200.0868,-0.122371
200.1041,-0.122374
200.1208,-0.122377
200.1376,-0.12238
200.1532,-0.122383
200.1703,-0.122389
200.1871,-0.122394
200.2039,-0.122404
200.2208,-0.122416
200.2379,-0.122427
200.256,-0.122437
200.2716,-0.122445
200.2889,-0.122452
200.3055,-0.122457
200.3212,-0.122459
200.3377,-0.122461
200.3554,-0.122465
200.3717,-0.12247
200.3884,-0.122476
200.4051,-0.122483
200.4213,-0.12249
200.4385,-0.122497
200.4549,-0.122504
200.472,-0.122512
200.4882,-0.12252
200.5049,-0.122528
200.5217,-0.122534
200.5387,-0.122541
200.5558,-0.122548
200.5721,-0.122557
200.5892,-0.122567
200.6042,-0.122578
200.6219,-0.12259
200.6389,-0.1226
200.6554,-0.122612
200.6722,-0.122624
200.6886,-0.122636
200.7049,-0.122647
200.7215,-0.122657
200.7383,-0.122664
200.7558,-0.122672
200.7715,-0.12268
200.788,-0.122687
200.8042,-0.122695
200.8217,-0.122701
200.8388,-0.12271
200.8554,-0.122719
200.8716,-0.122731
200.888,-0.122743
200.9051,-0.122755
200.9214,-0.122767
200.9377,-0.122781
200.9553,-0.122792
200.9718,-0.122802
200.9886,-0.122812
201.0055,-0.122821
201.0223,-0.122827
201.0385,-0.122832
201.0551,-0.122837
201.072,-0.122843
201.0884,-0.122849
201.1041,-0.122859
201.1218,-0.122868
201.1378,-0.122878
201.156,-0.12289
201.1711,-0.122902
201.1885,-0.122913
201.2048,-0.122925
201.2214,-0.122936
201.2385,-0.122946
201.2553,-0.122957
201.2715,-0.122966
201.2884,-0.122975
201.3052,-0.122981
201.321,-0.122988
201.3384,-0.122996
201.3549,-0.123003
201.3706,-0.123008
201.3881,-0.123015
201.4049,-0.123021
201.4214,-0.123026
201.4377,-0.123033
201.4543,-0.123041
201.4712,-0.12305
201.4882,-0.12306
201.5048,-0.123072
201.5224,-0.123085
201.5384,-0.123096
201.5557,-0.123105
201.5719,-0.123114
201.5885,-0.123119
201.6056,-0.123123
201.6222,-0.123127
201.6383,-0.123132
201.6553,-0.123134
201.6718,-0.123135
201.6887,-0.123136
201.7059,-0.123139
201.7223,-0.123141
201.7386,-0.123142
201.7557,-0.123144
201.7718,-0.123146
201.7886,-0.123148
201.8055,-0.123152
201.8217,-0.123158
201.839,-0.123164
201.8559,-0.123169
201.8723,-0.123174
201.8883,-0.123181
201.9057,-0.123185
201.9221,-0.12319
201.9385,-0.123195
201.9554,-0.123201
201.9719,-0.123205
201.9879,-0.123207
202.0052,-0.123209
202.0223,-0.123211
202.0387,-0.123213
202.0551,-0.123217
202.0718,-0.123221
202.0881,-0.123224
202.1051,-0.123225
202.1222,-0.123227
202.1393,-0.12323
202.1557,-0.123236
202.1729,-0.123241
202.1885,-0.123247
202.205,-0.123252
202.2221,-0.123257
202.2388,-0.123265
202.2548,-0.123271
202.272,-0.12328
202.2891,-0.123287
202.3056,-0.123291
202.3221,-0.123293
202.3381,-0.123296
202.3551,-0.123295
202.3716,-0.123295
202.3889,-0.123296
202.4049,-0.123298
202.4218,-0.123304
202.4384,-0.123309
202.4552,-0.123315
202.4718,-0.123322
202.4886,-0.123331
202.5048,-0.12334
202.5224,-0.123347
202.5385,-0.123354
202.5556,-0.123357
202.572,-0.123361
202.5882,-0.123366
202.6052,-0.12337
202.6219,-0.123376
202.6384,-0.123382
202.655,-0.123388
202.6719,-0.123394
202.6895,-0.123399
202.7049,-0.123403
202.7218,-0.123408
202.7386,-0.123411
202.7547,-0.123412
202.7714,-0.123412
202.7884,-0.123413
202.805,-0.123413
202.8211,-0.123413
202.8382,-0.123413
202.8541,-0.123417
202.8714,-0.123425
202.8876,-0.123434
202.9045,-0.123442
202.9216,-0.123449
202.9386,-0.123454
202.9549,-0.123458
202.9713,-0.123465
202.9877,-0.12347
203.0043,-0.123474
203.0213,-0.123477
203.0382,-0.12348
203.0551,-0.123485
203.0719,-0.123491
203.0881,-0.123498
203.1049,-0.123504
203.122,-0.123508
203.1388,-0.123507
203.1545,-0.123509
203.1713,-0.123511
203.1876,-0.123515
203.2055,-0.123518
203.2213,-0.123521
203.2383,-0.123525
203.2545,-0.123529
203.2717,-0.123536
203.289,-0.123542
203.3051,-0.123548
203.3221,-0.12355
203.3386,-0.123553
203.3557,-0.123556
203.372,-0.123559
203.389,-0.12356
203.4053,-0.12356
203.4226,-0.123559
203.4387,-0.123557
203.4557,-0.123557
203.4707,-0.123559
203.489,-0.123561
203.5052,-0.123564
203.5211,-0.123569
203.5391,-0.123573
203.5553,-0.123578
203.5726,-0.123582
203.5886,-0.123586
203.6052,-0.123588
203.6228,-0.123591
203.6387,-0.123595
203.6557,-0.123599
203.6721,-0.123604
203.6881,-0.123609
203.7055,-0.123615
203.722,-0.123622
203.7386,-0.123628
203.7552,-0.123636
203.7727,-0.123644
203.7897,-0.123653
203.8062,-0.123659
203.8227,-0.123661
203.8397,-0.123661
203.8559,-0.123662
203.872,-0.123664
203.8885,-0.123668
203.9049,-0.123674
203.9221,-0.12368
203.9397,-0.123685
203.9558,-0.123691
203.9726,-0.123697
203.9891,-0.123703
204.0057,-0.12371
204.0223,-0.123712
204.0391,-0.123715
204.0552,-0.123717
204.0721,-0.123718
204.0887,-0.123723
204.105,-0.123729
204.1226,-0.123734
204.1389,-0.123738
204.1556,-0.123741
204.1729,-0.123748
204.189,-0.123754
204.2053,-0.123759
204.2226,-0.123765
204.2379,-0.123771
204.2552,-0.123776
204.2727,-0.123783
204.289,-0.12379
204.3056,-0.123797
204.3227,-0.123804
204.3394,-0.123811
204.3557,-0.123816
204.3725,-0.123823
204.389,-0.12383
204.4058,-0.123838
204.4233,-0.123846
204.4393,-0.123855
204.4563,-0.123863
204.4728,-0.123869
204.4899,-0.123875
204.507,-0.123877
204.5231,-0.123881
204.5399,-0.123885
204.5563,-0.123891
204.573,-0.123897
204.5893,-0.123905
204.6062,-0.12391
204.6235,-0.123916
204.6398,-0.123919
204.6563,-0.123925
204.6727,-0.123928
204.6893,-0.123934
204.7061,-0.123939
204.723,-0.123946
204.7393,-0.123951
204.7561,-0.123957
204.7726,-0.123966
204.7887,-0.123975
204.8065,-0.123983
204.8227,-0.123991
204.8398,-0.123997
204.8562,-0.124003
204.8721,-0.124009
204.8889,-0.124015
204.9056,-0.124023
204.9219,-0.124029
204.9397,-0.124033
204.9558,-0.124037
204.9727,-0.124041
204.9897,-0.124045
205.0058,-0.124049
205.0226,-0.124052
205.0388,-0.124057
205.0557,-0.124063
205.0736,-0.12407
205.0897,-0.124079
205.1054,-0.124085
205.1221,-0.12409
205.1394,-0.124096
205.1562,-0.124101
205.1726,-0.124106
205.1893,-0.124111
205.205,-0.124116
205.223,-0.12412
205.2395,-0.124124
205.256,-0.12413
205.2724,-0.124137
205.2896,-0.124147
205.3055,-0.124154
205.3223,-0.124161
205.3392,-0.124168
205.3561,-0.124174
205.3732,-0.124181
205.3892,-0.124188
205.4056,-0.124193
205.4226,-0.124197
205.4398,-0.124202
205.4564,-0.124206
205.4732,-0.124212
205.4898,-0.124216
205.5059,-0.124221
205.5228,-0.124227
205.5392,-0.124233
205.556,-0.124241
205.5717,-0.124246
205.5888,-0.124251
205.6067,-0.124256
205.6229,-0.124261
205.6401,-0.124265
205.6555,-0.124271
205.6729,-0.124279
205.6892,-0.124285
205.7052,-0.124293
205.7221,-0.124299
205.7393,-0.124306
205.756,-0.124309
205.7723,-0.124313
205.7897,-0.124318
205.8053,-0.124321
205.8235,-0.124324
205.8385,-0.124328
205.8552,-0.124332
205.8724,-0.124339
205.8891,-0.124348
205.9057,-0.124355
205.9215,-0.124363
205.9385,-0.12437
205.9561,-0.124377
205.9722,-0.124383
205.9888,-0.124391
206.0058,-0.124398
206.0224,-0.124405
206.0386,-0.124409
206.0564,-0.124416
206.0726,-0.124421
206.0895,-0.124423
206.1046,-0.124425
206.122,-0.124427
206.139,-0.124429
206.155,-0.124432
206.1719,-0.124437
206.1886,-0.124443
206.2052,-0.124449
206.2212,-0.124456
206.2385,-0.124463
206.2555,-0.12447
206.2711,-0.124477
206.2885,-0.124483
206.3052,-0.124491
206.3221,-0.124497
206.3388,-0.124505
206.3552,-0.12451
206.3718,-0.124514
206.3884,-0.124518
206.4049,-0.124525
206.4216,-0.124531
206.4376,-0.124538
206.4549,-0.124543
206.4719,-0.12455
206.4884,-0.124555
206.5053,-0.124562
206.5227,-0.124567
206.5386,-0.124571
206.5553,-0.124573
206.5722,-0.124576
206.5883,-0.124579
206.6044,-0.124583
206.621,-0.124588
206.6385,-0.124593
206.6553,-0.124595
206.6725,-0.124595
206.6884,-0.124595
206.7055,-0.124592
206.7225,-0.124591
206.7382,-0.124587
206.7559,-0.124583
206.7714,-0.124583
206.7879,-0.124583
206.805,-0.124585
206.8219,-0.12459
206.8384,-0.124595
206.8551,-0.124601
206.8714,-0.124609
206.8884,-0.124616
206.9058,-0.12462
206.9223,-0.124623
206.9391,-0.124626
206.9564,-0.124628
206.9719,-0.124628
206.9887,-0.124626
207.0058,-0.124624
207.0229,-0.124622
207.0391,-0.12462
207.0556,-0.124623
207.0717,-0.124625
207.0889,-0.124628
207.1054,-0.12463
207.1212,-0.124633
207.139,-0.124638
207.1553,-0.124641
207.173,-0.124643
207.1888,-0.124645
207.2064,-0.124646
207.2225,-0.124645
207.2392,-0.124646
207.2556,-0.124648
207.2722,-0.124651
207.289,-0.124654
207.305,-0.124657
207.3228,-0.124662
207.3393,-0.124667
207.3558,-0.124672
207.3727,-0.124676
207.3892,-0.124679
207.4062,-0.124681
207.4223,-0.124682
207.4389,-0.124683
207.4556,-0.124683
207.4722,-0.124684
207.4887,-0.124689
207.5055,-0.124694
207.5221,-0.124698
207.5391,-0.124705
207.556,-0.124713
207.5724,-0.124721
207.5899,-0.124728
207.6056,-0.124734
207.6236,-0.124739
207.6394,-0.124742
207.6564,-0.124748
207.673,-0.124752
207.6899,-0.124757
207.706,-0.124762
207.723,-0.124765
207.7399,-0.12477
207.7562,-0.124776
207.7726,-0.124781
207.7899,-0.124788
207.8065,-0.124794
207.8239,-0.124802
207.8401,-0.124808
207.8571,-0.124814
207.8735,-0.12482
207.891,-0.124825
207.9067,-0.124829
207.9239,-0.124834
207.9401,-0.12484
207.957,-0.124845
207.9745,-0.124849
207.9907,-0.124854
208.0074,-0.124859
208.0243,-0.124865
208.0397,-0.124871
208.0571,-0.124877
208.0734,-0.124884
208.0905,-0.12489
208.1072,-0.124899
208.1244,-0.124906
208.1409,-0.124913
208.1564,-0.124919
208.1743,-0.124926
208.1909,-0.124932
208.2077,-0.124939
208.2251,-0.124947
208.2403,-0.124956
208.2574,-0.124966
208.2746,-0.124975
208.2905,-0.124982
208.3076,-0.12499
208.3237,-0.125
208.3409,-0.125008
208.3575,-0.125014
208.3736,-0.125021
208.3914,-0.125027
208.4073,-0.125033
208.4245,-0.125042
208.4407,-0.125049
208.4576,-0.125057
208.4737,-0.125066
208.4905,-0.125075
208.5078,-0.125083
208.5245,-0.125092
208.5408,-0.125101
208.5579,-0.125111
208.5746,-0.125121
208.5906,-0.12513
208.6077,-0.12514
208.6246,-0.125149
208.641,-0.125156
208.6576,-0.125165
208.6741,-0.125175
208.6905,-0.125183
208.7072,-0.125191
208.7232,-0.125199
208.74,-0.125208
208.7572,-0.125217
208.7738,-0.125227
208.7897,-0.125236
208.8073,-0.125245
208.823,-0.125254
208.8403,-0.125264
208.8566,-0.125276
208.8731,-0.12529
208.8898,-0.125304
208.9074,-0.12532
208.9235,-0.125333
208.9403,-0.125344
208.9569,-0.125355
208.9743,-0.125364
208.99,-0.125372
209.0066,-0.125379
209.0229,-0.125385
209.0401,-0.125391
209.0568,-0.125396
209.0734,-0.125404
209.09,-0.125413
209.1066,-0.12542
209.1223,-0.125429
209.1402,-0.125437
209.1565,-0.125445
209.1739,-0.125452
209.1905,-0.125457
209.2071,-0.125464
209.2228,-0.125471
209.2398,-0.125479
209.2566,-0.125487
209.2732,-0.125494
209.29,-0.1255
209.3066,-0.125505
209.3231,-0.125508
209.3392,-0.125508
209.3565,-0.125509
209.3734,-0.12551
209.3904,-0.125512
209.4069,-0.125515
209.4231,-0.125519
209.44,-0.125523
209.4568,-0.125528
209.4735,-0.125533
209.4897,-0.125538
209.5068,-0.125543
209.5228,-0.125545
209.5412,-0.125547
209.5565,-0.125551
209.5737,-0.125555
209.5901,-0.125557
209.6064,-0.12556
209.6238,-0.125562
209.6398,-0.125566
209.657,-0.125572
209.6734,-0.125577
209.6907,-0.125584
209.707,-0.125591
209.7238,-0.125597
209.7406,-0.125601
209.7568,-0.125608
209.7738,-0.125616
209.7906,-0.125623
209.8071,-0.125631
209.8233,-0.125637
209.8411,-0.125643
209.8575,-0.125648
209.8736,-0.125652
209.8901,-0.125658
209.9066,-0.125661
209.9242,-0.125662
209.9406,-0.125665
209.9575,-0.125671
209.9741,-0.125675
209.9905,-0.125681
210.0076,-0.125687
210.024,-0.125691
210.0413,-0.125694
210.057,-0.125698
210.0746,-0.125704
210.0911,-0.125707
210.107,-0.125711
210.123,-0.125717
210.1411,-0.125722
210.1569,-0.125728
210.1737,-0.125736
210.1902,-0.125744
210.2071,-0.12575
210.2236,-0.125755
210.2404,-0.12576
210.2563,-0.125766
210.274,-0.125771
210.2903,-0.125775
210.3066,-0.125778
210.3233,-0.12578
210.34,-0.125787
210.357,-0.125793
210.3738,-0.125803
210.3899,-0.125812
210.4063,-0.125823
210.4239,-0.125834
210.4403,-0.125844
210.4575,-0.125852
210.4743,-0.125858
210.4911,-0.125863
210.5076,-0.125867
210.5238,-0.125869
210.541,-0.125874
210.5568,-0.125879
210.5737,-0.125885
210.5909,-0.125891
210.607,-0.125897
210.6242,-0.125902
210.6403,-0.125905
210.6565,-0.12591
210.6731,-0.125916
210.6903,-0.125924
210.707,-0.125929
210.7243,-0.125935
210.7403,-0.125943
210.7573,-0.125951
210.7731,-0.125956
210.7901,-0.12596
210.8067,-0.125964
210.8242,-0.125968
210.8397,-0.125971
210.8566,-0.125976
210.8743,-0.125982
210.8905,-0.125987
210.907,-0.125995
210.9229,-0.126002
210.9405,-0.126008
210.9572,-0.126013
210.9738,-0.126017
210.9895,-0.126022
211.0066,-0.126026
211.0236,-0.126028
211.0404,-0.12603
211.0565,-0.126032
211.0747,-0.126034
211.09,-0.126039
211.107,-0.126046
211.1235,-0.126054
211.1408,-0.126063
211.1568,-0.126069
211.174,-0.126077
211.1911,-0.126083
211.2072,-0.126088
211.2244,-0.126091
211.241,-0.126093
211.2572,-0.126091
211.2734,-0.12609
211.2905,-0.12609
211.3074,-0.126093
211.3237,-0.126096
211.3406,-0.126101
211.3578,-0.126105
211.3739,-0.126107
211.3906,-0.12611
211.4068,-0.126114
211.4238,-0.126118
211.4409,-0.126123
211.4569,-0.126127
211.4744,-0.126133
211.4905,-0.126141
211.5079,-0.126148
211.5246,-0.126156
211.541,-0.12616
211.5575,-0.126165
211.5748,-0.126168
211.5911,-0.126169
211.6084,-0.126169
211.6247,-0.126168
211.641,-0.12617
211.6577,-0.126172
211.6738,-0.126175
211.6914,-0.126179
211.708,-0.126183
211.725,-0.126186
211.742,-0.126189
211.758,-0.126193
211.775,-0.126196
211.7915,-0.126198
211.8083,-0.126199
211.8247,-0.126203
211.8418,-0.126209
211.8581,-0.126216
211.8749,-0.126224
211.8909,-0.126231
211.9086,-0.126239
211.9254,-0.126243
211.9416,-0.126248
211.9587,-0.126254
211.9752,-0.126257
211.9915,-0.12626
212.0082,-0.126262
212.0252,-0.126264
212.0422,-0.126267
212.0587,-0.12627
212.0757,-0.126273
212.0927,-0.126276
212.1086,-0.126279
212.1249,-0.126283
212.1412,-0.126287
212.1579,-0.126293
212.1749,-0.126297
212.1915,-0.126304
212.2085,-0.12631
212.2251,-0.126317
212.2421,-0.126323
212.2574,-0.126329
212.2748,-0.126335
212.2921,-0.126342
212.3091,-0.126349
212.325,-0.126358
212.3422,-0.126369
212.3589,-0.126377
212.3749,-0.126383
212.3915,-0.126387
212.4092,-0.12639
212.4255,-0.126391
212.442,-0.126394
212.4579,-0.126396
212.4743,-0.126399
212.4918,-0.126405
212.5081,-0.126409
212.5253,-0.126419
212.5416,-0.126429
212.5586,-0.126441
212.5753,-0.126451
212.5917,-0.12646
212.6084,-0.126467
212.6252,-0.126476
212.6414,-0.126485
212.6588,-0.126494
212.6754,-0.126501
212.6918,-0.126505
212.7078,-0.126512
212.7257,-0.12652
212.7415,-0.126526
212.7584,-0.126532
212.775,-0.126537
212.7914,-0.126542
212.8086,-0.126547
212.8243,-0.126554
212.8416,-0.126564
212.8575,-0.126573
212.8751,-0.126582
212.8917,-0.126593
212.9083,-0.126603
212.9255,-0.126613
212.942,-0.126621
212.9589,-0.126627
212.9749,-0.126633
212.9917,-0.126639
213.0081,-0.126646
213.0251,-0.126654
213.0412,-0.126662
213.0583,-0.126673
213.075,-0.126681
213.0923,-0.12669
213.1078,-0.126699
213.1248,-0.126707
213.1418,-0.126714
213.1582,-0.12672
213.175,-0.126727
213.192,-0.126734
213.2086,-0.126741
213.2248,-0.126749
213.2415,-0.126757
213.2582,-0.126764
213.2747,-0.126769
213.2915,-0.126774
213.3081,-0.12678
213.3251,-0.126789
213.3416,-0.126796
213.3569,-0.126804
213.3748,-0.126811
213.3913,-0.126819
213.4086,-0.126828
213.4248,-0.126835
213.4409,-0.126842
213.4573,-0.126846
213.4738,-0.126849
213.4915,-0.126853
213.5076,-0.126859
213.525,-0.126866
213.5408,-0.126868
213.5572,-0.126869
213.5745,-0.126867
213.5907,-0.126867
213.6078,-0.126871
213.6235,-0.126873
213.6413,-0.126876
213.6564,-0.12688
213.6742,-0.126885
213.6915,-0.126891
213.7073,-0.126896
213.7236,-0.126902
213.7403,-0.126908
213.7575,-0.126914
213.7733,-0.126917
213.7908,-0.12692
213.8073,-0.126925
213.8233,-0.126927
213.8409,-0.12693
213.8572,-0.126934
213.8748,-0.126939
213.8915,-0.126942
213.9075,-0.126944
213.9244,-0.126944
213.9404,-0.126946
213.9574,-0.126948
213.974,-0.126952
213.9911,-0.126956
214.0081,-0.12696
214.0242,-0.126962
214.0408,-0.126966
214.0576,-0.126971
214.0736,-0.126975
214.0912,-0.126978
214.1073,-0.126981
214.1243,-0.126984
214.1409,-0.126988
214.157,-0.126991
214.1743,-0.126995
214.191,-0.126997
214.208,-0.126999
214.2242,-0.127002
214.2408,-0.127004
214.2579,-0.127008
214.2747,-0.127011
214.2908,-0.127015
214.3076,-0.127019
214.3243,-0.127023
214.3418,-0.127025
214.3578,-0.127028
214.3751,-0.127031
214.3912,-0.127033
214.408,-0.127034
214.4242,-0.127039
214.4411,-0.127044
214.458,-0.127049
214.474,-0.127055
214.4911,-0.127059
214.5089,-0.127062
214.5248,-0.127064
214.5406,-0.127065
214.5579,-0.127068
214.5739,-0.127071
214.5907,-0.127073
214.608,-0.127077
214.6241,-0.127081
214.6409,-0.127086
214.6579,-0.127091
214.6747,-0.127094
214.6911,-0.127096
214.7078,-0.127101
214.7251,-0.127105
214.7414,-0.127108
214.7578,-0.127113
214.7741,-0.127119
214.7912,-0.127125
214.8072,-0.127133
214.8247,-0.12714
214.8416,-0.127148
214.8586,-0.127154
214.874,-0.12716
214.8919,-0.127165
214.9075,-0.127169
214.9247,-0.127172
214.9409,-0.127172
214.9582,-0.127175
214.9744,-0.127178
214.9909,-0.127182
215.0075,-0.127185
215.0242,-0.127189
215.0415,-0.127192
215.0579,-0.127197
215.0741,-0.127205
215.0912,-0.127211
215.108,-0.127217
215.1246,-0.127223
215.1413,-0.127229
215.1581,-0.127236
215.1746,-0.127244
215.1913,-0.12725
215.208,-0.127257
215.2246,-0.127263
215.2421,-0.127269
215.2584,-0.127274
215.2748,-0.127282
215.2919,-0.127287
215.3092,-0.127291
215.3251,-0.127295
215.3419,-0.127298
215.3588,-0.1273
215.3747,-0.127303
215.3913,-0.127306
215.4085,-0.127313
215.425,-0.127318
215.4416,-0.127321
215.4585,-0.127323
215.4753,-0.127324
215.4917,-0.127325
215.5082,-0.127327
215.5245,-0.127329
215.5414,-0.127332
215.5582,-0.127336
215.5746,-0.127342
215.5917,-0.127351
215.6089,-0.127361
215.6254,-0.127371
215.6414,-0.127381
215.6587,-0.127386
215.6752,-0.127391
215.692,-0.127397
215.7083,-0.127404
215.7248,-0.127408
215.7412,-0.127412
215.7579,-0.127415
215.7745,-0.127419
215.7913,-0.127422
215.8082,-0.127424
215.8258,-0.127427
215.8423,-0.127431
215.8583,-0.127436
215.8744,-0.127442
215.8913,-0.127448
215.908,-0.127454
215.9249,-0.127461
215.942,-0.127469
215.959,-0.127476
215.9737,-0.127482
215.9921,-0.127488
216.0079,-0.127493
216.0252,-0.127499
216.0414,-0.127504
216.0582,-0.12751
216.0753,-0.127513
216.092,-0.127516
216.1085,-0.12752
216.1247,-0.127522
216.1419,-0.127524
216.1581,-0.127526
216.1746,-0.12753
216.192,-0.127534
216.2084,-0.12754
216.2253,-0.127546
216.2425,-0.127552
216.2586,-0.127559
216.2753,-0.127564
216.2919,-0.127571
216.3087,-0.127578
216.3253,-0.127584
216.3423,-0.12759
216.3589,-0.127593
216.3755,-0.127595
216.3921,-0.127596
216.4092,-0.127597
216.4252,-0.127597
216.4415,-0.127601
216.4584,-0.127604
216.4753,-0.127607
216.4923,-0.127612
216.5091,-0.127617
216.5258,-0.127625
216.5421,-0.127632
216.5585,-0.127641
216.5754,-0.127649
216.5915,-0.127656
216.6093,-0.127664
216.6254,-0.127673
216.6417,-0.127678
216.6584,-0.127685
216.6765,-0.127692
216.6924,-0.127696
216.7086,-0.127702
216.7257,-0.127707
216.7433,-0.127713
216.7593,-0.127717
216.7753,-0.12772
216.7924,-0.127726
216.8088,-0.127732
216.826,-0.127735
216.8424,-0.127738
216.8594,-0.127742
216.8756,-0.127746
216.8931,-0.127751
216.9088,-0.127755
216.9257,-0.12776
216.942,-0.127766
216.9589,-0.127773
216.9756,-0.127779
216.992,-0.127786
217.0089,-0.127791
217.0258,-0.127797
217.0422,-0.127804
217.0591,-0.127812
217.076,-0.12782
217.0928,-0.127829
217.1099,-0.127838
217.1266,-0.127849
217.1434,-0.127858
217.1598,-0.127865
217.1768,-0.127871
217.1935,-0.127876
217.2101,-0.127879
217.2271,-0.127881
217.2431,-0.127884
217.2605,-0.127886
217.2767,-0.127889
217.2935,-0.127892
217.31,-0.127894
217.3267,-0.127896
217.3439,-0.127898
217.3602,-0.127902
217.3767,-0.127908
217.3936,-0.127911
217.4108,-0.127915
217.4268,-0.127919
217.4438,-0.127924
217.4605,-0.127931
217.477,-0.127938
217.4933,-0.127946
217.5101,-0.127954
217.5277,-0.127964
217.5433,-0.127973
217.5602,-0.127981
217.5777,-0.12799
217.5944,-0.127997
217.6114,-0.128001
217.6271,-0.128005
217.6443,-0.128009
217.6616,-0.128014
217.678,-0.128022
217.6941,-0.128031
217.7106,-0.12804
217.7273,-0.128049
217.7449,-0.128055
217.761,-0.128063
217.7778,-0.128072
217.7948,-0.12808
217.8106,-0.128088
217.8276,-0.128094
217.8446,-0.1281
217.8613,-0.128106
217.8776,-0.128113
217.8939,-0.128123
217.9104,-0.128131
217.9272,-0.128137
217.9447,-0.128146
217.9609,-0.128154
217.9778,-0.128163
217.994,-0.128169
218.0105,-0.128175
218.0278,-0.128181
218.0441,-0.128187
218.0609,-0.128188
218.0769,-0.128193
218.0946,-0.128199
218.1104,-0.128205
218.1275,-0.128212
218.1438,-0.128221
218.1606,-0.128232
218.1766,-0.128242
218.1934,-0.128252
218.2115,-0.128261
218.2279,-0.128271
218.2447,-0.12828
218.2611,-0.128288
218.2775,-0.128295
218.2933,-0.128301
218.3105,-0.128308
218.327,-0.128316
218.3434,-0.128321
218.3604,-0.128326
218.377,-0.128329
218.3944,-0.128333
218.4111,-0.128338
218.4271,-0.128342
218.444,-0.128346
218.4604,-0.128349
218.4771,-0.128353
218.494,-0.128357
218.5108,-0.128365
218.5268,-0.128371
218.5433,-0.128377
218.5607,-0.128382
218.5778,-0.128387
218.5945,-0.128392
218.6109,-0.128399
218.627,-0.128406
218.6444,-0.12841
218.6605,-0.128415
218.6774,-0.128419
218.6946,-0.128425
218.711,-0.128433
218.7276,-0.128442
218.744,-0.128449
218.7604,-0.128456
218.7777,-0.128461
218.7946,-0.128467
218.811,-0.12847
218.8276,-0.128475
218.8447,-0.12848
218.8612,-0.128484
218.8775,-0.128488
218.894,-0.128492
218.9113,-0.128497
218.9281,-0.128503
218.9444,-0.128508
218.9614,-0.128514
218.978,-0.128518
218.9948,-0.128524
219.0115,-0.128529
219.028,-0.128535
219.045,-0.12854
219.0607,-0.128545
219.0779,-0.128552
219.0945,-0.128556
219.1115,-0.128564
219.1269,-0.128569
219.1441,-0.128576
219.1611,-0.12858
219.1776,-0.128586
219.1953,-0.128591
219.2116,-0.128597
219.2279,-0.128602
219.2444,-0.128606
219.2616,-0.128611
219.2781,-0.128615
219.2946,-0.128618
219.3116,-0.128621
219.3281,-0.128627
219.3448,-0.128632
219.3613,-0.128639
219.3779,-0.128645
219.3951,-0.128654
219.412,-0.128661
219.4277,-0.128666
219.4448,-0.128672
219.4611,-0.128675
219.4779,-0.12868
219.4946,-0.128685
219.5113,-0.128689
219.5285,-0.128692
219.5455,-0.128697
219.5618,-0.128702
219.5784,-0.128706
219.5951,-0.128711
219.6116,-0.128717
219.6286,-0.128724
219.6446,-0.128733
219.6615,-0.128742
219.6788,-0.128751
219.6952,-0.128756
219.7121,-0.128759
219.7291,-0.128761
219.7452,-0.128762
219.7618,-0.128762
219.778,-0.128765
219.7951,-0.128769
219.8122,-0.128774
219.8289,-0.128781
219.8449,-0.128789
219.8626,-0.128798
219.8794,-0.128808
219.8957,-0.128815
219.9122,-0.12882
219.9297,-0.128825
219.946,-0.128831
219.9623,-0.128835
219.9787,-0.128843
219.9955,-0.128848
220.013,-0.128853
220.0292,-0.12886
220.046,-0.128869
220.0629,-0.128876
220.0789,-0.128883
220.0961,-0.128888
220.1123,-0.128893
220.1292,-0.128897
220.1458,-0.1289
220.1627,-0.128903
220.1794,-0.128907
220.1953,-0.128909
220.2127,-0.128913
220.229,-0.128919
220.2456,-0.128924
220.2621,-0.128931
220.2785,-0.128938
220.2957,-0.128946
220.3129,-0.128956
220.3288,-0.128964
220.3465,-0.128971
220.3626,-0.128977
220.3798,-0.128986
220.3966,-0.128995
220.4126,-0.129001
220.4285,-0.129005
220.446,-0.129009
220.4629,-0.129014
220.4794,-0.129021
220.4957,-0.12903
220.5126,-0.129039
220.5298,-0.129046
220.5462,-0.129051
220.5632,-0.129054
220.58,-0.129058
220.5965,-0.129061
220.6132,-0.129064
220.6293,-0.129068
220.6463,-0.129073
220.6633,-0.129079
220.6796,-0.129087
220.6963,-0.129093
220.7128,-0.129101
220.7302,-0.129106
220.746,-0.129109
220.763,-0.129111
220.7788,-0.129116
220.7962,-0.129123
220.8124,-0.12913
220.8294,-0.129138
220.8467,-0.129146
220.8633,-0.129157
220.8797,-0.129166
220.8957,-0.129173
220.9133,-0.12918
220.93,-0.129183
220.9464,-0.129187
220.9628,-0.129192
220.9794,-0.129197
220.9965,-0.129203
221.0134,-0.129208
221.0284,-0.129215
221.0466,-0.129221
221.0633,-0.12923
221.0791,-0.129239
221.0958,-0.129247
221.1131,-0.129254
221.1292,-0.129257
221.1467,-0.129261
221.1633,-0.129266
221.1796,-0.12927
221.1961,-0.129276
221.2129,-0.129284
221.2297,-0.12929
221.2466,-0.129296
221.2626,-0.129303
221.28,-0.129309
221.2965,-0.129316
221.3122,-0.12932
221.3293,-0.129324
221.3465,-0.129327
221.3625,-0.12933
221.3801,-0.129333
221.396,-0.129335
221.4129,-0.129339
221.4292,-0.129344
221.4465,-0.129351
221.4624,-0.129357
221.4788,-0.129367
221.4968,-0.129377
221.5132,-0.129387
221.5299,-0.129395
221.5462,-0.1294
221.5636,-0.129404
221.5797,-0.129406
221.5965,-0.129411
221.6125,-0.129414
221.6292,-0.129418
221.6461,-0.129421
221.6625,-0.129426
221.6788,-0.129432
221.695,-0.129437
221.7117,-0.129441
221.7289,-0.129443
221.7446,-0.129446
221.762,-0.12945
221.7791,-0.129456
221.7955,-0.129463
221.812,-0.129469
221.8279,-0.129478
221.846,-0.129486
221.8615,-0.129491
221.8787,-0.129494
221.8949,-0.129496
221.9123,-0.129497
221.9283,-0.129498
221.9447,-0.1295
221.9613,-0.129501
221.9789,-0.129502
221.9948,-0.129503
222.0123,-0.129508
222.0292,-0.129514
222.0452,-0.12952
222.0616,-0.129525
222.0778,-0.12953
222.0955,-0.129535
222.1118,-0.12954
222.1281,-0.129543
222.145,-0.129548
222.1621,-0.129553
222.1786,-0.12956
222.1955,-0.129566
222.2118,-0.129572
222.2294,-0.129576
222.2457,-0.129578
222.2632,-0.129579
222.2793,-0.129582
222.2954,-0.129584
222.3124,-0.129586
222.3297,-0.129587
222.3459,-0.129587
222.363,-0.129589
222.3792,-0.129591
222.3961,-0.12959
222.4123,-0.12959
222.4291,-0.129592
222.4466,-0.129592
222.4628,-0.129592
222.4786,-0.129591
222.4961,-0.129594
222.5124,-0.129594
222.5291,-0.129594
222.545,-0.129596
222.5624,-0.1296
222.5787,-0.129604
222.5964,-0.129609
222.6115,-0.129616
222.6291,-0.129624
222.6452,-0.129632
222.6619,-0.129637
222.6795,-0.129642
222.6959,-0.129646
222.7131,-0.129646
222.7289,-0.129648
222.7454,-0.12965
222.7625,-0.129653
222.7782,-0.129657
222.7957,-0.129662
222.8122,-0.129668
222.829,-0.129674
222.8456,-0.129681
222.8626,-0.129691
222.8787,-0.129697
222.895,-0.129703
222.9125,-0.129709
222.9297,-0.129715
222.9467,-0.129721
222.9628,-0.129728
222.9789,-0.129734
222.9961,-0.12974
223.0124,-0.129743
223.0291,-0.129747
223.0464,-0.129751
223.063,-0.129755
223.0796,-0.129758
223.0957,-0.12976
223.113,-0.129763
223.1289,-0.129766
223.1458,-0.129773
223.1627,-0.129778
223.1791,-0.129785
223.1964,-0.129792
223.2136,-0.129799
223.2297,-0.129806
223.2463,-0.129814
223.263,-0.129822
223.2795,-0.129828
223.2958,-0.129834
223.3134,-0.129839
223.3301,-0.129845
223.3466,-0.129853
223.3626,-0.129857
223.3805,-0.129863
223.3966,-0.129867
223.4137,-0.129873
223.4308,-0.12988
223.4463,-0.129888
223.4634,-0.129892
223.48,-0.129899
223.4961,-0.129903
223.5132,-0.129907
223.5298,-0.129912
223.5468,-0.129918
223.5634,-0.129926
223.5796,-0.129933
223.5964,-0.12994
223.6133,-0.129948
223.6299,-0.129956
223.6463,-0.129964
223.6627,-0.129971
223.6798,-0.129978
223.6963,-0.129986
223.713,-0.129995
223.7303,-0.130003
223.7469,-0.130014
223.7633,-0.130023
223.7795,-0.130032
223.7967,-0.130041
223.8134,-0.130049
223.8306,-0.130057
223.8461,-0.130066
223.8636,-0.130073
223.8802,-0.130081
223.897,-0.130089
223.913,-0.130098
223.9304,-0.130109
223.9467,-0.130118
223.9635,-0.130124
223.9801,-0.13013
223.9966,-0.130135
224.0128,-0.130139
224.0303,-0.130142
224.0461,-0.130145
224.0628,-0.130148
224.0797,-0.13015
224.0968,-0.130156
224.1129,-0.130163
224.1297,-0.130172
224.1463,-0.130182
224.1636,-0.130191
224.1793,-0.1302
224.1962,-0.130208
224.2127,-0.130216
224.2294,-0.130225
224.2457,-0.130232
224.2629,-0.130239
224.2794,-0.130247
224.2962,-0.130253
224.313,-0.130259
224.329,-0.130264
224.3468,-0.130267
224.3622,-0.130272
224.3796,-0.130276
224.3967,-0.130284
224.4121,-0.130291
224.4288,-0.130297
224.4458,-0.130305
224.4626,-0.13031
224.4794,-0.130319
224.4966,-0.130328
224.5137,-0.130332
224.5295,-0.130336
224.5463,-0.130336
224.5632,-0.130335
224.5794,-0.130332
224.5959,-0.130332
224.6128,-0.130333
224.6296,-0.130334
224.6458,-0.130334
224.6624,-0.130338
224.679,-0.130343
224.6966,-0.130349
224.7126,-0.130354
224.7298,-0.130359
224.7462,-0.130364
224.7627,-0.130368
224.7791,-0.130371
224.7956,-0.130375
224.8127,-0.130377
224.8299,-0.130381
224.8457,-0.130387
224.8626,-0.130394
224.8793,-0.130397
224.8973,-0.1304
224.9136,-0.130402
224.9302,-0.130404
224.9462,-0.130408
224.9627,-0.13041
224.9796,-0.13041
224.9968,-0.130411
225.0138,-0.130412
225.0308,-0.130413
225.0463,-0.130414
225.0631,-0.130415
225.0803,-0.130416
225.0958,-0.130416
225.1136,-0.130418
225.13,-0.130421
225.1466,-0.130424
225.1629,-0.130429
225.1792,-0.130433
225.1962,-0.130436
225.213,-0.130443
225.2298,-0.130452
225.2465,-0.130459
225.2641,-0.130468
225.2804,-0.130476
225.2962,-0.130482
225.3128,-0.130489
225.3301,-0.130496
225.3467,-0.1305
225.3634,-0.130503
225.3805,-0.130507
225.397,-0.130512
225.4137,-0.130517
225.4303,-0.130521
225.4467,-0.130523
225.463,-0.130527
225.4802,-0.130531
225.4969,-0.130535
225.5132,-0.130538
225.5302,-0.130543
225.5465,-0.13055
225.563,-0.130557
225.5805,-0.130563
225.597,-0.13057
225.6149,-0.130576
225.6308,-0.130581
225.6475,-0.130586
225.6638,-0.130592
225.6804,-0.130599
225.6968,-0.130603
225.713,-0.130606
225.7304,-0.130609
225.7471,-0.130615
225.7637,-0.130618
225.7799,-0.130621
225.7963,-0.130625
225.813,-0.130628
225.8298,-0.130632
225.8467,-0.130638
225.8631,-0.130644
225.8803,-0.13065
225.8967,-0.130657
225.9133,-0.130662
225.931,-0.130669
225.9466,-0.130678
225.9635,-0.130688
225.9807,-0.130698
225.9957,-0.130708
226.0134,-0.130715
226.0306,-0.130722
226.0475,-0.130727
226.0641,-0.130731
226.0809,-0.130735
226.0968,-0.130738
226.1137,-0.130741
226.1304,-0.130744
226.1473,-0.130749
226.164,-0.130755
226.1812,-0.130762
226.1975,-0.130768
226.214,-0.130774
226.2305,-0.130779
226.2474,-0.130784
226.2638,-0.130788
226.2806,-0.130792
226.2971,-0.130794
226.3138,-0.130799
226.3309,-0.130802
226.3469,-0.130807
226.3642,-0.130813
226.3808,-0.130817
226.3972,-0.130823
226.4144,-0.130828
226.4309,-0.130835
226.4477,-0.13084
226.4642,-0.130846
226.4808,-0.130855
226.4972,-0.130863
226.5147,-0.130872
226.5315,-0.13088
226.5478,-0.130886
226.5648,-0.130894
226.5813,-0.1309
226.5983,-0.130903
226.6142,-0.130905
226.6318,-0.130905
226.6486,-0.130902
226.6651,-0.130901
226.6818,-0.130902
226.6974,-0.130905
226.7145,-0.130908
226.7306,-0.130915
226.7484,-0.130921
226.7655,-0.13093
226.7821,-0.13094
226.7981,-0.13095
226.8153,-0.130958
226.8323,-0.130964
226.8484,-0.13097
226.8661,-0.130975
226.8818,-0.130982
226.8997,-0.130987
226.9156,-0.130992
226.9333,-0.130996
226.9491,-0.130998
226.9658,-0.131
226.9827,-0.131004
226.9999,-0.13101
227.0157,-0.131014
227.0329,-0.131022
227.0494,-0.131029
227.0666,-0.131037
227.0838,-0.131044
227.0996,-0.131051
227.1168,-0.131053
227.1335,-0.131054
227.1496,-0.131056
227.1669,-0.131057
227.1833,-0.131059
227.1997,-0.131063
227.2168,-0.131067
227.2336,-0.131076
227.2495,-0.131086
227.267,-0.131098
227.2834,-0.131107
227.3004,-0.131115
227.3177,-0.131125
227.3341,-0.131135
227.3502,-0.131142
227.3667,-0.131148
227.3833,-0.131155
227.401,-0.13116
227.4169,-0.131167
227.4335,-0.131174
227.451,-0.131183
227.4669,-0.131193
227.4841,-0.131203
227.5007,-0.131211
227.5175,-0.131219
227.5342,-0.131225
227.5514,-0.131232
227.5672,-0.13124
227.5845,-0.131249
227.6014,-0.131259
227.6176,-0.131268
227.6347,-0.131277
227.651,-0.131288
227.6677,-0.131295
227.6843,-0.131302
227.701,-0.131308
227.7187,-0.131312
227.7348,-0.131316
227.7511,-0.131318
227.7677,-0.131323
227.7842,-0.131329
227.8015,-0.131336
227.8186,-0.131347
227.8357,-0.131359
227.8516,-0.131369
227.8684,-0.131381
227.8855,-0.131392
227.9021,-0.131403
227.9193,-0.131413
227.9349,-0.131422
227.9521,-0.131429
227.969,-0.131435
227.9851,-0.131441
228.0027,-0.131449
228.0193,-0.131456
228.0362,-0.131461
228.0524,-0.131467
228.0688,-0.131472
228.0865,-0.131477
228.1023,-0.131481
228.1183,-0.131487
228.1358,-0.131492
228.1519,-0.131496
228.1691,-0.131501
228.1861,-0.131508
228.2026,-0.131516
228.2193,-0.131521
228.2353,-0.131527
228.2519,-0.131533
228.2688,-0.131543
228.2859,-0.131552
228.3026,-0.131563
228.3196,-0.131573
228.3363,-0.131584
228.3524,-0.131597
228.3689,-0.13161
228.3866,-0.131622
228.4021,-0.131632
228.4191,-0.131641
228.436,-0.13165
228.4526,-0.131659
228.4693,-0.131667
228.4862,-0.131675
228.5027,-0.131683
228.5187,-0.13169
228.5357,-0.131697
228.5523,-0.131705
228.569,-0.131712
228.5865,-0.131722
228.6021,-0.131731
228.6181,-0.131739
228.636,-0.131749
228.6522,-0.131758
228.6695,-0.131768
228.6858,-0.131778
228.7035,-0.131787
228.7195,-0.131791
228.7352,-0.131797
228.7525,-0.131802
228.7691,-0.131809
228.7853,-0.131815
228.8022,-0.131826
228.8187,-0.131836
228.8356,-0.131845
228.8528,-0.131853
228.8687,-0.131864
228.8863,-0.131874
228.9021,-0.131882
228.9185,-0.13189
228.9353,-0.131898
228.9524,-0.131909
228.9692,-0.131918
228.9857,-0.131929
229.0019,-0.13194
229.0191,-0.131948
229.0357,-0.131957
229.0527,-0.131966
229.07,-0.131974
229.0858,-0.131982
229.1029,-0.131988
229.1202,-0.131995
229.1355,-0.132001
229.1526,-0.132008
229.1691,-0.132015
229.1864,-0.132021
229.2025,-0.132027
229.2191,-0.132033
229.236,-0.132037
229.2523,-0.132043
229.2693,-0.132048
229.2865,-0.132052
229.3027,-0.132056
229.3198,-0.132059
229.3363,-0.132062
229.3529,-0.132064
229.3692,-0.132068
229.3858,-0.132072
229.4018,-0.132076
229.4191,-0.132081
229.4348,-0.132088
229.4523,-0.132094
229.4691,-0.1321
229.4852,-0.132106
229.5025,-0.132114
229.5188,-0.132121
229.535,-0.132129
229.5529,-0.132136
229.569,-0.132145
229.5854,-0.132156
229.6021,-0.132167
229.6181,-0.132178
229.6357,-0.132187
229.6526,-0.132196
229.6693,-0.132203
229.685,-0.132209
229.7021,-0.132216
229.7191,-0.132218
229.7351,-0.132222
229.7525,-0.132225
229.7687,-0.132229
229.7861,-0.132232
229.8025,-0.132234
229.8194,-0.132236
229.8354,-0.13224
229.852,-0.132243
229.8693,-0.132248
229.8856,-0.132253
229.902,-0.132261
229.9192,-0.132267
229.9358,-0.13227
229.9522,-0.132274
229.9695,-0.132281
229.9854,-0.132286
230.0024,-0.132289
230.0184,-0.132292
230.0364,-0.132294
230.0522,-0.132296
230.0694,-0.132296
230.0855,-0.132297
230.1024,-0.132297
230.1189,-0.132297
230.1345,-0.132299
230.1521,-0.132301
230.1688,-0.132306
230.1855,-0.132312
230.2026,-0.132318
230.2188,-0.132323
230.2358,-0.132328
230.2525,-0.132332
230.2691,-0.132335
230.2851,-0.132336
230.3013,-0.132339
230.3185,-0.132343
230.3356,-0.132347
230.3519,-0.132353
230.3676,-0.132359
230.3852,-0.132365
230.4014,-0.132369
230.419,-0.132372
230.4355,-0.132376
230.4515,-0.132383
230.4691,-0.132386
230.4857,-0.132388
230.502,-0.132388
230.5186,-0.132389
230.5358,-0.132394
230.5521,-0.132397
230.5689,-0.1324
230.586,-0.132403
230.6023,-0.132408
230.6189,-0.132412
230.6353,-0.132414
230.6523,-0.132414
230.668,-0.132413
230.6858,-0.132415
230.7016,-0.132416
230.7177,-0.132419
230.735,-0.132422
230.7516,-0.132426
230.7691,-0.132431
230.7856,-0.132439
230.8024,-0.132447
230.8186,-0.132454
230.8356,-0.132462
230.8524,-0.132466
230.8691,-0.132469
230.8853,-0.132473
230.902,-0.132477
230.9188,-0.13248
230.9349,-0.132482
230.9516,-0.132484
230.9688,-0.132486
230.9852,-0.132488
231.0026,-0.13249
231.0188,-0.132494
231.0356,-0.132496
231.0522,-0.132499
231.0688,-0.132501
231.0847,-0.132504
231.1021,-0.132509
231.1178,-0.132512
231.1346,-0.132513
231.1512,-0.132515
231.1684,-0.132518
231.1852,-0.13252
231.2023,-0.132524
231.2185,-0.132531
231.2349,-0.132535
231.252,-0.132537
231.2684,-0.132541
231.285,-0.132547
231.3017,-0.132553
231.3177,-0.132558
231.3347,-0.132564
231.3516,-0.132569
231.3685,-0.132574
231.3848,-0.132579
231.4012,-0.132585
231.4178,-0.132589
231.4343,-0.132593
231.4517,-0.132598
231.4676,-0.132606
231.4843,-0.132616
231.5017,-0.132627
231.5172,-0.132638
231.5351,-0.132649
231.5515,-0.132658
231.5681,-0.132667
231.5843,-0.132673
231.6013,-0.13268
231.6185,-0.132686
231.6351,-0.132689
231.6507,-0.132691
231.6683,-0.132695
231.6848,-0.132699
231.701,-0.132703
231.7172,-0.132708
231.7339,-0.132714
231.7504,-0.132719
231.7685,-0.132727
231.7845,-0.132733
231.8007,-0.13274
231.8186,-0.132748
231.8339,-0.132754
231.8511,-0.13276
231.8679,-0.132767
231.8845,-0.132773
231.9019,-0.13278
231.9173,-0.132785
231.9337,-0.13279
231.951,-0.132795
231.9675,-0.1328
231.9841,-0.132805
232.001,-0.132811
232.0179,-0.132817
232.0344,-0.132822
232.0504,-0.132829
232.0674,-0.132833
232.0843,-0.132834
232.1,-0.132834
232.118,-0.132836
232.134,-0.132838
232.1498,-0.132842
232.1671,-0.132845
232.1837,-0.132847
232.2008,-0.132851
232.2167,-0.132857
232.2338,-0.132864
232.2501,-0.13287
232.2666,-0.132875
232.2836,-0.132881
232.3009,-0.13289
232.3174,-0.132899
232.3342,-0.132908
232.3508,-0.132914
232.3673,-0.132917
232.3848,-0.132918
232.4014,-0.132921
232.4174,-0.132922
232.4341,-0.13292
232.45,-0.132919
232.4673,-0.132919
232.4836,-0.13292
232.4999,-0.132922
232.5171,-0.132925
232.5339,-0.132928
232.55,-0.132933
232.5673,-0.132938
232.5842,-0.132942
232.5997,-0.132947
232.6174,-0.132949
232.6336,-0.132952
232.6504,-0.132953
232.6664,-0.132952
232.6834,-0.132953
232.699,-0.132956
232.7171,-0.13296
232.7332,-0.132964
232.7503,-0.13297
232.7666,-0.132976
232.7835,-0.132981
232.8004,-0.132986
232.8163,-0.132991
232.8331,-0.132996
232.8497,-0.133004
232.8666,-0.133009
232.8844,-0.133015
232.9007,-0.13302
232.9171,-0.133025
232.9338,-0.133031
232.9503,-0.133033
232.9673,-0.133032
232.983,-0.133032
233.0007,-0.13303
233.0166,-0.13303
233.0327,-0.133031
233.0497,-0.133032
233.0669,-0.133036
233.0835,-0.133042
233.1001,-0.13305
233.1165,-0.13306
233.1335,-0.133065
233.1507,-0.133072
233.1674,-0.133078
233.184,-0.133081
233.2005,-0.133084
233.217,-0.133086
233.2337,-0.133087
233.2504,-0.133089
233.2674,-0.133093
233.2836,-0.133098
233.2998,-0.1331
233.317,-0.133102
233.3333,-0.133107
233.3505,-0.133113
233.3664,-0.133119
233.384,-0.133125
233.4002,-0.13313
233.4168,-0.133135
233.4339,-0.133137
233.4502,-0.133139
233.4669,-0.133141
233.4837,-0.133142
233.5001,-0.133145
233.5169,-0.133148
233.5335,-0.133152
233.5501,-0.133156
233.5672,-0.133159
233.5833,-0.133164
233.6002,-0.133169
233.6166,-0.133174
233.6333,-0.133176
233.6504,-0.133179
233.6662,-0.133183
233.683,-0.133189
233.6993,-0.133194
233.7165,-0.133202
233.7337,-0.13321
233.7492,-0.133218
233.7664,-0.133225
233.7832,-0.133231
233.8,-0.133235
233.8174,-0.133239
233.8335,-0.133245
233.8499,-0.133248
233.8672,-0.133252
233.8833,-0.133258
233.9003,-0.133265
233.9168,-0.133272
233.933,-0.133277
233.9498,-0.133283
233.9666,-0.133289
233.9827,-0.133295
233.9997,-0.133301
234.016,-0.133308
234.0326,-0.133312
234.0489,-0.133317
234.0666,-0.133325
234.0834,-0.133333
234.0999,-0.133341
234.1153,-0.133347
234.1328,-0.133353
234.1498,-0.133357
234.166,-0.133361
234.1819,-0.133366
234.1985,-0.133372
234.2159,-0.133379
234.2327,-0.133387
234.2489,-0.133398
234.2658,-0.133409
234.2826,-0.133421
234.2993,-0.133428
234.3155,-0.133436
234.3329,-0.133443
234.3496,-0.13345
234.3652,-0.133456
234.3825,-0.133463
234.3988,-0.133469
234.4158,-0.133474
234.4323,-0.13348
234.4494,-0.133485
234.4655,-0.133489
234.4826,-0.133491
234.4991,-0.133493
234.5146,-0.133496
234.5318,-0.1335
234.5486,-0.133503
234.5653,-0.133507
234.5825,-0.133511
234.5989,-0.133517
234.6151,-0.133523
234.6321,-0.133527
234.6491,-0.133532
234.6658,-0.133538
234.6824,-0.133545
234.6988,-0.133553
234.7146,-0.133559
234.7313,-0.133563
234.7487,-0.133564
234.7645,-0.133568
234.7816,-0.133572
234.7978,-0.133576
234.8146,-0.13358
234.8312,-0.133585
234.8483,-0.13359
234.8655,-0.133595
234.882,-0.133602
234.8985,-0.133608
234.916,-0.133611
234.9313,-0.133613
234.9484,-0.133616
234.965,-0.133619
234.9821,-0.133624
234.9983,-0.133628
235.0153,-0.133633
235.0316,-0.133635
235.0481,-0.133637
235.0646,-0.133642
235.0811,-0.133648
235.0986,-0.133653
235.1154,-0.133657
235.1316,-0.133659
235.1491,-0.133661
235.1654,-0.133664
235.1807,-0.133664
235.1981,-0.133665
235.2145,-0.133666
235.2317,-0.133668
235.2479,-0.133672
235.265,-0.133678
235.2818,-0.133683
235.2977,-0.133688
235.3149,-0.133693
235.3316,-0.133696
235.3475,-0.133701
235.3649,-0.133705
235.3815,-0.133709
235.3983,-0.133714
235.4149,-0.133722
235.4312,-0.133729
235.4478,-0.133734
235.4646,-0.133738
235.4816,-0.133741
235.4985,-0.133745
235.5151,-0.133749
235.531,-0.133754
235.547,-0.133757
235.5639,-0.13376
235.5812,-0.133764
235.5976,-0.13377
235.6144,-0.133778
235.631,-0.133785
235.6475,-0.13379
235.6646,-0.133795
235.6813,-0.133802
235.6979,-0.133807
235.7141,-0.133812
235.731,-0.133815
235.7476,-0.133819
235.7642,-0.133822
235.7804,-0.133825
235.7969,-0.133827
235.8143,-0.13383
235.8315,-0.133831
235.8473,-0.133833
235.8645,-0.133837
235.8815,-0.13384
235.8977,-0.133845
235.9139,-0.133849
235.9309,-0.133856
235.9474,-0.133862
235.9635,-0.133869
235.9807,-0.133876
235.9966,-0.133884
236.0139,-0.13389
236.0302,-0.133893
236.0469,-0.133896
236.0638,-0.133898
236.0811,-0.1339
236.097,-0.133902
236.1135,-0.133906
236.1307,-0.133912
236.1475,-0.133918
236.1638,-0.133924
236.1804,-0.133932
236.197,-0.133938
236.213,-0.133943
236.2307,-0.133949
236.2478,-0.133955
236.2638,-0.133961
236.2805,-0.133967
236.2975,-0.133973
236.3141,-0.133979
236.3306,-0.133982
236.3469,-0.133985
236.3641,-0.133988
236.3812,-0.133992
236.3984,-0.133994
236.4141,-0.133993
236.4314,-0.133994
236.4465,-0.133996
236.4643,-0.133999
236.4807,-0.134
236.4971,-0.134003
236.5144,-0.134007
236.5317,-0.134009
236.5482,-0.134011
236.5643,-0.134013
236.5808,-0.134016
236.5983,-0.134019
236.6144,-0.134021
236.6311,-0.134025
236.6488,-0.134029
236.6648,-0.134031
236.6814,-0.134034
236.6985,-0.134038
236.7149,-0.134042
236.732,-0.134042
236.7487,-0.134044
236.7653,-0.134047
236.7815,-0.134052
236.7984,-0.134056
236.8151,-0.134063
236.8314,-0.134068
236.8485,-0.134071
236.8647,-0.134072
236.8822,-0.134073
236.8992,-0.134074
236.9147,-0.134077
236.9316,-0.134078
236.9483,-0.134079
236.9653,-0.13408
236.9816,-0.134083
236.9989,-0.134089
237.015,-0.134095
237.032,-0.134103
237.0482,-0.134111
237.0657,-0.134118
237.0819,-0.134127
237.0991,-0.134135
237.115,-0.134143
237.1325,-0.134152
237.1484,-0.134159
237.1656,-0.134165
237.1822,-0.134173
237.1988,-0.134178
237.216,-0.134182
237.2314,-0.134188
237.2491,-0.134194
237.2656,-0.134197
237.2819,-0.134201
237.2986,-0.134206
237.3157,-0.134212
237.3322,-0.134218
237.3483,-0.134226
237.3656,-0.134232
237.3822,-0.134239
237.3991,-0.134246
237.4169,-0.134255
237.4326,-0.134264
237.4488,-0.134272
237.4658,-0.13428
237.4825,-0.134287
237.4991,-0.134294
237.5163,-0.134302
237.533,-0.134308
237.5495,-0.134313
237.5657,-0.134317
237.5829,-0.134323
237.5991,-0.134326
237.6159,-0.13433
237.6322,-0.134333
237.6492,-0.134337
237.6654,-0.134342
237.6817,-0.13435
237.6994,-0.134357
237.716,-0.134368
237.7319,-0.134378
237.7486,-0.13439
237.7659,-0.1344
237.7823,-0.134407
237.7988,-0.134415
237.8165,-0.134424
237.8328,-0.134435
237.849,-0.134444
237.8655,-0.134454
237.8823,-0.134463
237.8983,-0.134471
237.9165,-0.134479
237.9337,-0.134488
237.9492,-0.134497
237.9654,-0.134506
237.982,-0.134515
237.9993,-0.134524
238.0164,-0.134533
238.0326,-0.134543
238.049,-0.134555
238.0656,-0.134566
238.0832,-0.134575
238.0991,-0.134583
238.1156,-0.134591
238.1331,-0.134599
238.1494,-0.134603
238.1652,-0.134608
238.182,-0.134613
238.1989,-0.134621
238.2153,-0.134631
238.2324,-0.134644
238.2484,-0.134658
238.266,-0.134672
238.2824,-0.134686
238.2996,-0.1347
238.3164,-0.134712
238.3326,-0.134723
238.3489,-0.134729
238.3661,-0.134735
238.3832,-0.134743
238.3994,-0.13475
238.4156,-0.13476
238.4319,-0.13477
238.4487,-0.134779
238.4652,-0.134789
238.4819,-0.134803
238.4991,-0.134819
238.5153,-0.134834
238.5325,-0.134849
238.5493,-0.13486
238.5662,-0.134869
238.5819,-0.134878
238.5991,-0.134885
238.6157,-0.134892
238.6319,-0.134898
238.6484,-0.134907
238.6655,-0.134916
238.6824,-0.134926
238.6988,-0.134938
238.7151,-0.134946
238.7318,-0.134953
238.7488,-0.134957
238.7654,-0.134965
238.7812,-0.134973
238.7972,-0.13498
238.8148,-0.134988
238.832,-0.134997
238.8488,-0.135009
238.8652,-0.135021
238.8825,-0.135033
238.8984,-0.135045
238.9156,-0.135056
238.9315,-0.135065
238.9496,-0.135074
238.9654,-0.135083
238.9828,-0.135093
238.9989,-0.135101
239.0159,-0.13511
239.0323,-0.135115
239.0487,-0.135121
239.0655,-0.135126
239.0814,-0.135132
239.0992,-0.135135
239.115,-0.135138
239.1326,-0.135143
239.148,-0.135149
239.1654,-0.135157
239.1824,-0.135164
239.1981,-0.135174
239.2164,-0.135183
239.2328,-0.135192
239.248,-0.135202
239.2658,-0.13521
239.2821,-0.135215
239.2974,-0.135216
239.3157,-0.13522
239.332,-0.135227
239.3483,-0.13523
239.365,-0.135235
239.3828,-0.13524
239.3991,-0.135245
239.4156,-0.135253
239.4318,-0.13526
239.4494,-0.135268
239.4658,-0.135275
239.482,-0.135282
239.4983,-0.135286
239.5152,-0.135289
239.5334,-0.135294
239.5491,-0.1353
239.5653,-0.135306
239.5817,-0.135311
239.5992,-0.135314
239.6158,-0.135318
239.6329,-0.135324
239.6488,-0.13533
239.666,-0.135336
239.6826,-0.135338
239.6994,-0.135341
239.716,-0.135341
239.7328,-0.135343
239.7493,-0.135344
239.7659,-0.135348
239.7828,-0.135354
239.7988,-0.13536
239.8154,-0.135366
239.8323,-0.13537
239.8494,-0.135375
239.866,-0.135379
239.8823,-0.135384
239.8987,-0.135389
239.9152,-0.135395
239.9326,-0.1354
239.9494,-0.135407
239.9652,-0.135414
239.9825,-0.135422
239.9994,-0.135431
240.016,-0.135439
240.0324,-0.135447
240.0492,-0.135454
240.0659,-0.135458
240.0833,-0.135462
240.0997,-0.135466
240.1156,-0.13547
240.1328,-0.135475
240.1496,-0.135481
240.1661,-0.135486
240.1826,-0.135492
240.1994,-0.135501
240.2156,-0.135505
240.2324,-0.135509
240.2494,-0.135513
240.2654,-0.135516
240.2828,-0.135518
240.2987,-0.135521
240.3162,-0.135524
240.3323,-0.135529
240.3494,-0.135536
240.3655,-0.135544
240.3822,-0.135554
240.3989,-0.135566
240.4162,-0.135579
240.4323,-0.135591
240.4494,-0.135602
240.466,-0.135613
240.4821,-0.135624
240.4996,-0.135634
240.5161,-0.135644
240.5336,-0.135654
240.5497,-0.135663
240.567,-0.135669
240.5827,-0.135676
240.6,-0.135682
240.6162,-0.13569
240.6333,-0.135701
240.65,-0.135708
240.6662,-0.135718
240.6836,-0.135728
240.6995,-0.135737
240.717,-0.135745
240.7332,-0.135753
240.7501,-0.135761
240.7665,-0.135768
240.7828,-0.135776
240.8,-0.135782
240.8166,-0.135791
240.8339,-0.1358
240.8495,-0.135811
240.8663,-0.135819
240.8833,-0.135828
240.8995,-0.135838
240.9167,-0.135846
240.9336,-0.135853
240.9494,-0.13586
240.9666,-0.135867
240.983,-0.135874
240.9998,-0.135882
241.0166,-0.135891
241.0339,-0.1359
241.0492,-0.13591
241.0658,-0.13592
241.0827,-0.135931
241.0993,-0.135941
241.1163,-0.13595
241.1331,-0.13596
241.1499,-0.135967
241.167,-0.135975
241.1833,-0.135983
241.2001,-0.135991
241.2168,-0.135999
241.233,-0.136005
241.2496,-0.13601
241.2661,-0.136016
241.2826,-0.136025
241.2995,-0.136033
241.3158,-0.136039
241.333,-0.136047
241.3495,-0.136055
241.3666,-0.13606
241.3826,-0.136065
241.4001,-0.136069
241.416,-0.136073
241.4325,-0.136079
241.4487,-0.136087
241.4662,-0.136096
241.4828,-0.136104
241.4996,-0.136111
241.5162,-0.136122
241.5326,-0.13613
241.5499,-0.136135
241.565,-0.136139
241.5826,-0.136143
241.5997,-0.136148
241.6154,-0.136153
241.6321,-0.136159
241.6496,-0.136165
241.6657,-0.136171
241.6831,-0.136179
241.6994,-0.136185
241.7163,-0.136193
241.7332,-0.136197
241.749,-0.1362
241.7665,-0.136204
241.783,-0.13621
241.7997,-0.136216
241.8157,-0.136222
241.8327,-0.136227
241.8488,-0.136231
241.8668,-0.136235
241.883,-0.136239
241.8997,-0.136245
241.9164,-0.136247
241.9327,-0.13625
241.9487,-0.136252
241.9666,-0.136256
241.9828,-0.136258
241.9992,-0.136262
242.0157,-0.136266
242.0319,-0.136271
242.05,-0.136274
242.0665,-0.136279
242.0835,-0.136283
242.0999,-0.136288
242.1163,-0.136295
242.1328,-0.136296
242.1504,-0.136298
242.1658,-0.136301
242.183,-0.136305
242.2001,-0.136309
242.2158,-0.136317
242.2332,-0.136322
242.2501,-0.136326
242.2671,-0.136332
242.2835,-0.136341
242.301,-0.136351
242.316,-0.136357
242.3328,-0.136362
242.3503,-0.136365
242.3671,-0.136369
242.3834,-0.136372
242.4,-0.136375
242.4167,-0.136378
242.4332,-0.136378
242.4505,-0.13638
242.4668,-0.136383
242.484,-0.136388
242.5006,-0.136393
242.5164,-0.136399
242.5334,-0.136403
242.5504,-0.136409
242.5669,-0.136415
242.584,-0.136423
242.6001,-0.136427
242.6173,-0.13643
242.6336,-0.136432
242.6507,-0.136436
242.668,-0.136441
242.6831,-0.136447
242.7008,-0.136453
242.7167,-0.136458
242.7343,-0.136465
242.7508,-0.136472
242.7672,-0.136481
242.7837,-0.136486
242.8007,-0.13649
242.8174,-0.136493
242.8344,-0.136498
242.8506,-0.136506
242.8672,-0.136516
242.8844,-0.136524
242.9007,-0.136533
242.9175,-0.136543
242.9344,-0.136552
242.951,-0.13656
242.9676,-0.136567
242.9842,-0.136572
243.0015,-0.136575
243.0178,-0.136579
243.0346,-0.136583
243.0509,-0.136589
243.0678,-0.136594
243.0844,-0.136599
243.1011,-0.136606
243.1179,-0.136614
243.1353,-0.136621
243.1513,-0.13663
243.168,-0.136639
243.1852,-0.136647
243.2019,-0.136654
243.2178,-0.136659
243.235,-0.136663
243.252,-0.136668
243.2687,-0.136673
243.2854,-0.136681
243.3021,-0.136691
243.3188,-0.136699
243.3354,-0.136707
243.3525,-0.136717
243.3687,-0.136724
243.3862,-0.136729
243.4024,-0.136733
243.4195,-0.136738
243.4359,-0.136742
243.4525,-0.136747
243.4687,-0.136754
243.4855,-0.136762
243.5029,-0.136771
243.5185,-0.136782
243.536,-0.136793
243.5532,-0.136803
243.5694,-0.136812
243.5865,-0.136821
243.6026,-0.136828
243.6192,-0.136834
243.6356,-0.136841
243.6532,-0.136846
243.6697,-0.136852
243.6859,-0.136854
243.703,-0.136857
243.7195,-0.136861
243.7355,-0.136866
243.7527,-0.13687
243.7688,-0.136878
243.7864,-0.136887
243.8026,-0.136899
243.8196,-0.136912
243.8361,-0.136923
243.8528,-0.136932
243.8703,-0.13694
243.8863,-0.13695
243.9029,-0.136959
243.9191,-0.136969
243.9363,-0.136979
243.9533,-0.13699
243.9704,-0.137004
243.9875,-0.137015
244.004,-0.137027
244.0208,-0.137034
244.0368,-0.137042
244.054,-0.137049
244.0695,-0.137055
244.0863,-0.137058
244.1036,-0.137063
244.12,-0.137069
244.1364,-0.137075
244.1531,-0.137084
244.1704,-0.137095
244.1873,-0.137103
244.2041,-0.137111
244.2204,-0.13712
244.2371,-0.137129
244.2535,-0.137138
244.271,-0.137149
244.287,-0.137158
244.3043,-0.137168
244.3209,-0.137179
244.3369,-0.13719
244.3541,-0.137201
244.3701,-0.137211
244.3876,-0.13722
244.4043,-0.137227
244.4207,-0.137236
244.437,-0.137241
244.4537,-0.137248
244.4713,-0.137256
244.4875,-0.137263
244.5039,-0.137271
244.5204,-0.137279
244.538,-0.137289
244.5538,-0.137299
244.5706,-0.137309
244.5875,-0.13732
244.6043,-0.137329
244.621,-0.137338
244.6371,-0.13735
244.6537,-0.137359
244.6714,-0.137369
244.6876,-0.13738
244.7039,-0.13739
244.7209,-0.137403
244.7374,-0.137415
244.7543,-0.137427
244.7715,-0.137438
244.7874,-0.137448
244.8048,-0.137455
244.821,-0.137464
244.8382,-0.137473
244.8544,-0.137482
244.8721,-0.137493
244.8881,-0.137504
244.9051,-0.137516
244.9216,-0.137524
244.938,-0.137533
244.9548,-0.137541
244.9712,-0.13755
244.9881,-0.137559
245.0048,-0.137569
245.0218,-0.137579
245.0381,-0.13759
245.055,-0.137601
245.0718,-0.137611
245.0879,-0.137619
245.1046,-0.137625
245.1221,-0.137633
245.1381,-0.137642
245.1541,-0.137649
245.1712,-0.137657
245.1884,-0.137665
245.2047,-0.137672
245.2216,-0.137679
245.2377,-0.137685
245.2544,-0.137692
245.2713,-0.137698
245.2876,-0.137705
245.3047,-0.137712
245.3206,-0.13772
245.3373,-0.13773
245.3541,-0.137741
245.3708,-0.137754
245.388,-0.137764
245.4038,-0.137775
245.421,-0.137786
245.4378,-0.137796
245.454,-0.137806
245.4709,-0.137816
245.4877,-0.137825
245.505,-0.137832
245.5211,-0.13784
245.538,-0.13785
245.5549,-0.137858
245.5713,-0.137864
245.5876,-0.137871
245.6049,-0.137878
245.6222,-0.137885
245.6373,-0.137893
245.6548,-0.137901
245.6712,-0.137908
245.6881,-0.137917
245.7045,-0.137925
245.722,-0.137933
245.7377,-0.137939
245.7547,-0.137946
245.7719,-0.137952
245.7876,-0.13796
245.8047,-0.137969
245.8215,-0.137977
245.8382,-0.137987
245.8553,-0.137996
245.8718,-0.138003
245.8889,-0.138009
245.9049,-0.138014
245.9214,-0.13802
245.9376,-0.138026
245.9545,-0.138032
245.9716,-0.138038
245.9883,-0.138044
246.0046,-0.138051
246.0209,-0.138058
246.0368,-0.138065
246.0542,-0.138071
246.0711,-0.138075
246.0873,-0.138081
246.1042,-0.138086
246.1202,-0.138093
246.1372,-0.138103
246.1539,-0.138115
246.1715,-0.138126
246.1868,-0.138142
246.2039,-0.138155
246.2211,-0.138169
246.2372,-0.138182
246.2548,-0.138192
246.271,-0.1382
246.2878,-0.138206
246.3048,-0.13821
246.3219,-0.138216
246.3377,-0.13822
246.3548,-0.138222
246.3721,-0.138225
246.3879,-0.138228
246.4053,-0.138231
246.4217,-0.138235
246.4383,-0.138237
246.454,-0.138238
246.4715,-0.138238
246.488,-0.13824
246.5051,-0.138243
246.5213,-0.138244
246.5382,-0.138245
246.5545,-0.138247
246.5715,-0.138248
246.5876,-0.138251
246.6043,-0.138255
246.6218,-0.138259
246.6373,-0.138264
246.6551,-0.138268
246.6716,-0.138273
246.6878,-0.138278
246.7047,-0.138283
246.721,-0.138289
246.7379,-0.138291
246.7543,-0.138294
246.7719,-0.138299
246.7877,-0.138303
246.8051,-0.138308
246.8219,-0.138312
246.8385,-0.138316
246.8553,-0.138323
246.8721,-0.138329
246.8892,-0.138336
246.9057,-0.13834
246.9218,-0.138346
246.939,-0.138351
246.9557,-0.138357
246.9723,-0.138363
246.9891,-0.138371
247.0052,-0.138378
247.0215,-0.138383
247.0382,-0.138387
247.0555,-0.13839
247.0723,-0.138393
247.0884,-0.138399
247.1055,-0.138404
247.1221,-0.13841
247.1386,-0.138416
247.155,-0.138421
247.1717,-0.138428
247.1888,-0.138437
247.205,-0.138445
247.2224,-0.138453
247.2381,-0.13846
247.2555,-0.138466
247.2724,-0.138475
247.2889,-0.138483
247.3053,-0.13849
247.322,-0.138499
247.3392,-0.138508
247.3559,-0.138518
247.3719,-0.13853
247.3889,-0.138541
247.4059,-0.138551
247.422,-0.13856
247.439,-0.13857
247.4555,-0.13858
247.4723,-0.138589
247.4888,-0.138596
247.5055,-0.138603
247.5223,-0.138608
247.5392,-0.138612
247.5564,-0.138618
247.573,-0.138626
247.5889,-0.138634
247.6065,-0.138643
247.6221,-0.138653
247.6387,-0.138665
247.6559,-0.138677
247.6721,-0.138689
247.6883,-0.138698
247.7053,-0.138706
247.7223,-0.138712
247.7381,-0.138715
247.755,-0.138722
247.7718,-0.138729
247.7883,-0.138737
247.805,-0.138745
247.8217,-0.138754
247.8388,-0.138765
247.8544,-0.138777
247.8714,-0.138787
247.8883,-0.138797
247.9042,-0.138807
247.9212,-0.138814
247.9375,-0.138818
247.9551,-0.138823
247.9713,-0.138829
247.9878,-0.138835
248.0041,-0.138841
248.0213,-0.138849
248.0378,-0.138856
248.0538,-0.138866
248.0704,-0.138874
248.0873,-0.138883
248.1034,-0.138894
248.1204,-0.138904
248.138,-0.138913
248.1546,-0.138922
248.1706,-0.138928
248.1876,-0.138935
248.2037,-0.13894
248.221,-0.138942
248.2374,-0.138947
248.2541,-0.138948
248.2705,-0.138952
248.2871,-0.138956
248.304,-0.138958
248.3203,-0.138961
248.337,-0.138964
248.3544,-0.138967
248.3702,-0.138972
248.387,-0.138973
248.4041,-0.138976
248.4205,-0.138982
248.4373,-0.138988
248.4536,-0.138996
248.4701,-0.139003
248.4873,-0.139008
248.5041,-0.139013
248.5211,-0.139018
248.5371,-0.139021
248.5539,-0.139025
248.5708,-0.139026
248.587,-0.139029
248.6031,-0.139034
248.6202,-0.139039
248.6374,-0.139045
248.6536,-0.139051
248.6703,-0.139056
248.6875,-0.139061
248.7036,-0.139064
248.7205,-0.139067
248.7366,-0.139071
248.754,-0.139074
248.7695,-0.139077
248.7864,-0.139082
248.8029,-0.139087
248.8197,-0.139094
248.8367,-0.1391
248.8528,-0.139108
248.8696,-0.139115
248.8866,-0.13912
248.9033,-0.139127
248.9195,-0.139131
248.9374,-0.139137
248.9532,-0.139144
248.9697,-0.139146
248.9874,-0.139148
249.0025,-0.13915
249.0203,-0.139152
249.0363,-0.139154
249.0528,-0.139156
249.0692,-0.139158
249.0868,-0.13916
249.103,-0.139161
249.1196,-0.139164
249.1365,-0.139167
249.1527,-0.13917
249.1692,-0.139173
249.1863,-0.139174
249.2029,-0.139176
249.2191,-0.139179
249.2363,-0.139183
249.2522,-0.139189
249.2692,-0.139193
249.2858,-0.139196
249.3033,-0.139202
249.3192,-0.139206
249.3359,-0.139209
249.3522,-0.13921
249.3688,-0.139211
249.3859,-0.139211
249.4015,-0.139214
249.4182,-0.139217
249.4358,-0.139221
249.4516,-0.139226
249.4693,-0.139232
249.4853,-0.139238
249.5023,-0.139242
249.5182,-0.139244
249.5355,-0.139246
249.5513,-0.139247
249.5691,-0.139251
249.5848,-0.139256
249.6022,-0.139262
249.6183,-0.139266
249.6349,-0.139271
249.6528,-0.139275
249.6683,-0.139281
249.685,-0.139286
249.7021,-0.13929
249.7183,-0.139294
249.735,-0.139299
249.7518,-0.139303
249.7688,-0.139307
249.7852,-0.139311
249.8023,-0.139316
249.8186,-0.139322
249.8351,-0.139326
249.8522,-0.13933
249.8689,-0.139334
249.8848,-0.139338
249.9023,-0.139339
249.918,-0.139341
249.9354,-0.139343
249.952,-0.139346
249.9682,-0.139348
249.9846,-0.139352
250.0017,-0.139358
250.0183,-0.139362
250.0352,-0.139368
250.0514,-0.139374
250.0689,-0.139381
250.0854,-0.139385
250.1023,-0.139389
250.1186,-0.139393
250.1356,-0.139399
250.1524,-0.139403
250.1689,-0.139409
250.1856,-0.139413
250.202,-0.139417
250.2189,-0.139419
250.2356,-0.139419
250.2529,-0.13942
250.2689,-0.139421
250.2854,-0.139421
250.3018,-0.139423
250.3184,-0.139426
250.3356,-0.139429
250.352,-0.139431
250.3684,-0.139438
250.3856,-0.139444
250.402,-0.139449
250.419,-0.139452
250.4357,-0.139456
250.4521,-0.13946
250.4686,-0.139463
250.4857,-0.139469
250.502,-0.139475
250.5186,-0.139479
250.5359,-0.139483
250.5523,-0.139488
250.5691,-0.139493
250.5859,-0.139499
250.6027,-0.139504
250.6182,-0.139509
250.636,-0.139514
250.6532,-0.139518
250.6692,-0.139524
250.6853,-0.139529
250.7028,-0.139535
250.7198,-0.139539
250.736,-0.139544
250.7531,-0.13955
250.7694,-0.139556
250.7854,-0.139563
250.8025,-0.139569
250.8193,-0.139575
250.8366,-0.139578
250.852,-0.139582
250.8696,-0.139588
250.886,-0.139593
250.902,-0.139596
250.9184,-0.139601
250.9355,-0.13961
250.9525,-0.139619
250.9687,-0.13963
250.9849,-0.13964
251.0022,-0.139648
251.0194,-0.139656
251.0353,-0.139662
251.0523,-0.139668
251.0689,-0.139673
251.0854,-0.139679
251.1021,-0.139687
251.1188,-0.139694
251.1353,-0.139701
251.1521,-0.139711
251.1692,-0.139721
251.1851,-0.13973
251.2025,-0.13974
251.219,-0.139749
251.2348,-0.139758
251.2517,-0.139768
251.2683,-0.139778
251.285,-0.139786
251.3012,-0.139795
251.3181,-0.139802
251.3351,-0.139809
251.3522,-0.139817
251.3685,-0.139825
251.385,-0.139833
251.4013,-0.139843
251.4187,-0.139851
251.4346,-0.139858
251.4512,-0.139867
251.468,-0.139874
251.4854,-0.139882
251.5016,-0.139888
251.5177,-0.139897
251.5341,-0.139901
251.5508,-0.139906
251.5676,-0.139911
251.585,-0.139917
251.6008,-0.139926
251.6166,-0.139935
251.6345,-0.139943
251.6514,-0.139952
251.6676,-0.139962
251.6848,-0.139974
251.701,-0.139984
251.7178,-0.139991
251.7343,-0.139998
251.7515,-0.140007
251.7679,-0.140015
251.7852,-0.140023
251.8016,-0.140031
251.8188,-0.14004
251.8348,-0.140048
251.8518,-0.140056
251.8691,-0.140063
251.8849,-0.140069
251.9022,-0.140074
251.918,-0.140077
251.9349,-0.140079
251.9509,-0.140082
251.9683,-0.140089
251.9854,-0.140096
252.0011,-0.140102
252.0181,-0.140107
252.0341,-0.140113
252.0515,-0.140119
252.0676,-0.140123
252.0842,-0.14013
252.1013,-0.140134
252.1182,-0.140139
252.1343,-0.140145
252.1513,-0.140149
252.1687,-0.140154
252.1848,-0.140158
252.2015,-0.140164
252.2185,-0.140171
252.2348,-0.140179
252.2515,-0.140184
252.2686,-0.140189
252.2856,-0.140194
252.3018,-0.140198
252.3185,-0.140203
252.3349,-0.140209
252.352,-0.140213
252.3686,-0.140216
252.3852,-0.140221
252.4022,-0.140227
252.4189,-0.140233
252.4352,-0.14024
252.4516,-0.140246
252.4684,-0.140251
252.4846,-0.140254
252.5023,-0.140259
252.5186,-0.140264
252.535,-0.140271
252.5523,-0.140277
252.569,-0.140285
252.5852,-0.14029
252.602,-0.140296
252.6184,-0.140303
252.635,-0.14031
252.652,-0.140318
252.6691,-0.140326
252.6853,-0.140332
252.7015,-0.140339
252.7193,-0.140344
252.7354,-0.140351
252.7521,-0.14036
252.7686,-0.14037
252.7858,-0.140379
252.8023,-0.140388
252.8188,-0.140395
252.8357,-0.140403
252.8517,-0.140411
252.8692,-0.140417
252.886,-0.140422
252.902,-0.140427
252.9196,-0.140431
252.9357,-0.140439
252.9519,-0.140447
252.969,-0.140456
252.9857,-0.140464
253.0025,-0.140471
253.02,-0.140479
253.0358,-0.140485
253.0529,-0.140494
253.0691,-0.140502
253.0855,-0.14051
253.1029,-0.140518
253.1199,-0.140528
253.1357,-0.140539
253.1529,-0.140551
253.1687,-0.140559
253.1857,-0.140564
253.2029,-0.14057
253.2193,-0.140575
253.2355,-0.140582
253.2521,-0.140593
253.2687,-0.140603
253.2853,-0.140611
253.3021,-0.140621
253.3183,-0.140633
253.3356,-0.140643
253.3525,-0.14065
253.3685,-0.140657
253.3859,-0.140663
253.4026,-0.140667
253.4195,-0.140674
253.4359,-0.140683
253.4523,-0.140692
253.4689,-0.140702
253.4857,-0.140712
253.5024,-0.140722
253.5188,-0.140732
253.5354,-0.14074
253.5528,-0.140745
253.5696,-0.140749
253.5856,-0.140753
253.6025,-0.140757
253.6186,-0.140761
253.6357,-0.140763
253.6521,-0.140767
253.6689,-0.140773
253.6857,-0.140781
253.7027,-0.140792
253.7185,-0.1408
253.736,-0.140806
253.7523,-0.140812
253.7692,-0.140818
253.7859,-0.140824
253.8019,-0.140832
253.8193,-0.140837
253.8362,-0.140843
253.8522,-0.140847
253.8697,-0.140853
253.8865,-0.140861
253.9027,-0.140869
253.9196,-0.140876
253.9358,-0.140884
253.9532,-0.140891
253.9695,-0.140898
253.9871,-0.140904
254.003,-0.140907
254.0198,-0.14091
254.0371,-0.140914
254.0539,-0.140917
254.0702,-0.140918
254.0868,-0.140923
254.104,-0.140926
254.1204,-0.140932
254.137,-0.140937
254.1533,-0.140944
254.1704,-0.140948
254.1866,-0.14095
254.2038,-0.140956
254.2208,-0.140961
254.2372,-0.140969
254.2543,-0.140976
254.2709,-0.140986
254.2873,-0.140995
254.3039,-0.141003
254.3208,-0.141012
254.3379,-0.14102
254.3546,-0.141028
254.3708,-0.141035
254.3875,-0.141043
254.4042,-0.141049
254.4208,-0.141055
254.4376,-0.141061
254.4547,-0.141067
254.4717,-0.141074
254.4877,-0.141082
254.505,-0.141092
254.5219,-0.141101
254.5386,-0.141109
254.5548,-0.141117
254.5714,-0.141127
254.5885,-0.141136
254.6049,-0.141143
254.6211,-0.141151
254.6386,-0.141158
254.6546,-0.141169
254.6713,-0.141177
254.6881,-0.141187
254.7046,-0.141197
254.7218,-0.141207
254.7386,-0.141218
254.7552,-0.141227
254.7723,-0.141238
254.789,-0.141246
254.8063,-0.141254
254.8219,-0.14126
254.8386,-0.141267
254.8554,-0.141275
254.8722,-0.141285
254.8882,-0.141293
254.9053,-0.141302
254.9221,-0.141312
254.9385,-0.141322
254.9557,-0.141331
254.9725,-0.141341
254.9892,-0.141351
255.0056,-0.141361
255.0225,-0.14137
255.039,-0.141378
255.0558,-0.141386
255.0724,-0.141396
255.0896,-0.141407
255.1056,-0.14142
255.1224,-0.141431
255.1394,-0.141441
255.1561,-0.141451
255.1721,-0.141463
255.1894,-0.141475
255.2059,-0.141488
255.2226,-0.1415
255.2392,-0.141512
255.256,-0.141525
255.2719,-0.141535
255.2893,-0.141547
255.3058,-0.141556
255.3223,-0.141564
255.3393,-0.141575
255.3556,-0.141587
255.3722,-0.141599
255.3893,-0.141613
255.4061,-0.141626
255.4225,-0.141638
255.4395,-0.141652
255.4561,-0.141666
255.4725,-0.14168
255.489,-0.141693
255.5052,-0.141704
255.5221,-0.141716
255.5389,-0.14173
255.556,-0.141741
255.5723,-0.141753
255.5888,-0.141762
255.6062,-0.141772
255.6228,-0.141782
255.639,-0.141794
255.655,-0.141807
255.6723,-0.141819
255.6888,-0.141831
255.7047,-0.141847
255.7226,-0.141865
255.739,-0.141882
255.7552,-0.141899
255.7726,-0.141911
255.7889,-0.141921
255.8056,-0.14193
255.8222,-0.141941
255.8394,-0.14195
255.8551,-0.141958
255.8721,-0.141968
255.8895,-0.14198
255.9057,-0.141991
255.9221,-0.142002
255.9398,-0.142013
255.956,-0.142022
255.9727,-0.14203
255.9896,-0.142039
256.0055,-0.142047
256.023,-0.142055
256.0389,-0.142066
256.0554,-0.142077
256.0725,-0.142085
256.0892,-0.142091
256.1071,-0.142098
256.1226,-0.142105
256.1393,-0.142112
256.1559,-0.142118
256.1727,-0.142124
256.1898,-0.142129
256.2062,-0.142133
256.2229,-0.142137
256.24,-0.142143
256.2563,-0.142149
256.2728,-0.142154
256.2895,-0.14216
256.3057,-0.142163
256.3234,-0.142168
256.3396,-0.142173
256.3567,-0.142179
256.373,-0.142187
256.3904,-0.142191
256.4069,-0.142194
256.4229,-0.1422
256.4399,-0.142206
256.4567,-0.142212
256.4729,-0.142219
256.4902,-0.142227
256.507,-0.142233
256.5235,-0.14224
256.5406,-0.142249
256.5564,-0.142254
256.5733,-0.14226
256.5906,-0.142265
256.6066,-0.142272
256.6239,-0.142277
256.6399,-0.142283
256.6567,-0.142288
256.6731,-0.142294
256.6908,-0.142299
256.7077,-0.142307
256.7243,-0.142316
256.7406,-0.142322
256.7569,-0.142327
256.7742,-0.14233
256.7911,-0.142333
256.8076,-0.142335
256.8242,-0.142339
256.8413,-0.142344
256.8569,-0.142351
256.8742,-0.142358
256.8902,-0.142365
256.9073,-0.142374
256.9238,-0.142384
256.9407,-0.142392
256.9576,-0.142399
256.9747,-0.142406
256.9909,-0.142413
257.0084,-0.142417
257.0242,-0.142423
257.0413,-0.14243
257.0578,-0.142439
257.0749,-0.142449
257.092,-0.142456
257.1081,-0.142464
257.1241,-0.142472
257.141,-0.142479
257.1588,-0.142486
257.175,-0.142492
257.1918,-0.142497
257.2078,-0.142503
257.2248,-0.14251
257.2415,-0.142519
257.2578,-0.142531
257.2755,-0.142542
257.2906,-0.142553
257.3084,-0.142563
257.3251,-0.142572
257.3423,-0.142582
257.3582,-0.142589
257.3748,-0.142597
257.3918,-0.142604
257.4089,-0.142611
257.4254,-0.142618
257.4416,-0.142626
257.4589,-0.142632
257.4759,-0.142639
257.4921,-0.142645
257.5092,-0.142651
257.5252,-0.142657
257.5414,-0.142666
257.559,-0.142676
257.5753,-0.142689
257.5928,-0.142699
257.6092,-0.142711
257.6259,-0.142721
257.6426,-0.142731
257.6595,-0.142742
257.6751,-0.142752
257.6926,-0.142761
257.7097,-0.142768
257.7255,-0.142775
257.7428,-0.142781
257.7593,-0.14279
257.7753,-0.142798
257.792,-0.142806
257.8082,-0.142818
257.8249,-0.142829
257.842,-0.142838
257.859,-0.142847
257.8753,-0.142856
257.8925,-0.142866
257.9088,-0.142874
257.9254,-0.142881
257.9426,-0.142891
257.9597,-0.142903
257.9759,-0.142914
257.992,-0.142928
258.0091,-0.142938
258.027,-0.142947
258.0424,-0.142956
258.0585,-0.142965
258.0763,-0.142973
258.0926,-0.142978
258.109,-0.142985
258.1266,-0.142994
258.1421,-0.143
258.1585,-0.143007
258.1751,-0.143014
258.1922,-0.143022
258.2094,-0.143033
258.2252,-0.143044
258.243,-0.143053
258.2596,-0.143061
258.2761,-0.143068
258.2926,-0.143073
258.3091,-0.143079
258.3255,-0.143082
258.3429,-0.143085
258.3589,-0.143089
258.3748,-0.143093
258.3919,-0.143097
258.4089,-0.143102
258.4258,-0.14311
258.442,-0.143118
258.4592,-0.143127
258.4758,-0.143135
258.4926,-0.143146
258.5095,-0.143156
258.5251,-0.143167
258.5421,-0.143177
258.559,-0.143184
258.5767,-0.143192
258.5928,-0.1432
258.6099,-0.143207
258.6265,-0.143212
258.6424,-0.143215
258.6598,-0.14322
258.6767,-0.143225
258.6929,-0.143231
258.7094,-0.143238
258.7259,-0.143247
258.7426,-0.143254
258.7595,-0.143264
258.7765,-0.143275
258.7927,-0.143286
258.8102,-0.143296
258.827,-0.143306
258.8428,-0.143315
258.8598,-0.143322
258.8772,-0.143329
258.893,-0.143334
258.9099,-0.143339
258.9268,-0.143345
258.9432,-0.14335
258.9604,-0.143356
258.9769,-0.143363
258.9932,-0.14337
259.0098,-0.143375
259.0269,-0.143378
259.0433,-0.14338
259.0602,-0.143384
259.0768,-0.14339
259.0931,-0.143396
259.1097,-0.143401
259.1266,-0.143406
259.1437,-0.143411
259.1597,-0.143417
259.1761,-0.143423
259.1933,-0.143429
259.2095,-0.143433
259.2259,-0.143439
259.243,-0.143444
259.2596,-0.14345
259.2757,-0.143457
259.2923,-0.143466
259.3097,-0.143475
259.3255,-0.143482
259.3428,-0.143487
259.3596,-0.143494
259.3759,-0.143502
259.3923,-0.143508
259.4091,-0.143515
259.4263,-0.143521
259.4429,-0.143528
259.4601,-0.143536
259.4758,-0.143543
259.493,-0.14355
259.5096,-0.14356
259.5261,-0.143568
259.5427,-0.143574
259.5596,-0.14358
259.5771,-0.143585
259.5933,-0.143591
259.6094,-0.143596
259.6257,-0.143603
259.644,-0.143606
259.6594,-0.14361
259.6765,-0.143614
259.6937,-0.143619
259.7104,-0.143626
259.7268,-0.143631
259.7434,-0.143636
259.7594,-0.143641
259.7769,-0.143647
259.7935,-0.143654
259.8104,-0.143661
259.8272,-0.143668
259.8442,-0.143675
259.8601,-0.143681
259.8763,-0.143688
259.8937,-0.143695
259.9102,-0.1437
259.9268,-0.143708
259.944,-0.143717
259.9603,-0.143726
259.9774,-0.143733
259.9934,-0.14374
260.0102,-0.143747
260.0273,-0.143755
260.0438,-0.143763
260.0602,-0.14377
260.0775,-0.143776
260.0942,-0.143781
260.1107,-0.143786
260.1271,-0.143794
260.144,-0.143799
260.1611,-0.143804
260.1769,-0.143811
260.1944,-0.143818
260.2107,-0.143825
260.2274,-0.143833
260.2434,-0.143841
260.2598,-0.143848
260.2771,-0.143855
260.2936,-0.143861
260.3098,-0.143869
260.3265,-0.143878
260.3432,-0.143889
260.3597,-0.143902
260.3764,-0.143917
260.3932,-0.143932
260.4105,-0.143945
260.4272,-0.143959
260.4437,-0.143971
260.4596,-0.143983
260.4768,-0.143993
260.4936,-0.144001
260.5107,-0.144008
260.5266,-0.144017
260.5437,-0.144025
260.5601,-0.144035
260.5763,-0.144046
260.5934,-0.144057
260.6101,-0.144069
260.6258,-0.144081
260.6434,-0.144093
260.6593,-0.144105
260.6771,-0.144118
260.6931,-0.144128
260.7101,-0.144138
260.7259,-0.144146
260.743,-0.144156
260.7596,-0.144163
260.7755,-0.144171
260.7928,-0.144179
260.8096,-0.144188
260.8262,-0.144195
260.8425,-0.144204
260.859,-0.144213
260.8755,-0.144222
260.8929,-0.144232
260.9094,-0.144243
260.9262,-0.144253
260.9421,-0.144261
260.9595,-0.144271
260.9762,-0.14428
260.9922,-0.144286
261.0085,-0.14429
261.025,-0.144295
261.0421,-0.144301
261.0594,-0.144304
261.0744,-0.144312
261.0914,-0.144318
261.1085,-0.144324
261.1253,-0.14433
261.1408,-0.144338
261.1586,-0.144346
261.1758,-0.144355
261.1907,-0.144361
261.2078,-0.144369
261.2242,-0.144378
261.2412,-0.144386
261.2576,-0.144394
261.2737,-0.1444
261.2914,-0.144407
261.3073,-0.144413
261.324,-0.144421
261.3404,-0.144429
261.3571,-0.144436
261.3747,-0.144441
261.391,-0.144446
261.4078,-0.144452
261.4244,-0.144456
261.4406,-0.144459
261.457,-0.144462
261.474,-0.144465
261.4908,-0.144468
261.5068,-0.144471
261.5239,-0.144475
261.5406,-0.144478
261.5567,-0.144481
261.5733,-0.144483
261.5908,-0.144486
261.6066,-0.144489
261.6224,-0.144492
261.6398,-0.144495
261.6564,-0.144498
261.6731,-0.144503
261.6898,-0.144509
261.7059,-0.144518
261.7229,-0.144524
261.7397,-0.144531
261.7564,-0.144538
261.7733,-0.144545
261.7899,-0.14455
261.8062,-0.144555
261.8232,-0.144559
261.84,-0.144562
261.856,-0.144564
261.8734,-0.144569
261.8891,-0.144575
261.9065,-0.14458
261.9241,-0.144583
261.94,-0.144585
261.956,-0.144587
261.9725,-0.144586
261.9895,-0.144584
262.0063,-0.144579
262.0231,-0.144577
262.0399,-0.144573
262.0561,-0.144571
262.0728,-0.144572
262.089,-0.144571
262.1066,-0.144573
262.1225,-0.144578
262.1395,-0.144585
262.156,-0.14459
262.173,-0.144594
262.1897,-0.144598
262.2066,-0.144601
262.223,-0.144604
262.2403,-0.144608
262.2563,-0.14461
262.2728,-0.144609
262.2898,-0.14461
262.3074,-0.14461
262.3238,-0.14461
262.3392,-0.14461
262.3565,-0.14461
262.373,-0.144611
262.3894,-0.144611
262.4067,-0.144613
262.4227,-0.144616
262.4399,-0.144618
262.4562,-0.144622
262.4733,-0.144626
262.49,-0.144631
262.5064,-0.144634
262.5227,-0.144636
262.54,-0.14464
262.5562,-0.144646
262.5739,-0.144651
262.591,-0.144657
262.6073,-0.144662
262.6233,-0.144664
262.6403,-0.144665
262.6567,-0.144665
262.6735,-0.144666
262.6893,-0.144669
262.7063,-0.144672
262.7229,-0.144675
262.7397,-0.144678
262.7568,-0.144679
262.7733,-0.144682
262.7897,-0.144685
262.8071,-0.144689
262.8233,-0.144693
262.8392,-0.144698
262.8562,-0.144706
262.8732,-0.144713
262.8899,-0.144723
262.9071,-0.144733
262.9236,-0.144744
262.9402,-0.144752
262.9559,-0.14476
262.9743,-0.144768
262.9903,-0.144773
263.0068,-0.144779
263.0231,-0.144786
263.0404,-0.144792
263.057,-0.144799
263.0734,-0.144805
263.0898,-0.144811
263.1068,-0.144818
263.1234,-0.144826
263.1404,-0.144833
263.1568,-0.144837
263.1731,-0.144842
263.1908,-0.144846
263.2066,-0.144857
263.2229,-0.144866
263.2399,-0.144877
263.2572,-0.144889
263.2733,-0.144898
263.2906,-0.144908
263.307,-0.144918
263.3235,-0.144925
263.3412,-0.14493
263.3573,-0.144937
263.3732,-0.144944
263.3899,-0.144952
263.4069,-0.144961
263.4241,-0.144967
263.4406,-0.144976
263.4571,-0.144985
263.4734,-0.144992
263.4901,-0.144999
263.5061,-0.145005
263.5236,-0.14501
263.54,-0.145018
263.5572,-0.145027
263.5731,-0.145038
263.5895,-0.145048
263.6063,-0.145057
263.6234,-0.145068
263.6399,-0.14508
263.6567,-0.145094
263.6724,-0.145106
263.6901,-0.145118
263.7064,-0.145128
263.7235,-0.145138
263.7397,-0.145146
263.7556,-0.145152
263.7735,-0.145158
263.7897,-0.145162
263.8057,-0.145166
263.8219,-0.145169
263.8384,-0.145172
263.8558,-0.145176
263.8722,-0.145181
263.8889,-0.145189
263.9053,-0.145199
263.9216,-0.145209
263.9385,-0.145219
263.9558,-0.14523
263.9725,-0.14524
263.9886,-0.145249
264.006,-0.145256
264.0222,-0.145263
264.0393,-0.14527
264.0557,-0.145276
264.0723,-0.145283
264.0883,-0.145292
264.106,-0.145299
264.1219,-0.145309
264.1392,-0.145317
264.1562,-0.145326
264.1724,-0.145333
264.1888,-0.145339
264.2061,-0.145347
264.2222,-0.145355
264.2391,-0.14536
264.2565,-0.145368
264.2732,-0.145374
264.2901,-0.145381
264.3062,-0.145389
264.3224,-0.145394
264.3394,-0.145402
264.3556,-0.14541
264.3729,-0.145418
264.3896,-0.145425
264.4058,-0.145432
264.4231,-0.145439
264.4401,-0.145446
264.4561,-0.145453
264.4733,-0.145459
264.4902,-0.145462
264.5068,-0.145466
264.5238,-0.145468
264.5407,-0.145469
264.5566,-0.14547
264.5726,-0.145473
264.5896,-0.145478
264.6064,-0.145485
264.623,-0.145493
264.6393,-0.145503
264.657,-0.145513
264.6734,-0.145521
264.6901,-0.145532
264.7074,-0.145539
264.7236,-0.145547
264.7397,-0.145553
264.7563,-0.145558
264.7739,-0.145562
264.7895,-0.145567
264.807,-0.145575
264.8234,-0.145582
264.8396,-0.145589
264.8569,-0.145594
264.8733,-0.145602
264.8907,-0.145613
264.9071,-0.145626
264.9231,-0.145639
264.9401,-0.145651
264.9565,-0.145663
264.9746,-0.145674
264.9904,-0.145685
265.0069,-0.145696
265.0232,-0.145704
265.0406,-0.145713
265.0569,-0.14572
265.0735,-0.145729
265.0905,-0.145739
265.1069,-0.145749
265.1246,-0.14576
265.1404,-0.145772
265.1569,-0.145785
265.1743,-0.145798
265.1905,-0.145809
265.2069,-0.145819
265.2249,-0.145829
265.2406,-0.145839
265.2568,-0.145848
265.273,-0.145856
265.2905,-0.145865
265.3081,-0.145872
265.3242,-0.145883
265.3407,-0.145893
265.3576,-0.145903
265.3742,-0.145909
265.3905,-0.145916
265.4077,-0.145925
265.4228,-0.145936
265.4407,-0.145945
265.4568,-0.145956
265.474,-0.145967
265.4911,-0.145979
265.5082,-0.145992
265.5237,-0.146
265.5405,-0.146007
265.5575,-0.146013
265.5741,-0.146019
265.5906,-0.146026
265.6068,-0.146034
265.6242,-0.146043
265.6411,-0.146051
265.6576,-0.14606
265.6747,-0.146069
265.6907,-0.146078
265.7071,-0.146087
265.7242,-0.146096
265.7404,-0.146106
265.7574,-0.146117
265.7742,-0.14613
265.7907,-0.146142
265.808,-0.146153
265.8241,-0.146163
265.8412,-0.146174
265.8578,-0.146183
265.8743,-0.146192
265.8908,-0.1462
265.9084,-0.146209
265.9247,-0.146215
265.9411,-0.14622
265.9583,-0.146225
265.9744,-0.146231
265.9913,-0.146236
266.0071,-0.146242
266.0244,-0.146247
266.0406,-0.146252
266.0579,-0.146257
266.0741,-0.146265
266.0914,-0.146276
266.1074,-0.146286
266.124,-0.146293
266.1409,-0.146299
266.1582,-0.146306
266.1748,-0.146314
266.1916,-0.146322
266.2082,-0.146332
266.2247,-0.14634
266.2411,-0.146348
266.2587,-0.146355
266.275,-0.146363
266.2924,-0.146372
266.3082,-0.146379
266.3254,-0.146384
266.3413,-0.146389
266.3582,-0.146396
266.3743,-0.146403
266.3918,-0.146412
266.4079,-0.146424
266.4254,-0.146436
266.4425,-0.146448
266.4589,-0.14646
266.4757,-0.146469
266.4923,-0.146477
266.5088,-0.146485
266.5252,-0.146493
266.5424,-0.1465
266.5598,-0.146507
266.5757,-0.146512
266.5921,-0.146521
266.609,-0.146531
266.6258,-0.146544
266.6427,-0.146555
266.6589,-0.146566
266.6759,-0.146579
266.6935,-0.146589
266.7097,-0.1466
266.7261,-0.14661
266.7432,-0.146619
266.7603,-0.146627
266.7769,-0.146631
266.7941,-0.146635
266.8098,-0.146639
266.8262,-0.146641
266.843,-0.14664
266.8593,-0.146643
266.8763,-0.146648
266.8936,-0.146655
266.9096,-0.146662
266.9256,-0.146671
266.9427,-0.146683
266.9603,-0.146695
266.9757,-0.146709
266.9926,-0.146723
267.0102,-0.146737
267.0262,-0.146749
267.0435,-0.146761
267.0601,-0.146774
267.0771,-0.146784
267.0935,-0.146793
267.1099,-0.146802
267.1266,-0.14681
267.144,-0.146818
267.1597,-0.146829
267.1762,-0.146841
267.1935,-0.146852
267.2094,-0.146864
267.2261,-0.146878
267.2437,-0.146893
267.2592,-0.146908
267.2767,-0.146921
267.2935,-0.146934
267.3101,-0.146942
267.3264,-0.14695
267.3437,-0.146959
267.3595,-0.146969
267.3758,-0.146977
267.3928,-0.146987
267.4093,-0.146997
267.426,-0.14701
267.4429,-0.147023
267.4593,-0.147038
267.4766,-0.147055
267.493,-0.14707
267.5095,-0.147084
267.5259,-0.147099
267.5429,-0.147115
267.56,-0.147128
267.5762,-0.147141
267.5927,-0.147153
267.6098,-0.147164
267.6258,-0.147171
267.6438,-0.147177
267.659,-0.147181
267.6759,-0.147186
267.6927,-0.147192
267.7088,-0.147201
267.7248,-0.14721
267.742,-0.14722
267.7591,-0.147231
267.7756,-0.147241
267.792,-0.147253
267.8087,-0.147265
267.8256,-0.147277
267.8424,-0.147285
267.8584,-0.147298
267.8753,-0.147311
267.8923,-0.147323
267.9092,-0.147336
267.9253,-0.147349
267.9423,-0.147364
267.9588,-0.147377
267.976,-0.14739
267.9928,-0.147399
268.0089,-0.147408
268.0253,-0.147419
268.0417,-0.147427
268.0582,-0.147434
268.0751,-0.147442
268.0921,-0.14745
268.1091,-0.147455
268.1257,-0.147463
268.1421,-0.147472
268.1588,-0.14748
268.175,-0.147488
268.1927,-0.147494
268.2091,-0.147499
268.2266,-0.147506
268.2426,-0.147515
268.2592,-0.147524
268.2751,-0.14753
268.2925,-0.147537
268.309,-0.147546
268.3251,-0.147555
268.3428,-0.147563
268.3594,-0.147571
268.376,-0.147579
268.3919,-0.147588
268.4086,-0.147599
268.425,-0.147607
268.4424,-0.147615
268.4595,-0.147622
268.4768,-0.147629
268.4928,-0.147635
268.5091,-0.147643
268.5252,-0.147648
268.5428,-0.147652
268.5589,-0.147656
268.5757,-0.147661
268.5927,-0.147665
268.6096,-0.147671
268.6256,-0.147677
268.6425,-0.147683
268.659,-0.14769
268.6755,-0.147696
268.6926,-0.147702
268.7092,-0.147708
268.7262,-0.147714
268.7423,-0.14772
268.7592,-0.147726
268.776,-0.147732
268.7926,-0.14774
268.8088,-0.147749
268.8261,-0.147758
268.8424,-0.147765
268.8591,-0.14777
268.8759,-0.147775
268.8927,-0.147779
268.9097,-0.147787
268.9258,-0.147794
268.9425,-0.147802
268.9594,-0.147809
268.9758,-0.147816
268.9934,-0.147824
269.01,-0.147832
269.0263,-0.147839
269.0438,-0.147845
269.0597,-0.147852
269.0766,-0.147857
269.0932,-0.147862
269.1104,-0.147868
269.127,-0.147873
269.144,-0.14788
269.1603,-0.147889
269.1769,-0.147898
269.1935,-0.147907
269.2103,-0.147917
269.2269,-0.147923
269.2436,-0.14793
269.2606,-0.147937
269.2766,-0.147943
269.2932,-0.14795
269.3098,-0.147959
269.3274,-0.147966
269.344,-0.147973
269.3596,-0.147982
269.3772,-0.147991
269.3937,-0.147999
269.4102,-0.148007
269.4266,-0.148013
269.4435,-0.148021
269.4604,-0.148028
269.4771,-0.148036
269.4943,-0.148044
269.5108,-0.148052
269.5271,-0.148058
269.5446,-0.148062
269.5604,-0.14807
269.5769,-0.148076
269.5939,-0.148083
269.6099,-0.148091
269.6273,-0.148099
269.6436,-0.14811
269.6604,-0.148121
269.677,-0.148131
269.6939,-0.148143
269.7102,-0.148153
269.7274,-0.148165
269.7443,-0.148176
269.7601,-0.148187
269.7768,-0.148197
269.7939,-0.148206
269.8109,-0.148217
269.8269,-0.148228
269.8435,-0.148238
269.8605,-0.148246
269.8762,-0.148254
269.8937,-0.148261
269.91,-0.148269
269.9267,-0.148278
269.9424,-0.148286
269.9597,-0.148292
269.9764,-0.148299
269.9932,-0.14831
270.0107,-0.148319
270.0266,-0.148331
270.0432,-0.148341
270.0595,-0.14835
270.0771,-0.14836
270.0925,-0.14837
270.1104,-0.148381
270.1262,-0.148391
270.1418,-0.1484
270.16,-0.148409
270.1765,-0.148419
270.1921,-0.148431
270.2095,-0.148442
270.2269,-0.148452
270.2432,-0.14846
270.2602,-0.148468
270.2769,-0.148477
270.2924,-0.148486
270.3097,-0.148491
270.3264,-0.148498
270.3434,-0.148503
270.36,-0.14851
270.3763,-0.14852
270.3926,-0.148528
270.4103,-0.148534
270.4259,-0.148538
270.4432,-0.148545
270.4604,-0.148552
270.477,-0.148559
270.4935,-0.148565
270.5096,-0.148569
270.5262,-0.148572
270.5436,-0.148575
270.5598,-0.148578
270.576,-0.148582
270.5924,-0.148586
270.6095,-0.148591
270.6267,-0.148598
270.6435,-0.148608
270.6602,-0.148617
270.6766,-0.148624
270.6935,-0.14863
270.7107,-0.148635
270.7267,-0.14864
270.743,-0.148645
270.7593,-0.148651
270.7765,-0.148658
270.7932,-0.148661
270.81,-0.148667
270.8269,-0.148673
270.8438,-0.14868
270.8604,-0.148686
270.8769,-0.148692
270.8935,-0.148698
270.9097,-0.148703
270.9269,-0.148708
270.9432,-0.148711
270.9597,-0.148715
270.976,-0.148722
270.9933,-0.148728
271.0104,-0.148734
271.0262,-0.148742
271.043,-0.148749
271.0606,-0.148757
271.0765,-0.148766
271.093,-0.148773
271.1104,-0.148782
271.1273,-0.148789
271.1434,-0.148798
271.1602,-0.148807
271.1769,-0.148815
271.1936,-0.148824
271.2108,-0.148835
271.2271,-0.148844
271.2436,-0.148851
271.2602,-0.14886
271.2772,-0.148869
271.2936,-0.148878
271.3104,-0.148887
271.3268,-0.148894
271.3435,-0.148901
271.3603,-0.148907
271.3766,-0.148916
271.3943,-0.148927
271.4099,-0.148937
271.4274,-0.148949
271.4427,-0.148963
271.4604,-0.148972
271.4771,-0.148981
271.4931,-0.148993
271.5102,-0.149002
271.5269,-0.149011
271.5432,-0.149019
271.56,-0.149024
271.5771,-0.14903
271.5938,-0.149037
271.6097,-0.149046
271.6268,-0.149058
271.6442,-0.149069
271.6602,-0.149079
271.6765,-0.14909
271.6936,-0.1491
271.7102,-0.149109
271.727,-0.149117
271.7437,-0.149124
271.7607,-0.14913
271.7773,-0.149137
271.7932,-0.149146
271.8099,-0.149157
271.8261,-0.149164
271.8433,-0.149172
271.8606,-0.14918
271.8765,-0.149188
271.8944,-0.149197
271.9105,-0.149206
271.9269,-0.149213
271.9437,-0.149221
271.9591,-0.149229
271.9763,-0.149237
271.9931,-0.149246
272.0101,-0.149254
272.0266,-0.149263
272.0433,-0.14927
272.0602,-0.149277
272.0769,-0.149285
272.0931,-0.149292
272.1104,-0.149299
272.1265,-0.149309
272.1438,-0.149318
272.1599,-0.149327
272.1767,-0.149337
272.1928,-0.149346
272.2101,-0.149358
272.2272,-0.149367
272.2432,-0.14938
272.2603,-0.149391
272.2768,-0.149399
272.2933,-0.149405
272.3103,-0.14941
272.3278,-0.149417
272.3436,-0.149422
272.3597,-0.14943
272.3769,-0.149436
272.393,-0.149446
272.41,-0.149454
272.427,-0.149463
272.4439,-0.149471
272.4599,-0.149481
272.4772,-0.149489
272.4933,-0.149496
272.5098,-0.149503
272.5265,-0.14951
272.5436,-0.149517
272.5606,-0.149522
272.5769,-0.149528
272.5934,-0.149536
272.6105,-0.149544
272.6272,-0.149552
272.6444,-0.149563
272.6609,-0.149575
272.6776,-0.149586
272.6938,-0.149595
272.7105,-0.149601
272.7272,-0.149607
272.7442,-0.14961
272.76,-0.149615
272.7771,-0.14962
272.7935,-0.149625
272.8101,-0.149631
272.827,-0.149641
272.8441,-0.149653
272.8607,-0.149663
272.8768,-0.149674
272.8932,-0.149681
272.9108,-0.149688
272.9276,-0.149697
272.9431,-0.149705
272.9605,-0.149714
272.977,-0.149722
272.9943,-0.14973
273.0106,-0.149735
273.0276,-0.149745
273.0435,-0.149754
273.0605,-0.149762
273.0774,-0.149771
273.0942,-0.14978
273.1109,-0.14979
273.127,-0.149802
273.1442,-0.149813
273.1613,-0.149823
273.1776,-0.149832
273.1947,-0.14984
273.2108,-0.149848
273.2271,-0.149859
273.2445,-0.149867
273.2614,-0.149877
273.2778,-0.149887
273.2947,-0.149896
273.3119,-0.149906
273.3283,-0.149916
273.3446,-0.149924
273.3608,-0.149933
273.3782,-0.14994
273.3948,-0.149948
273.412,-0.149954
273.4275,-0.149958
273.4448,-0.149963
273.4617,-0.149968
273.4782,-0.149975
273.4942,-0.149982
273.5113,-0.14999
273.5286,-0.149998
273.5453,-0.150005
273.5613,-0.150013
273.5779,-0.15002
273.595,-0.150023
273.612,-0.150026
273.6274,-0.15003
273.6441,-0.150036
273.661,-0.150043
273.677,-0.150053
273.6943,-0.150064
273.7108,-0.150077
273.728,-0.150091
273.7449,-0.150104
273.7614,-0.150117
273.7777,-0.150125
273.7945,-0.150137
273.8117,-0.150147
273.8285,-0.150157
273.8447,-0.150167
273.8612,-0.150177
273.8789,-0.150186
273.8947,-0.150196
273.9113,-0.150208
273.928,-0.150219
273.9445,-0.150228
273.9618,-0.150234
273.9787,-0.15024
273.9954,-0.150246
274.0115,-0.150256
274.0284,-0.150265
274.0448,-0.150273
274.0615,-0.150283
274.0786,-0.150292
274.0953,-0.150303
274.1125,-0.150315
274.1281,-0.150325
274.1458,-0.150336
274.162,-0.150347
274.1788,-0.150357
274.1948,-0.150367
274.2107,-0.150379
274.2281,-0.15039
274.2445,-0.150402
274.2615,-0.150414
274.2782,-0.150426
274.2952,-0.150437
274.3123,-0.150444
274.3286,-0.150451
274.3449,-0.150458
274.3618,-0.150464
274.3788,-0.15047
274.3948,-0.15048
274.4117,-0.150492
274.4284,-0.150503
274.4448,-0.150514
274.4618,-0.150527
274.4785,-0.150537
274.4954,-0.150546
274.5113,-0.150556
274.5287,-0.150565
274.5453,-0.150573
274.5617,-0.150581
274.5784,-0.150593
274.5948,-0.150603
274.611,-0.150614
274.6282,-0.150625
274.6455,-0.150638
274.6623,-0.150647
274.678,-0.150657
274.6951,-0.150666
274.7117,-0.150674
274.7289,-0.150682
274.7448,-0.150689
274.7627,-0.150697
274.7782,-0.150706
274.7943,-0.150715
274.812,-0.150725
274.8291,-0.150738
274.8446,-0.150749
274.8622,-0.150761
274.8782,-0.150773
274.8955,-0.150785
274.9123,-0.150796
274.9286,-0.150808
274.9456,-0.150818
274.9622,-0.150827
274.9798,-0.150832
274.9951,-0.150839
275.0124,-0.150848
275.029,-0.150857
275.0452,-0.150867
275.0618,-0.150878
275.0782,-0.150891
275.0955,-0.150905
275.1117,-0.150919
275.1289,-0.150933
275.1449,-0.150949
275.162,-0.150964
275.1788,-0.150976
275.1961,-0.150987
275.2129,-0.150995
275.2293,-0.151004
275.2459,-0.151014
275.2623,-0.151025
275.2788,-0.151035
275.2957,-0.151042
275.3121,-0.15105
275.3288,-0.151058
275.346,-0.151067
275.3615,-0.151078
275.3787,-0.151089
275.3951,-0.151097
275.4127,-0.151106
275.4293,-0.151117
275.4462,-0.151129
275.4623,-0.151141
275.4794,-0.151153
275.4967,-0.151165
275.5121,-0.151177
275.5295,-0.151193
275.5461,-0.15121
275.563,-0.151226
275.5796,-0.151242
275.5961,-0.151255
275.6134,-0.151269
275.6302,-0.151279
275.6472,-0.151288
275.663,-0.151297
275.6804,-0.151304
275.697,-0.15131
275.7127,-0.15132
275.7293,-0.15133
275.7462,-0.151342
275.7629,-0.151354
275.7795,-0.151365
275.7964,-0.151376
275.8122,-0.151386
275.8299,-0.151396
275.8467,-0.151406
275.8634,-0.151417
275.8793,-0.151428
275.897,-0.151438
275.9128,-0.151449
275.9297,-0.151459
275.9465,-0.151472
275.9629,-0.151486
275.9795,-0.151498
275.9963,-0.151513
276.0129,-0.151529
276.0299,-0.151543
276.0461,-0.151555
276.0631,-0.151568
276.0799,-0.151579
276.0966,-0.151589
276.1129,-0.151599
276.1294,-0.151609
276.1461,-0.151618
276.1632,-0.151626
276.1794,-0.151635
276.1967,-0.151644
276.2134,-0.151654
276.2292,-0.151666
276.2461,-0.15168
276.263,-0.151695
276.2794,-0.151709
276.2962,-0.151723
276.3128,-0.151741
276.33,-0.151758
276.346,-0.151773
276.3629,-0.151787
276.3798,-0.151798
276.397,-0.151809
276.4131,-0.15182
276.4295,-0.15183
276.4466,-0.151836
276.4622,-0.151841
276.4795,-0.151845
276.4962,-0.151851
276.5131,-0.151858
276.5292,-0.151867
276.5459,-0.151875
276.562,-0.151885
276.5795,-0.151896
276.5953,-0.151908
276.6125,-0.151922
276.6292,-0.151933
276.6465,-0.151943
276.663,-0.151953
276.6789,-0.151963
276.6959,-0.151973
276.713,-0.151985
276.7288,-0.151996
276.7454,-0.152004
276.7633,-0.152014
276.7794,-0.152026
276.7955,-0.152039
276.8124,-0.152053
276.829,-0.152066
276.8458,-0.15208
276.8633,-0.152092
276.8794,-0.152104
276.8961,-0.152114
276.913,-0.152123
276.9295,-0.15213
276.9458,-0.152137
276.963,-0.152146
276.9786,-0.152155
276.9958,-0.152165
277.0121,-0.152173
277.029,-0.152182
277.0464,-0.152192
277.0625,-0.152204
277.0793,-0.152216
277.0954,-0.15223
277.1129,-0.15224
277.1298,-0.152248
277.1462,-0.152257
277.1629,-0.152265
277.1798,-0.15227
277.1963,-0.152276
277.2119,-0.15228
277.2295,-0.152284
277.2455,-0.152288
277.2629,-0.152294
277.2787,-0.152302
277.2957,-0.152309
277.3117,-0.152316
277.3294,-0.152323
277.346,-0.152332
277.3621,-0.152342
277.3791,-0.152352
277.3952,-0.15236
277.4128,-0.152367
277.4291,-0.152374
277.4458,-0.15238
277.4619,-0.152385
277.4784,-0.152393
277.4953,-0.152401
277.512,-0.152409
277.5288,-0.152418
277.5452,-0.152428
277.5625,-0.15244
277.5783,-0.152451
277.5961,-0.152461
277.6118,-0.152468
277.6288,-0.152476
277.6452,-0.152483
277.6623,-0.152489
277.6786,-0.152495
277.6945,-0.152502
277.7119,-0.152511
277.729,-0.15252
277.7445,-0.152529
277.7616,-0.15254
277.7783,-0.152554
277.7947,-0.152566
277.812,-0.152577
277.8282,-0.152587
277.8453,-0.152599
277.8623,-0.15261
277.8788,-0.152621
277.8956,-0.15263
277.9119,-0.152637
277.9281,-0.152645
277.9448,-0.152654
277.9614,-0.152663
277.9788,-0.152674
277.9943,-0.152683
278.0114,-0.15269
278.0281,-0.152698
278.045,-0.152706
278.0612,-0.152713
278.0778,-0.152721
278.0943,-0.152728
278.1113,-0.152735
278.1284,-0.152743
278.1446,-0.152754
278.1613,-0.152765
278.1785,-0.152774
278.1947,-0.152779
278.2118,-0.152785
278.2287,-0.152789
278.2452,-0.152792
278.262,-0.152796
278.2777,-0.1528
278.2941,-0.152805
278.3111,-0.152812
278.3288,-0.15282
278.3448,-0.152828
278.3616,-0.152837
278.3781,-0.152845
278.3948,-0.152852
278.4112,-0.152856
278.4282,-0.152862
278.4451,-0.15287
278.4612,-0.152877
278.4781,-0.152884
278.4953,-0.152893
278.5121,-0.152899
278.5283,-0.152904
278.5447,-0.152912
278.5617,-0.152919
278.5785,-0.152927
278.5954,-0.152933
278.6116,-0.152937
278.6288,-0.152941
278.6456,-0.152946
278.6615,-0.152953
278.6789,-0.152958
278.6952,-0.152964
278.7121,-0.152969
278.7288,-0.152975
278.7454,-0.152986
278.7618,-0.152995
278.7782,-0.153002
278.7958,-0.153005
278.8122,-0.15301
278.8286,-0.153017
278.8453,-0.153025
278.8623,-0.153032
278.8784,-0.15304
278.8959,-0.153049
278.9124,-0.153056
278.9292,-0.153064
278.9454,-0.153071
278.9617,-0.153081
278.9796,-0.153089
278.9955,-0.153098
279.0132,-0.153106
279.0287,-0.153113
279.046,-0.153118
279.0627,-0.153125
279.079,-0.153132
279.0959,-0.153136
279.1118,-0.153142
279.1288,-0.153148
279.1456,-0.153157
279.1624,-0.153167
279.1792,-0.153178
279.1962,-0.153189
279.2129,-0.153199
279.2292,-0.153208
279.246,-0.153216
279.2625,-0.153224
279.2791,-0.15323
279.296,-0.153237
279.313,-0.153244
279.3291,-0.153251
279.3467,-0.153259
279.3628,-0.153269
279.3803,-0.153279
279.3967,-0.153288
279.4134,-0.153299
279.4301,-0.153309
279.446,-0.153319
279.4633,-0.153327
279.4794,-0.153337
279.4972,-0.153346
279.5131,-0.153355
279.5305,-0.153363
279.5472,-0.153372
279.5641,-0.153381
279.5798,-0.153388
279.5973,-0.153398
279.6132,-0.153408
279.6303,-0.153417
279.6461,-0.153428
279.663,-0.153441
279.6805,-0.153454
279.6974,-0.153469
279.7136,-0.153481
279.7299,-0.153493
279.7476,-0.153503
279.7645,-0.153513
279.7807,-0.153523
279.7972,-0.153533
279.8139,-0.153544
279.8306,-0.153555
279.8474,-0.153566
279.8639,-0.15358
279.8809,-0.153593
279.8979,-0.153607
279.9144,-0.153621
279.9314,-0.153632
279.948,-0.153643
279.9651,-0.153653
279.9818,-0.153662
279.9978,-0.153673
280.0137,-0.153685
280.0315,-0.153698
280.0481,-0.153711
280.0643,-0.153727
280.0822,-0.153743
280.0988,-0.153757
280.115,-0.153767
280.1313,-0.153777
280.1482,-0.153788
280.1637,-0.153799
280.1805,-0.153812
280.1973,-0.153825
280.2141,-0.153838
280.2318,-0.15385
280.2478,-0.153865
280.2649,-0.153882
280.2807,-0.153897
280.2972,-0.15391
280.3145,-0.153924
280.3303,-0.153937
280.3472,-0.153952
280.3637,-0.153967
280.3806,-0.153982
280.3971,-0.153997
280.4135,-0.154012
280.4303,-0.154027
280.447,-0.154043
280.4632,-0.154059
280.4803,-0.154074
280.4971,-0.154091
280.5134,-0.154111
280.5306,-0.154129
280.5471,-0.154145
280.5633,-0.154162
280.58,-0.154181
280.5975,-0.154197
280.6136,-0.154213
280.6304,-0.154228
280.6468,-0.154242
280.6634,-0.154258
280.6803,-0.15427
280.6975,-0.154286
280.7137,-0.154299
280.7301,-0.154314
280.7473,-0.154327
280.7632,-0.154342
280.78,-0.154355
280.7964,-0.154369
280.8137,-0.154382
280.83,-0.154397
280.8471,-0.154409
280.8639,-0.15442
280.8796,-0.154429
280.8963,-0.154436
280.9136,-0.154446
280.9295,-0.154456
280.9464,-0.154466
280.9625,-0.154474
280.9794,-0.154484
280.9964,-0.154496
281.0123,-0.154507
281.0287,-0.154519
281.0457,-0.154529
281.0635,-0.154538
281.0793,-0.154549
281.096,-0.15456
281.1128,-0.154575
281.1292,-0.154587
281.1455,-0.154596
281.163,-0.154607
281.1793,-0.154619
281.196,-0.154629
281.2122,-0.154639
281.2302,-0.154648
281.2461,-0.154653
281.2621,-0.154659
281.2794,-0.154665
281.2959,-0.154672
281.3131,-0.154678
281.3291,-0.154685
281.3449,-0.154692
281.3621,-0.154697
281.3794,-0.154701
281.3961,-0.154706
281.4124,-0.154714
281.4293,-0.154721
281.4468,-0.15473
281.4616,-0.154738
281.4792,-0.154746
281.4962,-0.154751
281.5128,-0.154755
281.5298,-0.154758
281.5457,-0.154761
281.5626,-0.154763
281.5792,-0.154766
281.5954,-0.154772
281.6123,-0.154776
281.629,-0.154783
281.6456,-0.154792
281.6623,-0.154801
281.6792,-0.154809
281.6951,-0.154817
281.7127,-0.154823
281.7297,-0.15483
281.7455,-0.15484
281.7623,-0.154847
281.7787,-0.154853
281.7966,-0.154857
281.8129,-0.154862
281.8297,-0.154867
281.8463,-0.154872
281.8619,-0.154876
281.8787,-0.15488
281.8964,-0.154884
281.9121,-0.154892
281.9286,-0.1549
281.9457,-0.15491
281.963,-0.154919
281.9805,-0.154927
281.9963,-0.154932
282.0127,-0.154939
282.0296,-0.154944
282.0462,-0.154948
282.063,-0.154954
282.0792,-0.154962
282.0966,-0.154972
282.1133,-0.15498
282.1299,-0.154989
282.1466,-0.154997
282.1631,-0.155005
282.1789,-0.155014
282.1968,-0.155022
282.2134,-0.155029
282.2294,-0.155039
282.2469,-0.155048
282.2634,-0.155055
282.2804,-0.155061
282.2964,-0.155069
282.3139,-0.155076
282.3299,-0.155083
282.3457,-0.155091
282.3639,-0.1551
282.3799,-0.155107
282.3968,-0.155115
282.4142,-0.155125
282.4305,-0.155135
282.4468,-0.155142
282.4629,-0.155152
282.4805,-0.155158
282.4967,-0.155167
282.5142,-0.155176
282.5307,-0.155185
282.5466,-0.155195
282.5644,-0.155205
282.5807,-0.155215
282.596,-0.155224
282.6139,-0.155234
282.6305,-0.155244
282.6476,-0.155252
282.6642,-0.155261
282.6808,-0.155272
282.6976,-0.155282
282.7141,-0.155292
282.7311,-0.155305
282.7476,-0.155318
282.7643,-0.155331
282.7804,-0.155342
282.7974,-0.155355
282.8143,-0.155365
282.8315,-0.155377
282.8476,-0.155388
282.8642,-0.155399
282.8813,-0.155408
282.8975,-0.155416
282.9152,-0.155425
282.9311,-0.155435
282.9482,-0.155444
282.9644,-0.155456
282.9811,-0.15547
282.9968,-0.155483
283.0144,-0.155494
283.0312,-0.155506
283.0477,-0.155517
283.0644,-0.155528
283.0814,-0.155542
283.0978,-0.155554
283.1142,-0.155564
283.131,-0.155574
283.1485,-0.155583
283.1647,-0.155597
283.1812,-0.155612
283.1978,-0.155627
283.2149,-0.155639
283.2317,-0.15565
283.2486,-0.15566
283.265,-0.155671
283.2811,-0.155682
283.2977,-0.155692
283.3135,-0.155702
283.3313,-0.155716
283.3483,-0.15573
283.3641,-0.155745
283.3817,-0.15576
283.398,-0.155774
283.4149,-0.155786
283.4316,-0.155798
283.4487,-0.15581
283.4651,-0.155821
283.4807,-0.155833
283.4979,-0.155848
283.515,-0.155862
283.531,-0.155876
283.5479,-0.155891
283.5644,-0.155906
283.5815,-0.155921
283.5977,-0.155936
283.6144,-0.155951
283.631,-0.155964
283.6481,-0.155977
283.6655,-0.155988
283.6812,-0.156
283.6982,-0.156013
283.7149,-0.156027
283.7318,-0.15604
283.7471,-0.156056
283.7649,-0.156073
283.7805,-0.156087
283.7975,-0.156101
283.8141,-0.156116
283.8312,-0.156134
283.8481,-0.15615
283.8642,-0.156164
283.8808,-0.15618
283.8979,-0.156193
283.9147,-0.156206
283.9307,-0.156221
283.9475,-0.156235
283.9643,-0.156249
283.9818,-0.156263
283.9976,-0.156278
284.0145,-0.156291
284.0313,-0.156305
284.0482,-0.156319
284.0649,-0.156332
284.0812,-0.156345
284.0977,-0.156357
284.1146,-0.156366
284.1312,-0.156376
284.1479,-0.156388
284.1638,-0.156399
284.1812,-0.156413
284.1978,-0.156426
284.2145,-0.15644
284.2308,-0.156451
284.2473,-0.156462
284.2649,-0.156473
284.2808,-0.156482
284.2976,-0.156491
284.3138,-0.156501
284.3306,-0.156509
284.3474,-0.156516
284.3645,-0.156524
284.3814,-0.156533
284.3978,-0.156543
284.414,-0.156553
284.4315,-0.156562
284.4477,-0.156573
284.4644,-0.156583
284.4811,-0.156594
284.4984,-0.156605
284.5143,-0.156615
284.532,-0.156626
284.5484,-0.156635
284.5656,-0.156642
284.5813,-0.156648
284.5983,-0.156655
284.6142,-0.156659
284.6321,-0.156664
284.6478,-0.15667
284.6644,-0.156678
284.6817,-0.156684
284.6985,-0.156691
284.7157,-0.156699
284.7314,-0.156707
284.748,-0.156714
284.7649,-0.156719
284.7816,-0.156723
284.7984,-0.156728
284.8149,-0.156735
284.8317,-0.156742
284.8483,-0.15675
284.8653,-0.156758
284.8819,-0.156769
284.8988,-0.156779
284.9155,-0.15679
284.9319,-0.156802
284.9486,-0.156812
284.9655,-0.156821
284.9817,-0.156828
284.9984,-0.156834
285.0149,-0.156843
285.0314,-0.15685
285.0485,-0.15686
285.0649,-0.156874
285.0815,-0.156888
285.0981,-0.156901
285.1151,-0.156913
285.1324,-0.156924
285.1494,-0.156935
285.1654,-0.156945
285.1815,-0.156953
285.1995,-0.156962
285.2159,-0.156971
285.2324,-0.156981
285.2487,-0.156991
285.2651,-0.157002
285.2823,-0.157014
285.2995,-0.157024
285.3152,-0.157035
285.3331,-0.157046
285.3487,-0.157057
285.3658,-0.157069
285.3823,-0.15708
285.3994,-0.157092
285.4163,-0.157104
285.433,-0.157117
285.4496,-0.157128
285.4667,-0.157137
285.4833,-0.157143
285.4999,-0.15715
285.5163,-0.157157
285.5328,-0.157165
285.5489,-0.157175
285.5662,-0.157186
285.583,-0.157198
285.5998,-0.157211
285.6168,-0.157225
285.6332,-0.157238
285.6498,-0.15725
285.6663,-0.157258
285.6832,-0.157266
285.6999,-0.157275
285.7166,-0.157285
285.7329,-0.157295
285.7495,-0.157307
285.766,-0.157318
285.7833,-0.157332
285.8,-0.157345
285.8165,-0.157356
285.8333,-0.157367
285.8507,-0.157377
285.8666,-0.157385
285.8837,-0.157396
285.8998,-0.157408
285.9177,-0.157416
285.9327,-0.157425
285.9503,-0.157435
285.9669,-0.157447
285.9834,-0.15746
285.9995,-0.157471
286.0169,-0.157483
286.0334,-0.157494
286.0496,-0.157508
286.0667,-0.157523
286.0842,-0.15754
286.0998,-0.157557
286.1172,-0.157571
286.1328,-0.157586
286.15,-0.1576
286.1671,-0.15761
286.1835,-0.15762
286.2,-0.157629
286.2173,-0.157638
286.234,-0.157648
286.2501,-0.157661
286.2667,-0.157673
286.2843,-0.157683
286.3005,-0.157696
286.3164,-0.157708
286.3345,-0.157721
286.3508,-0.157734
286.3661,-0.157745
286.3839,-0.157755
286.3999,-0.157764
286.4172,-0.157774
286.4333,-0.157786
286.4504,-0.157798
286.4672,-0.157807
286.4839,-0.157818
286.5013,-0.157828
286.5175,-0.157837
286.5344,-0.157849
286.551,-0.15786
286.5676,-0.15787
286.5838,-0.15788
286.6002,-0.157889
286.6175,-0.157898
286.6335,-0.157907
286.6503,-0.157917
286.6676,-0.157929
286.6835,-0.157941
286.7007,-0.157955
286.7186,-0.157968
286.7341,-0.157982
286.7513,-0.157994
286.7682,-0.158003
286.7848,-0.158014
286.8018,-0.158022
286.8176,-0.158031
286.8341,-0.15804
286.8505,-0.158046
286.8677,-0.158055
286.8845,-0.158066
286.901,-0.158076
286.9166,-0.158088
286.9337,-0.1581
286.9506,-0.158112
286.9675,-0.158125
286.9835,-0.158137
287.0013,-0.15815
287.0176,-0.158163
287.0347,-0.158174
287.0511,-0.158186
287.0678,-0.158196
287.0845,-0.158204
287.1013,-0.158212
287.1175,-0.158222
287.1351,-0.158235
287.1506,-0.158248
287.1675,-0.158262
287.1844,-0.158275
287.2005,-0.158286
287.2172,-0.158297
287.234,-0.158307
287.2508,-0.15832
287.2668,-0.158332
287.2847,-0.158343
287.3004,-0.158354
287.317,-0.158365
287.3341,-0.158376
287.3506,-0.158389
287.3683,-0.158402
287.3843,-0.158416
287.4009,-0.158428
287.418,-0.158438
287.4347,-0.158447
287.4513,-0.158455
287.4688,-0.158462
287.4846,-0.15847
287.5009,-0.158476
287.5177,-0.158484
287.5347,-0.15849
287.5513,-0.158498
287.5681,-0.158508
287.5853,-0.158516
287.6017,-0.158524
287.6185,-0.158532
287.6351,-0.158542
287.6523,-0.158554
287.6685,-0.158565
287.6855,-0.158573
287.7009,-0.158582
287.7192,-0.158589
287.7355,-0.158598
287.7516,-0.158609
287.7681,-0.15862
287.7856,-0.158631
287.8016,-0.15864
287.8185,-0.15865
287.836,-0.158663
287.8521,-0.158674
287.8695,-0.158684
287.8853,-0.158692
287.9024,-0.158701
287.9186,-0.158709
287.936,-0.158717
287.9527,-0.158726
287.9685,-0.158735
287.9863,-0.158745
288.0023,-0.158751
288.019,-0.158758
288.0361,-0.158765
288.0529,-0.158776
288.069,-0.158785
288.0857,-0.158794
288.1035,-0.158804
288.1198,-0.158814
288.1369,-0.158824
288.1537,-0.158834
288.1704,-0.158846
288.1865,-0.158857
288.2023,-0.158869
288.2195,-0.15888
288.2362,-0.158892
288.2533,-0.158903
288.2693,-0.158913
288.2866,-0.158922
288.3027,-0.158928
288.3202,-0.158933
288.336,-0.158939
288.3524,-0.158948
288.3695,-0.158958
288.3862,-0.158968
288.4027,-0.158977
288.4199,-0.158988
288.4363,-0.159001
288.454,-0.159012
288.4698,-0.159023
288.4871,-0.159035
288.5031,-0.159043
288.5199,-0.159052
288.5366,-0.159059
288.5543,-0.159068
288.5705,-0.159079
288.5865,-0.159091
288.6036,-0.159102
288.6191,-0.159113
288.6366,-0.159124
288.6531,-0.159137
288.6694,-0.159152
288.6867,-0.159166
288.7029,-0.159178
288.7201,-0.159192
288.7366,-0.159207
288.7532,-0.159223
288.77,-0.159234
288.7867,-0.159245
288.8037,-0.159256
288.8197,-0.159267
288.8371,-0.159278
288.8533,-0.15929
288.8699,-0.159301
288.8864,-0.159311
288.9034,-0.159322
288.9201,-0.159335
288.9369,-0.159348
288.9535,-0.159363
288.9698,-0.159376
288.9872,-0.159388
289.0038,-0.159399
289.0204,-0.159411
289.0365,-0.159422
289.054,-0.159435
289.0695,-0.159447
289.0865,-0.15946
289.1025,-0.159474
289.1198,-0.15949
289.1364,-0.159503
289.1534,-0.159515
289.1699,-0.15953
289.1865,-0.159541
289.2031,-0.159551
289.2191,-0.159559
289.2372,-0.159569
289.2534,-0.15958
289.269,-0.159591
289.2865,-0.159601
289.3035,-0.159613
289.3203,-0.159624
289.3367,-0.159635
289.3529,-0.159647
289.369,-0.159657
289.3869,-0.159665
289.4025,-0.159674
289.4194,-0.159684
289.4363,-0.159694
289.4525,-0.159703
289.4699,-0.159707
289.4861,-0.159716
289.503,-0.159724
289.5198,-0.159733
289.5359,-0.15974
289.553,-0.159746
289.57,-0.159753
289.5861,-0.159762
289.6038,-0.159769
289.6191,-0.159776
289.6361,-0.159781
289.653,-0.159789
289.67,-0.159796
289.6861,-0.159802
289.7028,-0.159811
289.7191,-0.159819
289.7351,-0.159826
289.7524,-0.159835
289.7698,-0.159844
289.7859,-0.159855
289.8019,-0.159868
289.8198,-0.159879
289.8357,-0.15989
289.8525,-0.159898
289.87,-0.159906
289.8866,-0.159912
289.9028,-0.159918
289.9189,-0.159923
289.9365,-0.159929
289.9526,-0.159934
289.9694,-0.15994
289.986,-0.159945
290.0027,-0.159951
290.0194,-0.159957
290.0366,-0.159965
290.0526,-0.159973
290.0693,-0.159981
290.0854,-0.159989
290.1021,-0.159994
290.1199,-0.159998
290.1358,-0.160003
290.1522,-0.160009
290.1685,-0.160015
290.1855,-0.160018
290.2022,-0.160022
290.2191,-0.16003
290.2354,-0.160038
290.2521,-0.160049
290.269,-0.160057
290.2857,-0.160064
290.3021,-0.160071
290.3197,-0.16008
290.3354,-0.160088
290.3523,-0.160094
290.3692,-0.160102
290.3857,-0.16011
290.4027,-0.160118
290.4191,-0.160126
290.4358,-0.160137
290.4529,-0.160146
290.4694,-0.160155
290.486,-0.160163
290.5027,-0.160167
290.5195,-0.160169
290.5361,-0.160171
290.5522,-0.160173
290.5695,-0.160173
290.5859,-0.160175
290.6027,-0.160175
290.6194,-0.160177
290.6361,-0.160181
290.6519,-0.160185
290.669,-0.160189
290.6851,-0.160192
290.7026,-0.160196
290.7192,-0.160203
290.736,-0.160209
290.7528,-0.160215
290.7693,-0.160222
290.7859,-0.160228
290.8029,-0.160233
290.8189,-0.160237
290.836,-0.160244
290.8521,-0.16025
290.8684,-0.160258
290.8852,-0.160266
290.9021,-0.160274
290.9197,-0.160283
290.9358,-0.160292
290.9525,-0.1603
290.9684,-0.160308
290.9854,-0.160313
291.0027,-0.160316
291.0194,-0.160321
291.0356,-0.160325
291.0526,-0.160331
291.069,-0.160337
291.0856,-0.160344
291.1024,-0.160352
291.1195,-0.160359
291.1357,-0.160364
291.1524,-0.16037
291.1691,-0.160377
291.186,-0.160383
291.2022,-0.160389
291.2191,-0.160396
291.2353,-0.160401
291.2524,-0.160405
291.2686,-0.16041
291.2855,-0.160415
291.3024,-0.160422
291.319,-0.160425
291.3358,-0.160431
291.352,-0.160436
291.3688,-0.160441
291.3852,-0.160447
291.4017,-0.160454
291.4182,-0.160461
291.4348,-0.160468
291.4512,-0.160475
291.4688,-0.160481
291.4852,-0.160489
291.5015,-0.160498
291.5186,-0.160509
291.5346,-0.160519
291.5513,-0.160527
291.5691,-0.160534
291.585,-0.160541
291.601,-0.160546
291.6183,-0.160552
291.6349,-0.160557
291.6514,-0.160561
291.669,-0.160566
291.6849,-0.160571
291.7021,-0.160577
291.7191,-0.160584
291.7348,-0.160591
291.752,-0.160599
291.7681,-0.160606
291.7853,-0.160612
291.8022,-0.160617
291.8181,-0.160623
291.8356,-0.160627
291.8518,-0.160628
291.8681,-0.16063
291.8847,-0.160633
291.9017,-0.160639
291.9173,-0.160643
291.9344,-0.160648
291.9513,-0.160656
291.9689,-0.160667
291.9851,-0.160676
292.002,-0.160686
292.0179,-0.160693
292.0347,-0.1607
292.051,-0.160708
292.068,-0.160713
292.0852,-0.160719
292.1012,-0.160725
292.1187,-0.160729
292.1353,-0.160732
292.1517,-0.160739
292.1688,-0.160745
292.1853,-0.160749
292.2011,-0.160754
292.2185,-0.16076
292.2354,-0.160766
292.2516,-0.16077
292.2691,-0.160775
292.2858,-0.160781
292.3024,-0.160788
292.318,-0.160793
292.3354,-0.160796
292.3524,-0.1608
292.3688,-0.160803
292.3853,-0.160807
292.4017,-0.160813
292.4188,-0.160818
292.4351,-0.160824
292.4522,-0.16083
292.4691,-0.160833
292.4852,-0.160836
292.5022,-0.160841
292.5188,-0.160848
292.5347,-0.160857
292.5516,-0.160865
292.5681,-0.160871
292.5855,-0.160878
292.6033,-0.160886
292.6189,-0.160893
292.6352,-0.160899
292.6521,-0.160903
292.6691,-0.160905
292.6855,-0.160906
292.7025,-0.160911
292.718,-0.160917
292.7352,-0.160923
292.7523,-0.160932
292.7684,-0.160942
292.7854,-0.160949
292.8018,-0.160957
292.8189,-0.160967
292.8351,-0.160977
292.8527,-0.160988
292.8686,-0.160995
292.8854,-0.161004
292.9023,-0.161011
292.9187,-0.161018
292.9362,-0.161023
292.9521,-0.161027
292.9692,-0.16103
292.9865,-0.161036
293.0026,-0.161041
293.0196,-0.161046
293.0353,-0.161054
293.0523,-0.161061
293.0692,-0.161073
293.0853,-0.161084
293.1021,-0.161094
293.1196,-0.161103
293.1364,-0.161109
293.1523,-0.161115
293.17,-0.16112
293.1859,-0.161125
293.2024,-0.16113
293.219,-0.161137
293.2364,-0.161144
293.2528,-0.161152
293.2698,-0.161162
293.2869,-0.161169
293.3034,-0.161175
293.3198,-0.161179
293.336,-0.161185
293.3532,-0.161191
293.369,-0.161198
293.3858,-0.161205
293.4023,-0.161212
293.4194,-0.161219
293.4365,-0.161223
293.4534,-0.161229
293.4688,-0.161235
293.4854,-0.161244
293.502,-0.161253
293.5195,-0.161262
293.5364,-0.161272
293.5533,-0.161282
293.5696,-0.161293
293.5866,-0.161304
293.6022,-0.161314
293.6184,-0.16132
293.6356,-0.161329
293.6523,-0.161338
293.6685,-0.161349
293.6864,-0.161363
293.702,-0.161377
293.7195,-0.161389
293.7365,-0.1614
293.7532,-0.16141
293.7695,-0.161417
293.7854,-0.161425
293.8024,-0.16143
293.8187,-0.161436
293.8367,-0.161443
293.8526,-0.161452
293.8694,-0.161462
293.8859,-0.161471
293.9019,-0.16148
293.919,-0.161489
293.9352,-0.161496
293.9518,-0.161502
293.9695,-0.161508
293.9857,-0.161515
294.0028,-0.16152
294.0189,-0.161525
294.0362,-0.161529
294.0527,-0.161534
294.07,-0.161541
294.0857,-0.16155
294.1027,-0.161559
294.1194,-0.16157
294.1359,-0.161579
294.1522,-0.161586
294.1696,-0.161595
294.1855,-0.161602
294.2025,-0.161606
294.2193,-0.161612
294.2356,-0.161616
294.2518,-0.161621
294.2693,-0.161628
294.2858,-0.161635
294.3022,-0.16164
294.3186,-0.161647
294.3357,-0.161653
294.3523,-0.161659
294.3688,-0.161667
294.3852,-0.161674
294.4025,-0.161684
294.4188,-0.161694
294.4353,-0.161707
294.4524,-0.161729
294.4689,-0.161741
294.4856,-0.161752
294.5025,-0.161764
294.519,-0.161772
294.5361,-0.161776
294.5518,-0.161778
294.5686,-0.161781
294.5857,-0.161783
294.6021,-0.161786
294.619,-0.161789
294.6345,-0.161793
294.6517,-0.161798
294.6688,-0.161805
294.6849,-0.161813
294.702,-0.161821
294.7189,-0.161826
294.7357,-0.161829
294.7516,-0.161829
294.7684,-0.16183
294.786,-0.161831
294.8012,-0.161834
294.8181,-0.161837
294.8351,-0.161839
294.8513,-0.161843
294.8689,-0.161847
294.8857,-0.161852
294.9015,-0.161858
294.9183,-0.161862
294.9351,-0.161864
294.9518,-0.161868
294.968,-0.161871
294.9849,-0.161873
295.0023,-0.161876
295.0184,-0.161879
295.0349,-0.161882
295.0522,-0.161886
295.0685,-0.161889
295.0856,-0.161891
295.1022,-0.161893
295.1183,-0.161894
295.1349,-0.161898
295.1518,-0.161901
295.1684,-0.161901
295.1848,-0.161899
295.2021,-0.161899
295.2188,-0.161901
295.2348,-0.161902
295.2521,-0.161904
295.2677,-0.161905
295.2842,-0.161907
295.3015,-0.161911
295.3184,-0.161917
295.3346,-0.161922
295.352,-0.161927
295.3678,-0.161929
295.3851,-0.161931
295.4014,-0.161931
295.4176,-0.161929
295.4349,-0.161928
295.4506,-0.161929
295.4677,-0.161933
295.4841,-0.161936
295.5009,-0.161941
295.5184,-0.161944
295.534,-0.161949
295.5513,-0.161953
295.5672,-0.16196
295.5844,-0.161964
295.601,-0.161968
295.6181,-0.161971
295.6347,-0.161974
295.651,-0.161981
295.6683,-0.161986
295.6852,-0.161994
295.7019,-0.162001
295.7184,-0.162003
295.7347,-0.162006
295.7517,-0.162008
295.7687,-0.16201
295.7847,-0.162009
295.8012,-0.16201
295.8182,-0.16201
295.8353,-0.162009
295.8515,-0.162006
295.8672,-0.162005
295.8848,-0.162008
295.901,-0.162009
295.9175,-0.162012
295.9344,-0.162015
295.951,-0.162021
295.9679,-0.162025
295.9839,-0.16203
296.0014,-0.162036
296.0181,-0.162041
296.0349,-0.162046
296.0512,-0.162051
296.0687,-0.162056
296.0853,-0.162059
296.1013,-0.162062
296.1169,-0.162064
296.1351,-0.162067
296.1518,-0.162068
296.1677,-0.162072
296.185,-0.162076
296.2014,-0.16208
296.2183,-0.162083
296.2353,-0.162089
296.2516,-0.162094
296.2675,-0.162099
296.2849,-0.162103
296.3021,-0.162107
296.3181,-0.16211
296.3346,-0.162114
296.3513,-0.162116
296.368,-0.162119
296.3847,-0.162121
296.4014,-0.162123
296.4183,-0.162128
296.4348,-0.162133
296.4512,-0.162137
296.4682,-0.162142
296.4842,-0.162148
296.5018,-0.162153
296.5178,-0.162159
296.5345,-0.162165
296.5511,-0.162172
296.5678,-0.162179
296.5841,-0.162183
296.6022,-0.162188
296.6187,-0.162194
296.6354,-0.162199
296.6515,-0.162203
296.6683,-0.162206
296.6851,-0.162211
296.7013,-0.162216
296.718,-0.162219
296.7342,-0.162221
296.751,-0.162221
296.7686,-0.162221
296.7844,-0.162221
296.8008,-0.162223
296.8175,-0.162224
296.8339,-0.162226
296.8507,-0.162229
296.8673,-0.162234
296.8845,-0.16224
296.9013,-0.162246
296.9182,-0.16225
296.9354,-0.162252
296.9513,-0.162254
296.968,-0.162255
296.9841,-0.162256
297.0007,-0.162258
297.0179,-0.16226
297.0345,-0.162262
297.0514,-0.162266
297.0683,-0.162269
297.0849,-0.162272
297.1011,-0.162277
297.1182,-0.162281
297.1354,-0.162283
297.1515,-0.162287
297.1684,-0.162289
297.1844,-0.162292
297.202,-0.162295
297.2181,-0.162297
297.2348,-0.162298
297.2511,-0.162303
297.2681,-0.162306
297.2849,-0.16231
297.3013,-0.162313
297.3181,-0.162317
297.3347,-0.162321
297.3517,-0.162323
297.3678,-0.162326
297.3849,-0.162331
297.4026,-0.162334
297.4189,-0.162337
297.4349,-0.162341
297.4516,-0.16235
297.4688,-0.162355
297.4849,-0.162358
297.5016,-0.162365
297.5185,-0.162371
297.5355,-0.162375
297.5516,-0.162377
297.5681,-0.162382
297.5855,-0.162387
297.6022,-0.162392
297.6183,-0.162395
297.6346,-0.162399
297.6518,-0.162403
297.6681,-0.162407
297.6844,-0.162411
297.7009,-0.162418
297.7176,-0.162423
297.7343,-0.162428
297.7512,-0.162436
297.7679,-0.162443
297.7846,-0.162452
297.8014,-0.162463
297.8173,-0.162471
297.8344,-0.162477
297.8512,-0.162481
297.8681,-0.162486
297.885,-0.162491
297.9016,-0.162495
297.9171,-0.162499
297.9342,-0.162504
297.9513,-0.162509
297.9677,-0.162514
297.9847,-0.162519
298.0013,-0.162522
298.0182,-0.162526
298.0348,-0.162531
298.0509,-0.162537
298.0675,-0.162541
298.084,-0.162547
298.1016,-0.162552
298.1181,-0.162558
298.134,-0.162568
298.1509,-0.162575
298.1673,-0.162577
298.1846,-0.162581
298.2016,-0.162583
298.2179,-0.162588
298.2338,-0.162592
298.2513,-0.162594
298.2669,-0.162597
298.2843,-0.162602
298.3012,-0.162608
298.3177,-0.162612
298.3338,-0.162616
298.3512,-0.162619
298.3675,-0.162622
298.3832,-0.162625
298.4005,-0.16263
298.4164,-0.162636
298.4339,-0.162639
298.4505,-0.162643
298.4671,-0.162652
298.484,-0.162661
298.5007,-0.162671
298.5176,-0.162677
298.534,-0.162681
298.5506,-0.162683
298.5672,-0.162682
298.5842,-0.162682
298.6004,-0.162683
298.617,-0.162685
298.6334,-0.162686
298.6497,-0.162685
298.6675,-0.162687
298.6836,-0.162689
298.7007,-0.162693
298.7175,-0.162696
298.7339,-0.1627
298.7506,-0.162703
298.7672,-0.162709
298.7841,-0.162713
298.8002,-0.162719
298.8175,-0.162723
298.8341,-0.162724
298.8505,-0.162725
298.8675,-0.162723
298.8844,-0.162721
298.9004,-0.162722
298.9172,-0.162723
298.9338,-0.162728
298.9508,-0.162733
298.9671,-0.162738
298.9843,-0.162742
299.0013,-0.162744
299.0173,-0.162747
299.0345,-0.162747
299.0506,-0.162751
299.0673,-0.162751
299.0835,-0.162752
299.1003,-0.162755
299.1173,-0.16276
299.1345,-0.162766
299.1511,-0.162773
299.1673,-0.162779
299.1841,-0.162784
299.2012,-0.162788
299.2173,-0.16279
299.2343,-0.162793
299.2507,-0.162796
299.2675,-0.162797
299.2842,-0.162799
299.3003,-0.162801
299.317,-0.162804
299.3346,-0.162807
299.3502,-0.162808
299.3676,-0.16281
299.3845,-0.162813
299.401,-0.162816
299.4167,-0.16282
299.4337,-0.162824
299.4504,-0.162828
299.4671,-0.162833
299.4841,-0.162838
299.5013,-0.162846
299.5167,-0.162853
299.5339,-0.162859
299.5503,-0.162864
299.5676,-0.162868
299.5844,-0.162877
299.6009,-0.162893
299.6172,-0.162921
299.634,-0.162985
299.6508,-0.163142
299.6672,-0.163393
299.6844,-0.163653
299.7003,-0.163885
299.7172,-0.164065
299.7347,-0.16417
299.7507,-0.164214
299.7675,-0.164226
299.784,-0.164241
299.8006,-0.164252
299.8166,-0.164262
299.8341,-0.164278
299.8511,-0.164289
299.8678,-0.164296
299.8838,-0.164305
299.9008,-0.164313
299.9173,-0.16432
299.9339,-0.164328
299.9502,-0.164337
299.9673,-0.164346
299.9841,-0.164352
300.0019,-0.164355
300.0181,-0.16436
300.0345,-0.164365
300.051,-0.16437
300.0673,-0.164376
300.0844,-0.164378
300.1013,-0.164382
300.1187,-0.164383
300.1353,-0.164386
300.1519,-0.164389
300.1681,-0.164391
300.1843,-0.164391
300.2007,-0.164391
300.2183,-0.164395
300.2345,-0.164398
300.251,-0.164401
300.2678,-0.164406
300.2842,-0.164412
300.3017,-0.164417
300.3181,-0.164421
300.3348,-0.164426
300.3516,-0.16443
300.3681,-0.164433
300.3844,-0.164435
300.4016,-0.164439
300.4181,-0.164442
300.4353,-0.164447
300.4516,-0.164454
300.4681,-0.16446
300.4855,-0.164465
300.5019,-0.164469
300.5186,-0.164473
300.5357,-0.164477
300.5516,-0.164481
300.5687,-0.164484
300.5859,-0.164488
300.6016,-0.164492
300.619,-0.164496
300.6353,-0.164497
300.6523,-0.164497
300.6681,-0.164497
300.6859,-0.164499
300.7024,-0.164501
300.7188,-0.164506
300.7348,-0.164511
300.7518,-0.164517
300.769,-0.164526
300.7858,-0.164534
300.8019,-0.164542
300.819,-0.164548
300.836,-0.164554
300.8529,-0.16456
300.8694,-0.164563
300.8855,-0.164567
300.9025,-0.16457
300.9195,-0.16457
300.9356,-0.164568
300.9528,-0.164566
300.9691,-0.164567
300.9862,-0.164563
301.0029,-0.164562
301.0192,-0.164565
301.0359,-0.164569
301.0521,-0.164573
301.0688,-0.16458
301.0858,-0.164585
301.1025,-0.164589
301.1194,-0.164594
301.1358,-0.1646
301.1525,-0.164603
301.169,-0.164605
301.1857,-0.164607
301.2029,-0.164608
301.22,-0.16461
301.2359,-0.164613
301.2525,-0.164614
301.269,-0.164613
301.2854,-0.164614
301.3018,-0.164618
301.3192,-0.164625
301.3357,-0.16463
301.3522,-0.164634
301.3691,-0.164639
301.3857,-0.164645
301.4024,-0.164648
301.418,-0.164652
301.436,-0.164653
301.4529,-0.164654
301.4694,-0.164656
301.4863,-0.164661
301.5028,-0.164667
301.5193,-0.164672
301.5356,-0.164678
301.5528,-0.164684
301.5695,-0.16469
301.5859,-0.164694
301.6029,-0.1647
301.6189,-0.164705
301.6366,-0.164708
301.6526,-0.164711
301.669,-0.164712
301.6861,-0.164716
301.7025,-0.164721
301.7199,-0.164725
301.7357,-0.164729
301.7525,-0.164732
301.7693,-0.164738
301.7862,-0.164742
301.8027,-0.164746
301.8192,-0.164749
301.8359,-0.164753
301.8523,-0.164759
301.8692,-0.164768
301.8855,-0.164776
301.9024,-0.164786
301.9193,-0.164796
301.9362,-0.164806
301.9528,-0.164818
301.9691,-0.164829
301.9868,-0.16484
302.0022,-0.16485
302.0192,-0.164858
302.0367,-0.164865
302.0526,-0.164871
302.0693,-0.164877
302.0858,-0.164884
302.1023,-0.16489
302.1194,-0.164896
302.1358,-0.164903
302.1528,-0.164911
302.1689,-0.16492
302.1856,-0.164931
302.2029,-0.164943
302.2192,-0.164954
302.2365,-0.164964
302.2526,-0.164973
302.2691,-0.16498
302.2854,-0.164986
302.3019,-0.164988
302.3196,-0.164991
302.3353,-0.164996
302.3519,-0.165002
302.37,-0.165008
302.3858,-0.165016
302.4026,-0.165024
302.4193,-0.165032
302.4358,-0.16504
302.452,-0.165047
302.4689,-0.165054
302.4851,-0.165058
302.5024,-0.165064
302.5186,-0.165068
302.5355,-0.165072
302.5529,-0.165077
302.5694,-0.165084
302.5863,-0.16509
302.6028,-0.165099
302.6184,-0.165108
302.635,-0.165117
302.6526,-0.165128
302.6687,-0.165136
302.686,-0.165143
302.7024,-0.165149
302.7186,-0.165155
302.7355,-0.165158
302.7523,-0.165164
302.769,-0.165169
302.7856,-0.165172
302.8028,-0.165178
302.8186,-0.165184
302.8362,-0.165189
302.852,-0.165194
302.8689,-0.165198
302.8864,-0.165202
302.9026,-0.165206
302.9193,-0.16521
302.9361,-0.165217
302.9528,-0.165219
302.9697,-0.165219
302.9863,-0.165221
303.0031,-0.165221
303.02,-0.165222
303.0363,-0.16522
303.053,-0.16522
303.0694,-0.16522
303.0859,-0.16522
303.1022,-0.165223
303.1192,-0.165226
303.1355,-0.165232
303.1521,-0.165235
303.169,-0.165239
303.1855,-0.165243
303.2023,-0.165249
303.2193,-0.165257
303.2365,-0.165264
303.2529,-0.16527
303.2693,-0.165275
303.286,-0.165279
303.3035,-0.165283
303.3198,-0.165287
303.3365,-0.165292
303.3529,-0.165295
303.3704,-0.165301
303.387,-0.165306
303.4031,-0.165312
303.4191,-0.165318
303.437,-0.165324
303.4531,-0.165331
303.4702,-0.165336
303.4865,-0.165342
303.5029,-0.165349
303.52,-0.165353
303.537,-0.165357
303.5537,-0.165363
303.5698,-0.165368
303.5872,-0.165373
303.6031,-0.165376
303.6204,-0.16538
303.6369,-0.165384
303.6533,-0.165391
303.6693,-0.165398
303.6867,-0.165408
303.7035,-0.165416
303.7198,-0.165425
303.7374,-0.165433
303.7538,-0.165441
303.7702,-0.165448
303.7871,-0.165455
303.8042,-0.165463
303.8208,-0.165471
303.8372,-0.165482
303.8544,-0.165492
303.8712,-0.165501
303.8874,-0.16551
303.9044,-0.16552
303.9206,-0.165528
303.9368,-0.165537
303.9539,-0.165543
303.9716,-0.165548
303.988,-0.165554
304.0035,-0.165561
304.0209,-0.165566
304.0374,-0.165574
304.0541,-0.165581
304.0708,-0.165589
304.0876,-0.165599
304.1043,-0.165609
304.1209,-0.165619
304.1375,-0.16563
304.1539,-0.165642
304.1707,-0.165654
304.1879,-0.165665
304.2041,-0.165675
304.2212,-0.165685
304.2379,-0.165694
304.2552,-0.165705
304.271,-0.165715
304.2886,-0.165724
304.3042,-0.165729
304.3209,-0.165735
304.3372,-0.165741
304.3544,-0.165749
304.3703,-0.165759
304.3871,-0.165772
304.4048,-0.165786
304.4203,-0.165798
304.4379,-0.165811
304.4538,-0.165827
304.4706,-0.165841
304.4873,-0.165855
304.5041,-0.165869
304.5205,-0.16588
304.5382,-0.16589
304.5543,-0.1659
304.5715,-0.165909
304.5872,-0.165918
304.6042,-0.165929
304.6206,-0.165937
304.6379,-0.165947
304.6541,-0.165958
304.6713,-0.165972
304.6877,-0.165985
304.7045,-0.165999
304.7208,-0.166014
304.7372,-0.166029
304.7542,-0.16604
304.7697,-0.16605
304.7873,-0.166061
304.8046,-0.166072
304.8212,-0.166082
304.837,-0.166091
304.8535,-0.166101
304.8715,-0.166112
304.8868,-0.166122
304.9043,-0.166135
304.9207,-0.166151
304.9368,-0.166166
304.9543,-0.166179
304.9707,-0.166194
304.9872,-0.166207
305.0039,-0.16622
305.0211,-0.166233
305.0371,-0.166246
305.0539,-0.166258
305.0705,-0.166267
305.0869,-0.166277
305.1038,-0.166287
305.12,-0.166298
305.1377,-0.166308
305.1534,-0.166317
305.1699,-0.166327
305.1864,-0.166337
305.2033,-0.166349
305.2197,-0.166365
305.2363,-0.166383
305.2534,-0.166398
305.27,-0.166415
305.287,-0.16643
305.3037,-0.166447
305.3203,-0.166463
305.3376,-0.166479
305.3537,-0.166492
305.3698,-0.166504
305.3871,-0.166517
305.4037,-0.166529
305.4203,-0.16654
305.4368,-0.166553
305.4529,-0.166567
305.4699,-0.166581
305.487,-0.166596
305.5034,-0.16661
305.5198,-0.166625
305.537,-0.166638
305.5536,-0.166649
305.5703,-0.166659
305.5869,-0.166672
305.6032,-0.166685
305.6202,-0.166696
305.636,-0.166707
305.6536,-0.166719
305.6707,-0.16673
305.6873,-0.166744
305.7034,-0.166756
305.72,-0.166767
305.7363,-0.166778
305.7533,-0.166791
305.7698,-0.166803
305.7864,-0.166817
305.8029,-0.16683
305.8201,-0.166846
305.8368,-0.166861
305.8533,-0.166875
305.8699,-0.166888
305.8862,-0.166901
305.9036,-0.166912
305.9197,-0.166921
305.9369,-0.166931
305.9531,-0.166941
305.9704,-0.16695
305.9868,-0.166959
306.0029,-0.166971
306.0201,-0.166981
306.0361,-0.166992
306.0523,-0.167002
306.0701,-0.167013
306.0865,-0.167025
306.1029,-0.167035
306.1198,-0.167044
306.1361,-0.167054
306.153,-0.167061
306.1699,-0.16707
306.1859,-0.167078
306.2033,-0.167087
306.2195,-0.167098
306.2365,-0.167108
306.2531,-0.167119
306.269,-0.16713
306.2863,-0.167139
306.3028,-0.167151
306.3201,-0.167163
306.3369,-0.167177
306.353,-0.167191
306.3697,-0.167202
306.3863,-0.167211
306.4028,-0.167225
306.4194,-0.167239
306.4362,-0.167252
306.453,-0.167266
306.4691,-0.167278
306.4871,-0.167289
306.503,-0.167302
306.5193,-0.167314
306.5367,-0.167326
306.5532,-0.167339
306.5692,-0.167349
306.5858,-0.167361
306.6034,-0.167374
306.6193,-0.167386
306.636,-0.167398
306.6521,-0.167411
306.6696,-0.167426
306.6866,-0.167439
306.7027,-0.167452
306.7195,-0.167466
306.7364,-0.167482
306.753,-0.167499
306.7696,-0.167515
306.7869,-0.167532
306.8028,-0.167545
306.8198,-0.167556
306.837,-0.167567
306.8523,-0.167575
306.8695,-0.167583
306.8862,-0.167594
306.9026,-0.167603
306.9192,-0.167614
306.9364,-0.167626
306.9524,-0.167638
306.9692,-0.167652
306.9859,-0.167666
307.0031,-0.16768
307.019,-0.167693
307.0363,-0.167709
307.0526,-0.167726
307.0697,-0.167742
307.0862,-0.167757
307.1027,-0.167774
307.1195,-0.16779
307.136,-0.167807
307.1532,-0.167822
307.1693,-0.167836
307.1865,-0.167849
307.2029,-0.16786
307.2196,-0.167871
307.2366,-0.167883
307.2523,-0.167895
307.2696,-0.167909
307.2852,-0.167922
307.3028,-0.167937
307.3197,-0.167952
307.3364,-0.167968
307.3532,-0.167981
307.3705,-0.167998
307.3859,-0.168014
307.4031,-0.168029
307.4199,-0.168045
307.4365,-0.168059
307.4537,-0.168073
307.4697,-0.168086
307.4866,-0.1681
307.5029,-0.168112
307.5201,-0.168123
307.5362,-0.168133
307.5536,-0.168144
307.5702,-0.168158
307.5865,-0.168172
307.6023,-0.168187
307.6195,-0.168203
307.6367,-0.168218
307.6534,-0.168233
307.6696,-0.16825
307.6865,-0.168266
307.7035,-0.168281
307.7196,-0.168296
307.737,-0.168309
307.7537,-0.168323
307.7699,-0.168335
307.787,-0.168347
307.8032,-0.168361
307.8203,-0.168378
307.8362,-0.168396
307.853,-0.168411
307.8692,-0.168427
307.8871,-0.168441
307.9038,-0.168456
307.9201,-0.168469
307.9367,-0.168483
307.9532,-0.168497
307.97,-0.168513
307.9864,-0.168528
308.0029,-0.168545
308.0195,-0.168563
308.0365,-0.16858
308.0535,-0.168597
308.0698,-0.168613
308.0873,-0.168629
308.1033,-0.168644
308.1191,-0.168661
308.1362,-0.168675
308.1535,-0.168691
308.1693,-0.168706
308.1863,-0.168722
308.2029,-0.16874
308.22,-0.168758
308.2365,-0.168775
308.2537,-0.168792
308.2694,-0.16881
308.2864,-0.16883
308.3032,-0.168851
308.3197,-0.168871
308.3368,-0.168892
308.3535,-0.168909
308.3701,-0.168925
308.3867,-0.168942
308.4039,-0.168958
308.4197,-0.168972
308.4364,-0.168988
308.4542,-0.169005
308.4698,-0.169024
308.4861,-0.169042
308.5028,-0.16906
308.5196,-0.169076
308.5366,-0.169094
308.5538,-0.169114
308.5697,-0.169136
308.5858,-0.169154
308.6031,-0.169174
308.62,-0.169195
308.6365,-0.169218
308.6529,-0.169237
308.6693,-0.169254
308.687,-0.169269
308.7038,-0.169285
308.7197,-0.1693
308.7361,-0.169317
308.7527,-0.169334
308.7694,-0.169351
308.7863,-0.169367
308.8029,-0.169384
308.8202,-0.1694
308.8367,-0.169417
308.8532,-0.169434
308.87,-0.169452
308.8862,-0.16947
308.9036,-0.169487
308.9198,-0.169505
308.9366,-0.169523
308.9538,-0.169541
308.9699,-0.169562
308.987,-0.16958
309.0034,-0.169597
309.0204,-0.169613
309.0372,-0.169629
309.0536,-0.169646
309.07,-0.169663
309.0871,-0.169677
309.1035,-0.169693
309.1195,-0.169709
309.1362,-0.169725
309.1531,-0.169742
309.1696,-0.169761
309.1864,-0.169777
309.2035,-0.169793
309.2198,-0.169811
309.2362,-0.169828
309.2535,-0.169847
309.2687,-0.169863
309.2863,-0.16988
309.3029,-0.169899
309.3198,-0.169916
309.3363,-0.169933
309.3531,-0.169951
309.3694,-0.169966
309.3873,-0.169983
309.4027,-0.170002
309.4196,-0.170019
309.4366,-0.170038
309.4528,-0.170056
309.4692,-0.170075
309.4866,-0.170094
309.503,-0.170111
309.5198,-0.170128
309.5356,-0.170145
309.553,-0.170161
309.5694,-0.170176
309.5859,-0.170191
309.6033,-0.170207
309.6192,-0.170222
309.6366,-0.170238
309.6531,-0.170255
309.6699,-0.170272
309.6861,-0.170289
309.7029,-0.170309
309.7198,-0.170328
309.7368,-0.170348
309.7533,-0.170368
309.7693,-0.170387
309.7863,-0.170404
309.8026,-0.17042
309.8195,-0.170436
309.8372,-0.170452
309.8541,-0.170467
309.8703,-0.170485
309.8873,-0.170503
309.9033,-0.170523
309.9206,-0.170544
309.9368,-0.170564
309.9534,-0.170584
309.9702,-0.170603
309.9872,-0.17062
310.0033,-0.170638
310.0201,-0.170655
310.0363,-0.170672
310.0533,-0.17069
310.0697,-0.170709
310.0866,-0.170732
310.1039,-0.170756
310.1199,-0.170781
310.1377,-0.170801
310.1533,-0.170821
310.171,-0.170839
310.1872,-0.170856
310.2037,-0.170873
310.2195,-0.170887
310.2367,-0.170903
310.2521,-0.170918
310.2689,-0.170936
310.2861,-0.170956
310.3024,-0.170978
310.3193,-0.171
310.3359,-0.171021
310.3526,-0.171043
310.3695,-0.171063
310.3862,-0.171083
310.4026,-0.171102
310.4186,-0.171122
310.4358,-0.171142
310.4526,-0.171166
310.4689,-0.171188
310.486,-0.171208
310.5022,-0.17123
310.5192,-0.17125
310.5362,-0.17127
310.5522,-0.17129
310.5692,-0.171309
310.5851,-0.171328
310.6024,-0.171345
310.6187,-0.171365
310.6355,-0.171386
310.6526,-0.171406
310.6694,-0.171429
310.6852,-0.171454
310.7029,-0.171479
310.7192,-0.171503
310.7361,-0.171524
310.7529,-0.171544
310.7692,-0.171563
310.7863,-0.171579
310.8022,-0.171594
310.8192,-0.171608
310.8358,-0.171623
310.8531,-0.171639
310.8693,-0.171656
310.886,-0.171673
310.9024,-0.171695
310.9193,-0.171716
310.9355,-0.171738
310.9525,-0.171761
310.9689,-0.171784
310.9859,-0.171805
311.0028,-0.171825
311.0196,-0.171843
311.0367,-0.171863
311.0526,-0.171881
311.0696,-0.171897
311.0854,-0.171912
311.103,-0.17193
311.1193,-0.171951
311.1355,-0.171973
311.1523,-0.171998
311.1694,-0.172022
311.1861,-0.172046
311.2032,-0.172066
311.2193,-0.172088
311.2364,-0.172108
311.2531,-0.172126
311.2694,-0.172147
311.2864,-0.172169
311.303,-0.17219
311.3199,-0.172211
311.3365,-0.172232
311.3539,-0.172252
311.37,-0.172271
311.3867,-0.17229
311.4032,-0.172307
311.4196,-0.172327
311.4367,-0.172345
311.4535,-0.172366
311.4701,-0.172389
311.4865,-0.17241
311.503,-0.17243
311.5197,-0.17245
311.5367,-0.172472
311.5528,-0.172493
311.5696,-0.172513
311.5863,-0.172533
311.6037,-0.172554
311.6191,-0.172576
311.6367,-0.172597
311.6523,-0.17262
311.6694,-0.172643
311.6867,-0.172665
311.7036,-0.172688
311.7201,-0.172711
311.7368,-0.172732
311.753,-0.172752
311.7703,-0.172775
311.7868,-0.172796
311.8036,-0.172818
311.8201,-0.172839
311.8367,-0.172859
311.8533,-0.172881
311.8698,-0.172901
311.8866,-0.172923
311.9032,-0.172944
311.9195,-0.172966
311.9366,-0.172987
311.9536,-0.173011
311.9702,-0.173034
311.9868,-0.173057
312.0035,-0.173082
312.0206,-0.173107
312.0365,-0.173129
312.0536,-0.17315
312.07,-0.173172
312.0866,-0.173192
312.1033,-0.17321
312.12,-0.173229
312.1366,-0.173248
312.1532,-0.173269
312.1704,-0.173291
312.1868,-0.173314
312.2034,-0.173337
312.2204,-0.173361
312.2371,-0.173385
312.2532,-0.173409
312.2706,-0.173435
312.2875,-0.17346
312.3025,-0.173484
312.3206,-0.173507
312.3367,-0.17353
312.3542,-0.173553
312.371,-0.173574
312.3873,-0.173597
312.4038,-0.17362
312.4209,-0.173643
312.4375,-0.173667
312.4531,-0.173693
312.4709,-0.173721
312.4873,-0.173754
312.5045,-0.173779
312.5206,-0.173806
312.5371,-0.173832
312.554,-0.173856
312.5701,-0.17388
312.5875,-0.173903
312.6048,-0.173927
312.621,-0.173952
312.6379,-0.173978
312.6551,-0.174002
312.6703,-0.174027
312.6876,-0.174052
312.7045,-0.174077
312.7211,-0.174101
312.7371,-0.174127
312.7547,-0.174149
312.7708,-0.174174
312.787,-0.174199
312.8037,-0.174225
312.8207,-0.174252
312.8378,-0.174289
312.8543,-0.174324
312.8711,-0.174365
312.8879,-0.174393
312.9046,-0.17442
312.9208,-0.174446
312.9376,-0.174471
312.9539,-0.174497
312.9702,-0.17452
312.9876,-0.174542
313.0042,-0.174565
313.0208,-0.174591
313.0375,-0.174617
313.0541,-0.174643
313.071,-0.174669
313.088,-0.174696
313.1042,-0.174724
313.1208,-0.174752
313.1376,-0.174779
313.1541,-0.174805
313.1708,-0.17483
313.1875,-0.174855
313.2043,-0.174882
313.2202,-0.174909
313.2374,-0.174934
313.2536,-0.174958
313.2712,-0.174983
313.2885,-0.17501
313.3042,-0.175034
313.3207,-0.175057
313.338,-0.17508
313.3536,-0.175101
313.3706,-0.175124
313.3861,-0.175149
313.4034,-0.175177
313.4202,-0.175207
313.4376,-0.175242
313.4541,-0.175279
313.4713,-0.175323
313.4878,-0.175348
313.504,-0.17537
313.5202,-0.175391
313.5372,-0.175412
313.5534,-0.175435
313.5698,-0.175458
313.586,-0.175484
313.6028,-0.175509
313.62,-0.175536
313.6368,-0.175565
313.6526,-0.175593
313.67,-0.175621
313.6868,-0.175646
313.703,-0.175669
313.7199,-0.17569
313.7366,-0.175711
313.7532,-0.175732
313.7699,-0.175752
313.7864,-0.175773
313.8034,-0.175794
313.8199,-0.175817
313.8364,-0.175841
313.8531,-0.175865
313.8702,-0.175891
313.8863,-0.175916
313.9036,-0.17594
313.9196,-0.175965
313.9366,-0.175989
313.9537,-0.176012
313.9699,-0.176034
313.9867,-0.176055
314.0039,-0.176077
314.0199,-0.176099
314.0369,-0.176123
314.0533,-0.176145
314.0701,-0.176169
314.0872,-0.176192
314.1042,-0.176215
314.1202,-0.176237
314.1359,-0.176261
314.1538,-0.176284
314.1699,-0.176308
314.1872,-0.176332
314.203,-0.176358
314.2202,-0.176383
314.2364,-0.176407
314.2537,-0.176431
314.2696,-0.176455
314.2867,-0.17648
314.3031,-0.1765
314.32,-0.17652
314.3361,-0.176543
314.3532,-0.176565
314.3704,-0.17659
314.3865,-0.176614
314.4028,-0.176641
314.421,-0.17667
314.4366,-0.176698
314.4533,-0.176727
314.4699,-0.176753
314.4875,-0.176778
314.5035,-0.176804
314.5203,-0.176829
314.5366,-0.176855
314.5542,-0.176878
314.5702,-0.176901
314.5869,-0.176923
314.6042,-0.176947
314.6204,-0.17697
314.6374,-0.176992
314.653,-0.177014
314.67,-0.177037
314.6876,-0.177058
314.7032,-0.17708
314.7198,-0.177103
314.7364,-0.177126
314.7534,-0.17715
314.7701,-0.177176
314.7871,-0.177202
314.8032,-0.177228
314.8203,-0.177255
314.8365,-0.177281
314.8534,-0.177308
314.8701,-0.177336
314.8868,-0.177364
314.904,-0.17739
314.9202,-0.177416
314.9375,-0.17744
314.9532,-0.177464
314.9695,-0.177489
314.9868,-0.177512
315.0032,-0.177537
315.0197,-0.177563
315.0367,-0.177589
315.0534,-0.177614
315.0698,-0.177641
315.087,-0.17767
315.1023,-0.177697
315.1197,-0.177723
315.1364,-0.177748
315.1534,-0.177777
315.1696,-0.177803
315.1863,-0.17783
315.2031,-0.177857
315.2201,-0.177884
315.2368,-0.17791
315.2524,-0.177936
315.2698,-0.177965
315.2865,-0.177991
315.3026,-0.178017
315.319,-0.178042
315.3361,-0.17807
315.3529,-0.178098
315.3695,-0.178126
315.3865,-0.178154
315.4024,-0.178183
315.4189,-0.178213
315.4362,-0.178238
315.4532,-0.178266
315.4684,-0.178294
315.4863,-0.178323
315.5025,-0.178351
315.5191,-0.178378
315.5363,-0.178405
315.553,-0.17843
315.5693,-0.178457
315.5862,-0.178483
315.6026,-0.17851
315.619,-0.178534
315.6353,-0.178559
315.6528,-0.178585
315.6692,-0.178612
315.6857,-0.178639
315.7021,-0.178668
315.7188,-0.178698
315.736,-0.178728
315.7526,-0.178757
315.7688,-0.178783
315.7863,-0.178809
315.8028,-0.178835
315.8189,-0.178859
315.8354,-0.178885
315.8523,-0.17891
315.8686,-0.178935
315.8855,-0.178961
315.9019,-0.178988
315.919,-0.179012
315.9351,-0.179036
315.9518,-0.179059
315.9688,-0.179082
315.9855,-0.179104
316.0024,-0.179126
316.0189,-0.179148
316.0353,-0.179169
316.052,-0.179188
316.0685,-0.17921
316.0853,-0.179232
316.1022,-0.179256
316.1183,-0.179278
316.1354,-0.179301
316.1518,-0.179323
316.1686,-0.179347
316.1858,-0.179373
316.2016,-0.179397
316.2184,-0.179419
316.2356,-0.179441
316.2525,-0.179467
316.2696,-0.179493
316.285,-0.179519
316.3022,-0.179545
316.3185,-0.179572
316.3355,-0.179599
316.3527,-0.179623
316.369,-0.179648
316.3864,-0.179672
316.4029,-0.179692
316.4194,-0.179712
316.436,-0.179733
316.4523,-0.179757
316.4702,-0.17978
316.4857,-0.179806
316.5031,-0.179832
316.5195,-0.17986
316.5363,-0.179889
316.5527,-0.179915
316.5698,-0.179941
316.5865,-0.179966
316.6024,-0.179989
316.6198,-0.180011
316.6357,-0.180034
316.6528,-0.180057
316.6691,-0.180082
316.6863,-0.18011
316.7025,-0.180138
316.7197,-0.180168
316.7363,-0.180195
316.7529,-0.180224
316.7696,-0.180273
316.7863,-0.180304
316.8034,-0.180334
316.8196,-0.180363
316.836,-0.180393
316.8533,-0.180421
316.8694,-0.180449
316.8867,-0.180492
316.9024,-0.180537
316.9193,-0.180568
316.9357,-0.180606
316.9531,-0.180635
316.9695,-0.180664
316.9865,-0.180692
317.0029,-0.180719
317.0194,-0.180748
317.0355,-0.180776
317.0524,-0.180804
317.0693,-0.180832
317.0865,-0.180862
317.1029,-0.180893
317.1198,-0.180937
317.1362,-0.180971
317.1521,-0.181015
317.1693,-0.181058
317.1856,-0.181091
317.2035,-0.181123
317.2192,-0.181155
317.2361,-0.181185
317.252,-0.181213
317.2689,-0.181241
317.286,-0.181267
317.3022,-0.181296
317.3188,-0.181322
317.3363,-0.181351
317.3531,-0.181379
317.3699,-0.181407
317.3861,-0.181434
317.402,-0.181461
317.4186,-0.181491
317.4351,-0.18152
317.4525,-0.181551
317.4689,-0.18158
317.4857,-0.181609
317.5027,-0.181637
317.5189,-0.181664
317.5355,-0.181692
317.5511,-0.181722
317.5686,-0.181751
317.5853,-0.181781
317.6017,-0.181811
317.6188,-0.181844
317.6359,-0.181876
317.6522,-0.181909
317.6687,-0.181941
317.6851,-0.181972
317.7022,-0.182004
317.7191,-0.182034
317.7359,-0.182067
317.7523,-0.182097
317.7684,-0.182125
317.7853,-0.18215
317.8015,-0.182176
317.8183,-0.182201
317.8346,-0.182228
317.8513,-0.182256
317.8687,-0.182285
317.8854,-0.182318
317.9022,-0.182348
317.9188,-0.182376
317.9357,-0.182405
317.9518,-0.182435
317.9696,-0.182463
317.9854,-0.182487
318.001,-0.182511
318.0193,-0.182535
318.0358,-0.182559
318.0521,-0.182584
318.0682,-0.182611
318.0852,-0.182637
318.1015,-0.182665
318.1184,-0.182693
318.1355,-0.182725
318.152,-0.182757
318.1682,-0.182788
318.1852,-0.182818
318.2021,-0.182846
318.2188,-0.182875
318.2355,-0.182903
318.2516,-0.182931
318.2687,-0.182959
318.2849,-0.182985
318.3018,-0.183012
318.3181,-0.183039
318.3349,-0.183068
318.3522,-0.183096
318.3677,-0.183125
318.3845,-0.183153
318.4015,-0.183183
318.4182,-0.183212
318.4354,-0.183243
318.4514,-0.183275
318.4686,-0.183307
318.4849,-0.183342
318.501,-0.183376
318.519,-0.183406
318.5353,-0.183435
318.552,-0.183462
318.5685,-0.183492
318.586,-0.18352
318.601,-0.183547
318.6188,-0.183578
318.6351,-0.183608
318.6521,-0.183637
318.6686,-0.18367
318.6854,-0.18371
318.7019,-0.183743
318.7184,-0.183774
318.7345,-0.183803
318.7527,-0.183834
318.7688,-0.183865
318.7856,-0.183897
318.8024,-0.18393
318.818,-0.183962
318.8356,-0.183992
318.852,-0.184024
318.8681,-0.184057
318.8855,-0.18409
318.9022,-0.184124
318.9188,-0.184155
318.9353,-0.184186
318.9528,-0.184218
318.9689,-0.184248
318.9861,-0.184279
319.0024,-0.184316
319.0196,-0.184351
319.036,-0.184384
319.0526,-0.184417
319.0694,-0.184451
319.0865,-0.184481
319.1024,-0.184511
319.1185,-0.184539
319.1349,-0.184568
319.1528,-0.184594
319.1687,-0.184623
319.1853,-0.184657
319.2019,-0.184691
319.2191,-0.184725
319.2352,-0.184759
319.2526,-0.184795
319.2685,-0.184842
319.2856,-0.184913
319.3027,-0.184978
319.3185,-0.185013
319.3357,-0.185049
319.3524,-0.185085
319.3692,-0.18512
319.386,-0.185154
319.402,-0.185188
319.4193,-0.185221
319.4359,-0.185253
319.4526,-0.185283
319.4692,-0.185312
319.4857,-0.18534
319.5025,-0.185368
319.5192,-0.185397
319.5363,-0.185428
319.5519,-0.18546
319.5682,-0.185495
319.5858,-0.18553
319.6028,-0.185574
319.6201,-0.185621
319.6362,-0.185657
319.6529,-0.185693
319.6692,-0.185725
319.6863,-0.185757
319.7025,-0.185788
319.7194,-0.185818
319.7361,-0.18585
319.7522,-0.185883
319.7692,-0.185915
319.7865,-0.185944
319.8027,-0.185975
319.8195,-0.186004
319.8366,-0.186032
319.8521,-0.186062
319.869,-0.186092
319.8861,-0.186127
319.9019,-0.186166
319.9182,-0.1862
319.9362,-0.186235
319.9526,-0.186273
319.9696,-0.186308
319.9864,-0.186343
320.0024,-0.186387
320.0191,-0.186423
320.0366,-0.186459
320.0532,-0.186494
320.0694,-0.186527
320.0857,-0.186562
320.1031,-0.186596
320.1195,-0.186627
320.1362,-0.186659
320.1527,-0.186692
320.1689,-0.186726
320.187,-0.186762
320.2025,-0.186798
320.2187,-0.186834
320.2368,-0.186879
320.2531,-0.186915
320.2691,-0.186949
320.2857,-0.186983
320.3024,-0.187018
320.3195,-0.18705
320.3354,-0.187082
320.3526,-0.187117
320.3691,-0.187154
320.3856,-0.18719
320.4025,-0.187225
320.4195,-0.18726
320.4364,-0.187296
320.4537,-0.187331
320.4697,-0.187366
320.4866,-0.187402
320.5034,-0.187439
320.5202,-0.187473
320.5369,-0.187506
320.5529,-0.187538
320.5702,-0.18757
320.5865,-0.187601
320.6042,-0.187633
320.6202,-0.187663
320.6359,-0.187692
320.6533,-0.187721
320.67,-0.187752
320.6864,-0.187787
320.7035,-0.187823
320.7197,-0.187868
320.7367,-0.187917
320.7527,-0.187966
320.7706,-0.188003
320.7873,-0.188038
320.8027,-0.188074
320.8202,-0.188111
320.8355,-0.188148
320.8535,-0.188185
320.8692,-0.188222
320.8864,-0.18826
320.9034,-0.188309
320.9203,-0.188365
320.9365,-0.188403
320.953,-0.188441
320.9697,-0.188475
320.9865,-0.188506
321.0027,-0.188539
321.0203,-0.18857
321.0362,-0.188602
321.053,-0.188634
321.0697,-0.188668
321.086,-0.188704
321.1031,-0.188741
321.12,-0.188793
321.1364,-0.188835
321.1541,-0.188891
321.1696,-0.188929
321.1866,-0.188968
321.2039,-0.189005
321.2192,-0.189042
321.237,-0.189078
321.2535,-0.189113
321.2706,-0.189149
321.2866,-0.189184
321.3033,-0.18922
321.3196,-0.189254
321.3361,-0.18929
321.3537,-0.189325
321.37,-0.189362
321.3866,-0.189398
321.4037,-0.189435
321.42,-0.18947
321.4369,-0.189504
321.4535,-0.189537
321.4699,-0.189568
321.4865,-0.189601
321.5031,-0.189633
321.5198,-0.189665
321.5367,-0.189696
321.5532,-0.189729
321.5702,-0.189763
321.5867,-0.189799
321.6028,-0.189836
321.6195,-0.189879
321.636,-0.189918
321.653,-0.189961
321.6699,-0.189999
321.6861,-0.190035
321.7033,-0.190066
321.7199,-0.190099
321.7361,-0.190132
321.7528,-0.190165
321.769,-0.190197
321.7863,-0.19023
321.803,-0.190266
321.8198,-0.190305
321.8352,-0.190368
321.8531,-0.190425
321.8698,-0.190473
321.8863,-0.190512
321.9029,-0.19055
321.9203,-0.190596
321.9362,-0.190633
321.9534,-0.190672
321.9698,-0.190711
321.9866,-0.190748
322.0026,-0.190784
322.0194,-0.190819
322.0362,-0.190854
322.053,-0.190888
322.0698,-0.190921
322.0861,-0.190955
322.1026,-0.19099
322.1195,-0.191027
322.1364,-0.191065
322.1529,-0.191103
322.1691,-0.19114
322.1862,-0.191177
322.2032,-0.191217
322.2195,-0.191254
322.236,-0.191292
322.2533,-0.19133
322.2701,-0.191368
322.2863,-0.191406
322.303,-0.191444
322.3204,-0.191485
322.3364,-0.191524
322.3535,-0.191563
322.37,-0.191602
322.3866,-0.191641
322.4028,-0.191678
322.419,-0.191714
322.4363,-0.191749
322.4524,-0.191788
322.4689,-0.191825
322.4859,-0.191864
322.5021,-0.191901
322.5189,-0.191939
322.536,-0.191977
322.5521,-0.192016
322.5689,-0.192055
322.5853,-0.192093
322.6019,-0.192132
322.619,-0.192172
322.635,-0.192212
322.652,-0.192251
322.6687,-0.192293
322.6848,-0.192333
322.7021,-0.192369
322.7178,-0.192407
322.7342,-0.192445
322.7513,-0.192485
322.7681,-0.192526
322.7844,-0.192565
322.8008,-0.192605
322.8177,-0.192644
322.8344,-0.192682
322.8512,-0.192721
322.8669,-0.192761
322.8848,-0.192799
322.9012,-0.192836
322.9177,-0.192872
322.935,-0.192911
322.9512,-0.192951
322.967,-0.19299
322.9845,-0.19303
323.0007,-0.193069
323.0182,-0.193108
323.0342,-0.193148
323.0514,-0.193186
323.0676,-0.193226
323.0841,-0.193264
323.1013,-0.193299
323.1184,-0.193336
323.1343,-0.193373
323.1514,-0.193412
323.1679,-0.193448
323.1837,-0.193483
323.2011,-0.193519
323.2182,-0.193555
323.2344,-0.19359
323.2518,-0.193625
323.2679,-0.193658
323.2841,-0.193693
323.3014,-0.193727
323.3179,-0.193761
323.3343,-0.193796
323.3508,-0.193833
323.3687,-0.193868
323.3847,-0.193904
323.4007,-0.193943
323.4173,-0.193982
323.435,-0.19402
323.4515,-0.194055
323.4685,-0.19409
323.4845,-0.194124
323.501,-0.194159
323.5173,-0.194193
323.5337,-0.194227
323.5508,-0.194263
323.5672,-0.194302
323.584,-0.194353
323.6009,-0.194399
323.6172,-0.194452
323.6342,-0.194493
323.6506,-0.194533
323.6676,-0.194572
323.6838,-0.194609
323.7002,-0.194645
323.7166,-0.194679
323.7336,-0.194714
323.7507,-0.194749
323.7668,-0.194786
323.7834,-0.194823
323.8004,-0.19486
323.817,-0.194901
323.8335,-0.194941
323.8506,-0.194986
323.867,-0.195026
323.8838,-0.195065
323.9009,-0.195105
323.9176,-0.195144
323.9337,-0.195183
323.9498,-0.195222
323.9678,-0.19526
323.9842,-0.195299
324.0003,-0.195337
324.0175,-0.195376
324.0341,-0.195417
324.0507,-0.195456
324.0677,-0.195505
324.0835,-0.195557
324.1006,-0.195597
324.118,-0.195637
324.1342,-0.195678
324.1516,-0.195717
324.1681,-0.195754
324.1843,-0.195792
324.2011,-0.195829
324.2178,-0.195865
324.234,-0.195902
324.251,-0.195941
324.2678,-0.195981
324.285,-0.196021
324.3006,-0.196061
324.3174,-0.196102
324.3352,-0.196143
324.3507,-0.196185
324.3683,-0.196224
324.3847,-0.196268
324.4005,-0.196307
324.418,-0.196346
324.4348,-0.196385
324.4509,-0.196425
324.468,-0.196479
324.4845,-0.196557
324.5011,-0.196656
324.5179,-0.196774
324.5355,-0.196862
324.5523,-0.196921
324.5681,-0.196963
324.5857,-0.197005
324.6011,-0.197049
324.6179,-0.197096
324.6341,-0.197143
324.6517,-0.197185
324.6678,-0.197227
324.6852,-0.197306
324.7016,-0.197374
324.718,-0.197454
324.7348,-0.197501
324.7513,-0.19756
324.7687,-0.197605
324.7843,-0.197655
324.8021,-0.197735
324.8175,-0.197819
324.8351,-0.19792
324.8528,-0.197989
324.8684,-0.198095
324.8857,-0.198159
324.9013,-0.198202
324.9185,-0.198243
324.9351,-0.198285
324.9516,-0.198325
324.9684,-0.198366
324.9846,-0.198408
325.0014,-0.198456
325.0184,-0.198499
325.0342,-0.198558
325.051,-0.198605
325.0675,-0.198677
325.0838,-0.198776
325.1012,-0.198858
325.1176,-0.198987
325.1349,-0.199134
325.1513,-0.199271
325.1677,-0.199404
325.184,-0.1995
325.2012,-0.199569
325.2171,-0.19964
325.2339,-0.199735
325.2505,-0.19982
325.2673,-0.199887
325.2841,-0.199928
325.3007,-0.199969
325.3176,-0.200022
325.3342,-0.20007
325.3505,-0.200137
325.3675,-0.200196
325.3839,-0.200258
325.4001,-0.200345
325.4176,-0.200429
325.4333,-0.200479
325.4498,-0.200526
325.467,-0.200567
325.4842,-0.200609
325.5001,-0.200651
325.5159,-0.200693
325.5333,-0.200734
325.5493,-0.200774
325.5662,-0.200814
325.5828,-0.200856
325.5998,-0.200928
325.6165,-0.200972
325.6325,-0.201013
325.6494,-0.201053
325.6662,-0.201093
325.6828,-0.201133
325.6992,-0.201173
325.7158,-0.201215
325.7322,-0.201255
325.7489,-0.201296
325.7657,-0.201338
325.7823,-0.20138
325.799,-0.201422
325.8155,-0.201464
325.8327,-0.201507
325.8489,-0.201549
325.8657,-0.201588
325.8826,-0.201627
325.8993,-0.201669
325.9159,-0.201711
325.9326,-0.201755
325.9485,-0.201798
325.9653,-0.20184
325.9827,-0.201884
325.9995,-0.201927
326.0146,-0.201969
326.0322,-0.202012
326.0494,-0.202056
326.0662,-0.202097
326.0826,-0.202154
326.0988,-0.202238
326.1157,-0.202307
326.1331,-0.202351
326.1491,-0.202394
326.1666,-0.202436
326.1826,-0.202479
326.1992,-0.202524
326.2157,-0.202566
326.2327,-0.202607
326.2491,-0.202647
326.2666,-0.202689
326.2828,-0.202731
326.2991,-0.202774
326.3156,-0.202818
326.3323,-0.20288
326.3496,-0.202951
326.3661,-0.203019
326.3829,-0.203111
326.3995,-0.203181
326.416,-0.203243
326.4327,-0.20329
326.4491,-0.203364
326.4659,-0.203413
326.4829,-0.203465
326.4999,-0.203521
326.5166,-0.203577
326.5334,-0.20362
326.549,-0.203663
326.5654,-0.203705
326.5827,-0.203748
326.5996,-0.203792
326.6164,-0.203848
326.6322,-0.203906
326.6495,-0.203973
326.6664,-0.204024
326.6839,-0.204078
326.7005,-0.20417
326.7161,-0.204256
326.7324,-0.204317
326.7495,-0.204389
326.7669,-0.20447
326.7837,-0.204565
326.7999,-0.20467
326.8163,-0.204797
326.8329,-0.20486
326.8497,-0.204911
326.8664,-0.204953
326.8824,-0.205
326.8989,-0.205044
326.9165,-0.205086
326.9328,-0.205161
326.9494,-0.205219
326.9659,-0.205288
326.9824,-0.205333
326.9986,-0.205377
327.0164,-0.20546
327.0331,-0.205558
327.0496,-0.205631
327.066,-0.205692
327.082,-0.205737
327.0992,-0.205789
327.1159,-0.205847
327.1326,-0.205925
327.1489,-0.206001
327.1658,-0.206069
327.1821,-0.206116
327.199,-0.206184
327.2158,-0.206254
327.2312,-0.206377
327.2492,-0.206508
327.2658,-0.206606
327.2826,-0.206722
327.2991,-0.20685
327.316,-0.206983
327.3328,-0.207046
327.3491,-0.207091
327.3654,-0.207134
327.3829,-0.207208
327.3988,-0.207251
327.4159,-0.207294
327.4327,-0.207337
327.4496,-0.207418
327.4656,-0.207472
327.4827,-0.207521
327.4985,-0.207566
327.516,-0.207615
327.5333,-0.207671
327.5495,-0.207718
327.5657,-0.207788
327.5823,-0.207873
327.5991,-0.207929
327.6157,-0.207985
327.6322,-0.208119
327.6496,-0.208236
327.6657,-0.208305
327.6825,-0.208348
327.6992,-0.208403
327.7159,-0.208461
327.7325,-0.208518
327.7485,-0.208577
327.7655,-0.208623
327.7827,-0.208677
327.7995,-0.208765
327.816,-0.20886
327.8315,-0.208948
327.8487,-0.209045
327.8657,-0.20913
327.8823,-0.209217
327.8994,-0.209309
327.915,-0.209361
327.9327,-0.209454
327.9489,-0.209501
327.9651,-0.20955
327.9819,-0.209594
327.998,-0.209645
328.015,-0.209697
328.0325,-0.209789
328.0482,-0.209901
328.0648,-0.210001
328.0822,-0.210071
328.0989,-0.210114
328.1158,-0.210156
328.1326,-0.210199
328.1487,-0.210256
328.1656,-0.2103
328.1826,-0.210368
328.1986,-0.21045
328.2152,-0.21054
328.2327,-0.210662
328.2486,-0.210806
328.2649,-0.210911
328.2822,-0.211018
328.2982,-0.211139
328.3154,-0.211211
328.3324,-0.211287
328.3485,-0.21133
328.3648,-0.211372
328.3822,-0.211429
328.3986,-0.211489
328.4149,-0.211571
328.432,-0.211711
328.4489,-0.211789
328.4647,-0.211841
328.4809,-0.211893
328.4983,-0.21196
328.5153,-0.212003
328.5314,-0.212044
328.5484,-0.212085
328.5648,-0.212132
328.5818,-0.212172
328.5978,-0.212215
328.6143,-0.212281
328.631,-0.212363
328.6482,-0.212466
328.6649,-0.21259
328.6823,-0.212691
328.6983,-0.212767
328.7144,-0.212832
328.7316,-0.212918
328.7483,-0.212973
328.7649,-0.213016
328.7818,-0.213071
328.7985,-0.21313
328.8142,-0.213172
328.8308,-0.213214
328.8486,-0.213267
328.8647,-0.213365
328.8815,-0.213442
328.8979,-0.213616
328.9146,-0.2138
328.932,-0.213926
328.9486,-0.214035
328.9657,-0.214122
328.9823,-0.214213
328.9983,-0.214301
329.015,-0.214341
329.0317,-0.214381
329.0479,-0.214464
329.0652,-0.214503
329.0815,-0.214542
329.0981,-0.214585
329.1151,-0.214656
329.1316,-0.214774
329.1487,-0.214936
329.1661,-0.215163
329.1818,-0.215336
329.1982,-0.2155
329.2152,-0.215641
329.2318,-0.21572
329.2486,-0.2158
329.2649,-0.215842
329.2814,-0.215913
329.2987,-0.215966
329.3153,-0.216007
329.3317,-0.216046
329.3477,-0.2161
329.3655,-0.216138
329.3821,-0.216179
329.3976,-0.216248
329.4142,-0.216299
329.4311,-0.216405
329.4481,-0.216511
329.465,-0.2167
329.4811,-0.216882
329.4978,-0.217061
329.5145,-0.217226
329.5314,-0.217361
329.5479,-0.217512
329.5643,-0.217637
329.5809,-0.217747
329.5981,-0.21785
329.6142,-0.217931
329.631,-0.218032
329.6475,-0.218114
329.6648,-0.218218
329.6819,-0.218298
329.6973,-0.218384
329.7152,-0.218491
329.7316,-0.218593
329.7479,-0.218673
329.7644,-0.218767
329.7809,-0.218895
329.7982,-0.218985
329.8142,-0.21907
329.8314,-0.219159
329.8482,-0.21922
329.8652,-0.219266
329.881,-0.219312
329.8976,-0.219371
329.9138,-0.219436
329.9314,-0.219517
329.9474,-0.219599
329.9647,-0.219758
329.9811,-0.219896
329.9973,-0.220043
330.0145,-0.22016
330.0309,-0.22026
330.0477,-0.220368
330.0646,-0.220518
330.0808,-0.220624
330.0978,-0.220735
330.1137,-0.220828
330.1312,-0.220886
330.1483,-0.220963
330.1639,-0.221032
330.1807,-0.221122
330.1971,-0.221255
330.2138,-0.221386
330.2308,-0.221503
330.2466,-0.221662
330.2646,-0.221779
330.2816,-0.221881
330.2975,-0.221974
330.3142,-0.222038
330.3308,-0.222093
330.3477,-0.22214
330.3642,-0.222195
330.3809,-0.222262
330.3974,-0.222331
330.4145,-0.222424
330.4316,-0.222534
330.4482,-0.222639
330.4645,-0.222722
330.481,-0.222785
330.4981,-0.222828
330.5143,-0.222896
330.5316,-0.222967
330.5479,-0.223052
330.5643,-0.223154
330.5812,-0.223271
330.598,-0.223377
330.6147,-0.223492
330.6305,-0.223618
330.6473,-0.223824
330.665,-0.223958
330.6807,-0.224057
330.6979,-0.224134
330.7141,-0.224204
330.7316,-0.224282
330.7477,-0.224344
330.7642,-0.224446
330.7808,-0.22453
330.7975,-0.224638
330.8138,-0.224786
330.8308,-0.22501
330.8473,-0.225171
330.8643,-0.225336
330.8805,-0.225529
330.8977,-0.225663
330.9141,-0.225769
330.9305,-0.225889
330.9478,-0.226009
330.9647,-0.226097
330.9803,-0.226179
330.9969,-0.226288
331.0142,-0.226388
331.0309,-0.226472
331.047,-0.226553
331.0645,-0.226652
331.08,-0.226756
331.0968,-0.226859
331.1134,-0.226989
331.13,-0.227134
331.1463,-0.227296
331.1629,-0.227447
331.1803,-0.227637
331.1977,-0.227773
331.2134,-0.227901
331.2296,-0.228023
331.2473,-0.228107
331.2639,-0.228195
331.28,-0.228272
331.2963,-0.228345
331.3132,-0.228408
331.3297,-0.228475
331.3464,-0.228572
331.3629,-0.228674
331.3792,-0.228786
331.396,-0.228916
331.4127,-0.229044
331.43,-0.229185
331.4463,-0.229321
331.4628,-0.229436
331.4788,-0.22952
331.4962,-0.229608
331.513,-0.229709
331.5298,-0.229812
331.5457,-0.229903
331.562,-0.229997
331.5794,-0.230072
331.596,-0.230147
331.6128,-0.230209
331.6285,-0.2303
331.6458,-0.230372
331.6625,-0.230424
331.6788,-0.230455
331.6956,-0.230521
331.7123,-0.230607
331.7287,-0.230645
331.7456,-0.230715
331.7617,-0.230814
331.7785,-0.230897
331.796,-0.230988
331.8115,-0.231089
331.8282,-0.231199
331.845,-0.231332
331.8618,-0.231474
331.8785,-0.231646
331.8943,-0.231792
331.912,-0.231886
331.9285,-0.231977
331.9449,-0.23203
331.9612,-0.232087
331.9779,-0.232148
331.9947,-0.232195
332.0114,-0.232252
332.0281,-0.232309
332.0447,-0.232382
332.0606,-0.232462
332.0775,-0.232521
332.0944,-0.232597
332.1112,-0.232674
332.1271,-0.232799
332.1445,-0.232953
332.1605,-0.233071
332.1775,-0.233207
332.1947,-0.233337
332.2113,-0.233476
332.2276,-0.233608
332.2442,-0.233687
332.2609,-0.233727
332.2773,-0.233767
332.2933,-0.233803
332.3112,-0.233839
332.3274,-0.233894
332.3437,-0.233942
332.3609,-0.234038
332.3767,-0.234125
332.3934,-0.234201
332.411,-0.234302
332.4271,-0.234417
332.4442,-0.234555
332.4598,-0.234711
332.4775,-0.234799
332.4936,-0.234891
332.5099,-0.23499
332.5276,-0.235094
332.5435,-0.235213
332.5609,-0.235299
332.5764,-0.235379
332.5939,-0.23545
332.61,-0.235533
332.6276,-0.23563
332.6437,-0.235715
332.6596,-0.235789
332.6759,-0.235852
332.6939,-0.235942
332.7096,-0.236023
332.7268,-0.236097
332.7431,-0.236174
332.7599,-0.23625
332.7771,-0.236315
332.7939,-0.236483
332.8098,-0.236606
332.8264,-0.236743
332.8433,-0.236866
332.8596,-0.237026
332.8763,-0.237218
332.8931,-0.237483
332.909,-0.237674
332.9268,-0.23783
332.9436,-0.237992
332.9592,-0.238125
332.9773,-0.238269
332.9931,-0.238365
333.0098,-0.23843
333.0272,-0.23849
333.0434,-0.238557
333.0602,-0.238642
333.0763,-0.238742
333.0934,-0.23891
333.1098,-0.239072
333.1266,-0.239221
333.1436,-0.239349
333.1602,-0.239498
333.1769,-0.239646
333.1937,-0.239789
333.2092,-0.239934
333.2263,-0.24005
333.2432,-0.240172
333.2597,-0.240346
333.2762,-0.240501
333.2929,-0.240638
333.3094,-0.240731
333.326,-0.240861
333.3437,-0.241001
333.3591,-0.241134
333.3765,-0.241307
333.3938,-0.241488
333.4098,-0.241626
333.427,-0.241714
333.443,-0.241815
333.4601,-0.241898
333.4764,-0.242022
333.4934,-0.24211
333.5098,-0.242179
333.5263,-0.242269
333.5433,-0.2424
333.5598,-0.242587
333.5751,-0.24277
333.5925,-0.242942
333.6096,-0.243136
333.6261,-0.243327
333.6421,-0.243482
333.6588,-0.243648
333.6762,-0.243795
333.6925,-0.243935
333.7082,-0.244081
333.7254,-0.244244
333.7425,-0.244474
333.7593,-0.244637
333.7756,-0.244775
333.7916,-0.24495
333.8086,-0.245046
333.8253,-0.245112
333.842,-0.245195
333.8585,-0.245305
333.8758,-0.245426
333.8916,-0.245488
333.9089,-0.24556
333.9255,-0.245621
333.942,-0.245707
333.9584,-0.245803
333.9752,-0.245908
333.9919,-0.246018
334.009,-0.246129
334.0249,-0.246227
334.0421,-0.246344
334.0585,-0.246436
334.0751,-0.246553
334.0916,-0.24669
334.1087,-0.24684
334.1252,-0.246982
334.1412,-0.247148
334.1582,-0.247298
334.1761,-0.247468
334.1926,-0.247604
334.208,-0.247734
334.2255,-0.247826
334.241,-0.247919
334.2592,-0.248
334.2754,-0.248084
334.2921,-0.248188
334.3086,-0.248267
334.3261,-0.248385
334.3413,-0.248473
334.3589,-0.248567
334.3747,-0.248685
334.3923,-0.248793
334.4088,-0.248948
334.4246,-0.249097
334.4413,-0.249246
334.4589,-0.249378
334.4753,-0.249515
334.4916,-0.249692
334.5082,-0.249852
334.526,-0.249982
334.5424,-0.250079
334.56,-0.250191
334.5759,-0.250356
334.592,-0.2505
334.6089,-0.250631
334.6255,-0.250772
334.6423,-0.250886
334.6587,-0.250999
334.6754,-0.251127
334.6922,-0.25123
334.7082,-0.251349
334.7249,-0.251432
334.7419,-0.251517
334.7594,-0.251646
334.7751,-0.251818
334.7924,-0.251987
334.8086,-0.252186
334.8252,-0.252296
334.8416,-0.25239
334.8586,-0.252515
334.875,-0.252654
334.8924,-0.252803
334.9084,-0.252922
334.9249,-0.253089
334.9423,-0.253257
334.9581,-0.253452
334.9752,-0.253624
334.9917,-0.253809
335.009,-0.25395
335.0248,-0.254098
335.0421,-0.254234
335.0581,-0.254313
335.0746,-0.254401
335.0914,-0.254494
335.1079,-0.254583
335.1245,-0.254687
335.141,-0.254804
335.1578,-0.254923
335.1748,-0.255016
335.1909,-0.255109
335.2077,-0.255191
335.2236,-0.255277
335.2407,-0.255358
335.2572,-0.255445
335.2743,-0.255565
335.2902,-0.255693
335.3073,-0.255826
335.3248,-0.255951
335.3411,-0.25605
335.3579,-0.256137
335.3745,-0.256221
335.3904,-0.256303
335.4074,-0.256385
335.4238,-0.256486
335.4404,-0.256567
335.457,-0.256657
335.4738,-0.256747
335.4903,-0.256838
335.507,-0.25694
335.5235,-0.257055
335.5405,-0.25714
335.5573,-0.257263
335.5735,-0.257373
335.59,-0.257476
335.6066,-0.2576
335.6237,-0.257717
335.6407,-0.257827
335.656,-0.257945
335.6736,-0.258042
335.6902,-0.25815
335.7067,-0.258256
335.7232,-0.258363
335.7406,-0.258459
335.7566,-0.258532
335.7734,-0.25858
335.7899,-0.258619
335.8069,-0.25866
335.8233,-0.258691
335.8398,-0.258719
335.8565,-0.258768
335.8734,-0.258854
335.8892,-0.258988
335.9061,-0.25911
335.9227,-0.259251
335.9405,-0.259356
335.9561,-0.259502
335.973,-0.259599
335.99,-0.259693
336.0068,-0.259797
336.0228,-0.259871
336.0396,-0.259962
336.0562,-0.260033
336.0734,-0.26014
336.0901,-0.260251
336.106,-0.260329
336.1234,-0.260385
336.14,-0.260438
336.1562,-0.260496
336.1729,-0.260546
336.1898,-0.260608
336.2068,-0.260674
336.2231,-0.260765
336.2399,-0.260928
336.2564,-0.261038
336.273,-0.261189
336.2896,-0.261362
336.3066,-0.261521
336.3239,-0.261623
336.3396,-0.261738
336.3573,-0.261867
336.3737,-0.261971
336.3907,-0.262067
336.4066,-0.26213
336.4231,-0.262185
336.4407,-0.262229
336.4567,-0.262293
336.4731,-0.262376
336.4902,-0.262503
336.5066,-0.262604
336.5233,-0.262703
336.5397,-0.262803
336.5567,-0.262921
336.5736,-0.26308
336.5891,-0.263229
336.6063,-0.263339
336.6223,-0.263475
336.6399,-0.263573
336.6562,-0.263724
336.6728,-0.263894
336.6898,-0.264041
336.706,-0.264212
336.7229,-0.26442
336.7397,-0.264536
336.7566,-0.264645
336.7733,-0.264776
336.7895,-0.264905
336.8063,-0.265078
336.823,-0.265188
336.8395,-0.265325
336.8562,-0.265449
336.8729,-0.265571
336.8892,-0.265699
336.9061,-0.265819
336.9229,-0.265929
336.9399,-0.26603
336.9557,-0.266221
336.9726,-0.266377
336.9897,-0.266574
337.0055,-0.266741
337.023,-0.266869
337.0397,-0.266986
337.0558,-0.267083
337.0729,-0.267192
337.0894,-0.267242
337.106,-0.267301
337.1222,-0.267372
337.1389,-0.267439
337.1561,-0.267551
337.1721,-0.267641
337.1896,-0.267756
337.206,-0.267871
337.2222,-0.267992
337.2391,-0.268059
337.2549,-0.268191
337.272,-0.268323
337.289,-0.268455
337.3055,-0.268623
337.321,-0.2688
337.3399,-0.268971
337.3562,-0.269065
337.3723,-0.269169
337.389,-0.269248
337.4055,-0.269305
337.4225,-0.269353
337.4392,-0.269441
337.4552,-0.269529
337.4716,-0.269601
337.4888,-0.269691
337.5062,-0.269766
337.5226,-0.269842
337.5388,-0.269916
337.5552,-0.26999
337.572,-0.270072
337.5883,-0.270116
337.6048,-0.27019
337.6221,-0.270275
337.6388,-0.270355
337.6552,-0.270448
337.6711,-0.270555
337.6886,-0.270652
337.7052,-0.270784
337.7215,-0.270911
337.7385,-0.271046
337.7549,-0.271207
337.7711,-0.27134
337.7888,-0.27151
337.8047,-0.271675
337.8208,-0.27182
337.8379,-0.271919
337.8549,-0.272003
337.8719,-0.272063
337.8882,-0.272146
337.9044,-0.272204
337.9212,-0.272239
337.9381,-0.272268
337.9545,-0.272295
337.9709,-0.272323
337.9877,-0.272355
338.0042,-0.272379
338.0215,-0.272402
338.0377,-0.27245
338.0542,-0.272479
338.0702,-0.272513
338.0873,-0.272578
338.1049,-0.272665
338.121,-0.272767
338.1371,-0.272831
338.154,-0.272874
338.1709,-0.272904
338.1871,-0.272946
338.2043,-0.273
338.2207,-0.273076
338.2363,-0.273143
338.2541,-0.273207
338.2714,-0.273287
338.2877,-0.273399
338.3041,-0.273486
338.3206,-0.273548
338.3373,-0.273581
338.3544,-0.273642
338.3706,-0.273696
338.3866,-0.273748
338.4036,-0.273779
338.4195,-0.273825
338.437,-0.273909
338.4532,-0.274008
338.4702,-0.27408
338.4874,-0.274139
338.5042,-0.274181
338.5207,-0.274249
338.5369,-0.274343
338.5536,-0.274419
338.5698,-0.274487
338.5868,-0.274533
338.6039,-0.274577
338.6201,-0.274629
338.637,-0.274715
338.6538,-0.274803
338.6706,-0.274896
338.6865,-0.274966
338.7034,-0.275054
338.7204,-0.275141
338.7368,-0.2752
338.7538,-0.275261
338.7695,-0.275293
338.7866,-0.275336
338.8035,-0.27537
338.8193,-0.275414
338.837,-0.275474
338.8534,-0.275568
338.8694,-0.275641
338.8863,-0.275708
338.9034,-0.275826
338.9196,-0.275924
338.9356,-0.276051
338.9531,-0.27616
338.9699,-0.276238
338.9865,-0.276334
339.0028,-0.276387
339.0197,-0.276443
339.0363,-0.276495
339.0533,-0.276559
339.0696,-0.276625
339.0856,-0.276694
339.1025,-0.276775
339.1197,-0.276859
339.136,-0.27695
339.1526,-0.277079
339.169,-0.277176
339.1854,-0.277244
339.2036,-0.277292
339.2195,-0.277348
339.236,-0.277453
339.2522,-0.277586
339.269,-0.277667
339.2856,-0.277756
339.3025,-0.277843
339.3196,-0.277927
339.3364,-0.277992
339.3528,-0.278023
339.3694,-0.278056
339.3858,-0.278099
339.403,-0.278137
339.4194,-0.278176
339.4351,-0.278227
339.4526,-0.278287
339.4697,-0.278332
339.4865,-0.278383
339.5022,-0.278434
339.5188,-0.278512
339.5364,-0.278552
339.5527,-0.278597
339.5693,-0.27863
339.5854,-0.27868
339.6021,-0.278737
339.6193,-0.278791
339.6354,-0.278839
339.6525,-0.278885
339.6693,-0.278932
339.6856,-0.278964
339.7026,-0.278996
339.7184,-0.279029
339.7358,-0.279087
339.7519,-0.27912
339.7687,-0.279157
339.7851,-0.279191
339.8022,-0.279251
339.8187,-0.279285
339.8361,-0.27932
339.8521,-0.279353
339.869,-0.279386
339.8861,-0.279419
339.902,-0.279453
339.9189,-0.279487
339.935,-0.279523
339.9521,-0.279559
339.9693,-0.279607
339.9861,-0.279671
340.0024,-0.279719
340.0188,-0.279773
340.0358,-0.279811
340.053,-0.279845
340.0696,-0.279881
340.0856,-0.279918
340.1015,-0.279955
340.1184,-0.27999
340.1354,-0.280027
340.1528,-0.280063
340.1692,-0.280115
340.1865,-0.28016
340.2018,-0.280196
340.2192,-0.280231
340.2354,-0.280266
340.252,-0.280302
340.2688,-0.280341
340.2856,-0.280382
340.3019,-0.280422
340.3188,-0.280458
340.3356,-0.280494
340.3523,-0.280527
340.3688,-0.280559
340.3851,-0.280593
340.4017,-0.280626
340.419,-0.280658
340.4351,-0.280691
340.4522,-0.280728
340.469,-0.280763
340.4855,-0.280799
340.5021,-0.280835
340.5191,-0.280873
340.5355,-0.28091
340.5516,-0.280949
340.5686,-0.280998
340.5855,-0.281036
340.602,-0.281075
340.6184,-0.281124
340.636,-0.281189
340.6525,-0.281247
340.6682,-0.281304
340.6854,-0.281356
340.7025,-0.281402
340.7189,-0.281445
340.7361,-0.281485
340.7531,-0.281529
340.7697,-0.28158
340.7859,-0.281616
340.8029,-0.281652
340.8195,-0.281685
340.8359,-0.281722
340.8523,-0.281759
340.8697,-0.281797
340.886,-0.281834
340.9024,-0.281871
340.9202,-0.281909
340.936,-0.281948
340.9522,-0.281983
340.9694,-0.282019
340.9863,-0.282056
341.0025,-0.28209
341.0193,-0.282127
341.0358,-0.282167
341.0531,-0.282205
341.0696,-0.282241
341.0865,-0.282277
341.1031,-0.282312
341.1204,-0.282349
341.136,-0.282384
341.1529,-0.282419
341.1696,-0.282453
341.1866,-0.282488
341.2034,-0.282522
341.2203,-0.282558
341.2366,-0.282597
341.253,-0.282634
341.27,-0.282669
341.2867,-0.282705
341.3029,-0.282738
341.3201,-0.282772
341.337,-0.282804
341.3539,-0.282837
341.3703,-0.282872
341.3859,-0.282906
341.403,-0.282938
341.4194,-0.282973
341.4363,-0.283006
341.4528,-0.283041
341.4702,-0.283077
341.4867,-0.28311
341.5035,-0.283143
341.5191,-0.283176
341.5359,-0.28321
341.5531,-0.283243
341.5698,-0.283276
341.5867,-0.283308
341.6031,-0.283339
341.6205,-0.283368
341.6364,-0.283396
341.6526,-0.283423
341.6706,-0.28345
341.6855,-0.283479
341.7028,-0.283507
341.7191,-0.283536
341.7364,-0.283566
341.7529,-0.283598
341.7694,-0.283636
341.7865,-0.283669
341.8029,-0.283699
341.8199,-0.283731
341.837,-0.283761
341.8539,-0.283792
341.8693,-0.283821
341.8861,-0.283848
341.9029,-0.283876
341.9203,-0.283903
341.9365,-0.283932
341.9534,-0.28396
341.9701,-0.283988
341.9869,-0.284013
342.0045,-0.284037
342.0197,-0.284062
342.0367,-0.284084
342.053,-0.284104
342.0711,-0.284122
342.0869,-0.284141
342.1034,-0.284161
342.1199,-0.284181
342.1367,-0.284201
342.1535,-0.28422
342.1703,-0.284241
342.1862,-0.284261
342.2036,-0.284281
342.2195,-0.284299
342.237,-0.284319
342.2538,-0.284339
342.2699,-0.28436
342.2877,-0.28438
342.3035,-0.284397
342.3207,-0.284414
342.3368,-0.284433
342.3529,-0.284448
342.3704,-0.284462
342.3862,-0.284474
342.4033,-0.284486
342.4198,-0.2845
342.4365,-0.284516
342.4529,-0.284531
342.4693,-0.284548
342.4863,-0.284561
342.503,-0.284573
342.5203,-0.284584
342.5368,-0.284595
342.554,-0.284606
342.57,-0.284613
342.5868,-0.28462
342.6022,-0.284627
342.6197,-0.284635
342.6362,-0.284646
342.653,-0.284658
342.6699,-0.284671
342.687,-0.284684
342.7029,-0.284697
342.7206,-0.284707
342.7363,-0.284712
342.7534,-0.284716
342.7701,-0.284721
342.787,-0.284727
342.8028,-0.284731
342.82,-0.284735
342.8368,-0.284741
342.8533,-0.284748
342.8703,-0.284752
342.8872,-0.284755
342.9041,-0.284758
342.9205,-0.284758
342.9377,-0.284756
342.9539,-0.284757
342.9705,-0.284742
342.9875,-0.284729
343.0036,-0.284725
343.0209,-0.284713
343.0371,-0.284707
343.0532,-0.284699
343.0707,-0.284687
343.087,-0.28468
343.1037,-0.28467
343.1206,-0.28466
343.1371,-0.284655
343.1534,-0.284638
343.1713,-0.284631
343.1876,-0.284621
343.2042,-0.284608
343.2203,-0.284584
343.2372,-0.28456
343.2541,-0.284529
343.2709,-0.284492
343.2877,-0.284464
343.304,-0.284449
343.3202,-0.284422
343.3374,-0.2844
343.3542,-0.284382
343.3707,-0.284359
343.3876,-0.284336
343.4046,-0.284306
343.4208,-0.284247
343.4382,-0.284206
343.4547,-0.284163
343.4715,-0.284104
343.4879,-0.284039
343.5048,-0.283975
343.521,-0.283904
343.5381,-0.283827
343.5542,-0.283761
343.5712,-0.283708
343.5875,-0.283684
343.6041,-0.283653
343.6206,-0.283608
343.6381,-0.283569
343.6544,-0.283501
343.6718,-0.283432
343.6879,-0.283354
343.7041,-0.283266
343.7212,-0.283127
343.7373,-0.282979
343.7541,-0.282839
343.7709,-0.282759
343.7873,-0.282695
343.804,-0.282633
343.8207,-0.282546
343.8376,-0.282408
343.8543,-0.282282
343.8718,-0.282152
343.8887,-0.282039
343.9048,-0.281954
343.9216,-0.281878
343.938,-0.28179
343.9544,-0.281712
343.9715,-0.281625
343.9889,-0.281526
344.0047,-0.28137
344.0211,-0.281168
344.0386,-0.280957
344.0542,-0.280675
344.0714,-0.280462
344.0874,-0.280274
344.1046,-0.280081
344.1219,-0.279901
344.1381,-0.27977
344.1547,-0.279663
344.1713,-0.279492
344.1885,-0.27928
344.2049,-0.279075
344.2222,-0.278919
344.239,-0.278756
344.2549,-0.27859
344.2721,-0.278425
344.2889,-0.278244
344.3055,-0.278057
344.3226,-0.27786
344.339,-0.277637
344.3563,-0.27743
344.3723,-0.277261
344.3889,-0.277062
344.4058,-0.276835
344.4218,-0.276707
344.4391,-0.276602
344.4554,-0.27645
344.4721,-0.276254
344.4888,-0.276014
344.506,-0.275725
344.5225,-0.275378
344.5393,-0.275046
344.5561,-0.27471
344.5724,-0.274459
344.5889,-0.274239
344.6055,-0.274052
344.6221,-0.273916
344.6389,-0.273797
344.6561,-0.273639
344.6723,-0.273511
344.6896,-0.273327
344.7062,-0.273126
344.7232,-0.272925
344.7393,-0.27266
344.7561,-0.272451
344.7731,-0.272156
344.7898,-0.271904
344.8061,-0.271581
344.8224,-0.271331
344.8399,-0.27104
344.8564,-0.270763
344.8737,-0.270483
344.8902,-0.270276
344.9065,-0.27006
344.924,-0.269887
344.9405,-0.26967
344.9569,-0.269468
344.9738,-0.269245
344.9902,-0.269018
345.0071,-0.268708
345.0239,-0.268353
345.0406,-0.268
345.0567,-0.267557
345.0747,-0.267162
345.0903,-0.266828
345.1076,-0.266544
345.1237,-0.266263
345.141,-0.266021
345.1581,-0.265768
345.175,-0.265572
345.1922,-0.265387
345.2081,-0.265199
345.2247,-0.265024
345.2414,-0.264785
345.2587,-0.264499
345.2749,-0.264182
345.2923,-0.263918
345.3086,-0.263526
345.3254,-0.263194
345.3422,-0.262824
345.3589,-0.26251
345.3754,-0.262204
345.3924,-0.261929
345.4095,-0.261688
345.4262,-0.261467
345.4429,-0.26122
345.4593,-0.260928
345.4765,-0.260715
345.4925,-0.260474
345.5096,-0.260261
345.5264,-0.260115
345.5433,-0.259948
345.5605,-0.259762
345.5771,-0.259518
345.5928,-0.25924
345.611,-0.258988
345.6275,-0.258758
345.6436,-0.258451
345.6609,-0.258154
345.6778,-0.257832
345.6943,-0.257511
345.7107,-0.257124
345.7277,-0.256844
345.7445,-0.256459
345.7616,-0.25612
345.7784,-0.255724
345.7941,-0.255377
345.8114,-0.255073
345.8271,-0.25476
345.8444,-0.254498
345.8615,-0.254231
345.8779,-0.253936
345.8948,-0.253582
345.9116,-0.253298
345.9285,-0.253086
345.9453,-0.252893
345.9612,-0.252718
345.9785,-0.252577
345.9958,-0.252425
346.012,-0.252254
346.0289,-0.252081
346.0452,-0.251825
346.0623,-0.251405
346.079,-0.250863
346.0953,-0.250454
346.1128,-0.250142
346.1294,-0.249908
346.1456,-0.249612
346.1627,-0.24939
346.1797,-0.249195
346.1971,-0.249019
346.2132,-0.248822
346.2296,-0.248525
346.2474,-0.248167
346.2635,-0.247709
346.281,-0.247268
346.2969,-0.246768
346.3138,-0.246228
346.3311,-0.245538
346.3473,-0.244974
346.3642,-0.244488
346.381,-0.244158
346.3974,-0.243905
346.4141,-0.243686
346.4314,-0.243521
346.4479,-0.243395
346.4648,-0.243167
346.4818,-0.242923
346.4984,-0.242724
346.5152,-0.242455
346.5325,-0.242173
346.5481,-0.241837
346.5658,-0.241434
346.5825,-0.241089
346.5984,-0.240758
346.6166,-0.240438
346.6333,-0.240101
346.6489,-0.239672
346.6664,-0.239177
346.683,-0.238819
346.6994,-0.238392
346.7159,-0.238002
346.7334,-0.237639
346.7506,-0.237349
346.7669,-0.237069
346.7835,-0.23679
346.8002,-0.236615
346.8172,-0.236285
346.8338,-0.235931
346.8503,-0.235582
346.8672,-0.235208
346.8838,-0.234762
346.8999,-0.234307
346.9174,-0.233923
346.9344,-0.233577
346.95,-0.233225
346.9664,-0.232953
346.9843,-0.232723
347.0011,-0.232423
347.0181,-0.23215
347.0341,-0.231936
347.0509,-0.231599
347.0677,-0.230982
347.0846,-0.230517
347.1012,-0.230218
347.1185,-0.229909
347.1342,-0.229473
347.1515,-0.229094
347.1682,-0.228799
347.1853,-0.228492
347.202,-0.228292
347.2196,-0.22812
347.2357,-0.227909
347.2532,-0.227644
347.2693,-0.227257
347.286,-0.226889
347.3024,-0.22632
347.3195,-0.225724
347.337,-0.225251
347.353,-0.224772
347.37,-0.224265
347.3865,-0.223886
347.403,-0.223585
347.4193,-0.223259
347.4367,-0.223035
347.4535,-0.222758
347.4701,-0.222521
347.4869,-0.222218
347.5031,-0.221809
347.5209,-0.221535
347.5373,-0.221338
347.5538,-0.221072
347.5713,-0.220671
347.5865,-0.220324
347.604,-0.219927
347.6209,-0.21953
347.6373,-0.219214
347.6539,-0.218764
347.6707,-0.218326
347.6877,-0.217962
347.704,-0.217713
347.7215,-0.217412
347.7378,-0.21711
347.7541,-0.216814
347.7717,-0.216555
347.7883,-0.216294
347.8043,-0.215983
347.8217,-0.21577
347.8383,-0.215475
347.8558,-0.215028
347.8724,-0.214634
347.8893,-0.214246
347.9056,-0.213813
347.9224,-0.213386
347.9389,-0.212857
347.956,-0.212539
347.972,-0.212149
347.9894,-0.21178
348.006,-0.211489
348.0229,-0.21122
348.0395,-0.21103
348.0558,-0.210743
348.072,-0.210348
348.0888,-0.210008
348.1063,-0.209654
348.1238,-0.209382
348.1401,-0.209147
348.1557,-0.208699
348.1738,-0.208372
348.1902,-0.207941
348.2068,-0.207755
348.2235,-0.207541
348.2395,-0.207233
348.2563,-0.20689
348.2734,-0.206502
348.2909,-0.206093
348.308,-0.205735
348.3235,-0.20554
348.3408,-0.205315
348.3568,-0.205114
348.3738,-0.204837
348.3909,-0.204469
348.4082,-0.204131
348.4247,-0.20384
348.4413,-0.203636
348.4578,-0.20334
348.4745,-0.202975
348.491,-0.20241
348.508,-0.201871
348.5245,-0.201471
348.541,-0.201127
348.558,-0.2008
348.5752,-0.20053
348.5915,-0.200206
348.6079,-0.199998
348.6247,-0.199816
348.6418,-0.199578
348.6588,-0.199344
348.6758,-0.199013
348.6923,-0.198657
348.7092,-0.198291
348.7251,-0.198002
348.7423,-0.197621
348.7584,-0.197412
348.7757,-0.197251
348.7926,-0.197068
348.809,-0.196842
348.8258,-0.196649
348.8426,-0.196363
348.8598,-0.19601
348.8757,-0.195732
348.8923,-0.195399
348.9094,-0.195084
348.9262,-0.194778
348.9424,-0.194536
348.9601,-0.194365
348.977,-0.194182
348.9936,-0.193966
349.0103,-0.193751
349.0268,-0.193515
349.0429,-0.193188
349.0606,-0.192923
349.077,-0.192653
349.0944,-0.19246
349.1107,-0.192261
349.1272,-0.192032
349.1442,-0.191828
349.1612,-0.191572
349.1779,-0.191327
349.1948,-0.191146
349.2112,-0.190963
349.2277,-0.190727
349.2442,-0.190514
349.2616,-0.190288
349.2783,-0.190073
349.2955,-0.189848
349.3114,-0.189599
349.3288,-0.189301
349.3448,-0.188922
349.3623,-0.188564
349.3789,-0.188203
349.3953,-0.187952
349.4119,-0.187734
349.4286,-0.1876
349.4445,-0.187446
349.4625,-0.187332
349.4786,-0.187249
349.4966,-0.187162
349.5126,-0.187008
349.5293,-0.186847
349.546,-0.186682
349.5635,-0.186463
349.5794,-0.186168
349.5962,-0.18583
349.6133,-0.185564
349.6303,-0.18527
349.6467,-0.184923
349.6632,-0.184686
349.6806,-0.184451
349.6964,-0.184212
349.7136,-0.184004
349.7298,-0.183883
349.7465,-0.183798
349.763,-0.183667
349.7799,-0.183562
349.7975,-0.183413
349.815,-0.183229
349.8311,-0.183019
349.8473,-0.182834
349.8636,-0.182655
349.8806,-0.182432
349.898,-0.182165
349.9141,-0.182011
349.932,-0.181866
349.9479,-0.181742
349.9645,-0.181592
349.9818,-0.181461
349.9976,-0.181344
350.0147,-0.181208
350.0313,-0.181099
350.0486,-0.180997
350.065,-0.180829
350.0818,-0.180587
350.0984,-0.180391
350.1151,-0.180196
350.1323,-0.179968
350.1484,-0.17981
350.1652,-0.179661
350.1813,-0.17951
350.1983,-0.179352
350.2144,-0.179231
350.2319,-0.179158
350.2489,-0.179083
350.2659,-0.178992
350.2815,-0.178827
350.2987,-0.178648
350.3153,-0.178412
350.332,-0.178214
350.3489,-0.17799
350.3656,-0.17783
350.3819,-0.177698
350.399,-0.177561
350.4156,-0.177441
350.4321,-0.177297
350.4489,-0.17715
350.466,-0.177018
350.4827,-0.176893
350.499,-0.17678
350.5162,-0.176686
350.5319,-0.176548
350.5489,-0.176372
350.5658,-0.176186
350.5823,-0.176017
350.5994,-0.17584
350.6156,-0.175707
350.6318,-0.17555
350.6488,-0.175356
350.6659,-0.175205
350.6828,-0.175052
350.6995,-0.174866
350.7161,-0.174659
350.7327,-0.174455
350.7497,-0.174257
350.7661,-0.173995
350.7827,-0.17377
350.7991,-0.173633
350.8156,-0.173514
350.8327,-0.173439
350.8495,-0.173356
350.8661,-0.173248
350.8824,-0.173066
350.8998,-0.172911
350.9154,-0.172736
350.9329,-0.17257
350.9496,-0.172418
350.9659,-0.172263
350.9836,-0.172091
350.9995,-0.171992
351.0169,-0.171897
351.0333,-0.171782
351.0493,-0.171691
351.0667,-0.171585
351.0831,-0.171453
351.0995,-0.171306
351.1158,-0.171144
351.1336,-0.171006
351.1503,-0.170855
351.1663,-0.170671
351.1831,-0.170506
351.2007,-0.170357
351.217,-0.170189
351.2336,-0.170065
351.2499,-0.169972
351.2669,-0.169854
351.2838,-0.169728
351.3009,-0.169656
351.3168,-0.16958
351.333,-0.169503
351.3505,-0.16944
351.3676,-0.169341
351.3844,-0.169241
351.401,-0.169146
351.4176,-0.169083
351.4347,-0.168988
351.4513,-0.168868
351.4676,-0.168698
351.4843,-0.16857
351.5013,-0.168468
351.518,-0.168404
351.5353,-0.168365
351.5505,-0.168328
351.5685,-0.168283
351.5855,-0.168234
351.6018,-0.168204
351.6188,-0.168159
351.6356,-0.168117
351.652,-0.168037
351.6685,-0.16793
351.6851,-0.167851
351.7019,-0.167771
351.7188,-0.167661
351.7353,-0.167612
351.7518,-0.167573
351.769,-0.167531
351.7852,-0.167495
351.8025,-0.167467
351.8191,-0.167431
351.8351,-0.167391
351.8521,-0.16734
351.8683,-0.167288
351.8854,-0.167224
351.9025,-0.167177
351.919,-0.167152
351.9352,-0.167124
351.9523,-0.167092
351.969,-0.167056
351.9858,-0.167003
352.0028,-0.166948
352.0188,-0.166903
352.0361,-0.16687
352.0527,-0.166836
352.0694,-0.166803
352.0859,-0.166773
352.1026,-0.166735
352.1195,-0.166696
352.1363,-0.166653
352.1534,-0.166596
352.1692,-0.166546
352.1852,-0.166474
352.2031,-0.166417
352.2193,-0.166362
352.2366,-0.166311
352.2531,-0.166285
352.2695,-0.166246
352.2866,-0.1662
352.3031,-0.166163
352.3203,-0.166107
352.3374,-0.166072
352.3529,-0.16603
352.3702,-0.165979
352.3865,-0.165923
352.4036,-0.165868
352.4203,-0.165809
352.4368,-0.165771
352.4525,-0.165691
352.47,-0.165605
352.487,-0.165529
352.5037,-0.165464
352.52,-0.165431
352.5363,-0.165379
352.5534,-0.165328
352.5697,-0.165282
352.5864,-0.165237
352.6035,-0.165178
352.6204,-0.165137
352.6368,-0.165086
352.6536,-0.165032
352.6694,-0.164988
352.6863,-0.164947
352.7035,-0.16491
352.7197,-0.164874
352.7362,-0.164838
352.7532,-0.164787
352.7699,-0.164736
352.787,-0.164671
352.8026,-0.164629
352.8199,-0.164602
352.8362,-0.164576
352.8532,-0.16455
352.8697,-0.164523
352.8869,-0.164497
352.9041,-0.16447
352.9198,-0.164436
352.9366,-0.16438
352.9535,-0.164302
352.9704,-0.164197
352.9875,-0.164096
353.0035,-0.16402
353.0203,-0.16395
353.0367,-0.163892
353.0531,-0.16383
353.0699,-0.163723
353.0866,-0.163603
353.1032,-0.163536
353.12,-0.163491
353.1371,-0.163421
353.1533,-0.163341
353.1703,-0.163272
353.1865,-0.163208
353.2031,-0.163134
353.2193,-0.163083
353.2363,-0.163035
353.2537,-0.162975
353.2698,-0.162895
353.2873,-0.162819
353.3033,-0.162748
353.3201,-0.162693
353.3364,-0.162645
353.3533,-0.16261
353.3696,-0.162578
353.3868,-0.162547
353.4036,-0.162516
353.4206,-0.162454
353.438,-0.162382
353.4539,-0.162326
353.4707,-0.162264
353.4868,-0.16222
353.5039,-0.162188
353.5205,-0.162158
353.5371,-0.162128
353.5543,-0.162098
353.5703,-0.162068
353.5868,-0.162026
353.6045,-0.161973
353.6204,-0.161922
353.6367,-0.16184
353.6542,-0.161743
353.6703,-0.161666
353.6872,-0.161623
353.7043,-0.161592
353.7205,-0.16153
353.7377,-0.161491
353.7542,-0.16146
353.7709,-0.161428
353.7881,-0.161397
353.8042,-0.161366
353.821,-0.161337
353.8371,-0.161305
353.8542,-0.161272
353.8717,-0.161239
353.8886,-0.161207
353.9049,-0.161176
353.9213,-0.161142
353.9378,-0.161108
353.9548,-0.161074
353.9717,-0.161039
353.9873,-0.161002
354.0045,-0.160969
354.0219,-0.160935
354.0386,-0.1609
354.0551,-0.160865
354.0709,-0.160831
354.088,-0.160799
354.1051,-0.160766
354.1216,-0.160731
354.1381,-0.160691
354.1547,-0.160658
354.1718,-0.160624
354.1888,-0.160589
354.2049,-0.160556
354.2216,-0.16052
354.2385,-0.160464
354.2549,-0.16043
354.2721,-0.160396
354.2881,-0.160358
354.304,-0.160325
354.3216,-0.160292
354.3385,-0.160259
354.355,-0.160228
354.3716,-0.160199
354.388,-0.160171
354.4045,-0.160141
354.4212,-0.16011
354.4389,-0.160079
354.4549,-0.160049
354.4717,-0.16002
354.4882,-0.159989
354.5046,-0.159958
354.5215,-0.159925
354.5388,-0.159893
354.555,-0.159859
354.5716,-0.159826
354.588,-0.159795
354.6047,-0.159762
354.6223,-0.159728
354.6382,-0.159696
354.655,-0.159663
354.6715,-0.159632
354.6879,-0.159599
354.705,-0.159566
354.7218,-0.159535
354.7378,-0.159503
354.754,-0.159471
354.7713,-0.159441
354.7885,-0.159409
354.8049,-0.159378
354.8211,-0.159349
354.8378,-0.159319
354.8545,-0.159289
354.8713,-0.15926
354.8886,-0.159229
354.9047,-0.159201
354.9215,-0.15917
354.9377,-0.159138
354.9548,-0.159106
354.9709,-0.159074
354.9882,-0.159042
355.0048,-0.15901
355.021,-0.158978
355.0383,-0.158944
355.0547,-0.158913
355.0721,-0.158881
355.0881,-0.15885
355.1048,-0.158814
355.1211,-0.15878
355.1382,-0.158745
355.1551,-0.158713
355.1716,-0.15868
355.1876,-0.15865
355.2049,-0.158617
355.2213,-0.158582
355.2387,-0.158548
355.2549,-0.158513
355.2715,-0.158478
355.2871,-0.158415
355.3046,-0.158375
355.3213,-0.158337
355.338,-0.158304
355.3547,-0.158272
355.3705,-0.158241
355.3883,-0.158209
355.4049,-0.158177
355.4218,-0.158146
355.4384,-0.158113
355.4545,-0.158082
355.4718,-0.158048
355.4884,-0.158017
355.505,-0.157986
355.5217,-0.157953
355.5381,-0.15792
355.555,-0.157885
355.5716,-0.157852
355.5887,-0.157821
355.6056,-0.157787
355.622,-0.157752
355.6383,-0.15772
355.6555,-0.157687
355.6718,-0.157652
355.6888,-0.157617
355.7053,-0.157582
355.7218,-0.157546
355.7387,-0.15751
355.7554,-0.157476
355.7718,-0.157442
355.7883,-0.157409
355.8052,-0.157374
355.8217,-0.157341
355.8387,-0.157306
355.8547,-0.157272
355.8717,-0.15724
355.8881,-0.157209
355.9055,-0.157175
355.9219,-0.157143
355.9389,-0.157111
355.956,-0.157081
355.9729,-0.157052
355.9896,-0.157019
356.0061,-0.156987
356.0225,-0.156953
356.0398,-0.156921
356.0553,-0.15689
356.0728,-0.156857
356.0894,-0.156825
356.1056,-0.156794
356.1223,-0.156762
356.1395,-0.15673
356.1557,-0.156696
356.1728,-0.156662
356.1899,-0.156627
356.2061,-0.156592
356.2224,-0.156556
356.239,-0.156521
356.2555,-0.156487
356.2726,-0.156455
356.2896,-0.156421
356.3059,-0.156388
356.3233,-0.156355
356.3393,-0.156322
356.3554,-0.15629
356.3722,-0.156257
356.3896,-0.156224
356.4059,-0.156191
356.4224,-0.156161
356.4396,-0.156132
356.456,-0.156104
356.4727,-0.156076
356.4893,-0.15605
356.5065,-0.156022
356.5226,-0.155995
356.54,-0.155968
356.5567,-0.155942
356.573,-0.155917
356.5898,-0.155887
356.6055,-0.155857
356.6227,-0.155824
356.6396,-0.155792
356.656,-0.155761
356.6723,-0.155729
356.6891,-0.155697
356.7054,-0.155669
356.7222,-0.15564
356.7391,-0.155614
356.756,-0.155587
356.7734,-0.155561
356.7898,-0.155535
356.8062,-0.155508
356.8232,-0.155483
356.8396,-0.155457
356.8562,-0.15543
356.8725,-0.155403
356.8893,-0.155375
356.906,-0.155348
356.9222,-0.155322
356.939,-0.155294
356.9561,-0.155269
356.972,-0.155243
356.9891,-0.155216
357.0059,-0.155187
357.0217,-0.155157
357.0388,-0.155129
357.056,-0.155103
357.0719,-0.155077
357.0888,-0.155051
357.1062,-0.155028
357.1223,-0.155004
357.1393,-0.154981
357.1555,-0.154957
357.1721,-0.154931
357.1892,-0.154903
357.2051,-0.154875
357.2228,-0.154847
357.2388,-0.15482
357.2563,-0.154793
357.2722,-0.154766
357.2886,-0.15474
357.3057,-0.154713
357.3221,-0.154687
357.3396,-0.154663
357.356,-0.154636
357.3725,-0.154608
357.389,-0.154581
357.4063,-0.154553
357.4232,-0.154525
357.4393,-0.154499
357.4554,-0.154474
357.4727,-0.154448
357.489,-0.154421
357.5057,-0.154394
357.5226,-0.15437
357.5397,-0.154344
357.5554,-0.154317
357.5723,-0.154292
357.5893,-0.15427
357.6062,-0.154246
357.6227,-0.154223
357.6386,-0.154198
357.6558,-0.154176
357.6728,-0.154151
357.6893,-0.154126
357.706,-0.1541
357.722,-0.154075
357.7393,-0.154047
357.7555,-0.154022
357.7722,-0.153996
357.7882,-0.153971
357.8056,-0.153949
357.8224,-0.153926
357.8395,-0.153903
357.8558,-0.153879
357.8733,-0.153854
357.8894,-0.153827
357.9061,-0.153803
357.9226,-0.153779
357.939,-0.153755
357.9557,-0.153728
357.9729,-0.153703
357.9891,-0.15368
358.0059,-0.153656
358.023,-0.153631
358.0391,-0.153607
358.0555,-0.153581
358.0727,-0.153554
358.0895,-0.153528
358.106,-0.153502
358.1226,-0.153478
358.1393,-0.153456
358.1566,-0.153434
358.1728,-0.153412
358.189,-0.153393
358.2061,-0.153373
358.224,-0.153352
358.2402,-0.15333
358.2559,-0.153308
358.2736,-0.153286
358.2902,-0.153263
358.3061,-0.153241
358.3233,-0.153219
358.3394,-0.153199
358.3561,-0.153178
358.3725,-0.153159
358.3898,-0.153141
358.4059,-0.15312
358.4229,-0.153099
358.439,-0.15308
358.4564,-0.15306
358.4733,-0.153039
358.4893,-0.153022
358.5066,-0.153003
358.5237,-0.152983
358.5394,-0.152964
358.5564,-0.152944
358.5728,-0.152926
358.5899,-0.152907
358.6071,-0.152889
358.6229,-0.152871
358.6403,-0.152856
358.657,-0.152839
358.6733,-0.152822
358.6906,-0.152803
358.7068,-0.152782
358.7235,-0.152761
358.7397,-0.15274
358.7576,-0.15272
358.7734,-0.152702
358.7903,-0.152685
358.8067,-0.152668
358.8232,-0.15265
358.8409,-0.152636
358.8567,-0.152621
358.8733,-0.152605
358.8903,-0.152588
358.9073,-0.152574
358.9238,-0.152558
358.9405,-0.152543
358.9568,-0.152528
358.9738,-0.15251
358.9912,-0.152493
359.007,-0.152474
359.0241,-0.152458
359.0401,-0.15244
359.0568,-0.152423
359.0739,-0.152404
359.0901,-0.152389
359.107,-0.152374
359.124,-0.152361
359.1394,-0.152347
359.1566,-0.152332
359.1739,-0.152317
359.1901,-0.152303
359.2071,-0.152288
359.2232,-0.152277
359.2399,-0.152266
359.2567,-0.152253
359.2733,-0.152239
359.2903,-0.152228
359.3071,-0.152216
359.324,-0.152201
359.3404,-0.152186
359.3575,-0.152169
359.374,-0.152152
359.3897,-0.152136
359.4067,-0.152119
359.4236,-0.152105
359.4399,-0.152092
359.4571,-0.15208
359.4743,-0.15207
359.4903,-0.152058
359.5068,-0.152047
359.5233,-0.152037
359.5403,-0.152027
359.557,-0.152017
359.5736,-0.152005
359.5904,-0.151991
359.607,-0.151978
359.6244,-0.151965
359.6402,-0.15195
359.6576,-0.151935
359.6741,-0.151922
359.6904,-0.151908
359.7071,-0.151895
359.7239,-0.151884
359.7407,-0.15187
359.7572,-0.151857
359.774,-0.151842
359.79,-0.151828
359.8074,-0.151815
359.8236,-0.151803
359.8402,-0.15179
359.8568,-0.151778
359.8742,-0.151766
359.8901,-0.151754
359.9076,-0.151742
359.9237,-0.15173
359.9408,-0.151718
359.9576,-0.151704
359.9746,-0.151691
359.9907,-0.151675
360.0071,-0.151662
360.024,-0.15165
360.0401,-0.151637
360.0576,-0.151626
360.0737,-0.151614
360.0906,-0.151604
360.1071,-0.151595
360.124,-0.151582
360.1411,-0.151569
360.157,-0.151558
360.1741,-0.151545
360.1902,-0.151532
360.2064,-0.15152
360.2239,-0.151506
360.2405,-0.151494
360.2573,-0.15148
360.2742,-0.151469
360.2902,-0.151458
360.307,-0.151447
360.3233,-0.151437
360.3404,-0.151428
360.3569,-0.151419
360.3744,-0.151411
360.3909,-0.151404
360.4066,-0.151394
360.4239,-0.151385
360.4409,-0.151373
360.4568,-0.151359
360.4749,-0.151346
360.4916,-0.151334
360.5081,-0.151322
360.5245,-0.151309
360.5409,-0.151298
360.5577,-0.151285
360.5746,-0.15127
360.5913,-0.151257
360.6078,-0.151248
360.6245,-0.151237
360.6412,-0.151226
360.6574,-0.151214
360.6746,-0.151205
360.6915,-0.151196
360.709,-0.151188
360.7248,-0.15118
360.7415,-0.15117
360.7579,-0.151157
360.7748,-0.151144
360.7914,-0.151132
360.8079,-0.151122
360.825,-0.151115
360.8411,-0.151107
360.8577,-0.151098
360.8747,-0.15109
360.8914,-0.151082
360.908,-0.151074
360.9248,-0.151068
360.9408,-0.151061
360.9583,-0.151054
360.9738,-0.151044
360.9911,-0.151035
361.0079,-0.151028
361.0241,-0.151022
361.0417,-0.151017
361.0572,-0.151013
361.0748,-0.15101
361.0914,-0.151006
361.1076,-0.151003
361.1244,-0.150997
361.1407,-0.150993
361.1568,-0.150988
361.1738,-0.15098
361.1915,-0.150972
361.2079,-0.150966
361.2255,-0.150959
361.2415,-0.150954
361.257,-0.150947
361.2744,-0.150943
361.291,-0.150934
361.3075,-0.150924
361.325,-0.150913
361.3409,-0.150905
361.358,-0.150897
361.3737,-0.150891
361.3905,-0.150883
361.4067,-0.150876
361.424,-0.150871
361.4411,-0.150865
361.4574,-0.150859
361.4742,-0.150852
361.4907,-0.150844
361.5072,-0.150834
361.5238,-0.150825
361.5409,-0.150815
361.5567,-0.150807
361.5735,-0.150797
361.5901,-0.15079
361.6069,-0.15078
361.6244,-0.150772
361.6408,-0.150763
361.6569,-0.150755
361.674,-0.150748
361.6909,-0.150739
361.7074,-0.150729
361.7235,-0.15072
361.7407,-0.150712
361.7571,-0.150704
361.7742,-0.150698
361.7906,-0.150691
361.8076,-0.150682
361.824,-0.150672
361.8405,-0.150663
361.857,-0.150652
361.8741,-0.150641
361.8905,-0.15063
361.9073,-0.150619
361.9246,-0.150609
361.9411,-0.150599
361.9579,-0.150588
361.9737,-0.150578
361.991,-0.150568
362.0068,-0.150555
362.0249,-0.150544
362.0408,-0.150534
362.0575,-0.150524
362.0746,-0.150516
362.0901,-0.150507
362.1081,-0.1505
362.1239,-0.150491
362.1413,-0.150485
362.1578,-0.150479
362.1747,-0.150472
362.1917,-0.150465
362.2084,-0.150456
362.2244,-0.150446
362.2412,-0.150436
362.2578,-0.150427
362.2748,-0.150417
362.2916,-0.150407
362.3084,-0.150398
362.325,-0.150387
362.3417,-0.150377
362.358,-0.15037
362.3753,-0.150364
362.3919,-0.150358
362.4084,-0.150351
362.4254,-0.150344
362.4415,-0.150337
362.4584,-0.150333
362.4756,-0.150329
362.4921,-0.150324
362.5086,-0.150316
362.5259,-0.150309
362.5424,-0.150303
362.5587,-0.150296
362.5751,-0.150289
362.5916,-0.150282
362.6095,-0.150275
362.626,-0.150266
362.6425,-0.15026
362.6591,-0.150253
362.6752,-0.150246
362.6924,-0.15024
362.7085,-0.150232
362.7254,-0.150227
362.7418,-0.150223
362.759,-0.150222
362.7761,-0.150222
362.7929,-0.150222
362.8091,-0.150219
362.8257,-0.150218
362.8424,-0.150216
362.8596,-0.150214
362.8757,-0.150212
362.8926,-0.150209
362.9099,-0.150205
362.9261,-0.150202
362.9427,-0.150197
362.9597,-0.150192
362.9763,-0.150187
362.9932,-0.150182
363.0101,-0.150177
363.0257,-0.150175
363.0425,-0.150173
363.0598,-0.15017
363.076,-0.150168
363.093,-0.150168
363.1096,-0.150166
363.1261,-0.150165
363.1428,-0.150165
363.1602,-0.15016
363.1766,-0.150154
363.1932,-0.150152
363.2102,-0.150149
363.2263,-0.150143
363.2426,-0.150139
363.2603,-0.150134
363.2765,-0.150132
363.2931,-0.15013
363.31,-0.150127
363.3266,-0.150127
363.3433,-0.150128
363.3599,-0.150128
363.3766,-0.150126
363.3943,-0.150126
363.4102,-0.150127
363.4276,-0.150128
363.4441,-0.150128
363.4612,-0.150128
363.4772,-0.150127
363.4935,-0.150126
363.5105,-0.150125
363.5269,-0.150123
363.5436,-0.150122
363.56,-0.150121
363.5766,-0.150118
363.5935,-0.150117
363.6103,-0.150114
363.6272,-0.150114
363.6439,-0.150115
363.6603,-0.150115
363.6774,-0.150115
363.6928,-0.150115
363.7101,-0.150115
363.727,-0.150117
363.7427,-0.15012
363.7596,-0.150125
363.7771,-0.150129
363.7943,-0.150134
363.8105,-0.150136
363.8271,-0.150139
363.8435,-0.150141
363.8597,-0.150141
363.8773,-0.150143
363.8933,-0.150147
363.9099,-0.150151
363.9266,-0.150155
363.9433,-0.150159
363.9603,-0.150162
363.9766,-0.150165
363.9937,-0.150169
364.0099,-0.150172
364.0266,-0.150178
364.0435,-0.150182
364.0602,-0.150186
364.0769,-0.15019
364.0941,-0.150192
364.1108,-0.150195
364.1267,-0.150194
364.1432,-0.150193
364.1598,-0.150189
364.1763,-0.150186
364.1936,-0.150182
364.2097,-0.150181
364.2261,-0.150181
364.2434,-0.150181
364.26,-0.150185
364.2768,-0.150187
364.2934,-0.150191
364.3103,-0.150195
364.3269,-0.150197
364.3438,-0.150198
364.3596,-0.150198
364.3767,-0.150198
364.3927,-0.150196
364.4093,-0.150193
364.4258,-0.150189
364.4429,-0.150187
364.459,-0.150188
364.4762,-0.15019
364.4928,-0.150191
364.5101,-0.150191
364.5266,-0.150189
364.5435,-0.150186
364.5597,-0.150186
364.5775,-0.150185
364.5924,-0.150183
364.61,-0.150181
364.6257,-0.150179
364.6429,-0.150179
364.6591,-0.15018
364.6759,-0.150182
364.6924,-0.150182
364.7091,-0.150179
364.7258,-0.150178
364.7424,-0.150176
364.7593,-0.150172
364.7757,-0.150169
364.7921,-0.150164
364.8091,-0.150159
364.8252,-0.150155
364.8424,-0.150153
364.8586,-0.150151
364.875,-0.150147
364.8918,-0.150145
364.9089,-0.150144
364.9253,-0.150141
364.9419,-0.150138
364.9587,-0.150138
364.975,-0.150139
364.992,-0.15014
365.0085,-0.150141
365.0246,-0.150142
365.0421,-0.150141
365.0585,-0.150138
365.075,-0.150134
365.092,-0.150131
365.1085,-0.15013
365.125,-0.150128
365.1413,-0.150125
365.1584,-0.150123
365.1753,-0.150118
365.1914,-0.150115
365.2082,-0.150112
365.2247,-0.150108
365.2416,-0.150105
365.2574,-0.150099
365.2744,-0.150093
365.2916,-0.150087
365.3086,-0.150083
365.325,-0.15008
365.3412,-0.150078
365.3581,-0.150077
365.3749,-0.150075
365.391,-0.150071
365.4087,-0.150068
365.4248,-0.150066
365.442,-0.150063
365.4573,-0.150058
365.474,-0.150052
365.4912,-0.150044
365.5074,-0.150038
365.5242,-0.150034
365.5411,-0.150032
365.5583,-0.150026
365.5744,-0.150021
365.5911,-0.150015
365.6084,-0.150008
365.6239,-0.15
365.6409,-0.149991
365.6581,-0.149982
365.6745,-0.149975
365.6916,-0.149969
365.7079,-0.149964
365.7245,-0.149959
365.7405,-0.149952
365.7579,-0.149947
365.7739,-0.149942
365.7906,-0.149934
365.8073,-0.14993
365.8242,-0.149925
365.8409,-0.149921
365.8574,-0.149918
365.874,-0.149916
365.8911,-0.149917
365.9073,-0.149917
365.9248,-0.149917
365.9413,-0.149912
365.9582,-0.149905
365.9752,-0.149897
365.9911,-0.14989
366.0073,-0.149882
366.024,-0.149874
366.0401,-0.149862
366.0573,-0.149851
366.0738,-0.149842
366.0902,-0.149837
366.1072,-0.149834
366.1231,-0.149829
366.1401,-0.149826
366.1563,-0.149825
366.1742,-0.149824
366.1905,-0.149824
366.2073,-0.149825
366.2239,-0.149824
366.2403,-0.149821
366.2571,-0.149816
366.2735,-0.149807
366.2907,-0.1498
366.3074,-0.149794
366.3242,-0.149788
366.3407,-0.149783
366.3571,-0.149778
366.3738,-0.149773
366.3906,-0.149766
366.4077,-0.14976
366.4239,-0.149755
366.4406,-0.14975
366.4575,-0.149741
366.4737,-0.149735
366.4911,-0.149728
366.5079,-0.149719
366.5237,-0.14971
366.5405,-0.149703
366.5573,-0.149699
366.5746,-0.149696
366.5901,-0.149694
366.6076,-0.149691
366.6247,-0.149687
366.6416,-0.149686
366.6579,-0.149683
366.6744,-0.14968
366.6912,-0.149675
366.7081,-0.149671
366.7256,-0.149667
366.7417,-0.149664
366.7583,-0.149661
366.7752,-0.149659
366.7921,-0.149652
366.8092,-0.149646
366.8251,-0.149639
366.8419,-0.149634
366.8585,-0.149631
366.8752,-0.149628
366.8918,-0.149626
366.9085,-0.149621
366.925,-0.149618
366.9419,-0.149616
366.959,-0.149616
366.9754,-0.149615
366.9918,-0.149615
367.0088,-0.149612
367.0261,-0.149609
367.0426,-0.149606
367.0583,-0.149606
367.0754,-0.149604
367.0917,-0.149603
367.1084,-0.149601
367.1258,-0.1496
367.1422,-0.1496
367.1585,-0.149599
367.1756,-0.149598
367.1924,-0.149598
367.2091,-0.149598
367.2258,-0.149598
367.2417,-0.149602
367.2583,-0.149607
367.2754,-0.14961
367.2924,-0.149616
367.3092,-0.149623
367.3256,-0.149627
367.3424,-0.149627
367.3587,-0.149628
367.3758,-0.149628
367.3929,-0.149629
367.409,-0.149628
367.4256,-0.149629
367.4425,-0.149631
367.4592,-0.149632
367.4755,-0.14963
367.4923,-0.14963
367.5092,-0.149631
367.526,-0.14963
367.5423,-0.149631
367.559,-0.149631
367.5764,-0.149631
367.5927,-0.149632
367.6096,-0.149633
367.6263,-0.149635
367.6428,-0.149638
367.6591,-0.149642
367.6757,-0.149645
367.6921,-0.149646
367.7097,-0.149649
367.7252,-0.149652
367.7433,-0.149655
367.7591,-0.149658
367.7762,-0.149659
367.7927,-0.149659
367.8088,-0.149658
367.8266,-0.149657
367.843,-0.149655
367.8594,-0.149653
367.8769,-0.149647
367.8925,-0.149645
367.9106,-0.149643
367.9258,-0.149644
367.9425,-0.149644
367.9595,-0.149645
367.9767,-0.149649
367.9933,-0.149652
368.0098,-0.149656
368.0266,-0.149659
368.0434,-0.149659
368.0598,-0.149661
368.0767,-0.149663
368.0934,-0.149669
368.11,-0.149674
368.1263,-0.149677
368.143,-0.14968
368.1594,-0.149683
368.1771,-0.149688
368.1932,-0.149693
368.2102,-0.149698
368.2267,-0.1497
368.2433,-0.149698
368.2604,-0.149696
368.2772,-0.149696
368.2937,-0.149696
368.31,-0.149693
368.3266,-0.149692
368.3435,-0.149694
368.36,-0.149696
368.3766,-0.149699
368.3933,-0.149703
368.4101,-0.149707
368.4271,-0.149709
368.4438,-0.149711
368.4597,-0.149715
368.4772,-0.149717
368.4935,-0.149718
368.5099,-0.14972
368.5261,-0.149722
368.5428,-0.149726
368.5607,-0.149731
368.5771,-0.149734
368.5933,-0.149738
368.6104,-0.149741
368.627,-0.149743
368.6438,-0.149744
368.6605,-0.149744
368.6775,-0.149743
368.6934,-0.149745
368.7105,-0.149745
368.7269,-0.149747
368.7439,-0.149749
368.7607,-0.14975
368.7777,-0.149751
368.7945,-0.149754
368.8109,-0.149757
368.8277,-0.14976
