Temperaturee (°C),Heat flow (W/g)
°C,W/g
70.0110,0.0128782
70.0105,0.0128806
70.0109,0.0128846
70.0107,0.0128890
70.0108,0.0128929
70.0105,0.0128957
70.0108,0.0128970
70.0108,0.0128991
70.0109,0.0129023
70.0115,0.0129031
70.0118,0.0129020
70.0116,0.0128999
70.0113,0.0128990
70.0112,0.0128980
70.0125,0.0128998
70.0130,0.0129024
70.0133,0.0129053
70.0131,0.0129067
70.0140,0.0129089
70.0150,0.0129149
70.0149,0.0129234
70.0158,0.0129328
70.0174,0.0129445
70.0183,0.0129842
70.0193,0.0130810
70.0202,0.0132409
70.0215,0.0135374
70.0237,0.0139513
70.0252,0.0145623
70.0269,0.0155377
70.0303,0.0168638
70.0323,0.0184395
70.0348,0.0204249
70.0376,0.0224755
70.0404,0.0246299
70.0433,0.0271206
70.0465,0.0293677
70.0500,0.0311591
70.0536,0.0326790
70.0577,0.0345473
70.0617,0.0366552
70.0669,0.0385354
70.0716,0.0405366
70.0762,0.0425780
70.0811,0.0444522
70.0861,0.0465475
70.0918,0.0486997
70.0970,0.0506167
70.1038,0.0522668
70.1098,0.0537564
70.1169,0.0555435
70.1227,0.0572252
70.1296,0.0590812
70.1369,0.0610272
70.1451,0.0624731
70.1523,0.0640745
70.1605,0.0656698
70.1683,0.0673321
70.1759,0.0687497
70.1853,0.0700112
70.1938,0.0710747
70.2018,0.0723955
70.2115,0.0734890
70.2206,0.0747462
70.2291,0.0758754
70.2394,0.0767967
70.2487,0.0776388
70.2589,0.0785688
70.2680,0.0794065
70.2788,0.0799714
70.2891,0.0802607
70.2989,0.0804022
70.3091,0.0810712
70.3194,0.0812640
70.3312,0.0813613
70.3421,0.0811382
70.3534,0.0809336
70.3638,0.0811313
70.3757,0.0805731
70.3865,0.0806571
70.3985,0.0806217
70.4097,0.0804584
70.4206,0.0801414
70.4342,0.0798232
70.4459,0.0793967
70.4566,0.0789305
70.4691,0.0779022
70.4802,0.0772461
70.4926,0.0761713
70.5058,0.0751694
70.5177,0.0742729
70.5300,0.0737381
70.5421,0.0731929
70.5551,0.0727784
70.5683,0.0721921
70.5803,0.0713402
70.5929,0.0703552
70.6058,0.0694843
70.6185,0.0685210
70.6317,0.0674638
70.6451,0.0662772
70.6575,0.0650392
70.6696,0.0637669
70.6826,0.0624291
70.6957,0.0609213
70.7087,0.0590292
70.7230,0.0571650
70.7354,0.0555916
70.7487,0.0544112
70.7622,0.0529453
70.7762,0.0516683
70.7889,0.0502570
70.8027,0.0488812
70.8165,0.0477828
70.8301,0.0465900
70.8443,0.0455763
70.8575,0.0442794
70.8713,0.0431826
70.8857,0.0423551
70.8987,0.0410108
70.9121,0.0396815
70.9259,0.0384090
70.9400,0.0371536
70.9537,0.0353896
70.9680,0.0339955
70.9824,0.0324559
70.9966,0.0315139
71.0108,0.0303151
71.0253,0.0292975
71.0389,0.0287661
71.0536,0.0276216
71.0671,0.0264309
71.0811,0.0253855
71.0965,0.0243388
71.1109,0.0231350
71.1248,0.0221278
71.1400,0.0205808
71.1541,0.0195602
71.1691,0.0185458
71.1840,0.0174329
71.1987,0.0163933
71.2126,0.0154379
71.2272,0.0144314
71.2416,0.0133946
71.2559,0.0123360
71.2718,0.0110036
71.2863,0.0100716
71.3007,8.74590e-3
71.3168,7.41067e-3
71.3312,6.54213e-3
71.3458,5.92376e-3
71.3605,4.92202e-3
71.3764,3.94744e-3
71.3907,3.32383e-3
71.4056,2.25305e-3
71.4207,1.24149e-3
71.4364,2.30357e-4
71.4504,-7.15471e-4
71.4661,-1.99076e-3
71.4813,-3.06419e-3
71.4977,-3.98647e-3
71.5126,-4.83379e-3
71.5267,-6.14823e-3
71.5430,-7.01752e-3
71.5579,-7.83043e-3
71.5742,-8.56320e-3
71.5899,-9.71786e-3
71.6049,-0.0107236
71.6199,-0.0111780
71.6348,-0.0121796
71.6502,-0.0126819
71.6664,-0.0135290
71.6821,-0.0146123
71.6971,-0.0158492
71.7129,-0.0164568
71.7282,-0.0173529
71.7436,-0.0178264
71.7598,-0.0187746
71.7749,-0.0199360
71.7904,-0.0206170
71.8058,-0.0213677
71.8215,-0.0219741
71.8375,-0.0227451
71.8528,-0.0234224
71.8684,-0.0244453
71.8841,-0.0250001
71.9001,-0.0255743
71.9158,-0.0266552
71.9321,-0.0275716
71.9478,-0.0285295
71.9629,-0.0292804
71.9788,-0.0299564
71.9957,-0.0309342
72.0111,-0.0314892
72.0266,-0.0320743
72.0421,-0.0329152
72.0583,-0.0331748
72.0738,-0.0337189
72.0900,-0.0343524
72.1062,-0.0351398
72.1228,-0.0359861
72.1381,-0.0367753
72.1537,-0.0372086
72.1693,-0.0378809
72.1861,-0.0385044
72.2023,-0.0391395
72.2177,-0.0400132
72.2333,-0.0406443
72.2502,-0.0410514
72.2660,-0.0417488
72.2822,-0.0420935
72.2975,-0.0426308
72.3142,-0.0429334
72.3301,-0.0435055
72.3457,-0.0442274
72.3617,-0.0445740
72.3776,-0.0454206
72.3938,-0.0458954
72.4094,-0.0466760
72.4262,-0.0474037
72.4426,-0.0476948
72.4582,-0.0480509
72.4738,-0.0484646
72.4898,-0.0487282
72.5070,-0.0493380
72.5221,-0.0498796
72.5382,-0.0507307
72.5546,-0.0514963
72.5705,-0.0521019
72.5866,-0.0525283
72.6031,-0.0532086
72.6200,-0.0535602
72.6359,-0.0535839
72.6516,-0.0539835
72.6683,-0.0542336
72.6854,-0.0546319
72.7010,-0.0549483
72.7162,-0.0553816
72.7329,-0.0557210
72.7495,-0.0560534
72.7661,-0.0566141
72.7824,-0.0574911
72.7979,-0.0578753
72.8145,-0.0578940
72.8303,-0.0581072
72.8472,-0.0584669
72.8638,-0.0588271
72.8794,-0.0594180
72.8962,-0.0596782
72.9129,-0.0600445
72.9289,-0.0604327
72.9449,-0.0607640
72.9619,-0.0610864
72.9776,-0.0614057
72.9937,-0.0617319
73.0115,-0.0621996
73.0271,-0.0625077
73.0441,-0.0627437
73.0598,-0.0630349
73.0761,-0.0631689
73.0929,-0.0633692
73.1086,-0.0636180
73.1258,-0.0639559
73.1416,-0.0642840
73.1572,-0.0645390
73.1741,-0.0647895
73.1904,-0.0650616
73.2073,-0.0653097
73.2244,-0.0656693
73.2403,-0.0660851
73.2559,-0.0664172
73.2724,-0.0668155
73.2893,-0.0671312
73.3055,-0.0673643
73.3221,-0.0675982
73.3384,-0.0678566
73.3550,-0.0680036
73.3723,-0.0681245
73.3879,-0.0682823
73.4044,-0.0684622
73.4211,-0.0687203
73.4371,-0.0689745
73.4539,-0.0691618
73.4697,-0.0693708
73.4860,-0.0696199
73.5035,-0.0698991
73.5192,-0.0701487
73.5355,-0.0703454
73.5527,-0.0705855
73.5694,-0.0708337
73.5847,-0.0710615
73.6017,-0.0713602
73.6183,-0.0716614
73.6351,-0.0719481
73.6505,-0.0721912
73.6676,-0.0723570
73.6836,-0.0725394
73.7009,-0.0727796
73.7191,-0.0729269
73.7344,-0.0731148
73.7504,-0.0732121
73.7677,-0.0733364
73.7838,-0.0734276
73.7995,-0.0734786
73.8164,-0.0735492
73.8330,-0.0736465
73.8497,-0.0737147
73.8662,-0.0738040
73.8820,-0.0739113
73.8994,-0.0740315
73.9157,-0.0741681
73.9316,-0.0742886
73.9484,-0.0744001
73.9650,-0.0745641
73.9815,-0.0747075
73.9979,-0.0748701
74.0136,-0.0750153
74.0307,-0.0751527
74.0480,-0.0752976
74.0639,-0.0754022
74.0806,-0.0755029
74.0965,-0.0755983
74.1140,-0.0756960
74.1300,-0.0758229
74.1478,-0.0759836
74.1633,-0.0761568
74.1797,-0.0762938
74.1965,-0.0764189
74.2137,-0.0765608
74.2290,-0.0766885
74.2457,-0.0768378
74.2622,-0.0769308
74.2790,-0.0770017
74.2956,-0.0770815
74.3127,-0.0771877
74.3281,-0.0772607
74.3458,-0.0773515
74.3624,-0.0774149
74.3779,-0.0774905
74.3948,-0.0775527
74.4113,-0.0776124
74.4284,-0.0776590
74.4452,-0.0776998
74.4614,-0.0777550
74.4774,-0.0778199
74.4939,-0.0778681
74.5103,-0.0779197
74.5273,-0.0780168
74.5439,-0.0780963
74.5604,-0.0781854
74.5763,-0.0782546
74.5945,-0.0783008
74.6109,-0.0783741
74.6271,-0.0784499
74.6440,-0.0785194
74.6606,-0.0785705
74.6762,-0.0786155
74.6933,-0.0786636
74.7097,-0.0787196
74.7260,-0.0787907
74.7427,-0.0788622
74.7593,-0.0789414
74.7762,-0.0789948
74.7929,-0.0790523
74.8094,-0.0790905
74.8278,-0.0791238
74.8431,-0.0791539
74.8594,-0.0791899
74.8765,-0.0792299
74.8918,-0.0792642
74.9084,-0.0792979
74.9261,-0.0793384
74.9427,-0.0793685
74.9595,-0.0794129
74.9761,-0.0794637
74.9913,-0.0795068
75.0084,-0.0795355
75.0249,-0.0795611
75.0426,-0.0795902
75.0581,-0.0796246
75.0752,-0.0796553
75.0917,-0.0796891
75.1081,-0.0797233
75.1253,-0.0797457
75.1416,-0.0797866
75.1578,-0.0798156
75.1744,-0.0798377
75.1915,-0.0798658
75.2067,-0.0798963
75.2242,-0.0799171
75.2411,-0.0799357
75.2573,-0.0799693
75.2744,-0.0799923
75.2905,-0.0800188
75.3069,-0.0800393
75.3243,-0.0800695
75.3406,-0.0801129
75.3557,-0.0801593
75.3732,-0.0802049
75.3899,-0.0802268
75.4069,-0.0802475
75.4232,-0.0802676
75.4392,-0.0802874
75.4574,-0.0803088
75.4723,-0.0803310
75.4902,-0.0803858
75.5064,-0.0804069
75.5230,-0.0804288
75.5393,-0.0804518
75.5557,-0.0804752
75.5722,-0.0804983
75.5898,-0.0805215
75.6055,-0.0805422
75.6226,-0.0805850
75.6391,-0.0806045
75.6559,-0.0806439
75.6718,-0.0806756
75.6890,-0.0807056
75.7052,-0.0807324
75.7230,-0.0807518
75.7386,-0.0807731
75.7551,-0.0807961
75.7723,-0.0808198
75.7884,-0.0808426
75.8055,-0.0808673
75.8229,-0.0808908
75.8391,-0.0809194
75.8563,-0.0809442
75.8718,-0.0809693
75.8887,-0.0809927
75.9059,-0.0810146
75.9226,-0.0810367
75.9384,-0.0810586
75.9557,-0.0810809
75.9719,-0.0811010
75.9886,-0.0811205
76.0051,-0.0811424
76.0218,-0.0811650
76.0380,-0.0811890
76.0548,-0.0812123
76.0709,-0.0812341
76.0872,-0.0812538
76.1047,-0.0812749
76.1216,-0.0812975
76.1381,-0.0813196
76.1542,-0.0813415
76.1711,-0.0813638
76.1868,-0.0813859
76.2040,-0.0814070
76.2202,-0.0814292
76.2367,-0.0814512
76.2540,-0.0814733
76.2712,-0.0814942
76.2869,-0.0815140
76.3028,-0.0815346
76.3201,-0.0815553
76.3372,-0.0815756
76.3532,-0.0815968
76.3708,-0.0816195
76.3877,-0.0816413
76.4032,-0.0816629
76.4204,-0.0816834
76.4373,-0.0817021
76.4535,-0.0817201
76.4702,-0.0817374
76.4859,-0.0817554
76.5019,-0.0817719
76.5201,-0.0817885
76.5366,-0.0818052
76.5536,-0.0818231
76.5694,-0.0818443
76.5861,-0.0818676
76.6019,-0.0818906
76.6190,-0.0819142
76.6367,-0.0819368
76.6528,-0.0819607
76.6693,-0.0819820
76.6860,-0.0820041
76.7025,-0.0820240
76.7196,-0.0820414
76.7354,-0.0820576
76.7520,-0.0820750
76.7693,-0.0820917
76.7852,-0.0821088
76.8021,-0.0821270
76.8193,-0.0821453
76.8360,-0.0821630
76.8516,-0.0821803
76.8691,-0.0821991
76.8863,-0.0822168
76.9017,-0.0822361
76.9188,-0.0822554
76.9348,-0.0822742
76.9516,-0.0822931
76.9689,-0.0823109
76.9846,-0.0823275
77.0006,-0.0823432
77.0190,-0.0823553
77.0357,-0.0823679
77.0518,-0.0823817
77.0687,-0.0823969
77.0839,-0.0824125
77.1006,-0.0824274
77.1180,-0.0824434
77.1345,-0.0824594
77.1514,-0.0824771
77.1666,-0.0824963
77.1845,-0.0825156
77.2012,-0.0825321
77.2179,-0.0825478
77.2344,-0.0825629
77.2514,-0.0825774
77.2667,-0.0825931
77.2838,-0.0826104
77.3019,-0.0826287
77.3181,-0.0826463
77.3344,-0.0826646
77.3513,-0.0826832
77.3687,-0.0826984
77.3847,-0.0827109
77.4012,-0.0827241
77.4186,-0.0827367
77.4343,-0.0827470
77.4504,-0.0827583
77.4675,-0.0827723
77.4848,-0.0827865
77.5005,-0.0827997
77.5171,-0.0828150
77.5336,-0.0828314
77.5499,-0.0828481
77.5675,-0.0828628
77.5837,-0.0828788
77.6005,-0.0828948
77.6161,-0.0829103
77.6342,-0.0829254
77.6499,-0.0829410
77.6677,-0.0829566
77.6837,-0.0829720
77.7001,-0.0829877
77.7178,-0.0830019
77.7335,-0.0830170
77.7496,-0.0830313
77.7675,-0.0830460
77.7829,-0.0830621
77.7993,-0.0830762
77.8159,-0.0830892
77.8344,-0.0831026
77.8501,-0.0831155
77.8669,-0.0831307
77.8834,-0.0831456
77.8992,-0.0831604
77.9167,-0.0831745
77.9332,-0.0831889
77.9501,-0.0832029
77.9663,-0.0832169
77.9821,-0.0832305
77.9996,-0.0832422
78.0160,-0.0832548
78.0328,-0.0832680
78.0506,-0.0832799
78.0655,-0.0832939
78.0819,-0.0833067
78.1000,-0.0833184
78.1160,-0.0833295
78.1327,-0.0833405
78.1507,-0.0833532
78.1664,-0.0833639
78.1830,-0.0833749
78.1996,-0.0833862
78.2166,-0.0833965
78.2330,-0.0834059
78.2499,-0.0834171
78.2659,-0.0834280
78.2833,-0.0834390
78.2994,-0.0834493
78.3156,-0.0834588
78.3333,-0.0834700
78.3499,-0.0834813
78.3665,-0.0834947
78.3829,-0.0835075
78.3987,-0.0835187
78.4160,-0.0835277
78.4327,-0.0835358
78.4494,-0.0835430
78.4662,-0.0835490
78.4812,-0.0835571
78.4995,-0.0835659
78.5160,-0.0835740
78.5319,-0.0835828
78.5480,-0.0835917
78.5658,-0.0836001
78.5824,-0.0836098
78.5978,-0.0836176
78.6153,-0.0836295
78.6320,-0.0836380
78.6487,-0.0836445
78.6652,-0.0836499
78.6817,-0.0836602
78.6985,-0.0836685
78.7148,-0.0836786
78.7313,-0.0836894
78.7474,-0.0837003
78.7654,-0.0837133
78.7817,-0.0837257
78.7992,-0.0837367
78.8159,-0.0837492
78.8318,-0.0837598
78.8482,-0.0837665
78.8654,-0.0837722
78.8813,-0.0837767
78.8992,-0.0837813
78.9152,-0.0837871
78.9310,-0.0837936
78.9480,-0.0838001
78.9650,-0.0838070
78.9818,-0.0838122
78.9986,-0.0838177
79.0150,-0.0838246
79.0319,-0.0838298
79.0489,-0.0838349
79.0651,-0.0838399
79.0810,-0.0838439
79.0982,-0.0838514
79.1147,-0.0838620
79.1317,-0.0838732
79.1481,-0.0838820
79.1650,-0.0838930
79.1820,-0.0839031
79.1986,-0.0839117
79.2151,-0.0839188
79.2309,-0.0839257
79.2497,-0.0839309
79.2655,-0.0839338
79.2816,-0.0839388
79.2983,-0.0839450
79.3152,-0.0839513
79.3313,-0.0839570
79.3482,-0.0839614
79.3644,-0.0839667
79.3820,-0.0839697
79.3982,-0.0839722
79.4140,-0.0839743
79.4310,-0.0839763
79.4484,-0.0839777
79.4650,-0.0839803
79.4809,-0.0839841
79.4976,-0.0839898
79.5138,-0.0839968
79.5307,-0.0840043
79.5479,-0.0840104
79.5640,-0.0840189
79.5807,-0.0840263
79.5974,-0.0840341
79.6138,-0.0840414
79.6302,-0.0840486
79.6482,-0.0840555
79.6637,-0.0840615
79.6813,-0.0840674
79.6972,-0.0840720
79.7146,-0.0840752
79.7310,-0.0840755
79.7473,-0.0840760
79.7636,-0.0840765
79.7811,-0.0840802
79.7977,-0.0840845
79.8147,-0.0840898
79.8307,-0.0840966
79.8482,-0.0841045
79.8643,-0.0841118
79.8813,-0.0841174
79.8969,-0.0841221
79.9150,-0.0841271
79.9312,-0.0841289
79.9469,-0.0841336
79.9639,-0.0841411
79.9808,-0.0841483
79.9972,-0.0841542
80.0139,-0.0841592
80.0312,-0.0841645
80.0487,-0.0841692
80.0645,-0.0841747
80.0819,-0.0841816
80.0976,-0.0841885
80.1143,-0.0841929
80.1316,-0.0841990
80.1477,-0.0842064
80.1637,-0.0842113
80.1808,-0.0842158
80.1966,-0.0842220
80.2143,-0.0842264
80.2309,-0.0842292
80.2472,-0.0842320
80.2637,-0.0842361
80.2808,-0.0842406
80.2973,-0.0842469
80.3137,-0.0842561
80.3308,-0.0842641
80.3474,-0.0842698
80.3640,-0.0842757
80.3815,-0.0842822
80.3977,-0.0842889
80.4145,-0.0842947
80.4306,-0.0842975
80.4478,-0.0843004
80.4645,-0.0843026
80.4809,-0.0843044
80.4979,-0.0843056
80.5145,-0.0843075
80.5307,-0.0843090
80.5467,-0.0843115
80.5644,-0.0843141
80.5803,-0.0843174
80.5973,-0.0843206
80.6132,-0.0843264
80.6307,-0.0843323
80.6469,-0.0843352
80.6644,-0.0843384
80.6807,-0.0843426
80.6967,-0.0843493
80.7132,-0.0843551
80.7302,-0.0843601
80.7473,-0.0843668
80.7640,-0.0843734
80.7803,-0.0843814
80.7969,-0.0843903
80.8135,-0.0843977
80.8308,-0.0844036
80.8469,-0.0844076
80.8642,-0.0844157
80.8801,-0.0844205
80.8967,-0.0844227
80.9133,-0.0844265
80.9299,-0.0844306
80.9479,-0.0844336
80.9632,-0.0844370
80.9809,-0.0844372
80.9970,-0.0844383
81.0139,-0.0844378
81.0300,-0.0844376
81.0476,-0.0844399
81.0625,-0.0844426
81.0808,-0.0844450
81.0973,-0.0844489
81.1132,-0.0844532
81.1304,-0.0844565
81.1468,-0.0844624
81.1632,-0.0844671
81.1795,-0.0844686
81.1965,-0.0844716
81.2130,-0.0844740
81.2305,-0.0844744
81.2463,-0.0844720
81.2641,-0.0844694
81.2802,-0.0844685
81.2963,-0.0844674
81.3133,-0.0844637
81.3296,-0.0844632
81.3464,-0.0844645
81.3635,-0.0844662
81.3793,-0.0844696
81.3956,-0.0844743
81.4129,-0.0844790
81.4297,-0.0844828
81.4466,-0.0844862
81.4632,-0.0844908
81.4803,-0.0844926
81.4959,-0.0844930
81.5125,-0.0844930
81.5296,-0.0844914
81.5463,-0.0844908
81.5630,-0.0844937
81.5792,-0.0844943
81.5962,-0.0844940
81.6135,-0.0844948
81.6292,-0.0844989
81.6464,-0.0845024
81.6624,-0.0845039
81.6794,-0.0845049
81.6964,-0.0845051
81.7131,-0.0845056
81.7292,-0.0845072
81.7462,-0.0845094
81.7627,-0.0845100
81.7797,-0.0845095
81.7964,-0.0845100
81.8126,-0.0845138
81.8299,-0.0845178
81.8462,-0.0845217
81.8630,-0.0845271
81.8794,-0.0845317
81.8972,-0.0845341
81.9137,-0.0845350
81.9291,-0.0845348
81.9464,-0.0845342
81.9635,-0.0845334
81.9806,-0.0845322
81.9964,-0.0845332
82.0122,-0.0845340
82.0292,-0.0845334
82.0465,-0.0845325
82.0641,-0.0845328
82.0792,-0.0845337
82.0960,-0.0845356
82.1124,-0.0845364
82.1291,-0.0845369
82.1458,-0.0845384
82.1628,-0.0845404
82.1793,-0.0845433
82.1963,-0.0845456
82.2127,-0.0845465
82.2300,-0.0845476
82.2466,-0.0845476
82.2625,-0.0845473
82.2793,-0.0845491
82.2958,-0.0845528
82.3134,-0.0845586
82.3300,-0.0845630
82.3454,-0.0845657
82.3630,-0.0845686
82.3793,-0.0845701
82.3963,-0.0845684
82.4131,-0.0845671
82.4302,-0.0845654
82.4473,-0.0845613
82.4632,-0.0845589
82.4796,-0.0845577
82.4959,-0.0845574
82.5129,-0.0845582
82.5288,-0.0845595
82.5470,-0.0845643
82.5633,-0.0845692
82.5805,-0.0845727
82.5968,-0.0845776
82.6136,-0.0845811
82.6303,-0.0845811
82.6467,-0.0845793
82.6627,-0.0845767
82.6803,-0.0845742
82.6961,-0.0845728
82.7126,-0.0845726
82.7291,-0.0845738
82.7455,-0.0845753
82.7624,-0.0845759
82.7794,-0.0845768
82.7964,-0.0845781
82.8127,-0.0845788
82.8287,-0.0845805
82.8461,-0.0845803
82.8629,-0.0845793
82.8787,-0.0845743
82.8962,-0.0845727
82.9126,-0.0845738
82.9290,-0.0845736
82.9453,-0.0845728
82.9625,-0.0845742
82.9796,-0.0845754
82.9962,-0.0845766
83.0125,-0.0845806
83.0294,-0.0845841
83.0464,-0.0845863
83.0632,-0.0845872
83.0786,-0.0845881
83.0960,-0.0845887
83.1124,-0.0845898
83.1292,-0.0845913
83.1454,-0.0845944
83.1616,-0.0845969
83.1788,-0.0845981
83.1959,-0.0845990
83.2123,-0.0845986
83.2289,-0.0845994
83.2459,-0.0845999
83.2624,-0.0845989
83.2793,-0.0845950
83.2965,-0.0845927
83.3122,-0.0845917
83.3287,-0.0845925
83.3456,-0.0845940
83.3624,-0.0845970
83.3798,-0.0845987
83.3955,-0.0845999
83.4125,-0.0846022
83.4292,-0.0846020
83.4467,-0.0846032
83.4627,-0.0846063
83.4788,-0.0846058
83.4962,-0.0846048
83.5127,-0.0846041
83.5296,-0.0846040
83.5473,-0.0846047
83.5619,-0.0846041
83.5786,-0.0846035
83.5959,-0.0846034
83.6127,-0.0846037
83.6288,-0.0846045
83.6462,-0.0846063
83.6631,-0.0846064
83.6791,-0.0846087
83.6972,-0.0846099
83.7125,-0.0846097
83.7295,-0.0846095
83.7463,-0.0846085
83.7630,-0.0846039
83.7792,-0.0845972
83.7952,-0.0845920
83.8125,-0.0845869
83.8295,-0.0845834
83.8460,-0.0845825
83.8624,-0.0845835
83.8788,-0.0845854
83.8959,-0.0845863
83.9124,-0.0845868
83.9296,-0.0845892
83.9463,-0.0845909
83.9616,-0.0845922
83.9797,-0.0845914
83.9958,-0.0845888
84.0123,-0.0845865
84.0292,-0.0845884
84.0455,-0.0845899
84.0616,-0.0845914
84.0791,-0.0845916
84.0957,-0.0845891
84.1128,-0.0845903
84.1288,-0.0845906
84.1456,-0.0845927
84.1617,-0.0845918
84.1784,-0.0845894
84.1959,-0.0845862
84.2123,-0.0845861
84.2290,-0.0845852
84.2454,-0.0845860
84.2630,-0.0845844
84.2787,-0.0845829
84.2955,-0.0845814
84.3125,-0.0845802
84.3290,-0.0845784
84.3458,-0.0845775
84.3627,-0.0845771
84.3794,-0.0845771
84.3957,-0.0845776
84.4126,-0.0845779
84.4295,-0.0845799
84.4468,-0.0845801
84.4622,-0.0845789
84.4791,-0.0845744
84.4959,-0.0845714
84.5131,-0.0845670
84.5289,-0.0845665
84.5454,-0.0845663
84.5617,-0.0845656
84.5798,-0.0845649
84.5959,-0.0845648
84.6132,-0.0845663
84.6297,-0.0845687
84.6459,-0.0845699
84.6626,-0.0845681
84.6793,-0.0845669
84.6958,-0.0845638
84.7130,-0.0845632
84.7299,-0.0845593
84.7462,-0.0845558
84.7618,-0.0845513
84.7797,-0.0845497
84.7960,-0.0845485
84.8123,-0.0845501
84.8289,-0.0845520
84.8463,-0.0845538
84.8624,-0.0845550
84.8794,-0.0845562
84.8959,-0.0845587
84.9135,-0.0845615
84.9292,-0.0845642
84.9458,-0.0845653
84.9629,-0.0845685
84.9796,-0.0845703
84.9967,-0.0845700
85.0127,-0.0845696
85.0290,-0.0845681
85.0467,-0.0845682
85.0628,-0.0845672
85.0793,-0.0845652
85.0955,-0.0845640
85.1125,-0.0845634
85.1295,-0.0845634
85.1464,-0.0845641
85.1625,-0.0845643
85.1791,-0.0845642
85.1957,-0.0845642
85.2135,-0.0845633
85.2295,-0.0845649
85.2464,-0.0845646
85.2627,-0.0845659
85.2797,-0.0845664
85.2960,-0.0845667
85.3131,-0.0845701
85.3288,-0.0845727
85.3461,-0.0845737
85.3628,-0.0845737
85.3800,-0.0845753
85.3968,-0.0845766
85.4126,-0.0845795
85.4291,-0.0845801
85.4469,-0.0845803
85.4633,-0.0845798
85.4805,-0.0845766
85.4967,-0.0845753
85.5131,-0.0845761
85.5296,-0.0845763
85.5468,-0.0845779
85.5630,-0.0845797
85.5801,-0.0845797
85.5970,-0.0845810
85.6136,-0.0845812
85.6304,-0.0845808
85.6461,-0.0845779
85.6638,-0.0845679
85.6807,-0.0845607
85.6961,-0.0845564
85.7134,-0.0845530
85.7295,-0.0845507
85.7451,-0.0845488
85.7630,-0.0845483
85.7792,-0.0845513
85.7968,-0.0845544
85.8129,-0.0845586
85.8295,-0.0845630
85.8455,-0.0845648
85.8635,-0.0845675
85.8796,-0.0845714
85.8966,-0.0845741
85.9130,-0.0845763
85.9296,-0.0845771
85.9466,-0.0845769
85.9628,-0.0845796
85.9798,-0.0845802
85.9964,-0.0845809
86.0134,-0.0845789
86.0294,-0.0845770
86.0465,-0.0845765
86.0624,-0.0845757
86.0799,-0.0845755
86.0957,-0.0845734
86.1132,-0.0845718
86.1295,-0.0845693
86.1455,-0.0845682
86.1630,-0.0845677
86.1792,-0.0845661
86.1961,-0.0845645
86.2130,-0.0845656
86.2287,-0.0845675
86.2462,-0.0845712
86.2623,-0.0845759
86.2793,-0.0845788
86.2971,-0.0845828
86.3127,-0.0845862
86.3298,-0.0845874
86.3456,-0.0845889
86.3624,-0.0845891
86.3797,-0.0845860
86.3964,-0.0845844
86.4124,-0.0845824
86.4290,-0.0845811
86.4467,-0.0845809
86.4623,-0.0845825
86.4791,-0.0845834
86.4958,-0.0845863
86.5134,-0.0845870
86.5301,-0.0845900
86.5464,-0.0845930
86.5627,-0.0845940
86.5787,-0.0845926
86.5952,-0.0845904
86.6127,-0.0845870
86.6291,-0.0845825
86.6456,-0.0845793
86.6631,-0.0845759
86.6796,-0.0845720
86.6952,-0.0845668
86.7129,-0.0845654
86.7287,-0.0845665
86.7455,-0.0845678
86.7624,-0.0845676
86.7785,-0.0845672
86.7962,-0.0845681
86.8129,-0.0845691
86.8296,-0.0845700
86.8457,-0.0845704
86.8622,-0.0845724
86.8794,-0.0845741
86.8960,-0.0845748
86.9132,-0.0845784
86.9293,-0.0845810
86.9462,-0.0845823
86.9627,-0.0845846
86.9795,-0.0845847
86.9959,-0.0845816
87.0131,-0.0845788
87.0300,-0.0845774
87.0469,-0.0845751
87.0638,-0.0845720
87.0795,-0.0845695
87.0960,-0.0845658
87.1135,-0.0845621
87.1291,-0.0845575
87.1466,-0.0845538
87.1629,-0.0845510
87.1797,-0.0845471
87.1963,-0.0845433
87.2128,-0.0845409
87.2300,-0.0845392
87.2452,-0.0845389
87.2633,-0.0845380
87.2799,-0.0845369
87.2962,-0.0845374
87.3139,-0.0845372
87.3294,-0.0845352
87.3466,-0.0845355
87.3638,-0.0845365
87.3803,-0.0845397
87.3974,-0.0845422
87.4138,-0.0845458
87.4297,-0.0845477
87.4473,-0.0845463
87.4638,-0.0845459
87.4806,-0.0845435
87.4973,-0.0845399
87.5135,-0.0845356
87.5298,-0.0845320
87.5473,-0.0845308
87.5629,-0.0845295
87.5801,-0.0845301
87.5965,-0.0845314
87.6144,-0.0845336
87.6297,-0.0845356
87.6466,-0.0845366
87.6635,-0.0845368
87.6795,-0.0845355
87.6965,-0.0845344
87.7138,-0.0845352
87.7303,-0.0845368
87.7467,-0.0845373
87.7639,-0.0845388
87.7805,-0.0845391
87.7964,-0.0845383
87.8140,-0.0845365
87.8302,-0.0845345
87.8471,-0.0845328
87.8640,-0.0845322
87.8797,-0.0845331
87.8968,-0.0845316
87.9136,-0.0845319
87.9304,-0.0845296
87.9473,-0.0845284
87.9641,-0.0845282
87.9799,-0.0845286
87.9973,-0.0845259
88.0135,-0.0845250
88.0312,-0.0845242
88.0475,-0.0845249
88.0635,-0.0845276
88.0809,-0.0845329
88.0974,-0.0845380
88.1136,-0.0845418
88.1307,-0.0845462
88.1473,-0.0845497
88.1645,-0.0845533
88.1814,-0.0845548
88.1976,-0.0845552
88.2138,-0.0845527
88.2306,-0.0845504
88.2475,-0.0845477
88.2635,-0.0845440
88.2802,-0.0845412
88.2967,-0.0845376
88.3138,-0.0845356
88.3305,-0.0845350
88.3477,-0.0845361
88.3640,-0.0845387
88.3807,-0.0845422
88.3970,-0.0845462
88.4136,-0.0845477
88.4314,-0.0845484
88.4465,-0.0845490
88.4643,-0.0845479
88.4800,-0.0845466
88.4972,-0.0845430
88.5140,-0.0845420
88.5307,-0.0845398
88.5480,-0.0845371
88.5637,-0.0845334
88.5797,-0.0845319
88.5966,-0.0845300
88.6135,-0.0845289
88.6300,-0.0845290
88.6468,-0.0845310
88.6641,-0.0845341
88.6805,-0.0845373
88.6959,-0.0845417
88.7139,-0.0845448
88.7303,-0.0845464
88.7481,-0.0845491
88.7633,-0.0845497
88.7806,-0.0845500
88.7975,-0.0845509
88.8136,-0.0845510
88.8310,-0.0845488
88.8475,-0.0845479
88.8639,-0.0845483
88.8807,-0.0845479
88.8977,-0.0845483
88.9141,-0.0845484
88.9309,-0.0845504
88.9477,-0.0845504
88.9644,-0.0845506
88.9805,-0.0845514
88.9980,-0.0845515
89.0136,-0.0845505
89.0308,-0.0845487
89.0474,-0.0845471
89.0645,-0.0845458
89.0809,-0.0845457
89.0977,-0.0845472
89.1147,-0.0845499
89.1312,-0.0845519
89.1476,-0.0845552
89.1647,-0.0845564
89.1816,-0.0845543
89.1980,-0.0845518
89.2141,-0.0845505
89.2320,-0.0845473
89.2490,-0.0845445
89.2643,-0.0845446
89.2818,-0.0845448
89.2977,-0.0845456
89.3144,-0.0845460
89.3311,-0.0845476
89.3484,-0.0845495
89.3648,-0.0845512
89.3813,-0.0845526
89.3978,-0.0845543
89.4140,-0.0845544
89.4310,-0.0845532
89.4479,-0.0845526
89.4648,-0.0845529
89.4813,-0.0845516
89.4979,-0.0845508
89.5143,-0.0845508
89.5314,-0.0845518
89.5478,-0.0845543
89.5646,-0.0845580
89.5811,-0.0845631
89.5980,-0.0845681
89.6143,-0.0845715
89.6310,-0.0845720
89.6481,-0.0845721
89.6647,-0.0845704
89.6815,-0.0845693
89.6978,-0.0845680
89.7144,-0.0845670
89.7316,-0.0845665
89.7480,-0.0845673
89.7643,-0.0845692
89.7812,-0.0845705
89.7974,-0.0845724
89.8147,-0.0845716
89.8311,-0.0845705
89.8481,-0.0845704
89.8648,-0.0845718
89.8816,-0.0845723
89.8974,-0.0845737
89.9138,-0.0845753
89.9310,-0.0845770
89.9479,-0.0845797
89.9644,-0.0845823
89.9819,-0.0845848
89.9980,-0.0845869
90.0151,-0.0845867
90.0303,-0.0845862
90.0478,-0.0845858
90.0652,-0.0845848
90.0813,-0.0845829
90.0973,-0.0845818
90.1142,-0.0845826
90.1312,-0.0845830
90.1480,-0.0845837
90.1645,-0.0845850
90.1814,-0.0845872
90.1983,-0.0845895
90.2151,-0.0845912
90.2308,-0.0845935
90.2480,-0.0845953
90.2646,-0.0845964
90.2816,-0.0845971
90.2976,-0.0845981
90.3149,-0.0845985
90.3313,-0.0845987
90.3475,-0.0845973
90.3648,-0.0845971
90.3815,-0.0845956
90.3980,-0.0845959
90.4134,-0.0845976
90.4307,-0.0846008
90.4484,-0.0846032
90.4639,-0.0846046
90.4816,-0.0846058
90.4980,-0.0846072
90.5146,-0.0846091
90.5317,-0.0846081
90.5480,-0.0846085
90.5643,-0.0846094
90.5814,-0.0846101
90.5977,-0.0846073
90.6148,-0.0846066
90.6312,-0.0846059
90.6485,-0.0846058
90.6647,-0.0846032
90.6809,-0.0846015
90.6974,-0.0846003
90.7156,-0.0845972
90.7315,-0.0845941
90.7476,-0.0845927
90.7645,-0.0845923
90.7810,-0.0845917
90.7971,-0.0845911
90.8147,-0.0845904
90.8310,-0.0845907
90.8475,-0.0845916
90.8651,-0.0845944
90.8816,-0.0845968
90.8975,-0.0845966
90.9148,-0.0845949
90.9315,-0.0845932
90.9486,-0.0845901
90.9647,-0.0845883
90.9816,-0.0845865
90.9977,-0.0845828
91.0149,-0.0845785
91.0320,-0.0845760
91.0475,-0.0845760
91.0643,-0.0845774
91.0811,-0.0845775
91.0986,-0.0845745
91.1150,-0.0845726
91.1324,-0.0845716
91.1484,-0.0845714
91.1655,-0.0845717
91.1819,-0.0845728
91.1981,-0.0845748
91.2159,-0.0845745
91.2325,-0.0845755
91.2490,-0.0845762
91.2661,-0.0845760
91.2830,-0.0845730
91.2994,-0.0845693
91.3147,-0.0845662
91.3316,-0.0845609
91.3488,-0.0845574
91.3651,-0.0845572
91.3822,-0.0845593
91.3988,-0.0845611
91.4159,-0.0845627
91.4324,-0.0845633
91.4495,-0.0845669
91.4663,-0.0845700
91.4825,-0.0845724
91.4995,-0.0845740
91.5154,-0.0845744
91.5336,-0.0845723
91.5486,-0.0845715
91.5653,-0.0845693
91.5824,-0.0845677
91.5996,-0.0845676
91.6155,-0.0845694
91.6329,-0.0845712
91.6487,-0.0845743
91.6658,-0.0845770
91.6824,-0.0845801
91.6997,-0.0845857
91.7151,-0.0845890
91.7333,-0.0845929
91.7488,-0.0845943
91.7651,-0.0845937
91.7826,-0.0845917
91.7993,-0.0845901
91.8159,-0.0845880
91.8329,-0.0845868
91.8486,-0.0845857
91.8654,-0.0845863
91.8826,-0.0845884
91.8988,-0.0845892
91.9153,-0.0845906
91.9330,-0.0845908
91.9491,-0.0845925
91.9666,-0.0845930
91.9827,-0.0845939
91.9993,-0.0845942
92.0154,-0.0845969
92.0328,-0.0846005
92.0489,-0.0846032
92.0657,-0.0846055
92.0822,-0.0846078
92.0989,-0.0846094
92.1154,-0.0846108
92.1331,-0.0846124
92.1490,-0.0846143
92.1660,-0.0846165
92.1829,-0.0846190
92.1989,-0.0846230
92.2157,-0.0846261
92.2324,-0.0846288
92.2491,-0.0846303
92.2651,-0.0846298
92.2834,-0.0846289
92.2982,-0.0846277
92.3156,-0.0846280
92.3323,-0.0846288
92.3489,-0.0846295
92.3661,-0.0846291
92.3831,-0.0846294
92.3999,-0.0846264
92.4157,-0.0846254
92.4323,-0.0846244
92.4489,-0.0846242
92.4662,-0.0846242
92.4818,-0.0846240
92.4988,-0.0846240
92.5157,-0.0846248
92.5325,-0.0846248
92.5491,-0.0846236
92.5665,-0.0846237
92.5832,-0.0846247
92.5989,-0.0846274
92.6158,-0.0846288
92.6326,-0.0846292
92.6486,-0.0846288
92.6655,-0.0846296
92.6824,-0.0846306
92.6988,-0.0846333
92.7158,-0.0846360
92.7320,-0.0846381
92.7490,-0.0846400
92.7653,-0.0846419
92.7826,-0.0846445
92.7990,-0.0846463
92.8154,-0.0846472
92.8323,-0.0846485
92.8487,-0.0846484
92.8662,-0.0846466
92.8824,-0.0846456
92.8994,-0.0846455
92.9157,-0.0846432
92.9330,-0.0846434
92.9498,-0.0846454
92.9669,-0.0846467
92.9836,-0.0846474
92.9991,-0.0846498
93.0165,-0.0846532
93.0335,-0.0846587
93.0492,-0.0846613
93.0657,-0.0846625
93.0826,-0.0846658
93.0994,-0.0846685
93.1166,-0.0846735
93.1325,-0.0846778
93.1489,-0.0846784
93.1660,-0.0846794
93.1837,-0.0846818
93.1993,-0.0846831
93.2163,-0.0846842
93.2326,-0.0846866
93.2502,-0.0846878
93.2663,-0.0846876
93.2827,-0.0846892
93.2994,-0.0846899
93.3163,-0.0846905
93.3331,-0.0846915
93.3497,-0.0846962
93.3663,-0.0847018
93.3827,-0.0847065
93.3999,-0.0847101
93.4174,-0.0847141
93.4337,-0.0847160
93.4494,-0.0847157
93.4658,-0.0847145
93.4833,-0.0847096
93.4992,-0.0847070
93.5164,-0.0847067
93.5319,-0.0847092
93.5482,-0.0847111
93.5657,-0.0847145
93.5833,-0.0847191
93.5988,-0.0847242
93.6163,-0.0847308
93.6328,-0.0847373
93.6486,-0.0847417
93.6658,-0.0847464
93.6828,-0.0847513
93.6997,-0.0847566
93.7167,-0.0847603
93.7325,-0.0847654
93.7492,-0.0847675
93.7663,-0.0847706
93.7831,-0.0847740
93.7991,-0.0847767
93.8161,-0.0847771
93.8327,-0.0847763
93.8487,-0.0847754
93.8665,-0.0847765
93.8829,-0.0847764
93.8992,-0.0847767
93.9157,-0.0847781
93.9336,-0.0847782
93.9492,-0.0847783
93.9664,-0.0847805
93.9828,-0.0847862
93.9992,-0.0847896
94.0162,-0.0847924
94.0326,-0.0847955
94.0497,-0.0847985
94.0664,-0.0848022
94.0825,-0.0848052
94.1000,-0.0848085
94.1165,-0.0848121
94.1330,-0.0848142
94.1506,-0.0848149
94.1664,-0.0848154
94.1832,-0.0848143
94.1999,-0.0848129
94.2164,-0.0848103
94.2323,-0.0848080
94.2494,-0.0848064
94.2663,-0.0848034
94.2827,-0.0848043
94.2999,-0.0848056
94.3167,-0.0848078
94.3330,-0.0848093
94.3489,-0.0848095
94.3661,-0.0848104
94.3825,-0.0848092
94.3993,-0.0848082
94.4163,-0.0848079
94.4325,-0.0848084
94.4492,-0.0848088
94.4659,-0.0848077
94.4831,-0.0848082
94.4998,-0.0848080
94.5163,-0.0848088
94.5322,-0.0848095
94.5487,-0.0848103
94.5654,-0.0848101
94.5830,-0.0848082
94.5995,-0.0848076
94.6159,-0.0848099
94.6330,-0.0848116
94.6493,-0.0848126
94.6658,-0.0848130
94.6823,-0.0848147
94.6990,-0.0848191
94.7161,-0.0848224
94.7326,-0.0848273
94.7499,-0.0848312
94.7673,-0.0848343
94.7836,-0.0848384
94.7996,-0.0848405
94.8169,-0.0848429
94.8334,-0.0848432
94.8496,-0.0848404
94.8671,-0.0848391
94.8836,-0.0848394
94.9000,-0.0848383
94.9168,-0.0848393
94.9344,-0.0848397
94.9502,-0.0848388
94.9677,-0.0848383
94.9822,-0.0848379
95.0000,-0.0848352
95.0167,-0.0848312
95.0326,-0.0848278
95.0503,-0.0848266
95.0666,-0.0848265
95.0831,-0.0848264
95.0992,-0.0848291
95.1165,-0.0848347
95.1325,-0.0848395
95.1508,-0.0848440
95.1662,-0.0848472
95.1826,-0.0848483
95.2001,-0.0848479
95.2164,-0.0848461
95.2324,-0.0848460
95.2495,-0.0848451
95.2667,-0.0848466
95.2833,-0.0848473
95.3000,-0.0848498
95.3167,-0.0848530
95.3331,-0.0848589
95.3504,-0.0848634
95.3663,-0.0848688
95.3829,-0.0848751
95.4003,-0.0848784
95.4172,-0.0848844
95.4336,-0.0848886
95.4505,-0.0848907
95.4671,-0.0848942
95.4829,-0.0848951
95.5004,-0.0848962
95.5168,-0.0848963
95.5323,-0.0848959
95.5500,-0.0848961
95.5666,-0.0848997
95.5837,-0.0849025
95.6004,-0.0849057
95.6164,-0.0849098
95.6336,-0.0849139
95.6506,-0.0849170
95.6665,-0.0849180
95.6837,-0.0849195
95.7003,-0.0849226
95.7167,-0.0849242
95.7329,-0.0849253
95.7504,-0.0849264
95.7671,-0.0849264
95.7831,-0.0849266
95.7999,-0.0849264
95.8165,-0.0849285
95.8335,-0.0849316
95.8495,-0.0849346
95.8664,-0.0849389
95.8833,-0.0849410
95.9016,-0.0849443
95.9170,-0.0849482
95.9331,-0.0849527
95.9508,-0.0849566
95.9666,-0.0849593
95.9834,-0.0849601
96.0000,-0.0849640
96.0174,-0.0849700
96.0326,-0.0849748
96.0500,-0.0849784
96.0669,-0.0849796
96.0835,-0.0849807
96.1004,-0.0849832
96.1174,-0.0849880
96.1333,-0.0849917
96.1502,-0.0849937
96.1670,-0.0849962
96.1832,-0.0849980
96.2001,-0.0850025
96.2166,-0.0850034
96.2337,-0.0850024
96.2503,-0.0850012
96.2665,-0.0850001
96.2844,-0.0849992
96.3001,-0.0849994
96.3163,-0.0850014
96.3340,-0.0850034
96.3500,-0.0850050
96.3678,-0.0850045
96.3831,-0.0850051
96.4010,-0.0850049
96.4167,-0.0850036
96.4332,-0.0850043
96.4501,-0.0850045
96.4659,-0.0850065
96.4831,-0.0850097
96.4994,-0.0850159
96.5167,-0.0850214
96.5332,-0.0850258
96.5506,-0.0850300
96.5670,-0.0850350
96.5841,-0.0850386
96.6009,-0.0850433
96.6161,-0.0850477
96.6338,-0.0850522
96.6503,-0.0850553
96.6668,-0.0850591
96.6841,-0.0850623
96.7007,-0.0850683
96.7172,-0.0850723
96.7334,-0.0850744
96.7501,-0.0850749
96.7669,-0.0850737
96.7845,-0.0850735
96.8006,-0.0850712
96.8175,-0.0850674
96.8341,-0.0850631
96.8504,-0.0850614
96.8673,-0.0850606
96.8838,-0.0850637
96.9001,-0.0850680
96.9164,-0.0850745
96.9342,-0.0850826
96.9505,-0.0850859
96.9666,-0.0850913
96.9840,-0.0850975
96.9999,-0.0851006
97.0181,-0.0851034
97.0336,-0.0851050
97.0509,-0.0851074
97.0676,-0.0851103
97.0841,-0.0851153
97.1003,-0.0851204
97.1175,-0.0851238
97.1341,-0.0851262
97.1513,-0.0851262
97.1673,-0.0851260
97.1841,-0.0851254
97.1999,-0.0851264
97.2172,-0.0851273
97.2341,-0.0851301
97.2512,-0.0851317
97.2675,-0.0851326
97.2847,-0.0851322
97.3008,-0.0851328
97.3177,-0.0851343
97.3338,-0.0851369
97.3507,-0.0851419
97.3676,-0.0851474
97.3845,-0.0851551
97.4012,-0.0851621
97.4181,-0.0851666
97.4350,-0.0851690
97.4518,-0.0851722
97.4686,-0.0851713
97.4844,-0.0851699
97.5008,-0.0851666
97.5180,-0.0851632
97.5358,-0.0851601
97.5518,-0.0851615
97.5680,-0.0851629
97.5845,-0.0851646
97.6014,-0.0851654
97.6185,-0.0851657
97.6355,-0.0851694
97.6514,-0.0851735
97.6687,-0.0851765
97.6855,-0.0851787
97.7018,-0.0851811
97.7191,-0.0851835
97.7356,-0.0851874
97.7518,-0.0851900
97.7680,-0.0851934
97.7847,-0.0851952
97.8014,-0.0851970
97.8181,-0.0851997
97.8351,-0.0852017
97.8512,-0.0852046
97.8682,-0.0852081
97.8844,-0.0852120
97.9013,-0.0852161
97.9173,-0.0852223
97.9343,-0.0852250
97.9521,-0.0852256
97.9678,-0.0852271
97.9851,-0.0852278
98.0023,-0.0852298
98.0177,-0.0852309
98.0345,-0.0852347
98.0517,-0.0852393
98.0683,-0.0852451
98.0848,-0.0852523
98.1012,-0.0852608
98.1182,-0.0852671
98.1349,-0.0852722
98.1521,-0.0852771
98.1693,-0.0852802
98.1848,-0.0852835
98.2010,-0.0852817
98.2177,-0.0852821
98.2347,-0.0852830
98.2510,-0.0852840
98.2684,-0.0852867
98.2849,-0.0852901
98.3014,-0.0852958
98.3177,-0.0853006
98.3339,-0.0853058
98.3512,-0.0853112
98.3679,-0.0853148
98.3848,-0.0853193
98.4025,-0.0853249
98.4177,-0.0853302
98.4344,-0.0853327
98.4512,-0.0853376
98.4672,-0.0853409
98.4850,-0.0853453
98.5009,-0.0853502
98.5178,-0.0853552
98.5352,-0.0853572
98.5514,-0.0853596
98.5683,-0.0853611
98.5842,-0.0853602
98.6022,-0.0853605
98.6182,-0.0853596
98.6349,-0.0853579
98.6514,-0.0853567
98.6684,-0.0853563
98.6839,-0.0853556
98.7014,-0.0853566
98.7180,-0.0853564
98.7359,-0.0853579
98.7508,-0.0853597
98.7685,-0.0853612
98.7851,-0.0853620
98.8008,-0.0853628
98.8180,-0.0853639
98.8346,-0.0853674
98.8511,-0.0853715
98.8675,-0.0853786
98.8848,-0.0853862
98.9022,-0.0853947
98.9184,-0.0854017
98.9346,-0.0854083
98.9520,-0.0854142
98.9691,-0.0854171
98.9858,-0.0854190
99.0010,-0.0854198
99.0179,-0.0854213
99.0349,-0.0854223
99.0511,-0.0854232
99.0684,-0.0854231
99.0846,-0.0854227
99.1022,-0.0854220
99.1178,-0.0854239
99.1346,-0.0854228
99.1516,-0.0854228
99.1671,-0.0854223
99.1846,-0.0854230
99.2020,-0.0854246
99.2177,-0.0854290
99.2347,-0.0854349
99.2518,-0.0854413
99.2681,-0.0854457
99.2850,-0.0854496
99.3022,-0.0854528
99.3183,-0.0854547
99.3353,-0.0854536
99.3516,-0.0854538
99.3675,-0.0854540
99.3851,-0.0854542
99.4013,-0.0854536
99.4178,-0.0854531
99.4351,-0.0854535
99.4516,-0.0854538
99.4675,-0.0854557
99.4845,-0.0854581
99.5020,-0.0854621
99.5175,-0.0854654
99.5346,-0.0854679
99.5523,-0.0854696
99.5678,-0.0854707
99.5844,-0.0854688
99.6016,-0.0854688
99.6183,-0.0854664
99.6335,-0.0854643
99.6510,-0.0854651
99.6671,-0.0854665
99.6846,-0.0854681
99.7004,-0.0854695
99.7182,-0.0854706
99.7354,-0.0854711
99.7506,-0.0854729
99.7680,-0.0854738
99.7840,-0.0854753
99.8008,-0.0854772
99.8179,-0.0854799
99.8347,-0.0854832
99.8520,-0.0854820
99.8679,-0.0854815
99.8853,-0.0854825
99.9003,-0.0854821
99.9183,-0.0854846
99.9346,-0.0854867
99.9520,-0.0854894
99.9676,-0.0854912
99.9849,-0.0854951
100.0014,-0.0855006
100.0186,-0.0855051
100.0342,-0.0855066
100.0519,-0.0855054
100.0688,-0.0855035
100.0848,-0.0855029
100.1012,-0.0854992
100.1182,-0.0854965
100.1348,-0.0854941
100.1515,-0.0854928
100.1687,-0.0854946
100.1845,-0.0854990
100.2019,-0.0855035
100.2187,-0.0855089
100.2356,-0.0855134
100.2522,-0.0855179
100.2696,-0.0855214
100.2850,-0.0855237
100.3020,-0.0855244
100.3187,-0.0855263
100.3347,-0.0855264
100.3516,-0.0855277
100.3688,-0.0855275
100.3853,-0.0855249
100.4020,-0.0855255
100.4181,-0.0855258
100.4352,-0.0855281
100.4517,-0.0855315
100.4689,-0.0855351
100.4857,-0.0855390
100.5018,-0.0855430
100.5189,-0.0855474
100.5352,-0.0855511
100.5515,-0.0855536
100.5686,-0.0855558
100.5846,-0.0855583
100.6020,-0.0855615
100.6181,-0.0855667
100.6356,-0.0855723
100.6516,-0.0855772
100.6691,-0.0855818
100.6849,-0.0855850
100.7028,-0.0855883
100.7184,-0.0855928
100.7357,-0.0855965
100.7529,-0.0855993
100.7686,-0.0856032
100.7852,-0.0856060
100.8015,-0.0856092
100.8184,-0.0856125
100.8342,-0.0856160
100.8523,-0.0856201
100.8679,-0.0856224
100.8858,-0.0856233
100.9019,-0.0856271
100.9188,-0.0856325
100.9358,-0.0856361
100.9526,-0.0856405
100.9684,-0.0856432
100.9860,-0.0856441
101.0024,-0.0856458
101.0184,-0.0856454
101.0357,-0.0856461
101.0518,-0.0856494
101.0681,-0.0856515
101.0854,-0.0856549
101.1011,-0.0856572
101.1181,-0.0856596
101.1358,-0.0856633
101.1526,-0.0856672
101.1688,-0.0856717
101.1857,-0.0856777
101.2023,-0.0856813
101.2190,-0.0856833
101.2355,-0.0856872
101.2523,-0.0856894
101.2687,-0.0856947
101.2856,-0.0857004
101.3021,-0.0857070
101.3193,-0.0857131
101.3355,-0.0857178
101.3529,-0.0857229
101.3688,-0.0857280
101.3859,-0.0857307
101.4018,-0.0857336
101.4187,-0.0857366
101.4363,-0.0857388
101.4531,-0.0857412
101.4690,-0.0857443
101.4860,-0.0857456
101.5028,-0.0857448
101.5196,-0.0857445
101.5366,-0.0857439
101.5528,-0.0857448
101.5685,-0.0857440
101.5849,-0.0857465
101.6021,-0.0857491
101.6188,-0.0857512
101.6353,-0.0857525
101.6519,-0.0857564
101.6686,-0.0857607
101.6858,-0.0857633
101.7022,-0.0857663
101.7188,-0.0857691
101.7343,-0.0857713
101.7518,-0.0857734
101.7689,-0.0857749
101.7858,-0.0857789
101.8019,-0.0857825
101.8187,-0.0857845
101.8348,-0.0857874
101.8516,-0.0857899
101.8690,-0.0857946
101.8847,-0.0858000
101.9020,-0.0858063
101.9188,-0.0858135
101.9349,-0.0858207
101.9519,-0.0858253
101.9687,-0.0858310
101.9853,-0.0858356
102.0025,-0.0858386
102.0187,-0.0858426
102.0344,-0.0858454
102.0524,-0.0858465
102.0686,-0.0858485
102.0852,-0.0858499
102.1018,-0.0858527
102.1193,-0.0858544
102.1352,-0.0858550
102.1523,-0.0858554
102.1693,-0.0858564
102.1858,-0.0858573
102.2020,-0.0858596
102.2189,-0.0858633
102.2361,-0.0858629
102.2527,-0.0858621
102.2699,-0.0858613
102.2856,-0.0858609
102.3020,-0.0858604
102.3184,-0.0858596
102.3360,-0.0858612
102.3523,-0.0858616
102.3696,-0.0858624
102.3851,-0.0858653
102.4024,-0.0858664
102.4200,-0.0858673
102.4359,-0.0858683
102.4525,-0.0858703
102.4692,-0.0858735
102.4855,-0.0858769
102.5019,-0.0858779
102.5188,-0.0858795
102.5363,-0.0858804
102.5529,-0.0858836
102.5698,-0.0858857
102.5853,-0.0858862
102.6022,-0.0858864
102.6188,-0.0858868
102.6346,-0.0858884
102.6531,-0.0858916
102.6685,-0.0858915
102.6853,-0.0858917
102.7027,-0.0858916
102.7191,-0.0858924
102.7357,-0.0858945
102.7519,-0.0858981
102.7697,-0.0859026
102.7856,-0.0859075
102.8026,-0.0859125
102.8193,-0.0859189
102.8355,-0.0859250
102.8522,-0.0859303
102.8690,-0.0859365
102.8857,-0.0859401
102.9022,-0.0859428
102.9189,-0.0859458
102.9356,-0.0859497
102.9532,-0.0859541
102.9690,-0.0859582
102.9868,-0.0859623
103.0021,-0.0859652
103.0195,-0.0859695
103.0364,-0.0859761
103.0530,-0.0859834
103.0697,-0.0859898
103.0856,-0.0859966
103.1032,-0.0860033
103.1199,-0.0860080
103.1371,-0.0860117
103.1536,-0.0860134
103.1698,-0.0860141
103.1865,-0.0860113
103.2030,-0.0860125
103.2201,-0.0860123
103.2364,-0.0860128
103.2530,-0.0860134
103.2692,-0.0860167
103.2863,-0.0860187
103.3028,-0.0860205
103.3195,-0.0860254
103.3369,-0.0860285
103.3536,-0.0860336
103.3691,-0.0860371
103.3865,-0.0860428
103.4034,-0.0860489
103.4201,-0.0860546
103.4364,-0.0860610
103.4531,-0.0860685
103.4700,-0.0860748
103.4867,-0.0860798
103.5043,-0.0860828
103.5203,-0.0860854
103.5374,-0.0860855
103.5537,-0.0860845
103.5703,-0.0860851
103.5866,-0.0860892
103.6033,-0.0860961
103.6196,-0.0861042
103.6364,-0.0861131
103.6542,-0.0861228
103.6711,-0.0861299
103.6882,-0.0861349
103.7036,-0.0861407
103.7203,-0.0861418
103.7369,-0.0861415
103.7540,-0.0861408
103.7693,-0.0861406
103.7874,-0.0861405
103.8043,-0.0861429
103.8209,-0.0861467
103.8371,-0.0861510
103.8544,-0.0861552
103.8694,-0.0861569
103.8876,-0.0861595
103.9042,-0.0861606
103.9201,-0.0861604
103.9372,-0.0861613
103.9534,-0.0861631
103.9700,-0.0861649
103.9870,-0.0861685
104.0033,-0.0861761
104.0203,-0.0861838
104.0370,-0.0861917
104.0542,-0.0861998
104.0708,-0.0862056
104.0865,-0.0862102
104.1038,-0.0862131
104.1213,-0.0862168
104.1375,-0.0862177
104.1541,-0.0862199
104.1712,-0.0862205
104.1875,-0.0862222
104.2046,-0.0862244
104.2207,-0.0862291
104.2379,-0.0862348
104.2532,-0.0862393
104.2715,-0.0862437
104.2879,-0.0862464
104.3044,-0.0862499
104.3212,-0.0862538
104.3369,-0.0862593
104.3549,-0.0862619
104.3699,-0.0862671
104.3874,-0.0862724
104.4045,-0.0862770
104.4213,-0.0862811
104.4372,-0.0862837
104.4546,-0.0862859
104.4706,-0.0862878
104.4875,-0.0862889
104.5044,-0.0862911
104.5211,-0.0862934
104.5377,-0.0862961
104.5547,-0.0863012
104.5708,-0.0863066
104.5879,-0.0863145
104.6037,-0.0863221
104.6209,-0.0863297
104.6382,-0.0863375
104.6540,-0.0863425
104.6710,-0.0863445
104.6875,-0.0863462
104.7042,-0.0863466
104.7207,-0.0863509
104.7372,-0.0863564
104.7535,-0.0863594
104.7712,-0.0863644
104.7881,-0.0863706
104.8051,-0.0863780
104.8215,-0.0863848
104.8380,-0.0863876
104.8542,-0.0863895
104.8712,-0.0863885
104.8884,-0.0863898
104.9041,-0.0863941
104.9209,-0.0863981
104.9373,-0.0864033
104.9540,-0.0864117
104.9716,-0.0864209
104.9882,-0.0864285
105.0041,-0.0864356
105.0213,-0.0864410
105.0378,-0.0864472
105.0548,-0.0864515
105.0715,-0.0864548
105.0879,-0.0864572
105.1043,-0.0864599
105.1224,-0.0864629
105.1388,-0.0864688
105.1550,-0.0864739
105.1716,-0.0864775
105.1885,-0.0864811
105.2051,-0.0864819
105.2223,-0.0864846
105.2380,-0.0864874
105.2541,-0.0864908
105.2719,-0.0864922
105.2880,-0.0864951
105.3048,-0.0865019
105.3200,-0.0865097
105.3379,-0.0865158
105.3540,-0.0865201
105.3702,-0.0865247
105.3876,-0.0865286
105.4040,-0.0865332
105.4200,-0.0865356
105.4376,-0.0865371
105.4545,-0.0865397
105.4707,-0.0865435
105.4872,-0.0865470
105.5036,-0.0865499
105.5202,-0.0865510
105.5374,-0.0865530
105.5546,-0.0865565
105.5702,-0.0865588
105.5870,-0.0865597
105.6047,-0.0865620
105.6210,-0.0865650
105.6379,-0.0865681
105.6536,-0.0865718
105.6711,-0.0865761
105.6872,-0.0865781
105.7044,-0.0865820
105.7209,-0.0865867
105.7382,-0.0865926
105.7533,-0.0865971
105.7707,-0.0866017
105.7879,-0.0866074
105.8048,-0.0866136
105.8215,-0.0866186
105.8372,-0.0866236
105.8548,-0.0866279
105.8715,-0.0866302
105.8877,-0.0866302
105.9045,-0.0866313
105.9211,-0.0866344
105.9383,-0.0866360
105.9549,-0.0866380
105.9716,-0.0866410
105.9870,-0.0866437
106.0053,-0.0866468
106.0203,-0.0866502
106.0380,-0.0866547
106.0548,-0.0866568
106.0705,-0.0866568
106.0885,-0.0866576
106.1049,-0.0866596
106.1214,-0.0866620
106.1379,-0.0866657
106.1543,-0.0866702
106.1723,-0.0866721
106.1887,-0.0866732
106.2057,-0.0866735
106.2220,-0.0866737
106.2387,-0.0866717
106.2543,-0.0866675
106.2708,-0.0866662
106.2881,-0.0866668
106.3045,-0.0866707
106.3213,-0.0866762
106.3376,-0.0866844
106.3548,-0.0866919
106.3719,-0.0866973
106.3875,-0.0867016
106.4051,-0.0867061
106.4211,-0.0867086
106.4384,-0.0867101
106.4542,-0.0867114
106.4707,-0.0867134
106.4894,-0.0867147
106.5042,-0.0867177
106.5212,-0.0867207
106.5379,-0.0867244
106.5547,-0.0867286
106.5713,-0.0867311
106.5886,-0.0867361
106.6050,-0.0867393
106.6221,-0.0867439
106.6383,-0.0867474
106.6552,-0.0867504
106.6725,-0.0867550
106.6888,-0.0867589
106.7055,-0.0867627
106.7221,-0.0867643
106.7383,-0.0867661
106.7564,-0.0867701
106.7716,-0.0867718
106.7889,-0.0867758
106.8052,-0.0867792
106.8219,-0.0867824
106.8389,-0.0867850
106.8546,-0.0867873
106.8724,-0.0867906
106.8882,-0.0867947
106.9057,-0.0867971
106.9223,-0.0867989
106.9384,-0.0868022
106.9554,-0.0868061
106.9724,-0.0868107
106.9883,-0.0868135
107.0059,-0.0868168
107.0228,-0.0868202
107.0397,-0.0868250
107.0563,-0.0868295
107.0725,-0.0868327
107.0889,-0.0868352
107.1053,-0.0868394
107.1220,-0.0868442
107.1387,-0.0868504
107.1551,-0.0868569
107.1721,-0.0868609
107.1890,-0.0868646
107.2057,-0.0868707
107.2226,-0.0868772
107.2390,-0.0868823
107.2549,-0.0868857
107.2716,-0.0868868
107.2894,-0.0868882
107.3052,-0.0868891
107.3227,-0.0868916
107.3385,-0.0868959
107.3550,-0.0869002
107.3720,-0.0869036
107.3884,-0.0869082
107.4063,-0.0869122
107.4228,-0.0869151
107.4390,-0.0869173
107.4563,-0.0869203
107.4724,-0.0869240
107.4886,-0.0869271
107.5050,-0.0869301
107.5219,-0.0869333
107.5389,-0.0869379
107.5555,-0.0869435
107.5721,-0.0869510
107.5885,-0.0869577
107.6053,-0.0869621
107.6224,-0.0869649
107.6378,-0.0869677
107.6560,-0.0869683
107.6724,-0.0869697
107.6893,-0.0869718
107.7052,-0.0869748
107.7225,-0.0869783
107.7389,-0.0869809
107.7558,-0.0869835
107.7720,-0.0869863
107.7887,-0.0869880
107.8058,-0.0869906
107.8221,-0.0869941
107.8387,-0.0869961
107.8554,-0.0869985
107.8717,-0.0870008
107.8886,-0.0870025
107.9052,-0.0870051
107.9210,-0.0870082
107.9382,-0.0870122
107.9551,-0.0870149
107.9723,-0.0870152
107.9892,-0.0870146
108.0049,-0.0870156
108.0223,-0.0870180
108.0392,-0.0870212
108.0553,-0.0870264
108.0718,-0.0870331
108.0887,-0.0870410
108.1055,-0.0870468
108.1232,-0.0870532
108.1386,-0.0870572
108.1562,-0.0870591
108.1723,-0.0870587
108.1880,-0.0870588
108.2055,-0.0870591
108.2222,-0.0870585
108.2393,-0.0870609
108.2552,-0.0870662
108.2706,-0.0870724
108.2881,-0.0870766
108.3046,-0.0870786
108.3220,-0.0870800
108.3391,-0.0870813
108.3552,-0.0870842
108.3719,-0.0870861
108.3882,-0.0870890
108.4052,-0.0870898
108.4217,-0.0870920
108.4398,-0.0870960
108.4549,-0.0870976
108.4730,-0.0871001
108.4885,-0.0871020
108.5056,-0.0871016
108.5229,-0.0871022
108.5384,-0.0871063
108.5551,-0.0871090
108.5718,-0.0871119
108.5885,-0.0871165
108.6059,-0.0871186
108.6223,-0.0871189
108.6387,-0.0871181
108.6553,-0.0871190
108.6727,-0.0871219
108.6879,-0.0871245
108.7044,-0.0871251
108.7223,-0.0871277
108.7378,-0.0871280
108.7547,-0.0871293
108.7720,-0.0871327
108.7891,-0.0871363
108.8051,-0.0871392
108.8218,-0.0871427
108.8386,-0.0871464
108.8555,-0.0871511
108.8718,-0.0871570
108.8898,-0.0871610
108.9056,-0.0871629
108.9218,-0.0871639
108.9387,-0.0871652
108.9554,-0.0871649
108.9730,-0.0871670
108.9891,-0.0871691
109.0059,-0.0871737
109.0221,-0.0871796
109.0386,-0.0871850
109.0570,-0.0871902
109.0730,-0.0871955
109.0902,-0.0871988
109.1066,-0.0871997
109.1225,-0.0872000
109.1392,-0.0872005
109.1564,-0.0872005
109.1722,-0.0872017
109.1889,-0.0872053
109.2064,-0.0872083
109.2233,-0.0872093
109.2393,-0.0872099
109.2568,-0.0872096
109.2735,-0.0872082
109.2899,-0.0872058
109.3066,-0.0872064
109.3229,-0.0872075
109.3404,-0.0872077
109.3563,-0.0872095
109.3733,-0.0872133
109.3903,-0.0872179
109.4061,-0.0872217
109.4231,-0.0872267
109.4398,-0.0872302
109.4570,-0.0872329
109.4731,-0.0872356
109.4903,-0.0872366
109.5072,-0.0872366
109.5224,-0.0872373
109.5401,-0.0872377
109.5565,-0.0872389
109.5726,-0.0872401
109.5900,-0.0872429
109.6064,-0.0872458
109.6239,-0.0872480
109.6405,-0.0872546
109.6572,-0.0872596
109.6743,-0.0872626
109.6896,-0.0872637
109.7074,-0.0872653
109.7248,-0.0872680
109.7398,-0.0872704
109.7570,-0.0872740
109.7729,-0.0872785
109.7913,-0.0872805
109.8083,-0.0872833
109.8239,-0.0872874
109.8417,-0.0872908
109.8569,-0.0872953
109.8746,-0.0872988
109.8915,-0.0873030
109.9074,-0.0873059
109.9239,-0.0873091
109.9408,-0.0873142
109.9580,-0.0873190
109.9750,-0.0873238
109.9914,-0.0873300
110.0090,-0.0873364
110.0245,-0.0873409
110.0414,-0.0873439
110.0586,-0.0873461
110.0753,-0.0873477
110.0922,-0.0873482
110.1078,-0.0873511
110.1250,-0.0873553
110.1420,-0.0873604
110.1591,-0.0873653
110.1754,-0.0873702
110.1923,-0.0873756
110.2088,-0.0873799
110.2247,-0.0873855
110.2417,-0.0873919
110.2585,-0.0873971
110.2754,-0.0874036
110.2920,-0.0874101
110.3084,-0.0874216
110.3254,-0.0874306
110.3415,-0.0874392
110.3598,-0.0874482
110.3754,-0.0874565
110.3929,-0.0874619
110.4089,-0.0874660
110.4248,-0.0874697
110.4422,-0.0874715
110.4589,-0.0874756
110.4756,-0.0874809
110.4918,-0.0874857
110.5088,-0.0874885
110.5253,-0.0874945
110.5418,-0.0875027
110.5590,-0.0875093
110.5754,-0.0875138
110.5912,-0.0875187
110.6092,-0.0875243
110.6255,-0.0875297
110.6419,-0.0875350
110.6580,-0.0875413
110.6750,-0.0875499
110.6919,-0.0875570
110.7080,-0.0875649
110.7251,-0.0875748
110.7416,-0.0875831
110.7585,-0.0875868
110.7758,-0.0875911
110.7926,-0.0875973
110.8088,-0.0876001
110.8251,-0.0876013
110.8420,-0.0876036
110.8584,-0.0876078
110.8754,-0.0876124
110.8913,-0.0876160
110.9078,-0.0876197
110.9254,-0.0876246
110.9419,-0.0876293
110.9582,-0.0876343
110.9754,-0.0876406
110.9919,-0.0876468
111.0085,-0.0876537
111.0250,-0.0876606
111.0415,-0.0876679
111.0586,-0.0876739
111.0755,-0.0876800
111.0920,-0.0876847
111.1084,-0.0876900
111.1258,-0.0876956
111.1414,-0.0876984
111.1580,-0.0877032
111.1751,-0.0877090
111.1919,-0.0877146
111.2080,-0.0877200
111.2252,-0.0877261
111.2426,-0.0877305
111.2586,-0.0877337
111.2746,-0.0877360
111.2926,-0.0877385
111.3079,-0.0877418
111.3248,-0.0877456
111.3416,-0.0877502
111.3584,-0.0877547
111.3750,-0.0877593
111.3919,-0.0877653
111.4079,-0.0877710
111.4255,-0.0877769
111.4420,-0.0877825
111.4590,-0.0877885
111.4751,-0.0877953
111.4915,-0.0878025
111.5088,-0.0878068
111.5247,-0.0878111
111.5417,-0.0878165
111.5580,-0.0878226
111.5745,-0.0878272
111.5914,-0.0878299
111.6081,-0.0878346
111.6253,-0.0878417
111.6422,-0.0878492
111.6581,-0.0878557
111.6753,-0.0878598
111.6921,-0.0878643
111.7099,-0.0878684
111.7249,-0.0878701
111.7424,-0.0878730
111.7580,-0.0878735
111.7755,-0.0878741
111.7921,-0.0878739
111.8079,-0.0878745
111.8258,-0.0878759
111.8419,-0.0878778
111.8582,-0.0878782
111.8750,-0.0878811
111.8917,-0.0878835
111.9083,-0.0878860
111.9243,-0.0878924
111.9415,-0.0879018
111.9589,-0.0879119
111.9745,-0.0879227
111.9923,-0.0879301
112.0088,-0.0879379
112.0257,-0.0879422
112.0416,-0.0879443
112.0593,-0.0879451
112.0752,-0.0879443
112.0918,-0.0879427
112.1082,-0.0879421
112.1248,-0.0879437
112.1412,-0.0879456
112.1588,-0.0879492
112.1747,-0.0879506
112.1920,-0.0879552
112.2089,-0.0879593
112.2252,-0.0879624
112.2415,-0.0879653
112.2576,-0.0879667
112.2755,-0.0879701
112.2917,-0.0879764
112.3079,-0.0879843
112.3253,-0.0879914
112.3413,-0.0879989
112.3588,-0.0880039
112.3759,-0.0880102
112.3916,-0.0880157
112.4090,-0.0880222
112.4241,-0.0880294
112.4413,-0.0880339
112.4583,-0.0880391
112.4752,-0.0880462
112.4921,-0.0880537
112.5088,-0.0880628
112.5257,-0.0880701
112.5418,-0.0880754
112.5584,-0.0880791
112.5765,-0.0880819
112.5933,-0.0880840
112.6085,-0.0880835
112.6246,-0.0880828
112.6417,-0.0880797
112.6584,-0.0880785
112.6750,-0.0880787
112.6915,-0.0880821
112.7087,-0.0880846
112.7251,-0.0880895
112.7421,-0.0880947
112.7582,-0.0881002
112.7749,-0.0881047
112.7911,-0.0881089
112.8087,-0.0881127
112.8244,-0.0881170
112.8419,-0.0881218
112.8581,-0.0881269
112.8752,-0.0881330
112.8922,-0.0881396
112.9087,-0.0881460
112.9249,-0.0881530
112.9423,-0.0881599
112.9579,-0.0881668
112.9756,-0.0881725
112.9919,-0.0881769
113.0097,-0.0881817
113.0244,-0.0881860
113.0425,-0.0881909
113.0590,-0.0881954
113.0756,-0.0882014
113.0921,-0.0882069
113.1086,-0.0882113
113.1247,-0.0882143
113.1414,-0.0882172
113.1596,-0.0882204
113.1752,-0.0882245
113.1914,-0.0882277
113.2084,-0.0882297
113.2249,-0.0882314
113.2418,-0.0882312
113.2588,-0.0882321
113.2750,-0.0882341
113.2920,-0.0882368
113.3084,-0.0882410
113.3243,-0.0882434
113.3412,-0.0882459
113.3575,-0.0882493
113.3750,-0.0882519
113.3915,-0.0882571
113.4079,-0.0882623
113.4247,-0.0882668
113.4408,-0.0882715
113.4579,-0.0882759
113.4744,-0.0882818
113.4912,-0.0882875
113.5080,-0.0882902
113.5239,-0.0882936
113.5404,-0.0882974
113.5576,-0.0883008
113.5742,-0.0883051
113.5909,-0.0883115
113.6075,-0.0883170
113.6243,-0.0883222
113.6414,-0.0883292
113.6589,-0.0883364
113.6755,-0.0883422
113.6917,-0.0883453
113.7086,-0.0883492
113.7249,-0.0883516
113.7418,-0.0883558
113.7583,-0.0883585
113.7742,-0.0883608
113.7916,-0.0883640
113.8079,-0.0883671
113.8257,-0.0883712
113.8413,-0.0883762
113.8586,-0.0883792
113.8748,-0.0883818
113.8925,-0.0883845
113.9081,-0.0883863
113.9257,-0.0883891
113.9414,-0.0883901
113.9579,-0.0883914
113.9747,-0.0883934
113.9915,-0.0883962
114.0089,-0.0883977
114.0257,-0.0883996
114.0422,-0.0884021
114.0587,-0.0884025
114.0748,-0.0884030
114.0910,-0.0884058
114.1083,-0.0884068
114.1246,-0.0884072
114.1417,-0.0884096
114.1585,-0.0884142
114.1751,-0.0884171
114.1911,-0.0884199
114.2080,-0.0884237
114.2249,-0.0884261
114.2416,-0.0884295
114.2583,-0.0884334
114.2750,-0.0884384
114.2913,-0.0884433
114.3078,-0.0884509
114.3253,-0.0884573
114.3415,-0.0884633
114.3580,-0.0884681
114.3748,-0.0884723
114.3911,-0.0884737
114.4084,-0.0884765
114.4242,-0.0884795
114.4414,-0.0884816
114.4584,-0.0884845
114.4750,-0.0884886
114.4913,-0.0884923
114.5077,-0.0884957
114.5239,-0.0884997
114.5414,-0.0885017
114.5579,-0.0885031
114.5745,-0.0885040
114.5911,-0.0885058
114.6079,-0.0885070
114.6241,-0.0885089
114.6417,-0.0885114
114.6575,-0.0885137
114.6755,-0.0885171
114.6916,-0.0885213
114.7083,-0.0885269
114.7245,-0.0885316
114.7416,-0.0885361
114.7586,-0.0885403
114.7754,-0.0885461
114.7922,-0.0885498
114.8084,-0.0885535
114.8254,-0.0885568
114.8425,-0.0885574
114.8595,-0.0885577
114.8748,-0.0885577
114.8925,-0.0885610
114.9092,-0.0885636
114.9248,-0.0885640
114.9416,-0.0885649
114.9586,-0.0885664
114.9754,-0.0885670
114.9930,-0.0885668
115.0085,-0.0885668
115.0253,-0.0885662
115.0424,-0.0885655
115.0592,-0.0885652
115.0754,-0.0885646
115.0924,-0.0885655
115.1087,-0.0885666
115.1247,-0.0885684
115.1417,-0.0885686
115.1586,-0.0885707
115.1751,-0.0885739
115.1915,-0.0885780
115.2091,-0.0885846
115.2252,-0.0885918
115.2423,-0.0885985
115.2589,-0.0886055
115.2757,-0.0886113
115.2923,-0.0886181
115.3079,-0.0886268
115.3251,-0.0886333
115.3424,-0.0886379
115.3590,-0.0886455
115.3761,-0.0886532
115.3922,-0.0886607
115.4095,-0.0886682
115.4247,-0.0886736
115.4429,-0.0886790
115.4590,-0.0886834
115.4760,-0.0886886
115.4922,-0.0886937
115.5085,-0.0887001
115.5264,-0.0887053
115.5422,-0.0887104
115.5592,-0.0887162
115.5755,-0.0887203
115.5931,-0.0887244
115.6100,-0.0887288
115.6264,-0.0887321
115.6426,-0.0887361
115.6588,-0.0887421
115.6761,-0.0887467
115.6928,-0.0887516
115.7089,-0.0887558
115.7260,-0.0887620
115.7430,-0.0887683
115.7598,-0.0887723
115.7754,-0.0887747
115.7925,-0.0887769
115.8094,-0.0887774
115.8257,-0.0887798
115.8427,-0.0887825
115.8595,-0.0887868
115.8753,-0.0887885
115.8928,-0.0887915
115.9106,-0.0887946
115.9262,-0.0887986
115.9429,-0.0888027
115.9592,-0.0888057
115.9769,-0.0888087
115.9925,-0.0888107
116.0100,-0.0888172
116.0258,-0.0888224
116.0426,-0.0888305
116.0587,-0.0888380
116.0752,-0.0888464
116.0932,-0.0888577
116.1093,-0.0888664
116.1253,-0.0888740
116.1426,-0.0888813
116.1589,-0.0888859
116.1763,-0.0888893
116.1915,-0.0888953
116.2086,-0.0889009
116.2249,-0.0889067
116.2419,-0.0889137
116.2585,-0.0889174
116.2747,-0.0889222
116.2926,-0.0889275
116.3092,-0.0889325
116.3250,-0.0889386
116.3415,-0.0889450
116.3586,-0.0889506
116.3750,-0.0889554
116.3919,-0.0889620
116.4087,-0.0889686
116.4251,-0.0889759
116.4412,-0.0889809
116.4578,-0.0889832
116.4751,-0.0889863
116.4914,-0.0889916
116.5083,-0.0889974
116.5249,-0.0890029
116.5408,-0.0890073
116.5581,-0.0890124
116.5742,-0.0890149
116.5918,-0.0890171
116.6075,-0.0890193
116.6242,-0.0890208
116.6414,-0.0890226
116.6577,-0.0890269
116.6740,-0.0890305
116.6908,-0.0890346
116.7074,-0.0890395
116.7253,-0.0890443
116.7413,-0.0890496
116.7579,-0.0890547
116.7738,-0.0890598
116.7915,-0.0890629
116.8084,-0.0890655
116.8240,-0.0890675
116.8417,-0.0890706
116.8578,-0.0890739
116.8744,-0.0890751
116.8914,-0.0890767
116.9081,-0.0890796
116.9248,-0.0890799
116.9406,-0.0890824
116.9580,-0.0890852
116.9752,-0.0890882
116.9917,-0.0890916
117.0082,-0.0890945
117.0247,-0.0890955
117.0415,-0.0890989
117.0588,-0.0891003
117.0757,-0.0891024
117.0917,-0.0891015
117.1080,-0.0891032
117.1246,-0.0891024
117.1413,-0.0891020
117.1580,-0.0891028
117.1740,-0.0891029
117.1909,-0.0891040
117.2073,-0.0891067
117.2247,-0.0891095
117.2411,-0.0891117
117.2580,-0.0891141
117.2746,-0.0891176
117.2913,-0.0891220
117.3082,-0.0891253
117.3249,-0.0891279
117.3412,-0.0891308
117.3584,-0.0891345
117.3749,-0.0891367
117.3915,-0.0891398
117.4082,-0.0891449
117.4245,-0.0891495
117.4419,-0.0891537
117.4578,-0.0891541
117.4750,-0.0891549
117.4922,-0.0891557
117.5089,-0.0891552
117.5254,-0.0891560
117.5412,-0.0891564
117.5577,-0.0891569
117.5743,-0.0891562
117.5916,-0.0891562
117.6090,-0.0891572
117.6258,-0.0891600
117.6417,-0.0891645
117.6579,-0.0891660
117.6748,-0.0891644
117.6920,-0.0891628
117.7088,-0.0891645
117.7250,-0.0891670
117.7414,-0.0891701
117.7580,-0.0891710
117.7746,-0.0891720
117.7919,-0.0891719
117.8082,-0.0891754
117.8245,-0.0891807
117.8412,-0.0891846
117.8576,-0.0891877
117.8749,-0.0891902
117.8917,-0.0891959
117.9086,-0.0892027
117.9255,-0.0892100
117.9415,-0.0892157
117.9590,-0.0892214
117.9755,-0.0892274
117.9923,-0.0892296
118.0092,-0.0892308
118.0253,-0.0892316
118.0429,-0.0892312
118.0592,-0.0892301
118.0745,-0.0892301
118.0915,-0.0892317
118.1083,-0.0892333
118.1254,-0.0892333
118.1426,-0.0892363
118.1591,-0.0892400
118.1760,-0.0892434
118.1919,-0.0892494
118.2082,-0.0892524
118.2260,-0.0892581
118.2414,-0.0892642
118.2586,-0.0892722
118.2761,-0.0892805
118.2926,-0.0892878
118.3089,-0.0892953
118.3259,-0.0893044
118.3432,-0.0893117
118.3586,-0.0893164
118.3751,-0.0893207
118.3931,-0.0893233
118.4089,-0.0893267
118.4256,-0.0893288
118.4419,-0.0893336
118.4589,-0.0893356
118.4762,-0.0893377
118.4925,-0.0893405
118.5089,-0.0893449
118.5253,-0.0893475
118.5416,-0.0893501
118.5594,-0.0893516
118.5752,-0.0893538
118.5923,-0.0893594
118.6095,-0.0893652
118.6248,-0.0893719
118.6420,-0.0893776
118.6588,-0.0893821
118.6762,-0.0893882
118.6924,-0.0893948
118.7097,-0.0894005
118.7258,-0.0894059
118.7423,-0.0894109
118.7595,-0.0894133
118.7760,-0.0894163
118.7927,-0.0894188
118.8085,-0.0894216
118.8252,-0.0894282
118.8424,-0.0894347
118.8587,-0.0894417
118.8754,-0.0894491
118.8926,-0.0894543
118.9096,-0.0894607
118.9261,-0.0894653
118.9427,-0.0894707
118.9592,-0.0894749
118.9753,-0.0894795
118.9933,-0.0894843
119.0094,-0.0894915
119.0268,-0.0894971
119.0429,-0.0895048
119.0602,-0.0895126
119.0768,-0.0895175
119.0933,-0.0895222
119.1095,-0.0895273
119.1269,-0.0895294
119.1428,-0.0895321
119.1589,-0.0895343
119.1761,-0.0895382
119.1924,-0.0895433
119.2088,-0.0895465
119.2259,-0.0895494
119.2421,-0.0895517
119.2594,-0.0895545
119.2763,-0.0895589
119.2922,-0.0895644
119.3090,-0.0895711
119.3255,-0.0895772
119.3428,-0.0895822
119.3596,-0.0895870
119.3764,-0.0895952
119.3927,-0.0896045
119.4092,-0.0896137
119.4259,-0.0896209
119.4435,-0.0896273
119.4602,-0.0896321
119.4768,-0.0896349
119.4933,-0.0896388
119.5099,-0.0896391
119.5252,-0.0896381
119.5425,-0.0896359
119.5590,-0.0896373
119.5763,-0.0896392
119.5926,-0.0896432
119.6087,-0.0896491
119.6266,-0.0896551
119.6429,-0.0896633
119.6596,-0.0896718
119.6761,-0.0896788
119.6925,-0.0896834
119.7106,-0.0896864
119.7269,-0.0896900
119.7430,-0.0896912
119.7598,-0.0896920
119.7753,-0.0896916
119.7930,-0.0896929
119.8101,-0.0896956
119.8258,-0.0897003
119.8429,-0.0897041
119.8592,-0.0897074
119.8763,-0.0897089
119.8929,-0.0897126
119.9101,-0.0897167
119.9264,-0.0897176
119.9435,-0.0897199
119.9595,-0.0897234
119.9767,-0.0897276
119.9933,-0.0897311
120.0094,-0.0897355
120.0267,-0.0897392
120.0432,-0.0897433
120.0602,-0.0897472
120.0762,-0.0897523
120.0935,-0.0897573
120.1099,-0.0897596
120.1269,-0.0897632
120.1431,-0.0897683
120.1600,-0.0897730
120.1764,-0.0897772
120.1937,-0.0897817
120.2105,-0.0897853
120.2268,-0.0897891
120.2444,-0.0897921
120.2598,-0.0897965
120.2764,-0.0898000
120.2933,-0.0898030
120.3106,-0.0898068
120.3270,-0.0898105
120.3442,-0.0898159
120.3598,-0.0898194
120.3768,-0.0898224
120.3937,-0.0898257
120.4103,-0.0898287
120.4270,-0.0898301
120.4440,-0.0898333
120.4605,-0.0898357
120.4774,-0.0898384
120.4925,-0.0898412
120.5098,-0.0898451
120.5266,-0.0898495
120.5442,-0.0898552
120.5594,-0.0898629
120.5769,-0.0898712
120.5940,-0.0898796
120.6107,-0.0898884
120.6271,-0.0898974
120.6444,-0.0899059
120.6607,-0.0899118
120.6774,-0.0899145
120.6949,-0.0899179
120.7106,-0.0899207
120.7276,-0.0899253
120.7446,-0.0899292
120.7609,-0.0899337
120.7778,-0.0899364
120.7951,-0.0899401
120.8105,-0.0899451
120.8270,-0.0899496
120.8440,-0.0899518
120.8606,-0.0899553
120.8778,-0.0899587
120.8943,-0.0899637
120.9104,-0.0899696
120.9260,-0.0899757
120.9445,-0.0899814
120.9605,-0.0899890
120.9771,-0.0899964
120.9939,-0.0900049
121.0113,-0.0900127
121.0273,-0.0900179
121.0440,-0.0900246
121.0611,-0.0900323
121.0771,-0.0900398
121.0943,-0.0900459
121.1107,-0.0900508
121.1275,-0.0900545
121.1442,-0.0900563
121.1612,-0.0900580
121.1774,-0.0900586
121.1942,-0.0900598
121.2104,-0.0900605
121.2268,-0.0900645
121.2440,-0.0900696
121.2605,-0.0900762
121.2769,-0.0900823
121.2939,-0.0900890
121.3108,-0.0900967
121.3274,-0.0901027
121.3432,-0.0901067
121.3604,-0.0901105
121.3769,-0.0901140
121.3940,-0.0901189
121.4104,-0.0901243
121.4268,-0.0901291
121.4434,-0.0901363
121.4607,-0.0901419
121.4777,-0.0901438
121.4946,-0.0901474
121.5104,-0.0901484
121.5274,-0.0901472
121.5444,-0.0901454
121.5605,-0.0901437
121.5764,-0.0901453
121.5944,-0.0901472
121.6107,-0.0901491
121.6269,-0.0901532
121.6437,-0.0901589
121.6606,-0.0901656
121.6770,-0.0901725
121.6939,-0.0901768
121.7107,-0.0901790
121.7278,-0.0901815
121.7449,-0.0901824
121.7606,-0.0901838
121.7766,-0.0901893
121.7936,-0.0901952
121.8110,-0.0902008
121.8276,-0.0902053
121.8444,-0.0902114
121.8616,-0.0902163
121.8779,-0.0902201
121.8946,-0.0902200
121.9117,-0.0902188
121.9287,-0.0902163
121.9448,-0.0902153
121.9616,-0.0902147
121.9784,-0.0902163
121.9957,-0.0902192
122.0123,-0.0902270
122.0274,-0.0902345
122.0452,-0.0902418
122.0618,-0.0902466
122.0787,-0.0902500
122.0961,-0.0902536
122.1121,-0.0902568
122.1285,-0.0902575
122.1453,-0.0902576
122.1615,-0.0902595
122.1782,-0.0902625
122.1948,-0.0902679
122.2117,-0.0902725
122.2279,-0.0902777
122.2452,-0.0902828
122.2617,-0.0902878
122.2778,-0.0902950
122.2956,-0.0903010
122.3115,-0.0903071
122.3285,-0.0903142
122.3456,-0.0903194
122.3626,-0.0903235
122.3788,-0.0903286
122.3950,-0.0903334
122.4111,-0.0903353
122.4284,-0.0903362
122.4454,-0.0903377
122.4620,-0.0903427
122.4779,-0.0903459
122.4950,-0.0903497
122.5115,-0.0903548
122.5290,-0.0903618
122.5450,-0.0903680
122.5612,-0.0903741
122.5789,-0.0903797
122.5955,-0.0903856
122.6127,-0.0903913
122.6286,-0.0903969
122.6445,-0.0904032
122.6621,-0.0904072
122.6783,-0.0904119
122.6951,-0.0904156
122.7114,-0.0904197
122.7288,-0.0904235
122.7453,-0.0904262
122.7621,-0.0904313
122.7784,-0.0904368
122.7949,-0.0904415
122.8111,-0.0904465
122.8282,-0.0904491
122.8454,-0.0904517
122.8613,-0.0904540
122.8781,-0.0904583
122.8947,-0.0904647
122.9116,-0.0904713
122.9281,-0.0904785
122.9446,-0.0904853
122.9629,-0.0904909
122.9790,-0.0904953
122.9959,-0.0904997
123.0121,-0.0905028
123.0288,-0.0905043
123.0451,-0.0905019
123.0615,-0.0905000
123.0781,-0.0904991
123.0945,-0.0904996
123.1121,-0.0905001
123.1286,-0.0904985
123.1446,-0.0904993
123.1619,-0.0905018
123.1781,-0.0905041
123.1947,-0.0905091
123.2109,-0.0905128
123.2295,-0.0905166
123.2451,-0.0905212
123.2621,-0.0905254
123.2786,-0.0905290
123.2950,-0.0905323
123.3118,-0.0905339
123.3286,-0.0905356
123.3451,-0.0905391
123.3624,-0.0905402
123.3782,-0.0905427
123.3954,-0.0905444
123.4116,-0.0905458
123.4294,-0.0905478
123.4439,-0.0905516
123.4621,-0.0905563
123.4788,-0.0905587
123.4962,-0.0905636
123.5115,-0.0905686
123.5292,-0.0905756
123.5448,-0.0905802
123.5615,-0.0905846
123.5795,-0.0905866
123.5955,-0.0905892
123.6126,-0.0905933
123.6289,-0.0905958
123.6452,-0.0905977
123.6620,-0.0905976
123.6796,-0.0905992
123.6952,-0.0906006
123.7122,-0.0906017
123.7290,-0.0906026
123.7443,-0.0906044
123.7616,-0.0906061
123.7781,-0.0906110
123.7958,-0.0906166
123.8116,-0.0906203
123.8289,-0.0906243
123.8455,-0.0906243
123.8627,-0.0906259
123.8783,-0.0906269
123.8950,-0.0906294
123.9119,-0.0906335
123.9282,-0.0906369
123.9449,-0.0906416
123.9619,-0.0906462
123.9791,-0.0906508
123.9959,-0.0906556
124.0127,-0.0906621
124.0293,-0.0906656
124.0459,-0.0906691
124.0627,-0.0906721
124.0792,-0.0906758
124.0957,-0.0906802
124.1123,-0.0906831
124.1286,-0.0906873
124.1463,-0.0906895
124.1622,-0.0906926
124.1793,-0.0906987
124.1954,-0.0907062
124.2125,-0.0907118
124.2288,-0.0907154
124.2453,-0.0907167
124.2621,-0.0907184
124.2787,-0.0907221
124.2953,-0.0907217
124.3121,-0.0907202
124.3287,-0.0907200
124.3456,-0.0907224
124.3624,-0.0907259
124.3790,-0.0907297
124.3951,-0.0907342
124.4126,-0.0907380
124.4295,-0.0907404
124.4450,-0.0907446
124.4621,-0.0907508
124.4795,-0.0907570
124.4953,-0.0907630
124.5119,-0.0907686
124.5285,-0.0907747
124.5456,-0.0907785
124.5625,-0.0907826
124.5790,-0.0907883
124.5957,-0.0907928
124.6123,-0.0907960
124.6287,-0.0907991
124.6460,-0.0908046
124.6632,-0.0908090
124.6785,-0.0908153
124.6958,-0.0908214
124.7137,-0.0908273
124.7300,-0.0908315
124.7453,-0.0908371
124.7632,-0.0908422
124.7797,-0.0908482
124.7962,-0.0908513
124.8134,-0.0908526
124.8294,-0.0908541
124.8455,-0.0908552
124.8629,-0.0908553
124.8792,-0.0908565
124.8955,-0.0908597
124.9119,-0.0908640
124.9290,-0.0908682
124.9456,-0.0908746
124.9628,-0.0908815
124.9793,-0.0908889
124.9970,-0.0908941
125.0129,-0.0908989
125.0302,-0.0909027
125.0465,-0.0909064
125.0633,-0.0909107
125.0796,-0.0909143
125.0970,-0.0909216
125.1135,-0.0909289
125.1299,-0.0909355
125.1464,-0.0909410
125.1637,-0.0909444
125.1806,-0.0909472
125.1966,-0.0909496
125.2136,-0.0909508
125.2299,-0.0909535
125.2461,-0.0909551
125.2637,-0.0909571
125.2797,-0.0909630
125.2968,-0.0909698
125.3146,-0.0909777
125.3297,-0.0909844
125.3468,-0.0909909
125.3638,-0.0909980
125.3807,-0.0910031
125.3971,-0.0910081
125.4130,-0.0910155
125.4297,-0.0910225
125.4469,-0.0910286
125.4633,-0.0910360
125.4806,-0.0910443
125.4966,-0.0910534
125.5129,-0.0910615
125.5298,-0.0910679
125.5465,-0.0910750
125.5627,-0.0910808
125.5806,-0.0910855
125.5963,-0.0910881
125.6135,-0.0910916
125.6300,-0.0910939
125.6470,-0.0910969
125.6621,-0.0911017
125.6793,-0.0911069
125.6967,-0.0911149
125.7135,-0.0911216
125.7303,-0.0911301
125.7468,-0.0911390
125.7635,-0.0911464
125.7804,-0.0911504
125.7968,-0.0911562
125.8139,-0.0911616
125.8301,-0.0911684
125.8469,-0.0911753
125.8628,-0.0911817
125.8807,-0.0911872
125.8969,-0.0911912
125.9138,-0.0911931
125.9304,-0.0911946
125.9475,-0.0911949
125.9636,-0.0911935
125.9794,-0.0911929
125.9969,-0.0911945
126.0135,-0.0911971
126.0291,-0.0911994
126.0463,-0.0912034
126.0637,-0.0912110
126.0796,-0.0912205
126.0970,-0.0912301
126.1125,-0.0912388
126.1297,-0.0912457
126.1468,-0.0912524
126.1643,-0.0912568
126.1800,-0.0912621
126.1965,-0.0912679
126.2132,-0.0912718
126.2301,-0.0912733
126.2463,-0.0912746
126.2644,-0.0912766
126.2802,-0.0912817
126.2968,-0.0912873
126.3125,-0.0912918
126.3293,-0.0912978
126.3472,-0.0913030
126.3643,-0.0913076
126.3799,-0.0913121
126.3966,-0.0913175
126.4129,-0.0913223
126.4304,-0.0913250
126.4469,-0.0913292
126.4638,-0.0913355
126.4800,-0.0913415
126.4970,-0.0913460
126.5138,-0.0913494
126.5301,-0.0913530
126.5470,-0.0913555
126.5641,-0.0913591
126.5799,-0.0913620
126.5968,-0.0913657
126.6137,-0.0913673
126.6303,-0.0913701
126.6474,-0.0913729
126.6640,-0.0913774
126.6804,-0.0913815
126.6970,-0.0913869
126.7139,-0.0913890
126.7300,-0.0913923
126.7471,-0.0913960
126.7643,-0.0914017
126.7814,-0.0914079
126.7965,-0.0914122
126.8136,-0.0914159
126.8306,-0.0914193
126.8471,-0.0914211
126.8638,-0.0914247
126.8795,-0.0914274
126.8968,-0.0914288
126.9139,-0.0914297
126.9301,-0.0914331
126.9471,-0.0914369
126.9632,-0.0914436
126.9812,-0.0914473
126.9978,-0.0914533
127.0140,-0.0914602
127.0302,-0.0914663
127.0470,-0.0914701
127.0631,-0.0914731
127.0804,-0.0914758
127.0971,-0.0914782
127.1133,-0.0914818
127.1294,-0.0914863
127.1475,-0.0914904
127.1636,-0.0914951
127.1797,-0.0915017
127.1970,-0.0915092
127.2131,-0.0915144
127.2306,-0.0915169
127.2471,-0.0915192
127.2637,-0.0915187
127.2797,-0.0915191
127.2969,-0.0915210
127.3136,-0.0915232
127.3306,-0.0915252
127.3469,-0.0915300
127.3629,-0.0915370
127.3800,-0.0915447
127.3968,-0.0915499
127.4131,-0.0915557
127.4300,-0.0915608
127.4469,-0.0915660
127.4631,-0.0915703
127.4806,-0.0915742
127.4969,-0.0915778
127.5124,-0.0915801
127.5297,-0.0915824
127.5467,-0.0915843
127.5633,-0.0915884
127.5796,-0.0915931
127.5958,-0.0915960
127.6131,-0.0915986
127.6303,-0.0916024
127.6468,-0.0916047
127.6634,-0.0916077
127.6800,-0.0916109
127.6957,-0.0916130
127.7129,-0.0916146
127.7293,-0.0916175
127.7463,-0.0916223
127.7625,-0.0916260
127.7789,-0.0916301
127.7959,-0.0916339
127.8124,-0.0916369
127.8303,-0.0916394
127.8457,-0.0916439
127.8629,-0.0916488
127.8795,-0.0916537
127.8967,-0.0916584
127.9128,-0.0916643
127.9297,-0.0916700
127.9474,-0.0916737
127.9630,-0.0916774
127.9802,-0.0916796
127.9965,-0.0916821
128.0132,-0.0916814
128.0298,-0.0916809
128.0466,-0.0916822
128.0627,-0.0916836
128.0799,-0.0916865
128.0967,-0.0916904
128.1137,-0.0916942
128.1304,-0.0916948
128.1463,-0.0916956
128.1641,-0.0916969
128.1800,-0.0916993
128.1968,-0.0917016
128.2131,-0.0917028
128.2299,-0.0917077
128.2471,-0.0917114
128.2639,-0.0917155
128.2802,-0.0917188
128.2968,-0.0917215
128.3139,-0.0917230
128.3304,-0.0917234
128.3472,-0.0917238
128.3633,-0.0917233
128.3809,-0.0917217
128.3972,-0.0917189
128.4138,-0.0917180
128.4311,-0.0917184
128.4461,-0.0917203
128.4636,-0.0917237
128.4801,-0.0917261
128.4976,-0.0917294
128.5140,-0.0917324
128.5300,-0.0917354
128.5473,-0.0917377
128.5641,-0.0917417
128.5812,-0.0917438
128.5968,-0.0917464
128.6138,-0.0917509
128.6305,-0.0917550
128.6478,-0.0917609
128.6642,-0.0917664
128.6812,-0.0917717
128.6977,-0.0917761
128.7139,-0.0917795
128.7312,-0.0917846
128.7476,-0.0917900
128.7643,-0.0917948
128.7809,-0.0917999
128.7979,-0.0918038
128.8148,-0.0918076
128.8310,-0.0918117
128.8480,-0.0918135
128.8644,-0.0918155
128.8814,-0.0918189
128.8972,-0.0918195
128.9138,-0.0918215
128.9312,-0.0918241
128.9474,-0.0918254
128.9653,-0.0918294
128.9804,-0.0918354
128.9967,-0.0918424
129.0145,-0.0918502
129.0303,-0.0918590
129.0475,-0.0918686
129.0652,-0.0918788
129.0816,-0.0918861
129.0978,-0.0918908
129.1152,-0.0918937
129.1330,-0.0918947
129.1483,-0.0918965
129.1647,-0.0918976
129.1820,-0.0919001
129.1981,-0.0919027
129.2150,-0.0919046
129.2314,-0.0919096
129.2487,-0.0919141
129.2654,-0.0919181
129.2816,-0.0919241
129.2979,-0.0919273
129.3150,-0.0919339
129.3315,-0.0919394
129.3483,-0.0919448
129.3645,-0.0919505
129.3807,-0.0919583
129.3987,-0.0919653
129.4149,-0.0919723
129.4310,-0.0919786
129.4475,-0.0919862
129.4651,-0.0919947
129.4815,-0.0920004
129.4980,-0.0920084
129.5144,-0.0920148
129.5313,-0.0920218
129.5477,-0.0920285
129.5643,-0.0920365
129.5815,-0.0920422
129.5970,-0.0920500
129.6139,-0.0920583
129.6309,-0.0920649
129.6473,-0.0920725
129.6645,-0.0920796
129.6818,-0.0920875
129.6985,-0.0920949
129.7144,-0.0921039
129.7307,-0.0921103
129.7482,-0.0921139
129.7647,-0.0921177
129.7816,-0.0921229
129.7980,-0.0921289
129.8143,-0.0921341
129.8314,-0.0921388
129.8479,-0.0921452
129.8654,-0.0921509
129.8810,-0.0921571
129.8982,-0.0921639
129.9143,-0.0921709
129.9316,-0.0921754
129.9470,-0.0921797
129.9645,-0.0921849
129.9821,-0.0921895
129.9975,-0.0921942
130.0136,-0.0921973
130.0318,-0.0922022
130.0478,-0.0922046
130.0652,-0.0922088
130.0813,-0.0922152
130.0977,-0.0922213
130.1150,-0.0922256
130.1314,-0.0922290
130.1493,-0.0922319
130.1652,-0.0922358
130.1813,-0.0922391
130.1977,-0.0922405
130.2148,-0.0922430
130.2320,-0.0922483
130.2486,-0.0922534
130.2645,-0.0922578
130.2820,-0.0922640
130.2979,-0.0922687
130.3154,-0.0922716
130.3314,-0.0922740
130.3490,-0.0922778
130.3645,-0.0922822
130.3811,-0.0922868
130.3974,-0.0922923
130.4147,-0.0922979
130.4313,-0.0923053
130.4486,-0.0923119
130.4638,-0.0923181
130.4814,-0.0923233
130.4979,-0.0923280
130.5148,-0.0923313
130.5308,-0.0923329
130.5485,-0.0923357
130.5644,-0.0923397
130.5809,-0.0923454
130.5981,-0.0923528
130.6146,-0.0923603
130.6315,-0.0923657
130.6485,-0.0923707
130.6651,-0.0923730
130.6821,-0.0923751
130.6983,-0.0923780
130.7152,-0.0923797
130.7311,-0.0923813
130.7473,-0.0923823
130.7645,-0.0923828
130.7809,-0.0923866
130.7971,-0.0923935
130.8145,-0.0924005
130.8305,-0.0924073
130.8474,-0.0924151
130.8652,-0.0924198
130.8815,-0.0924214
130.8976,-0.0924225
130.9150,-0.0924246
130.9313,-0.0924257
130.9473,-0.0924266
130.9641,-0.0924304
130.9808,-0.0924348
130.9985,-0.0924410
131.0142,-0.0924502
131.0320,-0.0924590
131.0482,-0.0924657
131.0647,-0.0924711
131.0820,-0.0924762
131.0987,-0.0924808
131.1155,-0.0924815
131.1310,-0.0924852
131.1482,-0.0924888
131.1650,-0.0924921
131.1812,-0.0924953
131.1983,-0.0924995
131.2161,-0.0925044
131.2314,-0.0925066
131.2489,-0.0925080
131.2646,-0.0925103
131.2826,-0.0925130
131.2982,-0.0925141
131.3143,-0.0925149
131.3320,-0.0925177
131.3490,-0.0925214
131.3658,-0.0925243
131.3815,-0.0925326
131.3973,-0.0925393
131.4150,-0.0925461
131.4322,-0.0925510
131.4485,-0.0925584
131.4670,-0.0925645
131.4815,-0.0925691
131.4993,-0.0925701
131.5157,-0.0925706
131.5327,-0.0925708
131.5487,-0.0925703
131.5644,-0.0925729
131.5820,-0.0925750
131.5983,-0.0925807
131.6158,-0.0925872
131.6316,-0.0925934
131.6488,-0.0926025
131.6648,-0.0926109
131.6816,-0.0926202
131.6985,-0.0926287
131.7150,-0.0926358
131.7321,-0.0926417
131.7479,-0.0926472
131.7652,-0.0926532
131.7818,-0.0926594
131.7986,-0.0926644
131.8154,-0.0926690
131.8316,-0.0926732
131.8486,-0.0926768
131.8653,-0.0926804
131.8812,-0.0926839
131.8982,-0.0926862
131.9152,-0.0926883
131.9323,-0.0926896
131.9477,-0.0926930
131.9646,-0.0926966
131.9817,-0.0926991
131.9976,-0.0927046
132.0149,-0.0927096
132.0319,-0.0927175
132.0481,-0.0927244
132.0643,-0.0927321
132.0817,-0.0927373
132.0982,-0.0927416
132.1149,-0.0927455
132.1320,-0.0927511
132.1484,-0.0927577
132.1651,-0.0927639
132.1818,-0.0927700
132.1983,-0.0927751
132.2156,-0.0927808
132.2319,-0.0927851
132.2485,-0.0927896
132.2655,-0.0927951
132.2821,-0.0927972
132.2986,-0.0927994
132.3159,-0.0928016
132.3325,-0.0928038
132.3487,-0.0928048
132.3647,-0.0928072
132.3822,-0.0928100
132.3987,-0.0928122
132.4151,-0.0928164
132.4314,-0.0928205
132.4487,-0.0928224
132.4652,-0.0928251
132.4818,-0.0928286
132.4988,-0.0928325
132.5158,-0.0928369
132.5313,-0.0928400
132.5485,-0.0928435
132.5649,-0.0928465
132.5822,-0.0928507
132.5984,-0.0928536
132.6150,-0.0928571
132.6313,-0.0928600
132.6488,-0.0928650
132.6655,-0.0928683
132.6812,-0.0928714
132.6983,-0.0928747
132.7150,-0.0928781
132.7323,-0.0928792
132.7486,-0.0928824
132.7643,-0.0928870
132.7819,-0.0928903
132.7986,-0.0928939
132.8144,-0.0928984
132.8325,-0.0929035
132.8490,-0.0929091
132.8652,-0.0929159
132.8825,-0.0929220
132.8988,-0.0929283
132.9151,-0.0929312
132.9323,-0.0929333
132.9490,-0.0929368
132.9658,-0.0929384
132.9817,-0.0929393
132.9980,-0.0929410
133.0152,-0.0929421
133.0320,-0.0929440
133.0480,-0.0929463
133.0655,-0.0929484
133.0824,-0.0929510
133.0988,-0.0929561
133.1152,-0.0929614
133.1322,-0.0929672
133.1483,-0.0929728
133.1652,-0.0929791
133.1815,-0.0929860
133.1993,-0.0929912
133.2156,-0.0929941
133.2329,-0.0929979
133.2486,-0.0930020
133.2661,-0.0930069
133.2821,-0.0930090
133.2982,-0.0930107
133.3158,-0.0930138
133.3328,-0.0930139
133.3495,-0.0930142
133.3656,-0.0930170
133.3823,-0.0930195
133.3987,-0.0930194
133.4159,-0.0930196
133.4325,-0.0930216
133.4496,-0.0930256
133.4650,-0.0930291
133.4817,-0.0930346
133.4991,-0.0930407
133.5156,-0.0930463
133.5329,-0.0930523
133.5490,-0.0930582
133.5657,-0.0930622
133.5829,-0.0930675
133.5994,-0.0930725
133.6164,-0.0930763
133.6320,-0.0930799
133.6487,-0.0930843
133.6662,-0.0930881
133.6832,-0.0930958
133.6996,-0.0931027
133.7165,-0.0931094
133.7328,-0.0931153
133.7486,-0.0931187
133.7662,-0.0931209
133.7833,-0.0931234
133.8000,-0.0931271
133.8170,-0.0931316
133.8328,-0.0931373
133.8494,-0.0931415
133.8663,-0.0931473
133.8835,-0.0931553
133.8996,-0.0931644
133.9168,-0.0931731
133.9324,-0.0931790
133.9501,-0.0931843
133.9670,-0.0931875
133.9827,-0.0931926
133.9994,-0.0931969
134.0158,-0.0932006
134.0330,-0.0932059
134.0501,-0.0932104
134.0666,-0.0932163
134.0832,-0.0932201
134.1001,-0.0932236
134.1165,-0.0932271
134.1330,-0.0932320
134.1489,-0.0932381
134.1660,-0.0932447
134.1829,-0.0932536
134.1994,-0.0932629
134.2157,-0.0932703
134.2333,-0.0932801
134.2503,-0.0932884
134.2666,-0.0932955
134.2837,-0.0933023
134.2999,-0.0933077
134.3176,-0.0933117
134.3337,-0.0933169
134.3494,-0.0933248
134.3666,-0.0933316
134.3821,-0.0933382
134.3996,-0.0933415
134.4162,-0.0933445
134.4333,-0.0933476
134.4492,-0.0933510
134.4661,-0.0933560
134.4823,-0.0933603
134.4989,-0.0933643
134.5157,-0.0933716
134.5337,-0.0933776
134.5496,-0.0933842
134.5654,-0.0933877
134.5833,-0.0933907
134.5989,-0.0933933
134.6152,-0.0933956
134.6314,-0.0933978
134.6485,-0.0934009
134.6651,-0.0934050
134.6829,-0.0934112
134.6995,-0.0934204
134.7152,-0.0934272
134.7326,-0.0934328
134.7487,-0.0934401
134.7657,-0.0934463
134.7822,-0.0934517
134.7999,-0.0934578
134.8163,-0.0934624
134.8330,-0.0934669
134.8493,-0.0934721
134.8661,-0.0934766
134.8828,-0.0934809
134.8994,-0.0934838
134.9162,-0.0934850
134.9326,-0.0934832
134.9501,-0.0934835
134.9662,-0.0934858
134.9821,-0.0934894
134.9989,-0.0934948
135.0153,-0.0935005
135.0322,-0.0935071
135.0500,-0.0935110
135.0660,-0.0935159
135.0822,-0.0935202
135.0990,-0.0935234
135.1159,-0.0935241
135.1326,-0.0935277
135.1493,-0.0935334
135.1664,-0.0935402
135.1828,-0.0935449
135.1998,-0.0935506
135.2160,-0.0935543
135.2329,-0.0935561
135.2495,-0.0935600
135.2660,-0.0935633
135.2829,-0.0935661
135.2996,-0.0935687
135.3160,-0.0935706
135.3332,-0.0935745
135.3500,-0.0935798
135.3660,-0.0935851
135.3826,-0.0935898
135.3996,-0.0935937
135.4162,-0.0935972
135.4332,-0.0936010
135.4496,-0.0936047
135.4662,-0.0936068
135.4827,-0.0936104
135.4995,-0.0936135
135.5162,-0.0936169
135.5329,-0.0936197
135.5492,-0.0936228
135.5656,-0.0936268
135.5828,-0.0936316
135.6001,-0.0936363
135.6163,-0.0936408
135.6328,-0.0936460
135.6496,-0.0936520
135.6662,-0.0936586
135.6821,-0.0936644
135.6996,-0.0936687
135.7159,-0.0936748
135.7336,-0.0936814
135.7493,-0.0936866
135.7668,-0.0936937
135.7821,-0.0936986
135.7997,-0.0937026
135.8169,-0.0937075
135.8325,-0.0937132
135.8503,-0.0937193
135.8666,-0.0937246
135.8831,-0.0937249
135.9003,-0.0937255
135.9170,-0.0937268
135.9337,-0.0937268
135.9504,-0.0937269
135.9667,-0.0937279
135.9834,-0.0937284
136.0006,-0.0937296
136.0156,-0.0937331
136.0325,-0.0937388
136.0494,-0.0937430
136.0666,-0.0937492
136.0831,-0.0937542
136.0997,-0.0937592
136.1162,-0.0937631
136.1333,-0.0937671
136.1507,-0.0937724
136.1679,-0.0937775
136.1834,-0.0937832
136.2003,-0.0937887
136.2168,-0.0937920
136.2339,-0.0937951
136.2500,-0.0937986
136.2672,-0.0938009
136.2837,-0.0938021
136.2998,-0.0938037
136.3170,-0.0938070
136.3340,-0.0938105
136.3508,-0.0938141
136.3665,-0.0938201
136.3839,-0.0938270
136.4006,-0.0938312
136.4174,-0.0938353
136.4334,-0.0938395
136.4506,-0.0938427
136.4673,-0.0938452
136.4831,-0.0938468
136.5002,-0.0938507
136.5171,-0.0938537
136.5338,-0.0938564
136.5510,-0.0938594
136.5670,-0.0938657
136.5835,-0.0938718
136.6006,-0.0938764
136.6172,-0.0938833
136.6335,-0.0938879
136.6507,-0.0938942
136.6670,-0.0939008
136.6844,-0.0939059
136.7009,-0.0939103
136.7169,-0.0939135
136.7339,-0.0939167
136.7507,-0.0939202
136.7673,-0.0939215
136.7829,-0.0939238
136.7997,-0.0939259
136.8173,-0.0939283
136.8337,-0.0939323
136.8502,-0.0939372
136.8675,-0.0939417
136.8837,-0.0939494
136.8999,-0.0939564
136.9178,-0.0939613
136.9341,-0.0939634
136.9513,-0.0939636
136.9671,-0.0939677
136.9843,-0.0939744
137.0005,-0.0939788
137.0173,-0.0939836
137.0340,-0.0939883
137.0519,-0.0939958
137.0679,-0.0940030
137.0839,-0.0940097
137.1001,-0.0940152
137.1178,-0.0940160
137.1344,-0.0940176
137.1516,-0.0940227
137.1674,-0.0940286
137.1841,-0.0940338
137.2007,-0.0940398
137.2172,-0.0940458
137.2350,-0.0940522
137.2505,-0.0940586
137.2672,-0.0940677
137.2849,-0.0940737
137.3005,-0.0940804
137.3172,-0.0940862
137.3344,-0.0940911
137.3514,-0.0940954
137.3672,-0.0940994
137.3847,-0.0941034
137.4005,-0.0941071
137.4165,-0.0941112
137.4337,-0.0941145
137.4497,-0.0941186
137.4676,-0.0941225
137.4841,-0.0941275
137.5008,-0.0941348
137.5177,-0.0941443
137.5346,-0.0941528
137.5509,-0.0941597
137.5669,-0.0941675
137.5837,-0.0941760
137.6003,-0.0941862
137.6175,-0.0941949
137.6334,-0.0942037
137.6509,-0.0942119
137.6678,-0.0942180
137.6845,-0.0942246
137.7004,-0.0942307
137.7175,-0.0942362
137.7334,-0.0942413
137.7506,-0.0942442
137.7665,-0.0942463
137.7841,-0.0942491
137.7999,-0.0942532
137.8169,-0.0942582
137.8333,-0.0942623
137.8502,-0.0942661
137.8670,-0.0942704
137.8838,-0.0942756
137.8999,-0.0942830
137.9173,-0.0942901
137.9338,-0.0942973
137.9508,-0.0943048
137.9672,-0.0943137
137.9837,-0.0943220
138.0004,-0.0943296
138.0165,-0.0943349
138.0343,-0.0943413
138.0506,-0.0943465
138.0672,-0.0943493
138.0843,-0.0943506
138.1011,-0.0943540
138.1174,-0.0943617
138.1346,-0.0943675
138.1507,-0.0943737
138.1678,-0.0943785
138.1843,-0.0943819
138.2003,-0.0943851
138.2168,-0.0943878
138.2341,-0.0943902
138.2501,-0.0943918
138.2671,-0.0943932
138.2836,-0.0943957
138.3018,-0.0943982
138.3173,-0.0943999
138.3341,-0.0944027
138.3506,-0.0944072
138.3679,-0.0944109
138.3848,-0.0944159
138.4000,-0.0944219
138.4175,-0.0944270
138.4348,-0.0944307
138.4501,-0.0944344
138.4683,-0.0944418
138.4839,-0.0944504
138.5006,-0.0944554
138.5182,-0.0944616
138.5344,-0.0944668
138.5516,-0.0944700
138.5681,-0.0944760
138.5841,-0.0944806
138.6011,-0.0944840
138.6169,-0.0944856
138.6343,-0.0944872
138.6513,-0.0944916
138.6675,-0.0944957
138.6844,-0.0945010
138.7012,-0.0945065
138.7181,-0.0945115
138.7342,-0.0945164
138.7504,-0.0945205
138.7673,-0.0945237
138.7838,-0.0945251
138.8011,-0.0945249
138.8180,-0.0945232
138.8335,-0.0945226
138.8504,-0.0945229
138.8670,-0.0945264
138.8840,-0.0945319
138.9003,-0.0945389
138.9175,-0.0945485
138.9338,-0.0945571
138.9505,-0.0945661
138.9671,-0.0945735
138.9844,-0.0945797
139.0004,-0.0945824
139.0175,-0.0945859
139.0338,-0.0945891
139.0510,-0.0945936
139.0679,-0.0945981
139.0840,-0.0946016
139.1014,-0.0946050
139.1170,-0.0946074
139.1340,-0.0946114
139.1507,-0.0946170
139.1667,-0.0946248
139.1840,-0.0946329
139.2010,-0.0946417
139.2176,-0.0946482
139.2339,-0.0946551
139.2514,-0.0946625
139.2678,-0.0946679
139.2849,-0.0946717
139.3010,-0.0946762
139.3177,-0.0946801
139.3348,-0.0946847
139.3506,-0.0946910
139.3675,-0.0946985
139.3844,-0.0947037
139.4010,-0.0947082
139.4177,-0.0947113
139.4348,-0.0947128
139.4515,-0.0947153
139.4678,-0.0947176
139.4836,-0.0947192
139.5002,-0.0947167
139.5172,-0.0947163
139.5344,-0.0947171
139.5502,-0.0947195
139.5672,-0.0947231
139.5830,-0.0947275
139.6011,-0.0947346
139.6176,-0.0947420
139.6333,-0.0947500
139.6503,-0.0947575
139.6672,-0.0947656
139.6842,-0.0947723
139.7005,-0.0947797
139.7173,-0.0947892
139.7343,-0.0947977
139.7514,-0.0948028
139.7676,-0.0948088
139.7843,-0.0948159
139.8020,-0.0948234
139.8176,-0.0948294
139.8345,-0.0948345
139.8509,-0.0948381
139.8673,-0.0948421
139.8851,-0.0948465
139.9010,-0.0948523
139.9172,-0.0948560
139.9343,-0.0948598
139.9509,-0.0948618
139.9679,-0.0948666
139.9844,-0.0948737
140.0004,-0.0948776
140.0176,-0.0948824
140.0341,-0.0948892
140.0513,-0.0948946
140.0675,-0.0949026
140.0841,-0.0949108
140.1013,-0.0949176
140.1177,-0.0949222
140.1341,-0.0949237
140.1519,-0.0949257
140.1675,-0.0949271
140.1836,-0.0949280
140.2007,-0.0949301
140.2175,-0.0949320
140.2338,-0.0949339
140.2503,-0.0949405
140.2676,-0.0949479
140.2842,-0.0949540
140.3008,-0.0949606
140.3177,-0.0949673
140.3340,-0.0949748
140.3517,-0.0949822
140.3680,-0.0949896
140.3849,-0.0949947
140.4013,-0.0949982
140.4178,-0.0950044
140.4351,-0.0950124
140.4518,-0.0950181
140.4678,-0.0950221
140.4846,-0.0950271
140.5012,-0.0950318
140.5183,-0.0950374
140.5342,-0.0950414
140.5510,-0.0950464
140.5684,-0.0950494
140.5842,-0.0950538
140.6012,-0.0950567
140.6185,-0.0950578
140.6344,-0.0950590
140.6506,-0.0950604
140.6675,-0.0950643
140.6840,-0.0950704
140.7007,-0.0950767
140.7177,-0.0950853
140.7339,-0.0950935
140.7510,-0.0951016
140.7681,-0.0951099
140.7838,-0.0951180
140.8013,-0.0951243
140.8174,-0.0951309
140.8344,-0.0951356
140.8517,-0.0951408
140.8670,-0.0951462
140.8844,-0.0951516
140.9012,-0.0951563
140.9176,-0.0951609
140.9349,-0.0951655
140.9512,-0.0951717
140.9681,-0.0951780
140.9835,-0.0951860
141.0011,-0.0951920
141.0182,-0.0951983
141.0347,-0.0952064
141.0515,-0.0952156
141.0683,-0.0952250
141.0846,-0.0952339
141.1017,-0.0952413
141.1176,-0.0952491
141.1345,-0.0952568
141.1513,-0.0952611
141.1679,-0.0952685
141.1845,-0.0952734
141.2011,-0.0952803
141.2169,-0.0952860
141.2340,-0.0952916
141.2523,-0.0952956
141.2683,-0.0952989
141.2857,-0.0953025
141.3011,-0.0953100
141.3178,-0.0953168
141.3349,-0.0953212
141.3515,-0.0953268
141.3682,-0.0953341
141.3862,-0.0953451
141.4026,-0.0953564
141.4189,-0.0953645
141.4350,-0.0953735
141.4527,-0.0953817
141.4696,-0.0953879
141.4862,-0.0953934
141.5019,-0.0953995
141.5192,-0.0954045
141.5355,-0.0954083
141.5521,-0.0954108
141.5686,-0.0954153
141.5860,-0.0954214
141.6021,-0.0954256
141.6185,-0.0954305
141.6350,-0.0954353
141.6522,-0.0954388
141.6685,-0.0954426
141.6850,-0.0954447
141.7016,-0.0954495
141.7195,-0.0954561
141.7345,-0.0954607
141.7517,-0.0954675
141.7680,-0.0954760
141.7859,-0.0954839
141.8025,-0.0954904
141.8189,-0.0955007
141.8365,-0.0955107
141.8516,-0.0955181
141.8683,-0.0955249
141.8856,-0.0955334
141.9026,-0.0955412
141.9186,-0.0955490
141.9350,-0.0955570
141.9516,-0.0955640
141.9685,-0.0955680
141.9851,-0.0955723
142.0020,-0.0955798
142.0184,-0.0955859
142.0354,-0.0955935
142.0509,-0.0956016
142.0685,-0.0956097
142.0854,-0.0956164
142.1015,-0.0956245
142.1187,-0.0956304
142.1357,-0.0956349
142.1522,-0.0956366
142.1689,-0.0956422
142.1857,-0.0956517
142.2019,-0.0956616
142.2187,-0.0956717
142.2350,-0.0956815
142.2523,-0.0956905
142.2693,-0.0956989
142.2851,-0.0957074
142.3023,-0.0957129
142.3198,-0.0957185
142.3355,-0.0957227
142.3519,-0.0957272
142.3696,-0.0957336
142.3853,-0.0957395
142.4027,-0.0957456
142.4191,-0.0957505
142.4348,-0.0957552
142.4522,-0.0957588
142.4691,-0.0957640
142.4856,-0.0957679
142.5025,-0.0957741
142.5194,-0.0957828
142.5353,-0.0957914
142.5522,-0.0958013
142.5690,-0.0958124
142.5863,-0.0958223
142.6032,-0.0958304
142.6198,-0.0958380
142.6362,-0.0958442
142.6532,-0.0958528
142.6695,-0.0958597
142.6860,-0.0958699
142.7026,-0.0958798
142.7194,-0.0958881
142.7360,-0.0958976
142.7526,-0.0959058
142.7693,-0.0959133
142.7854,-0.0959183
142.8024,-0.0959220
142.8193,-0.0959256
142.8366,-0.0959307
142.8521,-0.0959376
142.8689,-0.0959459
142.8855,-0.0959540
142.9024,-0.0959602
142.9192,-0.0959681
142.9359,-0.0959757
142.9521,-0.0959825
142.9690,-0.0959882
142.9856,-0.0959944
143.0024,-0.0960021
143.0186,-0.0960111
143.0354,-0.0960208
143.0529,-0.0960297
143.0688,-0.0960372
143.0861,-0.0960444
143.1027,-0.0960529
143.1188,-0.0960621
143.1352,-0.0960691
143.1531,-0.0960756
143.1692,-0.0960843
143.1861,-0.0960939
143.2030,-0.0961039
143.2191,-0.0961124
143.2352,-0.0961176
143.2538,-0.0961248
143.2696,-0.0961311
143.2861,-0.0961370
143.3032,-0.0961448
143.3193,-0.0961527
143.3365,-0.0961611
143.3532,-0.0961703
143.3696,-0.0961775
143.3864,-0.0961821
143.4026,-0.0961886
143.4194,-0.0961940
143.4359,-0.0962020
143.4524,-0.0962097
143.4698,-0.0962167
143.4868,-0.0962242
143.5025,-0.0962335
143.5203,-0.0962433
143.5360,-0.0962563
143.5523,-0.0962667
143.5694,-0.0962773
143.5867,-0.0962870
143.6033,-0.0962959
143.6209,-0.0963068
143.6368,-0.0963164
143.6524,-0.0963230
143.6696,-0.0963287
143.6866,-0.0963356
143.7035,-0.0963414
143.7192,-0.0963468
143.7370,-0.0963540
143.7527,-0.0963609
143.7699,-0.0963649
143.7855,-0.0963689
143.8021,-0.0963738
143.8203,-0.0963788
143.8360,-0.0963849
143.8529,-0.0963926
143.8692,-0.0964002
143.8866,-0.0964098
143.9018,-0.0964203
143.9203,-0.0964331
143.9366,-0.0964436
143.9528,-0.0964550
143.9701,-0.0964662
143.9863,-0.0964763
144.0032,-0.0964861
144.0196,-0.0964972
144.0366,-0.0965077
144.0530,-0.0965147
144.0703,-0.0965215
144.0858,-0.0965300
144.1027,-0.0965385
144.1196,-0.0965470
144.1357,-0.0965569
144.1528,-0.0965659
144.1698,-0.0965743
144.1864,-0.0965836
144.2030,-0.0965929
144.2196,-0.0966021
144.2359,-0.0966085
144.2526,-0.0966137
144.2693,-0.0966190
144.2864,-0.0966239
144.3025,-0.0966300
144.3191,-0.0966375
144.3364,-0.0966467
144.3521,-0.0966549
144.3690,-0.0966657
144.3862,-0.0966766
144.4024,-0.0966857
144.4199,-0.0966931
144.4361,-0.0967012
144.4525,-0.0967067
144.4697,-0.0967133
144.4852,-0.0967202
144.5020,-0.0967265
144.5194,-0.0967360
144.5356,-0.0967471
144.5527,-0.0967588
144.5684,-0.0967712
144.5861,-0.0967811
144.6020,-0.0967880
144.6195,-0.0967942
144.6365,-0.0968001
144.6530,-0.0968061
144.6694,-0.0968105
144.6855,-0.0968157
144.7023,-0.0968207
144.7193,-0.0968278
144.7366,-0.0968327
144.7527,-0.0968391
144.7692,-0.0968462
144.7871,-0.0968527
144.8033,-0.0968564
144.8198,-0.0968602
144.8361,-0.0968659
144.8533,-0.0968713
144.8691,-0.0968763
144.8862,-0.0968852
144.9029,-0.0968948
144.9194,-0.0969034
144.9365,-0.0969123
144.9528,-0.0969222
144.9696,-0.0969318
144.9866,-0.0969389
145.0033,-0.0969440
145.0199,-0.0969477
145.0367,-0.0969526
145.0529,-0.0969596
145.0706,-0.0969681
145.0859,-0.0969782
145.1027,-0.0969898
145.1200,-0.0969993
145.1371,-0.0970085
145.1537,-0.0970164
145.1705,-0.0970254
145.1872,-0.0970332
145.2038,-0.0970388
145.2201,-0.0970437
145.2369,-0.0970481
145.2534,-0.0970544
145.2704,-0.0970599
145.2871,-0.0970666
145.3032,-0.0970729
145.3192,-0.0970810
145.3363,-0.0970882
145.3528,-0.0970967
145.3700,-0.0971054
145.3869,-0.0971147
145.4035,-0.0971205
145.4201,-0.0971241
145.4369,-0.0971299
145.4540,-0.0971364
145.4701,-0.0971432
145.4862,-0.0971508
145.5032,-0.0971614
145.5209,-0.0971734
145.5368,-0.0971851
145.5529,-0.0971986
145.5707,-0.0972116
145.5878,-0.0972203
145.6042,-0.0972292
145.6200,-0.0972380
145.6378,-0.0972451
145.6542,-0.0972528
145.6706,-0.0972618
145.6878,-0.0972707
145.7037,-0.0972781
145.7204,-0.0972842
145.7371,-0.0972899
145.7547,-0.0972985
145.7710,-0.0973058
145.7866,-0.0973163
145.8045,-0.0973279
145.8199,-0.0973384
145.8376,-0.0973475
145.8546,-0.0973592
145.8705,-0.0973701
145.8876,-0.0973797
145.9045,-0.0973879
145.9200,-0.0973946
145.9376,-0.0974008
145.9534,-0.0974066
145.9702,-0.0974116
145.9876,-0.0974188
146.0038,-0.0974277
146.0193,-0.0974347
146.0368,-0.0974440
146.0541,-0.0974531
146.0702,-0.0974635
146.0860,-0.0974744
146.1025,-0.0974858
146.1201,-0.0974954
146.1360,-0.0975063
146.1537,-0.0975168
146.1705,-0.0975287
146.1863,-0.0975402
146.2031,-0.0975516
146.2196,-0.0975618
146.2364,-0.0975719
146.2540,-0.0975820
146.2706,-0.0975918
146.2866,-0.0976007
146.3031,-0.0976095
146.3201,-0.0976175
146.3361,-0.0976270
146.3531,-0.0976352
146.3701,-0.0976440
146.3869,-0.0976541
146.4038,-0.0976643
146.4211,-0.0976768
146.4367,-0.0976875
146.4533,-0.0976960
146.4710,-0.0977036
146.4874,-0.0977120
146.5041,-0.0977190
146.5209,-0.0977267
146.5368,-0.0977346
146.5535,-0.0977439
146.5704,-0.0977562
146.5871,-0.0977670
146.6039,-0.0977783
146.6207,-0.0977881
146.6371,-0.0977968
146.6544,-0.0978061
146.6700,-0.0978159
146.6873,-0.0978233
146.7038,-0.0978314
146.7208,-0.0978421
146.7370,-0.0978503
146.7552,-0.0978591
146.7701,-0.0978653
146.7873,-0.0978732
146.8038,-0.0978806
146.8202,-0.0978890
146.8370,-0.0978973
146.8540,-0.0979063
146.8706,-0.0979164
146.8874,-0.0979273
146.9042,-0.0979380
146.9203,-0.0979496
146.9375,-0.0979586
146.9539,-0.0979694
146.9700,-0.0979819
146.9862,-0.0979953
147.0033,-0.0980079
147.0202,-0.0980192
147.0373,-0.0980294
147.0538,-0.0980400
147.0708,-0.0980493
147.0861,-0.0980591
147.1032,-0.0980690
147.1205,-0.0980806
147.1369,-0.0980917
147.1538,-0.0981055
147.1702,-0.0981179
147.1872,-0.0981288
147.2040,-0.0981389
147.2200,-0.0981473
147.2372,-0.0981548
147.2530,-0.0981627
147.2705,-0.0981718
147.2871,-0.0981815
147.3035,-0.0981937
147.3201,-0.0982048
147.3367,-0.0982173
147.3536,-0.0982302
147.3695,-0.0982433
147.3877,-0.0982571
147.4042,-0.0982703
147.4207,-0.0982813
147.4370,-0.0982930
147.4540,-0.0983065
147.4715,-0.0983181
147.4874,-0.0983296
147.5041,-0.0983404
147.5205,-0.0983500
147.5371,-0.0983579
147.5541,-0.0983664
147.5706,-0.0983773
147.5875,-0.0983891
147.6030,-0.0984011
147.6204,-0.0984134
147.6370,-0.0984241
147.6535,-0.0984351
147.6713,-0.0984465
147.6874,-0.0984578
147.7041,-0.0984675
147.7209,-0.0984758
147.7372,-0.0984849
147.7538,-0.0984945
147.7701,-0.0985042
147.7869,-0.0985157
147.8036,-0.0985271
147.8209,-0.0985406
147.8375,-0.0985542
147.8543,-0.0985671
147.8713,-0.0985795
147.8870,-0.0985892
147.9039,-0.0985993
147.9218,-0.0986102
147.9373,-0.0986195
147.9536,-0.0986296
147.9706,-0.0986393
147.9874,-0.0986482
148.0035,-0.0986576
148.0208,-0.0986684
148.0374,-0.0986806
148.0537,-0.0986916
148.0701,-0.0987035
148.0872,-0.0987150
148.1037,-0.0987258
148.1210,-0.0987366
148.1373,-0.0987465
148.1544,-0.0987584
148.1710,-0.0987684
148.1873,-0.0987790
148.2041,-0.0987891
148.2204,-0.0987989
148.2369,-0.0988093
148.2542,-0.0988202
148.2702,-0.0988318
148.2863,-0.0988439
148.3037,-0.0988561
148.3207,-0.0988683
148.3368,-0.0988801
148.3540,-0.0988921
148.3705,-0.0989056
148.3867,-0.0989170
148.4035,-0.0989289
148.4206,-0.0989421
148.4368,-0.0989543
148.4540,-0.0989654
148.4698,-0.0989785
148.4873,-0.0989887
148.5037,-0.0989998
148.5206,-0.0990110
148.5367,-0.0990235
148.5538,-0.0990359
148.5698,-0.0990479
148.5867,-0.0990592
148.6038,-0.0990722
148.6205,-0.0990852
148.6374,-0.0990969
148.6538,-0.0991108
148.6704,-0.0991227
148.6873,-0.0991362
148.7038,-0.0991494
148.7207,-0.0991617
148.7378,-0.0991744
148.7540,-0.0991865
148.7711,-0.0991975
148.7877,-0.0992063
148.8036,-0.0992151
148.8204,-0.0992238
148.8381,-0.0992332
148.8535,-0.0992438
148.8707,-0.0992552
148.8873,-0.0992667
148.9039,-0.0992781
148.9207,-0.0992900
148.9379,-0.0993040
148.9543,-0.0993173
148.9706,-0.0993277
148.9875,-0.0993394
149.0048,-0.0993517
149.0206,-0.0993634
149.0375,-0.0993764
149.0539,-0.0993886
149.0706,-0.0994030
149.0878,-0.0994149
149.1036,-0.0994285
149.1202,-0.0994433
149.1377,-0.0994570
149.1542,-0.0994693
149.1700,-0.0994826
149.1873,-0.0994963
149.2037,-0.0995107
149.2206,-0.0995240
149.2377,-0.0995391
149.2543,-0.0995559
149.2709,-0.0995708
149.2881,-0.0995849
149.3035,-0.0995998
149.3207,-0.0996148
149.3377,-0.0996281
149.3543,-0.0996423
149.3703,-0.0996556
149.3877,-0.0996704
149.4034,-0.0996840
149.4211,-0.0996966
149.4371,-0.0997090
149.4543,-0.0997217
149.4711,-0.0997328
149.4872,-0.0997436
149.5036,-0.0997537
149.5207,-0.0997653
149.5368,-0.0997749
149.5542,-0.0997855
149.5698,-0.0997977
149.5873,-0.0998113
149.6044,-0.0998242
149.6202,-0.0998363
149.6379,-0.0998496
149.6537,-0.0998630
149.6702,-0.0998755
149.6877,-0.0998873
149.7038,-0.0999022
149.7211,-0.0999149
149.7372,-0.0999285
149.7542,-0.0999407
149.7703,-0.0999529
149.7865,-0.0999655
149.8033,-0.0999782
149.8198,-0.0999928
149.8367,-0.100006
149.8533,-0.100019
149.8703,-0.100033
149.8870,-0.100048
149.9044,-0.100060
149.9202,-0.100073
149.9365,-0.100088
149.9542,-0.100102
149.9708,-0.100115
149.9871,-0.100129
150.0046,-0.100144
150.0212,-0.100157
150.0374,-0.100170
150.0545,-0.100181
150.0708,-0.100192
150.0871,-0.100201
150.1042,-0.100207
150.1203,-0.100213
150.1367,-0.100221
150.1537,-0.100231
150.1699,-0.100240
150.1863,-0.100249
150.2035,-0.100260
150.2210,-0.100273
150.2377,-0.100286
150.2533,-0.100300
150.2702,-0.100314
150.2868,-0.100327
150.3035,-0.100339
150.3208,-0.100352
150.3368,-0.100366
150.3548,-0.100379
150.3709,-0.100394
150.3874,-0.100405
150.4037,-0.100418
150.4211,-0.100430
150.4374,-0.100442
150.4536,-0.100453
150.4702,-0.100466
150.4874,-0.100478
150.5039,-0.100489
150.5196,-0.100500
150.5374,-0.100516
150.5547,-0.100528
150.5706,-0.100539
150.5874,-0.100549
150.6034,-0.100560
150.6215,-0.100569
150.6373,-0.100581
150.6542,-0.100592
150.6714,-0.100605
150.6875,-0.100619
150.7044,-0.100634
150.7220,-0.100651
150.7375,-0.100670
150.7544,-0.100686
150.7713,-0.100702
150.7877,-0.100718
150.8048,-0.100732
150.8210,-0.100745
150.8378,-0.100758
150.8545,-0.100769
150.8708,-0.100782
150.8874,-0.100795
150.9042,-0.100808
150.9211,-0.100823
150.9372,-0.100837
150.9542,-0.100851
150.9709,-0.100865
150.9877,-0.100879
151.0047,-0.100896
151.0206,-0.100915
151.0378,-0.100930
151.0549,-0.100944
151.0715,-0.100956
151.0890,-0.100969
151.1048,-0.100983
151.1208,-0.100994
151.1376,-0.101007
151.1551,-0.101021
151.1719,-0.101038
151.1883,-0.101057
151.2043,-0.101077
151.2213,-0.101094
151.2374,-0.101109
151.2551,-0.101124
151.2715,-0.101137
151.2881,-0.101150
151.3047,-0.101163
151.3212,-0.101178
151.3376,-0.101193
151.3542,-0.101209
151.3718,-0.101225
151.3889,-0.101241
151.4052,-0.101258
151.4218,-0.101276
151.4382,-0.101293
151.4548,-0.101311
151.4720,-0.101327
151.4877,-0.101343
151.5050,-0.101357
151.5221,-0.101370
151.5377,-0.101382
151.5552,-0.101396
151.5720,-0.101410
151.5879,-0.101425
151.6048,-0.101440
151.6210,-0.101455
151.6377,-0.101474
151.6549,-0.101494
151.6718,-0.101513
151.6888,-0.101533
151.7050,-0.101559
151.7214,-0.101583
151.7384,-0.101605
151.7545,-0.101624
151.7717,-0.101643
151.7885,-0.101659
151.8052,-0.101673
151.8218,-0.101685
151.8388,-0.101697
151.8551,-0.101707
151.8714,-0.101719
151.8885,-0.101733
151.9052,-0.101748
151.9215,-0.101765
151.9384,-0.101784
151.9550,-0.101804
151.9712,-0.101824
151.9878,-0.101844
152.0060,-0.101865
152.0223,-0.101885
152.0388,-0.101904
152.0556,-0.101921
152.0722,-0.101937
152.0895,-0.101953
152.1058,-0.101967
152.1223,-0.101982
152.1384,-0.101999
152.1544,-0.102015
152.1721,-0.102033
152.1884,-0.102049
152.2057,-0.102067
152.2219,-0.102087
152.2389,-0.102107
152.2553,-0.102127
152.2711,-0.102147
152.2884,-0.102164
152.3061,-0.102181
152.3217,-0.102196
152.3386,-0.102211
152.3542,-0.102224
152.3714,-0.102238
152.3882,-0.102251
152.4049,-0.102265
152.4218,-0.102282
152.4378,-0.102302
152.4546,-0.102321
152.4714,-0.102340
152.4883,-0.102361
152.5046,-0.102382
152.5214,-0.102404
152.5375,-0.102427
152.5548,-0.102448
152.5723,-0.102465
152.5889,-0.102479
152.6051,-0.102492
152.6221,-0.102505
152.6383,-0.102518
152.6545,-0.102530
152.6710,-0.102541
152.6885,-0.102553
152.7048,-0.102566
152.7213,-0.102583
152.7383,-0.102599
152.7549,-0.102614
152.7711,-0.102629
152.7876,-0.102645
152.8048,-0.102661
152.8219,-0.102678
152.8381,-0.102697
152.8549,-0.102716
152.8716,-0.102736
152.8884,-0.102756
152.9043,-0.102778
152.9218,-0.102797
152.9385,-0.102819
152.9554,-0.102836
152.9721,-0.102855
152.9889,-0.102871
153.0043,-0.102888
153.0219,-0.102906
153.0385,-0.102923
153.0556,-0.102942
153.0724,-0.102960
153.0888,-0.102976
153.1056,-0.102991
153.1216,-0.103006
153.1391,-0.103021
153.1549,-0.103037
153.1725,-0.103055
153.1888,-0.103072
153.2059,-0.103088
153.2216,-0.103103
153.2388,-0.103119
153.2565,-0.103135
153.2722,-0.103152
153.2889,-0.103170
153.3051,-0.103189
153.3230,-0.103209
153.3383,-0.103228
153.3555,-0.103248
153.3727,-0.103267
153.3885,-0.103286
153.4056,-0.103303
153.4222,-0.103318
153.4382,-0.103336
153.4554,-0.103352
153.4725,-0.103366
153.4890,-0.103383
153.5054,-0.103400
153.5221,-0.103418
153.5390,-0.103436
153.5558,-0.103453
153.5726,-0.103471
153.5887,-0.103488
153.6053,-0.103505
153.6222,-0.103519
153.6386,-0.103533
153.6556,-0.103547
153.6721,-0.103565
153.6889,-0.103583
153.7047,-0.103604
153.7222,-0.103627
153.7378,-0.103646
153.7554,-0.103663
153.7728,-0.103679
153.7889,-0.103695
153.8051,-0.103710
153.8212,-0.103727
153.8382,-0.103742
153.8553,-0.103757
153.8720,-0.103776
153.8890,-0.103797
153.9052,-0.103819
153.9215,-0.103838
153.9386,-0.103857
153.9554,-0.103876
153.9721,-0.103893
153.9894,-0.103911
154.0049,-0.103928
154.0218,-0.103944
154.0381,-0.103959
154.0550,-0.103975
154.0721,-0.103992
154.0886,-0.104012
154.1053,-0.104032
154.1215,-0.104053
154.1390,-0.104072
154.1552,-0.104090
154.1719,-0.104108
154.1884,-0.104124
154.2052,-0.104138
154.2214,-0.104152
154.2383,-0.104165
154.2548,-0.104180
154.2711,-0.104197
154.2883,-0.104216
154.3044,-0.104237
154.3215,-0.104259
154.3384,-0.104280
154.3552,-0.104301
154.3716,-0.104319
154.3885,-0.104335
154.4054,-0.104353
154.4214,-0.104369
154.4377,-0.104383
154.4546,-0.104397
154.4710,-0.104413
154.4874,-0.104429
154.5046,-0.104450
154.5215,-0.104469
154.5383,-0.104488
154.5550,-0.104507
154.5715,-0.104528
154.5878,-0.104547
154.6050,-0.104564
154.6223,-0.104582
154.6386,-0.104599
154.6557,-0.104614
154.6714,-0.104629
154.6874,-0.104642
154.7051,-0.104657
154.7208,-0.104673
154.7384,-0.104689
154.7546,-0.104707
154.7713,-0.104726
154.7885,-0.104744
154.8056,-0.104761
154.8220,-0.104778
154.8384,-0.104793
154.8548,-0.104805
154.8722,-0.104818
154.8885,-0.104832
154.9045,-0.104850
154.9208,-0.104868
154.9390,-0.104884
154.9546,-0.104901
154.9711,-0.104919
154.9885,-0.104938
155.0043,-0.104956
155.0211,-0.104971
155.0379,-0.104986
155.0544,-0.105002
155.0706,-0.105019
155.0875,-0.105036
155.1045,-0.105052
155.1215,-0.105070
155.1376,-0.105091
155.1548,-0.105110
155.1714,-0.105127
155.1879,-0.105145
155.2048,-0.105159
155.2214,-0.105174
155.2375,-0.105189
155.2546,-0.105203
155.2707,-0.105218
155.2880,-0.105234
155.3050,-0.105251
155.3209,-0.105269
155.3378,-0.105286
155.3547,-0.105304
155.3716,-0.105322
155.3881,-0.105339
155.4037,-0.105357
155.4220,-0.105373
155.4386,-0.105391
155.4554,-0.105407
155.4713,-0.105423
155.4878,-0.105442
155.5047,-0.105461
155.5209,-0.105477
155.5375,-0.105494
155.5543,-0.105512
155.5720,-0.105530
155.5889,-0.105546
155.6043,-0.105563
155.6211,-0.105580
155.6382,-0.105597
155.6549,-0.105615
155.6716,-0.105634
155.6884,-0.105654
155.7047,-0.105673
155.7214,-0.105691
155.7381,-0.105711
155.7543,-0.105730
155.7712,-0.105749
155.7882,-0.105769
155.8047,-0.105790
155.8217,-0.105812
155.8384,-0.105835
155.8551,-0.105857
155.8713,-0.105879
155.8886,-0.105898
155.9050,-0.105916
155.9217,-0.105934
155.9381,-0.105950
155.9558,-0.105967
155.9709,-0.105985
155.9885,-0.106003
156.0054,-0.106019
156.0212,-0.106034
156.0375,-0.106051
156.0550,-0.106069
156.0709,-0.106085
156.0877,-0.106102
156.1048,-0.106119
156.1216,-0.106135
156.1388,-0.106151
156.1548,-0.106167
156.1720,-0.106183
156.1881,-0.106198
156.2047,-0.106213
156.2216,-0.106227
156.2374,-0.106243
156.2552,-0.106256
156.2715,-0.106273
156.2873,-0.106292
156.3048,-0.106312
156.3216,-0.106332
156.3375,-0.106353
156.3549,-0.106375
156.3721,-0.106397
156.3896,-0.106417
156.4051,-0.106434
156.4221,-0.106452
156.4388,-0.106466
156.4557,-0.106481
156.4718,-0.106493
156.4879,-0.106508
156.5046,-0.106523
156.5214,-0.106538
156.5388,-0.106556
156.5542,-0.106575
156.5710,-0.106597
156.5887,-0.106617
156.6046,-0.106635
156.6223,-0.106652
156.6381,-0.106667
156.6557,-0.106684
156.6722,-0.106701
156.6874,-0.106719
156.7039,-0.106736
156.7208,-0.106753
156.7384,-0.106770
156.7547,-0.106789
156.7712,-0.106809
156.7878,-0.106830
156.8051,-0.106848
156.8213,-0.106865
156.8381,-0.106882
156.8544,-0.106896
156.8713,-0.106912
156.8877,-0.106929
156.9049,-0.106949
156.9216,-0.106970
156.9380,-0.106992
156.9548,-0.107013
156.9704,-0.107031
156.9883,-0.107050
157.0053,-0.107071
157.0222,-0.107091
157.0382,-0.107110
157.0555,-0.107128
157.0714,-0.107145
157.0881,-0.107162
157.1052,-0.107180
157.1218,-0.107199
157.1382,-0.107219
157.1552,-0.107237
157.1714,-0.107254
157.1884,-0.107275
157.2046,-0.107293
157.2214,-0.107311
157.2377,-0.107328
157.2544,-0.107347
157.2714,-0.107366
157.2885,-0.107386
157.3047,-0.107405
157.3217,-0.107426
157.3384,-0.107446
157.3547,-0.107468
157.3724,-0.107489
157.3879,-0.107510
157.4049,-0.107528
157.4222,-0.107545
157.4389,-0.107561
157.4559,-0.107577
157.4719,-0.107595
157.4881,-0.107614
157.5043,-0.107631
157.5216,-0.107649
157.5387,-0.107670
157.5551,-0.107691
157.5716,-0.107713
157.5887,-0.107733
157.6047,-0.107751
157.6219,-0.107768
157.6389,-0.107785
157.6547,-0.107801
157.6717,-0.107817
157.6880,-0.107835
157.7046,-0.107851
157.7211,-0.107868
157.7379,-0.107884
157.7550,-0.107899
157.7716,-0.107914
157.7879,-0.107929
157.8043,-0.107947
157.8204,-0.107965
157.8377,-0.107987
157.8538,-0.108008
157.8713,-0.108031
157.8878,-0.108053
157.9043,-0.108075
157.9211,-0.108096
157.9376,-0.108116
157.9549,-0.108136
157.9718,-0.108158
157.9882,-0.108177
158.0041,-0.108197
158.0210,-0.108217
158.0385,-0.108238
158.0546,-0.108257
158.0709,-0.108275
158.0881,-0.108291
158.1047,-0.108306
158.1218,-0.108320
158.1384,-0.108335
158.1547,-0.108351
158.1701,-0.108366
158.1879,-0.108383
158.2050,-0.108400
158.2212,-0.108418
158.2374,-0.108435
158.2544,-0.108455
158.2715,-0.108474
158.2878,-0.108494
158.3038,-0.108513
158.3214,-0.108530
158.3379,-0.108545
158.3546,-0.108561
158.3713,-0.108577
158.3876,-0.108593
158.4043,-0.108609
158.4213,-0.108627
158.4381,-0.108644
158.4535,-0.108661
158.4704,-0.108679
158.4874,-0.108698
158.5047,-0.108715
158.5215,-0.108732
158.5377,-0.108750
158.5548,-0.108769
158.5703,-0.108787
158.5869,-0.108804
158.6046,-0.108823
158.6210,-0.108843
158.6382,-0.108860
158.6535,-0.108878
158.6712,-0.108896
158.6875,-0.108913
158.7046,-0.108932
158.7212,-0.108950
158.7371,-0.108968
158.7544,-0.108984
158.7708,-0.108998
158.7878,-0.109011
158.8040,-0.109025
158.8210,-0.109038
158.8377,-0.109053
158.8538,-0.109067
158.8705,-0.109084
158.8881,-0.109102
158.9032,-0.109120
158.9216,-0.109138
158.9368,-0.109157
158.9545,-0.109176
158.9708,-0.109194
158.9879,-0.109212
159.0041,-0.109227
159.0211,-0.109245
159.0378,-0.109260
159.0544,-0.109276
159.0710,-0.109293
159.0880,-0.109308
159.1049,-0.109323
159.1208,-0.109339
159.1378,-0.109357
159.1545,-0.109375
159.1709,-0.109393
159.1880,-0.109411
159.2045,-0.109429
159.2214,-0.109446
159.2382,-0.109461
159.2551,-0.109477
159.2714,-0.109491
159.2891,-0.109505
159.3049,-0.109520
159.3211,-0.109535
159.3370,-0.109550
159.3552,-0.109565
159.3717,-0.109581
159.3878,-0.109598
159.4049,-0.109617
159.4220,-0.109636
159.4379,-0.109656
159.4547,-0.109675
159.4707,-0.109694
159.4880,-0.109713
159.5046,-0.109733
159.5228,-0.109750
159.5381,-0.109766
159.5548,-0.109783
159.5714,-0.109798
159.5885,-0.109812
159.6050,-0.109827
159.6216,-0.109844
159.6388,-0.109863
159.6543,-0.109882
159.6721,-0.109901
159.6889,-0.109921
159.7050,-0.109941
159.7219,-0.109959
159.7379,-0.109977
159.7550,-0.109995
159.7717,-0.110010
159.7879,-0.110027
159.8048,-0.110044
159.8218,-0.110062
159.8381,-0.110081
159.8545,-0.110098
159.8715,-0.110116
159.8869,-0.110136
159.9050,-0.110155
159.9223,-0.110174
159.9374,-0.110194
159.9551,-0.110210
159.9719,-0.110228
159.9877,-0.110241
160.0048,-0.110256
160.0218,-0.110273
160.0385,-0.110288
160.0557,-0.110306
160.0711,-0.110323
160.0887,-0.110338
160.1053,-0.110352
160.1215,-0.110367
160.1389,-0.110381
160.1542,-0.110395
160.1709,-0.110408
160.1880,-0.110426
160.2049,-0.110444
160.2216,-0.110463
160.2380,-0.110483
160.2547,-0.110501
160.2717,-0.110518
160.2885,-0.110535
160.3053,-0.110554
160.3210,-0.110572
160.3376,-0.110590
160.3552,-0.110604
160.3714,-0.110621
160.3881,-0.110639
160.4057,-0.110657
160.4229,-0.110674
160.4380,-0.110692
160.4547,-0.110710
160.4709,-0.110728
160.4877,-0.110745
160.5043,-0.110761
160.5215,-0.110780
160.5377,-0.110799
160.5549,-0.110816
160.5707,-0.110834
160.5877,-0.110851
160.6046,-0.110866
160.6221,-0.110882
160.6377,-0.110897
160.6552,-0.110914
160.6714,-0.110926
160.6880,-0.110940
160.7056,-0.110955
160.7219,-0.110971
160.7389,-0.110988
160.7549,-0.111008
160.7713,-0.111028
160.7884,-0.111045
160.8051,-0.111061
160.8215,-0.111076
160.8389,-0.111091
160.8551,-0.111105
160.8718,-0.111120
160.8884,-0.111137
160.9047,-0.111153
160.9217,-0.111169
160.9387,-0.111187
160.9555,-0.111207
160.9718,-0.111226
160.9881,-0.111243
161.0048,-0.111261
161.0209,-0.111280
161.0383,-0.111299
161.0552,-0.111317
161.0714,-0.111335
161.0888,-0.111353
161.1049,-0.111371
161.1212,-0.111387
161.1378,-0.111403
161.1553,-0.111417
161.1718,-0.111428
161.1885,-0.111442
161.2045,-0.111457
161.2220,-0.111473
161.2381,-0.111491
161.2545,-0.111508
161.2719,-0.111526
161.2885,-0.111544
161.3057,-0.111562
161.3218,-0.111579
161.3376,-0.111596
161.3552,-0.111610
161.3714,-0.111625
161.3884,-0.111640
161.4042,-0.111657
161.4218,-0.111675
161.4380,-0.111692
161.4552,-0.111708
161.4725,-0.111723
161.4881,-0.111735
161.5054,-0.111749
161.5212,-0.111761
161.5388,-0.111774
161.5549,-0.111789
161.5714,-0.111802
161.5886,-0.111817
161.6045,-0.111830
161.6211,-0.111843
161.6384,-0.111857
161.6540,-0.111872
161.6721,-0.111884
161.6880,-0.111899
161.7049,-0.111916
161.7213,-0.111932
161.7384,-0.111951
161.7543,-0.111969
161.7719,-0.111989
161.7884,-0.112008
161.8050,-0.112027
161.8231,-0.112046
161.8397,-0.112063
161.8558,-0.112077
161.8720,-0.112089
161.8885,-0.112100
161.9050,-0.112112
161.9206,-0.112127
161.9376,-0.112141
161.9545,-0.112155
161.9713,-0.112172
161.9889,-0.112189
162.0040,-0.112206
162.0212,-0.112221
162.0382,-0.112233
162.0547,-0.112246
162.0711,-0.112259
162.0883,-0.112274
162.1039,-0.112288
162.1210,-0.112302
162.1376,-0.112315
162.1552,-0.112332
162.1714,-0.112346
162.1877,-0.112362
162.2042,-0.112376
162.2217,-0.112392
162.2385,-0.112407
162.2532,-0.112425
162.2710,-0.112443
162.2884,-0.112461
162.3039,-0.112479
162.3215,-0.112498
162.3373,-0.112517
162.3554,-0.112532
162.3721,-0.112546
162.3881,-0.112559
162.4046,-0.112573
162.4218,-0.112587
162.4384,-0.112601
162.4551,-0.112614
162.4715,-0.112629
162.4882,-0.112647
162.5051,-0.112665
162.5220,-0.112686
162.5377,-0.112706
162.5555,-0.112725
162.5720,-0.112742
162.5894,-0.112757
162.6057,-0.112772
162.6226,-0.112789
162.6387,-0.112803
162.6556,-0.112814
162.6726,-0.112824
162.6889,-0.112836
162.7049,-0.112846
162.7215,-0.112860
162.7386,-0.112875
162.7552,-0.112890
162.7719,-0.112904
162.7883,-0.112918
162.8060,-0.112933
162.8227,-0.112948
162.8381,-0.112961
162.8557,-0.112975
162.8728,-0.112991
162.8886,-0.113004
162.9057,-0.113020
162.9220,-0.113037
162.9393,-0.113053
162.9551,-0.113067
162.9714,-0.113081
162.9892,-0.113095
163.0057,-0.113109
163.0221,-0.113124
163.0390,-0.113140
163.0556,-0.113158
163.0723,-0.113176
163.0884,-0.113196
163.1048,-0.113215
163.1220,-0.113232
163.1398,-0.113249
163.1563,-0.113264
163.1722,-0.113279
163.1885,-0.113290
163.2058,-0.113299
163.2213,-0.113308
163.2386,-0.113320
163.2555,-0.113334
163.2723,-0.113351
163.2882,-0.113371
163.3052,-0.113396
163.3215,-0.113417
163.3386,-0.113434
163.3553,-0.113453
163.3725,-0.113470
163.3883,-0.113487
163.4047,-0.113505
163.4219,-0.113520
163.4384,-0.113535
163.4555,-0.113548
163.4716,-0.113565
163.4888,-0.113582
163.5046,-0.113599
163.5219,-0.113615
163.5387,-0.113632
163.5553,-0.113648
163.5724,-0.113665
163.5885,-0.113681
163.6057,-0.113698
163.6224,-0.113713
163.6391,-0.113725
163.6559,-0.113736
163.6718,-0.113749
163.6893,-0.113764
163.7058,-0.113777
163.7210,-0.113789
163.7389,-0.113801
163.7550,-0.113814
163.7718,-0.113825
163.7887,-0.113837
163.8047,-0.113849
163.8218,-0.113859
163.8385,-0.113872
163.8548,-0.113884
163.8712,-0.113897
163.8882,-0.113913
163.9047,-0.113929
163.9213,-0.113945
163.9382,-0.113960
163.9552,-0.113973
163.9727,-0.113985
163.9885,-0.113999
164.0058,-0.114012
164.0225,-0.114025
164.0382,-0.114037
164.0555,-0.114049
164.0721,-0.114063
164.0883,-0.114078
164.1057,-0.114095
164.1217,-0.114111
164.1388,-0.114125
164.1556,-0.114140
164.1723,-0.114154
164.1888,-0.114169
164.2056,-0.114181
164.2213,-0.114193
164.2380,-0.114206
164.2545,-0.114219
164.2715,-0.114235
164.2880,-0.114252
164.3048,-0.114272
164.3218,-0.114290
164.3386,-0.114305
164.3549,-0.114318
164.3718,-0.114329
164.3890,-0.114339
164.4059,-0.114348
164.4210,-0.114357
164.4382,-0.114364
164.4559,-0.114372
164.4729,-0.114380
164.4892,-0.114391
164.5051,-0.114404
164.5215,-0.114416
164.5393,-0.114428
164.5549,-0.114439
164.5723,-0.114451
164.5886,-0.114464
164.6049,-0.114476
164.6223,-0.114489
164.6380,-0.114503
164.6552,-0.114515
164.6722,-0.114525
164.6890,-0.114536
164.7056,-0.114546
164.7228,-0.114556
164.7383,-0.114566
164.7550,-0.114574
164.7719,-0.114581
164.7885,-0.114588
164.8064,-0.114596
164.8226,-0.114607
164.8387,-0.114617
164.8554,-0.114627
164.8720,-0.114638
164.8886,-0.114647
164.9054,-0.114659
164.9228,-0.114673
164.9401,-0.114687
164.9554,-0.114699
164.9729,-0.114710
164.9893,-0.114718
165.0063,-0.114727
165.0237,-0.114736
165.0394,-0.114744
165.0561,-0.114752
165.0724,-0.114759
165.0892,-0.114770
165.1055,-0.114782
165.1231,-0.114794
165.1393,-0.114805
165.1561,-0.114816
165.1735,-0.114827
165.1896,-0.114837
165.2061,-0.114847
165.2235,-0.114856
165.2404,-0.114863
165.2566,-0.114872
165.2734,-0.114883
165.2899,-0.114896
165.3064,-0.114910
165.3226,-0.114922
165.3397,-0.114936
165.3564,-0.114950
165.3736,-0.114964
165.3901,-0.114974
165.4055,-0.114983
165.4231,-0.114994
165.4402,-0.115004
165.4571,-0.115016
165.4734,-0.115030
165.4889,-0.115044
165.5059,-0.115055
165.5232,-0.115068
165.5400,-0.115084
165.5563,-0.115099
165.5738,-0.115116
165.5896,-0.115130
165.6068,-0.115143
165.6232,-0.115154
165.6403,-0.115166
165.6573,-0.115180
165.6728,-0.115191
165.6906,-0.115202
165.7067,-0.115216
165.7238,-0.115230
165.7402,-0.115243
165.7565,-0.115257
165.7730,-0.115269
165.7907,-0.115282
165.8070,-0.115294
165.8228,-0.115306
165.8409,-0.115320
165.8573,-0.115334
165.8738,-0.115346
165.8896,-0.115360
165.9074,-0.115376
165.9239,-0.115392
165.9399,-0.115406
165.9569,-0.115418
165.9739,-0.115433
165.9900,-0.115445
166.0071,-0.115457
166.0226,-0.115470
166.0405,-0.115482
166.0572,-0.115494
166.0729,-0.115508
166.0905,-0.115521
166.1066,-0.115536
166.1232,-0.115551
166.1398,-0.115565
166.1573,-0.115579
166.1729,-0.115592
166.1902,-0.115605
166.2064,-0.115618
166.2243,-0.115631
166.2399,-0.115641
166.2569,-0.115652
166.2735,-0.115662
166.2896,-0.115672
166.3065,-0.115681
166.3233,-0.115695
166.3395,-0.115709
166.3569,-0.115723
166.3730,-0.115737
166.3890,-0.115749
166.4065,-0.115760
166.4228,-0.115772
166.4389,-0.115786
166.4560,-0.115800
166.4731,-0.115816
166.4895,-0.115831
166.5064,-0.115846
166.5235,-0.115861
166.5392,-0.115876
166.5573,-0.115889
166.5724,-0.115901
166.5895,-0.115911
166.6067,-0.115920
166.6225,-0.115930
166.6395,-0.115939
166.6560,-0.115949
166.6723,-0.115959
166.6899,-0.115971
166.7068,-0.115982
166.7224,-0.115995
166.7394,-0.116009
166.7563,-0.116021
166.7724,-0.116032
166.7890,-0.116044
166.8058,-0.116056
166.8225,-0.116066
166.8394,-0.116077
166.8557,-0.116089
166.8725,-0.116098
166.8889,-0.116106
166.9054,-0.116114
166.9229,-0.116122
166.9389,-0.116128
166.9557,-0.116137
166.9726,-0.116145
166.9886,-0.116155
167.0059,-0.116164
167.0224,-0.116175
167.0389,-0.116185
167.0562,-0.116194
167.0732,-0.116205
167.0887,-0.116214
167.1060,-0.116221
167.1229,-0.116230
167.1383,-0.116237
167.1556,-0.116243
167.1721,-0.116249
167.1884,-0.116255
167.2055,-0.116263
167.2222,-0.116273
167.2392,-0.116282
167.2546,-0.116292
167.2718,-0.116302
167.2889,-0.116313
167.3059,-0.116326
167.3223,-0.116340
167.3396,-0.116354
167.3564,-0.116365
167.3732,-0.116374
167.3901,-0.116380
167.4067,-0.116386
167.4229,-0.116393
167.4398,-0.116400
167.4560,-0.116404
167.4731,-0.116410
167.4899,-0.116417
167.5070,-0.116425
167.5228,-0.116433
167.5397,-0.116440
167.5568,-0.116447
167.5741,-0.116452
167.5897,-0.116455
167.6069,-0.116460
167.6241,-0.116462
167.6400,-0.116464
167.6565,-0.116466
167.6734,-0.116470
167.6903,-0.116475
167.7064,-0.116480
167.7230,-0.116486
167.7400,-0.116492
167.7565,-0.116500
167.7731,-0.116507
167.7899,-0.116514
167.8058,-0.116519
167.8226,-0.116525
167.8406,-0.116532
167.8565,-0.116541
167.8737,-0.116552
167.8900,-0.116563
167.9069,-0.116575
167.9240,-0.116583
167.9407,-0.116592
167.9566,-0.116601
167.9742,-0.116610
167.9905,-0.116616
168.0076,-0.116624
168.0234,-0.116631
168.0409,-0.116638
168.0569,-0.116645
168.0738,-0.116654
168.0913,-0.116663
168.1063,-0.116673
168.1232,-0.116682
168.1414,-0.116690
168.1571,-0.116700
168.1743,-0.116706
168.1909,-0.116713
168.2074,-0.116718
168.2243,-0.116721
168.2408,-0.116727
168.2572,-0.116734
168.2739,-0.116744
168.2909,-0.116754
168.3077,-0.116760
168.3236,-0.116769
168.3404,-0.116777
168.3575,-0.116786
168.3744,-0.116793
168.3907,-0.116801
168.4075,-0.116809
168.4241,-0.116817
168.4406,-0.116827
168.4579,-0.116834
168.4739,-0.116843
168.4904,-0.116850
168.5072,-0.116858
168.5239,-0.116866
168.5402,-0.116872
168.5579,-0.116880
168.5734,-0.116889
168.5902,-0.116898
168.6064,-0.116910
168.6239,-0.116922
168.6404,-0.116934
168.6580,-0.116947
168.6743,-0.116959
168.6905,-0.116973
168.7069,-0.116984
168.7232,-0.116997
168.7404,-0.117008
168.7571,-0.117017
168.7738,-0.117026
168.7903,-0.117034
168.8071,-0.117041
168.8239,-0.117048
168.8402,-0.117056
168.8573,-0.117063
168.8741,-0.117071
168.8904,-0.117081
168.9071,-0.117092
168.9246,-0.117101
168.9402,-0.117113
168.9575,-0.117123
168.9737,-0.117135
168.9908,-0.117146
169.0070,-0.117155
169.0234,-0.117162
169.0404,-0.117168
169.0571,-0.117173
169.0727,-0.117177
169.0906,-0.117182
169.1067,-0.117185
169.1225,-0.117187
169.1399,-0.117189
169.1562,-0.117195
169.1729,-0.117202
169.1897,-0.117211
169.2070,-0.117223
169.2224,-0.117232
169.2400,-0.117245
169.2575,-0.117256
169.2740,-0.117266
169.2906,-0.117276
169.3067,-0.117286
169.3239,-0.117294
169.3405,-0.117301
169.3566,-0.117308
169.3730,-0.117314
169.3901,-0.117322
169.4060,-0.117326
169.4232,-0.117332
169.4399,-0.117336
169.4571,-0.117339
169.4731,-0.117341
169.4899,-0.117341
169.5069,-0.117343
169.5232,-0.117344
169.5400,-0.117349
169.5565,-0.117355
169.5730,-0.117362
169.5906,-0.117369
169.6073,-0.117377
169.6241,-0.117384
169.6403,-0.117391
169.6574,-0.117397
169.6736,-0.117400
169.6907,-0.117403
169.7072,-0.117407
169.7238,-0.117410
169.7409,-0.117412
169.7576,-0.117414
169.7742,-0.117416
169.7909,-0.117418
169.8072,-0.117422
169.8246,-0.117427
169.8409,-0.117434
169.8575,-0.117439
169.8741,-0.117444
169.8906,-0.117450
169.9077,-0.117457
169.9240,-0.117461
169.9411,-0.117464
169.9581,-0.117468
169.9748,-0.117473
169.9906,-0.117479
170.0075,-0.117485
170.0239,-0.117491
170.0414,-0.117494
170.0579,-0.117498
170.0745,-0.117501
170.0912,-0.117505
170.1082,-0.117510
170.1237,-0.117515
170.1415,-0.117519
170.1580,-0.117526
170.1752,-0.117534
170.1913,-0.117543
170.2083,-0.117551
170.2251,-0.117555
170.2412,-0.117561
170.2574,-0.117566
170.2748,-0.117573
170.2913,-0.117582
170.3082,-0.117592
170.3242,-0.117601
170.3419,-0.117611
170.3582,-0.117623
170.3755,-0.117636
170.3924,-0.117647
170.4090,-0.117655
170.4254,-0.117661
170.4423,-0.117665
170.4587,-0.117669
170.4744,-0.117675
170.4916,-0.117680
170.5085,-0.117685
170.5254,-0.117689
170.5412,-0.117695
170.5578,-0.117703
170.5743,-0.117712
170.5919,-0.117721
170.6082,-0.117731
170.6245,-0.117739
170.6419,-0.117748
170.6585,-0.117758
170.6744,-0.117767
170.6915,-0.117778
170.7081,-0.117787
170.7248,-0.117796
170.7414,-0.117808
170.7581,-0.117820
170.7746,-0.117829
170.7916,-0.117840
170.8088,-0.117848
170.8252,-0.117857
170.8416,-0.117865
170.8589,-0.117873
170.8754,-0.117882
170.8919,-0.117886
170.9090,-0.117894
170.9244,-0.117899
170.9415,-0.117904
170.9579,-0.117908
170.9743,-0.117914
170.9917,-0.117922
171.0076,-0.117930
171.0242,-0.117938
171.0410,-0.117946
171.0581,-0.117957
171.0742,-0.117967
171.0917,-0.117980
171.1074,-0.117991
171.1240,-0.118001
171.1420,-0.118010
171.1578,-0.118020
171.1744,-0.118027
171.1911,-0.118032
171.2081,-0.118038
171.2245,-0.118042
171.2413,-0.118047
171.2580,-0.118054
171.2746,-0.118060
171.2914,-0.118070
171.3079,-0.118079
171.3250,-0.118088
171.3419,-0.118097
171.3580,-0.118108
171.3751,-0.118117
171.3915,-0.118126
171.4083,-0.118135
171.4250,-0.118143
171.4412,-0.118150
171.4585,-0.118156
171.4753,-0.118161
171.4924,-0.118164
171.5085,-0.118169
171.5253,-0.118171
171.5414,-0.118172
171.5581,-0.118173
171.5746,-0.118175
171.5922,-0.118180
171.6071,-0.118184
171.6241,-0.118187
171.6411,-0.118190
171.6581,-0.118195
171.6744,-0.118203
171.6909,-0.118215
171.7074,-0.118227
171.7248,-0.118237
171.7424,-0.118248
171.7580,-0.118257
171.7741,-0.118269
171.7912,-0.118278
171.8079,-0.118284
171.8247,-0.118291
171.8409,-0.118298
171.8579,-0.118306
171.8745,-0.118313
171.8913,-0.118322
171.9083,-0.118328
171.9245,-0.118333
171.9409,-0.118338
171.9585,-0.118342
171.9747,-0.118344
171.9909,-0.118348
172.0071,-0.118352
172.0254,-0.118356
172.0413,-0.118359
172.0581,-0.118364
172.0750,-0.118367
172.0918,-0.118371
172.1078,-0.118376
172.1243,-0.118381
172.1417,-0.118385
172.1580,-0.118391
172.1746,-0.118399
172.1912,-0.118408
172.2082,-0.118417
172.2244,-0.118425
172.2420,-0.118430
172.2586,-0.118434
172.2753,-0.118437
172.2917,-0.118442
172.3083,-0.118448
172.3251,-0.118453
172.3418,-0.118457
172.3581,-0.118463
172.3754,-0.118469
172.3927,-0.118475
172.4086,-0.118478
172.4250,-0.118481
172.4419,-0.118482
172.4583,-0.118481
172.4749,-0.118482
172.4921,-0.118486
172.5085,-0.118490
172.5242,-0.118494
172.5419,-0.118500
172.5584,-0.118509
172.5760,-0.118516
172.5920,-0.118523
172.6079,-0.118525
172.6256,-0.118528
172.6421,-0.118532
172.6589,-0.118534
172.6748,-0.118538
172.6907,-0.118541
172.7085,-0.118542
172.7255,-0.118545
172.7420,-0.118550
172.7584,-0.118556
172.7749,-0.118563
172.7912,-0.118570
172.8081,-0.118577
172.8255,-0.118582
172.8419,-0.118587
172.8585,-0.118593
172.8750,-0.118598
172.8918,-0.118602
172.9079,-0.118604
172.9251,-0.118605
172.9421,-0.118608
172.9575,-0.118612
172.9750,-0.118615
172.9916,-0.118620
173.0081,-0.118626
173.0243,-0.118631
173.0414,-0.118639
173.0579,-0.118644
173.0747,-0.118652
173.0916,-0.118657
173.1076,-0.118664
173.1246,-0.118668
173.1413,-0.118671
173.1582,-0.118674
173.1742,-0.118678
173.1912,-0.118683
173.2066,-0.118688
173.2241,-0.118692
173.2410,-0.118695
173.2578,-0.118700
173.2745,-0.118705
173.2911,-0.118712
173.3074,-0.118717
173.3243,-0.118719
173.3421,-0.118723
173.3586,-0.118726
173.3752,-0.118729
173.3913,-0.118731
173.4077,-0.118733
173.4252,-0.118734
173.4414,-0.118734
173.4579,-0.118737
173.4747,-0.118740
173.4920,-0.118743
173.5089,-0.118746
173.5262,-0.118750
173.5422,-0.118752
173.5580,-0.118755
173.5747,-0.118757
173.5919,-0.118760
173.6088,-0.118763
173.6257,-0.118769
173.6422,-0.118773
173.6595,-0.118777
173.6753,-0.118781
173.6930,-0.118785
173.7092,-0.118789
173.7265,-0.118791
173.7421,-0.118795
173.7598,-0.118799
173.7765,-0.118800
173.7922,-0.118804
173.8091,-0.118805
173.8265,-0.118808
173.8423,-0.118810
173.8596,-0.118812
173.8763,-0.118817
173.8927,-0.118823
173.9088,-0.118827
173.9263,-0.118832
173.9426,-0.118837
173.9591,-0.118843
173.9755,-0.118851
173.9922,-0.118858
174.0098,-0.118866
174.0252,-0.118875
174.0429,-0.118884
174.0591,-0.118894
174.0758,-0.118901
174.0932,-0.118907
174.1100,-0.118915
174.1254,-0.118921
174.1434,-0.118929
174.1590,-0.118939
174.1764,-0.118948
174.1927,-0.118954
174.2098,-0.118961
174.2264,-0.118966
174.2431,-0.118974
174.2599,-0.118982
174.2760,-0.118989
174.2934,-0.118995
174.3100,-0.119001
174.3265,-0.119008
174.3430,-0.119015
174.3591,-0.119021
174.3763,-0.119024
174.3929,-0.119030
174.4099,-0.119034
174.4264,-0.119041
174.4427,-0.119048
174.4596,-0.119055
174.4756,-0.119061
174.4921,-0.119069
174.5098,-0.119076
174.5257,-0.119084
174.5430,-0.119091
174.5598,-0.119097
174.5765,-0.119103
174.5934,-0.119108
174.6101,-0.119114
174.6261,-0.119118
174.6432,-0.119124
174.6593,-0.119131
174.6759,-0.119140
174.6931,-0.119150
174.7098,-0.119161
174.7267,-0.119172
174.7435,-0.119183
174.7601,-0.119192
174.7768,-0.119200
174.7932,-0.119208
174.8100,-0.119215
174.8274,-0.119221
174.8428,-0.119227
174.8595,-0.119232
174.8773,-0.119237
174.8938,-0.119242
174.9104,-0.119248
174.9265,-0.119255
174.9437,-0.119262
174.9603,-0.119265
174.9758,-0.119268
174.9926,-0.119271
175.0104,-0.119275
175.0260,-0.119280
175.0426,-0.119285
175.0595,-0.119290
175.0766,-0.119296
175.0936,-0.119301
175.1105,-0.119309
175.1266,-0.119318
175.1440,-0.119326
175.1597,-0.119333
175.1762,-0.119338
175.1929,-0.119342
175.2105,-0.119347
175.2277,-0.119350
175.2439,-0.119353
175.2596,-0.119356
175.2772,-0.119359
175.2933,-0.119362
175.3102,-0.119365
175.3277,-0.119370
175.3438,-0.119377
175.3598,-0.119383
175.3765,-0.119389
175.3937,-0.119394
175.4100,-0.119396
175.4271,-0.119401
175.4439,-0.119404
175.4604,-0.119407
175.4776,-0.119411
175.4929,-0.119414
175.5099,-0.119417
175.5257,-0.119422
175.5433,-0.119428
175.5598,-0.119437
175.5771,-0.119446
175.5928,-0.119453
175.6096,-0.119462
175.6269,-0.119470
175.6444,-0.119479
175.6602,-0.119486
175.6768,-0.119492
175.6938,-0.119497
175.7101,-0.119500
175.7271,-0.119502
175.7432,-0.119506
175.7599,-0.119510
175.7767,-0.119513
175.7939,-0.119518
175.8103,-0.119522
175.8268,-0.119528
175.8434,-0.119533
175.8599,-0.119538
175.8772,-0.119544
175.8929,-0.119551
175.9100,-0.119559
175.9274,-0.119568
175.9438,-0.119575
175.9600,-0.119582
175.9773,-0.119591
175.9941,-0.119599
176.0110,-0.119605
176.0270,-0.119614
176.0436,-0.119622
176.0602,-0.119629
176.0762,-0.119635
176.0934,-0.119640
176.1108,-0.119645
176.1262,-0.119647
176.1431,-0.119650
176.1599,-0.119653
176.1767,-0.119655
176.1934,-0.119655
176.2095,-0.119658
176.2262,-0.119662
176.2433,-0.119666
176.2596,-0.119669
176.2759,-0.119674
176.2935,-0.119679
176.3095,-0.119685
176.3262,-0.119692
176.3434,-0.119701
176.3595,-0.119709
176.3761,-0.119716
176.3926,-0.119724
176.4098,-0.119731
176.4267,-0.119740
176.4435,-0.119747
176.4604,-0.119754
176.4765,-0.119757
176.4935,-0.119760
176.5100,-0.119763
176.5267,-0.119766
176.5437,-0.119770
176.5594,-0.119774
176.5767,-0.119780
176.5929,-0.119788
176.6097,-0.119795
176.6263,-0.119802
176.6429,-0.119810
176.6598,-0.119814
176.6769,-0.119820
176.6929,-0.119825
176.7108,-0.119830
176.7268,-0.119831
176.7429,-0.119833
176.7599,-0.119832
176.7765,-0.119832
176.7933,-0.119832
176.8095,-0.119834
176.8268,-0.119836
176.8419,-0.119839
176.8593,-0.119841
176.8765,-0.119843
176.8936,-0.119844
176.9098,-0.119847
176.9263,-0.119855
176.9424,-0.119863
176.9594,-0.119872
176.9768,-0.119879
176.9933,-0.119886
177.0103,-0.119892
177.0267,-0.119895
177.0449,-0.119899
177.0602,-0.119902
177.0775,-0.119904
177.0935,-0.119905
177.1105,-0.119905
177.1264,-0.119905
177.1427,-0.119908
177.1598,-0.119910
177.1767,-0.119915
177.1926,-0.119919
177.2107,-0.119924
177.2271,-0.119929
177.2439,-0.119932
177.2606,-0.119933
177.2771,-0.119934
177.2939,-0.119932
177.3098,-0.119931
177.3263,-0.119929
177.3432,-0.119927
177.3610,-0.119927
177.3764,-0.119927
177.3935,-0.119928
177.4103,-0.119932
177.4274,-0.119934
177.4434,-0.119936
177.4607,-0.119939
177.4768,-0.119941
177.4934,-0.119946
177.5102,-0.119950
177.5266,-0.119955
177.5439,-0.119962
177.5601,-0.119968
177.5778,-0.119977
177.5942,-0.119985
177.6115,-0.119993
177.6277,-0.120000
177.6436,-0.120007
177.6605,-0.120009
177.6783,-0.120014
177.6941,-0.120017
177.7104,-0.120021
177.7279,-0.120025
177.7441,-0.120025
177.7613,-0.120023
177.7776,-0.120023
177.7939,-0.120023
177.8109,-0.120019
177.8271,-0.120018
177.8430,-0.120021
177.8606,-0.120025
177.8770,-0.120032
177.8938,-0.120039
177.9113,-0.120048
177.9284,-0.120055
177.9442,-0.120063
177.9621,-0.120071
177.9783,-0.120076
177.9944,-0.120081
178.0112,-0.120085
178.0284,-0.120089
178.0443,-0.120092
178.0606,-0.120096
178.0780,-0.120099
178.0941,-0.120103
178.1110,-0.120108
178.1282,-0.120114
178.1450,-0.120119
178.1619,-0.120121
178.1787,-0.120125
178.1954,-0.120131
178.2126,-0.120138
178.2278,-0.120144
178.2446,-0.120152
178.2618,-0.120160
178.2784,-0.120168
178.2957,-0.120175
178.3119,-0.120182
178.3290,-0.120188
178.3448,-0.120193
178.3615,-0.120197
178.3794,-0.120201
178.3946,-0.120207
178.4122,-0.120213
178.4279,-0.120221
178.4447,-0.120229
178.4614,-0.120239
178.4795,-0.120250
178.4946,-0.120259
178.5134,-0.120268
178.5287,-0.120277
178.5458,-0.120285
178.5626,-0.120291
178.5784,-0.120297
178.5963,-0.120301
178.6130,-0.120307
178.6298,-0.120312
178.6456,-0.120319
178.6618,-0.120327
178.6788,-0.120335
178.6963,-0.120343
178.7121,-0.120354
178.7296,-0.120367
178.7457,-0.120381
178.7628,-0.120393
178.7796,-0.120405
178.7952,-0.120417
178.8136,-0.120428
178.8298,-0.120438
178.8460,-0.120447
178.8633,-0.120455
178.8797,-0.120459
178.8960,-0.120464
178.9126,-0.120467
178.9290,-0.120473
178.9456,-0.120478
178.9619,-0.120483
178.9787,-0.120489
178.9951,-0.120496
179.0123,-0.120503
179.0285,-0.120510
179.0446,-0.120519
179.0615,-0.120526
179.0788,-0.120532
179.0955,-0.120538
179.1120,-0.120545
179.1286,-0.120553
179.1444,-0.120562
179.1615,-0.120572
179.1783,-0.120586
179.1946,-0.120599
179.2109,-0.120615
179.2287,-0.120629
179.2454,-0.120643
179.2611,-0.120653
179.2782,-0.120659
179.2950,-0.120668
179.3120,-0.120673
179.3285,-0.120677
179.3448,-0.120681
179.3617,-0.120687
179.3781,-0.120694
179.3939,-0.120702
179.4106,-0.120713
179.4277,-0.120725
179.4432,-0.120734
179.4613,-0.120744
179.4779,-0.120755
179.4943,-0.120762
179.5103,-0.120767
179.5282,-0.120773
179.5443,-0.120779
179.5605,-0.120786
179.5766,-0.120792
179.5936,-0.120797
179.6115,-0.120799
179.6273,-0.120803
179.6443,-0.120807
179.6604,-0.120810
179.6774,-0.120812
179.6935,-0.120816
179.7105,-0.120820
179.7276,-0.120825
179.7440,-0.120831
179.7611,-0.120837
179.7772,-0.120840
179.7936,-0.120843
179.8102,-0.120846
179.8268,-0.120850
179.8437,-0.120853
179.8605,-0.120858
179.8766,-0.120862
179.8939,-0.120866
179.9109,-0.120871
179.9265,-0.120874
179.9438,-0.120875
179.9600,-0.120875
179.9770,-0.120875
179.9931,-0.120876
180.0097,-0.120877
180.0264,-0.120878
180.0436,-0.120878
180.0606,-0.120878
180.0768,-0.120877
180.0926,-0.120878
180.1096,-0.120878
180.1265,-0.120880
180.1432,-0.120883
180.1602,-0.120885
180.1761,-0.120887
180.1934,-0.120892
180.2108,-0.120893
180.2270,-0.120893
180.2441,-0.120892
180.2606,-0.120894
180.2774,-0.120894
180.2939,-0.120895
180.3102,-0.120896
180.3274,-0.120898
180.3442,-0.120901
180.3613,-0.120905
180.3769,-0.120909
180.3936,-0.120913
180.4109,-0.120915
180.4275,-0.120915
180.4442,-0.120912
180.4604,-0.120910
180.4771,-0.120909
180.4939,-0.120908
180.5100,-0.120907
180.5269,-0.120908
180.5444,-0.120909
180.5603,-0.120913
180.5782,-0.120918
180.5945,-0.120924
180.6108,-0.120931
180.6273,-0.120935
180.6440,-0.120938
180.6606,-0.120942
180.6770,-0.120945
180.6945,-0.120948
180.7113,-0.120950
180.7273,-0.120951
180.7446,-0.120952
180.7617,-0.120953
180.7779,-0.120952
180.7946,-0.120955
180.8107,-0.120958
180.8282,-0.120962
180.8443,-0.120965
180.8604,-0.120970
180.8778,-0.120975
180.8948,-0.120980
180.9108,-0.120984
180.9276,-0.120988
180.9439,-0.120992
180.9610,-0.120996
180.9776,-0.121000
180.9935,-0.121003
181.0109,-0.121009
181.0278,-0.121013
181.0447,-0.121016
181.0614,-0.121016
181.0780,-0.121016
181.0950,-0.121016
181.1117,-0.121017
181.1276,-0.121019
181.1449,-0.121026
181.1611,-0.121036
181.1779,-0.121043
181.1939,-0.121051
181.2114,-0.121059
181.2290,-0.121065
181.2449,-0.121072
181.2605,-0.121077
181.2775,-0.121084
181.2947,-0.121090
181.3110,-0.121093
181.3278,-0.121100
181.3441,-0.121108
181.3618,-0.121114
181.3782,-0.121121
181.3948,-0.121127
181.4120,-0.121134
181.4277,-0.121140
181.4447,-0.121144
181.4623,-0.121149
181.4790,-0.121155
181.4958,-0.121159
181.5118,-0.121163
181.5280,-0.121164
181.5452,-0.121166
181.5615,-0.121169
181.5782,-0.121174
181.5950,-0.121182
181.6111,-0.121190
181.6279,-0.121197
181.6455,-0.121204
181.6618,-0.121210
181.6792,-0.121217
181.6946,-0.121223
181.7113,-0.121228
181.7282,-0.121230
181.7445,-0.121232
181.7613,-0.121235
181.7781,-0.121238
181.7943,-0.121242
181.8123,-0.121249
181.8284,-0.121255
181.8448,-0.121263
181.8615,-0.121273
181.8782,-0.121282
181.8950,-0.121291
181.9115,-0.121299
181.9290,-0.121308
181.9453,-0.121316
181.9612,-0.121324
181.9779,-0.121332
181.9959,-0.121339
182.0121,-0.121344
182.0291,-0.121350
182.0459,-0.121357
182.0627,-0.121364
182.0783,-0.121371
182.0949,-0.121377
182.1120,-0.121384
182.1285,-0.121392
182.1449,-0.121403
182.1620,-0.121413
182.1790,-0.121422
182.1962,-0.121430
182.2128,-0.121437
182.2289,-0.121443
182.2458,-0.121448
182.2624,-0.121454
182.2796,-0.121459
182.2954,-0.121467
182.3121,-0.121477
182.3286,-0.121485
182.3446,-0.121492
182.3624,-0.121500
182.3792,-0.121509
182.3959,-0.121517
182.4117,-0.121523
182.4286,-0.121530
182.4458,-0.121537
182.4619,-0.121542
182.4788,-0.121548
182.4951,-0.121558
182.5128,-0.121566
182.5292,-0.121573
182.5450,-0.121582
182.5627,-0.121588
182.5793,-0.121593
182.5963,-0.121598
182.6124,-0.121603
182.6296,-0.121607
182.6457,-0.121612
182.6627,-0.121619
182.6783,-0.121627
182.6952,-0.121635
182.7126,-0.121643
182.7294,-0.121651
182.7454,-0.121661
182.7629,-0.121669
182.7796,-0.121677
182.7952,-0.121684
182.8123,-0.121689
182.8293,-0.121692
182.8465,-0.121695
182.8625,-0.121700
182.8790,-0.121707
182.8961,-0.121712
182.9126,-0.121717
182.9300,-0.121723
182.9463,-0.121728
182.9623,-0.121735
182.9793,-0.121742
182.9960,-0.121750
183.0125,-0.121756
183.0297,-0.121762
183.0464,-0.121765
183.0632,-0.121769
183.0796,-0.121774
183.0962,-0.121779
183.1134,-0.121787
183.1301,-0.121796
183.1470,-0.121803
183.1628,-0.121810
183.1803,-0.121815
183.1966,-0.121820
183.2138,-0.121824
183.2303,-0.121826
183.2467,-0.121827
183.2639,-0.121829
183.2801,-0.121834
183.2974,-0.121840
183.3135,-0.121845
183.3300,-0.121850
183.3477,-0.121856
183.3640,-0.121859
183.3810,-0.121865
183.3975,-0.121869
183.4147,-0.121875
183.4302,-0.121878
183.4473,-0.121882
183.4641,-0.121884
183.4810,-0.121887
183.4983,-0.121893
183.5137,-0.121900
183.5311,-0.121903
183.5478,-0.121907
183.5638,-0.121910
183.5813,-0.121914
183.5985,-0.121919
183.6141,-0.121924
183.6317,-0.121928
183.6472,-0.121936
183.6639,-0.121941
183.6813,-0.121946
183.6985,-0.121953
183.7150,-0.121958
183.7318,-0.121964
183.7480,-0.121970
183.7647,-0.121975
183.7813,-0.121981
183.7982,-0.121989
183.8150,-0.121998
183.8315,-0.122006
183.8477,-0.122015
183.8651,-0.122023
183.8815,-0.122029
183.8981,-0.122034
183.9146,-0.122039
183.9314,-0.122043
183.9481,-0.122049
183.9640,-0.122056
183.9813,-0.122060
183.9977,-0.122066
184.0152,-0.122072
184.0321,-0.122080
184.0478,-0.122091
184.0647,-0.122101
184.0815,-0.122109
184.0987,-0.122117
184.1144,-0.122128
184.1316,-0.122142
184.1480,-0.122155
184.1646,-0.122167
184.1806,-0.122180
184.1984,-0.122189
184.2155,-0.122200
184.2318,-0.122210
184.2483,-0.122218
184.2650,-0.122224
184.2805,-0.122228
184.2986,-0.122233
184.3146,-0.122238
184.3311,-0.122247
184.3484,-0.122259
184.3645,-0.122272
184.3811,-0.122285
184.3973,-0.122297
184.4153,-0.122311
184.4321,-0.122324
184.4479,-0.122335
184.4657,-0.122344
184.4816,-0.122353
184.4984,-0.122361
184.5150,-0.122368
184.5317,-0.122376
184.5481,-0.122383
184.5650,-0.122390
184.5814,-0.122397
184.5985,-0.122404
184.6145,-0.122411
184.6318,-0.122418
184.6482,-0.122424
184.6650,-0.122430
184.6817,-0.122436
184.6982,-0.122444
184.7144,-0.122455
184.7312,-0.122467
184.7477,-0.122479
184.7655,-0.122490
184.7812,-0.122500
184.7991,-0.122510
184.8148,-0.122519
184.8320,-0.122526
184.8478,-0.122534
184.8642,-0.122544
184.8814,-0.122552
184.8986,-0.122561
184.9147,-0.122571
184.9312,-0.122580
184.9485,-0.122590
184.9647,-0.122599
184.9808,-0.122609
184.9979,-0.122617
185.0149,-0.122624
185.0312,-0.122630
185.0488,-0.122634
185.0647,-0.122638
185.0805,-0.122641
185.0977,-0.122643
185.1148,-0.122647
185.1309,-0.122652
185.1474,-0.122658
185.1647,-0.122666
185.1810,-0.122676
185.1979,-0.122686
185.2144,-0.122696
185.2312,-0.122706
185.2480,-0.122713
185.2653,-0.122720
185.2812,-0.122727
185.2970,-0.122732
185.3141,-0.122736
185.3310,-0.122741
185.3479,-0.122748
185.3651,-0.122757
185.3810,-0.122767
185.3981,-0.122776
185.4143,-0.122784
185.4309,-0.122790
185.4479,-0.122797
185.4642,-0.122805
185.4810,-0.122809
185.4970,-0.122814
185.5137,-0.122818
185.5314,-0.122822
185.5472,-0.122827
185.5641,-0.122831
185.5810,-0.122834
185.5975,-0.122837
185.6143,-0.122837
185.6312,-0.122842
185.6474,-0.122846
185.6642,-0.122851
185.6805,-0.122856
185.6977,-0.122863
185.7144,-0.122870
185.7317,-0.122877
185.7482,-0.122883
185.7646,-0.122887
185.7812,-0.122888
185.7975,-0.122889
185.8140,-0.122891
185.8309,-0.122891
185.8475,-0.122893
185.8642,-0.122894
185.8805,-0.122897
185.8986,-0.122898
185.9138,-0.122902
185.9315,-0.122908
185.9478,-0.122915
185.9647,-0.122921
185.9815,-0.122924
185.9976,-0.122928
186.0146,-0.122929
186.0316,-0.122931
186.0479,-0.122933
186.0648,-0.122936
186.0818,-0.122941
186.0981,-0.122946
186.1149,-0.122949
186.1313,-0.122952
186.1485,-0.122954
186.1647,-0.122958
186.1813,-0.122962
186.1977,-0.122964
186.2149,-0.122965
186.2316,-0.122967
186.2485,-0.122971
186.2648,-0.122975
186.2805,-0.122980
186.2982,-0.122986
186.3144,-0.122992
186.3320,-0.122998
186.3477,-0.123005
186.3646,-0.123013
186.3819,-0.123019
186.3980,-0.123024
186.4145,-0.123027
186.4310,-0.123031
186.4483,-0.123033
186.4644,-0.123038
186.4819,-0.123042
186.4974,-0.123043
186.5148,-0.123046
186.5311,-0.123048
186.5482,-0.123050
186.5653,-0.123052
186.5805,-0.123056
186.5985,-0.123058
186.6148,-0.123060
186.6310,-0.123064
186.6483,-0.123067
186.6657,-0.123072
186.6818,-0.123074
186.6977,-0.123077
186.7143,-0.123084
186.7313,-0.123088
186.7481,-0.123094
186.7644,-0.123099
186.7817,-0.123105
186.7987,-0.123110
186.8148,-0.123116
186.8324,-0.123121
186.8481,-0.123125
186.8654,-0.123130
186.8816,-0.123134
186.8985,-0.123139
186.9152,-0.123142
186.9315,-0.123147
186.9494,-0.123151
186.9649,-0.123157
186.9815,-0.123164
186.9981,-0.123173
187.0156,-0.123181
187.0319,-0.123190
187.0489,-0.123196
187.0651,-0.123200
187.0823,-0.123203
187.0988,-0.123205
187.1156,-0.123206
187.1316,-0.123207
187.1469,-0.123210
187.1648,-0.123212
187.1812,-0.123215
187.1975,-0.123224
187.2146,-0.123236
187.2315,-0.123248
187.2481,-0.123260
187.2643,-0.123269
187.2817,-0.123280
187.2983,-0.123286
187.3148,-0.123291
187.3313,-0.123297
187.3470,-0.123302
187.3647,-0.123306
187.3803,-0.123310
187.3979,-0.123312
187.4145,-0.123316
187.4310,-0.123319
187.4467,-0.123324
187.4635,-0.123327
187.4800,-0.123329
187.4972,-0.123334
187.5129,-0.123341
187.5305,-0.123351
187.5469,-0.123360
187.5636,-0.123368
187.5805,-0.123374
187.5968,-0.123379
187.6140,-0.123384
187.6304,-0.123388
187.6463,-0.123394
187.6633,-0.123400
187.6795,-0.123408
187.6965,-0.123415
187.7128,-0.123424
187.7303,-0.123433
187.7472,-0.123441
187.7634,-0.123449
187.7802,-0.123457
187.7961,-0.123464
187.8136,-0.123469
187.8304,-0.123474
187.8466,-0.123478
187.8640,-0.123481
187.8802,-0.123483
187.8964,-0.123486
187.9132,-0.123488
187.9297,-0.123492
187.9467,-0.123497
187.9632,-0.123503
187.9804,-0.123508
187.9968,-0.123511
188.0131,-0.123515
188.0307,-0.123519
188.0476,-0.123523
188.0636,-0.123525
188.0800,-0.123525
188.0981,-0.123523
188.1144,-0.123521
188.1307,-0.123520
188.1473,-0.123520
188.1644,-0.123517
188.1799,-0.123513
188.1972,-0.123514
188.2141,-0.123514
188.2308,-0.123516
188.2471,-0.123516
188.2637,-0.123521
188.2816,-0.123522
188.2969,-0.123523
188.3140,-0.123526
188.3307,-0.123526
188.3471,-0.123528
188.3632,-0.123530
188.3808,-0.123535
188.3973,-0.123540
188.4144,-0.123545
188.4308,-0.123550
188.4478,-0.123555
188.4645,-0.123559
188.4803,-0.123560
188.4978,-0.123561
188.5144,-0.123561
188.5313,-0.123558
188.5477,-0.123556
188.5643,-0.123558
188.5806,-0.123559
188.5974,-0.123562
188.6142,-0.123565
188.6308,-0.123569
188.6478,-0.123573
188.6648,-0.123578
188.6819,-0.123582
188.6972,-0.123587
188.7143,-0.123589
188.7315,-0.123589
188.7481,-0.123591
188.7651,-0.123594
188.7823,-0.123598
188.7975,-0.123600
188.8141,-0.123602
188.8312,-0.123605
188.8481,-0.123608
188.8640,-0.123612
188.8812,-0.123616
188.8984,-0.123617
188.9149,-0.123615
188.9310,-0.123614
188.9483,-0.123615
188.9646,-0.123616
188.9818,-0.123618
188.9972,-0.123623
189.0145,-0.123630
189.0316,-0.123635
189.0482,-0.123642
189.0648,-0.123651
189.0820,-0.123658
189.0990,-0.123665
189.1142,-0.123671
189.1326,-0.123675
189.1492,-0.123677
189.1655,-0.123678
189.1822,-0.123683
189.1990,-0.123688
189.2161,-0.123693
189.2323,-0.123697
189.2490,-0.123704
189.2661,-0.123712
189.2823,-0.123720
189.2992,-0.123727
189.3158,-0.123732
189.3325,-0.123733
189.3486,-0.123733
189.3654,-0.123737
189.3817,-0.123739
189.3983,-0.123739
189.4144,-0.123739
189.4319,-0.123744
189.4497,-0.123750
189.4640,-0.123757
189.4811,-0.123763
189.4979,-0.123768
189.5138,-0.123773
189.5301,-0.123779
189.5483,-0.123786
189.5639,-0.123791
189.5803,-0.123795
189.5969,-0.123800
189.6147,-0.123806
189.6303,-0.123814
189.6473,-0.123822
189.6642,-0.123830
189.6803,-0.123839
189.6974,-0.123849
189.7146,-0.123861
189.7305,-0.123874
189.7474,-0.123887
189.7647,-0.123896
189.7819,-0.123905
189.7979,-0.123913
189.8157,-0.123922
189.8320,-0.123930
189.8486,-0.123935
189.8648,-0.123941
189.8817,-0.123948
189.8977,-0.123957
189.9153,-0.123965
189.9317,-0.123974
189.9494,-0.123983
189.9657,-0.123992
189.9823,-0.124001
189.9990,-0.124006
190.0164,-0.124012
190.0328,-0.124016
190.0499,-0.124020
190.0654,-0.124022
190.0815,-0.124023
190.0990,-0.124025
190.1154,-0.124026
190.1325,-0.124028
190.1481,-0.124030
190.1654,-0.124032
190.1810,-0.124034
190.1973,-0.124035
190.2142,-0.124040
190.2312,-0.124047
190.2475,-0.124053
190.2643,-0.124062
190.2811,-0.124072
190.2976,-0.124080
190.3142,-0.124091
190.3309,-0.124103
190.3479,-0.124113
190.3644,-0.124121
190.3816,-0.124130
190.3978,-0.124139
190.4149,-0.124144
190.4308,-0.124151
190.4476,-0.124159
190.4647,-0.124167
190.4815,-0.124175
190.4971,-0.124184
190.5138,-0.124193
190.5310,-0.124203
190.5480,-0.124215
190.5642,-0.124226
190.5820,-0.124237
190.5982,-0.124244
190.6144,-0.124249
190.6315,-0.124255
190.6486,-0.124258
190.6646,-0.124260
190.6813,-0.124264
190.6982,-0.124269
190.7150,-0.124273
190.7314,-0.124279
190.7486,-0.124286
190.7650,-0.124291
190.7812,-0.124297
190.7983,-0.124305
190.8150,-0.124312
190.8319,-0.124317
190.8481,-0.124321
190.8638,-0.124325
190.8818,-0.124329
190.8984,-0.124334
190.9153,-0.124338
190.9312,-0.124343
190.9483,-0.124347
190.9648,-0.124350
190.9808,-0.124356
190.9979,-0.124362
191.0144,-0.124369
191.0306,-0.124376
191.0478,-0.124385
191.0644,-0.124392
191.0811,-0.124398
191.0978,-0.124406
191.1149,-0.124413
191.1313,-0.124419
191.1475,-0.124424
191.1637,-0.124429
191.1816,-0.124434
191.1976,-0.124440
191.2142,-0.124447
191.2305,-0.124454
191.2481,-0.124460
191.2640,-0.124467
191.2808,-0.124474
191.2968,-0.124484
191.3134,-0.124492
191.3309,-0.124497
191.3470,-0.124504
191.3642,-0.124512
191.3805,-0.124518
191.3976,-0.124525
191.4142,-0.124534
191.4310,-0.124542
191.4481,-0.124549
191.4641,-0.124553
191.4812,-0.124559
191.4977,-0.124562
191.5145,-0.124563
191.5309,-0.124566
191.5473,-0.124570
191.5640,-0.124576
191.5808,-0.124581
191.5979,-0.124586
191.6147,-0.124590
191.6310,-0.124593
191.6475,-0.124598
191.6637,-0.124601
191.6807,-0.124600
191.6975,-0.124599
191.7139,-0.124599
191.7312,-0.124598
191.7475,-0.124600
191.7633,-0.124599
191.7800,-0.124596
191.7976,-0.124597
191.8132,-0.124601
191.8309,-0.124604
191.8468,-0.124609
191.8635,-0.124614
191.8814,-0.124617
191.8979,-0.124619
191.9138,-0.124622
191.9308,-0.124624
191.9474,-0.124627
191.9650,-0.124628
191.9808,-0.124630
191.9974,-0.124634
192.0140,-0.124637
192.0317,-0.124640
192.0485,-0.124641
192.0649,-0.124641
192.0816,-0.124639
192.0982,-0.124639
192.1142,-0.124637
192.1311,-0.124636
192.1479,-0.124633
192.1643,-0.124632
192.1820,-0.124631
192.1983,-0.124634
192.2148,-0.124639
192.2316,-0.124643
192.2477,-0.124645
192.2651,-0.124647
192.2820,-0.124649
192.2982,-0.124650
192.3151,-0.124654
192.3312,-0.124656
192.3487,-0.124658
192.3640,-0.124659
192.3816,-0.124664
192.3987,-0.124670
192.4145,-0.124675
192.4319,-0.124681
192.4481,-0.124690
192.4649,-0.124698
192.4817,-0.124704
192.4980,-0.124712
192.5150,-0.124720
192.5319,-0.124731
192.5482,-0.124739
192.5654,-0.124749
192.5822,-0.124756
192.5980,-0.124761
192.6150,-0.124768
192.6320,-0.124774
192.6488,-0.124779
192.6657,-0.124787
192.6818,-0.124794
192.6989,-0.124801
192.7158,-0.124807
192.7320,-0.124814
192.7487,-0.124821
192.7650,-0.124827
192.7820,-0.124835
192.7978,-0.124843
192.8162,-0.124851
192.8319,-0.124860
192.8490,-0.124868
192.8657,-0.124876
192.8821,-0.124882
192.8996,-0.124888
192.9150,-0.124892
192.9324,-0.124894
192.9483,-0.124895
192.9656,-0.124897
192.9817,-0.124901
192.9986,-0.124905
193.0148,-0.124909
193.0320,-0.124914
193.0488,-0.124918
193.0655,-0.124922
193.0814,-0.124930
193.0987,-0.124936
193.1154,-0.124946
193.1318,-0.124956
193.1482,-0.124965
193.1652,-0.124974
193.1818,-0.124984
193.1994,-0.124995
193.2152,-0.125004
193.2322,-0.125015
193.2486,-0.125024
193.2653,-0.125034
193.2817,-0.125043
193.2989,-0.125053
193.3158,-0.125062
193.3325,-0.125071
193.3491,-0.125080
193.3651,-0.125087
193.3819,-0.125095
193.3989,-0.125106
193.4154,-0.125116
193.4324,-0.125125
193.4486,-0.125136
193.4662,-0.125145
193.4824,-0.125153
193.4986,-0.125159
193.5155,-0.125164
193.5318,-0.125172
193.5486,-0.125179
193.5646,-0.125186
193.5822,-0.125195
193.5977,-0.125207
193.6151,-0.125220
193.6312,-0.125233
193.6487,-0.125248
193.6652,-0.125258
193.6828,-0.125269
193.6987,-0.125280
193.7157,-0.125292
193.7320,-0.125304
193.7473,-0.125313
193.7659,-0.125323
193.7823,-0.125335
193.7984,-0.125345
193.8149,-0.125357
193.8318,-0.125367
193.8486,-0.125377
193.8658,-0.125385
193.8820,-0.125394
193.8992,-0.125402
193.9158,-0.125410
193.9320,-0.125418
193.9489,-0.125426
193.9657,-0.125434
193.9820,-0.125442
193.9985,-0.125449
194.0150,-0.125457
194.0319,-0.125465
194.0488,-0.125473
194.0657,-0.125479
194.0817,-0.125484
194.0992,-0.125488
194.1152,-0.125494
194.1316,-0.125500
194.1486,-0.125505
194.1644,-0.125508
194.1816,-0.125511
194.1984,-0.125516
194.2155,-0.125521
194.2317,-0.125527
194.2487,-0.125532
194.2654,-0.125538
194.2812,-0.125542
194.2987,-0.125547
194.3145,-0.125554
194.3311,-0.125561
194.3485,-0.125567
194.3649,-0.125575
194.3814,-0.125583
194.3981,-0.125592
194.4145,-0.125598
194.4316,-0.125604
194.4482,-0.125608
194.4646,-0.125611
194.4818,-0.125617
194.4976,-0.125622
194.5140,-0.125627
194.5312,-0.125632
194.5479,-0.125636
194.5652,-0.125639
194.5814,-0.125643
194.5981,-0.125648
194.6149,-0.125650
194.6320,-0.125654
194.6478,-0.125655
194.6651,-0.125658
194.6812,-0.125661
194.6979,-0.125665
194.7154,-0.125673
194.7309,-0.125681
194.7473,-0.125687
194.7645,-0.125692
194.7818,-0.125697
194.7986,-0.125699
194.8150,-0.125700
194.8317,-0.125702
194.8478,-0.125702
194.8644,-0.125704
194.8812,-0.125705
194.8976,-0.125708
194.9153,-0.125713
194.9319,-0.125717
194.9487,-0.125720
194.9650,-0.125724
194.9814,-0.125727
194.9986,-0.125731
195.0150,-0.125732
195.0319,-0.125733
195.0495,-0.125732
195.0654,-0.125734
195.0821,-0.125736
195.0980,-0.125738
195.1143,-0.125741
195.1319,-0.125745
195.1490,-0.125748
195.1648,-0.125755
195.1814,-0.125762
195.1984,-0.125766
195.2145,-0.125769
195.2317,-0.125771
195.2485,-0.125774
195.2657,-0.125779
195.2822,-0.125785
195.2981,-0.125792
195.3147,-0.125799
195.3323,-0.125803
195.3490,-0.125807
195.3657,-0.125809
195.3829,-0.125812
195.3998,-0.125816
195.4149,-0.125818
195.4321,-0.125820
195.4481,-0.125821
195.4655,-0.125824
195.4827,-0.125827
195.4981,-0.125831
195.5151,-0.125834
195.5310,-0.125838
195.5486,-0.125839
195.5651,-0.125843
195.5814,-0.125847
195.5985,-0.125851
195.6150,-0.125856
195.6313,-0.125861
195.6491,-0.125866
195.6653,-0.125875
195.6823,-0.125883
195.6993,-0.125893
195.7149,-0.125901
195.7321,-0.125907
195.7485,-0.125914
195.7652,-0.125919
195.7824,-0.125923
195.7978,-0.125926
195.8154,-0.125930
195.8319,-0.125938
195.8482,-0.125949
195.8650,-0.125958
195.8821,-0.125968
195.8994,-0.125978
195.9158,-0.125986
195.9324,-0.125992
195.9492,-0.125994
195.9664,-0.125994
195.9828,-0.125993
195.9989,-0.125995
196.0142,-0.125999
196.0322,-0.126004
196.0488,-0.126010
196.0660,-0.126016
196.0825,-0.126023
196.0990,-0.126030
196.1158,-0.126037
196.1322,-0.126042
196.1497,-0.126047
196.1658,-0.126051
196.1826,-0.126056
196.1993,-0.126061
196.2160,-0.126067
196.2334,-0.126073
196.2498,-0.126079
196.2672,-0.126083
196.2826,-0.126088
196.3002,-0.126094
196.3160,-0.126101
196.3326,-0.126107
196.3494,-0.126109
196.3673,-0.126111
196.3830,-0.126113
196.4004,-0.126116
196.4166,-0.126122
196.4314,-0.126127
196.4498,-0.126131
196.4665,-0.126135
196.4832,-0.126140
196.5000,-0.126148
196.5165,-0.126157
196.5331,-0.126163
196.5493,-0.126171
196.5665,-0.126178
196.5835,-0.126186
196.6001,-0.126194
196.6166,-0.126202
196.6340,-0.126209
196.6502,-0.126216
196.6676,-0.126220
196.6831,-0.126224
196.7000,-0.126227
196.7172,-0.126228
196.7335,-0.126229
196.7495,-0.126229
196.7664,-0.126231
196.7835,-0.126235
196.7996,-0.126241
196.8163,-0.126246
196.8332,-0.126251
196.8487,-0.126257
196.8668,-0.126264
196.8827,-0.126270
196.9002,-0.126277
196.9162,-0.126286
196.9327,-0.126296
196.9498,-0.126307
196.9666,-0.126319
196.9833,-0.126332
197.0003,-0.126343
197.0173,-0.126352
197.0333,-0.126357
197.0506,-0.126359
197.0665,-0.126361
197.0834,-0.126365
197.0999,-0.126369
197.1165,-0.126376
197.1328,-0.126383
197.1507,-0.126394
197.1670,-0.126405
197.1839,-0.126415
197.1998,-0.126424
197.2159,-0.126428
197.2331,-0.126432
197.2490,-0.126435
197.2669,-0.126441
197.2829,-0.126446
197.2994,-0.126451
197.3161,-0.126457
197.3330,-0.126465
197.3495,-0.126474
197.3664,-0.126484
197.3826,-0.126493
197.4000,-0.126500
197.4172,-0.126507
197.4330,-0.126513
197.4501,-0.126518
197.4662,-0.126522
197.4827,-0.126524
197.5002,-0.126526
197.5160,-0.126531
197.5334,-0.126535
197.5495,-0.126538
197.5661,-0.126543
197.5830,-0.126546
197.6000,-0.126550
197.6161,-0.126555
197.6330,-0.126561
197.6494,-0.126565
197.6651,-0.126570
197.6824,-0.126576
197.6995,-0.126585
197.7165,-0.126592
197.7322,-0.126600
197.7493,-0.126609
197.7667,-0.126616
197.7832,-0.126621
197.8004,-0.126626
197.8165,-0.126629
197.8335,-0.126632
197.8499,-0.126636
197.8665,-0.126640
197.8831,-0.126645
197.8996,-0.126647
197.9166,-0.126652
197.9331,-0.126656
197.9504,-0.126663
197.9660,-0.126669
197.9829,-0.126677
198.0001,-0.126684
198.0168,-0.126690
198.0334,-0.126695
198.0500,-0.126699
198.0675,-0.126701
198.0834,-0.126702
198.1006,-0.126703
198.1171,-0.126704
198.1342,-0.126708
198.1499,-0.126710
198.1668,-0.126714
198.1844,-0.126716
198.1999,-0.126719
198.2169,-0.126722
198.2339,-0.126725
198.2511,-0.126727
198.2672,-0.126728
198.2836,-0.126730
198.3006,-0.126730
198.3169,-0.126731
198.3342,-0.126733
198.3514,-0.126737
198.3670,-0.126740
198.3834,-0.126746
198.4000,-0.126751
198.4172,-0.126754
198.4345,-0.126756
198.4515,-0.126761
198.4680,-0.126766
198.4840,-0.126768
198.5001,-0.126769
198.5172,-0.126772
198.5344,-0.126777
198.5504,-0.126783
198.5680,-0.126791
198.5841,-0.126799
198.6012,-0.126806
198.6175,-0.126813
198.6347,-0.126821
198.6521,-0.126828
198.6678,-0.126832
198.6843,-0.126835
198.7020,-0.126838
198.7178,-0.126841
198.7355,-0.126846
198.7511,-0.126851
198.7676,-0.126856
198.7841,-0.126861
198.8018,-0.126868
198.8184,-0.126875
198.8344,-0.126882
198.8511,-0.126890
198.8676,-0.126897
198.8844,-0.126905
198.9017,-0.126912
198.9175,-0.126920
198.9354,-0.126928
198.9514,-0.126939
198.9687,-0.126948
198.9844,-0.126957
199.0008,-0.126967
199.0184,-0.126974
199.0351,-0.126981
199.0515,-0.126989
199.0679,-0.126996
199.0844,-0.127002
199.1012,-0.127007
199.1180,-0.127010
199.1342,-0.127016
199.1519,-0.127022
199.1680,-0.127032
199.1852,-0.127041
199.2012,-0.127051
199.2178,-0.127061
199.2346,-0.127069
199.2517,-0.127079
199.2685,-0.127088
199.2851,-0.127097
199.3024,-0.127104
199.3181,-0.127111
199.3350,-0.127118
199.3512,-0.127125
199.3672,-0.127132
199.3852,-0.127137
199.4015,-0.127143
199.4183,-0.127149
199.4346,-0.127159
199.4514,-0.127170
199.4677,-0.127181
199.4847,-0.127189
199.5019,-0.127196
199.5191,-0.127202
199.5357,-0.127209
199.5512,-0.127216
199.5681,-0.127222
199.5852,-0.127225
199.6009,-0.127227
199.6183,-0.127232
199.6339,-0.127239
199.6519,-0.127245
199.6676,-0.127249
199.6839,-0.127253
199.7019,-0.127257
199.7191,-0.127263
199.7345,-0.127270
199.7510,-0.127278
199.7681,-0.127286
199.7848,-0.127294
199.8014,-0.127302
199.8177,-0.127310
199.8345,-0.127316
199.8510,-0.127322
199.8680,-0.127328
199.8845,-0.127331
199.9010,-0.127335
199.9178,-0.127338
199.9350,-0.127344
199.9512,-0.127348
199.9674,-0.127351
199.9845,-0.127355
200.0011,-0.127361
200.0175,-0.127366
200.0340,-0.127373
200.0507,-0.127381
200.0676,-0.127388
200.0843,-0.127393
200.1008,-0.127399
200.1176,-0.127406
200.1339,-0.127411
200.1505,-0.127417
200.1674,-0.127422
200.1839,-0.127428
200.2003,-0.127434
200.2170,-0.127441
200.2350,-0.127448
200.2509,-0.127455
200.2679,-0.127461
200.2851,-0.127467
200.3010,-0.127469
200.3181,-0.127471
200.3353,-0.127472
200.3509,-0.127473
200.3677,-0.127474
200.3835,-0.127476
200.4011,-0.127479
200.4175,-0.127484
200.4342,-0.127489
200.4505,-0.127494
200.4668,-0.127498
200.4841,-0.127504
200.5010,-0.127509
200.5176,-0.127514
200.5341,-0.127518
200.5506,-0.127525
200.5684,-0.127530
200.5835,-0.127535
200.6008,-0.127540
200.6172,-0.127544
200.6342,-0.127549
200.6503,-0.127554
200.6668,-0.127559
200.6839,-0.127566
200.7008,-0.127570
200.7174,-0.127573
200.7338,-0.127578
200.7495,-0.127583
200.7670,-0.127588
200.7843,-0.127593
200.8009,-0.127599
200.8174,-0.127606
200.8341,-0.127609
200.8506,-0.127611
200.8674,-0.127613
200.8844,-0.127615
200.9010,-0.127616
200.9171,-0.127618
200.9341,-0.127619
200.9512,-0.127619
200.9676,-0.127621
200.9844,-0.127622
201.0008,-0.127624
201.0177,-0.127627
201.0343,-0.127627
201.0508,-0.127627
201.0676,-0.127626
201.0839,-0.127627
201.1015,-0.127628
201.1170,-0.127630
201.1346,-0.127632
201.1511,-0.127630
201.1676,-0.127630
201.1842,-0.127627
201.2004,-0.127627
201.2176,-0.127627
201.2340,-0.127628
201.2507,-0.127629
201.2676,-0.127632
201.2840,-0.127636
201.3008,-0.127641
201.3183,-0.127644
201.3339,-0.127649
201.3502,-0.127651
201.3672,-0.127655
201.3842,-0.127658
201.4010,-0.127660
201.4178,-0.127663
201.4344,-0.127663
201.4513,-0.127664
201.4682,-0.127664
201.4849,-0.127665
201.5011,-0.127666
201.5175,-0.127670
201.5342,-0.127674
201.5507,-0.127676
201.5672,-0.127675
201.5842,-0.127676
201.6009,-0.127677
201.6180,-0.127679
201.6341,-0.127680
201.6509,-0.127681
201.6677,-0.127683
201.6846,-0.127684
201.7010,-0.127686
201.7173,-0.127689
201.7337,-0.127692
201.7511,-0.127693
201.7677,-0.127696
201.7843,-0.127700
201.8009,-0.127705
201.8175,-0.127709
201.8344,-0.127714
201.8516,-0.127718
201.8675,-0.127722
201.8846,-0.127727
201.9012,-0.127730
201.9179,-0.127731
201.9350,-0.127734
201.9515,-0.127738
201.9679,-0.127741
201.9845,-0.127744
202.0018,-0.127748
202.0184,-0.127755
202.0347,-0.127762
202.0509,-0.127769
202.0676,-0.127778
202.0854,-0.127787
202.1022,-0.127793
202.1183,-0.127798
202.1354,-0.127805
202.1520,-0.127811
202.1695,-0.127814
202.1851,-0.127820
202.2020,-0.127826
202.2192,-0.127830
202.2359,-0.127836
202.2522,-0.127841
202.2685,-0.127847
202.2854,-0.127853
202.3021,-0.127859
202.3192,-0.127865
202.3355,-0.127873
202.3518,-0.127880
202.3696,-0.127888
202.3858,-0.127893
202.4022,-0.127899
202.4187,-0.127907
202.4361,-0.127913
202.4531,-0.127916
202.4683,-0.127923
202.4854,-0.127931
202.5032,-0.127935
202.5185,-0.127940
202.5349,-0.127943
202.5515,-0.127950
202.5695,-0.127956
202.5860,-0.127962
202.6024,-0.127970
202.6190,-0.127975
202.6359,-0.127979
202.6521,-0.127984
202.6685,-0.127989
202.6848,-0.127996
202.7021,-0.128004
202.7189,-0.128013
202.7352,-0.128023
202.7518,-0.128032
202.7690,-0.128042
202.7853,-0.128052
202.8022,-0.128061
202.8185,-0.128068
202.8348,-0.128075
202.8527,-0.128079
202.8689,-0.128085
202.8857,-0.128090
202.9019,-0.128098
202.9189,-0.128107
202.9352,-0.128113
202.9517,-0.128119
202.9688,-0.128127
202.9857,-0.128132
203.0024,-0.128136
203.0186,-0.128141
203.0357,-0.128145
203.0523,-0.128148
203.0690,-0.128151
203.0857,-0.128155
203.1023,-0.128160
203.1195,-0.128164
203.1352,-0.128168
203.1519,-0.128173
203.1686,-0.128178
203.1858,-0.128185
203.2021,-0.128192
203.2192,-0.128201
203.2355,-0.128210
203.2526,-0.128219
203.2691,-0.128226
203.2860,-0.128230
203.3026,-0.128233
203.3186,-0.128235
203.3353,-0.128238
203.3525,-0.128242
203.3681,-0.128245
203.3855,-0.128251
203.4020,-0.128257
203.4191,-0.128262
203.4353,-0.128268
203.4525,-0.128276
203.4697,-0.128282
203.4856,-0.128286
203.5022,-0.128290
203.5182,-0.128293
203.5350,-0.128298
203.5522,-0.128300
203.5691,-0.128303
203.5858,-0.128307
203.6018,-0.128312
203.6195,-0.128315
203.6352,-0.128320
203.6522,-0.128325
203.6692,-0.128331
203.6857,-0.128336
203.7023,-0.128343
203.7192,-0.128349
203.7355,-0.128354
203.7520,-0.128360
203.7696,-0.128362
203.7860,-0.128362
203.8028,-0.128365
203.8194,-0.128367
203.8363,-0.128370
203.8517,-0.128372
203.8688,-0.128377
203.8855,-0.128382
203.9025,-0.128387
203.9194,-0.128394
203.9364,-0.128401
203.9529,-0.128406
203.9698,-0.128411
203.9860,-0.128415
204.0033,-0.128417
204.0200,-0.128418
204.0358,-0.128419
204.0523,-0.128422
204.0699,-0.128425
204.0855,-0.128426
204.1028,-0.128429
204.1196,-0.128431
204.1365,-0.128436
204.1533,-0.128441
204.1691,-0.128447
204.1854,-0.128454
204.2037,-0.128460
204.2198,-0.128466
204.2364,-0.128473
204.2528,-0.128482
204.2693,-0.128490
204.2861,-0.128497
204.3026,-0.128502
204.3202,-0.128509
204.3358,-0.128515
204.3526,-0.128522
204.3696,-0.128531
204.3859,-0.128537
204.4030,-0.128544
204.4200,-0.128549
204.4380,-0.128552
204.4540,-0.128555
204.4702,-0.128558
204.4870,-0.128558
204.5030,-0.128557
204.5195,-0.128556
204.5361,-0.128557
204.5538,-0.128561
204.5696,-0.128566
204.5862,-0.128572
204.6037,-0.128576
204.6192,-0.128581
204.6371,-0.128585
204.6536,-0.128588
204.6694,-0.128592
204.6862,-0.128595
204.7033,-0.128598
204.7197,-0.128602
204.7370,-0.128607
204.7542,-0.128613
204.7700,-0.128618
204.7870,-0.128622
204.8035,-0.128627
204.8206,-0.128632
204.8372,-0.128636
204.8538,-0.128641
204.8703,-0.128647
204.8863,-0.128652
204.9031,-0.128658
204.9202,-0.128666
204.9367,-0.128677
204.9540,-0.128689
204.9709,-0.128703
204.9872,-0.128713
205.0037,-0.128721
205.0207,-0.128727
205.0378,-0.128733
205.0546,-0.128737
205.0702,-0.128741
205.0875,-0.128742
205.1045,-0.128744
205.1207,-0.128745
205.1373,-0.128745
205.1539,-0.128749
205.1700,-0.128750
205.1867,-0.128753
205.2038,-0.128758
205.2202,-0.128764
205.2379,-0.128771
205.2534,-0.128779
205.2708,-0.128784
205.2872,-0.128788
205.3037,-0.128794
205.3205,-0.128799
205.3376,-0.128807
205.3538,-0.128814
205.3705,-0.128819
205.3869,-0.128823
205.4033,-0.128830
205.4203,-0.128836
205.4367,-0.128841
205.4546,-0.128847
205.4706,-0.128851
205.4878,-0.128855
205.5047,-0.128860
205.5203,-0.128867
205.5378,-0.128873
205.5545,-0.128879
205.5712,-0.128883
205.5874,-0.128887
205.6044,-0.128891
205.6211,-0.128895
205.6370,-0.128896
205.6550,-0.128898
205.6713,-0.128899
205.6881,-0.128900
205.7046,-0.128903
205.7206,-0.128907
205.7377,-0.128910
205.7542,-0.128914
205.7713,-0.128920
205.7876,-0.128927
205.8047,-0.128937
205.8210,-0.128943
205.8371,-0.128950
205.8550,-0.128956
205.8703,-0.128963
205.8883,-0.128973
205.9053,-0.128981
205.9213,-0.128989
205.9383,-0.128996
205.9543,-0.129002
205.9715,-0.129009
205.9876,-0.129017
206.0040,-0.129025
206.0213,-0.129031
206.0379,-0.129037
206.0543,-0.129042
206.0710,-0.129049
206.0883,-0.129056
206.1038,-0.129062
206.1205,-0.129068
206.1376,-0.129073
206.1552,-0.129081
206.1708,-0.129089
206.1884,-0.129096
206.2045,-0.129104
206.2212,-0.129111
206.2382,-0.129118
206.2545,-0.129125
206.2717,-0.129132
206.2882,-0.129140
206.3045,-0.129149
206.3210,-0.129157
206.3367,-0.129166
206.3546,-0.129175
206.3707,-0.129183
206.3886,-0.129192
206.4047,-0.129200
206.4212,-0.129209
206.4382,-0.129218
206.4542,-0.129224
206.4713,-0.129230
206.4876,-0.129239
206.5043,-0.129245
206.5214,-0.129250
206.5377,-0.129256
206.5540,-0.129261
206.5707,-0.129267
206.5871,-0.129272
206.6042,-0.129276
206.6206,-0.129283
206.6375,-0.129290
206.6540,-0.129297
206.6708,-0.129304
206.6880,-0.129311
206.7039,-0.129317
206.7209,-0.129324
206.7377,-0.129329
206.7552,-0.129335
206.7716,-0.129339
206.7874,-0.129344
206.8047,-0.129347
206.8204,-0.129350
206.8372,-0.129354
206.8535,-0.129356
206.8704,-0.129359
206.8873,-0.129361
206.9036,-0.129363
206.9203,-0.129364
206.9365,-0.129368
206.9539,-0.129373
206.9703,-0.129381
206.9865,-0.129390
207.0035,-0.129398
207.0207,-0.129405
207.0383,-0.129408
207.0547,-0.129409
207.0704,-0.129408
207.0875,-0.129406
207.1033,-0.129403
207.1203,-0.129400
207.1361,-0.129399
207.1533,-0.129400
207.1706,-0.129404
207.1870,-0.129409
207.2034,-0.129411
207.2204,-0.129416
207.2375,-0.129419
207.2539,-0.129422
207.2701,-0.129424
207.2877,-0.129428
207.3037,-0.129430
207.3208,-0.129431
207.3380,-0.129431
207.3543,-0.129431
207.3712,-0.129432
207.3865,-0.129431
207.4041,-0.129430
207.4200,-0.129427
207.4366,-0.129427
207.4544,-0.129430
207.4706,-0.129435
207.4879,-0.129437
207.5037,-0.129439
207.5215,-0.129440
207.5375,-0.129441
207.5539,-0.129443
207.5712,-0.129446
207.5883,-0.129450
207.6049,-0.129452
207.6216,-0.129452
207.6381,-0.129451
207.6553,-0.129448
207.6715,-0.129445
207.6886,-0.129442
207.7049,-0.129439
207.7224,-0.129437
207.7386,-0.129435
207.7542,-0.129436
207.7720,-0.129438
207.7894,-0.129440
207.8049,-0.129443
207.8226,-0.129445
207.8397,-0.129448
207.8548,-0.129449
207.8720,-0.129451
207.8889,-0.129455
207.9056,-0.129458
207.9226,-0.129463
207.9393,-0.129469
207.9557,-0.129473
207.9735,-0.129477
207.9902,-0.129480
208.0066,-0.129481
208.0235,-0.129481
208.0401,-0.129482
208.0562,-0.129482
208.0732,-0.129486
208.0898,-0.129491
208.1070,-0.129494
208.1241,-0.129497
208.1407,-0.129502
208.1577,-0.129506
208.1738,-0.129510
208.1890,-0.129511
208.2061,-0.129511
208.2243,-0.129514
208.2403,-0.129518
208.2565,-0.129524
208.2732,-0.129531
208.2901,-0.129538
208.3069,-0.129542
208.3239,-0.129547
208.3408,-0.129553
208.3567,-0.129559
208.3734,-0.129564
208.3898,-0.129569
208.4070,-0.129577
208.4240,-0.129586
208.4405,-0.129594
208.4572,-0.129602
208.4740,-0.129608
208.4908,-0.129613
208.5068,-0.129621
208.5231,-0.129626
208.5400,-0.129631
208.5578,-0.129637
208.5730,-0.129645
208.5911,-0.129655
208.6067,-0.129665
208.6237,-0.129675
208.6406,-0.129686
208.6575,-0.129695
208.6735,-0.129705
208.6904,-0.129715
208.7067,-0.129724
208.7240,-0.129732
208.7405,-0.129741
208.7572,-0.129752
208.7735,-0.129764
208.7901,-0.129775
208.8071,-0.129785
208.8234,-0.129794
208.8407,-0.129802
208.8568,-0.129809
208.8736,-0.129818
208.8907,-0.129825
208.9067,-0.129835
208.9232,-0.129846
208.9400,-0.129858
208.9565,-0.129871
208.9731,-0.129886
208.9907,-0.129899
209.0070,-0.129911
209.0229,-0.129922
209.0399,-0.129932
209.0565,-0.129941
209.0735,-0.129950
209.0897,-0.129958
209.1066,-0.129967
209.1232,-0.129978
209.1399,-0.129989
209.1563,-0.130002
209.1728,-0.130015
209.1901,-0.130026
209.2066,-0.130036
209.2228,-0.130046
209.2398,-0.130054
209.2566,-0.130063
209.2733,-0.130070
209.2897,-0.130076
209.3057,-0.130084
209.3220,-0.130092
209.3397,-0.130099
209.3565,-0.130105
209.3726,-0.130113
209.3890,-0.130121
209.4051,-0.130130
209.4220,-0.130136
209.4386,-0.130143
209.4555,-0.130149
209.4727,-0.130154
209.4879,-0.130159
209.5048,-0.130166
209.5220,-0.130174
209.5382,-0.130180
209.5542,-0.130188
209.5721,-0.130197
209.5886,-0.130203
209.6058,-0.130208
209.6217,-0.130213
209.6387,-0.130219
209.6546,-0.130221
209.6716,-0.130224
209.6880,-0.130227
209.7054,-0.130230
209.7221,-0.130235
209.7381,-0.130238
209.7555,-0.130240
209.7722,-0.130243
209.7886,-0.130245
209.8053,-0.130245
209.8217,-0.130246
209.8384,-0.130247
209.8550,-0.130248
209.8714,-0.130250
209.8878,-0.130252
209.9051,-0.130253
209.9213,-0.130255
209.9386,-0.130256
209.9546,-0.130260
209.9713,-0.130267
209.9880,-0.130272
210.0057,-0.130278
210.0209,-0.130281
210.0387,-0.130284
210.0554,-0.130286
210.0715,-0.130288
210.0889,-0.130289
210.1056,-0.130289
210.1216,-0.130288
210.1385,-0.130285
210.1555,-0.130285
210.1722,-0.130282
210.1886,-0.130281
210.2051,-0.130280
210.2220,-0.130277
210.2381,-0.130277
210.2546,-0.130277
210.2722,-0.130277
210.2885,-0.130280
210.3053,-0.130283
210.3217,-0.130287
210.3387,-0.130290
210.3553,-0.130291
210.3724,-0.130293
210.3886,-0.130295
210.4055,-0.130297
210.4219,-0.130300
210.4391,-0.130301
210.4558,-0.130301
210.4729,-0.130301
210.4901,-0.130303
210.5057,-0.130305
210.5234,-0.130307
210.5392,-0.130308
210.5562,-0.130310
210.5726,-0.130314
210.5883,-0.130318
210.6052,-0.130324
210.6223,-0.130331
210.6389,-0.130340
210.6566,-0.130349
210.6719,-0.130358
210.6895,-0.130367
210.7053,-0.130374
210.7223,-0.130380
210.7392,-0.130381
210.7562,-0.130384
210.7718,-0.130382
210.7886,-0.130380
210.8050,-0.130380
210.8216,-0.130381
210.8386,-0.130383
210.8550,-0.130386
210.8720,-0.130392
210.8895,-0.130398
210.9057,-0.130404
210.9224,-0.130411
210.9384,-0.130419
210.9558,-0.130425
210.9716,-0.130430
210.9888,-0.130435
211.0055,-0.130443
211.0221,-0.130450
211.0382,-0.130456
211.0550,-0.130463
211.0723,-0.130464
211.0891,-0.130468
211.1050,-0.130471
211.1225,-0.130473
211.1393,-0.130476
211.1557,-0.130480
211.1718,-0.130484
211.1879,-0.130489
211.2054,-0.130495
211.2218,-0.130501
211.2394,-0.130509
211.2554,-0.130516
211.2723,-0.130521
211.2897,-0.130524
211.3056,-0.130525
211.3225,-0.130527
211.3389,-0.130526
211.3556,-0.130525
211.3722,-0.130524
211.3889,-0.130526
211.4055,-0.130526
211.4222,-0.130526
211.4389,-0.130529
211.4561,-0.130531
211.4729,-0.130533
211.4892,-0.130538
211.5054,-0.130543
211.5225,-0.130547
211.5391,-0.130551
211.5561,-0.130555
211.5735,-0.130561
211.5898,-0.130566
211.6059,-0.130573
211.6226,-0.130577
211.6394,-0.130582
211.6565,-0.130585
211.6728,-0.130588
211.6900,-0.130591
211.7070,-0.130594
211.7234,-0.130597
211.7396,-0.130600
211.7561,-0.130602
211.7729,-0.130602
211.7889,-0.130605
211.8061,-0.130607
211.8218,-0.130609
211.8389,-0.130615
211.8555,-0.130620
211.8721,-0.130626
211.8886,-0.130631
211.9059,-0.130638
211.9230,-0.130641
211.9393,-0.130648
211.9557,-0.130655
211.9727,-0.130661
211.9894,-0.130665
212.0059,-0.130669
212.0227,-0.130673
212.0395,-0.130681
212.0560,-0.130688
212.0724,-0.130696
212.0896,-0.130703
212.1060,-0.130709
212.1228,-0.130714
212.1396,-0.130720
212.1564,-0.130725
212.1729,-0.130732
212.1891,-0.130740
212.2061,-0.130747
212.2232,-0.130752
212.2392,-0.130757
212.2572,-0.130763
212.2728,-0.130768
212.2892,-0.130771
212.3063,-0.130773
212.3225,-0.130777
212.3386,-0.130780
212.3562,-0.130786
212.3725,-0.130793
212.3888,-0.130802
212.4059,-0.130813
212.4229,-0.130826
212.4397,-0.130838
212.4564,-0.130851
212.4726,-0.130862
212.4897,-0.130870
212.5060,-0.130878
212.5233,-0.130884
212.5394,-0.130890
212.5568,-0.130895
212.5729,-0.130900
212.5900,-0.130904
212.6060,-0.130907
212.6228,-0.130910
212.6392,-0.130912
212.6565,-0.130914
212.6721,-0.130917
212.6900,-0.130920
212.7063,-0.130926
212.7229,-0.130933
212.7388,-0.130942
212.7558,-0.130954
212.7722,-0.130964
212.7899,-0.130972
212.8064,-0.130981
212.8228,-0.130989
212.8400,-0.130995
212.8562,-0.130997
212.8724,-0.130996
212.8894,-0.130997
212.9056,-0.130999
212.9218,-0.131002
212.9394,-0.131009
212.9556,-0.131014
212.9724,-0.131020
212.9894,-0.131027
213.0066,-0.131036
213.0227,-0.131043
213.0381,-0.131049
213.0557,-0.131054
213.0719,-0.131059
213.0880,-0.131065
213.1056,-0.131070
213.1225,-0.131077
213.1386,-0.131083
213.1551,-0.131089
213.1722,-0.131096
213.1896,-0.131101
213.2056,-0.131108
213.2214,-0.131116
213.2390,-0.131126
213.2556,-0.131135
213.2719,-0.131141
213.2888,-0.131151
213.3049,-0.131158
213.3223,-0.131164
213.3391,-0.131169
213.3553,-0.131174
213.3725,-0.131178
213.3880,-0.131183
213.4053,-0.131188
213.4230,-0.131192
213.4383,-0.131195
213.4555,-0.131199
213.4725,-0.131204
213.4879,-0.131207
213.5049,-0.131211
213.5215,-0.131216
213.5391,-0.131219
213.5557,-0.131223
213.5719,-0.131228
213.5894,-0.131234
213.6053,-0.131239
213.6222,-0.131246
213.6391,-0.131251
213.6554,-0.131257
213.6729,-0.131262
213.6891,-0.131268
213.7053,-0.131274
213.7221,-0.131277
213.7388,-0.131278
213.7555,-0.131278
213.7723,-0.131281
213.7890,-0.131284
213.8053,-0.131286
213.8224,-0.131289
213.8392,-0.131292
213.8558,-0.131297
213.8723,-0.131303
213.8886,-0.131311
213.9058,-0.131315
213.9217,-0.131315
213.9396,-0.131316
213.9565,-0.131318
213.9727,-0.131321
213.9888,-0.131322
214.0051,-0.131323
214.0226,-0.131325
214.0388,-0.131330
214.0561,-0.131333
214.0722,-0.131338
214.0892,-0.131342
214.1057,-0.131345
214.1226,-0.131346
214.1395,-0.131348
214.1555,-0.131352
214.1724,-0.131354
214.1895,-0.131355
214.2053,-0.131360
214.2230,-0.131364
214.2391,-0.131368
214.2556,-0.131371
214.2723,-0.131373
214.2889,-0.131374
214.3060,-0.131374
214.3223,-0.131373
214.3391,-0.131375
214.3556,-0.131378
214.3724,-0.131381
214.3891,-0.131385
214.4059,-0.131389
214.4224,-0.131395
214.4398,-0.131402
214.4562,-0.131408
214.4731,-0.131414
214.4895,-0.131418
214.5060,-0.131422
214.5232,-0.131427
214.5397,-0.131429
214.5558,-0.131432
214.5733,-0.131435
214.5894,-0.131439
214.6062,-0.131444
214.6226,-0.131449
214.6397,-0.131454
214.6564,-0.131458
214.6737,-0.131460
214.6897,-0.131461
214.7068,-0.131464
214.7231,-0.131467
214.7401,-0.131469
214.7566,-0.131471
214.7728,-0.131475
214.7902,-0.131479
214.8072,-0.131485
214.8230,-0.131491
214.8397,-0.131499
214.8569,-0.131505
214.8729,-0.131510
214.8904,-0.131515
214.9066,-0.131519
214.9227,-0.131525
214.9396,-0.131530
214.9560,-0.131534
214.9737,-0.131540
214.9901,-0.131547
215.0066,-0.131554
215.0236,-0.131559
215.0400,-0.131563
215.0564,-0.131567
215.0737,-0.131572
215.0905,-0.131578
215.1066,-0.131583
215.1229,-0.131588
215.1403,-0.131594
215.1571,-0.131600
215.1740,-0.131605
215.1903,-0.131611
215.2075,-0.131617
215.2230,-0.131624
215.2405,-0.131631
215.2564,-0.131636
215.2737,-0.131640
215.2907,-0.131645
215.3064,-0.131651
215.3242,-0.131658
215.3404,-0.131664
215.3560,-0.131670
215.3740,-0.131675
215.3906,-0.131681
215.4073,-0.131688
215.4229,-0.131695
215.4399,-0.131701
215.4565,-0.131706
215.4738,-0.131711
215.4904,-0.131717
215.5069,-0.131724
215.5224,-0.131731
215.5402,-0.131737
215.5561,-0.131742
215.5736,-0.131748
215.5900,-0.131755
215.6063,-0.131763
215.6224,-0.131770
215.6403,-0.131777
215.6567,-0.131784
215.6741,-0.131792
215.6898,-0.131801
215.7062,-0.131808
215.7226,-0.131814
215.7399,-0.131818
215.7569,-0.131823
215.7738,-0.131827
215.7895,-0.131832
215.8066,-0.131840
215.8230,-0.131844
215.8393,-0.131849
215.8564,-0.131854
215.8731,-0.131858
215.8905,-0.131863
215.9062,-0.131868
215.9233,-0.131874
215.9394,-0.131880
215.9554,-0.131886
215.9738,-0.131891
215.9892,-0.131898
216.0071,-0.131904
216.0233,-0.131908
216.0401,-0.131912
216.0571,-0.131915
216.0734,-0.131919
216.0896,-0.131922
216.1061,-0.131925
216.1231,-0.131930
216.1399,-0.131935
216.1564,-0.131939
216.1739,-0.131941
216.1900,-0.131944
216.2066,-0.131945
216.2231,-0.131950
216.2400,-0.131956
216.2563,-0.131961
216.2733,-0.131966
216.2905,-0.131972
216.3070,-0.131976
216.3241,-0.131981
216.3401,-0.131985
216.3568,-0.131990
216.3734,-0.131995
216.3898,-0.132000
216.4067,-0.132007
216.4237,-0.132014
216.4397,-0.132021
216.4574,-0.132024
216.4741,-0.132028
216.4899,-0.132030
216.5069,-0.132035
216.5235,-0.132034
216.5398,-0.132032
216.5564,-0.132032
216.5732,-0.132031
216.5899,-0.132033
216.6065,-0.132038
216.6225,-0.132043
216.6400,-0.132050
216.6567,-0.132059
216.6740,-0.132065
216.6907,-0.132069
216.7064,-0.132074
216.7233,-0.132077
216.7403,-0.132081
216.7558,-0.132086
216.7737,-0.132091
216.7897,-0.132098
216.8069,-0.132102
216.8234,-0.132108
216.8396,-0.132116
216.8570,-0.132123
216.8734,-0.132130
216.8898,-0.132136
216.9065,-0.132141
216.9237,-0.132142
216.9409,-0.132145
216.9568,-0.132149
216.9735,-0.132152
216.9901,-0.132155
217.0074,-0.132158
217.0236,-0.132161
217.0406,-0.132165
217.0567,-0.132170
217.0742,-0.132175
217.0907,-0.132179
217.1071,-0.132183
217.1236,-0.132187
217.1406,-0.132189
217.1572,-0.132190
217.1736,-0.132192
217.1908,-0.132196
217.2075,-0.132201
217.2245,-0.132204
217.2405,-0.132206
217.2577,-0.132211
217.2747,-0.132215
217.2903,-0.132220
217.3076,-0.132225
217.3242,-0.132228
217.3415,-0.132231
217.3579,-0.132233
217.3744,-0.132237
217.3906,-0.132241
217.4081,-0.132246
217.4239,-0.132251
217.4413,-0.132258
217.4574,-0.132265
217.4742,-0.132275
217.4917,-0.132283
217.5085,-0.132290
217.5256,-0.132296
217.5417,-0.132301
217.5580,-0.132308
217.5749,-0.132310
217.5922,-0.132312
217.6082,-0.132314
217.6259,-0.132317
217.6417,-0.132319
217.6572,-0.132322
217.6749,-0.132326
217.6914,-0.132332
217.7090,-0.132338
217.7243,-0.132346
217.7416,-0.132355
217.7576,-0.132363
217.7749,-0.132369
217.7917,-0.132376
217.8068,-0.132385
217.8245,-0.132390
217.8416,-0.132397
217.8587,-0.132403
217.8750,-0.132411
217.8919,-0.132418
217.9077,-0.132425
217.9247,-0.132430
217.9411,-0.132435
217.9585,-0.132438
217.9748,-0.132442
217.9917,-0.132448
218.0081,-0.132453
218.0244,-0.132461
218.0408,-0.132470
218.0583,-0.132479
218.0747,-0.132488
218.0918,-0.132497
218.1077,-0.132505
218.1254,-0.132511
218.1409,-0.132514
218.1587,-0.132515
218.1748,-0.132516
218.1915,-0.132517
218.2081,-0.132521
218.2242,-0.132526
218.2412,-0.132533
218.2580,-0.132539
218.2744,-0.132545
218.2908,-0.132549
218.3081,-0.132552
218.3251,-0.132556
218.3407,-0.132561
218.3574,-0.132564
218.3747,-0.132569
218.3904,-0.132573
218.4086,-0.132579
218.4241,-0.132587
218.4407,-0.132595
218.4585,-0.132602
218.4749,-0.132612
218.4913,-0.132618
218.5081,-0.132625
218.5243,-0.132631
218.5409,-0.132637
218.5585,-0.132642
218.5752,-0.132644
218.5911,-0.132649
218.6080,-0.132655
218.6247,-0.132661
218.6411,-0.132665
218.6575,-0.132669
218.6750,-0.132674
218.6912,-0.132677
218.7083,-0.132679
218.7258,-0.132682
218.7416,-0.132685
218.7577,-0.132689
218.7751,-0.132694
218.7912,-0.132698
218.8086,-0.132704
218.8251,-0.132708
218.8418,-0.132712
218.8585,-0.132718
218.8748,-0.132724
218.8914,-0.132728
218.9082,-0.132732
218.9247,-0.132736
218.9417,-0.132741
218.9585,-0.132745
218.9749,-0.132749
218.9912,-0.132752
219.0091,-0.132755
219.0253,-0.132757
219.0414,-0.132759
219.0572,-0.132762
219.0746,-0.132765
219.0912,-0.132770
219.1074,-0.132774
219.1257,-0.132780
219.1420,-0.132786
219.1579,-0.132790
219.1753,-0.132795
219.1909,-0.132801
219.2081,-0.132805
219.2256,-0.132811
219.2419,-0.132814
219.2583,-0.132818
219.2754,-0.132822
219.2918,-0.132828
219.3087,-0.132831
219.3246,-0.132835
219.3419,-0.132837
219.3580,-0.132840
219.3748,-0.132844
219.3914,-0.132847
219.4090,-0.132852
219.4250,-0.132856
219.4413,-0.132862
219.4582,-0.132867
219.4752,-0.132873
219.4914,-0.132878
219.5084,-0.132883
219.5255,-0.132885
219.5414,-0.132886
219.5581,-0.132890
219.5759,-0.132894
219.5917,-0.132898
219.6086,-0.132904
219.6250,-0.132911
219.6424,-0.132918
219.6591,-0.132924
219.6759,-0.132932
219.6929,-0.132939
219.7095,-0.132946
219.7261,-0.132950
219.7423,-0.132956
219.7591,-0.132960
219.7761,-0.132964
219.7922,-0.132967
219.8086,-0.132970
219.8263,-0.132971
219.8413,-0.132970
219.8593,-0.132969
219.8763,-0.132972
219.8922,-0.132976
219.9087,-0.132980
219.9250,-0.132988
219.9425,-0.132997
219.9598,-0.133005
219.9764,-0.133013
219.9928,-0.133021
220.0097,-0.133028
220.0268,-0.133033
220.0430,-0.133035
220.0603,-0.133040
220.0760,-0.133045
220.0926,-0.133051
220.1089,-0.133055
220.1261,-0.133062
220.1429,-0.133066
220.1586,-0.133069
220.1763,-0.133076
220.1923,-0.133082
220.2089,-0.133086
220.2255,-0.133092
220.2421,-0.133098
220.2591,-0.133105
220.2757,-0.133114
220.2924,-0.133122
220.3091,-0.133129
220.3253,-0.133137
220.3431,-0.133148
220.3599,-0.133156
220.3761,-0.133163
220.3926,-0.133169
220.4100,-0.133174
220.4268,-0.133179
220.4423,-0.133187
220.4586,-0.133193
220.4756,-0.133200
220.4919,-0.133207
220.5090,-0.133214
220.5259,-0.133221
220.5418,-0.133230
220.5591,-0.133239
220.5759,-0.133247
220.5919,-0.133254
220.6087,-0.133259
220.6259,-0.133264
220.6424,-0.133269
220.6597,-0.133273
220.6752,-0.133277
220.6924,-0.133281
220.7090,-0.133284
220.7251,-0.133288
220.7427,-0.133294
220.7587,-0.133301
220.7750,-0.133308
220.7921,-0.133315
220.8089,-0.133322
220.8261,-0.133330
220.8427,-0.133338
220.8587,-0.133344
220.8755,-0.133350
220.8922,-0.133353
220.9087,-0.133356
220.9268,-0.133360
220.9416,-0.133364
220.9588,-0.133370
220.9751,-0.133375
220.9924,-0.133383
221.0092,-0.133390
221.0254,-0.133398
221.0424,-0.133406
221.0583,-0.133412
221.0755,-0.133415
221.0916,-0.133417
221.1099,-0.133421
221.1256,-0.133424
221.1418,-0.133430
221.1589,-0.133438
221.1757,-0.133445
221.1925,-0.133452
221.2088,-0.133460
221.2262,-0.133467
221.2429,-0.133470
221.2585,-0.133471
221.2761,-0.133470
221.2927,-0.133470
221.3098,-0.133468
221.3253,-0.133469
221.3422,-0.133469
221.3585,-0.133469
221.3759,-0.133471
221.3918,-0.133477
221.4090,-0.133485
221.4251,-0.133490
221.4426,-0.133494
221.4591,-0.133498
221.4755,-0.133501
221.4915,-0.133505
221.5090,-0.133509
221.5257,-0.133513
221.5422,-0.133514
221.5593,-0.133515
221.5760,-0.133517
221.5914,-0.133520
221.6089,-0.133523
221.6248,-0.133529
221.6420,-0.133533
221.6591,-0.133538
221.6747,-0.133543
221.6916,-0.133551
221.7085,-0.133558
221.7250,-0.133564
221.7416,-0.133569
221.7581,-0.133573
221.7755,-0.133577
221.7916,-0.133581
221.8091,-0.133584
221.8245,-0.133586
221.8422,-0.133589
221.8583,-0.133593
221.8747,-0.133598
221.8915,-0.133602
221.9089,-0.133605
221.9252,-0.133608
221.9421,-0.133613
221.9595,-0.133617
221.9747,-0.133620
221.9911,-0.133621
222.0087,-0.133619
222.0254,-0.133618
222.0418,-0.133617
222.0586,-0.133619
222.0753,-0.133621
222.0913,-0.133623
222.1084,-0.133624
222.1253,-0.133626
222.1419,-0.133627
222.1590,-0.133632
222.1758,-0.133637
222.1919,-0.133639
222.2088,-0.133640
222.2258,-0.133641
222.2424,-0.133643
222.2591,-0.133643
222.2756,-0.133644
222.2921,-0.133648
222.3085,-0.133651
222.3253,-0.133653
222.3419,-0.133656
222.3589,-0.133659
222.3753,-0.133665
222.3929,-0.133669
222.4093,-0.133672
222.4270,-0.133674
222.4435,-0.133676
222.4595,-0.133677
222.4763,-0.133679
222.4929,-0.133682
222.5090,-0.133684
222.5267,-0.133687
222.5423,-0.133692
222.5607,-0.133697
222.5763,-0.133701
222.5933,-0.133703
222.6094,-0.133704
222.6268,-0.133706
222.6430,-0.133706
222.6595,-0.133708
222.6767,-0.133710
222.6932,-0.133711
222.7103,-0.133714
222.7268,-0.133720
222.7432,-0.133725
222.7600,-0.133732
222.7771,-0.133738
222.7940,-0.133740
222.8100,-0.133742
222.8265,-0.133746
222.8440,-0.133751
222.8604,-0.133756
222.8773,-0.133759
222.8931,-0.133761
222.9099,-0.133765
222.9271,-0.133767
222.9441,-0.133769
222.9599,-0.133774
222.9774,-0.133779
222.9939,-0.133784
223.0100,-0.133790
223.0267,-0.133799
223.0442,-0.133807
223.0604,-0.133816
223.0772,-0.133823
223.0937,-0.133833
223.1105,-0.133843
223.1269,-0.133850
223.1441,-0.133859
223.1609,-0.133865
223.1773,-0.133869
223.1943,-0.133874
223.2101,-0.133878
223.2272,-0.133880
223.2439,-0.133884
223.2611,-0.133890
223.2773,-0.133894
223.2937,-0.133901
223.3106,-0.133906
223.3276,-0.133913
223.3445,-0.133919
223.3606,-0.133926
223.3779,-0.133934
223.3945,-0.133941
223.4108,-0.133948
223.4276,-0.133954
223.4446,-0.133960
223.4600,-0.133967
223.4774,-0.133974
223.4942,-0.133979
223.5100,-0.133983
223.5272,-0.133987
223.5443,-0.133992
223.5606,-0.133999
223.5774,-0.134006
223.5933,-0.134016
223.6105,-0.134025
223.6272,-0.134035
223.6451,-0.134044
223.6603,-0.134052
223.6775,-0.134058
223.6939,-0.134061
223.7109,-0.134064
223.7275,-0.134065
223.7443,-0.134068
223.7608,-0.134072
223.7775,-0.134078
223.7940,-0.134084
223.8113,-0.134091
223.8278,-0.134099
223.8448,-0.134107
223.8607,-0.134114
223.8768,-0.134123
223.8940,-0.134130
223.9108,-0.134135
223.9266,-0.134141
223.9444,-0.134147
223.9608,-0.134154
223.9776,-0.134161
223.9940,-0.134171
224.0111,-0.134182
224.0271,-0.134189
224.0441,-0.134198
224.0607,-0.134208
224.0770,-0.134214
224.0939,-0.134223
224.1108,-0.134230
224.1277,-0.134235
224.1436,-0.134239
224.1605,-0.134244
224.1772,-0.134246
224.1939,-0.134249
224.2098,-0.134252
224.2276,-0.134256
224.2447,-0.134260
224.2601,-0.134268
224.2772,-0.134273
224.2937,-0.134280
224.3104,-0.134285
224.3275,-0.134292
224.3447,-0.134300
224.3609,-0.134309
224.3781,-0.134317
224.3939,-0.134324
224.4101,-0.134330
224.4272,-0.134334
224.4445,-0.134338
224.4608,-0.134344
224.4778,-0.134350
224.4938,-0.134353
224.5102,-0.134358
224.5276,-0.134361
224.5450,-0.134366
224.5617,-0.134368
224.5771,-0.134369
224.5947,-0.134367
224.6111,-0.134365
224.6277,-0.134363
224.6442,-0.134362
224.6608,-0.134362
224.6773,-0.134363
224.6942,-0.134365
224.7120,-0.134371
224.7286,-0.134377
224.7450,-0.134382
224.7613,-0.134388
224.7783,-0.134395
224.7956,-0.134401
224.8114,-0.134408
224.8286,-0.134414
224.8453,-0.134419
224.8615,-0.134421
224.8785,-0.134423
224.8949,-0.134426
224.9117,-0.134429
224.9281,-0.134432
224.9447,-0.134434
224.9616,-0.134438
224.9792,-0.134442
224.9953,-0.134446
225.0115,-0.134451
225.0280,-0.134455
225.0451,-0.134459
225.0624,-0.134461
225.0788,-0.134467
225.0957,-0.134474
225.1124,-0.134480
225.1288,-0.134484
225.1452,-0.134487
225.1625,-0.134489
225.1792,-0.134493
225.1953,-0.134496
225.2126,-0.134500
225.2291,-0.134507
225.2455,-0.134512
225.2628,-0.134516
225.2794,-0.134524
225.2955,-0.134532
225.3131,-0.134541
225.3286,-0.134548
225.3459,-0.134553
225.3626,-0.134559
225.3800,-0.134563
225.3965,-0.134566
225.4131,-0.134569
225.4302,-0.134572
225.4462,-0.134576
225.4627,-0.134581
225.4793,-0.134586
225.4960,-0.134591
225.5131,-0.134597
225.5300,-0.134605
225.5466,-0.134612
225.5631,-0.134619
225.5795,-0.134627
225.5968,-0.134633
225.6141,-0.134640
225.6304,-0.134648
225.6471,-0.134653
225.6631,-0.134658
225.6801,-0.134662
225.6965,-0.134666
225.7134,-0.134674
225.7300,-0.134682
225.7469,-0.134688
225.7633,-0.134694
225.7802,-0.134699
225.7982,-0.134705
225.8141,-0.134709
225.8301,-0.134712
225.8471,-0.134718
225.8637,-0.134721
225.8807,-0.134727
225.8973,-0.134736
225.9144,-0.134746
225.9313,-0.134755
225.9482,-0.134765
225.9641,-0.134774
225.9805,-0.134784
225.9974,-0.134792
226.0135,-0.134798
226.0309,-0.134803
226.0467,-0.134807
226.0648,-0.134810
226.0814,-0.134811
226.0972,-0.134814
226.1140,-0.134818
226.1304,-0.134824
226.1468,-0.134831
226.1637,-0.134840
226.1805,-0.134853
226.1979,-0.134867
226.2143,-0.134881
226.2313,-0.134894
226.2485,-0.134902
226.2655,-0.134907
226.2828,-0.134909
226.2982,-0.134912
226.3144,-0.134912
226.3315,-0.134916
226.3475,-0.134919
226.3648,-0.134924
226.3808,-0.134931
226.3986,-0.134938
226.4157,-0.134946
226.4317,-0.134953
226.4477,-0.134958
226.4649,-0.134962
226.4813,-0.134964
226.4976,-0.134968
226.5144,-0.134976
226.5309,-0.134984
226.5476,-0.134993
226.5645,-0.135003
226.5819,-0.135014
226.5981,-0.135025
226.6157,-0.135034
226.6322,-0.135040
226.6487,-0.135043
226.6644,-0.135048
226.6821,-0.135051
226.6984,-0.135055
226.7152,-0.135060
226.7320,-0.135066
226.7483,-0.135073
226.7647,-0.135081
226.7817,-0.135088
226.7984,-0.135095
226.8154,-0.135104
226.8315,-0.135112
226.8488,-0.135120
226.8652,-0.135126
226.8820,-0.135134
226.8991,-0.135142
226.9156,-0.135155
226.9322,-0.135166
226.9484,-0.135178
226.9659,-0.135186
226.9820,-0.135193
226.9993,-0.135200
227.0166,-0.135209
227.0322,-0.135218
227.0498,-0.135225
227.0663,-0.135232
227.0827,-0.135236
227.1002,-0.135242
227.1159,-0.135248
227.1334,-0.135254
227.1496,-0.135260
227.1657,-0.135266
227.1829,-0.135270
227.1994,-0.135276
227.2161,-0.135283
227.2327,-0.135291
227.2502,-0.135300
227.2666,-0.135307
227.2831,-0.135313
227.2997,-0.135321
227.3167,-0.135329
227.3341,-0.135336
227.3493,-0.135343
227.3658,-0.135352
227.3827,-0.135361
227.3999,-0.135369
227.4172,-0.135376
227.4334,-0.135385
227.4501,-0.135397
227.4659,-0.135406
227.4831,-0.135415
227.4995,-0.135423
227.5168,-0.135432
227.5337,-0.135437
227.5497,-0.135444
227.5670,-0.135449
227.5835,-0.135452
227.5996,-0.135453
227.6161,-0.135458
227.6329,-0.135465
227.6497,-0.135470
227.6666,-0.135476
227.6826,-0.135484
227.7000,-0.135491
227.7164,-0.135497
227.7320,-0.135500
227.7495,-0.135504
227.7664,-0.135506
227.7831,-0.135509
227.7995,-0.135514
227.8161,-0.135519
227.8327,-0.135525
227.8495,-0.135533
227.8657,-0.135543
227.8832,-0.135554
227.9000,-0.135565
227.9165,-0.135575
227.9329,-0.135582
227.9497,-0.135589
227.9669,-0.135594
227.9832,-0.135598
228.0004,-0.135600
228.0160,-0.135601
228.0338,-0.135604
228.0494,-0.135606
228.0665,-0.135607
228.0840,-0.135611
228.1004,-0.135614
228.1178,-0.135618
228.1333,-0.135622
228.1505,-0.135625
228.1671,-0.135627
228.1839,-0.135630
228.2003,-0.135634
228.2174,-0.135640
228.2335,-0.135644
228.2499,-0.135647
228.2673,-0.135650
228.2833,-0.135651
228.3008,-0.135653
228.3171,-0.135654
228.3334,-0.135653
228.3504,-0.135653
228.3667,-0.135654
228.3833,-0.135657
228.4003,-0.135661
228.4167,-0.135666
228.4326,-0.135674
228.4502,-0.135677
228.4670,-0.135680
228.4834,-0.135684
228.4998,-0.135689
228.5166,-0.135694
228.5330,-0.135699
228.5500,-0.135702
228.5663,-0.135708
228.5839,-0.135713
228.6008,-0.135720
228.6175,-0.135726
228.6335,-0.135729
228.6499,-0.135733
228.6661,-0.135737
228.6832,-0.135740
228.6999,-0.135742
228.7162,-0.135744
228.7334,-0.135747
228.7504,-0.135753
228.7670,-0.135759
228.7826,-0.135766
228.8004,-0.135773
228.8167,-0.135776
228.8341,-0.135778
228.8506,-0.135781
228.8666,-0.135784
228.8828,-0.135786
228.8998,-0.135789
228.9174,-0.135789
228.9337,-0.135796
228.9505,-0.135803
228.9669,-0.135810
228.9837,-0.135818
228.9999,-0.135824
229.0176,-0.135830
229.0342,-0.135836
229.0503,-0.135841
229.0664,-0.135846
229.0838,-0.135850
229.0997,-0.135853
229.1174,-0.135856
229.1325,-0.135859
229.1503,-0.135863
229.1663,-0.135869
229.1836,-0.135877
229.1994,-0.135884
229.2162,-0.135889
229.2334,-0.135893
229.2501,-0.135895
229.2665,-0.135894
229.2831,-0.135897
229.2983,-0.135898
229.3155,-0.135901
229.3317,-0.135906
229.3496,-0.135912
229.3661,-0.135921
229.3827,-0.135931
229.3993,-0.135938
229.4160,-0.135946
229.4319,-0.135951
229.4497,-0.135955
229.4669,-0.135958
229.4830,-0.135962
229.4995,-0.135964
229.5158,-0.135966
229.5324,-0.135968
229.5496,-0.135970
229.5659,-0.135975
229.5817,-0.135982
229.5986,-0.135991
229.6159,-0.135998
229.6325,-0.136005
229.6490,-0.136013
229.6651,-0.136020
229.6828,-0.136027
229.6993,-0.136034
229.7162,-0.136041
229.7327,-0.136044
229.7498,-0.136048
229.7658,-0.136050
229.7825,-0.136053
229.7997,-0.136054
229.8158,-0.136056
229.8321,-0.136058
229.8491,-0.136062
229.8656,-0.136068
229.8821,-0.136075
229.8984,-0.136083
229.9162,-0.136092
229.9324,-0.136099
229.9489,-0.136105
229.9654,-0.136110
229.9821,-0.136113
229.9986,-0.136114
230.0164,-0.136115
230.0324,-0.136118
230.0489,-0.136121
230.0652,-0.136123
230.0813,-0.136125
230.0990,-0.136127
230.1155,-0.136128
230.1322,-0.136129
230.1480,-0.136131
230.1651,-0.136133
230.1818,-0.136134
230.1980,-0.136135
230.2147,-0.136137
230.2315,-0.136140
230.2487,-0.136143
230.2647,-0.136145
230.2814,-0.136148
230.2985,-0.136150
230.3140,-0.136153
230.3323,-0.136156
230.3484,-0.136162
230.3659,-0.136169
230.3823,-0.136175
230.3976,-0.136181
230.4148,-0.136184
230.4318,-0.136185
230.4484,-0.136187
230.4654,-0.136190
230.4805,-0.136192
230.4986,-0.136193
230.5148,-0.136193
230.5312,-0.136195
230.5477,-0.136198
230.5645,-0.136202
230.5810,-0.136206
230.5972,-0.136210
230.6145,-0.136215
230.6311,-0.136220
230.6481,-0.136222
230.6642,-0.136222
230.6814,-0.136223
230.6983,-0.136223
230.7148,-0.136225
230.7305,-0.136228
230.7478,-0.136233
230.7638,-0.136237
230.7811,-0.136242
230.7975,-0.136247
230.8141,-0.136252
230.8308,-0.136257
230.8469,-0.136261
230.8633,-0.136263
230.8803,-0.136267
230.8971,-0.136270
230.9136,-0.136273
230.9307,-0.136277
230.9468,-0.136282
230.9637,-0.136286
230.9803,-0.136292
230.9963,-0.136298
231.0133,-0.136304
231.0303,-0.136311
231.0458,-0.136318
231.0632,-0.136324
231.0803,-0.136329
231.0960,-0.136333
231.1129,-0.136338
231.1306,-0.136343
231.1461,-0.136347
231.1627,-0.136350
231.1790,-0.136356
231.1958,-0.136362
231.2129,-0.136367
231.2290,-0.136374
231.2462,-0.136379
231.2626,-0.136386
231.2791,-0.136390
231.2960,-0.136394
231.3130,-0.136400
231.3297,-0.136404
231.3467,-0.136406
231.3623,-0.136407
231.3795,-0.136411
231.3959,-0.136413
231.4117,-0.136416
231.4280,-0.136420
231.4456,-0.136426
231.4629,-0.136430
231.4789,-0.136433
231.4951,-0.136438
231.5118,-0.136443
231.5288,-0.136443
231.5454,-0.136444
231.5623,-0.136447
231.5798,-0.136450
231.5956,-0.136454
231.6119,-0.136458
231.6284,-0.136461
231.6454,-0.136464
231.6614,-0.136465
231.6792,-0.136470
231.6952,-0.136474
231.7112,-0.136476
231.7287,-0.136475
231.7457,-0.136476
231.7623,-0.136479
231.7784,-0.136482
231.7946,-0.136484
231.8116,-0.136484
231.8287,-0.136484
231.8453,-0.136485
231.8617,-0.136488
231.8785,-0.136491
231.8951,-0.136495
231.9129,-0.136498
231.9290,-0.136499
231.9456,-0.136498
231.9620,-0.136500
231.9787,-0.136501
231.9957,-0.136500
232.0122,-0.136496
232.0280,-0.136494
232.0453,-0.136491
232.0615,-0.136489
232.0782,-0.136487
232.0950,-0.136488
232.1126,-0.136489
232.1289,-0.136490
232.1458,-0.136491
232.1621,-0.136491
232.1782,-0.136490
232.1962,-0.136487
232.2132,-0.136487
232.2286,-0.136488
232.2460,-0.136490
232.2627,-0.136491
232.2791,-0.136492
232.2962,-0.136491
232.3136,-0.136492
232.3290,-0.136490
232.3473,-0.136488
232.3633,-0.136487
232.3800,-0.136486
232.3961,-0.136486
232.4130,-0.136484
232.4299,-0.136480
232.4467,-0.136479
232.4635,-0.136479
232.4799,-0.136480
232.4962,-0.136480
232.5128,-0.136479
232.5291,-0.136479
232.5464,-0.136478
232.5635,-0.136480
232.5804,-0.136483
232.5970,-0.136485
232.6144,-0.136487
232.6290,-0.136487
232.6467,-0.136487
232.6630,-0.136491
232.6801,-0.136495
232.6969,-0.136499
232.7135,-0.136506
232.7295,-0.136513
232.7466,-0.136521
232.7631,-0.136528
232.7794,-0.136535
232.7968,-0.136540
232.8131,-0.136544
232.8300,-0.136547
232.8462,-0.136548
232.8625,-0.136550
232.8791,-0.136555
232.8968,-0.136560
232.9136,-0.136565
232.9303,-0.136569
232.9459,-0.136577
232.9638,-0.136585
232.9797,-0.136595
232.9969,-0.136602
233.0130,-0.136607
233.0306,-0.136612
233.0474,-0.136616
233.0639,-0.136620
233.0800,-0.136623
233.0968,-0.136626
233.1131,-0.136631
233.1306,-0.136636
233.1473,-0.136642
233.1637,-0.136649
233.1805,-0.136656
233.1975,-0.136661
233.2136,-0.136667
233.2295,-0.136675
233.2472,-0.136683
233.2643,-0.136689
233.2805,-0.136694
233.2975,-0.136700
233.3135,-0.136705
233.3301,-0.136710
233.3466,-0.136718
233.3641,-0.136725
233.3808,-0.136734
233.3976,-0.136743
233.4139,-0.136749
233.4306,-0.136755
233.4477,-0.136761
233.4641,-0.136764
233.4803,-0.136771
233.4968,-0.136778
233.5143,-0.136788
233.5303,-0.136797
233.5474,-0.136809
233.5646,-0.136818
233.5803,-0.136828
233.5974,-0.136841
233.6143,-0.136853
233.6310,-0.136861
233.6475,-0.136869
233.6652,-0.136877
233.6817,-0.136883
233.6974,-0.136890
233.7145,-0.136897
233.7308,-0.136904
233.7475,-0.136910
233.7645,-0.136919
233.7814,-0.136929
233.7975,-0.136936
233.8139,-0.136942
233.8310,-0.136949
233.8476,-0.136957
233.8646,-0.136964
233.8807,-0.136972
233.8974,-0.136979
233.9146,-0.136985
233.9318,-0.136988
233.9476,-0.136993
233.9646,-0.137000
233.9815,-0.137008
233.9974,-0.137016
234.0144,-0.137027
234.0314,-0.137041
234.0479,-0.137055
234.0643,-0.137069
234.0806,-0.137082
234.0979,-0.137094
234.1145,-0.137102
234.1308,-0.137109
234.1477,-0.137115
234.1644,-0.137120
234.1810,-0.137124
234.1964,-0.137129
234.2143,-0.137137
234.2306,-0.137147
234.2478,-0.137156
234.2634,-0.137166
234.2808,-0.137176
234.2977,-0.137185
234.3138,-0.137195
234.3308,-0.137202
234.3470,-0.137210
234.3644,-0.137218
234.3807,-0.137229
234.3971,-0.137239
234.4142,-0.137249
234.4304,-0.137259
234.4484,-0.137268
234.4644,-0.137276
234.4816,-0.137282
234.4981,-0.137288
234.5137,-0.137297
234.5313,-0.137300
234.5478,-0.137304
234.5639,-0.137309
234.5818,-0.137315
234.5982,-0.137324
234.6143,-0.137330
234.6311,-0.137337
234.6477,-0.137343
234.6643,-0.137349
234.6819,-0.137355
234.6968,-0.137359
234.7140,-0.137363
234.7311,-0.137368
234.7482,-0.137373
234.7643,-0.137380
234.7812,-0.137388
234.7987,-0.137395
234.8145,-0.137404
234.8315,-0.137412
234.8478,-0.137420
234.8652,-0.137428
234.8815,-0.137433
234.8982,-0.137438
234.9148,-0.137441
234.9312,-0.137443
234.9483,-0.137448
234.9646,-0.137453
234.9814,-0.137458
234.9986,-0.137467
235.0152,-0.137474
235.0315,-0.137481
235.0479,-0.137491
235.0650,-0.137498
235.0819,-0.137504
235.0986,-0.137510
235.1150,-0.137519
235.1326,-0.137526
235.1482,-0.137533
235.1651,-0.137541
235.1819,-0.137549
235.1986,-0.137556
235.2153,-0.137564
235.2321,-0.137573
235.2482,-0.137580
235.2649,-0.137587
235.2822,-0.137593
235.2986,-0.137602
235.3151,-0.137608
235.3322,-0.137613
235.3490,-0.137615
235.3649,-0.137618
235.3823,-0.137624
235.3988,-0.137631
235.4145,-0.137637
235.4316,-0.137644
235.4489,-0.137650
235.4656,-0.137655
235.4820,-0.137661
235.4990,-0.137668
235.5149,-0.137674
235.5318,-0.137680
235.5486,-0.137687
235.5656,-0.137693
235.5820,-0.137700
235.5993,-0.137706
235.6156,-0.137711
235.6328,-0.137716
235.6490,-0.137722
235.6655,-0.137729
235.6819,-0.137737
235.6989,-0.137744
235.7162,-0.137750
235.7329,-0.137757
235.7496,-0.137762
235.7663,-0.137768
235.7835,-0.137773
235.7986,-0.137778
235.8161,-0.137781
235.8328,-0.137785
235.8496,-0.137793
235.8659,-0.137798
235.8831,-0.137804
235.8999,-0.137808
235.9166,-0.137810
235.9336,-0.137813
235.9496,-0.137815
235.9662,-0.137817
235.9830,-0.137821
235.9998,-0.137825
236.0163,-0.137829
236.0333,-0.137835
236.0501,-0.137839
236.0668,-0.137845
236.0823,-0.137850
236.0996,-0.137854
236.1159,-0.137857
236.1337,-0.137862
236.1498,-0.137866
236.1659,-0.137874
236.1830,-0.137879
236.1993,-0.137889
236.2172,-0.137897
236.2331,-0.137908
236.2495,-0.137920
236.2657,-0.137934
236.2839,-0.137944
236.3001,-0.137953
236.3170,-0.137965
236.3334,-0.137975
236.3504,-0.137984
236.3662,-0.137990
236.3835,-0.137998
236.4009,-0.138005
236.4169,-0.138010
236.4338,-0.138016
236.4509,-0.138023
236.4671,-0.138032
236.4839,-0.138040
236.5004,-0.138051
236.5163,-0.138062
236.5335,-0.138076
236.5499,-0.138091
236.5674,-0.138106
236.5841,-0.138120
236.6003,-0.138133
236.6165,-0.138144
236.6332,-0.138154
236.6500,-0.138163
236.6668,-0.138171
236.6830,-0.138180
236.7001,-0.138188
236.7168,-0.138199
236.7332,-0.138210
236.7500,-0.138220
236.7665,-0.138229
236.7827,-0.138239
236.8002,-0.138249
236.8167,-0.138260
236.8329,-0.138270
236.8494,-0.138282
236.8663,-0.138293
236.8829,-0.138303
236.8995,-0.138314
236.9165,-0.138324
236.9330,-0.138335
236.9492,-0.138348
236.9667,-0.138359
236.9827,-0.138371
236.9999,-0.138380
237.0174,-0.138387
237.0335,-0.138395
237.0495,-0.138403
237.0663,-0.138410
237.0830,-0.138418
237.0994,-0.138424
237.1157,-0.138429
237.1333,-0.138433
237.1497,-0.138436
237.1664,-0.138441
237.1831,-0.138447
237.1988,-0.138452
237.2157,-0.138459
237.2325,-0.138470
237.2495,-0.138480
237.2658,-0.138489
237.2825,-0.138500
237.3000,-0.138509
237.3163,-0.138516
237.3329,-0.138522
237.3493,-0.138527
237.3661,-0.138529
237.3831,-0.138533
237.3997,-0.138540
237.4162,-0.138548
237.4324,-0.138557
237.4493,-0.138567
237.4659,-0.138572
237.4828,-0.138579
237.4995,-0.138582
237.5160,-0.138588
237.5333,-0.138591
237.5489,-0.138595
237.5664,-0.138597
237.5827,-0.138599
237.5996,-0.138602
237.6156,-0.138606
237.6326,-0.138611
237.6489,-0.138614
237.6660,-0.138617
237.6823,-0.138620
237.6994,-0.138625
237.7155,-0.138628
237.7328,-0.138633
237.7490,-0.138639
237.7659,-0.138644
237.7823,-0.138650
237.7997,-0.138654
237.8165,-0.138658
237.8333,-0.138663
237.8491,-0.138669
237.8670,-0.138676
237.8827,-0.138682
237.8990,-0.138685
237.9161,-0.138689
237.9332,-0.138695
237.9500,-0.138698
237.9665,-0.138701
237.9826,-0.138703
237.9995,-0.138703
238.0159,-0.138703
238.0330,-0.138706
238.0497,-0.138710
238.0666,-0.138714
238.0827,-0.138719
238.0996,-0.138724
238.1168,-0.138728
238.1334,-0.138733
238.1498,-0.138736
238.1665,-0.138740
238.1829,-0.138743
238.1995,-0.138747
238.2165,-0.138750
238.2338,-0.138753
238.2500,-0.138755
238.2666,-0.138759
238.2831,-0.138760
238.2999,-0.138760
238.3174,-0.138760
238.3334,-0.138763
238.3508,-0.138766
238.3663,-0.138770
238.3823,-0.138776
238.3997,-0.138784
238.4168,-0.138791
238.4334,-0.138799
238.4500,-0.138809
238.4669,-0.138816
238.4832,-0.138822
238.5003,-0.138828
238.5166,-0.138834
238.5333,-0.138842
238.5499,-0.138850
238.5667,-0.138860
238.5831,-0.138871
238.6005,-0.138881
238.6170,-0.138891
238.6340,-0.138900
238.6500,-0.138906
238.6674,-0.138911
238.6832,-0.138914
238.7004,-0.138919
238.7172,-0.138923
238.7328,-0.138926
238.7502,-0.138928
238.7669,-0.138933
238.7839,-0.138937
238.8005,-0.138944
238.8169,-0.138952
238.8333,-0.138957
238.8500,-0.138963
238.8666,-0.138968
238.8838,-0.138975
238.9002,-0.138984
238.9173,-0.138994
238.9333,-0.139002
238.9500,-0.139013
238.9665,-0.139022
238.9833,-0.139029
239.0004,-0.139035
239.0165,-0.139041
239.0335,-0.139047
239.0497,-0.139052
239.0666,-0.139058
239.0835,-0.139065
239.0996,-0.139072
239.1165,-0.139082
239.1331,-0.139092
239.1501,-0.139102
239.1674,-0.139111
239.1832,-0.139118
239.2004,-0.139124
239.2171,-0.139131
239.2333,-0.139138
239.2496,-0.139145
239.2664,-0.139150
239.2830,-0.139156
239.2998,-0.139162
239.3165,-0.139167
239.3323,-0.139172
239.3495,-0.139176
239.3665,-0.139181
239.3829,-0.139185
239.3997,-0.139191
239.4156,-0.139198
239.4325,-0.139205
239.4500,-0.139212
239.4663,-0.139220
239.4835,-0.139226
239.4988,-0.139232
239.5158,-0.139239
239.5326,-0.139244
239.5496,-0.139249
239.5653,-0.139253
239.5829,-0.139257
239.5999,-0.139262
239.6152,-0.139267
239.6327,-0.139272
239.6489,-0.139276
239.6655,-0.139278
239.6829,-0.139281
239.6998,-0.139285
239.7160,-0.139290
239.7323,-0.139296
239.7496,-0.139303
239.7655,-0.139309
239.7823,-0.139316
239.7993,-0.139322
239.8162,-0.139328
239.8330,-0.139334
239.8490,-0.139339
239.8659,-0.139343
239.8830,-0.139349
239.8999,-0.139356
239.9158,-0.139364
239.9324,-0.139372
239.9497,-0.139382
239.9669,-0.139388
239.9837,-0.139393
239.9991,-0.139397
240.0157,-0.139399
240.0331,-0.139403
240.0496,-0.139407
240.0659,-0.139413
240.0828,-0.139419
240.0999,-0.139426
240.1167,-0.139431
240.1325,-0.139436
240.1495,-0.139443
240.1665,-0.139446
240.1833,-0.139449
240.2002,-0.139451
240.2156,-0.139453
240.2334,-0.139457
240.2495,-0.139463
240.2662,-0.139470
240.2831,-0.139477
240.2998,-0.139483
240.3169,-0.139487
240.3340,-0.139491
240.3501,-0.139497
240.3666,-0.139504
240.3830,-0.139510
240.3997,-0.139517
240.4162,-0.139523
240.4328,-0.139529
240.4508,-0.139534
240.4669,-0.139541
240.4834,-0.139546
240.4989,-0.139553
240.5168,-0.139557
240.5324,-0.139561
240.5495,-0.139565
240.5673,-0.139566
240.5835,-0.139568
240.5999,-0.139570
240.6166,-0.139575
240.6333,-0.139579
240.6492,-0.139584
240.6659,-0.139587
240.6825,-0.139592
240.6999,-0.139599
240.7162,-0.139607
240.7332,-0.139614
240.7496,-0.139618
240.7659,-0.139623
240.7835,-0.139627
240.7993,-0.139633
240.8158,-0.139641
240.8333,-0.139649
240.8505,-0.139656
240.8665,-0.139664
240.8832,-0.139673
240.9001,-0.139681
240.9163,-0.139687
240.9326,-0.139695
240.9492,-0.139705
240.9664,-0.139713
240.9831,-0.139720
240.9999,-0.139728
241.0173,-0.139734
241.0338,-0.139740
241.0502,-0.139746
241.0664,-0.139751
241.0833,-0.139757
241.1000,-0.139760
241.1164,-0.139763
241.1340,-0.139770
241.1497,-0.139776
241.1669,-0.139783
241.1830,-0.139791
241.2002,-0.139798
241.2175,-0.139805
241.2333,-0.139810
241.2496,-0.139814
241.2671,-0.139819
241.2845,-0.139822
241.3006,-0.139827
241.3172,-0.139832
241.3340,-0.139838
241.3508,-0.139842
241.3673,-0.139847
241.3835,-0.139854
241.4006,-0.139860
241.4177,-0.139868
241.4334,-0.139877
241.4509,-0.139888
241.4668,-0.139896
241.4838,-0.139902
241.5005,-0.139911
241.5174,-0.139921
241.5338,-0.139932
241.5503,-0.139941
241.5673,-0.139949
241.5834,-0.139957
241.5999,-0.139966
241.6164,-0.139974
241.6326,-0.139981
241.6499,-0.139988
241.6669,-0.139995
241.6828,-0.140004
241.6999,-0.140014
241.7171,-0.140024
241.7337,-0.140033
241.7508,-0.140042
241.7672,-0.140052
241.7832,-0.140062
241.7999,-0.140075
241.8164,-0.140085
241.8340,-0.140098
241.8497,-0.140110
241.8662,-0.140121
241.8838,-0.140134
241.8992,-0.140145
241.9166,-0.140154
241.9326,-0.140163
241.9504,-0.140173
241.9669,-0.140182
241.9836,-0.140193
242.0006,-0.140203
242.0158,-0.140214
242.0331,-0.140221
242.0497,-0.140230
242.0665,-0.140237
242.0836,-0.140244
242.0998,-0.140253
242.1166,-0.140260
242.1328,-0.140264
242.1490,-0.140268
242.1658,-0.140271
242.1830,-0.140276
242.1992,-0.140282
242.2158,-0.140290
242.2324,-0.140299
242.2489,-0.140308
242.2652,-0.140318
242.2832,-0.140328
242.2985,-0.140338
242.3158,-0.140348
242.3320,-0.140357
242.3490,-0.140365
242.3656,-0.140372
242.3818,-0.140379
242.3992,-0.140388
242.4153,-0.140395
242.4320,-0.140400
242.4483,-0.140407
242.4652,-0.140415
242.4823,-0.140420
242.4989,-0.140423
242.5161,-0.140428
242.5319,-0.140434
242.5492,-0.140439
242.5660,-0.140443
242.5823,-0.140447
242.5997,-0.140451
242.6166,-0.140457
242.6327,-0.140461
242.6496,-0.140464
242.6655,-0.140468
242.6825,-0.140472
242.6991,-0.140477
242.7160,-0.140484
242.7321,-0.140491
242.7494,-0.140499
242.7654,-0.140506
242.7831,-0.140510
242.7989,-0.140516
242.8161,-0.140523
242.8328,-0.140528
242.8489,-0.140531
242.8650,-0.140533
242.8826,-0.140535
242.8989,-0.140536
242.9151,-0.140536
242.9325,-0.140538
242.9488,-0.140539
242.9657,-0.140539
242.9821,-0.140541
242.9984,-0.140543
243.0159,-0.140548
243.0322,-0.140552
243.0487,-0.140557
243.0654,-0.140562
243.0823,-0.140568
243.0985,-0.140573
243.1156,-0.140581
243.1328,-0.140586
243.1495,-0.140590
243.1659,-0.140594
243.1819,-0.140598
243.1987,-0.140605
243.2155,-0.140610
243.2326,-0.140614
243.2493,-0.140619
243.2656,-0.140624
243.2825,-0.140631
243.2991,-0.140636
243.3155,-0.140641
243.3324,-0.140645
243.3486,-0.140649
243.3654,-0.140653
243.3820,-0.140657
243.3985,-0.140661
243.4148,-0.140664
243.4324,-0.140667
243.4493,-0.140670
243.4658,-0.140674
243.4815,-0.140681
243.4984,-0.140691
243.5156,-0.140698
243.5320,-0.140707
243.5489,-0.140715
243.5652,-0.140724
243.5832,-0.140733
243.5982,-0.140741
243.6156,-0.140750
243.6322,-0.140759
243.6482,-0.140765
243.6664,-0.140768
243.6828,-0.140775
243.6986,-0.140778
243.7158,-0.140783
243.7324,-0.140787
243.7489,-0.140791
243.7659,-0.140797
243.7820,-0.140803
243.7986,-0.140812
243.8160,-0.140821
243.8318,-0.140830
243.8489,-0.140838
243.8650,-0.140844
243.8825,-0.140851
243.8983,-0.140858
243.9159,-0.140863
243.9325,-0.140867
243.9486,-0.140870
243.9650,-0.140875
243.9816,-0.140882
243.9980,-0.140891
244.0145,-0.140899
244.0321,-0.140909
244.0475,-0.140919
244.0648,-0.140928
244.0809,-0.140939
244.0990,-0.140946
244.1151,-0.140953
244.1314,-0.140959
244.1485,-0.140963
244.1654,-0.140967
244.1805,-0.140972
244.1980,-0.140981
244.2146,-0.140987
244.2313,-0.140993
244.2479,-0.140999
244.2652,-0.141007
244.2820,-0.141014
244.2974,-0.141024
244.3150,-0.141031
244.3312,-0.141039
244.3479,-0.141043
244.3645,-0.141047
244.3820,-0.141053
244.3970,-0.141057
244.4143,-0.141062
244.4310,-0.141065
244.4474,-0.141069
244.4649,-0.141072
244.4814,-0.141079
244.4978,-0.141085
244.5138,-0.141091
244.5306,-0.141097
244.5479,-0.141102
244.5644,-0.141107
244.5806,-0.141114
244.5978,-0.141123
244.6141,-0.141132
244.6306,-0.141140
244.6475,-0.141150
244.6644,-0.141158
244.6808,-0.141167
244.6976,-0.141176
244.7140,-0.141183
244.7308,-0.141188
244.7469,-0.141196
244.7641,-0.141202
244.7810,-0.141206
244.7973,-0.141213
244.8139,-0.141219
244.8309,-0.141225
244.8474,-0.141232
244.8641,-0.141238
244.8798,-0.141245
244.8973,-0.141251
244.9135,-0.141259
244.9301,-0.141265
244.9476,-0.141272
244.9636,-0.141280
244.9805,-0.141289
244.9971,-0.141297
245.0125,-0.141303
245.0303,-0.141310
245.0472,-0.141319
245.0636,-0.141329
245.0807,-0.141339
245.0969,-0.141348
245.1139,-0.141355
245.1307,-0.141363
245.1467,-0.141371
245.1633,-0.141379
245.1799,-0.141384
245.1963,-0.141389
245.2132,-0.141393
245.2299,-0.141400
245.2464,-0.141405
245.2628,-0.141410
245.2798,-0.141415
245.2972,-0.141419
245.3131,-0.141424
245.3299,-0.141431
245.3462,-0.141435
245.3622,-0.141441
245.3794,-0.141447
245.3956,-0.141454
245.4120,-0.141461
245.4294,-0.141471
245.4462,-0.141479
245.4626,-0.141484
245.4791,-0.141489
245.4962,-0.141492
245.5122,-0.141495
245.5297,-0.141495
245.5462,-0.141499
245.5627,-0.141504
245.5788,-0.141509
245.5966,-0.141514
245.6125,-0.141519
245.6297,-0.141525
245.6465,-0.141530
245.6633,-0.141533
245.6800,-0.141538
245.6967,-0.141543
245.7133,-0.141548
245.7299,-0.141554
245.7460,-0.141561
245.7639,-0.141567
245.7801,-0.141572
245.7967,-0.141575
245.8138,-0.141575
245.8303,-0.141574
245.8472,-0.141567
245.8634,-0.141559
245.8801,-0.141555
245.8966,-0.141554
245.9137,-0.141553
245.9293,-0.141552
245.9465,-0.141553
245.9640,-0.141553
245.9799,-0.141555
245.9962,-0.141561
246.0129,-0.141566
246.0294,-0.141568
246.0469,-0.141570
246.0638,-0.141570
246.0800,-0.141570
246.0968,-0.141570
246.1139,-0.141570
246.1304,-0.141569
246.1463,-0.141571
246.1630,-0.141574
246.1802,-0.141579
246.1967,-0.141585
246.2141,-0.141594
246.2312,-0.141603
246.2476,-0.141611
246.2636,-0.141619
246.2813,-0.141628
246.2975,-0.141632
246.3137,-0.141635
246.3313,-0.141636
246.3475,-0.141638
246.3647,-0.141642
246.3816,-0.141643
246.3978,-0.141647
246.4144,-0.141647
246.4317,-0.141650
246.4481,-0.141654
246.4645,-0.141659
246.4810,-0.141663
246.4972,-0.141665
246.5147,-0.141666
246.5315,-0.141668
246.5480,-0.141669
246.5634,-0.141670
246.5811,-0.141677
246.5979,-0.141684
246.6140,-0.141692
246.6310,-0.141701
246.6482,-0.141707
246.6649,-0.141710
246.6813,-0.141718
246.6974,-0.141725
246.7137,-0.141734
246.7306,-0.141740
246.7478,-0.141746
246.7645,-0.141752
246.7808,-0.141759
246.7984,-0.141768
246.8144,-0.141778
246.8312,-0.141785
246.8471,-0.141791
246.8645,-0.141800
246.8811,-0.141808
246.8973,-0.141820
246.9141,-0.141832
246.9314,-0.141843
246.9486,-0.141851
246.9645,-0.141858
246.9812,-0.141864
246.9975,-0.141870
247.0142,-0.141875
247.0307,-0.141882
247.0477,-0.141887
247.0652,-0.141894
247.0812,-0.141901
247.0979,-0.141911
247.1144,-0.141919
247.1312,-0.141927
247.1481,-0.141934
247.1643,-0.141943
247.1817,-0.141952
247.1978,-0.141960
247.2150,-0.141970
247.2317,-0.141979
247.2483,-0.141986
247.2641,-0.141993
247.2817,-0.142002
247.2977,-0.142009
247.3152,-0.142017
247.3312,-0.142023
247.3484,-0.142032
247.3644,-0.142042
247.3816,-0.142051
247.3979,-0.142057
247.4149,-0.142065
247.4323,-0.142071
247.4485,-0.142076
247.4650,-0.142080
247.4825,-0.142087
247.4982,-0.142093
247.5152,-0.142098
247.5315,-0.142105
247.5490,-0.142113
247.5647,-0.142122
247.5820,-0.142132
247.5991,-0.142141
247.6156,-0.142148
247.6323,-0.142155
247.6480,-0.142163
247.6658,-0.142171
247.6820,-0.142177
247.6988,-0.142184
247.7153,-0.142191
247.7317,-0.142198
247.7488,-0.142208
247.7655,-0.142218
247.7824,-0.142225
247.7987,-0.142233
247.8157,-0.142241
247.8325,-0.142249
247.8489,-0.142257
247.8647,-0.142268
247.8828,-0.142277
247.8990,-0.142285
247.9151,-0.142296
247.9320,-0.142307
247.9492,-0.142320
247.9657,-0.142327
247.9817,-0.142335
247.9987,-0.142343
248.0152,-0.142349
248.0324,-0.142356
248.0492,-0.142365
248.0662,-0.142373
248.0827,-0.142382
248.0988,-0.142392
248.1159,-0.142402
248.1327,-0.142412
248.1488,-0.142420
248.1657,-0.142432
248.1822,-0.142443
248.1988,-0.142453
248.2157,-0.142465
248.2316,-0.142475
248.2495,-0.142484
248.2655,-0.142494
248.2823,-0.142506
248.2995,-0.142517
248.3152,-0.142526
248.3330,-0.142533
248.3491,-0.142538
248.3662,-0.142542
248.3825,-0.142550
248.3993,-0.142557
248.4158,-0.142565
248.4331,-0.142573
248.4494,-0.142581
248.4654,-0.142590
248.4827,-0.142598
248.4994,-0.142605
248.5165,-0.142610
248.5324,-0.142614
248.5495,-0.142620
248.5659,-0.142625
248.5817,-0.142632
248.5997,-0.142638
248.6154,-0.142644
248.6328,-0.142653
248.6500,-0.142663
248.6660,-0.142671
248.6832,-0.142679
248.6994,-0.142685
248.7162,-0.142692
248.7327,-0.142698
248.7495,-0.142705
248.7665,-0.142712
248.7820,-0.142719
248.7993,-0.142725
248.8160,-0.142732
248.8336,-0.142738
248.8494,-0.142743
248.8661,-0.142751
248.8835,-0.142758
248.9003,-0.142763
248.9160,-0.142769
248.9330,-0.142774
248.9501,-0.142781
248.9666,-0.142786
248.9832,-0.142793
249.0008,-0.142801
249.0162,-0.142808
249.0331,-0.142816
249.0502,-0.142826
249.0668,-0.142839
249.0822,-0.142850
249.1000,-0.142859
249.1166,-0.142867
249.1343,-0.142876
249.1495,-0.142883
249.1669,-0.142891
249.1841,-0.142894
249.2001,-0.142900
249.2172,-0.142905
249.2335,-0.142912
249.2502,-0.142920
249.2655,-0.142926
249.2834,-0.142934
249.3005,-0.142942
249.3165,-0.142951
249.3339,-0.142957
249.3496,-0.142960
249.3665,-0.142962
249.3825,-0.142966
249.4001,-0.142972
249.4160,-0.142979
249.4328,-0.142985
249.4487,-0.142993
249.4662,-0.143004
249.4828,-0.143017
249.4998,-0.143028
249.5164,-0.143039
249.5336,-0.143050
249.5509,-0.143059
249.5667,-0.143068
249.5835,-0.143076
249.5999,-0.143083
249.6168,-0.143091
249.6334,-0.143099
249.6503,-0.143108
249.6666,-0.143117
249.6831,-0.143125
249.7000,-0.143133
249.7166,-0.143140
249.7334,-0.143147
249.7502,-0.143153
249.7660,-0.143158
249.7830,-0.143164
249.7998,-0.143170
249.8162,-0.143176
249.8329,-0.143183
249.8495,-0.143192
249.8667,-0.143199
249.8831,-0.143206
249.8997,-0.143211
249.9170,-0.143214
249.9331,-0.143218
249.9496,-0.143223
249.9666,-0.143227
249.9834,-0.143231
249.9996,-0.143235
250.0170,-0.143240
250.0341,-0.143246
250.0496,-0.143253
250.0673,-0.143262
250.0828,-0.143272
250.1001,-0.143279
250.1168,-0.143286
250.1337,-0.143293
250.1502,-0.143297
250.1666,-0.143303
250.1832,-0.143306
250.2009,-0.143309
250.2176,-0.143313
250.2333,-0.143317
250.2507,-0.143324
250.2671,-0.143329
250.2838,-0.143332
250.3010,-0.143336
250.3170,-0.143338
250.3343,-0.143339
250.3505,-0.143340
250.3673,-0.143344
250.3837,-0.143348
250.4008,-0.143354
250.4173,-0.143362
250.4339,-0.143369
250.4501,-0.143374
250.4676,-0.143379
250.4848,-0.143383
250.5008,-0.143389
250.5170,-0.143396
250.5341,-0.143401
250.5509,-0.143403
250.5681,-0.143406
250.5848,-0.143411
250.6010,-0.143418
250.6181,-0.143423
250.6341,-0.143430
250.6508,-0.143435
250.6681,-0.143442
250.6853,-0.143450
250.7014,-0.143459
250.7182,-0.143466
250.7340,-0.143471
250.7517,-0.143477
250.7684,-0.143482
250.7849,-0.143487
250.8004,-0.143491
250.8184,-0.143498
250.8351,-0.143503
250.8512,-0.143509
250.8675,-0.143517
250.8853,-0.143527
250.9016,-0.143537
250.9183,-0.143547
250.9346,-0.143558
250.9516,-0.143568
250.9684,-0.143576
250.9856,-0.143583
251.0017,-0.143591
251.0187,-0.143597
251.0350,-0.143605
251.0514,-0.143613
251.0683,-0.143620
251.0854,-0.143630
251.1014,-0.143637
251.1182,-0.143642
251.1362,-0.143648
251.1522,-0.143653
251.1685,-0.143657
251.1852,-0.143662
251.2018,-0.143668
251.2187,-0.143676
251.2352,-0.143687
251.2511,-0.143700
251.2680,-0.143712
251.2852,-0.143721
251.3016,-0.143730
251.3182,-0.143741
251.3351,-0.143751
251.3517,-0.143760
251.3686,-0.143769
251.3854,-0.143779
251.4026,-0.143789
251.4184,-0.143802
251.4353,-0.143813
251.4519,-0.143824
251.4692,-0.143831
251.4855,-0.143839
251.5025,-0.143847
251.5187,-0.143854
251.5356,-0.143861
251.5518,-0.143867
251.5692,-0.143876
251.5862,-0.143883
251.6022,-0.143892
251.6184,-0.143901
251.6362,-0.143910
251.6529,-0.143918
251.6688,-0.143924
251.6862,-0.143933
251.7021,-0.143941
251.7194,-0.143947
251.7356,-0.143954
251.7514,-0.143962
251.7688,-0.143970
251.7854,-0.143980
251.8026,-0.143991
251.8190,-0.144001
251.8359,-0.144011
251.8518,-0.144020
251.8687,-0.144030
251.8853,-0.144040
251.9022,-0.144049
251.9191,-0.144058
251.9360,-0.144065
251.9526,-0.144074
251.9693,-0.144082
251.9858,-0.144087
252.0028,-0.144093
252.0197,-0.144100
252.0358,-0.144105
252.0525,-0.144108
252.0691,-0.144112
252.0857,-0.144118
252.1024,-0.144124
252.1190,-0.144132
252.1363,-0.144140
252.1531,-0.144150
252.1691,-0.144161
252.1864,-0.144173
252.2030,-0.144182
252.2193,-0.144190
252.2366,-0.144198
252.2533,-0.144202
252.2699,-0.144207
252.2856,-0.144211
252.3028,-0.144214
252.3192,-0.144216
252.3358,-0.144221
252.3526,-0.144225
252.3691,-0.144232
252.3856,-0.144236
252.4036,-0.144242
252.4198,-0.144247
252.4360,-0.144253
252.4529,-0.144261
252.4690,-0.144271
252.4856,-0.144277
252.5025,-0.144283
252.5197,-0.144291
252.5371,-0.144299
252.5531,-0.144307
252.5694,-0.144314
252.5860,-0.144319
252.6033,-0.144324
252.6197,-0.144329
252.6364,-0.144335
252.6532,-0.144344
252.6696,-0.144350
252.6862,-0.144354
252.7033,-0.144357
252.7196,-0.144361
252.7364,-0.144365
252.7528,-0.144371
252.7698,-0.144379
252.7868,-0.144385
252.8035,-0.144391
252.8201,-0.144402
252.8371,-0.144413
252.8535,-0.144422
252.8709,-0.144430
252.8873,-0.144438
252.9039,-0.144448
252.9201,-0.144456
252.9368,-0.144463
252.9534,-0.144470
252.9709,-0.144477
252.9874,-0.144483
253.0033,-0.144490
253.0208,-0.144495
253.0371,-0.144502
253.0532,-0.144506
253.0699,-0.144512
253.0867,-0.144521
253.1031,-0.144531
253.1203,-0.144538
253.1360,-0.144547
253.1530,-0.144555
253.1697,-0.144564
253.1866,-0.144576
253.2029,-0.144587
253.2190,-0.144598
253.2366,-0.144611
253.2525,-0.144624
253.2700,-0.144635
253.2859,-0.144647
253.3030,-0.144662
253.3199,-0.144676
253.3366,-0.144689
253.3532,-0.144699
253.3698,-0.144713
253.3877,-0.144723
253.4031,-0.144733
253.4202,-0.144743
253.4369,-0.144752
253.4532,-0.144758
253.4700,-0.144763
253.4870,-0.144769
253.5030,-0.144774
253.5201,-0.144779
253.5363,-0.144785
253.5538,-0.144791
253.5699,-0.144797
253.5864,-0.144803
253.6031,-0.144809
253.6196,-0.144815
253.6367,-0.144822
253.6535,-0.144830
253.6707,-0.144838
253.6867,-0.144845
253.7036,-0.144851
253.7197,-0.144857
253.7370,-0.144865
253.7532,-0.144876
253.7700,-0.144884
253.7867,-0.144891
253.8036,-0.144900
253.8203,-0.144908
253.8364,-0.144916
253.8534,-0.144921
253.8696,-0.144924
253.8874,-0.144925
253.9039,-0.144927
253.9206,-0.144933
253.9368,-0.144941
253.9532,-0.144948
253.9704,-0.144954
253.9863,-0.144962
254.0039,-0.144971
254.0199,-0.144982
254.0366,-0.144993
254.0537,-0.145000
254.0703,-0.145008
254.0873,-0.145018
254.1044,-0.145026
254.1212,-0.145032
254.1364,-0.145036
254.1539,-0.145042
254.1704,-0.145047
254.1873,-0.145053
254.2040,-0.145058
254.2211,-0.145063
254.2378,-0.145065
254.2543,-0.145067
254.2714,-0.145069
254.2875,-0.145070
254.3047,-0.145073
254.3212,-0.145075
254.3376,-0.145077
254.3542,-0.145080
254.3715,-0.145085
254.3878,-0.145090
254.4047,-0.145096
254.4208,-0.145104
254.4375,-0.145108
254.4543,-0.145112
254.4713,-0.145116
254.4879,-0.145119
254.5048,-0.145121
254.5204,-0.145122
254.5380,-0.145124
254.5543,-0.145128
254.5711,-0.145134
254.5874,-0.145141
254.6043,-0.145148
254.6199,-0.145155
254.6383,-0.145163
254.6539,-0.145174
254.6713,-0.145185
254.6877,-0.145195
254.7051,-0.145203
254.7218,-0.145210
254.7385,-0.145219
254.7545,-0.145227
254.7723,-0.145231
254.7885,-0.145233
254.8055,-0.145233
254.8224,-0.145236
254.8390,-0.145238
254.8548,-0.145241
254.8717,-0.145244
254.8888,-0.145245
254.9053,-0.145248
254.9214,-0.145251
254.9392,-0.145256
254.9554,-0.145262
254.9723,-0.145266
254.9891,-0.145270
255.0051,-0.145277
255.0234,-0.145283
255.0397,-0.145291
255.0563,-0.145299
255.0726,-0.145307
255.0891,-0.145315
255.1054,-0.145320
255.1223,-0.145327
255.1393,-0.145333
255.1554,-0.145337
255.1727,-0.145342
255.1889,-0.145347
255.2064,-0.145354
255.2226,-0.145361
255.2392,-0.145369
255.2556,-0.145376
255.2735,-0.145384
255.2895,-0.145390
255.3063,-0.145399
255.3227,-0.145409
255.3400,-0.145419
255.3564,-0.145430
255.3731,-0.145439
255.3896,-0.145449
255.4067,-0.145459
255.4227,-0.145469
255.4403,-0.145479
255.4556,-0.145488
255.4734,-0.145498
255.4904,-0.145509
255.5072,-0.145521
255.5239,-0.145532
255.5395,-0.145543
255.5565,-0.145553
255.5734,-0.145560
255.5900,-0.145569
255.6066,-0.145578
255.6231,-0.145588
255.6398,-0.145596
255.6560,-0.145606
255.6726,-0.145618
255.6897,-0.145629
255.7064,-0.145638
255.7226,-0.145647
255.7399,-0.145656
255.7563,-0.145667
255.7725,-0.145677
255.7883,-0.145688
255.8066,-0.145701
255.8229,-0.145713
255.8400,-0.145727
255.8561,-0.145740
255.8723,-0.145753
255.8894,-0.145762
255.9059,-0.145770
255.9237,-0.145777
255.9390,-0.145785
255.9561,-0.145792
255.9727,-0.145797
255.9891,-0.145804
256.0062,-0.145813
256.0228,-0.145821
256.0385,-0.145832
256.0550,-0.145843
256.0724,-0.145853
256.0884,-0.145862
256.1051,-0.145874
256.1223,-0.145885
256.1389,-0.145895
256.1558,-0.145905
256.1717,-0.145917
256.1885,-0.145928
256.2055,-0.145940
256.2216,-0.145950
256.2390,-0.145960
256.2561,-0.145971
256.2718,-0.145980
256.2886,-0.145989
256.3050,-0.145995
256.3221,-0.146002
256.3388,-0.146009
256.3545,-0.146018
256.3721,-0.146026
256.3888,-0.146035
256.4057,-0.146044
256.4222,-0.146053
256.4384,-0.146062
256.4558,-0.146070
256.4724,-0.146076
256.4891,-0.146079
256.5060,-0.146083
256.5226,-0.146086
256.5389,-0.146088
256.5551,-0.146093
256.5721,-0.146098
256.5888,-0.146103
256.6057,-0.146106
256.6226,-0.146111
256.6382,-0.146118
256.6560,-0.146126
256.6724,-0.146132
256.6891,-0.146140
256.7063,-0.146145
256.7222,-0.146149
256.7391,-0.146153
256.7562,-0.146156
256.7730,-0.146160
256.7888,-0.146165
256.8054,-0.146171
256.8227,-0.146176
256.8388,-0.146183
256.8555,-0.146188
256.8723,-0.146194
256.8892,-0.146201
256.9052,-0.146206
256.9232,-0.146214
256.9395,-0.146221
256.9560,-0.146229
256.9723,-0.146239
256.9895,-0.146247
257.0070,-0.146255
257.0239,-0.146262
257.0396,-0.146267
257.0560,-0.146271
257.0725,-0.146273
257.0887,-0.146274
257.1065,-0.146277
257.1227,-0.146281
257.1391,-0.146286
257.1556,-0.146295
257.1723,-0.146302
257.1892,-0.146307
257.2056,-0.146311
257.2219,-0.146315
257.2392,-0.146321
257.2557,-0.146328
257.2720,-0.146334
257.2887,-0.146341
257.3060,-0.146347
257.3215,-0.146354
257.3390,-0.146361
257.3555,-0.146370
257.3725,-0.146379
257.3891,-0.146389
257.4059,-0.146398
257.4213,-0.146404
257.4387,-0.146411
257.4561,-0.146420
257.4716,-0.146427
257.4892,-0.146434
257.5055,-0.146441
257.5218,-0.146449
257.5388,-0.146455
257.5553,-0.146463
257.5715,-0.146474
257.5890,-0.146486
257.6062,-0.146496
257.6216,-0.146504
257.6388,-0.146512
257.6555,-0.146519
257.6718,-0.146524
257.6882,-0.146530
257.7047,-0.146536
257.7210,-0.146542
257.7379,-0.146554
257.7548,-0.146567
257.7719,-0.146579
257.7884,-0.146592
257.8051,-0.146604
257.8224,-0.146614
257.8380,-0.146621
257.8546,-0.146626
257.8717,-0.146631
257.8883,-0.146635
257.9051,-0.146640
257.9219,-0.146649
257.9373,-0.146659
257.9550,-0.146667
257.9720,-0.146676
257.9873,-0.146688
258.0053,-0.146700
258.0213,-0.146710
258.0381,-0.146717
258.0551,-0.146721
258.0707,-0.146724
258.0878,-0.146728
258.1054,-0.146733
258.1220,-0.146736
258.1375,-0.146739
258.1543,-0.146745
258.1711,-0.146748
258.1880,-0.146752
258.2048,-0.146756
258.2208,-0.146760
258.2380,-0.146766
258.2542,-0.146773
258.2706,-0.146780
258.2880,-0.146788
258.3039,-0.146797
258.3218,-0.146805
258.3386,-0.146812
258.3554,-0.146815
258.3712,-0.146819
258.3883,-0.146824
258.4043,-0.146824
258.4210,-0.146822
258.4380,-0.146823
258.4553,-0.146827
258.4717,-0.146830
258.4869,-0.146835
258.5038,-0.146841
258.5213,-0.146848
258.5376,-0.146851
258.5548,-0.146858
258.5707,-0.146864
258.5883,-0.146868
258.6049,-0.146871
258.6213,-0.146874
258.6379,-0.146879
258.6546,-0.146882
258.6714,-0.146885
258.6877,-0.146888
258.7046,-0.146889
258.7209,-0.146892
258.7378,-0.146895
258.7542,-0.146899
258.7719,-0.146904
258.7881,-0.146910
258.8046,-0.146915
258.8215,-0.146921
258.8379,-0.146926
258.8547,-0.146931
258.8725,-0.146936
258.8881,-0.146940
258.9053,-0.146947
258.9216,-0.146953
258.9385,-0.146956
258.9555,-0.146959
258.9723,-0.146962
258.9882,-0.146968
259.0050,-0.146974
259.0222,-0.146979
259.0388,-0.146983
259.0559,-0.146986
259.0721,-0.146988
259.0899,-0.146992
259.1055,-0.146997
259.1223,-0.147002
259.1390,-0.147005
259.1550,-0.147008
259.1721,-0.147012
259.1888,-0.147016
259.2056,-0.147021
259.2226,-0.147026
259.2392,-0.147032
259.2562,-0.147035
259.2720,-0.147038
259.2886,-0.147042
259.3060,-0.147046
259.3221,-0.147051
259.3395,-0.147057
259.3553,-0.147063
259.3717,-0.147068
259.3893,-0.147075
259.4054,-0.147080
259.4221,-0.147085
259.4387,-0.147090
259.4557,-0.147098
259.4720,-0.147104
259.4893,-0.147111
259.5048,-0.147118
259.5222,-0.147125
259.5401,-0.147132
259.5560,-0.147141
259.5729,-0.147149
259.5891,-0.147155
259.6058,-0.147161
259.6221,-0.147164
259.6396,-0.147168
259.6563,-0.147174
259.6726,-0.147179
259.6904,-0.147187
259.7060,-0.147192
259.7225,-0.147198
259.7394,-0.147206
259.7556,-0.147217
259.7732,-0.147226
259.7892,-0.147237
259.8062,-0.147246
259.8227,-0.147253
259.8397,-0.147262
259.8555,-0.147268
259.8727,-0.147273
259.8897,-0.147278
259.9059,-0.147284
259.9223,-0.147289
259.9389,-0.147294
259.9560,-0.147301
259.9724,-0.147308
259.9898,-0.147317
260.0059,-0.147327
260.0221,-0.147336
260.0396,-0.147344
260.0559,-0.147350
260.0730,-0.147356
260.0886,-0.147363
260.1052,-0.147371
260.1223,-0.147381
260.1389,-0.147393
260.1551,-0.147407
260.1726,-0.147419
260.1890,-0.147431
260.2059,-0.147439
260.2225,-0.147448
260.2385,-0.147459
260.2556,-0.147470
260.2722,-0.147480
260.2881,-0.147490
260.3059,-0.147501
260.3220,-0.147510
260.3392,-0.147518
260.3562,-0.147526
260.3723,-0.147533
260.3893,-0.147538
260.4052,-0.147546
260.4215,-0.147556
260.4388,-0.147564
260.4547,-0.147572
260.4718,-0.147583
260.4891,-0.147591
260.5056,-0.147598
260.5214,-0.147605
260.5388,-0.147612
260.5555,-0.147617
260.5719,-0.147622
260.5877,-0.147627
260.6044,-0.147635
260.6221,-0.147644
260.6383,-0.147651
260.6555,-0.147661
260.6722,-0.147670
260.6887,-0.147678
260.7054,-0.147687
260.7219,-0.147697
260.7385,-0.147704
260.7550,-0.147710
260.7718,-0.147718
260.7887,-0.147725
260.8044,-0.147734
260.8215,-0.147742
260.8388,-0.147750
260.8553,-0.147759
260.8724,-0.147768
260.8881,-0.147778
260.9039,-0.147787
260.9213,-0.147793
260.9383,-0.147801
260.9545,-0.147808
260.9725,-0.147814
260.9885,-0.147820
261.0045,-0.147825
261.0221,-0.147831
261.0386,-0.147838
261.0550,-0.147846
261.0716,-0.147853
261.0882,-0.147859
261.1053,-0.147866
261.1216,-0.147872
261.1376,-0.147876
261.1547,-0.147880
261.1716,-0.147883
261.1880,-0.147885
261.2047,-0.147888
261.2211,-0.147893
261.2383,-0.147899
261.2546,-0.147904
261.2715,-0.147910
261.2885,-0.147918
261.3044,-0.147925
261.3214,-0.147931
261.3376,-0.147938
261.3542,-0.147947
261.3713,-0.147954
261.3874,-0.147961
261.4047,-0.147969
261.4217,-0.147975
261.4386,-0.147978
261.4545,-0.147983
261.4715,-0.147986
261.4880,-0.147989
261.5047,-0.147990
261.5213,-0.147995
261.5378,-0.148001
261.5543,-0.148006
261.5713,-0.148013
261.5869,-0.148018
261.6045,-0.148023
261.6212,-0.148027
261.6372,-0.148031
261.6544,-0.148035
261.6707,-0.148041
261.6873,-0.148046
261.7044,-0.148054
261.7213,-0.148062
261.7381,-0.148071
261.7539,-0.148081
261.7712,-0.148090
261.7879,-0.148096
261.8048,-0.148100
261.8218,-0.148104
261.8380,-0.148107
261.8548,-0.148109
261.8712,-0.148113
261.8882,-0.148117
261.9045,-0.148124
261.9219,-0.148129
261.9384,-0.148138
261.9544,-0.148147
261.9725,-0.148156
261.9891,-0.148163
262.0053,-0.148166
262.0217,-0.148168
262.0391,-0.148171
262.0555,-0.148173
262.0726,-0.148178
262.0891,-0.148184
262.1060,-0.148190
262.1226,-0.148194
262.1387,-0.148200
262.1567,-0.148208
262.1729,-0.148210
262.1892,-0.148215
262.2056,-0.148220
262.2230,-0.148225
262.2392,-0.148229
262.2559,-0.148233
262.2725,-0.148240
262.2903,-0.148248
262.3068,-0.148255
262.3233,-0.148261
262.3399,-0.148266
262.3572,-0.148270
262.3731,-0.148275
262.3904,-0.148280
262.4063,-0.148285
262.4228,-0.148289
262.4395,-0.148293
262.4564,-0.148300
262.4739,-0.148309
262.4901,-0.148320
262.5061,-0.148330
262.5233,-0.148338
262.5399,-0.148348
262.5569,-0.148358
262.5741,-0.148370
262.5903,-0.148379
262.6070,-0.148387
262.6234,-0.148396
262.6408,-0.148405
262.6572,-0.148415
262.6731,-0.148426
262.6903,-0.148438
262.7075,-0.148447
262.7234,-0.148457
262.7404,-0.148468
262.7576,-0.148480
262.7736,-0.148490
262.7894,-0.148498
262.8086,-0.148508
262.8241,-0.148516
262.8414,-0.148525
262.8570,-0.148536
262.8738,-0.148546
262.8911,-0.148554
262.9078,-0.148565
262.9242,-0.148576
262.9412,-0.148587
262.9573,-0.148597
262.9750,-0.148608
262.9915,-0.148619
263.0076,-0.148629
263.0243,-0.148640
263.0422,-0.148647
263.0584,-0.148656
263.0749,-0.148665
263.0916,-0.148672
263.1083,-0.148681
263.1245,-0.148691
263.1419,-0.148702
263.1576,-0.148714
263.1754,-0.148725
263.1917,-0.148735
263.2088,-0.148745
263.2252,-0.148751
263.2419,-0.148760
263.2581,-0.148767
263.2750,-0.148774
263.2917,-0.148783
263.3087,-0.148793
263.3251,-0.148801
263.3421,-0.148808
263.3586,-0.148814
263.3757,-0.148823
263.3930,-0.148831
263.4084,-0.148840
263.4256,-0.148851
263.4418,-0.148862
263.4587,-0.148875
263.4761,-0.148888
263.4928,-0.148901
263.5086,-0.148914
263.5258,-0.148926
263.5423,-0.148939
263.5597,-0.148952
263.5764,-0.148964
263.5926,-0.148978
263.6098,-0.148992
263.6265,-0.149006
263.6431,-0.149017
263.6596,-0.149027
263.6765,-0.149035
263.6936,-0.149046
263.7100,-0.149057
263.7262,-0.149066
263.7432,-0.149074
263.7602,-0.149083
263.7763,-0.149089
263.7917,-0.149097
263.8084,-0.149107
263.8250,-0.149115
263.8417,-0.149125
263.8586,-0.149136
263.8758,-0.149148
263.8915,-0.149160
263.9088,-0.149173
263.9255,-0.149188
263.9416,-0.149203
263.9581,-0.149215
263.9753,-0.149228
263.9921,-0.149240
264.0085,-0.149254
264.0249,-0.149265
264.0412,-0.149278
264.0581,-0.149289
264.0757,-0.149300
264.0917,-0.149313
264.1085,-0.149327
264.1253,-0.149342
264.1418,-0.149355
264.1581,-0.149369
264.1754,-0.149382
264.1921,-0.149395
264.2094,-0.149405
264.2254,-0.149417
264.2427,-0.149428
264.2582,-0.149436
264.2756,-0.149444
264.2924,-0.149449
264.3093,-0.149458
264.3262,-0.149466
264.3420,-0.149474
264.3589,-0.149481
264.3755,-0.149490
264.3922,-0.149498
264.4087,-0.149505
264.4256,-0.149513
264.4426,-0.149520
264.4591,-0.149528
264.4760,-0.149534
264.4926,-0.149542
264.5092,-0.149550
264.5260,-0.149558
264.5416,-0.149564
264.5586,-0.149573
264.5753,-0.149582
264.5924,-0.149593
264.6090,-0.149606
264.6255,-0.149620
264.6436,-0.149633
264.6597,-0.149646
264.6764,-0.149658
264.6931,-0.149671
264.7099,-0.149683
264.7265,-0.149691
264.7433,-0.149700
264.7596,-0.149709
264.7769,-0.149717
264.7933,-0.149726
264.8094,-0.149733
264.8268,-0.149741
264.8432,-0.149747
264.8595,-0.149753
264.8757,-0.149758
264.8924,-0.149766
264.9095,-0.149775
264.9253,-0.149785
264.9427,-0.149794
264.9592,-0.149804
264.9764,-0.149816
264.9933,-0.149828
265.0092,-0.149840
265.0254,-0.149849
265.0430,-0.149857
265.0602,-0.149864
265.0754,-0.149870
265.0927,-0.149876
265.1102,-0.149884
265.1266,-0.149890
265.1429,-0.149897
265.1594,-0.149902
265.1755,-0.149906
265.1927,-0.149910
265.2101,-0.149912
265.2263,-0.149918
265.2434,-0.149923
265.2596,-0.149930
265.2761,-0.149936
265.2927,-0.149941
265.3097,-0.149948
265.3259,-0.149955
265.3425,-0.149961
265.3593,-0.149970
265.3767,-0.149978
265.3932,-0.149986
265.4084,-0.149994
265.4261,-0.150001
265.4431,-0.150007
265.4593,-0.150013
265.4766,-0.150019
265.4926,-0.150025
265.5090,-0.150032
265.5265,-0.150036
265.5428,-0.150044
265.5596,-0.150052
265.5760,-0.150061
265.5930,-0.150069
265.6103,-0.150076
265.6270,-0.150083
265.6439,-0.150088
265.6599,-0.150092
265.6760,-0.150092
265.6935,-0.150094
265.7097,-0.150099
265.7265,-0.150105
265.7430,-0.150112
265.7583,-0.150121
265.7768,-0.150132
265.7939,-0.150144
265.8088,-0.150155
265.8266,-0.150168
265.8435,-0.150176
265.8604,-0.150182
265.8770,-0.150187
265.8937,-0.150194
265.9097,-0.150196
265.9267,-0.150199
265.9438,-0.150202
265.9597,-0.150208
265.9767,-0.150214
265.9930,-0.150219
266.0099,-0.150222
266.0268,-0.150224
266.0433,-0.150231
266.0602,-0.150237
266.0765,-0.150247
266.0924,-0.150255
266.1094,-0.150265
266.1269,-0.150275
266.1433,-0.150284
266.1603,-0.150292
266.1766,-0.150301
266.1938,-0.150309
266.2105,-0.150314
266.2275,-0.150322
266.2440,-0.150331
266.2603,-0.150339
266.2770,-0.150348
266.2933,-0.150355
266.3105,-0.150361
266.3271,-0.150366
266.3437,-0.150372
266.3603,-0.150382
266.3772,-0.150390
266.3932,-0.150398
266.4106,-0.150408
266.4274,-0.150417
266.4444,-0.150425
266.4603,-0.150433
266.4770,-0.150441
266.4941,-0.150447
266.5103,-0.150452
266.5271,-0.150456
266.5430,-0.150466
266.5606,-0.150475
266.5769,-0.150485
266.5934,-0.150497
266.6101,-0.150509
266.6273,-0.150521
266.6438,-0.150533
266.6609,-0.150544
266.6776,-0.150554
266.6940,-0.150562
266.7103,-0.150567
266.7273,-0.150576
266.7441,-0.150584
266.7600,-0.150593
266.7767,-0.150601
266.7933,-0.150610
266.8110,-0.150618
266.8277,-0.150626
266.8447,-0.150633
266.8598,-0.150642
266.8772,-0.150651
266.8936,-0.150659
266.9104,-0.150669
266.9270,-0.150678
266.9443,-0.150688
266.9610,-0.150696
266.9774,-0.150706
266.9941,-0.150713
267.0106,-0.150722
267.0276,-0.150728
267.0435,-0.150735
267.0607,-0.150743
267.0772,-0.150752
267.0944,-0.150759
267.1107,-0.150769
267.1272,-0.150780
267.1444,-0.150789
267.1606,-0.150798
267.1778,-0.150807
267.1945,-0.150815
267.2114,-0.150825
267.2272,-0.150831
267.2438,-0.150838
267.2609,-0.150845
267.2770,-0.150855
267.2949,-0.150865
267.3113,-0.150873
267.3278,-0.150881
267.3441,-0.150887
267.3611,-0.150893
267.3772,-0.150897
267.3938,-0.150902
267.4106,-0.150908
267.4277,-0.150914
267.4438,-0.150922
267.4611,-0.150931
267.4768,-0.150938
267.4943,-0.150944
267.5111,-0.150952
267.5274,-0.150961
267.5434,-0.150970
267.5607,-0.150978
267.5781,-0.150986
267.5947,-0.150993
267.6113,-0.151000
267.6278,-0.151011
267.6444,-0.151020
267.6614,-0.151025
267.6779,-0.151030
267.6949,-0.151036
267.7109,-0.151042
267.7287,-0.151051
267.7449,-0.151057
267.7608,-0.151062
267.7777,-0.151070
267.7946,-0.151078
267.8111,-0.151084
267.8275,-0.151094
267.8446,-0.151103
267.8611,-0.151110
267.8777,-0.151118
267.8941,-0.151128
267.9111,-0.151138
267.9274,-0.151147
267.9442,-0.151156
267.9613,-0.151163
267.9777,-0.151170
267.9949,-0.151178
268.0114,-0.151186
268.0283,-0.151196
268.0448,-0.151204
268.0621,-0.151210
268.0774,-0.151216
268.0955,-0.151221
268.1122,-0.151225
268.1280,-0.151230
268.1443,-0.151237
268.1612,-0.151247
268.1772,-0.151260
268.1945,-0.151271
268.2112,-0.151283
268.2278,-0.151294
268.2448,-0.151304
268.2611,-0.151317
268.2772,-0.151324
268.2941,-0.151334
268.3109,-0.151343
268.3282,-0.151354
268.3444,-0.151366
268.3607,-0.151382
268.3777,-0.151396
268.3950,-0.151408
268.4118,-0.151418
268.4285,-0.151427
268.4445,-0.151434
268.4608,-0.151440
268.4773,-0.151445
268.4942,-0.151451
268.5113,-0.151457
268.5274,-0.151463
268.5436,-0.151470
268.5605,-0.151480
268.5772,-0.151488
268.5946,-0.151497
268.6104,-0.151507
268.6283,-0.151518
268.6449,-0.151527
268.6608,-0.151534
268.6768,-0.151541
268.6942,-0.151547
268.7112,-0.151554
268.7273,-0.151560
268.7437,-0.151568
268.7614,-0.151576
268.7769,-0.151583
268.7939,-0.151591
268.8110,-0.151600
268.8273,-0.151608
268.8443,-0.151616
268.8607,-0.151627
268.8774,-0.151637
268.8940,-0.151649
268.9111,-0.151662
268.9278,-0.151672
268.9449,-0.151681
268.9615,-0.151691
268.9784,-0.151701
268.9954,-0.151707
269.0120,-0.151714
269.0291,-0.151719
269.0453,-0.151723
269.0620,-0.151728
269.0781,-0.151730
269.0951,-0.151733
269.1118,-0.151736
269.1287,-0.151740
269.1450,-0.151746
269.1616,-0.151748
269.1786,-0.151753
269.1952,-0.151760
269.2123,-0.151768
269.2290,-0.151776
269.2449,-0.151785
269.2627,-0.151795
269.2792,-0.151802
269.2957,-0.151807
269.3122,-0.151811
269.3289,-0.151814
269.3454,-0.151819
269.3610,-0.151823
269.3777,-0.151828
269.3947,-0.151835
269.4116,-0.151843
269.4288,-0.151851
269.4447,-0.151862
269.4616,-0.151874
269.4783,-0.151885
269.4956,-0.151894
269.5119,-0.151901
269.5282,-0.151909
269.5450,-0.151915
269.5615,-0.151922
269.5782,-0.151931
269.5944,-0.151939
269.6113,-0.151947
269.6280,-0.151957
269.6448,-0.151967
269.6621,-0.151974
269.6778,-0.151981
269.6952,-0.151987
269.7121,-0.151994
269.7284,-0.151999
269.7445,-0.152006
269.7618,-0.152012
269.7788,-0.152018
269.7955,-0.152020
269.8120,-0.152024
269.8291,-0.152028
269.8457,-0.152033
269.8612,-0.152036
269.8784,-0.152042
269.8952,-0.152048
269.9122,-0.152057
269.9290,-0.152066
269.9448,-0.152076
269.9615,-0.152088
269.9787,-0.152096
269.9955,-0.152104
270.0125,-0.152112
270.0283,-0.152121
270.0456,-0.152132
270.0618,-0.152141
270.0787,-0.152149
270.0956,-0.152160
270.1119,-0.152172
270.1286,-0.152182
270.1456,-0.152190
270.1616,-0.152194
270.1800,-0.152199
270.1967,-0.152205
270.2126,-0.152209
270.2287,-0.152213
270.2446,-0.152217
270.2617,-0.152224
270.2794,-0.152230
270.2955,-0.152238
270.3127,-0.152246
270.3301,-0.152253
270.3466,-0.152259
270.3636,-0.152264
270.3794,-0.152269
270.3960,-0.152274
270.4127,-0.152278
270.4294,-0.152283
270.4463,-0.152289
270.4619,-0.152296
270.4786,-0.152305
270.4954,-0.152314
270.5124,-0.152323
270.5293,-0.152333
270.5458,-0.152345
270.5631,-0.152356
270.5789,-0.152368
270.5950,-0.152382
270.6129,-0.152394
270.6286,-0.152402
270.6457,-0.152411
270.6619,-0.152417
270.6797,-0.152422
270.6955,-0.152428
270.7127,-0.152432
270.7299,-0.152438
270.7450,-0.152443
270.7621,-0.152450
270.7789,-0.152462
270.7951,-0.152473
270.8127,-0.152486
270.8285,-0.152502
270.8458,-0.152516
270.8633,-0.152530
270.8791,-0.152545
270.8956,-0.152557
270.9130,-0.152566
270.9284,-0.152573
270.9456,-0.152579
270.9620,-0.152587
270.9781,-0.152593
270.9955,-0.152601
271.0117,-0.152612
271.0288,-0.152622
271.0454,-0.152635
271.0625,-0.152647
271.0788,-0.152661
271.0958,-0.152672
271.1124,-0.152684
271.1293,-0.152697
271.1461,-0.152710
271.1628,-0.152719
271.1790,-0.152728
271.1958,-0.152737
271.2128,-0.152744
271.2293,-0.152754
271.2460,-0.152763
271.2628,-0.152768
271.2785,-0.152774
271.2956,-0.152780
271.3132,-0.152784
271.3297,-0.152787
271.3457,-0.152792
271.3624,-0.152797
271.3788,-0.152805
271.3952,-0.152813
271.4124,-0.152823
271.4294,-0.152835
271.4459,-0.152846
271.4627,-0.152857
271.4795,-0.152864
271.4959,-0.152871
271.5120,-0.152877
271.5292,-0.152886
271.5451,-0.152893
271.5619,-0.152900
271.5780,-0.152907
271.5957,-0.152913
271.6126,-0.152921
271.6288,-0.152931
271.6452,-0.152939
271.6617,-0.152949
271.6787,-0.152960
271.6955,-0.152969
271.7118,-0.152978
271.7282,-0.152986
271.7457,-0.152993
271.7620,-0.153001
271.7785,-0.153009
271.7948,-0.153016
271.8116,-0.153025
271.8285,-0.153034
271.8448,-0.153043
271.8615,-0.153052
271.8787,-0.153062
271.8953,-0.153071
271.9123,-0.153078
271.9286,-0.153086
271.9449,-0.153095
271.9622,-0.153105
271.9777,-0.153119
271.9948,-0.153132
272.0117,-0.153144
272.0284,-0.153154
272.0449,-0.153164
272.0620,-0.153173
272.0780,-0.153182
272.0941,-0.153187
272.1114,-0.153190
272.1286,-0.153194
272.1459,-0.153199
272.1614,-0.153204
272.1774,-0.153211
272.1951,-0.153217
272.2119,-0.153221
272.2282,-0.153225
272.2451,-0.153231
272.2622,-0.153238
272.2779,-0.153243
272.2955,-0.153247
272.3129,-0.153249
272.3284,-0.153254
272.3445,-0.153260
272.3614,-0.153267
272.3780,-0.153273
272.3946,-0.153281
272.4113,-0.153292
272.4286,-0.153302
272.4449,-0.153310
272.4617,-0.153320
272.4788,-0.153330
272.4945,-0.153338
272.5119,-0.153345
272.5286,-0.153353
272.5460,-0.153360
272.5623,-0.153364
272.5786,-0.153369
272.5949,-0.153374
272.6111,-0.153378
272.6285,-0.153383
272.6451,-0.153392
272.6619,-0.153403
272.6782,-0.153414
272.6941,-0.153423
272.7114,-0.153431
272.7289,-0.153439
272.7453,-0.153448
272.7614,-0.153458
272.7778,-0.153468
272.7950,-0.153476
272.8114,-0.153484
272.8289,-0.153495
272.8456,-0.153506
272.8621,-0.153515
272.8782,-0.153523
272.8947,-0.153531
272.9117,-0.153538
272.9284,-0.153545
272.9450,-0.153553
272.9617,-0.153560
272.9778,-0.153567
272.9953,-0.153574
273.0115,-0.153582
273.0283,-0.153589
273.0447,-0.153596
273.0617,-0.153604
273.0782,-0.153612
273.0952,-0.153621
273.1114,-0.153630
273.1286,-0.153639
273.1447,-0.153648
273.1611,-0.153659
273.1789,-0.153668
273.1950,-0.153675
273.2117,-0.153682
273.2289,-0.153689
273.2445,-0.153696
273.2613,-0.153704
273.2780,-0.153709
273.2943,-0.153716
273.3110,-0.153725
273.3284,-0.153734
273.3443,-0.153742
273.3612,-0.153751
273.3785,-0.153758
273.3947,-0.153764
273.4112,-0.153773
273.4283,-0.153782
273.4452,-0.153788
273.4608,-0.153795
273.4771,-0.153803
273.4943,-0.153812
273.5115,-0.153821
273.5282,-0.153831
273.5444,-0.153843
273.5619,-0.153857
273.5776,-0.153870
273.5943,-0.153882
273.6107,-0.153894
273.6272,-0.153903
273.6448,-0.153913
273.6613,-0.153924
273.6777,-0.153935
273.6944,-0.153945
273.7111,-0.153955
273.7277,-0.153964
273.7444,-0.153972
273.7613,-0.153980
273.7770,-0.153990
273.7943,-0.154000
273.8104,-0.154009
273.8273,-0.154017
273.8438,-0.154026
273.8612,-0.154033
273.8778,-0.154037
273.8947,-0.154043
273.9102,-0.154048
273.9276,-0.154054
273.9443,-0.154060
273.9606,-0.154066
273.9782,-0.154076
273.9945,-0.154085
274.0104,-0.154097
274.0273,-0.154110
274.0444,-0.154120
274.0616,-0.154129
274.0775,-0.154137
274.0943,-0.154145
274.1113,-0.154149
274.1278,-0.154150
274.1443,-0.154152
274.1615,-0.154155
274.1782,-0.154158
274.1940,-0.154160
274.2101,-0.154166
274.2275,-0.154176
274.2441,-0.154188
274.2606,-0.154200
274.2773,-0.154212
274.2942,-0.154223
274.3110,-0.154231
274.3274,-0.154241
274.3440,-0.154249
274.3604,-0.154256
274.3772,-0.154261
274.3941,-0.154267
274.4120,-0.154271
274.4281,-0.154275
274.4441,-0.154279
274.4616,-0.154284
274.4774,-0.154289
274.4942,-0.154295
274.5110,-0.154303
274.5279,-0.154314
274.5448,-0.154324
274.5607,-0.154334
274.5778,-0.154343
274.5949,-0.154352
274.6115,-0.154362
274.6273,-0.154369
274.6442,-0.154374
274.6611,-0.154379
274.6781,-0.154386
274.6947,-0.154395
274.7112,-0.154406
274.7275,-0.154415
274.7450,-0.154423
274.7620,-0.154429
274.7782,-0.154435
274.7949,-0.154439
274.8107,-0.154444
274.8280,-0.154446
274.8440,-0.154449
274.8614,-0.154455
274.8780,-0.154462
274.8946,-0.154473
274.9110,-0.154483
274.9283,-0.154493
274.9455,-0.154503
274.9616,-0.154512
274.9781,-0.154522
274.9947,-0.154531
275.0107,-0.154539
275.0284,-0.154548
275.0445,-0.154557
275.0611,-0.154565
275.0779,-0.154574
275.0946,-0.154582
275.1118,-0.154587
275.1286,-0.154594
275.1454,-0.154603
275.1621,-0.154612
275.1781,-0.154623
275.1946,-0.154633
275.2120,-0.154646
275.2278,-0.154659
275.2451,-0.154670
275.2610,-0.154682
275.2784,-0.154693
275.2959,-0.154704
275.3123,-0.154714
275.3281,-0.154725
275.3451,-0.154737
275.3616,-0.154748
275.3780,-0.154760
275.3947,-0.154772
275.4126,-0.154786
275.4286,-0.154799
275.4450,-0.154813
275.4623,-0.154826
275.4793,-0.154837
275.4962,-0.154848
275.5124,-0.154859
275.5294,-0.154868
275.5462,-0.154874
275.5622,-0.154883
275.5798,-0.154891
275.5961,-0.154902
275.6120,-0.154914
275.6295,-0.154923
275.6454,-0.154933
275.6627,-0.154943
275.6784,-0.154954
275.6957,-0.154963
275.7116,-0.154974
275.7289,-0.154984
275.7450,-0.154994
275.7633,-0.155004
275.7792,-0.155015
275.7961,-0.155030
275.8125,-0.155041
275.8290,-0.155053
275.8455,-0.155063
275.8632,-0.155075
275.8792,-0.155091
275.8949,-0.155105
275.9127,-0.155117
275.9280,-0.155128
275.9455,-0.155138
275.9617,-0.155151
275.9780,-0.155162
275.9952,-0.155173
276.0112,-0.155187
276.0278,-0.155199
276.0444,-0.155213
276.0613,-0.155227
276.0782,-0.155241
276.0950,-0.155258
276.1118,-0.155275
276.1288,-0.155291
276.1447,-0.155307
276.1620,-0.155321
276.1791,-0.155337
276.1945,-0.155351
276.2121,-0.155366
276.2286,-0.155378
276.2450,-0.155389
276.2621,-0.155400
276.2792,-0.155413
276.2950,-0.155422
276.3111,-0.155433
276.3284,-0.155444
276.3462,-0.155457
276.3621,-0.155469
276.3784,-0.155483
276.3955,-0.155494
276.4120,-0.155503
276.4290,-0.155508
276.4453,-0.155515
276.4615,-0.155522
276.4782,-0.155529
276.4949,-0.155538
276.5116,-0.155546
276.5290,-0.155555
276.5449,-0.155566
276.5614,-0.155579
276.5779,-0.155591
276.5943,-0.155603
276.6118,-0.155613
276.6281,-0.155623
276.6448,-0.155634
276.6617,-0.155646
276.6792,-0.155659
276.6947,-0.155671
276.7112,-0.155682
276.7281,-0.155692
276.7445,-0.155702
276.7623,-0.155714
276.7785,-0.155726
276.7952,-0.155737
276.8116,-0.155746
276.8286,-0.155752
276.8456,-0.155756
276.8622,-0.155762
276.8791,-0.155767
276.8946,-0.155773
276.9113,-0.155780
276.9275,-0.155786
276.9445,-0.155794
276.9619,-0.155802
276.9785,-0.155812
276.9951,-0.155824
277.0120,-0.155837
277.0284,-0.155848
277.0449,-0.155858
277.0616,-0.155869
277.0786,-0.155878
277.0948,-0.155887
277.1116,-0.155892
277.1281,-0.155900
277.1455,-0.155907
277.1615,-0.155915
277.1775,-0.155927
277.1940,-0.155940
277.2115,-0.155951
277.2284,-0.155962
277.2444,-0.155975
277.2608,-0.155989
277.2779,-0.156002
277.2943,-0.156014
277.3114,-0.156028
277.3276,-0.156040
277.3446,-0.156052
277.3618,-0.156063
277.3775,-0.156073
277.3952,-0.156084
277.4109,-0.156093
277.4278,-0.156102
277.4443,-0.156115
277.4609,-0.156129
277.4775,-0.156142
277.4943,-0.156157
277.5112,-0.156171
277.5280,-0.156185
277.5445,-0.156201
277.5613,-0.156214
277.5785,-0.156224
277.5940,-0.156231
277.6104,-0.156238
277.6281,-0.156246
277.6444,-0.156255
277.6612,-0.156264
277.6779,-0.156273
277.6943,-0.156282
277.7111,-0.156293
277.7274,-0.156306
277.7441,-0.156317
277.7608,-0.156328
277.7780,-0.156338
277.7942,-0.156345
277.8109,-0.156352
277.8273,-0.156361
277.8443,-0.156373
277.8606,-0.156383
277.8774,-0.156392
277.8942,-0.156402
277.9116,-0.156410
277.9279,-0.156417
277.9444,-0.156425
277.9608,-0.156433
277.9778,-0.156441
277.9945,-0.156447
278.0102,-0.156455
278.0274,-0.156463
278.0444,-0.156475
278.0611,-0.156484
278.0773,-0.156491
278.0943,-0.156499
278.1114,-0.156508
278.1278,-0.156518
278.1439,-0.156527
278.1604,-0.156535
278.1782,-0.156542
278.1941,-0.156548
278.2115,-0.156556
278.2274,-0.156565
278.2443,-0.156574
278.2604,-0.156584
278.2778,-0.156595
278.2948,-0.156607
278.3107,-0.156620
278.3278,-0.156633
278.3445,-0.156642
278.3612,-0.156650
278.3779,-0.156659
278.3943,-0.156667
278.4106,-0.156674
278.4275,-0.156680
278.4447,-0.156687
278.4612,-0.156696
278.4776,-0.156704
278.4948,-0.156713
278.5109,-0.156722
278.5277,-0.156732
278.5444,-0.156743
278.5606,-0.156750
278.5781,-0.156757
278.5949,-0.156766
278.6113,-0.156774
278.6281,-0.156785
278.6434,-0.156796
278.6611,-0.156804
278.6773,-0.156812
278.6939,-0.156824
278.7115,-0.156836
278.7274,-0.156848
278.7450,-0.156858
278.7616,-0.156867
278.7776,-0.156876
278.7947,-0.156881
278.8126,-0.156888
278.8278,-0.156896
278.8441,-0.156908
278.8614,-0.156920
278.8775,-0.156931
278.8942,-0.156942
278.9113,-0.156953
278.9279,-0.156965
278.9454,-0.156977
278.9611,-0.156987
278.9779,-0.156999
278.9944,-0.157009
279.0113,-0.157018
279.0280,-0.157027
279.0451,-0.157039
279.0617,-0.157049
279.0785,-0.157059
279.0940,-0.157068
279.1111,-0.157077
279.1280,-0.157085
279.1449,-0.157094
279.1608,-0.157104
279.1774,-0.157114
279.1943,-0.157125
279.2119,-0.157139
279.2277,-0.157152
279.2453,-0.157165
279.2608,-0.157179
279.2776,-0.157191
279.2946,-0.157204
279.3108,-0.157218
279.3273,-0.157231
279.3443,-0.157245
279.3618,-0.157258
279.3781,-0.157273
279.3946,-0.157287
279.4114,-0.157299
279.4283,-0.157309
279.4444,-0.157317
279.4615,-0.157325
279.4774,-0.157332
279.4939,-0.157340
279.5110,-0.157349
279.5272,-0.157357
279.5441,-0.157368
279.5602,-0.157376
279.5778,-0.157387
279.5946,-0.157400
279.6104,-0.157413
279.6281,-0.157426
279.6443,-0.157439
279.6614,-0.157449
279.6787,-0.157456
279.6949,-0.157461
279.7115,-0.157467
279.7282,-0.157473
279.7447,-0.157479
279.7612,-0.157488
279.7773,-0.157499
279.7945,-0.157511
279.8116,-0.157524
279.8282,-0.157537
279.8448,-0.157550
279.8625,-0.157560
279.8778,-0.157570
279.8946,-0.157578
279.9113,-0.157584
279.9276,-0.157591
279.9453,-0.157598
279.9612,-0.157604
279.9775,-0.157611
279.9954,-0.157618
280.0116,-0.157625
280.0281,-0.157633
280.0453,-0.157642
280.0614,-0.157655
280.0782,-0.157667
280.0947,-0.157682
280.1118,-0.157693
280.1286,-0.157704
280.1452,-0.157715
280.1617,-0.157723
280.1784,-0.157732
280.1945,-0.157738
280.2117,-0.157744
280.2274,-0.157751
280.2448,-0.157762
280.2613,-0.157774
280.2780,-0.157788
280.2946,-0.157802
280.3119,-0.157817
280.3287,-0.157830
280.3454,-0.157840
280.3615,-0.157850
280.3792,-0.157860
280.3960,-0.157871
280.4117,-0.157883
280.4279,-0.157894
280.4451,-0.157905
280.4620,-0.157915
280.4783,-0.157927
280.4950,-0.157940
280.5114,-0.157953
280.5287,-0.157961
280.5449,-0.157970
280.5615,-0.157978
280.5783,-0.157991
280.5946,-0.158006
280.6115,-0.158019
280.6281,-0.158034
280.6449,-0.158047
280.6619,-0.158059
280.6785,-0.158072
280.6947,-0.158082
280.7112,-0.158090
280.7285,-0.158098
280.7445,-0.158108
280.7610,-0.158119
280.7776,-0.158132
280.7943,-0.158147
280.8116,-0.158161
280.8280,-0.158171
280.8447,-0.158181
280.8614,-0.158192
280.8780,-0.158202
280.8935,-0.158212
280.9106,-0.158224
280.9276,-0.158236
280.9445,-0.158250
280.9614,-0.158264
280.9774,-0.158280
280.9944,-0.158296
281.0109,-0.158312
281.0275,-0.158329
281.0435,-0.158346
281.0605,-0.158363
281.0779,-0.158376
281.0952,-0.158387
281.1119,-0.158397
281.1275,-0.158407
281.1443,-0.158417
281.1606,-0.158427
281.1778,-0.158435
281.1937,-0.158444
281.2104,-0.158455
281.2277,-0.158465
281.2442,-0.158475
281.2607,-0.158485
281.2769,-0.158494
281.2940,-0.158506
281.3098,-0.158519
281.3274,-0.158532
281.3440,-0.158545
281.3608,-0.158556
281.3778,-0.158568
281.3940,-0.158580
281.4113,-0.158590
281.4267,-0.158599
281.4446,-0.158606
281.4609,-0.158613
281.4776,-0.158622
281.4948,-0.158631
281.5111,-0.158641
281.5267,-0.158649
281.5441,-0.158659
281.5606,-0.158670
281.5776,-0.158679
281.5933,-0.158687
281.6102,-0.158696
281.6273,-0.158705
281.6436,-0.158713
281.6606,-0.158723
281.6767,-0.158734
281.6929,-0.158745
281.7102,-0.158758
281.7266,-0.158769
281.7441,-0.158783
281.7609,-0.158794
281.7763,-0.158806
281.7941,-0.158815
281.8104,-0.158823
281.8275,-0.158831
281.8435,-0.158838
281.8599,-0.158847
281.8766,-0.158858
281.8930,-0.158868
281.9096,-0.158877
281.9261,-0.158888
281.9435,-0.158903
281.9604,-0.158916
281.9771,-0.158928
281.9929,-0.158937
282.0096,-0.158945
282.0268,-0.158953
282.0433,-0.158961
282.0597,-0.158969
282.0764,-0.158979
282.0933,-0.158988
282.1106,-0.158996
282.1266,-0.159008
282.1435,-0.159020
282.1606,-0.159030
282.1762,-0.159040
282.1935,-0.159049
282.2104,-0.159058
282.2270,-0.159066
282.2437,-0.159074
282.2607,-0.159083
282.2769,-0.159093
282.2928,-0.159100
282.3093,-0.159107
282.3270,-0.159114
282.3430,-0.159124
282.3602,-0.159131
282.3764,-0.159142
282.3937,-0.159153
282.4102,-0.159160
282.4269,-0.159171
282.4437,-0.159182
282.4607,-0.159192
282.4771,-0.159201
282.4940,-0.159209
282.5104,-0.159217
282.5272,-0.159224
282.5435,-0.159228
282.5605,-0.159236
282.5768,-0.159246
282.5932,-0.159260
282.6104,-0.159272
282.6272,-0.159284
282.6434,-0.159295
282.6609,-0.159308
282.6774,-0.159320
282.6933,-0.159330
282.7101,-0.159341
282.7267,-0.159350
282.7437,-0.159358
282.7595,-0.159368
282.7763,-0.159380
282.7940,-0.159392
282.8105,-0.159404
282.8267,-0.159419
282.8438,-0.159433
282.8607,-0.159447
282.8775,-0.159459
282.8934,-0.159470
282.9103,-0.159482
282.9268,-0.159492
282.9442,-0.159498
282.9607,-0.159506
282.9776,-0.159515
282.9940,-0.159523
283.0104,-0.159531
283.0274,-0.159541
283.0442,-0.159551
283.0604,-0.159562
283.0768,-0.159574
283.0940,-0.159587
283.1105,-0.159600
283.1267,-0.159612
283.1435,-0.159624
283.1609,-0.159635
283.1774,-0.159644
283.1941,-0.159653
283.2099,-0.159661
283.2270,-0.159670
283.2444,-0.159678
283.2603,-0.159687
283.2776,-0.159696
283.2944,-0.159707
283.3105,-0.159719
283.3275,-0.159731
283.3438,-0.159744
283.3608,-0.159755
283.3782,-0.159765
283.3950,-0.159776
283.4118,-0.159786
283.4276,-0.159794
283.4441,-0.159801
283.4605,-0.159809
283.4771,-0.159819
283.4943,-0.159828
283.5119,-0.159838
283.5284,-0.159850
283.5448,-0.159862
283.5616,-0.159875
283.5775,-0.159887
283.5947,-0.159902
283.6119,-0.159917
283.6282,-0.159934
283.6447,-0.159948
283.6619,-0.159961
283.6791,-0.159975
283.6955,-0.159989
283.7126,-0.160004
283.7285,-0.160017
283.7450,-0.160031
283.7619,-0.160044
283.7786,-0.160056
283.7954,-0.160068
283.8112,-0.160082
283.8287,-0.160095
283.8451,-0.160105
283.8618,-0.160119
283.8786,-0.160133
283.8951,-0.160149
283.9117,-0.160163
283.9290,-0.160178
283.9456,-0.160195
283.9620,-0.160211
283.9786,-0.160226
283.9947,-0.160240
284.0121,-0.160255
284.0283,-0.160271
284.0453,-0.160286
284.0619,-0.160302
284.0785,-0.160316
284.0957,-0.160329
284.1109,-0.160343
284.1282,-0.160355
284.1456,-0.160367
284.1615,-0.160381
284.1787,-0.160394
284.1949,-0.160410
284.2119,-0.160427
284.2284,-0.160446
284.2445,-0.160465
284.2621,-0.160482
284.2782,-0.160500
284.2950,-0.160519
284.3120,-0.160536
284.3279,-0.160553
284.3449,-0.160569
284.3615,-0.160585
284.3785,-0.160603
284.3944,-0.160619
284.4114,-0.160636
284.4286,-0.160654
284.4456,-0.160673
284.4617,-0.160690
284.4777,-0.160708
284.4947,-0.160726
284.5120,-0.160741
284.5291,-0.160755
284.5443,-0.160772
284.5620,-0.160786
284.5780,-0.160797
284.5951,-0.160805
284.6118,-0.160815
284.6287,-0.160826
284.6441,-0.160839
284.6619,-0.160852
284.6785,-0.160867
284.6948,-0.160886
284.7120,-0.160907
284.7281,-0.160927
284.7453,-0.160946
284.7622,-0.160961
284.7792,-0.160974
284.7955,-0.160987
284.8122,-0.160995
284.8289,-0.161001
284.8449,-0.161007
284.8614,-0.161014
284.8784,-0.161022
284.8943,-0.161031
284.9115,-0.161042
284.9282,-0.161056
284.9444,-0.161071
284.9619,-0.161085
284.9778,-0.161099
284.9951,-0.161114
285.0113,-0.161129
285.0286,-0.161143
285.0449,-0.161152
285.0614,-0.161163
285.0784,-0.161174
285.0947,-0.161185
285.1116,-0.161195
285.1277,-0.161207
285.1451,-0.161220
285.1618,-0.161234
285.1786,-0.161249
285.1942,-0.161261
285.2114,-0.161271
285.2282,-0.161281
285.2452,-0.161293
285.2617,-0.161304
285.2782,-0.161316
285.2951,-0.161324
285.3119,-0.161333
285.3286,-0.161341
285.3446,-0.161350
285.3617,-0.161360
285.3787,-0.161371
285.3953,-0.161380
285.4115,-0.161390
285.4288,-0.161401
285.4443,-0.161411
285.4623,-0.161423
285.4793,-0.161435
285.4953,-0.161443
285.5121,-0.161453
285.5288,-0.161462
285.5450,-0.161472
285.5620,-0.161483
285.5779,-0.161495
285.5952,-0.161508
285.6125,-0.161523
285.6291,-0.161541
285.6461,-0.161558
285.6625,-0.161576
285.6794,-0.161591
285.6960,-0.161604
285.7125,-0.161618
285.7287,-0.161633
285.7456,-0.161644
285.7623,-0.161655
285.7790,-0.161667
285.7960,-0.161680
285.8126,-0.161694
285.8293,-0.161708
285.8460,-0.161721
285.8630,-0.161730
285.8795,-0.161742
285.8965,-0.161754
285.9123,-0.161764
285.9287,-0.161775
285.9460,-0.161785
285.9629,-0.161794
285.9798,-0.161805
285.9956,-0.161818
286.0128,-0.161834
286.0294,-0.161848
286.0463,-0.161862
286.0624,-0.161876
286.0800,-0.161891
286.0964,-0.161905
286.1133,-0.161919
286.1296,-0.161932
286.1460,-0.161945
286.1629,-0.161958
286.1801,-0.161971
286.1959,-0.161983
286.2126,-0.161992
286.2297,-0.162004
286.2458,-0.162016
286.2629,-0.162031
286.2795,-0.162048
286.2965,-0.162064
286.3133,-0.162081
286.3306,-0.162100
286.3466,-0.162115
286.3637,-0.162128
286.3802,-0.162140
286.3962,-0.162152
286.4131,-0.162165
286.4302,-0.162178
286.4468,-0.162190
286.4636,-0.162205
286.4802,-0.162223
286.4968,-0.162239
286.5133,-0.162256
286.5301,-0.162270
286.5471,-0.162285
286.5635,-0.162297
286.5800,-0.162312
286.5969,-0.162323
286.6138,-0.162336
286.6309,-0.162348
286.6472,-0.162361
286.6635,-0.162372
286.6801,-0.162383
286.6973,-0.162394
286.7141,-0.162407
286.7302,-0.162422
286.7469,-0.162438
286.7643,-0.162453
286.7805,-0.162467
286.7972,-0.162483
286.8145,-0.162498
286.8311,-0.162511
286.8473,-0.162526
286.8638,-0.162539
286.8808,-0.162552
286.8976,-0.162565
286.9145,-0.162579
286.9307,-0.162593
286.9468,-0.162608
286.9641,-0.162623
286.9805,-0.162640
286.9968,-0.162657
287.0139,-0.162672
287.0309,-0.162688
287.0472,-0.162706
287.0642,-0.162725
287.0801,-0.162742
287.0963,-0.162759
287.1136,-0.162774
287.1308,-0.162791
287.1477,-0.162808
287.1635,-0.162825
287.1805,-0.162842
287.1972,-0.162861
287.2135,-0.162879
287.2305,-0.162897
287.2475,-0.162914
287.2645,-0.162934
287.2799,-0.162952
287.2967,-0.162969
287.3132,-0.162983
287.3303,-0.162996
287.3471,-0.163011
287.3634,-0.163026
287.3799,-0.163040
287.3965,-0.163055
287.4139,-0.163070
287.4310,-0.163084
287.4468,-0.163099
287.4632,-0.163115
287.4808,-0.163131
287.4965,-0.163146
287.5136,-0.163161
287.5301,-0.163177
287.5468,-0.163193
287.5637,-0.163207
287.5799,-0.163222
287.5971,-0.163236
287.6127,-0.163249
287.6303,-0.163264
287.6463,-0.163276
287.6636,-0.163288
287.6803,-0.163299
287.6969,-0.163313
287.7139,-0.163324
287.7306,-0.163336
287.7469,-0.163347
287.7635,-0.163361
287.7805,-0.163373
287.7968,-0.163385
287.8132,-0.163397
287.8306,-0.163410
287.8471,-0.163424
287.8635,-0.163438
287.8803,-0.163450
287.8967,-0.163464
287.9133,-0.163478
287.9303,-0.163494
287.9467,-0.163510
287.9637,-0.163524
287.9809,-0.163538
287.9974,-0.163548
288.0145,-0.163559
288.0305,-0.163568
288.0474,-0.163578
288.0642,-0.163588
288.0802,-0.163599
288.0976,-0.163611
288.1147,-0.163625
288.1312,-0.163637
288.1474,-0.163649
288.1638,-0.163661
288.1810,-0.163672
288.1973,-0.163680
288.2139,-0.163691
288.2305,-0.163700
288.2480,-0.163711
288.2642,-0.163722
288.2802,-0.163732
288.2979,-0.163743
288.3143,-0.163757
288.3314,-0.163768
288.3476,-0.163783
288.3638,-0.163796
288.3811,-0.163810
288.3974,-0.163824
288.4145,-0.163836
288.4312,-0.163846
288.4474,-0.163858
288.4646,-0.163868
288.4808,-0.163880
288.4975,-0.163891
288.5139,-0.163901
288.5305,-0.163913
288.5474,-0.163928
288.5639,-0.163944
288.5805,-0.163959
288.5977,-0.163972
288.6146,-0.163986
288.6314,-0.164000
288.6475,-0.164015
288.6644,-0.164029
288.6809,-0.164043
288.6975,-0.164061
288.7141,-0.164077
288.7310,-0.164094
288.7471,-0.164112
288.7635,-0.164129
288.7814,-0.164147
288.7973,-0.164168
288.8142,-0.164185
288.8304,-0.164200
288.8470,-0.164214
288.8645,-0.164226
288.8808,-0.164239
288.8970,-0.164253
288.9142,-0.164265
288.9308,-0.164280
288.9470,-0.164293
288.9641,-0.164307
288.9798,-0.164320
288.9970,-0.164335
289.0139,-0.164351
289.0303,-0.164367
289.0471,-0.164384
289.0642,-0.164399
289.0811,-0.164417
289.0980,-0.164436
289.1147,-0.164454
289.1306,-0.164472
289.1468,-0.164487
289.1643,-0.164501
289.1808,-0.164513
289.1974,-0.164526
289.2141,-0.164541
289.2307,-0.164556
289.2464,-0.164569
289.2642,-0.164581
289.2808,-0.164593
289.2975,-0.164610
289.3139,-0.164628
289.3306,-0.164646
289.3468,-0.164662
289.3638,-0.164677
289.3809,-0.164691
289.3969,-0.164706
289.4138,-0.164720
289.4306,-0.164731
289.4465,-0.164744
289.4638,-0.164758
289.4804,-0.164773
289.4968,-0.164788
289.5137,-0.164807
289.5305,-0.164825
289.5469,-0.164844
289.5632,-0.164859
289.5802,-0.164873
289.5968,-0.164887
289.6131,-0.164899
289.6296,-0.164911
289.6465,-0.164923
289.6634,-0.164934
289.6799,-0.164948
289.6966,-0.164962
289.7130,-0.164975
289.7300,-0.164988
289.7469,-0.165000
289.7631,-0.165012
289.7800,-0.165026
289.7960,-0.165039
289.8134,-0.165051
289.8300,-0.165064
289.8471,-0.165078
289.8638,-0.165091
289.8799,-0.165104
289.8963,-0.165116
289.9132,-0.165129
289.9302,-0.165141
289.9460,-0.165153
289.9628,-0.165166
289.9799,-0.165178
289.9962,-0.165190
290.0127,-0.165200
290.0298,-0.165211
290.0460,-0.165223
290.0627,-0.165235
290.0802,-0.165250
290.0963,-0.165264
290.1131,-0.165279
290.1303,-0.165295
290.1461,-0.165311
290.1634,-0.165323
290.1796,-0.165334
290.1962,-0.165341
290.2136,-0.165350
290.2298,-0.165358
290.2458,-0.165366
290.2634,-0.165374
290.2793,-0.165381
290.2965,-0.165389
290.3131,-0.165399
290.3301,-0.165412
290.3460,-0.165423
290.3629,-0.165433
290.3795,-0.165441
290.3965,-0.165448
290.4135,-0.165456
290.4301,-0.165464
290.4467,-0.165475
290.4631,-0.165484
290.4798,-0.165491
290.4966,-0.165498
290.5138,-0.165508
290.5304,-0.165520
290.5468,-0.165531
290.5632,-0.165542
290.5798,-0.165553
290.5963,-0.165564
290.6143,-0.165577
290.6298,-0.165590
290.6470,-0.165601
290.6645,-0.165612
290.6803,-0.165622
290.6965,-0.165634
290.7134,-0.165646
290.7304,-0.165655
290.7470,-0.165668
290.7641,-0.165679
290.7803,-0.165689
290.7971,-0.165701
290.8142,-0.165713
290.8309,-0.165724
290.8465,-0.165734
290.8635,-0.165746
290.8805,-0.165760
290.8972,-0.165774
290.9134,-0.165788
290.9302,-0.165801
290.9461,-0.165816
290.9634,-0.165830
290.9802,-0.165843
290.9971,-0.165857
291.0135,-0.165869
291.0301,-0.165883
291.0465,-0.165898
291.0636,-0.165914
291.0804,-0.165933
291.0973,-0.165951
291.1136,-0.165968
291.1312,-0.165987
291.1478,-0.166002
291.1647,-0.166017
291.1799,-0.166029
291.1978,-0.166042
291.2136,-0.166055
291.2299,-0.166070
291.2469,-0.166085
291.2638,-0.166100
291.2807,-0.166117
291.2969,-0.166136
291.3134,-0.166154
291.3306,-0.166171
291.3470,-0.166188
291.3636,-0.166200
291.3802,-0.166211
291.3970,-0.166225
291.4135,-0.166240
291.4310,-0.166254
291.4459,-0.166270
291.4632,-0.166287
291.4797,-0.166306
291.4974,-0.166323
291.5137,-0.166342
291.5301,-0.166360
291.5474,-0.166377
291.5638,-0.166393
291.5800,-0.166409
291.5965,-0.166423
291.6126,-0.166436
291.6301,-0.166451
291.6457,-0.166465
291.6636,-0.166480
291.6800,-0.166496
291.6960,-0.166512
291.7135,-0.166530
291.7300,-0.166549
291.7466,-0.166569
291.7637,-0.166588
291.7797,-0.166605
291.7967,-0.166620
291.8136,-0.166634
291.8300,-0.166648
291.8468,-0.166660
291.8621,-0.166673
291.8796,-0.166687
291.8969,-0.166701
291.9129,-0.166712
291.9301,-0.166724
291.9464,-0.166737
291.9636,-0.166753
291.9802,-0.166767
291.9958,-0.166781
292.0129,-0.166796
292.0300,-0.166810
292.0463,-0.166828
292.0628,-0.166847
292.0797,-0.166863
292.0966,-0.166877
292.1132,-0.166889
292.1303,-0.166903
292.1467,-0.166918
292.1633,-0.166930
292.1802,-0.166943
292.1964,-0.166956
292.2135,-0.166967
292.2304,-0.166982
292.2463,-0.166995
292.2636,-0.167009
292.2803,-0.167022
292.2964,-0.167034
292.3136,-0.167045
292.3295,-0.167057
292.3469,-0.167071
292.3629,-0.167085
292.3802,-0.167104
292.3964,-0.167121
292.4126,-0.167138
292.4293,-0.167156
292.4452,-0.167176
292.4637,-0.167194
292.4799,-0.167213
292.4968,-0.167230
292.5137,-0.167245
292.5309,-0.167258
292.5464,-0.167272
292.5635,-0.167287
292.5803,-0.167300
292.5975,-0.167311
292.6132,-0.167320
292.6301,-0.167333
292.6472,-0.167344
292.6628,-0.167355
292.6794,-0.167366
292.6966,-0.167379
292.7126,-0.167392
292.7295,-0.167406
292.7462,-0.167422
292.7632,-0.167436
292.7790,-0.167449
292.7965,-0.167461
292.8126,-0.167472
292.8296,-0.167486
292.8457,-0.167501
292.8626,-0.167521
292.8795,-0.167537
292.8959,-0.167553
292.9126,-0.167566
292.9297,-0.167580
292.9460,-0.167592
292.9619,-0.167606
292.9789,-0.167619
292.9956,-0.167636
293.0125,-0.167653
293.0287,-0.167672
293.0454,-0.167691
293.0615,-0.167708
293.0792,-0.167724
293.0947,-0.167737
293.1122,-0.167751
293.1295,-0.167767
293.1448,-0.167783
293.1625,-0.167798
293.1790,-0.167813
293.1952,-0.167828
293.2120,-0.167843
293.2283,-0.167860
293.2451,-0.167875
293.2620,-0.167892
293.2787,-0.167907
293.2954,-0.167919
293.3128,-0.167932
293.3287,-0.167947
293.3456,-0.167961
293.3616,-0.167974
293.3781,-0.167988
293.3946,-0.168003
293.4121,-0.168019
293.4284,-0.168035
293.4450,-0.168050
293.4624,-0.168066
293.4785,-0.168084
293.4951,-0.168102
293.5120,-0.168118
293.5287,-0.168131
293.5459,-0.168145
293.5627,-0.168159
293.5788,-0.168171
293.5954,-0.168183
293.6118,-0.168196
293.6297,-0.168209
293.6458,-0.168222
293.6627,-0.168238
293.6790,-0.168252
293.6953,-0.168267
293.7119,-0.168279
293.7285,-0.168294
293.7455,-0.168307
293.7613,-0.168321
293.7780,-0.168336
293.7955,-0.168351
293.8124,-0.168366
293.8285,-0.168383
293.8446,-0.168399
293.8621,-0.168414
293.8787,-0.168427
293.8949,-0.168440
293.9122,-0.168454
293.9286,-0.168469
293.9455,-0.168483
293.9620,-0.168500
293.9782,-0.168514
293.9949,-0.168531
294.0116,-0.168547
294.0289,-0.168562
294.0458,-0.168575
294.0616,-0.168587
294.0784,-0.168598
294.0948,-0.168609
294.1119,-0.168622
294.1286,-0.168637
294.1453,-0.168654
294.1622,-0.168671
294.1786,-0.168687
294.1948,-0.168700
294.2118,-0.168714
294.2285,-0.168729
294.2449,-0.168745
294.2614,-0.168759
294.2781,-0.168774
294.2954,-0.168788
294.3116,-0.168802
294.3290,-0.168816
294.3453,-0.168830
294.3620,-0.168840
294.3783,-0.168849
294.3949,-0.168857
294.4115,-0.168868
294.4285,-0.168880
294.4447,-0.168892
294.4621,-0.168906
294.4783,-0.168922
294.4955,-0.168938
294.5122,-0.168953
294.5281,-0.168967
294.5457,-0.168978
294.5625,-0.168988
294.5781,-0.168997
294.5946,-0.169009
294.6124,-0.169019
294.6284,-0.169030
294.6451,-0.169041
294.6620,-0.169055
294.6785,-0.169070
294.6955,-0.169086
294.7123,-0.169105
294.7289,-0.169122
294.7459,-0.169141
294.7627,-0.169157
294.7797,-0.169171
294.7958,-0.169188
294.8128,-0.169202
294.8303,-0.169212
294.8461,-0.169224
294.8619,-0.169236
294.8800,-0.169248
294.8958,-0.169260
294.9125,-0.169274
294.9294,-0.169288
294.9460,-0.169302
294.9632,-0.169317
294.9797,-0.169333
294.9963,-0.169351
295.0130,-0.169367
295.0301,-0.169385
295.0470,-0.169402
295.0634,-0.169420
295.0799,-0.169437
295.0965,-0.169452
295.1137,-0.169469
295.1301,-0.169484
295.1467,-0.169500
295.1633,-0.169516
295.1799,-0.169533
295.1965,-0.169551
295.2138,-0.169572
295.2298,-0.169598
295.2466,-0.169618
295.2628,-0.169639
295.2806,-0.169659
295.2978,-0.169679
295.3141,-0.169697
295.3304,-0.169715
295.3467,-0.169733
295.3635,-0.169747
295.3806,-0.169764
295.3975,-0.169780
295.4144,-0.169798
295.4301,-0.169815
295.4471,-0.169831
295.4630,-0.169847
295.4799,-0.169863
295.4966,-0.169879
295.5132,-0.169898
295.5295,-0.169918
295.5469,-0.169939
295.5634,-0.169959
295.5807,-0.169978
295.5968,-0.169994
295.6131,-0.170013
295.6298,-0.170028
295.6471,-0.170043
295.6641,-0.170055
295.6804,-0.170068
295.6972,-0.170080
295.7134,-0.170093
295.7303,-0.170107
295.7459,-0.170122
295.7638,-0.170140
295.7802,-0.170159
295.7973,-0.170179
295.8134,-0.170197
295.8294,-0.170216
295.8470,-0.170234
295.8640,-0.170253
295.8794,-0.170267
295.8963,-0.170283
295.9128,-0.170299
295.9302,-0.170315
295.9467,-0.170333
295.9631,-0.170354
295.9804,-0.170373
295.9962,-0.170392
296.0134,-0.170411
296.0302,-0.170430
296.0469,-0.170450
296.0629,-0.170466
296.0799,-0.170483
296.0964,-0.170500
296.1134,-0.170518
296.1299,-0.170535
296.1465,-0.170552
296.1634,-0.170567
296.1807,-0.170584
296.1967,-0.170599
296.2133,-0.170614
296.2301,-0.170627
296.2466,-0.170639
296.2632,-0.170652
296.2802,-0.170664
296.2969,-0.170678
296.3130,-0.170693
296.3301,-0.170707
296.3468,-0.170720
296.3629,-0.170736
296.3807,-0.170755
296.3973,-0.170776
296.4133,-0.170795
296.4303,-0.170814
296.4469,-0.170831
296.4640,-0.170845
296.4801,-0.170859
296.4970,-0.170872
296.5140,-0.170885
296.5309,-0.170899
296.5467,-0.170912
296.5640,-0.170929
296.5803,-0.170945
296.5981,-0.170962
296.6146,-0.170977
296.6310,-0.170992
296.6475,-0.171005
296.6648,-0.171019
296.6809,-0.171031
296.6970,-0.171045
296.7144,-0.171060
296.7316,-0.171075
296.7477,-0.171089
296.7643,-0.171104
296.7813,-0.171118
296.7976,-0.171132
296.8143,-0.171145
296.8308,-0.171158
296.8477,-0.171173
296.8644,-0.171184
296.8807,-0.171199
296.8980,-0.171215
296.9147,-0.171233
296.9314,-0.171254
296.9472,-0.171280
296.9645,-0.171302
296.9819,-0.171328
296.9975,-0.171347
297.0153,-0.171363
297.0318,-0.171379
297.0487,-0.171395
297.0652,-0.171411
297.0813,-0.171427
297.0976,-0.171443
297.1154,-0.171459
297.1318,-0.171476
297.1479,-0.171496
297.1649,-0.171518
297.1823,-0.171540
297.1981,-0.171559
297.2148,-0.171579
297.2321,-0.171599
297.2486,-0.171618
297.2651,-0.171636
297.2816,-0.171654
297.2981,-0.171670
297.3152,-0.171684
297.3322,-0.171701
297.3480,-0.171718
297.3652,-0.171734
297.3816,-0.171751
297.3979,-0.171767
297.4150,-0.171783
297.4321,-0.171798
297.4488,-0.171813
297.4648,-0.171832
297.4814,-0.171848
297.4984,-0.171865
297.5142,-0.171880
297.5319,-0.171896
297.5484,-0.171916
297.5646,-0.171936
297.5821,-0.171956
297.5977,-0.171976
297.6151,-0.171995
297.6322,-0.172012
297.6484,-0.172031
297.6651,-0.172047
297.6817,-0.172063
297.6987,-0.172077
297.7153,-0.172093
297.7318,-0.172110
297.7487,-0.172126
297.7657,-0.172142
297.7813,-0.172160
297.7986,-0.172179
297.8151,-0.172196
297.8318,-0.172212
297.8483,-0.172227
297.8649,-0.172241
297.8818,-0.172258
297.8979,-0.172275
297.9150,-0.172294
297.9312,-0.172309
297.9474,-0.172326
297.9649,-0.172345
297.9809,-0.172365
297.9984,-0.172388
298.0154,-0.172408
298.0319,-0.172429
298.0484,-0.172446
298.0649,-0.172464
298.0822,-0.172479
298.0979,-0.172494
298.1149,-0.172507
298.1309,-0.172520
298.1482,-0.172530
298.1645,-0.172544
298.1815,-0.172561
298.1975,-0.172579
298.2146,-0.172599
298.2308,-0.172617
298.2484,-0.172637
298.2646,-0.172654
298.2808,-0.172672
298.2982,-0.172689
298.3148,-0.172705
298.3313,-0.172719
298.3488,-0.172732
298.3651,-0.172745
298.3806,-0.172759
298.3979,-0.172775
298.4147,-0.172791
298.4317,-0.172807
298.4484,-0.172824
298.4648,-0.172842
298.4811,-0.172859
298.4978,-0.172875
298.5144,-0.172889
298.5311,-0.172907
298.5478,-0.172924
298.5642,-0.172941
298.5808,-0.172956
298.5973,-0.172971
298.6151,-0.172984
298.6314,-0.172998
298.6479,-0.173011
298.6644,-0.173025
298.6809,-0.173035
298.6976,-0.173047
298.7141,-0.173061
298.7311,-0.173076
298.7471,-0.173090
298.7645,-0.173108
298.7805,-0.173128
298.7978,-0.173147
298.8143,-0.173166
298.8311,-0.173184
298.8480,-0.173199
298.8648,-0.173214
298.8813,-0.173228
298.8982,-0.173239
298.9143,-0.173246
298.9308,-0.173254
298.9478,-0.173261
298.9640,-0.173272
298.9807,-0.173282
298.9974,-0.173293
299.0143,-0.173303
299.0306,-0.173315
299.0474,-0.173329
299.0640,-0.173343
299.0806,-0.173355
299.0971,-0.173369
299.1147,-0.173383
299.1308,-0.173399
299.1472,-0.173417
299.1643,-0.173432
299.1812,-0.173447
299.1979,-0.173460
299.2141,-0.173473
299.2311,-0.173488
299.2477,-0.173502
299.2647,-0.173514
299.2809,-0.173528
299.2977,-0.173541
299.3148,-0.173551
299.3309,-0.173562
299.3478,-0.173575
299.3643,-0.173588
299.3807,-0.173601
299.3977,-0.173612
299.4151,-0.173623
299.4317,-0.173633
299.4485,-0.173642
299.4652,-0.173652
299.4815,-0.173662
299.4979,-0.173671
299.5146,-0.173682
299.5310,-0.173696
299.5479,-0.173708
299.5648,-0.173721
299.5818,-0.173735
299.5980,-0.173749
299.6153,-0.173763
299.6306,-0.173773
299.6477,-0.173785
299.6644,-0.173799
299.6810,-0.173812
299.6981,-0.173825
299.7146,-0.173838
299.7321,-0.173851
299.7473,-0.173862
299.7640,-0.173875
299.7811,-0.173887
299.7975,-0.173900
299.8147,-0.173914
299.8314,-0.173927
299.8484,-0.173940
299.8645,-0.173951
299.8810,-0.173962
299.8971,-0.173973
299.9145,-0.173984
299.9307,-0.173997
299.9481,-0.174010
299.9644,-0.174025
299.9813,-0.174039
299.9979,-0.174052
300.0154,-0.174063
300.0319,-0.174073
300.0482,-0.174083
300.0642,-0.174094
300.0810,-0.174105
300.0981,-0.174116
300.1148,-0.174129
300.1314,-0.174144
300.1482,-0.174161
300.1652,-0.174174
300.1818,-0.174186
300.1988,-0.174197
300.2152,-0.174210
300.2314,-0.174223
300.2479,-0.174235
300.2649,-0.174249
300.2811,-0.174262
300.2989,-0.174279
300.3148,-0.174294
300.3318,-0.174310
300.3480,-0.174325
300.3648,-0.174339
300.3821,-0.174355
300.3983,-0.174373
300.4156,-0.174389
300.4311,-0.174405
300.4493,-0.174418
300.4655,-0.174430
300.4821,-0.174444
300.4977,-0.174455
300.5154,-0.174463
300.5312,-0.174472
300.5486,-0.174482
300.5644,-0.174494
300.5815,-0.174508
300.5978,-0.174522
300.6148,-0.174533
300.6313,-0.174545
300.6480,-0.174558
300.6642,-0.174569
300.6811,-0.174580
300.6970,-0.174590
300.7149,-0.174603
300.7310,-0.174619
300.7477,-0.174638
300.7646,-0.174658
300.7811,-0.174677
300.7978,-0.174695
300.8149,-0.174714
300.8313,-0.174732
300.8476,-0.174748
300.8646,-0.174765
300.8812,-0.174780
300.8979,-0.174794
300.9147,-0.174811
300.9303,-0.174824
300.9473,-0.174836
300.9637,-0.174850
300.9805,-0.174863
300.9973,-0.174876
301.0127,-0.174889
301.0305,-0.174903
301.0477,-0.174918
301.0644,-0.174931
301.0802,-0.174945
301.0970,-0.174959
301.1138,-0.174970
301.1307,-0.174981
301.1467,-0.174988
301.1640,-0.174997
301.1807,-0.175009
301.1963,-0.175020
301.2132,-0.175030
301.2307,-0.175040
301.2468,-0.175051
301.2639,-0.175061
301.2806,-0.175072
301.2970,-0.175080
301.3135,-0.175088
301.3308,-0.175099
301.3473,-0.175107
301.3633,-0.175116
301.3802,-0.175130
301.3974,-0.175141
301.4140,-0.175151
301.4304,-0.175163
301.4471,-0.175174
301.4638,-0.175186
301.4809,-0.175197
301.4974,-0.175206
301.5139,-0.175214
301.5316,-0.175220
301.5482,-0.175224
301.5644,-0.175232
301.5811,-0.175240
301.5981,-0.175249
301.6137,-0.175256
301.6306,-0.175267
301.6476,-0.175278
301.6636,-0.175289
301.6808,-0.175302
301.6971,-0.175312
301.7142,-0.175323
301.7313,-0.175331
301.7481,-0.175342
301.7642,-0.175351
301.7806,-0.175362
301.7972,-0.175375
301.8146,-0.175388
301.8313,-0.175402
301.8480,-0.175415
301.8643,-0.175428
301.8816,-0.175442
301.8974,-0.175453
301.9150,-0.175464
301.9310,-0.175473
301.9481,-0.175480
301.9647,-0.175489
301.9806,-0.175501
301.9981,-0.175514
302.0140,-0.175528
302.0310,-0.175543
302.0479,-0.175557
302.0652,-0.175571
302.0818,-0.175585
302.0983,-0.175598
302.1148,-0.175610
302.1316,-0.175622
302.1477,-0.175633
302.1645,-0.175644
302.1813,-0.175655
302.1978,-0.175665
302.2149,-0.175672
302.2321,-0.175684
302.2484,-0.175693
302.2643,-0.175701
302.2808,-0.175711
302.2981,-0.175721
302.3148,-0.175731
302.3310,-0.175743
302.3481,-0.175757
302.3645,-0.175772
302.3814,-0.175784
302.3981,-0.175795
302.4141,-0.175807
302.4316,-0.175818
302.4479,-0.175831
302.4639,-0.175844
302.4807,-0.175858
302.4977,-0.175869
302.5148,-0.175881
302.5312,-0.175893
302.5485,-0.175904
302.5638,-0.175915
302.5816,-0.175929
302.5985,-0.175941
302.6146,-0.175954
302.6313,-0.175964
302.6483,-0.175977
302.6642,-0.175987
302.6811,-0.175998
302.6981,-0.176012
302.7149,-0.176025
302.7310,-0.176036
302.7477,-0.176048
302.7645,-0.176059
302.7814,-0.176069
302.7973,-0.176082
302.8145,-0.176096
302.8307,-0.176106
302.8476,-0.176115
302.8643,-0.176126
302.8816,-0.176138
302.8980,-0.176152
302.9136,-0.176164
302.9315,-0.176177
302.9476,-0.176186
302.9647,-0.176197
302.9814,-0.176207
302.9981,-0.176218
303.0142,-0.176229
303.0309,-0.176241
303.0476,-0.176252
303.0643,-0.176262
303.0818,-0.176272
303.0981,-0.176279
303.1154,-0.176288
303.1313,-0.176297
303.1479,-0.176308
303.1644,-0.176320
303.1814,-0.176330
303.1978,-0.176339
303.2149,-0.176350
303.2324,-0.176360
303.2483,-0.176369
303.2644,-0.176378
303.2812,-0.176385
303.2986,-0.176393
303.3145,-0.176403
303.3321,-0.176412
303.3479,-0.176423
303.3648,-0.176434
303.3814,-0.176445
303.3985,-0.176459
303.4144,-0.176469
303.4326,-0.176480
303.4482,-0.176489
303.4651,-0.176500
303.4821,-0.176508
303.4983,-0.176517
303.5156,-0.176524
303.5321,-0.176535
303.5481,-0.176544
303.5652,-0.176555
303.5813,-0.176565
303.5980,-0.176575
303.6152,-0.176586
303.6318,-0.176596
303.6491,-0.176607
303.6647,-0.176617
303.6831,-0.176628
303.6993,-0.176636
303.7153,-0.176644
303.7318,-0.176653
303.7487,-0.176663
303.7653,-0.176675
303.7821,-0.176689
303.7989,-0.176702
303.8156,-0.176714
303.8319,-0.176727
303.8494,-0.176738
303.8658,-0.176747
303.8819,-0.176756
303.8983,-0.176766
303.9158,-0.176778
303.9327,-0.176789
303.9484,-0.176804
303.9663,-0.176817
303.9825,-0.176829
304.0002,-0.176839
304.0161,-0.176848
304.0332,-0.176858
304.0489,-0.176870
304.0658,-0.176880
304.0825,-0.176890
304.0994,-0.176899
304.1154,-0.176909
304.1333,-0.176919
304.1489,-0.176926
304.1665,-0.176933
304.1829,-0.176940
304.1992,-0.176951
304.2164,-0.176962
304.2322,-0.176973
304.2495,-0.176986
304.2663,-0.177000
304.2829,-0.177012
304.2996,-0.177022
304.3160,-0.177033
304.3334,-0.177042
304.3499,-0.177051
304.3656,-0.177061
304.3828,-0.177071
304.3994,-0.177083
304.4161,-0.177096
304.4321,-0.177112
304.4494,-0.177128
304.4661,-0.177141
304.4831,-0.177156
304.5001,-0.177176
304.5170,-0.177194
304.5330,-0.177207
304.5494,-0.177222
304.5667,-0.177237
304.5830,-0.177249
304.5995,-0.177262
304.6165,-0.177276
304.6335,-0.177286
304.6504,-0.177295
304.6670,-0.177305
304.6831,-0.177317
304.6995,-0.177330
304.7163,-0.177342
304.7334,-0.177353
304.7497,-0.177368
304.7665,-0.177381
304.7835,-0.177395
304.7995,-0.177407
304.8163,-0.177418
304.8333,-0.177429
304.8497,-0.177439
304.8667,-0.177450
304.8831,-0.177462
304.9000,-0.177474
304.9171,-0.177484
304.9332,-0.177494
304.9498,-0.177504
304.9665,-0.177517
304.9834,-0.177530
304.9998,-0.177543
305.0164,-0.177557
305.0331,-0.177571
305.0499,-0.177584
305.0661,-0.177596
305.0834,-0.177604
305.1004,-0.177614
305.1163,-0.177625
305.1334,-0.177637
305.1500,-0.177650
305.1654,-0.177663
305.1828,-0.177677
305.2002,-0.177692
305.2166,-0.177708
305.2335,-0.177724
305.2502,-0.177740
305.2666,-0.177754
305.2834,-0.177767
305.2998,-0.177778
305.3166,-0.177790
305.3330,-0.177802
305.3496,-0.177812
305.3652,-0.177822
305.3826,-0.177836
305.3998,-0.177846
305.4166,-0.177859
305.4333,-0.177870
305.4497,-0.177883
305.4663,-0.177897
305.4828,-0.177909
305.4991,-0.177924
305.5164,-0.177935
305.5329,-0.177946
305.5496,-0.177956
305.5658,-0.177965
305.5838,-0.177975
305.5992,-0.177985
305.6161,-0.177996
305.6329,-0.178006
305.6494,-0.178018
305.6665,-0.178028
305.6829,-0.178041
305.6989,-0.178054
305.7165,-0.178069
305.7325,-0.178082
305.7502,-0.178094
305.7661,-0.178105
305.7828,-0.178118
305.7995,-0.178129
305.8163,-0.178141
305.8324,-0.178151
305.8496,-0.178159
305.8665,-0.178165
305.8824,-0.178173
305.8991,-0.178180
305.9153,-0.178188
305.9323,-0.178194
305.9494,-0.178203
305.9659,-0.178214
305.9821,-0.178227
305.9994,-0.178237
306.0159,-0.178249
306.0326,-0.178263
306.0486,-0.178275
306.0656,-0.178288
306.0820,-0.178297
306.0992,-0.178309
306.1154,-0.178319
306.1321,-0.178331
306.1494,-0.178341
306.1659,-0.178350
306.1825,-0.178357
306.1985,-0.178366
306.2155,-0.178376
306.2320,-0.178381
306.2483,-0.178388
306.2654,-0.178396
306.2828,-0.178405
306.2991,-0.178413
306.3154,-0.178422
306.3322,-0.178429
306.3491,-0.178436
306.3659,-0.178444
306.3824,-0.178453
306.3986,-0.178461
306.4152,-0.178468
306.4318,-0.178475
306.4486,-0.178483
306.4656,-0.178492
306.4820,-0.178501
306.4979,-0.178510
306.5151,-0.178519
306.5315,-0.178529
306.5483,-0.178538
306.5651,-0.178547
306.5819,-0.178557
306.5992,-0.178567
306.6152,-0.178577
306.6317,-0.178588
306.6480,-0.178598
306.6650,-0.178609
306.6814,-0.178620
306.6984,-0.178631
306.7153,-0.178641
306.7323,-0.178652
306.7489,-0.178660
306.7655,-0.178670
306.7815,-0.178678
306.7987,-0.178687
306.8149,-0.178694
306.8316,-0.178702
306.8486,-0.178708
306.8647,-0.178715
306.8822,-0.178720
306.8987,-0.178726
306.9153,-0.178734
306.9318,-0.178742
306.9484,-0.178748
306.9652,-0.178755
306.9825,-0.178764
306.9988,-0.178772
307.0155,-0.178779
307.0318,-0.178785
307.0485,-0.178793
307.0657,-0.178802
307.0814,-0.178810
307.0978,-0.178819
307.1155,-0.178828
307.1321,-0.178835
307.1489,-0.178845
307.1655,-0.178856
307.1815,-0.178866
307.1991,-0.178873
307.2152,-0.178881
307.2325,-0.178891
307.2480,-0.178901
307.2647,-0.178910
307.2823,-0.178915
307.2986,-0.178922
307.3154,-0.178929
307.3322,-0.178937
307.3487,-0.178942
307.3653,-0.178948
307.3819,-0.178955
307.3982,-0.178964
307.4150,-0.178974
307.4322,-0.178985
307.4486,-0.178995
307.4651,-0.179008
307.4809,-0.179022
307.4989,-0.179036
307.5155,-0.179049
307.5322,-0.179061
307.5492,-0.179073
307.5651,-0.179084
307.5823,-0.179092
307.5988,-0.179097
307.6153,-0.179103
307.6315,-0.179108
307.6483,-0.179117
307.6644,-0.179128
307.6819,-0.179141
307.6984,-0.179157
307.7149,-0.179172
307.7320,-0.179185
307.7485,-0.179194
307.7654,-0.179203
307.7820,-0.179210
307.7985,-0.179218
307.8153,-0.179227
307.8321,-0.179238
307.8492,-0.179248
307.8654,-0.179259
307.8818,-0.179269
307.8976,-0.179279
307.9147,-0.179289
307.9315,-0.179298
307.9489,-0.179307
307.9652,-0.179318
307.9818,-0.179329
307.9989,-0.179339
308.0158,-0.179347
308.0322,-0.179357
308.0493,-0.179367
308.0656,-0.179374
308.0819,-0.179381
308.0988,-0.179389
308.1159,-0.179398
308.1319,-0.179407
308.1486,-0.179418
308.1652,-0.179428
308.1817,-0.179437
308.1990,-0.179448
308.2151,-0.179457
308.2321,-0.179467
308.2480,-0.179477
308.2658,-0.179487
308.2819,-0.179497
308.2990,-0.179510
308.3159,-0.179525
308.3316,-0.179546
308.3487,-0.179568
308.3651,-0.179586
308.3823,-0.179599
308.3989,-0.179613
308.4153,-0.179627
308.4327,-0.179641
308.4486,-0.179655
308.4647,-0.179666
308.4823,-0.179680
308.4994,-0.179693
308.5153,-0.179708
308.5318,-0.179722
308.5493,-0.179735
308.5649,-0.179748
308.5820,-0.179760
308.5985,-0.179773
308.6158,-0.179783
308.6319,-0.179793
308.6485,-0.179802
308.6649,-0.179813
308.6814,-0.179824
308.6984,-0.179837
308.7159,-0.179851
308.7321,-0.179867
308.7487,-0.179884
308.7655,-0.179900
308.7822,-0.179915
308.7984,-0.179931
308.8158,-0.179947
308.8328,-0.179962
308.8484,-0.179978
308.8658,-0.179992
308.8821,-0.180005
308.8994,-0.180019
308.9160,-0.180033
308.9317,-0.180049
308.9488,-0.180064
308.9657,-0.180080
308.9824,-0.180093
308.9984,-0.180106
309.0163,-0.180119
309.0327,-0.180133
309.0494,-0.180146
309.0662,-0.180157
309.0821,-0.180169
309.0988,-0.180181
309.1162,-0.180196
309.1323,-0.180211
309.1493,-0.180227
309.1655,-0.180245
309.1834,-0.180260
309.1991,-0.180275
309.2161,-0.180289
309.2333,-0.180303
309.2492,-0.180318
309.2657,-0.180332
309.2832,-0.180345
309.2986,-0.180357
309.3152,-0.180370
309.3323,-0.180382
309.3489,-0.180396
309.3653,-0.180408
309.3823,-0.180421
309.3982,-0.180434
309.4152,-0.180446
309.4316,-0.180460
309.4482,-0.180476
309.4654,-0.180494
309.4818,-0.180512
309.4987,-0.180530
309.5152,-0.180546
309.5326,-0.180562
309.5491,-0.180578
309.5649,-0.180592
309.5819,-0.180606
309.5987,-0.180618
309.6144,-0.180632
309.6315,-0.180647
309.6486,-0.180663
309.6650,-0.180678
309.6812,-0.180695
309.6984,-0.180712
309.7150,-0.180729
309.7322,-0.180744
309.7482,-0.180761
309.7647,-0.180777
309.7816,-0.180794
309.7979,-0.180810
309.8149,-0.180826
309.8321,-0.180842
309.8486,-0.180861
309.8659,-0.180880
309.8816,-0.180899
309.8984,-0.180917
309.9151,-0.180935
309.9314,-0.180951
309.9491,-0.180966
309.9649,-0.180979
309.9823,-0.180991
309.9987,-0.181001
310.0155,-0.181011
310.0315,-0.181021
310.0481,-0.181034
310.0652,-0.181050
310.0823,-0.181065
310.0990,-0.181082
310.1150,-0.181100
310.1318,-0.181119
310.1486,-0.181134
310.1651,-0.181147
310.1811,-0.181161
310.1981,-0.181174
310.2141,-0.181188
310.2311,-0.181200
310.2485,-0.181212
310.2644,-0.181226
310.2818,-0.181243
310.2981,-0.181259
310.3144,-0.181275
310.3316,-0.181287
310.3482,-0.181300
310.3648,-0.181313
310.3817,-0.181328
310.3981,-0.181343
310.4149,-0.181361
310.4314,-0.181379
310.4478,-0.181396
310.4643,-0.181413
310.4812,-0.181432
310.4982,-0.181451
310.5151,-0.181472
310.5315,-0.181492
310.5484,-0.181507
310.5649,-0.181520
310.5818,-0.181536
310.5986,-0.181552
310.6147,-0.181569
310.6316,-0.181586
310.6475,-0.181601
310.6651,-0.181612
310.6824,-0.181628
310.6988,-0.181647
310.7145,-0.181666
310.7319,-0.181686
310.7475,-0.181700
310.7653,-0.181717
310.7815,-0.181735
310.7986,-0.181754
310.8153,-0.181772
310.8311,-0.181790
310.8477,-0.181806
310.8644,-0.181825
310.8810,-0.181846
310.8973,-0.181868
310.9147,-0.181889
310.9313,-0.181911
310.9478,-0.181932
310.9655,-0.181953
310.9818,-0.181976
310.9977,-0.181995
311.0143,-0.182014
311.0313,-0.182034
311.0477,-0.182055
311.0652,-0.182076
311.0812,-0.182099
311.0988,-0.182122
311.1154,-0.182147
311.1309,-0.182171
311.1484,-0.182196
311.1649,-0.182218
311.1812,-0.182239
311.1982,-0.182261
311.2147,-0.182281
311.2313,-0.182299
311.2477,-0.182317
311.2645,-0.182335
311.2820,-0.182355
311.2982,-0.182377
311.3147,-0.182400
311.3309,-0.182424
311.3480,-0.182446
311.3651,-0.182469
311.3815,-0.182491
311.3989,-0.182512
311.4157,-0.182533
311.4322,-0.182552
311.4479,-0.182570
311.4650,-0.182587
311.4812,-0.182602
311.4984,-0.182616
311.5152,-0.182634
311.5314,-0.182654
311.5474,-0.182674
311.5650,-0.182695
311.5818,-0.182716
311.5977,-0.182737
311.6151,-0.182759
311.6317,-0.182780
311.6484,-0.182801
311.6649,-0.182824
311.6817,-0.182848
311.6977,-0.182872
311.7146,-0.182894
311.7314,-0.182917
311.7488,-0.182940
311.7649,-0.182962
311.7813,-0.182983
311.7982,-0.183006
311.8155,-0.183028
311.8318,-0.183052
311.8480,-0.183076
311.8646,-0.183099
311.8827,-0.183122
311.8985,-0.183142
311.9155,-0.183166
311.9322,-0.183190
311.9488,-0.183212
311.9659,-0.183231
311.9815,-0.183251
312.0000,-0.183271
312.0153,-0.183294
312.0317,-0.183318
312.0486,-0.183341
312.0656,-0.183364
312.0821,-0.183384
312.0992,-0.183407
312.1153,-0.183429
312.1320,-0.183453
312.1488,-0.183477
312.1646,-0.183501
312.1821,-0.183526
312.1987,-0.183550
312.2151,-0.183574
312.2326,-0.183597
312.2492,-0.183621
312.2660,-0.183644
312.2820,-0.183666
312.2990,-0.183690
312.3154,-0.183713
312.3322,-0.183737
312.3492,-0.183760
312.3657,-0.183785
312.3823,-0.183808
312.3991,-0.183832
312.4152,-0.183859
312.4326,-0.183886
312.4485,-0.183913
312.4653,-0.183939
312.4828,-0.183964
312.4990,-0.183988
312.5160,-0.184012
312.5326,-0.184037
312.5491,-0.184063
312.5655,-0.184086
312.5831,-0.184108
312.5994,-0.184131
312.6155,-0.184155
312.6324,-0.184181
312.6494,-0.184207
312.6660,-0.184232
312.6826,-0.184257
312.7001,-0.184282
312.7159,-0.184306
312.7329,-0.184332
312.7495,-0.184363
312.7660,-0.184389
312.7826,-0.184414
312.7997,-0.184439
312.8162,-0.184464
312.8329,-0.184490
312.8492,-0.184515
312.8654,-0.184540
312.8819,-0.184564
312.8991,-0.184587
312.9156,-0.184612
312.9322,-0.184640
312.9487,-0.184668
312.9655,-0.184695
312.9821,-0.184719
312.9988,-0.184744
313.0157,-0.184767
313.0322,-0.184789
313.0487,-0.184814
313.0657,-0.184839
313.0821,-0.184866
313.0991,-0.184891
313.1156,-0.184917
313.1334,-0.184944
313.1492,-0.184972
313.1656,-0.184998
313.1823,-0.185021
313.1986,-0.185044
313.2159,-0.185067
313.2323,-0.185092
313.2490,-0.185116
313.2661,-0.185139
313.2825,-0.185164
313.2994,-0.185188
313.3149,-0.185211
313.3322,-0.185233
313.3488,-0.185256
313.3658,-0.185279
313.3827,-0.185304
313.3993,-0.185329
313.4154,-0.185353
313.4329,-0.185377
313.4489,-0.185400
313.4658,-0.185426
313.4821,-0.185452
313.4989,-0.185477
313.5153,-0.185501
313.5324,-0.185527
313.5487,-0.185555
313.5654,-0.185584
313.5822,-0.185612
313.5987,-0.185640
313.6158,-0.185668
313.6331,-0.185693
313.6494,-0.185720
313.6664,-0.185744
313.6821,-0.185768
313.6996,-0.185792
313.7161,-0.185818
313.7328,-0.185842
313.7491,-0.185866
313.7654,-0.185891
313.7827,-0.185915
313.7989,-0.185941
313.8156,-0.185967
313.8325,-0.185992
313.8486,-0.186017
313.8660,-0.186043
313.8820,-0.186070
313.8986,-0.186097
313.9158,-0.186127
313.9327,-0.186156
313.9493,-0.186181
313.9658,-0.186210
313.9831,-0.186234
313.9995,-0.186259
314.0162,-0.186282
314.0324,-0.186303
314.0490,-0.186324
314.0656,-0.186344
314.0832,-0.186365
314.0994,-0.186389
314.1153,-0.186414
314.1323,-0.186441
314.1491,-0.186466
314.1656,-0.186491
314.1830,-0.186519
314.1996,-0.186546
314.2157,-0.186571
314.2324,-0.186598
314.2489,-0.186624
314.2663,-0.186649
314.2823,-0.186674
314.2990,-0.186703
314.3163,-0.186732
314.3336,-0.186761
314.3495,-0.186789
314.3665,-0.186817
314.3829,-0.186843
314.3993,-0.186871
314.4160,-0.186896
314.4326,-0.186922
314.4491,-0.186951
314.4662,-0.186976
314.4831,-0.187004
314.4988,-0.187030
314.5163,-0.187059
314.5326,-0.187086
314.5499,-0.187114
314.5655,-0.187143
314.5828,-0.187174
314.5996,-0.187205
314.6158,-0.187233
314.6327,-0.187262
314.6493,-0.187290
314.6660,-0.187318
314.6825,-0.187345
314.6994,-0.187369
314.7166,-0.187393
314.7331,-0.187417
314.7499,-0.187442
314.7663,-0.187466
314.7824,-0.187493
314.8000,-0.187521
314.8164,-0.187553
314.8333,-0.187583
314.8496,-0.187613
314.8663,-0.187642
314.8828,-0.187672
314.8995,-0.187702
314.9163,-0.187731
314.9328,-0.187760
314.9493,-0.187789
314.9663,-0.187818
314.9835,-0.187847
314.9998,-0.187876
315.0157,-0.187904
315.0331,-0.187933
315.0496,-0.187962
315.0668,-0.187991
315.0833,-0.188019
315.1000,-0.188045
315.1169,-0.188071
315.1328,-0.188097
315.1500,-0.188126
315.1662,-0.188153
315.1830,-0.188183
315.1999,-0.188213
315.2166,-0.188245
315.2332,-0.188275
315.2493,-0.188307
315.2658,-0.188338
315.2826,-0.188369
315.3001,-0.188400
315.3159,-0.188430
315.3333,-0.188461
315.3490,-0.188489
315.3659,-0.188518
315.3829,-0.188545
315.4000,-0.188573
315.4160,-0.188603
315.4329,-0.188633
315.4492,-0.188661
315.4656,-0.188689
315.4833,-0.188717
315.4997,-0.188747
315.5164,-0.188777
315.5328,-0.188807
315.5490,-0.188836
315.5655,-0.188864
315.5821,-0.188896
315.5995,-0.188928
315.6158,-0.188962
315.6325,-0.188994
315.6496,-0.189026
315.6656,-0.189055
315.6828,-0.189084
315.6994,-0.189111
315.7152,-0.189138
315.7323,-0.189164
315.7494,-0.189192
315.7654,-0.189220
315.7817,-0.189249
315.7991,-0.189280
315.8157,-0.189309
315.8322,-0.189338
315.8488,-0.189366
315.8664,-0.189394
315.8827,-0.189422
315.8982,-0.189450
315.9153,-0.189478
315.9315,-0.189506
315.9488,-0.189535
315.9658,-0.189564
315.9819,-0.189595
315.9984,-0.189621
316.0149,-0.189651
316.0319,-0.189678
316.0482,-0.189704
316.0651,-0.189733
316.0812,-0.189762
316.0983,-0.189793
316.1146,-0.189822
316.1323,-0.189852
316.1483,-0.189881
316.1645,-0.189910
316.1822,-0.189939
316.1987,-0.189965
316.2151,-0.189988
316.2329,-0.190013
316.2487,-0.190037
316.2654,-0.190060
316.2821,-0.190084
316.2984,-0.190110
316.3149,-0.190135
316.3325,-0.190159
316.3482,-0.190180
316.3658,-0.190204
316.3820,-0.190228
316.3985,-0.190253
316.4146,-0.190278
316.4319,-0.190303
316.4479,-0.190325
316.4656,-0.190349
316.4823,-0.190377
316.4990,-0.190404
316.5154,-0.190429
316.5320,-0.190453
316.5484,-0.190476
316.5663,-0.190496
316.5822,-0.190519
316.5989,-0.190543
316.6156,-0.190569
316.6322,-0.190592
316.6483,-0.190615
316.6656,-0.190641
316.6825,-0.190665
316.6984,-0.190693
316.7151,-0.190720
316.7315,-0.190749
316.7491,-0.190774
316.7650,-0.190798
316.7831,-0.190821
316.7988,-0.190844
316.8150,-0.190868
316.8315,-0.190892
316.8487,-0.190916
316.8651,-0.190941
316.8821,-0.190966
316.8987,-0.190995
316.9151,-0.191028
316.9324,-0.191058
316.9493,-0.191088
316.9662,-0.191115
316.9827,-0.191142
316.9990,-0.191171
317.0157,-0.191198
317.0328,-0.191224
317.0493,-0.191248
317.0654,-0.191272
317.0825,-0.191295
317.0991,-0.191319
317.1153,-0.191342
317.1320,-0.191368
317.1488,-0.191394
317.1662,-0.191425
317.1823,-0.191470
317.1983,-0.191505
317.2154,-0.191536
317.2324,-0.191582
317.2491,-0.191612
317.2657,-0.191643
317.2823,-0.191676
317.2989,-0.191706
317.3157,-0.191733
317.3325,-0.191762
317.3489,-0.191791
317.3657,-0.191819
317.3828,-0.191847
317.3990,-0.191876
317.4162,-0.191906
317.4325,-0.191936
317.4493,-0.191967
317.4660,-0.191997
317.4824,-0.192029
317.4987,-0.192060
317.5157,-0.192089
317.5323,-0.192116
317.5488,-0.192142
317.5663,-0.192171
317.5825,-0.192200
317.5989,-0.192229
317.6154,-0.192258
317.6326,-0.192290
317.6495,-0.192322
317.6660,-0.192354
317.6833,-0.192387
317.6992,-0.192420
317.7160,-0.192451
317.7331,-0.192481
317.7486,-0.192509
317.7659,-0.192537
317.7823,-0.192564
317.7993,-0.192592
317.8156,-0.192619
317.8317,-0.192648
317.8485,-0.192679
317.8661,-0.192709
317.8812,-0.192741
317.8983,-0.192774
317.9156,-0.192807
317.9321,-0.192846
317.9490,-0.192887
317.9656,-0.192944
317.9829,-0.192977
317.9995,-0.193011
318.0158,-0.193044
318.0322,-0.193076
318.0492,-0.193108
318.0663,-0.193138
318.0824,-0.193165
318.0999,-0.193193
318.1153,-0.193222
318.1327,-0.193250
318.1480,-0.193276
318.1651,-0.193304
318.1818,-0.193334
318.1990,-0.193363
318.2148,-0.193395
318.2317,-0.193426
318.2488,-0.193457
318.2650,-0.193486
318.2819,-0.193515
318.2988,-0.193545
318.3151,-0.193574
318.3315,-0.193605
318.3484,-0.193637
318.3642,-0.193670
318.3814,-0.193702
318.3982,-0.193735
318.4156,-0.193766
318.4320,-0.193797
318.4482,-0.193831
318.4651,-0.193862
318.4816,-0.193892
318.4984,-0.193921
318.5148,-0.193950
318.5324,-0.193977
318.5484,-0.194005
318.5653,-0.194033
318.5812,-0.194061
318.5988,-0.194090
318.6151,-0.194121
318.6315,-0.194149
318.6483,-0.194178
318.6653,-0.194207
318.6821,-0.194237
318.6986,-0.194265
318.7148,-0.194292
318.7319,-0.194320
318.7488,-0.194347
318.7653,-0.194375
318.7813,-0.194403
318.7985,-0.194432
318.8152,-0.194459
318.8311,-0.194486
318.8483,-0.194514
318.8654,-0.194541
318.8828,-0.194569
318.8987,-0.194599
318.9155,-0.194629
318.9317,-0.194658
318.9485,-0.194685
318.9652,-0.194713
318.9825,-0.194744
318.9986,-0.194775
319.0156,-0.194807
319.0325,-0.194838
319.0500,-0.194867
319.0654,-0.194896
319.0821,-0.194924
319.0987,-0.194951
319.1155,-0.194978
319.1325,-0.195001
319.1494,-0.195027
319.1655,-0.195058
319.1826,-0.195088
319.1994,-0.195116
319.2155,-0.195143
319.2321,-0.195173
319.2494,-0.195203
319.2657,-0.195233
319.2824,-0.195264
319.2990,-0.195296
319.3157,-0.195329
319.3322,-0.195373
319.3498,-0.195433
319.3665,-0.195466
319.3829,-0.195499
319.4007,-0.195532
319.4164,-0.195564
319.4337,-0.195596
319.4492,-0.195627
319.4666,-0.195658
319.4823,-0.195688
319.5000,-0.195720
319.5164,-0.195752
319.5330,-0.195786
319.5502,-0.195818
319.5666,-0.195850
319.5837,-0.195881
319.6002,-0.195913
319.6161,-0.195947
319.6328,-0.195982
319.6493,-0.196024
319.6660,-0.196056
319.6830,-0.196091
319.6998,-0.196133
319.7156,-0.196168
319.7331,-0.196202
319.7498,-0.196234
319.7663,-0.196267
319.7833,-0.196300
319.7997,-0.196336
319.8160,-0.196371
319.8323,-0.196406
319.8499,-0.196440
319.8661,-0.196477
319.8826,-0.196512
319.9001,-0.196547
319.9166,-0.196587
319.9326,-0.196651
319.9493,-0.196729
319.9666,-0.196774
319.9834,-0.196809
319.9991,-0.196843
320.0165,-0.196878
320.0325,-0.196911
320.0500,-0.196946
320.0661,-0.196980
320.0832,-0.197012
320.0996,-0.197045
320.1163,-0.197078
320.1329,-0.197110
320.1493,-0.197144
320.1663,-0.197179
320.1824,-0.197213
320.1989,-0.197259
320.2158,-0.197325
320.2325,-0.197367
320.2493,-0.197404
320.2656,-0.197440
320.2828,-0.197475
320.2994,-0.197510
320.3159,-0.197545
320.3329,-0.197579
320.3495,-0.197616
320.3653,-0.197650
320.3827,-0.197686
320.3989,-0.197721
320.4164,-0.197755
320.4329,-0.197786
320.4497,-0.197819
320.4664,-0.197854
320.4831,-0.197886
320.4991,-0.197920
320.5165,-0.197955
320.5327,-0.197991
320.5494,-0.198027
320.5661,-0.198064
320.5831,-0.198097
320.5995,-0.198129
320.6157,-0.198158
320.6334,-0.198187
320.6496,-0.198216
320.6659,-0.198248
320.6830,-0.198278
320.6987,-0.198310
320.7160,-0.198342
320.7328,-0.198375
320.7499,-0.198411
320.7660,-0.198448
320.7829,-0.198484
320.8002,-0.198517
320.8169,-0.198550
320.8335,-0.198585
320.8500,-0.198619
320.8670,-0.198653
320.8833,-0.198685
320.8998,-0.198717
320.9166,-0.198747
320.9326,-0.198777
320.9497,-0.198808
320.9662,-0.198839
320.9834,-0.198871
321.0002,-0.198904
321.0161,-0.198936
321.0330,-0.198970
321.0496,-0.199002
321.0667,-0.199034
321.0830,-0.199068
321.0991,-0.199103
321.1161,-0.199137
321.1321,-0.199168
321.1492,-0.199201
321.1665,-0.199236
321.1830,-0.199274
321.1992,-0.199319
321.2160,-0.199355
321.2331,-0.199388
321.2494,-0.199423
321.2664,-0.199458
321.2834,-0.199493
321.2997,-0.199527
321.3163,-0.199560
321.3335,-0.199593
321.3496,-0.199626
321.3659,-0.199661
321.3832,-0.199694
321.4000,-0.199729
321.4169,-0.199761
321.4329,-0.199794
321.4501,-0.199827
321.4660,-0.199860
321.4834,-0.199893
321.4993,-0.199925
321.5157,-0.199959
321.5327,-0.199993
321.5496,-0.200027
321.5661,-0.200062
321.5829,-0.200098
321.6001,-0.200135
321.6166,-0.200172
321.6333,-0.200208
321.6493,-0.200242
321.6667,-0.200277
321.6828,-0.200311
321.6992,-0.200347
321.7165,-0.200382
321.7326,-0.200417
321.7497,-0.200450
321.7661,-0.200483
321.7838,-0.200516
321.7988,-0.200550
321.8162,-0.200586
321.8330,-0.200624
321.8493,-0.200661
321.8666,-0.200695
321.8835,-0.200730
321.8994,-0.200765
321.9164,-0.200797
321.9325,-0.200830
321.9496,-0.200862
321.9654,-0.200894
321.9830,-0.200927
321.9990,-0.200959
322.0160,-0.200992
322.0323,-0.201027
322.0494,-0.201064
322.0660,-0.201100
322.0828,-0.201137
322.0991,-0.201174
322.1157,-0.201212
322.1327,-0.201249
322.1494,-0.201284
322.1659,-0.201320
322.1827,-0.201357
322.1996,-0.201389
322.2170,-0.201422
322.2325,-0.201457
322.2495,-0.201493
322.2663,-0.201527
322.2824,-0.201563
322.2995,-0.201610
322.3161,-0.201647
322.3333,-0.201683
322.3491,-0.201719
322.3665,-0.201757
322.3824,-0.201795
322.3987,-0.201833
322.4153,-0.201872
322.4332,-0.201911
322.4492,-0.201949
322.4657,-0.201987
322.4818,-0.202027
322.4992,-0.202065
322.5162,-0.202103
322.5328,-0.202140
322.5495,-0.202174
322.5659,-0.202209
322.5826,-0.202245
322.5984,-0.202280
322.6151,-0.202316
322.6319,-0.202352
322.6489,-0.202389
322.6651,-0.202427
322.6817,-0.202465
322.6992,-0.202504
322.7157,-0.202541
322.7323,-0.202578
322.7490,-0.202613
322.7661,-0.202651
322.7819,-0.202689
322.7987,-0.202744
322.8153,-0.202780
322.8314,-0.202818
322.8484,-0.202856
322.8661,-0.202892
322.8826,-0.202926
322.8984,-0.202962
322.9157,-0.202996
322.9313,-0.203029
322.9483,-0.203062
322.9651,-0.203098
322.9819,-0.203134
322.9985,-0.203168
323.0152,-0.203203
323.0311,-0.203238
323.0484,-0.203271
323.0649,-0.203307
323.0817,-0.203343
323.0988,-0.203379
323.1148,-0.203416
323.1312,-0.203453
323.1481,-0.203489
323.1656,-0.203524
323.1814,-0.203559
323.1982,-0.203595
323.2149,-0.203633
323.2310,-0.203671
323.2477,-0.203708
323.2651,-0.203745
323.2812,-0.203784
323.2977,-0.203820
323.3148,-0.203857
323.3316,-0.203891
323.3481,-0.203925
323.3648,-0.203960
323.3809,-0.203995
323.3985,-0.204031
323.4148,-0.204065
323.4306,-0.204102
323.4483,-0.204137
323.4646,-0.204172
323.4814,-0.204208
323.4981,-0.204244
323.5145,-0.204285
323.5311,-0.204324
323.5479,-0.204362
323.5642,-0.204400
323.5818,-0.204439
323.5988,-0.204477
323.6152,-0.204515
323.6320,-0.204551
323.6481,-0.204585
323.6651,-0.204620
323.6814,-0.204654
323.6985,-0.204688
323.7143,-0.204724
323.7306,-0.204764
323.7482,-0.204802
323.7639,-0.204838
323.7811,-0.204874
323.7979,-0.204908
323.8141,-0.204942
323.8307,-0.204973
323.8475,-0.205007
323.8636,-0.205040
323.8809,-0.205074
323.8969,-0.205109
323.9142,-0.205147
323.9311,-0.205223
323.9475,-0.205349
323.9647,-0.205428
323.9805,-0.205497
323.9980,-0.205549
324.0147,-0.205588
324.0309,-0.205629
324.0476,-0.205666
324.0645,-0.205702
324.0812,-0.205737
324.0976,-0.205774
324.1151,-0.205812
324.1312,-0.205848
324.1478,-0.205882
324.1640,-0.205917
324.1809,-0.205953
324.1973,-0.205987
324.2147,-0.206021
324.2309,-0.206059
324.2476,-0.206093
324.2647,-0.206129
324.2811,-0.206165
324.2972,-0.206201
324.3143,-0.206238
324.3307,-0.206276
324.3473,-0.206313
324.3644,-0.206352
324.3814,-0.206397
324.3979,-0.206435
324.4146,-0.206472
324.4318,-0.206512
324.4469,-0.206551
324.4653,-0.206591
324.4813,-0.206630
324.4983,-0.206669
324.5152,-0.206709
324.5314,-0.206783
324.5485,-0.206823
324.5649,-0.206876
324.5811,-0.206929
324.5982,-0.206974
324.6148,-0.207015
324.6311,-0.207055
324.6485,-0.207103
324.6645,-0.207154
324.6813,-0.207194
324.6985,-0.207235
324.7148,-0.207274
324.7319,-0.207312
324.7488,-0.207351
324.7646,-0.207389
324.7827,-0.207428
324.7977,-0.207468
324.8146,-0.207507
324.8318,-0.207549
324.8478,-0.207616
324.8649,-0.207671
324.8811,-0.207747
324.8984,-0.207840
324.9147,-0.207923
324.9319,-0.208005
324.9487,-0.208049
324.9643,-0.208089
324.9821,-0.208128
324.9987,-0.208168
325.0151,-0.208206
325.0316,-0.208248
325.0489,-0.208288
325.0650,-0.208327
325.0821,-0.208369
325.0982,-0.208417
325.1157,-0.208500
325.1317,-0.208553
325.1486,-0.208622
325.1657,-0.208687
325.1815,-0.208740
325.1987,-0.208781
325.2151,-0.208822
325.2325,-0.208863
325.2494,-0.208903
325.2650,-0.208944
325.2815,-0.208983
325.2979,-0.209023
325.3150,-0.209062
325.3306,-0.209101
325.3481,-0.209148
325.3647,-0.209212
325.3820,-0.209265
325.3973,-0.209318
325.4149,-0.209388
325.4321,-0.209452
325.4482,-0.209494
325.4646,-0.209533
325.4814,-0.209573
325.4983,-0.209612
325.5148,-0.209648
325.5299,-0.209686
325.5469,-0.209724
325.5640,-0.209764
325.5808,-0.209803
325.5970,-0.209844
325.6138,-0.209886
325.6299,-0.209928
325.6472,-0.209969
325.6635,-0.210009
325.6803,-0.210062
325.6969,-0.210117
325.7130,-0.210185
325.7307,-0.210254
325.7470,-0.210299
325.7626,-0.210341
325.7807,-0.210384
325.7973,-0.210425
325.8138,-0.210467
325.8304,-0.210507
325.8472,-0.210546
325.8640,-0.210585
325.8803,-0.210624
325.8974,-0.210664
325.9136,-0.210704
325.9300,-0.210743
325.9467,-0.210781
325.9631,-0.210822
325.9797,-0.210863
325.9963,-0.210906
326.0125,-0.210967
326.0300,-0.211038
326.0468,-0.211096
326.0630,-0.211151
326.0795,-0.211194
326.0963,-0.211237
326.1127,-0.211276
326.1300,-0.211319
326.1461,-0.211362
326.1627,-0.211404
326.1795,-0.211446
326.1959,-0.211489
326.2119,-0.211531
326.2294,-0.211572
326.2457,-0.211631
326.2626,-0.211672
326.2791,-0.211715
326.2962,-0.211758
326.3124,-0.211802
326.3297,-0.211848
326.3457,-0.211891
326.3624,-0.211933
326.3798,-0.211977
326.3957,-0.212021
326.4121,-0.212063
326.4290,-0.212107
326.4454,-0.212146
326.4623,-0.212188
326.4789,-0.212228
326.4956,-0.212268
326.5122,-0.212305
326.5287,-0.212343
326.5451,-0.212382
326.5622,-0.212422
326.5791,-0.212462
326.5946,-0.212504
326.6121,-0.212556
326.6291,-0.212600
326.6452,-0.212662
326.6618,-0.212705
326.6789,-0.212747
326.6955,-0.212788
326.7121,-0.212829
326.7290,-0.212871
326.7446,-0.212912
326.7614,-0.212951
326.7787,-0.212991
326.7946,-0.213033
326.8112,-0.213093
326.8281,-0.213147
326.8449,-0.213187
326.8621,-0.213229
326.8788,-0.213272
326.8954,-0.213313
326.9122,-0.213354
326.9281,-0.213395
326.9456,-0.213434
326.9625,-0.213476
326.9789,-0.213519
326.9956,-0.213563
327.0118,-0.213606
327.0277,-0.213649
327.0450,-0.213690
327.0612,-0.213729
327.0783,-0.213768
327.0950,-0.213808
327.1122,-0.213851
327.1281,-0.213894
327.1447,-0.213938
327.1619,-0.213981
327.1782,-0.214023
327.1954,-0.214067
327.2119,-0.214144
327.2285,-0.214211
327.2448,-0.214255
327.2617,-0.214298
327.2787,-0.214341
327.2950,-0.214428
327.3112,-0.214540
327.3281,-0.214611
327.3455,-0.214655
327.3617,-0.214697
327.3787,-0.214740
327.3952,-0.214783
327.4113,-0.214826
327.4282,-0.214869
327.4451,-0.214913
327.4623,-0.214956
327.4789,-0.214999
327.4951,-0.215043
327.5121,-0.215088
327.5285,-0.215175
327.5453,-0.215304
327.5620,-0.215380
327.5790,-0.215474
327.5951,-0.215543
327.6125,-0.215587
327.6289,-0.215640
327.6456,-0.215710
327.6621,-0.215752
327.6787,-0.215801
327.6954,-0.215842
327.7128,-0.215883
327.7287,-0.215927
327.7455,-0.215969
327.7620,-0.216021
327.7778,-0.216119
327.7953,-0.216197
327.8117,-0.216252
327.8285,-0.216320
327.8457,-0.216386
327.8618,-0.216435
327.8785,-0.216485
327.8950,-0.216528
327.9120,-0.216573
327.9286,-0.216645
327.9449,-0.216737
327.9616,-0.216811
327.9781,-0.216873
327.9946,-0.216955
328.0125,-0.217096
328.0283,-0.217254
328.0449,-0.217419
328.0622,-0.217548
328.0783,-0.217639
328.0954,-0.217714
328.1121,-0.217814
328.1285,-0.217898
328.1458,-0.217941
328.1614,-0.217983
328.1780,-0.218029
328.1954,-0.218083
328.2116,-0.218163
328.2285,-0.218236
328.2453,-0.218337
328.2614,-0.218428
328.2785,-0.218471
328.2951,-0.218512
328.3116,-0.218555
328.3282,-0.218598
328.3456,-0.218641
328.3611,-0.218708
328.3773,-0.218776
328.3941,-0.218867
328.4106,-0.218939
328.4280,-0.218997
328.4441,-0.219070
328.4612,-0.219138
328.4785,-0.219202
328.4939,-0.219246
328.5107,-0.219289
328.5279,-0.219333
328.5444,-0.219376
328.5612,-0.219420
328.5783,-0.219463
328.5944,-0.219504
328.6109,-0.219546
328.6274,-0.219590
328.6450,-0.219634
328.6607,-0.219678
328.6775,-0.219720
328.6942,-0.219761
328.7115,-0.219804
328.7284,-0.219848
328.7444,-0.219917
328.7611,-0.219961
328.7780,-0.220005
328.7950,-0.220049
328.8108,-0.220091
328.8284,-0.220145
328.8452,-0.220189
328.8616,-0.220233
328.8784,-0.220277
328.8945,-0.220320
328.9120,-0.220364
328.9278,-0.220411
328.9447,-0.220454
328.9608,-0.220498
328.9781,-0.220542
328.9942,-0.220587
329.0119,-0.220631
329.0283,-0.220675
329.0438,-0.220721
329.0617,-0.220803
329.0779,-0.220893
329.0945,-0.220975
329.1112,-0.221072
329.1282,-0.221210
329.1451,-0.221299
329.1617,-0.221389
329.1783,-0.221454
329.1949,-0.221518
329.2116,-0.221567
329.2280,-0.221627
329.2447,-0.221723
329.2619,-0.221845
329.2787,-0.221984
329.2951,-0.222151
329.3118,-0.222331
329.3285,-0.222427
329.3453,-0.222524
329.3617,-0.222632
329.3786,-0.222699
329.3948,-0.222741
329.4118,-0.222782
329.4283,-0.222852
329.4449,-0.222894
329.4619,-0.222935
329.4781,-0.222996
329.4948,-0.223110
329.5118,-0.223262
329.5287,-0.223387
329.5447,-0.223524
329.5621,-0.223671
329.5786,-0.223769
329.5948,-0.223870
329.6117,-0.223964
329.6283,-0.224051
329.6449,-0.224092
329.6617,-0.224152
329.6783,-0.224203
329.6948,-0.224257
329.7113,-0.224323
329.7275,-0.224377
329.7451,-0.224466
329.7616,-0.224559
329.7780,-0.224674
329.7953,-0.224802
329.8118,-0.224902
329.8281,-0.224982
329.8447,-0.225079
329.8618,-0.225146
329.8784,-0.225251
329.8948,-0.225351
329.9113,-0.225403
329.9282,-0.225453
329.9452,-0.225509
329.9621,-0.225579
329.9783,-0.225631
329.9947,-0.225672
330.0117,-0.225722
330.0281,-0.225785
330.0450,-0.225871
330.0615,-0.226030
330.0782,-0.226142
330.0946,-0.226226
330.1115,-0.226348
330.1284,-0.226464
330.1446,-0.226562
330.1615,-0.226642
330.1781,-0.226714
330.1948,-0.226754
330.2115,-0.226805
330.2280,-0.226885
330.2445,-0.226957
330.2613,-0.227027
330.2784,-0.227092
330.2946,-0.227147
330.3119,-0.227199
330.3276,-0.227248
330.3448,-0.227309
330.3618,-0.227389
330.3781,-0.227508
330.3948,-0.227629
330.4113,-0.227747
330.4283,-0.227841
330.4456,-0.227918
330.4618,-0.227987
330.4783,-0.228047
330.4950,-0.228123
330.5113,-0.228174
330.5276,-0.228221
330.5446,-0.228287
330.5612,-0.228390
330.5784,-0.228484
330.5949,-0.228643
330.6120,-0.228740
330.6277,-0.228843
330.6454,-0.228932
330.6610,-0.229013
330.6779,-0.229075
330.6945,-0.229116
330.7117,-0.229180
330.7280,-0.229231
330.7444,-0.229314
330.7617,-0.229372
330.7783,-0.229433
330.7945,-0.229484
330.8118,-0.229536
330.8287,-0.229607
330.8440,-0.229698
330.8608,-0.229765
330.8776,-0.229889
330.8943,-0.230017
330.9115,-0.230106
330.9278,-0.230226
330.9440,-0.230346
330.9613,-0.230479
330.9782,-0.230548
330.9936,-0.230595
331.0108,-0.230677
331.0272,-0.230736
331.0437,-0.230800
331.0607,-0.230883
331.0775,-0.230987
331.0936,-0.231054
331.1105,-0.231152
331.1273,-0.231222
331.1429,-0.231303
331.1607,-0.231418
331.1768,-0.231525
331.1934,-0.231691
331.2097,-0.231806
331.2271,-0.231943
331.2435,-0.232033
331.2609,-0.232118
331.2776,-0.232212
331.2934,-0.232297
331.3098,-0.232350
331.3274,-0.232414
331.3438,-0.232452
331.3606,-0.232503
331.3763,-0.232543
331.3928,-0.232581
331.4099,-0.232618
331.4262,-0.232662
331.4429,-0.232718
331.4596,-0.232778
331.4756,-0.232859
331.4927,-0.232953
331.5101,-0.233060
331.5256,-0.233133
331.5427,-0.233238
331.5594,-0.233319
331.5759,-0.233378
331.5927,-0.233456
331.6089,-0.233545
331.6259,-0.233607
331.6421,-0.233658
331.6588,-0.233707
331.6761,-0.233797
331.6918,-0.233889
331.7083,-0.233993
331.7252,-0.234076
331.7418,-0.234177
331.7586,-0.234278
331.7748,-0.234397
331.7920,-0.234508
331.8082,-0.234545
331.8250,-0.234583
331.8420,-0.234621
331.8575,-0.234659
331.8752,-0.234700
331.8910,-0.234742
331.9078,-0.234784
331.9249,-0.234849
331.9413,-0.234923
331.9582,-0.234987
331.9743,-0.235099
331.9908,-0.235172
332.0074,-0.235234
332.0239,-0.235303
332.0403,-0.235398
332.0573,-0.235519
332.0740,-0.235628
332.0907,-0.235769
332.1076,-0.235844
332.1249,-0.235959
332.1404,-0.236047
332.1584,-0.236147
332.1744,-0.236221
332.1903,-0.236259
332.2076,-0.236298
332.2250,-0.236370
332.2408,-0.236408
332.2576,-0.236505
332.2739,-0.236588
332.2902,-0.236695
332.3075,-0.236773
332.3245,-0.236884
332.3410,-0.236964
332.3568,-0.237045
332.3739,-0.237088
332.3907,-0.237187
332.4065,-0.237224
332.4237,-0.237260
332.4405,-0.237298
332.4567,-0.237356
332.4735,-0.237490
332.4904,-0.237639
332.5067,-0.237750
332.5234,-0.237863
332.5406,-0.237971
332.5569,-0.238088
332.5743,-0.238187
332.5901,-0.238267
332.6070,-0.238346
332.6234,-0.238416
332.6407,-0.238537
332.6563,-0.238668
332.6730,-0.238797
332.6902,-0.238901
332.7069,-0.239021
332.7234,-0.239102
332.7402,-0.239202
332.7566,-0.239298
332.7732,-0.239398
332.7901,-0.239482
332.8071,-0.239526
332.8230,-0.239633
332.8398,-0.239726
332.8573,-0.239825
332.8731,-0.239920
332.8896,-0.240051
332.9077,-0.240159
332.9240,-0.240287
332.9402,-0.240433
332.9572,-0.240595
332.9738,-0.240688
332.9895,-0.240748
333.0071,-0.240805
333.0243,-0.240936
333.0402,-0.241079
333.0569,-0.241248
333.0740,-0.241382
333.0898,-0.241456
333.1076,-0.241543
333.1233,-0.241636
333.1402,-0.241744
333.1574,-0.241907
333.1732,-0.242037
333.1899,-0.242175
333.2068,-0.242316
333.2231,-0.242496
333.2406,-0.242647
333.2568,-0.242760
333.2733,-0.242847
333.2899,-0.242911
333.3061,-0.243031
333.3234,-0.243171
333.3398,-0.243340
333.3565,-0.243611
333.3736,-0.243816
333.3904,-0.244000
333.4068,-0.244150
333.4233,-0.244283
333.4406,-0.244399
333.4560,-0.244492
333.4736,-0.244600
333.4901,-0.244696
333.5070,-0.244807
333.5238,-0.244948
333.5406,-0.245079
333.5571,-0.245155
333.5741,-0.245253
333.5906,-0.245351
333.6075,-0.245422
333.6231,-0.245512
333.6410,-0.245619
333.6576,-0.245747
333.6737,-0.245886
333.6892,-0.246068
333.7065,-0.246247
333.7235,-0.246389
333.7397,-0.246513
333.7563,-0.246646
333.7737,-0.246810
333.7895,-0.246958
333.8063,-0.247128
333.8237,-0.247283
333.8396,-0.247402
333.8562,-0.247558
333.8728,-0.247733
333.8897,-0.247934
333.9063,-0.248103
333.9228,-0.248270
333.9401,-0.248418
333.9561,-0.248532
333.9731,-0.248628
333.9891,-0.248723
334.0063,-0.248796
334.0227,-0.248899
334.0391,-0.249012
334.0562,-0.249145
334.0726,-0.249312
334.0892,-0.249412
334.1064,-0.249533
334.1228,-0.249716
334.1393,-0.249865
334.1553,-0.249973
334.1723,-0.250087
334.1894,-0.250167
334.2062,-0.250258
334.2215,-0.250365
334.2386,-0.250452
334.2563,-0.250549
334.2719,-0.250680
334.2895,-0.250798
334.3055,-0.250942
334.3217,-0.251080
334.3387,-0.251223
334.3559,-0.251345
334.3727,-0.251453
334.3890,-0.251569
334.4051,-0.251656
334.4221,-0.251730
334.4388,-0.251788
334.4555,-0.251845
334.4717,-0.251918
334.4883,-0.251992
334.5046,-0.252052
334.5212,-0.252148
334.5379,-0.252273
334.5555,-0.252371
334.5714,-0.252469
334.5878,-0.252583
334.6050,-0.252710
334.6219,-0.252891
334.6377,-0.253074
334.6546,-0.253203
334.6714,-0.253309
334.6884,-0.253365
334.7049,-0.253465
334.7219,-0.253575
334.7385,-0.253684
334.7547,-0.253772
334.7711,-0.253879
334.7879,-0.254029
334.8051,-0.254204
334.8211,-0.254393
334.8373,-0.254549
334.8548,-0.254679
334.8715,-0.254751
334.8885,-0.254820
334.9042,-0.254902
334.9207,-0.254956
334.9373,-0.255035
334.9538,-0.255134
334.9707,-0.255196
334.9877,-0.255266
335.0039,-0.255346
335.0210,-0.255407
335.0380,-0.255491
335.0537,-0.255593
335.0707,-0.255661
335.0878,-0.255760
335.1031,-0.255850
335.1201,-0.255969
335.1376,-0.256114
335.1535,-0.256212
335.1702,-0.256352
335.1873,-0.256495
335.2036,-0.256648
335.2205,-0.256769
335.2369,-0.256917
335.2538,-0.257061
335.2704,-0.257190
335.2869,-0.257288
335.3031,-0.257370
335.3211,-0.257470
335.3377,-0.257533
335.3531,-0.257615
335.3699,-0.257675
335.3861,-0.257753
335.4039,-0.257822
335.4195,-0.257890
335.4366,-0.257993
335.4531,-0.258146
335.4701,-0.258253
335.4868,-0.258339
335.5030,-0.258442
335.5210,-0.258538
335.5364,-0.258634
335.5533,-0.258724
335.5699,-0.258799
335.5867,-0.258892
335.6034,-0.258932
335.6201,-0.259013
335.6356,-0.259096
335.6532,-0.259231
335.6706,-0.259326
335.6870,-0.259431
335.7033,-0.259509
335.7197,-0.259562
335.7375,-0.259611
335.7531,-0.259663
335.7703,-0.259738
335.7860,-0.259851
335.8029,-0.259970
335.8199,-0.260076
335.8367,-0.260208
335.8535,-0.260378
335.8702,-0.260570
335.8865,-0.260699
335.9030,-0.260825
335.9190,-0.260955
335.9365,-0.261034
335.9528,-0.261100
335.9696,-0.261168
335.9872,-0.261279
336.0033,-0.261386
336.0194,-0.261494
336.0368,-0.261626
336.0526,-0.261743
336.0703,-0.261899
336.0860,-0.262096
336.1035,-0.262297
336.1193,-0.262507
336.1358,-0.262706
336.1528,-0.262862
336.1695,-0.263056
336.1866,-0.263263
336.2036,-0.263446
336.2191,-0.263563
336.2367,-0.263635
336.2531,-0.263690
336.2689,-0.263731
336.2861,-0.263805
336.3029,-0.263897
336.3178,-0.263970
336.3366,-0.264127
336.3530,-0.264291
336.3698,-0.264457
336.3861,-0.264630
336.4024,-0.264747
336.4193,-0.264827
336.4366,-0.264938
336.4532,-0.265041
336.4698,-0.265159
336.4849,-0.265265
336.5028,-0.265379
336.5186,-0.265534
336.5356,-0.265695
336.5527,-0.265886
336.5691,-0.266022
336.5857,-0.266073
336.6028,-0.266135
336.6184,-0.266203
336.6354,-0.266292
336.6517,-0.266395
336.6682,-0.266480
336.6851,-0.266614
336.7020,-0.266744
336.7187,-0.266869
336.7350,-0.266995
336.7513,-0.267125
336.7682,-0.267249
336.7851,-0.267400
336.8016,-0.267559
336.8179,-0.267703
336.8350,-0.267829
336.8519,-0.267966
336.8681,-0.268067
336.8846,-0.268191
336.9013,-0.268276
336.9181,-0.268356
336.9352,-0.268429
336.9520,-0.268513
336.9688,-0.268584
336.9848,-0.268677
337.0012,-0.268796
337.0186,-0.268909
337.0345,-0.269006
337.0511,-0.269110
337.0680,-0.269190
337.0843,-0.269267
337.1014,-0.269345
337.1181,-0.269435
337.1342,-0.269495
337.1510,-0.269558
337.1676,-0.269618
337.1839,-0.269682
337.2005,-0.269741
337.2179,-0.269824
337.2336,-0.269938
337.2503,-0.270078
337.2674,-0.270273
337.2840,-0.270381
337.3005,-0.270501
337.3172,-0.270625
337.3346,-0.270705
337.3499,-0.270783
337.3674,-0.270878
337.3841,-0.270931
337.4010,-0.270982
337.4171,-0.271063
337.4342,-0.271165
337.4510,-0.271244
337.4674,-0.271311
337.4844,-0.271375
337.5006,-0.271473
337.5179,-0.271542
337.5338,-0.271588
337.5507,-0.271656
337.5675,-0.271715
337.5836,-0.271769
337.6002,-0.271860
337.6169,-0.271994
337.6341,-0.272095
337.6508,-0.272194
337.6674,-0.272268
337.6846,-0.272350
337.7007,-0.272420
337.7172,-0.272462
337.7341,-0.272501
337.7508,-0.272563
337.7668,-0.272647
337.7840,-0.272746
337.8000,-0.272856
337.8175,-0.272957
337.8339,-0.273082
337.8511,-0.273241
337.8672,-0.273325
337.8834,-0.273410
337.9005,-0.273517
337.9182,-0.273590
337.9344,-0.273697
337.9505,-0.273830
337.9684,-0.273949
337.9845,-0.274037
338.0011,-0.274139
338.0183,-0.274241
338.0340,-0.274332
338.0515,-0.274412
338.0676,-0.274494
338.0842,-0.274572
338.1008,-0.274673
338.1177,-0.274780
338.1345,-0.274839
338.1505,-0.274919
338.1677,-0.275005
338.1838,-0.275075
338.2009,-0.275132
338.2170,-0.275185
338.2337,-0.275245
338.2508,-0.275322
338.2671,-0.275432
338.2837,-0.275583
338.3002,-0.275778
338.3171,-0.276019
338.3335,-0.276307
338.3511,-0.276545
338.3672,-0.276766
338.3842,-0.276973
338.4008,-0.277148
338.4183,-0.277307
338.4341,-0.277408
338.4509,-0.277518
338.4675,-0.277595
338.4842,-0.277677
338.5007,-0.277766
338.5175,-0.277863
338.5342,-0.277925
338.5504,-0.277996
338.5682,-0.278059
338.5839,-0.278134
338.6007,-0.278218
338.6173,-0.278295
338.6337,-0.278383
338.6508,-0.278457
338.6674,-0.278531
338.6841,-0.278651
338.7007,-0.278734
338.7175,-0.278839
338.7343,-0.278926
338.7503,-0.279044
338.7673,-0.279110
338.7841,-0.279198
338.8006,-0.279305
338.8177,-0.279441
338.8336,-0.279556
338.8499,-0.279644
338.8673,-0.279740
338.8841,-0.279836
338.9005,-0.279921
338.9177,-0.280039
338.9342,-0.280164
338.9512,-0.280273
338.9677,-0.280383
338.9837,-0.280455
339.0005,-0.280566
339.0181,-0.280651
339.0338,-0.280735
339.0504,-0.280804
339.0672,-0.280912
339.0840,-0.280999
339.1000,-0.281066
339.1165,-0.281164
339.1328,-0.281236
339.1505,-0.281300
339.1667,-0.281373
339.1833,-0.281482
339.2003,-0.281582
339.2172,-0.281687
339.2339,-0.281837
339.2507,-0.281933
339.2664,-0.282063
339.2836,-0.282207
339.3001,-0.282345
339.3166,-0.282427
339.3334,-0.282475
339.3506,-0.282533
339.3670,-0.282596
339.3837,-0.282638
339.4000,-0.282691
339.4163,-0.282749
339.4330,-0.282793
339.4494,-0.282864
339.4661,-0.282936
339.4830,-0.283026
339.5000,-0.283116
339.5164,-0.283182
339.5331,-0.283286
339.5499,-0.283362
339.5661,-0.283463
339.5823,-0.283553
339.5998,-0.283626
339.6159,-0.283693
339.6321,-0.283747
339.6493,-0.283786
339.6657,-0.283832
339.6824,-0.283861
339.6994,-0.283887
339.7159,-0.283920
339.7328,-0.283947
339.7488,-0.283987
339.7651,-0.284021
339.7819,-0.284055
339.7984,-0.284096
339.8152,-0.284140
339.8315,-0.284225
339.8484,-0.284339
339.8656,-0.284415
339.8828,-0.284507
339.8985,-0.284580
339.9152,-0.284651
339.9313,-0.284696
339.9485,-0.284728
339.9653,-0.284771
339.9828,-0.284799
339.9992,-0.284865
340.0150,-0.284891
340.0319,-0.284918
340.0489,-0.284947
340.0652,-0.284977
340.0818,-0.285007
340.0985,-0.285039
340.1154,-0.285068
340.1324,-0.285099
340.1487,-0.285166
340.1656,-0.285238
340.1822,-0.285269
340.1984,-0.285300
340.2155,-0.285331
340.2328,-0.285362
340.2497,-0.285393
340.2657,-0.285425
340.2820,-0.285456
340.2986,-0.285489
340.3153,-0.285520
340.3318,-0.285555
340.3491,-0.285587
340.3658,-0.285619
340.3826,-0.285650
340.3988,-0.285682
340.4158,-0.285720
340.4324,-0.285754
340.4478,-0.285785
340.4651,-0.285837
340.4829,-0.285891
340.4994,-0.285925
340.5148,-0.285969
340.5322,-0.286002
340.5494,-0.286036
340.5654,-0.286071
340.5821,-0.286116
340.5988,-0.286201
340.6157,-0.286283
340.6322,-0.286398
340.6482,-0.286502
340.6657,-0.286625
340.6823,-0.286719
340.6986,-0.286772
340.7167,-0.286807
340.7326,-0.286877
340.7497,-0.286921
340.7660,-0.287008
340.7822,-0.287113
340.7998,-0.287173
340.8166,-0.287220
340.8329,-0.287267
340.8492,-0.287348
340.8666,-0.287430
340.8830,-0.287473
340.8995,-0.287539
340.9168,-0.287602
340.9330,-0.287670
340.9500,-0.287715
340.9665,-0.287759
340.9834,-0.287813
341.0000,-0.287849
341.0173,-0.287884
341.0330,-0.287920
341.0501,-0.287961
341.0667,-0.288017
341.0830,-0.288054
341.1000,-0.288090
341.1168,-0.288125
341.1324,-0.288160
341.1493,-0.288196
341.1664,-0.288230
341.1833,-0.288267
341.1991,-0.288301
341.2156,-0.288339
341.2328,-0.288409
341.2491,-0.288509
341.2661,-0.288601
341.2827,-0.288710
341.2986,-0.288791
341.3159,-0.288881
341.3329,-0.288955
341.3495,-0.289028
341.3666,-0.289123
341.3824,-0.289220
341.3991,-0.289264
341.4160,-0.289301
341.4330,-0.289339
341.4496,-0.289375
341.4658,-0.289411
341.4824,-0.289470
341.4991,-0.289512
341.5160,-0.289542
341.5321,-0.289591
341.5491,-0.289626
341.5658,-0.289677
341.5824,-0.289730
341.5990,-0.289771
341.6158,-0.289813
341.6313,-0.289849
341.6500,-0.289886
341.6649,-0.289921
341.6819,-0.289968
341.6986,-0.290002
341.7153,-0.290036
341.7321,-0.290071
341.7483,-0.290115
341.7652,-0.290170
341.7820,-0.290212
341.7994,-0.290248
341.8154,-0.290282
341.8329,-0.290312
341.8491,-0.290342
341.8653,-0.290372
341.8816,-0.290399
341.8990,-0.290430
341.9154,-0.290459
341.9316,-0.290493
341.9488,-0.290528
341.9649,-0.290562
341.9823,-0.290598
341.9984,-0.290634
342.0153,-0.290668
342.0309,-0.290704
342.0482,-0.290740
342.0654,-0.290771
342.0825,-0.290800
342.0993,-0.290830
342.1159,-0.290860
342.1325,-0.290890
342.1489,-0.290921
342.1654,-0.290953
342.1824,-0.290984
342.1990,-0.291015
342.2152,-0.291049
342.2323,-0.291084
342.2490,-0.291120
342.2656,-0.291151
342.2819,-0.291183
342.2991,-0.291214
342.3152,-0.291244
342.3321,-0.291275
342.3488,-0.291307
342.3652,-0.291338
342.3817,-0.291372
342.3986,-0.291404
342.4158,-0.291433
342.4317,-0.291460
342.4487,-0.291486
342.4655,-0.291513
342.4814,-0.291538
342.4984,-0.291562
342.5158,-0.291587
342.5320,-0.291615
342.5480,-0.291644
342.5647,-0.291673
342.5817,-0.291699
342.5983,-0.291724
342.6149,-0.291751
342.6311,-0.291780
342.6477,-0.291806
342.6649,-0.291831
342.6820,-0.291855
342.6977,-0.291880
342.7151,-0.291906
342.7308,-0.291933
342.7479,-0.291961
342.7646,-0.291987
342.7814,-0.292014
342.7979,-0.292043
342.8146,-0.292075
342.8315,-0.292108
342.8477,-0.292139
342.8645,-0.292165
342.8809,-0.292190
342.8987,-0.292216
342.9149,-0.292243
342.9317,-0.292270
342.9478,-0.292293
342.9646,-0.292316
342.9814,-0.292335
342.9994,-0.292356
343.0147,-0.292378
343.0309,-0.292401
343.0486,-0.292420
343.0648,-0.292437
343.0822,-0.292452
343.0987,-0.292471
343.1150,-0.292487
343.1317,-0.292503
343.1480,-0.292520
343.1650,-0.292536
343.1814,-0.292556
343.1982,-0.292576
343.2153,-0.292598
343.2314,-0.292618
343.2486,-0.292637
343.2654,-0.292653
343.2824,-0.292672
343.2983,-0.292691
343.3152,-0.292709
343.3317,-0.292725
343.3482,-0.292742
343.3652,-0.292757
343.3820,-0.292773
343.3981,-0.292787
343.4149,-0.292804
343.4319,-0.292819
343.4482,-0.292831
343.4644,-0.292843
343.4816,-0.292856
343.4988,-0.292869
343.5150,-0.292881
343.5316,-0.292891
343.5485,-0.292902
343.5651,-0.292912
343.5822,-0.292920
343.5988,-0.292931
343.6154,-0.292938
343.6322,-0.292945
343.6481,-0.292949
343.6644,-0.292953
343.6820,-0.292958
343.6986,-0.292965
343.7146,-0.292972
343.7320,-0.292977
343.7487,-0.292983
343.7651,-0.292989
343.7818,-0.292998
343.7981,-0.293004
343.8150,-0.293008
343.8326,-0.293013
343.8482,-0.293015
343.8652,-0.293020
343.8818,-0.293023
343.8992,-0.293028
343.9147,-0.293032
343.9318,-0.293038
343.9491,-0.293041
343.9651,-0.293040
343.9826,-0.293039
343.9984,-0.293036
344.0154,-0.293034
344.0320,-0.293026
344.0486,-0.293017
344.0652,-0.293001
344.0818,-0.292991
344.0991,-0.292979
344.1148,-0.292964
344.1324,-0.292951
344.1490,-0.292937
344.1657,-0.292929
344.1813,-0.292920
344.1984,-0.292914
344.2152,-0.292894
344.2322,-0.292869
344.2485,-0.292847
344.2654,-0.292825
344.2818,-0.292782
344.2984,-0.292753
344.3149,-0.292724
344.3316,-0.292695
344.3480,-0.292672
344.3652,-0.292644
344.3825,-0.292619
344.3984,-0.292591
344.4155,-0.292552
344.4323,-0.292512
344.4484,-0.292452
344.4657,-0.292388
344.4823,-0.292299
344.4987,-0.292251
344.5156,-0.292199
344.5325,-0.292156
344.5489,-0.292115
344.5651,-0.292085
344.5826,-0.292040
344.5988,-0.292002
344.6157,-0.291935
344.6326,-0.291813
344.6491,-0.291664
344.6659,-0.291445
344.6828,-0.291288
344.6992,-0.291106
344.7165,-0.290989
344.7331,-0.290864
344.7490,-0.290761
344.7666,-0.290684
344.7825,-0.290602
344.7998,-0.290505
344.8171,-0.290360
344.8329,-0.290171
344.8503,-0.290027
344.8665,-0.289856
344.8832,-0.289651
344.9001,-0.289461
344.9161,-0.289292
344.9337,-0.289184
344.9500,-0.289094
344.9662,-0.289023
344.9838,-0.288962
345.0002,-0.288863
345.0167,-0.288745
345.0337,-0.288623
345.0505,-0.288497
345.0677,-0.288324
345.0842,-0.288199
345.1008,-0.288081
345.1180,-0.287955
345.1341,-0.287790
345.1513,-0.287587
345.1684,-0.287314
345.1846,-0.287037
345.2018,-0.286773
345.2182,-0.286521
345.2344,-0.286258
345.2512,-0.286009
345.2681,-0.285837
345.2847,-0.285680
345.3022,-0.285549
345.3191,-0.285432
345.3357,-0.285292
345.3520,-0.285148
345.3691,-0.285036
345.3851,-0.284874
345.4016,-0.284699
345.4189,-0.284512
345.4358,-0.284349
345.4525,-0.284207
345.4692,-0.284112
345.4858,-0.283945
345.5021,-0.283766
345.5194,-0.283545
345.5359,-0.283301
345.5529,-0.283093
345.5692,-0.282906
345.5860,-0.282639
345.6023,-0.282382
345.6200,-0.282158
345.6362,-0.281926
345.6529,-0.281733
345.6696,-0.281492
345.6866,-0.281231
345.7034,-0.280817
345.7198,-0.280430
345.7368,-0.280135
345.7538,-0.279892
345.7702,-0.279630
345.7857,-0.279397
345.8031,-0.279167
345.8202,-0.278984
345.8375,-0.278790
345.8541,-0.278577
345.8697,-0.278281
345.8869,-0.277967
345.9035,-0.277588
345.9207,-0.277240
345.9371,-0.276953
345.9537,-0.276696
345.9710,-0.276406
345.9874,-0.276085
346.0034,-0.275787
346.0210,-0.275584
346.0378,-0.275339
346.0552,-0.275081
346.0713,-0.274722
346.0876,-0.274340
346.1046,-0.273946
346.1212,-0.273463
346.1378,-0.273070
346.1541,-0.272750
346.1718,-0.272466
346.1884,-0.272105
346.2050,-0.271775
346.2223,-0.271455
346.2388,-0.271143
346.2557,-0.270785
346.2717,-0.270425
346.2889,-0.270063
346.3052,-0.269716
346.3217,-0.269455
346.3391,-0.269247
346.3550,-0.268931
346.3717,-0.268634
346.3894,-0.268250
346.4056,-0.267892
346.4225,-0.267586
346.4389,-0.267295
346.4566,-0.266894
346.4726,-0.266559
346.4895,-0.266185
346.5070,-0.265775
346.5238,-0.265476
346.5405,-0.265008
346.5566,-0.264631
346.5739,-0.264247
346.5908,-0.263771
346.6068,-0.263343
346.6237,-0.262994
346.6409,-0.262658
346.6575,-0.262275
346.6743,-0.262011
346.6905,-0.261775
346.7075,-0.261492
346.7242,-0.261109
346.7411,-0.260819
346.7586,-0.260551
346.7745,-0.260335
346.7912,-0.259992
346.8085,-0.259524
346.8247,-0.259063
346.8424,-0.258675
346.8596,-0.258306
346.8751,-0.258006
346.8921,-0.257684
346.9088,-0.257341
346.9257,-0.256963
346.9422,-0.256559
346.9590,-0.256231
346.9761,-0.255748
346.9926,-0.255241
347.0097,-0.254744
347.0262,-0.254325
347.0424,-0.253973
347.0596,-0.253659
347.0765,-0.253429
347.0932,-0.253139
347.1095,-0.252832
347.1265,-0.252493
347.1429,-0.252144
347.1603,-0.251709
347.1765,-0.251090
347.1930,-0.250424
347.2097,-0.249953
347.2272,-0.249631
347.2434,-0.249360
347.2600,-0.249147
347.2769,-0.248855
347.2940,-0.248581
347.3107,-0.248299
347.3272,-0.248136
347.3443,-0.247786
347.3614,-0.247133
347.3777,-0.246581
347.3952,-0.246067
347.4120,-0.245656
347.4282,-0.245301
347.4447,-0.244642
347.4615,-0.244174
347.4785,-0.243811
347.4955,-0.243313
347.5113,-0.242926
347.5274,-0.242623
347.5450,-0.242289
347.5613,-0.242007
347.5794,-0.241827
347.5956,-0.241360
347.6123,-0.240906
347.6293,-0.240591
347.6460,-0.240205
347.6619,-0.239782
347.6791,-0.239446
347.6962,-0.239050
347.7128,-0.238642
347.7298,-0.238326
347.7464,-0.238088
347.7630,-0.237767
347.7796,-0.237330
347.7971,-0.236703
347.8135,-0.235969
347.8305,-0.235308
347.8474,-0.234543
347.8634,-0.234028
347.8801,-0.233669
347.8977,-0.233342
347.9138,-0.233049
347.9307,-0.232795
347.9482,-0.232631
347.9653,-0.232429
347.9804,-0.232200
347.9980,-0.231944
348.0148,-0.231556
348.0319,-0.230922
348.0491,-0.230314
348.0656,-0.229709
348.0828,-0.229025
348.0993,-0.228531
348.1157,-0.228029
348.1328,-0.227775
348.1490,-0.227588
348.1660,-0.227220
348.1824,-0.226983
348.1994,-0.226697
348.2166,-0.226287
348.2333,-0.225941
348.2496,-0.225357
348.2669,-0.225003
348.2837,-0.224592
348.3000,-0.224170
348.3172,-0.223872
348.3332,-0.223521
348.3505,-0.223132
348.3675,-0.222824
348.3842,-0.222457
348.4005,-0.222080
348.4173,-0.221729
348.4348,-0.221362
348.4513,-0.221091
348.4686,-0.220728
348.4851,-0.220496
348.5014,-0.220134
348.5188,-0.219769
348.5356,-0.219388
348.5512,-0.219018
348.5687,-0.218589
348.5856,-0.218069
348.6020,-0.217461
348.6195,-0.216929
348.6362,-0.216502
348.6530,-0.216180
348.6689,-0.215951
348.6861,-0.215662
348.7032,-0.215376
348.7196,-0.215134
348.7366,-0.214890
348.7538,-0.214697
348.7696,-0.214517
348.7870,-0.214249
348.8027,-0.213985
348.8202,-0.213635
348.8369,-0.213246
348.8543,-0.212877
348.8704,-0.212582
348.8882,-0.212235
348.9043,-0.212062
348.9222,-0.211766
348.9379,-0.211335
348.9549,-0.211049
348.9714,-0.210701
348.9889,-0.210285
349.0052,-0.209784
349.0213,-0.209343
349.0384,-0.208882
349.0552,-0.208501
349.0713,-0.208175
349.0883,-0.208065
349.1052,-0.207909
349.1218,-0.207625
349.1386,-0.207297
349.1557,-0.207068
349.1723,-0.206717
349.1890,-0.206302
349.2052,-0.206030
349.2218,-0.205644
349.2387,-0.205382
349.2557,-0.205097
349.2721,-0.204850
349.2887,-0.204617
349.3055,-0.204361
349.3225,-0.204055
349.3387,-0.203789
349.3553,-0.203447
349.3724,-0.203044
349.3897,-0.202689
349.4066,-0.202449
349.4230,-0.202110
349.4395,-0.201678
349.4557,-0.201313
349.4726,-0.201092
349.4892,-0.200913
349.5056,-0.200685
349.5231,-0.200451
349.5398,-0.200219
349.5568,-0.199996
349.5733,-0.199806
349.5891,-0.199583
349.6067,-0.199221
349.6223,-0.198772
349.6404,-0.198398
349.6566,-0.198104
349.6733,-0.197753
349.6904,-0.197498
349.7067,-0.197134
349.7241,-0.196722
349.7400,-0.196387
349.7565,-0.196148
349.7740,-0.195806
349.7899,-0.195628
349.8073,-0.195428
349.8238,-0.195218
349.8410,-0.195004
349.8575,-0.194799
349.8745,-0.194541
349.8913,-0.194276
349.9074,-0.193934
349.9243,-0.193577
349.9409,-0.193268
349.9580,-0.192981
349.9745,-0.192696
349.9911,-0.192489
350.0075,-0.192290
350.0244,-0.192086
350.0413,-0.191873
350.0583,-0.191663
350.0753,-0.191501
350.0916,-0.191274
350.1082,-0.190986
350.1258,-0.190730
350.1419,-0.190427
350.1591,-0.190165
350.1757,-0.190009
350.1921,-0.189837
350.2086,-0.189692
350.2256,-0.189546
350.2424,-0.189371
350.2593,-0.189216
350.2765,-0.189020
350.2935,-0.188853
350.3096,-0.188608
350.3259,-0.188334
350.3427,-0.188077
350.3594,-0.187864
350.3766,-0.187645
350.3932,-0.187363
350.4096,-0.187138
350.4265,-0.186897
350.4435,-0.186704
350.4595,-0.186499
350.4766,-0.186365
350.4933,-0.186218
350.5104,-0.186037
350.5269,-0.185882
350.5441,-0.185752
350.5609,-0.185572
350.5771,-0.185365
350.5932,-0.185179
350.6102,-0.185030
350.6274,-0.184888
350.6440,-0.184768
350.6613,-0.184696
350.6774,-0.184638
350.6948,-0.184555
350.7106,-0.184434
350.7273,-0.184338
350.7440,-0.184245
350.7610,-0.184101
350.7778,-0.183944
350.7939,-0.183814
350.8113,-0.183571
350.8286,-0.183346
350.8439,-0.183123
350.8611,-0.182965
350.8777,-0.182806
350.8946,-0.182634
350.9117,-0.182485
350.9284,-0.182357
350.9443,-0.182276
350.9619,-0.182142
350.9785,-0.182013
350.9953,-0.181830
351.0126,-0.181577
351.0290,-0.181305
351.0455,-0.181076
351.0620,-0.180874
351.0789,-0.180724
351.0952,-0.180605
351.1115,-0.180520
351.1293,-0.180447
351.1459,-0.180370
351.1631,-0.180294
351.1790,-0.180181
351.1965,-0.180037
351.2128,-0.179924
351.2296,-0.179837
351.2462,-0.179758
351.2623,-0.179718
351.2803,-0.179663
351.2972,-0.179598
351.3129,-0.179509
351.3303,-0.179419
351.3467,-0.179341
351.3634,-0.179238
351.3806,-0.179089
351.3973,-0.178952
351.4142,-0.178798
351.4302,-0.178676
351.4475,-0.178578
351.4638,-0.178514
351.4803,-0.178454
351.4974,-0.178394
351.5137,-0.178315
351.5309,-0.178205
351.5478,-0.178148
351.5645,-0.178055
351.5812,-0.177959
351.5976,-0.177876
351.6153,-0.177776
351.6315,-0.177622
351.6474,-0.177502
351.6645,-0.177402
351.6807,-0.177344
351.6977,-0.177276
351.7141,-0.177207
351.7308,-0.177180
351.7475,-0.177153
351.7651,-0.177121
351.7813,-0.177089
351.7984,-0.177027
351.8153,-0.176966
351.8318,-0.176880
351.8478,-0.176793
351.8650,-0.176742
351.8817,-0.176708
351.8988,-0.176659
351.9156,-0.176610
351.9323,-0.176563
351.9491,-0.176504
351.9658,-0.176440
351.9822,-0.176389
351.9991,-0.176333
352.0157,-0.176256
352.0323,-0.176166
352.0487,-0.176089
352.0663,-0.176034
352.0822,-0.175962
352.0990,-0.175911
352.1161,-0.175869
352.1323,-0.175822
352.1491,-0.175749
352.1660,-0.175685
352.1826,-0.175599
352.1993,-0.175501
352.2162,-0.175403
352.2321,-0.175276
352.2490,-0.175195
352.2652,-0.175084
352.2823,-0.174972
352.2983,-0.174865
352.3159,-0.174797
352.3322,-0.174744
352.3488,-0.174707
352.3656,-0.174682
352.3819,-0.174644
352.3990,-0.174608
352.4158,-0.174579
352.4317,-0.174557
352.4484,-0.174537
352.4656,-0.174515
352.4825,-0.174478
352.4993,-0.174433
352.5159,-0.174392
352.5319,-0.174347
352.5490,-0.174316
352.5656,-0.174263
352.5822,-0.174208
352.5982,-0.174118
352.6152,-0.174080
352.6324,-0.174041
352.6483,-0.173983
352.6653,-0.173929
352.6818,-0.173890
352.6990,-0.173867
352.7162,-0.173827
352.7321,-0.173773
352.7488,-0.173676
352.7652,-0.173593
352.7826,-0.173505
352.7984,-0.173432
352.8150,-0.173390
352.8322,-0.173326
352.8495,-0.173272
352.8658,-0.173211
352.8824,-0.173158
352.8991,-0.173075
352.9154,-0.172968
352.9331,-0.172818
352.9495,-0.172698
352.9653,-0.172572
352.9819,-0.172480
352.9990,-0.172381
353.0154,-0.172293
353.0317,-0.172176
353.0490,-0.172092
353.0664,-0.172013
353.0815,-0.171922
353.0988,-0.171853
353.1154,-0.171796
353.1328,-0.171734
353.1490,-0.171677
353.1654,-0.171640
353.1826,-0.171587
353.1992,-0.171500
353.2162,-0.171447
353.2327,-0.171412
353.2489,-0.171377
353.2658,-0.171311
353.2827,-0.171251
353.2993,-0.171210
353.3166,-0.171168
353.3331,-0.171120
353.3492,-0.171072
353.3662,-0.171021
353.3828,-0.170981
353.4000,-0.170933
353.4166,-0.170904
353.4329,-0.170862
353.4496,-0.170809
353.4666,-0.170738
353.4834,-0.170678
353.4999,-0.170648
353.5166,-0.170583
353.5335,-0.170555
353.5499,-0.170528
353.5667,-0.170499
353.5844,-0.170460
353.6005,-0.170399
353.6177,-0.170339
353.6344,-0.170285
353.6508,-0.170219
353.6670,-0.170155
353.6838,-0.170093
353.7004,-0.170062
353.7169,-0.170032
353.7338,-0.169994
353.7507,-0.169934
353.7668,-0.169898
353.7840,-0.169862
353.8002,-0.169832
353.8180,-0.169802
353.8334,-0.169770
353.8509,-0.169738
353.8675,-0.169706
353.8842,-0.169668
353.9011,-0.169637
353.9171,-0.169607
353.9344,-0.169576
353.9512,-0.169544
353.9670,-0.169513
353.9843,-0.169482
354.0010,-0.169451
354.0179,-0.169421
354.0340,-0.169384
354.0511,-0.169346
354.0674,-0.169314
354.0840,-0.169283
354.1017,-0.169250
354.1183,-0.169218
354.1347,-0.169187
354.1505,-0.169157
354.1674,-0.169126
354.1846,-0.169087
354.2008,-0.169054
354.2181,-0.169021
354.2343,-0.168989
354.2510,-0.168958
354.2674,-0.168928
354.2844,-0.168900
354.3008,-0.168871
354.3179,-0.168841
354.3348,-0.168812
354.3511,-0.168782
354.3679,-0.168750
354.3843,-0.168718
354.4009,-0.168687
354.4182,-0.168654
354.4348,-0.168621
354.4512,-0.168590
354.4682,-0.168560
354.4850,-0.168531
354.5015,-0.168502
354.5185,-0.168472
354.5347,-0.168443
354.5518,-0.168416
354.5684,-0.168391
354.5852,-0.168364
354.6015,-0.168336
354.6188,-0.168305
354.6353,-0.168274
354.6517,-0.168243
354.6686,-0.168213
354.6849,-0.168183
354.7014,-0.168151
354.7183,-0.168121
354.7354,-0.168091
354.7521,-0.168061
354.7685,-0.168032
354.7852,-0.168003
354.8029,-0.167969
354.8183,-0.167923
354.8358,-0.167890
354.8517,-0.167859
354.8683,-0.167828
354.8848,-0.167797
354.9012,-0.167766
354.9187,-0.167734
354.9351,-0.167704
354.9510,-0.167676
354.9673,-0.167649
354.9842,-0.167621
355.0008,-0.167594
355.0181,-0.167567
355.0345,-0.167540
355.0513,-0.167513
355.0688,-0.167483
355.0853,-0.167451
355.1017,-0.167418
355.1181,-0.167384
355.1345,-0.167352
355.1514,-0.167320
355.1677,-0.167287
355.1841,-0.167254
355.2014,-0.167223
355.2180,-0.167191
355.2349,-0.167160
355.2515,-0.167128
355.2683,-0.167097
355.2845,-0.167063
355.3008,-0.167011
355.3179,-0.166978
355.3352,-0.166945
355.3516,-0.166914
355.3675,-0.166882
355.3841,-0.166851
355.4016,-0.166820
355.4181,-0.166787
355.4352,-0.166755
355.4514,-0.166721
355.4680,-0.166688
355.4842,-0.166654
355.5010,-0.166622
355.5183,-0.166590
355.5342,-0.166561
355.5521,-0.166530
355.5685,-0.166499
355.5851,-0.166468
355.6018,-0.166437
355.6190,-0.166403
355.6348,-0.166368
355.6521,-0.166334
355.6688,-0.166296
355.6856,-0.166248
355.7017,-0.166210
355.7184,-0.166177
355.7352,-0.166146
355.7520,-0.166114
355.7682,-0.166080
355.7851,-0.166046
355.8027,-0.166012
355.8185,-0.165975
355.8355,-0.165942
355.8523,-0.165910
355.8686,-0.165878
355.8855,-0.165849
355.9022,-0.165821
355.9189,-0.165792
355.9360,-0.165765
355.9527,-0.165736
355.9702,-0.165708
355.9861,-0.165678
356.0028,-0.165649
356.0193,-0.165618
356.0361,-0.165585
356.0531,-0.165553
356.0698,-0.165521
356.0864,-0.165489
356.1027,-0.165458
356.1194,-0.165424
356.1360,-0.165388
356.1529,-0.165354
356.1689,-0.165322
356.1862,-0.165291
356.2028,-0.165262
356.2193,-0.165231
356.2364,-0.165202
356.2519,-0.165173
356.2700,-0.165146
356.2859,-0.165119
356.3020,-0.165092
356.3195,-0.165062
356.3356,-0.165034
356.3536,-0.165005
356.3686,-0.164977
356.3859,-0.164947
356.4021,-0.164917
356.4191,-0.164888
356.4356,-0.164858
356.4522,-0.164829
356.4687,-0.164801
356.4857,-0.164775
356.5023,-0.164752
356.5191,-0.164725
356.5351,-0.164698
356.5524,-0.164671
356.5695,-0.164645
356.5859,-0.164617
356.6020,-0.164589
356.6189,-0.164559
356.6348,-0.164528
356.6521,-0.164497
356.6684,-0.164469
356.6853,-0.164441
356.7018,-0.164414
356.7189,-0.164389
356.7350,-0.164363
356.7518,-0.164339
356.7677,-0.164317
356.7854,-0.164293
356.8019,-0.164270
356.8185,-0.164245
356.8352,-0.164217
356.8519,-0.164190
356.8679,-0.164160
356.8852,-0.164130
356.9021,-0.164102
356.9185,-0.164073
356.9354,-0.164045
356.9520,-0.164018
356.9688,-0.163991
356.9854,-0.163965
357.0017,-0.163940
357.0194,-0.163913
357.0349,-0.163886
357.0525,-0.163858
357.0684,-0.163828
357.0854,-0.163798
357.1022,-0.163770
357.1186,-0.163742
357.1352,-0.163714
357.1514,-0.163686
357.1688,-0.163659
357.1852,-0.163631
357.2014,-0.163603
357.2185,-0.163577
357.2357,-0.163549
357.2519,-0.163522
357.2690,-0.163496
357.2846,-0.163468
357.3025,-0.163443
357.3185,-0.163417
357.3355,-0.163393
357.3531,-0.163368
357.3678,-0.163343
357.3856,-0.163319
357.4019,-0.163293
357.4183,-0.163266
357.4358,-0.163240
357.4521,-0.163214
357.4682,-0.163186
357.4849,-0.163157
357.5023,-0.163128
357.5183,-0.163099
357.5355,-0.163072
357.5525,-0.163043
357.5684,-0.163017
357.5852,-0.162991
357.6018,-0.162966
357.6193,-0.162938
357.6350,-0.162913
357.6527,-0.162887
357.6693,-0.162861
357.6861,-0.162834
357.7023,-0.162807
357.7189,-0.162782
357.7362,-0.162758
357.7524,-0.162733
357.7691,-0.162707
357.7859,-0.162681
357.8025,-0.162653
357.8192,-0.162628
357.8355,-0.162601
357.8528,-0.162574
357.8697,-0.162548
357.8863,-0.162520
357.9027,-0.162493
357.9192,-0.162467
357.9359,-0.162440
357.9526,-0.162415
357.9694,-0.162391
357.9859,-0.162367
358.0022,-0.162345
358.0199,-0.162322
358.0363,-0.162299
358.0529,-0.162279
358.0697,-0.162259
358.0864,-0.162241
358.1032,-0.162220
358.1195,-0.162202
358.1371,-0.162182
358.1530,-0.162158
358.1703,-0.162133
358.1865,-0.162106
358.2034,-0.162080
358.2197,-0.162054
358.2367,-0.162030
358.2534,-0.162006
358.2701,-0.161985
358.2861,-0.161962
358.3037,-0.161939
358.3196,-0.161918
358.3368,-0.161896
358.3529,-0.161874
358.3696,-0.161854
358.3865,-0.161834
358.4032,-0.161815
358.4200,-0.161800
358.4370,-0.161786
358.4531,-0.161770
358.4705,-0.161755
358.4867,-0.161740
358.5038,-0.161723
358.5207,-0.161706
358.5362,-0.161688
358.5540,-0.161667
358.5704,-0.161648
358.5872,-0.161628
358.6047,-0.161611
358.6198,-0.161596
358.6378,-0.161581
358.6542,-0.161568
358.6704,-0.161553
358.6874,-0.161536
358.7040,-0.161521
358.7207,-0.161506
358.7372,-0.161493
358.7542,-0.161478
358.7708,-0.161462
358.7874,-0.161445
358.8044,-0.161429
358.8209,-0.161413
358.8374,-0.161396
358.8546,-0.161381
358.8704,-0.161367
358.8871,-0.161350
358.9044,-0.161333
358.9209,-0.161319
358.9379,-0.161304
358.9540,-0.161288
358.9708,-0.161272
358.9876,-0.161259
359.0041,-0.161245
359.0205,-0.161231
359.0372,-0.161217
359.0538,-0.161201
359.0707,-0.161186
359.0876,-0.161171
359.1039,-0.161159
359.1205,-0.161147
359.1375,-0.161135
359.1541,-0.161122
359.1712,-0.161110
359.1879,-0.161097
359.2042,-0.161086
359.2207,-0.161073
359.2373,-0.161061
359.2539,-0.161047
359.2707,-0.161036
359.2881,-0.161023
359.3040,-0.161011
359.3203,-0.161000
359.3371,-0.160988
359.3541,-0.160976
359.3703,-0.160965
359.3873,-0.160954
359.4041,-0.160943
359.4206,-0.160930
359.4367,-0.160917
359.4541,-0.160906
359.4703,-0.160894
359.4871,-0.160881
359.5034,-0.160869
359.5208,-0.160857
359.5375,-0.160846
359.5534,-0.160833
359.5700,-0.160820
359.5869,-0.160805
359.6039,-0.160790
359.6201,-0.160776
359.6366,-0.160762
359.6537,-0.160749
359.6699,-0.160735
359.6870,-0.160722
359.7036,-0.160710
359.7212,-0.160699
359.7369,-0.160689
359.7532,-0.160678
359.7705,-0.160666
359.7871,-0.160653
359.8037,-0.160640
359.8207,-0.160628
359.8369,-0.160614
359.8544,-0.160600
359.8694,-0.160584
359.8870,-0.160568
359.9040,-0.160554
359.9209,-0.160539
359.9370,-0.160521
359.9534,-0.160506
359.9709,-0.160490
359.9879,-0.160473
360.0037,-0.160457
360.0203,-0.160442
360.0372,-0.160426
360.0534,-0.160408
360.0699,-0.160390
360.0878,-0.160376
360.1040,-0.160363
360.1208,-0.160351
360.1363,-0.160340
360.1532,-0.160326
360.1709,-0.160314
360.1870,-0.160303
360.2034,-0.160292
360.2206,-0.160280
360.2375,-0.160269
360.2542,-0.160258
360.2708,-0.160246
360.2880,-0.160234
360.3045,-0.160224
360.3214,-0.160214
360.3383,-0.160203
360.3542,-0.160192
360.3708,-0.160181
360.3874,-0.160165
360.4043,-0.160150
360.4207,-0.160138
360.4377,-0.160129
360.4536,-0.160117
360.4708,-0.160103
360.4884,-0.160089
360.5043,-0.160076
360.5216,-0.160064
360.5379,-0.160052
360.5544,-0.160039
360.5708,-0.160024
360.5881,-0.160012
360.6050,-0.160001
360.6212,-0.159992
360.6381,-0.159984
360.6548,-0.159975
360.6719,-0.159962
360.6878,-0.159949
360.7046,-0.159936
360.7220,-0.159925
360.7383,-0.159914
360.7544,-0.159904
360.7708,-0.159896
360.7874,-0.159889
360.8044,-0.159883
360.8222,-0.159877
360.8373,-0.159873
360.8548,-0.159866
360.8715,-0.159860
360.8875,-0.159854
360.9043,-0.159848
360.9216,-0.159843
360.9376,-0.159836
360.9544,-0.159829
360.9712,-0.159820
360.9878,-0.159811
361.0046,-0.159805
361.0214,-0.159799
361.0371,-0.159792
361.0546,-0.159788
361.0715,-0.159784
361.0884,-0.159781
361.1045,-0.159777
361.1216,-0.159773
361.1374,-0.159766
361.1553,-0.159758
361.1712,-0.159750
361.1873,-0.159741
361.2043,-0.159733
361.2213,-0.159725
361.2378,-0.159718
361.2546,-0.159710
361.2713,-0.159702
361.2878,-0.159695
361.3046,-0.159689
361.3213,-0.159682
361.3376,-0.159676
361.3545,-0.159672
361.3708,-0.159671
361.3879,-0.159666
361.4046,-0.159660
361.4216,-0.159654
361.4380,-0.159649
361.4552,-0.159644
361.4711,-0.159638
361.4877,-0.159632
361.5042,-0.159626
361.5211,-0.159620
361.5376,-0.159614
361.5546,-0.159608
361.5710,-0.159606
361.5875,-0.159602
361.6049,-0.159598
361.6206,-0.159595
361.6375,-0.159592
361.6548,-0.159586
361.6708,-0.159580
361.6875,-0.159573
361.7043,-0.159564
361.7207,-0.159553
361.7365,-0.159542
361.7541,-0.159534
361.7698,-0.159526
361.7865,-0.159517
361.8035,-0.159511
361.8201,-0.159505
361.8375,-0.159502
361.8535,-0.159499
361.8699,-0.159494
361.8873,-0.159489
361.9039,-0.159483
361.9212,-0.159477
361.9377,-0.159472
361.9533,-0.159465
361.9708,-0.159457
361.9872,-0.159447
362.0051,-0.159436
362.0210,-0.159427
362.0379,-0.159415
362.0542,-0.159401
362.0707,-0.159387
362.0873,-0.159373
362.1035,-0.159360
362.1207,-0.159348
362.1377,-0.159337
362.1538,-0.159326
362.1706,-0.159316
362.1874,-0.159307
362.2045,-0.159299
362.2203,-0.159292
362.2381,-0.159286
362.2542,-0.159278
362.2707,-0.159268
362.2879,-0.159258
362.3045,-0.159251
362.3210,-0.159242
362.3372,-0.159237
362.3545,-0.159231
362.3714,-0.159224
362.3881,-0.159218
362.4042,-0.159211
362.4211,-0.159205
362.4380,-0.159198
362.4536,-0.159192
362.4710,-0.159187
362.4871,-0.159181
362.5040,-0.159175
362.5210,-0.159171
362.5376,-0.159168
362.5545,-0.159167
362.5715,-0.159165
362.5879,-0.159162
362.6043,-0.159157
362.6215,-0.159152
362.6378,-0.159148
362.6539,-0.159142
362.6714,-0.159137
362.6879,-0.159130
362.7044,-0.159122
362.7214,-0.159114
362.7382,-0.159109
362.7549,-0.159104
362.7716,-0.159099
362.7878,-0.159094
362.8046,-0.159088
362.8209,-0.159081
362.8378,-0.159073
362.8546,-0.159064
362.8712,-0.159056
362.8875,-0.159050
362.9041,-0.159044
362.9210,-0.159041
362.9384,-0.159037
362.9546,-0.159037
362.9718,-0.159035
362.9891,-0.159035
363.0046,-0.159034
363.0211,-0.159029
363.0381,-0.159023
363.0546,-0.159017
363.0714,-0.159012
363.0878,-0.159007
363.1045,-0.159002
363.1214,-0.158997
363.1376,-0.158994
363.1551,-0.158990
363.1721,-0.158986
363.1884,-0.158982
363.2047,-0.158977
363.2216,-0.158973
363.2386,-0.158968
363.2547,-0.158961
363.2717,-0.158953
363.2885,-0.158946
363.3048,-0.158943
363.3213,-0.158939
363.3380,-0.158938
363.3545,-0.158935
363.3710,-0.158934
363.3887,-0.158933
363.4046,-0.158935
363.4219,-0.158935
363.4382,-0.158936
363.4554,-0.158935
363.4719,-0.158930
363.4877,-0.158927
363.5047,-0.158927
363.5219,-0.158927
363.5382,-0.158926
363.5547,-0.158924
363.5716,-0.158921
363.5885,-0.158920
363.6056,-0.158920
363.6205,-0.158918
363.6379,-0.158916
363.6548,-0.158914
363.6722,-0.158913
363.6876,-0.158912
363.7045,-0.158910
363.7212,-0.158907
363.7376,-0.158904
363.7550,-0.158900
363.7714,-0.158898
363.7865,-0.158898
363.8043,-0.158896
363.8204,-0.158895
363.8376,-0.158894
363.8543,-0.158895
363.8710,-0.158893
363.8875,-0.158894
363.9042,-0.158895
363.9212,-0.158896
363.9378,-0.158896
363.9541,-0.158899
363.9713,-0.158901
363.9873,-0.158903
364.0046,-0.158904
364.0211,-0.158903
364.0375,-0.158900
364.0545,-0.158896
364.0719,-0.158893
364.0872,-0.158890
364.1039,-0.158888
364.1205,-0.158887
364.1377,-0.158885
364.1541,-0.158884
364.1709,-0.158885
364.1873,-0.158887
364.2039,-0.158887
364.2209,-0.158887
364.2375,-0.158886
364.2534,-0.158885
364.2708,-0.158883
364.2868,-0.158881
364.3043,-0.158878
364.3210,-0.158870
364.3372,-0.158862
364.3549,-0.158856
364.3714,-0.158851
364.3869,-0.158845
364.4034,-0.158839
364.4207,-0.158833
364.4371,-0.158824
364.4540,-0.158820
364.4707,-0.158819
364.4879,-0.158816
364.5040,-0.158812
364.5214,-0.158806
364.5381,-0.158801
364.5543,-0.158797
364.5709,-0.158796
364.5872,-0.158793
364.6041,-0.158790
364.6210,-0.158788
364.6374,-0.158787
364.6542,-0.158784
364.6708,-0.158782
364.6876,-0.158781
364.7047,-0.158779
364.7208,-0.158776
364.7369,-0.158774
364.7546,-0.158772
364.7714,-0.158765
364.7880,-0.158758
364.8036,-0.158753
364.8204,-0.158748
364.8372,-0.158742
364.8538,-0.158738
364.8712,-0.158737
364.8879,-0.158737
364.9041,-0.158736
364.9211,-0.158732
364.9385,-0.158731
364.9541,-0.158726
364.9699,-0.158724
364.9875,-0.158722
365.0040,-0.158721
365.0207,-0.158720
365.0373,-0.158722
365.0546,-0.158723
365.0706,-0.158721
365.0877,-0.158720
365.1042,-0.158717
365.1209,-0.158713
365.1376,-0.158708
365.1541,-0.158704
365.1713,-0.158698
365.1876,-0.158694
365.2038,-0.158690
365.2209,-0.158686
365.2373,-0.158682
365.2539,-0.158678
365.2710,-0.158680
365.2877,-0.158681
365.3039,-0.158680
365.3209,-0.158682
365.3381,-0.158684
365.3547,-0.158685
365.3705,-0.158683
365.3878,-0.158681
365.4048,-0.158677
365.4211,-0.158673
365.4374,-0.158670
365.4536,-0.158666
365.4710,-0.158660
365.4877,-0.158654
365.5042,-0.158652
365.5213,-0.158649
365.5381,-0.158647
365.5537,-0.158643
365.5712,-0.158643
365.5878,-0.158641
365.6046,-0.158639
365.6202,-0.158636
365.6372,-0.158634
365.6541,-0.158630
365.6711,-0.158629
365.6880,-0.158630
365.7042,-0.158630
365.7210,-0.158631
365.7374,-0.158634
365.7538,-0.158634
365.7710,-0.158634
365.7874,-0.158632
365.8037,-0.158629
365.8215,-0.158626
365.8379,-0.158623
365.8542,-0.158619
365.8712,-0.158615
365.8881,-0.158614
365.9041,-0.158610
365.9213,-0.158605
365.9378,-0.158602
365.9545,-0.158600
365.9713,-0.158597
365.9873,-0.158593
366.0035,-0.158588
366.0208,-0.158582
366.0371,-0.158576
366.0530,-0.158570
366.0704,-0.158568
366.0869,-0.158565
366.1034,-0.158561
366.1196,-0.158557
366.1366,-0.158555
366.1532,-0.158554
366.1698,-0.158555
366.1868,-0.158553
366.2030,-0.158552
366.2198,-0.158552
366.2365,-0.158553
366.2541,-0.158556
366.2700,-0.158557
366.2875,-0.158560
366.3037,-0.158558
366.3202,-0.158556
366.3372,-0.158554
366.3538,-0.158548
366.3707,-0.158542
366.3868,-0.158536
366.4041,-0.158533
366.4204,-0.158531
366.4373,-0.158529
366.4537,-0.158528
366.4704,-0.158529
366.4870,-0.158530
366.5046,-0.158531
366.5208,-0.158530
366.5375,-0.158525
366.5539,-0.158520
366.5707,-0.158515
366.5866,-0.158513
366.6033,-0.158511
366.6203,-0.158511
366.6375,-0.158511
366.6542,-0.158511
366.6708,-0.158512
366.6874,-0.158513
366.7047,-0.158513
366.7214,-0.158512
366.7379,-0.158510
366.7545,-0.158508
366.7715,-0.158505
366.7873,-0.158503
366.8043,-0.158502
366.8213,-0.158501
366.8381,-0.158499
366.8544,-0.158496
366.8711,-0.158494
366.8883,-0.158491
366.9048,-0.158489
366.9209,-0.158488
366.9383,-0.158487
366.9545,-0.158489
366.9711,-0.158490
366.9878,-0.158489
367.0045,-0.158490
367.0208,-0.158490
367.0385,-0.158487
367.0553,-0.158484
367.0709,-0.158482
367.0880,-0.158482
367.1043,-0.158483
367.1216,-0.158483
367.1382,-0.158483
367.1547,-0.158486
367.1715,-0.158488
367.1880,-0.158488
367.2044,-0.158489
367.2214,-0.158490
367.2382,-0.158490
367.2549,-0.158493
367.2710,-0.158498
367.2880,-0.158502
367.3054,-0.158505
367.3214,-0.158510
367.3393,-0.158512
367.3548,-0.158515
367.3718,-0.158517
367.3887,-0.158517
367.4045,-0.158514
367.4217,-0.158513
367.4384,-0.158510
367.4546,-0.158509
367.4711,-0.158507
367.4884,-0.158506
367.5047,-0.158507
367.5213,-0.158506
367.5383,-0.158507
367.5549,-0.158508
367.5722,-0.158507
367.5884,-0.158505
367.6049,-0.158505
367.6219,-0.158506
367.6386,-0.158506
367.6546,-0.158505
367.6714,-0.158507
367.6881,-0.158509
367.7053,-0.158511
367.7219,-0.158515
367.7390,-0.158518
367.7554,-0.158523
367.7723,-0.158526
367.7891,-0.158528
367.8049,-0.158529
367.8221,-0.158529
367.8395,-0.158531
367.8551,-0.158532
367.8716,-0.158534
367.8891,-0.158534
367.9057,-0.158532
367.9218,-0.158531
367.9395,-0.158533
367.9559,-0.158536
367.9725,-0.158536
367.9893,-0.158534
368.0059,-0.158533
368.0225,-0.158533
368.0389,-0.158530
368.0556,-0.158528
368.0726,-0.158526
368.0892,-0.158524
368.1056,-0.158527
368.1219,-0.158528
368.1390,-0.158528
368.1557,-0.158529
368.1725,-0.158530
368.1893,-0.158531
368.2050,-0.158533
368.2216,-0.158535
368.2393,-0.158536
368.2556,-0.158537
368.2723,-0.158538
368.2887,-0.158539
368.3056,-0.158538
368.3224,-0.158535
368.3392,-0.158533
368.3564,-0.158532
368.3727,-0.158532
368.3889,-0.158532
368.4057,-0.158535
368.4221,-0.158538
368.4398,-0.158540
368.4563,-0.158544
368.4728,-0.158547
368.4892,-0.158550
368.5060,-0.158552
368.5236,-0.158551
368.5397,-0.158551
368.5559,-0.158552
368.5729,-0.158553
368.5894,-0.158554
368.6063,-0.158554
368.6227,-0.158553
368.6396,-0.158554
368.6562,-0.158554
368.6734,-0.158555
368.6900,-0.158556
368.7060,-0.158555
368.7231,-0.158555
368.7395,-0.158558
368.7563,-0.158562
368.7728,-0.158565
368.7891,-0.158569
368.8065,-0.158571
368.8231,-0.158571
