Temperaturee (°C),Heat flow (W/g)
70.0119,0.0281498
70.0111,0.0281774
70.0124,0.0282044
70.0128,0.0282322
70.0115,0.0282555
70.0125,0.0282746
70.0119,0.0282895
70.0119,0.0283119
70.0117,0.0283296
70.0123,0.0283488
70.012,0.0283733
70.0124,0.0283988
70.0121,0.0284211
70.0126,0.0284392
70.0124,0.0284622
70.0124,0.0284857
70.0127,0.0285094
70.0134,0.0285392
70.015,0.0285732
70.0144,0.0286093
70.0153,0.0286453
70.0157,0.0286778
70.017,0.0287132
70.019,0.0287604
70.0198,0.0288076
70.0205,0.0289405
70.0233,0.0292696
70.0237,0.0298862
70.0252,0.030874
70.0281,0.032272
70.0293,0.0344012
70.0322,0.0371912
70.0336,0.0405364
70.0372,0.0452335
70.0402,0.0505219
70.0426,0.0565443
70.0465,0.0637488
70.0499,0.070008
70.0529,0.0768621
70.0575,0.0822582
70.061,0.0880501
70.0658,0.0933452
70.0696,0.0973244
70.0751,0.101598
70.0802,0.106897
70.0848,0.11235
70.0905,0.116251
70.0968,0.121438
70.1019,0.125098
70.109,0.129285
70.1149,0.134228
70.1216,0.138852
70.1286,0.143003
70.1361,0.14753
70.1424,0.151406
70.1505,0.155185
70.1578,0.159021
70.1662,0.162173
70.1742,0.165838
70.1827,0.167905
70.1905,0.170385
70.1992,0.172312
70.2085,0.173952
70.2183,0.175825
70.2269,0.177536
70.2366,0.179466
70.2453,0.181548
70.2553,0.183498
70.2644,0.185224
70.2752,0.185403
70.285,0.186899
70.2947,0.187393
70.3058,0.188391
70.3155,0.187406
70.3274,0.186955
70.338,0.185718
70.3483,0.185092
70.3604,0.184588
70.3708,0.183537
70.3822,0.182491
70.3935,0.181511
70.4046,0.18063
70.4165,0.175608
70.4281,0.174103
70.4396,0.17309
70.4515,0.171907
70.4636,0.170573
70.4754,0.169545
70.4865,0.168466
70.4996,0.167523
70.5121,0.166432
70.5244,0.164972
70.5358,0.163045
70.5495,0.160454
70.5611,0.157321
70.5744,0.153968
70.5857,0.150753
70.599,0.147211
70.6117,0.143482
70.6253,0.13888
70.6374,0.133937
70.65,0.129621
70.6627,0.12473
70.6773,0.120388
70.6895,0.116185
70.7036,0.110911
70.7157,0.107659
70.7298,0.103705
70.7428,0.0996775
70.7566,0.0961092
70.7702,0.0938836
70.7831,0.089964
70.7972,0.0877399
70.8098,0.0836875
70.8236,0.0794082
70.8371,0.0755404
70.8513,0.0725333
70.8637,0.0694537
70.8794,0.0649041
70.8933,0.0608369
70.9062,0.0582894
70.9201,0.0543715
70.934,0.0514626
70.9485,0.0501897
70.962,0.0467967
70.9767,0.0419916
70.9903,0.0383641
71.0046,0.0345644
71.0185,0.0304687
71.0337,0.0275073
71.0483,0.0243047
71.062,0.0215237
71.077,0.018878
71.0918,0.0159363
71.1052,0.0144215
71.1197,0.0118721
71.1347,0.00990731
71.1487,0.00767208
71.1642,0.00432265
71.1788,4.41167e-06
71.1927,-0.00360787
71.2075,-0.00680921
71.2226,-0.0101412
71.2372,-0.0130969
71.2511,-0.0164745
71.2677,-0.0199529
71.2814,-0.0223773
71.2965,-0.0246361
71.3118,-0.027242
71.3266,-0.0291782
71.3421,-0.0311874
71.3565,-0.034221
71.3712,-0.0359086
71.3872,-0.0382656
71.4025,-0.0423313
71.4176,-0.0454433
71.4324,-0.0489395
71.4478,-0.0506422
71.4628,-0.052885
71.4789,-0.0558668
71.4936,-0.0578377
71.5093,-0.0601527
71.5236,-0.0619626
71.54,-0.0648063
71.5547,-0.0680567
71.5707,-0.0703434
71.5852,-0.0736643
71.601,-0.0759566
71.6171,-0.0790951
71.6321,-0.0820735
71.6464,-0.0833544
71.6631,-0.0853546
71.679,-0.0858313
71.6952,-0.0882765
71.7112,-0.0892926
71.7253,-0.0912864
71.7414,-0.0933709
71.7567,-0.0963915
71.7734,-0.0976136
71.7886,-0.101725
71.8037,-0.10498
71.8201,-0.106987
71.8358,-0.10934
71.8517,-0.110163
71.8682,-0.112779
71.8831,-0.114518
71.8986,-0.116005
71.9148,-0.117666
71.9306,-0.11973
71.9458,-0.122483
71.9617,-0.125608
71.978,-0.126951
71.9933,-0.128405
72.0095,-0.129425
72.0259,-0.131597
72.0416,-0.133658
72.0573,-0.135562
72.0729,-0.136808
72.0887,-0.138406
72.105,-0.139507
72.12,-0.141409
72.1368,-0.142736
72.1529,-0.144343
72.1688,-0.145504
72.1853,-0.147376
72.2012,-0.148533
72.2173,-0.15103
72.2328,-0.152873
72.2493,-0.154827
72.2656,-0.156419
72.2822,-0.15772
72.2974,-0.158722
72.3127,-0.159387
72.33,-0.159991
72.3464,-0.160775
72.3621,-0.162536
72.3781,-0.164851
72.3944,-0.166947
72.4095,-0.169241
72.4264,-0.170451
72.4428,-0.171987
72.4588,-0.173092
72.4751,-0.174969
72.4907,-0.17583
72.5077,-0.176695
72.5237,-0.176925
72.54,-0.177816
72.5564,-0.178882
72.5725,-0.180185
72.5885,-0.182046
72.6045,-0.182855
72.621,-0.183924
72.6372,-0.185278
72.6534,-0.187206
72.6701,-0.189057
72.6872,-0.19002
72.7024,-0.190991
72.719,-0.191999
72.7353,-0.192733
72.7518,-0.193092
72.7673,-0.193298
72.7836,-0.193779
72.8009,-0.194436
72.8161,-0.195059
72.8328,-0.196164
72.8492,-0.197616
72.8652,-0.198678
72.8828,-0.200044
72.8981,-0.201374
72.9145,-0.202562
72.931,-0.203973
72.9473,-0.204466
72.9638,-0.204769
72.9804,-0.205215
72.9966,-0.205746
73.0131,-0.206308
73.0294,-0.206905
73.0456,-0.207273
73.0628,-0.20802
73.0789,-0.208751
73.0947,-0.209472
73.1115,-0.21029
73.1278,-0.211047
73.1443,-0.211928
73.1606,-0.212879
73.177,-0.213755
73.1935,-0.214402
73.2103,-0.215206
73.2269,-0.215982
73.2422,-0.216782
73.2586,-0.217471
73.2751,-0.218139
73.292,-0.218849
73.309,-0.219395
73.325,-0.220042
73.3418,-0.220599
73.3583,-0.22121
73.3746,-0.221655
73.3906,-0.221888
73.4071,-0.22226
73.4236,-0.222682
73.4404,-0.223046
73.4567,-0.223481
73.473,-0.224176
73.4895,-0.224909
73.5057,-0.225642
73.5217,-0.226322
73.539,-0.227067
73.555,-0.227738
73.5726,-0.2281
73.5882,-0.228325
73.6054,-0.228457
73.622,-0.228566
73.6384,-0.228794
73.6551,-0.229105
73.6707,-0.229582
73.6872,-0.229879
73.7038,-0.230163
73.7212,-0.230408
73.7374,-0.230708
73.7535,-0.231003
73.7697,-0.231335
73.7863,-0.231606
73.8029,-0.231861
73.8199,-0.232164
73.8366,-0.232466
73.8524,-0.232794
73.8695,-0.23307
73.8852,-0.233327
73.9019,-0.233538
73.9181,-0.233727
73.9357,-0.2341
73.9514,-0.234498
73.9685,-0.235147
73.985,-0.235685
74.0011,-0.235964
74.019,-0.236155
74.0339,-0.236395
74.0516,-0.236611
74.0673,-0.236826
74.0844,-0.236963
74.1009,-0.2371
74.1178,-0.237284
74.1341,-0.23752
74.1511,-0.237795
74.1669,-0.238116
74.1842,-0.238334
74.2003,-0.238548
74.2175,-0.238871
74.2334,-0.239096
74.2502,-0.239387
74.2671,-0.239565
74.2828,-0.239789
74.3002,-0.239888
74.3172,-0.239989
74.3332,-0.24008
74.3492,-0.24018
74.3662,-0.240282
74.3819,-0.240417
74.3992,-0.240586
74.4153,-0.240773
74.432,-0.241081
74.4486,-0.241345
74.4652,-0.241593
74.4817,-0.241745
74.4988,-0.241857
74.5155,-0.241987
74.5313,-0.242114
74.5488,-0.242303
74.5639,-0.242463
74.5812,-0.242587
74.5973,-0.242664
74.6144,-0.242817
74.6314,-0.242922
74.6476,-0.243073
74.6644,-0.243166
74.6801,-0.24332
74.6975,-0.243468
74.713,-0.243544
74.7307,-0.243691
74.747,-0.243781
74.7636,-0.243837
74.7804,-0.243889
74.7965,-0.243946
74.8137,-0.244
74.8296,-0.244057
74.8465,-0.244172
74.863,-0.244353
74.8787,-0.244488
74.8963,-0.244557
74.9122,-0.244621
74.9296,-0.244685
74.9467,-0.24474
74.9624,-0.244913
74.9791,-0.244992
74.9956,-0.245085
75.0128,-0.245185
75.0285,-0.245237
75.0456,-0.245313
75.0618,-0.245421
75.0788,-0.245542
75.0959,-0.245666
75.1113,-0.245805
75.1281,-0.245894
75.1451,-0.245971
75.1624,-0.246042
75.1785,-0.246109
75.195,-0.246176
75.2114,-0.246241
75.2287,-0.246304
75.2448,-0.246365
75.261,-0.246428
75.2779,-0.24655
75.2944,-0.246612
75.312,-0.246675
75.3287,-0.246736
75.3448,-0.246798
75.3612,-0.246873
75.3774,-0.246932
75.395,-0.246992
75.4109,-0.247057
75.4274,-0.247125
75.4444,-0.247196
75.461,-0.247264
75.4775,-0.247332
75.4942,-0.247403
75.5104,-0.247471
75.5273,-0.247533
75.5432,-0.247588
75.5607,-0.247649
75.5765,-0.247705
75.5932,-0.247768
75.6099,-0.247833
75.6259,-0.247899
75.6436,-0.247963
75.6596,-0.248034
75.676,-0.24811
75.6922,-0.24818
75.7091,-0.248253
75.7265,-0.248315
75.7423,-0.248375
75.7588,-0.248432
75.7754,-0.248491
75.7924,-0.248554
75.8083,-0.248622
75.8255,-0.24869
75.842,-0.248758
75.8581,-0.248825
75.8757,-0.248882
75.8919,-0.248942
75.9084,-0.249001
75.9248,-0.249056
75.9413,-0.249109
75.9581,-0.249161
75.9746,-0.24922
75.9924,-0.249287
76.0077,-0.24936
76.0243,-0.249436
76.0409,-0.249508
76.0584,-0.24958
76.0736,-0.249641
76.0914,-0.249706
76.1079,-0.249775
76.1236,-0.24984
76.1409,-0.249899
76.158,-0.249954
76.1741,-0.250004
76.1905,-0.250059
76.2071,-0.250117
76.2245,-0.25018
76.2397,-0.250236
76.2573,-0.250289
76.2729,-0.250339
76.2914,-0.250398
76.3078,-0.250457
76.3239,-0.250509
76.3396,-0.250563
76.3565,-0.250612
76.3737,-0.250655
76.39,-0.250705
76.407,-0.250754
76.4236,-0.250806
76.4403,-0.250855
76.4566,-0.250905
76.4737,-0.250953
76.4895,-0.251007
76.5065,-0.251067
76.5232,-0.251119
76.5403,-0.251175
76.5564,-0.251233
76.5729,-0.251281
76.5907,-0.251322
76.6072,-0.251362
76.6233,-0.251399
76.6402,-0.251433
76.6562,-0.251466
76.673,-0.251498
76.6889,-0.251527
76.7065,-0.251563
76.7224,-0.251609
76.739,-0.251652
76.756,-0.251697
76.7723,-0.251739
76.7887,-0.251782
76.8062,-0.251824
76.8222,-0.25187
76.8384,-0.251917
76.8551,-0.25196
76.872,-0.251998
76.8883,-0.252043
76.9058,-0.252088
76.9217,-0.252128
76.9383,-0.252167
76.9551,-0.252203
76.9728,-0.252242
76.9878,-0.252282
77.0054,-0.252321
77.0215,-0.252359
77.0386,-0.252394
77.0558,-0.252432
77.0713,-0.252467
77.0894,-0.252494
77.1046,-0.252522
77.1215,-0.252551
77.1381,-0.25258
77.155,-0.252613
77.1715,-0.252655
77.1883,-0.252698
77.2052,-0.252737
77.2216,-0.25278
77.2387,-0.252815
77.2553,-0.252846
77.2719,-0.252878
77.2878,-0.252907
77.3047,-0.252936
77.3218,-0.252969
77.3379,-0.252998
77.3541,-0.253026
77.371,-0.253057
77.3872,-0.25309
77.404,-0.253124
77.4209,-0.253158
77.438,-0.253189
77.4541,-0.253224
77.4705,-0.253257
77.4881,-0.253289
77.504,-0.25331
77.5208,-0.253333
77.5371,-0.253357
77.5538,-0.25338
77.5712,-0.253399
77.5867,-0.253425
77.6043,-0.253447
77.6207,-0.253471
77.6367,-0.253498
77.6536,-0.253528
77.6705,-0.253559
77.6874,-0.253583
77.7033,-0.253606
77.7197,-0.253634
77.7372,-0.253661
77.7539,-0.253689
77.7696,-0.253718
77.7861,-0.253752
77.8037,-0.253788
77.8205,-0.25382
77.837,-0.253856
77.8539,-0.253892
77.87,-0.25392
77.8863,-0.253933
77.9031,-0.253954
77.9205,-0.253968
77.937,-0.253986
77.9534,-0.253999
77.9693,-0.254016
77.9871,-0.254033
78.0033,-0.25405
78.0197,-0.254074
78.0367,-0.254104
78.0538,-0.254127
78.0697,-0.254143
78.0869,-0.254161
78.1034,-0.254176
78.1197,-0.254188
78.1363,-0.254208
78.1532,-0.254235
78.1697,-0.254266
78.1862,-0.254298
78.2034,-0.254322
78.2197,-0.254345
78.2369,-0.25437
78.2521,-0.254388
78.2691,-0.254395
78.285,-0.2544
78.3025,-0.254417
78.3191,-0.254435
78.3356,-0.25446
78.3527,-0.25448
78.3699,-0.254507
78.3865,-0.254525
78.4028,-0.254543
78.419,-0.254564
78.4355,-0.254574
78.4525,-0.254587
78.4693,-0.254594
78.4862,-0.254603
78.5037,-0.25462
78.5188,-0.254641
78.5357,-0.254658
78.5521,-0.254674
78.5686,-0.2547
78.5861,-0.254729
78.6029,-0.254752
78.6194,-0.254769
78.6357,-0.254787
78.6527,-0.254808
78.6692,-0.254822
78.6852,-0.254838
78.7021,-0.254849
78.7187,-0.254856
78.7364,-0.254866
78.7526,-0.254879
78.7696,-0.2549
78.786,-0.254925
78.8018,-0.254943
78.8196,-0.254954
78.836,-0.254965
78.8532,-0.254976
78.8691,-0.254992
78.8859,-0.255008
78.9019,-0.255029
78.9193,-0.255054
78.9359,-0.255065
78.9526,-0.255073
78.9697,-0.255089
78.9861,-0.255104
79.003,-0.255111
79.0183,-0.25511
79.0359,-0.25511
79.0532,-0.255108
79.07,-0.255103
79.0854,-0.255111
79.1022,-0.255124
79.1189,-0.255138
79.1362,-0.255148
79.1522,-0.255159
79.17,-0.255173
79.1861,-0.255185
79.2025,-0.255204
79.2182,-0.255225
79.2359,-0.25524
79.2525,-0.255252
79.2691,-0.25527
79.2861,-0.255284
79.3029,-0.255297
79.3191,-0.255307
79.3364,-0.25531
79.3528,-0.255311
79.3691,-0.255306
79.3858,-0.255303
79.4021,-0.255311
79.4192,-0.255324
79.4356,-0.255336
79.4521,-0.255348
79.4688,-0.255356
79.4863,-0.255366
79.5027,-0.255379
79.5189,-0.255383
79.5354,-0.255392
79.5519,-0.255392
79.5688,-0.255396
79.5858,-0.255404
79.6012,-0.255408
79.6194,-0.255416
79.6352,-0.255417
79.6526,-0.255422
79.669,-0.25543
79.6855,-0.255441
79.7018,-0.255451
79.7185,-0.255466
79.7359,-0.255479
79.752,-0.25549
79.7689,-0.255502
79.7853,-0.255509
79.8026,-0.255512
79.8192,-0.25551
79.8351,-0.25551
79.8516,-0.255514
79.8685,-0.25553
79.8848,-0.255543
79.9023,-0.255551
79.9191,-0.255555
79.9357,-0.255558
79.9525,-0.25556
79.9686,-0.255566
79.9849,-0.255566
80.002,-0.255562
80.0185,-0.255558
80.0347,-0.255565
80.0523,-0.255577
80.0681,-0.255589
80.0855,-0.255588
80.1012,-0.255589
80.1184,-0.255589
80.1348,-0.255585
80.1518,-0.25558
80.1683,-0.255572
80.1852,-0.255562
80.2012,-0.255551
80.2177,-0.255542
80.2344,-0.255535
80.2511,-0.255526
80.2687,-0.255521
80.2841,-0.25552
80.3015,-0.255526
80.3179,-0.255527
80.3344,-0.255524
80.3513,-0.255525
80.3682,-0.255529
80.3848,-0.255537
80.4011,-0.255544
80.4184,-0.255545
80.4346,-0.255542
80.4508,-0.255536
80.4681,-0.255544
80.4859,-0.255552
80.5013,-0.255553
80.5176,-0.25556
80.5335,-0.255568
80.5514,-0.255571
80.5685,-0.255571
80.5852,-0.25557
80.6021,-0.255561
80.6185,-0.255547
80.635,-0.255535
80.6517,-0.255524
80.6689,-0.255517
80.6848,-0.255508
80.7019,-0.255502
80.7179,-0.255498
80.7336,-0.255491
80.7517,-0.255488
80.768,-0.255489
80.7855,-0.255489
80.8003,-0.255481
80.8175,-0.255477
80.8346,-0.255467
80.851,-0.255458
80.8682,-0.255458
80.8853,-0.255457
80.9011,-0.255451
80.9172,-0.255443
80.9349,-0.25544
80.9509,-0.255439
80.9671,-0.255443
80.984,-0.255453
81.0007,-0.255453
81.0174,-0.255443
81.0338,-0.255433
81.0516,-0.255429
81.0675,-0.255419
81.0846,-0.25541
81.1011,-0.2554
81.1175,-0.255392
81.1338,-0.255383
81.1514,-0.255377
81.168,-0.255379
81.1845,-0.255374
81.2013,-0.255373
81.2181,-0.255373
81.2339,-0.255369
81.2513,-0.255365
81.2671,-0.255351
81.2845,-0.255341
81.3014,-0.255338
81.3174,-0.255327
81.334,-0.255317
81.3508,-0.255312
81.368,-0.255301
81.3848,-0.255286
81.4007,-0.255273
81.4172,-0.255259
81.4343,-0.25524
81.4516,-0.255216
81.4678,-0.255202
81.485,-0.255193
81.5011,-0.255195
81.5177,-0.2552
81.534,-0.255204
81.5514,-0.255201
81.5676,-0.255201
81.5858,-0.255204
81.6009,-0.255204
81.6183,-0.255201
81.6341,-0.255197
81.651,-0.255192
81.6689,-0.255187
81.6854,-0.255186
81.7009,-0.255189
81.7181,-0.255193
81.7351,-0.25518
81.7517,-0.255162
81.7678,-0.255145
81.7847,-0.255125
81.8018,-0.255107
81.818,-0.255089
81.8344,-0.255069
81.8513,-0.255063
81.8675,-0.255061
81.885,-0.25507
81.9012,-0.255082
81.9182,-0.255092
81.9341,-0.255102
81.9519,-0.255109
81.9681,-0.255113
81.9849,-0.255109
82.0014,-0.255096
82.0182,-0.255072
82.035,-0.255044
82.0512,-0.255018
82.0675,-0.255006
82.0842,-0.254995
82.1008,-0.254995
82.1185,-0.254997
82.1351,-0.254994
82.1507,-0.254994
82.1676,-0.254991
82.1835,-0.254992
82.2006,-0.254981
82.2183,-0.254976
82.2343,-0.254971
82.2502,-0.254962
82.268,-0.254958
82.284,-0.25496
82.3007,-0.254969
82.3176,-0.254972
82.3347,-0.254974
82.3509,-0.254978
82.3675,-0.254975
82.3844,-0.254972
82.4004,-0.254972
82.4173,-0.254968
82.4342,-0.254963
82.4506,-0.254956
82.4676,-0.254952
82.4842,-0.254951
82.5003,-0.254948
82.5173,-0.254945
82.5344,-0.254941
82.5505,-0.254941
82.5672,-0.254938
82.5839,-0.254934
82.6003,-0.254932
82.6173,-0.25493
82.6341,-0.254925
82.6506,-0.254913
82.6672,-0.254901
82.6835,-0.254886
82.7003,-0.254867
82.7169,-0.25486
82.7339,-0.254852
82.7499,-0.254842
82.7678,-0.254839
82.7838,-0.254834
82.8008,-0.254838
82.8168,-0.254833
82.8336,-0.254828
82.8504,-0.254814
82.8669,-0.254807
82.8833,-0.254796
82.9,-0.25479
82.9175,-0.254787
82.933,-0.254782
82.9501,-0.254776
82.9672,-0.254771
82.984,-0.254774
82.9993,-0.254771
83.0175,-0.254766
83.0342,-0.25476
83.0507,-0.254753
83.0678,-0.25475
83.0843,-0.254743
83.1011,-0.25473
83.1171,-0.254712
83.1347,-0.254696
83.1507,-0.254682
83.1673,-0.254669
83.1838,-0.254659
83.2007,-0.254647
83.2176,-0.254635
83.2343,-0.254619
83.2507,-0.254603
83.2673,-0.254587
83.2838,-0.25458
83.3017,-0.254574
83.3171,-0.254569
83.3347,-0.254562
83.3507,-0.254563
83.3679,-0.254563
83.3843,-0.254562
83.402,-0.254565
83.4182,-0.254561
83.4345,-0.254545
83.4518,-0.254528
83.4678,-0.254513
83.485,-0.254504
83.5006,-0.254497
83.5177,-0.254487
83.5341,-0.25448
83.5515,-0.254479
83.5685,-0.254476
83.584,-0.254479
83.6001,-0.254476
83.6177,-0.254466
83.6351,-0.254458
83.6512,-0.254448
83.6678,-0.254441
83.6838,-0.254425
83.7011,-0.254402
83.7175,-0.254378
83.7353,-0.254359
83.7508,-0.254346
83.7674,-0.254337
83.7844,-0.25433
83.802,-0.254323
83.8174,-0.254307
83.8346,-0.254299
83.8508,-0.25429
83.8675,-0.254281
83.8838,-0.254277
83.9009,-0.254282
83.9183,-0.254285
83.9352,-0.254288
83.9506,-0.254288
83.9686,-0.254293
83.9846,-0.254292
84.0011,-0.254287
84.0175,-0.254282
84.0338,-0.254264
84.0516,-0.254239
84.0678,-0.254221
84.0845,-0.254209
84.1008,-0.254202
84.1171,-0.254193
84.1341,-0.254179
84.1516,-0.254172
84.1677,-0.254158
84.1848,-0.254147
84.2009,-0.254137
84.2178,-0.254118
84.2344,-0.254095
84.2506,-0.254087
84.2683,-0.254076
84.2847,-0.254069
84.3009,-0.254068
84.3176,-0.25407
84.3351,-0.254076
84.3509,-0.254076
84.3684,-0.254074
84.3849,-0.254079
84.4019,-0.254076
84.4191,-0.254061
84.4347,-0.25405
84.4503,-0.254038
84.4686,-0.254032
84.4854,-0.254017
84.5012,-0.254006
84.5186,-0.253999
84.535,-0.253989
84.5519,-0.253979
84.5685,-0.25397
84.5853,-0.253962
84.6012,-0.253953
84.6183,-0.253942
84.6347,-0.253939
84.6514,-0.253944
84.6682,-0.253939
84.685,-0.253934
84.7008,-0.253924
84.7182,-0.25391
84.7352,-0.253896
84.7513,-0.253878
84.7676,-0.253854
84.7844,-0.253843
84.801,-0.253832
84.8189,-0.253829
84.8341,-0.253832
84.8506,-0.253833
84.8677,-0.253829
84.8843,-0.253829
84.9018,-0.253833
84.9182,-0.253828
84.9344,-0.253818
84.9515,-0.253806
84.9685,-0.253793
84.9849,-0.25378
85.0007,-0.253777
85.0188,-0.253769
85.0346,-0.253759
85.0515,-0.253754
85.0684,-0.253752
85.0839,-0.253759
85.1017,-0.253758
85.1183,-0.25376
85.1356,-0.253759
85.1516,-0.253748
85.1686,-0.253741
85.1849,-0.253734
85.2014,-0.253718
85.2188,-0.253704
85.2348,-0.2537
85.2513,-0.253699
85.2676,-0.253703
85.2848,-0.253713
85.302,-0.25372
85.3179,-0.253722
85.3354,-0.253715
85.3521,-0.253705
85.3684,-0.253691
85.385,-0.253664
85.4012,-0.253644
85.4178,-0.25363
85.4348,-0.253625
85.4513,-0.253628
85.4672,-0.253634
85.4859,-0.253636
85.5019,-0.253632
85.517,-0.25362
85.5347,-0.253607
85.5511,-0.253596
85.5677,-0.253583
85.5842,-0.253577
85.6011,-0.253574
85.6173,-0.253572
85.6347,-0.253577
85.6516,-0.253587
85.668,-0.253593
85.6847,-0.253592
85.7016,-0.253592
85.7185,-0.253593
85.735,-0.25359
85.751,-0.253577
85.7679,-0.253562
85.7848,-0.253548
85.8011,-0.253535
85.8185,-0.253529
85.8344,-0.253526
85.8526,-0.253523
85.8678,-0.253513
85.8852,-0.253504
85.9018,-0.253492
85.9188,-0.253488
85.9351,-0.253483
85.9519,-0.253484
85.968,-0.25348
85.9848,-0.253479
86.0024,-0.253479
86.0185,-0.253474
86.0353,-0.253472
86.0513,-0.253462
86.068,-0.253454
86.0853,-0.253442
86.102,-0.25344
86.1184,-0.253435
86.1356,-0.253426
86.1521,-0.253418
86.1683,-0.253416
86.1855,-0.253414
86.2011,-0.253404
86.2184,-0.253392
86.2354,-0.253385
86.2516,-0.253379
86.2682,-0.253364
86.285,-0.253356
86.302,-0.253348
86.319,-0.253331
86.3351,-0.253315
86.3515,-0.253301
86.3686,-0.253287
86.385,-0.253274
86.4014,-0.253263
86.4179,-0.253256
86.4348,-0.253253
86.4517,-0.25325
86.4681,-0.253248
86.4846,-0.253244
86.5018,-0.25324
86.5179,-0.253241
86.5345,-0.25324
86.5518,-0.253238
86.5682,-0.253243
86.5858,-0.253245
86.6013,-0.253239
86.6184,-0.253226
86.635,-0.253218
86.6519,-0.253212
86.6684,-0.253201
86.6846,-0.253191
86.7017,-0.253186
86.7181,-0.253179
86.7354,-0.253168
86.7517,-0.25316
86.7685,-0.253154
86.7849,-0.253142
86.8012,-0.253122
86.8189,-0.25311
86.8345,-0.253106
86.8513,-0.253096
86.8674,-0.253084
86.8846,-0.253068
86.9019,-0.253053
86.9178,-0.253041
86.935,-0.253033
86.9506,-0.253028
86.968,-0.253021
86.9837,-0.253013
87.0017,-0.253007
87.0176,-0.253
87.0347,-0.252995
87.0517,-0.252985
87.0685,-0.252973
87.0848,-0.252959
87.1017,-0.252951
87.1175,-0.252948
87.1353,-0.252947
87.1507,-0.252941
87.1676,-0.252926
87.1844,-0.25291
87.2018,-0.252898
87.2179,-0.252893
87.2335,-0.252884
87.2503,-0.252874
87.2676,-0.25286
87.2845,-0.252847
87.3008,-0.252841
87.3172,-0.252839
87.334,-0.25284
87.351,-0.252843
87.3674,-0.252834
87.3839,-0.252829
87.4006,-0.25283
87.4182,-0.252831
87.4348,-0.252829
87.4504,-0.252824
87.4677,-0.252821
87.4843,-0.25282
87.501,-0.252813
87.5178,-0.2528
87.5352,-0.252792
87.5506,-0.252779
87.568,-0.25277
87.5844,-0.252765
87.6003,-0.25276
87.6174,-0.252756
87.6342,-0.25275
87.6516,-0.252743
87.6676,-0.252735
87.6847,-0.252727
87.7013,-0.252714
87.7172,-0.252699
87.7342,-0.25268
87.7515,-0.252661
87.7675,-0.252648
87.7848,-0.252631
87.8005,-0.252618
87.8171,-0.252611
87.8331,-0.252597
87.8508,-0.252583
87.8671,-0.252571
87.8834,-0.252568
87.901,-0.252562
87.9158,-0.252564
87.9339,-0.252559
87.9498,-0.252558
87.967,-0.252556
87.9838,-0.252552
88.0015,-0.252555
88.0172,-0.25255
88.0336,-0.252544
88.0508,-0.25254
88.067,-0.252539
88.0837,-0.252526
88.1016,-0.252514
88.1178,-0.252506
88.1347,-0.2525
88.1516,-0.252487
88.1677,-0.252478
88.1842,-0.252458
88.2008,-0.25244
88.218,-0.252426
88.2339,-0.252422
88.2506,-0.252422
88.2673,-0.252422
88.2841,-0.252421
88.3013,-0.25242
88.3184,-0.252413
88.3345,-0.252399
88.3505,-0.252387
88.3681,-0.252372
88.3841,-0.252359
88.4005,-0.252348
88.4175,-0.252335
88.4345,-0.252326
88.451,-0.252324
88.468,-0.252322
88.4845,-0.252319
88.5013,-0.252315
88.5179,-0.252303
88.5348,-0.252297
88.5513,-0.25229
88.568,-0.252286
88.5843,-0.252282
88.601,-0.252278
88.6181,-0.252265
88.6347,-0.252258
88.6518,-0.252251
88.6683,-0.252249
88.6843,-0.252236
88.7006,-0.252212
88.7177,-0.252191
88.7346,-0.252167
88.7511,-0.252152
88.7679,-0.252143
88.7836,-0.252136
88.8008,-0.252128
88.8175,-0.252129
88.834,-0.252137
88.8504,-0.252153
88.8669,-0.252171
88.8842,-0.25218
88.9006,-0.252179
88.9171,-0.252174
88.9345,-0.25217
88.9517,-0.252165
88.9675,-0.252155
88.9835,-0.252148
89.0012,-0.252138
89.0174,-0.25213
89.0339,-0.252124
89.0509,-0.252136
89.0678,-0.252149
89.0852,-0.252154
89.1014,-0.252152
89.1181,-0.25214
89.1348,-0.252129
89.1517,-0.252118
89.1678,-0.252112
89.1843,-0.252103
89.2014,-0.252101
89.2173,-0.252099
89.2352,-0.2521
89.2512,-0.252094
89.2675,-0.252094
89.2852,-0.252096
89.3014,-0.252098
89.3182,-0.252094
89.3348,-0.252093
89.3516,-0.252083
89.3682,-0.252073
89.3856,-0.25206
89.401,-0.252047
89.4183,-0.252026
89.4348,-0.252003
89.4509,-0.251989
89.4685,-0.25198
89.4845,-0.251975
89.5005,-0.251974
89.5178,-0.25198
89.5347,-0.251986
89.5514,-0.25199
89.5681,-0.251991
89.5835,-0.251994
89.6011,-0.251994
89.6179,-0.251987
89.6348,-0.251973
89.6511,-0.251966
89.6675,-0.251955
89.6842,-0.251945
89.7001,-0.251935
89.7177,-0.251929
89.7342,-0.251932
89.7507,-0.251938
89.7676,-0.251958
89.7844,-0.251979
89.8007,-0.251988
89.8182,-0.251994
89.8346,-0.25199
89.8514,-0.251982
89.8677,-0.251976
89.8848,-0.251958
89.9016,-0.251937
89.9174,-0.251915
89.9345,-0.251892
89.9509,-0.251882
89.9671,-0.251873
89.9849,-0.251868
90.0013,-0.251875
90.0178,-0.251874
90.0348,-0.251875
90.0512,-0.251877
90.0677,-0.251875
90.0851,-0.251877
90.1017,-0.25188
90.1183,-0.251883
90.1344,-0.251882
90.1516,-0.251878
90.1693,-0.251872
90.1851,-0.251869
90.2022,-0.251855
90.219,-0.251845
90.2344,-0.251832
90.251,-0.251819
90.268,-0.25181
90.2853,-0.251803
90.3019,-0.251804
90.319,-0.251806
90.3351,-0.251804
90.3519,-0.251803
90.3681,-0.2518
90.3851,-0.251795
90.4012,-0.251793
90.4173,-0.25179
90.4357,-0.25178
90.4514,-0.251779
90.4683,-0.251777
90.4845,-0.251778
90.5013,-0.251771
90.5178,-0.251769
90.535,-0.251768
90.5522,-0.251767
90.5686,-0.251768
90.5837,-0.251777
90.6012,-0.251778
90.6179,-0.251782
90.6354,-0.251786
90.6517,-0.251793
90.6688,-0.251795
90.6842,-0.251793
90.7019,-0.251786
90.7188,-0.251783
90.7356,-0.251785
90.7528,-0.251788
90.769,-0.251794
90.7855,-0.251802
90.8023,-0.251805
90.8191,-0.251813
90.8361,-0.251818
90.8535,-0.251827
90.8692,-0.251836
90.886,-0.251837
90.9031,-0.251832
90.9194,-0.251825
90.9367,-0.251817
90.9527,-0.251803
90.9694,-0.251793
90.9864,-0.251785
91.0026,-0.251782
91.0187,-0.251772
91.0358,-0.251766
91.0529,-0.25176
91.0697,-0.251757
91.0856,-0.251751
91.1018,-0.251752
91.1195,-0.251756
91.1362,-0.251751
91.1523,-0.251742
91.1698,-0.251746
91.1847,-0.251751
91.2026,-0.251754
91.2187,-0.251761
91.2347,-0.251776
91.2528,-0.251796
91.2697,-0.251812
91.2857,-0.251825
91.3027,-0.251837
91.3198,-0.251843
91.3362,-0.251842
91.3528,-0.251837
91.369,-0.251838
91.3857,-0.251842
91.4028,-0.251846
91.4189,-0.251848
91.4352,-0.251859
91.453,-0.251869
91.4696,-0.251879
91.4864,-0.251881
91.5023,-0.251875
91.5203,-0.251863
91.5354,-0.251853
91.5521,-0.251848
91.5689,-0.25184
91.5861,-0.251845
91.6031,-0.251848
91.6192,-0.251856
91.6367,-0.251863
91.6531,-0.251871
91.6701,-0.251871
91.6865,-0.25187
91.7021,-0.251866
91.7196,-0.25186
91.736,-0.251853
91.7527,-0.251843
91.7696,-0.251837
91.7863,-0.251835
91.8034,-0.251829
91.8199,-0.251822
91.8365,-0.251812
91.8531,-0.251804
91.8696,-0.251802
91.8866,-0.251804
91.9025,-0.251808
91.9198,-0.251814
91.9361,-0.25181
91.9533,-0.251814
91.9703,-0.251812
91.9863,-0.251811
92.0027,-0.251812
92.0194,-0.25182
92.0366,-0.25183
92.0533,-0.251838
92.0701,-0.251851
92.0868,-0.251861
92.1036,-0.251873
92.1198,-0.25188
92.1372,-0.251879
92.1538,-0.251874
92.1702,-0.251871
92.1864,-0.251873
92.2035,-0.251872
92.2204,-0.251877
92.2369,-0.251884
92.2531,-0.251888
92.2705,-0.251891
92.2861,-0.251887
92.3039,-0.251885
92.3197,-0.251879
92.3366,-0.251868
92.3537,-0.251859
92.37,-0.25185
92.3862,-0.25184
92.4033,-0.251833
92.4196,-0.251825
92.4369,-0.251818
92.4531,-0.251816
92.4696,-0.251816
92.486,-0.251819
92.5039,-0.251825
92.5198,-0.251837
92.5368,-0.25185
92.5528,-0.251868
92.57,-0.251881
92.5863,-0.251894
92.6031,-0.251901
92.6194,-0.251899
92.6369,-0.2519
92.6541,-0.2519
92.6701,-0.251909
92.6872,-0.25192
92.7034,-0.251919
92.7203,-0.251923
92.7365,-0.25193
92.7536,-0.251932
92.7704,-0.251928
92.7868,-0.251925
92.804,-0.251917
92.8203,-0.25191
92.8374,-0.251913
92.8539,-0.25192
92.8706,-0.251928
92.887,-0.25193
92.9042,-0.25194
92.9209,-0.251953
92.9366,-0.251964
92.9539,-0.25197
92.9715,-0.251973
92.9874,-0.251972
93.0037,-0.25197
93.0207,-0.251968
93.0379,-0.251967
93.0541,-0.251961
93.0712,-0.251951
93.088,-0.251936
93.1039,-0.251928
93.1209,-0.251926
93.1379,-0.25192
93.1544,-0.251914
93.1702,-0.251914
93.1874,-0.251923
93.2043,-0.251929
93.2207,-0.251938
93.2377,-0.251949
93.2543,-0.251955
93.2713,-0.251964
93.2876,-0.251975
93.3042,-0.251983
93.3208,-0.251987
93.3372,-0.251992
93.3541,-0.251989
93.3712,-0.251988
93.3877,-0.251998
93.4042,-0.252006
93.4207,-0.252013
93.4376,-0.252017
93.454,-0.252016
93.4721,-0.252019
93.4869,-0.252029
93.5038,-0.252039
93.5217,-0.252051
93.5379,-0.252058
93.5538,-0.25206
93.5713,-0.25207
93.5882,-0.25207
93.6049,-0.252065
93.6211,-0.252059
93.6385,-0.252054
93.6551,-0.252055
93.6712,-0.252063
93.688,-0.25207
93.7055,-0.252077
93.7225,-0.252091
93.7384,-0.252101
93.7553,-0.252109
93.7719,-0.252125
93.7882,-0.252128
93.8048,-0.252121
93.8222,-0.252121
93.8387,-0.25212
93.8559,-0.252119
93.8717,-0.252124
93.8888,-0.25213
93.9053,-0.25213
93.9219,-0.252132
93.9386,-0.252131
93.9559,-0.252138
93.9731,-0.252153
93.9876,-0.252168
94.006,-0.252176
94.0222,-0.25218
94.039,-0.252192
94.0565,-0.252196
94.0716,-0.252203
94.0894,-0.252204
94.1059,-0.2522
94.1226,-0.252192
94.1388,-0.252185
94.1555,-0.252188
94.1719,-0.252191
94.1894,-0.252192
94.2056,-0.25219
94.2222,-0.252192
94.2381,-0.252193
94.2556,-0.252194
94.2728,-0.2522
94.2886,-0.2522
94.3047,-0.2522
94.3219,-0.252205
94.3391,-0.252211
94.3563,-0.252219
94.3715,-0.252225
94.3886,-0.252229
94.4063,-0.252236
94.4223,-0.252236
94.4383,-0.252238
94.4549,-0.252245
94.4722,-0.252252
94.4894,-0.252255
94.5047,-0.252267
94.5222,-0.252273
94.538,-0.252277
94.5552,-0.252276
94.572,-0.252274
94.589,-0.252273
94.6053,-0.25227
94.6221,-0.252268
94.6387,-0.252268
94.6553,-0.252273
94.6711,-0.252279
94.688,-0.252292
94.7048,-0.252303
94.7216,-0.252313
94.7382,-0.252325
94.7565,-0.252331
94.7713,-0.252332
94.7884,-0.25234
94.8061,-0.252344
94.8231,-0.252346
94.8386,-0.252347
94.8551,-0.252348
94.872,-0.252352
94.8891,-0.252352
94.9052,-0.252356
94.9212,-0.252358
94.9388,-0.252351
94.9549,-0.252336
94.9711,-0.252329
94.9888,-0.252326
95.0047,-0.25232
95.0216,-0.252316
95.0383,-0.252312
95.0546,-0.252306
95.0728,-0.252301
95.0885,-0.252299
95.1058,-0.252297
95.121,-0.252297
95.1384,-0.252297
95.1554,-0.252292
95.1719,-0.252288
95.188,-0.252278
95.2053,-0.252264
95.2222,-0.252251
95.2385,-0.252237
95.2548,-0.252226
95.2716,-0.252217
95.2881,-0.252209
95.3059,-0.252208
95.3212,-0.252222
95.3388,-0.252231
95.3551,-0.25224
95.372,-0.252241
95.3896,-0.252233
95.4054,-0.252223
95.4218,-0.252215
95.4384,-0.252205
95.4546,-0.252193
95.472,-0.252177
95.4887,-0.252165
95.5044,-0.252161
95.5222,-0.25216
95.5388,-0.25216
95.5553,-0.252155
95.5719,-0.252159
95.5896,-0.252163
95.6054,-0.252161
95.6216,-0.252158
95.6392,-0.25215
95.6562,-0.252146
95.6719,-0.25214
95.6887,-0.252136
95.705,-0.252137
95.7219,-0.252134
95.7391,-0.252128
95.7555,-0.252126
95.7716,-0.252127
95.7892,-0.252129
95.8056,-0.252131
95.8223,-0.252133
95.8387,-0.252131
95.8557,-0.252129
95.8719,-0.252128
95.8885,-0.252127
95.9061,-0.252125
95.9224,-0.252128
95.9387,-0.252133
95.9563,-0.252135
95.9727,-0.252135
95.9893,-0.252134
96.006,-0.252132
96.0218,-0.252131
96.0385,-0.252123
96.0559,-0.252116
96.0725,-0.252108
96.0892,-0.252115
96.1057,-0.252114
96.1225,-0.252112
96.1395,-0.252104
96.1568,-0.252096
96.1734,-0.252093
96.1898,-0.252093
96.2062,-0.252092
96.223,-0.252092
96.2389,-0.252094
96.2561,-0.252101
96.2728,-0.252109
96.2895,-0.252116
96.3061,-0.252125
96.3231,-0.25214
96.3399,-0.252152
96.3553,-0.252164
96.373,-0.252171
96.3902,-0.252176
96.4061,-0.252171
96.4226,-0.252162
96.4397,-0.252158
96.4562,-0.25215
96.4736,-0.252149
96.4895,-0.252152
96.5059,-0.252162
96.5245,-0.252169
96.5394,-0.252175
96.5565,-0.252182
96.5727,-0.252198
96.5899,-0.252211
96.6055,-0.252212
96.6232,-0.252213
96.6395,-0.252215
96.6573,-0.252217
96.6735,-0.252224
96.6898,-0.252233
96.7062,-0.252233
96.7231,-0.252235
96.7396,-0.252237
96.7565,-0.252246
96.7736,-0.252255
96.7895,-0.252258
96.8066,-0.252259
96.8241,-0.252258
96.8398,-0.252248
96.8569,-0.252242
96.8722,-0.252245
96.8893,-0.252249
96.9063,-0.252248
96.9233,-0.252248
96.9401,-0.252252
96.9566,-0.252256
96.9738,-0.252254
96.9898,-0.252254
97.0064,-0.252251
97.0232,-0.252251
97.0389,-0.252243
97.0558,-0.252244
97.0741,-0.25226
97.0897,-0.252269
97.1061,-0.252273
97.1229,-0.252276
97.1408,-0.252275
97.1573,-0.25227
97.1738,-0.252271
97.1899,-0.252274
97.2063,-0.252274
97.2229,-0.252267
97.24,-0.252262
97.2566,-0.252266
97.2731,-0.252269
97.2898,-0.252271
97.3066,-0.252278
97.3231,-0.252288
97.3395,-0.252301
97.356,-0.252305
97.3727,-0.252312
97.3903,-0.252317
97.407,-0.252313
97.4236,-0.25231
97.4389,-0.2523
97.4563,-0.252287
97.4734,-0.25228
97.4894,-0.252272
97.5066,-0.252279
97.5223,-0.25229
97.5399,-0.2523
97.5566,-0.252312
97.573,-0.252326
97.5905,-0.252326
97.6061,-0.252326
97.6236,-0.252325
97.6406,-0.252322
97.657,-0.252328
97.6729,-0.25233
97.6903,-0.252333
97.7066,-0.252336
97.7232,-0.252341
97.7405,-0.25235
97.7564,-0.252351
97.7735,-0.25235
97.7898,-0.252356
97.8066,-0.252364
97.8242,-0.252367
97.8405,-0.252372
97.8568,-0.252374
97.8738,-0.252378
97.89,-0.252383
97.9067,-0.252386
97.9236,-0.252386
97.9403,-0.252381
97.9574,-0.252379
97.9734,-0.252379
97.9902,-0.252385
98.0075,-0.252386
98.0241,-0.252386
98.04,-0.252384
98.0569,-0.252387
98.0734,-0.252391
98.09,-0.252386
98.1077,-0.25238
98.1241,-0.252369
98.1413,-0.252359
98.1576,-0.252354
98.1729,-0.252346
98.1904,-0.252338
98.2069,-0.252331
98.2234,-0.252322
98.2406,-0.252322
98.2562,-0.252327
98.2737,-0.252321
98.2897,-0.25232
98.3071,-0.252324
98.3234,-0.252324
98.3404,-0.252326
98.3566,-0.252329
98.3736,-0.252332
98.3905,-0.252327
98.4067,-0.25232
98.4236,-0.252315
98.44,-0.25231
98.4576,-0.252307
98.4732,-0.25231
98.4912,-0.252314
98.5066,-0.252319
98.5238,-0.252326
98.5408,-0.252336
98.557,-0.252348
98.574,-0.252351
98.5906,-0.252356
98.6077,-0.252358
98.6245,-0.252353
98.6412,-0.252348
98.6567,-0.252344
98.6735,-0.252341
98.6903,-0.252342
98.7056,-0.252346
98.7246,-0.252346
98.7396,-0.252344
98.7572,-0.25234
98.775,-0.252334
98.7902,-0.25233
98.8073,-0.252321
98.8242,-0.252309
98.8405,-0.252296
98.8564,-0.252293
98.8736,-0.252296
98.8911,-0.252304
98.907,-0.252321
98.9235,-0.252335
98.9409,-0.252348
98.9579,-0.252352
98.9744,-0.252351
98.9912,-0.252348
99.0075,-0.252341
99.0238,-0.252327
99.0403,-0.252312
99.0581,-0.252305
99.0748,-0.2523
99.0901,-0.252298
99.1065,-0.252307
99.1241,-0.252322
99.141,-0.252335
99.1576,-0.252346
99.1743,-0.252358
99.1913,-0.252366
99.2073,-0.252365
99.2245,-0.252364
99.2414,-0.252371
99.2576,-0.252381
99.2744,-0.252385
99.2907,-0.252388
99.3088,-0.252393
99.3246,-0.252392
99.341,-0.252394
99.3567,-0.252396
99.3746,-0.252395
99.3918,-0.252398
99.4075,-0.252397
99.4244,-0.252398
99.4407,-0.252401
99.4584,-0.252398
99.4752,-0.2524
99.4913,-0.252403
99.5078,-0.252402
99.5247,-0.252408
99.5408,-0.252411
99.5583,-0.252421
99.5743,-0.252432
99.5905,-0.252436
99.6079,-0.252443
99.6246,-0.252446
99.6413,-0.25245
99.6582,-0.252458
99.6746,-0.252472
99.6916,-0.252478
99.7079,-0.252482
99.7241,-0.25248
99.7411,-0.252478
99.758,-0.252475
99.7742,-0.252471
99.7905,-0.252473
99.8073,-0.252476
99.8246,-0.252485
99.8404,-0.252496
99.8577,-0.252497
99.8746,-0.252498
99.8909,-0.252496
99.9074,-0.252493
99.9247,-0.252492
99.9404,-0.252489
99.9579,-0.252486
99.9746,-0.252486
99.9917,-0.252485
100.0071,-0.252495
100.0244,-0.252508
100.0409,-0.252521
100.0574,-0.252533
100.0749,-0.252538
100.0915,-0.252549
100.1079,-0.252554
100.1251,-0.25256
100.1417,-0.252562
100.158,-0.252565
100.175,-0.252575
100.1916,-0.252581
100.2082,-0.252582
100.2248,-0.252586
100.2417,-0.252592
100.2581,-0.252593
100.2745,-0.252591
100.2915,-0.252591
100.3092,-0.252591
100.325,-0.252596
100.3412,-0.252602
100.358,-0.252618
100.3757,-0.252633
100.3917,-0.25264
100.4084,-0.252645
100.425,-0.252654
100.4422,-0.252661
100.4589,-0.252662
100.4745,-0.252665
100.4913,-0.252666
100.5086,-0.252665
100.5246,-0.252653
100.541,-0.252645
100.5587,-0.252635
100.5753,-0.252631
100.591,-0.252631
100.6078,-0.252632
100.6259,-0.252641
100.6421,-0.252649
100.659,-0.252661
100.6752,-0.252678
100.6917,-0.252692
100.7088,-0.252703
100.7251,-0.252721
100.7419,-0.252728
100.7581,-0.252736
100.775,-0.252741
100.7923,-0.252751
100.8094,-0.252763
100.8251,-0.252773
100.8418,-0.252786
100.8588,-0.252787
100.8754,-0.25279
100.8914,-0.252788
100.9085,-0.252785
100.9253,-0.25278
100.9414,-0.252773
100.9583,-0.25277
100.9751,-0.252767
100.9914,-0.252776
101.0082,-0.252797
101.0252,-0.25282
101.0423,-0.252845
101.0581,-0.252867
101.0747,-0.252885
101.0921,-0.252897
101.1083,-0.252905
101.1248,-0.252908
101.1421,-0.252906
101.159,-0.252902
101.1753,-0.252903
101.1914,-0.252912
101.2082,-0.252916
101.2254,-0.252927
101.2421,-0.252937
101.2586,-0.252947
101.2754,-0.25296
101.2912,-0.252974
101.3092,-0.252988
101.3254,-0.252999
101.3419,-0.25301
101.3584,-0.253015
101.3752,-0.253023
101.392,-0.253028
101.4084,-0.253025
101.4249,-0.253028
101.4418,-0.25303
101.4587,-0.253034
101.4753,-0.253037
101.4905,-0.253044
101.5081,-0.253052
101.5257,-0.253064
101.5418,-0.253078
101.558,-0.253099
101.5746,-0.253127
101.5919,-0.253141
101.6091,-0.253157
101.6258,-0.253178
101.6421,-0.253199
101.6589,-0.253211
101.6758,-0.253215
101.6925,-0.253217
101.7094,-0.25322
101.7254,-0.253222
101.7425,-0.253225
101.7592,-0.253223
101.7751,-0.253223
101.7924,-0.253214
101.8087,-0.25322
101.8258,-0.253228
101.8424,-0.253238
101.8588,-0.253247
101.8754,-0.253266
101.8928,-0.253281
101.9081,-0.253285
101.9258,-0.253287
101.9429,-0.253293
101.959,-0.253298
101.9761,-0.253292
101.9924,-0.253292
102.0088,-0.253289
102.0256,-0.253292
102.0427,-0.253297
102.0594,-0.25331
102.0758,-0.253328
102.0926,-0.253342
102.1097,-0.253353
102.126,-0.253361
102.143,-0.253363
102.1592,-0.25337
102.1758,-0.253373
102.1916,-0.253377
102.2083,-0.253385
102.225,-0.253386
102.2416,-0.253387
102.2589,-0.253383
102.2761,-0.253375
102.2928,-0.253368
102.3096,-0.25336
102.3251,-0.253355
102.3418,-0.253355
102.3589,-0.253361
102.3748,-0.253372
102.3913,-0.253387
102.4091,-0.253406
102.4248,-0.253419
102.4421,-0.253422
102.459,-0.25343
102.4758,-0.25344
102.492,-0.253443
102.5085,-0.253445
102.525,-0.253447
102.5415,-0.25346
102.5587,-0.253472
102.5748,-0.253484
102.592,-0.253487
102.608,-0.253486
102.6263,-0.253485
102.6428,-0.25349
102.6586,-0.253493
102.6758,-0.253499
102.6915,-0.253502
102.7087,-0.253501
102.7247,-0.253499
102.742,-0.253502
102.7585,-0.253505
102.775,-0.253504
102.791,-0.253504
102.8085,-0.2535
102.8254,-0.253501
102.8424,-0.253496
102.8586,-0.253489
102.8755,-0.25349
102.8928,-0.253491
102.9087,-0.253495
102.9247,-0.253502
102.9421,-0.253512
102.9596,-0.253523
102.9754,-0.253532
102.9927,-0.253536
103.009,-0.253539
103.0256,-0.25354
103.0419,-0.253536
103.0599,-0.253532
103.0756,-0.253529
103.0925,-0.253516
103.1095,-0.253505
103.1259,-0.2535
103.1422,-0.2535
103.1582,-0.253506
103.1758,-0.25351
103.1926,-0.253512
103.2093,-0.253519
103.227,-0.253533
103.2416,-0.253545
103.259,-0.253559
103.2764,-0.25357
103.2919,-0.253573
103.3096,-0.253573
103.326,-0.253568
103.3422,-0.253561
103.359,-0.253549
103.3761,-0.253537
103.3929,-0.253523
103.4083,-0.253509
103.4262,-0.253493
103.442,-0.253482
103.4592,-0.253482
103.4758,-0.253485
103.4919,-0.253486
103.5099,-0.253489
103.526,-0.253494
103.5423,-0.2535
103.5589,-0.253506
103.5766,-0.253519
103.5933,-0.25352
103.6092,-0.253527
103.6264,-0.253539
103.6434,-0.253561
103.6593,-0.253578
103.6769,-0.253595
103.6933,-0.25361
103.7097,-0.253618
103.7266,-0.253617
103.7432,-0.253614
103.7599,-0.253612
103.7769,-0.25361
103.7933,-0.253605
103.8099,-0.253605
103.8261,-0.253614
103.8428,-0.253618
103.8603,-0.253622
103.8763,-0.253626
103.893,-0.253633
103.9104,-0.253635
103.9262,-0.253641
103.9435,-0.253641
103.9606,-0.253647
103.9766,-0.253654
103.9932,-0.253664
104.0107,-0.253676
104.0259,-0.253692
104.0433,-0.25371
104.0604,-0.253719
104.0765,-0.253729
104.0934,-0.253737
104.1098,-0.25375
104.1269,-0.253765
104.1429,-0.253776
104.1595,-0.253782
104.1773,-0.253786
104.1929,-0.253788
104.211,-0.253796
104.2273,-0.253803
104.2425,-0.253807
104.2593,-0.253811
104.2766,-0.253809
104.293,-0.253809
104.3104,-0.253815
104.3272,-0.253825
104.3443,-0.253836
104.3601,-0.253844
104.3762,-0.253858
104.393,-0.25387
104.4099,-0.253877
104.4271,-0.253888
104.4435,-0.253903
104.46,-0.253912
104.4764,-0.253921
104.4929,-0.253935
104.5099,-0.25394
104.5265,-0.253945
104.5432,-0.253947
104.5599,-0.253953
104.5766,-0.253958
104.5928,-0.253963
104.6098,-0.253968
104.6261,-0.253969
104.6433,-0.25397
104.6596,-0.253982
104.6767,-0.253995
104.6938,-0.254008
104.7098,-0.254021
104.7263,-0.254038
104.7426,-0.254061
104.759,-0.254081
104.777,-0.254104
104.7931,-0.254121
104.8099,-0.25413
104.8272,-0.254142
104.8438,-0.254149
104.8606,-0.254149
104.8769,-0.254149
104.8933,-0.254148
104.9116,-0.25415
104.9268,-0.254154
104.9426,-0.254165
104.9602,-0.254179
104.9773,-0.254203
104.9945,-0.254222
105.0097,-0.254248
105.0267,-0.254269
105.0438,-0.25428
105.0607,-0.254286
105.077,-0.254294
105.0934,-0.254293
105.1105,-0.254285
105.1273,-0.254271
105.1435,-0.254261
105.1609,-0.25426
105.1763,-0.254261
105.1934,-0.254264
105.2102,-0.254275
105.2274,-0.254288
105.244,-0.254297
105.2601,-0.254307
105.2775,-0.254317
105.2939,-0.254331
105.3108,-0.25434
105.3273,-0.25435
105.3435,-0.254372
105.3611,-0.254387
105.3773,-0.254404
105.3929,-0.25442
105.411,-0.254437
105.4269,-0.254455
105.444,-0.254471
105.4602,-0.254477
105.4772,-0.25449
105.4938,-0.254496
105.51,-0.254504
105.5276,-0.254513
105.5434,-0.254529
105.5611,-0.254548
105.5768,-0.254564
105.5937,-0.254573
105.6106,-0.254587
105.627,-0.254589
105.6446,-0.254595
105.6607,-0.2546
105.6767,-0.254601
105.6943,-0.2546
105.7102,-0.254603
105.7271,-0.254611
105.7438,-0.254623
105.761,-0.254639
105.7768,-0.25466
105.7947,-0.254686
105.8116,-0.254702
105.8264,-0.254709
105.8443,-0.254715
105.861,-0.254717
105.8772,-0.254712
105.8939,-0.254704
105.9108,-0.254702
105.9273,-0.2547
105.9443,-0.254702
105.9605,-0.254707
105.9781,-0.254711
105.9941,-0.254719
106.0106,-0.254729
106.0271,-0.25474
106.0442,-0.254755
106.0607,-0.254765
106.0772,-0.254776
106.0933,-0.254787
106.1104,-0.254785
106.1273,-0.25478
106.144,-0.254776
106.1611,-0.254771
106.177,-0.254762
106.1926,-0.254757
106.2106,-0.254759
106.2275,-0.254769
106.2433,-0.25478
106.2602,-0.254791
106.2766,-0.254812
106.2935,-0.254826
106.3107,-0.254842
106.327,-0.254857
106.3433,-0.254864
106.361,-0.25488
106.377,-0.254896
106.3937,-0.254906
106.4101,-0.254912
106.427,-0.254916
106.4441,-0.254915
106.4605,-0.254919
106.4775,-0.254926
106.4941,-0.254938
106.5102,-0.254945
106.5266,-0.254953
106.5433,-0.254966
106.5603,-0.25498
106.5774,-0.254992
106.5931,-0.255005
106.6105,-0.255018
106.6274,-0.25503
106.6442,-0.255036
106.6605,-0.255037
106.6771,-0.255029
106.6926,-0.255029
106.7106,-0.255021
106.7271,-0.255021
106.7439,-0.255027
106.7604,-0.255029
106.7777,-0.255036
106.7924,-0.255044
106.8108,-0.255045
106.8271,-0.255047
106.8435,-0.255049
106.8599,-0.255046
106.8774,-0.25505
106.8941,-0.255061
106.9104,-0.255079
106.9266,-0.255097
106.9439,-0.255118
106.9607,-0.255146
106.978,-0.255174
106.9937,-0.255195
107.0111,-0.255212
107.0276,-0.255214
107.0443,-0.255212
107.061,-0.25521
107.0774,-0.255212
107.0944,-0.255216
107.111,-0.255217
107.1268,-0.255214
107.144,-0.255218
107.1607,-0.255219
107.1775,-0.25522
107.1935,-0.255219
107.2109,-0.255222
107.2272,-0.255219
107.2444,-0.255213
107.2607,-0.255207
107.2779,-0.255211
107.2943,-0.255213
107.3107,-0.255216
107.3269,-0.255224
107.3436,-0.255227
107.3607,-0.255232
107.3765,-0.255239
107.3951,-0.255251
107.4106,-0.255265
107.4273,-0.255275
107.4442,-0.255276
107.4602,-0.25528
107.4776,-0.255294
107.494,-0.255302
107.511,-0.255307
107.5276,-0.255306
107.5442,-0.255306
107.561,-0.255304
107.5773,-0.255304
107.5944,-0.255311
107.6107,-0.255317
107.6275,-0.255328
107.6442,-0.255343
107.6606,-0.255355
107.6776,-0.255365
107.6945,-0.255374
107.7111,-0.255386
107.728,-0.255399
107.744,-0.255397
107.7613,-0.255387
107.7774,-0.25538
107.7937,-0.255375
107.8111,-0.255377
107.8272,-0.25538
107.8446,-0.255383
107.8608,-0.255393
107.8774,-0.255402
107.8941,-0.255409
107.9113,-0.255417
107.9278,-0.255427
107.9443,-0.255441
107.9606,-0.255458
107.9779,-0.25547
107.9935,-0.255483
108.0106,-0.255491
108.0282,-0.255497
108.0452,-0.255506
108.0613,-0.255517
108.0777,-0.255526
108.0942,-0.255535
108.1108,-0.255547
108.1281,-0.255558
108.1446,-0.255583
108.1601,-0.255612
108.1777,-0.255636
108.1949,-0.255657
108.2114,-0.255671
108.228,-0.255682
108.2447,-0.255694
108.2612,-0.255699
108.2784,-0.255706
108.2942,-0.255716
108.3112,-0.255717
108.3278,-0.255726
108.3447,-0.255736
108.3606,-0.25574
108.3774,-0.255751
108.3944,-0.255767
108.4112,-0.25578
108.4271,-0.255792
108.4439,-0.255803
108.4611,-0.255819
108.4786,-0.255832
108.4946,-0.255841
108.5119,-0.255856
108.5277,-0.255871
108.5451,-0.25588
108.5607,-0.255892
108.5781,-0.2559
108.5948,-0.255905
108.6119,-0.255912
108.6285,-0.255913
108.6452,-0.255912
108.6608,-0.255914
108.6775,-0.255919
108.6948,-0.255922
108.7108,-0.255932
108.7276,-0.255944
108.7455,-0.255953
108.7617,-0.25596
108.778,-0.255964
108.7953,-0.255967
108.8117,-0.255963
108.8282,-0.255957
108.8452,-0.255959
108.862,-0.255964
108.8782,-0.255968
108.894,-0.25598
108.9111,-0.255987
108.9284,-0.256
108.9452,-0.256014
108.9618,-0.256027
108.9782,-0.256033
108.9948,-0.256038
109.0116,-0.256043
109.0277,-0.256049
109.0445,-0.256051
109.0618,-0.256059
109.078,-0.256065
109.0946,-0.256074
109.1113,-0.256079
109.1275,-0.256087
109.1452,-0.256097
109.1612,-0.256117
109.1787,-0.25614
109.1951,-0.256162
109.2127,-0.256188
109.2278,-0.2562
109.2453,-0.256209
109.2612,-0.256218
109.2784,-0.256228
109.2949,-0.256231
109.3115,-0.25624
109.3287,-0.256243
109.3457,-0.256247
109.3619,-0.256252
109.3781,-0.256255
109.3947,-0.256259
109.4119,-0.256268
109.4283,-0.256271
109.4453,-0.25628
109.4618,-0.256283
109.4789,-0.256281
109.4958,-0.256285
109.5123,-0.256283
109.5287,-0.256285
109.5444,-0.256293
109.5618,-0.256301
109.5793,-0.256306
109.5954,-0.256315
109.6125,-0.256329
109.6288,-0.256346
109.6458,-0.256356
109.6613,-0.256365
109.6786,-0.25638
109.6954,-0.256388
109.7118,-0.256409
109.7287,-0.256433
109.7452,-0.25646
109.7628,-0.25648
109.7788,-0.256504
109.7962,-0.256535
109.8132,-0.256558
109.8295,-0.256576
109.8464,-0.256591
109.8633,-0.256605
109.8802,-0.256616
109.8962,-0.256619
109.9129,-0.256625
109.9298,-0.256638
109.946,-0.256655
109.9625,-0.256668
109.9799,-0.25668
109.996,-0.256693
110.0127,-0.256697
110.0291,-0.256694
110.0456,-0.256691
110.0627,-0.256687
110.0795,-0.256695
110.0957,-0.256703
110.1123,-0.256729
110.1292,-0.256759
110.1465,-0.25678
110.1634,-0.256802
110.1789,-0.25683
110.1961,-0.256847
110.2131,-0.256858
110.2293,-0.256867
110.2462,-0.256877
110.2625,-0.256888
110.2794,-0.256895
110.2963,-0.256907
110.3129,-0.256917
110.3301,-0.256925
110.3457,-0.25694
110.3631,-0.256961
110.3799,-0.256982
110.3963,-0.257003
110.4132,-0.25702
110.4306,-0.257037
110.4468,-0.257044
110.4629,-0.25705
110.4792,-0.257049
110.4955,-0.257045
110.5124,-0.257046
110.5297,-0.257047
110.5469,-0.257053
110.5624,-0.257057
110.5794,-0.257067
110.5961,-0.257075
110.6129,-0.25708
110.6298,-0.25708
110.6465,-0.257083
110.6639,-0.257085
110.6797,-0.257086
110.6962,-0.257091
110.7132,-0.2571
110.7295,-0.257109
110.7459,-0.257123
110.7636,-0.257136
110.7802,-0.257147
110.7966,-0.257158
110.8136,-0.257164
110.8305,-0.257173
110.8468,-0.257179
110.8635,-0.257195
110.8805,-0.257212
110.8972,-0.257229
110.9134,-0.257246
110.9305,-0.257262
110.947,-0.257273
110.9645,-0.257288
110.9807,-0.257302
110.9971,-0.257311
111.0138,-0.257317
111.0309,-0.257318
111.047,-0.257314
111.0639,-0.257322
111.0812,-0.257327
111.0971,-0.257339
111.1144,-0.257356
111.1303,-0.257382
111.1472,-0.257405
111.1642,-0.257427
111.1811,-0.257448
111.1973,-0.257459
111.2157,-0.25747
111.2311,-0.257481
111.2479,-0.257495
111.2649,-0.257505
111.2809,-0.257511
111.2981,-0.257514
111.3152,-0.257524
111.3311,-0.257541
111.3477,-0.257564
111.3645,-0.257586
111.3813,-0.257601
111.398,-0.25761
111.4147,-0.257624
111.4314,-0.257636
111.448,-0.257647
111.4641,-0.257654
111.4818,-0.257663
111.4978,-0.25767
111.5143,-0.257678
111.5308,-0.257698
111.5476,-0.257721
111.5647,-0.25774
111.5813,-0.257748
111.598,-0.257753
111.6149,-0.257757
111.6314,-0.25776
111.6474,-0.257767
111.6641,-0.257779
111.6809,-0.2578
111.6962,-0.257826
111.714,-0.257856
111.7315,-0.257889
111.7475,-0.257918
111.7647,-0.257946
111.7818,-0.257967
111.7985,-0.257978
111.8152,-0.25798
111.8316,-0.257988
111.848,-0.257983
111.8643,-0.257979
111.8809,-0.257978
111.8976,-0.257981
111.9148,-0.257995
111.9311,-0.258014
111.9478,-0.258035
111.9643,-0.258053
111.9817,-0.25807
111.9978,-0.258097
112.0145,-0.258126
112.0318,-0.258154
112.0483,-0.258178
112.0647,-0.258187
112.0814,-0.258199
112.0978,-0.258205
112.1148,-0.25821
112.1307,-0.258219
112.1477,-0.258222
112.1644,-0.25823
112.1812,-0.258245
112.1982,-0.258258
112.2146,-0.258272
112.2324,-0.258281
112.2479,-0.258288
112.2647,-0.258288
112.2813,-0.258278
112.2976,-0.258273
112.3141,-0.258274
112.3317,-0.258275
112.3474,-0.25828
112.3633,-0.258288
112.3816,-0.2583
112.3985,-0.25831
112.4135,-0.25832
112.4311,-0.258341
112.4483,-0.258359
112.4637,-0.258375
112.4814,-0.258392
112.4969,-0.258416
112.5149,-0.258431
112.5307,-0.258435
112.5477,-0.258439
112.5644,-0.258438
112.5817,-0.258438
112.5983,-0.258442
112.6135,-0.258447
112.6309,-0.258453
112.6478,-0.258464
112.6645,-0.258476
112.6807,-0.258493
112.6975,-0.258513
112.7147,-0.258527
112.7317,-0.258543
112.748,-0.258563
112.7652,-0.258585
112.781,-0.258597
112.7985,-0.258602
112.8147,-0.258615
112.8316,-0.258627
112.8487,-0.258636
112.864,-0.258642
112.8808,-0.258643
112.8985,-0.258643
112.9144,-0.258643
112.9319,-0.258644
112.9478,-0.258649
112.9644,-0.258659
112.9809,-0.258673
112.9976,-0.258698
113.0137,-0.258723
113.0316,-0.258747
113.0474,-0.25876
113.0652,-0.258767
113.0814,-0.258775
113.0982,-0.258779
113.115,-0.258778
113.1316,-0.258774
113.1474,-0.258772
113.1643,-0.258767
113.1812,-0.25877
113.1984,-0.258779
113.2146,-0.258783
113.2316,-0.258793
113.2481,-0.258799
113.2653,-0.258808
113.2822,-0.258814
113.2976,-0.258814
113.3155,-0.258812
113.3312,-0.258807
113.3488,-0.25881
113.3648,-0.258813
113.3818,-0.258819
113.398,-0.258834
113.4145,-0.258848
113.4321,-0.258855
113.4474,-0.258864
113.4645,-0.258882
113.4826,-0.258894
113.4984,-0.258899
113.5145,-0.258899
113.5316,-0.258915
113.5478,-0.258935
113.5641,-0.258951
113.5816,-0.258962
113.5978,-0.258975
113.6158,-0.258993
113.6318,-0.259009
113.6481,-0.259019
113.6644,-0.259028
113.6819,-0.259036
113.6984,-0.259037
113.7145,-0.259035
113.7316,-0.259037
113.749,-0.259039
113.7656,-0.259041
113.7821,-0.259042
113.7979,-0.259051
113.8145,-0.259068
113.8318,-0.259081
113.848,-0.259093
113.8645,-0.259106
113.8821,-0.259121
113.8991,-0.25914
113.9147,-0.259154
113.9316,-0.25917
113.9488,-0.259191
113.9657,-0.259193
113.9826,-0.259207
113.9986,-0.25922
114.016,-0.259234
114.0327,-0.259241
114.0479,-0.259248
114.0648,-0.259257
114.0823,-0.259264
114.0984,-0.25927
114.1149,-0.259269
114.1313,-0.259276
114.1487,-0.259279
114.1647,-0.259284
114.1813,-0.2593
114.1974,-0.259313
114.2141,-0.259329
114.2305,-0.259348
114.2475,-0.259368
114.2644,-0.259386
114.2815,-0.259399
114.2978,-0.259417
114.3151,-0.259432
114.3311,-0.259447
114.3476,-0.259466
114.3646,-0.259489
114.3816,-0.259505
114.3982,-0.259517
114.4142,-0.259537
114.4307,-0.259556
114.4478,-0.259574
114.4647,-0.259597
114.4807,-0.259626
114.4977,-0.259648
114.5136,-0.259672
114.5306,-0.259695
114.5475,-0.259716
114.5641,-0.259737
114.581,-0.259749
114.5988,-0.259762
114.6143,-0.259773
114.6317,-0.259783
114.6488,-0.259795
114.6634,-0.259809
114.6818,-0.259821
114.6972,-0.259835
114.714,-0.259843
114.7302,-0.259852
114.7469,-0.259861
114.7638,-0.259866
114.7806,-0.259866
114.7967,-0.259863
114.814,-0.259859
114.8297,-0.259865
114.8465,-0.25987
114.863,-0.259874
114.8803,-0.259883
114.8971,-0.259896
114.9138,-0.259911
114.9301,-0.259935
114.9466,-0.259957
114.9634,-0.259975
114.9806,-0.259993
114.9971,-0.260002
115.014,-0.260017
115.0308,-0.260031
115.0473,-0.260035
115.0644,-0.260037
115.0801,-0.260038
115.0981,-0.260036
115.1147,-0.260042
115.1303,-0.260041
115.1475,-0.26004
115.1637,-0.260045
115.1807,-0.260048
115.1979,-0.260057
115.2138,-0.260066
115.2304,-0.260072
115.2476,-0.26007
115.2638,-0.260067
115.2811,-0.260059
115.2971,-0.260051
115.3144,-0.26004
115.3305,-0.260035
115.347,-0.260028
115.364,-0.26003
115.3807,-0.260041
115.3983,-0.260052
115.4134,-0.260061
115.43,-0.26007
115.4473,-0.260077
115.4638,-0.26008
115.4812,-0.260078
115.498,-0.26008
115.5133,-0.260078
115.5309,-0.260065
115.5479,-0.260054
115.5643,-0.260053
115.5811,-0.260058
115.5972,-0.260065
115.6135,-0.260074
115.6299,-0.260084
115.6479,-0.260097
115.6652,-0.260109
115.6807,-0.260121
115.6978,-0.260136
115.7152,-0.260141
115.7307,-0.260139
115.7478,-0.260142
115.7648,-0.260146
115.7811,-0.260147
115.7969,-0.260142
115.8142,-0.260145
115.8311,-0.260145
115.8473,-0.260147
115.8636,-0.260156
115.8805,-0.260163
115.8978,-0.260168
115.9139,-0.260174
115.9313,-0.26018
115.9483,-0.260179
115.9639,-0.260181
115.9811,-0.260192
115.9985,-0.2602
116.0144,-0.2602
116.0307,-0.260196
116.0479,-0.260199
116.065,-0.260205
116.082,-0.260214
116.098,-0.260225
116.1142,-0.26023
116.1316,-0.260234
116.1484,-0.260236
116.1648,-0.260237
116.1811,-0.260238
116.1982,-0.260246
116.2152,-0.260251
116.2309,-0.260262
116.2475,-0.260267
116.2639,-0.260271
116.2816,-0.260279
116.298,-0.260279
116.3149,-0.260278
116.3313,-0.260283
116.3484,-0.260284
116.3649,-0.260282
116.3811,-0.260282
116.3978,-0.260287
116.4142,-0.260294
116.4311,-0.260309
116.4476,-0.260332
116.4645,-0.26035
116.4816,-0.260363
116.4977,-0.260373
116.515,-0.260388
116.5311,-0.260406
116.5478,-0.260426
116.5647,-0.26044
116.5814,-0.26045
116.5985,-0.260458
116.6153,-0.260463
116.6311,-0.260473
116.6478,-0.260482
116.6649,-0.260489
116.6808,-0.260492
116.6977,-0.260494
116.7144,-0.260497
116.7318,-0.260496
116.7481,-0.260502
116.7652,-0.260508
116.7812,-0.260517
116.7979,-0.260528
116.8151,-0.26054
116.8318,-0.260555
116.8488,-0.260571
116.8647,-0.260597
116.882,-0.260625
116.8978,-0.260649
116.9151,-0.260666
116.9314,-0.260681
116.9482,-0.260696
116.9649,-0.260705
116.9819,-0.260719
116.9985,-0.260726
117.0154,-0.260741
117.0319,-0.260756
117.049,-0.260767
117.0655,-0.260778
117.0813,-0.26079
117.0993,-0.260801
117.1152,-0.260805
117.1316,-0.260812
117.1485,-0.260818
117.1656,-0.260823
117.1825,-0.260826
117.1987,-0.260827
117.2156,-0.260832
117.2318,-0.260842
117.2488,-0.260845
117.2655,-0.260852
117.2814,-0.260863
117.2987,-0.260878
117.3162,-0.260893
117.3316,-0.260909
117.3487,-0.260928
117.3656,-0.260945
117.3818,-0.260964
117.3985,-0.260982
117.4149,-0.260999
117.4331,-0.261014
117.4486,-0.261026
117.4653,-0.261038
117.4824,-0.261048
117.4984,-0.261053
117.5155,-0.261055
117.532,-0.261059
117.5491,-0.261059
117.5655,-0.261065
117.5828,-0.261083
117.5989,-0.2611
117.6156,-0.261121
117.6318,-0.261145
117.6495,-0.261171
117.6666,-0.261193
117.6831,-0.261213
117.6994,-0.261233
117.7159,-0.261245
117.733,-0.261253
117.7491,-0.26126
117.7667,-0.261269
117.7831,-0.261277
117.7998,-0.261281
117.8163,-0.261284
117.8328,-0.261287
117.8492,-0.261292
117.8653,-0.261305
117.8828,-0.261318
117.8987,-0.261335
117.9162,-0.261354
117.9327,-0.261373
117.9498,-0.261396
117.9656,-0.26142
117.9831,-0.261449
118.0001,-0.261472
118.0167,-0.261496
118.0336,-0.261518
118.0495,-0.261527
118.0663,-0.261532
118.0827,-0.261536
118.0992,-0.261537
118.1163,-0.261545
118.132,-0.261549
118.1494,-0.261548
118.1667,-0.261564
118.1834,-0.261583
118.1999,-0.261601
118.216,-0.261619
118.2331,-0.261628
118.2501,-0.261633
118.2671,-0.261637
118.2831,-0.261645
118.2998,-0.261657
118.3159,-0.261674
118.3334,-0.261683
118.35,-0.261694
118.3657,-0.261711
118.3831,-0.26173
118.4001,-0.261751
118.416,-0.261767
118.4332,-0.26178
118.4501,-0.261795
118.4662,-0.261811
118.4836,-0.261822
118.5001,-0.261839
118.5159,-0.261852
118.5334,-0.261868
118.5502,-0.261887
118.5663,-0.261907
118.5842,-0.261934
118.5997,-0.261958
118.6172,-0.261974
118.6336,-0.261988
118.6498,-0.26199
118.6669,-0.261993
118.6835,-0.262002
118.7,-0.262005
118.7165,-0.262008
118.7335,-0.262011
118.7499,-0.262014
118.7667,-0.262026
118.7828,-0.262035
118.7997,-0.26205
118.8171,-0.262063
118.8335,-0.262067
118.8503,-0.26208
118.8665,-0.26209
118.8839,-0.2621
118.9006,-0.262102
118.9172,-0.262112
118.934,-0.262132
118.9501,-0.262154
118.9659,-0.262173
118.9827,-0.262199
119.0002,-0.262224
119.0175,-0.262249
119.0337,-0.262267
119.0503,-0.262282
119.0669,-0.262292
119.0835,-0.262298
119.1005,-0.262308
119.1165,-0.262321
119.1337,-0.262337
119.1502,-0.262357
119.1668,-0.262375
119.1841,-0.262388
119.2002,-0.262403
119.2169,-0.262414
119.2334,-0.262425
119.2494,-0.262433
119.2673,-0.262448
119.2835,-0.26246
119.3007,-0.262471
119.3163,-0.262479
119.3337,-0.262486
119.3512,-0.262489
119.3671,-0.262492
119.3837,-0.262492
119.4003,-0.262493
119.4163,-0.262491
119.4337,-0.262494
119.4502,-0.262506
119.4668,-0.262521
119.4836,-0.26254
119.5003,-0.262562
119.5171,-0.262579
119.5339,-0.262593
119.5506,-0.262601
119.5676,-0.26261
119.584,-0.262616
119.5998,-0.262627
119.6168,-0.262642
119.6333,-0.262651
119.6505,-0.262658
119.6664,-0.262674
119.683,-0.262691
119.6998,-0.262704
119.7164,-0.262714
119.734,-0.262722
119.7502,-0.262729
119.7663,-0.262736
119.7827,-0.262741
119.7994,-0.262761
119.8173,-0.262777
119.8334,-0.262796
119.8502,-0.262816
119.8661,-0.262829
119.8842,-0.262841
119.9003,-0.262852
119.9172,-0.262867
119.9332,-0.262871
119.9501,-0.262874
119.9657,-0.262877
119.9831,-0.262886
119.9999,-0.262894
120.0162,-0.262913
120.0325,-0.262933
120.0491,-0.262954
120.0662,-0.262976
120.0835,-0.262994
120.1005,-0.263007
120.1161,-0.263015
120.134,-0.263026
120.15,-0.263036
120.1667,-0.263029
120.1831,-0.263025
120.1997,-0.263018
120.2171,-0.263015
120.2339,-0.263019
120.2496,-0.263021
120.2663,-0.263027
120.2829,-0.263032
120.3001,-0.263036
120.3173,-0.263044
120.3324,-0.263058
120.3501,-0.26307
120.3665,-0.263079
120.3837,-0.263092
120.4002,-0.263109
120.4173,-0.26313
120.4333,-0.263137
120.4503,-0.263148
120.4671,-0.263167
120.4838,-0.263175
120.4998,-0.263181
120.5165,-0.263191
120.5333,-0.2632
120.5505,-0.263202
120.5665,-0.263203
120.583,-0.26321
120.6009,-0.26322
120.6168,-0.263228
120.6333,-0.263232
120.6505,-0.263242
120.6665,-0.263256
120.6832,-0.263265
120.7002,-0.26328
120.7169,-0.263292
120.7344,-0.263305
120.751,-0.263312
120.7667,-0.263316
120.7835,-0.263314
120.8,-0.263315
120.8176,-0.263321
120.8339,-0.263334
120.8509,-0.263352
120.8672,-0.263368
120.8844,-0.263379
120.9012,-0.263387
120.9175,-0.263405
120.933,-0.263414
120.9508,-0.263423
120.9669,-0.263426
120.9833,-0.26344
121.0007,-0.263455
121.017,-0.263475
121.0343,-0.263487
121.0508,-0.263497
121.0672,-0.263504
121.084,-0.263501
121.1009,-0.263503
121.1165,-0.263503
121.1341,-0.263506
121.1503,-0.263503
121.1676,-0.263507
121.1838,-0.263518
121.2004,-0.26353
121.2162,-0.263533
121.2337,-0.263533
121.2494,-0.263536
121.2674,-0.263538
121.2836,-0.263549
121.3005,-0.263561
121.317,-0.263576
121.334,-0.263586
121.3503,-0.263597
121.3681,-0.263617
121.3831,-0.263633
121.3999,-0.263647
121.4167,-0.263662
121.4333,-0.263675
121.4499,-0.263685
121.4675,-0.263696
121.4847,-0.263704
121.5008,-0.263716
121.5173,-0.263723
121.5347,-0.263725
121.5496,-0.263732
121.5669,-0.263737
121.5834,-0.26375
121.5999,-0.263761
121.6173,-0.263779
121.6337,-0.263798
121.651,-0.263809
121.6671,-0.263818
121.6846,-0.26383
121.7009,-0.263834
121.7166,-0.263842
121.7337,-0.263852
121.7511,-0.263861
121.7668,-0.263868
121.7835,-0.263877
121.8004,-0.263887
121.8173,-0.263897
121.8331,-0.263901
121.8505,-0.263912
121.8673,-0.263923
121.8833,-0.263927
121.9004,-0.263935
121.9177,-0.263949
121.9336,-0.263963
121.9502,-0.263981
121.9666,-0.263999
121.9841,-0.264013
122.0008,-0.264019
122.0175,-0.264025
122.0346,-0.264029
122.0503,-0.264033
122.0669,-0.26404
122.0837,-0.264043
122.1006,-0.264049
122.1168,-0.264052
122.1345,-0.264056
122.1506,-0.264072
122.1669,-0.264083
122.1837,-0.264101
122.1999,-0.26411
122.2163,-0.264115
122.2346,-0.264119
122.2496,-0.264127
122.2673,-0.264144
122.2831,-0.264156
122.3003,-0.264168
122.3175,-0.26418
122.3344,-0.264195
122.3506,-0.264203
122.3666,-0.264217
122.3848,-0.264222
122.4002,-0.264233
122.4179,-0.264245
122.4339,-0.264254
122.4511,-0.264268
122.4674,-0.264275
122.4847,-0.264293
122.501,-0.264308
122.5183,-0.264322
122.5343,-0.264327
122.5511,-0.264331
122.5676,-0.264333
122.5839,-0.264332
122.6,-0.264344
122.6175,-0.264357
122.6343,-0.264366
122.651,-0.264378
122.668,-0.264395
122.6849,-0.264412
122.7013,-0.264432
122.7174,-0.264451
122.7346,-0.26447
122.7512,-0.264487
122.7677,-0.264495
122.7854,-0.264511
122.8015,-0.264524
122.8185,-0.264531
122.8353,-0.264545
122.8509,-0.264552
122.868,-0.264554
122.8849,-0.264561
122.9013,-0.264571
122.9185,-0.264583
122.9354,-0.264596
122.9509,-0.264606
122.9672,-0.264616
122.985,-0.264623
123.0016,-0.264624
123.018,-0.264632
123.0346,-0.26464
123.0522,-0.264647
123.0672,-0.264653
123.0847,-0.264662
123.1022,-0.264677
123.118,-0.264692
123.1346,-0.264704
123.1519,-0.264711
123.1684,-0.26472
123.1845,-0.264731
123.2022,-0.264743
123.218,-0.264751
123.2352,-0.264756
123.2521,-0.264766
123.2679,-0.264776
123.2849,-0.264785
123.3012,-0.264796
123.3178,-0.26481
123.335,-0.264822
123.3516,-0.26483
123.3681,-0.264842
123.3852,-0.264864
123.4017,-0.264886
123.4175,-0.264903
123.4345,-0.26492
123.4514,-0.264933
123.4682,-0.264942
123.4849,-0.264946
123.502,-0.26496
123.5189,-0.264974
123.5352,-0.264986
123.5517,-0.264989
123.569,-0.264997
123.5859,-0.265005
123.6021,-0.265018
123.6185,-0.26503
123.6349,-0.265045
123.6514,-0.265059
123.6687,-0.265075
123.6858,-0.26509
123.7013,-0.265101
123.718,-0.265108
123.7352,-0.265116
123.7528,-0.265126
123.7685,-0.265131
123.7849,-0.265138
123.8021,-0.265144
123.8181,-0.265156
123.8352,-0.26517
123.8516,-0.26519
123.8693,-0.265207
123.8848,-0.265222
123.9023,-0.265233
123.9187,-0.265248
123.9356,-0.265265
123.9523,-0.265284
123.9684,-0.265299
123.9855,-0.265313
124.0022,-0.265328
124.0183,-0.265341
124.0354,-0.265363
124.0518,-0.265384
124.0691,-0.265405
124.085,-0.265422
124.1017,-0.265438
124.1194,-0.265451
124.136,-0.265465
124.1521,-0.265481
124.1692,-0.2655
124.1858,-0.265511
124.2017,-0.265516
124.2188,-0.265524
124.2364,-0.265534
124.252,-0.265548
124.2692,-0.265559
124.2858,-0.265575
124.3025,-0.265587
124.3191,-0.2656
124.3365,-0.265611
124.353,-0.265624
124.3688,-0.265636
124.3857,-0.265654
124.403,-0.265667
124.4196,-0.26567
124.4363,-0.265674
124.4516,-0.265689
124.4696,-0.265709
124.4851,-0.265728
124.5024,-0.265748
124.5193,-0.265767
124.5362,-0.265781
124.5524,-0.265794
124.5696,-0.265815
124.5859,-0.265832
124.6023,-0.265843
124.6188,-0.265847
124.636,-0.26585
124.6529,-0.265851
124.6691,-0.265852
124.6859,-0.265855
124.7024,-0.26586
124.7184,-0.265868
124.736,-0.265876
124.7525,-0.265897
124.7695,-0.265923
124.7857,-0.265945
124.8023,-0.265965
124.8189,-0.265987
124.8361,-0.265999
124.8526,-0.266004
124.869,-0.266013
124.8864,-0.266024
124.9024,-0.266037
124.9185,-0.266048
124.9354,-0.266065
124.9527,-0.26608
124.969,-0.266088
124.9865,-0.266093
125.0029,-0.266101
125.0194,-0.266108
125.0361,-0.266103
125.0526,-0.266103
125.0687,-0.266107
125.0853,-0.26611
125.102,-0.266114
125.1184,-0.266128
125.1351,-0.266139
125.152,-0.266159
125.1685,-0.266174
125.185,-0.26619
125.2029,-0.26621
125.219,-0.266223
125.2367,-0.266234
125.2529,-0.266244
125.2693,-0.266243
125.2865,-0.266232
125.3018,-0.266229
125.3188,-0.266224
125.3355,-0.266228
125.352,-0.266237
125.3684,-0.266246
125.3854,-0.266257
125.4023,-0.266272
125.4195,-0.266282
125.4356,-0.266294
125.4523,-0.266304
125.4689,-0.266318
125.4854,-0.266333
125.5017,-0.26634
125.5186,-0.266351
125.535,-0.266357
125.5528,-0.266362
125.5694,-0.266358
125.5854,-0.266354
125.6022,-0.266356
125.6185,-0.266359
125.6354,-0.266361
125.6516,-0.266374
125.6689,-0.266389
125.6859,-0.266407
125.7021,-0.26642
125.7188,-0.266435
125.7357,-0.266452
125.7517,-0.266467
125.7691,-0.266482
125.7852,-0.266498
125.8026,-0.266513
125.8197,-0.266527
125.8354,-0.266543
125.8524,-0.266548
125.8688,-0.266559
125.8855,-0.266567
125.9018,-0.266576
125.9191,-0.266587
125.935,-0.266595
125.9532,-0.266606
125.9692,-0.26661
125.9866,-0.266618
126.003,-0.266623
126.0192,-0.266628
126.0365,-0.26663
126.0527,-0.266635
126.069,-0.266633
126.0856,-0.26664
126.1036,-0.266641
126.1194,-0.266638
126.1362,-0.266643
126.152,-0.266648
126.1694,-0.266651
126.1858,-0.266655
126.2018,-0.266664
126.2192,-0.266675
126.2363,-0.266691
126.2523,-0.266697
126.2696,-0.266707
126.2862,-0.266715
126.3026,-0.266725
126.3201,-0.266732
126.336,-0.266742
126.3524,-0.266758
126.3695,-0.266771
126.3864,-0.266784
126.4031,-0.266799
126.4198,-0.266819
126.4367,-0.266832
126.453,-0.266837
126.4696,-0.266846
126.4862,-0.26686
126.5031,-0.266876
126.5196,-0.26689
126.5365,-0.266907
126.5528,-0.266917
126.5687,-0.26693
126.586,-0.26694
126.6026,-0.266954
126.619,-0.266969
126.6357,-0.266982
126.6531,-0.267005
126.6694,-0.267024
126.6858,-0.267041
126.7032,-0.267053
126.72,-0.267063
126.7369,-0.267073
126.753,-0.26708
126.7701,-0.267083
126.7865,-0.267087
126.8033,-0.2671
126.8202,-0.267113
126.8365,-0.267123
126.8531,-0.267143
126.8691,-0.267167
126.8869,-0.26719
126.9029,-0.267211
126.9188,-0.267223
126.9364,-0.267223
126.9531,-0.267218
126.9695,-0.267209
126.986,-0.267195
127.0031,-0.267183
127.0188,-0.267179
127.0359,-0.267181
127.0526,-0.267192
127.0696,-0.267208
127.0863,-0.267229
127.1032,-0.267254
127.1196,-0.267272
127.1357,-0.267287
127.1534,-0.267291
127.1696,-0.267292
127.1859,-0.267293
127.2031,-0.267294
127.2194,-0.267296
127.2363,-0.267307
127.2528,-0.267318
127.2691,-0.267334
127.2862,-0.267353
127.3026,-0.267367
127.321,-0.267382
127.3367,-0.267391
127.3535,-0.267395
127.3692,-0.267398
127.3868,-0.267394
127.4034,-0.267401
127.4203,-0.26742
127.4368,-0.267437
127.4527,-0.267457
127.4695,-0.267478
127.4869,-0.267496
127.5033,-0.267509
127.5193,-0.267518
127.5366,-0.267525
127.5539,-0.267523
127.5699,-0.267522
127.5863,-0.267526
127.6037,-0.267536
127.6199,-0.267551
127.6365,-0.267569
127.6541,-0.267586
127.6697,-0.267593
127.6868,-0.267601
127.704,-0.267606
127.7203,-0.267607
127.737,-0.267611
127.7534,-0.267615
127.769,-0.267616
127.7867,-0.267622
127.8031,-0.26764
127.8192,-0.267658
127.8361,-0.267679
127.8527,-0.267708
127.8693,-0.26772
127.8868,-0.267735
127.9028,-0.267758
127.9196,-0.267777
127.9369,-0.26779
127.9527,-0.267803
127.9699,-0.267807
127.9864,-0.267819
128.0024,-0.267819
128.0192,-0.267834
128.0367,-0.267855
128.0536,-0.267875
128.0699,-0.267899
128.0863,-0.267925
128.1032,-0.267949
128.1193,-0.267966
128.1366,-0.267982
128.1533,-0.267998
128.1697,-0.268009
128.1862,-0.268017
128.2029,-0.268032
128.22,-0.268054
128.2372,-0.268067
128.2526,-0.268085
128.27,-0.268104
128.2867,-0.26812
128.3026,-0.268134
128.3189,-0.268152
128.3363,-0.26817
128.3524,-0.268178
128.3693,-0.268181
128.3869,-0.268189
128.4027,-0.268191
128.4202,-0.268192
128.4361,-0.268198
128.4532,-0.268208
128.4698,-0.268225
128.4865,-0.268248
128.5027,-0.268269
128.5205,-0.268294
128.5369,-0.268308
128.553,-0.26832
128.5694,-0.268319
128.5865,-0.268321
128.6027,-0.268318
128.62,-0.268319
128.6369,-0.268319
128.6526,-0.268326
128.6703,-0.268338
128.6867,-0.268353
128.7023,-0.268368
128.7195,-0.268389
128.7368,-0.268407
128.7529,-0.268423
128.7704,-0.268441
128.7867,-0.268461
128.8037,-0.268472
128.8199,-0.268475
128.8365,-0.268483
128.8524,-0.268491
128.8701,-0.268494
128.8864,-0.268492
128.902,-0.268501
128.9195,-0.268508
128.9362,-0.268515
128.9528,-0.268519
128.9691,-0.268524
128.9868,-0.268538
129.0031,-0.268547
129.02,-0.268558
129.0362,-0.268573
129.0527,-0.268587
129.071,-0.26859
129.0869,-0.268596
129.1035,-0.26861
129.1203,-0.268618
129.1369,-0.268631
129.154,-0.268641
129.1696,-0.268653
129.1871,-0.268667
129.2041,-0.268669
129.2203,-0.268674
129.2376,-0.268673
129.2537,-0.268665
129.2702,-0.268654
129.286,-0.268646
129.3039,-0.268639
129.3203,-0.268643
129.3371,-0.268652
129.3523,-0.268673
129.3705,-0.268702
129.3864,-0.26872
129.4041,-0.268741
129.4207,-0.268759
129.4375,-0.268768
129.4542,-0.268777
129.47,-0.268789
129.4867,-0.268791
129.5039,-0.2688
129.5197,-0.268805
129.5379,-0.268811
129.5538,-0.268822
129.5711,-0.268827
129.5872,-0.268825
129.6046,-0.268833
129.62,-0.268841
129.6376,-0.26885
129.6539,-0.268856
129.6704,-0.268868
129.6878,-0.268881
129.7044,-0.268895
129.7203,-0.268902
129.7378,-0.268911
129.7546,-0.268915
129.7712,-0.268923
129.7877,-0.268926
129.8044,-0.268937
129.8213,-0.268949
129.8379,-0.268963
129.8546,-0.268972
129.8712,-0.268985
129.8884,-0.269002
129.9051,-0.269017
129.9205,-0.269035
129.9378,-0.269049
129.9554,-0.269067
129.9722,-0.269079
129.9883,-0.269086
130.0053,-0.269086
130.0223,-0.269083
130.0381,-0.26908
130.0546,-0.269079
130.0714,-0.269073
130.0875,-0.269078
130.1044,-0.269092
130.1215,-0.269109
130.1377,-0.269133
130.1543,-0.269156
130.1718,-0.269175
130.1888,-0.269186
130.2047,-0.269203
130.2221,-0.269221
130.2384,-0.269243
130.2546,-0.269261
130.2706,-0.269284
130.2883,-0.269302
130.3049,-0.269318
130.3218,-0.269338
130.3384,-0.269355
130.3559,-0.269367
130.3726,-0.269372
130.3887,-0.269376
130.4047,-0.269375
130.4222,-0.269374
130.4384,-0.269375
130.455,-0.269384
130.4716,-0.269403
130.4879,-0.269428
130.5049,-0.26945
130.5219,-0.269478
130.5384,-0.269502
130.5556,-0.269528
130.5718,-0.269556
130.5882,-0.269581
130.6049,-0.269606
130.6216,-0.269626
130.6386,-0.269653
130.6554,-0.26967
130.6713,-0.269691
130.6888,-0.269707
130.7052,-0.26972
130.7215,-0.26974
130.7387,-0.269755
130.7553,-0.269772
130.7718,-0.269783
130.7886,-0.269798
130.8052,-0.269815
130.8218,-0.269833
130.8385,-0.269842
130.8551,-0.269859
130.8716,-0.269873
130.8888,-0.269891
130.9054,-0.269912
130.9216,-0.269928
130.9384,-0.269945
130.9559,-0.269957
130.9721,-0.269965
130.9887,-0.269978
131.0049,-0.269988
131.0224,-0.270005
131.0384,-0.270022
131.0554,-0.270036
131.0726,-0.270049
131.0884,-0.270066
131.106,-0.270077
131.1224,-0.27009
131.139,-0.270112
131.156,-0.270131
131.1722,-0.270149
131.189,-0.270162
131.2054,-0.270177
131.2222,-0.270198
131.239,-0.270215
131.2557,-0.270234
131.2717,-0.270254
131.2892,-0.270265
131.3056,-0.27027
131.3226,-0.270276
131.3391,-0.270287
131.3557,-0.270292
131.3723,-0.270297
131.389,-0.270311
131.4055,-0.270334
131.4223,-0.270364
131.4389,-0.270394
131.4557,-0.270425
131.4731,-0.270453
131.4893,-0.270475
131.5053,-0.270492
131.5226,-0.270512
131.5391,-0.270528
131.5551,-0.270543
131.5716,-0.270563
131.5889,-0.27058
131.6061,-0.270594
131.6218,-0.270607
131.6397,-0.27062
131.6565,-0.270628
131.6725,-0.270637
131.6893,-0.270639
131.7054,-0.27064
131.7225,-0.270636
131.7389,-0.270636
131.7561,-0.270653
131.7727,-0.270666
131.7889,-0.270682
131.8053,-0.270692
131.8223,-0.270708
131.8388,-0.270729
131.8552,-0.270755
131.8726,-0.270789
131.8893,-0.270824
131.9057,-0.270855
131.9223,-0.270881
131.9388,-0.27091
131.9553,-0.270929
131.9723,-0.270947
131.9895,-0.270959
132.0064,-0.270971
132.0222,-0.270984
132.039,-0.270993
132.056,-0.271002
132.0719,-0.271009
132.0895,-0.271009
132.1053,-0.271008
132.1224,-0.271008
132.1391,-0.27101
132.1555,-0.271019
132.1717,-0.271026
132.1885,-0.271039
132.205,-0.271051
132.2218,-0.271062
132.239,-0.271084
132.2548,-0.271098
132.2721,-0.27111
132.2887,-0.271122
132.3055,-0.271138
132.3222,-0.271157
132.3386,-0.271176
132.3553,-0.271196
132.3723,-0.271212
132.3891,-0.271232
132.4059,-0.271247
132.422,-0.271264
132.4387,-0.271285
132.455,-0.2713
132.472,-0.271311
132.4888,-0.271324
132.5058,-0.271331
132.5221,-0.271337
132.539,-0.271346
132.5559,-0.271352
132.5723,-0.271362
132.5883,-0.271371
132.6053,-0.271384
132.6213,-0.271403
132.6384,-0.271425
132.6558,-0.271447
132.6711,-0.271467
132.6876,-0.27148
132.705,-0.271491
132.722,-0.271503
132.7379,-0.271517
132.7552,-0.27153
132.7719,-0.271537
132.7875,-0.271544
132.8049,-0.271551
132.8221,-0.271566
132.8384,-0.271578
132.8542,-0.27159
132.8713,-0.271601
132.888,-0.271607
132.9053,-0.271618
132.9213,-0.271628
132.9379,-0.271635
132.9542,-0.271642
132.9714,-0.271648
132.9887,-0.271645
133.0039,-0.271647
133.0213,-0.271646
133.0376,-0.271652
133.0543,-0.271661
133.0707,-0.271681
133.0871,-0.271702
133.1033,-0.271726
133.1204,-0.271754
133.1381,-0.271781
133.1544,-0.271801
133.1715,-0.271814
133.1885,-0.271828
133.2052,-0.271844
133.2213,-0.271854
133.2386,-0.271867
133.2535,-0.271878
133.2713,-0.271883
133.2887,-0.271884
133.3051,-0.271888
133.3211,-0.271895
133.3381,-0.271893
133.3547,-0.271887
133.3713,-0.271888
133.3874,-0.271898
133.4049,-0.27191
133.4211,-0.271926
133.4379,-0.271943
133.4548,-0.271957
133.4711,-0.271964
133.4883,-0.271974
133.505,-0.271986
133.5211,-0.271985
133.5375,-0.271983
133.5541,-0.271985
133.5709,-0.271991
133.5881,-0.271999
133.6043,-0.272004
133.6213,-0.272016
133.6382,-0.272031
133.6546,-0.272042
133.6712,-0.272047
133.6881,-0.272047
133.7048,-0.272052
133.7212,-0.272067
133.7374,-0.272079
133.7543,-0.272084
133.7708,-0.272096
133.7881,-0.272104
133.8056,-0.272109
133.8214,-0.272108
133.8388,-0.272109
133.8557,-0.2721
133.8708,-0.272095
133.8885,-0.272097
133.9044,-0.272108
133.9213,-0.27212
133.9385,-0.272133
133.9545,-0.272156
133.9715,-0.272178
133.9886,-0.272199
134.0049,-0.27222
134.0223,-0.272238
134.0389,-0.27226
134.0553,-0.272278
134.0721,-0.272287
134.0881,-0.272296
134.1062,-0.272304
134.1225,-0.272314
134.1381,-0.272325
134.1561,-0.272336
134.172,-0.272343
134.1891,-0.272354
134.2059,-0.272367
134.2221,-0.272378
134.2387,-0.272379
134.2559,-0.272381
134.2722,-0.272386
134.2888,-0.272391
134.3049,-0.2724
134.3221,-0.272405
134.3391,-0.272401
134.356,-0.272399
134.3723,-0.272399
134.3889,-0.272396
134.4058,-0.272395
134.4215,-0.272395
134.4392,-0.2724
134.455,-0.272413
134.4716,-0.272425
134.4889,-0.272449
134.5059,-0.272467
134.5224,-0.272487
134.5385,-0.272511
134.5548,-0.272527
134.5722,-0.272541
134.5877,-0.272553
134.6048,-0.27257
134.622,-0.272587
134.6377,-0.272597
134.656,-0.272604
134.6718,-0.272614
134.6888,-0.272628
134.7051,-0.272642
134.7209,-0.272657
134.7387,-0.272671
134.7563,-0.272689
134.7718,-0.272704
134.789,-0.272718
134.8049,-0.272734
134.8225,-0.27275
134.8392,-0.272757
134.8553,-0.272759
134.872,-0.272763
134.8877,-0.272766
134.9057,-0.27277
134.9215,-0.272784
134.9383,-0.272792
134.9546,-0.272798
134.9721,-0.272807
134.9886,-0.272809
135.0058,-0.272822
135.0218,-0.272832
135.0387,-0.272839
135.0551,-0.272857
135.0718,-0.272883
135.0886,-0.27291
135.1054,-0.272941
135.1213,-0.272963
135.1389,-0.272981
135.1564,-0.272996
135.172,-0.273007
135.1889,-0.273011
135.2056,-0.273011
135.2219,-0.273007
135.2383,-0.273016
135.255,-0.273029
135.2712,-0.273047
135.2884,-0.273063
135.3062,-0.273076
135.323,-0.273087
135.3385,-0.273099
135.3565,-0.27311
135.372,-0.273114
135.3887,-0.273114
135.4057,-0.273117
135.4223,-0.273118
135.4386,-0.273121
135.4548,-0.27313
135.4721,-0.273138
135.489,-0.273148
135.5052,-0.273158
135.5222,-0.273165
135.5389,-0.273163
135.5552,-0.273165
135.5717,-0.273174
135.5879,-0.273185
135.6049,-0.273197
135.6213,-0.273194
135.6395,-0.273204
135.6554,-0.273219
135.6719,-0.273231
135.6889,-0.27324
135.7047,-0.27324
135.7229,-0.273234
135.7395,-0.27323
135.7556,-0.27323
135.7717,-0.273233
135.7886,-0.273243
135.8054,-0.273246
135.8217,-0.273256
135.8394,-0.27327
135.8558,-0.273286
135.8724,-0.273303
135.8879,-0.273318
135.9062,-0.273331
135.9221,-0.273342
135.9389,-0.273354
135.9547,-0.273366
135.9721,-0.273376
135.9891,-0.273385
136.0051,-0.273391
136.0224,-0.273401
136.0384,-0.273414
136.0546,-0.273425
136.0728,-0.273441
136.0888,-0.273453
136.1053,-0.273458
136.1224,-0.273461
136.1397,-0.27347
136.1556,-0.273475
136.1721,-0.273484
136.1888,-0.273499
136.205,-0.273512
136.2227,-0.273529
136.2389,-0.273547
136.2553,-0.27356
136.273,-0.273572
136.2885,-0.273587
136.3053,-0.273591
136.3223,-0.273593
136.3387,-0.2736
136.3551,-0.273601
136.3723,-0.273606
136.3891,-0.27361
136.4053,-0.273625
136.423,-0.273636
136.4388,-0.27365
136.4554,-0.273669
136.472,-0.273688
136.4891,-0.273704
136.5061,-0.273713
136.5226,-0.273725
136.5393,-0.273741
136.5558,-0.273764
136.5729,-0.273779
136.5894,-0.273787
136.6056,-0.273787
136.6228,-0.273796
136.6399,-0.273804
136.6563,-0.273817
136.6722,-0.273826
136.6891,-0.273837
136.7067,-0.27385
136.7223,-0.273863
136.7401,-0.273881
136.7562,-0.273892
136.7734,-0.273893
136.7903,-0.27389
136.8073,-0.27389
136.8232,-0.273886
136.8395,-0.273888
136.856,-0.273893
136.8726,-0.273898
136.89,-0.273909
136.9066,-0.273928
136.9233,-0.273948
136.9398,-0.273964
136.9565,-0.273978
136.9744,-0.273985
136.9908,-0.273996
137.0064,-0.274007
137.0228,-0.274018
137.0403,-0.274027
137.0562,-0.274028
137.0735,-0.274036
137.0901,-0.274045
137.1065,-0.27405
137.123,-0.274054
137.1392,-0.274058
137.1561,-0.274058
137.1729,-0.274068
137.1904,-0.274079
137.206,-0.2741
137.2225,-0.274114
137.2398,-0.274126
137.2575,-0.274146
137.2732,-0.274163
137.2901,-0.274188
137.3061,-0.274201
137.3239,-0.274211
137.3406,-0.274223
137.3562,-0.274238
137.3736,-0.274261
137.3903,-0.274288
137.4073,-0.274321
137.4234,-0.27435
137.4403,-0.274374
137.4576,-0.274391
137.4731,-0.274411
137.4913,-0.274428
137.5067,-0.274441
137.524,-0.274451
137.5402,-0.274457
137.5566,-0.274474
137.5746,-0.274486
137.5908,-0.274492
137.6071,-0.274502
137.6234,-0.274511
137.6401,-0.274517
137.6574,-0.274519
137.6735,-0.274527
137.6906,-0.274534
137.7071,-0.274543
137.7236,-0.274552
137.7407,-0.27456
137.7576,-0.274565
137.7736,-0.274575
137.7905,-0.274593
137.807,-0.274612
137.8236,-0.274629
137.841,-0.274645
137.8572,-0.274652
137.8744,-0.274659
137.891,-0.27467
137.9076,-0.274679
137.9238,-0.274689
137.94,-0.274704
137.9569,-0.274714
137.9745,-0.274726
137.9905,-0.274739
138.0077,-0.274756
138.0246,-0.274779
138.04,-0.274806
138.0575,-0.274832
138.0743,-0.27485
138.0901,-0.274864
138.1069,-0.27488
138.124,-0.274892
138.1408,-0.274905
138.1576,-0.274913
138.1741,-0.274928
138.1908,-0.274943
138.2069,-0.274958
138.2242,-0.274975
138.2407,-0.275
138.2577,-0.275016
138.2737,-0.275032
138.2906,-0.27505
138.3071,-0.275066
138.324,-0.275086
138.3405,-0.275109
138.3574,-0.275129
138.3742,-0.275155
138.3906,-0.275179
138.4078,-0.275203
138.4247,-0.275219
138.4404,-0.275227
138.4584,-0.275231
138.4744,-0.275238
138.4915,-0.275242
138.5072,-0.275248
138.5238,-0.275269
138.5405,-0.275282
138.5578,-0.275305
138.5741,-0.275329
138.5913,-0.275356
138.6083,-0.275376
138.624,-0.275389
138.6412,-0.275403
138.6578,-0.275416
138.674,-0.275427
138.6905,-0.275441
138.707,-0.275455
138.7238,-0.27546
138.7408,-0.27547
138.7575,-0.275479
138.774,-0.275485
138.7911,-0.275495
138.8069,-0.275503
138.8243,-0.275507
138.8401,-0.275514
138.8575,-0.275521
138.8746,-0.275528
138.8913,-0.275541
138.9077,-0.275546
138.9239,-0.275556
138.9408,-0.275575
138.9573,-0.275591
138.9742,-0.275604
138.9898,-0.275618
139.0071,-0.275636
139.0249,-0.275652
139.0408,-0.275673
139.0573,-0.275696
139.0746,-0.275716
139.0909,-0.275735
139.108,-0.27575
139.1246,-0.275771
139.1407,-0.275788
139.1576,-0.275802
139.1743,-0.275816
139.1904,-0.275825
139.2082,-0.27584
139.224,-0.275855
139.2412,-0.27587
139.2582,-0.275889
139.2747,-0.275905
139.2919,-0.275912
139.3079,-0.275915
139.3246,-0.275915
139.3413,-0.275922
139.3579,-0.275929
139.3745,-0.275936
139.391,-0.275941
139.4081,-0.275945
139.4248,-0.275956
139.4408,-0.275974
139.4578,-0.275993
139.4745,-0.276015
139.4906,-0.276027
139.508,-0.27604
139.5245,-0.276051
139.5412,-0.276063
139.558,-0.276075
139.5742,-0.276088
139.5913,-0.276099
139.6077,-0.276111
139.6237,-0.276131
139.6406,-0.276151
139.6579,-0.276174
139.6748,-0.276196
139.6912,-0.276216
139.7078,-0.276232
139.7247,-0.276249
139.7417,-0.276265
139.7579,-0.276274
139.7754,-0.276286
139.7912,-0.276299
139.809,-0.276317
139.825,-0.276333
139.8416,-0.276358
139.8587,-0.276375
139.875,-0.276394
139.8919,-0.276406
139.9079,-0.276429
139.9253,-0.276449
139.9413,-0.276465
139.9584,-0.276476
139.9749,-0.276487
139.9918,-0.2765
140.0079,-0.276513
140.0255,-0.276529
140.0414,-0.276542
140.0582,-0.276554
140.0753,-0.276561
140.0914,-0.276569
140.1083,-0.276575
140.1248,-0.27659
140.1422,-0.276606
140.1579,-0.276626
140.1743,-0.276652
140.1911,-0.27667
140.2086,-0.276689
140.2252,-0.276705
140.2422,-0.276727
140.2587,-0.276744
140.2742,-0.276761
140.2925,-0.27677
140.308,-0.276782
140.3244,-0.276793
140.3412,-0.276801
140.3579,-0.276819
140.3749,-0.276836
140.3916,-0.27686
140.4081,-0.276882
140.4244,-0.276908
140.4417,-0.27693
140.4579,-0.276949
140.4745,-0.276961
140.491,-0.276981
140.5083,-0.276997
140.5242,-0.277006
140.5419,-0.27702
140.558,-0.27704
140.5757,-0.277061
140.5915,-0.277072
140.6085,-0.277078
140.6253,-0.277083
140.6413,-0.277088
140.6575,-0.277091
140.6743,-0.277092
140.6919,-0.277103
140.7078,-0.277118
140.7248,-0.277139
140.7419,-0.277158
140.7579,-0.277181
140.7748,-0.2772
140.7915,-0.277225
140.8082,-0.27725
140.8248,-0.277284
140.8419,-0.277319
140.8589,-0.277342
140.8752,-0.27737
140.8913,-0.277394
140.9088,-0.277407
140.9252,-0.277416
140.9421,-0.277429
140.9594,-0.27744
140.9753,-0.277449
140.9913,-0.277456
141.0078,-0.277461
141.0252,-0.277468
141.041,-0.277472
141.0585,-0.27749
141.0742,-0.277506
141.0916,-0.277517
141.1087,-0.27752
141.1249,-0.277523
141.1416,-0.277524
141.158,-0.277532
141.1747,-0.277528
141.1911,-0.277537
141.208,-0.277549
141.2244,-0.277556
141.2416,-0.277572
141.2581,-0.277602
141.2747,-0.277628
141.2919,-0.277649
141.3081,-0.277672
141.3244,-0.27769
141.3418,-0.277711
141.3574,-0.277731
141.3743,-0.277745
141.3922,-0.277762
141.4079,-0.277776
141.4245,-0.277783
141.4419,-0.277792
141.4583,-0.277802
141.4742,-0.277821
141.4916,-0.27784
141.5085,-0.277861
141.525,-0.27789
141.5421,-0.277912
141.5585,-0.277937
141.5751,-0.277958
141.5917,-0.277974
141.6078,-0.277984
141.6246,-0.27799
141.6419,-0.277995
141.6591,-0.27801
141.6755,-0.278025
141.6918,-0.278043
141.7088,-0.278062
141.7246,-0.27808
141.7412,-0.2781
141.7584,-0.278115
141.7748,-0.278134
141.7926,-0.278155
141.8088,-0.278176
141.8252,-0.278193
141.8419,-0.278203
141.8589,-0.278223
141.8758,-0.278235
141.8918,-0.278252
141.9085,-0.278269
141.9255,-0.278273
141.9424,-0.278275
141.959,-0.278288
141.9758,-0.278313
141.9925,-0.278337
142.0087,-0.278357
142.0258,-0.278372
142.0418,-0.278385
142.0587,-0.278398
142.075,-0.278408
142.0913,-0.278419
142.1096,-0.278435
142.1252,-0.278445
142.1421,-0.278465
142.1593,-0.278485
142.1749,-0.278501
142.1916,-0.278517
142.209,-0.27854
142.2257,-0.278565
142.2418,-0.278593
142.2587,-0.278623
142.2748,-0.278642
142.2927,-0.278663
142.3091,-0.278679
142.3265,-0.278691
142.3427,-0.278702
142.3589,-0.278714
142.3759,-0.278723
142.392,-0.278734
142.4086,-0.278747
142.4259,-0.278762
142.4418,-0.278783
142.4584,-0.278803
142.4747,-0.278824
142.4931,-0.27885
142.5083,-0.278868
142.526,-0.278888
142.5426,-0.278908
142.5596,-0.278923
142.5763,-0.27894
142.5923,-0.278967
142.6084,-0.278994
142.6258,-0.279018
142.6415,-0.279031
142.6592,-0.279041
142.6757,-0.279063
142.693,-0.279086
142.7086,-0.279101
142.7257,-0.279115
142.7421,-0.279132
142.759,-0.279153
142.7758,-0.279177
142.7926,-0.279199
142.8089,-0.279224
142.8271,-0.279242
142.8431,-0.279257
142.8596,-0.279274
142.8759,-0.279287
142.8929,-0.279301
142.9093,-0.279322
142.9254,-0.279349
142.9433,-0.279369
142.9595,-0.279394
142.976,-0.279421
142.9936,-0.279447
143.0097,-0.27947
143.0259,-0.279488
143.0426,-0.279507
143.0598,-0.279522
143.076,-0.27953
143.0935,-0.279541
143.1093,-0.279554
143.1264,-0.279558
143.1434,-0.279558
143.159,-0.279564
143.1769,-0.279573
143.1924,-0.279594
143.2096,-0.279615
143.2259,-0.279649
143.2425,-0.279685
143.2597,-0.279717
143.2768,-0.279748
143.2923,-0.279769
143.31,-0.279786
143.3267,-0.279809
143.3436,-0.279823
143.3596,-0.279832
143.376,-0.279837
143.3931,-0.279838
143.41,-0.279846
143.4257,-0.279857
143.4423,-0.279872
143.4593,-0.279885
143.476,-0.279893
143.4923,-0.279908
143.5088,-0.279931
143.5259,-0.279955
143.5428,-0.279975
143.5587,-0.279996
143.576,-0.280028
143.5928,-0.280065
143.6095,-0.280097
143.6261,-0.280123
143.6424,-0.280149
143.6597,-0.280172
143.6761,-0.280197
143.6931,-0.280219
143.7093,-0.280243
143.7258,-0.280261
143.7436,-0.280281
143.76,-0.280296
143.7769,-0.280305
143.793,-0.280314
143.8094,-0.280328
143.8268,-0.280342
143.8425,-0.280353
143.8587,-0.280375
143.8757,-0.280399
143.8929,-0.280421
143.909,-0.280454
143.9258,-0.280489
143.9427,-0.280519
143.9593,-0.280551
143.9758,-0.280577
143.9931,-0.280605
144.0101,-0.28063
144.0264,-0.280651
144.0423,-0.280674
144.06,-0.280695
144.0759,-0.280711
144.0929,-0.280732
144.1095,-0.280748
144.1263,-0.280762
144.1439,-0.280775
144.1592,-0.280788
144.1761,-0.280802
144.192,-0.280819
144.2085,-0.280831
144.2262,-0.280844
144.2433,-0.280865
144.2593,-0.280891
144.2757,-0.280921
144.2935,-0.280951
144.3095,-0.280974
144.3264,-0.280992
144.3437,-0.28101
144.3599,-0.281022
144.3761,-0.281031
144.3923,-0.281049
144.4086,-0.281071
144.4254,-0.281095
144.4416,-0.281115
144.4585,-0.28114
144.476,-0.281172
144.4928,-0.281205
144.5084,-0.281238
144.5242,-0.281268
144.5413,-0.281292
144.5592,-0.281316
144.5757,-0.281342
144.5925,-0.281368
144.6094,-0.281396
144.6257,-0.28142
144.6425,-0.281434
144.6593,-0.281451
144.6757,-0.281471
144.6925,-0.281486
144.7099,-0.281507
144.7258,-0.281531
144.7419,-0.281556
144.7589,-0.281585
144.7757,-0.281613
144.792,-0.281637
144.8097,-0.281666
144.8263,-0.281693
144.8427,-0.281718
144.8591,-0.281737
144.8755,-0.281744
144.893,-0.281747
144.9094,-0.28176
144.926,-0.281777
144.9422,-0.281797
144.9597,-0.281814
144.9761,-0.281827
144.9934,-0.281845
145.0098,-0.281866
145.0255,-0.281893
145.042,-0.281914
145.0582,-0.281934
145.0755,-0.281951
145.0927,-0.281974
145.1085,-0.281997
145.1259,-0.282026
145.1431,-0.282059
145.1596,-0.282088
145.1759,-0.282115
145.1926,-0.282138
145.2102,-0.282161
145.2265,-0.282176
145.2433,-0.2822
145.26,-0.282226
145.2758,-0.282249
145.2931,-0.28227
145.309,-0.282296
145.3266,-0.282326
145.3427,-0.28235
145.3603,-0.282372
145.3766,-0.282387
145.3935,-0.282403
145.4099,-0.282421
145.4262,-0.28244
145.4422,-0.28246
145.4586,-0.282482
145.476,-0.282505
145.4934,-0.282532
145.5101,-0.28256
145.5263,-0.282578
145.5416,-0.2826
145.5593,-0.282614
145.5761,-0.282631
145.5925,-0.282657
145.6088,-0.282684
145.6256,-0.282714
145.6423,-0.282737
145.6606,-0.282761
145.6766,-0.28279
145.6924,-0.282811
145.709,-0.282824
145.7263,-0.282833
145.7428,-0.282841
145.7596,-0.282847
145.7754,-0.282863
145.792,-0.28288
145.8086,-0.282897
145.8262,-0.282923
145.8422,-0.282952
145.859,-0.282978
145.8755,-0.283003
145.8931,-0.283025
145.9092,-0.283047
145.9257,-0.283062
145.9418,-0.283079
145.9589,-0.283103
145.9762,-0.283124
145.9928,-0.283158
146.009,-0.283189
146.026,-0.283217
146.0422,-0.283247
146.0579,-0.283269
146.0761,-0.283288
146.092,-0.28331
146.1086,-0.28333
146.1255,-0.283356
146.1416,-0.283381
146.1592,-0.283405
146.1761,-0.283433
146.1933,-0.283458
146.2092,-0.283478
146.2255,-0.283494
146.2419,-0.283503
146.259,-0.283512
146.2753,-0.283533
146.2923,-0.28355
146.3087,-0.283564
146.3254,-0.283584
146.3422,-0.2836
146.36,-0.283613
146.3759,-0.283631
146.3925,-0.28365
146.4084,-0.283666
146.4246,-0.283685
146.4423,-0.283697
146.4586,-0.283718
146.4758,-0.283747
146.4923,-0.283775
146.5089,-0.283807
146.5252,-0.283835
146.5422,-0.283861
146.5599,-0.283879
146.5757,-0.283905
146.5925,-0.283926
146.6091,-0.283945
146.6257,-0.283967
146.6419,-0.283989
146.66,-0.284017
146.675,-0.284045
146.6929,-0.284074
146.7095,-0.284098
146.7256,-0.284122
146.7431,-0.284147
146.759,-0.284167
146.7759,-0.28419
146.7923,-0.284213
146.8097,-0.284241
146.8258,-0.284263
146.8427,-0.284296
146.8601,-0.284321
146.8763,-0.284353
146.8929,-0.284387
146.9093,-0.284418
146.9266,-0.284441
146.9421,-0.284465
146.9596,-0.284483
146.9768,-0.284496
146.9923,-0.284516
147.0093,-0.284536
147.0259,-0.284561
147.0432,-0.284582
147.0587,-0.284616
147.0764,-0.284653
147.0922,-0.284688
147.1099,-0.284719
147.1256,-0.284745
147.1431,-0.284773
147.1592,-0.284796
147.1765,-0.284822
147.1929,-0.284843
147.209,-0.284871
147.2266,-0.284892
147.2431,-0.284923
147.2594,-0.284953
147.2769,-0.28498
147.2923,-0.285009
147.3094,-0.285035
147.3262,-0.285069
147.3425,-0.285098
147.36,-0.285119
147.3766,-0.285143
147.3925,-0.285178
147.409,-0.285213
147.4264,-0.285241
147.4425,-0.285265
147.4596,-0.285289
147.4767,-0.285311
147.4928,-0.285339
147.5098,-0.285371
147.5263,-0.285403
147.5425,-0.285434
147.5597,-0.285465
147.5764,-0.285497
147.5933,-0.285523
147.6106,-0.285542
147.6267,-0.285563
147.6433,-0.285578
147.6599,-0.285587
147.6763,-0.285601
147.6927,-0.285624
147.7098,-0.285648
147.7261,-0.285675
147.7422,-0.285708
147.7598,-0.285745
147.7764,-0.285778
147.7926,-0.285806
147.8094,-0.285833
147.8269,-0.285855
147.8436,-0.285875
147.8593,-0.285895
147.8757,-0.285918
147.893,-0.285945
147.9093,-0.28598
147.926,-0.28602
147.9423,-0.286063
147.9596,-0.286101
147.9759,-0.286138
147.9931,-0.286175
148.0101,-0.286208
148.0264,-0.286236
148.0424,-0.286262
148.0598,-0.286284
148.0768,-0.286312
148.0928,-0.286343
148.1097,-0.286381
148.1268,-0.286416
148.1428,-0.286451
148.1609,-0.286486
148.1769,-0.286521
148.1939,-0.286551
148.2097,-0.286578
148.2265,-0.286596
148.2428,-0.286617
148.2605,-0.286638
148.2762,-0.286655
148.2939,-0.286682
148.3097,-0.286706
148.3262,-0.286727
148.3436,-0.286753
148.3598,-0.286781
148.3763,-0.286811
148.3922,-0.286847
148.4089,-0.286884
148.4262,-0.286922
148.4434,-0.286953
148.4595,-0.286982
148.477,-0.287013
148.4926,-0.28704
148.5099,-0.287067
148.5269,-0.287098
148.5432,-0.287133
148.5594,-0.287163
148.576,-0.287203
148.5934,-0.287234
148.61,-0.287268
148.6269,-0.287299
148.643,-0.28733
148.6604,-0.287355
148.6767,-0.287376
148.6938,-0.287404
148.7103,-0.287434
148.7263,-0.287466
148.743,-0.287502
148.7596,-0.287533
148.7762,-0.287565
148.7929,-0.287599
148.8103,-0.287631
148.8271,-0.287659
148.8433,-0.287679
148.8602,-0.287703
148.8769,-0.287728
148.8931,-0.287752
148.9094,-0.287782
148.9259,-0.287813
148.9432,-0.287846
148.9601,-0.287878
148.9766,-0.287921
148.9929,-0.287963
149.0096,-0.288006
149.027,-0.288035
149.0436,-0.288069
149.0602,-0.288104
149.0764,-0.288145
149.0932,-0.288187
149.1099,-0.288225
149.1264,-0.288259
149.1433,-0.288293
149.1607,-0.288332
149.1765,-0.288364
149.1938,-0.288403
149.2101,-0.288439
149.2265,-0.28848
149.244,-0.288527
149.2604,-0.288569
149.277,-0.288606
149.2934,-0.288644
149.3113,-0.288678
149.3273,-0.288709
149.3434,-0.288741
149.359,-0.288773
149.3769,-0.288803
149.3937,-0.288824
149.4099,-0.288845
149.4277,-0.288877
149.4437,-0.288909
149.4603,-0.288937
149.4767,-0.288966
149.4934,-0.289002
149.5105,-0.289038
149.5269,-0.289082
149.5432,-0.289124
149.5595,-0.289164
149.5775,-0.289209
149.5938,-0.289253
149.6104,-0.289295
149.6274,-0.28933
149.6437,-0.289369
149.6605,-0.289412
149.6768,-0.289454
149.6937,-0.289492
149.7098,-0.289525
149.7279,-0.289563
149.7433,-0.289602
149.7603,-0.289645
149.7766,-0.289688
149.7932,-0.289723
149.8104,-0.289759
149.8277,-0.2898
149.8441,-0.289835
149.8602,-0.28988
149.8766,-0.289927
149.8945,-0.289968
149.9106,-0.290006
149.927,-0.290047
149.9436,-0.290091
149.9608,-0.29013
149.9768,-0.29016
149.9939,-0.290192
150.0101,-0.29022
150.0275,-0.290247
150.0436,-0.290274
150.0608,-0.290298
150.0766,-0.290331
150.0925,-0.290374
150.1102,-0.290422
150.1271,-0.290474
150.1433,-0.290526
150.1607,-0.29057
150.1778,-0.290613
150.1937,-0.290649
150.2107,-0.290684
150.2272,-0.290716
150.2432,-0.290744
150.2614,-0.290787
150.2773,-0.290833
150.2948,-0.290878
150.311,-0.290914
150.3279,-0.29095
150.3436,-0.290981
150.3609,-0.291007
150.377,-0.291029
150.3942,-0.291059
150.4102,-0.291084
150.427,-0.29111
150.4442,-0.291142
150.4603,-0.291186
150.4777,-0.291232
150.4941,-0.291273
150.5103,-0.291313
150.5278,-0.291348
150.5437,-0.291392
150.5612,-0.291431
150.5777,-0.291468
150.5939,-0.291508
150.6107,-0.291539
150.6267,-0.291572
150.644,-0.291606
150.6613,-0.291648
150.6777,-0.291695
150.694,-0.29174
150.7109,-0.291781
150.7269,-0.291823
150.7446,-0.291868
150.7619,-0.291911
150.7773,-0.29196
150.7946,-0.292008
150.8116,-0.292046
150.8277,-0.292069
150.8443,-0.292095
150.8623,-0.292126
150.8782,-0.292157
150.8944,-0.292195
150.9112,-0.292226
150.9281,-0.292259
150.9445,-0.292294
150.9606,-0.29234
150.9783,-0.292385
150.9949,-0.292425
151.0108,-0.292461
151.0273,-0.2925
151.0453,-0.292536
151.0612,-0.292572
151.0789,-0.292607
151.0947,-0.292641
151.1114,-0.292677
151.1278,-0.292711
151.1446,-0.292753
151.1612,-0.292803
151.1782,-0.292846
151.1953,-0.292887
151.2111,-0.292934
151.228,-0.292984
151.2452,-0.293034
151.261,-0.293084
151.2785,-0.293131
151.2949,-0.293177
151.3116,-0.293219
151.3288,-0.293259
151.3445,-0.293295
151.3614,-0.293342
151.3775,-0.293394
151.3949,-0.293446
151.4115,-0.293494
151.4276,-0.293539
151.4445,-0.293583
151.4619,-0.293632
151.4785,-0.293679
151.4947,-0.293731
151.5116,-0.293776
151.5281,-0.293814
151.5454,-0.293853
151.5615,-0.293906
151.5783,-0.293961
151.5952,-0.294021
151.6116,-0.294081
151.6286,-0.29414
151.6456,-0.294193
151.6617,-0.294236
151.6784,-0.294282
151.6951,-0.294325
151.7123,-0.294365
151.7281,-0.294406
151.745,-0.29445
151.7621,-0.294501
151.7788,-0.294557
151.7958,-0.294612
151.812,-0.294673
151.8286,-0.294735
151.846,-0.294786
151.8623,-0.294829
151.8785,-0.294865
151.8948,-0.294908
151.9122,-0.294946
151.9283,-0.294984
151.9452,-0.295025
151.9619,-0.295067
151.9785,-0.295101
151.9943,-0.295139
152.0113,-0.295184
152.028,-0.295233
152.0449,-0.295283
152.0608,-0.29534
152.079,-0.295398
152.0948,-0.295459
152.1114,-0.295518
152.1283,-0.29557
152.1447,-0.295625
152.1616,-0.295676
152.1782,-0.295726
152.1943,-0.295773
152.2117,-0.295819
152.2281,-0.295868
152.2452,-0.295928
152.2612,-0.295983
152.2776,-0.296041
152.295,-0.296097
152.3118,-0.296147
152.3283,-0.296195
152.344,-0.296243
152.362,-0.296289
152.3781,-0.296328
152.3941,-0.296372
152.4103,-0.296415
152.4277,-0.296464
152.4449,-0.296503
152.461,-0.296556
152.4779,-0.296606
152.4952,-0.296655
152.5116,-0.296699
152.5281,-0.296743
152.5447,-0.296789
152.5618,-0.296834
152.5777,-0.296875
152.5942,-0.29692
152.6117,-0.296972
152.6281,-0.297019
152.6453,-0.297066
152.6623,-0.297114
152.6788,-0.297155
152.6954,-0.297196
152.7109,-0.297233
152.728,-0.297259
152.7455,-0.29729
152.7619,-0.297323
152.7774,-0.297357
152.795,-0.297395
152.8115,-0.297433
152.8282,-0.297483
152.8444,-0.297533
152.8609,-0.297587
152.878,-0.297642
152.8947,-0.297688
152.9121,-0.297733
152.9289,-0.297779
152.9452,-0.297823
152.962,-0.297861
152.9781,-0.297902
152.9956,-0.297941
153.0114,-0.297979
153.0281,-0.29801
153.0443,-0.298043
153.0615,-0.298082
153.0785,-0.298117
153.0955,-0.298152
153.1118,-0.298197
153.1284,-0.298243
153.1454,-0.298291
153.1621,-0.298339
153.1785,-0.298388
153.1959,-0.298442
153.2117,-0.298493
153.2292,-0.298539
153.2453,-0.298581
153.2619,-0.298611
153.2795,-0.29864
153.2954,-0.298673
153.3116,-0.298709
153.3291,-0.29875
153.345,-0.298799
153.3615,-0.298846
153.3792,-0.298903
153.3949,-0.298967
153.412,-0.299032
153.4292,-0.299089
153.4458,-0.299141
153.4626,-0.299187
153.479,-0.29923
153.4965,-0.299269
153.5119,-0.299299
153.5285,-0.299332
153.5454,-0.29937
153.5612,-0.299413
153.5786,-0.299459
153.5951,-0.299512
153.612,-0.299567
153.629,-0.299622
153.6454,-0.299675
153.6627,-0.299728
153.6776,-0.299782
153.6951,-0.299831
153.7125,-0.299881
153.7284,-0.299938
153.7453,-0.299986
153.7618,-0.300036
153.7785,-0.300085
153.7949,-0.300129
153.8121,-0.300175
153.8287,-0.300218
153.8447,-0.300261
153.8616,-0.300312
153.8784,-0.300363
153.8955,-0.300409
153.9119,-0.300452
153.9282,-0.300496
153.9458,-0.300543
153.9616,-0.300592
153.9781,-0.300635
153.9948,-0.300683
154.0121,-0.300729
154.0287,-0.300783
154.0451,-0.300846
154.0614,-0.300905
154.078,-0.300965
154.0953,-0.301023
154.113,-0.301075
154.1288,-0.301131
154.1458,-0.301183
154.163,-0.301234
154.179,-0.301284
154.195,-0.30134
154.2122,-0.301394
154.2286,-0.301449
154.2457,-0.301502
154.2624,-0.301547
154.2787,-0.30159
154.2961,-0.301637
154.3123,-0.301685
154.3295,-0.301738
154.3461,-0.301794
154.3616,-0.301853
154.3787,-0.301908
154.3954,-0.301961
154.4125,-0.30201
154.4295,-0.302058
154.4462,-0.302103
154.4618,-0.30215
154.479,-0.302193
154.4964,-0.302235
154.5123,-0.302274
154.5287,-0.302313
154.5459,-0.302357
154.562,-0.302402
154.579,-0.302449
154.5952,-0.302503
154.6123,-0.302552
154.6293,-0.302604
154.6446,-0.302663
154.6627,-0.302718
154.679,-0.302773
154.6954,-0.302828
154.7122,-0.302883
154.7292,-0.30294
154.7453,-0.302997
154.7623,-0.303057
154.7796,-0.303121
154.7957,-0.303187
154.8123,-0.303255
154.8296,-0.303315
154.8463,-0.30337
154.8631,-0.303409
154.8797,-0.303451
154.8958,-0.303489
154.9122,-0.303534
154.9289,-0.303572
154.9461,-0.303608
154.9627,-0.303653
154.9784,-0.303704
154.9957,-0.303754
155.012,-0.303803
155.029,-0.303857
155.0457,-0.303904
155.0617,-0.303958
155.0795,-0.304014
155.0959,-0.30407
155.1129,-0.304129
155.129,-0.304188
155.1461,-0.304245
155.1624,-0.304295
155.1786,-0.304347
155.1958,-0.304401
155.2127,-0.304454
155.23,-0.304506
155.2456,-0.30457
155.2627,-0.30463
155.279,-0.30469
155.2957,-0.304748
155.3126,-0.304804
155.3295,-0.304865
155.3458,-0.304921
155.363,-0.304976
155.3796,-0.305031
155.3957,-0.305089
155.4132,-0.305146
155.4295,-0.305204
155.4459,-0.30525
155.4627,-0.3053
155.4802,-0.305347
155.4964,-0.305389
155.5126,-0.305432
155.5295,-0.305483
155.5457,-0.305528
155.5622,-0.305576
155.5789,-0.30563
155.5959,-0.305684
155.6121,-0.305739
155.6291,-0.305797
155.6455,-0.305857
155.6627,-0.305923
155.6787,-0.305986
155.6956,-0.306047
155.7132,-0.306109
155.729,-0.306168
155.7459,-0.306225
155.7626,-0.306275
155.7792,-0.306322
155.7957,-0.306367
155.8124,-0.306417
155.8288,-0.306468
155.8451,-0.306524
155.8624,-0.306587
155.8791,-0.306649
155.8958,-0.306716
155.9123,-0.306785
155.9298,-0.306848
155.9458,-0.306914
155.9623,-0.306973
155.9798,-0.30703
155.9958,-0.307079
156.0126,-0.307134
156.0296,-0.307189
156.0457,-0.307242
156.0626,-0.307293
156.0791,-0.30735
156.096,-0.307398
156.1131,-0.30745
156.1293,-0.307505
156.1457,-0.307558
156.1626,-0.307607
156.1784,-0.307656
156.1958,-0.307707
156.2119,-0.307761
156.2287,-0.307819
156.2458,-0.307872
156.2621,-0.307926
156.2782,-0.307978
156.2952,-0.308033
156.3124,-0.308087
156.3288,-0.308145
156.3458,-0.308198
156.3615,-0.308256
156.3777,-0.308317
156.3949,-0.308379
156.4124,-0.308437
156.4287,-0.308492
156.446,-0.308547
156.4616,-0.308596
156.4791,-0.308647
156.496,-0.308695
156.5123,-0.308738
156.5288,-0.308776
156.5458,-0.308816
156.5631,-0.308867
156.5796,-0.308923
156.5957,-0.308981
156.6124,-0.309041
156.629,-0.309101
156.6458,-0.309158
156.6622,-0.30921
156.6794,-0.309272
156.6954,-0.30933
156.7122,-0.309373
156.7291,-0.309418
156.7457,-0.309463
156.7633,-0.309507
156.7792,-0.309547
156.7957,-0.309592
156.8123,-0.309638
156.8297,-0.309683
156.8455,-0.309733
156.8628,-0.309787
156.8798,-0.309837
156.8953,-0.309889
156.9127,-0.309949
156.93,-0.310009
156.9454,-0.310059
156.9623,-0.310108
156.9794,-0.310169
156.9966,-0.310228
157.0119,-0.310288
157.0295,-0.310353
157.0464,-0.310415
157.0632,-0.310467
157.0789,-0.310518
157.0958,-0.310569
157.1128,-0.310621
157.1293,-0.310667
157.1461,-0.31071
157.1632,-0.310756
157.1795,-0.310808
157.1963,-0.310861
157.2127,-0.310922
157.2299,-0.310982
157.2459,-0.311041
157.263,-0.311105
157.2802,-0.311173
157.2959,-0.311236
157.3134,-0.311292
157.33,-0.311344
157.3463,-0.311401
157.3636,-0.311469
157.3795,-0.311537
157.3963,-0.311598
157.4129,-0.311652
157.4297,-0.3117
157.446,-0.311749
157.4637,-0.3118
157.4795,-0.31185
157.4965,-0.311896
157.5125,-0.311945
157.5292,-0.311994
157.5467,-0.312047
157.5634,-0.3121
157.58,-0.31215
157.5957,-0.31219
157.6125,-0.312234
157.6288,-0.312283
157.6463,-0.312334
157.662,-0.312391
157.6788,-0.312457
157.6967,-0.312521
157.7132,-0.312582
157.7294,-0.312639
157.7458,-0.312701
157.7629,-0.312763
157.7798,-0.312825
157.7949,-0.312889
157.8128,-0.312955
157.829,-0.313015
157.8455,-0.313075
157.8622,-0.313141
157.8787,-0.313209
157.8962,-0.313268
157.9123,-0.313322
157.9285,-0.313377
157.9454,-0.31343
157.9626,-0.313479
157.9788,-0.313525
157.9954,-0.313566
158.012,-0.313619
158.0287,-0.31368
158.0454,-0.313733
158.0621,-0.313801
158.0787,-0.313874
158.096,-0.313949
158.1122,-0.314019
158.1282,-0.31409
158.1458,-0.314156
158.1627,-0.314214
158.1788,-0.31427
158.1963,-0.314331
158.2125,-0.314386
158.2288,-0.31443
158.2452,-0.31448
158.2622,-0.314525
158.2795,-0.314573
158.2948,-0.314619
158.3123,-0.314662
158.3298,-0.314701
158.3455,-0.314749
158.3624,-0.314798
158.3788,-0.314851
158.3956,-0.31491
158.412,-0.314973
158.4292,-0.315038
158.4455,-0.315099
158.462,-0.31516
158.4798,-0.315212
158.4961,-0.315263
158.5122,-0.315309
158.5289,-0.315353
158.5448,-0.315401
158.5621,-0.315447
158.5786,-0.315498
158.595,-0.315548
158.6116,-0.315598
158.6281,-0.315653
158.6458,-0.315715
158.6615,-0.315782
158.6789,-0.315844
158.6954,-0.315903
158.712,-0.315958
158.7294,-0.316009
158.7454,-0.316065
158.7616,-0.316115
158.7786,-0.31616
158.7944,-0.316203
158.8122,-0.31625
158.829,-0.316306
158.8452,-0.316366
158.8614,-0.316425
158.8789,-0.316485
158.8956,-0.316542
158.9122,-0.316604
158.9287,-0.31667
158.945,-0.316738
158.962,-0.316792
158.9784,-0.316843
158.9955,-0.316898
159.0125,-0.316957
159.0285,-0.317012
159.0452,-0.317057
159.0616,-0.317094
159.0779,-0.317127
159.0956,-0.317165
159.1119,-0.317211
159.1285,-0.317248
159.1448,-0.317288
159.1626,-0.317334
159.1785,-0.317382
159.1956,-0.317441
159.2121,-0.317491
159.2288,-0.317541
159.2457,-0.317589
159.2628,-0.317646
159.2787,-0.317706
159.2954,-0.317768
159.3127,-0.317825
159.3293,-0.317893
159.3463,-0.317955
159.3625,-0.318015
159.3788,-0.318067
159.397,-0.318122
159.4125,-0.318174
159.429,-0.31822
159.4459,-0.318265
159.4622,-0.318314
159.4797,-0.318353
159.4962,-0.318401
159.5127,-0.318454
159.5291,-0.318507
159.5455,-0.318569
159.5617,-0.318626
159.5789,-0.31869
159.5963,-0.318749
159.6131,-0.318808
159.6295,-0.318872
159.6462,-0.318933
159.663,-0.318991
159.6792,-0.319039
159.6962,-0.319088
159.7126,-0.319138
159.7289,-0.319194
159.7462,-0.31925
159.7626,-0.319309
159.7794,-0.31936
159.7962,-0.319411
159.8129,-0.31947
159.829,-0.319521
159.8462,-0.319578
159.8632,-0.319628
159.8796,-0.31968
159.8964,-0.31973
159.9124,-0.319784
159.9296,-0.319833
159.946,-0.319872
159.9632,-0.31991
159.98,-0.319952
159.9967,-0.320003
160.0123,-0.320058
160.0295,-0.320118
160.0461,-0.320182
160.063,-0.320246
160.0807,-0.320302
160.0962,-0.320355
160.1132,-0.32041
160.1307,-0.320448
160.1467,-0.320489
160.1634,-0.320527
160.1797,-0.320571
160.1974,-0.320624
160.2134,-0.320686
160.2303,-0.32075
160.2462,-0.320818
160.2641,-0.320883
160.2805,-0.320948
160.2967,-0.321
160.3134,-0.321047
160.3306,-0.321096
160.347,-0.321142
160.364,-0.321187
160.38,-0.321233
160.3967,-0.321287
160.4136,-0.321338
160.4297,-0.321402
160.4469,-0.321463
160.4631,-0.321526
160.48,-0.321581
160.4965,-0.321635
160.5145,-0.321684
160.5305,-0.321732
160.5473,-0.321779
160.5635,-0.321826
160.5806,-0.321885
160.5975,-0.321945
160.6138,-0.322009
160.6299,-0.322069
160.6469,-0.322133
160.6645,-0.322199
160.6815,-0.322268
160.6971,-0.322329
160.7137,-0.32239
160.7305,-0.322442
160.7481,-0.322495
160.7643,-0.322552
160.7807,-0.322612
160.7978,-0.322673
160.814,-0.322734
160.8316,-0.32279
160.8477,-0.322848
160.8647,-0.322909
160.881,-0.322972
160.8976,-0.323022
160.9139,-0.323073
160.931,-0.323123
160.9483,-0.323169
160.9645,-0.323226
160.9805,-0.323284
160.9977,-0.323343
161.0136,-0.323393
161.0309,-0.323447
161.0475,-0.323505
161.0649,-0.323561
161.0808,-0.323614
161.0969,-0.323671
161.1147,-0.323731
161.1311,-0.323788
161.1466,-0.323839
161.1647,-0.323886
161.1812,-0.323933
161.1981,-0.323983
161.2135,-0.324032
161.2309,-0.324083
161.247,-0.324127
161.2636,-0.324172
161.2805,-0.324223
161.2967,-0.32428
161.3137,-0.324344
161.3304,-0.324405
161.3475,-0.324466
161.3648,-0.324523
161.3809,-0.324586
161.3981,-0.324634
161.4136,-0.324689
161.4309,-0.324742
161.4466,-0.32479
161.4641,-0.324839
161.4803,-0.324888
161.4981,-0.324939
161.5148,-0.324988
161.5303,-0.325039
161.547,-0.325085
161.5636,-0.325134
161.5803,-0.325183
161.5971,-0.325234
161.6133,-0.325291
161.6307,-0.325346
161.6473,-0.325404
161.6637,-0.325463
161.6813,-0.32552
161.697,-0.325576
161.713,-0.325636
161.7301,-0.325699
161.7467,-0.325753
161.7643,-0.325797
161.7802,-0.325839
161.7973,-0.325882
161.814,-0.32593
161.8304,-0.325976
161.8463,-0.326017
161.8645,-0.326057
161.8801,-0.326095
161.8971,-0.326131
161.9137,-0.32617
161.9299,-0.32621
161.9467,-0.326252
161.9626,-0.3263
161.9792,-0.326354
161.9963,-0.326409
162.0129,-0.32647
162.0307,-0.326528
162.0465,-0.326584
162.0631,-0.326643
162.0798,-0.326697
162.0961,-0.326746
162.1133,-0.326788
162.1292,-0.326829
162.146,-0.326874
162.1625,-0.326923
162.1802,-0.326971
162.196,-0.327025
162.2124,-0.327077
162.2298,-0.327127
162.2462,-0.327174
162.2631,-0.327223
162.2797,-0.32727
162.2958,-0.327323
162.3119,-0.327376
162.3291,-0.327433
162.3458,-0.327482
162.3624,-0.327537
162.3796,-0.327596
162.3961,-0.327655
162.412,-0.327713
162.4289,-0.32777
162.446,-0.327826
162.4626,-0.327874
162.4797,-0.32792
162.4964,-0.327966
162.5134,-0.328004
162.5293,-0.328034
162.5455,-0.328061
162.5625,-0.328092
162.5786,-0.328136
162.5954,-0.328182
162.6116,-0.328232
162.6297,-0.32828
162.645,-0.328329
162.6631,-0.328381
162.6793,-0.328438
162.6948,-0.328487
162.7119,-0.328533
162.7291,-0.328589
162.7456,-0.328647
162.7615,-0.328714
162.7787,-0.328783
162.7964,-0.328841
162.8128,-0.328888
162.8295,-0.328937
162.8459,-0.328986
162.8623,-0.329029
162.879,-0.329059
162.8956,-0.329088
162.9118,-0.329124
162.9291,-0.329162
162.9462,-0.329199
162.9618,-0.329237
162.9789,-0.329269
162.9957,-0.32931
163.0121,-0.329351
163.0286,-0.329395
163.0453,-0.329447
163.0627,-0.329498
163.0787,-0.329554
163.0955,-0.329618
163.1118,-0.329677
163.1292,-0.329726
163.1451,-0.329771
163.1628,-0.329817
163.1785,-0.329857
163.1954,-0.329903
163.2119,-0.329942
163.2281,-0.329985
163.2457,-0.330025
163.2619,-0.33007
163.2794,-0.330115
163.2952,-0.330156
163.3127,-0.330193
163.3291,-0.330228
163.3455,-0.330263
163.362,-0.330296
163.3781,-0.330336
163.3944,-0.330386
163.4122,-0.330439
163.4287,-0.330493
163.4447,-0.330546
163.4622,-0.330595
163.4798,-0.330642
163.4955,-0.330683
163.5126,-0.330726
163.5287,-0.330776
163.5449,-0.330826
163.5623,-0.330869
163.5786,-0.330912
163.5955,-0.33095
163.6121,-0.330991
163.6295,-0.331035
163.6454,-0.331069
163.6619,-0.331106
163.6794,-0.331142
163.6958,-0.331179
163.7126,-0.331226
163.728,-0.331275
163.745,-0.331318
163.7623,-0.33136
163.7784,-0.3314
163.7958,-0.331441
163.8124,-0.331487
163.8287,-0.33153
163.845,-0.331565
163.8617,-0.331605
163.8785,-0.331649
163.8958,-0.331695
163.9121,-0.331741
163.929,-0.331784
163.946,-0.331826
163.9626,-0.331868
163.979,-0.331908
163.9959,-0.331949
164.0128,-0.331987
164.0296,-0.332024
164.0457,-0.332058
164.0629,-0.332097
164.0794,-0.332126
164.0954,-0.332164
164.1127,-0.3322
164.1288,-0.332232
164.1459,-0.332264
164.1626,-0.332299
164.1799,-0.332335
164.1965,-0.332374
164.2126,-0.332418
164.2294,-0.332463
164.2462,-0.332501
164.2628,-0.332538
164.2797,-0.33257
164.2968,-0.332607
164.3129,-0.332644
164.3298,-0.332685
164.3467,-0.332729
164.3636,-0.33277
164.3803,-0.332807
164.3963,-0.332846
164.4128,-0.332887
164.4295,-0.332922
164.4469,-0.33296
164.4635,-0.333
164.4796,-0.333039
164.4969,-0.333092
164.5141,-0.333149
164.5304,-0.333204
164.5464,-0.333261
164.5637,-0.333317
164.5806,-0.333366
164.5969,-0.333414
164.6135,-0.333463
164.6306,-0.333513
164.647,-0.333561
164.6642,-0.33361
164.681,-0.333659
164.697,-0.333709
164.714,-0.333762
164.7305,-0.333814
164.7475,-0.333867
164.7639,-0.333926
164.7803,-0.33398
164.7976,-0.334034
164.8134,-0.33409
164.8319,-0.334146
164.8485,-0.33421
164.8643,-0.334264
164.8812,-0.334304
164.8978,-0.334352
164.9141,-0.334395
164.9314,-0.334432
164.948,-0.334487
164.9633,-0.334539
164.981,-0.334591
164.9972,-0.334649
165.0133,-0.3347
165.0312,-0.334755
165.0473,-0.334812
165.0634,-0.334869
165.0804,-0.334927
165.0966,-0.334984
165.1138,-0.335033
165.1303,-0.33509
165.147,-0.335147
165.1638,-0.335201
165.1806,-0.335257
165.1966,-0.33531
165.2139,-0.335363
165.2302,-0.335414
165.247,-0.335472
165.263,-0.335536
165.2807,-0.335596
165.2968,-0.335652
165.3136,-0.335699
165.3304,-0.335745
165.3474,-0.335785
165.3635,-0.335827
165.3802,-0.335867
165.3969,-0.335912
165.413,-0.335965
165.4294,-0.336022
165.4467,-0.336082
165.463,-0.336138
165.4805,-0.336183
165.4972,-0.33623
165.5139,-0.336274
165.5303,-0.336313
165.5457,-0.336351
165.562,-0.336391
165.58,-0.336436
165.5962,-0.336483
165.6129,-0.336537
165.6299,-0.336591
165.6466,-0.336637
165.6633,-0.336679
165.6799,-0.336719
165.6965,-0.336772
165.7128,-0.33683
165.7293,-0.336877
165.7461,-0.336927
165.7626,-0.336976
165.7796,-0.337016
165.7965,-0.337055
165.8126,-0.337096
165.8303,-0.337132
165.8458,-0.337167
165.8623,-0.337195
165.8796,-0.337225
165.8958,-0.337268
165.9126,-0.337312
165.9286,-0.337362
165.9454,-0.337408
165.9619,-0.337451
165.9785,-0.33749
165.9965,-0.337534
166.0126,-0.337583
166.0292,-0.33763
166.0459,-0.337678
166.0623,-0.337725
166.0782,-0.337767
166.096,-0.337807
166.1123,-0.337848
166.1299,-0.337882
166.1456,-0.337918
166.1626,-0.337948
166.1792,-0.33797
166.1955,-0.337992
166.2124,-0.338019
166.2297,-0.338053
166.2457,-0.338091
166.2624,-0.338135
166.2794,-0.338184
166.296,-0.338229
166.3128,-0.338269
166.3287,-0.338308
166.3456,-0.338338
166.3624,-0.33837
166.3789,-0.338404
166.396,-0.338438
166.4123,-0.33847
166.4285,-0.338505
166.4457,-0.338546
166.463,-0.338587
166.4785,-0.338624
166.4959,-0.338663
166.5126,-0.338705
166.5296,-0.33874
166.546,-0.338772
166.5618,-0.33881
166.5786,-0.33884
166.5968,-0.338871
166.6119,-0.338902
166.6292,-0.338935
166.6453,-0.338968
166.6629,-0.339005
166.6795,-0.339044
166.6958,-0.33909
166.7123,-0.33914
166.7291,-0.339187
166.7459,-0.339232
166.763,-0.339274
166.7792,-0.339312
166.7964,-0.339356
166.8125,-0.339393
166.8295,-0.339425
166.8452,-0.339453
166.8623,-0.339482
166.8797,-0.33951
166.896,-0.339544
166.9128,-0.339582
166.9288,-0.339621
166.946,-0.339651
166.9629,-0.339682
166.9796,-0.339713
166.9962,-0.339751
167.0123,-0.339786
167.0282,-0.339827
167.0461,-0.339869
167.0621,-0.339908
167.0795,-0.339949
167.0955,-0.339991
167.1131,-0.340027
167.1288,-0.34006
167.1462,-0.340093
167.1628,-0.340119
167.1794,-0.340162
167.1961,-0.340202
167.2129,-0.340242
167.2288,-0.340281
167.2456,-0.340318
167.2639,-0.34036
167.2792,-0.3404
167.2956,-0.340446
167.3125,-0.340491
167.3304,-0.340532
167.3463,-0.340562
167.3629,-0.340599
167.3799,-0.340638
167.3967,-0.340676
167.4125,-0.340713
167.4295,-0.340754
167.4464,-0.340795
167.4636,-0.340831
167.4805,-0.340873
167.4973,-0.340915
167.5136,-0.34096
167.5296,-0.341007
167.5473,-0.341052
167.5636,-0.341093
167.5805,-0.34114
167.5973,-0.341183
167.6139,-0.341228
167.6299,-0.341261
167.6463,-0.341292
167.6643,-0.341326
167.6804,-0.341352
167.6969,-0.341381
167.7137,-0.34141
167.7298,-0.341445
167.7468,-0.341478
167.7633,-0.341522
167.7801,-0.341563
167.7969,-0.341604
167.8137,-0.341644
167.8308,-0.341674
167.848,-0.341709
167.8639,-0.341738
167.8802,-0.341765
167.8967,-0.34179
167.9131,-0.341814
167.9303,-0.341839
167.947,-0.34187
167.9633,-0.341903
167.9805,-0.341936
167.9969,-0.341969
168.0128,-0.341996
168.0306,-0.342034
168.0466,-0.342076
168.0633,-0.342124
168.0798,-0.342167
168.0967,-0.342217
168.1141,-0.342266
168.1303,-0.342317
168.1467,-0.342357
168.164,-0.342393
168.1809,-0.34243
168.1972,-0.342469
168.214,-0.3425
168.23,-0.342528
168.2471,-0.342559
168.2646,-0.34259
168.2811,-0.34262
168.297,-0.342647
168.3137,-0.342671
168.3303,-0.342699
168.3475,-0.342726
168.3643,-0.342758
168.3807,-0.342798
168.3974,-0.342836
168.4141,-0.34288
168.4308,-0.342931
168.4475,-0.342972
168.4651,-0.343008
168.4809,-0.343041
168.4983,-0.343081
168.5149,-0.343114
168.5311,-0.343149
168.5476,-0.343188
168.5645,-0.343233
168.5811,-0.343274
168.5981,-0.343313
168.6147,-0.343353
168.632,-0.34339
168.6485,-0.343423
168.6649,-0.343457
168.6818,-0.343487
168.698,-0.343513
168.7155,-0.34354
168.7317,-0.34357
168.7481,-0.34361
168.7646,-0.343646
168.7822,-0.343691
168.7989,-0.343728
168.8151,-0.343768
168.8329,-0.34381
168.848,-0.343853
168.8657,-0.343889
168.8824,-0.343923
168.8977,-0.343958
168.9149,-0.343991
168.9324,-0.344029
168.949,-0.344061
168.965,-0.344097
168.9823,-0.344135
168.999,-0.344176
169.0158,-0.344218
169.032,-0.344263
169.0498,-0.344308
169.0658,-0.344348
169.0817,-0.344389
169.0989,-0.344429
169.115,-0.34447
169.1319,-0.344502
169.1486,-0.344535
169.166,-0.344566
169.1818,-0.344605
169.1989,-0.344648
169.215,-0.344687
169.232,-0.344725
169.2492,-0.344767
169.2661,-0.344813
169.2815,-0.344859
169.2997,-0.344912
169.3158,-0.344957
169.3319,-0.344996
169.3493,-0.345033
169.3656,-0.345073
169.382,-0.34511
169.3988,-0.345147
169.4148,-0.345186
169.4323,-0.345229
169.4485,-0.345276
169.4662,-0.345322
169.4822,-0.345368
169.4996,-0.345413
169.5159,-0.345459
169.5333,-0.345499
169.549,-0.345538
169.5655,-0.345579
169.5816,-0.345613
169.5984,-0.34564
169.6156,-0.345669
169.6322,-0.3457
169.6485,-0.345731
169.6651,-0.345762
169.6817,-0.345795
169.6991,-0.34583
169.716,-0.345875
169.7322,-0.345931
169.7491,-0.345999
169.7654,-0.346052
169.7819,-0.3461
169.7991,-0.346146
169.8161,-0.346192
169.8324,-0.346237
169.8485,-0.346284
169.8659,-0.346332
169.8824,-0.346369
169.8985,-0.346404
169.9149,-0.346437
169.9324,-0.346477
169.9489,-0.346512
169.9655,-0.34654
169.9827,-0.346564
169.9988,-0.346585
170.0159,-0.346614
170.0318,-0.346649
170.0489,-0.346692
170.0652,-0.346733
170.0822,-0.346776
170.0988,-0.346815
170.1148,-0.346861
170.1323,-0.346905
170.1493,-0.346941
170.1653,-0.346965
170.1819,-0.346993
170.1995,-0.347025
170.2157,-0.347054
170.2314,-0.347087
170.2489,-0.347125
170.2655,-0.34716
170.2818,-0.347192
170.2987,-0.34723
170.3157,-0.347262
170.3321,-0.347287
170.3487,-0.34731
170.365,-0.347333
170.3815,-0.347355
170.3987,-0.347379
170.4147,-0.347404
170.4313,-0.347438
170.4484,-0.347472
170.4648,-0.347507
170.4821,-0.347539
170.4993,-0.347569
170.515,-0.347596
170.5319,-0.347625
170.5482,-0.347653
170.5648,-0.347677
170.5821,-0.347705
170.5985,-0.34773
170.6153,-0.347761
170.632,-0.347794
170.6487,-0.34782
170.6659,-0.347851
170.6818,-0.347877
170.6985,-0.347907
170.7155,-0.347937
170.7317,-0.347965
170.7494,-0.347995
170.7657,-0.348024
170.782,-0.34805
170.7983,-0.348077
170.8156,-0.348103
170.8321,-0.348125
170.8486,-0.348152
170.8656,-0.348177
170.8823,-0.348206
170.8988,-0.348242
170.9151,-0.34828
170.9323,-0.348318
170.9482,-0.348356
170.9655,-0.348391
170.9817,-0.348418
170.9987,-0.348449
171.0159,-0.348477
171.0327,-0.348507
171.0483,-0.348533
171.0652,-0.348562
171.0814,-0.348598
171.0985,-0.348635
171.1154,-0.34867
171.1327,-0.348708
171.1488,-0.348741
171.1655,-0.348773
171.1823,-0.348804
171.1982,-0.348844
171.215,-0.34888
171.2317,-0.348912
171.248,-0.348943
171.265,-0.348977
171.2817,-0.349012
171.2984,-0.34905
171.3152,-0.349094
171.3323,-0.349144
171.349,-0.349189
171.3656,-0.349221
171.3819,-0.349248
171.3996,-0.349282
171.415,-0.349312
171.4324,-0.349336
171.4481,-0.34936
171.4655,-0.349379
171.482,-0.349402
171.4993,-0.34943
171.5155,-0.34946
171.532,-0.349496
171.5489,-0.349535
171.5652,-0.349576
171.5814,-0.349625
171.5983,-0.34967
171.6152,-0.349718
171.6318,-0.349761
171.6496,-0.349801
171.6661,-0.349837
171.682,-0.349864
171.6994,-0.349883
171.7155,-0.349906
171.7313,-0.349928
171.748,-0.349957
171.7657,-0.349991
171.7822,-0.350025
171.7984,-0.350058
171.8141,-0.350093
171.8318,-0.350127
171.8487,-0.350158
171.8652,-0.3502
171.881,-0.350236
171.8985,-0.350268
171.9145,-0.350293
171.931,-0.350322
171.9494,-0.350349
171.9646,-0.350383
171.9815,-0.350414
171.9979,-0.350445
172.0156,-0.350478
172.0322,-0.350505
172.0493,-0.350542
172.0649,-0.350584
172.0818,-0.350618
172.0984,-0.35065
172.1148,-0.350676
172.1315,-0.350695
172.1486,-0.350725
172.1647,-0.35075
172.1815,-0.350775
172.1984,-0.350797
172.2146,-0.350815
172.2321,-0.350841
172.2478,-0.350872
172.2646,-0.350897
172.2815,-0.350925
172.2984,-0.350964
172.315,-0.351001
172.3324,-0.351036
172.3481,-0.351063
172.366,-0.351096
172.3821,-0.351125
172.3988,-0.351152
172.4146,-0.351181
172.4319,-0.351211
172.4489,-0.351242
172.4653,-0.351276
172.4818,-0.351316
172.4985,-0.351362
172.5156,-0.351399
172.5316,-0.351429
172.5492,-0.351451
172.566,-0.351469
172.5826,-0.351482
172.5989,-0.351499
172.6154,-0.351519
172.6316,-0.351539
172.6484,-0.351556
172.6652,-0.351578
172.6812,-0.351604
172.6982,-0.351631
172.7151,-0.351665
172.7317,-0.351697
172.7483,-0.351734
172.7645,-0.351779
172.7816,-0.351823
172.798,-0.351859
172.8148,-0.351898
172.8315,-0.351939
172.8476,-0.35198
172.8653,-0.352014
172.8816,-0.352046
172.8979,-0.352076
172.9151,-0.352103
172.9319,-0.35213
172.9483,-0.352164
172.9647,-0.352203
172.9813,-0.352238
172.9976,-0.352273
173.0149,-0.352308
173.0318,-0.35234
173.0476,-0.352374
173.0643,-0.35241
173.0807,-0.352451
173.0979,-0.352498
173.1137,-0.352537
173.1313,-0.352582
173.1477,-0.352611
173.164,-0.352633
173.1813,-0.352658
173.1978,-0.352682
173.2152,-0.352707
173.2308,-0.352735
173.2479,-0.352771
173.2648,-0.352804
173.2815,-0.352841
173.2976,-0.352868
173.315,-0.352897
173.331,-0.352916
173.3483,-0.352938
173.3645,-0.352968
173.3802,-0.352993
173.3984,-0.353016
173.4152,-0.353049
173.4312,-0.353084
173.4485,-0.353121
173.4648,-0.353156
173.4816,-0.353192
173.4986,-0.35322
173.5155,-0.35325
173.5317,-0.353285
173.548,-0.353321
173.565,-0.353351
173.5814,-0.353381
173.5983,-0.353408
173.6152,-0.353433
173.6326,-0.353452
173.6484,-0.353477
173.6657,-0.353503
173.6814,-0.35352
173.6986,-0.35354
173.7144,-0.353561
173.7321,-0.353588
173.748,-0.353622
173.7654,-0.353661
173.7818,-0.353702
173.7981,-0.353739
173.8152,-0.353778
173.8319,-0.353827
173.8481,-0.353869
173.8657,-0.353909
173.8816,-0.353934
173.899,-0.353954
173.915,-0.353981
173.9319,-0.354012
173.9486,-0.354037
173.9647,-0.354051
173.9816,-0.354074
173.9988,-0.354099
174.0155,-0.354128
174.0325,-0.354158
174.0483,-0.354186
174.0656,-0.354215
174.082,-0.354252
174.0984,-0.354298
174.1151,-0.354344
174.1317,-0.354391
174.1487,-0.354431
174.1657,-0.354475
174.1826,-0.354522
174.1996,-0.354558
174.216,-0.35459
174.2317,-0.354615
174.2493,-0.354638
174.2662,-0.354663
174.2824,-0.354686
174.2995,-0.354712
174.3151,-0.354742
174.333,-0.35477
174.3498,-0.354798
174.3653,-0.354831
174.3824,-0.354866
174.4001,-0.354898
174.4165,-0.354929
174.4329,-0.354966
174.4498,-0.355009
174.4668,-0.355047
174.4829,-0.355081
174.5001,-0.355119
174.5161,-0.355151
174.5329,-0.355183
174.5499,-0.355212
174.5665,-0.35524
174.5832,-0.355261
174.5994,-0.355283
174.6164,-0.355309
174.6327,-0.355337
174.6501,-0.355368
174.6655,-0.355408
174.6831,-0.355445
174.6999,-0.355478
174.716,-0.355508
174.7339,-0.355533
174.7502,-0.355554
174.7661,-0.355575
174.782,-0.355593
174.7997,-0.355612
174.816,-0.355636
174.8332,-0.35567
174.8497,-0.355712
174.8667,-0.35575
174.8832,-0.355784
174.9004,-0.355819
174.9171,-0.355848
174.9336,-0.355878
174.9493,-0.355906
174.966,-0.355932
174.9825,-0.355955
175.0,-0.355979
175.0161,-0.356005
175.0329,-0.356039
175.0502,-0.356078
175.0669,-0.356108
175.0838,-0.356141
175.0998,-0.356167
175.1167,-0.356193
175.1333,-0.356217
175.1495,-0.356243
175.1668,-0.356273
175.183,-0.356311
175.2,-0.356341
175.2168,-0.356377
175.2336,-0.356417
175.2507,-0.356458
175.2667,-0.356501
175.2835,-0.356535
175.3013,-0.356575
175.3174,-0.356615
175.3338,-0.356646
175.3511,-0.356674
175.3671,-0.356706
175.3843,-0.356727
175.4007,-0.356747
175.4171,-0.356766
175.4339,-0.356787
175.4501,-0.356808
175.4672,-0.356832
175.4838,-0.356855
175.5011,-0.356879
175.5171,-0.356901
175.5343,-0.356925
175.5507,-0.35695
175.5674,-0.356976
175.5835,-0.357009
175.6008,-0.357038
175.617,-0.357069
175.6327,-0.357101
175.6505,-0.357132
175.6677,-0.357156
175.6842,-0.357165
175.7009,-0.357182
175.718,-0.357207
175.733,-0.357226
175.7505,-0.35726
175.7663,-0.357294
175.7844,-0.357329
175.8002,-0.35736
175.8175,-0.357391
175.8347,-0.35742
175.8508,-0.357441
175.8672,-0.357451
175.8836,-0.357456
175.9016,-0.357461
175.9171,-0.357472
175.934,-0.357492
175.9503,-0.357519
175.9669,-0.357549
175.9832,-0.357584
176.0007,-0.357626
176.0173,-0.357658
176.0341,-0.35769
176.0512,-0.357712
176.0678,-0.357733
176.0844,-0.35775
176.1007,-0.357765
176.1176,-0.357788
176.1339,-0.35781
176.1516,-0.357838
176.1678,-0.357864
176.184,-0.357897
176.2007,-0.357931
176.2172,-0.357957
176.234,-0.357976
176.2508,-0.357997
176.2672,-0.358019
176.2847,-0.358036
176.3007,-0.358047
176.3168,-0.358059
176.3338,-0.358066
176.3508,-0.358072
176.3675,-0.358084
176.3836,-0.358105
176.4007,-0.358137
176.4172,-0.358164
176.4338,-0.358193
176.451,-0.358227
176.4673,-0.358255
176.4841,-0.358283
176.5005,-0.358311
176.5179,-0.358333
176.5347,-0.358353
176.5497,-0.358372
176.568,-0.358382
176.5842,-0.358389
176.6011,-0.358403
176.6167,-0.358412
176.634,-0.358435
176.6505,-0.358452
176.6675,-0.358476
176.6849,-0.358492
176.6997,-0.358509
176.717,-0.358529
176.7338,-0.358549
176.7507,-0.358579
176.7668,-0.3586
176.784,-0.358623
176.8004,-0.358638
176.8167,-0.358655
176.8345,-0.358672
176.8501,-0.358689
176.8669,-0.358702
176.8835,-0.358711
176.9001,-0.358727
176.9174,-0.358746
176.9334,-0.358767
176.9497,-0.358791
176.9666,-0.358815
176.9836,-0.358841
177.0002,-0.358861
177.0173,-0.358883
177.0326,-0.3589
177.0505,-0.358909
177.0665,-0.358917
177.0829,-0.358935
177.1005,-0.358951
177.1172,-0.358977
177.1334,-0.358988
177.1498,-0.359013
177.1677,-0.359031
177.1838,-0.359043
177.2,-0.359057
177.2168,-0.359066
177.2341,-0.359066
177.2497,-0.359067
177.2669,-0.35908
177.2836,-0.359084
177.3004,-0.359087
177.3163,-0.359097
177.3339,-0.359114
177.3513,-0.359127
177.3663,-0.359131
177.383,-0.359149
177.4005,-0.359164
177.4173,-0.359174
177.4326,-0.359177
177.4502,-0.359195
177.4674,-0.359212
177.4837,-0.359224
177.5009,-0.359239
177.5172,-0.359252
177.5351,-0.359264
177.5506,-0.35927
177.567,-0.359278
177.5839,-0.359286
177.6008,-0.359291
177.6175,-0.359292
177.6338,-0.359296
177.6507,-0.35931
177.6668,-0.359324
177.6836,-0.359344
177.7003,-0.359362
177.7178,-0.359379
177.7349,-0.359391
177.7509,-0.359401
177.7675,-0.359407
177.7835,-0.359416
177.8002,-0.359422
177.8166,-0.359433
177.8336,-0.359441
177.8512,-0.35945
177.8683,-0.359457
177.8844,-0.359465
177.9005,-0.359475
177.9172,-0.359483
177.9337,-0.359487
177.9507,-0.359488
177.9676,-0.359494
177.9839,-0.359506
178.0014,-0.359524
178.0175,-0.359543
178.0345,-0.359569
178.0512,-0.359592
178.0681,-0.359622
178.0842,-0.359646
178.1009,-0.359679
178.118,-0.35971
178.1343,-0.359733
178.1509,-0.359754
178.1675,-0.359769
178.1848,-0.359782
178.2012,-0.359787
178.2178,-0.359794
178.2346,-0.35981
178.251,-0.359826
178.2681,-0.35984
178.2842,-0.359856
178.2999,-0.359886
178.3181,-0.359913
178.3345,-0.359933
178.3524,-0.359952
178.3678,-0.359979
178.3853,-0.359995
178.4017,-0.360008
178.4173,-0.360028
178.4345,-0.360046
178.4518,-0.360068
178.4673,-0.36009
178.485,-0.360117
178.5017,-0.360153
178.5186,-0.360183
178.5355,-0.360213
178.552,-0.360246
178.5687,-0.36028
178.5847,-0.360312
178.6019,-0.360345
178.6182,-0.360363
178.6352,-0.360373
178.6521,-0.360382
178.6691,-0.360391
178.6853,-0.360411
178.7013,-0.360433
178.7187,-0.360455
178.735,-0.360476
178.7519,-0.360494
178.7693,-0.360511
178.7859,-0.360528
178.8016,-0.360542
178.8186,-0.360568
178.8348,-0.360583
178.8518,-0.360599
178.8693,-0.360619
178.8855,-0.360644
178.9018,-0.360669
178.9181,-0.360695
178.9347,-0.36072
178.9522,-0.360742
178.9682,-0.360771
178.9844,-0.360799
179.0014,-0.36083
179.0189,-0.360866
179.0348,-0.360896
179.052,-0.360923
179.0687,-0.360944
179.0854,-0.360967
179.1026,-0.360982
179.1187,-0.36099
179.1349,-0.360998
179.1518,-0.361014
179.1695,-0.361023
179.185,-0.361038
179.2016,-0.361064
179.2188,-0.361095
179.2347,-0.36113
179.2509,-0.361156
179.2684,-0.361192
179.2852,-0.361228
179.3019,-0.36126
179.3188,-0.36129
179.3349,-0.361312
179.3525,-0.36133
179.3684,-0.361346
179.3853,-0.361364
179.4021,-0.361378
179.4184,-0.361396
179.4347,-0.361412
179.4517,-0.361426
179.4688,-0.361446
179.4846,-0.361471
179.5019,-0.361495
179.5188,-0.361523
179.5345,-0.361554
179.5515,-0.361585
179.5684,-0.361606
179.5855,-0.361623
179.6019,-0.361636
179.6186,-0.361651
179.6345,-0.361662
179.6514,-0.361671
179.6682,-0.361673
179.6851,-0.361678
179.7016,-0.361692
179.7186,-0.361699
179.7349,-0.361716
179.7515,-0.361738
179.7686,-0.361754
179.7851,-0.361774
179.8011,-0.361791
179.8182,-0.361802
179.835,-0.36182
179.8514,-0.361839
179.8683,-0.361861
179.8847,-0.361882
179.9016,-0.361893
179.9179,-0.361903
179.9346,-0.361917
179.9513,-0.361932
179.9685,-0.361948
179.9847,-0.361959
180.0013,-0.361972
180.019,-0.361981
180.0346,-0.361987
180.0515,-0.361988
180.0674,-0.361996
180.0851,-0.362015
180.1012,-0.362034
180.1185,-0.362054
180.1342,-0.362074
180.1515,-0.362091
180.1673,-0.362103
180.1854,-0.36212
180.2017,-0.362142
180.2187,-0.362155
180.235,-0.362157
180.2516,-0.362166
180.2684,-0.362183
180.2848,-0.362187
180.3016,-0.362186
180.3183,-0.36218
180.3346,-0.36218
180.3522,-0.362184
180.3681,-0.362195
180.3846,-0.362206
180.4014,-0.362214
180.4186,-0.362234
180.4352,-0.362252
180.4524,-0.362273
180.4685,-0.362292
180.4847,-0.362313
180.5022,-0.362334
180.5186,-0.362353
180.5353,-0.362372
180.5522,-0.36239
180.5682,-0.362406
180.5844,-0.362425
180.6018,-0.362435
180.6179,-0.362449
180.6348,-0.362462
180.652,-0.362472
180.6682,-0.362488
180.6858,-0.362503
180.7021,-0.362518
180.7186,-0.362534
180.7355,-0.362555
180.7513,-0.362575
180.7679,-0.362593
180.7856,-0.362611
180.8021,-0.362631
180.819,-0.362652
180.8357,-0.362672
180.8517,-0.362692
180.8693,-0.362708
180.8856,-0.362727
180.9021,-0.362748
180.9178,-0.362775
180.9352,-0.362802
180.9518,-0.362823
180.9689,-0.36284
180.9861,-0.362858
181.0024,-0.36288
181.019,-0.362902
181.0349,-0.362921
181.0519,-0.36294
181.0689,-0.362964
181.0856,-0.362987
181.1021,-0.363011
181.1184,-0.363035
181.1354,-0.363051
181.1524,-0.363066
181.1683,-0.363085
181.1858,-0.363104
181.2019,-0.363128
181.2194,-0.363152
181.2359,-0.363186
181.2522,-0.363213
181.2689,-0.363233
181.2857,-0.363255
181.302,-0.363267
181.3195,-0.363273
181.3356,-0.363277
181.3523,-0.363282
181.3689,-0.363296
181.385,-0.363317
181.4018,-0.36334
181.4185,-0.363369
181.4357,-0.3634
181.4529,-0.363433
181.4692,-0.36347
181.4853,-0.363501
181.5025,-0.363523
181.5195,-0.363539
181.5363,-0.363548
181.5524,-0.36356
181.5686,-0.363577
181.5857,-0.363589
181.6027,-0.363592
181.6188,-0.363603
181.6357,-0.363623
181.6525,-0.363638
181.6688,-0.363664
181.6859,-0.363691
181.7031,-0.363716
181.7194,-0.363744
181.7355,-0.363768
181.7525,-0.363788
181.7695,-0.363802
181.7856,-0.363818
181.8024,-0.363837
181.8192,-0.36386
181.8362,-0.363876
181.8535,-0.363899
181.8689,-0.363926
181.8862,-0.36396
181.903,-0.363993
181.919,-0.364023
181.9363,-0.364039
181.9532,-0.36406
181.9691,-0.364078
181.9864,-0.364097
182.0026,-0.364112
182.0189,-0.364115
182.0361,-0.364119
182.0533,-0.364131
182.0697,-0.364142
182.0857,-0.364157
182.1028,-0.364181
182.1193,-0.364201
182.1362,-0.36422
182.1524,-0.36423
182.1693,-0.36424
182.187,-0.364247
182.2031,-0.364255
182.2197,-0.364278
182.2347,-0.364301
182.2523,-0.364323
182.2684,-0.364338
182.2867,-0.364365
182.3035,-0.36439
182.3197,-0.364424
182.3365,-0.364448
182.3535,-0.364471
182.3706,-0.364485
182.3863,-0.364503
182.4032,-0.364524
182.4198,-0.364545
182.4363,-0.364561
182.4527,-0.364577
182.4702,-0.364597
182.4865,-0.364618
182.5026,-0.364639
182.5202,-0.364663
182.536,-0.364687
182.5532,-0.364713
182.5705,-0.364739
182.5869,-0.364765
182.6037,-0.364792
182.6203,-0.364817
182.6372,-0.364839
182.6535,-0.364858
182.6698,-0.364875
182.6872,-0.364887
182.7041,-0.364902
182.7202,-0.364912
182.7359,-0.364929
182.7522,-0.364947
182.7699,-0.364961
182.7861,-0.364989
182.8027,-0.365017
182.8193,-0.365045
182.8364,-0.365071
182.8534,-0.365088
182.8707,-0.365103
182.8861,-0.365118
182.9033,-0.365134
182.9193,-0.36515
182.9362,-0.365166
182.9527,-0.36519
182.9695,-0.365221
182.9866,-0.365252
183.0032,-0.365286
183.0193,-0.365314
183.0365,-0.365342
183.0527,-0.365364
183.0698,-0.365383
183.0859,-0.365402
183.102,-0.365425
183.1196,-0.365445
183.1359,-0.365472
183.1533,-0.365501
183.1693,-0.365535
183.1864,-0.365567
183.2037,-0.365597
183.2198,-0.365623
183.2364,-0.365645
183.2534,-0.365666
183.2695,-0.365681
183.2861,-0.36569
183.3024,-0.365692
183.3193,-0.365696
183.3362,-0.36571
183.3524,-0.365731
183.3692,-0.365751
183.3852,-0.36577
183.4028,-0.365786
183.4195,-0.365808
183.4364,-0.365829
183.4532,-0.365846
183.4696,-0.365854
183.4861,-0.365864
183.503,-0.365872
183.5194,-0.365883
183.5355,-0.365896
183.5521,-0.365914
183.5691,-0.365936
183.5858,-0.365959
183.6026,-0.36599
183.6196,-0.366018
183.6358,-0.366037
183.6532,-0.366049
183.6696,-0.366065
183.6857,-0.366082
183.7027,-0.366095
183.7194,-0.366117
183.7356,-0.366147
183.753,-0.366183
183.7703,-0.366218
183.7859,-0.366252
183.8032,-0.36628
183.8197,-0.366294
183.8359,-0.3663
183.8527,-0.366302
183.8693,-0.366306
183.8862,-0.366301
183.9036,-0.366304
183.9198,-0.366306
183.9358,-0.36631
183.9522,-0.366312
183.9692,-0.366319
183.9855,-0.366328
184.0022,-0.366343
184.0201,-0.366357
184.0355,-0.366373
184.0531,-0.366393
184.0698,-0.366407
184.0857,-0.36642
184.103,-0.366432
184.1199,-0.36645
184.1363,-0.366467
184.1527,-0.366486
184.1692,-0.366513
184.1859,-0.366538
184.2027,-0.366557
184.2197,-0.366573
184.2368,-0.366583
184.2531,-0.366595
184.2691,-0.366605
184.2864,-0.366609
184.3029,-0.366617
184.3189,-0.366629
184.3361,-0.366644
184.3531,-0.366662
184.3701,-0.366675
184.3861,-0.366692
184.4027,-0.366712
184.419,-0.366734
184.436,-0.366754
184.4524,-0.366773
184.4695,-0.366795
184.4868,-0.366808
184.5032,-0.366824
184.5201,-0.366843
184.5365,-0.366864
184.5529,-0.366889
184.5693,-0.366913
184.5862,-0.366932
184.6033,-0.36695
184.62,-0.366966
184.6373,-0.366979
184.6533,-0.366999
184.67,-0.367018
184.6865,-0.367033
184.7034,-0.367052
184.7192,-0.36707
184.7361,-0.367091
184.7537,-0.367114
184.7697,-0.367129
184.7869,-0.367143
184.8027,-0.367155
184.8194,-0.367171
184.8365,-0.367185
184.8535,-0.367206
184.8703,-0.367237
184.8867,-0.36727
184.9035,-0.367298
184.92,-0.36733
184.937,-0.367359
184.9534,-0.367381
184.9698,-0.367402
184.9867,-0.367422
185.0034,-0.367443
185.0207,-0.367463
185.0369,-0.367487
185.0541,-0.367517
185.0702,-0.367537
185.0869,-0.367558
185.1034,-0.367582
185.1203,-0.367602
185.1376,-0.367614
185.1532,-0.367636
185.1705,-0.36766
185.1872,-0.367679
185.204,-0.367697
185.2204,-0.367717
185.2372,-0.367744
185.2537,-0.367767
185.2702,-0.367791
185.2872,-0.367818
185.3031,-0.367842
185.3205,-0.367858
185.3371,-0.367877
185.3545,-0.367903
185.3703,-0.367921
185.3866,-0.367941
185.403,-0.367962
185.4196,-0.367983
185.4363,-0.368003
185.4531,-0.36803
185.4697,-0.368062
185.4867,-0.368094
185.5036,-0.368125
185.5205,-0.368157
185.537,-0.368194
185.5534,-0.368225
185.5698,-0.368241
185.587,-0.368253
185.6037,-0.368262
185.6207,-0.368274
185.6369,-0.368292
185.6535,-0.368313
185.6696,-0.36833
185.6864,-0.368354
185.7032,-0.368379
185.7201,-0.368416
185.7362,-0.368455
185.7528,-0.368488
185.7703,-0.368513
185.7873,-0.368531
185.8036,-0.368546
185.8203,-0.368564
185.8364,-0.368583
185.8535,-0.368602
185.8691,-0.368622
185.8866,-0.368643
185.9032,-0.368667
185.9209,-0.368688
185.937,-0.368706
185.9533,-0.368719
185.9698,-0.368723
185.9859,-0.368732
186.003,-0.368745
186.0197,-0.368768
186.0368,-0.368793
186.0537,-0.368815
186.0707,-0.368828
186.0873,-0.368841
186.1034,-0.368865
186.1205,-0.368894
186.1372,-0.368917
186.1536,-0.36893
186.17,-0.368939
186.1869,-0.368952
186.2039,-0.36896
186.22,-0.368962
186.2369,-0.368962
186.2528,-0.368954
186.2701,-0.36895
186.2867,-0.368949
186.3026,-0.368955
186.3193,-0.36897
186.3368,-0.36899
186.3532,-0.369012
186.3698,-0.369038
186.3869,-0.369065
186.4043,-0.369085
186.4197,-0.369102
186.4368,-0.369118
186.4531,-0.369138
186.47,-0.369151
186.4869,-0.369165
186.5024,-0.369181
186.5207,-0.3692
186.537,-0.36922
186.5532,-0.369235
186.5706,-0.369249
186.5863,-0.369261
186.6027,-0.369269
186.6198,-0.36928
186.636,-0.369295
186.6531,-0.369309
186.6695,-0.369324
186.6866,-0.369344
186.7036,-0.369377
186.7195,-0.369411
186.7362,-0.369445
186.7526,-0.369476
186.7695,-0.369499
186.7868,-0.369523
186.8037,-0.36955
186.8199,-0.369573
186.8366,-0.369589
186.8537,-0.369602
186.8697,-0.369616
186.8869,-0.369633
186.9036,-0.369647
186.92,-0.369663
186.9369,-0.369679
186.9528,-0.369691
186.9703,-0.369707
186.9864,-0.369723
187.0034,-0.369736
187.0201,-0.369749
187.0364,-0.369762
187.0534,-0.36977
187.0698,-0.369785
187.0863,-0.369796
187.104,-0.36981
187.1203,-0.369821
187.136,-0.369838
187.1531,-0.369854
187.1693,-0.369873
187.1864,-0.369888
187.2034,-0.369908
187.2196,-0.369927
187.2361,-0.369938
187.2539,-0.369953
187.2699,-0.369964
187.2863,-0.369976
187.3032,-0.369989
187.3193,-0.370005
187.3367,-0.37002
187.3528,-0.370036
187.3699,-0.370061
187.387,-0.370083
187.4027,-0.37011
187.4197,-0.370133
187.4361,-0.370148
187.4527,-0.370157
187.4695,-0.370171
187.4863,-0.370185
187.5035,-0.370189
187.5197,-0.370197
187.5368,-0.370206
187.5536,-0.370215
187.5692,-0.370225
187.5858,-0.370241
187.6027,-0.370256
187.6194,-0.370277
187.6363,-0.370303
187.6528,-0.370338
187.6693,-0.370371
187.6855,-0.370408
187.7026,-0.370445
187.7203,-0.370472
187.7365,-0.370499
187.7532,-0.370523
187.7698,-0.370553
187.7871,-0.370577
187.8026,-0.370604
187.8193,-0.370626
187.836,-0.370652
187.853,-0.370681
187.8693,-0.370707
187.8861,-0.370735
187.9035,-0.370755
187.919,-0.37077
187.9371,-0.370774
187.9522,-0.370785
187.9695,-0.370795
187.9859,-0.370804
188.0032,-0.370818
188.0189,-0.370839
188.0364,-0.37086
188.0527,-0.370884
188.0695,-0.370918
188.0859,-0.370942
188.103,-0.37096
188.1192,-0.370978
188.1362,-0.371001
188.1534,-0.371019
188.1692,-0.371033
188.1864,-0.371046
188.203,-0.371059
188.2198,-0.37107
188.2359,-0.371079
188.2528,-0.37109
188.2697,-0.371102
188.2867,-0.371118
188.303,-0.371131
188.3192,-0.371154
188.3364,-0.371177
188.3535,-0.371197
188.3698,-0.371221
188.3865,-0.371246
188.4034,-0.371269
188.4198,-0.371289
188.4367,-0.371309
188.4539,-0.371329
188.4703,-0.371347
188.4872,-0.371364
188.5035,-0.371375
188.5215,-0.371389
188.5374,-0.371397
188.5536,-0.371405
188.5703,-0.371414
188.5865,-0.371423
188.6036,-0.371435
188.6201,-0.371453
188.6369,-0.371464
188.6536,-0.371478
188.6695,-0.371487
188.6871,-0.371499
188.7039,-0.371513
188.7198,-0.371523
188.7372,-0.371527
188.7531,-0.371537
188.7701,-0.371553
188.7864,-0.371575
188.8042,-0.371603
188.8196,-0.371628
188.8368,-0.371651
188.853,-0.371675
188.8701,-0.371691
188.8862,-0.371704
188.9039,-0.371728
188.9197,-0.371733
188.9367,-0.37174
188.953,-0.371744
188.9698,-0.371752
188.987,-0.371766
189.0031,-0.371784
189.0202,-0.371804
189.0367,-0.371824
189.0538,-0.371842
189.0714,-0.371869
189.0876,-0.371894
189.1039,-0.371912
189.1204,-0.371925
189.1367,-0.371933
189.1546,-0.371942
189.1709,-0.371959
189.1878,-0.371982
189.2046,-0.371999
189.2211,-0.372022
189.2377,-0.37204
189.2544,-0.372065
189.2722,-0.372095
189.2887,-0.372122
189.3047,-0.37214
189.3214,-0.372156
189.3383,-0.372172
189.3556,-0.372186
189.3714,-0.3722
189.3877,-0.372209
189.4048,-0.372211
189.4211,-0.372217
189.4378,-0.372217
189.4547,-0.372215
189.4706,-0.372214
189.4867,-0.372213
189.5042,-0.372212
189.5205,-0.372219
189.5361,-0.372236
189.5533,-0.372258
189.5694,-0.372284
189.5865,-0.372309
189.6031,-0.372343
189.621,-0.372363
189.6367,-0.372384
189.6537,-0.372406
189.67,-0.37243
189.6869,-0.372443
189.7033,-0.372458
189.7203,-0.372482
189.7377,-0.372508
189.754,-0.372531
189.7705,-0.372555
189.7875,-0.372586
189.8042,-0.372619
189.821,-0.372652
189.8381,-0.372679
189.8545,-0.372709
189.8721,-0.372736
189.8889,-0.372763
189.9053,-0.372795
189.9218,-0.372831
189.9384,-0.372862
189.9556,-0.372884
189.9723,-0.372894
189.9896,-0.372916
190.0056,-0.372938
190.0223,-0.372964
190.0388,-0.372987
190.0558,-0.372995
190.0725,-0.373001
190.0888,-0.37302
190.1059,-0.373041
190.1216,-0.373055
190.1385,-0.373067
190.1548,-0.373074
190.1716,-0.373085
190.1886,-0.373093
190.2047,-0.373106
190.2215,-0.37312
190.2383,-0.37314
190.2544,-0.373157
190.2709,-0.373174
190.2877,-0.3732
190.3039,-0.373228
190.3215,-0.373259
190.3375,-0.373291
190.3544,-0.373327
190.3712,-0.373365
190.388,-0.373403
190.4041,-0.373433
190.4216,-0.373466
190.4389,-0.373492
190.4552,-0.373527
190.4716,-0.37355
190.4882,-0.373586
190.5038,-0.373602
190.5213,-0.373616
190.5387,-0.373628
190.5539,-0.373648
190.5725,-0.373667
190.5876,-0.373684
190.6051,-0.373698
190.6211,-0.373709
190.6377,-0.373723
190.6542,-0.373736
190.6708,-0.373766
190.688,-0.373792
190.7045,-0.373814
190.7212,-0.373838
190.7386,-0.373868
190.7542,-0.373896
190.7706,-0.37392
190.7875,-0.373952
190.8046,-0.373971
190.8211,-0.37399
190.8374,-0.374012
190.854,-0.374024
190.8712,-0.374038
190.8873,-0.374059
190.9038,-0.374079
190.9216,-0.374093
190.9374,-0.374112
190.9544,-0.374123
190.9709,-0.374137
190.9867,-0.374157
191.0037,-0.374174
191.021,-0.374187
191.0375,-0.374204
191.0538,-0.374224
191.0709,-0.374245
191.0869,-0.374267
191.1039,-0.374291
191.1207,-0.374314
191.1383,-0.374335
191.1544,-0.374355
191.1707,-0.374378
191.1879,-0.374404
191.2036,-0.374426
191.2204,-0.374442
191.237,-0.374456
191.2533,-0.374464
191.2707,-0.374467
191.287,-0.374475
191.303,-0.374493
191.3202,-0.374518
191.3367,-0.374539
191.3531,-0.374555
191.3704,-0.374574
191.3872,-0.37459
191.4039,-0.374612
191.4208,-0.374628
191.4368,-0.374639
191.4534,-0.374648
191.4695,-0.374651
191.4877,-0.374665
191.5033,-0.374682
191.5204,-0.374699
191.5371,-0.374715
191.5533,-0.374726
191.5704,-0.374735
191.5867,-0.374742
191.6035,-0.374749
191.621,-0.37476
191.6367,-0.37477
191.6541,-0.37478
191.6699,-0.374798
191.6867,-0.374816
191.7039,-0.374832
191.72,-0.374851
191.7368,-0.374868
191.7534,-0.374895
191.7705,-0.374919
191.7867,-0.374937
191.8035,-0.374955
191.8196,-0.374981
191.8364,-0.375002
191.8536,-0.375019
191.8698,-0.375038
191.8868,-0.375056
191.9033,-0.375073
191.9195,-0.375083
191.9366,-0.375094
191.9525,-0.375103
191.9695,-0.375113
191.9863,-0.375124
192.0024,-0.375134
192.02,-0.375148
192.0365,-0.375162
192.0529,-0.37518
192.0698,-0.375198
192.0864,-0.375219
192.1033,-0.375237
192.1194,-0.375255
192.1363,-0.375275
192.1528,-0.375291
192.1695,-0.375297
192.1858,-0.375302
192.2031,-0.375313
192.2197,-0.375322
192.2366,-0.375343
192.2527,-0.375365
192.2695,-0.375385
192.2865,-0.375397
192.3027,-0.375405
192.3199,-0.375408
192.3361,-0.375412
192.3533,-0.375418
192.3694,-0.37542
192.386,-0.37542
192.4033,-0.37542
192.4196,-0.375425
192.4368,-0.375432
192.4529,-0.375434
192.4695,-0.37544
192.4862,-0.37544
192.503,-0.375444
192.5197,-0.375457
192.5367,-0.375464
192.5531,-0.375472
192.569,-0.375478
192.5864,-0.37549
192.6035,-0.375506
192.6196,-0.375521
192.6357,-0.375535
192.6522,-0.375547
192.6699,-0.375555
192.687,-0.375564
192.7034,-0.375573
192.7201,-0.375587
192.7366,-0.375605
192.753,-0.375622
192.7704,-0.375639
192.7865,-0.375657
192.8034,-0.375673
192.8199,-0.375686
192.8364,-0.375694
192.8535,-0.375699
192.8705,-0.375708
192.8865,-0.375708
192.9034,-0.375708
192.9191,-0.375709
192.9371,-0.37571
192.9533,-0.375713
192.9698,-0.375718
192.9865,-0.375729
193.0033,-0.375741
193.0202,-0.375752
193.0367,-0.375767
193.0531,-0.375787
193.0695,-0.375806
193.0871,-0.375828
193.1026,-0.37585
193.1208,-0.375873
193.1382,-0.375894
193.1527,-0.37591
193.1698,-0.375926
193.1869,-0.375951
193.204,-0.375974
193.2207,-0.375998
193.2374,-0.376024
193.2535,-0.376036
193.2702,-0.37604
193.2866,-0.376045
193.3037,-0.376047
193.3209,-0.376056
193.3372,-0.376065
193.354,-0.37607
193.3707,-0.376083
193.3873,-0.3761
193.4038,-0.376126
193.4198,-0.376145
193.4364,-0.37616
193.4535,-0.376179
193.4708,-0.376197
193.4872,-0.376214
193.5031,-0.376232
193.52,-0.376244
193.5377,-0.37626
193.5543,-0.376276
193.5703,-0.376297
193.5874,-0.376325
193.604,-0.37636
193.6208,-0.376384
193.637,-0.376401
193.6545,-0.376413
193.671,-0.376424
193.6879,-0.376428
193.704,-0.376433
193.7204,-0.376447
193.7368,-0.376468
193.7537,-0.376495
193.7703,-0.376526
193.7874,-0.37656
193.8044,-0.376588
193.8204,-0.376612
193.8372,-0.376633
193.8546,-0.376656
193.8709,-0.37667
193.8866,-0.376692
193.9029,-0.376722
193.9205,-0.37675
193.9376,-0.376775
193.9533,-0.376802
193.9712,-0.376831
193.9872,-0.376856
194.0041,-0.376881
194.0208,-0.376909
194.0373,-0.376934
194.0541,-0.376957
194.0711,-0.376982
194.0871,-0.377006
194.1039,-0.37703
194.1208,-0.377047
194.1367,-0.377062
194.1539,-0.377081
194.1703,-0.377101
194.1874,-0.377122
194.2045,-0.377139
194.2208,-0.377152
194.2373,-0.37717
194.2544,-0.377185
194.2713,-0.377197
194.2871,-0.377215
194.3037,-0.377228
194.321,-0.377232
194.3371,-0.377237
194.3539,-0.377242
194.3716,-0.377249
194.3869,-0.377256
194.4043,-0.377263
194.4209,-0.377272
194.4378,-0.377289
194.4549,-0.377314
194.4703,-0.377343
194.4879,-0.377369
194.5049,-0.377391
194.5209,-0.377408
194.5379,-0.377424
194.5542,-0.37744
194.5712,-0.377452
194.5879,-0.377466
194.6039,-0.377476
194.6214,-0.377488
194.6388,-0.377506
194.6544,-0.377526
194.6712,-0.377543
194.688,-0.377564
194.7046,-0.377579
194.7215,-0.37759
194.7381,-0.377605
194.7543,-0.377622
194.7715,-0.37764
194.7877,-0.377655
194.8044,-0.377665
194.8216,-0.377684
194.8383,-0.377709
194.8553,-0.377739
194.8702,-0.377772
194.8882,-0.377803
194.9054,-0.377826
194.9218,-0.377846
194.938,-0.377868
194.955,-0.377885
194.9716,-0.377905
194.9879,-0.377921
195.0049,-0.377936
195.0217,-0.377958
195.0378,-0.377983
195.0551,-0.37801
195.0719,-0.378038
195.089,-0.378059
195.1054,-0.378082
195.1217,-0.378102
195.1378,-0.378111
195.155,-0.378118
195.172,-0.378128
195.1888,-0.378139
195.2051,-0.378154
195.2216,-0.378171
195.2377,-0.378183
195.2548,-0.378191
195.2713,-0.378204
195.288,-0.37822
195.3047,-0.378244
195.3222,-0.378271
195.338,-0.378295
195.3548,-0.378319
195.3722,-0.378337
195.3883,-0.378351
195.4053,-0.378365
195.4213,-0.378386
195.4391,-0.378411
195.4553,-0.378428
195.471,-0.378453
195.4889,-0.37847
195.5054,-0.378495
195.5222,-0.378514
195.5388,-0.378537
195.5549,-0.37855
195.571,-0.378563
195.5883,-0.378579
195.6047,-0.378598
195.6221,-0.378616
195.6382,-0.378629
195.6556,-0.378643
195.6718,-0.378659
195.6886,-0.378676
195.7051,-0.378694
195.7218,-0.378716
195.7385,-0.378732
195.7552,-0.37874
195.7717,-0.378755
195.7886,-0.378764
195.806,-0.378771
195.822,-0.378787
195.8382,-0.378799
195.8555,-0.378809
195.8718,-0.378817
195.8889,-0.378835
195.9065,-0.378856
195.9226,-0.378881
195.9391,-0.378908
195.9556,-0.378927
195.9724,-0.378938
195.9896,-0.378949
196.006,-0.378966
196.0231,-0.37898
196.0394,-0.378991
196.0558,-0.379006
196.0727,-0.37902
196.0897,-0.379041
196.1062,-0.379063
196.1228,-0.37909
196.1405,-0.379106
196.1563,-0.379128
196.1729,-0.379143
196.1892,-0.379157
196.2065,-0.379168
196.2229,-0.379182
196.2399,-0.379204
196.2562,-0.37923
196.2728,-0.379258
196.2902,-0.379277
196.3059,-0.37929
196.3235,-0.379302
196.3398,-0.379315
196.357,-0.379334
196.3729,-0.379351
196.3902,-0.379375
196.4065,-0.379396
196.4229,-0.379421
196.4401,-0.379452
196.4568,-0.379488
196.4738,-0.379526
196.4902,-0.379566
196.5066,-0.379596
196.5239,-0.379613
196.5411,-0.379636
196.5579,-0.379656
196.5746,-0.379681
196.5901,-0.3797
196.607,-0.379712
196.6245,-0.379727
196.6401,-0.379753
196.657,-0.379783
196.6738,-0.37981
196.6911,-0.379828
196.7082,-0.37984
196.7247,-0.379856
196.741,-0.379873
196.7571,-0.37989
196.7743,-0.379905
196.79,-0.379925
196.8072,-0.379944
196.8243,-0.379965
196.8411,-0.37999
196.858,-0.38001
196.8749,-0.380032
196.8909,-0.380053
196.908,-0.38008
196.9248,-0.380103
196.9412,-0.380126
196.9582,-0.380152
196.975,-0.380176
196.9915,-0.380202
197.0082,-0.380223
197.0249,-0.380235
197.0413,-0.380247
197.0576,-0.380262
197.0748,-0.38028
197.0907,-0.380305
197.1077,-0.380337
197.1249,-0.380366
197.142,-0.380398
197.1578,-0.380425
197.1753,-0.380449
197.1919,-0.380473
197.2077,-0.380493
197.2247,-0.380512
197.2412,-0.380532
197.2576,-0.380561
197.275,-0.380594
197.2924,-0.380634
197.3082,-0.380669
197.3242,-0.380703
197.3418,-0.380736
197.3587,-0.380768
197.3745,-0.380797
197.3906,-0.380829
197.408,-0.380858
197.4239,-0.380881
197.4407,-0.380907
197.4585,-0.380933
197.4745,-0.380957
197.4915,-0.380984
197.5071,-0.381012
197.5245,-0.381036
197.5413,-0.381056
197.558,-0.381081
197.5739,-0.381115
197.5909,-0.381148
197.6073,-0.381186
197.6236,-0.381224
197.6409,-0.381259
197.6586,-0.381291
197.675,-0.381322
197.6913,-0.381349
197.7082,-0.38137
197.7236,-0.381385
197.7409,-0.381403
197.7578,-0.381432
197.7745,-0.381463
197.7903,-0.381501
197.8071,-0.381535
197.8245,-0.381568
197.8411,-0.381599
197.8582,-0.381623
197.8745,-0.381649
197.8912,-0.381657
197.9084,-0.38166
197.9239,-0.381652
197.9411,-0.38165
197.9574,-0.381654
197.9738,-0.381667
197.9905,-0.381683
198.007,-0.381703
198.0238,-0.381721
198.0404,-0.381737
198.0568,-0.38176
198.0739,-0.38178
198.0904,-0.381804
198.1074,-0.381825
198.1238,-0.381842
198.1406,-0.381853
198.1571,-0.381864
198.1742,-0.381874
198.1912,-0.381884
198.2074,-0.381896
198.2242,-0.381907
198.2401,-0.38192
198.2566,-0.381932
198.2734,-0.381948
198.2911,-0.381966
198.3075,-0.38199
198.3235,-0.382018
198.3406,-0.38204
198.3571,-0.382046
198.3738,-0.382055
198.3915,-0.382058
198.4072,-0.382058
198.4243,-0.382057
198.4398,-0.382058
198.4573,-0.382057
198.4738,-0.382052
198.4908,-0.382054
198.5075,-0.38206
198.5246,-0.382067
198.5405,-0.382075
198.5575,-0.382086
198.5742,-0.382105
198.5906,-0.38212
198.6062,-0.382132
198.6235,-0.382141
198.6412,-0.382146
198.6574,-0.382156
198.6734,-0.382166
198.6906,-0.382174
198.7073,-0.382184
198.7236,-0.382192
198.7404,-0.3822
198.7572,-0.382207
198.7735,-0.382215
198.7913,-0.382222
198.8071,-0.38224
198.8238,-0.382262
198.8409,-0.382283
198.8571,-0.382312
198.8742,-0.382335
198.8907,-0.382356
198.9078,-0.382369
198.9243,-0.38238
198.9409,-0.382382
198.9571,-0.382377
198.9737,-0.382373
198.9902,-0.382375
199.0075,-0.382377
199.0236,-0.382383
199.041,-0.382397
199.0577,-0.382412
199.075,-0.38242
199.0908,-0.38242
199.1071,-0.382423
199.1242,-0.382422
199.1399,-0.382426
199.157,-0.382431
199.1741,-0.382437
199.1913,-0.382447
199.2074,-0.38246
199.2241,-0.382482
199.2398,-0.382502
199.2566,-0.382518
199.2733,-0.382534
199.2908,-0.382557
199.3068,-0.382569
199.3238,-0.382592
199.3401,-0.382616
199.3573,-0.382641
199.3743,-0.38266
199.3895,-0.382681
199.407,-0.3827
199.4233,-0.382725
199.4402,-0.382741
199.4568,-0.382759
199.4742,-0.382777
199.4906,-0.382787
199.5078,-0.382804
199.5241,-0.382821
199.5408,-0.382839
199.557,-0.382854
199.5737,-0.382864
199.5905,-0.382865
199.6067,-0.38287
199.6238,-0.382878
199.6406,-0.38289
199.6562,-0.382906
199.6737,-0.382917
199.6911,-0.382926
199.7073,-0.382943
199.7233,-0.382963
199.7398,-0.382985
199.7568,-0.383001
199.773,-0.383015
199.7905,-0.383029
199.8067,-0.383044
199.8234,-0.383061
199.8405,-0.383079
199.8574,-0.383092
199.8736,-0.3831
199.8903,-0.383113
199.9066,-0.383124
199.9235,-0.383134
199.9395,-0.383147
199.957,-0.383163
199.9729,-0.383183
199.9902,-0.383205
200.0068,-0.383222
200.0238,-0.38324
200.0396,-0.383252
200.0567,-0.383262
200.0732,-0.383268
200.0899,-0.383274
200.1067,-0.383286
200.1227,-0.383294
200.14,-0.383302
200.1569,-0.383316
200.1734,-0.383333
200.1904,-0.383353
200.2065,-0.383382
200.224,-0.383411
200.2413,-0.383445
200.2572,-0.383476
200.2735,-0.383509
200.2915,-0.383535
200.3069,-0.383554
200.3242,-0.383565
200.341,-0.38358
200.3573,-0.383591
200.3746,-0.383598
200.3903,-0.3836
200.407,-0.383594
200.4237,-0.383591
200.4413,-0.383594
200.4578,-0.383597
200.4735,-0.383613
200.4901,-0.383627
200.5074,-0.383643
200.5248,-0.383658
200.5409,-0.383683
200.5577,-0.383709
200.5741,-0.383727
200.5914,-0.383737
200.6073,-0.383747
200.6246,-0.383749
200.6407,-0.383755
200.6571,-0.383765
200.6743,-0.383774
200.6912,-0.38379
200.7076,-0.383813
200.7249,-0.383838
200.741,-0.383863
200.7583,-0.383887
200.7749,-0.383914
200.792,-0.383937
200.8083,-0.383958
200.8249,-0.383983
200.8421,-0.384001
200.8586,-0.384018
200.8746,-0.384037
200.8919,-0.384057
200.9088,-0.384073
200.9244,-0.384088
200.941,-0.384109
200.9586,-0.384127
200.975,-0.38414
200.991,-0.384152
201.0081,-0.384166
201.0252,-0.384171
201.041,-0.384177
201.0573,-0.384188
201.0745,-0.384197
201.0904,-0.3842
201.107,-0.384203
201.1243,-0.384221
201.141,-0.384244
201.1572,-0.38427
201.1733,-0.384298
201.1909,-0.384315
201.2071,-0.38433
201.2243,-0.38434
201.2402,-0.38435
201.258,-0.384361
201.2735,-0.384373
201.2901,-0.384382
201.3066,-0.384392
201.323,-0.384408
201.3401,-0.384431
201.3571,-0.384462
201.3735,-0.384496
201.3901,-0.384524
201.4067,-0.384553
201.4241,-0.384573
201.4406,-0.384595
201.4571,-0.38462
201.4739,-0.384642
201.4908,-0.384651
201.5066,-0.384654
201.5231,-0.384668
201.5405,-0.384674
201.5576,-0.384675
201.5739,-0.38468
201.5899,-0.384683
201.6073,-0.384686
201.6239,-0.384687
201.6398,-0.384695
201.6565,-0.384703
201.6738,-0.384713
201.6892,-0.384722
201.7066,-0.384731
201.7235,-0.384741
201.7404,-0.384756
201.7575,-0.384774
201.774,-0.384794
201.7901,-0.384813
201.807,-0.384828
201.8243,-0.384844
201.8409,-0.384863
201.8572,-0.384874
201.8738,-0.384881
201.8902,-0.384886
201.9071,-0.384893
201.924,-0.384895
201.9404,-0.384898
201.9566,-0.384897
201.9743,-0.384901
201.9914,-0.38491
202.0072,-0.384922
202.0241,-0.384931
202.0412,-0.38494
202.0574,-0.384943
202.073,-0.384952
202.0904,-0.384954
202.1067,-0.384956
202.1241,-0.384968
202.1403,-0.384976
202.1569,-0.384999
202.1738,-0.385013
202.191,-0.385028
202.2078,-0.385051
202.2238,-0.385073
202.241,-0.385089
202.2566,-0.385101
202.2735,-0.385119
202.2906,-0.385137
202.3069,-0.385165
202.324,-0.385189
202.3408,-0.385214
202.3573,-0.385229
202.3742,-0.385235
202.3911,-0.38524
202.4069,-0.385247
202.4242,-0.385258
202.4406,-0.385275
202.4569,-0.385294
202.4742,-0.385319
202.4911,-0.385351
202.5076,-0.385385
202.5246,-0.385411
202.5416,-0.385438
202.5573,-0.385458
202.5741,-0.385477
202.5907,-0.385498
202.607,-0.385515
202.6239,-0.385531
202.6406,-0.385549
202.6577,-0.385566
202.6739,-0.385577
202.6911,-0.38559
202.7075,-0.385598
202.7245,-0.385606
202.7405,-0.385618
202.7571,-0.385628
202.7739,-0.385644
202.7904,-0.385655
202.8076,-0.385668
202.8249,-0.385683
202.8415,-0.385688
202.8574,-0.38569
202.8741,-0.385693
202.891,-0.385699
202.9073,-0.385704
202.9238,-0.385715
202.9402,-0.385735
202.9573,-0.385751
202.9745,-0.385773
202.9906,-0.385798
203.0079,-0.385822
203.0241,-0.385844
203.0415,-0.385865
203.0574,-0.385888
203.0744,-0.385912
203.0907,-0.385933
203.1084,-0.385949
203.1245,-0.385972
203.1415,-0.385985
203.1581,-0.385992
203.1744,-0.386003
203.1917,-0.386012
203.2089,-0.386024
203.2249,-0.386032
203.2414,-0.386052
203.2581,-0.386077
203.2752,-0.386105
203.2918,-0.386135
203.308,-0.386165
203.325,-0.386193
203.3415,-0.386219
203.3587,-0.386244
203.3752,-0.386267
203.3907,-0.386287
203.4084,-0.386292
203.4251,-0.386302
203.4418,-0.386319
203.4582,-0.386339
203.4747,-0.386357
203.4912,-0.386364
203.5085,-0.386373
203.5253,-0.386385
203.5423,-0.386404
203.558,-0.386425
203.5749,-0.386448
203.591,-0.386464
203.6088,-0.386479
203.6256,-0.386504
203.6417,-0.386532
203.6583,-0.386551
203.6755,-0.386568
203.6917,-0.386583
203.7099,-0.386605
203.725,-0.386634
203.7417,-0.386673
203.7587,-0.386702
203.7759,-0.386735
203.7919,-0.386757
203.8097,-0.386773
203.8263,-0.386794
203.8418,-0.386809
203.8596,-0.386819
203.8764,-0.386825
203.8922,-0.38683
203.9093,-0.386836
203.925,-0.386853
203.9428,-0.386866
203.9591,-0.386883
203.9765,-0.386908
203.9924,-0.386934
204.0098,-0.386964
204.0253,-0.386996
204.043,-0.387026
204.0594,-0.387054
204.0765,-0.387078
204.0934,-0.387101
204.1105,-0.387119
204.1264,-0.387135
204.1426,-0.387146
204.1599,-0.387153
204.177,-0.387158
204.1928,-0.387172
204.2095,-0.387191
204.2262,-0.387206
204.2436,-0.387226
204.2587,-0.387239
204.2769,-0.387262
204.2932,-0.387286
204.3101,-0.387315
204.3276,-0.387339
204.3434,-0.387369
204.3604,-0.387397
204.377,-0.387423
204.3933,-0.387452
204.4092,-0.387488
204.4267,-0.387523
204.4437,-0.387557
204.4601,-0.387595
204.4768,-0.387639
204.4943,-0.387674
204.5095,-0.387704
204.5276,-0.387728
204.5435,-0.38775
204.5608,-0.387778
204.5776,-0.387796
204.5942,-0.387817
204.6098,-0.387838
204.627,-0.387856
204.6438,-0.387869
204.6603,-0.387883
204.6767,-0.3879
204.6939,-0.387922
204.7104,-0.387941
204.7275,-0.387958
204.7428,-0.387981
204.7606,-0.388005
204.7776,-0.388019
204.7944,-0.388036
204.8107,-0.388052
204.8272,-0.388073
204.8438,-0.388091
204.8604,-0.38811
204.8773,-0.388134
204.8934,-0.38816
204.9105,-0.388189
204.9273,-0.388212
204.9439,-0.388233
204.9612,-0.388258
204.9776,-0.388286
204.9933,-0.388308
205.0106,-0.388327
205.0277,-0.388353
205.0445,-0.388377
205.0602,-0.3884
205.0774,-0.388426
205.0941,-0.388449
205.1113,-0.388473
205.1279,-0.388501
205.144,-0.388537
205.1611,-0.38856
205.1772,-0.388591
205.1954,-0.388616
205.212,-0.38864
205.2281,-0.388662
205.2446,-0.388672
205.2615,-0.388683
205.2777,-0.388692
205.2937,-0.388704
205.3111,-0.388719
205.3279,-0.388735
205.3438,-0.388746
205.3618,-0.388766
205.3781,-0.388786
205.3943,-0.388801
205.4114,-0.388822
205.4271,-0.388836
205.4445,-0.388855
205.4615,-0.388881
205.4778,-0.38892
205.4949,-0.388956
205.5113,-0.388992
205.5285,-0.389019
205.5456,-0.389048
205.5621,-0.389074
205.5786,-0.389101
205.5957,-0.389124
205.6116,-0.389139
205.6288,-0.389155
205.6452,-0.389174
205.6615,-0.389194
205.6792,-0.389212
205.6955,-0.389233
205.7118,-0.389252
205.7287,-0.389275
205.7444,-0.389294
205.7614,-0.389308
205.7785,-0.389325
205.7957,-0.389346
205.8126,-0.389369
205.829,-0.389395
205.8453,-0.38942
205.862,-0.389438
205.8788,-0.389452
205.8955,-0.389467
205.9117,-0.389483
205.9287,-0.389506
205.9452,-0.389526
205.962,-0.389546
205.9786,-0.38957
205.995,-0.389599
206.0123,-0.389623
206.0287,-0.389646
206.0458,-0.389667
206.0621,-0.389684
206.079,-0.389702
206.0953,-0.389716
206.1117,-0.389729
206.1283,-0.389744
206.1452,-0.38976
206.1626,-0.389774
206.1788,-0.389791
206.1952,-0.389811
206.2124,-0.389825
206.2285,-0.389832
206.2445,-0.389843
206.2612,-0.389852
206.2784,-0.38987
206.2952,-0.389894
206.3118,-0.389926
206.3283,-0.389964
206.3446,-0.390003
206.3621,-0.390041
206.3786,-0.390069
206.395,-0.390097
206.4113,-0.390117
206.4284,-0.390135
206.4458,-0.390147
206.4616,-0.39016
206.4782,-0.390172
206.4948,-0.390188
206.5124,-0.390204
206.5283,-0.390221
206.5453,-0.390239
206.5619,-0.390255
206.5781,-0.390271
206.5948,-0.390286
206.6122,-0.390303
206.6282,-0.390324
206.6447,-0.390341
206.6613,-0.390352
206.6779,-0.390369
206.6949,-0.390384
206.7118,-0.390398
206.7268,-0.390415
206.7436,-0.390432
206.7608,-0.390445
206.7783,-0.390462
206.7937,-0.390482
206.8109,-0.390511
206.8278,-0.390538
206.8444,-0.390558
206.8611,-0.390572
206.8778,-0.39059
206.8945,-0.390607
206.9112,-0.390629
206.9276,-0.390646
206.9436,-0.390661
206.9602,-0.390675
206.9773,-0.390689
206.9941,-0.390698
207.0111,-0.390704
207.0272,-0.390714
207.0435,-0.390727
207.06,-0.390744
207.0766,-0.390758
207.0939,-0.390775
207.1108,-0.390792
207.1272,-0.390817
207.1441,-0.390834
207.1599,-0.390846
207.1768,-0.390854
207.194,-0.39086
207.2106,-0.390877
207.2269,-0.390893
207.2438,-0.390904
207.2602,-0.390912
207.2775,-0.390926
207.2941,-0.390946
207.3106,-0.390972
207.3273,-0.390991
207.3441,-0.391001
207.3614,-0.391007
207.378,-0.391017
207.3944,-0.391021
207.4101,-0.391017
207.4267,-0.391008
207.4436,-0.391005
207.4608,-0.391002
207.4761,-0.391005
207.4935,-0.391014
207.5111,-0.391025
207.5278,-0.391036
207.5442,-0.39105
207.5609,-0.39107
207.5779,-0.391084
207.5942,-0.391095
207.6108,-0.391109
207.6282,-0.391115
207.6441,-0.391124
207.6609,-0.391132
207.6777,-0.391147
207.6943,-0.391155
207.7107,-0.391164
207.728,-0.391171
207.7442,-0.391184
207.7609,-0.391201
207.7772,-0.39122
207.7942,-0.391233
207.8107,-0.391235
207.8283,-0.39124
207.8445,-0.391242
207.8612,-0.391247
207.8777,-0.391255
207.8944,-0.391268
207.9109,-0.391279
207.9278,-0.391295
207.9447,-0.391318
207.9615,-0.391345
207.9782,-0.391375
207.9942,-0.391398
208.0116,-0.391414
208.0283,-0.391426
208.0449,-0.391431
208.0612,-0.391435
208.0784,-0.391446
208.095,-0.391451
208.1125,-0.39145
208.1277,-0.391455
208.1442,-0.391466
208.1621,-0.391482
208.1788,-0.391502
208.1949,-0.391515
208.2112,-0.391531
208.2292,-0.391545
208.2456,-0.391554
208.262,-0.391563
208.2789,-0.391574
208.2956,-0.391592
208.3122,-0.391596
208.3285,-0.39161
208.3455,-0.391623
208.3618,-0.391641
208.3792,-0.391672
208.3948,-0.391701
208.4124,-0.391729
208.4282,-0.391741
208.4455,-0.391752
208.4625,-0.391766
208.4789,-0.391778
208.4952,-0.391786
208.5121,-0.391792
208.5287,-0.391798
208.5459,-0.391812
208.5618,-0.391835
208.5792,-0.391856
208.5957,-0.39188
208.6122,-0.391898
208.6297,-0.391918
208.646,-0.391942
208.6619,-0.391959
208.6792,-0.391983
208.6955,-0.392002
208.7125,-0.39202
208.729,-0.392037
208.7453,-0.39206
208.7625,-0.392084
208.7788,-0.392116
208.7953,-0.392141
208.812,-0.39217
208.829,-0.392195
208.8455,-0.39222
208.8624,-0.392244
208.8791,-0.392271
208.8939,-0.392293
208.9117,-0.392315
208.9285,-0.392337
208.9454,-0.392356
208.9623,-0.392378
208.9781,-0.3924
208.9951,-0.392426
209.012,-0.392452
209.0286,-0.392473
209.0447,-0.392487
209.0624,-0.392504
209.0783,-0.392532
209.0947,-0.39256
209.111,-0.392582
209.1279,-0.392607
209.1449,-0.392633
209.1617,-0.392663
209.1775,-0.392694
209.1944,-0.392724
209.2115,-0.392758
209.2279,-0.392786
209.2443,-0.392803
209.2612,-0.39282
209.2775,-0.392837
209.2945,-0.39285
209.3113,-0.392863
209.3278,-0.392873
209.3441,-0.392888
209.3615,-0.392908
209.3778,-0.392934
209.3941,-0.392972
209.4106,-0.39301
209.4279,-0.393048
209.4448,-0.393077
209.4613,-0.393103
209.4791,-0.39312
209.4941,-0.39314
209.5113,-0.39315
209.5283,-0.393161
209.5443,-0.393171
209.5614,-0.393179
209.5787,-0.393194
209.594,-0.393207
209.6119,-0.39322
209.6277,-0.393233
209.6444,-0.393246
209.6611,-0.393253
209.6779,-0.393256
209.6948,-0.39326
209.7116,-0.393273
209.7278,-0.393287
209.7447,-0.3933
209.7615,-0.393317
209.7783,-0.393333
209.7942,-0.393342
209.8114,-0.393357
209.8282,-0.393366
209.845,-0.39338
209.8613,-0.393393
209.8787,-0.3934
209.8956,-0.393413
209.9122,-0.393428
209.929,-0.393443
209.9456,-0.393459
209.9608,-0.393473
209.9787,-0.393485
209.9956,-0.393497
210.0126,-0.393504
210.0283,-0.393513
210.0453,-0.393537
210.0617,-0.393554
210.079,-0.393563
210.0949,-0.393568
210.1127,-0.393577
210.1293,-0.393585
210.1449,-0.393599
210.1619,-0.393602
210.1777,-0.393611
210.1949,-0.393616
210.2128,-0.393628
210.2286,-0.393642
210.2449,-0.393658
210.2618,-0.393675
210.2793,-0.393691
210.2956,-0.393703
210.3121,-0.39372
210.3283,-0.393735
210.3452,-0.393748
210.362,-0.393761
210.3786,-0.393789
210.3957,-0.393812
210.4116,-0.393838
210.4282,-0.39386
210.4464,-0.393879
210.4625,-0.393896
210.4782,-0.393907
210.4959,-0.393916
210.5117,-0.393921
210.5294,-0.393926
210.5454,-0.393936
210.5619,-0.393963
210.5782,-0.393987
210.5952,-0.39402
210.6126,-0.394058
210.6293,-0.394111
210.6459,-0.394151
210.662,-0.394188
210.6795,-0.394211
210.6959,-0.394229
210.7122,-0.394248
210.7288,-0.394272
210.745,-0.394289
210.7617,-0.394306
210.7795,-0.394328
210.796,-0.394355
210.812,-0.394386
210.8289,-0.394414
210.8455,-0.394434
210.8624,-0.394453
210.8789,-0.394468
210.896,-0.394486
210.9124,-0.394501
210.9279,-0.394518
210.9459,-0.394526
210.9625,-0.394535
210.9785,-0.394547
210.9957,-0.394565
211.0119,-0.394583
211.0284,-0.394605
211.0456,-0.394636
211.0621,-0.394676
211.0786,-0.394713
211.0952,-0.394745
211.1119,-0.394767
211.1292,-0.394789
211.1461,-0.394808
211.1618,-0.394825
211.1785,-0.394842
211.1948,-0.394858
211.2109,-0.394879
211.2283,-0.394902
211.2446,-0.394922
211.2619,-0.394944
211.2782,-0.394963
211.2947,-0.394976
211.3112,-0.394978
211.3279,-0.394986
211.3448,-0.394996
211.3614,-0.395013
211.3777,-0.395029
211.395,-0.395047
211.4118,-0.395071
211.4289,-0.395086
211.4448,-0.395104
211.4611,-0.395124
211.4785,-0.395148
211.4956,-0.395166
211.5116,-0.395182
211.5288,-0.395199
211.5448,-0.395215
211.5618,-0.395229
211.5781,-0.395237
211.5949,-0.395248
211.612,-0.395256
211.6276,-0.395271
211.6456,-0.395293
211.6619,-0.395315
211.6781,-0.395332
211.6958,-0.395346
211.7125,-0.395365
211.729,-0.395381
211.7462,-0.395393
211.7616,-0.3954
211.7784,-0.395402
211.7952,-0.395402
211.8121,-0.395405
211.8285,-0.395413
211.8447,-0.39542
211.8616,-0.395426
211.8781,-0.395429
211.8952,-0.395434
211.9121,-0.395445
211.9289,-0.395453
211.9449,-0.395458
211.9621,-0.395464
211.9784,-0.395466
211.995,-0.395472
212.0117,-0.395483
212.0288,-0.395502
212.0453,-0.395516
212.062,-0.395533
212.0779,-0.395553
212.0954,-0.395578
212.1114,-0.395603
212.1281,-0.395628
212.1448,-0.395653
212.1614,-0.395674
212.1778,-0.395689
212.1956,-0.395701
212.2127,-0.395715
212.229,-0.395726
212.2446,-0.395735
212.2622,-0.395747
212.2783,-0.395761
212.2947,-0.395774
212.3126,-0.395791
212.3288,-0.395815
212.3456,-0.395839
212.362,-0.395866
212.3786,-0.395892
212.3954,-0.395906
212.413,-0.395919
212.4285,-0.39592
212.4459,-0.395924
212.4625,-0.39593
212.4788,-0.395934
212.4948,-0.39594
212.5119,-0.395947
212.5291,-0.39596
212.5457,-0.395972
212.5627,-0.395994
212.5794,-0.396019
212.5951,-0.396042
212.612,-0.396066
212.6283,-0.396087
212.6453,-0.396105
212.6618,-0.396124
212.6789,-0.396141
212.6951,-0.396163
212.7121,-0.396188
212.7286,-0.396204
212.7453,-0.396219
212.7618,-0.396232
212.7798,-0.396251
212.7955,-0.396265
212.8117,-0.396285
212.8289,-0.396305
212.8456,-0.396325
212.8627,-0.396346
212.8791,-0.396371
212.8955,-0.396393
212.9122,-0.396412
212.9282,-0.396428
212.9461,-0.39645
212.9621,-0.396475
212.9796,-0.396492
212.9954,-0.396509
213.0124,-0.396522
213.0296,-0.396535
213.0458,-0.396557
213.0619,-0.39657
213.0787,-0.396583
213.0955,-0.396595
213.112,-0.396614
213.1296,-0.39664
213.1457,-0.39666
213.1625,-0.396678
213.1789,-0.396696
213.1965,-0.396715
213.2131,-0.396729
213.2294,-0.396748
213.2458,-0.396758
213.2634,-0.396769
213.2793,-0.39679
213.2965,-0.396812
213.3122,-0.396832
213.3287,-0.396852
213.3464,-0.396872
213.363,-0.396901
213.3804,-0.396922
213.3965,-0.39695
213.4135,-0.39698
213.429,-0.397007
213.4465,-0.397029
213.4631,-0.397045
213.4802,-0.397064
213.4965,-0.397069
213.5135,-0.397078
213.5293,-0.397086
213.5462,-0.397098
213.5628,-0.39711
213.5799,-0.397127
213.5961,-0.397147
213.6132,-0.397181
213.6293,-0.397206
213.6463,-0.397223
213.6629,-0.397242
213.6794,-0.397256
213.6978,-0.397275
213.7123,-0.397294
213.7294,-0.397305
213.7459,-0.397314
213.7625,-0.397324
213.7793,-0.397341
213.7962,-0.397366
213.8122,-0.397388
213.8294,-0.397417
213.8454,-0.397444
213.8638,-0.397466
213.8793,-0.397486
213.8965,-0.397505
213.9131,-0.397521
213.9299,-0.39754
213.9458,-0.397546
213.9635,-0.397555
213.9798,-0.39756
213.997,-0.397572
214.0128,-0.39759
214.0297,-0.397607
214.0462,-0.397618
214.0623,-0.39763
214.0794,-0.397642
214.0966,-0.397662
214.1125,-0.39768
214.1297,-0.397696
214.1471,-0.397716
214.1633,-0.397729
214.1797,-0.397739
214.1963,-0.397752
214.2122,-0.397772
214.23,-0.39779
214.2462,-0.397816
214.2633,-0.397838
214.2794,-0.397867
214.2967,-0.39789
214.3131,-0.397907
214.3298,-0.39792
214.3463,-0.397935
214.3631,-0.397946
214.3795,-0.397966
214.3972,-0.397991
214.4128,-0.39802
214.4292,-0.398045
214.4471,-0.398065
214.4636,-0.398087
214.4799,-0.398105
214.4964,-0.398128
214.5134,-0.398132
214.5305,-0.39813
214.5465,-0.398134
214.5636,-0.398152
214.5798,-0.398168
214.5966,-0.398188
214.6129,-0.398212
214.6299,-0.398234
214.647,-0.39826
214.6632,-0.398282
214.6802,-0.398302
214.697,-0.398321
214.7136,-0.398346
214.7307,-0.398366
214.7466,-0.398392
214.7632,-0.398416
214.7805,-0.398434
214.797,-0.398451
214.8128,-0.398465
214.8304,-0.398485
214.8465,-0.398504
214.8635,-0.398528
214.8801,-0.39854
214.8972,-0.398559
214.9144,-0.398576
214.9309,-0.398585
214.9472,-0.398597
214.9631,-0.398616
214.9805,-0.398633
214.9971,-0.398653
215.014,-0.398676
215.0309,-0.398703
215.0474,-0.398725
215.064,-0.39874
215.08,-0.39876
215.0975,-0.398781
215.1143,-0.398806
215.13,-0.398826
215.1469,-0.398847
215.1644,-0.398865
215.1804,-0.398893
215.1972,-0.398918
215.2137,-0.398942
215.2299,-0.398969
215.2468,-0.398996
215.2648,-0.399028
215.2806,-0.399056
215.297,-0.399081
215.3147,-0.399103
215.331,-0.399125
215.3472,-0.399148
215.3638,-0.399162
215.3802,-0.39917
215.3975,-0.399172
215.4138,-0.39918
215.4307,-0.399194
215.447,-0.39921
215.464,-0.399229
215.4805,-0.399243
215.4976,-0.39926
215.5139,-0.399283
215.5307,-0.399301
215.5475,-0.399319
215.5643,-0.399331
215.5805,-0.399341
215.5969,-0.399352
215.6136,-0.399367
215.6303,-0.399384
215.6471,-0.399401
215.6638,-0.399428
215.6802,-0.39945
215.6969,-0.399473
215.7138,-0.399493
215.7307,-0.399512
215.7474,-0.399529
215.7642,-0.399539
215.7804,-0.399553
215.7979,-0.399577
215.814,-0.399596
215.831,-0.399615
215.8477,-0.399627
215.8643,-0.39964
215.8809,-0.399651
215.8969,-0.399664
215.9138,-0.399676
215.9302,-0.39969
215.9465,-0.399713
215.9647,-0.399732
215.9809,-0.399757
215.9966,-0.399787
216.0135,-0.399814
216.0311,-0.399835
216.0478,-0.399862
216.064,-0.399888
216.0807,-0.399913
216.0971,-0.399935
216.1133,-0.399952
216.131,-0.399964
216.1477,-0.399979
216.1637,-0.399997
216.1803,-0.400017
216.1972,-0.400037
216.2135,-0.400053
216.23,-0.400072
216.2474,-0.400085
216.2635,-0.400098
216.2807,-0.400106
216.2972,-0.400123
216.3133,-0.400143
216.33,-0.400159
216.3468,-0.400177
216.3631,-0.400198
216.3805,-0.400223
216.3965,-0.400253
216.4131,-0.400277
216.4295,-0.400296
216.4465,-0.400319
216.4631,-0.400335
216.4796,-0.400345
216.4959,-0.400359
216.5123,-0.400374
216.5305,-0.400386
216.5469,-0.400398
216.5627,-0.400411
216.58,-0.40043
216.5962,-0.400451
216.6124,-0.400478
216.6301,-0.40051
216.6464,-0.40054
216.6625,-0.400558
216.68,-0.400578
216.6969,-0.4006
216.7137,-0.400609
216.7293,-0.400611
216.7462,-0.400609
216.763,-0.400609
216.7801,-0.400609
216.797,-0.400616
216.8126,-0.400628
216.8287,-0.400644
216.8463,-0.400663
216.8626,-0.400676
216.8794,-0.400689
216.8969,-0.400702
216.9128,-0.400712
216.9291,-0.400722
216.9463,-0.400734
216.9622,-0.400748
216.9793,-0.400758
216.9964,-0.400767
217.013,-0.40078
217.0295,-0.400795
217.0464,-0.400817
217.0627,-0.400833
217.0795,-0.400837
217.0963,-0.400834
217.1129,-0.400831
217.1295,-0.400832
217.1454,-0.400837
217.1627,-0.400844
217.1787,-0.400849
217.1957,-0.400857
217.2118,-0.400866
217.2292,-0.400879
217.2457,-0.400897
217.2624,-0.400915
217.2798,-0.400926
217.2958,-0.400935
217.3125,-0.400939
217.3293,-0.400943
217.3459,-0.400948
217.362,-0.400955
217.3794,-0.400965
217.396,-0.400977
217.4128,-0.400981
217.4302,-0.400989
217.4457,-0.401006
217.4626,-0.401018
217.4794,-0.401037
217.496,-0.40105
217.5134,-0.401062
217.5298,-0.401071
217.5468,-0.401081
217.5639,-0.401091
217.5796,-0.401094
217.5968,-0.401091
217.6134,-0.401095
217.6298,-0.401097
217.647,-0.401107
217.6633,-0.401126
217.6796,-0.401144
217.6973,-0.401161
217.7129,-0.401182
217.73,-0.401198
217.7478,-0.401212
217.7642,-0.401226
217.7803,-0.401237
217.7968,-0.401254
217.813,-0.401256
217.8299,-0.401261
217.8468,-0.401268
217.8635,-0.401276
217.8807,-0.401282
217.8969,-0.401292
217.9136,-0.401305
217.9296,-0.401321
217.9465,-0.401337
217.9629,-0.401347
217.9798,-0.401371
217.9969,-0.401393
218.0134,-0.401418
218.0303,-0.401437
218.0465,-0.401452
218.0638,-0.401458
218.0799,-0.401457
218.0965,-0.401466
218.1133,-0.401483
218.13,-0.401498
218.1461,-0.401515
218.163,-0.401539
218.1805,-0.401563
218.197,-0.401575
218.213,-0.401593
218.2303,-0.401605
218.2467,-0.401614
218.2634,-0.401623
218.28,-0.401642
218.2965,-0.401658
218.3135,-0.401674
218.33,-0.401687
218.3474,-0.401705
218.3645,-0.401723
218.3807,-0.401739
218.3973,-0.401751
218.4138,-0.40176
218.4305,-0.401762
218.4472,-0.401777
218.4638,-0.401801
218.4802,-0.401821
218.4967,-0.401847
218.5139,-0.401872
218.53,-0.401901
218.548,-0.401933
218.5635,-0.401959
218.5804,-0.401983
218.597,-0.401994
218.6135,-0.40201
218.6314,-0.402023
218.6472,-0.402044
218.6635,-0.402058
218.6805,-0.402072
218.6978,-0.402078
218.7142,-0.402085
218.7309,-0.4021
218.7468,-0.402111
218.7645,-0.402124
218.781,-0.40214
218.7976,-0.402161
218.8141,-0.402191
218.8308,-0.402216
218.8478,-0.402242
218.8641,-0.402273
218.8811,-0.402294
218.8976,-0.402302
218.9143,-0.402308
218.931,-0.402319
218.9477,-0.402334
218.9643,-0.402355
218.9808,-0.402375
218.9973,-0.402398
219.0141,-0.402423
219.0318,-0.402446
219.0485,-0.40246
219.0643,-0.402467
219.0815,-0.402475
219.0976,-0.402485
219.1138,-0.402499
219.1304,-0.402518
219.1473,-0.402541
219.1638,-0.402572
219.1817,-0.402601
219.1982,-0.402634
219.2151,-0.402664
219.2312,-0.402684
219.2488,-0.4027
219.2647,-0.402712
219.2812,-0.402722
219.2986,-0.402736
219.3146,-0.402752
219.3314,-0.402765
219.3475,-0.402782
219.3648,-0.402793
219.3808,-0.402813
219.3988,-0.402834
219.4147,-0.402854
219.4311,-0.402873
219.448,-0.402882
219.4643,-0.402888
219.4816,-0.402899
219.4971,-0.402913
219.5147,-0.402934
219.5309,-0.402959
219.5481,-0.402982
219.5648,-0.403002
219.5809,-0.403027
219.5983,-0.403052
219.6149,-0.403076
219.631,-0.403102
219.6483,-0.403117
219.6646,-0.403133
219.6815,-0.403152
219.6986,-0.40317
219.7154,-0.403186
219.7314,-0.403196
219.7476,-0.403207
219.7644,-0.403219
219.7814,-0.403242
219.798,-0.403259
219.8149,-0.403283
219.8314,-0.403305
219.848,-0.403323
219.8655,-0.403345
219.8816,-0.403373
219.8977,-0.403408
219.9149,-0.403438
219.9309,-0.403464
219.9487,-0.403493
219.9653,-0.403523
219.9819,-0.403548
219.9982,-0.403565
220.0146,-0.403576
220.0318,-0.403582
220.0489,-0.403591
220.0647,-0.403601
220.0816,-0.40362
220.098,-0.403633
220.1141,-0.403649
220.1317,-0.403663
220.148,-0.403674
220.1648,-0.403686
220.1808,-0.4037
220.1988,-0.403711
220.2147,-0.403717
220.2315,-0.403736
220.2483,-0.403764
220.2648,-0.403796
220.2813,-0.403821
220.2979,-0.403844
220.3157,-0.40387
220.3316,-0.403892
220.3479,-0.403914
220.3653,-0.403931
220.3819,-0.403947
220.3977,-0.403956
220.4149,-0.403972
220.4317,-0.403993
220.4487,-0.404013
220.4648,-0.404035
220.4812,-0.404059
220.4986,-0.404078
220.5149,-0.404096
220.5316,-0.404115
220.5489,-0.404131
220.5656,-0.404143
220.5821,-0.404151
220.5983,-0.404159
220.6156,-0.404172
220.6314,-0.404181
220.6487,-0.404192
220.666,-0.4042
220.6821,-0.404209
220.6996,-0.404216
220.7157,-0.404223
220.7321,-0.404229
220.7482,-0.404238
220.765,-0.404247
220.781,-0.404256
220.799,-0.404274
220.8154,-0.404287
220.8325,-0.404305
220.8488,-0.404327
220.8654,-0.404351
220.8825,-0.404365
220.8981,-0.40438
220.915,-0.404394
220.9318,-0.404413
220.9492,-0.40443
220.9665,-0.404443
220.982,-0.404462
220.9987,-0.40448
221.0153,-0.40449
221.0325,-0.4045
221.0489,-0.404514
221.0661,-0.404529
221.0827,-0.40454
221.099,-0.404552
221.1156,-0.404564
221.1322,-0.404575
221.1492,-0.404587
221.166,-0.404599
221.1824,-0.404612
221.1989,-0.404635
221.2155,-0.404657
221.2324,-0.404676
221.2493,-0.404705
221.2661,-0.404725
221.2828,-0.404752
221.2993,-0.404778
221.3163,-0.404808
221.3333,-0.404833
221.3491,-0.404852
221.3668,-0.404871
221.3821,-0.40489
221.3999,-0.40491
221.4162,-0.404935
221.4326,-0.404957
221.4491,-0.404977
221.4665,-0.405003
221.483,-0.405029
221.4997,-0.40506
221.5162,-0.405084
221.5336,-0.405103
221.5493,-0.405127
221.567,-0.405149
221.5829,-0.405172
221.599,-0.405194
221.6165,-0.405209
221.6338,-0.405226
221.65,-0.40524
221.6663,-0.405253
221.6827,-0.405267
221.6993,-0.405278
221.7162,-0.405292
221.7316,-0.405309
221.7492,-0.405326
221.7651,-0.405359
221.7823,-0.405396
221.7987,-0.405433
221.8148,-0.405465
221.8316,-0.40549
221.8493,-0.40551
221.8656,-0.405525
221.882,-0.405538
221.8989,-0.40555
221.9152,-0.405562
221.9312,-0.405571
221.9483,-0.405593
221.9652,-0.405619
221.9811,-0.405641
221.9989,-0.405661
222.0155,-0.405688
222.0327,-0.405709
222.0486,-0.405736
222.065,-0.405757
222.0816,-0.405775
222.0984,-0.40579
222.1151,-0.405809
222.1318,-0.40582
222.1487,-0.405838
222.1653,-0.405851
222.1818,-0.40586
222.1994,-0.405867
222.2149,-0.405876
222.2318,-0.405883
222.249,-0.405894
222.265,-0.405909
222.2815,-0.405929
222.2983,-0.405955
222.3149,-0.405962
222.3316,-0.405967
222.3482,-0.405974
222.3653,-0.405985
222.3814,-0.405998
222.3981,-0.406009
222.4148,-0.406017
222.4312,-0.406027
222.4489,-0.406037
222.4646,-0.406052
222.4819,-0.406066
222.4982,-0.406074
222.5148,-0.406083
222.5316,-0.406092
222.5485,-0.406104
222.5655,-0.406114
222.5815,-0.406128
222.5984,-0.406141
222.6158,-0.406158
222.6324,-0.406167
222.6488,-0.406165
222.6649,-0.406167
222.6821,-0.406173
222.6993,-0.406181
222.7156,-0.406193
222.7316,-0.4062
222.7487,-0.406211
222.7659,-0.406225
222.7823,-0.406236
222.7992,-0.406251
222.8151,-0.406267
222.8321,-0.40627
222.8489,-0.406272
222.8657,-0.406283
222.8822,-0.4063
222.8992,-0.40631
222.9154,-0.406325
222.9328,-0.40634
222.9494,-0.406359
222.966,-0.406383
222.9826,-0.406401
222.9994,-0.406417
223.016,-0.40643
223.0329,-0.40645
223.0499,-0.40647
223.066,-0.406477
223.0836,-0.406487
223.0997,-0.406491
223.117,-0.406495
223.1328,-0.406496
223.1501,-0.406506
223.1664,-0.406514
223.183,-0.406524
223.2006,-0.406543
223.2171,-0.406565
223.2331,-0.406595
223.2506,-0.406618
223.2659,-0.406635
223.2842,-0.406649
223.3003,-0.406667
223.317,-0.406687
223.3325,-0.406699
223.3497,-0.406716
223.3669,-0.406735
223.3837,-0.406755
223.4003,-0.40677
223.4165,-0.40679
223.434,-0.406797
223.4509,-0.40681
223.4677,-0.406821
223.4834,-0.406835
223.5011,-0.406852
223.5167,-0.40687
223.5342,-0.406889
223.5505,-0.406908
223.5664,-0.406926
223.5842,-0.406943
223.6003,-0.406964
223.6172,-0.406987
223.634,-0.407012
223.6503,-0.407041
223.667,-0.407064
223.6833,-0.407086
223.7007,-0.40711
223.7169,-0.407122
223.7336,-0.407128
223.7504,-0.407136
223.7672,-0.407153
223.7838,-0.407177
223.8001,-0.407201
223.8171,-0.40722
223.8336,-0.407241
223.8509,-0.407265
223.8677,-0.40729
223.8846,-0.407311
223.9007,-0.407337
223.9173,-0.40736
223.9343,-0.407377
223.9502,-0.407403
223.9677,-0.407429
223.9842,-0.407452
224.0008,-0.40747
224.0172,-0.407489
224.0347,-0.407506
224.0506,-0.407518
224.0683,-0.407542
224.085,-0.407568
224.1003,-0.40759
224.1182,-0.407612
224.1345,-0.407642
224.1515,-0.407671
224.1681,-0.407707
224.1845,-0.407746
224.2012,-0.407775
224.2181,-0.407807
224.2346,-0.407832
224.2516,-0.407858
224.2675,-0.407878
224.2854,-0.407889
224.3013,-0.4079
224.3178,-0.407918
224.3352,-0.407936
224.3515,-0.407953
224.3679,-0.407972
224.3851,-0.407992
224.4018,-0.408027
224.4178,-0.408055
224.4353,-0.408089
224.4514,-0.408121
224.4688,-0.408144
224.4849,-0.408159
224.5018,-0.408174
224.518,-0.408191
224.5355,-0.408204
224.5516,-0.408212
224.568,-0.408228
224.5851,-0.408243
224.6014,-0.408258
224.6185,-0.408271
224.6358,-0.40829
224.6525,-0.408308
224.6679,-0.408329
224.6851,-0.408351
224.702,-0.408373
224.7185,-0.408397
224.7351,-0.408419
224.7522,-0.408446
224.7675,-0.408471
224.7851,-0.408497
224.8022,-0.408525
224.8183,-0.408548
224.8353,-0.408574
224.852,-0.408594
224.8689,-0.40861
224.8858,-0.408634
224.9019,-0.408662
224.9188,-0.408692
224.9346,-0.408725
224.9515,-0.408754
224.969,-0.408779
224.9852,-0.408808
225.0019,-0.408838
225.0193,-0.408862
225.0353,-0.408885
225.0524,-0.408906
225.0694,-0.408926
225.086,-0.408947
225.1019,-0.408967
225.1195,-0.408991
225.1356,-0.409015
225.152,-0.40904
225.1687,-0.409062
225.1862,-0.409091
225.2026,-0.409119
225.2196,-0.409146
225.2354,-0.409168
225.2521,-0.409183
225.2691,-0.409195
225.2861,-0.409209
225.3023,-0.409222
225.3193,-0.40924
225.3359,-0.409259
225.3519,-0.409281
225.369,-0.409299
225.3858,-0.409318
225.4027,-0.409339
225.4189,-0.409363
225.4362,-0.409394
225.4523,-0.409417
225.4693,-0.409437
225.4857,-0.40945
225.5037,-0.409461
225.5197,-0.409467
225.5358,-0.409476
225.5528,-0.409479
225.5691,-0.409489
225.586,-0.409499
225.6027,-0.40952
225.6191,-0.40954
225.6366,-0.409563
225.6527,-0.409594
225.6698,-0.409613
225.6865,-0.409629
225.7033,-0.409643
225.7202,-0.409656
225.7375,-0.409672
225.7532,-0.409683
225.7701,-0.409699
225.7864,-0.409719
225.8031,-0.409734
225.8205,-0.409759
225.8365,-0.409791
225.8533,-0.409816
225.8696,-0.409834
225.8872,-0.40985
225.904,-0.409861
225.9208,-0.409876
225.9374,-0.409886
225.9529,-0.409894
225.97,-0.409911
225.9868,-0.40993
226.0038,-0.409952
226.0204,-0.40998
226.0375,-0.410011
226.0551,-0.410028
226.0704,-0.410047
226.0871,-0.410063
226.1034,-0.410072
226.1201,-0.410084
226.137,-0.410096
226.1542,-0.410106
226.1709,-0.410116
226.187,-0.410124
226.2043,-0.41014
226.2207,-0.410153
226.2372,-0.41016
226.2543,-0.410166
226.2704,-0.410175
226.2875,-0.410192
226.3031,-0.410217
226.3205,-0.410246
226.3369,-0.41027
226.3537,-0.410299
226.3714,-0.410327
226.388,-0.410355
226.4044,-0.410385
226.4202,-0.410416
226.4378,-0.41045
226.4542,-0.41047
226.4709,-0.410487
226.4885,-0.4105
226.505,-0.410515
226.5211,-0.410529
226.5382,-0.410545
226.554,-0.41056
226.5713,-0.410574
226.5881,-0.410583
226.6046,-0.410606
226.6217,-0.410639
226.6379,-0.410665
226.6551,-0.410686
226.6718,-0.410705
226.6884,-0.410716
226.7052,-0.410726
226.721,-0.410742
226.7378,-0.410758
226.7549,-0.410778
226.7713,-0.410806
226.7883,-0.410832
226.805,-0.410855
226.822,-0.410869
226.8384,-0.410873
226.8549,-0.410882
226.8716,-0.410887
226.8886,-0.410883
226.9043,-0.410887
226.921,-0.410901
226.9386,-0.410928
226.9546,-0.410959
226.9712,-0.410999
226.9887,-0.411028
227.0049,-0.41106
227.0216,-0.411087
227.0389,-0.411117
227.0547,-0.411144
227.0718,-0.411166
227.0891,-0.411186
227.1051,-0.411198
227.1224,-0.411213
227.1383,-0.411232
227.1559,-0.411242
227.172,-0.411252
227.1893,-0.411265
227.2051,-0.411274
227.2226,-0.411286
227.238,-0.411298
227.2551,-0.411313
227.2716,-0.411326
227.2881,-0.411341
227.3057,-0.411355
227.3224,-0.411378
227.3387,-0.411392
227.3554,-0.411405
227.3723,-0.411424
227.389,-0.411447
227.4053,-0.411468
227.4218,-0.411489
227.4387,-0.411506
227.4554,-0.411529
227.4727,-0.411547
227.4886,-0.411565
227.5052,-0.411583
227.5222,-0.411603
227.5387,-0.41162
227.5553,-0.411636
227.5724,-0.411661
227.589,-0.411678
227.6058,-0.411692
227.622,-0.411707
227.6392,-0.411726
227.6565,-0.411739
227.6723,-0.411749
227.6889,-0.411763
227.7062,-0.411772
227.7227,-0.411783
227.7389,-0.411802
227.7552,-0.411821
227.7729,-0.411838
227.7892,-0.411849
227.8058,-0.411865
227.8217,-0.411883
227.8393,-0.411898
227.8563,-0.411912
227.8723,-0.411922
227.8891,-0.411931
227.9055,-0.41194
227.9221,-0.411959
227.9395,-0.411985
227.9566,-0.412012
227.9729,-0.412035
227.9895,-0.412055
228.0067,-0.412075
228.0237,-0.41209
228.0389,-0.412104
228.0569,-0.412124
228.0734,-0.412141
228.09,-0.412156
228.1062,-0.412173
228.1229,-0.412196
228.14,-0.412211
228.1558,-0.412229
228.1737,-0.412241
228.19,-0.412256
228.207,-0.412271
228.2225,-0.412276
228.2416,-0.412279
228.2573,-0.41228
228.2744,-0.412276
228.2903,-0.412276
228.307,-0.412284
228.3236,-0.412294
228.3403,-0.412309
228.357,-0.412338
228.3738,-0.412371
228.3909,-0.412404
228.4076,-0.412433
228.4238,-0.41246
228.4415,-0.412483
228.4582,-0.412498
228.4747,-0.41251
228.4907,-0.412524
228.5082,-0.412542
228.5238,-0.41256
228.5414,-0.41258
228.5583,-0.412599
228.5756,-0.412623
228.5915,-0.412642
228.6075,-0.41266
228.6249,-0.412672
228.6414,-0.412686
228.6584,-0.412696
228.6745,-0.41271
228.692,-0.412728
228.7074,-0.412743
228.7245,-0.412758
228.7412,-0.412766
228.7576,-0.412781
228.7751,-0.412799
228.7913,-0.412819
228.8081,-0.412846
228.8241,-0.412871
228.8408,-0.412891
228.8588,-0.412911
228.8744,-0.412928
228.8916,-0.41295
228.9081,-0.412966
228.925,-0.412982
228.9415,-0.413001
228.958,-0.413023
228.9746,-0.413045
228.9915,-0.413083
229.0085,-0.413121
229.0245,-0.413158
229.0415,-0.413192
229.0587,-0.413217
229.0759,-0.413236
229.0919,-0.413252
229.1083,-0.413271
229.1254,-0.413293
229.1411,-0.41331
229.1573,-0.413322
229.1743,-0.413342
229.1916,-0.413371
229.2085,-0.413403
229.225,-0.413439
229.2413,-0.413474
229.2576,-0.413498
229.2746,-0.41352
229.2919,-0.413542
229.3085,-0.413567
229.3248,-0.413591
229.3412,-0.413608
229.3578,-0.413626
229.3752,-0.413642
229.3912,-0.41366
229.4088,-0.413686
229.4252,-0.413718
229.4421,-0.413747
229.4581,-0.413781
229.4745,-0.413817
229.4917,-0.41384
229.5081,-0.413862
229.5251,-0.413886
229.5416,-0.413909
229.5593,-0.413922
229.5746,-0.413941
229.5914,-0.413956
229.6085,-0.41397
229.6244,-0.413988
229.6412,-0.414008
229.6582,-0.414033
229.6752,-0.41406
229.6917,-0.414081
229.7079,-0.414099
229.7241,-0.414117
229.7423,-0.414138
229.7579,-0.414162
229.7742,-0.414189
229.7909,-0.414213
229.8083,-0.414229
229.8248,-0.414245
229.8421,-0.414271
229.8584,-0.414293
229.8746,-0.414317
229.8914,-0.414334
229.9084,-0.414353
229.9245,-0.414374
229.9406,-0.414399
229.9592,-0.414425
229.9742,-0.41445
229.9921,-0.414471
230.0077,-0.414493
230.0248,-0.414516
230.0409,-0.414533
230.0577,-0.414555
230.0749,-0.414578
230.0912,-0.414606
230.1081,-0.414625
230.1241,-0.414646
230.141,-0.414674
230.1582,-0.414706
230.174,-0.414729
230.1906,-0.414747
230.2077,-0.414763
230.224,-0.414778
230.2406,-0.414797
230.2567,-0.414824
230.2735,-0.414848
230.2904,-0.414877
230.3071,-0.4149
230.3237,-0.41491
230.3402,-0.414923
230.3571,-0.414932
230.374,-0.414937
230.3904,-0.414944
230.4064,-0.414952
230.4234,-0.414964
230.4397,-0.414974
230.4562,-0.414992
230.4729,-0.415009
230.4901,-0.415026
230.5055,-0.415046
230.5226,-0.415065
230.54,-0.415081
230.5566,-0.4151
230.5724,-0.41512
230.589,-0.415143
230.6061,-0.415156
230.6222,-0.415176
230.6394,-0.415203
230.6562,-0.415231
230.6728,-0.415256
230.6888,-0.41528
230.7066,-0.415301
230.723,-0.415317
230.7396,-0.415327
230.7563,-0.415337
230.7724,-0.415343
230.7886,-0.415344
230.8056,-0.415357
230.8222,-0.415378
230.8394,-0.415402
230.8558,-0.415426
230.872,-0.415448
230.89,-0.415461
230.9058,-0.415469
230.9221,-0.415474
230.9389,-0.415476
230.9563,-0.415484
230.9729,-0.415496
230.9889,-0.415512
231.0057,-0.415536
231.022,-0.415566
231.0395,-0.41559
231.0563,-0.415617
231.0723,-0.415644
231.0891,-0.415659
231.1056,-0.415667
231.1218,-0.415665
231.1392,-0.415666
231.1547,-0.415671
231.1718,-0.415667
231.188,-0.415668
231.2054,-0.415671
231.222,-0.41568
231.2377,-0.415694
231.2549,-0.4157
231.2711,-0.4157
231.2882,-0.415703
231.3048,-0.415705
231.3217,-0.415716
231.3372,-0.415735
231.3542,-0.415756
231.3708,-0.41577
231.3878,-0.41578
231.4048,-0.415797
231.4212,-0.415809
231.4372,-0.415819
231.4546,-0.41583
231.4705,-0.415843
231.4874,-0.415854
231.5038,-0.41587
231.5206,-0.415886
231.5368,-0.415904
231.5537,-0.415926
231.5706,-0.415942
231.5868,-0.41595
231.6038,-0.41596
231.6205,-0.415971
231.6373,-0.415984
231.6536,-0.415995
231.6701,-0.416006
231.6866,-0.416018
231.7031,-0.416023
231.7202,-0.41603
231.7366,-0.416043
231.753,-0.416052
231.7697,-0.416058
231.7859,-0.416068
231.8033,-0.416077
231.8197,-0.416087
231.8364,-0.416094
231.8523,-0.416101
231.8699,-0.416109
231.8866,-0.416123
231.904,-0.416139
231.9188,-0.416148
231.9361,-0.41616
231.9522,-0.416171
231.9696,-0.416177
231.9865,-0.416188
232.0022,-0.416199
232.0198,-0.416206
232.0366,-0.416206
232.0526,-0.416198
232.0699,-0.416203
232.0853,-0.416213
232.1019,-0.416221
232.1193,-0.416229
232.1357,-0.416235
232.1528,-0.416243
232.1694,-0.416256
232.1861,-0.416267
232.2025,-0.416272
232.2191,-0.416278
232.2361,-0.416281
232.2523,-0.416281
232.2689,-0.416286
232.2847,-0.416295
232.3019,-0.416303
232.3185,-0.416302
232.3361,-0.416303
232.3529,-0.416306
232.3684,-0.416312
232.3862,-0.41632
232.4019,-0.416331
232.4185,-0.416341
232.4351,-0.416348
232.4523,-0.416353
232.4689,-0.416355
232.4857,-0.41636
232.5024,-0.416361
232.5183,-0.41636
232.5349,-0.41636
232.5512,-0.41636
232.5685,-0.416363
232.5852,-0.416373
232.6017,-0.41639
232.6181,-0.416404
232.6353,-0.416422
232.6511,-0.416435
232.6692,-0.416451
232.6844,-0.416469
232.7017,-0.416483
232.7186,-0.416488
232.7342,-0.416485
232.7518,-0.416481
232.7678,-0.41648
232.7846,-0.416476
232.8007,-0.416479
232.8176,-0.416489
232.8345,-0.416498
232.8506,-0.416509
232.8677,-0.416526
232.8849,-0.416543
232.9012,-0.416559
232.9178,-0.416573
232.9345,-0.416594
232.9511,-0.416605
232.9681,-0.416622
232.9843,-0.41664
233.0006,-0.416662
233.0174,-0.416668
233.0343,-0.416673
233.0522,-0.416678
233.0678,-0.416687
233.0841,-0.416691
233.1009,-0.416699
233.1178,-0.416711
233.1339,-0.416726
233.1512,-0.416743
233.1672,-0.416751
233.1845,-0.416755
233.2014,-0.416759
233.2186,-0.416757
233.2345,-0.416764
233.2504,-0.41677
233.2672,-0.416766
233.2842,-0.416769
233.3011,-0.41678
233.3183,-0.416791
233.3345,-0.416801
233.3507,-0.416815
233.3682,-0.416834
233.3845,-0.416841
233.4011,-0.416855
233.4172,-0.416873
233.4343,-0.41689
233.4515,-0.416908
233.4678,-0.416927
233.4847,-0.416948
233.5015,-0.416962
233.5177,-0.416964
233.5346,-0.416962
233.5515,-0.416961
233.5679,-0.416963
233.5841,-0.416968
233.6006,-0.416974
233.6175,-0.416981
233.6341,-0.41699
233.6515,-0.416992
233.6677,-0.417001
233.6837,-0.417012
233.7005,-0.417022
233.7168,-0.417037
233.7334,-0.417053
233.7506,-0.41707
233.7684,-0.41709
233.784,-0.417104
233.8011,-0.417122
233.8171,-0.417139
233.8338,-0.417161
233.8511,-0.41718
233.8672,-0.417206
233.8845,-0.417238
233.9012,-0.417269
233.9176,-0.417292
233.9339,-0.417314
233.9511,-0.417339
233.9675,-0.417358
233.9831,-0.417381
234.0002,-0.417405
234.0178,-0.417421
234.0345,-0.417435
234.0518,-0.417447
234.0679,-0.417457
234.0843,-0.417466
234.1012,-0.417475
234.1172,-0.417486
234.1335,-0.417496
234.1507,-0.417508
234.1677,-0.417519
234.1833,-0.41754
234.2003,-0.417563
234.2169,-0.417585
234.2341,-0.41761
234.2502,-0.417637
234.2672,-0.417678
234.2836,-0.417711
234.3002,-0.417735
234.3168,-0.41776
234.3335,-0.417779
234.3501,-0.4178
234.3663,-0.417829
234.3843,-0.417852
234.4005,-0.417869
234.4171,-0.417888
234.434,-0.417919
234.4504,-0.417948
234.4676,-0.417973
234.4835,-0.41799
234.5005,-0.418004
234.5175,-0.418014
234.5338,-0.418033
234.5511,-0.418051
234.5667,-0.418076
234.5839,-0.418083
234.6006,-0.418096
234.6174,-0.418115
234.6346,-0.418135
234.651,-0.418158
234.6666,-0.418175
234.6839,-0.418192
234.7,-0.4182
234.7182,-0.418205
234.7344,-0.418214
234.7509,-0.41823
234.7677,-0.418234
234.7837,-0.418242
234.8005,-0.418245
234.8175,-0.41825
234.834,-0.418266
234.851,-0.418281
234.8675,-0.418306
234.8846,-0.418332
234.9017,-0.418358
234.9177,-0.418381
234.9344,-0.418406
234.951,-0.418426
234.9681,-0.418452
234.9848,-0.418478
235.0014,-0.418507
235.0187,-0.418537
235.0348,-0.418563
235.0524,-0.418595
235.0684,-0.418625
235.0851,-0.418653
235.1024,-0.418672
235.1184,-0.418679
235.1352,-0.418685
235.1522,-0.418692
235.1686,-0.418709
235.1846,-0.418722
235.2014,-0.418739
235.219,-0.418755
235.235,-0.41877
235.2523,-0.418785
235.2683,-0.4188
235.285,-0.418817
235.3019,-0.418831
235.3185,-0.418849
235.335,-0.418865
235.3521,-0.418886
235.369,-0.418906
235.3858,-0.418927
235.4026,-0.418945
235.4185,-0.418962
235.4352,-0.418981
235.4514,-0.419004
235.4689,-0.419024
235.4853,-0.419049
235.5021,-0.419085
235.519,-0.419118
235.5358,-0.419146
235.5522,-0.419172
235.5688,-0.419199
235.5854,-0.419224
235.6025,-0.419243
235.6195,-0.419268
235.636,-0.4193
235.6523,-0.419329
235.6694,-0.419355
235.6862,-0.419383
235.7027,-0.41941
235.7198,-0.419435
235.7368,-0.419457
235.7529,-0.419485
235.7693,-0.419513
235.7859,-0.419536
235.803,-0.419561
235.8199,-0.419582
235.8365,-0.419609
235.8533,-0.419645
235.8696,-0.419677
235.8865,-0.419697
235.9025,-0.419716
235.9191,-0.419739
235.9364,-0.419771
235.9529,-0.4198
235.9689,-0.419822
235.9859,-0.41985
236.0027,-0.419879
236.0195,-0.419915
236.0357,-0.419962
236.053,-0.420002
236.07,-0.420034
236.0865,-0.420063
236.1033,-0.420093
236.1196,-0.42013
236.1362,-0.420167
236.1525,-0.420195
236.1694,-0.420225
236.1866,-0.420254
236.2024,-0.420287
236.22,-0.420328
236.2367,-0.420362
236.2529,-0.420396
236.269,-0.420423
236.2859,-0.420451
236.3034,-0.420475
236.3193,-0.420498
236.3364,-0.420517
236.3528,-0.420536
236.3696,-0.42055
236.3858,-0.42057
236.4023,-0.420598
236.4195,-0.420624
236.4358,-0.420654
236.4528,-0.420689
236.4696,-0.420733
236.4861,-0.420776
236.5026,-0.420815
236.5201,-0.420845
236.5359,-0.420877
236.5543,-0.420906
236.5697,-0.420934
236.5862,-0.42096
236.6031,-0.420985
236.6201,-0.421003
236.6362,-0.421023
236.6527,-0.421048
236.6693,-0.421077
236.686,-0.421103
236.7027,-0.421127
236.7202,-0.421149
236.7365,-0.421162
236.7528,-0.421177
236.7695,-0.421195
236.7854,-0.421216
236.8023,-0.421237
236.8194,-0.421265
236.8362,-0.421287
236.8532,-0.421306
236.8697,-0.421329
236.8867,-0.42135
236.9026,-0.421368
236.92,-0.421385
236.9362,-0.421399
236.9527,-0.421418
236.9696,-0.421444
236.9861,-0.421472
237.0033,-0.421499
237.0202,-0.421524
237.0363,-0.42155
237.053,-0.421567
237.0697,-0.421586
237.0863,-0.421611
237.1035,-0.421636
237.1195,-0.421662
237.137,-0.42168
237.1529,-0.421696
237.1701,-0.421715
237.1866,-0.42174
237.2032,-0.421767
237.2198,-0.421796
237.2371,-0.421816
237.2527,-0.421831
237.2706,-0.421848
237.2872,-0.421872
237.3038,-0.421894
237.3196,-0.421915
237.3366,-0.421933
237.3539,-0.421944
237.3706,-0.421959
237.3876,-0.421972
237.4043,-0.421988
237.4212,-0.422002
237.4373,-0.422017
237.4538,-0.422025
237.4707,-0.422042
237.487,-0.422058
237.5035,-0.422074
237.521,-0.422093
237.5374,-0.422123
237.5539,-0.42215
237.5711,-0.422176
237.5875,-0.422198
237.6039,-0.422221
237.621,-0.422244
237.6368,-0.422272
237.6537,-0.422296
237.6709,-0.422315
237.6872,-0.422335
237.7044,-0.422356
237.7212,-0.422382
237.7379,-0.422407
237.7544,-0.422441
237.7706,-0.422473
237.7875,-0.422493
237.8047,-0.422511
237.8209,-0.422523
237.8383,-0.422535
237.8546,-0.422546
237.8704,-0.422548
237.8882,-0.42255
237.9039,-0.422564
237.9207,-0.422582
237.9379,-0.422608
237.9542,-0.42264
237.971,-0.422666
237.9876,-0.422702
238.0042,-0.42273
238.0213,-0.422749
238.0376,-0.422771
238.0551,-0.422787
238.0712,-0.422809
238.0873,-0.42283
238.1042,-0.422861
238.1207,-0.422886
238.1378,-0.422909
238.1546,-0.42293
238.1708,-0.422955
238.1884,-0.422989
238.2046,-0.423015
238.2222,-0.423036
238.2378,-0.423056
238.2544,-0.423072
238.2716,-0.423094
238.2877,-0.42311
238.3047,-0.423122
238.3209,-0.42314
238.3379,-0.423151
238.3548,-0.423159
238.3711,-0.423172
238.3868,-0.423185
238.4041,-0.423202
238.4204,-0.423229
238.4375,-0.423255
238.4537,-0.423293
238.4711,-0.42333
238.4872,-0.423358
238.5046,-0.423392
238.5215,-0.423414
238.5384,-0.423427
238.5552,-0.423442
238.5713,-0.42346
238.5881,-0.423479
238.6044,-0.423496
238.6214,-0.423517
238.6387,-0.423535
238.655,-0.423556
238.6713,-0.423583
238.6871,-0.423619
238.7045,-0.423645
238.7211,-0.423672
238.7381,-0.423693
238.7552,-0.423715
238.7719,-0.423746
238.7881,-0.423773
238.8044,-0.423797
238.8215,-0.423815
238.8382,-0.423835
238.855,-0.423855
238.8715,-0.423882
238.8886,-0.423907
238.9046,-0.423922
238.9221,-0.423935
238.9387,-0.423956
238.9547,-0.423983
238.9717,-0.424012
238.9875,-0.424043
239.0055,-0.424071
239.0217,-0.424091
239.0384,-0.424108
239.0549,-0.424121
239.0717,-0.424132
239.0883,-0.424143
239.1048,-0.424147
239.1213,-0.42416
239.1381,-0.424169
239.1555,-0.424183
239.172,-0.424203
239.188,-0.424228
239.205,-0.424253
239.2215,-0.424282
239.2383,-0.424305
239.2553,-0.424324
239.2715,-0.424348
239.2883,-0.424373
239.3061,-0.424402
239.3221,-0.424428
239.3382,-0.42445
239.3553,-0.42447
239.3718,-0.424495
239.389,-0.424523
239.4051,-0.424553
239.4221,-0.42458
239.4386,-0.424601
239.4558,-0.424613
239.4725,-0.424631
239.4884,-0.424647
239.5059,-0.424664
239.5224,-0.424684
239.5388,-0.424701
239.5553,-0.424715
239.5723,-0.424741
239.5897,-0.424761
239.6057,-0.424784
239.6218,-0.424806
239.6398,-0.42483
239.6563,-0.424846
239.6727,-0.424864
239.6895,-0.42488
239.7056,-0.424893
239.7232,-0.424902
239.7395,-0.424912
239.7556,-0.424922
239.7724,-0.424934
239.7887,-0.424946
239.8057,-0.424965
239.8228,-0.424989
239.8392,-0.425011
239.8562,-0.425031
239.8726,-0.425054
239.8899,-0.425074
239.9061,-0.425098
239.9234,-0.425116
239.9401,-0.425135
239.9563,-0.425154
239.9732,-0.425171
239.99,-0.425186
240.0072,-0.425204
240.0236,-0.425227
240.0398,-0.425246
240.0569,-0.425265
240.0729,-0.425285
240.0908,-0.425314
240.1067,-0.425343
240.1228,-0.425374
240.1407,-0.425398
240.1569,-0.42542
240.1738,-0.425447
240.1904,-0.425473
240.2081,-0.425496
240.2241,-0.425517
240.24,-0.425536
240.257,-0.425558
240.2742,-0.425583
240.2904,-0.425612
240.3081,-0.42565
240.3242,-0.425687
240.3414,-0.425714
240.3577,-0.425735
240.3746,-0.425754
240.3905,-0.425769
240.4076,-0.425795
240.4242,-0.425813
240.4406,-0.425837
240.4575,-0.42586
240.4744,-0.42588
240.4909,-0.425904
240.5079,-0.42592
240.5242,-0.425942
240.5413,-0.425962
240.5582,-0.425983
240.5747,-0.426009
240.5908,-0.426037
240.6086,-0.426064
240.6241,-0.42609
240.642,-0.426119
240.6589,-0.426153
240.6745,-0.426187
240.6913,-0.426215
240.7081,-0.426235
240.7252,-0.426255
240.7414,-0.42628
240.758,-0.426299
240.7745,-0.426322
240.7918,-0.426346
240.8086,-0.426375
240.8254,-0.426403
240.8407,-0.426429
240.8583,-0.426459
240.8752,-0.426486
240.8924,-0.426516
240.9079,-0.42654
240.925,-0.426559
240.9424,-0.426581
240.9575,-0.426603
240.975,-0.426632
240.9918,-0.42667
241.0078,-0.426705
241.0248,-0.426733
241.0415,-0.42676
241.0587,-0.426786
241.0744,-0.426818
241.0909,-0.42686
241.1077,-0.4269
241.1244,-0.426942
241.141,-0.42698
241.1581,-0.427012
241.1752,-0.427046
241.1918,-0.427083
241.2078,-0.427115
241.225,-0.427141
241.241,-0.427168
241.2581,-0.427188
241.2749,-0.42721
241.2906,-0.427234
241.3082,-0.427258
241.3244,-0.427278
241.3415,-0.427308
241.3574,-0.427338
241.3742,-0.427365
241.3919,-0.427394
241.4077,-0.427417
241.4242,-0.427435
241.4412,-0.42746
241.4577,-0.427481
241.4741,-0.427497
241.4908,-0.427519
241.508,-0.427537
241.5243,-0.427551
241.5408,-0.427566
241.5571,-0.427585
241.5738,-0.427604
241.591,-0.427628
241.6069,-0.427649
241.6234,-0.427673
241.6409,-0.427695
241.657,-0.427715
241.6741,-0.427741
241.6908,-0.427778
241.7071,-0.427809
241.7243,-0.427829
241.7412,-0.42785
241.7577,-0.427861
241.7749,-0.427874
241.7902,-0.427887
241.8075,-0.42789
241.8243,-0.427893
241.8403,-0.427902
241.8574,-0.427908
241.8744,-0.427919
241.8905,-0.42793
241.9072,-0.427939
241.9242,-0.427951
241.9412,-0.427958
241.9574,-0.427971
241.9734,-0.427988
241.9909,-0.427999
242.008,-0.428013
242.0234,-0.42803
242.0408,-0.428047
242.0579,-0.42806
242.0738,-0.428082
242.0905,-0.428106
242.1076,-0.428126
242.1244,-0.428137
242.1407,-0.428146
242.1573,-0.428154
242.1745,-0.428153
242.1902,-0.428155
242.2065,-0.428165
242.2234,-0.428179
242.2393,-0.428195
242.2569,-0.428213
242.2735,-0.428246
242.2911,-0.428276
242.3066,-0.428301
242.3238,-0.428318
242.3402,-0.428325
242.3565,-0.428332
242.3738,-0.428338
242.3899,-0.42835
242.4062,-0.428354
242.4226,-0.428371
242.4403,-0.428386
242.457,-0.4284
242.4738,-0.42842
242.4903,-0.428437
242.5074,-0.428449
242.5226,-0.428454
242.5396,-0.42846
242.5572,-0.428464
242.5729,-0.428465
242.5898,-0.428467
242.607,-0.428475
242.623,-0.428476
242.6401,-0.428482
242.6568,-0.428485
242.6733,-0.428489
242.6902,-0.428498
242.7068,-0.428497
242.7232,-0.4285
242.7396,-0.428514
242.7563,-0.42853
242.7732,-0.428549
242.7892,-0.428573
242.8066,-0.428599
242.8232,-0.428625
242.8399,-0.428643
242.8568,-0.428653
242.873,-0.428658
242.8897,-0.428657
242.9061,-0.428659
242.9234,-0.428661
242.9396,-0.428668
242.9564,-0.428676
242.9731,-0.42869
242.99,-0.428706
243.0061,-0.42872
243.0228,-0.428743
243.0399,-0.428762
243.0564,-0.428777
243.0739,-0.428788
243.09,-0.428802
243.1069,-0.428817
243.1231,-0.428825
243.1395,-0.428837
243.1566,-0.42885
243.1739,-0.428859
243.1905,-0.428867
243.2065,-0.428878
243.2234,-0.428893
243.2399,-0.428895
243.2561,-0.428904
243.2739,-0.428908
243.2906,-0.428916
243.3073,-0.428935
243.3231,-0.428953
243.3404,-0.428972
243.3571,-0.428987
243.3738,-0.429
243.3912,-0.42901
243.4065,-0.429017
243.4241,-0.42902
243.4409,-0.429027
243.4568,-0.429033
243.4738,-0.429037
243.4907,-0.429045
243.507,-0.429058
243.5238,-0.429073
243.5405,-0.429078
243.5569,-0.429084
243.5741,-0.429088
243.5904,-0.429093
243.6073,-0.429101
243.6235,-0.429106
243.6407,-0.429114
243.6569,-0.429121
243.6734,-0.429128
243.6904,-0.429135
243.7072,-0.429148
243.7229,-0.429153
243.7411,-0.429158
243.7571,-0.42917
243.7738,-0.429186
243.7911,-0.429203
243.8072,-0.429224
243.8245,-0.429243
243.8409,-0.429266
243.8569,-0.429291
243.8741,-0.42932
243.8909,-0.429351
243.908,-0.429369
243.9244,-0.429394
243.9415,-0.429415
243.9577,-0.429427
243.9739,-0.429439
243.9909,-0.429453
244.0079,-0.429467
244.024,-0.42948
244.0407,-0.429495
244.0581,-0.429518
244.0749,-0.429533
244.0904,-0.429546
244.1075,-0.429561
244.1243,-0.429579
244.1412,-0.429599
244.1571,-0.429619
244.1741,-0.42965
244.1906,-0.429675
244.208,-0.429699
244.2243,-0.429731
244.2413,-0.429768
244.2575,-0.429806
244.2735,-0.429838
244.2906,-0.429859
244.3076,-0.429881
244.3248,-0.429901
244.3419,-0.429914
244.3579,-0.429936
244.374,-0.429958
244.3912,-0.429975
244.4075,-0.429995
244.425,-0.430015
244.441,-0.430039
244.4573,-0.430058
244.4746,-0.43007
244.4909,-0.43009
244.5069,-0.430105
244.5244,-0.430122
244.5409,-0.430148
244.5576,-0.430172
244.5738,-0.430191
244.5902,-0.430215
244.6078,-0.430231
244.6237,-0.430253
244.6412,-0.430279
244.6572,-0.430304
244.6743,-0.430331
244.6904,-0.430348
244.7077,-0.43037
244.7241,-0.430392
244.7405,-0.430421
244.7573,-0.430451
244.7738,-0.430475
244.7912,-0.430498
244.8072,-0.430523
244.8242,-0.430546
244.8404,-0.430567
244.8575,-0.430587
244.8733,-0.430602
244.8911,-0.430626
244.9073,-0.43065
244.9236,-0.43068
244.9405,-0.430712
244.9566,-0.430743
244.9738,-0.430771
244.9906,-0.43079
245.0075,-0.43081
245.0243,-0.430827
245.0409,-0.430845
245.0573,-0.43086
245.0742,-0.430874
245.0913,-0.430889
245.1074,-0.430906
245.1231,-0.430931
245.141,-0.430952
245.1568,-0.43098
245.1735,-0.431002
245.1907,-0.431027
245.2075,-0.43105
245.2241,-0.431074
245.2413,-0.431098
245.2567,-0.431121
245.2743,-0.431139
245.2916,-0.431154
245.3075,-0.431171
245.3238,-0.431185
245.3404,-0.431193
245.3568,-0.431194
245.3739,-0.431193
245.3905,-0.431199
245.4077,-0.431205
245.4233,-0.431219
245.4398,-0.431237
245.4565,-0.431251
245.4732,-0.431265
245.4897,-0.431287
245.5073,-0.431306
245.5232,-0.431322
245.5401,-0.431338
245.5576,-0.431348
245.5733,-0.431361
245.5891,-0.431377
245.6059,-0.431408
245.6233,-0.431431
245.6398,-0.431457
245.6567,-0.431485
245.6734,-0.431515
245.691,-0.431538
245.7067,-0.431556
245.7233,-0.431566
245.7406,-0.431586
245.7565,-0.431597
245.7737,-0.431611
245.7905,-0.431624
245.8067,-0.431638
245.8239,-0.431645
245.8398,-0.431658
245.8567,-0.431673
245.8743,-0.431687
245.8908,-0.431703
245.9068,-0.431718
245.9229,-0.431742
245.9408,-0.431763
245.9567,-0.431786
245.9738,-0.43181
245.9904,-0.431827
246.0067,-0.43185
246.0244,-0.431872
246.0408,-0.43189
246.0568,-0.431906
246.0735,-0.431912
246.0906,-0.431916
246.1077,-0.431921
246.1239,-0.43193
246.1402,-0.431941
246.1562,-0.431952
246.1738,-0.431958
246.1905,-0.431965
246.208,-0.431986
246.2237,-0.432004
246.2412,-0.432016
246.2567,-0.432028
246.2736,-0.432037
246.2908,-0.432047
246.3071,-0.432059
246.3241,-0.432072
246.3409,-0.432084
246.3578,-0.432106
246.3746,-0.432128
246.3909,-0.432155
246.4075,-0.432176
246.4244,-0.432193
246.4411,-0.432204
246.4581,-0.432216
246.4746,-0.432238
246.4909,-0.432266
246.5084,-0.432289
246.5246,-0.432307
246.5419,-0.432325
246.558,-0.432349
246.5761,-0.432372
246.5916,-0.432387
246.6077,-0.432385
246.6253,-0.432382
246.6423,-0.432385
246.6583,-0.432378
246.6743,-0.43238
246.6907,-0.432387
246.7085,-0.432392
246.7252,-0.432403
246.7412,-0.432418
246.7586,-0.432441
246.775,-0.432468
246.7918,-0.432492
246.8079,-0.432523
246.8253,-0.432555
246.8421,-0.432574
246.8587,-0.432595
246.8753,-0.432614
246.8927,-0.432634
246.9094,-0.432641
246.9253,-0.432643
246.9419,-0.432649
246.9587,-0.43266
246.9763,-0.432672
246.9917,-0.432682
247.0089,-0.432704
247.0255,-0.432733
247.0424,-0.43275
247.0587,-0.432764
247.0756,-0.432787
247.0928,-0.432805
247.1087,-0.432813
247.1251,-0.432835
247.1424,-0.432856
247.1589,-0.43288
247.1754,-0.432906
247.1918,-0.43294
247.2091,-0.432975
247.2264,-0.433012
247.2428,-0.433046
247.2596,-0.43308
247.2766,-0.433111
247.2934,-0.433128
247.3104,-0.433145
247.3256,-0.433156
247.3436,-0.433173
247.3608,-0.433191
247.3765,-0.433211
247.3935,-0.433232
247.4092,-0.433252
247.4261,-0.433269
247.4433,-0.433289
247.4603,-0.433317
247.4764,-0.433347
247.4933,-0.433374
247.5101,-0.433397
247.5265,-0.433421
247.5438,-0.433442
247.5608,-0.433462
247.5766,-0.433486
247.5934,-0.433503
247.61,-0.433526
247.6266,-0.433548
247.6435,-0.433567
247.6597,-0.433593
247.6766,-0.433615
247.6933,-0.433639
247.7096,-0.433665
247.7271,-0.433688
247.7441,-0.433716
247.7598,-0.433747
247.7762,-0.43377
247.7937,-0.4338
247.8099,-0.43382
247.8267,-0.433839
247.8434,-0.43386
247.8594,-0.433883
247.8772,-0.433905
247.8931,-0.433932
247.9103,-0.433958
247.9265,-0.433991
247.9437,-0.434025
247.9599,-0.434056
247.9766,-0.434086
247.9931,-0.434116
248.0105,-0.43415
248.0261,-0.434181
248.0429,-0.434208
248.0598,-0.434239
248.0764,-0.434278
248.094,-0.434308
248.1101,-0.434333
248.1271,-0.434366
248.1434,-0.434386
248.1604,-0.434406
248.1764,-0.434422
248.1933,-0.43444
248.2111,-0.434455
248.2272,-0.434481
248.2434,-0.434511
248.2604,-0.434549
248.2772,-0.434574
248.2943,-0.434596
248.3113,-0.434625
248.3275,-0.434656
248.3435,-0.434684
248.3609,-0.434704
248.377,-0.434723
248.3939,-0.434737
248.4103,-0.434759
248.4274,-0.434787
248.4438,-0.434813
248.4602,-0.434832
248.4767,-0.434854
248.4937,-0.434887
248.511,-0.434918
248.5276,-0.434949
248.5439,-0.434984
248.5613,-0.435018
248.5782,-0.43505
248.5942,-0.435072
248.6105,-0.435098
248.6274,-0.435118
248.6445,-0.435135
248.6608,-0.435151
248.6776,-0.435172
248.6943,-0.435188
248.7111,-0.435202
248.727,-0.435217
248.7437,-0.435237
248.7605,-0.435256
248.7772,-0.435276
248.795,-0.435295
248.8101,-0.435317
248.8277,-0.435337
248.8442,-0.435357
248.8605,-0.435383
248.8773,-0.43541
248.8938,-0.435433
248.9103,-0.435451
248.9272,-0.435475
248.9446,-0.435505
248.961,-0.435538
248.9771,-0.435569
248.9936,-0.435595
249.0115,-0.435619
249.0278,-0.435635
249.0447,-0.435659
249.061,-0.435686
249.0773,-0.43571
249.0945,-0.435731
249.1107,-0.435755
249.1276,-0.435786
249.1443,-0.435819
249.1617,-0.435852
249.1776,-0.435876
249.1941,-0.435895
249.2115,-0.435904
249.2281,-0.435915
249.2447,-0.435915
249.2613,-0.435915
249.2776,-0.435922
249.2946,-0.435926
249.3104,-0.435938
249.3273,-0.435956
249.3442,-0.435985
249.3611,-0.436017
249.3776,-0.436047
249.3937,-0.436076
249.4107,-0.436108
249.4274,-0.436133
249.4447,-0.436157
249.4615,-0.436178
249.478,-0.436201
249.4951,-0.436215
249.5109,-0.436227
249.5278,-0.436242
249.5442,-0.436255
249.5614,-0.43627
249.577,-0.436283
249.5953,-0.436292
249.6113,-0.436307
249.6274,-0.436326
249.6447,-0.436346
249.6615,-0.436369
249.6768,-0.436387
249.6943,-0.436416
249.7113,-0.436441
249.7278,-0.436465
249.7443,-0.436495
249.7606,-0.43653
249.7773,-0.436555
249.7939,-0.436583
249.8103,-0.436607
249.8278,-0.436626
249.8446,-0.436649
249.8609,-0.436679
249.8772,-0.436702
249.8936,-0.436727
249.9106,-0.436738
249.9277,-0.436752
249.9441,-0.436767
249.9606,-0.436792
249.9774,-0.436823
249.994,-0.436849
250.0108,-0.436863
250.0276,-0.436875
250.0448,-0.436889
250.0616,-0.436903
250.0773,-0.436924
250.094,-0.436941
250.111,-0.436954
250.1275,-0.436966
250.1448,-0.436984
250.1607,-0.437
250.1771,-0.437017
250.1935,-0.437031
250.2097,-0.437042
250.2276,-0.437053
250.243,-0.437068
250.2605,-0.437078
250.2769,-0.437087
250.2932,-0.437099
250.3098,-0.437106
250.3267,-0.437117
250.3427,-0.437128
250.3603,-0.437134
250.3764,-0.43715
250.3929,-0.437166
250.4105,-0.437182
250.4264,-0.437202
250.4435,-0.437223
250.4602,-0.437238
250.4769,-0.437248
250.4927,-0.437253
250.5108,-0.437268
250.5266,-0.437282
250.5429,-0.437304
250.5596,-0.437327
250.5769,-0.437336
250.5936,-0.437347
250.6101,-0.437362
250.6275,-0.43738
250.6436,-0.437395
250.6592,-0.437409
250.677,-0.437424
250.6938,-0.437436
250.7102,-0.437454
250.7271,-0.437481
250.7443,-0.437513
250.76,-0.437537
250.7769,-0.43755
250.7941,-0.437561
250.8107,-0.437568
250.8273,-0.437573
250.8438,-0.437582
250.8602,-0.437592
250.8773,-0.437594
250.8938,-0.437595
250.9104,-0.437607
250.9276,-0.437616
250.9445,-0.437625
250.9603,-0.43763
250.9774,-0.437633
250.994,-0.437642
251.0104,-0.437651
251.0272,-0.437664
251.0436,-0.437681
251.0609,-0.437694
251.0773,-0.437713
251.0942,-0.437729
251.1111,-0.437735
251.1276,-0.437746
251.144,-0.437756
251.1609,-0.437773
251.1774,-0.43779
251.1936,-0.437804
251.2105,-0.437826
251.2276,-0.437853
251.2445,-0.437878
251.2607,-0.43789
251.278,-0.437906
251.2941,-0.437915
251.3102,-0.437927
251.3272,-0.437941
251.3438,-0.43796
251.3604,-0.437976
251.3774,-0.438
251.3943,-0.438028
251.4113,-0.43805
251.4279,-0.438075
251.4439,-0.438098
251.461,-0.438118
251.4767,-0.438138
251.4939,-0.438152
251.5108,-0.438169
251.5283,-0.438189
251.5442,-0.43821
251.5613,-0.438236
251.5781,-0.43826
251.5941,-0.438286
251.6105,-0.438311
251.6272,-0.438341
251.6447,-0.438374
251.6609,-0.438404
251.6779,-0.438434
251.6942,-0.438452
251.7115,-0.438466
251.7277,-0.438478
251.7444,-0.438492
251.7607,-0.438506
251.7769,-0.438526
251.794,-0.438546
251.8112,-0.438572
251.8276,-0.438605
251.844,-0.43863
251.8611,-0.438661
251.8786,-0.438692
251.8937,-0.438724
251.9105,-0.438751
251.9274,-0.438774
251.9445,-0.438788
251.961,-0.438804
251.9779,-0.438819
251.9944,-0.438836
252.0108,-0.438853
252.0275,-0.43887
252.0439,-0.438886
252.0606,-0.438903
252.0776,-0.438929
252.0944,-0.438951
252.1099,-0.438975
252.1278,-0.438998
252.1438,-0.439019
252.1608,-0.439042
252.1771,-0.439066
252.1947,-0.439086
252.2116,-0.439113
252.2278,-0.439145
252.2443,-0.439167
252.2607,-0.439185
252.2771,-0.439202
252.2941,-0.439213
252.3109,-0.439229
252.3273,-0.439251
252.3438,-0.439275
252.361,-0.439291
252.3771,-0.43931
252.3939,-0.439326
252.4106,-0.439345
252.4273,-0.439366
252.4438,-0.439387
252.4613,-0.439409
252.4772,-0.439428
252.4942,-0.439445
252.5111,-0.439468
252.5278,-0.43949
252.544,-0.439503
252.5605,-0.439518
252.5773,-0.439533
252.5944,-0.43955
252.6108,-0.439565
252.6267,-0.439589
252.6442,-0.439612
252.6612,-0.439635
252.6777,-0.439658
252.6945,-0.439682
252.7115,-0.439706
252.728,-0.439726
252.7438,-0.439742
252.7613,-0.439754
252.7773,-0.439764
252.7944,-0.439782
252.8114,-0.439795
252.8272,-0.439809
252.8441,-0.439821
252.8605,-0.439833
252.8784,-0.439845
252.8941,-0.439868
252.9111,-0.439885
252.9279,-0.439905
252.9441,-0.43992
252.9607,-0.439937
252.9773,-0.439958
252.9947,-0.439983
253.0113,-0.440004
253.028,-0.440015
253.0448,-0.440022
253.0609,-0.440029
253.0778,-0.440039
253.0942,-0.440052
253.1115,-0.440064
253.1271,-0.440084
253.1442,-0.440106
253.1608,-0.440123
253.1775,-0.44015
253.1944,-0.440177
253.2121,-0.44021
253.2276,-0.44023
253.2446,-0.440252
253.2617,-0.440271
253.2778,-0.440287
253.2943,-0.440305
253.3111,-0.440317
253.328,-0.440329
253.3447,-0.44034
253.3617,-0.440351
253.3783,-0.440363
253.3941,-0.440378
253.4111,-0.44039
253.4279,-0.440414
253.4449,-0.440443
253.4621,-0.44047
253.4777,-0.440502
253.4949,-0.440526
253.5115,-0.440548
253.5281,-0.440568
253.5444,-0.440588
253.5611,-0.440603
253.5778,-0.440617
253.5945,-0.44063
253.6104,-0.440645
253.6277,-0.440661
253.6438,-0.440688
253.6612,-0.440716
253.6774,-0.440746
253.6941,-0.440777
253.7116,-0.440813
253.7277,-0.440843
253.7439,-0.440865
253.7612,-0.44089
253.7773,-0.44091
253.7946,-0.44093
253.8112,-0.440951
253.8268,-0.440973
253.8446,-0.440989
253.861,-0.441011
253.8774,-0.441031
253.894,-0.44105
253.9104,-0.441065
253.9273,-0.441076
253.9439,-0.44109
253.961,-0.441114
253.9774,-0.441145
253.9944,-0.441179
254.0109,-0.441208
254.0271,-0.441232
254.0449,-0.441253
254.0609,-0.441277
254.0782,-0.441301
254.0942,-0.441322
254.1108,-0.441341
254.1271,-0.441359
254.1448,-0.441381
254.1613,-0.441407
254.1781,-0.441431
254.1944,-0.441457
254.2112,-0.44148
254.2286,-0.441498
254.2437,-0.441512
254.262,-0.441524
254.2779,-0.441529
254.2945,-0.441531
254.3111,-0.441529
254.3275,-0.441531
254.3443,-0.44153
254.3609,-0.441532
254.378,-0.441538
254.3943,-0.441542
254.4112,-0.441557
254.4278,-0.441577
254.4448,-0.441601
254.4614,-0.441621
254.4776,-0.44165
254.4955,-0.441677
254.5117,-0.441701
254.5284,-0.441732
254.545,-0.441751
254.5621,-0.44177
254.5783,-0.441777
254.5948,-0.441782
254.6113,-0.441786
254.6274,-0.441801
254.6447,-0.441816
254.6613,-0.441833
254.6781,-0.441851
254.6958,-0.44187
254.7125,-0.441894
254.7285,-0.44191
254.7453,-0.441928
254.7616,-0.441943
254.7789,-0.441953
254.7961,-0.441963
254.8119,-0.44197
254.829,-0.441982
254.8455,-0.441994
254.8621,-0.442009
254.8783,-0.442028
254.895,-0.442053
254.9122,-0.442073
254.9285,-0.442096
254.9453,-0.442117
254.963,-0.442149
254.9786,-0.442178
254.9959,-0.442205
255.0127,-0.442226
255.029,-0.442245
255.0463,-0.442261
255.0627,-0.442277
255.0792,-0.442301
255.0963,-0.442323
255.1126,-0.442342
255.1296,-0.442361
255.1465,-0.442387
255.1625,-0.442404
255.1797,-0.442428
255.1966,-0.442449
255.2135,-0.442469
255.2301,-0.442491
255.2463,-0.442506
255.2637,-0.442519
255.2801,-0.44253
255.2971,-0.442547
255.314,-0.44257
255.3297,-0.44259
255.3468,-0.442608
255.3637,-0.442626
255.3807,-0.442648
255.3969,-0.442674
255.4137,-0.442696
255.4305,-0.44272
255.4472,-0.442735
255.4638,-0.442751
255.4799,-0.442764
255.4965,-0.442779
255.5131,-0.442797
255.5299,-0.442821
255.5472,-0.442847
255.5636,-0.442868
255.5797,-0.442892
255.597,-0.442919
255.6133,-0.442943
255.6302,-0.44297
255.6467,-0.443005
255.6644,-0.443037
255.6798,-0.443071
255.6973,-0.443105
255.7141,-0.443132
255.73,-0.44316
255.7472,-0.443188
255.7642,-0.443226
255.7801,-0.443257
255.7962,-0.44329
255.8133,-0.44332
255.8304,-0.443346
255.8471,-0.443375
255.8635,-0.443414
255.8802,-0.443453
255.8967,-0.443491
255.9127,-0.443527
255.93,-0.443564
255.9465,-0.443605
255.9633,-0.44365
255.9794,-0.443691
255.9965,-0.443727
256.0132,-0.44376
256.03,-0.44379
256.0466,-0.443823
256.0634,-0.443845
256.0793,-0.443864
256.0964,-0.443885
256.1124,-0.443907
256.1295,-0.443927
256.1462,-0.443955
256.1629,-0.443983
256.1794,-0.444011
256.1963,-0.444044
256.2128,-0.444075
256.2299,-0.444111
256.2455,-0.444147
256.2626,-0.444182
256.2804,-0.444217
256.2961,-0.444255
256.3132,-0.444292
256.3291,-0.444329
256.3458,-0.444357
256.3633,-0.44438
256.3798,-0.444407
256.3965,-0.444436
256.4124,-0.444463
256.4296,-0.444485
256.4456,-0.4445
256.4633,-0.444522
256.4798,-0.444542
256.4963,-0.444562
256.5133,-0.444581
256.5287,-0.444604
256.5462,-0.444621
256.5634,-0.444658
256.5796,-0.444688
256.596,-0.44471
256.6129,-0.44473
256.6295,-0.444746
256.6465,-0.44476
256.663,-0.444773
256.6795,-0.444786
256.6959,-0.444797
256.7129,-0.444809
256.7298,-0.444813
256.7469,-0.444813
256.7631,-0.444814
256.7801,-0.444823
256.7963,-0.444828
256.8134,-0.444836
256.8297,-0.444848
256.8462,-0.44486
256.863,-0.444879
256.8795,-0.444905
256.8967,-0.444932
256.9129,-0.444961
256.9294,-0.444979
256.9459,-0.444994
256.9633,-0.44501
256.98,-0.44502
256.9959,-0.445031
257.0121,-0.445039
257.0287,-0.445039
257.0459,-0.445037
257.0633,-0.445039
257.0797,-0.445058
257.0956,-0.445074
257.1126,-0.445088
257.1295,-0.445102
257.1452,-0.445119
257.164,-0.445136
257.1799,-0.445146
257.1959,-0.445148
257.2131,-0.445144
257.2293,-0.445146
257.2467,-0.445145
257.2633,-0.445152
257.2797,-0.445165
257.296,-0.445185
257.3132,-0.445201
257.3298,-0.445216
257.3464,-0.445231
257.3625,-0.445247
257.3804,-0.445264
257.3969,-0.445276
257.4134,-0.445302
257.4293,-0.445329
257.4466,-0.445359
257.4629,-0.445391
257.4794,-0.445425
257.4964,-0.445451
257.5128,-0.445475
257.5298,-0.445484
257.5465,-0.445495
257.5633,-0.445507
257.5795,-0.445517
257.5965,-0.445532
257.6132,-0.445548
257.6295,-0.445576
257.6467,-0.445601
257.6634,-0.445629
257.6803,-0.445654
257.6964,-0.445684
257.7138,-0.445709
257.7297,-0.445729
257.7466,-0.44575
257.7634,-0.44578
257.78,-0.44581
257.7971,-0.445843
257.8136,-0.445879
257.8301,-0.44591
257.8466,-0.445937
257.8637,-0.445967
257.8807,-0.446004
257.8967,-0.446035
257.9133,-0.446058
257.93,-0.446076
257.9469,-0.446095
257.9638,-0.446119
257.98,-0.446147
257.9967,-0.446164
258.013,-0.446183
258.0299,-0.4462
258.0461,-0.446221
258.063,-0.446245
258.0799,-0.446261
258.0971,-0.446279
258.1136,-0.446301
258.1299,-0.446328
258.1468,-0.446356
258.1625,-0.446388
258.1796,-0.446418
258.1963,-0.446451
258.2134,-0.44648
258.2293,-0.446512
258.2467,-0.446542
258.2638,-0.446567
258.2796,-0.446596
258.2971,-0.446624
258.3131,-0.446657
258.3292,-0.44669
258.3462,-0.446718
258.3633,-0.446748
258.3798,-0.446774
258.397,-0.446798
258.4135,-0.446824
258.4291,-0.446852
258.446,-0.446878
258.463,-0.446901
258.4788,-0.44692
258.4955,-0.446939
258.5127,-0.446964
258.5299,-0.446988
258.5469,-0.447009
258.5631,-0.447035
258.5794,-0.447059
258.5968,-0.44708
258.6135,-0.447096
258.6308,-0.447112
258.6471,-0.447131
258.664,-0.447142
258.6801,-0.447145
258.697,-0.447145
258.7137,-0.44715
258.7303,-0.447152
258.746,-0.447155
258.7632,-0.44717
258.7796,-0.44719
258.7968,-0.447214
258.8129,-0.447239
258.8296,-0.447267
258.8472,-0.44729
258.8636,-0.447309
258.8806,-0.447319
258.8972,-0.44733
258.9131,-0.447333
258.9305,-0.447336
258.9468,-0.447344
258.9635,-0.447353
258.98,-0.447358
258.9966,-0.447362
259.0136,-0.447365
259.03,-0.447377
259.0476,-0.447393
259.0629,-0.447415
259.0799,-0.447434
259.0964,-0.44745
259.1137,-0.447467
259.1304,-0.447487
259.1461,-0.44751
259.1635,-0.44753
259.1797,-0.447542
259.1974,-0.447554
259.2134,-0.447559
259.2299,-0.447572
259.2467,-0.44759
259.263,-0.447602
259.2809,-0.447619
259.2964,-0.447637
259.3134,-0.447656
259.3304,-0.44767
259.3467,-0.447685
259.3638,-0.447704
259.3805,-0.447728
259.3968,-0.44775
259.4136,-0.447764
259.4301,-0.44778
259.4467,-0.447798
259.4643,-0.447823
259.4803,-0.447846
259.4963,-0.447869
259.5134,-0.447893
259.5307,-0.447921
259.5471,-0.447946
259.5639,-0.44797
259.5807,-0.447993
259.5969,-0.448003
259.6143,-0.448012
259.6305,-0.448022
259.6469,-0.448024
259.6634,-0.448022
259.6801,-0.448026
259.6976,-0.448028
259.7133,-0.448033
259.7297,-0.448041
259.7469,-0.448054
259.7637,-0.448074
259.7808,-0.448098
259.797,-0.448127
259.8137,-0.448153
259.8306,-0.44817
259.847,-0.448188
259.8638,-0.448215
259.8805,-0.448239
259.8976,-0.448265
259.9133,-0.448288
259.9308,-0.448315
259.948,-0.448349
259.9644,-0.448381
259.9805,-0.448414
259.9968,-0.448439
260.014,-0.448453
260.0306,-0.448464
260.0479,-0.448475
260.0638,-0.448493
260.0804,-0.448506
260.0968,-0.448515
260.1138,-0.448524
260.1306,-0.448537
260.1472,-0.448561
260.1641,-0.448585
260.1803,-0.448614
260.1974,-0.448647
260.2143,-0.448671
260.2303,-0.448688
260.2467,-0.448708
260.2638,-0.448732
260.2809,-0.448756
260.2964,-0.448778
260.3128,-0.448808
260.3303,-0.448833
260.3473,-0.448864
260.3636,-0.448897
260.3805,-0.448933
260.3976,-0.448966
260.4135,-0.448988
260.4307,-0.449011
260.4469,-0.449036
260.4638,-0.449057
260.4805,-0.44908
260.4964,-0.449096
260.5134,-0.449115
260.5308,-0.449136
260.5475,-0.449162
260.564,-0.449184
260.5806,-0.449209
260.5969,-0.449224
260.6136,-0.449243
260.6301,-0.449265
260.6468,-0.449286
260.6637,-0.449304
260.6802,-0.44932
260.6972,-0.449334
260.713,-0.449348
260.7307,-0.449364
260.7465,-0.449382
260.7635,-0.44941
260.7797,-0.44944
260.7965,-0.449472
260.8137,-0.4495
260.8303,-0.449535
260.8472,-0.449569
260.8638,-0.449602
260.8796,-0.449632
260.896,-0.449658
260.9134,-0.449687
260.93,-0.449713
260.9468,-0.449741
260.9633,-0.449763
260.9797,-0.449777
260.9969,-0.449787
261.0131,-0.449794
261.0304,-0.449801
261.0463,-0.449809
261.0627,-0.449826
261.08,-0.449841
261.0964,-0.449856
261.1137,-0.449877
261.1301,-0.449902
261.1462,-0.449927
261.1626,-0.44995
261.1799,-0.449968
261.1967,-0.449979
261.2135,-0.449986
261.2306,-0.450002
261.2467,-0.45002
261.2635,-0.450033
261.2794,-0.450046
261.2968,-0.450057
261.3131,-0.450077
261.3299,-0.450103
261.3463,-0.450127
261.3628,-0.450147
261.3792,-0.450172
261.3971,-0.450193
261.4131,-0.450205
261.4294,-0.450221
261.446,-0.450233
261.4632,-0.450242
261.4799,-0.450245
261.4958,-0.45025
261.5121,-0.450267
261.5298,-0.450283
261.5457,-0.450298
261.5628,-0.450321
261.5796,-0.450353
261.5967,-0.450376
261.6123,-0.450397
261.629,-0.45041
261.6463,-0.450418
261.6625,-0.450423
261.6797,-0.450424
261.6963,-0.450431
261.7127,-0.45044
261.7292,-0.45045
261.7458,-0.450464
261.7619,-0.450482
261.7792,-0.450512
261.7961,-0.450543
261.813,-0.450575
261.8298,-0.450603
261.8463,-0.450635
261.8628,-0.450656
261.8798,-0.450677
261.8955,-0.450692
261.9119,-0.450704
261.9299,-0.450706
261.946,-0.450708
261.9626,-0.450719
261.9788,-0.450728
261.9963,-0.450734
262.013,-0.450745
262.0294,-0.450754
262.0465,-0.450763
262.0625,-0.450767
262.0791,-0.450774
262.0958,-0.45078
262.1127,-0.450789
262.1289,-0.450801
262.1456,-0.450822
262.1627,-0.45084
262.1787,-0.450853
262.196,-0.450867
262.2118,-0.450885
262.2291,-0.450914
262.2455,-0.450932
262.2628,-0.450946
262.2794,-0.45096
262.2964,-0.450968
262.313,-0.450975
262.3296,-0.450984
262.3457,-0.450999
262.363,-0.451014
262.3795,-0.45103
262.3965,-0.45104
262.413,-0.451057
262.4297,-0.451069
262.4464,-0.451079
262.463,-0.451093
262.4796,-0.451107
262.4966,-0.451121
262.5129,-0.451136
262.5302,-0.451159
262.5457,-0.451179
262.5636,-0.451198
262.5798,-0.451219
262.5966,-0.451231
262.6142,-0.451244
262.6306,-0.451257
262.6469,-0.45126
262.6638,-0.451265
262.68,-0.451267
262.6972,-0.451273
262.7136,-0.451289
262.73,-0.451305
262.7467,-0.451324
262.7643,-0.451338
262.781,-0.451356
262.7972,-0.451373
262.814,-0.451384
262.8301,-0.451396
262.8471,-0.451406
262.8641,-0.451418
262.8809,-0.451436
262.897,-0.451461
262.9142,-0.451488
262.9308,-0.451515
262.9474,-0.451545
262.9641,-0.451578
262.9811,-0.451612
262.9974,-0.451639
263.0148,-0.451662
263.0318,-0.451684
263.0482,-0.451711
263.0648,-0.451739
263.0812,-0.451757
263.0978,-0.451776
263.1148,-0.451791
263.1313,-0.451801
263.1476,-0.451815
263.1642,-0.451833
263.1811,-0.451853
263.1976,-0.45187
263.2144,-0.451901
263.2315,-0.451939
263.2479,-0.451975
263.2654,-0.452009
263.2814,-0.452047
263.299,-0.452086
263.3151,-0.452122
263.3318,-0.452158
263.3484,-0.452186
263.3653,-0.452213
263.3816,-0.452242
263.3983,-0.452282
263.4153,-0.452315
263.4317,-0.452343
263.4485,-0.452372
263.4655,-0.4524
263.4824,-0.452443
263.4985,-0.452479
263.5156,-0.452514
263.5327,-0.452555
263.549,-0.452597
263.5662,-0.452638
263.5822,-0.452669
263.5985,-0.452691
263.6166,-0.452709
263.6326,-0.452728
263.6492,-0.452744
263.6648,-0.452771
263.6815,-0.452792
263.699,-0.452809
263.7161,-0.452832
263.7323,-0.452859
263.7494,-0.452889
263.7653,-0.45292
263.7826,-0.452942
263.7984,-0.452969
263.8146,-0.452992
263.8316,-0.453024
263.8483,-0.453052
263.8649,-0.453075
263.8819,-0.453106
263.8982,-0.453129
263.915,-0.453158
263.9317,-0.453179
263.9486,-0.453202
263.9654,-0.453224
263.9814,-0.453247
263.9986,-0.453272
264.0151,-0.4533
264.0323,-0.453331
264.0492,-0.453366
264.0654,-0.453402
264.0824,-0.453428
264.098,-0.453449
264.1154,-0.453474
264.1321,-0.453503
264.1487,-0.453527
264.1649,-0.453553
264.1812,-0.453579
264.1988,-0.453609
264.2154,-0.453641
264.2314,-0.453671
264.2485,-0.453697
264.2654,-0.45373
264.2826,-0.453762
264.2982,-0.453788
264.3155,-0.453818
264.3316,-0.453839
264.3501,-0.453861
264.3661,-0.453883
264.3826,-0.4539
264.3994,-0.453916
264.416,-0.453932
264.4319,-0.453948
264.4488,-0.453971
264.4658,-0.453999
264.4825,-0.45403
264.4987,-0.45407
264.5159,-0.454113
264.5328,-0.454145
264.549,-0.454176
264.5657,-0.454208
264.5827,-0.454235
264.5997,-0.454256
264.616,-0.454279
264.6328,-0.454301
264.6494,-0.454326
264.6656,-0.454349
264.6823,-0.454374
264.6996,-0.454396
264.7153,-0.454422
264.7327,-0.454451
264.7492,-0.454479
264.7661,-0.454507
264.7828,-0.454533
264.7997,-0.454556
264.8152,-0.454583
264.8328,-0.454608
264.8486,-0.454637
264.8661,-0.454666
264.8826,-0.454693
264.8996,-0.454721
264.9156,-0.454753
264.9324,-0.45478
264.9491,-0.454809
264.9661,-0.454841
264.9826,-0.45487
264.9994,-0.454902
265.0164,-0.45493
265.0322,-0.454954
265.0495,-0.454987
265.0654,-0.455023
265.0828,-0.455043
265.0994,-0.455061
265.1156,-0.455085
265.133,-0.455102
265.1492,-0.455119
265.1655,-0.455136
265.1819,-0.455163
265.1994,-0.455198
265.216,-0.455233
265.2325,-0.455261
265.2493,-0.455287
265.2663,-0.455314
265.2824,-0.455345
265.2998,-0.455377
265.3158,-0.455413
265.3329,-0.455442
265.3496,-0.45547
265.3663,-0.455503
265.3828,-0.455528
265.399,-0.455557
265.416,-0.455581
265.4323,-0.455608
265.4493,-0.45563
265.4657,-0.455657
265.4833,-0.455686
265.4995,-0.455719
265.5166,-0.455751
265.5327,-0.455792
265.5499,-0.45583
265.5666,-0.455861
265.5833,-0.455891
265.6001,-0.455919
265.6167,-0.455942
265.6329,-0.455965
265.6493,-0.455984
265.6663,-0.455996
265.6826,-0.456008
265.6999,-0.456022
265.7165,-0.456036
265.7327,-0.456053
265.749,-0.45607
265.7662,-0.456087
265.7828,-0.456104
265.7992,-0.456125
265.8156,-0.456151
265.8328,-0.456185
265.849,-0.456222
265.8661,-0.456268
265.8831,-0.456307
265.8987,-0.456339
265.916,-0.456369
265.9324,-0.456399
265.9494,-0.456435
265.9655,-0.456467
265.9826,-0.456495
266.0005,-0.456522
266.0164,-0.456557
266.0337,-0.456596
266.0497,-0.456637
266.0666,-0.456668
266.0829,-0.456687
266.0998,-0.456708
266.1166,-0.456728
266.1332,-0.456739
266.149,-0.456743
266.1662,-0.456757
266.1826,-0.456773
266.2004,-0.456793
266.2155,-0.456819
266.2328,-0.456848
266.2499,-0.456875
266.2662,-0.456905
266.2829,-0.456935
266.2994,-0.456971
266.3159,-0.456999
266.3331,-0.457028
266.3494,-0.457049
266.3658,-0.45707
266.382,-0.457097
266.3992,-0.457122
266.416,-0.457144
266.4323,-0.457161
266.4497,-0.457175
266.4665,-0.457196
266.4831,-0.45722
266.4991,-0.457239
266.5157,-0.457264
266.533,-0.457289
266.55,-0.457307
266.5665,-0.45733
266.5827,-0.457347
266.5995,-0.457366
266.6168,-0.457381
266.6324,-0.457393
266.6493,-0.457404
266.6661,-0.457416
266.6826,-0.457431
266.6995,-0.457448
266.7157,-0.45747
266.7329,-0.457487
266.7504,-0.4575
266.766,-0.457509
266.783,-0.457514
266.7994,-0.457523
266.8159,-0.457531
266.8332,-0.45754
266.8488,-0.457549
266.8667,-0.457564
266.8826,-0.457579
266.8994,-0.457595
266.9163,-0.457616
266.9328,-0.457643
266.9497,-0.457664
266.9659,-0.457683
266.9833,-0.457706
266.9998,-0.457721
267.0175,-0.457741
267.0341,-0.457763
267.0502,-0.457781
267.0663,-0.457798
267.0829,-0.457811
267.0999,-0.457822
267.1169,-0.457831
267.1339,-0.457845
267.1505,-0.457859
267.1671,-0.457874
267.1835,-0.457886
267.2005,-0.457898
267.2172,-0.457908
267.2332,-0.457925
267.2501,-0.457945
267.2669,-0.457968
267.2843,-0.457993
267.3001,-0.458015
267.3172,-0.458042
267.3338,-0.458062
267.3507,-0.458088
267.3677,-0.458101
267.3838,-0.458111
267.4004,-0.45812
267.417,-0.45813
267.4335,-0.45814
267.4506,-0.458158
267.4671,-0.458183
267.4835,-0.458203
267.5006,-0.458222
267.5171,-0.458247
267.534,-0.458273
267.5505,-0.458302
267.5674,-0.458332
267.5842,-0.458357
267.601,-0.458385
267.6169,-0.458406
267.6341,-0.458418
267.6513,-0.458436
267.6667,-0.458451
267.6846,-0.458474
267.7012,-0.458494
267.7169,-0.458514
267.7342,-0.458535
267.7497,-0.458566
267.7672,-0.458595
267.7836,-0.458623
267.8,-0.458649
267.8172,-0.458668
267.8338,-0.458693
267.8505,-0.458716
267.8676,-0.458737
267.8843,-0.458755
267.9005,-0.458776
267.9175,-0.458804
267.9338,-0.458832
267.9507,-0.458863
267.9673,-0.458894
267.9845,-0.458919
268.0013,-0.45894
268.0172,-0.458957
268.0344,-0.458972
268.0506,-0.458988
268.0669,-0.459011
268.0843,-0.459033
268.1004,-0.459057
268.1175,-0.459086
268.1335,-0.459117
268.151,-0.459151
268.1673,-0.459179
268.1839,-0.459198
268.2003,-0.459213
268.217,-0.459226
268.2336,-0.459243
268.2498,-0.459262
268.267,-0.459292
268.2834,-0.459323
268.3001,-0.459361
268.3167,-0.459395
268.3335,-0.45943
268.3502,-0.459461
268.3671,-0.459491
268.3837,-0.459521
268.4002,-0.459542
268.4171,-0.459556
268.4337,-0.45957
268.4499,-0.45959
268.4661,-0.459615
268.4829,-0.459647
268.4993,-0.459678
268.5172,-0.459714
268.5335,-0.459753
268.5502,-0.459785
268.5666,-0.459815
268.5839,-0.459845
268.6,-0.459868
268.6169,-0.459891
268.6335,-0.459907
268.6493,-0.459924
268.6669,-0.459939
268.6833,-0.45995
268.6999,-0.459963
268.7166,-0.459978
268.7331,-0.460003
268.7497,-0.460038
268.7661,-0.460065
268.783,-0.460091
268.7995,-0.460111
268.8175,-0.460129
268.8339,-0.46015
268.8494,-0.460172
268.867,-0.460197
268.8825,-0.460217
268.8999,-0.460233
268.9167,-0.460252
268.9335,-0.460284
268.9502,-0.460315
268.9669,-0.46035
268.9831,-0.460376
269.0003,-0.4604
269.0172,-0.460424
269.0347,-0.460452
269.0509,-0.46048
269.0677,-0.460502
269.0839,-0.460516
269.1013,-0.460529
269.1181,-0.460543
269.1348,-0.460555
269.1509,-0.460567
269.1672,-0.460576
269.1847,-0.460585
269.2004,-0.460582
269.2182,-0.460587
269.2341,-0.460593
269.2504,-0.460604
269.2678,-0.460616
269.2836,-0.460634
269.3012,-0.460653
269.3176,-0.460679
269.3336,-0.460701
269.3506,-0.460723
269.3685,-0.460745
269.3839,-0.460757
269.4009,-0.460765
269.4171,-0.460777
269.434,-0.460793
269.451,-0.46081
269.4669,-0.460825
269.484,-0.460842
269.5007,-0.460865
269.5172,-0.460885
269.5342,-0.460909
269.5505,-0.460929
269.5676,-0.460946
269.5842,-0.460965
269.6009,-0.460983
269.6173,-0.461
269.6334,-0.46101
269.6509,-0.461023
269.6674,-0.461038
269.6842,-0.461058
269.701,-0.461081
269.7178,-0.461098
269.7344,-0.461114
269.7509,-0.461131
269.7671,-0.46115
269.784,-0.461166
269.8004,-0.461188
269.8176,-0.461204
269.834,-0.461213
269.8509,-0.461222
269.8672,-0.461231
269.8839,-0.461236
269.9003,-0.461238
269.9171,-0.461241
269.9341,-0.461248
269.9508,-0.461266
269.9669,-0.461285
269.9836,-0.46131
270.0007,-0.461338
270.0177,-0.461356
270.0345,-0.461376
270.0506,-0.461392
270.0677,-0.461408
270.0842,-0.461423
270.1004,-0.461443
270.1177,-0.461462
270.1344,-0.461478
270.1505,-0.461495
270.1676,-0.461509
270.1844,-0.461528
270.2014,-0.461545
270.2169,-0.461559
270.2349,-0.461574
270.2508,-0.461593
270.2673,-0.461614
270.2846,-0.461638
270.301,-0.461664
270.3177,-0.461684
270.3338,-0.461709
270.3508,-0.461731
270.3673,-0.461753
270.3849,-0.461771
270.4008,-0.461788
270.4179,-0.461819
270.4342,-0.46184
270.4505,-0.461856
270.4668,-0.46188
270.4835,-0.461907
270.5011,-0.461932
270.5176,-0.461967
270.5346,-0.462003
270.5511,-0.462034
270.5674,-0.462062
270.5845,-0.462091
270.6014,-0.462119
270.6171,-0.462143
270.6342,-0.462166
270.6506,-0.46218
270.6681,-0.462196
270.6844,-0.462224
270.7013,-0.462252
270.7177,-0.462275
270.734,-0.462306
270.7513,-0.462331
270.7685,-0.462357
270.7844,-0.462375
270.8011,-0.462388
270.8173,-0.462405
270.8336,-0.462421
270.8512,-0.462433
270.8676,-0.46245
270.8838,-0.462459
270.9007,-0.462469
270.9176,-0.46248
270.9338,-0.462497
270.951,-0.462526
270.9677,-0.462556
270.9842,-0.462584
271.0009,-0.462618
271.0175,-0.462643
271.0347,-0.462668
271.0516,-0.462691
271.0677,-0.462709
271.085,-0.462721
271.1017,-0.462725
271.1177,-0.462728
271.1348,-0.462739
271.1516,-0.462743
271.1679,-0.462745
271.1843,-0.46275
271.2009,-0.46276
271.2181,-0.462772
271.2341,-0.462793
271.2505,-0.462818
271.2676,-0.462844
271.2844,-0.462872
271.3008,-0.462906
271.3174,-0.462942
271.3345,-0.462973
271.3516,-0.462996
271.3677,-0.463021
271.3841,-0.463035
271.4013,-0.463047
271.4175,-0.463055
271.434,-0.463063
271.4508,-0.46308
271.4679,-0.463094
271.4843,-0.463114
271.5013,-0.463135
271.5175,-0.463156
271.5347,-0.463181
271.5511,-0.46321
271.5679,-0.463239
271.5844,-0.463267
271.6006,-0.463292
271.6175,-0.463322
271.6348,-0.463355
271.6513,-0.463384
271.6683,-0.463409
271.6842,-0.463438
271.7013,-0.463461
271.7182,-0.463482
271.735,-0.463503
271.7509,-0.463525
271.7681,-0.463548
271.7849,-0.46357
271.8018,-0.463586
271.8174,-0.463609
271.8348,-0.463633
271.8517,-0.463657
271.8681,-0.463683
271.8845,-0.46371
271.9017,-0.463735
271.9176,-0.463755
271.9352,-0.463777
271.9511,-0.463799
271.9681,-0.463827
271.9854,-0.463857
272.0012,-0.463877
272.0179,-0.463899
272.0351,-0.463923
272.0511,-0.463944
272.0689,-0.463972
272.0846,-0.464009
272.1012,-0.46404
272.1176,-0.46407
272.135,-0.464102
272.1513,-0.464133
272.1692,-0.464165
272.1847,-0.464188
272.2014,-0.464211
272.2186,-0.464234
272.2351,-0.464256
272.2513,-0.464279
272.2685,-0.464308
272.2855,-0.464339
272.3017,-0.464368
272.3177,-0.464398
272.3346,-0.464426
272.3512,-0.464451
272.3683,-0.464476
272.3845,-0.464504
272.4017,-0.464532
272.4174,-0.464565
272.4347,-0.464593
272.4516,-0.464622
272.4682,-0.464651
272.4844,-0.464674
272.5015,-0.4647
272.5187,-0.464734
272.5352,-0.464758
272.5518,-0.464779
272.5681,-0.464804
272.5846,-0.464823
272.601,-0.464845
272.6179,-0.464867
272.6344,-0.464894
272.6519,-0.464925
272.6674,-0.464951
272.6845,-0.464969
272.7022,-0.464997
272.7181,-0.465025
272.7353,-0.465052
272.751,-0.465077
272.7685,-0.465105
272.7851,-0.465132
272.8008,-0.465161
272.8177,-0.46519
272.8345,-0.465216
272.8514,-0.465235
272.8683,-0.465255
272.8843,-0.465276
272.9012,-0.465299
272.9181,-0.465328
272.9343,-0.465351
272.9507,-0.465384
272.968,-0.465421
272.9844,-0.465451
273.0011,-0.465475
273.0173,-0.465494
273.0346,-0.465506
273.0512,-0.465507
273.0678,-0.465513
273.0842,-0.465524
273.1012,-0.465539
273.118,-0.465563
273.1342,-0.465587
273.1516,-0.465611
273.1679,-0.465634
273.1844,-0.465648
273.2009,-0.465661
273.2177,-0.465676
273.2343,-0.465686
273.2515,-0.465699
273.2678,-0.465714
273.2845,-0.46573
273.3013,-0.465755
273.3174,-0.46578
273.3346,-0.465805
273.3514,-0.465829
273.3675,-0.465855
273.3846,-0.465878
273.401,-0.465904
273.4177,-0.465927
273.4341,-0.465945
273.4511,-0.465966
273.4679,-0.465976
273.4847,-0.465988
273.5007,-0.466002
273.518,-0.466019
273.535,-0.466038
273.551,-0.466049
273.5676,-0.466062
273.5839,-0.466076
273.6009,-0.466095
273.6173,-0.466115
273.6339,-0.466139
273.6508,-0.466156
273.6679,-0.466178
273.6844,-0.466204
273.7012,-0.466227
273.7181,-0.466254
273.7344,-0.466272
273.7507,-0.466285
273.7672,-0.466305
273.7843,-0.466325
273.8008,-0.466346
273.8179,-0.466372
273.8344,-0.466401
273.8509,-0.466426
273.8678,-0.466452
273.8845,-0.466464
273.9011,-0.466478
273.9178,-0.466488
273.9345,-0.4665
273.9514,-0.466517
273.9676,-0.466537
273.9847,-0.466563
274.0002,-0.466587
274.0172,-0.466611
274.0346,-0.466637
274.0516,-0.466666
274.0675,-0.466695
274.0844,-0.466723
274.1008,-0.466736
274.1178,-0.466748
274.1343,-0.466762
274.1508,-0.466784
274.1669,-0.466804
274.1836,-0.466825
274.2005,-0.466844
274.2174,-0.466869
274.2345,-0.466892
274.2502,-0.466922
274.2673,-0.466952
274.284,-0.466981
274.3004,-0.467002
274.317,-0.467027
274.3342,-0.467056
274.351,-0.467084
274.3671,-0.467111
274.3844,-0.467136
274.4011,-0.467157
274.4176,-0.46717
274.4336,-0.467184
274.4507,-0.467199
274.4671,-0.46721
274.4836,-0.467228
274.5008,-0.467247
274.5172,-0.467271
274.5338,-0.467299
274.5506,-0.467333
274.5675,-0.46737
274.5841,-0.467403
274.6004,-0.467436
274.6171,-0.467458
274.6337,-0.467478
274.6505,-0.467501
274.667,-0.467523
274.684,-0.46755
274.7006,-0.467571
274.7177,-0.467593
274.7338,-0.467618
274.7506,-0.467635
274.7675,-0.467655
274.784,-0.467682
274.8005,-0.467713
274.8171,-0.467736
274.8341,-0.467766
274.8508,-0.467795
274.8682,-0.467824
274.8847,-0.467852
274.901,-0.467881
274.9176,-0.467908
274.9344,-0.467928
274.9514,-0.467945
274.9679,-0.467959
274.9847,-0.467977
275.0014,-0.467994
275.0181,-0.468017
275.0346,-0.468034
275.0512,-0.46805
275.0679,-0.468066
275.0844,-0.468085
275.1013,-0.46811
275.1183,-0.468143
275.1351,-0.46817
275.1514,-0.468199
275.1676,-0.468227
275.1841,-0.468249
275.2011,-0.468277
275.2183,-0.4683
275.235,-0.468323
275.2512,-0.468346
275.2675,-0.468362
275.285,-0.468386
275.3016,-0.46842
275.319,-0.468453
275.3341,-0.468489
275.351,-0.468515
275.3681,-0.468542
275.3854,-0.468572
275.4008,-0.468593
275.4177,-0.468616
275.4344,-0.468642
275.4514,-0.468666
275.4673,-0.46869
275.4843,-0.468719
275.5009,-0.468745
275.518,-0.468772
275.5345,-0.468799
275.5508,-0.46883
275.5682,-0.468863
275.5849,-0.468887
275.6007,-0.468912
275.6181,-0.468939
275.6349,-0.468967
275.6512,-0.46899
275.6682,-0.469015
275.6838,-0.469039
275.7017,-0.469064
275.7183,-0.469096
275.7352,-0.469133
275.7515,-0.469165
275.7676,-0.469195
275.7846,-0.469231
275.8009,-0.469259
275.8181,-0.469282
275.8347,-0.469307
275.8513,-0.469334
275.8681,-0.469357
275.8846,-0.469374
275.9017,-0.469394
275.9191,-0.469425
275.9347,-0.46945
275.9518,-0.469478
275.9685,-0.469501
275.9848,-0.469524
276.0017,-0.469544
276.0181,-0.469567
276.0352,-0.469588
276.0515,-0.469619
276.0683,-0.469647
276.0848,-0.469669
276.1013,-0.469691
276.118,-0.469723
276.1351,-0.469756
276.1512,-0.469791
276.1685,-0.469826
276.1846,-0.46986
276.2017,-0.46989
276.2179,-0.469924
276.2343,-0.469963
276.252,-0.469988
276.2683,-0.470016
276.2851,-0.470036
276.3019,-0.470058
276.3185,-0.470078
276.335,-0.470094
276.3511,-0.470115
276.3674,-0.470139
276.3852,-0.470164
276.4014,-0.470194
276.4175,-0.470225
276.4338,-0.470259
276.4512,-0.470287
276.4675,-0.470305
276.4849,-0.470325
276.5011,-0.47035
276.518,-0.470373
276.534,-0.470403
276.5504,-0.47043
276.5669,-0.470459
276.5849,-0.470487
276.601,-0.470518
276.6175,-0.470551
276.634,-0.470577
276.6512,-0.470602
276.6679,-0.470628
276.6841,-0.47065
276.7017,-0.470672
276.7174,-0.470692
276.7344,-0.470714
276.7511,-0.47074
276.7672,-0.470767
276.7844,-0.470798
276.8008,-0.47083
276.8175,-0.470859
276.8345,-0.470883
276.8508,-0.470908
276.8678,-0.470921
276.8842,-0.470942
276.9007,-0.470959
276.9174,-0.470975
276.935,-0.470992
276.9516,-0.471019
276.9682,-0.47105
276.9847,-0.471073
277.0008,-0.471102
277.0182,-0.471119
277.035,-0.471136
277.0514,-0.471146
277.0678,-0.471154
277.0841,-0.471163
277.1011,-0.471168
277.1176,-0.471179
277.1345,-0.471202
277.1506,-0.471227
277.1677,-0.471256
277.1848,-0.471293
277.2019,-0.471328
277.2184,-0.471363
277.2344,-0.47139
277.2513,-0.471412
277.2686,-0.471432
277.2853,-0.471443
277.3013,-0.471461
277.3181,-0.471478
277.3344,-0.471492
277.3513,-0.471518
277.3685,-0.471543
277.3847,-0.471569
277.4013,-0.471601
277.4181,-0.471628
277.4353,-0.471655
277.4511,-0.471685
277.4683,-0.471715
277.4848,-0.471742
277.5022,-0.471765
277.5182,-0.471795
277.5349,-0.471833
277.5518,-0.471859
277.5684,-0.471891
277.5848,-0.471921
277.602,-0.471947
277.6181,-0.471974
277.6353,-0.471997
277.6523,-0.472006
277.6686,-0.472013
277.6839,-0.472025
277.7012,-0.472043
277.7183,-0.472062
277.7344,-0.472081
277.751,-0.472106
277.7683,-0.472143
277.7852,-0.472185
277.8018,-0.472226
277.8188,-0.472268
277.8345,-0.472298
277.8515,-0.472326
277.8694,-0.472353
277.8844,-0.472389
277.901,-0.472427
277.9182,-0.472464
277.935,-0.472498
277.9511,-0.472537
277.968,-0.47258
277.9849,-0.472618
278.001,-0.472647
278.0185,-0.472673
278.0351,-0.4727
278.0518,-0.472729
278.0681,-0.472757
278.0848,-0.472784
278.1017,-0.472808
278.1183,-0.472836
278.1352,-0.472866
278.1518,-0.472892
278.1679,-0.472924
278.1843,-0.472958
278.202,-0.472982
278.2184,-0.473008
278.2353,-0.47304
278.2516,-0.473065
278.2675,-0.473088
278.2847,-0.473106
278.3012,-0.473131
278.3182,-0.473157
278.3344,-0.473185
278.351,-0.473216
278.3683,-0.473245
278.3842,-0.47328
278.401,-0.473318
278.4183,-0.473344
278.435,-0.473374
278.4513,-0.473409
278.4678,-0.47344
278.4842,-0.473467
278.5012,-0.473489
278.5182,-0.47352
278.5351,-0.473553
278.5508,-0.473589
278.568,-0.47362
278.5846,-0.473641
278.6021,-0.473665
278.618,-0.473691
278.6346,-0.473717
278.6512,-0.473738
278.6678,-0.473754
278.6852,-0.473773
278.7012,-0.47379
278.7175,-0.473811
278.7343,-0.473838
278.751,-0.473862
278.7689,-0.47388
278.7845,-0.473904
278.8009,-0.473924
278.8183,-0.473949
278.8347,-0.473972
278.8514,-0.473996
278.8679,-0.474023
278.8848,-0.474047
278.9019,-0.474063
278.9181,-0.474089
278.9351,-0.474115
278.9519,-0.474143
278.9687,-0.474168
278.9845,-0.474189
279.0019,-0.474212
279.0187,-0.474227
279.0353,-0.474249
279.0522,-0.474268
279.0684,-0.474282
279.0853,-0.474294
279.1014,-0.474311
279.1189,-0.47433
279.1352,-0.474351
279.1517,-0.474365
279.1689,-0.474377
279.1855,-0.474394
279.2024,-0.474411
279.2189,-0.474437
279.235,-0.474466
279.2516,-0.474497
279.2685,-0.474523
279.2857,-0.474558
279.3026,-0.474586
279.3193,-0.474618
279.336,-0.474641
279.3521,-0.474661
279.3692,-0.474673
279.3854,-0.474689
279.4024,-0.474707
279.4189,-0.474728
279.4353,-0.474759
279.4527,-0.47479
279.4693,-0.474819
279.486,-0.474849
279.503,-0.474879
279.5184,-0.474911
279.5359,-0.474935
279.5521,-0.474968
279.5689,-0.475001
279.5857,-0.475038
279.6026,-0.475078
279.6192,-0.475104
279.6359,-0.475132
279.6534,-0.475163
279.6691,-0.475189
279.6863,-0.47521
279.7025,-0.475235
279.7199,-0.475256
279.7359,-0.475284
279.7519,-0.47531
279.7689,-0.475341
279.7861,-0.475369
279.803,-0.475393
279.8192,-0.475422
279.8359,-0.475454
279.8532,-0.475482
279.8694,-0.475509
279.8861,-0.475539
279.903,-0.475569
279.9194,-0.4756
279.9359,-0.475634
279.9527,-0.475671
279.9698,-0.475707
279.9859,-0.475742
280.0031,-0.475779
280.0205,-0.475817
280.0366,-0.475852
280.0522,-0.475881
280.0698,-0.475912
280.0865,-0.475932
280.1031,-0.47596
280.1198,-0.475992
280.1364,-0.476027
280.1523,-0.476062
280.1695,-0.476092
280.1869,-0.476119
280.2029,-0.476142
280.2195,-0.476168
280.2359,-0.476189
280.2532,-0.476212
280.269,-0.476231
280.2859,-0.476249
280.3025,-0.476261
280.3192,-0.476284
280.3363,-0.476317
280.3531,-0.476356
280.3694,-0.476396
280.3857,-0.476444
280.403,-0.476488
280.4204,-0.476523
280.4364,-0.476555
280.4527,-0.476589
280.4696,-0.476623
280.4861,-0.476646
280.5025,-0.476667
280.5193,-0.476689
280.5367,-0.476711
280.5525,-0.476725
280.5697,-0.476743
280.5857,-0.476762
280.6028,-0.476783
280.6183,-0.4768
280.6357,-0.476824
280.6522,-0.476857
280.6693,-0.476891
280.6857,-0.476928
280.7023,-0.47696
280.7197,-0.47699
280.7365,-0.47702
280.7525,-0.477054
280.7696,-0.477088
280.7862,-0.47712
280.8029,-0.477142
280.82,-0.477157
280.8364,-0.477177
280.8531,-0.477193
280.8693,-0.477213
280.8865,-0.477233
280.9027,-0.477252
280.9198,-0.477272
280.9363,-0.477294
280.9527,-0.477321
280.9695,-0.477352
280.9867,-0.477386
281.0034,-0.47742
281.0201,-0.477459
281.0371,-0.477502
281.0521,-0.47754
281.0702,-0.477573
281.0869,-0.477603
281.1031,-0.477634
281.1197,-0.477662
281.1362,-0.477696
281.1528,-0.477718
281.1694,-0.477738
281.1868,-0.477751
281.2036,-0.477767
281.2198,-0.47779
281.2365,-0.477805
281.2526,-0.477822
281.2698,-0.477835
281.2867,-0.477858
281.3032,-0.477879
281.3193,-0.477908
281.336,-0.477939
281.3532,-0.477965
281.3699,-0.477987
281.3862,-0.478009
281.4027,-0.478035
281.4196,-0.478056
281.4363,-0.478073
281.4533,-0.47809
281.4693,-0.478109
281.4861,-0.478128
281.5031,-0.478159
281.5203,-0.478195
281.5361,-0.478226
281.5534,-0.478263
281.57,-0.4783
281.5868,-0.478328
281.6026,-0.478349
281.6203,-0.478371
281.637,-0.478389
281.6531,-0.478409
281.6696,-0.478424
281.6864,-0.478445
281.7033,-0.478469
281.72,-0.478498
281.7366,-0.478527
281.7536,-0.478566
281.7704,-0.478605
281.787,-0.478638
281.8031,-0.478664
281.8198,-0.478691
281.8371,-0.478723
281.8539,-0.478752
281.8701,-0.47877
281.8866,-0.478786
281.9038,-0.478798
281.9207,-0.478804
281.9359,-0.478816
281.9528,-0.478828
281.9704,-0.478839
281.9873,-0.478844
282.0039,-0.478857
282.0207,-0.478872
282.0371,-0.478905
282.0536,-0.478934
282.0703,-0.478962
282.0869,-0.478989
282.1029,-0.479014
282.1195,-0.479034
282.1366,-0.479057
282.1529,-0.479087
282.1699,-0.479115
282.1868,-0.479142
282.203,-0.479167
282.2197,-0.479196
282.2374,-0.479221
282.2536,-0.479247
282.2706,-0.479275
282.2867,-0.479304
282.3032,-0.479326
282.32,-0.479342
282.3368,-0.479358
282.3537,-0.479383
282.3706,-0.479406
282.3872,-0.479435
282.4028,-0.479463
282.42,-0.47949
282.4371,-0.479519
282.4539,-0.479554
282.4705,-0.479581
282.4868,-0.479614
282.5036,-0.479642
282.5204,-0.479673
282.5374,-0.479695
282.5534,-0.479723
282.5708,-0.479746
282.5875,-0.47977
282.6044,-0.479789
282.62,-0.479807
282.6375,-0.479826
282.6535,-0.479841
282.6708,-0.479853
282.6874,-0.479868
282.7043,-0.479886
282.721,-0.479904
282.737,-0.479926
282.7542,-0.479942
282.771,-0.479965
282.787,-0.479989
282.804,-0.480019
282.8205,-0.48005
282.8374,-0.480077
282.854,-0.480101
282.8715,-0.480129
282.8878,-0.48016
282.9039,-0.480189
282.9203,-0.480219
282.9374,-0.480246
282.9546,-0.480268
282.9712,-0.480296
282.9878,-0.480333
283.0042,-0.480364
283.0215,-0.480394
283.0374,-0.480427
283.0552,-0.480462
283.0718,-0.480495
283.0871,-0.48053
283.1047,-0.480562
283.121,-0.480591
283.1378,-0.480617
283.1545,-0.480636
283.1707,-0.48066
283.1877,-0.480688
283.2046,-0.480721
283.2214,-0.480751
283.2378,-0.480783
283.2546,-0.480817
283.2717,-0.48085
283.2878,-0.480876
283.3044,-0.480904
283.3223,-0.480929
283.3386,-0.480946
283.3544,-0.480962
283.3712,-0.480977
283.3878,-0.480987
283.4046,-0.480997
283.4211,-0.481015
283.4382,-0.481033
283.4541,-0.481054
283.4716,-0.481073
283.4879,-0.481097
283.5046,-0.481127
283.5215,-0.481161
283.538,-0.481199
283.5546,-0.481229
283.5714,-0.481265
283.5879,-0.481303
283.6045,-0.481343
283.6216,-0.481379
283.6385,-0.481415
283.6548,-0.481441
283.6711,-0.481464
283.6889,-0.481489
283.7049,-0.481505
283.7219,-0.481527
283.738,-0.481559
283.7552,-0.481594
283.7717,-0.481629
283.7889,-0.481667
283.8054,-0.481702
283.8224,-0.481731
283.8384,-0.481749
283.8559,-0.481773
283.8716,-0.481789
283.8886,-0.481803
283.9059,-0.481817
283.9212,-0.481839
283.9385,-0.481876
283.9546,-0.48191
283.9719,-0.481942
283.9886,-0.481971
284.0056,-0.482003
284.0222,-0.482027
284.0384,-0.482059
284.0552,-0.48209
284.0713,-0.482115
284.0888,-0.482139
284.1056,-0.482174
284.1223,-0.482221
284.1388,-0.482267
284.1558,-0.482314
284.1722,-0.482353
284.1893,-0.482396
284.2062,-0.482427
284.2227,-0.482457
284.2388,-0.482486
284.2556,-0.482515
284.2728,-0.48254
284.2889,-0.482572
284.3057,-0.482596
284.3227,-0.482624
284.3387,-0.482649
284.3555,-0.482669
284.3727,-0.482702
284.389,-0.482727
284.4052,-0.482752
284.4223,-0.482781
284.4384,-0.48281
284.4555,-0.482839
284.4714,-0.482866
284.4888,-0.482899
284.5053,-0.482935
284.5222,-0.482979
284.5386,-0.483019
284.555,-0.483063
284.5712,-0.483104
284.5888,-0.483146
284.6053,-0.483182
284.622,-0.483214
284.6382,-0.483239
284.6553,-0.483261
284.6719,-0.483287
284.6884,-0.483319
284.7051,-0.483359
284.722,-0.483394
284.7384,-0.483433
284.7554,-0.483468
284.7714,-0.483514
284.7881,-0.483551
284.8054,-0.483589
284.8217,-0.483622
284.8378,-0.483654
284.8555,-0.483679
284.8714,-0.4837
284.8882,-0.483724
284.9047,-0.483751
284.9218,-0.483779
284.9384,-0.483801
284.9539,-0.483823
284.9711,-0.483849
284.9876,-0.48388
285.0039,-0.483905
285.0207,-0.483936
285.0383,-0.483968
285.054,-0.48399
285.0706,-0.484008
285.0868,-0.484033
285.1046,-0.48406
285.1207,-0.484083
285.1377,-0.484106
285.1544,-0.484129
285.172,-0.48416
285.1877,-0.484183
285.2043,-0.48422
285.2206,-0.484248
285.2374,-0.484268
285.2544,-0.48429
285.2714,-0.484312
285.2881,-0.484336
285.3045,-0.484358
285.3203,-0.484373
285.3377,-0.484377
285.3544,-0.484385
285.3715,-0.484397
285.3876,-0.484402
285.4048,-0.484408
285.4205,-0.484418
285.4376,-0.484432
285.4541,-0.484445
285.4706,-0.484461
285.4877,-0.484483
285.5045,-0.484502
285.522,-0.484519
285.5375,-0.484535
285.5534,-0.484553
285.5703,-0.484567
285.5876,-0.484579
285.6042,-0.484595
285.6208,-0.484621
285.6382,-0.48464
285.6537,-0.484661
285.6706,-0.484685
285.6877,-0.484702
285.7042,-0.484727
285.7206,-0.484753
285.7379,-0.484776
285.7545,-0.484791
285.7708,-0.484812
285.7875,-0.484831
285.8037,-0.484854
285.8203,-0.484872
285.8372,-0.484889
285.8546,-0.484901
285.8712,-0.484921
285.8867,-0.484944
285.9038,-0.484967
285.9204,-0.484983
285.9372,-0.485001
285.9539,-0.485025
285.97,-0.48505
285.9881,-0.485075
286.0039,-0.485097
286.0203,-0.485114
286.0376,-0.485132
286.0536,-0.485157
286.0706,-0.485174
286.0865,-0.485194
286.1036,-0.485218
286.1213,-0.485241
286.1374,-0.485272
286.1539,-0.4853
286.1707,-0.485323
286.1878,-0.485347
286.204,-0.485373
286.2207,-0.485398
286.2372,-0.485426
286.2544,-0.485456
286.2709,-0.485489
286.2872,-0.48552
286.3037,-0.485545
286.3202,-0.485578
286.3375,-0.485609
286.3549,-0.485634
286.371,-0.485662
286.3874,-0.485683
286.4044,-0.485695
286.4208,-0.4857
286.4374,-0.485706
286.4538,-0.485718
286.4702,-0.485729
286.4873,-0.48574
286.5036,-0.485765
286.5208,-0.485787
286.538,-0.485817
286.5536,-0.485844
286.5703,-0.485875
286.5876,-0.485899
286.6039,-0.485915
286.62,-0.485933
286.6371,-0.485951
286.6533,-0.485971
286.6707,-0.485992
286.688,-0.486014
286.7042,-0.486039
286.7201,-0.486058
286.7368,-0.486079
286.7529,-0.4861
286.7709,-0.486113
286.7869,-0.486121
286.8039,-0.486135
286.8202,-0.486143
286.8371,-0.486151
286.8533,-0.486161
286.8699,-0.486174
286.8869,-0.486192
286.903,-0.48621
286.9198,-0.486231
286.9364,-0.48626
286.9533,-0.486287
286.9702,-0.486318
286.9866,-0.486344
287.0034,-0.486358
287.0209,-0.48637
287.0367,-0.486381
287.0533,-0.48639
287.0694,-0.486399
287.0859,-0.486403
287.1035,-0.486415
287.1202,-0.486431
287.1369,-0.486447
287.1538,-0.486471
287.1705,-0.486489
287.1869,-0.486503
287.2042,-0.486521
287.2206,-0.486543
287.2365,-0.486563
287.2537,-0.486587
287.2699,-0.486608
287.2865,-0.48663
287.3043,-0.486647
287.3202,-0.486659
287.3373,-0.486666
287.354,-0.486681
287.3702,-0.486694
287.3867,-0.486712
287.4037,-0.486741
287.4201,-0.486772
287.4371,-0.486806
287.4541,-0.48684
287.4706,-0.486869
287.4875,-0.486896
287.5034,-0.486913
287.5212,-0.486918
287.5374,-0.48692
287.554,-0.486919
287.5709,-0.486931
287.5869,-0.486946
287.6039,-0.486971
287.6208,-0.487
287.6374,-0.487031
287.6547,-0.487062
287.6714,-0.487094
287.6873,-0.487117
287.7035,-0.487135
287.7211,-0.487152
287.7372,-0.487165
287.754,-0.487176
287.7706,-0.487189
287.7877,-0.487202
287.8042,-0.487215
287.8213,-0.487243
287.8377,-0.487275
287.8543,-0.487303
287.8715,-0.487326
287.8874,-0.487344
287.9044,-0.487357
287.9212,-0.487371
287.9382,-0.487385
287.9546,-0.487401
287.9715,-0.487416
287.9872,-0.487438
288.0044,-0.487465
288.0206,-0.487497
288.0384,-0.487532
288.0541,-0.487563
288.071,-0.487591
288.0881,-0.487617
288.1049,-0.48764
288.1217,-0.487665
288.1387,-0.487691
288.155,-0.487719
288.1716,-0.487748
288.1888,-0.487779
288.2054,-0.487806
288.2226,-0.487842
288.2382,-0.48787
288.2546,-0.487906
288.2721,-0.48793
288.2884,-0.487947
288.3055,-0.487967
288.3216,-0.487992
288.3386,-0.488016
288.3555,-0.48804
288.3718,-0.488061
288.3889,-0.488084
288.405,-0.488111
288.4226,-0.488134
288.4384,-0.488158
288.4547,-0.488186
288.4711,-0.488211
288.4887,-0.488235
288.5052,-0.488257
288.5219,-0.488279
288.539,-0.488304
288.5548,-0.488341
288.5721,-0.488384
288.5884,-0.488428
288.6053,-0.488465
288.6224,-0.488504
288.6385,-0.48855
288.6556,-0.488592
288.6722,-0.488631
288.689,-0.488669
288.7055,-0.488695
288.7225,-0.488723
288.7382,-0.488754
288.7549,-0.488772
288.7721,-0.488797
288.7882,-0.488813
288.8051,-0.488839
288.8218,-0.488869
288.8379,-0.488901
288.8551,-0.488939
288.8719,-0.488985
288.8888,-0.48903
288.905,-0.489065
288.9216,-0.489101
288.9392,-0.489135
288.9556,-0.489166
288.972,-0.489199
288.9884,-0.489233
289.0052,-0.489267
289.0225,-0.489299
289.038,-0.489336
289.0552,-0.48938
289.0719,-0.489424
289.0889,-0.489461
289.1053,-0.489498
289.1217,-0.48953
289.1383,-0.489561
289.1551,-0.489588
289.1718,-0.489613
289.1884,-0.489631
289.2048,-0.489658
289.2218,-0.489684
289.2381,-0.489719
289.2549,-0.489754
289.2709,-0.48979
289.2888,-0.489822
289.3051,-0.48986
289.3214,-0.4899
289.3376,-0.489946
289.3551,-0.489988
289.3712,-0.490021
289.3888,-0.49005
289.4043,-0.490078
289.4217,-0.490106
289.439,-0.490129
289.4547,-0.490149
289.4718,-0.490168
289.4882,-0.490196
289.5052,-0.490217
289.5213,-0.490237
289.5386,-0.490256
289.5545,-0.490273
289.5719,-0.490293
289.5888,-0.490313
289.6048,-0.49034
289.6221,-0.490359
289.6374,-0.490375
289.6557,-0.490392
289.6721,-0.490412
289.6885,-0.490436
289.7049,-0.490458
289.7214,-0.490485
289.7383,-0.490511
289.7548,-0.490543
289.7715,-0.490574
289.7886,-0.490594
289.8049,-0.490616
289.8214,-0.490639
289.8381,-0.490659
289.8547,-0.490687
289.8717,-0.490718
289.8884,-0.490747
289.905,-0.490774
289.9222,-0.4908
289.9389,-0.49082
289.9566,-0.490838
289.9723,-0.490855
289.9883,-0.490865
290.0054,-0.490873
290.0227,-0.490893
290.0394,-0.490913
290.056,-0.490934
290.0719,-0.490958
290.0894,-0.490981
290.1057,-0.491003
290.1223,-0.491023
290.1396,-0.491038
290.1556,-0.491054
290.1724,-0.491066
290.1891,-0.491086
290.2057,-0.49111
290.2223,-0.491133
290.2394,-0.491151
290.256,-0.491172
290.2735,-0.4912
290.2892,-0.491222
290.3057,-0.491249
290.3221,-0.491279
290.3387,-0.491304
290.3566,-0.491321
290.3727,-0.491347
290.3898,-0.491371
290.4063,-0.49139
290.4223,-0.491413
290.4398,-0.491435
290.4557,-0.491461
290.4723,-0.491478
290.4887,-0.491491
290.5062,-0.491516
290.5223,-0.49154
290.5397,-0.491561
290.5553,-0.491586
290.572,-0.491611
290.5894,-0.491639
290.6064,-0.491671
290.6219,-0.491706
290.6393,-0.491737
290.6556,-0.491765
290.6732,-0.491792
290.6898,-0.491819
290.706,-0.491846
290.7226,-0.491876
290.7385,-0.491907
290.7559,-0.491924
290.7729,-0.491948
290.789,-0.491965
290.8059,-0.491981
290.8222,-0.492002
290.8386,-0.492026
290.8558,-0.492056
290.8726,-0.49209
290.8894,-0.49213
290.9047,-0.492168
290.922,-0.492207
290.9391,-0.492237
290.9565,-0.492269
290.9724,-0.492295
290.9892,-0.492326
291.0059,-0.49235
291.0228,-0.492372
291.0389,-0.492404
291.0553,-0.492439
291.0722,-0.492472
291.0889,-0.492514
291.1057,-0.492554
291.1221,-0.492582
291.1384,-0.492608
291.1551,-0.492626
291.1722,-0.492647
291.1895,-0.492664
291.2051,-0.492685
291.2228,-0.492715
291.2385,-0.492743
291.2554,-0.492764
291.2721,-0.492793
291.2893,-0.492828
291.3055,-0.492862
291.3223,-0.492887
291.3387,-0.49291
291.3553,-0.492928
291.3725,-0.492945
291.3889,-0.492971
291.4055,-0.49299
291.4222,-0.493009
291.4384,-0.493026
291.4554,-0.493039
291.472,-0.493065
291.4886,-0.493091
291.5051,-0.493121
291.5223,-0.49315
291.5382,-0.493178
291.556,-0.493204
291.5725,-0.49323
291.5889,-0.493253
291.6062,-0.493268
291.6221,-0.493277
291.639,-0.493282
291.6563,-0.493288
291.6725,-0.493291
291.6888,-0.493298
291.7062,-0.493313
291.7221,-0.493339
291.739,-0.49337
291.7554,-0.493401
291.7723,-0.493425
291.7892,-0.493443
291.8064,-0.493458
291.8229,-0.493472
291.8395,-0.493482
291.8565,-0.493486
291.8726,-0.493492
291.889,-0.493497
291.9064,-0.493505
291.9229,-0.493508
291.9393,-0.493515
291.9555,-0.493527
291.9727,-0.493539
291.9889,-0.493553
292.0051,-0.493567
292.0224,-0.493583
292.0388,-0.4936
292.0564,-0.493614
292.0724,-0.493631
292.0892,-0.493647
292.1058,-0.493667
292.1231,-0.493684
292.1393,-0.4937
292.1564,-0.493717
292.1729,-0.493731
292.1903,-0.493745
292.2064,-0.49376
292.2228,-0.49378
292.2392,-0.493797
292.2563,-0.493806
292.273,-0.493813
292.2897,-0.493824
292.3066,-0.493833
292.3226,-0.493839
292.3399,-0.493852
292.3563,-0.49387
292.3732,-0.493889
292.3898,-0.493914
292.4064,-0.493936
292.4231,-0.493958
292.4398,-0.49398
292.456,-0.49401
292.4732,-0.494038
292.4896,-0.494061
292.5074,-0.494079
292.5233,-0.494101
292.5403,-0.494123
292.5569,-0.494146
292.5729,-0.494167
292.5906,-0.494187
292.6068,-0.494215
292.6234,-0.494241
292.6403,-0.49426
292.6567,-0.494271
292.6724,-0.494278
292.6904,-0.494289
292.7071,-0.494294
292.7235,-0.4943
292.7393,-0.494302
292.7571,-0.494305
292.7734,-0.494306
292.7898,-0.494317
292.8064,-0.494335
292.8232,-0.49435
292.8394,-0.494371
292.8571,-0.494396
292.8735,-0.494421
292.8898,-0.494443
292.9066,-0.494465
292.9231,-0.494489
292.9409,-0.494511
292.9565,-0.49453
292.9735,-0.494552
292.9894,-0.494571
293.0075,-0.494588
293.0241,-0.494607
293.0397,-0.494628
293.0566,-0.49465
293.0737,-0.494667
293.0907,-0.494681
293.1072,-0.494706
293.1229,-0.494732
293.1402,-0.494761
293.1573,-0.494789
293.1738,-0.494813
293.1909,-0.494831
293.2074,-0.494859
293.2239,-0.494892
293.2406,-0.494918
293.2575,-0.494941
293.274,-0.494965
293.291,-0.495
293.3079,-0.495028
293.3242,-0.495051
293.34,-0.495073
293.3575,-0.495091
293.3741,-0.495104
293.3912,-0.495113
293.407,-0.495126
293.4236,-0.495138
293.4408,-0.49515
293.4576,-0.495167
293.4736,-0.495187
293.491,-0.495212
293.5073,-0.495237
293.5236,-0.495259
293.5398,-0.495284
293.5575,-0.495307
293.5736,-0.495323
293.5904,-0.495343
293.6073,-0.495366
293.624,-0.495382
293.6398,-0.495397
293.6572,-0.495415
293.6736,-0.495438
293.6905,-0.495466
293.707,-0.495498
293.7239,-0.495536
293.7404,-0.495561
293.7568,-0.495584
293.7734,-0.495604
293.7913,-0.495626
293.8067,-0.495645
293.8232,-0.495659
293.8398,-0.49568
293.8566,-0.4957
293.8733,-0.49572
293.89,-0.495739
293.9069,-0.495763
293.9233,-0.495786
293.9404,-0.495798
293.9566,-0.495811
293.9733,-0.49583
293.9895,-0.495852
294.0068,-0.495877
294.0229,-0.495894
294.0397,-0.49591
294.0563,-0.495932
294.0729,-0.495948
294.0897,-0.495971
294.1064,-0.495987
294.1224,-0.495999
294.1396,-0.496015
294.1563,-0.496028
294.1729,-0.496041
294.1891,-0.496051
294.2064,-0.496063
294.2238,-0.496073
294.24,-0.496087
294.257,-0.496097
294.273,-0.496115
294.2899,-0.496126
294.3067,-0.496136
294.3236,-0.49615
294.3401,-0.496162
294.3572,-0.496165
294.3732,-0.496172
294.3904,-0.496173
294.4073,-0.496172
294.4235,-0.496179
294.4398,-0.496184
294.4562,-0.496192
294.4727,-0.496208
294.4907,-0.496227
294.5074,-0.496253
294.5243,-0.496274
294.5407,-0.49629
294.5569,-0.4963
294.5735,-0.496307
294.5901,-0.496323
294.6071,-0.496341
294.6242,-0.496355
294.6402,-0.496371
294.6569,-0.496386
294.6739,-0.496398
294.6906,-0.49641
294.7068,-0.496423
294.725,-0.496438
294.7401,-0.496449
294.7572,-0.496454
294.7741,-0.496463
294.7911,-0.49647
294.807,-0.496484
294.8241,-0.496502
294.8408,-0.496523
294.8573,-0.496539
294.8737,-0.496555
294.8904,-0.496574
294.9078,-0.496595
294.9245,-0.49661
294.9407,-0.496624
294.957,-0.496638
294.9736,-0.496651
294.9901,-0.496662
295.007,-0.496675
295.0243,-0.496689
295.0411,-0.496704
295.0573,-0.496721
295.0749,-0.49674
295.0909,-0.496753
295.1077,-0.496764
295.1242,-0.496776
295.1411,-0.496784
295.1576,-0.496798
295.1737,-0.496823
295.1905,-0.496846
295.2071,-0.496858
295.224,-0.49688
295.2409,-0.496904
295.2581,-0.496929
295.2745,-0.496952
295.2902,-0.496967
295.3076,-0.496971
295.3238,-0.496973
295.3407,-0.496979
295.3575,-0.496987
295.3735,-0.497003
295.3912,-0.497024
295.407,-0.497044
295.4247,-0.497068
295.4408,-0.497099
295.4579,-0.497125
295.4747,-0.497147
295.4908,-0.497164
295.5084,-0.497173
295.5244,-0.497181
295.5412,-0.497192
295.558,-0.4972
295.5745,-0.497215
295.5905,-0.497221
295.6076,-0.497231
295.6243,-0.497245
295.641,-0.497252
295.6573,-0.497262
295.6747,-0.497272
295.6911,-0.497273
295.7081,-0.497278
295.7242,-0.49729
295.7418,-0.497304
295.7574,-0.497317
295.7739,-0.49733
295.7914,-0.497339
295.8082,-0.497355
295.8242,-0.497373
295.8406,-0.497389
295.8574,-0.497402
295.8737,-0.49741
295.8912,-0.497419
295.9074,-0.497437
295.9238,-0.497458
295.9413,-0.497469
295.9579,-0.497482
295.9737,-0.497491
295.9911,-0.497505
296.0073,-0.497529
296.0232,-0.49755
296.0407,-0.49757
296.0583,-0.49758
296.0742,-0.497582
296.0907,-0.497588
296.1076,-0.497595
296.1242,-0.497598
296.1406,-0.497606
296.1574,-0.497621
296.1737,-0.497642
296.1908,-0.497658
296.2071,-0.497677
296.224,-0.497696
296.2409,-0.497713
296.2578,-0.497721
296.2736,-0.49773
296.2907,-0.497736
296.3073,-0.497745
296.3237,-0.497761
296.3406,-0.497779
296.3583,-0.497799
296.3744,-0.49781
296.3911,-0.497814
296.4075,-0.497816
296.424,-0.49782
296.4409,-0.497828
296.4576,-0.49784
296.4738,-0.49785
296.4909,-0.497861
296.5082,-0.497868
296.525,-0.497868
296.5412,-0.497868
296.5575,-0.49787
296.5748,-0.497874
296.5912,-0.497887
296.6071,-0.497896
296.6242,-0.497908
296.6408,-0.49792
296.6583,-0.497932
296.6747,-0.497947
296.6915,-0.497964
296.7074,-0.497981
296.7243,-0.497994
296.7411,-0.498007
296.7583,-0.498016
296.7746,-0.49803
296.7912,-0.498036
296.8078,-0.498043
296.8239,-0.498051
296.8413,-0.49805
296.858,-0.498049
296.874,-0.498059
296.8909,-0.498072
296.908,-0.498091
296.9239,-0.498117
296.9409,-0.498142
296.9582,-0.498162
296.9746,-0.498177
296.9907,-0.498189
297.008,-0.498207
297.0244,-0.498223
297.0414,-0.498239
297.0583,-0.498258
297.0745,-0.49828
297.0915,-0.49829
297.1083,-0.498302
297.1247,-0.498312
297.1418,-0.498327
297.1576,-0.498342
297.1742,-0.498347
297.1913,-0.498349
297.2074,-0.498357
297.2254,-0.498369
297.2412,-0.498389
297.258,-0.498412
297.2742,-0.498435
297.2907,-0.498451
297.3081,-0.498466
297.3245,-0.498483
297.3419,-0.498496
297.3579,-0.498504
297.3736,-0.498509
297.3908,-0.498513
297.4078,-0.49852
297.4244,-0.498526
297.4415,-0.498543
297.4579,-0.498552
297.4749,-0.498555
297.4912,-0.49856
297.5078,-0.49857
297.5251,-0.498579
297.5413,-0.498594
297.5572,-0.498607
297.5748,-0.498622
297.5914,-0.498647
297.6086,-0.498667
297.6243,-0.498688
297.6414,-0.498706
297.6581,-0.498718
297.6751,-0.498731
297.6909,-0.498744
297.7083,-0.498764
297.7248,-0.498783
297.7423,-0.498797
297.7577,-0.498816
297.7744,-0.498835
297.791,-0.498842
297.8075,-0.49885
297.8242,-0.498858
297.8416,-0.498864
297.8574,-0.498874
297.8745,-0.498879
297.8912,-0.498893
297.9078,-0.498911
297.9236,-0.498932
297.9413,-0.498954
297.9572,-0.49897
297.9749,-0.498978
297.9903,-0.498988
298.0077,-0.499001
298.025,-0.499013
298.0409,-0.499039
298.0569,-0.49906
298.0741,-0.499077
298.0902,-0.499085
298.1071,-0.499099
298.1241,-0.499118
298.141,-0.499143
298.1572,-0.499166
298.1738,-0.499192
298.1903,-0.499217
298.2074,-0.499248
298.224,-0.499274
298.2413,-0.499297
298.2574,-0.499312
298.2742,-0.499333
298.2912,-0.499343
298.3074,-0.499354
298.3248,-0.499361
298.3408,-0.49937
298.3584,-0.499375
298.3742,-0.499386
298.3908,-0.499388
298.4081,-0.499388
298.424,-0.499391
298.4408,-0.499393
298.4581,-0.499397
298.4745,-0.499402
298.4912,-0.499405
298.507,-0.499415
298.524,-0.499429
298.5405,-0.499447
298.5577,-0.499459
298.5741,-0.499465
298.5908,-0.499472
298.6071,-0.499481
298.6241,-0.499487
298.6415,-0.499495
298.657,-0.499493
298.6744,-0.499492
298.691,-0.499491
298.7072,-0.499497
298.7241,-0.49951
298.7398,-0.499527
298.7572,-0.49954
298.7746,-0.499552
298.791,-0.499568
298.8077,-0.499584
298.8242,-0.4996
298.8411,-0.499608
298.8583,-0.499614
298.8742,-0.49962
298.8908,-0.499625
298.9069,-0.499631
298.9237,-0.499639
298.9404,-0.499648
298.9572,-0.499654
298.9743,-0.499661
298.9906,-0.499668
299.0073,-0.499674
299.0247,-0.499684
299.0406,-0.499698
299.0575,-0.499707
299.0741,-0.499714
299.0912,-0.499727
299.1075,-0.499738
299.1243,-0.499755
299.1416,-0.499776
299.1577,-0.499791
299.1741,-0.499797
299.1907,-0.499803
299.2079,-0.499805
299.2241,-0.499809
299.2404,-0.499815
299.2571,-0.499817
299.2739,-0.499822
299.2905,-0.499824
299.3076,-0.499831
299.3236,-0.499844
299.3412,-0.499856
299.3574,-0.499866
299.3738,-0.499874
299.3908,-0.49988
299.407,-0.499892
299.424,-0.499902
299.4403,-0.499919
299.4574,-0.49994
299.4741,-0.49996
299.4914,-0.499981
299.5077,-0.5
299.5239,-0.500017
299.5412,-0.500032
299.5579,-0.50005
299.5743,-0.500062
299.5911,-0.500084
299.6076,-0.500098
299.6248,-0.500106
299.6405,-0.500118
299.6574,-0.500134
299.674,-0.500144
299.6911,-0.500143
299.7073,-0.50014
299.7238,-0.50015
299.7411,-0.500166
299.7572,-0.500182
299.7735,-0.500202
299.7903,-0.500218
299.8078,-0.500232
299.8257,-0.500246
299.841,-0.500262
299.8582,-0.500268
299.8736,-0.500267
299.8912,-0.500275
299.9082,-0.500274
299.9253,-0.500291
299.9412,-0.500322
299.9578,-0.500354
299.9747,-0.500379
299.9911,-0.500399
300.0086,-0.500413
300.0252,-0.500432
300.0418,-0.500451
300.0578,-0.500469
300.0752,-0.500483
300.0918,-0.500488
300.1081,-0.500499
300.1255,-0.500514
300.1414,-0.500535
300.1578,-0.500555
300.1748,-0.500572
300.1914,-0.500579
300.2085,-0.500579
300.2249,-0.500587
300.2411,-0.500595
300.2586,-0.500609
300.2742,-0.500627
300.2906,-0.500646
300.3078,-0.500665
300.3247,-0.50069
300.3416,-0.500718
300.3578,-0.500755
300.3749,-0.500785
300.3914,-0.500805
300.4082,-0.500829
300.4249,-0.500854
300.4423,-0.500891
300.4588,-0.500919
300.4753,-0.500946
300.4926,-0.50097
300.5087,-0.500987
300.5259,-0.500999
300.5419,-0.501004
300.5592,-0.500998
300.5755,-0.500992
300.5929,-0.500995
300.6089,-0.501003
300.6252,-0.501019
300.6412,-0.501037
300.6583,-0.501063
300.6752,-0.501087
300.6924,-0.501114
300.7093,-0.501142
300.7257,-0.501155
300.7428,-0.501163
300.7587,-0.501166
300.7753,-0.501173
300.7918,-0.501189
300.8087,-0.501221
300.8259,-0.501246
300.8424,-0.501271
300.8582,-0.501292
300.8758,-0.501311
300.8928,-0.501329
300.9092,-0.501346
300.9254,-0.501355
300.9413,-0.501366
300.9585,-0.501376
300.9751,-0.501392
300.9924,-0.501414
301.0084,-0.50144
301.0256,-0.501466
301.0418,-0.501495
301.0591,-0.501525
301.0747,-0.501555
301.0925,-0.501585
301.1089,-0.501608
301.1249,-0.501628
301.1428,-0.501652
301.1585,-0.501672
301.1754,-0.50168
301.1924,-0.501691
301.2087,-0.501701
301.2256,-0.501713
301.2416,-0.501733
301.2581,-0.501755
301.275,-0.501776
301.2914,-0.501802
301.3097,-0.50183
301.3251,-0.501861
301.3425,-0.501889
301.3582,-0.501919
301.3758,-0.501939
301.3925,-0.501951
301.4082,-0.501971
301.4253,-0.501983
301.4424,-0.502007
301.4583,-0.502034
301.4755,-0.502062
301.4921,-0.502082
301.508,-0.502093
301.5261,-0.502114
301.5426,-0.502141
301.559,-0.502161
301.5751,-0.502178
301.5918,-0.50219
301.6087,-0.502199
301.6253,-0.502203
301.6422,-0.502221
301.6589,-0.502248
301.6751,-0.502272
301.6926,-0.502302
301.7088,-0.502332
301.7259,-0.502363
301.743,-0.502391
301.759,-0.502416
301.7759,-0.502439
301.7924,-0.502457
301.809,-0.502472
301.8259,-0.502482
301.8415,-0.502501
301.8593,-0.502521
301.8753,-0.502548
301.8922,-0.50257
301.909,-0.502591
301.9252,-0.502619
301.9417,-0.502642
301.9588,-0.502675
301.9752,-0.502711
301.9924,-0.502745
302.0087,-0.502774
302.0256,-0.502806
302.0414,-0.502835
302.0592,-0.502866
302.0754,-0.502898
302.0914,-0.502925
302.1091,-0.502952
302.1254,-0.502979
302.1421,-0.503004
302.1592,-0.50303
302.1748,-0.503049
302.1914,-0.503059
302.2095,-0.503069
302.2253,-0.503086
302.2418,-0.503109
302.2587,-0.503129
302.2755,-0.503153
302.2917,-0.503178
302.3091,-0.503207
302.3255,-0.503231
302.3419,-0.50325
302.3588,-0.503267
302.3755,-0.503282
302.392,-0.503296
302.4084,-0.503318
302.4255,-0.503344
302.4419,-0.503377
302.4596,-0.503414
302.4756,-0.50345
302.4929,-0.503486
302.509,-0.503515
302.5265,-0.50355
302.5432,-0.503585
302.5599,-0.50362
302.576,-0.503646
302.5928,-0.503672
302.6094,-0.503684
302.6265,-0.503701
302.6427,-0.50372
302.6596,-0.50374
302.6763,-0.503763
302.6929,-0.503783
302.7097,-0.503811
302.7253,-0.503846
302.743,-0.503874
302.7591,-0.503906
302.776,-0.50394
302.7931,-0.503957
302.8098,-0.503971
302.826,-0.503979
302.8429,-0.503987
302.8596,-0.504
302.8758,-0.50401
302.8924,-0.504026
302.9102,-0.504058
302.9263,-0.50409
302.943,-0.504126
302.9594,-0.504165
302.977,-0.504198
302.9929,-0.504228
303.01,-0.504264
303.0269,-0.5043
303.0432,-0.504331
303.0595,-0.504348
303.0763,-0.504367
303.0936,-0.504393
303.1105,-0.504413
303.1262,-0.504438
303.1428,-0.504465
303.1607,-0.504489
303.1768,-0.504522
303.1936,-0.504554
303.2101,-0.504596
303.227,-0.504625
303.243,-0.504654
303.2604,-0.504674
303.2768,-0.504703
303.2939,-0.504732
303.3108,-0.504754
303.3269,-0.504783
303.3434,-0.504806
303.3607,-0.504827
303.3777,-0.504851
303.3937,-0.50487
303.4102,-0.504898
303.4273,-0.504922
303.4442,-0.504946
303.4607,-0.504974
303.4763,-0.505008
303.4941,-0.50505
303.5108,-0.505091
303.5278,-0.505135
303.5443,-0.505178
303.5606,-0.505224
303.5779,-0.505248
303.5943,-0.505273
303.6107,-0.505309
303.6275,-0.505349
303.6439,-0.505386
303.6606,-0.505427
303.6776,-0.505463
303.6949,-0.505504
303.7111,-0.505541
303.7274,-0.505576
303.7442,-0.505605
303.7602,-0.50563
303.7776,-0.505654
303.7943,-0.505679
303.8114,-0.505711
303.8273,-0.505745
303.8445,-0.505787
303.8612,-0.505827
303.8775,-0.505865
303.8945,-0.505903
303.9109,-0.50595
303.928,-0.505997
303.944,-0.506044
303.9608,-0.50609
303.9776,-0.506137
303.9948,-0.506181
304.0121,-0.506226
304.028,-0.506265
304.0441,-0.506303
304.0611,-0.506339
304.0768,-0.50637
304.0944,-0.506398
304.111,-0.506436
304.1278,-0.506469
304.1438,-0.506508
304.1607,-0.506548
304.1778,-0.506589
304.1943,-0.506633
304.2109,-0.506667
304.2276,-0.506707
304.244,-0.506753
304.2609,-0.506797
304.2773,-0.506839
304.294,-0.506879
304.311,-0.506909
304.3281,-0.506945
304.3442,-0.506984
304.3606,-0.507029
304.3776,-0.507074
304.3942,-0.507113
304.4103,-0.507146
304.4266,-0.507183
304.444,-0.507223
304.4608,-0.507265
304.4779,-0.507309
304.4939,-0.50734
304.5106,-0.507371
304.5273,-0.507396
304.5443,-0.507429
304.5599,-0.507468
304.5772,-0.507507
304.5939,-0.507543
304.6098,-0.507583
304.627,-0.507625
304.6447,-0.507674
304.6605,-0.507716
304.6771,-0.507752
304.6934,-0.507782
304.7107,-0.507811
304.726,-0.507847
304.7433,-0.507888
304.7593,-0.507931
304.7772,-0.507977
304.7932,-0.508022
304.8103,-0.508062
304.8269,-0.508098
304.8433,-0.508132
304.8602,-0.508163
304.877,-0.508194
304.8933,-0.508225
304.9101,-0.508255
304.9272,-0.50829
304.944,-0.508326
304.9604,-0.508367
304.9769,-0.508404
304.9937,-0.508442
305.0109,-0.50847
305.0268,-0.508494
305.0431,-0.508526
305.0602,-0.508566
305.0766,-0.508598
305.0939,-0.508628
305.1104,-0.50866
305.1266,-0.508701
305.1426,-0.508733
305.1596,-0.508763
305.1765,-0.508799
305.194,-0.508837
305.2102,-0.508875
305.2259,-0.508918
305.2436,-0.508949
305.2602,-0.508982
305.2769,-0.509012
305.2932,-0.509047
305.3102,-0.509086
305.3259,-0.509121
305.3433,-0.509152
305.3597,-0.509182
305.3767,-0.509212
305.3932,-0.509247
305.4107,-0.50928
305.4264,-0.509313
305.4434,-0.509345
305.46,-0.509373
305.4768,-0.509404
305.4936,-0.509434
305.51,-0.50947
305.5271,-0.509504
305.5432,-0.509534
305.5599,-0.509565
305.5768,-0.509599
305.5938,-0.509631
305.6102,-0.509666
305.6267,-0.509699
305.6428,-0.509727
305.6599,-0.50976
305.6765,-0.509793
305.6928,-0.509829
305.7098,-0.509872
305.7263,-0.509911
305.7426,-0.50995
305.7598,-0.509985
305.7766,-0.510027
305.7943,-0.510072
305.8097,-0.510108
305.8269,-0.510137
305.8435,-0.510169
305.8606,-0.510207
305.8768,-0.510251
305.8933,-0.510297
305.91,-0.510335
305.9266,-0.510372
305.943,-0.510413
305.9599,-0.51045
305.9767,-0.510481
305.9931,-0.510514
306.01,-0.510545
306.0268,-0.510579
306.0432,-0.510606
306.0601,-0.510633
306.0759,-0.510666
306.0929,-0.510698
306.1092,-0.510743
306.1263,-0.51079
306.1432,-0.510829
306.1595,-0.510876
306.1764,-0.510924
306.1935,-0.510976
306.2096,-0.511023
306.227,-0.511066
306.2435,-0.511103
306.2604,-0.511134
306.2769,-0.51117
306.293,-0.511208
306.3098,-0.511241
306.326,-0.511275
306.3427,-0.511305
306.3605,-0.51134
306.3766,-0.511383
306.3937,-0.511421
306.4098,-0.511457
306.4261,-0.511498
306.4439,-0.511543
306.4598,-0.511587
306.4767,-0.511637
306.4936,-0.511689
306.5103,-0.511739
306.5269,-0.511788
306.544,-0.511836
306.5599,-0.511883
306.5779,-0.511926
306.5931,-0.511974
306.6106,-0.512011
306.6272,-0.512048
306.6438,-0.512088
306.6603,-0.512127
306.6772,-0.512173
306.694,-0.512215
306.7101,-0.512251
306.7268,-0.512288
306.7434,-0.512333
306.7602,-0.512376
306.7771,-0.512422
306.7928,-0.512464
306.8101,-0.512506
306.8272,-0.51255
306.8434,-0.512589
306.8607,-0.51263
306.8768,-0.512673
306.8938,-0.512722
306.9095,-0.512763
306.926,-0.512816
306.9436,-0.512861
306.9609,-0.512907
306.977,-0.512958
306.9936,-0.513026
307.0106,-0.513089
307.0267,-0.513141
307.0431,-0.513195
307.0606,-0.513246
307.0769,-0.513296
307.0934,-0.513349
307.11,-0.5134
307.127,-0.51345
307.1434,-0.513497
307.161,-0.513546
307.1766,-0.513596
307.1936,-0.513639
307.2102,-0.51369
307.2273,-0.513732
307.2438,-0.513762
307.2599,-0.513799
307.2771,-0.513833
307.2937,-0.513873
307.3103,-0.513922
307.3263,-0.513969
307.3435,-0.514008
307.3597,-0.514047
307.3767,-0.514091
307.3933,-0.514136
307.4097,-0.514188
307.4268,-0.514235
307.4444,-0.514288
307.4602,-0.514335
307.4765,-0.514388
307.4935,-0.514441
307.51,-0.514491
307.5265,-0.514546
307.5436,-0.514601
307.5604,-0.514654
307.5768,-0.514701
307.5932,-0.514749
307.6103,-0.514788
307.6273,-0.514834
307.6438,-0.514873
307.6601,-0.514911
307.6769,-0.514948
307.6931,-0.514987
307.7103,-0.515045
307.7265,-0.515093
307.7432,-0.515145
307.7603,-0.515196
307.7772,-0.515239
307.7939,-0.515285
307.8097,-0.515329
307.8267,-0.515381
307.8429,-0.515431
307.8596,-0.515477
307.8764,-0.51552
307.8929,-0.515573
307.9096,-0.51563
307.9262,-0.515691
307.9424,-0.515749
307.9597,-0.51581
307.976,-0.515865
307.9933,-0.515921
308.0099,-0.515972
308.0264,-0.516025
308.0432,-0.516083
308.0592,-0.516135
308.0767,-0.516184
308.0923,-0.516234
308.1095,-0.516282
308.1266,-0.516331
308.1429,-0.516382
308.1593,-0.516429
308.1765,-0.516474
308.1928,-0.516516
308.2094,-0.516556
308.2267,-0.516604
308.243,-0.516651
308.259,-0.516698
308.2758,-0.516742
308.2924,-0.516786
308.3098,-0.516832
308.3265,-0.516883
308.3427,-0.516925
308.3599,-0.516965
308.3757,-0.51701
308.3928,-0.517053
308.4094,-0.517088
308.426,-0.517132
308.4427,-0.517179
308.4594,-0.517232
308.4761,-0.517289
308.4924,-0.517343
308.509,-0.517393
308.5262,-0.517451
308.5431,-0.517507
308.5593,-0.517569
308.575,-0.517625
308.5925,-0.517675
308.6094,-0.517725
308.626,-0.517775
308.6435,-0.517831
308.6593,-0.517883
308.6762,-0.517925
308.6924,-0.517967
308.7094,-0.518011
308.7266,-0.51805
308.7433,-0.518091
308.7594,-0.518129
308.7767,-0.518165
308.7934,-0.518199
308.8094,-0.518231
308.8261,-0.518274
308.843,-0.51831
308.8598,-0.518345
308.8764,-0.518391
308.8932,-0.518439
308.9091,-0.518488
308.9259,-0.518541
308.9428,-0.518601
308.9595,-0.51866
308.976,-0.518723
308.9936,-0.518784
309.0104,-0.518838
309.0262,-0.518886
309.0425,-0.518934
309.0605,-0.518984
309.0767,-0.519026
309.0925,-0.519063
309.1093,-0.519109
309.1269,-0.519149
309.1432,-0.519189
309.1604,-0.519233
309.1763,-0.519284
309.1933,-0.519335
309.2093,-0.51939
309.2267,-0.519448
309.243,-0.519503
309.2598,-0.519549
309.2766,-0.519588
309.2933,-0.519634
309.3102,-0.51968
309.3267,-0.519729
309.3427,-0.519782
309.3594,-0.519834
309.3771,-0.519883
309.3932,-0.519944
309.41,-0.520009
309.4266,-0.520075
309.4437,-0.520127
309.46,-0.520176
309.4765,-0.520226
309.4938,-0.520278
309.5102,-0.520326
309.5272,-0.520374
309.5439,-0.520426
309.5597,-0.520471
309.5769,-0.520514
309.5932,-0.520564
309.6104,-0.520615
309.627,-0.520664
309.6435,-0.520708
309.6609,-0.520758
309.6772,-0.520806
309.6938,-0.520864
309.7106,-0.52093
309.7269,-0.520995
309.7444,-0.52106
309.7607,-0.521122
309.7779,-0.521181
309.7943,-0.521236
309.8107,-0.521285
309.8273,-0.521336
309.844,-0.521391
309.8611,-0.521443
309.8767,-0.521505
309.8938,-0.521567
309.9107,-0.521637
309.9276,-0.521708
309.944,-0.521776
309.9608,-0.521842
309.9774,-0.521898
309.9935,-0.521952
310.0106,-0.522009
310.0273,-0.522068
310.0445,-0.522135
310.0609,-0.522203
310.0771,-0.522274
310.0936,-0.522345
310.1102,-0.52241
310.1275,-0.522474
310.1436,-0.522531
310.1601,-0.52259
310.1772,-0.522646
310.1934,-0.5227
310.2101,-0.522758
310.226,-0.522812
310.2426,-0.522872
310.2586,-0.522937
310.2762,-0.523006
310.2921,-0.523078
310.3085,-0.523152
310.3258,-0.523233
310.3421,-0.523312
310.3591,-0.523388
310.3756,-0.523459
310.392,-0.523525
310.409,-0.523591
310.4253,-0.523662
310.4424,-0.523732
310.4589,-0.523803
310.4754,-0.523878
310.4925,-0.523954
310.5087,-0.524031
310.5256,-0.524105
310.5422,-0.524172
310.559,-0.524239
310.5757,-0.524296
310.5925,-0.524347
310.6091,-0.524394
310.6255,-0.524441
310.6427,-0.524488
310.6584,-0.524529
310.6752,-0.524571
310.692,-0.524614
310.7082,-0.524663
310.7256,-0.524718
310.7413,-0.524783
310.7587,-0.524849
310.7751,-0.524913
310.7917,-0.524979
310.8083,-0.525054
310.8253,-0.525127
310.8428,-0.525193
310.8588,-0.525257
310.8751,-0.525322
310.8918,-0.525381
310.9078,-0.525437
310.9253,-0.525495
310.942,-0.525557
310.9587,-0.525618
310.9744,-0.525681
310.9918,-0.525744
311.0089,-0.525804
311.0258,-0.525868
311.0421,-0.525933
311.0588,-0.526
311.0757,-0.526061
311.0924,-0.526112
311.1085,-0.526166
311.1257,-0.52622
311.1425,-0.526275
311.1593,-0.526327
311.1752,-0.526376
311.1918,-0.526436
311.2086,-0.526498
311.2257,-0.526563
311.2425,-0.526629
311.2587,-0.526693
311.2755,-0.526753
311.2922,-0.526819
311.3091,-0.526876
311.3259,-0.526928
311.3419,-0.526981
311.3595,-0.527033
311.3752,-0.527083
311.3923,-0.527135
311.4088,-0.527184
311.4262,-0.527241
311.4422,-0.527299
311.4592,-0.527357
311.4758,-0.527416
311.4929,-0.52747
311.5092,-0.527529
311.5266,-0.527582
311.5428,-0.527642
311.5593,-0.527698
311.5763,-0.527748
311.593,-0.527797
311.6092,-0.52785
311.6266,-0.52791
311.6421,-0.527961
311.6599,-0.528016
311.6763,-0.528079
311.6929,-0.528129
311.71,-0.528189
311.7256,-0.528254
311.7424,-0.52832
311.7596,-0.528382
311.7759,-0.528442
311.793,-0.528505
311.8101,-0.528575
311.8269,-0.528647
311.8423,-0.528718
311.8598,-0.528783
311.876,-0.52885
311.8928,-0.528904
311.9099,-0.528963
311.927,-0.52903
311.9428,-0.529094
311.9597,-0.529169
311.976,-0.529235
311.9933,-0.529293
312.01,-0.529358
312.0273,-0.529429
312.0439,-0.529504
312.0597,-0.529583
312.0766,-0.529659
312.0932,-0.529736
312.1104,-0.529811
312.1266,-0.529893
312.1439,-0.529978
312.1609,-0.530056
312.1771,-0.530127
312.194,-0.530195
312.2108,-0.530254
312.2267,-0.53031
312.2436,-0.530375
312.2597,-0.530435
312.2776,-0.530499
312.293,-0.530574
312.3098,-0.530655
312.3271,-0.530735
312.3434,-0.530814
312.3615,-0.530892
312.3777,-0.530975
312.3934,-0.531055
312.4103,-0.531142
312.4276,-0.531223
312.4436,-0.531297
312.461,-0.531372
312.4773,-0.53144
312.4944,-0.531505
312.5106,-0.531568
312.5276,-0.531635
312.5442,-0.531704
312.5602,-0.531768
312.5771,-0.531834
312.5936,-0.531907
312.6102,-0.531977
312.6269,-0.532051
312.6442,-0.532121
312.6605,-0.532192
312.6768,-0.532267
312.6937,-0.532344
312.7101,-0.532446
312.727,-0.532528
312.7433,-0.532611
312.7601,-0.532692
312.7781,-0.532768
312.7943,-0.532849
312.8097,-0.532927
312.8268,-0.533003
312.8438,-0.533073
312.8605,-0.53314
312.8778,-0.533212
312.8932,-0.533289
312.9101,-0.533358
312.9267,-0.533432
312.9429,-0.533502
312.9604,-0.533577
312.9771,-0.533659
312.9933,-0.53374
313.0103,-0.53382
313.0276,-0.533898
313.0439,-0.533976
313.0602,-0.53406
313.0764,-0.534143
313.0932,-0.534216
313.11,-0.534283
313.1272,-0.534355
313.1431,-0.534425
313.1607,-0.534496
313.1768,-0.534558
313.1936,-0.53462
313.2108,-0.534682
313.2264,-0.534741
313.2428,-0.5348
313.2599,-0.534867
313.2765,-0.534937
313.2931,-0.53501
313.31,-0.535095
313.3261,-0.535176
313.3439,-0.535258
313.3602,-0.53534
313.3773,-0.535413
313.3936,-0.535487
313.4101,-0.535562
313.4265,-0.535624
313.4434,-0.535691
313.4599,-0.53576
313.4768,-0.535825
313.4937,-0.535894
313.5095,-0.53596
313.5273,-0.536021
313.5431,-0.536079
313.5596,-0.536138
313.5765,-0.536192
313.5933,-0.536255
313.6098,-0.536319
313.626,-0.536385
313.6435,-0.536458
313.6604,-0.536529
313.6769,-0.536604
313.6942,-0.536681
313.7101,-0.536751
313.7267,-0.536812
313.7427,-0.536875
313.76,-0.536936
313.7769,-0.536995
313.794,-0.537065
313.8105,-0.537136
313.8273,-0.537215
313.8439,-0.537287
313.8596,-0.537361
313.8769,-0.537431
313.8933,-0.537497
313.91,-0.53756
313.9267,-0.537617
313.9436,-0.537669
313.9597,-0.537724
313.9771,-0.537781
313.9942,-0.537848
314.0094,-0.537908
314.0262,-0.537967
314.0439,-0.538032
314.0604,-0.538106
314.0772,-0.538176
314.0936,-0.538252
314.11,-0.538316
314.1274,-0.538378
314.1443,-0.538443
314.1607,-0.538512
314.1766,-0.538579
314.1935,-0.538651
314.2109,-0.538721
314.2274,-0.538794
314.2445,-0.538867
314.2603,-0.538937
314.2773,-0.539003
314.2938,-0.53907
314.3109,-0.539129
314.3276,-0.539192
314.3441,-0.539253
314.361,-0.539318
314.3772,-0.539386
314.3934,-0.539463
314.4107,-0.539546
314.4268,-0.539631
314.4441,-0.539748
314.4609,-0.539835
314.4779,-0.539934
314.4935,-0.54003
314.5103,-0.540116
314.5278,-0.540196
314.5441,-0.540269
314.5609,-0.540344
314.5776,-0.540421
314.594,-0.540495
314.61,-0.540561
314.6273,-0.540628
314.6447,-0.540694
314.6612,-0.540774
314.6776,-0.540863
314.6939,-0.540954
314.7107,-0.541035
314.7271,-0.541114
314.7447,-0.541199
314.7609,-0.541281
314.7777,-0.541363
314.7941,-0.541444
314.8109,-0.541522
314.8276,-0.541593
314.8445,-0.541672
314.8607,-0.541754
314.8777,-0.541841
314.8939,-0.541926
314.9104,-0.542008
314.9269,-0.542093
314.944,-0.542174
314.961,-0.542256
314.9778,-0.542339
314.9937,-0.542414
315.0106,-0.542489
315.0274,-0.542558
315.0431,-0.542633
315.0602,-0.542712
315.0775,-0.542787
315.0933,-0.542865
315.1094,-0.54294
315.127,-0.543015
315.1432,-0.543092
315.1602,-0.54317
315.1771,-0.543241
315.1934,-0.543314
315.2096,-0.543384
315.2263,-0.543465
315.2431,-0.543548
315.2593,-0.543625
315.2764,-0.543711
315.2933,-0.543799
315.31,-0.543883
315.3263,-0.543959
315.343,-0.544039
315.3603,-0.544116
315.3763,-0.544195
315.3925,-0.544272
315.4095,-0.544349
315.4261,-0.544425
315.4432,-0.544503
315.46,-0.54458
315.4766,-0.544656
315.4926,-0.544738
315.5092,-0.544815
315.5255,-0.544887
315.5423,-0.544958
315.5597,-0.545039
315.5765,-0.545117
315.5926,-0.545195
315.6096,-0.545271
315.6263,-0.545351
315.6426,-0.545423
315.6593,-0.545497
315.6764,-0.545565
315.6938,-0.545626
315.7097,-0.545689
315.7257,-0.545749
315.7428,-0.54581
315.76,-0.545867
315.7758,-0.545925
315.7927,-0.545986
315.8096,-0.546051
315.8264,-0.546128
315.8423,-0.546208
315.8594,-0.546289
315.8759,-0.546368
315.8925,-0.546451
315.9099,-0.546527
315.926,-0.546611
315.9433,-0.546691
315.9595,-0.546766
315.9766,-0.546842
315.9936,-0.54691
316.0101,-0.546981
316.0269,-0.547053
316.0429,-0.547118
316.0595,-0.547183
316.076,-0.547251
316.0924,-0.547317
316.1093,-0.547381
316.1263,-0.547449
316.1433,-0.547512
316.1598,-0.547586
316.1757,-0.547654
316.1935,-0.547732
316.2099,-0.547809
316.2263,-0.547891
316.243,-0.547969
316.2591,-0.54804
316.2764,-0.54811
316.293,-0.548173
316.31,-0.548231
316.3263,-0.548297
316.3431,-0.548373
316.3597,-0.548443
316.3763,-0.548518
316.3929,-0.548589
316.4102,-0.548668
316.4265,-0.548751
316.4434,-0.548836
316.4599,-0.54892
316.4767,-0.548996
316.4939,-0.54907
316.5098,-0.549141
316.527,-0.549208
316.5435,-0.549284
316.5602,-0.549363
316.577,-0.549441
316.593,-0.549522
316.6098,-0.549605
316.6281,-0.549684
316.6435,-0.549764
316.6599,-0.549837
316.6775,-0.549911
316.6941,-0.549987
316.7097,-0.550063
316.7271,-0.550134
316.7435,-0.550205
316.7603,-0.550281
316.777,-0.55035
316.7932,-0.550424
316.81,-0.550495
316.8263,-0.550568
316.8433,-0.550645
316.8598,-0.550723
316.877,-0.550812
316.8933,-0.550967
316.9099,-0.551055
316.9264,-0.551143
316.9431,-0.551229
316.9601,-0.551317
316.977,-0.55141
316.9932,-0.551498
317.0105,-0.551583
317.0275,-0.551674
317.0436,-0.551763
317.0609,-0.55185
317.0768,-0.551939
317.0935,-0.552025
317.1111,-0.55211
317.127,-0.552189
317.1435,-0.552266
317.1606,-0.552349
317.1771,-0.552426
317.1937,-0.552489
317.2096,-0.552563
317.2266,-0.552644
317.2437,-0.552731
317.2607,-0.552821
317.2774,-0.552909
317.2943,-0.553002
317.3103,-0.553092
317.3277,-0.553182
317.344,-0.553269
317.361,-0.553353
317.3764,-0.553437
317.3937,-0.553523
317.4102,-0.55361
317.4267,-0.553704
317.4431,-0.553796
317.4608,-0.553891
317.477,-0.553983
317.4932,-0.554068
317.5103,-0.554153
317.5276,-0.554242
317.5436,-0.554328
317.5604,-0.554425
317.5771,-0.554524
317.5929,-0.554622
317.61,-0.554718
317.6274,-0.554828
317.644,-0.554964
317.6606,-0.555093
317.6774,-0.555197
317.6941,-0.555294
317.7106,-0.555396
317.727,-0.555494
317.7438,-0.555587
317.7601,-0.555681
317.7767,-0.555769
317.7937,-0.555856
317.8099,-0.555939
317.8272,-0.556029
317.8431,-0.556118
317.8604,-0.556204
317.8773,-0.556287
317.8937,-0.556375
317.9111,-0.556457
317.9269,-0.55654
317.944,-0.556624
317.9604,-0.556706
317.9768,-0.556787
317.9938,-0.556866
318.0097,-0.556948
318.0264,-0.557035
318.0436,-0.557124
318.0604,-0.557217
318.0764,-0.557303
318.093,-0.557388
318.1106,-0.55747
318.1262,-0.557555
318.1433,-0.557642
318.16,-0.557724
318.1763,-0.557809
318.1933,-0.557899
318.2096,-0.557993
318.2264,-0.558084
318.2433,-0.558173
318.2599,-0.55826
318.2765,-0.558352
318.2927,-0.558448
318.3094,-0.558541
318.3264,-0.558634
318.3425,-0.558722
318.3596,-0.558811
318.3767,-0.558909
318.3932,-0.559006
318.4095,-0.559095
318.4263,-0.559183
318.4431,-0.55926
318.4603,-0.559339
318.4761,-0.559423
318.4931,-0.559513
318.51,-0.559606
318.5265,-0.559695
318.5434,-0.559777
318.5601,-0.559861
318.5764,-0.559943
318.5932,-0.560026
318.6104,-0.56011
318.6259,-0.560184
318.6433,-0.56026
318.66,-0.560337
318.6765,-0.560419
318.6931,-0.560504
318.7098,-0.560593
318.7264,-0.560677
318.743,-0.560768
318.7601,-0.560858
318.7767,-0.560949
318.7932,-0.561044
318.8099,-0.561127
318.8271,-0.561211
318.8433,-0.561298
318.8603,-0.561391
318.877,-0.561477
318.8933,-0.56156
318.9099,-0.561633
318.9263,-0.561705
318.9439,-0.56178
318.9602,-0.561857
318.9764,-0.561931
318.9932,-0.562002
319.0087,-0.562077
319.0261,-0.562162
319.0427,-0.562256
319.0599,-0.56235
319.0764,-0.562441
319.0935,-0.562533
319.11,-0.562618
319.1268,-0.56271
319.1436,-0.562807
319.1602,-0.562902
319.1772,-0.563002
319.1939,-0.563096
319.2108,-0.563188
319.2273,-0.563276
319.2436,-0.563365
319.2601,-0.563449
319.2773,-0.563526
319.2938,-0.563615
319.311,-0.563703
319.3273,-0.563789
319.3439,-0.563884
319.3607,-0.563977
319.3776,-0.564069
319.3939,-0.564154
319.41,-0.564242
319.4271,-0.564331
319.4445,-0.564425
319.4607,-0.564518
319.4771,-0.564611
319.4943,-0.5647
319.5116,-0.564787
319.5276,-0.564875
319.5439,-0.564966
319.561,-0.565051
319.5775,-0.565134
319.5939,-0.565227
319.6115,-0.565334
319.6278,-0.565437
319.6439,-0.565567
319.6606,-0.565687
319.678,-0.565819
319.6953,-0.565921
319.711,-0.566022
319.7279,-0.566115
319.7447,-0.566203
319.7617,-0.566295
319.778,-0.566384
319.795,-0.566473
319.8112,-0.566561
319.8279,-0.566655
319.8448,-0.566752
319.8615,-0.566855
319.8774,-0.566961
319.8945,-0.567064
319.9116,-0.567169
319.9272,-0.567276
319.9443,-0.567376
319.961,-0.567483
319.9774,-0.567585
319.9954,-0.56769
320.0117,-0.567794
320.0281,-0.567895
320.0452,-0.567997
320.0616,-0.568098
320.0787,-0.568208
320.0956,-0.568316
320.1123,-0.568422
320.1284,-0.568531
320.1455,-0.568639
320.1623,-0.568741
320.1784,-0.568844
320.196,-0.568946
320.2126,-0.569046
320.2284,-0.569145
320.2458,-0.569247
320.2627,-0.56936
320.2787,-0.569463
320.2956,-0.569576
320.3128,-0.569725
320.329,-0.569867
320.3463,-0.57005
320.3626,-0.57018
320.38,-0.570308
320.3963,-0.570423
320.4135,-0.570538
320.4306,-0.570715
320.4467,-0.570967
320.4634,-0.571105
320.4806,-0.571222
320.4976,-0.571333
320.5139,-0.571443
320.5312,-0.571557
320.547,-0.571667
320.5636,-0.571767
320.58,-0.571863
320.5969,-0.571961
320.6142,-0.572056
320.6304,-0.572147
320.6469,-0.572243
320.663,-0.572347
320.6807,-0.572455
320.6972,-0.572567
320.7138,-0.572681
320.7304,-0.572796
320.7469,-0.572926
320.7639,-0.573048
320.7808,-0.573254
320.7976,-0.573471
320.8145,-0.573585
320.8303,-0.573703
320.8473,-0.573814
320.8641,-0.573926
320.8801,-0.574044
320.8965,-0.574161
320.9134,-0.574275
320.9302,-0.574382
320.9473,-0.574496
320.9628,-0.574615
320.9798,-0.57473
320.9973,-0.574841
321.0132,-0.574952
321.0302,-0.57506
321.0472,-0.575168
321.0638,-0.575274
321.08,-0.575376
321.0972,-0.57548
321.1135,-0.575596
321.1295,-0.575713
321.1464,-0.575865
321.163,-0.575999
321.1804,-0.576145
321.1967,-0.576275
321.2136,-0.576466
321.2297,-0.576636
321.246,-0.576758
321.2636,-0.576872
321.2796,-0.576983
321.2964,-0.577098
321.3127,-0.577207
321.3304,-0.577315
321.3467,-0.577415
321.3633,-0.577522
321.3804,-0.577628
321.3966,-0.577738
321.4133,-0.577846
321.4295,-0.577968
321.4467,-0.578088
321.4634,-0.578199
321.4807,-0.578307
321.4968,-0.57841
321.5132,-0.57851
321.5303,-0.578608
321.547,-0.578709
321.5627,-0.5788
321.5796,-0.578897
321.5963,-0.579003
321.6127,-0.57911
321.6294,-0.579223
321.6461,-0.579336
321.663,-0.579442
321.6796,-0.579548
321.6959,-0.579657
321.7133,-0.579761
321.7291,-0.579871
321.7458,-0.57997
321.762,-0.580071
321.78,-0.580169
321.796,-0.580272
321.8126,-0.580379
321.829,-0.580488
321.8459,-0.580622
321.8624,-0.580738
321.8799,-0.580858
321.8953,-0.580967
321.9127,-0.581071
321.9291,-0.581169
321.9458,-0.581271
321.9625,-0.581369
321.9787,-0.581467
321.9959,-0.581563
322.013,-0.581663
322.0295,-0.581772
322.0468,-0.581886
322.0622,-0.58199
322.0796,-0.582086
322.096,-0.582182
322.1132,-0.582279
322.1297,-0.582379
322.146,-0.58248
322.1627,-0.582578
322.179,-0.582679
322.196,-0.582781
322.2127,-0.58288
322.2292,-0.582989
322.2455,-0.583092
322.2627,-0.583186
322.2791,-0.583279
322.2957,-0.58337
322.312,-0.583458
322.3292,-0.583548
322.3458,-0.583644
322.3624,-0.583744
322.3789,-0.583848
322.3957,-0.583952
322.4119,-0.584063
322.429,-0.584175
322.4455,-0.584329
322.4616,-0.584524
322.4788,-0.584655
322.4954,-0.584789
322.5112,-0.584904
322.5287,-0.585015
322.5461,-0.585126
322.5624,-0.585227
322.5793,-0.585327
322.595,-0.585429
322.6122,-0.585527
322.6286,-0.585626
322.6452,-0.585724
322.6614,-0.585829
322.6784,-0.585939
322.6953,-0.586056
322.7126,-0.586169
322.7282,-0.586286
322.7448,-0.586404
322.7617,-0.586513
322.778,-0.586621
322.7946,-0.586735
322.8119,-0.586852
322.8285,-0.586974
322.8448,-0.58709
322.862,-0.587203
322.8785,-0.587319
322.8947,-0.587431
322.9119,-0.587564
322.9276,-0.587687
322.944,-0.587799
322.961,-0.58792
322.9784,-0.588041
322.9942,-0.588162
323.0119,-0.588304
323.0287,-0.588418
323.0446,-0.588532
323.0619,-0.588638
323.0777,-0.588745
323.0945,-0.588848
323.1113,-0.588957
323.1277,-0.589063
323.1443,-0.589173
323.1611,-0.58928
323.1774,-0.589388
323.1948,-0.589496
323.2112,-0.589614
323.2274,-0.589758
323.2443,-0.58989
323.2607,-0.590087
323.2779,-0.590219
323.2944,-0.590336
323.3103,-0.590456
323.3275,-0.590577
323.3438,-0.590695
323.3607,-0.590814
323.3773,-0.590927
323.3936,-0.591039
323.4104,-0.591153
323.4263,-0.591264
323.444,-0.591381
323.4608,-0.591501
323.4767,-0.591619
323.4936,-0.591735
323.5093,-0.591847
323.5272,-0.591963
323.5435,-0.592079
323.5603,-0.592198
323.5772,-0.592319
323.5932,-0.592462
323.6099,-0.592587
323.6266,-0.592706
323.6432,-0.592824
323.66,-0.592932
323.6766,-0.59304
323.6934,-0.59314
323.7097,-0.593245
323.726,-0.593342
323.7427,-0.593442
323.7593,-0.593554
323.7761,-0.593668
323.7927,-0.593784
323.8092,-0.593904
323.8262,-0.594023
323.8429,-0.594142
323.8602,-0.59426
323.8758,-0.594375
323.8921,-0.59449
323.9088,-0.594599
323.9253,-0.594705
323.942,-0.594821
323.9591,-0.594939
323.9752,-0.595059
323.9926,-0.595185
324.0091,-0.59535
324.0258,-0.595518
324.0418,-0.595643
324.0591,-0.595801
324.0755,-0.595924
324.0926,-0.596049
324.1086,-0.596165
324.1255,-0.596276
324.1428,-0.596391
324.1592,-0.596499
324.1754,-0.5966
324.1924,-0.596704
324.2089,-0.596813
324.2254,-0.596916
324.2419,-0.597028
324.2592,-0.597146
324.2755,-0.597259
324.2914,-0.597369
324.3087,-0.597484
324.325,-0.597595
324.3418,-0.59771
324.3589,-0.597827
324.3751,-0.597942
324.392,-0.598056
324.4084,-0.598168
324.4258,-0.598283
324.442,-0.598395
324.4582,-0.598511
324.4747,-0.598628
324.4922,-0.598744
324.5086,-0.598861
324.5253,-0.598979
324.5414,-0.599104
324.5588,-0.599295
324.5758,-0.59942
324.5923,-0.59953
324.6075,-0.599634
324.6249,-0.599733
324.6419,-0.599842
324.6574,-0.599958
324.6748,-0.600072
324.6915,-0.60019
324.7083,-0.600309
324.7257,-0.600425
324.7416,-0.600549
324.7588,-0.600675
324.7754,-0.600795
324.7921,-0.600912
324.8088,-0.601031
324.825,-0.601171
324.8417,-0.601307
324.8594,-0.601454
324.8755,-0.601587
324.892,-0.601709
324.9084,-0.601848
324.9254,-0.601974
324.9423,-0.602094
324.9588,-0.602217
324.9754,-0.602337
324.9931,-0.602463
325.0086,-0.602591
325.0258,-0.602733
325.0428,-0.602939
325.0591,-0.603209
325.0754,-0.60336
325.0923,-0.603553
325.1089,-0.603699
325.1256,-0.603888
325.1422,-0.604014
325.1584,-0.604138
325.1757,-0.604257
325.1928,-0.604378
325.2086,-0.604499
325.2248,-0.604625
325.2411,-0.604772
325.2585,-0.604905
325.2758,-0.605099
325.2928,-0.605255
325.3081,-0.605508
325.3256,-0.605763
325.3417,-0.605935
325.3593,-0.606074
325.3749,-0.60626
325.3925,-0.606425
325.4084,-0.606558
325.4254,-0.606786
325.4417,-0.606917
325.4586,-0.60705
325.4757,-0.607181
325.4922,-0.607309
325.5085,-0.60744
325.524,-0.607572
325.5416,-0.607706
325.5577,-0.607847
325.5742,-0.608058
325.591,-0.608265
325.6075,-0.608673
325.6245,-0.609071
325.6402,-0.60938
325.6569,-0.609677
325.6739,-0.609873
325.6913,-0.610062
325.7078,-0.610226
325.7238,-0.610369
325.7409,-0.610501
325.7572,-0.610656
325.7745,-0.610791
325.7908,-0.610986
325.8074,-0.611214
325.8239,-0.61142
325.8402,-0.611623
325.8573,-0.611828
325.8746,-0.612045
325.8908,-0.61222
325.907,-0.612374
325.9239,-0.612511
325.9405,-0.612643
325.9567,-0.612769
325.9741,-0.612901
325.9906,-0.613032
326.0063,-0.613171
326.0235,-0.613319
326.0406,-0.613451
326.0568,-0.613581
326.074,-0.613719
326.0906,-0.613857
326.1074,-0.613995
326.1237,-0.614129
326.14,-0.614256
326.1569,-0.614369
326.1733,-0.61449
326.191,-0.614614
326.2067,-0.614743
326.223,-0.614876
326.24,-0.615015
326.2568,-0.615163
326.2728,-0.615305
326.2903,-0.615528
326.307,-0.615675
326.3242,-0.615825
326.3401,-0.615963
326.3567,-0.616099
326.3732,-0.616232
326.3904,-0.616364
326.407,-0.616497
326.4228,-0.616634
326.44,-0.616769
326.4569,-0.616908
326.4735,-0.617049
326.4905,-0.617189
326.5072,-0.617329
326.5236,-0.617469
326.5404,-0.61761
326.5573,-0.617752
326.5736,-0.617887
326.5906,-0.618022
326.6076,-0.618164
326.6239,-0.618324
326.6407,-0.618502
326.6566,-0.618644
326.674,-0.618784
326.6902,-0.618939
326.7074,-0.619259
326.7235,-0.619517
326.7402,-0.619687
326.7574,-0.619851
326.7741,-0.620019
326.7907,-0.620191
326.8075,-0.620329
326.8241,-0.620473
326.8412,-0.620616
326.8569,-0.620753
326.8745,-0.620891
326.8904,-0.621033
326.9073,-0.621284
326.9241,-0.621483
326.9405,-0.621758
326.9568,-0.622064
326.9743,-0.622348
326.9911,-0.622628
327.0068,-0.622861
327.0241,-0.623062
327.0407,-0.623243
327.0566,-0.623383
327.0736,-0.623529
327.0903,-0.623697
327.1071,-0.62387
327.1241,-0.624061
327.1404,-0.624312
327.1568,-0.624644
327.1739,-0.625013
327.1898,-0.625335
327.2064,-0.625525
327.2235,-0.625875
327.2406,-0.626246
327.2571,-0.626575
327.2738,-0.626722
327.2897,-0.626859
327.3073,-0.627106
327.3234,-0.627247
327.3405,-0.627386
327.3568,-0.62754
327.3731,-0.62768
327.3896,-0.627818
327.407,-0.628019
327.423,-0.628342
327.4395,-0.628627
327.4561,-0.62883
327.4734,-0.628985
327.4895,-0.629143
327.5061,-0.629301
327.5233,-0.62951
327.5398,-0.629695
327.5562,-0.629966
327.5732,-0.63015
327.5894,-0.630305
327.606,-0.630609
327.623,-0.630877
327.64,-0.631085
327.6554,-0.631238
327.6731,-0.631429
327.6895,-0.631583
327.7062,-0.631819
327.7227,-0.631961
327.7393,-0.632146
327.7562,-0.632284
327.773,-0.632425
327.7895,-0.632569
327.8052,-0.632709
327.8227,-0.632848
327.8388,-0.632987
327.8563,-0.633128
327.8726,-0.633272
327.8892,-0.633482
327.9048,-0.633766
327.9222,-0.634163
327.9392,-0.634513
327.9561,-0.634901
327.973,-0.635235
327.989,-0.635524
328.0059,-0.635773
328.0222,-0.635943
328.0384,-0.636127
328.055,-0.636263
328.0722,-0.636398
328.0887,-0.636536
328.1052,-0.636678
328.1225,-0.636877
328.1387,-0.637021
328.1552,-0.637164
328.172,-0.637308
328.1892,-0.637515
328.2054,-0.637655
328.2221,-0.63784
328.2389,-0.638111
328.2545,-0.638403
328.2721,-0.638651
328.2885,-0.638845
328.3056,-0.639093
328.3223,-0.639287
328.3382,-0.639431
328.3549,-0.639615
328.3721,-0.639781
328.3889,-0.639923
328.4047,-0.640105
328.4219,-0.640372
328.4388,-0.640802
328.4542,-0.641211
328.472,-0.641444
328.489,-0.641624
328.5045,-0.641777
328.5223,-0.641957
328.5378,-0.642111
328.5553,-0.642266
328.5711,-0.642404
328.588,-0.642545
328.6044,-0.642688
328.6214,-0.642947
328.6378,-0.643156
328.655,-0.643411
328.6715,-0.643603
328.6882,-0.643743
328.7056,-0.643893
328.7214,-0.644069
328.7378,-0.644262
328.7548,-0.644579
328.7717,-0.644832
328.7876,-0.645042
328.805,-0.645282
328.822,-0.645475
328.8385,-0.645636
328.8552,-0.645787
328.8713,-0.645934
328.8886,-0.646081
328.9048,-0.646218
328.9212,-0.646445
328.938,-0.646645
328.9547,-0.646859
328.9718,-0.647123
328.9888,-0.647771
329.0053,-0.648416
329.0216,-0.648853
329.0385,-0.649238
329.0559,-0.649709
329.0722,-0.650141
329.0885,-0.650378
329.1056,-0.650513
329.1217,-0.650645
329.1389,-0.650776
329.1549,-0.650914
329.1718,-0.651125
329.1886,-0.651254
329.2053,-0.651386
329.2218,-0.651522
329.2387,-0.651707
329.255,-0.651915
329.2713,-0.652095
329.2887,-0.652234
329.3044,-0.652373
329.3217,-0.652555
329.3389,-0.652917
329.3551,-0.653325
329.372,-0.653762
329.3882,-0.654203
329.4053,-0.654593
329.4223,-0.654957
329.4388,-0.6555
329.4554,-0.655778
329.4721,-0.656181
329.4888,-0.65645
329.5055,-0.656689
329.5219,-0.656848
329.5387,-0.65698
329.5556,-0.657228
329.5714,-0.657374
329.5879,-0.657587
329.6048,-0.657842
329.6218,-0.658051
329.6386,-0.658183
329.6545,-0.658325
329.6714,-0.658744
329.6878,-0.659186
329.7043,-0.659485
329.722,-0.659877
329.7382,-0.660484
329.7549,-0.660964
329.7713,-0.661627
329.7883,-0.662251
329.8046,-0.662589
329.8215,-0.662946
329.8375,-0.663271
329.8551,-0.663559
329.8717,-0.663831
329.8883,-0.664159
329.9044,-0.664467
329.9219,-0.664768
329.9378,-0.665273
329.9542,-0.665793
329.9717,-0.666159
329.9882,-0.666546
330.0047,-0.666858
330.0216,-0.667097
330.0382,-0.667271
330.0546,-0.667561
330.0719,-0.667854
330.088,-0.668074
330.1044,-0.668234
330.1214,-0.668414
330.1376,-0.668541
330.1546,-0.668724
330.1717,-0.668953
330.1882,-0.669147
330.2051,-0.669383
330.2216,-0.669649
330.238,-0.669957
330.2542,-0.670204
330.271,-0.670495
330.2883,-0.670849
330.3044,-0.671137
330.321,-0.671323
330.338,-0.671517
330.355,-0.671748
330.3714,-0.672029
330.3877,-0.672241
330.4047,-0.672487
330.4214,-0.672782
330.4388,-0.673123
330.4539,-0.673389
330.4705,-0.67374
330.4878,-0.673987
330.5043,-0.674164
330.5223,-0.674457
330.5379,-0.67478
330.554,-0.675178
330.5708,-0.675532
330.5877,-0.675923
330.6047,-0.67628
330.6214,-0.676764
330.638,-0.677161
330.6546,-0.677564
330.6711,-0.677872
330.6884,-0.678062
330.7053,-0.678212
330.7216,-0.678335
330.7377,-0.67847
330.7545,-0.678736
330.7712,-0.678955
330.7883,-0.679169
330.8042,-0.679502
330.821,-0.679884
330.8381,-0.680253
330.8553,-0.680572
330.8712,-0.680815
330.8878,-0.681154
330.9043,-0.68145
330.9205,-0.681676
330.937,-0.681909
330.9541,-0.682252
330.9706,-0.682772
330.9874,-0.683192
331.0043,-0.683696
331.0204,-0.684031
331.037,-0.684296
331.0541,-0.684674
331.0702,-0.685004
331.0873,-0.685294
331.1031,-0.685691
331.1202,-0.686067
331.1371,-0.686337
331.1533,-0.686739
331.1701,-0.687101
331.1863,-0.68749
331.2036,-0.687738
331.2206,-0.688068
331.2365,-0.688451
331.2537,-0.688675
331.2698,-0.688969
331.286,-0.689215
331.3029,-0.689443
331.3196,-0.689676
331.3358,-0.689914
331.3536,-0.690248
331.3697,-0.690597
331.3861,-0.690936
331.4033,-0.691378
331.4196,-0.691678
331.4369,-0.692033
331.453,-0.692254
331.4694,-0.692419
331.4865,-0.692636
331.5024,-0.692931
331.5199,-0.693051
331.5364,-0.69316
331.5527,-0.693364
331.5697,-0.693513
331.5861,-0.693629
331.6025,-0.693782
331.6192,-0.694021
331.6361,-0.694377
331.6515,-0.694691
331.6692,-0.695239
331.6859,-0.695794
331.7024,-0.696351
331.7193,-0.696831
331.7359,-0.697221
331.7521,-0.697505
331.7692,-0.697646
331.7865,-0.697768
331.8021,-0.697898
331.8191,-0.698037
331.8362,-0.698173
331.8526,-0.698324
331.8692,-0.698499
331.8855,-0.698713
331.9021,-0.698859
331.9187,-0.69897
331.9352,-0.699151
331.9514,-0.699433
331.9688,-0.699895
331.9857,-0.700383
332.0018,-0.700811
332.0183,-0.701154
332.0356,-0.701509
332.052,-0.70196
332.0683,-0.702424
332.0852,-0.70267
332.101,-0.702893
332.1182,-0.703019
332.1347,-0.703159
332.1516,-0.703356
332.1675,-0.703626
332.1852,-0.703812
332.2014,-0.704038
332.2182,-0.70434
332.2351,-0.70481
332.2511,-0.705269
332.2679,-0.705644
332.2846,-0.706083
332.3015,-0.706512
332.3184,-0.706794
332.3347,-0.707135
332.3514,-0.707392
332.3685,-0.707763
332.3857,-0.707991
332.4012,-0.708217
332.4172,-0.708516
332.4348,-0.708787
332.4517,-0.708979
332.4682,-0.709166
332.4842,-0.709358
332.5013,-0.709609
332.5178,-0.709844
332.5349,-0.710154
332.5515,-0.710508
332.5674,-0.710842
332.5848,-0.711118
332.6015,-0.711479
332.6183,-0.711962
332.6341,-0.712369
332.651,-0.712821
332.6678,-0.713126
332.6844,-0.713345
332.7011,-0.713662
332.7175,-0.713976
332.7339,-0.714409
332.751,-0.71479
332.7675,-0.71505
332.7841,-0.715293
332.8008,-0.715553
332.8177,-0.715916
332.834,-0.716377
332.8514,-0.71673
332.8673,-0.717051
332.8839,-0.717415
332.9014,-0.717979
332.9183,-0.718403
332.9344,-0.718701
332.951,-0.719002
332.9678,-0.719192
332.9846,-0.719447
333.0006,-0.719675
333.0182,-0.719901
333.0344,-0.720163
333.051,-0.720611
333.0677,-0.721091
333.0838,-0.721689
333.1011,-0.722145
333.1172,-0.722525
333.1343,-0.722862
333.1507,-0.723158
333.1678,-0.723471
333.1847,-0.723741
333.2016,-0.723903
333.2188,-0.724054
333.2346,-0.724289
333.2512,-0.724618
333.2675,-0.724938
333.2843,-0.725165
333.3009,-0.72546
333.318,-0.725898
333.3342,-0.726357
333.3508,-0.726814
333.3679,-0.727122
333.3846,-0.727454
333.4012,-0.727907
333.4181,-0.728319
333.4344,-0.72882
333.451,-0.729231
333.4677,-0.729578
333.4847,-0.73005
333.5011,-0.730419
333.5181,-0.73101
333.5346,-0.731571
333.5505,-0.732067
333.5682,-0.732499
333.584,-0.732873
333.601,-0.733361
333.6178,-0.73388
333.6341,-0.734359
333.6511,-0.73496
333.6676,-0.735585
333.6855,-0.735923
333.7007,-0.736289
333.7177,-0.736567
333.7346,-0.736829
333.7508,-0.737165
333.7675,-0.737422
333.7844,-0.737743
333.8013,-0.738082
333.8175,-0.738442
333.834,-0.738904
333.8507,-0.73936
333.8677,-0.73973
333.8844,-0.740204
333.9005,-0.740671
333.9176,-0.741224
333.9348,-0.741834
333.9512,-0.742338
333.9678,-0.742549
333.9841,-0.742865
334.0011,-0.743135
334.0172,-0.74333
334.0339,-0.743604
334.0501,-0.743832
334.067,-0.744103
334.0845,-0.744342
334.101,-0.744782
334.1179,-0.745226
334.1349,-0.745824
334.1509,-0.746238
334.1669,-0.746533
334.1846,-0.746789
334.2011,-0.747081
334.2171,-0.747268
334.2335,-0.747458
334.2505,-0.7477
334.2677,-0.747927
334.2842,-0.748233
334.3003,-0.748744
334.3179,-0.749231
334.3339,-0.749687
334.3508,-0.750081
334.3676,-0.750493
334.3838,-0.750992
334.3997,-0.751355
334.4173,-0.751682
334.4344,-0.752145
334.4498,-0.752545
334.4671,-0.752879
334.4836,-0.753182
334.4998,-0.753495
334.5168,-0.753805
334.5338,-0.754086
334.5504,-0.754274
334.567,-0.754447
334.5834,-0.754735
334.5992,-0.755014
334.6167,-0.755281
334.6332,-0.755522
334.6499,-0.755773
334.6668,-0.75601
334.6833,-0.756263
334.6997,-0.756559
334.7164,-0.756821
334.7328,-0.757247
334.7502,-0.75745
334.7657,-0.757766
334.7833,-0.758059
334.7998,-0.758412
334.8169,-0.75883
334.8325,-0.759273
334.8496,-0.759679
334.8661,-0.759977
334.8828,-0.760194
334.899,-0.760528
334.9165,-0.760837
334.933,-0.761166
334.9492,-0.761346
334.9666,-0.76156
334.9831,-0.76182
334.9996,-0.762105
335.0159,-0.762439
335.0323,-0.762839
335.0498,-0.763186
335.0663,-0.763549
335.0826,-0.763921
335.0994,-0.764223
335.1158,-0.764563
335.1325,-0.764864
335.149,-0.765219
335.1662,-0.76557
335.1826,-0.766012
335.1989,-0.766437
335.2162,-0.766731
335.2334,-0.767025
335.2495,-0.7672
335.2665,-0.767369
335.2834,-0.767543
335.3001,-0.767688
335.316,-0.76786
335.3326,-0.767959
335.3492,-0.768099
335.3659,-0.768365
335.3828,-0.768787
335.3997,-0.769352
335.4162,-0.769797
335.4319,-0.770195
335.4501,-0.770511
335.4663,-0.770818
335.4821,-0.771052
335.4991,-0.771296
335.5168,-0.77145
335.5329,-0.771563
335.5498,-0.771706
335.5663,-0.771891
335.5826,-0.772137
335.5995,-0.772389
335.6171,-0.772653
335.6334,-0.773103
335.6497,-0.773422
335.6668,-0.773706
335.6828,-0.773878
335.6995,-0.774112
335.7164,-0.77442
335.7326,-0.774763
335.7495,-0.774948
335.7664,-0.775264
335.7837,-0.775573
335.8001,-0.775848
335.8161,-0.776323
335.8323,-0.776774
335.85,-0.777196
335.8668,-0.777695
335.8835,-0.778278
335.9002,-0.778846
335.9164,-0.779232
335.933,-0.77952
335.95,-0.779848
335.9662,-0.7801
335.9829,-0.780372
335.9998,-0.780687
336.0173,-0.781056
336.0338,-0.781379
336.0494,-0.78178
336.0667,-0.782151
336.0834,-0.782561
336.0997,-0.782928
336.1165,-0.783245
336.1332,-0.783523
336.15,-0.783793
336.166,-0.784185
336.1833,-0.784623
336.1994,-0.785198
336.2162,-0.785763
336.2322,-0.786394
336.2499,-0.78695
336.2661,-0.787492
336.2833,-0.787927
336.2992,-0.788429
336.3164,-0.788882
336.3329,-0.789256
336.3505,-0.789505
336.3667,-0.789767
336.3842,-0.790108
336.3999,-0.790347
336.4166,-0.790648
336.4327,-0.790937
336.4498,-0.791186
336.4665,-0.791385
336.4832,-0.791655
336.4993,-0.791884
336.517,-0.792159
336.5334,-0.792368
336.5501,-0.792657
336.5662,-0.793001
336.5829,-0.793347
336.5998,-0.793679
336.6162,-0.794051
336.6329,-0.794357
336.6495,-0.794684
336.6665,-0.795139
336.6832,-0.79544
336.6997,-0.795696
336.7164,-0.795861
336.7326,-0.796027
336.7501,-0.796183
336.7667,-0.796338
336.7822,-0.796507
336.7986,-0.796727
336.8161,-0.797015
336.8319,-0.797458
336.85,-0.7979
336.8653,-0.798474
336.8827,-0.798871
336.8994,-0.799235
336.9156,-0.799549
336.9317,-0.799876
336.9487,-0.80013
336.9653,-0.800358
336.9818,-0.800558
336.9992,-0.800863
337.0156,-0.801235
337.0319,-0.80167
337.0486,-0.801978
337.0659,-0.802337
337.0822,-0.802611
337.0983,-0.802889
337.1155,-0.803002
337.1319,-0.803161
337.149,-0.80329
337.1655,-0.803448
337.1819,-0.80359
337.1982,-0.803819
337.216,-0.804009
337.2324,-0.804138
337.2483,-0.804348
337.2654,-0.804615
337.2826,-0.80486
337.2981,-0.805083
337.3148,-0.805378
337.3318,-0.805611
337.3489,-0.805796
337.3653,-0.805939
337.3815,-0.806207
337.3987,-0.806391
337.4146,-0.806531
337.4313,-0.806674
337.4484,-0.806934
337.4651,-0.807185
337.4814,-0.807349
337.4976,-0.807515
337.5146,-0.807687
337.5305,-0.807897
337.547,-0.80804
337.5644,-0.808195
337.5809,-0.808429
337.5977,-0.808627
337.6148,-0.808878
337.6304,-0.809138
337.647,-0.809371
337.6638,-0.809693
337.6808,-0.809993
337.6978,-0.810336
337.7132,-0.810756
337.7302,-0.811147
337.7472,-0.811396
337.7636,-0.811659
337.7802,-0.81185
337.7967,-0.812033
337.8139,-0.812152
337.8304,-0.812251
337.8474,-0.812392
337.8629,-0.812579
337.8798,-0.812765
337.8965,-0.812969
337.9136,-0.813281
337.9304,-0.81363
337.9468,-0.814027
337.9633,-0.814266
337.9801,-0.814525
337.9973,-0.814717
338.0131,-0.814845
338.0302,-0.814951
338.0472,-0.815054
338.0643,-0.815155
338.0802,-0.815269
338.097,-0.81546
338.1133,-0.815661
338.13,-0.815894
338.1467,-0.81608
338.1627,-0.816294
338.1804,-0.816403
338.1972,-0.816525
338.2132,-0.816632
338.2301,-0.816739
338.2465,-0.81684
338.2628,-0.816941
338.2798,-0.817129
338.2964,-0.817265
338.3131,-0.817425
338.3299,-0.81765
338.3468,-0.817859
338.3635,-0.818041
338.3795,-0.818371
338.3966,-0.818663
338.4131,-0.818948
338.4297,-0.819207
338.4465,-0.81942
338.463,-0.819575
338.48,-0.819725
338.4968,-0.819863
338.5134,-0.820153
338.5298,-0.820461
338.5471,-0.820637
338.5631,-0.820762
338.5798,-0.82094
338.5968,-0.821201
338.6135,-0.82133
338.6305,-0.821442
338.6473,-0.821581
338.6633,-0.821742
338.6805,-0.821855
338.6962,-0.821985
338.7126,-0.822181
338.7297,-0.822422
338.7464,-0.822623
338.7626,-0.822734
338.7804,-0.822852
338.7961,-0.82298
338.8131,-0.823123
338.8298,-0.823314
338.8463,-0.823482
338.8629,-0.823669
338.8798,-0.824028
338.8961,-0.824337
338.9129,-0.824562
338.9297,-0.824795
338.9461,-0.824953
338.9623,-0.825203
338.9792,-0.825432
338.996,-0.82558
339.0122,-0.825796
339.0287,-0.826033
339.046,-0.82641
339.0623,-0.826826
339.0789,-0.827208
339.0964,-0.827587
339.1127,-0.82781
339.1288,-0.827937
339.1462,-0.828055
339.1627,-0.828169
339.179,-0.828289
339.1958,-0.828477
339.2122,-0.82875
339.2295,-0.829019
339.2457,-0.829264
339.2627,-0.829702
339.2792,-0.829989
339.296,-0.830286
339.313,-0.830417
339.3294,-0.830589
339.3461,-0.83076
339.362,-0.830958
339.3794,-0.831204
339.3958,-0.831512
339.4126,-0.831857
339.4293,-0.832167
339.4456,-0.832511
339.4619,-0.832863
339.4789,-0.833191
339.4959,-0.833354
339.5129,-0.833472
339.5296,-0.833588
339.546,-0.833836
339.5617,-0.83395
339.5793,-0.834061
339.5961,-0.834174
339.6125,-0.834293
339.6289,-0.834444
339.6456,-0.834646
339.6621,-0.834873
339.6791,-0.835028
339.6948,-0.83515
339.7125,-0.835267
339.7289,-0.835384
339.7451,-0.835503
339.762,-0.835633
339.7791,-0.835751
339.7955,-0.835872
339.8119,-0.836071
339.8279,-0.83622
339.8456,-0.836345
339.8622,-0.836481
339.8788,-0.836653
339.8949,-0.836808
339.9119,-0.836958
339.9283,-0.837083
339.945,-0.837207
339.9619,-0.837334
339.9784,-0.837454
339.9955,-0.837571
340.0121,-0.837688
340.0285,-0.837809
340.0444,-0.837954
340.0615,-0.838071
340.0779,-0.838192
340.0948,-0.838311
340.1113,-0.83843
340.1283,-0.838556
340.1453,-0.838687
340.1617,-0.838848
340.1773,-0.838975
340.1948,-0.839168
340.2116,-0.839309
340.2282,-0.839435
340.2447,-0.83956
340.2618,-0.839685
340.2782,-0.839807
340.2941,-0.839929
340.3112,-0.840052
340.327,-0.840178
340.3446,-0.840301
340.3613,-0.840429
340.3779,-0.840561
340.394,-0.84069
340.4114,-0.840816
340.4277,-0.840939
340.445,-0.841062
340.4615,-0.841181
340.4784,-0.841304
340.4948,-0.841429
340.5124,-0.841553
340.528,-0.841669
340.5447,-0.841782
340.5609,-0.841893
340.5779,-0.842003
340.5945,-0.842116
340.6106,-0.842218
340.6277,-0.842322
340.645,-0.842428
340.6607,-0.842538
340.6778,-0.84266
340.6939,-0.842788
340.7112,-0.842916
340.7276,-0.843041
340.7449,-0.843162
340.7614,-0.843291
340.7784,-0.843414
340.795,-0.843524
340.8116,-0.843627
340.8279,-0.843725
340.8454,-0.843831
340.8613,-0.843943
340.8777,-0.844058
340.8947,-0.844174
340.9115,-0.844281
340.9286,-0.844387
340.9453,-0.844493
340.961,-0.844599
340.9778,-0.844705
340.9942,-0.844805
341.011,-0.844904
341.0281,-0.845008
341.0448,-0.845111
341.0616,-0.84522
341.0782,-0.845329
341.0949,-0.845435
341.1116,-0.845539
341.1276,-0.84564
341.145,-0.845736
341.1618,-0.84583
341.179,-0.845927
341.1945,-0.846031
341.2112,-0.846133
341.2277,-0.846228
341.2444,-0.846326
341.2615,-0.84643
341.2786,-0.846536
341.2945,-0.846638
341.3105,-0.846741
341.3282,-0.846835
341.3452,-0.84693
341.3615,-0.84702
341.3778,-0.847111
341.3952,-0.847203
341.411,-0.847291
341.4285,-0.847392
341.4449,-0.847497
341.4613,-0.847597
341.4778,-0.847697
341.4953,-0.847797
341.5125,-0.84789
341.5286,-0.847974
341.5446,-0.848057
341.5624,-0.848135
341.5784,-0.848208
341.5948,-0.848286
341.6118,-0.848365
341.6287,-0.848449
341.6453,-0.848536
341.662,-0.84862
341.6787,-0.848702
341.6954,-0.848785
341.7116,-0.848874
341.7291,-0.84895
341.7453,-0.849023
341.7619,-0.849097
341.7793,-0.849173
341.795,-0.849255
341.812,-0.849341
341.828,-0.849421
341.8452,-0.849496
341.862,-0.849569
341.8788,-0.849637
341.8957,-0.849707
341.9112,-0.849774
341.9281,-0.84984
341.9449,-0.849907
341.962,-0.849979
341.9785,-0.850057
341.9958,-0.850132
342.0122,-0.850205
342.0294,-0.850273
342.0456,-0.850335
342.0624,-0.850392
342.0794,-0.850451
342.096,-0.850501
342.1122,-0.850551
342.1283,-0.850605
342.1458,-0.850652
342.1625,-0.8507
342.179,-0.850749
342.1953,-0.850801
342.2122,-0.850857
342.2294,-0.850914
342.2456,-0.850966
342.2628,-0.851019
342.2791,-0.851061
342.2953,-0.851099
342.3123,-0.851138
342.3289,-0.851179
342.3457,-0.851218
342.3626,-0.85126
342.3791,-0.851305
342.3955,-0.851359
342.4123,-0.851403
342.4297,-0.851441
342.4455,-0.851473
342.462,-0.851503
342.479,-0.851533
342.496,-0.851566
342.5127,-0.851594
342.5293,-0.85162
342.5464,-0.851649
342.5623,-0.851681
342.5797,-0.851709
342.5964,-0.851729
342.6123,-0.851748
342.6286,-0.851761
342.646,-0.851768
342.6629,-0.851775
342.6792,-0.851784
342.6963,-0.851797
342.7122,-0.851815
342.7292,-0.851832
342.746,-0.851844
342.763,-0.851866
342.7798,-0.851884
342.7957,-0.851899
342.8127,-0.851909
342.8293,-0.851902
342.8463,-0.851872
342.8622,-0.851861
342.8797,-0.851852
342.8962,-0.851839
342.9126,-0.851829
342.9297,-0.851814
342.9463,-0.851809
342.9628,-0.851807
342.9796,-0.8518
342.9966,-0.851787
343.013,-0.851759
343.0295,-0.851715
343.0464,-0.851687
343.0639,-0.851632
343.0794,-0.851583
343.0956,-0.851548
343.1131,-0.85152
343.1299,-0.851473
343.1466,-0.851415
343.1635,-0.851361
343.1808,-0.85129
343.1967,-0.851239
343.2124,-0.851211
343.2295,-0.851179
343.2469,-0.851144
343.2638,-0.851074
343.2804,-0.851004
343.2968,-0.850967
343.3134,-0.850878
343.3304,-0.850691
343.347,-0.850594
343.3641,-0.850424
343.3809,-0.850213
343.3965,-0.849998
343.4131,-0.849782
343.4306,-0.849571
343.4476,-0.84942
343.4643,-0.849231
343.4801,-0.849083
343.4971,-0.84883
343.5136,-0.848627
343.5313,-0.848459
343.5468,-0.848311
343.5643,-0.848196
343.5804,-0.848038
343.5975,-0.847892
343.6141,-0.847765
343.6313,-0.847656
343.647,-0.847527
343.6643,-0.847389
343.681,-0.847247
343.6981,-0.846993
343.714,-0.846654
343.731,-0.846323
343.7483,-0.845986
343.7647,-0.84573
343.7804,-0.845496
343.7973,-0.845178
343.8141,-0.844923
343.8306,-0.844509
343.8468,-0.844199
343.8641,-0.843857
343.8807,-0.843512
343.8982,-0.843112
343.9138,-0.842641
343.9312,-0.842113
343.9474,-0.84175
343.9653,-0.841362
343.9806,-0.840969
343.9972,-0.84069
344.0147,-0.840335
344.0311,-0.839827
344.0479,-0.839454
344.064,-0.839208
344.0818,-0.838897
344.0979,-0.838468
344.1147,-0.837835
344.1315,-0.837205
344.1479,-0.836219
344.1649,-0.835186
344.1818,-0.83431
344.1982,-0.833564
344.2142,-0.83259
344.2304,-0.831722
344.2478,-0.830999
344.2648,-0.830628
344.2811,-0.830235
344.2984,-0.829879
344.3147,-0.829496
344.3312,-0.829016
344.3486,-0.828462
344.3653,-0.827743
344.3813,-0.826915
344.3985,-0.826238
344.4145,-0.825476
344.4312,-0.824761
344.4479,-0.824204
344.465,-0.823727
344.4812,-0.823124
344.498,-0.822431
344.5154,-0.821802
344.5318,-0.820978
344.5483,-0.820341
344.5652,-0.819822
344.5816,-0.819332
344.5984,-0.818717
344.6157,-0.818023
344.633,-0.817343
344.6484,-0.816571
344.6658,-0.815536
344.6824,-0.814318
344.6988,-0.813338
344.7151,-0.812178
344.7323,-0.811204
344.7483,-0.810529
344.7661,-0.80986
344.7824,-0.809074
344.7991,-0.808574
344.8162,-0.807976
344.8323,-0.807409
344.8489,-0.806714
344.8658,-0.806071
344.8834,-0.805328
344.8993,-0.804628
344.916,-0.803981
344.933,-0.803267
344.9497,-0.802452
344.9667,-0.801339
344.9832,-0.80019
344.9999,-0.798928
345.0169,-0.797786
345.0333,-0.796473
345.0502,-0.795276
345.067,-0.793971
345.0832,-0.793058
345.101,-0.792409
345.1173,-0.791859
345.1331,-0.79116
345.1501,-0.790719
345.1673,-0.790333
345.1849,-0.790039
345.2,-0.789697
345.2172,-0.789462
345.2344,-0.789089
345.2513,-0.788543
345.2677,-0.787903
345.2844,-0.787387
345.301,-0.786771
345.3179,-0.7858
345.3351,-0.784744
345.3513,-0.783797
345.3686,-0.782913
345.3856,-0.782231
345.4012,-0.781409
345.4177,-0.780519
345.4352,-0.779583
345.4522,-0.778501
345.4686,-0.777364
345.4851,-0.776287
345.502,-0.775304
345.5188,-0.774169
345.5356,-0.77327
345.5519,-0.77236
345.5689,-0.771609
345.5856,-0.770862
345.6026,-0.770131
345.6196,-0.769523
345.6363,-0.769076
345.6525,-0.768162
345.6697,-0.767382
345.6866,-0.76674
345.7034,-0.76616
345.7199,-0.765506
345.7361,-0.764636
345.7532,-0.763705
345.7706,-0.762784
345.7873,-0.761917
345.8027,-0.760938
345.8197,-0.759932
345.8361,-0.758972
345.8538,-0.757989
345.87,-0.757148
345.8864,-0.756445
345.9031,-0.755691
345.9198,-0.754753
345.9373,-0.753581
345.9534,-0.752469
345.9705,-0.751518
345.9874,-0.750746
346.0032,-0.749746
346.0202,-0.748786
346.0374,-0.747575
346.0544,-0.746474
346.0714,-0.745574
346.0871,-0.744733
346.1042,-0.743844
346.1209,-0.742881
346.1378,-0.741844
346.1541,-0.740789
346.1711,-0.740275
346.1876,-0.739538
346.2045,-0.738825
346.2212,-0.738022
346.2375,-0.737225
346.2547,-0.736494
346.2709,-0.73568
346.288,-0.734826
346.3056,-0.733962
346.3223,-0.733073
346.3386,-0.731677
346.3556,-0.730518
346.3721,-0.729389
346.3889,-0.728238
346.4061,-0.727547
346.4219,-0.726472
346.4388,-0.725345
346.4557,-0.724184
346.4725,-0.722781
346.4893,-0.721914
346.5055,-0.721333
346.5233,-0.720278
346.5394,-0.718831
346.5555,-0.717782
346.5731,-0.716765
346.5897,-0.71596
346.6069,-0.715045
346.6221,-0.714295
346.64,-0.713323
346.6564,-0.712183
346.6735,-0.711549
346.6902,-0.710826
346.7073,-0.710239
346.7241,-0.709266
346.7401,-0.708375
346.7571,-0.707609
346.7745,-0.707047
346.7908,-0.706406
346.8069,-0.705457
346.8237,-0.704361
346.8407,-0.70326
346.8576,-0.702398
346.8738,-0.701284
346.8904,-0.700127
346.9079,-0.698674
346.9245,-0.696451
346.9412,-0.694536
346.9569,-0.693613
346.9738,-0.692547
346.9915,-0.691597
347.007,-0.6907
347.0241,-0.690004
347.0411,-0.689069
347.0573,-0.688198
347.0749,-0.687475
347.0915,-0.687021
347.1083,-0.686182
347.1251,-0.685415
347.1416,-0.684546
347.1583,-0.683423
347.1747,-0.682212
347.1922,-0.680826
347.2084,-0.679592
347.2244,-0.678334
347.2414,-0.676914
347.2584,-0.675355
347.2751,-0.67367
347.2917,-0.672384
347.3086,-0.670951
347.3252,-0.669593
347.3416,-0.668791
347.3591,-0.667865
347.3756,-0.667294
347.3919,-0.666595
347.4091,-0.66599
347.4257,-0.665215
347.442,-0.664409
347.4585,-0.663518
347.4757,-0.662583
347.4921,-0.661847
347.5101,-0.661229
347.5257,-0.660434
347.5427,-0.659708
347.5596,-0.658698
347.5769,-0.657502
347.5929,-0.656307
347.6095,-0.655116
347.6263,-0.654006
347.6436,-0.653051
347.6599,-0.65198
347.6769,-0.651173
347.6936,-0.650431
347.7109,-0.649247
347.7271,-0.648346
347.7434,-0.647527
347.7598,-0.646649
347.7771,-0.645925
347.7941,-0.64482
347.8106,-0.643915
347.8279,-0.642899
347.8445,-0.641794
347.861,-0.640625
347.8777,-0.639432
347.8943,-0.638365
347.9115,-0.637388
347.9287,-0.636388
347.9449,-0.635737
347.9617,-0.635084
347.9781,-0.634657
347.9948,-0.633899
348.0116,-0.633092
348.0283,-0.632315
348.0455,-0.631552
348.062,-0.630478
348.0785,-0.629217
348.0955,-0.627667
348.1121,-0.626443
348.1291,-0.625205
348.1459,-0.624219
348.1623,-0.623367
348.1789,-0.622603
348.1966,-0.621875
348.2124,-0.621351
348.2299,-0.620943
348.246,-0.62026
348.2633,-0.619521
348.2797,-0.618652
348.2968,-0.617698
348.3133,-0.616748
348.3301,-0.61568
348.346,-0.6148
348.3636,-0.613811
348.3811,-0.612755
348.3969,-0.611905
348.4138,-0.611277
348.4305,-0.610611
348.447,-0.60969
348.4632,-0.608593
348.4805,-0.60765
348.4974,-0.606743
348.5143,-0.606017
348.5307,-0.605567
348.5477,-0.605066
348.564,-0.604004
348.5808,-0.603243
348.5978,-0.602496
348.6142,-0.601525
348.6313,-0.600875
348.6482,-0.600199
348.6645,-0.599565
348.6812,-0.598912
348.6987,-0.598323
348.7155,-0.597814
348.7314,-0.597361
348.7487,-0.596805
348.7651,-0.596118
348.7818,-0.595354
348.799,-0.594622
348.8158,-0.593777
348.8327,-0.592579
348.8502,-0.591412
348.8663,-0.590625
348.8831,-0.589646
348.8999,-0.588959
348.9167,-0.588291
348.933,-0.587438
348.9498,-0.586818
348.9665,-0.585923
348.9833,-0.584921
349.0,-0.584304
349.017,-0.583793
349.0332,-0.58319
349.0511,-0.5826
349.067,-0.582059
349.0843,-0.581666
349.1016,-0.581179
349.1172,-0.580695
349.1341,-0.579901
349.1511,-0.579102
349.1681,-0.578278
349.1842,-0.577564
349.2012,-0.577092
349.2176,-0.576655
349.2337,-0.57633
349.2511,-0.57593
349.2676,-0.575488
349.2845,-0.574892
349.3014,-0.574401
349.3183,-0.573743
349.3348,-0.572652
349.3516,-0.571787
349.3691,-0.571071
349.3856,-0.570644
349.4023,-0.570143
349.418,-0.569808
349.4356,-0.569362
349.4518,-0.568761
349.469,-0.56835
349.4852,-0.567839
349.5028,-0.567409
349.518,-0.566743
349.536,-0.566046
349.5523,-0.565491
349.5685,-0.565046
349.5854,-0.564488
349.6023,-0.563912
349.619,-0.563258
349.6356,-0.562632
349.6524,-0.56205
349.6696,-0.561597
349.686,-0.561229
349.7029,-0.560895
349.7192,-0.560404
349.7362,-0.560066
349.7526,-0.559707
349.7698,-0.559441
349.7867,-0.559208
349.803,-0.558885
349.82,-0.558455
349.8369,-0.557942
349.8539,-0.557289
349.8695,-0.556581
349.8863,-0.556097
349.9036,-0.555588
349.9203,-0.555015
349.9365,-0.55433
349.9535,-0.553817
349.9702,-0.553394
349.9868,-0.552952
350.0034,-0.552555
350.0207,-0.552157
350.0372,-0.551744
350.0536,-0.551374
350.0706,-0.550976
350.0869,-0.550596
350.1039,-0.550242
350.1206,-0.549788
350.137,-0.549262
350.1544,-0.548798
350.1705,-0.548393
350.1869,-0.547959
350.204,-0.547475
350.2206,-0.547009
350.2375,-0.546625
350.2537,-0.546221
350.2703,-0.545855
350.2872,-0.545472
350.3043,-0.544954
350.3206,-0.544322
350.3376,-0.543725
350.3533,-0.543188
350.3712,-0.542853
350.3868,-0.542479
350.4036,-0.542118
350.4205,-0.541721
350.4376,-0.541405
350.4541,-0.541077
350.4706,-0.540804
350.4872,-0.540495
350.5043,-0.54006
350.5209,-0.539568
350.5376,-0.539029
350.5548,-0.538563
350.5714,-0.537973
350.5876,-0.537224
350.6042,-0.536748
350.6212,-0.536401
350.6371,-0.536054
350.6545,-0.535646
350.6717,-0.535216
350.6882,-0.534725
350.7051,-0.534224
350.7215,-0.533621
350.7382,-0.53307
350.7553,-0.532501
350.7712,-0.531962
350.7892,-0.531576
350.8049,-0.531133
350.8223,-0.530717
350.8387,-0.530301
350.8554,-0.52985
350.8722,-0.529344
350.8888,-0.528976
350.9053,-0.528423
350.9217,-0.527941
350.9388,-0.52743
350.9554,-0.527094
350.9724,-0.52679
350.9884,-0.526421
351.0058,-0.526108
351.0224,-0.525823
351.0395,-0.525593
351.0565,-0.525456
351.0724,-0.525245
351.0896,-0.524925
351.1061,-0.524661
351.1224,-0.524302
351.1398,-0.523994
351.1564,-0.523662
351.1732,-0.523256
351.1898,-0.52293
351.2068,-0.522583
351.2237,-0.522286
351.2407,-0.522121
351.2569,-0.521874
351.2739,-0.521653
351.2896,-0.521436
351.3074,-0.52121
351.3244,-0.521043
351.3408,-0.520806
351.3575,-0.520567
351.3743,-0.520306
351.3911,-0.520109
351.408,-0.519927
351.4243,-0.519699
351.4414,-0.51936
351.4581,-0.519099
351.4746,-0.518757
351.4917,-0.518419
351.5084,-0.518209
351.5246,-0.518066
351.5423,-0.517965
351.558,-0.517826
351.5746,-0.517701
351.5923,-0.517602
351.608,-0.517548
351.6255,-0.517294
351.6414,-0.517241
351.6585,-0.517155
351.6755,-0.516954
351.6925,-0.516802
351.7091,-0.516596
351.726,-0.516484
351.7415,-0.516324
351.7592,-0.516055
351.7758,-0.515809
351.7925,-0.515722
351.8091,-0.515663
351.8253,-0.5156
351.8422,-0.515537
351.8592,-0.515435
351.8764,-0.515338
351.8934,-0.515203
351.9089,-0.515135
351.9263,-0.515025
351.9429,-0.514797
351.9599,-0.514572
351.9758,-0.514384
351.9929,-0.514276
352.0099,-0.514175
352.0262,-0.514102
352.0431,-0.514027
352.0602,-0.513951
352.0762,-0.513832
352.0934,-0.513695
352.1106,-0.513588
352.1268,-0.513485
352.1428,-0.5133
352.1598,-0.513173
352.1764,-0.513014
352.193,-0.512864
352.2102,-0.512741
352.2269,-0.512648
352.2428,-0.512557
352.2609,-0.512475
352.2771,-0.512399
352.2932,-0.51232
352.3098,-0.512242
352.3264,-0.512092
352.3439,-0.511943
352.3605,-0.51184
352.3776,-0.511754
352.3945,-0.511667
352.4106,-0.511535
352.4273,-0.511266
352.4442,-0.511024
352.4613,-0.510865
352.4777,-0.510698
352.4944,-0.510547
352.5109,-0.510392
352.5273,-0.510245
352.5443,-0.510029
352.5605,-0.509938
352.5776,-0.509847
352.595,-0.509763
352.6108,-0.509595
352.6274,-0.509421
352.6447,-0.509339
352.6614,-0.509255
352.6783,-0.509167
352.6948,-0.509081
352.712,-0.508987
352.7283,-0.508868
352.7449,-0.508735
352.7614,-0.508622
352.7786,-0.508486
352.7949,-0.508372
352.8113,-0.50823
352.8279,-0.508032
352.8448,-0.507852
352.861,-0.507682
352.8785,-0.507581
352.8944,-0.507481
352.9109,-0.507386
352.9276,-0.507239
352.9442,-0.507149
352.9612,-0.507024
352.9778,-0.506936
352.9951,-0.506839
353.0115,-0.506746
353.0279,-0.506647
353.0446,-0.506548
353.0622,-0.506456
353.0776,-0.506366
353.0943,-0.506276
353.1112,-0.506186
353.1283,-0.506099
353.1445,-0.506004
353.1608,-0.505906
353.1781,-0.505806
353.1946,-0.505704
353.2111,-0.505602
353.2268,-0.505494
353.2443,-0.505396
353.2607,-0.505302
353.2769,-0.505203
353.2937,-0.505101
353.3106,-0.504999
353.3277,-0.50488
353.3439,-0.504731
353.36,-0.504625
353.3773,-0.504521
353.394,-0.504418
353.4107,-0.504312
353.4273,-0.504211
353.4445,-0.504115
353.461,-0.504016
353.4776,-0.503917
353.4946,-0.503816
353.5105,-0.503712
353.5276,-0.503594
353.5447,-0.503484
353.5604,-0.503372
353.5769,-0.503256
353.5941,-0.503095
353.6112,-0.502933
353.6273,-0.502666
353.6436,-0.502546
353.6601,-0.502302
353.6774,-0.502154
353.694,-0.501949
353.7107,-0.501722
353.7274,-0.501522
353.7437,-0.501408
353.7607,-0.501292
353.7773,-0.501181
353.7942,-0.50107
353.8104,-0.500958
353.8274,-0.500844
353.8441,-0.500683
353.8608,-0.500544
353.8775,-0.500413
353.8942,-0.500274
353.9096,-0.500159
353.9268,-0.500042
353.9442,-0.499925
353.9607,-0.499799
353.9773,-0.499682
353.9937,-0.49957
354.0102,-0.49945
354.0268,-0.499313
354.0442,-0.499171
354.0608,-0.49905
354.0772,-0.498934
354.0941,-0.498816
354.1109,-0.498699
354.127,-0.498552
354.144,-0.498415
354.1605,-0.498298
354.1777,-0.498177
354.1939,-0.498062
354.2106,-0.497949
354.2277,-0.497839
354.244,-0.49772
354.2608,-0.497606
354.2772,-0.497488
354.2944,-0.497371
354.3115,-0.497259
354.3277,-0.497139
354.3443,-0.497024
354.361,-0.496906
354.3781,-0.496785
354.3947,-0.496666
354.4105,-0.496548
354.4284,-0.496427
354.4445,-0.496304
354.4609,-0.496188
354.4773,-0.496069
354.4941,-0.495955
354.5113,-0.495839
354.5279,-0.495731
354.5449,-0.495621
354.5613,-0.495521
354.5783,-0.495419
354.5942,-0.495314
354.6112,-0.495214
354.6283,-0.495116
354.6449,-0.495014
354.6611,-0.494905
354.6782,-0.494793
354.6947,-0.494687
354.7115,-0.494578
354.7281,-0.494468
354.7448,-0.494361
354.7618,-0.494251
354.7784,-0.494144
354.7955,-0.494042
354.8121,-0.493942
354.8281,-0.493837
354.8444,-0.493723
354.8613,-0.493609
354.8783,-0.493502
354.8951,-0.493395
354.911,-0.493295
354.9276,-0.493204
354.9439,-0.493108
354.9616,-0.493014
354.9775,-0.492915
354.994,-0.492814
355.0115,-0.492712
355.0281,-0.492607
355.0449,-0.492503
355.0609,-0.492406
355.0775,-0.492312
355.0943,-0.49221
355.1112,-0.49211
355.1277,-0.49202
355.145,-0.491931
355.1609,-0.491833
355.1772,-0.49173
355.1945,-0.491626
355.2113,-0.491526
355.2277,-0.491422
355.2435,-0.491319
355.2599,-0.49122
355.2767,-0.491126
355.2943,-0.49104
355.3102,-0.490952
355.3271,-0.490867
355.3429,-0.490772
355.3596,-0.490676
355.3778,-0.490571
355.3927,-0.490461
355.4097,-0.49035
355.4262,-0.49024
355.4437,-0.490132
355.4596,-0.490029
355.4767,-0.489931
355.493,-0.489835
355.5098,-0.489742
355.5269,-0.489658
355.5438,-0.489575
355.5602,-0.489489
355.5767,-0.489394
355.5934,-0.489293
355.6103,-0.489188
355.6271,-0.489087
355.6438,-0.488986
355.6595,-0.488882
355.6769,-0.488766
355.6934,-0.488632
355.7102,-0.488533
355.7269,-0.488441
355.7429,-0.488354
355.7597,-0.488251
355.7767,-0.48814
355.7937,-0.488036
355.8103,-0.487931
355.8266,-0.487825
355.8432,-0.487718
355.8599,-0.487602
355.8768,-0.487475
355.8935,-0.487363
355.9097,-0.48726
355.9265,-0.487164
355.9442,-0.487063
355.9601,-0.48696
355.977,-0.48686
355.9937,-0.486758
356.0103,-0.486658
356.0268,-0.486552
356.0439,-0.486456
356.0614,-0.486359
356.0768,-0.486264
356.0935,-0.486168
356.1099,-0.486081
356.1273,-0.485988
356.144,-0.4859
356.1607,-0.485808
356.1776,-0.485713
356.1943,-0.485614
356.2104,-0.485513
356.228,-0.485414
356.2435,-0.485314
356.26,-0.485204
356.2776,-0.485106
356.2942,-0.485011
356.311,-0.484918
356.3271,-0.484829
356.344,-0.484736
356.3614,-0.484638
356.3781,-0.484537
356.3939,-0.484433
356.4108,-0.484328
356.4274,-0.484227
356.4442,-0.484125
356.4614,-0.484028
356.4773,-0.483947
356.494,-0.483865
356.511,-0.483779
356.5273,-0.483693
356.5441,-0.483606
356.5611,-0.483526
356.5776,-0.483447
356.5941,-0.483364
356.6105,-0.483283
356.6279,-0.4832
356.6441,-0.483113
356.6614,-0.483026
356.6776,-0.482943
356.6942,-0.482852
356.7104,-0.482756
356.7277,-0.482659
356.7437,-0.482563
356.7606,-0.48247
356.7777,-0.482385
356.7936,-0.482299
356.8109,-0.482214
356.8275,-0.482136
356.8439,-0.482058
356.8605,-0.481981
356.8775,-0.481903
356.8939,-0.48182
356.9111,-0.481729
356.9279,-0.481649
356.9436,-0.481564
356.9611,-0.481482
356.9772,-0.481407
356.9946,-0.481327
357.0109,-0.481249
357.0268,-0.481181
357.0446,-0.48111
357.061,-0.48104
357.0766,-0.480975
357.0943,-0.480909
357.111,-0.480837
357.1275,-0.480764
357.1443,-0.480701
357.1605,-0.480645
357.1777,-0.480577
357.1941,-0.480507
357.2116,-0.480438
357.2277,-0.480363
357.2446,-0.480284
357.2609,-0.480205
357.2777,-0.480125
357.2949,-0.480035
357.3108,-0.479949
357.3276,-0.479864
357.3443,-0.47979
357.3611,-0.479723
357.3778,-0.479662
357.3949,-0.479599
357.4106,-0.479535
357.4276,-0.479475
357.4448,-0.479408
357.4608,-0.479339
357.4779,-0.479271
357.4948,-0.479197
357.5123,-0.479117
357.5273,-0.479039
357.5447,-0.47897
357.561,-0.478902
357.5776,-0.47884
357.5937,-0.478775
357.6109,-0.47872
357.6278,-0.478662
357.6449,-0.478599
357.6609,-0.478529
357.6781,-0.478455
357.6945,-0.478382
357.7114,-0.478306
357.7286,-0.478233
357.7446,-0.478165
357.761,-0.478094
357.778,-0.47803
357.7941,-0.477968
357.8112,-0.477906
357.8283,-0.477842
357.8448,-0.477772
357.8615,-0.477698
357.8781,-0.477625
357.8949,-0.477542
357.9114,-0.477459
357.928,-0.477387
357.9446,-0.477311
357.9612,-0.477244
357.9775,-0.477173
357.9953,-0.477103
358.0116,-0.477036
358.0288,-0.476975
358.0452,-0.476919
358.062,-0.476866
358.0779,-0.476802
358.0947,-0.476744
358.1122,-0.476685
358.1289,-0.47662
358.145,-0.476564
358.1615,-0.476504
358.179,-0.476435
358.1948,-0.47636
358.2125,-0.476291
358.2284,-0.476233
358.2449,-0.47617
358.2621,-0.476112
358.2788,-0.476053
358.2952,-0.475992
358.312,-0.475938
358.3288,-0.475882
358.3457,-0.475819
358.3616,-0.475758
358.3792,-0.475703
358.3958,-0.475641
358.412,-0.475584
358.4286,-0.475529
358.4456,-0.475474
358.4624,-0.475417
358.4789,-0.475365
358.4955,-0.475318
358.5112,-0.47527
358.5289,-0.47522
358.5457,-0.475167
358.5623,-0.475118
358.5787,-0.475072
358.5952,-0.475022
358.6121,-0.474972
358.6286,-0.474921
358.6454,-0.474874
358.6618,-0.474822
358.6788,-0.474773
358.6948,-0.47473
358.7119,-0.474681
358.7287,-0.474641
358.7456,-0.474603
358.762,-0.474563
358.7791,-0.47453
358.7951,-0.474495
358.8135,-0.474447
358.8293,-0.474411
358.8461,-0.474367
358.8619,-0.474323
358.8795,-0.474272
358.895,-0.474217
358.9124,-0.474168
358.9293,-0.474122
358.9449,-0.474083
358.9626,-0.474045
358.9786,-0.474005
358.996,-0.473962
359.0122,-0.47392
359.0289,-0.473883
359.0457,-0.47384
359.0622,-0.473798
359.0788,-0.47375
359.0956,-0.473702
359.1115,-0.473653
359.1287,-0.473619
359.1456,-0.473581
359.1616,-0.47355
359.1783,-0.473514
359.1952,-0.473471
359.2125,-0.47343
359.2286,-0.473399
359.2458,-0.473367
359.2609,-0.473336
359.2785,-0.473299
359.2957,-0.473262
359.3128,-0.473229
359.3288,-0.473197
359.3457,-0.473164
359.3624,-0.47312
359.3792,-0.473071
359.3953,-0.473021
359.4118,-0.472975
359.4286,-0.472932
359.4453,-0.472896
359.4612,-0.472857
359.4781,-0.472817
359.4944,-0.472786
359.5117,-0.472759
359.5293,-0.472731
359.5452,-0.472698
359.5625,-0.472657
359.5794,-0.472613
359.5953,-0.472567
359.6119,-0.472516
359.6283,-0.47246
359.6455,-0.472404
359.6616,-0.472358
359.6782,-0.472314
359.6952,-0.472278
359.7122,-0.472242
359.7281,-0.472213
359.7448,-0.472183
359.762,-0.472149
359.7786,-0.472106
359.7953,-0.472067
359.812,-0.472025
359.8293,-0.471976
359.8451,-0.471924
359.8616,-0.47187
359.8794,-0.471821
359.8953,-0.471781
359.9116,-0.471742
359.9291,-0.471711
359.9452,-0.471675
359.963,-0.471641
359.9789,-0.471605
359.996,-0.471571
360.0128,-0.471532
360.0284,-0.471486
360.0456,-0.471432
360.0622,-0.471382
360.0787,-0.471332
360.0955,-0.471287
360.1124,-0.471246
360.1291,-0.471213
360.1456,-0.471184
360.1624,-0.471161
360.1794,-0.471136
360.1963,-0.471114
360.2133,-0.471088
360.2292,-0.471057
360.2459,-0.47102
360.2628,-0.470984
360.2788,-0.470948
360.2967,-0.470911
360.3126,-0.470881
360.3292,-0.470848
360.346,-0.470815
360.3626,-0.470794
360.3792,-0.470775
360.3958,-0.470753
360.4122,-0.47073
360.4301,-0.47071
360.4464,-0.470688
360.4626,-0.470667
360.4789,-0.470643
360.4963,-0.470613
360.513,-0.470584
360.5297,-0.470553
360.5461,-0.470524
360.5627,-0.470499
360.579,-0.470482
360.5963,-0.470462
360.6128,-0.470439
360.6294,-0.470425
360.6461,-0.470405
360.6628,-0.47038
360.6796,-0.470355
360.6965,-0.470332
360.7134,-0.47031
360.7288,-0.470286
360.7463,-0.470261
360.7636,-0.47024
360.7792,-0.470225
360.7964,-0.470218
360.8134,-0.47021
360.83,-0.47019
360.8462,-0.470166
360.8634,-0.470147
360.8795,-0.470122
360.8962,-0.4701
360.9128,-0.470074
360.9295,-0.470048
360.9463,-0.470018
360.963,-0.469994
360.9793,-0.469971
360.9959,-0.469945
361.0126,-0.469925
361.0291,-0.469906
361.0461,-0.469896
361.0629,-0.469888
361.0794,-0.469875
361.0966,-0.469854
361.1136,-0.469833
361.1299,-0.469817
361.1469,-0.469799
361.1632,-0.469773
361.1795,-0.469744
361.197,-0.469713
361.2134,-0.469684
361.2297,-0.469666
361.2457,-0.469653
361.2623,-0.469636
361.2799,-0.469614
361.296,-0.469593
361.3124,-0.469584
361.3293,-0.469579
361.3458,-0.469575
361.363,-0.469573
361.3799,-0.469561
361.3962,-0.469548
361.4135,-0.469535
361.4296,-0.469536
361.4457,-0.469532
361.4623,-0.469529
361.4797,-0.469523
361.4961,-0.469521
361.5128,-0.469512
361.5298,-0.46951
361.5461,-0.469503
361.563,-0.46948
361.5794,-0.469462
361.5966,-0.469441
361.6132,-0.469425
361.63,-0.469409
361.6466,-0.469392
361.6627,-0.469377
361.6796,-0.469362
361.6962,-0.469338
361.7127,-0.469316
361.7295,-0.46929
361.7462,-0.469272
361.7632,-0.469258
361.7792,-0.469241
361.7964,-0.469217
361.813,-0.469198
361.8293,-0.469172
361.8462,-0.469152
361.8629,-0.469143
361.8795,-0.469136
361.8969,-0.469124
361.9127,-0.46911
361.9292,-0.469089
361.9468,-0.469066
361.963,-0.469046
361.9795,-0.469024
361.9963,-0.469008
362.013,-0.468998
362.029,-0.468978
362.0461,-0.468962
362.063,-0.468951
362.0795,-0.468936
362.0959,-0.468923
362.1129,-0.468907
362.1296,-0.468894
362.1465,-0.468875
362.1631,-0.468848
362.1802,-0.468833
362.1964,-0.468814
362.2142,-0.468793
362.2304,-0.468774
362.2466,-0.468757
362.2637,-0.468733
362.2806,-0.468709
362.2963,-0.468685
362.3132,-0.468664
362.3303,-0.468633
362.3469,-0.468609
362.3636,-0.468594
362.3804,-0.468585
362.3968,-0.468578
362.4133,-0.468563
362.4311,-0.468546
362.4474,-0.468523
362.4645,-0.468497
362.4807,-0.46847
362.4976,-0.468442
362.5132,-0.468414
362.5305,-0.468384
362.5471,-0.468349
362.5646,-0.468317
362.58,-0.46829
362.5966,-0.468274
362.6134,-0.468253
362.6304,-0.468245
362.6472,-0.468245
362.664,-0.468242
362.6803,-0.468233
362.6972,-0.468232
362.7143,-0.468229
362.7308,-0.468223
362.7472,-0.468217
362.7637,-0.468206
362.7804,-0.468195
362.7977,-0.468189
362.8138,-0.468186
362.8307,-0.468184
362.8473,-0.468182
362.8643,-0.468179
362.8805,-0.468173
362.8977,-0.468166
362.9145,-0.468164
362.931,-0.468157
362.9471,-0.468149
362.9645,-0.468143
362.9808,-0.468139
362.9978,-0.468137
363.014,-0.46814
363.0307,-0.468142
363.0471,-0.468145
363.0648,-0.468144
363.0817,-0.468137
363.0973,-0.468129
363.1146,-0.468117
363.13,-0.468102
363.1472,-0.468084
363.1638,-0.468074
363.1803,-0.468071
363.1973,-0.468069
363.2138,-0.468079
363.2307,-0.468086
363.2479,-0.468085
363.2638,-0.46808
363.2805,-0.468074
363.2978,-0.468062
363.3144,-0.468048
363.3303,-0.468031
363.3476,-0.468012
363.3642,-0.468005
363.3806,-0.468003
363.3976,-0.468001
363.4148,-0.467994
363.4307,-0.46799
363.448,-0.467986
363.4642,-0.46798
363.4804,-0.467972
363.4975,-0.467966
363.5143,-0.467968
363.5305,-0.467964
363.547,-0.467962
363.5645,-0.467958
363.5803,-0.467949
363.5977,-0.467942
363.6141,-0.467928
363.6304,-0.467919
363.6469,-0.467916
363.6637,-0.467912
363.6804,-0.467911
363.6973,-0.467921
363.7141,-0.467932
363.7312,-0.467944
363.7477,-0.467949
363.7643,-0.467949
363.7811,-0.467937
363.7976,-0.467932
363.8139,-0.467928
363.8309,-0.46793
363.8476,-0.467923
363.8638,-0.467922
363.8811,-0.46793
363.8979,-0.467934
363.9148,-0.467938
363.9309,-0.467948
363.9474,-0.467956
363.9642,-0.467962
363.981,-0.467964
363.9975,-0.467967
364.0141,-0.467974
364.0302,-0.467977
364.0479,-0.467975
364.0636,-0.467968
364.0807,-0.467965
364.0979,-0.467956
364.1135,-0.467947
364.1308,-0.467938
364.147,-0.467932
364.1645,-0.467929
364.1805,-0.46792
364.1967,-0.467915
364.2145,-0.467919
364.2312,-0.467931
364.2474,-0.467946
364.2636,-0.467968
364.2804,-0.467979
364.2977,-0.467988
364.3135,-0.467994
364.3305,-0.467999
364.3473,-0.467994
364.3643,-0.467991
364.3803,-0.467985
364.3974,-0.467985
364.4138,-0.467985
364.4308,-0.467982
364.4472,-0.467983
364.4635,-0.467985
364.4808,-0.467988
364.4968,-0.467984
364.5137,-0.467976
364.5302,-0.467967
364.5472,-0.467959
364.5641,-0.467946
364.5799,-0.46794
364.5965,-0.467929
364.614,-0.467923
364.6301,-0.467909
364.6473,-0.467882
364.6635,-0.467853
364.6802,-0.46783
364.6964,-0.467814
364.7143,-0.467804
364.7297,-0.467798
364.7473,-0.467792
364.7643,-0.467786
364.7812,-0.467781
364.7976,-0.467776
364.8138,-0.467764
364.8308,-0.467748
364.8472,-0.467737
364.8633,-0.467728
364.8808,-0.467724
364.8966,-0.467717
364.9141,-0.467708
364.9302,-0.467703
364.947,-0.467697
364.9638,-0.467692
364.9808,-0.467681
364.9976,-0.467668
365.0135,-0.467655
365.0303,-0.467644
365.0464,-0.467634
365.0635,-0.467629
365.0808,-0.467631
365.0969,-0.467633
365.1136,-0.467628
365.1307,-0.467621
365.1471,-0.467601
365.1643,-0.467576
365.1805,-0.467554
365.1974,-0.467539
365.2142,-0.46752
365.2303,-0.467502
365.2468,-0.467486
365.2635,-0.467472
365.2809,-0.467464
365.297,-0.467456
365.3138,-0.467452
365.3303,-0.467453
365.347,-0.467452
365.3641,-0.46745
365.3802,-0.467448
365.3976,-0.467453
365.4138,-0.467458
365.431,-0.467456
365.4467,-0.467451
365.4643,-0.467447
365.4804,-0.467434
365.497,-0.467424
365.5136,-0.467409
365.5307,-0.467399
365.5472,-0.467384
365.5638,-0.467373
365.5805,-0.467368
365.5971,-0.467361
365.6143,-0.467357
365.6304,-0.467358
365.6473,-0.467357
365.6639,-0.467352
365.6806,-0.467345
365.6974,-0.467332
365.7145,-0.467317
365.7303,-0.467307
365.7467,-0.467293
365.764,-0.46729
365.7803,-0.467288
365.797,-0.467281
365.814,-0.467272
365.8312,-0.467262
365.8475,-0.467259
365.8644,-0.467256
365.8802,-0.467255
365.8982,-0.467249
365.9142,-0.467241
365.9309,-0.467241
365.9474,-0.467238
365.9645,-0.467233
365.9808,-0.467218
365.9971,-0.467196
366.014,-0.467169
366.0294,-0.46712
366.047,-0.467087
366.0631,-0.467068
366.0801,-0.467059
366.0962,-0.467046
366.1125,-0.467045
366.1305,-0.467048
366.1463,-0.46706
366.1631,-0.46707
366.1796,-0.467084
366.1972,-0.467084
366.2131,-0.467091
366.2299,-0.467096
366.246,-0.4671
366.2633,-0.467099
366.2798,-0.467101
366.2973,-0.467107
366.3136,-0.467115
366.3294,-0.467115
366.3463,-0.467109
366.3638,-0.467097
366.3799,-0.467083
366.3973,-0.467072
366.4134,-0.467061
366.43,-0.467053
366.4466,-0.46704
366.4631,-0.467034
366.4802,-0.46702
366.4966,-0.467014
366.514,-0.46701
366.5297,-0.467008
366.5469,-0.467008
366.5637,-0.467005
366.5807,-0.467008
366.5967,-0.467006
366.6139,-0.467017
366.6302,-0.467018
366.6472,-0.467015
366.6641,-0.46701
366.6805,-0.467008
366.6971,-0.467005
366.7132,-0.467
366.7305,-0.467001
366.7467,-0.467005
366.7635,-0.467004
366.7803,-0.467001
366.7966,-0.466997
366.8147,-0.466996
366.8305,-0.467002
366.8468,-0.467015
366.8637,-0.467024
366.88,-0.467025
366.8971,-0.467024
366.9134,-0.467029
366.931,-0.467041
366.9472,-0.467045
366.9634,-0.467045
366.9803,-0.467043
366.9976,-0.467039
367.0136,-0.467041
367.0303,-0.467048
367.0471,-0.467053
367.0639,-0.467064
367.081,-0.467068
367.0968,-0.467071
367.1143,-0.467066
367.1301,-0.467059
367.148,-0.46705
367.1641,-0.467044
367.1801,-0.467043
367.1976,-0.467033
367.2142,-0.467029
367.2308,-0.467026
367.2471,-0.467028
367.2648,-0.467031
367.2807,-0.467035
367.2977,-0.467042
367.3139,-0.467041
367.3305,-0.467034
367.3477,-0.467033
367.3644,-0.467044
367.3807,-0.467051
367.3973,-0.467063
367.4142,-0.467068
367.4312,-0.467071
367.4479,-0.467078
367.4637,-0.467083
367.4814,-0.467092
367.4969,-0.467094
367.5137,-0.467093
367.5312,-0.467088
367.5482,-0.467084
367.5644,-0.467077
367.5809,-0.467071
367.5982,-0.467067
367.6141,-0.467061
367.6312,-0.467061
367.6478,-0.467063
367.6644,-0.467059
367.6811,-0.467058
367.6973,-0.467059
367.7142,-0.467062
367.731,-0.467059
367.7473,-0.467057
367.7643,-0.46706
367.7813,-0.467057
367.7981,-0.467063
367.8138,-0.46707
367.8313,-0.467064
367.8482,-0.467057
367.8648,-0.467052
367.8812,-0.467053
367.898,-0.467051
367.9146,-0.467039
367.9318,-0.467026
367.9484,-0.467019
367.9651,-0.467008
367.9819,-0.467008
367.9985,-0.46701
368.0149,-0.46701
368.0315,-0.467009
368.0479,-0.467016
368.0657,-0.467019
368.0816,-0.467027
368.0984,-0.467037
368.1152,-0.467035
368.1319,-0.467032
368.1483,-0.467025
368.165,-0.467025
368.1822,-0.467025
368.1982,-0.467025
368.2155,-0.467022
368.2318,-0.467022
368.2484,-0.467025
368.2653,-0.467025
368.2822,-0.467028
368.2988,-0.467029
368.3156,-0.467026
368.3316,-0.467019
368.3483,-0.467012
368.3654,-0.467004
368.3818,-0.466997
368.3991,-0.467
368.415,-0.467001
368.4315,-0.467007
368.4489,-0.467021
368.4655,-0.467034
368.4821,-0.467048
368.499,-0.467054
368.515,-0.467052
368.532,-0.46705
368.549,-0.467048
368.5662,-0.467051
368.5818,-0.467048
368.5985,-0.467045
368.6161,-0.467043
368.6324,-0.467046
368.6485,-0.467059
368.6655,-0.467075
368.6824,-0.467081
368.6983,-0.467083
368.7158,-0.467082
368.7324,-0.467088
368.7492,-0.467099
368.7659,-0.467101
368.7822,-0.467107
368.7985,-0.467107
368.8154,-0.467104
368.8325,-0.46709
