Temperaturee (°C),Heat flow (W/g)
70.0119,0.0418273
70.011,0.0418328
70.0113,0.0418351
70.0117,0.0418375
70.0118,0.0418445
70.0119,0.0418544
70.012,0.0418639
70.0121,0.0418777
70.0124,0.0418941
70.0117,0.0419045
70.0115,0.0419196
70.0122,0.0419329
70.0114,0.0419408
70.0128,0.0419456
70.0128,0.0419464
70.0134,0.0419478
70.0131,0.0419449
70.0144,0.0419438
70.0145,0.0419474
70.015,0.0419495
70.0158,0.0419557
70.0167,0.0419657
70.0167,0.0419782
70.0189,0.0420014
70.0195,0.0420984
70.0205,0.0422933
70.023,0.0426745
70.0241,0.0432699
70.0265,0.0445854
70.0273,0.046451
70.0304,0.0488822
70.0317,0.0519515
70.034,0.0554271
70.0374,0.0598829
70.0402,0.0647572
70.0437,0.0701582
70.0466,0.075658
70.0497,0.0813467
70.0536,0.0887981
70.0574,0.094956
70.0614,0.100543
70.0658,0.105239
70.0704,0.110025
70.0749,0.113976
70.0807,0.118369
70.0854,0.122246
70.0909,0.126969
70.0962,0.131009
70.1034,0.135757
70.1095,0.140826
70.1158,0.14481
70.1223,0.149863
70.1291,0.153708
70.1358,0.157646
70.1432,0.161095
70.151,0.164869
70.1579,0.168427
70.1664,0.172247
70.1746,0.174721
70.1832,0.178234
70.1913,0.18119
70.2007,0.18269
70.2081,0.185723
70.2182,0.188084
70.2273,0.189473
70.2369,0.190578
70.2461,0.19285
70.2561,0.19342
70.2653,0.194357
70.2749,0.194319
70.2854,0.194802
70.2959,0.194455
70.3065,0.195167
70.3167,0.195739
70.3279,0.196074
70.3381,0.195558
70.349,0.194901
70.3609,0.193919
70.3718,0.193383
70.3831,0.192686
70.3954,0.191919
70.4058,0.191249
70.4178,0.187026
70.4282,0.184839
70.441,0.182986
70.4521,0.181643
70.4639,0.180328
70.4765,0.179094
70.4892,0.17805
70.5007,0.177209
70.5129,0.176164
70.5247,0.174565
70.5374,0.172717
70.5501,0.170378
70.5616,0.167622
70.5746,0.164223
70.5873,0.160856
70.6003,0.157789
70.6127,0.154737
70.6254,0.150423
70.6389,0.145521
70.6514,0.140336
70.6649,0.135213
70.6768,0.129377
70.6911,0.124663
70.7037,0.120172
70.7177,0.11566
70.7306,0.112475
70.7443,0.110126
70.757,0.106597
70.7711,0.102759
70.7843,0.098629
70.7966,0.0946856
70.8106,0.0908935
70.8246,0.0867263
70.8388,0.082447
70.8525,0.0790712
70.8668,0.076004
70.8799,0.0731325
70.8936,0.0705856
70.9076,0.0670689
70.9217,0.0640693
70.9352,0.0607573
70.9501,0.0582506
70.9634,0.0555214
70.9779,0.0512448
70.9929,0.0482658
71.0062,0.0457539
71.0197,0.0430709
71.0347,0.0393873
71.0492,0.0362073
71.0633,0.0322097
71.0766,0.028886
71.0926,0.0255324
71.1072,0.0234606
71.1211,0.0198368
71.1358,0.0161155
71.1502,0.0122983
71.1653,0.0098686
71.1793,0.00683822
71.1946,0.00408849
71.2095,0.00114454
71.2239,-0.00209345
71.2393,-0.00410368
71.2541,-0.00686125
71.2685,-0.00987961
71.2832,-0.0130906
71.2983,-0.0157202
71.3129,-0.0178325
71.3292,-0.0210512
71.3437,-0.0252577
71.3583,-0.0266998
71.3736,-0.02878
71.3882,-0.0309456
71.4041,-0.0332673
71.4185,-0.0364644
71.4335,-0.0379928
71.449,-0.0404374
71.4641,-0.04212
71.4792,-0.0454715
71.4952,-0.0480385
71.5094,-0.0516736
71.525,-0.0549476
71.5406,-0.0568884
71.5566,-0.0595237
71.5722,-0.0626551
71.5881,-0.0646037
71.6033,-0.0669019
71.6181,-0.0695405
71.6336,-0.0714809
71.6499,-0.0739334
71.6639,-0.0759717
71.6804,-0.0786643
71.696,-0.0813273
71.7112,-0.0832845
71.7265,-0.0848097
71.7429,-0.0870863
71.7584,-0.0876678
71.7743,-0.0904514
71.79,-0.0927764
71.8054,-0.0939143
71.8209,-0.0955855
71.8359,-0.0981673
71.8528,-0.100875
71.8687,-0.102787
71.8838,-0.105136
71.8995,-0.107099
71.9154,-0.109341
71.9312,-0.111462
71.9474,-0.113792
71.9624,-0.115966
71.9786,-0.117748
71.9944,-0.118559
72.0105,-0.121245
72.0271,-0.122633
72.0429,-0.123793
72.0586,-0.126221
72.0741,-0.128413
72.0913,-0.13084
72.106,-0.132544
72.122,-0.134203
72.1384,-0.135159
72.1547,-0.136631
72.1703,-0.137564
72.1861,-0.139468
72.202,-0.14067
72.2184,-0.141985
72.2343,-0.143699
72.2508,-0.145817
72.2663,-0.148716
72.2823,-0.150149
72.2982,-0.151237
72.3149,-0.152155
72.331,-0.152643
72.3473,-0.153282
72.3627,-0.155102
72.3791,-0.156253
72.3947,-0.158244
72.4121,-0.159697
72.4276,-0.160703
72.4447,-0.16216
72.4607,-0.164054
72.4762,-0.165779
72.4922,-0.166649
72.5082,-0.167751
72.5252,-0.168567
72.5408,-0.169925
72.5576,-0.171401
72.5734,-0.173038
72.5893,-0.173806
72.6052,-0.174214
72.6219,-0.175083
72.6387,-0.175988
72.6548,-0.176945
72.6708,-0.178482
72.687,-0.180054
72.7034,-0.181681
72.7191,-0.182765
72.7352,-0.183789
72.7518,-0.18505
72.7684,-0.186408
72.7851,-0.187011
72.8005,-0.187889
72.8176,-0.188411
72.8335,-0.189012
72.8501,-0.189586
72.8662,-0.190068
72.8822,-0.190866
72.8985,-0.191869
72.9156,-0.193048
72.9311,-0.19423
72.9479,-0.195629
72.9646,-0.19677
72.9813,-0.197645
72.9978,-0.198739
73.013,-0.199877
73.0308,-0.200533
73.0462,-0.200973
73.0619,-0.201292
73.0791,-0.20176
73.0956,-0.202513
73.1124,-0.20308
73.1291,-0.203595
73.1449,-0.204114
73.1615,-0.204506
73.1782,-0.204997
73.1935,-0.205428
73.2104,-0.205971
73.2269,-0.206435
73.2427,-0.206977
73.2604,-0.207724
73.2766,-0.208553
73.2931,-0.209413
73.309,-0.210248
73.3256,-0.211058
73.3426,-0.211736
73.3583,-0.212442
73.3751,-0.212986
73.3916,-0.21348
73.4074,-0.213972
73.4247,-0.214403
73.4412,-0.214785
73.4574,-0.215157
73.4738,-0.21557
73.4903,-0.216247
73.5069,-0.216816
73.5235,-0.217606
73.5399,-0.218182
73.5566,-0.218745
73.5731,-0.219272
73.5896,-0.219606
73.606,-0.219906
73.6221,-0.220253
73.6388,-0.22051
73.6551,-0.220791
73.6707,-0.221093
73.6881,-0.22143
73.7049,-0.221807
73.7221,-0.222299
73.7384,-0.222768
73.7541,-0.223229
73.7711,-0.223586
73.7869,-0.224057
73.8032,-0.224576
73.8202,-0.225026
73.8362,-0.225484
73.8537,-0.225926
73.8697,-0.226243
73.8867,-0.226457
73.9032,-0.226697
73.9192,-0.226984
73.936,-0.227225
73.9526,-0.227437
73.9692,-0.22764
73.9861,-0.227936
74.0025,-0.22831
74.019,-0.22862
74.035,-0.229006
74.0519,-0.229293
74.0684,-0.229494
74.0854,-0.229717
74.1019,-0.229937
74.1182,-0.230178
74.1343,-0.230397
74.1511,-0.230534
74.1679,-0.23073
74.1834,-0.231034
74.2007,-0.231374
74.2176,-0.231711
74.2331,-0.231946
74.251,-0.23211
74.2673,-0.232319
74.2842,-0.232544
74.3004,-0.2327
74.3171,-0.232894
74.3333,-0.233033
74.3506,-0.233277
74.3661,-0.233549
74.3828,-0.23382
74.3998,-0.234041
74.4169,-0.234173
74.4341,-0.234286
74.4498,-0.234492
74.4665,-0.234615
74.4824,-0.23468
74.4987,-0.23475
74.516,-0.23485
74.5325,-0.234965
74.5481,-0.235094
74.566,-0.235252
74.5823,-0.235382
74.599,-0.23548
74.6154,-0.235557
74.6309,-0.235665
74.6491,-0.235758
74.6653,-0.235875
74.6822,-0.235974
74.698,-0.236101
74.7153,-0.236223
74.7303,-0.236362
74.7474,-0.236476
74.7657,-0.236569
74.7804,-0.23665
74.7977,-0.236736
74.8145,-0.236849
74.8312,-0.236932
74.8475,-0.237055
74.864,-0.237223
74.8812,-0.237327
74.8966,-0.237457
74.9148,-0.237619
74.931,-0.237722
74.9476,-0.237803
74.9632,-0.237869
74.9812,-0.237934
74.9978,-0.237998
75.0135,-0.238058
75.0304,-0.238121
75.0473,-0.238188
75.0637,-0.238262
75.0809,-0.238332
75.0978,-0.238397
75.1134,-0.238465
75.1304,-0.238533
75.1468,-0.23869
75.1628,-0.238751
75.1793,-0.238874
75.1967,-0.238943
75.2134,-0.239017
75.2293,-0.239092
75.2457,-0.239189
75.2629,-0.239326
75.2804,-0.239399
75.2954,-0.239474
75.312,-0.239571
75.3295,-0.239643
75.3469,-0.239712
75.3627,-0.239852
75.3794,-0.23992
75.396,-0.240026
75.4122,-0.24009
75.4292,-0.240187
75.4455,-0.240253
75.4625,-0.240323
75.4786,-0.240396
75.4956,-0.24047
75.5117,-0.240542
75.5285,-0.240615
75.5446,-0.240682
75.5615,-0.240749
75.5786,-0.24083
75.5952,-0.240896
75.6118,-0.240961
75.6278,-0.241028
75.6444,-0.241096
75.6611,-0.241174
75.6779,-0.241248
75.6943,-0.241327
75.7118,-0.241404
75.7276,-0.241474
75.7446,-0.241538
75.7613,-0.241598
75.7783,-0.241658
75.7949,-0.241717
75.81,-0.241783
75.8278,-0.241855
75.8439,-0.241931
75.8603,-0.242003
75.8778,-0.242078
75.8933,-0.242154
75.9111,-0.24223
75.9281,-0.242303
75.9441,-0.24237
75.9602,-0.242441
75.9767,-0.242508
75.993,-0.24257
76.0104,-0.242631
76.027,-0.242695
76.043,-0.242757
76.0602,-0.242813
76.0768,-0.242866
76.0931,-0.24292
76.11,-0.242976
76.126,-0.243042
76.1417,-0.24311
76.1593,-0.243184
76.176,-0.243257
76.1927,-0.243332
76.209,-0.243404
76.2265,-0.243469
76.2428,-0.243538
76.2594,-0.243606
76.2759,-0.243666
76.2921,-0.243726
76.3091,-0.243778
76.3259,-0.243831
76.342,-0.243886
76.3585,-0.243949
76.3755,-0.244009
76.3914,-0.244061
76.4096,-0.244109
76.4263,-0.244168
76.4424,-0.24422
76.4587,-0.244275
76.4754,-0.244333
76.4916,-0.244393
76.5093,-0.244456
76.5253,-0.244526
76.542,-0.244596
76.559,-0.244656
76.5754,-0.24471
76.5919,-0.24477
76.6094,-0.244825
76.6255,-0.244875
76.6426,-0.24492
76.6585,-0.244962
76.6756,-0.245008
76.6918,-0.24506
76.7083,-0.245112
76.725,-0.245162
76.7414,-0.245213
76.7581,-0.245257
76.7754,-0.2453
76.7914,-0.245351
76.8078,-0.245403
76.8247,-0.245454
76.8407,-0.245505
76.8579,-0.245562
76.8745,-0.245617
76.8913,-0.245675
76.9076,-0.245733
76.9248,-0.245793
76.9416,-0.245848
76.9578,-0.245894
76.9745,-0.245943
76.9917,-0.245994
77.0071,-0.246044
77.0245,-0.246087
77.0399,-0.246132
77.0579,-0.246177
77.0743,-0.246216
77.0913,-0.246256
77.1077,-0.246303
77.1242,-0.246346
77.1408,-0.246383
77.157,-0.24642
77.1738,-0.24646
77.1917,-0.246496
77.2068,-0.246538
77.2239,-0.246586
77.2411,-0.246637
77.2574,-0.246689
77.2733,-0.246734
77.29,-0.246776
77.3077,-0.246819
77.3237,-0.246852
77.3405,-0.246884
77.3569,-0.246915
77.3734,-0.246954
77.3903,-0.246989
77.4072,-0.247028
77.4239,-0.247069
77.4401,-0.24712
77.4572,-0.247164
77.4741,-0.247208
77.4897,-0.247254
77.5067,-0.247301
77.5232,-0.247348
77.5398,-0.247387
77.557,-0.247428
77.5744,-0.247462
77.5905,-0.247494
77.6065,-0.247525
77.6229,-0.247554
77.6399,-0.247583
77.6561,-0.247612
77.6736,-0.247651
77.6903,-0.247695
77.7062,-0.247731
77.7229,-0.247767
77.7403,-0.247802
77.7571,-0.247834
77.7733,-0.247858
77.7893,-0.247883
77.8068,-0.247901
77.822,-0.24792
77.8396,-0.247943
77.8561,-0.247972
77.8725,-0.248003
77.8897,-0.248035
77.9058,-0.24807
77.9223,-0.248103
77.939,-0.248136
77.9563,-0.248171
77.9728,-0.248204
77.9896,-0.248241
78.0059,-0.24828
78.0227,-0.248316
78.0401,-0.248357
78.0551,-0.248397
78.0734,-0.24843
78.09,-0.248459
78.1061,-0.248483
78.1228,-0.248513
78.1394,-0.248546
78.1561,-0.248574
78.1722,-0.248603
78.1891,-0.248631
78.2059,-0.248657
78.2219,-0.248678
78.2395,-0.248702
78.2561,-0.248729
78.2726,-0.248757
78.2895,-0.248787
78.3059,-0.248811
78.3216,-0.248833
78.3394,-0.248856
78.3561,-0.248881
78.372,-0.248902
78.3888,-0.248928
78.4059,-0.248957
78.4217,-0.248988
78.4389,-0.249016
78.4553,-0.249048
78.472,-0.24908
78.4888,-0.249108
78.5055,-0.249141
78.5227,-0.249175
78.5393,-0.249208
78.5552,-0.249238
78.5725,-0.249271
78.5901,-0.249301
78.6058,-0.249332
78.6228,-0.249356
78.6391,-0.249377
78.6561,-0.249398
78.6718,-0.249417
78.6891,-0.24944
78.7052,-0.249456
78.7226,-0.249481
78.7399,-0.249511
78.7553,-0.249542
78.7726,-0.249568
78.7885,-0.249597
78.8047,-0.249618
78.8213,-0.24963
78.8393,-0.249649
78.8552,-0.249662
78.8718,-0.249679
78.8876,-0.249692
78.9053,-0.249709
78.9221,-0.249729
78.9383,-0.249761
78.9554,-0.249787
78.9714,-0.249813
78.9895,-0.249832
79.0054,-0.24985
79.0224,-0.249868
79.0381,-0.249879
79.0555,-0.249886
79.0714,-0.249889
79.089,-0.24989
79.1048,-0.249897
79.1213,-0.249911
79.1378,-0.249924
79.1543,-0.249942
79.1712,-0.249961
79.1881,-0.249984
79.2048,-0.250009
79.2212,-0.250035
79.238,-0.250064
79.2548,-0.250092
79.271,-0.250112
79.2879,-0.25013
79.3046,-0.250145
79.3211,-0.250158
79.3376,-0.250172
79.3542,-0.250182
79.3711,-0.250188
79.3879,-0.250198
79.4041,-0.250206
79.4204,-0.250216
79.4369,-0.250227
79.4533,-0.250239
79.4703,-0.250246
79.4874,-0.250266
79.5043,-0.250286
79.5205,-0.250301
79.5377,-0.250308
79.5537,-0.250315
79.5713,-0.250325
79.5874,-0.250333
79.6031,-0.250337
79.6198,-0.250347
79.6364,-0.250358
79.6541,-0.250369
79.6703,-0.250382
79.6871,-0.250393
79.7036,-0.250403
79.7199,-0.250411
79.7373,-0.250419
79.7539,-0.250428
79.7702,-0.250442
79.7865,-0.250455
79.803,-0.250465
79.8205,-0.250473
79.8363,-0.250483
79.8535,-0.250491
79.8698,-0.250496
79.8867,-0.250494
79.9037,-0.250492
79.9202,-0.250496
79.9364,-0.250497
79.9531,-0.250501
79.9693,-0.250512
79.9863,-0.250519
80.0039,-0.250528
80.0201,-0.250542
80.036,-0.250556
80.0531,-0.25057
80.07,-0.250571
80.0864,-0.250566
80.1034,-0.250562
80.1203,-0.25056
80.1366,-0.250559
80.1539,-0.250566
80.169,-0.250572
80.1862,-0.25058
80.2031,-0.25059
80.2194,-0.250604
80.2368,-0.250616
80.2534,-0.250624
80.2704,-0.250628
80.2864,-0.25063
80.3027,-0.250634
80.3195,-0.250641
80.3362,-0.250648
80.3533,-0.250651
80.3702,-0.250653
80.3867,-0.25066
80.4037,-0.250663
80.4203,-0.250665
80.4361,-0.250667
80.4526,-0.250667
80.4704,-0.250673
80.4869,-0.25068
80.5035,-0.250692
80.5196,-0.250701
80.5367,-0.250707
80.5533,-0.250714
80.5697,-0.250721
80.5869,-0.250727
80.603,-0.25074
80.6197,-0.250756
80.6356,-0.250765
80.6538,-0.250771
80.67,-0.250775
80.6863,-0.250787
80.7035,-0.250785
80.7197,-0.250786
80.7364,-0.250789
80.7538,-0.250791
80.7696,-0.250795
80.7861,-0.250797
80.8033,-0.250797
80.8195,-0.250797
80.8365,-0.2508
80.853,-0.250804
80.8693,-0.250812
80.8853,-0.250812
80.9027,-0.250816
80.9208,-0.250822
80.9364,-0.250832
80.9535,-0.250834
80.9698,-0.250837
80.9867,-0.250838
81.0029,-0.250837
81.0199,-0.250834
81.0363,-0.250827
81.0528,-0.250826
81.0702,-0.250824
81.0863,-0.250826
81.1022,-0.250825
81.12,-0.250825
81.1357,-0.250827
81.1524,-0.250831
81.1695,-0.250832
81.1857,-0.250833
81.203,-0.250825
81.2184,-0.250819
81.2363,-0.250818
81.2526,-0.250818
81.2692,-0.250821
81.2856,-0.25082
81.3029,-0.250822
81.3196,-0.25083
81.3356,-0.250841
81.3522,-0.250849
81.3689,-0.250854
81.3854,-0.250848
81.4026,-0.25085
81.42,-0.250849
81.4349,-0.250851
81.4527,-0.25085
81.4688,-0.250852
81.4853,-0.250854
81.502,-0.25086
81.5191,-0.25087
81.5355,-0.25088
81.5524,-0.250888
81.5689,-0.250887
81.5863,-0.250891
81.6017,-0.250895
81.6199,-0.250889
81.6357,-0.250886
81.6523,-0.250888
81.6693,-0.25089
81.6861,-0.250888
81.7029,-0.250885
81.7188,-0.250888
81.736,-0.250892
81.753,-0.250896
81.769,-0.250897
81.7857,-0.250893
81.8024,-0.250888
81.8188,-0.250894
81.8357,-0.250905
81.8528,-0.250916
81.8689,-0.250932
81.8858,-0.250949
81.9032,-0.250964
81.9198,-0.250971
81.9365,-0.250969
81.9532,-0.250968
81.9693,-0.250967
81.9863,-0.25096
82.0025,-0.250952
82.0196,-0.25094
82.036,-0.250928
82.0533,-0.25091
82.0698,-0.250902
82.0853,-0.250895
82.1026,-0.250891
82.1205,-0.250892
82.136,-0.250893
82.1528,-0.250893
82.1695,-0.250891
82.186,-0.250885
82.2032,-0.250878
82.2199,-0.250877
82.2366,-0.250873
82.2519,-0.250875
82.2682,-0.250878
82.2859,-0.250885
82.3026,-0.2509
82.3191,-0.250915
82.336,-0.250933
82.3531,-0.250941
82.3697,-0.250947
82.3859,-0.250953
82.4026,-0.250949
82.4184,-0.250941
82.4354,-0.250929
82.452,-0.250922
82.4694,-0.250914
82.4858,-0.250906
82.5019,-0.2509
82.5188,-0.250902
82.5357,-0.250898
82.5519,-0.250899
82.569,-0.250902
82.585,-0.25091
82.6016,-0.250911
82.6181,-0.250906
82.6356,-0.250902
82.6518,-0.250897
82.6684,-0.250896
82.6847,-0.2509
82.7021,-0.250907
82.7189,-0.250907
82.7355,-0.250911
82.7521,-0.25091
82.7683,-0.250908
82.7858,-0.250907
82.8021,-0.250901
82.8188,-0.250897
82.8347,-0.25089
82.8516,-0.250885
82.8684,-0.250883
82.8852,-0.250885
82.9017,-0.250888
82.919,-0.250887
82.9346,-0.250886
82.9517,-0.250885
82.9679,-0.250885
82.9854,-0.250889
83.0015,-0.250896
83.0183,-0.250903
83.0351,-0.250904
83.0529,-0.250899
83.0699,-0.250894
83.0857,-0.250891
83.1014,-0.250883
83.1179,-0.250871
83.1353,-0.250856
83.1521,-0.250847
83.1689,-0.250841
83.1849,-0.250835
83.2016,-0.250827
83.2183,-0.250816
83.2355,-0.250803
83.2521,-0.250798
83.2679,-0.250794
83.2848,-0.25079
83.3019,-0.250786
83.3189,-0.250782
83.3357,-0.250781
83.3518,-0.250782
83.3687,-0.250779
83.3847,-0.250778
83.4024,-0.250776
83.4186,-0.250772
83.4347,-0.250771
83.4517,-0.250766
83.4681,-0.250764
83.485,-0.250756
83.5013,-0.250744
83.5179,-0.250736
83.5351,-0.250728
83.5521,-0.250717
83.5682,-0.250705
83.5854,-0.250697
83.6017,-0.250689
83.6178,-0.250678
83.6349,-0.250672
83.6513,-0.250668
83.6679,-0.250662
83.6838,-0.250657
83.7012,-0.250655
83.7182,-0.25065
83.7345,-0.250653
83.7519,-0.25066
83.7679,-0.250665
83.7849,-0.250665
83.8017,-0.250664
83.8195,-0.250666
83.8347,-0.250664
83.8521,-0.250669
83.8679,-0.250675
83.884,-0.250675
83.9018,-0.250667
83.9175,-0.250661
83.9354,-0.250652
83.9523,-0.250645
83.9676,-0.250646
83.9849,-0.250647
84.0012,-0.250642
84.0175,-0.250628
84.035,-0.250622
84.0518,-0.250626
84.0684,-0.250623
84.0844,-0.250605
84.1013,-0.250592
84.1185,-0.250571
84.1347,-0.250557
84.1514,-0.250553
84.1673,-0.250544
84.185,-0.250534
84.2013,-0.250531
84.2183,-0.250531
84.2351,-0.250535
84.2508,-0.250548
84.2683,-0.250554
84.2848,-0.250559
84.3012,-0.250554
84.3189,-0.250545
84.336,-0.250538
84.3516,-0.250531
84.3676,-0.250527
84.3847,-0.250521
84.4017,-0.250516
84.4179,-0.250517
84.4344,-0.250514
84.4516,-0.250507
84.468,-0.250497
84.4851,-0.250486
84.5011,-0.250474
84.5182,-0.250462
84.5332,-0.250453
84.5514,-0.250449
84.5676,-0.250446
84.5841,-0.250448
84.6012,-0.250454
84.618,-0.250461
84.6351,-0.250466
84.6513,-0.250468
84.6684,-0.250469
84.685,-0.250471
84.7008,-0.250476
84.7192,-0.250477
84.7355,-0.250483
84.7522,-0.250491
84.7683,-0.2505
84.7851,-0.250511
84.8028,-0.25052
84.8184,-0.25052
84.8356,-0.250512
84.8526,-0.2505
84.8687,-0.250483
84.8847,-0.250467
84.9027,-0.250456
84.919,-0.250443
84.9353,-0.25044
84.9521,-0.250446
84.9689,-0.250447
84.986,-0.25045
85.0026,-0.250458
85.0192,-0.250461
85.0362,-0.250456
85.052,-0.250452
85.0688,-0.25045
85.0848,-0.250446
85.1018,-0.250435
85.1188,-0.250428
85.1348,-0.250432
85.1518,-0.250435
85.1685,-0.250434
85.1852,-0.250432
85.2019,-0.250426
85.2193,-0.250416
85.2358,-0.250412
85.2521,-0.25041
85.2682,-0.25041
85.2854,-0.250409
85.301,-0.250409
85.3183,-0.250414
85.3352,-0.250422
85.3517,-0.250426
85.3678,-0.250429
85.3853,-0.250429
85.4022,-0.250417
85.4189,-0.250406
85.4348,-0.250398
85.4518,-0.250393
85.4682,-0.250391
85.4843,-0.250397
85.5011,-0.250402
85.5186,-0.250413
85.5355,-0.250422
85.5516,-0.250434
85.5684,-0.250443
85.585,-0.250448
85.6022,-0.250448
85.6179,-0.250444
85.6353,-0.250437
85.6509,-0.250437
85.6679,-0.250441
85.6852,-0.250438
85.7015,-0.250434
85.7185,-0.250425
85.7357,-0.250423
85.7526,-0.250416
85.7682,-0.250401
85.7853,-0.250392
85.8023,-0.250377
85.8192,-0.250361
85.8355,-0.250346
85.8514,-0.25034
85.8684,-0.250332
85.8849,-0.250329
85.902,-0.250327
85.9185,-0.250331
85.9346,-0.250333
85.9512,-0.250335
85.969,-0.250344
85.9865,-0.250345
86.0022,-0.250349
86.0185,-0.25035
86.0351,-0.250353
86.0529,-0.250357
86.0684,-0.250353
86.0858,-0.25035
86.1023,-0.250345
86.1186,-0.250339
86.1354,-0.250337
86.1506,-0.250343
86.1687,-0.250339
86.1846,-0.250334
86.201,-0.250332
86.2181,-0.250332
86.2351,-0.250339
86.2514,-0.250344
86.2686,-0.250343
86.2849,-0.250335
86.3016,-0.250334
86.3186,-0.250334
86.335,-0.250335
86.3514,-0.250335
86.3679,-0.250334
86.3851,-0.250328
86.4013,-0.250321
86.4184,-0.250315
86.4349,-0.250312
86.4516,-0.250317
86.4677,-0.250317
86.4842,-0.250322
86.5015,-0.250329
86.5185,-0.250332
86.5347,-0.250335
86.5512,-0.250331
86.5684,-0.250325
86.5849,-0.250319
86.601,-0.250308
86.6171,-0.250304
86.6345,-0.250298
86.6514,-0.250286
86.6681,-0.250286
86.6844,-0.250286
86.7017,-0.250279
86.7186,-0.250276
86.7349,-0.25027
86.7511,-0.250265
86.7686,-0.250254
86.7846,-0.25024
86.8009,-0.25023
86.8178,-0.250227
86.8349,-0.250224
86.8506,-0.250217
86.8684,-0.250214
86.8844,-0.25021
86.9016,-0.250213
86.9178,-0.250216
86.9341,-0.250225
86.9524,-0.250234
86.9677,-0.25024
86.986,-0.250245
87.0021,-0.250247
87.0187,-0.250248
87.0355,-0.250243
87.0514,-0.250237
87.0695,-0.250225
87.0852,-0.250219
87.1022,-0.250216
87.1188,-0.250221
87.1356,-0.250226
87.1516,-0.250228
87.168,-0.250226
87.1859,-0.25022
87.2033,-0.250215
87.2186,-0.250212
87.2353,-0.250215
87.2519,-0.250225
87.2691,-0.25023
87.2854,-0.250232
87.3022,-0.250238
87.3188,-0.250241
87.3351,-0.250243
87.3522,-0.250251
87.3687,-0.250255
87.3856,-0.250256
87.4026,-0.250251
87.4193,-0.250241
87.4356,-0.250241
87.4523,-0.250239
87.4691,-0.250235
87.4858,-0.250229
87.5021,-0.250227
87.5199,-0.250229
87.5358,-0.250236
87.5527,-0.250248
87.5691,-0.250255
87.5857,-0.250259
87.6019,-0.250258
87.6193,-0.250259
87.6361,-0.250255
87.6525,-0.250256
87.6686,-0.250263
87.6864,-0.250273
87.7023,-0.250285
87.7192,-0.2503
87.7358,-0.250314
87.7536,-0.250324
87.769,-0.250329
87.7855,-0.250335
87.8018,-0.250339
87.8198,-0.250335
87.8356,-0.250334
87.8524,-0.250335
87.8697,-0.250335
87.8858,-0.250338
87.902,-0.250341
87.9187,-0.250346
87.9359,-0.250348
87.9525,-0.250349
87.9697,-0.250347
87.9858,-0.250345
88.0022,-0.250341
88.0188,-0.250342
88.0358,-0.250341
88.052,-0.250338
88.0691,-0.250338
88.0854,-0.250332
88.1024,-0.250334
88.1187,-0.250334
88.1359,-0.250324
88.1527,-0.250319
88.1686,-0.250317
88.1865,-0.250321
88.203,-0.250326
88.2188,-0.250327
88.2358,-0.250327
88.2526,-0.250327
88.2688,-0.25033
88.2859,-0.250332
88.3024,-0.250335
88.3188,-0.250336
88.3358,-0.250334
88.353,-0.250334
88.369,-0.25033
88.3867,-0.250328
88.4033,-0.250325
88.4195,-0.250323
88.4362,-0.25032
88.4517,-0.250313
88.47,-0.250299
88.4868,-0.25028
88.5033,-0.250271
88.5194,-0.250262
88.5353,-0.250251
88.5524,-0.250238
88.5698,-0.250235
88.5862,-0.250233
88.6026,-0.250232
88.6187,-0.250244
88.6363,-0.250255
88.6529,-0.250265
88.669,-0.250264
88.6856,-0.250269
88.7031,-0.250269
88.7192,-0.250269
88.7365,-0.250271
88.7528,-0.250267
88.7688,-0.250268
88.7862,-0.250271
88.8032,-0.250285
88.8192,-0.250302
88.8357,-0.25032
88.8534,-0.250325
88.869,-0.250338
88.8859,-0.250338
88.9039,-0.250336
88.9199,-0.250324
88.9362,-0.250309
88.9533,-0.250297
88.9692,-0.250282
88.986,-0.250267
89.0027,-0.250263
89.0194,-0.250266
89.0361,-0.250264
89.0524,-0.250261
89.0693,-0.250255
89.0858,-0.250257
89.1039,-0.250255
89.1189,-0.250252
89.1361,-0.250242
89.1521,-0.250237
89.1694,-0.250231
89.186,-0.25022
89.203,-0.250217
89.2182,-0.250217
89.2361,-0.250212
89.253,-0.250209
89.2692,-0.250208
89.2861,-0.250209
89.3027,-0.250207
89.3191,-0.250201
89.3361,-0.250195
89.3519,-0.250194
89.3695,-0.250197
89.3857,-0.250203
89.4028,-0.250212
89.4194,-0.250226
89.4361,-0.250246
89.453,-0.250261
89.4693,-0.250269
89.4853,-0.250267
89.5025,-0.250267
89.5195,-0.250263
89.5364,-0.250255
89.5525,-0.250257
89.5696,-0.250254
89.5866,-0.250241
89.6033,-0.250231
89.6193,-0.250226
89.6356,-0.250221
89.6517,-0.25022
89.6686,-0.250218
89.6862,-0.250218
89.7026,-0.25022
89.7194,-0.250224
89.7359,-0.25023
89.7526,-0.250229
89.7692,-0.250221
89.7863,-0.250214
89.8028,-0.250208
89.82,-0.250201
89.8367,-0.25019
89.8522,-0.250185
89.8697,-0.250182
89.8861,-0.250183
89.9029,-0.250181
89.9184,-0.250178
89.9354,-0.250177
89.9529,-0.250177
89.9698,-0.250184
89.9858,-0.250197
90.0028,-0.250207
90.0199,-0.250214
90.0365,-0.250229
90.0527,-0.250242
90.0704,-0.25026
90.0867,-0.250271
90.1032,-0.250277
90.1203,-0.250282
90.1373,-0.250278
90.1532,-0.250274
90.17,-0.25027
90.1859,-0.250265
90.2037,-0.250254
90.2194,-0.250248
90.2367,-0.250247
90.2532,-0.250254
90.2697,-0.250268
90.2863,-0.250278
90.3042,-0.250289
90.3209,-0.250296
90.3369,-0.250307
90.3538,-0.250318
90.3698,-0.250328
90.3867,-0.250332
90.4037,-0.250334
90.4212,-0.250331
90.4377,-0.250325
90.4534,-0.25032
90.4706,-0.250316
90.487,-0.250318
90.503,-0.250316
90.5201,-0.250317
90.5368,-0.25032
90.554,-0.250322
90.5706,-0.250326
90.5875,-0.250333
90.6041,-0.250342
90.6205,-0.250351
90.6368,-0.250357
90.6535,-0.250362
90.6695,-0.250364
90.687,-0.250366
90.7036,-0.25037
90.7207,-0.250369
90.7373,-0.250364
90.7534,-0.250363
90.77,-0.250363
90.7868,-0.250367
90.8031,-0.250373
90.82,-0.250383
90.837,-0.250398
90.8533,-0.250405
90.8701,-0.250418
90.887,-0.250431
90.9039,-0.25044
90.9204,-0.250443
90.9363,-0.250444
90.9544,-0.250441
90.9702,-0.250429
90.9884,-0.250418
91.0034,-0.250409
91.02,-0.2504
91.0358,-0.250395
91.0529,-0.250387
91.0699,-0.250379
91.0867,-0.250387
91.1037,-0.250396
91.1192,-0.250402
91.1362,-0.25041
91.1532,-0.250418
91.1706,-0.250424
91.1871,-0.250426
91.2038,-0.250431
91.2201,-0.250439
91.2366,-0.250447
91.2536,-0.250445
91.2698,-0.250444
91.2877,-0.250439
91.3043,-0.250437
91.3209,-0.250431
91.3367,-0.250428
91.3531,-0.250428
91.3705,-0.250418
91.3873,-0.250411
91.403,-0.25041
91.4206,-0.250413
91.4372,-0.250416
91.4529,-0.250419
91.4708,-0.250426
91.4872,-0.250432
91.5035,-0.250445
91.5202,-0.250453
91.5372,-0.250461
91.554,-0.250469
91.5707,-0.250479
91.5875,-0.250482
91.6039,-0.250487
91.6208,-0.250489
91.638,-0.250488
91.6539,-0.250487
91.6706,-0.250489
91.688,-0.250493
91.7042,-0.250489
91.7202,-0.250478
91.7376,-0.25047
91.7537,-0.250465
91.7708,-0.25045
91.7879,-0.250435
91.8037,-0.25043
91.8202,-0.250427
91.8375,-0.25043
91.8536,-0.250434
91.8703,-0.250446
91.8874,-0.250459
91.9033,-0.25047
91.9202,-0.250481
91.9374,-0.25049
91.9542,-0.250494
91.9707,-0.250494
91.9869,-0.250495
92.0041,-0.250488
92.0209,-0.250484
92.0377,-0.250484
92.0542,-0.250487
92.0706,-0.250491
92.087,-0.250491
92.1037,-0.250495
92.1212,-0.250499
92.1377,-0.250502
92.1539,-0.250512
92.1704,-0.250519
92.187,-0.250523
92.2042,-0.250521
92.2207,-0.250517
92.2386,-0.250513
92.2545,-0.250509
92.2707,-0.250497
92.288,-0.250487
92.3051,-0.250479
92.3212,-0.25047
92.3378,-0.250461
92.3545,-0.250457
92.3713,-0.250461
92.3878,-0.250459
92.404,-0.250457
92.421,-0.250458
92.4376,-0.250461
92.4548,-0.250459
92.4709,-0.250464
92.4876,-0.25047
92.5042,-0.250476
92.5219,-0.250471
92.5376,-0.250462
92.5549,-0.250462
92.5709,-0.25046
92.5884,-0.250455
92.6041,-0.250454
92.6208,-0.250455
92.6383,-0.250458
92.6546,-0.250469
92.671,-0.250471
92.6877,-0.250475
92.7042,-0.25048
92.721,-0.250485
92.7384,-0.250484
92.7542,-0.250479
92.7709,-0.250481
92.7876,-0.250482
92.8057,-0.250477
92.8211,-0.250485
92.8379,-0.250495
92.8542,-0.25049
92.8713,-0.250483
92.8883,-0.250482
92.9051,-0.250482
92.9216,-0.250482
92.9378,-0.250488
92.9553,-0.250495
92.9727,-0.250503
92.9878,-0.250512
93.0046,-0.250516
93.0218,-0.250514
93.0386,-0.250513
93.0545,-0.250515
93.0716,-0.250512
93.088,-0.250509
93.1049,-0.250517
93.1216,-0.250523
93.1382,-0.250531
93.1549,-0.250533
93.1724,-0.250534
93.1887,-0.250538
93.2048,-0.250541
93.2212,-0.250541
93.2382,-0.250539
93.255,-0.250527
93.2717,-0.25052
93.2885,-0.250523
93.3054,-0.250529
93.3219,-0.250536
93.3377,-0.250542
93.3554,-0.250536
93.3715,-0.250534
93.3887,-0.25053
93.4047,-0.250529
93.4209,-0.250534
93.4375,-0.250537
93.4551,-0.250536
93.4711,-0.250544
93.4879,-0.250557
93.5045,-0.250567
93.521,-0.250572
93.5383,-0.250574
93.5553,-0.250575
93.5718,-0.250578
93.5882,-0.25058
93.6047,-0.250581
93.6218,-0.250589
93.6383,-0.250596
93.6549,-0.250601
93.672,-0.250604
93.6885,-0.250608
93.705,-0.250616
93.7215,-0.250629
93.7384,-0.250638
93.7548,-0.250647
93.7724,-0.250648
93.7889,-0.250648
93.8044,-0.25065
93.8221,-0.250653
93.8395,-0.250647
93.8552,-0.250631
93.871,-0.250629
93.8886,-0.250631
93.9055,-0.250632
93.921,-0.250632
93.9387,-0.250631
93.9548,-0.250628
93.9718,-0.25063
93.9879,-0.250634
94.0046,-0.250636
94.0216,-0.250634
94.0388,-0.250627
94.0552,-0.250618
94.0719,-0.250611
94.0888,-0.250605
94.1055,-0.250597
94.1217,-0.250586
94.1376,-0.25058
94.1546,-0.25058
94.172,-0.250584
94.1879,-0.250588
94.2051,-0.250594
94.2216,-0.2506
94.2388,-0.250602
94.2557,-0.250607
94.2715,-0.250607
94.2886,-0.250607
94.3051,-0.250606
94.3216,-0.250607
94.3385,-0.250614
94.356,-0.25062
94.3722,-0.250621
94.3885,-0.250623
94.4052,-0.250622
94.4221,-0.250623
94.4378,-0.250621
94.4546,-0.250609
94.4718,-0.250604
94.4874,-0.250596
94.5054,-0.250584
94.5217,-0.250576
94.5379,-0.250574
94.5553,-0.250569
94.5721,-0.250567
94.5891,-0.250564
94.6052,-0.25057
94.6219,-0.250585
94.6395,-0.250589
94.6551,-0.250598
94.6717,-0.250614
94.6888,-0.250622
94.7055,-0.25063
94.7226,-0.250638
94.7389,-0.250644
94.7561,-0.25065
94.7719,-0.250653
94.7889,-0.250655
94.8061,-0.250659
94.8222,-0.250659
94.8389,-0.250657
94.8554,-0.25065
94.8719,-0.250641
94.889,-0.250628
94.9058,-0.25063
94.9216,-0.250622
94.9386,-0.250618
94.955,-0.250618
94.972,-0.250618
94.9899,-0.250622
95.0046,-0.250627
95.0223,-0.250633
95.0384,-0.250635
95.0557,-0.250642
95.0726,-0.250649
95.0888,-0.25066
95.105,-0.250662
95.1223,-0.250659
95.1376,-0.250651
95.1562,-0.250641
95.1716,-0.250634
95.1886,-0.250631
95.2044,-0.250626
95.2218,-0.250632
95.2383,-0.250645
95.2556,-0.250665
95.2717,-0.250689
95.2881,-0.250712
95.3054,-0.250732
95.3224,-0.250755
95.3382,-0.250772
95.356,-0.250787
95.3715,-0.250799
95.389,-0.25081
95.4054,-0.250818
95.4222,-0.250822
95.4392,-0.250828
95.4555,-0.250827
95.4724,-0.250829
95.4885,-0.250826
95.5051,-0.250826
95.5224,-0.25083
95.5377,-0.250832
95.5555,-0.25083
95.5722,-0.250831
95.5884,-0.250845
95.6053,-0.250857
95.6226,-0.250869
95.6395,-0.25087
95.6554,-0.250872
95.6725,-0.250875
95.6893,-0.250875
95.7057,-0.250875
95.722,-0.250881
95.7386,-0.250888
95.756,-0.250893
95.7719,-0.250901
95.7884,-0.250906
95.8053,-0.250914
95.8224,-0.250918
95.8404,-0.250915
95.8563,-0.250913
95.8731,-0.250909
95.8891,-0.250907
95.906,-0.250908
95.9219,-0.25091
95.939,-0.250919
95.9556,-0.250931
95.9726,-0.250947
95.9895,-0.250964
96.0057,-0.250986
96.0235,-0.251004
96.0387,-0.251012
96.0564,-0.251017
96.073,-0.251019
96.0895,-0.251018
96.1063,-0.251011
96.1223,-0.251004
96.1393,-0.250994
96.155,-0.250993
96.1725,-0.250996
96.1901,-0.251009
96.2064,-0.251028
96.2232,-0.251044
96.2399,-0.251062
96.2554,-0.251078
96.2737,-0.251094
96.2895,-0.251111
96.3069,-0.251125
96.3238,-0.251132
96.3402,-0.251137
96.3572,-0.251132
96.3735,-0.25113
96.3897,-0.251124
96.4064,-0.251123
96.4232,-0.251127
96.4398,-0.251135
96.4561,-0.251148
96.4734,-0.251164
96.4904,-0.251181
96.5066,-0.251199
96.5229,-0.251217
96.5401,-0.251233
96.5563,-0.251246
96.5731,-0.251256
96.5909,-0.25126
96.6073,-0.251256
96.6234,-0.251252
96.6397,-0.251254
96.657,-0.251257
96.6747,-0.251258
96.6896,-0.251268
96.7067,-0.251287
96.7241,-0.251308
96.7398,-0.251329
96.7571,-0.251347
96.7742,-0.25136
96.7899,-0.251367
96.8066,-0.251365
96.8239,-0.251369
96.8397,-0.251362
96.8561,-0.251361
96.8734,-0.251361
96.8901,-0.251363
96.9063,-0.251362
96.9228,-0.251359
96.9404,-0.251356
96.9565,-0.251361
96.9729,-0.25137
96.9898,-0.251377
97.0061,-0.251388
97.0233,-0.251395
97.0398,-0.251405
97.0572,-0.25141
97.0736,-0.251424
97.0898,-0.251434
97.107,-0.251439
97.1234,-0.251444
97.1399,-0.251459
97.1571,-0.251472
97.1736,-0.251478
97.1906,-0.251485
97.2068,-0.251494
97.2237,-0.251498
97.2402,-0.251496
97.2577,-0.251495
97.2737,-0.251497
97.2907,-0.2515
97.3067,-0.251506
97.3238,-0.251514
97.3398,-0.251517
97.3569,-0.251522
97.3736,-0.251524
97.39,-0.251527
97.4078,-0.251527
97.4236,-0.251533
97.4408,-0.25154
97.4574,-0.251552
97.4736,-0.251563
97.4907,-0.251571
97.5066,-0.251585
97.5236,-0.251595
97.5408,-0.251604
97.5568,-0.251613
97.5737,-0.251617
97.5909,-0.251619
97.6071,-0.251622
97.6231,-0.251629
97.6402,-0.251632
97.6568,-0.251631
97.6743,-0.251628
97.6907,-0.251632
97.7076,-0.251635
97.7232,-0.25164
97.7412,-0.251646
97.7571,-0.251656
97.7739,-0.25167
97.7902,-0.251683
97.8074,-0.251694
97.8239,-0.251695
97.8399,-0.251694
97.8579,-0.251696
97.874,-0.251691
97.8898,-0.251689
97.9064,-0.251694
97.9232,-0.251699
97.9405,-0.251702
97.9566,-0.251713
97.9736,-0.251731
97.9904,-0.251741
98.0069,-0.25175
98.0248,-0.251762
98.0403,-0.251783
98.0575,-0.251801
98.0737,-0.251817
98.0908,-0.251829
98.1085,-0.251836
98.1243,-0.251843
98.1399,-0.251849
98.1576,-0.25185
98.174,-0.251841
98.1909,-0.251835
98.2082,-0.251833
98.2246,-0.251836
98.2414,-0.251832
98.2569,-0.251827
98.2737,-0.251821
98.2908,-0.25182
98.3066,-0.251825
98.3238,-0.251831
98.3402,-0.25184
98.357,-0.251847
98.3742,-0.251851
98.3912,-0.251863
98.407,-0.251874
98.4245,-0.251873
98.4402,-0.251868
98.4568,-0.25186
98.4737,-0.251854
98.4903,-0.25185
98.5061,-0.251843
98.5238,-0.25184
98.5401,-0.251842
98.5574,-0.251851
98.5741,-0.25187
98.5904,-0.251888
98.6077,-0.251901
98.6239,-0.251913
98.6402,-0.25192
98.658,-0.25193
98.6738,-0.251941
98.6909,-0.251938
98.7066,-0.251927
98.7248,-0.251912
98.7411,-0.251907
98.757,-0.251901
98.7738,-0.251902
98.7902,-0.251911
98.8072,-0.251921
98.8241,-0.251938
98.8409,-0.251958
98.8577,-0.251973
98.8742,-0.25198
98.8913,-0.251989
98.9083,-0.251991
98.9247,-0.251987
98.9402,-0.251986
98.9578,-0.251985
98.9742,-0.25199
98.9913,-0.251995
99.0077,-0.252001
99.0246,-0.252006
99.0406,-0.252007
99.0579,-0.252009
99.0746,-0.252017
99.0908,-0.252022
99.1079,-0.252024
99.1235,-0.25203
99.1405,-0.252034
99.1577,-0.252043
99.1743,-0.252058
99.1907,-0.25207
99.2074,-0.252082
99.2246,-0.252089
99.2418,-0.252093
99.2573,-0.252101
99.2743,-0.252103
99.2922,-0.252097
99.3077,-0.252092
99.3244,-0.252079
99.3417,-0.252071
99.358,-0.252067
99.3742,-0.25206
99.3913,-0.252057
99.407,-0.252061
99.4236,-0.25207
99.4411,-0.252082
99.458,-0.252102
99.4739,-0.252113
99.4908,-0.252122
99.5077,-0.252124
99.5247,-0.252127
99.5415,-0.252132
99.5567,-0.25214
99.574,-0.252148
99.5906,-0.252157
99.607,-0.252167
99.6241,-0.252182
99.6413,-0.2522
99.6578,-0.252213
99.6746,-0.252226
99.6905,-0.252235
99.7083,-0.252245
99.7244,-0.252256
99.7413,-0.252262
99.7587,-0.252266
99.7738,-0.252276
99.7913,-0.25228
99.8083,-0.252287
99.8241,-0.252291
99.8416,-0.252297
99.8584,-0.252304
99.874,-0.252305
99.8913,-0.252308
99.908,-0.252312
99.9246,-0.252316
99.9409,-0.252314
99.9572,-0.252315
99.9746,-0.252311
99.9912,-0.252306
100.0072,-0.252303
100.0241,-0.252303
100.0408,-0.252307
100.058,-0.252303
100.0741,-0.252308
100.0909,-0.252316
100.1075,-0.252326
100.124,-0.252342
100.1405,-0.252354
100.1578,-0.252366
100.1744,-0.25238
100.1908,-0.252395
100.2072,-0.252407
100.2243,-0.252415
100.2405,-0.252419
100.2581,-0.252426
100.2744,-0.252427
100.291,-0.252425
100.3075,-0.252417
100.3246,-0.252417
100.3412,-0.252417
100.3574,-0.252421
100.3737,-0.252432
100.3908,-0.252446
100.4075,-0.252459
100.4237,-0.252468
100.441,-0.252478
100.4583,-0.252485
100.4742,-0.252488
100.4913,-0.252487
100.5072,-0.252486
100.5241,-0.252487
100.5416,-0.25249
100.5589,-0.252495
100.5746,-0.252497
100.5911,-0.252506
100.6075,-0.252517
100.6251,-0.252523
100.641,-0.252526
100.6579,-0.252528
100.6749,-0.252523
100.6918,-0.252522
100.708,-0.252522
100.7249,-0.252523
100.7417,-0.252518
100.7576,-0.252516
100.7743,-0.252513
100.7913,-0.252514
100.8082,-0.252517
100.8245,-0.252518
100.8411,-0.252518
100.8578,-0.252518
100.8742,-0.252525
100.8922,-0.252527
100.9087,-0.252534
100.9248,-0.252545
100.9417,-0.252556
100.9574,-0.252558
100.9749,-0.252548
100.9928,-0.252536
101.0087,-0.252528
101.0248,-0.252516
101.0409,-0.252508
101.058,-0.252507
101.0751,-0.252505
101.0907,-0.252509
101.1069,-0.252521
101.1244,-0.252534
101.1412,-0.252545
101.1583,-0.25256
101.1748,-0.252575
101.1909,-0.252598
101.2091,-0.252614
101.2251,-0.252629
101.2414,-0.252636
101.2583,-0.252643
101.2748,-0.252644
101.2917,-0.252643
101.3077,-0.252642
101.3243,-0.252638
101.3411,-0.252639
101.3574,-0.25264
101.3751,-0.252645
101.3911,-0.252655
101.4076,-0.25267
101.4249,-0.252683
101.4415,-0.252693
101.4574,-0.252703
101.4756,-0.252711
101.4919,-0.252724
101.5083,-0.252737
101.5248,-0.252747
101.5413,-0.252761
101.558,-0.25277
101.5754,-0.252779
101.591,-0.252786
101.6077,-0.252796
101.6249,-0.252809
101.6417,-0.252819
101.6576,-0.252833
101.6749,-0.252845
101.691,-0.252855
101.7078,-0.252862
101.7246,-0.252868
101.7416,-0.252879
101.7588,-0.252888
101.7751,-0.252901
101.7911,-0.252908
101.8088,-0.252914
101.8251,-0.252918
101.8419,-0.252925
101.8589,-0.25293
101.875,-0.252936
101.8916,-0.252941
101.9085,-0.252944
101.9251,-0.252951
101.9422,-0.252961
101.9583,-0.252973
101.9747,-0.252989
101.9915,-0.252997
102.0083,-0.253
102.0256,-0.252996
102.0415,-0.252986
102.0589,-0.25298
102.075,-0.252974
102.0918,-0.252969
102.1075,-0.252969
102.1248,-0.252975
102.1421,-0.252983
102.1577,-0.252995
102.1747,-0.253011
102.1913,-0.253023
102.2076,-0.253028
102.2248,-0.253033
102.2425,-0.253045
102.2585,-0.25306
102.2748,-0.253077
102.2922,-0.253095
102.3079,-0.253111
102.3251,-0.253124
102.3419,-0.253134
102.3584,-0.253145
102.3752,-0.253154
102.3919,-0.253169
102.4089,-0.25318
102.4254,-0.253186
102.4421,-0.253189
102.4583,-0.25319
102.4749,-0.253191
102.4911,-0.253189
102.5085,-0.253189
102.5253,-0.253191
102.5415,-0.253194
102.559,-0.253205
102.5747,-0.253222
102.5917,-0.253236
102.6085,-0.25325
102.625,-0.253269
102.6412,-0.253292
102.6585,-0.253314
102.6752,-0.253328
102.6917,-0.253331
102.7086,-0.253338
102.7255,-0.253351
102.7423,-0.253363
102.7581,-0.253374
102.7746,-0.253386
102.7919,-0.253402
102.8088,-0.253418
102.8252,-0.253431
102.8412,-0.253448
102.8582,-0.253456
102.8756,-0.253455
102.8923,-0.253446
102.9087,-0.253445
102.9246,-0.253445
102.9415,-0.253444
102.9577,-0.253448
102.9739,-0.253455
102.9918,-0.253469
103.0079,-0.253495
103.0249,-0.25352
103.0412,-0.253546
103.0585,-0.253563
103.0751,-0.253576
103.092,-0.25358
103.1088,-0.253585
103.1248,-0.253594
103.141,-0.2536
103.1576,-0.253605
103.1747,-0.253607
103.1916,-0.253609
103.2078,-0.253614
103.2244,-0.253611
103.2422,-0.253605
103.2586,-0.253608
103.2753,-0.253612
103.2908,-0.253622
103.3082,-0.253631
103.3248,-0.253647
103.3418,-0.253666
103.3586,-0.253682
103.3756,-0.253698
103.391,-0.253712
103.4084,-0.253721
103.4248,-0.253722
103.4416,-0.253727
103.4585,-0.253728
103.4757,-0.253731
103.4924,-0.253735
103.5084,-0.253743
103.5253,-0.253748
103.5415,-0.253747
103.559,-0.253741
103.5759,-0.25374
103.5921,-0.253738
103.6088,-0.253739
103.6255,-0.253735
103.6421,-0.253733
103.6586,-0.253736
103.6755,-0.253749
103.692,-0.253766
103.7086,-0.253778
103.7255,-0.253788
103.7424,-0.253792
103.7594,-0.253802
103.7756,-0.25382
103.7923,-0.253832
103.8087,-0.253838
103.8257,-0.253846
103.8437,-0.253855
103.8593,-0.253865
103.876,-0.253881
103.8929,-0.253902
103.9102,-0.25392
103.9263,-0.253937
103.9423,-0.25395
103.9587,-0.253966
103.977,-0.253984
103.993,-0.254004
104.0098,-0.254016
104.0265,-0.254019
104.0432,-0.25402
104.0604,-0.254017
104.0769,-0.254016
104.0932,-0.254011
104.1103,-0.25401
104.1264,-0.254005
104.1425,-0.254005
104.1598,-0.254012
104.176,-0.254022
104.1936,-0.254027
104.2099,-0.254037
104.2273,-0.254052
104.2436,-0.254064
104.2601,-0.254076
104.276,-0.254081
104.2929,-0.254087
104.3097,-0.254094
104.3271,-0.254103
104.343,-0.254111
104.3599,-0.254118
104.3764,-0.254123
104.3937,-0.254125
104.4096,-0.254126
104.4269,-0.254129
104.4431,-0.254135
104.4599,-0.254143
104.4767,-0.254158
104.4925,-0.254178
104.5102,-0.254199
104.5272,-0.254219
104.5434,-0.254234
104.5606,-0.254253
104.5774,-0.254268
104.5933,-0.254276
104.61,-0.254287
104.6263,-0.254298
104.6437,-0.254313
104.6607,-0.254325
104.6759,-0.25434
104.6935,-0.254354
104.7107,-0.254369
104.7271,-0.254381
104.7428,-0.254395
104.76,-0.254409
104.7774,-0.254417
104.7942,-0.254426
104.81,-0.254433
104.8267,-0.254439
104.8434,-0.254443
104.8597,-0.254443
104.8765,-0.254444
104.8936,-0.254455
104.9098,-0.254471
104.9267,-0.254492
104.9433,-0.254518
104.9601,-0.254536
104.9772,-0.254548
104.9939,-0.254558
105.0102,-0.254565
105.0265,-0.254574
105.043,-0.254581
105.0595,-0.254586
105.0763,-0.254588
105.0922,-0.25459
105.1097,-0.254592
105.1263,-0.254593
105.1432,-0.254601
105.1595,-0.254611
105.1762,-0.254622
105.1934,-0.254636
105.21,-0.254647
105.2274,-0.25466
105.2437,-0.254679
105.2598,-0.25469
105.277,-0.254697
105.293,-0.254708
105.309,-0.254709
105.3263,-0.254718
105.3429,-0.254728
105.3597,-0.254734
105.377,-0.254749
105.3928,-0.254765
105.41,-0.254773
105.4272,-0.254774
105.4434,-0.254774
105.4595,-0.254772
105.476,-0.254779
105.4927,-0.254783
105.5099,-0.254784
105.5264,-0.254783
105.5426,-0.254787
105.5608,-0.254802
105.5772,-0.254818
105.5933,-0.254832
105.6102,-0.254847
105.6269,-0.254852
105.6439,-0.254855
105.6601,-0.254859
105.6777,-0.254869
105.6935,-0.254877
105.7098,-0.254883
105.7276,-0.254884
105.7431,-0.254885
105.7603,-0.254892
105.7775,-0.254902
105.7936,-0.254917
105.8103,-0.254928
105.8268,-0.254936
105.8435,-0.254947
105.8604,-0.254954
105.8769,-0.254962
105.8937,-0.254973
105.9103,-0.254987
105.927,-0.254997
105.9437,-0.254997
105.9599,-0.255008
105.9779,-0.255024
105.9942,-0.255033
106.0102,-0.255036
106.0278,-0.255041
106.0435,-0.255048
106.061,-0.255055
106.0761,-0.255065
106.0938,-0.255078
106.1109,-0.255091
106.1275,-0.255104
106.1441,-0.255113
106.1607,-0.255124
106.1776,-0.255133
106.1948,-0.255144
106.2107,-0.255154
106.2276,-0.255166
106.2442,-0.255182
106.2607,-0.255199
106.278,-0.255214
106.2937,-0.25523
106.3109,-0.255239
106.3281,-0.255244
106.3441,-0.255244
106.3605,-0.255242
106.3776,-0.255246
106.394,-0.255246
106.411,-0.255241
106.4274,-0.255249
106.4443,-0.255255
106.4611,-0.255268
106.4779,-0.255285
106.494,-0.2553
106.5112,-0.255312
106.5278,-0.255325
106.5442,-0.255334
106.5614,-0.255344
106.5783,-0.255353
106.5946,-0.255364
106.6111,-0.255375
106.6277,-0.255384
106.6441,-0.255394
106.6606,-0.2554
106.6779,-0.255409
106.6946,-0.255414
106.7107,-0.25542
106.7284,-0.255425
106.7447,-0.255429
106.761,-0.255436
106.7775,-0.255445
106.794,-0.255445
106.8108,-0.25545
106.8283,-0.255458
106.8438,-0.25547
106.8608,-0.255488
106.877,-0.255516
106.8945,-0.255534
106.9111,-0.255556
106.9267,-0.255582
106.9446,-0.255605
106.9614,-0.255619
106.9773,-0.255623
106.995,-0.255625
107.0115,-0.255625
107.0281,-0.255621
107.0439,-0.25561
107.0606,-0.255603
107.0781,-0.255596
107.0942,-0.255593
107.1102,-0.255595
107.1267,-0.2556
107.144,-0.255608
107.1609,-0.255618
107.1781,-0.255629
107.1946,-0.255641
107.2103,-0.255655
107.2279,-0.255671
107.2443,-0.255681
107.2607,-0.255691
107.2777,-0.255694
107.2947,-0.255699
107.3111,-0.2557
107.3272,-0.255697
107.3445,-0.255694
107.3614,-0.255699
107.3784,-0.255697
107.3947,-0.255695
107.4118,-0.255693
107.4276,-0.255685
107.445,-0.255689
107.4608,-0.255691
107.4778,-0.2557
107.494,-0.255716
107.5116,-0.255728
107.5285,-0.255735
107.5448,-0.255745
107.5618,-0.255747
107.5787,-0.255751
107.5951,-0.255741
107.6106,-0.255731
107.6284,-0.25572
107.6447,-0.255715
107.6609,-0.255722
107.678,-0.255733
107.6946,-0.255748
107.7112,-0.255761
107.7281,-0.255777
107.7445,-0.255793
107.7607,-0.255803
107.7779,-0.25581
107.7946,-0.255815
107.811,-0.255818
107.8272,-0.255824
107.845,-0.255831
107.8613,-0.255841
107.8775,-0.255856
107.8946,-0.255862
107.9112,-0.255871
107.9283,-0.255881
107.945,-0.255888
107.9619,-0.255895
107.9774,-0.255903
107.9949,-0.255913
108.0122,-0.255917
108.0284,-0.255926
108.0452,-0.25594
108.0621,-0.255951
108.0788,-0.255956
108.0952,-0.255954
108.1129,-0.25595
108.1292,-0.255947
108.1445,-0.255946
108.1622,-0.255942
108.1778,-0.255945
108.1946,-0.25595
108.212,-0.255961
108.2293,-0.25598
108.2441,-0.256001
108.2626,-0.256029
108.2789,-0.256053
108.2948,-0.256071
108.3116,-0.256086
108.3289,-0.256098
108.3456,-0.256101
108.3623,-0.256103
108.3793,-0.2561
108.3959,-0.256099
108.412,-0.256104
108.4282,-0.256103
108.4449,-0.256114
108.4621,-0.256127
108.4791,-0.256138
108.4955,-0.256144
108.5117,-0.256151
108.5289,-0.256151
108.545,-0.256154
108.5626,-0.256158
108.579,-0.25617
108.5952,-0.256183
108.6117,-0.256193
108.6286,-0.256207
108.6453,-0.256222
108.6624,-0.25624
108.6789,-0.256253
108.6951,-0.256265
108.7124,-0.256278
108.7297,-0.256286
108.7456,-0.256294
108.7617,-0.256301
108.778,-0.256316
108.7943,-0.256333
108.8117,-0.256352
108.829,-0.256372
108.8449,-0.256387
108.8618,-0.256403
108.8787,-0.256413
108.8958,-0.256421
108.9117,-0.256423
108.9277,-0.256418
108.9456,-0.25641
108.962,-0.25641
108.9792,-0.256419
108.9959,-0.256435
109.012,-0.256453
109.0283,-0.256471
109.0455,-0.25649
109.0627,-0.256505
109.0792,-0.256524
109.0952,-0.256536
109.1119,-0.256544
109.1289,-0.256539
109.1458,-0.256535
109.1626,-0.256534
109.1788,-0.256544
109.1957,-0.256552
109.2118,-0.256556
109.2292,-0.256566
109.2452,-0.256576
109.2624,-0.256586
109.2789,-0.2566
109.2954,-0.256609
109.312,-0.256619
109.3292,-0.256627
109.3448,-0.256634
109.3623,-0.256646
109.3786,-0.256657
109.3963,-0.256674
109.4127,-0.256683
109.4287,-0.256698
109.4459,-0.256715
109.4619,-0.256732
109.4791,-0.256743
109.4945,-0.25676
109.5117,-0.256777
109.5296,-0.256796
109.545,-0.256814
109.563,-0.256827
109.5796,-0.256838
109.5957,-0.256846
109.6124,-0.256843
109.6288,-0.256846
109.6456,-0.256843
109.6625,-0.256839
109.6788,-0.25684
109.6957,-0.256841
109.7128,-0.256846
109.7296,-0.256849
109.7453,-0.256855
109.7628,-0.256856
109.7789,-0.256857
109.7965,-0.256856
109.8121,-0.256863
109.8283,-0.256882
109.8451,-0.256896
109.862,-0.256906
109.8788,-0.256915
109.8964,-0.256923
109.9132,-0.256928
109.929,-0.256936
109.9445,-0.256936
109.9619,-0.256932
109.9794,-0.256935
109.9959,-0.256943
110.0124,-0.256957
110.0288,-0.256971
110.045,-0.256983
110.0627,-0.256991
110.0784,-0.257002
110.0953,-0.257011
110.1119,-0.257017
110.1285,-0.257022
110.1451,-0.257024
110.1618,-0.257022
110.1785,-0.257028
110.1953,-0.257036
110.2129,-0.257049
110.2298,-0.257059
110.245,-0.257073
110.2617,-0.257099
110.2784,-0.257121
110.2961,-0.257138
110.312,-0.257159
110.3294,-0.257177
110.3458,-0.257187
110.3622,-0.257193
110.3792,-0.257193
110.396,-0.257191
110.4123,-0.257193
110.4288,-0.257196
110.4458,-0.257204
110.4623,-0.257208
110.4781,-0.25721
110.4954,-0.257213
110.5118,-0.257216
110.5295,-0.25722
110.5462,-0.257233
110.5619,-0.257246
110.5787,-0.257257
110.5944,-0.257272
110.6124,-0.257283
110.6289,-0.257294
110.6454,-0.257308
110.6623,-0.257314
110.6799,-0.257317
110.6948,-0.257314
110.7121,-0.25732
110.7298,-0.25733
110.7451,-0.257341
110.7625,-0.257346
110.7784,-0.257359
110.7951,-0.257369
110.8123,-0.257378
110.8291,-0.257394
110.8449,-0.257397
110.8632,-0.257396
110.8796,-0.2574
110.8962,-0.257401
110.9128,-0.257402
110.9287,-0.257405
110.9463,-0.257409
110.9626,-0.257422
110.9785,-0.257441
110.9962,-0.257464
111.013,-0.257487
111.0288,-0.257502
111.0466,-0.257516
111.0631,-0.257529
111.0805,-0.257535
111.0957,-0.257537
111.1129,-0.257533
111.1292,-0.257531
111.1465,-0.257531
111.1626,-0.257532
111.1797,-0.257538
111.1954,-0.257527
111.2122,-0.257517
111.2291,-0.257506
111.2466,-0.257507
111.2635,-0.257507
111.2791,-0.25751
111.2956,-0.257518
111.3129,-0.257524
111.3302,-0.257532
111.3462,-0.257547
111.3629,-0.257564
111.3801,-0.257574
111.3975,-0.257586
111.4136,-0.257589
111.43,-0.257593
111.4467,-0.257595
111.4635,-0.257599
111.4803,-0.257613
111.4965,-0.257631
111.5135,-0.257639
111.5304,-0.257648
111.5464,-0.257656
111.5647,-0.257662
111.5808,-0.257669
111.5964,-0.257668
111.614,-0.257677
111.6306,-0.257683
111.6474,-0.257701
111.664,-0.257719
111.6808,-0.257735
111.6974,-0.257746
111.7132,-0.257756
111.7313,-0.257767
111.7468,-0.25778
111.7633,-0.257788
111.7805,-0.257788
111.7971,-0.257792
111.8148,-0.257794
111.8317,-0.25781
111.8464,-0.257831
111.8644,-0.257845
111.8796,-0.257857
111.898,-0.257865
111.9139,-0.25787
111.9308,-0.257876
111.9466,-0.257883
111.964,-0.257893
111.9809,-0.257898
111.9971,-0.25791
112.0133,-0.257923
112.0311,-0.257945
112.0472,-0.257969
112.0643,-0.257996
112.0806,-0.258024
112.0974,-0.258045
112.1142,-0.258065
112.1304,-0.258082
112.1474,-0.2581
112.1636,-0.25811
112.1804,-0.258122
112.197,-0.258136
112.2141,-0.258148
112.2304,-0.258159
112.247,-0.258159
112.2644,-0.258164
112.2804,-0.258171
112.2973,-0.258181
112.3138,-0.258192
112.3296,-0.2582
112.3474,-0.258205
112.364,-0.258217
112.3805,-0.25823
112.3979,-0.258242
112.4135,-0.25826
112.4308,-0.258274
112.4477,-0.258289
112.464,-0.258304
112.4807,-0.25832
112.4977,-0.258338
112.5143,-0.258362
112.5307,-0.258383
112.5478,-0.2584
112.5653,-0.258412
112.5807,-0.258421
112.5974,-0.258429
112.6136,-0.258435
112.6308,-0.258447
112.647,-0.258457
112.6645,-0.258468
112.6814,-0.258476
112.6975,-0.25849
112.7149,-0.258503
112.7316,-0.258508
112.7476,-0.258514
112.7638,-0.258521
112.7808,-0.258533
112.7968,-0.258539
112.814,-0.258551
112.8316,-0.258569
112.848,-0.258585
112.8643,-0.258602
112.8803,-0.258624
112.8983,-0.258647
112.9151,-0.258657
112.9316,-0.258671
112.9481,-0.258688
112.9647,-0.2587
112.9812,-0.258708
112.9972,-0.258706
113.0141,-0.258707
113.0311,-0.25871
113.0475,-0.258722
113.0647,-0.258733
113.0806,-0.258748
113.0978,-0.258766
113.1137,-0.258786
113.1308,-0.258809
113.1475,-0.258829
113.1643,-0.258848
113.1808,-0.258862
113.1981,-0.258871
113.2139,-0.258876
113.2308,-0.258885
113.2473,-0.258897
113.2638,-0.258914
113.2811,-0.258922
113.2974,-0.258933
113.3145,-0.258939
113.3314,-0.258943
113.348,-0.25895
113.3641,-0.258957
113.381,-0.258967
113.3979,-0.258972
113.4136,-0.258983
113.431,-0.258994
113.448,-0.259014
113.4642,-0.259025
113.4814,-0.259041
113.4972,-0.259054
113.5141,-0.259059
113.5316,-0.259057
113.5477,-0.259055
113.5649,-0.259061
113.5806,-0.259069
113.5981,-0.259074
113.614,-0.259075
113.6319,-0.259077
113.6477,-0.259073
113.6639,-0.259074
113.681,-0.259077
113.6984,-0.259077
113.7143,-0.259078
113.7306,-0.259081
113.748,-0.259091
113.7656,-0.259101
113.7808,-0.25911
113.7981,-0.259123
113.8144,-0.259139
113.8318,-0.259141
113.849,-0.259138
113.8653,-0.259135
113.8808,-0.259133
113.8984,-0.259132
113.9138,-0.259129
113.9322,-0.259132
113.9486,-0.259139
113.9644,-0.259147
113.9817,-0.259149
113.9982,-0.259153
114.0145,-0.259156
114.0316,-0.259163
114.0481,-0.259175
114.0645,-0.25919
114.081,-0.259204
114.0994,-0.259215
114.1151,-0.259229
114.1317,-0.259246
114.1485,-0.259259
114.1652,-0.259268
114.1825,-0.259275
114.1985,-0.259283
114.2153,-0.259286
114.2317,-0.259296
114.2485,-0.259307
114.2653,-0.259327
114.2815,-0.259349
114.2989,-0.259368
114.3158,-0.259393
114.3326,-0.259413
114.349,-0.259441
114.3655,-0.259463
114.3816,-0.25948
114.3996,-0.259502
114.4155,-0.259519
114.4324,-0.259535
114.4494,-0.259545
114.4662,-0.259553
114.4826,-0.259559
114.4984,-0.259568
114.5154,-0.259578
114.5318,-0.259586
114.5489,-0.259595
114.5665,-0.259611
114.5822,-0.259626
114.5988,-0.259642
114.615,-0.259654
114.6318,-0.259662
114.6486,-0.259675
114.6658,-0.259681
114.682,-0.25968
114.6996,-0.259679
114.7161,-0.259684
114.7321,-0.259691
114.7484,-0.259711
114.7648,-0.259731
114.782,-0.259754
114.799,-0.259774
114.8154,-0.259794
114.8328,-0.259816
114.849,-0.259828
114.8648,-0.259834
114.882,-0.259839
114.8988,-0.259847
114.9155,-0.259856
114.9319,-0.259865
114.9487,-0.259881
114.9659,-0.259897
114.9821,-0.25991
114.9994,-0.259921
115.015,-0.259929
115.0321,-0.259937
115.0489,-0.259945
115.0663,-0.259959
115.0828,-0.259965
115.0992,-0.259983
115.1157,-0.260002
115.1318,-0.260017
115.1496,-0.260032
115.165,-0.260042
115.1825,-0.260053
115.1989,-0.260064
115.2156,-0.260081
115.2332,-0.260086
115.2491,-0.260099
115.2663,-0.260108
115.2825,-0.260119
115.2994,-0.260127
115.3151,-0.260134
115.3326,-0.260143
115.3484,-0.260157
115.366,-0.26017
115.3823,-0.26018
115.3983,-0.26019
115.4159,-0.260205
115.4321,-0.260214
115.4489,-0.260222
115.4648,-0.260229
115.4829,-0.260235
115.4989,-0.260237
115.5156,-0.260246
115.533,-0.260259
115.5485,-0.260274
115.5658,-0.260282
115.5824,-0.260287
115.5993,-0.260303
115.6161,-0.260318
115.6327,-0.260342
115.649,-0.260358
115.6649,-0.260375
115.6834,-0.26039
115.6992,-0.260401
115.7164,-0.260417
115.7319,-0.260424
115.7492,-0.260423
115.7662,-0.26042
115.7821,-0.260428
115.799,-0.260441
115.8154,-0.260452
115.8324,-0.260457
115.849,-0.260461
115.8656,-0.260467
115.8824,-0.26047
115.8983,-0.260483
115.9156,-0.260494
115.9324,-0.260503
115.9492,-0.260512
115.9658,-0.260527
115.9828,-0.260541
115.9996,-0.260546
116.0159,-0.260549
116.0336,-0.260555
116.0492,-0.260558
116.0659,-0.260563
116.0824,-0.260567
116.0995,-0.260573
116.1164,-0.260582
116.1331,-0.260591
116.1495,-0.260601
116.1651,-0.260616
116.1824,-0.260629
116.1991,-0.260643
116.2152,-0.260654
116.2323,-0.260663
116.2497,-0.260678
116.2656,-0.260685
116.2822,-0.260692
116.2989,-0.2607
116.3165,-0.260703
116.3331,-0.260707
116.3481,-0.260715
116.3656,-0.260724
116.3829,-0.260734
116.3999,-0.260745
116.4162,-0.260748
116.4318,-0.260749
116.449,-0.260748
116.4661,-0.260754
116.4823,-0.260763
116.4994,-0.26078
116.5155,-0.260796
116.533,-0.26081
116.5497,-0.260818
116.5655,-0.260829
116.5828,-0.260842
116.5987,-0.260852
116.6164,-0.260861
116.6333,-0.260871
116.6495,-0.260883
116.666,-0.260893
116.682,-0.260898
116.699,-0.260901
116.7162,-0.260907
116.7325,-0.260912
116.749,-0.260915
116.7654,-0.260927
116.7813,-0.260939
116.7992,-0.260957
116.8158,-0.260977
116.8319,-0.261001
116.8496,-0.261022
116.8656,-0.261036
116.8823,-0.261049
116.9,-0.261069
116.9165,-0.261087
116.9321,-0.261102
116.9489,-0.261117
116.9665,-0.261132
116.9828,-0.261142
116.9989,-0.261155
117.0163,-0.26117
117.0331,-0.261184
117.0502,-0.261192
117.0661,-0.261197
117.0828,-0.261196
117.1,-0.261196
117.1162,-0.261193
117.1314,-0.261186
117.1498,-0.261187
117.166,-0.261186
117.1829,-0.261189
117.199,-0.261196
117.2158,-0.261205
117.233,-0.261212
117.2488,-0.261219
117.2659,-0.261231
117.2828,-0.261247
117.2995,-0.261252
117.3158,-0.261253
117.3327,-0.26126
117.349,-0.261264
117.3663,-0.261276
117.3815,-0.26129
117.3994,-0.261304
117.416,-0.261316
117.4326,-0.261336
117.4489,-0.261358
117.465,-0.26138
117.4823,-0.261398
117.4995,-0.261418
117.5164,-0.261437
117.5329,-0.261461
117.5492,-0.261483
117.5661,-0.261497
117.583,-0.261509
117.6001,-0.261519
117.6162,-0.261519
117.633,-0.261518
117.6487,-0.261517
117.6663,-0.261515
117.6826,-0.26151
117.6982,-0.261514
117.7155,-0.261518
117.7331,-0.261529
117.7484,-0.26154
117.7648,-0.261551
117.7823,-0.261567
117.7986,-0.261578
117.8153,-0.261588
117.8321,-0.261599
117.8488,-0.26162
117.8654,-0.261635
117.883,-0.261648
117.8995,-0.261661
117.9156,-0.261677
117.9331,-0.261693
117.9493,-0.261706
117.9666,-0.261716
117.9833,-0.261725
117.9993,-0.261733
118.0161,-0.261738
118.0328,-0.261747
118.0499,-0.26176
118.0663,-0.261776
118.0824,-0.261782
118.0995,-0.261798
118.1166,-0.261811
118.1325,-0.261824
118.1494,-0.261837
118.1661,-0.261845
118.1825,-0.261856
118.1996,-0.261863
118.2165,-0.261872
118.2329,-0.261879
118.2487,-0.261882
118.2665,-0.261885
118.2821,-0.261889
118.2993,-0.261894
118.3164,-0.261896
118.333,-0.261897
118.3498,-0.261893
118.3663,-0.26189
118.3826,-0.261901
118.3992,-0.261912
118.4156,-0.261921
118.4329,-0.261925
118.4489,-0.261931
118.466,-0.261944
118.4828,-0.26196
118.4983,-0.261974
118.5161,-0.261991
118.5324,-0.262003
118.5494,-0.262015
118.5663,-0.26203
118.5822,-0.262043
118.5998,-0.262052
118.6158,-0.262061
118.6323,-0.26207
118.6494,-0.26208
118.6659,-0.26209
118.6824,-0.262099
118.6987,-0.262112
118.7161,-0.262123
118.7323,-0.26214
118.7488,-0.262156
118.766,-0.262171
118.7829,-0.262185
118.799,-0.262187
118.8168,-0.262185
118.8328,-0.262179
118.8496,-0.26217
118.8661,-0.262162
118.883,-0.262157
118.899,-0.26215
118.916,-0.262144
118.9323,-0.262138
118.9492,-0.262139
118.9658,-0.262153
118.9819,-0.26217
118.999,-0.26219
119.0158,-0.262207
119.0328,-0.262222
119.0497,-0.262238
119.066,-0.262261
119.0831,-0.262276
119.0992,-0.262286
119.1163,-0.262296
119.1326,-0.262304
119.1495,-0.26231
119.1661,-0.262319
119.1826,-0.262323
119.1989,-0.262323
119.2164,-0.26232
119.2321,-0.262318
119.25,-0.26232
119.2669,-0.262328
119.2832,-0.262343
119.299,-0.26236
119.3161,-0.262373
119.3329,-0.26238
119.3497,-0.262391
119.3669,-0.262404
119.3837,-0.262414
119.3999,-0.262423
119.4161,-0.262428
119.4336,-0.262435
119.4498,-0.262438
119.4665,-0.262444
119.4824,-0.26245
119.4999,-0.262463
119.516,-0.262472
119.5324,-0.262483
119.55,-0.262504
119.5666,-0.262526
119.5835,-0.26255
119.5999,-0.262571
119.6168,-0.262583
119.634,-0.262592
119.651,-0.262601
119.667,-0.26261
119.6837,-0.262618
119.7003,-0.262622
119.7173,-0.262624
119.7337,-0.262637
119.7499,-0.262657
119.7666,-0.262675
119.7828,-0.262691
119.7996,-0.262708
119.8171,-0.262724
119.8336,-0.262744
119.8501,-0.262767
119.8658,-0.262782
119.8839,-0.262795
119.9004,-0.2628
119.9169,-0.262803
119.9332,-0.262817
119.9496,-0.26283
119.9668,-0.262845
119.9832,-0.262858
119.9995,-0.262875
120.0166,-0.262893
120.0336,-0.262917
120.05,-0.26293
120.0667,-0.262933
120.0835,-0.262934
120.1005,-0.262936
120.1167,-0.262933
120.1328,-0.262934
120.1489,-0.262935
120.1665,-0.262938
120.1829,-0.262953
120.2003,-0.262969
120.216,-0.262986
120.2327,-0.263004
120.2494,-0.263016
120.2663,-0.263032
120.283,-0.263043
120.2997,-0.26305
120.316,-0.263061
120.3329,-0.263071
120.3494,-0.263072
120.3661,-0.263079
120.383,-0.263085
120.4007,-0.263092
120.4157,-0.263101
120.4326,-0.263115
120.4495,-0.263136
120.4662,-0.263149
120.4828,-0.263164
120.5004,-0.263181
120.5172,-0.263191
120.5332,-0.263195
120.5491,-0.263198
120.5667,-0.263208
120.5832,-0.263215
120.5994,-0.263224
120.6161,-0.263234
120.6329,-0.26325
120.6501,-0.263258
120.6658,-0.263261
120.6834,-0.263277
120.7003,-0.26329
120.7167,-0.263303
120.733,-0.263315
120.7499,-0.263321
120.7669,-0.26333
120.7834,-0.26334
120.8002,-0.263343
120.8169,-0.263349
120.8327,-0.263356
120.8504,-0.263359
120.8666,-0.263368
120.8831,-0.263381
120.9009,-0.263398
120.9169,-0.263419
120.9334,-0.263443
120.951,-0.263463
120.9672,-0.263484
120.9836,-0.263501
121.0009,-0.263514
121.0172,-0.263517
121.034,-0.263513
121.0512,-0.26351
121.0672,-0.263503
121.084,-0.263496
121.1012,-0.263491
121.1179,-0.263488
121.1341,-0.263494
121.1503,-0.2635
121.1676,-0.26352
121.1843,-0.263538
121.2007,-0.263554
121.2174,-0.263573
121.2335,-0.263583
121.2507,-0.263585
121.2676,-0.263591
121.2846,-0.263593
121.3007,-0.2636
121.3166,-0.263609
121.3342,-0.263617
121.3515,-0.263628
121.368,-0.263644
121.3847,-0.26366
121.4011,-0.263677
121.4178,-0.263686
121.4342,-0.263692
121.4505,-0.263697
121.4668,-0.263704
121.4847,-0.263712
121.5007,-0.263717
121.5181,-0.263723
121.5341,-0.263729
121.5508,-0.263742
121.5682,-0.263754
121.5845,-0.263773
121.6012,-0.263788
121.6174,-0.263804
121.6339,-0.263817
121.6507,-0.263833
121.6674,-0.263848
121.6841,-0.263856
121.7016,-0.263864
121.717,-0.263877
121.7345,-0.263884
121.7508,-0.263899
121.767,-0.263915
121.7848,-0.26393
121.8012,-0.26394
121.8175,-0.263949
121.834,-0.263956
121.8505,-0.263969
121.8676,-0.263986
121.8842,-0.264007
121.9007,-0.264035
121.9174,-0.26406
121.9341,-0.264086
121.9511,-0.264111
121.9675,-0.264136
121.9839,-0.264157
122.001,-0.264173
122.0181,-0.264185
122.0352,-0.264195
122.0508,-0.264209
122.0687,-0.264223
122.0857,-0.264228
122.1013,-0.264237
122.1174,-0.264245
122.1342,-0.264263
122.151,-0.264275
122.1672,-0.264292
122.1843,-0.264308
122.2008,-0.264328
122.2185,-0.264349
122.2353,-0.264366
122.2512,-0.264391
122.268,-0.264404
122.2848,-0.264417
122.3014,-0.26442
122.3177,-0.264429
122.3347,-0.264432
122.351,-0.264438
122.368,-0.264437
122.3837,-0.264442
122.4025,-0.264447
122.4178,-0.264452
122.4342,-0.264462
122.4515,-0.264474
122.4679,-0.264486
122.4848,-0.264504
122.5016,-0.264528
122.5184,-0.264552
122.5339,-0.264577
122.5517,-0.264592
122.5685,-0.264601
122.5848,-0.264615
122.6014,-0.26462
122.6181,-0.264626
122.6346,-0.264631
122.6512,-0.264637
122.6684,-0.264651
122.6845,-0.264667
122.7009,-0.26468
122.7172,-0.264697
122.7348,-0.264714
122.7522,-0.264731
122.7684,-0.264751
122.7848,-0.264764
122.802,-0.264772
122.8179,-0.264774
122.835,-0.264773
122.8512,-0.264777
122.8678,-0.264781
122.8835,-0.264787
122.9009,-0.2648
122.9179,-0.26481
122.9353,-0.264826
122.9515,-0.264839
122.9678,-0.264855
122.9854,-0.264868
123.0015,-0.264878
123.0188,-0.264887
123.0345,-0.2649
123.0516,-0.264909
123.0689,-0.264919
123.0853,-0.264932
123.1012,-0.264935
123.1181,-0.264939
123.1347,-0.264943
123.1516,-0.264947
123.1684,-0.264957
123.1845,-0.264965
123.201,-0.264974
123.2181,-0.264988
123.2349,-0.265001
123.2511,-0.265018
123.2683,-0.265032
123.2845,-0.265041
123.302,-0.265047
123.3176,-0.265049
123.3347,-0.265052
123.3512,-0.265056
123.3681,-0.265068
123.3842,-0.265083
123.4016,-0.265103
123.418,-0.265119
123.4354,-0.265141
123.4519,-0.265164
123.4686,-0.265188
123.4862,-0.265209
123.5013,-0.265226
123.5184,-0.265236
123.5347,-0.265245
123.5519,-0.26525
123.5683,-0.265257
123.5847,-0.265259
123.6021,-0.265262
123.618,-0.265268
123.6349,-0.26527
123.6524,-0.265278
123.6681,-0.26529
123.6853,-0.265303
123.7016,-0.265313
123.7186,-0.265326
123.7353,-0.265342
123.7533,-0.265363
123.7691,-0.265374
123.7853,-0.265394
123.8019,-0.265413
123.8186,-0.265434
123.8357,-0.265445
123.8528,-0.265458
123.869,-0.265474
123.8861,-0.265488
123.9033,-0.265497
123.9187,-0.265504
123.9344,-0.265513
123.952,-0.265518
123.9691,-0.265523
123.9853,-0.26553
124.0018,-0.265539
124.0187,-0.265547
124.0357,-0.265555
124.0518,-0.265568
124.0681,-0.26558
124.0852,-0.265595
124.1023,-0.265607
124.1188,-0.265621
124.1352,-0.265631
124.1512,-0.265636
124.1684,-0.265639
124.1851,-0.265647
124.2017,-0.265655
124.2176,-0.265671
124.2357,-0.265686
124.2524,-0.2657
124.2688,-0.265712
124.2853,-0.265724
124.302,-0.265733
124.3185,-0.265743
124.3348,-0.265759
124.3521,-0.26577
124.3688,-0.265778
124.3849,-0.265788
124.4023,-0.2658
124.4187,-0.265806
124.4353,-0.265807
124.4514,-0.265811
124.4684,-0.265821
124.4848,-0.265831
124.5013,-0.265846
124.5179,-0.265856
124.5351,-0.26587
124.5517,-0.265884
124.5684,-0.265893
124.5852,-0.265899
124.602,-0.265898
124.6187,-0.265894
124.635,-0.2659
124.6523,-0.265902
124.6686,-0.265913
124.6843,-0.265919
124.7017,-0.26592
124.7192,-0.265926
124.735,-0.265938
124.7515,-0.265947
124.7685,-0.265946
124.7849,-0.265946
124.8022,-0.265954
124.8183,-0.265961
124.8347,-0.265964
124.851,-0.265965
124.8688,-0.265967
124.8848,-0.265972
124.9017,-0.265988
124.9187,-0.266002
124.9344,-0.26602
124.9511,-0.266034
124.9689,-0.26605
124.9856,-0.266066
125.002,-0.266081
125.018,-0.266097
125.0356,-0.266106
125.0517,-0.266112
125.0684,-0.266119
125.0854,-0.266125
125.1023,-0.266136
125.1179,-0.266143
125.1352,-0.266154
125.152,-0.266164
125.1686,-0.266169
125.1854,-0.266173
125.2017,-0.26618
125.2185,-0.266189
125.2352,-0.266197
125.2516,-0.266203
125.2685,-0.266212
125.2848,-0.266227
125.3019,-0.266242
125.3175,-0.266256
125.3349,-0.266274
125.3522,-0.266289
125.3684,-0.266298
125.3859,-0.266302
125.4018,-0.26631
125.4185,-0.266315
125.435,-0.266315
125.4519,-0.266319
125.4687,-0.266325
125.4849,-0.266332
125.5019,-0.266343
125.518,-0.266352
125.5355,-0.266362
125.5526,-0.26637
125.5687,-0.266379
125.5855,-0.266386
125.6017,-0.266392
125.6187,-0.266393
125.636,-0.266403
125.652,-0.266412
125.6679,-0.266423
125.6848,-0.266433
125.7008,-0.266441
125.7188,-0.266446
125.7355,-0.266454
125.7514,-0.266466
125.7688,-0.266472
125.7849,-0.266478
125.8022,-0.266483
125.8178,-0.266493
125.8351,-0.266502
125.8512,-0.266512
125.8678,-0.266516
125.8857,-0.266526
125.9019,-0.266535
125.9182,-0.266544
125.9344,-0.266554
125.951,-0.266568
125.9684,-0.266586
125.9854,-0.266607
126.0016,-0.266633
126.0181,-0.266654
126.0357,-0.266675
126.0516,-0.266686
126.0689,-0.266697
126.0854,-0.266698
126.1011,-0.266697
126.1188,-0.26669
126.1348,-0.266691
126.1522,-0.266703
126.1686,-0.266719
126.1852,-0.266735
126.2017,-0.266751
126.2191,-0.266766
126.2353,-0.266777
126.2516,-0.266784
126.2688,-0.266783
126.2854,-0.266784
126.3017,-0.26678
126.3189,-0.266783
126.3348,-0.266801
126.3515,-0.26682
126.3681,-0.266838
126.3846,-0.266855
126.4029,-0.266869
126.4187,-0.266885
126.435,-0.266895
126.4516,-0.266909
126.4684,-0.266917
126.4852,-0.266925
126.5014,-0.266934
126.5178,-0.266948
126.5359,-0.266975
126.5519,-0.267
126.5687,-0.267023
126.5852,-0.267047
126.6014,-0.267071
126.6193,-0.267089
126.6357,-0.267109
126.6516,-0.26712
126.6685,-0.26712
126.6855,-0.267117
126.7018,-0.267117
126.7184,-0.267119
126.7355,-0.267111
126.7518,-0.267105
126.7683,-0.267109
126.7854,-0.267119
126.8018,-0.267126
126.818,-0.267129
126.8347,-0.267133
126.8515,-0.267139
126.8685,-0.267142
126.8853,-0.267153
126.9017,-0.267173
126.9183,-0.267187
126.935,-0.267208
126.9516,-0.267236
126.9684,-0.267267
126.9853,-0.267296
127.0022,-0.267314
127.0195,-0.26733
127.036,-0.267334
127.0524,-0.267339
127.069,-0.267346
127.0851,-0.267353
127.102,-0.267355
127.1184,-0.267361
127.1358,-0.267375
127.1528,-0.267393
127.1685,-0.267414
127.1856,-0.267431
127.2031,-0.267441
127.2194,-0.267446
127.2363,-0.267446
127.2526,-0.267443
127.2688,-0.267439
127.2859,-0.267446
127.3023,-0.267453
127.3192,-0.267463
127.3354,-0.267481
127.352,-0.267502
127.3697,-0.267525
127.3863,-0.267543
127.4026,-0.267555
127.4194,-0.267569
127.4347,-0.267585
127.4529,-0.267595
127.4696,-0.267606
127.4855,-0.267621
127.503,-0.267637
127.5192,-0.267653
127.5356,-0.267663
127.5531,-0.267676
127.57,-0.267691
127.5863,-0.267699
127.6026,-0.267711
127.6201,-0.267719
127.6362,-0.267723
127.6529,-0.267736
127.6692,-0.267748
127.6863,-0.267762
127.7023,-0.267785
127.7193,-0.267806
127.7362,-0.267831
127.7531,-0.267851
127.769,-0.267869
127.7861,-0.267895
127.8023,-0.267917
127.8199,-0.267941
127.8368,-0.267963
127.8533,-0.267979
127.8701,-0.268001
127.8864,-0.268021
127.9036,-0.268033
127.9196,-0.268048
127.9361,-0.268057
127.9529,-0.268064
127.9696,-0.268077
127.9865,-0.268099
128.0026,-0.268125
128.0199,-0.268147
128.0364,-0.268164
128.0539,-0.268181
128.07,-0.268184
128.0865,-0.268185
128.1032,-0.268191
128.1197,-0.268199
128.1363,-0.268202
128.1531,-0.268216
128.1691,-0.268234
128.1864,-0.268255
128.2027,-0.268265
128.2201,-0.268278
128.2366,-0.268292
128.2536,-0.268316
128.2695,-0.268331
128.2867,-0.268345
128.3028,-0.268354
128.3202,-0.26836
128.3372,-0.268369
128.3527,-0.268379
128.3692,-0.268383
128.3866,-0.268392
128.4024,-0.268395
128.4195,-0.268411
128.4356,-0.268434
128.4522,-0.268458
128.4696,-0.268483
128.4857,-0.268506
128.5025,-0.268524
128.5192,-0.268543
128.5363,-0.268564
128.5531,-0.268581
128.5701,-0.268599
128.5859,-0.268609
128.6028,-0.268629
128.6201,-0.268643
128.6368,-0.268656
128.6529,-0.268665
128.6698,-0.268676
128.6863,-0.268681
128.7026,-0.268686
128.7206,-0.268693
128.7365,-0.2687
128.7528,-0.268707
128.7692,-0.268715
128.7863,-0.268721
128.8024,-0.268732
128.8192,-0.268747
128.836,-0.268763
128.8535,-0.268779
128.8696,-0.268789
128.8867,-0.26881
128.9034,-0.268827
128.9196,-0.268842
128.9365,-0.268852
128.9529,-0.268863
128.9702,-0.268873
128.9866,-0.268884
129.003,-0.268896
129.0198,-0.268912
129.0361,-0.268919
129.0539,-0.268927
129.0702,-0.26894
129.0869,-0.26895
129.1036,-0.268959
129.1198,-0.268964
129.1371,-0.268965
129.1535,-0.268966
129.1696,-0.268967
129.1871,-0.268968
129.2034,-0.268975
129.2202,-0.268978
129.2368,-0.268981
129.2535,-0.268994
129.2702,-0.269009
129.2877,-0.269028
129.3041,-0.26904
129.3203,-0.269044
129.337,-0.269045
129.3535,-0.269046
129.37,-0.269046
129.3873,-0.269058
129.4034,-0.269067
129.4199,-0.269072
129.4377,-0.269084
129.4532,-0.269097
129.4706,-0.269112
129.4866,-0.269121
129.5027,-0.269135
129.5202,-0.269142
129.5379,-0.269155
129.5543,-0.269165
129.5704,-0.269177
129.587,-0.269192
129.6034,-0.269204
129.6201,-0.269217
129.6375,-0.269234
129.6541,-0.269248
129.6709,-0.269263
129.6873,-0.26928
129.7043,-0.269292
129.7216,-0.269305
129.7372,-0.269312
129.7538,-0.269316
129.7718,-0.269313
129.7874,-0.269311
129.8049,-0.269306
129.8206,-0.269314
129.8385,-0.269321
129.8548,-0.269326
129.8706,-0.269342
129.8878,-0.269349
129.9046,-0.269361
129.9209,-0.269365
129.9375,-0.269371
129.9541,-0.269378
129.9702,-0.269386
129.988,-0.269395
130.0039,-0.269409
130.0212,-0.269437
130.0383,-0.269468
130.0544,-0.269503
130.0714,-0.269536
130.088,-0.269566
130.1044,-0.269586
130.1224,-0.269595
130.1391,-0.269605
130.1554,-0.269614
130.1716,-0.269616
130.1886,-0.269616
130.204,-0.269621
130.2211,-0.269629
130.2387,-0.269648
130.2545,-0.269671
130.2715,-0.2697
130.2882,-0.269731
130.3049,-0.269759
130.3217,-0.269784
130.338,-0.269809
130.3554,-0.269834
130.3713,-0.269856
130.3885,-0.269873
130.405,-0.269893
130.4218,-0.269921
130.4384,-0.269945
130.4553,-0.269969
130.4713,-0.269985
130.4884,-0.269998
130.506,-0.270006
130.5218,-0.27002
130.5386,-0.270032
130.5539,-0.270047
130.5713,-0.270065
130.5882,-0.270082
130.6047,-0.270107
130.6206,-0.270133
130.6381,-0.270157
130.6553,-0.270169
130.6712,-0.270174
130.689,-0.270173
130.7054,-0.27018
130.7224,-0.270191
130.7388,-0.270207
130.7542,-0.270223
130.7712,-0.270241
130.7884,-0.270264
130.8048,-0.27029
130.8226,-0.270314
130.8385,-0.270333
130.855,-0.270352
130.8721,-0.270364
130.8885,-0.270382
130.904,-0.270394
130.9211,-0.270412
130.939,-0.270426
130.9552,-0.270442
130.9716,-0.27046
130.9878,-0.270477
131.0054,-0.27049
131.0219,-0.270499
131.0379,-0.270504
131.0546,-0.270512
131.0715,-0.270528
131.0875,-0.270542
131.1049,-0.27056
131.1214,-0.27058
131.1378,-0.270605
131.155,-0.270625
131.1709,-0.270642
131.1886,-0.270658
131.2043,-0.270676
131.2223,-0.270685
131.2391,-0.27069
131.2543,-0.27069
131.2714,-0.270698
131.2886,-0.270712
131.3043,-0.270729
131.3212,-0.270747
131.3378,-0.270768
131.355,-0.270794
131.3718,-0.270824
131.3888,-0.270847
131.4052,-0.270859
131.421,-0.270872
131.4385,-0.270874
131.4543,-0.27088
131.4713,-0.270884
131.488,-0.270897
131.5048,-0.27091
131.5214,-0.270924
131.5379,-0.270942
131.5552,-0.27096
131.5717,-0.270981
131.5878,-0.270996
131.6046,-0.271007
131.6222,-0.271015
131.6382,-0.271018
131.6548,-0.271023
131.6712,-0.271031
131.6884,-0.271038
131.705,-0.27104
131.7216,-0.271043
131.7382,-0.271041
131.7548,-0.271046
131.7718,-0.271053
131.7884,-0.271061
131.8054,-0.27107
131.8222,-0.271076
131.8382,-0.271089
131.8554,-0.271104
131.8715,-0.271118
131.8892,-0.27113
131.9054,-0.271137
131.9224,-0.271146
131.9382,-0.271159
131.9549,-0.271187
131.9725,-0.27121
131.9886,-0.271236
132.0057,-0.271255
132.0218,-0.271275
132.0388,-0.27129
132.0562,-0.271295
132.0718,-0.271299
132.0882,-0.2713
132.1052,-0.2713
132.1215,-0.271307
132.1384,-0.27132
132.1551,-0.271336
132.1721,-0.271349
132.1879,-0.271353
132.2057,-0.271361
132.2227,-0.271358
132.2379,-0.271359
132.2559,-0.271356
132.2714,-0.271351
132.2885,-0.271354
132.305,-0.271362
132.3211,-0.271376
132.3381,-0.271387
132.3547,-0.271394
132.3719,-0.271399
132.3887,-0.271409
132.4046,-0.271429
132.4214,-0.27145
132.4383,-0.271468
132.4549,-0.271486
132.4723,-0.271503
132.4886,-0.271526
132.5051,-0.271545
132.5219,-0.271559
132.5384,-0.271577
132.5549,-0.271591
132.572,-0.271601
132.5894,-0.27162
132.6051,-0.271636
132.6221,-0.271647
132.6387,-0.271657
132.6555,-0.27167
132.6717,-0.271686
132.6891,-0.271697
132.7044,-0.271704
132.7224,-0.271708
132.7396,-0.271708
132.7553,-0.271706
132.7716,-0.271703
132.7886,-0.271703
132.8053,-0.271701
132.8217,-0.271711
132.8385,-0.271722
132.8551,-0.271731
132.871,-0.271749
132.8888,-0.271776
132.9049,-0.271799
132.9213,-0.271817
132.9386,-0.271827
132.9557,-0.271838
132.9726,-0.271843
132.9891,-0.271846
133.0049,-0.271859
133.0225,-0.271875
133.0389,-0.271883
133.0543,-0.271889
133.072,-0.271896
133.0894,-0.271903
133.1045,-0.271914
133.1218,-0.271928
133.1379,-0.271932
133.1552,-0.271939
133.1715,-0.271945
133.1883,-0.271963
133.2052,-0.271984
133.2211,-0.272008
133.2382,-0.272025
133.2554,-0.272034
133.2723,-0.272046
133.2886,-0.272061
133.3054,-0.272072
133.3215,-0.27208
133.3383,-0.272088
133.3557,-0.272098
133.3721,-0.272115
133.3884,-0.272131
133.4056,-0.272146
133.422,-0.272152
133.438,-0.272153
133.4565,-0.27215
133.4723,-0.272151
133.4882,-0.272149
133.5059,-0.272157
133.5227,-0.272167
133.538,-0.272176
133.5555,-0.272189
133.5723,-0.272205
133.5891,-0.272212
133.6053,-0.27222
133.6221,-0.27223
133.6392,-0.272236
133.6565,-0.272248
133.6716,-0.272251
133.6888,-0.272268
133.7053,-0.272295
133.7217,-0.272324
133.7391,-0.272356
133.7552,-0.272383
133.7735,-0.272398
133.7894,-0.272409
133.8063,-0.272419
133.8224,-0.272428
133.8393,-0.272434
133.8555,-0.272434
133.8728,-0.272438
133.8895,-0.272448
133.9056,-0.272462
133.9225,-0.272485
133.9397,-0.272502
133.9558,-0.272516
133.9731,-0.272531
133.9894,-0.27255
134.0059,-0.272564
134.0233,-0.272574
134.0396,-0.272587
134.0571,-0.272597
134.0733,-0.272606
134.0894,-0.27261
134.1065,-0.272616
134.1233,-0.272623
134.1395,-0.272629
134.1565,-0.272641
134.1731,-0.272656
134.1902,-0.272674
134.2066,-0.272686
134.2234,-0.272707
134.2408,-0.272725
134.2563,-0.272742
134.2736,-0.272757
134.2901,-0.272771
134.3069,-0.27278
134.3227,-0.272791
134.3399,-0.272806
134.3568,-0.27282
134.3723,-0.27283
134.3898,-0.272839
134.4073,-0.27285
134.4234,-0.272856
134.439,-0.27287
134.4568,-0.27289
134.4734,-0.272911
134.49,-0.272929
134.5059,-0.272952
134.5239,-0.272972
134.5407,-0.272989
134.558,-0.273008
134.5738,-0.273031
134.5899,-0.27306
134.6069,-0.273082
134.6234,-0.273103
134.6397,-0.273124
134.6571,-0.273147
134.6736,-0.273169
134.6906,-0.273188
134.7067,-0.273199
134.7238,-0.273212
134.7411,-0.273219
134.7563,-0.273229
134.7731,-0.273238
134.7896,-0.273242
134.8073,-0.273248
134.8243,-0.273262
134.8403,-0.273282
134.8561,-0.273294
134.873,-0.273307
134.8905,-0.273317
134.9062,-0.273324
134.9234,-0.273333
134.9393,-0.27334
134.9567,-0.27335
134.9728,-0.273355
134.9897,-0.273364
135.0062,-0.273372
135.0227,-0.273384
135.0395,-0.273401
135.057,-0.273428
135.0734,-0.27345
135.0899,-0.273473
135.1062,-0.27349
135.1234,-0.273497
135.14,-0.273509
135.1572,-0.273521
135.1742,-0.273538
135.1901,-0.273557
135.2059,-0.27357
135.2237,-0.273583
135.2396,-0.273593
135.2565,-0.273611
135.2737,-0.27363
135.2895,-0.273652
135.3066,-0.273671
135.3234,-0.273685
135.3397,-0.2737
135.357,-0.273714
135.3733,-0.273734
135.3905,-0.273745
135.4069,-0.273763
135.4233,-0.273783
135.44,-0.2738
135.4569,-0.273811
135.4723,-0.273823
135.4904,-0.273841
135.5073,-0.273855
135.5238,-0.273871
135.5394,-0.273896
135.5578,-0.273919
135.5732,-0.273939
135.5903,-0.273953
135.6071,-0.273976
135.6243,-0.273997
135.6398,-0.274001
135.657,-0.274012
135.6731,-0.274018
135.6905,-0.274028
135.7064,-0.27404
135.7237,-0.27405
135.7401,-0.274062
135.7569,-0.274078
135.7737,-0.274088
135.7903,-0.274109
135.8063,-0.274124
135.8234,-0.274135
135.84,-0.274148
135.8566,-0.274162
135.8737,-0.274179
135.8904,-0.2742
135.9065,-0.274219
135.923,-0.274233
135.9403,-0.274245
135.9567,-0.274255
135.9728,-0.274273
135.9899,-0.274285
136.0067,-0.274296
136.0229,-0.274314
136.041,-0.274327
136.057,-0.274337
136.0734,-0.274345
136.09,-0.274359
136.1062,-0.274366
136.1233,-0.274368
136.1397,-0.274374
136.1568,-0.274384
136.1752,-0.274388
136.1904,-0.274399
136.2066,-0.274413
136.2236,-0.274424
136.2402,-0.274434
136.2566,-0.274441
136.2739,-0.274455
136.2899,-0.27447
136.3062,-0.274487
136.3237,-0.274504
136.3394,-0.274519
136.3564,-0.274532
136.3727,-0.274543
136.3903,-0.274553
136.4073,-0.274553
136.4232,-0.274547
136.4404,-0.274541
136.4562,-0.27454
136.4736,-0.274541
136.4897,-0.274544
136.5068,-0.274553
136.5227,-0.27456
136.5403,-0.274573
136.5573,-0.274579
136.5729,-0.274589
136.5897,-0.274599
136.6062,-0.274604
136.6232,-0.27461
136.6395,-0.274623
136.6573,-0.274645
136.6733,-0.274668
136.6902,-0.274689
136.7073,-0.274702
136.7249,-0.274718
136.7404,-0.27473
136.7568,-0.274738
136.7745,-0.274743
136.7898,-0.27475
136.8069,-0.274757
136.824,-0.274763
136.841,-0.274772
136.8565,-0.274782
136.8736,-0.274793
136.8906,-0.274799
136.9067,-0.274802
136.9243,-0.274808
136.9395,-0.274821
136.9572,-0.274825
136.9734,-0.274832
136.9909,-0.274835
137.007,-0.274836
137.0241,-0.274844
137.0396,-0.274855
137.0574,-0.274866
137.0732,-0.274876
137.0898,-0.27489
137.1069,-0.274905
137.1237,-0.27493
137.14,-0.274955
137.1568,-0.274972
137.1747,-0.274983
137.1906,-0.274993
137.2078,-0.275007
137.2244,-0.275025
137.2403,-0.275042
137.2572,-0.275046
137.2747,-0.275054
137.2912,-0.275059
137.3073,-0.275072
137.3245,-0.275088
137.3411,-0.275093
137.3576,-0.275092
137.3742,-0.27509
137.3916,-0.275094
137.4071,-0.275101
137.4237,-0.275109
137.4405,-0.27512
137.4578,-0.27513
137.4746,-0.27514
137.4915,-0.275155
137.5075,-0.275171
137.5243,-0.275187
137.5407,-0.275202
137.5581,-0.275209
137.5744,-0.275221
137.5912,-0.275227
137.6075,-0.275231
137.6245,-0.275235
137.6409,-0.275245
137.6586,-0.275256
137.6749,-0.275271
137.6908,-0.275282
137.7075,-0.275291
137.7253,-0.275297
137.7415,-0.275306
137.7582,-0.27532
137.7743,-0.275333
137.7917,-0.27534
137.8076,-0.275344
137.825,-0.275352
137.8407,-0.275369
137.858,-0.275386
137.8747,-0.275405
137.8911,-0.275426
137.9075,-0.275448
137.9256,-0.275465
137.9415,-0.275484
137.9586,-0.275502
137.9759,-0.275522
137.9914,-0.275538
138.0084,-0.275548
138.0254,-0.275557
138.0415,-0.275565
138.0583,-0.275575
138.0755,-0.275586
138.0908,-0.275594
138.1088,-0.275604
138.1247,-0.275618
138.1415,-0.275632
138.1581,-0.275656
138.1745,-0.275683
138.1918,-0.275706
138.209,-0.275731
138.2248,-0.275747
138.2417,-0.275763
138.2581,-0.275775
138.2763,-0.275791
138.2917,-0.275809
138.3086,-0.275821
138.3242,-0.275839
138.3418,-0.275864
138.3587,-0.275891
138.3752,-0.275919
138.392,-0.275948
138.4084,-0.275973
138.4253,-0.275992
138.4422,-0.276001
138.4588,-0.27601
138.4751,-0.276015
138.4924,-0.276013
138.5086,-0.276014
138.5249,-0.276018
138.5414,-0.276031
138.559,-0.276051
138.5745,-0.276072
138.5914,-0.276098
138.608,-0.276129
138.6257,-0.27615
138.6422,-0.276167
138.658,-0.276191
138.6752,-0.276211
138.6914,-0.276222
138.7078,-0.276229
138.7256,-0.276241
138.742,-0.27626
138.7578,-0.276282
138.7745,-0.276311
138.7914,-0.276343
138.8083,-0.27637
138.8245,-0.276399
138.8419,-0.276423
138.8583,-0.27644
138.875,-0.276451
138.8916,-0.276455
138.9079,-0.276459
138.9244,-0.276465
138.9414,-0.276469
138.9583,-0.276475
138.9743,-0.276485
138.9908,-0.27651
139.0077,-0.276528
139.0243,-0.276552
139.0408,-0.276574
139.0585,-0.276603
139.0758,-0.276633
139.0907,-0.276663
139.1081,-0.27669
139.1248,-0.276717
139.1421,-0.276735
139.1585,-0.276759
139.1745,-0.27678
139.1917,-0.276793
139.209,-0.276801
139.2251,-0.276808
139.2423,-0.27682
139.2587,-0.27683
139.2749,-0.276843
139.2918,-0.276855
139.3086,-0.27687
139.3247,-0.276885
139.3412,-0.276902
139.3582,-0.276921
139.3755,-0.276939
139.3916,-0.276949
139.4079,-0.276961
139.4247,-0.276972
139.4417,-0.27698
139.4584,-0.276984
139.4744,-0.276989
139.4911,-0.276991
139.5069,-0.276992
139.5244,-0.276992
139.5409,-0.277
139.5575,-0.27701
139.574,-0.277021
139.5909,-0.277031
139.6077,-0.277043
139.6247,-0.277059
139.6408,-0.277069
139.6583,-0.277088
139.6753,-0.277105
139.6925,-0.277126
139.7084,-0.277149
139.7247,-0.277174
139.7419,-0.27719
139.7584,-0.277206
139.7756,-0.277218
139.7929,-0.277236
139.8096,-0.277261
139.8249,-0.277277
139.8418,-0.277291
139.8591,-0.277304
139.876,-0.277309
139.8929,-0.277315
139.9091,-0.277309
139.9254,-0.277304
139.9417,-0.277293
139.9588,-0.277284
139.9752,-0.277291
139.992,-0.277298
140.009,-0.277315
140.0248,-0.277331
140.0417,-0.277344
140.0594,-0.277359
140.0748,-0.277379
140.0924,-0.277405
140.1092,-0.277435
140.1253,-0.277462
140.1423,-0.277482
140.1591,-0.277512
140.1769,-0.277541
140.1924,-0.27756
140.2089,-0.277573
140.2251,-0.277578
140.2422,-0.27757
140.2594,-0.277559
140.2746,-0.277561
140.2912,-0.277566
140.3092,-0.277573
140.3242,-0.277588
140.3417,-0.277611
140.3584,-0.277636
140.3754,-0.277665
140.3918,-0.277704
140.4097,-0.277737
140.4253,-0.27776
140.4419,-0.277777
140.4594,-0.277797
140.4753,-0.277815
140.4921,-0.277824
140.5083,-0.277831
140.5254,-0.277834
140.5428,-0.277834
140.5587,-0.277842
140.5756,-0.27785
140.5909,-0.277864
140.6083,-0.277873
140.625,-0.277884
140.6416,-0.277895
140.6584,-0.277909
140.6754,-0.277923
140.6918,-0.277937
140.7081,-0.277956
140.7251,-0.277975
140.7413,-0.277994
140.7577,-0.278012
140.7753,-0.278035
140.7926,-0.278063
140.8084,-0.278083
140.8257,-0.278106
140.8426,-0.278118
140.8582,-0.278126
140.8751,-0.278135
140.8909,-0.278148
140.9093,-0.278158
140.9255,-0.278166
140.9422,-0.278177
140.9589,-0.278184
140.9751,-0.278194
140.9916,-0.278201
141.0089,-0.27821
141.0255,-0.27822
141.0411,-0.27823
141.059,-0.278244
141.0755,-0.278254
141.0921,-0.278264
141.1081,-0.278276
141.1253,-0.278287
141.142,-0.2783
141.1578,-0.27832
141.1751,-0.278344
141.1925,-0.278375
141.2086,-0.278406
141.2255,-0.278438
141.2422,-0.278463
141.2589,-0.278479
141.2766,-0.278498
141.2922,-0.278507
141.3088,-0.278515
141.325,-0.278518
141.3428,-0.278528
141.3594,-0.278534
141.3758,-0.278545
141.3925,-0.278557
141.4095,-0.278573
141.4255,-0.278583
141.4424,-0.278594
141.459,-0.278599
141.4749,-0.278607
141.4912,-0.278616
141.5085,-0.278624
141.5247,-0.278631
141.5415,-0.278642
141.5589,-0.278658
141.5751,-0.278687
141.5925,-0.278714
141.6083,-0.278742
141.6254,-0.278765
141.6416,-0.278787
141.6594,-0.278807
141.6752,-0.278833
141.692,-0.278857
141.7088,-0.278879
141.7255,-0.278902
141.7423,-0.278927
141.759,-0.278947
141.7753,-0.278974
141.793,-0.278999
141.8091,-0.279024
141.8248,-0.279042
141.8415,-0.279061
141.8594,-0.279077
141.8754,-0.279087
141.8926,-0.2791
141.9091,-0.279114
141.9264,-0.279119
141.941,-0.279129
141.9589,-0.279146
141.9756,-0.279165
141.9921,-0.279186
142.0086,-0.279205
142.0252,-0.279218
142.0421,-0.279228
142.0595,-0.279238
142.0756,-0.279249
142.0918,-0.279271
142.108,-0.279292
142.1256,-0.279319
142.1423,-0.279351
142.1585,-0.27939
142.1757,-0.279428
142.192,-0.279459
142.2086,-0.279485
142.2259,-0.279502
142.242,-0.279515
142.2586,-0.27952
142.2756,-0.279529
142.2926,-0.279533
142.3083,-0.279533
142.3254,-0.279544
142.3422,-0.27955
142.3589,-0.279562
142.3755,-0.279574
142.3927,-0.279592
142.4096,-0.279602
142.4252,-0.279615
142.4425,-0.279631
142.4589,-0.279645
142.4758,-0.279653
142.4924,-0.279661
142.509,-0.279677
142.5258,-0.279693
142.5417,-0.279708
142.5595,-0.27973
142.5751,-0.27975
142.5925,-0.279775
142.6098,-0.279801
142.6257,-0.279828
142.6424,-0.279848
142.6591,-0.279859
142.676,-0.27986
142.693,-0.279871
142.7094,-0.279878
142.725,-0.279883
142.7412,-0.2799
142.759,-0.27992
142.7753,-0.279938
142.7916,-0.27996
142.8085,-0.279986
142.8259,-0.280016
142.8421,-0.280042
142.8584,-0.28007
142.8746,-0.280101
142.8918,-0.280133
142.909,-0.280153
142.926,-0.280178
142.9425,-0.280207
142.9593,-0.280239
142.9758,-0.280269
142.9919,-0.280293
143.0092,-0.280314
143.0265,-0.280331
143.0432,-0.280343
143.0592,-0.280358
143.0771,-0.280366
143.0922,-0.280372
143.1084,-0.280387
143.1254,-0.280408
143.1427,-0.280437
143.1588,-0.28046
143.1757,-0.280478
143.1927,-0.280502
143.2088,-0.280535
143.226,-0.280559
143.2419,-0.280588
143.2594,-0.280609
143.2758,-0.280631
143.2932,-0.280657
143.3096,-0.28068
143.3259,-0.280694
143.3425,-0.2807
143.3595,-0.280702
143.3759,-0.280704
143.3932,-0.280711
143.4091,-0.280725
143.4258,-0.280739
143.4422,-0.280744
143.4596,-0.280757
143.4755,-0.280774
143.4931,-0.280797
143.509,-0.280826
143.5254,-0.280855
143.5421,-0.280881
143.5598,-0.280908
143.5761,-0.28094
143.5933,-0.28097
143.6098,-0.280993
143.6257,-0.281013
143.6433,-0.281029
143.6602,-0.281041
143.6756,-0.281049
143.6925,-0.281052
143.7098,-0.281062
143.7262,-0.281067
143.7431,-0.281083
143.7591,-0.281103
143.7754,-0.281118
143.7923,-0.281129
143.8087,-0.281146
143.8262,-0.281166
143.8425,-0.281186
143.8592,-0.281211
143.8765,-0.281231
143.8929,-0.281245
143.909,-0.281264
143.9262,-0.281286
143.9425,-0.281299
143.9588,-0.281317
143.9761,-0.281335
143.9923,-0.281353
144.0087,-0.281381
144.0268,-0.281407
144.0433,-0.281435
144.0598,-0.281466
144.0767,-0.281499
144.0932,-0.281528
144.1094,-0.281549
144.1266,-0.281568
144.1431,-0.28159
144.1593,-0.281613
144.1752,-0.281635
144.193,-0.281655
144.2091,-0.281676
144.2257,-0.281698
144.2432,-0.281731
144.259,-0.281757
144.2757,-0.281781
144.2922,-0.281803
144.3096,-0.281827
144.3258,-0.281847
144.3428,-0.281866
144.3602,-0.281884
144.3761,-0.28191
144.3936,-0.281927
144.4086,-0.281951
144.4258,-0.281979
144.4442,-0.281998
144.4604,-0.282018
144.4762,-0.282031
144.4936,-0.282053
144.51,-0.282075
144.5263,-0.282101
144.5429,-0.282137
144.5592,-0.282172
144.5761,-0.282203
144.593,-0.282226
144.6103,-0.282249
144.6264,-0.282272
144.6428,-0.282299
144.6593,-0.282328
144.6767,-0.282349
144.6926,-0.282366
144.7098,-0.28239
144.7271,-0.282414
144.7431,-0.282446
144.7598,-0.282474
144.7767,-0.282495
144.7922,-0.282514
144.8094,-0.282537
144.8267,-0.282566
144.8431,-0.282602
144.8599,-0.282631
144.8765,-0.282657
144.893,-0.282666
144.9108,-0.282675
144.9267,-0.282694
144.9436,-0.282714
144.9599,-0.282742
144.9758,-0.28277
144.9925,-0.2828
145.0103,-0.282833
145.0268,-0.28287
145.0429,-0.282904
145.0604,-0.282943
145.0774,-0.282975
145.0935,-0.283005
145.1102,-0.283032
145.1274,-0.283066
145.1446,-0.2831
145.1608,-0.283131
145.1768,-0.283154
145.1937,-0.283172
145.2103,-0.28319
145.2274,-0.283206
145.2434,-0.283223
145.2601,-0.283234
145.277,-0.283247
145.2936,-0.283261
145.3098,-0.283284
145.3269,-0.283311
145.3437,-0.283339
145.3608,-0.283362
145.377,-0.283392
145.3939,-0.283421
145.4102,-0.283444
145.4274,-0.283465
145.4432,-0.283483
145.4602,-0.283509
145.4768,-0.283541
145.4932,-0.283577
145.5104,-0.28361
145.5263,-0.283645
145.5437,-0.283676
145.5607,-0.283707
145.5774,-0.283732
145.5943,-0.283747
145.6101,-0.28376
145.6274,-0.283772
145.6435,-0.283782
145.66,-0.283796
145.6768,-0.283817
145.6929,-0.283844
145.7099,-0.283873
145.7266,-0.283908
145.7445,-0.283947
145.76,-0.283986
145.7769,-0.284021
145.7939,-0.284052
145.8102,-0.284074
145.8269,-0.284096
145.8436,-0.284119
145.8597,-0.284141
145.8771,-0.284162
145.8937,-0.284183
145.9103,-0.284209
145.9264,-0.284241
145.9435,-0.284269
145.9602,-0.284301
145.9769,-0.284332
145.9937,-0.284359
146.0104,-0.28439
146.0274,-0.284416
146.0434,-0.284447
146.0607,-0.284473
146.0766,-0.2845
146.0942,-0.284519
146.1109,-0.284535
146.1274,-0.284553
146.1436,-0.284573
146.161,-0.284597
146.1766,-0.284622
146.1938,-0.284649
146.2103,-0.284677
146.2277,-0.284701
146.244,-0.284722
146.2612,-0.284744
146.2776,-0.284768
146.2946,-0.284782
146.3107,-0.284802
146.3272,-0.284817
146.3439,-0.284836
146.3607,-0.284859
146.3768,-0.284888
146.3938,-0.28492
146.4106,-0.28495
146.4274,-0.284977
146.4435,-0.285006
146.4612,-0.285036
146.478,-0.285069
146.4939,-0.285101
146.511,-0.285133
146.5273,-0.285159
146.5446,-0.285179
146.561,-0.2852
146.5777,-0.285222
146.5947,-0.285243
146.6118,-0.285258
146.6279,-0.285272
146.6444,-0.285291
146.6609,-0.285311
146.6785,-0.285331
146.6942,-0.285353
146.7113,-0.285378
146.7281,-0.285406
146.7443,-0.285436
146.7614,-0.285467
146.7779,-0.285497
146.7939,-0.28552
146.8115,-0.285543
146.8279,-0.285568
146.8447,-0.285587
146.861,-0.285604
146.8776,-0.285622
146.8947,-0.285635
146.9113,-0.28565
146.9278,-0.285668
146.9443,-0.285695
146.9608,-0.285719
146.978,-0.285741
146.9944,-0.285768
147.011,-0.285806
147.0276,-0.285843
147.0441,-0.285877
147.061,-0.285908
147.0778,-0.285942
147.0945,-0.285966
147.1109,-0.285993
147.1282,-0.286028
147.1437,-0.286062
147.1618,-0.286095
147.1776,-0.286124
147.1949,-0.286149
147.2111,-0.286179
147.2282,-0.286211
147.2446,-0.286241
147.2612,-0.286275
147.2784,-0.286304
147.2943,-0.286331
147.3104,-0.286356
147.3277,-0.286388
147.3444,-0.286417
147.3617,-0.286444
147.3778,-0.286474
147.3947,-0.286507
147.4112,-0.28654
147.4276,-0.286575
147.4444,-0.286608
147.4612,-0.28664
147.4783,-0.286666
147.4942,-0.286692
147.5108,-0.286717
147.528,-0.286747
147.544,-0.286773
147.5608,-0.286805
147.5769,-0.286838
147.5937,-0.286873
147.6122,-0.286914
147.6279,-0.286953
147.6448,-0.28699
147.6619,-0.287029
147.6778,-0.287064
147.6949,-0.287092
147.7109,-0.287119
147.7267,-0.287146
147.7453,-0.287172
147.7604,-0.287194
147.7773,-0.28722
147.7941,-0.287252
147.8109,-0.287282
147.8269,-0.287309
147.844,-0.287344
147.8606,-0.28739
147.8773,-0.287434
147.8943,-0.287485
147.9105,-0.287538
147.9277,-0.287587
147.9447,-0.287625
147.9612,-0.287663
147.978,-0.287695
147.9953,-0.287722
148.0111,-0.287741
148.0267,-0.287759
148.0444,-0.28778
148.061,-0.287801
148.0778,-0.287814
148.0942,-0.287838
148.1114,-0.287863
148.1274,-0.287888
148.1446,-0.287911
148.1604,-0.287944
148.1776,-0.287979
148.194,-0.288006
148.2111,-0.288042
148.2275,-0.288071
148.2437,-0.288105
148.2607,-0.288126
148.2771,-0.288146
148.2936,-0.288172
148.3104,-0.2882
148.3276,-0.288231
148.3436,-0.288262
148.3603,-0.2883
148.377,-0.288337
148.3941,-0.288382
148.4109,-0.288426
148.4279,-0.288468
148.4445,-0.288506
148.4606,-0.288544
148.4785,-0.288577
148.4949,-0.288609
148.511,-0.288635
148.5275,-0.288669
148.5441,-0.288706
148.5612,-0.288745
148.5774,-0.288781
148.5942,-0.288811
148.6108,-0.288841
148.6277,-0.288863
148.6448,-0.288886
148.6611,-0.28891
148.6779,-0.28894
148.6943,-0.288963
148.7111,-0.288993
148.7274,-0.289023
148.7435,-0.289055
148.7612,-0.289092
148.7767,-0.289131
148.7947,-0.28917
148.8106,-0.289205
148.8272,-0.289234
148.8438,-0.289259
148.8607,-0.289291
148.8775,-0.289318
148.8941,-0.289355
148.9108,-0.289391
148.9264,-0.28943
148.9442,-0.28946
148.9605,-0.289499
148.9782,-0.28953
148.994,-0.289561
149.0106,-0.289599
149.0271,-0.289629
149.0447,-0.289662
149.061,-0.289692
149.0771,-0.289728
149.0955,-0.289764
149.1105,-0.289805
149.1272,-0.289846
149.1444,-0.289883
149.1612,-0.289915
149.1769,-0.28994
149.1947,-0.289978
149.2115,-0.290015
149.2273,-0.290045
149.2442,-0.290079
149.2613,-0.290112
149.2779,-0.290147
149.2943,-0.290193
149.3109,-0.29024
149.3278,-0.290283
149.3444,-0.290317
149.3604,-0.290349
149.3774,-0.290382
149.3941,-0.290412
149.4108,-0.290438
149.4271,-0.290461
149.4436,-0.290486
149.4603,-0.290514
149.4771,-0.290545
149.4942,-0.290588
149.5103,-0.290637
149.5277,-0.290682
149.5442,-0.290725
149.5607,-0.290766
149.5771,-0.290808
149.5946,-0.290847
149.6107,-0.290889
149.6274,-0.290935
149.645,-0.290978
149.661,-0.291021
149.6776,-0.291059
149.6938,-0.2911
149.7113,-0.291136
149.7285,-0.291171
149.7446,-0.291204
149.7605,-0.291234
149.7777,-0.291267
149.7943,-0.291296
149.811,-0.291326
149.8273,-0.291354
149.8449,-0.29139
149.862,-0.291423
149.8778,-0.291454
149.8938,-0.291479
149.9108,-0.291508
149.9281,-0.29154
149.944,-0.291575
149.9607,-0.29161
149.9774,-0.291646
149.994,-0.291681
150.0111,-0.291718
150.028,-0.291752
150.0445,-0.291786
150.0611,-0.291815
150.0766,-0.291845
150.0948,-0.291879
150.1101,-0.29192
150.1283,-0.291967
150.1439,-0.29201
150.1604,-0.292059
150.178,-0.292105
150.1938,-0.292152
150.2108,-0.292196
150.2272,-0.292242
150.2441,-0.292277
150.2609,-0.292314
150.2772,-0.292355
150.2941,-0.292401
150.3106,-0.292446
150.3261,-0.292485
150.3439,-0.292518
150.3612,-0.292547
150.3766,-0.292581
150.394,-0.292617
150.4098,-0.292651
150.4267,-0.29269
150.4438,-0.292737
150.4603,-0.292794
150.4769,-0.29285
150.4934,-0.292904
150.5104,-0.292944
150.5275,-0.292976
150.544,-0.293009
150.5607,-0.293042
150.5764,-0.293078
150.5939,-0.293109
150.6103,-0.293147
150.6261,-0.293189
150.6448,-0.293239
150.6609,-0.293297
150.6774,-0.29335
150.6939,-0.293402
150.711,-0.293449
150.7271,-0.293482
150.7443,-0.293522
150.7601,-0.293553
150.777,-0.293591
150.794,-0.293632
150.8103,-0.293674
150.8271,-0.293712
150.8427,-0.293764
150.8608,-0.293817
150.8773,-0.293863
150.8936,-0.293908
150.9105,-0.293951
150.9275,-0.293992
150.9445,-0.294031
150.9602,-0.294071
150.9767,-0.294107
150.9937,-0.294141
151.011,-0.294178
151.0271,-0.294211
151.0435,-0.294257
151.0604,-0.294299
151.0768,-0.294334
151.0939,-0.294372
151.1107,-0.294408
151.1278,-0.294442
151.1437,-0.29448
151.1606,-0.294518
151.1774,-0.29455
151.1943,-0.294588
151.2102,-0.294634
151.2278,-0.294683
151.2441,-0.294732
151.2611,-0.294783
151.2779,-0.294829
151.2941,-0.294875
151.311,-0.29491
151.3272,-0.294944
151.3446,-0.294981
151.3606,-0.295015
151.3777,-0.295053
151.3939,-0.295094
151.4104,-0.295134
151.4272,-0.295177
151.4434,-0.295224
151.4612,-0.295269
151.4775,-0.295318
151.4946,-0.29536
151.5104,-0.295401
151.5277,-0.295447
151.5435,-0.295485
151.5615,-0.295523
151.5778,-0.295562
151.5944,-0.295602
151.6115,-0.295634
151.6276,-0.295671
151.6454,-0.295714
151.6617,-0.295754
151.6779,-0.295801
151.693,-0.295856
151.7127,-0.295906
151.7286,-0.295947
151.745,-0.295996
151.7624,-0.296043
151.7784,-0.296087
151.7948,-0.296125
151.8119,-0.296166
151.8287,-0.296211
151.845,-0.296246
151.8618,-0.296281
151.8781,-0.296324
151.8949,-0.296362
151.9118,-0.296399
151.9279,-0.296443
151.9448,-0.296485
151.9624,-0.296528
151.9788,-0.296567
151.9954,-0.296609
152.0123,-0.296658
152.028,-0.296703
152.0445,-0.296751
152.0622,-0.296803
152.0784,-0.296858
152.0959,-0.296917
152.111,-0.296973
152.1291,-0.297033
152.1456,-0.297085
152.1626,-0.297143
152.1789,-0.297201
152.1953,-0.297262
152.2125,-0.297322
152.2289,-0.297384
152.245,-0.297434
152.2622,-0.297486
152.2787,-0.297533
152.2961,-0.297579
152.3125,-0.297624
152.3281,-0.297679
152.3456,-0.297737
152.3621,-0.297799
152.379,-0.297858
152.3951,-0.29791
152.4123,-0.297962
152.4288,-0.298012
152.4452,-0.298068
152.4616,-0.298121
152.4789,-0.29818
152.495,-0.298236
152.5114,-0.298292
152.5287,-0.298343
152.5451,-0.298396
152.5614,-0.298441
152.5779,-0.298487
152.5949,-0.298535
152.6111,-0.298583
152.628,-0.298637
152.6443,-0.298696
152.6615,-0.298754
152.6787,-0.298807
152.6941,-0.29886
152.7116,-0.298909
152.7291,-0.298956
152.7449,-0.299007
152.7612,-0.299057
152.7776,-0.29911
152.7944,-0.299162
152.8111,-0.299215
152.8281,-0.299265
152.8442,-0.299318
152.8618,-0.299361
152.8782,-0.299408
152.895,-0.299443
152.9107,-0.299473
152.9278,-0.299515
152.9438,-0.299556
152.9612,-0.2996
152.9774,-0.299644
152.994,-0.299696
153.0109,-0.29975
153.0282,-0.299802
153.0446,-0.299841
153.0604,-0.299887
153.0775,-0.299936
153.0933,-0.299982
153.1109,-0.300026
153.1267,-0.300073
153.1444,-0.300126
153.1607,-0.300187
153.1786,-0.300253
153.1937,-0.300314
153.2109,-0.300366
153.2274,-0.300408
153.2453,-0.30045
153.2607,-0.300495
153.2777,-0.300536
153.2943,-0.300572
153.3104,-0.300607
153.327,-0.300641
153.344,-0.300679
153.3611,-0.300724
153.3777,-0.300773
153.3943,-0.300823
153.4101,-0.300867
153.428,-0.300916
153.4444,-0.300966
153.4605,-0.301018
153.4772,-0.301076
153.4935,-0.301133
153.5106,-0.301181
153.5275,-0.301227
153.5439,-0.301275
153.5609,-0.301323
153.5772,-0.30137
153.5936,-0.301411
153.6105,-0.301456
153.6273,-0.301498
153.6445,-0.301538
153.6609,-0.30159
153.6769,-0.301634
153.6941,-0.301679
153.7099,-0.301726
153.7275,-0.301778
153.7441,-0.301835
153.7598,-0.301885
153.7771,-0.301941
153.7937,-0.301994
153.8103,-0.302043
153.8274,-0.302088
153.8439,-0.30213
153.8602,-0.302169
153.8765,-0.302211
153.8936,-0.302252
153.91,-0.302302
153.9261,-0.302355
153.9438,-0.30241
153.9597,-0.302471
153.9768,-0.302537
153.9931,-0.3026
154.0102,-0.302663
154.0271,-0.302724
154.0431,-0.302786
154.0602,-0.302843
154.0761,-0.302899
154.0929,-0.302943
154.1096,-0.302984
154.1261,-0.303024
154.1431,-0.30307
154.1598,-0.303117
154.1766,-0.303168
154.1924,-0.303223
154.21,-0.30328
154.2261,-0.303339
154.2437,-0.3034
154.2593,-0.303452
154.276,-0.303501
154.2929,-0.303541
154.3097,-0.303587
154.3268,-0.303626
154.3421,-0.303665
154.3589,-0.303709
154.3762,-0.303757
154.3929,-0.303805
154.4092,-0.303853
154.4264,-0.303902
154.4427,-0.303948
154.4597,-0.303995
154.4766,-0.304039
154.4924,-0.304082
154.5103,-0.304115
154.5264,-0.304153
154.5429,-0.304196
154.5602,-0.30424
154.576,-0.304281
154.5929,-0.304321
154.61,-0.304365
154.6264,-0.304408
154.6433,-0.30446
154.6596,-0.304517
154.6764,-0.304572
154.6933,-0.30462
154.7099,-0.304675
154.7274,-0.304725
154.7435,-0.304768
154.7601,-0.304815
154.7771,-0.30486
154.7936,-0.304904
154.81,-0.304939
154.8266,-0.304979
154.8434,-0.305012
154.8603,-0.305048
154.8772,-0.305084
154.8938,-0.305121
154.9104,-0.305164
154.9274,-0.305212
154.9432,-0.305258
154.9598,-0.305307
154.9768,-0.305355
154.9942,-0.305407
155.0106,-0.305454
155.0273,-0.3055
155.0439,-0.305536
155.0607,-0.305572
155.0773,-0.305608
155.0934,-0.305648
155.1104,-0.305688
155.1265,-0.305737
155.144,-0.305785
155.161,-0.305834
155.1773,-0.30589
155.1933,-0.305942
155.2109,-0.305994
155.2277,-0.306043
155.244,-0.306096
155.2602,-0.306147
155.2773,-0.306198
155.2944,-0.306244
155.3113,-0.306288
155.328,-0.306332
155.3442,-0.306371
155.3611,-0.306411
155.3775,-0.306458
155.3941,-0.306509
155.4108,-0.306564
155.4271,-0.306617
155.4439,-0.306676
155.4609,-0.306731
155.4774,-0.306791
155.4941,-0.306849
155.5107,-0.306904
155.5273,-0.306951
155.5443,-0.306999
155.5611,-0.307047
155.5774,-0.307103
155.5943,-0.307167
155.6114,-0.307237
155.6276,-0.307304
155.6441,-0.307366
155.661,-0.307429
155.6773,-0.307483
155.6947,-0.307539
155.7116,-0.307589
155.7278,-0.307634
155.7442,-0.307688
155.7603,-0.307741
155.7768,-0.307793
155.7934,-0.307854
155.811,-0.307914
155.8282,-0.307977
155.8445,-0.308046
155.8613,-0.308104
155.878,-0.308161
155.8949,-0.308218
155.9115,-0.308274
155.9278,-0.30833
155.9443,-0.308388
155.9609,-0.308444
155.9783,-0.308492
155.9946,-0.308544
156.0108,-0.308598
156.0281,-0.308655
156.0453,-0.308712
156.062,-0.308776
156.078,-0.308848
156.0938,-0.308923
156.1107,-0.308986
156.1281,-0.30905
156.1446,-0.309113
156.1613,-0.309175
156.1779,-0.309228
156.1931,-0.309288
156.2117,-0.30934
156.2286,-0.309398
156.244,-0.309452
156.2611,-0.309513
156.2787,-0.309575
156.2943,-0.309635
156.3118,-0.309696
156.3287,-0.309765
156.3451,-0.309831
156.3613,-0.309894
156.3783,-0.309957
156.3948,-0.310019
156.4116,-0.310082
156.4288,-0.310138
156.444,-0.310203
156.4613,-0.310273
156.4784,-0.310337
156.4954,-0.310398
156.5117,-0.310459
156.5286,-0.310522
156.5449,-0.310578
156.5608,-0.310633
156.5785,-0.310689
156.5943,-0.310751
156.611,-0.310807
156.6281,-0.310865
156.6447,-0.310924
156.6611,-0.310986
156.6785,-0.311051
156.6939,-0.311111
156.7112,-0.311161
156.7282,-0.311214
156.7451,-0.311262
156.7618,-0.311305
156.7776,-0.311353
156.7948,-0.311395
156.8106,-0.311433
156.8276,-0.311473
156.8445,-0.311519
156.8609,-0.311575
156.8781,-0.311629
156.8948,-0.31168
156.9112,-0.311734
156.9283,-0.311797
156.945,-0.311858
156.961,-0.311913
156.978,-0.311965
156.9951,-0.312016
157.0111,-0.312061
157.0275,-0.312106
157.0447,-0.312154
157.061,-0.312205
157.0781,-0.312255
157.0939,-0.312302
157.1106,-0.31235
157.1275,-0.312398
157.1452,-0.312451
157.1616,-0.312498
157.1778,-0.312551
157.1944,-0.312606
157.2113,-0.312657
157.2281,-0.312698
157.2447,-0.312747
157.2617,-0.312792
157.2779,-0.312842
157.2941,-0.312893
157.3111,-0.31295
157.3286,-0.313005
157.3442,-0.313057
157.361,-0.313112
157.3787,-0.313173
157.3949,-0.313236
157.4119,-0.313307
157.4282,-0.313378
157.4453,-0.313445
157.4622,-0.313509
157.479,-0.31357
157.4955,-0.313631
157.5123,-0.313692
157.5288,-0.313745
157.5452,-0.313792
157.5625,-0.313835
157.5784,-0.313875
157.5958,-0.31392
157.6118,-0.31397
157.6285,-0.314025
157.6449,-0.31408
157.6618,-0.314134
157.6788,-0.314193
157.6954,-0.314258
157.7122,-0.314315
157.7295,-0.314369
157.7464,-0.314421
157.7625,-0.314469
157.779,-0.314515
157.795,-0.314566
157.8122,-0.314625
157.8289,-0.314688
157.845,-0.314754
157.8622,-0.314823
157.8796,-0.314891
157.8956,-0.314956
157.9122,-0.315013
157.9286,-0.315069
157.946,-0.315123
157.9618,-0.315179
157.9782,-0.315234
157.9953,-0.315284
158.0117,-0.315335
158.0288,-0.315392
158.0462,-0.315451
158.0616,-0.315512
158.0781,-0.31557
158.0953,-0.315635
158.1123,-0.315696
158.1285,-0.315765
158.1446,-0.315838
158.1618,-0.315907
158.1789,-0.315973
158.1944,-0.316039
158.2124,-0.316109
158.2282,-0.316181
158.2454,-0.316244
158.2616,-0.316306
158.2775,-0.316368
158.2947,-0.316428
158.3115,-0.316489
158.3279,-0.316549
158.3444,-0.31661
158.3612,-0.31667
158.3773,-0.316737
158.3945,-0.316809
158.4111,-0.316881
158.4271,-0.316948
158.4446,-0.31701
158.4614,-0.317069
158.478,-0.317134
158.4951,-0.317194
158.5108,-0.317255
158.5275,-0.317313
158.5446,-0.317376
158.5617,-0.317435
158.578,-0.317491
158.5939,-0.317549
158.6108,-0.317603
158.6279,-0.317652
158.6437,-0.317701
158.6604,-0.317752
158.6775,-0.317804
158.6938,-0.317855
158.7112,-0.317902
158.727,-0.317951
158.7429,-0.317998
158.7597,-0.318041
158.7767,-0.318092
158.7934,-0.318146
158.8104,-0.318199
158.827,-0.318254
158.8434,-0.318304
158.8609,-0.318361
158.8773,-0.318416
158.8935,-0.31847
158.9107,-0.318516
158.9272,-0.318563
158.9445,-0.318608
158.9599,-0.318656
158.9775,-0.318701
158.9938,-0.318741
159.0112,-0.318787
159.0268,-0.318831
159.0441,-0.318876
159.06,-0.318927
159.0765,-0.318971
159.0939,-0.319021
159.1097,-0.31907
159.1267,-0.319114
159.1435,-0.31916
159.1598,-0.319204
159.1776,-0.319253
159.193,-0.3193
159.2108,-0.319343
159.2265,-0.319382
159.2441,-0.319423
159.2606,-0.319456
159.2769,-0.319496
159.2941,-0.319531
159.3102,-0.319564
159.3266,-0.319595
159.3432,-0.319626
159.3603,-0.31966
159.377,-0.319698
159.3934,-0.319739
159.4107,-0.319785
159.4264,-0.319831
159.4441,-0.319878
159.4607,-0.319928
159.4777,-0.319975
159.4936,-0.320022
159.5111,-0.320069
159.5273,-0.320111
159.5442,-0.320151
159.5613,-0.320185
159.5773,-0.32023
159.5947,-0.32027
159.6104,-0.320311
159.6272,-0.320352
159.6437,-0.320388
159.6614,-0.320429
159.6774,-0.320466
159.6949,-0.320506
159.7108,-0.320554
159.7276,-0.320603
159.7449,-0.32065
159.7608,-0.320698
159.7779,-0.320747
159.7947,-0.320798
159.8107,-0.320852
159.8277,-0.320891
159.8444,-0.32093
159.8609,-0.320968
159.878,-0.321006
159.8943,-0.321049
159.9111,-0.321093
159.9277,-0.321137
159.9442,-0.321178
159.961,-0.321222
159.9778,-0.321267
159.9943,-0.321303
160.0112,-0.321349
160.0278,-0.321393
160.0447,-0.321438
160.0614,-0.321487
160.0775,-0.321539
160.0949,-0.321593
160.1118,-0.32164
160.1277,-0.321689
160.144,-0.321741
160.1613,-0.321794
160.1775,-0.321849
160.1944,-0.321907
160.2122,-0.321971
160.2284,-0.322025
160.2452,-0.322074
160.2611,-0.322132
160.2788,-0.322189
160.2954,-0.322244
160.3115,-0.322297
160.3285,-0.322341
160.3462,-0.322388
160.3611,-0.322432
160.3788,-0.322475
160.3951,-0.322521
160.4115,-0.322564
160.4283,-0.322608
160.4452,-0.322646
160.4619,-0.322685
160.4794,-0.322729
160.4958,-0.322774
160.5114,-0.322813
160.5271,-0.32285
160.5447,-0.322888
160.5619,-0.322928
160.5783,-0.322977
160.5948,-0.323031
160.6115,-0.323088
160.6281,-0.323144
160.6456,-0.323203
160.6621,-0.323261
160.6782,-0.323316
160.6956,-0.323366
160.7115,-0.323416
160.7287,-0.323476
160.7462,-0.323538
160.7617,-0.323592
160.7783,-0.32365
160.7955,-0.323712
160.8128,-0.323769
160.829,-0.323829
160.8454,-0.32389
160.862,-0.323945
160.8792,-0.323996
160.8963,-0.32404
160.9131,-0.324086
160.9292,-0.324134
160.946,-0.324179
160.9624,-0.324224
160.9791,-0.324271
160.9951,-0.324321
161.0121,-0.324368
161.029,-0.324417
161.0463,-0.324466
161.0623,-0.324519
161.0791,-0.324563
161.0955,-0.32461
161.1126,-0.324658
161.1284,-0.324709
161.1452,-0.324771
161.1623,-0.324834
161.1798,-0.324893
161.1958,-0.324952
161.2123,-0.325007
161.2298,-0.325052
161.2463,-0.325094
161.2623,-0.325137
161.2784,-0.325182
161.2955,-0.325226
161.312,-0.325273
161.329,-0.325321
161.3452,-0.325373
161.3628,-0.325425
161.3796,-0.325477
161.3958,-0.325533
161.4127,-0.325591
161.4288,-0.325645
161.4453,-0.325696
161.4632,-0.325743
161.4788,-0.325795
161.4962,-0.32585
161.5121,-0.325908
161.5291,-0.325959
161.5457,-0.326001
161.5622,-0.326042
161.5799,-0.326086
161.5964,-0.326137
161.6129,-0.326191
161.6299,-0.326241
161.6457,-0.326285
161.663,-0.32633
161.6798,-0.326375
161.6964,-0.326424
161.7128,-0.326475
161.7294,-0.326523
161.7462,-0.326569
161.7619,-0.326615
161.7791,-0.326665
161.7964,-0.32672
161.8128,-0.326774
161.8294,-0.326825
161.846,-0.326874
161.8629,-0.326914
161.8792,-0.326956
161.8966,-0.327002
161.9126,-0.32704
161.9277,-0.327082
161.9448,-0.327124
161.9622,-0.327166
161.9791,-0.327218
161.9949,-0.327274
162.0118,-0.327329
162.0288,-0.327387
162.0459,-0.327435
162.0623,-0.327489
162.0788,-0.327544
162.095,-0.327599
162.112,-0.327651
162.1285,-0.327698
162.1447,-0.327742
162.1611,-0.327793
162.1783,-0.327845
162.1939,-0.327898
162.2112,-0.327948
162.2279,-0.328
162.2449,-0.328055
162.2614,-0.328113
162.2778,-0.328168
162.2945,-0.328222
162.3112,-0.328276
162.3283,-0.32833
162.3448,-0.32839
162.3609,-0.328455
162.378,-0.328513
162.3948,-0.328571
162.4114,-0.328628
162.4286,-0.328684
162.4449,-0.328736
162.4615,-0.328787
162.4783,-0.328834
162.4943,-0.328883
162.5112,-0.328933
162.5281,-0.32899
162.5442,-0.329044
162.5614,-0.329097
162.578,-0.329151
162.595,-0.329199
162.6109,-0.329247
162.6273,-0.329297
162.6446,-0.329345
162.6614,-0.329392
162.6781,-0.329436
162.6947,-0.329483
162.7119,-0.329533
162.7272,-0.329586
162.7447,-0.329637
162.7606,-0.32969
162.7784,-0.329736
162.7945,-0.329776
162.811,-0.329818
162.8277,-0.32985
162.8454,-0.329885
162.8607,-0.32992
162.8787,-0.32996
162.8944,-0.330002
162.9116,-0.330048
162.9282,-0.330098
162.9453,-0.330143
162.9616,-0.330188
162.9781,-0.330237
162.9952,-0.330278
163.0113,-0.330321
163.0281,-0.330359
163.0445,-0.330403
163.0614,-0.330448
163.0784,-0.330484
163.0957,-0.330529
163.1115,-0.330568
163.1287,-0.330608
163.1451,-0.330646
163.1615,-0.330686
163.179,-0.330725
163.1949,-0.330769
163.2121,-0.330808
163.2288,-0.330853
163.2456,-0.330897
163.2617,-0.330942
163.2781,-0.330986
163.2953,-0.331027
163.3112,-0.331064
163.3282,-0.331105
163.3453,-0.331145
163.3613,-0.331188
163.3791,-0.331225
163.3945,-0.331265
163.412,-0.331302
163.4282,-0.331345
163.4458,-0.331393
163.4622,-0.331433
163.4783,-0.331476
163.4948,-0.331519
163.5126,-0.331563
163.5284,-0.331604
163.5454,-0.331658
163.562,-0.331717
163.5786,-0.331772
163.5967,-0.331824
163.6123,-0.331872
163.6299,-0.331912
163.6464,-0.331952
163.6623,-0.331985
163.6788,-0.33201
163.695,-0.332036
163.7118,-0.332064
163.7294,-0.332097
163.7465,-0.332134
163.762,-0.332172
163.7786,-0.332212
163.7962,-0.332239
163.8125,-0.332265
163.8294,-0.3323
163.8456,-0.33235
163.8622,-0.332401
163.879,-0.332448
163.8949,-0.332498
163.9127,-0.332548
163.9294,-0.332596
163.9458,-0.332643
163.9626,-0.332683
163.9795,-0.332718
163.9965,-0.332747
164.0128,-0.332776
164.0293,-0.332807
164.0464,-0.33284
164.0627,-0.332876
164.0798,-0.332912
164.0964,-0.332957
164.1136,-0.333005
164.1296,-0.33305
164.1461,-0.333095
164.162,-0.333137
164.1803,-0.333187
164.1961,-0.333242
164.2133,-0.333287
164.2302,-0.333327
164.2466,-0.333372
164.2631,-0.333412
164.2791,-0.333451
164.2957,-0.333494
164.3132,-0.33353
164.3302,-0.333575
164.3469,-0.33362
164.363,-0.333666
164.3803,-0.333711
164.3967,-0.333759
164.4133,-0.333799
164.4297,-0.333836
164.4468,-0.333877
164.464,-0.333918
164.4802,-0.333963
164.4973,-0.334009
164.5133,-0.334051
164.5306,-0.334085
164.5457,-0.334118
164.5636,-0.334152
164.5803,-0.334185
164.5966,-0.334227
164.6139,-0.334268
164.6305,-0.334316
164.647,-0.334362
164.664,-0.334413
164.681,-0.334465
164.6971,-0.334507
164.7146,-0.334546
164.7312,-0.334583
164.7481,-0.334615
164.7643,-0.334647
164.7806,-0.334681
164.7976,-0.334716
164.8144,-0.334754
164.8317,-0.334794
164.8473,-0.334835
164.864,-0.334878
164.8812,-0.334922
164.8976,-0.334973
164.9141,-0.335022
164.9306,-0.335064
164.9477,-0.335112
164.9646,-0.33516
164.9812,-0.335204
164.997,-0.335248
165.0139,-0.335292
165.0314,-0.335337
165.048,-0.33538
165.0636,-0.335416
165.08,-0.335455
165.0972,-0.335497
165.1141,-0.33554
165.1311,-0.33559
165.1475,-0.335646
165.1633,-0.335704
165.1808,-0.335753
165.1976,-0.335801
165.2142,-0.335848
165.2315,-0.335897
165.2478,-0.33594
165.2643,-0.335977
165.2804,-0.336016
165.2965,-0.336049
165.3146,-0.336085
165.3299,-0.336129
165.3472,-0.33618
165.3646,-0.336237
165.3802,-0.336285
165.3975,-0.336328
165.4142,-0.336383
165.4302,-0.336438
165.4471,-0.336488
165.4634,-0.336533
165.4801,-0.336569
165.4969,-0.336601
165.5137,-0.336639
165.5306,-0.336679
165.5469,-0.336719
165.5636,-0.336758
165.5802,-0.336794
165.5967,-0.336831
165.613,-0.336873
165.6297,-0.336921
165.6466,-0.336964
165.6631,-0.337009
165.6803,-0.337055
165.6972,-0.337094
165.7131,-0.337141
165.7295,-0.337183
165.7466,-0.337223
165.7639,-0.33726
165.7805,-0.337298
165.7977,-0.33733
165.8135,-0.337365
165.83,-0.337395
165.8471,-0.337421
165.8634,-0.33745
165.8792,-0.337477
165.897,-0.33751
165.9135,-0.337545
165.9296,-0.337588
165.9474,-0.337628
165.964,-0.337664
165.9808,-0.337698
165.9967,-0.337728
166.0136,-0.33776
166.0299,-0.33779
166.0471,-0.337822
166.063,-0.337852
166.0804,-0.337884
166.0967,-0.337919
166.1137,-0.337964
166.1292,-0.33801
166.1467,-0.338052
166.1635,-0.338096
166.1808,-0.338138
166.1963,-0.338178
166.2135,-0.338218
166.2299,-0.338263
166.2469,-0.338305
166.2634,-0.338342
166.28,-0.338386
166.2971,-0.338425
166.3144,-0.338456
166.3301,-0.338484
166.3466,-0.338509
166.3635,-0.338542
166.3804,-0.338572
166.3963,-0.338601
166.4123,-0.338637
166.4295,-0.338673
166.4476,-0.338716
166.4637,-0.338752
166.4799,-0.338786
166.4958,-0.338821
166.5128,-0.338848
166.5298,-0.338877
166.5461,-0.338914
166.5624,-0.338964
166.5794,-0.339015
166.5961,-0.339062
166.6135,-0.339111
166.6298,-0.33916
166.6467,-0.339207
166.6637,-0.339251
166.68,-0.339301
166.6957,-0.339343
166.7129,-0.339385
166.7292,-0.33942
166.746,-0.33946
166.7626,-0.339499
166.7791,-0.33953
166.796,-0.339561
166.812,-0.339593
166.8293,-0.339629
166.8467,-0.33966
166.8616,-0.339694
166.8789,-0.339732
166.896,-0.339768
166.9128,-0.339799
166.9288,-0.339832
166.9455,-0.339862
166.9628,-0.339885
166.9788,-0.339907
166.9952,-0.339932
167.0122,-0.33996
167.0289,-0.339987
167.0455,-0.340017
167.0621,-0.340054
167.0795,-0.340099
167.0959,-0.34014
167.1115,-0.340181
167.1282,-0.340224
167.1452,-0.340268
167.1624,-0.340308
167.1789,-0.340355
167.1951,-0.340399
167.2137,-0.34043
167.229,-0.34046
167.2457,-0.340483
167.2627,-0.340508
167.2784,-0.340531
167.2949,-0.340553
167.3128,-0.340581
167.328,-0.340616
167.3457,-0.340654
167.3625,-0.340684
167.3792,-0.340715
167.396,-0.340739
167.4128,-0.340763
167.4287,-0.340789
167.4457,-0.340811
167.4631,-0.34083
167.4797,-0.340845
167.4964,-0.340866
167.5131,-0.340888
167.5297,-0.340912
167.5465,-0.340934
167.5625,-0.34095
167.5793,-0.340969
167.5956,-0.340989
167.6129,-0.341015
167.6293,-0.341043
167.6453,-0.341065
167.6627,-0.341088
167.6788,-0.341115
167.6961,-0.341136
167.713,-0.341159
167.7294,-0.341183
167.7457,-0.34121
167.7622,-0.341239
167.7794,-0.341261
167.796,-0.341289
167.8134,-0.341323
167.8302,-0.341357
167.8459,-0.341386
167.8619,-0.341411
167.8799,-0.341434
167.8972,-0.341454
167.913,-0.341472
167.9299,-0.341491
167.9463,-0.341515
167.9623,-0.341537
167.9799,-0.341562
167.9965,-0.341594
168.013,-0.34163
168.0302,-0.341667
168.047,-0.341702
168.0629,-0.341732
168.0801,-0.341758
168.097,-0.341779
168.1131,-0.341794
168.1304,-0.341818
168.1463,-0.34185
168.1636,-0.341878
168.1802,-0.3419
168.1966,-0.34193
168.2143,-0.34196
168.2308,-0.34199
168.2475,-0.342021
168.264,-0.342054
168.2811,-0.342082
168.2972,-0.342112
168.314,-0.342143
168.3308,-0.342186
168.3474,-0.342227
168.3635,-0.342262
168.3808,-0.342297
168.3972,-0.34233
168.4143,-0.342358
168.4308,-0.34238
168.4473,-0.342404
168.4645,-0.342417
168.4809,-0.342437
168.4969,-0.342458
168.5138,-0.342475
168.5308,-0.342488
168.5474,-0.342503
168.5644,-0.342526
168.5803,-0.342552
168.5972,-0.342583
168.6142,-0.342608
168.6306,-0.34265
168.6472,-0.342701
168.664,-0.342756
168.6803,-0.342805
168.6964,-0.342846
168.7142,-0.342884
168.7309,-0.342922
168.7475,-0.342955
168.7642,-0.34299
168.781,-0.343021
168.7975,-0.343048
168.8139,-0.343072
168.831,-0.343106
168.8474,-0.343141
168.8643,-0.343176
168.881,-0.343207
168.8982,-0.34324
168.9151,-0.343277
168.9308,-0.343318
168.948,-0.343356
168.9647,-0.343399
168.9813,-0.343442
168.9983,-0.343479
169.015,-0.343514
169.0307,-0.343553
169.0481,-0.343594
169.0652,-0.343629
169.0818,-0.34366
169.0981,-0.34369
169.1152,-0.343719
169.1314,-0.343758
169.1481,-0.343799
169.1647,-0.343841
169.1821,-0.343882
169.1978,-0.343917
169.2152,-0.343947
169.2311,-0.343975
169.2489,-0.343997
169.2648,-0.344022
169.2822,-0.344057
169.2985,-0.34409
169.314,-0.344126
169.3313,-0.344161
169.3488,-0.344192
169.3647,-0.344226
169.3813,-0.34426
169.3978,-0.344296
169.4147,-0.344326
169.4312,-0.344346
169.4474,-0.344374
169.4644,-0.344414
169.4815,-0.344448
169.4977,-0.344486
169.5143,-0.344519
169.5318,-0.344556
169.5486,-0.344593
169.5642,-0.344621
169.5819,-0.344654
169.598,-0.344686
169.6152,-0.344711
169.6312,-0.344735
169.6478,-0.344764
169.6651,-0.344794
169.6815,-0.344822
169.6982,-0.344851
169.715,-0.344885
169.7318,-0.344923
169.748,-0.344959
169.7646,-0.345
169.7814,-0.345044
169.798,-0.345085
169.815,-0.345132
169.8311,-0.34518
169.8475,-0.345221
169.864,-0.345265
169.8812,-0.345305
169.8984,-0.345335
169.9145,-0.345367
169.9317,-0.345395
169.9483,-0.345419
169.9646,-0.345441
169.9808,-0.345468
169.9975,-0.345502
170.015,-0.345529
170.0306,-0.345557
170.0474,-0.345583
170.0647,-0.34561
170.0818,-0.345638
170.0973,-0.345666
170.114,-0.345694
170.1301,-0.345727
170.1473,-0.345764
170.1643,-0.345816
170.1807,-0.345872
170.1977,-0.345927
170.2145,-0.345982
170.2312,-0.346034
170.2485,-0.346081
170.2654,-0.34612
170.2807,-0.346156
170.2973,-0.34619
170.3139,-0.346217
170.3307,-0.346242
170.3476,-0.346266
170.3642,-0.346296
170.382,-0.346325
170.3975,-0.346351
170.4144,-0.346383
170.4315,-0.346406
170.4476,-0.346434
170.4647,-0.346459
170.4806,-0.346492
170.4978,-0.346524
170.5148,-0.346558
170.531,-0.346594
170.548,-0.346624
170.564,-0.34666
170.5815,-0.346698
170.5978,-0.34673
170.615,-0.346757
170.6308,-0.346785
170.6472,-0.346807
170.6648,-0.34683
170.6807,-0.346856
170.6974,-0.34688
170.7148,-0.346904
170.7315,-0.34693
170.7477,-0.346956
170.7645,-0.346984
170.7813,-0.347008
170.7975,-0.347033
170.8142,-0.347059
170.8313,-0.347091
170.8475,-0.347128
170.8638,-0.34716
170.8813,-0.347196
170.8975,-0.34723
170.9138,-0.347262
170.9312,-0.347295
170.9477,-0.347324
170.9647,-0.347354
170.9808,-0.347385
170.9977,-0.347411
171.0145,-0.347437
171.0313,-0.347465
171.0481,-0.347497
171.0644,-0.347524
171.0811,-0.347556
171.0977,-0.347586
171.1147,-0.347618
171.1317,-0.347643
171.1468,-0.347669
171.1642,-0.347685
171.181,-0.347697
171.1976,-0.347714
171.2143,-0.34773
171.2309,-0.347753
171.2467,-0.347787
171.2645,-0.347818
171.2805,-0.347844
171.2975,-0.347876
171.3135,-0.347917
171.3312,-0.347955
171.3464,-0.347988
171.3633,-0.348014
171.3809,-0.348046
171.3981,-0.348085
171.4141,-0.348123
171.4309,-0.348167
171.4481,-0.348204
171.4652,-0.348239
171.4811,-0.348263
171.4973,-0.348292
171.5149,-0.34832
171.531,-0.348349
171.5486,-0.348375
171.5641,-0.34841
171.5816,-0.348453
171.598,-0.348492
171.6145,-0.348534
171.6311,-0.348575
171.6483,-0.348613
171.665,-0.348645
171.6809,-0.348674
171.6986,-0.348695
171.715,-0.34872
171.7314,-0.34875
171.7478,-0.348782
171.765,-0.348817
171.7817,-0.348843
171.7982,-0.348873
171.8144,-0.348908
171.8318,-0.348939
171.8479,-0.348968
171.864,-0.348985
171.881,-0.349007
171.8982,-0.349034
171.9144,-0.349071
171.9305,-0.349103
171.9472,-0.349139
171.9646,-0.349174
171.9812,-0.349212
171.9977,-0.349255
172.0145,-0.349301
172.0313,-0.34934
172.0474,-0.34937
172.0642,-0.349404
172.0813,-0.349435
172.0977,-0.349465
172.1144,-0.349495
172.1305,-0.349525
172.1472,-0.349546
172.1632,-0.34957
172.1812,-0.349598
172.1974,-0.349627
172.2145,-0.349666
172.2307,-0.349708
172.2466,-0.349757
172.265,-0.349804
172.2808,-0.349852
172.297,-0.3499
172.3144,-0.349938
172.331,-0.349975
172.3475,-0.350009
172.3639,-0.350034
172.3816,-0.35006
172.3979,-0.350084
172.4143,-0.350116
172.4312,-0.350147
172.4482,-0.350178
172.4645,-0.350208
172.4814,-0.350241
172.4973,-0.350275
172.5139,-0.350311
172.5306,-0.35034
172.5474,-0.350366
172.5636,-0.3504
172.5808,-0.350441
172.598,-0.350478
172.6141,-0.350514
172.6306,-0.350553
172.6483,-0.350589
172.6637,-0.350627
172.6809,-0.350661
172.6971,-0.350691
172.7153,-0.350722
172.7312,-0.350753
172.7466,-0.350788
172.7641,-0.350825
172.7808,-0.350865
172.7969,-0.350901
172.8144,-0.350944
172.8312,-0.350979
172.8475,-0.351007
172.8641,-0.35104
172.881,-0.351072
172.8978,-0.351101
172.9139,-0.351127
172.9308,-0.351163
172.9475,-0.351203
172.9651,-0.351244
172.9811,-0.351283
172.997,-0.351326
173.0141,-0.351361
173.0304,-0.351394
173.0475,-0.351426
173.0636,-0.351455
173.0811,-0.351481
173.0976,-0.351506
173.1136,-0.351534
173.1301,-0.351555
173.1472,-0.351576
173.164,-0.351596
173.1805,-0.35162
173.197,-0.351653
173.214,-0.351689
173.2307,-0.351725
173.2469,-0.351765
173.2642,-0.351805
173.2805,-0.351844
173.2976,-0.351882
173.3145,-0.35192
173.331,-0.351961
173.3469,-0.351997
173.3644,-0.352029
173.3812,-0.352056
173.3966,-0.352079
173.4147,-0.352098
173.4309,-0.352114
173.4468,-0.352131
173.4635,-0.352156
173.4805,-0.352182
173.4967,-0.352213
173.5132,-0.352249
173.53,-0.352292
173.5469,-0.352336
173.5641,-0.352377
173.5809,-0.352414
173.5976,-0.352455
173.6138,-0.352491
173.6312,-0.352525
173.6479,-0.352552
173.6645,-0.352577
173.6811,-0.35261
173.6974,-0.352637
173.7145,-0.352656
173.7316,-0.352689
173.7479,-0.352725
173.7639,-0.352753
173.7811,-0.352777
173.7978,-0.352807
173.8149,-0.35284
173.8312,-0.352874
173.8477,-0.352903
173.865,-0.352937
173.8817,-0.352971
173.8982,-0.353006
173.9154,-0.353047
173.9315,-0.353084
173.9483,-0.353113
173.9648,-0.353146
173.9819,-0.353175
173.9983,-0.353202
174.0151,-0.353238
174.0313,-0.353272
174.049,-0.353311
174.0653,-0.35335
174.0815,-0.353386
174.0985,-0.353429
174.1154,-0.353473
174.1319,-0.353511
174.1485,-0.35355
174.1653,-0.353588
174.1826,-0.353622
174.1979,-0.353654
174.215,-0.353682
174.2321,-0.353718
174.249,-0.353751
174.265,-0.353788
174.2821,-0.353829
174.299,-0.353864
174.315,-0.353896
174.3318,-0.35394
174.3486,-0.353985
174.3647,-0.354022
174.3813,-0.354058
174.3992,-0.354097
174.4153,-0.35413
174.4317,-0.354161
174.4486,-0.354193
174.465,-0.354227
174.4818,-0.354254
174.4993,-0.354282
174.5158,-0.354317
174.532,-0.354349
174.5489,-0.354393
174.5657,-0.354436
174.5821,-0.354478
174.5994,-0.354516
174.6148,-0.354558
174.6333,-0.3546
174.6493,-0.354643
174.6652,-0.354696
174.6833,-0.354745
174.6992,-0.354791
174.7162,-0.354828
174.7331,-0.354869
174.7498,-0.354902
174.7663,-0.354922
174.7825,-0.354943
174.7995,-0.354965
174.8161,-0.354984
174.8325,-0.355009
174.8492,-0.355038
174.8666,-0.355074
174.8831,-0.355116
174.9002,-0.355161
174.9163,-0.355214
174.9336,-0.355261
174.9501,-0.355306
174.9669,-0.355347
174.9829,-0.35539
175.0007,-0.355428
175.0163,-0.355466
175.0335,-0.3555
175.0498,-0.355534
175.0672,-0.355561
175.0838,-0.355593
175.1001,-0.355624
175.1161,-0.355656
175.1332,-0.355692
175.1499,-0.355723
175.1672,-0.355763
175.1825,-0.355798
175.2003,-0.355829
175.2163,-0.355865
175.2334,-0.355909
175.2503,-0.355945
175.267,-0.355984
175.2833,-0.356019
175.3002,-0.356053
175.3173,-0.356088
175.3337,-0.356119
175.3497,-0.356162
175.3669,-0.356202
175.3831,-0.356239
175.3997,-0.356272
175.4164,-0.356311
175.4339,-0.356355
175.4505,-0.356392
175.4668,-0.356427
175.4835,-0.356456
175.5004,-0.35648
175.5168,-0.356502
175.5333,-0.356526
175.5511,-0.35655
175.5665,-0.356572
175.5839,-0.356602
175.5997,-0.356631
175.6162,-0.35666
175.6338,-0.356695
175.6502,-0.356742
175.667,-0.356792
175.6841,-0.35684
175.7003,-0.356877
175.7173,-0.356912
175.7339,-0.356944
175.7502,-0.356966
175.7669,-0.356983
175.7834,-0.356997
175.8,-0.357014
175.8178,-0.357032
175.8334,-0.357051
175.8501,-0.357067
175.8672,-0.357087
175.8831,-0.357111
175.9005,-0.357134
175.9162,-0.357159
175.934,-0.357193
175.9503,-0.357229
175.9662,-0.357264
175.9833,-0.357294
176.0,-0.35733
176.0173,-0.35736
176.0341,-0.357389
176.0496,-0.357413
176.0664,-0.357427
176.0838,-0.357439
176.1003,-0.35745
176.1167,-0.357467
176.1335,-0.357484
176.1502,-0.357506
176.167,-0.357519
176.1837,-0.357533
176.2,-0.357552
176.2165,-0.357573
176.2344,-0.357593
176.2495,-0.357614
176.2667,-0.357641
176.2834,-0.357678
176.3002,-0.357716
176.3173,-0.357749
176.3337,-0.357782
176.3504,-0.357806
176.3675,-0.357826
176.3846,-0.357846
176.4008,-0.357863
176.4173,-0.357878
176.4338,-0.357893
176.4503,-0.357906
176.467,-0.357922
176.4839,-0.357939
176.5011,-0.357953
176.518,-0.357968
176.5336,-0.357979
176.5508,-0.357992
176.5672,-0.358011
176.5836,-0.358025
176.6003,-0.358043
176.6172,-0.358064
176.6338,-0.358091
176.6511,-0.358109
176.667,-0.358126
176.6845,-0.358139
176.6999,-0.358146
176.7176,-0.358152
176.7339,-0.358164
176.7501,-0.358184
176.766,-0.358199
176.7835,-0.358226
176.8003,-0.358253
176.8171,-0.358281
176.8333,-0.358306
176.8496,-0.35833
176.8672,-0.358343
176.8839,-0.358359
176.9001,-0.358381
176.9173,-0.358406
176.9343,-0.358426
176.9502,-0.358442
176.9666,-0.358468
176.9832,-0.358492
177.0002,-0.358509
177.017,-0.358523
177.0331,-0.358539
177.0505,-0.358565
177.067,-0.358588
177.0827,-0.358611
177.0997,-0.358638
177.117,-0.358668
177.1339,-0.358694
177.1504,-0.358719
177.1669,-0.358741
177.1842,-0.358756
177.1997,-0.358768
177.2168,-0.358771
177.2335,-0.358776
177.2498,-0.358784
177.2661,-0.35879
177.2835,-0.358799
177.3,-0.358812
177.3164,-0.358828
177.3337,-0.358847
177.3495,-0.358864
177.3666,-0.358881
177.3834,-0.358905
177.4002,-0.358929
177.4169,-0.35895
177.433,-0.358971
177.4503,-0.358989
177.4668,-0.359003
177.4832,-0.359015
177.5,-0.35902
177.5171,-0.359026
177.5331,-0.359032
177.5498,-0.359035
177.5667,-0.359047
177.5834,-0.359058
177.5993,-0.359075
177.6176,-0.359095
177.6329,-0.359115
177.6499,-0.359138
177.6664,-0.359162
177.6837,-0.35919
177.7004,-0.359215
177.7162,-0.359238
177.7338,-0.359253
177.7503,-0.359271
177.7666,-0.359285
177.7834,-0.359303
177.8002,-0.359318
177.817,-0.359325
177.8333,-0.359336
177.8499,-0.359351
177.8672,-0.359366
177.8829,-0.359376
177.9009,-0.359386
177.9186,-0.359393
177.9337,-0.359404
177.9503,-0.359412
177.9679,-0.359419
177.9843,-0.359428
177.9995,-0.35944
178.0173,-0.359457
178.0332,-0.359475
178.0507,-0.359496
178.0675,-0.359518
178.0838,-0.359538
178.1005,-0.359555
178.1168,-0.359569
178.134,-0.359579
178.1509,-0.359595
178.1676,-0.359605
178.1835,-0.359618
178.2005,-0.35963
178.2177,-0.359636
178.2343,-0.359651
178.2505,-0.359659
178.2669,-0.359671
178.2836,-0.359681
178.3004,-0.359701
178.3177,-0.359727
178.3334,-0.359758
178.3504,-0.359785
178.3667,-0.359815
178.3845,-0.359836
178.4005,-0.359857
178.418,-0.359882
178.4335,-0.359899
178.4502,-0.359922
178.4669,-0.359941
178.4852,-0.359962
178.5006,-0.359978
178.5177,-0.360003
178.5342,-0.360022
178.5508,-0.360039
178.5684,-0.360052
178.585,-0.360077
178.6013,-0.360104
178.6173,-0.36013
178.6349,-0.360165
178.6515,-0.360184
178.6686,-0.360199
178.6853,-0.360215
178.7012,-0.360232
178.7184,-0.360246
178.7345,-0.360259
178.7511,-0.360266
178.7682,-0.36028
178.7851,-0.360299
178.8011,-0.360316
178.8178,-0.360342
178.8345,-0.360365
178.8518,-0.360389
178.8678,-0.360413
178.8847,-0.360438
178.9027,-0.360459
178.9185,-0.360479
178.9351,-0.360497
178.952,-0.360515
178.9674,-0.360522
178.9841,-0.360525
179.0011,-0.360529
179.0183,-0.36054
179.0341,-0.360554
179.0514,-0.360567
179.0682,-0.360583
179.084,-0.3606
179.1022,-0.360626
179.1172,-0.360654
179.1337,-0.360687
179.151,-0.36072
179.168,-0.360755
179.1846,-0.360785
179.2009,-0.360823
179.2176,-0.360854
179.2341,-0.360882
179.2513,-0.360906
179.2682,-0.360929
179.284,-0.360945
179.3006,-0.360959
179.3176,-0.360973
179.3342,-0.360991
179.3508,-0.361013
179.3674,-0.361036
179.3843,-0.361049
179.401,-0.361062
179.4178,-0.361074
179.4338,-0.361086
179.4511,-0.361099
179.4672,-0.361111
179.4841,-0.361121
179.5005,-0.361137
179.5171,-0.36116
179.5339,-0.361183
179.5513,-0.361212
179.5672,-0.361237
179.5835,-0.36126
179.6006,-0.361277
179.6171,-0.361293
179.6346,-0.361302
179.6509,-0.361306
179.6672,-0.361309
179.684,-0.361323
179.7004,-0.36134
179.7169,-0.361357
179.7336,-0.361379
179.7507,-0.361404
179.7684,-0.361431
179.7844,-0.361451
179.7999,-0.361468
179.8177,-0.361486
179.8339,-0.361503
179.8509,-0.361514
179.8673,-0.361535
179.8838,-0.361558
179.9004,-0.361577
179.9183,-0.361594
179.9328,-0.361605
179.9505,-0.361615
179.9671,-0.361625
179.9836,-0.361628
180.0002,-0.361636
180.0165,-0.361645
180.0332,-0.361656
180.0503,-0.361662
180.0677,-0.361671
180.0838,-0.361688
180.0996,-0.361709
180.117,-0.361731
180.1331,-0.361763
180.1499,-0.361789
180.1669,-0.361823
180.1832,-0.361857
180.1996,-0.361886
180.2176,-0.361909
180.2332,-0.361925
180.2506,-0.361937
180.2664,-0.361944
180.2837,-0.361955
180.3,-0.361953
180.3168,-0.361954
180.3334,-0.361961
180.3497,-0.361972
180.366,-0.361986
180.3834,-0.361999
180.3995,-0.362018
180.4168,-0.362038
180.4333,-0.362061
180.4494,-0.362083
180.4668,-0.362108
180.4839,-0.362123
180.5,-0.362136
180.5178,-0.362144
180.5339,-0.362157
180.5502,-0.362166
180.5665,-0.362175
180.5829,-0.36219
180.6001,-0.362198
180.6166,-0.362206
180.6327,-0.36222
180.6497,-0.362242
180.6669,-0.362254
180.6832,-0.36227
180.6998,-0.362286
180.7154,-0.362307
180.7334,-0.362323
180.7495,-0.362342
180.7667,-0.362359
180.7835,-0.362381
180.8,-0.362409
180.8158,-0.362436
180.8335,-0.36246
180.8494,-0.362478
180.8665,-0.362495
180.8833,-0.36251
180.9005,-0.362524
180.9161,-0.362532
180.9325,-0.362539
180.949,-0.362547
180.9661,-0.362557
180.983,-0.362567
180.9992,-0.362582
181.0154,-0.3626
181.0322,-0.362616
181.0491,-0.362629
181.0662,-0.362647
181.0823,-0.362668
181.0995,-0.362693
181.1149,-0.362718
181.1329,-0.362743
181.1489,-0.362771
181.1665,-0.362801
181.1828,-0.362825
181.1994,-0.362851
181.2168,-0.36287
181.2333,-0.362889
181.2491,-0.362903
181.2659,-0.362918
181.283,-0.362936
181.2995,-0.362955
181.3159,-0.362974
181.333,-0.362994
181.35,-0.363005
181.3667,-0.363017
181.3836,-0.363035
181.4001,-0.363045
181.4161,-0.363046
181.433,-0.363044
181.4499,-0.363044
181.466,-0.363049
181.483,-0.363056
181.4994,-0.363066
181.5162,-0.363082
181.5326,-0.363094
181.5498,-0.363113
181.5661,-0.363134
181.5831,-0.363149
181.5992,-0.363161
181.6161,-0.36317
181.6332,-0.363183
181.6495,-0.363194
181.6664,-0.363198
181.6826,-0.363204
181.6991,-0.363216
181.7158,-0.363234
181.7331,-0.363259
181.7492,-0.36328
181.766,-0.363304
181.7828,-0.363318
181.7997,-0.363332
181.8158,-0.363343
181.8338,-0.363354
181.8492,-0.363366
181.8664,-0.363378
181.8835,-0.36339
181.9,-0.363397
181.9164,-0.363403
181.9337,-0.363418
181.9499,-0.363432
181.9666,-0.363456
181.9826,-0.363484
181.9995,-0.363517
182.0163,-0.363544
182.0337,-0.363573
182.0503,-0.363601
182.0661,-0.363622
182.0831,-0.36364
182.0991,-0.363657
182.1159,-0.363667
182.1333,-0.363678
182.1501,-0.363696
182.1672,-0.363717
182.1844,-0.363743
182.2,-0.363771
182.2173,-0.363793
182.2334,-0.363815
182.2508,-0.363835
182.2675,-0.36385
182.285,-0.363869
182.3008,-0.363884
182.3172,-0.363896
182.334,-0.363899
182.35,-0.3639
182.3672,-0.363912
182.3841,-0.36393
182.4007,-0.363951
182.4168,-0.363971
182.4341,-0.364002
182.4513,-0.364033
182.4673,-0.364065
182.4848,-0.364103
182.5013,-0.364134
182.518,-0.364158
182.5347,-0.364182
182.5514,-0.364203
182.5683,-0.364215
182.5841,-0.364221
182.6014,-0.364228
182.6183,-0.364248
182.6342,-0.364272
182.6509,-0.364298
182.6676,-0.364326
182.6843,-0.364354
182.7009,-0.364384
182.7181,-0.364418
182.7343,-0.364458
182.7505,-0.364496
182.7683,-0.364526
182.7846,-0.364556
182.8015,-0.364585
182.8182,-0.364617
182.8345,-0.364642
182.8512,-0.364671
182.8671,-0.364703
182.8844,-0.364737
182.9011,-0.364772
182.9178,-0.364813
182.9352,-0.364852
182.9507,-0.364885
182.9678,-0.364913
182.9844,-0.364939
183.0013,-0.364966
183.0174,-0.364993
183.0341,-0.365023
183.0506,-0.365055
183.0674,-0.36509
183.0847,-0.365121
183.101,-0.365153
183.1176,-0.365178
183.1342,-0.365199
183.1508,-0.365222
183.1674,-0.365243
183.1838,-0.365262
183.2005,-0.365281
183.2172,-0.365306
183.234,-0.365328
183.2507,-0.365355
183.2668,-0.365385
183.2841,-0.365418
183.3003,-0.365458
183.3173,-0.365493
183.3347,-0.36553
183.3505,-0.365557
183.3675,-0.365582
183.3845,-0.365606
183.4013,-0.365627
183.4173,-0.36564
183.4338,-0.365656
183.4503,-0.365669
183.4676,-0.365679
183.4838,-0.365695
183.5006,-0.365713
183.5173,-0.365729
183.5339,-0.365751
183.5504,-0.365776
183.568,-0.365797
183.5828,-0.36581
183.6009,-0.365819
183.6174,-0.365828
183.634,-0.365838
183.6504,-0.365849
183.6669,-0.365868
183.6832,-0.365887
183.7003,-0.365908
183.7177,-0.36593
183.7342,-0.365959
183.7507,-0.365989
183.7673,-0.366013
183.7838,-0.366033
183.8011,-0.366047
183.8174,-0.366058
183.8337,-0.366063
183.8502,-0.366072
183.867,-0.366082
183.8843,-0.366089
183.8999,-0.366092
183.917,-0.3661
183.9341,-0.36611
183.9515,-0.366121
183.9676,-0.36614
183.9839,-0.366158
184.0003,-0.366174
184.0173,-0.366181
184.0343,-0.366185
184.0511,-0.36619
184.0672,-0.366205
184.0836,-0.366219
184.1,-0.366236
184.1176,-0.366249
184.1333,-0.366264
184.1512,-0.366287
184.1673,-0.366315
184.1842,-0.36634
184.201,-0.366366
184.2185,-0.36639
184.2347,-0.366416
184.2511,-0.366445
184.2675,-0.366469
184.2851,-0.366493
184.301,-0.366518
184.3181,-0.366538
184.3344,-0.366564
184.3513,-0.366591
184.3683,-0.366619
184.3848,-0.366647
184.4017,-0.366674
184.4184,-0.366698
184.4351,-0.36672
184.4517,-0.366739
184.4686,-0.366761
184.4848,-0.366781
184.5013,-0.366793
184.5186,-0.366801
184.5346,-0.366821
184.5524,-0.366842
184.5685,-0.366865
184.5851,-0.366889
184.6016,-0.36691
184.6188,-0.366934
184.6346,-0.366955
184.6515,-0.366974
184.6678,-0.366989
184.6853,-0.367006
184.7014,-0.367026
184.7184,-0.367049
184.7353,-0.367069
184.7523,-0.367086
184.7688,-0.367102
184.7856,-0.367123
184.8015,-0.367147
184.8189,-0.367177
184.8351,-0.367208
184.8518,-0.367239
184.8689,-0.367273
184.8856,-0.367302
184.9026,-0.36733
184.9183,-0.367351
184.9362,-0.367369
184.952,-0.367387
184.9687,-0.367409
184.9851,-0.367433
185.0014,-0.367466
185.0183,-0.367493
185.0361,-0.367525
185.0522,-0.367548
185.0684,-0.367575
185.0854,-0.367597
185.1019,-0.367618
185.1183,-0.367639
185.1349,-0.367665
185.1525,-0.36769
185.1686,-0.367714
185.1854,-0.36773
185.2025,-0.367754
185.2188,-0.367776
185.2354,-0.367798
185.2519,-0.367818
185.2684,-0.367839
185.2857,-0.367869
185.3024,-0.367899
185.3178,-0.367927
185.3346,-0.367953
185.352,-0.367984
185.3688,-0.368012
185.3854,-0.368049
185.4021,-0.368081
185.4187,-0.368103
185.4355,-0.368119
185.4525,-0.368133
185.4693,-0.368149
185.4852,-0.368166
185.5011,-0.368179
185.5186,-0.368197
185.5351,-0.368218
185.5519,-0.368234
185.5688,-0.368257
185.5852,-0.368282
185.602,-0.368304
185.6184,-0.368328
185.6351,-0.368353
185.6519,-0.368377
185.6689,-0.368396
185.6851,-0.368407
185.7028,-0.368421
185.7183,-0.36843
185.7353,-0.368448
185.7517,-0.368464
185.7686,-0.368486
185.7844,-0.368508
185.8013,-0.368532
185.8192,-0.368559
185.8348,-0.368584
185.8521,-0.368605
185.8681,-0.368621
185.8847,-0.368635
185.902,-0.368643
185.9189,-0.368653
185.9347,-0.368661
185.9514,-0.368678
185.9681,-0.368693
185.9841,-0.368705
186.0007,-0.368714
186.0187,-0.368735
186.0346,-0.36877
186.052,-0.368805
186.068,-0.368842
186.0845,-0.368869
186.1019,-0.368896
186.1188,-0.368923
186.1351,-0.368949
186.1515,-0.368969
186.1688,-0.36898
186.1854,-0.368988
186.2014,-0.368995
186.2188,-0.369005
186.2349,-0.369017
186.252,-0.369029
186.2691,-0.369043
186.2849,-0.369058
186.3022,-0.369079
186.3184,-0.369099
186.3356,-0.369119
186.3524,-0.369137
186.3683,-0.369152
186.3856,-0.369167
186.4023,-0.369183
186.419,-0.369197
186.4358,-0.369213
186.4521,-0.369227
186.4688,-0.369243
186.4847,-0.369257
186.5026,-0.369264
186.5188,-0.369273
186.535,-0.369283
186.552,-0.369297
186.5687,-0.369311
186.5855,-0.36932
186.6023,-0.369336
186.6185,-0.369358
186.6354,-0.369385
186.6519,-0.369404
186.6685,-0.369424
186.6856,-0.369445
186.7023,-0.369465
186.7197,-0.369482
186.7356,-0.369503
186.7529,-0.369517
186.7687,-0.369534
186.7855,-0.369557
186.8023,-0.369583
186.819,-0.369604
186.8352,-0.369622
186.8527,-0.369636
186.8692,-0.369652
186.8858,-0.369663
186.9022,-0.369677
186.9189,-0.369691
186.9361,-0.369702
186.9529,-0.369716
186.9692,-0.369734
186.9854,-0.369758
187.0029,-0.369777
187.0188,-0.369794
187.0367,-0.36981
187.0533,-0.36983
187.0695,-0.36985
187.0857,-0.369868
187.1023,-0.369886
187.1191,-0.369897
187.1363,-0.369915
187.1524,-0.369936
187.1689,-0.369957
187.1864,-0.369978
187.2035,-0.369996
187.2194,-0.370013
187.2364,-0.370027
187.2521,-0.370051
187.2696,-0.370071
187.2856,-0.370088
187.3025,-0.370107
187.3192,-0.370126
187.337,-0.370144
187.3519,-0.370165
187.3689,-0.370188
187.3856,-0.370209
187.4033,-0.370238
187.4188,-0.37026
187.4361,-0.370277
187.4521,-0.370292
187.4693,-0.370308
187.4865,-0.370329
187.5027,-0.370349
187.5182,-0.370367
187.5366,-0.370385
187.5531,-0.370405
187.5695,-0.370422
187.5848,-0.370447
187.6026,-0.370478
187.6191,-0.370501
187.6352,-0.370527
187.652,-0.370554
187.669,-0.370582
187.6859,-0.370603
187.7026,-0.37063
187.7188,-0.370656
187.7364,-0.370681
187.7528,-0.37071
187.7692,-0.370735
187.7865,-0.370761
187.8027,-0.370784
187.8196,-0.370798
187.8363,-0.370818
187.8527,-0.370839
187.8694,-0.370864
187.8867,-0.370886
187.902,-0.370915
187.9194,-0.37094
187.9366,-0.370962
187.9534,-0.370981
187.9688,-0.370997
187.9859,-0.371019
188.0021,-0.371037
188.0194,-0.371051
188.0349,-0.371071
188.0527,-0.371101
188.0702,-0.371126
188.0854,-0.371154
188.1021,-0.37118
188.1193,-0.371205
188.1358,-0.371226
188.1519,-0.371247
188.1689,-0.371268
188.1853,-0.37129
188.2013,-0.371304
188.219,-0.37132
188.2349,-0.37134
188.252,-0.371356
188.2686,-0.371376
188.2849,-0.371392
188.302,-0.371408
188.3184,-0.371427
188.335,-0.371452
188.3525,-0.371477
188.369,-0.371501
188.3859,-0.371523
188.4015,-0.371546
188.4182,-0.371565
188.4351,-0.37159
188.4516,-0.37161
188.4678,-0.371629
188.4853,-0.371643
188.5019,-0.371661
188.5186,-0.371676
188.5346,-0.371694
188.5524,-0.371709
188.5687,-0.371724
188.5854,-0.371734
188.6022,-0.371744
188.6186,-0.371757
188.635,-0.371769
188.6522,-0.371777
188.6686,-0.371793
188.6851,-0.371806
188.7022,-0.371814
188.719,-0.371819
188.735,-0.371831
188.7524,-0.371847
188.768,-0.371862
188.7855,-0.371874
188.8018,-0.371885
188.819,-0.371899
188.8354,-0.371918
188.852,-0.371934
188.8681,-0.371951
188.8854,-0.37196
188.9022,-0.371969
188.9192,-0.371978
188.9358,-0.371991
188.9516,-0.372008
188.968,-0.372025
188.9854,-0.372043
189.002,-0.372064
189.0185,-0.372088
189.0361,-0.3721
189.0535,-0.372118
189.07,-0.372143
189.0858,-0.372165
189.1026,-0.372193
189.1185,-0.37221
189.1366,-0.372226
189.1528,-0.372245
189.1688,-0.372264
189.1864,-0.372281
189.203,-0.372295
189.2202,-0.372311
189.2359,-0.372332
189.253,-0.372348
189.2691,-0.372363
189.2868,-0.37238
189.3038,-0.372394
189.3202,-0.372409
189.337,-0.372419
189.3534,-0.372421
189.3704,-0.372422
189.3866,-0.372425
189.4029,-0.37244
189.4193,-0.372451
189.435,-0.372456
189.4528,-0.372461
189.4695,-0.372468
189.4857,-0.372485
189.5014,-0.372505
189.5187,-0.372529
189.5349,-0.372552
189.5521,-0.372566
189.5693,-0.372585
189.585,-0.372605
189.602,-0.372625
189.6184,-0.372652
189.6352,-0.372678
189.6515,-0.372704
189.668,-0.372731
189.6847,-0.372764
189.7016,-0.372805
189.7191,-0.372846
189.7356,-0.372886
189.7518,-0.372929
189.7691,-0.372964
189.7852,-0.37299
189.8024,-0.373021
189.819,-0.373055
189.836,-0.373083
189.8521,-0.373106
189.8695,-0.373127
189.8863,-0.373154
189.9031,-0.373178
189.9194,-0.373205
189.9367,-0.373232
189.9531,-0.37325
189.9702,-0.373273
189.9859,-0.373302
190.0028,-0.373338
190.0197,-0.373366
190.0366,-0.373389
190.0534,-0.37341
190.0702,-0.373426
190.0864,-0.373441
190.1028,-0.373447
190.1192,-0.373449
190.136,-0.373445
190.152,-0.373442
190.1695,-0.373448
190.1846,-0.373458
190.2019,-0.373468
190.2193,-0.373484
190.2352,-0.373503
190.2519,-0.373523
190.2681,-0.37355
190.2857,-0.373574
190.3016,-0.373598
190.3185,-0.373623
190.3348,-0.373648
190.3516,-0.373672
190.3681,-0.373704
190.3857,-0.373736
190.4027,-0.373765
190.4191,-0.373795
190.4354,-0.373829
190.4521,-0.373859
190.4696,-0.373883
190.4864,-0.373908
190.5019,-0.373927
190.5196,-0.373941
190.5357,-0.373953
190.5526,-0.373969
190.5701,-0.373987
190.5855,-0.374003
190.6016,-0.37401
190.6182,-0.374024
190.6355,-0.374037
190.6524,-0.374053
190.669,-0.374068
190.6847,-0.37408
190.7021,-0.374098
190.7186,-0.374104
190.7358,-0.374111
190.7517,-0.374121
190.7691,-0.374135
190.7848,-0.374145
190.8015,-0.374153
190.8182,-0.374163
190.8353,-0.374169
190.8523,-0.37418
190.8688,-0.374192
190.8854,-0.37421
190.9018,-0.37422
190.9186,-0.374231
190.9355,-0.374249
190.9521,-0.374282
190.9692,-0.374305
190.9862,-0.37433
191.0018,-0.374357
191.0192,-0.374379
191.0353,-0.3744
191.0521,-0.374417
191.0691,-0.374433
191.0861,-0.374446
191.1029,-0.374462
191.1184,-0.374476
191.135,-0.374495
191.1514,-0.374505
191.1693,-0.374515
191.186,-0.374523
191.2022,-0.37454
191.2197,-0.374562
191.2355,-0.374577
191.2526,-0.374591
191.2691,-0.374602
191.2861,-0.374617
191.3028,-0.374627
191.319,-0.374645
191.3357,-0.374665
191.3521,-0.37468
191.3697,-0.374699
191.3862,-0.37472
191.4032,-0.374734
191.419,-0.374747
191.4355,-0.374766
191.4527,-0.374782
191.4688,-0.374804
191.4847,-0.374827
191.5025,-0.374848
191.5198,-0.37487
191.5351,-0.374888
191.5527,-0.374912
191.5698,-0.374937
191.5857,-0.37495
191.6027,-0.374966
191.619,-0.374976
191.6362,-0.374988
191.6531,-0.375002
191.6697,-0.375018
191.685,-0.375029
191.702,-0.375041
191.7195,-0.375055
191.7359,-0.375072
191.7523,-0.375098
191.7683,-0.375124
191.7857,-0.375147
191.8022,-0.375167
191.82,-0.375196
191.8356,-0.375226
191.8518,-0.375254
191.8692,-0.375272
191.8859,-0.375289
191.9033,-0.375296
191.9195,-0.375307
191.9355,-0.375319
191.9518,-0.375325
191.9685,-0.375332
191.9858,-0.375343
192.0019,-0.375352
192.019,-0.375366
192.0355,-0.375376
192.0528,-0.375383
192.0695,-0.375396
192.0859,-0.375413
192.1019,-0.375433
192.1185,-0.375452
192.1357,-0.375472
192.1532,-0.375506
192.1688,-0.375533
192.1857,-0.375557
192.203,-0.375575
192.2194,-0.375584
192.2367,-0.375593
192.253,-0.375608
192.2692,-0.375618
192.2862,-0.375633
192.3028,-0.375649
192.3191,-0.37566
192.3363,-0.375672
192.3525,-0.37569
192.3692,-0.375704
192.3861,-0.375711
192.4029,-0.375718
192.4198,-0.375727
192.436,-0.375744
192.4525,-0.375761
192.4697,-0.375779
192.486,-0.375802
192.5028,-0.375829
192.5195,-0.375855
192.5365,-0.375876
192.5538,-0.375894
192.57,-0.375911
192.5868,-0.375924
192.6032,-0.375935
192.6196,-0.375945
192.6369,-0.375957
192.6537,-0.375975
192.6698,-0.375992
192.6866,-0.37601
192.7033,-0.376033
192.7203,-0.376053
192.7368,-0.376078
192.7528,-0.376106
192.77,-0.376133
192.7878,-0.37615
192.8038,-0.376164
192.82,-0.376177
192.837,-0.376189
192.8541,-0.376193
192.87,-0.376202
192.8869,-0.376214
192.9043,-0.376224
192.9202,-0.376238
192.9369,-0.376249
192.9539,-0.37627
192.97,-0.376294
192.9866,-0.376313
193.0033,-0.376334
193.0202,-0.37636
193.038,-0.376389
193.0541,-0.376421
193.0705,-0.376453
193.0878,-0.376488
193.1039,-0.376517
193.1201,-0.376544
193.1372,-0.376567
193.1544,-0.376586
193.1712,-0.376609
193.1873,-0.376633
193.2046,-0.376654
193.2213,-0.376672
193.237,-0.376688
193.2542,-0.376701
193.2706,-0.376723
193.2867,-0.376741
193.3038,-0.376773
193.3205,-0.376803
193.3375,-0.376839
193.3538,-0.376877
193.3708,-0.376912
193.3878,-0.376944
193.4044,-0.376972
193.4208,-0.376998
193.4369,-0.377026
193.4536,-0.37705
193.4713,-0.377078
193.487,-0.37711
193.5044,-0.377131
193.5211,-0.377146
193.5378,-0.377156
193.5543,-0.377166
193.5702,-0.377179
193.5869,-0.377188
193.6029,-0.377197
193.6203,-0.377211
193.6372,-0.377229
193.6537,-0.37726
193.6708,-0.377297
193.687,-0.377334
193.7045,-0.377372
193.721,-0.377409
193.7372,-0.377449
193.755,-0.377481
193.7703,-0.377505
193.7877,-0.377522
193.8046,-0.377539
193.8217,-0.377556
193.8373,-0.377567
193.8539,-0.377583
193.8709,-0.377592
193.888,-0.377593
193.9048,-0.377607
193.921,-0.377623
193.9382,-0.377648
193.9536,-0.377671
193.9707,-0.377699
193.9879,-0.377719
194.005,-0.377738
194.0216,-0.377752
194.0377,-0.37777
194.0545,-0.377788
194.0712,-0.377806
194.0876,-0.377822
194.1048,-0.377836
194.1208,-0.377856
194.1375,-0.377876
194.1546,-0.3779
194.1709,-0.377917
194.1878,-0.377928
194.2047,-0.377949
194.2216,-0.37797
194.2379,-0.377986
194.2543,-0.377993
194.2712,-0.378004
194.2879,-0.378014
194.3047,-0.378035
194.3208,-0.378063
194.3373,-0.378092
194.3544,-0.378113
194.3714,-0.378138
194.3875,-0.378166
194.4053,-0.378196
194.4211,-0.37821
194.4377,-0.378218
194.4546,-0.378227
194.4706,-0.378238
194.4876,-0.378253
194.5035,-0.37827
194.5212,-0.378291
194.5379,-0.378306
194.5556,-0.378326
194.5714,-0.378355
194.5879,-0.378383
194.6042,-0.378402
194.6217,-0.378411
194.6386,-0.378419
194.6545,-0.378436
194.6712,-0.378451
194.6878,-0.378474
194.7042,-0.378504
194.7216,-0.378527
194.7382,-0.378556
194.7551,-0.378577
194.7712,-0.378595
194.788,-0.378608
194.8046,-0.37862
194.8219,-0.378628
194.8382,-0.378641
194.855,-0.378648
194.8723,-0.378663
194.8881,-0.37868
194.9043,-0.378696
194.921,-0.378716
194.9378,-0.378732
194.9545,-0.378742
194.9713,-0.378755
194.9882,-0.378766
195.0048,-0.37878
195.0212,-0.378791
195.0377,-0.378803
195.0548,-0.37881
195.0711,-0.37883
195.0885,-0.378853
195.1049,-0.378872
195.1215,-0.378891
195.1379,-0.378907
195.1548,-0.378924
195.1713,-0.378935
195.1875,-0.378957
195.2041,-0.378979
195.2215,-0.378996
195.238,-0.379012
195.2542,-0.379028
195.2712,-0.379051
195.2876,-0.379072
195.3038,-0.379092
195.3208,-0.379108
195.338,-0.379125
195.3549,-0.379139
195.3716,-0.379153
195.3883,-0.379164
195.4044,-0.379172
195.4216,-0.379184
195.4375,-0.379195
195.4543,-0.379207
195.4714,-0.379219
195.4871,-0.379234
195.5048,-0.379251
195.521,-0.379275
195.5377,-0.379296
195.5541,-0.379323
195.5706,-0.379353
195.5881,-0.379383
195.604,-0.379411
195.621,-0.379434
195.6377,-0.379455
195.654,-0.379474
195.6713,-0.379492
195.6878,-0.379505
195.7049,-0.379512
195.7211,-0.379527
195.7367,-0.379538
195.7549,-0.379543
195.7715,-0.379554
195.7881,-0.379562
195.8044,-0.379572
195.8215,-0.379584
195.838,-0.379593
195.8548,-0.379606
195.8712,-0.379621
195.888,-0.379634
195.9044,-0.379636
195.9213,-0.379646
195.9385,-0.379653
195.9549,-0.379663
195.972,-0.379668
195.9872,-0.379663
196.0049,-0.379656
196.0215,-0.379657
196.0379,-0.379666
196.0544,-0.379676
196.071,-0.379697
196.0883,-0.379709
196.1046,-0.379725
196.1216,-0.379741
196.1373,-0.379757
196.1548,-0.379771
196.1715,-0.37978
196.1881,-0.379798
196.2051,-0.379811
196.2218,-0.379827
196.2375,-0.379836
196.2552,-0.379844
196.2729,-0.379859
196.2877,-0.379876
196.3056,-0.379895
196.3207,-0.379917
196.3384,-0.379932
196.3559,-0.379949
196.3719,-0.379969
196.3892,-0.379984
196.4052,-0.380005
196.4226,-0.380017
196.439,-0.38003
196.4556,-0.380046
196.4728,-0.380062
196.4888,-0.380077
196.5053,-0.380093
196.5215,-0.380101
196.5381,-0.380108
196.5557,-0.380114
196.5719,-0.380124
196.5885,-0.380139
196.605,-0.38015
196.6216,-0.380168
196.6388,-0.38018
196.6555,-0.380199
196.6721,-0.380209
196.6883,-0.380221
196.7061,-0.380231
196.7221,-0.38024
196.7391,-0.380256
196.7554,-0.380277
196.7719,-0.3803
196.7896,-0.38032
196.8058,-0.380337
196.8222,-0.380352
196.8388,-0.380362
196.8559,-0.380374
196.8719,-0.380383
196.8882,-0.3804
196.9048,-0.380417
196.9217,-0.380436
196.9391,-0.38046
196.9556,-0.380485
196.9718,-0.380516
196.9893,-0.380545
197.006,-0.38057
197.0225,-0.38059
197.039,-0.380612
197.0559,-0.380633
197.0721,-0.380651
197.0891,-0.380675
197.1062,-0.380698
197.1226,-0.38072
197.139,-0.380732
197.1562,-0.380746
197.1727,-0.380766
197.1897,-0.380781
197.2056,-0.380784
197.2217,-0.380801
197.239,-0.380816
197.2552,-0.380822
197.2719,-0.380832
197.2888,-0.380847
197.305,-0.380867
197.3223,-0.380885
197.339,-0.380902
197.3555,-0.380923
197.3717,-0.380947
197.3886,-0.380964
197.4058,-0.380985
197.4223,-0.381013
197.4381,-0.381034
197.4545,-0.381056
197.4715,-0.381081
197.4888,-0.381106
197.5055,-0.381131
197.5219,-0.381151
197.5388,-0.381174
197.5552,-0.381191
197.5726,-0.381212
197.5894,-0.381231
197.6054,-0.381254
197.6217,-0.381274
197.638,-0.381303
197.6562,-0.381329
197.6716,-0.381352
197.6893,-0.38137
197.7046,-0.381392
197.7226,-0.381408
197.7379,-0.381418
197.7553,-0.381439
197.7716,-0.381457
197.7889,-0.381482
197.8063,-0.381497
197.8219,-0.381519
197.8388,-0.381541
197.8554,-0.381562
197.8724,-0.381585
197.8879,-0.38161
197.9057,-0.381638
197.9223,-0.381661
197.9385,-0.381686
197.9559,-0.381704
197.972,-0.381725
197.9886,-0.381736
198.0048,-0.381744
198.0229,-0.381743
198.0385,-0.381743
198.0552,-0.381742
198.0715,-0.381745
198.0881,-0.381748
198.1063,-0.38176
198.1223,-0.381786
198.139,-0.381823
198.1556,-0.381852
198.1715,-0.381881
198.1892,-0.381901
198.206,-0.381917
198.2229,-0.38193
198.239,-0.381939
198.2554,-0.381949
198.2725,-0.381955
198.2888,-0.381958
198.3059,-0.381969
198.3221,-0.381988
198.3396,-0.382008
198.3557,-0.382024
198.3723,-0.382034
198.3891,-0.382044
198.4057,-0.382055
198.422,-0.382068
198.4387,-0.38208
198.4554,-0.382093
198.4725,-0.382104
198.4894,-0.382108
198.5063,-0.382126
198.5223,-0.382141
198.5392,-0.382156
198.5557,-0.382168
198.5723,-0.382176
198.5896,-0.382187
198.6055,-0.382203
198.6223,-0.382212
198.6401,-0.382224
198.6553,-0.382228
198.6729,-0.382233
198.689,-0.382244
198.7059,-0.382253
198.7224,-0.382267
198.7395,-0.382286
198.757,-0.382299
198.7727,-0.382321
198.7893,-0.382339
198.8065,-0.382358
198.8238,-0.38237
198.8394,-0.382383
198.8558,-0.382399
198.8725,-0.382414
198.8894,-0.382431
198.9057,-0.382446
198.9227,-0.382459
198.9396,-0.382477
198.9565,-0.382499
198.9726,-0.382513
198.9893,-0.382537
199.0055,-0.382561
199.0222,-0.382576
199.0399,-0.382595
199.0562,-0.382608
199.0731,-0.382619
199.089,-0.382628
199.1058,-0.382636
199.1229,-0.382646
199.1397,-0.382656
199.1558,-0.382667
199.1728,-0.382676
199.1897,-0.382697
199.2063,-0.382717
199.2229,-0.382741
199.2395,-0.382768
199.2558,-0.382791
199.273,-0.382812
199.2892,-0.382831
199.3064,-0.382855
199.3227,-0.382869
199.3394,-0.382881
199.3563,-0.382893
199.3723,-0.382912
199.3891,-0.382934
199.4051,-0.382961
199.4227,-0.382984
199.4391,-0.383005
199.4566,-0.383029
199.4724,-0.383051
199.4895,-0.383076
199.5058,-0.383091
199.523,-0.383114
199.5397,-0.383144
199.5558,-0.383173
199.573,-0.383195
199.5895,-0.383215
199.6064,-0.38323
199.623,-0.383242
199.6396,-0.383253
199.6563,-0.383262
199.6732,-0.383268
199.6889,-0.383271
199.7061,-0.383281
199.7228,-0.383295
199.7398,-0.383308
199.756,-0.383326
199.7724,-0.383342
199.7889,-0.383362
199.8062,-0.383378
199.8217,-0.383393
199.8396,-0.383411
199.8555,-0.383438
199.8722,-0.383465
199.8891,-0.383491
199.9059,-0.383523
199.9224,-0.383549
199.9402,-0.383565
199.9553,-0.383581
199.9723,-0.383592
199.9899,-0.383602
200.0054,-0.383613
200.0219,-0.383624
200.0394,-0.383641
200.0562,-0.383648
200.0726,-0.383658
200.0895,-0.383676
200.1053,-0.383693
200.1224,-0.383701
200.1392,-0.383715
200.1554,-0.38372
200.173,-0.383729
200.1895,-0.383741
200.2057,-0.383755
200.2225,-0.383771
200.2398,-0.383793
200.2563,-0.383809
200.2727,-0.383828
200.2898,-0.383847
200.3072,-0.383866
200.3232,-0.383884
200.3396,-0.383901
200.3565,-0.383912
200.3728,-0.383922
200.3901,-0.383933
200.4069,-0.383944
200.4231,-0.383957
200.4402,-0.383966
200.4565,-0.383975
200.4735,-0.383987
200.4897,-0.383998
200.5061,-0.38401
200.5237,-0.38402
200.5392,-0.384037
200.5573,-0.384056
200.5723,-0.384077
200.5905,-0.384103
200.6071,-0.384113
200.6234,-0.384124
200.6404,-0.384135
200.6563,-0.384153
200.6731,-0.384173
200.6897,-0.384193
200.7064,-0.384212
200.7234,-0.384234
200.7401,-0.38426
200.7573,-0.384273
200.7732,-0.384281
200.7893,-0.384287
200.8063,-0.384287
200.8233,-0.384295
200.8392,-0.384304
200.857,-0.384321
200.873,-0.384347
200.8899,-0.38437
200.9068,-0.384395
200.9232,-0.384425
200.9405,-0.384455
200.957,-0.384487
200.9731,-0.384509
200.9903,-0.384526
201.0064,-0.384548
201.0233,-0.384562
201.04,-0.384578
201.0562,-0.384588
201.0738,-0.384597
201.0903,-0.384605
201.1069,-0.384616
201.1226,-0.384631
201.1395,-0.38465
201.1565,-0.384672
201.1725,-0.384697
201.1901,-0.38472
201.2065,-0.384749
201.2237,-0.384777
201.2398,-0.384798
201.256,-0.384816
201.2732,-0.384837
201.2898,-0.384856
201.3065,-0.384871
201.3232,-0.384881
201.3393,-0.384891
201.3562,-0.384904
201.3729,-0.384913
201.3899,-0.384931
201.4068,-0.384949
201.4224,-0.384965
201.4409,-0.384985
201.4569,-0.385002
201.4731,-0.385016
201.49,-0.385037
201.5066,-0.385058
201.5232,-0.385077
201.5392,-0.385097
201.5568,-0.385114
201.5725,-0.385134
201.5902,-0.385155
201.6059,-0.385174
201.6227,-0.385193
201.6397,-0.385216
201.6568,-0.385239
201.6728,-0.385263
201.6896,-0.385286
201.7057,-0.385304
201.7234,-0.385322
201.7389,-0.385333
201.7563,-0.38534
201.7723,-0.385347
201.7892,-0.385352
201.8061,-0.385356
201.8229,-0.38537
201.8394,-0.385391
201.8557,-0.385416
201.8735,-0.385444
201.8909,-0.38547
201.9063,-0.385493
201.9232,-0.38551
201.9398,-0.385519
201.9562,-0.385515
201.9725,-0.385511
201.9897,-0.385512
202.0064,-0.385513
202.0235,-0.385517
202.0392,-0.385522
202.0561,-0.38554
202.074,-0.385557
202.0894,-0.385581
202.1065,-0.385602
202.1232,-0.385616
202.1405,-0.385633
202.1571,-0.385645
202.1741,-0.385655
202.1896,-0.385661
202.2065,-0.385663
202.2235,-0.385665
202.2396,-0.38567
202.2566,-0.385682
202.2728,-0.385694
202.2901,-0.385699
202.3065,-0.385705
202.3239,-0.385718
202.3394,-0.385734
202.3575,-0.385751
202.3727,-0.385768
202.3902,-0.385786
202.4076,-0.385808
202.4241,-0.385828
202.4399,-0.385851
202.4568,-0.385869
202.4739,-0.385872
202.4908,-0.385874
202.5069,-0.385879
202.5242,-0.385889
202.5401,-0.385896
202.5572,-0.38591
202.5737,-0.385924
202.5907,-0.385942
202.6071,-0.385964
202.6242,-0.38598
202.641,-0.385999
202.6574,-0.386023
202.674,-0.386044
202.6902,-0.386069
202.7074,-0.38609
202.7244,-0.386111
202.7402,-0.38613
202.7571,-0.386147
202.7737,-0.38616
202.7896,-0.386169
202.8072,-0.386177
202.8231,-0.386189
202.8401,-0.386205
202.8568,-0.386226
202.8731,-0.386247
202.89,-0.386268
202.907,-0.386287
202.9244,-0.386308
202.9403,-0.386333
202.9574,-0.386347
202.9741,-0.386358
202.9897,-0.386374
203.007,-0.38639
203.0244,-0.386403
203.0403,-0.386417
203.0571,-0.386434
203.074,-0.38646
203.0904,-0.386486
203.1074,-0.386511
203.1236,-0.386543
203.1402,-0.386566
203.1566,-0.386584
203.1732,-0.386599
203.1907,-0.386613
203.2076,-0.386626
203.2233,-0.386643
203.2399,-0.386662
203.2568,-0.386684
203.2742,-0.386706
203.2905,-0.386732
203.307,-0.386766
203.3245,-0.386803
203.3399,-0.386834
203.3566,-0.386859
203.3741,-0.386883
203.3904,-0.386904
203.4073,-0.386925
203.4228,-0.386943
203.4403,-0.386962
203.4574,-0.386977
203.4744,-0.386988
203.4904,-0.387001
203.5069,-0.387021
203.5238,-0.387038
203.5403,-0.387052
203.5568,-0.387068
203.5735,-0.387085
203.5905,-0.387096
203.6075,-0.387104
203.6235,-0.387117
203.6409,-0.387135
203.6571,-0.387148
203.6735,-0.387166
203.6904,-0.387183
203.7074,-0.387203
203.7241,-0.387222
203.7409,-0.387239
203.7573,-0.387261
203.7732,-0.387276
203.7905,-0.387286
203.8071,-0.387305
203.8237,-0.387328
203.8406,-0.387348
203.8571,-0.387367
203.8737,-0.387382
203.8916,-0.3874
203.908,-0.387408
203.9238,-0.387422
203.9413,-0.387437
203.9571,-0.387448
203.9741,-0.387454
203.9907,-0.387467
204.0072,-0.387486
204.0244,-0.387503
204.0401,-0.387525
204.0572,-0.387544
204.0742,-0.387555
204.0907,-0.387565
204.1075,-0.387571
204.1243,-0.387584
204.1411,-0.3876
204.1581,-0.387617
204.1742,-0.387636
204.1912,-0.387651
204.208,-0.387662
204.2241,-0.387675
204.2413,-0.387679
204.2578,-0.387689
204.2744,-0.387694
204.2908,-0.387702
204.308,-0.387714
204.324,-0.387731
204.3414,-0.387753
204.3574,-0.387774
204.3747,-0.387798
204.391,-0.387823
204.4082,-0.387851
204.4243,-0.387872
204.4413,-0.387899
204.4573,-0.387925
204.4748,-0.387945
204.4907,-0.387965
204.5079,-0.387985
204.5242,-0.388007
204.5421,-0.388024
204.5577,-0.388041
204.5753,-0.388055
204.5913,-0.388071
204.608,-0.388088
204.6245,-0.388103
204.642,-0.388124
204.6575,-0.388147
204.6751,-0.388163
204.6907,-0.388175
204.708,-0.388182
204.7256,-0.388189
204.741,-0.388191
204.7587,-0.3882
204.7746,-0.388218
204.7913,-0.388241
204.8084,-0.388264
204.8247,-0.388292
204.8421,-0.388315
204.8582,-0.388341
204.8758,-0.388364
204.8913,-0.38838
204.9083,-0.3884
204.9254,-0.388416
204.9425,-0.388431
204.959,-0.388443
204.9759,-0.388455
204.9924,-0.388471
205.009,-0.388485
205.0246,-0.388504
205.0409,-0.388522
205.0584,-0.388536
205.0752,-0.388557
205.092,-0.38858
205.1086,-0.388603
205.1252,-0.388622
205.1419,-0.388637
205.1591,-0.388651
205.1748,-0.38867
205.1922,-0.388692
205.2082,-0.388715
205.2255,-0.388739
205.2422,-0.388765
205.2589,-0.388799
205.2761,-0.388828
205.2924,-0.388859
205.3093,-0.388879
205.3263,-0.388893
205.3418,-0.388904
205.3592,-0.388918
205.3752,-0.388936
205.3931,-0.388954
205.4092,-0.388975
205.4257,-0.389005
205.4424,-0.38903
205.4599,-0.389055
205.4754,-0.38908
205.4933,-0.389107
205.5095,-0.38913
205.526,-0.389149
205.5422,-0.389166
205.5594,-0.389178
205.576,-0.389191
205.5924,-0.389214
205.609,-0.389238
205.626,-0.389263
205.6423,-0.389281
205.6594,-0.389303
205.677,-0.389324
205.6919,-0.389347
205.7092,-0.389368
205.7261,-0.389393
205.7431,-0.389418
205.7591,-0.389438
205.7768,-0.389463
205.793,-0.38948
205.8092,-0.3895
205.8264,-0.389519
205.8425,-0.389537
205.8596,-0.389554
205.8762,-0.389573
205.8923,-0.389588
205.9095,-0.389601
205.926,-0.389622
205.9427,-0.38964
205.9592,-0.389663
205.976,-0.389686
205.9927,-0.389708
206.0096,-0.389732
206.0261,-0.389752
206.0438,-0.389774
206.06,-0.389794
206.0766,-0.389819
206.093,-0.389841
206.1094,-0.389857
206.126,-0.389871
206.1432,-0.389891
206.16,-0.389912
206.1765,-0.389927
206.1937,-0.389935
206.2093,-0.389943
206.2265,-0.389955
206.2436,-0.38997
206.2596,-0.389993
206.2762,-0.390021
206.2932,-0.390049
206.3099,-0.390067
206.3268,-0.390086
206.3432,-0.390104
206.3594,-0.390123
206.3764,-0.390134
206.3933,-0.390149
206.4099,-0.390161
206.4266,-0.390176
206.4428,-0.390197
206.4593,-0.390221
206.4766,-0.390246
206.4929,-0.390261
206.51,-0.390275
206.5269,-0.390295
206.5433,-0.390312
206.5596,-0.390338
206.5762,-0.390358
206.5927,-0.390387
206.6091,-0.390412
206.6265,-0.390441
206.643,-0.390471
206.6593,-0.390498
206.6761,-0.390526
206.6921,-0.390553
206.7096,-0.390579
206.726,-0.3906
206.7433,-0.390618
206.7595,-0.390635
206.7766,-0.390659
206.7926,-0.390679
206.8094,-0.3907
206.8259,-0.390715
206.8429,-0.390733
206.8602,-0.39075
206.8756,-0.390771
206.8924,-0.390797
206.9093,-0.390818
206.9273,-0.390845
206.9424,-0.390862
206.9591,-0.390879
206.9763,-0.390891
206.9927,-0.390907
207.0091,-0.390916
207.0255,-0.390926
207.042,-0.390941
207.0588,-0.390963
207.0756,-0.390984
207.0922,-0.391009
207.1089,-0.391038
207.1253,-0.391061
207.1427,-0.391082
207.159,-0.391109
207.1764,-0.391133
207.1924,-0.391152
207.2088,-0.391173
207.2258,-0.39119
207.2426,-0.391208
207.2598,-0.391223
207.2763,-0.391228
207.2926,-0.391236
207.3089,-0.391239
207.3259,-0.391236
207.3427,-0.391238
207.3589,-0.391236
207.3759,-0.391239
207.393,-0.391235
207.4094,-0.39124
207.4267,-0.391252
207.4424,-0.391271
207.4596,-0.391289
207.4758,-0.391309
207.4935,-0.391328
207.5098,-0.391343
207.5259,-0.391364
207.543,-0.391377
207.5597,-0.391387
207.5759,-0.391397
207.5928,-0.391405
207.6104,-0.391413
207.6262,-0.391418
207.644,-0.391423
207.6596,-0.391425
207.6765,-0.391432
207.6935,-0.391444
207.7098,-0.391448
207.7267,-0.391447
207.7434,-0.391457
207.7605,-0.391465
207.7766,-0.39148
207.7933,-0.391493
207.8103,-0.391507
207.8273,-0.391526
207.8428,-0.391544
207.8607,-0.391565
207.877,-0.39159
207.8937,-0.391612
207.9112,-0.391638
207.9267,-0.391666
207.9441,-0.391694
207.9617,-0.391723
207.9781,-0.391739
207.9948,-0.391754
208.012,-0.391761
208.0283,-0.391763
208.0451,-0.391768
208.0602,-0.391779
208.0785,-0.391791
208.0939,-0.391809
208.1111,-0.391829
208.1278,-0.391851
208.1448,-0.391873
208.1612,-0.391886
208.1776,-0.391898
208.1947,-0.39191
208.2111,-0.391926
208.2275,-0.391943
208.2449,-0.39196
208.261,-0.391982
208.278,-0.392006
208.2946,-0.392029
208.3111,-0.392049
208.328,-0.392065
208.3443,-0.392082
208.3612,-0.3921
208.3777,-0.392129
208.3941,-0.39216
208.4117,-0.392187
208.4282,-0.392216
208.4449,-0.392242
208.4617,-0.392265
208.4784,-0.392282
208.4951,-0.392294
208.5115,-0.392309
208.5275,-0.392331
208.5442,-0.392356
208.5616,-0.392391
208.5775,-0.392422
208.595,-0.392456
208.6122,-0.392487
208.6287,-0.392522
208.6451,-0.392546
208.6609,-0.392571
208.6784,-0.392589
208.6939,-0.39261
208.7113,-0.392627
208.728,-0.392644
208.7449,-0.392657
208.7615,-0.39267
208.7784,-0.392684
208.7948,-0.392694
208.8117,-0.392708
208.8281,-0.392728
208.8452,-0.392751
208.8613,-0.392778
208.8775,-0.392811
208.8944,-0.392847
208.9124,-0.392876
208.9283,-0.392909
208.9443,-0.392941
208.9614,-0.392966
208.978,-0.392988
208.9948,-0.393006
209.0112,-0.39303
209.028,-0.393046
209.0453,-0.393061
209.0615,-0.393077
209.078,-0.393099
209.0947,-0.393122
209.1112,-0.393136
209.128,-0.393152
209.1443,-0.393174
209.1615,-0.393198
209.1777,-0.393229
209.1944,-0.393252
209.2121,-0.393273
209.2285,-0.393296
209.2448,-0.393323
209.261,-0.39335
209.2779,-0.393372
209.2944,-0.393387
209.3115,-0.393403
209.3281,-0.393433
209.3444,-0.393459
209.361,-0.393489
209.3774,-0.393521
209.3951,-0.393553
209.4121,-0.39359
209.4278,-0.393617
209.4448,-0.393641
209.4603,-0.393656
209.4774,-0.393669
209.4945,-0.393678
209.5108,-0.39369
209.5277,-0.393699
209.5443,-0.393712
209.5608,-0.393729
209.5781,-0.393752
209.5943,-0.393767
209.6107,-0.393781
209.628,-0.393798
209.645,-0.393818
209.6607,-0.393835
209.6767,-0.393859
209.6938,-0.393872
209.7114,-0.393878
209.7277,-0.393891
209.7447,-0.393905
209.7612,-0.393917
209.777,-0.393935
209.7946,-0.393948
209.8112,-0.393967
209.8272,-0.393995
209.8433,-0.394024
209.8603,-0.394052
209.8774,-0.394073
209.8949,-0.394096
209.9116,-0.394113
209.9285,-0.394131
209.945,-0.394148
209.9612,-0.394165
209.9783,-0.39418
209.9949,-0.394194
210.0113,-0.394208
210.0286,-0.39422
210.0447,-0.394227
210.0613,-0.394231
210.0777,-0.394234
210.0949,-0.394242
210.1112,-0.394268
210.1274,-0.394296
210.1445,-0.394331
210.1613,-0.394367
210.1788,-0.394407
210.1954,-0.39444
210.2115,-0.394461
210.2285,-0.394478
210.2452,-0.394488
210.2619,-0.394495
210.2782,-0.394503
210.2942,-0.39452
210.3116,-0.394529
210.3284,-0.39454
210.3446,-0.394549
210.3616,-0.394553
210.3786,-0.394553
210.3948,-0.394549
210.4112,-0.394556
210.4285,-0.394569
210.4443,-0.394581
210.4614,-0.3946
210.478,-0.394627
210.4944,-0.394646
210.5115,-0.394662
210.5287,-0.394681
210.5454,-0.394698
210.5621,-0.39471
210.5778,-0.394724
210.5948,-0.394738
210.6114,-0.394748
210.6279,-0.394764
210.645,-0.394786
210.662,-0.394812
210.6782,-0.39483
210.6946,-0.394846
210.7114,-0.394858
210.7281,-0.394869
210.7455,-0.394885
210.7614,-0.394903
210.7776,-0.394913
210.7951,-0.39493
210.811,-0.394942
210.8278,-0.394959
210.8453,-0.394982
210.8624,-0.395002
210.8785,-0.395014
210.8951,-0.395022
210.9122,-0.395025
210.928,-0.395035
210.9454,-0.395043
210.9622,-0.395058
210.9794,-0.395079
210.9948,-0.395096
211.0118,-0.395116
211.0284,-0.395136
211.0455,-0.395152
211.0624,-0.395156
211.0784,-0.395159
211.0955,-0.395161
211.1114,-0.395164
211.1284,-0.395168
211.1458,-0.395175
211.1621,-0.395174
211.1791,-0.395179
211.1957,-0.395187
211.212,-0.395202
211.2285,-0.395212
211.2451,-0.39522
211.2621,-0.395234
211.2787,-0.395258
211.2956,-0.395281
211.3125,-0.395303
211.3284,-0.395316
211.3459,-0.39533
211.3631,-0.395341
211.3797,-0.395348
211.3954,-0.395357
211.4131,-0.395368
211.4299,-0.395378
211.4465,-0.395384
211.4619,-0.395395
211.4789,-0.395407
211.4963,-0.395417
211.512,-0.395431
211.5285,-0.395446
211.5454,-0.395463
211.563,-0.395477
211.5793,-0.395492
211.5958,-0.395511
211.6127,-0.395533
211.6287,-0.395558
211.6457,-0.395583
211.6623,-0.395616
211.6788,-0.395643
211.6968,-0.395668
211.7129,-0.395686
211.7293,-0.395701
211.7465,-0.395716
211.7625,-0.395735
211.7799,-0.395742
211.7964,-0.395753
211.8125,-0.395766
211.8294,-0.39578
211.8457,-0.3958
211.8625,-0.395822
211.8787,-0.395843
211.896,-0.395867
211.913,-0.395887
211.9285,-0.395904
211.9461,-0.395914
211.9628,-0.395924
211.9791,-0.395932
211.9966,-0.395945
212.0134,-0.395953
212.0296,-0.395962
212.0462,-0.395971
212.0625,-0.395984
212.0797,-0.396
212.0964,-0.396014
212.1139,-0.396032
212.13,-0.396045
212.1466,-0.396066
212.1628,-0.396093
212.18,-0.396111
212.1967,-0.396123
212.2133,-0.396143
212.2306,-0.396159
212.2469,-0.396181
212.2639,-0.396192
212.2807,-0.396204
212.2975,-0.396216
212.3139,-0.396237
212.3307,-0.396262
212.347,-0.396291
212.3647,-0.396316
212.3802,-0.396332
212.398,-0.396346
212.4152,-0.396359
212.4312,-0.396376
212.448,-0.396388
212.4638,-0.396399
212.4808,-0.396406
212.4976,-0.396426
212.5142,-0.396447
212.5305,-0.396471
212.5479,-0.396499
212.5643,-0.39652
212.5825,-0.396537
212.5982,-0.396557
212.6147,-0.396569
212.6316,-0.396581
212.6476,-0.396589
212.6646,-0.396602
212.6814,-0.39662
212.6977,-0.396637
212.7144,-0.39666
212.7315,-0.396686
212.7477,-0.396711
212.7649,-0.396737
212.7818,-0.396769
212.7983,-0.396804
212.8149,-0.396842
212.8313,-0.396876
212.8478,-0.396904
212.8652,-0.396929
212.8819,-0.39695
212.8987,-0.396972
212.9149,-0.396989
212.9321,-0.397001
212.9489,-0.397018
212.965,-0.397039
212.9819,-0.39707
212.9982,-0.397101
213.0155,-0.397132
213.0329,-0.397161
213.0484,-0.397186
213.0659,-0.397213
213.0822,-0.397246
213.0991,-0.397275
213.1151,-0.397296
213.1321,-0.397315
213.1494,-0.397334
213.166,-0.397354
213.1823,-0.397377
213.1988,-0.397402
213.2155,-0.397423
213.2322,-0.39744
213.2497,-0.397452
213.2667,-0.397471
213.2831,-0.397478
213.2993,-0.397496
213.3163,-0.397512
213.3329,-0.397532
213.3491,-0.397556
213.3651,-0.397583
213.3832,-0.397613
213.3996,-0.397641
213.4171,-0.397667
213.4328,-0.397696
213.4496,-0.397726
213.4664,-0.397744
213.4832,-0.397761
213.4993,-0.397787
213.5164,-0.397818
213.5335,-0.397843
213.5498,-0.397864
213.5669,-0.397886
213.5834,-0.397909
213.5998,-0.397934
213.6172,-0.397962
213.633,-0.397991
213.6503,-0.398017
213.667,-0.398042
213.6834,-0.398066
213.7004,-0.398088
213.7167,-0.398112
213.7339,-0.398129
213.7502,-0.398143
213.766,-0.398167
213.7836,-0.398197
213.8005,-0.398235
213.8167,-0.398273
213.8335,-0.398312
213.8497,-0.398346
213.8667,-0.398379
213.8835,-0.398412
213.8995,-0.398437
213.917,-0.398462
213.9331,-0.398489
213.9505,-0.398518
213.9659,-0.398545
213.9831,-0.398567
214.0004,-0.398589
214.0172,-0.39862
214.0334,-0.398645
214.0492,-0.398678
214.0671,-0.398704
214.0833,-0.398732
214.1004,-0.398759
214.1173,-0.398787
214.1337,-0.398809
214.1503,-0.398827
214.1659,-0.398848
214.1827,-0.398874
214.2,-0.398897
214.2163,-0.398912
214.2325,-0.398932
214.25,-0.398952
214.267,-0.398979
214.2829,-0.399
214.3001,-0.399016
214.3159,-0.399038
214.3324,-0.399062
214.3499,-0.399081
214.3658,-0.399106
214.3827,-0.399131
214.3994,-0.399163
214.4166,-0.399192
214.4329,-0.399215
214.4493,-0.399237
214.4661,-0.399262
214.4824,-0.399281
214.4993,-0.3993
214.5155,-0.399324
214.5328,-0.399344
214.5496,-0.399358
214.5661,-0.399376
214.5833,-0.399402
214.5994,-0.399424
214.6159,-0.399437
214.6324,-0.39945
214.6485,-0.399466
214.6661,-0.399487
214.6824,-0.39951
214.6989,-0.39953
214.716,-0.399547
214.7327,-0.399562
214.7493,-0.399575
214.7657,-0.399591
214.7824,-0.399605
214.799,-0.399621
214.815,-0.399637
214.8319,-0.399647
214.8488,-0.399654
214.8651,-0.399665
214.8819,-0.399675
214.8988,-0.399685
214.9155,-0.399699
214.9316,-0.39971
214.9478,-0.399722
214.9653,-0.399737
214.9817,-0.399759
214.9986,-0.399776
215.0146,-0.399793
215.0317,-0.399813
215.0483,-0.399823
215.0653,-0.39983
215.0822,-0.399837
215.099,-0.39984
215.1149,-0.399839
215.1306,-0.399843
215.1477,-0.399848
215.1646,-0.399849
215.1811,-0.39986
215.1973,-0.399877
215.2143,-0.399897
215.2312,-0.399919
215.2474,-0.399935
215.2644,-0.399952
215.2808,-0.39997
215.2977,-0.399975
215.3144,-0.39998
215.3308,-0.399975
215.348,-0.399962
215.3646,-0.399968
215.3805,-0.399963
215.397,-0.399967
215.4145,-0.399979
215.4306,-0.399998
215.4479,-0.40002
215.4634,-0.400039
215.4808,-0.40006
215.4976,-0.400073
215.5137,-0.400088
215.5299,-0.400099
215.5477,-0.400106
215.5641,-0.40011
215.5807,-0.400115
215.5982,-0.400121
215.6141,-0.400123
215.6302,-0.400126
215.6476,-0.400131
215.6642,-0.400134
215.6806,-0.400138
215.6971,-0.400149
215.7141,-0.400158
215.7299,-0.400157
215.7473,-0.400164
215.764,-0.400171
215.7805,-0.400175
215.7967,-0.400177
215.8135,-0.400175
215.8313,-0.40017
215.8472,-0.400166
215.8633,-0.400164
215.88,-0.400164
215.8968,-0.400158
215.9143,-0.400154
215.9305,-0.400162
215.947,-0.400171
215.9628,-0.400177
215.9803,-0.400188
215.9968,-0.400201
216.0133,-0.400214
216.0303,-0.400224
216.0468,-0.400238
216.0639,-0.400243
216.0805,-0.400239
216.0969,-0.400239
216.1142,-0.400235
216.1303,-0.400239
216.1466,-0.400243
216.1632,-0.400247
216.1801,-0.400256
216.1966,-0.400271
216.2146,-0.400282
216.23,-0.400296
216.2464,-0.400307
216.2641,-0.400317
216.2801,-0.400325
216.2968,-0.400332
216.3133,-0.400341
216.3302,-0.400352
216.3468,-0.400357
216.3639,-0.400359
216.3799,-0.400367
216.397,-0.400372
216.4139,-0.400376
216.4302,-0.400384
216.447,-0.4004
216.4633,-0.400418
216.4805,-0.400437
216.4961,-0.400459
216.513,-0.400484
216.5293,-0.400497
216.5468,-0.400504
216.5637,-0.400513
216.5813,-0.400522
216.5963,-0.400521
216.6128,-0.400523
216.6294,-0.400528
216.6461,-0.400538
216.663,-0.400558
216.6799,-0.400579
216.6968,-0.4006
216.713,-0.400621
216.7297,-0.400633
216.7472,-0.400642
216.763,-0.400649
216.7799,-0.400662
216.7962,-0.400675
216.8132,-0.400685
216.8298,-0.400702
216.8468,-0.40072
216.8632,-0.400732
216.8798,-0.400735
216.896,-0.400737
216.914,-0.40073
216.9297,-0.400728
216.9453,-0.400725
216.962,-0.40072
216.9799,-0.400722
216.9957,-0.400725
217.0127,-0.400737
217.0296,-0.400755
217.046,-0.400776
217.0638,-0.40079
217.0801,-0.400802
217.0973,-0.400812
217.1132,-0.400816
217.1302,-0.400826
217.1459,-0.400832
217.1636,-0.40084
217.1796,-0.400851
217.196,-0.400863
217.2132,-0.400877
217.2293,-0.400898
217.2465,-0.400927
217.2626,-0.400948
217.2793,-0.400959
217.296,-0.40097
217.3127,-0.400967
217.3306,-0.400965
217.3459,-0.400967
217.3615,-0.400968
217.3799,-0.400971
217.3963,-0.400974
217.4126,-0.400975
217.4301,-0.400995
217.4459,-0.40102
217.4618,-0.401041
217.4798,-0.401061
217.4962,-0.401089
217.5132,-0.40111
217.5295,-0.401122
217.546,-0.40113
217.5625,-0.401136
217.5798,-0.401145
217.5964,-0.40115
217.6118,-0.40115
217.6289,-0.401157
217.6464,-0.401168
217.6631,-0.401179
217.679,-0.401193
217.6951,-0.40121
217.7127,-0.401221
217.7298,-0.401233
217.7463,-0.401249
217.7634,-0.401268
217.7797,-0.401281
217.7958,-0.401291
217.8127,-0.401302
217.8293,-0.401315
217.8461,-0.401326
217.8625,-0.401343
217.8791,-0.401364
217.8961,-0.401379
217.9134,-0.401394
217.9297,-0.401403
217.9469,-0.401411
217.9635,-0.401411
217.9802,-0.401418
217.9972,-0.401419
218.0129,-0.401421
218.0298,-0.401425
218.0461,-0.401428
218.0628,-0.401435
218.0804,-0.401444
218.0964,-0.401461
218.1124,-0.401476
218.1295,-0.401489
218.1461,-0.401501
218.163,-0.401512
218.1799,-0.401531
218.1966,-0.401553
218.2136,-0.401571
218.2298,-0.401582
218.2471,-0.401589
218.2637,-0.401592
218.2796,-0.401598
218.2965,-0.40161
218.3125,-0.401625
218.3302,-0.401642
218.3464,-0.401663
218.3633,-0.401683
218.3797,-0.401693
218.3966,-0.401709
218.4139,-0.401726
218.4302,-0.401738
218.4469,-0.401755
218.463,-0.401774
218.4795,-0.401792
218.4973,-0.401813
218.5127,-0.401834
218.5305,-0.401854
218.5467,-0.401876
218.5636,-0.40189
218.5804,-0.401912
218.5968,-0.401928
218.6129,-0.401944
218.6302,-0.401957
218.6473,-0.40197
218.664,-0.401978
218.6799,-0.401993
218.6971,-0.402003
218.7133,-0.402015
218.7306,-0.402032
218.7472,-0.402056
218.7636,-0.40209
218.7798,-0.402123
218.7975,-0.402155
218.8141,-0.402182
218.8303,-0.402201
218.8475,-0.402211
218.8643,-0.402221
218.8811,-0.402215
218.897,-0.402215
218.9138,-0.402214
218.9308,-0.402218
218.9477,-0.40223
218.964,-0.402252
218.9808,-0.402279
218.9975,-0.402319
219.0142,-0.402351
219.0306,-0.40239
219.047,-0.402427
219.0637,-0.402456
219.0813,-0.402486
219.0976,-0.402515
219.1143,-0.402536
219.1307,-0.402558
219.148,-0.402581
219.1648,-0.402596
219.1809,-0.402616
219.1978,-0.402635
219.2145,-0.402659
219.2309,-0.402676
219.2479,-0.402693
219.265,-0.402712
219.2803,-0.402733
219.2977,-0.402756
219.3144,-0.402782
219.3312,-0.402807
219.3472,-0.402835
219.3641,-0.402867
219.381,-0.402886
219.3973,-0.402907
219.4148,-0.402927
219.4313,-0.402947
219.4476,-0.402963
219.4643,-0.402983
219.4814,-0.403005
219.4979,-0.403016
219.5136,-0.403038
219.5311,-0.403063
219.548,-0.403087
219.5643,-0.403115
219.5816,-0.403143
219.5979,-0.403169
219.6149,-0.403192
219.6313,-0.403214
219.6482,-0.403233
219.6642,-0.403249
219.6814,-0.403264
219.6985,-0.403281
219.7147,-0.403299
219.7311,-0.403321
219.7483,-0.403345
219.7651,-0.403369
219.7816,-0.403384
219.798,-0.403402
219.8149,-0.40342
219.8317,-0.403431
219.8486,-0.403449
219.8644,-0.403468
219.8815,-0.403485
219.8984,-0.403498
219.9151,-0.40352
219.9322,-0.403541
219.9487,-0.403568
219.9644,-0.403596
219.9821,-0.403615
219.9987,-0.403633
220.0149,-0.403644
220.0324,-0.403655
220.049,-0.403669
220.0654,-0.403681
220.0819,-0.403699
220.099,-0.403724
220.1157,-0.403747
220.1326,-0.403767
220.1492,-0.403783
220.1666,-0.403804
220.1827,-0.403831
220.1985,-0.403848
220.2158,-0.403863
220.2331,-0.403875
220.2498,-0.403893
220.2664,-0.403919
220.2827,-0.403948
220.2997,-0.40397
220.3159,-0.403988
220.3327,-0.404
220.3492,-0.404008
220.3657,-0.404022
220.3825,-0.404034
220.399,-0.404049
220.4164,-0.404058
220.4325,-0.404073
220.4488,-0.404095
220.4654,-0.404123
220.4828,-0.404153
220.4995,-0.404189
220.517,-0.404224
220.5333,-0.404263
220.5501,-0.404297
220.567,-0.404328
220.5838,-0.404357
220.6004,-0.404378
220.6171,-0.404403
220.6335,-0.404426
220.6499,-0.404444
220.667,-0.404469
220.6834,-0.404495
220.7,-0.40452
220.7172,-0.404546
220.7342,-0.40458
220.751,-0.40461
220.7673,-0.40464
220.7834,-0.404665
220.8003,-0.404679
220.8178,-0.404688
220.8338,-0.404696
220.8511,-0.404716
220.8671,-0.404738
220.8835,-0.404763
220.9005,-0.40479
220.9177,-0.404817
220.9352,-0.40485
220.9513,-0.404885
220.9677,-0.404914
220.984,-0.40494
221.0012,-0.404958
221.0173,-0.404977
221.0343,-0.404996
221.0505,-0.405017
221.0674,-0.405044
221.0845,-0.405076
221.1009,-0.405107
221.1173,-0.405138
221.1343,-0.405165
221.1511,-0.405196
221.1685,-0.40522
221.1842,-0.405242
221.201,-0.405269
221.217,-0.4053
221.2347,-0.405331
221.2516,-0.405355
221.2688,-0.405375
221.285,-0.405392
221.3016,-0.405411
221.3174,-0.405431
221.3342,-0.40545
221.3511,-0.405469
221.3676,-0.405491
221.3844,-0.405517
221.4007,-0.40555
221.4182,-0.405587
221.435,-0.405626
221.4508,-0.405666
221.4684,-0.405702
221.4845,-0.405738
221.5011,-0.405771
221.5182,-0.405806
221.5342,-0.405832
221.551,-0.405854
221.5687,-0.405874
221.5851,-0.405891
221.6025,-0.40591
221.6177,-0.40593
221.6341,-0.405947
221.6517,-0.405961
221.668,-0.405974
221.6845,-0.405994
221.701,-0.406019
221.7171,-0.406041
221.734,-0.406062
221.7506,-0.40609
221.7684,-0.40612
221.784,-0.406151
221.8014,-0.406181
221.8176,-0.406203
221.8349,-0.406218
221.8515,-0.406232
221.8684,-0.406248
221.8846,-0.406262
221.9012,-0.406269
221.9183,-0.406275
221.9353,-0.406282
221.9516,-0.406299
221.9675,-0.40632
221.9847,-0.406341
222.0009,-0.406366
222.0179,-0.406385
222.0345,-0.406398
222.0516,-0.406418
222.0682,-0.406445
222.0848,-0.406472
222.1019,-0.406485
222.1175,-0.406501
222.1351,-0.406517
222.151,-0.406542
222.1688,-0.406564
222.1857,-0.406589
222.2017,-0.406604
222.2185,-0.406617
222.236,-0.406632
222.2516,-0.406648
222.2686,-0.40667
222.2851,-0.406682
222.302,-0.406693
222.3184,-0.4067
222.3356,-0.406707
222.3523,-0.406716
222.3686,-0.406721
222.3847,-0.406726
222.402,-0.406733
222.4189,-0.40674
222.4349,-0.406762
222.453,-0.406787
222.4688,-0.406823
222.4858,-0.406863
222.5021,-0.406901
222.5192,-0.406933
222.5356,-0.406953
222.552,-0.406971
222.5692,-0.406985
222.5858,-0.407004
222.6026,-0.407021
222.6183,-0.407042
222.6345,-0.407059
222.6516,-0.407081
222.6682,-0.407106
222.6853,-0.407142
222.702,-0.407178
222.7191,-0.407206
222.7353,-0.407229
222.753,-0.407246
222.7693,-0.407257
222.7858,-0.407261
222.802,-0.407265
222.8188,-0.407271
222.8353,-0.407282
222.8519,-0.407312
222.868,-0.407335
222.8852,-0.407362
222.9023,-0.407382
222.9191,-0.407408
222.9361,-0.407428
222.9522,-0.407449
222.9687,-0.407474
222.9858,-0.407497
223.003,-0.407516
223.0185,-0.407528
223.0352,-0.407548
223.0519,-0.407565
223.0692,-0.407576
223.0849,-0.407593
223.102,-0.407619
223.1189,-0.407648
223.1355,-0.407674
223.1519,-0.407704
223.1692,-0.40774
223.1858,-0.407773
223.203,-0.407795
223.2183,-0.407815
223.2349,-0.407827
223.252,-0.407837
223.2688,-0.407847
223.2841,-0.407853
223.301,-0.407862
223.3178,-0.40787
223.3345,-0.407885
223.3513,-0.407895
223.367,-0.40791
223.3847,-0.407935
223.401,-0.407961
223.4188,-0.407983
223.4345,-0.408002
223.4509,-0.40802
223.4683,-0.40804
223.4836,-0.408057
223.5015,-0.408069
223.5178,-0.408096
223.5338,-0.408119
223.5509,-0.408135
223.5681,-0.408155
223.585,-0.408183
223.6014,-0.408203
223.6181,-0.408217
223.6336,-0.408225
223.6516,-0.408237
223.6684,-0.408251
223.6842,-0.408264
223.7012,-0.408275
223.7173,-0.40828
223.7342,-0.408284
223.7504,-0.408285
223.7675,-0.408291
223.7841,-0.408298
223.8002,-0.408307
223.8169,-0.408313
223.834,-0.408321
223.8503,-0.408321
223.868,-0.408317
223.8842,-0.408325
223.9004,-0.40833
223.9173,-0.408337
223.9336,-0.408341
223.9511,-0.408349
223.968,-0.408371
223.9844,-0.408388
224.0012,-0.408402
224.0177,-0.408419
224.0342,-0.408431
224.0508,-0.408441
224.0669,-0.408461
224.0848,-0.40848
224.101,-0.408491
224.1179,-0.408504
224.1345,-0.408513
224.1514,-0.408524
224.1681,-0.408534
224.1844,-0.408542
224.2012,-0.408543
224.2171,-0.408543
224.2345,-0.408546
224.2512,-0.408545
224.2681,-0.40855
224.2836,-0.408553
224.3004,-0.408561
224.3175,-0.408565
224.3335,-0.408571
224.3505,-0.408578
224.3681,-0.408596
224.3845,-0.408607
224.4013,-0.408619
224.4177,-0.408633
224.4348,-0.408647
224.4514,-0.408655
224.4672,-0.408672
224.4848,-0.408692
224.5005,-0.408721
224.5182,-0.408743
224.5351,-0.408767
224.5516,-0.408792
224.5684,-0.408806
224.5844,-0.408813
224.6012,-0.408815
224.6185,-0.408822
224.6338,-0.408826
224.6503,-0.408836
224.6676,-0.408855
224.6842,-0.408876
224.7015,-0.408897
224.7185,-0.408923
224.7353,-0.408946
224.7519,-0.40897
224.7687,-0.408984
224.7846,-0.408997
224.8014,-0.409012
224.8179,-0.409023
224.8351,-0.409034
224.8513,-0.409046
224.8671,-0.409064
224.8841,-0.409075
224.9009,-0.409091
224.9177,-0.409108
224.9354,-0.409126
224.9505,-0.409146
224.9682,-0.40917
224.984,-0.409195
225.0006,-0.409218
225.0179,-0.409243
225.0347,-0.409266
225.0518,-0.409284
225.0682,-0.409295
225.0854,-0.409309
225.1016,-0.409326
225.1176,-0.409334
225.1343,-0.409346
225.1511,-0.40936
225.1679,-0.409373
225.1846,-0.409388
225.2005,-0.409407
225.2178,-0.409425
225.2343,-0.409443
225.2506,-0.409459
225.2678,-0.409477
225.2849,-0.409496
225.302,-0.409517
225.3171,-0.409538
225.3339,-0.409558
225.3506,-0.409577
225.3673,-0.409596
225.3847,-0.409619
225.4009,-0.409648
225.4172,-0.409671
225.4349,-0.409696
225.4507,-0.409719
225.4678,-0.409739
225.4848,-0.409763
225.5003,-0.409781
225.5173,-0.409791
225.5339,-0.4098
225.5509,-0.409812
225.5675,-0.40983
225.5842,-0.409852
225.6006,-0.40987
225.6172,-0.409894
225.6341,-0.409912
225.6504,-0.409937
225.668,-0.409963
225.6838,-0.409986
225.701,-0.410005
225.7177,-0.410022
225.7345,-0.410036
225.7498,-0.410048
225.7672,-0.410058
225.7834,-0.410069
225.8005,-0.410076
225.8175,-0.410086
225.8336,-0.410097
225.8499,-0.410108
225.8669,-0.410116
225.8831,-0.410128
225.9002,-0.41014
225.9163,-0.410155
225.934,-0.410174
225.9493,-0.410192
225.9664,-0.41021
225.9836,-0.410233
226.0,-0.410259
226.0168,-0.410283
226.0334,-0.410307
226.0505,-0.41033
226.066,-0.41035
226.083,-0.410375
226.0996,-0.410398
226.1153,-0.410423
226.1322,-0.410444
226.1495,-0.410459
226.166,-0.410475
226.1827,-0.410489
226.199,-0.410508
226.2161,-0.410524
226.2324,-0.410536
226.2483,-0.410555
226.2661,-0.410579
226.2815,-0.410602
226.2991,-0.410621
226.3159,-0.410645
226.3322,-0.410669
226.3486,-0.410687
226.3656,-0.410697
226.3821,-0.410705
226.3993,-0.410709
226.4148,-0.410716
226.4318,-0.410725
226.4485,-0.410733
226.4655,-0.410739
226.4821,-0.410751
226.4988,-0.410764
226.5148,-0.410769
226.5315,-0.410772
226.5477,-0.410778
226.5641,-0.41079
226.5821,-0.410804
226.5981,-0.410819
226.6146,-0.41083
226.6314,-0.410842
226.6476,-0.410855
226.6649,-0.410863
226.6803,-0.410869
226.6979,-0.410877
226.7144,-0.410887
226.7314,-0.4109
226.7475,-0.410917
226.7645,-0.410936
226.7803,-0.410951
226.7982,-0.410967
226.815,-0.410978
226.8313,-0.410981
226.8478,-0.410987
226.8651,-0.410992
226.8811,-0.410998
226.8973,-0.411008
226.9133,-0.411021
226.9314,-0.411041
226.9472,-0.411059
226.9642,-0.411072
226.9805,-0.41108
226.9983,-0.411081
227.0143,-0.411084
227.0315,-0.411084
227.0477,-0.411078
227.0646,-0.41108
227.0809,-0.411084
227.0983,-0.411087
227.1142,-0.411092
227.131,-0.411101
227.1481,-0.411115
227.1646,-0.41113
227.181,-0.411149
227.1985,-0.411165
227.2149,-0.411173
227.2315,-0.411179
227.248,-0.411186
227.265,-0.411187
227.2812,-0.411183
227.2979,-0.411178
227.3144,-0.411173
227.3314,-0.411167
227.3482,-0.411167
227.3645,-0.411166
227.3813,-0.411169
227.3976,-0.411173
227.4146,-0.411181
227.4317,-0.411186
227.4486,-0.411187
227.4647,-0.41119
227.4815,-0.411195
227.4986,-0.411201
227.5153,-0.411208
227.5316,-0.411216
227.5485,-0.411239
227.5647,-0.411258
227.5814,-0.411275
227.5985,-0.41129
227.6148,-0.411299
227.6326,-0.411309
227.6482,-0.411317
227.6663,-0.411316
227.6819,-0.411316
227.698,-0.411317
227.7159,-0.411316
227.7318,-0.411323
227.7491,-0.411336
227.7657,-0.411351
227.7824,-0.411363
227.7991,-0.411375
227.8158,-0.411387
227.8325,-0.411404
227.8477,-0.411416
227.8663,-0.411426
227.8827,-0.411434
227.8996,-0.411443
227.9171,-0.41145
227.9327,-0.411452
227.949,-0.411457
227.9664,-0.411465
227.9827,-0.411472
227.9995,-0.411485
228.0163,-0.411508
228.0332,-0.411524
228.0495,-0.411539
228.0652,-0.411552
228.0826,-0.411567
228.1,-0.411571
228.1167,-0.411573
228.132,-0.411582
228.1495,-0.411593
228.1665,-0.411604
228.1821,-0.411618
228.2001,-0.411632
228.2164,-0.411649
228.2329,-0.411664
228.2495,-0.411686
228.266,-0.41171
228.2831,-0.411726
228.2998,-0.411747
228.3166,-0.411768
228.3327,-0.411792
228.3498,-0.41182
228.3661,-0.41185
228.3829,-0.41189
228.4003,-0.411922
228.4165,-0.41195
228.4332,-0.411976
228.4501,-0.411997
228.4673,-0.412018
228.4827,-0.412038
228.4999,-0.412061
228.5164,-0.412077
228.5335,-0.412093
228.5493,-0.412108
228.5667,-0.412126
228.5838,-0.412141
228.5998,-0.412159
228.616,-0.412179
228.6325,-0.412204
228.6493,-0.412234
228.6663,-0.412264
228.6831,-0.412294
228.7003,-0.41233
228.7156,-0.412368
228.7327,-0.412397
228.7498,-0.412422
228.7668,-0.412439
228.783,-0.412451
228.7991,-0.412479
228.8158,-0.412504
228.8328,-0.412529
228.8495,-0.412553
228.8663,-0.412587
228.8836,-0.412619
228.8994,-0.412654
228.916,-0.412694
228.9336,-0.412735
228.9501,-0.412772
228.966,-0.412805
228.9831,-0.412841
229.0009,-0.41287
229.017,-0.412902
229.0328,-0.412929
229.0501,-0.412954
229.0661,-0.412976
229.0838,-0.412988
229.1001,-0.413007
229.1169,-0.413026
229.1328,-0.413051
229.1494,-0.413077
229.1665,-0.413105
229.1833,-0.413137
229.199,-0.413162
229.2169,-0.413187
229.2328,-0.413215
229.25,-0.413251
229.2671,-0.413288
229.2831,-0.413322
229.2995,-0.413351
229.3167,-0.413383
229.3337,-0.413412
229.3495,-0.413442
229.3658,-0.413467
229.3826,-0.413487
229.3992,-0.413503
229.4158,-0.413522
229.4328,-0.413549
229.4492,-0.413573
229.4658,-0.413598
229.482,-0.413618
229.4996,-0.413642
229.5163,-0.413669
229.5325,-0.413694
229.5495,-0.413726
229.5662,-0.41376
229.5831,-0.413784
229.6001,-0.413803
229.6162,-0.413825
229.6329,-0.413842
229.6491,-0.413859
229.6654,-0.413881
229.6825,-0.413906
229.6979,-0.413935
229.7152,-0.41396
229.7327,-0.413983
229.7497,-0.413998
229.7658,-0.414009
229.7823,-0.414021
229.7993,-0.414029
229.8158,-0.414038
229.8325,-0.414053
229.8486,-0.414076
229.8655,-0.4141
229.8824,-0.414133
229.8996,-0.414167
229.9165,-0.414196
229.9329,-0.414223
229.95,-0.414242
229.967,-0.414251
229.9828,-0.414265
229.9993,-0.414276
230.0164,-0.414286
230.0329,-0.414297
230.0493,-0.414313
230.0662,-0.414329
230.0827,-0.414349
230.0996,-0.414359
230.1162,-0.414374
230.1337,-0.414393
230.1489,-0.414409
230.1666,-0.414429
230.1823,-0.414447
230.1994,-0.414465
230.2158,-0.414481
230.2325,-0.414501
230.2491,-0.414517
230.2663,-0.414536
230.2823,-0.414545
230.2986,-0.41456
230.3158,-0.41457
230.3321,-0.414579
230.3492,-0.41459
230.3661,-0.414604
230.3828,-0.414619
230.399,-0.414637
230.4167,-0.414663
230.433,-0.414687
230.4498,-0.414712
230.4668,-0.414737
230.4834,-0.414765
230.5002,-0.414785
230.5157,-0.414803
230.5328,-0.414816
230.5496,-0.41482
230.5665,-0.414832
230.5832,-0.41484
230.5993,-0.414847
230.6164,-0.414853
230.6333,-0.414859
230.6492,-0.414866
230.6659,-0.414879
230.6825,-0.414904
230.6996,-0.414923
230.7155,-0.414944
230.7325,-0.414965
230.7499,-0.414982
230.7668,-0.414996
230.7838,-0.415008
230.8,-0.41502
230.8166,-0.415028
230.8331,-0.415034
230.8492,-0.415047
230.8664,-0.415063
230.8834,-0.415078
230.9,-0.415092
230.9164,-0.415104
230.9328,-0.415117
230.9499,-0.415133
230.9668,-0.415151
230.983,-0.415174
230.9998,-0.415198
231.0165,-0.415229
231.0335,-0.415262
231.0502,-0.415293
231.0676,-0.415316
231.0831,-0.415336
231.1003,-0.415352
231.1166,-0.415364
231.1331,-0.41538
231.1495,-0.415396
231.1663,-0.415406
231.1826,-0.415421
231.1996,-0.415436
231.2167,-0.415456
231.2328,-0.415465
231.2497,-0.415478
231.2658,-0.415492
231.2838,-0.41551
231.2999,-0.415527
231.3152,-0.415545
231.3328,-0.415563
231.3502,-0.415586
231.3662,-0.415609
231.3831,-0.415633
231.3998,-0.415658
231.417,-0.415677
231.4339,-0.415692
231.4502,-0.415706
231.467,-0.415726
231.4835,-0.415747
231.5005,-0.415763
231.5168,-0.415785
231.5334,-0.415815
231.5499,-0.41583
231.5671,-0.415847
231.5841,-0.415873
231.6008,-0.415902
231.6174,-0.415924
231.6332,-0.415945
231.6502,-0.415956
231.6679,-0.415967
231.6832,-0.415982
231.7004,-0.416001
231.7177,-0.416021
231.7341,-0.416036
231.7502,-0.41606
231.7677,-0.416086
231.7828,-0.416115
231.8004,-0.416141
231.8162,-0.416164
231.8347,-0.416185
231.8512,-0.416205
231.867,-0.416227
231.8844,-0.416245
231.9005,-0.41626
231.9171,-0.416273
231.9339,-0.41629
231.9503,-0.416317
231.9672,-0.416344
231.9829,-0.416367
232.0,-0.416385
232.0172,-0.416405
232.0344,-0.416428
232.0502,-0.416447
232.0666,-0.416469
232.0832,-0.416488
232.1008,-0.416505
232.1169,-0.416525
232.1331,-0.416546
232.1504,-0.416567
232.1676,-0.416584
232.1827,-0.416601
232.2005,-0.416624
232.2171,-0.416649
232.2336,-0.416673
232.25,-0.416697
232.2672,-0.416714
232.2835,-0.416729
232.3009,-0.416744
232.317,-0.416759
232.3329,-0.416779
232.3505,-0.416801
232.3668,-0.416832
232.3835,-0.416861
232.4007,-0.416889
232.4175,-0.416914
232.4339,-0.416939
232.4504,-0.416964
232.4669,-0.416978
232.4833,-0.416995
232.4995,-0.41701
232.5181,-0.417017
232.5341,-0.417034
232.5507,-0.417047
232.5671,-0.417059
232.5833,-0.417067
232.6001,-0.41707
232.6173,-0.417083
232.6335,-0.417106
232.6499,-0.417131
232.6668,-0.417156
232.6841,-0.417176
232.7002,-0.417194
232.718,-0.417221
232.7338,-0.417248
232.7505,-0.417268
232.7668,-0.417286
232.784,-0.417306
232.8008,-0.417324
232.8167,-0.417347
232.8328,-0.417368
232.8502,-0.41739
232.8675,-0.41741
232.8835,-0.417426
232.9005,-0.417448
232.9176,-0.417467
232.9344,-0.41748
232.9517,-0.417485
232.9674,-0.417494
232.9841,-0.417497
233.0,-0.417496
233.0165,-0.417497
233.0341,-0.417504
233.0509,-0.41751
233.0666,-0.417514
233.0838,-0.417515
233.101,-0.417526
233.1177,-0.417542
233.1342,-0.417567
233.1512,-0.417597
233.1671,-0.41762
233.1844,-0.417642
233.2007,-0.417663
233.217,-0.417685
233.2336,-0.417705
233.251,-0.417721
233.2678,-0.417734
233.2839,-0.417753
233.3009,-0.417764
233.3174,-0.417783
233.3338,-0.417797
233.3505,-0.417811
233.3677,-0.417827
233.3833,-0.417835
233.4006,-0.417843
233.4171,-0.417856
233.4342,-0.417877
233.4511,-0.417903
233.4672,-0.41793
233.4846,-0.417954
233.5008,-0.417984
233.5173,-0.418012
233.5338,-0.418036
233.5508,-0.418063
233.5672,-0.418085
233.5844,-0.418103
233.6009,-0.418125
233.618,-0.418154
233.6345,-0.418175
233.6501,-0.418197
233.6674,-0.418211
233.6849,-0.418222
233.7015,-0.418233
233.718,-0.418251
233.7341,-0.418269
233.7508,-0.418288
233.7679,-0.418309
233.7847,-0.418326
233.8013,-0.418342
233.8179,-0.418361
233.8351,-0.418377
233.8512,-0.418389
233.868,-0.418405
233.8842,-0.418423
233.9007,-0.41844
233.9178,-0.418454
233.934,-0.418467
233.9514,-0.418484
233.9684,-0.418507
233.9847,-0.418524
234.0017,-0.41854
234.018,-0.418563
234.0343,-0.418584
234.0513,-0.418603
234.0677,-0.418629
234.0849,-0.418655
234.1017,-0.41868
234.1177,-0.418709
234.1352,-0.418734
234.1514,-0.418763
234.1684,-0.418785
234.1847,-0.418808
234.2017,-0.418829
234.2188,-0.41885
234.2347,-0.418876
234.2504,-0.418904
234.2687,-0.418928
234.2853,-0.41895
234.3017,-0.418973
234.3186,-0.418993
234.336,-0.419007
234.3518,-0.419008
234.3681,-0.41901
234.3853,-0.419014
234.4013,-0.419021
234.4184,-0.419032
234.4352,-0.419043
234.4521,-0.419057
234.4682,-0.419076
234.4846,-0.4191
234.5015,-0.419129
234.5175,-0.419157
234.5349,-0.419184
234.5513,-0.41921
234.5678,-0.419236
234.5856,-0.419268
234.6017,-0.4193
234.6184,-0.41933
234.6349,-0.419352
234.6517,-0.419368
234.6691,-0.41939
234.6852,-0.419411
234.7026,-0.419429
234.7187,-0.41945
234.7348,-0.419473
234.7517,-0.419499
234.7685,-0.419525
234.7854,-0.41955
234.8024,-0.419567
234.8181,-0.419583
234.8359,-0.419599
234.8524,-0.419624
234.8686,-0.419652
234.8857,-0.419674
234.9018,-0.4197
234.9185,-0.419724
234.9363,-0.419748
234.953,-0.41978
234.9684,-0.419799
234.9854,-0.419819
235.0017,-0.419834
235.0186,-0.419841
235.0359,-0.419861
235.0522,-0.419882
235.0686,-0.419904
235.0854,-0.419926
235.1022,-0.41995
235.119,-0.419981
235.1361,-0.420013
235.1513,-0.420041
235.169,-0.420064
235.1858,-0.42009
235.2023,-0.420116
235.2195,-0.420141
235.2356,-0.420161
235.2521,-0.420172
235.27,-0.420182
235.2857,-0.420197
235.3032,-0.420221
235.3194,-0.420244
235.3359,-0.420263
235.3526,-0.420282
235.3695,-0.420303
235.3865,-0.420323
235.4027,-0.420346
235.4192,-0.420368
235.437,-0.420381
235.4525,-0.420399
235.4689,-0.420412
235.486,-0.420435
235.5033,-0.420461
235.5191,-0.42048
235.5367,-0.42051
235.5518,-0.420535
235.57,-0.420562
235.5858,-0.420588
235.6031,-0.420614
235.6196,-0.420634
235.636,-0.420653
235.6528,-0.420665
235.6697,-0.420683
235.6864,-0.420693
235.7025,-0.420708
235.7193,-0.420725
235.7355,-0.420745
235.7532,-0.420772
235.7685,-0.420799
235.7863,-0.420832
235.8022,-0.420865
235.819,-0.420894
235.836,-0.420916
235.8525,-0.420936
235.8698,-0.420955
235.886,-0.420973
235.9026,-0.420994
235.9192,-0.421015
235.9358,-0.421037
235.9522,-0.421057
235.969,-0.421082
235.9863,-0.421107
236.002,-0.421136
236.0194,-0.421163
236.0361,-0.421184
236.0525,-0.421198
236.0686,-0.421212
236.0859,-0.42123
236.1022,-0.42124
236.119,-0.421262
236.1352,-0.421282
236.1525,-0.421304
236.1684,-0.421322
236.1847,-0.42134
236.2025,-0.42136
236.2194,-0.421375
236.2357,-0.421391
236.2519,-0.421414
236.2693,-0.421444
236.2856,-0.421474
236.3024,-0.421504
236.3192,-0.421536
236.3358,-0.421562
236.3524,-0.421586
236.3684,-0.421613
236.3853,-0.421636
236.403,-0.421657
236.4188,-0.421675
236.4361,-0.421693
236.4523,-0.421706
236.4691,-0.421713
236.4854,-0.421724
236.5019,-0.421737
236.5185,-0.421749
236.5353,-0.421767
236.5515,-0.42179
236.5689,-0.421818
236.5848,-0.421841
236.6025,-0.421863
236.619,-0.421885
236.6357,-0.421916
236.6515,-0.421947
236.6683,-0.421972
236.6851,-0.421992
236.7019,-0.422007
236.719,-0.422022
236.7351,-0.422038
236.7524,-0.422048
236.7685,-0.422058
236.7855,-0.422065
236.8019,-0.42207
236.819,-0.422078
236.8347,-0.422086
236.8523,-0.422094
236.8685,-0.422101
236.8859,-0.422112
236.9019,-0.422118
236.9183,-0.422121
236.9354,-0.42213
236.9522,-0.422146
236.9685,-0.422163
236.9849,-0.422179
237.0013,-0.422191
237.0188,-0.422206
237.0351,-0.422217
237.052,-0.422231
237.068,-0.422242
237.0853,-0.422248
237.1014,-0.422251
237.1182,-0.422267
237.1358,-0.422281
237.1513,-0.422297
237.1683,-0.422316
237.1854,-0.422336
237.2017,-0.42236
237.2186,-0.422383
237.2349,-0.42241
237.2519,-0.422432
237.2694,-0.422448
237.2868,-0.422462
237.3027,-0.422468
237.3189,-0.422472
237.3356,-0.422474
237.3517,-0.422477
237.3687,-0.422479
237.3855,-0.422487
237.4021,-0.422489
237.4191,-0.422492
237.4359,-0.422499
237.4524,-0.422507
237.4689,-0.422522
237.4854,-0.422534
237.502,-0.422544
237.5194,-0.422561
237.5351,-0.422582
237.5524,-0.422607
237.5689,-0.422627
237.5858,-0.422645
237.6022,-0.422659
237.6194,-0.422672
237.6358,-0.422679
237.6521,-0.422684
237.6693,-0.422687
237.6855,-0.422697
237.7019,-0.422711
237.7187,-0.422729
237.7362,-0.422755
237.7517,-0.42278
237.7691,-0.422808
237.7871,-0.422836
237.8029,-0.422858
237.8192,-0.422874
237.8356,-0.42289
237.8519,-0.422903
237.8701,-0.422907
237.8858,-0.422922
237.9022,-0.422937
237.919,-0.422951
237.9353,-0.422968
237.9518,-0.422984
237.9685,-0.422999
237.9865,-0.423022
238.0021,-0.423046
238.0193,-0.423078
238.0356,-0.423109
238.0522,-0.423134
238.0698,-0.423156
238.0858,-0.42318
238.1032,-0.423202
238.1199,-0.423217
238.1362,-0.423231
238.1527,-0.423245
238.1695,-0.423257
238.1858,-0.423267
238.203,-0.423285
238.2185,-0.423298
238.236,-0.423317
238.2519,-0.423336
238.2689,-0.423357
238.2865,-0.423383
238.3026,-0.423408
238.3188,-0.42343
238.3356,-0.423448
238.3527,-0.423463
238.3689,-0.423474
238.386,-0.423487
238.4025,-0.423502
238.4194,-0.423517
238.4359,-0.423532
238.4524,-0.423541
238.469,-0.423556
238.4857,-0.423572
238.5019,-0.423597
238.5199,-0.423623
238.5355,-0.423646
238.5524,-0.423664
238.5694,-0.423688
238.5859,-0.423715
238.6021,-0.423737
238.6192,-0.423767
238.6353,-0.423788
238.6527,-0.42381
238.6693,-0.42383
238.6859,-0.423854
238.7031,-0.423887
238.7192,-0.423917
238.7355,-0.423944
238.7526,-0.423962
238.7695,-0.42398
238.7856,-0.42399
238.8028,-0.424001
238.8194,-0.42401
238.8362,-0.424013
238.8523,-0.424016
238.8688,-0.42402
238.8859,-0.424025
238.9019,-0.424041
238.9188,-0.424068
238.9357,-0.4241
238.9518,-0.424137
238.9685,-0.42417
238.986,-0.424207
239.0032,-0.424242
239.0189,-0.424267
239.0357,-0.424283
239.053,-0.424294
239.0694,-0.424303
239.0867,-0.424306
239.1028,-0.424317
239.1192,-0.424329
239.1362,-0.424341
239.1533,-0.424356
239.1694,-0.424373
239.1864,-0.424389
239.203,-0.424396
239.2191,-0.424403
239.2359,-0.424416
239.2522,-0.424428
239.2689,-0.424448
239.2858,-0.424473
239.3033,-0.424496
239.3196,-0.424518
239.3358,-0.424538
239.3527,-0.424555
239.3689,-0.424573
239.3862,-0.424588
239.4032,-0.424606
239.4198,-0.424632
239.4361,-0.42465
239.453,-0.424674
239.4694,-0.424696
239.4865,-0.424716
239.5029,-0.424732
239.5197,-0.424748
239.536,-0.424765
239.5533,-0.424776
239.5696,-0.424782
239.5862,-0.424794
239.6038,-0.424808
239.6208,-0.424822
239.6362,-0.424837
239.6537,-0.424851
239.6711,-0.424865
239.6872,-0.424879
239.7033,-0.42489
239.7201,-0.424904
239.737,-0.424914
239.7533,-0.424924
239.7693,-0.424942
239.7863,-0.424955
239.8037,-0.424979
239.8199,-0.424996
239.8364,-0.425016
239.8542,-0.425039
239.8705,-0.425059
239.8878,-0.425074
239.9036,-0.425089
239.9208,-0.425109
239.9372,-0.425132
239.9541,-0.425153
239.9708,-0.425175
239.9878,-0.425202
240.004,-0.425226
240.021,-0.425252
240.0377,-0.425274
240.0543,-0.425288
240.0704,-0.425295
240.0871,-0.425306
240.1041,-0.425317
240.1205,-0.425341
240.138,-0.425363
240.1537,-0.425396
240.1705,-0.42543
240.187,-0.425462
240.204,-0.425507
240.2212,-0.425543
240.2375,-0.425577
240.2538,-0.425604
240.2709,-0.425624
240.2879,-0.425648
240.3044,-0.425665
240.3211,-0.425691
240.3378,-0.425717
240.3538,-0.42574
240.371,-0.425762
240.3872,-0.425779
240.4043,-0.425795
240.4209,-0.425812
240.4382,-0.425828
240.4541,-0.425849
240.4703,-0.425869
240.4874,-0.425891
240.5043,-0.425918
240.521,-0.425947
240.5378,-0.425979
240.554,-0.426007
240.5715,-0.426031
240.588,-0.426049
240.6046,-0.426075
240.6215,-0.426105
240.6377,-0.426132
240.6538,-0.426151
240.6707,-0.426172
240.6878,-0.426196
240.7041,-0.426223
240.7214,-0.426248
240.7379,-0.426263
240.7546,-0.426289
240.7711,-0.42632
240.7874,-0.426348
240.8045,-0.42638
240.8211,-0.42641
240.8384,-0.426436
240.8546,-0.426459
240.8709,-0.426475
240.8881,-0.42649
240.9043,-0.42651
240.9215,-0.426521
240.9374,-0.42654
240.9544,-0.426559
240.9711,-0.426579
240.9885,-0.426605
241.0052,-0.42663
241.0219,-0.426657
241.0384,-0.426679
241.0547,-0.4267
241.0715,-0.426719
241.0883,-0.426739
241.1045,-0.426764
241.1215,-0.426787
241.1382,-0.42681
241.1552,-0.426834
241.1719,-0.426857
241.1885,-0.426882
241.2052,-0.426908
241.2214,-0.426933
241.2382,-0.426958
241.2554,-0.426976
241.272,-0.427001
241.2887,-0.427032
241.305,-0.427058
241.3221,-0.427093
241.3381,-0.427112
241.3554,-0.42714
241.3724,-0.427169
241.3881,-0.427197
241.4046,-0.427218
241.4216,-0.42724
241.4392,-0.427253
241.4556,-0.427267
241.4718,-0.427278
241.4885,-0.427293
241.5058,-0.427313
241.5215,-0.427331
241.5385,-0.427354
241.5555,-0.427379
241.5726,-0.427404
241.5885,-0.427426
241.6061,-0.427451
241.623,-0.427473
241.6385,-0.4275
241.6556,-0.427521
241.6722,-0.427544
241.6892,-0.427566
241.7051,-0.427594
241.7229,-0.42762
241.739,-0.427641
241.756,-0.427675
241.7719,-0.427702
241.789,-0.427719
241.8054,-0.427727
241.8223,-0.427747
241.8397,-0.42776
241.8553,-0.427781
241.8712,-0.427802
241.8886,-0.427826
241.9059,-0.427842
241.923,-0.427858
241.9402,-0.427889
241.956,-0.42791
241.9721,-0.427926
241.9886,-0.427937
242.0058,-0.427954
242.0227,-0.427968
242.0394,-0.427994
242.056,-0.42802
242.072,-0.428049
242.0885,-0.428067
242.1057,-0.428088
242.1231,-0.428108
242.1396,-0.428136
242.1561,-0.42816
242.1719,-0.428186
242.1892,-0.428205
242.206,-0.428228
242.2229,-0.428258
242.2391,-0.428286
242.2562,-0.428309
242.2733,-0.428324
242.2894,-0.428342
242.3061,-0.428357
242.3226,-0.428366
242.3398,-0.428369
242.3559,-0.42837
242.3729,-0.428385
242.3895,-0.428402
242.4064,-0.428426
242.4228,-0.428443
242.4392,-0.428461
242.4565,-0.428478
242.4732,-0.42849
242.4888,-0.4285
242.5063,-0.428515
242.5232,-0.42853
242.5379,-0.42855
242.556,-0.42859
242.5729,-0.428631
242.5892,-0.428675
242.6063,-0.428712
242.6237,-0.428748
242.6398,-0.428773
242.6565,-0.428792
242.6733,-0.428801
242.6893,-0.428801
242.7068,-0.428796
242.7233,-0.428796
242.7394,-0.428802
242.7563,-0.428814
242.7729,-0.428833
242.789,-0.428849
242.8066,-0.428865
242.823,-0.428882
242.8401,-0.428909
242.8563,-0.428931
242.8729,-0.428961
242.89,-0.428988
242.9069,-0.429015
242.9235,-0.429044
242.9403,-0.429071
242.9577,-0.429087
242.9736,-0.429102
242.9906,-0.429112
243.0065,-0.429123
243.0233,-0.429142
243.0395,-0.429151
243.0566,-0.429173
243.0732,-0.429191
243.0899,-0.429216
243.1071,-0.429244
243.1226,-0.429276
243.1405,-0.429302
243.157,-0.429323
243.173,-0.429349
243.19,-0.429371
243.2067,-0.429404
243.2233,-0.429434
243.2401,-0.42946
243.2566,-0.429488
243.2739,-0.429516
243.2901,-0.429541
243.3072,-0.429562
243.3236,-0.429584
243.3405,-0.429603
243.3567,-0.429617
243.3735,-0.429633
243.39,-0.429658
243.4071,-0.429688
243.4237,-0.429713
243.4401,-0.429741
243.4572,-0.429765
243.4746,-0.42979
243.4909,-0.429809
243.5073,-0.42983
243.5236,-0.429846
243.5399,-0.429864
243.5568,-0.429886
243.574,-0.429908
243.591,-0.429929
243.6072,-0.429951
243.6247,-0.429975
243.6416,-0.429991
243.6567,-0.430009
243.6741,-0.430021
243.6912,-0.430024
243.7082,-0.430025
243.7239,-0.430037
243.7414,-0.430048
243.7582,-0.430059
243.7744,-0.43006
243.7905,-0.430067
243.8082,-0.430081
243.8254,-0.4301
243.8414,-0.430127
243.8578,-0.430155
243.8751,-0.430177
243.8913,-0.430193
243.9084,-0.430213
243.925,-0.430233
243.9422,-0.430252
243.9583,-0.430273
243.9754,-0.430289
243.9917,-0.430303
244.0087,-0.430317
244.0249,-0.430335
244.0421,-0.430357
244.0588,-0.430371
244.0755,-0.430375
244.0919,-0.430382
244.1089,-0.430391
244.1254,-0.430398
244.1423,-0.430404
244.1581,-0.43042
244.1743,-0.430441
244.192,-0.430464
244.2086,-0.430499
244.2262,-0.430536
244.2421,-0.430586
244.2588,-0.430626
244.276,-0.43066
244.2929,-0.43069
244.3095,-0.430716
244.3256,-0.430744
244.3426,-0.430772
244.359,-0.430796
244.3765,-0.430821
244.3933,-0.430856
244.4099,-0.430885
244.4269,-0.430917
244.4433,-0.43095
244.4595,-0.430978
244.4771,-0.431009
244.4928,-0.431041
244.5104,-0.431063
244.5263,-0.43109
244.5436,-0.431123
244.5603,-0.431147
244.5768,-0.431172
244.593,-0.431191
244.6104,-0.431206
244.6269,-0.431218
244.643,-0.431229
244.6601,-0.431246
244.6763,-0.431269
244.693,-0.431291
244.7095,-0.431313
244.726,-0.43134
244.7433,-0.431367
244.7596,-0.431396
244.7769,-0.431425
244.7931,-0.43146
244.8099,-0.431491
244.8269,-0.431526
244.8432,-0.431564
244.8589,-0.431595
244.8778,-0.431626
244.8929,-0.43165
244.9101,-0.431677
244.9269,-0.431707
244.9431,-0.431749
244.9604,-0.431784
244.9769,-0.431824
244.9936,-0.431852
245.0104,-0.431881
245.0269,-0.431913
245.0433,-0.431936
245.0605,-0.431954
245.0765,-0.431971
245.0931,-0.431988
245.11,-0.432004
245.1264,-0.432029
245.1426,-0.432058
245.159,-0.432095
245.176,-0.432129
245.1929,-0.432163
245.2097,-0.432192
245.2267,-0.432231
245.2433,-0.432273
245.26,-0.432308
245.2774,-0.432342
245.2931,-0.432372
245.3106,-0.432404
245.3264,-0.432432
245.3424,-0.432462
245.3593,-0.432497
245.3767,-0.432528
245.3935,-0.432555
245.4093,-0.432582
245.4263,-0.432616
245.4431,-0.43264
245.4592,-0.43267
245.4755,-0.432699
245.4926,-0.432723
245.5095,-0.432746
245.5257,-0.432774
245.543,-0.432798
245.5589,-0.432817
245.5754,-0.43284
245.5922,-0.432863
245.6089,-0.432886
245.6252,-0.432909
245.642,-0.432937
245.6595,-0.432969
245.6759,-0.432995
245.6924,-0.433023
245.7086,-0.433055
245.7252,-0.433085
245.7424,-0.433104
245.7589,-0.433131
245.7754,-0.433156
245.7929,-0.433179
245.8083,-0.433202
245.8249,-0.43322
245.8418,-0.433237
245.8584,-0.433255
245.8755,-0.433274
245.8921,-0.433296
245.9089,-0.433322
245.9251,-0.433342
245.9417,-0.43336
245.9583,-0.433377
245.9749,-0.433391
245.9916,-0.433404
246.0078,-0.433422
246.0246,-0.43344
246.041,-0.433452
246.0573,-0.43346
246.0743,-0.433478
246.0906,-0.433494
246.1078,-0.433515
246.1241,-0.433532
246.1413,-0.433552
246.1577,-0.433574
246.174,-0.433595
246.1911,-0.433616
246.207,-0.433645
246.2244,-0.433668
246.2411,-0.433684
246.2578,-0.433699
246.2743,-0.433711
246.2906,-0.433725
246.3064,-0.433737
246.3238,-0.433753
246.3406,-0.433772
246.3575,-0.433785
246.3745,-0.433797
246.3907,-0.43381
246.4073,-0.433814
246.4236,-0.433819
246.4401,-0.433826
246.4569,-0.433835
246.474,-0.433841
246.4902,-0.433856
246.5071,-0.433875
246.5236,-0.433893
246.5404,-0.433908
246.5571,-0.433914
246.5739,-0.433917
246.5904,-0.433917
246.6074,-0.433923
246.6238,-0.433922
246.6402,-0.433924
246.6571,-0.43392
246.6731,-0.433931
246.6904,-0.433931
246.7068,-0.433932
246.7236,-0.433928
246.7403,-0.433922
246.7576,-0.433916
246.7737,-0.433917
246.79,-0.43392
246.8071,-0.433921
246.824,-0.433926
246.8394,-0.433938
246.8568,-0.433955
246.8741,-0.433976
246.8902,-0.433998
246.9068,-0.434013
246.9238,-0.434029
246.9403,-0.434048
246.9569,-0.434063
246.9734,-0.43407
246.9906,-0.434075
247.0073,-0.434076
247.0244,-0.434076
247.0407,-0.434073
247.0576,-0.434072
247.074,-0.434071
247.0909,-0.434075
247.1077,-0.434081
247.1237,-0.434092
247.1403,-0.434106
247.1577,-0.434115
247.1745,-0.434127
247.1901,-0.43414
247.207,-0.43415
247.2241,-0.434155
247.2405,-0.434157
247.2578,-0.434156
247.2743,-0.434155
247.2911,-0.434157
247.3073,-0.43416
247.3239,-0.434166
247.3401,-0.434172
247.3576,-0.434181
247.3739,-0.43418
247.3902,-0.434183
247.4078,-0.434183
247.4237,-0.434193
247.4409,-0.434201
247.4572,-0.434208
247.4744,-0.43422
247.4909,-0.434238
247.5074,-0.434257
247.5246,-0.434274
247.5404,-0.434293
247.5573,-0.434309
247.575,-0.434328
247.5907,-0.434347
247.6068,-0.434366
247.6245,-0.434385
247.6406,-0.434405
247.6571,-0.434418
247.6736,-0.434445
247.6904,-0.434469
247.7071,-0.434491
247.724,-0.434514
247.7403,-0.434537
247.7573,-0.434566
247.7747,-0.434591
247.7909,-0.434619
247.8076,-0.434644
247.8241,-0.434663
247.8402,-0.434682
247.8567,-0.434702
247.8736,-0.434719
247.8899,-0.434737
247.9074,-0.434759
247.9241,-0.434785
247.9413,-0.43482
247.9563,-0.434848
247.9731,-0.434871
247.9904,-0.434891
248.0066,-0.434919
248.0231,-0.434939
248.0397,-0.434954
248.0567,-0.434966
248.0732,-0.434974
248.0892,-0.43499
248.1059,-0.435005
248.1236,-0.43502
248.1395,-0.435027
248.1562,-0.435043
248.1721,-0.435067
248.1896,-0.435087
248.2064,-0.435111
248.223,-0.435148
248.2398,-0.435185
248.2561,-0.435221
248.274,-0.435253
248.29,-0.435281
248.3069,-0.435313
248.3233,-0.435339
248.3402,-0.435358
248.3563,-0.435378
248.3733,-0.435397
248.3902,-0.43541
248.4072,-0.435425
248.4235,-0.435443
248.4402,-0.43546
248.4568,-0.435481
248.4738,-0.435504
248.4904,-0.435533
248.5069,-0.435553
248.5232,-0.435566
248.5402,-0.435575
248.5571,-0.435586
248.574,-0.435597
248.5899,-0.435601
248.6069,-0.435611
248.6238,-0.435616
248.6405,-0.435632
248.6575,-0.435641
248.6728,-0.435658
248.6905,-0.435666
248.7072,-0.435672
248.7243,-0.43568
248.7401,-0.435689
248.7572,-0.435698
248.7738,-0.435702
248.7908,-0.43571
248.8074,-0.435728
248.824,-0.435744
248.841,-0.435758
248.8574,-0.435762
248.8742,-0.435768
248.8904,-0.435771
248.907,-0.435782
248.9238,-0.43579
248.9409,-0.435795
248.9577,-0.4358
248.9745,-0.43581
248.9908,-0.435832
249.0077,-0.435852
249.0246,-0.435876
249.0412,-0.435896
249.0579,-0.435912
249.0746,-0.435924
249.0911,-0.435935
249.1086,-0.435947
249.1245,-0.43596
249.1406,-0.435974
249.1581,-0.435989
249.1744,-0.436009
249.1914,-0.436034
249.2075,-0.436052
249.2247,-0.436069
249.2415,-0.436087
249.2573,-0.436109
249.2756,-0.436127
249.2919,-0.436146
249.3077,-0.43616
249.3247,-0.436173
249.3413,-0.436185
249.3582,-0.436194
249.3749,-0.436213
249.3911,-0.436237
249.4083,-0.436264
249.425,-0.43629
249.4419,-0.436312
249.4581,-0.436339
249.4748,-0.436366
249.4909,-0.436391
249.5081,-0.436416
249.5242,-0.436443
249.5417,-0.436464
249.5587,-0.436486
249.5754,-0.436517
249.5914,-0.43654
249.6085,-0.436563
249.6257,-0.436579
249.6417,-0.43659
249.6591,-0.436601
249.6749,-0.436614
249.6923,-0.436633
249.7086,-0.436654
249.7257,-0.436676
249.7419,-0.436697
249.7586,-0.436717
249.7762,-0.436737
249.7923,-0.436759
249.8086,-0.436778
249.8253,-0.436796
249.8417,-0.436812
249.8584,-0.436837
249.8751,-0.436872
249.8917,-0.436907
249.9085,-0.436941
249.926,-0.436979
249.9435,-0.437012
249.9592,-0.437044
249.9754,-0.437075
249.9925,-0.437101
250.0089,-0.437125
250.0254,-0.437145
250.0423,-0.437171
250.0591,-0.437206
250.0751,-0.437239
250.0925,-0.43727
250.1094,-0.437303
250.1256,-0.437329
250.1429,-0.437357
250.1587,-0.43738
250.1758,-0.437405
250.1927,-0.437426
250.2087,-0.437447
250.2258,-0.43747
250.2419,-0.437499
250.2599,-0.437526
250.2753,-0.437551
250.2925,-0.43758
250.3087,-0.437607
250.3254,-0.43764
250.3419,-0.437664
250.359,-0.437691
250.3755,-0.437724
250.3922,-0.437761
250.4091,-0.437802
250.4256,-0.437834
250.4422,-0.43786
250.4595,-0.437889
250.4755,-0.437911
250.4924,-0.437921
250.5084,-0.437938
250.5259,-0.437956
250.5425,-0.437977
250.5582,-0.437996
250.5755,-0.438021
250.5918,-0.438051
250.6093,-0.438084
250.6251,-0.438116
250.6417,-0.438155
250.6583,-0.438187
250.675,-0.438209
250.6925,-0.438233
250.7081,-0.438256
250.7251,-0.438278
250.7418,-0.438301
250.7586,-0.438322
250.7753,-0.438335
250.7915,-0.438357
250.8088,-0.438382
250.8248,-0.438417
250.8414,-0.438441
250.858,-0.438467
250.8754,-0.438498
250.8913,-0.438528
250.9085,-0.438558
250.9248,-0.438581
250.9416,-0.438606
250.9588,-0.438636
250.9748,-0.438659
250.9916,-0.438679
251.0079,-0.438695
251.0248,-0.438716
251.0415,-0.438737
251.0581,-0.438756
251.0754,-0.43877
251.0918,-0.438776
251.1088,-0.438786
251.125,-0.438801
251.1417,-0.438819
251.158,-0.438836
251.1745,-0.438852
251.1919,-0.438872
251.2084,-0.438896
251.2253,-0.438918
251.2424,-0.438942
251.258,-0.438962
251.2752,-0.438983
251.2918,-0.439003
251.3082,-0.439022
251.3252,-0.439039
251.3418,-0.439053
251.3593,-0.439068
251.3751,-0.43909
251.3921,-0.439115
251.4082,-0.439142
251.4249,-0.43917
251.4424,-0.439188
251.4586,-0.439207
251.4757,-0.439225
251.4919,-0.439248
251.5083,-0.439264
251.5244,-0.439283
251.542,-0.439308
251.5585,-0.439335
251.5753,-0.439364
251.5919,-0.439396
251.6099,-0.439424
251.6255,-0.439452
251.642,-0.439479
251.659,-0.439507
251.6751,-0.439522
251.6916,-0.439529
251.7085,-0.439545
251.7249,-0.439565
251.7415,-0.439581
251.7582,-0.439595
251.7752,-0.439608
251.7913,-0.439621
251.8088,-0.439626
251.8253,-0.43963
251.8414,-0.439639
251.858,-0.439655
251.8745,-0.439673
251.891,-0.439698
251.9081,-0.439724
251.9247,-0.439747
251.9408,-0.439768
251.9582,-0.439788
251.9747,-0.43981
251.9915,-0.439829
252.0077,-0.439841
252.0241,-0.439862
252.0406,-0.43988
252.0578,-0.439892
252.0746,-0.439906
252.0912,-0.439921
252.1084,-0.439929
252.1242,-0.439939
252.1407,-0.439954
252.1582,-0.439969
252.1743,-0.439988
252.19,-0.440009
252.2077,-0.440026
252.2237,-0.440049
252.2417,-0.440067
252.258,-0.440082
252.2744,-0.440098
252.2906,-0.440116
252.308,-0.440132
252.3245,-0.44015
252.3403,-0.440177
252.3575,-0.440203
252.3743,-0.440237
252.3914,-0.440268
252.4072,-0.440293
252.4247,-0.440317
252.4412,-0.440334
252.458,-0.440348
252.4746,-0.44037
252.4908,-0.440395
252.508,-0.440414
252.5254,-0.440436
252.5416,-0.440459
252.5585,-0.440481
252.5757,-0.440497
252.5916,-0.440506
252.6082,-0.440512
252.6248,-0.440512
252.6407,-0.440521
252.6579,-0.440533
252.6744,-0.440545
252.6912,-0.440558
252.7078,-0.440574
252.7249,-0.440587
252.7416,-0.440605
252.7578,-0.440618
252.7746,-0.440635
252.7914,-0.440645
252.8077,-0.440655
252.8248,-0.440671
252.8412,-0.440695
252.858,-0.440723
252.8752,-0.440751
252.8913,-0.440784
252.9079,-0.440808
252.9248,-0.440828
252.9412,-0.440856
252.9592,-0.440894
252.9751,-0.44093
252.9925,-0.440961
253.0092,-0.440982
253.0258,-0.44101
253.0427,-0.441039
253.0585,-0.441064
253.0756,-0.441081
253.0918,-0.441103
253.1091,-0.441123
253.1252,-0.441138
253.1424,-0.441157
253.1585,-0.441175
253.1749,-0.441191
253.1927,-0.4412
253.2084,-0.441213
253.2251,-0.44122
253.2419,-0.441232
253.2585,-0.441246
253.2756,-0.441267
253.2917,-0.44129
253.308,-0.441315
253.3249,-0.441338
253.343,-0.44137
253.3589,-0.4414
253.3761,-0.441428
253.3927,-0.441451
253.4085,-0.441478
253.4258,-0.441502
253.4427,-0.441523
253.4591,-0.441538
253.4756,-0.441557
253.493,-0.441577
253.5086,-0.4416
253.5257,-0.441625
253.5427,-0.441649
253.5588,-0.441677
253.5759,-0.441699
253.592,-0.441725
253.6096,-0.441751
253.6257,-0.441774
253.6421,-0.441797
253.6595,-0.441822
253.6751,-0.441842
253.692,-0.441857
253.7077,-0.441872
253.7257,-0.441887
253.7426,-0.441906
253.7585,-0.441938
253.7756,-0.441976
253.7917,-0.442004
253.8086,-0.442026
253.8255,-0.442052
253.8423,-0.442083
253.8592,-0.442112
253.875,-0.442146
253.8918,-0.442176
253.9092,-0.442211
253.9253,-0.44225
253.9424,-0.44229
253.959,-0.442335
253.9753,-0.442367
253.9927,-0.442392
254.0091,-0.442415
254.0265,-0.442438
254.0426,-0.442456
254.0596,-0.442475
254.0765,-0.44249
254.0926,-0.442506
254.1094,-0.442523
254.1259,-0.442547
254.1421,-0.44257
254.1587,-0.442593
254.176,-0.442614
254.1924,-0.442642
254.2089,-0.442674
254.2252,-0.442704
254.2427,-0.442731
254.2583,-0.442761
254.2763,-0.442798
254.2925,-0.442829
254.3087,-0.442854
254.3256,-0.442872
254.3425,-0.442893
254.3592,-0.442911
254.3751,-0.44293
254.3916,-0.442954
254.4086,-0.442974
254.4261,-0.442992
254.4423,-0.443017
254.4584,-0.443044
254.4749,-0.44307
254.4919,-0.44309
254.5083,-0.443111
254.5255,-0.443139
254.5418,-0.443163
254.5593,-0.443194
254.5755,-0.443229
254.5925,-0.443262
254.6096,-0.44329
254.6258,-0.443317
254.6423,-0.44334
254.6587,-0.443362
254.676,-0.443385
254.6923,-0.443403
254.7089,-0.443417
254.7255,-0.443437
254.7428,-0.443457
254.7592,-0.44347
254.7758,-0.443493
254.7927,-0.443513
254.8096,-0.44353
254.8261,-0.443544
254.8425,-0.443558
254.8597,-0.443569
254.8757,-0.443582
254.8925,-0.443595
254.9094,-0.443614
254.9254,-0.443635
254.9427,-0.443659
254.9594,-0.443683
254.976,-0.443712
254.9923,-0.443735
255.0094,-0.443771
255.0259,-0.44381
255.0414,-0.443836
255.059,-0.44386
255.0757,-0.443879
255.0937,-0.443893
255.1098,-0.443913
255.1264,-0.443934
255.1437,-0.443954
255.1593,-0.443974
255.176,-0.443986
255.1931,-0.444003
255.2097,-0.444021
255.2268,-0.444041
255.2429,-0.444061
255.2596,-0.444073
255.2767,-0.444084
255.2929,-0.444098
255.3098,-0.444109
255.3262,-0.444125
255.3431,-0.444147
255.3601,-0.444167
255.3763,-0.444185
255.3929,-0.444197
255.4105,-0.444214
255.4263,-0.444227
255.4434,-0.444235
255.4599,-0.444252
255.4761,-0.444262
255.4928,-0.444275
255.5087,-0.444297
255.5262,-0.44432
255.5434,-0.44435
255.5598,-0.444384
255.5771,-0.444414
255.593,-0.444439
255.6098,-0.444463
255.6265,-0.44449
255.6435,-0.444522
255.6596,-0.444552
255.6762,-0.444578
255.6937,-0.444605
255.7095,-0.444631
255.7269,-0.444655
255.7438,-0.444683
255.7601,-0.444705
255.777,-0.44472
255.7933,-0.444739
255.81,-0.444752
255.8262,-0.444764
255.8436,-0.444782
255.86,-0.444803
255.8768,-0.444827
255.8928,-0.444861
255.9094,-0.444899
255.9266,-0.444932
255.9438,-0.444959
255.9603,-0.444987
255.9768,-0.44502
255.9928,-0.445053
256.0095,-0.445078
256.0263,-0.44511
256.0432,-0.445142
256.0601,-0.445165
256.077,-0.445187
256.0928,-0.445218
256.111,-0.445244
256.1273,-0.445274
256.1435,-0.445303
256.1595,-0.445333
256.1764,-0.445361
256.193,-0.445384
256.2096,-0.445408
256.2261,-0.445436
256.2431,-0.445462
256.2595,-0.445485
256.2766,-0.445516
256.2931,-0.44555
256.3093,-0.445581
256.3264,-0.445603
256.3425,-0.44562
256.36,-0.445631
256.3767,-0.445646
256.3925,-0.445655
256.4089,-0.445662
256.4255,-0.445671
256.4421,-0.445677
256.4595,-0.445691
256.4765,-0.445716
256.4929,-0.445744
256.5096,-0.445765
256.5259,-0.445791
256.5432,-0.445813
256.5596,-0.445832
256.5759,-0.44586
256.5926,-0.44588
256.6106,-0.445896
256.6261,-0.445913
256.6426,-0.445939
256.6601,-0.445958
256.6763,-0.44598
256.6929,-0.445992
256.7104,-0.446007
256.7267,-0.446022
256.743,-0.446035
256.7601,-0.446047
256.7767,-0.446058
256.7936,-0.446069
256.8099,-0.446088
256.8263,-0.446109
256.843,-0.446126
256.8598,-0.446151
256.877,-0.446176
256.8941,-0.446196
256.9109,-0.446212
256.9271,-0.446227
256.9448,-0.446233
256.9605,-0.446238
256.9769,-0.446246
256.9936,-0.446259
257.01,-0.446269
257.0267,-0.446281
257.0438,-0.446291
257.0607,-0.446306
257.0772,-0.446329
257.094,-0.446349
257.1106,-0.44637
257.1271,-0.446392
257.1437,-0.446416
257.161,-0.446441
257.1767,-0.446465
257.1942,-0.446495
257.2107,-0.446522
257.2278,-0.446542
257.2437,-0.446556
257.2612,-0.446572
257.2777,-0.446587
257.2945,-0.446604
257.3111,-0.446619
257.3275,-0.446639
257.3443,-0.446654
257.3615,-0.446666
257.3779,-0.446678
257.3942,-0.446697
257.4116,-0.446723
257.4278,-0.446759
257.4442,-0.446798
257.4613,-0.446837
257.4784,-0.446873
257.4946,-0.446907
257.5113,-0.446939
257.5278,-0.446964
257.5451,-0.446993
257.5614,-0.447014
257.5781,-0.447029
257.5945,-0.447038
257.6111,-0.447054
257.628,-0.447074
257.6453,-0.447088
257.6617,-0.447104
257.6784,-0.447126
257.6955,-0.447154
257.7113,-0.447173
257.7288,-0.447203
257.745,-0.447232
257.7624,-0.44725
257.7786,-0.447267
257.7957,-0.447289
257.8117,-0.447311
257.8287,-0.44733
257.8452,-0.447343
257.8626,-0.447362
257.8793,-0.447386
257.8953,-0.447409
257.9123,-0.447437
257.9288,-0.447464
257.9456,-0.447494
257.9626,-0.447512
257.9785,-0.447531
257.9959,-0.447546
258.0125,-0.447566
258.0287,-0.447587
258.0449,-0.447615
258.0616,-0.447635
258.0784,-0.447655
258.0958,-0.447681
258.1122,-0.447709
258.1291,-0.447733
258.1453,-0.447759
258.1616,-0.44779
258.1786,-0.447829
258.1956,-0.447866
258.2126,-0.447904
258.2285,-0.447935
258.2455,-0.447966
258.2626,-0.447994
258.2787,-0.448019
258.2957,-0.448051
258.3114,-0.448079
258.3288,-0.448114
258.3459,-0.448146
258.3622,-0.448181
258.3785,-0.448216
258.3951,-0.448255
258.4125,-0.44829
258.4286,-0.448319
258.4456,-0.448347
258.4621,-0.448379
258.4781,-0.448413
258.4952,-0.448443
258.5114,-0.448481
258.5281,-0.448518
258.5454,-0.448554
258.5616,-0.44859
258.578,-0.448619
258.5952,-0.448651
258.612,-0.448676
258.6288,-0.448699
258.6455,-0.448733
258.6617,-0.448769
258.678,-0.448801
258.6949,-0.448832
258.7115,-0.448859
258.7281,-0.448881
258.745,-0.448904
258.761,-0.448923
258.7782,-0.44894
258.795,-0.448954
258.8116,-0.448968
258.8272,-0.448986
258.8441,-0.449012
258.8603,-0.449037
258.8774,-0.449067
258.8944,-0.449097
258.9115,-0.449129
258.9275,-0.449161
258.9444,-0.449189
258.9618,-0.449214
258.9781,-0.449237
258.9949,-0.449248
259.0116,-0.449267
259.0276,-0.449286
259.0454,-0.449303
259.0616,-0.449328
259.0774,-0.449355
259.0941,-0.449371
259.1107,-0.449383
259.128,-0.449389
259.144,-0.449395
259.161,-0.449404
259.1776,-0.449411
259.194,-0.449427
259.211,-0.449448
259.227,-0.449472
259.244,-0.449493
259.2607,-0.449508
259.2787,-0.449528
259.2945,-0.44954
259.3109,-0.449555
259.3276,-0.44957
259.3444,-0.449582
259.3614,-0.449589
259.3777,-0.449603
259.3946,-0.449619
259.4109,-0.449633
259.4275,-0.449651
259.4443,-0.449675
259.4618,-0.449696
259.4775,-0.449714
259.4948,-0.449734
259.5109,-0.449752
259.5284,-0.449771
259.545,-0.44979
259.5611,-0.449801
259.5788,-0.449812
259.5953,-0.44982
259.6124,-0.449828
259.6288,-0.449832
259.6445,-0.449836
259.6615,-0.449836
259.6778,-0.449834
259.6952,-0.44984
259.7117,-0.449846
259.7275,-0.449855
259.7446,-0.449862
259.7609,-0.449864
259.7783,-0.449872
259.795,-0.44988
259.8114,-0.449893
259.8281,-0.449909
259.8455,-0.449925
259.8612,-0.449934
259.8779,-0.449951
259.8954,-0.44997
259.9119,-0.449995
259.9288,-0.450015
259.9448,-0.450041
259.9624,-0.450071
259.9788,-0.450099
259.9954,-0.450127
260.0114,-0.450149
260.0286,-0.450168
260.0452,-0.450175
260.0623,-0.450175
260.0781,-0.450183
260.0954,-0.450196
260.1114,-0.450207
260.1289,-0.450224
260.1443,-0.450253
260.161,-0.450283
260.1788,-0.450315
260.1955,-0.450342
260.2122,-0.450372
260.2288,-0.450394
260.2453,-0.450407
260.2619,-0.450421
260.2786,-0.450437
260.296,-0.450459
260.3123,-0.450484
260.329,-0.450508
260.3462,-0.450535
260.3622,-0.45056
260.3796,-0.450583
260.3956,-0.450608
260.4131,-0.450627
260.4293,-0.450648
260.4459,-0.45067
260.4626,-0.450683
260.4791,-0.450697
260.4951,-0.450709
260.513,-0.45073
260.5294,-0.450752
260.5454,-0.450779
260.5624,-0.450804
260.5792,-0.450816
260.5954,-0.450828
260.6118,-0.450858
260.6289,-0.450893
260.6453,-0.450934
260.6615,-0.450973
260.6787,-0.451012
260.6956,-0.451053
260.7126,-0.451088
260.7294,-0.451124
260.7455,-0.451158
260.7625,-0.451183
260.7794,-0.451209
260.7956,-0.451234
260.8122,-0.451256
260.8289,-0.451276
260.8456,-0.451302
260.8617,-0.451329
260.8781,-0.451356
260.8951,-0.45138
260.9117,-0.451406
260.9285,-0.451429
260.9449,-0.45146
260.9623,-0.451482
260.9782,-0.45151
260.9949,-0.45153
261.0119,-0.451552
261.0285,-0.451581
261.0448,-0.451611
261.0615,-0.451641
261.0782,-0.451677
261.0952,-0.451716
261.1115,-0.451752
261.128,-0.451784
261.1441,-0.451817
261.1616,-0.451852
261.1784,-0.451885
261.1948,-0.451921
261.211,-0.451953
261.2279,-0.451979
261.2451,-0.452002
261.2613,-0.452021
261.2786,-0.452042
261.2952,-0.452052
261.3113,-0.452061
261.328,-0.452068
261.3448,-0.452079
261.361,-0.452092
261.3775,-0.452111
261.394,-0.452128
261.4116,-0.452141
261.4281,-0.452163
261.4441,-0.45219
261.4613,-0.452216
261.4782,-0.452238
261.4941,-0.452258
261.5114,-0.452287
261.5283,-0.452322
261.5445,-0.452351
261.5612,-0.452373
261.5778,-0.452395
261.5951,-0.45241
261.6114,-0.452433
261.6283,-0.452452
261.6443,-0.452463
261.6615,-0.452474
261.6778,-0.452478
261.6942,-0.4525
261.7108,-0.452518
261.7274,-0.452535
261.7441,-0.452549
261.7606,-0.452565
261.7779,-0.452577
261.7946,-0.45259
261.8108,-0.452611
261.8279,-0.452627
261.844,-0.452645
261.8601,-0.452659
261.8781,-0.452674
261.8945,-0.452684
261.9116,-0.452699
261.9284,-0.45272
261.9441,-0.452749
261.9604,-0.452777
261.9776,-0.452806
261.9944,-0.452829
262.0112,-0.452844
262.0281,-0.452866
262.0444,-0.452882
262.0611,-0.452897
262.0779,-0.452905
262.0937,-0.452915
262.1113,-0.45293
262.1273,-0.45295
262.144,-0.452973
262.1604,-0.452992
262.1774,-0.453012
262.1942,-0.45303
262.2111,-0.453048
262.2279,-0.453057
262.2444,-0.453067
262.2613,-0.453084
262.2781,-0.453104
262.295,-0.453122
262.3111,-0.45313
262.3273,-0.453144
262.3452,-0.453157
262.3614,-0.453171
262.3775,-0.453182
262.3946,-0.453193
262.412,-0.453208
262.4278,-0.45322
262.4439,-0.453238
262.4612,-0.453252
262.4778,-0.453267
262.494,-0.453279
262.5109,-0.453294
262.5283,-0.453314
262.5442,-0.453333
262.5612,-0.453344
262.578,-0.453358
262.5946,-0.453374
262.612,-0.453388
262.6277,-0.453405
262.6434,-0.453418
262.6609,-0.453427
262.6783,-0.453437
262.6949,-0.453448
262.7118,-0.453467
262.7282,-0.453481
262.744,-0.453487
262.7619,-0.4535
262.779,-0.453516
262.7949,-0.453539
262.8114,-0.453568
262.8276,-0.453595
262.8454,-0.453621
262.8621,-0.453645
262.8783,-0.453667
262.8957,-0.453684
262.9117,-0.453704
262.9282,-0.453716
262.945,-0.453733
262.9624,-0.453742
262.9785,-0.453745
262.9953,-0.453759
263.0119,-0.453776
263.0289,-0.453797
263.0453,-0.453818
263.0621,-0.453848
263.079,-0.453877
263.0958,-0.4539
263.1129,-0.453922
263.1293,-0.453943
263.1467,-0.453966
263.1627,-0.453982
263.1793,-0.454004
263.1955,-0.454023
263.2126,-0.454043
263.2288,-0.45406
263.2454,-0.45408
263.2632,-0.454107
263.2791,-0.454135
263.2964,-0.454152
263.3125,-0.454169
263.3298,-0.454185
263.3466,-0.454202
263.3625,-0.45423
263.3797,-0.454262
263.3956,-0.454287
263.4134,-0.454314
263.4299,-0.454337
263.4463,-0.454358
263.463,-0.454371
263.4796,-0.454394
263.4966,-0.454422
263.5126,-0.45445
263.5297,-0.454486
263.5462,-0.454521
263.5631,-0.454556
263.579,-0.454588
263.5956,-0.454622
263.6126,-0.454649
263.6296,-0.454674
263.6467,-0.454703
263.6628,-0.454736
263.6798,-0.454762
263.6962,-0.454789
263.7134,-0.45481
263.7293,-0.454828
263.7463,-0.454844
263.7629,-0.454859
263.7801,-0.454876
263.7958,-0.454901
263.8123,-0.454928
263.8283,-0.454959
263.8452,-0.454991
263.8621,-0.455031
263.8788,-0.455076
263.8957,-0.455123
263.9122,-0.455165
263.9284,-0.455198
263.9457,-0.455231
263.9626,-0.45526
263.9791,-0.455288
263.9958,-0.455308
264.0122,-0.455331
264.029,-0.455356
264.0453,-0.455389
264.0626,-0.455421
264.0794,-0.455464
264.0962,-0.455511
264.1139,-0.455546
264.1298,-0.455573
264.1463,-0.455606
264.1633,-0.455638
264.1792,-0.455674
264.1952,-0.455711
264.2132,-0.455755
264.2292,-0.455788
264.2459,-0.455813
264.2631,-0.455839
264.2799,-0.455868
264.2964,-0.455888
264.3123,-0.455908
264.3293,-0.455935
264.3456,-0.455962
264.3626,-0.455993
264.3788,-0.456029
264.396,-0.456075
264.4126,-0.456114
264.4296,-0.456144
264.4456,-0.456173
264.4626,-0.456207
264.4799,-0.456236
264.4964,-0.456275
264.5132,-0.456315
264.5295,-0.456355
264.5464,-0.456381
264.5625,-0.456405
264.5793,-0.456433
264.5959,-0.456461
264.613,-0.456485
264.6291,-0.456511
264.6454,-0.456536
264.6632,-0.456559
264.6797,-0.456588
264.6961,-0.456625
264.713,-0.456664
264.7296,-0.456702
264.7467,-0.456738
264.7625,-0.456757
264.7791,-0.456775
264.7958,-0.456797
264.8126,-0.456821
264.8293,-0.456847
264.8447,-0.456874
264.8624,-0.456902
264.8797,-0.456927
264.8956,-0.456953
264.9127,-0.456981
264.9291,-0.457014
264.9462,-0.457046
264.9632,-0.457069
264.9794,-0.457087
264.9961,-0.457107
265.0128,-0.457131
265.0301,-0.457161
265.0462,-0.457185
265.062,-0.457208
265.0792,-0.457226
265.096,-0.457244
265.113,-0.457271
265.1288,-0.457301
265.1463,-0.457328
265.1628,-0.457347
265.1795,-0.457367
265.1962,-0.45739
265.2131,-0.457414
265.2292,-0.45743
265.2459,-0.457446
265.2628,-0.457459
265.2793,-0.457471
265.2961,-0.457482
265.313,-0.457499
265.3293,-0.457516
265.3461,-0.45753
265.3624,-0.457557
265.3794,-0.45758
265.396,-0.457609
265.4126,-0.457636
265.4293,-0.457658
265.4463,-0.457681
265.4623,-0.457702
265.4796,-0.457722
265.4956,-0.457745
265.5125,-0.457773
265.5293,-0.457809
265.5464,-0.457833
265.5631,-0.45786
265.5803,-0.457887
265.5961,-0.457911
265.6129,-0.457936
265.6287,-0.457948
265.6472,-0.45796
265.6632,-0.457968
265.6799,-0.457989
265.6963,-0.458004
265.7126,-0.458024
265.7295,-0.45804
265.7461,-0.458055
265.7629,-0.45807
265.7802,-0.458093
265.7966,-0.458117
265.8135,-0.458143
265.8295,-0.458165
265.8458,-0.458181
265.8635,-0.458198
265.8802,-0.458225
265.897,-0.458248
265.9131,-0.458264
265.9291,-0.458281
265.947,-0.458302
265.9632,-0.458316
265.9796,-0.458332
265.9959,-0.458353
266.0139,-0.458375
266.0304,-0.458395
266.0462,-0.458417
266.0629,-0.458443
266.0803,-0.458469
266.0969,-0.458499
266.1134,-0.458526
266.1299,-0.458546
266.147,-0.458571
266.1642,-0.458595
266.1799,-0.458618
266.1963,-0.458638
266.2134,-0.458662
266.2302,-0.458682
266.2469,-0.458707
266.2635,-0.458724
266.2801,-0.458748
266.2972,-0.458766
266.3132,-0.458785
266.3299,-0.458807
266.3471,-0.458834
266.3639,-0.458857
266.3799,-0.458881
266.3979,-0.45891
266.4138,-0.458944
266.4308,-0.458968
266.4472,-0.458993
266.4635,-0.459021
266.4805,-0.45904
266.4974,-0.459065
266.5129,-0.459084
266.53,-0.459104
266.5474,-0.45913
266.5632,-0.459159
266.5803,-0.459197
266.5967,-0.459239
266.6137,-0.459275
266.6306,-0.459299
266.6475,-0.459328
266.6641,-0.45936
266.6805,-0.459393
266.6974,-0.459416
266.714,-0.459445
266.7307,-0.459462
266.7472,-0.459487
266.7642,-0.459505
266.7805,-0.459518
266.7979,-0.459531
266.8131,-0.459553
266.8308,-0.459575
266.8474,-0.4596
266.8637,-0.459623
266.8805,-0.459646
266.8973,-0.459671
266.9143,-0.459695
266.9306,-0.459721
266.9474,-0.45975
266.9638,-0.459771
266.981,-0.459788
266.9973,-0.459811
267.0142,-0.459839
267.0308,-0.459868
267.0471,-0.45989
267.0641,-0.45991
267.0807,-0.459936
267.098,-0.459956
267.1143,-0.459984
267.1309,-0.460013
267.1476,-0.460038
267.1649,-0.460063
267.1815,-0.460085
267.1978,-0.460102
267.214,-0.460117
267.2312,-0.460135
267.2475,-0.460151
267.2643,-0.460172
267.2811,-0.460195
267.2977,-0.460217
267.3148,-0.460233
267.3316,-0.460246
267.3473,-0.460266
267.3641,-0.460294
267.3811,-0.460319
267.398,-0.460345
267.4141,-0.460374
267.4312,-0.46041
267.4481,-0.460446
267.4642,-0.460475
267.4815,-0.460502
267.4985,-0.460528
267.5145,-0.460555
267.5314,-0.46058
267.5479,-0.460605
267.5651,-0.460632
267.581,-0.460658
267.5978,-0.460687
267.614,-0.460716
267.6313,-0.460746
267.6479,-0.46077
267.6646,-0.4608
267.6815,-0.460828
267.6981,-0.460856
267.7148,-0.460885
267.7307,-0.460915
267.7487,-0.460937
267.7643,-0.460961
267.7806,-0.46099
267.7975,-0.461021
267.8138,-0.461049
267.8312,-0.461072
267.8481,-0.461102
267.8643,-0.461127
267.8812,-0.461153
267.8975,-0.46118
267.9146,-0.461211
267.931,-0.461246
267.9479,-0.461281
267.9643,-0.461322
267.9816,-0.46136
267.9966,-0.461397
268.0145,-0.461436
268.0313,-0.461475
268.0474,-0.461513
268.0652,-0.461541
268.081,-0.461578
268.0971,-0.461606
268.1144,-0.461635
268.1308,-0.461665
268.1473,-0.461687
268.1639,-0.461713
268.1807,-0.461737
268.1974,-0.461762
268.2145,-0.46178
268.2306,-0.461795
268.2473,-0.461815
268.2637,-0.461833
268.2808,-0.461859
268.2973,-0.461882
268.3139,-0.461908
268.3302,-0.461936
268.3475,-0.461972
268.363,-0.462011
268.3802,-0.462053
268.3972,-0.462083
268.4139,-0.46211
268.4302,-0.462137
268.4472,-0.462156
268.4634,-0.462172
268.4794,-0.462182
268.4971,-0.462191
268.5132,-0.462202
268.53,-0.462217
268.5476,-0.462243
268.5641,-0.462267
268.5801,-0.462294
268.5965,-0.462322
268.6135,-0.46234
268.6304,-0.462357
268.6463,-0.462375
268.663,-0.462396
268.6805,-0.462421
268.6966,-0.462437
268.7134,-0.462449
268.7299,-0.462467
268.7473,-0.462486
268.7637,-0.462502
268.7799,-0.462517
268.7967,-0.46253
268.8136,-0.462545
268.83,-0.462555
268.8466,-0.462568
268.8631,-0.462582
268.8801,-0.462602
268.8965,-0.462622
268.9127,-0.46264
268.9308,-0.462659
268.9468,-0.462688
268.9638,-0.462711
268.981,-0.462737
268.9975,-0.462758
269.0139,-0.462777
269.0309,-0.462793
269.0476,-0.462811
269.0644,-0.462825
269.0805,-0.462837
269.0976,-0.462842
269.114,-0.462843
269.1314,-0.462852
269.1473,-0.462872
269.1639,-0.462883
269.1811,-0.462896
269.1969,-0.462909
269.2141,-0.462933
269.2312,-0.462955
269.248,-0.462974
269.2645,-0.462992
269.2811,-0.463017
269.2985,-0.463041
269.3149,-0.463061
269.3309,-0.463087
269.3483,-0.463111
269.3641,-0.463135
269.3808,-0.463155
269.3978,-0.463179
269.4148,-0.463207
269.4308,-0.463229
269.4474,-0.463245
269.4644,-0.463265
269.4811,-0.46328
269.4982,-0.4633
269.5147,-0.463323
269.531,-0.463343
269.5475,-0.463358
269.5654,-0.463376
269.5811,-0.463393
269.5984,-0.463413
269.6152,-0.463447
269.6321,-0.463481
269.6484,-0.463508
269.665,-0.463532
269.6815,-0.463559
269.6982,-0.463582
269.7148,-0.463609
269.7308,-0.463635
269.7485,-0.463656
269.7644,-0.463666
269.7815,-0.463678
269.7991,-0.463697
269.8146,-0.463719
269.8313,-0.463738
269.8478,-0.463755
269.8649,-0.463769
269.8815,-0.463795
269.8988,-0.463821
269.915,-0.463845
269.9305,-0.463864
269.9483,-0.463878
269.9648,-0.463894
269.9814,-0.463911
269.9975,-0.463934
270.0148,-0.46396
270.0313,-0.463982
270.0478,-0.464004
270.0648,-0.464023
270.0811,-0.464053
270.0988,-0.464077
270.1146,-0.464099
270.1318,-0.464117
270.1476,-0.464144
270.1649,-0.464165
270.1817,-0.464195
270.1979,-0.464229
270.2142,-0.464259
270.2315,-0.464286
270.2477,-0.464312
270.2651,-0.464342
270.2811,-0.464378
270.2985,-0.464408
270.3144,-0.464438
270.3313,-0.464469
270.3479,-0.464497
270.3653,-0.46453
270.3807,-0.464555
270.3977,-0.464576
270.4145,-0.464601
270.4309,-0.46462
270.4486,-0.464643
270.4649,-0.464668
270.4809,-0.464686
270.498,-0.4647
270.514,-0.464715
270.5311,-0.464735
270.5479,-0.464758
270.5641,-0.46478
270.5811,-0.464801
270.5975,-0.464824
270.6147,-0.464847
270.6306,-0.464862
270.6482,-0.464872
270.6647,-0.464882
270.6816,-0.464898
270.6979,-0.464917
270.7147,-0.464939
270.7303,-0.464954
270.7478,-0.464973
270.7652,-0.464999
270.7817,-0.465029
270.7979,-0.465064
270.8141,-0.465103
270.8311,-0.465138
270.8484,-0.465168
270.8643,-0.465191
270.8814,-0.465212
270.8982,-0.465232
270.9146,-0.465253
270.9309,-0.465264
270.9477,-0.465278
270.965,-0.465294
270.9815,-0.465312
270.9982,-0.465337
271.0146,-0.465359
271.0311,-0.465382
271.048,-0.465397
271.0656,-0.465416
271.0822,-0.465439
271.0986,-0.465455
271.1154,-0.465473
271.1319,-0.46549
271.1489,-0.465504
271.165,-0.465518
271.1813,-0.465537
271.198,-0.46555
271.2153,-0.465564
271.2318,-0.465579
271.248,-0.465601
271.2648,-0.465622
271.2818,-0.465643
271.2985,-0.465662
271.3152,-0.465684
271.3322,-0.465711
271.3487,-0.465732
271.366,-0.465749
271.3818,-0.465777
271.3992,-0.465808
271.4156,-0.465832
271.432,-0.465864
271.4486,-0.465889
271.4654,-0.465912
271.4818,-0.465932
271.4993,-0.465952
271.5153,-0.465971
271.5323,-0.465986
271.5484,-0.466004
271.5653,-0.466026
271.5819,-0.466048
271.5996,-0.466071
271.6153,-0.466094
271.6336,-0.46612
271.6488,-0.466141
271.6666,-0.466164
271.6824,-0.466192
271.6992,-0.466215
271.7159,-0.46624
271.733,-0.466268
271.7499,-0.4663
271.7665,-0.466323
271.7823,-0.46634
271.7998,-0.466355
271.8163,-0.466374
271.833,-0.4664
271.8489,-0.466423
271.8667,-0.46645
271.8831,-0.466474
271.9003,-0.466503
271.9166,-0.466531
271.9333,-0.466561
271.9497,-0.466585
271.9668,-0.466599
271.9835,-0.466623
272.0003,-0.466653
272.0167,-0.466683
272.0333,-0.466705
272.0494,-0.466725
272.0673,-0.46675
272.0828,-0.466778
272.0999,-0.466811
272.1168,-0.466841
272.1334,-0.466881
272.1504,-0.466916
272.1674,-0.466949
272.1842,-0.466986
272.2002,-0.467022
272.2167,-0.467053
272.2336,-0.467076
272.2505,-0.467112
272.2673,-0.467149
272.284,-0.467188
272.3011,-0.467231
272.3172,-0.467269
272.3347,-0.467302
272.3506,-0.467337
272.368,-0.467367
272.3845,-0.467402
272.4007,-0.467434
272.418,-0.467465
272.4345,-0.4675
272.451,-0.467534
272.4681,-0.467566
272.4843,-0.467595
272.5005,-0.46762
272.518,-0.467646
272.5344,-0.467674
272.5508,-0.467695
272.568,-0.467718
272.5845,-0.467746
272.6018,-0.46778
272.6176,-0.467811
272.6351,-0.467841
272.6519,-0.467865
272.6684,-0.467895
272.6848,-0.467925
272.7012,-0.467957
272.7182,-0.467986
272.7351,-0.468021
272.7517,-0.468063
272.7689,-0.468107
272.7853,-0.468156
272.8021,-0.4682
272.8189,-0.468246
272.8352,-0.468278
272.8513,-0.468307
272.869,-0.468328
272.8853,-0.468357
272.9022,-0.468387
272.918,-0.468422
272.9349,-0.468456
272.9518,-0.468494
272.9692,-0.468531
272.9859,-0.468563
273.0017,-0.468603
273.0195,-0.468637
273.0355,-0.468669
273.0517,-0.468703
273.069,-0.468741
273.086,-0.468774
273.1019,-0.468805
273.1185,-0.468841
273.1361,-0.468874
273.1521,-0.468905
273.1682,-0.46893
273.1848,-0.468958
273.2018,-0.468992
273.2188,-0.46902
273.2351,-0.469054
273.2522,-0.469087
273.2686,-0.469122
273.2852,-0.469157
273.3016,-0.469193
273.3192,-0.46923
273.3352,-0.469266
273.3524,-0.469306
273.3688,-0.469344
273.3852,-0.469382
273.4019,-0.469417
273.4186,-0.469455
273.4361,-0.469497
273.4521,-0.469534
273.4691,-0.469571
273.4854,-0.46961
273.502,-0.469646
273.5188,-0.469672
273.535,-0.469701
273.5523,-0.469735
273.5686,-0.469771
273.5854,-0.469811
273.6012,-0.469851
273.6186,-0.469894
273.636,-0.469936
273.6532,-0.469973
273.669,-0.470009
273.6862,-0.470035
273.7019,-0.470051
273.7187,-0.470069
273.7356,-0.470093
273.7521,-0.470119
273.7677,-0.470146
273.7853,-0.470182
273.8025,-0.470214
273.8192,-0.470242
273.835,-0.470271
273.8521,-0.470306
273.869,-0.470336
273.8851,-0.470365
273.9016,-0.470396
273.9184,-0.470424
273.9354,-0.470457
273.9521,-0.470494
273.9688,-0.47053
273.9862,-0.470561
274.0021,-0.470589
274.0189,-0.470612
274.0351,-0.470641
274.0518,-0.470665
274.0691,-0.470697
274.0847,-0.470735
274.1023,-0.470769
274.1187,-0.4708
274.1355,-0.470829
274.152,-0.470854
274.1685,-0.470868
274.1855,-0.470881
274.2019,-0.470899
274.2177,-0.470913
274.2345,-0.470932
274.2517,-0.470956
274.2678,-0.470977
274.2852,-0.471005
274.302,-0.471036
274.3191,-0.471067
274.3352,-0.471101
274.3511,-0.471131
274.3683,-0.471155
274.3849,-0.471182
274.4016,-0.471209
274.4185,-0.471241
274.4343,-0.471274
274.4516,-0.471302
274.4685,-0.471322
274.4849,-0.471334
274.5015,-0.471347
274.518,-0.471362
274.5346,-0.471371
274.5515,-0.471383
274.5677,-0.4714
274.5855,-0.471421
274.6012,-0.471446
274.6177,-0.471479
274.6354,-0.471511
274.6519,-0.471541
274.6686,-0.471572
274.6852,-0.471611
274.7023,-0.471634
274.718,-0.471656
274.7355,-0.471686
274.752,-0.471715
274.7688,-0.471749
274.7853,-0.471767
274.8025,-0.471784
274.8192,-0.471796
274.8355,-0.471816
274.8515,-0.471833
274.8685,-0.471857
274.8853,-0.471866
274.9019,-0.471878
274.9185,-0.471893
274.9347,-0.471908
274.9523,-0.471925
274.9685,-0.471941
274.9856,-0.471961
275.0021,-0.471977
275.0182,-0.471992
275.0354,-0.472013
275.0524,-0.472034
275.0689,-0.472056
275.085,-0.472087
275.1021,-0.47212
275.1187,-0.472162
275.1357,-0.472195
275.1524,-0.472225
275.1697,-0.472265
275.1865,-0.472301
275.2025,-0.472327
275.2191,-0.472352
275.2357,-0.472381
275.2528,-0.472404
275.269,-0.472424
275.2859,-0.472444
275.3026,-0.472472
275.3192,-0.472495
275.3357,-0.472522
275.3522,-0.472547
275.3681,-0.472573
275.3853,-0.4726
275.4013,-0.47263
275.4194,-0.472661
275.4356,-0.472694
275.4525,-0.472728
275.4692,-0.472755
275.4859,-0.472787
275.5024,-0.47281
275.5188,-0.472833
275.5365,-0.472856
275.5527,-0.472875
275.5698,-0.472894
275.586,-0.472916
275.6026,-0.472935
275.6201,-0.472957
275.6358,-0.472987
275.6529,-0.473014
275.669,-0.473041
275.6857,-0.473066
275.7031,-0.473092
275.719,-0.473121
275.7357,-0.473141
275.7526,-0.473158
275.7692,-0.473174
275.7862,-0.473195
275.8029,-0.473219
275.8189,-0.473242
275.8352,-0.473262
275.8529,-0.473289
275.869,-0.473316
275.886,-0.473343
275.9027,-0.473368
275.9189,-0.473393
275.9362,-0.473415
275.9518,-0.473445
275.9697,-0.47347
275.9861,-0.473499
276.0019,-0.473525
276.0186,-0.473548
276.0359,-0.473575
276.0523,-0.473605
276.0693,-0.47363
276.0862,-0.473649
276.1022,-0.473671
276.1192,-0.473702
276.1358,-0.473739
276.1528,-0.473772
276.1687,-0.473809
276.1862,-0.473846
276.2021,-0.473877
276.2186,-0.473909
276.2355,-0.473943
276.2531,-0.473973
276.2688,-0.474007
276.2851,-0.474038
276.3024,-0.474072
276.3195,-0.474097
276.3356,-0.474118
276.3528,-0.474136
276.369,-0.47415
276.386,-0.474166
276.4018,-0.474188
276.4187,-0.474213
276.4355,-0.47424
276.4521,-0.474276
276.4698,-0.474314
276.4859,-0.474351
276.5027,-0.474386
276.5196,-0.474417
276.5359,-0.474451
276.5524,-0.474476
276.5693,-0.474495
276.5851,-0.474512
276.6021,-0.474527
276.6184,-0.474538
276.6354,-0.474556
276.6523,-0.474575
276.6686,-0.474604
276.6855,-0.474632
276.7018,-0.474665
276.7187,-0.474696
276.7358,-0.474727
276.7528,-0.474748
276.7693,-0.474761
276.7855,-0.474778
276.8026,-0.474788
276.8195,-0.474798
276.8359,-0.474814
276.8517,-0.474833
276.8685,-0.474858
276.8857,-0.474891
276.9023,-0.474928
276.9193,-0.474964
276.9354,-0.474996
276.9521,-0.475025
276.9689,-0.475055
276.9858,-0.475084
277.0023,-0.47511
277.0195,-0.475135
277.0353,-0.475154
277.0526,-0.475174
277.0691,-0.475195
277.0858,-0.475218
277.1031,-0.475235
277.1188,-0.475245
277.1363,-0.47526
277.1523,-0.475275
277.1689,-0.475299
277.1852,-0.475326
277.2021,-0.475354
277.219,-0.475372
277.236,-0.475401
277.2525,-0.475431
277.2693,-0.475455
277.2862,-0.475476
277.3023,-0.475496
277.3188,-0.475521
277.3356,-0.475539
277.3524,-0.475565
277.3687,-0.475597
277.3856,-0.475634
277.4024,-0.475666
277.4189,-0.475697
277.4356,-0.475724
277.4521,-0.475748
277.4691,-0.475771
277.4858,-0.475795
277.502,-0.475824
277.5184,-0.475845
277.5357,-0.475864
277.5524,-0.475886
277.5697,-0.475911
277.586,-0.475937
277.6024,-0.475963
277.6189,-0.475983
277.6355,-0.476004
277.6525,-0.476022
277.6694,-0.476037
277.6856,-0.476052
277.7023,-0.476066
277.7185,-0.476082
277.7353,-0.476102
277.7516,-0.476121
277.7686,-0.476155
277.7852,-0.476197
277.8019,-0.476239
277.8185,-0.476272
277.8356,-0.476306
277.852,-0.476342
277.8694,-0.47638
277.8856,-0.476416
277.9014,-0.476448
277.919,-0.476484
277.9357,-0.476518
277.9523,-0.476557
277.9694,-0.476593
277.9856,-0.476616
278.0026,-0.476636
278.0187,-0.47666
278.0352,-0.476682
278.0523,-0.476704
278.0682,-0.476729
278.0856,-0.47675
278.1024,-0.476769
278.1178,-0.476792
278.1348,-0.476817
278.1519,-0.476846
278.1683,-0.476866
278.1857,-0.47689
278.2021,-0.476919
278.2189,-0.476948
278.2356,-0.476986
278.2514,-0.477017
278.2682,-0.477047
278.2842,-0.477076
278.3019,-0.477104
278.3193,-0.47713
278.3355,-0.477163
278.3514,-0.477188
278.3682,-0.477208
278.3848,-0.477231
278.4015,-0.47725
278.4183,-0.477276
278.4349,-0.477306
278.4522,-0.477335
278.4682,-0.477358
278.4846,-0.477379
278.501,-0.4774
278.5175,-0.477422
278.5349,-0.477442
278.5519,-0.477464
278.5674,-0.477494
278.585,-0.47753
278.6009,-0.477567
278.6184,-0.477599
278.6349,-0.477627
278.6525,-0.477659
278.6682,-0.477688
278.6847,-0.477712
278.7012,-0.477735
278.7175,-0.477758
278.7352,-0.477781
278.7516,-0.477807
278.7678,-0.477841
278.7851,-0.477869
278.8019,-0.477898
278.8177,-0.47793
278.8358,-0.477953
278.8515,-0.477976
278.8679,-0.477992
278.8843,-0.478017
278.9012,-0.478045
278.9177,-0.478068
278.9344,-0.478094
278.9515,-0.478121
278.9683,-0.478152
278.9846,-0.478188
279.0015,-0.478228
279.0182,-0.478259
279.0343,-0.478287
279.0511,-0.478314
279.0682,-0.478343
279.0844,-0.478371
279.1005,-0.478394
279.1183,-0.478408
279.1348,-0.478426
279.1507,-0.478449
279.1683,-0.478471
279.1841,-0.478496
279.2012,-0.478513
279.217,-0.47853
279.2346,-0.478555
279.2506,-0.478576
279.267,-0.478608
279.2833,-0.478636
279.2998,-0.478668
279.3175,-0.478697
279.3341,-0.478739
279.3502,-0.478775
279.3671,-0.47881
279.3836,-0.478841
279.4009,-0.478866
279.418,-0.47889
279.4341,-0.478921
279.4509,-0.478953
279.4682,-0.47898
279.4846,-0.478997
279.5009,-0.479023
279.5176,-0.479051
279.5348,-0.47908
279.5504,-0.479101
279.5674,-0.47912
279.5844,-0.479136
279.6007,-0.479149
279.6173,-0.479167
279.6344,-0.479187
279.6506,-0.479206
279.6664,-0.479224
279.6837,-0.479249
279.7006,-0.479269
279.7174,-0.47929
279.7343,-0.479315
279.7507,-0.479344
279.7672,-0.479368
279.7841,-0.479401
279.8011,-0.479437
279.8179,-0.479469
279.8338,-0.479494
279.8506,-0.479519
279.8678,-0.479547
279.8845,-0.479576
279.9005,-0.4796
279.9173,-0.479619
279.9335,-0.479639
279.9504,-0.47966
279.967,-0.479692
279.9836,-0.479723
280.0013,-0.479743
280.0173,-0.479765
280.0341,-0.47978
280.051,-0.479794
280.0679,-0.479812
280.0833,-0.479831
280.1006,-0.479859
280.1176,-0.479887
280.1345,-0.47992
280.151,-0.479954
280.1674,-0.479993
280.1842,-0.480025
280.2009,-0.480051
280.2164,-0.480084
280.2338,-0.480106
280.2508,-0.480133
280.2676,-0.480151
280.2847,-0.480177
280.3015,-0.480209
280.318,-0.480236
280.3341,-0.480256
280.3509,-0.480272
280.3676,-0.480294
280.3848,-0.48032
280.4012,-0.480349
280.4174,-0.480378
280.4344,-0.480402
280.4514,-0.480432
280.4683,-0.480461
280.4841,-0.480493
280.5018,-0.480519
280.5187,-0.480549
280.5356,-0.480574
280.5515,-0.480598
280.5683,-0.480624
280.5852,-0.480653
280.6016,-0.480685
280.6186,-0.480718
280.6352,-0.480746
280.6513,-0.48077
280.669,-0.480795
280.6852,-0.480827
280.7016,-0.480862
280.7185,-0.480899
280.7361,-0.480923
280.7519,-0.480944
280.7694,-0.480967
280.7854,-0.480996
280.8025,-0.481022
280.8185,-0.48104
280.8355,-0.481073
280.8518,-0.481108
280.869,-0.481144
280.8858,-0.481173
280.9023,-0.481208
280.9198,-0.481241
280.9362,-0.481274
280.9522,-0.481295
280.9698,-0.481314
280.9855,-0.481336
281.0029,-0.481355
281.0199,-0.481375
281.0354,-0.481399
281.0524,-0.481429
281.0696,-0.481462
281.0861,-0.481498
281.1027,-0.481538
281.1197,-0.481583
281.1363,-0.481621
281.1527,-0.481658
281.1695,-0.481695
281.186,-0.481731
281.2023,-0.481766
281.2195,-0.481802
281.2363,-0.481845
281.2533,-0.481884
281.2697,-0.481919
281.2862,-0.481954
281.3027,-0.481988
281.3197,-0.482025
281.3356,-0.482057
281.3527,-0.482087
281.3696,-0.482115
281.3862,-0.482154
281.4027,-0.482194
281.4193,-0.482241
281.4353,-0.482281
281.4525,-0.482317
281.4701,-0.482358
281.4861,-0.482397
281.5026,-0.482433
281.5194,-0.482464
281.5356,-0.48249
281.5525,-0.482528
281.5688,-0.482569
281.5857,-0.482606
281.6024,-0.482645
281.6193,-0.482681
281.6363,-0.482717
281.6521,-0.482754
281.6692,-0.482793
281.6851,-0.48283
281.7021,-0.482862
281.7188,-0.482888
281.7355,-0.482917
281.7523,-0.482957
281.7686,-0.482995
281.7853,-0.483026
281.8025,-0.483058
281.8187,-0.4831
281.8355,-0.483141
281.8522,-0.483186
281.8691,-0.483233
281.8846,-0.483274
281.9021,-0.48331
281.9182,-0.483341
281.9357,-0.483377
281.9515,-0.483417
281.9683,-0.483457
281.9854,-0.483496
282.002,-0.483532
282.0186,-0.483565
282.0355,-0.483604
282.0522,-0.483642
282.069,-0.483677
282.0853,-0.483704
282.1021,-0.48373
282.1188,-0.483762
282.136,-0.483796
282.1514,-0.483832
282.1682,-0.48387
282.185,-0.483908
282.202,-0.483942
282.2184,-0.483979
282.2357,-0.484018
282.2516,-0.484058
282.2684,-0.484097
282.2847,-0.484133
282.302,-0.484177
282.3185,-0.48422
282.3349,-0.484258
282.3516,-0.484293
282.3683,-0.484319
282.385,-0.484342
282.4014,-0.48437
282.4173,-0.484401
282.4344,-0.484432
282.4512,-0.484465
282.4671,-0.484498
282.4847,-0.484532
282.5011,-0.484567
282.5178,-0.4846
282.5338,-0.484631
282.5512,-0.48466
282.5679,-0.484679
282.584,-0.484701
282.6003,-0.484721
282.618,-0.48474
282.6344,-0.484762
282.6508,-0.484795
282.6672,-0.484825
282.6838,-0.48485
282.7002,-0.484877
282.7171,-0.484905
282.7339,-0.484926
282.7502,-0.484954
282.7667,-0.484977
282.7833,-0.484995
282.801,-0.485004
282.8161,-0.485012
282.8336,-0.485025
282.8503,-0.485044
282.8673,-0.485059
282.884,-0.485068
282.8998,-0.485087
282.9176,-0.485101
282.9334,-0.48511
282.9503,-0.485125
282.9662,-0.485139
282.9836,-0.485153
283.0001,-0.485168
283.0165,-0.485187
283.0337,-0.485207
283.0493,-0.485233
283.0663,-0.485257
283.0833,-0.485284
283.1001,-0.485316
283.1172,-0.485329
283.1343,-0.485344
283.1504,-0.485358
283.1672,-0.485374
283.1838,-0.485388
283.2006,-0.485401
283.218,-0.48542
283.2337,-0.485441
283.2508,-0.485459
283.2675,-0.48548
283.2841,-0.485502
283.3008,-0.485519
283.3179,-0.485538
283.3333,-0.485555
283.351,-0.485576
283.3682,-0.485602
283.384,-0.485621
283.4003,-0.485639
283.4177,-0.485658
283.434,-0.485671
283.4513,-0.48568
283.4676,-0.485689
283.4839,-0.485697
283.5008,-0.485703
283.5177,-0.485724
283.5341,-0.48575
283.5507,-0.485779
283.5671,-0.485812
283.5845,-0.48584
283.601,-0.485866
283.6181,-0.485886
283.634,-0.485911
283.6509,-0.485939
283.6672,-0.485969
283.6843,-0.486
283.7002,-0.48603
283.7175,-0.486067
283.7343,-0.486106
283.7514,-0.486143
283.7675,-0.486172
283.7838,-0.486195
283.8008,-0.486199
283.8175,-0.486216
283.8343,-0.486233
283.8513,-0.48626
283.8674,-0.486292
283.8847,-0.486321
283.9013,-0.486358
283.9184,-0.486387
283.9342,-0.486415
283.9511,-0.486444
283.9678,-0.486474
283.9847,-0.48651
284.0018,-0.486541
284.0184,-0.486574
284.0345,-0.486606
284.0516,-0.486645
284.0688,-0.486686
284.0842,-0.486723
284.1014,-0.486757
284.1176,-0.486793
284.135,-0.486827
284.1516,-0.486857
284.1689,-0.486893
284.1846,-0.486933
284.2018,-0.486973
284.2179,-0.48701
284.2352,-0.487039
284.2512,-0.487072
284.2688,-0.487103
284.2849,-0.487131
284.3016,-0.487161
284.3186,-0.487187
284.335,-0.48721
284.3509,-0.487238
284.3683,-0.487271
284.3848,-0.487297
284.402,-0.487328
284.4181,-0.48736
284.435,-0.487402
284.4513,-0.487447
284.4691,-0.487491
284.4847,-0.487532
284.502,-0.487571
284.519,-0.487604
284.5352,-0.48764
284.5519,-0.487682
284.5681,-0.487727
284.5852,-0.487761
284.601,-0.487798
284.619,-0.487839
284.6357,-0.487889
284.6518,-0.487933
284.6686,-0.487961
284.6854,-0.487993
284.7017,-0.48802
284.7191,-0.488042
284.7347,-0.488073
284.7513,-0.48811
284.7686,-0.488142
284.7854,-0.488184
284.8018,-0.488222
284.8185,-0.488266
284.8348,-0.488314
284.8522,-0.488354
284.8688,-0.488389
284.8846,-0.488432
284.9013,-0.488468
284.9185,-0.488505
284.9351,-0.48854
284.9518,-0.488577
284.969,-0.488616
284.9844,-0.488655
285.0009,-0.488694
285.018,-0.488738
285.0346,-0.488783
285.0522,-0.488824
285.0683,-0.48887
285.0851,-0.488907
285.1016,-0.488937
285.1183,-0.48897
285.1349,-0.489004
285.1508,-0.489029
285.1676,-0.489047
285.1836,-0.489075
285.2017,-0.489106
285.2177,-0.489133
285.2341,-0.489168
285.2507,-0.4892
285.268,-0.48923
285.2849,-0.489266
285.3009,-0.489315
285.3184,-0.489369
285.3341,-0.489423
285.3508,-0.489475
285.3683,-0.489519
285.3856,-0.489563
285.4014,-0.489595
285.4182,-0.489628
285.4352,-0.489655
285.4509,-0.489679
285.4684,-0.489704
285.4853,-0.489734
285.5013,-0.489769
285.5183,-0.48981
285.5352,-0.489849
285.552,-0.489882
285.5683,-0.489917
285.5851,-0.489943
285.6017,-0.489963
285.6177,-0.489987
285.6351,-0.490007
285.6522,-0.490029
285.6684,-0.490057
285.6847,-0.490076
285.7023,-0.490096
285.7185,-0.490116
285.7352,-0.490144
285.7515,-0.490177
285.768,-0.490205
285.7846,-0.490238
285.802,-0.490274
285.8195,-0.490299
285.8348,-0.490329
285.8512,-0.490361
285.8685,-0.490393
285.8857,-0.490421
285.9016,-0.490449
285.9183,-0.490481
285.9347,-0.490509
285.9519,-0.490532
285.9684,-0.490561
285.9854,-0.490585
286.0017,-0.490606
286.0185,-0.490627
286.0347,-0.490656
286.0522,-0.490695
286.0683,-0.490739
286.0851,-0.490787
286.1018,-0.490831
286.1191,-0.490879
286.1361,-0.490918
286.153,-0.490955
286.1686,-0.490984
286.1853,-0.49101
286.2026,-0.491038
286.2188,-0.491055
286.2352,-0.491079
286.2523,-0.491113
286.2693,-0.491148
286.2862,-0.491179
286.3028,-0.491213
286.3201,-0.491252
286.3362,-0.491285
286.3524,-0.491316
286.3696,-0.491347
286.386,-0.491384
286.4031,-0.491424
286.4197,-0.491464
286.4359,-0.491502
286.4528,-0.491538
286.4691,-0.491574
286.4863,-0.491602
286.5031,-0.491636
286.5201,-0.491664
286.5372,-0.49169
286.553,-0.491713
286.5703,-0.491739
286.5868,-0.491761
286.6031,-0.491776
286.6204,-0.491808
286.6354,-0.491847
286.6534,-0.491891
286.6693,-0.491938
286.6867,-0.491982
286.7031,-0.492021
286.72,-0.492071
286.7369,-0.492114
286.7541,-0.492163
286.7705,-0.492204
286.7867,-0.492241
286.8044,-0.49228
286.8201,-0.492311
286.836,-0.492344
286.8534,-0.492375
286.87,-0.492408
286.887,-0.492442
286.9033,-0.492476
286.9199,-0.492505
286.9356,-0.492532
286.9525,-0.492568
286.9697,-0.492605
286.9869,-0.492654
287.0023,-0.492709
287.0197,-0.492758
287.0364,-0.492801
287.0531,-0.492851
287.0694,-0.492902
287.0872,-0.492949
287.1034,-0.492999
287.1199,-0.49304
287.1369,-0.493081
287.1535,-0.493124
287.1698,-0.493164
287.187,-0.493207
287.2032,-0.493251
287.2203,-0.493289
287.2367,-0.493331
287.2538,-0.493377
287.2704,-0.49341
287.2871,-0.49345
287.3031,-0.493485
287.321,-0.49352
287.3372,-0.493564
287.3531,-0.493601
287.3701,-0.493648
287.3868,-0.493696
287.4032,-0.493741
287.42,-0.493783
287.4365,-0.493822
287.4536,-0.493854
287.4699,-0.493886
287.4871,-0.493914
287.5031,-0.493947
287.5199,-0.493983
287.5365,-0.494021
287.5527,-0.494065
287.5692,-0.494112
287.5869,-0.494165
287.6031,-0.494219
287.62,-0.494271
287.6371,-0.494316
287.6546,-0.494358
287.6699,-0.494391
287.6862,-0.494431
287.7038,-0.494474
287.7198,-0.494519
287.7368,-0.494567
287.753,-0.494616
287.7708,-0.49466
287.7863,-0.4947
287.8037,-0.494732
287.8204,-0.494755
287.8366,-0.494777
287.8526,-0.494794
287.8694,-0.494811
287.8865,-0.494836
287.9032,-0.494859
287.9201,-0.494887
287.936,-0.494924
287.9535,-0.494963
287.9705,-0.494995
287.9866,-0.495037
288.0023,-0.495076
288.0197,-0.495118
288.0359,-0.495161
288.0526,-0.495203
288.07,-0.495247
288.086,-0.495295
288.1025,-0.49534
288.1202,-0.495385
288.136,-0.495419
288.1533,-0.495445
288.1695,-0.495471
288.186,-0.495493
288.2026,-0.495516
288.2193,-0.495547
288.2361,-0.495575
288.2529,-0.495606
288.2697,-0.495645
288.2862,-0.495682
288.3031,-0.495719
288.3193,-0.49575
288.3366,-0.495777
288.3531,-0.495805
288.3694,-0.49584
288.3856,-0.495879
288.4031,-0.495919
288.4195,-0.495954
288.4359,-0.495993
288.4535,-0.496031
288.4696,-0.496064
288.486,-0.496091
288.5038,-0.496118
288.5197,-0.496141
288.536,-0.496153
288.553,-0.496171
288.5696,-0.496192
288.5862,-0.49622
288.6024,-0.496246
288.619,-0.49627
288.637,-0.496303
288.6531,-0.49634
288.67,-0.496373
288.6865,-0.496403
288.702,-0.496431
288.7198,-0.496457
288.7363,-0.496479
288.7523,-0.496506
288.7694,-0.496535
288.7867,-0.496568
288.8033,-0.49659
288.8196,-0.496613
288.8365,-0.49665
288.8538,-0.496686
288.8702,-0.496717
288.8859,-0.496746
288.9027,-0.496782
288.9198,-0.49682
288.9366,-0.496859
288.9531,-0.496903
288.9705,-0.496948
288.9871,-0.496996
289.0036,-0.497043
289.0205,-0.497085
289.0365,-0.497129
289.0534,-0.497166
289.0706,-0.497198
289.0873,-0.497232
289.1032,-0.497265
289.1202,-0.497299
289.1373,-0.497334
289.1534,-0.497362
289.1703,-0.497391
289.187,-0.497424
289.203,-0.497464
289.2206,-0.49751
289.2369,-0.497556
289.2539,-0.497601
289.27,-0.497645
289.2869,-0.49769
289.3045,-0.497732
289.3198,-0.497777
289.3367,-0.497817
289.3534,-0.497852
289.3701,-0.497893
289.3869,-0.497934
289.4035,-0.497977
289.4204,-0.498014
289.4362,-0.498054
289.4541,-0.498089
289.4706,-0.498127
289.4868,-0.498158
289.5034,-0.498192
289.5207,-0.498228
289.5367,-0.498258
289.5531,-0.498288
289.57,-0.498325
289.5869,-0.498357
289.6037,-0.498394
289.6196,-0.498437
289.6371,-0.498478
289.6536,-0.498514
289.6692,-0.498545
289.6867,-0.498578
289.7037,-0.498621
289.7197,-0.498676
289.7369,-0.498721
289.7536,-0.498774
289.7697,-0.498824
289.7872,-0.498864
289.804,-0.498906
289.819,-0.498946
289.8369,-0.498982
289.8536,-0.499022
289.8698,-0.499059
289.8875,-0.499093
289.9036,-0.499131
289.9194,-0.499168
289.9369,-0.499205
289.9538,-0.499242
289.9709,-0.499272
289.9875,-0.499304
290.0044,-0.499331
290.0205,-0.499358
290.0367,-0.499388
290.053,-0.499419
290.0697,-0.499452
290.0873,-0.499484
290.1041,-0.499514
290.1203,-0.499543
290.1371,-0.499572
290.1532,-0.499611
290.1705,-0.499649
290.1868,-0.499687
290.2033,-0.499732
290.2205,-0.499777
290.2371,-0.499826
290.2534,-0.499872
290.2704,-0.499914
290.2874,-0.499956
290.3038,-0.499996
290.321,-0.500032
290.3369,-0.500061
290.3535,-0.500093
290.3706,-0.500125
290.3872,-0.50016
290.4037,-0.500188
290.4198,-0.500222
290.437,-0.500257
290.4531,-0.50029
290.4703,-0.500329
290.4861,-0.500372
290.5036,-0.500415
290.5195,-0.500455
290.5369,-0.500499
290.5538,-0.500534
290.57,-0.500572
290.5873,-0.500606
290.6032,-0.500643
290.6208,-0.500682
290.6366,-0.500722
290.6534,-0.500763
290.6708,-0.500803
290.687,-0.500847
290.7039,-0.500888
290.72,-0.500937
290.7366,-0.500982
290.7537,-0.501021
290.7705,-0.501058
290.787,-0.501093
290.8038,-0.501125
290.8209,-0.501161
290.8375,-0.501176
290.8537,-0.501193
290.8703,-0.501213
290.8869,-0.501234
290.9046,-0.501264
290.9198,-0.501305
290.9372,-0.501348
290.9536,-0.501389
290.9707,-0.501426
290.9873,-0.501464
291.0047,-0.501503
291.0212,-0.501536
291.0374,-0.501567
291.0541,-0.501591
291.0715,-0.501621
291.0876,-0.501657
291.1043,-0.501689
291.1207,-0.501722
291.1371,-0.501752
291.1543,-0.50178
291.171,-0.50181
291.1871,-0.501843
291.204,-0.501869
291.2202,-0.50189
291.2373,-0.501913
291.2548,-0.501943
291.2705,-0.50198
291.2876,-0.502014
291.304,-0.502056
291.3208,-0.502105
291.3373,-0.50216
291.3538,-0.502215
291.3714,-0.502272
291.3877,-0.50233
291.4054,-0.502381
291.4208,-0.502432
291.4373,-0.502474
291.4541,-0.502508
291.4718,-0.502537
291.4884,-0.502559
291.5046,-0.502588
291.5215,-0.502617
291.5376,-0.502639
291.5545,-0.50266
291.5716,-0.502685
291.5876,-0.502716
291.6047,-0.502751
291.6219,-0.50279
291.6378,-0.502832
291.6546,-0.502876
291.6708,-0.502922
291.688,-0.502977
291.7044,-0.503028
291.7215,-0.503079
291.7377,-0.503126
291.7543,-0.503172
291.7716,-0.503216
291.7877,-0.503258
291.8043,-0.503292
291.821,-0.503332
291.8376,-0.503366
291.8547,-0.503405
291.8712,-0.503451
291.8875,-0.503497
291.9044,-0.503545
291.9206,-0.503594
291.9382,-0.50364
291.9548,-0.503682
291.9716,-0.503727
291.9884,-0.503775
292.0044,-0.503827
292.0208,-0.50387
292.0381,-0.503917
292.0549,-0.50396
292.0714,-0.503997
292.0877,-0.504038
292.1047,-0.504084
292.1216,-0.504124
292.1378,-0.504164
292.1547,-0.504196
292.1711,-0.504232
292.1878,-0.50428
292.2044,-0.504322
292.2209,-0.504358
292.2381,-0.504396
292.2548,-0.504434
292.2716,-0.504486
292.2872,-0.504542
292.3041,-0.504592
292.3216,-0.504644
292.3374,-0.504695
292.3544,-0.504741
292.3708,-0.50479
292.3876,-0.504835
292.4044,-0.50488
292.4204,-0.504918
292.4379,-0.50495
292.4546,-0.504991
292.4703,-0.505034
292.4876,-0.505075
292.5037,-0.505119
292.521,-0.505171
292.5378,-0.505219
292.554,-0.505266
292.5703,-0.505312
292.5871,-0.505355
292.6045,-0.505398
292.6206,-0.505444
292.6371,-0.505489
292.6546,-0.505537
292.6706,-0.505581
292.6877,-0.505613
292.704,-0.505656
292.7202,-0.505701
292.7376,-0.505751
292.7541,-0.505801
292.7704,-0.505832
292.7878,-0.505865
292.8042,-0.505899
292.821,-0.505932
292.8378,-0.505961
292.8538,-0.505984
292.8711,-0.506016
292.8878,-0.506046
292.9041,-0.506084
292.921,-0.506118
292.9378,-0.506148
292.9541,-0.506178
292.9707,-0.506202
292.9876,-0.506226
293.0039,-0.506245
293.0204,-0.506263
293.0375,-0.506279
293.0546,-0.506298
293.0704,-0.506318
293.0878,-0.506339
293.1046,-0.506363
293.1207,-0.506389
293.1385,-0.506425
293.1547,-0.506465
293.1709,-0.506501
293.1879,-0.506543
293.2044,-0.50658
293.2211,-0.506612
293.2378,-0.506653
293.255,-0.506688
293.2717,-0.506703
293.2882,-0.506713
293.3053,-0.506726
293.3219,-0.50674
293.3374,-0.506763
293.3542,-0.506789
293.3707,-0.506826
293.3878,-0.506868
293.4048,-0.506911
293.421,-0.506954
293.4379,-0.506987
293.4548,-0.507022
293.4712,-0.507057
293.4884,-0.50709
293.505,-0.507119
293.5211,-0.507146
293.5383,-0.507177
293.5552,-0.507214
293.5713,-0.507249
293.5882,-0.507287
293.6046,-0.507327
293.6212,-0.507359
293.6391,-0.507394
293.6549,-0.507432
293.6715,-0.507471
293.6882,-0.507508
293.7052,-0.50755
293.7217,-0.507595
293.7372,-0.507646
293.7556,-0.507696
293.7718,-0.507749
293.7891,-0.507797
293.8047,-0.50785
293.8222,-0.507902
293.8387,-0.507942
293.8554,-0.507976
293.8718,-0.508011
293.8886,-0.508045
293.9052,-0.508075
293.9216,-0.508117
293.9376,-0.508157
293.9554,-0.508189
293.9723,-0.50822
293.9887,-0.508256
294.0052,-0.508295
294.0217,-0.50833
294.0384,-0.508362
294.0556,-0.508394
294.0721,-0.508434
294.088,-0.508475
294.1054,-0.508524
294.1218,-0.508575
294.1382,-0.508632
294.155,-0.508683
294.1716,-0.508732
294.1879,-0.50878
294.2047,-0.508827
294.2224,-0.508876
294.2381,-0.508917
294.2549,-0.508962
294.271,-0.509001
294.2882,-0.509042
294.3046,-0.50908
294.3214,-0.509114
294.3384,-0.509145
294.3551,-0.509181
294.3718,-0.509224
294.3881,-0.509275
294.4043,-0.509322
294.4213,-0.509366
294.4382,-0.509405
294.4547,-0.509446
294.4714,-0.509498
294.4883,-0.509548
294.5046,-0.50958
294.5213,-0.509606
294.5379,-0.509631
294.555,-0.509666
294.571,-0.509702
294.5872,-0.509747
294.6044,-0.509792
294.6211,-0.509834
294.638,-0.509877
294.654,-0.509918
294.6712,-0.509963
294.6878,-0.510011
294.7044,-0.510053
294.7209,-0.510095
294.7376,-0.510142
294.7546,-0.510184
294.7713,-0.510229
294.7875,-0.510273
294.8048,-0.510324
294.8214,-0.510375
294.8377,-0.510418
294.8546,-0.51046
294.8718,-0.510498
294.8882,-0.510538
294.9049,-0.510565
294.9212,-0.510594
294.938,-0.510618
294.9543,-0.51065
294.9708,-0.510685
294.9875,-0.510724
295.0044,-0.510769
295.021,-0.510809
295.0381,-0.510845
295.0551,-0.510883
295.071,-0.510912
295.0874,-0.51094
295.1046,-0.510959
295.1213,-0.510978
295.1383,-0.511003
295.1537,-0.511029
295.1712,-0.511058
295.1865,-0.511081
295.2036,-0.511102
295.2209,-0.511116
295.2376,-0.511139
295.2542,-0.511157
295.2708,-0.511187
295.2867,-0.511215
295.3035,-0.511251
295.3198,-0.51129
295.3368,-0.511333
295.3544,-0.511371
295.3709,-0.511408
295.3874,-0.511446
295.4047,-0.511486
295.4202,-0.511514
295.4367,-0.511539
295.4529,-0.511557
295.4707,-0.511577
295.4879,-0.511599
295.5032,-0.511616
295.5201,-0.511641
295.5375,-0.511669
295.5539,-0.511691
295.5705,-0.511717
295.5868,-0.511753
295.6036,-0.511786
295.6199,-0.511823
295.6368,-0.511863
295.6541,-0.511899
295.6709,-0.511939
295.6874,-0.511975
295.7035,-0.512001
295.7203,-0.512031
295.737,-0.512062
295.7541,-0.51209
295.7701,-0.512119
295.7871,-0.512141
295.8042,-0.51216
295.8206,-0.512176
295.837,-0.512195
295.8539,-0.512208
295.8695,-0.512229
295.8866,-0.512252
295.904,-0.512284
295.9205,-0.512317
295.9366,-0.512351
295.9536,-0.512389
295.9703,-0.512427
295.9878,-0.512464
296.0041,-0.512493
296.0206,-0.512525
296.0369,-0.512555
296.0536,-0.512587
296.0702,-0.512617
296.086,-0.512653
296.1036,-0.512688
296.1204,-0.512726
296.1377,-0.512762
296.1543,-0.512797
296.1707,-0.51284
296.1868,-0.512869
296.2039,-0.512902
296.2208,-0.512928
296.2374,-0.512961
296.2539,-0.512996
296.2701,-0.513027
296.2868,-0.513044
296.304,-0.513064
296.3203,-0.513085
296.3367,-0.51311
296.3535,-0.513146
296.3694,-0.51319
296.3864,-0.513234
296.4034,-0.513276
296.4204,-0.513316
296.4364,-0.513361
296.4541,-0.51341
296.4705,-0.513456
296.4871,-0.513497
296.5034,-0.513536
296.5207,-0.513568
296.5373,-0.513592
296.5542,-0.513627
296.5709,-0.513655
296.5872,-0.513682
296.6043,-0.513703
296.621,-0.513719
296.6378,-0.513735
296.6539,-0.513762
296.6712,-0.513792
296.6872,-0.513823
296.7047,-0.513854
296.7212,-0.513887
296.7377,-0.513915
296.7542,-0.513951
296.7711,-0.513986
296.7878,-0.514014
296.8045,-0.514042
296.8208,-0.514077
296.8376,-0.514106
296.854,-0.514138
296.871,-0.514173
296.8877,-0.514207
296.904,-0.514246
296.9213,-0.514281
296.938,-0.514311
296.9542,-0.514346
296.9714,-0.514376
296.988,-0.514398
297.0045,-0.514426
297.0208,-0.514451
297.0381,-0.514472
297.054,-0.5145
297.0703,-0.514531
297.0885,-0.514576
297.1041,-0.51462
297.1214,-0.514666
297.1378,-0.51471
297.1544,-0.514754
297.1712,-0.514802
297.1879,-0.514846
297.2043,-0.514885
297.2212,-0.514919
297.2379,-0.514949
297.255,-0.514979
297.2711,-0.515016
297.2881,-0.515056
297.3048,-0.515103
297.3221,-0.515153
297.3379,-0.515195
297.3547,-0.515239
297.3713,-0.515276
297.3884,-0.515307
297.4045,-0.515334
297.4221,-0.515368
297.4385,-0.515401
297.4547,-0.515437
297.4716,-0.515472
297.4885,-0.515509
297.505,-0.515543
297.5218,-0.515579
297.5381,-0.515617
297.5555,-0.515659
297.5709,-0.51569
297.5879,-0.515723
297.6054,-0.51576
297.6213,-0.515799
297.6384,-0.515837
297.6547,-0.51588
297.6716,-0.515918
297.6884,-0.515949
297.705,-0.515991
297.7216,-0.516031
297.7386,-0.516069
297.7552,-0.516105
297.7716,-0.516138
297.7881,-0.516173
297.8048,-0.516206
297.8213,-0.516243
297.8383,-0.516279
297.8551,-0.516318
297.8701,-0.516355
297.8882,-0.516397
297.9054,-0.516445
297.9215,-0.516487
297.938,-0.516529
297.9544,-0.516569
297.972,-0.516595
297.988,-0.516628
298.0047,-0.516661
298.0212,-0.516693
298.0384,-0.516728
298.0541,-0.516752
298.0719,-0.516785
298.0877,-0.516822
298.1052,-0.516869
298.1211,-0.516917
298.1378,-0.516968
298.1551,-0.517006
298.1711,-0.517045
298.188,-0.517083
298.2042,-0.517121
298.2216,-0.517155
298.238,-0.517182
298.2541,-0.517212
298.2711,-0.517241
298.2875,-0.517277
298.3046,-0.517313
298.3219,-0.517349
298.3383,-0.517388
298.3551,-0.51744
298.3708,-0.517485
298.3877,-0.517523
298.4041,-0.517556
298.4209,-0.517584
298.4385,-0.517612
298.4551,-0.517644
298.4716,-0.517679
298.4876,-0.517714
298.5047,-0.517746
298.5211,-0.517776
298.538,-0.517812
298.5544,-0.517854
298.5713,-0.517901
298.5876,-0.517945
298.6047,-0.517983
298.6215,-0.518025
298.6382,-0.518064
298.6558,-0.518103
298.6717,-0.51814
298.688,-0.518173
298.7046,-0.518202
298.7214,-0.518227
298.7382,-0.518257
298.7552,-0.518289
298.7716,-0.51832
298.7883,-0.518349
298.8051,-0.518378
298.8224,-0.518404
298.838,-0.518432
298.8546,-0.518459
298.8715,-0.51849
298.888,-0.518526
298.9045,-0.518566
298.9214,-0.518602
298.9375,-0.518638
298.955,-0.51868
298.9714,-0.518728
298.9877,-0.518777
299.0045,-0.518829
299.0214,-0.518882
299.0378,-0.518919
299.0542,-0.518953
299.0711,-0.518978
299.0891,-0.519007
299.105,-0.51903
299.1211,-0.519051
299.1384,-0.519071
299.1544,-0.51909
299.1714,-0.519118
299.1876,-0.519155
299.2051,-0.519191
299.2219,-0.519231
299.238,-0.519269
299.2548,-0.519299
299.2707,-0.519325
299.2881,-0.519344
299.3046,-0.51937
299.3211,-0.5194
299.3377,-0.519417
299.3544,-0.519441
299.3711,-0.519471
299.3879,-0.519505
299.4044,-0.519542
299.4209,-0.519579
299.438,-0.519615
299.4549,-0.51965
299.4711,-0.519686
299.4877,-0.519723
299.5047,-0.519757
299.5209,-0.519783
299.5379,-0.519812
299.5544,-0.519839
299.5703,-0.519855
299.5876,-0.519875
299.6035,-0.519899
299.6211,-0.519926
299.6381,-0.519958
299.6541,-0.519993
299.6708,-0.520023
299.6873,-0.520059
299.7048,-0.520095
299.7205,-0.520132
299.7376,-0.520168
299.7542,-0.520201
299.7715,-0.520237
299.7873,-0.520274
299.8044,-0.520305
299.8208,-0.520332
299.8372,-0.520354
299.8539,-0.52038
299.8703,-0.520411
299.8871,-0.520439
299.904,-0.520468
299.9209,-0.520495
299.9381,-0.520528
299.954,-0.520559
299.9715,-0.520593
299.9882,-0.520616
300.0043,-0.520638
300.0211,-0.520664
300.0374,-0.52069
300.0543,-0.520714
300.0705,-0.520734
300.0865,-0.520757
300.1043,-0.520773
300.1204,-0.520784
300.1382,-0.520806
300.1536,-0.520829
300.1706,-0.520857
300.1879,-0.520886
300.2035,-0.52092
300.22,-0.520952
300.2367,-0.520985
300.2546,-0.521018
300.2716,-0.521046
300.2875,-0.521073
300.3044,-0.521102
300.3207,-0.521121
300.3378,-0.521137
300.3538,-0.521154
300.3705,-0.521172
300.3874,-0.521195
300.403,-0.521219
300.4209,-0.521242
300.437,-0.52127
300.453,-0.521307
300.4706,-0.521341
300.4875,-0.521372
300.5042,-0.521398
300.5205,-0.521427
300.5379,-0.52146
300.5539,-0.521481
300.5707,-0.521498
300.5869,-0.521508
300.6038,-0.521526
300.6207,-0.521549
300.637,-0.521572
300.6539,-0.5216
300.6702,-0.521624
300.6871,-0.521651
300.7047,-0.521678
300.7203,-0.521719
300.7381,-0.52176
300.7539,-0.521796
300.7705,-0.521815
300.7871,-0.521829
300.8052,-0.521844
300.821,-0.52185
300.8378,-0.521857
300.8539,-0.52186
300.8712,-0.521869
300.8875,-0.52188
300.9044,-0.521898
300.9213,-0.521923
300.9377,-0.521956
300.9545,-0.521976
300.9712,-0.522007
300.988,-0.522044
301.0045,-0.522075
301.0211,-0.522104
301.0372,-0.522131
301.054,-0.522161
301.0708,-0.522183
301.0868,-0.522209
301.1047,-0.522233
301.1211,-0.522256
301.1379,-0.522277
301.1548,-0.5223
301.1715,-0.522321
301.188,-0.522344
301.2044,-0.522362
301.2213,-0.522382
301.238,-0.5224
301.2547,-0.522417
301.2712,-0.522438
301.2874,-0.52246
301.3048,-0.522479
301.3214,-0.522499
301.3378,-0.522528
301.3547,-0.522552
301.3712,-0.522572
301.3871,-0.52259
301.4045,-0.522618
301.4216,-0.52265
301.4375,-0.522679
301.4543,-0.522708
301.4717,-0.522744
301.4884,-0.522784
301.5051,-0.522829
301.5214,-0.52287
301.5387,-0.522901
301.5545,-0.52292
301.5715,-0.522941
301.5878,-0.522958
301.6044,-0.522977
301.6212,-0.522996
301.6386,-0.523015
301.6547,-0.523029
301.6709,-0.523051
301.689,-0.523077
301.7061,-0.523108
301.7213,-0.523134
301.738,-0.523162
301.7547,-0.523191
301.7719,-0.523219
301.7891,-0.523243
301.805,-0.523276
301.8221,-0.523306
301.8381,-0.523329
301.8553,-0.523344
301.8716,-0.523352
301.8883,-0.523372
301.9053,-0.523396
301.9212,-0.523423
301.9379,-0.52345
301.9545,-0.523488
301.9719,-0.523531
301.989,-0.523572
302.0052,-0.523615
302.0224,-0.523646
302.039,-0.523669
302.0552,-0.523682
302.0724,-0.52368
302.0887,-0.52369
302.105,-0.523704
302.1211,-0.523718
302.1385,-0.523745
302.1548,-0.523776
302.1715,-0.523811
302.1885,-0.523846
302.2052,-0.523873
302.2224,-0.523897
302.2389,-0.523917
302.2556,-0.52394
302.2723,-0.523954
302.2881,-0.523975
302.3055,-0.523992
302.3222,-0.524023
302.3392,-0.524067
302.3549,-0.524108
302.3726,-0.524148
302.389,-0.524175
302.4056,-0.524194
302.4224,-0.524212
302.4382,-0.524231
302.4551,-0.524249
302.4718,-0.524271
302.488,-0.524295
302.5046,-0.524319
302.5213,-0.524358
302.5388,-0.524397
302.5554,-0.524439
302.5713,-0.524481
302.5882,-0.524516
302.6052,-0.52454
302.6217,-0.524563
302.6379,-0.524589
302.6549,-0.524618
302.6714,-0.524652
302.6883,-0.52468
302.7045,-0.524709
302.7218,-0.524743
302.7386,-0.524775
302.7554,-0.524799
302.772,-0.524828
302.7886,-0.52485
302.8051,-0.524867
302.8217,-0.524872
302.8379,-0.524881
302.8547,-0.5249
302.8724,-0.524924
302.8878,-0.524945
302.9052,-0.524965
302.9217,-0.524982
302.9384,-0.524992
302.9548,-0.525006
302.9718,-0.525026
302.988,-0.52504
303.0047,-0.525048
303.0214,-0.525057
303.0385,-0.52507
303.0557,-0.525092
303.0709,-0.525107
303.0879,-0.525128
303.1049,-0.525147
303.1218,-0.525171
303.1384,-0.525191
303.1545,-0.525217
303.1713,-0.525245
303.1882,-0.525268
303.2055,-0.525291
303.2215,-0.525321
303.2387,-0.525347
303.2552,-0.525374
303.2721,-0.525399
303.2893,-0.525419
303.3053,-0.525442
303.322,-0.525462
303.3387,-0.525475
303.3553,-0.52548
303.3727,-0.525479
303.3884,-0.525481
303.4059,-0.525494
303.4221,-0.525513
303.4387,-0.525527
303.4555,-0.525533
303.4721,-0.525534
303.4892,-0.525535
303.5057,-0.525544
303.5225,-0.525558
303.5384,-0.52557
303.5554,-0.525584
303.5724,-0.525599
303.5881,-0.525605
303.6057,-0.525612
303.6221,-0.52562
303.6397,-0.525634
303.6553,-0.525649
303.6725,-0.525669
303.6889,-0.525689
303.7054,-0.525705
303.7225,-0.52572
303.7384,-0.525747
303.7558,-0.525764
303.7722,-0.52578
303.7889,-0.525806
303.8065,-0.525827
303.8227,-0.525846
303.8396,-0.525852
303.8563,-0.52587
303.8727,-0.525882
303.8894,-0.525897
303.9056,-0.525918
303.9228,-0.52595
303.9398,-0.52598
303.9564,-0.526009
303.9725,-0.526036
303.9897,-0.526061
304.0067,-0.526076
304.0233,-0.526092
304.0393,-0.526101
304.0564,-0.526115
304.0727,-0.526123
304.0892,-0.526141
304.107,-0.526166
304.1228,-0.526196
304.14,-0.52622
304.1563,-0.526243
304.1731,-0.526267
304.1901,-0.526282
304.2068,-0.526302
304.223,-0.526322
304.2399,-0.526341
304.2567,-0.52636
304.2727,-0.526383
304.2897,-0.526414
304.3069,-0.52645
304.3227,-0.526481
304.3397,-0.526496
304.3566,-0.526521
304.3729,-0.526542
304.3902,-0.526558
304.4069,-0.526578
304.4233,-0.526603
304.4403,-0.526623
304.457,-0.526651
304.4728,-0.526683
304.4906,-0.526718
304.507,-0.526751
304.5232,-0.526777
304.5397,-0.526803
304.5568,-0.526824
304.5735,-0.526842
304.5899,-0.526864
304.6065,-0.526882
304.6229,-0.526897
304.6399,-0.526911
304.6567,-0.526931
304.674,-0.526958
304.6896,-0.526979
304.7072,-0.527003
304.723,-0.527029
304.7401,-0.527052
304.757,-0.527071
304.7738,-0.527095
304.7897,-0.527119
304.8068,-0.527138
304.8233,-0.527156
304.8395,-0.527178
304.857,-0.527203
304.8731,-0.527231
304.8897,-0.527262
304.9068,-0.527297
304.9233,-0.527335
304.9391,-0.527363
304.9566,-0.527383
304.974,-0.527409
304.99,-0.527431
305.006,-0.527455
305.0238,-0.527474
305.0396,-0.527488
305.0565,-0.527502
305.073,-0.527516
305.0896,-0.527536
305.1067,-0.527555
305.1225,-0.527574
305.1397,-0.527592
305.1567,-0.527606
305.1733,-0.527621
305.1893,-0.527641
305.2071,-0.527666
305.2235,-0.527687
305.2392,-0.527707
305.2565,-0.527722
305.2738,-0.527741
305.2905,-0.527759
305.3065,-0.52778
305.3235,-0.527804
305.3398,-0.527824
305.3569,-0.527835
305.3729,-0.527861
305.3895,-0.527881
305.4066,-0.527904
305.424,-0.527932
305.4397,-0.527954
305.4573,-0.527982
305.4734,-0.528009
305.4897,-0.528036
305.506,-0.528063
305.5232,-0.528082
305.54,-0.528093
305.5569,-0.528114
305.5737,-0.528139
305.5904,-0.528164
305.6064,-0.528188
305.6234,-0.528209
305.6402,-0.528233
305.657,-0.528255
305.6727,-0.528271
305.6895,-0.528293
305.7057,-0.528309
305.7231,-0.528323
305.7394,-0.528332
305.7568,-0.528355
305.7733,-0.528377
305.7899,-0.528399
305.8069,-0.528411
305.8232,-0.528423
305.8402,-0.528435
305.8557,-0.528443
305.8728,-0.528458
305.8889,-0.528475
305.9059,-0.52849
305.9231,-0.528509
305.9396,-0.528528
305.9561,-0.528548
305.9725,-0.528567
305.9893,-0.528583
306.0059,-0.528593
306.0227,-0.528602
306.039,-0.528612
306.0559,-0.52863
306.0723,-0.528647
306.0894,-0.528667
306.1059,-0.528693
306.1225,-0.528716
306.1396,-0.528743
306.156,-0.528768
306.1721,-0.528787
306.1897,-0.5288
306.2065,-0.528806
306.2231,-0.528818
306.239,-0.528839
306.256,-0.528853
306.2721,-0.528869
306.2884,-0.528886
306.3067,-0.528907
306.3222,-0.528928
306.3391,-0.528949
306.3563,-0.528961
306.3728,-0.528971
306.3892,-0.528981
306.4056,-0.528996
306.4226,-0.529002
306.4394,-0.529014
306.4567,-0.529019
306.473,-0.529026
306.4888,-0.529042
306.506,-0.529052
306.523,-0.529072
306.5387,-0.529094
306.5562,-0.529115
306.5731,-0.529135
306.5893,-0.529157
306.6069,-0.52918
306.6228,-0.529194
306.6398,-0.529201
306.6567,-0.52921
306.6731,-0.529218
306.6899,-0.529225
306.706,-0.529235
306.7227,-0.529249
306.7396,-0.529266
306.7558,-0.529289
306.7726,-0.529309
306.7887,-0.529331
306.8062,-0.529355
306.8226,-0.529375
306.8394,-0.529397
306.8569,-0.529426
306.8731,-0.529455
306.8898,-0.52948
306.9062,-0.529504
306.9234,-0.529523
306.9404,-0.529539
306.9563,-0.529549
306.9734,-0.529562
306.9899,-0.529566
307.0062,-0.529572
307.0236,-0.529579
307.0397,-0.529591
307.0563,-0.529599
307.073,-0.529611
307.0896,-0.529628
307.1068,-0.52965
307.1233,-0.529676
307.1402,-0.5297
307.1567,-0.529731
307.173,-0.52975
307.1903,-0.529772
307.2069,-0.529792
307.2234,-0.52981
307.24,-0.529831
307.2559,-0.529852
307.2731,-0.529871
307.2895,-0.529899
307.3064,-0.529932
307.3232,-0.529962
307.3394,-0.530002
307.3567,-0.530043
307.3738,-0.530081
307.39,-0.530118
307.4067,-0.53014
307.423,-0.530155
307.4403,-0.530173
307.4565,-0.530187
307.4737,-0.530203
307.4899,-0.530221
307.5063,-0.530244
307.5235,-0.530273
307.54,-0.5303
307.5567,-0.530323
307.5735,-0.530348
307.5905,-0.530375
307.6066,-0.5304
307.6227,-0.530423
307.6402,-0.530448
307.657,-0.530474
307.6731,-0.530497
307.69,-0.530521
307.7063,-0.530546
307.7236,-0.530568
307.7399,-0.53059
307.7576,-0.530611
307.7742,-0.530631
307.7904,-0.530649
307.8073,-0.530667
307.8242,-0.530686
307.84,-0.530702
307.8578,-0.530717
307.8734,-0.530738
307.8913,-0.530762
307.907,-0.530782
307.9236,-0.530811
307.9409,-0.53083
307.9573,-0.530853
307.9746,-0.53088
307.9903,-0.530907
308.0072,-0.530931
308.0235,-0.530955
308.0404,-0.530986
308.0569,-0.531016
308.0739,-0.531045
308.0906,-0.531071
308.1078,-0.5311
308.124,-0.531127
308.1406,-0.531153
308.1573,-0.531175
308.1743,-0.531199
308.1905,-0.531218
308.2082,-0.53125
308.2237,-0.531274
308.2406,-0.531289
308.2579,-0.53131
308.2749,-0.531325
308.2909,-0.531336
308.308,-0.531355
308.3243,-0.531375
308.3403,-0.531394
308.3571,-0.531411
308.3738,-0.531432
308.3902,-0.531452
308.4079,-0.531473
308.4234,-0.531506
308.4409,-0.531537
308.458,-0.531569
308.4744,-0.531599
308.4914,-0.531629
308.5074,-0.531669
308.5235,-0.531698
308.5414,-0.531735
308.5572,-0.531767
308.5744,-0.531798
308.591,-0.531829
308.6084,-0.531852
308.6246,-0.531875
308.6416,-0.531898
308.6584,-0.531918
308.6745,-0.531932
308.6915,-0.531948
308.7081,-0.531967
308.7247,-0.531989
308.7417,-0.532019
308.7579,-0.532047
308.7751,-0.532073
308.7909,-0.5321
308.8083,-0.532125
308.8254,-0.53215
308.8416,-0.532179
308.8577,-0.532208
308.8748,-0.532237
308.8912,-0.532263
308.9084,-0.532284
308.9246,-0.532313
308.9412,-0.532347
308.9586,-0.532377
308.9747,-0.532405
308.9915,-0.532435
309.0081,-0.532468
309.0251,-0.532498
309.0422,-0.532528
309.0579,-0.532553
309.0753,-0.532576
309.0914,-0.532599
309.1079,-0.53262
309.1248,-0.53264
309.1417,-0.532665
309.1581,-0.53269
309.1748,-0.532727
309.1909,-0.532772
309.2085,-0.532814
309.2247,-0.532857
309.2419,-0.532896
309.258,-0.532935
309.2751,-0.532968
309.2911,-0.533003
309.3076,-0.533028
309.3244,-0.53306
309.3413,-0.533087
309.3588,-0.533125
309.3748,-0.533171
309.392,-0.53322
309.4079,-0.533267
309.4247,-0.533306
309.4417,-0.533341
309.459,-0.533371
309.4749,-0.533407
309.4924,-0.533451
309.5084,-0.533489
309.5254,-0.533519
309.5422,-0.533551
309.5586,-0.53359
309.575,-0.533619
309.592,-0.533654
309.6085,-0.533678
309.6253,-0.533703
309.6425,-0.533728
309.6578,-0.533755
309.6752,-0.533783
309.6926,-0.533814
309.7086,-0.533845
309.7252,-0.533881
309.7422,-0.533913
309.7586,-0.533945
309.7751,-0.533983
309.7922,-0.534028
309.8081,-0.534073
309.8249,-0.534116
309.8416,-0.534162
309.8586,-0.534203
309.8758,-0.534242
309.8922,-0.534277
309.9079,-0.534317
309.9258,-0.534354
309.9419,-0.53438
309.9586,-0.534415
309.9756,-0.534447
309.9928,-0.534482
310.0088,-0.534522
310.0252,-0.534568
310.043,-0.53461
310.058,-0.53465
310.0757,-0.534689
310.0924,-0.534728
310.1087,-0.534767
310.1252,-0.534804
310.1424,-0.534848
310.1588,-0.534881
310.1759,-0.534917
310.1918,-0.534949
310.2083,-0.534983
310.2249,-0.535009
310.2414,-0.535036
310.2575,-0.535066
310.2744,-0.535088
310.2908,-0.535116
310.3076,-0.535147
310.3244,-0.535185
310.341,-0.535226
310.3579,-0.535273
310.3742,-0.535325
310.3909,-0.535368
310.408,-0.535411
310.4233,-0.535455
310.4408,-0.535503
310.4579,-0.535545
310.4741,-0.535593
310.4912,-0.535633
310.5076,-0.535678
310.5247,-0.535719
310.541,-0.535763
310.5575,-0.535804
310.5742,-0.535841
310.591,-0.535871
310.6074,-0.535907
310.6233,-0.535942
310.6407,-0.535983
310.6571,-0.536025
310.6741,-0.536067
310.6904,-0.536105
310.7074,-0.536153
310.7243,-0.536202
310.7404,-0.536251
310.757,-0.536298
310.7737,-0.536337
310.7906,-0.536378
310.8076,-0.53641
310.8241,-0.536452
310.8406,-0.536489
310.8575,-0.536531
310.8741,-0.536572
310.89,-0.536618
310.9079,-0.536666
310.9241,-0.536711
310.9402,-0.536754
310.9569,-0.536788
310.9742,-0.536828
310.9912,-0.536871
311.0077,-0.536913
311.0241,-0.536952
311.04,-0.536989
311.0572,-0.537019
311.0748,-0.537055
311.0899,-0.537094
311.1072,-0.537136
311.1234,-0.53717
311.141,-0.537201
311.157,-0.537226
311.1737,-0.537256
311.1901,-0.53729
311.2072,-0.537327
311.2236,-0.537362
311.2402,-0.537403
311.2567,-0.537446
311.2737,-0.537493
311.2906,-0.537543
311.3079,-0.537594
311.324,-0.537635
311.3401,-0.537672
311.3565,-0.537715
311.3733,-0.537755
311.3908,-0.537795
311.406,-0.537844
311.424,-0.537887
311.4407,-0.537929
311.4564,-0.537969
311.4744,-0.538007
311.4908,-0.538046
311.5068,-0.538086
311.5243,-0.538122
311.5399,-0.538156
311.5569,-0.538186
311.5739,-0.538215
311.5902,-0.538244
311.6064,-0.53827
311.6235,-0.538301
311.6408,-0.538339
311.6569,-0.538383
311.6734,-0.538421
311.6902,-0.538455
311.7072,-0.538494
311.7241,-0.538532
311.7405,-0.538577
311.7575,-0.538614
311.7735,-0.538656
311.7898,-0.538699
311.8072,-0.538741
311.824,-0.538789
311.8403,-0.538842
311.8572,-0.538898
311.8739,-0.538946
311.8905,-0.538989
311.9073,-0.539037
311.9243,-0.539073
311.9413,-0.539109
311.9573,-0.53915
311.9742,-0.539197
311.9915,-0.539245
312.0068,-0.539283
312.0251,-0.539326
312.0416,-0.539371
312.0577,-0.539416
312.0738,-0.539457
312.0904,-0.539498
312.1072,-0.539542
312.1237,-0.539582
312.1409,-0.539625
312.1572,-0.539674
312.1744,-0.539726
312.191,-0.539775
312.2075,-0.539827
312.2242,-0.539873
312.2407,-0.53992
312.2573,-0.539967
312.2736,-0.540019
312.291,-0.540079
312.308,-0.540128
312.3241,-0.540172
312.3409,-0.540214
312.3575,-0.540251
312.3744,-0.540287
312.3907,-0.540332
312.4073,-0.540379
312.4238,-0.540422
312.441,-0.540471
312.4571,-0.540523
312.475,-0.54058
312.4915,-0.540637
312.5079,-0.540691
312.5249,-0.540746
312.5409,-0.540805
312.558,-0.540859
312.5742,-0.540918
312.5919,-0.540976
312.6079,-0.541034
312.6251,-0.541091
312.6421,-0.541142
312.6592,-0.541192
312.6748,-0.541242
312.692,-0.5413
312.7083,-0.541356
312.7248,-0.541409
312.7414,-0.541466
312.7591,-0.541529
312.7757,-0.541589
312.7922,-0.54165
312.808,-0.541701
312.8254,-0.541749
312.8415,-0.541795
312.858,-0.541843
312.875,-0.541904
312.8914,-0.541966
312.9091,-0.542028
312.9247,-0.542081
312.9417,-0.542137
312.959,-0.542192
312.975,-0.542248
312.9924,-0.542301
313.0083,-0.542355
313.0256,-0.542397
313.0422,-0.542442
313.0594,-0.542493
313.0746,-0.542549
313.0922,-0.542605
313.1088,-0.542674
313.1255,-0.542738
313.1423,-0.542805
313.1593,-0.542903
313.1754,-0.542968
313.193,-0.543038
313.2088,-0.543101
313.2263,-0.543165
313.2424,-0.543224
313.2586,-0.543285
313.276,-0.543344
313.2929,-0.543405
313.3101,-0.543465
313.326,-0.543523
313.3427,-0.54358
313.359,-0.543631
313.3763,-0.543682
313.3927,-0.543726
313.4089,-0.543778
313.4262,-0.543838
313.4429,-0.543895
313.4598,-0.543962
313.4757,-0.544032
313.493,-0.544105
313.5096,-0.544176
313.5261,-0.544243
313.5439,-0.544305
313.5592,-0.544371
313.5762,-0.544433
313.5933,-0.544484
313.609,-0.544536
313.6262,-0.544588
313.6425,-0.544654
313.6592,-0.544721
313.676,-0.544794
313.6927,-0.544859
313.7098,-0.544928
313.7259,-0.545005
313.7436,-0.54508
313.759,-0.545155
313.7766,-0.545217
313.7927,-0.545277
313.8099,-0.545341
313.8264,-0.545405
313.8429,-0.545476
313.8597,-0.545541
313.8759,-0.545611
313.8925,-0.545691
313.9099,-0.545766
313.9261,-0.545841
313.9426,-0.545916
313.9594,-0.545988
313.9765,-0.546059
313.9929,-0.546126
314.0093,-0.546189
314.026,-0.546256
314.0426,-0.546315
314.0592,-0.546369
314.0764,-0.546434
314.0929,-0.546496
314.1093,-0.546556
314.1259,-0.546614
314.142,-0.546669
314.1602,-0.54673
314.1762,-0.546801
314.1919,-0.54687
314.2091,-0.546948
314.2253,-0.547021
314.2425,-0.547092
314.259,-0.547166
314.2753,-0.547241
314.2926,-0.547311
314.3093,-0.547378
314.3258,-0.547439
314.343,-0.547509
314.359,-0.547582
314.3752,-0.547658
314.3921,-0.54773
314.4088,-0.547797
314.4259,-0.547859
314.4422,-0.547925
314.4594,-0.547994
314.4765,-0.548066
314.4926,-0.548132
314.5091,-0.548196
314.5253,-0.54826
314.5425,-0.548328
314.5593,-0.548384
314.5755,-0.548438
314.5918,-0.548496
314.6089,-0.548552
314.6254,-0.548605
314.6426,-0.548676
314.6589,-0.548745
314.6752,-0.548813
314.6923,-0.548884
314.7082,-0.548959
314.7264,-0.549027
314.742,-0.549088
314.7587,-0.549144
314.7762,-0.549192
314.7918,-0.549244
314.8084,-0.549295
314.8254,-0.549353
314.8423,-0.549409
314.8581,-0.549469
314.8755,-0.549533
314.8919,-0.549598
314.9092,-0.549661
314.9249,-0.549731
314.9415,-0.549801
314.9587,-0.549878
314.9752,-0.549958
314.9922,-0.550037
315.0091,-0.550112
315.0255,-0.550183
315.0421,-0.55025
315.0587,-0.550319
315.0748,-0.550385
315.0921,-0.550453
315.1092,-0.550521
315.1257,-0.550592
315.1422,-0.550655
315.159,-0.550721
315.176,-0.550784
315.1914,-0.550845
315.2086,-0.550907
315.2256,-0.550969
315.2423,-0.551023
315.2583,-0.55108
315.2754,-0.551139
315.2914,-0.551202
315.3088,-0.551269
315.3253,-0.551337
315.343,-0.551407
315.3589,-0.551474
315.3749,-0.551538
315.3926,-0.551602
315.4088,-0.551674
315.4257,-0.551747
315.4416,-0.551821
315.4588,-0.551893
315.4752,-0.551958
315.4927,-0.552031
315.5091,-0.5521
315.5252,-0.552162
315.5419,-0.552227
315.5588,-0.552291
315.5753,-0.552356
315.5911,-0.552423
315.6087,-0.552494
315.6251,-0.552565
315.6421,-0.552637
315.6583,-0.552708
315.6754,-0.552781
315.6914,-0.552851
315.7082,-0.552924
315.7249,-0.552995
315.7418,-0.553066
315.7579,-0.553138
315.7748,-0.553216
315.7907,-0.55329
315.8085,-0.553362
315.8251,-0.553434
315.8416,-0.553502
315.8581,-0.553569
315.8739,-0.553639
315.891,-0.553709
315.9078,-0.553779
315.9235,-0.55385
315.9412,-0.553921
315.9579,-0.553998
315.9749,-0.554076
315.9911,-0.554155
316.008,-0.55423
316.0244,-0.554302
316.041,-0.554376
316.058,-0.554446
316.0743,-0.554522
316.0912,-0.554598
316.1082,-0.554668
316.1247,-0.554736
316.1409,-0.554802
316.1582,-0.55486
316.1742,-0.554917
316.1911,-0.55497
316.2076,-0.555026
316.2242,-0.555083
316.2411,-0.555138
316.257,-0.555199
316.2736,-0.555263
316.2908,-0.555338
316.3077,-0.55541
316.3248,-0.555486
316.3414,-0.555569
316.3574,-0.555646
316.3742,-0.555724
316.3907,-0.555808
316.4081,-0.555886
316.4241,-0.555963
316.4404,-0.556037
316.4572,-0.556113
316.4748,-0.55619
316.491,-0.556263
316.507,-0.556337
316.5243,-0.556401
316.5411,-0.556474
316.5579,-0.55655
316.5747,-0.55663
316.591,-0.556707
316.6074,-0.556781
316.6246,-0.556859
316.6414,-0.556944
316.6582,-0.557028
316.6742,-0.557096
316.6913,-0.557165
316.7078,-0.557237
316.7249,-0.557305
316.7413,-0.557383
316.757,-0.557458
316.7749,-0.55753
316.7912,-0.557606
316.8074,-0.557684
316.8242,-0.557761
316.8406,-0.557839
316.8575,-0.557914
316.8739,-0.557987
316.8912,-0.558064
316.9069,-0.558145
316.9242,-0.558224
316.9415,-0.558303
316.9573,-0.558383
316.9746,-0.558463
316.991,-0.558547
317.0081,-0.558624
317.0245,-0.558697
317.0412,-0.558775
317.0584,-0.558851
317.0747,-0.558932
317.0911,-0.559006
317.1083,-0.559075
317.1253,-0.559144
317.1414,-0.559213
317.1577,-0.559285
317.1743,-0.559363
317.191,-0.559441
317.2085,-0.559519
317.2243,-0.559601
317.2411,-0.559689
317.2579,-0.559772
317.275,-0.559849
317.2917,-0.559923
317.3082,-0.560002
317.3252,-0.560076
317.3414,-0.560151
317.3582,-0.560233
317.3743,-0.560317
317.3917,-0.560405
317.4075,-0.560495
317.425,-0.560583
317.4417,-0.560671
317.4578,-0.560759
317.4757,-0.560845
317.4922,-0.560925
317.5087,-0.561009
317.525,-0.561088
317.5412,-0.561172
317.5584,-0.561247
317.574,-0.561331
317.5909,-0.561419
317.6075,-0.561508
317.625,-0.561589
317.6415,-0.561668
317.6582,-0.56176
317.6743,-0.561847
317.6908,-0.56194
317.7075,-0.562034
317.7239,-0.562128
317.7412,-0.562224
317.7579,-0.562315
317.775,-0.562407
317.7906,-0.562496
317.8076,-0.562588
317.8238,-0.562673
317.8405,-0.562756
317.8575,-0.562844
317.8743,-0.562935
317.8918,-0.563027
317.908,-0.563119
317.9245,-0.56321
317.9408,-0.563302
317.9576,-0.563395
317.9743,-0.563488
317.9911,-0.56358
318.0071,-0.563671
318.0237,-0.563756
318.0409,-0.563848
318.0578,-0.563932
318.0739,-0.56402
318.0906,-0.564104
318.1068,-0.564193
318.1239,-0.564277
318.1404,-0.564362
318.1581,-0.564447
318.1739,-0.564537
318.1906,-0.564625
318.2074,-0.564714
318.2245,-0.5648
318.2409,-0.564887
318.2575,-0.564975
318.2741,-0.565053
318.2912,-0.565125
318.3073,-0.565205
318.3243,-0.565284
318.3409,-0.565364
318.3566,-0.565446
318.3738,-0.565538
318.3911,-0.565632
318.407,-0.565728
318.4234,-0.565826
318.4403,-0.565923
318.457,-0.566017
318.4735,-0.566103
318.4906,-0.566192
318.5076,-0.566277
318.5232,-0.566356
318.5404,-0.566437
318.5565,-0.56652
318.5738,-0.566603
318.5906,-0.566682
318.6068,-0.566767
318.6236,-0.566854
318.641,-0.56694
318.6571,-0.567022
318.6735,-0.567103
318.6902,-0.567186
318.707,-0.567273
318.7233,-0.567357
318.7408,-0.567436
318.7574,-0.567509
318.7738,-0.567576
318.7909,-0.567651
318.8069,-0.567732
318.8229,-0.567823
318.8402,-0.567921
318.8564,-0.568044
318.8736,-0.568154
318.8897,-0.568258
318.9073,-0.56835
318.9242,-0.568443
318.9406,-0.568583
318.9572,-0.568675
318.9736,-0.568756
318.9903,-0.568833
319.0071,-0.568908
319.0246,-0.568985
319.0399,-0.569066
319.0571,-0.569144
319.0739,-0.569225
319.0908,-0.569307
319.1066,-0.569383
319.1232,-0.569469
319.1404,-0.569555
319.1571,-0.569645
319.1731,-0.569736
319.1903,-0.569823
319.2066,-0.569904
319.224,-0.569989
319.2408,-0.570073
319.2567,-0.570157
319.2734,-0.570243
319.2901,-0.57032
319.3078,-0.570395
319.3238,-0.570481
319.3406,-0.570571
319.3573,-0.570664
319.3737,-0.570754
319.3905,-0.570834
319.4078,-0.570913
319.424,-0.570989
319.4411,-0.571068
319.4575,-0.571154
319.4743,-0.571241
319.4905,-0.571319
319.5075,-0.571406
319.5246,-0.571495
319.5412,-0.571593
319.5572,-0.571687
319.5742,-0.57178
319.5912,-0.571875
319.6068,-0.571966
319.6245,-0.57206
319.6413,-0.572159
319.6579,-0.572259
319.6741,-0.572356
319.6906,-0.572455
319.7076,-0.572556
319.7244,-0.572654
319.7411,-0.572753
319.7578,-0.572849
319.7739,-0.572935
319.791,-0.573016
319.8078,-0.5731
319.8243,-0.573183
319.8403,-0.573275
319.8574,-0.573368
319.8741,-0.573459
319.8911,-0.573568
319.9077,-0.573697
319.9249,-0.573849
319.941,-0.573951
319.9575,-0.574052
319.9752,-0.574151
319.9914,-0.574247
320.0082,-0.574346
320.0246,-0.574448
320.0407,-0.57454
320.0581,-0.574638
320.0748,-0.574737
320.0912,-0.574837
320.1077,-0.57493
320.1248,-0.575026
320.1411,-0.575122
320.1577,-0.575224
320.1749,-0.575326
320.191,-0.575428
320.2077,-0.575525
320.2238,-0.575618
320.2414,-0.575714
320.2575,-0.575805
320.2741,-0.575901
320.2913,-0.576
320.3076,-0.576099
320.3243,-0.576197
320.3413,-0.576304
320.3582,-0.576432
320.3751,-0.576542
320.3919,-0.576652
320.408,-0.576761
320.4256,-0.576875
320.4421,-0.577067
320.4586,-0.577247
320.4755,-0.577358
320.4916,-0.577468
320.508,-0.57757
320.5249,-0.577665
320.5414,-0.577765
320.5582,-0.577858
320.5749,-0.577952
320.5912,-0.578044
320.6086,-0.57814
320.6252,-0.578239
320.6411,-0.578351
320.6584,-0.578463
320.6748,-0.578574
320.6912,-0.578679
320.7078,-0.578775
320.7242,-0.578874
320.7412,-0.578983
320.7576,-0.579092
320.774,-0.579205
320.7909,-0.579314
320.8077,-0.579417
320.8246,-0.57952
320.8409,-0.579625
320.8572,-0.579732
320.874,-0.579845
320.8911,-0.579953
320.907,-0.580051
320.9236,-0.580148
320.9408,-0.580248
320.9568,-0.580347
320.9738,-0.580442
320.9903,-0.580538
321.0063,-0.580637
321.0234,-0.580737
321.0401,-0.580849
321.0568,-0.580952
321.0732,-0.581057
321.0904,-0.581166
321.1064,-0.581261
321.1234,-0.581358
321.1397,-0.581454
321.1574,-0.581556
321.1731,-0.581659
321.1896,-0.58176
321.2063,-0.581858
321.2236,-0.58195
321.2401,-0.582041
321.2565,-0.582128
321.2726,-0.582216
321.29,-0.582299
321.3062,-0.582378
321.3233,-0.582458
321.3394,-0.582534
321.3563,-0.582617
321.3719,-0.582706
321.3901,-0.582797
321.4066,-0.582886
321.4229,-0.582973
321.44,-0.583058
321.4569,-0.583153
321.4733,-0.583248
321.4896,-0.583339
321.5061,-0.583431
321.5231,-0.583524
321.5404,-0.583618
321.5564,-0.583715
321.5734,-0.583814
321.5901,-0.583903
321.6064,-0.583989
321.6229,-0.58407
321.6404,-0.584148
321.6572,-0.584232
321.673,-0.584321
321.6895,-0.584413
321.7065,-0.584499
321.7235,-0.584584
321.74,-0.584674
321.757,-0.584773
321.774,-0.584866
321.7905,-0.584959
321.8069,-0.585051
321.8231,-0.585143
321.8407,-0.585227
321.8565,-0.585315
321.8731,-0.585415
321.8905,-0.585508
321.9069,-0.585601
321.9234,-0.585686
321.9398,-0.585771
321.9571,-0.585853
321.9732,-0.585936
321.9907,-0.586029
322.0068,-0.586124
322.0233,-0.58622
322.0399,-0.586318
322.0565,-0.586421
322.073,-0.586523
322.0903,-0.586626
322.1068,-0.586732
322.1232,-0.586823
322.1404,-0.586914
322.1562,-0.586997
322.1734,-0.587089
322.1902,-0.587223
322.2068,-0.587337
322.224,-0.587444
322.2402,-0.587548
322.2571,-0.587649
322.274,-0.587755
322.2904,-0.587866
322.3069,-0.587968
322.3231,-0.588064
322.3398,-0.588163
322.357,-0.588258
322.3734,-0.588368
322.3902,-0.588486
322.4061,-0.58859
322.4241,-0.58869
322.4406,-0.588792
322.4569,-0.588889
322.4739,-0.58899
322.4896,-0.589101
322.5065,-0.589211
322.524,-0.589326
322.5395,-0.58948
322.5569,-0.589592
322.5737,-0.589703
322.5902,-0.589815
322.6069,-0.589927
322.6242,-0.590035
322.64,-0.590135
322.6569,-0.590228
322.6738,-0.590318
322.6905,-0.590417
322.7062,-0.590525
322.7238,-0.590639
322.7398,-0.590752
322.7566,-0.590864
322.7738,-0.591082
322.7904,-0.591412
322.807,-0.591621
322.8233,-0.591737
322.8402,-0.591852
322.8576,-0.591964
322.8744,-0.592074
322.8899,-0.592184
322.9064,-0.592294
322.9236,-0.592401
322.9406,-0.592505
322.9569,-0.592611
322.9738,-0.592725
322.9904,-0.592838
323.0072,-0.592953
323.0238,-0.593064
323.0403,-0.593179
323.0571,-0.593294
323.0734,-0.593403
323.0904,-0.59352
323.1059,-0.593635
323.1236,-0.593745
323.1405,-0.593846
323.1565,-0.593954
323.1734,-0.59406
323.1899,-0.594173
323.2061,-0.594287
323.223,-0.594441
323.2393,-0.594598
323.2562,-0.594712
323.2721,-0.594828
323.2901,-0.594984
323.3066,-0.595176
323.3233,-0.59532
323.3396,-0.595441
323.3562,-0.595555
323.3726,-0.59567
323.3897,-0.595785
323.406,-0.595899
323.4221,-0.596021
323.4388,-0.596133
323.4562,-0.596237
323.4726,-0.596352
323.4896,-0.596464
323.5063,-0.596572
323.5231,-0.596676
323.539,-0.596778
323.5556,-0.596875
323.5725,-0.596972
323.5889,-0.597079
323.6064,-0.597191
323.6227,-0.597306
323.6388,-0.597423
323.6555,-0.597537
323.6722,-0.597654
323.6898,-0.597765
323.7062,-0.59788
323.7221,-0.597993
323.7388,-0.5981
323.7561,-0.598208
323.7728,-0.598315
323.7894,-0.59842
323.8064,-0.598539
323.8227,-0.598655
323.8392,-0.598765
323.856,-0.598866
323.872,-0.598972
323.8895,-0.599075
323.9055,-0.59917
323.9225,-0.59926
323.9381,-0.599348
323.9557,-0.599438
323.9721,-0.599528
323.9894,-0.599628
324.0051,-0.599732
324.022,-0.599848
324.039,-0.59999
324.0554,-0.600127
324.0722,-0.600246
324.0891,-0.600396
324.1064,-0.600513
324.1227,-0.600622
324.1396,-0.600737
324.1557,-0.600847
324.1723,-0.600949
324.1888,-0.601052
324.2058,-0.601159
324.2231,-0.601268
324.2392,-0.601374
324.2558,-0.601482
324.2729,-0.601587
324.2895,-0.601699
324.3058,-0.601811
324.323,-0.601924
324.3396,-0.602034
324.3557,-0.602141
324.3725,-0.602255
324.3896,-0.602371
324.4054,-0.602489
324.4221,-0.602609
324.4396,-0.602722
324.4565,-0.602834
324.4724,-0.602947
324.4901,-0.603061
324.5063,-0.603177
324.5226,-0.603298
324.5394,-0.603418
324.5563,-0.603536
324.573,-0.603665
324.5896,-0.603788
324.6067,-0.603909
324.6226,-0.604023
324.6395,-0.604141
324.6568,-0.604253
324.6735,-0.604371
324.69,-0.604487
324.7065,-0.604637
324.7233,-0.604753
324.7397,-0.604866
324.7568,-0.604986
324.7735,-0.605111
324.7898,-0.605226
324.8064,-0.605346
324.8231,-0.605458
324.8404,-0.605571
324.8567,-0.60569
324.8727,-0.605801
324.8901,-0.605908
324.9066,-0.606017
324.9231,-0.606131
324.9398,-0.606254
324.9565,-0.606377
324.9733,-0.606502
324.9899,-0.606623
325.0065,-0.606743
325.0239,-0.606864
325.0394,-0.606987
325.0566,-0.60711
325.0727,-0.607229
325.0891,-0.607343
325.1066,-0.607466
325.1241,-0.607592
325.1395,-0.607757
325.1568,-0.607923
325.173,-0.608067
325.1902,-0.608194
325.2064,-0.608323
325.2236,-0.608454
325.2393,-0.608621
325.2564,-0.608751
325.2733,-0.60888
325.2894,-0.609017
325.3064,-0.609262
325.3235,-0.609461
325.3396,-0.609591
325.3564,-0.609736
325.373,-0.609868
325.3895,-0.609988
325.4062,-0.610109
325.4221,-0.610232
325.439,-0.610352
325.4559,-0.610476
325.4725,-0.610605
325.4893,-0.610733
325.5062,-0.610906
325.522,-0.611039
325.5381,-0.61117
325.5549,-0.611358
325.5715,-0.611578
325.5886,-0.611712
325.605,-0.611842
325.6214,-0.611974
325.638,-0.6121
325.6551,-0.612287
325.6716,-0.612444
325.6877,-0.61258
325.7046,-0.612761
325.7207,-0.612895
325.7383,-0.613024
325.7548,-0.613159
325.7706,-0.613298
325.7883,-0.613435
325.8044,-0.613569
325.8206,-0.613695
325.8377,-0.613829
325.8543,-0.61405
325.8708,-0.614182
325.8872,-0.614313
325.9048,-0.614444
325.9214,-0.614567
325.9381,-0.614692
325.9547,-0.614816
325.9709,-0.614937
325.9875,-0.615062
326.0035,-0.615179
326.0213,-0.615296
326.0375,-0.615418
326.0545,-0.615548
326.071,-0.615676
326.0869,-0.615797
326.1041,-0.615913
326.1197,-0.616033
326.1374,-0.616155
326.1542,-0.616271
326.1706,-0.616387
326.1876,-0.616504
326.204,-0.616613
326.2206,-0.616716
326.237,-0.61683
326.2538,-0.616946
326.2705,-0.617061
326.2867,-0.61718
326.3036,-0.617304
326.3203,-0.617433
326.3369,-0.617564
326.3535,-0.617691
326.3704,-0.617823
326.3865,-0.618023
326.4041,-0.618179
326.42,-0.61831
326.4368,-0.618437
326.4535,-0.618566
326.4698,-0.618719
326.4864,-0.618841
326.503,-0.618959
326.5199,-0.619082
326.5369,-0.619201
326.5534,-0.619331
326.5706,-0.619461
326.5868,-0.619585
326.6037,-0.619711
326.62,-0.61984
326.6367,-0.619969
326.6534,-0.620094
326.6705,-0.620221
326.6868,-0.620346
326.7028,-0.62047
326.7199,-0.620597
326.7365,-0.620731
326.7539,-0.620859
326.77,-0.620984
326.7866,-0.621116
326.8036,-0.62125
326.8211,-0.621382
326.8365,-0.621508
326.8535,-0.62164
326.8706,-0.62177
326.887,-0.621893
326.9034,-0.62201
326.9203,-0.622132
326.937,-0.622255
326.9534,-0.622382
326.9702,-0.622516
326.9872,-0.622647
327.0042,-0.622777
327.0199,-0.622912
327.0368,-0.623059
327.0533,-0.623195
327.0703,-0.623325
327.0873,-0.623454
327.1035,-0.623589
327.1204,-0.623724
327.1371,-0.623876
327.1541,-0.624021
327.17,-0.624196
327.187,-0.624419
327.2037,-0.624676
327.2202,-0.624866
327.2367,-0.625004
327.2534,-0.625141
327.2706,-0.625279
327.287,-0.625483
327.3039,-0.625622
327.3205,-0.625757
327.3367,-0.625888
327.3534,-0.626026
327.3707,-0.626163
327.3875,-0.626302
327.4043,-0.62644
327.4201,-0.626579
327.4365,-0.62671
327.4536,-0.626841
327.4708,-0.626974
327.4876,-0.627112
327.5044,-0.627247
327.5206,-0.627383
327.5364,-0.627518
327.5536,-0.627658
327.5701,-0.627846
327.5875,-0.628055
327.6037,-0.62834
327.6211,-0.628651
327.6383,-0.628896
327.6555,-0.62907
327.6705,-0.629255
327.6875,-0.629447
327.704,-0.629596
327.7206,-0.629731
327.7369,-0.629869
327.7542,-0.630002
327.7711,-0.630142
327.7874,-0.630283
327.8045,-0.630417
327.8214,-0.630555
327.8369,-0.630691
327.8544,-0.630882
327.8714,-0.631116
327.8871,-0.63133
327.9039,-0.631482
327.9208,-0.631702
327.9381,-0.631934
327.9549,-0.632243
327.9718,-0.632597
327.9882,-0.632825
328.0054,-0.632983
328.0219,-0.633121
328.0386,-0.633261
328.0554,-0.633429
328.0717,-0.63368
328.0885,-0.633853
328.1057,-0.633991
328.1219,-0.63413
328.1391,-0.634339
328.1552,-0.634651
328.1725,-0.634854
328.1895,-0.635107
328.2051,-0.635342
328.2221,-0.635529
328.2389,-0.635731
328.2551,-0.635869
328.272,-0.63604
328.2884,-0.636277
328.3063,-0.636414
328.3224,-0.636553
328.3387,-0.636754
328.3556,-0.636886
328.3728,-0.637021
328.3887,-0.637159
328.4055,-0.637296
328.422,-0.637435
328.4388,-0.637572
328.4554,-0.637716
328.4724,-0.637958
328.4884,-0.638199
328.5043,-0.638413
328.5213,-0.638677
328.5388,-0.638879
328.5549,-0.639022
328.5716,-0.639288
328.5881,-0.639614
328.6048,-0.639922
328.6216,-0.640173
328.6382,-0.640454
328.6555,-0.640595
328.6714,-0.640735
328.6876,-0.640887
328.7049,-0.641091
328.7212,-0.641392
328.7375,-0.641605
328.7543,-0.641976
328.7716,-0.642169
328.788,-0.64236
328.8054,-0.64252
328.8214,-0.64266
328.8385,-0.642798
328.8541,-0.642932
328.8712,-0.643066
328.8875,-0.6432
328.9039,-0.643338
328.9204,-0.643529
328.9368,-0.643707
328.9541,-0.643962
328.971,-0.644249
328.988,-0.644462
329.0049,-0.644646
329.0208,-0.644789
329.0375,-0.644925
329.0547,-0.645059
329.0708,-0.645197
329.0876,-0.64533
329.1039,-0.645472
329.1201,-0.645614
329.1375,-0.645756
329.1546,-0.645901
329.1708,-0.646085
329.1876,-0.646299
329.2038,-0.646442
329.2208,-0.646582
329.2372,-0.646725
329.2541,-0.646866
329.2708,-0.647011
329.2868,-0.647189
329.3039,-0.647334
329.3211,-0.647477
329.3375,-0.647618
329.3546,-0.647754
329.371,-0.647897
329.3874,-0.648034
329.404,-0.648172
329.421,-0.648308
329.4377,-0.648443
329.4536,-0.648573
329.4707,-0.648709
329.4875,-0.648838
329.5042,-0.648977
329.5207,-0.64912
329.5368,-0.649264
329.5539,-0.649448
329.5705,-0.649633
329.5879,-0.649778
329.6048,-0.64992
329.6207,-0.650065
329.6381,-0.650207
329.654,-0.650346
329.6706,-0.650488
329.6874,-0.65067
329.7037,-0.650815
329.7207,-0.650971
329.7375,-0.651133
329.7543,-0.651383
329.771,-0.651559
329.7874,-0.651706
329.8045,-0.651867
329.82,-0.652015
329.8371,-0.652161
329.8538,-0.652307
329.8705,-0.652507
329.8877,-0.652669
329.9043,-0.652855
329.9208,-0.653005
329.9375,-0.653195
329.9546,-0.653444
329.9711,-0.653725
329.9875,-0.654017
330.0043,-0.654238
330.0207,-0.654523
330.0375,-0.65473
330.0542,-0.654879
330.0705,-0.655091
330.0872,-0.655304
330.1037,-0.655494
330.1201,-0.65567
330.1372,-0.655981
330.154,-0.656309
330.171,-0.656746
330.1877,-0.657052
330.2039,-0.657271
330.2209,-0.657478
330.237,-0.657672
330.254,-0.65782
330.2708,-0.657964
330.2871,-0.658107
330.3041,-0.658253
330.3205,-0.658409
330.3374,-0.658599
330.3545,-0.658849
330.3709,-0.659293
330.3876,-0.6597
330.404,-0.660063
330.4213,-0.660579
330.4378,-0.660941
330.4546,-0.661218
330.4713,-0.661486
330.4883,-0.66168
330.5041,-0.661923
330.5206,-0.662292
330.5371,-0.662772
330.5534,-0.663009
330.5713,-0.66315
330.5877,-0.663474
330.6046,-0.663715
330.622,-0.663889
330.6375,-0.66405
330.6545,-0.664192
330.6712,-0.664453
330.6874,-0.664713
330.7046,-0.665041
330.7211,-0.665475
330.7374,-0.665664
330.7547,-0.665851
330.771,-0.666176
330.7875,-0.666706
330.8042,-0.667046
330.8211,-0.667666
330.8381,-0.668155
330.8543,-0.668639
330.8707,-0.66906
330.8873,-0.669345
330.9045,-0.669612
330.9205,-0.669822
330.9371,-0.670036
330.9543,-0.670272
330.9712,-0.670652
330.9876,-0.670969
331.0039,-0.671269
331.0214,-0.671472
331.0377,-0.671691
331.0538,-0.671996
331.0704,-0.67227
331.0869,-0.672478
331.1039,-0.672612
331.1203,-0.672807
331.138,-0.672971
331.1542,-0.67319
331.1708,-0.673426
331.1877,-0.673578
331.2043,-0.67373
331.2209,-0.673984
331.237,-0.674353
331.2533,-0.674748
331.2703,-0.675234
331.2876,-0.675562
331.3043,-0.67579
331.3207,-0.675988
331.337,-0.676316
331.3538,-0.676447
331.3705,-0.676645
331.3866,-0.6769
331.4041,-0.677211
331.4203,-0.677438
331.4373,-0.677663
331.4541,-0.677957
331.471,-0.678198
331.4869,-0.678431
331.5032,-0.678628
331.5198,-0.678757
331.5364,-0.678923
331.5532,-0.679051
331.5696,-0.679179
331.5862,-0.679336
331.6039,-0.679516
331.6205,-0.67989
331.6368,-0.680138
331.6532,-0.680375
331.6697,-0.680629
331.6869,-0.680764
331.7029,-0.680951
331.7198,-0.681187
331.7363,-0.681445
331.7528,-0.681625
331.7694,-0.681859
331.7865,-0.68203
331.8029,-0.682204
331.8192,-0.682356
331.8355,-0.682569
331.8525,-0.682829
331.8687,-0.683154
331.8863,-0.683379
331.9028,-0.683536
331.9191,-0.683679
331.9361,-0.683815
331.9531,-0.684042
331.9699,-0.684385
331.9862,-0.684778
332.0027,-0.68512
332.0192,-0.685412
332.0361,-0.685765
332.0529,-0.686132
332.0699,-0.686426
332.0862,-0.686601
332.1021,-0.686728
332.1191,-0.686989
332.1363,-0.687195
332.1529,-0.687324
332.1683,-0.687455
332.1851,-0.687648
332.2022,-0.687919
332.2189,-0.688088
332.2356,-0.688239
332.2524,-0.688536
332.2692,-0.688928
332.2854,-0.68921
332.3019,-0.689453
332.3184,-0.689622
332.3354,-0.689812
332.3522,-0.690045
332.3689,-0.690336
332.3851,-0.690663
332.4019,-0.690954
332.4188,-0.691185
332.4352,-0.691375
332.452,-0.691678
332.4689,-0.692084
332.4854,-0.692317
332.5009,-0.692447
332.5184,-0.692682
332.535,-0.693037
332.5517,-0.69335
332.5679,-0.693783
332.5844,-0.69423
332.6028,-0.694572
332.6182,-0.69492
332.6347,-0.695343
332.6515,-0.695641
332.6685,-0.695868
332.6853,-0.696039
332.7017,-0.69616
332.7183,-0.696282
332.7351,-0.696405
332.7514,-0.696605
332.7675,-0.69681
332.7843,-0.69717
332.8015,-0.697374
332.8185,-0.697626
332.834,-0.698112
332.8512,-0.698489
332.868,-0.698781
332.8845,-0.699051
332.9015,-0.699371
332.9179,-0.699722
332.9343,-0.699984
332.9507,-0.700201
332.9678,-0.700491
332.9843,-0.700779
333.001,-0.701064
333.0169,-0.701361
333.0341,-0.701522
333.051,-0.701723
333.0678,-0.701855
333.0842,-0.702042
333.1008,-0.702555
333.1177,-0.703022
333.1342,-0.703466
333.1505,-0.703972
333.1676,-0.70459
333.1849,-0.705185
333.201,-0.705625
333.2185,-0.705809
333.2341,-0.706034
333.2514,-0.706229
333.2678,-0.706368
333.2842,-0.706485
333.3021,-0.706731
333.318,-0.70685
333.3345,-0.707036
333.3515,-0.707225
333.367,-0.707489
333.3844,-0.70769
333.401,-0.70789
333.4178,-0.708208
333.4344,-0.708683
333.4502,-0.709211
333.4676,-0.709447
333.4834,-0.709724
333.5011,-0.710172
333.5186,-0.710483
333.5338,-0.711001
333.5516,-0.711435
333.5676,-0.711812
333.5841,-0.712209
333.6009,-0.712523
333.6181,-0.712801
333.6346,-0.713169
333.6499,-0.713506
333.6681,-0.713944
333.6844,-0.714412
333.7006,-0.714745
333.718,-0.714981
333.734,-0.715332
333.7505,-0.715635
333.768,-0.71605
333.7836,-0.716367
333.8009,-0.716698
333.8174,-0.717072
333.8343,-0.717404
333.851,-0.717675
333.8669,-0.718087
333.8837,-0.71847
333.9007,-0.718779
333.9177,-0.719092
333.9331,-0.719253
333.9503,-0.719542
333.9675,-0.719813
333.9836,-0.720425
334.0005,-0.721016
334.0164,-0.7215
334.0327,-0.721843
334.0504,-0.722291
334.0674,-0.722746
334.0831,-0.723174
334.1005,-0.723472
334.1162,-0.723705
334.1327,-0.724001
334.1498,-0.724322
334.1666,-0.724685
334.1833,-0.724951
334.1999,-0.725303
334.2168,-0.72568
334.2339,-0.725986
334.2496,-0.726269
334.267,-0.726607
334.2828,-0.72706
334.2999,-0.727314
334.3165,-0.727517
334.3333,-0.72784
334.3498,-0.728093
334.3659,-0.728291
334.3827,-0.728467
334.3997,-0.728642
334.4166,-0.728796
334.4325,-0.728898
334.4493,-0.729043
334.4657,-0.729198
334.4832,-0.729404
334.4995,-0.729616
334.5161,-0.729887
334.5318,-0.730301
334.5486,-0.730774
334.566,-0.731092
334.5827,-0.731648
334.5993,-0.732148
334.6161,-0.732714
334.6325,-0.733465
334.6493,-0.733898
334.6667,-0.734414
334.6829,-0.734798
334.6996,-0.735137
334.7158,-0.735506
334.7325,-0.735901
334.7493,-0.736402
334.7662,-0.736943
334.7826,-0.737524
334.7985,-0.738064
334.8161,-0.738383
334.8326,-0.738856
334.8497,-0.739242
334.8659,-0.739463
334.8829,-0.7397
334.8994,-0.739824
334.9155,-0.739991
334.9326,-0.740102
334.9493,-0.740299
334.9658,-0.740523
334.9819,-0.740865
334.9988,-0.741188
335.0154,-0.741507
335.0322,-0.741829
335.0491,-0.742027
335.066,-0.7422
335.0821,-0.742544
335.0986,-0.742918
335.1143,-0.743172
335.1311,-0.743547
335.1484,-0.743851
335.1659,-0.744076
335.1824,-0.744337
335.1986,-0.744654
335.2159,-0.745023
335.2311,-0.745391
335.2478,-0.745759
335.2647,-0.746114
335.2814,-0.746402
335.2986,-0.746695
335.3161,-0.747106
335.3321,-0.747456
335.348,-0.747631
335.3647,-0.747814
335.3813,-0.747975
335.3979,-0.748117
335.4149,-0.74837
335.4316,-0.748516
335.4477,-0.748634
335.4644,-0.748807
335.4817,-0.74897
335.4984,-0.749139
335.5154,-0.74927
335.5311,-0.749421
335.548,-0.749673
335.5645,-0.74984
335.5809,-0.750168
335.5971,-0.750524
335.6143,-0.750958
335.6312,-0.751404
335.6476,-0.752077
335.6654,-0.752694
335.6813,-0.753146
335.6982,-0.753433
335.7142,-0.753708
335.7317,-0.754049
335.748,-0.754379
335.7646,-0.754718
335.7806,-0.755091
335.7982,-0.755494
335.8147,-0.755779
335.8315,-0.756178
335.8477,-0.756595
335.8646,-0.756915
335.881,-0.757122
335.8975,-0.757266
335.9144,-0.757467
335.9312,-0.757651
335.948,-0.757927
335.9646,-0.758329
335.9813,-0.758589
335.9978,-0.758764
336.0138,-0.758974
336.0309,-0.75927
336.0483,-0.759667
336.0639,-0.760045
336.0799,-0.760474
336.0969,-0.761026
336.1141,-0.761418
336.1317,-0.761828
336.1476,-0.762129
336.1644,-0.762423
336.1813,-0.762637
336.1974,-0.762889
336.2144,-0.763102
336.231,-0.763429
336.2475,-0.763758
336.2638,-0.764125
336.2808,-0.764418
336.2984,-0.764738
336.3144,-0.765065
336.3305,-0.765401
336.347,-0.765778
336.3644,-0.766128
336.3813,-0.766334
336.3979,-0.766552
336.4141,-0.766826
336.4302,-0.767052
336.4467,-0.767265
336.4637,-0.767447
336.4805,-0.767648
336.4976,-0.768
336.5131,-0.768426
336.5299,-0.768907
336.5472,-0.769312
336.5638,-0.769636
336.5807,-0.769986
336.597,-0.770248
336.6139,-0.770417
336.6304,-0.770777
336.647,-0.770945
336.6633,-0.771182
336.6797,-0.771525
336.6969,-0.771888
336.714,-0.77235
336.7297,-0.772844
336.7463,-0.773456
336.7635,-0.773953
336.7799,-0.774297
336.7973,-0.774741
336.8138,-0.775296
336.8296,-0.775672
336.8467,-0.776076
336.8631,-0.776474
336.8798,-0.776738
336.8962,-0.777077
336.9132,-0.777443
336.9297,-0.777754
336.9467,-0.778058
336.964,-0.778376
336.9796,-0.778658
336.9964,-0.779201
337.013,-0.779591
337.0302,-0.779878
337.0467,-0.780162
337.0635,-0.780346
337.0801,-0.780563
337.0974,-0.780726
337.1131,-0.780839
337.1306,-0.78094
337.1463,-0.781154
337.1634,-0.781502
337.1799,-0.781939
337.1962,-0.78236
337.213,-0.782825
337.2302,-0.783317
337.2459,-0.783662
337.2626,-0.784004
337.2796,-0.784349
337.2975,-0.784735
337.313,-0.785089
337.3298,-0.785567
337.3459,-0.786027
337.3632,-0.786418
337.3799,-0.786662
337.3968,-0.786885
337.4132,-0.787073
337.4297,-0.787199
337.4467,-0.787382
337.4633,-0.787592
337.4796,-0.787945
337.4965,-0.78827
337.5131,-0.788682
337.5297,-0.788978
337.5462,-0.789352
337.5633,-0.78972
337.5799,-0.790094
337.5965,-0.790536
337.613,-0.790857
337.63,-0.791188
337.6467,-0.791587
337.6628,-0.791896
337.6797,-0.792041
337.6955,-0.79219
337.7127,-0.7923
337.7297,-0.792468
337.7456,-0.792876
337.7617,-0.793157
337.7787,-0.793426
337.7961,-0.793809
337.8129,-0.794288
337.8289,-0.794813
337.8454,-0.795148
337.8622,-0.795503
337.8785,-0.795802
337.8961,-0.796092
337.912,-0.796464
337.9293,-0.796837
337.9462,-0.797102
337.9625,-0.797411
337.9792,-0.797632
337.9954,-0.797835
338.0125,-0.798012
338.0289,-0.798177
338.0457,-0.798343
338.0625,-0.798596
338.0794,-0.798813
338.0957,-0.798973
338.1123,-0.799183
338.1292,-0.799363
338.1456,-0.799599
338.1623,-0.799755
338.179,-0.799924
338.1956,-0.800127
338.2129,-0.800467
338.2282,-0.800821
338.2454,-0.801193
338.262,-0.801459
338.2785,-0.801686
338.2964,-0.801994
338.3121,-0.802261
338.3287,-0.80252
338.3445,-0.802705
338.3616,-0.802816
338.3781,-0.802916
338.3947,-0.803121
338.412,-0.80336
338.4283,-0.803571
338.4445,-0.803733
338.4625,-0.803857
338.4789,-0.804048
338.4949,-0.804284
338.5117,-0.804588
338.5277,-0.804796
338.5452,-0.805101
338.5619,-0.805511
338.5787,-0.805899
338.5953,-0.806284
338.6112,-0.806664
338.6283,-0.80703
338.6462,-0.80728
338.6618,-0.807602
338.679,-0.807922
338.6949,-0.808229
338.7122,-0.808476
338.7281,-0.808625
338.7455,-0.808929
338.7617,-0.809156
338.7794,-0.809394
338.7953,-0.809607
338.8116,-0.809803
338.8282,-0.809934
338.8452,-0.810198
338.8615,-0.810458
338.8782,-0.810851
338.8947,-0.811069
338.9116,-0.811369
338.9287,-0.811676
338.9448,-0.81188
338.9622,-0.812085
338.978,-0.812259
338.9949,-0.812395
339.0121,-0.812565
339.0282,-0.812731
339.045,-0.812844
339.0612,-0.813078
339.0774,-0.813269
339.0951,-0.813408
339.1113,-0.813638
339.1284,-0.813927
339.1449,-0.814101
339.1619,-0.814296
339.1776,-0.814405
339.194,-0.814542
339.2116,-0.814648
339.2276,-0.8148
339.2441,-0.815006
339.2606,-0.815328
339.2778,-0.815607
339.2942,-0.815847
339.3109,-0.816227
339.3279,-0.816585
339.3449,-0.816947
339.3612,-0.817269
339.3779,-0.817594
339.3948,-0.817881
339.4109,-0.818074
339.4285,-0.818198
339.4444,-0.818512
339.4608,-0.818784
339.4781,-0.81909
339.4949,-0.819298
339.5108,-0.819426
339.5281,-0.819557
339.5445,-0.81968
339.5613,-0.819788
339.5779,-0.819901
339.594,-0.820009
339.6112,-0.820118
339.6277,-0.820274
339.6442,-0.820505
339.661,-0.820823
339.6772,-0.821145
339.6941,-0.821308
339.7109,-0.821541
339.7281,-0.821771
339.7451,-0.821996
339.7607,-0.82225
339.7772,-0.822443
339.7947,-0.822631
339.8102,-0.822872
339.8279,-0.823245
339.8442,-0.823637
339.861,-0.823879
339.8778,-0.824011
339.8946,-0.824198
339.9118,-0.82431
339.9275,-0.824433
339.9453,-0.824545
339.9611,-0.82466
339.9778,-0.824775
339.9941,-0.824889
340.0111,-0.825004
340.0272,-0.825118
340.0441,-0.825268
340.061,-0.825385
340.0767,-0.825499
340.0941,-0.825613
340.1109,-0.825735
340.1271,-0.825885
340.1441,-0.826068
340.1606,-0.826447
340.1779,-0.826819
340.1935,-0.827194
340.2101,-0.827487
340.2274,-0.827847
340.2442,-0.828215
340.2607,-0.828458
340.2774,-0.828653
340.294,-0.828791
340.3105,-0.828954
340.3281,-0.829069
340.3444,-0.829244
340.3603,-0.829435
340.3775,-0.829569
340.3939,-0.829687
340.4102,-0.829803
340.4281,-0.829925
340.4438,-0.830048
340.4611,-0.830162
340.4776,-0.83036
340.494,-0.830472
340.5105,-0.830582
340.5279,-0.830695
340.5439,-0.830812
340.5605,-0.830929
340.5775,-0.831045
340.5948,-0.831167
340.6107,-0.831286
340.6277,-0.831506
340.6443,-0.831646
340.6611,-0.831769
340.678,-0.831894
340.6942,-0.832016
340.7111,-0.832142
340.7281,-0.832264
340.7446,-0.832415
340.7613,-0.83254
340.7778,-0.832667
340.7954,-0.832791
340.8118,-0.832947
340.8276,-0.833073
340.8451,-0.833216
340.8615,-0.833336
340.8786,-0.833454
340.8954,-0.833582
340.9115,-0.833711
340.9282,-0.833828
340.9446,-0.833955
340.961,-0.834073
340.9785,-0.834195
340.9945,-0.834321
341.0119,-0.834451
341.0286,-0.834591
341.0445,-0.834716
341.0617,-0.834845
341.0787,-0.834986
341.095,-0.835126
341.1114,-0.835274
341.128,-0.835524
341.1454,-0.835655
341.1615,-0.835788
341.1789,-0.835932
341.195,-0.83606
341.2119,-0.836184
341.2275,-0.836309
341.2452,-0.836437
341.2615,-0.836568
341.2777,-0.8367
341.2945,-0.836834
341.3123,-0.837084
341.3283,-0.83723
341.3452,-0.837448
341.3618,-0.837671
341.3787,-0.837889
341.3954,-0.838013
341.4115,-0.838145
341.4286,-0.838272
341.4449,-0.838401
341.4619,-0.838524
341.4783,-0.838646
341.4951,-0.838771
341.5115,-0.838893
341.5276,-0.83902
341.5448,-0.83915
341.5611,-0.83934
341.5788,-0.839474
341.5949,-0.839664
341.6116,-0.839796
341.6285,-0.839946
341.6452,-0.840069
341.6615,-0.840191
341.6789,-0.840313
341.6948,-0.840441
341.7125,-0.840567
341.7289,-0.8407
341.745,-0.840831
341.7629,-0.840956
341.7785,-0.841071
341.7956,-0.841188
341.8126,-0.841313
341.8287,-0.841431
341.8448,-0.841543
341.8614,-0.841655
341.8791,-0.841763
341.895,-0.841876
341.9123,-0.841993
341.9281,-0.842115
341.9453,-0.842236
341.9613,-0.842354
341.979,-0.842476
341.9957,-0.84261
342.0123,-0.842802
342.028,-0.842931
342.0456,-0.843051
342.061,-0.843164
342.0786,-0.843275
342.0952,-0.843389
342.1112,-0.843501
342.1277,-0.843612
342.145,-0.843719
342.1611,-0.843821
342.1783,-0.843933
342.1948,-0.844047
342.2119,-0.844168
342.2273,-0.844284
342.244,-0.844395
342.2622,-0.844502
342.2773,-0.84461
342.2947,-0.844718
342.3118,-0.844816
342.3277,-0.844912
342.3449,-0.844997
342.3609,-0.845099
342.3775,-0.845202
342.3946,-0.845307
342.411,-0.845418
342.4273,-0.84552
342.4453,-0.845608
342.4621,-0.845698
342.4781,-0.845788
342.4937,-0.845871
342.5108,-0.845943
342.5277,-0.846013
342.5444,-0.84609
342.5611,-0.846177
342.5777,-0.846269
342.5938,-0.846361
342.6105,-0.846453
342.6277,-0.846546
342.6442,-0.846641
342.6616,-0.846734
342.6776,-0.84682
342.6941,-0.8469
342.7115,-0.846984
342.7271,-0.847054
342.7442,-0.847123
342.761,-0.847197
342.7773,-0.84727
342.7943,-0.847343
342.8107,-0.847434
342.8266,-0.84752
342.8438,-0.847606
342.86,-0.847694
342.8776,-0.847788
342.8941,-0.847868
342.9113,-0.847946
342.9273,-0.848022
342.9451,-0.848089
342.9617,-0.848156
342.9776,-0.848219
342.994,-0.848284
343.011,-0.84835
343.0279,-0.848413
343.0448,-0.848479
343.0609,-0.848548
343.0779,-0.84861
343.0942,-0.848666
343.1114,-0.848712
343.128,-0.848754
343.1436,-0.848804
343.1612,-0.848853
343.177,-0.848899
343.1944,-0.848951
343.2112,-0.848997
343.2274,-0.849046
343.2451,-0.849103
343.2611,-0.849159
343.2777,-0.849209
343.294,-0.849262
343.3115,-0.84931
343.3275,-0.849357
343.3434,-0.849401
343.3605,-0.849446
343.3777,-0.849487
343.3941,-0.849524
343.4108,-0.84957
343.4272,-0.849606
343.4439,-0.849638
343.4608,-0.84967
343.4776,-0.849707
343.4939,-0.849749
343.5107,-0.849787
343.5276,-0.849825
343.5441,-0.849856
343.5605,-0.849877
343.5777,-0.849897
343.5941,-0.849915
343.6105,-0.849926
343.6278,-0.849936
343.6434,-0.849949
343.6612,-0.849961
343.6776,-0.849982
343.6936,-0.850006
343.7114,-0.850037
343.728,-0.850065
343.7438,-0.850086
343.7608,-0.850107
343.7774,-0.85012
343.7945,-0.850121
343.8103,-0.85012
343.8273,-0.850114
343.8437,-0.850116
343.8603,-0.850114
343.8771,-0.850114
343.8937,-0.850106
343.9104,-0.850099
343.9275,-0.850091
343.944,-0.850082
343.961,-0.85007
343.9768,-0.850049
343.9938,-0.850025
344.0102,-0.849995
344.0271,-0.849983
344.0444,-0.849971
344.0602,-0.849962
344.0768,-0.849952
344.0941,-0.849941
344.1115,-0.849922
344.1277,-0.849868
344.1443,-0.849814
344.1608,-0.849766
344.1775,-0.849678
344.194,-0.849586
344.2106,-0.849512
344.2275,-0.849437
344.2442,-0.849408
344.2609,-0.849368
344.2774,-0.849335
344.2946,-0.849301
344.3109,-0.849244
344.3279,-0.849102
344.3446,-0.848984
344.3604,-0.848838
344.3781,-0.848692
344.3945,-0.848575
344.4109,-0.848412
344.4283,-0.848317
344.4449,-0.848209
344.4613,-0.847997
344.4786,-0.847756
344.4938,-0.847416
344.5118,-0.847071
344.5287,-0.846695
344.5446,-0.846422
344.5612,-0.846135
344.5784,-0.845934
344.5952,-0.845776
344.6116,-0.845666
344.6285,-0.845594
344.6452,-0.845485
344.6619,-0.845384
344.6786,-0.845084
344.6956,-0.84473
344.7128,-0.844267
344.7286,-0.843885
344.7454,-0.843471
344.7619,-0.843099
344.7784,-0.84267
344.7952,-0.842281
344.8125,-0.841975
344.8293,-0.841698
344.8456,-0.841435
344.8618,-0.841193
344.8787,-0.840814
344.8954,-0.840523
344.9129,-0.840119
344.929,-0.839736
344.9455,-0.839489
344.9624,-0.83915
344.9798,-0.83878
344.9961,-0.838256
345.0126,-0.837771
345.0298,-0.837255
345.0458,-0.836785
345.0622,-0.836297
345.0791,-0.835875
345.0963,-0.835308
345.1122,-0.834755
345.13,-0.834182
345.1462,-0.833717
345.1631,-0.833294
345.1803,-0.832784
345.1963,-0.832479
345.2127,-0.832161
345.2306,-0.831785
345.2472,-0.831374
345.2633,-0.830926
345.2806,-0.830272
345.2972,-0.829689
345.3139,-0.829111
345.3309,-0.828082
345.3471,-0.827157
345.3641,-0.826311
345.3805,-0.825535
345.3975,-0.824613
345.4137,-0.823711
345.4309,-0.822929
345.4482,-0.822178
345.4643,-0.821468
345.4807,-0.820849
345.4978,-0.820121
345.514,-0.819471
345.5312,-0.818718
345.5483,-0.818191
345.564,-0.817652
345.5811,-0.817063
345.598,-0.816444
345.6148,-0.815776
345.6313,-0.815233
345.648,-0.814749
345.665,-0.813973
345.6815,-0.813303
345.6985,-0.812312
345.7145,-0.811307
345.7317,-0.810376
345.7482,-0.809321
345.7651,-0.808468
345.7816,-0.807557
345.7984,-0.80681
345.8148,-0.80599
345.8316,-0.805394
345.8489,-0.804789
345.8651,-0.804096
345.8825,-0.803401
345.8985,-0.802684
345.9164,-0.801959
345.9324,-0.801203
345.9499,-0.800194
345.9665,-0.799308
345.9825,-0.798334
345.9991,-0.797086
346.0159,-0.796167
346.0333,-0.795314
346.0502,-0.794522
346.0669,-0.793919
346.0831,-0.793291
346.1001,-0.792286
346.1168,-0.79147
346.134,-0.79082
346.1501,-0.789914
346.1676,-0.788646
346.1837,-0.787248
346.2011,-0.785823
346.2172,-0.784161
346.2339,-0.782829
346.2505,-0.781586
346.2679,-0.780702
346.2847,-0.779625
346.3014,-0.778639
346.3181,-0.777979
346.3343,-0.777148
346.3511,-0.776385
346.3678,-0.775603
346.3851,-0.774578
346.4022,-0.773692
346.419,-0.772727
346.435,-0.771782
346.4524,-0.770894
346.4693,-0.769585
346.4852,-0.768581
346.5028,-0.767688
346.5188,-0.766969
346.5355,-0.766327
346.5524,-0.765236
346.5693,-0.764148
346.5861,-0.763184
346.6023,-0.76225
346.6187,-0.761525
346.6362,-0.760713
346.653,-0.759752
346.6697,-0.758846
346.6867,-0.757896
346.703,-0.756845
346.7202,-0.755887
346.7369,-0.754575
346.7531,-0.753127
346.7702,-0.751744
346.7872,-0.750577
346.8038,-0.749794
346.8205,-0.749066
346.8378,-0.747983
346.8534,-0.747048
346.8701,-0.745953
346.8876,-0.745132
346.904,-0.744189
346.9209,-0.742901
346.9377,-0.741319
346.9549,-0.739862
346.9716,-0.738705
346.9878,-0.737767
347.0047,-0.736827
347.0209,-0.73588
347.0379,-0.734471
347.0554,-0.733237
347.0716,-0.732044
347.0881,-0.730873
347.1045,-0.729634
347.1209,-0.728646
347.1386,-0.727716
347.1553,-0.727025
347.1719,-0.726488
347.188,-0.725807
347.2055,-0.725212
347.2224,-0.72448
347.239,-0.723695
347.256,-0.722714
347.2727,-0.721315
347.289,-0.719585
347.306,-0.718051
347.3228,-0.716701
347.3398,-0.715151
347.3558,-0.713956
347.3731,-0.712742
347.3898,-0.711443
347.407,-0.71024
347.4232,-0.708603
347.4403,-0.707268
347.4565,-0.705901
347.4731,-0.704765
347.4904,-0.703599
347.5066,-0.702585
347.5233,-0.701591
347.5396,-0.701028
347.5569,-0.700202
347.5731,-0.69894
347.5897,-0.697709
347.6068,-0.695851
347.6244,-0.69421
347.6401,-0.692398
347.6569,-0.691314
347.6745,-0.690429
347.6898,-0.68986
347.7075,-0.688944
347.724,-0.688018
347.7413,-0.687193
347.7578,-0.686018
347.7743,-0.684492
347.7905,-0.683193
347.8081,-0.681977
347.8251,-0.680535
347.8409,-0.679337
347.8581,-0.678431
347.8748,-0.677762
347.8921,-0.677258
347.9079,-0.67621
347.9254,-0.67458
347.942,-0.672474
347.9583,-0.670759
347.9752,-0.669511
347.9926,-0.668206
348.0085,-0.667059
348.0251,-0.665928
348.0421,-0.664885
348.059,-0.664127
348.0756,-0.663533
348.0921,-0.663054
348.1093,-0.66212
348.1264,-0.661241
348.1425,-0.660255
348.1598,-0.659111
348.1762,-0.657971
348.1935,-0.656611
348.2099,-0.655236
348.226,-0.65402
348.2421,-0.652939
348.2595,-0.651841
348.2767,-0.650493
348.2935,-0.649388
348.3105,-0.647992
348.3276,-0.646595
348.3443,-0.644852
348.3601,-0.643385
348.3767,-0.64192
348.394,-0.64046
348.4104,-0.639241
348.4268,-0.638598
348.4431,-0.637952
348.4608,-0.636982
348.4772,-0.636063
348.4944,-0.635509
348.5112,-0.634836
348.5276,-0.634015
348.5439,-0.63308
348.561,-0.632296
348.5781,-0.631199
348.5943,-0.630014
348.6109,-0.62872
348.6288,-0.627714
348.6454,-0.626747
348.6616,-0.625806
348.6787,-0.624836
348.6951,-0.623817
348.7122,-0.622513
348.7292,-0.621726
348.7458,-0.621069
348.7624,-0.62003
348.7798,-0.618636
348.7957,-0.617391
348.813,-0.615977
348.8301,-0.615183
348.846,-0.614509
348.8622,-0.613678
348.8793,-0.612598
348.896,-0.611701
348.9124,-0.610957
348.9306,-0.610041
348.9469,-0.609217
348.9638,-0.608461
348.9809,-0.607653
348.9968,-0.606878
349.014,-0.605994
349.0305,-0.605128
349.0472,-0.604163
349.0647,-0.602804
349.0808,-0.601917
349.0976,-0.600824
349.1143,-0.599876
349.1306,-0.598721
349.1479,-0.59773
349.1653,-0.597029
349.1816,-0.596457
349.1983,-0.595843
349.2153,-0.595137
349.2311,-0.594102
349.2489,-0.593297
349.2653,-0.592442
349.2821,-0.591763
349.299,-0.590906
349.3153,-0.590168
349.3324,-0.589453
349.3487,-0.588749
349.3662,-0.587937
349.3819,-0.587043
349.3983,-0.586423
349.4159,-0.585767
349.4332,-0.585192
349.449,-0.584596
349.4656,-0.583834
349.4835,-0.582857
349.4995,-0.581831
349.516,-0.581002
349.5327,-0.580316
349.5496,-0.579466
349.5664,-0.578458
349.5831,-0.577823
349.5999,-0.577429
349.6169,-0.577107
349.6326,-0.57679
349.6504,-0.576387
349.6669,-0.575831
349.6834,-0.57531
349.7007,-0.574665
349.7177,-0.573833
349.7337,-0.572872
349.7505,-0.571962
349.7675,-0.570991
349.7832,-0.569808
349.8004,-0.568754
349.8177,-0.568081
349.8344,-0.567203
349.8511,-0.566494
349.8673,-0.565768
349.8846,-0.565299
349.9009,-0.564743
349.9174,-0.56431
349.9343,-0.56383
349.9506,-0.563241
349.9679,-0.562636
349.9852,-0.562253
350.0016,-0.561914
350.0175,-0.561497
350.035,-0.561088
350.0518,-0.560482
350.0682,-0.559799
350.085,-0.559074
350.1015,-0.558207
350.1183,-0.557495
350.1354,-0.556788
350.1519,-0.556257
350.1679,-0.555765
350.185,-0.555334
350.2019,-0.554833
350.2187,-0.554258
350.2346,-0.553933
350.2522,-0.553574
350.2691,-0.553054
350.2851,-0.552602
350.3022,-0.552125
350.3186,-0.551719
350.3354,-0.551008
350.3516,-0.550454
350.369,-0.549866
350.3857,-0.549301
350.4025,-0.548765
350.4194,-0.548406
350.4356,-0.547923
350.4527,-0.547465
350.4691,-0.547039
350.4858,-0.546573
350.5032,-0.546232
350.5194,-0.54587
350.5356,-0.545231
350.5522,-0.544526
350.5695,-0.544049
350.5866,-0.543528
350.6028,-0.543121
350.6197,-0.54266
350.6364,-0.542063
350.6532,-0.541482
350.6696,-0.540987
350.686,-0.540647
350.7029,-0.540406
350.7191,-0.540046
350.7365,-0.539579
350.754,-0.53911
350.7701,-0.538628
350.7867,-0.538085
350.8029,-0.537506
350.8199,-0.537064
350.8367,-0.53644
350.8539,-0.535833
350.8697,-0.535313
350.8867,-0.534786
350.9028,-0.534428
350.9203,-0.533868
350.9369,-0.533372
350.9538,-0.533068
350.9697,-0.532822
350.9879,-0.532594
351.0038,-0.532289
351.0202,-0.53194
351.0369,-0.531377
351.054,-0.53101
351.0709,-0.530703
351.0867,-0.530381
351.1037,-0.529947
351.1213,-0.529425
351.1378,-0.528879
351.1544,-0.528493
351.1703,-0.528286
351.1872,-0.528013
351.2034,-0.527654
351.2213,-0.527413
351.2376,-0.52722
351.2542,-0.527097
351.2713,-0.52692
351.2885,-0.526703
351.3047,-0.52638
351.3217,-0.525894
351.3383,-0.52551
351.3556,-0.525156
351.3714,-0.524941
351.3883,-0.524643
351.4054,-0.524219
351.4219,-0.523783
351.4387,-0.523382
351.4554,-0.522976
351.4717,-0.522694
351.4892,-0.522424
351.5054,-0.522227
351.5225,-0.521974
351.5389,-0.521777
351.556,-0.521595
351.5727,-0.521482
351.5895,-0.521257
351.606,-0.521019
351.6233,-0.520861
351.6396,-0.520551
351.6566,-0.520258
351.6732,-0.519974
351.6892,-0.519752
351.7065,-0.519565
351.7231,-0.519375
351.7395,-0.519163
351.7567,-0.518955
351.7731,-0.518855
351.79,-0.518714
351.8061,-0.518611
351.8231,-0.518527
351.8394,-0.518406
351.857,-0.518251
351.8735,-0.517966
351.8906,-0.517553
351.9071,-0.517056
351.924,-0.51661
351.9404,-0.51633
351.9568,-0.516163
351.9731,-0.515945
351.9902,-0.515801
352.0069,-0.515714
352.0237,-0.515621
352.0403,-0.515329
352.0571,-0.515271
352.0734,-0.515178
352.0905,-0.515081
352.108,-0.514946
352.1242,-0.514808
352.1407,-0.514689
352.1571,-0.514541
352.1746,-0.514291
352.1911,-0.514018
352.2077,-0.513878
352.2238,-0.513749
352.2414,-0.513605
352.2569,-0.513526
352.274,-0.513399
352.2909,-0.51333
352.3069,-0.513261
352.3244,-0.513194
352.342,-0.513127
352.3577,-0.512954
352.3752,-0.512764
352.3914,-0.512625
352.4077,-0.512494
352.4242,-0.512301
352.4409,-0.51215
352.4576,-0.512004
352.4745,-0.511886
352.4908,-0.511805
352.5078,-0.511706
352.5251,-0.511627
352.5412,-0.51155
352.5588,-0.511476
352.5747,-0.511401
352.5918,-0.511297
352.6078,-0.511184
352.6247,-0.511012
352.6422,-0.510856
352.6587,-0.510709
352.6752,-0.510541
352.6917,-0.510402
352.7082,-0.510188
352.7249,-0.509942
352.7426,-0.509858
352.7585,-0.509645
352.7751,-0.509566
352.7913,-0.509483
352.8089,-0.509358
352.8256,-0.509271
352.8419,-0.509112
352.858,-0.50898
352.8752,-0.508785
352.8909,-0.508606
352.9089,-0.5085
352.9246,-0.508411
352.9426,-0.508325
352.9584,-0.508239
352.9753,-0.508149
352.9919,-0.508042
353.0089,-0.507955
353.025,-0.507821
353.0414,-0.507716
353.0581,-0.507594
353.0754,-0.507497
353.0923,-0.507365
353.1081,-0.507269
353.1252,-0.50717
353.1422,-0.50707
353.1588,-0.506942
353.1746,-0.506817
353.1919,-0.5067
353.2077,-0.506582
353.2245,-0.506481
353.2415,-0.506382
353.2588,-0.506286
353.2752,-0.506185
353.2914,-0.506082
353.3086,-0.505981
353.3251,-0.505878
353.3425,-0.505781
353.3581,-0.505681
353.3762,-0.505578
353.3915,-0.505474
353.4077,-0.505326
353.4255,-0.505149
353.4418,-0.504977
353.4585,-0.504677
353.4748,-0.504353
353.4922,-0.50402
353.5087,-0.503809
353.5241,-0.503585
353.5414,-0.503484
353.5583,-0.503385
353.5748,-0.503237
353.5916,-0.503148
353.6084,-0.503047
353.6253,-0.502919
353.6409,-0.502825
353.6587,-0.502726
353.6756,-0.502618
353.6923,-0.502468
353.7082,-0.502358
353.7255,-0.50222
353.7418,-0.502004
353.7584,-0.501692
353.776,-0.501585
353.7918,-0.501483
353.8084,-0.501375
353.8251,-0.501267
353.8426,-0.501079
353.8593,-0.50087
353.8755,-0.500714
353.8927,-0.500601
353.909,-0.500488
353.926,-0.500376
353.9415,-0.500266
353.959,-0.500164
353.9757,-0.500062
353.9927,-0.499961
354.01,-0.499851
354.0256,-0.499742
354.0424,-0.499627
354.0587,-0.499515
354.0752,-0.49941
354.0923,-0.499303
354.1092,-0.499199
354.1255,-0.499092
354.1428,-0.498988
354.16,-0.498885
354.1762,-0.498782
354.1931,-0.498678
354.2101,-0.498572
354.226,-0.498465
354.2433,-0.498357
354.2599,-0.498252
354.276,-0.498138
354.2924,-0.498027
354.3103,-0.497911
354.3266,-0.497799
354.3443,-0.497691
354.3601,-0.497584
354.3767,-0.497482
354.3935,-0.497378
354.4101,-0.497278
354.4261,-0.49718
354.4435,-0.49708
354.4606,-0.496984
354.4763,-0.496892
354.4936,-0.496808
354.5101,-0.496723
354.5265,-0.496628
354.5438,-0.496533
354.5603,-0.496428
354.5779,-0.496333
354.5941,-0.496241
354.6097,-0.496152
354.6268,-0.496049
354.6437,-0.495939
354.6613,-0.495826
354.6775,-0.495721
354.6938,-0.495613
354.7106,-0.495507
354.7267,-0.495394
354.7439,-0.495294
354.7602,-0.495198
354.7771,-0.495107
354.7944,-0.495026
354.8105,-0.494941
354.8273,-0.494841
354.8447,-0.494745
354.8611,-0.494646
354.8781,-0.494536
354.8944,-0.494435
354.9109,-0.494337
354.9276,-0.494239
354.9437,-0.494156
354.9607,-0.494073
354.9769,-0.493992
354.9947,-0.493907
355.0108,-0.493817
355.0276,-0.493733
355.0439,-0.493648
355.0605,-0.493556
355.0775,-0.493467
355.0945,-0.493377
355.1108,-0.493296
355.1275,-0.493216
355.1447,-0.493132
355.1614,-0.493035
355.1776,-0.492939
355.1945,-0.492849
355.2101,-0.492751
355.2277,-0.49265
355.244,-0.492548
355.2609,-0.49245
355.277,-0.492353
355.2933,-0.492263
355.3108,-0.492173
355.3275,-0.492085
355.3436,-0.491996
355.3605,-0.491907
355.3777,-0.491821
355.3941,-0.491736
355.4106,-0.491647
355.4266,-0.491565
355.4438,-0.491479
355.4602,-0.49139
355.4772,-0.491295
355.494,-0.491196
355.5112,-0.491097
355.5273,-0.491002
355.543,-0.490901
355.5608,-0.490799
355.577,-0.490704
355.5927,-0.490609
355.61,-0.490514
355.6267,-0.490425
355.6436,-0.490343
355.6603,-0.490261
355.6771,-0.490175
355.6937,-0.490082
355.7098,-0.489998
355.7269,-0.489912
355.7435,-0.489831
355.7595,-0.489742
355.7768,-0.489656
355.7937,-0.489567
355.8103,-0.489472
355.8272,-0.489372
355.844,-0.489276
355.8599,-0.489178
355.8767,-0.48909
355.8936,-0.489003
355.9104,-0.488923
355.9277,-0.48884
355.9432,-0.488759
355.9611,-0.488677
355.9778,-0.488588
355.9942,-0.488499
356.0111,-0.488406
356.0269,-0.488314
356.0441,-0.488219
356.0606,-0.48812
356.077,-0.488026
356.0945,-0.487933
356.1103,-0.487841
356.1277,-0.487754
356.1437,-0.487665
356.1605,-0.487572
356.1771,-0.487481
356.1947,-0.487387
356.2109,-0.487288
356.2273,-0.487195
356.2434,-0.487102
356.2604,-0.487004
356.2771,-0.486882
356.2936,-0.486778
356.3104,-0.486681
356.3279,-0.486586
356.3434,-0.486495
356.3604,-0.486404
356.3765,-0.486313
356.3933,-0.486219
356.4099,-0.486137
356.4265,-0.486063
356.4438,-0.485984
356.4602,-0.485902
356.4772,-0.485822
356.4943,-0.485731
356.5104,-0.485633
356.5269,-0.485532
356.5441,-0.48544
356.5601,-0.485341
356.5768,-0.485241
356.5934,-0.485151
356.6101,-0.485067
356.6271,-0.484989
356.6433,-0.484902
356.6601,-0.484822
356.6768,-0.484743
356.6927,-0.484659
356.7104,-0.484576
356.7262,-0.4845
356.7437,-0.484421
356.7599,-0.484343
356.7768,-0.484267
356.7939,-0.484184
356.8096,-0.484091
356.8271,-0.483994
356.8435,-0.483877
356.8604,-0.48378
356.8769,-0.483687
356.8934,-0.483594
356.9102,-0.48351
356.9262,-0.483434
356.9433,-0.483353
356.9594,-0.483279
356.9761,-0.483211
356.9928,-0.483142
357.0097,-0.483075
357.0269,-0.483
357.0432,-0.482922
357.0596,-0.482843
357.0767,-0.482762
357.093,-0.482691
357.1098,-0.482613
357.1268,-0.482538
357.1434,-0.482464
357.1603,-0.482388
357.1766,-0.482308
357.1935,-0.482223
357.2097,-0.482145
357.2267,-0.482057
357.2432,-0.481973
357.26,-0.481894
357.2759,-0.481818
357.2935,-0.481749
357.3096,-0.481682
357.3271,-0.481611
357.3443,-0.481532
357.3603,-0.481451
357.377,-0.481363
357.3931,-0.481277
357.4098,-0.481191
357.4258,-0.481104
357.4422,-0.48102
357.4595,-0.480941
357.4763,-0.480863
357.4933,-0.480793
357.5098,-0.480733
357.5255,-0.480671
357.5435,-0.480603
357.5592,-0.480529
357.5765,-0.48046
357.5933,-0.480407
357.6097,-0.480346
357.6266,-0.480277
357.643,-0.480217
357.6601,-0.480153
357.6773,-0.480084
357.6938,-0.480007
357.7099,-0.479929
357.7267,-0.479851
357.7435,-0.479772
357.7606,-0.479691
357.7768,-0.47962
357.793,-0.479552
357.8102,-0.479481
357.8279,-0.479409
357.8436,-0.479332
357.8605,-0.479253
357.8769,-0.479177
357.8936,-0.479096
357.9099,-0.479019
357.9264,-0.478945
357.9441,-0.478871
357.9604,-0.478804
357.9771,-0.478745
357.9939,-0.478678
358.0105,-0.478611
358.027,-0.478538
358.0442,-0.478463
358.0608,-0.478391
358.0763,-0.478319
358.0933,-0.478244
358.1105,-0.478167
358.1263,-0.47809
358.144,-0.47803
358.1605,-0.477968
358.1769,-0.477906
358.1933,-0.477841
358.2104,-0.477781
358.2268,-0.477716
358.243,-0.477658
358.2605,-0.477606
358.2769,-0.477545
358.2941,-0.47748
358.31,-0.477418
358.3274,-0.477367
358.3435,-0.477318
358.3606,-0.477264
358.3775,-0.477208
358.3936,-0.477153
358.4107,-0.477096
358.4275,-0.477044
358.4437,-0.476996
358.4606,-0.476946
358.4772,-0.476892
358.4942,-0.476834
358.5109,-0.476782
358.5273,-0.476733
358.5438,-0.476691
358.5605,-0.476641
358.5772,-0.476591
358.5945,-0.476535
358.6109,-0.476478
358.628,-0.476425
358.644,-0.476371
358.6608,-0.476314
358.6775,-0.476254
358.694,-0.4762
358.7107,-0.476148
358.7278,-0.4761
358.7443,-0.476049
358.761,-0.475999
358.7775,-0.475944
358.7945,-0.475889
358.8108,-0.475832
358.8277,-0.475785
358.8438,-0.475742
358.8601,-0.475691
358.8776,-0.475639
358.894,-0.475589
358.9111,-0.475547
358.9277,-0.475508
358.9442,-0.475474
358.9599,-0.475437
358.9777,-0.475395
358.9945,-0.475344
359.0112,-0.475297
359.0276,-0.475256
359.0448,-0.475207
359.0617,-0.475154
359.0786,-0.475099
359.0944,-0.475057
359.1112,-0.475014
359.1279,-0.47498
359.1444,-0.474944
359.161,-0.474902
359.1777,-0.474869
359.1937,-0.474838
359.2109,-0.474804
359.2272,-0.474767
359.2439,-0.474727
359.2606,-0.474688
359.2773,-0.474653
359.294,-0.474617
359.3107,-0.474585
359.328,-0.474557
359.3445,-0.47453
359.3614,-0.474503
359.3783,-0.474473
359.3948,-0.474449
359.4114,-0.474413
359.4279,-0.474378
359.4449,-0.474339
359.4613,-0.474298
359.478,-0.474255
359.4942,-0.474213
359.5113,-0.474173
359.5284,-0.474123
359.5441,-0.47408
359.5607,-0.474045
359.5781,-0.474004
359.5942,-0.473964
359.6108,-0.473923
359.6284,-0.47388
359.6443,-0.473843
359.6611,-0.473805
359.6776,-0.473768
359.6945,-0.473736
359.7111,-0.473707
359.728,-0.473683
359.7446,-0.473657
359.7609,-0.473623
359.7778,-0.473585
359.7945,-0.473557
359.8112,-0.473521
359.8283,-0.473483
359.8443,-0.473446
359.8605,-0.473411
359.8776,-0.473375
359.894,-0.473344
359.9109,-0.473318
359.9279,-0.473296
359.9438,-0.473267
359.9617,-0.473232
359.9773,-0.473199
359.9948,-0.473172
360.0108,-0.473149
360.0276,-0.473128
360.0444,-0.473107
360.0611,-0.473079
360.0773,-0.473045
360.0948,-0.47302
360.1109,-0.472987
360.1275,-0.472944
360.144,-0.472899
360.1607,-0.472853
360.1777,-0.47281
360.1947,-0.472773
360.2113,-0.472743
360.2278,-0.472711
360.244,-0.472675
360.2615,-0.472634
360.2784,-0.472601
360.2945,-0.47257
360.3113,-0.472544
360.3286,-0.472519
360.3441,-0.472498
360.3615,-0.472471
360.3778,-0.472446
360.395,-0.472414
360.4113,-0.472383
360.4284,-0.472346
360.4447,-0.472304
360.4607,-0.472265
360.4778,-0.472223
360.4951,-0.472184
360.5112,-0.472151
360.5283,-0.472121
360.5447,-0.472097
360.562,-0.472069
360.5781,-0.472036
360.5952,-0.472003
360.6119,-0.471962
360.6284,-0.471924
360.645,-0.471888
360.6614,-0.471858
360.6782,-0.471833
360.6952,-0.471812
360.7119,-0.471795
360.7281,-0.471777
360.7453,-0.471763
360.7625,-0.471743
360.7781,-0.471728
360.795,-0.471707
360.8117,-0.471676
360.8288,-0.47164
360.8452,-0.471618
360.8619,-0.471591
360.8785,-0.471567
360.8946,-0.47155
360.9119,-0.471532
360.9289,-0.471518
360.945,-0.471512
360.9623,-0.471498
360.9789,-0.471484
360.9957,-0.471466
361.0124,-0.471447
361.0298,-0.471431
361.0459,-0.471414
361.0629,-0.471397
361.0797,-0.471376
361.0955,-0.471354
361.1119,-0.47133
361.1292,-0.471311
361.1457,-0.471287
361.162,-0.471271
361.1795,-0.471257
361.1952,-0.471241
361.2124,-0.471228
361.2289,-0.471212
361.2462,-0.471205
361.2622,-0.471197
361.2786,-0.471181
361.2955,-0.471166
361.3121,-0.471151
361.3291,-0.47114
361.3456,-0.471122
361.3619,-0.471103
361.3793,-0.471084
361.3949,-0.471067
361.4121,-0.471057
361.4287,-0.471036
361.445,-0.47102
361.4618,-0.470998
361.4786,-0.470982
361.4958,-0.470966
361.5111,-0.470952
361.5285,-0.470942
361.5449,-0.470927
361.5616,-0.470916
361.5783,-0.470916
361.595,-0.470912
361.6115,-0.470909
361.6283,-0.470899
361.6448,-0.470885
361.6619,-0.470871
361.6784,-0.470862
361.6946,-0.470853
361.7115,-0.470851
361.7284,-0.470852
361.7446,-0.470848
361.7614,-0.470846
361.7781,-0.470835
361.7943,-0.470818
361.8115,-0.470799
361.8282,-0.470784
361.8453,-0.470768
361.8611,-0.470761
361.8784,-0.470756
361.8954,-0.470749
361.9114,-0.470745
361.9284,-0.470739
361.9451,-0.470736
361.9613,-0.47072
361.9785,-0.470691
361.995,-0.470665
362.0122,-0.470643
362.0281,-0.470622
362.0451,-0.470601
362.0614,-0.470582
362.0781,-0.470562
362.0954,-0.470549
362.1115,-0.470541
362.1284,-0.470532
362.1455,-0.470524
362.1621,-0.470505
362.1785,-0.470488
362.1958,-0.470472
362.212,-0.470445
362.229,-0.470413
362.2452,-0.470384
362.2625,-0.470356
362.2784,-0.470332
362.2949,-0.47031
362.3117,-0.470287
362.3286,-0.470262
362.345,-0.470245
362.3618,-0.470243
362.3786,-0.47024
362.3946,-0.470235
362.4119,-0.470237
362.4285,-0.470233
362.4456,-0.470235
362.4619,-0.47023
362.479,-0.470215
362.4954,-0.470198
362.5126,-0.470176
362.5284,-0.470158
362.545,-0.470145
362.562,-0.470133
362.579,-0.470119
362.5949,-0.470099
362.6126,-0.470082
362.6283,-0.470071
362.6458,-0.470061
362.6629,-0.47005
362.6789,-0.470039
362.6953,-0.470027
362.7122,-0.470011
362.7291,-0.47
362.7456,-0.469994
362.7627,-0.469986
362.7802,-0.469969
362.7956,-0.469944
362.8126,-0.469923
362.8294,-0.469904
362.8462,-0.469887
362.8621,-0.469871
362.8785,-0.469861
362.8965,-0.469843
362.9128,-0.469829
362.93,-0.469824
362.9464,-0.469817
362.9631,-0.469811
362.9793,-0.469791
362.9958,-0.469771
363.013,-0.469754
363.0291,-0.46974
363.0455,-0.469727
363.0619,-0.469715
363.0791,-0.469701
363.0957,-0.469685
363.1122,-0.469674
363.1285,-0.469671
363.1457,-0.469668
363.163,-0.469666
363.1793,-0.469659
363.1964,-0.469663
363.2131,-0.469666
363.229,-0.469659
363.2462,-0.469657
363.2626,-0.469653
363.2793,-0.469648
363.2954,-0.469648
363.3123,-0.469645
363.3292,-0.46964
363.3458,-0.469639
363.3621,-0.46964
363.3792,-0.469634
363.396,-0.469622
363.412,-0.469623
363.4291,-0.469617
363.4465,-0.469614
363.4629,-0.469613
363.4788,-0.469611
363.4963,-0.469613
363.5126,-0.46961
363.5287,-0.469607
363.545,-0.46961
363.5624,-0.469605
363.5794,-0.469593
363.5964,-0.469585
363.6118,-0.469586
363.6292,-0.469584
363.6458,-0.469584
363.6628,-0.469581
363.6787,-0.469575
363.6957,-0.469566
363.7119,-0.469557
363.7285,-0.469556
363.7459,-0.46956
363.7625,-0.469556
363.7788,-0.46956
363.7963,-0.469571
363.8127,-0.469582
363.829,-0.469586
363.8458,-0.469594
363.8634,-0.469592
363.8792,-0.469589
363.8955,-0.469585
363.9128,-0.469571
363.9294,-0.469556
363.9451,-0.469543
363.9634,-0.469531
363.9793,-0.469522
363.9953,-0.469514
364.0124,-0.469499
364.0285,-0.469488
364.0451,-0.469479
364.0622,-0.469469
364.0785,-0.469472
364.0956,-0.469466
364.1118,-0.469458
364.128,-0.469453
364.1451,-0.469443
364.1624,-0.469433
364.1782,-0.469423
364.1952,-0.469407
364.212,-0.469393
364.2285,-0.469383
364.244,-0.469376
364.2619,-0.469374
364.2786,-0.469374
364.2948,-0.469377
364.3118,-0.469372
364.3289,-0.469374
364.3448,-0.469373
364.3619,-0.469382
364.3784,-0.469388
364.3949,-0.469386
364.4119,-0.469383
364.4281,-0.469375
364.4455,-0.469374
364.4612,-0.469365
364.4782,-0.469351
364.4955,-0.469325
364.5118,-0.469302
364.5286,-0.46928
364.5453,-0.46926
364.5611,-0.469242
364.5779,-0.469226
364.5945,-0.469211
364.6122,-0.469196
364.6278,-0.469193
364.6448,-0.469189
364.6616,-0.469183
364.6786,-0.469177
364.6953,-0.469163
364.7117,-0.469152
364.7277,-0.469136
364.7451,-0.469126
364.7621,-0.469107
364.778,-0.469079
364.795,-0.469048
364.8114,-0.469027
364.8283,-0.468998
364.8454,-0.46897
364.8617,-0.468951
364.8785,-0.468934
364.895,-0.468909
364.9113,-0.468893
364.928,-0.46888
364.9449,-0.468879
364.9617,-0.468876
364.9775,-0.468875
364.9958,-0.468873
365.0119,-0.468861
365.0284,-0.468847
365.045,-0.46883
365.0616,-0.468812
365.0783,-0.468799
365.0952,-0.468789
365.1115,-0.46878
365.1283,-0.468777
365.1453,-0.468777
365.1624,-0.46877
365.1789,-0.468762
365.195,-0.468757
365.2116,-0.46875
365.229,-0.468743
365.2449,-0.468728
365.2616,-0.468717
365.2785,-0.468709
365.2948,-0.468692
365.3118,-0.468682
365.3281,-0.468677
365.3456,-0.468677
365.3615,-0.468678
365.3781,-0.468682
365.3953,-0.468678
365.412,-0.468687
365.4286,-0.468685
365.4458,-0.468673
365.4619,-0.468658
365.4789,-0.468629
365.4955,-0.4686
365.5114,-0.468581
365.5285,-0.468568
365.5453,-0.468558
365.5618,-0.468548
365.5783,-0.468545
365.5956,-0.468555
365.6121,-0.468563
365.6293,-0.468569
365.6456,-0.468579
365.6623,-0.468582
365.6795,-0.468585
365.6956,-0.468585
365.7125,-0.46859
365.7289,-0.468589
365.7448,-0.468584
365.7622,-0.46857
365.7778,-0.468561
365.7954,-0.468549
365.812,-0.46854
365.8285,-0.468532
365.8451,-0.468523
365.8613,-0.468522
365.8784,-0.468522
365.895,-0.468524
365.9115,-0.468516
365.9283,-0.468509
365.9451,-0.468499
365.9617,-0.468489
365.9783,-0.468482
365.994,-0.468473
366.0103,-0.468461
366.0275,-0.468447
366.0446,-0.468437
366.0609,-0.468428
366.0776,-0.468424
366.0943,-0.468418
366.1111,-0.468411
366.1275,-0.468399
366.1446,-0.468385
366.1616,-0.468381
366.1781,-0.468378
366.1949,-0.468379
366.2115,-0.468368
366.2278,-0.468355
366.2448,-0.468343
366.2613,-0.468333
366.2774,-0.468327
366.2949,-0.468332
366.3118,-0.468328
366.3281,-0.46832
366.3447,-0.46832
366.3613,-0.468315
366.3778,-0.468306
366.3944,-0.468291
366.4116,-0.468278
366.4286,-0.46827
366.4446,-0.468267
366.4617,-0.468262
366.478,-0.468255
366.496,-0.468253
366.5118,-0.468243
366.5286,-0.468238
366.5452,-0.468233
366.5618,-0.468226
366.5787,-0.468213
366.5946,-0.468204
366.6119,-0.46819
366.6286,-0.468179
366.6453,-0.468175
366.6619,-0.468165
366.6787,-0.468159
366.6953,-0.468148
366.7123,-0.468132
366.7288,-0.468122
366.7452,-0.468113
366.7621,-0.468101
366.7787,-0.468097
366.7953,-0.468105
366.8122,-0.468108
366.8292,-0.468121
366.8449,-0.468125
366.8618,-0.468134
366.8788,-0.468138
366.8954,-0.468137
366.9122,-0.468143
366.9294,-0.468143
366.9456,-0.468135
366.9621,-0.468124
366.9788,-0.468121
366.996,-0.468125
367.0121,-0.468134
367.0287,-0.468148
367.0454,-0.468163
367.063,-0.468172
367.0794,-0.46818
367.0957,-0.468189
367.1131,-0.46819
367.1285,-0.468181
367.1459,-0.468173
367.1628,-0.468168
367.1787,-0.468163
367.1962,-0.46816
367.2125,-0.468162
367.2292,-0.468172
367.2463,-0.468181
367.263,-0.468182
367.2798,-0.468178
367.2966,-0.468173
367.3132,-0.468166
367.3294,-0.468162
367.346,-0.468162
367.3631,-0.46817
367.3795,-0.468178
367.3962,-0.468186
367.4129,-0.468201
367.4296,-0.468214
367.4463,-0.468223
367.4632,-0.468222
367.4795,-0.468218
367.4966,-0.468209
367.5135,-0.468215
367.5301,-0.468221
367.5466,-0.468236
367.5633,-0.468254
367.5793,-0.468267
367.596,-0.468283
367.6131,-0.4683
367.6292,-0.468312
367.646,-0.468321
367.6636,-0.468328
367.6802,-0.468325
367.6964,-0.46832
367.7132,-0.468317
367.7296,-0.468316
367.7466,-0.468319
367.7628,-0.468324
367.7802,-0.468324
367.7963,-0.468327
367.8135,-0.468335
367.8299,-0.468344
367.8466,-0.468354
367.8633,-0.468358
367.8802,-0.468363
367.8968,-0.468368
367.9131,-0.46837
367.9297,-0.468377
367.9464,-0.468372
367.9635,-0.46837
367.98,-0.468367
367.9968,-0.468363
368.0129,-0.468353
368.0298,-0.468348
368.0468,-0.468339
368.0636,-0.468329
368.08,-0.468324
368.0965,-0.468329
368.1133,-0.468335
368.1294,-0.468339
368.1468,-0.468339
368.1635,-0.468343
368.1795,-0.468353
368.1962,-0.468366
368.2132,-0.468382
368.2305,-0.46839
368.2467,-0.4684
368.2637,-0.468399
368.2796,-0.468401
368.2971,-0.468401
368.3134,-0.468399
368.3299,-0.46839
368.3465,-0.468382
368.3633,-0.468379
368.38,-0.468377
368.3966,-0.468379
368.413,-0.468392
368.4304,-0.468408
368.4472,-0.468414
368.4637,-0.468425
368.4804,-0.468436
368.4967,-0.468436
368.5134,-0.46844
368.5302,-0.468425
368.5469,-0.468411
368.5636,-0.4684
368.5799,-0.468392
368.5972,-0.468387
368.6135,-0.468381
368.6308,-0.468367
368.6468,-0.468357
368.6637,-0.468359
368.6808,-0.468366
368.6968,-0.468374
368.7135,-0.468381
368.7301,-0.468379
368.7471,-0.468372
368.7641,-0.468363
368.7806,-0.468363
368.7971,-0.468362
368.8131,-0.468365
