Temperaturee (°C),Heat flow (W/g)
70.0107,0.0484357
70.0095,0.0484424
70.0098,0.0484508
70.011,0.0484543
70.01,0.0484637
70.011,0.0484701
70.0108,0.0484735
70.0104,0.048479
70.0104,0.0484913
70.0104,0.048505
70.0112,0.0485196
70.0106,0.0485281
70.0109,0.0485254
70.0116,0.0485258
70.0112,0.0485248
70.0119,0.0485161
70.0123,0.0485027
70.0133,0.048501
70.0132,0.048504
70.0143,0.0485025
70.0153,0.0485184
70.0157,0.0485358
70.0162,0.0485645
70.0174,0.0486027
70.0193,0.0487376
70.0196,0.0490416
70.0214,0.0492434
70.0225,0.0495463
70.0247,0.050111
70.0267,0.0510232
70.0278,0.0523809
70.0305,0.0551709
70.0332,0.0586386
70.0372,0.0634339
70.0388,0.0693619
70.0421,0.075581
70.0457,0.0834237
70.0491,0.0901079
70.0516,0.0956491
70.0567,0.101284
70.0599,0.105747
70.0647,0.110452
70.0696,0.114353
70.0747,0.119429
70.0796,0.123546
70.0842,0.128787
70.0906,0.13437
70.0967,0.139605
70.1019,0.144291
70.1084,0.148805
70.1156,0.153468
70.1219,0.158195
70.1283,0.162216
70.1351,0.166411
70.1425,0.169579
70.1496,0.172461
70.1579,0.175736
70.1657,0.179027
70.1745,0.183847
70.1828,0.187113
70.1908,0.188296
70.1999,0.191405
70.2085,0.194009
70.2168,0.1968
70.2264,0.200279
70.2369,0.200551
70.2457,0.20193
70.2552,0.202754
70.2647,0.203467
70.2751,0.203918
70.2858,0.205032
70.2944,0.205865
70.3062,0.207082
70.3163,0.207465
70.3269,0.206518
70.3378,0.205857
70.3484,0.205387
70.3591,0.204551
70.3713,0.203814
70.3817,0.202591
70.394,0.201532
70.4042,0.200612
70.4164,0.196236
70.4277,0.194954
70.4396,0.193122
70.4519,0.191746
70.464,0.190065
70.4748,0.188594
70.4876,0.187413
70.4993,0.186214
70.5113,0.1848
70.5241,0.182926
70.5366,0.180992
70.5485,0.179031
70.5619,0.176656
70.5743,0.17377
70.5869,0.171003
70.599,0.168069
70.6118,0.164678
70.6254,0.160284
70.6376,0.15441
70.6504,0.149164
70.6637,0.143567
70.6766,0.139183
70.6908,0.134973
70.7034,0.131404
70.7155,0.128045
70.7291,0.124316
70.7429,0.120374
70.7559,0.116226
70.7695,0.110873
70.7824,0.106847
70.7962,0.103089
70.81,0.0995022
70.823,0.0971238
70.8373,0.0934702
70.8505,0.0900196
70.8649,0.0870061
70.878,0.083267
70.8924,0.0812217
70.9057,0.0783839
70.9203,0.0737807
70.9336,0.0711924
70.9479,0.068144
70.9607,0.0643801
70.9759,0.0613545
70.9897,0.058094
71.0042,0.0546546
71.0176,0.0502941
71.0327,0.0462126
71.0469,0.0439441
71.0612,0.0404974
71.0755,0.0364716
71.0904,0.0331695
71.1044,0.0307952
71.1196,0.0273031
71.1331,0.0245145
71.1486,0.0217507
71.1623,0.0196585
71.178,0.0170121
71.1926,0.0146487
71.2061,0.0115898
71.221,0.00938505
71.2364,0.00729693
71.251,0.00386309
71.2658,0.000734934
71.2813,-0.00301875
71.2954,-0.00642221
71.3103,-0.0100212
71.3255,-0.0127559
71.3398,-0.0150875
71.3552,-0.0169988
71.3708,-0.0206542
71.3857,-0.0221685
71.4001,-0.0247024
71.416,-0.0272794
71.4313,-0.0292615
71.446,-0.0313441
71.4612,-0.0352467
71.4772,-0.0376113
71.4922,-0.0398561
71.5065,-0.042108
71.5233,-0.0443502
71.538,-0.0474306
71.5527,-0.0496263
71.5684,-0.0520594
71.584,-0.0547221
71.5991,-0.0568919
71.615,-0.0587582
71.6307,-0.0614274
71.6444,-0.0642423
71.6614,-0.0658091
71.6761,-0.0692886
71.6918,-0.0713955
71.7076,-0.0737769
71.7232,-0.0755892
71.7386,-0.0765819
71.755,-0.0784216
71.7705,-0.0810588
71.7868,-0.0833237
71.8009,-0.085341
71.8168,-0.0872962
71.8329,-0.0897819
71.8492,-0.0932413
71.8643,-0.0947437
71.88,-0.0971705
71.8958,-0.098743
71.9114,-0.100165
71.9271,-0.101584
71.9434,-0.10358
71.9592,-0.106463
71.9755,-0.107765
71.9912,-0.110162
72.0059,-0.111096
72.0232,-0.113563
72.0388,-0.116118
72.055,-0.11747
72.0703,-0.118755
72.0865,-0.120193
72.1026,-0.122227
72.1191,-0.124017
72.134,-0.126429
72.1498,-0.128748
72.1668,-0.130535
72.1821,-0.132093
72.1974,-0.133929
72.215,-0.135198
72.2308,-0.136424
72.2465,-0.137694
72.2634,-0.138972
72.2791,-0.139652
72.2946,-0.140635
72.3104,-0.142066
72.3267,-0.143616
72.342,-0.144705
72.3581,-0.145654
72.3753,-0.146945
72.3914,-0.148981
72.4072,-0.150883
72.4238,-0.152644
72.4395,-0.154029
72.4553,-0.155801
72.4719,-0.157526
72.4875,-0.158266
72.5041,-0.158897
72.5206,-0.159833
72.5375,-0.161037
72.5533,-0.162432
72.5693,-0.164761
72.5853,-0.165739
72.6013,-0.166947
72.6176,-0.168237
72.6342,-0.169479
72.6511,-0.17104
72.6671,-0.171946
72.6828,-0.172934
72.6996,-0.17366
72.714,-0.174426
72.732,-0.17533
72.7475,-0.176509
72.7645,-0.177968
72.7801,-0.178729
72.7972,-0.17965
72.8137,-0.180551
72.8301,-0.182303
72.8466,-0.183418
72.8625,-0.184134
72.8782,-0.184687
72.8953,-0.185556
72.9119,-0.186996
72.9283,-0.187843
72.9439,-0.188538
72.961,-0.18919
72.9769,-0.189596
72.994,-0.190003
73.0095,-0.190834
73.0264,-0.191706
73.0426,-0.191956
73.0581,-0.192195
73.0751,-0.192622
73.0911,-0.193522
73.1074,-0.194384
73.1243,-0.195373
73.1402,-0.196611
73.1577,-0.19758
73.1737,-0.198569
73.1901,-0.199628
73.2064,-0.200476
73.2227,-0.200948
73.2391,-0.201478
73.2567,-0.201903
73.2726,-0.202178
73.2887,-0.202481
73.3046,-0.202831
73.3211,-0.203334
73.3372,-0.203784
73.3537,-0.204464
73.371,-0.205241
73.3862,-0.206068
73.4036,-0.206722
73.4206,-0.207352
73.4359,-0.207722
73.4529,-0.208263
73.4691,-0.208901
73.4855,-0.20954
73.5027,-0.210175
73.5187,-0.21099
73.5355,-0.211706
73.5516,-0.212301
73.5685,-0.212899
73.5856,-0.213227
73.602,-0.213567
73.6183,-0.213843
73.6345,-0.214211
73.6507,-0.214377
73.667,-0.214699
73.6833,-0.215144
73.7005,-0.215589
73.718,-0.215983
73.7335,-0.216412
73.7503,-0.216877
73.7669,-0.217168
73.7826,-0.217462
73.7993,-0.217716
73.8164,-0.218028
73.833,-0.218178
73.8497,-0.218377
73.8661,-0.21869
73.8823,-0.219005
73.8992,-0.219308
73.9152,-0.219533
73.9325,-0.219847
73.9486,-0.220149
73.9649,-0.220565
73.9809,-0.220871
73.9976,-0.221146
74.015,-0.221383
74.0304,-0.221663
74.0477,-0.221945
74.0641,-0.222259
74.0807,-0.222517
74.0976,-0.222787
74.1148,-0.223081
74.1301,-0.223364
74.1464,-0.223588
74.1639,-0.223944
74.1794,-0.224229
74.1961,-0.224469
74.2128,-0.22475
74.2295,-0.225052
74.2468,-0.225327
74.2626,-0.225575
74.2788,-0.22573
74.2947,-0.225885
74.3121,-0.226024
74.3293,-0.226169
74.3453,-0.226387
74.3617,-0.226669
74.3787,-0.226991
74.3947,-0.227295
74.4111,-0.227663
74.4281,-0.22805
74.4446,-0.228378
74.4613,-0.228564
74.4779,-0.228717
74.4944,-0.228837
74.5113,-0.228975
74.5275,-0.229167
74.5436,-0.229363
74.5617,-0.229598
74.5777,-0.229808
74.5943,-0.229981
74.6105,-0.230151
74.6272,-0.230293
74.6436,-0.230407
74.6605,-0.230497
74.6771,-0.230559
74.694,-0.230664
74.7108,-0.230789
74.7267,-0.23087
74.7436,-0.230956
74.7603,-0.231017
74.7765,-0.231066
74.793,-0.231116
74.8094,-0.231167
74.8259,-0.231222
74.8422,-0.231271
74.8596,-0.231323
74.8759,-0.231385
74.8927,-0.231502
74.9096,-0.231626
74.9254,-0.231745
74.9418,-0.231841
74.959,-0.231908
74.9759,-0.23197
74.9925,-0.232053
75.0094,-0.232121
75.025,-0.232182
75.0415,-0.232241
75.0597,-0.232305
75.0752,-0.232373
75.0921,-0.232494
75.1078,-0.232585
75.1249,-0.232662
75.1423,-0.232729
75.1585,-0.232798
75.1744,-0.23287
75.1912,-0.232942
75.2086,-0.233006
75.2253,-0.233068
75.2416,-0.233135
75.2577,-0.233204
75.2737,-0.233274
75.2903,-0.233346
75.3074,-0.233418
75.3243,-0.233516
75.3406,-0.233592
75.358,-0.233669
75.374,-0.233745
75.3914,-0.233825
75.4079,-0.233903
75.4235,-0.23398
75.4408,-0.234055
75.4576,-0.234126
75.4746,-0.234195
75.4903,-0.234266
75.5061,-0.234335
75.5237,-0.234398
75.5392,-0.234464
75.5567,-0.23453
75.573,-0.234603
75.5901,-0.234675
75.6059,-0.234745
75.6239,-0.234819
75.6394,-0.234895
75.6562,-0.234971
75.6732,-0.235044
75.6894,-0.235111
75.7057,-0.235176
75.7235,-0.235239
75.7399,-0.235305
75.7559,-0.235367
75.7723,-0.235433
75.7884,-0.235502
75.8052,-0.235569
75.8226,-0.235648
75.8389,-0.235729
75.8555,-0.235807
75.8729,-0.235881
75.8886,-0.235956
75.9055,-0.236031
75.9212,-0.236103
75.9381,-0.236172
75.9559,-0.236235
75.9723,-0.236298
75.9885,-0.236363
76.0052,-0.236433
76.0216,-0.236495
76.0375,-0.236553
76.0544,-0.236616
76.0716,-0.236689
76.0884,-0.236768
76.1045,-0.236862
76.1209,-0.23695
76.1377,-0.237031
76.1543,-0.237104
76.1711,-0.237179
76.1881,-0.237248
76.2046,-0.237317
76.2211,-0.237381
76.2383,-0.237434
76.2544,-0.237485
76.2716,-0.237537
76.2879,-0.237593
76.3036,-0.23765
76.3205,-0.237705
76.3375,-0.237758
76.3543,-0.237812
76.3711,-0.237865
76.3871,-0.237928
76.404,-0.237989
76.4211,-0.238053
76.4373,-0.238116
76.4536,-0.238181
76.4716,-0.23824
76.4876,-0.238295
76.5045,-0.238345
76.5206,-0.238401
76.5375,-0.23846
76.5534,-0.23852
76.57,-0.238577
76.5862,-0.238643
76.6038,-0.238717
76.6199,-0.238791
76.6374,-0.238865
76.6533,-0.238931
76.6713,-0.238988
76.6876,-0.239044
76.7038,-0.239096
76.721,-0.239156
76.7372,-0.23922
76.7528,-0.239275
76.7703,-0.239334
76.7866,-0.239388
76.8031,-0.239444
76.8203,-0.239501
76.8368,-0.239562
76.8533,-0.239624
76.8688,-0.239689
76.8858,-0.239747
76.9027,-0.239807
76.9193,-0.239868
76.9358,-0.239924
76.9522,-0.239986
76.9693,-0.240039
76.9859,-0.240094
77.0026,-0.240148
77.0186,-0.240208
77.0359,-0.240267
77.0521,-0.240328
77.0687,-0.240385
77.0856,-0.240438
77.1022,-0.240491
77.1194,-0.240536
77.1355,-0.240584
77.152,-0.240631
77.1689,-0.240673
77.1852,-0.24072
77.2014,-0.240769
77.2188,-0.24083
77.2354,-0.240884
77.2517,-0.240933
77.2686,-0.240984
77.2855,-0.241031
77.302,-0.241074
77.3185,-0.241125
77.3344,-0.241183
77.352,-0.241243
77.3681,-0.241301
77.3855,-0.241358
77.4017,-0.241424
77.4184,-0.241479
77.4351,-0.241526
77.4517,-0.241571
77.469,-0.241614
77.4854,-0.241655
77.5022,-0.241694
77.518,-0.241732
77.5347,-0.241772
77.5525,-0.241814
77.5688,-0.241856
77.5845,-0.241896
77.6011,-0.241938
77.6183,-0.241983
77.6349,-0.242024
77.6521,-0.242072
77.6672,-0.242119
77.6847,-0.242162
77.7013,-0.242201
77.7183,-0.242243
77.7341,-0.242285
77.7511,-0.242333
77.7669,-0.242378
77.7836,-0.242414
77.8006,-0.242455
77.817,-0.242498
77.8338,-0.242538
77.851,-0.242579
77.8668,-0.242615
77.8851,-0.242649
77.9005,-0.242685
77.9165,-0.242731
77.9339,-0.242774
77.9506,-0.242826
77.9675,-0.242863
77.984,-0.242902
78.0002,-0.242943
78.0171,-0.24298
78.0337,-0.243017
78.0501,-0.243052
78.0668,-0.24308
78.0836,-0.243106
78.1004,-0.243142
78.1169,-0.243178
78.1338,-0.24321
78.1496,-0.243239
78.1667,-0.243265
78.1843,-0.243293
78.2002,-0.243328
78.2172,-0.243367
78.2327,-0.243409
78.2498,-0.24345
78.2669,-0.243486
78.283,-0.243526
78.3003,-0.243557
78.3169,-0.243591
78.3334,-0.243621
78.3497,-0.243648
78.3669,-0.243671
78.3836,-0.243694
78.3997,-0.243718
78.4158,-0.243744
78.4333,-0.243772
78.4498,-0.243803
78.4659,-0.243835
78.4831,-0.243863
78.4995,-0.243889
78.516,-0.243913
78.5331,-0.243943
78.5497,-0.243966
78.5656,-0.243989
78.5826,-0.244021
78.5994,-0.244055
78.6156,-0.244091
78.6324,-0.24413
78.6501,-0.244167
78.6662,-0.244205
78.6823,-0.244249
78.6989,-0.244292
78.7156,-0.244325
78.7333,-0.244346
78.7493,-0.244362
78.7659,-0.244387
78.7823,-0.244409
78.7992,-0.244433
78.8156,-0.244457
78.8328,-0.244483
78.8496,-0.244509
78.866,-0.244537
78.8825,-0.244567
78.8999,-0.244595
78.9154,-0.24462
78.9324,-0.244638
78.9495,-0.244656
78.9653,-0.24467
78.9827,-0.244682
78.9992,-0.244698
79.0152,-0.244718
79.0317,-0.244743
79.0489,-0.244774
79.0658,-0.244801
79.0818,-0.244833
79.0996,-0.244868
79.1151,-0.244899
79.1323,-0.244925
79.1488,-0.244952
79.1657,-0.24497
79.1816,-0.244984
79.1988,-0.245001
79.2164,-0.245014
79.2325,-0.245025
79.2488,-0.245033
79.2656,-0.245045
79.2823,-0.245045
79.2995,-0.245047
79.315,-0.245056
79.3318,-0.24507
79.348,-0.245079
79.3642,-0.245085
79.3824,-0.245092
79.3988,-0.245103
79.4149,-0.245111
79.4319,-0.245134
79.4481,-0.245157
79.4643,-0.245177
79.4816,-0.245195
79.498,-0.245217
79.5146,-0.245242
79.5313,-0.245274
79.5485,-0.245311
79.5647,-0.245339
79.5813,-0.245365
79.5978,-0.245393
79.6148,-0.245421
79.6322,-0.245443
79.6477,-0.245463
79.665,-0.245477
79.682,-0.245485
79.6987,-0.245494
79.7152,-0.245509
79.732,-0.245523
79.7483,-0.245541
79.7648,-0.245561
79.7818,-0.24558
79.7985,-0.245595
79.8146,-0.245612
79.8317,-0.245625
79.8484,-0.245637
79.8646,-0.245643
79.8822,-0.245644
79.8977,-0.245654
79.9148,-0.245655
79.9313,-0.245663
79.9483,-0.245677
79.9647,-0.245693
79.9815,-0.245708
79.9974,-0.245727
80.0155,-0.245749
80.0311,-0.245771
80.0489,-0.245783
80.0647,-0.245787
80.0819,-0.245794
80.0986,-0.245793
80.1147,-0.245799
80.1304,-0.245809
80.1472,-0.245819
80.1647,-0.245831
80.1815,-0.245851
80.198,-0.245876
80.2148,-0.245896
80.2308,-0.245906
80.2474,-0.245919
80.2649,-0.245929
80.2814,-0.245941
80.2978,-0.245949
80.3141,-0.245959
80.3313,-0.245972
80.3481,-0.245986
80.3642,-0.245998
80.3802,-0.246018
80.3985,-0.246031
80.4156,-0.246048
80.4313,-0.246063
80.4475,-0.246076
80.4652,-0.246098
80.4817,-0.24611
80.4982,-0.246124
80.5146,-0.246136
80.5314,-0.246143
80.5479,-0.246152
80.5644,-0.24616
80.5803,-0.246164
80.5965,-0.24617
80.6142,-0.246176
80.6308,-0.246183
80.6476,-0.246195
80.6645,-0.24621
80.6812,-0.246233
80.6979,-0.246252
80.7141,-0.246261
80.7311,-0.246266
80.7472,-0.246271
80.7638,-0.246278
80.7808,-0.246282
80.7969,-0.246293
80.8136,-0.246304
80.8313,-0.246316
80.8475,-0.246334
80.8637,-0.24636
80.8811,-0.246388
80.8977,-0.246414
80.9145,-0.246436
80.9305,-0.246448
80.9481,-0.24646
80.9648,-0.246464
80.9808,-0.246467
80.9968,-0.246464
81.0133,-0.246467
81.0303,-0.246478
81.0474,-0.246495
81.0642,-0.246514
81.0797,-0.24654
81.0977,-0.246571
81.1141,-0.246597
81.1303,-0.246617
81.1474,-0.246631
81.1645,-0.246634
81.181,-0.24663
81.1968,-0.246625
81.214,-0.246621
81.2307,-0.246618
81.2476,-0.246619
81.2634,-0.246629
81.2808,-0.246645
81.297,-0.246654
81.3141,-0.246665
81.3307,-0.246677
81.3469,-0.246683
81.3647,-0.246686
81.3808,-0.24669
81.3969,-0.246693
81.4136,-0.246687
81.4306,-0.246686
81.4469,-0.246685
81.4632,-0.246693
81.4795,-0.246704
81.4966,-0.246713
81.513,-0.246713
81.5299,-0.246715
81.547,-0.246718
81.5633,-0.246725
81.5794,-0.246735
81.5953,-0.246744
81.6133,-0.246757
81.6289,-0.246767
81.6467,-0.246784
81.6626,-0.246795
81.6801,-0.246808
81.6969,-0.246814
81.7136,-0.246815
81.7298,-0.246818
81.7465,-0.246826
81.763,-0.246836
81.7795,-0.246849
81.7958,-0.24686
81.8129,-0.246878
81.8299,-0.246896
81.8463,-0.246909
81.8638,-0.246918
81.8804,-0.246919
81.897,-0.246916
81.9131,-0.24691
81.9302,-0.2469
81.9465,-0.246894
81.9627,-0.246894
81.98,-0.246896
81.9964,-0.246899
82.0128,-0.246904
82.0298,-0.246915
82.0463,-0.246916
82.0632,-0.246908
82.0796,-0.246904
82.0958,-0.246903
82.1122,-0.246893
82.1294,-0.246878
82.1457,-0.246868
82.1631,-0.246863
82.1797,-0.246862
82.1961,-0.246862
82.2132,-0.24686
82.2302,-0.246854
82.2461,-0.246848
82.2631,-0.246844
82.2786,-0.246846
82.2964,-0.246853
82.3129,-0.246854
82.3298,-0.246855
82.3459,-0.246859
82.3638,-0.24686
82.3803,-0.246856
82.3962,-0.24685
82.4131,-0.246846
82.4305,-0.246845
82.446,-0.24684
82.4624,-0.246835
82.4797,-0.246832
82.496,-0.246826
82.5136,-0.246823
82.5299,-0.246821
82.5473,-0.246813
82.5636,-0.246812
82.5795,-0.246819
82.5961,-0.246819
82.6132,-0.246833
82.6297,-0.246847
82.6468,-0.246862
82.6636,-0.246872
82.6802,-0.246883
82.6973,-0.246891
82.7134,-0.246891
82.73,-0.246879
82.7466,-0.24687
82.7636,-0.246861
82.7797,-0.246852
82.7961,-0.246856
82.8129,-0.246864
82.8302,-0.246879
82.8471,-0.246889
82.8631,-0.246898
82.8798,-0.246905
82.8975,-0.246905
82.9135,-0.246896
82.9307,-0.246888
82.9471,-0.246876
82.9637,-0.246874
82.9801,-0.246882
82.9966,-0.24689
83.014,-0.246902
83.0304,-0.246915
83.0467,-0.246928
83.0639,-0.246938
83.0801,-0.246939
83.0969,-0.246933
83.1133,-0.246923
83.1296,-0.246912
83.1468,-0.246904
83.1629,-0.246901
83.1795,-0.246894
83.1968,-0.24689
83.213,-0.246886
83.23,-0.24688
83.247,-0.24688
83.2631,-0.246882
83.2797,-0.246884
83.2962,-0.24688
83.3131,-0.246885
83.3298,-0.246891
83.347,-0.246891
83.3633,-0.246898
83.3794,-0.246909
83.3971,-0.246917
83.4135,-0.246929
83.4295,-0.246938
83.4472,-0.246942
83.4637,-0.246941
83.4793,-0.24694
83.497,-0.246947
83.5135,-0.246947
83.5295,-0.246948
83.5471,-0.24694
83.5638,-0.246935
83.5795,-0.246932
83.5962,-0.246947
83.6127,-0.246958
83.6296,-0.246964
83.6464,-0.246977
83.6633,-0.246993
83.6805,-0.247012
83.6966,-0.247022
83.7138,-0.247029
83.7301,-0.247027
83.7465,-0.247027
83.7629,-0.247023
83.7794,-0.247022
83.796,-0.247019
83.8127,-0.247017
83.8303,-0.247017
83.8461,-0.247023
83.8624,-0.247025
83.8797,-0.247032
83.8968,-0.247031
83.9129,-0.247036
83.9293,-0.247042
83.9462,-0.247046
83.9625,-0.247042
83.979,-0.247045
83.9964,-0.247051
84.0125,-0.247051
84.0296,-0.247054
84.0464,-0.247062
84.0639,-0.247067
84.0804,-0.247076
84.0956,-0.247081
84.1127,-0.247083
84.1296,-0.247083
84.1461,-0.247081
84.1629,-0.247082
84.1794,-0.247086
84.1962,-0.247085
84.2129,-0.247076
84.2294,-0.247072
84.2458,-0.247061
84.2635,-0.247057
84.2801,-0.247057
84.2967,-0.24706
84.3133,-0.247068
84.33,-0.247072
84.3461,-0.247075
84.3631,-0.24707
84.3802,-0.247071
84.3968,-0.247071
84.4126,-0.247075
84.4296,-0.247076
84.4458,-0.247076
84.4631,-0.247069
84.4793,-0.247061
84.4963,-0.247057
84.5135,-0.247056
84.5295,-0.247053
84.5463,-0.247041
84.5627,-0.247031
84.5799,-0.247024
84.5964,-0.247024
84.6132,-0.247028
84.6291,-0.247043
84.6466,-0.247048
84.6632,-0.247052
84.68,-0.24706
84.6962,-0.247063
84.7134,-0.247062
84.7297,-0.247049
84.7458,-0.247029
84.7635,-0.247013
84.7798,-0.247001
84.7958,-0.247003
84.8126,-0.247006
84.8286,-0.247013
84.8465,-0.247013
84.8634,-0.247012
84.8801,-0.247011
84.8956,-0.247013
84.9128,-0.24701
84.9291,-0.247003
84.947,-0.246997
84.9625,-0.247001
84.9793,-0.247003
84.996,-0.247007
85.0131,-0.247015
85.0293,-0.247019
85.0476,-0.247018
85.0628,-0.247015
85.0796,-0.247017
85.0964,-0.247017
85.1125,-0.247018
85.1302,-0.24701
85.1469,-0.247005
85.1635,-0.247004
85.1794,-0.246999
85.1971,-0.246994
85.2131,-0.246987
85.2291,-0.246977
85.2463,-0.246977
85.263,-0.24698
85.2798,-0.246981
85.2968,-0.247001
85.313,-0.247017
85.3298,-0.247026
85.3466,-0.247037
85.3627,-0.24704
85.3803,-0.247033
85.3966,-0.247023
85.4131,-0.247011
85.43,-0.246998
85.4466,-0.246989
85.4628,-0.246986
85.4798,-0.24699
85.4959,-0.246997
85.5129,-0.247002
85.5301,-0.247005
85.5456,-0.247008
85.5638,-0.247007
85.5799,-0.247004
85.5963,-0.246999
85.6128,-0.246989
85.6305,-0.246981
85.6466,-0.246966
85.663,-0.246948
85.6802,-0.246929
85.6964,-0.246911
85.7129,-0.246897
85.7303,-0.246885
85.7462,-0.246881
85.7632,-0.246886
85.7794,-0.246894
85.7966,-0.246906
85.8132,-0.246922
85.8292,-0.246943
85.8465,-0.246964
85.8639,-0.246978
85.8809,-0.246989
85.8976,-0.246999
85.9138,-0.247005
85.9308,-0.247012
85.9475,-0.247015
85.9638,-0.247012
85.9805,-0.247001
85.9974,-0.24699
86.0137,-0.246981
86.0303,-0.246979
86.0456,-0.246976
86.0631,-0.24697
86.0798,-0.246969
86.0967,-0.246966
86.1127,-0.246969
86.1293,-0.246973
86.146,-0.246977
86.1626,-0.246976
86.1796,-0.246977
86.1963,-0.246974
86.2133,-0.246979
86.2304,-0.246987
86.2464,-0.246992
86.2633,-0.246997
86.2794,-0.247
86.2968,-0.246998
86.3137,-0.247003
86.3299,-0.247008
86.3468,-0.247015
86.3634,-0.247024
86.38,-0.247023
86.3966,-0.247026
86.4124,-0.247031
86.4296,-0.247033
86.4465,-0.247035
86.4636,-0.247039
86.4805,-0.247044
86.4968,-0.247047
86.5139,-0.247047
86.5302,-0.247043
86.5469,-0.247037
86.564,-0.24703
86.5801,-0.247021
86.5962,-0.247003
86.6129,-0.24699
86.6288,-0.246985
86.6464,-0.246982
86.6634,-0.246986
86.6795,-0.246986
86.6969,-0.246987
86.7133,-0.246997
86.73,-0.246999
86.7463,-0.247007
86.7632,-0.24701
86.7801,-0.247006
86.7961,-0.246998
86.8133,-0.246996
86.8297,-0.246999
86.8458,-0.247003
86.8634,-0.247015
86.8797,-0.247034
86.8967,-0.247054
86.9128,-0.247075
86.9299,-0.247097
86.9469,-0.247111
86.9636,-0.247117
86.9797,-0.247117
86.9962,-0.247114
87.0135,-0.247103
87.0302,-0.247098
87.0471,-0.247095
87.0642,-0.247098
87.0804,-0.247101
87.097,-0.247109
87.114,-0.247116
87.1298,-0.247119
87.1465,-0.24712
87.1641,-0.247126
87.1805,-0.24713
87.1971,-0.24713
87.2137,-0.247132
87.2304,-0.247134
87.2471,-0.247133
87.2645,-0.247126
87.2807,-0.247115
87.2974,-0.247107
87.3141,-0.247098
87.3306,-0.247085
87.3472,-0.247071
87.363,-0.247063
87.3805,-0.24706
87.3978,-0.247065
87.4142,-0.247073
87.4305,-0.247084
87.4473,-0.247095
87.4634,-0.247099
87.4806,-0.247102
87.497,-0.247113
87.5139,-0.247115
87.53,-0.247115
87.5471,-0.247108
87.5638,-0.247099
87.5808,-0.247092
87.5971,-0.247081
87.6141,-0.24707
87.631,-0.247062
87.6477,-0.247061
87.6641,-0.247059
87.6802,-0.247062
87.6976,-0.247077
87.7141,-0.247089
87.7301,-0.247095
87.7472,-0.24709
87.7641,-0.247086
87.781,-0.24708
87.7972,-0.24708
87.8144,-0.247078
87.8306,-0.247073
87.8469,-0.24707
87.8642,-0.247068
87.8809,-0.247068
87.897,-0.247067
87.9136,-0.24706
87.9309,-0.247053
87.9477,-0.247051
87.9632,-0.247061
87.9807,-0.247067
87.9972,-0.247073
88.0139,-0.24708
88.0321,-0.24709
88.0478,-0.247095
88.0651,-0.247095
88.0811,-0.247094
88.098,-0.247085
88.1146,-0.247071
88.1308,-0.247058
88.1479,-0.247051
88.1646,-0.247048
88.1809,-0.247046
88.1973,-0.247049
88.2143,-0.247057
88.2309,-0.247064
88.2475,-0.247065
88.2643,-0.247064
88.2805,-0.247065
88.2973,-0.247059
88.3147,-0.247056
88.3303,-0.247052
88.347,-0.247047
88.364,-0.247045
88.3806,-0.247043
88.3977,-0.247048
88.4141,-0.247055
88.4317,-0.247064
88.4473,-0.247069
88.4644,-0.247074
88.4813,-0.247073
88.4968,-0.247075
88.5141,-0.247082
88.5307,-0.247089
88.5474,-0.247094
88.5639,-0.2471
88.5813,-0.247113
88.598,-0.247123
88.6143,-0.247132
88.631,-0.247136
88.6473,-0.24714
88.6648,-0.247149
88.6805,-0.247147
88.6976,-0.247147
88.714,-0.247141
88.7306,-0.247139
88.7478,-0.24714
88.7639,-0.247147
88.7811,-0.247154
88.7977,-0.24716
88.8138,-0.247165
88.832,-0.24718
88.8479,-0.247192
88.8646,-0.247199
88.8807,-0.247209
88.8979,-0.247207
88.9146,-0.247198
88.9304,-0.247193
88.9483,-0.24718
88.9642,-0.24717
88.9812,-0.24717
88.9972,-0.247174
89.0146,-0.247177
89.0307,-0.247181
89.0482,-0.247191
89.0656,-0.247207
89.0813,-0.247224
89.0977,-0.247235
89.1148,-0.247246
89.131,-0.247247
89.1481,-0.247251
89.1642,-0.24726
89.1816,-0.247268
89.1985,-0.247275
89.2152,-0.247277
89.2314,-0.247274
89.2481,-0.247266
89.2644,-0.247252
89.2816,-0.24724
89.2972,-0.247229
89.3145,-0.247222
89.3314,-0.247223
89.3482,-0.24723
89.3645,-0.247234
89.3815,-0.247242
89.3981,-0.247245
89.4147,-0.24725
89.4313,-0.247247
89.4475,-0.247245
89.4639,-0.247245
89.4809,-0.247251
89.498,-0.247251
89.5138,-0.247258
89.5313,-0.247261
89.5485,-0.247268
89.5645,-0.247277
89.5812,-0.247283
89.5974,-0.247293
89.6143,-0.247301
89.6316,-0.247306
89.6476,-0.247314
89.6649,-0.247323
89.6816,-0.247328
89.6978,-0.247336
89.7145,-0.247339
89.7322,-0.247333
89.7479,-0.247323
89.7638,-0.247323
89.7812,-0.247325
89.7973,-0.247325
89.8138,-0.247329
89.8307,-0.247331
89.8485,-0.247336
89.8645,-0.247335
89.8812,-0.247345
89.8973,-0.247356
89.9138,-0.247358
89.9316,-0.247354
89.9468,-0.247352
89.9649,-0.247351
89.9811,-0.247354
89.9975,-0.247366
90.0147,-0.24737
90.0322,-0.247374
90.0482,-0.247367
90.065,-0.247367
90.0811,-0.24737
90.0974,-0.247374
90.1141,-0.247377
90.1315,-0.247384
90.1485,-0.247384
90.1645,-0.247387
90.1818,-0.247392
90.1981,-0.247393
90.2148,-0.247385
90.2311,-0.24738
90.2483,-0.247377
90.2641,-0.247365
90.2818,-0.247365
90.298,-0.247366
90.3155,-0.247374
90.3317,-0.247381
90.3475,-0.247393
90.3647,-0.247398
90.3815,-0.247406
90.3983,-0.247407
90.4156,-0.247408
90.4319,-0.247404
90.4481,-0.247397
90.4647,-0.247383
90.4811,-0.247376
90.4975,-0.247369
90.5149,-0.247368
90.5315,-0.24737
90.5486,-0.247374
90.5654,-0.247381
90.5823,-0.247396
90.5981,-0.247413
90.6153,-0.247422
90.632,-0.24743
90.6486,-0.247434
90.6647,-0.247434
90.682,-0.247432
90.6985,-0.247431
90.7146,-0.247432
90.7316,-0.247434
90.7477,-0.247436
90.7646,-0.247434
90.7818,-0.247443
90.7983,-0.247449
90.815,-0.247454
90.8321,-0.24745
90.8474,-0.247448
90.8651,-0.247446
90.8815,-0.247446
90.8981,-0.24744
90.9145,-0.247441
90.9308,-0.247454
90.948,-0.247461
90.9646,-0.24747
90.9818,-0.247483
90.9979,-0.247494
91.0155,-0.247495
91.031,-0.247495
91.0487,-0.247494
91.065,-0.247499
91.0814,-0.247506
91.0984,-0.24751
91.1152,-0.247517
91.1314,-0.247522
91.1489,-0.247531
91.1652,-0.247547
91.1812,-0.247559
91.1985,-0.24757
91.2151,-0.247563
91.2324,-0.24755
91.2487,-0.247541
91.2651,-0.247531
91.2818,-0.247525
91.298,-0.247521
91.3153,-0.247515
91.3318,-0.247517
91.3478,-0.247521
91.3651,-0.247531
91.3821,-0.247542
91.3988,-0.247554
91.415,-0.247558
91.4306,-0.247562
91.4487,-0.247557
91.4648,-0.247551
91.4819,-0.247545
91.4985,-0.247539
91.5158,-0.247527
91.5316,-0.247519
91.5489,-0.247518
91.5646,-0.247519
91.5817,-0.247523
91.5985,-0.24753
91.6158,-0.247539
91.633,-0.247549
91.6482,-0.247554
91.6653,-0.247555
91.682,-0.247555
91.6982,-0.247554
91.7153,-0.247555
91.7317,-0.247554
91.749,-0.247563
91.7652,-0.24757
91.7825,-0.247579
91.7985,-0.247581
91.8151,-0.247579
91.8325,-0.247577
91.8492,-0.247581
91.8655,-0.247594
91.8821,-0.247606
91.8989,-0.247614
91.915,-0.247622
91.9319,-0.247632
91.949,-0.247643
91.965,-0.247649
91.982,-0.247646
91.9988,-0.247643
92.0156,-0.247639
92.0327,-0.247639
92.0487,-0.247646
92.0653,-0.247655
92.0829,-0.247661
92.099,-0.24767
92.1161,-0.24768
92.1326,-0.247688
92.1492,-0.247693
92.1668,-0.2477
92.1829,-0.247703
92.1997,-0.247704
92.2164,-0.247696
92.2322,-0.247683
92.2495,-0.247675
92.2658,-0.247674
92.2831,-0.24768
92.2988,-0.247696
92.316,-0.247713
92.3332,-0.247727
92.3494,-0.247746
92.3655,-0.247763
92.3826,-0.24778
92.3994,-0.247792
92.4159,-0.247797
92.4326,-0.247802
92.4494,-0.24781
92.4651,-0.247817
92.4826,-0.247826
92.4988,-0.24783
92.5161,-0.247835
92.5323,-0.247835
92.5492,-0.247842
92.566,-0.247843
92.5817,-0.247852
92.5991,-0.247863
92.6146,-0.247873
92.6325,-0.247879
92.6486,-0.247885
92.6655,-0.247895
92.6828,-0.247897
92.6987,-0.247906
92.7148,-0.247904
92.7329,-0.247909
92.7495,-0.247918
92.7648,-0.247924
92.7825,-0.247934
92.7975,-0.247937
92.8162,-0.247934
92.8325,-0.247937
92.8485,-0.247935
92.8649,-0.247938
92.8831,-0.24794
92.8993,-0.247939
92.9153,-0.247935
92.9319,-0.247927
92.9488,-0.247918
92.9655,-0.247912
92.9824,-0.247908
92.9981,-0.247907
93.0155,-0.247909
93.0329,-0.247913
93.0496,-0.247917
93.066,-0.247925
93.0829,-0.24793
93.0993,-0.247935
93.1158,-0.247938
93.1319,-0.247938
93.1495,-0.247933
93.1662,-0.247922
93.1823,-0.247915
93.1991,-0.247916
93.2159,-0.247919
93.233,-0.247916
93.2486,-0.247914
93.266,-0.247915
93.2819,-0.247921
93.2993,-0.247927
93.3153,-0.247923
93.3311,-0.247919
93.3481,-0.247915
93.3664,-0.24792
93.3826,-0.247927
93.3989,-0.247934
93.4154,-0.247943
93.4326,-0.24795
93.449,-0.24796
93.4656,-0.247978
93.4819,-0.247998
93.4991,-0.248017
93.5152,-0.248035
93.533,-0.248054
93.5499,-0.248073
93.5666,-0.248087
93.5835,-0.248094
93.6,-0.248099
93.6164,-0.248085
93.6327,-0.248077
93.6502,-0.248074
93.6675,-0.248077
93.6829,-0.248088
93.6986,-0.248093
93.7169,-0.248095
93.7337,-0.248096
93.7504,-0.248099
93.7673,-0.248095
93.7834,-0.248087
93.7996,-0.248074
93.816,-0.248067
93.8331,-0.248061
93.8496,-0.248059
93.8659,-0.24806
93.883,-0.248064
93.8995,-0.24807
93.9164,-0.248078
93.9329,-0.248092
93.9488,-0.248108
93.9668,-0.24812
93.9836,-0.248128
94.0003,-0.248137
94.0166,-0.248147
94.0337,-0.248152
94.0497,-0.248157
94.0671,-0.248165
94.0833,-0.248177
94.1,-0.24819
94.117,-0.24821
94.1341,-0.248223
94.1506,-0.248233
94.1669,-0.248239
94.1833,-0.248241
94.2006,-0.248241
94.2167,-0.248245
94.2334,-0.248247
94.2493,-0.248259
94.2674,-0.24827
94.2834,-0.248279
94.3006,-0.248288
94.3173,-0.248294
94.3343,-0.248293
94.3506,-0.24828
94.3674,-0.24827
94.3831,-0.248254
94.4003,-0.248243
94.4162,-0.248236
94.433,-0.24823
94.45,-0.248231
94.4664,-0.248244
94.4836,-0.248262
94.5001,-0.248278
94.5158,-0.248292
94.5337,-0.248307
94.5512,-0.248322
94.5677,-0.248333
94.5836,-0.248345
94.6011,-0.248363
94.6171,-0.24837
94.6347,-0.24838
94.6497,-0.248386
94.6675,-0.248398
94.6837,-0.24841
94.6993,-0.248421
94.7176,-0.248436
94.7337,-0.248449
94.7504,-0.248449
94.7673,-0.248459
94.7837,-0.248464
94.801,-0.248467
94.8176,-0.248466
94.8335,-0.248462
94.8505,-0.248455
94.8668,-0.248449
94.8832,-0.248447
94.9,-0.248451
94.9176,-0.248458
94.9341,-0.248465
94.9506,-0.248472
94.9678,-0.248478
94.984,-0.248487
95.0008,-0.248499
95.0171,-0.248504
95.034,-0.248499
95.0513,-0.248496
95.0678,-0.248503
95.0846,-0.248505
95.1004,-0.24851
95.1169,-0.248513
95.1345,-0.248519
95.1517,-0.248531
95.1666,-0.248548
95.1837,-0.248562
95.2009,-0.248575
95.2177,-0.248586
95.2352,-0.248595
95.2513,-0.248606
95.2671,-0.248601
95.2843,-0.248593
95.3005,-0.248587
95.3184,-0.248587
95.3347,-0.248596
95.3508,-0.248606
95.3679,-0.248615
95.3849,-0.248623
95.401,-0.248629
95.4178,-0.248635
95.4346,-0.248643
95.4501,-0.248645
95.4683,-0.248648
95.4838,-0.248649
95.5005,-0.248654
95.5173,-0.248661
95.5345,-0.248668
95.5512,-0.248677
95.5684,-0.248684
95.5841,-0.248685
95.6014,-0.248687
95.6184,-0.248686
95.6344,-0.24869
95.6512,-0.248688
95.6677,-0.248692
95.6844,-0.248691
95.7006,-0.248699
95.718,-0.248711
95.7344,-0.248727
95.7508,-0.248745
95.7682,-0.248754
95.7844,-0.248764
95.8016,-0.248776
95.818,-0.24879
95.8345,-0.248807
95.8506,-0.248821
95.8686,-0.248839
95.8853,-0.248852
95.9016,-0.248858
95.9185,-0.248864
95.935,-0.248875
95.9516,-0.248877
95.9676,-0.248878
95.9842,-0.248877
96.0014,-0.248881
96.0183,-0.248884
96.0347,-0.248892
96.0512,-0.248905
96.0678,-0.248916
96.0856,-0.248925
96.1014,-0.248935
96.1183,-0.248939
96.135,-0.248945
96.1523,-0.248958
96.1682,-0.248963
96.1844,-0.24897
96.201,-0.248982
96.219,-0.248985
96.2352,-0.248987
96.2519,-0.248991
96.2681,-0.249006
96.2855,-0.249026
96.3017,-0.249044
96.3187,-0.249053
96.3347,-0.249067
96.3522,-0.249081
96.369,-0.249088
96.3851,-0.249093
96.4023,-0.249097
96.4187,-0.249098
96.4349,-0.249092
96.4524,-0.249093
96.4678,-0.249098
96.4851,-0.249102
96.5019,-0.249106
96.5182,-0.249113
96.5355,-0.249118
96.5518,-0.249124
96.5689,-0.249128
96.5857,-0.249134
96.6015,-0.249139
96.6177,-0.249136
96.6348,-0.249137
96.6518,-0.249136
96.6688,-0.249138
96.6853,-0.249152
96.7017,-0.24917
96.7192,-0.249188
96.735,-0.249201
96.7525,-0.249216
96.769,-0.249233
96.7852,-0.249249
96.8011,-0.249254
96.8183,-0.249257
96.8349,-0.249256
96.8519,-0.249266
96.8689,-0.249283
96.8848,-0.2493
96.9024,-0.249312
96.919,-0.249324
96.9352,-0.249334
96.9522,-0.249339
96.9683,-0.249349
96.9852,-0.249354
97.0026,-0.249354
97.0187,-0.249356
97.0351,-0.249369
97.0526,-0.249385
97.0684,-0.249396
97.0859,-0.249407
97.1022,-0.249418
97.1197,-0.249428
97.1363,-0.249431
97.1521,-0.249431
97.1689,-0.249427
97.1858,-0.249423
97.2025,-0.249425
97.2189,-0.249432
97.2358,-0.249439
97.2528,-0.249446
97.2689,-0.249457
97.2854,-0.249467
97.3026,-0.249476
97.3189,-0.249484
97.3365,-0.249488
97.353,-0.249487
97.3702,-0.249484
97.3864,-0.249484
97.4024,-0.249483
97.4193,-0.249477
97.4354,-0.249476
97.4528,-0.249478
97.4689,-0.249476
97.4851,-0.249478
97.5025,-0.249484
97.5192,-0.249498
97.5357,-0.249511
97.5519,-0.249525
97.5691,-0.249545
97.5855,-0.249559
97.6032,-0.249576
97.6191,-0.249594
97.6354,-0.24962
97.6518,-0.249637
97.6691,-0.249649
97.6857,-0.24965
97.7018,-0.249655
97.719,-0.249652
97.735,-0.249645
97.7522,-0.249643
97.7691,-0.249637
97.7858,-0.249638
97.802,-0.249639
97.8197,-0.249647
97.8356,-0.249657
97.8518,-0.249673
97.8693,-0.249682
97.8865,-0.249688
97.9033,-0.249686
97.9193,-0.249683
97.9367,-0.249682
97.952,-0.249675
97.9692,-0.249672
97.9864,-0.249681
98.0022,-0.249688
98.0189,-0.2497
98.0351,-0.249719
98.0534,-0.249729
98.0692,-0.249735
98.0856,-0.249745
98.103,-0.249749
98.119,-0.249758
98.1358,-0.249769
98.1528,-0.24978
98.169,-0.2498
98.1857,-0.249821
98.203,-0.249839
98.2201,-0.249861
98.2362,-0.249875
98.2525,-0.249889
98.2692,-0.249898
98.2864,-0.249905
98.3031,-0.249903
98.3194,-0.249897
98.3369,-0.249896
98.3534,-0.249902
98.3694,-0.24991
98.3858,-0.249912
98.4026,-0.249916
98.4199,-0.249922
98.4357,-0.249934
98.4529,-0.249953
98.4694,-0.24997
98.4863,-0.249982
98.5027,-0.249989
98.5195,-0.249996
98.5369,-0.250002
98.5531,-0.250005
98.5687,-0.250009
98.5857,-0.250018
98.6032,-0.250025
98.6196,-0.250036
98.6355,-0.250051
98.6525,-0.250066
98.6691,-0.250085
98.6864,-0.250105
98.7039,-0.250124
98.7202,-0.250146
98.7371,-0.250166
98.7528,-0.250183
98.7701,-0.250188
98.7855,-0.25019
98.803,-0.250188
98.8199,-0.250187
98.837,-0.250183
98.8531,-0.250185
98.8696,-0.250194
98.8864,-0.250204
98.9033,-0.250222
98.9197,-0.250248
98.9362,-0.250271
98.9527,-0.250291
98.9704,-0.250309
98.9866,-0.250313
99.0031,-0.250315
99.0196,-0.250318
99.0366,-0.250325
99.0533,-0.250327
99.0696,-0.250335
99.0861,-0.250346
99.1032,-0.25036
99.1196,-0.250372
99.1362,-0.250395
99.1531,-0.250411
99.1702,-0.250424
99.1862,-0.250429
99.204,-0.250425
99.2208,-0.25043
99.2364,-0.250435
99.2533,-0.250441
99.2699,-0.25045
99.286,-0.25045
99.3027,-0.250454
99.3197,-0.250461
99.3365,-0.250468
99.3532,-0.250476
99.3704,-0.250485
99.3867,-0.25049
99.4035,-0.250495
99.42,-0.250505
99.4365,-0.25051
99.4535,-0.250509
99.4702,-0.250506
99.4866,-0.250505
99.5032,-0.250508
99.5203,-0.250511
99.5367,-0.250517
99.5537,-0.250527
99.5702,-0.250538
99.5864,-0.250553
99.6036,-0.250564
99.6208,-0.250574
99.637,-0.250585
99.6537,-0.250593
99.67,-0.250604
99.6863,-0.250611
99.703,-0.25062
99.7198,-0.250629
99.7358,-0.250635
99.7538,-0.250638
99.7701,-0.250651
99.7861,-0.250668
99.8028,-0.250686
99.8191,-0.250696
99.8364,-0.250706
99.8532,-0.250715
99.8701,-0.250725
99.8869,-0.250727
99.9032,-0.250733
99.9203,-0.25074
99.9362,-0.250744
99.9531,-0.250748
99.9692,-0.250753
99.9866,-0.250763
100.0033,-0.250764
100.0197,-0.250773
100.0357,-0.250791
100.053,-0.250803
100.0702,-0.250809
100.0863,-0.250822
100.1036,-0.250825
100.1203,-0.250815
100.1362,-0.250799
100.1535,-0.250791
100.17,-0.250785
100.1861,-0.250776
100.2029,-0.250772
100.2202,-0.25078
100.2366,-0.250785
100.2536,-0.250788
100.2703,-0.250796
100.287,-0.250805
100.3036,-0.250818
100.3198,-0.250824
100.3358,-0.250837
100.353,-0.250856
100.37,-0.250878
100.3877,-0.250895
100.4034,-0.250907
100.4207,-0.250912
100.4369,-0.250911
100.4534,-0.250905
100.4706,-0.250897
100.4868,-0.250894
100.5031,-0.250895
100.5205,-0.250901
100.5365,-0.250909
100.5538,-0.250925
100.5699,-0.250933
100.5866,-0.250948
100.6036,-0.250959
100.6189,-0.250966
100.6375,-0.25097
100.6537,-0.250973
100.6706,-0.250983
100.6869,-0.250995
100.7033,-0.251012
100.7199,-0.25103
100.7368,-0.251051
100.7538,-0.251066
100.7712,-0.251081
100.7866,-0.251091
100.8044,-0.251091
100.8201,-0.251085
100.8367,-0.251073
100.8531,-0.251066
100.8704,-0.251061
100.8867,-0.251055
100.9038,-0.251051
100.9208,-0.251049
100.9364,-0.251055
100.9534,-0.251063
100.9701,-0.251074
100.9857,-0.251088
101.0029,-0.251108
101.0211,-0.25113
101.0367,-0.251153
101.054,-0.251174
101.0697,-0.251196
101.0869,-0.251217
101.1033,-0.251225
101.1204,-0.251229
101.1378,-0.251233
101.1535,-0.251233
101.1696,-0.251237
101.187,-0.251245
101.2029,-0.251251
101.2207,-0.251254
101.2371,-0.251264
101.2528,-0.251276
101.2698,-0.251289
101.286,-0.251299
101.3033,-0.251307
101.3197,-0.25131
101.3363,-0.251312
101.3533,-0.251313
101.3689,-0.251315
101.3862,-0.25131
101.403,-0.251311
101.419,-0.251313
101.4364,-0.251325
101.4534,-0.251342
101.4698,-0.251359
101.487,-0.251371
101.5026,-0.251386
101.5203,-0.251402
101.5364,-0.251413
101.5536,-0.251419
101.5702,-0.25143
101.5864,-0.25144
101.6031,-0.251449
101.6197,-0.251456
101.6358,-0.251462
101.6539,-0.251473
101.6696,-0.251478
101.6859,-0.25149
101.7032,-0.251496
101.7196,-0.251502
101.7365,-0.251505
101.753,-0.251513
101.77,-0.251522
101.7862,-0.251533
101.8028,-0.251543
101.8194,-0.251546
101.8362,-0.251554
101.8526,-0.251561
101.869,-0.251572
101.8866,-0.251582
101.9028,-0.251592
101.9197,-0.251603
101.9367,-0.251616
101.9529,-0.251623
101.9696,-0.251631
101.986,-0.251636
102.0026,-0.25164
102.0192,-0.251641
102.0362,-0.251644
102.0525,-0.251646
102.0689,-0.251658
102.0863,-0.251676
102.1029,-0.251698
102.1192,-0.251723
102.1359,-0.251752
102.1533,-0.25177
102.1702,-0.25178
102.1866,-0.251788
102.2037,-0.251799
102.2202,-0.251795
102.2362,-0.251781
102.2529,-0.251763
102.2704,-0.251751
102.2854,-0.251741
102.3027,-0.251736
102.3197,-0.251738
102.336,-0.251739
102.3526,-0.251743
102.3689,-0.251752
102.3862,-0.251769
102.4027,-0.251792
102.4196,-0.251809
102.4361,-0.251828
102.4539,-0.25185
102.4698,-0.251865
102.4864,-0.251876
102.5031,-0.251888
102.5195,-0.251897
102.5366,-0.251905
102.5532,-0.251911
102.5705,-0.251919
102.587,-0.251923
102.6033,-0.251925
102.6202,-0.251933
102.6368,-0.251945
102.6527,-0.251962
102.6701,-0.251969
102.6856,-0.251982
102.703,-0.251994
102.7204,-0.252008
102.7368,-0.252023
102.7527,-0.252033
102.7705,-0.252038
102.7863,-0.252041
102.8032,-0.252044
102.8196,-0.252045
102.8363,-0.252048
102.8528,-0.252045
102.8691,-0.252049
102.8864,-0.252048
102.9026,-0.252054
102.92,-0.252067
102.9362,-0.252079
102.9535,-0.25209
102.9694,-0.252098
102.9861,-0.25211
103.0028,-0.252124
103.0205,-0.252136
103.0369,-0.252149
103.0526,-0.252164
103.0703,-0.252179
103.0875,-0.252188
103.1031,-0.252193
103.1205,-0.252197
103.1367,-0.252203
103.1527,-0.25221
103.1694,-0.252216
103.1865,-0.252218
103.2031,-0.252226
103.2205,-0.252237
103.2369,-0.25225
103.2529,-0.252264
103.2705,-0.252268
103.2872,-0.252269
103.3034,-0.252268
103.3198,-0.252264
103.3369,-0.252263
103.3529,-0.252268
103.3707,-0.252272
103.3867,-0.252279
103.4034,-0.252292
103.4196,-0.252308
103.4365,-0.252322
103.4528,-0.252329
103.4702,-0.252337
103.4868,-0.252341
103.5034,-0.252339
103.5191,-0.25234
103.5366,-0.252345
103.5533,-0.25235
103.5697,-0.252361
103.5865,-0.252367
103.6039,-0.25238
103.6208,-0.252389
103.6366,-0.252402
103.6533,-0.252412
103.6694,-0.252419
103.6863,-0.252425
103.7032,-0.252433
103.7207,-0.252445
103.7367,-0.252456
103.7538,-0.252465
103.7697,-0.252477
103.7872,-0.252484
103.8039,-0.25249
103.8197,-0.252496
103.8372,-0.2525
103.8535,-0.252507
103.8707,-0.252513
103.887,-0.252514
103.9033,-0.252521
103.9203,-0.252531
103.9373,-0.252541
103.9534,-0.252554
103.9697,-0.252572
103.9875,-0.252589
104.0029,-0.252608
104.0204,-0.252622
104.0374,-0.252635
104.0539,-0.252645
104.0706,-0.252653
104.0872,-0.252663
104.1042,-0.252669
104.1208,-0.252672
104.1372,-0.25268
104.1543,-0.252698
104.171,-0.252714
104.187,-0.252727
104.2037,-0.252733
104.221,-0.252746
104.2373,-0.252753
104.2539,-0.252761
104.2711,-0.252767
104.2876,-0.252773
104.3045,-0.252783
104.3202,-0.252803
104.3371,-0.252822
104.3534,-0.252836
104.3709,-0.252849
104.3877,-0.252852
104.4048,-0.252855
104.4208,-0.25286
104.437,-0.252862
104.4544,-0.252859
104.4701,-0.252861
104.4883,-0.252874
104.5041,-0.252898
104.5208,-0.252927
104.5375,-0.252953
104.5551,-0.252969
104.5713,-0.252984
104.5883,-0.252994
104.6045,-0.252988
104.6205,-0.252985
104.6373,-0.252981
104.6543,-0.252981
104.6713,-0.252986
104.687,-0.252996
104.7043,-0.253011
104.7208,-0.253031
104.7382,-0.253049
104.7542,-0.253069
104.7708,-0.253089
104.7879,-0.253102
104.804,-0.253109
104.8204,-0.253112
104.8372,-0.253118
104.8548,-0.253128
104.8711,-0.253143
104.8881,-0.253156
104.9041,-0.253177
104.9209,-0.253197
104.9376,-0.253221
104.9548,-0.253247
104.9707,-0.253271
104.987,-0.253286
105.0048,-0.253297
105.0218,-0.253302
105.0382,-0.253309
105.0547,-0.253321
105.0711,-0.25333
105.0878,-0.253339
105.1037,-0.253347
105.1208,-0.253361
105.1374,-0.253377
105.1546,-0.253388
105.1708,-0.253404
105.1873,-0.253427
105.2043,-0.25344
105.2214,-0.253451
105.2372,-0.253464
105.2545,-0.253479
105.2713,-0.253502
105.2874,-0.253522
105.3048,-0.253543
105.3216,-0.253568
105.3389,-0.253584
105.355,-0.253607
105.3713,-0.253635
105.3889,-0.253653
105.4048,-0.253661
105.4213,-0.253666
105.4373,-0.253669
105.4545,-0.253668
105.4708,-0.253668
105.4883,-0.253669
105.504,-0.253672
105.5209,-0.253679
105.5378,-0.253689
105.5552,-0.253708
105.5712,-0.253726
105.5875,-0.253747
105.604,-0.253764
105.6213,-0.253782
105.6382,-0.253796
105.654,-0.253811
105.6713,-0.253818
105.6883,-0.253833
105.7043,-0.253844
105.7207,-0.25386
105.7374,-0.25388
105.754,-0.253907
105.771,-0.253931
105.7875,-0.25395
105.8034,-0.253971
105.8207,-0.253988
105.8384,-0.253997
105.8546,-0.253994
105.8699,-0.253992
105.8879,-0.25399
105.9045,-0.253995
105.9206,-0.253996
105.9372,-0.254003
105.9533,-0.25401
105.9705,-0.254013
105.9874,-0.25402
106.0042,-0.254031
106.0205,-0.254044
106.0368,-0.254056
106.0547,-0.254066
106.0707,-0.254076
106.0879,-0.254087
106.105,-0.254096
106.1205,-0.254103
106.1379,-0.254107
106.1539,-0.254116
106.1704,-0.254126
106.1871,-0.25414
106.2042,-0.254157
106.2213,-0.25417
106.2385,-0.254186
106.2543,-0.254191
106.2703,-0.254193
106.2868,-0.254186
106.3033,-0.254171
106.3202,-0.254157
106.3366,-0.254154
106.353,-0.254156
106.3708,-0.254162
106.3865,-0.254169
106.4038,-0.254179
106.4199,-0.254189
106.4374,-0.254198
106.4541,-0.254209
106.4711,-0.254225
106.4878,-0.254231
106.5038,-0.25424
106.5195,-0.254254
106.5376,-0.254269
106.5548,-0.254284
106.5712,-0.254294
106.5877,-0.254299
106.6045,-0.254308
106.621,-0.254305
106.638,-0.254309
106.6542,-0.25431
106.6715,-0.254319
106.6882,-0.254332
106.7048,-0.254346
106.7213,-0.25436
106.7374,-0.254371
106.7549,-0.254371
106.7719,-0.254374
106.788,-0.254379
106.8046,-0.254379
106.8215,-0.254388
106.8373,-0.254397
106.8546,-0.254407
106.8721,-0.254415
106.8882,-0.254421
106.905,-0.254421
106.9208,-0.254428
106.9384,-0.254428
106.9548,-0.25443
106.972,-0.254441
106.9885,-0.254451
107.0043,-0.254464
107.021,-0.254483
107.0379,-0.254496
107.0552,-0.254514
107.072,-0.254535
107.0885,-0.254562
107.1052,-0.254579
107.1207,-0.254586
107.138,-0.254591
107.155,-0.254597
107.1714,-0.254606
107.1884,-0.254612
107.205,-0.254612
107.2218,-0.254613
107.2385,-0.254623
107.2551,-0.254639
107.2715,-0.254657
107.2883,-0.254681
107.3055,-0.254697
107.3215,-0.254709
107.3385,-0.254727
107.3551,-0.254734
107.3721,-0.254737
107.3886,-0.254739
107.4052,-0.254742
107.4221,-0.254745
107.4378,-0.254747
107.4552,-0.254748
107.4717,-0.254753
107.4881,-0.254766
107.5057,-0.254783
107.5213,-0.254801
107.5388,-0.254821
107.5553,-0.254835
107.5723,-0.25485
107.589,-0.254859
107.6052,-0.254865
107.622,-0.254868
107.6384,-0.254867
107.6546,-0.254861
107.6719,-0.254859
107.6888,-0.254857
107.7041,-0.25486
107.7221,-0.254873
107.7385,-0.254894
107.7542,-0.254914
107.7718,-0.254935
107.7885,-0.254959
107.8056,-0.254977
107.8223,-0.255
107.8382,-0.255014
107.8546,-0.255018
107.872,-0.255019
107.8892,-0.255016
107.9053,-0.255011
107.922,-0.255014
107.9382,-0.255013
107.9548,-0.255015
107.9717,-0.25502
107.9881,-0.255029
108.0054,-0.255044
108.0218,-0.255067
108.0385,-0.255085
108.0556,-0.255104
108.0729,-0.255116
108.0891,-0.255132
108.1057,-0.255142
108.1227,-0.255149
108.1393,-0.255164
108.1557,-0.255182
108.1726,-0.255192
108.189,-0.255193
108.206,-0.255199
108.2229,-0.255203
108.2389,-0.255201
108.2552,-0.255201
108.272,-0.255205
108.2892,-0.255209
108.3051,-0.255214
108.323,-0.255228
108.3395,-0.25524
108.3558,-0.255254
108.3722,-0.25527
108.3889,-0.255277
108.4057,-0.255282
108.4222,-0.25529
108.4392,-0.255302
108.4559,-0.255317
108.4714,-0.255338
108.489,-0.255363
108.5056,-0.255385
108.5223,-0.255403
108.5381,-0.255416
108.5558,-0.255436
108.5724,-0.255453
108.589,-0.255466
108.6057,-0.25548
108.6224,-0.255488
108.6393,-0.255499
108.6557,-0.255509
108.6731,-0.255522
108.6884,-0.255528
108.7058,-0.255539
108.7226,-0.25555
108.7395,-0.255569
108.7561,-0.255579
108.7723,-0.255589
108.7897,-0.255591
108.8056,-0.255591
108.8221,-0.255598
108.8387,-0.255603
108.8562,-0.255613
108.8724,-0.255624
108.8886,-0.255636
108.9058,-0.255651
108.9222,-0.255655
108.9378,-0.25566
108.9555,-0.255666
108.9727,-0.255677
108.9888,-0.255687
109.0051,-0.255704
109.0226,-0.255723
109.0394,-0.255737
109.056,-0.255751
109.0728,-0.255768
109.0895,-0.255779
109.1063,-0.255781
109.1218,-0.255782
109.1388,-0.255788
109.1562,-0.255804
109.1723,-0.255819
109.1892,-0.255829
109.2058,-0.255846
109.2233,-0.25586
109.2395,-0.255877
109.2567,-0.255889
109.2724,-0.255891
109.2891,-0.255888
109.3056,-0.255881
109.3225,-0.255872
109.3382,-0.25587
109.3554,-0.255873
109.3724,-0.255885
109.3895,-0.255907
109.4063,-0.255927
109.4229,-0.255951
109.4391,-0.255974
109.4557,-0.255998
109.4732,-0.256024
109.4894,-0.25605
109.5058,-0.256071
109.5225,-0.256087
109.5398,-0.256103
109.5558,-0.256111
109.5728,-0.256121
109.5889,-0.256125
109.6065,-0.256127
109.6228,-0.256134
109.6391,-0.256143
109.6569,-0.256154
109.6726,-0.256172
109.6884,-0.25619
109.706,-0.256211
109.7231,-0.256228
109.7401,-0.256244
109.7563,-0.256262
109.7736,-0.256273
109.7902,-0.256281
109.8058,-0.25628
109.8227,-0.256278
109.8399,-0.256277
109.8559,-0.256279
109.8724,-0.256282
109.8897,-0.256293
109.9057,-0.25631
109.9232,-0.256325
109.9391,-0.25634
109.9562,-0.25636
109.9729,-0.256385
109.9897,-0.256402
110.0054,-0.256415
110.0228,-0.256422
110.0397,-0.256437
110.0568,-0.256456
110.0732,-0.25647
110.0903,-0.256479
110.106,-0.256484
110.1231,-0.256492
110.1396,-0.256503
110.1561,-0.256509
110.1729,-0.256515
110.1897,-0.256521
110.2067,-0.256527
110.2241,-0.256536
110.2401,-0.256545
110.257,-0.256559
110.2727,-0.256567
110.2899,-0.256585
110.3063,-0.256598
110.323,-0.25661
110.3398,-0.256619
110.3564,-0.256621
110.3732,-0.256628
110.3903,-0.256641
110.406,-0.256651
110.4232,-0.256657
110.4399,-0.256658
110.4568,-0.256669
110.4736,-0.256679
110.4897,-0.256694
110.507,-0.256702
110.5235,-0.256717
110.5399,-0.25673
110.5566,-0.256743
110.5731,-0.256758
110.5895,-0.256772
110.607,-0.256781
110.6227,-0.25678
110.6398,-0.256788
110.6571,-0.256802
110.6734,-0.256816
110.6899,-0.256828
110.7062,-0.256844
110.7236,-0.25686
110.7408,-0.256874
110.7571,-0.256892
110.7729,-0.256913
110.7896,-0.256921
110.8064,-0.256925
110.8234,-0.256923
110.8396,-0.256931
110.8568,-0.25694
110.8726,-0.256952
110.8895,-0.256962
110.9066,-0.256969
110.9235,-0.256983
110.94,-0.257003
110.9571,-0.257019
110.9735,-0.25703
110.9901,-0.257046
111.0066,-0.257066
111.0238,-0.257092
111.0402,-0.257119
111.057,-0.257142
111.0739,-0.257157
111.0902,-0.257163
111.1068,-0.25717
111.1236,-0.257171
111.1405,-0.25717
111.1567,-0.257172
111.1733,-0.25718
111.1901,-0.257192
111.207,-0.257202
111.2234,-0.257215
111.2397,-0.257232
111.2577,-0.257251
111.2732,-0.257266
111.29,-0.257282
111.3068,-0.257293
111.3241,-0.257306
111.34,-0.257322
111.3568,-0.257335
111.3737,-0.257351
111.3909,-0.257363
111.4079,-0.257379
111.4237,-0.25739
111.4408,-0.257405
111.4574,-0.257411
111.4745,-0.257417
111.4912,-0.257427
111.5069,-0.257439
111.5241,-0.257451
111.5403,-0.257463
111.5582,-0.257478
111.5743,-0.257499
111.5904,-0.25752
111.6069,-0.257532
111.6234,-0.257542
111.6399,-0.25756
111.6571,-0.257574
111.6736,-0.257589
111.6894,-0.257599
111.7068,-0.257615
111.7239,-0.257631
111.7404,-0.257647
111.7569,-0.257667
111.774,-0.257687
111.7912,-0.257708
111.8069,-0.257732
111.8239,-0.257762
111.8401,-0.257792
111.8578,-0.257819
111.8743,-0.257843
111.8898,-0.257867
111.9073,-0.257885
111.924,-0.257904
111.9411,-0.257915
111.9573,-0.257931
111.9748,-0.257946
111.9908,-0.257958
112.0081,-0.257973
112.0244,-0.257985
112.0408,-0.257998
112.0575,-0.257999
112.0741,-0.258
112.0908,-0.257999
112.107,-0.258009
112.1239,-0.258016
112.1412,-0.258028
112.157,-0.25804
112.1744,-0.258048
112.1912,-0.258057
112.2071,-0.258061
112.2249,-0.258076
112.2408,-0.258091
112.2577,-0.258104
112.2739,-0.258118
112.2903,-0.258133
112.3085,-0.25815
112.3248,-0.25817
112.3408,-0.258192
112.3583,-0.258209
112.3748,-0.258223
112.3919,-0.258233
112.4079,-0.258244
112.4249,-0.258255
112.4408,-0.258268
112.4574,-0.258276
112.4741,-0.258289
112.4912,-0.258312
112.5075,-0.258329
112.5245,-0.258347
112.541,-0.258363
112.5584,-0.258374
112.5752,-0.258391
112.5906,-0.25841
112.6082,-0.258429
112.6249,-0.258437
112.6408,-0.258444
112.6579,-0.25845
112.6746,-0.258453
112.6905,-0.258457
112.7067,-0.258463
112.7245,-0.258468
112.7412,-0.25847
112.7576,-0.258477
112.7748,-0.258488
112.7911,-0.258501
112.8079,-0.258513
112.8238,-0.258528
112.8412,-0.258542
112.8575,-0.258551
112.8748,-0.258567
112.8923,-0.258578
112.9079,-0.258591
112.925,-0.258602
112.9411,-0.258611
112.9586,-0.258612
112.974,-0.258612
112.9915,-0.258619
113.0085,-0.258634
113.0241,-0.258651
113.0406,-0.25866
113.0578,-0.258669
113.0743,-0.258676
113.0915,-0.258684
113.108,-0.258696
113.1235,-0.258709
113.1403,-0.258725
113.1584,-0.258739
113.1747,-0.258751
113.1916,-0.258769
113.2089,-0.258788
113.2257,-0.258805
113.2416,-0.25882
113.2581,-0.258826
113.2745,-0.258836
113.2923,-0.258843
113.3088,-0.258848
113.3251,-0.258853
113.3411,-0.25886
113.3585,-0.258871
113.3746,-0.25888
113.3912,-0.258888
113.4082,-0.258899
113.4254,-0.258914
113.4424,-0.258916
113.4587,-0.258916
113.475,-0.258918
113.4922,-0.258925
113.5089,-0.258934
113.5251,-0.25895
113.5412,-0.258974
113.5587,-0.258994
113.5756,-0.259013
113.5919,-0.259037
113.6078,-0.259049
113.6255,-0.259061
113.6419,-0.259068
113.6585,-0.259078
113.6753,-0.259088
113.6911,-0.259097
113.7083,-0.259106
113.7247,-0.259119
113.7413,-0.259135
113.7582,-0.259151
113.7752,-0.259179
113.7919,-0.259199
113.8083,-0.259216
113.8253,-0.259232
113.8414,-0.259244
113.8595,-0.259255
113.8752,-0.259262
113.8922,-0.259271
113.9089,-0.259281
113.9261,-0.259287
113.9416,-0.259288
113.9588,-0.259293
113.9748,-0.259296
113.9919,-0.259301
114.0082,-0.259308
114.0246,-0.259313
114.042,-0.259319
114.0586,-0.259327
114.0755,-0.259337
114.0917,-0.259352
114.1079,-0.259367
114.1249,-0.259386
114.1419,-0.259406
114.1578,-0.259425
114.1753,-0.259443
114.193,-0.259454
114.209,-0.259462
114.2258,-0.25947
114.2421,-0.259482
114.2583,-0.259488
114.2751,-0.259495
114.2926,-0.259506
114.3088,-0.259523
114.3258,-0.259541
114.3423,-0.259555
114.3583,-0.259567
114.3756,-0.259579
114.3917,-0.259592
114.4093,-0.259603
114.4253,-0.259619
114.4423,-0.259634
114.4585,-0.259647
114.4754,-0.25966
114.4914,-0.25967
114.5086,-0.259684
114.5255,-0.259704
114.5424,-0.259721
114.5583,-0.259727
114.576,-0.259724
114.5918,-0.259724
114.6094,-0.259727
114.6252,-0.259728
114.6423,-0.259735
114.6586,-0.259751
114.6759,-0.259766
114.6922,-0.259789
114.7087,-0.259816
114.7259,-0.259846
114.7435,-0.259866
114.7597,-0.25988
114.7757,-0.259894
114.7925,-0.259899
114.8089,-0.259901
114.8252,-0.259896
114.843,-0.259891
114.8589,-0.259889
114.8751,-0.259889
114.8922,-0.259896
114.9087,-0.259908
114.9254,-0.259924
114.9416,-0.259946
114.9589,-0.259965
114.9758,-0.259987
114.9926,-0.260009
115.0092,-0.260026
115.025,-0.260039
115.0419,-0.260046
115.059,-0.260049
115.076,-0.260052
115.0931,-0.260055
115.109,-0.260069
115.126,-0.260092
115.1428,-0.260106
115.1584,-0.260121
115.1754,-0.260132
115.1931,-0.26014
115.2096,-0.26014
115.2261,-0.260138
115.2435,-0.260132
115.2587,-0.260126
115.2756,-0.260128
115.2919,-0.26014
115.3086,-0.260161
115.3254,-0.260182
115.3424,-0.260203
115.3591,-0.260222
115.3763,-0.26023
115.393,-0.260233
115.4103,-0.260223
115.4254,-0.260215
115.4426,-0.260218
115.4584,-0.26023
115.475,-0.260243
115.4919,-0.26026
115.5097,-0.260284
115.5266,-0.260304
115.5433,-0.260333
115.5588,-0.260356
115.5756,-0.260375
115.5927,-0.260379
115.6097,-0.260385
115.6267,-0.260392
115.6432,-0.260399
115.6604,-0.260401
115.6764,-0.260406
115.6935,-0.260407
115.7088,-0.260412
115.7272,-0.260427
115.7431,-0.260448
115.7594,-0.260478
115.7761,-0.260506
115.7937,-0.26053
115.8092,-0.260545
115.8268,-0.26056
115.8431,-0.260569
115.86,-0.260578
115.8762,-0.260584
115.8932,-0.260591
115.9095,-0.260586
115.9254,-0.260591
115.9424,-0.260598
115.9596,-0.260604
115.9767,-0.260612
115.9923,-0.260625
116.0094,-0.260637
116.0268,-0.260648
116.0431,-0.26066
116.0589,-0.260682
116.0757,-0.260706
116.0932,-0.260725
116.1092,-0.260736
116.1268,-0.260754
116.143,-0.260772
116.16,-0.260783
116.1759,-0.26079
116.1927,-0.260792
116.2099,-0.260797
116.226,-0.260807
116.2425,-0.260812
116.2595,-0.260826
116.2764,-0.260841
116.2924,-0.260853
116.3097,-0.260872
116.3258,-0.260889
116.3433,-0.260905
116.3595,-0.260915
116.3762,-0.260923
116.3925,-0.260932
116.4091,-0.260949
116.4252,-0.260965
116.4431,-0.260981
116.4597,-0.260984
116.4761,-0.260982
116.4938,-0.260982
116.5101,-0.260981
116.5261,-0.260985
116.5418,-0.260989
116.5587,-0.260997
116.5752,-0.261004
116.5916,-0.261021
116.6093,-0.261042
116.6254,-0.261054
116.6431,-0.261062
116.6592,-0.26107
116.6756,-0.261079
116.6926,-0.261086
116.7084,-0.261098
116.7254,-0.261113
116.7428,-0.261132
116.7591,-0.261155
116.7748,-0.261172
116.7928,-0.261196
116.8092,-0.26122
116.8263,-0.261233
116.8417,-0.261248
116.859,-0.26126
116.8754,-0.261265
116.8926,-0.261267
116.9083,-0.261271
116.9266,-0.261279
116.9421,-0.26129
116.9588,-0.261302
116.9755,-0.261319
116.992,-0.26134
117.0093,-0.261361
117.0261,-0.261377
117.0433,-0.261388
117.0602,-0.261398
117.0759,-0.261411
117.0928,-0.261422
117.1092,-0.26143
117.1266,-0.261438
117.1428,-0.261449
117.1605,-0.261463
117.1755,-0.261462
117.1925,-0.26147
117.2098,-0.261469
117.2262,-0.261471
117.2433,-0.261472
117.2585,-0.261474
117.2762,-0.261475
117.2923,-0.261472
117.3094,-0.26148
117.3261,-0.261488
117.3422,-0.261499
117.3592,-0.261504
117.376,-0.261509
117.3929,-0.26152
117.41,-0.261534
117.4259,-0.261559
117.4424,-0.261582
117.4593,-0.261606
117.4762,-0.261629
117.4936,-0.261643
117.5093,-0.261659
117.5269,-0.261663
117.5435,-0.261666
117.5598,-0.261666
117.5756,-0.261666
117.5934,-0.261669
117.6091,-0.261673
117.6268,-0.261681
117.6435,-0.261696
117.6607,-0.261707
117.6763,-0.261713
117.6927,-0.261717
117.7104,-0.26172
117.7261,-0.261726
117.7422,-0.261731
117.7602,-0.261742
117.7762,-0.261753
117.7932,-0.261773
117.8103,-0.261798
117.8263,-0.261828
117.8427,-0.261856
117.8597,-0.261875
117.8776,-0.261892
117.8934,-0.26191
117.9096,-0.261921
117.927,-0.26193
117.9425,-0.261938
117.9601,-0.261946
117.978,-0.261956
117.9931,-0.261969
118.0095,-0.261983
118.0269,-0.262003
118.0434,-0.262016
118.0595,-0.262025
118.0772,-0.262036
118.0935,-0.262043
118.11,-0.262046
118.1267,-0.262053
118.1431,-0.262058
118.1603,-0.262062
118.1761,-0.262068
118.1933,-0.262079
118.21,-0.262089
118.2262,-0.262105
118.2427,-0.262126
118.2606,-0.26215
118.2766,-0.262164
118.2932,-0.262172
118.3104,-0.262186
118.3269,-0.2622
118.3432,-0.262212
118.3601,-0.262224
118.3761,-0.26224
118.3941,-0.262261
118.411,-0.262279
118.4271,-0.262291
118.4444,-0.262297
118.4606,-0.262308
118.4777,-0.262315
118.4933,-0.262316
118.5095,-0.262327
118.5265,-0.26234
118.5437,-0.262356
118.5607,-0.262374
118.5764,-0.262406
118.5945,-0.26244
118.6104,-0.262465
118.6269,-0.262486
118.643,-0.26251
118.6611,-0.262531
118.6774,-0.262552
118.6939,-0.262574
118.7112,-0.262597
118.7272,-0.262619
118.7445,-0.262636
118.7613,-0.262656
118.7782,-0.262677
118.7946,-0.262693
118.8115,-0.262705
118.828,-0.262718
118.8446,-0.262734
118.8615,-0.262752
118.8775,-0.262771
118.894,-0.262792
118.912,-0.262816
118.9279,-0.262845
118.9453,-0.262871
118.9618,-0.262889
118.9781,-0.262907
118.9947,-0.262914
119.0117,-0.262924
119.0284,-0.262933
119.0441,-0.262938
119.0615,-0.262942
119.078,-0.262952
119.0945,-0.262968
119.1111,-0.262985
119.1282,-0.263009
119.1448,-0.263029
119.1615,-0.263048
119.1776,-0.263066
119.1943,-0.263086
119.2115,-0.263105
119.2276,-0.263122
119.2449,-0.263141
119.2608,-0.263159
119.2783,-0.263175
119.2944,-0.263191
119.311,-0.263209
119.3284,-0.263227
119.3447,-0.263246
119.3614,-0.263261
119.3774,-0.263274
119.3947,-0.263288
119.4112,-0.263299
119.4273,-0.263314
119.4441,-0.263321
119.4604,-0.263332
119.4779,-0.263344
119.4939,-0.263356
119.5112,-0.263368
119.5272,-0.263388
119.5444,-0.263401
119.5605,-0.263415
119.5783,-0.263429
119.5944,-0.263443
119.6112,-0.263456
119.6276,-0.263464
119.644,-0.263479
119.6609,-0.263491
119.6782,-0.263507
119.6938,-0.263516
119.7107,-0.263532
119.7277,-0.263544
119.7442,-0.263552
119.7604,-0.26356
119.7774,-0.263564
119.7943,-0.263571
119.8103,-0.263583
119.8274,-0.263601
119.8449,-0.263618
119.8607,-0.263629
119.8779,-0.26364
119.8942,-0.263655
119.9109,-0.263667
119.9272,-0.263676
119.9436,-0.263692
119.9618,-0.263707
119.9779,-0.263719
119.9949,-0.263735
120.0106,-0.263751
120.0281,-0.263755
120.0449,-0.263758
120.061,-0.263765
120.0779,-0.263775
120.0952,-0.263785
120.1112,-0.263794
120.1278,-0.263798
120.1451,-0.263806
120.1611,-0.263814
120.1778,-0.263826
120.1949,-0.263837
120.2119,-0.263843
120.2279,-0.263841
120.2457,-0.263843
120.2619,-0.26385
120.2787,-0.263852
120.2953,-0.263857
120.311,-0.263859
120.3284,-0.263861
120.3448,-0.263863
120.3617,-0.263872
120.3779,-0.263879
120.3949,-0.263897
120.4114,-0.263911
120.4278,-0.263928
120.4444,-0.26395
120.4617,-0.263974
120.4781,-0.263996
120.4949,-0.264024
120.5118,-0.264052
120.5286,-0.264074
120.5453,-0.264083
120.5617,-0.264091
120.5794,-0.264088
120.5952,-0.264081
120.612,-0.264072
120.6286,-0.26406
120.6457,-0.264056
120.6622,-0.264053
120.6782,-0.264056
120.6952,-0.264067
120.7116,-0.264087
120.7287,-0.264104
120.746,-0.264124
120.7624,-0.264145
120.7793,-0.264162
120.7954,-0.264176
120.8126,-0.264184
120.8293,-0.264199
120.8458,-0.264215
120.8625,-0.264234
120.8785,-0.26425
120.8953,-0.264271
120.9127,-0.264293
120.9294,-0.264314
120.946,-0.264328
120.9628,-0.264342
120.9795,-0.264352
120.995,-0.264364
121.0125,-0.264376
121.0286,-0.264391
121.0459,-0.264406
121.0621,-0.264422
121.0794,-0.264443
121.0957,-0.26446
121.1122,-0.264477
121.1298,-0.26449
121.1461,-0.264497
121.1623,-0.264508
121.179,-0.264523
121.1961,-0.264541
121.2126,-0.264557
121.229,-0.26457
121.246,-0.264586
121.2624,-0.264598
121.2789,-0.264613
121.2959,-0.264624
121.3123,-0.264638
121.3286,-0.264657
121.3456,-0.264677
121.3621,-0.264685
121.3783,-0.264695
121.3951,-0.264703
121.4123,-0.264718
121.4288,-0.264741
121.4456,-0.264755
121.4621,-0.264773
121.4781,-0.264792
121.4959,-0.264818
121.5124,-0.264837
121.528,-0.264854
121.546,-0.26487
121.5618,-0.264883
121.5795,-0.264892
121.5963,-0.264903
121.6123,-0.264906
121.6296,-0.264911
121.6454,-0.264921
121.6617,-0.26493
121.6788,-0.264943
121.6955,-0.264952
121.7124,-0.26496
121.7291,-0.264972
121.7463,-0.264987
121.7624,-0.265004
121.7788,-0.26502
121.795,-0.265032
121.8121,-0.265045
121.8286,-0.265053
121.8451,-0.26506
121.8618,-0.265075
121.8782,-0.265095
121.8958,-0.265117
121.9118,-0.265135
121.9293,-0.265157
121.9461,-0.265179
121.9624,-0.265206
121.9789,-0.265225
121.9952,-0.265236
122.0129,-0.265243
122.0289,-0.265252
122.0459,-0.265257
122.0622,-0.265258
122.0794,-0.265263
122.0958,-0.265267
122.1127,-0.265275
122.1288,-0.265288
122.146,-0.265306
122.1622,-0.265328
122.1798,-0.265348
122.196,-0.265365
122.2129,-0.265383
122.2288,-0.265394
122.2464,-0.265402
122.2619,-0.265414
122.2786,-0.26543
122.2955,-0.26544
122.3122,-0.265454
122.3287,-0.265466
122.3459,-0.265486
122.363,-0.265507
122.3791,-0.265525
122.3956,-0.265543
122.4122,-0.265562
122.4289,-0.265572
122.4463,-0.265578
122.4622,-0.265583
122.4796,-0.265591
122.496,-0.265598
122.5118,-0.265608
122.5298,-0.265614
122.5461,-0.265627
122.5629,-0.265639
122.5797,-0.265651
122.5957,-0.265667
122.6121,-0.265672
122.629,-0.26568
122.6454,-0.265688
122.662,-0.2657
122.6794,-0.265718
122.6955,-0.265732
122.7127,-0.265749
122.7292,-0.265773
122.7463,-0.265789
122.7626,-0.265804
122.7795,-0.26581
122.7958,-0.265815
122.8128,-0.265818
122.8284,-0.265828
122.8452,-0.265835
122.8618,-0.265841
122.8793,-0.265853
122.8958,-0.265868
122.913,-0.265883
122.9293,-0.265891
122.9461,-0.265905
122.9628,-0.265918
122.9798,-0.265927
122.9959,-0.265941
123.0122,-0.265947
123.029,-0.265952
123.0463,-0.265962
123.0629,-0.265975
123.0802,-0.265992
123.0957,-0.26601
123.1122,-0.266023
123.1298,-0.266038
123.1463,-0.266054
123.1629,-0.266063
123.1794,-0.266084
123.1961,-0.266095
123.2128,-0.266103
123.2296,-0.266113
123.2461,-0.266125
123.2634,-0.26614
123.2797,-0.266156
123.2963,-0.266171
123.3132,-0.266185
123.3289,-0.266202
123.3466,-0.266213
123.3627,-0.266224
123.3798,-0.266234
123.3961,-0.266248
123.4129,-0.266262
123.4297,-0.266276
123.446,-0.266294
123.4624,-0.266309
123.4796,-0.266319
123.4967,-0.266322
123.5129,-0.266326
123.5295,-0.266327
123.5462,-0.266326
123.5629,-0.266331
123.5797,-0.266342
123.5957,-0.266352
123.6129,-0.266369
123.6292,-0.26639
123.6465,-0.266407
123.6631,-0.266418
123.6787,-0.266434
123.6964,-0.266445
123.7127,-0.266449
123.7299,-0.266451
123.7457,-0.266462
123.7629,-0.266473
123.7785,-0.266483
123.7959,-0.266503
123.8117,-0.266522
123.8294,-0.266539
123.8463,-0.266561
123.8632,-0.266581
123.8797,-0.2666
123.8956,-0.266616
123.9125,-0.266624
123.9295,-0.266628
123.9469,-0.266635
123.9638,-0.266643
123.9789,-0.266655
123.9951,-0.266663
124.0129,-0.266674
124.0297,-0.266684
124.0463,-0.266698
124.0632,-0.266714
124.0793,-0.266727
124.0963,-0.266737
124.1129,-0.266752
124.1296,-0.266772
124.1467,-0.266789
124.1618,-0.266806
124.1792,-0.26682
124.1962,-0.266831
124.213,-0.266844
124.2291,-0.266858
124.2468,-0.266864
124.2632,-0.266868
124.2798,-0.266872
124.296,-0.266878
124.3134,-0.26689
124.3293,-0.266896
124.346,-0.266909
124.3629,-0.266922
124.3802,-0.266929
124.3967,-0.26694
124.4129,-0.266949
124.4298,-0.266958
124.4464,-0.266968
124.4629,-0.26698
124.4791,-0.266994
124.4961,-0.267011
124.5133,-0.267034
124.5298,-0.267058
124.546,-0.267081
124.5628,-0.267103
124.5805,-0.267118
124.5965,-0.267126
124.6129,-0.267135
124.6301,-0.267146
124.6465,-0.26715
124.6634,-0.267157
124.6795,-0.267163
124.6961,-0.267173
124.7133,-0.267186
124.7299,-0.2672
124.7467,-0.267219
124.7628,-0.267242
124.7796,-0.267256
124.7969,-0.267266
124.8124,-0.267281
124.8292,-0.267295
124.8471,-0.267313
124.8623,-0.267327
124.8798,-0.267344
124.8964,-0.267367
124.9136,-0.267392
124.9296,-0.26741
124.9463,-0.267435
124.9631,-0.267452
124.9798,-0.26746
124.9961,-0.267472
125.0133,-0.267482
125.0294,-0.267483
125.046,-0.267489
125.063,-0.267497
125.0793,-0.267511
125.0956,-0.267525
125.1132,-0.267535
125.1295,-0.267551
125.1452,-0.26757
125.1629,-0.267589
125.1789,-0.267606
125.1965,-0.267616
125.2129,-0.267626
125.2301,-0.267634
125.2462,-0.26764
125.2632,-0.267658
125.2793,-0.267671
125.296,-0.267681
125.3123,-0.267691
125.3285,-0.267703
125.3468,-0.267715
125.3624,-0.267731
125.3796,-0.267746
125.3962,-0.267767
125.4126,-0.267783
125.4303,-0.2678
125.4455,-0.267819
125.4624,-0.267832
125.4794,-0.267854
125.4959,-0.267878
125.5129,-0.267903
125.5303,-0.267924
125.546,-0.267943
125.5633,-0.26796
125.5791,-0.267971
125.5959,-0.267975
125.613,-0.267973
125.6295,-0.267973
125.6469,-0.267972
125.6635,-0.267979
125.6796,-0.267984
125.6966,-0.267983
125.713,-0.267979
125.7308,-0.267973
125.7474,-0.267976
125.7632,-0.267978
125.7792,-0.267983
125.7962,-0.267991
125.8129,-0.268003
125.8292,-0.268016
125.8465,-0.268035
125.8631,-0.268052
125.8797,-0.26807
125.8972,-0.268083
125.913,-0.26809
125.9301,-0.268093
125.9466,-0.268088
125.9637,-0.26809
125.9797,-0.268093
125.9959,-0.268107
126.0131,-0.268114
126.0301,-0.268126
126.047,-0.268134
126.0633,-0.268143
126.0805,-0.26816
126.0966,-0.268176
126.1127,-0.268194
126.1294,-0.268206
126.1469,-0.268219
126.1631,-0.26823
126.1798,-0.268243
126.1969,-0.268257
126.2133,-0.268276
126.2307,-0.2683
126.2468,-0.268318
126.2636,-0.268338
126.2801,-0.268353
126.297,-0.26836
126.3137,-0.26836
126.3305,-0.268374
126.3474,-0.268389
126.3642,-0.268403
126.3803,-0.268411
126.3967,-0.268416
126.4152,-0.268423
126.4309,-0.268434
126.4472,-0.268445
126.4631,-0.268459
126.48,-0.268467
126.4972,-0.26847
126.514,-0.26847
126.5305,-0.268476
126.547,-0.268488
126.5636,-0.2685
126.58,-0.268509
126.5968,-0.268517
126.6137,-0.268534
126.6308,-0.268547
126.6475,-0.268559
126.6639,-0.268578
126.6803,-0.268595
126.6976,-0.268611
126.7138,-0.268623
126.7302,-0.268635
126.748,-0.268647
126.7634,-0.268663
126.7802,-0.268678
126.7964,-0.268698
126.8136,-0.268717
126.8308,-0.268739
126.848,-0.268765
126.8644,-0.268791
126.8815,-0.268816
126.8974,-0.268834
126.9151,-0.268849
126.9311,-0.268858
126.9478,-0.268871
126.9634,-0.26888
126.9806,-0.268888
126.998,-0.268899
127.0139,-0.268915
127.0314,-0.268931
127.0468,-0.268952
127.0643,-0.268967
127.0814,-0.26898
127.098,-0.268989
127.1146,-0.268997
127.1307,-0.269007
127.1479,-0.269012
127.1645,-0.269018
127.1813,-0.269029
127.1979,-0.269042
127.2142,-0.269051
127.2312,-0.26907
127.2485,-0.269094
127.265,-0.269115
127.2814,-0.269132
127.2975,-0.269143
127.3151,-0.269155
127.3318,-0.269165
127.3478,-0.269173
127.3642,-0.269186
127.3808,-0.269198
127.3992,-0.269211
127.4153,-0.26923
127.4311,-0.269247
127.4473,-0.26926
127.4644,-0.269267
127.4819,-0.269274
127.4983,-0.269282
127.5143,-0.269297
127.5314,-0.269314
127.5479,-0.269334
127.5646,-0.269351
127.5813,-0.269373
127.5979,-0.269399
127.6148,-0.26942
127.6315,-0.269434
127.6479,-0.269446
127.665,-0.269451
127.6821,-0.269451
127.6977,-0.26946
127.7144,-0.269464
127.7321,-0.269467
127.7483,-0.269475
127.7654,-0.269486
127.782,-0.269501
127.7984,-0.26952
127.8146,-0.269528
127.8317,-0.269537
127.8478,-0.269544
127.865,-0.269557
127.8822,-0.269576
127.898,-0.269597
127.9154,-0.269612
127.9315,-0.269631
127.9487,-0.269651
127.9645,-0.269675
127.9813,-0.269704
127.9983,-0.269723
128.0147,-0.269738
128.0309,-0.269741
128.0489,-0.269742
128.0648,-0.269754
128.0815,-0.269771
128.0978,-0.269788
128.1143,-0.2698
128.131,-0.269807
128.148,-0.269825
128.1641,-0.269845
128.1822,-0.269866
128.1982,-0.269884
128.2147,-0.269897
128.232,-0.269909
128.2488,-0.269926
128.2648,-0.26994
128.281,-0.26996
128.2981,-0.269983
128.3149,-0.270007
128.331,-0.270036
128.3481,-0.270064
128.3642,-0.270091
128.3812,-0.270107
128.3979,-0.270125
128.4149,-0.270138
128.4316,-0.270145
128.4479,-0.270148
128.4646,-0.270161
128.4811,-0.270174
128.4981,-0.270191
128.5137,-0.270203
128.5304,-0.270216
128.5478,-0.270226
128.5644,-0.270236
128.5814,-0.270245
128.5968,-0.27026
128.6146,-0.270271
128.6304,-0.270283
128.6486,-0.270295
128.6638,-0.270309
128.6814,-0.270332
128.698,-0.270347
128.7142,-0.270361
128.7311,-0.270372
128.7485,-0.270386
128.7646,-0.270396
128.7811,-0.270407
128.7975,-0.27042
128.8143,-0.270438
128.8316,-0.27045
128.8477,-0.270464
128.864,-0.270479
128.8816,-0.270489
128.897,-0.2705
128.9142,-0.270513
128.9316,-0.270525
128.9473,-0.270533
128.9646,-0.270536
128.9806,-0.270542
128.9982,-0.270558
129.0144,-0.270567
129.0307,-0.270584
129.0477,-0.270597
129.0646,-0.270617
129.0818,-0.270632
129.0976,-0.270659
129.1146,-0.270681
129.1315,-0.270697
129.1478,-0.270707
129.1649,-0.270719
129.1826,-0.270729
129.1978,-0.270732
129.2145,-0.270735
129.2316,-0.270739
129.2477,-0.270756
129.2649,-0.270776
129.2812,-0.270803
129.2977,-0.270834
129.3149,-0.270856
129.332,-0.270882
129.349,-0.2709
129.3659,-0.270913
129.3818,-0.270927
129.398,-0.27093
129.4149,-0.270934
129.431,-0.270934
129.4482,-0.270941
129.4658,-0.270956
129.4811,-0.270971
129.4987,-0.270985
129.5141,-0.271001
129.5314,-0.271021
129.548,-0.271035
129.5647,-0.271047
129.5818,-0.271061
129.598,-0.271076
129.6155,-0.271096
129.6307,-0.271117
129.6479,-0.271144
129.6647,-0.271162
129.682,-0.271172
129.6981,-0.271181
129.7151,-0.271192
129.7318,-0.271206
129.748,-0.271215
129.7647,-0.271223
129.7814,-0.271236
129.7975,-0.271261
129.8151,-0.271288
129.8313,-0.271318
129.8488,-0.271345
129.8645,-0.271363
129.8816,-0.271375
129.8984,-0.271381
129.9155,-0.271385
129.9319,-0.271388
129.9478,-0.271394
129.9644,-0.271403
129.9817,-0.271412
129.9981,-0.271425
130.0145,-0.27144
130.0318,-0.271461
130.0483,-0.271483
130.0651,-0.271501
130.0817,-0.271519
130.0988,-0.271533
130.1152,-0.271542
130.1312,-0.271552
130.1475,-0.27156
130.1645,-0.271569
130.1813,-0.271575
130.1971,-0.271578
130.2146,-0.271593
130.2316,-0.271615
130.2486,-0.271635
130.2647,-0.271651
130.2819,-0.271671
130.2984,-0.27169
130.3148,-0.271704
130.3313,-0.27172
130.3474,-0.271741
130.3643,-0.271755
130.381,-0.271759
130.3976,-0.27177
130.415,-0.271779
130.4309,-0.27179
130.4482,-0.271795
130.4641,-0.271807
130.4816,-0.271817
130.4983,-0.271829
130.5151,-0.271841
130.5303,-0.271858
130.5473,-0.271873
130.5642,-0.271882
130.5817,-0.271895
130.5986,-0.271912
130.6151,-0.271919
130.6307,-0.271928
130.6474,-0.271933
130.6645,-0.271932
130.6814,-0.271937
130.6982,-0.27195
130.7154,-0.271966
130.7309,-0.271976
130.7481,-0.271986
130.7641,-0.271992
130.7809,-0.272013
130.7978,-0.272027
130.8147,-0.272041
130.8313,-0.272054
130.8475,-0.27206
130.8647,-0.272063
130.8807,-0.272073
130.8972,-0.272081
130.9151,-0.272088
130.9312,-0.2721
130.9473,-0.272108
130.9645,-0.272129
130.9814,-0.27214
130.9982,-0.272151
131.0146,-0.272167
131.0309,-0.272177
131.0481,-0.272178
131.0645,-0.272179
131.0813,-0.272175
131.0986,-0.272185
131.1146,-0.272195
131.1309,-0.272208
131.1482,-0.272219
131.1644,-0.272235
131.1819,-0.27225
131.1971,-0.272269
131.2154,-0.272284
131.2318,-0.272304
131.248,-0.272322
131.2642,-0.272335
131.2814,-0.272351
131.2977,-0.272367
131.3158,-0.272383
131.3314,-0.272398
131.3488,-0.272407
131.3651,-0.272416
131.3824,-0.272426
131.3978,-0.272433
131.4156,-0.272441
131.431,-0.272454
131.4486,-0.272463
131.4647,-0.272474
131.4813,-0.272487
131.4975,-0.272503
131.5154,-0.27252
131.5321,-0.272535
131.5483,-0.272556
131.5652,-0.272569
131.5819,-0.272582
131.5986,-0.27259
131.6155,-0.2726
131.6317,-0.272614
131.6478,-0.272621
131.6654,-0.272628
131.6817,-0.272643
131.6982,-0.272658
131.7153,-0.272678
131.7312,-0.272697
131.7487,-0.272717
131.7652,-0.272737
131.782,-0.27275
131.7985,-0.272765
131.8151,-0.272778
131.8326,-0.272786
131.8497,-0.272796
131.8645,-0.272808
131.8821,-0.272823
131.8984,-0.272843
131.9153,-0.272865
131.932,-0.272882
131.9487,-0.2729
131.9653,-0.272915
131.9824,-0.272932
131.9991,-0.272947
132.0149,-0.272963
132.0314,-0.272983
132.0486,-0.273006
132.0656,-0.27303
132.0832,-0.273055
132.0992,-0.273081
132.1157,-0.273099
132.1323,-0.273114
132.1489,-0.273128
132.1666,-0.273142
132.1832,-0.273161
132.1989,-0.273177
132.2162,-0.273182
132.233,-0.273187
132.2492,-0.273187
132.2657,-0.27319
132.2821,-0.273197
132.298,-0.273203
132.3153,-0.273217
132.3321,-0.273234
132.3483,-0.273251
132.3657,-0.273273
132.3826,-0.273301
132.399,-0.273328
132.4152,-0.273352
132.4316,-0.27337
132.4488,-0.273392
132.4658,-0.273409
132.4819,-0.273425
132.4992,-0.273444
132.5155,-0.273461
132.5324,-0.273476
132.5479,-0.273491
132.5649,-0.273515
132.5824,-0.273538
132.599,-0.273563
132.6149,-0.273592
132.6321,-0.273617
132.6487,-0.273635
132.6653,-0.273645
132.6819,-0.273657
132.6991,-0.273676
132.7158,-0.273693
132.7322,-0.273713
132.749,-0.273734
132.7654,-0.273751
132.7821,-0.273762
132.7994,-0.273771
132.8159,-0.273781
132.832,-0.273792
132.8493,-0.273799
132.8649,-0.273806
132.8817,-0.273817
132.8987,-0.273838
132.9156,-0.273866
132.9324,-0.273897
132.9491,-0.273932
132.9656,-0.273955
132.982,-0.273977
132.9993,-0.273997
133.016,-0.274014
133.0331,-0.274024
133.0489,-0.274032
133.0658,-0.274041
133.0829,-0.274043
133.0996,-0.274052
133.1154,-0.274056
133.1324,-0.274064
133.1494,-0.274071
133.1659,-0.274082
133.1825,-0.274097
133.1988,-0.27411
133.2155,-0.274119
133.2329,-0.274131
133.2492,-0.274142
133.2655,-0.274151
133.282,-0.274164
133.2992,-0.274179
133.3163,-0.274196
133.3326,-0.274217
133.3487,-0.274237
133.3661,-0.274257
133.3824,-0.27427
133.3993,-0.274284
133.417,-0.274303
133.4323,-0.27432
133.4491,-0.274339
133.4655,-0.274369
133.4832,-0.274403
133.4992,-0.27443
133.5159,-0.274459
133.5339,-0.274479
133.5493,-0.274491
133.567,-0.274501
133.5833,-0.274509
133.5997,-0.274506
133.616,-0.2745
133.6326,-0.274492
133.6489,-0.274487
133.6661,-0.274492
133.6815,-0.2745
133.6995,-0.274513
133.7161,-0.274533
133.7337,-0.274557
133.7495,-0.274583
133.7663,-0.274616
133.7834,-0.274649
133.7998,-0.27468
133.8165,-0.274703
133.8336,-0.274725
133.8505,-0.274742
133.8676,-0.274755
133.884,-0.27477
133.9008,-0.274789
133.9172,-0.274802
133.9338,-0.274813
133.9495,-0.274824
133.9673,-0.274834
133.9835,-0.274839
134.0002,-0.274845
134.0166,-0.274861
134.0334,-0.274867
134.0505,-0.274877
134.0671,-0.274886
134.0841,-0.274899
134.101,-0.274911
134.1176,-0.274927
134.1339,-0.274941
134.1496,-0.274954
134.1668,-0.274963
134.1833,-0.274981
134.1998,-0.275004
134.2167,-0.27503
134.2334,-0.275054
134.2499,-0.275078
134.2672,-0.275107
134.2842,-0.275134
134.3006,-0.275151
134.317,-0.275169
134.3341,-0.275187
134.35,-0.275199
134.3673,-0.27521
134.3835,-0.275218
134.4009,-0.275233
134.4173,-0.27525
134.4341,-0.275265
134.4499,-0.275281
134.4668,-0.275297
134.4842,-0.275312
134.5002,-0.275333
134.5167,-0.275358
134.5336,-0.275383
134.55,-0.275403
134.5669,-0.275422
134.5837,-0.275445
134.601,-0.275465
134.6173,-0.275489
134.634,-0.275507
134.6498,-0.275523
134.6671,-0.275541
134.6841,-0.275557
134.701,-0.275567
134.7173,-0.275582
134.734,-0.275588
134.7503,-0.275589
134.7678,-0.275589
134.7838,-0.275587
134.8005,-0.275599
134.8165,-0.275608
134.8331,-0.275625
134.8496,-0.275645
134.8671,-0.275668
134.8833,-0.275693
134.9,-0.275719
134.9168,-0.27574
134.9343,-0.27576
134.9501,-0.275781
134.9676,-0.275803
134.984,-0.275825
134.9997,-0.275844
135.0166,-0.275864
135.0341,-0.275887
135.051,-0.275905
135.0675,-0.27592
135.0847,-0.27593
135.101,-0.275945
135.1173,-0.275947
135.1343,-0.275957
135.1509,-0.27597
135.1669,-0.275982
135.1833,-0.275995
135.1998,-0.27601
135.2171,-0.276025
135.2331,-0.276046
135.2506,-0.276066
135.2679,-0.27609
135.2834,-0.276117
135.3005,-0.276138
135.3172,-0.276162
135.334,-0.276178
135.3516,-0.276195
135.3676,-0.276213
135.3837,-0.276227
135.4005,-0.276237
135.4176,-0.276243
135.4349,-0.276246
135.4514,-0.276255
135.4683,-0.276269
135.4841,-0.276274
135.5011,-0.27628
135.5174,-0.276292
135.5339,-0.276311
135.5507,-0.276326
135.5674,-0.276351
135.5834,-0.27637
135.6014,-0.276387
135.6183,-0.276404
135.6335,-0.276423
135.6505,-0.276443
135.6677,-0.276464
135.6837,-0.276478
135.7007,-0.276498
135.7176,-0.276509
135.7339,-0.276523
135.7503,-0.276538
135.767,-0.276555
135.7848,-0.276567
135.7998,-0.276581
135.8181,-0.276591
135.8335,-0.276596
135.851,-0.276603
135.8667,-0.276613
135.8832,-0.276631
135.9003,-0.276646
135.917,-0.276668
135.9335,-0.276692
135.9499,-0.276715
135.9675,-0.27673
135.9843,-0.276749
136.0005,-0.276767
136.017,-0.276783
136.0333,-0.276789
136.0499,-0.276801
136.0677,-0.276816
136.0845,-0.276835
136.1009,-0.276852
136.1167,-0.276873
136.1351,-0.276886
136.1502,-0.276894
136.1671,-0.276908
136.1842,-0.276923
136.2012,-0.276939
136.2169,-0.276951
136.234,-0.276964
136.251,-0.276977
136.2678,-0.276981
136.2835,-0.276984
136.3011,-0.276987
136.3173,-0.276988
136.333,-0.276989
136.3502,-0.276992
136.3675,-0.277001
136.3838,-0.277011
136.4006,-0.277026
136.4173,-0.277043
136.4337,-0.277056
136.4513,-0.277068
136.4672,-0.27708
136.4843,-0.277095
136.5009,-0.277111
136.5164,-0.277129
136.5337,-0.277136
136.5499,-0.277146
136.567,-0.277159
136.5849,-0.277172
136.6006,-0.277186
136.6169,-0.277199
136.6335,-0.277207
136.6501,-0.277222
136.6667,-0.277234
136.6836,-0.277253
136.7,-0.277268
136.7167,-0.277288
136.7343,-0.277305
136.7506,-0.277323
136.7681,-0.277344
136.7835,-0.277364
136.8016,-0.277383
136.8175,-0.277397
136.8339,-0.277411
136.8507,-0.27742
136.868,-0.277432
136.8842,-0.277431
136.9006,-0.27743
136.9176,-0.277433
136.9341,-0.277441
136.9508,-0.277452
136.9678,-0.277465
136.9838,-0.27748
137.0013,-0.277495
137.0185,-0.277509
137.0341,-0.277526
137.0506,-0.277548
137.0677,-0.27757
137.0837,-0.277588
137.1009,-0.277607
137.118,-0.277627
137.1348,-0.277644
137.1515,-0.277658
137.168,-0.277675
137.1841,-0.277688
137.2008,-0.27769
137.2183,-0.277693
137.2342,-0.277689
137.2512,-0.27769
137.2675,-0.277698
137.2839,-0.277699
137.3011,-0.277709
137.3172,-0.277721
137.3344,-0.277728
137.3512,-0.277739
137.3671,-0.277759
137.3842,-0.277772
137.4014,-0.277784
137.4181,-0.277801
137.4354,-0.277816
137.4511,-0.27783
137.4689,-0.277844
137.484,-0.277865
137.502,-0.277884
137.5172,-0.277899
137.5349,-0.277912
137.5521,-0.277931
137.5684,-0.277953
137.586,-0.27797
137.6013,-0.277992
137.6179,-0.278004
137.6348,-0.278013
137.652,-0.278021
137.6687,-0.278033
137.6851,-0.278045
137.7001,-0.278054
137.7187,-0.278065
137.7337,-0.278072
137.7517,-0.278078
137.768,-0.278089
137.7856,-0.278107
137.8018,-0.278121
137.8171,-0.278135
137.8342,-0.27815
137.8512,-0.278163
137.8682,-0.278177
137.8848,-0.278193
137.9022,-0.278211
137.9188,-0.278232
137.9352,-0.278251
137.9524,-0.278268
137.9678,-0.278289
137.9848,-0.278312
138.0017,-0.27833
138.0181,-0.278349
138.0349,-0.278364
138.052,-0.278378
138.0691,-0.278389
138.0853,-0.278394
138.1026,-0.278402
138.1184,-0.27841
138.1344,-0.278413
138.1516,-0.27843
138.1675,-0.278453
138.1855,-0.278475
138.2014,-0.278505
138.218,-0.278532
138.2352,-0.278554
138.252,-0.278568
138.2684,-0.278581
138.2851,-0.278592
138.3019,-0.27861
138.3176,-0.278628
138.3343,-0.278655
138.3524,-0.278684
138.3676,-0.278713
138.3855,-0.278743
138.4017,-0.27877
138.4184,-0.278784
138.4354,-0.278804
138.452,-0.278825
138.4677,-0.278845
138.4844,-0.278863
138.5018,-0.278884
138.5194,-0.278907
138.5353,-0.278927
138.5516,-0.278943
138.5685,-0.27896
138.5858,-0.27898
138.6026,-0.278988
138.6181,-0.278999
138.6352,-0.279015
138.652,-0.27903
138.669,-0.279048
138.6851,-0.279067
138.7015,-0.279084
138.7191,-0.279097
138.7348,-0.27911
138.7528,-0.279133
138.7683,-0.279151
138.7847,-0.27916
138.8011,-0.279169
138.8184,-0.279176
138.8349,-0.279184
138.8514,-0.279198
138.8678,-0.279218
138.885,-0.279237
138.9009,-0.279253
138.9179,-0.279267
138.9353,-0.279289
138.9518,-0.279314
138.9683,-0.279335
138.9844,-0.279365
139.0013,-0.279394
139.0183,-0.279423
139.035,-0.279451
139.0514,-0.279462
139.0685,-0.279484
139.0846,-0.279504
139.1018,-0.279516
139.118,-0.279534
139.1342,-0.279549
139.1516,-0.27956
139.1694,-0.279578
139.1844,-0.279595
139.2027,-0.279612
139.2185,-0.279632
139.2345,-0.279639
139.2526,-0.279648
139.2686,-0.279655
139.2849,-0.279661
139.3022,-0.279666
139.3186,-0.279671
139.3349,-0.279668
139.3518,-0.279671
139.3683,-0.279676
139.3849,-0.279679
139.4012,-0.279688
139.418,-0.279704
139.4349,-0.27972
139.4518,-0.27974
139.4676,-0.279755
139.4848,-0.27977
139.5017,-0.279796
139.5174,-0.279823
139.5349,-0.279849
139.5511,-0.279873
139.5682,-0.279897
139.5854,-0.279915
139.6023,-0.279937
139.6183,-0.279954
139.6346,-0.279974
139.6513,-0.279992
139.6683,-0.28001
139.6849,-0.280026
139.7016,-0.280045
139.7189,-0.280066
139.7342,-0.280084
139.7522,-0.280102
139.7692,-0.280116
139.7856,-0.280124
139.801,-0.280129
139.8179,-0.280137
139.8351,-0.280148
139.8518,-0.280164
139.868,-0.280182
139.8843,-0.280209
139.9012,-0.28023
139.9183,-0.280245
139.9351,-0.280267
139.9522,-0.280297
139.9685,-0.280317
139.9846,-0.280331
140.0013,-0.280345
140.0186,-0.280359
140.0352,-0.280365
140.0516,-0.280376
140.0685,-0.280394
140.0857,-0.280405
140.1015,-0.280414
140.1178,-0.280428
140.1351,-0.280447
140.1521,-0.280465
140.1676,-0.280482
140.1854,-0.280511
140.202,-0.280539
140.2184,-0.280567
140.2346,-0.280586
140.251,-0.280609
140.2692,-0.280627
140.2848,-0.280644
140.3022,-0.280657
140.3175,-0.280671
140.3348,-0.280686
140.3513,-0.280703
140.3688,-0.280723
140.3848,-0.280742
140.4014,-0.280773
140.4189,-0.280805
140.4354,-0.280834
140.452,-0.280861
140.4684,-0.280889
140.4861,-0.280917
140.5023,-0.280934
140.5187,-0.280946
140.5355,-0.280959
140.5518,-0.28097
140.569,-0.280986
140.5856,-0.281004
140.6027,-0.281023
140.6188,-0.281045
140.6355,-0.281065
140.653,-0.281078
140.6688,-0.281088
140.6855,-0.281092
140.7024,-0.281099
140.7191,-0.281109
140.7354,-0.281123
140.752,-0.281136
140.7679,-0.281153
140.7854,-0.281169
140.8023,-0.281193
140.8189,-0.281221
140.8352,-0.281254
140.8531,-0.281277
140.8691,-0.281293
140.886,-0.281298
140.9023,-0.281305
140.9187,-0.281315
140.9351,-0.281328
140.9524,-0.281347
140.9688,-0.281368
140.9851,-0.281386
141.0025,-0.281411
141.0191,-0.281435
141.0357,-0.281454
141.0527,-0.281474
141.0685,-0.281495
141.0858,-0.28151
141.1015,-0.28153
141.1193,-0.28155
141.1352,-0.281569
141.1525,-0.281592
141.1682,-0.281615
141.1864,-0.281639
141.2025,-0.281661
141.2186,-0.281684
141.2356,-0.281711
141.2536,-0.281737
141.2684,-0.281758
141.2858,-0.281779
141.3021,-0.281796
141.3185,-0.281816
141.336,-0.28183
141.3525,-0.281856
141.3694,-0.281875
141.3857,-0.281892
141.4034,-0.281908
141.4191,-0.281926
141.4357,-0.281943
141.4531,-0.281954
141.4686,-0.281968
141.4858,-0.28198
141.5027,-0.281994
141.5197,-0.282012
141.5354,-0.282034
141.5526,-0.282056
141.5692,-0.282076
141.5865,-0.282099
141.6022,-0.282128
141.6185,-0.282154
141.6359,-0.282178
141.6523,-0.282204
141.669,-0.282229
141.6859,-0.282251
141.7025,-0.282279
141.7189,-0.282305
141.7357,-0.282336
141.7524,-0.282364
141.769,-0.282394
141.7867,-0.282414
141.8024,-0.282435
141.8194,-0.282461
141.8357,-0.282477
141.8527,-0.282494
141.8681,-0.282507
141.8853,-0.282523
141.9031,-0.282536
141.9187,-0.282556
141.9359,-0.282583
141.9522,-0.282611
141.9694,-0.282634
141.9855,-0.282652
142.0027,-0.282678
142.0194,-0.282703
142.0354,-0.282724
142.0517,-0.282745
142.0684,-0.282766
142.0856,-0.282792
142.1032,-0.282819
142.1195,-0.282847
142.1362,-0.282873
142.1521,-0.282898
142.1691,-0.282922
142.186,-0.282951
142.2031,-0.282981
142.2187,-0.283015
142.236,-0.283049
142.2527,-0.283069
142.2697,-0.283084
142.2862,-0.283104
142.3032,-0.283123
142.3197,-0.283137
142.3359,-0.283147
142.3527,-0.28315
142.3697,-0.283158
142.3865,-0.283168
142.4023,-0.28319
142.4195,-0.283217
142.4356,-0.283239
142.4533,-0.28326
142.4691,-0.283282
142.4871,-0.283308
142.5034,-0.283331
142.5195,-0.283354
142.5361,-0.283373
142.5529,-0.283392
142.5699,-0.283405
142.5869,-0.283421
142.6035,-0.283441
142.6197,-0.283457
142.6367,-0.283473
142.6526,-0.283486
142.6699,-0.283499
142.6863,-0.283517
142.7021,-0.283535
142.7197,-0.283549
142.7357,-0.283564
142.7535,-0.283577
142.77,-0.283592
142.7863,-0.283608
142.8034,-0.283625
142.8194,-0.283645
142.8356,-0.283661
142.8528,-0.283685
142.8704,-0.283715
142.8871,-0.283747
142.9023,-0.283783
142.9201,-0.28382
142.9363,-0.283849
142.9532,-0.283878
142.9701,-0.283906
142.9862,-0.283941
143.0035,-0.283974
143.0198,-0.284001
143.0369,-0.284027
143.0531,-0.284054
143.0707,-0.284084
143.0869,-0.284111
143.1032,-0.284132
143.1202,-0.284153
143.1365,-0.284166
143.1537,-0.284184
143.1697,-0.284206
143.1866,-0.284228
143.2039,-0.284251
143.2202,-0.284273
143.2368,-0.284298
143.2531,-0.284318
143.2698,-0.284338
143.2876,-0.284356
143.3031,-0.284384
143.3194,-0.28441
143.3356,-0.28444
143.3533,-0.284467
143.3692,-0.284487
143.3867,-0.284511
143.4028,-0.284532
143.421,-0.284552
143.4368,-0.284574
143.4528,-0.284595
143.4702,-0.284619
143.4866,-0.28464
143.5025,-0.284661
143.5191,-0.284688
143.5361,-0.284715
143.5528,-0.284748
143.5696,-0.284785
143.5864,-0.284818
143.6024,-0.284846
143.6199,-0.284873
143.6371,-0.284905
143.6521,-0.284931
143.6695,-0.284951
143.6866,-0.284976
143.7034,-0.284997
143.7199,-0.285026
143.7356,-0.28506
143.7532,-0.285097
143.7697,-0.285129
143.7857,-0.285159
143.8036,-0.285188
143.8191,-0.285209
143.8369,-0.285229
143.8526,-0.285255
143.869,-0.285281
143.8857,-0.285302
143.9026,-0.285327
143.9201,-0.285351
143.9368,-0.285378
143.9529,-0.285407
143.9708,-0.285436
143.9866,-0.285465
144.0032,-0.285488
144.0199,-0.28551
144.0365,-0.285541
144.0534,-0.285572
144.0694,-0.285596
144.0862,-0.285616
144.1031,-0.28564
144.1199,-0.285667
144.1368,-0.285688
144.1532,-0.285704
144.1697,-0.285722
144.1873,-0.285747
144.2042,-0.28577
144.2192,-0.285793
144.2354,-0.285816
144.2535,-0.285842
144.2696,-0.285868
144.2856,-0.28589
144.3022,-0.285927
144.3197,-0.285957
144.3366,-0.285977
144.3534,-0.286005
144.3693,-0.286037
144.3864,-0.286072
144.4023,-0.286103
144.4196,-0.286141
144.4359,-0.286175
144.4535,-0.286204
144.4697,-0.286235
144.4871,-0.28626
144.5032,-0.286285
144.5208,-0.286307
144.5363,-0.286328
144.5538,-0.286346
144.5693,-0.28636
144.5867,-0.286382
144.6027,-0.28641
144.6199,-0.286433
144.6363,-0.286462
144.653,-0.286491
144.6698,-0.286517
144.686,-0.286548
144.7026,-0.286571
144.7207,-0.286605
144.7362,-0.286641
144.7535,-0.286677
144.7701,-0.286724
144.7866,-0.28676
144.8037,-0.286792
144.8208,-0.286827
144.8367,-0.286859
144.8542,-0.286884
144.8694,-0.286913
144.8865,-0.286942
144.9036,-0.286971
144.9204,-0.286998
144.9366,-0.287027
144.9535,-0.287059
144.9699,-0.28708
144.9861,-0.287104
145.0031,-0.287133
145.0193,-0.287154
145.0364,-0.287178
145.0534,-0.28721
145.0708,-0.287249
145.0865,-0.287291
145.1028,-0.287336
145.1197,-0.287372
145.1377,-0.287405
145.1539,-0.287433
145.1699,-0.287461
145.1863,-0.287491
145.203,-0.287513
145.2197,-0.28753
145.2365,-0.287549
145.2528,-0.287568
145.2694,-0.287593
145.2863,-0.287617
145.3028,-0.28764
145.3194,-0.287663
145.3361,-0.287691
145.3527,-0.287721
145.369,-0.287754
145.3858,-0.287786
145.4029,-0.287817
145.4203,-0.287846
145.436,-0.28787
145.4525,-0.287895
145.4702,-0.287921
145.4855,-0.287945
145.503,-0.28797
145.5193,-0.287994
145.5356,-0.288017
145.5531,-0.288036
145.5694,-0.288062
145.5862,-0.288089
145.6025,-0.288115
145.6192,-0.288143
145.6363,-0.288168
145.653,-0.288196
145.6695,-0.288231
145.6863,-0.288261
145.7032,-0.28829
145.7199,-0.288317
145.7359,-0.288339
145.7529,-0.288364
145.7702,-0.288394
145.7872,-0.288422
145.8034,-0.28845
145.82,-0.288471
145.8372,-0.288485
145.8535,-0.2885
145.8699,-0.288509
145.8869,-0.288516
145.9031,-0.288526
145.9205,-0.288535
145.9373,-0.288548
145.9532,-0.28856
145.97,-0.288576
145.9866,-0.288594
146.0035,-0.288614
146.0199,-0.288637
146.0368,-0.288669
146.0534,-0.288701
146.0698,-0.288733
146.0869,-0.288764
146.1039,-0.288795
146.1208,-0.288826
146.1371,-0.288858
146.1541,-0.288884
146.1709,-0.288905
146.1867,-0.288921
146.2035,-0.288941
146.2194,-0.288969
146.2376,-0.289002
146.2541,-0.289041
146.2709,-0.28908
146.2871,-0.28912
146.3038,-0.289159
146.3206,-0.289189
146.3374,-0.28922
146.3536,-0.289243
146.37,-0.289263
146.3874,-0.28929
146.4031,-0.289324
146.421,-0.289361
146.4368,-0.2894
146.4536,-0.289438
146.4705,-0.289479
146.4872,-0.289516
146.5036,-0.289549
146.5209,-0.289583
146.5377,-0.289607
146.5542,-0.289628
146.57,-0.289651
146.587,-0.289679
146.604,-0.289708
146.6201,-0.289744
146.6371,-0.289783
146.6536,-0.289821
146.6709,-0.289858
146.6878,-0.289902
146.7038,-0.289951
146.7202,-0.289993
146.737,-0.290025
146.7543,-0.290053
146.771,-0.290084
146.7873,-0.29012
146.8042,-0.290153
146.8199,-0.290186
146.8373,-0.29022
146.8539,-0.29025
146.8704,-0.290286
146.8874,-0.290324
146.9041,-0.290361
146.9203,-0.290394
146.9369,-0.290425
146.9547,-0.290455
146.9707,-0.290478
146.9873,-0.290501
147.0038,-0.290525
147.021,-0.290557
147.0369,-0.290588
147.0535,-0.290626
147.0706,-0.290664
147.0862,-0.290704
147.1052,-0.290753
147.1203,-0.290802
147.1363,-0.290845
147.1534,-0.290885
147.1708,-0.290921
147.1871,-0.290955
147.2042,-0.290982
147.2203,-0.291012
147.2364,-0.29104
147.2539,-0.291066
147.2703,-0.29109
147.287,-0.291122
147.3037,-0.291157
147.3205,-0.291188
147.3369,-0.291222
147.3528,-0.291253
147.3703,-0.291289
147.3873,-0.291321
147.403,-0.291355
147.4208,-0.291395
147.4377,-0.291442
147.4542,-0.291483
147.4706,-0.291524
147.4865,-0.291554
147.5041,-0.29158
147.5208,-0.291612
147.5372,-0.291641
147.5539,-0.291667
147.5697,-0.291694
147.5869,-0.291718
147.6039,-0.291755
147.6201,-0.291796
147.6367,-0.291835
147.654,-0.291874
147.6702,-0.29191
147.6874,-0.29195
147.7039,-0.291991
147.72,-0.292024
147.7365,-0.292051
147.7538,-0.292078
147.7705,-0.292105
147.788,-0.292131
147.8033,-0.292161
147.8199,-0.292197
147.837,-0.292231
147.8538,-0.292272
147.8705,-0.292315
147.8869,-0.292353
147.9046,-0.292395
147.9201,-0.292437
147.9379,-0.292477
147.9538,-0.292513
147.9702,-0.292549
147.9872,-0.292583
148.0043,-0.292615
148.0206,-0.292654
148.0373,-0.292702
148.0536,-0.29275
148.0702,-0.29279
148.0872,-0.292822
148.1038,-0.292862
148.1207,-0.29291
148.1373,-0.292956
148.154,-0.292997
148.1702,-0.293029
148.1872,-0.293055
148.2037,-0.293091
148.2204,-0.293126
148.2371,-0.29316
148.254,-0.293183
148.2711,-0.293214
148.2881,-0.293253
148.3041,-0.293296
148.3212,-0.293341
148.3373,-0.293391
148.3544,-0.29343
148.371,-0.293458
148.3876,-0.293491
148.4048,-0.293527
148.4211,-0.29356
148.4368,-0.293579
148.4536,-0.293595
148.4709,-0.293623
148.4877,-0.293657
148.5036,-0.293693
148.5195,-0.293731
148.5366,-0.293772
148.5534,-0.293815
148.5704,-0.293857
148.5871,-0.293901
148.604,-0.293939
148.6209,-0.293973
148.6374,-0.294011
148.6543,-0.294047
148.6711,-0.294082
148.6872,-0.294118
148.7031,-0.294149
148.7213,-0.294187
148.737,-0.294226
148.7535,-0.294257
148.7704,-0.294294
148.7872,-0.294339
148.8043,-0.294379
148.8209,-0.294422
148.8371,-0.294465
148.8535,-0.294507
148.8711,-0.294556
148.8876,-0.2946
148.9035,-0.294645
148.9214,-0.294686
148.9375,-0.294732
148.9537,-0.294775
148.9704,-0.294821
148.9872,-0.294859
149.0037,-0.294896
149.0215,-0.294939
149.0377,-0.294979
149.0538,-0.295011
149.07,-0.295041
149.0872,-0.295073
149.1047,-0.295102
149.1196,-0.295139
149.1372,-0.295179
149.1544,-0.295217
149.1708,-0.295258
149.1877,-0.295296
149.205,-0.295347
149.2209,-0.29539
149.2379,-0.29543
149.2542,-0.295461
149.2702,-0.295492
149.2874,-0.295518
149.3033,-0.295547
149.3209,-0.295583
149.3367,-0.295621
149.3536,-0.29567
149.3707,-0.295715
149.3877,-0.295765
149.404,-0.29581
149.4201,-0.295853
149.4374,-0.2959
149.454,-0.295945
149.4705,-0.295992
149.4872,-0.296027
149.5044,-0.296064
149.5208,-0.296094
149.5373,-0.296128
149.5533,-0.296166
149.5691,-0.296208
149.5878,-0.296248
149.6037,-0.296293
149.6201,-0.296335
149.6374,-0.296376
149.6534,-0.296421
149.6709,-0.296464
149.6872,-0.296507
149.7039,-0.296551
149.7201,-0.29659
149.7369,-0.296626
149.7553,-0.296665
149.7708,-0.296705
149.7867,-0.296745
149.8043,-0.296788
149.8206,-0.296826
149.8369,-0.29686
149.8534,-0.2969
149.8702,-0.296939
149.8874,-0.296982
149.9038,-0.297024
149.9207,-0.297063
149.9375,-0.297097
149.9543,-0.297132
149.9709,-0.297165
149.9872,-0.297207
150.0037,-0.29725
150.0205,-0.29729
150.0375,-0.297329
150.0543,-0.297373
150.0707,-0.297418
150.0873,-0.297469
150.1037,-0.297517
150.1208,-0.297566
150.1372,-0.297612
150.1547,-0.297659
150.1703,-0.297707
150.1875,-0.297747
150.2037,-0.297791
150.2211,-0.297833
150.2374,-0.297876
150.2543,-0.297924
150.2706,-0.297968
150.2879,-0.298016
150.3041,-0.298064
150.3203,-0.298113
150.3376,-0.298155
150.3536,-0.298197
150.37,-0.298239
150.3878,-0.298278
150.4042,-0.298324
150.4207,-0.298367
150.437,-0.298414
150.4545,-0.298463
150.4712,-0.298509
150.4886,-0.298556
150.5039,-0.298601
150.5209,-0.298646
150.5377,-0.298677
150.554,-0.298707
150.5706,-0.298739
150.5879,-0.298772
150.6048,-0.298805
150.6207,-0.298841
150.6375,-0.298885
150.6537,-0.298935
150.6707,-0.298989
150.6878,-0.299046
150.7044,-0.299098
150.7216,-0.299149
150.7378,-0.299192
150.7545,-0.299228
150.7707,-0.299263
150.7876,-0.299295
150.8044,-0.29933
150.8207,-0.299367
150.8373,-0.299405
150.8544,-0.299452
150.8708,-0.299497
150.8885,-0.29954
150.9046,-0.299584
150.9211,-0.299627
150.938,-0.299663
150.9545,-0.299705
150.9708,-0.299746
150.9875,-0.29979
151.0051,-0.299837
151.0208,-0.299879
151.0376,-0.299925
151.0539,-0.29997
151.0713,-0.300018
151.0883,-0.300061
151.1045,-0.300105
151.1211,-0.300154
151.137,-0.300204
151.1546,-0.300254
151.1711,-0.300303
151.1874,-0.300358
151.205,-0.30041
151.2211,-0.300464
151.2373,-0.30051
151.2554,-0.300559
151.2716,-0.300605
151.2884,-0.300645
151.3041,-0.30069
151.3218,-0.30074
151.3382,-0.300788
151.3547,-0.300837
151.3716,-0.300888
151.3891,-0.300945
151.4047,-0.300997
151.4218,-0.301041
151.4382,-0.301088
151.4551,-0.301135
151.4719,-0.301166
151.4881,-0.301196
151.5045,-0.301238
151.5217,-0.301284
151.538,-0.301329
151.5547,-0.301375
151.5718,-0.301421
151.5891,-0.301467
151.6059,-0.301513
151.6209,-0.301564
151.6379,-0.301616
151.6549,-0.301665
151.6711,-0.301719
151.6873,-0.301779
151.7054,-0.301842
151.7217,-0.301911
151.7378,-0.301971
151.755,-0.302029
151.7721,-0.302084
151.788,-0.302143
151.8053,-0.302198
151.8215,-0.302242
151.8388,-0.302283
151.8548,-0.302316
151.8719,-0.302357
151.8886,-0.302408
151.9044,-0.302454
151.9218,-0.302492
151.9385,-0.30253
151.9548,-0.302575
151.972,-0.302631
151.9878,-0.302693
152.0046,-0.302749
152.0213,-0.302802
152.0389,-0.302852
152.0555,-0.302906
152.0719,-0.302962
152.0888,-0.303012
152.1049,-0.30306
152.1215,-0.303104
152.1378,-0.303152
152.1547,-0.303198
152.1712,-0.303251
152.1879,-0.303312
152.2049,-0.303372
152.2216,-0.303429
152.2381,-0.303497
152.2545,-0.303559
152.272,-0.303618
152.2877,-0.303683
152.3044,-0.303744
152.3215,-0.303805
152.3374,-0.303871
152.3542,-0.303928
152.3717,-0.303986
152.3878,-0.304038
152.4047,-0.304083
152.422,-0.304129
152.4374,-0.304171
152.4545,-0.304213
152.471,-0.304255
152.4879,-0.304292
152.5044,-0.304332
152.5215,-0.304381
152.5374,-0.304432
152.5546,-0.304495
152.5713,-0.30456
152.5884,-0.304618
152.605,-0.30467
152.6215,-0.304728
152.6382,-0.304779
152.6546,-0.304827
152.6716,-0.304874
152.6879,-0.304917
152.7047,-0.304955
152.7211,-0.304995
152.7384,-0.305035
152.7544,-0.305078
152.7715,-0.305124
152.7888,-0.305169
152.8047,-0.305212
152.8209,-0.305253
152.8386,-0.305296
152.8548,-0.305342
152.8717,-0.305387
152.8876,-0.305432
152.9047,-0.305483
152.9217,-0.305531
152.9384,-0.305583
152.9545,-0.305636
152.9723,-0.305689
152.9881,-0.305743
153.0041,-0.305788
153.0217,-0.305832
153.0383,-0.305874
153.0552,-0.305914
153.0721,-0.30596
153.088,-0.305998
153.1049,-0.306032
153.1216,-0.306067
153.1389,-0.306109
153.1562,-0.306157
153.1711,-0.306208
153.1879,-0.306258
153.2051,-0.30631
153.2218,-0.306359
153.2381,-0.30641
153.2549,-0.306461
153.2719,-0.306505
153.2888,-0.306547
153.3044,-0.30659
153.3219,-0.306634
153.3384,-0.306678
153.3553,-0.30673
153.3721,-0.306787
153.3887,-0.306853
153.4049,-0.306922
153.4215,-0.306987
153.4392,-0.307048
153.4553,-0.307103
153.4718,-0.307156
153.4883,-0.30721
153.5045,-0.307255
153.5215,-0.3073
153.5381,-0.307347
153.5546,-0.307394
153.5715,-0.307441
153.5883,-0.307496
153.6049,-0.307541
153.6218,-0.307597
153.6377,-0.307655
153.6557,-0.307716
153.672,-0.307776
153.6884,-0.307831
153.7054,-0.307892
153.7219,-0.307951
153.7384,-0.308012
153.755,-0.308074
153.7717,-0.308133
153.789,-0.308181
153.8053,-0.308226
153.8223,-0.308267
153.839,-0.308312
153.8547,-0.308355
153.8711,-0.3084
153.8887,-0.308445
153.9044,-0.308498
153.922,-0.308548
153.9376,-0.308601
153.955,-0.308659
153.9721,-0.308718
153.9887,-0.308774
154.0042,-0.308827
154.0221,-0.308884
154.0378,-0.308939
154.0548,-0.308993
154.071,-0.309053
154.0877,-0.309112
154.1045,-0.309168
154.1217,-0.309221
154.1376,-0.309267
154.1554,-0.309318
154.1722,-0.309361
154.1882,-0.309404
154.204,-0.309443
154.2204,-0.309487
154.2384,-0.309534
154.2542,-0.309583
154.2714,-0.309636
154.2879,-0.309692
154.3038,-0.309753
154.3213,-0.309807
154.338,-0.309872
154.3538,-0.309927
154.3705,-0.30999
154.3872,-0.310051
154.4044,-0.310115
154.4216,-0.310173
154.437,-0.310232
154.4548,-0.310285
154.4712,-0.310325
154.4882,-0.310367
154.5044,-0.310405
154.5207,-0.310445
154.537,-0.310478
154.5539,-0.310519
154.5709,-0.31056
154.5877,-0.31061
154.6041,-0.310661
154.6205,-0.310711
154.6368,-0.310765
154.6538,-0.310819
154.6707,-0.310871
154.6873,-0.310928
154.704,-0.310983
154.7212,-0.31103
154.7384,-0.311082
154.7545,-0.31113
154.7712,-0.311178
154.7877,-0.311228
154.8045,-0.311274
154.8216,-0.311322
154.8379,-0.31137
154.8546,-0.311417
154.8718,-0.311455
154.8882,-0.311494
154.9048,-0.311537
154.9217,-0.311582
154.9379,-0.311632
154.9553,-0.311685
154.9713,-0.311739
154.9886,-0.311796
155.0047,-0.311849
155.0216,-0.311906
155.0394,-0.311959
155.0548,-0.312014
155.0721,-0.312063
155.0886,-0.312119
155.1046,-0.312172
155.1213,-0.312226
155.1375,-0.312283
155.1553,-0.312327
155.1726,-0.312373
155.1881,-0.31242
155.2044,-0.31247
155.2216,-0.312519
155.2385,-0.312568
155.2549,-0.312616
155.2718,-0.312661
155.2881,-0.312707
155.3052,-0.312755
155.3213,-0.31281
155.3383,-0.312862
155.3548,-0.312916
155.3714,-0.312973
155.3887,-0.313036
155.4051,-0.313101
155.4207,-0.313162
155.4382,-0.313219
155.4549,-0.313277
155.4713,-0.313333
155.488,-0.313387
155.505,-0.313446
155.5212,-0.313508
155.5389,-0.313567
155.5547,-0.313625
155.5717,-0.313685
155.5889,-0.313742
155.6062,-0.313797
155.6221,-0.31385
155.6383,-0.313902
155.6556,-0.313953
155.6723,-0.314006
155.6888,-0.314058
155.7052,-0.314114
155.7217,-0.314181
155.7387,-0.314238
155.7558,-0.314294
155.7722,-0.314341
155.7882,-0.314385
155.8049,-0.314422
155.8217,-0.314466
155.8393,-0.314517
155.8547,-0.314571
155.8711,-0.314636
155.8877,-0.3147
155.9044,-0.31476
155.9214,-0.314822
155.9376,-0.314893
155.9545,-0.314959
155.9715,-0.315017
155.9876,-0.315084
156.0045,-0.315155
156.0211,-0.315224
156.0372,-0.315285
156.0548,-0.315353
156.0716,-0.315414
156.0885,-0.315477
156.1051,-0.315543
156.121,-0.31561
156.1383,-0.315676
156.1544,-0.315738
156.1716,-0.315794
156.1879,-0.315853
156.2051,-0.315902
156.2205,-0.315944
156.2379,-0.31599
156.2547,-0.316037
156.2714,-0.316085
156.2879,-0.316139
156.3039,-0.316197
156.3215,-0.316258
156.3391,-0.316317
156.3554,-0.316369
156.3719,-0.316422
156.3887,-0.316467
156.4052,-0.316509
156.4222,-0.316551
156.4381,-0.316596
156.4549,-0.316642
156.4721,-0.316691
156.4884,-0.31674
156.5046,-0.316795
156.5221,-0.31686
156.5384,-0.316918
156.5554,-0.316978
156.572,-0.317034
156.5894,-0.317084
156.6065,-0.317129
156.6213,-0.317179
156.6387,-0.31723
156.6561,-0.317287
156.6726,-0.317342
156.6893,-0.317398
156.7061,-0.31746
156.7219,-0.317518
156.7399,-0.317576
156.7562,-0.31763
156.7726,-0.317677
156.7896,-0.317721
156.8054,-0.317764
156.8227,-0.317811
156.8388,-0.317858
156.856,-0.317906
156.8728,-0.317956
156.8897,-0.31801
156.9059,-0.318064
156.9224,-0.318121
156.9401,-0.318181
156.9566,-0.318238
156.9733,-0.318296
156.9895,-0.318357
157.0061,-0.318413
157.0232,-0.318469
157.0397,-0.318529
157.0556,-0.318582
157.0729,-0.318634
157.0895,-0.31869
157.107,-0.318745
157.1241,-0.3188
157.1395,-0.318853
157.1561,-0.318901
157.1724,-0.318956
157.1902,-0.319014
157.2067,-0.319078
157.2234,-0.31914
157.2399,-0.319205
157.2565,-0.319274
157.2735,-0.319336
157.2905,-0.319391
157.3059,-0.319452
157.3232,-0.319509
157.3408,-0.319569
157.3571,-0.319638
157.3729,-0.31971
157.3896,-0.31978
157.4072,-0.319853
157.4229,-0.319924
157.4402,-0.319989
157.4566,-0.320046
157.4737,-0.3201
157.4902,-0.32015
157.5069,-0.320195
157.523,-0.320238
157.5396,-0.320287
157.5565,-0.320341
157.5728,-0.320395
157.5893,-0.320451
157.6064,-0.320508
157.6229,-0.320566
157.6393,-0.320624
157.6564,-0.320688
157.6721,-0.320756
157.6896,-0.320829
157.7062,-0.320897
157.723,-0.320961
157.7394,-0.321022
157.7564,-0.321082
157.7734,-0.321139
157.7899,-0.321195
157.8051,-0.321254
157.8224,-0.321317
157.8398,-0.321386
157.8563,-0.321457
157.8735,-0.321528
157.8893,-0.321598
157.9062,-0.321661
157.9237,-0.321714
157.9391,-0.321766
157.9553,-0.321822
157.9726,-0.32188
157.9894,-0.321926
158.0057,-0.321977
158.0223,-0.322031
158.0394,-0.322089
158.056,-0.32215
158.0729,-0.322204
158.0895,-0.32226
158.1049,-0.322316
158.1224,-0.322376
158.1389,-0.32244
158.155,-0.3225
158.1719,-0.32256
158.1885,-0.322616
158.206,-0.322673
158.2218,-0.322731
158.239,-0.322789
158.2552,-0.322843
158.2716,-0.3229
158.2884,-0.322952
158.3057,-0.323003
158.3221,-0.323061
158.3381,-0.323125
158.3548,-0.323188
158.3716,-0.323246
158.3879,-0.323303
158.4055,-0.323356
158.4218,-0.323401
158.4392,-0.323445
158.4552,-0.323493
158.4712,-0.323543
158.4882,-0.32359
158.5051,-0.323644
158.5213,-0.323698
158.5389,-0.323756
158.5552,-0.323814
158.5719,-0.323863
158.5891,-0.323912
158.6055,-0.323957
158.6211,-0.324007
158.6383,-0.324056
158.655,-0.324105
158.6722,-0.324158
158.6889,-0.324216
158.7055,-0.32427
158.7213,-0.324318
158.7387,-0.324363
158.7554,-0.324402
158.772,-0.324444
158.7884,-0.324485
158.8045,-0.32452
158.8212,-0.32456
158.8383,-0.324612
158.8554,-0.324666
158.8715,-0.324716
158.8883,-0.324769
158.9054,-0.324822
158.9221,-0.324879
158.9386,-0.324928
158.9542,-0.324981
158.9722,-0.325032
158.9881,-0.325074
159.005,-0.325122
159.0213,-0.325169
159.0387,-0.325211
159.0553,-0.325256
159.0718,-0.325299
159.0887,-0.325346
159.1052,-0.325391
159.1211,-0.32543
159.1394,-0.325472
159.155,-0.325504
159.1718,-0.325544
159.1881,-0.325583
159.2051,-0.325618
159.2212,-0.325647
159.2375,-0.325689
159.2547,-0.325732
159.2716,-0.325787
159.2881,-0.325838
159.3047,-0.325898
159.3215,-0.325962
159.3379,-0.326023
159.3547,-0.326075
159.3709,-0.32612
159.3882,-0.326169
159.405,-0.326219
159.4224,-0.326269
159.4386,-0.326315
159.4544,-0.326359
159.472,-0.326403
159.4883,-0.326447
159.5049,-0.326488
159.5215,-0.326532
159.538,-0.326566
159.5546,-0.326595
159.5717,-0.326633
159.5882,-0.326675
159.6053,-0.326716
159.6212,-0.326759
159.6381,-0.326801
159.6544,-0.326847
159.6719,-0.326897
159.6883,-0.326949
159.7051,-0.327005
159.7214,-0.32706
159.7384,-0.327114
159.7549,-0.327161
159.7719,-0.327206
159.7886,-0.327245
159.8054,-0.327287
159.8221,-0.327327
159.8382,-0.327371
159.8548,-0.327415
159.8719,-0.327454
159.8881,-0.327497
159.905,-0.327548
159.9223,-0.327605
159.939,-0.327659
159.9547,-0.327714
159.972,-0.327768
159.9885,-0.327815
160.0064,-0.327855
160.0222,-0.327903
160.0389,-0.327942
160.0553,-0.327978
160.0723,-0.328015
160.0887,-0.328052
160.1062,-0.328097
160.1215,-0.328148
160.1384,-0.328206
160.1555,-0.328252
160.1718,-0.328298
160.1891,-0.328348
160.206,-0.328402
160.2225,-0.328442
160.2379,-0.328474
160.2553,-0.328505
160.2721,-0.328544
160.2887,-0.328582
160.3055,-0.328626
160.3219,-0.328677
160.3394,-0.328724
160.3554,-0.328767
160.3719,-0.328823
160.389,-0.328879
160.405,-0.328935
160.422,-0.328982
160.4388,-0.329025
160.4557,-0.329067
160.4726,-0.329109
160.4892,-0.329156
160.5051,-0.329199
160.5221,-0.329241
160.5392,-0.329287
160.556,-0.329333
160.5726,-0.329381
160.5892,-0.329432
160.6065,-0.329475
160.6232,-0.329522
160.6389,-0.329575
160.6555,-0.329621
160.6723,-0.32967
160.6894,-0.329714
160.7056,-0.329763
160.7225,-0.329813
160.7389,-0.329857
160.7553,-0.329902
160.7729,-0.329948
160.7895,-0.329992
160.8064,-0.330039
160.8226,-0.33008
160.8399,-0.330119
160.8557,-0.330165
160.872,-0.330215
160.8891,-0.330263
160.9056,-0.330306
160.9226,-0.330352
160.94,-0.330408
160.9562,-0.330464
160.9738,-0.330522
160.9889,-0.330579
161.0065,-0.330634
161.0231,-0.330686
161.0391,-0.330735
161.0565,-0.330784
161.0733,-0.33083
161.0901,-0.330874
161.1069,-0.330917
161.1236,-0.330953
161.1394,-0.330984
161.1566,-0.331016
161.1735,-0.331053
161.1906,-0.331089
161.2061,-0.33113
161.2233,-0.331173
161.2396,-0.331216
161.2568,-0.331258
161.2737,-0.331305
161.2907,-0.331358
161.307,-0.331405
161.3231,-0.33145
161.3398,-0.331494
161.3566,-0.331546
161.3731,-0.331601
161.3906,-0.331657
161.4067,-0.331714
161.424,-0.331764
161.4408,-0.331816
161.4574,-0.331874
161.4742,-0.331923
161.4907,-0.331966
161.5073,-0.332009
161.5247,-0.332057
161.5405,-0.332104
161.5572,-0.332157
161.5736,-0.332201
161.5904,-0.332252
161.6071,-0.332301
161.624,-0.332358
161.6402,-0.332415
161.6565,-0.332468
161.6747,-0.332519
161.6907,-0.332573
161.7072,-0.33263
161.724,-0.332689
161.7409,-0.332754
161.7574,-0.332817
161.7741,-0.332871
161.7901,-0.33292
161.807,-0.332962
161.8242,-0.332997
161.8407,-0.333041
161.8568,-0.333083
161.8728,-0.333121
161.8906,-0.333157
161.9067,-0.333205
161.9237,-0.333262
161.9396,-0.33333
161.956,-0.333394
161.9724,-0.333455
161.9896,-0.333514
162.0066,-0.33357
162.0233,-0.333627
162.0394,-0.333686
162.0567,-0.333738
162.0728,-0.333786
162.0894,-0.333833
162.1056,-0.333881
162.1229,-0.333931
162.139,-0.33398
162.1561,-0.334033
162.1721,-0.33409
162.1891,-0.334146
162.2061,-0.3342
162.2224,-0.334251
162.2391,-0.334305
162.2557,-0.334359
162.2728,-0.334409
162.2884,-0.334452
162.3061,-0.334494
162.3221,-0.334538
162.3385,-0.334585
162.3558,-0.334631
162.3718,-0.334681
162.3887,-0.334724
162.4058,-0.334772
162.4226,-0.334818
162.4384,-0.334868
162.4555,-0.334921
162.4719,-0.334977
162.489,-0.335029
162.5056,-0.335076
162.5221,-0.335121
162.5387,-0.335169
162.5561,-0.33521
162.5727,-0.335242
162.5896,-0.335268
162.605,-0.335299
162.6224,-0.335327
162.6389,-0.335349
162.6553,-0.335364
162.6722,-0.335384
162.689,-0.335412
162.7057,-0.33545
162.7225,-0.335484
162.738,-0.335527
162.7549,-0.335574
162.7726,-0.335616
162.7895,-0.335669
162.8058,-0.335721
162.8224,-0.335776
162.8389,-0.335828
162.8554,-0.335867
162.8726,-0.335903
162.8885,-0.335937
162.906,-0.335973
162.9227,-0.336003
162.9386,-0.336034
162.9548,-0.336065
162.9725,-0.336105
162.9888,-0.336143
163.0053,-0.336181
163.023,-0.336224
163.0388,-0.336259
163.056,-0.336294
163.0719,-0.336324
163.0892,-0.336352
163.1055,-0.336379
163.1225,-0.336406
163.1392,-0.336433
163.1559,-0.336464
163.1727,-0.336496
163.1893,-0.336524
163.2057,-0.336553
163.222,-0.336584
163.2386,-0.336614
163.2561,-0.336644
163.2721,-0.336673
163.289,-0.336711
163.3059,-0.336751
163.3221,-0.336791
163.3395,-0.336833
163.3554,-0.336879
163.3726,-0.336922
163.3891,-0.33696
163.4054,-0.336996
163.4228,-0.337029
163.4395,-0.337059
163.4556,-0.337097
163.4724,-0.337134
163.489,-0.337169
163.5056,-0.3372
163.5229,-0.337238
163.5401,-0.337275
163.5556,-0.337308
163.5722,-0.337341
163.589,-0.337371
163.6063,-0.337401
163.6222,-0.337433
163.6395,-0.33747
163.6554,-0.33751
163.6721,-0.337552
163.6894,-0.337592
163.7067,-0.337632
163.7225,-0.337671
163.7396,-0.337714
163.7567,-0.337751
163.7729,-0.337777
163.7895,-0.337805
163.806,-0.337828
163.8224,-0.337852
163.8398,-0.337874
163.8562,-0.337902
163.8729,-0.337933
163.8884,-0.337965
163.9066,-0.337999
163.9227,-0.338041
163.939,-0.338084
163.9551,-0.338124
163.9722,-0.338164
163.9897,-0.3382
164.006,-0.33824
164.0224,-0.338279
164.039,-0.33832
164.0556,-0.338358
164.0724,-0.338392
164.0895,-0.338425
164.1053,-0.338463
164.1228,-0.338499
164.1395,-0.338529
164.1562,-0.338556
164.1732,-0.338578
164.1898,-0.338603
164.2053,-0.33863
164.2227,-0.338661
164.2399,-0.33869
164.2559,-0.338719
164.2724,-0.338753
164.2888,-0.338796
164.306,-0.33884
164.3223,-0.338885
164.3394,-0.33893
164.3558,-0.338978
164.3728,-0.339032
164.3894,-0.339086
164.4058,-0.339136
164.4227,-0.339181
164.4398,-0.339223
164.4558,-0.339264
164.4735,-0.339297
164.4902,-0.33933
164.506,-0.339361
164.5228,-0.339391
164.5397,-0.33942
164.5557,-0.339454
164.5727,-0.339485
164.59,-0.339522
164.6064,-0.33956
164.6231,-0.3396
164.6398,-0.339642
164.6563,-0.339677
164.673,-0.339718
164.6898,-0.339755
164.7061,-0.33979
164.723,-0.339825
164.739,-0.339861
164.7564,-0.339892
164.7725,-0.339922
164.7896,-0.339954
164.8066,-0.33999
164.8228,-0.340031
164.8401,-0.340065
164.8565,-0.340095
164.8728,-0.340129
164.8894,-0.340156
164.9059,-0.340191
164.9228,-0.340222
164.9398,-0.340254
164.956,-0.340288
164.973,-0.340322
164.9897,-0.34036
165.0065,-0.340403
165.0226,-0.340438
165.0399,-0.340476
165.0562,-0.340519
165.0733,-0.340556
165.0897,-0.340594
165.1063,-0.340629
165.1232,-0.340664
165.1394,-0.340703
165.1562,-0.340743
165.173,-0.340784
165.189,-0.340823
165.2058,-0.340867
165.2232,-0.340909
165.2401,-0.340947
165.2561,-0.340989
165.2737,-0.341026
165.2892,-0.34106
165.3068,-0.341093
165.3232,-0.341125
165.3398,-0.341158
165.3567,-0.34119
165.3733,-0.341224
165.3895,-0.341253
165.4063,-0.341283
165.4236,-0.341314
165.4404,-0.341348
165.456,-0.341379
165.4728,-0.341413
165.4899,-0.34145
165.507,-0.341484
165.5237,-0.341522
165.5401,-0.341558
165.5564,-0.341591
165.5735,-0.341625
165.59,-0.341659
165.607,-0.341694
165.6232,-0.34173
165.6399,-0.341762
165.657,-0.341792
165.6727,-0.341824
165.6895,-0.341852
165.7064,-0.341887
165.7236,-0.341925
165.7397,-0.341962
165.7565,-0.342001
165.7736,-0.342039
165.7899,-0.342078
165.8071,-0.342111
165.824,-0.342138
165.8404,-0.342168
165.8566,-0.342195
165.873,-0.342216
165.8897,-0.342242
165.9061,-0.342267
165.9232,-0.342302
165.9402,-0.342334
165.9563,-0.342366
165.9736,-0.342389
165.9901,-0.342411
166.007,-0.342433
166.0234,-0.342461
166.0399,-0.342489
166.0563,-0.342521
166.0729,-0.342561
166.0907,-0.342599
166.1075,-0.342636
166.1234,-0.342672
166.14,-0.342703
166.1566,-0.342734
166.1731,-0.34276
166.1904,-0.342782
166.2072,-0.342804
166.2236,-0.34283
166.2408,-0.342862
166.2568,-0.342892
166.2728,-0.342919
166.2899,-0.342949
166.3068,-0.342975
166.3235,-0.343002
166.3401,-0.343038
166.3563,-0.343082
166.3732,-0.34312
166.3901,-0.343151
166.4066,-0.343186
166.424,-0.343222
166.4402,-0.343261
166.4564,-0.3433
166.4736,-0.343338
166.4902,-0.343373
166.5066,-0.343408
166.5235,-0.343449
166.5402,-0.343484
166.5567,-0.34352
166.5736,-0.343545
166.5905,-0.343575
166.6075,-0.343609
166.6232,-0.343635
166.64,-0.343664
166.6575,-0.343693
166.6743,-0.34372
166.6904,-0.343753
166.7072,-0.34379
166.7242,-0.343825
166.7401,-0.343863
166.7572,-0.3439
166.774,-0.343938
166.7903,-0.343972
166.8072,-0.344003
166.8242,-0.344035
166.8414,-0.344063
166.8568,-0.344083
166.8736,-0.344107
166.8902,-0.344126
166.9072,-0.344152
166.9236,-0.344179
166.9402,-0.34421
166.9577,-0.344245
166.9739,-0.344275
166.9911,-0.344313
167.0071,-0.34435
167.024,-0.344386
167.0404,-0.344413
167.0574,-0.344438
167.0744,-0.344466
167.0912,-0.344491
167.1079,-0.344511
167.1235,-0.344536
167.1405,-0.344558
167.1578,-0.344588
167.174,-0.344627
167.1902,-0.344665
167.2072,-0.344701
167.2233,-0.344727
167.2401,-0.344759
167.2575,-0.344795
167.2737,-0.34483
167.2903,-0.344861
167.3068,-0.344888
167.3244,-0.34491
167.3403,-0.344938
167.3573,-0.344972
167.3741,-0.345005
167.3904,-0.345045
167.4074,-0.345085
167.424,-0.345128
167.4406,-0.345169
167.4567,-0.345202
167.4747,-0.345236
167.4916,-0.345268
167.5081,-0.345299
167.5242,-0.345331
167.541,-0.345364
167.5576,-0.345393
167.5752,-0.345431
167.5914,-0.345466
167.6076,-0.345496
167.6248,-0.345526
167.6413,-0.345543
167.6579,-0.345564
167.6746,-0.345591
167.6913,-0.345615
167.7081,-0.345636
167.7248,-0.345654
167.7424,-0.345673
167.7579,-0.345706
167.775,-0.345743
167.7918,-0.345777
167.8078,-0.345805
167.8248,-0.345832
167.8422,-0.345865
167.858,-0.345898
167.8754,-0.345928
167.8914,-0.345951
167.9079,-0.345971
167.9258,-0.345996
167.9426,-0.346023
167.9586,-0.346045
167.9747,-0.346069
167.9924,-0.346094
168.0087,-0.346126
168.0246,-0.346164
168.0415,-0.346202
168.058,-0.346239
168.075,-0.346266
168.0917,-0.346293
168.1089,-0.346319
168.1241,-0.346345
168.1412,-0.346374
168.1578,-0.346399
168.1752,-0.346423
168.1913,-0.346451
168.208,-0.346485
168.2244,-0.346513
168.2415,-0.346543
168.2578,-0.346571
168.2748,-0.346602
168.2918,-0.346631
168.3086,-0.346668
168.3245,-0.346701
168.3419,-0.34673
168.3593,-0.346763
168.3755,-0.346794
168.3922,-0.346826
168.4079,-0.346852
168.425,-0.346871
168.4421,-0.346893
168.4588,-0.346917
168.475,-0.346932
168.4925,-0.346954
168.5084,-0.346971
168.5253,-0.346981
168.542,-0.347
168.558,-0.347021
168.5753,-0.347046
168.5913,-0.347073
168.6083,-0.347096
168.625,-0.347122
168.6423,-0.347152
168.6586,-0.347181
168.675,-0.347204
168.6917,-0.347221
168.7084,-0.347236
168.725,-0.347258
168.7421,-0.347285
168.7587,-0.347308
168.7757,-0.347324
168.7919,-0.347339
168.8093,-0.347355
168.8259,-0.347377
168.8417,-0.347396
168.8581,-0.347413
168.8759,-0.34743
168.8914,-0.347451
168.9075,-0.347475
168.9263,-0.347497
168.9422,-0.34752
168.9578,-0.347541
168.9759,-0.347566
168.992,-0.347594
169.0084,-0.347624
169.0253,-0.347652
169.0428,-0.347677
169.0589,-0.347697
169.0758,-0.347716
169.0928,-0.34773
169.1092,-0.347746
169.1259,-0.347754
169.1427,-0.347766
169.1581,-0.347781
169.1754,-0.347803
169.1919,-0.347831
169.2086,-0.347863
169.2254,-0.347893
169.2424,-0.347919
169.2593,-0.347942
169.2756,-0.347967
169.2924,-0.347994
169.3087,-0.348016
169.3255,-0.348037
169.3422,-0.348067
169.3589,-0.348091
169.3754,-0.348119
169.3923,-0.348147
169.4088,-0.348179
169.4258,-0.348209
169.4418,-0.348238
169.4587,-0.348266
169.4761,-0.348296
169.4932,-0.348319
169.5093,-0.34834
169.5252,-0.348361
169.5422,-0.348372
169.5586,-0.348379
169.5755,-0.348393
169.5921,-0.348412
169.6088,-0.348436
169.6253,-0.34847
169.6421,-0.348501
169.6594,-0.34854
169.6763,-0.348572
169.6921,-0.348611
169.7094,-0.348638
169.7253,-0.348661
169.7433,-0.34868
169.7585,-0.348706
169.7755,-0.348732
169.7917,-0.348747
169.8087,-0.34877
169.8262,-0.34879
169.8423,-0.348813
169.8589,-0.348828
169.8743,-0.348844
169.892,-0.348856
169.909,-0.348865
169.9254,-0.348879
169.9418,-0.348908
169.959,-0.348937
169.9754,-0.348964
169.9924,-0.348995
170.0088,-0.349029
170.0258,-0.349059
170.0419,-0.349088
170.0586,-0.349112
170.075,-0.349129
170.0919,-0.349147
170.1084,-0.349167
170.126,-0.349197
170.1422,-0.349226
170.1587,-0.349252
170.1755,-0.349274
170.1917,-0.349299
170.2087,-0.349315
170.2256,-0.349338
170.2414,-0.349359
170.2583,-0.349371
170.2754,-0.349382
170.2919,-0.349395
170.3095,-0.34941
170.3254,-0.349433
170.3423,-0.349452
170.3585,-0.349471
170.3754,-0.349489
170.3921,-0.349511
170.4091,-0.349534
170.4252,-0.349558
170.442,-0.349578
170.4594,-0.349592
170.4753,-0.349598
170.4925,-0.349607
170.5079,-0.349624
170.5247,-0.349637
170.5421,-0.349651
170.5585,-0.349669
170.5753,-0.349691
170.5929,-0.349719
170.6089,-0.349746
170.6255,-0.349775
170.6425,-0.349808
170.658,-0.349832
170.6752,-0.349853
170.6923,-0.349875
170.7085,-0.349884
170.7263,-0.3499
170.7414,-0.349911
170.7588,-0.349927
170.7753,-0.349942
170.7919,-0.349954
170.8091,-0.349967
170.8258,-0.349979
170.8427,-0.349989
170.8591,-0.350003
170.875,-0.350022
170.8925,-0.350038
170.9094,-0.350048
170.9255,-0.350063
170.9426,-0.350077
170.9589,-0.350093
170.9752,-0.350111
170.9925,-0.350124
171.0093,-0.350139
171.0252,-0.350156
171.0421,-0.350179
171.0591,-0.350193
171.0766,-0.350214
171.0934,-0.350237
171.1096,-0.350262
171.1258,-0.350286
171.1423,-0.350303
171.1596,-0.350316
171.1762,-0.350335
171.1927,-0.350355
171.2094,-0.350376
171.226,-0.350396
171.2424,-0.350414
171.2598,-0.35044
171.2766,-0.35047
171.293,-0.350494
171.3096,-0.350518
171.3263,-0.350536
171.3431,-0.350551
171.3597,-0.350559
171.3756,-0.350577
171.3932,-0.350588
171.4095,-0.350602
171.4262,-0.350619
171.4422,-0.350641
171.4598,-0.350664
171.4758,-0.350694
171.493,-0.350727
171.5097,-0.350758
171.5266,-0.350786
171.5428,-0.350811
171.5603,-0.350835
171.577,-0.350853
171.5926,-0.350872
171.6095,-0.350897
171.6268,-0.350928
171.6428,-0.350959
171.6595,-0.350994
171.6768,-0.351018
171.6932,-0.351033
171.7095,-0.351046
171.7269,-0.351068
171.7431,-0.351084
171.7598,-0.351096
171.7764,-0.351111
171.7931,-0.351128
171.8108,-0.351152
171.8271,-0.351178
171.8435,-0.351206
171.8605,-0.351235
171.8772,-0.351256
171.8934,-0.351285
171.9097,-0.351311
171.9268,-0.351338
171.943,-0.35136
171.9603,-0.351382
171.9767,-0.351402
171.9929,-0.351427
172.0105,-0.351443
172.0262,-0.351462
172.0432,-0.351477
172.06,-0.351493
172.0776,-0.351511
172.093,-0.351529
172.1103,-0.351551
172.1269,-0.351567
172.1434,-0.351584
172.1599,-0.351603
172.1767,-0.351622
172.193,-0.351642
172.2108,-0.351665
172.226,-0.351686
172.2442,-0.351713
172.2598,-0.351733
172.2772,-0.351755
172.2934,-0.351771
172.3099,-0.351789
172.3264,-0.351803
172.3433,-0.35182
172.3598,-0.351842
172.3772,-0.351864
172.3937,-0.351888
172.4108,-0.35191
172.4263,-0.351928
172.4445,-0.351948
172.4599,-0.351966
172.4763,-0.351981
172.4936,-0.351995
172.5096,-0.35201
172.5261,-0.352026
172.5433,-0.352042
172.5602,-0.352057
172.5766,-0.35207
172.5934,-0.352085
172.6102,-0.352113
172.6272,-0.352143
172.6436,-0.352178
172.6603,-0.352211
172.6768,-0.352234
172.6938,-0.35225
172.7102,-0.352263
172.7275,-0.352281
172.7442,-0.352294
172.7605,-0.352307
172.7769,-0.352315
172.7929,-0.352333
172.8102,-0.352347
172.8262,-0.352369
172.8428,-0.35239
172.8593,-0.352414
172.8764,-0.352436
172.8928,-0.352456
172.9098,-0.352473
172.9261,-0.352494
172.9428,-0.352512
172.9597,-0.352527
172.9764,-0.35254
172.9932,-0.352553
173.0092,-0.352568
173.026,-0.352586
173.0433,-0.352602
173.0583,-0.352617
173.076,-0.352636
173.0933,-0.352656
173.1093,-0.352673
173.1265,-0.352688
173.1428,-0.352698
173.1593,-0.352706
173.1758,-0.35271
173.1931,-0.352721
173.21,-0.352729
173.2258,-0.352747
173.2428,-0.352766
173.2596,-0.352793
173.2762,-0.352814
173.2926,-0.352841
173.3102,-0.352871
173.3263,-0.352889
173.3433,-0.352905
173.3599,-0.352918
173.3766,-0.352928
173.3938,-0.352936
173.4092,-0.352942
173.4265,-0.352949
173.443,-0.352958
173.4606,-0.352966
173.4769,-0.352985
173.4932,-0.353004
173.51,-0.353018
173.5269,-0.353027
173.5434,-0.353028
173.5605,-0.353035
173.5764,-0.35304
173.5937,-0.353046
173.6102,-0.353051
173.6266,-0.353061
173.6438,-0.353076
173.6608,-0.353093
173.677,-0.353111
173.6939,-0.353128
173.7103,-0.353148
173.7267,-0.353163
173.7439,-0.353177
173.7605,-0.35319
173.778,-0.3532
173.794,-0.353209
173.8108,-0.353227
173.8274,-0.353239
173.8438,-0.353247
173.8603,-0.353252
173.8765,-0.353261
173.8945,-0.353276
173.9106,-0.35329
173.927,-0.353308
173.9436,-0.353321
173.9605,-0.35334
173.9783,-0.353362
173.9947,-0.353384
174.0105,-0.353409
174.0267,-0.353432
174.044,-0.35345
174.0615,-0.353469
174.0772,-0.353491
174.0947,-0.353507
174.1113,-0.353524
174.1274,-0.35353
174.1443,-0.353533
174.1608,-0.353548
174.1784,-0.353558
174.1945,-0.353565
174.2103,-0.353579
174.2276,-0.353594
174.2453,-0.353609
174.2609,-0.353632
174.2779,-0.353652
174.2951,-0.353675
174.3113,-0.353699
174.3286,-0.353729
174.3444,-0.353758
174.3614,-0.35378
174.3781,-0.353787
174.3945,-0.353788
174.4119,-0.353802
174.4277,-0.353819
174.4447,-0.353844
174.4606,-0.353862
174.4777,-0.353881
174.4955,-0.353903
174.5118,-0.353927
174.5286,-0.353956
174.5446,-0.353985
174.5618,-0.354012
174.5781,-0.354033
174.5945,-0.354058
174.6119,-0.354083
174.6293,-0.35411
174.6455,-0.354129
174.6623,-0.354151
174.679,-0.354163
174.6953,-0.354174
174.7116,-0.354186
174.7282,-0.354197
174.7455,-0.354209
174.7612,-0.354222
174.7791,-0.354239
174.795,-0.354256
174.8116,-0.35427
174.8287,-0.354284
174.8445,-0.354299
174.8613,-0.354321
174.8789,-0.35435
174.8955,-0.354381
174.9124,-0.354415
174.9289,-0.354438
174.946,-0.354461
174.9621,-0.354482
174.9787,-0.354505
174.996,-0.354524
175.0116,-0.354546
175.0281,-0.354563
175.0451,-0.354586
175.0616,-0.354617
175.0782,-0.354651
175.0957,-0.354684
175.1118,-0.35472
175.1287,-0.354746
175.1452,-0.354776
175.1623,-0.354805
175.1778,-0.354827
175.196,-0.354848
175.2116,-0.354859
175.2283,-0.354872
175.2449,-0.354886
175.2613,-0.354902
175.2791,-0.354919
175.2954,-0.354938
175.3122,-0.354963
175.3286,-0.354994
175.3448,-0.355018
175.362,-0.355044
175.3783,-0.355073
175.3954,-0.355103
175.4128,-0.355135
175.4291,-0.355157
175.4448,-0.355173
175.4628,-0.355192
175.479,-0.355208
175.4955,-0.355214
175.5115,-0.355228
175.5286,-0.355233
175.5448,-0.355241
175.5623,-0.355254
175.5781,-0.355273
175.5954,-0.355296
175.6118,-0.355314
175.6284,-0.355337
175.6456,-0.355358
175.6622,-0.35538
175.6786,-0.355407
175.6949,-0.355433
175.7122,-0.35546
175.7287,-0.355479
175.7453,-0.355497
175.7622,-0.355515
175.7787,-0.355525
175.7962,-0.355535
175.812,-0.355549
175.8287,-0.355559
175.8454,-0.355574
175.862,-0.355593
175.878,-0.355608
175.8952,-0.355624
175.9116,-0.355645
175.9289,-0.355663
175.9454,-0.355684
175.9623,-0.355708
175.9784,-0.35573
175.995,-0.355751
176.0121,-0.355778
176.0288,-0.355794
176.0455,-0.355809
176.0623,-0.355827
176.0787,-0.35584
176.0962,-0.355854
176.1112,-0.355864
176.1287,-0.355874
176.1457,-0.355889
176.1619,-0.355909
176.1787,-0.355925
176.1953,-0.355949
176.2119,-0.355971
176.2284,-0.355993
176.2452,-0.356008
176.2619,-0.356022
176.2789,-0.356029
176.2955,-0.35604
176.3123,-0.356058
176.3282,-0.356074
176.3456,-0.356091
176.3617,-0.356111
176.3795,-0.356135
176.3952,-0.356159
176.4118,-0.35618
176.4285,-0.356198
176.4458,-0.356218
176.4626,-0.356247
176.4793,-0.356271
176.4953,-0.356294
176.5114,-0.356318
176.5283,-0.356345
176.5456,-0.356367
176.5617,-0.356386
176.5779,-0.356408
176.5957,-0.35643
176.6121,-0.356446
176.6294,-0.356463
176.6458,-0.356481
176.6625,-0.356497
176.679,-0.356511
176.6954,-0.356518
176.7123,-0.356532
176.7282,-0.356538
176.7457,-0.356546
176.7622,-0.356556
176.7776,-0.356567
176.7948,-0.356588
176.8119,-0.356618
176.8285,-0.356651
176.845,-0.356686
176.8621,-0.356723
176.8784,-0.356755
176.8955,-0.356779
176.9121,-0.356802
176.9289,-0.356823
176.9452,-0.356839
176.9622,-0.356851
176.9787,-0.356854
176.9951,-0.356858
177.0115,-0.356867
177.0288,-0.356878
177.0446,-0.356886
177.0607,-0.3569
177.0786,-0.356913
177.095,-0.35693
177.1116,-0.356943
177.1279,-0.356959
177.145,-0.356972
177.1616,-0.356982
177.1784,-0.356998
177.1945,-0.357026
177.2112,-0.357051
177.2282,-0.357081
177.245,-0.357111
177.2616,-0.357135
177.2795,-0.357163
177.2949,-0.357189
177.3111,-0.3572
177.3277,-0.357213
177.3443,-0.35722
177.3617,-0.35723
177.3781,-0.357244
177.3944,-0.357255
177.4118,-0.357263
177.4284,-0.357271
177.4445,-0.357283
177.4609,-0.357295
177.4781,-0.357318
177.4941,-0.357342
177.5116,-0.357368
177.5279,-0.357395
177.5439,-0.357421
177.5612,-0.35744
177.5779,-0.357455
177.5946,-0.357466
177.6116,-0.35748
177.6278,-0.357493
177.6443,-0.357509
177.6605,-0.357528
177.6785,-0.357553
177.6949,-0.357575
177.7116,-0.357595
177.7278,-0.357612
177.7449,-0.357621
177.7618,-0.357629
177.7784,-0.357643
177.7956,-0.357652
177.812,-0.357666
177.8282,-0.357675
177.8452,-0.357681
177.8623,-0.35769
177.8788,-0.357701
177.8954,-0.357715
177.9118,-0.357722
177.9283,-0.357717
177.9447,-0.357705
177.9623,-0.357704
177.9788,-0.357708
177.9946,-0.357722
178.012,-0.35774
178.0282,-0.357752
178.0449,-0.357766
178.0617,-0.357778
178.0787,-0.357802
178.0953,-0.357823
178.1116,-0.357839
178.1281,-0.357854
178.1445,-0.357862
178.1619,-0.357868
178.1785,-0.35788
178.195,-0.357896
178.212,-0.357907
178.2284,-0.357914
178.245,-0.357919
178.2619,-0.357927
178.2786,-0.357943
178.2951,-0.357961
178.3117,-0.357982
178.3285,-0.357997
178.3454,-0.358015
178.3623,-0.358031
178.3785,-0.358045
178.3952,-0.358056
178.4118,-0.358063
178.4286,-0.358076
178.4456,-0.358093
178.4618,-0.358117
178.4785,-0.358138
178.4951,-0.358165
178.5125,-0.358186
178.5293,-0.358205
178.5456,-0.358225
178.5612,-0.358242
178.5797,-0.358254
178.5958,-0.35826
178.6121,-0.35827
178.6285,-0.358285
178.6453,-0.358304
178.6614,-0.358317
178.6791,-0.358337
178.6952,-0.358362
178.7125,-0.358382
178.7289,-0.358401
178.7461,-0.358423
178.763,-0.35844
178.7784,-0.358454
178.7954,-0.358471
178.8123,-0.358489
178.8295,-0.358511
178.8455,-0.358537
178.8622,-0.358567
178.8787,-0.358589
178.8952,-0.358609
178.9123,-0.358622
178.9288,-0.358639
178.9458,-0.358659
178.9617,-0.358677
178.9785,-0.358704
178.9948,-0.35873
179.0119,-0.358756
179.0283,-0.358784
179.0462,-0.358806
179.0619,-0.358833
179.0789,-0.358859
179.0955,-0.35888
179.111,-0.358898
179.1287,-0.358911
179.145,-0.358928
179.1623,-0.358944
179.179,-0.358962
179.1951,-0.358973
179.2126,-0.358988
179.2292,-0.359003
179.2455,-0.359026
179.2619,-0.359043
179.2782,-0.359065
179.2952,-0.359085
179.3128,-0.359106
179.3289,-0.35913
179.3455,-0.359146
179.3621,-0.359161
179.3782,-0.35917
179.3948,-0.359178
179.4117,-0.359191
179.4284,-0.359204
179.4453,-0.359219
179.4615,-0.359239
179.4786,-0.35926
179.4951,-0.359283
179.5124,-0.359309
179.5285,-0.359334
179.5449,-0.359355
179.562,-0.359371
179.5789,-0.359395
179.5956,-0.359415
179.612,-0.359439
179.6281,-0.359455
179.645,-0.359459
179.6623,-0.359464
179.6785,-0.359475
179.6951,-0.359494
179.7113,-0.359504
179.7278,-0.359516
179.7454,-0.359528
179.762,-0.359538
179.779,-0.359553
179.795,-0.359576
179.8114,-0.359593
179.8292,-0.359608
179.8453,-0.359627
179.8617,-0.359653
179.8781,-0.359683
179.8951,-0.359702
179.9119,-0.359713
179.9292,-0.359725
179.9455,-0.359735
179.9618,-0.359746
179.9782,-0.359751
179.9953,-0.359749
180.012,-0.359754
180.0285,-0.359764
180.0453,-0.359771
180.0614,-0.359784
180.0779,-0.359802
180.0952,-0.359815
180.1119,-0.359819
180.1283,-0.359827
180.1456,-0.359832
180.1621,-0.359839
180.1787,-0.359849
180.195,-0.359861
180.2119,-0.359876
180.228,-0.359892
180.2445,-0.359905
180.2627,-0.359925
180.2791,-0.359949
180.2945,-0.359962
180.3116,-0.359976
180.3287,-0.359991
180.3456,-0.360005
180.3623,-0.360027
180.3786,-0.360043
180.3954,-0.36006
180.4123,-0.360076
180.4292,-0.360088
180.4456,-0.360106
180.4615,-0.360132
180.4787,-0.36016
180.4955,-0.360195
180.512,-0.360226
180.5287,-0.360259
180.5454,-0.360289
180.5623,-0.360308
180.5792,-0.360327
180.5957,-0.360337
180.6121,-0.360344
180.6291,-0.360354
180.6451,-0.36037
180.6619,-0.360387
180.6787,-0.36041
180.6954,-0.360426
180.7123,-0.360448
180.7282,-0.360472
180.7452,-0.360491
180.7622,-0.360504
180.7784,-0.360522
180.7946,-0.360534
180.8116,-0.360554
180.8283,-0.36058
180.8455,-0.360614
180.8621,-0.360645
180.8783,-0.360674
180.8954,-0.360707
180.9118,-0.360744
180.928,-0.360777
180.9454,-0.360809
180.9619,-0.360843
180.978,-0.360869
180.9955,-0.360889
181.011,-0.360905
181.0277,-0.360912
181.0451,-0.36092
181.0615,-0.360933
181.0782,-0.360946
181.0951,-0.360962
181.1111,-0.360979
181.1274,-0.361004
181.1446,-0.361036
181.161,-0.361072
181.1783,-0.361099
181.1945,-0.361134
181.2116,-0.361165
181.2283,-0.361197
181.2448,-0.361223
181.2617,-0.361246
181.2784,-0.361274
181.2949,-0.361298
181.3115,-0.361314
181.3277,-0.361334
181.3452,-0.361354
181.3614,-0.361367
181.3789,-0.361381
181.3954,-0.361391
181.4113,-0.361408
181.4285,-0.361417
181.4456,-0.361424
181.4612,-0.361436
181.4779,-0.361456
181.4952,-0.36147
181.5115,-0.361485
181.5277,-0.361495
181.5451,-0.36151
181.5616,-0.361525
181.5786,-0.361537
181.5944,-0.361546
181.6113,-0.361557
181.628,-0.361563
181.6448,-0.361576
181.6612,-0.361593
181.6774,-0.361612
181.6947,-0.361629
181.7114,-0.361648
181.7281,-0.361669
181.7447,-0.361692
181.7612,-0.361719
181.7778,-0.361743
181.7945,-0.361765
181.8114,-0.361785
181.8288,-0.361807
181.8454,-0.361823
181.8616,-0.361837
181.8779,-0.361843
181.895,-0.361853
181.9119,-0.361856
181.9284,-0.361857
181.9448,-0.361869
181.9615,-0.361882
181.9784,-0.361901
181.995,-0.361918
182.0119,-0.361946
182.0284,-0.361969
182.045,-0.361989
182.0617,-0.362006
182.0787,-0.362033
182.0954,-0.362051
182.1115,-0.362072
182.1288,-0.362091
182.1454,-0.36211
182.1618,-0.36212
182.1794,-0.362139
182.1947,-0.362163
182.2116,-0.362185
182.2287,-0.362209
182.2449,-0.362233
182.2625,-0.362254
182.2792,-0.362274
182.2948,-0.362289
182.3116,-0.36231
182.3275,-0.362322
182.345,-0.362332
182.3623,-0.362345
182.3784,-0.362368
182.395,-0.362393
182.4115,-0.362419
182.428,-0.362437
182.4448,-0.362456
182.462,-0.362477
182.4785,-0.362504
182.4949,-0.362525
182.512,-0.362536
182.5287,-0.362549
182.5447,-0.362559
182.5618,-0.362571
182.5783,-0.362593
182.5945,-0.362613
182.612,-0.362627
182.6281,-0.362646
182.6448,-0.362661
182.6608,-0.36268
182.6783,-0.362699
182.6944,-0.362715
182.7115,-0.362737
182.7274,-0.362769
182.7442,-0.362799
182.7622,-0.362826
182.778,-0.362859
182.7954,-0.362881
182.8117,-0.362903
182.8278,-0.362917
182.8449,-0.362934
182.8619,-0.362949
182.8781,-0.362958
182.8941,-0.362974
182.9107,-0.362992
182.9276,-0.363006
182.9448,-0.363022
182.9607,-0.36304
182.9786,-0.363053
182.995,-0.363067
183.0118,-0.363084
183.0282,-0.363105
183.0441,-0.363129
183.0615,-0.363143
183.0779,-0.363167
183.095,-0.363195
183.1122,-0.363214
183.1289,-0.363234
183.1452,-0.36324
183.1616,-0.363241
183.1781,-0.363243
183.1955,-0.36324
183.2114,-0.363238
183.2274,-0.363252
183.2446,-0.363271
183.2612,-0.363294
183.2788,-0.363313
183.2955,-0.36334
183.312,-0.363369
183.3286,-0.363394
183.3457,-0.363416
183.3617,-0.363424
183.3788,-0.363436
183.3956,-0.363442
183.4122,-0.363452
183.4282,-0.363459
183.4449,-0.36347
183.4619,-0.363486
183.4789,-0.363506
183.4957,-0.36353
183.5108,-0.363557
183.5289,-0.363581
183.5449,-0.363602
183.563,-0.363621
183.5802,-0.363643
183.5956,-0.363671
183.6128,-0.363688
183.6294,-0.363699
183.6461,-0.36371
183.663,-0.363719
183.6798,-0.363731
183.6959,-0.363742
183.7126,-0.363752
183.7295,-0.363759
183.746,-0.363769
183.7627,-0.363781
183.779,-0.363792
183.7957,-0.363813
183.8129,-0.363834
183.8293,-0.363853
183.8467,-0.363874
183.863,-0.363896
183.8797,-0.363915
183.8963,-0.363932
183.9126,-0.363948
183.9294,-0.363957
183.9463,-0.363967
183.9629,-0.363983
183.9802,-0.364005
183.9959,-0.364023
184.0132,-0.364038
184.0304,-0.364053
184.0461,-0.364075
184.0624,-0.364105
184.0796,-0.364142
184.0961,-0.364166
184.1124,-0.36419
184.1303,-0.36422
184.1464,-0.364256
184.1631,-0.364282
184.1791,-0.364307
184.1963,-0.364328
184.213,-0.364349
184.2301,-0.364373
184.2466,-0.364398
184.2634,-0.364428
184.2797,-0.36445
184.296,-0.364469
184.3128,-0.36449
184.3291,-0.364514
184.3466,-0.364536
184.3631,-0.364558
184.3793,-0.364574
184.3964,-0.364586
184.4126,-0.364601
184.4298,-0.364616
184.4462,-0.364635
184.4624,-0.364653
184.4792,-0.364663
184.4967,-0.364679
184.5132,-0.3647
184.5295,-0.364727
184.5459,-0.36475
184.5627,-0.364775
184.5803,-0.364801
184.5958,-0.36483
184.6126,-0.364857
184.6296,-0.364887
184.6463,-0.364928
184.6625,-0.364964
184.6795,-0.364997
184.6963,-0.365031
184.7135,-0.365061
184.73,-0.365082
184.7463,-0.365098
184.763,-0.36511
184.7802,-0.365128
184.7962,-0.365144
184.8125,-0.365168
184.8293,-0.365195
184.8463,-0.365222
184.8629,-0.36525
184.8791,-0.365276
184.8963,-0.365298
184.9134,-0.365323
184.9297,-0.365348
184.9467,-0.365379
184.9635,-0.365412
184.9797,-0.365442
184.9962,-0.365473
185.0127,-0.365503
185.0297,-0.36553
185.0471,-0.365549
185.0627,-0.36557
185.08,-0.365581
185.0959,-0.365595
185.1131,-0.365609
185.1292,-0.365624
185.1464,-0.36565
185.1623,-0.365679
185.1792,-0.365708
185.1971,-0.365739
185.213,-0.365776
185.2293,-0.365807
185.2465,-0.365835
185.2626,-0.36586
185.2798,-0.365869
185.2969,-0.365885
185.3122,-0.36589
185.3295,-0.365898
185.3459,-0.365902
185.3623,-0.365914
185.379,-0.36593
185.396,-0.365958
185.4135,-0.365981
185.4295,-0.36601
185.4459,-0.366031
185.4631,-0.366047
185.4797,-0.366065
185.4953,-0.366085
185.5131,-0.366109
185.5294,-0.366129
185.5459,-0.366142
185.5629,-0.366162
185.5799,-0.366191
185.5959,-0.366214
185.6128,-0.366244
185.63,-0.366271
185.6461,-0.366296
185.6637,-0.366313
185.6796,-0.366332
185.6968,-0.366334
185.7124,-0.366334
185.7292,-0.366333
185.7456,-0.366331
185.7629,-0.366331
185.7781,-0.366322
185.7964,-0.366323
185.8124,-0.366326
185.8294,-0.366337
185.8457,-0.366357
185.8618,-0.366383
185.879,-0.366399
185.8958,-0.36642
185.9133,-0.366445
185.9299,-0.366467
185.9458,-0.366494
185.9625,-0.366512
185.979,-0.366532
185.9956,-0.366546
186.014,-0.366562
186.0288,-0.366576
186.0455,-0.366582
186.0629,-0.366589
186.0794,-0.3666
186.0963,-0.366611
186.1127,-0.366629
186.1293,-0.366647
186.1456,-0.366655
186.1622,-0.366667
186.1803,-0.366675
186.196,-0.366687
186.2131,-0.366695
186.2293,-0.366706
186.2464,-0.366707
186.2634,-0.366711
186.2805,-0.36672
186.2959,-0.366731
186.3132,-0.36674
186.3294,-0.36675
186.3465,-0.366761
186.3636,-0.366773
186.38,-0.366789
186.397,-0.366807
186.4135,-0.36683
186.4304,-0.36685
186.4465,-0.366874
186.4642,-0.366895
186.4808,-0.366918
186.497,-0.366935
186.5132,-0.366946
186.5307,-0.366955
186.5477,-0.366962
186.5637,-0.366975
186.5806,-0.36699
186.597,-0.367006
186.6142,-0.367026
186.6303,-0.367043
186.6474,-0.367064
186.6643,-0.367089
186.6805,-0.367118
186.698,-0.367141
186.7141,-0.367164
186.7306,-0.36718
186.7482,-0.367187
186.7645,-0.367192
186.7807,-0.367197
186.7979,-0.367201
186.8145,-0.367202
186.83,-0.367205
186.8466,-0.36721
186.8641,-0.367223
186.8803,-0.36725
186.8968,-0.367284
186.9143,-0.367322
186.9309,-0.367355
186.9477,-0.36738
186.9635,-0.367397
186.9813,-0.367416
186.997,-0.367429
187.0145,-0.367445
187.0307,-0.367457
187.0464,-0.367469
187.0643,-0.367491
187.0805,-0.367512
187.0975,-0.36754
187.1141,-0.367565
187.131,-0.367586
187.1475,-0.367606
187.1633,-0.367627
187.1811,-0.367647
187.1975,-0.367667
187.2143,-0.367684
187.2309,-0.367707
187.2478,-0.367732
187.2652,-0.367749
187.2811,-0.36777
187.298,-0.367786
187.3139,-0.367804
187.3308,-0.36782
187.3467,-0.367841
187.3643,-0.36787
187.3811,-0.367901
187.3981,-0.367941
187.4145,-0.367971
187.4315,-0.367994
187.4484,-0.368007
187.4646,-0.368012
187.4811,-0.368011
187.4982,-0.368019
187.5144,-0.368027
187.5303,-0.368042
187.5476,-0.368055
187.5645,-0.368075
187.5818,-0.368099
187.5987,-0.368122
187.6147,-0.368154
187.6308,-0.368184
187.6481,-0.368207
187.6643,-0.368231
187.681,-0.368252
187.6979,-0.368274
187.7144,-0.3683
187.7307,-0.368326
187.7475,-0.368351
187.764,-0.368368
187.781,-0.368383
187.7977,-0.368402
187.8148,-0.368419
187.8307,-0.368437
187.8474,-0.368452
187.8645,-0.368464
187.8803,-0.36848
187.8985,-0.368507
187.9144,-0.368533
187.9311,-0.368556
187.948,-0.368585
187.9645,-0.368613
187.9818,-0.368639
187.9969,-0.368659
188.014,-0.368685
188.031,-0.36871
188.0483,-0.368732
188.0635,-0.36875
188.0816,-0.368771
188.098,-0.368778
188.1145,-0.368781
188.131,-0.368784
188.1474,-0.368789
188.1645,-0.368792
188.1812,-0.368799
188.1967,-0.368815
188.2145,-0.368836
188.2312,-0.368864
188.2475,-0.368888
188.2649,-0.368911
188.2811,-0.368933
188.2975,-0.368955
188.3144,-0.368974
188.3314,-0.368987
188.3474,-0.369001
188.3647,-0.369018
188.381,-0.36904
188.3972,-0.369054
188.4147,-0.36908
188.4318,-0.369096
188.4479,-0.369109
188.4656,-0.369132
188.4814,-0.369156
188.4978,-0.36918
188.5135,-0.369194
188.5318,-0.369213
188.5477,-0.369228
188.5651,-0.369246
188.5815,-0.369264
188.598,-0.369285
188.6139,-0.3693
188.631,-0.369313
188.6481,-0.369327
188.6648,-0.369338
188.6806,-0.369355
188.6981,-0.369373
188.7139,-0.369395
188.7306,-0.369412
188.7479,-0.369429
188.7646,-0.369442
188.7817,-0.369457
188.7982,-0.369471
188.8143,-0.369484
188.831,-0.369493
188.848,-0.369502
188.8646,-0.369509
188.8808,-0.369522
188.8974,-0.369536
188.9148,-0.369555
188.9315,-0.369573
188.9477,-0.369592
188.9646,-0.369606
188.9805,-0.36963
188.9978,-0.36965
189.0145,-0.369663
189.0318,-0.369679
189.0487,-0.369697
189.0643,-0.36972
189.0808,-0.369738
189.0977,-0.369754
189.115,-0.369772
189.1314,-0.36979
189.1481,-0.369811
189.1651,-0.369836
189.1817,-0.369856
189.1982,-0.36987
189.2157,-0.369885
189.231,-0.369901
189.2483,-0.369928
189.2646,-0.369954
189.2812,-0.369988
189.2984,-0.370018
189.3153,-0.370042
189.3318,-0.370059
189.349,-0.370077
189.366,-0.370095
189.382,-0.370102
189.3984,-0.37011
189.4146,-0.370109
189.4314,-0.370112
189.4486,-0.370115
189.4642,-0.370123
189.4809,-0.370139
189.4979,-0.370152
189.5142,-0.370161
189.5306,-0.37017
189.5468,-0.370182
189.5645,-0.370184
189.58,-0.370196
189.5974,-0.370218
189.6142,-0.370238
189.6312,-0.370258
189.6463,-0.370279
189.6647,-0.370314
189.6807,-0.370345
189.6975,-0.37038
189.7143,-0.370411
189.7309,-0.370435
189.7477,-0.370447
189.7645,-0.370467
189.7822,-0.370489
189.7983,-0.37051
189.8146,-0.370533
189.8307,-0.370552
189.8483,-0.370575
189.8647,-0.370602
189.8816,-0.370632
189.8986,-0.370665
189.9153,-0.370695
189.9316,-0.370709
189.9485,-0.370736
189.9651,-0.370763
189.9816,-0.370791
189.9981,-0.370812
190.0146,-0.370834
190.0316,-0.370851
190.0484,-0.370867
190.0659,-0.370879
190.082,-0.37089
190.0976,-0.370899
190.1149,-0.3709
190.132,-0.370897
190.148,-0.370895
190.1644,-0.370895
190.1814,-0.370894
190.1978,-0.370896
190.2135,-0.370895
190.2305,-0.370899
190.2471,-0.370909
190.2637,-0.37092
190.2808,-0.370941
190.2971,-0.370968
190.3139,-0.370997
190.3305,-0.371029
190.3473,-0.371059
190.364,-0.371086
190.3808,-0.371106
190.3977,-0.37113
190.4142,-0.371157
190.4309,-0.371173
190.4474,-0.371193
190.4642,-0.371214
190.481,-0.371236
190.4979,-0.371257
190.5149,-0.371282
190.5313,-0.371301
190.5471,-0.371316
190.5652,-0.371327
190.5808,-0.371335
190.5977,-0.371343
190.6144,-0.371349
190.631,-0.371353
190.6478,-0.371359
190.6644,-0.371365
190.6813,-0.371372
190.6979,-0.371383
190.7147,-0.371407
190.7305,-0.371433
190.7473,-0.371453
190.7645,-0.371479
190.7813,-0.371507
190.7984,-0.371525
190.8151,-0.371538
190.8311,-0.371552
190.848,-0.371566
190.8639,-0.371577
190.8806,-0.37159
190.8972,-0.371609
190.9142,-0.371633
190.9309,-0.371655
190.9475,-0.371687
190.9648,-0.371716
190.9806,-0.371738
190.9982,-0.371762
191.0142,-0.371786
191.031,-0.371802
191.0476,-0.371811
191.0643,-0.371814
191.0815,-0.371816
191.0982,-0.371822
191.114,-0.371839
191.1313,-0.371858
191.1474,-0.37188
191.1642,-0.371904
191.181,-0.371936
191.1989,-0.371966
191.2144,-0.37199
191.232,-0.372015
191.2489,-0.372038
191.265,-0.372054
191.2813,-0.372065
191.2979,-0.372076
191.3142,-0.372083
191.3323,-0.372093
191.3479,-0.372106
191.364,-0.372118
191.381,-0.372133
191.397,-0.372147
191.414,-0.372162
191.4307,-0.372188
191.4474,-0.372217
191.4635,-0.372253
191.4814,-0.372286
191.4975,-0.372318
191.5144,-0.372354
191.5308,-0.372386
191.5476,-0.372413
191.5634,-0.372441
191.5815,-0.372466
191.5976,-0.37249
191.6148,-0.37251
191.6312,-0.37252
191.6481,-0.372542
191.6642,-0.372555
191.6811,-0.372575
191.6977,-0.372591
191.7134,-0.372606
191.7306,-0.372626
191.747,-0.372648
191.7636,-0.372667
191.7796,-0.372685
191.7967,-0.372708
191.8136,-0.372725
191.8301,-0.372742
191.848,-0.372762
191.8645,-0.372782
191.8807,-0.372799
191.8967,-0.372803
191.9146,-0.372809
191.9299,-0.372817
191.9466,-0.372826
191.9636,-0.372843
191.9804,-0.372865
191.9971,-0.37289
192.0132,-0.372919
192.0302,-0.372943
192.0475,-0.372964
192.0642,-0.372982
192.0808,-0.372996
192.098,-0.373007
192.1138,-0.37302
192.131,-0.373028
192.1477,-0.373037
192.1644,-0.373044
192.1807,-0.373061
192.1974,-0.373072
192.2142,-0.37308
192.2308,-0.373091
192.2474,-0.373101
192.2645,-0.373118
192.2813,-0.37314
192.2972,-0.373157
192.3145,-0.373178
192.3312,-0.3732
192.3482,-0.373213
192.3645,-0.373225
192.3812,-0.373241
192.3976,-0.373259
192.4148,-0.373279
192.4317,-0.373299
192.4476,-0.373321
192.4648,-0.373346
192.4819,-0.373365
192.4974,-0.373381
192.5149,-0.373389
192.5312,-0.373395
192.5475,-0.373398
192.5644,-0.373406
192.5812,-0.373414
192.5981,-0.373422
192.6149,-0.373441
192.6314,-0.373466
192.6489,-0.373492
192.6648,-0.373518
192.6817,-0.373537
192.6987,-0.373551
192.7149,-0.373567
192.7316,-0.373588
192.7482,-0.373603
192.7641,-0.373621
192.7812,-0.373641
192.7977,-0.373662
192.8145,-0.373681
192.8305,-0.373699
192.8481,-0.373716
192.8651,-0.373724
192.8813,-0.373735
192.8983,-0.373748
192.9149,-0.373757
192.9318,-0.373769
192.948,-0.373788
192.9653,-0.3738
192.9825,-0.373812
192.9983,-0.373828
193.0155,-0.373854
193.0323,-0.373885
193.0484,-0.373902
193.065,-0.373916
193.082,-0.373928
193.099,-0.373931
193.1155,-0.373942
193.1311,-0.373952
193.1482,-0.37396
193.166,-0.373965
193.1814,-0.373973
193.199,-0.373983
193.2153,-0.373987
193.233,-0.374001
193.2485,-0.374013
193.2654,-0.374015
193.2818,-0.374026
193.2978,-0.374045
193.3152,-0.37406
193.3323,-0.374078
193.3488,-0.374089
193.3663,-0.374104
193.383,-0.374121
193.399,-0.374136
193.4149,-0.374158
193.4321,-0.37418
193.4487,-0.3742
193.4661,-0.374225
193.4822,-0.374251
193.4998,-0.374278
193.5159,-0.374295
193.533,-0.374312
193.5494,-0.374336
193.566,-0.374361
193.5825,-0.374385
193.5993,-0.374407
193.6167,-0.374425
193.6323,-0.374451
193.6503,-0.374474
193.6662,-0.374496
193.6831,-0.374513
193.6992,-0.374529
193.7158,-0.374545
193.7329,-0.37456
193.7495,-0.374587
193.7659,-0.374615
193.7831,-0.374641
193.7995,-0.374662
193.8159,-0.374686
193.8336,-0.374708
193.8498,-0.374733
193.8665,-0.374755
193.8835,-0.374775
193.8997,-0.374795
193.9167,-0.374808
193.933,-0.37482
193.9492,-0.374838
193.9667,-0.374853
193.9825,-0.374867
193.9995,-0.374882
194.0155,-0.374902
194.0332,-0.37493
194.0498,-0.37496
194.0664,-0.374993
194.0827,-0.375027
194.1001,-0.375056
194.1167,-0.375082
194.1329,-0.375109
194.1501,-0.375137
194.1668,-0.375168
194.1834,-0.375192
194.2004,-0.37522
194.2167,-0.375247
194.234,-0.375267
194.2507,-0.375284
194.2671,-0.375294
194.2834,-0.375305
194.3006,-0.375313
194.3172,-0.375322
194.3335,-0.375332
194.35,-0.375349
194.3678,-0.375369
194.3847,-0.375387
194.4011,-0.375413
194.4175,-0.37544
194.4343,-0.375464
194.4513,-0.375482
194.4673,-0.375503
194.4848,-0.375519
194.5014,-0.375535
194.5181,-0.37555
194.5344,-0.375566
194.5507,-0.375586
194.568,-0.375602
194.5847,-0.37562
194.6016,-0.375634
194.6185,-0.375648
194.6341,-0.375655
194.6513,-0.375661
194.668,-0.375677
194.6847,-0.375699
194.7011,-0.375723
194.7186,-0.375751
194.7352,-0.375777
194.7521,-0.375796
194.7681,-0.375812
194.7846,-0.375835
194.8018,-0.375852
194.8174,-0.375861
194.8346,-0.375879
194.8512,-0.375903
194.8692,-0.375926
194.8851,-0.375953
194.902,-0.375992
194.9188,-0.376029
194.9357,-0.376052
194.9519,-0.376072
194.9686,-0.376095
194.9858,-0.376124
195.002,-0.376152
195.018,-0.37618
195.0354,-0.376204
195.0521,-0.376221
195.0693,-0.376244
195.0852,-0.376278
195.1021,-0.376307
195.1183,-0.376338
195.1351,-0.376363
195.1525,-0.376384
195.1692,-0.376408
195.1856,-0.376422
195.2021,-0.376436
195.2189,-0.376445
195.2351,-0.376451
195.2523,-0.376465
195.2684,-0.37648
195.2856,-0.376496
195.3018,-0.376516
195.3186,-0.376544
195.335,-0.376571
195.3514,-0.376605
195.3689,-0.376636
195.3846,-0.376672
195.4014,-0.376702
195.4177,-0.376732
195.4355,-0.376763
195.4512,-0.376795
195.4684,-0.37683
195.4851,-0.376857
195.5019,-0.376884
195.5186,-0.376905
195.5359,-0.376932
195.5523,-0.376952
195.5676,-0.376975
195.5849,-0.377001
195.6015,-0.377028
195.6179,-0.377052
195.6347,-0.37708
195.6518,-0.377107
195.6682,-0.377124
195.6851,-0.377138
195.7017,-0.377152
195.718,-0.377161
195.7344,-0.377171
195.7516,-0.377183
195.7684,-0.377201
195.7853,-0.37722
195.8012,-0.377233
195.818,-0.377256
195.8342,-0.377275
195.8513,-0.377295
195.8685,-0.377317
195.884,-0.37734
195.9013,-0.377365
195.9175,-0.377391
195.9347,-0.377425
195.9509,-0.37745
195.9684,-0.377473
195.9838,-0.377491
196.0009,-0.377504
196.017,-0.377516
196.0344,-0.377532
196.0506,-0.377543
196.0676,-0.377552
196.0842,-0.377565
196.1011,-0.377581
196.1181,-0.377601
196.1342,-0.377625
196.1514,-0.377642
196.1681,-0.377654
196.1837,-0.377667
196.2011,-0.377673
196.2176,-0.377681
196.2338,-0.377688
196.2511,-0.377694
196.2686,-0.377709
196.284,-0.37772
196.3006,-0.377733
196.317,-0.377752
196.3339,-0.377769
196.3513,-0.377781
196.368,-0.377796
196.3849,-0.377807
196.4008,-0.377816
196.4183,-0.377818
196.4345,-0.377818
196.4516,-0.377819
196.4677,-0.377825
196.4845,-0.377835
196.5012,-0.377849
196.5183,-0.377872
196.5342,-0.377892
196.551,-0.377908
196.5682,-0.377923
196.5851,-0.377939
196.6021,-0.377953
196.6185,-0.377963
196.6353,-0.37797
196.6514,-0.377971
196.6691,-0.377974
196.6844,-0.377989
196.7014,-0.378005
196.7184,-0.378019
196.7345,-0.378033
196.7519,-0.378052
196.7686,-0.378075
196.7851,-0.378085
196.802,-0.378097
196.8185,-0.378112
196.8347,-0.378118
196.8527,-0.378128
196.8682,-0.378141
196.8854,-0.378154
196.9023,-0.378162
196.919,-0.37817
196.9354,-0.37818
196.9518,-0.378201
196.9682,-0.378216
196.9849,-0.378227
197.0022,-0.378235
197.0184,-0.378252
197.0353,-0.378269
197.0514,-0.37829
197.0683,-0.378307
197.0842,-0.37833
197.1021,-0.378357
197.1182,-0.378382
197.1353,-0.37841
197.1521,-0.378433
197.1693,-0.378454
197.1856,-0.37847
197.2016,-0.378483
197.2192,-0.378493
197.2347,-0.378499
197.2513,-0.378504
197.2682,-0.378516
197.2851,-0.378533
197.3018,-0.378559
197.3186,-0.378591
197.3354,-0.378617
197.3524,-0.378636
197.3696,-0.378654
197.3857,-0.378675
197.4016,-0.378692
197.4188,-0.378705
197.4353,-0.378723
197.452,-0.37874
197.4688,-0.378765
197.4854,-0.378794
197.502,-0.37882
197.5182,-0.378844
197.5355,-0.378868
197.552,-0.378887
197.5688,-0.378902
197.5844,-0.378913
197.602,-0.378925
197.6186,-0.378931
197.6353,-0.378944
197.651,-0.378962
197.668,-0.378982
197.6842,-0.379001
197.7012,-0.379017
197.7175,-0.379038
197.7348,-0.379051
197.7512,-0.379065
197.7679,-0.379086
197.7839,-0.379103
197.8015,-0.379114
197.8179,-0.379121
197.8345,-0.379137
197.8521,-0.379156
197.8677,-0.379179
197.8844,-0.379195
197.9009,-0.379209
197.9182,-0.379226
197.9346,-0.379248
197.9512,-0.37927
197.9674,-0.379291
197.9841,-0.379312
198.001,-0.379325
198.0181,-0.379337
198.035,-0.379352
198.0502,-0.379368
198.0679,-0.379382
198.0839,-0.379393
198.1012,-0.379399
198.1176,-0.379411
198.134,-0.379419
198.1507,-0.379424
198.1682,-0.379434
198.1844,-0.379446
198.2004,-0.379463
198.2166,-0.379477
198.2338,-0.379484
198.2503,-0.379487
198.2676,-0.379499
198.2842,-0.379515
198.3003,-0.379531
198.3176,-0.37954
198.3338,-0.379549
198.3508,-0.379556
198.3673,-0.379567
198.3834,-0.379579
198.4008,-0.37959
198.4171,-0.379597
198.4336,-0.379605
198.4506,-0.37961
198.4669,-0.379622
198.4843,-0.379635
198.5011,-0.379645
198.5182,-0.379661
198.5343,-0.379672
198.5516,-0.379683
198.5676,-0.379687
198.5841,-0.379692
198.6017,-0.379698
198.6174,-0.379709
198.6345,-0.379714
198.6508,-0.37972
198.6676,-0.37973
198.6844,-0.379744
198.7013,-0.379752
198.7176,-0.379757
198.7346,-0.379763
198.7506,-0.379761
198.7677,-0.379757
198.7842,-0.379755
198.8009,-0.379754
198.8178,-0.379761
198.8337,-0.379771
198.851,-0.379789
198.8672,-0.379811
198.8841,-0.379835
198.9009,-0.379852
198.9177,-0.379867
198.9348,-0.379875
198.9508,-0.379879
198.9674,-0.37988
198.9837,-0.379885
199.0007,-0.379892
199.0167,-0.379902
199.0346,-0.379915
199.0506,-0.379934
199.0676,-0.379951
199.0848,-0.379962
199.1005,-0.379968
199.1179,-0.379974
199.1348,-0.379981
199.1513,-0.379991
199.1673,-0.380003
199.1842,-0.380023
199.2001,-0.380038
199.2167,-0.380055
199.234,-0.380072
199.2505,-0.380087
199.2677,-0.380102
199.2834,-0.380116
199.3008,-0.380124
199.317,-0.380143
199.3332,-0.380157
199.3503,-0.380173
199.3672,-0.380195
199.3838,-0.380215
199.4005,-0.380237
199.4171,-0.380254
199.435,-0.380262
199.4511,-0.380267
199.4675,-0.380274
199.4843,-0.380275
199.5006,-0.380283
199.5165,-0.380295
199.5334,-0.380316
199.5504,-0.38034
199.567,-0.380361
199.5838,-0.380384
199.6009,-0.380411
199.6183,-0.380429
199.6335,-0.380446
199.6499,-0.380457
199.6663,-0.38047
199.6841,-0.380477
199.7004,-0.380483
199.7168,-0.380492
199.7339,-0.380501
199.7506,-0.38051
199.767,-0.380513
199.7831,-0.380515
199.8,-0.380528
199.8175,-0.380542
199.8339,-0.380561
199.8505,-0.380577
199.8677,-0.380587
199.8848,-0.380593
199.9006,-0.380593
199.9176,-0.380594
199.9342,-0.380596
199.9509,-0.380599
199.9667,-0.380596
199.9841,-0.380603
200.0002,-0.380615
200.0179,-0.380629
200.0341,-0.380643
200.0502,-0.380652
200.0678,-0.380651
200.0837,-0.38065
200.101,-0.380647
200.1172,-0.38065
200.1342,-0.38066
200.1501,-0.380677
200.1671,-0.380699
200.1845,-0.380723
200.2008,-0.380749
200.2182,-0.380774
200.2349,-0.3808
200.2516,-0.380815
200.2686,-0.380822
200.285,-0.38083
200.302,-0.380842
200.3187,-0.380854
200.335,-0.380863
200.3516,-0.380876
200.3686,-0.380892
200.386,-0.380902
200.4021,-0.380904
200.4187,-0.380915
200.4361,-0.380918
200.4526,-0.380916
200.4689,-0.380915
200.4861,-0.380916
200.5031,-0.380924
200.5189,-0.380934
200.5359,-0.380948
200.5525,-0.380968
200.5688,-0.380987
200.5857,-0.381006
200.6036,-0.381026
200.6192,-0.381034
200.6356,-0.381039
200.6524,-0.381048
200.6694,-0.38105
200.6859,-0.381059
200.7028,-0.381069
200.7195,-0.381083
200.736,-0.381099
200.7523,-0.381113
200.7704,-0.381143
200.7865,-0.381172
200.8028,-0.381198
200.8196,-0.381215
200.8357,-0.381237
200.8539,-0.381258
200.8705,-0.381285
200.8863,-0.381306
200.903,-0.381322
200.9202,-0.381334
200.9377,-0.381343
200.9529,-0.381357
200.9693,-0.381378
200.9865,-0.381395
201.0033,-0.381416
201.02,-0.381437
201.0365,-0.38146
201.0533,-0.381488
201.0699,-0.381519
201.0867,-0.381547
201.1037,-0.381569
201.1198,-0.381594
201.1371,-0.381611
201.1539,-0.38163
201.1707,-0.381642
201.1869,-0.381657
201.203,-0.381666
201.22,-0.381677
201.2365,-0.381692
201.2535,-0.381716
201.2705,-0.381747
201.287,-0.381785
201.3039,-0.381821
201.3198,-0.381857
201.3378,-0.381888
201.3534,-0.381913
201.3711,-0.381943
201.3868,-0.38198
201.4039,-0.382014
201.4202,-0.382047
201.4366,-0.382082
201.4547,-0.382108
201.4709,-0.382137
201.4872,-0.382158
201.5043,-0.382176
201.5204,-0.382185
201.5373,-0.382197
201.5536,-0.382213
201.5697,-0.382238
201.5869,-0.382266
201.6031,-0.382293
201.6205,-0.382322
201.6369,-0.382358
201.653,-0.382383
201.67,-0.382406
201.686,-0.382425
201.7034,-0.382441
201.7199,-0.382458
201.737,-0.382479
201.7525,-0.382506
201.7703,-0.382537
201.787,-0.382566
201.8031,-0.382606
201.8199,-0.382647
201.8365,-0.382684
201.8525,-0.382716
201.8694,-0.382746
201.8866,-0.382766
201.9031,-0.382784
201.9192,-0.382803
201.9362,-0.382826
201.9528,-0.382849
201.9689,-0.382868
201.9862,-0.382901
202.0026,-0.382931
202.0197,-0.382963
202.0364,-0.382993
202.0524,-0.383025
202.0695,-0.383048
202.0858,-0.38307
202.1028,-0.383083
202.1187,-0.3831
202.1357,-0.383117
202.1523,-0.383131
202.1689,-0.383144
202.1854,-0.38315
202.2019,-0.383162
202.2185,-0.383179
202.2364,-0.383202
202.252,-0.383229
202.2697,-0.383248
202.2854,-0.383259
202.302,-0.383272
202.3188,-0.383287
202.3351,-0.3833
202.3518,-0.383318
202.3689,-0.383334
202.3851,-0.383354
202.4021,-0.383371
202.4181,-0.383385
202.4353,-0.383407
202.4523,-0.383429
202.4692,-0.38345
202.4856,-0.383469
202.5018,-0.383485
202.5192,-0.383503
202.5357,-0.383515
202.5524,-0.383526
202.5689,-0.383535
202.5855,-0.383539
202.6027,-0.383536
202.6183,-0.383535
202.6353,-0.383539
202.6514,-0.383551
202.6684,-0.383554
202.6849,-0.383565
202.7015,-0.383578
202.7189,-0.383589
202.7355,-0.383603
202.7516,-0.383616
202.7686,-0.383626
202.7847,-0.383637
202.8019,-0.383647
202.8187,-0.383656
202.8345,-0.383664
202.8514,-0.383666
202.8685,-0.38367
202.8847,-0.383679
202.9016,-0.383685
202.9181,-0.383696
202.936,-0.383714
202.9518,-0.383726
202.9683,-0.38374
202.9858,-0.383757
203.0015,-0.383762
203.019,-0.38377
203.0352,-0.383775
203.0513,-0.383784
203.0686,-0.383795
203.085,-0.383808
203.1021,-0.383822
203.1181,-0.38384
203.1352,-0.383855
203.1518,-0.383869
203.1686,-0.383881
203.185,-0.38389
203.2017,-0.383899
203.2184,-0.383904
203.2344,-0.383913
203.2515,-0.383928
203.2683,-0.383944
203.2848,-0.383957
203.3012,-0.383968
203.3183,-0.38398
203.3352,-0.383994
203.3517,-0.384006
203.3676,-0.384024
203.3851,-0.384038
203.402,-0.38405
203.4187,-0.384068
203.4354,-0.384083
203.4522,-0.384101
203.4687,-0.384117
203.4855,-0.384128
203.5018,-0.38414
203.518,-0.384151
203.5341,-0.384161
203.5517,-0.384168
203.568,-0.38418
203.5851,-0.384197
203.6019,-0.384216
203.618,-0.384232
203.6347,-0.384251
203.652,-0.384263
203.6684,-0.38427
203.6849,-0.384274
203.7015,-0.38427
203.7176,-0.384269
203.7345,-0.384267
203.7506,-0.384266
203.7677,-0.384277
203.7844,-0.384295
203.8014,-0.384318
203.8179,-0.384338
203.8344,-0.384357
203.8512,-0.384372
203.8684,-0.384391
203.8847,-0.384405
203.9011,-0.384421
203.9176,-0.384435
203.9347,-0.384436
203.9518,-0.384439
203.9685,-0.384443
203.9847,-0.384445
204.0016,-0.384442
204.0178,-0.384438
204.0359,-0.384432
204.0513,-0.384431
204.0679,-0.384434
204.0846,-0.384437
204.1012,-0.384442
204.1185,-0.384452
204.1353,-0.384466
204.1512,-0.384484
204.1685,-0.384501
204.1853,-0.384513
204.2019,-0.384527
204.2181,-0.384541
204.2348,-0.384556
204.2516,-0.384569
204.2676,-0.384573
204.2851,-0.384583
204.3009,-0.384591
204.318,-0.384601
204.3349,-0.384605
204.3506,-0.384614
204.3681,-0.384619
204.3845,-0.384627
204.4012,-0.384643
204.418,-0.384656
204.4356,-0.384665
204.4519,-0.384663
204.4683,-0.384676
204.4851,-0.384691
204.5008,-0.384708
204.5182,-0.38472
204.535,-0.384734
204.5526,-0.38475
204.5682,-0.384769
204.5846,-0.384797
204.6021,-0.384812
204.6188,-0.384822
204.635,-0.384826
204.6518,-0.384839
204.6686,-0.384847
204.6845,-0.384852
204.7022,-0.384855
204.7188,-0.384862
204.735,-0.384877
204.7519,-0.384887
204.7687,-0.384911
204.7856,-0.384932
204.8017,-0.384955
204.8188,-0.384977
204.8354,-0.384999
204.8519,-0.385015
204.8687,-0.385028
204.8854,-0.385035
204.9018,-0.385047
204.9188,-0.385059
204.9355,-0.385066
204.9516,-0.385077
204.9688,-0.385087
204.9854,-0.385103
205.0016,-0.385119
205.0184,-0.385137
205.0358,-0.385154
205.0516,-0.38517
205.0687,-0.385195
205.0856,-0.385223
205.1023,-0.385255
205.1191,-0.385279
205.1354,-0.3853
205.1524,-0.385312
205.169,-0.385321
205.1856,-0.385328
205.2029,-0.385325
205.2182,-0.385329
205.2348,-0.385326
205.2527,-0.385328
205.2693,-0.385336
205.2848,-0.385344
205.3018,-0.385361
205.3185,-0.385384
205.3355,-0.385407
205.3521,-0.38543
205.3684,-0.38546
205.3856,-0.385479
205.4023,-0.385504
205.4191,-0.38553
205.4362,-0.385553
205.4534,-0.385571
205.4688,-0.385581
205.4859,-0.38559
205.5029,-0.385599
205.5196,-0.385603
205.5353,-0.385611
205.553,-0.385623
205.5699,-0.385634
205.5855,-0.385644
205.6027,-0.385664
205.6196,-0.385684
205.636,-0.385698
205.6527,-0.385708
205.6696,-0.385716
205.687,-0.385725
205.7033,-0.385735
205.7193,-0.385737
205.7365,-0.385735
205.753,-0.385739
205.7694,-0.385742
205.7868,-0.385754
205.8022,-0.385771
205.8196,-0.38579
205.8367,-0.385811
205.8527,-0.385838
205.8702,-0.385868
205.8869,-0.385905
205.9039,-0.385933
205.9201,-0.385956
205.9371,-0.385975
205.9543,-0.385983
205.9703,-0.385993
205.9869,-0.385995
206.0036,-0.385998
206.0202,-0.385998
206.037,-0.386006
206.0541,-0.386018
206.0708,-0.38603
206.0874,-0.386043
206.1041,-0.386061
206.1201,-0.38608
206.1369,-0.386094
206.154,-0.3861
206.1704,-0.386112
206.1872,-0.386129
206.2033,-0.386147
206.2209,-0.386167
206.2373,-0.386194
206.2544,-0.38622
206.2713,-0.386241
206.2877,-0.386261
206.3043,-0.386282
206.321,-0.3863
206.3373,-0.386314
206.3547,-0.386324
206.3705,-0.386335
206.3879,-0.386347
206.4051,-0.386355
206.421,-0.386371
206.4387,-0.386388
206.4541,-0.386416
206.4717,-0.386438
206.4881,-0.386465
206.5046,-0.38649
206.5214,-0.386512
206.5383,-0.386536
206.5541,-0.386556
206.5711,-0.386582
206.5885,-0.38661
206.6045,-0.386641
206.6221,-0.386669
206.6382,-0.386711
206.6548,-0.38675
206.6719,-0.386786
206.6886,-0.386819
206.7056,-0.386847
206.7223,-0.386868
206.7386,-0.386884
206.7552,-0.386895
206.7723,-0.386903
206.7887,-0.386916
206.8051,-0.386929
206.8209,-0.386946
206.8372,-0.386966
206.8551,-0.386991
206.8715,-0.387019
206.8883,-0.387065
206.9048,-0.387106
206.922,-0.387143
206.9389,-0.387171
206.9552,-0.387203
206.9723,-0.387232
206.9881,-0.387253
207.0054,-0.387269
207.0218,-0.387291
207.0389,-0.387309
207.0547,-0.387327
207.0716,-0.387342
207.0882,-0.387358
207.1053,-0.387375
207.1209,-0.387391
207.1383,-0.387412
207.1544,-0.387439
207.1712,-0.387465
207.1877,-0.387492
207.2047,-0.38752
207.2213,-0.387556
207.2377,-0.38759
207.2546,-0.387618
207.2715,-0.387644
207.2881,-0.387673
207.3049,-0.3877
207.3212,-0.387725
207.3377,-0.387748
207.3547,-0.38777
207.3715,-0.387792
207.3876,-0.387818
207.4045,-0.387849
207.4204,-0.387878
207.4379,-0.387902
207.4543,-0.387922
207.4719,-0.387946
207.488,-0.387972
207.505,-0.387988
207.5211,-0.388007
207.5381,-0.388023
207.5548,-0.388033
207.5718,-0.388047
207.5873,-0.388069
207.605,-0.388097
207.6216,-0.38812
207.6383,-0.388141
207.6548,-0.388159
207.6716,-0.388173
207.6888,-0.388181
207.7044,-0.388188
207.7214,-0.388197
207.7379,-0.388207
207.7545,-0.38821
207.7717,-0.388217
207.7884,-0.388234
207.8051,-0.388243
207.8217,-0.388249
207.8385,-0.388259
207.8546,-0.38827
207.8722,-0.388281
207.8883,-0.388296
207.9045,-0.388318
207.9215,-0.388341
207.9389,-0.388358
207.9552,-0.388372
207.9724,-0.388384
207.9884,-0.388398
208.0047,-0.388411
208.0216,-0.388419
208.0389,-0.388427
208.0555,-0.388438
208.0716,-0.388456
208.0885,-0.388478
208.1058,-0.388494
208.1216,-0.388506
208.1391,-0.388518
208.1557,-0.388529
208.1728,-0.388537
208.1889,-0.388545
208.2058,-0.388559
208.2216,-0.388568
208.239,-0.388568
208.2547,-0.388577
208.2729,-0.388585
208.2889,-0.388596
208.3056,-0.388604
208.3217,-0.388616
208.3393,-0.38863
208.3555,-0.388645
208.3725,-0.388665
208.3889,-0.388683
208.4053,-0.388698
208.4215,-0.388714
208.439,-0.388735
208.4556,-0.38875
208.4722,-0.388763
208.4893,-0.388773
208.5059,-0.388783
208.5222,-0.388782
208.5386,-0.388783
208.5564,-0.388783
208.5721,-0.388784
208.5891,-0.388783
208.6054,-0.388785
208.6224,-0.388792
208.639,-0.388799
208.6555,-0.388819
208.6725,-0.388836
208.6891,-0.388851
208.705,-0.388871
208.7226,-0.388895
208.7397,-0.388909
208.756,-0.388927
208.7725,-0.388943
208.79,-0.388958
208.8058,-0.388973
208.8222,-0.388986
208.8391,-0.389
208.8562,-0.389012
208.8723,-0.389024
208.8893,-0.389036
208.9053,-0.389051
208.922,-0.389061
208.9395,-0.389064
208.9556,-0.389078
208.9713,-0.389096
208.9896,-0.389113
209.0047,-0.38913
209.0224,-0.38915
209.039,-0.389176
209.0565,-0.389209
209.0723,-0.38923
209.0892,-0.389253
209.1056,-0.389273
209.1227,-0.389298
209.139,-0.389324
209.1553,-0.389347
209.1719,-0.389367
209.1885,-0.389389
209.2053,-0.389418
209.222,-0.389442
209.2384,-0.389461
209.2549,-0.389488
209.2725,-0.389516
209.2885,-0.389541
209.3046,-0.389568
209.3215,-0.389593
209.3389,-0.389615
209.3557,-0.389633
209.3719,-0.389648
209.3885,-0.389669
209.4052,-0.389691
209.4211,-0.389712
209.4384,-0.38974
209.4548,-0.389767
209.472,-0.389789
209.4879,-0.389809
209.5044,-0.389828
209.5213,-0.389843
209.5383,-0.389847
209.5547,-0.389848
209.5719,-0.389847
209.5878,-0.389851
209.6052,-0.389859
209.6215,-0.389875
209.6372,-0.389904
209.6549,-0.389932
209.6712,-0.389955
209.6874,-0.389984
209.7041,-0.390016
209.7217,-0.390038
209.738,-0.390061
209.7535,-0.390079
209.7712,-0.3901
209.7878,-0.390112
209.8042,-0.390124
209.8216,-0.390135
209.8377,-0.390142
209.8542,-0.390142
209.8711,-0.390145
209.8874,-0.39015
209.9048,-0.390152
209.9209,-0.390157
209.9377,-0.390162
209.9549,-0.390171
209.9709,-0.390179
209.9872,-0.390184
210.0048,-0.390191
210.0208,-0.390201
210.0374,-0.390213
210.0542,-0.39022
210.0708,-0.390232
210.0878,-0.390244
210.1043,-0.390258
210.1212,-0.390267
210.1369,-0.390272
210.155,-0.390272
210.1713,-0.390276
210.1875,-0.390281
210.2043,-0.390284
210.2216,-0.390282
210.237,-0.390278
210.2548,-0.39028
210.2718,-0.390275
210.2879,-0.390273
210.3036,-0.390277
210.3214,-0.390281
210.3375,-0.390285
210.3533,-0.390292
210.3704,-0.390306
210.3873,-0.390322
210.4044,-0.390335
210.4208,-0.390349
210.4376,-0.390357
210.4544,-0.390364
210.4708,-0.390371
210.4879,-0.390381
210.5045,-0.390392
210.5212,-0.390402
210.538,-0.390411
210.5544,-0.390424
210.571,-0.390439
210.5879,-0.390455
210.6043,-0.390469
210.6216,-0.390482
210.6378,-0.390494
210.655,-0.390508
210.6714,-0.390523
210.6885,-0.390536
210.7049,-0.39055
210.7218,-0.39056
210.738,-0.390571
210.7549,-0.390578
210.7716,-0.390585
210.788,-0.390591
210.8046,-0.390604
210.8207,-0.390615
210.8378,-0.390628
210.8547,-0.39064
210.8712,-0.39065
210.8874,-0.39066
210.9043,-0.390674
210.9205,-0.390688
210.9378,-0.3907
210.9539,-0.390714
210.9706,-0.390722
210.9877,-0.390735
211.0046,-0.390742
211.0211,-0.390755
211.0377,-0.390772
211.0538,-0.390784
211.0707,-0.390793
211.0867,-0.390807
211.1044,-0.390824
211.1212,-0.390844
211.1382,-0.390865
211.1549,-0.390883
211.1707,-0.390902
211.1877,-0.390915
211.2037,-0.390931
211.2209,-0.390952
211.2376,-0.390972
211.2544,-0.390988
211.2715,-0.391003
211.288,-0.391021
211.3042,-0.391042
211.3214,-0.391064
211.3376,-0.391089
211.3549,-0.391112
211.3716,-0.39113
211.3884,-0.391154
211.4049,-0.391167
211.4213,-0.391185
211.4379,-0.391196
211.4547,-0.391203
211.4714,-0.391205
211.4879,-0.39121
211.5057,-0.391217
211.5215,-0.391226
211.5375,-0.391229
211.5545,-0.391236
211.5717,-0.391244
211.5884,-0.391249
211.6057,-0.391257
211.6216,-0.391255
211.6382,-0.391251
211.6553,-0.391253
211.6709,-0.391254
211.6882,-0.391258
211.7046,-0.391262
211.7215,-0.391277
211.7392,-0.391287
211.7555,-0.3913
211.7716,-0.391316
211.7881,-0.391329
211.8055,-0.391341
211.821,-0.391351
211.8383,-0.391362
211.8552,-0.391385
211.8717,-0.391406
211.8882,-0.391429
211.9055,-0.391453
211.9225,-0.391463
211.9382,-0.391472
211.9556,-0.391481
211.9719,-0.391489
211.9888,-0.391492
212.005,-0.391499
212.0225,-0.39151
212.0389,-0.391526
212.0565,-0.391548
212.0726,-0.391571
212.0894,-0.391596
212.1059,-0.391616
212.1225,-0.391637
212.1396,-0.391661
212.1555,-0.391691
212.173,-0.391722
212.1896,-0.391748
212.2065,-0.391768
212.2235,-0.391782
212.2398,-0.391793
212.2564,-0.391797
212.2732,-0.391806
212.2896,-0.391811
212.306,-0.391815
212.3225,-0.391824
212.3401,-0.391835
212.3566,-0.391853
212.3735,-0.391873
212.3894,-0.391892
212.4066,-0.391907
212.4232,-0.391924
212.4401,-0.391939
212.4571,-0.391955
212.4738,-0.391968
212.4908,-0.39198
212.5077,-0.391995
212.5238,-0.39201
212.5396,-0.392027
212.5568,-0.392045
212.5737,-0.392068
212.5901,-0.392085
212.6074,-0.392102
212.6233,-0.392121
212.6411,-0.392138
212.6568,-0.39216
212.6731,-0.392181
212.6903,-0.392202
212.7072,-0.392229
212.7241,-0.392256
212.741,-0.392284
212.7574,-0.39231
212.7747,-0.392333
212.7909,-0.392348
212.8083,-0.392364
212.8244,-0.392379
212.8412,-0.392395
212.8574,-0.392409
212.8734,-0.392433
212.8912,-0.392451
212.908,-0.392472
212.9246,-0.392492
212.942,-0.392516
212.9578,-0.392535
212.9753,-0.392554
212.9912,-0.392571
213.0083,-0.392589
213.0249,-0.392604
213.0418,-0.392619
213.0584,-0.392641
213.0754,-0.392655
213.0916,-0.392669
213.1089,-0.392676
213.125,-0.392689
213.1418,-0.392695
213.158,-0.392705
213.1751,-0.392727
213.1917,-0.392751
213.2085,-0.392773
213.2253,-0.392794
213.2415,-0.392821
213.2585,-0.392847
213.2751,-0.392875
213.2919,-0.392906
213.309,-0.392935
213.3251,-0.392966
213.3415,-0.392985
213.3589,-0.393001
213.3754,-0.393025
213.3922,-0.39305
213.4087,-0.393069
213.4255,-0.393098
213.4424,-0.393128
213.459,-0.393163
213.4754,-0.393193
213.4927,-0.393221
213.5096,-0.393249
213.526,-0.393273
213.5427,-0.393299
213.5586,-0.393331
213.576,-0.39336
213.5924,-0.393388
213.6093,-0.393418
213.6259,-0.393451
213.6426,-0.393486
213.6595,-0.393524
213.6768,-0.393553
213.6932,-0.393575
213.7096,-0.393589
213.7255,-0.393604
213.7433,-0.39362
213.7597,-0.393634
213.7762,-0.393651
213.7931,-0.393677
213.8107,-0.393707
213.8264,-0.393729
213.8422,-0.393755
213.8593,-0.393788
213.8761,-0.393825
213.8925,-0.393852
213.9088,-0.393889
213.9255,-0.393926
213.9424,-0.393955
213.9599,-0.393983
213.9764,-0.394013
213.9925,-0.394041
214.0095,-0.394065
214.0256,-0.39409
214.0419,-0.394123
214.0592,-0.394159
214.0759,-0.394198
214.0925,-0.394235
214.1091,-0.394277
214.1259,-0.394311
214.1421,-0.394342
214.159,-0.394367
214.1758,-0.394399
214.1924,-0.394428
214.2091,-0.394455
214.2257,-0.394484
214.2426,-0.394506
214.2591,-0.394522
214.2759,-0.394538
214.2929,-0.394561
214.3088,-0.394588
214.3255,-0.394614
214.3422,-0.394638
214.3587,-0.39466
214.3756,-0.394695
214.3911,-0.394726
214.4082,-0.394754
214.4253,-0.39478
214.442,-0.394808
214.4584,-0.394833
214.475,-0.394854
214.4919,-0.39487
214.5095,-0.394885
214.5257,-0.394905
214.542,-0.394922
214.5585,-0.394936
214.5749,-0.394952
214.5917,-0.394971
214.6088,-0.394995
214.6255,-0.395018
214.6424,-0.395037
214.659,-0.395061
214.6755,-0.395073
214.6919,-0.395079
214.7091,-0.395088
214.7252,-0.395102
214.7422,-0.395117
214.7584,-0.395125
214.7751,-0.395132
214.7918,-0.395141
214.8087,-0.39515
214.8255,-0.39517
214.8416,-0.395185
214.8582,-0.395198
214.8746,-0.395216
214.8915,-0.395239
214.9082,-0.395267
214.9256,-0.395287
214.9416,-0.395307
214.9587,-0.395319
214.9753,-0.395327
214.9921,-0.395334
215.0081,-0.395337
215.0255,-0.395339
215.0418,-0.395335
215.0582,-0.395329
215.0748,-0.395332
215.0918,-0.395346
215.1084,-0.395356
215.125,-0.395374
215.1418,-0.395389
215.1582,-0.395405
215.1752,-0.395405
215.1916,-0.395406
215.2084,-0.395403
215.225,-0.395407
215.2419,-0.395408
215.2576,-0.39541
215.275,-0.39541
215.2913,-0.39541
215.3079,-0.395414
215.3254,-0.395422
215.341,-0.395429
215.358,-0.395432
215.3747,-0.395434
215.3912,-0.395445
215.4077,-0.395459
215.425,-0.395484
215.4421,-0.395512
215.4582,-0.395539
215.4753,-0.395565
215.4922,-0.395585
215.5086,-0.395604
215.5259,-0.395615
215.5417,-0.395625
215.5588,-0.395632
215.5754,-0.395628
215.5914,-0.395624
215.6087,-0.39562
215.6256,-0.395617
215.6419,-0.395614
215.6587,-0.395616
215.6748,-0.395621
215.692,-0.395632
215.709,-0.39565
215.7249,-0.395676
215.7419,-0.395695
215.7584,-0.395712
215.7761,-0.395732
215.7916,-0.395744
215.8092,-0.39575
215.8254,-0.395752
215.8421,-0.395755
215.8583,-0.395753
215.8747,-0.395738
215.8918,-0.39572
215.9088,-0.395707
215.9259,-0.395706
215.9417,-0.395711
215.9583,-0.395715
215.9749,-0.395723
215.9917,-0.395737
216.009,-0.395755
216.0248,-0.39578
216.0417,-0.39581
216.0584,-0.395838
216.0755,-0.395857
216.0916,-0.395878
216.1091,-0.395897
216.1258,-0.395916
216.1422,-0.395929
216.1591,-0.395937
216.1756,-0.39595
216.1925,-0.395963
216.2087,-0.395978
216.2254,-0.395993
216.242,-0.396006
216.2587,-0.396015
216.2751,-0.396025
216.292,-0.396036
216.309,-0.396041
216.3251,-0.39604
216.3421,-0.396039
216.3586,-0.396044
216.3751,-0.39606
216.391,-0.396082
216.4084,-0.39611
216.4254,-0.396132
216.4427,-0.396154
216.4596,-0.396172
216.4758,-0.39619
216.4922,-0.3962
216.5088,-0.396204
216.5254,-0.396202
216.5423,-0.396202
216.559,-0.396211
216.5754,-0.396229
216.5919,-0.39625
216.609,-0.396278
216.6254,-0.396301
216.6423,-0.396322
216.6584,-0.396344
216.6758,-0.396364
216.6921,-0.396381
216.7083,-0.396397
216.7255,-0.396405
216.7424,-0.396417
216.7588,-0.396433
216.7753,-0.396451
216.7919,-0.39647
216.8088,-0.396484
216.825,-0.396497
216.843,-0.396516
216.8578,-0.396536
216.8748,-0.396556
216.8924,-0.396572
216.9082,-0.396587
216.9255,-0.396601
216.9418,-0.396621
216.9588,-0.396634
216.9755,-0.396644
216.9916,-0.396651
217.0078,-0.396658
217.025,-0.396667
217.0413,-0.39668
217.0585,-0.396699
217.0747,-0.396716
217.0916,-0.396737
217.1084,-0.396758
217.1252,-0.396773
217.1416,-0.396783
217.158,-0.396794
217.1748,-0.396798
217.1917,-0.396801
217.2084,-0.396811
217.2247,-0.396835
217.2416,-0.396856
217.2578,-0.396875
217.2755,-0.396901
217.2913,-0.396925
217.3083,-0.396944
217.3246,-0.396966
217.3419,-0.396985
217.3577,-0.396996
217.3744,-0.397009
217.3912,-0.397014
217.4084,-0.397024
217.4243,-0.397045
217.4414,-0.397066
217.4588,-0.397084
217.4752,-0.397094
217.4909,-0.397106
217.5086,-0.397127
217.5241,-0.397147
217.5411,-0.397165
217.5574,-0.397172
217.5746,-0.397179
217.5917,-0.397181
217.6072,-0.397183
217.6243,-0.39719
217.6402,-0.397194
217.6574,-0.397195
217.6742,-0.3972
217.6907,-0.397216
217.7077,-0.397237
217.7241,-0.397261
217.7397,-0.397283
217.7577,-0.397302
217.7749,-0.39732
217.7916,-0.397332
217.8078,-0.39735
217.8245,-0.397365
217.841,-0.397371
217.8579,-0.397376
217.8741,-0.397383
217.8911,-0.397397
217.9068,-0.39741
217.9238,-0.397412
217.9407,-0.397415
217.9572,-0.397422
217.974,-0.397428
217.9906,-0.397439
218.0068,-0.397448
218.0238,-0.397451
218.0408,-0.397457
218.0575,-0.39746
218.0738,-0.397466
218.091,-0.397475
218.1079,-0.397482
218.1242,-0.397489
218.1409,-0.397501
218.1565,-0.397514
218.1746,-0.397525
218.1909,-0.397536
218.2073,-0.397544
218.2241,-0.397557
218.2408,-0.397573
218.2578,-0.397586
218.2746,-0.397601
218.2913,-0.397607
218.3084,-0.397608
218.3246,-0.39761
218.3409,-0.397613
218.3576,-0.397618
218.374,-0.39762
218.3911,-0.397621
218.4086,-0.39763
218.4246,-0.397638
218.4413,-0.397645
218.4582,-0.397653
218.4742,-0.397653
218.4922,-0.397658
218.5081,-0.397669
218.5253,-0.397682
218.5419,-0.397695
218.5586,-0.397699
218.5746,-0.397709
218.5912,-0.397721
218.6084,-0.397731
218.6255,-0.397749
218.6416,-0.397764
218.6592,-0.397781
218.6747,-0.397795
218.6922,-0.397802
218.7083,-0.397809
218.725,-0.397823
218.7413,-0.397837
218.7581,-0.397852
218.7755,-0.397864
218.792,-0.397881
218.8091,-0.397897
218.8257,-0.397908
218.8415,-0.397917
218.859,-0.397916
218.8752,-0.397915
218.8919,-0.397923
218.9084,-0.397939
218.9254,-0.397964
218.9421,-0.397984
218.9581,-0.398006
218.9749,-0.398034
218.9915,-0.398051
219.0091,-0.398065
219.0255,-0.39808
219.042,-0.398092
219.0591,-0.398098
219.0753,-0.398108
219.0917,-0.398119
219.1091,-0.398131
219.1253,-0.398149
219.1416,-0.39817
219.1593,-0.398193
219.1757,-0.398217
219.1915,-0.398239
219.2086,-0.398261
219.2254,-0.39828
219.2426,-0.3983
219.2588,-0.398324
219.2754,-0.398349
219.2926,-0.398371
219.3092,-0.398391
219.3257,-0.398407
219.3421,-0.398426
219.3593,-0.398439
219.3763,-0.398457
219.3927,-0.398474
219.4083,-0.398492
219.4251,-0.398504
219.4428,-0.39852
219.4594,-0.398544
219.4753,-0.398568
219.4928,-0.398593
219.5087,-0.398622
219.5254,-0.398637
219.5417,-0.398652
219.5586,-0.398671
219.5752,-0.398686
219.5925,-0.398704
219.6089,-0.398723
219.6259,-0.398751
219.6423,-0.39878
219.659,-0.398804
219.6757,-0.398829
219.6928,-0.39886
219.7094,-0.398888
219.7261,-0.398918
219.7421,-0.398942
219.7596,-0.398964
219.7758,-0.398986
219.7926,-0.399009
219.8093,-0.399026
219.8254,-0.399042
219.8427,-0.399058
219.8599,-0.399077
219.8758,-0.399087
219.8927,-0.399101
219.9094,-0.399119
219.9264,-0.399138
219.9434,-0.399162
219.9592,-0.399186
219.9753,-0.399208
219.9925,-0.399229
220.0099,-0.399252
220.026,-0.39927
220.0437,-0.399292
220.0594,-0.399309
220.0759,-0.399322
220.0922,-0.399335
220.1087,-0.39935
220.1259,-0.399366
220.1425,-0.399384
220.1586,-0.399402
220.1756,-0.399421
220.1926,-0.399447
220.2091,-0.399469
220.2255,-0.399498
220.2428,-0.399526
220.2599,-0.399547
220.2765,-0.399562
220.2927,-0.399583
220.3091,-0.399602
220.3258,-0.399622
220.3423,-0.399644
220.359,-0.399665
220.3762,-0.399691
220.3925,-0.399714
220.4099,-0.399737
220.4266,-0.39977
220.4429,-0.399798
220.4599,-0.399819
220.4763,-0.399833
220.4929,-0.399842
220.5104,-0.399851
220.5266,-0.399855
220.543,-0.399862
220.5596,-0.399866
220.5765,-0.399869
220.5931,-0.399873
220.609,-0.399882
220.6267,-0.399903
220.6426,-0.399923
220.6597,-0.399944
220.676,-0.399967
220.6935,-0.399995
220.7096,-0.400016
220.7261,-0.400037
220.7428,-0.400055
220.7593,-0.400078
220.7766,-0.400092
220.7928,-0.40011
220.8095,-0.400126
220.8269,-0.40014
220.8429,-0.400151
220.8588,-0.400158
220.8754,-0.400164
220.8923,-0.400173
220.9095,-0.400183
220.9264,-0.400189
220.9433,-0.400197
220.9597,-0.400207
220.9765,-0.400223
220.993,-0.400243
221.009,-0.400264
221.0263,-0.400282
221.0428,-0.400309
221.0596,-0.400325
221.0763,-0.400342
221.0934,-0.400356
221.1095,-0.400363
221.1265,-0.400373
221.1423,-0.400392
221.1585,-0.400412
221.1759,-0.40043
221.1925,-0.400453
221.2098,-0.400472
221.2261,-0.400491
221.2432,-0.40051
221.2588,-0.400531
221.2765,-0.400557
221.2928,-0.400582
221.309,-0.40061
221.3259,-0.400634
221.3428,-0.400649
221.3599,-0.400655
221.3764,-0.400664
221.3927,-0.400665
221.4095,-0.400665
221.4254,-0.400668
221.4424,-0.400673
221.4598,-0.400687
221.4761,-0.400705
221.4931,-0.400725
221.5095,-0.400749
221.5264,-0.400774
221.5425,-0.400798
221.5587,-0.400818
221.5757,-0.400831
221.593,-0.400836
221.6098,-0.40084
221.6267,-0.400847
221.6424,-0.400852
221.6599,-0.400851
221.6755,-0.400847
221.6925,-0.400846
221.709,-0.400847
221.7257,-0.400858
221.7424,-0.400875
221.7585,-0.400898
221.7759,-0.400916
221.7923,-0.400936
221.8097,-0.400953
221.8261,-0.400962
221.8428,-0.400972
221.8596,-0.400986
221.8759,-0.400994
221.8926,-0.400997
221.9096,-0.40101
221.9261,-0.401023
221.9434,-0.401031
221.9599,-0.40104
221.9761,-0.401049
221.9935,-0.401063
222.0101,-0.401082
222.0258,-0.4011
222.0432,-0.401119
222.0596,-0.401139
222.077,-0.401157
222.0926,-0.40118
222.1096,-0.401205
222.1265,-0.401223
222.1434,-0.40124
222.1603,-0.401248
222.1768,-0.401256
222.1934,-0.401259
222.2104,-0.401263
222.227,-0.401269
222.2436,-0.401279
222.2605,-0.401289
222.277,-0.401303
222.2936,-0.401313
222.3102,-0.401324
222.327,-0.401334
222.3441,-0.40135
222.3602,-0.401358
222.3774,-0.401364
222.3937,-0.401373
222.4104,-0.40139
222.4282,-0.401405
222.4445,-0.401419
222.4609,-0.401442
222.4778,-0.401468
222.4943,-0.401496
222.5111,-0.40152
222.5276,-0.401548
222.5446,-0.401576
222.5604,-0.401601
222.578,-0.401629
222.5936,-0.401655
222.611,-0.401681
222.6278,-0.401706
222.6446,-0.401729
222.6608,-0.401751
222.6783,-0.401779
222.6939,-0.401805
222.7108,-0.401833
222.7277,-0.401863
222.7446,-0.401886
222.761,-0.401907
222.7775,-0.401937
222.7948,-0.401956
222.8117,-0.401985
222.8276,-0.402013
222.8443,-0.402043
222.8612,-0.402073
222.8772,-0.402101
222.8943,-0.402131
222.9113,-0.402165
222.9271,-0.402193
222.9451,-0.402222
222.9608,-0.402249
222.9773,-0.402272
222.9942,-0.402295
223.0112,-0.40232
223.0278,-0.402342
223.0442,-0.402367
223.0607,-0.402389
223.0776,-0.402415
223.0934,-0.402448
223.1108,-0.40248
223.1273,-0.402511
223.1442,-0.402542
223.1605,-0.402568
223.1775,-0.402592
223.1941,-0.402619
223.2104,-0.402638
223.2275,-0.40266
223.2433,-0.402681
223.2603,-0.402704
223.2775,-0.40274
223.2941,-0.402779
223.3108,-0.402815
223.3271,-0.402847
223.3445,-0.40287
223.3609,-0.402894
223.3778,-0.40291
223.3938,-0.402919
223.411,-0.402937
223.4268,-0.402949
223.4438,-0.402964
223.4603,-0.402981
223.4775,-0.403008
223.4938,-0.403035
223.5102,-0.403056
223.5275,-0.403067
223.544,-0.40308
223.5611,-0.403096
223.5769,-0.403111
223.5942,-0.403127
223.6105,-0.403136
223.6269,-0.403148
223.6441,-0.403158
223.6608,-0.403171
223.6776,-0.403187
223.694,-0.403199
223.7109,-0.403213
223.7269,-0.403228
223.744,-0.403245
223.7608,-0.403264
223.7775,-0.403291
223.7946,-0.403316
223.8111,-0.403333
223.827,-0.403347
223.844,-0.403356
223.8611,-0.40336
223.878,-0.403355
223.894,-0.403352
223.9113,-0.403354
223.9279,-0.403357
223.9442,-0.403367
223.961,-0.403384
223.9784,-0.403404
223.9939,-0.403428
224.0117,-0.403453
224.0285,-0.403482
224.0445,-0.403503
224.0617,-0.403521
224.0782,-0.403531
224.0952,-0.403538
224.1122,-0.403543
224.1281,-0.403542
224.1448,-0.40354
224.1613,-0.403535
224.1787,-0.403525
224.1957,-0.403517
224.2113,-0.403512
224.2288,-0.403511
224.2451,-0.403524
224.2612,-0.403541
224.2782,-0.403553
224.2954,-0.40357
224.312,-0.403584
224.3294,-0.403594
224.3455,-0.4036
224.3617,-0.403598
224.3782,-0.403602
224.3953,-0.403609
224.4113,-0.403616
224.4286,-0.403632
224.444,-0.403659
224.4619,-0.403684
224.4795,-0.403718
224.4951,-0.403754
224.5119,-0.403783
224.5294,-0.403812
224.5458,-0.40384
224.563,-0.403864
224.5793,-0.403889
224.5954,-0.403909
224.6119,-0.403925
224.6302,-0.403947
224.6459,-0.40397
224.662,-0.403998
224.679,-0.404026
224.6956,-0.404046
224.7127,-0.404061
224.7292,-0.404088
224.7464,-0.404119
224.7634,-0.404142
224.7784,-0.404157
224.7962,-0.404166
224.8126,-0.404179
224.8295,-0.404194
224.8457,-0.404214
224.8636,-0.404226
224.8791,-0.404242
224.8955,-0.404253
224.9128,-0.404275
224.929,-0.404299
224.9459,-0.404329
224.9629,-0.404358
224.9787,-0.404382
224.9963,-0.404411
225.0125,-0.404439
225.0297,-0.404467
225.0458,-0.40449
225.0623,-0.404513
225.0792,-0.404527
225.0954,-0.404544
225.1129,-0.404561
225.1288,-0.404579
225.1457,-0.404601
225.1624,-0.404625
225.1793,-0.40465
225.195,-0.404669
225.2123,-0.404691
225.2292,-0.404714
225.2453,-0.404737
225.2628,-0.40476
225.2794,-0.404786
225.2957,-0.404807
225.3131,-0.404828
225.3289,-0.404841
225.3449,-0.404854
225.3622,-0.404871
225.3785,-0.404897
225.395,-0.404924
225.4114,-0.404953
225.4285,-0.404981
225.4458,-0.405007
225.4626,-0.405033
225.4792,-0.405056
225.4958,-0.405077
225.5124,-0.405089
225.5289,-0.405104
225.5458,-0.405118
225.5622,-0.405138
225.5783,-0.405155
225.5958,-0.405175
225.6132,-0.4052
225.6293,-0.405221
225.6461,-0.405248
225.6625,-0.405276
225.6786,-0.405296
225.6956,-0.405309
225.7116,-0.405329
225.7289,-0.405339
225.7457,-0.405358
225.7623,-0.405363
225.7792,-0.405371
225.7956,-0.40538
225.8125,-0.405383
225.8288,-0.405388
225.8452,-0.405398
225.8619,-0.405412
225.8783,-0.405422
225.8953,-0.405431
225.9118,-0.405436
225.9282,-0.405447
225.9456,-0.405454
225.9619,-0.405466
225.9782,-0.405478
225.9949,-0.405502
226.0116,-0.405526
226.0281,-0.405546
226.0454,-0.405567
226.0618,-0.405596
226.0785,-0.405628
226.0955,-0.405652
226.1114,-0.405675
226.1283,-0.405697
226.1455,-0.405722
226.162,-0.405743
226.1786,-0.40577
226.1964,-0.405792
226.2121,-0.405805
226.229,-0.405814
226.2456,-0.405818
226.2614,-0.405816
226.2788,-0.405813
226.2951,-0.405811
226.3118,-0.405807
226.328,-0.405806
226.3454,-0.405812
226.3616,-0.405821
226.3777,-0.405834
226.3951,-0.405853
226.4115,-0.405876
226.4277,-0.4059
226.4441,-0.405928
226.4621,-0.405957
226.4788,-0.405985
226.4949,-0.406002
226.5113,-0.406019
226.5284,-0.406032
226.5453,-0.406042
226.5621,-0.406044
226.5785,-0.406048
226.5949,-0.406059
226.6119,-0.406065
226.6286,-0.406065
226.6453,-0.406061
226.6618,-0.406065
226.6781,-0.406068
226.6949,-0.406072
226.7111,-0.406085
226.7282,-0.406103
226.7448,-0.406127
226.7616,-0.406156
226.779,-0.406184
226.7948,-0.406208
226.8119,-0.406232
226.8286,-0.406254
226.8446,-0.406275
226.8621,-0.406298
226.8784,-0.406316
226.8951,-0.406336
226.9118,-0.406356
226.9283,-0.406374
226.9454,-0.40638
226.962,-0.406387
226.9786,-0.406395
226.9951,-0.406401
227.012,-0.406406
227.0287,-0.40641
227.0454,-0.406414
227.0621,-0.406424
227.0788,-0.406441
227.0955,-0.406465
227.1122,-0.406488
227.1297,-0.406507
227.1451,-0.406524
227.1616,-0.406542
227.179,-0.406561
227.1952,-0.406581
227.212,-0.406606
227.2285,-0.406631
227.2448,-0.406655
227.2611,-0.406666
227.2785,-0.406677
227.2955,-0.40669
227.3116,-0.406703
227.3281,-0.406712
227.3442,-0.406723
227.3615,-0.406729
227.3787,-0.40674
227.3954,-0.406753
227.4118,-0.406772
227.4284,-0.406796
227.445,-0.406824
227.4621,-0.406855
227.4774,-0.406885
227.4948,-0.406908
227.5113,-0.406923
227.5285,-0.406941
227.5448,-0.406958
227.5611,-0.406977
227.5781,-0.406993
227.5943,-0.407
227.6118,-0.407005
227.6285,-0.407008
227.6439,-0.407019
227.6615,-0.407035
227.6774,-0.407056
227.6945,-0.40708
227.7105,-0.407109
227.7281,-0.407137
227.7445,-0.407169
227.7613,-0.407204
227.7777,-0.407239
227.7954,-0.407266
227.8118,-0.407291
227.828,-0.407316
227.8444,-0.407337
227.8618,-0.407357
227.8781,-0.407371
227.8955,-0.407382
227.9112,-0.407388
227.9284,-0.407402
227.9449,-0.407412
227.9618,-0.407417
227.9789,-0.407426
227.995,-0.40743
228.0119,-0.407431
228.0283,-0.407431
228.0452,-0.407432
228.0614,-0.407439
228.0779,-0.40745
228.0943,-0.407462
228.1113,-0.407475
228.1282,-0.407488
228.145,-0.407511
228.1622,-0.407526
228.1784,-0.407542
228.1946,-0.407549
228.2115,-0.407558
228.2284,-0.407572
228.2446,-0.407588
228.2616,-0.407595
228.2786,-0.407606
228.2947,-0.407614
228.3118,-0.407623
228.3287,-0.407634
228.3449,-0.407641
228.3619,-0.407638
228.3785,-0.407639
228.3952,-0.407642
228.4118,-0.407655
228.4282,-0.407672
228.4451,-0.407694
228.4626,-0.407716
228.4782,-0.40774
228.4955,-0.407764
228.5122,-0.407789
228.5285,-0.40781
228.5451,-0.407827
228.5623,-0.407845
228.5788,-0.407863
228.5954,-0.407885
228.6119,-0.407912
228.6291,-0.40794
228.6456,-0.40797
228.662,-0.408
228.6788,-0.40802
228.6962,-0.408044
228.7118,-0.408061
228.7289,-0.408077
228.7458,-0.408084
228.7619,-0.408097
228.7794,-0.408103
228.7961,-0.408113
228.8129,-0.408127
228.8289,-0.408149
228.8459,-0.408173
228.862,-0.408194
228.8797,-0.40822
228.8955,-0.408249
228.9126,-0.408278
228.9292,-0.408298
228.9462,-0.408314
228.9626,-0.408329
228.9798,-0.408344
228.9963,-0.40836
229.0117,-0.408383
229.0285,-0.408407
229.0464,-0.408437
229.0629,-0.408472
229.0794,-0.408502
229.0958,-0.408534
229.1119,-0.408559
229.1297,-0.408581
229.1455,-0.408595
229.1625,-0.408622
229.1791,-0.408653
229.1957,-0.408682
229.2118,-0.40872
229.2287,-0.408759
229.2463,-0.408793
229.2624,-0.40883
229.2794,-0.408858
229.2958,-0.408883
229.3126,-0.40891
229.3294,-0.40893
229.3452,-0.408954
229.362,-0.408976
229.3785,-0.409005
229.3965,-0.409034
229.4124,-0.409066
229.4291,-0.409104
229.4447,-0.409136
229.4624,-0.409165
229.4787,-0.409179
229.4956,-0.409195
229.5128,-0.409215
229.5276,-0.409234
229.5459,-0.409254
229.5617,-0.409278
229.5788,-0.4093
229.5953,-0.409329
229.611,-0.409361
229.6286,-0.409386
229.6449,-0.409409
229.6614,-0.409434
229.6784,-0.409466
229.6957,-0.409501
229.7117,-0.409539
229.7274,-0.409572
229.7451,-0.4096
229.7619,-0.409625
229.7778,-0.409651
229.7955,-0.409679
229.8113,-0.409705
229.828,-0.409728
229.8445,-0.409753
229.862,-0.409773
229.8776,-0.409789
229.8946,-0.40981
229.9119,-0.409829
229.9278,-0.409841
229.9448,-0.40985
229.9607,-0.409866
229.9778,-0.40988
229.9944,-0.409908
230.0112,-0.409946
230.028,-0.409986
230.0448,-0.41002
230.061,-0.410047
230.0779,-0.410069
230.0951,-0.410092
230.1113,-0.41011
230.1283,-0.410123
230.1446,-0.410143
230.1608,-0.410158
230.1783,-0.410172
230.1946,-0.410182
230.2116,-0.410189
230.228,-0.4102
230.2451,-0.410208
230.261,-0.410212
230.2776,-0.410226
230.2946,-0.410245
230.3114,-0.410269
230.3281,-0.410297
230.3445,-0.410327
230.3616,-0.41035
230.3781,-0.410365
230.3954,-0.410379
230.4113,-0.410401
230.428,-0.410422
230.4441,-0.410443
230.4616,-0.410466
230.4792,-0.410488
230.4951,-0.410504
230.5115,-0.410522
230.5278,-0.41053
230.5449,-0.410538
230.5611,-0.410551
230.5782,-0.41057
230.5951,-0.410586
230.6114,-0.410608
230.6277,-0.410629
230.6455,-0.410651
230.6618,-0.410671
230.6777,-0.41069
230.6949,-0.410704
230.7113,-0.410717
230.728,-0.410733
230.7449,-0.410759
230.7611,-0.41079
230.7775,-0.410818
230.7956,-0.410848
230.8118,-0.410875
230.8284,-0.410903
230.8449,-0.410925
230.8621,-0.410938
230.8781,-0.410951
230.8949,-0.410968
230.9115,-0.410989
230.9274,-0.411011
230.9447,-0.411031
230.9617,-0.411057
230.9786,-0.411082
230.9955,-0.411107
231.0125,-0.411127
231.0283,-0.411142
231.0446,-0.411149
231.0621,-0.411149
231.0775,-0.411151
231.0956,-0.41117
231.1119,-0.411193
231.1285,-0.411212
231.1445,-0.411233
231.1625,-0.411262
231.1793,-0.411293
231.1952,-0.41132
231.2109,-0.411342
231.2282,-0.41136
231.2457,-0.411378
231.2622,-0.411398
231.2787,-0.411424
231.2953,-0.411451
231.3124,-0.411478
231.3292,-0.411496
231.3456,-0.411519
231.3622,-0.411546
231.3786,-0.411582
231.3948,-0.41162
231.4109,-0.411655
231.4283,-0.411687
231.4451,-0.411708
231.4628,-0.411737
231.4788,-0.41177
231.4949,-0.411799
231.5118,-0.411823
231.5284,-0.411848
231.5446,-0.411875
231.5619,-0.411899
231.5788,-0.411929
231.5952,-0.411948
231.612,-0.411972
231.6295,-0.411995
231.6451,-0.412009
231.662,-0.412023
231.6783,-0.412042
231.6952,-0.412064
231.7121,-0.412093
231.7283,-0.41213
231.7451,-0.412171
231.7624,-0.412203
231.7789,-0.412228
231.7947,-0.412254
231.8121,-0.412277
231.8288,-0.412298
231.8453,-0.412323
231.8615,-0.412346
231.8791,-0.412363
231.8953,-0.41238
231.9121,-0.412405
231.9288,-0.412437
231.9458,-0.412459
231.9625,-0.412489
231.9789,-0.412517
231.9955,-0.412544
232.0129,-0.412573
232.0285,-0.412597
232.0462,-0.412619
232.0624,-0.41265
232.0788,-0.412682
232.0954,-0.412712
232.1117,-0.41274
232.1293,-0.412767
232.1462,-0.412799
232.1624,-0.412827
232.1783,-0.412857
232.1958,-0.412884
232.2132,-0.412916
232.2289,-0.412949
232.2455,-0.412981
232.2626,-0.413009
232.2793,-0.413039
232.2962,-0.413076
232.3132,-0.413121
232.3291,-0.413164
232.3459,-0.413203
232.3632,-0.413242
232.3801,-0.413277
232.3967,-0.413314
232.413,-0.413358
232.4296,-0.413396
232.4469,-0.413431
232.4635,-0.41346
232.48,-0.413493
232.4961,-0.413525
232.5126,-0.41355
232.5298,-0.413578
232.5454,-0.413608
232.5632,-0.413634
232.5795,-0.413656
232.5957,-0.413678
232.613,-0.41371
232.6296,-0.413742
232.6464,-0.413772
232.662,-0.413807
232.6786,-0.413844
232.696,-0.413874
232.7123,-0.413919
232.7292,-0.413958
232.7453,-0.414003
232.7627,-0.414047
232.7797,-0.414092
232.7965,-0.414137
232.8128,-0.414167
232.83,-0.414199
232.8458,-0.414231
232.8633,-0.414248
232.8793,-0.414266
232.8953,-0.41428
232.9127,-0.414295
232.9298,-0.414322
232.946,-0.414348
232.9628,-0.414378
232.9792,-0.414409
232.9965,-0.414438
233.0119,-0.414469
233.0295,-0.414505
233.0465,-0.414535
233.0631,-0.414558
233.0792,-0.414576
233.096,-0.414598
233.1131,-0.414623
233.1294,-0.414646
233.145,-0.414677
233.1624,-0.414709
233.1793,-0.414735
233.1958,-0.414759
233.2119,-0.414789
233.2299,-0.414815
233.2458,-0.414831
233.2627,-0.414841
233.279,-0.414857
233.2957,-0.414867
233.3119,-0.414884
233.3284,-0.41491
233.3456,-0.414942
233.3625,-0.414972
233.3787,-0.414998
233.3958,-0.415023
233.4128,-0.415055
233.4293,-0.415084
233.4461,-0.415103
233.4625,-0.415119
233.4799,-0.415138
233.4957,-0.415157
233.5125,-0.415181
233.5286,-0.415199
233.5453,-0.415226
233.5634,-0.415242
233.5784,-0.415266
233.5956,-0.415292
233.6123,-0.415321
233.6293,-0.415347
233.6453,-0.41537
233.6631,-0.415388
233.6797,-0.415407
233.6959,-0.415433
233.7138,-0.415453
233.7297,-0.415482
233.7449,-0.415511
233.7626,-0.415541
233.7793,-0.415576
233.7961,-0.415605
233.8139,-0.415636
233.8309,-0.41567
233.8465,-0.415693
233.8634,-0.415717
233.8793,-0.415738
233.8961,-0.415757
233.9128,-0.415777
233.93,-0.415795
233.9465,-0.415815
233.9631,-0.415843
233.9803,-0.41587
233.9964,-0.415888
234.0125,-0.415912
234.03,-0.41594
234.0464,-0.415971
234.0631,-0.416001
234.0805,-0.41603
234.0963,-0.416055
234.1133,-0.416074
234.1298,-0.416103
234.1468,-0.416127
234.1625,-0.41615
234.1795,-0.416176
234.196,-0.416199
234.2131,-0.416222
234.2292,-0.416247
234.2462,-0.416276
234.2632,-0.416309
234.279,-0.416349
234.2955,-0.416388
234.3121,-0.416424
234.33,-0.416454
234.3461,-0.416489
234.3629,-0.416525
234.3796,-0.416557
234.3953,-0.416585
234.4123,-0.416612
234.4297,-0.416641
234.447,-0.416668
234.4637,-0.4167
234.48,-0.416738
234.4966,-0.416767
234.5125,-0.416784
234.5294,-0.416806
234.5463,-0.416836
234.5631,-0.416864
234.579,-0.416882
234.5955,-0.416905
234.6126,-0.416931
234.6296,-0.416966
234.6457,-0.417004
234.6629,-0.417044
234.6797,-0.417087
234.6957,-0.417123
234.7129,-0.417159
234.7291,-0.417194
234.746,-0.417216
234.763,-0.417236
234.7794,-0.417257
234.7962,-0.41728
234.8128,-0.417301
234.829,-0.417319
234.8459,-0.417332
234.8627,-0.417346
234.8793,-0.41736
234.8955,-0.417372
234.9123,-0.417384
234.929,-0.417395
234.9462,-0.417412
234.962,-0.417434
234.9788,-0.41747
234.9955,-0.417506
235.0126,-0.417552
235.0289,-0.417592
235.0453,-0.417634
235.063,-0.417673
235.0787,-0.41771
235.0963,-0.417737
235.1126,-0.417765
235.1295,-0.417785
235.1453,-0.417803
235.1624,-0.41782
235.1794,-0.417842
235.1963,-0.417865
235.2127,-0.417889
235.2295,-0.417912
235.2454,-0.417936
235.2634,-0.417958
235.2792,-0.417983
235.2964,-0.418008
235.3128,-0.418031
235.3291,-0.418044
235.3461,-0.41806
235.3629,-0.418079
235.3802,-0.418098
235.3965,-0.418112
235.4128,-0.418121
235.4291,-0.418128
235.4461,-0.418137
235.4632,-0.418158
235.4794,-0.418183
235.4955,-0.418208
235.5126,-0.418229
235.5288,-0.418248
235.546,-0.418271
235.5625,-0.418296
235.5792,-0.418322
235.5956,-0.418342
235.6132,-0.418364
235.6293,-0.418387
235.6458,-0.418417
235.6631,-0.418449
235.6789,-0.418477
235.6964,-0.41851
235.7127,-0.418536
235.7298,-0.418562
235.7458,-0.418582
235.7623,-0.418605
235.7789,-0.418629
235.7965,-0.418652
235.8134,-0.418678
235.8292,-0.41871
235.8462,-0.418743
235.8629,-0.418769
235.879,-0.418797
235.8965,-0.418819
235.9128,-0.418835
235.9294,-0.418849
235.946,-0.418874
235.9628,-0.418901
235.9792,-0.418925
235.9962,-0.418954
236.013,-0.418977
236.0299,-0.419001
236.0459,-0.419022
236.063,-0.419047
236.0798,-0.419068
236.0963,-0.419086
236.1134,-0.419106
236.1296,-0.419122
236.1469,-0.419141
236.1632,-0.419174
236.1788,-0.419211
236.1964,-0.41925
236.2126,-0.419287
236.23,-0.419323
236.2472,-0.419359
236.2634,-0.4194
236.2795,-0.41944
236.2963,-0.419476
236.3132,-0.419505
236.3302,-0.41953
236.3465,-0.419557
236.3636,-0.41959
236.3794,-0.419616
236.3972,-0.41964
236.4129,-0.419665
236.4294,-0.419686
236.4464,-0.419714
236.4621,-0.419754
236.4799,-0.419786
236.496,-0.419824
236.5129,-0.419858
236.5302,-0.419889
236.5468,-0.419921
236.5629,-0.419946
236.5796,-0.41997
236.596,-0.419991
236.6137,-0.420015
236.6301,-0.420031
236.6458,-0.420057
236.6625,-0.420081
236.6801,-0.420113
236.6958,-0.42014
236.7124,-0.420169
236.7296,-0.420198
236.7458,-0.420232
236.7631,-0.420262
236.779,-0.420301
236.7965,-0.420334
236.8126,-0.420357
236.8294,-0.42038
236.8457,-0.420397
236.8623,-0.42042
236.8793,-0.420442
236.8949,-0.420467
236.9131,-0.420503
236.9289,-0.420533
236.9456,-0.420564
236.963,-0.420602
236.979,-0.420636
236.9961,-0.420666
237.0122,-0.420694
237.0293,-0.420717
237.0461,-0.420742
237.062,-0.420768
237.079,-0.42079
237.0958,-0.420816
237.1121,-0.420838
237.13,-0.420853
237.1459,-0.420871
237.1626,-0.42089
237.1797,-0.420913
237.1953,-0.420931
237.2113,-0.420945
237.2295,-0.420958
237.2454,-0.420965
237.2622,-0.42097
237.279,-0.420978
237.2959,-0.420989
237.3125,-0.421002
237.3293,-0.421011
237.3455,-0.421026
237.3622,-0.421049
237.3791,-0.421076
237.3952,-0.421109
237.4121,-0.421137
237.4289,-0.421165
237.4462,-0.421189
237.4627,-0.421207
237.4795,-0.421229
237.496,-0.421246
237.5128,-0.42126
237.5296,-0.421275
237.5456,-0.421285
237.5633,-0.421291
237.5788,-0.4213
237.5958,-0.421304
237.6128,-0.421304
237.6295,-0.421306
237.6461,-0.421306
237.6628,-0.421315
237.6786,-0.421332
237.6959,-0.421351
237.7124,-0.421368
237.7296,-0.421391
237.746,-0.42142
237.7627,-0.421453
237.7794,-0.421483
237.7958,-0.42151
237.8129,-0.421536
237.8298,-0.421557
237.8464,-0.421579
237.8627,-0.421603
237.8802,-0.421624
237.896,-0.421643
237.913,-0.421669
237.9293,-0.421691
237.9466,-0.421711
237.9634,-0.42173
237.9806,-0.421751
237.9965,-0.421765
238.0135,-0.421771
238.0302,-0.42178
238.047,-0.421794
238.0635,-0.421804
238.0798,-0.421822
238.0963,-0.421834
238.1133,-0.42185
238.1304,-0.421869
238.1475,-0.421882
238.1627,-0.421899
238.1795,-0.421917
238.1971,-0.421917
238.2129,-0.421927
238.2298,-0.421947
238.2461,-0.421966
238.2637,-0.421984
238.2796,-0.421999
238.2964,-0.422014
238.3131,-0.422028
238.33,-0.422049
238.3458,-0.422074
238.3627,-0.422105
238.3793,-0.422133
238.3966,-0.422165
238.4132,-0.422201
238.4297,-0.422228
238.4469,-0.422253
238.4632,-0.42227
238.4806,-0.422287
238.4962,-0.422303
238.5134,-0.422315
238.5304,-0.422334
238.5466,-0.422352
238.5637,-0.422366
238.5794,-0.422386
238.5968,-0.422412
238.6136,-0.422433
238.63,-0.422457
238.6464,-0.422485
238.6631,-0.42251
238.6802,-0.422537
238.6961,-0.422571
238.7133,-0.422604
238.7304,-0.422634
238.746,-0.422658
238.7635,-0.422687
238.7799,-0.422718
238.7966,-0.422741
238.8132,-0.422758
238.8301,-0.422782
238.8472,-0.422796
238.863,-0.422812
238.8799,-0.422822
238.8967,-0.422845
238.9138,-0.42286
238.9297,-0.422875
238.9465,-0.422893
238.9635,-0.422918
238.9807,-0.422939
238.9967,-0.422967
239.0133,-0.423
239.0295,-0.423016
239.0462,-0.423031
239.063,-0.423042
239.0796,-0.423062
239.0964,-0.423087
239.1135,-0.423107
239.1296,-0.423127
239.1464,-0.423149
239.1639,-0.423169
239.1805,-0.423188
239.1966,-0.423211
239.2137,-0.42324
239.2306,-0.423261
239.2469,-0.42328
239.2637,-0.423304
239.2803,-0.423326
239.2969,-0.423344
239.3134,-0.42336
239.3302,-0.423382
239.3471,-0.423403
239.3636,-0.423424
239.3805,-0.423445
239.3973,-0.423467
239.4139,-0.423482
239.4296,-0.423497
239.4465,-0.42351
239.4644,-0.423521
239.4813,-0.423533
239.4966,-0.423547
239.514,-0.42356
239.5302,-0.423581
239.5472,-0.423608
239.5639,-0.423639
239.58,-0.423669
239.5963,-0.423693
239.6141,-0.423715
239.631,-0.42374
239.6478,-0.423756
239.6638,-0.423774
239.6806,-0.423786
239.6979,-0.4238
239.7142,-0.423817
239.7303,-0.423846
239.7483,-0.423878
239.7644,-0.423912
239.7811,-0.423948
239.7968,-0.423981
239.8145,-0.424019
239.8307,-0.424045
239.8475,-0.424074
239.8645,-0.424104
239.8809,-0.424131
239.8976,-0.424154
239.9144,-0.424172
239.9312,-0.424182
239.9482,-0.424193
239.9639,-0.424204
239.9811,-0.424215
239.9979,-0.424233
240.0148,-0.424249
240.0311,-0.424261
240.0472,-0.424277
240.0644,-0.424296
240.0808,-0.42432
240.0977,-0.424344
240.1138,-0.424367
240.1311,-0.424386
240.147,-0.424399
240.1642,-0.424422
240.1804,-0.424447
240.1969,-0.424469
240.214,-0.424487
240.2312,-0.424504
240.2478,-0.424523
240.264,-0.424548
240.2811,-0.424567
240.2977,-0.424587
240.314,-0.424614
240.3313,-0.42464
240.3484,-0.42467
240.3645,-0.424692
240.3816,-0.424715
240.3985,-0.424738
240.4155,-0.424762
240.431,-0.424787
240.4474,-0.424814
240.4646,-0.424838
240.4812,-0.424864
240.4983,-0.424883
240.5154,-0.424911
240.5311,-0.424934
240.5484,-0.42495
240.5662,-0.424964
240.5816,-0.424975
240.5981,-0.424987
240.6149,-0.424995
240.631,-0.425014
240.6491,-0.425028
240.665,-0.425048
240.6821,-0.425068
240.6987,-0.425085
240.7159,-0.4251
240.7319,-0.425107
240.7486,-0.425121
240.7653,-0.425132
240.782,-0.42515
240.7996,-0.425178
240.8151,-0.425206
240.8328,-0.425231
240.8487,-0.425255
240.8663,-0.425283
240.8828,-0.425306
240.8991,-0.425335
240.9158,-0.425354
240.9329,-0.425367
240.9494,-0.425384
240.9668,-0.425409
240.9833,-0.42544
241.0003,-0.425478
241.0153,-0.425502
241.0336,-0.425527
241.0494,-0.42555
241.0665,-0.425582
241.0829,-0.425603
241.1,-0.425623
241.1166,-0.425636
241.1335,-0.425658
241.1502,-0.42568
241.1669,-0.425706
241.1828,-0.425732
241.1998,-0.425749
241.217,-0.425777
241.2332,-0.425811
241.2501,-0.425845
241.266,-0.425886
241.2832,-0.425921
241.2999,-0.425953
241.3168,-0.425986
241.3333,-0.426016
241.3499,-0.426054
241.367,-0.426092
241.3836,-0.426134
241.4,-0.426178
241.4166,-0.42621
241.4334,-0.426246
241.4501,-0.426275
241.4665,-0.426301
241.4832,-0.426329
241.5004,-0.426356
241.5168,-0.426386
241.5336,-0.426408
241.5512,-0.426445
241.5665,-0.426479
241.5835,-0.426514
241.6006,-0.426544
241.6161,-0.426574
241.6339,-0.426602
241.6503,-0.426635
241.6673,-0.426665
241.6832,-0.42669
241.7004,-0.426718
241.7173,-0.426741
241.7333,-0.426764
241.7501,-0.426783
241.767,-0.426807
241.7834,-0.426832
241.8007,-0.426853
241.8175,-0.426868
241.8338,-0.426886
241.85,-0.426908
241.8667,-0.426939
241.8837,-0.426969
241.8998,-0.427002
241.9165,-0.427043
241.9336,-0.427077
241.9503,-0.427108
241.9669,-0.427137
241.9842,-0.427164
242.0002,-0.427189
242.017,-0.427211
242.0336,-0.427237
242.0504,-0.427265
242.0675,-0.427296
242.0834,-0.427317
242.1003,-0.427338
242.1172,-0.427359
242.1332,-0.427387
242.1503,-0.427411
242.1664,-0.427437
242.183,-0.427459
242.2008,-0.427484
242.2176,-0.427511
242.2335,-0.427538
242.2503,-0.427564
242.2676,-0.427585
242.2837,-0.427609
242.2997,-0.427631
242.317,-0.427657
242.3334,-0.427682
242.3498,-0.427708
242.3666,-0.427729
242.3829,-0.427765
242.3999,-0.427796
242.4165,-0.42783
242.4336,-0.427864
242.4494,-0.427896
242.4678,-0.427928
242.4836,-0.427948
242.5003,-0.427966
242.5169,-0.427983
242.5333,-0.427996
242.5503,-0.428004
242.5664,-0.428019
242.5824,-0.428031
242.5989,-0.428054
242.6157,-0.42808
242.6332,-0.428104
242.6491,-0.428131
242.6661,-0.428162
242.6828,-0.428185
242.6991,-0.428202
242.7159,-0.428221
242.7324,-0.428231
242.7495,-0.428246
242.7661,-0.428265
242.783,-0.428283
242.799,-0.428308
242.8158,-0.42833
242.8327,-0.42835
242.8495,-0.428366
242.8655,-0.428378
242.8826,-0.428392
242.8994,-0.428412
242.9158,-0.428422
242.9325,-0.428423
242.9486,-0.428434
242.9654,-0.428442
242.9821,-0.428451
242.9985,-0.428455
243.015,-0.428472
243.0322,-0.428486
243.0494,-0.4285
243.0654,-0.42851
243.0825,-0.428519
243.099,-0.428538
243.1156,-0.428544
243.1329,-0.428553
243.1483,-0.42856
243.1654,-0.428572
243.1831,-0.428581
243.1987,-0.428596
243.2163,-0.428614
243.2327,-0.428632
243.249,-0.428651
243.2664,-0.428662
243.2829,-0.428667
243.2991,-0.428673
243.3163,-0.428682
243.3324,-0.428679
243.3493,-0.42868
243.3656,-0.428683
243.3825,-0.428696
243.399,-0.428719
243.4144,-0.428738
243.4323,-0.428751
243.4491,-0.428767
243.4658,-0.42879
243.4826,-0.428805
243.4989,-0.428819
243.5156,-0.428824
243.5327,-0.428831
243.5499,-0.428845
243.5659,-0.428853
243.5831,-0.428867
243.5988,-0.42888
243.616,-0.428891
243.6332,-0.428906
243.6496,-0.428924
243.6657,-0.428938
243.6836,-0.42895
243.6996,-0.42896
243.7159,-0.428974
243.7322,-0.428983
243.7494,-0.429006
243.7662,-0.429025
243.7828,-0.429047
243.7998,-0.429063
243.8161,-0.429079
243.8333,-0.429102
243.8494,-0.429121
243.8659,-0.429141
243.8826,-0.429168
243.8992,-0.429189
243.916,-0.429208
243.9334,-0.429232
243.9498,-0.429258
243.9666,-0.429288
243.9822,-0.429309
243.9996,-0.429326
244.0163,-0.429333
244.0327,-0.429342
244.0497,-0.429359
244.0664,-0.429376
244.0834,-0.429391
244.0996,-0.429405
244.1164,-0.429426
244.1333,-0.429455
244.1497,-0.429482
244.1665,-0.429503
244.1834,-0.429525
244.2002,-0.42954
244.217,-0.429552
244.2334,-0.429564
244.2493,-0.429579
244.2668,-0.429584
244.2834,-0.429589
244.3002,-0.429595
244.3166,-0.429611
244.3333,-0.429631
244.3496,-0.429654
244.3666,-0.429673
244.384,-0.429691
244.3999,-0.429708
244.4173,-0.429719
244.4338,-0.429733
244.4486,-0.429745
244.467,-0.429752
244.4833,-0.429768
244.5009,-0.429781
244.517,-0.429795
244.5339,-0.42982
244.5496,-0.429833
244.5669,-0.429842
244.5837,-0.42985
244.6,-0.429861
244.6176,-0.429871
244.6331,-0.429884
244.65,-0.4299
244.6667,-0.429916
244.6837,-0.42994
244.6998,-0.429961
244.7169,-0.42998
244.7341,-0.430001
244.7503,-0.430024
244.7669,-0.430054
244.7835,-0.43007
244.7998,-0.430089
244.8166,-0.430102
244.8338,-0.430124
244.8506,-0.430146
244.8665,-0.430171
244.8836,-0.43019
244.9003,-0.430204
244.9167,-0.430216
244.9337,-0.430241
244.9505,-0.430275
244.9671,-0.430305
244.9842,-0.430332
245.0006,-0.430353
245.0176,-0.430367
245.0344,-0.430378
245.05,-0.430391
245.0672,-0.430405
245.0832,-0.430417
245.1001,-0.430433
245.1171,-0.430442
245.134,-0.430456
245.1508,-0.43047
245.1669,-0.430491
245.1841,-0.430515
245.2004,-0.430541
245.2176,-0.430555
245.2342,-0.430572
245.2512,-0.430593
245.2678,-0.430612
245.2833,-0.430629
245.3005,-0.430641
245.3177,-0.430656
245.3346,-0.430676
245.3508,-0.4307
245.3679,-0.43072
245.384,-0.430738
245.4002,-0.430752
245.4172,-0.430768
245.4339,-0.430788
245.4507,-0.430806
245.4669,-0.430823
245.4837,-0.430839
245.5005,-0.430857
245.5179,-0.430881
245.5342,-0.430916
245.5501,-0.430953
245.567,-0.430979
245.5836,-0.431002
245.6006,-0.431028
245.6171,-0.431055
245.6339,-0.431087
245.65,-0.43112
245.6672,-0.431149
245.6841,-0.431172
245.701,-0.431199
245.7171,-0.431228
245.7342,-0.431256
245.7505,-0.431282
245.7672,-0.43131
245.7836,-0.431334
245.8009,-0.431362
245.817,-0.431388
245.8336,-0.431418
245.8508,-0.431444
245.8671,-0.431467
245.8842,-0.431484
245.9003,-0.431511
245.9172,-0.431529
245.9338,-0.431545
245.9504,-0.431564
245.9669,-0.43159
245.9842,-0.431613
246.0006,-0.431634
246.0167,-0.431652
246.0334,-0.431674
246.0509,-0.431697
246.0669,-0.431718
246.0834,-0.431742
246.1001,-0.431766
246.1167,-0.431788
246.1336,-0.431816
246.1509,-0.431847
246.1668,-0.431877
246.1839,-0.431903
246.2,-0.431924
246.2169,-0.431945
246.2336,-0.431965
246.2503,-0.431991
246.2665,-0.432013
246.2831,-0.432029
246.3005,-0.432045
246.3171,-0.432059
246.3338,-0.432078
246.3497,-0.432096
246.3673,-0.432115
246.3834,-0.432135
246.4001,-0.432153
246.4167,-0.432173
246.4338,-0.432204
246.4509,-0.432234
246.4671,-0.432253
246.4843,-0.432263
246.5006,-0.432276
246.5173,-0.43229
246.5342,-0.432307
246.55,-0.432322
246.5678,-0.432332
246.5843,-0.432343
246.6005,-0.432361
246.6172,-0.432373
246.6337,-0.432388
246.6504,-0.432391
246.6671,-0.432391
246.6838,-0.432405
246.7004,-0.432421
246.717,-0.432427
246.7333,-0.432433
246.7502,-0.432455
246.7672,-0.432472
246.7836,-0.432508
246.8008,-0.43253
246.8176,-0.43256
246.8346,-0.432589
246.8504,-0.432615
246.8679,-0.432639
246.8828,-0.432659
246.9004,-0.432676
246.9169,-0.432685
246.9339,-0.432699
246.9506,-0.432712
246.9672,-0.432731
246.9849,-0.432747
247.0008,-0.432767
247.0172,-0.43278
247.0343,-0.432791
247.0508,-0.432799
247.0673,-0.432812
247.0844,-0.432825
247.1011,-0.432834
247.1176,-0.432843
247.1346,-0.432857
247.1513,-0.432873
247.1675,-0.432893
247.1836,-0.432914
247.2014,-0.432931
247.2176,-0.432946
247.2341,-0.432958
247.2504,-0.432977
247.2683,-0.432993
247.2837,-0.433018
247.3006,-0.433047
247.3185,-0.433076
247.3344,-0.433098
247.3512,-0.433116
247.3682,-0.433133
247.3849,-0.433147
247.4017,-0.433159
247.4176,-0.433169
247.4342,-0.433177
247.4511,-0.433188
247.4679,-0.433197
247.4843,-0.433208
247.5014,-0.433221
247.5181,-0.433238
247.5345,-0.43326
247.5515,-0.433277
247.5681,-0.433305
247.5842,-0.43333
247.6012,-0.433356
247.619,-0.433387
247.6344,-0.433411
247.6527,-0.433442
247.6688,-0.433463
247.6848,-0.433476
247.7013,-0.433493
247.7176,-0.433513
247.7353,-0.433529
247.751,-0.43354
247.7682,-0.433556
247.7851,-0.433581
247.8019,-0.433608
247.8187,-0.433627
247.8354,-0.433654
247.8521,-0.433678
247.8683,-0.433697
247.8849,-0.433717
247.902,-0.433735
247.919,-0.433749
247.9353,-0.433768
247.9516,-0.433793
247.9682,-0.433816
247.9846,-0.433837
248.0024,-0.433863
248.0186,-0.433897
248.0348,-0.433931
248.0517,-0.433962
248.0685,-0.433993
248.0854,-0.434017
248.1024,-0.434035
248.1193,-0.434055
248.1358,-0.434072
248.1528,-0.434089
248.169,-0.434104
248.1854,-0.434119
248.2015,-0.43414
248.2195,-0.434163
248.2354,-0.434183
248.2523,-0.434206
248.2687,-0.434235
248.2849,-0.434256
248.3018,-0.434278
248.3191,-0.434295
248.3356,-0.434314
248.3525,-0.434337
248.368,-0.434366
248.3847,-0.43438
248.4013,-0.434386
248.419,-0.434389
248.4351,-0.4344
248.4524,-0.434421
248.4684,-0.434446
248.4844,-0.434465
248.5018,-0.434488
248.5177,-0.434508
248.5355,-0.43453
248.5515,-0.434553
248.5677,-0.434576
248.585,-0.434599
248.6009,-0.434631
248.6179,-0.434653
248.6351,-0.434684
248.6521,-0.434718
248.6687,-0.43475
248.6852,-0.434778
248.7015,-0.434799
248.7176,-0.434819
248.7352,-0.434843
248.7512,-0.434869
248.7678,-0.434894
248.7839,-0.434921
248.8018,-0.434944
248.8182,-0.434962
248.8357,-0.434981
248.8508,-0.434999
248.8676,-0.435018
248.884,-0.435034
248.9014,-0.435052
248.9186,-0.435071
248.9346,-0.435096
248.9509,-0.435119
248.9674,-0.43514
248.9845,-0.435162
249.0016,-0.435177
249.0175,-0.435192
249.0342,-0.435219
249.0508,-0.435245
249.0685,-0.43527
249.0836,-0.435296
249.1013,-0.435317
249.119,-0.435335
249.1344,-0.435352
249.1521,-0.435369
249.1685,-0.435376
249.1844,-0.43538
249.2012,-0.435382
249.2182,-0.435394
249.2348,-0.435403
249.2511,-0.435415
249.2684,-0.435432
249.2847,-0.435448
249.3016,-0.435458
249.3185,-0.435468
249.3356,-0.435484
249.3517,-0.435503
249.3682,-0.435514
249.3842,-0.435526
249.4004,-0.435544
249.4182,-0.435565
249.4353,-0.435581
249.4515,-0.435604
249.4681,-0.435619
249.4855,-0.435626
249.5016,-0.435631
249.5187,-0.435633
249.535,-0.435646
249.5514,-0.435651
249.5679,-0.435664
249.5849,-0.435684
249.6013,-0.435708
249.6185,-0.435732
249.6354,-0.435748
249.6519,-0.435756
249.6684,-0.43576
249.6852,-0.435766
249.7008,-0.43577
249.7178,-0.435773
249.7352,-0.435782
249.7516,-0.435803
249.7686,-0.43583
249.7851,-0.435853
249.8008,-0.435879
249.819,-0.435899
249.8353,-0.43592
249.8524,-0.435942
249.8679,-0.435967
249.8848,-0.435992
249.902,-0.436013
249.9191,-0.436026
249.9352,-0.436043
249.9521,-0.436058
249.9685,-0.436076
249.986,-0.43609
250.0024,-0.436103
250.0187,-0.436111
250.0347,-0.436126
250.0518,-0.436135
250.0685,-0.436143
250.0852,-0.436152
250.1017,-0.436169
250.1187,-0.436187
250.1344,-0.43621
250.1519,-0.43623
250.1685,-0.43625
250.1852,-0.436281
250.2013,-0.436314
250.2187,-0.436352
250.2351,-0.436377
250.2523,-0.436403
250.2688,-0.436424
250.2859,-0.436451
250.3028,-0.436465
250.3183,-0.436474
250.3361,-0.436488
250.3521,-0.436504
250.3693,-0.436527
250.3849,-0.436561
250.402,-0.436592
250.4193,-0.436618
250.4356,-0.436643
250.4522,-0.436672
250.4688,-0.436698
250.4864,-0.436719
250.5024,-0.436734
250.5186,-0.436747
250.5353,-0.436768
250.5518,-0.436792
250.5694,-0.436811
250.5858,-0.436838
250.6026,-0.43687
250.6189,-0.436896
250.6362,-0.436921
250.6525,-0.436938
250.6698,-0.436958
250.686,-0.436982
250.7021,-0.437004
250.7197,-0.437027
250.7348,-0.437049
250.7523,-0.437078
250.7688,-0.437112
250.7854,-0.437145
250.802,-0.437167
250.8191,-0.43719
250.8356,-0.437214
250.8519,-0.437243
250.8689,-0.437274
250.885,-0.4373
250.9019,-0.437319
250.919,-0.437336
250.9354,-0.43736
250.9521,-0.437381
250.969,-0.437404
250.9855,-0.437428
251.0023,-0.437448
251.0188,-0.437471
251.0351,-0.437494
251.0522,-0.437519
251.0688,-0.437543
251.0856,-0.437565
251.1026,-0.437593
251.119,-0.437619
251.1353,-0.437642
251.1522,-0.437668
251.1692,-0.437696
251.1861,-0.437723
251.2024,-0.437748
251.2187,-0.437774
251.2354,-0.4378
251.2522,-0.437815
251.2691,-0.437833
251.2856,-0.437854
251.3025,-0.437873
251.3189,-0.437886
251.3362,-0.437895
251.3528,-0.43791
251.3689,-0.437921
251.3855,-0.437933
251.4023,-0.437951
251.4194,-0.437973
251.4361,-0.437997
251.4524,-0.438022
251.469,-0.438039
251.4858,-0.438054
251.5025,-0.438066
251.5195,-0.438072
251.5366,-0.438083
251.5527,-0.43809
251.5689,-0.438098
251.5856,-0.438107
251.6023,-0.438122
251.6193,-0.438137
251.6359,-0.438159
251.6525,-0.438178
251.6691,-0.438203
251.6863,-0.438223
251.703,-0.438244
251.7195,-0.438271
251.7357,-0.438295
251.7531,-0.438321
251.7699,-0.438344
251.786,-0.438363
251.8026,-0.438376
251.82,-0.438393
251.8367,-0.438408
251.853,-0.438428
251.8698,-0.438446
251.8867,-0.438472
251.9025,-0.438504
251.9192,-0.438536
251.9355,-0.438569
251.9532,-0.4386
251.9694,-0.43863
251.9866,-0.438656
252.0031,-0.438679
252.0201,-0.438694
252.036,-0.438711
252.0535,-0.438727
252.0695,-0.438749
252.0863,-0.438771
252.102,-0.438795
252.1189,-0.438821
252.1367,-0.438851
252.1539,-0.438879
252.1695,-0.438902
252.1867,-0.438921
252.2029,-0.438943
252.2196,-0.438962
252.2354,-0.438985
252.2526,-0.439009
252.2695,-0.439032
252.2854,-0.439057
252.3025,-0.439083
252.319,-0.439113
252.3358,-0.43914
252.3526,-0.439172
252.3694,-0.439201
252.3858,-0.43923
252.4025,-0.439251
252.4191,-0.439275
252.4357,-0.439297
252.4516,-0.439321
252.4691,-0.439333
252.4856,-0.439341
252.5023,-0.439346
252.5192,-0.439358
252.5357,-0.439382
252.5522,-0.439412
252.5683,-0.439443
252.5846,-0.439461
252.6024,-0.439483
252.6194,-0.43951
252.635,-0.439545
252.6526,-0.439569
252.6689,-0.439588
252.6852,-0.439604
252.7022,-0.439621
252.7186,-0.439644
252.7349,-0.439672
252.751,-0.439705
252.7689,-0.439728
252.7859,-0.439747
252.8011,-0.439773
252.8194,-0.439799
252.8355,-0.439823
252.8517,-0.439841
252.8683,-0.439855
252.8858,-0.43987
252.9015,-0.439891
252.9174,-0.439915
252.9351,-0.439945
252.9514,-0.439967
252.9687,-0.439986
252.9849,-0.440009
253.0014,-0.440028
253.0184,-0.440051
253.0345,-0.440071
253.0508,-0.440095
253.0676,-0.440115
253.0855,-0.440132
253.1016,-0.440146
253.1181,-0.440164
253.1347,-0.44018
253.152,-0.440195
253.1682,-0.44021
253.1849,-0.440225
253.2014,-0.440241
253.2182,-0.440251
253.2346,-0.440262
253.2518,-0.440272
253.2686,-0.440277
253.286,-0.440284
253.3016,-0.440297
253.3174,-0.440301
253.3351,-0.440307
253.3517,-0.440318
253.3683,-0.440328
253.3849,-0.440342
253.4012,-0.440357
253.4178,-0.440366
253.4346,-0.440378
253.4512,-0.440389
253.4681,-0.440406
253.4848,-0.440426
253.5017,-0.44045
253.5182,-0.440482
253.5347,-0.440513
253.5513,-0.440542
253.5684,-0.440571
253.5844,-0.440598
253.6023,-0.440623
253.6186,-0.440645
253.6348,-0.440659
253.6514,-0.440673
253.6694,-0.440686
253.6858,-0.440698
253.702,-0.440724
253.7178,-0.440748
253.7353,-0.440767
253.7528,-0.440787
253.7686,-0.440812
253.7853,-0.440826
253.8026,-0.440849
253.8194,-0.440864
253.8353,-0.440873
253.8522,-0.440881
253.8683,-0.44089
253.8852,-0.440906
253.9012,-0.440933
253.9188,-0.440959
253.9354,-0.440989
253.9528,-0.44102
253.9688,-0.441042
253.9859,-0.44105
254.0016,-0.441057
254.0187,-0.441066
254.0361,-0.441069
254.0513,-0.441076
254.0685,-0.441083
254.0851,-0.441101
254.1027,-0.441122
254.1191,-0.441145
254.1357,-0.441166
254.152,-0.441181
254.1688,-0.441201
254.1851,-0.441218
254.2021,-0.441234
254.2189,-0.441248
254.2357,-0.441262
254.2527,-0.441273
254.2686,-0.441282
254.2857,-0.44129
254.3022,-0.441302
254.3191,-0.441313
254.3357,-0.441327
254.3519,-0.441345
254.3684,-0.441364
254.3858,-0.441391
254.4025,-0.44142
254.4196,-0.44146
254.4366,-0.441503
254.4534,-0.441534
254.4701,-0.441558
254.487,-0.441582
254.504,-0.441604
254.5204,-0.441623
254.5363,-0.441644
254.5533,-0.441664
254.5701,-0.441678
254.5869,-0.441697
254.6029,-0.441716
254.6208,-0.441746
254.6367,-0.441774
254.6535,-0.441799
254.6708,-0.441818
254.6873,-0.441834
254.7046,-0.441845
254.72,-0.441856
254.7371,-0.441869
254.7534,-0.441888
254.7704,-0.441913
254.7864,-0.441945
254.8036,-0.441982
254.8211,-0.442018
254.8372,-0.442055
254.8535,-0.442094
254.8701,-0.44213
254.8868,-0.442158
254.9037,-0.442187
254.9199,-0.442216
254.9375,-0.442249
254.9534,-0.44228
254.9698,-0.442314
254.9877,-0.44234
255.0036,-0.442371
255.0209,-0.442395
255.0369,-0.442418
255.0538,-0.442436
255.0706,-0.442454
255.0873,-0.442477
255.1031,-0.442498
255.1202,-0.442522
255.1371,-0.442553
255.1548,-0.442597
255.1707,-0.442636
255.1872,-0.442679
255.2034,-0.442719
255.2211,-0.442752
255.2378,-0.442782
255.2537,-0.442815
255.2706,-0.442849
255.2873,-0.442879
255.3035,-0.442904
255.3212,-0.442933
255.3377,-0.442962
255.3542,-0.442987
255.3711,-0.443021
255.3879,-0.443057
255.4043,-0.443087
255.4202,-0.443119
255.4373,-0.443144
255.4548,-0.443181
255.4714,-0.443217
255.4881,-0.443247
255.5049,-0.443272
255.5211,-0.443298
255.5376,-0.443324
255.5539,-0.443352
255.5709,-0.443373
255.588,-0.443402
255.6043,-0.44343
255.6214,-0.44346
255.6382,-0.443497
255.6546,-0.443533
255.6709,-0.443568
255.688,-0.443601
255.7039,-0.443635
255.7215,-0.44367
255.738,-0.44371
255.7542,-0.44375
255.771,-0.443783
255.788,-0.443819
255.8041,-0.443848
255.8213,-0.443873
255.838,-0.443895
255.8548,-0.443913
255.8712,-0.44393
255.8877,-0.443954
255.9038,-0.443978
255.9216,-0.444003
255.938,-0.444032
255.9552,-0.444061
255.9719,-0.444095
255.9882,-0.444129
256.0051,-0.444165
256.0212,-0.444194
256.0377,-0.444217
256.0547,-0.444243
256.0713,-0.444271
256.0883,-0.4443
256.104,-0.444323
256.1212,-0.444353
256.1383,-0.444383
256.1551,-0.444411
256.1713,-0.444437
256.1877,-0.444467
256.2051,-0.444485
256.2224,-0.444507
256.2389,-0.444526
256.255,-0.444548
256.272,-0.444572
256.2884,-0.444593
256.3047,-0.444616
256.3218,-0.444634
256.3386,-0.444658
256.3547,-0.444681
256.3716,-0.444702
256.3885,-0.444729
256.4049,-0.444765
256.4215,-0.444795
256.4385,-0.444824
256.4546,-0.444856
256.472,-0.444885
256.4887,-0.444904
256.5052,-0.444923
256.5211,-0.444938
256.538,-0.444955
256.5547,-0.444974
256.5713,-0.444992
256.5879,-0.445018
256.6057,-0.445044
256.6214,-0.445072
256.6382,-0.445096
256.6546,-0.445121
256.671,-0.445149
256.6884,-0.445172
256.7044,-0.445199
256.7212,-0.445226
256.7382,-0.445256
256.7554,-0.445283
256.7716,-0.445312
256.7885,-0.445342
256.8055,-0.445358
256.8219,-0.445375
256.8387,-0.445392
256.855,-0.445418
256.8716,-0.445444
256.8882,-0.445472
256.9044,-0.445506
256.9213,-0.445536
256.9387,-0.445562
256.9545,-0.445587
256.9722,-0.445619
256.9879,-0.445651
257.0049,-0.445679
257.0211,-0.445702
257.0382,-0.44573
257.0552,-0.445756
257.0717,-0.445787
257.0882,-0.445823
257.1044,-0.445858
257.1211,-0.445896
257.1377,-0.445928
257.1549,-0.445964
257.1711,-0.446001
257.1874,-0.446038
257.2042,-0.446073
257.221,-0.446104
257.2377,-0.446133
257.2542,-0.446164
257.2712,-0.446198
257.2878,-0.446227
257.3046,-0.446257
257.3215,-0.446288
257.338,-0.446313
257.3548,-0.44634
257.3714,-0.446366
257.3876,-0.446391
257.4048,-0.446406
257.4207,-0.446425
257.4385,-0.446448
257.454,-0.446467
257.4713,-0.44648
257.4877,-0.446493
257.5052,-0.446502
257.5219,-0.446513
257.5381,-0.446528
257.5544,-0.446552
257.5717,-0.446576
257.5871,-0.4466
257.6044,-0.446622
257.6211,-0.446642
257.6383,-0.44666
257.6547,-0.44668
257.6716,-0.446705
257.6879,-0.446727
257.7044,-0.44675
257.7217,-0.446772
257.7384,-0.446802
257.7554,-0.446834
257.7713,-0.446862
257.7885,-0.446885
257.805,-0.446902
257.8219,-0.446918
257.838,-0.446934
257.8548,-0.446948
257.8713,-0.446965
257.8881,-0.446987
257.9047,-0.447013
257.9223,-0.447036
257.9377,-0.447061
257.956,-0.447081
257.9726,-0.447101
257.9892,-0.447117
258.0053,-0.447127
258.0212,-0.44714
258.0376,-0.447155
258.055,-0.44717
258.0723,-0.447194
258.0876,-0.44722
258.1055,-0.44724
258.1216,-0.447263
258.1383,-0.447283
258.1549,-0.447303
258.1714,-0.447333
258.1884,-0.447352
258.2057,-0.447377
258.2218,-0.447409
258.2379,-0.447441
258.2553,-0.447467
258.2722,-0.447493
258.289,-0.447517
258.3049,-0.447542
258.3218,-0.447565
258.3393,-0.447589
258.3551,-0.447614
258.3715,-0.447632
258.3894,-0.447652
258.4052,-0.447669
258.422,-0.447688
258.4388,-0.447705
258.4556,-0.44772
258.4719,-0.447734
258.4884,-0.447757
258.505,-0.447781
258.522,-0.447808
258.539,-0.447834
258.5552,-0.447858
258.5724,-0.447882
258.589,-0.447907
258.6055,-0.447927
258.6233,-0.447946
258.639,-0.447974
258.6561,-0.448001
258.6726,-0.448026
258.6892,-0.448053
258.7057,-0.448083
258.7221,-0.448114
258.7385,-0.448144
258.7548,-0.448172
258.7724,-0.448202
258.7894,-0.448224
258.8061,-0.448246
258.8228,-0.44827
258.8398,-0.448291
258.8555,-0.448307
258.8719,-0.448316
258.8888,-0.448336
258.906,-0.44836
258.9226,-0.448387
258.9388,-0.448416
258.9559,-0.448441
258.9723,-0.448465
258.9887,-0.448488
259.0049,-0.448505
259.0216,-0.448524
259.0382,-0.448539
259.0555,-0.448557
259.0716,-0.448588
259.0884,-0.448618
259.1048,-0.44865
259.1208,-0.448684
259.1384,-0.448713
259.1551,-0.448748
259.1719,-0.448782
259.1877,-0.448816
259.2043,-0.448858
259.2212,-0.448899
259.2379,-0.448936
259.2543,-0.448977
259.2719,-0.449013
259.2884,-0.449046
259.3047,-0.449069
259.321,-0.449093
259.3385,-0.44911
259.3549,-0.449128
259.3712,-0.449142
259.3876,-0.449157
259.405,-0.449172
259.4209,-0.449192
259.4374,-0.449216
259.4545,-0.449238
259.4709,-0.449259
259.4884,-0.449288
259.5051,-0.449313
259.521,-0.449342
259.5381,-0.449366
259.5542,-0.449388
259.5715,-0.449395
259.5873,-0.449397
259.6042,-0.449405
259.6211,-0.44941
259.6375,-0.44942
259.6541,-0.449423
259.6706,-0.449433
259.6878,-0.44944
259.7038,-0.449448
259.7211,-0.449457
259.7365,-0.449468
259.755,-0.44948
259.7703,-0.449489
259.7876,-0.449495
259.8041,-0.449508
259.8209,-0.449529
259.8377,-0.449548
259.8531,-0.449572
259.8708,-0.44959
259.8869,-0.44961
259.9036,-0.449632
259.9208,-0.449656
259.9373,-0.449681
259.9535,-0.449703
259.9706,-0.449721
259.9878,-0.449738
260.0037,-0.449755
260.0211,-0.449773
260.0377,-0.449787
260.0538,-0.4498
260.0706,-0.449811
260.0877,-0.44982
260.1039,-0.449827
260.1205,-0.44984
260.1373,-0.449854
260.1547,-0.449869
260.1705,-0.44988
260.1869,-0.449892
260.2034,-0.449911
260.2207,-0.449921
260.2373,-0.449935
260.2535,-0.449952
260.2707,-0.449969
260.2873,-0.449978
260.304,-0.449989
260.3211,-0.450009
260.3374,-0.450029
260.3546,-0.450048
260.3704,-0.450069
260.3873,-0.450091
260.404,-0.450108
260.4215,-0.450121
260.4381,-0.450132
260.4539,-0.450139
260.4709,-0.450147
260.4881,-0.450147
260.5047,-0.450142
260.5205,-0.450149
260.5374,-0.45016
260.5545,-0.450175
260.5713,-0.450193
260.5877,-0.450214
260.6043,-0.450239
260.6201,-0.450264
260.6376,-0.45029
260.655,-0.450321
260.671,-0.45035
260.6876,-0.450377
260.7047,-0.45041
260.7207,-0.450433
260.7379,-0.450449
260.7543,-0.450463
260.7708,-0.450485
260.7879,-0.450509
260.8038,-0.450533
260.8204,-0.450556
260.8375,-0.450573
260.8541,-0.450591
260.8706,-0.450609
260.8874,-0.450629
260.904,-0.450649
260.9206,-0.450672
260.9377,-0.450693
260.9541,-0.450719
260.9708,-0.450744
260.9871,-0.450767
261.0043,-0.450788
261.0204,-0.450808
261.0376,-0.450838
261.0543,-0.450868
261.071,-0.450895
261.0876,-0.450918
261.1035,-0.450935
261.1209,-0.450948
261.1371,-0.450963
261.1541,-0.45098
261.1711,-0.450995
261.187,-0.451005
261.204,-0.451018
261.2211,-0.45104
261.2377,-0.451066
261.2539,-0.451094
261.2702,-0.451123
261.2873,-0.45115
261.3036,-0.451175
261.3205,-0.451205
261.3365,-0.451241
261.3544,-0.45128
261.3702,-0.451322
261.3864,-0.451356
261.4037,-0.451383
261.4205,-0.45141
261.4372,-0.451437
261.4537,-0.451459
261.4697,-0.451477
261.4869,-0.451492
261.5032,-0.451513
261.5203,-0.451525
261.5366,-0.451544
261.5538,-0.451568
261.5704,-0.451595
261.5861,-0.451618
261.603,-0.451634
261.6199,-0.451653
261.6367,-0.451672
261.653,-0.451697
261.6702,-0.451731
261.6862,-0.451757
261.7031,-0.451782
261.7198,-0.451805
261.7374,-0.451824
261.7538,-0.451842
261.77,-0.451866
261.7866,-0.45188
261.8029,-0.45189
261.8208,-0.4519
261.8366,-0.45191
261.8531,-0.451918
261.8703,-0.451929
261.8862,-0.451945
261.9033,-0.451968
261.9194,-0.451998
261.9359,-0.452028
261.9528,-0.452056
261.9699,-0.452091
261.987,-0.452125
262.004,-0.452156
262.0202,-0.452176
262.0361,-0.452194
262.0532,-0.452207
262.0702,-0.452212
262.0864,-0.452227
262.1025,-0.452241
262.1203,-0.452262
262.1365,-0.452285
262.1525,-0.452319
262.1702,-0.452349
262.1868,-0.452377
262.204,-0.45239
262.2205,-0.452401
262.2369,-0.452415
262.2542,-0.452416
262.2697,-0.452428
262.2869,-0.452439
262.3035,-0.452465
262.3203,-0.452487
262.3368,-0.45252
262.3534,-0.452551
262.3704,-0.452577
262.3871,-0.452601
262.4034,-0.452626
262.4198,-0.452645
262.4367,-0.45267
262.4535,-0.452689
262.4698,-0.452708
262.4869,-0.452729
262.5031,-0.452748
262.5205,-0.452773
262.5368,-0.452797
262.5535,-0.452812
262.5696,-0.452826
262.5864,-0.452843
262.6035,-0.452859
262.6211,-0.45288
262.637,-0.4529
262.6535,-0.452925
262.671,-0.45295
262.6872,-0.452971
262.7037,-0.45299
262.7208,-0.453011
262.7365,-0.453024
262.7539,-0.453041
262.7701,-0.453062
262.787,-0.453081
262.8033,-0.4531
262.8203,-0.453124
262.8373,-0.45315
262.8537,-0.453177
262.8698,-0.453207
262.8868,-0.453231
262.9036,-0.453259
262.9209,-0.453283
262.937,-0.453315
262.9536,-0.453343
262.9699,-0.453366
262.9872,-0.453381
263.0042,-0.453394
263.0204,-0.453408
263.0368,-0.45342
263.0536,-0.453437
263.0712,-0.453447
263.0871,-0.453462
263.1034,-0.45348
263.1207,-0.453507
263.1372,-0.453531
263.1537,-0.453562
263.1715,-0.453589
263.1873,-0.453618
263.2048,-0.453643
263.2214,-0.453666
263.2377,-0.453685
263.2543,-0.453701
263.271,-0.453714
263.2874,-0.453724
263.3055,-0.453738
263.3206,-0.453757
263.3383,-0.453784
263.3547,-0.453809
263.371,-0.45384
263.3875,-0.453865
263.4052,-0.453897
263.4216,-0.453925
263.4382,-0.453951
263.4553,-0.453983
263.4712,-0.454013
263.4884,-0.454039
263.5046,-0.454061
263.5217,-0.454085
263.5388,-0.454105
263.556,-0.45413
263.5721,-0.454156
263.5882,-0.454179
263.6054,-0.454195
263.6225,-0.454204
263.6385,-0.454217
263.6552,-0.454245
263.6717,-0.454274
263.6882,-0.454304
263.7049,-0.454338
263.7213,-0.45437
263.7382,-0.454402
263.7546,-0.45443
263.7725,-0.454449
263.7887,-0.454462
263.8051,-0.454475
263.8212,-0.454492
263.838,-0.454511
263.8549,-0.454529
263.8715,-0.45456
263.8885,-0.454594
263.9048,-0.454621
263.9218,-0.454654
263.9377,-0.454682
263.9546,-0.454705
263.9718,-0.454735
263.9877,-0.454765
264.0054,-0.454803
264.0217,-0.454841
264.0385,-0.454876
264.0545,-0.454924
264.0715,-0.454965
264.0883,-0.455004
264.1048,-0.455042
264.1222,-0.455079
264.1389,-0.455114
264.155,-0.455147
264.1715,-0.455181
264.188,-0.455209
264.2048,-0.455239
264.2219,-0.455267
264.2386,-0.455293
264.2553,-0.455319
264.2717,-0.455349
264.289,-0.455376
264.3047,-0.455397
264.3214,-0.455424
264.3389,-0.455453
264.3557,-0.455479
264.3716,-0.455507
264.3882,-0.455536
264.4051,-0.455572
264.4225,-0.455598
264.4392,-0.455629
264.4549,-0.455666
264.4719,-0.4557
264.4881,-0.455734
264.5058,-0.455765
264.5223,-0.4558
264.5389,-0.455831
264.5551,-0.455866
264.5724,-0.455899
264.5891,-0.455925
264.6056,-0.455954
264.6223,-0.455979
264.6383,-0.456006
264.6559,-0.45603
264.6722,-0.456052
264.6891,-0.456081
264.7062,-0.456116
264.7224,-0.456153
264.7392,-0.456179
264.7556,-0.4562
264.7723,-0.456225
264.7894,-0.456248
264.806,-0.456277
264.8225,-0.456304
264.8389,-0.456336
264.8559,-0.456366
264.8725,-0.456398
264.8888,-0.456432
264.906,-0.456466
264.923,-0.456498
264.9389,-0.456531
264.9555,-0.456568
264.9722,-0.456602
264.9893,-0.456637
265.0059,-0.456676
265.0226,-0.456714
265.0391,-0.456758
265.0555,-0.4568
265.0721,-0.456835
265.0893,-0.456863
265.1056,-0.456893
265.1227,-0.456918
265.1385,-0.456938
265.156,-0.456963
265.1724,-0.45699
265.1893,-0.457027
265.2061,-0.457068
265.2217,-0.457109
265.239,-0.457146
265.2557,-0.457178
265.2724,-0.457214
265.2891,-0.457248
265.3051,-0.457278
265.3217,-0.457301
265.3387,-0.457331
265.3555,-0.457364
265.372,-0.457399
265.3896,-0.457437
265.406,-0.457469
265.4225,-0.457495
265.4393,-0.457523
265.4552,-0.457549
265.4724,-0.45757
265.4893,-0.457592
265.5065,-0.457611
265.5233,-0.457632
265.539,-0.457654
265.5556,-0.457673
265.5731,-0.457688
265.5893,-0.457707
265.6058,-0.457729
265.6222,-0.457759
265.6387,-0.45778
265.6549,-0.4578
265.6721,-0.457822
265.6887,-0.457846
265.706,-0.457874
265.722,-0.457899
265.739,-0.45792
265.7555,-0.457933
265.7729,-0.457949
265.7892,-0.457966
265.8055,-0.457982
265.8229,-0.457991
265.8391,-0.458007
265.8568,-0.458017
265.8728,-0.458032
265.8891,-0.458046
265.9058,-0.458057
265.9227,-0.458063
265.9398,-0.458072
265.956,-0.458092
265.9722,-0.45811
265.9887,-0.458131
266.006,-0.458152
266.022,-0.458179
266.0398,-0.458202
266.0554,-0.458223
266.073,-0.458252
266.0893,-0.458269
266.1066,-0.458288
266.1227,-0.4583
266.1392,-0.458316
266.1562,-0.458333
266.1741,-0.458366
266.1891,-0.458393
266.2061,-0.458423
266.2228,-0.458447
266.2401,-0.458471
266.2563,-0.458489
266.2728,-0.458513
266.2901,-0.458534
266.3067,-0.458558
266.3233,-0.458578
266.3395,-0.458601
266.3571,-0.458625
266.3727,-0.458641
266.3899,-0.458656
266.4072,-0.45867
266.4233,-0.458688
266.4391,-0.458712
266.4563,-0.458728
266.4733,-0.458744
266.49,-0.458761
266.5071,-0.45879
266.5236,-0.458817
266.54,-0.458842
266.5569,-0.458868
266.5738,-0.458893
266.5895,-0.458911
266.6064,-0.458931
266.6236,-0.458956
266.6396,-0.458977
266.6568,-0.459002
266.6738,-0.459031
266.6894,-0.459057
266.7067,-0.459083
266.7229,-0.459119
266.7393,-0.459156
266.7566,-0.459196
266.7734,-0.459234
266.7897,-0.459264
266.807,-0.459287
266.8234,-0.459311
266.8398,-0.459319
266.8569,-0.45933
266.8734,-0.459342
266.8897,-0.459354
266.9072,-0.459368
266.9221,-0.459387
266.9401,-0.459416
266.9571,-0.459455
266.9733,-0.459495
266.9901,-0.459528
267.0063,-0.459567
267.0231,-0.459599
267.0403,-0.459627
267.0565,-0.459656
267.0735,-0.459675
267.0905,-0.459691
267.1062,-0.459707
267.123,-0.459717
267.14,-0.459727
267.1569,-0.45974
267.1733,-0.459764
267.1895,-0.459788
267.2065,-0.459813
267.2232,-0.459846
267.2399,-0.459882
267.2571,-0.459907
267.2729,-0.459941
267.2896,-0.459975
267.3071,-0.460003
267.3228,-0.460031
267.3398,-0.460063
267.3565,-0.460098
267.3731,-0.460135
267.3907,-0.460162
267.407,-0.46019
267.4241,-0.460222
267.4404,-0.46025
267.4569,-0.46028
267.4732,-0.460297
267.4902,-0.460319
267.5073,-0.460337
267.5234,-0.460359
267.5397,-0.460384
267.5559,-0.46041
267.5735,-0.460434
267.5897,-0.460458
267.6062,-0.46048
267.624,-0.460503
267.6401,-0.460525
267.6569,-0.460543
267.6731,-0.460566
267.6903,-0.460591
267.7059,-0.460616
267.7234,-0.460644
267.7397,-0.46067
267.756,-0.46069
267.7734,-0.460714
267.7889,-0.460745
267.8065,-0.460771
267.8228,-0.460805
267.8398,-0.460837
267.8568,-0.460865
267.873,-0.460892
267.8901,-0.460918
267.9068,-0.460936
267.9226,-0.460953
267.9398,-0.460972
267.9563,-0.460991
267.9726,-0.461015
267.9901,-0.461045
268.0062,-0.461083
268.0232,-0.461121
268.0396,-0.461161
268.0563,-0.461196
268.0732,-0.461224
268.0899,-0.461252
268.1065,-0.46128
268.1223,-0.461302
268.1389,-0.461324
268.1558,-0.461351
268.1724,-0.461375
268.19,-0.461403
268.2059,-0.46144
268.2229,-0.461473
268.24,-0.46151
268.2563,-0.461539
268.2727,-0.461565
268.2894,-0.461587
268.3057,-0.461606
268.3233,-0.46163
268.3396,-0.461652
268.3557,-0.461672
268.3724,-0.461699
268.389,-0.461724
268.4059,-0.461744
268.423,-0.461768
268.4388,-0.46179
268.4561,-0.461809
268.4718,-0.461836
268.4889,-0.46186
268.506,-0.461888
268.5221,-0.461916
268.5379,-0.46194
268.5552,-0.461969
268.5725,-0.461996
268.5891,-0.462025
268.6057,-0.462064
268.6222,-0.462096
268.6391,-0.462123
268.6557,-0.462153
268.6729,-0.462185
268.6905,-0.462218
268.7055,-0.462254
268.7221,-0.462288
268.7394,-0.462314
268.7563,-0.46234
268.7727,-0.46236
268.7895,-0.462383
268.8059,-0.462398
268.8225,-0.462408
268.8391,-0.462422
268.8556,-0.462431
268.8719,-0.462446
268.889,-0.462457
268.9064,-0.462479
268.9227,-0.462509
268.9388,-0.462539
268.9554,-0.462561
268.972,-0.462578
268.9903,-0.462592
269.0063,-0.462616
269.0233,-0.462637
269.0398,-0.462657
269.0562,-0.462682
269.0733,-0.462702
269.0907,-0.462725
269.1066,-0.462749
269.1236,-0.462769
269.1398,-0.462785
269.1565,-0.462796
269.1739,-0.46281
269.1902,-0.46282
269.2064,-0.462832
269.223,-0.462852
269.2399,-0.462877
269.2559,-0.462904
269.2725,-0.462931
269.2897,-0.462949
269.3065,-0.462967
269.3238,-0.462984
269.34,-0.463002
269.356,-0.463017
269.3719,-0.463028
269.39,-0.463043
269.4075,-0.463057
269.4235,-0.463081
269.4398,-0.463109
269.456,-0.463143
269.4731,-0.463181
269.4898,-0.463209
269.5069,-0.463239
269.5239,-0.463264
269.5402,-0.463286
269.5571,-0.463301
269.5733,-0.463316
269.5897,-0.463331
269.6069,-0.463349
269.6233,-0.463375
269.6393,-0.463405
269.6569,-0.463436
269.674,-0.463461
269.6904,-0.463484
269.7072,-0.463512
269.7237,-0.463541
269.7403,-0.46356
269.7564,-0.463577
269.773,-0.463596
269.7906,-0.463615
269.8065,-0.463632
269.8226,-0.463654
269.8406,-0.463684
269.8561,-0.463712
269.8732,-0.463733
269.8893,-0.46376
269.9064,-0.463786
269.9236,-0.463806
269.9402,-0.463834
269.9566,-0.463857
269.9735,-0.463877
269.9902,-0.463891
270.0068,-0.46391
270.0235,-0.463941
270.0399,-0.463968
270.0568,-0.463988
270.0738,-0.464015
270.0902,-0.464049
270.1067,-0.464086
270.122,-0.464115
270.139,-0.464146
270.157,-0.464177
270.173,-0.464201
270.1904,-0.464221
270.206,-0.464245
270.2234,-0.464264
270.2401,-0.464279
270.2566,-0.464299
270.2729,-0.464315
270.2904,-0.464341
270.307,-0.464365
270.3229,-0.464393
270.3399,-0.464421
270.3568,-0.464442
270.3731,-0.464461
270.3899,-0.464485
270.4068,-0.464503
270.4235,-0.464522
270.4402,-0.464537
270.4568,-0.464552
270.4734,-0.464561
270.4897,-0.464567
270.5068,-0.464581
270.5234,-0.464604
270.5396,-0.464632
270.5561,-0.464662
270.5725,-0.4647
270.5896,-0.464736
270.6067,-0.464779
270.6239,-0.464822
270.6406,-0.464864
270.6567,-0.464905
270.6738,-0.464935
270.6904,-0.464956
270.7065,-0.464977
270.7235,-0.465003
270.7403,-0.46503
270.7572,-0.46506
270.7738,-0.465089
270.7904,-0.465129
270.8069,-0.46517
270.8238,-0.46521
270.8406,-0.465248
270.8573,-0.465275
270.8744,-0.465302
270.8899,-0.46532
270.9065,-0.465334
270.9242,-0.465341
270.9406,-0.465355
270.9574,-0.465364
270.973,-0.465381
270.9899,-0.465395
271.0071,-0.465411
271.0235,-0.465431
271.0407,-0.465457
271.0566,-0.465486
271.0739,-0.465516
271.0911,-0.465547
271.107,-0.465578
271.1236,-0.465604
271.1404,-0.465623
271.1572,-0.465649
271.1742,-0.465672
271.1901,-0.465693
271.2068,-0.465704
271.2239,-0.465724
271.24,-0.465743
271.2577,-0.465771
271.2736,-0.465803
271.2898,-0.465839
271.3071,-0.465873
271.3238,-0.465908
271.3411,-0.465946
271.3572,-0.465984
271.3747,-0.466026
271.3912,-0.466061
271.4075,-0.466084
271.4244,-0.466107
271.4408,-0.466132
271.4579,-0.466157
271.4742,-0.466178
271.4903,-0.466207
271.5074,-0.466228
271.524,-0.466249
271.5412,-0.466271
271.5579,-0.466299
271.5747,-0.466327
271.5908,-0.466348
271.6078,-0.466371
271.6248,-0.466397
271.6407,-0.466415
271.6585,-0.46643
271.6752,-0.466448
271.6911,-0.466465
271.7086,-0.466485
271.7235,-0.466511
271.7411,-0.46654
271.7577,-0.466571
271.775,-0.466597
271.7916,-0.466625
271.8087,-0.46666
271.8247,-0.466686
271.8418,-0.466711
271.8587,-0.466729
271.8752,-0.466753
271.8917,-0.466774
271.9083,-0.466793
271.9251,-0.466814
271.942,-0.466841
271.9589,-0.466863
271.9753,-0.466886
271.9922,-0.466924
272.0088,-0.466961
272.0263,-0.466991
272.0421,-0.467019
272.058,-0.46704
272.0754,-0.467056
272.0925,-0.46708
272.1089,-0.467106
272.1247,-0.467131
272.1415,-0.467156
272.158,-0.467182
272.1764,-0.467221
272.1929,-0.467259
272.2093,-0.467297
272.2249,-0.467328
272.2423,-0.467351
272.2594,-0.467376
272.2756,-0.467406
272.2915,-0.467434
272.3083,-0.467466
272.3247,-0.467494
272.3419,-0.467533
272.3596,-0.46757
272.3749,-0.467617
272.3922,-0.467665
272.4083,-0.467708
272.4256,-0.467751
272.442,-0.467794
272.4591,-0.467834
272.4755,-0.467871
272.4919,-0.467908
272.5089,-0.467939
272.5265,-0.46797
272.5416,-0.467996
272.5587,-0.468026
272.5754,-0.468058
272.5928,-0.468095
272.6087,-0.468125
272.6256,-0.468156
272.6426,-0.468186
272.6585,-0.468212
272.6756,-0.46824
272.6916,-0.468269
272.7091,-0.468303
272.7251,-0.468333
272.7423,-0.468361
272.7592,-0.468389
272.7755,-0.468418
272.7919,-0.468433
272.8086,-0.468447
272.8251,-0.468461
272.8417,-0.468474
272.8583,-0.468495
272.8751,-0.468518
272.8919,-0.468544
272.9092,-0.468569
272.9254,-0.468604
272.942,-0.46864
272.9585,-0.468676
272.9752,-0.468699
272.9917,-0.468721
273.0089,-0.468742
273.0259,-0.468766
273.0423,-0.468797
273.0582,-0.468826
273.0757,-0.468857
273.0917,-0.468883
273.1082,-0.46891
273.125,-0.468944
273.1423,-0.468982
273.1581,-0.469012
273.1761,-0.469039
273.1928,-0.469064
273.2091,-0.469083
273.2252,-0.469107
273.2415,-0.469129
273.2583,-0.469148
273.2751,-0.469165
273.2924,-0.469188
273.3091,-0.469219
273.3258,-0.46925
273.3418,-0.469274
273.359,-0.469291
273.3755,-0.469316
273.3919,-0.469334
273.4088,-0.469358
273.4253,-0.469385
273.4421,-0.469416
273.4591,-0.469447
273.4749,-0.469477
273.4919,-0.469506
273.5092,-0.469531
273.5256,-0.46955
273.5424,-0.469569
273.5591,-0.46959
273.5756,-0.469601
273.5921,-0.469612
273.6093,-0.469631
273.6257,-0.46966
273.6421,-0.469692
273.6591,-0.469727
273.6759,-0.469763
273.6925,-0.469799
273.7096,-0.469824
273.7258,-0.46985
273.7429,-0.469878
273.7597,-0.469896
273.7756,-0.46991
273.7918,-0.469927
273.8091,-0.469946
273.8258,-0.469968
273.8426,-0.469995
273.8588,-0.47003
273.8764,-0.470058
273.8925,-0.470084
273.9095,-0.470108
273.9259,-0.470131
273.9427,-0.470152
273.9594,-0.470176
273.9764,-0.470196
273.9927,-0.470217
274.0095,-0.470236
274.0258,-0.47026
274.0431,-0.470286
274.0593,-0.470318
274.0758,-0.470349
274.0925,-0.470377
274.1095,-0.470404
274.126,-0.470438
274.1422,-0.47047
274.1592,-0.470495
274.1762,-0.470516
274.1919,-0.470536
274.2084,-0.470558
274.2253,-0.470584
274.2418,-0.470613
274.2594,-0.470638
274.2751,-0.47066
274.2917,-0.470681
274.3088,-0.470711
274.3258,-0.470741
274.3418,-0.470766
274.3581,-0.470791
274.375,-0.470814
274.3916,-0.470833
274.4086,-0.470859
274.4251,-0.470898
274.4422,-0.470931
274.4589,-0.470958
274.4746,-0.470988
274.4918,-0.471015
274.509,-0.471048
274.525,-0.471086
274.5426,-0.471122
274.5589,-0.471151
274.5758,-0.47118
274.5916,-0.471211
274.6089,-0.471239
274.6252,-0.471262
274.6416,-0.47128
274.6588,-0.471298
274.6752,-0.471322
274.6917,-0.471346
274.7086,-0.471371
274.7254,-0.47139
274.742,-0.471408
274.7585,-0.471434
274.7754,-0.471454
274.7924,-0.471482
274.8082,-0.471499
274.8257,-0.471516
274.8433,-0.471534
274.8591,-0.47156
274.876,-0.471588
274.8921,-0.471615
274.9089,-0.471631
274.925,-0.471653
274.9418,-0.471681
274.9601,-0.471717
274.976,-0.471746
274.9925,-0.471769
275.0094,-0.471789
275.0264,-0.471807
275.0425,-0.471826
275.0591,-0.471841
275.0759,-0.471856
275.0935,-0.471868
275.1097,-0.471886
275.1265,-0.471903
275.1429,-0.471923
275.1601,-0.471951
275.1768,-0.471978
275.193,-0.472001
275.2098,-0.472023
275.2267,-0.472053
275.2437,-0.472082
275.2598,-0.472105
275.2763,-0.472132
275.2931,-0.47216
275.3093,-0.472183
275.3265,-0.472209
275.3431,-0.47224
275.3596,-0.47227
275.3761,-0.472303
275.3932,-0.472337
275.4095,-0.472368
275.4263,-0.472397
275.4431,-0.472424
275.4601,-0.472449
275.4769,-0.472473
275.4938,-0.472502
275.5108,-0.472525
275.5269,-0.472548
275.5436,-0.472566
275.5604,-0.472598
275.5771,-0.472631
275.5939,-0.472659
275.6099,-0.472681
275.627,-0.472707
275.6439,-0.472734
275.6605,-0.472763
275.677,-0.472787
275.6935,-0.472815
275.7102,-0.472842
275.727,-0.47287
275.743,-0.472903
275.7606,-0.472939
275.7774,-0.472971
275.7936,-0.473007
275.8113,-0.473048
275.8276,-0.473094
275.8438,-0.47314
275.8607,-0.473185
275.8777,-0.473231
275.8936,-0.473265
275.9111,-0.473304
275.9281,-0.473337
275.9445,-0.47337
275.9608,-0.473398
275.9774,-0.473429
275.9946,-0.473461
276.0111,-0.473492
276.028,-0.473519
276.0442,-0.473555
276.0611,-0.473592
276.0786,-0.473627
276.0945,-0.473663
276.1106,-0.473689
276.128,-0.473714
276.1449,-0.47374
276.1612,-0.473765
276.1779,-0.473797
276.1949,-0.473829
276.2111,-0.47386
276.228,-0.47389
276.2442,-0.473915
276.2612,-0.473953
276.2778,-0.473995
276.2947,-0.474039
276.3111,-0.474077
276.3276,-0.474114
276.3453,-0.474155
276.3621,-0.474192
276.3783,-0.474227
276.3951,-0.474265
276.4112,-0.474299
276.4282,-0.474326
276.4449,-0.474349
276.462,-0.474375
276.4783,-0.474396
276.4952,-0.474414
276.5117,-0.474429
276.5289,-0.474446
276.5444,-0.474463
276.5614,-0.474491
276.5779,-0.474525
276.5952,-0.47456
276.612,-0.474596
276.6284,-0.474643
276.6457,-0.474689
276.6617,-0.474736
276.6784,-0.474775
276.6957,-0.474811
276.7118,-0.474837
276.729,-0.474865
276.7456,-0.474893
276.7614,-0.47492
276.7783,-0.474946
276.7952,-0.474967
276.8118,-0.474999
276.8284,-0.475033
276.8459,-0.475063
276.8619,-0.475099
276.8793,-0.475132
276.8957,-0.475166
276.9122,-0.475204
276.9279,-0.475242
276.946,-0.475278
276.9622,-0.47532
276.9782,-0.47536
276.9954,-0.475401
277.0121,-0.475436
277.0289,-0.475467
277.0457,-0.475498
277.062,-0.475531
277.0787,-0.475562
277.0951,-0.47559
277.1119,-0.475622
277.1284,-0.475652
277.1454,-0.47569
277.1622,-0.475728
277.1784,-0.475779
277.1954,-0.475821
277.2123,-0.475861
277.2282,-0.475895
277.245,-0.475924
277.2617,-0.475949
277.2785,-0.475977
277.2946,-0.476007
277.311,-0.476039
277.3287,-0.476073
277.3452,-0.476107
277.3623,-0.476149
277.3784,-0.476194
277.3948,-0.476243
277.411,-0.476278
277.4284,-0.476313
277.4449,-0.476342
277.4615,-0.476377
277.4788,-0.476405
277.4945,-0.476432
277.5117,-0.476457
277.5285,-0.476483
277.5453,-0.476507
277.5615,-0.476531
277.5781,-0.476562
277.5936,-0.476592
277.6109,-0.476619
277.6282,-0.476645
277.6449,-0.476674
277.6617,-0.476704
277.6774,-0.476736
277.6948,-0.47676
277.7109,-0.476782
277.7279,-0.476805
277.7448,-0.476838
277.7607,-0.476871
277.7776,-0.476902
277.7949,-0.476933
277.8108,-0.476957
277.8281,-0.476981
277.8444,-0.477006
277.8614,-0.47703
277.8782,-0.477052
277.8942,-0.47707
277.9104,-0.477089
277.9273,-0.477117
277.9443,-0.477148
277.9609,-0.477186
277.9774,-0.47722
277.9935,-0.477256
278.0114,-0.477288
278.0283,-0.477322
278.0444,-0.477346
278.0612,-0.477366
278.0779,-0.477383
278.0944,-0.477392
278.1112,-0.477403
278.1266,-0.477418
278.1438,-0.477437
278.1605,-0.477464
278.1776,-0.477501
278.1944,-0.477538
278.2114,-0.47757
278.2269,-0.477598
278.2448,-0.477619
278.2608,-0.477628
278.2772,-0.477637
278.2939,-0.477652
278.3101,-0.477674
278.3272,-0.477691
278.3438,-0.477709
278.3604,-0.477732
278.3776,-0.477759
278.3934,-0.477787
278.4099,-0.47781
278.4266,-0.47783
278.4435,-0.47785
278.4601,-0.477872
278.476,-0.477894
278.4931,-0.47791
278.5104,-0.477924
278.5269,-0.47794
278.5435,-0.477957
278.5604,-0.47797
278.5766,-0.477981
278.5934,-0.477992
278.6107,-0.478012
278.6268,-0.478038
278.6439,-0.478068
278.6599,-0.478098
278.6773,-0.478121
278.6935,-0.478134
278.7099,-0.478151
278.7268,-0.478167
278.7433,-0.478184
278.7593,-0.478203
278.7766,-0.478225
278.7931,-0.478237
278.8094,-0.478254
278.8256,-0.478275
278.8429,-0.47829
278.8599,-0.478302
278.8766,-0.478322
278.8929,-0.478349
278.91,-0.478374
278.9263,-0.478406
278.9431,-0.478439
278.9597,-0.478475
278.9764,-0.478499
278.9928,-0.478526
279.0096,-0.478548
279.0262,-0.478568
279.0436,-0.478582
279.0588,-0.478595
279.0764,-0.478607
279.0929,-0.47863
279.1093,-0.478653
279.1261,-0.47868
279.1425,-0.478705
279.1592,-0.47873
279.1759,-0.478752
279.1929,-0.478766
279.2095,-0.478772
279.226,-0.47878
279.2428,-0.478795
279.2591,-0.478815
279.276,-0.478839
279.2927,-0.478859
279.3093,-0.478878
279.3257,-0.478893
279.3426,-0.478908
279.3593,-0.478922
279.3755,-0.478935
279.3922,-0.478951
279.4091,-0.478971
279.4254,-0.478997
279.4425,-0.479031
279.4594,-0.479066
279.4757,-0.479092
279.4926,-0.479115
279.5091,-0.479127
279.5265,-0.479127
279.5425,-0.479124
279.5588,-0.479123
279.5751,-0.479131
279.5916,-0.47914
279.6083,-0.479155
279.6252,-0.479186
279.6425,-0.479217
279.659,-0.479246
279.6764,-0.47927
279.6927,-0.47929
279.7097,-0.479304
279.7256,-0.479315
279.7426,-0.479326
279.7596,-0.479337
279.7757,-0.479354
279.7926,-0.479378
279.809,-0.4794
279.8261,-0.479423
279.842,-0.479448
279.8599,-0.479466
279.876,-0.47949
279.8922,-0.479508
279.9087,-0.479532
279.9257,-0.479559
279.9424,-0.479576
279.9591,-0.479593
279.9756,-0.479611
279.9922,-0.47963
280.009,-0.479651
280.026,-0.479672
280.0428,-0.4797
280.0596,-0.479723
280.0762,-0.479743
280.0917,-0.479767
280.1087,-0.479793
280.1259,-0.479806
280.1425,-0.479825
280.1586,-0.479841
280.176,-0.479855
280.1939,-0.479866
280.209,-0.479877
280.2261,-0.479895
280.2428,-0.479916
280.2596,-0.479935
280.275,-0.479957
280.2934,-0.479988
280.3094,-0.480021
280.3263,-0.480046
280.3431,-0.480077
280.36,-0.480098
280.3766,-0.480115
280.3929,-0.480134
280.4094,-0.480155
280.4268,-0.480177
280.4424,-0.480208
280.4597,-0.480235
280.4761,-0.480261
280.493,-0.480284
280.5098,-0.480305
280.5263,-0.480328
280.5434,-0.480353
280.5602,-0.480374
280.5764,-0.48039
280.5923,-0.480405
280.6101,-0.480428
280.6264,-0.480455
280.6432,-0.480477
280.6599,-0.480511
280.6763,-0.480548
280.6935,-0.480581
280.7095,-0.48061
280.7256,-0.480642
280.7434,-0.480666
280.7597,-0.480688
280.7764,-0.480714
280.7919,-0.480742
280.8098,-0.480776
280.8259,-0.480805
280.843,-0.480834
280.8603,-0.480867
280.877,-0.480906
280.8936,-0.480949
280.9091,-0.480983
280.9263,-0.48101
280.943,-0.481033
280.9605,-0.481053
280.9769,-0.481082
280.9928,-0.481108
281.0098,-0.481135
281.0262,-0.481166
281.0433,-0.481195
281.0594,-0.481231
281.0763,-0.481264
281.0931,-0.481297
281.1096,-0.481336
281.1266,-0.481374
281.1429,-0.481417
281.1594,-0.481458
281.1765,-0.481493
281.1941,-0.481524
281.2101,-0.481562
281.2266,-0.4816
281.2433,-0.481636
281.2598,-0.48167
281.2764,-0.481697
281.2938,-0.481722
281.3102,-0.481745
281.3264,-0.481773
281.343,-0.481802
281.3597,-0.481833
281.377,-0.481866
281.3928,-0.481906
281.4099,-0.481949
281.4265,-0.481992
281.4433,-0.482035
281.4594,-0.482076
281.4764,-0.482119
281.4931,-0.48216
281.5091,-0.482202
281.5259,-0.482241
281.5429,-0.482283
281.5594,-0.482319
281.5757,-0.482356
281.5929,-0.482396
281.6098,-0.482433
281.6261,-0.482468
281.6426,-0.48251
281.6596,-0.482555
281.6766,-0.482602
281.6931,-0.482652
281.7091,-0.482695
281.7272,-0.482737
281.7432,-0.482777
281.7599,-0.482809
281.7758,-0.48284
281.7933,-0.482869
281.8099,-0.482894
281.8266,-0.482919
281.8433,-0.482945
281.8596,-0.482981
281.8765,-0.483015
281.8928,-0.48304
281.9089,-0.483065
281.9262,-0.483093
281.9428,-0.483124
281.959,-0.483157
281.9759,-0.483191
281.9925,-0.483226
282.0091,-0.483253
282.026,-0.483285
282.043,-0.483319
282.0595,-0.483356
282.0756,-0.483392
282.0924,-0.483421
282.109,-0.483448
282.1259,-0.483472
282.1426,-0.483502
282.1586,-0.483535
282.1767,-0.483572
282.1922,-0.483606
282.2098,-0.483634
282.2255,-0.483666
282.2426,-0.483703
282.2589,-0.483744
282.2761,-0.483784
282.292,-0.483821
282.3087,-0.483852
282.3256,-0.483887
282.342,-0.483923
282.3592,-0.48396
282.3752,-0.484003
282.3922,-0.484048
282.4093,-0.484089
282.426,-0.484126
282.4422,-0.484155
282.4586,-0.484178
282.4756,-0.484197
282.4928,-0.484213
282.5087,-0.484222
282.5246,-0.484233
282.5422,-0.484248
282.5592,-0.484258
282.5756,-0.484276
282.5914,-0.484303
282.6088,-0.484335
282.6249,-0.484361
282.6419,-0.484382
282.6588,-0.484403
282.6748,-0.484428
282.6916,-0.484453
282.7077,-0.484485
282.7248,-0.48452
282.7419,-0.484543
282.7585,-0.484562
282.7746,-0.48458
282.792,-0.484598
282.8091,-0.484615
282.825,-0.484641
282.841,-0.484673
282.859,-0.484705
282.8751,-0.484736
282.8921,-0.484771
282.9087,-0.484802
282.9265,-0.48483
282.9421,-0.484847
282.9586,-0.484861
282.9747,-0.484869
282.9926,-0.484881
283.0094,-0.484892
283.0256,-0.484918
283.0424,-0.484952
283.0591,-0.484979
283.0761,-0.485001
283.092,-0.485026
283.1093,-0.485057
283.1266,-0.485085
283.1424,-0.485111
283.1584,-0.485143
283.1765,-0.48517
283.1928,-0.485189
283.2097,-0.485217
283.2267,-0.485239
283.244,-0.48527
283.2598,-0.485287
283.2764,-0.485298
283.2935,-0.485313
283.3095,-0.485325
283.3267,-0.485341
283.3427,-0.485362
283.3596,-0.485385
283.3765,-0.485406
283.3927,-0.485428
283.4096,-0.485452
283.4267,-0.485477
283.4428,-0.485512
283.4594,-0.485547
283.4763,-0.485581
283.4929,-0.485623
283.5093,-0.485669
283.527,-0.485718
283.5432,-0.485759
283.5599,-0.485797
283.5767,-0.485836
283.593,-0.485873
283.61,-0.485912
283.6268,-0.485946
283.6433,-0.485969
283.6602,-0.485995
283.6771,-0.486033
283.6935,-0.48608
283.7094,-0.486117
283.7262,-0.486149
283.7432,-0.486183
283.7601,-0.486215
283.7769,-0.486252
283.7935,-0.486294
283.8093,-0.486332
283.8258,-0.486374
283.8432,-0.486421
283.8601,-0.486466
283.8766,-0.486513
283.8938,-0.48656
283.9098,-0.486604
283.9271,-0.486646
283.9433,-0.486696
283.9607,-0.486732
283.9769,-0.486764
283.994,-0.486796
284.0106,-0.486826
284.0279,-0.486855
284.0432,-0.486884
284.0607,-0.486913
284.0782,-0.486949
284.0945,-0.486985
284.1112,-0.487028
284.1282,-0.487073
284.1442,-0.487115
284.1607,-0.48716
284.1778,-0.487202
284.1943,-0.487237
284.2112,-0.487271
284.2272,-0.487303
284.2449,-0.48733
284.2604,-0.487363
284.2779,-0.487393
284.2939,-0.487432
284.311,-0.487476
284.3272,-0.48753
284.3448,-0.48759
284.3607,-0.487639
284.3777,-0.487689
284.3942,-0.487736
284.4111,-0.487778
284.4279,-0.487812
284.4439,-0.487847
284.4608,-0.487882
284.4774,-0.487922
284.494,-0.487959
284.5114,-0.488005
284.5282,-0.48805
284.5452,-0.488096
284.5609,-0.488141
284.5777,-0.488195
284.5951,-0.488247
284.6106,-0.488292
284.6281,-0.488335
284.6443,-0.488385
284.6611,-0.488437
284.6773,-0.488485
284.6941,-0.488536
284.7107,-0.488575
284.7284,-0.488612
284.7448,-0.488646
284.761,-0.488684
284.7786,-0.48872
284.7941,-0.48876
284.8111,-0.488797
284.8276,-0.488839
284.8433,-0.48889
284.8611,-0.488937
284.8779,-0.48899
284.8944,-0.489033
284.9113,-0.489078
284.9282,-0.489121
284.9438,-0.489156
284.9613,-0.489194
284.9774,-0.489228
284.9942,-0.489258
285.0111,-0.489287
285.0279,-0.48932
285.0446,-0.489351
285.0604,-0.489391
285.0772,-0.489434
285.0939,-0.489471
285.1105,-0.489508
285.1269,-0.489548
285.1443,-0.489591
285.1609,-0.489629
285.1771,-0.48967
285.1944,-0.489705
285.2107,-0.489744
285.2275,-0.489779
285.2432,-0.489814
285.2608,-0.489859
285.2777,-0.489893
285.2939,-0.489919
285.3102,-0.489953
285.327,-0.489992
285.3447,-0.490026
285.3609,-0.49006
285.3781,-0.490085
285.3947,-0.490107
285.4114,-0.490124
285.4281,-0.490136
285.4441,-0.490163
285.4612,-0.490193
285.4776,-0.490225
285.4942,-0.490254
285.5108,-0.490286
285.5287,-0.490318
285.5449,-0.49035
285.5614,-0.49037
285.5771,-0.49039
285.5945,-0.490405
285.6115,-0.490422
285.6283,-0.490451
285.6445,-0.490478
285.6622,-0.490514
285.6782,-0.490545
285.6952,-0.490581
285.7115,-0.490611
285.7271,-0.490643
285.7441,-0.49067
285.7614,-0.490695
285.7786,-0.490721
285.794,-0.490735
285.8113,-0.490752
285.8285,-0.490763
285.8446,-0.49078
285.8619,-0.490795
285.8781,-0.490812
285.8953,-0.490831
285.911,-0.490856
285.9283,-0.490889
285.9447,-0.49092
285.9626,-0.490955
285.9782,-0.490991
285.9951,-0.491032
286.0121,-0.491067
286.0288,-0.491108
286.0445,-0.491145
286.062,-0.491182
286.0783,-0.491206
286.095,-0.49124
286.1123,-0.491276
286.1289,-0.491314
286.1452,-0.491346
286.1617,-0.491373
286.1789,-0.491394
286.196,-0.491418
286.2125,-0.49145
286.2283,-0.491491
286.2456,-0.491533
286.2623,-0.491569
286.2786,-0.491608
286.2958,-0.491655
286.313,-0.491709
286.329,-0.49175
286.346,-0.491785
286.3629,-0.491816
286.3795,-0.491844
286.3961,-0.491869
286.4118,-0.491889
286.4295,-0.491905
286.4456,-0.491928
286.4626,-0.491956
286.4791,-0.491982
286.4963,-0.49201
286.5127,-0.492045
286.5299,-0.492088
286.5461,-0.492129
286.5622,-0.492169
286.5794,-0.492212
286.5965,-0.492251
286.6129,-0.49229
286.6296,-0.492332
286.6467,-0.492368
286.6635,-0.492403
286.6798,-0.492446
286.697,-0.492486
286.7135,-0.492528
286.7296,-0.492574
286.7466,-0.492621
286.7637,-0.492662
286.7804,-0.492702
286.7969,-0.492735
286.8135,-0.49277
286.8307,-0.492802
286.847,-0.49284
286.8638,-0.49288
286.88,-0.492918
286.8969,-0.492952
286.9134,-0.492985
286.9302,-0.493019
286.9467,-0.493048
286.9633,-0.493076
286.9799,-0.493107
286.9967,-0.493139
287.0135,-0.493171
287.0303,-0.493209
287.0465,-0.493253
287.0634,-0.493298
287.0806,-0.493341
287.0969,-0.493382
287.1136,-0.493431
287.1304,-0.493482
287.1467,-0.493525
287.1634,-0.493566
287.1802,-0.493611
287.1967,-0.493654
287.214,-0.493699
287.2303,-0.493741
287.2465,-0.493783
287.2638,-0.493825
287.2808,-0.493867
287.2963,-0.493907
287.3147,-0.493953
287.3302,-0.494005
287.3472,-0.49405
287.3646,-0.494096
287.3808,-0.494155
287.3965,-0.494217
287.4138,-0.494273
287.4308,-0.494325
287.4471,-0.49438
287.4638,-0.494428
287.4805,-0.494476
287.4969,-0.494513
287.5137,-0.494552
287.5309,-0.494592
287.5469,-0.494633
287.5635,-0.494667
287.5798,-0.494707
287.597,-0.494751
287.6129,-0.494797
287.6306,-0.494853
287.6465,-0.494905
287.6633,-0.494948
287.6802,-0.494992
287.6966,-0.495037
287.7144,-0.495084
287.7302,-0.495118
287.7462,-0.49515
287.7633,-0.495186
287.7807,-0.495218
287.7957,-0.495245
287.8127,-0.495278
287.8295,-0.495318
287.8462,-0.495365
287.8628,-0.495422
287.8792,-0.495483
287.8959,-0.495542
287.913,-0.495597
287.9299,-0.495641
287.9462,-0.495684
287.9633,-0.495723
287.9795,-0.495754
287.996,-0.495779
288.0124,-0.495797
288.0292,-0.49582
288.0467,-0.495847
288.0623,-0.495878
288.0793,-0.495911
288.0958,-0.495942
288.1124,-0.495968
288.1292,-0.495993
288.1459,-0.496024
288.1628,-0.496055
288.1793,-0.496092
288.1957,-0.496128
288.2128,-0.496158
288.23,-0.496176
288.2458,-0.496197
288.2633,-0.496215
288.2795,-0.496231
288.2964,-0.496245
288.3125,-0.496267
288.3294,-0.496294
288.3457,-0.496318
288.3623,-0.496352
288.3793,-0.496378
288.397,-0.496399
288.4132,-0.496411
288.429,-0.496415
288.4464,-0.496418
288.4618,-0.496427
288.479,-0.496445
288.4954,-0.496472
288.5123,-0.496493
288.5291,-0.496524
288.5465,-0.496565
288.5629,-0.496605
288.5792,-0.496647
288.5954,-0.49668
288.613,-0.496702
288.6288,-0.496714
288.6451,-0.496737
288.6626,-0.496769
288.6789,-0.496804
288.6961,-0.496838
288.7126,-0.496875
288.7299,-0.496918
288.7461,-0.496964
288.763,-0.497006
288.7796,-0.497047
288.7967,-0.497084
288.8134,-0.497115
288.8295,-0.497142
288.8462,-0.497169
288.8633,-0.497201
288.8797,-0.497234
288.896,-0.497269
288.9127,-0.4973
288.9299,-0.497333
288.9463,-0.497363
288.9627,-0.497403
288.9791,-0.497431
288.9961,-0.497455
289.0128,-0.497484
289.0297,-0.497513
289.0471,-0.497541
289.0634,-0.497569
289.0789,-0.497605
289.096,-0.497645
289.1127,-0.497679
289.1299,-0.497714
289.1463,-0.497753
289.1629,-0.49779
289.1799,-0.497826
289.1961,-0.497857
289.2136,-0.497898
289.2301,-0.497937
289.2465,-0.497976
289.2635,-0.498011
289.2794,-0.498041
289.2961,-0.498074
289.3133,-0.498108
289.3293,-0.498139
289.3453,-0.498168
289.3622,-0.498201
289.3797,-0.498241
289.3959,-0.498289
289.4129,-0.498346
289.4298,-0.498401
289.4466,-0.49845
289.4631,-0.498497
289.4799,-0.498534
289.4966,-0.498569
289.5128,-0.498599
289.5298,-0.49863
289.5464,-0.498661
289.5634,-0.49869
289.5787,-0.498719
289.596,-0.498756
289.613,-0.498794
289.629,-0.498827
289.6467,-0.498867
289.6626,-0.498905
289.6794,-0.498945
289.696,-0.498982
289.7122,-0.499017
289.7292,-0.499044
289.7462,-0.499077
289.7628,-0.499105
289.7788,-0.499132
289.7957,-0.49916
289.8124,-0.49919
289.8288,-0.499219
289.8453,-0.499255
289.8627,-0.499295
289.8786,-0.499334
289.8953,-0.499373
289.9128,-0.499419
289.9292,-0.49946
289.9456,-0.499496
289.9614,-0.49954
289.9786,-0.499575
289.9957,-0.49961
290.0118,-0.499648
290.0291,-0.499685
290.0452,-0.499719
290.0626,-0.499754
290.0787,-0.499788
290.0948,-0.499824
290.1118,-0.499855
290.1284,-0.499895
290.1451,-0.499931
290.1621,-0.499967
290.1786,-0.499997
290.1958,-0.500029
290.2119,-0.50006
290.229,-0.500093
290.2448,-0.500113
290.2621,-0.500136
290.279,-0.500154
290.2958,-0.500173
290.3124,-0.500199
290.3287,-0.500223
290.3447,-0.500243
290.3623,-0.500271
290.3786,-0.500295
290.3951,-0.500327
290.4117,-0.500368
290.4286,-0.500401
290.4456,-0.500429
290.462,-0.500456
290.479,-0.500484
290.4956,-0.50052
290.5119,-0.500563
290.5288,-0.500604
290.5451,-0.500639
290.5619,-0.500673
290.5784,-0.500705
290.596,-0.500741
290.612,-0.50078
290.6285,-0.500815
290.6454,-0.500844
290.6621,-0.500874
290.6794,-0.500906
290.6956,-0.500942
290.7131,-0.500972
290.7292,-0.500998
290.7457,-0.501023
290.7617,-0.501053
290.7792,-0.501079
290.7959,-0.5011
290.812,-0.501128
290.8291,-0.501157
290.8458,-0.50119
290.8631,-0.501229
290.8782,-0.501268
290.8964,-0.501307
290.9129,-0.501342
290.9294,-0.501373
290.946,-0.501406
290.9626,-0.501436
290.9792,-0.501452
290.9954,-0.501471
291.0131,-0.501499
291.0299,-0.501531
291.0461,-0.501569
291.0628,-0.501603
291.0795,-0.50164
291.097,-0.501674
291.1139,-0.501704
291.1299,-0.501739
291.1467,-0.501774
291.1631,-0.50181
291.1799,-0.501843
291.1963,-0.501882
291.2137,-0.501922
291.2301,-0.50196
291.2466,-0.501996
291.2629,-0.502033
291.2798,-0.502068
291.2967,-0.502103
291.3125,-0.502132
291.3298,-0.502162
291.3464,-0.5022
291.3632,-0.502239
291.3806,-0.502288
291.3963,-0.502335
291.4128,-0.502379
291.4297,-0.502422
291.447,-0.502463
291.4631,-0.502506
291.4799,-0.502551
291.4966,-0.502595
291.5133,-0.502633
291.5301,-0.502672
291.5468,-0.502715
291.5633,-0.502758
291.5788,-0.502803
291.597,-0.502843
291.6129,-0.502885
291.6293,-0.50292
291.6461,-0.502953
291.6632,-0.50299
291.6795,-0.503023
291.6966,-0.503057
291.7126,-0.503095
291.7292,-0.503133
291.7459,-0.503174
291.7631,-0.503216
291.7797,-0.503255
291.7958,-0.5033
291.8128,-0.503346
291.8299,-0.503397
291.8455,-0.503447
291.8628,-0.503488
291.8798,-0.503534
291.8961,-0.503581
291.9124,-0.503627
291.9297,-0.503669
291.9459,-0.503705
291.9634,-0.503739
291.9797,-0.503782
291.9967,-0.503821
292.0132,-0.503859
292.0301,-0.503895
292.0468,-0.503928
292.063,-0.503962
292.0789,-0.503992
292.0966,-0.504019
292.1129,-0.504041
292.1297,-0.504061
292.1461,-0.50408
292.1627,-0.504098
292.1798,-0.504122
292.1967,-0.504148
292.213,-0.50418
292.23,-0.504214
292.2458,-0.504252
292.2637,-0.504293
292.2793,-0.504332
292.2963,-0.504376
292.3138,-0.504413
292.3303,-0.504446
292.3465,-0.504482
292.3629,-0.504515
292.3803,-0.504546
292.3964,-0.504579
292.4127,-0.504604
292.4301,-0.504633
292.4463,-0.504663
292.4632,-0.504695
292.4802,-0.504734
292.4969,-0.504772
292.5135,-0.504808
292.5305,-0.504841
292.5467,-0.504875
292.5636,-0.504906
292.5793,-0.504935
292.5963,-0.504957
292.6137,-0.504984
292.63,-0.505014
292.646,-0.505042
292.6632,-0.505069
292.6797,-0.505093
292.6975,-0.505125
292.7137,-0.505162
292.7301,-0.5052
292.7463,-0.505237
292.7629,-0.505277
292.7797,-0.50532
292.7961,-0.505362
292.8129,-0.505401
292.8305,-0.505436
292.8468,-0.505473
292.8637,-0.505505
292.8801,-0.505546
292.8972,-0.505588
292.9134,-0.50563
292.9307,-0.505677
292.9467,-0.505727
292.9634,-0.505773
292.9799,-0.505817
292.9971,-0.50586
293.0141,-0.505892
293.0306,-0.505922
293.0468,-0.50595
293.0629,-0.505978
293.0799,-0.506007
293.0966,-0.506041
293.1133,-0.506082
293.1302,-0.50612
293.1468,-0.506161
293.1629,-0.506201
293.1801,-0.506237
293.1978,-0.50627
293.2134,-0.506304
293.2299,-0.506341
293.247,-0.506384
293.2637,-0.506417
293.2796,-0.506452
293.2967,-0.506485
293.3131,-0.50652
293.3303,-0.506559
293.3464,-0.506595
293.3636,-0.506633
293.3797,-0.506673
293.396,-0.506713
293.4136,-0.506751
293.4296,-0.506784
293.4472,-0.506818
293.4631,-0.50685
293.4801,-0.506884
293.496,-0.506914
293.513,-0.506951
293.5298,-0.506984
293.5459,-0.507023
293.5627,-0.507065
293.5794,-0.50711
293.5965,-0.507158
293.613,-0.507197
293.6304,-0.507235
293.6466,-0.50728
293.6631,-0.507324
293.6796,-0.507363
293.6968,-0.507404
293.7127,-0.507445
293.7302,-0.50749
293.7462,-0.507522
293.7625,-0.507559
293.7793,-0.507596
293.7963,-0.507636
293.8131,-0.507673
293.8295,-0.507711
293.8468,-0.507746
293.8636,-0.507778
293.8801,-0.507815
293.8962,-0.507857
293.9132,-0.5079
293.9299,-0.507937
293.9457,-0.507967
293.963,-0.508
293.9803,-0.508028
293.9957,-0.508051
294.0125,-0.508072
294.0293,-0.508098
294.0465,-0.50813
294.0622,-0.508162
294.0789,-0.508194
294.096,-0.508228
294.1128,-0.508258
294.129,-0.508291
294.146,-0.508326
294.1622,-0.508365
294.1791,-0.508399
294.1965,-0.508435
294.2131,-0.508477
294.2284,-0.508523
294.2462,-0.508562
294.263,-0.508604
294.2787,-0.508642
294.2953,-0.508682
294.313,-0.508719
294.3291,-0.508758
294.3466,-0.508791
294.3627,-0.508826
294.3789,-0.508862
294.3956,-0.508897
294.4129,-0.508926
294.4289,-0.508954
294.4457,-0.508993
294.4623,-0.509031
294.4796,-0.509069
294.4955,-0.50911
294.5133,-0.509156
294.5303,-0.509199
294.5464,-0.509242
294.5629,-0.509276
294.5797,-0.50931
294.5961,-0.509341
294.612,-0.509375
294.6293,-0.509411
294.6461,-0.509443
294.6628,-0.509475
294.6794,-0.509511
294.6961,-0.509554
294.7128,-0.509595
294.7288,-0.509643
294.7455,-0.509688
294.7627,-0.509734
294.7797,-0.509773
294.7962,-0.509814
294.813,-0.509848
294.8302,-0.509877
294.8467,-0.509904
294.8633,-0.509929
294.8794,-0.509957
294.8959,-0.509984
294.9133,-0.510019
294.9302,-0.510056
294.946,-0.510095
294.9626,-0.510132
294.9793,-0.510178
294.997,-0.510213
295.0127,-0.510252
295.03,-0.510294
295.0463,-0.510335
295.0634,-0.51038
295.0787,-0.510425
295.0969,-0.510466
295.113,-0.510498
295.1307,-0.510525
295.1469,-0.51055
295.1634,-0.510583
295.1794,-0.510603
295.1965,-0.51063
295.2133,-0.510658
295.2299,-0.510691
295.247,-0.510723
295.2632,-0.510764
295.2806,-0.510805
295.297,-0.510838
295.3138,-0.510871
295.33,-0.510911
295.3465,-0.510942
295.3637,-0.510975
295.3805,-0.511011
295.3964,-0.51105
295.4128,-0.511085
295.43,-0.51112
295.447,-0.511159
295.4634,-0.511198
295.4799,-0.511238
295.4959,-0.511276
295.513,-0.511311
295.5302,-0.511349
295.5474,-0.511395
295.5629,-0.51144
295.5798,-0.511491
295.5963,-0.511528
295.6141,-0.51157
295.6302,-0.511615
295.6475,-0.511661
295.664,-0.511711
295.6798,-0.511761
295.6972,-0.511808
295.7143,-0.511851
295.7296,-0.5119
295.7476,-0.511953
295.764,-0.512006
295.7804,-0.512047
295.7971,-0.512081
295.8138,-0.512118
295.8306,-0.512151
295.8477,-0.512183
295.8642,-0.512218
295.8803,-0.512259
295.8969,-0.512303
295.9138,-0.512348
295.9298,-0.512396
295.9472,-0.512449
295.9643,-0.5125
295.981,-0.512548
295.9967,-0.512589
296.0139,-0.512639
296.0307,-0.51269
296.0471,-0.512742
296.0635,-0.512792
296.0803,-0.512838
296.0973,-0.512885
296.1143,-0.51293
296.131,-0.51298
296.1471,-0.513026
296.1643,-0.513063
296.1811,-0.513103
296.1981,-0.51314
296.214,-0.513172
296.2308,-0.513204
296.2473,-0.513243
296.264,-0.513277
296.2802,-0.513318
296.2972,-0.513365
296.3134,-0.513415
296.3304,-0.513471
296.3476,-0.513529
296.3636,-0.51359
296.3811,-0.513649
296.3966,-0.513701
296.4138,-0.513745
296.4305,-0.513785
296.4474,-0.513827
296.4637,-0.513869
296.4804,-0.513918
296.4977,-0.513956
296.5138,-0.514
296.5308,-0.514043
296.5478,-0.514087
296.5646,-0.514142
296.5808,-0.514195
296.5975,-0.514251
296.6138,-0.514305
296.631,-0.51436
296.6484,-0.514413
296.6645,-0.514461
296.6807,-0.514504
296.6979,-0.514548
296.7143,-0.514596
296.7308,-0.514637
296.7473,-0.514684
296.7644,-0.514732
296.7812,-0.514775
296.7977,-0.514824
296.8146,-0.514869
296.8313,-0.51492
296.8471,-0.514965
296.8642,-0.515008
296.8813,-0.51506
296.8975,-0.515114
296.9152,-0.515158
296.9315,-0.515204
296.9471,-0.51524
296.9649,-0.515266
296.9815,-0.5153
296.9975,-0.515338
297.0143,-0.515384
297.0313,-0.515433
297.0478,-0.515467
297.0646,-0.515508
297.0807,-0.515555
297.098,-0.515603
297.115,-0.515645
297.1311,-0.515685
297.1478,-0.515718
297.1651,-0.515757
297.1812,-0.515796
297.1977,-0.515836
297.2143,-0.515874
297.231,-0.515917
297.2479,-0.515963
297.265,-0.516015
297.2811,-0.516067
297.2984,-0.516121
297.3155,-0.516171
297.3316,-0.516222
297.348,-0.516268
297.3646,-0.516322
297.3817,-0.516376
297.3977,-0.516433
297.4147,-0.516487
297.4314,-0.516541
297.4482,-0.516595
297.4652,-0.51665
297.4815,-0.5167
297.4977,-0.516748
297.5147,-0.5168
297.5311,-0.516844
297.549,-0.516891
297.5646,-0.516936
297.5809,-0.516978
297.598,-0.517018
297.6141,-0.517055
297.6313,-0.517092
297.6469,-0.517125
297.6642,-0.517171
297.6812,-0.517221
297.6969,-0.517276
297.7152,-0.517327
297.7306,-0.517377
297.7485,-0.517424
297.765,-0.517473
297.7813,-0.517529
297.7976,-0.517584
297.8145,-0.517634
297.8307,-0.517679
297.8476,-0.517728
297.8648,-0.517773
297.8812,-0.517814
297.8976,-0.51786
297.9143,-0.517901
297.9308,-0.517938
297.947,-0.517978
297.9638,-0.518025
297.9804,-0.518082
297.9978,-0.518139
298.0141,-0.518197
298.0311,-0.518255
298.0484,-0.518312
298.0645,-0.518371
298.0802,-0.518422
298.0974,-0.518469
298.1146,-0.518511
298.1311,-0.518548
298.1481,-0.518585
298.1639,-0.518625
298.1808,-0.518659
298.1982,-0.518696
298.2148,-0.518739
298.2303,-0.518787
298.2474,-0.518833
298.2636,-0.518877
298.2804,-0.518926
298.2982,-0.518968
298.3142,-0.519012
298.3305,-0.519053
298.3472,-0.519096
298.3643,-0.519132
298.3802,-0.519175
298.3978,-0.519226
298.4141,-0.519278
298.4308,-0.519324
298.4472,-0.519366
298.4648,-0.519411
298.4815,-0.519455
298.4977,-0.519501
298.5144,-0.519546
298.5317,-0.519599
298.5481,-0.519648
298.5647,-0.519697
298.5815,-0.519742
298.5977,-0.519788
298.6141,-0.519829
298.6313,-0.519868
298.6487,-0.519911
298.6653,-0.519942
298.6811,-0.519977
298.698,-0.520013
298.7147,-0.520051
298.732,-0.520092
298.7476,-0.520144
298.765,-0.520193
298.7814,-0.520243
298.7976,-0.520293
298.8146,-0.520342
298.832,-0.520392
298.8483,-0.520439
298.8648,-0.520482
298.8819,-0.520524
298.8986,-0.520565
298.915,-0.520605
298.9315,-0.520656
298.9476,-0.520708
298.9646,-0.520763
298.982,-0.52082
298.9985,-0.520876
299.0147,-0.520925
299.0325,-0.520977
299.0486,-0.521026
299.0652,-0.521066
299.0819,-0.521107
299.0989,-0.521147
299.1154,-0.521183
299.132,-0.521224
299.1485,-0.521265
299.1656,-0.52131
299.1816,-0.521361
299.1989,-0.521411
299.2151,-0.521461
299.2313,-0.521517
299.2491,-0.521571
299.2656,-0.521627
299.2813,-0.521673
299.2988,-0.521716
299.3149,-0.521762
299.3325,-0.521805
299.3489,-0.521849
299.3647,-0.521894
299.3826,-0.521944
299.3991,-0.521995
299.4155,-0.522045
299.432,-0.522095
299.4482,-0.522145
299.4649,-0.522197
299.4818,-0.522252
299.4988,-0.522309
299.5149,-0.522368
299.5317,-0.522426
299.5488,-0.52248
299.5652,-0.522538
299.5823,-0.522596
299.599,-0.522653
299.6151,-0.522705
299.6321,-0.522749
299.6487,-0.522793
299.6653,-0.522841
299.6818,-0.5229
299.6984,-0.522959
299.7151,-0.523021
299.7325,-0.523085
299.7484,-0.523143
299.7649,-0.523194
299.7823,-0.523249
299.7987,-0.523302
299.8159,-0.523345
299.832,-0.523388
299.8481,-0.523437
299.8655,-0.523488
299.8817,-0.523538
299.8984,-0.523588
299.9152,-0.523635
299.9324,-0.523684
299.9482,-0.523744
299.9655,-0.523812
299.9822,-0.523877
299.9982,-0.523931
300.0156,-0.523992
300.0327,-0.524048
300.0489,-0.524103
300.0655,-0.524156
300.0813,-0.524201
300.0987,-0.524239
300.1152,-0.524282
300.1318,-0.524328
300.1484,-0.524377
300.1653,-0.524436
300.1819,-0.524489
300.1986,-0.524545
300.2148,-0.524604
300.2328,-0.524666
300.2481,-0.524726
300.266,-0.524782
300.2823,-0.524841
300.2987,-0.524908
300.315,-0.524967
300.3318,-0.525024
300.3482,-0.525079
300.365,-0.525135
300.3821,-0.52519
300.3983,-0.525229
300.4149,-0.52527
300.4319,-0.525317
300.4487,-0.525359
300.4651,-0.525398
300.4809,-0.525446
300.4984,-0.525482
300.5155,-0.525519
300.5318,-0.525559
300.5482,-0.525602
300.5653,-0.525652
300.5815,-0.525693
300.5982,-0.525742
300.6146,-0.5258
300.6315,-0.52586
300.648,-0.525928
300.6644,-0.525987
300.6815,-0.526047
300.6977,-0.526111
300.7145,-0.526162
300.7307,-0.526204
300.7479,-0.526252
300.765,-0.526292
300.7813,-0.526335
300.7978,-0.526383
300.8141,-0.526438
300.831,-0.526492
300.8483,-0.526545
300.8646,-0.526596
300.8806,-0.526647
300.8975,-0.526697
300.9145,-0.526742
300.9307,-0.526785
300.9477,-0.526825
300.9646,-0.526865
300.9815,-0.526908
300.9971,-0.526958
301.0148,-0.527004
301.0312,-0.527049
301.0475,-0.527095
301.0646,-0.527141
301.0807,-0.527185
301.0972,-0.52722
301.1138,-0.527258
301.1309,-0.527303
301.1473,-0.527354
301.1636,-0.527408
301.1805,-0.527465
301.1978,-0.527514
301.214,-0.527554
301.231,-0.527601
301.248,-0.527645
301.2641,-0.527686
301.2802,-0.527727
301.2969,-0.527775
301.3136,-0.527824
301.3306,-0.527874
301.3471,-0.527929
301.3633,-0.527985
301.3807,-0.528039
301.3974,-0.528092
301.414,-0.528143
301.431,-0.528191
301.4476,-0.528247
301.4644,-0.528297
301.481,-0.528345
301.4973,-0.528385
301.5137,-0.528422
301.5304,-0.528466
301.5471,-0.528514
301.5641,-0.528562
301.5806,-0.528618
301.5966,-0.528669
301.614,-0.528724
301.6304,-0.528778
301.6472,-0.528837
301.6635,-0.528891
301.68,-0.528941
301.697,-0.528985
301.714,-0.529029
301.731,-0.529068
301.7462,-0.529115
301.7636,-0.529161
301.7799,-0.529207
301.7971,-0.52925
301.8132,-0.529297
301.83,-0.529355
301.8467,-0.529407
301.8638,-0.529455
301.8804,-0.529502
301.8971,-0.529555
301.9137,-0.529605
301.9296,-0.529655
301.9465,-0.529707
301.9636,-0.529764
301.9804,-0.529819
301.9969,-0.529872
302.0137,-0.529935
302.0305,-0.529991
302.0466,-0.530038
302.0629,-0.530082
302.0796,-0.530127
302.096,-0.530175
302.113,-0.530226
302.1297,-0.530274
302.1456,-0.530327
302.1631,-0.53038
302.1796,-0.530442
302.1966,-0.530501
302.2129,-0.530566
302.2293,-0.530631
302.246,-0.53069
302.2639,-0.530751
302.2796,-0.530812
302.2964,-0.530872
302.3135,-0.530924
302.3297,-0.530974
302.347,-0.531009
302.3632,-0.531053
302.3803,-0.531093
302.3958,-0.531133
302.4132,-0.531182
302.4294,-0.531218
302.4468,-0.531254
302.4632,-0.531299
302.4798,-0.531343
302.4967,-0.531383
302.5121,-0.531423
302.5303,-0.531458
302.5459,-0.531497
302.5624,-0.531544
302.5799,-0.531587
302.5956,-0.531643
302.6123,-0.531699
302.6299,-0.531754
302.6461,-0.531808
302.6624,-0.531855
302.6796,-0.531905
302.6963,-0.531953
302.7129,-0.531994
302.7292,-0.532043
302.7463,-0.532099
302.7627,-0.532149
302.7801,-0.532195
302.7957,-0.532235
302.8129,-0.532277
302.8298,-0.532313
302.8462,-0.532347
302.8629,-0.532389
302.8792,-0.53243
302.8963,-0.53247
302.9131,-0.532518
302.9296,-0.532568
302.9473,-0.532616
302.9632,-0.532659
302.9797,-0.532696
302.9969,-0.532739
303.0135,-0.532779
303.0307,-0.532818
303.0463,-0.532865
303.063,-0.53291
303.0802,-0.532957
303.097,-0.532999
303.1133,-0.533046
303.1308,-0.533091
303.1471,-0.533132
303.1634,-0.533171
303.1797,-0.533202
303.1972,-0.533237
303.2132,-0.533264
303.2295,-0.5333
303.2469,-0.533335
303.2631,-0.533381
303.2807,-0.533433
303.297,-0.533484
303.3136,-0.533541
303.3302,-0.533604
303.3469,-0.533661
303.3638,-0.533725
303.3805,-0.533788
303.3971,-0.53385
303.4142,-0.533911
303.4303,-0.533966
303.4474,-0.534022
303.4641,-0.534082
303.4809,-0.53413
303.4975,-0.534179
303.5142,-0.534231
303.5305,-0.534273
303.5476,-0.534318
303.5639,-0.534364
303.5814,-0.534416
303.598,-0.534467
303.6145,-0.534512
303.6309,-0.534568
303.6481,-0.534625
303.6643,-0.534676
303.6808,-0.534729
303.6982,-0.534782
303.7155,-0.534837
303.731,-0.534893
303.7484,-0.534958
303.7648,-0.535026
303.7815,-0.535082
303.7986,-0.53514
303.8158,-0.535204
303.8323,-0.535267
303.8484,-0.535322
303.8655,-0.53537
303.8823,-0.53542
303.8987,-0.535468
303.9155,-0.535516
303.9323,-0.535559
303.9493,-0.535607
303.966,-0.535658
303.9827,-0.535714
303.9992,-0.535774
304.0159,-0.535841
304.0329,-0.535905
304.0498,-0.53597
304.0655,-0.536045
304.083,-0.536118
304.0995,-0.536185
304.1159,-0.536247
304.1329,-0.536316
304.1498,-0.536389
304.1664,-0.536457
304.1827,-0.536525
304.1987,-0.536596
304.2165,-0.53667
304.2325,-0.536734
304.2495,-0.536795
304.2663,-0.536858
304.2827,-0.536925
304.2995,-0.536999
304.3159,-0.537088
304.3327,-0.537164
304.3494,-0.537237
304.3668,-0.537301
304.3837,-0.537368
304.3997,-0.537436
304.4165,-0.5375
304.4322,-0.537559
304.4496,-0.537621
304.4667,-0.537696
304.4829,-0.537767
304.5001,-0.537835
304.5171,-0.537899
304.5341,-0.537962
304.5506,-0.53802
304.5665,-0.538071
304.5836,-0.53813
304.6001,-0.538181
304.6167,-0.538237
304.6331,-0.538291
304.6497,-0.538349
304.6664,-0.538404
304.6834,-0.538469
304.7004,-0.538538
304.7168,-0.538607
304.7339,-0.538674
304.7498,-0.53874
304.7663,-0.538804
304.7835,-0.538871
304.8004,-0.538947
304.8164,-0.539017
304.834,-0.539089
304.85,-0.539153
304.8671,-0.539215
304.8832,-0.53928
304.9009,-0.539349
304.9166,-0.539416
304.9335,-0.539483
304.95,-0.539559
304.9664,-0.539637
304.9839,-0.539712
305.0003,-0.539785
305.0168,-0.539855
305.0337,-0.53992
305.0506,-0.539985
305.0678,-0.540047
305.0832,-0.540103
305.0999,-0.540155
305.1168,-0.540211
305.1325,-0.54027
305.1501,-0.540338
305.1658,-0.5404
305.1832,-0.540465
305.2001,-0.54053
305.2171,-0.5406
305.2334,-0.54067
305.2493,-0.540738
305.2668,-0.540803
305.2829,-0.540865
305.3,-0.540937
305.3166,-0.541013
305.3333,-0.541094
305.35,-0.54117
305.3663,-0.541246
305.3837,-0.541319
305.4003,-0.541384
305.4165,-0.541445
305.4337,-0.541506
305.4492,-0.541559
305.4666,-0.541601
305.4833,-0.541652
305.4993,-0.54171
305.5161,-0.541762
305.533,-0.541817
305.5492,-0.54187
305.5658,-0.541926
305.5829,-0.541982
305.5988,-0.542041
305.6161,-0.542099
305.633,-0.542147
305.6495,-0.542196
305.6659,-0.542253
305.6824,-0.542311
305.6992,-0.542359
305.7159,-0.542409
305.7322,-0.542465
305.7497,-0.542529
305.7657,-0.54258
305.782,-0.542629
305.7988,-0.542672
305.8152,-0.542708
305.8318,-0.542745
305.8493,-0.542787
305.8656,-0.542828
305.8825,-0.542874
305.8993,-0.542914
305.9148,-0.542961
305.9323,-0.54301
305.9486,-0.543058
305.9654,-0.54311
305.9821,-0.543167
305.9984,-0.543229
306.0155,-0.543284
306.032,-0.543342
306.0488,-0.543396
306.0654,-0.543444
306.0821,-0.543483
306.0985,-0.543525
306.1156,-0.543563
306.1322,-0.543603
306.1482,-0.543639
306.165,-0.543678
306.1825,-0.54372
306.198,-0.543768
306.2156,-0.543825
306.2312,-0.543877
306.2484,-0.543932
306.2651,-0.543975
306.282,-0.544025
306.2986,-0.544059
306.3151,-0.544095
306.3321,-0.544129
306.348,-0.544161
306.3653,-0.544192
306.3817,-0.54423
306.399,-0.544268
306.4151,-0.544307
306.4319,-0.544355
306.4483,-0.544395
306.4652,-0.544443
306.481,-0.544485
306.4975,-0.544529
306.515,-0.544567
306.5314,-0.54461
306.5489,-0.544652
306.5653,-0.544694
306.5816,-0.544736
306.5983,-0.544778
306.6155,-0.544819
306.6314,-0.544855
306.6481,-0.544896
306.6657,-0.54493
306.6812,-0.544964
306.6978,-0.544995
306.7153,-0.545027
306.7316,-0.545053
306.7483,-0.54508
306.7646,-0.545115
306.7814,-0.54516
306.7983,-0.545209
306.8147,-0.545259
306.8315,-0.545315
306.8482,-0.545372
306.8654,-0.54543
306.8818,-0.545477
306.898,-0.545517
306.9146,-0.545553
306.9312,-0.545594
306.9482,-0.545639
306.9651,-0.545689
306.9814,-0.545737
306.9981,-0.545777
307.0149,-0.545824
307.0316,-0.545868
307.049,-0.54591
307.0646,-0.545962
307.0816,-0.546002
307.098,-0.546041
307.1143,-0.546082
307.1318,-0.546122
307.1484,-0.546169
307.1651,-0.546226
307.1817,-0.546269
307.1985,-0.546313
307.2155,-0.546349
307.2319,-0.546377
307.2489,-0.546408
307.2652,-0.546442
307.2825,-0.546466
307.2985,-0.546483
307.3153,-0.546509
307.3314,-0.546541
307.3498,-0.546581
307.3652,-0.546623
307.3823,-0.546667
307.3982,-0.546715
307.4142,-0.546765
307.4317,-0.546818
307.4479,-0.546876
307.4654,-0.546926
307.4823,-0.546972
307.4988,-0.54702
307.5159,-0.547065
307.5324,-0.547104
307.5487,-0.54713
307.5663,-0.547155
307.5823,-0.547189
307.5989,-0.547219
307.6155,-0.547253
307.6326,-0.547292
307.6487,-0.547339
307.6647,-0.54739
307.6819,-0.547449
307.6985,-0.547508
307.7159,-0.547556
307.7322,-0.547602
307.7486,-0.547639
307.7659,-0.54768
307.7817,-0.547716
307.7991,-0.547746
307.8158,-0.547773
307.833,-0.547799
307.8491,-0.547826
307.8652,-0.547867
307.8828,-0.547906
307.8981,-0.547945
307.9156,-0.547985
307.9321,-0.548031
307.9491,-0.548079
307.9657,-0.548126
307.9825,-0.548173
307.9994,-0.548217
308.0153,-0.548267
308.0323,-0.548311
308.0491,-0.54836
308.0662,-0.548406
308.0827,-0.548446
308.0995,-0.548485
308.1157,-0.54852
308.1334,-0.548557
308.149,-0.548592
308.1657,-0.548621
308.1823,-0.54865
308.199,-0.548682
308.2162,-0.548715
308.2324,-0.548756
308.2486,-0.548796
308.2656,-0.548842
308.282,-0.548892
308.299,-0.548936
308.316,-0.548987
308.3325,-0.549041
308.3487,-0.549089
308.3651,-0.549132
308.3819,-0.54917
308.3988,-0.549208
308.4157,-0.549242
308.4328,-0.549276
308.4492,-0.549304
308.4656,-0.549338
308.482,-0.549364
308.4991,-0.54939
308.5159,-0.54943
308.5327,-0.549472
308.5494,-0.549514
308.5657,-0.549558
308.5826,-0.549598
308.5998,-0.549633
308.6165,-0.549671
308.6331,-0.549703
308.6494,-0.549733
308.6657,-0.549771
308.6828,-0.549809
308.6996,-0.54985
308.7158,-0.549891
308.7331,-0.549932
308.7497,-0.549968
308.7659,-0.550004
308.7827,-0.550045
308.7994,-0.550082
308.8164,-0.550121
308.8326,-0.550158
308.8496,-0.550201
308.8671,-0.550244
308.883,-0.550287
308.9,-0.550326
308.9159,-0.550363
308.9333,-0.550392
308.9502,-0.550418
308.9665,-0.550452
308.9828,-0.550485
308.9995,-0.550522
309.0155,-0.550564
309.0331,-0.550602
309.0501,-0.550641
309.0656,-0.550687
309.0818,-0.55074
309.0998,-0.55079
309.1155,-0.550834
309.1331,-0.550872
309.1495,-0.550917
309.1665,-0.550951
309.1825,-0.550981
309.1998,-0.551013
309.2162,-0.551044
309.2323,-0.55108
309.2504,-0.551114
309.266,-0.551157
309.2826,-0.551198
309.2993,-0.551245
309.3166,-0.551297
309.3324,-0.551344
309.3505,-0.55139
309.3658,-0.55142
309.3832,-0.551447
309.3995,-0.551476
309.4164,-0.551503
309.4325,-0.551535
309.449,-0.551566
309.4657,-0.551596
309.4827,-0.55163
309.4991,-0.551673
309.5151,-0.551714
309.5327,-0.551749
309.5497,-0.551784
309.5664,-0.55182
309.583,-0.551849
309.5987,-0.551878
309.6155,-0.551903
309.6324,-0.55193
309.6501,-0.551962
309.6657,-0.551994
309.6828,-0.552029
309.6992,-0.552063
309.7167,-0.552093
309.7329,-0.552123
309.7492,-0.552156
309.7659,-0.552182
309.7826,-0.552207
309.7993,-0.552236
309.8159,-0.552267
309.8334,-0.552295
309.8493,-0.55232
309.8658,-0.552345
309.8833,-0.552374
309.8998,-0.552394
309.9162,-0.552411
309.9335,-0.552429
309.9495,-0.552456
309.9665,-0.552483
309.9826,-0.552526
310.0007,-0.552571
310.0158,-0.55261
310.0333,-0.552651
310.05,-0.552699
310.0664,-0.552744
310.0829,-0.55277
310.1002,-0.552789
310.1172,-0.552805
310.1334,-0.552823
310.1502,-0.552836
310.1669,-0.552853
310.1821,-0.552872
310.2002,-0.552894
310.2161,-0.552913
310.2321,-0.55294
310.2493,-0.552972
310.2659,-0.553006
310.2831,-0.553041
310.2988,-0.553074
310.3159,-0.553102
310.3334,-0.553127
310.3493,-0.553151
310.3658,-0.553169
310.3825,-0.553196
310.3988,-0.553219
310.416,-0.553239
310.433,-0.553268
310.4496,-0.553309
310.4656,-0.553348
310.4824,-0.553385
310.4996,-0.553424
310.516,-0.553456
310.5329,-0.553491
310.55,-0.553519
310.5662,-0.553546
310.5829,-0.553573
310.5995,-0.553593
310.6157,-0.553612
310.6326,-0.553629
310.6494,-0.553652
310.6668,-0.55367
310.6826,-0.553688
310.6989,-0.553701
310.7153,-0.553717
310.7331,-0.553731
310.749,-0.553759
310.7655,-0.553791
310.7833,-0.553836
310.7996,-0.553867
310.8165,-0.553895
310.8325,-0.553929
310.849,-0.553964
310.8658,-0.554004
310.8815,-0.554049
310.9,-0.554087
310.9155,-0.554115
310.9326,-0.554144
310.9497,-0.554173
310.9664,-0.554202
310.9833,-0.554228
310.9995,-0.554266
311.0159,-0.554301
311.0333,-0.554334
311.0497,-0.554359
311.0662,-0.554383
311.0837,-0.554404
311.0997,-0.554426
311.1161,-0.554443
311.132,-0.554462
311.1495,-0.55448
311.1662,-0.554504
311.183,-0.55454
311.1994,-0.554578
311.2161,-0.554609
311.2328,-0.554639
311.2502,-0.554662
311.2663,-0.554676
311.2828,-0.554695
311.2994,-0.554708
311.3166,-0.554722
311.3327,-0.55474
311.3492,-0.554763
311.3659,-0.554789
311.3833,-0.554811
311.3991,-0.554841
311.4159,-0.554874
311.4329,-0.554913
311.4496,-0.554952
311.4655,-0.555
311.4832,-0.555049
311.4992,-0.55509
311.5168,-0.55513
311.5326,-0.555165
311.5504,-0.555199
311.5666,-0.55522
311.5833,-0.555239
311.5991,-0.555255
311.6158,-0.555276
311.633,-0.555295
311.649,-0.55532
311.666,-0.555348
311.683,-0.555383
311.6989,-0.555417
311.7161,-0.555454
311.7322,-0.555492
311.749,-0.555523
311.7662,-0.55555
311.7822,-0.555575
311.7992,-0.555601
311.8158,-0.555623
311.8327,-0.555642
311.8492,-0.55567
311.8654,-0.555697
311.8831,-0.555718
311.8992,-0.555745
311.9164,-0.555778
311.9329,-0.555806
311.9497,-0.555829
311.9661,-0.555859
311.9827,-0.555889
312.0,-0.555917
312.0155,-0.555933
312.0326,-0.555951
312.0501,-0.555976
312.0659,-0.556001
312.0833,-0.556022
312.0996,-0.556043
312.1162,-0.55607
312.1335,-0.556102
312.1497,-0.556138
312.1657,-0.556166
312.1825,-0.556191
312.1997,-0.556208
312.2162,-0.556225
312.2332,-0.556247
312.2499,-0.556269
312.2661,-0.556283
312.283,-0.556301
312.2992,-0.556329
312.3163,-0.556355
312.3327,-0.556383
312.3499,-0.556408
312.3661,-0.55643
312.383,-0.55646
312.3995,-0.55649
312.4162,-0.556521
312.4331,-0.556543
312.4496,-0.556572
312.4666,-0.556603
312.4836,-0.556635
312.4999,-0.556651
312.5164,-0.556668
312.5332,-0.556685
312.5504,-0.556701
312.5665,-0.556717
312.5829,-0.556738
312.5997,-0.55676
312.6164,-0.556782
312.6336,-0.556801
312.6496,-0.556826
312.6674,-0.556853
312.6841,-0.556878
312.7,-0.5569
312.7165,-0.556918
312.7331,-0.556935
312.7499,-0.556944
312.7668,-0.556958
312.7831,-0.556969
312.7998,-0.556982
312.8161,-0.556996
312.8335,-0.557014
312.8497,-0.557031
312.8658,-0.557061
312.8828,-0.557093
312.9004,-0.55713
312.9171,-0.557165
312.9334,-0.557202
312.9506,-0.557245
312.9669,-0.557282
312.9825,-0.557307
313.0001,-0.557328
313.017,-0.557348
313.0328,-0.557365
313.0499,-0.557387
313.0667,-0.557406
313.083,-0.55743
313.0998,-0.557461
313.1165,-0.55749
313.1339,-0.557527
313.1504,-0.557564
313.1665,-0.557605
313.1839,-0.557644
313.2003,-0.557682
313.2173,-0.557719
313.234,-0.55775
313.2505,-0.557777
313.2659,-0.557808
313.2831,-0.557839
313.3001,-0.557866
313.3169,-0.557898
313.3339,-0.557933
313.351,-0.557969
313.3672,-0.557999
313.3846,-0.55803
313.4013,-0.558051
313.4173,-0.55806
313.4334,-0.558069
313.4511,-0.558084
313.4669,-0.558095
313.4841,-0.558116
313.5003,-0.558146
313.5174,-0.558179
313.5343,-0.558214
313.5504,-0.558256
313.5671,-0.5583
313.5835,-0.55835
313.6006,-0.558389
313.6168,-0.55842
313.6343,-0.558446
313.6506,-0.558471
313.6673,-0.558497
313.6834,-0.558526
313.7004,-0.558552
313.7171,-0.558581
313.7336,-0.558611
313.7505,-0.558644
313.7675,-0.558687
313.7831,-0.55872
313.8,-0.558752
313.8173,-0.558792
313.8336,-0.558833
313.8505,-0.558869
313.8672,-0.558904
313.8842,-0.558942
313.901,-0.558981
313.9176,-0.559022
313.933,-0.559049
313.9504,-0.559074
313.9673,-0.559098
313.9835,-0.559124
314.0007,-0.559165
314.0169,-0.559205
314.0334,-0.559239
314.0504,-0.559268
314.0672,-0.559304
314.0848,-0.559339
314.1003,-0.559382
314.1166,-0.559419
314.1338,-0.559442
314.1504,-0.559471
314.1662,-0.559492
314.1838,-0.559524
314.1999,-0.559556
314.2163,-0.559587
314.234,-0.559615
314.2503,-0.559648
314.267,-0.559683
314.2835,-0.559725
314.3002,-0.55976
314.3172,-0.559795
314.3343,-0.559826
314.3506,-0.559861
314.3668,-0.559903
314.3835,-0.559943
314.4008,-0.559982
314.4167,-0.560011
314.4328,-0.560053
314.4507,-0.560091
314.4671,-0.560129
314.4835,-0.560159
314.4998,-0.560193
314.5167,-0.560226
314.5331,-0.560259
314.5505,-0.56029
314.5669,-0.560327
314.5835,-0.560373
314.6002,-0.560411
314.6168,-0.560451
314.6331,-0.560486
314.6499,-0.560516
314.6664,-0.560545
314.6835,-0.560578
314.7003,-0.560611
314.7171,-0.560646
314.7333,-0.560684
314.7501,-0.560725
314.7667,-0.560768
314.7831,-0.560807
314.8003,-0.560844
314.818,-0.560886
314.834,-0.560926
314.8502,-0.560955
314.8675,-0.560982
314.8839,-0.561013
314.9003,-0.561046
314.9168,-0.56108
314.9328,-0.561111
314.9504,-0.561144
314.967,-0.561186
314.9834,-0.561234
314.9993,-0.561274
315.0163,-0.561316
315.0338,-0.561353
315.0505,-0.561383
315.0666,-0.561413
315.0831,-0.561441
315.0996,-0.561472
315.1178,-0.561513
315.1334,-0.561553
315.1498,-0.561596
315.1665,-0.561642
315.1836,-0.561678
315.2004,-0.561713
315.2168,-0.561749
315.2338,-0.561787
315.2503,-0.561822
315.2665,-0.561853
315.2831,-0.561893
315.3004,-0.561936
315.3173,-0.561981
315.3337,-0.562027
315.3505,-0.56207
315.3671,-0.562105
315.384,-0.562138
315.4003,-0.562168
315.4169,-0.562197
315.4337,-0.56223
315.4498,-0.562259
315.4663,-0.562289
315.4836,-0.56232
315.4997,-0.56236
315.5173,-0.562404
315.5329,-0.562449
315.5502,-0.562492
315.5662,-0.562524
315.5835,-0.56255
315.6005,-0.562572
315.6171,-0.562605
315.6332,-0.562644
315.6497,-0.56269
315.6658,-0.562733
315.6834,-0.562774
315.7002,-0.56283
315.7169,-0.562885
315.7335,-0.562937
315.75,-0.562986
315.7668,-0.563021
315.7843,-0.563054
315.7994,-0.563095
315.8165,-0.563137
315.8328,-0.563177
315.8488,-0.563221
315.8667,-0.563261
315.883,-0.563305
315.8991,-0.563347
315.9158,-0.563392
315.9324,-0.563439
315.9498,-0.563483
315.9663,-0.56353
315.9828,-0.563579
315.9993,-0.563632
316.0158,-0.563679
316.0331,-0.563724
316.0496,-0.56378
316.0667,-0.563835
316.0822,-0.563887
316.0988,-0.563937
316.1157,-0.563989
316.1321,-0.564039
316.1485,-0.564096
316.1656,-0.56416
316.1823,-0.564214
316.1988,-0.564271
316.2161,-0.564327
316.2327,-0.564384
316.2489,-0.564439
316.2649,-0.564486
316.2817,-0.564525
316.2985,-0.564574
316.3158,-0.564626
316.3321,-0.564681
316.3488,-0.564736
316.3651,-0.56479
316.3823,-0.564841
316.3991,-0.564894
316.4151,-0.564945
316.4316,-0.564998
316.4486,-0.565052
316.4646,-0.565104
316.4823,-0.56516
316.4985,-0.565217
316.5152,-0.565274
316.5313,-0.56533
316.549,-0.565394
316.5653,-0.565461
316.5819,-0.565518
316.5981,-0.56557
316.6154,-0.565627
316.632,-0.56568
316.6487,-0.565726
316.6646,-0.565777
316.6819,-0.565823
316.6981,-0.565866
316.7151,-0.565911
316.7319,-0.565966
316.7487,-0.566022
316.7651,-0.566076
316.7808,-0.566127
316.798,-0.566182
316.8148,-0.566239
316.8323,-0.566295
316.8483,-0.566352
316.8653,-0.566403
316.8814,-0.566444
316.8981,-0.566488
316.9152,-0.566528
316.9319,-0.566567
316.9481,-0.566612
316.9648,-0.56666
316.9815,-0.566708
316.9981,-0.566758
317.0152,-0.566809
317.0322,-0.566862
317.0481,-0.566916
317.0656,-0.566962
317.0822,-0.56701
317.0986,-0.56706
317.1155,-0.567109
317.1326,-0.567155
317.1484,-0.567206
317.1651,-0.567261
317.1823,-0.567315
317.1982,-0.567363
317.2156,-0.567416
317.2326,-0.567477
317.2492,-0.567538
317.265,-0.567602
317.282,-0.567657
317.2985,-0.567711
317.316,-0.567759
317.3321,-0.56782
317.3495,-0.567889
317.3651,-0.567955
317.3823,-0.568005
317.3988,-0.568059
317.4161,-0.568121
317.4324,-0.568186
317.4491,-0.568253
317.4658,-0.568319
317.4831,-0.568381
317.4994,-0.568446
317.5159,-0.568504
317.5325,-0.568563
317.549,-0.568621
317.5652,-0.568675
317.5822,-0.568731
317.5986,-0.568789
317.6155,-0.568842
317.632,-0.5689
317.6493,-0.568964
317.6655,-0.569035
317.6819,-0.569104
317.6989,-0.569177
317.7157,-0.569242
317.7322,-0.56931
317.7487,-0.569382
317.7656,-0.569452
317.7821,-0.56952
317.7981,-0.569586
317.8155,-0.569654
317.8322,-0.569728
317.8487,-0.56982
317.8653,-0.569934
317.8832,-0.570024
317.899,-0.570102
317.9158,-0.570179
317.9326,-0.570249
317.9491,-0.570322
317.9653,-0.570394
317.9825,-0.570472
317.9992,-0.570543
318.0158,-0.570619
318.0329,-0.570695
318.0492,-0.570778
318.0659,-0.570857
318.082,-0.57093
318.0993,-0.571004
318.1153,-0.571083
318.133,-0.571158
318.1491,-0.571227
318.1652,-0.571293
318.1823,-0.571358
318.1982,-0.571425
318.2161,-0.571489
318.2311,-0.571562
318.2483,-0.571635
318.2657,-0.571713
318.2818,-0.571793
318.2986,-0.57187
318.3154,-0.571951
318.3323,-0.572024
318.3489,-0.5721
318.3648,-0.572179
318.3815,-0.572257
318.3984,-0.572338
318.4146,-0.572414
318.4314,-0.572489
318.4487,-0.572572
318.4652,-0.57266
318.481,-0.572747
318.4988,-0.572826
318.515,-0.57289
318.5319,-0.572956
318.5493,-0.573032
318.5655,-0.573104
318.5817,-0.573181
318.5982,-0.573264
318.6149,-0.573349
318.6314,-0.57343
318.6483,-0.573514
318.6653,-0.573595
318.6821,-0.573668
318.6987,-0.573739
318.7159,-0.573809
318.7315,-0.573872
318.7484,-0.573931
318.7646,-0.573992
318.7815,-0.574059
318.798,-0.574128
318.8149,-0.574208
318.832,-0.574294
318.8483,-0.574367
318.8647,-0.574445
318.8816,-0.574528
318.8985,-0.574607
318.9153,-0.574684
318.9312,-0.57476
318.949,-0.574835
318.9646,-0.574909
318.9816,-0.574985
318.9978,-0.575065
319.0154,-0.575148
319.0318,-0.575228
319.0486,-0.575313
319.065,-0.575397
319.0821,-0.575482
319.0986,-0.575563
319.1152,-0.575643
319.1319,-0.575719
319.1492,-0.575795
319.1658,-0.575868
319.182,-0.575944
319.1985,-0.576018
319.2155,-0.576097
319.2316,-0.576168
319.2487,-0.576252
319.2656,-0.576328
319.2826,-0.576403
319.2995,-0.576474
319.316,-0.576544
319.3323,-0.576618
319.3488,-0.576694
319.3661,-0.576776
319.3829,-0.576856
319.3992,-0.576944
319.4156,-0.577032
319.4324,-0.577128
319.4495,-0.57722
319.4657,-0.5773
319.4829,-0.577375
319.5,-0.577451
319.5154,-0.577528
319.5331,-0.577605
319.5491,-0.577685
319.5655,-0.577768
319.5831,-0.577847
319.5994,-0.577932
319.6164,-0.578021
319.6329,-0.57811
319.6488,-0.578199
319.6658,-0.578289
319.6827,-0.57838
319.6994,-0.578475
319.7164,-0.578565
319.7328,-0.578653
319.7497,-0.578742
319.7661,-0.578827
319.783,-0.578915
319.7994,-0.579005
319.8167,-0.579093
319.8329,-0.579181
319.8495,-0.579267
319.8664,-0.579351
319.8832,-0.579438
319.8996,-0.579519
319.9165,-0.579605
319.9328,-0.579689
319.9497,-0.579777
319.967,-0.579865
319.9827,-0.579953
319.9995,-0.580044
320.0166,-0.580129
320.033,-0.580224
320.05,-0.580311
320.0664,-0.580401
320.0835,-0.580491
320.0999,-0.58058
320.1165,-0.580678
320.1326,-0.580773
320.1495,-0.580864
320.1658,-0.580959
320.1828,-0.581062
320.1994,-0.58116
320.2166,-0.581253
320.2333,-0.581348
320.2498,-0.581445
320.267,-0.581541
320.2823,-0.581637
320.3001,-0.581731
320.3162,-0.581824
320.3328,-0.58192
320.3502,-0.582026
320.3668,-0.582187
320.3828,-0.582383
320.3998,-0.582713
320.4165,-0.582951
320.4334,-0.583121
320.4509,-0.583262
320.4674,-0.583367
320.4842,-0.583471
320.5006,-0.583569
320.5165,-0.583656
320.5331,-0.583746
320.5504,-0.583838
320.567,-0.583927
320.5839,-0.584029
320.6002,-0.584175
320.6166,-0.584284
320.6332,-0.584387
320.6497,-0.584492
320.6671,-0.584595
320.683,-0.584696
320.7002,-0.584798
320.7169,-0.584894
320.734,-0.58499
320.7497,-0.585079
320.7663,-0.585168
320.7822,-0.585267
320.7992,-0.585369
320.8159,-0.585468
320.8334,-0.585561
320.8494,-0.585658
320.8665,-0.585758
320.883,-0.585851
320.8991,-0.585946
320.9166,-0.586044
320.9327,-0.586143
320.9493,-0.586232
320.9656,-0.586326
320.9826,-0.586415
320.999,-0.586504
321.0163,-0.586592
321.0321,-0.586684
321.0489,-0.586774
321.0655,-0.586864
321.0829,-0.586963
321.0984,-0.587062
321.1155,-0.587168
321.1325,-0.587264
321.149,-0.58735
321.1665,-0.587436
321.1823,-0.587526
321.1996,-0.587616
321.2164,-0.587695
321.232,-0.58777
321.2491,-0.587849
321.2661,-0.587934
321.2824,-0.588021
321.2994,-0.58811
321.3152,-0.588199
321.3324,-0.588289
321.3493,-0.588373
321.3655,-0.588462
321.3831,-0.588545
321.3993,-0.588628
321.4167,-0.588703
321.4327,-0.588778
321.4492,-0.588849
321.4655,-0.588925
321.4823,-0.589005
321.4982,-0.589082
321.5155,-0.589162
321.5322,-0.589238
321.5489,-0.589318
321.566,-0.589398
321.582,-0.589488
321.5984,-0.589582
321.6151,-0.589671
321.6323,-0.58976
321.6496,-0.589858
321.666,-0.589958
321.6826,-0.590055
321.6992,-0.59015
321.7159,-0.590235
321.7326,-0.590322
321.7495,-0.590403
321.7658,-0.590491
321.7827,-0.590576
321.7991,-0.59066
321.8158,-0.590745
321.8322,-0.590829
321.8492,-0.590917
321.8656,-0.591007
321.8825,-0.591101
321.8994,-0.591203
321.9166,-0.591298
321.9323,-0.591388
321.9492,-0.591478
321.9658,-0.591566
321.9829,-0.591659
321.9993,-0.591747
322.0163,-0.591833
322.0323,-0.591922
322.0493,-0.592013
322.0671,-0.592109
322.0824,-0.592202
322.0992,-0.592298
322.1162,-0.592395
322.1327,-0.592493
322.1492,-0.592587
322.1656,-0.592686
322.1823,-0.592782
322.1996,-0.592879
322.2163,-0.592977
322.2318,-0.593072
322.2492,-0.593163
322.2657,-0.593252
322.2828,-0.593338
322.2995,-0.593431
322.3153,-0.593531
322.3319,-0.593628
322.3491,-0.593725
322.3657,-0.593843
322.3821,-0.594018
322.3993,-0.59418
322.4152,-0.594384
322.4326,-0.594553
322.4485,-0.5947
322.4659,-0.594802
322.4824,-0.594903
322.4994,-0.595008
322.5156,-0.595102
322.5323,-0.595193
322.5493,-0.595286
322.5659,-0.595374
322.5822,-0.595465
322.5993,-0.595557
322.6153,-0.59566
322.6321,-0.59576
322.6482,-0.595866
322.6652,-0.595971
322.6815,-0.596094
322.699,-0.596204
322.7157,-0.596309
322.7322,-0.596418
322.7486,-0.596524
322.7658,-0.596628
322.7819,-0.596729
322.7985,-0.59684
322.8153,-0.59696
322.8319,-0.597072
322.8481,-0.597182
322.8644,-0.597292
322.8814,-0.597408
322.8983,-0.597518
322.9151,-0.597635
322.932,-0.597749
322.949,-0.597861
322.9649,-0.597972
322.9819,-0.598079
322.9978,-0.598186
323.0149,-0.598292
323.032,-0.598398
323.048,-0.598495
323.0653,-0.598593
323.0814,-0.598688
323.0979,-0.598782
323.1145,-0.598876
323.1312,-0.598971
323.148,-0.599058
323.164,-0.599152
323.1816,-0.599246
323.198,-0.599345
323.215,-0.599447
323.231,-0.599552
323.248,-0.599663
323.2637,-0.599771
323.2809,-0.599876
323.2977,-0.599986
323.3147,-0.600094
323.3314,-0.600208
323.3474,-0.600315
323.364,-0.600422
323.381,-0.600523
323.3977,-0.600624
323.414,-0.60073
323.4309,-0.600835
323.4473,-0.600937
323.4646,-0.60104
323.4811,-0.601146
323.4978,-0.601249
323.5145,-0.601357
323.5308,-0.601459
323.5483,-0.601547
323.565,-0.601638
323.582,-0.601726
323.5982,-0.601819
323.6141,-0.601918
323.6308,-0.602015
323.6478,-0.60212
323.6642,-0.602221
323.6808,-0.602322
323.6977,-0.602423
323.7148,-0.602523
323.7314,-0.602626
323.7484,-0.602727
323.7646,-0.602832
323.7814,-0.602929
323.7978,-0.603034
323.8151,-0.603142
323.8309,-0.603255
323.8488,-0.603371
323.8647,-0.603476
323.8819,-0.60358
323.8989,-0.603672
323.9148,-0.603769
323.9315,-0.603859
323.9485,-0.603955
323.9649,-0.604062
323.9814,-0.604169
323.9984,-0.604278
324.0147,-0.604392
324.0318,-0.604522
324.0486,-0.604637
324.066,-0.604751
324.0819,-0.604859
324.0989,-0.604971
324.1148,-0.605078
324.1321,-0.605185
324.1483,-0.605293
324.1649,-0.605407
324.1823,-0.60552
324.1981,-0.605662
324.2158,-0.605776
324.2323,-0.605879
324.2483,-0.605977
324.2644,-0.60608
324.2824,-0.606179
324.2983,-0.606281
324.315,-0.606395
324.3318,-0.606507
324.3487,-0.606616
324.3655,-0.606728
324.3823,-0.606839
324.3988,-0.606946
324.4152,-0.607045
324.4325,-0.607147
324.4491,-0.607253
324.4649,-0.607358
324.4815,-0.607466
324.4983,-0.607579
324.5154,-0.607693
324.5323,-0.607854
324.5487,-0.608052
324.5655,-0.608232
324.5825,-0.608505
324.5988,-0.60865
324.6159,-0.608764
324.6322,-0.608876
324.6483,-0.608992
324.6662,-0.609098
324.6825,-0.609196
324.6986,-0.609295
324.7159,-0.609402
324.7331,-0.609517
324.7486,-0.609631
324.7661,-0.609774
324.7828,-0.609935
324.7991,-0.610056
324.8161,-0.610216
324.8332,-0.610344
324.8497,-0.610457
324.8656,-0.610564
324.8826,-0.610676
324.899,-0.610795
324.9153,-0.610908
324.9326,-0.611022
324.9489,-0.61113
324.9661,-0.611238
324.9837,-0.61135
324.9995,-0.611465
325.0161,-0.611585
325.0325,-0.611756
325.049,-0.611878
325.0655,-0.61203
325.0833,-0.612176
325.0995,-0.612343
325.1162,-0.612481
325.1327,-0.612626
325.1495,-0.612751
325.1657,-0.61287
325.1823,-0.612987
325.1996,-0.613103
325.2165,-0.613222
325.2335,-0.613347
325.2494,-0.613471
325.2662,-0.61359
325.2826,-0.613706
325.2994,-0.613829
325.3166,-0.613943
325.3331,-0.614058
325.3495,-0.614172
325.3658,-0.614284
325.3831,-0.614399
325.3997,-0.614523
325.4162,-0.61465
325.433,-0.614787
325.4501,-0.614913
325.4662,-0.615041
325.4833,-0.61517
325.4987,-0.615299
325.5146,-0.615422
325.5318,-0.61554
325.5488,-0.615659
325.5651,-0.615781
325.582,-0.615908
325.5984,-0.616032
325.6154,-0.616155
325.6321,-0.616282
325.6487,-0.616407
325.6644,-0.616536
325.6819,-0.616669
325.6987,-0.616825
325.7152,-0.616997
325.7314,-0.617225
325.749,-0.617413
325.7654,-0.617549
325.7813,-0.617682
325.7994,-0.617853
325.8148,-0.617985
325.8308,-0.618111
325.8479,-0.618241
325.8646,-0.618365
325.882,-0.618481
325.8988,-0.618606
325.9148,-0.618737
325.9308,-0.618866
325.9479,-0.619
325.9647,-0.619133
325.9816,-0.61934
325.9987,-0.619474
326.0153,-0.619625
326.0315,-0.619755
326.0482,-0.61988
326.0642,-0.620003
326.0818,-0.620119
326.0981,-0.620224
326.1149,-0.620335
326.131,-0.620448
326.148,-0.620562
326.1642,-0.620678
326.1806,-0.620806
326.1978,-0.620928
326.2148,-0.621048
326.2311,-0.621169
326.2479,-0.621294
326.2649,-0.621419
326.2807,-0.621534
326.2971,-0.621652
326.3138,-0.621774
326.3309,-0.621893
326.3474,-0.622019
326.3641,-0.622148
326.382,-0.62227
326.3977,-0.622388
326.4138,-0.622512
326.4304,-0.622631
326.4475,-0.622746
326.4638,-0.622864
326.481,-0.622992
326.4974,-0.623117
326.5139,-0.623242
326.5305,-0.62336
326.5473,-0.623481
326.5641,-0.623601
326.5811,-0.623709
326.5973,-0.623818
326.6143,-0.623926
326.632,-0.624039
326.6472,-0.624154
326.6646,-0.624267
326.6804,-0.624383
326.698,-0.624499
326.7146,-0.624612
326.731,-0.624727
326.7475,-0.624837
326.7639,-0.624951
326.781,-0.625066
326.7976,-0.625179
326.8145,-0.625299
326.8309,-0.625427
326.8473,-0.625549
326.8648,-0.625671
326.882,-0.625797
326.898,-0.625919
326.9146,-0.626057
326.931,-0.626198
326.947,-0.626325
326.9642,-0.626441
326.9813,-0.626561
326.9976,-0.626679
327.015,-0.626794
327.031,-0.626912
327.048,-0.62702
327.0645,-0.627132
327.0803,-0.62725
327.0973,-0.627368
327.1141,-0.627494
327.1314,-0.627621
327.1472,-0.62775
327.1649,-0.627905
327.1815,-0.628109
327.1981,-0.628235
327.2139,-0.628351
327.2314,-0.628469
327.2477,-0.628584
327.2656,-0.628694
327.2813,-0.628808
327.298,-0.628933
327.3142,-0.629056
327.331,-0.629174
327.3475,-0.629302
327.3647,-0.62946
327.3824,-0.629587
327.3983,-0.629736
327.4145,-0.629859
327.4313,-0.629985
327.4487,-0.630107
327.4648,-0.630228
327.4816,-0.630351
327.4981,-0.63047
327.5148,-0.630596
327.532,-0.630717
327.548,-0.630838
327.5652,-0.630958
327.5814,-0.631084
327.5984,-0.631209
327.6152,-0.63134
327.6319,-0.631544
327.6481,-0.631675
327.6651,-0.631805
327.6813,-0.63193
327.6978,-0.632055
327.7154,-0.632181
327.7314,-0.632304
327.7486,-0.632423
327.765,-0.632545
327.7816,-0.632675
327.7981,-0.632806
327.8141,-0.632937
327.832,-0.633174
327.848,-0.633448
327.8653,-0.633678
327.8821,-0.633936
327.8983,-0.634089
327.9153,-0.634251
327.9311,-0.634395
327.9479,-0.634528
327.965,-0.63466
327.9812,-0.634787
327.9983,-0.634916
328.0147,-0.635058
328.0317,-0.635268
328.0483,-0.635404
328.0652,-0.635536
328.0817,-0.635667
328.0985,-0.635798
328.1153,-0.635926
328.132,-0.636059
328.1487,-0.636187
328.1655,-0.636311
328.1822,-0.636439
328.1988,-0.636595
328.2153,-0.636722
328.2318,-0.636853
328.2486,-0.636986
328.2651,-0.637199
328.2821,-0.6374
328.2987,-0.6376
328.3157,-0.637737
328.3319,-0.637872
328.3492,-0.638001
328.3644,-0.638128
328.3813,-0.638259
328.3981,-0.638383
328.4148,-0.638512
328.4312,-0.638642
328.4486,-0.638839
328.4641,-0.639105
328.4811,-0.639374
328.4981,-0.639626
328.5149,-0.639808
328.5327,-0.63994
328.5483,-0.640087
328.5651,-0.640214
328.5811,-0.640346
328.5985,-0.640481
328.6154,-0.640613
328.6318,-0.640747
328.6479,-0.640879
328.6645,-0.641028
328.6816,-0.641182
328.6973,-0.641339
328.7137,-0.641475
328.7307,-0.641615
328.7478,-0.641832
328.7647,-0.641992
328.7808,-0.642297
328.7977,-0.642577
328.8142,-0.642777
328.8315,-0.643037
328.8474,-0.64322
328.8644,-0.64341
328.8818,-0.643548
328.898,-0.643684
328.9142,-0.643866
328.9305,-0.643999
328.9474,-0.644125
328.9638,-0.644242
328.9806,-0.644374
328.9966,-0.644505
329.0139,-0.644633
329.0304,-0.644763
329.047,-0.644897
329.0642,-0.645031
329.0799,-0.645171
329.0966,-0.645301
329.1132,-0.645435
329.1301,-0.645573
329.1475,-0.645709
329.1631,-0.645846
329.1805,-0.645983
329.1972,-0.646117
329.214,-0.646243
329.2304,-0.64636
329.2473,-0.646479
329.2643,-0.646602
329.2806,-0.646717
329.2965,-0.646831
329.3134,-0.646952
329.3306,-0.647081
329.3465,-0.647207
329.3631,-0.647334
329.38,-0.647466
329.3975,-0.647589
329.4137,-0.647717
329.4304,-0.647868
329.4472,-0.648004
329.4635,-0.648135
329.4799,-0.648268
329.4966,-0.648405
329.514,-0.64854
329.5307,-0.64867
329.5479,-0.648812
329.5637,-0.648943
329.5804,-0.649072
329.597,-0.649199
329.6136,-0.649338
329.6304,-0.649493
329.6467,-0.649628
329.663,-0.649786
329.6804,-0.649939
329.6971,-0.650074
329.7137,-0.650253
329.73,-0.650458
329.7467,-0.650602
329.7636,-0.650739
329.7802,-0.650873
329.7962,-0.651015
329.8134,-0.651156
329.8297,-0.651287
329.8458,-0.651417
329.863,-0.651545
329.88,-0.651683
329.8965,-0.651821
329.9129,-0.6521
329.9301,-0.652423
329.9462,-0.652733
329.9633,-0.653028
329.9792,-0.653247
329.9966,-0.653407
330.0125,-0.653538
330.0297,-0.653667
330.0464,-0.653794
330.063,-0.653921
330.0795,-0.654039
330.0955,-0.654163
330.1123,-0.654291
330.1302,-0.654422
330.1451,-0.654556
330.1624,-0.65469
330.1788,-0.654848
330.1961,-0.655058
330.213,-0.655333
330.2299,-0.655661
330.246,-0.655921
330.2624,-0.656105
330.2799,-0.656314
330.2963,-0.656553
330.3128,-0.656687
330.3292,-0.656821
330.346,-0.656991
330.3639,-0.65712
330.3798,-0.657252
330.3961,-0.657381
330.4128,-0.657518
330.4294,-0.657645
330.4465,-0.657769
330.463,-0.657899
330.4792,-0.658025
330.4962,-0.658148
330.5128,-0.658271
330.5289,-0.658393
330.5464,-0.658523
330.5629,-0.658657
330.5789,-0.658851
330.5954,-0.659178
330.613,-0.659317
330.629,-0.659539
330.6465,-0.659718
330.6623,-0.659852
330.6797,-0.659985
330.6956,-0.660111
330.7133,-0.660249
330.7295,-0.660482
330.7458,-0.66062
330.7623,-0.660842
330.7789,-0.661174
330.796,-0.661406
330.8134,-0.661638
330.8289,-0.661837
330.846,-0.661968
330.8625,-0.662099
330.8796,-0.662234
330.8957,-0.662371
330.9123,-0.662604
330.929,-0.662765
330.9451,-0.662905
330.9628,-0.663038
330.979,-0.663174
330.996,-0.663309
331.0122,-0.66343
331.0286,-0.663563
331.0445,-0.663698
331.0627,-0.663836
331.0789,-0.663973
331.0947,-0.66411
331.1129,-0.664294
331.1287,-0.664453
331.1454,-0.664676
331.1621,-0.664914
331.179,-0.665054
331.1963,-0.66519
331.2121,-0.665329
331.229,-0.665496
331.2453,-0.665747
331.2622,-0.666153
331.2787,-0.666527
331.2958,-0.666699
331.3118,-0.666865
331.3289,-0.667121
331.3463,-0.667261
331.3617,-0.667396
331.3789,-0.667529
331.3956,-0.667658
331.4126,-0.667781
331.4288,-0.667908
331.4452,-0.668049
331.462,-0.668225
331.4782,-0.668374
331.4949,-0.668512
331.5124,-0.66866
331.529,-0.6688
331.5452,-0.668967
331.5609,-0.66918
331.5784,-0.669351
331.5949,-0.669535
331.6118,-0.66979
331.629,-0.670222
331.6457,-0.670655
331.6619,-0.670844
331.6785,-0.671015
331.695,-0.671156
331.7124,-0.671292
331.7289,-0.671425
331.7451,-0.671597
331.761,-0.671808
331.7782,-0.672059
331.7955,-0.672208
331.8115,-0.6724
331.8288,-0.67264
331.8447,-0.672976
331.8613,-0.673212
331.8784,-0.673511
331.8956,-0.673738
331.9116,-0.673976
331.9285,-0.674194
331.9452,-0.674426
331.962,-0.674657
331.9785,-0.674795
331.9945,-0.674959
332.0121,-0.675112
332.0286,-0.675274
332.0457,-0.675561
332.0618,-0.675841
332.0778,-0.676174
332.0948,-0.676485
332.1111,-0.676756
332.1284,-0.676985
332.1451,-0.677254
332.1619,-0.677511
332.1791,-0.67774
332.1951,-0.677922
332.2114,-0.678062
332.2287,-0.678194
332.2449,-0.678328
332.2613,-0.678484
332.2779,-0.678626
332.2946,-0.678847
332.3116,-0.678982
332.328,-0.679163
332.3453,-0.679387
332.3614,-0.679662
332.3788,-0.680049
332.3948,-0.680345
332.4121,-0.680632
332.4275,-0.680884
332.4451,-0.681169
332.4615,-0.681351
332.4776,-0.681597
332.495,-0.681786
332.5116,-0.681963
332.5281,-0.682115
332.545,-0.682291
332.5611,-0.682508
332.5786,-0.682648
332.5952,-0.68279
332.6111,-0.682927
332.6285,-0.683098
332.6443,-0.683336
332.6613,-0.683686
332.6782,-0.684129
332.6944,-0.684397
332.7122,-0.68462
332.7278,-0.684853
332.7447,-0.68522
332.7616,-0.685459
332.7779,-0.685675
332.7946,-0.685901
332.8111,-0.686099
332.8278,-0.686236
332.8444,-0.686505
332.8612,-0.686803
332.8781,-0.687132
332.8949,-0.68743
332.9113,-0.687713
332.9285,-0.688122
332.9442,-0.688622
332.961,-0.688991
332.9773,-0.68924
332.9944,-0.68943
333.0108,-0.689567
333.0284,-0.689703
333.045,-0.689858
333.0608,-0.690029
333.0784,-0.690165
333.0936,-0.690345
333.111,-0.690599
333.1277,-0.691016
333.1438,-0.691483
333.1617,-0.691931
333.1778,-0.692242
333.1939,-0.692498
333.2113,-0.69275
333.2281,-0.692884
333.2445,-0.693019
333.2612,-0.693176
333.2776,-0.693311
333.2946,-0.693446
333.3105,-0.693602
333.3277,-0.693812
333.3439,-0.694172
333.3611,-0.694405
333.3779,-0.694611
333.3938,-0.69486
333.4117,-0.695087
333.4272,-0.695452
333.4443,-0.695739
333.4608,-0.695999
333.4785,-0.696365
333.4947,-0.696625
333.5104,-0.696948
333.5276,-0.697186
333.5446,-0.697359
333.5614,-0.697491
333.5776,-0.697625
333.5941,-0.697767
333.6112,-0.697922
333.6277,-0.69812
333.6446,-0.698309
333.6609,-0.698498
333.6781,-0.698699
333.6942,-0.698861
333.7112,-0.699185
333.7273,-0.699481
333.7442,-0.69976
333.7604,-0.700049
333.7779,-0.700291
333.7951,-0.700503
333.8114,-0.700719
333.8276,-0.700913
333.8446,-0.701332
333.8608,-0.7017
333.8779,-0.702137
333.894,-0.702678
333.911,-0.703073
333.9286,-0.703469
333.9436,-0.7039
333.961,-0.704244
333.9773,-0.704478
333.994,-0.704647
334.0106,-0.704872
334.0278,-0.70514
334.0444,-0.705531
334.0602,-0.705938
334.0773,-0.706286
334.0942,-0.70665
334.1111,-0.707054
334.1279,-0.707456
334.1443,-0.707902
334.1606,-0.708201
334.1774,-0.708451
334.1945,-0.708795
334.2112,-0.709128
334.2268,-0.709496
334.244,-0.709875
334.2612,-0.710246
334.2779,-0.710503
334.2948,-0.710656
334.3103,-0.710807
334.3271,-0.710927
334.344,-0.711051
334.3604,-0.711174
334.3769,-0.711299
334.3947,-0.711497
334.4095,-0.711753
334.427,-0.712198
334.4442,-0.712724
334.4602,-0.713324
334.4763,-0.713858
334.494,-0.714446
334.5101,-0.715067
334.5276,-0.715422
334.544,-0.715653
334.5605,-0.715783
334.5767,-0.715928
334.5941,-0.716106
334.6103,-0.716353
334.6264,-0.716644
334.6431,-0.717068
334.6607,-0.717448
334.6766,-0.717982
334.6935,-0.718507
334.7104,-0.718968
334.727,-0.719326
334.7435,-0.71947
334.76,-0.719612
334.7769,-0.719738
334.7932,-0.719941
334.8105,-0.720136
334.8263,-0.72051
334.8427,-0.720902
334.8598,-0.721521
334.8772,-0.722096
334.8936,-0.72255
334.9096,-0.722894
334.9265,-0.723136
334.9434,-0.723322
334.9596,-0.723432
334.9769,-0.72354
334.9933,-0.723871
335.0097,-0.724006
335.026,-0.724189
335.0431,-0.724551
335.0601,-0.724904
335.0762,-0.725252
335.0932,-0.725519
335.1105,-0.725846
335.1268,-0.726068
335.1433,-0.726259
335.1594,-0.726524
335.1762,-0.726735
335.1933,-0.72696
335.2104,-0.727305
335.2265,-0.727624
335.2431,-0.727824
335.2597,-0.728086
335.2775,-0.728272
335.2935,-0.728532
335.3103,-0.728792
335.3264,-0.729067
335.3437,-0.72927
335.359,-0.729508
335.3765,-0.729847
335.3934,-0.730156
335.409,-0.73048
335.4258,-0.730745
335.4429,-0.730951
335.4602,-0.731338
335.4772,-0.731775
335.4936,-0.732209
335.5096,-0.732559
335.5265,-0.733048
335.5435,-0.733491
335.5592,-0.733826
335.5761,-0.734153
335.5929,-0.734573
335.6099,-0.735049
335.6263,-0.735451
335.6427,-0.735888
335.6599,-0.736219
335.6762,-0.736507
335.6935,-0.736865
335.7101,-0.737134
335.7274,-0.737373
335.7433,-0.737608
335.7605,-0.737895
335.776,-0.738061
335.7931,-0.73826
335.81,-0.738519
335.826,-0.738869
335.8431,-0.739208
335.8594,-0.739405
335.8769,-0.739542
335.8935,-0.739743
335.9096,-0.740053
335.926,-0.740466
335.943,-0.741065
335.959,-0.74158
335.9757,-0.742152
335.9933,-0.742619
336.0099,-0.743053
336.0263,-0.743398
336.0438,-0.743705
336.0594,-0.743912
336.0761,-0.744056
336.093,-0.744187
336.1102,-0.744571
336.1266,-0.745125
336.1428,-0.745609
336.1593,-0.746068
336.1754,-0.746328
336.1929,-0.746504
336.2098,-0.746735
336.2258,-0.747085
336.2434,-0.747341
336.2591,-0.747671
336.2759,-0.748043
336.2928,-0.748417
336.3091,-0.748864
336.3258,-0.74938
336.3427,-0.750034
336.3589,-0.750486
336.376,-0.750925
336.3919,-0.751272
336.4084,-0.751532
336.4252,-0.751743
336.4418,-0.75199
336.4594,-0.752378
336.4754,-0.752889
336.492,-0.753302
336.5087,-0.753633
336.5245,-0.753875
336.5424,-0.754043
336.5587,-0.754244
336.5747,-0.754592
336.5912,-0.754868
336.6085,-0.755147
336.6249,-0.755371
336.6417,-0.755748
336.6589,-0.755995
336.6746,-0.756194
336.692,-0.756448
336.7087,-0.756804
336.7252,-0.757086
336.7415,-0.757283
336.7578,-0.757559
336.775,-0.757705
336.7923,-0.757898
336.808,-0.758067
336.8238,-0.758254
336.8418,-0.758544
336.8583,-0.758676
336.8748,-0.758916
336.891,-0.759272
336.9084,-0.759602
336.9247,-0.759895
336.9415,-0.760242
336.9583,-0.760611
336.9744,-0.760956
336.9907,-0.761163
337.0081,-0.761311
337.0246,-0.761493
337.0406,-0.761679
337.058,-0.761895
337.0748,-0.762092
337.0905,-0.762379
337.1078,-0.762601
337.1246,-0.762974
337.1411,-0.763214
337.1573,-0.763465
337.1743,-0.763748
337.1908,-0.764043
337.2083,-0.764391
337.2244,-0.764828
337.2411,-0.765312
337.2567,-0.765846
337.2739,-0.76647
337.2909,-0.766948
337.3076,-0.767507
337.3246,-0.767892
337.3416,-0.768304
337.3578,-0.768625
337.3751,-0.768808
337.3911,-0.769025
337.407,-0.769214
337.424,-0.769522
337.4412,-0.769909
337.4577,-0.770327
337.4749,-0.770736
337.4909,-0.771064
337.5078,-0.771295
337.525,-0.771452
337.5417,-0.771702
337.5583,-0.771915
337.5746,-0.772134
337.5915,-0.772357
337.608,-0.772619
337.6245,-0.773016
337.6411,-0.773426
337.6579,-0.773847
337.6744,-0.774183
337.6914,-0.7745
337.7081,-0.774878
337.7251,-0.775258
337.741,-0.775633
337.7575,-0.775866
337.7745,-0.776131
337.7909,-0.776459
337.8071,-0.776701
337.8245,-0.776959
337.8414,-0.777278
337.8579,-0.777648
337.8746,-0.777888
337.8907,-0.778021
337.9079,-0.778207
337.9237,-0.778578
337.9406,-0.778855
337.9579,-0.779148
337.9738,-0.779573
337.9915,-0.779815
338.0072,-0.780157
338.0236,-0.780506
338.0416,-0.780796
338.0577,-0.781106
338.0737,-0.781384
338.0905,-0.781775
338.1074,-0.782045
338.1243,-0.782354
338.1405,-0.782673
338.1574,-0.783055
338.1743,-0.783365
338.1903,-0.783679
338.2078,-0.784019
338.2242,-0.784246
338.2408,-0.784472
338.2562,-0.784725
338.2737,-0.785101
338.291,-0.785347
338.3073,-0.785657
338.323,-0.785976
338.3405,-0.786262
338.3573,-0.786485
338.3733,-0.786674
338.3909,-0.786969
338.4068,-0.78734
338.4242,-0.787906
338.4402,-0.788423
338.4565,-0.788819
338.4738,-0.78915
338.4906,-0.789693
338.5064,-0.790088
338.523,-0.790543
338.5403,-0.79076
338.5567,-0.790909
338.5736,-0.79112
338.5891,-0.791494
338.6072,-0.792012
338.6233,-0.792492
338.6399,-0.792882
338.6558,-0.793279
338.6737,-0.793624
338.6903,-0.79381
338.7073,-0.793988
338.7234,-0.794112
338.7397,-0.794245
338.7558,-0.794368
338.7731,-0.794558
338.7897,-0.794931
338.8062,-0.795299
338.8228,-0.795532
338.8392,-0.795634
338.8568,-0.795743
338.8735,-0.795861
338.8895,-0.795978
338.9059,-0.796149
338.9226,-0.796365
338.9396,-0.796657
338.9564,-0.797052
338.9731,-0.797473
338.9897,-0.797903
339.006,-0.798285
339.0232,-0.798678
339.0397,-0.798954
339.0561,-0.799173
339.0726,-0.79941
339.0888,-0.799666
339.106,-0.799908
339.1225,-0.800213
339.139,-0.800603
339.1555,-0.800905
339.1719,-0.801265
339.1891,-0.801446
339.2065,-0.801618
339.2229,-0.801839
339.2391,-0.802017
339.2559,-0.80222
339.272,-0.802406
339.2894,-0.802579
339.3063,-0.80285
339.3224,-0.803145
339.3389,-0.803513
339.3557,-0.804198
339.3723,-0.804687
339.3885,-0.805067
339.4053,-0.805475
339.4224,-0.805865
339.4389,-0.806245
339.4558,-0.80655
339.4711,-0.806957
339.489,-0.807218
339.506,-0.807477
339.522,-0.807592
339.5387,-0.807782
339.5556,-0.808022
339.572,-0.808164
339.5887,-0.808329
339.605,-0.80854
339.6217,-0.808751
339.6391,-0.809048
339.6551,-0.809293
339.6721,-0.809642
339.688,-0.810074
339.7053,-0.81041
339.7214,-0.810717
339.7383,-0.811038
339.7554,-0.811347
339.7715,-0.811574
339.7883,-0.811854
339.8049,-0.812096
339.8217,-0.812434
339.8384,-0.812754
339.8541,-0.813081
339.8719,-0.813388
339.8882,-0.813566
339.9054,-0.813772
339.9224,-0.813915
339.9379,-0.814123
339.955,-0.81431
339.9715,-0.814431
339.9883,-0.814606
340.0044,-0.814751
340.0212,-0.814941
340.0379,-0.815226
340.0551,-0.815636
340.0714,-0.815957
340.088,-0.816117
340.1043,-0.816278
340.1213,-0.816388
340.1378,-0.816584
340.1544,-0.816841
340.1712,-0.817183
340.1882,-0.817395
340.2041,-0.817539
340.2212,-0.81777
340.2384,-0.818034
340.2554,-0.818294
340.2705,-0.818479
340.2879,-0.818716
340.3046,-0.818827
340.3208,-0.818988
340.3378,-0.819115
340.3543,-0.819273
340.3712,-0.819395
340.3875,-0.819529
340.4047,-0.819638
340.4211,-0.819829
340.4371,-0.820088
340.454,-0.82028
340.471,-0.820498
340.487,-0.820771
340.5047,-0.821101
340.5208,-0.821453
340.5376,-0.82167
340.5541,-0.821824
340.5713,-0.82199
340.5875,-0.822097
340.6045,-0.82221
340.621,-0.822321
340.6369,-0.822482
340.6532,-0.822606
340.6706,-0.82275
340.688,-0.822989
340.7039,-0.823271
340.7223,-0.823607
340.7382,-0.823975
340.7552,-0.824304
340.7718,-0.824485
340.7878,-0.824623
340.8051,-0.824795
340.8217,-0.824908
340.8381,-0.825016
340.8555,-0.825127
340.8713,-0.825239
340.8885,-0.825346
340.9049,-0.825462
340.9216,-0.825616
340.9376,-0.825731
340.9554,-0.825945
340.9716,-0.826094
340.9882,-0.826286
341.0045,-0.826549
341.0216,-0.826763
341.0383,-0.826936
341.055,-0.827074
341.072,-0.827188
341.0887,-0.827307
341.1045,-0.827473
341.1211,-0.827827
341.1374,-0.828153
341.1548,-0.828575
341.1708,-0.829038
341.1881,-0.829643
341.2053,-0.830076
341.2211,-0.830422
341.2384,-0.830588
341.2552,-0.830699
341.2718,-0.830855
341.288,-0.83105
341.3051,-0.831163
341.3213,-0.831276
341.3379,-0.831404
341.354,-0.831539
341.3718,-0.831761
341.3887,-0.83196
341.4045,-0.832201
341.4205,-0.832468
341.4375,-0.832722
341.4542,-0.832991
341.4713,-0.83323
341.4878,-0.833449
341.5046,-0.833617
341.5216,-0.83378
341.5383,-0.833967
341.555,-0.834084
341.5716,-0.8342
341.588,-0.834317
341.6045,-0.834437
341.6206,-0.834557
341.638,-0.834677
341.6544,-0.834798
341.6713,-0.834914
341.6876,-0.835028
341.7039,-0.835141
341.7209,-0.835254
341.737,-0.835366
341.7542,-0.835488
341.771,-0.835603
341.7875,-0.835719
341.804,-0.835842
341.8206,-0.835964
341.838,-0.836088
341.854,-0.836206
341.8708,-0.83639
341.8881,-0.836672
341.9048,-0.836948
341.9207,-0.83716
341.9382,-0.837389
341.9543,-0.837514
341.9708,-0.837636
341.9876,-0.837757
342.0042,-0.837878
342.0211,-0.838035
342.037,-0.838184
342.0548,-0.838302
342.0705,-0.838421
342.088,-0.838553
342.1041,-0.838749
342.121,-0.839014
342.1376,-0.83914
342.1541,-0.839261
342.1714,-0.839379
342.1873,-0.839504
342.2045,-0.839647
342.2208,-0.839775
342.2377,-0.839895
342.2536,-0.840019
342.2703,-0.840179
342.2872,-0.84029
342.304,-0.840408
342.3201,-0.840531
342.3368,-0.840687
342.354,-0.840815
342.3703,-0.840944
342.387,-0.841065
342.4038,-0.841188
342.4212,-0.841309
342.4372,-0.841434
342.4536,-0.841544
342.471,-0.841651
342.4867,-0.841756
342.5038,-0.841869
342.5203,-0.84199
342.5367,-0.842112
342.5536,-0.84223
342.5699,-0.842344
342.5872,-0.842455
342.6034,-0.842573
342.62,-0.842692
342.6371,-0.842809
342.6531,-0.842924
342.6699,-0.843042
342.6868,-0.843164
342.7036,-0.843285
342.7194,-0.843404
342.7369,-0.843525
342.7542,-0.843639
342.7704,-0.843758
342.7869,-0.843867
342.8041,-0.84398
342.8207,-0.844093
342.838,-0.844209
342.8542,-0.844321
342.8703,-0.844435
342.887,-0.844542
342.9038,-0.844645
342.92,-0.844751
342.9373,-0.844858
342.9533,-0.844971
342.9712,-0.845085
342.9879,-0.845192
343.0042,-0.845301
343.0208,-0.845411
343.0378,-0.845516
343.0544,-0.845617
343.0707,-0.845723
343.0874,-0.845835
343.1041,-0.84595
343.1207,-0.846064
343.1378,-0.846173
343.1541,-0.846274
343.1712,-0.846372
343.1877,-0.84647
343.2038,-0.846576
343.2216,-0.846678
343.2365,-0.846776
343.2537,-0.846876
343.2707,-0.846967
343.2876,-0.847061
343.3041,-0.847162
343.3204,-0.847269
343.3376,-0.847364
343.3538,-0.847455
343.3708,-0.847554
343.3879,-0.847651
343.4045,-0.847758
343.4206,-0.847859
343.4382,-0.847953
343.4542,-0.848037
343.4703,-0.848122
343.4877,-0.848209
343.5035,-0.848304
343.5204,-0.848395
343.5368,-0.848495
343.5542,-0.84858
343.5706,-0.848661
343.5872,-0.848753
343.6038,-0.84885
343.6207,-0.848947
343.637,-0.849035
343.6536,-0.849128
343.6703,-0.849213
343.6873,-0.849298
343.7042,-0.849386
343.7206,-0.849467
343.7377,-0.849544
343.7531,-0.849628
343.7707,-0.849712
343.787,-0.849792
343.8034,-0.849868
343.8202,-0.849948
343.8369,-0.850026
343.8532,-0.850107
343.87,-0.850188
343.8873,-0.850261
343.9036,-0.850334
343.9196,-0.850405
343.9372,-0.850482
343.9532,-0.850556
343.97,-0.850629
343.9865,-0.850695
344.0033,-0.850757
344.0205,-0.850818
344.0372,-0.850875
344.053,-0.85093
344.0692,-0.850989
344.0865,-0.851051
344.1031,-0.851112
344.1196,-0.85117
344.1362,-0.85123
344.1541,-0.851287
344.1699,-0.851337
344.187,-0.851386
344.2038,-0.851438
344.2201,-0.851471
344.2364,-0.851505
344.2532,-0.851543
344.2694,-0.851586
344.2865,-0.851633
344.3029,-0.851677
344.3199,-0.85172
344.3364,-0.851767
344.3528,-0.851809
344.3698,-0.85185
344.3869,-0.851889
344.4032,-0.851923
344.4201,-0.851956
344.4365,-0.851985
344.4528,-0.852013
344.4696,-0.852039
344.4868,-0.85207
344.5028,-0.8521
344.5197,-0.852126
344.5366,-0.852147
344.5532,-0.852165
344.57,-0.85219
344.5866,-0.8522
344.6026,-0.852207
344.6195,-0.852214
344.6366,-0.852226
344.6533,-0.852235
344.6696,-0.852246
344.6861,-0.852252
344.7039,-0.852255
344.72,-0.852266
344.7359,-0.852274
344.7532,-0.852278
344.7701,-0.852286
344.786,-0.852293
344.8039,-0.852302
344.8195,-0.852314
344.8367,-0.852315
344.8534,-0.852308
344.8706,-0.852299
344.8872,-0.85228
344.9035,-0.85227
344.9208,-0.852248
344.9367,-0.852202
344.9539,-0.852162
344.9701,-0.852122
344.987,-0.852055
345.0039,-0.852011
345.0205,-0.851971
345.0376,-0.851946
345.0547,-0.85191
345.0699,-0.851838
345.0878,-0.851811
345.1039,-0.851732
345.1216,-0.851657
345.1377,-0.851605
345.1536,-0.851536
345.1713,-0.851438
345.187,-0.851334
345.2053,-0.8512
345.2215,-0.85112
345.2372,-0.851061
345.255,-0.850997
345.2711,-0.850951
345.2881,-0.850885
345.3045,-0.850819
345.3214,-0.850674
345.3383,-0.850492
345.355,-0.850132
345.3713,-0.849905
345.388,-0.849743
345.4041,-0.849594
345.4216,-0.849311
345.4377,-0.849162
345.4552,-0.849043
345.4722,-0.848978
345.4882,-0.848904
345.5054,-0.848806
345.5222,-0.848719
345.5388,-0.848588
345.5555,-0.848405
345.5718,-0.848254
345.5888,-0.848121
345.6055,-0.847908
345.622,-0.84768
345.638,-0.847378
345.6553,-0.847072
345.6717,-0.846729
345.6883,-0.846348
345.7057,-0.845734
345.7224,-0.84495
345.7386,-0.844129
345.7557,-0.843327
345.7722,-0.842702
345.7886,-0.84211
345.8053,-0.841701
345.8219,-0.841477
345.8387,-0.841194
345.8552,-0.84099
345.8721,-0.840886
345.8892,-0.840657
345.9055,-0.840342
345.9225,-0.839921
345.9387,-0.839333
345.9563,-0.83865
345.9726,-0.83793
345.9888,-0.837252
346.0058,-0.836632
346.0227,-0.836188
346.0395,-0.835702
346.0569,-0.835284
346.0726,-0.834892
346.0895,-0.83436
346.1058,-0.833694
346.1227,-0.833032
346.1391,-0.832301
346.156,-0.831755
346.173,-0.83114
346.1902,-0.830505
346.2064,-0.829818
346.2233,-0.828926
346.2404,-0.828115
346.2566,-0.82733
346.2723,-0.826444
346.2895,-0.825689
346.3063,-0.824829
346.323,-0.824262
346.3394,-0.823864
346.3571,-0.823424
346.3735,-0.822948
346.3905,-0.822219
346.4073,-0.820929
346.424,-0.819609
346.4407,-0.818297
346.4568,-0.817042
346.4738,-0.81599
346.4902,-0.814885
346.5073,-0.813964
346.523,-0.813173
346.5414,-0.812484
346.5578,-0.811863
346.574,-0.811301
346.5907,-0.810581
346.6075,-0.809751
346.6247,-0.808318
346.6408,-0.807385
346.6581,-0.806417
346.6745,-0.805416
346.6906,-0.804252
346.7081,-0.803261
346.7252,-0.802499
346.7415,-0.801764
346.7582,-0.800994
346.7751,-0.800123
346.7923,-0.799195
346.8085,-0.798019
346.8246,-0.796856
346.8424,-0.795339
346.8585,-0.793819
346.8761,-0.792234
346.8918,-0.79105
346.9087,-0.790117
346.9254,-0.789348
346.9422,-0.788492
346.9585,-0.787723
346.9756,-0.787195
346.9922,-0.786546
347.0096,-0.785859
347.0261,-0.785098
347.0423,-0.783994
347.0594,-0.782863
347.0761,-0.781806
347.0932,-0.780918
347.1094,-0.780107
347.1258,-0.779454
347.1431,-0.778428
347.1597,-0.777288
347.177,-0.776011
347.1934,-0.774767
347.2098,-0.773873
347.2263,-0.772449
347.2436,-0.771402
347.2604,-0.770045
347.2776,-0.768589
347.293,-0.767008
347.3097,-0.765784
347.3276,-0.764803
347.3438,-0.76343
347.3606,-0.762113
347.3778,-0.760963
347.3945,-0.759667
347.4115,-0.758621
347.4279,-0.757362
347.4444,-0.75624
347.4614,-0.7552
347.4777,-0.75424
347.4948,-0.752994
347.5109,-0.75229
347.5286,-0.751784
347.5447,-0.750969
347.562,-0.74989
347.578,-0.748405
347.5949,-0.746972
347.6119,-0.74537
347.6286,-0.744002
347.6455,-0.742196
347.6621,-0.740738
347.6789,-0.739458
347.696,-0.738139
347.7128,-0.737359
347.7296,-0.736267
347.7462,-0.735082
347.7629,-0.733623
347.7801,-0.732035
347.7972,-0.730849
347.8119,-0.729845
347.8294,-0.728877
347.8466,-0.727429
347.8631,-0.726232
347.8801,-0.725057
347.8968,-0.724146
347.9128,-0.722999
347.9305,-0.721954
347.9472,-0.720796
347.9644,-0.719636
347.9801,-0.718487
347.9973,-0.717253
348.0151,-0.715531
348.0309,-0.714056
348.0482,-0.712518
348.0649,-0.710981
348.081,-0.708814
348.0977,-0.707051
348.1146,-0.706226
348.1315,-0.705723
348.1476,-0.70524
348.1647,-0.704416
348.1822,-0.703475
348.199,-0.702278
348.2157,-0.700552
348.232,-0.699021
348.2484,-0.697617
348.2651,-0.695612
348.2824,-0.69369
348.2989,-0.692407
348.3156,-0.691728
348.3329,-0.690786
348.3491,-0.689467
348.3664,-0.688161
348.3835,-0.687407
348.4,-0.686385
348.4163,-0.685447
348.4327,-0.684327
348.4504,-0.683046
348.4673,-0.681192
348.4839,-0.679948
348.5006,-0.678996
348.517,-0.677602
348.5338,-0.676034
348.5511,-0.674849
348.5684,-0.673996
348.5849,-0.672603
348.6011,-0.670732
348.6178,-0.669196
348.6349,-0.66759
348.6518,-0.665595
348.6682,-0.663918
348.6841,-0.662311
348.7018,-0.661191
348.7184,-0.660455
348.7356,-0.659805
348.752,-0.659315
348.7688,-0.658627
348.7858,-0.657463
348.803,-0.656713
348.8195,-0.655718
348.8361,-0.654165
348.8536,-0.65248
348.8697,-0.651194
348.8872,-0.649767
348.9034,-0.648512
348.9198,-0.647663
348.9366,-0.646032
348.9545,-0.644736
348.9702,-0.643542
348.987,-0.642324
349.0037,-0.641388
349.0201,-0.639598
349.0374,-0.638009
349.0536,-0.636844
349.0711,-0.635545
349.0877,-0.634202
349.1039,-0.633204
349.1213,-0.632327
349.1377,-0.631886
349.1541,-0.631205
349.171,-0.630547
349.1874,-0.629782
349.2051,-0.628691
349.222,-0.627739
349.2384,-0.626864
349.2554,-0.625541
349.2725,-0.623988
349.2881,-0.622518
349.3061,-0.621085
349.3225,-0.620243
349.3387,-0.619304
349.3553,-0.618261
349.3725,-0.61703
349.3898,-0.616144
349.4061,-0.615215
349.4223,-0.614264
349.4388,-0.613272
349.4558,-0.611895
349.4731,-0.610689
349.4892,-0.609856
349.5064,-0.60919
349.5237,-0.608044
349.5397,-0.606556
349.5565,-0.605319
349.5733,-0.604113
349.59,-0.602895
349.6068,-0.601242
349.6233,-0.600054
349.6407,-0.59953
349.657,-0.598919
349.6735,-0.598407
349.6898,-0.598072
349.7079,-0.597203
349.7254,-0.59636
349.7414,-0.595473
349.7569,-0.594466
349.7748,-0.593369
349.791,-0.592001
349.808,-0.590502
349.8246,-0.589481
349.8414,-0.588839
349.8576,-0.587981
349.8747,-0.586901
349.891,-0.586082
349.908,-0.584638
349.9242,-0.583498
349.9416,-0.58241
349.9579,-0.581579
349.9751,-0.580869
349.9911,-0.580481
350.0081,-0.580157
350.0252,-0.579746
350.0419,-0.579264
350.059,-0.57868
350.0756,-0.577975
350.0916,-0.577188
350.1093,-0.576148
350.1253,-0.574992
350.143,-0.574005
350.1589,-0.573071
350.176,-0.572447
350.1921,-0.571509
350.2091,-0.570656
350.2262,-0.56989
350.2427,-0.568997
350.2595,-0.567966
350.2755,-0.567126
350.293,-0.566194
350.3095,-0.565109
350.3261,-0.563832
350.3423,-0.562649
350.3596,-0.561668
350.3767,-0.560954
350.3934,-0.560279
350.4096,-0.559561
350.4259,-0.559036
350.4428,-0.558387
350.4592,-0.557937
350.4769,-0.55746
350.4935,-0.556978
350.511,-0.55637
350.5264,-0.555782
350.5441,-0.555359
350.5608,-0.55496
350.5774,-0.554502
350.5942,-0.553892
350.6111,-0.55334
350.6281,-0.552763
350.6446,-0.552055
350.6603,-0.551089
350.6775,-0.550198
350.6943,-0.549109
350.7114,-0.548286
350.7279,-0.54771
350.7443,-0.54719
350.7609,-0.546678
350.778,-0.546291
350.7949,-0.54583
350.8116,-0.545476
350.8276,-0.54515
350.8449,-0.544882
350.8616,-0.544543
350.8781,-0.544324
350.8948,-0.544085
350.9114,-0.543825
350.9283,-0.543569
350.9453,-0.543395
350.9625,-0.543119
350.9784,-0.542748
350.9963,-0.542106
351.0127,-0.541156
351.029,-0.540244
351.0457,-0.53949
351.0618,-0.53866
351.0784,-0.537912
351.0955,-0.537316
351.1126,-0.536865
351.1292,-0.536592
351.1454,-0.536322
351.1624,-0.535978
351.1794,-0.535682
351.1953,-0.535252
351.2134,-0.534922
351.2294,-0.534679
351.2459,-0.534445
351.2629,-0.534132
351.2797,-0.533633
351.2957,-0.533046
351.3127,-0.532603
351.3297,-0.53202
351.3463,-0.531512
351.363,-0.531105
351.3797,-0.530765
351.3965,-0.530526
351.4135,-0.53031
351.4298,-0.530098
351.4465,-0.529876
351.4634,-0.529644
351.4799,-0.529395
351.4973,-0.529092
351.5138,-0.528733
351.5306,-0.528368
351.5468,-0.528049
351.5643,-0.527603
351.5803,-0.527124
351.5971,-0.52654
351.6138,-0.526071
351.6305,-0.525685
351.6474,-0.525421
351.6646,-0.525239
351.6811,-0.525
351.6985,-0.524756
351.7146,-0.524521
351.7312,-0.524229
351.7484,-0.523892
351.7641,-0.523574
351.7814,-0.52328
351.7979,-0.523019
351.8148,-0.522831
351.8317,-0.522517
351.848,-0.52222
351.8651,-0.521889
351.8818,-0.521509
351.8985,-0.521199
351.915,-0.52069
351.9315,-0.520153
351.948,-0.519798
351.9649,-0.519533
351.9814,-0.519324
351.9982,-0.51916
352.0152,-0.519012
352.0318,-0.51888
352.0484,-0.518713
352.0653,-0.518497
352.0822,-0.518324
352.0983,-0.518203
352.1159,-0.518022
352.1319,-0.517902
352.1494,-0.517767
352.1662,-0.517627
352.1822,-0.517562
352.1997,-0.517473
352.216,-0.517301
352.2328,-0.51713
352.2499,-0.516973
352.2671,-0.516773
352.283,-0.516657
352.3002,-0.516544
352.3166,-0.516372
352.3329,-0.51622
352.3496,-0.516045
352.3665,-0.515891
352.3839,-0.515731
352.3997,-0.515558
352.4167,-0.515347
352.4336,-0.515176
352.4501,-0.514934
352.467,-0.514723
352.484,-0.514474
352.5002,-0.51426
352.5172,-0.51411
352.5334,-0.513944
352.5497,-0.513783
352.5667,-0.513634
352.5833,-0.513513
352.6007,-0.513402
352.6165,-0.513338
352.6337,-0.513276
352.6506,-0.513207
352.6664,-0.513139
352.6833,-0.51307
352.7002,-0.512999
352.7173,-0.512819
352.7331,-0.512659
352.7501,-0.512545
352.767,-0.512467
352.7827,-0.512374
352.8,-0.512301
352.8166,-0.512232
352.8336,-0.512162
352.8505,-0.512086
352.8671,-0.512011
352.8839,-0.511936
352.8999,-0.511833
352.9171,-0.511675
352.9342,-0.511495
352.9493,-0.511325
352.967,-0.511243
352.9834,-0.511154
352.9997,-0.511
353.0172,-0.510801
353.0342,-0.510616
353.0503,-0.510341
353.0672,-0.510103
353.0839,-0.509886
353.1007,-0.509646
353.1165,-0.509493
353.1337,-0.509357
353.1498,-0.509255
353.1667,-0.509165
353.1836,-0.509076
353.2,-0.508987
353.2167,-0.508847
353.2332,-0.508716
353.2505,-0.50856
353.2671,-0.508343
353.2835,-0.508092
353.2993,-0.507883
353.3166,-0.507771
353.3331,-0.507649
353.3499,-0.507528
353.3666,-0.507437
353.3833,-0.507245
353.4004,-0.507156
353.4172,-0.507053
353.4334,-0.506959
353.4501,-0.50687
353.4667,-0.506775
353.4834,-0.506668
353.5003,-0.506571
353.5171,-0.506473
353.5332,-0.506298
353.5502,-0.506148
353.5677,-0.506047
353.584,-0.505936
353.6008,-0.505792
353.6169,-0.505613
353.6337,-0.505481
353.6503,-0.505349
353.6669,-0.505188
353.684,-0.505084
353.7003,-0.504979
353.7167,-0.504869
353.7343,-0.504765
353.7504,-0.504631
353.7681,-0.504492
353.7841,-0.504279
353.7998,-0.504122
353.817,-0.503959
353.8335,-0.503818
353.8506,-0.503655
353.8666,-0.503544
353.8834,-0.503442
353.9007,-0.503334
353.9175,-0.503227
353.9345,-0.503057
353.9509,-0.502947
353.967,-0.502834
353.9842,-0.502721
354.0005,-0.502608
354.0171,-0.502505
354.0345,-0.502373
354.0509,-0.50227
354.0679,-0.50217
354.0844,-0.502067
354.1011,-0.50196
354.1177,-0.501851
354.1346,-0.501738
354.1508,-0.501631
354.1682,-0.501521
354.1844,-0.501413
354.2003,-0.501308
354.2171,-0.501213
354.2343,-0.501113
354.2514,-0.501012
354.2677,-0.500909
354.2841,-0.500806
354.3008,-0.50071
354.3179,-0.500603
354.3341,-0.500495
354.3512,-0.500386
354.3672,-0.500274
354.3851,-0.500146
354.4006,-0.500044
354.418,-0.49994
354.4341,-0.499834
354.4513,-0.499728
354.4676,-0.499629
354.4846,-0.499542
354.5012,-0.49945
354.5177,-0.499348
354.5341,-0.499244
354.5508,-0.499136
354.5679,-0.499026
354.5841,-0.498918
354.6005,-0.49881
354.6174,-0.498699
354.6342,-0.498597
354.6499,-0.498492
354.6678,-0.498388
354.6841,-0.498285
354.7009,-0.498186
354.7169,-0.498094
354.7335,-0.498004
354.7503,-0.497913
354.7673,-0.497825
354.7846,-0.497727
354.801,-0.497631
354.8172,-0.497536
354.8333,-0.497428
354.8504,-0.497318
354.8672,-0.497212
354.8835,-0.497114
354.9009,-0.497015
354.9174,-0.496915
354.9337,-0.496813
354.9502,-0.496705
354.9674,-0.4966
354.9837,-0.496492
355.0007,-0.496397
355.017,-0.496298
355.0333,-0.496199
355.0505,-0.4961
355.0669,-0.496
355.0843,-0.495893
355.1001,-0.495789
355.1165,-0.49569
355.134,-0.495588
355.1511,-0.495492
355.167,-0.495394
355.1841,-0.495297
355.2016,-0.495196
355.2173,-0.49509
355.2337,-0.49498
355.2509,-0.494874
355.2678,-0.494763
355.2837,-0.494652
355.3006,-0.494538
355.3169,-0.494426
355.3341,-0.494323
355.3513,-0.494227
355.3677,-0.49413
355.3837,-0.494033
355.401,-0.493939
355.4178,-0.493842
355.4342,-0.493738
355.451,-0.493638
355.4678,-0.493536
355.4846,-0.493426
355.5009,-0.493316
355.5175,-0.493203
355.5341,-0.49309
355.5512,-0.492973
355.5676,-0.492862
355.5843,-0.492759
355.6006,-0.492652
355.6179,-0.492549
355.6343,-0.492456
355.651,-0.492354
355.6679,-0.492254
355.6847,-0.492155
355.7015,-0.492056
355.7183,-0.491963
355.7341,-0.49187
355.7511,-0.491774
355.7677,-0.491674
355.7843,-0.491573
355.8011,-0.491469
355.8174,-0.491362
355.8342,-0.491256
355.8505,-0.491161
355.8668,-0.491073
355.8848,-0.49099
355.9008,-0.490911
355.9184,-0.49083
355.9352,-0.490746
355.9518,-0.49066
355.9693,-0.490573
355.9855,-0.490492
356.0016,-0.490401
356.0183,-0.490309
356.0353,-0.490213
356.0523,-0.490124
356.0687,-0.490032
356.0854,-0.489938
356.1022,-0.489841
356.1181,-0.48974
356.1351,-0.489643
356.1516,-0.489545
356.1676,-0.489451
356.1853,-0.489362
356.2015,-0.48928
356.219,-0.489197
356.2358,-0.489116
356.2515,-0.489039
356.2695,-0.488966
356.2853,-0.488898
356.302,-0.488825
356.3189,-0.488745
356.3351,-0.48866
356.3518,-0.488577
356.3692,-0.488496
356.3849,-0.488415
356.4012,-0.488329
356.4189,-0.488248
356.4356,-0.488165
356.4516,-0.488091
356.4687,-0.488018
356.4845,-0.487943
356.5015,-0.487863
356.5186,-0.487784
356.5355,-0.487714
356.5511,-0.487638
356.5684,-0.487566
356.5855,-0.487485
356.6019,-0.487402
356.6184,-0.487321
356.6357,-0.487249
356.6518,-0.487178
356.6679,-0.487103
356.6843,-0.487028
356.7019,-0.486946
356.7184,-0.486867
356.7348,-0.486798
356.7517,-0.486732
356.7689,-0.48666
356.7852,-0.486591
356.8013,-0.486512
356.8185,-0.486429
356.8352,-0.486343
356.8517,-0.486253
356.8686,-0.48617
356.8848,-0.486079
356.9015,-0.485985
356.9188,-0.485901
356.9356,-0.48582
356.9518,-0.48574
356.9684,-0.485658
356.9854,-0.485579
357.0012,-0.485507
357.0186,-0.485436
357.0349,-0.485358
357.0519,-0.485289
357.0683,-0.48521
357.0862,-0.485136
357.1023,-0.485052
357.1178,-0.484965
357.1349,-0.484873
357.151,-0.484786
357.1686,-0.484704
357.185,-0.484631
357.202,-0.484565
357.218,-0.484498
357.2356,-0.484437
357.2525,-0.484376
357.2689,-0.484315
357.2849,-0.484243
357.3026,-0.484159
357.3185,-0.484075
357.3358,-0.483992
357.3519,-0.483911
357.3676,-0.483831
357.3849,-0.483751
357.4026,-0.483676
357.4185,-0.483593
357.4354,-0.483522
357.452,-0.483448
357.4691,-0.483379
357.4849,-0.483313
357.502,-0.48325
357.5187,-0.483181
357.5346,-0.483111
357.5523,-0.483037
357.5683,-0.482964
357.5853,-0.482892
357.602,-0.482813
357.6182,-0.482744
357.6349,-0.482673
357.6525,-0.482604
357.669,-0.482533
357.6854,-0.482472
357.7024,-0.482407
357.7186,-0.482346
357.7352,-0.48228
357.7524,-0.482209
357.7695,-0.482137
357.7856,-0.482062
357.8024,-0.481986
357.8191,-0.481902
357.8354,-0.481818
357.8524,-0.481734
357.8699,-0.481663
357.8855,-0.481598
357.9026,-0.481528
357.9194,-0.481461
357.9354,-0.481401
357.9531,-0.48134
357.969,-0.48128
357.9856,-0.481214
358.0022,-0.48115
358.019,-0.481086
358.0357,-0.481021
358.0528,-0.480955
358.0695,-0.480894
358.086,-0.48084
358.1023,-0.480783
358.119,-0.480724
358.1358,-0.480656
358.1533,-0.480591
358.1696,-0.480527
358.186,-0.480462
358.2033,-0.480394
358.2197,-0.480328
358.2361,-0.480259
358.2526,-0.480193
358.2697,-0.480134
358.2863,-0.480077
358.3031,-0.480024
358.3199,-0.479972
358.3363,-0.479927
358.3527,-0.479878
358.3696,-0.479831
358.3863,-0.479779
358.403,-0.479727
358.4208,-0.479673
358.4369,-0.479612
358.4531,-0.479545
358.4699,-0.47948
358.4865,-0.479413
358.5031,-0.479347
358.5195,-0.479284
358.5364,-0.479223
358.5537,-0.47917
358.5699,-0.479129
358.5867,-0.479087
358.6031,-0.479047
358.6202,-0.479005
358.6364,-0.478964
358.6535,-0.478923
358.6702,-0.478885
358.6867,-0.478851
358.7036,-0.478808
358.7196,-0.478755
358.737,-0.478697
358.754,-0.478644
358.7697,-0.478593
358.7866,-0.478554
358.8031,-0.478515
358.8199,-0.478469
358.8367,-0.478425
358.8536,-0.478386
358.8698,-0.478349
358.8865,-0.478319
358.9033,-0.478283
358.92,-0.478241
358.9369,-0.478191
358.9532,-0.478139
358.97,-0.47809
358.9861,-0.478041
359.0036,-0.477986
359.0201,-0.477929
359.0371,-0.477878
359.0532,-0.477831
359.0695,-0.477793
359.0859,-0.477765
359.1024,-0.477733
359.1196,-0.477696
359.1365,-0.477655
359.1533,-0.477613
359.1702,-0.477578
359.186,-0.477539
359.2028,-0.477491
359.2191,-0.477439
359.2361,-0.477389
359.2532,-0.477334
359.2699,-0.477289
359.2858,-0.477234
359.3033,-0.47718
359.3195,-0.477119
359.336,-0.477065
359.3536,-0.477023
359.369,-0.476979
359.3862,-0.47694
359.4028,-0.476902
359.4199,-0.476864
359.4367,-0.476826
359.4523,-0.476797
359.4697,-0.476755
359.4861,-0.476715
359.5031,-0.476673
359.52,-0.476631
359.5366,-0.476599
359.5535,-0.476567
359.5703,-0.476523
359.5872,-0.476476
359.6038,-0.476423
359.6196,-0.476372
359.6371,-0.476326
359.6524,-0.476281
359.6696,-0.476241
359.6873,-0.476199
359.7032,-0.476157
359.7205,-0.476116
359.7372,-0.476082
359.7537,-0.476038
359.7706,-0.475989
359.7863,-0.475939
359.8038,-0.475888
359.8204,-0.475846
359.8363,-0.475804
359.8536,-0.475777
359.8697,-0.475754
359.8871,-0.475727
359.9038,-0.4757
359.9208,-0.475678
359.9384,-0.47564
359.9538,-0.475596
359.9707,-0.47555
359.9873,-0.475504
360.0042,-0.47546
360.0205,-0.475429
360.0363,-0.475407
360.054,-0.475387
360.0709,-0.47536
360.0879,-0.475335
360.1045,-0.475305
360.1216,-0.475278
360.1373,-0.475252
360.1541,-0.475227
360.171,-0.4752
360.188,-0.475172
360.2035,-0.475149
360.2209,-0.47513
360.2382,-0.47511
360.2543,-0.475082
360.2708,-0.47505
360.2875,-0.475012
360.3036,-0.474973
360.3213,-0.474931
360.3377,-0.474899
360.3539,-0.474872
360.3702,-0.474843
360.3871,-0.474819
360.4046,-0.474795
360.4203,-0.474771
360.4371,-0.474749
360.4541,-0.47472
360.4712,-0.474693
360.4871,-0.474663
360.5041,-0.474632
360.5211,-0.474598
360.5374,-0.47457
360.5541,-0.474551
360.5713,-0.474532
360.5878,-0.474519
360.6038,-0.474497
360.6209,-0.474475
360.6376,-0.474446
360.6544,-0.474416
360.6712,-0.47438
360.6873,-0.474349
360.7046,-0.474313
360.7213,-0.474282
360.7373,-0.474253
360.7542,-0.474233
360.7708,-0.474212
360.788,-0.474192
360.8051,-0.474174
360.821,-0.474155
360.838,-0.474138
360.8541,-0.474123
360.8704,-0.474109
360.8879,-0.474099
360.9041,-0.474095
360.9211,-0.474091
360.9374,-0.474086
360.9539,-0.474073
360.9709,-0.474053
360.988,-0.47403
361.0044,-0.474002
361.021,-0.473971
361.0377,-0.473934
361.0546,-0.473908
361.0707,-0.473878
361.0875,-0.473852
361.1045,-0.473831
361.1208,-0.473807
361.1372,-0.473779
361.1539,-0.473752
361.1704,-0.47373
361.187,-0.47371
361.2041,-0.473699
361.2198,-0.473685
361.2371,-0.473666
361.2541,-0.473652
361.2707,-0.473634
361.2876,-0.473614
361.304,-0.473591
361.3205,-0.473566
361.3371,-0.473544
361.3535,-0.473526
361.3706,-0.473499
361.3878,-0.473476
361.4039,-0.473449
361.4204,-0.473419
361.437,-0.473384
361.4535,-0.473351
361.4703,-0.473317
361.4873,-0.473289
361.5039,-0.473268
361.5208,-0.473252
361.5369,-0.473242
361.5537,-0.473234
361.5709,-0.47323
361.5875,-0.47322
361.604,-0.473207
361.6208,-0.473184
361.6377,-0.473161
361.6541,-0.473142
361.6711,-0.473114
361.6877,-0.473085
361.7044,-0.473051
361.7215,-0.47302
361.7377,-0.472994
361.7542,-0.472968
361.7707,-0.472945
361.7877,-0.472915
361.8046,-0.472893
361.821,-0.472874
361.8379,-0.472862
361.8544,-0.472848
361.8709,-0.472825
361.8877,-0.472796
361.9047,-0.472768
361.9216,-0.472744
361.938,-0.472721
361.954,-0.472697
361.9713,-0.472672
361.9883,-0.472649
362.0046,-0.47263
362.0213,-0.472621
362.0378,-0.472617
362.055,-0.472612
362.0716,-0.472602
362.0891,-0.472582
362.1049,-0.472565
362.1223,-0.472542
362.1378,-0.472521
362.1549,-0.472506
362.1714,-0.472487
362.1884,-0.47247
362.2051,-0.472455
362.2216,-0.472445
362.2381,-0.472435
362.2549,-0.472426
362.2715,-0.472415
362.2883,-0.472396
362.3055,-0.472376
362.3222,-0.472358
362.3388,-0.472345
362.3549,-0.472328
362.3716,-0.472315
362.3888,-0.472303
362.4055,-0.472292
362.4215,-0.472287
362.4384,-0.472286
362.4553,-0.472273
362.472,-0.472259
362.4896,-0.47225
362.5055,-0.472243
362.5215,-0.472229
362.5385,-0.472215
362.555,-0.472198
362.5724,-0.472179
362.5886,-0.472162
362.6051,-0.472145
362.6217,-0.472139
362.6386,-0.47213
362.655,-0.472123
362.6714,-0.472118
362.6884,-0.472113
362.7054,-0.472106
362.722,-0.472101
362.7391,-0.472092
362.7558,-0.472077
362.7723,-0.472065
362.7889,-0.472044
362.8055,-0.472032
362.8217,-0.472017
362.8387,-0.472016
362.8551,-0.472014
362.8717,-0.472017
362.8886,-0.472023
362.9048,-0.47204
362.9226,-0.472049
362.9388,-0.472053
362.9554,-0.472051
362.9724,-0.472039
362.9893,-0.472026
363.006,-0.472011
363.0222,-0.471999
363.0385,-0.471983
363.0555,-0.471967
363.0724,-0.471953
363.0888,-0.471947
363.1053,-0.471947
363.1224,-0.471947
363.1385,-0.471939
363.1553,-0.471927
363.1717,-0.471918
363.1888,-0.47191
363.2057,-0.471896
363.2221,-0.47188
363.2388,-0.471861
363.2553,-0.471844
363.2713,-0.471837
363.2883,-0.471828
363.3046,-0.471826
363.3214,-0.471819
363.3392,-0.471817
363.3557,-0.471814
363.3719,-0.471808
363.3884,-0.4718
363.4049,-0.47179
363.4223,-0.471766
363.4384,-0.471746
363.4554,-0.471735
363.4709,-0.471725
363.4884,-0.471716
363.5044,-0.471718
363.5223,-0.471724
363.5379,-0.471726
363.5548,-0.471733
363.5711,-0.471741
363.589,-0.47175
363.6059,-0.471752
363.6217,-0.471749
363.6385,-0.471753
363.6549,-0.471751
363.6723,-0.471753
363.6885,-0.471745
363.7053,-0.471737
363.7223,-0.47173
363.7384,-0.471717
363.7556,-0.471701
363.7725,-0.471691
363.7887,-0.471675
363.8052,-0.471661
363.8217,-0.471649
363.8393,-0.471642
363.8557,-0.471642
363.8719,-0.471639
363.8883,-0.471636
363.906,-0.47163
363.9227,-0.471621
363.9396,-0.471621
363.9559,-0.471623
363.9726,-0.471622
363.9889,-0.471618
364.0055,-0.471608
364.022,-0.471601
364.0395,-0.471591
364.0556,-0.47159
364.072,-0.471585
364.0892,-0.471572
364.1052,-0.471552
364.1218,-0.471529
364.1387,-0.471516
364.1555,-0.471507
364.1721,-0.471501
364.1879,-0.471501
364.2053,-0.471496
364.222,-0.471486
364.2383,-0.471487
364.2554,-0.471487
364.2723,-0.471487
364.2889,-0.471488
364.3056,-0.471483
364.3221,-0.471476
364.3386,-0.47147
364.3556,-0.471471
364.3718,-0.471474
364.3891,-0.471476
364.4055,-0.471477
364.4228,-0.471478
364.4387,-0.471486
364.4555,-0.471491
364.4725,-0.471484
364.4891,-0.471476
364.5055,-0.471476
364.5227,-0.47147
364.539,-0.471457
364.5555,-0.471447
364.5723,-0.471439
364.589,-0.471423
364.6059,-0.471415
364.6218,-0.47141
364.6393,-0.471413
364.6557,-0.471413
364.672,-0.471403
364.6899,-0.471402
364.7054,-0.471392
364.7236,-0.471379
364.7391,-0.47137
364.7557,-0.471362
364.7726,-0.471354
364.7888,-0.471354
364.8058,-0.471355
364.8227,-0.471356
364.8394,-0.471351
364.8565,-0.471347
364.8735,-0.471337
364.8889,-0.471321
364.906,-0.471306
364.9231,-0.471289
364.9395,-0.471279
364.9563,-0.471263
364.9727,-0.471261
364.9894,-0.471258
365.0058,-0.471253
365.0226,-0.471253
365.0392,-0.471252
365.0565,-0.471254
365.0724,-0.471244
365.0898,-0.471247
365.106,-0.471243
365.1227,-0.471243
365.1395,-0.471245
365.1561,-0.471245
365.1728,-0.471238
365.1894,-0.471228
365.2071,-0.471207
365.2231,-0.471183
365.2396,-0.47116
365.2563,-0.471145
365.2723,-0.471136
365.2885,-0.471125
365.3059,-0.471117
365.3221,-0.471117
365.3393,-0.471122
365.3561,-0.471129
365.3725,-0.471133
365.389,-0.471131
365.4059,-0.471131
365.4224,-0.471125
365.4395,-0.471123
365.4561,-0.471127
365.4727,-0.471129
365.4886,-0.47113
365.5061,-0.471134
365.5219,-0.47114
365.5393,-0.471139
365.5561,-0.471137
365.5718,-0.471135
365.5901,-0.471135
365.6067,-0.471136
365.6225,-0.471129
365.6395,-0.471126
365.6562,-0.471115
365.6722,-0.471099
365.6892,-0.471096
365.7064,-0.471094
365.7225,-0.471091
365.7393,-0.471082
365.7567,-0.471074
365.7737,-0.47106
365.789,-0.471055
365.8065,-0.47105
365.8228,-0.471038
365.8391,-0.471022
365.8558,-0.471011
365.8728,-0.471
365.8898,-0.470993
365.9056,-0.470985
365.9224,-0.470976
365.9396,-0.470962
365.9557,-0.470951
365.9725,-0.470948
365.9884,-0.470948
366.0053,-0.470944
366.0221,-0.470929
366.0385,-0.470908
366.055,-0.47089
366.0718,-0.470877
366.0886,-0.470869
366.1048,-0.470865
366.1214,-0.470863
366.1382,-0.470864
366.1551,-0.470865
366.1713,-0.470864
366.1887,-0.470863
366.2051,-0.470857
366.2221,-0.470849
366.239,-0.47084
366.2558,-0.470831
366.2723,-0.470812
366.2886,-0.470798
366.3056,-0.470784
366.3221,-0.470777
366.3388,-0.47077
366.3549,-0.470756
366.3718,-0.470746
366.3889,-0.470734
366.4049,-0.470727
366.4226,-0.47072
366.4389,-0.470709
366.4559,-0.470698
366.4719,-0.470693
366.4889,-0.470686
366.5058,-0.470684
366.5221,-0.47068
366.5392,-0.470678
366.5552,-0.470682
366.5723,-0.470685
366.5894,-0.470682
366.6059,-0.470678
366.6226,-0.470669
366.6391,-0.47066
366.6559,-0.47065
366.6723,-0.470637
366.6895,-0.470628
366.7054,-0.47062
366.7226,-0.470615
366.739,-0.470618
366.7561,-0.470618
366.7728,-0.470613
366.7891,-0.470605
366.8062,-0.470596
366.8228,-0.470589
366.8389,-0.47058
366.8563,-0.470567
366.8724,-0.470552
366.8895,-0.470544
366.906,-0.470542
366.9225,-0.470544
366.9393,-0.470546
366.9555,-0.470548
366.973,-0.470547
366.9897,-0.470549
367.0061,-0.470553
367.0231,-0.470556
367.04,-0.470554
367.0559,-0.470557
367.0726,-0.470562
367.0898,-0.470573
367.1066,-0.470581
367.123,-0.470582
367.1396,-0.470585
367.1558,-0.470586
367.1725,-0.470587
367.1902,-0.470585
367.2063,-0.470582
367.2232,-0.470577
367.2401,-0.470575
367.2569,-0.47057
367.2731,-0.470564
367.2897,-0.470562
367.3066,-0.47056
367.3232,-0.470561
367.3394,-0.470561
367.357,-0.470565
367.3732,-0.470569
367.3898,-0.470571
367.4064,-0.470574
367.4229,-0.470578
367.4398,-0.470576
367.4565,-0.470569
367.4731,-0.470564
367.4899,-0.470561
367.5068,-0.470558
367.5228,-0.470556
367.54,-0.470554
367.5567,-0.470548
367.5731,-0.470551
367.5895,-0.470557
367.6062,-0.470563
367.623,-0.470565
367.6399,-0.470562
367.6562,-0.470561
367.6733,-0.470561
367.6898,-0.470559
367.7063,-0.470554
367.7226,-0.470551
367.7392,-0.470543
367.756,-0.470535
367.7728,-0.470531
367.7894,-0.470529
367.8063,-0.470535
367.8238,-0.470538
367.8397,-0.470543
367.8559,-0.470552
367.8732,-0.470562
367.8898,-0.470573
367.9063,-0.470586
367.9227,-0.470598
367.9401,-0.470612
367.9567,-0.470618
367.9732,-0.470621
367.9901,-0.470612
368.0066,-0.470604
368.0234,-0.470595
368.0396,-0.470594
368.0561,-0.470599
368.0731,-0.470594
368.0902,-0.47059
368.1066,-0.470591
368.123,-0.470598
368.1398,-0.470604
368.1567,-0.470611
368.1736,-0.470612
368.1898,-0.470614
368.2067,-0.470611
368.2224,-0.470609
368.2401,-0.470608
368.2566,-0.47061
368.2733,-0.470611
368.2902,-0.470608
368.3068,-0.470604
368.3234,-0.470596
368.3398,-0.470595
368.3567,-0.470588
368.373,-0.470585
368.3898,-0.470584
368.4062,-0.470585
368.4234,-0.470591
368.4395,-0.470598
368.4564,-0.470608
368.4731,-0.470617
368.4899,-0.47062
368.506,-0.470624
368.523,-0.470626
368.5397,-0.470617
368.5566,-0.470612
368.5732,-0.470612
368.5906,-0.470605
368.6069,-0.470601
368.6229,-0.470602
368.6398,-0.470606
368.6565,-0.470616
368.6735,-0.470623
368.6903,-0.470632
368.7065,-0.470642
368.7232,-0.470649
368.7401,-0.470649
368.7571,-0.470647
368.7734,-0.470644
368.7903,-0.470641
368.8067,-0.47064
