Temperaturee (°C),Heat flow (W/g)
70.0113,0.0159951
70.0116,0.015996
70.0118,0.015996
70.0125,0.015997
70.0118,0.015999
70.0118,0.0160032
70.0116,0.0160096
70.0115,0.0160161
70.0115,0.0160214
70.011,0.0160266
70.011,0.0160294
70.0108,0.0160295
70.0122,0.0160261
70.012,0.0160232
70.0126,0.0160195
70.0125,0.0160156
70.0137,0.0160131
70.014,0.0160115
70.0143,0.01601
70.0143,0.0160111
70.0156,0.0160146
70.0157,0.0160203
70.0175,0.0160287
70.0184,0.0160479
70.0193,0.0160822
70.0218,0.016155
70.0224,0.0162701
70.0241,0.0164908
70.025,0.0168476
70.0276,0.0174134
70.0288,0.0183463
70.032,0.0194164
70.035,0.0208092
70.0379,0.0226533
70.0407,0.0246298
70.0428,0.0268184
70.0469,0.0290247
70.05,0.0312268
70.0537,0.0326468
70.0578,0.0344991
70.0628,0.036283
70.0666,0.0382033
70.0712,0.039847
70.0765,0.0420402
70.0812,0.0437548
70.0868,0.0455146
70.0927,0.0467952
70.0979,0.0483362
70.1034,0.0499843
70.1098,0.0510016
70.1166,0.0527981
70.1234,0.0542873
70.1299,0.0556738
70.1374,0.0571724
70.145,0.0587566
70.1525,0.0601856
70.1599,0.0615599
70.1677,0.0627535
70.1765,0.0641825
70.1848,0.0652135
70.1927,0.0661438
70.2016,0.0673663
70.211,0.0680442
70.2192,0.0691416
70.2298,0.069616
70.2383,0.0698548
70.2474,0.0702962
70.2574,0.0707463
70.2678,0.0709656
70.2774,0.0716408
70.2876,0.0720768
70.2984,0.0723227
70.309,0.0725129
70.3191,0.0726584
70.3297,0.0726244
70.3408,0.0725336
70.3522,0.071999
70.3627,0.071735
70.3756,0.0714411
70.3855,0.0710038
70.3968,0.0706662
70.4082,0.0705661
70.4191,0.0703985
70.4312,0.0702167
70.4422,0.0689058
70.4551,0.0680394
70.4673,0.0675109
70.4786,0.0667971
70.491,0.0662164
70.503,0.0657466
70.5149,0.0653086
70.5276,0.0646644
70.5403,0.0638398
70.5527,0.0630218
70.5647,0.0621952
70.5782,0.0613614
70.59,0.060349
70.6028,0.0592273
70.6151,0.0579284
70.6286,0.0566183
70.6416,0.0551435
70.6538,0.0537403
70.6671,0.0520065
70.6805,0.0500599
70.6936,0.0484417
70.7067,0.0467074
70.7197,0.0453351
70.733,0.0444034
70.7458,0.0427999
70.7594,0.0412526
70.7738,0.0400934
70.7861,0.0391214
70.7998,0.0380092
70.8137,0.0368515
70.8267,0.0357935
70.8414,0.0344922
70.8548,0.0331918
70.8675,0.0318361
70.882,0.0306856
70.8947,0.0290018
70.9094,0.0279064
70.9239,0.0265406
70.9373,0.0257756
70.9508,0.0244887
70.9659,0.0230394
70.9791,0.0221124
70.9934,0.0209322
71.007,0.0196607
71.0221,0.0184449
71.0355,0.0175364
71.0504,0.0161693
71.0652,0.0152644
71.0796,0.0142808
71.0934,0.0132369
71.1079,0.0123025
71.1223,0.0112455
71.137,0.00991925
71.1519,0.00872388
71.1666,0.00749923
71.181,0.00637741
71.1957,0.00549867
71.2102,0.00445296
71.2246,0.0035826
71.24,0.00256421
71.2546,0.00169199
71.2692,0.000518473
71.2833,-0.000703789
71.2983,-0.00178283
71.3139,-0.00238002
71.328,-0.00340743
71.3433,-0.00432821
71.3587,-0.00507622
71.3739,-0.00600376
71.3886,-0.00663257
71.4038,-0.00793356
71.4196,-0.00894477
71.4337,-0.010167
71.4496,-0.0114612
71.4636,-0.0123587
71.4792,-0.013171
71.4947,-0.0139436
71.5099,-0.0146937
71.5255,-0.0153939
71.5408,-0.0164072
71.556,-0.0171535
71.5707,-0.017773
71.586,-0.0188782
71.6017,-0.0197072
71.6173,-0.0208318
71.6324,-0.0214511
71.648,-0.0222905
71.6637,-0.0228576
71.6783,-0.0236184
71.6947,-0.0242106
71.7103,-0.0252004
71.7259,-0.0260913
71.7408,-0.0271215
71.7563,-0.0280752
71.7719,-0.0289868
71.788,-0.0298288
71.8033,-0.0306532
71.8198,-0.0315091
71.8352,-0.0321776
71.8506,-0.0330434
71.8668,-0.0334881
71.8826,-0.0339738
71.8984,-0.0345993
71.9132,-0.0351964
71.93,-0.0359057
71.9449,-0.0365711
71.9607,-0.0372931
71.9769,-0.0380642
71.993,-0.0386558
72.0094,-0.039571
72.0247,-0.0401894
72.041,-0.0407174
72.0563,-0.0411242
72.0722,-0.041798
72.0884,-0.0423778
72.1037,-0.0431853
72.1197,-0.0439186
72.1359,-0.0445196
72.1527,-0.0452733
72.1681,-0.0458171
72.184,-0.0467187
72.2005,-0.0473429
72.2158,-0.0477503
72.232,-0.0484345
72.2481,-0.0490872
72.264,-0.0496062
72.28,-0.049711
72.296,-0.0504411
72.3117,-0.0509909
72.3283,-0.0513727
72.3444,-0.0517817
72.3602,-0.0524437
72.3762,-0.0528478
72.392,-0.0534548
72.4082,-0.0541018
72.4247,-0.054647
72.4404,-0.0551786
72.4573,-0.0554275
72.4726,-0.0555687
72.4895,-0.0558876
72.5048,-0.0565798
72.5215,-0.0571005
72.5375,-0.0575222
72.5531,-0.0582532
72.5698,-0.058918
72.5858,-0.0594504
72.602,-0.0599525
72.6181,-0.0605622
72.6345,-0.0607799
72.6509,-0.0607997
72.6674,-0.0612347
72.6832,-0.061353
72.6995,-0.0618043
72.7156,-0.0620756
72.7323,-0.0625081
72.7485,-0.0629788
72.7645,-0.0635375
72.7812,-0.0640125
72.7971,-0.0645474
72.813,-0.0649385
72.8291,-0.0652182
72.8468,-0.06554
72.8623,-0.0658022
72.879,-0.0660549
72.8949,-0.0661592
72.9111,-0.0664387
72.9278,-0.0667192
72.9448,-0.0671642
72.9608,-0.0673927
72.9762,-0.0675602
72.9932,-0.0678721
73.0099,-0.0681409
73.0263,-0.0684075
73.0422,-0.0685892
73.0588,-0.0689134
73.0754,-0.0691868
73.0914,-0.0695709
73.108,-0.0700049
73.1241,-0.0704132
73.1393,-0.0707562
73.157,-0.0709013
73.174,-0.0710629
73.1905,-0.0712474
73.2061,-0.0715256
73.223,-0.0716726
73.2391,-0.0718367
73.2546,-0.0721376
73.272,-0.0724162
73.2883,-0.0726913
73.3041,-0.073055
73.3212,-0.0733605
73.3381,-0.0736052
73.3543,-0.0738187
73.3703,-0.0740225
73.3867,-0.0742094
73.4031,-0.0744026
73.4201,-0.0746083
73.4362,-0.0749201
73.4526,-0.075109
73.4692,-0.0752588
73.4864,-0.0753627
73.5026,-0.0755542
73.5187,-0.0757895
73.5356,-0.075943
73.5516,-0.0761037
73.5676,-0.0762797
73.5846,-0.0765125
73.6004,-0.0767522
73.6174,-0.0769779
73.6335,-0.0771867
73.651,-0.0774164
73.6671,-0.0775529
73.6839,-0.0776984
73.7001,-0.0778473
73.7171,-0.0779681
73.7333,-0.0780755
73.7498,-0.0781799
73.7661,-0.0782983
73.7828,-0.0784025
73.7993,-0.0785011
73.8155,-0.0786324
73.833,-0.0787758
73.8486,-0.0788951
73.8661,-0.0789669
73.8824,-0.0790795
73.8984,-0.0792121
73.9152,-0.0793527
73.931,-0.0795138
73.9474,-0.079637
73.9644,-0.0797593
73.981,-0.0798686
73.9984,-0.0799876
74.0148,-0.080082
74.0311,-0.0801961
74.0474,-0.0802765
74.0641,-0.0803398
74.08,-0.0804249
74.0965,-0.0805336
74.1135,-0.0806282
74.1291,-0.0807432
74.1463,-0.0808261
74.1637,-0.0808963
74.1794,-0.0809703
74.1961,-0.0810462
74.2117,-0.0811586
74.2287,-0.0812473
74.2444,-0.0813408
74.2623,-0.0814269
74.2789,-0.0815461
74.2954,-0.0816798
74.3116,-0.0817875
74.3273,-0.081861
74.3444,-0.0819093
74.3608,-0.081966
74.3777,-0.0820155
74.3945,-0.0820728
74.411,-0.0821525
74.4271,-0.0822233
74.4442,-0.0823086
74.4609,-0.0823995
74.4772,-0.0825172
74.495,-0.0826196
74.5106,-0.0827471
74.5272,-0.0828206
74.5441,-0.0829081
74.5595,-0.0829692
74.5765,-0.0830336
74.5937,-0.083084
74.6094,-0.0831274
74.6266,-0.0831757
74.6427,-0.0832365
74.6599,-0.0832737
74.6759,-0.0833094
74.6928,-0.0833468
74.7092,-0.0833778
74.7262,-0.0834119
74.7422,-0.0834412
74.7591,-0.0834868
74.7762,-0.0835484
74.7917,-0.0836018
74.8089,-0.0836575
74.8256,-0.0837179
74.8427,-0.0837707
74.8593,-0.0838339
74.8755,-0.0838945
74.8922,-0.0839314
74.9089,-0.0839621
74.9253,-0.0839909
74.9424,-0.0840197
74.959,-0.0840418
74.9749,-0.0840604
74.993,-0.0840761
75.0089,-0.0840927
75.0248,-0.0841091
75.0425,-0.0841263
75.0576,-0.0841453
75.0748,-0.0841634
75.0915,-0.0841891
75.1074,-0.0842128
75.1235,-0.0842359
75.1404,-0.0842635
75.1576,-0.0842825
75.1744,-0.0843013
75.1915,-0.0843214
75.2073,-0.0843423
75.2246,-0.0843623
75.2406,-0.0843821
75.2575,-0.0844022
75.2731,-0.0844222
75.2901,-0.0844421
75.3065,-0.0844635
75.3237,-0.0844902
75.3402,-0.0845237
75.3568,-0.0845988
75.3728,-0.0846813
75.3892,-0.0847633
75.4064,-0.0848461
75.424,-0.084899
75.4394,-0.0849257
75.4558,-0.0849483
75.4732,-0.0850157
75.4899,-0.0850668
75.5057,-0.0851221
75.5221,-0.085164
75.5392,-0.0851836
75.5559,-0.0852066
75.5726,-0.0852307
75.589,-0.0852593
75.6058,-0.0852833
75.6224,-0.085305
75.6396,-0.0853268
75.6558,-0.0853495
75.6726,-0.0853715
75.6896,-0.0853929
75.7058,-0.0854141
75.7225,-0.0854342
75.7389,-0.0854586
75.7543,-0.0854826
75.7718,-0.0855034
75.7889,-0.0855216
75.8053,-0.0855422
75.8211,-0.0855629
75.8382,-0.0855838
75.8558,-0.0856043
75.8708,-0.0856239
75.8877,-0.0856435
75.9048,-0.0856659
75.921,-0.0856863
75.9378,-0.0857058
75.9544,-0.085728
75.9706,-0.0857503
75.9875,-0.0857725
76.004,-0.0857948
76.0208,-0.0858184
76.037,-0.0858421
76.0537,-0.0858632
76.0702,-0.0858836
76.0873,-0.085905
76.1045,-0.0859263
76.1204,-0.0859502
76.1367,-0.0859735
76.1544,-0.0859961
76.1694,-0.0860166
76.1868,-0.0860391
76.2033,-0.0860603
76.2197,-0.0860839
76.2361,-0.0861059
76.254,-0.0861255
76.27,-0.0861462
76.2869,-0.086165
76.3034,-0.0861835
76.3201,-0.0862022
76.3359,-0.0862193
76.353,-0.0862369
76.3688,-0.0862559
76.3861,-0.086275
76.4026,-0.0862931
76.4191,-0.086312
76.4361,-0.0863303
76.4523,-0.0863504
76.4696,-0.0863701
76.4858,-0.08639
76.5033,-0.0864113
76.5199,-0.0864336
76.5361,-0.0864579
76.5521,-0.0864811
76.569,-0.0865049
76.5857,-0.086529
76.6029,-0.0865545
76.6199,-0.0865798
76.6363,-0.086604
76.6527,-0.0866251
76.6693,-0.0866448
76.6857,-0.0866611
76.703,-0.0866763
76.7187,-0.0866927
76.7358,-0.0867095
76.7516,-0.0867271
76.7683,-0.0867454
76.7856,-0.0867652
76.8023,-0.0867886
76.8194,-0.0868106
76.8356,-0.0868314
76.8525,-0.0868526
76.869,-0.0868725
76.8851,-0.0868897
76.902,-0.0869073
76.9181,-0.0869248
76.9355,-0.0869423
76.9509,-0.0869592
76.9674,-0.0869782
76.9843,-0.0869976
77.0005,-0.087016
77.0175,-0.0870319
77.0339,-0.0870494
77.0501,-0.0870687
77.0673,-0.0870849
77.0829,-0.0871023
77.0996,-0.0871228
77.1169,-0.0871436
77.1333,-0.0871671
77.1505,-0.0871919
77.1656,-0.0872151
77.184,-0.0872382
77.2002,-0.0872595
77.2163,-0.0872782
77.2329,-0.0872942
77.2488,-0.0873094
77.266,-0.0873223
77.2826,-0.0873383
77.2991,-0.0873548
77.3156,-0.0873729
77.3324,-0.0873929
77.3488,-0.0874115
77.3654,-0.0874312
77.3821,-0.08745
77.3995,-0.0874689
77.4164,-0.0874877
77.4322,-0.0875045
77.4493,-0.0875212
77.4657,-0.0875359
77.4822,-0.0875507
77.4997,-0.0875631
77.5154,-0.0875753
77.5318,-0.0875883
77.5487,-0.0876023
77.5657,-0.0876165
77.5811,-0.0876307
77.598,-0.0876454
77.614,-0.0876602
77.6318,-0.0876752
77.6485,-0.0876906
77.6645,-0.0877067
77.6817,-0.087721
77.6993,-0.0877338
77.7152,-0.0877454
77.7316,-0.0877576
77.7488,-0.0877692
77.765,-0.0877813
77.7814,-0.0877923
77.7981,-0.0878032
77.8147,-0.0878154
77.8307,-0.0878284
77.8481,-0.0878412
77.8646,-0.0878526
77.8814,-0.0878638
77.8979,-0.0878734
77.9146,-0.0878834
77.9306,-0.0878928
77.9477,-0.0879
77.9642,-0.0879081
77.9814,-0.0879159
77.9975,-0.087925
78.0143,-0.0879346
78.0304,-0.0879419
78.047,-0.0879511
78.0641,-0.0879615
78.081,-0.0879717
78.0979,-0.0879827
78.1133,-0.0879926
78.1306,-0.0880025
78.148,-0.0880125
78.1638,-0.0880219
78.1805,-0.0880301
78.1978,-0.0880399
78.2138,-0.0880491
78.2312,-0.088059
78.2467,-0.0880672
78.2636,-0.0880752
78.2807,-0.0880818
78.2967,-0.0880906
78.3139,-0.0880992
78.3294,-0.0881103
78.3472,-0.0881201
78.3639,-0.0881272
78.381,-0.0881373
78.3967,-0.0881485
78.4133,-0.088161
78.4308,-0.0881705
78.4464,-0.0881794
78.4635,-0.0881895
78.4799,-0.0881988
78.4971,-0.0882067
78.5129,-0.0882148
78.5286,-0.0882232
78.547,-0.0882327
78.563,-0.0882412
78.58,-0.0882482
78.5961,-0.0882532
78.6131,-0.0882588
78.6298,-0.0882624
78.6469,-0.0882654
78.6628,-0.0882679
78.6795,-0.0882724
78.6961,-0.0882781
78.7121,-0.0882863
78.7289,-0.0882966
78.7463,-0.0883086
78.7625,-0.0883212
78.7793,-0.0883317
78.7958,-0.0883442
78.8121,-0.0883554
78.8298,-0.0883658
78.846,-0.0883755
78.8631,-0.0883856
78.8798,-0.0883928
78.8964,-0.0884011
78.9129,-0.0884066
78.9298,-0.0884106
78.9458,-0.0884135
78.9628,-0.0884157
78.9795,-0.08842
78.9956,-0.0884273
79.0123,-0.0884353
79.0288,-0.0884451
79.0457,-0.0884554
79.0627,-0.0884672
79.0797,-0.0884787
79.096,-0.0884878
79.1132,-0.0884957
79.1297,-0.0885028
79.1462,-0.0885066
79.163,-0.088509
79.1789,-0.0885116
79.1959,-0.0885159
79.2133,-0.0885231
79.2293,-0.0885307
79.2459,-0.0885376
79.2618,-0.0885464
79.2797,-0.0885529
79.2967,-0.0885578
79.3119,-0.0885635
79.3288,-0.0885672
79.3455,-0.088568
79.3617,-0.088569
79.3781,-0.0885728
79.3956,-0.0885817
79.4123,-0.0885895
79.4287,-0.0885983
79.4461,-0.0886118
79.4628,-0.0886246
79.4794,-0.0886365
79.4963,-0.0886468
79.5123,-0.0886537
79.5298,-0.0886585
79.5462,-0.0886619
79.5625,-0.0886654
79.579,-0.0886697
79.5954,-0.0886713
79.6119,-0.0886721
79.6292,-0.0886766
79.6465,-0.0886844
79.6619,-0.0886893
79.6792,-0.0886937
79.6959,-0.0886997
79.7131,-0.0887046
79.7303,-0.0887122
79.7462,-0.0887192
79.7621,-0.0887251
79.7789,-0.0887295
79.7959,-0.0887353
79.8124,-0.0887422
79.8291,-0.0887501
79.8448,-0.0887556
79.8622,-0.088758
79.8786,-0.0887606
79.8959,-0.0887627
79.9127,-0.0887626
79.929,-0.0887651
79.946,-0.0887692
79.9619,-0.0887749
79.9797,-0.0887802
79.9947,-0.0887888
80.0115,-0.0887982
80.0298,-0.088806
80.046,-0.0888126
80.0622,-0.0888178
80.0785,-0.0888245
80.0953,-0.0888307
80.1128,-0.0888369
80.1292,-0.0888428
80.1459,-0.0888489
80.1635,-0.0888535
80.1788,-0.0888587
80.1957,-0.088864
80.2131,-0.088866
80.2286,-0.0888692
80.245,-0.0888727
80.2624,-0.0888804
80.2798,-0.0888891
80.2953,-0.0888992
80.3132,-0.0889077
80.329,-0.0889143
80.346,-0.0889192
80.363,-0.088923
80.3795,-0.088929
80.3964,-0.0889326
80.4119,-0.0889376
80.4298,-0.0889427
80.4468,-0.088948
80.4629,-0.0889556
80.4801,-0.0889621
80.4962,-0.0889685
80.5129,-0.0889735
80.5285,-0.0889783
80.5461,-0.0889837
80.563,-0.0889862
80.5792,-0.0889906
80.5953,-0.0889944
80.6128,-0.0889974
80.6292,-0.0890004
80.6458,-0.0890015
80.6625,-0.089005
80.6789,-0.0890078
80.6956,-0.0890089
80.7122,-0.0890095
80.7286,-0.0890118
80.7455,-0.0890144
80.7627,-0.0890194
80.7784,-0.0890258
80.7945,-0.0890293
80.813,-0.0890339
80.8295,-0.0890377
80.8461,-0.0890413
80.8628,-0.0890448
80.8784,-0.0890498
80.8952,-0.0890551
80.9123,-0.0890608
80.9295,-0.0890682
80.9458,-0.089077
80.9622,-0.0890859
80.9802,-0.0890917
80.9955,-0.089096
81.0124,-0.0890994
81.0281,-0.0891027
81.0453,-0.089106
81.0619,-0.0891106
81.0783,-0.0891153
81.095,-0.0891196
81.1126,-0.089124
81.1295,-0.0891273
81.1456,-0.0891312
81.1628,-0.0891347
81.1795,-0.0891349
81.1957,-0.0891353
81.2114,-0.0891388
81.229,-0.0891424
81.2463,-0.0891479
81.262,-0.089155
81.2788,-0.0891623
81.2965,-0.0891683
81.3127,-0.0891719
81.3297,-0.0891761
81.3462,-0.0891799
81.3619,-0.0891812
81.3798,-0.0891815
81.396,-0.0891813
81.4124,-0.08918
81.43,-0.0891783
81.4456,-0.089176
81.4623,-0.0891753
81.4785,-0.0891762
81.4958,-0.0891764
81.5123,-0.089177
81.5297,-0.0891791
81.5467,-0.0891858
81.5627,-0.089194
81.5787,-0.0892031
81.5954,-0.0892129
81.6126,-0.0892205
81.6305,-0.0892267
81.6464,-0.0892315
81.6631,-0.0892352
81.6793,-0.0892377
81.6956,-0.0892397
81.7129,-0.0892416
81.7289,-0.0892428
81.746,-0.0892436
81.7634,-0.0892439
81.7797,-0.089244
81.7967,-0.0892444
81.8119,-0.0892449
81.829,-0.0892456
81.8464,-0.0892472
81.862,-0.0892496
81.8798,-0.0892535
81.8955,-0.0892596
81.9118,-0.0892643
81.9287,-0.0892675
81.9458,-0.0892706
81.9623,-0.0892722
81.9788,-0.089275
81.9953,-0.0892791
82.0122,-0.0892823
82.0286,-0.0892859
82.0448,-0.0892922
82.0621,-0.089299
82.0787,-0.089304
82.0953,-0.0893072
82.1115,-0.0893097
82.1295,-0.0893136
82.1456,-0.0893176
82.1621,-0.0893228
82.1785,-0.089327
82.1954,-0.0893306
82.2125,-0.0893326
82.2293,-0.0893355
82.2459,-0.0893368
82.263,-0.0893357
82.2794,-0.0893342
82.2954,-0.0893328
82.3128,-0.0893321
82.3286,-0.0893302
82.3453,-0.08933
82.3627,-0.0893315
82.3793,-0.0893338
82.396,-0.0893344
82.4131,-0.0893351
82.4299,-0.0893341
82.4463,-0.0893344
82.4626,-0.0893328
82.4791,-0.0893321
82.4964,-0.0893308
82.5129,-0.0893316
82.5301,-0.0893331
82.5454,-0.0893347
82.5633,-0.0893359
82.5791,-0.089335
82.5963,-0.0893335
82.6125,-0.0893344
82.6293,-0.0893381
82.6464,-0.0893434
82.6627,-0.0893507
82.6798,-0.0893555
82.6961,-0.0893605
82.7125,-0.0893647
82.7301,-0.0893683
82.7461,-0.0893686
82.7629,-0.0893664
82.7791,-0.0893652
82.7957,-0.0893633
82.8131,-0.0893601
82.8289,-0.0893603
82.8457,-0.0893637
82.8628,-0.0893683
82.8796,-0.0893754
82.8958,-0.08938
82.9128,-0.0893852
82.9298,-0.0893892
82.946,-0.0893921
82.9628,-0.0893935
82.9801,-0.0893944
82.9959,-0.0893949
83.0131,-0.0893994
83.0287,-0.0894048
83.0456,-0.08941
83.0629,-0.0894167
83.0792,-0.0894234
83.0953,-0.0894289
83.1126,-0.0894348
83.1291,-0.0894405
83.1468,-0.0894443
83.1628,-0.089446
83.1797,-0.0894463
83.1963,-0.0894461
83.2131,-0.0894453
83.2286,-0.0894421
83.2459,-0.08944
83.2624,-0.0894411
83.2789,-0.0894426
83.2958,-0.089445
83.3126,-0.0894478
83.3292,-0.0894521
83.3457,-0.0894587
83.3616,-0.0894631
83.3791,-0.0894683
83.3955,-0.0894719
83.4123,-0.0894726
83.4294,-0.0894735
83.4455,-0.0894732
83.462,-0.0894734
83.4792,-0.0894732
83.4956,-0.0894726
83.5124,-0.0894728
83.5293,-0.089475
83.5452,-0.0894768
83.5621,-0.0894779
83.5785,-0.0894791
83.5953,-0.0894789
83.6125,-0.0894794
83.6292,-0.08948
83.6463,-0.089479
83.6623,-0.0894775
83.6778,-0.0894777
83.6949,-0.0894781
83.7116,-0.0894782
83.7283,-0.0894784
83.7455,-0.0894813
83.7619,-0.0894838
83.7786,-0.0894882
83.7955,-0.0894914
83.8125,-0.0894931
83.8299,-0.0894934
83.8453,-0.0894929
83.8632,-0.0894911
83.8792,-0.0894896
83.8956,-0.0894897
83.9119,-0.08949
83.9282,-0.0894893
83.9458,-0.0894896
83.9621,-0.0894912
83.9797,-0.0894935
83.996,-0.0894948
84.0122,-0.089496
84.028,-0.089498
84.0457,-0.0895005
84.063,-0.0895018
84.0794,-0.0895024
84.0951,-0.089502
84.1128,-0.0894976
84.1286,-0.0894926
84.1463,-0.0894874
84.1616,-0.0894831
84.1791,-0.0894799
84.1945,-0.0894792
84.2114,-0.0894787
84.2291,-0.0894782
84.2449,-0.089482
84.2618,-0.0894871
84.2789,-0.0894905
84.2948,-0.089493
84.312,-0.0894934
84.3286,-0.0894929
84.3453,-0.0894927
84.3621,-0.0894912
84.3794,-0.089492
84.395,-0.0894929
84.4115,-0.0894906
84.4291,-0.0894889
84.4448,-0.0894888
84.4621,-0.0894898
84.4791,-0.0894909
84.495,-0.0894916
84.5116,-0.0894905
84.5278,-0.0894921
84.545,-0.089494
84.5615,-0.089498
84.578,-0.0895033
84.5956,-0.0895054
84.6112,-0.0895084
84.6294,-0.0895108
84.6463,-0.0895098
84.6617,-0.089507
84.6776,-0.0895031
84.6949,-0.0894999
84.7123,-0.089494
84.7279,-0.0894882
84.7459,-0.0894838
84.7614,-0.0894797
84.7792,-0.0894796
84.7952,-0.0894828
84.8123,-0.0894863
84.8293,-0.0894877
84.8461,-0.0894876
84.863,-0.0894873
84.8793,-0.0894865
84.8959,-0.0894865
84.9121,-0.0894863
84.9284,-0.089485
84.9463,-0.0894851
84.9616,-0.0894854
84.9788,-0.0894856
84.9953,-0.0894886
85.012,-0.0894915
85.0289,-0.0894935
85.0453,-0.0894942
85.0624,-0.0894956
85.0788,-0.0894953
85.0952,-0.0894938
85.1122,-0.0894921
85.1289,-0.0894902
85.1457,-0.0894875
85.1625,-0.0894847
85.1779,-0.0894834
85.1947,-0.0894845
85.2121,-0.0894858
85.2288,-0.0894868
85.2451,-0.0894857
85.2621,-0.089487
85.2789,-0.0894874
85.2958,-0.0894869
85.3127,-0.0894865
85.3277,-0.0894848
85.3452,-0.0894847
85.3622,-0.0894836
85.3792,-0.089485
85.395,-0.0894872
85.4116,-0.0894882
85.4291,-0.0894874
85.4453,-0.0894869
85.4625,-0.0894868
85.4796,-0.0894867
85.4958,-0.0894835
85.5119,-0.0894813
85.5285,-0.0894802
85.5469,-0.0894794
85.5621,-0.0894778
85.5788,-0.0894776
85.5949,-0.0894784
85.6124,-0.0894779
85.6282,-0.0894777
85.6457,-0.0894796
85.6615,-0.0894804
85.679,-0.0894819
85.696,-0.0894836
85.7116,-0.0894861
85.7294,-0.0894863
85.7451,-0.0894866
85.7624,-0.0894883
85.7791,-0.0894908
85.7959,-0.0894909
85.8123,-0.0894905
85.8289,-0.0894907
85.8459,-0.0894911
85.8629,-0.0894919
85.8796,-0.0894934
85.8964,-0.0894929
85.9137,-0.0894936
85.9295,-0.0894935
85.9461,-0.0894917
85.9626,-0.0894906
85.9795,-0.0894897
85.9969,-0.0894874
86.0128,-0.089489
86.0295,-0.0894904
86.0461,-0.0894931
86.0628,-0.0894968
86.0787,-0.0895003
86.0967,-0.0895036
86.1125,-0.0895066
86.1295,-0.0895047
86.1466,-0.0895033
86.1637,-0.0895028
86.1799,-0.0895014
86.1962,-0.0894975
86.2117,-0.0894933
86.2303,-0.0894912
86.2464,-0.0894916
86.2623,-0.0894936
86.2785,-0.0894971
86.2956,-0.0895017
86.313,-0.089506
86.3293,-0.0895123
86.3467,-0.0895198
86.3628,-0.0895277
86.3796,-0.0895312
86.3961,-0.0895338
86.4131,-0.0895332
86.4308,-0.0895307
86.4464,-0.0895283
86.4635,-0.0895262
86.4807,-0.0895229
86.4964,-0.0895199
86.513,-0.0895187
86.5298,-0.0895223
86.5469,-0.0895242
86.5626,-0.0895267
86.5802,-0.089529
86.5966,-0.089532
86.614,-0.089535
86.6301,-0.0895369
86.6471,-0.0895388
86.6637,-0.08954
86.6799,-0.0895424
86.6967,-0.0895434
86.7131,-0.0895474
86.7299,-0.0895514
86.747,-0.0895584
86.764,-0.0895661
86.7799,-0.0895717
86.7978,-0.089575
86.8144,-0.0895769
86.8302,-0.0895764
86.8478,-0.0895738
86.8631,-0.0895705
86.8799,-0.0895646
86.8967,-0.0895593
86.913,-0.0895566
86.9298,-0.0895568
86.947,-0.0895612
86.9633,-0.0895644
86.9809,-0.0895705
86.9968,-0.0895773
87.0133,-0.0895856
87.0303,-0.0895937
87.0465,-0.0896015
87.0639,-0.0896063
87.0802,-0.0896089
87.0976,-0.0896126
87.1139,-0.0896148
87.1312,-0.0896177
87.1475,-0.0896193
87.1635,-0.0896193
87.1802,-0.0896197
87.1973,-0.0896211
87.2134,-0.089624
87.2295,-0.089628
87.2468,-0.0896336
87.2635,-0.0896378
87.2804,-0.0896418
87.2966,-0.0896453
87.3132,-0.0896489
87.3298,-0.0896521
87.3465,-0.0896551
87.3629,-0.0896567
87.3803,-0.0896573
87.3963,-0.0896584
87.4134,-0.0896587
87.4298,-0.0896592
87.4469,-0.0896597
87.4635,-0.0896578
87.4798,-0.0896571
87.496,-0.0896561
87.5134,-0.0896581
87.53,-0.0896591
87.5467,-0.0896618
87.5636,-0.0896669
87.5795,-0.0896723
87.5974,-0.0896778
87.6137,-0.0896813
87.6299,-0.0896846
87.6477,-0.0896848
87.6638,-0.0896862
87.6804,-0.0896888
87.6963,-0.089692
87.7134,-0.0896944
87.7306,-0.089696
87.7471,-0.089696
87.7638,-0.0896973
87.7803,-0.0896967
87.7963,-0.0896944
87.8139,-0.0896911
87.8293,-0.0896889
87.8465,-0.0896869
87.8626,-0.0896869
87.88,-0.089689
87.8968,-0.0896907
87.9131,-0.0896949
87.9303,-0.089697
87.9468,-0.0896964
87.9645,-0.0896941
87.9796,-0.0896903
87.997,-0.0896861
88.0144,-0.0896826
88.0303,-0.0896784
88.0461,-0.0896768
88.0638,-0.0896773
88.0799,-0.0896772
88.0969,-0.0896804
88.1134,-0.0896858
88.1305,-0.0896914
88.1467,-0.089696
88.1629,-0.0896992
88.1809,-0.0897025
88.1975,-0.0897061
88.2139,-0.0897074
88.2308,-0.089709
88.2472,-0.0897123
88.2633,-0.0897148
88.2806,-0.0897174
88.2972,-0.089719
88.3139,-0.0897193
88.3313,-0.0897202
88.3468,-0.0897206
88.3636,-0.0897208
88.3804,-0.08972
88.3972,-0.0897193
88.414,-0.0897185
88.4312,-0.0897187
88.4467,-0.0897192
88.4638,-0.0897175
88.4808,-0.0897149
88.4969,-0.0897123
88.5138,-0.0897082
88.5298,-0.089705
88.5466,-0.0897018
88.5628,-0.0897028
88.5805,-0.0897069
88.5969,-0.0897118
88.6138,-0.0897173
88.6296,-0.0897245
88.6462,-0.0897279
88.6645,-0.0897292
88.6804,-0.0897304
88.6975,-0.0897319
88.7138,-0.0897332
88.7299,-0.0897348
88.7474,-0.0897355
88.7633,-0.0897382
88.7805,-0.0897403
88.7975,-0.0897433
88.8143,-0.0897457
88.8305,-0.0897472
88.8471,-0.0897474
88.8639,-0.0897485
88.8802,-0.0897489
88.8968,-0.0897509
88.9144,-0.0897553
88.9306,-0.0897582
88.9476,-0.0897584
88.9638,-0.0897593
88.9812,-0.0897593
88.9978,-0.089761
89.0139,-0.0897611
89.03,-0.089761
89.0476,-0.0897578
89.0641,-0.0897547
89.0812,-0.0897562
89.0969,-0.0897599
89.1137,-0.0897639
89.1297,-0.0897666
89.1467,-0.0897693
89.1642,-0.0897719
89.1806,-0.0897759
89.1965,-0.0897807
89.2137,-0.0897828
89.2313,-0.0897819
89.2471,-0.0897796
89.2642,-0.0897769
89.2809,-0.0897751
89.2971,-0.0897739
89.3138,-0.0897746
89.3316,-0.089777
89.347,-0.0897782
89.3641,-0.0897777
89.381,-0.0897788
89.3973,-0.0897802
89.4141,-0.0897828
89.4308,-0.0897843
89.4471,-0.0897839
89.4642,-0.0897831
89.4807,-0.0897845
89.4972,-0.0897863
89.5144,-0.0897876
89.5298,-0.0897886
89.5475,-0.0897898
89.5636,-0.0897908
89.58,-0.0897903
89.5966,-0.0897922
89.6133,-0.0897944
89.6303,-0.0897949
89.6472,-0.0897957
89.6644,-0.0897967
89.6808,-0.0897987
89.6975,-0.0898005
89.7136,-0.089804
89.7301,-0.0898076
89.7474,-0.0898098
89.7633,-0.0898139
89.7812,-0.0898193
89.7975,-0.0898261
89.8149,-0.08983
89.8315,-0.0898293
89.8486,-0.0898264
89.8638,-0.0898243
89.8817,-0.0898215
89.8967,-0.0898163
89.9142,-0.08981
89.9303,-0.0898064
89.9476,-0.0898053
89.9638,-0.0898063
89.9805,-0.0898076
89.997,-0.0898098
90.0148,-0.0898134
90.0302,-0.0898162
90.0474,-0.0898181
90.0645,-0.0898219
90.0821,-0.0898263
90.0971,-0.0898291
90.1141,-0.0898319
90.1313,-0.0898314
90.1483,-0.0898292
90.1651,-0.0898271
90.1814,-0.0898255
90.1972,-0.0898253
90.2137,-0.0898221
90.2299,-0.0898207
90.2477,-0.0898177
90.2643,-0.0898185
90.2814,-0.089821
90.2968,-0.0898266
90.3136,-0.0898299
90.3309,-0.0898319
90.3473,-0.0898357
90.3642,-0.0898392
90.3816,-0.0898433
90.3977,-0.0898458
90.4142,-0.0898485
90.431,-0.0898488
90.447,-0.0898486
90.4642,-0.0898492
90.4815,-0.0898507
90.4981,-0.0898522
90.5144,-0.0898556
90.5314,-0.0898597
90.5469,-0.0898625
90.5639,-0.089865
90.5803,-0.0898678
90.5978,-0.0898691
90.6149,-0.0898696
90.6311,-0.0898702
90.6473,-0.0898709
90.6656,-0.0898696
90.6809,-0.0898677
90.6969,-0.0898658
90.7145,-0.0898661
90.7316,-0.0898674
90.7473,-0.0898698
90.7645,-0.0898735
90.7804,-0.0898767
90.7976,-0.0898776
90.815,-0.089879
90.8312,-0.08988
90.8478,-0.0898812
90.8644,-0.0898815
90.8812,-0.08988
90.8977,-0.0898766
90.9142,-0.0898756
90.9311,-0.0898752
90.949,-0.0898721
90.9639,-0.0898706
90.9807,-0.0898691
90.9974,-0.089866
91.0146,-0.0898643
91.0306,-0.0898623
91.047,-0.0898626
91.0638,-0.0898653
91.08,-0.0898683
91.0969,-0.0898713
91.1135,-0.0898739
91.1309,-0.0898767
91.1478,-0.0898801
91.1647,-0.0898787
91.1806,-0.0898756
91.1964,-0.0898727
91.2142,-0.0898693
91.2306,-0.0898664
91.2469,-0.0898671
91.2633,-0.0898699
91.2803,-0.0898713
91.2969,-0.0898728
91.3138,-0.0898781
91.3318,-0.0898852
91.3477,-0.0898897
91.3634,-0.0898951
91.3817,-0.0898981
91.3976,-0.0899006
91.4143,-0.0899026
91.4307,-0.0899064
91.4479,-0.0899068
91.4643,-0.0899022
91.4816,-0.0898983
91.4983,-0.089897
91.514,-0.0898969
91.5311,-0.0898945
91.5476,-0.0898946
91.5642,-0.0898964
91.5818,-0.0898965
91.5991,-0.089898
91.6143,-0.0899006
91.6316,-0.0898998
91.6492,-0.0898977
91.6645,-0.0898974
91.6816,-0.0898961
91.6991,-0.0898942
91.714,-0.0898915
91.7314,-0.0898908
91.7483,-0.0898926
91.7643,-0.0898935
91.7814,-0.0898947
91.7988,-0.0898955
91.8153,-0.0898957
91.8314,-0.0898954
91.8481,-0.0898975
91.8647,-0.0898998
91.8808,-0.0899013
91.8975,-0.0899057
91.9146,-0.0899082
91.9311,-0.0899102
91.9488,-0.0899111
91.9637,-0.0899147
91.981,-0.0899184
91.9975,-0.0899218
92.015,-0.0899244
92.0307,-0.0899261
92.0488,-0.08993
92.0642,-0.0899354
92.0814,-0.0899374
92.0984,-0.0899393
92.1142,-0.0899429
92.1322,-0.0899446
92.1497,-0.0899468
92.165,-0.0899494
92.1815,-0.0899534
92.198,-0.0899567
92.2146,-0.0899583
92.2314,-0.0899581
92.2478,-0.0899599
92.2659,-0.0899619
92.2821,-0.0899615
92.2994,-0.0899632
92.3149,-0.0899648
92.3321,-0.0899677
92.349,-0.0899717
92.3652,-0.0899762
92.3815,-0.0899819
92.3984,-0.0899878
92.4146,-0.0899894
92.4325,-0.0899902
92.4491,-0.0899902
92.4655,-0.0899901
92.4827,-0.089993
92.4987,-0.0899954
92.5152,-0.0899967
92.5326,-0.0899997
92.5488,-0.090004
92.5657,-0.0900083
92.5822,-0.0900111
92.5986,-0.0900125
92.6163,-0.0900124
92.6332,-0.0900123
92.6494,-0.090013
92.6654,-0.0900145
92.6818,-0.0900162
92.699,-0.0900183
92.7164,-0.0900217
92.7321,-0.0900269
92.7492,-0.0900323
92.7658,-0.0900368
92.7823,-0.0900401
92.7992,-0.0900412
92.8158,-0.090041
92.8327,-0.0900417
92.8497,-0.0900442
92.866,-0.0900461
92.8823,-0.0900485
92.8987,-0.0900532
92.9157,-0.0900586
92.932,-0.0900656
92.949,-0.0900709
92.9658,-0.0900746
92.9831,-0.0900765
92.9989,-0.0900773
93.0156,-0.09008
93.0321,-0.090081
93.0491,-0.090084
93.0659,-0.0900868
93.0825,-0.0900895
93.099,-0.090092
93.1155,-0.0900958
93.1327,-0.0901002
93.1494,-0.0901043
93.1662,-0.0901084
93.1826,-0.0901148
93.1995,-0.0901185
93.2159,-0.0901218
93.2321,-0.090127
93.249,-0.0901317
93.2664,-0.0901344
93.2813,-0.0901373
93.2995,-0.0901403
93.3172,-0.0901423
93.3326,-0.0901454
93.3489,-0.0901489
93.3664,-0.0901532
93.3825,-0.0901551
93.399,-0.0901583
93.4162,-0.0901629
93.4327,-0.0901664
93.4498,-0.090169
93.4663,-0.090173
93.4834,-0.0901728
93.4998,-0.0901713
93.5162,-0.09017
93.5326,-0.0901686
93.5494,-0.0901687
93.5658,-0.09017
93.5825,-0.090173
93.5999,-0.0901776
93.6158,-0.0901828
93.6327,-0.0901888
93.6504,-0.0901931
93.6664,-0.0901982
93.6836,-0.0902016
93.7002,-0.0902048
93.7162,-0.0902058
93.7332,-0.0902064
93.7495,-0.0902033
93.7661,-0.0902017
93.783,-0.090198
93.7987,-0.0901971
93.8164,-0.0901974
93.8326,-0.0901967
93.8496,-0.0901983
93.8654,-0.090202
93.8832,-0.0902073
93.8999,-0.0902113
93.9163,-0.0902186
93.9335,-0.0902265
93.9496,-0.0902332
93.9669,-0.0902353
93.9835,-0.0902368
94.0002,-0.0902381
94.0167,-0.0902415
94.0331,-0.0902431
94.0497,-0.0902462
94.0667,-0.0902487
94.083,-0.0902518
94.1,-0.0902551
94.1157,-0.0902598
94.1334,-0.0902629
94.1497,-0.0902642
94.1669,-0.0902653
94.1838,-0.0902668
94.2002,-0.0902695
94.2158,-0.0902727
94.2334,-0.0902769
94.2497,-0.0902824
94.2664,-0.0902872
94.2833,-0.0902913
94.2994,-0.090296
94.3165,-0.0902989
94.333,-0.0903019
94.3499,-0.0903029
94.3661,-0.0903039
94.3823,-0.090307
94.3992,-0.090309
94.4165,-0.090311
94.4326,-0.0903156
94.4491,-0.0903161
94.4668,-0.0903158
94.483,-0.0903165
94.4999,-0.0903175
94.5168,-0.0903209
94.5324,-0.0903253
94.5491,-0.0903288
94.5666,-0.090335
94.5827,-0.0903429
94.5994,-0.0903531
94.6169,-0.0903622
94.6326,-0.0903669
94.6504,-0.0903685
94.6664,-0.0903694
94.6829,-0.0903711
94.7002,-0.09037
94.7168,-0.0903701
94.7331,-0.0903696
94.7486,-0.0903712
94.7666,-0.0903744
94.7827,-0.0903797
94.7996,-0.0903848
94.8172,-0.0903899
94.8336,-0.0903972
94.85,-0.0904034
94.8669,-0.0904095
94.8828,-0.0904139
94.8993,-0.0904176
94.9165,-0.0904221
94.9333,-0.0904261
94.9495,-0.0904298
94.9663,-0.0904324
94.9833,-0.0904322
94.9999,-0.0904303
95.016,-0.0904294
95.0334,-0.0904294
95.0499,-0.0904319
95.066,-0.0904355
95.0827,-0.0904393
95.0993,-0.0904456
95.1163,-0.0904514
95.1331,-0.0904577
95.1501,-0.0904637
95.1669,-0.0904688
95.1837,-0.0904734
95.1999,-0.0904775
95.217,-0.0904805
95.2331,-0.0904829
95.2503,-0.0904842
95.2679,-0.0904836
95.284,-0.0904838
95.2996,-0.090483
95.3164,-0.0904796
95.3326,-0.0904762
95.3501,-0.0904726
95.367,-0.0904702
95.3844,-0.0904699
95.3995,-0.0904716
95.4168,-0.0904734
95.4332,-0.0904756
95.4494,-0.0904762
95.4672,-0.0904764
95.4839,-0.0904792
95.5001,-0.0904817
95.5163,-0.0904863
95.5331,-0.0904905
95.5498,-0.0904934
95.5671,-0.0904967
95.5837,-0.090502
95.6004,-0.0905081
95.6172,-0.0905116
95.6336,-0.0905171
95.6501,-0.0905229
95.6669,-0.0905258
95.682,-0.0905308
95.6996,-0.0905364
95.7174,-0.0905418
95.7342,-0.0905477
95.7497,-0.0905533
95.7671,-0.0905593
95.7836,-0.0905648
95.8007,-0.0905667
95.8175,-0.0905663
95.8344,-0.0905663
95.8505,-0.0905648
95.8676,-0.0905639
95.8827,-0.0905647
95.8995,-0.0905672
95.9161,-0.0905714
95.9332,-0.0905774
95.9506,-0.0905849
95.9676,-0.0905921
95.9842,-0.0905989
96.0004,-0.0906041
96.0165,-0.0906076
96.0335,-0.0906095
96.0502,-0.09061
96.0675,-0.0906106
96.0848,-0.0906118
96.1007,-0.0906162
96.1174,-0.090619
96.1336,-0.0906217
96.1503,-0.0906245
96.1668,-0.0906294
96.1843,-0.0906353
96.2008,-0.0906398
96.2172,-0.0906433
96.2333,-0.0906438
96.2508,-0.0906439
96.2675,-0.0906408
96.2849,-0.0906409
96.3009,-0.0906426
96.3164,-0.0906446
96.3338,-0.090648
96.3491,-0.0906541
96.367,-0.0906595
96.3844,-0.0906667
96.4003,-0.090674
96.4171,-0.0906808
96.4335,-0.0906879
96.45,-0.0906899
96.4676,-0.0906925
96.4831,-0.0906965
96.4999,-0.0906994
96.5177,-0.0907025
96.5333,-0.0907061
96.5509,-0.0907084
96.5673,-0.0907108
96.584,-0.0907116
96.6008,-0.0907145
96.6181,-0.0907178
96.6344,-0.0907214
96.65,-0.090725
96.6675,-0.0907299
96.6838,-0.0907344
96.7007,-0.0907386
96.7177,-0.0907468
96.7341,-0.0907545
96.7504,-0.090759
96.7674,-0.0907618
96.7836,-0.0907634
96.8008,-0.0907633
96.8176,-0.0907645
96.8339,-0.0907674
96.8501,-0.0907698
96.8669,-0.0907734
96.8828,-0.0907763
96.9007,-0.0907811
96.9177,-0.0907859
96.9339,-0.0907903
96.9511,-0.0907948
96.9671,-0.0907971
96.9837,-0.0907971
96.9999,-0.0907975
97.0168,-0.0908002
97.0343,-0.090802
97.0506,-0.0908047
97.0663,-0.0908064
97.0842,-0.0908098
97.1008,-0.090813
97.1172,-0.0908152
97.1344,-0.0908182
97.15,-0.0908218
97.1673,-0.0908245
97.1844,-0.0908281
97.1999,-0.0908328
97.2181,-0.0908371
97.2342,-0.0908409
97.2508,-0.0908427
97.2679,-0.0908433
97.2846,-0.0908447
97.3012,-0.0908459
97.3173,-0.0908459
97.3338,-0.0908457
97.3507,-0.0908484
97.3672,-0.0908499
97.3838,-0.0908538
97.4009,-0.0908587
97.4178,-0.0908645
97.4347,-0.0908705
97.4509,-0.0908763
97.4684,-0.0908818
97.4842,-0.0908858
97.5008,-0.0908871
97.5177,-0.0908877
97.5337,-0.0908875
97.5507,-0.090886
97.5676,-0.0908864
97.5842,-0.0908884
97.6014,-0.0908918
97.6179,-0.0908961
97.6344,-0.0908998
97.6511,-0.090903
97.6671,-0.0909066
97.6841,-0.0909085
97.7004,-0.0909123
97.7178,-0.090914
97.7338,-0.0909183
97.7505,-0.0909229
97.7681,-0.0909268
97.7839,-0.0909305
97.8017,-0.0909344
97.818,-0.0909374
97.834,-0.0909387
97.8502,-0.090942
97.8677,-0.0909476
97.8843,-0.0909539
97.9012,-0.0909592
97.9171,-0.0909642
97.9347,-0.0909698
97.9518,-0.0909746
97.9682,-0.0909793
97.9848,-0.0909841
98.0014,-0.0909884
98.0178,-0.0909912
98.035,-0.0909945
98.0513,-0.0909984
98.0678,-0.0910015
98.0845,-0.0910033
98.1017,-0.091003
98.1179,-0.0910028
98.1346,-0.0910031
98.1518,-0.0910039
98.168,-0.0910045
98.1846,-0.0910063
98.2014,-0.09101
98.2174,-0.0910162
98.2347,-0.0910237
98.2521,-0.091029
98.268,-0.0910352
98.2847,-0.0910397
98.3025,-0.0910443
98.3181,-0.0910479
98.3343,-0.091049
98.351,-0.0910515
98.3677,-0.0910543
98.3846,-0.0910562
98.4008,-0.0910596
98.418,-0.0910616
98.435,-0.0910643
98.4513,-0.0910689
98.4682,-0.0910746
98.4848,-0.0910803
98.5009,-0.0910849
98.5181,-0.0910898
98.5351,-0.0910958
98.5515,-0.0911011
98.5677,-0.0911033
98.5846,-0.0911054
98.6017,-0.0911048
98.6184,-0.0911026
98.6351,-0.0911024
98.6508,-0.0911025
98.668,-0.0911028
98.6845,-0.0911054
98.7014,-0.0911087
98.719,-0.0911125
98.7347,-0.0911192
98.7511,-0.0911254
98.769,-0.0911325
98.7854,-0.0911371
98.8017,-0.0911425
98.8184,-0.0911496
98.8355,-0.0911539
98.8519,-0.0911564
98.8675,-0.0911597
98.8847,-0.0911643
98.9015,-0.0911669
98.9181,-0.0911699
98.935,-0.0911759
98.9509,-0.091184
98.9684,-0.0911882
98.9841,-0.0911939
99.0019,-0.0912006
99.0186,-0.0912065
99.0342,-0.0912117
99.0514,-0.091216
99.0682,-0.0912194
99.0845,-0.0912214
99.1016,-0.0912243
99.1179,-0.0912274
99.134,-0.0912305
99.1512,-0.0912343
99.1678,-0.0912374
99.1849,-0.0912393
99.2011,-0.0912432
99.218,-0.0912493
99.2355,-0.0912548
99.2511,-0.0912588
99.2672,-0.091264
99.2856,-0.091269
99.3024,-0.091273
99.318,-0.0912767
99.3349,-0.0912793
99.3515,-0.0912847
99.368,-0.091288
99.3847,-0.0912935
99.4005,-0.0912997
99.4175,-0.0913068
99.4351,-0.0913122
99.4519,-0.0913167
99.4685,-0.0913213
99.4848,-0.0913253
99.5017,-0.0913295
99.5174,-0.0913321
99.5348,-0.0913328
99.5516,-0.0913316
99.5678,-0.0913337
99.5848,-0.0913377
99.6007,-0.0913408
99.6183,-0.0913458
99.6345,-0.0913513
99.6518,-0.0913573
99.6686,-0.0913618
99.6852,-0.0913658
99.7015,-0.0913699
99.7181,-0.091373
99.7347,-0.0913751
99.7519,-0.09138
99.7684,-0.0913818
99.7852,-0.0913827
99.8025,-0.0913847
99.8188,-0.0913875
99.8355,-0.0913895
99.8514,-0.0913915
99.8693,-0.0913931
99.8858,-0.091396
99.9013,-0.091399
99.9187,-0.0914029
99.9348,-0.0914069
99.952,-0.0914099
99.969,-0.0914118
99.9859,-0.0914114
100.0012,-0.09141
100.0182,-0.0914129
100.0357,-0.0914152
100.0522,-0.0914164
100.0675,-0.0914198
100.0854,-0.0914243
100.1016,-0.0914295
100.118,-0.0914359
100.1344,-0.0914426
100.1521,-0.091448
100.1689,-0.0914504
100.185,-0.0914506
100.2018,-0.0914519
100.2181,-0.091452
100.2346,-0.0914536
100.2515,-0.0914559
100.2685,-0.0914579
100.2849,-0.0914609
100.3017,-0.0914643
100.3187,-0.0914679
100.3352,-0.0914721
100.3517,-0.0914771
100.3683,-0.091481
100.3847,-0.0914837
100.4021,-0.0914886
100.4182,-0.0914937
100.4346,-0.0915015
100.4525,-0.0915069
100.4685,-0.0915095
100.4859,-0.0915125
100.5023,-0.0915153
100.5191,-0.0915189
100.5346,-0.0915236
100.5516,-0.0915273
100.5697,-0.0915294
100.5854,-0.0915318
100.6023,-0.0915335
100.6194,-0.0915375
100.6353,-0.0915408
100.6528,-0.0915425
100.6694,-0.0915447
100.6857,-0.091546
100.7021,-0.0915479
100.7195,-0.0915491
100.7355,-0.0915485
100.7519,-0.0915508
100.769,-0.0915538
100.7863,-0.0915559
100.8021,-0.0915576
100.82,-0.0915597
100.8365,-0.0915618
100.8529,-0.0915656
100.8695,-0.0915699
100.8853,-0.0915758
100.9031,-0.0915783
100.9195,-0.0915815
100.9367,-0.0915845
100.9534,-0.0915866
100.9695,-0.0915903
100.9855,-0.0915924
101.0032,-0.0915941
101.0187,-0.091596
101.0362,-0.0915984
101.0526,-0.091603
101.0692,-0.0916082
101.0861,-0.0916116
101.1022,-0.0916162
101.1194,-0.0916175
101.136,-0.0916185
101.153,-0.0916205
101.1696,-0.0916231
101.1859,-0.0916278
101.202,-0.0916296
101.2188,-0.0916314
101.2358,-0.0916331
101.2522,-0.0916368
101.2693,-0.0916409
101.285,-0.0916474
101.3018,-0.0916517
101.3187,-0.0916568
101.3358,-0.0916616
101.3513,-0.0916662
101.3692,-0.0916727
101.3855,-0.0916776
101.4029,-0.0916809
101.4197,-0.0916824
101.4352,-0.0916847
101.4521,-0.0916865
101.469,-0.0916902
101.4861,-0.0916943
101.5023,-0.0917012
101.5191,-0.0917082
101.5351,-0.091716
101.5527,-0.0917214
101.5693,-0.0917269
101.5862,-0.0917337
101.6019,-0.0917373
101.619,-0.0917402
101.6363,-0.0917449
101.6525,-0.0917486
101.6694,-0.0917536
101.6855,-0.0917585
101.7027,-0.0917609
101.7204,-0.0917631
101.7358,-0.0917666
101.7524,-0.0917684
101.7693,-0.09177
101.7859,-0.0917717
101.8023,-0.091774
101.8199,-0.0917785
101.8355,-0.0917827
101.8516,-0.0917859
101.87,-0.0917905
101.8855,-0.0917938
101.9024,-0.0917962
101.919,-0.0917987
101.9357,-0.0918002
101.9525,-0.0918023
101.9693,-0.091805
101.9861,-0.0918074
102.0023,-0.0918096
102.0184,-0.091811
102.036,-0.0918144
102.0529,-0.0918193
102.0695,-0.0918254
102.0858,-0.0918309
102.1031,-0.0918372
102.1199,-0.0918427
102.1361,-0.0918468
102.1533,-0.0918517
102.17,-0.0918532
102.1856,-0.0918546
102.2034,-0.091856
102.2198,-0.091858
102.2366,-0.0918604
102.2528,-0.0918627
102.2695,-0.0918655
102.2865,-0.091869
102.3034,-0.0918737
102.32,-0.0918786
102.336,-0.0918806
102.352,-0.0918824
102.3693,-0.0918849
102.3858,-0.0918873
102.4018,-0.0918901
102.4196,-0.0918922
102.4358,-0.0918947
102.4528,-0.0918976
102.4696,-0.0919018
102.4854,-0.0919055
102.5031,-0.0919075
102.5198,-0.0919113
102.536,-0.0919162
102.5527,-0.0919204
102.5695,-0.0919252
102.5861,-0.0919311
102.6026,-0.0919345
102.619,-0.0919349
102.6365,-0.091936
102.6532,-0.0919375
102.6702,-0.0919386
102.6871,-0.0919412
102.7028,-0.091945
102.7195,-0.0919479
102.7369,-0.0919508
102.753,-0.0919539
102.7698,-0.0919557
102.7862,-0.0919589
102.803,-0.0919607
102.8195,-0.0919579
102.8363,-0.0919566
102.8525,-0.0919552
102.8702,-0.0919558
102.8858,-0.0919585
102.902,-0.091963
102.9193,-0.091968
102.9359,-0.0919748
102.9526,-0.0919809
102.9696,-0.0919873
102.9867,-0.0919929
103.0037,-0.0919946
103.0199,-0.0919958
103.0365,-0.0919971
103.0529,-0.0919975
103.07,-0.0919982
103.0863,-0.0919984
103.1032,-0.0920027
103.1196,-0.0920051
103.1357,-0.0920093
103.1538,-0.0920133
103.1696,-0.0920158
103.1867,-0.0920166
103.2025,-0.092017
103.2198,-0.092018
103.2364,-0.0920187
103.2528,-0.0920192
103.2695,-0.0920223
103.287,-0.0920264
103.3025,-0.0920308
103.3201,-0.0920355
103.3366,-0.0920394
103.3531,-0.0920438
103.37,-0.0920466
103.3864,-0.0920495
103.4028,-0.0920539
103.4195,-0.0920585
103.4362,-0.0920631
103.4525,-0.0920687
103.4699,-0.0920723
103.4868,-0.092075
103.5025,-0.0920776
103.5195,-0.0920785
103.5362,-0.0920811
103.5526,-0.092084
103.5698,-0.0920875
103.5863,-0.0920916
103.6028,-0.0920953
103.6202,-0.0921003
103.6365,-0.0921064
103.6529,-0.0921103
103.6696,-0.092115
103.687,-0.0921201
103.7035,-0.0921227
103.7201,-0.0921264
103.736,-0.0921314
103.7537,-0.0921357
103.7705,-0.09214
103.7862,-0.0921441
103.8034,-0.0921461
103.82,-0.0921491
103.8372,-0.0921504
103.8529,-0.0921521
103.8707,-0.0921541
103.8868,-0.0921576
103.903,-0.0921603
103.9207,-0.0921631
103.9364,-0.0921696
103.9537,-0.0921729
103.97,-0.0921766
103.9875,-0.0921793
104.0044,-0.092181
104.021,-0.0921833
104.037,-0.0921821
104.0539,-0.0921844
104.0705,-0.0921883
104.0868,-0.0921936
104.1035,-0.0921971
104.1198,-0.0922017
104.1374,-0.0922061
104.1544,-0.0922099
104.1704,-0.0922126
104.1872,-0.092215
104.2038,-0.0922169
104.2208,-0.0922185
104.238,-0.0922224
104.2535,-0.0922261
104.2707,-0.0922311
104.2875,-0.0922344
104.3051,-0.0922386
104.3215,-0.0922438
104.3371,-0.0922497
104.3533,-0.0922555
104.3705,-0.0922604
104.3876,-0.0922661
104.4035,-0.0922725
104.4209,-0.0922798
104.4378,-0.0922843
104.4531,-0.0922878
104.4715,-0.092292
104.487,-0.0922973
104.5035,-0.0923037
104.5208,-0.0923117
104.5381,-0.0923222
104.5546,-0.0923298
104.5708,-0.092337
104.5881,-0.0923435
104.605,-0.0923484
104.6216,-0.0923533
104.6371,-0.0923603
104.6542,-0.092369
104.6704,-0.092378
104.6874,-0.0923864
104.7039,-0.0923948
104.7211,-0.0924031
104.7379,-0.0924086
104.7541,-0.0924114
104.7706,-0.0924146
104.7872,-0.0924168
104.8047,-0.09242
104.8211,-0.0924219
104.8381,-0.0924242
104.855,-0.0924288
104.8714,-0.0924338
104.8882,-0.0924367
104.9042,-0.0924411
104.9207,-0.0924434
104.9381,-0.0924446
104.9548,-0.0924473
104.9705,-0.0924524
104.9876,-0.0924583
105.0046,-0.0924638
105.0203,-0.0924693
105.0379,-0.092475
105.0553,-0.0924818
105.0711,-0.0924887
105.088,-0.092497
105.1049,-0.092506
105.121,-0.0925124
105.1377,-0.0925187
105.1556,-0.0925256
105.1708,-0.0925299
105.1876,-0.0925317
105.2044,-0.092534
105.2211,-0.0925358
105.2374,-0.0925378
105.254,-0.0925401
105.2708,-0.092544
105.2879,-0.0925466
105.3046,-0.09255
105.3222,-0.0925516
105.3373,-0.0925548
105.3549,-0.0925597
105.3707,-0.0925634
105.3881,-0.0925684
105.4041,-0.0925742
105.4218,-0.0925819
105.4379,-0.0925893
105.4541,-0.0925968
105.4703,-0.092604
105.4877,-0.0926094
105.5046,-0.0926124
105.5211,-0.0926147
105.5378,-0.0926205
105.5539,-0.0926267
105.5708,-0.0926325
105.5878,-0.092634
105.6048,-0.0926396
105.6217,-0.0926452
105.6379,-0.0926498
105.6545,-0.0926546
105.6716,-0.0926568
105.6885,-0.0926587
105.7043,-0.0926588
105.7208,-0.092661
105.7386,-0.092663
105.7543,-0.0926648
105.7709,-0.0926674
105.7876,-0.0926724
105.8061,-0.0926769
105.8216,-0.0926812
105.8378,-0.0926843
105.8546,-0.0926876
105.8714,-0.0926901
105.8875,-0.092692
105.9047,-0.0926954
105.9208,-0.0927002
105.9386,-0.0927047
105.9546,-0.0927106
105.9717,-0.0927151
105.9877,-0.0927172
106.005,-0.0927184
106.021,-0.0927194
106.0377,-0.092721
106.0545,-0.0927248
106.0711,-0.0927276
106.0869,-0.0927292
106.1042,-0.092734
106.1204,-0.0927377
106.1379,-0.0927421
106.1541,-0.0927482
106.1708,-0.0927507
106.1877,-0.0927498
106.2042,-0.0927489
106.2212,-0.0927486
106.2377,-0.0927488
106.2546,-0.0927521
106.2703,-0.0927555
106.2877,-0.092762
106.3045,-0.0927697
106.3212,-0.0927798
106.3388,-0.0927888
106.3546,-0.0927988
106.3716,-0.092807
106.3878,-0.0928135
106.4052,-0.0928177
106.4205,-0.0928217
106.4379,-0.0928255
106.4542,-0.0928293
106.4709,-0.0928313
106.4877,-0.092832
106.5052,-0.0928342
106.5211,-0.0928353
106.5384,-0.0928367
106.5545,-0.0928394
106.5712,-0.0928433
106.588,-0.0928462
106.6047,-0.0928521
106.6212,-0.0928578
106.638,-0.0928643
106.6549,-0.092868
106.6701,-0.0928684
106.6878,-0.092869
106.7043,-0.0928694
106.7212,-0.0928712
106.7377,-0.0928729
106.7532,-0.092876
106.7712,-0.092879
106.7877,-0.092882
106.8046,-0.092885
106.8216,-0.0928918
106.8375,-0.0928993
106.8545,-0.0929056
106.8702,-0.0929101
106.8875,-0.0929129
106.9044,-0.0929161
106.9212,-0.0929216
106.9377,-0.0929273
106.9541,-0.0929325
106.9712,-0.0929372
106.9873,-0.0929397
107.0046,-0.0929434
107.0215,-0.0929489
107.0379,-0.0929553
107.0544,-0.0929616
107.0708,-0.0929669
107.0879,-0.0929694
107.1045,-0.0929747
107.1211,-0.0929801
107.1379,-0.092982
107.1542,-0.092985
107.1709,-0.0929857
107.188,-0.092987
107.2053,-0.0929894
107.2206,-0.0929925
107.2376,-0.0929961
107.2544,-0.0930007
107.272,-0.0930065
107.2882,-0.0930118
107.305,-0.0930174
107.321,-0.0930216
107.3387,-0.0930259
107.3556,-0.0930297
107.3717,-0.0930335
107.3884,-0.0930378
107.4048,-0.0930435
107.4224,-0.0930465
107.4389,-0.0930501
107.4548,-0.0930553
107.4719,-0.0930586
107.4893,-0.0930589
107.5062,-0.0930578
107.5211,-0.0930576
107.5385,-0.0930569
107.5549,-0.0930552
107.5719,-0.0930556
107.5883,-0.0930561
107.6045,-0.0930614
107.6213,-0.0930683
107.6378,-0.0930739
107.6551,-0.0930809
107.6714,-0.0930856
107.6894,-0.0930895
107.7059,-0.0930963
107.7222,-0.093101
107.7393,-0.0931066
107.7549,-0.093112
107.7726,-0.0931177
107.7884,-0.0931249
107.8048,-0.0931344
107.823,-0.0931442
107.839,-0.0931529
107.8553,-0.0931583
107.8722,-0.0931626
107.8889,-0.0931693
107.9059,-0.0931746
107.922,-0.0931782
107.9388,-0.0931803
107.9552,-0.0931829
107.973,-0.0931825
107.9888,-0.0931826
108.0047,-0.0931845
108.0226,-0.0931901
108.0395,-0.0931958
108.0552,-0.0932009
108.0718,-0.0932076
108.089,-0.0932141
108.106,-0.0932195
108.1223,-0.0932258
108.1383,-0.0932314
108.1562,-0.0932354
108.1723,-0.0932382
108.1889,-0.0932418
108.2057,-0.0932469
108.2226,-0.093252
108.239,-0.0932582
108.2549,-0.0932644
108.272,-0.0932712
108.2886,-0.093277
108.3052,-0.0932792
108.3219,-0.0932825
108.3393,-0.0932885
108.3557,-0.0932935
108.3729,-0.0932972
108.3883,-0.0933018
108.4049,-0.0933058
108.422,-0.0933096
108.4383,-0.0933111
108.4555,-0.0933169
108.4726,-0.0933214
108.4887,-0.0933257
108.5054,-0.0933291
108.5213,-0.0933305
108.5398,-0.0933349
108.5549,-0.0933414
108.5719,-0.0933473
108.5881,-0.0933542
108.6043,-0.0933604
108.6224,-0.0933649
108.6386,-0.0933676
108.6562,-0.093368
108.6718,-0.0933693
108.6889,-0.0933684
108.7058,-0.0933668
108.7213,-0.0933683
108.7378,-0.0933724
108.7549,-0.0933793
108.7718,-0.0933884
108.7888,-0.0933963
108.8056,-0.0934054
108.8226,-0.0934139
108.8389,-0.0934191
108.8558,-0.0934229
108.8723,-0.0934264
108.8891,-0.0934282
108.9059,-0.0934304
108.9222,-0.093433
108.938,-0.0934344
108.9551,-0.0934378
108.9725,-0.0934411
108.9887,-0.0934448
109.0055,-0.0934509
109.0218,-0.0934548
109.0386,-0.0934613
109.0555,-0.0934677
109.072,-0.0934766
109.0884,-0.0934836
109.1052,-0.0934905
109.1231,-0.0934928
109.1388,-0.0934939
109.1556,-0.0934948
109.1724,-0.0934952
109.1893,-0.0934951
109.2047,-0.0934951
109.2224,-0.0934965
109.2386,-0.0934989
109.2556,-0.0935051
109.2719,-0.0935135
109.289,-0.093522
109.306,-0.0935283
109.3224,-0.0935346
109.3391,-0.0935389
109.3562,-0.0935438
109.3727,-0.0935442
109.3892,-0.0935453
109.4064,-0.0935476
109.4224,-0.0935508
109.4389,-0.0935548
109.4556,-0.0935597
109.4721,-0.0935657
109.4889,-0.0935696
109.5057,-0.0935744
109.5224,-0.0935785
109.539,-0.0935827
109.5561,-0.0935867
109.5727,-0.0935909
109.5896,-0.0935967
109.6063,-0.0936011
109.6229,-0.0936061
109.6395,-0.0936094
109.6563,-0.0936143
109.6726,-0.0936174
109.6902,-0.0936211
109.7061,-0.0936241
109.7223,-0.0936265
109.7393,-0.0936314
109.756,-0.0936346
109.7732,-0.0936376
109.7896,-0.0936422
109.8058,-0.093646
109.8232,-0.0936501
109.8389,-0.0936536
109.8556,-0.0936569
109.8732,-0.093661
109.889,-0.0936659
109.9062,-0.0936713
109.9224,-0.0936763
109.9396,-0.0936806
109.9561,-0.093684
109.9726,-0.093687
109.9896,-0.0936919
110.0062,-0.0936958
110.0227,-0.0936983
110.0391,-0.0937009
110.0554,-0.0937033
110.0725,-0.0937062
110.089,-0.0937132
110.1055,-0.0937184
110.1222,-0.0937255
110.1385,-0.0937323
110.1562,-0.0937386
110.1729,-0.0937454
110.1888,-0.0937515
110.2063,-0.0937559
110.2225,-0.0937598
110.2391,-0.093764
110.2567,-0.0937681
110.2729,-0.0937736
110.2889,-0.0937757
110.3064,-0.0937782
110.3222,-0.0937835
110.3386,-0.0937878
110.3565,-0.0937938
110.3731,-0.0937994
110.3884,-0.0938058
110.4071,-0.0938116
110.4227,-0.0938172
110.4397,-0.0938209
110.4563,-0.0938275
110.4731,-0.0938324
110.489,-0.0938346
110.5065,-0.0938393
110.5229,-0.0938447
110.5391,-0.0938498
110.5559,-0.0938549
110.5733,-0.0938598
110.5897,-0.0938626
110.6068,-0.0938655
110.6229,-0.0938676
110.6397,-0.0938696
110.6562,-0.0938711
110.6728,-0.0938732
110.6895,-0.0938742
110.7057,-0.0938765
110.7226,-0.0938796
110.739,-0.0938844
110.7563,-0.0938881
110.7728,-0.0938937
110.7895,-0.0939003
110.806,-0.0939084
110.8227,-0.0939141
110.8395,-0.0939185
110.8568,-0.0939231
110.8729,-0.0939263
110.8908,-0.0939311
110.9058,-0.0939371
110.923,-0.0939432
110.9394,-0.0939476
110.956,-0.0939521
110.9725,-0.0939556
110.9906,-0.0939621
111.0068,-0.0939672
111.0222,-0.0939712
111.0392,-0.0939752
111.0561,-0.0939787
111.0726,-0.093982
111.09,-0.0939848
111.1065,-0.0939883
111.1232,-0.0939923
111.1393,-0.0939952
111.1571,-0.0939987
111.1733,-0.094003
111.1898,-0.0940091
111.2068,-0.0940146
111.2233,-0.0940215
111.2399,-0.0940267
111.2566,-0.0940325
111.2726,-0.0940375
111.2903,-0.0940424
111.3063,-0.0940467
111.3235,-0.0940506
111.3405,-0.0940554
111.3561,-0.0940611
111.3724,-0.0940667
111.3893,-0.0940711
111.4061,-0.0940753
111.4234,-0.0940781
111.44,-0.094081
111.4573,-0.0940832
111.4736,-0.0940848
111.4902,-0.0940855
111.5066,-0.0940857
111.5228,-0.0940878
111.5396,-0.0940891
111.5563,-0.0940934
111.573,-0.0940998
111.5899,-0.0941062
111.6059,-0.0941132
111.6224,-0.0941209
111.6404,-0.0941297
111.6574,-0.0941385
111.6739,-0.0941451
111.6893,-0.0941542
111.7064,-0.0941609
111.7242,-0.0941639
111.7407,-0.0941675
111.7576,-0.0941694
111.7734,-0.0941719
111.7899,-0.0941754
111.8063,-0.0941784
111.824,-0.0941803
111.8406,-0.0941836
111.8564,-0.094187
111.8732,-0.0941921
111.8898,-0.0941959
111.906,-0.0941999
111.9229,-0.0942053
111.9405,-0.0942113
111.9571,-0.0942196
111.9732,-0.0942258
111.9903,-0.0942322
112.0073,-0.0942377
112.0237,-0.0942446
112.0407,-0.094251
112.0569,-0.0942572
112.0743,-0.0942649
112.0906,-0.0942734
112.1069,-0.0942823
112.1234,-0.0942889
112.1403,-0.0942958
112.1572,-0.0943004
112.1741,-0.0943045
112.1916,-0.0943078
112.2064,-0.0943107
112.2239,-0.0943119
112.2406,-0.0943144
112.2568,-0.0943185
112.2741,-0.0943211
112.2902,-0.0943261
112.3076,-0.0943297
112.3241,-0.094334
112.3415,-0.0943369
112.3562,-0.0943388
112.3742,-0.0943422
112.3906,-0.0943426
112.407,-0.0943446
112.4242,-0.094347
112.4403,-0.0943521
112.4578,-0.094357
112.4727,-0.0943625
112.4904,-0.094369
112.5072,-0.0943757
112.5243,-0.0943847
112.5408,-0.0943927
112.5568,-0.0944038
112.5739,-0.0944147
112.5907,-0.0944221
112.6076,-0.0944272
112.6243,-0.0944312
112.6417,-0.0944361
112.6577,-0.0944401
112.6732,-0.094446
112.6908,-0.0944509
112.7069,-0.0944546
112.7236,-0.0944591
112.7411,-0.0944655
112.7584,-0.0944734
112.7747,-0.0944802
112.7912,-0.0944854
112.8078,-0.0944878
112.8243,-0.0944914
112.8412,-0.0944956
112.8579,-0.0944996
112.8737,-0.0945026
112.8909,-0.0945062
112.9075,-0.0945088
112.9253,-0.0945117
112.9408,-0.0945157
112.9573,-0.0945205
112.9745,-0.094526
112.991,-0.0945304
113.0079,-0.0945361
113.0246,-0.0945432
113.0406,-0.0945498
113.0577,-0.0945557
113.0743,-0.0945625
113.0912,-0.0945689
113.108,-0.0945724
113.125,-0.0945765
113.1419,-0.0945814
113.1576,-0.0945868
113.1747,-0.0945928
113.1913,-0.0945993
113.2077,-0.0946057
113.2251,-0.094613
113.2415,-0.0946197
113.2584,-0.0946242
113.2749,-0.0946293
113.2913,-0.0946328
113.3087,-0.094636
113.3243,-0.0946364
113.3411,-0.0946362
113.3577,-0.0946363
113.3743,-0.0946391
113.3908,-0.0946428
113.4066,-0.0946485
113.4238,-0.0946549
113.4411,-0.0946604
113.458,-0.0946673
113.4745,-0.0946747
113.4911,-0.094682
113.5078,-0.094688
113.5251,-0.0946916
113.5411,-0.0946952
113.5567,-0.0946991
113.5743,-0.0947029
113.5904,-0.0947064
113.6073,-0.0947112
113.6254,-0.0947175
113.6404,-0.0947244
113.6579,-0.0947307
113.6744,-0.0947377
113.6904,-0.0947445
113.7073,-0.0947528
113.7248,-0.0947617
113.7415,-0.0947696
113.7575,-0.0947758
113.7744,-0.0947808
113.7919,-0.094786
113.8089,-0.0947886
113.8245,-0.0947932
113.8414,-0.0947962
113.8577,-0.0947982
113.875,-0.0947986
113.8913,-0.0947989
113.9081,-0.0948002
113.9245,-0.0948012
113.9416,-0.0948036
113.9577,-0.0948067
113.9739,-0.0948117
113.9917,-0.0948167
114.0079,-0.0948227
114.025,-0.0948299
114.0407,-0.0948364
114.0584,-0.0948444
114.0748,-0.094853
114.0909,-0.0948589
114.1082,-0.0948647
114.1254,-0.0948686
114.142,-0.0948731
114.1587,-0.0948797
114.1752,-0.0948865
114.1919,-0.0948915
114.2075,-0.0948947
114.2249,-0.0948989
114.2414,-0.0949048
114.2579,-0.0949105
114.2749,-0.0949137
114.2914,-0.0949167
114.3085,-0.0949183
114.3252,-0.0949203
114.3421,-0.0949225
114.3585,-0.0949259
114.3749,-0.0949291
114.3914,-0.0949315
114.4079,-0.0949315
114.4249,-0.0949341
114.4413,-0.0949395
114.4574,-0.0949447
114.4751,-0.0949499
114.4911,-0.0949541
114.5088,-0.0949608
114.5255,-0.0949671
114.5413,-0.0949752
114.5581,-0.0949826
114.5749,-0.0949906
114.5906,-0.0949974
114.6083,-0.0950032
114.6254,-0.0950095
114.6415,-0.0950144
114.6588,-0.0950179
114.675,-0.0950236
114.6909,-0.0950287
114.7076,-0.0950333
114.7237,-0.0950393
114.7409,-0.0950454
114.7583,-0.0950529
114.7749,-0.0950603
114.7912,-0.0950661
114.8085,-0.0950701
114.8248,-0.0950722
114.8413,-0.0950735
114.8579,-0.095076
114.8749,-0.09508
114.8907,-0.0950835
114.9083,-0.0950894
114.924,-0.0950943
114.9413,-0.0950999
114.9579,-0.0951037
114.9744,-0.0951078
114.9918,-0.0951114
115.008,-0.0951157
115.0253,-0.0951209
115.0415,-0.0951268
115.0581,-0.0951324
115.0747,-0.0951373
115.0918,-0.0951429
115.1082,-0.0951503
115.1255,-0.0951579
115.1416,-0.0951645
115.1583,-0.0951718
115.1742,-0.0951779
115.192,-0.0951836
115.209,-0.0951887
115.2243,-0.0951923
115.242,-0.0951936
115.2579,-0.0951948
115.2741,-0.095195
115.291,-0.0951956
115.3074,-0.0951967
115.3241,-0.0951979
115.3417,-0.0952013
115.3578,-0.095206
115.375,-0.0952111
115.3908,-0.0952153
115.4076,-0.0952198
115.4244,-0.0952236
115.4411,-0.0952289
115.4576,-0.0952337
115.4746,-0.0952399
115.491,-0.0952482
115.5083,-0.095256
115.5243,-0.0952637
115.5412,-0.0952686
115.5577,-0.0952728
115.5751,-0.0952796
115.5912,-0.0952855
115.6081,-0.0952906
115.6238,-0.0952956
115.6406,-0.0952979
115.6592,-0.0952986
115.6748,-0.0953
115.6917,-0.0953036
115.7081,-0.0953092
115.7247,-0.095314
115.7417,-0.0953188
115.7581,-0.0953228
115.7759,-0.0953277
115.7928,-0.0953335
115.8086,-0.095342
115.8252,-0.0953446
115.8413,-0.0953451
115.8579,-0.0953444
115.8747,-0.0953426
115.8914,-0.0953426
115.9078,-0.0953437
115.9238,-0.0953459
115.9412,-0.0953481
115.9583,-0.095354
115.9754,-0.0953618
115.9922,-0.0953702
116.0082,-0.0953758
116.0251,-0.0953834
116.0424,-0.0953906
116.0585,-0.0953982
116.0747,-0.0954074
116.0915,-0.0954164
116.1087,-0.0954238
116.1254,-0.0954294
116.1421,-0.0954353
116.1587,-0.0954392
116.1742,-0.0954435
116.1918,-0.0954442
116.2087,-0.095447
116.2251,-0.0954512
116.2417,-0.0954579
116.2593,-0.0954664
116.2751,-0.0954741
116.2919,-0.0954816
116.3083,-0.0954873
116.326,-0.0954931
116.342,-0.0954972
116.3589,-0.0955036
116.3752,-0.0955076
116.392,-0.0955113
116.4094,-0.0955159
116.425,-0.0955226
116.4418,-0.0955286
116.4589,-0.0955322
116.4755,-0.0955366
116.4922,-0.0955401
116.5091,-0.0955433
116.525,-0.0955463
116.5423,-0.095551
116.5586,-0.0955555
116.5754,-0.0955606
116.5914,-0.0955654
116.6084,-0.0955713
116.6255,-0.0955786
116.6417,-0.0955853
116.6587,-0.09559
116.6744,-0.0955947
116.692,-0.0955988
116.7089,-0.0956021
116.7257,-0.0956075
116.7417,-0.0956145
116.7588,-0.0956217
116.7753,-0.0956285
116.7921,-0.0956346
116.8086,-0.0956408
116.8258,-0.0956466
116.8424,-0.0956525
116.8587,-0.0956585
116.8759,-0.095664
116.8916,-0.0956699
116.9083,-0.0956774
116.9257,-0.0956838
116.9419,-0.0956901
116.9595,-0.095697
116.9757,-0.0957043
116.993,-0.0957078
117.0088,-0.0957108
117.0261,-0.0957122
117.0422,-0.0957135
117.0588,-0.0957173
117.0755,-0.0957237
117.092,-0.0957293
117.109,-0.095735
117.1258,-0.0957395
117.1429,-0.095747
117.1593,-0.0957553
117.1756,-0.0957642
117.1924,-0.0957719
117.2089,-0.0957783
117.2263,-0.0957855
117.2425,-0.0957919
117.2594,-0.0957964
117.2751,-0.0958003
117.293,-0.0958055
117.3098,-0.095809
117.3265,-0.0958128
117.3427,-0.0958166
117.3597,-0.0958225
117.3758,-0.0958303
117.393,-0.0958397
117.4089,-0.0958469
117.4261,-0.0958541
117.4426,-0.0958607
117.4599,-0.09587
117.476,-0.0958764
117.4924,-0.0958798
117.5096,-0.0958837
117.5254,-0.0958892
117.5431,-0.0958961
117.5595,-0.0959039
117.5766,-0.0959113
117.5935,-0.0959175
117.6096,-0.0959232
117.6262,-0.0959298
117.6437,-0.0959359
117.6609,-0.0959393
117.6763,-0.0959423
117.6926,-0.0959468
117.71,-0.0959515
117.7265,-0.0959562
117.7423,-0.0959614
117.7601,-0.0959665
117.777,-0.0959709
117.7929,-0.0959756
117.8103,-0.0959805
117.826,-0.0959846
117.8426,-0.0959866
117.8586,-0.0959882
117.8761,-0.0959937
117.8927,-0.0959979
117.9096,-0.0960043
117.9263,-0.0960119
117.9433,-0.0960182
117.9597,-0.0960234
117.9759,-0.0960274
117.9933,-0.0960308
118.0091,-0.0960357
118.0256,-0.096041
118.0424,-0.0960457
118.0585,-0.0960494
118.0759,-0.0960559
118.0922,-0.096063
118.1095,-0.0960706
118.1255,-0.0960784
118.1425,-0.0960859
118.1598,-0.0960918
118.1755,-0.0960964
118.1925,-0.096101
118.2094,-0.096107
118.226,-0.0961124
118.2433,-0.0961162
118.2587,-0.096122
118.2761,-0.0961253
118.2925,-0.0961304
118.3091,-0.0961347
118.3258,-0.0961396
118.3426,-0.0961439
118.3595,-0.096147
118.3758,-0.0961493
118.3921,-0.0961517
118.4089,-0.0961544
118.4263,-0.096158
118.4413,-0.0961629
118.4583,-0.0961679
118.4759,-0.0961732
118.4919,-0.0961797
118.5097,-0.0961856
118.5256,-0.0961906
118.5426,-0.0961968
118.5591,-0.0962039
118.5763,-0.0962116
118.5916,-0.096219
118.6089,-0.0962258
118.6259,-0.0962322
118.6421,-0.0962359
118.6593,-0.0962369
118.6766,-0.0962391
118.6919,-0.0962384
118.7087,-0.0962357
118.7253,-0.0962363
118.7421,-0.0962369
118.7583,-0.0962383
118.7757,-0.0962409
118.7922,-0.0962438
118.8094,-0.096249
118.8256,-0.0962567
118.8419,-0.0962624
118.8584,-0.0962666
118.8758,-0.0962695
118.8923,-0.0962726
118.91,-0.0962778
118.9256,-0.0962841
118.9424,-0.09629
118.9576,-0.0962957
118.9758,-0.0962995
118.9926,-0.0963029
119.0096,-0.0963054
119.0259,-0.0963067
119.0421,-0.0963096
119.0595,-0.0963095
119.0758,-0.0963081
119.0918,-0.0963087
119.1084,-0.0963094
119.1262,-0.0963125
119.1432,-0.0963161
119.1592,-0.0963204
119.176,-0.096324
119.1922,-0.0963262
119.2094,-0.09633
119.2262,-0.0963322
119.243,-0.096336
119.2584,-0.0963369
119.2755,-0.0963388
119.2924,-0.0963432
119.3085,-0.0963477
119.3259,-0.0963546
119.3421,-0.0963621
119.3592,-0.0963685
119.3764,-0.0963755
119.3924,-0.0963836
119.4093,-0.0963884
119.4255,-0.0963921
119.4418,-0.0963967
119.4593,-0.0964003
119.4764,-0.0964045
119.493,-0.0964107
119.5092,-0.096415
119.5255,-0.0964186
119.5422,-0.0964224
119.5595,-0.0964284
119.5758,-0.0964352
119.5922,-0.0964419
119.6093,-0.0964479
119.6265,-0.0964548
119.6437,-0.0964609
119.6598,-0.096468
119.6762,-0.096474
119.6924,-0.0964778
119.7089,-0.0964796
119.7253,-0.0964835
119.743,-0.0964871
119.759,-0.096493
119.7757,-0.0965
119.7929,-0.0965074
119.8099,-0.0965145
119.8265,-0.096523
119.8433,-0.0965323
119.8596,-0.0965388
119.8773,-0.0965436
119.8926,-0.0965508
119.91,-0.0965554
119.9268,-0.09656
119.9431,-0.0965626
119.9596,-0.0965653
119.9763,-0.0965677
119.9933,-0.0965712
120.0101,-0.0965736
120.0262,-0.096578
120.0434,-0.0965813
120.0596,-0.0965857
120.0767,-0.0965914
120.0929,-0.0965966
120.1101,-0.0966008
120.1261,-0.0966041
120.1434,-0.0966057
120.1607,-0.0966063
120.1768,-0.096606
120.1929,-0.0966065
120.2097,-0.0966094
120.2251,-0.0966147
120.2423,-0.0966208
120.2591,-0.0966269
120.2766,-0.0966339
120.2932,-0.0966411
120.3095,-0.0966474
120.3265,-0.0966543
120.3436,-0.0966597
120.3603,-0.0966684
120.3764,-0.0966769
120.3926,-0.0966863
120.4101,-0.0966948
120.426,-0.0967001
120.4432,-0.0967047
120.4601,-0.0967079
120.4768,-0.0967114
120.4933,-0.0967131
120.51,-0.0967131
120.5268,-0.0967119
120.5432,-0.0967126
120.5603,-0.0967138
120.5756,-0.0967194
120.5937,-0.0967258
120.6095,-0.096734
120.6262,-0.0967396
120.6434,-0.0967417
120.6609,-0.0967434
120.6769,-0.0967459
120.6933,-0.0967479
120.71,-0.096751
120.7257,-0.0967534
120.7427,-0.096757
120.76,-0.0967638
120.7773,-0.0967708
120.793,-0.096778
120.8103,-0.0967845
120.8271,-0.0967904
120.8432,-0.0967938
120.8599,-0.0967975
120.876,-0.0968055
120.8937,-0.0968122
120.9097,-0.0968179
120.9271,-0.0968237
120.9439,-0.0968289
120.9603,-0.0968345
120.9771,-0.0968391
120.9933,-0.0968447
121.0108,-0.0968501
121.0271,-0.0968563
121.0443,-0.0968607
121.0612,-0.0968643
121.0772,-0.0968701
121.094,-0.0968765
121.1106,-0.0968812
121.1276,-0.0968831
121.1433,-0.0968848
121.161,-0.0968861
121.1774,-0.0968885
121.1943,-0.0968899
121.2098,-0.0968926
121.228,-0.0968969
121.2436,-0.0969016
121.261,-0.0969078
121.2776,-0.0969164
121.2938,-0.0969228
121.311,-0.0969282
121.328,-0.096933
121.3448,-0.0969367
121.3604,-0.0969399
121.3773,-0.0969419
121.3941,-0.0969443
121.4113,-0.0969461
121.4271,-0.0969491
121.4445,-0.0969527
121.4605,-0.0969563
121.4776,-0.0969603
121.495,-0.0969662
121.5104,-0.0969731
121.5277,-0.0969804
121.5434,-0.0969854
121.5605,-0.0969891
121.5773,-0.0969937
121.5935,-0.0969983
121.6102,-0.0970037
121.6269,-0.0970106
121.6433,-0.0970169
121.6607,-0.0970214
121.677,-0.0970268
121.6936,-0.0970319
121.7101,-0.0970366
121.7275,-0.0970421
121.744,-0.0970476
121.7599,-0.0970553
121.7772,-0.0970636
121.7932,-0.0970709
121.8105,-0.0970799
121.8273,-0.0970874
121.8443,-0.0970938
121.8597,-0.0971011
121.8771,-0.0971066
121.894,-0.0971085
121.9103,-0.09711
121.9275,-0.0971132
121.944,-0.0971184
121.9609,-0.0971227
121.9767,-0.0971269
121.9939,-0.097131
122.0117,-0.0971369
122.0268,-0.097142
122.0429,-0.0971473
122.0602,-0.0971493
122.0768,-0.0971525
122.0942,-0.0971569
122.1103,-0.0971628
122.1272,-0.0971692
122.1435,-0.097173
122.1618,-0.0971765
122.1784,-0.0971811
122.1945,-0.0971869
122.2104,-0.0971899
122.2271,-0.0971945
122.2437,-0.0971966
122.2611,-0.0972024
122.2774,-0.0972095
122.2939,-0.0972158
122.3109,-0.0972228
122.3276,-0.0972293
122.3451,-0.0972341
122.3608,-0.0972373
122.378,-0.0972415
122.3944,-0.0972459
122.4114,-0.0972488
122.4271,-0.0972515
122.4443,-0.0972565
122.4614,-0.0972592
122.4777,-0.0972628
122.4948,-0.0972682
122.5107,-0.0972761
122.5281,-0.0972826
122.5442,-0.0972885
122.5609,-0.0972931
122.5786,-0.0972985
122.5943,-0.0973041
122.6114,-0.0973103
122.6275,-0.0973168
122.645,-0.0973227
122.6619,-0.097328
122.6774,-0.0973337
122.6949,-0.0973396
122.712,-0.0973458
122.7279,-0.0973492
122.7448,-0.097353
122.7621,-0.0973568
122.7782,-0.0973603
122.7943,-0.0973624
122.8116,-0.0973638
122.8291,-0.0973663
122.8449,-0.0973677
122.8611,-0.0973689
122.878,-0.0973694
122.8946,-0.0973711
122.9118,-0.0973755
122.9283,-0.0973787
122.9443,-0.0973818
122.9615,-0.0973855
122.9779,-0.0973908
122.9947,-0.0973965
123.0109,-0.0974016
123.0285,-0.0974075
123.0452,-0.0974143
123.0613,-0.0974215
123.0784,-0.097431
123.095,-0.0974394
123.1116,-0.0974467
123.1286,-0.0974541
123.1449,-0.0974609
123.1625,-0.0974676
123.1779,-0.0974716
123.1945,-0.0974759
123.2119,-0.0974813
123.2286,-0.0974874
123.2454,-0.0974928
123.2618,-0.0975002
123.2785,-0.0975058
123.2952,-0.0975084
123.3116,-0.097512
123.3287,-0.0975158
123.3453,-0.0975211
123.3617,-0.0975239
123.3778,-0.0975245
123.3951,-0.0975251
123.4114,-0.0975256
123.4287,-0.097528
123.4449,-0.0975327
123.4613,-0.0975383
123.4777,-0.0975432
123.4937,-0.0975499
123.5117,-0.0975589
123.5275,-0.0975671
123.5443,-0.0975756
123.5609,-0.0975822
123.5782,-0.0975891
123.5957,-0.0975926
123.6117,-0.0975957
123.6282,-0.0975962
123.6445,-0.0975991
123.6615,-0.0976038
123.6778,-0.0976088
123.6947,-0.0976129
123.7118,-0.0976192
123.7273,-0.0976265
123.7446,-0.0976319
123.761,-0.0976356
123.7779,-0.0976361
123.7952,-0.0976386
123.8107,-0.0976417
123.8272,-0.097643
123.8438,-0.0976468
123.8602,-0.0976519
123.8777,-0.0976574
123.8944,-0.0976642
123.9105,-0.0976718
123.9285,-0.09768
123.9444,-0.0976876
123.9616,-0.0976948
123.9775,-0.0977057
123.9957,-0.0977133
124.0114,-0.0977202
124.0283,-0.097728
124.0453,-0.0977314
124.0615,-0.0977343
124.0786,-0.0977363
124.0947,-0.0977368
124.1123,-0.0977366
124.1276,-0.0977337
124.1448,-0.0977344
124.1611,-0.0977388
124.1787,-0.0977429
124.1945,-0.0977473
124.2112,-0.0977507
124.2292,-0.0977547
124.2448,-0.0977605
124.2618,-0.0977673
124.2781,-0.0977753
124.2948,-0.0977821
124.3112,-0.0977879
124.3283,-0.0977936
124.3448,-0.0977995
124.3623,-0.0978073
124.3788,-0.0978151
124.3957,-0.0978208
124.4121,-0.097825
124.4295,-0.0978279
124.4452,-0.0978287
124.463,-0.0978323
124.4793,-0.0978344
124.495,-0.0978372
124.5123,-0.0978368
124.5285,-0.0978401
124.5457,-0.0978414
124.5619,-0.0978421
124.5788,-0.0978456
124.5955,-0.0978479
124.6122,-0.0978546
124.6285,-0.0978617
124.6449,-0.0978681
124.6635,-0.0978765
124.6793,-0.0978825
124.6966,-0.09789
124.7126,-0.0978954
124.7297,-0.0978999
124.7457,-0.0979042
124.7621,-0.0979092
124.78,-0.0979155
124.7954,-0.0979242
124.8129,-0.0979322
124.8298,-0.0979401
124.846,-0.0979479
124.8624,-0.0979562
124.8791,-0.097965
124.8962,-0.0979704
124.9123,-0.097976
124.9293,-0.0979805
124.9466,-0.0979848
124.963,-0.097989
124.9793,-0.0979932
124.9957,-0.0979972
125.013,-0.0980003
125.0296,-0.0980036
125.0467,-0.0980083
125.0632,-0.098014
125.0795,-0.0980197
125.0966,-0.0980252
125.1128,-0.098032
125.1293,-0.0980385
125.146,-0.0980428
125.1633,-0.0980483
125.179,-0.0980512
125.1964,-0.098055
125.2133,-0.0980602
125.2295,-0.0980656
125.2456,-0.0980704
125.2625,-0.0980765
125.2803,-0.0980827
125.2969,-0.0980904
125.3126,-0.098096
125.3301,-0.098101
125.3468,-0.0981052
125.3627,-0.098109
125.3795,-0.0981137
125.3957,-0.0981183
125.4128,-0.0981224
125.4293,-0.0981267
125.4457,-0.098134
125.4623,-0.0981407
125.4786,-0.0981475
125.4954,-0.0981554
125.5124,-0.0981608
125.5293,-0.098167
125.5461,-0.0981728
125.5629,-0.0981796
125.5797,-0.0981883
125.5968,-0.0981979
125.6124,-0.0982074
125.629,-0.0982161
125.6459,-0.0982233
125.663,-0.0982275
125.6797,-0.0982311
125.6958,-0.0982348
125.7127,-0.0982389
125.7288,-0.0982411
125.7461,-0.098241
125.7624,-0.0982421
125.7789,-0.0982468
125.7962,-0.0982496
125.8132,-0.0982534
125.829,-0.0982573
125.8459,-0.0982621
125.8629,-0.0982658
125.8791,-0.0982701
125.8955,-0.0982762
125.9129,-0.0982802
125.9297,-0.0982838
125.9458,-0.0982887
125.9629,-0.0982936
125.9796,-0.0983004
125.9961,-0.098307
126.0129,-0.0983136
126.0295,-0.0983198
126.0462,-0.0983258
126.0629,-0.0983323
126.0801,-0.0983366
126.0968,-0.0983405
126.112,-0.0983439
126.1293,-0.0983492
126.1469,-0.0983538
126.1627,-0.0983581
126.1796,-0.0983628
126.196,-0.0983684
126.2135,-0.0983733
126.2293,-0.0983784
126.2464,-0.0983841
126.263,-0.0983897
126.28,-0.098395
126.2964,-0.0984014
126.3136,-0.0984103
126.3293,-0.0984175
126.3466,-0.0984243
126.3624,-0.0984292
126.3801,-0.0984318
126.3964,-0.098436
126.4135,-0.0984379
126.4298,-0.0984402
126.4463,-0.098443
126.4623,-0.0984431
126.4807,-0.0984449
126.4963,-0.0984488
126.5134,-0.0984534
126.5297,-0.0984576
126.5457,-0.0984626
126.5631,-0.0984658
126.58,-0.0984715
126.5966,-0.0984753
126.6127,-0.0984814
126.63,-0.0984854
126.6461,-0.0984896
126.6634,-0.0984942
126.6797,-0.0985002
126.6963,-0.0985066
126.7127,-0.0985129
126.7299,-0.0985223
126.7462,-0.0985293
126.7629,-0.0985337
126.7795,-0.0985377
126.7969,-0.09854
126.8143,-0.0985424
126.8295,-0.0985431
126.8471,-0.0985464
126.8636,-0.0985518
126.8795,-0.0985576
126.8961,-0.0985658
126.912,-0.0985754
126.9298,-0.0985849
126.9478,-0.0985922
126.9631,-0.0986004
126.9799,-0.0986084
126.9964,-0.0986158
127.0138,-0.0986223
127.0296,-0.0986269
127.0464,-0.0986356
127.0634,-0.0986448
127.0803,-0.0986539
127.0971,-0.0986599
127.1133,-0.0986653
127.1302,-0.0986671
127.1473,-0.0986684
127.1641,-0.0986695
127.18,-0.0986709
127.1967,-0.0986734
127.2125,-0.0986758
127.2293,-0.0986809
127.2459,-0.0986874
127.2632,-0.0986951
127.2808,-0.0987005
127.2967,-0.098705
127.3132,-0.0987096
127.3301,-0.098715
127.347,-0.0987181
127.3632,-0.0987208
127.38,-0.0987249
127.3972,-0.0987299
127.4135,-0.0987369
127.43,-0.0987446
127.4462,-0.0987518
127.4642,-0.0987563
127.4804,-0.0987603
127.496,-0.0987644
127.5126,-0.0987695
127.53,-0.0987726
127.5469,-0.0987748
127.5632,-0.0987761
127.58,-0.09878
127.5976,-0.0987835
127.6131,-0.0987899
127.6296,-0.0987974
127.6471,-0.0988033
127.6635,-0.0988082
127.6803,-0.098811
127.6967,-0.0988155
127.7136,-0.098822
127.7294,-0.0988282
127.746,-0.0988341
127.7633,-0.0988402
127.7809,-0.0988424
127.7969,-0.0988467
127.8147,-0.0988516
127.8298,-0.0988566
127.8472,-0.0988616
127.8637,-0.0988657
127.8803,-0.0988689
127.8967,-0.0988747
127.9143,-0.0988803
127.9311,-0.0988873
127.9473,-0.0988952
127.9641,-0.0989018
127.9817,-0.0989067
127.9972,-0.0989102
128.0146,-0.0989108
128.0307,-0.0989123
128.047,-0.0989139
128.0634,-0.0989136
128.0802,-0.0989169
128.0966,-0.0989196
128.1135,-0.0989239
128.1305,-0.0989297
128.1469,-0.0989356
128.1644,-0.0989396
128.1802,-0.0989459
128.1971,-0.0989518
128.2142,-0.0989565
128.2306,-0.0989604
128.2473,-0.0989647
128.2641,-0.0989707
128.2809,-0.0989762
128.2969,-0.0989825
128.3139,-0.0989889
128.3304,-0.0989951
128.3468,-0.099
128.3638,-0.0990047
128.3798,-0.0990098
128.3961,-0.0990159
128.414,-0.0990238
128.4306,-0.0990323
128.4476,-0.0990396
128.4634,-0.0990483
128.4801,-0.0990558
128.4973,-0.0990616
128.5139,-0.0990663
128.5294,-0.0990718
128.5465,-0.0990785
128.5637,-0.0990853
128.5806,-0.0990918
128.596,-0.0990988
128.6135,-0.0991056
128.6298,-0.0991105
128.6471,-0.0991163
128.664,-0.0991223
128.6808,-0.0991288
128.6967,-0.0991339
128.7135,-0.0991417
128.7297,-0.0991481
128.7456,-0.0991564
128.7629,-0.0991643
128.7796,-0.0991717
128.7972,-0.0991768
128.8142,-0.0991812
128.8306,-0.0991842
128.8469,-0.0991864
128.8631,-0.099188
128.8806,-0.09919
128.8967,-0.0991946
128.9134,-0.0992024
128.9302,-0.0992105
128.9465,-0.0992166
128.9637,-0.0992209
128.9804,-0.0992258
128.9969,-0.0992289
129.0131,-0.0992318
129.03,-0.0992334
129.0471,-0.0992352
129.0632,-0.099236
129.0801,-0.0992377
129.0968,-0.0992417
129.113,-0.0992471
129.13,-0.0992517
129.1461,-0.099259
129.1629,-0.0992658
129.1802,-0.0992717
129.1971,-0.0992757
129.2135,-0.0992793
129.2312,-0.099282
129.2464,-0.0992825
129.2642,-0.0992832
129.2796,-0.0992837
129.2974,-0.0992849
129.3139,-0.0992858
129.3301,-0.0992889
129.3469,-0.099293
129.364,-0.0992982
129.3804,-0.0993035
129.397,-0.0993103
129.4137,-0.0993173
129.4304,-0.0993245
129.4472,-0.0993315
129.4644,-0.099338
129.4803,-0.0993437
129.4983,-0.0993468
129.5137,-0.0993509
129.5302,-0.0993534
129.5472,-0.0993535
129.5643,-0.0993552
129.581,-0.0993558
129.5975,-0.0993585
129.6143,-0.0993616
129.6306,-0.0993637
129.6488,-0.0993662
129.6646,-0.0993696
129.6813,-0.0993744
129.6975,-0.0993814
129.7144,-0.0993894
129.7319,-0.0993961
129.7478,-0.0994022
129.7643,-0.0994084
129.7814,-0.0994137
129.7971,-0.0994198
129.8146,-0.0994239
129.831,-0.0994276
129.8472,-0.0994326
129.8642,-0.099439
129.8819,-0.0994474
129.8987,-0.0994584
129.9142,-0.0994684
129.9314,-0.0994775
129.9484,-0.0994852
129.9654,-0.0994903
129.982,-0.0994945
129.9984,-0.0994997
130.0145,-0.0995034
130.0314,-0.0995059
130.0477,-0.099508
130.0644,-0.0995109
130.0815,-0.0995176
130.0978,-0.0995224
130.1147,-0.0995273
130.1309,-0.0995345
130.1476,-0.0995408
130.1647,-0.0995462
130.1809,-0.0995519
130.198,-0.0995578
130.2145,-0.0995658
130.2307,-0.0995715
130.2467,-0.0995768
130.2645,-0.0995836
130.2815,-0.0995904
130.2986,-0.0995968
130.3141,-0.0996031
130.3318,-0.0996079
130.3479,-0.0996113
130.3656,-0.0996147
130.3808,-0.0996191
130.3972,-0.099624
130.414,-0.0996291
130.4319,-0.0996369
130.4476,-0.0996459
130.4656,-0.0996559
130.4815,-0.099663
130.4978,-0.0996695
130.5151,-0.0996739
130.5302,-0.0996772
130.5475,-0.0996809
130.5641,-0.0996861
130.581,-0.0996928
130.5978,-0.0997005
130.6148,-0.0997096
130.6316,-0.0997198
130.6477,-0.0997301
130.6643,-0.0997398
130.6807,-0.0997468
130.6978,-0.0997539
130.7141,-0.0997581
130.7316,-0.0997647
130.7476,-0.0997705
130.7641,-0.0997764
130.7816,-0.0997827
130.7979,-0.0997872
130.8148,-0.0997937
130.8308,-0.0998009
130.8481,-0.0998099
130.864,-0.0998181
130.8813,-0.0998258
130.8983,-0.0998307
130.914,-0.0998358
130.9313,-0.099838
130.9477,-0.09984
130.9639,-0.0998403
130.9808,-0.0998433
130.9974,-0.0998479
131.0136,-0.0998551
131.0299,-0.099862
131.0471,-0.0998694
131.0651,-0.0998787
131.0801,-0.099889
131.0978,-0.0999005
131.1135,-0.0999101
131.1318,-0.0999165
131.1481,-0.0999208
131.1644,-0.0999271
131.1813,-0.0999329
131.1973,-0.099939
131.2145,-0.0999452
131.2311,-0.0999508
131.2475,-0.0999557
131.2651,-0.099963
131.2815,-0.0999686
131.298,-0.0999738
131.3153,-0.0999769
131.3303,-0.0999805
131.3471,-0.0999837
131.364,-0.0999865
131.3808,-0.0999882
131.398,-0.0999888
131.4145,-0.0999911
131.4308,-0.0999927
131.4475,-0.0999943
131.4634,-0.0999962
131.4805,-0.0999978
131.4969,-0.0999997
131.5138,-0.100004
131.5302,-0.100012
131.5472,-0.100022
131.564,-0.100033
131.5808,-0.100043
131.5978,-0.100053
131.6136,-0.100059
131.6308,-0.100064
131.6476,-0.100066
131.6641,-0.10007
131.681,-0.100072
131.6975,-0.100075
131.7147,-0.100077
131.7303,-0.100082
131.7478,-0.100088
131.7638,-0.100093
131.7804,-0.1001
131.7973,-0.100106
131.8141,-0.100112
131.8303,-0.100114
131.8469,-0.100119
131.8637,-0.100123
131.8806,-0.100127
131.8972,-0.100128
131.9124,-0.100132
131.9306,-0.100137
131.9467,-0.100142
131.9634,-0.100146
131.9807,-0.100149
131.9976,-0.100155
132.0141,-0.10016
132.0314,-0.100164
132.0468,-0.100167
132.0634,-0.10017
132.0808,-0.100174
132.0976,-0.100181
132.1132,-0.100188
132.1311,-0.100199
132.1465,-0.100208
132.1642,-0.100215
132.181,-0.100222
132.1971,-0.100232
132.2145,-0.100239
132.2308,-0.100247
132.247,-0.100252
132.265,-0.100255
132.2809,-0.100257
132.298,-0.100258
132.3152,-0.100262
132.3313,-0.100264
132.348,-0.100264
132.3643,-0.100266
132.3811,-0.10027
132.3984,-0.100273
132.4141,-0.100276
132.4307,-0.10028
132.4479,-0.100282
132.4649,-0.100283
132.4807,-0.100285
132.4977,-0.100288
132.5139,-0.100291
132.5307,-0.100295
132.5478,-0.100301
132.5642,-0.10031
132.581,-0.100321
132.5972,-0.100331
132.6147,-0.100341
132.6308,-0.100349
132.6479,-0.100358
132.6646,-0.100364
132.6817,-0.100369
132.6983,-0.100374
132.7151,-0.100378
132.7313,-0.100383
132.7483,-0.100387
132.7645,-0.100394
132.7815,-0.100403
132.7985,-0.100411
132.8152,-0.100419
132.8316,-0.100427
132.8484,-0.100433
132.8646,-0.100436
132.8814,-0.100439
132.8987,-0.100442
132.9153,-0.100446
132.9319,-0.10045
132.9469,-0.100455
132.9646,-0.10046
132.982,-0.100464
132.9987,-0.100468
133.0147,-0.100476
133.0318,-0.100482
133.0483,-0.100486
133.0647,-0.100491
133.0816,-0.100498
133.0987,-0.100509
133.1153,-0.100518
133.1312,-0.100528
133.1484,-0.100537
133.1651,-0.100541
133.1826,-0.100544
133.1985,-0.100548
133.2149,-0.100552
133.2319,-0.100555
133.2477,-0.100558
133.2648,-0.100561
133.2811,-0.100565
133.2987,-0.100568
133.3152,-0.100573
133.3322,-0.100579
133.3475,-0.100583
133.3645,-0.100589
133.3811,-0.100592
133.3977,-0.100599
133.4149,-0.100608
133.4323,-0.100617
133.4482,-0.100626
133.465,-0.100632
133.4819,-0.100639
133.4984,-0.100641
133.5148,-0.100645
133.5312,-0.100648
133.5477,-0.100649
133.565,-0.100649
133.5802,-0.100652
133.5978,-0.100658
133.6147,-0.100665
133.6305,-0.100674
133.6473,-0.100684
133.6643,-0.100694
133.6819,-0.100702
133.6968,-0.10071
133.7143,-0.100721
133.7303,-0.100728
133.7482,-0.100733
133.7637,-0.100736
133.7814,-0.100743
133.799,-0.10075
133.8151,-0.100757
133.8318,-0.100764
133.8491,-0.100773
133.8649,-0.100782
133.8811,-0.100787
133.898,-0.100793
133.915,-0.100798
133.9318,-0.100802
133.9488,-0.100805
133.9651,-0.100807
133.9823,-0.100809
133.9986,-0.10081
134.0153,-0.100811
134.0317,-0.100811
134.049,-0.100813
134.0643,-0.100816
134.0814,-0.100819
134.0985,-0.100823
134.1151,-0.10083
134.1313,-0.100835
134.1478,-0.10084
134.1648,-0.100844
134.1818,-0.10085
134.1986,-0.100856
134.215,-0.100858
134.2308,-0.100861
134.2485,-0.100867
134.2652,-0.100874
134.2817,-0.100881
134.299,-0.100887
134.3149,-0.100893
134.3319,-0.100897
134.3492,-0.1009
134.3648,-0.100903
134.381,-0.100906
134.398,-0.100906
134.415,-0.100909
134.4316,-0.100912
134.4477,-0.100916
134.4645,-0.100924
134.481,-0.100931
134.4984,-0.10094
134.5149,-0.100948
134.5317,-0.100956
134.5488,-0.100964
134.5648,-0.100972
134.5815,-0.100975
134.5984,-0.100981
134.6148,-0.100984
134.6319,-0.100988
134.6487,-0.100992
134.665,-0.100995
134.6815,-0.100998
134.6976,-0.101003
134.7148,-0.101009
134.7313,-0.101018
134.7485,-0.101027
134.7646,-0.101035
134.782,-0.101043
134.7984,-0.101051
134.8154,-0.101056
134.8323,-0.101063
134.8491,-0.10107
134.8661,-0.101073
134.8824,-0.101077
134.8983,-0.101079
134.9152,-0.10108
134.9318,-0.101086
134.9481,-0.101092
134.9652,-0.101099
134.9814,-0.101108
134.999,-0.101115
135.0152,-0.101125
135.0321,-0.101135
135.0489,-0.101143
135.0658,-0.10115
135.0823,-0.101154
135.099,-0.101159
135.1157,-0.101163
135.1317,-0.101167
135.1488,-0.10117
135.164,-0.101177
135.1826,-0.101183
135.1986,-0.101188
135.2158,-0.101193
135.2316,-0.101198
135.2485,-0.101204
135.2648,-0.101209
135.2821,-0.101213
135.2986,-0.101222
135.3153,-0.101229
135.3319,-0.101234
135.3484,-0.101241
135.3658,-0.101247
135.3822,-0.101254
135.3981,-0.10126
135.4158,-0.101267
135.4318,-0.101272
135.4484,-0.10128
135.4648,-0.101284
135.4822,-0.101291
135.4984,-0.101297
135.5155,-0.101304
135.5318,-0.101312
135.5497,-0.101321
135.5655,-0.101328
135.582,-0.101337
135.5981,-0.101345
135.6155,-0.101353
135.6318,-0.101358
135.6478,-0.101363
135.6657,-0.101367
135.682,-0.10137
135.6983,-0.101374
135.7152,-0.10138
135.7312,-0.101389
135.7478,-0.101395
135.7652,-0.101404
135.7824,-0.101414
135.799,-0.101424
135.8154,-0.101432
135.8311,-0.10144
135.849,-0.101447
135.8653,-0.101452
135.8811,-0.101457
135.8992,-0.101462
135.9156,-0.101468
135.932,-0.101472
135.9492,-0.10148
135.9654,-0.101489
135.9824,-0.101499
135.9994,-0.101508
136.0155,-0.101515
136.032,-0.101523
136.0495,-0.101531
136.066,-0.101535
136.0822,-0.101538
136.0989,-0.101542
136.116,-0.101543
136.1319,-0.101548
136.1495,-0.101556
136.1654,-0.101565
136.1829,-0.101574
136.1989,-0.101585
136.2164,-0.101596
136.2327,-0.101605
136.2489,-0.101612
136.2659,-0.101617
136.2823,-0.101619
136.2998,-0.101621
136.3155,-0.101624
136.3319,-0.101627
136.3495,-0.101632
136.3652,-0.101638
136.3827,-0.101646
136.3989,-0.101658
136.4155,-0.101665
136.4323,-0.101672
136.4489,-0.101681
136.4649,-0.101687
136.4828,-0.101694
136.4973,-0.101697
136.5156,-0.101701
136.5323,-0.101705
136.5491,-0.10171
136.5653,-0.101716
136.5821,-0.101723
136.5989,-0.101729
136.6152,-0.101735
136.6322,-0.10174
136.6488,-0.101746
136.666,-0.101752
136.6824,-0.101757
136.6982,-0.101761
136.7141,-0.101766
136.7317,-0.101771
136.7489,-0.101778
136.7657,-0.101785
136.7816,-0.101794
136.7985,-0.101802
136.8154,-0.101809
136.8315,-0.101818
136.8484,-0.101825
136.8653,-0.101834
136.882,-0.101841
136.8992,-0.101848
136.9164,-0.101855
136.9318,-0.101863
136.9492,-0.10187
136.9649,-0.101877
136.9821,-0.101884
136.9984,-0.101892
137.0148,-0.101901
137.0314,-0.101907
137.0495,-0.101911
137.0661,-0.101917
137.0824,-0.101919
137.0996,-0.101922
137.115,-0.101925
137.1327,-0.10193
137.1495,-0.101938
137.165,-0.101945
137.1819,-0.101952
137.1989,-0.10196
137.216,-0.101967
137.233,-0.101973
137.2494,-0.101981
137.2659,-0.101987
137.2828,-0.101991
137.2986,-0.101995
137.3161,-0.101999
137.3326,-0.102003
137.349,-0.102008
137.3663,-0.102015
137.3819,-0.102023
137.399,-0.102031
137.4156,-0.102039
137.432,-0.102047
137.4497,-0.102052
137.4659,-0.102058
137.4827,-0.102063
137.499,-0.102068
137.5162,-0.102071
137.5324,-0.102075
137.5494,-0.102078
137.5662,-0.102082
137.583,-0.102087
137.599,-0.102088
137.6155,-0.102092
137.6323,-0.102094
137.6491,-0.102098
137.6656,-0.102101
137.6816,-0.102108
137.6998,-0.102114
137.7161,-0.102123
137.7321,-0.102133
137.7485,-0.102142
137.7656,-0.102154
137.7824,-0.102164
137.7994,-0.102172
137.8162,-0.10218
137.8319,-0.102187
137.8493,-0.102194
137.8656,-0.102202
137.8827,-0.10221
137.8996,-0.102219
137.9162,-0.102229
137.9328,-0.102237
137.9496,-0.102245
137.966,-0.102252
137.9822,-0.102258
138.0001,-0.102264
138.0173,-0.10227
138.0334,-0.102275
138.0491,-0.10228
138.0667,-0.102289
138.0831,-0.102297
138.0995,-0.102307
138.1158,-0.102315
138.1334,-0.102323
138.1506,-0.102332
138.167,-0.10234
138.1836,-0.102349
138.1994,-0.10236
138.2165,-0.102368
138.2332,-0.102375
138.2499,-0.102383
138.2663,-0.102388
138.2832,-0.102393
138.2999,-0.102397
138.316,-0.102401
138.3333,-0.102404
138.3499,-0.102408
138.367,-0.102415
138.383,-0.102424
138.3994,-0.102436
138.4169,-0.102446
138.4333,-0.102454
138.4495,-0.102461
138.4659,-0.102467
138.4843,-0.102473
138.4989,-0.102478
138.5155,-0.102484
138.5325,-0.10249
138.5491,-0.102495
138.5659,-0.102505
138.5827,-0.102517
138.5991,-0.102526
138.6159,-0.102537
138.6324,-0.102547
138.6503,-0.102557
138.6661,-0.102567
138.6823,-0.102576
138.6991,-0.102584
138.7163,-0.102591
138.7328,-0.102599
138.7495,-0.102606
138.7662,-0.102612
138.7827,-0.102617
138.7997,-0.102624
138.8165,-0.10263
138.8323,-0.102636
138.8485,-0.102641
138.8656,-0.10265
138.8826,-0.102658
138.8988,-0.102665
138.9158,-0.102674
138.9331,-0.102684
138.9493,-0.102691
138.9654,-0.1027
138.9822,-0.102712
138.9992,-0.102724
139.0152,-0.102737
139.0323,-0.102748
139.0497,-0.102757
139.0665,-0.102763
139.0827,-0.102766
139.0992,-0.102769
139.1155,-0.10277
139.1323,-0.102771
139.1492,-0.102772
139.1656,-0.102773
139.1826,-0.102776
139.1988,-0.102781
139.2157,-0.102786
139.2322,-0.10279
139.2493,-0.102795
139.266,-0.1028
139.2821,-0.102805
139.2985,-0.102811
139.316,-0.102815
139.3322,-0.10282
139.349,-0.102825
139.3659,-0.102831
139.3823,-0.102836
139.3993,-0.102839
139.4152,-0.102842
139.4323,-0.102845
139.4492,-0.102848
139.4662,-0.102851
139.4818,-0.102855
139.499,-0.102857
139.5158,-0.102859
139.5318,-0.102862
139.5484,-0.102867
139.5651,-0.102873
139.5817,-0.102881
139.5979,-0.102889
139.6149,-0.102897
139.6327,-0.102903
139.649,-0.102908
139.6655,-0.102913
139.6819,-0.102918
139.6982,-0.102921
139.7152,-0.102925
139.7316,-0.102931
139.7484,-0.102939
139.7656,-0.102945
139.7814,-0.102952
139.7993,-0.102957
139.8165,-0.102962
139.8323,-0.102965
139.8486,-0.102969
139.865,-0.102974
139.8817,-0.102976
139.8985,-0.10298
139.9154,-0.102988
139.9321,-0.102994
139.9495,-0.103002
139.9651,-0.103009
139.9826,-0.103017
139.9996,-0.103024
140.0164,-0.103028
140.0327,-0.103031
140.0488,-0.103036
140.0662,-0.103042
140.083,-0.103048
140.0993,-0.103053
140.1154,-0.103058
140.133,-0.103065
140.1492,-0.10307
140.1654,-0.103076
140.1829,-0.103081
140.1985,-0.103087
140.2168,-0.103094
140.2323,-0.103103
140.2496,-0.103112
140.2661,-0.103119
140.283,-0.103126
140.2995,-0.103129
140.3163,-0.103135
140.3327,-0.10314
140.3491,-0.103146
140.3656,-0.103154
140.3829,-0.103164
140.3992,-0.103175
140.4153,-0.103183
140.4336,-0.103188
140.45,-0.103193
140.4667,-0.103199
140.4828,-0.103206
140.4995,-0.103215
140.5157,-0.10322
140.5327,-0.103229
140.5486,-0.103241
140.5665,-0.103252
140.5821,-0.103263
140.5998,-0.103273
140.6162,-0.103281
140.6329,-0.103289
140.6492,-0.103295
140.6664,-0.103301
140.6831,-0.103305
140.6996,-0.103311
140.7163,-0.103317
140.733,-0.103325
140.7489,-0.103334
140.7659,-0.103342
140.7826,-0.10335
140.7986,-0.103357
140.8168,-0.103366
140.8327,-0.103377
140.8493,-0.103386
140.8655,-0.103396
140.8829,-0.103406
140.8997,-0.103415
140.9161,-0.103424
140.9321,-0.103434
140.9494,-0.103445
140.966,-0.103454
140.9825,-0.103461
141.0002,-0.10347
141.0161,-0.103479
141.0328,-0.103488
141.0504,-0.103497
141.0658,-0.103504
141.0825,-0.103511
141.0995,-0.103518
141.1165,-0.103526
141.133,-0.103536
141.1492,-0.103545
141.1665,-0.103552
141.1827,-0.103557
141.1991,-0.103563
141.2161,-0.10357
141.2322,-0.103577
141.2501,-0.103584
141.2659,-0.103592
141.2838,-0.1036
141.3,-0.103608
141.317,-0.103618
141.3339,-0.103626
141.3503,-0.103633
141.3666,-0.103637
141.3834,-0.103642
141.3997,-0.103645
141.416,-0.10365
141.4323,-0.103655
141.4492,-0.103661
141.4664,-0.103667
141.4834,-0.103675
141.4995,-0.103684
141.5163,-0.103693
141.5335,-0.103703
141.5496,-0.103713
141.5662,-0.103725
141.5829,-0.103734
141.6002,-0.103745
141.6165,-0.103754
141.6333,-0.103764
141.6501,-0.103773
141.6665,-0.103778
141.683,-0.103782
141.6994,-0.103788
141.7172,-0.103794
141.7328,-0.103802
141.7495,-0.103809
141.7662,-0.103816
141.7839,-0.103826
141.8001,-0.103835
141.8161,-0.103847
141.8345,-0.103857
141.8504,-0.103867
141.8669,-0.103876
141.8829,-0.103886
141.8993,-0.103894
141.9166,-0.103903
141.9327,-0.103913
141.9496,-0.10392
141.9667,-0.103925
141.9843,-0.10393
141.9997,-0.103935
142.0166,-0.103942
142.033,-0.103951
142.049,-0.103959
142.0665,-0.103968
142.083,-0.10398
142.1003,-0.103992
142.1166,-0.104005
142.1334,-0.104017
142.15,-0.104029
142.1661,-0.10404
142.1834,-0.104052
142.2001,-0.104065
142.2171,-0.104079
142.2335,-0.104088
142.2506,-0.1041
142.2667,-0.10411
142.2843,-0.104118
142.3006,-0.104124
142.3167,-0.104129
142.3336,-0.104133
142.3504,-0.104137
142.3666,-0.104144
142.3831,-0.104152
142.4004,-0.104161
142.4163,-0.104171
142.4333,-0.104182
142.4504,-0.104195
142.4668,-0.104205
142.4833,-0.104211
142.5004,-0.104216
142.5169,-0.10422
142.5335,-0.104226
142.5507,-0.104231
142.5662,-0.104235
142.5828,-0.10424
142.6004,-0.104248
142.6172,-0.104259
142.6331,-0.104271
142.6498,-0.104282
142.6673,-0.104291
142.6848,-0.1043
142.7007,-0.104309
142.7164,-0.104318
142.7335,-0.104327
142.75,-0.104335
142.7666,-0.104345
142.7839,-0.104356
142.8003,-0.104368
142.8176,-0.10438
142.8337,-0.104391
142.8506,-0.1044
142.8672,-0.104407
142.8831,-0.104414
142.9,-0.104422
142.9171,-0.104431
142.9346,-0.104438
142.9495,-0.104447
142.9673,-0.104455
142.9834,-0.104463
143.0012,-0.10447
143.0171,-0.104477
143.0345,-0.104485
143.0504,-0.10449
143.0666,-0.104495
143.0843,-0.1045
143.1006,-0.104504
143.1184,-0.104509
143.1339,-0.104516
143.1511,-0.104522
143.1669,-0.10453
143.1838,-0.104539
143.2012,-0.104548
143.2168,-0.104558
143.2345,-0.104568
143.2507,-0.104577
143.2672,-0.104584
143.2837,-0.104589
143.3006,-0.104595
143.3175,-0.1046
143.3341,-0.104608
143.3506,-0.104619
143.3664,-0.10463
143.3835,-0.104641
143.4001,-0.104652
143.4173,-0.104665
143.4345,-0.104678
143.4511,-0.104691
143.4673,-0.104701
143.4847,-0.10471
143.5009,-0.104716
143.5183,-0.104723
143.5347,-0.104728
143.5511,-0.104735
143.5672,-0.104741
143.5842,-0.10475
143.6,-0.10476
143.6165,-0.104772
143.6341,-0.104789
143.6513,-0.104804
143.668,-0.104819
143.6842,-0.104834
143.701,-0.104848
143.7181,-0.104859
143.7345,-0.104871
143.7508,-0.10488
143.7677,-0.104888
143.7848,-0.104895
143.8005,-0.104901
143.8182,-0.104909
143.8346,-0.104917
143.8506,-0.104924
143.8669,-0.104932
143.8848,-0.104942
143.9015,-0.104951
143.9174,-0.104964
143.9345,-0.104976
143.9508,-0.104988
143.9677,-0.104999
143.9843,-0.10501
144.0014,-0.10502
144.0178,-0.105029
144.0347,-0.105039
144.0509,-0.105048
144.0675,-0.105058
144.0837,-0.105069
144.1005,-0.10508
144.1175,-0.105092
144.1344,-0.105104
144.1514,-0.105115
144.1684,-0.105129
144.1838,-0.105142
144.2001,-0.105157
144.2173,-0.105172
144.2348,-0.105186
144.2512,-0.105199
144.2683,-0.105212
144.2849,-0.105228
144.3014,-0.105239
144.3176,-0.105249
144.335,-0.105258
144.3507,-0.105265
144.3678,-0.105274
144.3845,-0.105285
144.4013,-0.105296
144.4176,-0.10531
144.434,-0.105323
144.4503,-0.105336
144.4677,-0.105348
144.484,-0.105361
144.5009,-0.10537
144.5175,-0.105377
144.5348,-0.105384
144.5509,-0.105391
144.5671,-0.105403
144.5841,-0.105413
144.6006,-0.105422
144.6172,-0.105433
144.6334,-0.105442
144.6512,-0.105451
144.6675,-0.105459
144.684,-0.105468
144.7009,-0.105474
144.7162,-0.105482
144.7336,-0.105491
144.7505,-0.1055
144.7676,-0.105511
144.7832,-0.105523
144.8009,-0.105537
144.8168,-0.10555
144.8335,-0.105564
144.8503,-0.105579
144.8668,-0.105593
144.8842,-0.105607
144.9011,-0.10562
144.9177,-0.105635
144.9343,-0.105645
144.9509,-0.105656
144.9671,-0.105664
144.9845,-0.105673
145.001,-0.105681
145.0168,-0.10569
145.0343,-0.105698
145.0502,-0.105706
145.0676,-0.105716
145.0838,-0.105728
145.1005,-0.105741
145.1167,-0.105751
145.1344,-0.105764
145.1504,-0.105776
145.1678,-0.105791
145.1846,-0.105805
145.201,-0.105817
145.2177,-0.105824
145.235,-0.105833
145.2516,-0.10584
145.2671,-0.105846
145.2842,-0.105854
145.3011,-0.105862
145.3183,-0.105868
145.3344,-0.105877
145.3512,-0.105888
145.3679,-0.105898
145.3838,-0.105907
145.4007,-0.105916
145.4186,-0.105927
145.4338,-0.105938
145.4509,-0.10595
145.4675,-0.10596
145.4849,-0.105969
145.5012,-0.105979
145.5175,-0.105989
145.5342,-0.106
145.5506,-0.106011
145.567,-0.106018
145.584,-0.106025
145.6011,-0.106033
145.6178,-0.106042
145.6339,-0.106052
145.6501,-0.106062
145.6672,-0.106071
145.6837,-0.106082
145.7009,-0.106093
145.7173,-0.106104
145.7333,-0.106115
145.751,-0.106127
145.7673,-0.106137
145.7842,-0.106146
145.8011,-0.106156
145.8185,-0.106166
145.834,-0.106174
145.8501,-0.106183
145.8675,-0.106191
145.8845,-0.106201
145.901,-0.106212
145.9175,-0.106224
145.9333,-0.106239
145.9504,-0.106251
145.9669,-0.106262
145.9848,-0.106271
146.0017,-0.10628
146.018,-0.106288
146.0336,-0.106295
146.051,-0.106302
146.0682,-0.106309
146.0846,-0.106318
146.1012,-0.106326
146.1181,-0.106336
146.1339,-0.106344
146.1502,-0.106354
146.1676,-0.106364
146.1838,-0.106375
146.2007,-0.106386
146.2176,-0.106398
146.2348,-0.106408
146.251,-0.10642
146.2675,-0.106433
146.2843,-0.106446
146.3017,-0.106458
146.3173,-0.106469
146.3351,-0.106477
146.3517,-0.106487
146.3678,-0.106499
146.3847,-0.10651
146.4003,-0.106521
146.4183,-0.106531
146.4343,-0.106541
146.4518,-0.106553
146.4686,-0.106564
146.4843,-0.106576
146.5016,-0.106588
146.5178,-0.1066
146.5355,-0.106609
146.5511,-0.106621
146.5686,-0.106635
146.585,-0.106648
146.6009,-0.106662
146.6174,-0.106677
146.6359,-0.106693
146.6519,-0.106707
146.6675,-0.10672
146.6855,-0.106733
146.7018,-0.106747
146.7192,-0.106759
146.7352,-0.106769
146.7516,-0.106781
146.7684,-0.106794
146.7852,-0.106806
146.8015,-0.106818
146.8186,-0.106831
146.8351,-0.106846
146.8512,-0.106861
146.8682,-0.106875
146.8844,-0.106889
146.9015,-0.106901
146.9181,-0.106911
146.935,-0.106925
146.951,-0.106937
146.968,-0.10695
146.985,-0.106962
147.0014,-0.106973
147.0186,-0.106982
147.0354,-0.106994
147.0519,-0.107004
147.0685,-0.107016
147.0848,-0.107031
147.1017,-0.107044
147.1176,-0.107056
147.1351,-0.10707
147.1515,-0.107084
147.1691,-0.1071
147.1855,-0.107115
147.2016,-0.107129
147.2189,-0.107142
147.2352,-0.107156
147.2518,-0.107171
147.2686,-0.107183
147.2855,-0.107194
147.3013,-0.107204
147.3187,-0.107214
147.3357,-0.107226
147.3516,-0.107236
147.3678,-0.107246
147.3848,-0.107258
147.4019,-0.107269
147.4185,-0.107284
147.435,-0.107299
147.4513,-0.107313
147.468,-0.107327
147.485,-0.107339
147.5023,-0.107353
147.5184,-0.107367
147.5344,-0.107382
147.5517,-0.107397
147.5684,-0.107411
147.5847,-0.107423
147.6012,-0.107438
147.6178,-0.107453
147.6341,-0.107466
147.6524,-0.107478
147.668,-0.107493
147.6848,-0.107507
147.7012,-0.10752
147.718,-0.107535
147.7349,-0.107551
147.7515,-0.107569
147.7682,-0.107586
147.7849,-0.107602
147.8015,-0.107617
147.8179,-0.107632
147.8352,-0.107646
147.8515,-0.107662
147.8683,-0.107679
147.8851,-0.107695
147.9028,-0.107709
147.9188,-0.107724
147.9362,-0.107737
147.9523,-0.107751
147.969,-0.107763
147.9854,-0.107773
148.0024,-0.107784
148.0188,-0.107797
148.0353,-0.107811
148.0523,-0.107823
148.0682,-0.107836
148.0856,-0.107848
148.1023,-0.107859
148.1187,-0.107872
148.1346,-0.107883
148.1521,-0.107897
148.1688,-0.107909
148.185,-0.107922
148.2023,-0.107934
148.219,-0.107948
148.2348,-0.107962
148.2516,-0.107976
148.2684,-0.107991
148.2847,-0.108006
148.3022,-0.108019
148.3188,-0.108035
148.3354,-0.108048
148.3522,-0.10806
148.3692,-0.108074
148.3852,-0.108086
148.4024,-0.108098
148.4181,-0.108112
148.4355,-0.108124
148.4521,-0.108137
148.4683,-0.108152
148.4849,-0.108167
148.5019,-0.108185
148.5185,-0.108202
148.5357,-0.10822
148.552,-0.108238
148.5689,-0.108253
148.586,-0.108267
148.6026,-0.108278
148.6196,-0.108289
148.6355,-0.108302
148.652,-0.108314
148.6692,-0.108328
148.6852,-0.108344
148.7021,-0.108363
148.719,-0.108382
148.736,-0.108399
148.7523,-0.108416
148.7691,-0.10843
148.7861,-0.108446
148.8019,-0.108463
148.8188,-0.108477
148.8354,-0.108489
148.8518,-0.1085
148.8687,-0.108515
148.8861,-0.10853
148.9025,-0.108545
148.9185,-0.108561
148.9359,-0.108578
148.953,-0.108593
148.9686,-0.108609
148.9853,-0.108628
149.0034,-0.108645
149.0188,-0.108661
149.0354,-0.108677
149.0527,-0.108694
149.0699,-0.108711
149.0858,-0.108728
149.1029,-0.108743
149.12,-0.108758
149.1356,-0.108772
149.1532,-0.108786
149.1698,-0.1088
149.1858,-0.108812
149.2026,-0.108826
149.2192,-0.108841
149.2363,-0.108854
149.2526,-0.108867
149.2693,-0.108881
149.2853,-0.108897
149.3021,-0.108911
149.3183,-0.108927
149.3359,-0.108942
149.3525,-0.108957
149.3691,-0.108974
149.3859,-0.108989
149.4023,-0.109006
149.419,-0.109021
149.4359,-0.109035
149.4521,-0.10905
149.4691,-0.109067
149.486,-0.109083
149.5014,-0.109098
149.5187,-0.109113
149.5361,-0.109126
149.552,-0.109139
149.5686,-0.109152
149.5853,-0.109168
149.6022,-0.109184
149.6185,-0.1092
149.6349,-0.109218
149.6517,-0.109234
149.6697,-0.109251
149.6853,-0.10927
149.7022,-0.109287
149.7189,-0.109304
149.7352,-0.10932
149.7526,-0.109333
149.7688,-0.109347
149.7851,-0.10936
149.8026,-0.109372
149.8188,-0.109385
149.8355,-0.109398
149.8517,-0.109412
149.8685,-0.109426
149.8852,-0.10944
149.9028,-0.109455
149.9185,-0.109473
149.9354,-0.109492
149.9516,-0.109509
149.9697,-0.109523
149.9848,-0.109535
150.002,-0.109549
150.0189,-0.109561
150.0355,-0.109574
150.0518,-0.109589
150.0688,-0.109606
150.0851,-0.109622
150.1018,-0.109639
150.1188,-0.109656
150.1349,-0.109675
150.1519,-0.109693
150.1689,-0.10971
150.1857,-0.109724
150.2026,-0.109739
150.2189,-0.109755
150.2354,-0.109768
150.2524,-0.109783
150.2689,-0.109798
150.2856,-0.109813
150.3022,-0.109831
150.3179,-0.109847
150.335,-0.109863
150.3515,-0.109879
150.3688,-0.109895
150.3853,-0.109914
150.402,-0.109933
150.4186,-0.109951
150.4357,-0.109967
150.4524,-0.109983
150.4689,-0.109999
150.4848,-0.110017
150.5024,-0.110032
150.5183,-0.110048
150.5351,-0.110063
150.5513,-0.11008
150.5689,-0.110095
150.5847,-0.110111
150.6019,-0.110126
150.6184,-0.11014
150.6353,-0.110156
150.6517,-0.110173
150.6687,-0.11019
150.6849,-0.110207
150.7018,-0.110223
150.7189,-0.110241
150.7357,-0.110255
150.752,-0.110268
150.7688,-0.110281
150.7859,-0.110294
150.803,-0.110306
150.8188,-0.110319
150.8359,-0.110331
150.8524,-0.110343
150.8701,-0.110354
150.8859,-0.110365
150.9025,-0.110377
150.9185,-0.11039
150.9353,-0.110403
150.9527,-0.110413
150.9686,-0.110424
150.9867,-0.110439
151.0028,-0.110456
151.019,-0.110469
151.0349,-0.110483
151.0523,-0.110498
151.0692,-0.110512
151.086,-0.110528
151.1033,-0.110547
151.1192,-0.110563
151.1362,-0.110578
151.1525,-0.110595
151.1701,-0.110611
151.1869,-0.110626
151.2025,-0.11064
151.2195,-0.110653
151.2372,-0.110666
151.2536,-0.110681
151.2697,-0.110697
151.287,-0.110714
151.3043,-0.110729
151.3201,-0.110745
151.3375,-0.110761
151.3539,-0.110777
151.3706,-0.110791
151.3872,-0.110806
151.4043,-0.110822
151.4206,-0.110841
151.4371,-0.110861
151.4532,-0.110881
151.4709,-0.110901
151.4873,-0.110919
151.5048,-0.110937
151.5209,-0.110953
151.537,-0.11097
151.5541,-0.110987
151.5701,-0.111005
151.5878,-0.111024
151.6044,-0.111043
151.6213,-0.111062
151.6376,-0.111083
151.6538,-0.111104
151.6722,-0.111124
151.6875,-0.111144
151.7044,-0.111165
151.721,-0.111189
151.7384,-0.111214
151.7538,-0.111236
151.7713,-0.111257
151.789,-0.11128
151.8046,-0.111303
151.8209,-0.111323
151.8377,-0.111342
151.8546,-0.11136
151.8724,-0.111376
151.8877,-0.111394
151.9037,-0.111412
151.9212,-0.111432
151.9384,-0.11145
151.954,-0.111467
151.971,-0.111487
151.987,-0.111506
152.0049,-0.111524
152.0212,-0.111544
152.0367,-0.111567
152.0552,-0.11159
152.0705,-0.111613
152.0871,-0.111635
152.1042,-0.111658
152.1213,-0.111682
152.1373,-0.111704
152.1542,-0.111728
152.171,-0.111749
152.1879,-0.11177
152.204,-0.111791
152.2209,-0.11181
152.2379,-0.111826
152.2545,-0.111843
152.271,-0.111861
152.2877,-0.111881
152.3036,-0.111901
152.3199,-0.111921
152.3368,-0.111942
152.3535,-0.111964
152.3711,-0.111986
152.387,-0.11201
152.403,-0.112034
152.4194,-0.112058
152.4374,-0.112081
152.4529,-0.112107
152.4698,-0.112133
152.4875,-0.112159
152.5042,-0.112182
152.5208,-0.112201
152.5375,-0.112223
152.5539,-0.112243
152.5704,-0.112262
152.5867,-0.112282
152.6033,-0.1123
152.6204,-0.112319
152.6362,-0.112339
152.6525,-0.112359
152.6695,-0.11238
152.6868,-0.1124
152.7031,-0.112418
152.7196,-0.112437
152.7362,-0.112459
152.7525,-0.112483
152.7693,-0.112505
152.786,-0.112528
152.8023,-0.11255
152.8193,-0.11257
152.8364,-0.112591
152.8527,-0.112613
152.869,-0.112634
152.8856,-0.112653
152.9023,-0.112672
152.9187,-0.112691
152.9367,-0.112708
152.9519,-0.112724
152.9691,-0.112738
152.9852,-0.112754
153.003,-0.112769
153.0188,-0.112783
153.0353,-0.112798
153.0517,-0.112813
153.0685,-0.112828
153.0855,-0.112843
153.1017,-0.112858
153.1187,-0.112873
153.1357,-0.112888
153.1522,-0.112905
153.1693,-0.112923
153.1852,-0.11294
153.2017,-0.112957
153.2188,-0.112975
153.2354,-0.112993
153.2522,-0.113009
153.2692,-0.113025
153.2861,-0.113042
153.3032,-0.113059
153.3184,-0.113074
153.3357,-0.113089
153.3518,-0.113103
153.3687,-0.113117
153.3858,-0.113132
153.4017,-0.113148
153.4186,-0.113164
153.4352,-0.113182
153.4528,-0.113198
153.4687,-0.113214
153.485,-0.113231
153.503,-0.113248
153.5185,-0.113266
153.5355,-0.113282
153.5514,-0.113298
153.5688,-0.113314
153.5866,-0.113328
153.6017,-0.113341
153.6188,-0.113352
153.6354,-0.113364
153.6519,-0.113377
153.6684,-0.113391
153.6854,-0.113405
153.7005,-0.113418
153.719,-0.113432
153.7353,-0.113448
153.7524,-0.113466
153.7686,-0.113483
153.7856,-0.113502
153.8024,-0.113519
153.8184,-0.113536
153.8356,-0.113555
153.851,-0.113575
153.8683,-0.113594
153.8853,-0.113614
153.9017,-0.113634
153.9195,-0.113653
153.9357,-0.113673
153.9529,-0.11369
153.9685,-0.113708
153.9855,-0.113726
154.0022,-0.113741
154.0194,-0.113756
154.0351,-0.113771
154.052,-0.113788
154.0691,-0.113805
154.0856,-0.113824
154.1025,-0.113843
154.1194,-0.113864
154.1357,-0.11388
154.1524,-0.113896
154.1692,-0.113913
154.1861,-0.113929
154.2023,-0.113947
154.2189,-0.113965
154.2348,-0.113984
154.2524,-0.114003
154.2692,-0.114021
154.2859,-0.114039
154.3018,-0.114057
154.319,-0.114076
154.3356,-0.114094
154.3515,-0.114112
154.3687,-0.114131
154.3853,-0.114154
154.4025,-0.114175
154.4186,-0.114195
154.4351,-0.114216
154.452,-0.114237
154.4683,-0.114257
154.4856,-0.114278
154.5028,-0.114297
154.5196,-0.114315
154.5358,-0.11433
154.5519,-0.114348
154.5688,-0.114365
154.586,-0.114382
154.6023,-0.114401
154.6184,-0.114422
154.6356,-0.114444
154.652,-0.114467
154.6685,-0.114488
154.6856,-0.114509
154.7027,-0.114529
154.719,-0.114545
154.7359,-0.114559
154.7531,-0.114575
154.7692,-0.114592
154.786,-0.114609
154.8022,-0.114629
154.8189,-0.114648
154.836,-0.114665
154.8524,-0.114685
154.8695,-0.114705
154.8862,-0.114726
154.9022,-0.114746
154.9185,-0.114766
154.9358,-0.114787
154.9528,-0.11481
154.9702,-0.11483
154.9864,-0.114851
155.0035,-0.114871
155.0193,-0.114889
155.0355,-0.114907
155.0519,-0.114925
155.0694,-0.114942
155.0862,-0.11496
155.1022,-0.114977
155.1198,-0.114996
155.1363,-0.115016
155.1524,-0.115032
155.1687,-0.115047
155.1856,-0.115064
155.2025,-0.11508
155.2185,-0.115096
155.2354,-0.115117
155.2517,-0.115138
155.2685,-0.115159
155.2857,-0.115183
155.3024,-0.115205
155.319,-0.115224
155.3362,-0.11524
155.3531,-0.115255
155.3698,-0.115271
155.3856,-0.115287
155.4029,-0.115303
155.4188,-0.115322
155.436,-0.115342
155.4523,-0.115363
155.469,-0.115384
155.4856,-0.115407
155.5028,-0.11543
155.5198,-0.115451
155.536,-0.115469
155.5529,-0.115487
155.5696,-0.115506
155.5856,-0.115524
155.6023,-0.115541
155.6187,-0.11556
155.636,-0.115577
155.6529,-0.115595
155.6688,-0.115612
155.686,-0.11563
155.7025,-0.115651
155.7201,-0.115671
155.7362,-0.115691
155.7519,-0.115711
155.7692,-0.115727
155.7861,-0.115742
155.8027,-0.115759
155.8194,-0.115776
155.8351,-0.115793
155.851,-0.115808
155.8687,-0.115826
155.8858,-0.115845
155.9017,-0.115865
155.9194,-0.115886
155.9354,-0.115908
155.9527,-0.115928
155.9688,-0.115947
155.9854,-0.115968
156.0022,-0.115988
156.0184,-0.116009
156.0351,-0.116028
156.0515,-0.116048
156.0688,-0.116067
156.0854,-0.116086
156.1022,-0.116103
156.1186,-0.11612
156.1348,-0.116136
156.1519,-0.116153
156.169,-0.116169
156.1853,-0.116187
156.2014,-0.116206
156.2189,-0.116227
156.2353,-0.116249
156.2518,-0.116272
156.2688,-0.116296
156.2851,-0.116318
156.3023,-0.116338
156.3194,-0.11636
156.3359,-0.11638
156.3532,-0.116399
156.3692,-0.116415
156.3859,-0.116432
156.4032,-0.116448
156.4189,-0.116465
156.4357,-0.116485
156.4522,-0.116503
156.4694,-0.116519
156.4866,-0.116536
156.5022,-0.116555
156.519,-0.116575
156.5353,-0.116592
156.5522,-0.116609
156.5695,-0.116626
156.5859,-0.116643
156.6022,-0.116657
156.619,-0.116673
156.6355,-0.116689
156.6524,-0.116705
156.6693,-0.116724
156.685,-0.116744
156.7026,-0.116765
156.7189,-0.116786
156.7357,-0.11681
156.7526,-0.116833
156.7694,-0.116854
156.7854,-0.116875
156.802,-0.116893
156.8194,-0.116912
156.8363,-0.116931
156.8524,-0.116949
156.8693,-0.116968
156.886,-0.116987
156.9026,-0.117005
156.9189,-0.117023
156.9353,-0.117042
156.953,-0.117062
156.9693,-0.117082
156.9861,-0.117102
157.003,-0.117122
157.0193,-0.117141
157.0358,-0.11716
157.0528,-0.117179
157.0692,-0.117196
157.0856,-0.117214
157.1034,-0.117234
157.1188,-0.117254
157.1368,-0.117274
157.1532,-0.117293
157.1703,-0.117312
157.1864,-0.117329
157.2029,-0.117348
157.2193,-0.117363
157.2363,-0.117378
157.2521,-0.11739
157.2692,-0.117402
157.2852,-0.117417
157.3023,-0.117433
157.3197,-0.117452
157.3357,-0.117472
157.3528,-0.117494
157.3698,-0.117515
157.3863,-0.117534
157.4026,-0.117552
157.419,-0.117572
157.4369,-0.11759
157.4527,-0.117607
157.47,-0.117624
157.4858,-0.117644
157.5028,-0.117663
157.5194,-0.117678
157.5361,-0.117698
157.5529,-0.117715
157.5703,-0.117732
157.586,-0.117751
157.603,-0.11777
157.6196,-0.117787
157.6354,-0.117807
157.6523,-0.117827
157.6702,-0.117847
157.686,-0.117866
157.7027,-0.117883
157.7198,-0.1179
157.736,-0.117918
157.7523,-0.117933
157.769,-0.11795
157.7853,-0.117968
157.803,-0.117988
157.8196,-0.118009
157.8354,-0.118034
157.8516,-0.118063
157.8687,-0.118088
157.8867,-0.118109
157.9034,-0.118129
157.9197,-0.118149
157.9369,-0.118167
157.9537,-0.118186
157.9696,-0.118205
157.9861,-0.118224
158.003,-0.118244
158.0196,-0.118264
158.0361,-0.118286
158.0531,-0.118308
158.0703,-0.118328
158.0862,-0.118346
158.1032,-0.118363
158.1189,-0.118379
158.1364,-0.118397
158.153,-0.118414
158.1698,-0.11843
158.1863,-0.118449
158.2026,-0.11847
158.2196,-0.118492
158.2366,-0.118512
158.2529,-0.11853
158.269,-0.118549
158.287,-0.118569
158.3023,-0.118589
158.3193,-0.118607
158.3356,-0.118625
158.3521,-0.118644
158.3695,-0.118662
158.386,-0.118681
158.4024,-0.118701
158.4195,-0.118717
158.4367,-0.118733
158.4524,-0.118749
158.4689,-0.118766
158.4855,-0.118784
158.5029,-0.118802
158.5193,-0.11882
158.5362,-0.118842
158.5523,-0.118866
158.5692,-0.11889
158.5852,-0.118914
158.6023,-0.118935
158.6193,-0.118958
158.6361,-0.118979
158.6525,-0.118999
158.6687,-0.119017
158.6851,-0.119032
158.7026,-0.119046
158.7188,-0.119061
158.735,-0.119078
158.7518,-0.119095
158.7684,-0.119113
158.7853,-0.119132
158.8016,-0.119154
158.8189,-0.119174
158.8353,-0.119194
158.8519,-0.119214
158.8686,-0.119233
158.8855,-0.119253
158.9022,-0.119274
158.9181,-0.119296
158.9357,-0.119316
158.9523,-0.119334
158.9693,-0.119353
158.9866,-0.119371
159.0021,-0.119388
159.0186,-0.119403
159.0356,-0.119415
159.0514,-0.119428
159.0688,-0.11944
159.0852,-0.119454
159.1018,-0.119469
159.1182,-0.119486
159.1348,-0.119504
159.1514,-0.119523
159.1686,-0.119542
159.184,-0.119562
159.2014,-0.119581
159.2186,-0.119597
159.2345,-0.119612
159.2518,-0.119628
159.2681,-0.119643
159.2848,-0.119659
159.3011,-0.119673
159.3181,-0.119689
159.3356,-0.119704
159.3521,-0.119722
159.3689,-0.11974
159.3846,-0.119757
159.4018,-0.119774
159.4185,-0.119792
159.4352,-0.119809
159.4515,-0.119825
159.4683,-0.119844
159.485,-0.119861
159.5024,-0.119878
159.5189,-0.119895
159.5347,-0.119912
159.5518,-0.119929
159.5683,-0.119947
159.5855,-0.119964
159.6019,-0.11998
159.6183,-0.119998
159.6353,-0.120014
159.6523,-0.12003
159.6691,-0.120046
159.6853,-0.120061
159.7024,-0.120075
159.7179,-0.120087
159.7347,-0.120102
159.7521,-0.120117
159.7677,-0.120133
159.784,-0.120151
159.8017,-0.120171
159.8192,-0.120191
159.8361,-0.12021
159.8515,-0.12023
159.8687,-0.120243
159.8855,-0.120255
159.9022,-0.120266
159.9184,-0.120278
159.9353,-0.120292
159.9505,-0.120308
159.9684,-0.120326
159.9854,-0.120343
160.0015,-0.120359
160.0189,-0.120377
160.0351,-0.120395
160.0525,-0.120413
160.0685,-0.120429
160.0853,-0.120444
160.1021,-0.120457
160.1188,-0.120471
160.1357,-0.120483
160.1519,-0.120497
160.1691,-0.120513
160.1853,-0.120528
160.2028,-0.120543
160.2191,-0.120559
160.2359,-0.120578
160.2521,-0.120597
160.2693,-0.120616
160.2849,-0.120632
160.3025,-0.120647
160.3188,-0.120664
160.336,-0.120683
160.3519,-0.120702
160.3685,-0.120721
160.3856,-0.120738
160.4035,-0.120754
160.4195,-0.12077
160.4346,-0.120787
160.4521,-0.120805
160.4692,-0.120822
160.4855,-0.12084
160.5031,-0.120857
160.519,-0.120875
160.536,-0.12089
160.5527,-0.120905
160.5695,-0.12092
160.5854,-0.120934
160.6021,-0.120948
160.6195,-0.120964
160.6358,-0.120979
160.6527,-0.120997
160.6697,-0.121015
160.6862,-0.121032
160.7024,-0.121047
160.7191,-0.121062
160.736,-0.121076
160.752,-0.121092
160.7684,-0.12111
160.786,-0.121129
160.8022,-0.121148
160.8182,-0.121168
160.836,-0.121188
160.8524,-0.121208
160.869,-0.121225
160.8863,-0.121241
160.9034,-0.121257
160.9196,-0.121273
160.936,-0.121287
160.9521,-0.121302
160.9687,-0.121317
160.9861,-0.121334
161.0025,-0.121353
161.0198,-0.121371
161.0354,-0.121388
161.0522,-0.121404
161.0693,-0.12142
161.087,-0.121439
161.1015,-0.121458
161.1187,-0.121476
161.1357,-0.121494
161.1529,-0.12151
161.1697,-0.121523
161.1859,-0.121538
161.2017,-0.121552
161.2194,-0.121565
161.2359,-0.121577
161.2518,-0.121591
161.269,-0.12161
161.2854,-0.12163
161.3029,-0.12165
161.3196,-0.121671
161.3362,-0.12169
161.353,-0.121709
161.3696,-0.121728
161.3865,-0.121746
161.4028,-0.121762
161.4189,-0.121779
161.4362,-0.121795
161.4527,-0.121811
161.4695,-0.121828
161.4854,-0.121844
161.5033,-0.121861
161.5197,-0.121875
161.5357,-0.121888
161.5524,-0.121902
161.5694,-0.121919
161.5863,-0.121933
161.6026,-0.121951
161.6188,-0.121971
161.6362,-0.121986
161.6533,-0.122002
161.6695,-0.12202
161.6866,-0.122039
161.7034,-0.122056
161.7196,-0.122071
161.7364,-0.122088
161.7533,-0.122106
161.7694,-0.122123
161.7862,-0.12214
161.8039,-0.122157
161.8199,-0.12217
161.8366,-0.122183
161.8535,-0.122197
161.8691,-0.122213
161.8871,-0.122227
161.9029,-0.12224
161.9183,-0.122252
161.9364,-0.122266
161.9531,-0.122279
161.9689,-0.122291
161.9859,-0.122302
162.0023,-0.122311
162.0203,-0.12232
162.036,-0.122329
162.0531,-0.122341
162.0697,-0.122355
162.0857,-0.12237
162.1024,-0.122386
162.1197,-0.122403
162.1359,-0.122421
162.1537,-0.122437
162.1698,-0.122454
162.1873,-0.122468
162.2033,-0.12248
162.2197,-0.122491
162.2365,-0.122501
162.2534,-0.122513
162.2701,-0.122527
162.2868,-0.122542
162.3039,-0.12256
162.3196,-0.122576
162.3369,-0.122592
162.3537,-0.122607
162.3706,-0.122621
162.387,-0.122639
162.4032,-0.122655
162.4199,-0.122671
162.437,-0.122689
162.4542,-0.122708
162.4712,-0.122729
162.4871,-0.122755
162.505,-0.122773
162.5217,-0.122789
162.5372,-0.122802
162.5549,-0.122817
162.5709,-0.122832
162.5868,-0.122846
162.6039,-0.122861
162.6209,-0.122876
162.6382,-0.122891
162.6545,-0.122907
162.6716,-0.122923
162.6874,-0.122936
162.7046,-0.12295
162.7197,-0.122964
162.7379,-0.122981
162.754,-0.122997
162.7711,-0.123013
162.7878,-0.12303
162.8049,-0.12305
162.8217,-0.123069
162.8382,-0.123089
162.8544,-0.123108
162.8714,-0.123128
162.8876,-0.123148
162.9049,-0.123169
162.9223,-0.12319
162.938,-0.123213
162.9554,-0.123232
162.9713,-0.123249
162.9891,-0.123264
163.0054,-0.123278
163.0224,-0.123294
163.0389,-0.123309
163.0546,-0.123326
163.0722,-0.123342
163.0884,-0.123359
163.1057,-0.123377
163.1217,-0.123396
163.1393,-0.123415
163.1557,-0.123432
163.1723,-0.123449
163.1894,-0.123466
163.2059,-0.123485
163.2226,-0.123502
163.2395,-0.123518
163.256,-0.123532
163.2727,-0.123549
163.2897,-0.123567
163.3049,-0.123585
163.3221,-0.123603
163.339,-0.123623
163.3564,-0.123643
163.3723,-0.123661
163.3886,-0.123679
163.406,-0.123698
163.4226,-0.123716
163.4388,-0.123732
163.4555,-0.123748
163.4723,-0.123766
163.4888,-0.123784
163.506,-0.123802
163.5221,-0.123822
163.5394,-0.123842
163.555,-0.123859
163.572,-0.123878
163.5891,-0.123897
163.6054,-0.123918
163.6227,-0.123935
163.6391,-0.123955
163.6561,-0.123973
163.6727,-0.123992
163.6892,-0.124012
163.7057,-0.12403
163.7219,-0.124046
163.7391,-0.124061
163.756,-0.124076
163.7729,-0.124091
163.7887,-0.124108
163.8058,-0.124122
163.8223,-0.124137
163.8401,-0.124154
163.8563,-0.124172
163.873,-0.124192
163.8888,-0.124209
163.9055,-0.124225
163.9231,-0.124239
163.9394,-0.124252
163.9563,-0.124266
163.9724,-0.124277
163.9888,-0.124289
164.0066,-0.124303
164.0224,-0.124317
164.0392,-0.124333
164.055,-0.12435
164.0724,-0.124365
164.0894,-0.124377
164.1062,-0.124391
164.1219,-0.124404
164.1389,-0.124417
164.1558,-0.124428
164.1719,-0.12444
164.1883,-0.124454
164.2063,-0.124469
164.2221,-0.124487
164.2381,-0.124502
164.2565,-0.124519
164.273,-0.124535
164.2892,-0.124553
164.3056,-0.124571
164.3224,-0.124587
164.3392,-0.124601
164.3568,-0.124614
164.3725,-0.124626
164.389,-0.124638
164.4057,-0.12465
164.4223,-0.124659
164.4385,-0.124668
164.4554,-0.124681
164.472,-0.124694
164.4891,-0.124706
164.5062,-0.12472
164.5221,-0.124736
164.5393,-0.124751
164.5556,-0.124766
164.5714,-0.124782
164.5892,-0.124798
164.6051,-0.124813
164.622,-0.124825
164.6393,-0.124837
164.6558,-0.12485
164.6721,-0.124863
164.689,-0.124875
164.7063,-0.124887
164.7226,-0.1249
164.7387,-0.124915
164.7556,-0.124928
164.7718,-0.124944
164.7889,-0.124961
164.8054,-0.124977
164.8219,-0.124992
164.8395,-0.125005
164.8564,-0.12502
164.8729,-0.125032
164.8885,-0.125043
164.9053,-0.125054
164.9225,-0.125066
164.9391,-0.125076
164.9551,-0.125089
164.972,-0.125104
164.9887,-0.125117
165.0062,-0.125129
165.0226,-0.125141
165.0394,-0.125154
165.0557,-0.125165
165.0721,-0.125175
165.089,-0.125184
165.1052,-0.125194
165.1217,-0.125207
165.1389,-0.12522
165.1553,-0.125235
165.1725,-0.125248
165.1895,-0.125261
165.2059,-0.125274
165.2215,-0.125288
165.239,-0.1253
165.2551,-0.125311
165.2719,-0.125323
165.2891,-0.125336
165.3061,-0.125347
165.3219,-0.125359
165.3385,-0.125372
165.356,-0.125385
165.3716,-0.125397
165.3887,-0.125409
165.4053,-0.125421
165.4216,-0.125432
165.4391,-0.125441
165.4554,-0.125452
165.4716,-0.125462
165.4887,-0.125473
165.505,-0.125484
165.5221,-0.125495
165.5382,-0.125508
165.555,-0.125521
165.5718,-0.125532
165.5887,-0.125546
165.6055,-0.125559
165.6225,-0.125572
165.6382,-0.125586
165.6555,-0.125598
165.6725,-0.125611
165.6887,-0.125624
165.7049,-0.125637
165.722,-0.125648
165.738,-0.125658
165.7552,-0.125669
165.772,-0.125679
165.7887,-0.125689
165.8044,-0.125699
165.8213,-0.125707
165.8382,-0.125714
165.8557,-0.125724
165.8711,-0.125736
165.8881,-0.125747
165.9043,-0.125757
165.9211,-0.125769
165.9376,-0.125777
165.9554,-0.125786
165.971,-0.125796
165.9887,-0.125805
166.0048,-0.125818
166.0208,-0.125827
166.0383,-0.125837
166.0546,-0.12585
166.0715,-0.125864
166.0878,-0.125879
166.1043,-0.125891
166.1213,-0.125901
166.1388,-0.125911
166.1558,-0.125921
166.1716,-0.125932
166.1875,-0.125941
166.2047,-0.12595
166.2217,-0.125959
166.2382,-0.125971
166.2544,-0.125984
166.2708,-0.125997
166.2883,-0.126009
166.3047,-0.126019
166.3219,-0.12603
166.3386,-0.12604
166.3553,-0.126048
166.3716,-0.126055
166.3882,-0.126064
166.4046,-0.126072
166.4215,-0.126079
166.4383,-0.126085
166.4541,-0.126094
166.4722,-0.126103
166.4884,-0.126114
166.505,-0.126122
166.5216,-0.126131
166.5386,-0.12614
166.555,-0.12615
166.572,-0.126161
166.5875,-0.126172
166.6053,-0.126183
166.6217,-0.126193
166.638,-0.1262
166.6559,-0.126206
166.6724,-0.126214
166.6889,-0.12622
166.7051,-0.126225
166.7217,-0.12623
166.7376,-0.126235
166.7551,-0.126243
166.7715,-0.126253
166.7886,-0.126264
166.8049,-0.126275
166.8224,-0.126289
166.8386,-0.126302
166.8553,-0.126313
166.8717,-0.126325
166.8884,-0.126335
166.9048,-0.126343
166.9222,-0.126352
166.9387,-0.12636
166.9554,-0.126369
166.9713,-0.126375
166.9877,-0.12638
167.0045,-0.126387
167.022,-0.126396
167.0388,-0.126405
167.0551,-0.126417
167.0711,-0.12643
167.0887,-0.126442
167.1058,-0.126454
167.1217,-0.126468
167.1392,-0.126484
167.1558,-0.126498
167.1721,-0.126509
167.189,-0.126518
167.2057,-0.126529
167.2221,-0.12654
167.2381,-0.126551
167.2556,-0.12656
167.2719,-0.126568
167.2891,-0.126574
167.3058,-0.126581
167.3216,-0.126588
167.339,-0.126595
167.3557,-0.126605
167.3719,-0.126617
167.389,-0.126629
167.4054,-0.126642
167.4218,-0.126658
167.4388,-0.12667
167.4548,-0.126681
167.4731,-0.12669
167.49,-0.1267
167.5063,-0.12671
167.5228,-0.126718
167.539,-0.12673
167.5564,-0.12674
167.5727,-0.12675
167.5899,-0.126761
167.6061,-0.126771
167.6231,-0.12678
167.6394,-0.12679
167.6565,-0.126801
167.6723,-0.12681
167.6898,-0.126822
167.7059,-0.126833
167.7232,-0.126848
167.7393,-0.126861
167.756,-0.126873
167.773,-0.126882
167.7899,-0.126891
167.8066,-0.126899
167.8223,-0.12691
167.8392,-0.126924
167.8553,-0.126935
167.8722,-0.126945
167.8896,-0.126956
167.9066,-0.126969
167.9226,-0.126981
167.9389,-0.126994
167.9558,-0.127006
167.9718,-0.127018
167.9887,-0.127029
168.006,-0.127045
168.0221,-0.127058
168.039,-0.12707
168.0562,-0.127082
168.0722,-0.127091
168.0896,-0.1271
168.1058,-0.127109
168.1224,-0.127115
168.1389,-0.127123
168.1554,-0.127133
168.1725,-0.127142
168.189,-0.127152
168.2053,-0.127164
168.2216,-0.127175
168.2384,-0.127185
168.2555,-0.127195
168.2722,-0.127205
168.2886,-0.127216
168.3052,-0.127226
168.3218,-0.127235
168.3391,-0.127244
168.3556,-0.127255
168.3725,-0.127267
168.389,-0.12728
168.4049,-0.127291
168.4222,-0.127302
168.4388,-0.127311
168.4559,-0.127318
168.4724,-0.127326
168.4889,-0.127331
168.5054,-0.127336
168.5214,-0.127341
168.5394,-0.127346
168.5552,-0.127352
168.5714,-0.127359
168.5888,-0.127368
168.6049,-0.127377
168.6217,-0.127383
168.6393,-0.127389
168.6558,-0.127397
168.6721,-0.127404
168.688,-0.127411
168.7053,-0.127416
168.7229,-0.12742
168.7389,-0.127423
168.7555,-0.127429
168.7726,-0.127435
168.7888,-0.127442
168.8059,-0.12745
168.8225,-0.127458
168.8384,-0.127467
168.855,-0.127476
168.872,-0.127483
168.8882,-0.12749
168.9053,-0.127498
168.922,-0.127506
168.9392,-0.127515
168.9545,-0.127521
168.9718,-0.127526
168.9889,-0.127532
169.006,-0.127538
169.0222,-0.127545
169.0385,-0.127553
169.0557,-0.127561
169.0724,-0.127569
169.0889,-0.127578
169.1054,-0.127588
169.1219,-0.127596
169.1392,-0.127605
169.1562,-0.127614
169.1729,-0.127622
169.1892,-0.127628
169.2057,-0.127632
169.2231,-0.127636
169.2397,-0.127639
169.2558,-0.127643
169.2722,-0.127649
169.2888,-0.127658
169.3055,-0.127666
169.3225,-0.127672
169.3389,-0.127679
169.3558,-0.12769
169.3719,-0.127699
169.3888,-0.127706
169.4052,-0.127713
169.4217,-0.127718
169.4389,-0.127725
169.4561,-0.127733
169.4726,-0.127741
169.4891,-0.127752
169.5058,-0.12776
169.5233,-0.127767
169.5382,-0.127776
169.5557,-0.127784
169.5728,-0.127792
169.5887,-0.127802
169.6062,-0.127812
169.6222,-0.127823
169.6395,-0.127835
169.6565,-0.127844
169.6725,-0.127854
169.6895,-0.127863
169.7059,-0.127873
169.7226,-0.12788
169.7394,-0.127884
169.7565,-0.127887
169.7729,-0.127891
169.7896,-0.127894
169.8064,-0.127897
169.8223,-0.127901
169.8388,-0.127906
169.8565,-0.127913
169.8725,-0.127922
169.8889,-0.127932
169.9053,-0.12794
169.9223,-0.127951
169.939,-0.127961
169.9562,-0.127971
169.9724,-0.127984
169.9887,-0.127994
170.0057,-0.128004
170.0221,-0.128012
170.0391,-0.128019
170.0558,-0.128027
170.0721,-0.128035
170.0897,-0.128043
170.1055,-0.128052
170.1235,-0.128062
170.1396,-0.128073
170.1564,-0.128082
170.1721,-0.128088
170.1899,-0.128094
170.2066,-0.128096
170.2226,-0.128102
170.239,-0.128106
170.2565,-0.128112
170.2722,-0.128116
170.2889,-0.128122
170.3065,-0.12813
170.3228,-0.12814
170.3393,-0.128149
170.3563,-0.128158
170.3727,-0.128168
170.3898,-0.128175
170.406,-0.128184
170.4227,-0.128194
170.4392,-0.128203
170.4559,-0.128212
170.4728,-0.128221
170.4893,-0.12823
170.506,-0.128237
170.5229,-0.128243
170.5394,-0.128248
170.5556,-0.128249
170.5729,-0.128253
170.5891,-0.128258
170.6058,-0.128265
170.6219,-0.128273
170.6388,-0.128282
170.6559,-0.128293
170.6726,-0.128304
170.6892,-0.128313
170.7054,-0.128322
170.7226,-0.128333
170.7392,-0.128342
170.7555,-0.128349
170.7726,-0.128356
170.7892,-0.128361
170.8066,-0.128369
170.823,-0.128375
170.8395,-0.128384
170.8563,-0.128393
170.8722,-0.128402
170.8896,-0.128412
170.9066,-0.128421
170.9233,-0.128431
170.9398,-0.128441
170.9564,-0.128447
170.973,-0.128452
170.9892,-0.128455
171.0061,-0.128459
171.0229,-0.128462
171.0391,-0.128464
171.0558,-0.128466
171.0725,-0.12847
171.0893,-0.128474
171.1059,-0.128479
171.1221,-0.128488
171.1392,-0.128497
171.1566,-0.128506
171.1722,-0.128517
171.1895,-0.128527
171.2064,-0.128536
171.2224,-0.128544
171.2387,-0.128552
171.2565,-0.128561
171.2728,-0.128569
171.2889,-0.128575
171.3068,-0.128583
171.3228,-0.128588
171.3405,-0.128595
171.3564,-0.128601
171.3727,-0.128608
171.39,-0.128611
171.4064,-0.128614
171.423,-0.128617
171.4391,-0.128621
171.4567,-0.128626
171.473,-0.128631
171.4897,-0.128635
171.5067,-0.12864
171.5235,-0.128648
171.5399,-0.128658
171.5555,-0.128669
171.5731,-0.128679
171.5902,-0.128688
171.6066,-0.128697
171.6246,-0.128704
171.6402,-0.128711
171.6568,-0.128715
171.6739,-0.128718
171.6891,-0.128721
171.7056,-0.128724
171.7232,-0.12873
171.7395,-0.128738
171.7557,-0.128746
171.7735,-0.128752
171.79,-0.128759
171.8063,-0.128765
171.823,-0.128769
171.8391,-0.128774
171.8564,-0.128778
171.8736,-0.12878
171.8889,-0.128788
171.9056,-0.128796
171.9232,-0.128803
171.9396,-0.128808
171.9559,-0.128815
171.9744,-0.128823
171.9892,-0.128831
172.006,-0.128838
172.0232,-0.128846
172.0395,-0.128852
172.0565,-0.128858
172.0733,-0.128866
172.0898,-0.128874
172.1064,-0.128883
172.1232,-0.128891
172.139,-0.128901
172.1562,-0.12891
172.1738,-0.128917
172.1901,-0.128923
172.2066,-0.128928
172.2234,-0.128932
172.2396,-0.128935
172.2562,-0.128939
172.2737,-0.128943
172.289,-0.128948
172.3068,-0.128952
172.3235,-0.128962
172.3402,-0.128973
172.3566,-0.128982
172.3739,-0.128992
172.3896,-0.128999
172.4067,-0.129006
172.4242,-0.12901
172.4404,-0.129016
172.4573,-0.129024
172.473,-0.129032
172.4904,-0.129039
172.5063,-0.129044
172.5241,-0.129052
172.5404,-0.129061
172.5569,-0.129069
172.5735,-0.129075
172.5905,-0.129081
172.6066,-0.129086
172.624,-0.129089
172.6404,-0.129093
172.6565,-0.129098
172.6741,-0.129103
172.6909,-0.129109
172.7066,-0.129113
172.7226,-0.129121
172.7397,-0.129128
172.7568,-0.129134
172.7735,-0.129143
172.7899,-0.129153
172.8071,-0.129161
172.8234,-0.12917
172.8405,-0.129176
172.8574,-0.129183
172.8743,-0.129188
172.8904,-0.129193
172.9073,-0.129197
172.9238,-0.129202
172.9403,-0.129208
172.9567,-0.129216
172.9738,-0.129224
172.9906,-0.129232
173.007,-0.129239
173.024,-0.129245
173.04,-0.129252
173.0564,-0.129256
173.0729,-0.129261
173.0898,-0.129264
173.1074,-0.129267
173.1242,-0.12927
173.1397,-0.129275
173.156,-0.129281
173.1725,-0.129289
173.1904,-0.129296
173.2063,-0.129303
173.223,-0.129313
173.24,-0.129323
173.2572,-0.129332
173.2736,-0.129341
173.2901,-0.129348
173.3066,-0.129354
173.3238,-0.129359
173.3401,-0.129366
173.356,-0.129374
173.3729,-0.129382
173.3893,-0.12939
173.4065,-0.129398
173.4233,-0.129407
173.4393,-0.129417
173.4564,-0.129426
173.4731,-0.129432
173.4893,-0.129438
173.5067,-0.129446
173.5229,-0.129455
173.5398,-0.129464
173.5554,-0.129473
173.5726,-0.129483
173.5899,-0.129495
173.6069,-0.129507
173.6234,-0.129519
173.6395,-0.129531
173.6562,-0.129541
173.6733,-0.129547
173.6901,-0.129551
173.7061,-0.129555
173.7235,-0.129558
173.7392,-0.12956
173.7559,-0.129563
173.772,-0.129569
173.7895,-0.129577
173.8058,-0.129583
173.8224,-0.129591
173.8396,-0.129599
173.8562,-0.129606
173.872,-0.129611
173.8894,-0.129618
173.9058,-0.129623
173.9227,-0.129628
173.9387,-0.129635
173.956,-0.129642
173.9733,-0.129648
173.9895,-0.129656
174.0059,-0.129664
174.0236,-0.129671
174.0401,-0.129677
174.0561,-0.129682
174.0731,-0.129688
174.0899,-0.129694
174.1062,-0.129701
174.1228,-0.129709
174.1399,-0.129718
174.1564,-0.129727
174.1729,-0.129738
174.1896,-0.129749
174.207,-0.129758
174.2228,-0.129764
174.2393,-0.129772
174.2563,-0.129777
174.273,-0.129781
174.2894,-0.129786
174.3061,-0.12979
174.3241,-0.129795
174.3396,-0.129801
174.3562,-0.12981
174.3732,-0.12982
174.3894,-0.129829
174.4061,-0.129838
174.4234,-0.129846
174.4405,-0.129853
174.4573,-0.129859
174.4735,-0.129865
174.4895,-0.129868
174.5058,-0.129872
174.5227,-0.129875
174.5406,-0.129881
174.5562,-0.129885
174.5731,-0.129891
174.5898,-0.129899
174.6054,-0.129906
174.6222,-0.129912
174.6392,-0.129918
174.6558,-0.129925
174.6736,-0.129932
174.6894,-0.129938
174.7068,-0.129941
174.723,-0.129944
174.7396,-0.129946
174.7566,-0.129948
174.773,-0.129953
174.7892,-0.129959
174.8062,-0.129964
174.8225,-0.12997
174.8395,-0.129975
174.8563,-0.129981
174.8726,-0.129989
174.8895,-0.129997
174.9055,-0.130004
174.923,-0.13001
174.9399,-0.130018
174.9563,-0.130026
174.9734,-0.130033
174.9894,-0.13004
175.006,-0.130047
175.0238,-0.130055
175.0394,-0.13006
175.0566,-0.130064
175.0726,-0.13007
175.0903,-0.130074
175.1066,-0.130077
175.1221,-0.130084
175.1394,-0.13009
175.1563,-0.130098
175.1726,-0.130104
175.1891,-0.130109
175.2062,-0.130113
175.2231,-0.130116
175.2397,-0.130122
175.2553,-0.130128
175.2729,-0.130135
175.2898,-0.130144
175.3065,-0.130152
175.3232,-0.13016
175.3397,-0.130167
175.357,-0.130173
175.3734,-0.130178
175.39,-0.130181
175.406,-0.130184
175.4233,-0.130188
175.4395,-0.130193
175.4561,-0.130199
175.4733,-0.130206
175.4901,-0.130211
175.5065,-0.130219
175.5234,-0.130227
175.5407,-0.130234
175.5573,-0.130241
175.5729,-0.130246
175.5903,-0.130248
175.6073,-0.130249
175.623,-0.130252
175.6401,-0.130253
175.6565,-0.130256
175.6726,-0.130257
175.6898,-0.130259
175.7069,-0.130265
175.7241,-0.130273
175.7396,-0.13028
175.7566,-0.130286
175.774,-0.130292
175.7905,-0.130294
175.8073,-0.130299
175.8239,-0.130306
175.841,-0.13031
175.857,-0.130315
175.8734,-0.130319
175.8906,-0.130323
175.9065,-0.130329
175.9232,-0.130335
175.9403,-0.130341
175.9576,-0.130347
175.9734,-0.130351
175.9902,-0.130356
176.007,-0.13036
176.0242,-0.130363
176.0412,-0.130366
176.0578,-0.130372
176.0744,-0.130379
176.0903,-0.130388
176.1076,-0.130396
176.1242,-0.130403
176.1411,-0.130412
176.1579,-0.130418
176.1747,-0.130425
176.1914,-0.130431
176.2067,-0.130436
176.2242,-0.130439
176.2408,-0.130439
176.2578,-0.13044
176.2737,-0.130442
176.291,-0.130445
176.3073,-0.130449
176.3238,-0.130455
176.3413,-0.130459
176.358,-0.130466
176.3736,-0.130473
176.392,-0.130482
176.4076,-0.130489
176.4244,-0.130496
176.4409,-0.130505
176.4576,-0.130511
176.4741,-0.130518
176.4913,-0.130526
176.5078,-0.130535
176.5248,-0.130543
176.5407,-0.130551
176.5582,-0.130561
176.5741,-0.130569
176.5909,-0.130575
176.6082,-0.130581
176.6247,-0.130587
176.6416,-0.130591
176.6574,-0.130595
176.6746,-0.130599
176.6916,-0.130602
176.7083,-0.130606
176.7249,-0.13061
176.7411,-0.130615
176.7579,-0.130622
176.7746,-0.130631
176.7923,-0.13064
176.808,-0.130651
176.8252,-0.130662
176.8425,-0.130672
176.8591,-0.130682
176.8752,-0.130692
176.8917,-0.1307
176.908,-0.130706
176.925,-0.130713
176.942,-0.130718
176.9582,-0.130724
176.9752,-0.13073
176.9924,-0.130738
177.0085,-0.130745
177.0251,-0.130752
177.0421,-0.130758
177.0588,-0.130768
177.0751,-0.130778
177.0914,-0.130789
177.1089,-0.1308
177.1241,-0.13081
177.1428,-0.130819
177.1581,-0.130827
177.175,-0.130834
177.1921,-0.130841
177.208,-0.130848
177.2254,-0.130855
177.2414,-0.130863
177.2582,-0.130872
177.2751,-0.130881
177.2917,-0.13089
177.308,-0.130899
177.3249,-0.130909
177.3421,-0.130916
177.3583,-0.130924
177.3752,-0.130931
177.3915,-0.130938
177.4078,-0.130949
177.4248,-0.13096
177.4406,-0.130969
177.4581,-0.130979
177.475,-0.130992
177.4914,-0.131003
177.508,-0.131014
177.5251,-0.131025
177.5411,-0.131037
177.5585,-0.131048
177.5746,-0.131056
177.5919,-0.131065
177.6088,-0.131071
177.6254,-0.131074
177.6415,-0.131079
177.6584,-0.131085
177.6741,-0.131092
177.692,-0.131098
177.7082,-0.131108
177.7247,-0.131118
177.7413,-0.131129
177.7578,-0.131139
177.7751,-0.131146
177.7913,-0.131151
177.808,-0.131156
177.8254,-0.131162
177.8411,-0.131168
177.8573,-0.131176
177.8739,-0.131181
177.8916,-0.131186
177.9079,-0.131193
177.9251,-0.131201
177.9412,-0.13121
177.9576,-0.131219
177.9742,-0.131226
177.9917,-0.131233
178.0085,-0.131241
178.0258,-0.131249
178.0418,-0.131256
178.0576,-0.13126
178.0747,-0.131262
178.0915,-0.131265
178.1081,-0.131269
178.1245,-0.131275
178.1416,-0.13128
178.1578,-0.131286
178.175,-0.131291
178.1915,-0.131296
178.2075,-0.131299
178.2251,-0.1313
178.2418,-0.131301
178.2575,-0.131302
178.2746,-0.131303
178.2914,-0.131304
178.3083,-0.131308
178.325,-0.131313
178.3413,-0.13132
178.3582,-0.131328
178.3746,-0.131337
178.3923,-0.131345
178.4086,-0.131351
178.4255,-0.13136
178.4416,-0.131367
178.4589,-0.131374
178.4751,-0.13138
178.492,-0.131386
178.5092,-0.131391
178.5257,-0.131396
178.5421,-0.131399
178.5587,-0.131403
178.5753,-0.131407
178.5917,-0.131413
178.6091,-0.13142
178.6262,-0.131426
178.6423,-0.131431
178.6593,-0.131437
178.6757,-0.131444
178.6929,-0.131449
178.7094,-0.131455
178.7264,-0.131459
178.7422,-0.131465
178.7598,-0.131473
178.7762,-0.131483
178.7926,-0.131491
178.8085,-0.131499
178.8259,-0.131506
178.8432,-0.131513
178.86,-0.131519
178.8756,-0.131523
178.8927,-0.131528
178.909,-0.131529
178.926,-0.131533
178.9429,-0.131539
178.9596,-0.131547
178.9761,-0.131554
178.9924,-0.131563
179.0091,-0.13157
179.0269,-0.131578
179.0433,-0.131585
179.0594,-0.131588
179.0763,-0.131592
179.092,-0.131596
179.1099,-0.131603
179.1264,-0.131612
179.1413,-0.131621
179.1594,-0.131632
179.1757,-0.131644
179.1935,-0.131653
179.2095,-0.13166
179.2256,-0.131667
179.2424,-0.13167
179.2593,-0.131672
179.2755,-0.131673
179.2921,-0.131681
179.3094,-0.131688
179.3252,-0.131697
179.3424,-0.131705
179.3595,-0.131716
179.376,-0.131727
179.3915,-0.131737
179.409,-0.131751
179.4259,-0.131761
179.4427,-0.131768
179.4587,-0.131775
179.4758,-0.131781
179.4927,-0.131789
179.5091,-0.131795
179.5258,-0.1318
179.5422,-0.131806
179.5592,-0.131813
179.5761,-0.131821
179.592,-0.131831
179.6087,-0.13184
179.6252,-0.131846
179.6427,-0.131851
179.6592,-0.131853
179.6751,-0.131856
179.693,-0.131858
179.7094,-0.131861
179.7249,-0.131866
179.7422,-0.131871
179.759,-0.131877
179.7755,-0.131886
179.7928,-0.131895
179.8088,-0.131905
179.8255,-0.131913
179.8421,-0.13192
179.8595,-0.131925
179.8757,-0.13193
179.8919,-0.131936
179.9083,-0.13194
179.9253,-0.131945
179.9422,-0.131951
179.9585,-0.131959
179.975,-0.131969
179.9913,-0.131977
180.009,-0.131986
180.0251,-0.131992
180.0427,-0.131997
180.0588,-0.132003
180.075,-0.132009
180.0923,-0.132013
180.1082,-0.132017
180.1249,-0.132025
180.1423,-0.132032
180.1587,-0.132037
180.1748,-0.132041
180.1925,-0.132046
180.2087,-0.13205
180.2257,-0.132054
180.2419,-0.132059
180.2583,-0.132065
180.2753,-0.132071
180.2911,-0.132079
180.3084,-0.132087
180.3254,-0.132097
180.3425,-0.132106
180.3586,-0.132112
180.3751,-0.13212
180.3926,-0.132124
180.4091,-0.13213
180.425,-0.132137
180.442,-0.132142
180.459,-0.132145
180.4758,-0.132148
180.4924,-0.132152
180.5088,-0.132156
180.526,-0.132159
180.542,-0.132162
180.5592,-0.132169
180.5759,-0.132174
180.5918,-0.132182
180.6085,-0.13219
180.6254,-0.132198
180.6422,-0.132205
180.6582,-0.132211
180.6749,-0.132216
180.6918,-0.132219
180.7086,-0.132222
180.7254,-0.132225
180.7418,-0.13223
180.7581,-0.13224
180.7755,-0.132248
180.7917,-0.132257
180.8082,-0.132266
180.8252,-0.132275
180.842,-0.132283
180.8583,-0.132292
180.8753,-0.132299
180.8916,-0.132304
180.908,-0.132311
180.9247,-0.132318
180.9424,-0.132326
180.9586,-0.132334
180.9742,-0.13234
180.9918,-0.132344
181.0082,-0.132349
181.0248,-0.132354
181.0414,-0.132362
181.0576,-0.132371
181.0743,-0.132379
181.091,-0.132387
181.1085,-0.132394
181.1243,-0.132402
181.1417,-0.13241
181.1583,-0.132419
181.174,-0.132426
181.1906,-0.132429
181.2084,-0.132435
181.225,-0.132441
181.2403,-0.132448
181.2583,-0.132457
181.2747,-0.132466
181.2909,-0.132473
181.3081,-0.132481
181.3249,-0.132488
181.3412,-0.132495
181.3586,-0.1325
181.3754,-0.132505
181.3916,-0.132509
181.4084,-0.132515
181.4252,-0.132521
181.4414,-0.132527
181.4585,-0.132532
181.475,-0.132537
181.4923,-0.132541
181.5089,-0.132546
181.5248,-0.132551
181.5421,-0.132557
181.558,-0.132562
181.5751,-0.132566
181.5916,-0.132572
181.6083,-0.132578
181.6252,-0.132584
181.6411,-0.13259
181.6576,-0.132595
181.6748,-0.132599
181.6915,-0.132601
181.7087,-0.132604
181.725,-0.132609
181.7411,-0.132614
181.7583,-0.13262
181.7751,-0.132624
181.7915,-0.132628
181.8086,-0.132632
181.8247,-0.132638
181.8423,-0.132644
181.8582,-0.132649
181.8755,-0.132653
181.892,-0.132659
181.9087,-0.132667
181.9246,-0.132672
181.9418,-0.132678
181.958,-0.132682
181.9754,-0.132688
181.9925,-0.132695
182.0079,-0.132702
182.0253,-0.132707
182.0417,-0.13271
182.059,-0.132714
182.0749,-0.132718
182.092,-0.132725
182.1082,-0.132731
182.1253,-0.132739
182.1422,-0.132745
182.1587,-0.132751
182.1754,-0.132756
182.1921,-0.132761
182.2089,-0.132768
182.2255,-0.132775
182.2418,-0.132782
182.2588,-0.132789
182.2759,-0.132796
182.2919,-0.132804
182.309,-0.132811
182.3253,-0.132818
182.3427,-0.132823
182.3595,-0.132827
182.3758,-0.132832
182.393,-0.132836
182.4091,-0.132842
182.4256,-0.13285
182.4425,-0.132859
182.4588,-0.132866
182.475,-0.132875
182.492,-0.132887
182.5093,-0.132897
182.5263,-0.132906
182.5423,-0.132912
182.5592,-0.132921
182.5759,-0.132929
182.5919,-0.132938
182.6093,-0.132947
182.6264,-0.132956
182.6427,-0.132967
182.6594,-0.132978
182.6764,-0.132988
182.6928,-0.132997
182.7099,-0.133003
182.7264,-0.133008
182.7431,-0.133014
182.7594,-0.133021
182.7755,-0.133028
182.7931,-0.133038
182.8089,-0.133048
182.8259,-0.133059
182.842,-0.13307
182.8597,-0.133081
182.8768,-0.133089
182.8927,-0.133096
182.9099,-0.133103
182.9258,-0.133108
182.9433,-0.133115
182.9598,-0.13312
182.9765,-0.133128
182.9926,-0.133134
183.0093,-0.133141
183.0267,-0.133146
183.043,-0.133152
183.0594,-0.133162
183.0766,-0.133171
183.0925,-0.133181
183.109,-0.13319
183.126,-0.133201
183.1431,-0.133211
183.159,-0.133223
183.1761,-0.133234
183.192,-0.133242
183.2095,-0.13325
183.2259,-0.133257
183.2426,-0.133265
183.2598,-0.133273
183.2755,-0.133281
183.293,-0.133288
183.3092,-0.133297
183.3265,-0.133305
183.3427,-0.133312
183.3593,-0.13332
183.3759,-0.133329
183.3934,-0.133339
183.4096,-0.133347
183.4262,-0.133357
183.4422,-0.133366
183.4598,-0.133373
183.4761,-0.133378
183.4932,-0.133383
183.5093,-0.133388
183.5262,-0.133392
183.5422,-0.133397
183.5597,-0.133404
183.5762,-0.133411
183.5924,-0.133421
183.6093,-0.13343
183.6263,-0.13344
183.6425,-0.13345
183.6595,-0.133459
183.6761,-0.133467
183.6926,-0.133474
183.7091,-0.13348
183.7267,-0.133487
183.7431,-0.133493
183.7592,-0.1335
183.7764,-0.133508
183.7931,-0.133515
183.8109,-0.133522
183.8264,-0.133527
183.8439,-0.133532
183.8599,-0.133537
183.8765,-0.133541
183.8932,-0.133543
183.9104,-0.133546
183.9265,-0.133549
183.9432,-0.133553
183.9597,-0.133556
183.976,-0.133563
183.9926,-0.133569
184.0099,-0.133577
184.0271,-0.133584
184.043,-0.13359
184.0602,-0.133594
184.0763,-0.133597
184.0937,-0.1336
184.1101,-0.133604
184.126,-0.133607
184.1432,-0.133609
184.16,-0.133612
184.1768,-0.133617
184.1931,-0.133624
184.2101,-0.13363
184.2269,-0.133636
184.2442,-0.133642
184.26,-0.133648
184.2767,-0.133654
184.2935,-0.133662
184.3106,-0.133669
184.3268,-0.133675
184.3441,-0.13368
184.36,-0.133686
184.3778,-0.133691
184.3945,-0.133699
184.4105,-0.133706
184.428,-0.133711
184.4442,-0.133716
184.4611,-0.13372
184.4782,-0.133724
184.4944,-0.133732
184.5113,-0.133739
184.5279,-0.133745
184.5447,-0.133751
184.5613,-0.133758
184.5786,-0.133765
184.595,-0.133772
184.6116,-0.133778
184.6278,-0.133783
184.6449,-0.133787
184.6616,-0.133792
184.678,-0.133798
184.695,-0.133803
184.7121,-0.133808
184.7282,-0.133812
184.7451,-0.133817
184.7613,-0.133822
184.7779,-0.133828
184.7952,-0.133833
184.8109,-0.133838
184.8286,-0.133846
184.8441,-0.133855
184.8618,-0.133865
184.8784,-0.133874
184.8961,-0.133883
184.9118,-0.133889
184.9285,-0.133898
184.9451,-0.133905
184.9617,-0.133913
184.9782,-0.133919
184.9957,-0.133926
185.0124,-0.133934
185.03,-0.133943
185.0455,-0.133952
185.0624,-0.133963
185.0786,-0.133971
185.096,-0.133978
185.1124,-0.133985
185.1288,-0.133991
185.1457,-0.133999
185.1623,-0.134009
185.1786,-0.134018
185.1964,-0.134026
185.2132,-0.134035
185.2295,-0.134044
185.246,-0.134055
185.2623,-0.134063
185.2788,-0.134071
185.2965,-0.134081
185.3125,-0.134092
185.3286,-0.134102
185.3458,-0.134114
185.3637,-0.134124
185.379,-0.134133
185.396,-0.134142
185.4138,-0.134152
185.4305,-0.134164
185.446,-0.134175
185.4631,-0.134187
185.4797,-0.134199
185.4961,-0.134211
185.5134,-0.134224
185.5305,-0.134236
185.5471,-0.134243
185.5636,-0.134253
185.5798,-0.13426
185.5966,-0.134265
185.6134,-0.134272
185.6289,-0.134279
185.6469,-0.134288
185.6631,-0.134296
185.6795,-0.134304
185.6975,-0.134315
185.7134,-0.134327
185.7303,-0.134337
185.747,-0.134349
185.7633,-0.134362
185.7804,-0.134374
185.7967,-0.134385
185.8132,-0.134395
185.8299,-0.134403
185.8468,-0.134413
185.8633,-0.134422
185.879,-0.134433
185.8959,-0.134442
185.9124,-0.134451
185.9299,-0.134458
185.9467,-0.134467
185.963,-0.134478
185.9796,-0.134488
185.9964,-0.134499
186.013,-0.134508
186.0301,-0.134515
186.0467,-0.134525
186.063,-0.134534
186.08,-0.134544
186.096,-0.134551
186.1131,-0.13456
186.1298,-0.134569
186.1461,-0.134578
186.1629,-0.13459
186.1787,-0.134601
186.1966,-0.134613
186.2132,-0.134622
186.2293,-0.134634
186.2467,-0.134644
186.2626,-0.134651
186.2793,-0.134658
186.2959,-0.134664
186.3132,-0.13467
186.3297,-0.134677
186.3462,-0.134685
186.3629,-0.134692
186.3793,-0.134699
186.3965,-0.134707
186.4126,-0.134716
186.4298,-0.134726
186.4463,-0.134737
186.4626,-0.134747
186.4794,-0.134756
186.4962,-0.134763
186.5123,-0.13477
186.5301,-0.134779
186.5458,-0.13479
186.5625,-0.1348
186.5787,-0.134809
186.5969,-0.134819
186.6128,-0.134828
186.6298,-0.134838
186.6455,-0.134847
186.6627,-0.134855
186.6794,-0.134861
186.6962,-0.134868
186.7132,-0.134876
186.73,-0.134885
186.7465,-0.134892
186.7627,-0.134898
186.7793,-0.134907
186.7966,-0.134914
186.813,-0.134918
186.8301,-0.134922
186.8461,-0.134927
186.863,-0.13493
186.8793,-0.134935
186.8958,-0.134942
186.9122,-0.134949
186.9291,-0.134959
186.9452,-0.134969
186.962,-0.134982
186.9788,-0.134994
186.9956,-0.135005
187.0129,-0.135015
187.029,-0.135023
187.0464,-0.135028
187.0618,-0.135034
187.0788,-0.13504
187.0956,-0.135046
187.1129,-0.135054
187.1294,-0.13506
187.1457,-0.13507
187.163,-0.135079
187.1793,-0.135084
187.1956,-0.135089
187.2128,-0.135094
187.2293,-0.135098
187.2457,-0.135099
187.2619,-0.135101
187.2793,-0.135107
187.2953,-0.135114
187.3121,-0.135123
187.3281,-0.135132
187.3451,-0.135141
187.363,-0.135151
187.3793,-0.135159
187.3953,-0.135168
187.4127,-0.135176
187.4288,-0.135183
187.4452,-0.135187
187.4619,-0.135192
187.4793,-0.135195
187.4952,-0.1352
187.5121,-0.135204
187.5285,-0.135209
187.5457,-0.135215
187.5617,-0.135224
187.5788,-0.135233
187.5953,-0.135243
187.6119,-0.135255
187.6295,-0.135266
187.6463,-0.135275
187.6622,-0.135282
187.6794,-0.135291
187.6956,-0.135298
187.7126,-0.135306
187.7286,-0.135312
187.7457,-0.135319
187.763,-0.135325
187.7801,-0.13533
187.7965,-0.135335
187.8126,-0.135342
187.83,-0.135348
187.846,-0.135353
187.8628,-0.135357
187.8798,-0.135364
187.8963,-0.13537
187.913,-0.135377
187.9289,-0.135382
187.9452,-0.135389
187.9625,-0.135395
187.9793,-0.135401
187.9962,-0.135411
188.0116,-0.135418
188.0298,-0.135425
188.0449,-0.135434
188.0628,-0.135443
188.0793,-0.135454
188.0953,-0.135464
188.1126,-0.135472
188.1294,-0.135482
188.1461,-0.135489
188.1628,-0.135499
188.1793,-0.135508
188.1949,-0.135514
188.2124,-0.135519
188.2285,-0.135525
188.2451,-0.135529
188.2612,-0.135532
188.2778,-0.135536
188.2954,-0.135537
188.3115,-0.13554
188.3287,-0.135546
188.3449,-0.135551
188.3616,-0.135556
188.378,-0.135563
188.3951,-0.135571
188.4117,-0.135581
188.4279,-0.135592
188.4447,-0.135604
188.4613,-0.135615
188.4778,-0.135622
188.4939,-0.135629
188.5113,-0.135636
188.528,-0.13564
188.5442,-0.135644
188.5606,-0.135647
188.5779,-0.13565
188.5948,-0.135654
188.6105,-0.13566
188.6279,-0.135666
188.6439,-0.13567
188.6604,-0.135676
188.6777,-0.135683
188.6941,-0.13569
188.7106,-0.135698
188.7272,-0.135706
188.7441,-0.135712
188.7611,-0.135718
188.7773,-0.135725
188.7938,-0.135731
188.8111,-0.135737
188.8275,-0.135742
188.8434,-0.135748
188.8609,-0.135751
188.878,-0.135752
188.8935,-0.135754
188.9111,-0.135756
188.9269,-0.135757
188.944,-0.135758
188.9604,-0.135762
188.9774,-0.135765
188.9945,-0.135769
189.0105,-0.135776
189.0273,-0.135781
189.044,-0.135787
189.06,-0.135793
189.0781,-0.135798
189.0948,-0.135801
189.1116,-0.135803
189.1283,-0.135806
189.145,-0.135809
189.1615,-0.13581
189.178,-0.135811
189.1945,-0.135814
189.2119,-0.135817
189.2282,-0.135822
189.2449,-0.135827
189.2614,-0.13583
189.2778,-0.135833
189.2945,-0.135834
189.3115,-0.135834
189.3284,-0.135836
189.3451,-0.135838
189.3624,-0.135841
189.3784,-0.135844
189.3943,-0.135848
189.411,-0.135852
189.4278,-0.135854
189.4448,-0.135854
189.4611,-0.135856
189.4772,-0.135859
189.4941,-0.135863
189.5103,-0.135867
189.5269,-0.13587
189.5441,-0.135875
189.5605,-0.135882
189.5774,-0.13589
189.5942,-0.135899
189.6103,-0.135907
189.6268,-0.135914
189.6445,-0.135918
189.6608,-0.135922
189.6773,-0.135926
189.6944,-0.135928
189.7106,-0.13593
189.7276,-0.135931
189.7442,-0.135934
189.7614,-0.135941
189.7772,-0.135949
189.7945,-0.135958
189.8115,-0.135968
189.8285,-0.135977
189.8457,-0.135987
189.8618,-0.135998
189.878,-0.136008
189.8952,-0.136018
189.911,-0.136026
189.929,-0.136035
189.9456,-0.136044
189.9615,-0.136052
189.9797,-0.13606
189.9966,-0.136064
190.0129,-0.136067
190.0291,-0.13607
190.0449,-0.136073
190.0629,-0.136074
190.0784,-0.136077
190.0954,-0.13608
190.113,-0.136085
190.1291,-0.13609
190.1454,-0.136093
190.1618,-0.136099
190.1779,-0.136103
190.195,-0.136105
190.2114,-0.136112
190.2278,-0.136117
190.2452,-0.136123
190.2611,-0.136132
190.2775,-0.13614
190.2949,-0.136152
190.3113,-0.136161
190.3281,-0.136171
190.3456,-0.136181
190.3624,-0.136191
190.3787,-0.136199
190.3949,-0.136207
190.4114,-0.136214
190.4287,-0.136224
190.4444,-0.136232
190.4615,-0.136241
190.4791,-0.136252
190.4954,-0.136263
190.5118,-0.136271
190.5284,-0.136279
190.5457,-0.136288
190.5615,-0.136297
190.5792,-0.136308
190.5953,-0.136319
190.6127,-0.13633
190.6285,-0.136338
190.6453,-0.136345
190.662,-0.136352
190.6794,-0.136359
190.6956,-0.13636
190.7115,-0.136362
190.7283,-0.136364
190.7458,-0.136367
190.7624,-0.136374
190.7783,-0.136383
190.7951,-0.136394
190.8116,-0.136403
190.8283,-0.136414
190.8456,-0.136424
190.8626,-0.136434
190.8787,-0.13644
190.8951,-0.136447
190.9125,-0.136454
190.9282,-0.13646
190.9449,-0.136466
190.9618,-0.136475
190.9786,-0.136485
190.9947,-0.136497
191.0116,-0.136509
191.0287,-0.136518
191.0453,-0.136529
191.0627,-0.136539
191.0784,-0.136549
191.0952,-0.136558
191.1116,-0.136567
191.1281,-0.136577
191.1447,-0.136583
191.1618,-0.136592
191.1778,-0.1366
191.1953,-0.136607
191.2119,-0.136612
191.2281,-0.136617
191.245,-0.136623
191.2615,-0.136628
191.2777,-0.136634
191.2948,-0.136641
191.3109,-0.136649
191.3278,-0.136657
191.3439,-0.136667
191.3614,-0.136679
191.378,-0.136692
191.395,-0.136705
191.4116,-0.136718
191.4272,-0.136732
191.4445,-0.136743
191.4616,-0.136751
191.4778,-0.136758
191.4948,-0.136765
191.5114,-0.13677
191.5281,-0.136775
191.544,-0.13678
191.5605,-0.136785
191.5771,-0.13679
191.5944,-0.136797
191.6109,-0.136808
191.6275,-0.136817
191.6444,-0.136825
191.6608,-0.136832
191.6775,-0.136839
191.6946,-0.136846
191.7102,-0.136852
191.7275,-0.136857
191.744,-0.136863
191.7611,-0.136868
191.7775,-0.136876
191.7939,-0.136884
191.8104,-0.136893
191.8274,-0.136899
191.8441,-0.136906
191.8607,-0.136912
191.8773,-0.136918
191.8946,-0.136924
191.9104,-0.136929
191.928,-0.136935
191.9443,-0.136941
191.9613,-0.136947
191.9777,-0.136952
191.9944,-0.136958
192.0107,-0.136963
192.0279,-0.136968
192.0448,-0.136973
192.0608,-0.136978
192.0778,-0.136983
192.0943,-0.136986
192.1111,-0.136989
192.1281,-0.136994
192.145,-0.136998
192.161,-0.137002
192.1777,-0.137007
192.1945,-0.137008
192.2112,-0.13701
192.2278,-0.13701
192.2445,-0.137011
192.2615,-0.137013
192.2775,-0.137017
192.2947,-0.137021
192.3107,-0.137026
192.328,-0.13703
192.3446,-0.137036
192.362,-0.137043
192.3783,-0.137048
192.3951,-0.137054
192.4107,-0.137059
192.4275,-0.137064
192.4444,-0.137069
192.4612,-0.137075
192.4787,-0.137081
192.4946,-0.137089
192.5121,-0.137096
192.528,-0.137103
192.5451,-0.137109
192.5621,-0.137114
192.5784,-0.137117
192.5945,-0.137121
192.6119,-0.137127
192.6281,-0.137131
192.6448,-0.137135
192.6613,-0.137139
192.6787,-0.137144
192.6954,-0.13715
192.712,-0.137157
192.7283,-0.137163
192.7453,-0.13717
192.7616,-0.137175
192.7788,-0.13718
192.7955,-0.137185
192.8117,-0.137191
192.8288,-0.137195
192.8454,-0.137198
192.8622,-0.1372
192.8779,-0.1372
192.8951,-0.137202
192.9115,-0.137206
192.9286,-0.137212
192.9456,-0.13722
192.9621,-0.13723
192.9793,-0.137239
192.996,-0.13725
193.0122,-0.137258
193.0295,-0.137266
193.0454,-0.137273
193.062,-0.137278
193.0788,-0.137283
193.0956,-0.137286
193.1119,-0.137291
193.1286,-0.137297
193.1453,-0.137303
193.1622,-0.13731
193.1792,-0.137317
193.1959,-0.137326
193.213,-0.137335
193.2285,-0.137342
193.2457,-0.137347
193.2618,-0.137353
193.2794,-0.137356
193.2958,-0.13736
193.3126,-0.137363
193.3287,-0.137364
193.3461,-0.137367
193.3627,-0.137373
193.3792,-0.13738
193.3955,-0.137389
193.4122,-0.137397
193.4292,-0.137405
193.4468,-0.137413
193.4631,-0.137422
193.4788,-0.13743
193.496,-0.137436
193.5131,-0.137441
193.5301,-0.137446
193.5471,-0.137451
193.563,-0.137459
193.5802,-0.137466
193.597,-0.137471
193.6128,-0.137479
193.6297,-0.137486
193.647,-0.137493
193.6622,-0.1375
193.6802,-0.137509
193.6967,-0.137518
193.7133,-0.137526
193.7298,-0.137534
193.7466,-0.137542
193.7633,-0.137549
193.7808,-0.137553
193.7968,-0.137559
193.8137,-0.137564
193.8298,-0.137571
193.8467,-0.137579
193.8635,-0.137587
193.8806,-0.137596
193.8967,-0.137604
193.9142,-0.137612
193.9304,-0.137621
193.9464,-0.137628
193.9638,-0.137635
193.9805,-0.137642
193.9974,-0.137649
194.0142,-0.137659
194.031,-0.13767
194.0467,-0.13768
194.0639,-0.137689
194.0805,-0.137698
194.0974,-0.13771
194.1137,-0.137721
194.1309,-0.137732
194.1476,-0.137739
194.1649,-0.137745
194.1813,-0.137752
194.1983,-0.137759
194.2147,-0.137765
194.2305,-0.137769
194.2473,-0.137775
194.2649,-0.137784
194.2805,-0.137794
194.2978,-0.137808
194.314,-0.137823
194.3314,-0.137835
194.3481,-0.137848
194.3643,-0.137861
194.382,-0.137873
194.3988,-0.137887
194.4155,-0.137899
194.4328,-0.137913
194.4483,-0.137926
194.4655,-0.137935
194.4825,-0.137943
194.4977,-0.137951
194.5151,-0.137959
194.5318,-0.137967
194.5484,-0.137975
194.565,-0.137982
194.5822,-0.13799
194.5985,-0.138
194.615,-0.138009
194.6326,-0.138021
194.6483,-0.13803
194.6655,-0.138039
194.6822,-0.138049
194.6986,-0.138058
194.7158,-0.138066
194.732,-0.138075
194.7484,-0.138085
194.7651,-0.138093
194.7813,-0.138102
194.7979,-0.138114
194.8144,-0.138128
194.8317,-0.138141
194.8481,-0.138152
194.8653,-0.138162
194.882,-0.13817
194.898,-0.138179
194.9152,-0.138186
194.9311,-0.13819
194.9478,-0.138196
194.9648,-0.1382
194.9815,-0.138205
194.9977,-0.138214
195.0139,-0.138223
195.0311,-0.138233
195.0467,-0.138242
195.065,-0.138251
195.0804,-0.138261
195.0981,-0.13827
195.1144,-0.138278
195.1313,-0.138286
195.1481,-0.138293
195.1645,-0.1383
195.1807,-0.138306
195.1977,-0.138313
195.2143,-0.13832
195.2306,-0.138326
195.2473,-0.138334
195.2638,-0.138342
195.2809,-0.138349
195.2969,-0.138355
195.3146,-0.138362
195.3309,-0.138369
195.3477,-0.138377
195.3648,-0.138386
195.3803,-0.138394
195.3973,-0.138402
195.4142,-0.138409
195.4308,-0.138415
195.4478,-0.13842
195.4642,-0.138426
195.4803,-0.138429
195.4973,-0.138432
195.5139,-0.138436
195.5307,-0.13844
195.5468,-0.138443
195.5639,-0.138449
195.5804,-0.138458
195.5971,-0.138467
195.6136,-0.138476
195.6302,-0.138486
195.6478,-0.138495
195.6639,-0.138503
195.6803,-0.138509
195.6966,-0.138516
195.7133,-0.138522
195.7301,-0.138525
195.7465,-0.138529
195.7633,-0.138535
195.7809,-0.138544
195.7971,-0.138552
195.8132,-0.138559
195.8303,-0.138565
195.8467,-0.138568
195.8638,-0.13857
195.8803,-0.138574
195.8969,-0.138577
195.9141,-0.13858
195.9291,-0.138582
195.9462,-0.138585
195.9637,-0.138588
195.9803,-0.138591
195.9963,-0.138596
196.0133,-0.138603
196.0301,-0.138608
196.0467,-0.138612
196.0621,-0.138616
196.0801,-0.138622
196.0966,-0.138624
196.1134,-0.138631
196.1304,-0.138638
196.1465,-0.138644
196.1627,-0.138648
196.1798,-0.138652
196.1972,-0.138659
196.2135,-0.138664
196.2301,-0.138672
196.2465,-0.138678
196.2627,-0.138685
196.2801,-0.13869
196.2966,-0.138695
196.3137,-0.138704
196.3303,-0.138711
196.347,-0.138717
196.3629,-0.138722
196.3798,-0.138725
196.397,-0.138728
196.4134,-0.13873
196.4302,-0.138734
196.4468,-0.138738
196.4625,-0.138742
196.4802,-0.138746
196.4966,-0.13875
196.5134,-0.138754
196.5307,-0.13876
196.5469,-0.138767
196.5629,-0.138772
196.5802,-0.138776
196.5972,-0.13878
196.6135,-0.138783
196.6301,-0.138787
196.6467,-0.138793
196.663,-0.138798
196.6798,-0.138803
196.6973,-0.138808
196.7135,-0.138813
196.7302,-0.138817
196.7467,-0.138821
196.7639,-0.138823
196.7796,-0.138828
196.7967,-0.138834
196.8132,-0.138842
196.829,-0.138851
196.8471,-0.138859
196.863,-0.138865
196.8803,-0.138871
196.8971,-0.138876
196.9134,-0.13888
196.9293,-0.13888
196.9464,-0.138882
196.9636,-0.138883
196.9795,-0.138884
196.9965,-0.138888
197.0126,-0.138895
197.0308,-0.1389
197.0468,-0.138907
197.0629,-0.138916
197.0803,-0.138925
197.0967,-0.138934
197.1143,-0.138943
197.13,-0.138949
197.1469,-0.138953
197.1639,-0.138956
197.18,-0.138958
197.1972,-0.13896
197.2131,-0.138962
197.2303,-0.138964
197.2473,-0.138968
197.2634,-0.138973
197.2799,-0.138977
197.2963,-0.138982
197.3132,-0.138987
197.3306,-0.138994
197.3468,-0.139
197.3631,-0.139004
197.3806,-0.139008
197.3973,-0.139013
197.4135,-0.139017
197.43,-0.139019
197.447,-0.13902
197.4632,-0.139021
197.481,-0.139024
197.496,-0.139031
197.513,-0.139039
197.5296,-0.139045
197.5466,-0.139053
197.563,-0.139061
197.5805,-0.13907
197.5973,-0.13908
197.6137,-0.139089
197.6305,-0.139099
197.6465,-0.139106
197.6632,-0.139111
197.6801,-0.139116
197.6972,-0.139121
197.714,-0.139127
197.7305,-0.139134
197.7475,-0.139143
197.7633,-0.139149
197.7799,-0.139155
197.797,-0.139159
197.8142,-0.139163
197.8305,-0.139168
197.8467,-0.139172
197.8631,-0.139175
197.8798,-0.139176
197.8971,-0.139179
197.914,-0.139183
197.9298,-0.139189
197.9468,-0.139197
197.9633,-0.139206
197.9806,-0.139215
197.9966,-0.139224
198.0132,-0.139231
198.0309,-0.139238
198.0475,-0.139243
198.0631,-0.139246
198.0802,-0.139249
198.0967,-0.139252
198.1138,-0.139255
198.1302,-0.13926
198.1467,-0.139264
198.1639,-0.139269
198.1808,-0.139275
198.197,-0.139282
198.2142,-0.13929
198.2309,-0.139299
198.2477,-0.139307
198.2638,-0.139313
198.2806,-0.13932
198.2974,-0.139328
198.3144,-0.139336
198.3313,-0.139343
198.3474,-0.139351
198.3643,-0.139356
198.381,-0.139361
198.3977,-0.139366
198.4146,-0.139373
198.4306,-0.139378
198.4472,-0.139381
198.4641,-0.139383
198.4812,-0.139386
198.4978,-0.13939
198.5136,-0.139397
198.5307,-0.139402
198.5482,-0.139407
198.5643,-0.139411
198.581,-0.139417
198.5982,-0.139424
198.6148,-0.139433
198.6311,-0.139438
198.6475,-0.139442
198.6638,-0.139444
198.6808,-0.139448
198.6981,-0.139451
198.7138,-0.139455
198.7305,-0.139457
198.7476,-0.13946
198.7647,-0.139466
198.781,-0.139473
198.7976,-0.139482
198.8143,-0.13949
198.8325,-0.139495
198.8476,-0.139502
198.8645,-0.139509
198.8821,-0.139518
198.898,-0.139527
198.9158,-0.139533
198.9327,-0.139542
198.9492,-0.13955
198.9654,-0.139555
198.9823,-0.139561
198.9987,-0.139563
199.0157,-0.139565
199.0324,-0.139568
199.049,-0.13957
199.0656,-0.139574
199.0816,-0.13958
199.0984,-0.139586
199.1155,-0.139594
199.1329,-0.139602
199.1488,-0.139611
199.166,-0.139619
199.1827,-0.139628
199.2,-0.139635
199.2158,-0.139639
199.2334,-0.139643
199.2494,-0.139649
199.2665,-0.139653
199.2829,-0.13966
199.2984,-0.139667
199.3167,-0.139673
199.333,-0.139679
199.3493,-0.139686
199.3675,-0.139693
199.3825,-0.139698
199.4002,-0.139701
199.4167,-0.139708
199.433,-0.139716
199.4496,-0.139724
199.4665,-0.139736
199.4836,-0.139746
199.4997,-0.139757
199.517,-0.139768
199.5334,-0.139778
199.5506,-0.139787
199.5671,-0.139793
199.584,-0.139799
199.6011,-0.139805
199.6172,-0.139812
199.6334,-0.139816
199.6508,-0.13982
199.6675,-0.139825
199.6838,-0.139832
199.7011,-0.13984
199.7167,-0.139846
199.7334,-0.139854
199.7501,-0.139862
199.7678,-0.139871
199.784,-0.139881
199.8011,-0.139892
199.8179,-0.139898
199.8345,-0.139904
199.8509,-0.139909
199.8677,-0.139912
199.8849,-0.139917
199.9012,-0.139922
199.9176,-0.139929
199.9344,-0.139935
199.9508,-0.139943
199.9677,-0.139952
199.9841,-0.139962
200.0014,-0.139973
200.0176,-0.139987
200.0347,-0.139997
200.0516,-0.140007
200.0681,-0.140017
200.0841,-0.140028
200.1019,-0.140037
200.1185,-0.140046
200.1354,-0.140055
200.1517,-0.140064
200.1684,-0.140074
200.1845,-0.140085
200.2016,-0.140096
200.2181,-0.140108
200.2358,-0.140119
200.2517,-0.140132
200.2694,-0.140144
200.2856,-0.14016
200.3024,-0.140175
200.3195,-0.140188
200.335,-0.1402
200.3526,-0.140211
200.3696,-0.140222
200.3855,-0.140233
200.402,-0.140243
200.4192,-0.140254
200.4358,-0.140264
200.4525,-0.140273
200.4689,-0.140282
200.4859,-0.140292
200.5023,-0.140299
200.5193,-0.140306
200.5353,-0.140315
200.5525,-0.140322
200.5687,-0.140328
200.5849,-0.140336
200.6023,-0.140343
200.6195,-0.140351
200.6352,-0.14036
200.6523,-0.140369
200.6688,-0.14038
200.6852,-0.14039
200.7026,-0.1404
200.7196,-0.14041
200.736,-0.14042
200.7526,-0.14043
200.7685,-0.140442
200.7851,-0.140454
200.8021,-0.140467
200.8184,-0.140478
200.8356,-0.14049
200.8515,-0.1405
200.8688,-0.14051
200.8854,-0.140519
200.9017,-0.140526
200.9189,-0.140534
200.935,-0.140543
200.9521,-0.140551
200.9683,-0.140561
200.9848,-0.140571
201.0015,-0.140579
201.0178,-0.140588
201.0345,-0.140595
201.0518,-0.140605
201.0678,-0.140614
201.0848,-0.14062
201.1015,-0.140628
201.1181,-0.140635
201.1345,-0.140641
201.151,-0.140647
201.1674,-0.140651
201.1841,-0.140655
201.201,-0.14066
201.2175,-0.140669
201.2347,-0.140676
201.2503,-0.140683
201.2669,-0.14069
201.2841,-0.1407
201.3006,-0.14071
201.3172,-0.140717
201.334,-0.140726
201.3502,-0.140734
201.3678,-0.140742
201.3842,-0.140746
201.4003,-0.14075
201.4166,-0.140754
201.4344,-0.140758
201.4514,-0.140762
201.4671,-0.140768
201.483,-0.140773
201.5002,-0.140776
201.5171,-0.140776
201.5343,-0.140779
201.5511,-0.140783
201.567,-0.140789
201.5835,-0.140792
201.5999,-0.140796
201.6172,-0.1408
201.6338,-0.140806
201.6507,-0.140812
201.6667,-0.140817
201.6844,-0.14082
201.7001,-0.140822
201.7157,-0.140823
201.7339,-0.140825
201.7504,-0.140826
201.7668,-0.140829
201.7837,-0.140831
201.7991,-0.140834
201.8172,-0.140836
201.8328,-0.140837
201.8495,-0.140841
201.8674,-0.140844
201.8837,-0.140845
201.8997,-0.140845
201.9159,-0.140844
201.9331,-0.140844
201.95,-0.140844
201.9664,-0.140844
201.9827,-0.140848
201.9995,-0.140855
202.0164,-0.140858
202.0328,-0.14086
202.0499,-0.140864
202.0666,-0.140868
202.0826,-0.140871
202.0989,-0.140875
202.1158,-0.140879
202.1328,-0.140881
202.1496,-0.140881
202.1655,-0.140884
202.1824,-0.140887
202.1996,-0.14089
202.2162,-0.140891
202.2332,-0.140892
202.2494,-0.140894
202.2658,-0.140897
202.2826,-0.1409
202.2993,-0.140906
202.3162,-0.14091
202.3324,-0.140914
202.3499,-0.140916
202.366,-0.140918
202.3831,-0.140918
202.3996,-0.140919
202.4159,-0.140922
202.4327,-0.140922
202.4493,-0.140925
202.4658,-0.140928
202.483,-0.140933
202.499,-0.140938
202.5155,-0.140942
202.5331,-0.140947
202.5498,-0.140948
202.5667,-0.140951
202.583,-0.140954
202.599,-0.140959
202.6164,-0.140962
202.6328,-0.140967
202.649,-0.140974
202.6656,-0.140977
202.6825,-0.140981
202.6996,-0.140983
202.7165,-0.140988
202.7334,-0.14099
202.7494,-0.140991
202.7667,-0.14099
202.7828,-0.140989
202.8002,-0.140993
202.816,-0.140997
202.8329,-0.141002
202.8496,-0.141004
202.8656,-0.141005
202.8829,-0.141005
202.9006,-0.14101
202.9159,-0.141014
202.9323,-0.141017
202.9488,-0.14102
202.9656,-0.141021
202.9827,-0.141023
202.9995,-0.141026
203.0161,-0.141029
203.0326,-0.141033
203.0495,-0.141034
203.0663,-0.141035
203.0822,-0.141037
203.0995,-0.141041
203.1164,-0.141043
203.1324,-0.141046
203.1493,-0.141052
203.1655,-0.14106
203.1829,-0.141068
203.1991,-0.141077
203.2158,-0.141086
203.2332,-0.141095
203.2487,-0.141102
203.2666,-0.141107
203.2821,-0.141111
203.2987,-0.141112
203.3161,-0.141114
203.3328,-0.141117
203.3494,-0.141118
203.366,-0.141121
203.383,-0.141122
203.3998,-0.141122
203.4159,-0.141124
203.4321,-0.141126
203.4491,-0.14113
203.4656,-0.141134
203.4824,-0.141139
203.4994,-0.141145
203.5155,-0.141152
203.5324,-0.141158
203.5492,-0.141165
203.5663,-0.14117
203.583,-0.141176
203.5991,-0.141181
203.6158,-0.141185
203.6326,-0.141189
203.6492,-0.141191
203.6656,-0.141196
203.6828,-0.1412
203.6992,-0.141204
203.7167,-0.141208
203.7336,-0.141213
203.7497,-0.141217
203.7669,-0.141223
203.7827,-0.141228
203.8003,-0.141231
203.8166,-0.141235
203.8332,-0.14124
203.8499,-0.141245
203.8665,-0.141248
203.8834,-0.141248
203.9001,-0.141247
203.9167,-0.141247
203.9327,-0.141249
203.9504,-0.14125
203.9666,-0.141254
203.9829,-0.141257
203.9996,-0.141262
204.0167,-0.141268
204.0332,-0.141274
204.0497,-0.141283
204.066,-0.14129
204.0829,-0.141299
204.0998,-0.141306
204.1172,-0.141314
204.1335,-0.14132
204.1497,-0.141327
204.1664,-0.141331
204.1833,-0.141334
204.1999,-0.141334
204.2164,-0.141336
204.2334,-0.141337
204.2497,-0.141342
204.2666,-0.141348
204.2831,-0.141353
204.2993,-0.141359
204.3164,-0.141368
204.3335,-0.141378
204.3497,-0.141387
204.3665,-0.141394
204.3833,-0.141399
204.4,-0.141402
204.4166,-0.141403
204.4328,-0.141408
204.4491,-0.141412
204.466,-0.141417
204.4834,-0.141423
204.4996,-0.141431
204.5175,-0.141438
204.5335,-0.141443
204.5501,-0.14145
204.5674,-0.141457
204.5834,-0.141462
204.6,-0.141468
204.6164,-0.141474
204.6338,-0.141481
204.6503,-0.141487
204.6668,-0.141492
204.6833,-0.141497
204.7004,-0.141502
204.7175,-0.141505
204.7339,-0.141507
204.7506,-0.14151
204.767,-0.141513
204.7832,-0.141514
204.8003,-0.141516
204.816,-0.141518
204.8341,-0.141523
204.8504,-0.141528
204.8669,-0.141534
204.8841,-0.14154
204.8999,-0.141547
204.9178,-0.141554
204.9335,-0.141563
204.9503,-0.141572
204.9668,-0.141579
204.9843,-0.141588
205.0009,-0.141596
205.0167,-0.141604
205.0346,-0.14161
205.0511,-0.141616
205.0681,-0.141621
205.0847,-0.141629
205.1004,-0.141636
205.1173,-0.141639
205.1345,-0.141643
205.1509,-0.141645
205.1677,-0.141649
205.1838,-0.141652
205.2004,-0.141655
205.2179,-0.141657
205.2344,-0.141661
205.2507,-0.141667
205.2673,-0.141675
205.2844,-0.141686
205.3001,-0.141697
205.3175,-0.141708
205.3341,-0.141719
205.3517,-0.14173
205.3682,-0.14174
205.3853,-0.141745
205.4011,-0.141748
205.418,-0.14175
205.4348,-0.141751
205.451,-0.141754
205.4676,-0.141758
205.4836,-0.141763
205.5014,-0.141768
205.5175,-0.141775
205.5345,-0.141782
205.5514,-0.14179
205.5677,-0.141799
205.5849,-0.141808
205.6013,-0.141819
205.6171,-0.14183
205.6346,-0.141841
205.6506,-0.141851
205.6671,-0.141861
205.6849,-0.141869
205.7008,-0.141878
205.7179,-0.141885
205.7339,-0.141892
205.7517,-0.141897
205.7675,-0.141903
205.7845,-0.14191
205.8016,-0.141918
205.8174,-0.141928
205.8343,-0.141934
205.851,-0.141941
205.8677,-0.141948
205.8847,-0.141953
205.902,-0.14196
205.9178,-0.141969
205.9345,-0.141976
205.9513,-0.141982
205.9678,-0.141987
205.9851,-0.141993
206.0018,-0.142001
206.0184,-0.142009
206.0349,-0.142016
206.0518,-0.142024
206.0683,-0.142031
206.0851,-0.142038
206.1019,-0.142044
206.1185,-0.142049
206.135,-0.142054
206.1512,-0.142056
206.1685,-0.142059
206.1851,-0.142063
206.2007,-0.142071
206.2184,-0.14208
206.2346,-0.14209
206.2518,-0.142099
206.2688,-0.142108
206.2858,-0.142115
206.3015,-0.142122
206.3193,-0.142128
206.336,-0.142132
206.3516,-0.142135
206.3688,-0.14214
206.3854,-0.142145
206.4016,-0.14215
206.4187,-0.142158
206.4353,-0.142168
206.4522,-0.142178
206.4689,-0.142187
206.4858,-0.142198
206.5024,-0.142208
206.5193,-0.142216
206.5359,-0.142222
206.5529,-0.142227
206.569,-0.142232
206.5865,-0.142238
206.6023,-0.142242
206.6197,-0.142245
206.6356,-0.142249
206.6523,-0.142253
206.669,-0.142256
206.6854,-0.14226
206.7021,-0.142266
206.719,-0.142274
206.7353,-0.14228
206.7527,-0.142288
206.7692,-0.142298
206.7866,-0.142309
206.8031,-0.142322
206.8195,-0.142334
206.8357,-0.142344
206.8526,-0.142352
206.8695,-0.142359
206.8867,-0.142366
206.9036,-0.142369
206.9199,-0.142375
206.9364,-0.14238
206.9528,-0.142383
206.9691,-0.14239
206.9863,-0.142397
207.0024,-0.142406
207.0202,-0.142413
207.0353,-0.142423
207.0535,-0.142434
207.0694,-0.142442
207.0862,-0.14245
207.103,-0.142457
207.1201,-0.142466
207.1367,-0.142473
207.1528,-0.142482
207.1694,-0.14249
207.1863,-0.142498
207.2029,-0.142505
207.2193,-0.14251
207.2358,-0.142518
207.2519,-0.142526
207.2695,-0.142535
207.2864,-0.142543
207.303,-0.142553
207.3195,-0.142566
207.3359,-0.142576
207.3526,-0.142582
207.3683,-0.142588
207.3867,-0.142592
207.403,-0.142594
207.4185,-0.142597
207.4359,-0.142602
207.4525,-0.142607
207.4684,-0.142612
207.4859,-0.142618
207.5022,-0.142627
207.5191,-0.142635
207.5348,-0.142644
207.5522,-0.142652
207.5693,-0.142663
207.5859,-0.142674
207.6017,-0.142687
207.6184,-0.142699
207.6352,-0.14271
207.6525,-0.142719
207.6685,-0.142726
207.6857,-0.142733
207.7017,-0.142738
207.719,-0.142744
207.7357,-0.14275
207.7519,-0.142755
207.7687,-0.142761
207.7855,-0.142767
207.8021,-0.142774
207.8186,-0.142781
207.8354,-0.142789
207.8523,-0.142798
207.8685,-0.142804
207.886,-0.14281
207.9014,-0.142818
207.9192,-0.142826
207.9352,-0.142837
207.9519,-0.142845
207.9689,-0.142851
207.9854,-0.142857
208.0021,-0.142862
208.019,-0.142866
208.0346,-0.14287
208.0516,-0.142872
208.0686,-0.142876
208.0843,-0.142881
208.1014,-0.142886
208.1184,-0.142895
208.135,-0.142905
208.1522,-0.142913
208.1688,-0.14292
208.1842,-0.142925
208.2018,-0.14293
208.2183,-0.142933
208.2349,-0.142937
208.2509,-0.142939
208.2669,-0.14294
208.2838,-0.14294
208.3015,-0.142941
208.3174,-0.142942
208.3343,-0.142944
208.3512,-0.142946
208.3674,-0.142947
208.3839,-0.142949
208.4015,-0.142953
208.4176,-0.142957
208.4341,-0.142959
208.4512,-0.142963
208.4679,-0.142967
208.485,-0.142974
208.5009,-0.142978
208.5179,-0.142983
208.5344,-0.142987
208.5515,-0.142989
208.5688,-0.14299
208.5848,-0.14299
208.6007,-0.14299
208.6179,-0.142989
208.6348,-0.142988
208.651,-0.142988
208.6677,-0.142989
208.6847,-0.142992
208.702,-0.142995
208.7183,-0.143002
208.7354,-0.143007
208.7522,-0.143008
208.7687,-0.14301
208.7847,-0.143012
208.802,-0.143015
208.8193,-0.143016
208.8351,-0.143017
208.8516,-0.143013
208.8688,-0.143009
208.8849,-0.143007
208.9017,-0.143008
208.9189,-0.143011
208.9343,-0.143012
208.9514,-0.143016
208.9684,-0.143021
208.9854,-0.143026
209.0021,-0.143032
209.0185,-0.143039
209.0354,-0.143043
209.0519,-0.143048
209.0688,-0.143053
209.0858,-0.143059
209.1018,-0.143065
209.119,-0.14307
209.1356,-0.143073
209.1524,-0.143076
209.1688,-0.143081
209.1855,-0.143087
209.2022,-0.143089
209.219,-0.143093
209.2358,-0.143095
209.2515,-0.143103
209.2687,-0.14311
209.2852,-0.143119
209.302,-0.143128
209.3191,-0.143135
209.3354,-0.14314
209.3517,-0.143144
209.3691,-0.143148
209.3855,-0.143152
209.4015,-0.143155
209.4184,-0.143161
209.4346,-0.143166
209.4515,-0.143172
209.4683,-0.14318
209.4857,-0.143188
209.5025,-0.143197
209.5186,-0.143204
209.5354,-0.143211
209.5529,-0.14322
209.5686,-0.143231
209.5856,-0.143241
209.6017,-0.143251
209.6187,-0.143259
209.6356,-0.143265
209.652,-0.143272
209.6692,-0.143281
209.6855,-0.143291
209.7011,-0.1433
209.7185,-0.143309
209.7351,-0.143319
209.7514,-0.143328
209.7682,-0.143338
209.785,-0.143347
209.8021,-0.143356
209.8185,-0.143364
209.8344,-0.143371
209.8513,-0.143379
209.8675,-0.143387
209.8856,-0.143396
209.901,-0.143406
209.9182,-0.143414
209.9351,-0.143423
209.9514,-0.143433
209.9682,-0.14344
209.9855,-0.143449
210.0016,-0.143458
210.0177,-0.143465
210.035,-0.14347
210.0511,-0.143472
210.0676,-0.143477
210.0843,-0.14348
210.1008,-0.143481
210.118,-0.143482
210.134,-0.143486
210.1509,-0.143489
210.1682,-0.143493
210.1841,-0.143499
210.2015,-0.143506
210.2181,-0.143513
210.234,-0.143521
210.2512,-0.143526
210.2679,-0.143532
210.2845,-0.143536
210.3002,-0.14354
210.3174,-0.143546
210.3331,-0.143548
210.3512,-0.143552
210.3676,-0.143553
210.3848,-0.143555
210.4007,-0.143557
210.4173,-0.14356
210.4344,-0.143564
210.4513,-0.143571
210.4676,-0.143578
210.4841,-0.143585
210.5009,-0.143592
210.518,-0.143597
210.534,-0.143601
210.5509,-0.143606
210.5677,-0.143612
210.5845,-0.143614
210.6015,-0.143617
210.6175,-0.143619
210.6352,-0.143623
210.6519,-0.143629
210.6685,-0.143636
210.6848,-0.14364
210.7013,-0.143644
210.7184,-0.143645
210.7348,-0.143646
210.7514,-0.143647
210.7677,-0.143647
210.7843,-0.14365
210.8015,-0.143652
210.8177,-0.143655
210.8351,-0.143654
210.8511,-0.143654
210.8681,-0.143654
210.8843,-0.143654
210.9011,-0.143657
210.9179,-0.143661
210.9337,-0.143666
210.9509,-0.14367
210.9678,-0.143674
210.9848,-0.143678
211.0019,-0.143683
211.0178,-0.143688
211.0345,-0.143692
211.0526,-0.143697
211.0683,-0.1437
211.0849,-0.143706
211.1014,-0.143714
211.1182,-0.143722
211.1349,-0.143728
211.1516,-0.143735
211.1687,-0.143742
211.1852,-0.143748
211.2018,-0.143752
211.2191,-0.143756
211.2359,-0.14376
211.2522,-0.143767
211.2687,-0.143771
211.2851,-0.143775
211.302,-0.143778
211.3185,-0.14378
211.3358,-0.143785
211.3517,-0.14379
211.3685,-0.143796
211.3849,-0.143801
211.402,-0.143808
211.4188,-0.143815
211.4354,-0.143824
211.4519,-0.143833
211.4683,-0.143845
211.4858,-0.143855
211.5015,-0.143865
211.519,-0.143875
211.5355,-0.143883
211.5529,-0.143889
211.569,-0.143896
211.5857,-0.143902
211.6019,-0.143909
211.6191,-0.143916
211.6357,-0.143923
211.6515,-0.143929
211.6684,-0.143938
211.6855,-0.143946
211.7025,-0.143956
211.7192,-0.143964
211.7363,-0.143971
211.7521,-0.143979
211.7688,-0.143987
211.7853,-0.143997
211.8016,-0.144008
211.8183,-0.144018
211.8359,-0.144029
211.8516,-0.144038
211.8688,-0.144045
211.8851,-0.144053
211.9014,-0.144061
211.9181,-0.144067
211.935,-0.144074
211.9524,-0.14408
211.9681,-0.144086
211.9843,-0.144092
212.0014,-0.144098
212.0188,-0.144104
212.0354,-0.144109
212.0518,-0.144114
212.0685,-0.144123
212.0845,-0.14413
212.1013,-0.14414
212.1184,-0.144149
212.1349,-0.144157
212.1521,-0.144166
212.1688,-0.144175
212.1852,-0.144182
212.2025,-0.144188
212.2186,-0.144194
212.2346,-0.1442
212.2517,-0.144205
212.2687,-0.14421
212.2855,-0.144214
212.3022,-0.144222
212.3188,-0.144227
212.3357,-0.144232
212.3517,-0.144237
212.3685,-0.14424
212.386,-0.144243
212.4023,-0.144247
212.4184,-0.14425
212.4358,-0.144253
212.4522,-0.144256
212.4683,-0.144262
212.4849,-0.144269
212.5017,-0.144276
212.5189,-0.144282
212.5353,-0.144289
212.5527,-0.144295
212.5686,-0.144303
212.5855,-0.144308
212.6022,-0.144313
212.6193,-0.144317
212.6355,-0.144322
212.6518,-0.144328
212.669,-0.144334
212.6857,-0.144341
212.7017,-0.144348
212.7193,-0.144355
212.7352,-0.144359
212.7523,-0.144363
212.7693,-0.144366
212.7859,-0.144371
212.8028,-0.144376
212.819,-0.144382
212.8353,-0.144386
212.8522,-0.14439
212.8695,-0.144395
212.8864,-0.144401
212.9023,-0.144407
212.9188,-0.144411
212.9356,-0.144418
212.9525,-0.144422
212.9691,-0.144427
212.9858,-0.144432
213.0023,-0.144439
213.0193,-0.144448
213.0359,-0.144456
213.0529,-0.144464
213.0695,-0.144473
213.086,-0.144481
213.1024,-0.144489
213.1198,-0.144496
213.1363,-0.144503
213.1532,-0.14451
213.1694,-0.144513
213.186,-0.144517
213.2027,-0.144522
213.22,-0.144527
213.236,-0.144533
213.2524,-0.14454
213.2691,-0.144547
213.2857,-0.144556
213.3023,-0.144567
213.3191,-0.144579
213.336,-0.14459
213.3537,-0.144599
213.3695,-0.144604
213.3867,-0.144607
213.4032,-0.144609
213.4195,-0.144612
213.4356,-0.144613
213.4528,-0.144616
213.4692,-0.14462
213.487,-0.144627
213.5024,-0.144635
213.5187,-0.144645
213.5359,-0.144655
213.5531,-0.144663
213.5701,-0.144669
213.5862,-0.144674
213.6024,-0.144679
213.6191,-0.144684
213.6363,-0.144689
213.6524,-0.144693
213.6691,-0.144696
213.6859,-0.1447
213.7025,-0.144705
213.719,-0.144711
213.736,-0.144716
213.7527,-0.144722
213.7695,-0.144728
213.7857,-0.144735
213.8015,-0.144743
213.8189,-0.144753
213.8359,-0.144764
213.8514,-0.144773
213.8698,-0.144785
213.8863,-0.144799
213.9029,-0.14481
213.9196,-0.144821
213.936,-0.14483
213.9529,-0.144836
213.9703,-0.144843
213.9862,-0.144851
214.0024,-0.144859
214.0195,-0.144865
214.0365,-0.144871
214.0537,-0.144877
214.0699,-0.144886
214.0867,-0.144895
214.1029,-0.1449
214.119,-0.144905
214.1364,-0.14491
214.153,-0.144917
214.1694,-0.144927
214.1861,-0.144938
214.2029,-0.144947
214.2196,-0.144953
214.2367,-0.144959
214.2534,-0.144964
214.2699,-0.144968
214.286,-0.14497
214.3032,-0.144974
214.3193,-0.14498
214.3357,-0.144984
214.3527,-0.144991
214.3697,-0.144998
214.387,-0.145007
214.4039,-0.145014
214.4193,-0.145019
214.4352,-0.145023
214.453,-0.145027
214.4701,-0.145032
214.4861,-0.145039
214.5034,-0.145048
214.5194,-0.145054
214.5367,-0.145063
214.5536,-0.145071
214.5702,-0.145077
214.586,-0.14508
214.6036,-0.145085
214.6192,-0.14509
214.6366,-0.145096
214.6527,-0.145103
214.6694,-0.14511
214.6868,-0.145116
214.7034,-0.145125
214.7205,-0.145132
214.7368,-0.145138
214.7532,-0.145141
214.7702,-0.145142
214.787,-0.145144
214.8032,-0.145147
214.8196,-0.14515
214.836,-0.145154
214.853,-0.145158
214.8706,-0.145162
214.8868,-0.145168
214.9032,-0.145173
214.9201,-0.14518
214.9369,-0.145186
214.9536,-0.145191
214.9702,-0.145195
214.9864,-0.1452
215.0031,-0.145207
215.0201,-0.145215
215.0361,-0.145223
215.0531,-0.145231
215.0699,-0.145241
215.0873,-0.145248
215.1037,-0.145257
215.1194,-0.145262
215.137,-0.145264
215.1541,-0.145265
215.17,-0.145265
215.1866,-0.145269
215.203,-0.145275
215.2194,-0.145279
215.2367,-0.145283
215.2532,-0.145288
215.2696,-0.145294
215.2869,-0.145304
215.3028,-0.145316
215.3192,-0.145326
215.3356,-0.145334
215.354,-0.145342
215.3703,-0.145351
215.3871,-0.14536
215.4038,-0.145365
215.42,-0.14537
215.4372,-0.145373
215.4535,-0.145375
215.4698,-0.14538
215.4871,-0.145386
215.5026,-0.145394
215.5207,-0.145402
215.5372,-0.145411
215.5538,-0.145418
215.5698,-0.145424
215.5872,-0.14543
215.603,-0.145435
215.6206,-0.14544
215.6373,-0.145445
215.6536,-0.14545
215.6702,-0.145452
215.6871,-0.145453
215.7034,-0.145458
215.7199,-0.145464
215.7369,-0.14547
215.7534,-0.145476
215.7702,-0.145484
215.7873,-0.145491
215.804,-0.145497
215.8207,-0.145502
215.8371,-0.145508
215.8544,-0.145515
215.8698,-0.145521
215.8873,-0.145525
215.9045,-0.145527
215.9209,-0.145531
215.9375,-0.145534
215.9533,-0.145537
215.9703,-0.14554
215.9866,-0.145545
216.0039,-0.14555
216.0205,-0.145556
216.0374,-0.145563
216.0541,-0.14557
216.0706,-0.145577
216.087,-0.145582
216.1037,-0.145587
216.1209,-0.145591
216.1372,-0.145597
216.1539,-0.145603
216.1701,-0.145611
216.1872,-0.145618
216.2045,-0.145623
216.2209,-0.145628
216.2375,-0.145631
216.2542,-0.145633
216.2713,-0.145635
216.2879,-0.145636
216.3042,-0.14564
216.3206,-0.145643
216.3374,-0.145646
216.354,-0.145647
216.3709,-0.145652
216.3879,-0.145655
216.4046,-0.145658
216.4206,-0.145662
216.4376,-0.145666
216.4548,-0.14567
216.4715,-0.145676
216.4875,-0.145684
216.5041,-0.145692
216.5213,-0.145696
216.5381,-0.145701
216.5552,-0.145707
216.5718,-0.145712
216.5886,-0.145717
216.604,-0.14572
216.6216,-0.145724
216.6382,-0.145729
216.654,-0.145734
216.6718,-0.145739
216.6876,-0.145746
216.7052,-0.145753
216.7214,-0.145761
216.7383,-0.14577
216.7551,-0.145778
216.7717,-0.145787
216.788,-0.145793
216.805,-0.145799
216.8218,-0.145804
216.839,-0.145806
216.8556,-0.145811
216.8717,-0.145815
216.8882,-0.145817
216.9057,-0.145822
216.9215,-0.14583
216.9392,-0.145837
216.9545,-0.145845
216.9721,-0.145853
216.9887,-0.145862
217.0054,-0.145867
217.0217,-0.145868
217.0393,-0.145872
217.056,-0.145874
217.0719,-0.145878
217.0885,-0.145882
217.1051,-0.145889
217.1224,-0.145897
217.1397,-0.145907
217.1557,-0.145917
217.1723,-0.145926
217.1888,-0.145936
217.2058,-0.145944
217.2228,-0.145949
217.2394,-0.145955
217.2552,-0.145962
217.2729,-0.145968
217.2887,-0.145975
217.3057,-0.145983
217.3225,-0.145994
217.3394,-0.146004
217.3551,-0.146014
217.3723,-0.146026
217.3894,-0.146037
217.4059,-0.146046
217.4228,-0.146053
217.4399,-0.146062
217.4562,-0.146068
217.4727,-0.146074
217.4893,-0.146081
217.5058,-0.14609
217.5223,-0.146096
217.5394,-0.146103
217.5557,-0.14611
217.5727,-0.146119
217.5899,-0.146127
217.6057,-0.146135
217.6231,-0.146143
217.6393,-0.146152
217.6564,-0.146158
217.6722,-0.146163
217.6897,-0.14617
217.706,-0.146174
217.7231,-0.14618
217.7393,-0.146186
217.7558,-0.146192
217.7721,-0.146202
217.7893,-0.146213
217.806,-0.146224
217.8228,-0.146236
217.8391,-0.146245
217.8563,-0.146253
217.8728,-0.14626
217.8897,-0.146267
217.9059,-0.146275
217.9223,-0.146283
217.9396,-0.14629
217.956,-0.146299
217.9731,-0.146309
217.9898,-0.146319
218.006,-0.146326
218.0228,-0.146332
218.0394,-0.146337
218.0565,-0.146342
218.072,-0.146348
218.089,-0.146355
218.1062,-0.146362
218.1233,-0.146369
218.1402,-0.146373
218.1562,-0.146378
218.1736,-0.146381
218.1893,-0.146383
218.2067,-0.146386
218.2231,-0.14639
218.2394,-0.146393
218.2563,-0.146397
218.2726,-0.146404
218.2897,-0.146408
218.3067,-0.146416
218.323,-0.146423
218.3396,-0.14643
218.3559,-0.146436
218.3727,-0.146441
218.3898,-0.146446
218.4066,-0.146454
218.4229,-0.146461
218.4397,-0.146468
218.4563,-0.146477
218.4733,-0.146484
218.4903,-0.14649
218.5069,-0.146497
218.5231,-0.146504
218.5398,-0.14651
218.5566,-0.146516
218.5731,-0.146521
218.5903,-0.146528
218.6062,-0.146533
218.6235,-0.146536
218.6393,-0.146542
218.6566,-0.146549
218.6734,-0.146555
218.6901,-0.146562
218.7069,-0.146569
218.724,-0.146574
218.7401,-0.14658
218.7563,-0.146587
218.7735,-0.146592
218.791,-0.146598
218.8063,-0.146603
218.824,-0.146611
218.8404,-0.146617
218.8574,-0.146627
218.874,-0.146636
218.891,-0.146643
218.9065,-0.146648
218.9235,-0.146653
218.9412,-0.146657
218.9574,-0.146662
218.9729,-0.146666
218.99,-0.146671
219.007,-0.146675
219.0235,-0.146677
219.0402,-0.146684
219.0568,-0.146691
219.0735,-0.146697
219.09,-0.146703
219.1066,-0.146711
219.1237,-0.146716
219.1399,-0.146723
219.1571,-0.146728
219.1736,-0.146735
219.1904,-0.146741
219.2071,-0.146747
219.2232,-0.146756
219.2399,-0.146764
219.2562,-0.146771
219.2725,-0.146775
219.2899,-0.146776
219.3075,-0.146779
219.3229,-0.146784
219.3397,-0.146791
219.3554,-0.146796
219.3723,-0.146802
219.3901,-0.146811
219.4066,-0.14682
219.4232,-0.146829
219.4398,-0.146841
219.4557,-0.146851
219.4726,-0.146857
219.4896,-0.146864
219.5066,-0.146871
219.5228,-0.146876
219.5394,-0.146881
219.5565,-0.146884
219.5731,-0.146886
219.5893,-0.14689
219.6064,-0.146894
219.6229,-0.1469
219.6394,-0.146906
219.6561,-0.146911
219.6729,-0.146915
219.6888,-0.146921
219.706,-0.146926
219.7226,-0.14693
219.739,-0.146934
219.7558,-0.146936
219.7723,-0.146937
219.7895,-0.14694
219.806,-0.146945
219.8221,-0.146952
219.8385,-0.146958
219.8559,-0.146964
219.8732,-0.146971
219.8896,-0.146975
219.9064,-0.146981
219.9224,-0.146988
219.9393,-0.146995
219.955,-0.147001
219.9725,-0.147005
219.9887,-0.147009
220.0062,-0.147014
220.022,-0.147018
220.0392,-0.147022
220.0565,-0.147024
220.072,-0.147024
220.0894,-0.147024
220.1051,-0.147025
220.1223,-0.147029
220.1383,-0.147033
220.1545,-0.147038
220.1725,-0.147043
220.1884,-0.147047
220.2054,-0.14705
220.2226,-0.147055
220.2392,-0.147061
220.2557,-0.147062
220.2724,-0.147063
220.2888,-0.147065
220.3054,-0.147068
220.3226,-0.147073
220.3388,-0.147077
220.3553,-0.147082
220.3719,-0.147089
220.3891,-0.147094
220.4056,-0.147099
220.4212,-0.147103
220.4385,-0.147108
220.4554,-0.14711
220.4727,-0.147113
220.489,-0.147115
220.5054,-0.14712
220.5216,-0.147124
220.5385,-0.147128
220.5558,-0.147133
220.5726,-0.147139
220.5887,-0.147144
220.6052,-0.147149
220.6218,-0.147153
220.6389,-0.147157
220.6555,-0.147161
220.6718,-0.147163
220.689,-0.147165
220.7053,-0.147167
220.7218,-0.147167
220.7389,-0.147168
220.7549,-0.14717
220.7719,-0.147171
220.7887,-0.147174
220.805,-0.147178
220.8215,-0.14718
220.839,-0.147182
220.8552,-0.147185
220.8715,-0.147187
220.8888,-0.147188
220.905,-0.147189
220.9217,-0.147193
220.9382,-0.147197
220.9546,-0.147199
220.9713,-0.147202
220.989,-0.147209
221.0051,-0.147212
221.0217,-0.147214
221.0381,-0.147219
221.0543,-0.147224
221.0714,-0.147227
221.0875,-0.14723
221.105,-0.147234
221.1214,-0.147239
221.1383,-0.147245
221.1539,-0.14725
221.1716,-0.147258
221.1882,-0.147261
221.205,-0.147262
221.2214,-0.147262
221.2389,-0.147261
221.2558,-0.147261
221.2715,-0.147262
221.2883,-0.147264
221.3045,-0.147269
221.321,-0.147275
221.3392,-0.147281
221.3553,-0.147288
221.3718,-0.147294
221.388,-0.147299
221.4045,-0.147303
221.422,-0.147305
221.438,-0.147309
221.4552,-0.147311
221.4723,-0.147312
221.4886,-0.147315
221.5047,-0.147316
221.522,-0.147315
221.5379,-0.147313
221.5549,-0.147314
221.5717,-0.147315
221.5878,-0.147317
221.6053,-0.147322
221.6214,-0.14733
221.6379,-0.147339
221.654,-0.147348
221.6713,-0.147357
221.6877,-0.147364
221.7052,-0.147369
221.7217,-0.147374
221.7383,-0.147378
221.7552,-0.147382
221.7712,-0.147384
221.7883,-0.147385
221.8045,-0.147388
221.8206,-0.14739
221.8374,-0.147393
221.8551,-0.147394
221.8711,-0.147397
221.8882,-0.147401
221.9041,-0.147406
221.9209,-0.147412
221.9376,-0.147419
221.9544,-0.147425
221.971,-0.147432
221.9877,-0.14744
222.0044,-0.14745
222.0217,-0.14746
222.0375,-0.147469
222.0553,-0.147475
222.0709,-0.147481
222.0882,-0.147487
222.1052,-0.147488
222.121,-0.14749
222.1382,-0.147491
222.155,-0.147494
222.1705,-0.147498
222.1871,-0.1475
222.2048,-0.147504
222.2212,-0.147508
222.2378,-0.147516
222.2547,-0.147523
222.2708,-0.147532
222.2876,-0.147539
222.3046,-0.147546
222.3219,-0.147553
222.338,-0.147561
222.3548,-0.147568
222.3711,-0.147573
222.3881,-0.147577
222.4051,-0.14758
222.4213,-0.147585
222.4385,-0.147592
222.4545,-0.147599
222.4712,-0.147604
222.4881,-0.147607
222.5047,-0.147612
222.5215,-0.147617
222.5378,-0.147621
222.5554,-0.147628
222.5707,-0.147636
222.5876,-0.147645
222.6046,-0.147654
222.621,-0.147665
222.6379,-0.147674
222.655,-0.147683
222.6713,-0.147688
222.6877,-0.147693
222.7051,-0.147699
222.7224,-0.147706
222.7384,-0.147712
222.7547,-0.147717
222.772,-0.147721
222.7888,-0.147726
222.8055,-0.147731
222.8217,-0.147738
222.8382,-0.147746
222.8552,-0.147754
222.872,-0.147762
222.8888,-0.147768
222.9053,-0.147773
222.9218,-0.14778
222.939,-0.147784
222.9555,-0.147789
222.9727,-0.147792
222.9883,-0.147797
223.006,-0.147803
223.0222,-0.147808
223.0389,-0.147814
223.0553,-0.147821
223.0726,-0.147829
223.0886,-0.147835
223.1055,-0.147843
223.1217,-0.147851
223.1388,-0.147858
223.1556,-0.147864
223.1724,-0.147872
223.1884,-0.147879
223.2057,-0.147886
223.2222,-0.14789
223.2387,-0.147896
223.256,-0.147901
223.2724,-0.147905
223.2891,-0.14791
223.3058,-0.147913
223.3224,-0.147916
223.3385,-0.147921
223.3556,-0.147928
223.3723,-0.147933
223.3884,-0.147938
223.4061,-0.147943
223.4216,-0.147947
223.4393,-0.14795
223.455,-0.147954
223.4719,-0.147958
223.4884,-0.14796
223.5054,-0.147967
223.5217,-0.147973
223.5385,-0.147981
223.5558,-0.147989
223.572,-0.147998
223.5885,-0.148007
223.6061,-0.148014
223.6223,-0.148019
223.6393,-0.148024
223.6558,-0.148028
223.6731,-0.148034
223.6894,-0.148038
223.7063,-0.14804
223.7223,-0.148042
223.7393,-0.148044
223.7564,-0.148049
223.7729,-0.148057
223.7889,-0.148063
223.8058,-0.148071
223.8229,-0.148077
223.8398,-0.148081
223.8571,-0.148084
223.8731,-0.148088
223.89,-0.14809
223.9069,-0.148092
223.9238,-0.148091
223.9404,-0.148093
223.9561,-0.148096
223.9733,-0.148102
223.9905,-0.148108
224.0069,-0.148115
224.0238,-0.148121
224.0402,-0.148126
224.0576,-0.14813
224.0745,-0.148136
224.0897,-0.148143
224.1069,-0.148149
224.1236,-0.148157
224.1404,-0.148164
224.1579,-0.148172
224.1735,-0.14818
224.1906,-0.148187
224.208,-0.148193
224.2244,-0.148196
224.2411,-0.148201
224.2576,-0.148206
224.2742,-0.148213
224.2909,-0.14822
224.3077,-0.148229
224.3243,-0.148237
224.341,-0.148242
224.3578,-0.14825
224.3751,-0.148257
224.3911,-0.148265
224.4074,-0.148275
224.4244,-0.148284
224.4417,-0.148295
224.458,-0.148306
224.4751,-0.148319
224.4921,-0.148331
224.5081,-0.148342
224.5253,-0.14835
224.5416,-0.148358
224.5592,-0.148364
224.5745,-0.14837
224.5915,-0.148376
224.608,-0.148384
224.6247,-0.148395
224.6414,-0.148405
224.6591,-0.148418
224.6753,-0.14843
224.6922,-0.148443
224.7084,-0.148455
224.7257,-0.148467
224.7423,-0.148477
224.7588,-0.148486
224.7748,-0.148493
224.7915,-0.1485
224.8086,-0.148508
224.8251,-0.148517
224.8418,-0.148526
224.8589,-0.148534
224.8754,-0.148541
224.8923,-0.148547
224.9092,-0.148557
224.9255,-0.148565
224.9413,-0.148573
224.9578,-0.14858
224.9747,-0.148588
224.9924,-0.148598
225.0084,-0.14861
225.0254,-0.148624
225.0412,-0.148637
225.0583,-0.148649
225.0757,-0.14866
225.0925,-0.148671
225.1088,-0.148682
225.1252,-0.148695
225.1414,-0.148704
225.1585,-0.148714
225.1745,-0.148722
225.1921,-0.148733
225.2088,-0.148744
225.2249,-0.148757
225.2421,-0.148768
225.2579,-0.148777
225.2747,-0.148787
225.2914,-0.148796
225.3088,-0.148806
225.3246,-0.148815
225.3417,-0.148825
225.3587,-0.148835
225.3749,-0.148846
225.3921,-0.148855
225.4089,-0.148866
225.4249,-0.148875
225.4418,-0.148883
225.4586,-0.148892
225.4748,-0.1489
225.4913,-0.148908
225.5082,-0.148916
225.5257,-0.148926
225.5417,-0.148937
225.5587,-0.148948
225.575,-0.148962
225.5919,-0.148972
225.6083,-0.148982
225.6248,-0.148989
225.6415,-0.148996
225.659,-0.149001
225.6749,-0.149004
225.6915,-0.149007
225.7075,-0.14901
225.725,-0.149014
225.7419,-0.149019
225.7583,-0.149028
225.7748,-0.149037
225.7912,-0.149047
225.8084,-0.149054
225.8253,-0.149063
225.8412,-0.149072
225.8583,-0.14908
225.8744,-0.149088
225.8915,-0.149093
225.9083,-0.149098
225.9245,-0.149102
225.9419,-0.149107
225.9577,-0.149117
225.9753,-0.149126
225.991,-0.149135
226.0083,-0.149143
226.0253,-0.149153
226.0423,-0.149161
226.0582,-0.14917
226.0748,-0.149179
226.0915,-0.149185
226.108,-0.149187
226.1247,-0.149189
226.1422,-0.149193
226.1579,-0.149197
226.1754,-0.149202
226.1915,-0.149209
226.2083,-0.149216
226.225,-0.14922
226.242,-0.149225
226.2587,-0.14923
226.2749,-0.149235
226.2914,-0.14924
226.3079,-0.149245
226.3248,-0.149252
226.3417,-0.149258
226.3578,-0.149265
226.375,-0.149274
226.3914,-0.14928
226.4089,-0.149288
226.4249,-0.149295
226.4417,-0.1493
226.4577,-0.149306
226.4752,-0.14931
226.4919,-0.149317
226.508,-0.149321
226.5238,-0.149322
226.5415,-0.149325
226.5576,-0.149326
226.575,-0.149327
226.5907,-0.14933
226.6077,-0.149334
226.6249,-0.149338
226.6407,-0.149347
226.6573,-0.149356
226.6744,-0.149368
226.6907,-0.149378
226.7076,-0.149387
226.7247,-0.149397
226.7414,-0.149403
226.7581,-0.149408
226.7746,-0.149413
226.7908,-0.149416
226.8073,-0.14942
226.8241,-0.149425
226.8411,-0.149431
226.8582,-0.149436
226.8736,-0.149441
226.8913,-0.149445
226.9084,-0.149449
226.9244,-0.149451
226.9407,-0.149453
226.957,-0.149454
226.9749,-0.149456
226.9914,-0.149458
227.0085,-0.149459
227.0244,-0.149462
227.0417,-0.149465
227.0586,-0.149467
227.0742,-0.149471
227.0913,-0.149476
227.1079,-0.149484
227.125,-0.149492
227.1415,-0.149497
227.1581,-0.149504
227.175,-0.149511
227.1914,-0.149515
227.208,-0.14952
227.2251,-0.149523
227.2406,-0.149524
227.2578,-0.149526
227.2747,-0.14953
227.2917,-0.149533
227.3079,-0.149539
227.324,-0.149547
227.3418,-0.149555
227.3578,-0.149564
227.3751,-0.149572
227.3922,-0.149578
227.4082,-0.149581
227.4254,-0.149583
227.4411,-0.149586
227.4586,-0.149588
227.4754,-0.14959
227.4912,-0.149595
227.5086,-0.149598
227.5251,-0.149603
227.5411,-0.149606
227.5587,-0.149611
227.5751,-0.149616
227.5907,-0.14962
227.6083,-0.149626
227.6244,-0.149633
227.6416,-0.149641
227.659,-0.149651
227.6745,-0.149658
227.6914,-0.149663
227.7084,-0.149668
227.7258,-0.149672
227.7417,-0.149674
227.758,-0.149677
227.7741,-0.149679
227.792,-0.149681
227.8081,-0.149686
227.8245,-0.149693
227.8417,-0.149699
227.8582,-0.149706
227.8758,-0.14971
227.8918,-0.149717
227.9092,-0.149722
227.9251,-0.149727
227.9418,-0.14973
227.9583,-0.149735
227.9755,-0.149736
227.992,-0.149735
228.009,-0.149737
228.0248,-0.149738
228.0426,-0.14974
228.058,-0.149741
228.075,-0.149744
228.0922,-0.149748
228.1089,-0.149754
228.1252,-0.14976
228.1415,-0.149769
228.1585,-0.149778
228.1752,-0.149785
228.1923,-0.149795
228.2093,-0.149802
228.2262,-0.149808
228.2423,-0.149812
228.2582,-0.149818
228.2751,-0.149824
228.2921,-0.149827
228.3089,-0.149831
228.3253,-0.149836
228.3422,-0.14984
228.3593,-0.149846
228.3759,-0.149852
228.3927,-0.14986
228.4091,-0.149865
228.4255,-0.149869
228.4424,-0.149874
228.459,-0.14988
228.4758,-0.149886
228.4926,-0.149894
228.5084,-0.149901
228.5259,-0.149908
228.5427,-0.149917
228.5597,-0.149925
228.5759,-0.149935
228.5925,-0.149945
228.6094,-0.149951
228.6259,-0.149957
228.6428,-0.149962
228.6598,-0.149967
228.6751,-0.149974
228.6921,-0.14998
228.7089,-0.149987
228.7259,-0.149993
228.7431,-0.149999
228.7587,-0.150005
228.7759,-0.15001
228.7924,-0.150015
228.8083,-0.15002
228.8256,-0.150027
228.8421,-0.150034
228.8589,-0.150042
228.8755,-0.150052
228.8921,-0.15006
228.9085,-0.150069
228.9254,-0.150079
228.942,-0.15009
228.959,-0.150101
228.975,-0.15011
228.9931,-0.150121
229.0084,-0.15013
229.0256,-0.150136
229.0418,-0.15014
229.0587,-0.150146
229.0751,-0.150151
229.0918,-0.150155
229.1093,-0.15016
229.1249,-0.150165
229.1418,-0.150172
229.159,-0.15018
229.1747,-0.150189
229.1919,-0.150199
229.2085,-0.150207
229.2256,-0.150212
229.2409,-0.150219
229.2578,-0.150229
229.2751,-0.150239
229.2909,-0.150248
229.3079,-0.150256
229.3256,-0.150266
229.3416,-0.150272
229.358,-0.150276
229.3745,-0.150282
229.3925,-0.150285
229.4085,-0.150289
229.4245,-0.150294
229.4408,-0.150302
229.4581,-0.150309
229.4747,-0.150316
229.4918,-0.150323
229.508,-0.15033
229.5257,-0.150338
229.5412,-0.150343
229.5585,-0.150344
229.5749,-0.150346
229.5913,-0.150349
229.6086,-0.150352
229.6248,-0.150355
229.641,-0.15036
229.6587,-0.150362
229.6749,-0.150363
229.6911,-0.150365
229.7082,-0.150368
229.7253,-0.150372
229.7406,-0.150376
229.7574,-0.15038
229.775,-0.150386
229.7914,-0.150392
229.8079,-0.1504
229.8251,-0.150411
229.8418,-0.150418
229.8583,-0.150421
229.8752,-0.150424
229.8919,-0.150427
229.908,-0.150427
229.9245,-0.150429
229.941,-0.15043
229.9581,-0.150431
229.975,-0.150435
229.9909,-0.150443
230.0087,-0.150452
230.0244,-0.150462
230.0418,-0.150471
230.0591,-0.150479
230.0751,-0.150486
230.0919,-0.150491
230.1086,-0.150497
230.1247,-0.150501
230.1422,-0.150504
230.1585,-0.150508
230.1756,-0.15051
230.1919,-0.150513
230.2084,-0.150519
230.2255,-0.150527
230.2419,-0.150532
230.2585,-0.150535
230.2755,-0.150539
230.2921,-0.150543
230.3088,-0.150547
230.3247,-0.150552
230.3414,-0.150557
230.3587,-0.15056
230.3751,-0.150565
230.3919,-0.150571
230.409,-0.150578
230.426,-0.150583
230.442,-0.15059
230.4593,-0.150596
230.4758,-0.1506
230.4925,-0.150603
230.5087,-0.150608
230.5258,-0.150616
230.5416,-0.150621
230.5587,-0.150629
230.5754,-0.150637
230.5925,-0.150646
230.6091,-0.150652
230.6248,-0.15066
230.6421,-0.150666
230.6591,-0.150672
230.6745,-0.150679
230.6917,-0.150686
230.7085,-0.150693
230.7251,-0.150701
230.7421,-0.150708
230.7589,-0.150716
230.7755,-0.150723
230.792,-0.150731
230.8087,-0.150737
230.8245,-0.150746
230.8419,-0.150751
230.859,-0.150757
230.8756,-0.150761
230.892,-0.150764
230.909,-0.150767
230.9255,-0.150771
230.9414,-0.150774
230.9583,-0.150778
230.9757,-0.150785
230.9928,-0.150792
231.0086,-0.1508
231.0246,-0.150809
231.0424,-0.150819
231.0592,-0.150826
231.0755,-0.150831
231.0931,-0.150836
231.1087,-0.150841
231.1248,-0.150844
231.1418,-0.150849
231.1583,-0.150857
231.1752,-0.150866
231.1912,-0.150876
231.2083,-0.150885
231.2257,-0.150895
231.2428,-0.150905
231.2586,-0.150914
231.2742,-0.150922
231.2915,-0.150931
231.3088,-0.150939
231.3253,-0.150945
231.3426,-0.150954
231.3575,-0.150961
231.375,-0.150968
231.3915,-0.150974
231.4081,-0.150978
231.424,-0.150983
231.4412,-0.150988
231.458,-0.150993
231.4745,-0.151
231.4913,-0.151007
231.5083,-0.151016
231.5241,-0.151023
231.5417,-0.151029
231.5583,-0.151037
231.5754,-0.151043
231.5922,-0.15105
231.608,-0.151057
231.6252,-0.151061
231.6416,-0.151066
231.6581,-0.151069
231.6752,-0.151073
231.6915,-0.151077
231.7079,-0.151081
231.7253,-0.151086
231.7413,-0.151091
231.7579,-0.151096
231.7741,-0.151102
231.7916,-0.151109
231.8077,-0.151114
231.8247,-0.151119
231.8411,-0.151125
231.8578,-0.151133
231.8754,-0.151141
231.8913,-0.151147
231.9081,-0.151152
231.9247,-0.151159
231.9415,-0.151166
231.9581,-0.151175
231.9743,-0.151183
231.991,-0.151188
232.0082,-0.151195
232.0247,-0.151202
232.0416,-0.15121
232.0578,-0.151216
232.0749,-0.151222
232.0917,-0.151227
232.1084,-0.151232
232.1251,-0.151237
232.142,-0.15124
232.1583,-0.151241
232.1756,-0.151241
232.1921,-0.151241
232.2078,-0.151244
232.2249,-0.151248
232.2415,-0.151253
232.2576,-0.15126
232.2753,-0.15127
232.2921,-0.151278
232.3086,-0.151288
232.3254,-0.151294
232.3426,-0.151297
232.3596,-0.151299
232.375,-0.1513
232.3917,-0.151302
232.4087,-0.151306
232.4254,-0.151308
232.4413,-0.151314
232.4593,-0.151321
232.4753,-0.15133
232.4925,-0.151336
232.5091,-0.151345
232.5258,-0.151354
232.5426,-0.151362
232.5598,-0.151369
232.5761,-0.151375
232.5923,-0.15138
232.6088,-0.151387
232.6263,-0.151395
232.6429,-0.151403
232.6588,-0.151407
232.6759,-0.151412
232.693,-0.151417
232.7097,-0.151419
232.7255,-0.151422
232.7428,-0.151425
232.7595,-0.151429
232.7762,-0.151432
232.7921,-0.151436
232.8087,-0.151441
232.8262,-0.151447
232.843,-0.151453
232.8598,-0.151457
232.8761,-0.15146
232.8927,-0.151466
232.9095,-0.15147
232.9267,-0.151476
232.9427,-0.151481
232.9595,-0.151489
232.9762,-0.151497
232.992,-0.151503
233.0099,-0.151513
233.0265,-0.151522
233.0426,-0.15153
233.0594,-0.151535
233.076,-0.151542
233.0931,-0.151548
233.1093,-0.151553
233.1263,-0.151558
233.1429,-0.151564
233.1605,-0.15157
233.1759,-0.151577
233.1926,-0.151586
233.2092,-0.151594
233.226,-0.151603
233.2433,-0.151611
233.2599,-0.15162
233.2762,-0.151631
233.2926,-0.151643
233.309,-0.151654
233.3269,-0.151665
233.3423,-0.151675
233.3589,-0.151686
233.3765,-0.151696
233.3935,-0.151708
233.4104,-0.151718
233.4262,-0.151728
233.4428,-0.151734
233.4599,-0.151738
233.4761,-0.151743
233.4929,-0.151747
233.5089,-0.151754
233.5258,-0.151759
233.5424,-0.151764
233.5595,-0.151769
233.5755,-0.151775
233.5923,-0.151781
233.6097,-0.151789
233.6254,-0.151799
233.6425,-0.151809
233.6593,-0.151818
233.6763,-0.151826
233.6924,-0.151837
233.7096,-0.151849
233.7262,-0.151858
233.7416,-0.151868
233.7592,-0.151875
233.7757,-0.151883
233.7927,-0.151891
233.8086,-0.1519
233.8251,-0.151908
233.8419,-0.151916
233.8588,-0.151925
233.8764,-0.151932
233.8931,-0.151937
233.9095,-0.151947
233.9261,-0.151955
233.9418,-0.151961
233.9593,-0.151966
233.9758,-0.151972
233.9931,-0.151979
234.0086,-0.151986
234.0252,-0.151995
234.0425,-0.152004
234.0592,-0.15201
234.076,-0.152017
234.0929,-0.152027
234.109,-0.152037
234.1266,-0.152045
234.1423,-0.152053
234.1596,-0.152061
234.1758,-0.152069
234.1932,-0.152078
234.2096,-0.152088
234.2264,-0.152095
234.2426,-0.152104
234.2599,-0.152112
234.2762,-0.152119
234.2931,-0.152127
234.3101,-0.152131
234.3262,-0.152134
234.343,-0.152136
234.3595,-0.152138
234.3764,-0.15214
234.392,-0.152141
234.4094,-0.152145
234.4272,-0.152151
234.443,-0.15216
234.4598,-0.15217
234.4767,-0.152179
234.4925,-0.152187
234.5102,-0.152194
234.5267,-0.1522
234.5432,-0.152205
234.5597,-0.152209
234.5775,-0.152212
234.592,-0.152216
234.6097,-0.152222
234.6253,-0.152228
234.6428,-0.152234
234.6599,-0.15224
234.6764,-0.152247
234.6933,-0.152254
234.7096,-0.152258
234.7264,-0.15226
234.7436,-0.152264
234.7596,-0.15227
234.7766,-0.152276
234.7933,-0.152284
234.8103,-0.152293
234.8267,-0.1523
234.8432,-0.152305
234.8605,-0.152312
234.8766,-0.152316
234.8932,-0.152321
234.9099,-0.152327
234.9266,-0.152334
234.9427,-0.152339
234.9595,-0.152345
234.9765,-0.152351
234.9936,-0.152358
235.0103,-0.152364
235.0266,-0.152373
235.0438,-0.152378
235.0596,-0.152385
235.0775,-0.152395
235.0936,-0.152405
235.1102,-0.152416
235.1269,-0.152426
235.1441,-0.152437
235.1606,-0.152444
235.1777,-0.152453
235.1938,-0.152459
235.2114,-0.152464
235.2268,-0.15247
235.2446,-0.152474
235.2608,-0.15248
235.2764,-0.152486
235.2943,-0.152495
235.3116,-0.1525
235.3276,-0.152504
235.3439,-0.152507
235.3605,-0.152511
235.3782,-0.152514
235.3947,-0.152517
235.4108,-0.152521
235.4275,-0.152527
235.4434,-0.152533
235.4612,-0.152539
235.4773,-0.152546
235.4947,-0.152556
235.5114,-0.152565
235.5284,-0.152575
235.5441,-0.152585
235.5613,-0.152595
235.5785,-0.152605
235.5954,-0.152616
235.6117,-0.152623
235.6283,-0.152629
235.6451,-0.152634
235.6614,-0.152638
235.6777,-0.152643
235.6948,-0.152648
235.7111,-0.152652
235.7281,-0.152656
235.7454,-0.152664
235.7616,-0.152675
235.7778,-0.152687
235.7953,-0.152697
235.8117,-0.152703
235.8287,-0.152709
235.8452,-0.152719
235.8611,-0.152729
235.8781,-0.152739
235.8947,-0.152748
235.9117,-0.152756
235.9285,-0.152765
235.945,-0.152778
235.9617,-0.15279
235.9791,-0.152802
235.9958,-0.152811
236.0113,-0.152815
236.028,-0.152819
236.0452,-0.152824
236.0629,-0.152828
236.078,-0.152835
236.0946,-0.152844
236.1109,-0.152854
236.128,-0.152864
236.1448,-0.152874
236.162,-0.152888
236.1785,-0.1529
236.1954,-0.152909
236.2111,-0.152917
236.2281,-0.152922
236.2448,-0.15293
236.2614,-0.15294
236.278,-0.15295
236.2946,-0.15296
236.3113,-0.15297
236.3284,-0.15298
236.3451,-0.152992
236.3613,-0.153003
236.3776,-0.153012
236.3952,-0.153022
236.4115,-0.15303
236.4281,-0.153036
236.4448,-0.153045
236.4611,-0.153054
236.4783,-0.153063
236.4947,-0.153072
236.5117,-0.153079
236.5281,-0.153088
236.5448,-0.153097
236.5611,-0.153107
236.579,-0.153117
236.5949,-0.153126
236.6114,-0.153134
236.6282,-0.153139
236.6448,-0.153145
236.6617,-0.153154
236.6781,-0.153162
236.6943,-0.153172
236.7113,-0.15318
236.7284,-0.153187
236.7451,-0.153197
236.7617,-0.153207
236.7777,-0.153213
236.7938,-0.15322
236.8108,-0.153224
236.8291,-0.153231
236.8442,-0.153237
236.8613,-0.153245
236.8783,-0.153253
236.8945,-0.153262
236.9114,-0.153269
236.9274,-0.153279
236.9444,-0.153289
236.9613,-0.153299
236.978,-0.15331
236.9943,-0.15332
237.0116,-0.153329
237.0284,-0.153337
237.0442,-0.153343
237.0615,-0.15335
237.0783,-0.153356
237.0945,-0.153361
237.1118,-0.153367
237.1277,-0.153372
237.1444,-0.153379
237.1614,-0.153386
237.1774,-0.153393
237.1946,-0.153397
237.2108,-0.153402
237.2272,-0.153407
237.2447,-0.153411
237.2609,-0.153418
237.2773,-0.153426
237.2943,-0.153435
237.3107,-0.153443
237.3273,-0.153451
237.344,-0.153457
237.361,-0.153463
237.3779,-0.15347
237.394,-0.153475
237.4112,-0.15348
237.427,-0.153483
237.444,-0.153486
237.461,-0.153491
237.4767,-0.153497
237.4938,-0.153501
237.5105,-0.153504
237.5277,-0.153506
237.5443,-0.153509
237.5607,-0.153512
237.5765,-0.153515
237.5937,-0.15352
237.6105,-0.153524
237.6261,-0.15353
237.6434,-0.153536
237.6607,-0.153545
237.6772,-0.153552
237.6939,-0.15356
237.7104,-0.153567
237.7268,-0.153575
237.7428,-0.153581
237.7605,-0.153586
237.7772,-0.153594
237.7938,-0.153601
237.8102,-0.153607
237.8271,-0.153613
237.8438,-0.153617
237.8609,-0.153623
237.8778,-0.153628
237.894,-0.153631
237.9102,-0.153635
237.9276,-0.153641
237.9443,-0.153646
237.9609,-0.153651
237.9772,-0.153658
237.994,-0.153662
238.0111,-0.153667
238.0275,-0.15367
238.0447,-0.153674
238.0614,-0.153678
238.0775,-0.153681
238.0943,-0.153687
238.1111,-0.15369
238.1271,-0.153695
238.1439,-0.1537
238.1606,-0.153706
238.1774,-0.153711
238.1944,-0.153718
238.211,-0.153726
238.2275,-0.153735
238.2444,-0.153742
238.2612,-0.153749
238.2782,-0.153756
238.294,-0.153764
238.3117,-0.153772
238.3272,-0.153777
238.3442,-0.153783
238.3614,-0.153788
238.3788,-0.153793
238.3957,-0.153796
238.4111,-0.153801
238.4282,-0.153806
238.4437,-0.153813
238.4616,-0.15382
238.4779,-0.153827
238.4941,-0.153839
238.5105,-0.153848
238.5284,-0.153856
238.5446,-0.153863
238.5608,-0.153869
238.5785,-0.153875
238.5948,-0.15388
238.6112,-0.153884
238.627,-0.15389
238.644,-0.153896
238.6615,-0.153904
238.6779,-0.153913
238.6949,-0.153922
238.7109,-0.153931
238.7283,-0.153939
238.7449,-0.153947
238.761,-0.153954
238.7776,-0.153959
238.7947,-0.153965
238.8114,-0.15397
238.8289,-0.153974
238.8447,-0.153982
238.861,-0.153988
238.8777,-0.153992
238.8945,-0.153998
238.9122,-0.154005
238.928,-0.154013
238.944,-0.154022
238.9605,-0.154031
238.978,-0.154039
238.9948,-0.154045
239.0111,-0.154051
239.0279,-0.154057
239.0443,-0.154061
239.0618,-0.154063
239.0779,-0.154067
239.0939,-0.154074
239.1109,-0.154081
239.1271,-0.15409
239.1446,-0.154098
239.1614,-0.154109
239.1781,-0.154119
239.1947,-0.154127
239.2113,-0.154134
239.2281,-0.154139
239.2446,-0.154141
239.2611,-0.154145
239.2782,-0.154148
239.2948,-0.15415
239.3114,-0.154153
239.3279,-0.154156
239.3447,-0.154162
239.3608,-0.154167
239.3776,-0.154176
239.3946,-0.154182
239.4118,-0.154187
239.4283,-0.154193
239.4448,-0.154201
239.462,-0.154209
239.4784,-0.154215
239.4945,-0.154221
239.5112,-0.154226
239.5288,-0.154233
239.5451,-0.154239
239.5613,-0.154245
239.5785,-0.154252
239.5959,-0.154259
239.612,-0.154267
239.6282,-0.154278
239.6445,-0.154287
239.6624,-0.154295
239.6786,-0.154301
239.6954,-0.154309
239.7123,-0.154315
239.7282,-0.154321
239.7454,-0.154327
239.7618,-0.154333
239.7787,-0.154338
239.7952,-0.154342
239.8121,-0.15435
239.829,-0.154354
239.8456,-0.15436
239.8616,-0.154368
239.8791,-0.154376
239.8959,-0.154382
239.9125,-0.15439
239.9298,-0.154397
239.9458,-0.154403
239.9623,-0.154408
239.9798,-0.154411
239.9962,-0.154418
240.0124,-0.154424
240.0295,-0.154429
240.0456,-0.154435
240.062,-0.15444
240.0799,-0.154444
240.0961,-0.154452
240.1125,-0.154458
240.1294,-0.154468
240.146,-0.154475
240.1624,-0.15448
240.1792,-0.154485
240.1967,-0.154494
240.2137,-0.154504
240.2302,-0.154513
240.246,-0.154521
240.2638,-0.154528
240.2802,-0.154535
240.2975,-0.154542
240.313,-0.154548
240.3297,-0.154555
240.3468,-0.154561
240.3635,-0.154567
240.3803,-0.154575
240.3967,-0.154585
240.4138,-0.154593
240.4301,-0.154602
240.4475,-0.154608
240.4642,-0.154615
240.4806,-0.15462
240.4977,-0.154629
240.5139,-0.154637
240.53,-0.154645
240.5479,-0.154654
240.5646,-0.154664
240.5821,-0.154675
240.5984,-0.154686
240.6148,-0.154695
240.6311,-0.1547
240.6476,-0.154705
240.6639,-0.15471
240.6814,-0.154715
240.6976,-0.154723
240.7142,-0.15473
240.7314,-0.154736
240.7475,-0.154744
240.7649,-0.154753
240.7817,-0.154764
240.7977,-0.154777
240.8141,-0.154789
240.8311,-0.154799
240.848,-0.154809
240.8653,-0.15482
240.8818,-0.154832
240.898,-0.154843
240.9147,-0.15485
240.9318,-0.154859
240.9481,-0.154868
240.9646,-0.154878
240.9818,-0.154887
240.9984,-0.154899
241.0155,-0.15491
241.0319,-0.154921
241.0489,-0.154932
241.0653,-0.154942
241.0829,-0.154951
241.0991,-0.154959
241.1158,-0.154967
241.1316,-0.154975
241.1483,-0.154981
241.1652,-0.154988
241.1816,-0.154996
241.1992,-0.155006
241.2168,-0.155015
241.2321,-0.155027
241.2484,-0.155037
241.2658,-0.155048
241.2832,-0.155055
241.2995,-0.155064
241.3161,-0.155075
241.3334,-0.155085
241.3495,-0.155096
241.3655,-0.155107
241.3829,-0.155118
241.3993,-0.155127
241.4164,-0.155135
241.4334,-0.155143
241.45,-0.15515
241.4669,-0.155158
241.4833,-0.155165
241.4995,-0.155172
241.5165,-0.15518
241.5327,-0.155188
241.5495,-0.155199
241.5652,-0.155212
241.5829,-0.155222
241.5991,-0.155232
241.6172,-0.155243
241.6331,-0.155253
241.649,-0.155264
241.6662,-0.155276
241.6838,-0.155287
241.6996,-0.155296
241.7167,-0.155306
241.7329,-0.155317
241.7501,-0.155328
241.7658,-0.155335
241.783,-0.155343
241.7991,-0.155353
241.8163,-0.155364
241.8331,-0.155372
241.8493,-0.155382
241.8657,-0.155391
241.8835,-0.155402
241.8998,-0.155409
241.9163,-0.155416
241.9327,-0.155425
241.9501,-0.155433
241.9665,-0.155441
241.9827,-0.15545
242.0005,-0.155459
242.0167,-0.155467
242.0332,-0.155474
242.0494,-0.155479
242.0665,-0.155487
242.0838,-0.155493
242.1001,-0.155502
242.1166,-0.155512
242.1337,-0.155523
242.1501,-0.155533
242.1665,-0.155543
242.1837,-0.155553
242.2001,-0.155561
242.2175,-0.155569
242.2329,-0.155576
242.2503,-0.155582
242.2672,-0.155588
242.283,-0.155595
242.3,-0.155604
242.3169,-0.155615
242.3338,-0.155625
242.3503,-0.155635
242.3668,-0.155644
242.3845,-0.155652
242.4003,-0.15566
242.4174,-0.155666
242.4339,-0.155672
242.4512,-0.155678
242.4664,-0.155685
242.4836,-0.155694
242.4999,-0.155702
242.5169,-0.155712
242.5332,-0.155724
242.5509,-0.155736
242.5669,-0.155747
242.584,-0.155755
242.6005,-0.155762
242.6173,-0.15577
242.634,-0.155777
242.65,-0.155785
242.6666,-0.155792
242.6836,-0.155801
242.7001,-0.15581
242.7176,-0.155819
242.7336,-0.155828
242.7504,-0.155838
242.7672,-0.155848
242.7834,-0.155857
242.8001,-0.155866
242.8166,-0.155877
242.8336,-0.155887
242.8499,-0.155894
242.8664,-0.155901
242.8832,-0.155905
242.9003,-0.155908
242.917,-0.155912
242.9331,-0.155915
242.9504,-0.155921
242.9664,-0.155928
242.9829,-0.155936
242.9999,-0.155946
243.0163,-0.155959
243.0335,-0.155971
243.0502,-0.155985
243.0663,-0.155995
243.0836,-0.156001
243.1004,-0.156004
243.1176,-0.156009
243.1325,-0.156016
243.1498,-0.156022
243.1668,-0.15603
243.1827,-0.156036
243.1993,-0.156042
243.2164,-0.15605
243.2333,-0.156058
243.2498,-0.156066
243.2663,-0.156073
243.2835,-0.15608
243.3003,-0.156085
243.3162,-0.156091
243.3336,-0.156095
243.3501,-0.1561
243.3668,-0.156104
243.3837,-0.156111
243.4002,-0.156119
243.4171,-0.156125
243.4337,-0.156131
243.4491,-0.156137
243.4665,-0.156142
243.4837,-0.156147
243.4997,-0.156153
243.517,-0.156157
243.5335,-0.156161
243.5499,-0.156164
243.567,-0.156168
243.5841,-0.156174
243.5999,-0.156179
243.617,-0.156185
243.6335,-0.156191
243.6506,-0.156196
243.6666,-0.156201
243.683,-0.156205
243.7009,-0.156207
243.7166,-0.15621
243.7336,-0.156213
243.7503,-0.156214
243.7668,-0.156221
243.7834,-0.156226
243.8,-0.156231
243.817,-0.15624
243.8333,-0.156248
243.8505,-0.156259
243.8667,-0.156268
243.8839,-0.156275
243.9005,-0.156279
243.9166,-0.156284
243.9346,-0.156287
243.9502,-0.156291
243.9663,-0.156294
243.9835,-0.156295
244.0011,-0.156299
244.0172,-0.156304
244.0337,-0.156309
244.0498,-0.156315
244.0675,-0.156321
244.0848,-0.156328
244.1004,-0.156337
244.1164,-0.156344
244.1345,-0.156351
244.1507,-0.156356
244.1675,-0.15636
244.1838,-0.156364
244.2003,-0.156368
244.217,-0.156371
244.2341,-0.156373
244.251,-0.156375
244.2679,-0.15638
244.2837,-0.156387
244.2999,-0.156392
244.3173,-0.156402
244.3337,-0.15641
244.3512,-0.156419
244.3676,-0.156427
244.385,-0.156434
244.4013,-0.15644
244.4171,-0.156447
244.4346,-0.156453
244.4508,-0.156457
244.4676,-0.156461
244.4843,-0.156466
244.5005,-0.156474
244.5172,-0.156483
244.5344,-0.156491
244.5505,-0.156498
244.5679,-0.156504
244.5846,-0.15651
244.6008,-0.156516
244.617,-0.156519
244.6339,-0.156524
244.6508,-0.156532
244.667,-0.15654
244.685,-0.15655
244.7008,-0.156561
244.7177,-0.15657
244.7343,-0.156579
244.7502,-0.156587
244.7677,-0.156594
244.7849,-0.156602
244.8,-0.15661
244.8181,-0.156619
244.8345,-0.156629
244.8507,-0.156636
244.8677,-0.156642
244.8849,-0.156649
244.9014,-0.156653
244.9183,-0.156658
244.934,-0.156663
244.9507,-0.156666
244.9682,-0.156674
244.9852,-0.156682
245.0012,-0.15669
245.0178,-0.1567
245.0343,-0.15671
245.0518,-0.156719
245.068,-0.156727
245.0848,-0.156734
245.1013,-0.15674
245.118,-0.156745
245.1345,-0.156749
245.1513,-0.156758
245.1677,-0.156765
245.1846,-0.156773
245.2006,-0.156783
245.2173,-0.15679
245.2349,-0.156798
245.251,-0.156806
245.2686,-0.156813
245.2843,-0.156819
245.3015,-0.156824
245.3177,-0.156829
245.3353,-0.156835
245.3509,-0.156842
245.3676,-0.156851
245.3843,-0.156859
245.4007,-0.156866
245.4175,-0.156875
245.4338,-0.156883
245.4515,-0.156893
245.4675,-0.156902
245.4844,-0.156912
245.5008,-0.15692
245.5172,-0.156926
245.5344,-0.15693
245.5517,-0.156937
245.5672,-0.156943
245.5842,-0.156949
245.6004,-0.156955
245.6175,-0.156962
245.6337,-0.156969
245.6502,-0.156977
245.6682,-0.156985
245.6841,-0.156992
245.7011,-0.156999
245.7183,-0.157006
245.7343,-0.157016
245.7502,-0.157025
245.7673,-0.157033
245.784,-0.15704
245.8017,-0.157047
245.8183,-0.157055
245.8345,-0.157061
245.85,-0.157066
245.8672,-0.157072
245.8846,-0.157077
245.9004,-0.157082
245.917,-0.157087
245.9342,-0.157091
245.951,-0.157094
245.9677,-0.157098
245.9838,-0.157103
246.0005,-0.157109
246.0168,-0.157115
246.0335,-0.15712
246.0508,-0.157128
246.0674,-0.157134
246.0832,-0.15714
246.1007,-0.157147
246.1175,-0.157153
246.1336,-0.157157
246.1504,-0.157164
246.1671,-0.157171
246.1835,-0.157177
246.2,-0.157182
246.2167,-0.157189
246.2338,-0.157194
246.2505,-0.157201
246.2667,-0.157209
246.2835,-0.157217
246.2996,-0.157226
246.3165,-0.157234
246.3335,-0.157245
246.3503,-0.157255
246.3661,-0.157264
246.3835,-0.157272
246.3999,-0.157277
246.417,-0.15728
246.4334,-0.157281
246.4495,-0.157284
246.4659,-0.157287
246.483,-0.157292
246.4995,-0.157298
246.5163,-0.157305
246.5322,-0.157312
246.5501,-0.157321
246.5668,-0.157328
246.5833,-0.157333
246.5994,-0.157337
246.6165,-0.157341
246.6331,-0.157345
246.6491,-0.157348
246.6659,-0.157353
246.6823,-0.157362
246.6996,-0.15737
246.7167,-0.157376
246.7328,-0.157381
246.75,-0.157384
246.7652,-0.157389
246.7823,-0.15739
246.7999,-0.157392
246.8154,-0.157397
246.8323,-0.157401
246.8493,-0.15741
246.8657,-0.157418
246.8826,-0.157422
246.9003,-0.157428
246.9164,-0.157435
246.9332,-0.157441
246.9493,-0.157446
246.9655,-0.15745
246.9828,-0.157455
246.9996,-0.157461
247.0156,-0.157465
247.0329,-0.157471
247.0495,-0.157476
247.0658,-0.157478
247.0827,-0.157479
247.0987,-0.157479
247.1158,-0.157477
247.1322,-0.157475
247.1494,-0.157474
247.1654,-0.157476
247.1819,-0.157479
247.1985,-0.157482
247.2159,-0.157488
247.2324,-0.157494
247.2496,-0.157501
247.2657,-0.157506
247.2827,-0.15751
247.2995,-0.157514
247.3154,-0.157518
247.3317,-0.157523
247.3488,-0.157527
247.3658,-0.157528
247.3825,-0.15753
247.3994,-0.157533
247.4155,-0.157538
247.4323,-0.157541
247.4494,-0.157544
247.4659,-0.157545
247.4822,-0.157545
247.4996,-0.157548
247.5163,-0.157551
247.5322,-0.157554
247.5492,-0.157558
247.5659,-0.157564
247.5834,-0.157568
247.5991,-0.157573
247.6154,-0.157579
247.6327,-0.157585
247.6501,-0.157593
247.6663,-0.157599
247.6834,-0.157605
247.6995,-0.157609
247.7165,-0.15761
247.7341,-0.157612
247.7502,-0.157615
247.7657,-0.157618
247.7829,-0.157622
247.7994,-0.157627
247.8162,-0.157634
247.8334,-0.15764
247.8497,-0.157646
247.8666,-0.157654
247.8837,-0.157661
247.9001,-0.157665
247.9164,-0.15767
247.9327,-0.157677
247.9497,-0.157681
247.9662,-0.157686
247.983,-0.157691
247.9995,-0.1577
248.0167,-0.157707
248.0333,-0.157714
248.0499,-0.157719
248.0667,-0.157726
248.0835,-0.15773
248.0999,-0.157736
248.1168,-0.157742
248.1331,-0.15775
248.1497,-0.157755
248.1665,-0.15776
248.183,-0.157767
248.1995,-0.157774
248.2163,-0.157781
248.2328,-0.157786
248.2505,-0.157796
248.2656,-0.157804
248.2822,-0.157812
248.2994,-0.157823
248.3163,-0.157832
248.3328,-0.157841
248.3497,-0.15785
248.3662,-0.157858
248.3832,-0.157865
248.399,-0.157875
248.4162,-0.157886
248.4324,-0.157895
248.4492,-0.157901
248.4662,-0.157909
248.4827,-0.15792
248.499,-0.157931
248.5159,-0.157939
248.5317,-0.157945
248.5498,-0.15795
248.5661,-0.157956
248.5819,-0.157963
248.5994,-0.157971
248.6158,-0.157977
248.6324,-0.157982
248.649,-0.157988
248.6656,-0.157993
248.6817,-0.157998
248.6982,-0.158004
248.7158,-0.158013
248.7322,-0.158021
248.749,-0.158029
248.7653,-0.158038
248.7825,-0.158049
248.7995,-0.158059
248.8155,-0.158069
248.8314,-0.158078
248.8483,-0.158089
248.8649,-0.1581
248.8813,-0.158112
248.8985,-0.158121
248.9155,-0.158129
248.9319,-0.158136
248.9485,-0.158143
248.9655,-0.158149
248.9818,-0.158152
248.9981,-0.158154
249.0155,-0.158156
249.0324,-0.158158
249.0488,-0.158163
249.0645,-0.15817
249.0823,-0.158176
249.0979,-0.158182
249.1156,-0.15819
249.1315,-0.158196
249.1484,-0.158202
249.1645,-0.158205
249.1822,-0.158209
249.198,-0.158212
249.2154,-0.158214
249.2314,-0.158217
249.248,-0.158222
249.2646,-0.158224
249.282,-0.158228
249.2979,-0.158233
249.3145,-0.158241
249.3323,-0.158248
249.3479,-0.158255
249.3642,-0.158258
249.3816,-0.15826
249.3988,-0.15826
249.415,-0.158261
249.4314,-0.158264
249.4484,-0.158268
249.4647,-0.158272
249.4818,-0.158278
249.4982,-0.158285
249.5154,-0.158292
249.5319,-0.158298
249.549,-0.158301
249.566,-0.158304
249.5828,-0.158306
249.5991,-0.15831
249.6155,-0.158311
249.6325,-0.158312
249.6489,-0.158316
249.6665,-0.15832
249.683,-0.158325
249.6987,-0.158331
249.7166,-0.158334
249.7336,-0.158336
249.75,-0.158334
249.766,-0.158333
249.7837,-0.158335
249.7992,-0.158337
249.8163,-0.15834
249.833,-0.158345
249.8498,-0.158352
249.8663,-0.158358
249.8842,-0.158365
249.9003,-0.158372
249.9171,-0.158377
249.9337,-0.158381
249.9501,-0.158386
249.9669,-0.158388
249.9834,-0.158391
249.9996,-0.158395
250.0169,-0.158399
250.0338,-0.158405
250.0507,-0.158411
250.0675,-0.158417
250.0837,-0.158423
250.1004,-0.158429
250.1172,-0.158434
250.1334,-0.158441
250.1507,-0.158449
250.1671,-0.158457
250.1837,-0.158468
250.2001,-0.158479
250.2171,-0.158491
250.2339,-0.158503
250.2507,-0.158515
250.2676,-0.158528
250.2839,-0.158539
250.3012,-0.158547
250.3168,-0.158556
250.3335,-0.158564
250.351,-0.158571
250.3664,-0.158577
250.3836,-0.158585
250.4009,-0.158594
250.4175,-0.158604
250.434,-0.158616
250.4511,-0.158628
250.4675,-0.158639
250.484,-0.15865
250.5005,-0.158661
250.518,-0.158673
250.5342,-0.158686
250.5514,-0.158698
250.5679,-0.158709
250.5844,-0.158718
250.6011,-0.158728
250.6177,-0.158738
250.6342,-0.158748
250.6515,-0.15876
250.6676,-0.158771
250.6841,-0.158781
250.701,-0.15879
250.7177,-0.1588
250.7342,-0.158809
250.7513,-0.158818
250.7672,-0.158826
250.7843,-0.158836
250.8005,-0.158848
250.8171,-0.15886
250.8345,-0.158873
250.8502,-0.158886
250.8677,-0.158899
250.8845,-0.158914
250.9007,-0.158927
250.9176,-0.158938
250.9341,-0.158948
250.9513,-0.158959
250.9673,-0.158971
250.9833,-0.158982
251.0,-0.158993
251.0163,-0.159006
251.0341,-0.159018
251.05,-0.159029
251.0667,-0.159041
251.0833,-0.159053
251.1006,-0.159064
251.117,-0.159073
251.1333,-0.159086
251.1502,-0.159098
251.1668,-0.159107
251.1833,-0.159118
251.2,-0.159131
251.2169,-0.159145
251.2338,-0.159158
251.2499,-0.159168
251.2674,-0.159181
251.2834,-0.159193
251.3005,-0.159203
251.3174,-0.159213
251.3329,-0.159226
251.3501,-0.159239
251.3667,-0.15925
251.383,-0.159261
251.4003,-0.159273
251.4168,-0.159283
251.4342,-0.159293
251.4497,-0.159304
251.4654,-0.159313
251.4835,-0.15932
251.4992,-0.159328
251.5167,-0.159335
251.5335,-0.159344
251.5501,-0.159353
251.5666,-0.159361
251.5838,-0.159371
251.6005,-0.159382
251.6176,-0.159393
251.6342,-0.159403
251.6508,-0.159412
251.6673,-0.159421
251.684,-0.159429
251.7007,-0.159434
251.7175,-0.15944
251.7343,-0.159445
251.7509,-0.159447
251.7676,-0.159449
251.7839,-0.159452
251.8002,-0.159459
251.8173,-0.159468
251.8338,-0.159478
251.8506,-0.15949
251.867,-0.1595
251.8844,-0.15951
251.9007,-0.15952
251.9182,-0.159528
251.9337,-0.159536
251.9498,-0.159545
251.9677,-0.15955
251.9841,-0.159556
252.0005,-0.159565
252.0172,-0.159574
252.0346,-0.159581
252.0502,-0.159583
252.0682,-0.159588
252.0845,-0.159592
252.1012,-0.159595
252.1169,-0.159598
252.1339,-0.159602
252.1505,-0.159606
252.1674,-0.159613
252.1838,-0.159621
252.2009,-0.159632
252.2169,-0.159644
252.2335,-0.159653
252.2506,-0.159664
252.2683,-0.159676
252.2839,-0.159686
252.3007,-0.159696
252.317,-0.159704
252.334,-0.159714
252.3507,-0.159721
252.3674,-0.159731
252.3837,-0.159741
252.4004,-0.159751
252.4183,-0.159759
252.4341,-0.159768
252.45,-0.159776
252.4674,-0.159785
252.4842,-0.159793
252.4998,-0.159801
252.5178,-0.159809
252.534,-0.159815
252.5504,-0.159822
252.5665,-0.159829
252.5845,-0.159836
252.6005,-0.159843
252.6168,-0.159852
252.6332,-0.159861
252.6498,-0.159872
252.6662,-0.159884
252.6832,-0.159898
252.7006,-0.159911
252.7168,-0.159922
252.7334,-0.159933
252.7504,-0.159942
252.767,-0.159951
252.7836,-0.159958
252.8001,-0.159965
252.8172,-0.159973
252.8333,-0.15998
252.8504,-0.159988
252.8666,-0.159996
252.8838,-0.160005
252.9001,-0.160014
252.9172,-0.160023
252.9332,-0.160032
252.9502,-0.160041
252.9663,-0.160048
252.9835,-0.160055
252.9998,-0.160061
253.0168,-0.160068
253.0329,-0.160075
253.0503,-0.16008
253.0669,-0.160085
253.0834,-0.160092
253.101,-0.1601
253.1169,-0.160107
253.1329,-0.160114
253.1498,-0.160121
253.1671,-0.160129
253.183,-0.160137
253.1993,-0.160145
253.2164,-0.160153
253.2326,-0.160157
253.2496,-0.160162
253.2665,-0.160168
253.2832,-0.160175
253.2998,-0.160181
253.315,-0.160187
253.3337,-0.160192
253.3494,-0.160199
253.3664,-0.160207
253.3835,-0.160214
253.3995,-0.16022
253.4162,-0.160222
253.4328,-0.160226
253.4498,-0.160226
253.4661,-0.160229
253.4821,-0.160234
253.4993,-0.160238
253.5157,-0.160246
253.532,-0.160255
253.5497,-0.160264
253.5662,-0.160273
253.5828,-0.160281
253.5998,-0.160291
253.6169,-0.160301
253.6339,-0.160307
253.65,-0.160313
253.6661,-0.16032
253.6837,-0.160328
253.7008,-0.160334
253.7168,-0.160342
253.7339,-0.16035
253.7506,-0.160356
253.7667,-0.160359
253.7836,-0.160363
253.7998,-0.160366
253.8166,-0.160369
253.8332,-0.160372
253.8508,-0.160377
253.867,-0.160381
253.8835,-0.160387
253.9009,-0.160392
253.9171,-0.160396
253.9335,-0.160402
253.9502,-0.160406
253.9669,-0.16041
253.9835,-0.160415
253.9993,-0.160423
254.0171,-0.160431
254.0327,-0.160438
254.0505,-0.160448
254.067,-0.160457
254.0839,-0.160465
254.1004,-0.160474
254.117,-0.160483
254.1339,-0.160491
254.1501,-0.160499
254.1667,-0.160507
254.1839,-0.160516
254.2001,-0.160526
254.2168,-0.160536
254.2335,-0.160546
254.2507,-0.160554
254.2671,-0.16056
254.2831,-0.160566
254.2996,-0.160572
254.3159,-0.160581
254.3323,-0.160587
254.3495,-0.160595
254.3665,-0.160607
254.3836,-0.160618
254.4004,-0.160629
254.4167,-0.160641
254.4334,-0.160652
254.4507,-0.160662
254.4666,-0.160676
254.4834,-0.160688
254.5005,-0.1607
254.517,-0.160711
254.5337,-0.160718
254.5505,-0.160724
254.5669,-0.160729
254.5835,-0.160733
254.6003,-0.160736
254.6161,-0.16074
254.6328,-0.160743
254.6499,-0.16075
254.6661,-0.160759
254.6833,-0.16077
254.6995,-0.16078
254.7162,-0.160787
254.7325,-0.160792
254.7496,-0.160796
254.7668,-0.160801
254.7837,-0.160809
254.7999,-0.160816
254.816,-0.160825
254.8327,-0.160834
254.8497,-0.160842
254.8661,-0.160851
254.8832,-0.160861
254.8997,-0.160871
254.9166,-0.160882
254.9327,-0.160892
254.9497,-0.1609
254.9659,-0.160907
254.9825,-0.160914
254.999,-0.160921
255.0157,-0.160929
255.0326,-0.160933
255.0492,-0.160939
255.0661,-0.160945
255.0829,-0.16095
255.0998,-0.160954
255.1166,-0.160961
255.133,-0.160969
255.1496,-0.160979
255.166,-0.160988
255.183,-0.160998
255.2,-0.161006
255.2161,-0.161015
255.2336,-0.161024
255.2506,-0.16103
255.2663,-0.161034
255.283,-0.161036
255.2996,-0.161036
255.3158,-0.161036
255.3328,-0.161039
255.3495,-0.161043
255.3663,-0.161047
255.3829,-0.161053
255.4004,-0.161059
255.4165,-0.161066
255.434,-0.16107
255.4497,-0.161076
255.4659,-0.161082
255.4829,-0.161089
255.4996,-0.161096
255.5163,-0.161104
255.5338,-0.161114
255.5499,-0.161125
255.5668,-0.161135
255.5835,-0.161147
255.6004,-0.161156
255.6172,-0.161165
255.6334,-0.161174
255.6499,-0.161182
255.6664,-0.161187
255.6827,-0.161194
255.7005,-0.1612
255.7165,-0.161207
255.733,-0.161212
255.7497,-0.161218
255.7667,-0.161223
255.7841,-0.161228
255.7997,-0.161233
255.8166,-0.161239
255.8334,-0.161245
255.8495,-0.161254
255.8669,-0.161263
255.8839,-0.161274
255.9001,-0.161283
255.917,-0.161291
255.934,-0.161301
255.9497,-0.161309
255.9669,-0.161315
255.9836,-0.161321
255.9998,-0.161324
256.017,-0.161329
256.0336,-0.161334
256.0499,-0.161339
256.0659,-0.161345
256.0839,-0.161354
256.1003,-0.161363
256.1174,-0.161373
256.1342,-0.161385
256.1501,-0.161399
256.1673,-0.16141
256.1844,-0.161421
256.2003,-0.161432
256.2185,-0.161439
256.2338,-0.161447
256.2511,-0.161452
256.2675,-0.161456
256.2848,-0.161459
256.3004,-0.161461
256.3179,-0.161465
256.3344,-0.16147
256.3504,-0.161477
256.3671,-0.161488
256.3842,-0.1615
256.4006,-0.161511
256.4181,-0.161524
256.4342,-0.161535
256.4511,-0.161545
256.468,-0.161552
256.4834,-0.16156
256.5008,-0.161567
256.5178,-0.161572
256.5339,-0.161576
256.5504,-0.161581
256.567,-0.161589
256.5846,-0.161598
256.6005,-0.161607
256.6172,-0.161617
256.6339,-0.161628
256.6512,-0.161638
256.6681,-0.161651
256.6838,-0.161661
256.7009,-0.161672
256.7178,-0.161683
256.7349,-0.161692
256.7516,-0.161701
256.7678,-0.161711
256.7848,-0.161722
256.8012,-0.161734
256.817,-0.161746
256.8346,-0.161758
256.8509,-0.16177
256.8674,-0.161779
256.8837,-0.161789
256.9008,-0.161799
256.9182,-0.161807
256.9343,-0.161817
256.9511,-0.161826
256.9677,-0.161837
256.984,-0.161849
257.0012,-0.161861
257.0179,-0.161874
257.035,-0.161887
257.0515,-0.161899
257.0681,-0.161909
257.0842,-0.161916
257.1014,-0.161922
257.1174,-0.161926
257.1345,-0.161933
257.1507,-0.161941
257.1673,-0.161948
257.1841,-0.161957
257.2015,-0.161968
257.2175,-0.161979
257.2339,-0.161987
257.2508,-0.161996
257.2677,-0.162006
257.284,-0.162013
257.3004,-0.162019
257.3175,-0.162026
257.3348,-0.162033
257.3511,-0.162041
257.3684,-0.162052
257.3845,-0.162062
257.401,-0.162068
257.4184,-0.162074
257.4345,-0.162079
257.4513,-0.162084
257.4673,-0.162088
257.4844,-0.162092
257.5008,-0.162096
257.5181,-0.162101
257.534,-0.162108
257.5509,-0.162116
257.568,-0.162126
257.5847,-0.162132
257.6016,-0.162138
257.6177,-0.162145
257.6351,-0.162151
257.6516,-0.162155
257.6675,-0.162159
257.6844,-0.162161
257.7014,-0.162166
257.7181,-0.162169
257.7353,-0.162174
257.7509,-0.162181
257.768,-0.162186
257.7853,-0.162189
257.8016,-0.162193
257.8187,-0.162199
257.8346,-0.162208
257.8522,-0.162214
257.8683,-0.162221
257.8857,-0.162228
257.9021,-0.162235
257.9193,-0.162243
257.9359,-0.162249
257.9527,-0.162253
257.969,-0.162258
257.9853,-0.162263
258.0026,-0.162269
258.0191,-0.162275
258.0353,-0.162281
258.0529,-0.162287
258.0695,-0.16229
258.0859,-0.162292
258.1024,-0.162298
258.1181,-0.162303
258.1349,-0.16231
258.1518,-0.162317
258.1695,-0.162327
258.1861,-0.162339
258.2025,-0.162352
258.2195,-0.162364
258.2357,-0.162375
258.2528,-0.162384
258.2698,-0.162393
258.2864,-0.162403
258.3031,-0.162414
258.3194,-0.162426
258.3368,-0.162435
258.3534,-0.162445
258.3705,-0.162457
258.3868,-0.162469
258.4038,-0.16248
258.42,-0.162489
258.4368,-0.162495
258.4532,-0.162502
258.4706,-0.162508
258.4867,-0.162516
258.5031,-0.162525
258.5206,-0.162536
258.537,-0.162545
258.5536,-0.162557
258.5703,-0.162568
258.5874,-0.162582
258.6044,-0.162594
258.6207,-0.162606
258.6378,-0.162618
258.6544,-0.162631
258.671,-0.162645
258.6877,-0.162656
258.7047,-0.162665
258.7211,-0.162674
258.7376,-0.162684
258.7541,-0.162693
258.7703,-0.162704
258.7874,-0.162714
258.8044,-0.162726
258.821,-0.162738
258.8374,-0.162751
258.8548,-0.162764
258.8706,-0.162777
258.8878,-0.162788
258.9041,-0.162798
258.9201,-0.162807
258.9371,-0.162816
258.9547,-0.16283
258.9706,-0.162843
258.9871,-0.162856
259.0042,-0.162868
259.02,-0.162882
259.0372,-0.162894
259.0543,-0.162911
259.0713,-0.162924
259.0877,-0.162936
259.1046,-0.162947
259.1211,-0.162957
259.1376,-0.162967
259.1544,-0.162975
259.1704,-0.162983
259.1868,-0.16299
259.2043,-0.163
259.2203,-0.16301
259.2371,-0.163019
259.2527,-0.163031
259.2701,-0.163046
259.2872,-0.163061
259.3035,-0.163075
259.3204,-0.163088
259.3371,-0.163098
259.3545,-0.163109
259.3702,-0.163119
259.387,-0.163127
259.403,-0.163135
259.4197,-0.163142
259.4369,-0.163149
259.4531,-0.163157
259.4701,-0.163166
259.4859,-0.163175
259.5034,-0.163186
259.5196,-0.163197
259.5365,-0.163209
259.5532,-0.163218
259.5705,-0.163227
259.5871,-0.163235
259.6035,-0.163245
259.6201,-0.163254
259.636,-0.16326
259.6536,-0.163263
259.6694,-0.163268
259.6863,-0.163273
259.7032,-0.163279
259.7198,-0.163286
259.7364,-0.163294
259.7528,-0.163297
259.7688,-0.163302
259.7861,-0.163308
259.8034,-0.163314
259.8195,-0.163319
259.836,-0.163324
259.8528,-0.163328
259.8691,-0.16333
259.8862,-0.163334
259.903,-0.163342
259.9202,-0.163353
259.9365,-0.163358
259.9523,-0.163366
259.9699,-0.163369
259.987,-0.163371
260.0036,-0.163373
260.0195,-0.163378
260.0372,-0.163381
260.0526,-0.163384
260.0701,-0.163389
260.0865,-0.163394
260.1032,-0.163401
260.1201,-0.16341
260.1369,-0.163418
260.1536,-0.163426
260.1707,-0.163432
260.1876,-0.163438
260.2041,-0.163442
260.22,-0.163444
260.238,-0.163447
260.254,-0.16345
260.2705,-0.163454
260.287,-0.163461
260.304,-0.163467
260.3204,-0.163476
260.3368,-0.163486
260.354,-0.163493
260.3722,-0.1635
260.3878,-0.163505
260.405,-0.163509
260.4208,-0.163514
260.4372,-0.163516
260.4542,-0.163518
260.4713,-0.163524
260.4875,-0.16353
260.5034,-0.163537
260.5206,-0.163543
260.5376,-0.163549
260.5547,-0.163555
260.571,-0.163563
260.5876,-0.16357
260.6046,-0.16358
260.6216,-0.163588
260.6378,-0.163597
260.655,-0.163607
260.6711,-0.163615
260.6879,-0.163621
260.7045,-0.163627
260.7207,-0.163634
260.7376,-0.16364
260.7551,-0.163647
260.7709,-0.163654
260.7875,-0.163662
260.8044,-0.163671
260.8212,-0.16368
260.8375,-0.163691
260.8541,-0.163702
260.8708,-0.163712
260.8875,-0.16372
260.9046,-0.163728
260.9211,-0.163737
260.9381,-0.163747
260.9541,-0.163758
260.9713,-0.163772
260.988,-0.163787
261.0048,-0.1638
261.0212,-0.163813
261.0387,-0.163823
261.0548,-0.163831
261.071,-0.163837
261.0881,-0.163844
261.1048,-0.163851
261.1207,-0.163859
261.1373,-0.163867
261.1545,-0.163876
261.1708,-0.163886
261.1877,-0.163894
261.205,-0.163904
261.2204,-0.163914
261.238,-0.163925
261.2545,-0.163934
261.2707,-0.163945
261.2876,-0.163955
261.3053,-0.163969
261.3211,-0.163982
261.338,-0.163998
261.354,-0.16401
261.3706,-0.16402
261.3874,-0.164028
261.4042,-0.164036
261.4218,-0.164043
261.4369,-0.16405
261.4538,-0.164059
261.4708,-0.164069
261.487,-0.164079
261.5036,-0.164093
261.5207,-0.164108
261.5375,-0.164124
261.5542,-0.164138
261.5702,-0.16415
261.5876,-0.164163
261.6038,-0.164175
261.6202,-0.164185
261.637,-0.164196
261.6536,-0.164208
261.67,-0.164218
261.6871,-0.164228
261.7038,-0.16424
261.7205,-0.16425
261.7364,-0.164261
261.7539,-0.164269
261.7708,-0.164277
261.787,-0.164288
261.8033,-0.164299
261.8199,-0.164309
261.8361,-0.164317
261.8534,-0.164326
261.8699,-0.164334
261.8868,-0.164343
261.9037,-0.164351
261.9202,-0.164359
261.937,-0.164367
261.953,-0.164371
261.97,-0.164376
261.9857,-0.164382
262.0031,-0.164387
262.0189,-0.164393
262.0353,-0.164403
262.0529,-0.164413
262.0696,-0.164421
262.0858,-0.16443
262.1028,-0.164438
262.1194,-0.164445
262.1358,-0.16445
262.1528,-0.164454
262.1694,-0.164458
262.186,-0.164463
262.2021,-0.164468
262.2191,-0.164474
262.2353,-0.164479
262.2531,-0.164486
262.2697,-0.164494
262.2866,-0.164505
262.3023,-0.164514
262.319,-0.164522
262.3366,-0.164531
262.3524,-0.164541
262.3695,-0.164548
262.3861,-0.164556
262.4028,-0.164563
262.4197,-0.164568
262.4367,-0.164571
262.4528,-0.164573
262.4695,-0.164575
262.4863,-0.164576
262.5028,-0.164579
262.5199,-0.164582
262.5366,-0.164587
262.5525,-0.164593
262.5697,-0.1646
262.5861,-0.164608
262.6025,-0.164616
262.6198,-0.164625
262.6363,-0.164631
262.6531,-0.164635
262.6692,-0.164639
262.686,-0.164645
262.7029,-0.164648
262.7196,-0.164651
262.7354,-0.164653
262.7531,-0.164656
262.7693,-0.16466
262.7857,-0.164665
262.8023,-0.164671
262.819,-0.164679
262.8354,-0.164688
262.852,-0.164696
262.8691,-0.164704
262.8849,-0.164708
262.9025,-0.16471
262.9192,-0.164713
262.9353,-0.164716
262.9533,-0.16472
262.9686,-0.164724
262.986,-0.164728
263.0025,-0.164734
263.0187,-0.164739
263.0355,-0.164744
263.0528,-0.164751
263.0693,-0.164756
263.0857,-0.164761
263.1031,-0.164765
263.1194,-0.16477
263.1352,-0.164774
263.153,-0.164778
263.1695,-0.164783
263.1864,-0.164786
263.2028,-0.164792
263.2192,-0.164798
263.2364,-0.164804
263.2533,-0.16481
263.2697,-0.164816
263.2866,-0.164819
263.3029,-0.164821
263.3189,-0.164824
263.3366,-0.164829
263.3531,-0.164834
263.3698,-0.164841
263.3858,-0.16485
263.4038,-0.164858
263.42,-0.164863
263.4371,-0.16487
263.4537,-0.164874
263.4702,-0.164878
263.4861,-0.164881
263.5034,-0.164886
263.5193,-0.164893
263.5361,-0.164902
263.5536,-0.164911
263.5697,-0.164922
263.5876,-0.164928
263.6036,-0.164934
263.6204,-0.16494
263.637,-0.164943
263.653,-0.164948
263.6697,-0.164953
263.686,-0.164961
263.7042,-0.164966
263.7202,-0.164973
263.7374,-0.164978
263.754,-0.164981
263.7706,-0.164982
263.7864,-0.164982
263.8029,-0.164985
263.8194,-0.164988
263.8358,-0.164992
263.8526,-0.165
263.8692,-0.165009
263.8867,-0.165017
263.9027,-0.165027
263.9198,-0.165036
263.9366,-0.165046
263.9531,-0.165054
263.9691,-0.165063
263.9865,-0.165072
264.0024,-0.165081
264.0193,-0.165091
264.0366,-0.165102
264.0539,-0.165112
264.0701,-0.165122
264.0871,-0.165133
264.1047,-0.165139
264.1202,-0.165146
264.137,-0.165152
264.1543,-0.165158
264.1701,-0.165163
264.1867,-0.165166
264.2039,-0.165169
264.2206,-0.165173
264.2373,-0.165179
264.2538,-0.165185
264.2704,-0.165193
264.2874,-0.165202
264.3031,-0.165207
264.3209,-0.165216
264.3374,-0.165225
264.3546,-0.165233
264.3712,-0.165244
264.3871,-0.165254
264.404,-0.165264
264.4207,-0.165271
264.4384,-0.165277
264.455,-0.165284
264.4713,-0.165291
264.488,-0.165298
264.5048,-0.165307
264.5215,-0.165315
264.5381,-0.165324
264.5548,-0.165336
264.5717,-0.165348
264.5891,-0.165361
264.6059,-0.165372
264.6209,-0.165382
264.639,-0.165392
264.6552,-0.165401
264.6717,-0.165411
264.6882,-0.165422
264.7054,-0.165433
264.7221,-0.165443
264.7389,-0.165453
264.7558,-0.165465
264.7725,-0.165478
264.7886,-0.165487
264.8051,-0.165495
264.8223,-0.165506
264.8392,-0.165515
264.8559,-0.165526
264.8724,-0.165537
264.8885,-0.16555
264.9059,-0.165564
264.9223,-0.165578
264.9394,-0.165593
264.9555,-0.165609
264.9731,-0.165624
264.9885,-0.165639
265.0062,-0.165654
265.0222,-0.165666
265.0396,-0.165678
265.056,-0.165688
265.0727,-0.165701
265.0897,-0.16571
265.1061,-0.165721
265.1223,-0.165733
265.1384,-0.165745
265.1554,-0.165755
265.1722,-0.165768
265.1899,-0.16578
265.206,-0.165792
265.2228,-0.165808
265.2386,-0.165824
265.2558,-0.165838
265.2714,-0.16585
265.2896,-0.165863
265.3056,-0.165875
265.3231,-0.165889
265.3391,-0.1659
265.3555,-0.165911
265.3732,-0.165921
265.3896,-0.165933
265.4061,-0.165943
265.4222,-0.165955
265.439,-0.165969
265.4563,-0.165983
265.4732,-0.165996
265.4893,-0.166007
265.506,-0.166019
265.5223,-0.166029
265.5393,-0.166039
265.5558,-0.166049
265.5726,-0.16606
265.5892,-0.166071
265.6065,-0.166081
265.6227,-0.166094
265.6398,-0.166107
265.6566,-0.166121
265.6728,-0.166135
265.6898,-0.166146
265.7065,-0.166158
265.7231,-0.166169
265.7393,-0.166179
265.7558,-0.16619
265.7726,-0.166201
265.7894,-0.166211
265.8061,-0.166224
265.8224,-0.166238
265.8391,-0.16625
265.8557,-0.166261
265.8721,-0.166272
265.8894,-0.166283
265.9065,-0.166293
265.9225,-0.166303
265.9396,-0.166313
265.9552,-0.166321
265.9729,-0.16633
265.989,-0.166339
266.0056,-0.166351
266.0232,-0.166363
266.0389,-0.166374
266.0559,-0.166385
266.0727,-0.166395
266.0892,-0.166406
266.1061,-0.166413
266.1225,-0.166421
266.1388,-0.166427
266.1555,-0.166434
266.1725,-0.166441
266.1891,-0.166449
266.2055,-0.166457
266.222,-0.166466
266.2391,-0.166475
266.2554,-0.166481
266.2725,-0.16649
266.2893,-0.166498
266.3056,-0.166507
266.3221,-0.166514
266.3384,-0.166521
266.356,-0.166529
266.3722,-0.166538
266.3898,-0.166546
266.4059,-0.166554
266.4225,-0.166563
266.4395,-0.166573
266.4545,-0.166583
266.4722,-0.166594
266.4891,-0.166606
266.5059,-0.166617
266.5232,-0.166629
266.5394,-0.166639
266.5558,-0.166646
266.5715,-0.166651
266.5891,-0.166656
266.606,-0.16666
266.6224,-0.166666
266.6399,-0.166673
266.6559,-0.166681
266.6729,-0.166688
266.6887,-0.166696
266.7055,-0.166704
266.7233,-0.16671
266.7396,-0.166718
266.7564,-0.166724
266.7732,-0.166728
266.789,-0.166737
266.8058,-0.166746
266.8224,-0.166755
266.8387,-0.166764
266.856,-0.166774
266.8733,-0.166785
266.8894,-0.166794
266.9065,-0.166802
266.9225,-0.166811
266.9391,-0.166818
266.9557,-0.166823
266.972,-0.166828
266.9891,-0.166832
267.0055,-0.166836
267.0222,-0.166841
267.0388,-0.166847
267.0557,-0.166853
267.0713,-0.166862
267.0891,-0.166871
267.1052,-0.166881
267.1216,-0.166891
267.1384,-0.1669
267.1556,-0.16691
267.1718,-0.166915
267.1891,-0.16692
267.2052,-0.166924
267.2218,-0.166926
267.2391,-0.16693
267.2545,-0.166938
267.2721,-0.166946
267.2882,-0.166955
267.3057,-0.166968
267.3226,-0.16698
267.3391,-0.166995
267.3551,-0.167008
267.3726,-0.16702
267.3894,-0.167029
267.4052,-0.167035
267.4222,-0.167043
267.4387,-0.167051
267.456,-0.167058
267.4722,-0.167065
267.4884,-0.167072
267.5059,-0.167076
267.5214,-0.16708
267.5393,-0.167086
267.5554,-0.167093
267.5724,-0.167098
267.5891,-0.167101
267.6057,-0.167105
267.6216,-0.167107
267.6386,-0.167111
267.6549,-0.167115
267.672,-0.16712
267.6877,-0.167124
267.7056,-0.167132
267.7212,-0.167138
267.7392,-0.167145
267.7552,-0.167153
267.7719,-0.16716
267.7884,-0.167165
267.8049,-0.167172
267.8218,-0.167178
267.8384,-0.167187
267.8553,-0.167196
267.8722,-0.167203
267.8885,-0.167212
267.9048,-0.167218
267.9232,-0.167223
267.9387,-0.167232
267.955,-0.167241
267.9726,-0.167249
267.9878,-0.167257
268.005,-0.167264
268.022,-0.167271
268.0387,-0.167278
268.0551,-0.167283
268.0723,-0.167285
268.0888,-0.167288
268.1062,-0.16729
268.123,-0.167292
268.1382,-0.167297
268.1555,-0.167303
268.1718,-0.167311
268.1889,-0.167319
268.2058,-0.167325
268.2227,-0.167331
268.2397,-0.167337
268.2559,-0.167344
268.2726,-0.167351
268.2892,-0.167358
268.3057,-0.167364
268.3228,-0.16737
268.3393,-0.167377
268.3559,-0.167383
268.3727,-0.167391
268.3902,-0.167398
268.4058,-0.167406
268.4225,-0.167413
268.4391,-0.167421
268.4559,-0.167429
268.4729,-0.167438
268.4891,-0.167446
268.5057,-0.167455
268.5226,-0.167466
268.5396,-0.167476
268.5561,-0.167489
268.5726,-0.167502
268.5897,-0.167515
268.6061,-0.167525
268.6234,-0.167535
268.6396,-0.167544
268.6561,-0.167551
268.6728,-0.167558
268.6888,-0.167567
268.7061,-0.167575
268.7229,-0.167581
268.7393,-0.167592
268.7567,-0.167602
268.7735,-0.167611
268.7894,-0.16762
268.8058,-0.167629
268.823,-0.167639
268.8385,-0.167647
268.856,-0.167656
268.8728,-0.167667
268.8893,-0.167677
268.9064,-0.167686
268.9232,-0.167696
268.9393,-0.167704
268.956,-0.167711
268.9727,-0.16772
268.9902,-0.167729
269.0066,-0.16774
269.0229,-0.167751
269.0393,-0.167763
269.057,-0.167776
269.0725,-0.167789
269.0904,-0.167802
269.1064,-0.167814
269.1229,-0.167826
269.1404,-0.167836
269.1567,-0.167844
269.1719,-0.167851
269.1894,-0.16786
269.2058,-0.16787
269.2227,-0.167877
269.2394,-0.167886
269.2561,-0.167899
269.2736,-0.167912
269.2897,-0.167927
269.3062,-0.167943
269.3228,-0.167958
269.3404,-0.167971
269.3578,-0.16798
269.3732,-0.167989
269.3899,-0.167996
269.4068,-0.168
269.4232,-0.168006
269.4403,-0.168012
269.457,-0.16802
269.4728,-0.168032
269.4893,-0.168041
269.5062,-0.168051
269.523,-0.168061
269.5403,-0.168072
269.5569,-0.168079
269.5722,-0.168087
269.5901,-0.168095
269.6073,-0.168105
269.6236,-0.168114
269.639,-0.168121
269.6568,-0.168127
269.6729,-0.168134
269.6898,-0.168142
269.7061,-0.168153
269.7217,-0.168162
269.7391,-0.16817
269.7559,-0.16818
269.7729,-0.168189
269.7897,-0.1682
269.8055,-0.168213
269.8231,-0.168222
269.8395,-0.168229
269.8563,-0.168235
269.8735,-0.168239
269.89,-0.168244
269.9062,-0.16825
269.9232,-0.168256
269.9401,-0.168261
269.9563,-0.168265
269.9732,-0.168268
269.9901,-0.168269
270.0069,-0.168272
270.0228,-0.168276
270.0397,-0.16828
270.0565,-0.168284
270.0729,-0.168287
270.0902,-0.168291
270.1068,-0.168295
270.1228,-0.168299
270.14,-0.168303
270.1567,-0.168306
270.1733,-0.168308
270.1893,-0.16831
270.2065,-0.168312
270.2229,-0.168315
270.2398,-0.168319
270.2567,-0.168324
270.2731,-0.16833
270.2891,-0.168337
270.306,-0.168343
270.3233,-0.168351
270.3399,-0.168359
270.3563,-0.168367
270.3736,-0.168372
270.3898,-0.168376
270.4071,-0.168381
270.4236,-0.168384
270.4403,-0.168389
270.456,-0.168396
270.4734,-0.168404
270.4896,-0.168412
270.5065,-0.168421
270.5232,-0.168431
270.54,-0.168439
270.5563,-0.168444
270.5735,-0.168448
270.5904,-0.168454
270.6071,-0.168459
270.6234,-0.168464
270.6393,-0.168471
270.6567,-0.168478
270.673,-0.168486
270.6901,-0.168496
270.7064,-0.168507
270.7228,-0.168519
270.7401,-0.168528
270.7573,-0.168537
270.7731,-0.168546
270.7911,-0.168555
270.8068,-0.168566
270.8236,-0.168575
270.8396,-0.168584
270.8567,-0.168593
270.8741,-0.168602
270.8901,-0.168611
270.9063,-0.168624
270.9236,-0.168635
270.94,-0.168643
270.9565,-0.168651
270.973,-0.168661
270.9901,-0.168671
271.0061,-0.16868
271.0234,-0.168689
271.0395,-0.168699
271.0564,-0.168708
271.0732,-0.168717
271.0895,-0.168729
271.1065,-0.16874
271.1236,-0.168748
271.1395,-0.168757
271.1566,-0.168766
271.1731,-0.168776
271.1901,-0.168784
271.2057,-0.168791
271.2233,-0.168801
271.2402,-0.168809
271.257,-0.168819
271.2729,-0.16883
271.29,-0.16884
271.3065,-0.168851
271.3232,-0.16886
271.3401,-0.16887
271.3564,-0.16888
271.3731,-0.168888
271.3899,-0.168895
271.4064,-0.168903
271.4234,-0.168911
271.4403,-0.168919
271.4565,-0.168929
271.4729,-0.168939
271.4895,-0.168952
271.5063,-0.168961
271.5225,-0.16897
271.5396,-0.168977
271.5558,-0.168986
271.5728,-0.168993
271.5895,-0.168999
271.6063,-0.169005
271.6227,-0.16901
271.6401,-0.169013
271.6563,-0.169018
271.6726,-0.169028
271.6895,-0.169038
271.7055,-0.169047
271.7226,-0.169054
271.7399,-0.169065
271.7565,-0.169075
271.7738,-0.169085
271.7896,-0.169094
271.8064,-0.169102
271.823,-0.169106
271.8391,-0.169113
271.8563,-0.16912
271.8728,-0.169127
271.8896,-0.169132
271.9061,-0.169137
271.923,-0.169142
271.9389,-0.169149
271.9567,-0.169155
271.9738,-0.169162
271.9899,-0.16917
272.0063,-0.169176
272.0239,-0.169182
272.0405,-0.169187
272.0565,-0.169192
272.073,-0.169199
272.0899,-0.169205
272.1063,-0.169213
272.1233,-0.169222
272.1397,-0.169236
272.1571,-0.16925
272.1733,-0.169265
272.1906,-0.169277
272.2071,-0.169285
272.2244,-0.169292
272.2406,-0.169299
272.2575,-0.169303
272.274,-0.169307
272.2901,-0.169311
272.3071,-0.169315
272.3242,-0.169324
272.341,-0.169337
272.3571,-0.16935
272.3738,-0.169364
272.3908,-0.169374
272.4086,-0.169382
272.4247,-0.16939
272.4408,-0.169397
272.4575,-0.169406
272.4747,-0.169413
272.4904,-0.169419
272.5074,-0.169425
272.5242,-0.169435
272.5412,-0.169443
272.5581,-0.169452
272.5742,-0.169462
272.5915,-0.169474
272.6073,-0.169483
272.6242,-0.169493
272.6414,-0.169503
272.6576,-0.169515
272.6745,-0.169526
272.6909,-0.169539
272.7082,-0.16955
272.7241,-0.169559
272.7407,-0.16957
272.7578,-0.16958
272.7744,-0.169588
272.7913,-0.169599
272.8067,-0.16961
272.8244,-0.169622
272.8412,-0.169634
272.8575,-0.169646
272.8749,-0.169659
272.8907,-0.169672
272.9077,-0.169682
272.924,-0.16969
272.9414,-0.169697
272.9571,-0.169703
272.9744,-0.16971
272.991,-0.169718
273.0074,-0.169727
273.0239,-0.169736
273.0408,-0.169747
273.0567,-0.169758
273.0746,-0.169768
273.0911,-0.169779
273.1076,-0.169788
273.124,-0.169798
273.1408,-0.169808
273.1569,-0.169817
273.1747,-0.169827
273.1908,-0.169838
273.2081,-0.169848
273.2246,-0.169857
273.2409,-0.169866
273.2575,-0.169874
273.2742,-0.169884
273.2906,-0.169891
273.3075,-0.169901
273.3234,-0.169912
273.341,-0.169924
273.3579,-0.169939
273.3741,-0.16995
273.3913,-0.169961
273.408,-0.169973
273.4247,-0.169983
273.4415,-0.169992
273.457,-0.169996
273.474,-0.169999
273.4917,-0.170004
273.5075,-0.170009
273.5236,-0.170017
273.5406,-0.170027
273.5569,-0.170036
273.5749,-0.170045
273.5912,-0.170057
273.6075,-0.170067
273.6237,-0.170078
273.6405,-0.170089
273.6576,-0.170099
273.6745,-0.170108
273.691,-0.170119
273.7083,-0.170133
273.7245,-0.170145
273.7408,-0.170157
273.7582,-0.170167
273.7747,-0.170176
273.7909,-0.170184
273.8077,-0.170195
273.8246,-0.170207
273.8413,-0.17022
273.8578,-0.170231
273.8744,-0.170241
273.8914,-0.170249
273.9078,-0.170258
273.9244,-0.170268
273.9411,-0.170278
273.9573,-0.170288
273.9736,-0.170297
273.9907,-0.170308
274.0076,-0.170317
274.0242,-0.170327
274.041,-0.170338
274.0569,-0.170348
274.0742,-0.170357
274.0905,-0.170368
274.1064,-0.17038
274.1236,-0.170389
274.1403,-0.170399
274.1569,-0.170407
274.1736,-0.170417
274.1897,-0.170427
274.2057,-0.170436
274.2233,-0.170446
274.2398,-0.170454
274.2565,-0.170464
274.273,-0.170472
274.2901,-0.170483
274.3065,-0.170494
274.3232,-0.170505
274.3401,-0.170515
274.3564,-0.170524
274.373,-0.170532
274.3897,-0.170543
274.4069,-0.170553
274.4235,-0.170563
274.4398,-0.170573
274.4561,-0.170581
274.4734,-0.170587
274.4897,-0.170593
274.5058,-0.170599
274.5231,-0.17061
274.5403,-0.170621
274.5559,-0.170632
274.5727,-0.170643
274.5897,-0.170656
274.6065,-0.170665
274.6231,-0.170674
274.6396,-0.170684
274.6562,-0.170692
274.6733,-0.170698
274.6895,-0.170701
274.7062,-0.170708
274.7231,-0.170715
274.7398,-0.170723
274.7565,-0.170731
274.7731,-0.17074
274.7903,-0.17075
274.8059,-0.170759
274.8233,-0.170768
274.84,-0.170778
274.856,-0.170786
274.873,-0.170797
274.8896,-0.170809
274.9066,-0.170819
274.923,-0.170825
274.9393,-0.170833
274.9561,-0.170841
274.973,-0.170849
274.9895,-0.170856
275.0063,-0.170865
275.0229,-0.170871
275.0402,-0.170877
275.0559,-0.170883
275.0728,-0.170891
275.0894,-0.170899
275.106,-0.170909
275.1227,-0.170916
275.1395,-0.170922
275.1565,-0.170929
275.1727,-0.170936
275.1895,-0.170943
275.2056,-0.170953
275.2224,-0.170961
275.2395,-0.17097
275.2559,-0.170978
275.273,-0.170988
275.289,-0.170999
275.3064,-0.171009
275.3228,-0.171018
275.3383,-0.171028
275.3558,-0.171037
275.3726,-0.171046
275.3882,-0.171053
275.4066,-0.17106
275.4223,-0.171064
275.4388,-0.17107
275.4554,-0.171077
275.4723,-0.171084
275.4895,-0.171092
275.5057,-0.171102
275.5223,-0.171112
275.539,-0.171123
275.5563,-0.171132
275.5735,-0.171143
275.5904,-0.171153
275.6063,-0.171162
275.6232,-0.171169
275.64,-0.171176
275.6569,-0.171182
275.6733,-0.171189
275.6896,-0.171195
275.7052,-0.1712
275.7229,-0.171207
275.7394,-0.171216
275.756,-0.171223
275.7723,-0.171231
275.7895,-0.171239
275.8065,-0.171249
275.8228,-0.171259
275.8393,-0.171267
275.8558,-0.171276
275.8732,-0.171285
275.8899,-0.171293
275.9066,-0.171304
275.9228,-0.171314
275.9392,-0.171321
275.9566,-0.171326
275.9731,-0.171334
275.989,-0.171343
276.006,-0.171353
276.0224,-0.171362
276.0392,-0.171374
276.0557,-0.171382
276.0721,-0.17139
276.0888,-0.171401
276.1064,-0.171412
276.1227,-0.17142
276.1385,-0.171425
276.1565,-0.171431
276.1725,-0.171442
276.1892,-0.171453
276.206,-0.171466
276.2222,-0.17148
276.2398,-0.17149
276.2561,-0.171501
276.2733,-0.171511
276.2894,-0.171522
276.3055,-0.171529
276.3221,-0.171535
276.3392,-0.171543
276.3562,-0.171549
276.3728,-0.171558
276.389,-0.171565
276.4059,-0.171573
276.4222,-0.171581
276.4392,-0.171587
276.4557,-0.171595
276.4724,-0.171603
276.4886,-0.171612
276.5062,-0.171622
276.5217,-0.17163
276.5388,-0.171639
276.5551,-0.171647
276.5726,-0.171656
276.5894,-0.171666
276.6052,-0.171676
276.6223,-0.171686
276.6394,-0.171695
276.6558,-0.171704
276.6727,-0.171713
276.6891,-0.171723
276.7067,-0.171731
276.7219,-0.171737
276.7389,-0.171746
276.7555,-0.171756
276.7726,-0.171767
276.7888,-0.171776
276.8051,-0.171785
276.8223,-0.171794
276.8387,-0.171801
276.8554,-0.17181
276.8719,-0.171818
276.8891,-0.171829
276.9057,-0.171837
276.9224,-0.171845
276.9399,-0.171854
276.9555,-0.171862
276.9725,-0.171871
276.9896,-0.171882
277.0061,-0.171889
277.0227,-0.171897
277.039,-0.171907
277.0558,-0.171918
277.0725,-0.171929
277.0899,-0.17194
277.1061,-0.171949
277.1234,-0.171956
277.1392,-0.171963
277.1561,-0.17197
277.173,-0.171977
277.1898,-0.171983
277.2062,-0.17199
277.223,-0.171998
277.2395,-0.172007
277.2562,-0.172016
277.2721,-0.172027
277.2906,-0.172036
277.306,-0.172046
277.3227,-0.172055
277.3395,-0.172064
277.3565,-0.172073
277.3727,-0.172083
277.3898,-0.172091
277.4058,-0.172098
277.4226,-0.172106
277.4395,-0.172114
277.4562,-0.172125
277.4723,-0.172137
277.4892,-0.172151
277.506,-0.172162
277.5236,-0.172173
277.54,-0.172185
277.5564,-0.172197
277.5726,-0.172208
277.5894,-0.172219
277.6061,-0.172229
277.6229,-0.172239
277.6396,-0.172251
277.6557,-0.172263
277.6727,-0.172271
277.6886,-0.172281
277.7058,-0.172289
277.7227,-0.172298
277.7398,-0.172307
277.7562,-0.172314
277.7727,-0.172322
277.7892,-0.172331
277.8065,-0.172341
277.8228,-0.172352
277.8396,-0.172363
277.8557,-0.172374
277.8729,-0.172386
277.89,-0.172396
277.9062,-0.172407
277.9226,-0.172417
277.9397,-0.172427
277.9556,-0.172435
277.9724,-0.172442
277.9887,-0.172449
278.0051,-0.172457
278.0231,-0.172467
278.0392,-0.172478
278.056,-0.172487
278.0725,-0.172497
278.0894,-0.172506
278.1061,-0.172512
278.1224,-0.172518
278.1389,-0.172524
278.1563,-0.17253
278.1725,-0.172537
278.1886,-0.172544
278.2054,-0.172555
278.2225,-0.172565
278.2397,-0.172577
278.2554,-0.172588
278.2731,-0.172596
278.2892,-0.172605
278.3063,-0.172615
278.3224,-0.172627
278.3394,-0.172636
278.3552,-0.172647
278.373,-0.172658
278.3894,-0.17267
278.4063,-0.172684
278.4231,-0.172697
278.4395,-0.17271
278.4561,-0.172721
278.472,-0.172733
278.4895,-0.172742
278.5062,-0.172753
278.5224,-0.172761
278.5396,-0.17277
278.5562,-0.172782
278.5729,-0.172792
278.5888,-0.172801
278.6054,-0.172809
278.6223,-0.172818
278.6393,-0.172829
278.656,-0.172841
278.6725,-0.172853
278.689,-0.172867
278.7062,-0.172879
278.7227,-0.17289
278.7397,-0.1729
278.756,-0.172913
278.7726,-0.172923
278.7894,-0.172933
278.806,-0.172941
278.8228,-0.17295
278.839,-0.172957
278.8556,-0.172966
278.8727,-0.172978
278.8892,-0.172989
278.9063,-0.172999
278.9224,-0.173008
278.9388,-0.173016
278.9558,-0.17302
278.9726,-0.173025
278.9895,-0.173033
279.0055,-0.173043
279.0222,-0.173052
279.039,-0.173061
279.0558,-0.173071
279.0731,-0.173083
279.0888,-0.173094
279.1064,-0.173105
279.1227,-0.173115
279.1393,-0.173126
279.1553,-0.173135
279.1717,-0.173144
279.1889,-0.173155
279.2054,-0.173164
279.2225,-0.173174
279.2391,-0.173184
279.256,-0.173195
279.2726,-0.173204
279.2892,-0.173214
279.3059,-0.173224
279.3232,-0.173235
279.3394,-0.173242
279.3564,-0.173246
279.3727,-0.17325
279.3896,-0.173255
279.4056,-0.173261
279.4222,-0.173268
279.4395,-0.173276
279.4562,-0.173283
279.4729,-0.173292
279.49,-0.173302
279.5067,-0.173312
279.5229,-0.173321
279.5398,-0.173331
279.5561,-0.17334
279.5729,-0.173349
279.589,-0.173358
279.6057,-0.173368
279.6235,-0.17338
279.64,-0.17339
279.6569,-0.173402
279.6729,-0.173413
279.6893,-0.173424
279.7067,-0.173433
279.7234,-0.173441
279.7401,-0.17345
279.7568,-0.173459
279.7737,-0.173468
279.7901,-0.173477
279.806,-0.173485
279.8232,-0.173493
279.8404,-0.173502
279.8567,-0.173512
279.8739,-0.173524
279.8906,-0.173534
279.9073,-0.173542
279.924,-0.173552
279.9409,-0.17356
279.9574,-0.173565
279.9736,-0.173574
279.9905,-0.17358
280.0082,-0.173589
280.0241,-0.173599
280.0399,-0.173611
280.0575,-0.173622
280.0739,-0.17363
280.0909,-0.173639
280.1074,-0.173649
280.124,-0.173657
280.1402,-0.173664
280.1572,-0.173673
280.1738,-0.173678
280.1906,-0.173687
280.2076,-0.173697
280.2231,-0.173709
280.2408,-0.173722
280.2573,-0.173734
280.2745,-0.173746
280.2905,-0.17376
280.3072,-0.173774
280.3246,-0.173786
280.3409,-0.173801
280.3577,-0.173814
280.3744,-0.173826
280.3903,-0.173838
280.4081,-0.173852
280.4245,-0.173865
280.4405,-0.173877
280.4568,-0.17389
280.4744,-0.173903
280.4911,-0.173915
280.5078,-0.173927
280.5246,-0.17394
280.5412,-0.17395
280.5579,-0.173957
280.5747,-0.173966
280.5914,-0.173976
280.6079,-0.173987
280.6241,-0.173998
280.6412,-0.174008
280.658,-0.17402
280.6745,-0.174032
280.6911,-0.174043
280.708,-0.174055
280.7252,-0.174064
280.7413,-0.174074
280.7585,-0.174085
280.7753,-0.174097
280.791,-0.174109
280.8085,-0.174121
280.8251,-0.174138
280.8421,-0.174153
280.8584,-0.174167
280.8753,-0.17418
280.8912,-0.174191
280.9088,-0.174203
280.925,-0.174214
280.9417,-0.174228
280.9586,-0.174241
280.9753,-0.174254
280.9919,-0.174265
281.0082,-0.174275
281.0257,-0.174283
281.0418,-0.174294
281.0587,-0.174303
281.0753,-0.174312
281.0917,-0.174321
281.1084,-0.174333
281.1255,-0.174346
281.1412,-0.17436
281.1584,-0.174374
281.1754,-0.174388
281.1922,-0.174402
281.2091,-0.174412
281.2253,-0.174425
281.2423,-0.174438
281.2596,-0.174447
281.2755,-0.174458
281.2919,-0.174469
281.3089,-0.17448
281.3252,-0.174492
281.3422,-0.174504
281.3585,-0.174516
281.3757,-0.174528
281.3923,-0.174536
281.4098,-0.174549
281.4258,-0.174559
281.4418,-0.174568
281.4586,-0.17458
281.4751,-0.174591
281.4926,-0.174601
281.5082,-0.174611
281.5254,-0.174623
281.542,-0.174633
281.559,-0.17464
281.575,-0.174648
281.5923,-0.174659
281.6079,-0.17467
281.6252,-0.174684
281.6418,-0.174697
281.6588,-0.174709
281.6757,-0.17472
281.692,-0.174733
281.7089,-0.174745
281.7259,-0.174757
281.7413,-0.174769
281.7586,-0.17478
281.7753,-0.174792
281.792,-0.174804
281.8092,-0.174815
281.8255,-0.174826
281.8422,-0.174837
281.8582,-0.174846
281.8751,-0.174857
281.892,-0.174869
281.9082,-0.174881
281.9253,-0.174892
281.9414,-0.174905
281.9587,-0.17492
281.9754,-0.174934
281.992,-0.174948
282.0083,-0.174961
282.0249,-0.174975
282.0421,-0.174988
282.0586,-0.175
282.0752,-0.175013
282.0921,-0.175022
282.1089,-0.175026
282.1247,-0.175034
282.1418,-0.175043
282.1584,-0.175053
282.1752,-0.175063
282.1917,-0.175073
282.2087,-0.175085
282.2244,-0.175099
282.2417,-0.175114
282.2581,-0.17513
282.2747,-0.175143
282.2917,-0.175154
282.3087,-0.175164
282.3253,-0.175173
282.3417,-0.175181
282.3585,-0.175189
282.3753,-0.175201
282.3915,-0.175212
282.4082,-0.175223
282.4246,-0.175237
282.4412,-0.175253
282.4588,-0.17527
282.4747,-0.175285
282.4915,-0.175299
282.5088,-0.175312
282.5253,-0.175324
282.542,-0.175336
282.5586,-0.175347
282.575,-0.175358
282.5912,-0.175365
282.6085,-0.175373
282.6246,-0.175382
282.6411,-0.175393
282.6585,-0.175404
282.6739,-0.175413
282.6921,-0.175422
282.7082,-0.175432
282.7255,-0.175446
282.7411,-0.175457
282.7578,-0.175469
282.7744,-0.175481
282.7908,-0.175493
282.8079,-0.175504
282.8248,-0.175516
282.8413,-0.175528
282.8584,-0.17554
282.875,-0.175548
282.8914,-0.175556
282.9085,-0.175565
282.9249,-0.175573
282.9418,-0.175579
282.958,-0.175585
282.9745,-0.175592
282.9917,-0.175599
283.0079,-0.175606
283.0246,-0.175614
283.041,-0.175624
283.0576,-0.175634
283.0748,-0.175645
283.0915,-0.175655
283.1073,-0.175666
283.124,-0.175677
283.1407,-0.175684
283.1581,-0.175692
283.1745,-0.175702
283.1915,-0.17571
283.2076,-0.175717
283.2238,-0.175726
283.2416,-0.175734
283.2578,-0.175744
283.2744,-0.175755
283.2915,-0.175766
283.3083,-0.175776
283.3248,-0.175782
283.3413,-0.17579
283.3585,-0.175799
283.375,-0.175806
283.3913,-0.175815
283.408,-0.175823
283.425,-0.175831
283.442,-0.175839
283.4583,-0.175849
283.4745,-0.175858
283.4921,-0.175866
283.5081,-0.175875
283.5251,-0.175882
283.5423,-0.175889
283.5582,-0.175897
283.5754,-0.175907
283.5915,-0.175915
283.6088,-0.17592
283.6251,-0.175927
283.6417,-0.175936
283.6587,-0.175943
283.675,-0.175953
283.6923,-0.175961
283.7085,-0.175968
283.7254,-0.175976
283.7417,-0.175983
283.7595,-0.175996
283.7756,-0.176006
283.7917,-0.176016
283.8086,-0.176025
283.8253,-0.176031
283.8426,-0.176037
283.8593,-0.176047
283.8757,-0.176055
283.8922,-0.176063
283.9087,-0.176072
283.9263,-0.17608
283.943,-0.176089
283.9585,-0.176099
283.9761,-0.176108
283.9922,-0.176119
284.0091,-0.176127
284.0258,-0.176134
284.0429,-0.176142
284.0593,-0.176148
284.0757,-0.176155
284.093,-0.176163
284.1091,-0.176171
284.1257,-0.176177
284.1414,-0.176185
284.1594,-0.176194
284.1762,-0.176204
284.1934,-0.176215
284.209,-0.176226
284.2263,-0.176239
284.243,-0.176249
284.2595,-0.176257
284.2766,-0.176264
284.2934,-0.176272
284.3098,-0.176278
284.3259,-0.176285
284.343,-0.176293
284.359,-0.176303
284.3758,-0.176314
284.3925,-0.176327
284.4095,-0.176342
284.4262,-0.176357
284.4427,-0.176372
284.4597,-0.176389
284.4765,-0.176403
284.4933,-0.176416
284.5098,-0.176428
284.5269,-0.17644
284.5429,-0.176454
284.5603,-0.176468
284.5768,-0.176481
284.5934,-0.176491
284.6106,-0.176502
284.6271,-0.176515
284.6437,-0.176527
284.6607,-0.176541
284.6765,-0.176556
284.6931,-0.176571
284.7101,-0.176586
284.7264,-0.1766
284.7441,-0.176613
284.7604,-0.176626
284.7777,-0.176635
284.7923,-0.176645
284.8095,-0.176657
284.8261,-0.176669
284.8435,-0.176682
284.8594,-0.176696
284.8766,-0.176712
284.8932,-0.176728
284.9096,-0.176746
284.9267,-0.176762
284.9438,-0.176776
284.9599,-0.176785
284.9769,-0.176796
284.9937,-0.176807
285.0099,-0.17682
285.0265,-0.176833
285.043,-0.176846
285.0597,-0.176861
285.0766,-0.176876
285.0935,-0.176893
285.1099,-0.17691
285.1265,-0.176927
285.1435,-0.176942
285.1592,-0.176954
285.1767,-0.176963
285.1931,-0.176975
285.2101,-0.176985
285.2258,-0.176995
285.2438,-0.177005
285.2597,-0.177014
285.2768,-0.177021
285.293,-0.177031
285.3094,-0.177044
285.3265,-0.177057
285.3428,-0.177068
285.3595,-0.177077
285.3764,-0.177088
285.393,-0.177099
285.4094,-0.177111
285.4255,-0.177121
285.4432,-0.177134
285.4597,-0.177145
285.4751,-0.177157
285.4916,-0.177173
285.5093,-0.177188
285.5256,-0.177203
285.542,-0.177216
285.559,-0.177229
285.5763,-0.177243
285.5914,-0.177253
285.6086,-0.177267
285.6253,-0.177281
285.6418,-0.177294
285.659,-0.17731
285.6751,-0.177326
285.6919,-0.17734
285.7089,-0.177351
285.7254,-0.177361
285.7429,-0.177372
285.7588,-0.177385
285.7754,-0.177395
285.792,-0.177407
285.8088,-0.177418
285.8261,-0.177429
285.8418,-0.177441
285.8589,-0.177454
285.8756,-0.177467
285.8919,-0.177478
285.9087,-0.177488
285.9254,-0.177497
285.9418,-0.177507
285.9591,-0.177514
285.9748,-0.177522
285.9915,-0.177531
286.0082,-0.177537
286.0253,-0.177539
286.0415,-0.177542
286.0587,-0.177546
286.0758,-0.17755
286.0912,-0.177558
286.1084,-0.177565
286.1249,-0.177575
286.1416,-0.177584
286.1585,-0.177593
286.1759,-0.177602
286.1921,-0.17761
286.2087,-0.177618
286.2257,-0.177625
286.2416,-0.177633
286.2585,-0.177639
286.2749,-0.177646
286.2918,-0.177655
286.3087,-0.177667
286.3253,-0.17768
286.3425,-0.177692
286.3586,-0.177703
286.3764,-0.177714
286.3917,-0.177724
286.4088,-0.177729
286.426,-0.177733
286.4427,-0.177736
286.4593,-0.177738
286.4758,-0.177742
286.4921,-0.17775
286.5089,-0.177757
286.5249,-0.177766
286.5424,-0.177775
286.5594,-0.177786
286.5757,-0.177799
286.5925,-0.177809
286.6091,-0.17782
286.6259,-0.177827
286.6424,-0.177835
286.6591,-0.177842
286.6749,-0.177849
286.6924,-0.177854
286.709,-0.177861
286.7254,-0.177868
286.7425,-0.177875
286.7596,-0.177882
286.7757,-0.17789
286.7922,-0.177901
286.809,-0.177912
286.8256,-0.177922
286.8423,-0.177933
286.8595,-0.177944
286.8756,-0.177956
286.8928,-0.177967
286.909,-0.17798
286.9254,-0.177993
286.9426,-0.178002
286.96,-0.178014
286.9762,-0.178024
286.994,-0.178034
287.0098,-0.178043
287.0262,-0.178052
287.0429,-0.178061
287.0597,-0.178071
287.0765,-0.17808
287.0925,-0.178091
287.109,-0.178103
287.1259,-0.178112
287.1425,-0.17812
287.1588,-0.17813
287.1761,-0.178138
287.1926,-0.178146
287.2096,-0.178154
287.2266,-0.178162
287.2426,-0.178172
287.2597,-0.178183
287.2768,-0.178194
287.2928,-0.178208
287.3102,-0.178221
287.3266,-0.178235
287.3432,-0.178247
287.3596,-0.178259
287.3765,-0.178269
287.3929,-0.178278
287.4091,-0.178289
287.4256,-0.178298
287.4433,-0.178309
287.4599,-0.17832
287.4759,-0.178333
287.4934,-0.178351
287.5095,-0.178367
287.5268,-0.178381
287.543,-0.178393
287.5595,-0.178404
287.5777,-0.178414
287.5934,-0.178425
287.6091,-0.178437
287.6265,-0.178447
287.6433,-0.178456
287.6597,-0.178468
287.677,-0.178484
287.693,-0.178501
287.7102,-0.178515
287.7268,-0.178529
287.7434,-0.178544
287.7601,-0.178559
287.7764,-0.178574
287.7929,-0.178588
287.8101,-0.178601
287.8271,-0.178614
287.8432,-0.178626
287.8599,-0.178639
287.8764,-0.178651
287.8937,-0.178664
287.9099,-0.178676
287.927,-0.17869
287.9431,-0.178704
287.9597,-0.178715
287.9764,-0.178727
287.9938,-0.178739
288.0104,-0.178749
288.0266,-0.178763
288.0424,-0.178776
288.0604,-0.178791
288.0767,-0.178803
288.0931,-0.178817
288.1099,-0.178828
288.1263,-0.17884
288.1433,-0.178852
288.1603,-0.178868
288.1769,-0.178883
288.1925,-0.178898
288.2106,-0.178911
288.2267,-0.178922
288.2434,-0.178932
288.2605,-0.178942
288.2767,-0.178952
288.2936,-0.178961
288.3101,-0.178972
288.3266,-0.178983
288.343,-0.178995
288.3599,-0.179008
288.3765,-0.179023
288.3934,-0.179039
288.4102,-0.179054
288.4269,-0.179067
288.4437,-0.17908
288.4602,-0.179093
288.4765,-0.179104
288.4937,-0.179113
288.5101,-0.179125
288.5267,-0.179139
288.5433,-0.179155
288.5596,-0.179167
288.5765,-0.179178
288.5941,-0.17919
288.6104,-0.179204
288.6269,-0.179218
288.6433,-0.179232
288.6604,-0.179244
288.6772,-0.179254
288.6936,-0.179264
288.7107,-0.179275
288.7269,-0.179287
288.7438,-0.179299
288.7608,-0.179309
288.7767,-0.17932
288.7942,-0.179332
288.8104,-0.179344
288.8267,-0.179358
288.844,-0.179371
288.8607,-0.179382
288.8766,-0.179393
288.8937,-0.179404
288.9112,-0.179415
288.9274,-0.179425
288.9444,-0.179437
288.9609,-0.179449
288.9775,-0.179459
288.994,-0.179472
289.0101,-0.179484
289.0267,-0.179498
289.0434,-0.179509
289.0611,-0.179523
289.0777,-0.179537
289.0941,-0.179551
289.1102,-0.179564
289.1271,-0.179576
289.1435,-0.179586
289.1606,-0.179597
289.1773,-0.179609
289.1938,-0.179622
289.2101,-0.179636
289.227,-0.17965
289.2437,-0.179664
289.2599,-0.179678
289.2771,-0.179693
289.2936,-0.179709
289.3101,-0.179723
289.3271,-0.179736
289.3439,-0.179748
289.3597,-0.17976
289.3769,-0.179772
289.3937,-0.179785
289.4106,-0.179799
289.4266,-0.179817
289.444,-0.179835
289.4598,-0.179852
289.4763,-0.17987
289.4937,-0.179887
289.5103,-0.179903
289.5268,-0.179918
289.5433,-0.179933
289.5599,-0.179946
289.5759,-0.179956
289.5933,-0.17997
289.6093,-0.179984
289.6265,-0.179996
289.6435,-0.180009
289.6591,-0.180025
289.6766,-0.180038
289.6932,-0.180053
289.7092,-0.180065
289.7262,-0.180077
289.7431,-0.18009
289.7603,-0.180102
289.7759,-0.180116
289.7925,-0.180131
289.8089,-0.180142
289.8265,-0.180152
289.8429,-0.180162
289.8596,-0.180173
289.8767,-0.180184
289.8924,-0.180195
289.9096,-0.180204
289.9257,-0.180212
289.943,-0.180222
289.9594,-0.180231
289.976,-0.180243
289.9925,-0.180254
290.0089,-0.180266
290.0264,-0.180279
290.0421,-0.18029
290.0592,-0.180302
290.076,-0.180311
290.0919,-0.18032
290.109,-0.180329
290.1255,-0.180339
290.1423,-0.180348
290.1588,-0.180358
290.1759,-0.180371
290.1925,-0.180383
290.2088,-0.180395
290.2251,-0.180407
290.2425,-0.180419
290.26,-0.180431
290.2759,-0.180441
290.2917,-0.180451
290.3089,-0.180461
290.3258,-0.180471
290.3428,-0.180482
290.3594,-0.180496
290.376,-0.18051
290.3926,-0.180526
290.4095,-0.18054
290.4258,-0.180552
290.443,-0.180564
290.4589,-0.180571
290.4758,-0.180579
290.4925,-0.180582
290.5096,-0.180587
290.5259,-0.18059
290.5421,-0.180594
290.5593,-0.180601
290.575,-0.18061
290.5923,-0.180619
290.6093,-0.180629
290.6259,-0.180637
290.6427,-0.180645
290.6594,-0.180656
290.6756,-0.180666
290.692,-0.180678
290.7091,-0.18069
290.7264,-0.180704
290.743,-0.180716
290.7599,-0.180728
290.7764,-0.18074
290.7932,-0.180748
290.8105,-0.180755
290.8262,-0.180762
290.8434,-0.180769
290.8588,-0.180778
290.8757,-0.180787
290.8933,-0.180795
290.9095,-0.180804
290.9267,-0.180814
290.9427,-0.180828
290.9596,-0.18084
290.9765,-0.18085
290.993,-0.18086
291.0105,-0.180872
291.0273,-0.180883
291.0435,-0.180892
291.0595,-0.180902
291.0762,-0.180912
291.0931,-0.18092
291.1096,-0.18093
291.1254,-0.180942
291.143,-0.180954
291.1594,-0.180969
291.1764,-0.180986
291.193,-0.181004
291.2097,-0.181021
291.2261,-0.181036
291.2433,-0.181051
291.2607,-0.181063
291.2766,-0.181075
291.2931,-0.181085
291.3099,-0.181097
291.3262,-0.181108
291.3434,-0.181123
291.3597,-0.181137
291.3763,-0.181152
291.3933,-0.181166
291.4098,-0.18118
291.4267,-0.181193
291.4434,-0.181205
291.4599,-0.181218
291.4762,-0.181232
291.4937,-0.181246
291.5107,-0.181261
291.5267,-0.181274
291.5437,-0.181288
291.5605,-0.1813
291.5767,-0.181309
291.5938,-0.18132
291.6099,-0.181329
291.6262,-0.181338
291.6435,-0.181348
291.66,-0.181364
291.6767,-0.18138
291.6935,-0.181395
291.7101,-0.181409
291.7277,-0.181423
291.7444,-0.181435
291.7609,-0.181445
291.7765,-0.181455
291.7935,-0.181467
291.8103,-0.181477
291.8268,-0.181487
291.8437,-0.181499
291.8604,-0.181514
291.8778,-0.181528
291.8936,-0.181541
291.9104,-0.181557
291.9271,-0.181574
291.9438,-0.18159
291.96,-0.181607
291.9769,-0.181626
291.9935,-0.181645
292.0105,-0.181664
292.0274,-0.181681
292.0439,-0.181697
292.0606,-0.181712
292.0776,-0.181723
292.0944,-0.181732
292.1097,-0.181742
292.1271,-0.181756
292.1434,-0.18177
292.1604,-0.181784
292.1769,-0.181797
292.1935,-0.181812
292.2102,-0.181827
292.2276,-0.181842
292.2439,-0.181855
292.2606,-0.181867
292.2769,-0.181879
292.2939,-0.181892
292.3111,-0.181905
292.3266,-0.181918
292.3433,-0.181933
292.3604,-0.181949
292.3772,-0.181963
292.3941,-0.181979
292.4104,-0.181997
292.4272,-0.182011
292.4438,-0.182025
292.4605,-0.182038
292.4771,-0.18205
292.4942,-0.182061
292.5101,-0.182073
292.5268,-0.182087
292.5429,-0.182098
292.5603,-0.182111
292.5766,-0.182127
292.5939,-0.182142
292.61,-0.182156
292.6271,-0.182172
292.6437,-0.182186
292.6606,-0.182201
292.6773,-0.182213
292.6944,-0.182224
292.7103,-0.182235
292.7275,-0.182248
292.7429,-0.18226
292.7595,-0.182271
292.7762,-0.18228
292.7932,-0.18229
292.8099,-0.182303
292.8271,-0.182317
292.843,-0.182329
292.8602,-0.182341
292.8765,-0.182354
292.8935,-0.182367
292.9099,-0.18238
292.9262,-0.182394
292.9433,-0.182406
292.9603,-0.182417
292.9762,-0.182428
292.9926,-0.182439
293.0102,-0.182454
293.026,-0.182469
293.0433,-0.182483
293.0603,-0.182496
293.0764,-0.182508
293.0943,-0.182517
293.1104,-0.182528
293.126,-0.182539
293.1433,-0.182548
293.1597,-0.182559
293.1761,-0.182571
293.1931,-0.182583
293.2098,-0.182595
293.2267,-0.182606
293.243,-0.182618
293.2604,-0.182629
293.2772,-0.182639
293.2932,-0.182651
293.31,-0.182662
293.327,-0.182675
293.3431,-0.182691
293.36,-0.182706
293.3779,-0.18272
293.3938,-0.182731
293.4101,-0.182742
293.4278,-0.182753
293.4438,-0.182762
293.4601,-0.182773
293.4764,-0.182788
293.4936,-0.182802
293.5106,-0.182814
293.5271,-0.18283
293.5429,-0.182845
293.5607,-0.182857
293.5771,-0.182869
293.5939,-0.182881
293.611,-0.182891
293.627,-0.182903
293.6434,-0.182915
293.6605,-0.182929
293.6769,-0.182942
293.693,-0.182955
293.7106,-0.182969
293.7278,-0.182981
293.7434,-0.18299
293.7601,-0.183
293.7767,-0.183009
293.7936,-0.18302
293.8104,-0.183033
293.827,-0.183047
293.844,-0.183061
293.8603,-0.183073
293.8774,-0.183087
293.8938,-0.183101
293.9103,-0.183115
293.9265,-0.183128
293.9427,-0.183143
293.9606,-0.183158
293.9772,-0.183174
293.9937,-0.183191
294.0102,-0.183208
294.0273,-0.183224
294.0436,-0.18324
294.0595,-0.183257
294.0765,-0.183276
294.093,-0.183295
294.1106,-0.183312
294.127,-0.183328
294.1438,-0.183345
294.1604,-0.18336
294.1775,-0.183374
294.194,-0.183388
294.2103,-0.183401
294.2268,-0.183411
294.2438,-0.183422
294.2605,-0.183434
294.2769,-0.183446
294.2932,-0.18346
294.3093,-0.183471
294.3265,-0.183483
294.3427,-0.183497
294.3595,-0.183512
294.3763,-0.183528
294.3922,-0.183543
294.4095,-0.183558
294.4272,-0.18357
294.4434,-0.183582
294.4599,-0.183596
294.476,-0.183611
294.4926,-0.183626
294.5095,-0.183641
294.5262,-0.183657
294.5436,-0.183673
294.5598,-0.183689
294.5765,-0.183704
294.5931,-0.183718
294.6095,-0.18373
294.6257,-0.183743
294.6424,-0.183755
294.6596,-0.183766
294.6762,-0.183778
294.6921,-0.183791
294.7097,-0.183801
294.7264,-0.183812
294.7433,-0.183823
294.7601,-0.183837
294.7758,-0.18385
294.7932,-0.183863
294.8094,-0.183876
294.8271,-0.183893
294.8424,-0.183908
294.86,-0.183922
294.8763,-0.183936
294.893,-0.18395
294.9095,-0.183961
294.9267,-0.183974
294.9427,-0.183985
294.9606,-0.183996
294.9763,-0.184006
294.9929,-0.184016
295.0094,-0.184026
295.0265,-0.184037
295.0422,-0.184049
295.0592,-0.184062
295.0756,-0.184076
295.0931,-0.184089
295.1095,-0.184101
295.1262,-0.184116
295.1427,-0.184127
295.1591,-0.184139
295.1755,-0.184151
295.1928,-0.184162
295.2092,-0.184175
295.2253,-0.184189
295.2433,-0.184204
295.2599,-0.184219
295.2757,-0.184234
295.2934,-0.184246
295.3095,-0.184256
295.3268,-0.184265
295.3427,-0.184275
295.3604,-0.184284
295.3759,-0.184295
295.3919,-0.184309
295.4103,-0.184321
295.427,-0.184335
295.4421,-0.184348
295.4597,-0.184362
295.4761,-0.184374
295.4934,-0.184386
295.5093,-0.184398
295.5257,-0.18441
295.5427,-0.184421
295.5592,-0.184432
295.5759,-0.184446
295.5934,-0.18446
295.6097,-0.184474
295.6265,-0.18449
295.6431,-0.184506
295.6602,-0.184522
295.676,-0.184537
295.6938,-0.184552
295.71,-0.184568
295.7268,-0.184585
295.7433,-0.184601
295.7602,-0.184615
295.7772,-0.184627
295.7932,-0.184642
295.8106,-0.184655
295.8267,-0.184667
295.8435,-0.184678
295.86,-0.18469
295.8776,-0.184704
295.8928,-0.184716
295.9097,-0.18473
295.927,-0.184742
295.9435,-0.184752
295.9601,-0.184763
295.9756,-0.184776
295.9934,-0.184789
296.0094,-0.184803
296.0264,-0.184819
296.0434,-0.184837
296.0601,-0.184856
296.0771,-0.184875
296.093,-0.184893
296.1109,-0.184912
296.1272,-0.184931
296.1437,-0.184947
296.1606,-0.184963
296.1761,-0.184981
296.1936,-0.184996
296.2102,-0.185011
296.2263,-0.185024
296.2437,-0.185038
296.261,-0.185051
296.2766,-0.18506
296.2935,-0.185074
296.3097,-0.185088
296.3269,-0.185102
296.3441,-0.185115
296.3606,-0.18513
296.3776,-0.185144
296.3942,-0.185159
296.4105,-0.185175
296.4272,-0.185193
296.444,-0.18521
296.4605,-0.185226
296.4772,-0.185242
296.4939,-0.18526
296.5108,-0.185278
296.5274,-0.185296
296.5437,-0.185315
296.5602,-0.185333
296.5777,-0.185348
296.5946,-0.185363
296.6106,-0.185378
296.6271,-0.185394
296.643,-0.185408
296.6603,-0.185423
296.6769,-0.185437
296.6939,-0.185451
296.7108,-0.185469
296.7274,-0.185489
296.744,-0.18551
296.7606,-0.185529
296.7778,-0.185547
296.7944,-0.185567
296.8109,-0.185587
296.8272,-0.185606
296.8434,-0.185625
296.8607,-0.185642
296.8773,-0.185659
296.8941,-0.185676
296.9113,-0.185695
296.9272,-0.185714
296.9445,-0.185733
296.9607,-0.18575
296.9781,-0.185768
296.994,-0.185785
297.0106,-0.185801
297.0282,-0.185818
297.0443,-0.185834
297.0612,-0.185849
297.0771,-0.185864
297.0942,-0.185879
297.1118,-0.185895
297.1274,-0.185913
297.144,-0.185929
297.1604,-0.185948
297.1773,-0.185965
297.194,-0.185982
297.2115,-0.186001
297.2273,-0.18602
297.2442,-0.186036
297.2607,-0.186051
297.2779,-0.186067
297.2946,-0.186083
297.3113,-0.1861
297.328,-0.186112
297.3442,-0.186127
297.3621,-0.186143
297.3776,-0.186157
297.3939,-0.186173
297.4114,-0.186189
297.429,-0.186208
297.4449,-0.186226
297.4617,-0.186248
297.4781,-0.186268
297.4952,-0.186285
297.5115,-0.1863
297.5281,-0.186314
297.5445,-0.186328
297.5616,-0.186342
297.5775,-0.186356
297.5952,-0.18637
297.6115,-0.186386
297.6289,-0.186403
297.6453,-0.186421
297.6616,-0.186439
297.6783,-0.186457
297.6951,-0.186476
297.7116,-0.186493
297.7282,-0.186511
297.7456,-0.18653
297.7616,-0.186545
297.7787,-0.186561
297.7951,-0.186576
297.8115,-0.18659
297.8278,-0.186606
297.8452,-0.186624
297.8617,-0.18664
297.8782,-0.186659
297.8952,-0.186678
297.9114,-0.186698
297.9286,-0.186718
297.9451,-0.186739
297.9619,-0.186759
297.979,-0.186775
297.9953,-0.186792
298.0125,-0.186809
298.0289,-0.186826
298.0456,-0.186842
298.0623,-0.186857
298.0791,-0.186873
298.0968,-0.18689
298.1123,-0.186908
298.1287,-0.186925
298.1458,-0.186943
298.1622,-0.186962
298.1789,-0.18698
298.1962,-0.187002
298.213,-0.187023
298.2295,-0.187045
298.2461,-0.187065
298.2631,-0.187086
298.2799,-0.187106
298.2959,-0.187126
298.3128,-0.187147
298.3293,-0.187166
298.3457,-0.187184
298.3628,-0.187202
298.3798,-0.187221
298.3964,-0.187239
298.4125,-0.18726
298.4297,-0.18728
298.4462,-0.1873
298.4627,-0.18732
298.4791,-0.187339
298.496,-0.187358
298.5128,-0.187376
298.5289,-0.187394
298.5461,-0.187411
298.5626,-0.187429
298.5797,-0.187447
298.5956,-0.187466
298.6131,-0.187485
298.6292,-0.187508
298.6453,-0.187529
298.6623,-0.187551
298.6796,-0.187573
298.696,-0.187595
298.7127,-0.187617
298.7295,-0.187636
298.7464,-0.187654
298.7621,-0.18767
298.7785,-0.187686
298.795,-0.187705
298.8127,-0.187724
298.8293,-0.187743
298.8455,-0.187761
298.8623,-0.187781
298.8796,-0.1878
298.895,-0.18782
298.9122,-0.187838
298.9286,-0.187857
298.9457,-0.187875
298.9626,-0.187893
298.9789,-0.18791
298.9955,-0.187928
299.0122,-0.187947
299.0293,-0.187964
299.045,-0.187983
299.0618,-0.188001
299.0785,-0.188021
299.0953,-0.188041
299.1124,-0.188059
299.1281,-0.18808
299.146,-0.188102
299.1622,-0.188121
299.1786,-0.188144
299.1951,-0.188164
299.2117,-0.188185
299.2286,-0.188203
299.2456,-0.18822
299.2624,-0.188237
299.2788,-0.188253
299.2949,-0.188269
299.3116,-0.188285
299.3284,-0.188298
299.3457,-0.188314
299.3616,-0.18833
299.378,-0.188347
299.3949,-0.188363
299.4112,-0.188382
299.4285,-0.188398
299.445,-0.188418
299.4621,-0.188435
299.4785,-0.188452
299.4948,-0.188468
299.5112,-0.188483
299.5286,-0.188501
299.5451,-0.188519
299.5618,-0.18854
299.5785,-0.188559
299.595,-0.188575
299.6114,-0.188589
299.6281,-0.188603
299.6449,-0.188617
299.6615,-0.188632
299.6778,-0.188647
299.6948,-0.188662
299.7117,-0.188679
299.7275,-0.188698
299.7444,-0.188718
299.7621,-0.188738
299.778,-0.188758
299.7954,-0.188776
299.8117,-0.188793
299.8278,-0.188809
299.8442,-0.188824
299.8617,-0.18884
299.8772,-0.188854
299.8939,-0.188871
299.9114,-0.188887
299.9274,-0.188904
299.9442,-0.188918
299.9613,-0.188934
299.9788,-0.18895
299.9948,-0.188967
300.012,-0.188986
300.0278,-0.189002
300.0447,-0.189018
300.0616,-0.189032
300.0779,-0.189048
300.0953,-0.189066
300.1114,-0.189085
300.1281,-0.189103
300.1447,-0.189117
300.162,-0.189129
300.1781,-0.189142
300.1953,-0.189157
300.2116,-0.189173
300.2281,-0.189188
300.2446,-0.1892
300.2613,-0.189215
300.2781,-0.189233
300.2948,-0.189251
300.3116,-0.189268
300.3286,-0.189283
300.3454,-0.189297
300.3613,-0.18931
300.3784,-0.189324
300.3943,-0.189343
300.4105,-0.18936
300.4281,-0.189375
300.4449,-0.189392
300.4617,-0.189408
300.4784,-0.189425
300.4951,-0.189443
300.5113,-0.189461
300.5287,-0.189479
300.5449,-0.189496
300.5618,-0.189513
300.5778,-0.189529
300.5952,-0.189545
300.6111,-0.189561
300.6278,-0.189579
300.645,-0.189594
300.6609,-0.18961
300.6779,-0.189626
300.6942,-0.189642
300.7114,-0.189657
300.7273,-0.189674
300.7451,-0.189692
300.7612,-0.189708
300.7773,-0.189725
300.7945,-0.18974
300.811,-0.189756
300.8276,-0.189771
300.8444,-0.189786
300.8612,-0.189805
300.8782,-0.189821
300.8945,-0.189838
300.9109,-0.189855
300.9281,-0.189874
300.945,-0.189892
300.9611,-0.18991
300.9775,-0.189928
300.9936,-0.189948
301.0112,-0.189966
301.0271,-0.189981
301.0438,-0.189998
301.0602,-0.190016
301.0777,-0.190034
301.0941,-0.190052
301.1111,-0.190071
301.1278,-0.190088
301.1438,-0.190105
301.1615,-0.190124
301.1776,-0.190142
301.1944,-0.190159
301.2107,-0.190175
301.2276,-0.190193
301.2446,-0.190209
301.261,-0.190226
301.2783,-0.190244
301.2948,-0.190263
301.3111,-0.190281
301.3281,-0.190301
301.345,-0.19032
301.3614,-0.19034
301.3784,-0.190362
301.395,-0.190384
301.4111,-0.190403
301.4277,-0.190421
301.4451,-0.19044
301.4614,-0.190459
301.4779,-0.190474
301.4949,-0.19049
301.5116,-0.190505
301.5275,-0.190519
301.5453,-0.190535
301.5616,-0.190552
301.5784,-0.190568
301.5949,-0.190582
301.6118,-0.190598
301.6291,-0.190615
301.6451,-0.190632
301.6613,-0.19065
301.6785,-0.190671
301.6953,-0.190692
301.7114,-0.190713
301.7284,-0.190733
301.7449,-0.190752
301.7617,-0.190771
301.7787,-0.190787
301.7946,-0.190806
301.8113,-0.190825
301.8276,-0.190844
301.8448,-0.190862
301.8623,-0.190881
301.8785,-0.190902
301.8947,-0.190923
301.9119,-0.190941
301.9276,-0.190961
301.9453,-0.190981
301.9621,-0.191002
301.9776,-0.191024
301.9945,-0.191045
302.0122,-0.191066
302.0278,-0.191088
302.0446,-0.191109
302.0617,-0.191131
302.0782,-0.191151
302.0948,-0.191169
302.1115,-0.191189
302.1279,-0.191212
302.1448,-0.191237
302.1607,-0.191262
302.1777,-0.191286
302.1944,-0.191311
302.2115,-0.191333
302.2282,-0.191356
302.244,-0.191377
302.2611,-0.191396
302.278,-0.191415
302.2942,-0.191433
302.3106,-0.191453
302.3275,-0.191475
302.3444,-0.191499
302.3604,-0.191525
302.378,-0.191553
302.3947,-0.191577
302.4107,-0.191599
302.4284,-0.191619
302.4446,-0.191639
302.4611,-0.191656
302.478,-0.191676
302.494,-0.191698
302.5105,-0.191721
302.527,-0.191743
302.5443,-0.191767
302.5609,-0.19179
302.5771,-0.191811
302.5936,-0.191831
302.6105,-0.191853
302.6276,-0.191874
302.6439,-0.191896
302.6608,-0.191918
302.6771,-0.191938
302.6945,-0.191958
302.7107,-0.191979
302.7268,-0.191998
302.7439,-0.192015
302.7603,-0.192032
302.7765,-0.19205
302.7942,-0.192068
302.81,-0.192084
302.8266,-0.192099
302.8432,-0.192117
302.8604,-0.192137
302.8772,-0.192153
302.8933,-0.192171
302.9101,-0.192189
302.9274,-0.192206
302.9439,-0.192223
302.9599,-0.192241
302.9765,-0.19226
302.9932,-0.192277
303.0104,-0.192295
303.0273,-0.192314
303.0435,-0.192335
303.0601,-0.192353
303.0768,-0.192371
303.0931,-0.19239
303.1107,-0.192407
303.1269,-0.192425
303.1441,-0.192445
303.161,-0.192461
303.1768,-0.192477
303.1937,-0.192492
303.2112,-0.192509
303.2276,-0.192525
303.2437,-0.192537
303.2605,-0.192552
303.2766,-0.192568
303.2933,-0.192582
303.3092,-0.192599
303.3267,-0.192614
303.3435,-0.192629
303.3604,-0.192643
303.377,-0.192656
303.3944,-0.192668
303.4101,-0.19268
303.4267,-0.192696
303.4434,-0.19271
303.4597,-0.192725
303.4767,-0.192743
303.4936,-0.192765
303.5107,-0.192785
303.5264,-0.192807
303.5429,-0.19283
303.5597,-0.192849
303.5775,-0.192867
303.5943,-0.192883
303.6096,-0.192902
303.6266,-0.19292
303.6429,-0.192937
303.6599,-0.192953
303.6768,-0.192972
303.6939,-0.192992
303.7104,-0.193012
303.7271,-0.193032
303.7435,-0.193051
303.7604,-0.193069
303.7774,-0.193084
303.7935,-0.193098
303.8105,-0.193116
303.8267,-0.193134
303.8431,-0.193155
303.8604,-0.193178
303.8767,-0.193202
303.8942,-0.193223
303.9106,-0.193239
303.9273,-0.193256
303.9441,-0.193271
303.96,-0.193286
303.9778,-0.1933
303.9933,-0.193314
304.0105,-0.193332
304.0277,-0.193349
304.0439,-0.193367
304.0598,-0.193386
304.0774,-0.193405
304.0945,-0.193423
304.1108,-0.193441
304.127,-0.19346
304.1442,-0.193479
304.1608,-0.193499
304.1774,-0.193518
304.1941,-0.193536
304.2115,-0.193554
304.2279,-0.193569
304.2444,-0.193585
304.2614,-0.193604
304.2774,-0.193624
304.2947,-0.193641
304.3113,-0.193659
304.3282,-0.193677
304.3445,-0.193696
304.3621,-0.193716
304.3777,-0.193734
304.3949,-0.193751
304.4119,-0.193769
304.4282,-0.193789
304.4449,-0.193807
304.4614,-0.193826
304.4792,-0.193846
304.4961,-0.193866
304.5117,-0.193887
304.5281,-0.193907
304.5449,-0.193926
304.5621,-0.193946
304.5786,-0.193965
304.5946,-0.193986
304.6117,-0.194007
304.6279,-0.194028
304.645,-0.194048
304.6622,-0.194066
304.6788,-0.194089
304.6951,-0.194109
304.7114,-0.194131
304.7286,-0.194154
304.7449,-0.194178
304.7624,-0.194202
304.7783,-0.194225
304.7952,-0.194249
304.812,-0.194271
304.8279,-0.194294
304.8457,-0.194317
304.8615,-0.19434
304.8779,-0.194361
304.895,-0.194384
304.912,-0.194408
304.9288,-0.194432
304.9445,-0.194456
304.9615,-0.19448
304.9787,-0.194501
304.995,-0.194524
305.0118,-0.194546
305.029,-0.194571
305.0452,-0.194594
305.062,-0.194614
305.0784,-0.194633
305.0949,-0.194653
305.1122,-0.19467
305.128,-0.194691
305.1444,-0.194712
305.161,-0.194735
305.1777,-0.194759
305.1942,-0.194784
305.2114,-0.19481
305.2284,-0.194845
305.2446,-0.194871
305.2618,-0.194897
305.2787,-0.194919
305.2945,-0.194938
305.3115,-0.194957
305.3277,-0.194978
305.3451,-0.194997
305.3615,-0.195015
305.3778,-0.195035
305.3943,-0.195057
305.4112,-0.195077
305.4269,-0.195101
305.4446,-0.195122
305.4608,-0.195145
305.4778,-0.195168
305.4941,-0.195191
305.5119,-0.195215
305.5275,-0.195238
305.5439,-0.19526
305.5614,-0.195282
305.5777,-0.195304
305.5946,-0.195326
305.6112,-0.195348
305.628,-0.195367
305.6437,-0.195388
305.6608,-0.195408
305.678,-0.195428
305.6943,-0.195448
305.7111,-0.19547
305.728,-0.19549
305.7444,-0.195508
305.7615,-0.195526
305.7776,-0.195546
305.7946,-0.195567
305.8106,-0.195587
305.8278,-0.195607
305.845,-0.195629
305.8612,-0.195651
305.878,-0.195671
305.8943,-0.195689
305.9104,-0.195707
305.9279,-0.195724
305.9446,-0.195741
305.9608,-0.195757
305.9771,-0.195774
305.9947,-0.195791
306.0114,-0.195806
306.0281,-0.195821
306.0431,-0.195836
306.0611,-0.195853
306.0776,-0.195869
306.0943,-0.195887
306.1111,-0.195907
306.1272,-0.195928
306.1445,-0.195948
306.1609,-0.195966
306.1784,-0.195986
306.1952,-0.196005
306.2109,-0.196023
306.2283,-0.196037
306.2444,-0.196053
306.2617,-0.196066
306.2782,-0.196079
306.2945,-0.19609
306.3113,-0.196103
306.3277,-0.196117
306.3437,-0.196133
306.3611,-0.19615
306.3784,-0.196166
306.3947,-0.196183
306.4106,-0.196201
306.4279,-0.19622
306.4447,-0.196239
306.4612,-0.196255
306.4779,-0.196274
306.4953,-0.196289
306.5109,-0.196303
306.5281,-0.196317
306.5445,-0.196332
306.5617,-0.196347
306.5781,-0.196363
306.5949,-0.19638
306.6114,-0.196397
306.6286,-0.196414
306.645,-0.196429
306.6617,-0.196446
306.6778,-0.196464
306.6945,-0.196481
306.7113,-0.1965
306.7277,-0.196519
306.7453,-0.196536
306.7613,-0.196555
306.7778,-0.196574
306.7952,-0.196591
306.8114,-0.19661
306.828,-0.196627
306.8444,-0.196644
306.8609,-0.196662
306.878,-0.19668
306.8947,-0.196699
306.9117,-0.196716
306.9284,-0.196732
306.9453,-0.196748
306.9622,-0.196765
306.9784,-0.19678
306.9953,-0.196795
307.0118,-0.196812
307.0282,-0.196828
307.0449,-0.196846
307.061,-0.196866
307.0789,-0.196887
307.0955,-0.196906
307.1121,-0.196926
307.1287,-0.196944
307.1456,-0.196963
307.1617,-0.196982
307.1787,-0.197001
307.1956,-0.197019
307.2117,-0.197035
307.229,-0.197049
307.2455,-0.197063
307.2623,-0.197078
307.2798,-0.197095
307.2949,-0.197113
307.312,-0.197127
307.329,-0.197141
307.3456,-0.197154
307.3618,-0.197167
307.3785,-0.197183
307.3951,-0.1972
307.4117,-0.197217
307.429,-0.197234
307.4453,-0.197253
307.4617,-0.197275
307.4787,-0.197295
307.4951,-0.197315
307.5119,-0.197334
307.5289,-0.197353
307.5458,-0.19737
307.5624,-0.197387
307.5789,-0.197404
307.5959,-0.19742
307.6119,-0.197439
307.6291,-0.197458
307.6451,-0.197478
307.6623,-0.197496
307.679,-0.197513
307.6959,-0.19753
307.7128,-0.197547
307.7284,-0.197564
307.7454,-0.19758
307.7621,-0.197598
307.7786,-0.197615
307.7954,-0.197633
307.8126,-0.197651
307.829,-0.197667
307.8456,-0.197683
307.8622,-0.197701
307.8789,-0.197718
307.8957,-0.197734
307.9118,-0.197753
307.9288,-0.197774
307.9454,-0.197794
307.9619,-0.197815
307.9785,-0.197836
307.996,-0.197855
308.0121,-0.197873
308.0292,-0.197891
308.0459,-0.197906
308.0623,-0.197922
308.0788,-0.197935
308.096,-0.197949
308.1126,-0.197964
308.1289,-0.197978
308.1456,-0.197994
308.1623,-0.19801
308.1795,-0.198029
308.1961,-0.198047
308.2121,-0.198066
308.2288,-0.198084
308.2459,-0.198102
308.2628,-0.198118
308.2792,-0.198136
308.2957,-0.198154
308.313,-0.198173
308.3292,-0.198193
308.3458,-0.198212
308.3627,-0.198231
308.3795,-0.198246
308.3958,-0.19826
308.412,-0.198274
308.429,-0.198287
308.4461,-0.198301
308.462,-0.198315
308.4795,-0.198332
308.4971,-0.198347
308.5122,-0.198361
308.5292,-0.198378
308.546,-0.198394
308.5621,-0.19841
308.5786,-0.198426
308.5956,-0.198443
308.6134,-0.198459
308.6294,-0.198476
308.6464,-0.198491
308.6622,-0.198506
308.6797,-0.198519
308.6961,-0.198532
308.7128,-0.198545
308.7286,-0.198561
308.7453,-0.198575
308.7629,-0.198589
308.7799,-0.198602
308.7963,-0.198614
308.8132,-0.198626
308.8293,-0.19864
308.8459,-0.198652
308.8627,-0.198664
308.8792,-0.198676
308.8956,-0.198689
308.9132,-0.198704
308.9295,-0.198719
308.9459,-0.198736
308.962,-0.198754
308.9787,-0.198772
308.9954,-0.198788
309.0127,-0.198803
309.0296,-0.198819
309.0466,-0.198837
309.0626,-0.198853
309.0786,-0.198866
309.0962,-0.19888
309.1129,-0.19889
309.1298,-0.198902
309.1455,-0.198914
309.1623,-0.198925
309.1797,-0.198936
309.1953,-0.198946
309.2124,-0.198956
309.2289,-0.198967
309.2459,-0.198977
309.2626,-0.198989
309.2791,-0.199003
309.2955,-0.199014
309.3114,-0.199027
309.3284,-0.199039
309.346,-0.199049
309.3624,-0.199061
309.3793,-0.199073
309.3965,-0.199085
309.4126,-0.199096
309.4294,-0.199106
309.4458,-0.199116
309.4624,-0.199127
309.4793,-0.199137
309.4963,-0.199145
309.5124,-0.199155
309.5293,-0.199165
309.546,-0.199179
309.5619,-0.19919
309.5791,-0.199202
309.5963,-0.199213
309.6128,-0.199223
309.6293,-0.199235
309.6457,-0.199245
309.6624,-0.199256
309.6794,-0.199266
309.6959,-0.199274
309.7123,-0.199285
309.7293,-0.199294
309.7458,-0.199305
309.7635,-0.199314
309.7794,-0.199323
309.7962,-0.199332
309.8117,-0.199341
309.8299,-0.199349
309.8467,-0.199356
309.8627,-0.199363
309.8789,-0.199371
309.8958,-0.19938
309.9122,-0.199388
309.9296,-0.199398
309.946,-0.199409
309.9624,-0.199419
309.9796,-0.199431
309.9964,-0.199442
310.0126,-0.199453
310.0291,-0.199463
310.0456,-0.199472
310.0628,-0.199482
310.0794,-0.199494
310.0968,-0.199507
310.1129,-0.199521
310.13,-0.199535
310.1459,-0.199547
310.1628,-0.199561
310.1797,-0.199573
310.1968,-0.199587
310.2122,-0.199598
310.2288,-0.199607
310.2455,-0.199615
310.2628,-0.199623
310.2795,-0.199633
310.295,-0.199643
310.3123,-0.199652
310.3288,-0.199661
310.3463,-0.199671
310.3623,-0.199683
310.3795,-0.199696
310.3953,-0.199705
310.4128,-0.199716
310.4296,-0.199727
310.4464,-0.199738
310.4618,-0.199748
310.4785,-0.199759
310.4953,-0.199767
310.5124,-0.19978
310.5298,-0.19979
310.5466,-0.199802
310.5628,-0.199814
310.5789,-0.199825
310.5969,-0.199835
310.6128,-0.199845
310.6296,-0.199857
310.6465,-0.199866
310.6626,-0.199875
310.6794,-0.199883
310.6963,-0.199891
310.7129,-0.199897
310.7292,-0.199901
310.7462,-0.199908
310.7625,-0.199916
310.78,-0.199924
310.7963,-0.199934
310.8124,-0.199946
310.8298,-0.199958
310.8465,-0.199971
310.8626,-0.199984
310.8798,-0.199998
310.8968,-0.200011
310.913,-0.200025
310.9299,-0.200036
310.9469,-0.200047
310.9637,-0.200057
310.9799,-0.200066
310.9966,-0.200075
311.0126,-0.200083
311.0302,-0.200091
311.0461,-0.200102
311.063,-0.200113
311.0793,-0.200126
311.0967,-0.200138
311.1138,-0.200149
311.1304,-0.200161
311.1461,-0.200169
311.1617,-0.200179
311.1797,-0.200189
311.1965,-0.2002
311.2125,-0.200212
311.2295,-0.200225
311.2464,-0.20024
311.2634,-0.200251
311.2797,-0.200261
311.2961,-0.200271
311.3137,-0.200281
311.329,-0.200288
311.3466,-0.200295
311.3631,-0.200304
311.3793,-0.200314
311.3966,-0.200324
311.4134,-0.200333
311.4294,-0.20034
311.446,-0.200349
311.4626,-0.200358
311.48,-0.200367
311.4957,-0.200379
311.5121,-0.20039
311.5298,-0.200402
311.5459,-0.200415
311.5623,-0.200426
311.58,-0.200438
311.5961,-0.200449
311.613,-0.200458
311.6296,-0.200469
311.6465,-0.20048
311.6628,-0.200491
311.6794,-0.200503
311.696,-0.200515
311.7125,-0.200527
311.7296,-0.200541
311.7467,-0.200552
311.7638,-0.200563
311.78,-0.200573
311.7967,-0.200579
311.8134,-0.200586
311.8303,-0.200593
311.8465,-0.2006
311.8633,-0.200608
311.8794,-0.200617
311.8965,-0.200629
311.9127,-0.20064
311.9301,-0.200651
311.9478,-0.200663
311.9631,-0.200676
311.9799,-0.200688
311.9962,-0.200698
312.0136,-0.200707
312.03,-0.200713
312.0462,-0.200721
312.0631,-0.200727
312.0801,-0.200733
312.0971,-0.200737
312.1134,-0.200743
312.1299,-0.200748
312.1467,-0.200754
312.1634,-0.20076
312.1797,-0.200768
312.197,-0.20078
312.2137,-0.20079
312.23,-0.200799
312.2464,-0.200807
312.2641,-0.200818
312.2799,-0.200829
312.2967,-0.200838
312.3135,-0.200846
312.3298,-0.200854
312.347,-0.200862
312.364,-0.200872
312.3802,-0.200881
312.3967,-0.20089
312.4134,-0.200895
312.4308,-0.2009
312.4469,-0.200908
312.4636,-0.200916
312.4803,-0.200925
312.4971,-0.200934
312.5131,-0.200943
312.5308,-0.200954
312.5469,-0.200962
312.5637,-0.200971
312.5794,-0.200977
312.5972,-0.20098
312.6143,-0.200981
312.6309,-0.200982
312.6469,-0.200983
312.6638,-0.200987
312.68,-0.200989
312.6977,-0.200995
312.713,-0.201005
312.731,-0.201017
312.7472,-0.201031
312.7639,-0.201043
312.7805,-0.201052
312.797,-0.201063
312.8137,-0.201072
312.8305,-0.201081
312.8468,-0.201092
312.8636,-0.201104
312.8807,-0.201116
312.8967,-0.201126
312.9143,-0.201136
312.9308,-0.201144
312.9478,-0.201151
312.9638,-0.201158
312.9809,-0.201164
312.9973,-0.20117
313.0141,-0.201176
313.0311,-0.201185
313.0481,-0.201197
313.0636,-0.201208
313.0806,-0.201219
313.0985,-0.20123
313.1138,-0.201239
313.131,-0.201247
313.1481,-0.201258
313.1638,-0.201266
313.1808,-0.201271
313.1967,-0.201278
313.214,-0.201288
313.2314,-0.201298
313.2475,-0.201308
313.264,-0.201318
313.2805,-0.201325
313.2974,-0.201333
313.3135,-0.201344
313.3311,-0.201356
313.3477,-0.201368
313.3637,-0.201379
313.3805,-0.201391
313.398,-0.2014
313.4137,-0.201408
313.4305,-0.201417
313.447,-0.201424
313.4638,-0.201432
313.4798,-0.201441
313.497,-0.201451
313.5143,-0.201461
313.5302,-0.201472
313.5474,-0.201483
313.564,-0.201495
313.5809,-0.201506
313.5975,-0.201517
313.6142,-0.201523
313.6304,-0.201528
313.6476,-0.201534
313.6637,-0.20154
313.681,-0.201548
313.6966,-0.201557
313.7137,-0.201566
313.7308,-0.201576
313.7477,-0.201588
313.7643,-0.201601
313.7812,-0.201617
313.7975,-0.201629
313.814,-0.201641
313.831,-0.201651
313.8474,-0.20166
313.8642,-0.20167
313.881,-0.20168
313.8973,-0.20169
313.9137,-0.201699
313.9308,-0.201707
313.9481,-0.201716
313.964,-0.201726
313.9806,-0.20174
313.9973,-0.201753
314.0139,-0.201765
314.0308,-0.201776
314.0473,-0.201786
314.0645,-0.201795
314.0805,-0.201805
314.0976,-0.201815
314.1146,-0.201828
314.1309,-0.201839
314.1466,-0.201852
314.1643,-0.201864
314.181,-0.201875
314.1974,-0.201888
314.213,-0.201901
314.2305,-0.20191
314.2465,-0.201919
314.2639,-0.201925
314.2803,-0.201933
314.2968,-0.201943
314.3134,-0.201951
314.3296,-0.201961
314.347,-0.201973
314.3636,-0.201985
314.3803,-0.202001
314.3966,-0.202016
314.4132,-0.202032
314.4303,-0.202048
314.4468,-0.202064
314.4641,-0.202077
314.48,-0.20209
314.4972,-0.202102
314.514,-0.202113
314.5308,-0.202123
314.5465,-0.202133
314.5637,-0.202143
314.5803,-0.202152
314.597,-0.202161
314.6136,-0.202172
314.6302,-0.202183
314.6464,-0.202191
314.6632,-0.2022
314.6801,-0.202209
314.6967,-0.202217
314.7129,-0.202225
314.7292,-0.202235
314.746,-0.202245
314.7628,-0.202256
314.7801,-0.202265
314.7967,-0.202275
314.8132,-0.202285
314.8298,-0.202296
314.8465,-0.202308
314.8633,-0.202319
314.8793,-0.202331
314.8969,-0.202343
314.9135,-0.202356
314.93,-0.202368
314.9464,-0.202382
314.9635,-0.202396
314.9799,-0.202408
314.9963,-0.20242
315.0134,-0.20243
315.0303,-0.202441
315.0468,-0.202453
315.0631,-0.202467
315.08,-0.202476
315.0961,-0.202487
315.1136,-0.202497
315.1302,-0.202509
315.147,-0.20252
315.163,-0.202527
315.18,-0.202536
315.1964,-0.202545
315.2137,-0.202556
315.2298,-0.202569
315.2467,-0.202582
315.2633,-0.202595
315.2795,-0.202607
315.2958,-0.20262
315.3132,-0.202633
315.3301,-0.202645
315.3457,-0.202657
315.3628,-0.202672
315.38,-0.202688
315.3955,-0.202702
315.413,-0.202718
315.4302,-0.202733
315.4465,-0.202748
315.4629,-0.202762
315.4803,-0.202776
315.4962,-0.202793
315.5133,-0.202809
315.5302,-0.202823
315.5458,-0.202838
315.5631,-0.202852
315.58,-0.202865
315.5962,-0.202879
315.6134,-0.202894
315.6293,-0.202908
315.6461,-0.202922
315.6631,-0.202936
315.6798,-0.202951
315.696,-0.202967
315.713,-0.20298
315.7295,-0.202996
315.7458,-0.20301
315.7631,-0.203025
315.7799,-0.203041
315.7963,-0.203058
315.8129,-0.203074
315.8293,-0.20309
315.8461,-0.203106
315.8625,-0.203126
315.8795,-0.203145
315.8964,-0.203163
315.913,-0.203179
315.9302,-0.203195
315.9463,-0.203209
315.9626,-0.203224
315.9788,-0.203242
315.9963,-0.20326
316.0134,-0.203275
316.029,-0.203292
316.0464,-0.203307
316.0635,-0.203325
316.0794,-0.203342
316.0967,-0.203358
316.1128,-0.203375
316.129,-0.203392
316.1457,-0.203409
316.1622,-0.203425
316.179,-0.203442
316.1962,-0.203462
316.213,-0.203482
316.2295,-0.203501
316.2462,-0.203519
316.2627,-0.203538
316.2794,-0.203555
316.2961,-0.203573
316.3123,-0.20359
316.3289,-0.203608
316.346,-0.203624
316.3625,-0.20364
316.3794,-0.203659
316.396,-0.203676
316.4122,-0.203692
316.4292,-0.203706
316.4461,-0.203722
316.4622,-0.20374
316.479,-0.203759
316.4951,-0.203779
316.512,-0.203799
316.5291,-0.20382
316.5449,-0.20384
316.5624,-0.203859
316.5802,-0.203877
316.5961,-0.203894
316.613,-0.203909
316.629,-0.203928
316.6461,-0.203945
316.6624,-0.203961
316.6789,-0.20398
316.6958,-0.203999
316.7123,-0.20402
316.729,-0.204041
316.7458,-0.204061
316.7627,-0.204082
316.7792,-0.204101
316.7961,-0.204118
316.8126,-0.204136
316.8296,-0.204153
316.846,-0.20417
316.8626,-0.204187
316.8788,-0.204204
316.8958,-0.204222
316.9126,-0.204239
316.9295,-0.204259
316.9457,-0.204277
316.9627,-0.204297
316.9798,-0.204314
316.9962,-0.204327
317.0118,-0.204343
317.0292,-0.204362
317.0459,-0.204382
317.0624,-0.204403
317.0794,-0.204425
317.0964,-0.204444
317.1132,-0.204464
317.1297,-0.204484
317.1458,-0.204506
317.1624,-0.204527
317.1797,-0.204548
317.1958,-0.204568
317.2133,-0.204592
317.2302,-0.204614
317.2463,-0.204636
317.2623,-0.204658
317.2795,-0.204678
317.2967,-0.204696
317.3129,-0.204715
317.3298,-0.204735
317.3467,-0.204754
317.3631,-0.204774
317.3794,-0.204794
317.3954,-0.204814
317.4133,-0.204834
317.4295,-0.204856
317.4461,-0.204877
317.4628,-0.2049
317.4795,-0.204924
317.4968,-0.20495
317.5132,-0.204988
317.5296,-0.205031
317.5466,-0.205062
317.5627,-0.20509
317.5803,-0.205116
317.5966,-0.205139
317.6129,-0.205162
317.63,-0.20518
317.6472,-0.2052
317.6633,-0.205218
317.6797,-0.205239
317.696,-0.205263
317.7128,-0.205289
317.7303,-0.205316
317.7466,-0.205368
317.7632,-0.20542
317.7798,-0.20547
317.7964,-0.205516
317.8132,-0.205544
317.83,-0.205571
317.847,-0.205607
317.8636,-0.205632
317.8795,-0.205657
317.8963,-0.205681
317.914,-0.205704
317.9301,-0.205726
317.9465,-0.205749
317.9632,-0.205774
317.9794,-0.2058
317.9959,-0.205827
318.0132,-0.205856
318.0296,-0.205885
318.0463,-0.205929
318.0636,-0.205959
318.0801,-0.206006
318.0972,-0.206036
318.1133,-0.206073
318.13,-0.206115
318.1466,-0.206148
318.1635,-0.206178
318.1805,-0.206207
318.1971,-0.206237
318.2137,-0.206265
318.2303,-0.206293
318.2476,-0.206321
318.2638,-0.206347
318.2801,-0.206373
318.2965,-0.206397
318.3141,-0.206423
318.3308,-0.206451
318.3463,-0.206482
318.3633,-0.206512
318.3796,-0.206546
318.396,-0.206589
318.4134,-0.206624
318.4309,-0.206657
318.4464,-0.206688
318.4634,-0.20672
318.4805,-0.20675
318.496,-0.206777
318.5128,-0.206803
318.5302,-0.206832
318.5468,-0.206858
318.5631,-0.206887
318.5801,-0.206915
318.5967,-0.20694
318.6138,-0.206969
318.6304,-0.206995
318.6462,-0.207022
318.6628,-0.20705
318.6799,-0.20708
318.697,-0.20711
318.7129,-0.207137
318.7296,-0.207166
318.7463,-0.207196
318.7636,-0.207226
318.7795,-0.207255
318.7964,-0.207286
318.8133,-0.207317
318.8299,-0.207346
318.8464,-0.207374
318.8627,-0.207402
318.8795,-0.207431
318.8961,-0.207458
318.9136,-0.207488
318.9293,-0.207518
318.9457,-0.207551
318.9625,-0.207586
318.9798,-0.207623
318.9969,-0.207659
319.0133,-0.207701
319.0301,-0.207733
319.0461,-0.207764
319.0636,-0.207791
319.08,-0.207817
319.0965,-0.207844
319.1131,-0.207867
319.1298,-0.207897
319.1461,-0.207925
319.1625,-0.207952
319.1797,-0.207981
319.1958,-0.208009
319.2126,-0.208038
319.2296,-0.208067
319.2461,-0.208096
319.2629,-0.208126
319.2792,-0.208155
319.2955,-0.208184
319.3123,-0.208215
319.3293,-0.208247
319.3461,-0.208278
319.363,-0.208312
319.3788,-0.208344
319.396,-0.208375
319.4132,-0.208403
319.4296,-0.208427
319.4461,-0.208452
319.463,-0.208478
319.4796,-0.208502
319.4964,-0.208525
319.5121,-0.208548
319.5291,-0.208574
319.5464,-0.208602
319.5627,-0.208634
319.5796,-0.208666
319.5959,-0.208697
319.6133,-0.208728
319.6292,-0.208757
319.6469,-0.208786
319.6626,-0.208815
319.6798,-0.208842
319.6962,-0.208867
319.7126,-0.208891
319.7296,-0.208914
319.7462,-0.208941
319.7638,-0.208967
319.7796,-0.208996
319.7966,-0.209026
319.8132,-0.209055
319.8296,-0.209085
319.8461,-0.209115
319.8626,-0.209148
319.8794,-0.20918
319.8965,-0.20921
319.9131,-0.209238
319.9294,-0.209267
319.9466,-0.209298
319.9634,-0.209327
319.9796,-0.209356
319.9962,-0.209388
320.0133,-0.209419
320.0297,-0.209449
320.0463,-0.209483
320.063,-0.209515
320.0799,-0.209549
320.0961,-0.209589
320.1129,-0.209623
320.1295,-0.209656
320.1465,-0.20969
320.1638,-0.209723
320.1799,-0.209757
320.1965,-0.209789
320.2128,-0.209821
320.23,-0.209852
320.2457,-0.209883
320.2628,-0.209912
320.2785,-0.209944
320.2965,-0.209978
320.3127,-0.210013
320.3292,-0.210048
320.3457,-0.210106
320.3633,-0.210182
320.3796,-0.210237
320.3965,-0.210272
320.413,-0.210305
320.4303,-0.210338
320.4472,-0.210369
320.4636,-0.210401
320.4802,-0.210431
320.4971,-0.210463
320.5138,-0.210498
320.5299,-0.210539
320.5469,-0.210583
320.5641,-0.210647
320.5805,-0.210695
320.5971,-0.210747
320.6135,-0.210783
320.6298,-0.210814
320.6465,-0.210846
320.6631,-0.210877
320.6799,-0.210909
320.6963,-0.210939
320.7131,-0.21097
320.7296,-0.211
320.7466,-0.211034
320.7633,-0.211066
320.7797,-0.211101
320.7964,-0.211137
320.8132,-0.211173
320.83,-0.211206
320.8469,-0.21124
320.8629,-0.211276
320.88,-0.211309
320.8967,-0.211344
320.913,-0.211376
320.9292,-0.211411
320.9455,-0.211447
320.963,-0.211482
320.9793,-0.211516
320.9953,-0.21155
321.0126,-0.211585
321.0297,-0.211622
321.0459,-0.211667
321.0623,-0.211709
321.0793,-0.211746
321.0955,-0.211782
321.1127,-0.211815
321.1294,-0.211848
321.1461,-0.211882
321.1624,-0.211916
321.1786,-0.211947
321.1956,-0.211977
321.2119,-0.212008
321.2291,-0.212039
321.2457,-0.212074
321.2615,-0.212111
321.2785,-0.212146
321.2953,-0.21218
321.3124,-0.212214
321.3291,-0.212247
321.346,-0.212278
321.3621,-0.212309
321.3792,-0.212337
321.3955,-0.212365
321.4122,-0.212396
321.4285,-0.212428
321.4454,-0.212463
321.4627,-0.212497
321.4785,-0.21253
321.4958,-0.212565
321.5122,-0.2126
321.5291,-0.212635
321.5457,-0.212669
321.562,-0.212701
321.5786,-0.212732
321.596,-0.212764
321.6123,-0.212797
321.6287,-0.212829
321.6452,-0.212863
321.6625,-0.212895
321.6782,-0.212927
321.6954,-0.212956
321.7123,-0.212988
321.7291,-0.213022
321.745,-0.213057
321.762,-0.213089
321.7786,-0.213123
321.7956,-0.213157
321.8123,-0.213193
321.829,-0.213227
321.8451,-0.213262
321.8626,-0.213295
321.8782,-0.21333
321.896,-0.213365
321.9121,-0.2134
321.9297,-0.213434
321.9464,-0.213469
321.9625,-0.213502
321.9792,-0.213534
321.9954,-0.213565
322.0132,-0.213599
322.029,-0.213632
322.0455,-0.213667
322.0623,-0.213703
322.0789,-0.213738
322.0969,-0.213772
322.1132,-0.213805
322.1291,-0.21384
322.1467,-0.213874
322.1621,-0.213908
322.1794,-0.213942
322.1955,-0.213976
322.213,-0.214013
322.2298,-0.214056
322.2463,-0.2141
322.2632,-0.214138
322.2796,-0.214209
322.2957,-0.214266
322.3129,-0.214323
322.3294,-0.214362
322.346,-0.214398
322.3622,-0.214434
322.3799,-0.214471
322.3963,-0.214507
322.4126,-0.214544
322.4301,-0.21458
322.446,-0.214616
322.4631,-0.214654
322.4796,-0.21469
322.4962,-0.214726
322.5126,-0.21477
322.5293,-0.214833
322.5464,-0.214876
322.5623,-0.214915
322.5792,-0.214954
322.5966,-0.214992
322.6127,-0.215031
322.6284,-0.21507
322.6456,-0.21511
322.6621,-0.215149
322.6795,-0.215186
322.6961,-0.215225
322.7124,-0.215265
322.7294,-0.215321
322.7452,-0.215369
322.7625,-0.215419
322.779,-0.215489
322.7958,-0.215557
322.813,-0.215597
322.8284,-0.215646
322.8457,-0.215686
322.8625,-0.215725
322.8794,-0.215763
322.8959,-0.215801
322.9116,-0.21584
322.9286,-0.215877
322.9451,-0.215914
322.9629,-0.215951
322.9784,-0.21599
322.9951,-0.21603
323.0119,-0.216068
323.0287,-0.216118
323.0454,-0.216173
323.0611,-0.216253
323.0786,-0.216317
323.0954,-0.216362
323.112,-0.216401
323.1281,-0.216439
323.1455,-0.216476
323.1622,-0.216512
323.1789,-0.216547
323.1949,-0.216582
323.2116,-0.216616
323.2285,-0.216652
323.2452,-0.216685
323.2622,-0.216719
323.2785,-0.216755
323.2952,-0.21679
323.3114,-0.216826
323.3274,-0.216863
323.3443,-0.216898
323.3608,-0.216935
323.3784,-0.216973
323.3947,-0.217011
323.4113,-0.217047
323.4277,-0.217084
323.4447,-0.21712
323.4608,-0.217157
323.4781,-0.217194
323.4936,-0.21723
323.5106,-0.217268
323.5275,-0.217306
323.5439,-0.217341
323.5602,-0.21738
323.5764,-0.217418
323.5944,-0.217456
323.6108,-0.217496
323.627,-0.217536
323.6438,-0.217585
323.6606,-0.217624
323.6782,-0.217664
323.6945,-0.217726
323.7117,-0.217767
323.728,-0.217805
323.7449,-0.217841
323.7617,-0.217876
323.7775,-0.217912
323.7947,-0.217947
323.8112,-0.217983
323.8272,-0.21802
323.8445,-0.218057
323.8611,-0.218093
323.8777,-0.218128
323.8943,-0.218163
323.9114,-0.218197
323.9278,-0.21823
323.9443,-0.218264
323.9602,-0.218297
323.9776,-0.218332
323.9942,-0.21837
324.0108,-0.218409
324.028,-0.218457
324.0447,-0.218506
324.0609,-0.218545
324.0782,-0.218587
324.0952,-0.218625
324.1111,-0.21866
324.1276,-0.218693
324.1446,-0.218726
324.1617,-0.21876
324.1775,-0.218797
324.1941,-0.218836
324.2115,-0.218875
324.2285,-0.218928
324.2441,-0.218968
324.261,-0.21904
324.278,-0.219131
324.2945,-0.219196
324.3115,-0.21926
324.3279,-0.219307
324.3447,-0.219346
324.3612,-0.219384
324.3779,-0.219423
324.3951,-0.219462
324.4107,-0.219499
324.4287,-0.219535
324.4453,-0.21957
324.4621,-0.219604
324.4778,-0.219638
324.4949,-0.219672
324.5114,-0.219706
324.5282,-0.219741
324.5445,-0.219779
324.5615,-0.219819
324.5777,-0.219868
324.5948,-0.219937
324.6115,-0.219992
324.6288,-0.220049
324.644,-0.220107
324.6621,-0.220146
324.6787,-0.220184
324.6948,-0.220223
324.711,-0.220263
324.7283,-0.220304
324.745,-0.220346
324.7619,-0.220409
324.7784,-0.220479
324.7959,-0.220543
324.8116,-0.220591
324.8281,-0.220632
324.8457,-0.22067
324.8626,-0.220709
324.8793,-0.220746
324.8961,-0.220785
324.9116,-0.220824
324.9292,-0.220864
324.9453,-0.220905
324.9616,-0.220944
324.9789,-0.220983
324.9949,-0.221025
325.0124,-0.221071
325.0281,-0.221147
325.0451,-0.2212
325.0621,-0.221261
325.0782,-0.221303
325.0959,-0.221354
325.1122,-0.221419
325.1287,-0.221491
325.1452,-0.221543
325.1619,-0.221611
325.1786,-0.221674
325.1947,-0.221725
325.2124,-0.221768
325.2287,-0.22181
325.2454,-0.221853
325.2623,-0.221894
325.279,-0.221936
325.2957,-0.221977
325.312,-0.22202
325.329,-0.222083
325.3449,-0.222126
325.362,-0.222167
325.3787,-0.222209
325.3954,-0.222249
325.4117,-0.222289
325.4282,-0.222328
325.4448,-0.222368
325.462,-0.222408
325.4785,-0.222449
325.4951,-0.222492
325.5112,-0.222535
325.5278,-0.222578
325.5448,-0.222621
325.5616,-0.222663
325.5778,-0.222705
325.5947,-0.222744
325.6117,-0.222784
325.6282,-0.222824
325.6442,-0.222866
325.6611,-0.222906
325.6775,-0.222949
325.6945,-0.222991
325.7119,-0.223041
325.7278,-0.223149
325.7444,-0.223225
325.7616,-0.223274
325.7778,-0.223317
325.7942,-0.223369
325.8112,-0.223416
325.8277,-0.22347
325.8446,-0.223524
325.8617,-0.223566
325.8785,-0.223606
325.8948,-0.223645
325.9115,-0.223688
325.9286,-0.223726
325.9448,-0.223763
325.9615,-0.223802
325.9781,-0.223841
325.9942,-0.223882
326.0113,-0.223942
326.0282,-0.224026
326.0448,-0.224124
326.061,-0.224216
326.0782,-0.224273
326.0948,-0.22432
326.1122,-0.224363
326.1284,-0.224405
326.1443,-0.224448
326.1614,-0.22449
326.1785,-0.224535
326.1955,-0.224578
326.2117,-0.224636
326.228,-0.22469
326.2448,-0.224733
326.2624,-0.224775
326.2786,-0.224819
326.2953,-0.224863
326.3114,-0.224906
326.3279,-0.224949
326.3442,-0.224993
326.3618,-0.225048
326.3781,-0.225098
326.3948,-0.225161
326.4114,-0.225205
326.4287,-0.225258
326.4456,-0.225303
326.4612,-0.225346
326.4782,-0.22539
326.4942,-0.225431
326.5115,-0.225472
326.5279,-0.225514
326.5449,-0.225557
326.5613,-0.2256
326.5779,-0.225643
326.5948,-0.225687
326.6117,-0.225729
326.6284,-0.225773
326.644,-0.225818
326.661,-0.225871
326.6778,-0.225923
326.6945,-0.225971
326.7113,-0.226057
326.7285,-0.226176
326.7442,-0.226241
326.7618,-0.226292
326.7781,-0.226349
326.7944,-0.226393
326.812,-0.22645
326.828,-0.226502
326.8444,-0.226543
326.8607,-0.226585
326.8772,-0.226625
326.8941,-0.226666
326.9109,-0.226708
326.9283,-0.226753
326.9444,-0.226797
326.9613,-0.226841
326.9777,-0.226884
326.9944,-0.226929
327.0102,-0.226975
327.0271,-0.22702
327.0444,-0.227064
327.0613,-0.227108
327.078,-0.227153
327.0945,-0.227196
327.1112,-0.227239
327.1271,-0.227279
327.1438,-0.22732
327.1608,-0.227363
327.177,-0.227406
327.1938,-0.227452
327.2098,-0.22752
327.2271,-0.227581
327.2435,-0.227626
327.2614,-0.227689
327.2776,-0.227744
327.2945,-0.227789
327.3104,-0.227832
327.3265,-0.227874
327.3429,-0.227916
327.36,-0.227959
327.3768,-0.228003
327.3938,-0.228048
327.4099,-0.228093
327.4263,-0.228144
327.4435,-0.228189
327.4601,-0.228234
327.4762,-0.228276
327.4931,-0.228319
327.5096,-0.228363
327.5261,-0.228408
327.5426,-0.228453
327.559,-0.228497
327.5764,-0.228542
327.5933,-0.228587
327.6098,-0.228632
327.6261,-0.228676
327.6429,-0.228719
327.6597,-0.228763
327.6764,-0.228808
327.6928,-0.228852
327.7099,-0.228897
327.7268,-0.228942
327.7435,-0.228986
327.7599,-0.22903
327.7763,-0.229073
327.793,-0.229116
327.8092,-0.229158
327.8266,-0.229199
327.8427,-0.229241
327.8592,-0.229285
327.8766,-0.229327
327.8927,-0.229369
327.9096,-0.229414
327.926,-0.229457
327.9431,-0.2295
327.9588,-0.229545
327.9764,-0.229596
327.9925,-0.229645
328.0093,-0.229703
328.0262,-0.229765
328.0435,-0.229813
328.0599,-0.229858
328.0762,-0.229904
328.0927,-0.229948
328.1101,-0.229992
328.1262,-0.230033
328.1423,-0.230073
328.1596,-0.230115
328.1761,-0.230156
328.1924,-0.230199
328.2092,-0.230243
328.226,-0.230289
328.2418,-0.230334
328.2588,-0.230379
328.2762,-0.230424
328.2921,-0.230469
328.3086,-0.230512
328.3255,-0.230559
328.342,-0.230605
328.3587,-0.23065
328.3754,-0.230699
328.3918,-0.230754
328.4084,-0.230814
328.4253,-0.230882
328.4419,-0.230934
328.458,-0.230979
328.4755,-0.231024
328.4917,-0.23107
328.5086,-0.231114
328.5252,-0.23116
328.5409,-0.231208
328.5581,-0.231254
328.5757,-0.2313
328.592,-0.23135
328.6091,-0.231396
328.6254,-0.231448
328.6423,-0.231499
328.6585,-0.231546
328.6753,-0.231592
328.6917,-0.231637
328.7091,-0.231681
328.7253,-0.231726
328.7418,-0.231772
328.7581,-0.231818
328.7761,-0.231863
328.7918,-0.231906
328.8087,-0.231951
328.8249,-0.231996
328.8415,-0.232041
328.858,-0.232087
328.8749,-0.232134
328.8917,-0.232181
328.9091,-0.232227
328.9259,-0.232274
328.9425,-0.232341
328.9575,-0.23239
328.9754,-0.232455
328.9915,-0.232537
329.0083,-0.23262
329.025,-0.232667
329.0422,-0.232721
329.0587,-0.232766
329.0747,-0.232811
329.0915,-0.232857
329.1085,-0.232903
329.1246,-0.232948
329.1413,-0.232993
329.1583,-0.233038
329.1753,-0.233084
329.1916,-0.233137
329.2079,-0.23319
329.2249,-0.233252
329.2413,-0.233299
329.2582,-0.233345
329.2748,-0.233392
329.2918,-0.233438
329.3086,-0.233483
329.3246,-0.23353
329.3407,-0.23358
329.3578,-0.233641
329.3741,-0.233688
329.391,-0.23377
329.4072,-0.233886
329.4247,-0.233961
329.4411,-0.234032
329.4578,-0.234104
329.4755,-0.234179
329.4912,-0.234229
329.5082,-0.234281
329.5248,-0.234364
329.5413,-0.234435
329.5574,-0.234517
329.5747,-0.234585
329.5916,-0.234651
329.608,-0.234698
329.6248,-0.234746
329.6411,-0.234791
329.6571,-0.234835
329.6743,-0.23488
329.6905,-0.234925
329.708,-0.234969
329.7241,-0.235016
329.7411,-0.235108
329.7578,-0.235193
329.7741,-0.235275
329.791,-0.235322
329.8084,-0.235375
329.8253,-0.235422
329.8415,-0.235469
329.8574,-0.235516
329.8743,-0.235564
329.8915,-0.23561
329.9079,-0.235657
329.9245,-0.235718
329.9413,-0.235776
329.9572,-0.235824
329.9748,-0.235881
329.9908,-0.235954
330.0076,-0.236002
330.025,-0.23605
330.0412,-0.236098
330.058,-0.236145
330.0746,-0.236191
330.0913,-0.236238
330.1068,-0.236285
330.1241,-0.236341
330.1407,-0.236406
330.1577,-0.236547
330.1743,-0.236696
330.191,-0.236909
330.208,-0.237066
330.2248,-0.237171
330.2417,-0.237217
330.2574,-0.237261
330.2747,-0.237306
330.2909,-0.237352
330.3076,-0.237416
330.3245,-0.237471
330.3407,-0.23758
330.3576,-0.23766
330.3747,-0.237753
330.3916,-0.237842
330.4082,-0.237908
330.4246,-0.237969
330.4417,-0.23802
330.4574,-0.238074
330.4748,-0.238142
330.491,-0.23823
330.5085,-0.238367
330.5244,-0.238534
330.5414,-0.23867
330.5577,-0.238774
330.5742,-0.238826
330.5915,-0.238871
330.6077,-0.23893
330.6244,-0.238999
330.6418,-0.239066
330.6578,-0.239114
330.6746,-0.23916
330.6915,-0.239227
330.7079,-0.239296
330.7245,-0.239392
330.74,-0.2395
330.7579,-0.239563
330.7745,-0.239634
330.7912,-0.239702
330.808,-0.239803
330.8241,-0.239923
330.841,-0.240037
330.8579,-0.240159
330.8739,-0.240253
330.8915,-0.240319
330.9079,-0.240398
330.9244,-0.24046
330.9408,-0.240525
330.9577,-0.240591
330.9739,-0.240657
330.9911,-0.240702
331.0077,-0.240756
331.025,-0.240807
331.0416,-0.24088
331.0583,-0.240942
331.0744,-0.240987
331.091,-0.241036
331.1078,-0.241079
331.1247,-0.241151
331.1405,-0.241222
331.158,-0.241303
331.1742,-0.241429
331.1906,-0.241499
331.2082,-0.241596
331.2245,-0.241698
331.241,-0.241763
331.2582,-0.241808
331.2742,-0.241851
331.2917,-0.241935
331.3074,-0.241983
331.324,-0.242028
331.341,-0.242105
331.3569,-0.242186
331.3743,-0.242288
331.39,-0.242414
331.4077,-0.242516
331.4241,-0.242632
331.4408,-0.242726
331.4575,-0.242769
331.474,-0.242811
331.4908,-0.242853
331.507,-0.242908
331.5243,-0.242971
331.5407,-0.243048
331.5575,-0.24316
331.5745,-0.243227
331.5906,-0.24328
331.6068,-0.243346
331.6239,-0.243458
331.6407,-0.243526
331.6571,-0.24357
331.6737,-0.243623
331.6905,-0.24368
331.7076,-0.243754
331.7238,-0.243847
331.7404,-0.243992
331.7575,-0.244094
331.7736,-0.244186
331.7902,-0.244254
331.8069,-0.244366
331.8239,-0.24441
331.84,-0.24447
331.857,-0.244536
331.8736,-0.244588
331.8898,-0.244648
331.9068,-0.244701
331.9237,-0.244785
331.9403,-0.24485
331.9564,-0.244927
331.9735,-0.245035
331.9906,-0.245116
332.0068,-0.245182
332.0231,-0.24525
332.0404,-0.245321
332.0562,-0.245407
332.0739,-0.245507
332.0905,-0.245604
332.106,-0.245697
332.1242,-0.245767
332.1399,-0.245849
332.1566,-0.24593
332.1725,-0.245994
332.1901,-0.246051
332.2068,-0.246113
332.2231,-0.246172
332.2402,-0.246261
332.2567,-0.246347
332.2732,-0.246414
332.2902,-0.2465
332.3069,-0.246583
332.3229,-0.246632
332.3389,-0.246697
332.3566,-0.246741
332.3729,-0.246783
332.3893,-0.246827
332.4061,-0.246884
332.4226,-0.246945
332.4389,-0.246991
332.4563,-0.247035
332.4725,-0.247108
332.4894,-0.247205
332.5052,-0.24733
332.5218,-0.247446
332.5392,-0.247514
332.5557,-0.247634
332.5724,-0.247726
332.5893,-0.247813
332.6058,-0.247908
332.622,-0.248006
332.6387,-0.248084
332.6549,-0.248166
332.6721,-0.248295
332.6895,-0.248378
332.7055,-0.248486
332.7224,-0.248578
332.7395,-0.248673
332.756,-0.248806
332.7724,-0.248864
332.7889,-0.248917
332.8056,-0.248979
332.8233,-0.249028
332.8391,-0.249074
332.8553,-0.24912
332.8722,-0.249173
332.8885,-0.249219
332.9062,-0.249284
332.9223,-0.249347
332.9386,-0.249397
332.955,-0.24944
332.9727,-0.249497
332.9892,-0.24957
333.006,-0.249672
333.0221,-0.249793
333.0382,-0.249882
333.0553,-0.249957
333.0726,-0.250041
333.0895,-0.250134
333.1052,-0.250234
333.1224,-0.250318
333.1382,-0.250366
333.1564,-0.250434
333.1718,-0.250521
333.1891,-0.250628
333.2052,-0.250733
333.2215,-0.250846
333.2387,-0.25096
333.2554,-0.251069
333.2724,-0.251185
333.289,-0.251304
333.3056,-0.251386
333.3221,-0.251452
333.3392,-0.251522
333.356,-0.251586
333.3723,-0.251673
333.3885,-0.251736
333.4055,-0.251815
333.4215,-0.251905
333.4383,-0.25206
333.4554,-0.252219
333.4717,-0.252393
333.489,-0.252508
333.5057,-0.252619
333.5225,-0.252733
333.5386,-0.252823
333.5551,-0.252956
333.572,-0.25305
333.5886,-0.253109
333.6059,-0.253227
333.6226,-0.253326
333.6391,-0.253409
333.6561,-0.253485
333.6717,-0.253561
333.6886,-0.253656
333.705,-0.253752
333.7219,-0.253856
333.7387,-0.254011
333.756,-0.254167
333.7733,-0.254307
333.7888,-0.254437
333.8054,-0.254547
333.8225,-0.254664
333.8391,-0.254792
333.8555,-0.25491
333.8729,-0.254998
333.8887,-0.255127
333.9054,-0.255249
333.9228,-0.255347
333.9388,-0.255436
333.9558,-0.255567
333.9724,-0.255712
333.9889,-0.255869
334.0056,-0.256023
334.0213,-0.256187
334.0388,-0.256345
334.0546,-0.25649
334.0726,-0.256661
334.09,-0.256829
334.1056,-0.256947
334.1222,-0.257022
334.1392,-0.257087
334.1557,-0.257164
334.1729,-0.257275
334.1898,-0.257394
334.2056,-0.257524
334.222,-0.25767
334.239,-0.25782
334.2558,-0.258024
334.2731,-0.258179
334.289,-0.258313
334.3056,-0.258419
334.3229,-0.258485
334.3389,-0.258548
334.3559,-0.258615
334.3722,-0.258705
334.3886,-0.258856
334.4051,-0.259022
334.422,-0.259182
334.439,-0.25937
334.4554,-0.259581
334.4727,-0.259704
334.4887,-0.25983
334.5049,-0.259948
334.5219,-0.260059
334.5383,-0.260147
334.5554,-0.260233
334.5723,-0.260357
334.5886,-0.260539
334.6054,-0.260662
334.6222,-0.260774
334.6379,-0.26087
334.6553,-0.260957
334.6727,-0.261067
334.6884,-0.26116
334.7049,-0.261239
334.7217,-0.261351
334.7386,-0.261431
334.7555,-0.261531
334.7712,-0.261709
334.7878,-0.261899
334.8044,-0.262025
334.8208,-0.262158
334.8376,-0.262287
334.8547,-0.262413
334.8711,-0.26253
334.8879,-0.262638
334.9039,-0.262735
334.9211,-0.262809
334.9383,-0.262931
334.955,-0.263042
334.9709,-0.263195
334.9887,-0.263332
335.0045,-0.263447
335.0211,-0.263545
335.0381,-0.263654
335.0545,-0.263778
335.0715,-0.263929
335.0882,-0.264086
335.1045,-0.264193
335.1216,-0.264261
335.1378,-0.264316
335.1547,-0.264426
335.1712,-0.264534
335.1877,-0.264628
335.2047,-0.264724
335.2208,-0.26484
335.2381,-0.26499
335.2552,-0.265096
335.2717,-0.265184
335.288,-0.265243
335.3045,-0.265298
335.321,-0.265356
335.3376,-0.265428
335.3551,-0.265534
335.3708,-0.265625
335.3879,-0.265721
335.4047,-0.265818
335.4209,-0.265954
335.4386,-0.266081
335.4545,-0.266207
335.4709,-0.266311
335.4875,-0.266438
335.5045,-0.266596
335.5208,-0.266706
335.5378,-0.266816
335.5544,-0.266915
335.5709,-0.267007
335.5868,-0.267113
335.6042,-0.267232
335.6217,-0.267385
335.6374,-0.267509
335.6548,-0.267609
335.6709,-0.267717
335.6881,-0.267857
335.7048,-0.267949
335.7214,-0.268097
335.7377,-0.268219
335.7548,-0.268355
335.7716,-0.268455
335.7879,-0.268556
335.8044,-0.26868
335.8213,-0.26881
335.8376,-0.268903
335.8535,-0.268992
335.8708,-0.269061
335.8877,-0.269152
335.9046,-0.269248
335.9203,-0.26934
335.9371,-0.269433
335.9542,-0.269562
335.9707,-0.269673
335.9878,-0.269779
336.0039,-0.269896
336.0204,-0.270006
336.0375,-0.270115
336.0537,-0.270266
336.0699,-0.270401
336.0879,-0.270529
336.105,-0.270638
336.1208,-0.270749
336.1379,-0.270848
336.1539,-0.270941
336.1707,-0.271012
336.1877,-0.271088
336.2032,-0.271192
336.2201,-0.271312
336.2369,-0.271429
336.2537,-0.271556
336.2703,-0.271671
336.2871,-0.271806
336.3037,-0.271938
336.3206,-0.272101
336.3372,-0.272227
336.3537,-0.272344
336.3703,-0.272492
336.3878,-0.272639
336.4039,-0.27278
336.4208,-0.272913
336.4374,-0.273047
336.4546,-0.273222
336.4703,-0.273341
336.4871,-0.273474
336.5041,-0.273614
336.5207,-0.273699
336.5376,-0.27382
336.5539,-0.273942
336.571,-0.274023
336.5872,-0.274084
336.6031,-0.274141
336.6209,-0.274187
336.6369,-0.274283
336.6535,-0.274369
336.6703,-0.274499
336.6864,-0.27462
336.7033,-0.274751
336.7201,-0.274906
336.7368,-0.275127
336.7536,-0.275351
336.7704,-0.275527
336.787,-0.275636
336.8036,-0.275734
336.8196,-0.275866
336.837,-0.276011
336.8527,-0.27615
336.8696,-0.276298
336.8864,-0.276437
336.9036,-0.27657
336.9197,-0.2767
336.9368,-0.276805
336.954,-0.276899
336.9706,-0.276965
336.9865,-0.277046
337.0027,-0.277171
337.0195,-0.277265
337.0361,-0.277359
337.0534,-0.27747
337.0696,-0.277619
337.0865,-0.277775
337.1025,-0.277895
337.1201,-0.277984
337.1357,-0.278063
337.1529,-0.278168
337.1695,-0.278297
337.1862,-0.278474
337.2021,-0.27865
337.2192,-0.2788
337.2363,-0.278921
337.2533,-0.279039
337.2689,-0.279243
337.286,-0.279422
337.303,-0.279537
337.3199,-0.27961
337.3355,-0.279679
337.353,-0.279759
337.369,-0.279877
337.3861,-0.280029
337.4023,-0.280163
337.4188,-0.280276
337.4362,-0.2804
337.4523,-0.280572
337.4691,-0.280735
337.4853,-0.280855
337.5023,-0.280974
337.5187,-0.281045
337.5349,-0.281155
337.5518,-0.281255
337.5682,-0.281359
337.5849,-0.281505
337.6022,-0.281665
337.6186,-0.281829
337.6351,-0.282029
337.6517,-0.282139
337.668,-0.282294
337.6847,-0.282461
337.7007,-0.282603
337.7181,-0.282726
337.7346,-0.282831
337.752,-0.28292
337.7684,-0.283019
337.7847,-0.283118
337.8012,-0.283215
337.8176,-0.28332
337.8344,-0.283381
337.8516,-0.28345
337.8676,-0.283613
337.8848,-0.283753
337.9003,-0.283884
337.9177,-0.284052
337.9345,-0.284158
337.9514,-0.284282
337.9673,-0.284355
337.9843,-0.284421
338.0012,-0.284519
338.0168,-0.284612
338.0338,-0.284693
338.0507,-0.284811
338.0674,-0.284896
338.0837,-0.284994
338.1014,-0.28512
338.1177,-0.285236
338.1337,-0.285345
338.151,-0.285452
338.1669,-0.285513
338.1844,-0.285563
338.2008,-0.285618
338.2173,-0.285674
338.234,-0.285705
338.2505,-0.285739
338.2671,-0.285781
338.2835,-0.285857
338.3006,-0.285933
338.3168,-0.286033
338.3335,-0.286131
338.3502,-0.286228
338.3666,-0.28637
338.3834,-0.286499
338.4,-0.286667
338.4165,-0.286781
338.4338,-0.286876
338.4502,-0.286936
338.4671,-0.287007
338.4839,-0.287084
338.4998,-0.287155
338.5172,-0.287228
338.5328,-0.287322
338.5497,-0.287458
338.5665,-0.287559
338.5832,-0.287686
338.6002,-0.287836
338.6169,-0.287973
338.6335,-0.288091
338.6494,-0.288186
338.6662,-0.288286
338.6833,-0.288427
338.7005,-0.288559
338.7162,-0.288649
338.7329,-0.288744
338.7505,-0.288867
338.7675,-0.288967
338.7828,-0.289078
338.7996,-0.289217
338.816,-0.289318
338.8333,-0.289398
338.8493,-0.28947
338.8665,-0.28954
338.8833,-0.289642
338.8997,-0.289737
338.9164,-0.28979
338.9327,-0.289863
338.9491,-0.289913
338.9663,-0.289995
338.9823,-0.290095
338.9991,-0.290214
339.0158,-0.290328
339.0323,-0.290422
339.0496,-0.290492
339.0657,-0.290602
339.0826,-0.29074
339.0988,-0.290907
339.116,-0.291076
339.132,-0.29123
339.1489,-0.291381
339.1658,-0.291466
339.1826,-0.291574
339.1993,-0.291671
339.2151,-0.291757
339.2317,-0.291832
339.2484,-0.291914
339.2658,-0.292006
339.2823,-0.292087
339.2987,-0.29217
339.3151,-0.292248
339.3318,-0.292377
339.3483,-0.292472
339.3651,-0.29257
339.3816,-0.292681
339.3982,-0.292752
339.4145,-0.29286
339.432,-0.292957
339.4482,-0.293097
339.4648,-0.293204
339.4814,-0.293327
339.499,-0.293425
339.5147,-0.293499
339.5318,-0.293618
339.5475,-0.293709
339.5643,-0.29377
339.581,-0.293827
339.598,-0.29391
339.6137,-0.294006
339.6298,-0.294113
339.6475,-0.294232
339.6643,-0.294356
339.6806,-0.294486
339.698,-0.294604
339.7132,-0.294762
339.7309,-0.294858
339.7475,-0.294995
339.7642,-0.295146
339.7806,-0.295292
339.7978,-0.29544
339.8137,-0.295552
339.831,-0.295661
339.8473,-0.295755
339.8641,-0.295822
339.8806,-0.295882
339.8974,-0.295957
339.9136,-0.296041
339.9311,-0.296131
339.9467,-0.296215
339.9635,-0.296281
339.9806,-0.296316
339.9973,-0.296381
340.0134,-0.296445
340.0302,-0.296512
340.0479,-0.296567
340.0632,-0.296632
340.081,-0.29672
340.0972,-0.296823
340.1138,-0.296917
340.1302,-0.297001
340.1479,-0.297088
340.1637,-0.297131
340.1802,-0.297214
340.1969,-0.297297
340.2141,-0.297431
340.23,-0.297545
340.2463,-0.297649
340.2637,-0.29776
340.2806,-0.297834
340.2971,-0.297915
340.3143,-0.297997
340.33,-0.298094
340.3474,-0.29816
340.3631,-0.298201
340.3808,-0.298257
340.3969,-0.298325
340.4138,-0.298413
340.4297,-0.298463
340.4467,-0.298521
340.4638,-0.298581
340.4805,-0.298651
340.4969,-0.298719
340.5137,-0.298804
340.5307,-0.298905
340.547,-0.29899
340.5627,-0.299077
340.5796,-0.299176
340.5966,-0.299293
340.6134,-0.299399
340.6305,-0.299456
340.6465,-0.299549
340.6633,-0.299636
340.6805,-0.299728
340.6968,-0.299847
340.7126,-0.299989
340.7303,-0.300135
340.7472,-0.30026
340.7642,-0.300366
340.7803,-0.300463
340.7974,-0.300583
340.8137,-0.300658
340.8306,-0.300703
340.8465,-0.300761
340.8635,-0.300842
340.8803,-0.300919
340.8974,-0.301008
340.913,-0.301081
340.9305,-0.301163
340.9471,-0.301224
340.9636,-0.301297
340.9802,-0.301369
340.9972,-0.301437
341.0137,-0.301515
341.0304,-0.301583
341.0464,-0.30164
341.0633,-0.301684
341.0804,-0.301715
341.0972,-0.301756
341.1129,-0.301844
341.1301,-0.301963
341.1474,-0.302052
341.1635,-0.302123
341.1804,-0.302254
341.1977,-0.302402
341.214,-0.302534
341.231,-0.30262
341.2473,-0.302688
341.2643,-0.302731
341.2798,-0.30276
341.2971,-0.302802
341.3135,-0.302865
341.3307,-0.302931
341.3473,-0.303009
341.3633,-0.303102
341.3799,-0.30319
341.3971,-0.303279
341.4142,-0.303348
341.4312,-0.303443
341.447,-0.303522
341.4635,-0.303593
341.4799,-0.303653
341.4971,-0.303724
341.5147,-0.303807
341.5308,-0.303889
341.547,-0.303984
341.5633,-0.304065
341.5807,-0.304124
341.5969,-0.30418
341.6132,-0.304243
341.6304,-0.304304
341.6469,-0.304367
341.6631,-0.304423
341.6807,-0.304481
341.6971,-0.304514
341.7139,-0.304557
341.7296,-0.304607
341.7469,-0.304656
341.7638,-0.304688
341.7797,-0.304721
341.7969,-0.304752
341.8139,-0.304784
341.8301,-0.304817
341.8464,-0.304852
341.8634,-0.304904
341.8795,-0.304945
341.8967,-0.305006
341.9136,-0.305085
341.9304,-0.305143
341.9471,-0.305177
341.9633,-0.305211
341.9804,-0.305274
341.9968,-0.305331
342.0135,-0.305365
342.0304,-0.3054
342.0462,-0.305442
342.0638,-0.305481
342.08,-0.305515
342.097,-0.305558
342.1137,-0.305593
342.1295,-0.305629
342.1462,-0.305663
342.1637,-0.305696
342.1803,-0.30573
342.1964,-0.305764
342.2129,-0.3058
342.23,-0.305841
342.2464,-0.305909
342.2629,-0.305962
342.28,-0.305998
342.2973,-0.306033
342.3133,-0.306077
342.3307,-0.306115
342.3466,-0.306151
342.3621,-0.306189
342.3804,-0.306224
342.3969,-0.30626
342.4133,-0.306296
342.43,-0.306346
342.4476,-0.306404
342.4631,-0.306477
342.4799,-0.30654
342.4968,-0.306581
342.5139,-0.30662
342.5301,-0.306658
342.5471,-0.306759
342.5631,-0.306862
342.5797,-0.306901
342.5969,-0.306937
342.6137,-0.306972
342.6306,-0.307008
342.6477,-0.307045
342.6632,-0.307082
342.6805,-0.307119
342.6973,-0.307153
342.7138,-0.307188
342.7302,-0.307224
342.7468,-0.307262
342.7636,-0.307297
342.7806,-0.307332
342.7967,-0.307369
342.813,-0.307407
342.8304,-0.307446
342.8462,-0.307483
342.8638,-0.307521
342.8801,-0.307559
342.8972,-0.307596
342.9135,-0.307633
342.9301,-0.307669
342.9468,-0.307706
342.9637,-0.307742
342.9793,-0.307777
342.9963,-0.307813
343.0134,-0.307849
343.03,-0.307886
343.0465,-0.307925
343.0633,-0.307969
343.0806,-0.308005
343.097,-0.308041
343.1133,-0.308076
343.1301,-0.308112
343.1466,-0.30815
343.1629,-0.308185
343.1803,-0.308219
343.1963,-0.308255
343.2138,-0.308291
343.2304,-0.308329
343.2472,-0.308364
343.2637,-0.308401
343.2805,-0.308434
343.2972,-0.308466
343.3135,-0.308497
343.3301,-0.308531
343.3474,-0.308565
343.3634,-0.308597
343.3806,-0.30863
343.3967,-0.308664
343.4135,-0.308697
343.4301,-0.30873
343.447,-0.308762
343.4635,-0.308793
343.4801,-0.308821
343.4976,-0.308848
343.5136,-0.308875
343.5302,-0.308905
343.5465,-0.308935
343.5632,-0.308967
343.5804,-0.308999
343.5972,-0.30903
343.6138,-0.309063
343.6301,-0.309094
343.6477,-0.309121
343.6638,-0.309146
343.6794,-0.309172
343.6969,-0.309198
343.7137,-0.309226
343.7303,-0.309255
343.7463,-0.309283
343.7633,-0.309312
343.7801,-0.30934
343.7969,-0.30937
343.8139,-0.309397
343.8303,-0.309423
343.8466,-0.309448
343.8631,-0.30947
343.8798,-0.309492
343.897,-0.309516
343.914,-0.30954
343.9298,-0.309566
343.9469,-0.30959
343.9633,-0.309614
343.9804,-0.309638
343.9973,-0.309662
344.0132,-0.309685
344.0299,-0.309708
344.0475,-0.309731
344.0634,-0.309752
344.08,-0.309772
344.0974,-0.309791
344.1138,-0.309812
344.1297,-0.309833
344.1464,-0.309853
344.1636,-0.309872
344.1802,-0.30989
344.1963,-0.309907
344.2134,-0.309926
344.2301,-0.309944
344.2468,-0.309959
344.2631,-0.309976
344.2795,-0.309995
344.2966,-0.310014
344.3132,-0.310031
344.3296,-0.310051
344.3467,-0.310073
344.3629,-0.310093
344.3798,-0.310113
344.396,-0.310132
344.4134,-0.310149
344.4305,-0.310162
344.4465,-0.310175
344.4634,-0.310188
344.4807,-0.310198
344.4961,-0.310209
344.5137,-0.310219
344.53,-0.310227
344.546,-0.310234
344.5629,-0.31024
344.5806,-0.310247
344.5975,-0.310253
344.6128,-0.310257
344.6296,-0.310262
344.6469,-0.310266
344.6635,-0.310269
344.6797,-0.310273
344.6957,-0.310277
344.7132,-0.310282
344.7298,-0.310285
344.7465,-0.310289
344.7628,-0.310292
344.7795,-0.310296
344.7959,-0.310297
344.8133,-0.310299
344.8296,-0.310299
344.846,-0.3103
344.8631,-0.3103
344.8797,-0.310297
344.8963,-0.310295
344.9139,-0.310295
344.9308,-0.310295
344.9468,-0.310291
344.9635,-0.310282
344.9805,-0.310271
344.9973,-0.310263
345.0133,-0.310249
345.0299,-0.310238
345.0465,-0.310227
345.0636,-0.310211
345.0804,-0.310194
345.0971,-0.310175
345.1132,-0.31016
345.1299,-0.310141
345.1464,-0.310099
345.1638,-0.310067
345.1806,-0.31002
345.1971,-0.309975
345.2129,-0.309922
345.23,-0.309863
345.2469,-0.309818
345.264,-0.309784
345.2809,-0.309752
345.2972,-0.309704
345.3141,-0.309662
345.3306,-0.309589
345.347,-0.309527
345.364,-0.309468
345.3808,-0.309412
345.3975,-0.309382
345.4142,-0.309356
345.4304,-0.309321
345.4477,-0.309278
345.4648,-0.30923
345.4814,-0.309149
345.4977,-0.309101
345.5143,-0.309028
345.5312,-0.308922
345.5471,-0.308802
345.5643,-0.308699
345.581,-0.308617
345.598,-0.30854
345.6145,-0.30845
345.6312,-0.308344
345.6481,-0.308229
345.6644,-0.308091
345.681,-0.307957
345.6973,-0.307784
345.7141,-0.307611
345.7315,-0.307446
345.7479,-0.30729
345.7647,-0.307134
345.7816,-0.306986
345.7979,-0.306837
345.8152,-0.306644
345.8304,-0.306509
345.8484,-0.306352
345.8649,-0.30619
345.8807,-0.306021
345.8979,-0.305818
345.9156,-0.30567
345.9319,-0.305518
345.9487,-0.305343
345.9654,-0.30511
345.9814,-0.304899
345.9991,-0.304666
346.0146,-0.304401
346.0319,-0.304101
346.0483,-0.303858
346.0655,-0.303638
346.0818,-0.303372
346.0987,-0.303157
346.1159,-0.302954
346.1322,-0.30275
346.1492,-0.302557
346.1656,-0.302374
346.1826,-0.302226
346.1996,-0.302035
346.216,-0.30177
346.2332,-0.301479
346.2498,-0.301208
346.2672,-0.300872
346.2834,-0.300533
346.2992,-0.300205
346.3169,-0.299861
346.333,-0.299479
346.3501,-0.299129
346.3669,-0.298833
346.3831,-0.298582
346.3997,-0.29839
346.4162,-0.298166
346.4333,-0.297923
346.4503,-0.297593
346.4671,-0.297292
346.484,-0.297046
346.5007,-0.296813
346.5165,-0.296538
346.5339,-0.296249
346.5508,-0.295985
346.567,-0.295728
346.5843,-0.295493
346.601,-0.295237
346.6177,-0.294921
346.6346,-0.294566
346.651,-0.294193
346.6681,-0.293655
346.6849,-0.293238
346.7009,-0.292901
346.7181,-0.292613
346.7344,-0.292351
346.7515,-0.29193
346.7686,-0.291611
346.7856,-0.291283
346.8014,-0.290878
346.8184,-0.290567
346.8351,-0.290173
346.8519,-0.289854
346.8682,-0.289489
346.8847,-0.289249
346.9019,-0.288955
346.9185,-0.288693
346.9356,-0.288331
346.952,-0.288046
346.9689,-0.287679
346.9852,-0.287207
347.0023,-0.286669
347.0187,-0.286235
347.0364,-0.285775
347.052,-0.285406
347.0693,-0.285102
347.0851,-0.284699
347.103,-0.284411
347.1192,-0.284034
347.1363,-0.283654
347.1527,-0.283246
347.1701,-0.282855
347.1866,-0.282548
347.2029,-0.282282
347.2198,-0.282029
347.236,-0.281782
347.2531,-0.281498
347.2707,-0.281114
347.2878,-0.280824
347.3047,-0.280424
347.3209,-0.279923
347.337,-0.279272
347.3543,-0.278509
347.3708,-0.277928
347.3873,-0.277462
347.4048,-0.277015
347.4209,-0.27653
347.4372,-0.27608
347.454,-0.275683
347.4715,-0.275302
347.488,-0.27494
347.5049,-0.274645
347.5212,-0.274374
347.5381,-0.274034
347.5542,-0.273553
347.5716,-0.272942
347.5887,-0.272444
347.6058,-0.271933
347.622,-0.271563
347.6386,-0.271157
347.6548,-0.270746
347.6721,-0.270377
347.6892,-0.270024
347.7066,-0.269686
347.7229,-0.269322
347.7393,-0.26886
347.7556,-0.268339
347.7732,-0.26787
347.7894,-0.267441
347.8069,-0.266993
347.823,-0.266429
347.8402,-0.265919
347.8572,-0.265323
347.8737,-0.264792
347.89,-0.264258
347.9075,-0.263824
347.9243,-0.263326
347.9411,-0.262763
347.9576,-0.262316
347.9743,-0.261887
347.9913,-0.261337
348.0085,-0.260766
348.0245,-0.260139
348.0414,-0.259682
348.0582,-0.259095
348.0741,-0.258739
348.0914,-0.258166
348.1085,-0.257856
348.1255,-0.257609
348.1417,-0.257226
348.1591,-0.256903
348.1753,-0.256449
348.1927,-0.25604
348.2089,-0.255543
348.2265,-0.255006
348.2428,-0.254418
348.2595,-0.253867
348.2759,-0.253181
348.2933,-0.252714
348.3102,-0.252207
348.3265,-0.251865
348.3435,-0.251621
348.3603,-0.251274
348.3777,-0.250996
348.3939,-0.250626
348.4102,-0.250145
348.4277,-0.249578
348.4451,-0.249083
348.4612,-0.24825
348.4778,-0.247782
348.4942,-0.247181
348.5117,-0.24664
348.5289,-0.246141
348.5447,-0.245891
348.5619,-0.245637
348.5784,-0.245285
348.5947,-0.244675
348.613,-0.244084
348.6303,-0.243495
348.6456,-0.242897
348.663,-0.242137
348.6798,-0.241554
348.6968,-0.241166
348.7128,-0.240701
348.7298,-0.240271
348.7461,-0.239961
348.7633,-0.239527
348.7804,-0.239051
348.7972,-0.238637
348.8137,-0.238156
348.8302,-0.237768
348.8473,-0.237411
348.8633,-0.236893
348.8805,-0.236434
348.8976,-0.236022
348.9151,-0.235722
348.9312,-0.235283
348.9481,-0.234841
348.9654,-0.234178
348.982,-0.233518
348.9992,-0.232862
349.0151,-0.232484
349.0323,-0.232152
349.0495,-0.23159
349.0656,-0.231045
349.0812,-0.230572
349.0993,-0.230314
349.1165,-0.230018
349.1327,-0.229742
349.149,-0.229375
349.166,-0.228904
349.183,-0.228535
349.1996,-0.228314
349.2162,-0.228096
349.2338,-0.227724
349.2499,-0.22712
349.2675,-0.226585
349.284,-0.22597
349.2998,-0.225202
349.3167,-0.224555
349.3333,-0.224048
349.3513,-0.223717
349.3672,-0.22352
349.3841,-0.223227
349.4005,-0.223066
349.4184,-0.222856
349.4344,-0.222614
349.4521,-0.222397
349.4684,-0.221998
349.4853,-0.221477
349.5015,-0.220886
349.5183,-0.220442
349.5357,-0.219979
349.5529,-0.219535
349.5692,-0.219141
349.5858,-0.218712
349.6028,-0.218363
349.6201,-0.217845
349.6358,-0.217222
349.6529,-0.216689
349.6698,-0.216186
349.6861,-0.215569
349.7033,-0.21523
349.7201,-0.215099
349.7368,-0.214865
349.7535,-0.214627
349.7694,-0.214388
349.7868,-0.214181
349.804,-0.21387
349.8212,-0.213462
349.8375,-0.212919
349.854,-0.212422
349.8715,-0.211906
349.8881,-0.211424
349.9048,-0.211104
349.9212,-0.210932
349.9384,-0.210738
349.9556,-0.210433
349.972,-0.210195
349.9885,-0.209928
350.0053,-0.209704
350.0219,-0.209375
350.0395,-0.209055
350.0556,-0.208831
350.0721,-0.2085
350.0899,-0.208153
350.1059,-0.207829
350.1228,-0.207456
350.1395,-0.207069
350.1564,-0.206655
350.1731,-0.206246
350.1902,-0.20593
350.2067,-0.205729
350.2238,-0.205505
350.2399,-0.205165
350.2569,-0.20483
350.274,-0.204552
350.291,-0.204256
350.3068,-0.203996
350.3237,-0.203766
350.34,-0.203573
350.357,-0.203306
350.3737,-0.203125
350.3908,-0.203014
350.4079,-0.202899
350.4247,-0.202744
350.442,-0.202499
350.4582,-0.202226
350.4754,-0.201907
350.4914,-0.201557
350.508,-0.201303
350.5252,-0.201045
350.5417,-0.200789
350.558,-0.200532
350.5756,-0.200337
350.5919,-0.200174
350.6089,-0.200005
350.6259,-0.199732
350.6428,-0.199325
350.6587,-0.198992
350.6759,-0.198656
350.6925,-0.19832
350.7087,-0.198056
350.7249,-0.197778
350.7421,-0.197573
350.759,-0.197382
350.7755,-0.197267
350.7926,-0.197152
350.8092,-0.197027
350.8257,-0.196833
350.8428,-0.19663
350.8597,-0.196455
350.8757,-0.19619
350.8925,-0.19596
350.9092,-0.195748
350.9267,-0.195575
350.9434,-0.195392
350.959,-0.195163
350.9766,-0.195056
350.993,-0.194908
351.0097,-0.19475
351.0264,-0.194576
351.0428,-0.194406
351.0603,-0.194207
351.0763,-0.193963
351.0935,-0.19377
351.1105,-0.193533
351.1274,-0.193295
351.144,-0.192976
351.1603,-0.192627
351.1779,-0.192358
351.1941,-0.19218
351.2112,-0.19204
351.2275,-0.191845
351.244,-0.191668
351.2616,-0.191485
351.2779,-0.191362
351.2943,-0.191272
351.3111,-0.191183
351.3289,-0.191077
351.3451,-0.19088
351.3622,-0.190718
351.3789,-0.190607
351.3952,-0.190502
351.4124,-0.190367
351.4288,-0.190213
351.4454,-0.189976
351.4624,-0.189828
351.4793,-0.189718
351.496,-0.189585
351.5119,-0.189438
351.5289,-0.189294
351.5464,-0.189162
351.5626,-0.18904
351.5786,-0.188939
351.5958,-0.188828
351.6125,-0.188721
351.6297,-0.188614
351.646,-0.188545
351.6633,-0.188493
351.6794,-0.188445
351.6967,-0.188339
351.713,-0.188213
351.7295,-0.188101
351.746,-0.187984
351.7636,-0.187835
351.7796,-0.187661
351.7968,-0.187561
351.8131,-0.187437
351.8302,-0.187356
351.8463,-0.187264
351.8633,-0.187196
351.8804,-0.187099
351.8963,-0.186984
351.9137,-0.186886
351.9303,-0.186784
351.9468,-0.186664
351.9638,-0.186532
351.9803,-0.186444
351.9971,-0.18636
352.0143,-0.186276
352.0306,-0.1862
352.047,-0.186147
352.064,-0.186072
352.0806,-0.185969
352.0979,-0.185887
352.1142,-0.185785
352.1312,-0.185709
352.1482,-0.185639
352.164,-0.185564
352.1811,-0.185486
352.1972,-0.185361
352.214,-0.185224
352.2307,-0.185129
352.2472,-0.185046
352.2637,-0.184941
352.2808,-0.184839
352.2979,-0.184724
352.3144,-0.184607
352.3311,-0.184469
352.3477,-0.184333
352.3636,-0.184194
352.3808,-0.184091
352.3974,-0.183977
352.4144,-0.18387
352.4302,-0.183797
352.4472,-0.183721
352.4647,-0.183661
352.481,-0.183626
352.4974,-0.183599
352.514,-0.183576
352.531,-0.183536
352.5474,-0.183488
352.5639,-0.183433
352.5811,-0.18338
352.5985,-0.183326
352.6143,-0.183243
352.6314,-0.183137
352.6482,-0.183061
352.6648,-0.182989
352.6812,-0.182933
352.6979,-0.18289
352.7141,-0.182853
352.7318,-0.182818
352.7476,-0.182784
352.7653,-0.182741
352.7812,-0.182711
352.7983,-0.18268
352.8152,-0.182645
352.8312,-0.182616
352.8481,-0.18259
352.8646,-0.182557
352.8815,-0.182517
352.8987,-0.182467
352.9151,-0.182411
352.9314,-0.18235
352.9478,-0.182287
352.9661,-0.182189
352.9814,-0.182124
352.9983,-0.182068
353.015,-0.182026
353.0316,-0.181984
353.0474,-0.181946
353.0641,-0.18192
353.0816,-0.181899
353.0988,-0.181876
353.1143,-0.181853
353.1316,-0.181831
353.1487,-0.181808
353.1648,-0.181766
353.1813,-0.181714
353.1978,-0.181678
353.215,-0.18163
353.2313,-0.181583
353.2475,-0.181545
353.2645,-0.181511
353.2811,-0.18148
353.2976,-0.181449
353.3145,-0.18141
353.3311,-0.181381
353.3476,-0.181342
353.3645,-0.181293
353.3811,-0.181258
353.3971,-0.181212
353.4144,-0.181164
353.4311,-0.181109
353.4475,-0.181056
353.4645,-0.181013
353.4805,-0.180974
353.4972,-0.180947
353.5141,-0.180918
353.5313,-0.180872
353.5475,-0.180839
353.564,-0.180802
353.5815,-0.180743
353.5981,-0.180661
353.6148,-0.180542
353.631,-0.180369
353.6477,-0.180219
353.664,-0.180069
353.6816,-0.17992
353.6979,-0.179836
353.7146,-0.179775
353.7313,-0.179726
353.7477,-0.179687
353.7647,-0.179642
353.782,-0.179605
353.798,-0.179536
353.8155,-0.179452
353.8318,-0.179374
353.8482,-0.179292
353.8655,-0.179221
353.8816,-0.179163
353.899,-0.179103
353.9157,-0.179023
353.9328,-0.178971
353.9486,-0.178921
353.9653,-0.178891
353.9813,-0.178845
353.9991,-0.178784
354.0154,-0.178732
354.0314,-0.178684
354.049,-0.17863
354.0649,-0.178593
354.0823,-0.17856
354.0988,-0.178527
354.116,-0.178498
354.1322,-0.178468
354.1495,-0.178427
354.1653,-0.178378
354.1823,-0.17835
354.1992,-0.17832
354.2155,-0.17829
354.2325,-0.17826
354.2486,-0.178229
354.2655,-0.178197
354.2827,-0.178166
354.2992,-0.178134
354.3154,-0.178104
354.3326,-0.178074
354.3499,-0.178045
354.3664,-0.178016
354.3826,-0.177978
354.3996,-0.17795
354.4165,-0.17792
354.4332,-0.177891
354.4496,-0.17786
354.4668,-0.177832
354.4834,-0.177803
354.5001,-0.177773
354.5169,-0.177744
354.5331,-0.177717
354.5501,-0.177688
354.5667,-0.17766
354.5835,-0.177629
354.6002,-0.177598
354.6171,-0.177569
354.6338,-0.17754
354.6505,-0.177515
354.6669,-0.177488
354.6839,-0.177462
354.7009,-0.177434
354.7171,-0.177407
354.735,-0.177379
354.7504,-0.177353
354.7665,-0.177324
354.784,-0.177295
354.8004,-0.177266
354.8172,-0.177238
354.8345,-0.177213
354.8505,-0.177188
354.8675,-0.17716
354.884,-0.177132
354.9005,-0.177106
354.9176,-0.17708
354.9343,-0.177056
354.9506,-0.177031
354.9682,-0.177005
354.9843,-0.176976
355.0012,-0.176948
355.0171,-0.176923
355.0344,-0.176899
355.0512,-0.176874
355.0672,-0.176847
355.084,-0.176819
355.1015,-0.176793
355.1185,-0.176766
355.1345,-0.17674
355.1508,-0.176713
355.1676,-0.176684
355.1841,-0.176654
355.201,-0.176626
355.2168,-0.1766
355.2343,-0.176575
355.251,-0.176553
355.2679,-0.176526
355.2849,-0.176498
355.3018,-0.176471
355.3181,-0.176443
355.3348,-0.176413
355.3517,-0.176386
355.3672,-0.176358
355.385,-0.176329
355.4004,-0.176301
355.4168,-0.176274
355.4348,-0.176249
355.4503,-0.176224
355.4676,-0.176197
355.4841,-0.176172
355.5015,-0.176146
355.5176,-0.176121
355.5345,-0.176097
355.55,-0.176073
355.5674,-0.176046
355.5842,-0.176017
355.6008,-0.175987
355.6175,-0.175957
355.6337,-0.175928
355.6505,-0.175899
355.6666,-0.175871
355.6837,-0.175843
355.6997,-0.175818
355.7165,-0.175793
355.7336,-0.175768
355.7503,-0.175743
355.7666,-0.175714
355.7839,-0.175683
355.7998,-0.175645
355.8164,-0.175615
355.8335,-0.175586
355.8493,-0.17556
355.8662,-0.175532
355.8822,-0.175504
355.9001,-0.175476
355.9174,-0.175449
355.9346,-0.175423
355.95,-0.175396
355.9674,-0.175366
355.9839,-0.175335
356.0007,-0.175303
356.0174,-0.175272
356.0341,-0.17524
356.0495,-0.17521
356.0674,-0.175179
356.0839,-0.175147
356.1007,-0.17511
356.1166,-0.175071
356.1337,-0.175037
356.15,-0.175004
356.1678,-0.17497
356.1836,-0.174937
356.2007,-0.174906
356.2173,-0.174875
356.2344,-0.174845
356.2505,-0.174815
356.2672,-0.174785
356.2844,-0.174752
356.3008,-0.17472
356.3172,-0.174688
356.3336,-0.174657
356.3503,-0.174625
356.3669,-0.174595
356.3848,-0.174564
356.4005,-0.174534
356.4177,-0.174506
356.4342,-0.174476
356.4513,-0.174445
356.4675,-0.174412
356.4849,-0.174381
356.5008,-0.174351
356.5173,-0.174321
356.5342,-0.17429
356.5515,-0.17426
356.5679,-0.17423
356.5842,-0.174198
356.6014,-0.174166
356.6177,-0.174134
356.6341,-0.174104
356.6512,-0.174076
356.6669,-0.174049
356.6844,-0.174023
356.7011,-0.173996
356.7178,-0.173973
356.7344,-0.173949
356.7516,-0.173925
356.7684,-0.173897
356.7848,-0.173868
356.8019,-0.173836
356.8175,-0.173806
356.8346,-0.173775
356.8503,-0.173744
356.8676,-0.173713
356.8841,-0.173682
356.9008,-0.173655
356.9178,-0.173631
356.9347,-0.173609
356.9512,-0.173586
356.968,-0.17356
356.9842,-0.173534
357.0014,-0.173508
357.018,-0.173482
357.0345,-0.173456
357.0515,-0.17343
357.0677,-0.173403
357.0849,-0.173375
357.1012,-0.173349
357.1182,-0.173326
357.1348,-0.173302
357.1505,-0.173277
357.1683,-0.173253
357.1844,-0.17323
357.2014,-0.173208
357.218,-0.173186
357.2342,-0.173163
357.2515,-0.173139
357.2679,-0.173112
357.2853,-0.173086
357.3015,-0.173058
357.3178,-0.17303
357.335,-0.173005
357.3507,-0.17298
357.3682,-0.172953
357.384,-0.172929
357.4009,-0.172907
357.4182,-0.172884
357.4344,-0.172861
357.4512,-0.172836
357.4682,-0.17281
357.4843,-0.172783
357.5005,-0.172756
357.5174,-0.172731
357.5345,-0.172706
357.5506,-0.172682
357.5676,-0.172662
357.5845,-0.172642
357.601,-0.172623
357.617,-0.172601
357.6346,-0.17258
357.6512,-0.17256
357.6671,-0.172538
357.6845,-0.172515
357.7005,-0.172491
357.7176,-0.172468
357.7345,-0.172444
357.7513,-0.17242
357.768,-0.172395
357.7851,-0.172369
357.8013,-0.172343
357.8176,-0.172314
357.8338,-0.172285
357.8511,-0.172257
357.8675,-0.172232
357.8844,-0.172208
357.9014,-0.172186
357.9175,-0.172163
357.9344,-0.17214
357.9514,-0.172114
357.9676,-0.172088
357.9848,-0.172061
358.0009,-0.172037
358.0176,-0.172012
358.0344,-0.171991
358.0508,-0.17197
358.0679,-0.171947
358.0847,-0.171926
358.1007,-0.171906
358.1185,-0.171886
358.1339,-0.171866
358.1511,-0.171843
358.1683,-0.171822
358.1853,-0.171799
358.2019,-0.171777
358.218,-0.171756
358.2346,-0.171733
358.2514,-0.171709
358.2679,-0.171685
358.2854,-0.171662
358.3018,-0.171637
358.318,-0.171616
358.3351,-0.171593
358.3515,-0.171572
358.3688,-0.171549
358.3844,-0.171528
358.4024,-0.171506
358.4185,-0.171484
358.4343,-0.171463
358.4515,-0.171442
358.4688,-0.171421
358.4854,-0.1714
358.5007,-0.171381
358.5182,-0.171363
358.5357,-0.171345
358.5515,-0.171326
358.5684,-0.171306
358.5853,-0.17129
358.6022,-0.171269
358.6185,-0.171249
358.6359,-0.171229
358.6518,-0.171207
358.669,-0.171186
358.6848,-0.171166
358.7022,-0.171147
358.7195,-0.171127
358.7347,-0.171108
358.7529,-0.17109
358.7681,-0.171074
358.7852,-0.17106
358.8022,-0.171042
358.8188,-0.171025
358.8344,-0.171007
358.8517,-0.170992
358.8685,-0.170978
358.8857,-0.170965
358.9018,-0.170952
358.9186,-0.170937
358.9352,-0.170922
358.9524,-0.170907
358.9694,-0.170892
358.9851,-0.170877
359.0025,-0.170861
359.0189,-0.170846
359.0349,-0.170833
359.052,-0.170822
359.0689,-0.170815
359.0851,-0.170804
359.1028,-0.170793
359.1189,-0.170778
359.136,-0.170761
359.1521,-0.170744
359.1683,-0.170725
359.185,-0.170706
359.2019,-0.17069
359.2191,-0.170673
359.2348,-0.17066
359.252,-0.170649
359.2691,-0.170639
359.2859,-0.170627
359.3018,-0.170616
359.3193,-0.170605
359.3351,-0.170593
359.3524,-0.170582
359.3688,-0.170568
359.3852,-0.170555
359.4024,-0.170541
359.4191,-0.170527
359.4351,-0.170512
359.4525,-0.170501
359.4683,-0.170489
359.4848,-0.170478
359.5023,-0.170465
359.5184,-0.170454
359.5352,-0.170444
359.5512,-0.170431
359.5689,-0.17042
359.5853,-0.170408
359.6025,-0.170394
359.6194,-0.170381
359.6355,-0.170367
359.6523,-0.170352
359.6691,-0.170338
359.685,-0.170323
359.7025,-0.170306
359.7181,-0.170293
359.7354,-0.17028
359.7518,-0.170269
359.7687,-0.170259
359.7854,-0.17025
359.8017,-0.17024
359.819,-0.170228
359.8357,-0.170218
359.8524,-0.170208
359.8691,-0.170195
359.8854,-0.170182
359.9026,-0.170169
359.9185,-0.170156
359.9358,-0.170143
359.9523,-0.17013
359.9689,-0.170116
359.9861,-0.170101
360.0024,-0.170088
360.019,-0.170073
360.0358,-0.170057
360.0523,-0.170042
360.069,-0.170027
360.0854,-0.170014
360.1018,-0.170003
360.119,-0.169991
360.1349,-0.169982
360.1523,-0.169972
360.1691,-0.16996
360.1859,-0.169949
360.2019,-0.169938
360.2194,-0.169927
360.236,-0.169916
360.2531,-0.169903
360.2697,-0.16989
360.2856,-0.169879
360.3029,-0.169866
360.3197,-0.169855
360.3362,-0.169845
360.3528,-0.169836
360.3699,-0.169824
360.3866,-0.169813
360.4032,-0.169805
360.4198,-0.169794
360.437,-0.169784
360.453,-0.169775
360.4706,-0.169765
360.4868,-0.169752
360.5034,-0.169741
360.5202,-0.169732
360.5369,-0.169725
360.5536,-0.169717
360.5699,-0.169711
360.5869,-0.169702
360.6034,-0.169692
360.6204,-0.169683
360.6365,-0.169674
360.653,-0.169666
360.6698,-0.169655
360.6872,-0.169642
360.704,-0.169632
360.7202,-0.169623
360.737,-0.169615
360.7533,-0.169607
360.7698,-0.169598
360.7868,-0.16959
360.8033,-0.169583
360.8201,-0.169578
360.8364,-0.169574
360.8534,-0.16957
360.8706,-0.169564
360.8865,-0.169557
360.9046,-0.169551
360.9207,-0.169543
360.9373,-0.169535
360.9533,-0.169528
360.9703,-0.169521
360.9868,-0.169512
361.0036,-0.169504
361.0204,-0.169497
361.0367,-0.169492
361.0543,-0.169485
361.0703,-0.169479
361.0877,-0.169473
361.1037,-0.169466
361.1208,-0.169458
361.1376,-0.169449
361.1536,-0.169442
361.1707,-0.169431
361.1865,-0.169422
361.2042,-0.169412
361.2206,-0.169405
361.2372,-0.169398
361.2531,-0.169394
361.2704,-0.169391
361.287,-0.169385
361.3046,-0.169378
361.3203,-0.169374
361.337,-0.16937
361.3536,-0.169365
361.3698,-0.169362
361.3868,-0.169357
361.4036,-0.169355
361.42,-0.169353
361.437,-0.169351
361.4538,-0.169348
361.4705,-0.169342
361.4871,-0.169334
361.5039,-0.169327
361.5201,-0.169319
361.5364,-0.169314
361.5539,-0.16931
361.5696,-0.169306
361.5863,-0.169302
361.6037,-0.169303
361.6209,-0.169301
361.637,-0.169298
361.653,-0.169293
361.6703,-0.169288
361.6866,-0.169282
361.7032,-0.169277
361.7195,-0.169273
361.736,-0.169271
361.754,-0.169268
361.7694,-0.169265
361.7871,-0.169263
361.8029,-0.169259
361.8193,-0.169254
361.8364,-0.169249
361.8531,-0.169246
361.8698,-0.169239
361.8866,-0.169233
361.9036,-0.169227
361.9201,-0.169223
361.9363,-0.169222
361.9536,-0.169222
361.9704,-0.16922
361.9863,-0.169219
362.003,-0.16922
362.0199,-0.169218
362.0367,-0.169215
362.0529,-0.16921
362.0698,-0.169203
362.0867,-0.169196
362.1024,-0.169189
362.1197,-0.169183
362.137,-0.169177
362.1536,-0.169171
362.1703,-0.169161
362.1869,-0.169154
362.2031,-0.169145
362.2196,-0.169139
362.236,-0.16913
362.2532,-0.169121
362.2703,-0.16911
362.2863,-0.169101
362.3032,-0.169093
362.3203,-0.169088
362.3368,-0.169085
362.3531,-0.169079
362.3692,-0.169072
362.3868,-0.169064
362.4036,-0.169059
362.42,-0.169054
362.4353,-0.169048
362.453,-0.169039
362.4703,-0.169031
362.4866,-0.169024
362.5034,-0.169018
362.5194,-0.169015
362.5366,-0.16901
362.5531,-0.169005
362.5702,-0.168997
362.5872,-0.16899
362.6039,-0.168986
362.6203,-0.168979
362.6367,-0.168973
362.6542,-0.168967
362.6698,-0.168961
362.6868,-0.168956
362.7041,-0.168951
362.7208,-0.168946
362.7375,-0.168939
362.7534,-0.168934
362.7705,-0.16893
362.7868,-0.168928
362.8039,-0.168925
362.821,-0.168921
362.8373,-0.168916
362.8537,-0.16891
362.8707,-0.168904
362.8871,-0.168895
362.9044,-0.168888
362.9204,-0.168882
362.937,-0.168879
362.9537,-0.168874
362.9712,-0.168872
362.9878,-0.168872
363.0043,-0.168869
363.0208,-0.168866
363.0378,-0.16886
363.0544,-0.168855
363.0713,-0.16885
363.0873,-0.168847
363.1044,-0.168846
363.1206,-0.168847
363.1379,-0.168847
363.1548,-0.168844
363.1713,-0.168843
363.188,-0.168841
363.2045,-0.168838
363.2212,-0.168833
363.237,-0.168826
363.2546,-0.168818
363.2711,-0.168813
363.2874,-0.168809
363.304,-0.168808
363.3213,-0.168808
363.3376,-0.168806
363.3543,-0.168804
363.3705,-0.168804
363.3884,-0.168803
363.4043,-0.168801
363.4214,-0.168797
363.4381,-0.168792
363.4542,-0.168788
363.4717,-0.168783
363.4884,-0.168778
363.5044,-0.168774
363.5209,-0.168769
363.5381,-0.168765
363.5545,-0.168758
363.5718,-0.168755
363.5882,-0.168753
363.604,-0.16875
363.6215,-0.168745
363.6379,-0.168741
363.6551,-0.168737
363.6719,-0.168735
363.688,-0.168732
363.7043,-0.16873
363.7214,-0.168727
363.7378,-0.168724
363.7545,-0.168723
363.7717,-0.168723
363.7881,-0.168723
363.8054,-0.168722
363.8224,-0.168722
363.8382,-0.168722
363.855,-0.168721
363.8712,-0.168721
363.8875,-0.168721
363.9035,-0.16872
363.9212,-0.16872
363.9381,-0.168723
363.955,-0.168725
363.9719,-0.168727
363.9887,-0.168726
364.0045,-0.168723
364.0209,-0.168721
364.0387,-0.168723
364.055,-0.168723
364.0711,-0.168722
364.0878,-0.168721
364.1051,-0.168719
364.1217,-0.168717
364.1387,-0.168717
364.1553,-0.168717
364.1721,-0.168715
364.1881,-0.168712
364.2051,-0.16871
364.2214,-0.168711
364.2378,-0.168711
364.2549,-0.168714
364.2715,-0.168718
364.2885,-0.16872
364.305,-0.168723
364.3217,-0.168726
364.3383,-0.168727
364.3544,-0.168725
364.3713,-0.168722
364.3882,-0.168719
364.4046,-0.168715
364.4216,-0.168711
364.4373,-0.16871
364.4544,-0.16871
364.4715,-0.168708
364.4875,-0.168709
364.5048,-0.168711
364.5216,-0.168712
364.5377,-0.168712
364.5545,-0.168713
364.5705,-0.168714
364.5877,-0.168711
364.6045,-0.168708
364.6211,-0.168707
364.6379,-0.168708
364.6541,-0.168708
364.6713,-0.168707
364.6874,-0.168707
364.7042,-0.168709
364.7208,-0.168711
364.737,-0.168714
364.7539,-0.168713
364.771,-0.168712
364.7879,-0.168709
364.8044,-0.168704
364.8205,-0.1687
364.8371,-0.168698
364.8536,-0.168693
364.8709,-0.168688
364.8868,-0.168685
364.9035,-0.168685
364.9204,-0.168685
364.9372,-0.168683
364.9539,-0.168681
364.9714,-0.16868
364.9878,-0.168679
365.0041,-0.168678
365.0206,-0.168676
365.0371,-0.168671
365.0537,-0.168668
365.0702,-0.168667
365.0867,-0.168667
365.1035,-0.168665
365.1197,-0.168662
365.1374,-0.168658
365.1532,-0.168655
365.1699,-0.168652
365.1868,-0.168648
365.2028,-0.168644
365.2192,-0.16864
365.2368,-0.168636
365.2536,-0.168631
365.27,-0.168628
365.287,-0.168629
365.3039,-0.168626
365.3199,-0.168623
365.3368,-0.168621
365.3527,-0.168618
365.3702,-0.168615
365.387,-0.168613
365.4029,-0.16861
365.4197,-0.168607
365.4368,-0.168606
365.4531,-0.168602
365.4702,-0.168598
365.4869,-0.168595
365.5039,-0.16859
365.5208,-0.168587
365.5367,-0.168583
365.5538,-0.168579
365.5695,-0.168578
365.5867,-0.168576
365.6038,-0.168573
365.6203,-0.168572
365.6367,-0.168568
365.6532,-0.168565
365.6703,-0.16856
365.6863,-0.168553
365.7032,-0.168544
365.7198,-0.168538
365.7369,-0.168532
365.753,-0.168528
365.7692,-0.168526
365.7865,-0.168521
365.8032,-0.168518
365.8192,-0.168518
365.836,-0.168521
365.8533,-0.168525
365.8696,-0.168527
365.8868,-0.168526
365.903,-0.168523
365.9202,-0.168519
365.9358,-0.168516
365.9532,-0.168509
365.9701,-0.168504
365.9856,-0.168496
366.0025,-0.168488
366.019,-0.168484
366.0349,-0.16848
366.0523,-0.168475
366.0695,-0.168474
366.0854,-0.168471
366.1028,-0.168467
366.1192,-0.168466
366.1347,-0.168464
366.1525,-0.168463
366.1686,-0.168461
366.1858,-0.168461
366.2023,-0.168461
366.2187,-0.168461
366.2354,-0.168462
366.252,-0.168463
366.269,-0.168461
366.2857,-0.168459
366.3019,-0.168455
366.3188,-0.16845
366.3355,-0.168446
366.3521,-0.168443
366.3687,-0.168437
366.3855,-0.168433
366.402,-0.168428
366.4196,-0.168424
366.4358,-0.168419
366.4525,-0.168416
366.469,-0.168413
366.4854,-0.168408
366.5028,-0.168398
366.5189,-0.168393
366.5352,-0.168389
366.5526,-0.168386
366.5688,-0.168383
366.5857,-0.168381
366.602,-0.168378
366.6192,-0.168378
366.6352,-0.168377
366.6529,-0.168376
366.6683,-0.168372
366.6856,-0.168369
366.7027,-0.168366
366.7189,-0.168364
366.7351,-0.168363
366.752,-0.16836
366.7694,-0.168357
366.7853,-0.168357
366.8027,-0.168357
366.8195,-0.168356
366.8354,-0.168357
366.8521,-0.168357
366.8687,-0.168358
366.8856,-0.168358
366.9029,-0.168357
366.9194,-0.168356
366.9359,-0.168356
366.9529,-0.168349
366.9695,-0.168346
366.9859,-0.168339
367.0027,-0.168333
367.0193,-0.168328
367.0351,-0.168327
367.0523,-0.168325
367.069,-0.168323
367.0854,-0.168321
367.1031,-0.16832
367.1195,-0.168322
367.1365,-0.168321
367.1529,-0.168323
367.1692,-0.168323
367.1865,-0.168322
367.2033,-0.168321
367.2195,-0.168319
367.2364,-0.168319
367.2529,-0.168318
367.2699,-0.168317
367.2858,-0.168317
367.3027,-0.168317
367.3193,-0.168318
367.3365,-0.16832
367.3526,-0.168323
367.3695,-0.168329
367.3867,-0.168332
367.4028,-0.168333
367.4198,-0.168335
367.4362,-0.168336
367.4537,-0.168335
367.4698,-0.168333
367.4868,-0.168332
367.5031,-0.168331
367.5194,-0.168332
367.5368,-0.168334
367.5528,-0.168336
367.5694,-0.168342
367.5866,-0.168346
367.6036,-0.168351
367.6193,-0.168354
367.6369,-0.168356
367.6537,-0.168356
367.67,-0.168359
367.687,-0.168361
367.7034,-0.168362
367.7199,-0.168363
367.7366,-0.168363
367.7544,-0.168364
367.7707,-0.168365
367.7863,-0.168365
367.8036,-0.168364
367.8202,-0.168362
367.8372,-0.16836
367.8537,-0.168362
367.8703,-0.168364
367.8867,-0.168366
367.9031,-0.16837
367.9196,-0.168374
367.9369,-0.168376
367.9535,-0.16838
367.9702,-0.168383
367.9873,-0.168385
368.0034,-0.168388
368.02,-0.168391
368.037,-0.168393
368.0532,-0.168395
368.0699,-0.168397
368.0873,-0.168398
368.1036,-0.168399
368.1195,-0.168401
368.1371,-0.168404
368.1533,-0.168407
368.1706,-0.168408
368.1873,-0.16841
368.204,-0.168413
368.2201,-0.168415
368.237,-0.168417
368.254,-0.168419
368.2704,-0.168421
368.287,-0.168422
368.3046,-0.168424
368.3207,-0.168426
368.3374,-0.168428
368.3536,-0.168429
368.3704,-0.168428
368.3869,-0.168427
368.4035,-0.168425
368.4203,-0.168425
368.4373,-0.168427
368.4537,-0.168428
368.4708,-0.168431
368.4874,-0.168432
368.5034,-0.168431
368.5199,-0.168432
368.5375,-0.168434
368.5536,-0.168436
368.5697,-0.168436
368.5866,-0.168441
368.6039,-0.168445
368.6209,-0.168448
368.6374,-0.168449
368.6541,-0.168447
368.6708,-0.168445
368.6871,-0.168442
368.7043,-0.168441
368.7207,-0.168443
368.7378,-0.168442
368.7537,-0.168444
368.7705,-0.168448
368.7873,-0.168452
368.8039,-0.168455
