Temperaturee (°C),Heat flow (W/g)
70.0117,0.0136927
70.0114,0.0136957
70.0114,0.0137023
70.0118,0.0137076
70.011,0.0137123
70.0106,0.0137163
70.0116,0.0137198
70.0111,0.0137236
70.0114,0.0137262
70.0107,0.013728
70.0106,0.0137295
70.0109,0.0137308
70.0116,0.0137303
70.0123,0.013729
70.0122,0.01373
70.0121,0.0137296
70.0132,0.0137306
70.0132,0.0137319
70.014,0.0137346
70.014,0.0137383
70.0162,0.0137431
70.016,0.0137525
70.0173,0.0137649
70.0183,0.0137903
70.0197,0.013846
70.0211,0.0139111
70.0217,0.0140468
70.024,0.0142917
70.0255,0.0146283
70.0274,0.015318
70.0298,0.0162125
70.0325,0.0173249
70.0345,0.0189888
70.0374,0.0209177
70.04,0.0228934
70.0433,0.0250294
70.0466,0.0271208
70.0494,0.0291786
70.0537,0.0310171
70.0572,0.0328578
70.0615,0.0347248
70.0661,0.0361278
70.0704,0.0376865
70.0757,0.0394695
70.081,0.0408387
70.0857,0.0423121
70.0918,0.0441199
70.0975,0.0459661
70.1033,0.0475008
70.1096,0.0488813
70.1156,0.0504855
70.1219,0.0522964
70.1291,0.0535392
70.1359,0.0550742
70.1438,0.0564971
70.1508,0.0576018
70.1589,0.058794
70.1667,0.0600231
70.1751,0.0612092
70.1829,0.0623116
70.1921,0.0635646
70.2003,0.0644814
70.2089,0.0653034
70.2186,0.0661721
70.2276,0.0667339
70.2368,0.0675771
70.2472,0.0679441
70.256,0.06853
70.2663,0.0689512
70.2768,0.0689783
70.2852,0.0693688
70.2969,0.0698717
70.3066,0.0700944
70.3184,0.0701018
70.3288,0.0702294
70.3388,0.069688
70.3504,0.0695712
70.3612,0.0694118
70.372,0.0691827
70.3838,0.0687987
70.3955,0.0684667
70.4066,0.0682731
70.4187,0.0679894
70.4298,0.0669698
70.4418,0.0663934
70.4533,0.0655034
70.4654,0.0647482
70.4773,0.0641052
70.4886,0.0636048
70.5016,0.0631836
70.5139,0.0628518
70.5266,0.0623928
70.5391,0.0618067
70.5514,0.0611746
70.5634,0.0603922
70.5761,0.0593684
70.5882,0.058338
70.6019,0.0570774
70.6132,0.0557757
70.6265,0.0543027
70.6392,0.0524413
70.6526,0.0506769
70.6662,0.0488991
70.679,0.0472531
70.692,0.0458796
70.7055,0.0444937
70.7183,0.0435518
70.731,0.0424109
70.7444,0.0409732
70.7581,0.0395709
70.7713,0.0384744
70.7844,0.0371912
70.7988,0.0359979
70.813,0.0346124
70.8251,0.0333753
70.8391,0.0324068
70.8517,0.0312097
70.8657,0.0300884
70.8802,0.0288319
70.8945,0.0270683
70.9072,0.025931
70.9211,0.0246949
70.9358,0.0237896
70.9496,0.0227385
70.9636,0.0216012
70.9781,0.0207339
70.992,0.0199149
71.0068,0.0191322
71.0201,0.0178849
71.0344,0.0167329
71.0481,0.0155111
71.0635,0.0140017
71.0771,0.012769
71.0916,0.0111986
71.1063,0.0102741
71.1206,0.00892391
71.1353,0.00805484
71.1495,0.00711903
71.1643,0.00596859
71.1785,0.00503008
71.1929,0.00443493
71.2079,0.00372905
71.2227,0.00243613
71.2378,0.0011655
71.2522,0.000126981
71.2671,-0.00101823
71.2816,-0.00201789
71.2968,-0.00291793
71.312,-0.00403908
71.327,-0.00529336
71.3429,-0.00600601
71.3568,-0.00698319
71.3724,-0.00782315
71.3878,-0.00855728
71.4021,-0.009516
71.4176,-0.0103694
71.4319,-0.0114226
71.4469,-0.0124852
71.4632,-0.0134571
71.4786,-0.0141869
71.4934,-0.0148892
71.5088,-0.015655
71.5245,-0.0166513
71.5397,-0.0172274
71.5542,-0.0181737
71.5701,-0.0191278
71.5851,-0.0197128
71.6012,-0.0209225
71.6167,-0.0216319
71.6331,-0.0227847
71.6478,-0.0232023
71.6637,-0.0242932
71.6784,-0.0253647
71.6934,-0.0261756
71.7095,-0.0267637
71.725,-0.0276933
71.7415,-0.028476
71.7568,-0.0293086
71.7721,-0.0300109
71.7876,-0.0305607
71.8032,-0.0310445
71.8193,-0.0317187
71.8348,-0.0324226
71.8502,-0.0333759
71.8657,-0.0342579
71.8825,-0.0352409
71.8976,-0.0361758
71.9128,-0.0368689
71.9291,-0.0375908
71.945,-0.038285
71.9606,-0.0386337
71.9768,-0.0393528
71.9925,-0.0400059
72.0086,-0.0406992
72.0238,-0.0411566
72.0403,-0.0418734
72.0562,-0.0428194
72.0719,-0.0435811
72.0874,-0.0440182
72.1026,-0.0442663
72.1189,-0.044974
72.1356,-0.0458233
72.1515,-0.0461591
72.1672,-0.0468993
72.1829,-0.0478648
72.1992,-0.0480984
72.216,-0.0487155
72.2306,-0.0492177
72.2471,-0.0500864
72.2638,-0.0505199
72.2794,-0.0508617
72.2953,-0.051743
72.3114,-0.0522661
72.328,-0.0527708
72.3438,-0.0533234
72.3597,-0.0539096
72.3766,-0.0543404
72.3923,-0.054509
72.4084,-0.0549805
72.4243,-0.0553563
72.4408,-0.0557802
72.4563,-0.0563145
72.4727,-0.0568681
72.4887,-0.0572975
72.5054,-0.0579014
72.5212,-0.0584747
72.5374,-0.0591564
72.5535,-0.0592858
72.5697,-0.0595994
72.5865,-0.0595902
72.6022,-0.059969
72.6183,-0.060264
72.6347,-0.0607173
72.6506,-0.0611479
72.6666,-0.0617165
72.6838,-0.0621627
72.6995,-0.0624887
72.7157,-0.0628686
72.7325,-0.0633548
72.7486,-0.0639299
72.7647,-0.0642379
72.781,-0.0646033
72.7979,-0.0650162
72.8136,-0.0653604
72.8293,-0.0656965
72.8467,-0.0660577
72.863,-0.0663913
72.8793,-0.0666509
72.8947,-0.0669425
72.912,-0.0671526
72.9284,-0.0673958
72.9442,-0.0677195
72.9606,-0.0680676
72.9774,-0.06849
72.9933,-0.0687649
73.0105,-0.068937
73.0262,-0.069263
73.0427,-0.0695138
73.0591,-0.0697158
73.0751,-0.0701251
73.0914,-0.07041
73.1083,-0.0707874
73.1242,-0.0712062
73.1419,-0.0715669
73.1577,-0.0718293
73.1739,-0.0720004
73.1908,-0.0721651
73.2072,-0.0723991
73.2233,-0.0725692
73.2391,-0.0728366
73.2561,-0.0730907
73.2721,-0.0733455
73.289,-0.0735152
73.3056,-0.0736921
73.3223,-0.0738419
73.3384,-0.073906
73.3543,-0.0739799
73.3701,-0.074101
73.3871,-0.0742907
73.4031,-0.0744854
73.4201,-0.0747718
73.4369,-0.0751309
73.4535,-0.0755361
73.4697,-0.0759463
73.4857,-0.0762881
73.5024,-0.0764831
73.5197,-0.0766443
73.5359,-0.0768408
73.5518,-0.0771025
73.569,-0.0772953
73.5846,-0.0774546
73.6009,-0.0775739
73.6182,-0.0776379
73.6354,-0.0777113
73.6518,-0.0777794
73.6685,-0.077904
73.6837,-0.0779937
73.7004,-0.0780761
73.7164,-0.0782102
73.7334,-0.0783735
73.7505,-0.078559
73.7664,-0.0787739
73.7824,-0.0789412
73.7997,-0.0790757
73.8155,-0.0791482
73.8327,-0.079235
73.8492,-0.0793531
73.8657,-0.0794562
73.8821,-0.0795532
73.899,-0.0796548
73.9151,-0.0797381
73.9324,-0.0798528
73.9483,-0.0800239
73.9649,-0.08019
73.9815,-0.0803633
73.9973,-0.0805403
74.0154,-0.0807866
74.0305,-0.0809783
74.0478,-0.0811553
74.0647,-0.0812981
74.0811,-0.0813857
74.0974,-0.0814151
74.1142,-0.0814658
74.1302,-0.0815146
74.1469,-0.0815635
74.1629,-0.0815981
74.1794,-0.0816355
74.1962,-0.0816974
74.2134,-0.0818023
74.2289,-0.081902
74.2449,-0.0819989
74.2613,-0.0820671
74.2796,-0.0821423
74.2958,-0.0821954
74.312,-0.0822675
74.3285,-0.0823377
74.3448,-0.0824243
74.3622,-0.0824901
74.3784,-0.0825609
74.3946,-0.0826321
74.4109,-0.0827016
74.4287,-0.0827653
74.4447,-0.0828044
74.462,-0.082858
74.4778,-0.0829243
74.4946,-0.0829796
74.5111,-0.0830181
74.5274,-0.0830813
74.5437,-0.0831441
74.5605,-0.0832103
74.5777,-0.0832585
74.5942,-0.0833162
74.6106,-0.0833716
74.6268,-0.0834314
74.6434,-0.0834881
74.6604,-0.0835431
74.6768,-0.0835998
74.6934,-0.0836397
74.7106,-0.083684
74.7263,-0.0837166
74.7429,-0.0837668
74.7596,-0.0838196
74.7765,-0.0838585
74.7927,-0.0839065
74.8089,-0.0839582
74.8259,-0.0840012
74.8424,-0.0840485
74.8593,-0.0841051
74.8762,-0.084148
74.8926,-0.0841862
74.9093,-0.084205
74.9262,-0.0842228
74.943,-0.084253
74.959,-0.0842827
74.9757,-0.084309
74.9916,-0.0843316
75.0092,-0.0843554
75.0257,-0.0843971
75.0414,-0.0844365
75.0574,-0.0844627
75.0748,-0.0844889
75.0926,-0.0845094
75.1083,-0.0845481
75.1254,-0.0845901
75.1405,-0.0846253
75.1575,-0.0846697
75.1751,-0.0847027
75.1915,-0.084744
75.2078,-0.0847855
75.2244,-0.0848194
75.2412,-0.0848405
75.2573,-0.0848605
75.2739,-0.0848817
75.2911,-0.0849023
75.3076,-0.0849216
75.3238,-0.0849416
75.3409,-0.0849612
75.3571,-0.0849823
75.3736,-0.0850087
75.39,-0.0850303
75.4074,-0.0850618
75.4235,-0.0850805
75.4402,-0.0851023
75.4552,-0.085124
75.4731,-0.085146
75.4896,-0.0851657
75.506,-0.0851871
75.5234,-0.0852107
75.5392,-0.0852457
75.5561,-0.0852688
75.5717,-0.0852913
75.5886,-0.0853121
75.6049,-0.085332
75.6231,-0.0853544
75.6396,-0.0853855
75.6557,-0.0854056
75.6722,-0.085426
75.6895,-0.0854486
75.7059,-0.0854703
75.7216,-0.0854912
75.7387,-0.0855129
75.7555,-0.0855352
75.7719,-0.0855569
75.7894,-0.0855797
75.8059,-0.0856016
75.8223,-0.0856208
75.8386,-0.0856396
75.856,-0.0856599
75.8722,-0.0856814
75.8885,-0.0857041
75.9053,-0.0857267
75.9221,-0.0857491
75.9388,-0.0857726
75.9549,-0.0857962
75.9724,-0.0858199
75.9884,-0.0858426
76.006,-0.0858644
76.022,-0.085885
76.0381,-0.0859052
76.0552,-0.0859228
76.0714,-0.0859404
76.089,-0.0859567
76.1048,-0.0859726
76.1219,-0.0859903
76.138,-0.0860098
76.1544,-0.0860311
76.1709,-0.0860514
76.1876,-0.0860743
76.2053,-0.0860955
76.2206,-0.0861186
76.2381,-0.0861395
76.2544,-0.0861585
76.2709,-0.0861766
76.2872,-0.0861918
76.3036,-0.0862075
76.3205,-0.0862244
76.3376,-0.0862442
76.3534,-0.0862667
76.3704,-0.0862902
76.3867,-0.0863136
76.4036,-0.086335
76.4205,-0.0863582
76.4371,-0.0863825
76.4532,-0.0864053
76.4702,-0.0864254
76.4877,-0.0864423
76.5044,-0.0864614
76.5207,-0.0864817
76.5362,-0.0865029
76.5528,-0.0865217
76.5695,-0.0865422
76.5867,-0.0865626
76.6034,-0.0865827
76.6203,-0.086603
76.6368,-0.0866212
76.6535,-0.086637
76.671,-0.08665
76.6867,-0.0866643
76.7036,-0.0866816
76.7195,-0.0866986
76.7356,-0.0867168
76.7523,-0.0867369
76.7692,-0.0867583
76.7859,-0.0867787
76.8018,-0.0868017
76.8189,-0.0868224
76.8354,-0.086841
76.8525,-0.0868597
76.8693,-0.0868781
76.8856,-0.0868975
76.9023,-0.0869154
76.9183,-0.0869328
76.9357,-0.0869483
76.9536,-0.0869643
76.9696,-0.0869814
76.986,-0.0870009
77.0023,-0.087021
77.0187,-0.0870382
77.0366,-0.0870552
77.0521,-0.087073
77.0695,-0.0870928
77.0866,-0.0871109
77.1019,-0.0871264
77.1202,-0.0871397
77.1359,-0.0871526
77.152,-0.087164
77.168,-0.0871776
77.1851,-0.0871917
77.202,-0.0872051
77.2187,-0.0872197
77.2351,-0.0872344
77.2518,-0.0872491
77.2686,-0.0872647
77.2846,-0.0872819
77.3016,-0.0873004
77.3192,-0.087317
77.3349,-0.0873332
77.352,-0.0873488
77.3683,-0.0873634
77.3853,-0.0873772
77.4018,-0.0873896
77.418,-0.0874031
77.4351,-0.0874177
77.4516,-0.087434
77.4682,-0.0874491
77.4839,-0.0874623
77.5015,-0.0874762
77.5175,-0.087489
77.535,-0.087503
77.5517,-0.0875165
77.5677,-0.0875302
77.5844,-0.0875416
77.6011,-0.087552
77.6184,-0.0875645
77.6342,-0.0875771
77.651,-0.0875903
77.6672,-0.0876025
77.6842,-0.087615
77.7002,-0.0876279
77.7169,-0.0876408
77.7337,-0.0876547
77.7505,-0.0876694
77.7674,-0.0876838
77.7844,-0.0876946
77.7998,-0.0877063
77.817,-0.0877155
77.8343,-0.0877256
77.8508,-0.0877338
77.8663,-0.0877412
77.8831,-0.087751
77.9002,-0.0877618
77.9167,-0.0877746
77.9328,-0.0877903
77.9501,-0.0878067
77.9668,-0.0878252
77.9829,-0.0878417
77.9999,-0.0878579
78.0174,-0.0878749
78.0329,-0.0878891
78.0504,-0.0878996
78.0659,-0.0879116
78.0839,-0.0879212
78.1002,-0.0879292
78.1168,-0.0879381
78.1334,-0.0879484
78.15,-0.0879577
78.1668,-0.0879658
78.183,-0.0879733
78.2001,-0.0879827
78.217,-0.0879925
78.2333,-0.0880008
78.2492,-0.0880086
78.2665,-0.088018
78.284,-0.0880277
78.2997,-0.0880365
78.3167,-0.0880466
78.3332,-0.0880554
78.3504,-0.0880657
78.3667,-0.0880754
78.3832,-0.088084
78.3998,-0.0880929
78.4165,-0.0881004
78.4334,-0.0881073
78.4501,-0.0881126
78.4663,-0.0881195
78.4832,-0.0881279
78.5,-0.0881352
78.5168,-0.0881435
78.5327,-0.0881533
78.5501,-0.0881634
78.5655,-0.0881737
78.5828,-0.0881842
78.6,-0.0881934
78.6155,-0.088202
78.6318,-0.0882095
78.6496,-0.0882188
78.6657,-0.0882308
78.6825,-0.0882429
78.6986,-0.0882555
78.7159,-0.0882678
78.7329,-0.0882783
78.7487,-0.0882883
78.7665,-0.0882988
78.783,-0.0883083
78.7993,-0.088318
78.8153,-0.0883261
78.832,-0.0883345
78.8486,-0.0883414
78.8654,-0.0883497
78.8817,-0.0883592
78.899,-0.0883688
78.9165,-0.0883804
78.9321,-0.0883904
78.9489,-0.0884009
78.9656,-0.0884121
78.9815,-0.0884213
78.9986,-0.0884283
79.0162,-0.0884343
79.0324,-0.0884399
79.0491,-0.0884477
79.0655,-0.088455
79.0823,-0.0884615
79.0987,-0.0884658
79.1157,-0.0884713
79.1326,-0.0884761
79.1482,-0.0884827
79.1647,-0.0884898
79.1817,-0.0884965
79.1977,-0.0885009
79.2147,-0.0885066
79.2317,-0.0885141
79.249,-0.0885197
79.2654,-0.0885254
79.2813,-0.0885272
79.2984,-0.0885287
79.3156,-0.0885287
79.3316,-0.0885297
79.3484,-0.0885339
79.3646,-0.0885388
79.381,-0.0885438
79.3978,-0.0885509
79.415,-0.0885584
79.432,-0.0885651
79.4479,-0.0885709
79.4648,-0.0885747
79.4814,-0.0885795
79.4977,-0.0885811
79.5142,-0.0885837
79.5305,-0.0885863
79.5476,-0.0885902
79.5644,-0.0885955
79.5807,-0.0886016
79.5974,-0.0886086
79.6136,-0.0886144
79.6316,-0.0886174
79.648,-0.0886215
79.6648,-0.0886252
79.6811,-0.0886288
79.6979,-0.0886329
79.7134,-0.0886377
79.7317,-0.0886418
79.7481,-0.0886453
79.7642,-0.0886498
79.7808,-0.0886555
79.7974,-0.0886613
79.8138,-0.0886667
79.8304,-0.0886724
79.8475,-0.0886789
79.8645,-0.0886848
79.8807,-0.0886914
79.8976,-0.0886973
79.9147,-0.0887006
79.931,-0.0887044
79.948,-0.0887064
79.9643,-0.0887093
79.9806,-0.0887137
79.9974,-0.0887182
80.0142,-0.0887223
80.0306,-0.0887252
80.0471,-0.0887278
80.0637,-0.0887312
80.0809,-0.0887351
80.0976,-0.0887371
80.1134,-0.088741
80.1295,-0.0887421
80.1469,-0.0887442
80.1636,-0.0887443
80.1802,-0.0887457
80.1972,-0.0887471
80.2135,-0.0887497
80.2301,-0.0887516
80.2465,-0.0887548
80.2626,-0.0887582
80.2806,-0.0887609
80.2974,-0.0887652
80.313,-0.0887711
80.3305,-0.0887758
80.3467,-0.0887801
80.3633,-0.088783
80.3799,-0.0887834
80.3967,-0.0887837
80.4132,-0.0887845
80.4297,-0.088786
80.4463,-0.0887891
80.4624,-0.0887885
80.48,-0.0887879
80.4956,-0.0887877
80.5133,-0.0887868
80.5308,-0.088787
80.5461,-0.0887862
80.5637,-0.0887836
80.5798,-0.0887828
80.5967,-0.0887802
80.6133,-0.0887814
80.6302,-0.0887902
80.6464,-0.0887978
80.6634,-0.0888055
80.6796,-0.0888134
80.6959,-0.0888208
80.7133,-0.0888247
80.7297,-0.0888277
80.7467,-0.0888299
80.7632,-0.0888293
80.7807,-0.0888258
80.7958,-0.0888229
80.8134,-0.0888238
80.8297,-0.0888263
80.8464,-0.0888294
80.8625,-0.0888321
80.8794,-0.0888352
80.8963,-0.0888402
80.9129,-0.0888438
80.9294,-0.0888466
80.9468,-0.0888487
80.9633,-0.0888497
80.9803,-0.0888498
80.9958,-0.0888478
81.0136,-0.0888483
81.0285,-0.0888491
81.0461,-0.0888481
81.0629,-0.0888461
81.0792,-0.0888472
81.0968,-0.0888491
81.1141,-0.0888512
81.1291,-0.0888532
81.1459,-0.0888537
81.1629,-0.0888553
81.1798,-0.088856
81.196,-0.0888565
81.2133,-0.0888591
81.2293,-0.088862
81.2466,-0.0888636
81.2641,-0.088867
81.2804,-0.0888684
81.2968,-0.0888714
81.3129,-0.0888747
81.3298,-0.088876
81.3474,-0.0888756
81.362,-0.0888732
81.3798,-0.0888711
81.3962,-0.088869
81.4126,-0.0888676
81.4292,-0.0888671
81.4467,-0.0888666
81.4633,-0.0888687
81.4794,-0.0888723
81.4959,-0.0888754
81.513,-0.0888799
81.5289,-0.088884
81.5462,-0.0888893
81.5633,-0.0888953
81.5801,-0.088898
81.5961,-0.0888995
81.6126,-0.0889007
81.6301,-0.0888999
81.6459,-0.0889012
81.6622,-0.0889027
81.6795,-0.0889033
81.6963,-0.0889056
81.7127,-0.0889084
81.7291,-0.0889115
81.7458,-0.0889144
81.7623,-0.0889163
81.7802,-0.0889184
81.7959,-0.0889209
81.8122,-0.0889242
81.8293,-0.0889275
81.8459,-0.0889311
81.8622,-0.088934
81.8798,-0.0889391
81.8969,-0.0889426
81.9129,-0.0889449
81.9295,-0.0889442
81.9459,-0.0889424
81.9624,-0.0889409
81.9791,-0.0889394
81.9953,-0.0889392
82.0119,-0.0889408
82.029,-0.0889442
82.0451,-0.0889482
82.0619,-0.0889533
82.0794,-0.0889549
82.0952,-0.0889576
82.1126,-0.0889595
82.1287,-0.0889613
82.1465,-0.0889621
82.1623,-0.0889637
82.1798,-0.0889646
82.1955,-0.0889664
82.2123,-0.0889697
82.228,-0.0889734
82.2456,-0.0889773
82.2617,-0.0889811
82.2784,-0.0889855
82.2954,-0.0889862
82.3116,-0.0889854
82.329,-0.0889849
82.3457,-0.0889857
82.3619,-0.0889854
82.3788,-0.0889856
82.3954,-0.0889866
82.4118,-0.0889884
82.4292,-0.088991
82.4459,-0.0889931
82.4619,-0.0889946
82.4793,-0.088993
82.4957,-0.0889901
82.5126,-0.0889891
82.5284,-0.0889877
82.5447,-0.0889894
82.5607,-0.0889906
82.5783,-0.0889913
82.5957,-0.0889932
82.6115,-0.0889939
82.6292,-0.0889935
82.6455,-0.088993
82.6621,-0.0889911
82.679,-0.088988
82.6947,-0.0889879
82.7119,-0.0889868
82.7289,-0.0889887
82.7457,-0.0889895
82.7622,-0.08899
82.7792,-0.0889906
82.7957,-0.0889898
82.8118,-0.0889888
82.8283,-0.0889867
82.8443,-0.0889833
82.8621,-0.0889796
82.8791,-0.0889777
82.8945,-0.088977
82.9114,-0.0889793
82.928,-0.0889812
82.9451,-0.0889863
82.9625,-0.0889916
82.9787,-0.0889969
82.9951,-0.0889967
83.012,-0.0889962
83.0287,-0.088996
83.0453,-0.0889953
83.0615,-0.0889953
83.0784,-0.0889947
83.0959,-0.0889963
83.1128,-0.0889969
83.129,-0.0890008
83.1461,-0.0890046
83.1624,-0.0890079
83.1789,-0.0890081
83.1959,-0.0890089
83.2123,-0.0890099
83.229,-0.0890083
83.246,-0.089008
83.2615,-0.0890066
83.2786,-0.0890037
83.2959,-0.0890012
83.3123,-0.0890003
83.3291,-0.0890015
83.346,-0.0890024
83.362,-0.0890022
83.3793,-0.0890016
83.3959,-0.0890007
83.4134,-0.0890006
83.429,-0.0890031
83.4456,-0.0890035
83.4624,-0.0890036
83.4797,-0.0890027
83.4951,-0.0890011
83.5128,-0.0889995
83.5298,-0.088998
83.5458,-0.0889953
83.5625,-0.0889914
83.5788,-0.0889887
83.5953,-0.0889856
83.612,-0.0889852
83.6289,-0.0889856
83.6459,-0.0889879
83.6617,-0.0889914
83.6791,-0.0889954
83.6958,-0.0889998
83.713,-0.0890025
83.7293,-0.089002
83.7452,-0.0889995
83.7626,-0.0889956
83.7795,-0.0889924
83.7953,-0.08899
83.8112,-0.0889884
83.8275,-0.0889883
83.8455,-0.0889892
83.8624,-0.0889926
83.8788,-0.0889975
83.8958,-0.0890032
83.9128,-0.0890082
83.9297,-0.0890113
83.9466,-0.0890137
83.9622,-0.0890167
83.98,-0.08902
83.995,-0.0890217
84.0137,-0.0890219
84.0293,-0.0890214
84.0462,-0.0890207
84.0628,-0.0890199
84.0795,-0.089019
84.0962,-0.0890177
84.1133,-0.0890161
84.1303,-0.0890137
84.1466,-0.0890131
84.163,-0.0890121
84.1797,-0.0890119
84.1961,-0.089012
84.212,-0.0890101
84.23,-0.0890093
84.2452,-0.0890101
84.2632,-0.0890114
84.2791,-0.0890127
84.2963,-0.0890165
84.3131,-0.089019
84.3298,-0.0890214
84.3464,-0.0890233
84.3628,-0.0890245
84.3799,-0.0890263
84.3965,-0.0890282
84.4129,-0.0890301
84.4296,-0.089033
84.4464,-0.0890347
84.4634,-0.0890358
84.4805,-0.089035
84.4964,-0.0890345
84.5133,-0.0890335
84.5295,-0.0890317
84.5455,-0.0890303
84.5625,-0.0890297
84.5795,-0.0890329
84.5963,-0.0890379
84.6122,-0.0890431
84.6298,-0.0890466
84.6471,-0.0890486
84.6633,-0.0890499
84.68,-0.0890523
84.6964,-0.089055
84.7136,-0.0890549
84.7294,-0.0890568
84.7465,-0.0890588
84.7633,-0.0890622
84.78,-0.0890646
84.7969,-0.0890675
84.8135,-0.089069
84.8301,-0.0890693
84.8473,-0.089067
84.8635,-0.0890637
84.8797,-0.0890614
84.8963,-0.0890599
84.9133,-0.0890596
84.9297,-0.0890601
84.946,-0.0890606
84.9632,-0.0890618
84.9802,-0.0890614
84.9958,-0.0890597
85.0133,-0.0890578
85.0298,-0.0890555
85.0464,-0.0890519
85.0621,-0.0890501
85.079,-0.0890512
85.0957,-0.0890529
85.1128,-0.0890577
85.1301,-0.0890631
85.1463,-0.0890687
85.1626,-0.0890733
85.1799,-0.0890785
85.1962,-0.0890829
85.2129,-0.0890844
85.2297,-0.0890842
85.246,-0.0890837
85.263,-0.0890827
85.2799,-0.0890801
85.2959,-0.0890784
85.3128,-0.0890773
85.3294,-0.0890774
85.3462,-0.0890776
85.3633,-0.089077
85.3793,-0.0890791
85.3951,-0.0890803
85.4126,-0.0890815
85.4292,-0.0890818
85.4463,-0.0890816
85.4636,-0.0890831
85.4789,-0.0890846
85.4962,-0.0890849
85.5128,-0.0890842
85.5287,-0.0890806
85.5468,-0.0890758
85.5628,-0.0890742
85.58,-0.0890727
85.597,-0.0890732
85.6131,-0.0890716
85.6294,-0.0890684
85.6477,-0.0890671
85.6622,-0.0890668
85.6797,-0.0890657
85.6966,-0.0890647
85.7134,-0.0890625
85.7297,-0.0890619
85.7462,-0.0890623
85.7623,-0.0890607
85.7806,-0.0890583
85.7967,-0.0890596
85.8137,-0.0890588
85.83,-0.0890579
85.8464,-0.0890573
85.863,-0.089057
85.88,-0.0890565
85.8965,-0.0890547
85.9134,-0.0890545
85.9303,-0.0890577
85.9466,-0.0890596
85.9626,-0.0890623
85.9792,-0.0890657
85.9971,-0.0890707
86.0135,-0.0890747
86.0304,-0.0890797
86.0468,-0.0890821
86.064,-0.0890822
86.0805,-0.0890809
86.0958,-0.0890783
86.1136,-0.0890757
86.1299,-0.0890737
86.147,-0.0890723
86.1628,-0.0890712
86.1799,-0.0890721
86.1967,-0.0890731
86.214,-0.0890728
86.2298,-0.0890717
86.2468,-0.0890708
86.2634,-0.089071
86.2799,-0.0890696
86.2965,-0.0890714
86.3137,-0.0890755
86.3299,-0.0890802
86.347,-0.0890841
86.3634,-0.0890873
86.3808,-0.0890887
86.3966,-0.0890897
86.4141,-0.0890913
86.4311,-0.0890915
86.4473,-0.0890924
86.4639,-0.0890934
86.4809,-0.0890952
86.4971,-0.0890969
86.5147,-0.0890986
86.5305,-0.0890982
86.5474,-0.0890974
86.564,-0.0890974
86.5803,-0.089097
86.5973,-0.0890978
86.6141,-0.0890989
86.6309,-0.0890988
86.647,-0.0890987
86.6643,-0.0890974
86.6812,-0.0890974
86.6969,-0.0890965
86.7144,-0.0890938
86.73,-0.0890906
86.7471,-0.089087
86.7642,-0.0890851
86.7803,-0.0890853
86.7964,-0.0890876
86.814,-0.0890896
86.831,-0.0890913
86.8472,-0.0890953
86.8642,-0.0890995
86.8811,-0.0891064
86.8981,-0.0891099
86.9137,-0.0891115
86.9307,-0.0891115
86.9473,-0.0891104
86.9646,-0.0891101
86.9802,-0.0891118
86.9974,-0.0891154
87.0134,-0.0891184
87.0299,-0.0891203
87.0476,-0.0891214
87.0643,-0.0891243
87.0811,-0.0891266
87.0978,-0.0891274
87.1137,-0.0891282
87.1308,-0.0891319
87.147,-0.0891347
87.1643,-0.0891382
87.1812,-0.0891426
87.1972,-0.0891444
87.2141,-0.0891455
87.2308,-0.0891463
87.2476,-0.0891453
87.2642,-0.0891417
87.2804,-0.0891397
87.2967,-0.0891398
87.3142,-0.0891408
87.33,-0.0891417
87.3465,-0.089144
87.3638,-0.0891476
87.3811,-0.0891472
87.3969,-0.0891474
87.4137,-0.0891489
87.4308,-0.0891487
87.4469,-0.0891505
87.4638,-0.0891548
87.4797,-0.089157
87.4973,-0.0891591
87.5137,-0.0891612
87.5301,-0.0891644
87.5471,-0.0891688
87.5637,-0.0891695
87.5799,-0.0891693
87.5971,-0.0891687
87.6136,-0.0891656
87.6296,-0.0891636
87.6465,-0.0891609
87.6634,-0.0891567
87.6798,-0.0891554
87.6971,-0.089155
87.7138,-0.0891547
87.7303,-0.0891555
87.7466,-0.0891566
87.7645,-0.0891586
87.7804,-0.0891585
87.7967,-0.0891563
87.8135,-0.0891539
87.8302,-0.0891535
87.8462,-0.0891523
87.8636,-0.0891525
87.8802,-0.089151
87.8972,-0.0891516
87.9145,-0.0891522
87.9313,-0.0891528
87.9475,-0.0891513
87.9638,-0.0891489
87.9806,-0.0891462
87.9977,-0.089142
88.0136,-0.089139
88.0308,-0.0891374
88.0471,-0.0891358
88.0639,-0.089135
88.0798,-0.0891329
88.0974,-0.0891308
88.1139,-0.0891293
88.1306,-0.089128
88.1482,-0.0891267
88.1637,-0.0891267
88.1807,-0.0891251
88.1979,-0.0891252
88.2143,-0.0891234
88.2312,-0.0891206
88.2478,-0.0891209
88.264,-0.0891195
88.2805,-0.0891165
88.2968,-0.0891161
88.3145,-0.0891149
88.3315,-0.0891136
88.3472,-0.0891125
88.3639,-0.0891112
88.3817,-0.0891117
88.3976,-0.0891111
88.4143,-0.0891101
88.4306,-0.0891103
88.4475,-0.0891098
88.4649,-0.0891079
88.4814,-0.0891068
88.4977,-0.0891078
88.5146,-0.0891085
88.5318,-0.0891105
88.5485,-0.089111
88.5647,-0.089112
88.5821,-0.0891144
88.598,-0.0891155
88.6152,-0.0891163
88.632,-0.0891146
88.648,-0.0891141
88.6656,-0.0891113
88.6808,-0.0891083
88.6983,-0.0891068
88.7144,-0.0891046
88.7316,-0.0891048
88.7476,-0.0891062
88.7642,-0.0891105
88.781,-0.0891147
88.7987,-0.0891203
88.8149,-0.0891222
88.8311,-0.0891247
88.8479,-0.0891267
88.8653,-0.0891268
88.8813,-0.0891272
88.898,-0.0891266
88.9149,-0.0891244
88.9316,-0.089123
88.948,-0.0891226
88.9646,-0.0891238
88.9816,-0.0891209
88.9983,-0.0891183
89.0153,-0.0891167
89.0321,-0.0891163
89.0487,-0.0891181
89.0644,-0.0891201
89.0815,-0.0891223
89.0984,-0.0891235
89.1152,-0.0891263
89.1315,-0.0891304
89.1482,-0.0891323
89.1642,-0.08913
89.1818,-0.0891272
89.1982,-0.0891218
89.2145,-0.0891173
89.2311,-0.089113
89.249,-0.0891118
89.2649,-0.0891117
89.2813,-0.0891119
89.2985,-0.0891121
89.3148,-0.0891117
89.3307,-0.0891101
89.3482,-0.089112
89.3648,-0.0891144
89.3813,-0.0891147
89.3978,-0.0891169
89.4149,-0.0891206
89.4313,-0.0891244
89.4471,-0.0891286
89.4644,-0.0891316
89.482,-0.0891369
89.4974,-0.0891422
89.515,-0.0891462
89.5306,-0.0891505
89.5478,-0.0891527
89.5656,-0.0891522
89.5821,-0.0891528
89.5984,-0.0891538
89.6147,-0.089156
89.632,-0.0891566
89.6475,-0.0891562
89.6651,-0.0891579
89.6817,-0.0891599
89.6986,-0.0891598
89.7149,-0.0891603
89.7315,-0.0891604
89.7486,-0.08916
89.7651,-0.0891575
89.7812,-0.089154
89.7985,-0.0891513
89.8149,-0.0891498
89.8317,-0.0891508
89.8481,-0.0891533
89.8648,-0.0891589
89.8823,-0.0891626
89.8978,-0.0891658
89.9157,-0.0891679
89.9327,-0.0891715
89.9488,-0.0891742
89.9647,-0.089175
89.9813,-0.0891751
89.9991,-0.0891751
90.0159,-0.0891759
90.0319,-0.0891781
90.0485,-0.0891799
90.065,-0.0891841
90.0823,-0.0891842
90.0985,-0.0891847
90.1162,-0.0891839
90.1322,-0.0891831
90.1494,-0.089182
90.1651,-0.0891823
90.1828,-0.0891826
90.198,-0.0891843
90.2153,-0.089183
90.2314,-0.0891825
90.2485,-0.0891833
90.2649,-0.0891852
90.2823,-0.0891854
90.2985,-0.0891862
90.3159,-0.0891856
90.3328,-0.0891836
90.3491,-0.0891813
90.3651,-0.0891795
90.3822,-0.0891773
90.398,-0.089175
90.4148,-0.0891752
90.432,-0.0891763
90.4481,-0.0891774
90.4653,-0.0891806
90.4823,-0.0891835
90.4995,-0.0891871
90.5154,-0.089188
90.5314,-0.0891888
90.5486,-0.089189
90.5649,-0.089189
90.5823,-0.08919
90.5985,-0.0891918
90.6148,-0.0891951
90.6316,-0.0891975
90.6482,-0.0891997
90.6651,-0.0892022
90.6818,-0.0892059
90.6985,-0.08921
90.7152,-0.0892144
90.7315,-0.0892206
90.7482,-0.089226
90.7649,-0.0892306
90.7821,-0.0892358
90.7991,-0.0892425
90.8157,-0.0892477
90.8325,-0.0892499
90.8488,-0.0892525
90.8661,-0.0892555
90.8829,-0.0892551
90.8992,-0.089254
90.9154,-0.0892543
90.9328,-0.0892521
90.9496,-0.0892502
90.9654,-0.089249
90.9824,-0.0892474
90.9986,-0.0892443
91.0151,-0.0892423
91.0318,-0.0892414
91.0485,-0.0892413
91.0654,-0.0892419
91.0824,-0.0892422
91.0994,-0.0892438
91.1158,-0.0892479
91.1318,-0.0892516
91.1487,-0.0892551
91.1659,-0.0892592
91.1821,-0.0892631
91.1996,-0.089269
91.2159,-0.0892753
91.232,-0.0892795
91.249,-0.0892834
91.2657,-0.0892858
91.2823,-0.0892871
91.2988,-0.089288
91.3152,-0.0892878
91.3322,-0.0892876
91.3491,-0.0892868
91.3648,-0.0892867
91.3821,-0.0892899
91.3994,-0.0892933
91.4153,-0.0892956
91.4317,-0.0892975
91.4485,-0.0893011
91.4657,-0.0893034
91.4835,-0.0893055
91.499,-0.0893088
91.5151,-0.0893119
91.5321,-0.0893131
91.5483,-0.0893152
91.5651,-0.0893172
91.5823,-0.0893184
91.5993,-0.0893202
91.6155,-0.0893194
91.6328,-0.0893177
91.6488,-0.0893161
91.6654,-0.0893139
91.682,-0.0893135
91.6984,-0.0893111
91.7151,-0.08931
91.7328,-0.0893093
91.7481,-0.0893082
91.7667,-0.0893068
91.7819,-0.0893061
91.7987,-0.089307
91.8158,-0.0893074
91.8321,-0.0893086
91.8495,-0.0893105
91.8654,-0.0893137
91.883,-0.0893138
91.8987,-0.0893122
91.9157,-0.0893125
91.9328,-0.0893119
91.9496,-0.089312
91.9651,-0.0893114
91.982,-0.0893119
91.9984,-0.0893131
92.0158,-0.0893161
92.0323,-0.0893209
92.0491,-0.0893239
92.0666,-0.089324
92.0827,-0.0893215
92.0979,-0.0893203
92.1158,-0.0893204
92.1317,-0.0893214
92.1486,-0.0893228
92.1651,-0.0893263
92.1828,-0.0893317
92.1986,-0.0893371
92.2157,-0.0893437
92.2325,-0.0893464
92.2485,-0.0893457
92.2665,-0.0893426
92.2826,-0.0893421
92.2979,-0.0893395
92.3154,-0.0893365
92.3321,-0.0893342
92.3487,-0.0893326
92.3656,-0.089331
92.3818,-0.0893341
92.3991,-0.0893374
92.4154,-0.0893423
92.4325,-0.0893447
92.4491,-0.0893478
92.4664,-0.089351
92.4823,-0.0893508
92.4994,-0.0893506
92.5153,-0.0893511
92.5322,-0.0893507
92.5491,-0.0893515
92.5653,-0.0893521
92.5819,-0.0893544
92.5988,-0.0893583
92.6158,-0.0893609
92.6323,-0.0893634
92.6478,-0.0893665
92.6657,-0.0893686
92.6831,-0.0893711
92.6992,-0.0893741
92.7159,-0.0893771
92.7324,-0.0893787
92.7489,-0.0893809
92.7653,-0.0893807
92.7832,-0.0893827
92.7991,-0.0893841
92.8157,-0.0893875
92.8326,-0.0893909
92.8485,-0.089391
92.8657,-0.0893919
92.8824,-0.0893955
92.8996,-0.0893995
92.9156,-0.0894033
92.931,-0.089406
92.9493,-0.0894064
92.9661,-0.0894085
92.983,-0.0894103
92.9988,-0.0894147
93.0159,-0.0894184
93.0321,-0.0894209
93.0491,-0.0894252
93.0656,-0.0894291
93.0823,-0.089436
93.1001,-0.0894424
93.1155,-0.0894494
93.1323,-0.089454
93.1494,-0.0894551
93.1665,-0.0894576
93.1828,-0.0894582
93.1988,-0.0894596
93.2156,-0.0894568
93.2321,-0.0894542
93.2495,-0.0894523
93.2656,-0.0894507
93.2829,-0.0894483
93.2989,-0.0894472
93.3155,-0.0894478
93.3326,-0.0894503
93.3485,-0.089454
93.3649,-0.0894583
93.3822,-0.089463
93.3991,-0.0894698
93.4154,-0.0894773
93.4323,-0.0894827
93.4487,-0.0894861
93.4662,-0.0894903
93.4826,-0.0894928
93.4985,-0.0894935
93.5152,-0.0894931
93.533,-0.0894956
93.5489,-0.0894982
93.5659,-0.0894999
93.5817,-0.0895016
93.5993,-0.0895036
93.6158,-0.0895035
93.632,-0.0895041
93.6483,-0.089505
93.6652,-0.0895058
93.6821,-0.0895033
93.6989,-0.0895016
93.7152,-0.0895016
93.7318,-0.0895042
93.7489,-0.0895066
93.7654,-0.0895085
93.7825,-0.0895119
93.7991,-0.0895163
93.815,-0.0895204
93.8323,-0.0895231
93.849,-0.089526
93.8658,-0.0895267
93.8819,-0.0895251
93.899,-0.0895245
93.9154,-0.0895223
93.9317,-0.0895222
93.9492,-0.0895224
93.9649,-0.0895247
93.9819,-0.0895284
93.9983,-0.0895327
94.0159,-0.0895367
94.0322,-0.0895391
94.0496,-0.0895428
94.0663,-0.0895451
94.083,-0.0895496
94.0997,-0.0895524
94.1163,-0.0895553
94.1329,-0.0895566
94.1494,-0.0895588
94.1665,-0.0895598
94.1832,-0.0895616
94.1996,-0.089564
94.2155,-0.0895641
94.2331,-0.0895643
94.2488,-0.0895608
94.2665,-0.0895583
94.2831,-0.0895567
94.2987,-0.0895561
94.3163,-0.0895551
94.3328,-0.0895548
94.3504,-0.089556
94.3653,-0.0895576
94.3825,-0.0895607
94.3997,-0.0895643
94.4165,-0.0895683
94.4338,-0.0895727
94.4499,-0.0895744
94.466,-0.0895741
94.482,-0.089576
94.4994,-0.0895789
94.5164,-0.0895828
94.5326,-0.0895893
94.5497,-0.0895949
94.566,-0.0895988
94.5829,-0.0896006
94.5994,-0.0896027
94.6169,-0.0896037
94.6336,-0.0896031
94.6482,-0.0895994
94.6657,-0.0895974
94.6829,-0.0895974
94.6994,-0.0895988
94.7161,-0.0896033
94.7324,-0.0896084
94.7491,-0.0896129
94.7666,-0.0896143
94.7837,-0.0896144
94.799,-0.0896162
94.8171,-0.0896153
94.833,-0.0896135
94.8494,-0.0896117
94.8661,-0.0896113
94.8837,-0.0896121
94.899,-0.0896126
94.9166,-0.0896177
94.9335,-0.089622
94.9499,-0.0896251
94.9666,-0.0896257
94.9829,-0.089627
95.0004,-0.0896267
95.0169,-0.0896255
95.0333,-0.089625
95.05,-0.089625
95.0662,-0.0896247
95.0837,-0.0896225
95.099,-0.089621
95.1171,-0.0896203
95.1332,-0.0896222
95.1498,-0.0896214
95.1666,-0.0896219
95.1827,-0.0896218
95.1996,-0.0896206
95.2172,-0.0896192
95.2332,-0.0896183
95.2494,-0.0896178
95.2666,-0.0896186
95.2833,-0.0896186
95.3,-0.0896192
95.3168,-0.0896197
95.3329,-0.0896198
95.3504,-0.0896212
95.3664,-0.0896235
95.3834,-0.0896291
95.4004,-0.0896325
95.4164,-0.0896373
95.4332,-0.0896411
95.4492,-0.0896435
95.4675,-0.0896432
95.483,-0.0896438
95.4998,-0.0896459
95.5164,-0.0896473
95.5334,-0.08965
95.5493,-0.0896531
95.567,-0.0896558
95.5837,-0.0896605
95.6004,-0.0896665
95.6165,-0.0896729
95.6337,-0.0896774
95.6503,-0.0896806
95.6674,-0.0896847
95.6839,-0.0896901
95.6998,-0.0896943
95.7167,-0.0896994
95.7344,-0.0897046
95.7506,-0.0897077
95.7667,-0.0897091
95.7836,-0.0897108
95.8009,-0.0897112
95.8172,-0.0897108
95.8344,-0.0897118
95.8504,-0.0897131
95.8674,-0.0897142
95.8829,-0.0897154
95.9005,-0.0897176
95.9168,-0.0897203
95.9333,-0.0897249
95.9504,-0.0897315
95.9675,-0.0897387
95.9839,-0.0897435
96.0006,-0.0897465
96.0176,-0.0897486
96.0345,-0.0897494
96.0512,-0.0897492
96.0672,-0.0897502
96.0834,-0.0897511
96.101,-0.0897521
96.118,-0.0897547
96.1347,-0.0897587
96.1508,-0.0897641
96.1667,-0.0897687
96.1838,-0.0897717
96.2004,-0.0897732
96.2176,-0.089774
96.2342,-0.0897767
96.25,-0.0897798
96.2672,-0.0897807
96.2844,-0.0897813
96.3005,-0.0897834
96.3173,-0.0897856
96.3337,-0.0897902
96.3514,-0.0897928
96.3673,-0.0897943
96.3829,-0.0897982
96.4003,-0.0898015
96.4175,-0.0898057
96.4339,-0.0898097
96.4514,-0.0898147
96.4678,-0.0898215
96.4839,-0.0898277
96.5004,-0.0898327
96.5173,-0.0898359
96.5349,-0.0898387
96.5513,-0.0898421
96.5678,-0.0898471
96.5852,-0.0898509
96.6004,-0.0898543
96.6179,-0.0898582
96.6353,-0.0898617
96.6522,-0.0898663
96.6683,-0.0898701
96.6847,-0.0898721
96.7016,-0.0898725
96.7181,-0.0898705
96.7351,-0.08987
96.7515,-0.0898681
96.7678,-0.0898676
96.7858,-0.089866
96.8014,-0.0898682
96.8183,-0.0898729
96.8343,-0.089878
96.8523,-0.0898839
96.8689,-0.0898872
96.8856,-0.0898887
96.902,-0.0898914
96.9188,-0.0898951
96.9363,-0.0898983
96.952,-0.0899001
96.9683,-0.0899025
96.9858,-0.0899044
97.0023,-0.0899072
97.0194,-0.0899074
97.036,-0.0899094
97.0512,-0.0899136
97.0699,-0.0899152
97.0854,-0.0899145
97.1019,-0.0899136
97.1189,-0.0899133
97.1365,-0.0899114
97.1528,-0.0899104
97.1688,-0.0899116
97.1857,-0.0899133
97.2018,-0.0899151
97.2192,-0.0899167
97.2362,-0.089922
97.2525,-0.0899253
97.2692,-0.0899303
97.2864,-0.0899379
97.3025,-0.0899447
97.3196,-0.0899504
97.3356,-0.0899563
97.3524,-0.0899608
97.3696,-0.0899683
97.3859,-0.0899768
97.4028,-0.0899824
97.4198,-0.0899866
97.4355,-0.0899879
97.4531,-0.089988
97.4701,-0.089986
97.4855,-0.0899856
97.5028,-0.0899864
97.5195,-0.0899888
97.5364,-0.0899913
97.5526,-0.0899949
97.5693,-0.0900007
97.5872,-0.0900045
97.6029,-0.0900077
97.6189,-0.0900114
97.6371,-0.0900154
97.6531,-0.0900183
97.6696,-0.0900204
97.6855,-0.0900237
97.7032,-0.0900296
97.7197,-0.0900359
97.736,-0.0900437
97.753,-0.0900506
97.7696,-0.090058
97.787,-0.0900648
97.8036,-0.0900689
97.8204,-0.0900725
97.8364,-0.0900763
97.853,-0.0900795
97.8691,-0.0900808
97.8855,-0.0900832
97.9034,-0.0900858
97.9196,-0.0900896
97.9362,-0.0900934
97.9533,-0.090099
97.9691,-0.0901054
97.9862,-0.0901111
98.0026,-0.0901155
98.0197,-0.0901189
98.0365,-0.0901221
98.0534,-0.0901275
98.0697,-0.0901317
98.0852,-0.0901354
98.1028,-0.090138
98.119,-0.0901411
98.1358,-0.0901452
98.1522,-0.0901508
98.1689,-0.090156
98.1862,-0.0901616
98.2027,-0.0901676
98.2192,-0.0901728
98.236,-0.0901801
98.2527,-0.0901855
98.2692,-0.0901895
98.2871,-0.0901952
98.3036,-0.0901984
98.3202,-0.0902012
98.3362,-0.0902035
98.3531,-0.0902031
98.3696,-0.0902008
98.3864,-0.0901984
98.403,-0.0901967
98.4191,-0.0901956
98.4362,-0.0901947
98.4528,-0.0901934
98.4699,-0.0901957
98.4855,-0.0901983
98.5028,-0.0902023
98.5199,-0.0902081
98.5361,-0.0902144
98.5534,-0.0902232
98.57,-0.0902326
98.5866,-0.0902406
98.6033,-0.090246
98.6202,-0.0902511
98.6365,-0.0902532
98.6532,-0.0902557
98.67,-0.0902575
98.6863,-0.0902595
98.7028,-0.0902609
98.7189,-0.0902607
98.7364,-0.0902627
98.7533,-0.0902665
98.7697,-0.0902719
98.7868,-0.0902767
98.8035,-0.0902826
98.8194,-0.090287
98.8362,-0.0902904
98.8531,-0.0902955
98.8696,-0.090302
98.8868,-0.0903068
98.9027,-0.0903119
98.9192,-0.0903155
98.9362,-0.0903169
98.9538,-0.0903181
98.9699,-0.0903189
98.9865,-0.0903199
99.0034,-0.0903202
99.0191,-0.0903214
99.0368,-0.0903218
99.0524,-0.0903272
99.0695,-0.0903318
99.0864,-0.0903376
99.103,-0.0903408
99.1203,-0.0903431
99.1373,-0.0903452
99.1534,-0.0903473
99.1703,-0.0903503
99.1859,-0.0903541
99.2029,-0.090357
99.2203,-0.0903601
99.236,-0.090363
99.2531,-0.0903642
99.2701,-0.0903669
99.2867,-0.0903675
99.3034,-0.090368
99.3195,-0.0903702
99.336,-0.0903728
99.3537,-0.0903774
99.3694,-0.0903815
99.3871,-0.0903862
99.403,-0.0903915
99.42,-0.0903978
99.4369,-0.0904027
99.4527,-0.0904067
99.4695,-0.0904103
99.4865,-0.0904135
99.5027,-0.0904165
99.5197,-0.0904194
99.5367,-0.0904233
99.5535,-0.0904254
99.5695,-0.0904271
99.5863,-0.0904294
99.6034,-0.0904326
99.6207,-0.0904345
99.6367,-0.0904357
99.6534,-0.0904384
99.6701,-0.0904415
99.6867,-0.0904473
99.7033,-0.0904535
99.7199,-0.0904596
99.7371,-0.0904657
99.753,-0.0904724
99.7705,-0.0904772
99.787,-0.0904812
99.8029,-0.0904856
99.8195,-0.0904897
99.8371,-0.0904932
99.8528,-0.0904953
99.8699,-0.090498
99.8867,-0.0904994
99.9029,-0.0905028
99.9195,-0.0905043
99.936,-0.0905083
99.9535,-0.0905142
99.9687,-0.0905209
99.9866,-0.0905272
100.0032,-0.0905346
100.02,-0.0905421
100.0361,-0.0905487
100.0546,-0.0905534
100.0695,-0.0905577
100.0866,-0.0905602
100.1036,-0.0905631
100.1203,-0.0905657
100.136,-0.0905678
100.1534,-0.0905718
100.1699,-0.0905761
100.1866,-0.09058
100.2027,-0.0905846
100.2195,-0.0905893
100.236,-0.090592
100.2533,-0.0905943
100.2701,-0.0905963
100.2872,-0.0905993
100.3026,-0.0906015
100.3194,-0.090604
100.3366,-0.0906065
100.353,-0.0906102
100.3702,-0.0906134
100.3864,-0.0906171
100.4034,-0.090622
100.4198,-0.0906255
100.4373,-0.0906302
100.4535,-0.0906354
100.4697,-0.0906381
100.4865,-0.0906381
100.5038,-0.0906392
100.5198,-0.0906404
100.5368,-0.0906413
100.5532,-0.0906438
100.5701,-0.0906464
100.5874,-0.0906501
100.6033,-0.0906539
100.6207,-0.0906591
100.6375,-0.0906618
100.6534,-0.0906618
100.6703,-0.0906631
100.6863,-0.0906642
100.7033,-0.0906657
100.7201,-0.090667
100.7371,-0.0906711
100.7544,-0.0906738
100.7701,-0.090677
100.7872,-0.0906797
100.804,-0.0906826
100.8203,-0.0906846
100.8375,-0.0906836
100.8546,-0.0906854
100.8705,-0.090686
100.8872,-0.0906879
100.9042,-0.0906873
100.9211,-0.0906885
100.9373,-0.0906907
100.9536,-0.0906947
100.9705,-0.0906974
100.9879,-0.0906994
101.0038,-0.0907022
101.0209,-0.0907034
101.0382,-0.0907027
101.0539,-0.0907024
101.0703,-0.0907028
101.0877,-0.0907041
101.1036,-0.0907054
101.1206,-0.0907067
101.1376,-0.0907082
101.1538,-0.0907096
101.1717,-0.0907134
101.1878,-0.0907196
101.2045,-0.0907256
101.2201,-0.0907302
101.2372,-0.0907338
101.2539,-0.0907391
101.2709,-0.090744
101.2873,-0.0907458
101.3039,-0.0907502
101.3205,-0.0907554
101.3372,-0.09076
101.3539,-0.0907636
101.3712,-0.0907674
101.3873,-0.0907722
101.4045,-0.0907765
101.4213,-0.0907806
101.4375,-0.0907839
101.4544,-0.0907873
101.4704,-0.0907895
101.4876,-0.0907902
101.5037,-0.0907923
101.5196,-0.090794
101.5372,-0.0907949
101.5548,-0.0907952
101.5703,-0.0907976
101.587,-0.0908016
101.6041,-0.0908063
101.6203,-0.0908114
101.6376,-0.0908168
101.6535,-0.0908252
101.6712,-0.0908312
101.6869,-0.0908372
101.705,-0.09084
101.7203,-0.0908422
101.7372,-0.0908439
101.7537,-0.0908474
101.7705,-0.0908501
101.7877,-0.0908499
101.8039,-0.0908513
101.8204,-0.0908508
101.8375,-0.0908511
101.8536,-0.0908527
101.8705,-0.090854
101.8872,-0.090854
101.9036,-0.0908558
101.9212,-0.0908583
101.9377,-0.0908633
101.9543,-0.0908709
101.9714,-0.0908793
101.9868,-0.0908886
102.004,-0.0908955
102.0205,-0.0909006
102.0377,-0.0909071
102.0547,-0.0909136
102.07,-0.0909181
102.0871,-0.090922
102.1045,-0.0909243
102.1208,-0.0909249
102.1378,-0.090925
102.1542,-0.090926
102.1712,-0.090927
102.1865,-0.0909276
102.2042,-0.0909284
102.2206,-0.0909294
102.2367,-0.090933
102.2544,-0.0909379
102.2697,-0.0909428
102.2877,-0.0909468
102.3046,-0.0909515
102.3217,-0.0909543
102.3366,-0.0909569
102.3536,-0.0909613
102.3708,-0.0909652
102.3872,-0.0909681
102.4036,-0.0909686
102.4209,-0.0909692
102.4377,-0.0909727
102.4537,-0.0909759
102.4704,-0.0909792
102.4868,-0.0909808
102.5027,-0.0909831
102.5211,-0.0909842
102.5374,-0.0909892
102.5537,-0.0909944
102.5698,-0.0909989
102.5869,-0.0910044
102.6026,-0.0910076
102.6208,-0.0910098
102.6364,-0.0910143
102.6533,-0.0910193
102.6697,-0.0910259
102.6874,-0.0910339
102.7032,-0.0910387
102.7199,-0.0910423
102.7371,-0.091048
102.7547,-0.0910516
102.7712,-0.0910558
102.7871,-0.0910605
102.8039,-0.0910653
102.8204,-0.0910672
102.837,-0.0910704
102.8537,-0.0910754
102.8711,-0.0910817
102.8873,-0.0910854
102.9043,-0.0910894
102.9208,-0.0910925
102.9374,-0.0910927
102.9536,-0.091095
102.97,-0.091099
102.9865,-0.0911045
103.0037,-0.0911082
103.0199,-0.0911104
103.0375,-0.0911142
103.0541,-0.0911182
103.0709,-0.0911208
103.0867,-0.0911248
103.1036,-0.0911287
103.1209,-0.0911327
103.1369,-0.091135
103.1539,-0.0911386
103.1707,-0.0911428
103.1871,-0.0911474
103.204,-0.0911499
103.2202,-0.091153
103.2378,-0.0911568
103.254,-0.0911606
103.2705,-0.0911634
103.2876,-0.0911632
103.3038,-0.0911646
103.3212,-0.0911652
103.3376,-0.0911663
103.3542,-0.0911685
103.3704,-0.0911717
103.3872,-0.0911766
103.4038,-0.0911796
103.4216,-0.0911829
103.437,-0.0911866
103.4543,-0.0911898
103.4707,-0.0911917
103.4884,-0.0911916
103.504,-0.0911912
103.5209,-0.0911923
103.5376,-0.0911924
103.5534,-0.0911934
103.5715,-0.0911957
103.587,-0.0911985
103.6033,-0.0911995
103.6213,-0.0912041
103.6372,-0.0912081
103.6547,-0.0912119
103.6705,-0.0912175
103.6868,-0.0912225
103.705,-0.0912296
103.7204,-0.0912369
103.738,-0.0912406
103.7549,-0.0912473
103.7712,-0.091252
103.7881,-0.0912562
103.8039,-0.0912623
103.8218,-0.0912659
103.8374,-0.0912687
103.8549,-0.0912725
103.8714,-0.0912757
103.8878,-0.0912811
103.9045,-0.0912845
103.9211,-0.0912875
103.9379,-0.091291
103.955,-0.0912957
103.9721,-0.0913013
103.9881,-0.0913064
104.0046,-0.0913116
104.0216,-0.0913154
104.0383,-0.0913189
104.0544,-0.0913202
104.071,-0.0913213
104.0877,-0.0913225
104.1038,-0.0913225
104.1211,-0.0913232
104.1378,-0.0913261
104.1544,-0.0913281
104.1712,-0.0913331
104.1882,-0.0913373
104.2047,-0.091343
104.2217,-0.0913507
104.2377,-0.0913587
104.2551,-0.0913651
104.2708,-0.0913703
104.2888,-0.0913765
104.3053,-0.0913818
104.3215,-0.0913871
104.3376,-0.0913894
104.354,-0.0913909
104.3716,-0.0913904
104.3877,-0.0913914
104.4052,-0.0913921
104.4207,-0.0913962
104.4377,-0.0914017
104.4553,-0.0914069
104.4711,-0.0914131
104.4873,-0.0914204
104.5055,-0.0914288
104.5218,-0.091436
104.5381,-0.0914421
104.5535,-0.0914471
104.5712,-0.0914509
104.5885,-0.0914501
104.6048,-0.0914504
104.6215,-0.0914519
104.6378,-0.0914524
104.6542,-0.0914518
104.6713,-0.0914528
104.6878,-0.0914551
104.7054,-0.0914593
104.721,-0.091463
104.7389,-0.0914672
104.755,-0.0914735
104.7721,-0.0914781
104.7886,-0.0914843
104.8045,-0.0914921
104.8217,-0.0914968
104.8389,-0.0914997
104.8549,-0.091503
104.8726,-0.0915076
104.8888,-0.0915114
104.9046,-0.0915137
104.9217,-0.0915166
104.9389,-0.0915214
104.9555,-0.0915259
104.9715,-0.0915323
104.9881,-0.0915406
105.0054,-0.0915466
105.0223,-0.0915493
105.0384,-0.0915529
105.0556,-0.091555
105.0725,-0.0915565
105.0887,-0.0915575
105.1048,-0.0915595
105.1225,-0.0915624
105.1386,-0.0915647
105.155,-0.091568
105.1717,-0.0915722
105.1887,-0.0915764
105.2049,-0.0915808
105.2218,-0.0915868
105.2392,-0.0915923
105.2552,-0.0915958
105.2716,-0.0916009
105.2888,-0.0916057
105.3053,-0.0916092
105.3217,-0.0916126
105.3386,-0.0916165
105.3555,-0.0916206
105.3709,-0.091625
105.3887,-0.0916287
105.4056,-0.0916316
105.422,-0.0916345
105.4386,-0.0916396
105.4554,-0.0916455
105.4711,-0.0916486
105.4879,-0.0916505
105.5046,-0.0916548
105.5219,-0.0916586
105.5391,-0.0916626
105.5549,-0.0916682
105.5719,-0.091672
105.5899,-0.0916767
105.6052,-0.0916808
105.6219,-0.0916851
105.6389,-0.0916897
105.6549,-0.0916917
105.6714,-0.0916931
105.6892,-0.0916936
105.7057,-0.0916941
105.7211,-0.0916958
105.7384,-0.0916972
105.7555,-0.0916988
105.7721,-0.0917024
105.789,-0.0917057
105.8052,-0.0917128
105.8223,-0.0917195
105.8385,-0.091728
105.8552,-0.0917349
105.8723,-0.0917416
105.8891,-0.0917455
105.9059,-0.0917488
105.9223,-0.0917523
105.9387,-0.0917543
105.9562,-0.0917567
105.9724,-0.0917595
105.9896,-0.0917632
106.0056,-0.0917684
106.0228,-0.0917738
106.0392,-0.0917797
106.0564,-0.0917874
106.0724,-0.0917951
106.0895,-0.0918021
106.106,-0.091806
106.1228,-0.0918102
106.1391,-0.0918141
106.1563,-0.0918176
106.1713,-0.0918211
106.1886,-0.0918242
106.2052,-0.0918258
106.222,-0.0918287
106.2392,-0.0918313
106.2563,-0.0918357
106.2726,-0.0918372
106.2892,-0.091839
106.3055,-0.0918392
106.3226,-0.0918412
106.3392,-0.0918445
106.3553,-0.0918472
106.3729,-0.0918494
106.3889,-0.0918529
106.4054,-0.091857
106.4228,-0.0918626
106.4385,-0.0918672
106.4555,-0.0918713
106.4723,-0.0918747
106.4886,-0.0918767
106.5057,-0.0918784
106.5214,-0.0918829
106.5388,-0.0918889
106.5549,-0.091893
106.5723,-0.0918966
106.5885,-0.0919043
106.6059,-0.0919124
106.6221,-0.0919194
106.6391,-0.0919237
106.6559,-0.0919258
106.6726,-0.0919257
106.6887,-0.0919247
106.7054,-0.0919262
106.7221,-0.0919274
106.7389,-0.0919286
106.7551,-0.0919301
106.7717,-0.0919321
106.7894,-0.0919344
106.8052,-0.0919388
106.8219,-0.0919441
106.8387,-0.0919497
106.8552,-0.0919544
106.8719,-0.0919607
106.8892,-0.0919653
106.9054,-0.0919692
106.9224,-0.0919731
106.9394,-0.0919766
106.9553,-0.091979
106.9721,-0.0919804
106.9883,-0.091983
107.0047,-0.0919864
107.0215,-0.0919908
107.0383,-0.0919965
107.0552,-0.0920018
107.0723,-0.0920063
107.0895,-0.0920103
107.1061,-0.0920122
107.122,-0.0920133
107.1387,-0.0920115
107.1554,-0.09201
107.1728,-0.0920117
107.1885,-0.0920122
107.206,-0.0920132
107.2224,-0.0920138
107.2391,-0.0920148
107.257,-0.0920147
107.2726,-0.0920173
107.2888,-0.092021
107.3056,-0.0920257
107.3217,-0.0920307
107.3388,-0.0920329
107.3557,-0.0920376
107.372,-0.0920431
107.3888,-0.0920463
107.4054,-0.0920486
107.4219,-0.0920503
107.439,-0.0920491
107.4557,-0.0920493
107.4729,-0.0920499
107.4889,-0.0920489
107.5052,-0.0920513
107.5219,-0.0920528
107.5385,-0.0920564
107.5554,-0.0920601
107.5723,-0.0920666
107.5893,-0.0920715
107.6053,-0.0920782
107.6221,-0.092085
107.6388,-0.0920917
107.6555,-0.0920968
107.6725,-0.0921024
107.6896,-0.0921084
107.7053,-0.0921132
107.7218,-0.0921177
107.7389,-0.0921207
107.7558,-0.0921202
107.7723,-0.0921185
107.7895,-0.0921161
107.8052,-0.0921127
107.8221,-0.0921104
107.8386,-0.0921096
107.8552,-0.0921124
107.8716,-0.0921164
107.8885,-0.0921224
107.9062,-0.0921291
107.9225,-0.0921363
107.9393,-0.0921431
107.9555,-0.0921482
107.9732,-0.0921493
107.9892,-0.0921485
108.0061,-0.0921486
108.0223,-0.0921495
108.0392,-0.0921545
108.0563,-0.0921592
108.0732,-0.0921642
108.0893,-0.0921703
108.1058,-0.0921779
108.1228,-0.0921836
108.1397,-0.0921884
108.156,-0.0921939
108.1732,-0.0921981
108.1894,-0.0921993
108.2057,-0.0921985
108.2229,-0.0921982
108.2394,-0.0922002
108.257,-0.0922028
108.2719,-0.092206
108.2902,-0.0922098
108.3071,-0.0922124
108.3228,-0.0922158
108.34,-0.0922201
108.3559,-0.0922252
108.3727,-0.0922289
108.3892,-0.0922324
108.4054,-0.0922393
108.4227,-0.0922445
108.4397,-0.0922503
108.4565,-0.0922579
108.4732,-0.0922638
108.4901,-0.0922702
108.5058,-0.0922742
108.5233,-0.0922757
108.5396,-0.0922784
108.5554,-0.0922796
108.5725,-0.0922819
108.5897,-0.0922871
108.6057,-0.0922927
108.6225,-0.0922982
108.64,-0.0923068
108.6564,-0.0923152
108.6729,-0.0923251
108.6899,-0.092334
108.706,-0.092339
108.723,-0.0923457
108.7391,-0.0923502
108.757,-0.0923551
108.7733,-0.0923587
108.7899,-0.0923607
108.8066,-0.0923632
108.823,-0.0923659
108.8391,-0.0923686
108.8559,-0.0923727
108.8724,-0.0923794
108.8901,-0.0923868
108.9065,-0.0923948
108.9229,-0.0924015
108.9393,-0.0924082
108.9572,-0.092414
108.9725,-0.0924161
108.9906,-0.09242
109.0058,-0.0924236
109.0229,-0.0924266
109.0397,-0.0924297
109.056,-0.0924349
109.0729,-0.0924418
109.0881,-0.0924509
109.1057,-0.0924567
109.1227,-0.0924602
109.1395,-0.0924647
109.1566,-0.0924697
109.1722,-0.0924757
109.1894,-0.0924816
109.2058,-0.0924888
109.2231,-0.0924958
109.2396,-0.0925023
109.2563,-0.0925076
109.2727,-0.0925122
109.2903,-0.0925144
109.3061,-0.0925135
109.3228,-0.0925128
109.3397,-0.0925105
109.3561,-0.0925095
109.3727,-0.0925119
109.3897,-0.092515
109.4059,-0.092521
109.4222,-0.092526
109.4398,-0.0925301
109.4574,-0.0925341
109.4727,-0.0925377
109.4901,-0.09254
109.5059,-0.0925418
109.523,-0.092543
109.5397,-0.0925417
109.5565,-0.0925438
109.5729,-0.0925464
109.5893,-0.0925505
109.6057,-0.0925539
109.6215,-0.092557
109.6392,-0.0925603
109.656,-0.0925673
109.6729,-0.092577
109.6887,-0.0925852
109.7059,-0.0925924
109.7222,-0.0926002
109.7392,-0.092606
109.7561,-0.0926131
109.7723,-0.0926186
109.7896,-0.0926234
109.8071,-0.092629
109.8223,-0.0926319
109.8402,-0.0926353
109.8558,-0.0926387
109.8729,-0.0926398
109.8898,-0.0926423
109.906,-0.0926448
109.9224,-0.092645
109.939,-0.0926456
109.9561,-0.0926457
109.9734,-0.0926464
109.9901,-0.092651
110.0055,-0.0926555
110.0232,-0.092663
110.0386,-0.0926694
110.0562,-0.0926761
110.0735,-0.0926846
110.0897,-0.0926945
110.1074,-0.0926999
110.1237,-0.0927041
110.1403,-0.0927064
110.157,-0.0927092
110.1741,-0.092712
110.1897,-0.0927134
110.2066,-0.0927141
110.223,-0.0927149
110.2401,-0.0927151
110.2567,-0.0927156
110.2742,-0.0927177
110.2899,-0.0927201
110.3056,-0.0927228
110.3227,-0.0927265
110.3393,-0.0927305
110.3566,-0.0927376
110.3732,-0.0927455
110.3897,-0.0927537
110.4064,-0.0927613
110.4227,-0.0927673
110.4398,-0.092771
110.4569,-0.0927763
110.4736,-0.0927793
110.49,-0.092783
110.5061,-0.0927861
110.523,-0.092792
110.5399,-0.0927974
110.5564,-0.0928036
110.5732,-0.0928097
110.5902,-0.0928182
110.6075,-0.0928239
110.6238,-0.09283
110.6401,-0.0928352
110.6567,-0.0928405
110.6732,-0.0928436
110.6893,-0.0928457
110.7066,-0.0928497
110.7232,-0.0928541
110.7399,-0.0928602
110.756,-0.0928679
110.7732,-0.0928746
110.7897,-0.0928779
110.8057,-0.0928803
110.8231,-0.0928855
110.8396,-0.092891
110.8561,-0.0928963
110.8719,-0.0929019
110.8898,-0.0929073
110.9065,-0.092913
110.9229,-0.0929213
110.9393,-0.0929289
110.9568,-0.0929354
110.9726,-0.0929392
110.9896,-0.0929416
111.0064,-0.0929429
111.0223,-0.0929437
111.0391,-0.0929425
111.0555,-0.092944
111.073,-0.0929453
111.0885,-0.0929464
111.106,-0.0929482
111.1238,-0.0929512
111.1398,-0.0929563
111.1561,-0.0929611
111.1728,-0.0929661
111.1898,-0.0929689
111.2074,-0.0929733
111.2231,-0.0929771
111.2389,-0.0929837
111.2564,-0.0929891
111.2729,-0.0929918
111.2901,-0.0929929
111.3066,-0.092995
111.3223,-0.0929977
111.3394,-0.0929972
111.3561,-0.0929973
111.3734,-0.0929974
111.391,-0.0929976
111.4075,-0.0929969
111.4232,-0.0929974
111.4402,-0.0929988
111.4573,-0.0929998
111.4732,-0.0930006
111.4904,-0.093005
111.507,-0.0930089
111.5235,-0.0930137
111.5411,-0.093018
111.5569,-0.0930248
111.5733,-0.093029
111.5899,-0.0930339
111.6069,-0.0930391
111.6234,-0.0930446
111.6413,-0.0930504
111.6565,-0.0930555
111.6739,-0.0930628
111.6901,-0.0930686
111.7075,-0.0930746
111.7241,-0.0930795
111.7408,-0.0930848
111.7565,-0.0930909
111.774,-0.0930986
111.7905,-0.093105
111.8067,-0.0931093
111.8242,-0.0931126
111.8408,-0.0931158
111.8572,-0.0931181
111.8732,-0.0931241
111.8905,-0.0931319
111.9068,-0.0931378
111.9234,-0.0931446
111.9405,-0.0931518
111.9573,-0.0931606
111.9741,-0.0931687
111.9899,-0.0931757
112.0065,-0.0931809
112.0232,-0.0931841
112.0408,-0.0931862
112.0573,-0.0931909
112.074,-0.0932005
112.0895,-0.0932107
112.1072,-0.0932173
112.1228,-0.0932237
112.1409,-0.0932311
112.158,-0.0932375
112.1738,-0.0932435
112.1905,-0.0932492
112.2073,-0.093258
112.2241,-0.0932656
112.2402,-0.0932726
112.2565,-0.0932807
112.274,-0.0932883
112.2921,-0.0932949
112.3077,-0.0932993
112.3234,-0.0933033
112.3406,-0.0933061
112.3575,-0.0933092
112.3741,-0.0933118
112.3897,-0.0933155
112.4067,-0.0933214
112.4233,-0.093327
112.4401,-0.0933327
112.4575,-0.0933395
112.4736,-0.0933476
112.4901,-0.0933526
112.5069,-0.0933568
112.524,-0.0933632
112.5403,-0.0933697
112.5573,-0.0933746
112.5733,-0.09338
112.5901,-0.0933836
112.606,-0.0933869
112.6232,-0.0933917
112.6399,-0.0933995
112.6573,-0.0934068
112.6736,-0.0934122
112.6903,-0.0934165
112.7068,-0.0934185
112.7244,-0.0934213
112.7404,-0.0934227
112.7564,-0.0934259
112.7736,-0.0934288
112.7911,-0.0934311
112.8074,-0.093433
112.8232,-0.0934377
112.8398,-0.0934434
112.8579,-0.0934505
112.8735,-0.093457
112.8898,-0.0934614
112.9069,-0.0934646
112.923,-0.0934673
112.9407,-0.0934676
112.9572,-0.0934702
112.9734,-0.093473
112.9903,-0.0934746
113.0068,-0.0934758
113.0242,-0.0934762
113.0406,-0.0934798
113.0576,-0.0934866
113.0732,-0.0934932
113.0904,-0.0934993
113.1069,-0.0935064
113.124,-0.0935154
113.1413,-0.0935243
113.1579,-0.0935324
113.174,-0.0935372
113.1904,-0.0935406
113.2077,-0.0935437
113.2246,-0.0935473
113.2407,-0.0935503
113.2579,-0.0935533
113.2749,-0.0935558
113.2917,-0.0935582
113.3083,-0.093564
113.3253,-0.0935685
113.3407,-0.0935735
113.3588,-0.093578
113.3746,-0.0935823
113.3913,-0.0935839
113.4075,-0.0935859
113.4249,-0.0935913
113.4418,-0.0935931
113.4581,-0.093596
113.4744,-0.0935986
113.4912,-0.0936024
113.5084,-0.0936058
113.5245,-0.0936096
113.5414,-0.0936154
113.5579,-0.09362
113.5744,-0.0936255
113.5908,-0.0936301
113.6083,-0.0936342
113.625,-0.0936394
113.6412,-0.093646
113.6581,-0.0936498
113.6751,-0.0936542
113.6911,-0.0936578
113.708,-0.0936614
113.7253,-0.093666
113.7407,-0.0936705
113.7585,-0.0936755
113.7752,-0.0936825
113.7911,-0.0936903
113.8089,-0.0936979
113.825,-0.0937056
113.8415,-0.0937108
113.8594,-0.0937155
113.8755,-0.0937191
113.8918,-0.0937215
113.9086,-0.0937248
113.9252,-0.0937267
113.942,-0.0937277
113.9582,-0.0937316
113.9757,-0.0937356
113.9922,-0.0937413
114.0082,-0.0937463
114.0258,-0.0937517
114.0418,-0.0937568
114.059,-0.0937616
114.0753,-0.0937671
114.093,-0.0937764
114.1088,-0.0937837
114.1257,-0.0937911
114.1418,-0.0937975
114.1587,-0.0938034
114.1763,-0.0938108
114.1913,-0.0938162
114.2084,-0.0938182
114.2254,-0.0938197
114.2424,-0.0938222
114.2592,-0.0938224
114.2756,-0.093825
114.2924,-0.0938292
114.3091,-0.0938319
114.3256,-0.0938371
114.3424,-0.0938412
114.3591,-0.0938473
114.3758,-0.0938544
114.3923,-0.0938607
114.4084,-0.0938662
114.4247,-0.0938727
114.4411,-0.0938758
114.4587,-0.0938806
114.4756,-0.0938871
114.4918,-0.093892
114.509,-0.0938971
114.5245,-0.0939052
114.5421,-0.0939106
114.5589,-0.0939153
114.5751,-0.09392
114.592,-0.0939226
114.6085,-0.0939236
114.6253,-0.0939246
114.6416,-0.0939246
114.6585,-0.0939272
114.6752,-0.0939317
114.6918,-0.0939359
114.7098,-0.0939424
114.7256,-0.0939504
114.7426,-0.0939613
114.759,-0.0939729
114.7754,-0.093984
114.7924,-0.0939916
114.8092,-0.0939996
114.8263,-0.0940047
114.8425,-0.0940092
114.8595,-0.0940132
114.8763,-0.0940154
114.8927,-0.0940166
114.9091,-0.0940176
114.9252,-0.094019
114.9419,-0.0940213
114.959,-0.0940243
114.9756,-0.0940288
114.9919,-0.0940333
115.0085,-0.0940378
115.0262,-0.0940414
115.0418,-0.0940476
115.0594,-0.0940531
115.076,-0.094058
115.0916,-0.094062
115.1093,-0.094067
115.1261,-0.0940728
115.1422,-0.0940786
115.1589,-0.0940845
115.1759,-0.0940895
115.193,-0.0940946
115.2092,-0.0940992
115.2262,-0.0941021
115.2427,-0.0941032
115.2597,-0.0941028
115.2761,-0.0941005
115.2929,-0.0941003
115.3095,-0.0941026
115.325,-0.0941078
115.3423,-0.0941124
115.3583,-0.0941192
115.3757,-0.0941272
115.3922,-0.0941348
115.4093,-0.0941423
115.4262,-0.0941485
115.4426,-0.0941558
115.4592,-0.0941598
115.4759,-0.0941648
115.4914,-0.0941677
115.5086,-0.0941705
115.526,-0.0941752
115.5422,-0.0941825
115.5594,-0.0941897
115.5759,-0.0941947
115.5923,-0.0941996
115.6096,-0.0942027
115.6269,-0.0942072
115.6424,-0.0942126
115.6596,-0.0942159
115.6758,-0.0942192
115.6923,-0.0942238
115.7089,-0.0942296
115.7262,-0.0942355
115.742,-0.0942418
115.7587,-0.0942482
115.7763,-0.0942536
115.7926,-0.0942581
115.8096,-0.0942625
115.8256,-0.0942653
115.8416,-0.0942685
115.8593,-0.0942721
115.8762,-0.0942766
115.8923,-0.0942809
115.9085,-0.0942861
115.9256,-0.0942906
115.9428,-0.0942966
115.9593,-0.0943036
115.9765,-0.0943097
115.9923,-0.0943155
116.01,-0.0943191
116.0264,-0.0943248
116.0426,-0.0943296
116.0593,-0.0943334
116.0763,-0.0943361
116.0926,-0.0943379
116.1102,-0.0943399
116.1268,-0.0943435
116.1432,-0.0943461
116.16,-0.0943488
116.1762,-0.0943519
116.1929,-0.0943553
116.2097,-0.0943583
116.2259,-0.0943623
116.2433,-0.0943686
116.259,-0.0943735
116.2763,-0.0943775
116.2929,-0.09438
116.3098,-0.0943804
116.3261,-0.0943821
116.3426,-0.0943845
116.3594,-0.0943868
116.3752,-0.0943894
116.393,-0.0943916
116.4098,-0.0943942
116.4262,-0.0943989
116.443,-0.0944051
116.46,-0.0944107
116.4766,-0.0944147
116.4929,-0.09442
116.5097,-0.0944214
116.5269,-0.0944218
116.5423,-0.0944227
116.5591,-0.0944245
116.5757,-0.0944273
116.5928,-0.094429
116.6089,-0.0944306
116.6261,-0.0944324
116.6429,-0.0944351
116.6591,-0.0944393
116.6763,-0.094443
116.6933,-0.0944463
116.7088,-0.0944499
116.7268,-0.0944542
116.7429,-0.0944595
116.7596,-0.0944662
116.7762,-0.094475
116.7933,-0.0944816
116.8099,-0.0944855
116.826,-0.0944902
116.8428,-0.0944938
116.8608,-0.0944977
116.8767,-0.0945013
116.8933,-0.0945036
116.9098,-0.0945054
116.9256,-0.0945075
116.943,-0.0945113
116.9597,-0.0945152
116.9759,-0.0945202
116.9931,-0.0945241
117.01,-0.0945292
117.0272,-0.094534
117.0438,-0.0945381
117.059,-0.0945447
117.0763,-0.0945508
117.0931,-0.0945577
117.1102,-0.0945626
117.1277,-0.0945679
117.1441,-0.0945746
117.1606,-0.0945806
117.1777,-0.0945852
117.1938,-0.0945884
117.2109,-0.0945916
117.2267,-0.0945958
117.244,-0.0945984
117.2603,-0.0946017
117.2776,-0.0946064
117.294,-0.0946107
117.3111,-0.0946157
117.3272,-0.0946201
117.3437,-0.0946249
117.3611,-0.0946277
117.3775,-0.0946312
117.394,-0.0946343
117.4107,-0.0946379
117.4269,-0.0946397
117.4439,-0.0946419
117.4615,-0.0946446
117.4778,-0.0946497
117.4945,-0.0946575
117.5109,-0.0946674
117.5278,-0.0946756
117.5442,-0.0946827
117.5606,-0.0946908
117.578,-0.0946942
117.5947,-0.0946951
117.611,-0.0946968
117.6273,-0.0946997
117.6436,-0.0947023
117.6599,-0.0947042
117.6769,-0.0947087
117.6941,-0.0947156
117.711,-0.0947235
117.7276,-0.0947309
117.7443,-0.0947372
117.761,-0.094744
117.7773,-0.0947503
117.7937,-0.0947567
117.8101,-0.0947616
117.8274,-0.094768
117.845,-0.0947761
117.8613,-0.0947831
117.8773,-0.0947882
117.8947,-0.0947946
117.9107,-0.0948004
117.9276,-0.0948065
117.9441,-0.094813
117.9616,-0.0948206
117.9779,-0.0948247
117.9946,-0.0948282
118.0108,-0.094832
118.0283,-0.094836
118.0451,-0.0948405
118.0603,-0.0948433
118.0778,-0.0948466
118.0944,-0.0948512
118.1109,-0.0948556
118.128,-0.0948628
118.1451,-0.0948699
118.161,-0.0948763
118.1781,-0.0948829
118.1942,-0.0948879
118.2109,-0.0948911
118.2275,-0.0948955
118.2447,-0.0949012
118.2607,-0.094906
118.2779,-0.0949099
118.2946,-0.0949139
118.3115,-0.0949203
118.3288,-0.094926
118.3445,-0.0949311
118.3608,-0.094936
118.3777,-0.0949407
118.3953,-0.0949456
118.4107,-0.0949521
118.4274,-0.0949596
118.445,-0.0949668
118.4614,-0.0949732
118.4775,-0.0949781
118.4945,-0.0949834
118.5121,-0.0949876
118.5273,-0.0949924
118.5442,-0.0949966
118.5609,-0.0950008
118.5773,-0.0950048
118.5937,-0.0950098
118.6119,-0.0950153
118.6279,-0.0950215
118.6446,-0.0950283
118.6607,-0.095034
118.6776,-0.0950381
118.6941,-0.095043
118.7109,-0.095048
118.7279,-0.0950532
118.7447,-0.0950597
118.7611,-0.095066
118.7783,-0.0950721
118.7948,-0.0950775
118.8118,-0.0950816
118.8274,-0.0950859
118.8443,-0.0950893
118.8613,-0.0950924
118.8781,-0.0950975
118.8951,-0.0951024
118.9113,-0.0951078
118.9276,-0.0951139
118.9439,-0.0951181
118.9611,-0.0951214
118.9776,-0.0951258
118.9947,-0.0951277
119.0114,-0.0951297
119.0284,-0.0951325
119.0442,-0.0951365
119.0613,-0.0951405
119.0774,-0.0951468
119.095,-0.0951515
119.1105,-0.0951575
119.1281,-0.0951642
119.145,-0.0951708
119.1617,-0.0951762
119.1772,-0.0951792
119.1949,-0.0951833
119.211,-0.0951869
119.2283,-0.0951911
119.2447,-0.0951952
119.261,-0.0951983
119.2786,-0.0952024
119.2947,-0.0952067
119.311,-0.0952105
119.328,-0.0952147
119.3442,-0.0952172
119.3612,-0.0952183
119.3782,-0.095222
119.3945,-0.0952239
119.4115,-0.0952273
119.4269,-0.09523
119.4441,-0.0952319
119.4618,-0.0952343
119.4784,-0.0952373
119.4938,-0.0952414
119.5116,-0.095247
119.5276,-0.0952538
119.5447,-0.0952607
119.5604,-0.0952671
119.5773,-0.0952736
119.5947,-0.0952821
119.6114,-0.0952895
119.6273,-0.0952949
119.6442,-0.0953012
119.6608,-0.0953065
119.6778,-0.0953124
119.6943,-0.0953183
119.7113,-0.0953251
119.7285,-0.0953309
119.745,-0.0953343
119.7613,-0.0953358
119.7777,-0.0953374
119.7946,-0.0953379
119.8114,-0.0953362
119.8279,-0.0953369
119.8445,-0.095338
119.8613,-0.0953402
119.8775,-0.0953443
119.8942,-0.0953493
119.9115,-0.0953566
119.9272,-0.095364
119.9449,-0.0953718
119.9626,-0.0953795
119.9789,-0.095384
119.9949,-0.0953875
120.0115,-0.0953915
120.029,-0.0953921
120.0449,-0.0953902
120.0621,-0.0953904
120.0786,-0.0953914
120.0947,-0.0953937
120.111,-0.0953955
120.1283,-0.0953972
120.145,-0.0954008
120.1607,-0.0954037
120.1778,-0.0954084
120.1943,-0.0954133
120.2108,-0.0954199
120.2281,-0.0954268
120.2442,-0.0954309
120.261,-0.0954337
120.2778,-0.0954362
120.295,-0.0954365
120.3116,-0.0954379
120.3275,-0.0954441
120.3445,-0.0954485
120.3614,-0.0954537
120.3778,-0.0954585
120.3941,-0.0954647
120.4121,-0.0954705
120.4279,-0.0954775
120.445,-0.0954828
120.4616,-0.0954865
120.4777,-0.0954893
120.4945,-0.0954919
120.5114,-0.0954943
120.5278,-0.0954963
120.5445,-0.0955007
120.562,-0.0955068
120.5777,-0.0955149
120.5942,-0.0955223
120.6115,-0.0955288
120.6288,-0.0955334
120.6449,-0.0955382
120.6615,-0.0955413
120.6785,-0.0955441
120.695,-0.0955485
120.7118,-0.0955521
120.728,-0.0955568
120.7451,-0.0955608
120.7615,-0.0955646
120.7796,-0.095568
120.7959,-0.0955723
120.812,-0.0955778
120.8274,-0.0955828
120.8457,-0.095587
120.8615,-0.0955889
120.8784,-0.0955935
120.8956,-0.0955987
120.9123,-0.0956035
120.9283,-0.0956082
120.945,-0.0956129
120.9624,-0.095618
120.9789,-0.0956229
120.9952,-0.0956285
121.0123,-0.0956342
121.0288,-0.0956377
121.0459,-0.0956408
121.0615,-0.0956443
121.0786,-0.095646
121.0962,-0.0956463
121.1124,-0.0956464
121.1288,-0.0956488
121.1458,-0.0956526
121.162,-0.0956566
121.1793,-0.0956624
121.1958,-0.0956697
121.2126,-0.0956755
121.2294,-0.0956796
121.2455,-0.0956859
121.2634,-0.0956944
121.2798,-0.0957025
121.2957,-0.0957086
121.3125,-0.0957142
121.3297,-0.095718
121.3465,-0.0957209
121.363,-0.095725
121.3792,-0.0957291
121.3962,-0.0957338
121.4124,-0.0957378
121.4298,-0.0957426
121.4467,-0.0957484
121.4635,-0.0957538
121.4797,-0.0957605
121.4961,-0.095767
121.513,-0.0957715
121.5303,-0.0957755
121.5464,-0.0957783
121.5625,-0.0957835
121.5802,-0.0957875
121.5963,-0.0957882
121.6128,-0.0957912
121.6303,-0.0957954
121.6479,-0.0957999
121.6635,-0.0958036
121.6803,-0.095809
121.6972,-0.0958144
121.7136,-0.0958201
121.7297,-0.0958262
121.7465,-0.0958321
121.7634,-0.0958371
121.7799,-0.0958405
121.7972,-0.0958448
121.8135,-0.0958492
121.8299,-0.095854
121.8463,-0.0958617
121.863,-0.0958699
121.8799,-0.095877
121.8964,-0.0958859
121.9127,-0.0958937
121.9296,-0.0959009
121.9459,-0.0959062
121.9628,-0.0959106
121.9802,-0.0959156
121.9965,-0.0959205
122.0124,-0.0959242
122.0295,-0.0959301
122.0462,-0.0959364
122.0626,-0.0959453
122.0792,-0.0959554
122.0958,-0.0959664
122.1131,-0.0959739
122.1301,-0.0959816
122.1461,-0.0959902
122.1634,-0.0959988
122.1793,-0.0960053
122.1965,-0.0960106
122.2127,-0.0960175
122.2297,-0.0960222
122.2471,-0.0960284
122.2626,-0.0960366
122.2798,-0.0960449
122.2972,-0.0960509
122.312,-0.0960563
122.3301,-0.0960609
122.3465,-0.0960668
122.3634,-0.0960702
122.3796,-0.0960733
122.3966,-0.0960774
122.4137,-0.0960776
122.4296,-0.0960793
122.447,-0.0960824
122.4636,-0.0960871
122.4796,-0.0960911
122.4964,-0.0960962
122.5131,-0.096101
122.5295,-0.0961068
122.5468,-0.0961124
122.5623,-0.0961164
122.5804,-0.0961205
122.5957,-0.0961273
122.6131,-0.0961324
122.6302,-0.0961373
122.6466,-0.0961425
122.6637,-0.0961455
122.6796,-0.0961486
122.6972,-0.0961507
122.7127,-0.0961568
122.7302,-0.0961613
122.7465,-0.0961639
122.763,-0.0961668
122.78,-0.0961689
122.7967,-0.0961735
122.8136,-0.096179
122.8292,-0.0961879
122.8463,-0.0961952
122.863,-0.0961997
122.8797,-0.0962035
122.8972,-0.0962065
122.9139,-0.0962118
122.9295,-0.0962162
122.9464,-0.0962182
122.9635,-0.096219
122.9798,-0.0962193
122.9966,-0.096222
123.0126,-0.0962246
123.0296,-0.0962285
123.0463,-0.0962311
123.0633,-0.0962346
123.0799,-0.096238
123.096,-0.0962417
123.1134,-0.0962469
123.1299,-0.0962493
123.1462,-0.0962526
123.1638,-0.0962549
123.1794,-0.0962587
123.1968,-0.0962631
123.2122,-0.0962678
123.2298,-0.0962705
123.2465,-0.096274
123.2634,-0.0962784
123.2805,-0.0962809
123.2964,-0.096284
123.3126,-0.096286
123.3296,-0.0962864
123.347,-0.0962878
123.3624,-0.0962912
123.3799,-0.0962986
123.396,-0.0963049
123.4124,-0.0963094
123.4298,-0.0963153
123.4461,-0.0963199
123.4639,-0.0963233
123.4803,-0.0963263
123.497,-0.0963301
123.5131,-0.096336
123.5289,-0.0963383
123.5463,-0.0963426
123.5629,-0.0963503
123.58,-0.0963579
123.5966,-0.0963657
123.6126,-0.0963699
123.6293,-0.0963735
123.6464,-0.0963777
123.6636,-0.096381
123.6796,-0.0963869
123.6964,-0.0963932
123.7131,-0.0964012
123.7308,-0.0964079
123.7468,-0.0964138
123.763,-0.0964208
123.7803,-0.0964272
123.7975,-0.0964301
123.8133,-0.0964311
123.8295,-0.0964341
123.8467,-0.0964377
123.8631,-0.0964405
123.8798,-0.0964417
123.8966,-0.096445
123.9133,-0.0964481
123.9296,-0.0964505
123.9468,-0.0964525
123.9631,-0.0964571
123.98,-0.0964581
123.9964,-0.0964611
124.013,-0.0964627
124.0301,-0.0964659
124.0464,-0.0964709
124.0628,-0.0964746
124.0803,-0.0964804
124.0967,-0.0964863
124.1125,-0.0964911
124.1305,-0.0964961
124.1462,-0.0965028
124.1635,-0.0965092
124.18,-0.0965152
124.1958,-0.0965218
124.2136,-0.0965257
124.2305,-0.0965307
124.2466,-0.0965334
124.2634,-0.0965367
124.2804,-0.0965405
124.2969,-0.0965424
124.3138,-0.0965457
124.3299,-0.0965502
124.347,-0.0965551
124.3634,-0.0965574
124.3801,-0.0965608
124.397,-0.0965645
124.4132,-0.0965686
124.4299,-0.0965735
124.4464,-0.0965783
124.4637,-0.0965823
124.4805,-0.0965846
124.4968,-0.0965874
124.5139,-0.0965921
124.5303,-0.0965961
124.547,-0.0965993
124.5645,-0.0966031
124.5805,-0.0966071
124.597,-0.0966132
124.6127,-0.0966188
124.6307,-0.0966249
124.6467,-0.0966287
124.6635,-0.0966325
124.6801,-0.0966366
124.6965,-0.0966435
124.7131,-0.0966503
124.7301,-0.0966569
124.7466,-0.0966621
124.7633,-0.0966693
124.7806,-0.0966761
124.7968,-0.0966778
124.8138,-0.0966803
124.8305,-0.0966824
124.8473,-0.0966821
124.863,-0.0966839
124.8794,-0.0966894
124.8966,-0.0966965
124.9135,-0.0967033
124.9295,-0.0967121
124.9478,-0.0967216
124.9642,-0.0967297
124.9807,-0.0967357
124.9969,-0.0967389
125.014,-0.0967412
125.0298,-0.0967428
125.0471,-0.0967452
125.0639,-0.0967478
125.0803,-0.0967515
125.0963,-0.096756
125.1135,-0.0967614
125.1299,-0.096767
125.1466,-0.0967733
125.1631,-0.0967797
125.1804,-0.0967847
125.1974,-0.0967899
125.2131,-0.0967951
125.2303,-0.0968025
125.2473,-0.0968109
125.2628,-0.0968169
125.2799,-0.0968239
125.2971,-0.0968296
125.3144,-0.0968354
125.3313,-0.0968388
125.3469,-0.0968412
125.3642,-0.0968417
125.3803,-0.0968425
125.3974,-0.0968419
125.4139,-0.0968426
125.4296,-0.0968468
125.447,-0.0968519
125.4631,-0.0968586
125.4805,-0.0968648
125.4969,-0.0968718
125.514,-0.0968768
125.5296,-0.0968826
125.5473,-0.0968897
125.5639,-0.0968964
125.5801,-0.0969005
125.5963,-0.0969031
125.6135,-0.0969072
125.6302,-0.0969099
125.6474,-0.0969143
125.6633,-0.0969201
125.68,-0.0969271
125.6966,-0.0969322
125.7139,-0.0969369
125.7305,-0.0969425
125.7468,-0.0969482
125.7635,-0.0969522
125.7805,-0.0969569
125.797,-0.0969604
125.814,-0.0969656
125.8299,-0.0969727
125.8461,-0.0969793
125.8638,-0.0969846
125.88,-0.0969919
125.8972,-0.0969976
125.9137,-0.097005
125.9299,-0.0970118
125.9465,-0.0970183
125.9637,-0.0970246
125.9805,-0.0970314
125.9977,-0.0970384
126.0133,-0.0970459
126.0304,-0.0970533
126.047,-0.0970592
126.0639,-0.0970641
126.0807,-0.0970691
126.0969,-0.0970736
126.1133,-0.0970778
126.13,-0.0970816
126.1468,-0.0970855
126.1629,-0.0970885
126.1806,-0.0970919
126.1967,-0.0970935
126.214,-0.0970947
126.2302,-0.0970961
126.2465,-0.0970971
126.2626,-0.0971009
126.2796,-0.097105
126.2971,-0.097109
126.3135,-0.0971132
126.3307,-0.0971202
126.3475,-0.0971272
126.364,-0.0971339
126.3799,-0.0971423
126.3974,-0.0971506
126.4132,-0.0971594
126.4301,-0.0971685
126.4475,-0.0971775
126.4647,-0.0971842
126.4802,-0.0971886
126.4977,-0.0971936
126.5141,-0.0971962
126.53,-0.097198
126.5465,-0.0971989
126.5632,-0.0972
126.5805,-0.0972021
126.5966,-0.0972057
126.6136,-0.0972084
126.6306,-0.0972115
126.6473,-0.0972147
126.6638,-0.0972182
126.6798,-0.0972227
126.6967,-0.0972267
126.7139,-0.0972318
126.7302,-0.097237
126.7474,-0.097243
126.7645,-0.0972502
126.7804,-0.0972542
126.7972,-0.0972582
126.8145,-0.0972627
126.8304,-0.0972669
126.8474,-0.0972731
126.8639,-0.0972799
126.8807,-0.0972874
126.8971,-0.0972946
126.9143,-0.0972999
126.9305,-0.0973059
126.9468,-0.0973096
126.9641,-0.097313
126.9811,-0.0973151
126.9967,-0.097318
127.0139,-0.0973212
127.0303,-0.0973256
127.0474,-0.0973296
127.0639,-0.0973345
127.0799,-0.0973386
127.0967,-0.0973431
127.1138,-0.0973487
127.1305,-0.0973546
127.1467,-0.0973609
127.1628,-0.0973645
127.1802,-0.0973682
127.1975,-0.097372
127.2129,-0.0973781
127.2311,-0.0973858
127.2471,-0.097393
127.2633,-0.0973976
127.2803,-0.0973994
127.2973,-0.0974037
127.3141,-0.0974073
127.3303,-0.0974118
127.3467,-0.0974172
127.364,-0.0974216
127.3803,-0.0974256
127.3971,-0.0974312
127.4133,-0.0974384
127.4301,-0.0974467
127.4463,-0.0974544
127.4639,-0.0974593
127.4813,-0.097462
127.4968,-0.0974659
127.5131,-0.0974683
127.5305,-0.0974714
127.5472,-0.097475
127.563,-0.0974793
127.5806,-0.0974829
127.5971,-0.0974864
127.6126,-0.0974913
127.631,-0.0974973
127.6477,-0.0975015
127.6635,-0.0975049
127.6805,-0.0975078
127.6978,-0.0975128
127.7139,-0.0975169
127.7299,-0.0975213
127.7464,-0.0975243
127.763,-0.0975266
127.7813,-0.0975289
127.7983,-0.097533
127.8142,-0.0975378
127.8309,-0.0975401
127.8472,-0.0975427
127.8639,-0.0975443
127.8806,-0.0975464
127.8971,-0.0975514
127.9139,-0.097558
127.9303,-0.097568
127.9474,-0.0975758
127.9643,-0.0975821
127.9807,-0.0975852
127.9971,-0.0975876
128.0145,-0.0975903
128.0304,-0.0975933
128.0476,-0.0975957
128.064,-0.0975985
128.0804,-0.0976017
128.0978,-0.0976063
128.1142,-0.0976115
128.1312,-0.0976156
128.147,-0.0976194
128.1641,-0.0976222
128.1806,-0.0976221
128.1974,-0.0976232
128.2142,-0.097627
128.2302,-0.0976309
128.2466,-0.0976359
128.2641,-0.0976437
128.2809,-0.0976501
128.298,-0.097657
128.314,-0.0976617
128.3307,-0.0976671
128.3478,-0.0976692
128.364,-0.0976727
128.3812,-0.0976754
128.3971,-0.0976808
128.4149,-0.0976858
128.4299,-0.0976926
128.4474,-0.0976994
128.4639,-0.0977066
128.4809,-0.0977124
128.498,-0.097718
128.5144,-0.0977248
128.531,-0.0977298
128.5475,-0.0977342
128.5631,-0.0977383
128.5805,-0.0977434
128.5971,-0.0977498
128.6136,-0.0977562
128.6311,-0.0977633
128.6463,-0.097771
128.6638,-0.0977769
128.6803,-0.0977827
128.6964,-0.097789
128.7139,-0.0977956
128.73,-0.0978049
128.7471,-0.0978134
128.7639,-0.0978222
128.7797,-0.0978315
128.7975,-0.0978389
128.8137,-0.0978462
128.8307,-0.0978531
128.8474,-0.0978586
128.8642,-0.0978641
128.8807,-0.0978673
128.8969,-0.0978729
128.9136,-0.0978782
128.9293,-0.0978863
128.9475,-0.0978966
128.9646,-0.0979038
128.9813,-0.0979099
128.9966,-0.0979151
129.0141,-0.0979194
129.0308,-0.0979241
129.0467,-0.0979291
129.0638,-0.0979353
129.0811,-0.0979409
129.0972,-0.0979457
129.1145,-0.0979508
129.1315,-0.0979554
129.1476,-0.0979603
129.1639,-0.0979649
129.1803,-0.0979677
129.1977,-0.0979699
129.2137,-0.0979749
129.2314,-0.0979807
129.2473,-0.0979876
129.2638,-0.0979964
129.2813,-0.0980022
129.2978,-0.0980063
129.3137,-0.0980121
129.3306,-0.0980168
129.3469,-0.0980228
129.3639,-0.0980283
129.3801,-0.0980346
129.3974,-0.098041
129.414,-0.098044
129.4314,-0.0980455
129.4479,-0.0980464
129.4641,-0.0980476
129.481,-0.0980475
129.4975,-0.0980481
129.5139,-0.0980499
129.5303,-0.0980547
129.5475,-0.0980612
129.5639,-0.0980682
129.581,-0.098075
129.5976,-0.0980791
129.6143,-0.0980827
129.6312,-0.0980858
129.648,-0.0980895
129.6632,-0.0980939
129.6805,-0.0980991
129.6971,-0.0981064
129.7141,-0.0981128
129.7308,-0.0981189
129.7479,-0.0981258
129.7643,-0.0981307
129.7815,-0.0981367
129.7973,-0.098141
129.8152,-0.098144
129.8312,-0.0981465
129.8481,-0.0981482
129.8656,-0.0981502
129.8818,-0.0981563
129.8976,-0.0981622
129.9149,-0.0981694
129.9312,-0.0981778
129.9486,-0.0981878
129.9653,-0.0981961
129.9819,-0.0982042
129.999,-0.0982103
130.0156,-0.0982136
130.0322,-0.0982161
130.0481,-0.0982201
130.0651,-0.0982253
130.0823,-0.0982292
130.0982,-0.0982338
130.1154,-0.0982395
130.1322,-0.0982454
130.1492,-0.0982508
130.1648,-0.0982548
130.1821,-0.0982579
130.1987,-0.0982595
130.215,-0.0982648
130.2321,-0.0982736
130.2492,-0.0982845
130.266,-0.0982929
130.2819,-0.0983033
130.3005,-0.0983122
130.3159,-0.098321
130.332,-0.0983288
130.3488,-0.0983341
130.3663,-0.0983373
130.3822,-0.098341
130.3987,-0.0983476
130.4153,-0.0983539
130.432,-0.0983597
130.4484,-0.0983653
130.4658,-0.0983731
130.4829,-0.0983821
130.499,-0.0983916
130.5162,-0.0984003
130.5335,-0.0984067
130.5495,-0.0984129
130.5663,-0.0984174
130.5827,-0.0984225
130.6003,-0.0984282
130.6166,-0.0984328
130.6336,-0.0984358
130.6505,-0.0984419
130.6662,-0.0984499
130.6829,-0.098458
130.6995,-0.0984648
130.7152,-0.0984715
130.7334,-0.0984781
130.7494,-0.0984881
130.7655,-0.0984953
130.7828,-0.098502
130.799,-0.0985068
130.8161,-0.0985131
130.8332,-0.0985192
130.8493,-0.0985248
130.8661,-0.0985323
130.8821,-0.0985391
130.8999,-0.098545
130.9166,-0.0985521
130.9321,-0.098559
130.9499,-0.0985662
130.9662,-0.098573
130.9835,-0.0985785
131.0,-0.0985854
131.0165,-0.0985909
131.0323,-0.0985967
131.0494,-0.0986058
131.0658,-0.0986146
131.0818,-0.0986223
131.0985,-0.0986331
131.1165,-0.0986439
131.1332,-0.0986526
131.149,-0.0986615
131.1664,-0.0986694
131.183,-0.0986749
131.199,-0.098679
131.2158,-0.0986848
131.233,-0.0986907
131.2487,-0.0986959
131.2654,-0.0987009
131.2822,-0.098706
131.2997,-0.0987116
131.316,-0.0987159
131.3318,-0.0987225
131.349,-0.0987305
131.366,-0.0987361
131.3827,-0.0987433
131.3991,-0.0987525
131.416,-0.0987605
131.4326,-0.0987674
131.4494,-0.0987723
131.467,-0.0987784
131.4825,-0.0987845
131.4985,-0.0987891
131.515,-0.0987922
131.5324,-0.0987961
131.5493,-0.098801
131.5653,-0.0988069
131.5826,-0.098813
131.5997,-0.0988183
131.616,-0.0988246
131.633,-0.0988295
131.6489,-0.0988344
131.6658,-0.0988376
131.6832,-0.09884
131.6984,-0.0988432
131.7151,-0.0988472
131.7325,-0.0988514
131.7495,-0.0988546
131.7652,-0.0988598
131.7826,-0.098867
131.7997,-0.098875
131.8158,-0.0988846
131.8326,-0.0988933
131.8494,-0.0989019
131.8665,-0.0989089
131.8825,-0.0989166
131.8996,-0.0989223
131.9158,-0.0989283
131.9338,-0.0989336
131.9495,-0.0989372
131.9664,-0.0989407
131.9826,-0.0989444
131.9999,-0.0989477
132.0165,-0.0989516
132.0325,-0.0989553
132.0491,-0.0989589
132.0658,-0.0989632
132.0828,-0.0989671
132.0993,-0.0989706
132.1157,-0.0989762
132.1319,-0.0989789
132.1489,-0.0989818
132.1655,-0.098985
132.1825,-0.0989882
132.1989,-0.0989944
132.2153,-0.0990001
132.2324,-0.0990058
132.249,-0.0990116
132.2655,-0.0990159
132.2828,-0.0990219
132.2988,-0.0990283
132.3152,-0.0990334
132.3327,-0.0990387
132.3492,-0.0990439
132.3652,-0.0990484
132.3831,-0.0990561
132.3992,-0.0990636
132.4159,-0.0990689
132.4324,-0.0990736
132.449,-0.0990792
132.4667,-0.0990853
132.4825,-0.09909
132.4988,-0.0990928
132.5153,-0.0990942
132.5331,-0.0990964
132.5483,-0.099096
132.5662,-0.0990967
132.5812,-0.0990988
132.5988,-0.0991041
132.6149,-0.0991099
132.6316,-0.0991196
132.6481,-0.0991287
132.6658,-0.0991386
132.6831,-0.0991467
132.6997,-0.0991528
132.7157,-0.0991572
132.7322,-0.0991614
132.749,-0.0991648
132.7651,-0.0991683
132.7821,-0.0991754
132.7994,-0.0991854
132.8163,-0.0991951
132.8324,-0.0992051
132.8495,-0.099214
132.8665,-0.0992214
132.8827,-0.0992286
132.8991,-0.099233
132.9157,-0.0992377
132.9317,-0.0992422
132.9487,-0.0992449
132.9666,-0.0992474
132.9826,-0.0992523
132.9995,-0.0992579
133.0165,-0.0992605
133.0325,-0.0992619
133.049,-0.0992636
133.0662,-0.0992658
133.082,-0.0992656
133.0982,-0.0992676
133.1162,-0.0992708
133.1324,-0.0992732
133.1491,-0.0992752
133.1658,-0.0992799
133.1829,-0.0992843
133.1999,-0.0992907
133.2151,-0.0992973
133.2319,-0.0993039
133.2491,-0.0993091
133.2648,-0.0993141
133.283,-0.0993191
133.2992,-0.0993242
133.3159,-0.0993276
133.3321,-0.0993305
133.3482,-0.0993343
133.3654,-0.0993357
133.3824,-0.0993384
133.3978,-0.0993431
133.4155,-0.0993481
133.4323,-0.0993541
133.4486,-0.0993589
133.4666,-0.0993641
133.4826,-0.0993703
133.4995,-0.0993731
133.5164,-0.0993761
133.5322,-0.099379
133.5497,-0.0993817
133.566,-0.0993847
133.5823,-0.0993887
133.5991,-0.0993923
133.6163,-0.0993962
133.6328,-0.0994019
133.6496,-0.0994067
133.666,-0.0994104
133.6825,-0.0994143
133.6995,-0.0994178
133.7157,-0.0994233
133.7323,-0.09943
133.7492,-0.099439
133.7666,-0.0994456
133.7826,-0.0994524
133.7997,-0.0994573
133.8177,-0.0994605
133.834,-0.099462
133.8503,-0.0994643
133.8663,-0.0994673
133.8836,-0.0994704
133.8997,-0.0994741
133.917,-0.0994783
133.9334,-0.0994847
133.9504,-0.0994914
133.9679,-0.0994956
133.9838,-0.0995015
133.9997,-0.0995056
134.0165,-0.0995088
134.0334,-0.0995114
134.0502,-0.0995133
134.0671,-0.0995185
134.083,-0.0995261
134.1002,-0.0995338
134.1162,-0.0995411
134.1337,-0.0995493
134.1502,-0.0995559
134.1669,-0.0995636
134.1834,-0.0995684
134.2003,-0.099573
134.2171,-0.0995774
134.2335,-0.0995819
134.2506,-0.0995871
134.2674,-0.0995916
134.2835,-0.099599
134.3007,-0.0996063
134.3164,-0.099614
134.3331,-0.0996221
134.3512,-0.0996304
134.3672,-0.0996383
134.3832,-0.0996456
134.4007,-0.0996534
134.4169,-0.09966
134.4338,-0.0996664
134.4507,-0.0996707
134.4677,-0.0996768
134.4828,-0.0996797
134.5002,-0.099685
134.5175,-0.0996918
134.533,-0.0997003
134.5499,-0.0997077
134.5666,-0.0997137
134.5839,-0.099721
134.6001,-0.0997285
134.617,-0.0997354
134.6338,-0.0997395
134.6501,-0.0997442
134.6671,-0.0997481
134.6837,-0.0997539
134.6997,-0.0997608
134.7169,-0.0997675
134.7337,-0.0997731
134.7504,-0.0997782
134.7672,-0.0997844
134.7836,-0.0997928
134.8003,-0.0997994
134.8169,-0.0998051
134.8332,-0.0998119
134.851,-0.0998198
134.8668,-0.0998297
134.8836,-0.0998412
134.9001,-0.0998522
134.9169,-0.0998591
134.9332,-0.0998617
134.951,-0.0998657
134.9675,-0.0998713
134.984,-0.0998752
135.0006,-0.0998793
135.0168,-0.0998824
135.0332,-0.0998885
135.0507,-0.0998948
135.0676,-0.0999038
135.0837,-0.0999121
135.1004,-0.0999183
135.1178,-0.0999222
135.1341,-0.0999256
135.1509,-0.0999279
135.1669,-0.0999287
135.1839,-0.09993
135.2003,-0.0999317
135.2166,-0.0999337
135.2338,-0.0999382
135.2505,-0.0999467
135.2675,-0.0999552
135.2842,-0.0999641
135.3012,-0.0999714
135.318,-0.0999782
135.3342,-0.0999862
135.3507,-0.0999919
135.3672,-0.0999972
135.3834,-0.100003
135.4007,-0.100006
135.418,-0.100009
135.4339,-0.100015
135.4509,-0.10002
135.4679,-0.100026
135.4839,-0.10003
135.5005,-0.100034
135.5177,-0.100038
135.5342,-0.100043
135.551,-0.100049
135.5678,-0.100056
135.5841,-0.100061
135.6008,-0.100067
135.6177,-0.100071
135.6341,-0.100076
135.651,-0.100082
135.6664,-0.100088
135.6845,-0.100095
135.7007,-0.100101
135.7183,-0.100108
135.7343,-0.100116
135.7516,-0.100123
135.7676,-0.100129
135.7847,-0.100135
135.8017,-0.100138
135.8182,-0.100142
135.8345,-0.100145
135.8515,-0.100147
135.8678,-0.100147
135.885,-0.100148
135.9016,-0.100152
135.917,-0.100156
135.9343,-0.100161
135.9505,-0.100168
135.9675,-0.100177
135.9848,-0.100186
136.0013,-0.100198
136.0179,-0.10021
136.0345,-0.100221
136.0519,-0.100232
136.0681,-0.10024
136.0857,-0.100247
136.101,-0.100253
136.118,-0.100257
136.1349,-0.100262
136.1511,-0.100266
136.1675,-0.100268
136.1843,-0.100273
136.2008,-0.100276
136.2181,-0.100282
136.235,-0.100292
136.2511,-0.1003
136.2677,-0.100308
136.2841,-0.100318
136.302,-0.100326
136.3174,-0.100332
136.3344,-0.100339
136.3518,-0.100344
136.3686,-0.100347
136.3848,-0.10035
136.4014,-0.100352
136.4187,-0.100356
136.4341,-0.100362
136.451,-0.100367
136.4682,-0.100375
136.4839,-0.100383
136.5022,-0.100391
136.518,-0.100398
136.5343,-0.100404
136.5518,-0.100411
136.5681,-0.100418
136.5844,-0.100425
136.6009,-0.100433
136.618,-0.100441
136.6347,-0.100447
136.6509,-0.100454
136.6679,-0.100461
136.6845,-0.100467
136.7014,-0.10047
136.7185,-0.100475
136.7346,-0.100482
136.7516,-0.100489
136.7681,-0.100495
136.7851,-0.100503
136.8024,-0.10051
136.8182,-0.100517
136.8344,-0.100523
136.851,-0.100527
136.8686,-0.100531
136.8843,-0.100533
136.9021,-0.100536
136.9181,-0.100539
136.9344,-0.100545
136.9511,-0.100552
136.9679,-0.100562
136.9849,-0.100569
137.0018,-0.100578
137.0183,-0.100587
137.0345,-0.100593
137.0515,-0.100601
137.0682,-0.100608
137.0857,-0.100615
137.1024,-0.100622
137.1176,-0.100631
137.1355,-0.100639
137.1521,-0.100648
137.168,-0.100654
137.1857,-0.100662
137.2023,-0.100668
137.2188,-0.100671
137.2363,-0.100673
137.2516,-0.100675
137.2682,-0.100678
137.2851,-0.10068
137.3022,-0.100682
137.319,-0.100686
137.3357,-0.100693
137.3516,-0.1007
137.3687,-0.100706
137.3847,-0.100713
137.4022,-0.100721
137.4195,-0.100729
137.4353,-0.100739
137.4517,-0.100747
137.4687,-0.100755
137.4855,-0.10076
137.5015,-0.100768
137.5188,-0.100776
137.5345,-0.100783
137.5519,-0.100788
137.5688,-0.100791
137.5853,-0.100797
137.6024,-0.100801
137.6189,-0.100806
137.6351,-0.100811
137.6523,-0.100817
137.6692,-0.10082
137.6846,-0.100823
137.701,-0.100831
137.7184,-0.100838
137.7362,-0.100843
137.7517,-0.100848
137.7675,-0.100854
137.786,-0.100859
137.8021,-0.100861
137.8189,-0.100864
137.8348,-0.10087
137.8528,-0.100876
137.8688,-0.100879
137.8857,-0.100886
137.9019,-0.100893
137.919,-0.100899
137.9358,-0.100904
137.9526,-0.100909
137.9695,-0.100916
137.9858,-0.100923
138.0024,-0.100928
138.0188,-0.100934
138.0362,-0.10094
138.0527,-0.100943
138.069,-0.100947
138.085,-0.10095
138.1027,-0.100953
138.1187,-0.100957
138.1357,-0.100961
138.1529,-0.100967
138.1692,-0.100972
138.1858,-0.100978
138.2031,-0.100986
138.219,-0.100993
138.2364,-0.101
138.2514,-0.101005
138.2695,-0.101009
138.286,-0.101014
138.302,-0.101019
138.3186,-0.101021
138.3362,-0.101025
138.3521,-0.101027
138.3689,-0.101031
138.3858,-0.101036
138.4024,-0.101042
138.4187,-0.101046
138.4351,-0.101056
138.4527,-0.101066
138.47,-0.101075
138.4858,-0.101086
138.5023,-0.101095
138.5192,-0.101101
138.5357,-0.101105
138.5532,-0.101109
138.5697,-0.101113
138.5862,-0.101116
138.6023,-0.101117
138.6191,-0.10112
138.6357,-0.101126
138.6528,-0.101134
138.6694,-0.101142
138.6853,-0.101151
138.7023,-0.101162
138.7195,-0.101173
138.7359,-0.101182
138.7527,-0.101192
138.7696,-0.101201
138.7865,-0.101208
138.8033,-0.101215
138.8196,-0.101221
138.836,-0.101228
138.853,-0.101236
138.869,-0.101241
138.8864,-0.101247
138.9024,-0.101253
138.9193,-0.101261
138.9362,-0.101268
138.9525,-0.101274
138.9692,-0.101278
138.9854,-0.101284
139.0034,-0.101289
139.0198,-0.101296
139.0353,-0.101307
139.0527,-0.101318
139.0692,-0.101329
139.0868,-0.101338
139.1036,-0.101348
139.12,-0.101358
139.1367,-0.101368
139.1532,-0.101377
139.1708,-0.101384
139.1867,-0.101389
139.2036,-0.101392
139.2206,-0.101395
139.2369,-0.1014
139.2535,-0.101407
139.2693,-0.101416
139.2867,-0.101423
139.3039,-0.101428
139.3197,-0.101433
139.3359,-0.101437
139.3528,-0.101441
139.3692,-0.101444
139.3855,-0.101448
139.4028,-0.101451
139.4194,-0.101453
139.436,-0.101456
139.4523,-0.101461
139.4692,-0.101466
139.4854,-0.101471
139.5019,-0.10148
139.5185,-0.101487
139.5351,-0.101497
139.552,-0.101506
139.5684,-0.10152
139.586,-0.10153
139.6018,-0.101541
139.6192,-0.10155
139.6359,-0.101557
139.6529,-0.101565
139.6686,-0.101571
139.6857,-0.101575
139.7021,-0.101581
139.7193,-0.101588
139.736,-0.101595
139.752,-0.101602
139.7682,-0.101607
139.7852,-0.101612
139.8024,-0.101617
139.8196,-0.101623
139.8353,-0.101628
139.852,-0.101632
139.8683,-0.101635
139.886,-0.101638
139.9027,-0.101643
139.9191,-0.101648
139.9358,-0.101652
139.9528,-0.101657
139.9684,-0.101661
139.9861,-0.101664
140.0015,-0.101669
140.0191,-0.101673
140.0362,-0.101677
140.0512,-0.101681
140.0679,-0.101683
140.0857,-0.101685
140.102,-0.101688
140.1184,-0.101694
140.1358,-0.1017
140.1516,-0.101705
140.1687,-0.10171
140.1855,-0.101716
140.2022,-0.101721
140.2194,-0.101728
140.2359,-0.101737
140.2524,-0.101747
140.2682,-0.101756
140.2857,-0.101765
140.3031,-0.101773
140.319,-0.101781
140.3369,-0.101786
140.3528,-0.10179
140.369,-0.101795
140.3859,-0.101801
140.403,-0.101806
140.4189,-0.101811
140.435,-0.101816
140.453,-0.101821
140.4694,-0.101825
140.485,-0.101829
140.5024,-0.101835
140.5181,-0.101841
140.5352,-0.101846
140.5519,-0.101855
140.569,-0.101867
140.5858,-0.101877
140.6021,-0.101888
140.6187,-0.101899
140.6362,-0.101906
140.653,-0.101912
140.6696,-0.10192
140.6859,-0.101925
140.7028,-0.101928
140.7194,-0.101933
140.7364,-0.101939
140.7525,-0.101945
140.7691,-0.101953
140.7861,-0.101962
140.803,-0.101969
140.819,-0.101975
140.8358,-0.101982
140.8531,-0.101988
140.8694,-0.101993
140.8855,-0.101999
140.9026,-0.102004
140.9195,-0.10201
140.936,-0.102014
140.9527,-0.102019
140.97,-0.102025
140.9854,-0.102032
141.0022,-0.102038
141.0191,-0.102042
141.0358,-0.10205
141.0523,-0.102059
141.0693,-0.10207
141.0858,-0.102078
141.1023,-0.102088
141.1193,-0.102096
141.1356,-0.102104
141.1523,-0.102111
141.1686,-0.102118
141.1851,-0.102126
141.2021,-0.102132
141.2188,-0.102141
141.2352,-0.102151
141.2523,-0.102162
141.2691,-0.102174
141.2857,-0.102183
141.3033,-0.102188
141.3203,-0.102192
141.3354,-0.102194
141.3517,-0.102197
141.3682,-0.102199
141.3862,-0.102202
141.4023,-0.102206
141.419,-0.102209
141.4358,-0.102213
141.4525,-0.10222
141.469,-0.102225
141.4856,-0.102232
141.5024,-0.102239
141.5195,-0.102244
141.5357,-0.102252
141.5525,-0.102259
141.5695,-0.102264
141.5856,-0.10227
141.602,-0.102276
141.6198,-0.102282
141.6356,-0.102289
141.6517,-0.102296
141.6689,-0.102304
141.6858,-0.102312
141.7034,-0.10232
141.7189,-0.102331
141.7358,-0.102342
141.7533,-0.102351
141.7691,-0.102359
141.7869,-0.102368
141.8033,-0.102377
141.82,-0.102384
141.8367,-0.10239
141.8531,-0.102396
141.8695,-0.102399
141.8862,-0.102403
141.9024,-0.102408
141.9203,-0.102416
141.9362,-0.102425
141.9529,-0.102433
141.9698,-0.102439
141.986,-0.102445
142.0034,-0.102448
142.0196,-0.102452
142.0357,-0.102458
142.0522,-0.102463
142.0693,-0.102469
142.0861,-0.102476
142.1025,-0.102487
142.1189,-0.102498
142.1361,-0.10251
142.1531,-0.102522
142.1698,-0.102534
142.1861,-0.102545
142.2034,-0.102555
142.2191,-0.102565
142.2366,-0.102571
142.2533,-0.102578
142.2694,-0.102586
142.2866,-0.102594
142.3031,-0.102603
142.3189,-0.10261
142.336,-0.102618
142.3532,-0.102627
142.3693,-0.102635
142.386,-0.102646
142.4019,-0.102655
142.4193,-0.102661
142.436,-0.102668
142.4529,-0.102675
142.47,-0.10268
142.4854,-0.102685
142.5022,-0.102692
142.5188,-0.102701
142.5359,-0.102708
142.5519,-0.102717
142.5685,-0.102726
142.5854,-0.102732
142.6023,-0.102739
142.6187,-0.102744
142.6357,-0.10275
142.6513,-0.102756
142.668,-0.102764
142.6856,-0.102772
142.7025,-0.102783
142.7191,-0.102796
142.7361,-0.102807
142.753,-0.102816
142.7684,-0.102825
142.786,-0.102831
142.8031,-0.102838
142.8195,-0.102844
142.836,-0.10285
142.8526,-0.102857
142.8689,-0.102862
142.8863,-0.102866
142.9029,-0.102872
142.9184,-0.102879
142.9357,-0.102884
142.9517,-0.10289
142.9691,-0.102897
142.9866,-0.102904
143.0026,-0.102913
143.019,-0.102921
143.0352,-0.102931
143.0527,-0.102942
143.069,-0.102951
143.0869,-0.102961
143.1025,-0.102971
143.1198,-0.102978
143.136,-0.102987
143.1524,-0.102999
143.1693,-0.103007
143.1856,-0.103015
143.2027,-0.103024
143.2193,-0.103032
143.2358,-0.103041
143.2523,-0.10305
143.27,-0.103059
143.2856,-0.103071
143.3019,-0.103082
143.3188,-0.103093
143.3351,-0.103104
143.3519,-0.103112
143.3689,-0.10312
143.3859,-0.103128
143.4015,-0.103136
143.4184,-0.103145
143.4354,-0.103152
143.4513,-0.10316
143.469,-0.10317
143.4855,-0.103181
143.5019,-0.103192
143.5187,-0.103204
143.5354,-0.103215
143.552,-0.103225
143.5686,-0.103233
143.5854,-0.10324
143.6016,-0.103245
143.6182,-0.103253
143.6355,-0.10326
143.6514,-0.103267
143.6678,-0.103275
143.6846,-0.103284
143.7016,-0.103296
143.7191,-0.103308
143.735,-0.103323
143.7513,-0.103334
143.7677,-0.103343
143.7849,-0.103352
143.8021,-0.103361
143.8181,-0.10337
143.8341,-0.103378
143.8509,-0.103387
143.8679,-0.103393
143.8846,-0.1034
143.9019,-0.103407
143.9184,-0.103416
143.9344,-0.103424
143.9514,-0.103433
143.9681,-0.10344
143.985,-0.103448
144.0012,-0.103456
144.0183,-0.103467
144.0352,-0.103479
144.0512,-0.103488
144.0681,-0.103496
144.0845,-0.103504
144.1018,-0.10351
144.1189,-0.103516
144.1358,-0.103521
144.1518,-0.103522
144.1684,-0.103523
144.1851,-0.103524
144.2015,-0.103529
144.2175,-0.103537
144.2346,-0.103546
144.2514,-0.103556
144.2678,-0.103567
144.2855,-0.103577
144.3021,-0.103587
144.3188,-0.103595
144.3347,-0.1036
144.3524,-0.103606
144.3684,-0.103609
144.3852,-0.103615
144.4018,-0.10362
144.4178,-0.103628
144.4351,-0.103636
144.4524,-0.103644
144.4687,-0.103654
144.4853,-0.103661
144.502,-0.103667
144.5184,-0.103673
144.5355,-0.103678
144.5514,-0.103684
144.5683,-0.103693
144.5849,-0.103703
144.6012,-0.103713
144.6187,-0.103723
144.6358,-0.10373
144.6522,-0.103734
144.6694,-0.103742
144.6857,-0.103749
144.7018,-0.103757
144.7179,-0.103766
144.7347,-0.103778
144.7521,-0.103788
144.7685,-0.1038
144.7855,-0.103812
144.8028,-0.103824
144.8194,-0.103835
144.8346,-0.103844
144.8514,-0.103855
144.8681,-0.103866
144.886,-0.103875
144.902,-0.103885
144.9182,-0.103895
144.9356,-0.103905
144.9519,-0.103916
144.9692,-0.103924
144.985,-0.10393
145.0016,-0.103937
145.0191,-0.103942
145.0353,-0.103948
145.0517,-0.103954
145.0687,-0.10396
145.0848,-0.103966
145.1013,-0.103973
145.1179,-0.103982
145.1352,-0.103995
145.1518,-0.104006
145.1679,-0.104019
145.1855,-0.10403
145.2026,-0.104039
145.2193,-0.104048
145.2358,-0.104058
145.252,-0.104067
145.2684,-0.104076
145.2859,-0.104086
145.302,-0.104097
145.3195,-0.104109
145.3364,-0.104119
145.3522,-0.104131
145.3692,-0.104144
145.3865,-0.104155
145.4025,-0.104166
145.4189,-0.104173
145.4361,-0.10418
145.4522,-0.104186
145.4692,-0.104193
145.4864,-0.104199
145.5023,-0.104205
145.5191,-0.104211
145.5351,-0.10422
145.5521,-0.104232
145.5695,-0.104245
145.5857,-0.104262
145.6023,-0.104276
145.6191,-0.104291
145.6365,-0.104303
145.6531,-0.104313
145.67,-0.104323
145.6857,-0.104333
145.7027,-0.104343
145.7192,-0.104354
145.7358,-0.104366
145.7531,-0.104379
145.769,-0.104392
145.7861,-0.104402
145.8033,-0.104411
145.8206,-0.10442
145.8368,-0.104426
145.8533,-0.104433
145.8695,-0.104437
145.8862,-0.104444
145.9028,-0.104452
145.9196,-0.104461
145.9348,-0.104472
145.953,-0.104484
145.9702,-0.104496
145.9857,-0.104509
146.0027,-0.104524
146.0184,-0.104536
146.0363,-0.104548
146.0525,-0.104559
146.0695,-0.10457
146.0863,-0.10458
146.103,-0.104589
146.1192,-0.104596
146.1359,-0.104604
146.1525,-0.104613
146.1686,-0.104621
146.1848,-0.104632
146.2023,-0.104643
146.2194,-0.104656
146.2362,-0.10467
146.2519,-0.104683
146.2702,-0.104695
146.2865,-0.104706
146.3025,-0.104714
146.3196,-0.104724
146.3358,-0.104734
146.3524,-0.104746
146.3695,-0.104757
146.3859,-0.104766
146.4026,-0.104775
146.4198,-0.104785
146.4358,-0.104795
146.4523,-0.104807
146.4698,-0.10482
146.4859,-0.104829
146.5024,-0.104839
146.5196,-0.10485
146.5369,-0.104862
146.5533,-0.104875
146.5702,-0.104887
146.5858,-0.104896
146.6021,-0.104905
146.6196,-0.104916
146.6366,-0.104928
146.6526,-0.104936
146.6696,-0.104947
146.6864,-0.104956
146.7025,-0.104968
146.7198,-0.104978
146.7362,-0.104989
146.7538,-0.105001
146.7698,-0.10501
146.7865,-0.10502
146.803,-0.105032
146.8199,-0.105045
146.8361,-0.105056
146.8525,-0.105068
146.8701,-0.105082
146.8871,-0.105096
146.9038,-0.10511
146.9196,-0.105123
146.9369,-0.105135
146.9533,-0.105146
146.97,-0.105155
146.9871,-0.105166
147.0037,-0.105178
147.0198,-0.105189
147.0368,-0.105202
147.0535,-0.105215
147.0702,-0.105224
147.0867,-0.105235
147.1031,-0.105246
147.1201,-0.105255
147.1367,-0.105264
147.153,-0.105273
147.1711,-0.105283
147.1872,-0.105296
147.2033,-0.105309
147.2199,-0.105321
147.2367,-0.105335
147.2532,-0.105348
147.2699,-0.105361
147.287,-0.105375
147.3039,-0.105388
147.3194,-0.105403
147.3367,-0.105416
147.353,-0.105431
147.3701,-0.105445
147.3867,-0.105462
147.4035,-0.105479
147.4201,-0.105494
147.4372,-0.105509
147.4539,-0.105523
147.4704,-0.105537
147.4872,-0.10555
147.5047,-0.105564
147.5206,-0.105576
147.5372,-0.105589
147.5537,-0.105603
147.5705,-0.105618
147.5876,-0.105631
147.6044,-0.105645
147.6202,-0.10566
147.6374,-0.105669
147.6543,-0.105676
147.6708,-0.105683
147.6866,-0.105695
147.7034,-0.105704
147.7196,-0.105713
147.7372,-0.105722
147.7543,-0.105733
147.7704,-0.105745
147.7869,-0.105759
147.8041,-0.105776
147.8202,-0.105791
147.8377,-0.105803
147.8535,-0.105817
147.871,-0.105832
147.8873,-0.105846
147.9042,-0.105858
147.9202,-0.105869
147.9373,-0.10588
147.9543,-0.105892
147.9707,-0.105905
147.9867,-0.10592
148.004,-0.105934
148.0199,-0.105948
148.0373,-0.105962
148.0544,-0.105976
148.0709,-0.105989
148.0865,-0.106
148.1041,-0.106011
148.1201,-0.106022
148.1375,-0.106035
148.1543,-0.106046
148.171,-0.106061
148.1881,-0.106076
148.2045,-0.106089
148.221,-0.106103
148.2369,-0.106116
148.2541,-0.106127
148.2712,-0.10614
148.288,-0.106152
148.3043,-0.106165
148.3206,-0.10618
148.3373,-0.106195
148.3542,-0.106212
148.3701,-0.106229
148.3877,-0.106247
148.4042,-0.106264
148.4211,-0.10628
148.4382,-0.106293
148.4545,-0.106303
148.471,-0.106312
148.4876,-0.10632
148.5048,-0.106326
148.5203,-0.106337
148.5372,-0.106352
148.5551,-0.106368
148.5706,-0.106383
148.588,-0.1064
148.6049,-0.106418
148.6217,-0.106435
148.6381,-0.10645
148.6542,-0.106463
148.672,-0.106475
148.6884,-0.106487
148.7044,-0.106499
148.7213,-0.106512
148.7374,-0.106526
148.7544,-0.106542
148.7717,-0.106559
148.7883,-0.106576
148.8055,-0.106591
148.8219,-0.106606
148.8385,-0.106618
148.8555,-0.10663
148.8719,-0.106643
148.8883,-0.106655
148.9052,-0.106668
148.921,-0.106683
148.9381,-0.1067
148.9554,-0.106718
148.9727,-0.106739
148.989,-0.106758
149.0056,-0.106773
149.0214,-0.106784
149.0385,-0.106797
149.0555,-0.106808
149.0717,-0.10682
149.088,-0.106835
149.105,-0.106852
149.1218,-0.106868
149.1383,-0.106887
149.1549,-0.106905
149.1727,-0.106922
149.1888,-0.106938
149.2053,-0.106951
149.2217,-0.106966
149.2381,-0.106978
149.2551,-0.106989
149.2722,-0.107002
149.2883,-0.107015
149.306,-0.107029
149.3224,-0.107045
149.3385,-0.107061
149.3548,-0.107076
149.3715,-0.107094
149.3888,-0.10711
149.4058,-0.107124
149.4217,-0.107138
149.4384,-0.107154
149.4552,-0.107169
149.4721,-0.107184
149.4885,-0.1072
149.5044,-0.107215
149.5214,-0.107232
149.5381,-0.10726
149.5544,-0.107298
149.5713,-0.107332
149.5882,-0.107353
149.6049,-0.107371
149.6221,-0.107388
149.6387,-0.107403
149.6554,-0.107417
149.672,-0.10743
149.6889,-0.107442
149.705,-0.107454
149.7219,-0.10747
149.7384,-0.107489
149.7554,-0.107506
149.7714,-0.107523
149.7882,-0.107537
149.8053,-0.107553
149.822,-0.107568
149.837,-0.107583
149.8548,-0.107599
149.8708,-0.107615
149.8888,-0.107629
149.9043,-0.107647
149.9211,-0.107662
149.9374,-0.107677
149.9546,-0.107692
149.9717,-0.107707
149.9891,-0.107723
150.0045,-0.107741
150.0212,-0.107758
150.0372,-0.107774
150.0545,-0.107791
150.0709,-0.10781
150.0885,-0.10783
150.1052,-0.107849
150.1219,-0.107868
150.138,-0.107884
150.1553,-0.107899
150.1711,-0.107913
150.1881,-0.107925
150.2041,-0.107937
150.2211,-0.10795
150.2378,-0.107963
150.2545,-0.107978
150.2706,-0.107992
150.2879,-0.108005
150.3046,-0.108018
150.3213,-0.108033
150.3375,-0.108049
150.3539,-0.108061
150.3711,-0.108074
150.3872,-0.108089
150.4045,-0.108104
150.4214,-0.108123
150.4371,-0.108139
150.4544,-0.108156
150.471,-0.108173
150.4871,-0.108189
150.5045,-0.108205
150.5205,-0.108222
150.5382,-0.108236
150.5546,-0.108251
150.5713,-0.108268
150.5869,-0.108285
150.6046,-0.108301
150.6204,-0.108318
150.6376,-0.108335
150.6537,-0.108352
150.6701,-0.108368
150.6871,-0.108381
150.7041,-0.108393
150.7207,-0.108405
150.7372,-0.108418
150.7533,-0.10843
150.7703,-0.108441
150.7867,-0.108454
150.8036,-0.108468
150.8205,-0.108484
150.8371,-0.108502
150.8531,-0.108518
150.8713,-0.108534
150.8866,-0.10855
150.9039,-0.108564
150.9211,-0.108578
150.9371,-0.108591
150.9537,-0.108605
150.9697,-0.108617
150.9869,-0.108632
151.0035,-0.108648
151.0207,-0.108665
151.0371,-0.108681
151.0533,-0.108697
151.0707,-0.108713
151.0872,-0.108728
151.1042,-0.108741
151.1198,-0.108753
151.137,-0.108764
151.1537,-0.108775
151.1704,-0.108787
151.1879,-0.1088
151.2037,-0.108816
151.2205,-0.108832
151.2371,-0.108849
151.2537,-0.108866
151.2706,-0.108883
151.2877,-0.108901
151.3039,-0.108917
151.3206,-0.108934
151.3373,-0.10895
151.3542,-0.108964
151.3712,-0.108978
151.3875,-0.108993
151.4048,-0.109009
151.4207,-0.109022
151.4373,-0.109038
151.4539,-0.109052
151.4711,-0.109067
151.4877,-0.109084
151.5049,-0.109102
151.5216,-0.109119
151.5381,-0.109136
151.5546,-0.109153
151.5706,-0.109168
151.5876,-0.109181
151.6044,-0.109193
151.6218,-0.109207
151.6391,-0.109219
151.6551,-0.109232
151.6711,-0.109245
151.6881,-0.109259
151.7047,-0.109274
151.7213,-0.109291
151.7378,-0.109306
151.7544,-0.109323
151.7712,-0.109337
151.7883,-0.109351
151.8046,-0.109365
151.8214,-0.109384
151.8381,-0.1094
151.8552,-0.109417
151.8717,-0.109432
151.8874,-0.109451
151.9047,-0.109468
151.9211,-0.109483
151.9383,-0.109501
151.9545,-0.109518
151.9718,-0.109538
151.9884,-0.109558
152.0045,-0.109578
152.022,-0.109597
152.0382,-0.109615
152.0556,-0.109633
152.0724,-0.109648
152.0888,-0.109664
152.1055,-0.109677
152.1208,-0.109691
152.1385,-0.109704
152.1543,-0.109718
152.1714,-0.109734
152.1885,-0.109752
152.2049,-0.109769
152.2213,-0.109787
152.2381,-0.109805
152.2549,-0.109823
152.2721,-0.109842
152.2876,-0.109862
152.3047,-0.109883
152.3216,-0.109904
152.3386,-0.109924
152.3549,-0.109946
152.3717,-0.109968
152.3884,-0.109987
152.4055,-0.110007
152.4214,-0.110025
152.4383,-0.110042
152.4543,-0.11006
152.471,-0.110078
152.4883,-0.110099
152.5049,-0.11012
152.5216,-0.11014
152.5383,-0.11016
152.5553,-0.11018
152.5713,-0.110199
152.5892,-0.110217
152.6049,-0.110234
152.6217,-0.110253
152.6385,-0.11027
152.6548,-0.110287
152.6718,-0.110304
152.6882,-0.110322
152.7046,-0.11034
152.7212,-0.110358
152.7379,-0.110377
152.754,-0.110395
152.7715,-0.110413
152.788,-0.110431
152.8047,-0.110452
152.8214,-0.110473
152.838,-0.110495
152.8553,-0.110517
152.8709,-0.110536
152.8886,-0.110556
152.9056,-0.110577
152.9216,-0.110596
152.938,-0.110615
152.9547,-0.110634
152.9718,-0.110651
152.9879,-0.110671
153.0049,-0.11069
153.0214,-0.110709
153.0377,-0.110726
153.0543,-0.110742
153.0721,-0.11076
153.0883,-0.110778
153.1047,-0.110795
153.1213,-0.110815
153.1382,-0.110835
153.1544,-0.110852
153.1718,-0.11087
153.1885,-0.110888
153.2048,-0.110906
153.2218,-0.110922
153.2375,-0.110937
153.2541,-0.110953
153.2714,-0.110969
153.2879,-0.110984
153.3055,-0.111
153.3215,-0.111017
153.3382,-0.111036
153.354,-0.111055
153.371,-0.111074
153.3884,-0.111092
153.4044,-0.111109
153.422,-0.111125
153.4382,-0.111141
153.4543,-0.111157
153.4707,-0.111173
153.4871,-0.111188
153.504,-0.111206
153.5207,-0.111222
153.5375,-0.111237
153.5538,-0.111253
153.5715,-0.11127
153.5883,-0.111288
153.6042,-0.111307
153.6205,-0.111325
153.6375,-0.111343
153.6547,-0.111359
153.6716,-0.111376
153.6883,-0.111394
153.7046,-0.111414
153.7211,-0.111434
153.7377,-0.111454
153.754,-0.111475
153.7715,-0.111495
153.7885,-0.111515
153.8054,-0.111535
153.8209,-0.111554
153.8384,-0.111571
153.8553,-0.111586
153.8716,-0.111601
153.8883,-0.111617
153.9046,-0.111634
153.9206,-0.111652
153.9375,-0.111671
153.9552,-0.111691
153.9713,-0.111711
153.9876,-0.111734
154.0051,-0.111755
154.0215,-0.111773
154.0382,-0.111791
154.0547,-0.111808
154.0714,-0.111824
154.0875,-0.111839
154.1052,-0.111855
154.1211,-0.11187
154.1385,-0.111886
154.1544,-0.111904
154.171,-0.111922
154.1882,-0.111939
154.2045,-0.111957
154.2204,-0.111979
154.2379,-0.112003
154.2545,-0.112026
154.2711,-0.11205
154.2881,-0.112072
154.3051,-0.112094
154.3216,-0.112114
154.3385,-0.112133
154.3555,-0.112153
154.3708,-0.112171
154.3877,-0.112187
154.4044,-0.112203
154.421,-0.112218
154.4384,-0.112233
154.454,-0.112249
154.471,-0.112265
154.488,-0.112281
154.5041,-0.112297
154.5201,-0.112311
154.5374,-0.112326
154.5541,-0.112343
154.5707,-0.112357
154.5874,-0.112373
154.6043,-0.112389
154.6211,-0.112405
154.6376,-0.112421
154.6543,-0.112439
154.6709,-0.112458
154.6883,-0.112477
154.7044,-0.112496
154.7216,-0.112517
154.7377,-0.112536
154.7549,-0.112556
154.7713,-0.112574
154.7884,-0.11259
154.8045,-0.112606
154.8213,-0.112622
154.8377,-0.112636
154.8544,-0.112653
154.8709,-0.11267
154.8888,-0.112689
154.9047,-0.112707
154.9212,-0.112724
154.9386,-0.112741
154.955,-0.112758
154.9723,-0.112774
154.9882,-0.112791
155.0044,-0.112807
155.022,-0.112823
155.0387,-0.112839
155.0548,-0.112858
155.0718,-0.112878
155.0886,-0.112895
155.1052,-0.112909
155.1218,-0.112923
155.1384,-0.112937
155.1551,-0.112951
155.1718,-0.112964
155.1885,-0.112978
155.2059,-0.112992
155.2221,-0.11301
155.2382,-0.113028
155.2547,-0.113047
155.2716,-0.113066
155.2884,-0.113083
155.3058,-0.113102
155.3226,-0.11312
155.3389,-0.113141
155.3548,-0.11316
155.3716,-0.113179
155.388,-0.113199
155.4058,-0.113221
155.4223,-0.113244
155.4395,-0.113267
155.4555,-0.113287
155.4732,-0.113307
155.4896,-0.113325
155.5064,-0.113344
155.523,-0.113362
155.5387,-0.113379
155.5557,-0.113394
155.5724,-0.113412
155.5892,-0.113431
155.6057,-0.113449
155.6226,-0.113467
155.6386,-0.113485
155.6557,-0.113502
155.6721,-0.113521
155.6885,-0.11354
155.7058,-0.113559
155.7225,-0.113577
155.7385,-0.113594
155.7558,-0.113613
155.7723,-0.113633
155.7887,-0.113653
155.8064,-0.113673
155.8216,-0.113694
155.8385,-0.113717
155.856,-0.11374
155.873,-0.113765
155.8898,-0.113788
155.9055,-0.113811
155.9232,-0.11383
155.9393,-0.113852
155.9564,-0.113874
155.9726,-0.113897
155.9899,-0.113921
156.0062,-0.113944
156.0238,-0.11397
156.0396,-0.113996
156.0565,-0.114017
156.0736,-0.114037
156.0898,-0.11406
156.1069,-0.114082
156.123,-0.114103
156.1393,-0.114122
156.1569,-0.114139
156.1732,-0.114156
156.1895,-0.114175
156.2065,-0.114195
156.2226,-0.114215
156.2391,-0.114233
156.2556,-0.114254
156.2725,-0.114277
156.2892,-0.1143
156.3072,-0.114326
156.3232,-0.114351
156.3393,-0.114373
156.3566,-0.114395
156.3735,-0.114416
156.3903,-0.114434
156.4065,-0.114452
156.4234,-0.11447
156.44,-0.114487
156.4567,-0.114504
156.4726,-0.11452
156.4892,-0.114539
156.5058,-0.11456
156.5232,-0.114583
156.5388,-0.114605
156.5563,-0.114627
156.5733,-0.114646
156.5891,-0.114665
156.6065,-0.114684
156.6228,-0.114704
156.6392,-0.114722
156.6557,-0.114742
156.6731,-0.114764
156.6888,-0.114785
156.7059,-0.114808
156.7227,-0.114832
156.7399,-0.114857
156.7558,-0.114883
156.7727,-0.114906
156.7899,-0.114928
156.8058,-0.114951
156.823,-0.114973
156.8399,-0.114995
156.8557,-0.115014
156.8719,-0.115031
156.8898,-0.115051
156.9061,-0.115071
156.9226,-0.115089
156.9388,-0.115106
156.9563,-0.115121
156.9733,-0.115135
156.989,-0.115153
157.0055,-0.115173
157.0218,-0.115193
157.039,-0.115211
157.0561,-0.11523
157.0723,-0.115253
157.089,-0.115275
157.1051,-0.115298
157.1214,-0.115322
157.1394,-0.115342
157.1562,-0.115362
157.1721,-0.115381
157.1891,-0.115398
157.2056,-0.115416
157.2223,-0.115435
157.2389,-0.115455
157.256,-0.115475
157.2717,-0.115494
157.289,-0.115513
157.3059,-0.115531
157.323,-0.115551
157.3389,-0.115569
157.3557,-0.115588
157.3721,-0.115605
157.3889,-0.115621
157.4057,-0.115637
157.4224,-0.115655
157.4395,-0.115674
157.4554,-0.115693
157.4717,-0.115709
157.4886,-0.115725
157.5056,-0.115742
157.5224,-0.115759
157.5388,-0.115775
157.555,-0.11579
157.5722,-0.115807
157.5892,-0.115824
157.6053,-0.115843
157.6219,-0.115864
157.6388,-0.115887
157.6557,-0.11591
157.6725,-0.11593
157.6889,-0.115952
157.7056,-0.115974
157.7228,-0.115995
157.7389,-0.116015
157.7553,-0.116032
157.7729,-0.116048
157.7891,-0.116064
157.8058,-0.116079
157.8227,-0.116094
157.8397,-0.11611
157.8554,-0.116126
157.8718,-0.116144
157.8884,-0.116163
157.9054,-0.116181
157.9223,-0.1162
157.9392,-0.116222
157.9555,-0.116243
157.9717,-0.116262
157.9891,-0.116278
158.0054,-0.116293
158.0218,-0.11631
158.0387,-0.116329
158.0561,-0.116349
158.072,-0.11637
158.0888,-0.116391
158.1049,-0.116413
158.1227,-0.116434
158.139,-0.116454
158.1559,-0.116473
158.1718,-0.11649
158.1892,-0.116506
158.2052,-0.116523
158.2218,-0.116539
158.2389,-0.116555
158.2554,-0.116575
158.2716,-0.116593
158.2889,-0.116613
158.3048,-0.116632
158.3218,-0.116649
158.3387,-0.116666
158.3547,-0.116684
158.3718,-0.1167
158.3881,-0.11672
158.4049,-0.116741
158.4214,-0.116765
158.4381,-0.116789
158.4546,-0.116812
158.4729,-0.116834
158.4885,-0.116856
158.5048,-0.116876
158.5211,-0.116894
158.5378,-0.116911
158.5549,-0.116929
158.5715,-0.116947
158.5878,-0.116967
158.6039,-0.116988
158.6216,-0.117009
158.638,-0.117028
158.6549,-0.117048
158.6717,-0.117063
158.6879,-0.117079
158.7049,-0.117095
158.7212,-0.117112
158.7368,-0.117129
158.7533,-0.117146
158.7706,-0.117166
158.7882,-0.117183
158.8048,-0.117201
158.8211,-0.117218
158.8381,-0.117233
158.8539,-0.117248
158.8692,-0.117263
158.8868,-0.117278
158.9035,-0.117293
158.9209,-0.117308
158.9375,-0.117327
158.954,-0.117347
158.9704,-0.117363
158.9871,-0.117379
159.0044,-0.117396
159.021,-0.117414
159.0367,-0.117432
159.0536,-0.117451
159.0712,-0.117469
159.0876,-0.117489
159.1046,-0.117508
159.1212,-0.117525
159.1371,-0.117542
159.1544,-0.11756
159.1714,-0.117578
159.1879,-0.117594
159.2032,-0.117612
159.2213,-0.117629
159.2367,-0.117645
159.2543,-0.11766
159.2703,-0.117675
159.2878,-0.117691
159.3042,-0.117706
159.3207,-0.117722
159.3383,-0.117739
159.3545,-0.117755
159.3705,-0.11777
159.3873,-0.117787
159.404,-0.117804
159.4212,-0.117819
159.4371,-0.117834
159.4535,-0.11785
159.471,-0.117865
159.4874,-0.117881
159.5038,-0.117897
159.5212,-0.117915
159.5376,-0.117932
159.5538,-0.11795
159.5711,-0.11797
159.5869,-0.117992
159.6039,-0.118011
159.6212,-0.118029
159.6381,-0.118046
159.655,-0.11806
159.6717,-0.118076
159.687,-0.118089
159.7048,-0.118103
159.721,-0.118117
159.7367,-0.118131
159.7545,-0.11815
159.7713,-0.11817
159.7877,-0.118188
159.8049,-0.118206
159.8212,-0.118226
159.8387,-0.118242
159.8543,-0.118259
159.8706,-0.118276
159.8872,-0.118295
159.9047,-0.118316
159.9215,-0.118338
159.9372,-0.118359
159.9545,-0.11838
159.9711,-0.118399
159.9877,-0.118416
160.0045,-0.118435
160.0208,-0.118454
160.0368,-0.118472
160.0539,-0.118489
160.0706,-0.118505
160.0875,-0.118522
160.1041,-0.11854
160.1215,-0.118556
160.138,-0.118571
160.1539,-0.118586
160.1704,-0.118603
160.1874,-0.118621
160.2039,-0.11864
160.2206,-0.118662
160.2374,-0.118684
160.2541,-0.118707
160.2704,-0.118727
160.2877,-0.118746
160.305,-0.118766
160.3211,-0.118783
160.3372,-0.118801
160.354,-0.118818
160.371,-0.118834
160.3873,-0.118849
160.4039,-0.118864
160.4212,-0.11888
160.4371,-0.118895
160.4532,-0.118909
160.4699,-0.118925
160.4871,-0.118942
160.5044,-0.118959
160.5206,-0.118979
160.5374,-0.119
160.5539,-0.119019
160.5714,-0.119038
160.5874,-0.119055
160.6045,-0.119069
160.6202,-0.119081
160.6377,-0.119094
160.6536,-0.119107
160.6708,-0.119121
160.6872,-0.119135
160.7034,-0.119148
160.7199,-0.119162
160.7368,-0.119178
160.7534,-0.119196
160.7699,-0.119212
160.7867,-0.11923
160.8042,-0.119246
160.8211,-0.119262
160.8363,-0.119278
160.8537,-0.119294
160.8708,-0.119311
160.8867,-0.119329
160.9038,-0.119346
160.9208,-0.119365
160.937,-0.119382
160.9539,-0.119398
160.9712,-0.119415
160.9865,-0.11943
161.0033,-0.119446
161.0205,-0.119457
161.0372,-0.119466
161.0534,-0.119477
161.0699,-0.11949
161.0869,-0.119504
161.1032,-0.119519
161.1197,-0.119534
161.1368,-0.11955
161.1538,-0.119568
161.1705,-0.119584
161.1866,-0.1196
161.2034,-0.119615
161.2198,-0.119628
161.2363,-0.119641
161.2533,-0.119658
161.2699,-0.119673
161.2867,-0.119692
161.3043,-0.119708
161.3201,-0.119724
161.3372,-0.119739
161.3531,-0.119755
161.3719,-0.119771
161.3872,-0.119784
161.4042,-0.119796
161.4202,-0.119811
161.4375,-0.119826
161.4537,-0.119838
161.4701,-0.119854
161.4875,-0.119869
161.5045,-0.119886
161.5208,-0.119902
161.537,-0.119919
161.5542,-0.119936
161.5711,-0.119951
161.5878,-0.119968
161.6042,-0.119985
161.6204,-0.120006
161.6369,-0.120023
161.6541,-0.120038
161.6716,-0.120053
161.6874,-0.120067
161.7044,-0.120079
161.7209,-0.120092
161.7375,-0.120105
161.7539,-0.120118
161.7702,-0.120131
161.7872,-0.120144
161.8053,-0.12016
161.822,-0.120177
161.8373,-0.120192
161.8536,-0.120207
161.8702,-0.120221
161.8877,-0.120234
161.9033,-0.120248
161.9204,-0.120267
161.9371,-0.120284
161.954,-0.120303
161.9706,-0.120319
161.9878,-0.120337
162.0048,-0.120356
162.0208,-0.120372
162.0372,-0.12039
162.0544,-0.120406
162.071,-0.12042
162.0865,-0.120437
162.104,-0.120455
162.1205,-0.120474
162.1375,-0.120495
162.1543,-0.120517
162.171,-0.120538
162.1871,-0.120558
162.2045,-0.120578
162.2212,-0.120597
162.2374,-0.120617
162.254,-0.120638
162.2711,-0.120659
162.2871,-0.120678
162.3042,-0.120696
162.3214,-0.120713
162.3379,-0.120728
162.3545,-0.120742
162.3705,-0.120755
162.3878,-0.120767
162.4037,-0.12078
162.42,-0.120793
162.437,-0.12081
162.4536,-0.120828
162.4705,-0.120845
162.487,-0.120863
162.5046,-0.120883
162.5197,-0.120901
162.5372,-0.120918
162.554,-0.120935
162.5707,-0.12095
162.5873,-0.120965
162.6037,-0.120981
162.6208,-0.120998
162.637,-0.121015
162.6538,-0.12103
162.6711,-0.121045
162.6873,-0.121061
162.7041,-0.121078
162.7203,-0.121095
162.7373,-0.121113
162.754,-0.121129
162.7703,-0.121144
162.7878,-0.12116
162.8043,-0.121176
162.8205,-0.12119
162.8374,-0.121201
162.8541,-0.121211
162.8707,-0.121221
162.8871,-0.121235
162.9032,-0.121251
162.9205,-0.121267
162.9372,-0.121282
162.9533,-0.121297
162.9701,-0.121313
162.9883,-0.121328
163.0045,-0.121343
163.0206,-0.121358
163.0369,-0.121374
163.0539,-0.121389
163.0713,-0.121403
163.0875,-0.12142
163.1051,-0.121439
163.1222,-0.121455
163.1381,-0.12147
163.1548,-0.121485
163.1713,-0.121497
163.1887,-0.12151
163.204,-0.121522
163.221,-0.121535
163.2377,-0.121549
163.2545,-0.121561
163.2709,-0.121577
163.2882,-0.121595
163.3053,-0.121612
163.321,-0.121627
163.3384,-0.121644
163.3546,-0.12166
163.3712,-0.121675
163.3881,-0.121688
163.4045,-0.121699
163.4209,-0.121711
163.4378,-0.121724
163.4546,-0.121738
163.4716,-0.121747
163.4874,-0.121758
163.5054,-0.121768
163.5211,-0.12178
163.5377,-0.121792
163.5546,-0.121806
163.571,-0.12182
163.588,-0.121834
163.605,-0.121851
163.6215,-0.12187
163.6392,-0.121889
163.6548,-0.121907
163.6721,-0.121924
163.6884,-0.121941
163.7057,-0.121955
163.7218,-0.121968
163.7387,-0.12198
163.7557,-0.121992
163.7715,-0.122004
163.7884,-0.122016
163.805,-0.12203
163.8222,-0.122044
163.8386,-0.122059
163.8552,-0.122073
163.8731,-0.122086
163.8885,-0.122099
163.9055,-0.122113
163.9224,-0.122127
163.9384,-0.12214
163.9559,-0.122154
163.9733,-0.12217
163.9894,-0.122186
164.0057,-0.122202
164.0226,-0.122218
164.0389,-0.122234
164.0561,-0.122248
164.0724,-0.122263
164.0888,-0.122278
164.106,-0.122291
164.1229,-0.122304
164.1393,-0.122318
164.1562,-0.122332
164.1725,-0.122346
164.1893,-0.122359
164.2059,-0.122375
164.2222,-0.122391
164.2396,-0.122405
164.2559,-0.12242
164.2731,-0.122435
164.2899,-0.122448
164.3065,-0.12246
164.323,-0.122472
164.3397,-0.122487
164.3563,-0.122501
164.3722,-0.122516
164.389,-0.122533
164.4059,-0.122554
164.423,-0.122573
164.4392,-0.122592
164.4561,-0.12261
164.4736,-0.122625
164.4898,-0.122642
164.5058,-0.122656
164.5228,-0.12267
164.539,-0.122684
164.5556,-0.122701
164.5727,-0.12272
164.5887,-0.12274
164.6061,-0.122758
164.6236,-0.122775
164.6405,-0.122789
164.6571,-0.122803
164.6732,-0.122818
164.689,-0.122831
164.706,-0.122845
164.722,-0.122862
164.7396,-0.12288
164.7559,-0.122898
164.7731,-0.122919
164.7896,-0.122937
164.8068,-0.122951
164.8229,-0.122966
164.8402,-0.122979
164.8565,-0.122992
164.8721,-0.123006
164.889,-0.123021
164.9063,-0.123036
164.9234,-0.12305
164.9398,-0.123063
164.9565,-0.12308
164.973,-0.123095
164.9897,-0.123108
165.0056,-0.123124
165.0232,-0.123141
165.0402,-0.123157
165.056,-0.123173
165.0737,-0.123189
165.089,-0.123206
165.1063,-0.123223
165.1236,-0.123237
165.1407,-0.123251
165.1565,-0.123262
165.1733,-0.123273
165.1894,-0.123284
165.2061,-0.123295
165.2226,-0.123305
165.2395,-0.123316
165.2566,-0.123326
165.2732,-0.123336
165.2896,-0.123348
165.3064,-0.123362
165.323,-0.123377
165.3395,-0.123392
165.3566,-0.123408
165.3733,-0.123423
165.39,-0.123438
165.4066,-0.123451
165.4238,-0.123463
165.44,-0.123471
165.4559,-0.123477
165.4732,-0.123485
165.4902,-0.123492
165.5071,-0.123502
165.5226,-0.123517
165.5395,-0.123531
165.5561,-0.123547
165.5733,-0.123563
165.59,-0.123578
165.6069,-0.123592
165.6233,-0.123605
165.6401,-0.123618
165.6562,-0.123631
165.6731,-0.123643
165.6892,-0.123657
165.7066,-0.123672
165.7229,-0.123687
165.7396,-0.123701
165.7564,-0.123716
165.7728,-0.123728
165.7901,-0.123741
165.8067,-0.123754
165.8225,-0.123767
165.8401,-0.123778
165.8563,-0.123787
165.873,-0.1238
165.8897,-0.123813
165.9059,-0.123829
165.9223,-0.123841
165.9392,-0.123855
165.9572,-0.123867
165.9727,-0.12388
165.9902,-0.123893
166.0061,-0.123905
166.0231,-0.123917
166.039,-0.123927
166.0556,-0.123937
166.0732,-0.123947
166.0892,-0.123958
166.1065,-0.12397
166.1228,-0.123982
166.1398,-0.123995
166.1551,-0.124008
166.1728,-0.124022
166.1896,-0.124036
166.2054,-0.12405
166.2228,-0.124066
166.2388,-0.124081
166.2555,-0.124096
166.2725,-0.124109
166.2894,-0.124121
166.3053,-0.124133
166.3224,-0.124147
166.3397,-0.124163
166.3557,-0.124175
166.3728,-0.124185
166.3891,-0.124194
166.4066,-0.124203
166.4229,-0.124212
166.4389,-0.124221
166.4552,-0.124229
166.4728,-0.124238
166.4898,-0.124246
166.5063,-0.124258
166.5223,-0.124271
166.5387,-0.124283
166.5559,-0.124292
166.5724,-0.124303
166.5894,-0.124311
166.606,-0.12432
166.6227,-0.124326
166.6396,-0.124332
166.6563,-0.124336
166.6719,-0.124342
166.6888,-0.124347
166.7059,-0.124352
166.7225,-0.124357
166.7389,-0.124365
166.7559,-0.124376
166.7724,-0.124385
166.7886,-0.124394
166.806,-0.124402
166.8215,-0.124411
166.8398,-0.124418
166.8553,-0.124427
166.872,-0.124438
166.8892,-0.124449
166.9059,-0.12446
166.9218,-0.124469
166.9387,-0.12448
166.9558,-0.124491
166.9724,-0.124499
166.9894,-0.124509
167.0055,-0.124519
167.0222,-0.124529
167.0393,-0.124541
167.0556,-0.124551
167.073,-0.124561
167.0896,-0.124572
167.1065,-0.124582
167.1234,-0.124594
167.1385,-0.124606
167.1568,-0.124615
167.1731,-0.124622
167.19,-0.124627
167.2059,-0.124634
167.2228,-0.124644
167.2394,-0.124651
167.2552,-0.124658
167.2729,-0.124666
167.289,-0.124676
167.3062,-0.124685
167.3227,-0.124693
167.3394,-0.124703
167.3562,-0.12471
167.3732,-0.124719
167.3898,-0.124729
167.4059,-0.124739
167.4232,-0.12475
167.4401,-0.124761
167.4568,-0.124773
167.4738,-0.124786
167.4902,-0.1248
167.5069,-0.124812
167.5236,-0.124825
167.5405,-0.124837
167.557,-0.124848
167.5734,-0.12486
167.5903,-0.12487
167.6068,-0.124878
167.6236,-0.124887
167.6404,-0.124896
167.6567,-0.124907
167.6734,-0.124915
167.6904,-0.124925
167.7077,-0.124933
167.7234,-0.124945
167.7404,-0.124957
167.7569,-0.12497
167.7735,-0.124985
167.7901,-0.124997
167.8083,-0.125006
167.8237,-0.125015
167.841,-0.125024
167.8573,-0.125031
167.873,-0.125039
167.8905,-0.125047
167.9069,-0.125055
167.9237,-0.125064
167.94,-0.125075
167.9566,-0.125087
167.9735,-0.1251
167.9898,-0.125116
168.0067,-0.125131
168.0235,-0.125146
168.0408,-0.125159
168.0566,-0.125174
168.0739,-0.125189
168.0898,-0.1252
168.1068,-0.12521
168.1242,-0.12522
168.1406,-0.12523
168.157,-0.125241
168.1734,-0.125253
168.19,-0.125265
168.2065,-0.125274
168.2237,-0.125285
168.2411,-0.125295
168.2574,-0.125303
168.2734,-0.125312
168.2905,-0.125319
168.3073,-0.125326
168.3239,-0.125333
168.3396,-0.125341
168.3567,-0.125353
168.3732,-0.125366
168.3899,-0.125379
168.4066,-0.125391
168.4238,-0.125403
168.4404,-0.125413
168.4566,-0.125424
168.4739,-0.125433
168.4901,-0.125442
168.5069,-0.125451
168.5232,-0.125461
168.5399,-0.125473
168.5555,-0.125482
168.5738,-0.12549
168.5907,-0.125497
168.6074,-0.125504
168.6237,-0.125512
168.6394,-0.125517
168.6559,-0.125521
168.6731,-0.125526
168.6898,-0.125533
168.7067,-0.125542
168.7233,-0.125553
168.7395,-0.125568
168.757,-0.125581
168.7735,-0.125594
168.7907,-0.125609
168.8071,-0.125618
168.8247,-0.125627
168.8405,-0.125634
168.8577,-0.125641
168.8741,-0.125646
168.8899,-0.125653
168.9075,-0.125659
168.9234,-0.125663
168.9409,-0.125669
168.9572,-0.125676
168.9741,-0.125683
168.9908,-0.125691
169.0072,-0.125697
169.0237,-0.125702
169.0401,-0.125708
169.0576,-0.125715
169.0741,-0.125723
169.0904,-0.125736
169.107,-0.125747
169.1245,-0.125758
169.1414,-0.125769
169.1578,-0.125778
169.174,-0.125787
169.1907,-0.125794
169.2075,-0.125801
169.2243,-0.125809
169.2405,-0.125817
169.2574,-0.125826
169.2747,-0.125835
169.2913,-0.125846
169.307,-0.125858
169.324,-0.125869
169.3411,-0.125877
169.3579,-0.125884
169.3746,-0.12589
169.3913,-0.125897
169.4076,-0.125903
169.4245,-0.125911
169.4411,-0.125919
169.4579,-0.125929
169.4742,-0.125939
169.4914,-0.125949
169.507,-0.125958
169.5251,-0.125966
169.5413,-0.125974
169.5586,-0.125985
169.5745,-0.125992
169.591,-0.126001
169.6082,-0.126008
169.6243,-0.126017
169.642,-0.126025
169.6573,-0.126033
169.6745,-0.126042
169.6911,-0.126048
169.7076,-0.126057
169.7249,-0.126064
169.7408,-0.126072
169.7584,-0.126081
169.7744,-0.126091
169.7915,-0.126102
169.808,-0.126113
169.8243,-0.126127
169.8414,-0.126141
169.8589,-0.126153
169.8748,-0.126164
169.8915,-0.126175
169.9083,-0.126184
169.9245,-0.126192
169.9412,-0.126199
169.9578,-0.126205
169.9753,-0.126211
169.9911,-0.126219
170.0077,-0.126227
170.0243,-0.126236
170.0417,-0.126246
170.0582,-0.126257
170.0752,-0.126267
170.0913,-0.126276
170.1079,-0.126286
170.1249,-0.126293
170.142,-0.1263
170.1575,-0.126306
170.174,-0.126316
170.1911,-0.126326
170.2084,-0.126336
170.2248,-0.126344
170.2409,-0.126353
170.258,-0.126361
170.2739,-0.126369
170.291,-0.126376
170.3081,-0.126385
170.3241,-0.126393
170.3417,-0.126403
170.3588,-0.126414
170.3747,-0.126424
170.3912,-0.126435
170.4069,-0.126444
170.424,-0.126452
170.4415,-0.126462
170.4574,-0.126473
170.4744,-0.126485
170.4911,-0.126496
170.5077,-0.126505
170.5247,-0.126513
170.5416,-0.126521
170.5578,-0.126528
170.5754,-0.126536
170.5915,-0.126542
170.6073,-0.126546
170.6247,-0.126551
170.6414,-0.126555
170.6588,-0.12656
170.6741,-0.126568
170.6906,-0.126574
170.7074,-0.12658
170.7244,-0.126587
170.7418,-0.126595
170.7585,-0.126605
170.7747,-0.126614
170.7913,-0.126622
170.8085,-0.12663
170.8241,-0.126638
170.8416,-0.126646
170.8576,-0.126654
170.8746,-0.126662
170.8921,-0.12667
170.908,-0.126678
170.9246,-0.126685
170.9408,-0.126692
170.9586,-0.126697
170.9749,-0.126701
170.9916,-0.126707
171.0074,-0.126713
171.0242,-0.126718
171.041,-0.126724
171.0576,-0.126729
171.0745,-0.126735
171.0911,-0.126744
171.1074,-0.12675
171.1246,-0.126757
171.1406,-0.126764
171.1579,-0.126769
171.1746,-0.126774
171.1911,-0.126781
171.2076,-0.126786
171.2241,-0.126792
171.2406,-0.1268
171.2578,-0.126805
171.2743,-0.126809
171.2912,-0.126815
171.3083,-0.126821
171.3252,-0.126826
171.3407,-0.126832
171.3575,-0.126838
171.3738,-0.126846
171.3918,-0.126852
171.4076,-0.126861
171.4252,-0.126871
171.4416,-0.12688
171.4587,-0.126888
171.4751,-0.126894
171.4922,-0.126899
171.5091,-0.126903
171.5248,-0.126909
171.5415,-0.126911
171.5575,-0.126916
171.5748,-0.12692
171.5914,-0.126923
171.6093,-0.126931
171.6251,-0.126937
171.6422,-0.126945
171.6583,-0.126953
171.6752,-0.126961
171.6919,-0.126966
171.7079,-0.126973
171.7254,-0.126979
171.7418,-0.126987
171.7586,-0.126995
171.7758,-0.127001
171.7921,-0.127004
171.8083,-0.127005
171.8251,-0.12701
171.8414,-0.127015
171.8587,-0.127021
171.875,-0.127026
171.8912,-0.127034
171.9087,-0.127043
171.9253,-0.127052
171.9414,-0.12706
171.9586,-0.127068
171.9759,-0.127075
171.9924,-0.12708
172.0085,-0.127086
172.0257,-0.127091
172.0415,-0.127098
172.0584,-0.127106
172.0752,-0.127113
172.0923,-0.12712
172.1086,-0.127128
172.1256,-0.127137
172.1423,-0.127146
172.1583,-0.127154
172.1753,-0.127162
172.1917,-0.127168
172.2087,-0.127173
172.2249,-0.127182
172.2417,-0.127193
172.2584,-0.127201
172.275,-0.127208
172.2919,-0.127214
172.3091,-0.12722
172.3247,-0.127228
172.3422,-0.127236
172.3585,-0.127245
172.375,-0.127253
172.391,-0.127264
172.4085,-0.127276
172.4251,-0.127286
172.4419,-0.127297
172.4584,-0.127307
172.4751,-0.127318
172.4915,-0.127328
172.5091,-0.127333
172.525,-0.127338
172.542,-0.127343
172.5583,-0.12735
172.5749,-0.127358
172.5911,-0.127364
172.608,-0.12737
172.6251,-0.127376
172.6416,-0.127385
172.6586,-0.127396
172.6747,-0.127406
172.6912,-0.127412
172.7086,-0.127418
172.7251,-0.127425
172.7418,-0.127431
172.7583,-0.127438
172.7754,-0.127444
172.7913,-0.127447
172.8084,-0.127452
172.8241,-0.127457
172.8416,-0.127464
172.8575,-0.127473
172.8743,-0.127481
172.8913,-0.127489
172.9082,-0.127498
172.9245,-0.127507
172.9416,-0.127516
172.9574,-0.127523
172.9751,-0.127526
172.9906,-0.127531
173.0076,-0.127537
173.0253,-0.127543
173.0414,-0.12755
173.0575,-0.127558
173.0744,-0.127565
173.0904,-0.127576
173.1074,-0.127587
173.1245,-0.127598
173.1416,-0.127608
173.1575,-0.127616
173.1743,-0.127624
173.1908,-0.12763
173.2077,-0.127636
173.2248,-0.127639
173.2405,-0.127642
173.2575,-0.127645
173.2742,-0.127649
173.2905,-0.127654
173.3076,-0.127661
173.3237,-0.12767
173.3402,-0.127678
173.3572,-0.127687
173.3742,-0.127697
173.3909,-0.127708
173.4076,-0.127718
173.4239,-0.127725
173.4413,-0.127729
173.458,-0.127733
173.4749,-0.127738
173.4914,-0.127742
173.5076,-0.127746
173.5235,-0.12775
173.5408,-0.127755
173.5579,-0.12776
173.5737,-0.127768
173.5909,-0.127777
173.6073,-0.127786
173.6243,-0.127789
173.6411,-0.127792
173.6575,-0.127794
173.6748,-0.127797
173.6904,-0.127803
173.7065,-0.127807
173.7241,-0.127814
173.7411,-0.127821
173.7581,-0.127828
173.7743,-0.127835
173.7909,-0.127836
173.8079,-0.127837
173.8237,-0.127841
173.8413,-0.127844
173.8579,-0.127849
173.8734,-0.127856
173.8912,-0.127864
173.9081,-0.127874
173.9244,-0.127883
173.9404,-0.12789
173.9578,-0.127897
173.9744,-0.1279
173.9908,-0.127906
174.0074,-0.127911
174.023,-0.127915
174.0412,-0.127918
174.0586,-0.127923
174.0746,-0.127926
174.0912,-0.127929
174.108,-0.127934
174.1241,-0.127937
174.1417,-0.127941
174.1575,-0.127946
174.1741,-0.12795
174.1913,-0.127953
174.2072,-0.127958
174.2244,-0.127962
174.2409,-0.127969
174.2578,-0.127977
174.2742,-0.127987
174.2917,-0.127993
174.3082,-0.127998
174.3253,-0.128005
174.3415,-0.128013
174.3584,-0.128019
174.375,-0.128024
174.3916,-0.128028
174.4091,-0.128031
174.425,-0.128037
174.442,-0.128041
174.4589,-0.128047
174.4748,-0.12805
174.4924,-0.12805
174.5085,-0.128053
174.525,-0.128059
174.5426,-0.128066
174.5586,-0.128073
174.5761,-0.128082
174.5917,-0.128087
174.6095,-0.128093
174.6265,-0.128096
174.6427,-0.128101
174.6598,-0.128104
174.6765,-0.128106
174.6922,-0.128108
174.7092,-0.128113
174.726,-0.12812
174.7425,-0.128127
174.7593,-0.128136
174.7764,-0.128144
174.7926,-0.128151
174.8096,-0.128157
174.8258,-0.128162
174.8428,-0.12817
174.8598,-0.128179
174.8759,-0.128189
174.8923,-0.128198
174.9093,-0.128206
174.9268,-0.128214
174.9432,-0.128222
174.9602,-0.128229
174.9771,-0.128233
174.9931,-0.128237
175.0102,-0.12824
175.027,-0.128248
175.0431,-0.128258
175.0596,-0.12827
175.0766,-0.128281
175.0925,-0.128291
175.1106,-0.128301
175.1264,-0.128309
175.1434,-0.128313
175.1592,-0.128319
175.1762,-0.128326
175.1929,-0.128329
175.2094,-0.128334
175.226,-0.128341
175.2433,-0.12835
175.2598,-0.128358
175.2769,-0.128367
175.2926,-0.128377
175.31,-0.128386
175.3267,-0.128393
175.3434,-0.128402
175.3596,-0.128412
175.376,-0.128421
175.393,-0.12843
175.4101,-0.128438
175.4261,-0.128445
175.442,-0.128454
175.4601,-0.128465
175.4766,-0.128474
175.4938,-0.128483
175.5104,-0.128492
175.5258,-0.128502
175.5429,-0.12851
175.5592,-0.128518
175.5762,-0.128528
175.5935,-0.128538
175.6096,-0.128546
175.6258,-0.128554
175.643,-0.128562
175.6601,-0.128571
175.676,-0.128579
175.6933,-0.128587
175.7096,-0.128593
175.7269,-0.1286
175.743,-0.128606
175.7594,-0.128612
175.7762,-0.128618
175.7935,-0.128622
175.8104,-0.128626
175.8264,-0.128632
175.8431,-0.128638
175.8601,-0.128645
175.8763,-0.128654
175.8936,-0.128664
175.9096,-0.128675
175.9265,-0.128684
175.9436,-0.128694
175.9598,-0.128703
175.9771,-0.12871
175.9932,-0.128719
176.0098,-0.128727
176.027,-0.128734
176.0439,-0.128739
176.0605,-0.128744
176.0777,-0.128749
176.0934,-0.128754
176.1102,-0.128758
176.1266,-0.128762
176.1444,-0.128768
176.1604,-0.128775
176.176,-0.128782
176.1934,-0.128791
176.2096,-0.128799
176.2266,-0.128808
176.2433,-0.128816
176.2602,-0.128821
176.2771,-0.128828
176.2936,-0.128834
176.3105,-0.128841
176.3271,-0.128847
176.3438,-0.128853
176.3612,-0.128859
176.3766,-0.128865
176.3933,-0.128875
176.4102,-0.128885
176.4273,-0.128894
176.4435,-0.128903
176.4612,-0.128911
176.4774,-0.128918
176.494,-0.128925
176.5102,-0.128933
176.5271,-0.128939
176.5438,-0.128945
176.5607,-0.128952
176.5764,-0.128961
176.5945,-0.128969
176.6105,-0.128977
176.6274,-0.128982
176.6445,-0.128987
176.6603,-0.128992
176.6781,-0.128995
176.6936,-0.129001
176.7103,-0.129009
176.7275,-0.129017
176.7444,-0.129026
176.7607,-0.129032
176.7776,-0.129039
176.7932,-0.129045
176.8109,-0.129052
176.8275,-0.129058
176.8436,-0.129061
176.8604,-0.129063
176.8767,-0.129069
176.8937,-0.129075
176.9102,-0.129083
176.9267,-0.129094
176.9435,-0.129107
176.9604,-0.129122
176.9771,-0.129135
176.9945,-0.129148
177.0114,-0.129159
177.0272,-0.129167
177.0442,-0.129173
177.0598,-0.129182
177.0766,-0.129191
177.0936,-0.1292
177.1097,-0.12921
177.1264,-0.129221
177.1436,-0.129232
177.1601,-0.129245
177.1769,-0.129253
177.1934,-0.129263
177.2104,-0.129268
177.2265,-0.129274
177.2431,-0.129281
177.2595,-0.129285
177.276,-0.129291
177.2928,-0.129299
177.31,-0.129308
177.3277,-0.129316
177.343,-0.129324
177.36,-0.129332
177.3761,-0.129339
177.3923,-0.129346
177.4094,-0.129356
177.4259,-0.129365
177.4434,-0.129374
177.4595,-0.129384
177.4757,-0.129394
177.493,-0.129404
177.5095,-0.129411
177.5261,-0.129419
177.5427,-0.129427
177.559,-0.129432
177.5759,-0.129439
177.5929,-0.129445
177.6097,-0.129448
177.6263,-0.129451
177.6422,-0.129453
177.6598,-0.129458
177.6762,-0.129462
177.6929,-0.129467
177.7095,-0.129473
177.7264,-0.129478
177.7433,-0.129481
177.7599,-0.129485
177.7761,-0.129489
177.7931,-0.129489
177.8097,-0.129491
177.8262,-0.129493
177.843,-0.129498
177.8591,-0.129504
177.876,-0.129511
177.8935,-0.129521
177.9102,-0.129529
177.9274,-0.129535
177.9425,-0.12954
177.9603,-0.129547
177.9771,-0.12955
177.9939,-0.129553
178.0105,-0.129557
178.0266,-0.12956
178.0442,-0.129558
178.0604,-0.129558
178.0769,-0.129561
178.0934,-0.129563
178.11,-0.129564
178.1262,-0.129563
178.144,-0.129564
178.1604,-0.129566
178.1771,-0.129568
178.1941,-0.129569
178.2101,-0.129572
178.2262,-0.129574
178.2436,-0.129579
178.2602,-0.129584
178.2771,-0.129586
178.2934,-0.12959
178.3105,-0.129594
178.3274,-0.129598
178.3433,-0.129604
178.3599,-0.129609
178.377,-0.129615
178.394,-0.12962
178.41,-0.129626
178.4271,-0.129634
178.4439,-0.129639
178.4603,-0.129645
178.4776,-0.12965
178.4941,-0.129655
178.5112,-0.12966
178.5274,-0.129667
178.5443,-0.129676
178.5605,-0.129687
178.5782,-0.129697
178.5943,-0.129707
178.6112,-0.129713
178.6276,-0.129717
178.6445,-0.129717
178.661,-0.129717
178.6779,-0.129718
178.6939,-0.129721
178.7101,-0.129724
178.7274,-0.129729
178.7443,-0.129736
178.7609,-0.129744
178.7773,-0.129754
178.794,-0.129761
178.8113,-0.129768
178.8278,-0.129775
178.844,-0.129782
178.8605,-0.129789
178.8768,-0.129794
178.895,-0.129799
178.9112,-0.129804
178.9273,-0.129811
178.9436,-0.129819
178.96,-0.129826
178.9773,-0.129835
178.9941,-0.129844
179.0107,-0.129853
179.0271,-0.129864
179.0435,-0.129874
179.0614,-0.129885
179.0765,-0.129896
179.0936,-0.129905
179.1112,-0.129913
179.1266,-0.129923
179.1443,-0.12993
179.1607,-0.129939
179.1764,-0.129944
179.1939,-0.129949
179.2108,-0.129954
179.2269,-0.129959
179.2444,-0.129965
179.2597,-0.129975
179.2767,-0.129983
179.2935,-0.129991
179.3109,-0.129998
179.3273,-0.130003
179.3438,-0.130008
179.3609,-0.130013
179.3768,-0.130018
179.3936,-0.130021
179.41,-0.130026
179.4267,-0.13003
179.4435,-0.130034
179.4601,-0.130041
179.4771,-0.130047
179.4937,-0.130055
179.5097,-0.130062
179.5262,-0.130067
179.5431,-0.130072
179.5603,-0.130078
179.5769,-0.130084
179.5936,-0.130092
179.61,-0.130099
179.6272,-0.130105
179.6437,-0.130112
179.6601,-0.130116
179.6773,-0.130117
179.6939,-0.130118
179.7101,-0.13012
179.7269,-0.130121
179.7439,-0.130124
179.7604,-0.130126
179.7764,-0.130128
179.794,-0.130132
179.811,-0.130138
179.8273,-0.130144
179.8443,-0.130151
179.8602,-0.130158
179.8777,-0.130164
179.8946,-0.130171
179.9104,-0.13018
179.9272,-0.130185
179.9443,-0.130191
179.9601,-0.130194
179.9782,-0.130197
179.9941,-0.130201
180.0109,-0.130206
180.0278,-0.130211
180.0437,-0.130217
180.0612,-0.130222
180.0784,-0.130228
180.0949,-0.130237
180.1109,-0.130244
180.1277,-0.130249
180.1453,-0.130255
180.1611,-0.13026
180.1773,-0.130264
180.1944,-0.130269
180.2108,-0.130276
180.2276,-0.130282
180.2445,-0.130288
180.261,-0.130294
180.278,-0.130303
180.2945,-0.130311
180.3111,-0.130318
180.3275,-0.130322
180.3447,-0.130325
180.3613,-0.13033
180.3777,-0.130335
180.3938,-0.130339
180.4113,-0.130346
180.4269,-0.130353
180.4447,-0.130361
180.4608,-0.130369
180.4779,-0.130376
180.4948,-0.130384
180.5119,-0.13039
180.5277,-0.130398
180.5451,-0.130406
180.5608,-0.130414
180.578,-0.130424
180.5942,-0.130434
180.6115,-0.130443
180.6281,-0.130449
180.6447,-0.130455
180.6618,-0.13046
180.6781,-0.130464
180.6947,-0.13047
180.7109,-0.130476
180.7277,-0.130484
180.7445,-0.130492
180.7605,-0.130502
180.778,-0.130513
180.7948,-0.130523
180.8114,-0.130533
180.8281,-0.130541
180.8445,-0.130548
180.8614,-0.130555
180.8781,-0.130563
180.8953,-0.130571
180.9108,-0.13058
180.9279,-0.130587
180.9451,-0.130594
180.9624,-0.130599
180.9785,-0.130604
180.9943,-0.13061
181.0119,-0.130617
181.028,-0.130624
181.0442,-0.130632
181.0611,-0.130639
181.0782,-0.130646
181.0948,-0.130656
181.1113,-0.130664
181.1285,-0.130672
181.1445,-0.130677
181.1615,-0.130681
181.1784,-0.130687
181.1938,-0.130696
181.211,-0.130703
181.2273,-0.130711
181.2442,-0.130718
181.2615,-0.130725
181.278,-0.130734
181.2941,-0.130743
181.3115,-0.130752
181.3274,-0.130759
181.344,-0.130764
181.3609,-0.13077
181.3775,-0.130778
181.3943,-0.130783
181.4108,-0.130788
181.4273,-0.130792
181.4434,-0.130795
181.4606,-0.130801
181.4775,-0.130809
181.4934,-0.130818
181.51,-0.130827
181.5269,-0.130838
181.5438,-0.130849
181.5607,-0.130858
181.5768,-0.130866
181.5936,-0.130874
181.6104,-0.13088
181.6275,-0.130883
181.6434,-0.130888
181.6609,-0.130895
181.677,-0.130901
181.6938,-0.130907
181.71,-0.130914
181.7272,-0.130922
181.7432,-0.130929
181.7609,-0.130936
181.7776,-0.130944
181.7939,-0.13095
181.8113,-0.130955
181.8266,-0.13096
181.8443,-0.130963
181.861,-0.130967
181.8773,-0.130971
181.8944,-0.130976
181.9106,-0.130983
181.928,-0.130989
181.9441,-0.130994
181.9607,-0.130998
181.9778,-0.131003
181.9946,-0.131009
182.0105,-0.131014
182.0282,-0.131019
182.0444,-0.131024
182.0609,-0.131029
182.0774,-0.131031
182.0943,-0.131035
182.1112,-0.13104
182.1275,-0.131048
182.1444,-0.131052
182.1608,-0.131056
182.1779,-0.131059
182.1951,-0.131062
182.2109,-0.131069
182.2277,-0.131075
182.2447,-0.131081
182.2607,-0.131086
182.2771,-0.13109
182.2949,-0.131096
182.3113,-0.131101
182.328,-0.131105
182.3441,-0.131108
182.3611,-0.13111
182.3785,-0.131114
182.3944,-0.13112
182.4107,-0.131125
182.4288,-0.131132
182.4445,-0.131137
182.4615,-0.131142
182.478,-0.13115
182.4941,-0.131158
182.5111,-0.131165
182.5277,-0.131171
182.5448,-0.131178
182.5609,-0.131183
182.5778,-0.131189
182.5945,-0.131194
182.6112,-0.131201
182.6283,-0.131206
182.6446,-0.131212
182.6617,-0.13122
182.6779,-0.131228
182.6946,-0.131238
182.7103,-0.131249
182.7276,-0.131259
182.7442,-0.131268
182.7607,-0.131278
182.7781,-0.131287
182.7943,-0.131298
182.8113,-0.131305
182.8277,-0.131311
182.8443,-0.131318
182.8605,-0.131325
182.8771,-0.131334
182.8939,-0.131342
182.9116,-0.131349
182.9285,-0.131357
182.9439,-0.131362
182.9613,-0.131367
182.978,-0.131374
182.9938,-0.13138
183.0115,-0.131386
183.0274,-0.131397
183.0441,-0.131408
183.0613,-0.131418
183.0772,-0.131427
183.0942,-0.131435
183.1115,-0.131444
183.1279,-0.131453
183.1445,-0.13146
183.161,-0.131469
183.1773,-0.131475
183.1941,-0.131482
183.2111,-0.131492
183.2281,-0.131501
183.2439,-0.131509
183.2609,-0.131516
183.2782,-0.131525
183.2939,-0.131533
183.3115,-0.131541
183.3283,-0.131549
183.3443,-0.131557
183.361,-0.131567
183.3777,-0.131578
183.3944,-0.131584
183.4119,-0.131588
183.429,-0.131592
183.4453,-0.131593
183.4625,-0.131594
183.4778,-0.131597
183.495,-0.131598
183.5106,-0.131603
183.5277,-0.131609
183.5448,-0.131616
183.5617,-0.131623
183.5778,-0.131632
183.5948,-0.131639
183.6119,-0.131647
183.6284,-0.131654
183.6444,-0.131659
183.6618,-0.131663
183.6785,-0.131667
183.6948,-0.131669
183.7115,-0.131672
183.728,-0.131675
183.7449,-0.13168
183.7611,-0.131687
183.7779,-0.131693
183.7951,-0.1317
183.8113,-0.13171
183.8281,-0.131717
183.8452,-0.131725
183.8622,-0.131733
183.8785,-0.131739
183.8951,-0.131744
183.9118,-0.131748
183.9291,-0.131755
183.9453,-0.131761
183.962,-0.131767
183.9782,-0.131774
183.9948,-0.131783
184.0123,-0.131791
184.0283,-0.131801
184.0451,-0.131811
184.0621,-0.13182
184.0781,-0.131827
184.0951,-0.131833
184.1118,-0.13184
184.1289,-0.131848
184.1457,-0.131853
184.1618,-0.131859
184.1784,-0.131864
184.1949,-0.13187
184.212,-0.131875
184.2284,-0.131881
184.2456,-0.13189
184.2624,-0.131898
184.2786,-0.131908
184.2957,-0.131914
184.3123,-0.13192
184.3294,-0.131926
184.3457,-0.131929
184.3626,-0.131932
184.3782,-0.131936
184.3949,-0.131942
184.4127,-0.131948
184.4284,-0.131958
184.4452,-0.13197
184.462,-0.131981
184.4794,-0.131991
184.4954,-0.131998
184.5127,-0.132007
184.529,-0.132017
184.5459,-0.132027
184.5619,-0.132037
184.5788,-0.132046
184.5958,-0.132056
184.6128,-0.132068
184.629,-0.13208
184.6463,-0.132091
184.6631,-0.132103
184.6797,-0.132112
184.6959,-0.132119
184.7134,-0.132125
184.7295,-0.132132
184.7467,-0.132137
184.7618,-0.132144
184.7787,-0.132151
184.7958,-0.13216
184.8135,-0.13217
184.829,-0.132179
184.8453,-0.13219
184.8625,-0.1322
184.8797,-0.132209
184.8962,-0.132216
184.9124,-0.132225
184.9294,-0.132233
184.946,-0.13224
184.9628,-0.13225
184.979,-0.132261
184.9958,-0.132271
185.0128,-0.132282
185.0295,-0.132293
185.0465,-0.132307
185.0628,-0.132319
185.0795,-0.132328
185.096,-0.132339
185.112,-0.13235
185.13,-0.132361
185.1451,-0.132373
185.1617,-0.132381
185.1788,-0.132388
185.1958,-0.132395
185.2126,-0.132404
185.2285,-0.132412
185.2452,-0.132423
185.2622,-0.132432
185.2791,-0.132441
185.2955,-0.132449
185.3119,-0.132457
185.3289,-0.132465
185.3448,-0.132472
185.362,-0.13248
185.3792,-0.132487
185.3951,-0.132495
185.4121,-0.132504
185.4283,-0.132516
185.4451,-0.132527
185.4621,-0.132537
185.4787,-0.132548
185.4958,-0.132558
185.5119,-0.13257
185.5289,-0.132581
185.5451,-0.132589
185.5616,-0.132595
185.5785,-0.132602
185.5952,-0.13261
185.6127,-0.132617
185.628,-0.132624
185.6454,-0.132631
185.6621,-0.132638
185.6793,-0.132646
185.6952,-0.132653
185.7117,-0.132663
185.7288,-0.13267
185.745,-0.132677
185.7621,-0.132682
185.7785,-0.132687
185.7956,-0.132691
185.812,-0.132694
185.8286,-0.132698
185.8452,-0.1327
185.8613,-0.132706
185.8783,-0.132714
185.8952,-0.132721
185.9125,-0.132731
185.9283,-0.13274
185.9455,-0.132748
185.9615,-0.132752
185.9787,-0.132755
185.9957,-0.132759
186.012,-0.132766
186.0289,-0.132771
186.0443,-0.132777
186.0615,-0.132782
186.078,-0.132791
186.096,-0.1328
186.1124,-0.13281
186.1281,-0.132822
186.1461,-0.132831
186.1624,-0.132837
186.1789,-0.13284
186.1952,-0.132845
186.212,-0.132849
186.2289,-0.132857
186.2455,-0.132864
186.2616,-0.132869
186.2786,-0.132872
186.2956,-0.132874
186.3128,-0.132875
186.3291,-0.132877
186.3458,-0.13288
186.3619,-0.132887
186.3783,-0.132892
186.396,-0.132901
186.4119,-0.13291
186.4297,-0.132916
186.4465,-0.132922
186.4626,-0.132926
186.4801,-0.132928
186.4964,-0.132929
186.5125,-0.132931
186.5291,-0.132934
186.5459,-0.132938
186.5627,-0.132944
186.5793,-0.132953
186.5965,-0.132963
186.6128,-0.132971
186.6295,-0.132978
186.6466,-0.132985
186.664,-0.132992
186.6793,-0.132998
186.6961,-0.133006
186.713,-0.133014
186.7299,-0.133021
186.7469,-0.133028
186.7637,-0.133032
186.7803,-0.133039
186.7965,-0.133045
186.8139,-0.13305
186.8304,-0.133053
186.8465,-0.133056
186.8631,-0.133061
186.88,-0.133066
186.8968,-0.133072
186.913,-0.133081
186.9303,-0.133089
186.9467,-0.133096
186.9629,-0.133102
186.9795,-0.133109
186.9973,-0.133119
187.0132,-0.133127
187.0296,-0.133137
187.0469,-0.133147
187.0639,-0.133158
187.0801,-0.133167
187.097,-0.133176
187.114,-0.133183
187.1297,-0.133189
187.1472,-0.133196
187.1642,-0.133201
187.1798,-0.133205
187.1968,-0.133212
187.2139,-0.133219
187.2308,-0.133226
187.2466,-0.133233
187.2641,-0.133241
187.2802,-0.133248
187.2965,-0.133257
187.3144,-0.133263
187.3305,-0.133269
187.347,-0.133276
187.3637,-0.13328
187.3801,-0.133287
187.3965,-0.133296
187.4138,-0.133307
187.4307,-0.133316
187.447,-0.133326
187.4646,-0.133334
187.4811,-0.133341
187.4969,-0.133346
187.5133,-0.133352
187.5304,-0.133358
187.5473,-0.133364
187.5632,-0.133372
187.5798,-0.133383
187.597,-0.133393
187.6134,-0.133403
187.6301,-0.133412
187.6477,-0.13342
187.6638,-0.133426
187.6802,-0.133431
187.6968,-0.133436
187.713,-0.133441
187.7303,-0.133448
187.746,-0.133458
187.7631,-0.133471
187.7803,-0.133483
187.7963,-0.133495
187.8139,-0.133506
187.8296,-0.133517
187.8472,-0.133524
187.8634,-0.133531
187.8808,-0.133537
187.8968,-0.133543
187.9142,-0.133551
187.9297,-0.13356
187.9468,-0.133571
187.9628,-0.133581
187.9804,-0.133593
187.9973,-0.133601
188.0135,-0.133611
188.0302,-0.133619
188.0472,-0.13363
188.0633,-0.133637
188.0796,-0.133644
188.0961,-0.133651
188.1129,-0.133658
188.1301,-0.133663
188.1467,-0.133668
188.1636,-0.133673
188.1796,-0.13368
188.1969,-0.133684
188.2132,-0.133688
188.2288,-0.133693
188.2467,-0.133699
188.263,-0.133708
188.28,-0.133714
188.297,-0.133721
188.3138,-0.133727
188.3303,-0.133731
188.3464,-0.133737
188.3623,-0.13374
188.3795,-0.133746
188.3963,-0.133753
188.4133,-0.133758
188.4301,-0.133766
188.4461,-0.133776
188.4627,-0.133784
188.4803,-0.133793
188.4968,-0.133804
188.5136,-0.133813
188.5298,-0.133822
188.5462,-0.133827
188.5631,-0.133832
188.5797,-0.133836
188.5963,-0.133842
188.613,-0.133847
188.6302,-0.133852
188.6462,-0.133855
188.6639,-0.133861
188.6798,-0.133868
188.6963,-0.133875
188.7131,-0.13388
188.7299,-0.133885
188.7466,-0.133889
188.7634,-0.133894
188.7801,-0.133899
188.7966,-0.133905
188.8133,-0.133911
188.8306,-0.133917
188.8469,-0.133925
188.8638,-0.133932
188.8799,-0.13394
188.8965,-0.133948
188.9133,-0.133957
188.9306,-0.133962
188.9463,-0.133967
188.9628,-0.133972
188.9805,-0.133979
188.9972,-0.133986
189.0124,-0.133992
189.03,-0.133998
189.0472,-0.134003
189.0639,-0.134008
189.0806,-0.134017
189.0971,-0.134028
189.1132,-0.134036
189.1295,-0.134042
189.1474,-0.13405
189.1641,-0.134058
189.1809,-0.134067
189.1974,-0.134076
189.2141,-0.134083
189.2307,-0.134088
189.2477,-0.134094
189.2641,-0.134099
189.2809,-0.134105
189.2977,-0.134111
189.314,-0.134114
189.3314,-0.134117
189.3483,-0.13412
189.3646,-0.134122
189.3812,-0.134123
189.3978,-0.134126
189.4143,-0.134127
189.431,-0.134129
189.447,-0.134132
189.4638,-0.134134
189.4801,-0.134138
189.4966,-0.134142
189.5129,-0.134148
189.5302,-0.134155
189.5463,-0.134163
189.5628,-0.134173
189.58,-0.134183
189.5967,-0.134193
189.6133,-0.134202
189.6295,-0.134211
189.6473,-0.134217
189.6633,-0.134223
189.6803,-0.134232
189.6973,-0.134244
189.7134,-0.134257
189.73,-0.134269
189.7469,-0.134278
189.7647,-0.134287
189.7812,-0.134297
189.7978,-0.134305
189.8146,-0.134312
189.8298,-0.134319
189.8474,-0.134325
189.8653,-0.134333
189.881,-0.134342
189.8982,-0.134349
189.9154,-0.134359
189.9314,-0.134368
189.9486,-0.134377
189.965,-0.134386
189.9811,-0.134394
189.9985,-0.134401
190.0149,-0.134408
190.0324,-0.134415
190.0478,-0.134421
190.0651,-0.134425
190.0818,-0.134431
190.0984,-0.134435
190.1145,-0.134442
190.1319,-0.134451
190.148,-0.134458
190.1644,-0.134465
190.181,-0.134469
190.1985,-0.134474
190.2139,-0.134477
190.2307,-0.134479
190.2475,-0.134482
190.2632,-0.134487
190.28,-0.134491
190.2973,-0.134499
190.3143,-0.134508
190.3307,-0.134519
190.347,-0.134531
190.3626,-0.134543
190.3806,-0.134553
190.3975,-0.134565
190.4133,-0.134577
190.4305,-0.134589
190.4471,-0.1346
190.4636,-0.134609
190.481,-0.134619
190.4976,-0.134627
190.5149,-0.134633
190.5304,-0.134641
190.5469,-0.134645
190.5639,-0.134649
190.5811,-0.134654
190.597,-0.134662
190.6137,-0.13467
190.6302,-0.134677
190.6481,-0.134687
190.6644,-0.134696
190.6804,-0.134706
190.6968,-0.134713
190.7134,-0.134722
190.7305,-0.134729
190.747,-0.134734
190.7635,-0.134741
190.7803,-0.134747
190.7969,-0.134753
190.8135,-0.13476
190.8299,-0.134767
190.8467,-0.134776
190.8627,-0.134782
190.879,-0.134788
190.897,-0.134795
190.9124,-0.134802
190.9297,-0.134806
190.9458,-0.13481
190.963,-0.134814
190.9801,-0.134819
190.9965,-0.134826
191.0125,-0.134834
191.0299,-0.134843
191.0469,-0.13485
191.0636,-0.134857
191.0797,-0.134864
191.0962,-0.134871
191.1138,-0.134879
191.129,-0.134888
191.1467,-0.134897
191.163,-0.134905
191.1805,-0.134913
191.1971,-0.134922
191.2135,-0.134931
191.2294,-0.134938
191.2461,-0.134945
191.2634,-0.13495
191.2798,-0.134956
191.2972,-0.134963
191.3135,-0.13497
191.3298,-0.134976
191.347,-0.134981
191.363,-0.134985
191.3794,-0.134988
191.396,-0.134991
191.413,-0.134992
191.4293,-0.134994
191.4472,-0.134995
191.4634,-0.134999
191.4789,-0.135003
191.4962,-0.135008
191.5131,-0.135013
191.5296,-0.135019
191.5473,-0.135025
191.5634,-0.135033
191.5796,-0.13504
191.596,-0.135046
191.6133,-0.135053
191.6296,-0.135056
191.6468,-0.135061
191.6638,-0.135065
191.6796,-0.135067
191.6972,-0.135068
191.7133,-0.135069
191.7311,-0.13507
191.7465,-0.135071
191.7628,-0.135073
191.7806,-0.135077
191.7968,-0.135082
191.8131,-0.135088
191.8302,-0.135094
191.8471,-0.135098
191.8637,-0.135102
191.8804,-0.135106
191.8966,-0.13511
191.9135,-0.135114
191.9297,-0.135116
191.947,-0.135122
191.9629,-0.135131
191.9803,-0.135138
191.9977,-0.135147
192.0132,-0.135154
192.0316,-0.13516
192.0474,-0.135165
192.0636,-0.135168
192.0802,-0.135171
192.0976,-0.135179
192.1142,-0.135182
192.1306,-0.135185
192.148,-0.135188
192.1646,-0.135193
192.1813,-0.135198
192.1971,-0.135202
192.214,-0.135206
192.2305,-0.13521
192.247,-0.135214
192.2643,-0.135217
192.2808,-0.135222
192.2978,-0.135228
192.3143,-0.135232
192.3305,-0.135234
192.348,-0.135236
192.3645,-0.135239
192.3813,-0.135241
192.3977,-0.135243
192.4145,-0.135248
192.4311,-0.135251
192.4484,-0.135258
192.4638,-0.135265
192.4815,-0.135272
192.4973,-0.135281
192.5146,-0.135289
192.5316,-0.135296
192.5473,-0.135302
192.5648,-0.135306
192.5816,-0.135312
192.5977,-0.135315
192.6153,-0.135318
192.6318,-0.135321
192.6482,-0.135327
192.6647,-0.135337
192.681,-0.135347
192.6973,-0.135357
192.7146,-0.135365
192.7316,-0.135375
192.7486,-0.135385
192.7649,-0.135395
192.7823,-0.135403
192.7982,-0.135409
192.815,-0.135413
192.8322,-0.135417
192.8485,-0.13542
192.8651,-0.135424
192.881,-0.135428
192.8981,-0.135435
192.9146,-0.135444
192.9317,-0.135453
192.9486,-0.135461
192.9655,-0.135471
192.9822,-0.135479
192.9991,-0.135488
193.0151,-0.135496
193.0312,-0.135501
193.049,-0.135505
193.0651,-0.135509
193.0824,-0.135514
193.0988,-0.135521
193.115,-0.135529
193.1317,-0.135537
193.1489,-0.135546
193.1656,-0.135554
193.1824,-0.135563
193.1991,-0.135574
193.2149,-0.135585
193.2319,-0.135594
193.2489,-0.135602
193.2661,-0.135608
193.2824,-0.135615
193.2995,-0.135622
193.3161,-0.135632
193.3328,-0.13564
193.3492,-0.13565
193.3658,-0.135657
193.3822,-0.135667
193.3987,-0.135677
193.4158,-0.135684
193.4322,-0.135693
193.4496,-0.135699
193.4653,-0.135705
193.4827,-0.135712
193.4983,-0.135722
193.5159,-0.135731
193.5322,-0.135741
193.5491,-0.135753
193.566,-0.135765
193.5824,-0.135775
193.5992,-0.135784
193.6157,-0.135792
193.633,-0.1358
193.6488,-0.135808
193.6661,-0.135814
193.6823,-0.135822
193.6989,-0.135829
193.7159,-0.135834
193.7327,-0.135841
193.7485,-0.135849
193.7662,-0.135857
193.7826,-0.135864
193.7989,-0.13587
193.8163,-0.135878
193.8329,-0.135885
193.8493,-0.135893
193.8656,-0.135901
193.8822,-0.13591
193.8988,-0.135919
193.9149,-0.135931
193.9325,-0.135941
193.9489,-0.135952
193.9658,-0.135962
193.9826,-0.13597
193.9988,-0.135979
194.0152,-0.135986
194.0329,-0.135993
194.0489,-0.135999
194.0659,-0.136006
194.0822,-0.136014
194.0988,-0.136024
194.1157,-0.136032
194.1321,-0.13604
194.1487,-0.136047
194.1649,-0.136055
194.1819,-0.136066
194.198,-0.136075
194.2152,-0.136086
194.2321,-0.136095
194.2484,-0.136108
194.2654,-0.136118
194.2824,-0.136129
194.2988,-0.136139
194.3149,-0.136148
194.3322,-0.136154
194.3484,-0.13616
194.3653,-0.136167
194.3823,-0.136176
194.3983,-0.136185
194.4145,-0.136192
194.4326,-0.136196
194.449,-0.1362
194.4659,-0.136202
194.4819,-0.136206
194.4981,-0.13621
194.5153,-0.136214
194.5316,-0.136218
194.5486,-0.136225
194.5651,-0.136233
194.5826,-0.13624
194.599,-0.136244
194.6154,-0.136248
194.6324,-0.13625
194.6483,-0.136253
194.6663,-0.136257
194.6819,-0.13626
194.6981,-0.136266
194.716,-0.13627
194.7324,-0.136275
194.7493,-0.136279
194.7654,-0.136285
194.7824,-0.136291
194.7986,-0.136295
194.8163,-0.136298
194.8324,-0.136302
194.8489,-0.136307
194.8658,-0.13631
194.882,-0.136315
194.8987,-0.13632
194.9158,-0.136323
194.9328,-0.136323
194.9486,-0.136324
194.9659,-0.136326
194.9823,-0.136329
194.9982,-0.136333
195.015,-0.136342
195.0321,-0.136352
195.048,-0.136362
195.0651,-0.136373
195.0821,-0.136385
195.0991,-0.136394
195.1158,-0.136403
195.1318,-0.136409
195.1495,-0.136412
195.1656,-0.136417
195.1817,-0.13642
195.1991,-0.136426
195.2157,-0.136433
195.2319,-0.13644
195.2488,-0.136445
195.2651,-0.13645
195.2821,-0.136453
195.299,-0.136459
195.3152,-0.136466
195.3321,-0.136473
195.3486,-0.136481
195.3654,-0.136489
195.3818,-0.136498
195.3991,-0.136509
195.4154,-0.136519
195.4318,-0.136528
195.4491,-0.136534
195.4651,-0.136539
195.4823,-0.136543
195.4983,-0.136548
195.5156,-0.136554
195.5317,-0.136558
195.5481,-0.136562
195.5648,-0.136568
195.5825,-0.136575
195.5985,-0.136583
195.6151,-0.136593
195.631,-0.136603
195.6488,-0.136611
195.6654,-0.136618
195.6824,-0.136626
195.6981,-0.136634
195.7156,-0.13664
195.7321,-0.136644
195.7488,-0.13665
195.7656,-0.136655
195.7815,-0.136663
195.7984,-0.136671
195.8148,-0.136678
195.8314,-0.136686
195.8482,-0.136691
195.8649,-0.136698
195.8815,-0.136705
195.8986,-0.136713
195.9151,-0.13672
195.9313,-0.136727
195.9486,-0.136731
195.965,-0.136737
195.9821,-0.136744
195.9985,-0.136751
196.0149,-0.136758
196.031,-0.136764
196.0484,-0.13677
196.0655,-0.136775
196.0818,-0.136782
196.0988,-0.136787
196.1151,-0.136791
196.1315,-0.136793
196.1485,-0.136793
196.1655,-0.136793
196.1816,-0.136791
196.199,-0.136789
196.2149,-0.136789
196.2322,-0.136791
196.2487,-0.136791
196.2651,-0.136792
196.2814,-0.136792
196.2984,-0.136795
196.3158,-0.1368
196.3326,-0.136804
196.3495,-0.136812
196.3658,-0.13682
196.3831,-0.136828
196.3986,-0.136837
196.4158,-0.136846
196.4331,-0.136853
196.4488,-0.136858
196.4661,-0.136862
196.4825,-0.136866
196.4995,-0.136868
196.5158,-0.136869
196.5329,-0.136872
196.5487,-0.136876
196.5654,-0.136881
196.5832,-0.136886
196.5995,-0.136892
196.616,-0.136899
196.6322,-0.136907
196.6496,-0.136912
196.6663,-0.136915
196.6829,-0.13692
196.6996,-0.136925
196.7159,-0.136932
196.7326,-0.136937
196.7496,-0.136943
196.7662,-0.136947
196.7836,-0.136952
196.7993,-0.136957
196.8162,-0.136963
196.8334,-0.136968
196.8494,-0.136972
196.8664,-0.136975
196.8826,-0.13698
196.8996,-0.136986
196.9152,-0.136992
196.9331,-0.136999
196.9495,-0.137006
196.9662,-0.137013
196.9828,-0.137017
196.9997,-0.137021
197.0158,-0.137027
197.0323,-0.137033
197.0495,-0.137038
197.0661,-0.137044
197.0826,-0.13705
197.1001,-0.137058
197.1161,-0.137065
197.1332,-0.137073
197.1499,-0.137081
197.166,-0.137086
197.1831,-0.137091
197.1997,-0.137099
197.2171,-0.13711
197.2338,-0.137121
197.2494,-0.137131
197.2657,-0.137141
197.2836,-0.137151
197.3001,-0.13716
197.3169,-0.137165
197.3337,-0.137171
197.3504,-0.137175
197.366,-0.137179
197.3833,-0.137185
197.3995,-0.137192
197.4168,-0.137199
197.4337,-0.137206
197.4501,-0.137215
197.4676,-0.137227
197.4836,-0.137237
197.5,-0.137247
197.5167,-0.137256
197.5331,-0.137265
197.5511,-0.137274
197.5664,-0.137284
197.5831,-0.137295
197.6002,-0.137306
197.6162,-0.137317
197.6338,-0.137325
197.6501,-0.137337
197.6671,-0.137345
197.6836,-0.137352
197.7,-0.137361
197.7169,-0.137368
197.7338,-0.137376
197.7495,-0.137383
197.767,-0.137389
197.783,-0.137397
197.7999,-0.137407
197.8169,-0.137416
197.8331,-0.137426
197.8499,-0.137433
197.8663,-0.137437
197.8831,-0.137444
197.8997,-0.137448
197.9163,-0.137452
197.9337,-0.137457
197.9496,-0.13746
197.9663,-0.137466
197.9828,-0.137473
198.0,-0.137482
198.0166,-0.137491
198.033,-0.137502
198.0498,-0.137513
198.0667,-0.137523
198.0834,-0.137529
198.0999,-0.137535
198.1174,-0.13754
198.1328,-0.137545
198.1502,-0.13755
198.1666,-0.137555
198.1835,-0.137561
198.1995,-0.137565
198.2159,-0.13757
198.2333,-0.137575
198.2501,-0.137581
198.2666,-0.137586
198.2837,-0.137591
198.2999,-0.137593
198.3177,-0.137596
198.3335,-0.137599
198.35,-0.137603
198.3666,-0.137605
198.3837,-0.13761
198.4006,-0.137614
198.417,-0.137622
198.4341,-0.137626
198.4498,-0.137633
198.4666,-0.137639
198.4843,-0.137643
198.501,-0.137646
198.517,-0.13765
198.5334,-0.137655
198.5508,-0.137661
198.5679,-0.137666
198.5841,-0.137672
198.6003,-0.137679
198.6172,-0.137687
198.6339,-0.137692
198.6514,-0.137698
198.6677,-0.137704
198.6846,-0.137708
198.7007,-0.13771
198.7175,-0.137713
198.7339,-0.137718
198.7507,-0.137723
198.7673,-0.137728
198.7841,-0.137731
198.8016,-0.137738
198.818,-0.137745
198.8342,-0.137753
198.8506,-0.13776
198.8667,-0.137766
198.8843,-0.13777
198.9008,-0.137776
198.9171,-0.137783
198.9342,-0.137789
198.9508,-0.137795
198.9675,-0.137799
198.9845,-0.137806
199.001,-0.137812
199.0173,-0.137819
199.0344,-0.137826
199.0512,-0.137833
199.0682,-0.13784
199.0848,-0.137846
199.102,-0.137853
199.1177,-0.137858
199.1345,-0.137864
199.1518,-0.137868
199.1677,-0.137873
199.1848,-0.137878
199.2013,-0.137884
199.2176,-0.13789
199.2342,-0.137894
199.2502,-0.1379
199.2677,-0.137906
199.2845,-0.137912
199.3012,-0.137918
199.3178,-0.137926
199.3347,-0.137931
199.3505,-0.137937
199.368,-0.137944
199.3844,-0.137949
199.4011,-0.137954
199.4173,-0.13796
199.434,-0.137967
199.451,-0.137975
199.4676,-0.137984
199.484,-0.137995
199.501,-0.138008
199.5172,-0.13802
199.535,-0.138033
199.5513,-0.138045
199.568,-0.138055
199.5844,-0.138061
199.601,-0.138067
199.6178,-0.138071
199.6342,-0.138078
199.6509,-0.138086
199.6673,-0.138095
199.6848,-0.138105
199.7002,-0.138115
199.7182,-0.138126
199.7346,-0.138138
199.7511,-0.138147
199.7674,-0.138155
199.7851,-0.138163
199.8008,-0.138169
199.8179,-0.138177
199.8343,-0.138184
199.8514,-0.138188
199.8669,-0.138194
199.8842,-0.138201
199.9009,-0.138209
199.918,-0.138216
199.9343,-0.138222
199.9516,-0.138228
199.9681,-0.138233
199.9846,-0.13824
200.0013,-0.138244
200.0182,-0.138252
200.0336,-0.138258
200.0508,-0.138266
200.0678,-0.138275
200.0841,-0.138283
200.1004,-0.138291
200.1175,-0.138299
200.1347,-0.138305
200.1505,-0.138311
200.1673,-0.138318
200.1841,-0.138324
200.2007,-0.138329
200.2177,-0.138332
200.2346,-0.138336
200.2513,-0.138339
200.2677,-0.138344
200.2838,-0.13835
200.3012,-0.138354
200.3178,-0.13836
200.3343,-0.138365
200.3517,-0.138371
200.3681,-0.138376
200.3845,-0.13838
200.4022,-0.138384
200.418,-0.138386
200.4341,-0.138388
200.4507,-0.138391
200.4675,-0.138397
200.4853,-0.138402
200.5009,-0.138409
200.5185,-0.138416
200.5345,-0.138425
200.5518,-0.138432
200.5679,-0.138436
200.585,-0.138443
200.6009,-0.138448
200.6184,-0.138455
200.6348,-0.138462
200.6518,-0.138468
200.6687,-0.138471
200.6855,-0.138474
200.702,-0.138473
200.7185,-0.138472
200.7357,-0.138474
200.7518,-0.138475
200.7683,-0.138477
200.7843,-0.138482
200.8024,-0.138489
200.8188,-0.138496
200.8347,-0.138504
200.8518,-0.138513
200.8692,-0.138523
200.8847,-0.13853
200.9023,-0.138537
200.918,-0.138543
200.9352,-0.138548
200.9524,-0.138555
200.9681,-0.138559
200.9858,-0.138563
201.0018,-0.138568
201.0177,-0.138573
201.0342,-0.138577
201.0511,-0.138584
201.0682,-0.138592
201.0853,-0.138599
201.1023,-0.138608
201.1182,-0.138617
201.1353,-0.138624
201.1521,-0.138633
201.1686,-0.138642
201.1856,-0.138648
201.2023,-0.138656
201.2187,-0.138662
201.2359,-0.138668
201.2524,-0.138671
201.2685,-0.138673
201.2854,-0.138676
201.3023,-0.138679
201.3186,-0.138682
201.3347,-0.138689
201.352,-0.138698
201.3681,-0.138706
201.3847,-0.138715
201.4017,-0.138723
201.4181,-0.138731
201.4349,-0.138739
201.4519,-0.138746
201.4691,-0.138752
201.485,-0.13876
201.5025,-0.138766
201.519,-0.138773
201.5355,-0.138777
201.551,-0.138783
201.5686,-0.13879
201.585,-0.138796
201.6014,-0.138801
201.6184,-0.138806
201.6354,-0.138811
201.6524,-0.138814
201.6691,-0.13882
201.685,-0.138825
201.7017,-0.138832
201.7188,-0.138839
201.7358,-0.138846
201.7519,-0.138853
201.7684,-0.138863
201.7851,-0.138872
201.802,-0.138881
201.8188,-0.138887
201.8351,-0.138892
201.8521,-0.138897
201.8683,-0.138901
201.8844,-0.138903
201.9015,-0.138906
201.9185,-0.13891
201.9344,-0.138914
201.9522,-0.13892
201.9672,-0.138929
201.9858,-0.138939
202.0019,-0.138947
202.0178,-0.138952
202.0352,-0.138958
202.0516,-0.138961
202.0683,-0.138962
202.0849,-0.138963
202.101,-0.138964
202.1186,-0.138968
202.1343,-0.138972
202.1519,-0.138979
202.1683,-0.138986
202.1847,-0.138993
202.2017,-0.139
202.2183,-0.139005
202.2346,-0.13901
202.2517,-0.139013
202.2676,-0.139018
202.2855,-0.139021
202.3013,-0.139023
202.319,-0.139028
202.3354,-0.139033
202.3512,-0.13904
202.3682,-0.139044
202.3848,-0.139047
202.4024,-0.139049
202.4187,-0.139051
202.4346,-0.139053
202.4514,-0.139054
202.4685,-0.139056
202.4866,-0.139059
202.5013,-0.139065
202.5187,-0.139072
202.535,-0.139078
202.5527,-0.139083
202.5692,-0.139089
202.5857,-0.139094
202.6023,-0.1391
202.6192,-0.139104
202.6355,-0.139105
202.6525,-0.139105
202.669,-0.139105
202.6848,-0.139106
202.7024,-0.139108
202.7197,-0.13911
202.7361,-0.139114
202.7521,-0.139119
202.7693,-0.139125
202.7863,-0.13913
202.8025,-0.139137
202.8196,-0.139143
202.8362,-0.139148
202.8532,-0.139152
202.8694,-0.139155
202.8862,-0.139162
202.9037,-0.139167
202.9194,-0.139173
202.9362,-0.139179
202.9527,-0.139186
202.9699,-0.139194
202.9867,-0.139201
203.0026,-0.139205
203.02,-0.139211
203.0364,-0.139218
203.0532,-0.139225
203.0694,-0.139232
203.0866,-0.139239
203.1032,-0.139247
203.1203,-0.139255
203.1362,-0.139263
203.1531,-0.13927
203.17,-0.139275
203.1868,-0.139281
203.2031,-0.139288
203.2198,-0.139296
203.2371,-0.139306
203.2525,-0.139313
203.2705,-0.139317
203.2863,-0.139323
203.3034,-0.139328
203.32,-0.139331
203.3358,-0.139337
203.353,-0.139345
203.37,-0.139352
203.3863,-0.13936
203.4027,-0.139368
203.4196,-0.139379
203.4368,-0.13939
203.4528,-0.1394
203.4693,-0.13941
203.4862,-0.139419
203.5035,-0.139425
203.5195,-0.139431
203.5365,-0.139439
203.5525,-0.139448
203.5697,-0.139455
203.5854,-0.139462
203.6021,-0.13947
203.6191,-0.139476
203.6357,-0.139483
203.6534,-0.139486
203.6691,-0.139493
203.6866,-0.139499
203.7027,-0.139507
203.7193,-0.139515
203.7361,-0.139523
203.7529,-0.139534
203.7698,-0.139543
203.7861,-0.139554
203.803,-0.139563
203.8197,-0.13957
203.8363,-0.139577
203.8523,-0.139581
203.8701,-0.139586
203.8858,-0.139591
203.9035,-0.139595
203.92,-0.1396
203.9357,-0.139607
203.9527,-0.139613
203.9698,-0.139623
203.9867,-0.139632
204.0027,-0.13964
204.02,-0.139648
204.0364,-0.139654
204.0531,-0.139658
204.0698,-0.139664
204.0863,-0.13967
204.1026,-0.139674
204.1194,-0.139679
204.1366,-0.139683
204.1535,-0.13969
204.1701,-0.139696
204.1862,-0.139703
204.2032,-0.139708
204.2197,-0.139711
204.2364,-0.139715
204.2524,-0.139719
204.2697,-0.139724
204.2869,-0.13973
204.3033,-0.139734
204.32,-0.139739
204.3362,-0.139741
204.3523,-0.139742
204.3703,-0.139745
204.3863,-0.13975
204.4032,-0.139755
204.4193,-0.13976
204.4362,-0.139763
204.4531,-0.139766
204.4706,-0.139771
204.4867,-0.139776
204.5031,-0.139782
204.5193,-0.139787
204.5366,-0.139795
204.5536,-0.139802
204.5701,-0.13981
204.5864,-0.139815
204.6034,-0.139819
204.62,-0.139824
204.6365,-0.139826
204.6535,-0.139829
204.6697,-0.139831
204.6864,-0.139832
204.7039,-0.139835
204.7193,-0.139839
204.7366,-0.139847
204.7537,-0.139857
204.7695,-0.139865
204.7866,-0.139872
204.8038,-0.139881
204.8207,-0.139886
204.8374,-0.139892
204.8532,-0.139897
204.8704,-0.139899
204.8871,-0.139901
204.904,-0.139902
204.9202,-0.139902
204.9377,-0.139904
204.954,-0.139906
204.9703,-0.139908
204.9871,-0.139915
205.0043,-0.139922
205.0204,-0.139928
205.0374,-0.139936
205.0538,-0.139944
205.0706,-0.139954
205.0871,-0.13996
205.1035,-0.139964
205.1203,-0.139967
205.1376,-0.139971
205.154,-0.139973
205.1703,-0.139976
205.1871,-0.139981
205.2037,-0.139986
205.2202,-0.139996
205.2364,-0.140004
205.2535,-0.140011
205.2712,-0.140018
205.2885,-0.140025
205.3044,-0.140033
205.3206,-0.14004
205.3371,-0.140044
205.3533,-0.140049
205.371,-0.140056
205.3872,-0.140063
205.4039,-0.14007
205.42,-0.140076
205.4372,-0.140083
205.4546,-0.140088
205.4705,-0.140095
205.4868,-0.1401
205.504,-0.140108
205.5214,-0.140114
205.537,-0.14012
205.554,-0.140125
205.571,-0.140132
205.5875,-0.140137
205.6041,-0.140142
205.6206,-0.140149
205.637,-0.140153
205.6545,-0.140159
205.6708,-0.140167
205.688,-0.140173
205.7047,-0.140182
205.721,-0.140191
205.738,-0.1402
205.7544,-0.140206
205.7713,-0.140213
205.787,-0.140219
205.8041,-0.140226
205.8208,-0.140234
205.8371,-0.140244
205.8543,-0.140252
205.8714,-0.140261
205.8881,-0.140269
205.9049,-0.140276
205.9216,-0.140283
205.9373,-0.140289
205.9542,-0.140297
205.9715,-0.140302
205.988,-0.140308
206.0038,-0.140313
206.0207,-0.140321
206.0374,-0.140327
206.0541,-0.140335
206.0711,-0.140342
206.0876,-0.140349
206.1048,-0.140354
206.1208,-0.140359
206.1378,-0.140362
206.1543,-0.140366
206.1711,-0.140372
206.1879,-0.14038
206.2039,-0.140387
206.2213,-0.140395
206.2381,-0.140404
206.2549,-0.140412
206.271,-0.140419
206.2876,-0.140427
206.3051,-0.140433
206.3217,-0.140437
206.3373,-0.140441
206.3553,-0.140446
206.371,-0.140454
206.3877,-0.140459
206.4043,-0.140463
206.4205,-0.140468
206.4376,-0.140474
206.4551,-0.140481
206.4716,-0.140487
206.4879,-0.140495
206.5049,-0.140504
206.5212,-0.14051
206.5379,-0.140514
206.5539,-0.140519
206.5715,-0.140524
206.588,-0.140526
206.604,-0.140529
206.6209,-0.140534
206.6373,-0.14054
206.654,-0.140547
206.6708,-0.140553
206.688,-0.140561
206.7041,-0.140569
206.7206,-0.140576
206.7374,-0.140582
206.7539,-0.140589
206.7711,-0.140592
206.7869,-0.140598
206.8036,-0.140606
206.8211,-0.140614
206.8369,-0.14062
206.8535,-0.140625
206.8702,-0.140632
206.8873,-0.14064
206.9037,-0.140646
206.9201,-0.140651
206.9374,-0.140656
206.9535,-0.140662
206.9712,-0.140666
206.9873,-0.140675
207.0033,-0.140681
207.0203,-0.140688
207.0381,-0.140694
207.0535,-0.1407
207.0709,-0.140708
207.087,-0.140716
207.1045,-0.140721
207.1211,-0.140726
207.1374,-0.14073
207.154,-0.140734
207.1704,-0.140738
207.1868,-0.140743
207.2036,-0.140747
207.2207,-0.140754
207.2372,-0.140762
207.2529,-0.140771
207.2701,-0.140781
207.2872,-0.140791
207.3043,-0.1408
207.3206,-0.140806
207.3363,-0.140813
207.3538,-0.140817
207.3704,-0.14082
207.3869,-0.140822
207.4033,-0.140827
207.4201,-0.140835
207.4368,-0.14084
207.4534,-0.140843
207.4706,-0.140847
207.4874,-0.140851
207.5037,-0.140855
207.5208,-0.140858
207.5368,-0.14086
207.5535,-0.140863
207.5705,-0.140866
207.5868,-0.140869
207.6039,-0.140873
207.6209,-0.140877
207.6372,-0.140882
207.6535,-0.140886
207.6709,-0.140889
207.6873,-0.14089
207.7039,-0.140893
207.7207,-0.140899
207.7369,-0.140904
207.7533,-0.140906
207.7703,-0.140909
207.7876,-0.140912
207.804,-0.140914
207.8206,-0.140917
207.8368,-0.14092
207.8535,-0.140922
207.8707,-0.140926
207.8873,-0.140928
207.905,-0.140932
207.9213,-0.140936
207.9379,-0.140937
207.9545,-0.14094
207.971,-0.140941
207.9877,-0.140941
208.0041,-0.14094
208.0208,-0.14094
208.038,-0.140944
208.0541,-0.140949
208.0709,-0.140953
208.088,-0.140957
208.1048,-0.140965
208.1211,-0.140974
208.1381,-0.140983
208.1554,-0.140991
208.171,-0.140998
208.1889,-0.141003
208.2051,-0.141008
208.2214,-0.141012
208.2384,-0.141017
208.2552,-0.141022
208.272,-0.141023
208.2882,-0.141026
208.3052,-0.141028
208.322,-0.14103
208.3377,-0.141032
208.3552,-0.141039
208.3712,-0.141045
208.3886,-0.141052
208.4047,-0.141059
208.421,-0.141069
208.4393,-0.141078
208.4559,-0.141086
208.473,-0.141095
208.4899,-0.141104
208.5064,-0.141111
208.5224,-0.141115
208.539,-0.14112
208.5551,-0.141123
208.5735,-0.141125
208.5893,-0.141129
208.606,-0.141133
208.6223,-0.141138
208.6392,-0.141142
208.6562,-0.141146
208.6726,-0.14115
208.6899,-0.141154
208.7065,-0.14116
208.7232,-0.141167
208.7395,-0.141175
208.7559,-0.141184
208.7726,-0.141194
208.7891,-0.141201
208.8073,-0.141209
208.8242,-0.141219
208.8405,-0.141229
208.8561,-0.141237
208.8738,-0.141244
208.8899,-0.14125
208.9066,-0.141258
208.9238,-0.141267
208.94,-0.141274
208.9567,-0.141282
208.9733,-0.141291
208.9898,-0.141298
209.0074,-0.141308
209.0234,-0.14132
209.0402,-0.141329
209.0564,-0.141341
209.073,-0.14135
209.0909,-0.14136
209.1067,-0.141369
209.1241,-0.141377
209.1399,-0.141386
209.1565,-0.141397
209.1737,-0.141407
209.1897,-0.141419
209.2069,-0.141429
209.2233,-0.141439
209.2401,-0.141449
209.2571,-0.141458
209.2729,-0.141468
209.2897,-0.141476
209.306,-0.141484
209.3232,-0.141492
209.3398,-0.141502
209.3566,-0.141512
209.3726,-0.141524
209.3897,-0.141537
209.4061,-0.141549
209.423,-0.141561
209.4393,-0.141574
209.4564,-0.141587
209.4729,-0.141598
209.4897,-0.141608
209.5063,-0.141617
209.523,-0.141628
209.5393,-0.141638
209.5551,-0.141648
209.5731,-0.141656
209.5898,-0.141665
209.6062,-0.141673
209.6222,-0.141679
209.6392,-0.141685
209.656,-0.141688
209.6727,-0.141694
209.6891,-0.141699
209.7059,-0.141708
209.7217,-0.141717
209.7388,-0.141726
209.7557,-0.141734
209.7716,-0.141744
209.789,-0.141755
209.8054,-0.141765
209.8227,-0.141776
209.8382,-0.141785
209.8559,-0.141794
209.8719,-0.141801
209.8887,-0.141808
209.9055,-0.141812
209.9216,-0.141814
209.9381,-0.141815
209.955,-0.141818
209.9718,-0.14182
209.9887,-0.141824
210.0054,-0.141831
210.0207,-0.141837
210.0382,-0.141844
210.0553,-0.141851
210.0718,-0.141856
210.0884,-0.141862
210.1051,-0.141866
210.1219,-0.141871
210.1388,-0.141876
210.1554,-0.141877
210.1719,-0.14188
210.1876,-0.141884
210.2055,-0.141889
210.2209,-0.141892
210.2382,-0.141895
210.2564,-0.141896
210.2717,-0.141898
210.2893,-0.141899
210.3054,-0.141901
210.3227,-0.141901
210.3383,-0.141902
210.3551,-0.141904
210.3718,-0.141905
210.3887,-0.14191
210.4053,-0.141914
210.4223,-0.141919
210.4384,-0.141922
210.455,-0.141923
210.4721,-0.141925
210.4887,-0.141926
210.5056,-0.141926
210.5223,-0.141929
210.5387,-0.141931
210.5552,-0.141934
210.5724,-0.141936
210.5883,-0.141939
210.6061,-0.141943
210.6224,-0.141946
210.6384,-0.141946
210.6556,-0.141948
210.6729,-0.141949
210.6888,-0.14195
210.7057,-0.141952
210.7217,-0.141956
210.7398,-0.14196
210.7549,-0.141963
210.7725,-0.141966
210.7891,-0.14197
210.8053,-0.141974
210.8227,-0.141976
210.8391,-0.14198
210.8552,-0.141982
210.8723,-0.141986
210.8891,-0.14199
210.9052,-0.141994
210.9219,-0.141999
210.939,-0.142001
210.956,-0.142004
210.9727,-0.142009
210.9892,-0.142014
211.0062,-0.142017
211.0217,-0.142018
211.0385,-0.142019
211.0553,-0.142023
211.072,-0.142026
211.0887,-0.142033
211.1045,-0.142042
211.1223,-0.14205
211.1387,-0.142058
211.1561,-0.142066
211.1723,-0.142073
211.1888,-0.142079
211.205,-0.142085
211.2217,-0.14209
211.238,-0.142096
211.2549,-0.142104
211.2721,-0.142111
211.2878,-0.142119
211.3052,-0.142125
211.3221,-0.142133
211.3386,-0.142142
211.3555,-0.142147
211.3714,-0.142154
211.3883,-0.142159
211.4051,-0.142164
211.422,-0.142168
211.4386,-0.142173
211.4557,-0.142178
211.4721,-0.142183
211.4881,-0.142191
211.5049,-0.142196
211.5211,-0.142203
211.5384,-0.142212
211.5552,-0.142223
211.5726,-0.142233
211.5882,-0.142242
211.6059,-0.142249
211.6217,-0.142256
211.6388,-0.142262
211.6554,-0.142267
211.6725,-0.142275
211.6887,-0.142281
211.7054,-0.142285
211.7225,-0.142291
211.7383,-0.142297
211.7553,-0.142301
211.7716,-0.142305
211.7885,-0.142307
211.8053,-0.142312
211.8224,-0.142317
211.8383,-0.142321
211.8552,-0.142324
211.8716,-0.142329
211.8876,-0.142336
211.9057,-0.142341
211.9214,-0.142345
211.9383,-0.142349
211.9552,-0.142354
211.9715,-0.142359
211.9886,-0.142362
212.0054,-0.142363
212.0211,-0.142367
212.0388,-0.142371
212.055,-0.142375
212.0708,-0.142381
212.0883,-0.14239
212.1052,-0.142398
212.1223,-0.142404
212.1378,-0.142411
212.1561,-0.142416
212.1724,-0.142421
212.1888,-0.142424
212.2055,-0.142425
212.2222,-0.142428
212.2387,-0.142427
212.2558,-0.14243
212.2715,-0.142434
212.288,-0.142438
212.3059,-0.14244
212.3223,-0.142443
212.3392,-0.142447
212.356,-0.142452
212.3722,-0.142457
212.3898,-0.142461
212.4054,-0.142467
212.4222,-0.142473
212.4387,-0.14248
212.4555,-0.142489
212.4716,-0.142494
212.4892,-0.1425
212.5062,-0.142508
212.5226,-0.142514
212.5392,-0.142519
212.5551,-0.142522
212.5719,-0.142524
212.5895,-0.142528
212.6058,-0.142533
212.6227,-0.142538
212.6385,-0.142543
212.6553,-0.142544
212.6727,-0.142544
212.6891,-0.142546
212.7058,-0.142549
212.722,-0.142552
212.7395,-0.142552
212.7543,-0.142554
212.7727,-0.142557
212.789,-0.142563
212.8053,-0.142569
212.8221,-0.142575
212.839,-0.142584
212.8556,-0.142593
212.8724,-0.142603
212.8884,-0.142612
212.9057,-0.142621
212.9227,-0.142629
212.939,-0.142638
212.9561,-0.142645
212.973,-0.142651
212.9895,-0.142653
213.0052,-0.142658
213.0226,-0.142665
213.0388,-0.142671
213.0563,-0.142675
213.0721,-0.14268
213.0889,-0.142685
213.106,-0.142689
213.1224,-0.142693
213.1391,-0.142695
213.1562,-0.142698
213.1724,-0.142701
213.1896,-0.142705
213.2058,-0.142711
213.2228,-0.142717
213.2398,-0.142725
213.2564,-0.142733
213.2729,-0.142741
213.2895,-0.142751
213.3056,-0.142759
213.3223,-0.142767
213.3398,-0.142775
213.356,-0.142783
213.3723,-0.142791
213.3895,-0.142798
213.4057,-0.142804
213.4224,-0.142808
213.44,-0.142812
213.4558,-0.142815
213.4732,-0.14282
213.489,-0.142826
213.5055,-0.142832
213.5224,-0.14284
213.5389,-0.142851
213.5558,-0.142861
213.5722,-0.142874
213.5888,-0.142888
213.6061,-0.142901
213.6233,-0.142912
213.6394,-0.142921
213.6561,-0.142929
213.6726,-0.142935
213.6898,-0.142942
213.7059,-0.142949
213.7223,-0.142957
213.7389,-0.142964
213.7558,-0.142969
213.772,-0.142973
213.7888,-0.142979
213.8058,-0.142985
213.8235,-0.142989
213.8383,-0.142993
213.8556,-0.142996
213.8719,-0.142999
213.8887,-0.143003
213.9057,-0.143009
213.9217,-0.143018
213.9385,-0.143026
213.9554,-0.143037
213.972,-0.143047
213.9892,-0.143057
214.0063,-0.143066
214.0223,-0.143074
214.0396,-0.14308
214.0556,-0.143087
214.072,-0.143094
214.0886,-0.143102
214.1063,-0.143111
214.1232,-0.143119
214.1401,-0.143126
214.1566,-0.143136
214.1731,-0.143145
214.1898,-0.143152
214.2059,-0.143158
214.2228,-0.143165
214.2398,-0.143173
214.2567,-0.143179
214.2732,-0.143188
214.2898,-0.143196
214.3066,-0.143203
214.3233,-0.14321
214.3401,-0.143216
214.3561,-0.143223
214.3722,-0.143228
214.39,-0.143234
214.4059,-0.143239
214.4228,-0.143245
214.4402,-0.143253
214.4559,-0.143262
214.4724,-0.143268
214.489,-0.143274
214.5061,-0.14328
214.5229,-0.143287
214.5397,-0.143295
214.556,-0.143305
214.572,-0.143313
214.5895,-0.143321
214.6059,-0.143328
214.6233,-0.143337
214.6401,-0.143344
214.6561,-0.143352
214.6732,-0.143357
214.6892,-0.143364
214.7063,-0.143369
214.7223,-0.143375
214.7397,-0.143383
214.7557,-0.143388
214.7726,-0.143394
214.7897,-0.143401
214.806,-0.143407
214.8232,-0.143414
214.839,-0.143422
214.8572,-0.143429
214.8735,-0.143435
214.8899,-0.143443
214.9063,-0.14345
214.9232,-0.143457
214.9393,-0.14346
214.9562,-0.143466
214.9735,-0.14347
214.9898,-0.143474
215.0065,-0.143478
215.0221,-0.143484
215.0399,-0.14349
215.0566,-0.143496
215.0724,-0.143503
215.09,-0.143511
215.1064,-0.143517
215.1225,-0.143522
215.1398,-0.143527
215.1563,-0.143533
215.1731,-0.143538
215.1896,-0.143541
215.2065,-0.143546
215.2231,-0.143552
215.2397,-0.143558
215.2568,-0.143564
215.2723,-0.143568
215.2891,-0.143572
215.3064,-0.143576
215.3224,-0.14358
215.3399,-0.143587
215.3559,-0.143598
215.3723,-0.143606
215.389,-0.143613
215.4064,-0.14362
215.4237,-0.143628
215.4397,-0.143636
215.4566,-0.143642
215.4729,-0.143649
215.4903,-0.143652
215.5069,-0.143655
215.5234,-0.14366
215.5403,-0.143664
215.5566,-0.143668
215.5723,-0.14367
215.5903,-0.143676
215.6061,-0.143682
215.6236,-0.14369
215.6397,-0.143697
215.6567,-0.143705
215.6743,-0.143709
215.6896,-0.143713
215.7074,-0.143718
215.7237,-0.143724
215.7398,-0.14373
215.757,-0.143736
215.7734,-0.143744
215.79,-0.143753
215.8068,-0.143764
215.8235,-0.143773
215.8399,-0.143784
215.8563,-0.143795
215.8736,-0.143803
215.8902,-0.14381
215.9062,-0.143815
215.9231,-0.143821
215.94,-0.143823
215.9565,-0.143826
215.9737,-0.143831
215.9907,-0.143836
216.006,-0.143839
216.0227,-0.143844
216.0394,-0.14385
216.0566,-0.143857
216.0728,-0.143864
216.0889,-0.143871
216.1071,-0.143878
216.1225,-0.143884
216.1391,-0.143891
216.1564,-0.143897
216.1731,-0.143906
216.1902,-0.143912
216.2062,-0.143921
216.2227,-0.143931
216.2399,-0.143941
216.2572,-0.143951
216.2732,-0.143958
216.2899,-0.143964
216.3066,-0.143969
216.3234,-0.143972
216.3406,-0.143976
216.3562,-0.143981
216.3726,-0.143985
216.3894,-0.14399
216.4059,-0.143998
216.4233,-0.144006
216.4392,-0.144017
216.4565,-0.144027
216.4729,-0.144036
216.4908,-0.144044
216.5069,-0.144051
216.523,-0.144059
216.54,-0.144065
216.5571,-0.144066
216.5729,-0.144068
216.5895,-0.14407
216.6072,-0.144072
216.6229,-0.144075
216.6395,-0.144075
216.6561,-0.144076
216.6726,-0.144079
216.6898,-0.144081
216.7065,-0.144086
216.7226,-0.144092
216.7391,-0.144099
216.7564,-0.144107
216.7736,-0.144114
216.7894,-0.144122
216.8066,-0.14413
216.8235,-0.144137
216.8405,-0.144144
216.8563,-0.14415
216.8729,-0.144156
216.8898,-0.14416
216.9061,-0.144164
216.9231,-0.144168
216.9395,-0.144173
216.9559,-0.144179
216.9724,-0.144184
216.9895,-0.144189
217.0059,-0.144193
217.0225,-0.144197
217.0396,-0.1442
217.0563,-0.144206
217.0729,-0.144214
217.0893,-0.144219
217.106,-0.144225
217.1226,-0.144228
217.1398,-0.144233
217.1572,-0.144237
217.1729,-0.144241
217.1901,-0.144245
217.2064,-0.144249
217.2233,-0.144251
217.2396,-0.144255
217.2565,-0.144263
217.2727,-0.14427
217.2902,-0.144275
217.3064,-0.144278
217.3239,-0.144282
217.3405,-0.144287
217.3567,-0.144293
217.3734,-0.144296
217.3893,-0.144298
217.4067,-0.144298
217.4232,-0.1443
217.4393,-0.144303
217.456,-0.144307
217.4731,-0.144311
217.4905,-0.144314
217.5063,-0.144318
217.5233,-0.144324
217.5403,-0.144329
217.5571,-0.144334
217.5732,-0.144338
217.5902,-0.144341
217.6067,-0.144346
217.6237,-0.14435
217.6404,-0.144352
217.6571,-0.144353
217.6733,-0.144355
217.6906,-0.144359
217.7069,-0.144362
217.7237,-0.144367
217.7398,-0.144375
217.7567,-0.144385
217.7735,-0.144393
217.7902,-0.144404
217.8073,-0.144414
217.8244,-0.144423
217.841,-0.144431
217.8575,-0.144436
217.8739,-0.144441
217.8904,-0.144445
217.9074,-0.14445
217.9245,-0.144451
217.9411,-0.144453
217.9577,-0.144455
217.9744,-0.144456
217.9915,-0.144458
218.007,-0.144461
218.0248,-0.144464
218.0406,-0.144468
218.0572,-0.144473
218.0739,-0.144481
218.0903,-0.144488
218.1076,-0.144495
218.1241,-0.144504
218.1409,-0.144509
218.1577,-0.144515
218.1746,-0.144523
218.1912,-0.144533
218.2071,-0.144544
218.2238,-0.144552
218.2409,-0.144561
218.2579,-0.144569
218.2743,-0.144575
218.2914,-0.144583
218.3076,-0.144588
218.3244,-0.144591
218.341,-0.144593
218.3583,-0.144595
218.3748,-0.144601
218.3915,-0.144608
218.4083,-0.144616
218.4238,-0.144624
218.4406,-0.144631
218.4578,-0.144641
218.4745,-0.144651
218.4918,-0.144657
218.5078,-0.144664
218.5238,-0.144669
218.5417,-0.144673
218.5581,-0.144676
218.5748,-0.14468
218.5922,-0.144687
218.6078,-0.144693
218.6241,-0.144697
218.6415,-0.144702
218.6586,-0.14471
218.6747,-0.144717
218.6911,-0.144724
218.7081,-0.144732
218.7248,-0.14474
218.7415,-0.14475
218.7584,-0.14476
218.7747,-0.14477
218.792,-0.14478
218.8083,-0.144786
218.8259,-0.144792
218.8423,-0.144798
218.8588,-0.144804
218.8755,-0.144809
218.8909,-0.144816
218.9086,-0.144821
218.9247,-0.144827
218.9424,-0.144836
218.9582,-0.144844
218.9755,-0.144852
218.9923,-0.144858
219.0088,-0.144865
219.026,-0.144872
219.0419,-0.14488
219.059,-0.144888
219.0765,-0.144898
219.0923,-0.144909
219.1098,-0.144917
219.1253,-0.144926
219.1424,-0.144934
219.1592,-0.14494
219.1756,-0.144947
219.1925,-0.144954
219.2091,-0.144962
219.2257,-0.144966
219.2423,-0.144972
219.26,-0.144977
219.2761,-0.144983
219.2922,-0.144989
219.3093,-0.144994
219.3266,-0.144999
219.3425,-0.145004
219.359,-0.14501
219.3765,-0.145019
219.3923,-0.145029
219.4097,-0.145037
219.4257,-0.145045
219.4432,-0.145053
219.4599,-0.145058
219.4756,-0.145065
219.4929,-0.145069
219.5097,-0.145076
219.5269,-0.145083
219.5423,-0.14509
219.5593,-0.1451
219.5763,-0.145109
219.5937,-0.145119
219.6104,-0.145127
219.6269,-0.145135
219.6431,-0.145142
219.6605,-0.145145
219.6764,-0.145146
219.6938,-0.145148
219.7097,-0.145152
219.7269,-0.145157
219.7431,-0.145163
219.7601,-0.145171
219.7774,-0.145178
219.794,-0.145188
219.8105,-0.145199
219.8272,-0.145208
219.8441,-0.145217
219.8608,-0.145224
219.8771,-0.145231
219.894,-0.145238
219.9101,-0.145243
219.9276,-0.145247
219.9437,-0.145252
219.9601,-0.145259
219.9774,-0.145264
219.9946,-0.145271
220.0107,-0.145279
220.0268,-0.145289
220.0446,-0.145299
220.0611,-0.145307
220.0777,-0.145314
220.0944,-0.145319
220.1106,-0.145324
220.1283,-0.145329
220.1442,-0.145334
220.1608,-0.145341
220.1779,-0.145348
220.194,-0.145356
220.2113,-0.145364
220.2277,-0.145373
220.2441,-0.145382
220.2616,-0.145391
220.2773,-0.145399
220.2949,-0.145405
220.3113,-0.145412
220.3279,-0.145419
220.3452,-0.145424
220.361,-0.14543
220.3773,-0.145436
220.3942,-0.145443
220.4114,-0.145454
220.4274,-0.145463
220.4449,-0.145475
220.4618,-0.145489
220.4775,-0.145501
220.4952,-0.145512
220.5118,-0.145524
220.5284,-0.145536
220.5454,-0.145546
220.5617,-0.145554
220.5788,-0.145561
220.5959,-0.145567
220.6117,-0.145571
220.6289,-0.145578
220.6453,-0.145585
220.662,-0.145593
220.6784,-0.145602
220.6959,-0.145609
220.7119,-0.145614
220.7283,-0.145618
220.7455,-0.145623
220.7625,-0.145629
220.7785,-0.145636
220.7948,-0.145642
220.812,-0.145647
220.8291,-0.145653
220.8457,-0.145661
220.8627,-0.145671
220.8778,-0.14568
220.8953,-0.145685
220.9128,-0.145692
220.9295,-0.145699
220.9452,-0.145705
220.9612,-0.145713
220.9791,-0.145719
220.9965,-0.145728
221.013,-0.145739
221.0296,-0.145747
221.0454,-0.145755
221.0622,-0.145761
221.0793,-0.145767
221.096,-0.145774
221.1135,-0.14578
221.1296,-0.145784
221.1457,-0.145788
221.1634,-0.145791
221.18,-0.145799
221.1952,-0.145806
221.2131,-0.145814
221.2299,-0.145823
221.2467,-0.145832
221.2636,-0.145842
221.2797,-0.145852
221.2967,-0.145859
221.3136,-0.145865
221.3299,-0.14587
221.3468,-0.145875
221.3634,-0.145881
221.38,-0.14589
221.397,-0.145895
221.4128,-0.145902
221.43,-0.145906
221.447,-0.145912
221.4637,-0.145917
221.4798,-0.145923
221.497,-0.14593
221.5137,-0.145937
221.5297,-0.145945
221.5476,-0.145953
221.5631,-0.145963
221.5805,-0.145972
221.5977,-0.145981
221.6136,-0.145988
221.6304,-0.145993
221.647,-0.146
221.664,-0.146005
221.6792,-0.146012
221.6969,-0.14602
221.7125,-0.146028
221.7307,-0.146038
221.7462,-0.146047
221.7629,-0.146059
221.78,-0.146071
221.7968,-0.146083
221.8135,-0.146092
221.8301,-0.146103
221.8467,-0.146115
221.8637,-0.146125
221.88,-0.146133
221.8961,-0.14614
221.9132,-0.146143
221.9298,-0.14615
221.9461,-0.146155
221.9628,-0.146162
221.9807,-0.14617
221.9965,-0.146177
222.0135,-0.146187
222.0297,-0.146197
222.0464,-0.146207
222.0635,-0.146213
222.08,-0.14622
222.0973,-0.146226
222.1136,-0.146232
222.1305,-0.146237
222.1467,-0.146243
222.1635,-0.146247
222.1802,-0.146252
222.1962,-0.146261
222.2141,-0.146268
222.2299,-0.146272
222.2468,-0.146275
222.2631,-0.146281
222.2793,-0.146288
222.2966,-0.146293
222.3126,-0.146297
222.33,-0.1463
222.3462,-0.146304
222.3634,-0.14631
222.3788,-0.146319
222.3965,-0.146328
222.4131,-0.146335
222.4298,-0.146342
222.4466,-0.146347
222.463,-0.146354
222.4798,-0.14636
222.4961,-0.146365
222.5127,-0.146371
222.5297,-0.146377
222.5462,-0.146384
222.5625,-0.146391
222.5798,-0.146398
222.5965,-0.146405
222.6129,-0.146412
222.6293,-0.146417
222.6457,-0.146423
222.6629,-0.146427
222.6789,-0.146429
222.696,-0.146436
222.7128,-0.146443
222.7295,-0.14645
222.7462,-0.146456
222.7624,-0.146463
222.7794,-0.146468
222.7966,-0.146475
222.8131,-0.146481
222.8296,-0.14649
222.8464,-0.146495
222.8623,-0.146501
222.8804,-0.146507
222.8956,-0.146513
222.9128,-0.146518
222.9287,-0.146523
222.9457,-0.146528
222.9624,-0.146533
222.9788,-0.14654
222.9957,-0.146545
223.013,-0.146551
223.0284,-0.146556
223.0452,-0.146562
223.0623,-0.14657
223.0787,-0.146581
223.0951,-0.146592
223.1119,-0.146602
223.1283,-0.146613
223.1457,-0.146621
223.162,-0.146627
223.1791,-0.146632
223.1952,-0.146636
223.2118,-0.14664
223.2282,-0.146644
223.2449,-0.146648
223.2618,-0.146651
223.2779,-0.146658
223.2948,-0.146666
223.3117,-0.146673
223.3282,-0.14668
223.3446,-0.146687
223.3616,-0.146692
223.3783,-0.146697
223.3948,-0.146701
223.4117,-0.146707
223.4277,-0.146714
223.4443,-0.14672
223.4613,-0.146724
223.4776,-0.14673
223.4948,-0.146736
223.5109,-0.146743
223.5275,-0.146746
223.5443,-0.14675
223.5617,-0.146751
223.5774,-0.146755
223.5949,-0.146757
223.6106,-0.14676
223.6279,-0.146761
223.6436,-0.146762
223.6613,-0.146763
223.6766,-0.146764
223.6936,-0.146765
223.7109,-0.146767
223.7276,-0.146768
223.744,-0.146768
223.7608,-0.14677
223.777,-0.146774
223.7947,-0.146777
223.8104,-0.146779
223.8267,-0.14678
223.844,-0.14678
223.861,-0.146781
223.8766,-0.146785
223.8941,-0.14679
223.9096,-0.146793
223.9273,-0.146797
223.9432,-0.146802
223.9601,-0.146807
223.9777,-0.146809
223.9937,-0.146811
224.0108,-0.14681
224.028,-0.146809
224.0433,-0.146808
224.0595,-0.146804
224.0768,-0.146799
224.0941,-0.146798
224.1101,-0.146798
224.1273,-0.1468
224.1438,-0.146801
224.1604,-0.146802
224.1772,-0.146805
224.1938,-0.146808
224.2103,-0.146812
224.2266,-0.146817
224.244,-0.146823
224.2602,-0.146825
224.2772,-0.146828
224.2943,-0.146829
224.3103,-0.146827
224.3276,-0.146825
224.3439,-0.146821
224.3608,-0.146818
224.3766,-0.146818
224.3928,-0.146819
224.4096,-0.146822
224.4263,-0.14683
224.4437,-0.146837
224.4606,-0.146842
224.4769,-0.146845
224.4931,-0.146846
224.5103,-0.146848
224.5271,-0.14685
224.5433,-0.146852
224.5597,-0.146855
224.5775,-0.146857
224.5939,-0.146861
224.6105,-0.146865
224.6275,-0.146872
224.6438,-0.146877
224.6602,-0.146879
224.6773,-0.14688
224.6939,-0.14688
224.7097,-0.146882
224.7265,-0.146886
224.7439,-0.146889
224.7606,-0.146894
224.7763,-0.146898
224.7934,-0.146904
224.8105,-0.146911
224.8266,-0.146915
224.8432,-0.146918
224.8604,-0.146919
224.8777,-0.146919
224.8934,-0.14692
224.9096,-0.146923
224.9274,-0.146928
224.9438,-0.146933
224.9601,-0.146938
224.9764,-0.146947
224.9934,-0.146955
225.0104,-0.14696
225.0265,-0.146964
225.0434,-0.146967
225.06,-0.146969
225.0762,-0.14697
225.0936,-0.146973
225.1103,-0.146979
225.1263,-0.146985
225.1439,-0.14699
225.1597,-0.146996
225.1771,-0.147
225.1928,-0.147003
225.2095,-0.147009
225.2258,-0.147016
225.2424,-0.147025
225.2596,-0.147035
225.2759,-0.147046
225.2934,-0.147057
225.3096,-0.147067
225.3272,-0.147073
225.3434,-0.147078
225.3597,-0.147079
225.3759,-0.147081
225.392,-0.147083
225.4092,-0.147085
225.4266,-0.147091
225.4426,-0.147098
225.4592,-0.147107
225.4762,-0.147113
225.4927,-0.147122
225.5093,-0.147128
225.5256,-0.147134
225.5422,-0.147139
225.5585,-0.147143
225.5758,-0.147146
225.5922,-0.147149
225.6086,-0.147156
225.6256,-0.147164
225.6429,-0.147171
225.6596,-0.147176
225.6754,-0.147183
225.6931,-0.147188
225.7093,-0.147193
225.7254,-0.1472
225.7418,-0.147206
225.7586,-0.147213
225.7761,-0.147216
225.7924,-0.147222
225.8086,-0.147229
225.8255,-0.147235
225.8427,-0.147241
225.8585,-0.147245
225.8762,-0.147249
225.8926,-0.147252
225.9095,-0.147254
225.9256,-0.147256
225.942,-0.147259
225.9582,-0.147261
225.9754,-0.147263
225.9924,-0.147267
226.0083,-0.147271
226.025,-0.147275
226.0419,-0.147281
226.0582,-0.147287
226.0751,-0.147296
226.0919,-0.147303
226.1081,-0.147309
226.1247,-0.147314
226.1418,-0.147317
226.1588,-0.14732
226.175,-0.147322
226.1926,-0.147322
226.2081,-0.147323
226.2249,-0.147324
226.2423,-0.147329
226.2582,-0.147332
226.2743,-0.147339
226.2917,-0.147346
226.3088,-0.147353
226.325,-0.147357
226.3415,-0.147363
226.3585,-0.14737
226.3741,-0.147374
226.3915,-0.147376
226.4083,-0.14738
226.4247,-0.147384
226.4413,-0.147387
226.4586,-0.147392
226.4747,-0.147396
226.4925,-0.1474
226.508,-0.147404
226.5244,-0.147411
226.5408,-0.147418
226.5583,-0.147425
226.5747,-0.147431
226.5915,-0.147439
226.608,-0.147447
226.625,-0.147454
226.6415,-0.147461
226.6584,-0.147468
226.6753,-0.147472
226.6915,-0.147474
226.708,-0.147477
226.7254,-0.147481
226.7415,-0.147488
226.7583,-0.147494
226.775,-0.147499
226.7915,-0.147506
226.8075,-0.14751
226.8252,-0.147516
226.8407,-0.147521
226.8573,-0.147524
226.8755,-0.14753
226.8919,-0.147537
226.9093,-0.147543
226.9251,-0.147551
226.9419,-0.147558
226.9591,-0.147563
226.9751,-0.147569
226.9913,-0.147576
227.0087,-0.147583
227.0245,-0.147591
227.0414,-0.147596
227.0584,-0.147604
227.0748,-0.147612
227.0918,-0.147619
227.1079,-0.147627
227.1246,-0.147632
227.1413,-0.147636
227.1585,-0.147638
227.175,-0.147641
227.1919,-0.147647
227.2082,-0.147655
227.2251,-0.147663
227.242,-0.147672
227.2587,-0.147679
227.2757,-0.147686
227.2923,-0.147694
227.3087,-0.147702
227.3257,-0.147708
227.3414,-0.147713
227.359,-0.147718
227.3759,-0.147719
227.3928,-0.147721
227.4082,-0.147726
227.425,-0.14773
227.4417,-0.147732
227.4584,-0.147735
227.4757,-0.147739
227.4926,-0.147744
227.509,-0.14775
227.5259,-0.147753
227.542,-0.147759
227.5581,-0.147764
227.5753,-0.147769
227.5929,-0.147775
227.6085,-0.147783
227.6253,-0.147791
227.6424,-0.1478
227.6594,-0.147808
227.6752,-0.147813
227.6927,-0.147819
227.7095,-0.147824
227.7255,-0.147827
227.7419,-0.14783
227.7589,-0.147834
227.7758,-0.147837
227.7926,-0.147843
227.8087,-0.147848
227.8259,-0.147855
227.8426,-0.147863
227.8588,-0.147871
227.8759,-0.147879
227.8921,-0.147888
227.9089,-0.147897
227.9259,-0.147905
227.9429,-0.147914
227.9594,-0.147922
227.9766,-0.147929
227.9934,-0.147936
228.0098,-0.147942
228.0258,-0.147948
228.0428,-0.147954
228.0588,-0.147959
228.0762,-0.147965
228.0932,-0.147972
228.1098,-0.147979
228.127,-0.147987
228.1434,-0.147994
228.16,-0.148002
228.1764,-0.148008
228.1938,-0.148016
228.2097,-0.148024
228.2261,-0.148032
228.2438,-0.148041
228.2599,-0.148049
228.2767,-0.148055
228.2939,-0.148061
228.31,-0.148068
228.3266,-0.148073
228.3431,-0.148081
228.3601,-0.148087
228.3766,-0.148094
228.3935,-0.148103
228.4097,-0.148112
228.4266,-0.148119
228.4441,-0.148126
228.4605,-0.148133
228.4776,-0.148141
228.4931,-0.14815
228.5099,-0.148156
228.5265,-0.148163
228.5436,-0.14817
228.5602,-0.148175
228.5768,-0.14818
228.5937,-0.148185
228.6107,-0.148192
228.6266,-0.1482
228.6437,-0.14821
228.6608,-0.148222
228.6771,-0.148233
228.694,-0.148246
228.7107,-0.148256
228.7268,-0.148264
228.7433,-0.148273
228.7599,-0.148279
228.7775,-0.148285
228.7929,-0.148293
228.8105,-0.148301
228.8273,-0.148307
228.8438,-0.148316
228.8603,-0.148325
228.8767,-0.148337
228.8937,-0.148351
228.9108,-0.148361
228.9268,-0.148374
228.9437,-0.148383
228.9611,-0.148393
228.9772,-0.1484
228.994,-0.148409
229.0113,-0.148416
229.0274,-0.148423
229.0429,-0.148429
229.0603,-0.148437
229.077,-0.148446
229.0938,-0.148455
229.1102,-0.148467
229.1267,-0.148476
229.1442,-0.148484
229.1607,-0.148493
229.1773,-0.148504
229.194,-0.148515
229.2097,-0.148525
229.2271,-0.148533
229.2434,-0.148541
229.2612,-0.148548
229.2766,-0.148554
229.2932,-0.148563
229.31,-0.14857
229.3271,-0.148577
229.343,-0.148583
229.3603,-0.148593
229.3766,-0.1486
229.3935,-0.148607
229.41,-0.148611
229.4267,-0.148615
229.4438,-0.14862
229.4602,-0.148624
229.4766,-0.14863
229.4937,-0.148636
229.5099,-0.148644
229.527,-0.148654
229.5433,-0.148664
229.5604,-0.148676
229.5767,-0.148686
229.5937,-0.148696
229.6109,-0.148705
229.6277,-0.148713
229.6435,-0.14872
229.6608,-0.148726
229.6766,-0.148731
229.6941,-0.148735
229.7101,-0.14874
229.7279,-0.148744
229.7439,-0.14875
229.7602,-0.148755
229.7775,-0.148761
229.7946,-0.148767
229.811,-0.148771
229.8286,-0.148776
229.8445,-0.148781
229.8608,-0.148785
229.8775,-0.148788
229.8936,-0.148788
229.9108,-0.148788
229.9274,-0.14879
229.9446,-0.148794
229.961,-0.1488
229.9771,-0.148807
229.9944,-0.148813
230.0112,-0.14882
230.0278,-0.14883
230.0446,-0.148842
230.0613,-0.148852
230.0776,-0.148859
230.095,-0.148864
230.1111,-0.148865
230.1275,-0.14887
230.1441,-0.148874
230.1603,-0.148879
230.1781,-0.148887
230.1941,-0.148895
230.2117,-0.148901
230.2282,-0.148905
230.2445,-0.148912
230.2619,-0.148917
230.2786,-0.148922
230.2948,-0.148925
230.3118,-0.14893
230.3285,-0.148935
230.3449,-0.148941
230.3615,-0.14895
230.3781,-0.14896
230.3948,-0.14897
230.4114,-0.148978
230.4286,-0.148984
230.4453,-0.148991
230.4614,-0.148998
230.4781,-0.149004
230.4949,-0.14901
230.5118,-0.149015
230.528,-0.149017
230.5448,-0.149021
230.5624,-0.149027
230.5787,-0.149035
230.595,-0.149042
230.6115,-0.149049
230.6283,-0.149058
230.6452,-0.149068
230.6625,-0.14908
230.6788,-0.149091
230.6948,-0.149103
230.7121,-0.149114
230.7293,-0.149122
230.7465,-0.14913
230.7625,-0.149138
230.779,-0.149145
230.7958,-0.14915
230.8124,-0.149156
230.8292,-0.149161
230.8457,-0.149167
230.8625,-0.149174
230.8784,-0.14918
230.8961,-0.149187
230.9117,-0.149196
230.9285,-0.149208
230.945,-0.149219
230.9617,-0.14923
230.9785,-0.149237
230.9963,-0.149245
231.0125,-0.149253
231.0291,-0.149261
231.0451,-0.149269
231.062,-0.149279
231.0784,-0.149287
231.0962,-0.149295
231.1124,-0.149303
231.1289,-0.149311
231.146,-0.149318
231.1625,-0.149327
231.1792,-0.149338
231.1955,-0.149348
231.2124,-0.149359
231.2296,-0.14937
231.2464,-0.149382
231.2634,-0.149394
231.2796,-0.149403
231.2967,-0.149411
231.3133,-0.149419
231.3303,-0.149427
231.3462,-0.149434
231.3623,-0.149438
231.3801,-0.149444
231.3966,-0.149449
231.4133,-0.149455
231.4301,-0.149461
231.4464,-0.149466
231.4626,-0.149468
231.4796,-0.14947
231.4965,-0.149473
231.5131,-0.149476
231.5295,-0.149483
231.546,-0.14949
231.5633,-0.149496
231.5793,-0.149505
231.5964,-0.149515
231.614,-0.149526
231.6297,-0.149535
231.6455,-0.149543
231.6639,-0.14955
231.6807,-0.149556
231.6961,-0.149563
231.7142,-0.14957
231.7296,-0.149576
231.7473,-0.149582
231.7636,-0.149591
231.7803,-0.1496
231.7969,-0.149609
231.8134,-0.149618
231.8307,-0.149626
231.8476,-0.149634
231.8638,-0.149639
231.8808,-0.149643
231.8976,-0.149643
231.9141,-0.149645
231.9304,-0.149647
231.9476,-0.149651
231.9636,-0.149658
231.9809,-0.149667
231.9978,-0.149677
232.0138,-0.149687
232.0304,-0.149695
232.0474,-0.149704
232.0633,-0.149711
232.0809,-0.149718
232.0971,-0.149724
232.1138,-0.149729
232.131,-0.149734
232.1472,-0.14974
232.1641,-0.149747
232.1807,-0.149753
232.1974,-0.149761
232.2142,-0.149769
232.2317,-0.149777
232.2477,-0.149788
232.2639,-0.1498
232.2809,-0.149811
232.2974,-0.149821
232.315,-0.149829
232.3318,-0.149837
232.3482,-0.149845
232.365,-0.149849
232.382,-0.149853
232.3982,-0.149859
232.4142,-0.149864
232.4324,-0.149872
232.4482,-0.149883
232.4651,-0.149894
232.4818,-0.149906
232.4985,-0.149917
232.5157,-0.149926
232.5324,-0.149936
232.5491,-0.149941
232.5652,-0.149947
232.5811,-0.149953
232.5974,-0.149961
232.6151,-0.149969
232.6317,-0.149977
232.6482,-0.149987
232.665,-0.149998
232.6819,-0.150009
232.6979,-0.150019
232.7149,-0.150028
232.7313,-0.150035
232.7481,-0.150041
232.7649,-0.150045
232.7818,-0.15005
232.798,-0.150055
232.8155,-0.150062
232.8316,-0.150068
232.8482,-0.150075
232.8651,-0.150085
232.8816,-0.150094
232.8986,-0.150104
232.915,-0.150117
232.9319,-0.150126
232.9483,-0.150133
232.9656,-0.150141
232.9819,-0.150147
232.9986,-0.150156
233.0148,-0.150163
233.0319,-0.150169
233.0486,-0.150178
233.0651,-0.150186
233.0819,-0.150196
233.0983,-0.150207
233.1158,-0.150218
233.1318,-0.150225
233.1494,-0.150229
233.1655,-0.150234
233.1826,-0.150238
233.1992,-0.15024
233.2145,-0.150243
233.231,-0.150247
233.248,-0.150251
233.2659,-0.150256
233.2816,-0.150266
233.2986,-0.150278
233.3155,-0.15029
233.3317,-0.150298
233.3483,-0.150303
233.3653,-0.150308
233.3816,-0.150313
233.3985,-0.150317
233.415,-0.150324
233.4312,-0.150328
233.4485,-0.150331
233.4651,-0.150337
233.4821,-0.150345
233.4987,-0.150353
233.5146,-0.150359
233.5317,-0.150363
233.5488,-0.150369
233.5652,-0.150375
233.5814,-0.150384
233.5979,-0.150394
233.6151,-0.150401
233.6322,-0.150408
233.6483,-0.150414
233.6652,-0.150423
233.6811,-0.150433
233.6974,-0.15044
233.715,-0.150445
233.7326,-0.150452
233.7485,-0.150459
233.7652,-0.150467
233.7818,-0.150474
233.7984,-0.150479
233.8151,-0.150484
233.8321,-0.150489
233.8478,-0.150495
233.8647,-0.1505
233.8809,-0.150508
233.8984,-0.150517
233.9146,-0.150526
233.9317,-0.150534
233.9486,-0.15054
233.9644,-0.150547
233.9813,-0.150554
233.9977,-0.15056
234.0148,-0.150567
234.0308,-0.150576
234.0484,-0.150584
234.065,-0.15059
234.0812,-0.150597
234.0984,-0.150602
234.1151,-0.150607
234.1311,-0.15061
234.1483,-0.150614
234.165,-0.150618
234.1813,-0.150622
234.1985,-0.150627
234.2153,-0.150632
234.2315,-0.150637
234.248,-0.150642
234.2649,-0.150646
234.2814,-0.15065
234.298,-0.150656
234.315,-0.150662
234.3309,-0.150667
234.3481,-0.150672
234.3649,-0.150679
234.3807,-0.150686
234.3976,-0.150694
234.4141,-0.150701
234.4312,-0.150709
234.4486,-0.150717
234.4644,-0.150726
234.4817,-0.150731
234.4981,-0.150736
234.5157,-0.150742
234.5312,-0.150745
234.5481,-0.150749
234.5649,-0.150753
234.5811,-0.150758
234.5981,-0.150761
234.6142,-0.150767
234.6313,-0.150775
234.648,-0.150782
234.6645,-0.150789
234.6811,-0.150795
234.6978,-0.150802
234.7147,-0.150808
234.7307,-0.150815
234.7479,-0.150823
234.7651,-0.15083
234.7811,-0.150835
234.7976,-0.150841
234.815,-0.150848
234.8313,-0.150852
234.8481,-0.150854
234.8637,-0.150856
234.8814,-0.150858
234.898,-0.150862
234.914,-0.150863
234.9306,-0.150866
234.9476,-0.150869
234.9651,-0.150872
234.9813,-0.150875
234.9979,-0.150879
235.0144,-0.150884
235.0309,-0.150887
235.0479,-0.150889
235.0644,-0.150892
235.0809,-0.150896
235.0973,-0.150901
235.1142,-0.150906
235.1311,-0.150912
235.1474,-0.150919
235.1652,-0.150927
235.1815,-0.150934
235.1969,-0.150941
235.2144,-0.150946
235.2312,-0.150951
235.2479,-0.150954
235.2637,-0.150959
235.2816,-0.150963
235.2979,-0.150968
235.3145,-0.150974
235.3311,-0.15098
235.3479,-0.150985
235.3643,-0.150989
235.3809,-0.150992
235.3984,-0.150994
235.4153,-0.150998
235.4322,-0.151004
235.4474,-0.151007
235.4646,-0.151011
235.4813,-0.151012
235.498,-0.151015
235.5148,-0.151018
235.5314,-0.151023
235.5487,-0.151028
235.565,-0.151034
235.5818,-0.151039
235.598,-0.151044
235.6151,-0.151048
235.6318,-0.151051
235.6493,-0.151056
235.6657,-0.151061
235.6816,-0.151064
235.6982,-0.151066
235.7155,-0.151072
235.7327,-0.151078
235.7487,-0.151085
235.7647,-0.151092
235.7822,-0.151098
235.7992,-0.151104
235.8146,-0.151109
235.8322,-0.151116
235.8482,-0.151121
235.8655,-0.151125
235.882,-0.151127
235.8985,-0.151132
235.9153,-0.151137
235.9315,-0.151144
235.9485,-0.151152
235.965,-0.151164
235.983,-0.151173
235.9989,-0.151182
236.0158,-0.151191
236.0325,-0.1512
236.0492,-0.151208
236.0655,-0.151217
236.0818,-0.151226
236.0989,-0.151231
236.1158,-0.151235
236.1324,-0.15124
236.1487,-0.151245
236.1654,-0.151249
236.1826,-0.151254
236.1984,-0.15126
236.2161,-0.151266
236.2328,-0.151271
236.2484,-0.151279
236.2656,-0.151287
236.2824,-0.151298
236.2991,-0.151309
236.3157,-0.15132
236.3332,-0.15133
236.3495,-0.151338
236.3665,-0.151347
236.383,-0.151354
236.399,-0.15136
236.4153,-0.151366
236.4324,-0.151373
236.4492,-0.15138
236.4664,-0.151387
236.4825,-0.151394
236.4992,-0.151404
236.5157,-0.151413
236.5322,-0.151421
236.5497,-0.151428
236.5656,-0.151435
236.5824,-0.151442
236.5988,-0.151453
236.6154,-0.151465
236.632,-0.151477
236.6481,-0.151488
236.6658,-0.151497
236.6822,-0.151506
236.6992,-0.151515
236.7149,-0.151524
236.7313,-0.151532
236.7483,-0.15154
236.7648,-0.151548
236.781,-0.151558
236.7981,-0.151569
236.8155,-0.151578
236.8317,-0.151584
236.8487,-0.151591
236.8649,-0.151597
236.8813,-0.151603
236.8976,-0.151608
236.9147,-0.151614
236.9311,-0.151621
236.9479,-0.15163
236.9645,-0.151639
236.9802,-0.151649
236.998,-0.151658
237.0145,-0.151667
237.0308,-0.151676
237.0485,-0.151684
237.0646,-0.151691
237.0803,-0.151697
237.0979,-0.151704
237.1145,-0.151712
237.131,-0.151719
237.1471,-0.151725
237.1644,-0.151731
237.1819,-0.151736
237.1982,-0.151741
237.214,-0.151744
237.2303,-0.151746
237.2471,-0.15175
237.2634,-0.151753
237.2805,-0.151757
237.2976,-0.151762
237.3136,-0.151765
237.3309,-0.151769
237.3475,-0.151774
237.3646,-0.151778
237.3805,-0.15178
237.3974,-0.151785
237.414,-0.15179
237.4305,-0.151797
237.4471,-0.151805
237.4641,-0.151811
237.4806,-0.151817
237.498,-0.151822
237.5152,-0.151826
237.5308,-0.151831
237.5467,-0.151834
237.5641,-0.151834
237.5815,-0.151837
237.598,-0.151841
237.6146,-0.151844
237.6298,-0.151848
237.6471,-0.15185
237.6647,-0.151852
237.681,-0.151857
237.6979,-0.151864
237.7144,-0.151873
237.731,-0.151879
237.748,-0.151884
237.7646,-0.15189
237.7817,-0.151898
237.7978,-0.151905
237.8141,-0.151912
237.8316,-0.151919
237.8481,-0.151927
237.8653,-0.151933
237.8812,-0.15194
237.8984,-0.151943
237.9148,-0.151944
237.9317,-0.151947
237.9478,-0.151951
237.9646,-0.151954
237.9805,-0.151961
237.9981,-0.151968
238.0153,-0.151974
238.0312,-0.151982
238.0481,-0.15199
238.0649,-0.151995
238.0818,-0.151999
238.0977,-0.152
238.1151,-0.152001
238.1313,-0.152002
238.1479,-0.152003
238.1649,-0.152006
238.1818,-0.152011
238.1979,-0.152013
238.2146,-0.152016
238.2312,-0.152019
238.2477,-0.152025
238.2652,-0.152029
238.2807,-0.152035
238.2983,-0.152043
238.3144,-0.152052
238.3317,-0.152063
238.3482,-0.152073
238.365,-0.152084
238.3817,-0.152092
238.3986,-0.152101
238.4145,-0.15211
238.4323,-0.152121
238.4489,-0.152129
238.4648,-0.152138
238.482,-0.152144
238.4989,-0.15215
238.5153,-0.152155
238.5316,-0.15216
238.5483,-0.152165
238.5649,-0.15217
238.5816,-0.152176
238.599,-0.152182
238.6145,-0.15219
238.6313,-0.1522
238.6485,-0.152207
238.6656,-0.152213
238.6818,-0.152218
238.6986,-0.152224
238.7152,-0.152229
238.7315,-0.152235
238.7483,-0.152239
238.7654,-0.152245
238.7822,-0.15225
238.7985,-0.152256
238.8149,-0.152265
238.8315,-0.152273
238.8489,-0.152281
238.8654,-0.152289
238.8809,-0.1523
238.8988,-0.152309
238.9152,-0.152318
238.9312,-0.152326
238.9485,-0.152333
238.9646,-0.152343
238.9811,-0.15235
238.9976,-0.152359
239.0142,-0.152365
239.0313,-0.15237
239.0481,-0.152375
239.0648,-0.152379
239.0811,-0.152385
239.0979,-0.152389
239.1147,-0.152394
239.1311,-0.1524
239.148,-0.152408
239.1654,-0.152416
239.1812,-0.152425
239.1975,-0.152434
239.2148,-0.152441
239.2317,-0.152448
239.2482,-0.152458
239.2644,-0.152468
239.2813,-0.152477
239.2972,-0.152487
239.3153,-0.152497
239.3321,-0.152506
239.3481,-0.152514
239.3648,-0.15252
239.3818,-0.152527
239.3987,-0.152533
239.4154,-0.152541
239.4311,-0.152546
239.4479,-0.15255
239.4656,-0.152554
239.4817,-0.152559
239.499,-0.152563
239.5144,-0.152566
239.532,-0.15257
239.5481,-0.152575
239.5655,-0.152582
239.5813,-0.15259
239.5986,-0.152598
239.6154,-0.152606
239.6314,-0.152613
239.6492,-0.152618
239.665,-0.152622
239.6811,-0.152626
239.698,-0.152632
239.715,-0.15264
239.7312,-0.152648
239.7484,-0.152657
239.7649,-0.152666
239.7823,-0.152673
239.7985,-0.15268
239.8151,-0.152689
239.8318,-0.152694
239.8484,-0.152698
239.8654,-0.152701
239.8814,-0.152706
239.8982,-0.152712
239.9148,-0.152717
239.9319,-0.15272
239.9486,-0.152725
239.9643,-0.152731
239.9818,-0.152738
239.9986,-0.152743
240.0146,-0.152747
240.0315,-0.152751
240.0484,-0.152758
240.0642,-0.152766
240.0808,-0.152773
240.0981,-0.152781
240.1143,-0.152786
240.1318,-0.15279
240.1483,-0.152794
240.1647,-0.152797
240.1819,-0.1528
240.1979,-0.152803
240.2147,-0.152804
240.2319,-0.152808
240.2478,-0.152814
240.2646,-0.15282
240.2816,-0.152827
240.2985,-0.152834
240.315,-0.152841
240.3313,-0.15285
240.348,-0.152858
240.3651,-0.152865
240.3815,-0.152874
240.3982,-0.152886
240.4154,-0.152899
240.4317,-0.152911
240.4486,-0.152921
240.4652,-0.152928
240.4818,-0.152936
240.4985,-0.152943
240.5155,-0.15295
240.5315,-0.152958
240.5474,-0.152968
240.5647,-0.152978
240.582,-0.152986
240.5985,-0.152995
240.6149,-0.153003
240.6313,-0.153012
240.6485,-0.153019
240.6649,-0.153025
240.6824,-0.153033
240.6981,-0.153041
240.7151,-0.153053
240.7316,-0.153063
240.748,-0.153076
240.764,-0.153087
240.7813,-0.153098
240.7983,-0.153108
240.8142,-0.153117
240.8309,-0.153127
240.8474,-0.153137
240.8643,-0.153146
240.8809,-0.153157
240.8971,-0.153166
240.9146,-0.153172
240.9303,-0.153177
240.9479,-0.153181
240.9637,-0.153188
240.9813,-0.153196
240.9975,-0.153203
241.0145,-0.153211
241.031,-0.153222
241.0474,-0.153236
241.0638,-0.153251
241.08,-0.153264
241.098,-0.153274
241.1145,-0.153281
241.1309,-0.153289
241.1478,-0.153294
241.1636,-0.153299
241.1801,-0.153303
241.1977,-0.153307
241.2143,-0.153311
241.2306,-0.153318
241.2473,-0.15333
241.2635,-0.153342
241.2809,-0.153354
241.2973,-0.153366
241.3135,-0.153376
241.3318,-0.153383
241.348,-0.15339
241.364,-0.153397
241.3804,-0.1534
241.3974,-0.153401
241.4144,-0.153403
241.4302,-0.153408
241.4478,-0.153414
241.4632,-0.15342
241.4807,-0.153426
241.497,-0.153431
241.5142,-0.153438
241.5296,-0.153445
241.5472,-0.153451
241.5632,-0.153456
241.5799,-0.153461
241.5967,-0.153468
241.6133,-0.153472
241.63,-0.153477
241.6466,-0.153482
241.663,-0.153485
241.6803,-0.153488
241.6963,-0.153492
241.7128,-0.153496
241.7296,-0.153499
241.7462,-0.153506
241.7635,-0.153512
241.7795,-0.15352
241.7956,-0.153527
241.8135,-0.153537
241.83,-0.153547
241.8462,-0.153557
241.8628,-0.153565
241.8792,-0.153572
241.8963,-0.153578
241.9137,-0.153582
241.9301,-0.153586
241.945,-0.153588
241.963,-0.153588
241.9794,-0.153585
241.9964,-0.153587
242.0128,-0.153592
242.029,-0.153595
242.0463,-0.153599
242.0631,-0.153605
242.0801,-0.153612
242.0961,-0.153621
242.113,-0.153627
242.1298,-0.153631
242.1465,-0.153635
242.164,-0.153638
242.1796,-0.153642
242.1962,-0.153646
242.213,-0.15365
242.2297,-0.153652
242.2455,-0.153654
242.2625,-0.153659
242.2794,-0.153664
242.2961,-0.153667
242.3122,-0.153669
242.3294,-0.153675
242.3466,-0.15368
242.3631,-0.153686
242.3791,-0.15369
242.3964,-0.153696
242.4126,-0.153699
242.4293,-0.153702
242.4462,-0.153706
242.4625,-0.153712
242.4791,-0.153718
242.4955,-0.153724
242.5131,-0.153731
242.5292,-0.153737
242.5461,-0.153744
242.5625,-0.153751
242.5793,-0.153757
242.596,-0.153762
242.613,-0.153769
242.6294,-0.153775
242.6458,-0.15378
242.6622,-0.153785
242.6794,-0.153791
242.6962,-0.153794
242.7127,-0.153799
242.7293,-0.153804
242.7464,-0.153811
242.7629,-0.153816
242.7791,-0.153821
242.7963,-0.153825
242.813,-0.153825
242.8298,-0.153826
242.8465,-0.153827
242.8633,-0.153829
242.8792,-0.153832
242.896,-0.153839
242.9123,-0.153848
242.9296,-0.153857
242.9461,-0.153866
242.9628,-0.153876
242.98,-0.153884
242.9969,-0.153891
243.013,-0.153895
243.0294,-0.153899
243.0466,-0.153901
243.0632,-0.153904
243.0798,-0.153908
243.0963,-0.153911
243.1133,-0.153915
243.13,-0.153916
243.1472,-0.153919
243.1636,-0.153921
243.1803,-0.153923
243.1965,-0.153927
243.2138,-0.15393
243.2303,-0.153934
243.2464,-0.15394
243.2636,-0.153949
243.2803,-0.15396
243.2969,-0.153971
243.3137,-0.153982
243.33,-0.153991
243.347,-0.154001
243.3633,-0.154011
243.3807,-0.154018
243.397,-0.154027
243.4134,-0.154034
243.4312,-0.15404
243.4469,-0.154045
243.4637,-0.154051
243.4806,-0.154057
243.4979,-0.154065
243.5141,-0.154073
243.5312,-0.154083
243.5468,-0.15409
243.5639,-0.154098
243.5817,-0.154105
243.5972,-0.154116
243.6139,-0.154125
243.6304,-0.154131
243.648,-0.154134
243.6645,-0.154138
243.6815,-0.154145
243.6979,-0.154151
243.7134,-0.154157
243.7307,-0.154163
243.7478,-0.15417
243.7642,-0.154178
243.7803,-0.154188
243.7975,-0.154199
243.8141,-0.154207
243.8311,-0.154214
243.8478,-0.154223
243.8645,-0.154231
243.8811,-0.15424
243.8974,-0.154248
243.9142,-0.154257
243.9314,-0.154266
243.9477,-0.154276
243.9649,-0.154288
243.9803,-0.154299
243.9985,-0.154307
244.0157,-0.154314
244.0315,-0.154323
244.0484,-0.15433
244.0653,-0.154339
244.0819,-0.154349
244.098,-0.154359
244.1147,-0.154372
244.1315,-0.154385
244.1484,-0.154396
244.1653,-0.154407
244.1808,-0.154418
244.1981,-0.154427
244.2149,-0.154435
244.2312,-0.154442
244.2478,-0.15445
244.2646,-0.154456
244.2807,-0.154465
244.2988,-0.154476
244.315,-0.154488
244.3311,-0.154498
244.3484,-0.154509
244.3654,-0.154519
244.3819,-0.154529
244.3989,-0.15454
244.4147,-0.154553
244.4316,-0.154563
244.4487,-0.154572
244.4655,-0.15458
244.4819,-0.154589
244.4991,-0.154599
244.515,-0.154608
244.5317,-0.154616
244.5481,-0.154622
244.5649,-0.154628
244.5819,-0.154637
244.5987,-0.154646
244.6151,-0.154654
244.6309,-0.154662
244.6479,-0.154671
244.6653,-0.154682
244.6816,-0.154691
244.6973,-0.154699
244.7148,-0.15471
244.7312,-0.15472
244.7477,-0.154728
244.7654,-0.154737
244.7813,-0.154748
244.7984,-0.154757
244.8141,-0.154767
244.8318,-0.154778
244.8476,-0.15479
244.8644,-0.154802
244.8817,-0.154812
244.8982,-0.154824
244.9146,-0.154834
244.9317,-0.154842
244.9477,-0.154847
244.9656,-0.154852
244.9812,-0.154858
244.9989,-0.154863
245.0148,-0.15487
245.0318,-0.154878
245.0486,-0.154886
245.0649,-0.154898
245.0817,-0.154908
245.0983,-0.154919
245.1148,-0.154928
245.1315,-0.154937
245.1482,-0.154945
245.1652,-0.154952
245.1815,-0.154956
245.1986,-0.154963
245.2152,-0.15497
245.2313,-0.154977
245.248,-0.154988
245.2647,-0.154999
245.2816,-0.155009
245.2984,-0.155017
245.3144,-0.155028
245.3313,-0.155039
245.3474,-0.155049
245.3648,-0.155056
245.3809,-0.155065
245.3984,-0.155071
245.4144,-0.155076
245.4308,-0.155082
245.4478,-0.155088
245.4644,-0.155092
245.4813,-0.155096
245.4982,-0.155103
245.5144,-0.15511
245.5307,-0.155117
245.5476,-0.155123
245.5641,-0.155129
245.5808,-0.155138
245.5966,-0.155149
245.6144,-0.155158
245.6311,-0.155169
245.6474,-0.155179
245.6644,-0.155191
245.682,-0.155203
245.6985,-0.155215
245.7145,-0.155226
245.7311,-0.155234
245.7479,-0.155242
245.7644,-0.15525
245.7813,-0.155261
245.7983,-0.155271
245.8149,-0.155278
245.8312,-0.155285
245.849,-0.155292
245.8654,-0.155297
245.881,-0.155303
245.8983,-0.155309
245.9154,-0.155309
245.9317,-0.15531
245.9477,-0.155312
245.9651,-0.155314
245.9811,-0.155318
245.9975,-0.15532
246.0147,-0.155323
246.0313,-0.155327
246.0471,-0.155331
246.0641,-0.155336
246.082,-0.155343
246.0977,-0.15535
246.1144,-0.155357
246.1311,-0.155363
246.148,-0.155367
246.1655,-0.155373
246.1814,-0.155382
246.1983,-0.155391
246.2151,-0.155399
246.2311,-0.155407
246.2478,-0.155413
246.2654,-0.155419
246.2816,-0.155426
246.2981,-0.155432
246.3146,-0.155438
246.332,-0.155442
246.3479,-0.155446
246.3655,-0.155449
246.3816,-0.155454
246.3986,-0.155458
246.4157,-0.155463
246.4322,-0.155467
246.4477,-0.155472
246.4659,-0.155479
246.4825,-0.155487
246.4984,-0.155495
246.515,-0.155501
246.5326,-0.155509
246.5493,-0.155514
246.5657,-0.155519
246.5826,-0.155525
246.5992,-0.15553
246.6161,-0.155535
246.6322,-0.15554
246.6494,-0.155546
246.6665,-0.155553
246.6823,-0.155559
246.6997,-0.155564
246.7155,-0.15557
246.7319,-0.155574
246.7495,-0.155578
246.7657,-0.155587
246.7821,-0.155596
246.7993,-0.155607
246.8157,-0.155616
246.8328,-0.155626
246.8499,-0.155638
246.8657,-0.155647
246.8828,-0.155655
246.8998,-0.155663
246.9168,-0.155669
246.9334,-0.155674
246.9493,-0.15568
246.9659,-0.155687
246.9834,-0.155695
246.9999,-0.155704
247.0164,-0.155713
247.0334,-0.155722
247.0498,-0.155731
247.0664,-0.155742
247.0834,-0.155753
247.1001,-0.155764
247.1166,-0.155775
247.1334,-0.155786
247.15,-0.155797
247.1668,-0.155806
247.1833,-0.155817
247.2,-0.155829
247.2172,-0.155841
247.2332,-0.155852
247.25,-0.155859
247.2673,-0.155867
247.2836,-0.155873
247.3005,-0.155879
247.3166,-0.155887
247.3331,-0.155895
247.35,-0.155902
247.3669,-0.15591
247.3835,-0.15592
247.3998,-0.155929
247.4167,-0.155941
247.4329,-0.155953
247.4498,-0.155961
247.4667,-0.155971
247.4827,-0.155979
247.4994,-0.155987
247.516,-0.155996
247.5332,-0.156008
247.55,-0.15602
247.5662,-0.156031
247.5834,-0.156043
247.6002,-0.156055
247.6171,-0.156065
247.6329,-0.156074
247.6503,-0.156084
247.6671,-0.156092
247.6828,-0.156098
247.7003,-0.156104
247.7164,-0.156111
247.7334,-0.156118
247.7497,-0.156127
247.7663,-0.156137
247.783,-0.156146
247.7997,-0.156156
247.8168,-0.156165
247.8336,-0.156175
247.8498,-0.156185
247.8669,-0.156195
247.8839,-0.156205
247.8999,-0.156213
247.9168,-0.156221
247.9335,-0.156226
247.9501,-0.15623
247.9672,-0.156233
247.9829,-0.156239
247.9998,-0.156245
248.0162,-0.156251
248.0328,-0.156259
248.0499,-0.156267
248.0662,-0.156275
248.0837,-0.156281
248.0999,-0.156288
248.1163,-0.156295
248.1331,-0.1563
248.1495,-0.156305
248.1665,-0.156311
248.1833,-0.156319
248.2001,-0.156327
248.2165,-0.156337
248.2333,-0.156348
248.2503,-0.156355
248.2666,-0.156362
248.2832,-0.156371
248.3001,-0.156378
248.3172,-0.156384
248.3337,-0.156388
248.3495,-0.156392
248.3672,-0.156398
248.3837,-0.156403
248.3996,-0.156409
248.4168,-0.156417
248.4336,-0.156425
248.4501,-0.156434
248.4662,-0.156444
248.4836,-0.156454
248.4998,-0.156462
248.5159,-0.156468
248.5341,-0.156475
248.5507,-0.156481
248.5672,-0.156486
248.5833,-0.156493
248.6001,-0.156499
248.6166,-0.156504
248.633,-0.156509
248.6496,-0.156513
248.6671,-0.156517
248.6837,-0.156521
248.6999,-0.156524
248.7172,-0.156528
248.7339,-0.156532
248.7505,-0.156536
248.7668,-0.156541
248.7832,-0.156544
248.8007,-0.156546
248.8169,-0.15655
248.8347,-0.156554
248.8506,-0.15656
248.8664,-0.156566
248.8837,-0.15657
248.9004,-0.156578
248.9168,-0.156586
248.9339,-0.156597
248.9504,-0.15661
248.9665,-0.156619
248.9838,-0.156627
249.0011,-0.156633
249.0176,-0.15664
249.0343,-0.156649
249.0503,-0.156657
249.0667,-0.156662
249.0844,-0.156666
249.1009,-0.156669
249.1174,-0.156673
249.1343,-0.156678
249.1508,-0.156686
249.1679,-0.156693
249.1846,-0.1567
249.2011,-0.156708
249.2172,-0.156714
249.2347,-0.156723
249.251,-0.156733
249.2677,-0.156741
249.2843,-0.156747
249.3006,-0.156751
249.3173,-0.156753
249.3344,-0.156756
249.3507,-0.156763
249.3676,-0.15677
249.3839,-0.156778
249.4001,-0.156787
249.4181,-0.156795
249.434,-0.156805
249.4509,-0.156813
249.468,-0.156822
249.4845,-0.15683
249.5005,-0.156838
249.5172,-0.156843
249.5346,-0.156852
249.5507,-0.15686
249.567,-0.156866
249.5841,-0.156874
249.6009,-0.15688
249.618,-0.156887
249.6342,-0.156893
249.6513,-0.156896
249.6668,-0.156902
249.6849,-0.156909
249.7013,-0.156918
249.7174,-0.156928
249.7343,-0.156939
249.7514,-0.156948
249.7675,-0.156956
249.7845,-0.156963
249.8014,-0.156968
249.8179,-0.156972
249.8345,-0.156978
249.851,-0.156982
249.8674,-0.156988
249.8845,-0.156993
249.9015,-0.157002
249.9179,-0.157013
249.9344,-0.15702
249.9512,-0.157028
249.968,-0.157038
249.9848,-0.157049
250.0016,-0.15706
250.0173,-0.15707
250.0339,-0.157075
250.0506,-0.157081
250.0674,-0.157085
250.0839,-0.157092
250.1015,-0.157099
250.1171,-0.157105
250.1349,-0.157113
250.1514,-0.157121
250.1678,-0.15713
250.1841,-0.157138
250.2011,-0.157148
250.2181,-0.157155
250.2337,-0.157163
250.2509,-0.15717
250.2671,-0.157176
250.284,-0.157181
250.3009,-0.157185
250.3175,-0.157192
250.3341,-0.1572
250.3506,-0.157207
250.3674,-0.157214
250.3845,-0.15722
250.4008,-0.157228
250.4174,-0.157235
250.4342,-0.157242
250.4512,-0.157247
250.4673,-0.15725
250.4852,-0.157251
250.5013,-0.157252
250.5176,-0.157254
250.5341,-0.157258
250.5505,-0.157262
250.5669,-0.157266
250.5836,-0.157273
250.6005,-0.15728
250.6172,-0.157289
250.6345,-0.157296
250.6508,-0.157303
250.6679,-0.157309
250.6837,-0.157318
250.7005,-0.157327
250.7174,-0.157336
250.7337,-0.157346
250.7506,-0.157357
250.7681,-0.157367
250.7844,-0.157376
250.8016,-0.157383
250.8176,-0.157387
250.8354,-0.15739
250.8505,-0.157394
250.8678,-0.157397
250.8846,-0.157401
250.9014,-0.157403
250.9172,-0.157407
250.9352,-0.157414
250.9511,-0.157419
250.9676,-0.157425
250.9837,-0.157429
251.0012,-0.157434
251.0182,-0.157438
251.0335,-0.157442
251.052,-0.157446
251.0681,-0.15745
251.0845,-0.157456
251.1006,-0.157461
251.118,-0.157466
251.1342,-0.157472
251.1505,-0.157478
251.1673,-0.157484
251.1842,-0.157491
251.201,-0.157497
251.2177,-0.157504
251.2344,-0.157512
251.2507,-0.157521
251.2681,-0.15753
251.2843,-0.15754
251.3012,-0.157547
251.3179,-0.157555
251.3345,-0.15756
251.3505,-0.157564
251.3681,-0.15757
251.384,-0.157577
251.4014,-0.157587
251.4172,-0.157597
251.4342,-0.157607
251.4512,-0.157617
251.4681,-0.157629
251.4844,-0.157642
251.5016,-0.157656
251.5184,-0.157667
251.5352,-0.157675
251.5516,-0.15768
251.5687,-0.157683
251.5844,-0.157687
251.6011,-0.157692
251.6183,-0.157698
251.6349,-0.157703
251.651,-0.157708
251.6682,-0.157717
251.6844,-0.157726
251.7012,-0.157738
251.7173,-0.157751
251.7343,-0.157762
251.7519,-0.15777
251.7678,-0.157779
251.7845,-0.157786
251.801,-0.157793
251.818,-0.157802
251.8352,-0.157807
251.851,-0.157814
251.8674,-0.15782
251.8847,-0.157827
251.9009,-0.157833
251.9174,-0.157839
251.9346,-0.157847
251.9505,-0.157855
251.9682,-0.157863
251.9846,-0.15787
252.0014,-0.157876
252.0177,-0.157883
252.035,-0.157887
252.051,-0.157891
252.0677,-0.157894
252.0849,-0.157897
252.1012,-0.157902
252.1176,-0.157907
252.1346,-0.157914
252.1509,-0.157922
252.1683,-0.15793
252.1845,-0.157937
252.2017,-0.157943
252.2173,-0.157946
252.2356,-0.157953
252.2513,-0.157959
252.2681,-0.157967
252.2847,-0.157975
252.3015,-0.157983
252.3178,-0.157992
252.3349,-0.158001
252.3511,-0.15801
252.3687,-0.158018
252.3844,-0.158023
252.4011,-0.158029
252.4181,-0.158035
252.4349,-0.158041
252.451,-0.158044
252.4681,-0.158047
252.485,-0.158049
252.5018,-0.158051
252.5184,-0.158054
252.5343,-0.158058
252.5511,-0.158065
252.5679,-0.15807
252.5844,-0.158077
252.6012,-0.158086
252.6183,-0.158096
252.6358,-0.158104
252.6516,-0.15811
252.6682,-0.158116
252.6849,-0.158122
252.7016,-0.158125
252.7186,-0.158126
252.7346,-0.158129
252.7522,-0.158131
252.7678,-0.158135
252.7842,-0.15814
252.8013,-0.158146
252.8184,-0.158154
252.8352,-0.15816
252.8524,-0.158167
252.8689,-0.158174
252.8854,-0.158181
252.9021,-0.158185
252.9182,-0.15819
252.9354,-0.158195
252.9528,-0.158201
252.9689,-0.158205
252.9852,-0.15821
253.0031,-0.158213
253.0189,-0.158215
253.0352,-0.158218
253.0518,-0.158224
253.0683,-0.158231
253.0856,-0.158236
253.1021,-0.158242
253.119,-0.158247
253.1358,-0.158254
253.152,-0.158261
253.1689,-0.15827
253.1858,-0.15828
253.202,-0.158291
253.2191,-0.158302
253.2356,-0.158312
253.252,-0.158321
253.2691,-0.158331
253.2855,-0.15834
253.3027,-0.158349
253.3188,-0.158357
253.3362,-0.158365
253.3528,-0.158373
253.3699,-0.158382
253.3859,-0.158391
253.4028,-0.1584
253.4193,-0.158408
253.4366,-0.158414
253.4522,-0.158422
253.4699,-0.15843
253.4854,-0.158438
253.5029,-0.158447
253.519,-0.158454
253.5361,-0.158464
253.5525,-0.158475
253.5689,-0.158486
253.5859,-0.158496
253.6022,-0.158505
253.6187,-0.15851
253.6353,-0.158516
253.6521,-0.158523
253.6699,-0.158532
253.6862,-0.15854
253.7023,-0.158551
253.7189,-0.158563
253.7352,-0.158578
253.7524,-0.158591
253.7685,-0.158602
253.786,-0.158615
253.8027,-0.158625
253.8194,-0.158635
253.8356,-0.158645
253.8519,-0.158654
253.8689,-0.158661
253.8855,-0.158669
253.9021,-0.158676
253.9195,-0.158682
253.9358,-0.158691
253.9518,-0.158696
253.9687,-0.1587
253.9848,-0.158708
254.003,-0.158715
254.0197,-0.158723
254.0353,-0.158734
254.0524,-0.158746
254.0682,-0.158756
254.086,-0.158767
254.1022,-0.158777
254.1193,-0.158784
254.1358,-0.158791
254.1518,-0.158797
254.1689,-0.158803
254.1855,-0.158807
254.2016,-0.158812
254.2183,-0.158818
254.2349,-0.158826
254.2527,-0.158832
254.2688,-0.158839
254.2857,-0.158848
254.3019,-0.158856
254.3196,-0.158864
254.3349,-0.158869
254.3527,-0.158875
254.3677,-0.158881
254.3857,-0.158887
254.4024,-0.158895
254.4184,-0.158905
254.436,-0.15891
254.4525,-0.158918
254.4691,-0.158925
254.4863,-0.158932
254.503,-0.158938
254.519,-0.158942
254.5357,-0.158944
254.5523,-0.158945
254.5687,-0.158948
254.5854,-0.158951
254.6022,-0.158957
254.6193,-0.158961
254.6354,-0.158967
254.6529,-0.158973
254.6687,-0.158979
254.6856,-0.158984
254.7027,-0.158989
254.7189,-0.158993
254.7346,-0.159001
254.7521,-0.159008
254.7688,-0.159014
254.7856,-0.159021
254.8021,-0.15903
254.8191,-0.159039
254.8359,-0.159047
254.853,-0.159054
254.8694,-0.159061
254.8867,-0.159067
254.9031,-0.159073
254.9194,-0.159078
254.9358,-0.15908
254.9525,-0.159084
254.969,-0.159088
254.9863,-0.159094
255.0028,-0.159097
255.0199,-0.159103
255.036,-0.159109
255.0525,-0.159113
255.0695,-0.15912
255.086,-0.159127
255.1031,-0.159132
255.1199,-0.159139
255.1362,-0.159146
255.1529,-0.159154
255.1698,-0.15916
255.1862,-0.159168
255.2035,-0.159176
255.2196,-0.159185
255.2355,-0.159196
255.2534,-0.159205
255.27,-0.159212
255.2865,-0.15922
255.3035,-0.159227
255.3198,-0.159235
255.337,-0.15924
255.3532,-0.159246
255.37,-0.159253
255.3868,-0.159259
255.4034,-0.159266
255.4196,-0.159276
255.4366,-0.159285
255.4528,-0.159294
255.4698,-0.159304
255.4864,-0.159313
255.5033,-0.159322
255.5194,-0.15933
255.5367,-0.159337
255.5531,-0.159343
255.57,-0.159348
255.5862,-0.159356
255.6028,-0.159365
255.6199,-0.159375
255.6371,-0.159383
255.6533,-0.159389
255.671,-0.159397
255.6872,-0.159404
255.7034,-0.159413
255.7199,-0.159422
255.7366,-0.159431
255.754,-0.15944
255.7701,-0.159451
255.7873,-0.159463
255.8034,-0.159478
255.8203,-0.15949
255.8378,-0.159498
255.8539,-0.159506
255.8705,-0.159513
255.887,-0.159518
255.9038,-0.159524
255.9208,-0.159529
255.937,-0.159533
255.9543,-0.159538
255.9698,-0.159544
255.9875,-0.159548
256.0042,-0.159554
256.0201,-0.15956
256.0369,-0.159568
256.0533,-0.159579
256.0707,-0.15959
256.0863,-0.159602
256.104,-0.159615
256.1206,-0.159628
256.1378,-0.159639
256.1537,-0.15965
256.1713,-0.159659
256.1877,-0.159665
256.2038,-0.15967
256.2211,-0.159678
256.2379,-0.159687
256.2549,-0.159694
256.2706,-0.159704
256.2881,-0.159714
256.3043,-0.159725
256.321,-0.159736
256.3378,-0.159749
256.3548,-0.15976
256.3713,-0.159772
256.3882,-0.159783
256.4049,-0.159791
256.4211,-0.159799
256.4379,-0.159805
256.4541,-0.159812
256.4704,-0.159817
256.4877,-0.159823
256.5047,-0.15983
256.5217,-0.159836
256.5378,-0.159844
256.5549,-0.159852
256.5715,-0.15986
256.5887,-0.159868
256.6045,-0.159875
256.6206,-0.159884
256.6377,-0.159892
256.6548,-0.159899
256.6711,-0.159907
256.687,-0.159917
256.7045,-0.159928
256.7221,-0.159939
256.7386,-0.159947
256.7548,-0.159957
256.7718,-0.159968
256.7885,-0.159979
256.8043,-0.15999
256.821,-0.160001
256.8386,-0.160012
256.8549,-0.16002
256.871,-0.160028
256.8885,-0.160035
256.9051,-0.160044
256.9213,-0.16005
256.9377,-0.160057
256.9544,-0.160064
256.9711,-0.160069
256.9881,-0.160075
257.005,-0.160081
257.0218,-0.160088
257.0379,-0.160096
257.0544,-0.160104
257.072,-0.160112
257.0883,-0.160123
257.1045,-0.160134
257.1217,-0.160144
257.1386,-0.160154
257.155,-0.160164
257.1724,-0.160173
257.1892,-0.160181
257.2055,-0.160186
257.2219,-0.160193
257.2386,-0.160199
257.2555,-0.160206
257.2719,-0.160213
257.288,-0.160218
257.3047,-0.160223
257.3224,-0.160225
257.3391,-0.160227
257.3555,-0.160229
257.3719,-0.160231
257.3889,-0.160235
257.4048,-0.160239
257.4218,-0.160244
257.4383,-0.160252
257.4547,-0.16026
257.4719,-0.160272
257.4883,-0.160281
257.505,-0.16029
257.5227,-0.160299
257.5392,-0.160308
257.5554,-0.160317
257.572,-0.160326
257.5888,-0.160333
257.6056,-0.16034
257.6221,-0.160348
257.639,-0.160355
257.6557,-0.160361
257.6719,-0.160367
257.6896,-0.160371
257.7057,-0.160377
257.7229,-0.160385
257.7393,-0.160393
257.7557,-0.1604
257.7719,-0.160406
257.79,-0.160415
257.8064,-0.160425
257.8229,-0.160437
257.8394,-0.160449
257.8574,-0.160458
257.8733,-0.160468
257.8893,-0.160476
257.9066,-0.160484
257.9225,-0.160492
257.9393,-0.160499
257.9565,-0.160507
257.9732,-0.160515
257.9904,-0.160523
258.0067,-0.16053
258.024,-0.160535
258.0398,-0.16054
258.0562,-0.160549
258.0726,-0.16056
258.09,-0.160571
258.1064,-0.160582
258.1231,-0.160592
258.1398,-0.160603
258.157,-0.160614
258.1732,-0.160624
258.1896,-0.160632
258.2065,-0.160636
258.2229,-0.160643
258.24,-0.16065
258.2563,-0.160658
258.2731,-0.160667
258.2892,-0.160676
258.3069,-0.160689
258.323,-0.1607
258.3402,-0.160708
258.3561,-0.160718
258.3732,-0.160729
258.3898,-0.16074
258.4064,-0.160751
258.4225,-0.160762
258.439,-0.160772
258.4563,-0.160782
258.4723,-0.16079
258.4893,-0.160801
258.5052,-0.160811
258.5236,-0.160824
258.5391,-0.160837
258.555,-0.16085
258.573,-0.160862
258.5896,-0.160875
258.607,-0.160889
258.6227,-0.160903
258.6397,-0.160917
258.6559,-0.160928
258.6736,-0.160938
258.6897,-0.160948
258.7066,-0.160957
258.723,-0.160966
258.7397,-0.160977
258.7567,-0.160985
258.7731,-0.160992
258.7896,-0.160998
258.8058,-0.161004
258.8234,-0.161009
258.84,-0.161016
258.8561,-0.161026
258.8724,-0.161036
258.8897,-0.161047
258.9059,-0.161058
258.9232,-0.161072
258.9395,-0.161087
258.9568,-0.161102
258.9725,-0.161115
258.9893,-0.161126
259.0069,-0.161136
259.0236,-0.161145
259.0394,-0.161155
259.0563,-0.161164
259.073,-0.161172
259.0896,-0.16118
259.1063,-0.161186
259.1231,-0.161193
259.1394,-0.1612
259.1558,-0.161207
259.1731,-0.161214
259.1893,-0.16122
259.2065,-0.161226
259.2233,-0.161232
259.24,-0.161236
259.2564,-0.16124
259.2725,-0.161248
259.2899,-0.161254
259.3068,-0.161259
259.3222,-0.161267
259.3397,-0.161275
259.3567,-0.161281
259.373,-0.161285
259.3896,-0.161292
259.4065,-0.161299
259.4232,-0.161304
259.4395,-0.161311
259.4559,-0.16132
259.4735,-0.161328
259.4902,-0.161337
259.5062,-0.161344
259.5234,-0.161349
259.541,-0.161353
259.5571,-0.161354
259.573,-0.161356
259.589,-0.161359
259.6062,-0.161361
259.6232,-0.161363
259.6398,-0.161368
259.6566,-0.161375
259.6737,-0.161378
259.6901,-0.161381
259.7067,-0.161386
259.7227,-0.16139
259.7393,-0.161395
259.756,-0.161402
259.7728,-0.16141
259.79,-0.161418
259.8069,-0.161428
259.8228,-0.161435
259.8398,-0.161445
259.8569,-0.161456
259.8722,-0.161466
259.8897,-0.161474
259.9061,-0.161482
259.9239,-0.16149
259.9398,-0.161501
259.9562,-0.161513
259.9728,-0.161522
259.9893,-0.161531
260.0061,-0.161538
260.0234,-0.161546
260.0399,-0.161556
260.0555,-0.161565
260.0733,-0.161574
260.0892,-0.161583
260.1057,-0.161589
260.1218,-0.161597
260.1389,-0.161607
260.1552,-0.161615
260.1728,-0.161623
260.1885,-0.161632
260.2057,-0.16164
260.2229,-0.161646
260.239,-0.161653
260.2556,-0.161663
260.2725,-0.161672
260.2885,-0.16168
260.3049,-0.161686
260.3223,-0.161693
260.3391,-0.1617
260.3558,-0.161707
260.372,-0.161714
260.3886,-0.16172
260.4057,-0.161725
260.4222,-0.161733
260.4391,-0.161743
260.4555,-0.161754
260.4716,-0.161763
260.4888,-0.161771
260.5058,-0.161781
260.5224,-0.161787
260.5391,-0.161793
260.5552,-0.161799
260.5723,-0.161803
260.5884,-0.161808
260.6052,-0.161812
260.6219,-0.16182
260.6383,-0.161828
260.6547,-0.161838
260.6715,-0.161844
260.6887,-0.161851
260.7052,-0.161859
260.7212,-0.161867
260.7389,-0.161873
260.754,-0.161879
260.7715,-0.161887
260.7876,-0.161893
260.8049,-0.161898
260.8204,-0.161902
260.8382,-0.161907
260.8547,-0.161914
260.8713,-0.161919
260.8873,-0.161923
260.9039,-0.16193
260.921,-0.161939
260.938,-0.161949
260.9541,-0.16196
260.9715,-0.161971
260.9884,-0.161981
261.0045,-0.16199
261.0214,-0.161999
261.0372,-0.162005
261.0543,-0.162012
261.0717,-0.162017
261.088,-0.162023
261.1038,-0.162029
261.1211,-0.162034
261.1375,-0.162038
261.1542,-0.162042
261.1716,-0.162046
261.1878,-0.162051
261.2043,-0.162054
261.2205,-0.162056
261.2384,-0.162057
261.2539,-0.16206
261.2708,-0.162062
261.2872,-0.162064
261.3039,-0.162064
261.3213,-0.162066
261.3374,-0.162072
261.3541,-0.162076
261.3705,-0.162082
261.3871,-0.162092
261.4044,-0.162099
261.4207,-0.162105
261.4365,-0.162111
261.454,-0.162116
261.4704,-0.16212
261.4878,-0.162123
261.5042,-0.162127
261.5211,-0.162132
261.5368,-0.162137
261.5538,-0.162141
261.5707,-0.162145
261.5872,-0.162151
261.6033,-0.162156
261.6201,-0.162161
261.6368,-0.162165
261.6538,-0.162169
261.6701,-0.162174
261.6871,-0.162179
261.7034,-0.162184
261.7206,-0.162191
261.7368,-0.162197
261.7541,-0.162204
261.7707,-0.16221
261.7871,-0.162216
261.8043,-0.162219
261.8204,-0.162224
261.8371,-0.162228
261.8535,-0.162234
261.8697,-0.162239
261.8875,-0.162246
261.9036,-0.162252
261.9206,-0.162257
261.9377,-0.162263
261.9529,-0.162268
261.9705,-0.162269
261.9868,-0.162271
262.0033,-0.162272
262.021,-0.162275
262.037,-0.16228
262.0537,-0.162285
262.0699,-0.162291
262.0872,-0.162298
262.1036,-0.162305
262.1208,-0.162312
262.1366,-0.162318
262.1537,-0.162325
262.171,-0.162329
262.1875,-0.162332
262.2041,-0.162335
262.2199,-0.162339
262.2376,-0.162342
262.254,-0.162345
262.2704,-0.162347
262.2867,-0.162348
262.3039,-0.162352
262.3206,-0.162356
262.3378,-0.16236
262.3551,-0.162363
262.3705,-0.162367
262.3871,-0.162372
262.4045,-0.162378
262.4204,-0.162385
262.4372,-0.162393
262.4542,-0.162402
262.4704,-0.162409
262.4876,-0.162417
262.5042,-0.162427
262.5206,-0.162435
262.5382,-0.162444
262.5536,-0.16245
262.5708,-0.162455
262.5876,-0.162463
262.6051,-0.162467
262.6214,-0.16247
262.6375,-0.162473
262.6545,-0.162478
262.6713,-0.162484
262.6874,-0.162492
262.7049,-0.162498
262.7209,-0.162505
262.7386,-0.162511
262.7551,-0.162518
262.7715,-0.162527
262.7881,-0.162535
262.8052,-0.162543
262.8213,-0.162548
262.8391,-0.162555
262.8554,-0.162565
262.8716,-0.162574
262.8885,-0.162581
262.905,-0.162588
262.9215,-0.162598
262.9387,-0.162608
262.9557,-0.16262
262.9724,-0.16263
262.9884,-0.16264
263.0053,-0.162649
263.0222,-0.162657
263.0388,-0.162666
263.0555,-0.162676
263.072,-0.162684
263.0885,-0.16269
263.1055,-0.162698
263.1216,-0.162709
263.1389,-0.162717
263.1555,-0.162726
263.1722,-0.162733
263.1886,-0.162741
263.206,-0.162749
263.2218,-0.162758
263.2392,-0.162766
263.2557,-0.162776
263.2723,-0.162788
263.2894,-0.1628
263.3058,-0.162812
263.3227,-0.162821
263.3399,-0.162832
263.3568,-0.162843
263.3729,-0.162854
263.3889,-0.162867
263.4056,-0.162878
263.4226,-0.162885
263.4398,-0.162894
263.456,-0.162904
263.4731,-0.162914
263.4894,-0.162923
263.5062,-0.162931
263.5228,-0.16294
263.54,-0.162951
263.5569,-0.162962
263.573,-0.162973
263.5899,-0.162985
263.606,-0.162997
263.6234,-0.163009
263.6394,-0.16302
263.6567,-0.163032
263.6733,-0.163045
263.6905,-0.163056
263.707,-0.163067
263.7234,-0.163079
263.7398,-0.163089
263.7574,-0.163096
263.7736,-0.163103
263.7896,-0.16311
263.8063,-0.163116
263.8219,-0.163124
263.8398,-0.163132
263.8558,-0.163142
263.8723,-0.163152
263.889,-0.163164
263.9058,-0.163178
263.9225,-0.163193
263.9397,-0.163207
263.9566,-0.163222
263.9729,-0.163238
263.9891,-0.163251
264.0068,-0.163263
264.0233,-0.163276
264.0397,-0.163286
264.0564,-0.163294
264.073,-0.163299
264.0895,-0.163304
264.1065,-0.163313
264.1227,-0.163321
264.1396,-0.163332
264.1557,-0.163345
264.1729,-0.163356
264.1888,-0.163369
264.2065,-0.163382
264.2229,-0.163394
264.2404,-0.163405
264.2569,-0.163416
264.2731,-0.163426
264.29,-0.163435
264.3061,-0.163444
264.3224,-0.163453
264.3404,-0.163463
264.3568,-0.163473
264.373,-0.163483
264.3889,-0.163492
264.4067,-0.163502
264.423,-0.163509
264.4393,-0.16352
264.4558,-0.163531
264.4727,-0.163541
264.4897,-0.163552
264.5058,-0.163564
264.5236,-0.163575
264.5403,-0.163586
264.5564,-0.163594
264.5732,-0.163604
264.5896,-0.163615
264.606,-0.163626
264.6228,-0.163636
264.6395,-0.163645
264.6568,-0.163652
264.673,-0.163662
264.6897,-0.163673
264.7066,-0.163683
264.7227,-0.163692
264.7397,-0.163702
264.7565,-0.163712
264.7739,-0.163724
264.7897,-0.163741
264.8059,-0.163756
264.8235,-0.163768
264.8391,-0.163782
264.857,-0.163794
264.8736,-0.163807
264.8903,-0.163818
264.9066,-0.163829
264.9232,-0.163841
264.9402,-0.163854
264.9565,-0.163866
264.9734,-0.163877
264.9901,-0.163887
265.0074,-0.163897
265.0237,-0.163906
265.0401,-0.163914
265.0564,-0.163922
265.073,-0.163929
265.0898,-0.163938
265.1061,-0.163945
265.1234,-0.163957
265.1399,-0.16397
265.1565,-0.16398
265.1737,-0.163992
265.1896,-0.164004
265.2072,-0.164015
265.2231,-0.164026
265.2395,-0.164034
265.2574,-0.164041
265.273,-0.164048
265.289,-0.164055
265.3061,-0.164064
265.3223,-0.164074
265.3396,-0.164083
265.3558,-0.164095
265.374,-0.164108
265.3904,-0.164118
265.4062,-0.164129
265.4235,-0.164135
265.4402,-0.164139
265.4567,-0.164142
265.4729,-0.164144
265.4899,-0.164149
265.5065,-0.164155
265.5232,-0.164162
265.5397,-0.164171
265.5564,-0.164179
265.5731,-0.164187
265.5897,-0.164197
265.6064,-0.164205
265.623,-0.164215
265.6399,-0.164221
265.6564,-0.164229
265.6739,-0.164235
265.6898,-0.164241
265.7065,-0.164248
265.7233,-0.164253
265.7395,-0.16426
265.7564,-0.164267
265.7726,-0.164275
265.7897,-0.164284
265.806,-0.164293
265.8228,-0.164302
265.8404,-0.164311
265.8554,-0.164317
265.8725,-0.164323
265.8896,-0.16433
265.906,-0.164337
265.9226,-0.164346
265.9396,-0.164358
265.9564,-0.164367
265.9729,-0.164375
265.9901,-0.164384
266.0072,-0.16439
266.0237,-0.164397
266.0395,-0.164403
266.0561,-0.164407
266.0732,-0.164413
266.0896,-0.164419
266.1071,-0.164427
266.123,-0.164436
266.1394,-0.164445
266.1564,-0.164451
266.1733,-0.164456
266.1903,-0.164459
266.2063,-0.164463
266.2235,-0.164464
266.2397,-0.164465
266.2565,-0.164468
266.2735,-0.164474
266.2897,-0.164483
266.3067,-0.164492
266.3234,-0.164503
266.3405,-0.164509
266.3566,-0.164517
266.3731,-0.164525
266.3903,-0.164533
266.4064,-0.164539
266.423,-0.164545
266.44,-0.164552
266.4568,-0.164558
266.4735,-0.164566
266.4905,-0.164574
266.5069,-0.164581
266.5234,-0.16459
266.5392,-0.164598
266.5562,-0.164608
266.5734,-0.164615
266.5901,-0.164622
266.6069,-0.164628
266.6234,-0.164635
266.6403,-0.164642
266.6564,-0.16465
266.6737,-0.164656
266.6904,-0.164663
266.7072,-0.164672
266.7235,-0.164682
266.7406,-0.164691
266.757,-0.164699
266.7746,-0.164708
266.79,-0.164715
266.8072,-0.164718
266.8236,-0.164724
266.8405,-0.164728
266.8576,-0.164733
266.8734,-0.16474
266.8904,-0.164746
266.907,-0.164752
266.9232,-0.164759
266.9402,-0.164767
266.9568,-0.164775
266.9734,-0.164784
266.9901,-0.164793
267.0078,-0.164803
267.0232,-0.164813
267.0409,-0.16482
267.0573,-0.164827
267.0739,-0.164832
267.091,-0.164837
267.1083,-0.164842
267.1234,-0.164846
267.1408,-0.16485
267.1574,-0.164856
267.1737,-0.164863
267.1908,-0.164872
267.2071,-0.164882
267.2242,-0.164893
267.2408,-0.164903
267.2573,-0.164916
267.2742,-0.164928
267.2904,-0.164938
267.3081,-0.164945
267.324,-0.164948
267.3412,-0.164949
267.3575,-0.164952
267.3739,-0.164956
267.3907,-0.16496
267.406,-0.164965
267.4239,-0.164973
267.4406,-0.164985
267.458,-0.164995
267.4742,-0.165007
267.4902,-0.16502
267.5079,-0.16503
267.5242,-0.165041
267.5407,-0.165053
267.5583,-0.165064
267.5744,-0.165074
267.591,-0.165084
267.6073,-0.165093
267.6245,-0.165099
267.6405,-0.165103
267.658,-0.165109
267.6747,-0.165113
267.6914,-0.165115
267.708,-0.165119
267.7238,-0.165124
267.7413,-0.165131
267.7575,-0.165138
267.774,-0.165146
267.7914,-0.165155
267.8073,-0.165162
267.8242,-0.165169
267.8416,-0.165177
267.858,-0.165187
267.8749,-0.165196
267.8909,-0.165206
267.9077,-0.165215
267.9241,-0.165226
267.9417,-0.165237
267.9581,-0.165246
267.9753,-0.165257
267.9904,-0.165267
268.0085,-0.165276
268.0246,-0.165284
268.0413,-0.165291
268.059,-0.1653
268.0748,-0.165309
268.091,-0.165317
268.1081,-0.165326
268.1249,-0.165335
268.1409,-0.165344
268.1581,-0.165354
268.1753,-0.165363
268.1918,-0.165373
268.2083,-0.165381
268.2243,-0.165389
268.2412,-0.165397
268.2579,-0.165407
268.2747,-0.165416
268.2915,-0.165426
268.3087,-0.165437
268.3256,-0.165447
268.3422,-0.165457
268.3581,-0.165468
268.3749,-0.165478
268.3927,-0.165487
268.4082,-0.165494
268.4253,-0.165502
268.4417,-0.165511
268.4592,-0.165519
268.4755,-0.165525
268.4916,-0.165531
268.5086,-0.165537
268.5253,-0.165545
268.541,-0.165553
268.558,-0.165561
268.5756,-0.16557
268.5918,-0.16558
268.6089,-0.165589
268.6244,-0.165602
268.6413,-0.165613
268.658,-0.165623
268.6752,-0.165634
268.6919,-0.165643
268.7095,-0.165652
268.7249,-0.165662
268.7415,-0.165671
268.7585,-0.165678
268.7751,-0.165686
268.7915,-0.165692
268.809,-0.165701
268.8249,-0.165709
268.8421,-0.165717
268.8591,-0.165726
268.8752,-0.165734
268.8919,-0.16574
268.9083,-0.165748
268.9256,-0.165754
268.9423,-0.165762
268.9586,-0.165771
268.9749,-0.165778
268.9925,-0.165787
269.0091,-0.165799
269.0259,-0.165809
269.0424,-0.165819
269.0583,-0.165829
269.0757,-0.165836
269.0921,-0.165842
269.1088,-0.165851
269.126,-0.16586
269.1424,-0.165869
269.1589,-0.165877
269.1761,-0.165883
269.1924,-0.16589
269.2089,-0.165895
269.2262,-0.1659
269.2422,-0.165908
269.2583,-0.165915
269.2762,-0.16592
269.2925,-0.165928
269.3092,-0.165937
269.3253,-0.165949
269.3425,-0.165959
269.3595,-0.165965
269.3765,-0.165972
269.3925,-0.165977
269.4093,-0.165983
269.4254,-0.165988
269.4424,-0.165995
269.4589,-0.166002
269.4756,-0.16601
269.4922,-0.166019
269.5101,-0.166028
269.5269,-0.166036
269.5428,-0.166042
269.5597,-0.166049
269.5755,-0.166055
269.5928,-0.166061
269.6093,-0.166068
269.6265,-0.166076
269.6432,-0.166084
269.6601,-0.166094
269.6769,-0.166101
269.6934,-0.166109
269.7105,-0.166114
269.7268,-0.16612
269.743,-0.166125
269.7596,-0.166129
269.7755,-0.166132
269.7925,-0.166136
269.8099,-0.166141
269.8266,-0.166146
269.8433,-0.166152
269.8593,-0.166158
269.8765,-0.166165
269.8923,-0.166175
269.9095,-0.166188
269.9262,-0.166203
269.9432,-0.166216
269.9594,-0.166229
269.9767,-0.166242
269.9929,-0.166253
270.0101,-0.166262
270.0266,-0.16627
270.0428,-0.166279
270.0602,-0.166287
270.0771,-0.166291
270.0934,-0.166298
270.1096,-0.166307
270.1263,-0.166315
270.1435,-0.166321
270.1596,-0.16633
270.1777,-0.166338
270.1942,-0.166345
270.2096,-0.166355
270.2263,-0.166365
270.2436,-0.166374
270.2597,-0.166385
270.2765,-0.166396
270.2941,-0.166404
270.3097,-0.166411
270.3265,-0.16642
270.3429,-0.166428
270.3599,-0.166435
270.3766,-0.166441
270.393,-0.16645
270.4099,-0.16646
270.4268,-0.16647
270.4433,-0.166478
270.4598,-0.166487
270.4766,-0.166497
270.4932,-0.166508
270.51,-0.166523
270.5269,-0.166538
270.5432,-0.166558
270.5601,-0.166573
270.5779,-0.166587
270.5945,-0.166602
270.6107,-0.166615
270.6279,-0.166625
270.644,-0.166633
270.6609,-0.166642
270.6778,-0.166651
270.6939,-0.16666
270.7111,-0.166667
270.7271,-0.166675
270.744,-0.166686
270.7602,-0.166695
270.7768,-0.166706
270.793,-0.166714
270.8101,-0.166723
270.8271,-0.166733
270.8441,-0.166743
270.8604,-0.166753
270.8768,-0.166763
270.8933,-0.166774
270.9105,-0.166782
270.9266,-0.166791
270.9434,-0.166801
270.9603,-0.166808
270.9774,-0.166816
270.9936,-0.166824
271.0101,-0.166833
271.0265,-0.166841
271.0428,-0.166848
271.0596,-0.166858
271.0759,-0.166869
271.0939,-0.166879
271.11,-0.166892
271.1268,-0.166906
271.1438,-0.166916
271.1601,-0.166924
271.1781,-0.166933
271.1939,-0.166941
271.2105,-0.166947
271.2269,-0.166952
271.243,-0.166959
271.261,-0.166965
271.2769,-0.166974
271.2939,-0.166984
271.3105,-0.166996
271.3266,-0.167006
271.3438,-0.167014
271.3602,-0.167024
271.3774,-0.167034
271.3934,-0.167041
271.4097,-0.167049
271.427,-0.167056
271.444,-0.167063
271.4608,-0.167069
271.4769,-0.167078
271.4941,-0.167088
271.5109,-0.167095
271.5271,-0.167103
271.5432,-0.167112
271.5607,-0.167122
271.5778,-0.167131
271.5938,-0.16714
271.6105,-0.167151
271.6272,-0.167162
271.6436,-0.16717
271.6605,-0.167176
271.6776,-0.167182
271.6941,-0.167186
271.7107,-0.167191
271.7271,-0.167197
271.7446,-0.167204
271.7599,-0.167213
271.7769,-0.16722
271.7942,-0.167229
271.8098,-0.167237
271.8275,-0.167249
271.8445,-0.167259
271.8607,-0.167269
271.8769,-0.167278
271.8939,-0.167289
271.9109,-0.167299
271.9278,-0.167308
271.9438,-0.16732
271.961,-0.16733
271.9778,-0.167339
271.9936,-0.167347
272.0114,-0.167355
272.0277,-0.167363
272.0441,-0.167372
272.0606,-0.167382
272.0774,-0.167394
272.0937,-0.167405
272.1114,-0.167416
272.1281,-0.167424
272.145,-0.167431
272.1613,-0.167436
272.1784,-0.167442
272.1945,-0.167447
272.2113,-0.167453
272.2278,-0.167459
272.2449,-0.167468
272.2619,-0.167478
272.2775,-0.167488
272.2951,-0.167499
272.3113,-0.16751
272.328,-0.167518
272.3455,-0.167527
272.3618,-0.167535
272.3786,-0.167543
272.395,-0.167547
272.4112,-0.16755
272.4281,-0.167554
272.4455,-0.16756
272.4614,-0.167565
272.4778,-0.16757
272.4948,-0.167573
272.5121,-0.167579
272.5283,-0.167584
272.5451,-0.16759
272.5614,-0.1676
272.578,-0.167608
272.5959,-0.167618
272.6115,-0.167629
272.6283,-0.167641
272.6458,-0.167652
272.6625,-0.167663
272.6786,-0.167672
272.696,-0.167681
272.7118,-0.167688
272.7293,-0.167695
272.7455,-0.167703
272.762,-0.167713
272.7794,-0.167724
272.7954,-0.167734
272.8117,-0.167743
272.829,-0.167754
272.8455,-0.167765
272.8628,-0.167774
272.8786,-0.167784
272.895,-0.167795
272.9122,-0.167805
272.929,-0.167818
272.9454,-0.16783
272.9622,-0.167843
272.9789,-0.167852
272.9958,-0.167861
273.0124,-0.16787
273.0287,-0.16788
273.0461,-0.167889
273.0613,-0.1679
273.0781,-0.167912
273.0952,-0.167925
273.1119,-0.167936
273.1285,-0.167947
273.1458,-0.167963
273.1614,-0.167976
273.1785,-0.167989
273.1949,-0.168004
273.2118,-0.16802
273.229,-0.168035
273.2455,-0.168051
273.2614,-0.168067
273.2784,-0.168085
273.2956,-0.168099
273.3116,-0.168111
273.3286,-0.168125
273.3455,-0.168137
273.3612,-0.168148
273.3774,-0.168159
273.3946,-0.168171
273.4118,-0.168184
273.4284,-0.168198
273.4452,-0.16821
273.4614,-0.168223
273.4778,-0.168232
273.4945,-0.168241
273.5117,-0.16825
273.5282,-0.168259
273.5454,-0.16827
273.5604,-0.168283
273.5776,-0.168296
273.5947,-0.168309
273.6114,-0.168325
273.6278,-0.16834
273.6449,-0.168356
273.6617,-0.16837
273.6782,-0.168383
273.695,-0.168397
273.711,-0.168409
273.7281,-0.168422
273.7445,-0.168434
273.7615,-0.168446
273.7786,-0.168457
273.7944,-0.168468
273.8112,-0.168478
273.8272,-0.168486
273.8456,-0.168493
273.8614,-0.168498
273.8773,-0.168503
273.8945,-0.168507
273.9111,-0.168511
273.9273,-0.168516
273.9437,-0.168525
273.9611,-0.168538
273.9777,-0.168551
273.994,-0.168561
274.0105,-0.168573
274.0287,-0.16858
274.0449,-0.168585
274.0613,-0.168591
274.0781,-0.168595
274.0948,-0.168599
274.1113,-0.168602
274.1273,-0.168608
274.1447,-0.168615
274.1604,-0.168624
274.1773,-0.168632
274.1938,-0.168642
274.2102,-0.168653
274.2264,-0.168662
274.244,-0.168671
274.2607,-0.168678
274.2774,-0.168683
274.2939,-0.168688
274.3103,-0.168694
274.3268,-0.168699
274.3443,-0.168702
274.3601,-0.168706
274.3771,-0.168712
274.3932,-0.16872
274.4106,-0.168726
274.4263,-0.168732
274.4439,-0.168738
274.4607,-0.168743
274.4777,-0.168747
274.4937,-0.168751
274.5099,-0.168756
274.5271,-0.168758
274.544,-0.168762
274.5601,-0.168768
274.5771,-0.168774
274.5932,-0.16878
274.611,-0.168786
274.6273,-0.168794
274.6442,-0.168803
274.6606,-0.16881
274.6768,-0.168815
274.6938,-0.168822
274.7108,-0.168826
274.7272,-0.168827
274.7439,-0.168829
274.7611,-0.168833
274.7773,-0.168835
274.7945,-0.168834
274.8108,-0.168833
274.8276,-0.168833
274.8444,-0.168836
274.8603,-0.16884
274.8771,-0.168845
274.8945,-0.168851
274.9108,-0.168858
274.9286,-0.168866
274.9443,-0.168874
274.9605,-0.168883
274.9778,-0.168893
274.9941,-0.168902
275.0117,-0.168907
275.0276,-0.168919
275.0451,-0.168929
275.0615,-0.168936
275.0776,-0.168945
275.0946,-0.168954
275.1113,-0.168961
275.1274,-0.168966
275.1449,-0.168969
275.1616,-0.168973
275.1786,-0.168978
275.1944,-0.168982
275.2112,-0.168991
275.228,-0.168999
275.2442,-0.169007
275.2619,-0.169017
275.2785,-0.169029
275.2956,-0.169041
275.312,-0.169053
275.3285,-0.169066
275.3457,-0.169076
275.362,-0.169086
275.3785,-0.169096
275.3953,-0.169106
275.4118,-0.169115
275.4283,-0.169123
275.4442,-0.169132
275.4611,-0.169141
275.4789,-0.169151
275.4949,-0.169164
275.512,-0.169175
275.5284,-0.169189
275.5449,-0.1692
275.5614,-0.169212
275.5789,-0.169222
275.5945,-0.169232
275.6123,-0.169243
275.6275,-0.169254
275.6452,-0.169263
275.6614,-0.169273
275.6781,-0.169283
275.6951,-0.169293
275.7118,-0.169304
275.728,-0.169316
275.7452,-0.16933
275.7617,-0.169346
275.7784,-0.169363
275.7951,-0.169379
275.8116,-0.169394
275.8284,-0.169408
275.8459,-0.169422
275.8626,-0.169431
275.8783,-0.169441
275.8948,-0.169449
275.9116,-0.169456
275.9285,-0.169462
275.9448,-0.169473
275.9613,-0.169483
275.9787,-0.169493
275.9944,-0.169504
276.0118,-0.169511
276.0284,-0.16952
276.0446,-0.169532
276.0614,-0.169544
276.078,-0.169557
276.0936,-0.169568
276.1116,-0.16958
276.1279,-0.169595
276.1451,-0.169608
276.1614,-0.169621
276.1779,-0.169632
276.1946,-0.169644
276.2112,-0.169657
276.2274,-0.169671
276.2448,-0.169686
276.2609,-0.169703
276.2782,-0.169718
276.2946,-0.169734
276.3112,-0.16975
276.3283,-0.169765
276.3449,-0.169777
276.3622,-0.169787
276.3784,-0.169797
276.3948,-0.169807
276.4123,-0.169816
276.4277,-0.169823
276.4441,-0.169834
276.4614,-0.169842
276.478,-0.16985
276.4947,-0.169856
276.5117,-0.169864
276.528,-0.169873
276.5437,-0.169879
276.5611,-0.169887
276.578,-0.169897
276.5943,-0.169908
276.6107,-0.169922
276.627,-0.169937
276.6447,-0.169952
276.6612,-0.169966
276.6771,-0.169979
276.6946,-0.169992
276.7104,-0.170003
276.7276,-0.17001
276.7433,-0.170018
276.7603,-0.170024
276.7775,-0.17003
276.7946,-0.170036
276.8105,-0.170044
276.8275,-0.170052
276.8433,-0.170061
276.8608,-0.17007
276.8767,-0.17008
276.8932,-0.170089
276.9095,-0.170098
276.9272,-0.170106
276.9436,-0.170113
276.9598,-0.170123
276.977,-0.170133
276.9942,-0.170143
277.0102,-0.170152
277.0267,-0.170161
277.0433,-0.17017
277.0602,-0.17018
277.0769,-0.170189
277.0941,-0.170199
277.1105,-0.170209
277.1274,-0.170216
277.144,-0.170222
277.1602,-0.170228
277.1771,-0.170233
277.1938,-0.170237
277.2106,-0.170241
277.2279,-0.170248
277.2437,-0.170255
277.2604,-0.170263
277.2772,-0.170273
277.2931,-0.170283
277.3097,-0.170291
277.3266,-0.1703
277.3438,-0.170309
277.3608,-0.170316
277.3766,-0.170325
277.3932,-0.170332
277.4095,-0.17034
277.4265,-0.170346
277.4435,-0.170354
277.4605,-0.170363
277.4764,-0.170371
277.4945,-0.170377
277.5098,-0.170383
277.5274,-0.170389
277.5437,-0.170394
277.5599,-0.170403
277.5765,-0.170412
277.593,-0.170421
277.6093,-0.170428
277.6263,-0.170436
277.6441,-0.170444
277.6599,-0.170454
277.6764,-0.170462
277.6941,-0.170471
277.7101,-0.170478
277.7269,-0.170487
277.7437,-0.1705
277.7607,-0.170511
277.778,-0.17052
277.794,-0.170531
277.8108,-0.170537
277.827,-0.170543
277.8437,-0.170548
277.8608,-0.170552
277.8767,-0.170557
277.8935,-0.170561
277.9101,-0.170566
277.9266,-0.170572
277.9434,-0.17058
277.9601,-0.170589
277.9766,-0.170598
277.9933,-0.170605
278.01,-0.170613
278.027,-0.170621
278.0439,-0.17063
278.0599,-0.17064
278.0769,-0.170653
278.0936,-0.170665
278.1099,-0.170678
278.1267,-0.17069
278.1438,-0.170702
278.1601,-0.170714
278.1769,-0.170725
278.1945,-0.170736
278.2097,-0.170745
278.2267,-0.170754
278.2438,-0.170762
278.2599,-0.17077
278.2776,-0.170778
278.2935,-0.170786
278.3107,-0.17079
278.3272,-0.170796
278.3441,-0.170802
278.3602,-0.170809
278.3775,-0.170815
278.393,-0.170821
278.4093,-0.170829
278.4265,-0.170839
278.4435,-0.170852
278.4595,-0.170866
278.4773,-0.17088
278.4938,-0.170892
278.5106,-0.170903
278.5272,-0.170915
278.5438,-0.170926
278.56,-0.170935
278.5772,-0.170943
278.5936,-0.170951
278.6103,-0.170959
278.6273,-0.170971
278.644,-0.170983
278.6606,-0.170994
278.6771,-0.171005
278.6931,-0.171018
278.7107,-0.171032
278.7267,-0.171044
278.7432,-0.171055
278.7605,-0.171064
278.7773,-0.171074
278.7944,-0.171082
278.8105,-0.171092
278.8264,-0.171101
278.8435,-0.171109
278.8607,-0.171117
278.8775,-0.171124
278.8946,-0.171132
278.9105,-0.171142
278.9271,-0.171151
278.9435,-0.171158
278.9606,-0.171166
278.9768,-0.171178
278.9929,-0.171191
279.0107,-0.171207
279.0269,-0.17122
279.0438,-0.171233
279.0614,-0.171245
279.077,-0.171256
279.0938,-0.171267
279.1104,-0.171276
279.1269,-0.171283
279.1436,-0.171289
279.1612,-0.171296
279.1772,-0.171304
279.1935,-0.171313
279.2107,-0.171324
279.2272,-0.171333
279.2437,-0.171343
279.2606,-0.171354
279.2773,-0.171366
279.2939,-0.17138
279.3107,-0.171394
279.3268,-0.171405
279.3438,-0.171416
279.3607,-0.171426
279.3772,-0.171439
279.3943,-0.171449
279.4102,-0.17146
279.4277,-0.171472
279.4437,-0.171483
279.4611,-0.171493
279.4775,-0.171504
279.4942,-0.171519
279.5109,-0.171533
279.5281,-0.171546
279.5437,-0.171556
279.5606,-0.171567
279.5775,-0.171577
279.5942,-0.171585
279.6106,-0.171593
279.6272,-0.171604
279.644,-0.17161
279.6608,-0.171618
279.6771,-0.171629
279.6944,-0.171643
279.7108,-0.171659
279.7271,-0.171675
279.7444,-0.171691
279.7612,-0.171706
279.7772,-0.171719
279.7946,-0.171731
279.8114,-0.171742
279.8271,-0.171751
279.8445,-0.171758
279.8609,-0.171766
279.8776,-0.171773
279.8942,-0.171781
279.9106,-0.171791
279.9279,-0.171803
279.9437,-0.171816
279.961,-0.171828
279.9774,-0.171841
279.9947,-0.171856
280.011,-0.171868
280.0281,-0.171878
280.0442,-0.171886
280.061,-0.171894
280.0779,-0.171902
280.0945,-0.171912
280.1104,-0.171922
280.1281,-0.171929
280.1444,-0.171938
280.162,-0.171949
280.1782,-0.17196
280.1947,-0.171971
280.2113,-0.171982
280.228,-0.171991
280.2442,-0.172001
280.2612,-0.172011
280.2778,-0.17202
280.2942,-0.172027
280.3112,-0.172036
280.3274,-0.172047
280.3441,-0.172059
280.3611,-0.172072
280.3781,-0.172084
280.3943,-0.172097
280.4115,-0.172112
280.4284,-0.172126
280.4449,-0.172137
280.4611,-0.172148
280.4777,-0.172157
280.4952,-0.172165
280.5112,-0.172171
280.5282,-0.172178
280.5445,-0.172187
280.5615,-0.172197
280.5777,-0.172209
280.5946,-0.172221
280.6118,-0.172234
280.6282,-0.172248
280.6447,-0.172258
280.6623,-0.172269
280.6786,-0.172277
280.6956,-0.172286
280.7118,-0.172295
280.7284,-0.172304
280.745,-0.172315
280.7616,-0.172325
280.7782,-0.172337
280.7946,-0.17235
280.8124,-0.17236
280.8285,-0.172371
280.8451,-0.172383
280.862,-0.172394
280.8791,-0.172403
280.8955,-0.172413
280.9124,-0.172423
280.9285,-0.172434
280.9454,-0.172446
280.9629,-0.17246
280.9795,-0.172473
280.9954,-0.172485
281.012,-0.172496
281.0291,-0.172508
281.0462,-0.172521
281.0625,-0.172538
281.0787,-0.172551
281.0951,-0.172564
281.1125,-0.172576
281.1299,-0.172588
281.1464,-0.172597
281.1634,-0.172606
281.1796,-0.172614
281.1962,-0.172622
281.213,-0.172629
281.2295,-0.172636
281.2455,-0.172647
281.2625,-0.172658
281.2795,-0.172669
281.2958,-0.172681
281.3124,-0.172694
281.3288,-0.172709
281.3457,-0.172721
281.3627,-0.17273
281.3788,-0.172741
281.3965,-0.172748
281.4126,-0.172756
281.429,-0.172765
281.4454,-0.172775
281.4623,-0.172786
281.4782,-0.172798
281.4957,-0.172812
281.5121,-0.172827
281.5287,-0.172843
281.5457,-0.172857
281.5625,-0.172872
281.5793,-0.172886
281.5964,-0.1729
281.6125,-0.172916
281.6293,-0.17293
281.6457,-0.172944
281.6626,-0.172957
281.6792,-0.172971
281.6958,-0.172983
281.7126,-0.172996
281.7288,-0.173009
281.7455,-0.173024
281.7628,-0.173037
281.7791,-0.173048
281.7957,-0.173062
281.8122,-0.173073
281.8293,-0.173083
281.8452,-0.173094
281.8623,-0.173104
281.8792,-0.173115
281.8958,-0.173127
281.9119,-0.17314
281.929,-0.173156
281.946,-0.173172
281.9628,-0.173192
281.9787,-0.173218
281.9959,-0.173238
282.0127,-0.173253
282.0288,-0.173267
282.0457,-0.173279
282.0624,-0.173288
282.0791,-0.173301
282.0956,-0.173315
282.1126,-0.17333
282.1291,-0.173344
282.1455,-0.173357
282.1622,-0.173368
282.179,-0.173378
282.1957,-0.173388
282.212,-0.173398
282.2289,-0.173407
282.2456,-0.173418
282.2621,-0.173429
282.2792,-0.17344
282.2956,-0.173453
282.3125,-0.173466
282.3299,-0.173479
282.3456,-0.173492
282.362,-0.173502
282.3788,-0.173513
282.396,-0.173523
282.4126,-0.173536
282.4292,-0.173549
282.4454,-0.173561
282.4612,-0.173574
282.4787,-0.173587
282.4949,-0.1736
282.5125,-0.173612
282.529,-0.173624
282.5454,-0.173634
282.5627,-0.173645
282.5791,-0.173654
282.5953,-0.173663
282.6119,-0.173673
282.6289,-0.173683
282.6455,-0.173694
282.6616,-0.173707
282.6788,-0.17372
282.6955,-0.173732
282.712,-0.173744
282.7288,-0.173755
282.7451,-0.173764
282.7614,-0.173772
282.7786,-0.173781
282.7955,-0.173789
282.812,-0.173796
282.8293,-0.173804
282.8449,-0.173813
282.8619,-0.173823
282.8786,-0.173833
282.8953,-0.173844
282.9128,-0.173857
282.9284,-0.17387
282.9461,-0.173882
282.962,-0.173893
282.9793,-0.173903
282.9961,-0.173911
283.0121,-0.173918
283.0286,-0.173921
283.0453,-0.173928
283.0621,-0.173934
283.0788,-0.173943
283.0955,-0.173952
283.112,-0.173962
283.1292,-0.17397
283.1464,-0.173982
283.1622,-0.173991
283.1793,-0.174
283.1967,-0.174007
283.2122,-0.174012
283.2292,-0.17402
283.2454,-0.174028
283.2622,-0.174039
283.2784,-0.174051
283.2951,-0.174063
283.312,-0.174074
283.3283,-0.174086
283.3456,-0.174099
283.3626,-0.174111
283.3785,-0.174122
283.3952,-0.174133
283.4121,-0.174146
283.429,-0.174161
283.4449,-0.174175
283.4619,-0.174189
283.4785,-0.174205
283.4955,-0.17422
283.5123,-0.174234
283.5291,-0.174247
283.5453,-0.174258
283.5618,-0.17427
283.5781,-0.174282
283.5949,-0.174292
283.6113,-0.174303
283.6287,-0.174315
283.6451,-0.174327
283.6615,-0.17434
283.678,-0.174352
283.696,-0.174364
283.7122,-0.174374
283.7296,-0.174388
283.7453,-0.1744
283.7626,-0.174413
283.7782,-0.174424
283.7948,-0.174434
283.8119,-0.174443
283.8285,-0.174451
283.8457,-0.17446
283.8622,-0.174468
283.8787,-0.174477
283.8954,-0.174486
283.9119,-0.174498
283.9286,-0.174513
283.9453,-0.174528
283.9619,-0.174544
283.9791,-0.174559
283.9961,-0.174574
284.0124,-0.174588
284.0296,-0.174599
284.0453,-0.174609
284.0624,-0.174617
284.0787,-0.174626
284.0956,-0.174636
284.1123,-0.174646
284.129,-0.174655
284.1452,-0.174663
284.1625,-0.174673
284.1791,-0.174682
284.1956,-0.174692
284.2113,-0.174703
284.2284,-0.174714
284.2458,-0.174724
284.2619,-0.174735
284.2784,-0.174745
284.2952,-0.174757
284.3122,-0.174768
284.3287,-0.174778
284.3449,-0.174788
284.3623,-0.174796
284.3791,-0.174803
284.3954,-0.17481
284.4114,-0.174818
284.4283,-0.174829
284.4452,-0.17484
284.4611,-0.174849
284.478,-0.174861
284.4948,-0.174871
284.5115,-0.174879
284.5283,-0.17489
284.5449,-0.174901
284.5619,-0.174914
284.5778,-0.174927
284.5944,-0.17494
284.6118,-0.174954
284.6281,-0.174969
284.6445,-0.174985
284.6619,-0.175001
284.6783,-0.175014
284.6953,-0.175025
284.7115,-0.175038
284.7284,-0.17505
284.7451,-0.175064
284.7614,-0.175077
284.7786,-0.17509
284.795,-0.175101
284.812,-0.175113
284.828,-0.175125
284.8446,-0.175136
284.861,-0.175143
284.8783,-0.175152
284.8941,-0.175161
284.9104,-0.175173
284.9277,-0.175183
284.9443,-0.175194
284.9608,-0.175206
284.9778,-0.175218
284.9946,-0.175231
285.0108,-0.175243
285.0273,-0.175256
285.0444,-0.175267
285.061,-0.175277
285.0781,-0.175286
285.0945,-0.175295
285.1102,-0.175302
285.1279,-0.17531
285.1447,-0.175319
285.16,-0.175328
285.1772,-0.175338
285.1944,-0.175351
285.2104,-0.175364
285.2272,-0.175379
285.2439,-0.175392
285.2609,-0.175402
285.2769,-0.175412
285.2945,-0.175421
285.3111,-0.17543
285.3268,-0.175436
285.3439,-0.175444
285.3614,-0.175453
285.3773,-0.17546
285.394,-0.175469
285.4104,-0.175476
285.4278,-0.175483
285.4441,-0.175489
285.4605,-0.175496
285.4776,-0.175503
285.4936,-0.17551
285.5106,-0.175516
285.5276,-0.175524
285.5439,-0.175531
285.561,-0.175538
285.5775,-0.175547
285.5941,-0.175555
285.6112,-0.175565
285.6279,-0.175573
285.6438,-0.175581
285.661,-0.175588
285.6783,-0.175595
285.6943,-0.175599
285.7114,-0.175603
285.7281,-0.175607
285.7444,-0.175609
285.7611,-0.175613
285.778,-0.175619
285.7943,-0.175626
285.8105,-0.175632
285.828,-0.175638
285.8441,-0.175645
285.8605,-0.175652
285.8772,-0.17566
285.8944,-0.175671
285.9108,-0.175679
285.9276,-0.175688
285.944,-0.175698
285.9606,-0.175713
285.9781,-0.175726
285.995,-0.17574
286.0112,-0.175752
286.0276,-0.175763
286.045,-0.175773
286.061,-0.175782
286.0779,-0.175794
286.0948,-0.175806
286.1119,-0.175817
286.128,-0.175829
286.1445,-0.175844
286.1617,-0.17586
286.1788,-0.175876
286.1958,-0.175891
286.2124,-0.175904
286.2284,-0.175916
286.2457,-0.175925
286.2622,-0.175936
286.2783,-0.175947
286.2948,-0.175958
286.3121,-0.17597
286.3291,-0.175983
286.3456,-0.175996
286.3624,-0.176007
286.3795,-0.176017
286.3958,-0.176026
286.4124,-0.176034
286.4288,-0.176041
286.4456,-0.176053
286.462,-0.176066
286.4791,-0.176078
286.4956,-0.17609
286.5123,-0.176102
286.5299,-0.176116
286.5465,-0.176126
286.5622,-0.176138
286.5786,-0.176151
286.5954,-0.176165
286.6129,-0.176178
286.6293,-0.176194
286.6463,-0.176211
286.6631,-0.176226
286.6794,-0.176239
286.696,-0.176252
286.7135,-0.176264
286.7299,-0.176276
286.7461,-0.176288
286.763,-0.176301
286.7791,-0.176316
286.7963,-0.17633
286.8133,-0.176346
286.8302,-0.176364
286.8463,-0.176379
286.8633,-0.176395
286.8799,-0.176408
286.8963,-0.176422
286.9136,-0.176436
286.9291,-0.176452
286.9467,-0.176466
286.9625,-0.176481
286.9803,-0.176496
286.9968,-0.176512
287.0132,-0.176529
287.0298,-0.176547
287.0468,-0.176563
287.063,-0.176578
287.0797,-0.176592
287.0969,-0.176608
287.1138,-0.176625
287.1297,-0.176642
287.1469,-0.176661
287.1632,-0.17668
287.1805,-0.176698
287.1966,-0.176714
287.2132,-0.176728
287.2297,-0.176742
287.2467,-0.176756
287.2633,-0.17677
287.2809,-0.176786
287.2965,-0.176802
287.3131,-0.176821
287.3304,-0.176839
287.3468,-0.17686
287.3636,-0.176881
287.3815,-0.176901
287.3974,-0.176922
287.4135,-0.176942
287.4304,-0.176959
287.4475,-0.176973
287.4638,-0.176986
287.4808,-0.176998
287.4973,-0.177011
287.5134,-0.177024
287.5309,-0.177038
287.5472,-0.177053
287.5637,-0.177068
287.5806,-0.177083
287.5973,-0.177101
287.6138,-0.177121
287.6306,-0.177139
287.6467,-0.17716
287.6636,-0.177181
287.6808,-0.177202
287.6969,-0.177223
287.7132,-0.177244
287.7309,-0.177262
287.7469,-0.177279
287.7638,-0.177294
287.78,-0.177307
287.7965,-0.177318
287.8133,-0.177328
287.8299,-0.177342
287.8464,-0.177356
287.8628,-0.177373
287.8803,-0.17739
287.8968,-0.177408
287.9135,-0.177428
287.9302,-0.177444
287.9471,-0.177461
287.9631,-0.177477
287.98,-0.177491
287.9963,-0.177504
288.0131,-0.177517
288.0307,-0.17753
288.0461,-0.177545
288.0627,-0.177562
288.0798,-0.177578
288.0963,-0.177593
288.1134,-0.177608
288.1306,-0.177625
288.1469,-0.177641
288.1627,-0.177657
288.1799,-0.17767
288.1973,-0.17768
288.2133,-0.177691
288.2294,-0.1777
288.2466,-0.177708
288.2634,-0.177716
288.2801,-0.177722
288.2972,-0.177729
288.3136,-0.17774
288.3292,-0.177754
288.3464,-0.177769
288.3629,-0.177784
288.3797,-0.177798
288.3971,-0.177813
288.4131,-0.177825
288.4302,-0.177833
288.4463,-0.177843
288.4634,-0.177852
288.4807,-0.177861
288.4966,-0.177868
288.5129,-0.177878
288.5297,-0.17789
288.5462,-0.177902
288.5631,-0.177916
288.5788,-0.177933
288.5958,-0.177947
288.6129,-0.177964
288.6294,-0.177981
288.6461,-0.177998
288.6633,-0.178014
288.6795,-0.178029
288.6965,-0.178041
288.7126,-0.178052
288.7298,-0.178065
288.7466,-0.178078
288.7639,-0.178093
288.7798,-0.178107
288.7971,-0.178118
288.8137,-0.17813
288.8302,-0.17814
288.8473,-0.178149
288.8635,-0.178158
288.88,-0.178166
288.8969,-0.178173
288.9135,-0.178182
288.9297,-0.178196
288.9469,-0.178212
288.9641,-0.178227
288.9799,-0.17824
288.9975,-0.178249
289.0139,-0.17826
289.0307,-0.17827
289.0476,-0.178278
289.0641,-0.178286
289.0806,-0.178296
289.0972,-0.178308
289.1135,-0.178321
289.1307,-0.178336
289.1479,-0.178351
289.1641,-0.178364
289.181,-0.178378
289.1979,-0.17839
289.214,-0.178402
289.2305,-0.178414
289.2471,-0.178427
289.2635,-0.17844
289.2798,-0.178452
289.2973,-0.178466
289.314,-0.17848
289.3308,-0.178493
289.3475,-0.178505
289.3638,-0.178516
289.3813,-0.178526
289.3977,-0.178538
289.414,-0.178549
289.4307,-0.178563
289.4473,-0.178578
289.4639,-0.178594
289.4804,-0.178607
289.4975,-0.178622
289.5133,-0.178635
289.5316,-0.178649
289.5482,-0.178663
289.5638,-0.178679
289.581,-0.178694
289.5974,-0.17871
289.6142,-0.178724
289.6302,-0.17874
289.6475,-0.178755
289.6641,-0.178769
289.6813,-0.178783
289.698,-0.178797
289.7146,-0.178812
289.7308,-0.178826
289.7478,-0.17884
289.7638,-0.178857
289.7813,-0.178873
289.7975,-0.178887
289.8148,-0.178901
289.8307,-0.178915
289.8479,-0.178928
289.8642,-0.178939
289.8809,-0.178953
289.8973,-0.178965
289.9142,-0.178982
289.9312,-0.178999
289.9472,-0.179017
289.9644,-0.179034
289.9806,-0.179049
289.9981,-0.179066
290.0143,-0.179084
290.0311,-0.179101
290.0477,-0.179113
290.0642,-0.179125
290.0811,-0.179137
290.0975,-0.179151
290.1142,-0.179165
290.1299,-0.179181
290.1475,-0.179198
290.1643,-0.179213
290.1809,-0.17923
290.1973,-0.179248
290.2139,-0.179266
290.2308,-0.179285
290.2473,-0.179304
290.2638,-0.179324
290.28,-0.179345
290.2967,-0.179366
290.3141,-0.179384
290.3305,-0.179399
290.3467,-0.179414
290.3641,-0.179429
290.3813,-0.179443
290.3966,-0.179455
290.4142,-0.179469
290.4309,-0.179482
290.4472,-0.179494
290.463,-0.179507
290.4803,-0.179525
290.4976,-0.179541
290.514,-0.17956
290.5303,-0.179579
290.5476,-0.179598
290.5636,-0.179616
290.581,-0.17963
290.5971,-0.179643
290.6133,-0.179654
290.6303,-0.179665
290.6474,-0.179677
290.6634,-0.179689
290.6802,-0.179703
290.6977,-0.179716
290.7144,-0.179729
290.7303,-0.179742
290.7474,-0.179755
290.7642,-0.17977
290.7806,-0.179783
290.7972,-0.179798
290.8137,-0.179812
290.8307,-0.179828
290.8479,-0.179844
290.864,-0.179863
290.8811,-0.17988
290.8974,-0.179895
290.9147,-0.17991
290.931,-0.179923
290.948,-0.179935
290.9638,-0.179948
290.9811,-0.179961
290.9981,-0.179975
291.014,-0.179986
291.0312,-0.179994
291.0479,-0.180004
291.0647,-0.180013
291.0813,-0.180025
291.0971,-0.180039
291.1142,-0.180051
291.1313,-0.180061
291.1482,-0.180073
291.1649,-0.180087
291.1808,-0.180101
291.1974,-0.180115
291.2144,-0.180128
291.2318,-0.180143
291.2484,-0.180157
291.2646,-0.180171
291.2813,-0.180186
291.2985,-0.180198
291.3147,-0.180209
291.3306,-0.180221
291.3482,-0.180234
291.3651,-0.180245
291.3814,-0.180254
291.3984,-0.180262
291.4144,-0.180273
291.4321,-0.180285
291.4477,-0.180297
291.4646,-0.180309
291.4814,-0.180326
291.4981,-0.180341
291.5151,-0.180355
291.5314,-0.180369
291.5487,-0.180383
291.5651,-0.180395
291.5806,-0.180408
291.5985,-0.180424
291.614,-0.18044
291.6315,-0.180456
291.6473,-0.180471
291.6651,-0.180489
291.6814,-0.180505
291.6982,-0.180524
291.7154,-0.180542
291.7318,-0.180559
291.748,-0.180574
291.7646,-0.180589
291.7814,-0.180602
291.7984,-0.180617
291.8148,-0.180634
291.8317,-0.180649
291.8474,-0.180662
291.8649,-0.180676
291.8819,-0.180692
291.8985,-0.180707
291.9139,-0.180723
291.9313,-0.18074
291.9482,-0.180754
291.9644,-0.180766
291.9818,-0.180782
291.998,-0.180799
292.0146,-0.180815
292.031,-0.180829
292.0477,-0.180844
292.0647,-0.18086
292.0814,-0.180876
292.0984,-0.180893
292.1144,-0.180911
292.1314,-0.180928
292.1477,-0.180943
292.1643,-0.180958
292.1811,-0.180973
292.1982,-0.180989
292.2142,-0.181007
292.2314,-0.181023
292.2482,-0.181038
292.2637,-0.181053
292.2812,-0.181071
292.2982,-0.181088
292.314,-0.181102
292.3306,-0.181116
292.3477,-0.18113
292.3647,-0.181141
292.3804,-0.181154
292.3976,-0.181169
292.4133,-0.181183
292.4302,-0.181197
292.447,-0.18121
292.4642,-0.181222
292.4805,-0.181235
292.4975,-0.181249
292.5144,-0.18126
292.5314,-0.18127
292.5468,-0.181278
292.564,-0.181289
292.5801,-0.1813
292.5966,-0.181311
292.613,-0.181325
292.63,-0.18134
292.6469,-0.181355
292.6633,-0.18137
292.68,-0.181384
292.6975,-0.181397
292.7134,-0.18141
292.7297,-0.181423
292.7459,-0.181436
292.7629,-0.181449
292.7802,-0.181461
292.7969,-0.181477
292.814,-0.181492
292.8299,-0.181506
292.8464,-0.181519
292.8642,-0.18153
292.8804,-0.181541
292.8972,-0.181549
292.9126,-0.181559
292.9305,-0.181568
292.9464,-0.181576
292.9632,-0.181585
292.9804,-0.181595
292.9972,-0.181608
293.0139,-0.181621
293.0305,-0.181634
293.0472,-0.181645
293.0637,-0.181658
293.0804,-0.181671
293.0967,-0.181681
293.1135,-0.181691
293.1306,-0.1817
293.1477,-0.181711
293.1635,-0.181721
293.1805,-0.18173
293.1965,-0.181738
293.2138,-0.181749
293.2305,-0.18176
293.2471,-0.181773
293.2629,-0.181784
293.2808,-0.181796
293.2977,-0.181807
293.3141,-0.181819
293.3306,-0.181834
293.3469,-0.181849
293.3636,-0.181861
293.3805,-0.181872
293.3973,-0.181886
293.4138,-0.181899
293.4308,-0.181914
293.4471,-0.181929
293.464,-0.181944
293.4809,-0.181955
293.4971,-0.181966
293.5143,-0.181977
293.5306,-0.181989
293.5482,-0.182
293.5638,-0.182012
293.5813,-0.182027
293.598,-0.182039
293.6146,-0.182054
293.6308,-0.18207
293.6487,-0.182086
293.6648,-0.182103
293.6815,-0.182117
293.6979,-0.18213
293.7143,-0.182145
293.7313,-0.182159
293.7482,-0.182173
293.7646,-0.182185
293.7818,-0.182199
293.7983,-0.18221
293.8151,-0.182222
293.8316,-0.182234
293.8478,-0.182248
293.8658,-0.182259
293.8816,-0.18227
293.8987,-0.182284
293.9156,-0.182297
293.9322,-0.182312
293.9492,-0.182327
293.9658,-0.182342
293.9822,-0.182357
293.9991,-0.182374
294.0151,-0.18239
294.0316,-0.182404
294.0488,-0.182417
294.0654,-0.182433
294.0832,-0.182449
294.0986,-0.182465
294.1154,-0.182482
294.1324,-0.182499
294.1492,-0.182515
294.1661,-0.182532
294.1821,-0.182549
294.1996,-0.182565
294.2151,-0.18258
294.2322,-0.182595
294.2486,-0.182611
294.2662,-0.182626
294.2828,-0.182641
294.2993,-0.182659
294.3155,-0.182679
294.3324,-0.182699
294.3495,-0.182718
294.3657,-0.182735
294.3823,-0.182753
294.3992,-0.182771
294.4163,-0.182789
294.4323,-0.182806
294.4496,-0.182822
294.4658,-0.182841
294.4823,-0.182859
294.4981,-0.182875
294.5164,-0.18289
294.5334,-0.182907
294.5489,-0.182924
294.5661,-0.182944
294.5816,-0.182964
294.5991,-0.182979
294.6155,-0.182994
294.6327,-0.183011
294.649,-0.183031
294.665,-0.18305
294.6821,-0.183068
294.6989,-0.183083
294.7155,-0.183099
294.7324,-0.183115
294.7489,-0.183135
294.7647,-0.183154
294.782,-0.183177
294.7987,-0.1832
294.8158,-0.183222
294.8319,-0.183246
294.8495,-0.183269
294.8661,-0.183289
294.8825,-0.183309
294.8984,-0.183329
294.9156,-0.183347
294.9314,-0.183364
294.9484,-0.183381
294.9656,-0.1834
294.9822,-0.183419
294.998,-0.183434
295.0157,-0.183452
295.0319,-0.183468
295.0484,-0.183484
295.0654,-0.183499
295.0818,-0.183515
295.0985,-0.183528
295.1149,-0.183542
295.1323,-0.183555
295.1481,-0.183569
295.1646,-0.183585
295.1813,-0.183603
295.1975,-0.183621
295.2148,-0.183635
295.2312,-0.183651
295.2476,-0.183665
295.2649,-0.183679
295.2816,-0.183695
295.2974,-0.183711
295.3137,-0.183724
295.3311,-0.183736
295.3481,-0.183749
295.3649,-0.183762
295.3811,-0.183775
295.3976,-0.183789
295.4145,-0.1838
295.4303,-0.183813
295.4477,-0.183826
295.4643,-0.18384
295.4806,-0.183853
295.498,-0.183864
295.5138,-0.183878
295.5308,-0.183889
295.5474,-0.183901
295.5635,-0.183915
295.5797,-0.183927
295.5975,-0.183939
295.6134,-0.183952
295.6299,-0.183965
295.6474,-0.183979
295.6636,-0.18399
295.6801,-0.183998
295.6971,-0.184008
295.7139,-0.184018
295.7308,-0.184025
295.7469,-0.184033
295.7633,-0.184041
295.7801,-0.184045
295.7967,-0.184047
295.8129,-0.184051
295.8303,-0.184056
295.8471,-0.184064
295.8642,-0.184071
295.88,-0.184078
295.8971,-0.18409
295.9135,-0.184103
295.9298,-0.184118
295.947,-0.184135
295.9633,-0.184147
295.9799,-0.184158
295.9974,-0.184171
296.0136,-0.184183
296.0303,-0.184192
296.047,-0.1842
296.0633,-0.184207
296.0804,-0.184215
296.097,-0.184223
296.113,-0.184232
296.1305,-0.184242
296.147,-0.184252
296.1636,-0.184262
296.1803,-0.184274
296.1965,-0.184286
296.2133,-0.1843
296.23,-0.184312
296.247,-0.184325
296.2637,-0.184339
296.2798,-0.184354
296.2968,-0.184367
296.313,-0.184379
296.33,-0.18439
296.3471,-0.184398
296.364,-0.184407
296.3801,-0.184418
296.3971,-0.184429
296.4131,-0.184438
296.4302,-0.184445
296.4471,-0.184456
296.4636,-0.184467
296.4801,-0.18448
296.4963,-0.184493
296.5134,-0.184505
296.5309,-0.184517
296.5473,-0.184528
296.5629,-0.184542
296.58,-0.184556
296.5964,-0.184566
296.6136,-0.184576
296.6302,-0.184588
296.6474,-0.1846
296.6629,-0.184612
296.6799,-0.184625
296.6966,-0.184635
296.7141,-0.184649
296.7301,-0.184661
296.7464,-0.184674
296.7639,-0.184688
296.7805,-0.184702
296.797,-0.184714
296.8129,-0.184727
296.83,-0.184739
296.8465,-0.18475
296.864,-0.18476
296.8803,-0.184769
296.8966,-0.184782
296.9133,-0.184795
296.93,-0.184809
296.9467,-0.184823
296.9633,-0.184837
296.9805,-0.184851
296.9969,-0.184865
297.0134,-0.184877
297.0308,-0.184891
297.0471,-0.184902
297.0634,-0.184913
297.0802,-0.184924
297.0964,-0.184934
297.1142,-0.184944
297.1303,-0.184957
297.147,-0.184969
297.1639,-0.18498
297.1798,-0.184992
297.1963,-0.185003
297.2141,-0.185012
297.2302,-0.185022
297.247,-0.185034
297.2631,-0.185045
297.2805,-0.185055
297.2967,-0.185067
297.3135,-0.18508
297.3299,-0.185096
297.3468,-0.185115
297.3636,-0.185132
297.3806,-0.18515
297.3972,-0.185165
297.4133,-0.185179
297.4304,-0.185193
297.447,-0.185208
297.4637,-0.18522
297.4798,-0.185229
297.4972,-0.185239
297.5134,-0.185249
297.5306,-0.185261
297.5469,-0.185273
297.5638,-0.185287
297.5803,-0.1853
297.597,-0.18531
297.6141,-0.185318
297.6302,-0.185329
297.6476,-0.185342
297.6634,-0.185353
297.6803,-0.185364
297.6965,-0.185378
297.7135,-0.185392
297.7307,-0.185406
297.7467,-0.185421
297.7625,-0.185435
297.7801,-0.185449
297.7963,-0.185464
297.8143,-0.185478
297.8304,-0.185493
297.8466,-0.185507
297.8636,-0.185524
297.8806,-0.185541
297.8972,-0.185557
297.9144,-0.185573
297.9305,-0.185588
297.9471,-0.185603
297.9637,-0.185618
297.9803,-0.185632
297.9973,-0.185644
298.0144,-0.185654
298.0306,-0.185665
298.0472,-0.185676
298.0636,-0.185687
298.0799,-0.185697
298.0969,-0.185706
298.1131,-0.18572
298.1299,-0.185735
298.1472,-0.18575
298.1637,-0.185763
298.18,-0.185777
298.1967,-0.185788
298.2145,-0.1858
298.2298,-0.185814
298.2466,-0.185826
298.2631,-0.18584
298.2798,-0.185853
298.2963,-0.185865
298.3137,-0.185877
298.3302,-0.18589
298.3471,-0.185905
298.3632,-0.18592
298.3802,-0.185936
298.397,-0.18595
298.4131,-0.185962
298.4291,-0.185979
298.4461,-0.185995
298.4637,-0.186009
298.4796,-0.186024
298.4968,-0.186038
298.5129,-0.186052
298.5298,-0.186069
298.5467,-0.186084
298.5632,-0.186098
298.5801,-0.186113
298.5971,-0.186128
298.6139,-0.186144
298.6308,-0.186159
298.6474,-0.186174
298.6637,-0.18619
298.6805,-0.186207
298.6972,-0.186225
298.7143,-0.186241
298.7297,-0.186258
298.7471,-0.186275
298.7638,-0.186292
298.7805,-0.186308
298.7976,-0.186322
298.8142,-0.186337
298.8304,-0.18635
298.847,-0.186361
298.8633,-0.186371
298.8803,-0.186382
298.8967,-0.186394
298.9135,-0.186405
298.9291,-0.186415
298.9471,-0.186426
298.9634,-0.186437
298.9799,-0.186451
298.9962,-0.186466
299.013,-0.18648
299.0301,-0.186494
299.0469,-0.186508
299.0631,-0.186523
299.0796,-0.186538
299.0964,-0.186551
299.1135,-0.186563
299.1298,-0.186575
299.1457,-0.18659
299.1636,-0.186607
299.1801,-0.186621
299.1969,-0.186632
299.2135,-0.186646
299.23,-0.186659
299.2466,-0.18667
299.264,-0.186683
299.2805,-0.186696
299.2969,-0.186708
299.3128,-0.18672
299.3296,-0.186733
299.3472,-0.186746
299.3637,-0.186758
299.3804,-0.186772
299.3963,-0.186785
299.4129,-0.186796
299.4299,-0.186807
299.4471,-0.186817
299.4632,-0.186825
299.4802,-0.186833
299.4964,-0.186839
299.513,-0.186847
299.5294,-0.186855
299.5461,-0.186862
299.5627,-0.186874
299.5793,-0.186889
299.5967,-0.186905
299.6129,-0.186921
299.6292,-0.186936
299.6467,-0.18695
299.6631,-0.186963
299.679,-0.186976
299.6964,-0.186985
299.7125,-0.186995
299.7301,-0.187004
299.7456,-0.187014
299.7626,-0.187026
299.7791,-0.187041
299.7962,-0.187053
299.8128,-0.187064
299.8289,-0.187076
299.8465,-0.187087
299.8637,-0.187097
299.8798,-0.187107
299.896,-0.187119
299.9128,-0.187131
299.9294,-0.187143
299.9468,-0.187153
299.9633,-0.187166
299.98,-0.187179
299.9966,-0.18719
300.0125,-0.187199
300.0298,-0.187207
300.0466,-0.187217
300.0624,-0.187228
300.0785,-0.187237
300.0963,-0.187251
300.1131,-0.187263
300.1298,-0.187274
300.1461,-0.187285
300.1624,-0.187297
300.1796,-0.187306
300.196,-0.187315
300.213,-0.187325
300.2293,-0.187338
300.2463,-0.187349
300.2621,-0.18736
300.2789,-0.18737
300.2958,-0.18738
300.3125,-0.187392
300.3288,-0.187403
300.346,-0.187414
300.3625,-0.187426
300.3797,-0.187437
300.3964,-0.187452
300.4127,-0.187466
300.4296,-0.187481
300.4464,-0.187495
300.463,-0.187509
300.48,-0.187521
300.4962,-0.187533
300.513,-0.187545
300.5291,-0.187556
300.5461,-0.187569
300.5623,-0.187581
300.5799,-0.187594
300.5964,-0.187608
300.6133,-0.187618
300.6292,-0.187626
300.6466,-0.187633
300.6625,-0.187639
300.6792,-0.187644
300.696,-0.187649
300.7122,-0.187655
300.7294,-0.187664
300.7461,-0.187675
300.7626,-0.187688
300.7794,-0.1877
300.7961,-0.187712
300.8129,-0.187725
300.8299,-0.187739
300.8466,-0.187753
300.8627,-0.187766
300.8791,-0.187775
300.8957,-0.187785
300.9132,-0.187796
300.9296,-0.187807
300.9456,-0.187819
300.9628,-0.187834
300.9802,-0.187847
300.9964,-0.187859
301.0127,-0.187871
301.0302,-0.187882
301.0471,-0.187892
301.063,-0.187901
301.0801,-0.18791
301.0965,-0.187918
301.113,-0.187928
301.1299,-0.187938
301.1466,-0.187947
301.1635,-0.18796
301.1794,-0.187971
301.1964,-0.187981
301.2134,-0.187988
301.2292,-0.187995
301.2464,-0.188002
301.2627,-0.188011
301.2797,-0.18802
301.2959,-0.188029
301.3124,-0.188038
301.3295,-0.188046
301.3459,-0.188057
301.3631,-0.188069
301.3796,-0.188081
301.3962,-0.188092
301.4129,-0.188099
301.4295,-0.188107
301.4471,-0.188114
301.4619,-0.188121
301.4797,-0.188127
301.4964,-0.188135
301.5128,-0.188143
301.5294,-0.188151
301.547,-0.188162
301.5633,-0.18817
301.5796,-0.188178
301.5962,-0.188187
301.613,-0.188198
301.6295,-0.188208
301.6461,-0.188216
301.6625,-0.188224
301.6797,-0.188232
301.6964,-0.188244
301.713,-0.188255
301.7292,-0.188267
301.7462,-0.188279
301.7634,-0.188291
301.7793,-0.188302
301.7961,-0.188312
301.8129,-0.188321
301.8293,-0.188329
301.8463,-0.188339
301.8627,-0.188347
301.8793,-0.188355
301.8964,-0.188362
301.9128,-0.188369
301.9295,-0.188375
301.946,-0.188383
301.9633,-0.18839
301.9799,-0.188398
301.995,-0.188408
302.0128,-0.188418
302.0295,-0.188429
302.046,-0.18844
302.0622,-0.18845
302.0792,-0.188461
302.0962,-0.188473
302.1131,-0.188484
302.1295,-0.188494
302.1461,-0.188502
302.1628,-0.18851
302.1803,-0.188518
302.1962,-0.188527
302.2124,-0.188537
302.2293,-0.188547
302.2464,-0.188554
302.2625,-0.18856
302.2799,-0.188571
302.2963,-0.188583
302.313,-0.188595
302.3295,-0.18861
302.346,-0.188622
302.3636,-0.188633
302.3802,-0.188643
302.3965,-0.188653
302.4137,-0.188664
302.4294,-0.188674
302.4465,-0.188681
302.4623,-0.18869
302.4796,-0.188698
302.496,-0.188706
302.5123,-0.188712
302.5294,-0.188716
302.5459,-0.18872
302.5632,-0.188724
302.5792,-0.188728
302.5955,-0.188737
302.6125,-0.188746
302.6289,-0.188757
302.6457,-0.188767
302.6621,-0.188777
302.6795,-0.188787
302.6957,-0.188796
302.7125,-0.188807
302.7294,-0.188816
302.7456,-0.188823
302.762,-0.188827
302.7794,-0.188834
302.7965,-0.188843
302.8126,-0.18885
302.829,-0.188859
302.8456,-0.18887
302.8621,-0.188878
302.8792,-0.188885
302.8965,-0.188893
302.9128,-0.1889
302.9297,-0.188907
302.9463,-0.188909
302.9626,-0.18891
302.9802,-0.188912
302.9964,-0.188914
303.0131,-0.188919
303.0292,-0.188924
303.0462,-0.188931
303.0627,-0.188936
303.0797,-0.188943
303.0962,-0.18895
303.113,-0.188959
303.1301,-0.188966
303.1475,-0.188973
303.1633,-0.188978
303.1805,-0.188984
303.1973,-0.18899
303.2132,-0.188995
303.2297,-0.188999
303.2466,-0.189001
303.2636,-0.189005
303.2799,-0.189011
303.2971,-0.18902
303.3142,-0.189029
303.3298,-0.189038
303.3466,-0.189049
303.3632,-0.189059
303.3809,-0.189071
303.3972,-0.189083
303.4138,-0.189096
303.4307,-0.189109
303.4478,-0.18912
303.4636,-0.189131
303.4807,-0.189141
303.4976,-0.189151
303.5136,-0.18916
303.5302,-0.189169
303.5471,-0.189179
303.5646,-0.189187
303.5806,-0.189195
303.598,-0.189202
303.6143,-0.189208
303.6317,-0.189215
303.6478,-0.189221
303.6649,-0.18923
303.6805,-0.18924
303.6981,-0.189253
303.7145,-0.189265
303.7307,-0.189278
303.7481,-0.189289
303.7646,-0.189298
303.7814,-0.189306
303.7982,-0.189315
303.8143,-0.189325
303.8308,-0.189334
303.849,-0.189344
303.8644,-0.189353
303.8812,-0.189362
303.8977,-0.189372
303.9141,-0.189383
303.9311,-0.189394
303.9489,-0.189404
303.9648,-0.189413
303.9816,-0.189421
303.9986,-0.189428
304.0153,-0.189435
304.0316,-0.189445
304.0487,-0.189453
304.065,-0.189465
304.0814,-0.189479
304.0982,-0.18949
304.1152,-0.189501
304.132,-0.189514
304.1488,-0.189527
304.1653,-0.189537
304.1816,-0.189543
304.1983,-0.189549
304.2148,-0.189557
304.2318,-0.189564
304.2484,-0.189572
304.265,-0.189581
304.2813,-0.189591
304.2986,-0.189602
304.3155,-0.189613
304.3324,-0.189623
304.348,-0.189634
304.3658,-0.189644
304.3822,-0.189651
304.399,-0.189659
304.4153,-0.18967
304.4322,-0.189678
304.4486,-0.189687
304.4654,-0.189698
304.4824,-0.189708
304.499,-0.189717
304.515,-0.189725
304.5326,-0.189736
304.5496,-0.189746
304.5653,-0.189756
304.5832,-0.189764
304.5986,-0.189774
304.6163,-0.189782
304.6326,-0.18979
304.6492,-0.189798
304.6656,-0.189806
304.6822,-0.189817
304.6992,-0.189827
304.7157,-0.189839
304.7327,-0.189852
304.7491,-0.189863
304.7664,-0.189875
304.7821,-0.189889
304.8001,-0.189901
304.8158,-0.18991
304.8325,-0.189918
304.8498,-0.189925
304.8661,-0.189934
304.8833,-0.189941
304.8989,-0.189953
304.9158,-0.189964
304.933,-0.189975
304.9492,-0.189984
304.9661,-0.189995
304.9827,-0.190005
305.0005,-0.190015
305.0159,-0.190022
305.0325,-0.190029
305.0496,-0.190037
305.0655,-0.190045
305.0828,-0.190051
305.0993,-0.190059
305.1157,-0.190067
305.1326,-0.190074
305.1486,-0.190084
305.1658,-0.190093
305.1824,-0.190102
305.1995,-0.190112
305.2155,-0.190118
305.2323,-0.190127
305.2489,-0.190137
305.2651,-0.190145
305.2833,-0.190153
305.2984,-0.190161
305.3155,-0.19017
305.3319,-0.19018
305.3492,-0.190191
305.3658,-0.190201
305.3822,-0.190211
305.399,-0.190219
305.4161,-0.190227
305.4321,-0.190238
305.4485,-0.190248
305.4659,-0.190257
305.4824,-0.190265
305.4991,-0.190271
305.5154,-0.190281
305.5317,-0.190288
305.5488,-0.190294
305.5654,-0.190302
305.582,-0.190307
305.5991,-0.190311
305.6154,-0.190318
305.6322,-0.190326
305.6489,-0.19033
305.6648,-0.190336
305.6819,-0.190343
305.6984,-0.190351
305.7152,-0.190359
305.7319,-0.190368
305.748,-0.190377
305.765,-0.190383
305.782,-0.19039
305.7988,-0.190395
305.8151,-0.190401
305.8318,-0.190407
305.8484,-0.19041
305.865,-0.190414
305.8817,-0.19042
305.8981,-0.190426
305.9155,-0.190431
305.9308,-0.190435
305.9481,-0.190441
305.9648,-0.190449
305.9819,-0.190457
305.9978,-0.190463
306.015,-0.19047
306.0322,-0.190474
306.049,-0.190476
306.0654,-0.190477
306.0814,-0.190481
306.0985,-0.190486
306.1149,-0.190493
306.1316,-0.190501
306.1483,-0.190508
306.1658,-0.190514
306.182,-0.19052
306.1988,-0.190526
306.2158,-0.190531
306.2317,-0.190532
306.2486,-0.190533
306.2661,-0.190534
306.2822,-0.190535
306.2986,-0.190539
306.3153,-0.190544
306.3321,-0.19055
306.3487,-0.190553
306.3657,-0.190555
306.3822,-0.190556
306.3992,-0.190557
306.416,-0.190555
306.432,-0.190551
306.4486,-0.190549
306.4652,-0.190549
306.4824,-0.19055
306.4991,-0.190555
306.515,-0.190561
306.533,-0.190568
306.5494,-0.190575
306.5665,-0.190582
306.5825,-0.190587
306.599,-0.190592
306.6165,-0.190594
306.6326,-0.190598
306.6497,-0.190604
306.6666,-0.190612
306.6831,-0.190618
306.7002,-0.190626
306.7173,-0.190632
306.7337,-0.190637
306.75,-0.190644
306.7657,-0.19065
306.7828,-0.190655
306.7999,-0.19066
306.8166,-0.190666
306.8333,-0.19067
306.849,-0.190675
306.8668,-0.190678
306.8835,-0.19068
306.8999,-0.190683
306.9166,-0.190685
306.9333,-0.190691
306.9502,-0.190698
306.9661,-0.190704
306.9836,-0.190714
307.0003,-0.190723
307.0172,-0.190732
307.0342,-0.190741
307.0502,-0.190749
307.067,-0.190759
307.0835,-0.190766
307.1,-0.190771
307.1169,-0.190776
307.1332,-0.190783
307.15,-0.190789
307.1667,-0.190796
307.1833,-0.1908
307.2001,-0.190805
307.2169,-0.190812
307.2332,-0.190823
307.2504,-0.190833
307.2674,-0.190845
307.2835,-0.190856
307.3,-0.190867
307.3175,-0.190878
307.334,-0.190887
307.3501,-0.1909
307.3668,-0.190909
307.3838,-0.190915
307.4,-0.19092
307.4173,-0.190927
307.4341,-0.190936
307.45,-0.190943
307.4666,-0.190948
307.4842,-0.190956
307.5002,-0.190963
307.5175,-0.190971
307.5337,-0.190981
307.5501,-0.190989
307.5672,-0.190999
307.5844,-0.191009
307.6009,-0.19102
307.6172,-0.191033
307.6343,-0.191046
307.6509,-0.191058
307.6682,-0.191069
307.6839,-0.191082
307.7012,-0.191093
307.7176,-0.191102
307.7343,-0.191112
307.7513,-0.191119
307.7682,-0.191124
307.7845,-0.191131
307.8009,-0.191136
307.8182,-0.191142
307.8343,-0.191148
307.8514,-0.191154
307.8677,-0.191163
307.884,-0.191172
307.9009,-0.19118
307.917,-0.191189
307.934,-0.191197
307.9513,-0.191208
307.9675,-0.191219
307.9848,-0.191229
308.0011,-0.191239
308.0174,-0.191248
308.0349,-0.191256
308.051,-0.191267
308.068,-0.191279
308.0848,-0.191291
308.1018,-0.191302
308.1175,-0.19131
308.1348,-0.191322
308.1507,-0.191334
308.1677,-0.191344
308.1844,-0.191352
308.2014,-0.191361
308.2177,-0.19137
308.2349,-0.191378
308.2502,-0.191386
308.268,-0.191393
308.2841,-0.191402
308.3015,-0.191411
308.3179,-0.191423
308.3343,-0.191436
308.3511,-0.191446
308.3676,-0.191458
308.3847,-0.191467
308.4011,-0.191476
308.4186,-0.191485
308.4343,-0.191494
308.4505,-0.191503
308.4677,-0.19151
308.4849,-0.191518
308.5008,-0.191526
308.5178,-0.191534
308.5345,-0.191542
308.5514,-0.19155
308.5675,-0.19156
308.5837,-0.191573
308.6011,-0.191583
308.6183,-0.191594
308.6341,-0.191605
308.6504,-0.191618
308.6669,-0.191633
308.6841,-0.191648
308.7013,-0.19166
308.7177,-0.191675
308.7344,-0.191688
308.751,-0.191701
308.7683,-0.19171
308.7841,-0.191719
308.8011,-0.191728
308.8176,-0.191735
308.8356,-0.191741
308.8517,-0.191748
308.8682,-0.191755
308.8842,-0.19176
308.9019,-0.191766
308.9178,-0.191773
308.9341,-0.191779
308.9514,-0.191785
308.9674,-0.191791
308.9846,-0.191797
309.0009,-0.191803
309.017,-0.191811
309.0348,-0.191822
309.0505,-0.191835
309.0677,-0.19185
309.0842,-0.191865
309.1011,-0.19188
309.1183,-0.191893
309.1348,-0.191905
309.1511,-0.191917
309.1672,-0.191924
309.184,-0.191931
309.2011,-0.191939
309.2176,-0.191947
309.2343,-0.191956
309.2509,-0.19197
309.2673,-0.191984
309.2838,-0.191999
309.3013,-0.192013
309.3177,-0.192026
309.3338,-0.192037
309.3508,-0.192047
309.3675,-0.192056
309.3848,-0.192061
309.4004,-0.192067
309.4171,-0.192073
309.4342,-0.192078
309.4505,-0.192083
309.4668,-0.192092
309.4836,-0.192103
309.5002,-0.192116
309.5172,-0.192127
309.5343,-0.19214
309.5504,-0.192153
309.5678,-0.192166
309.5844,-0.19218
309.6006,-0.192193
309.617,-0.192205
309.6342,-0.192217
309.6508,-0.192229
309.668,-0.192243
309.6837,-0.192257
309.7007,-0.19227
309.7176,-0.192281
309.7348,-0.19229
309.7503,-0.192298
309.7672,-0.192307
309.7837,-0.192319
309.8007,-0.192329
309.817,-0.19234
309.8337,-0.192352
309.8505,-0.192367
309.8673,-0.192381
309.8839,-0.192393
309.9008,-0.192404
309.9165,-0.192414
309.9337,-0.192423
309.9505,-0.192436
309.9667,-0.192448
309.9838,-0.192461
310.0005,-0.192473
310.0169,-0.192485
310.0345,-0.192497
310.0503,-0.192508
310.0674,-0.192518
310.0835,-0.192529
310.1009,-0.192541
310.1169,-0.192552
310.1332,-0.192563
310.15,-0.192571
310.1667,-0.192579
310.1829,-0.192586
310.2004,-0.192595
310.2162,-0.192605
310.2325,-0.192616
310.249,-0.19263
310.2658,-0.19264
310.2828,-0.19265
310.3,-0.192663
310.316,-0.192676
310.3334,-0.19269
310.3494,-0.192701
310.3664,-0.192711
310.383,-0.192721
310.3991,-0.192733
310.4153,-0.192746
310.4327,-0.192761
310.4488,-0.192772
310.4655,-0.192782
310.4821,-0.192793
310.4988,-0.192805
310.5155,-0.192821
310.5324,-0.192835
310.5493,-0.192849
310.566,-0.192862
310.5826,-0.192873
310.5984,-0.192884
310.6156,-0.192898
310.632,-0.192913
310.6484,-0.192927
310.6652,-0.19294
310.6819,-0.192954
310.6994,-0.192969
310.7157,-0.192982
310.7323,-0.192994
310.7493,-0.193008
310.7652,-0.19302
310.7823,-0.193031
310.7981,-0.193042
310.8159,-0.193053
310.8325,-0.193065
310.8487,-0.193076
310.8653,-0.193086
310.8823,-0.193096
310.899,-0.193104
310.9154,-0.193114
310.9316,-0.193124
310.9487,-0.193136
310.9651,-0.193148
310.9818,-0.193159
310.9981,-0.193174
311.0145,-0.193189
311.0317,-0.193203
311.048,-0.193218
311.065,-0.193233
311.0812,-0.193246
311.0984,-0.193261
311.1151,-0.193274
311.132,-0.193287
311.1493,-0.193301
311.1652,-0.193315
311.1822,-0.19333
311.1982,-0.193344
311.2152,-0.193357
311.2319,-0.193369
311.2484,-0.193383
311.2658,-0.193398
311.2819,-0.193415
311.2979,-0.193431
311.3148,-0.193447
311.3319,-0.193459
311.3486,-0.193471
311.3656,-0.193482
311.3819,-0.193492
311.3986,-0.193502
311.4148,-0.193511
311.4315,-0.193522
311.448,-0.193533
311.4649,-0.193547
311.4822,-0.193561
311.4984,-0.193574
311.5151,-0.193589
311.5324,-0.193605
311.5482,-0.193622
311.5651,-0.193636
311.582,-0.19365
311.599,-0.193664
311.6151,-0.193679
311.6324,-0.19369
311.6481,-0.193701
311.6657,-0.193715
311.6819,-0.193731
311.6982,-0.193745
311.715,-0.19376
311.7319,-0.19378
311.7495,-0.193799
311.765,-0.19382
311.7823,-0.19384
311.798,-0.19386
311.8153,-0.193879
311.8325,-0.193897
311.8486,-0.193914
311.8653,-0.193931
311.8827,-0.19395
311.8997,-0.193966
311.9162,-0.193983
311.9322,-0.194
311.9489,-0.194018
311.9649,-0.194035
311.9825,-0.194053
311.9991,-0.19407
312.0162,-0.194089
312.0328,-0.194107
312.0489,-0.194127
312.0663,-0.194143
312.0826,-0.19416
312.0994,-0.194176
312.1163,-0.194194
312.1328,-0.19421
312.1489,-0.194226
312.1661,-0.194243
312.1831,-0.194261
312.1993,-0.194278
312.2159,-0.194295
312.2327,-0.194316
312.2501,-0.194334
312.2659,-0.194351
312.2828,-0.19437
312.2999,-0.19439
312.3162,-0.194408
312.3322,-0.194427
312.3497,-0.194448
312.3657,-0.194468
312.3828,-0.194488
312.3991,-0.194508
312.4165,-0.19453
312.4332,-0.19455
312.4492,-0.194571
312.4664,-0.19459
312.4831,-0.194611
312.4997,-0.194631
312.5168,-0.194651
312.5338,-0.19467
312.5499,-0.194688
312.567,-0.194706
312.5828,-0.194725
312.5998,-0.194743
312.6168,-0.194762
312.6323,-0.194784
312.6497,-0.194805
312.6668,-0.194826
312.6833,-0.194847
312.7003,-0.194869
312.7168,-0.19489
312.7333,-0.194911
312.7507,-0.194932
312.7664,-0.194952
312.7832,-0.194973
312.8009,-0.194992
312.8178,-0.195013
312.8338,-0.195035
312.8508,-0.195058
312.8671,-0.19508
312.8841,-0.195098
312.901,-0.195118
312.9179,-0.195137
312.9341,-0.195157
312.951,-0.195177
312.9675,-0.195198
312.984,-0.19522
313.0008,-0.195241
313.0179,-0.195264
313.0339,-0.195288
313.0513,-0.195311
313.067,-0.195334
313.0841,-0.195357
313.1013,-0.195381
313.1175,-0.195406
313.134,-0.19543
313.151,-0.195454
313.1677,-0.195477
313.1839,-0.195501
313.2,-0.195525
313.2173,-0.195547
313.2334,-0.195571
313.2511,-0.195595
313.2682,-0.19562
313.284,-0.195645
313.3007,-0.195671
313.3176,-0.195697
313.3343,-0.195721
313.3515,-0.195746
313.3681,-0.195773
313.3848,-0.195796
313.4017,-0.195817
313.4174,-0.195838
313.434,-0.195857
313.4509,-0.195878
313.4673,-0.1959
313.4843,-0.195924
313.5011,-0.195948
313.5175,-0.195973
313.5345,-0.195996
313.551,-0.19602
313.5677,-0.196042
313.5843,-0.196064
313.6008,-0.196087
313.6178,-0.196113
313.6343,-0.196136
313.6515,-0.19616
313.6671,-0.196183
313.6847,-0.196206
313.7014,-0.196231
313.7173,-0.196255
313.7342,-0.196277
313.7508,-0.1963
313.7673,-0.196322
313.7844,-0.196345
313.8007,-0.196372
313.8176,-0.196399
313.8341,-0.196424
313.8512,-0.196449
313.868,-0.196473
313.8845,-0.196497
313.901,-0.196525
313.9183,-0.196551
313.9346,-0.196575
313.9511,-0.1966
313.9681,-0.196624
313.9849,-0.196648
314.0014,-0.196673
314.0181,-0.196698
314.0351,-0.19672
314.0517,-0.19674
314.0684,-0.196763
314.0846,-0.196788
314.1013,-0.196811
314.1177,-0.196834
314.1354,-0.196857
314.1508,-0.196882
314.1682,-0.196907
314.1841,-0.196933
314.2012,-0.196961
314.2179,-0.196987
314.2341,-0.197014
314.2516,-0.19704
314.2681,-0.197066
314.2845,-0.197091
314.3011,-0.197117
314.3179,-0.197142
314.3347,-0.197167
314.3511,-0.197192
314.3681,-0.197218
314.3846,-0.197245
314.4013,-0.197275
314.4182,-0.197303
314.434,-0.19733
314.4515,-0.197356
314.468,-0.197386
314.4846,-0.197415
314.5011,-0.197444
314.5181,-0.197471
314.5341,-0.197499
314.5515,-0.197527
314.5671,-0.197552
314.5847,-0.197578
314.6012,-0.197604
314.6175,-0.19763
314.6342,-0.197655
314.651,-0.19768
314.6682,-0.197703
314.6843,-0.197729
314.7011,-0.197756
314.7176,-0.197782
314.7343,-0.197809
314.7509,-0.197835
314.7674,-0.197862
314.7845,-0.19789
314.8011,-0.197918
314.8181,-0.197944
314.8342,-0.19797
314.8509,-0.197995
314.8675,-0.198019
314.8844,-0.198042
314.9014,-0.198064
314.9173,-0.198088
314.9348,-0.19811
314.9513,-0.198133
314.9674,-0.198155
314.9843,-0.198176
315.0012,-0.198198
315.0178,-0.198221
315.0341,-0.198245
315.0508,-0.198268
315.0673,-0.198292
315.0834,-0.198318
315.1003,-0.198345
315.1179,-0.198371
315.1344,-0.198398
315.1512,-0.198423
315.1676,-0.198448
315.1839,-0.19847
315.2013,-0.19849
315.2173,-0.198511
315.2336,-0.198531
315.2507,-0.198551
315.2662,-0.198573
315.283,-0.198595
315.3004,-0.19862
315.3162,-0.19865
315.3334,-0.198678
315.3502,-0.198708
315.3675,-0.198736
315.3845,-0.19876
315.4006,-0.198783
315.4174,-0.198803
315.4339,-0.198826
315.4506,-0.198849
315.4673,-0.198872
315.4846,-0.198898
315.5004,-0.198926
315.5177,-0.198955
315.5337,-0.198983
315.5501,-0.199011
315.5672,-0.199036
315.584,-0.199062
315.6003,-0.199085
315.6171,-0.199109
315.634,-0.199133
315.6502,-0.199157
315.6674,-0.199181
315.6835,-0.199208
315.7008,-0.199235
315.7161,-0.199258
315.7338,-0.199281
315.7508,-0.199306
315.7674,-0.199333
315.7835,-0.19936
315.7995,-0.199387
315.8164,-0.199412
315.8332,-0.199438
315.8505,-0.199466
315.8666,-0.199494
315.8829,-0.199524
315.8997,-0.199552
315.9168,-0.19958
315.933,-0.19961
315.9499,-0.199641
315.967,-0.199671
315.9824,-0.1997
315.9998,-0.199727
316.0166,-0.199754
316.0331,-0.199782
316.0491,-0.19981
316.0665,-0.19984
316.0828,-0.199867
316.0994,-0.199893
316.1164,-0.199921
316.1332,-0.199949
316.1499,-0.199972
316.1665,-0.199995
316.183,-0.200018
316.2001,-0.200041
316.2161,-0.200064
316.2325,-0.200088
316.2494,-0.200114
316.2663,-0.200141
316.2827,-0.200168
316.2996,-0.200197
316.316,-0.200227
316.3336,-0.200253
316.3491,-0.200278
316.3665,-0.200301
316.3824,-0.200324
316.3997,-0.200349
316.4151,-0.200373
316.4325,-0.200396
316.4489,-0.200424
316.4658,-0.20045
316.4832,-0.200476
316.4993,-0.200501
316.517,-0.200527
316.5327,-0.200551
316.5493,-0.200572
316.5658,-0.200595
316.5823,-0.20062
316.5989,-0.200647
316.616,-0.200674
316.6327,-0.200701
316.6492,-0.200727
316.6662,-0.200753
316.6828,-0.200779
316.6992,-0.200807
316.7157,-0.200838
316.7325,-0.200867
316.7489,-0.200894
316.7661,-0.200922
316.7823,-0.200949
316.7993,-0.200975
316.8155,-0.201003
316.833,-0.201031
316.849,-0.201058
316.866,-0.201086
316.8829,-0.201115
316.8991,-0.201147
316.9159,-0.201174
316.9331,-0.201204
316.9493,-0.201233
316.966,-0.201261
316.983,-0.201288
316.9988,-0.201314
317.0162,-0.201339
317.0332,-0.201366
317.0498,-0.201392
317.0657,-0.201419
317.0829,-0.201446
317.0994,-0.201471
317.1164,-0.201496
317.1331,-0.201523
317.1493,-0.201549
317.1662,-0.201575
317.1828,-0.201602
317.1998,-0.20163
317.2162,-0.201661
317.233,-0.201692
317.25,-0.201726
317.2669,-0.201758
317.2831,-0.201788
317.3,-0.201818
317.3166,-0.201846
317.3331,-0.201872
317.3503,-0.2019
317.3664,-0.201924
317.3842,-0.201951
317.4002,-0.201977
317.417,-0.202002
317.4336,-0.20203
317.4505,-0.202056
317.467,-0.202082
317.4836,-0.202109
317.4998,-0.202135
317.5167,-0.202162
317.5338,-0.202191
317.5501,-0.202222
317.5663,-0.202254
317.5835,-0.202285
317.6002,-0.202315
317.6172,-0.202346
317.6331,-0.202377
317.6501,-0.202409
317.6672,-0.202439
317.6835,-0.202469
317.7008,-0.202497
317.7168,-0.202528
317.7337,-0.202558
317.7504,-0.202589
317.7673,-0.202622
317.7834,-0.202654
317.8002,-0.202686
317.8173,-0.202717
317.8342,-0.202748
317.8495,-0.202781
317.8674,-0.202816
317.8843,-0.20285
317.9009,-0.202882
317.9172,-0.202917
317.9347,-0.202949
317.951,-0.202979
317.9669,-0.20301
317.9838,-0.203042
318.0014,-0.203074
318.0171,-0.203106
318.0342,-0.203136
318.0507,-0.203168
318.0672,-0.203199
318.0842,-0.203232
318.1015,-0.203265
318.1173,-0.203298
318.1345,-0.203331
318.1514,-0.203366
318.1679,-0.203399
318.1844,-0.203433
318.2017,-0.203467
318.2186,-0.203498
318.234,-0.203531
318.2507,-0.203565
318.2674,-0.203598
318.285,-0.203633
318.3008,-0.203669
318.3185,-0.203709
318.3346,-0.203753
318.3508,-0.203787
318.3687,-0.203821
318.3845,-0.203854
318.4006,-0.203887
318.4184,-0.203922
318.4342,-0.203956
318.4505,-0.203989
318.4677,-0.204026
318.4848,-0.204081
318.5011,-0.204117
318.5174,-0.204155
318.5345,-0.204193
318.5515,-0.204244
318.5674,-0.204309
318.5841,-0.204372
318.6012,-0.20441
318.6181,-0.204448
318.6348,-0.204483
318.6515,-0.204519
318.6676,-0.204551
318.6842,-0.204583
318.7011,-0.204615
318.7181,-0.204647
318.7338,-0.20468
318.751,-0.204714
318.7679,-0.204748
318.7845,-0.204784
318.8013,-0.204841
318.8171,-0.204904
318.8351,-0.204989
318.8512,-0.205072
318.8679,-0.205141
318.8853,-0.205213
318.901,-0.205259
318.9174,-0.205296
318.9337,-0.20533
318.9504,-0.205363
318.968,-0.205393
318.9846,-0.205421
319.0009,-0.205449
319.0176,-0.20548
319.0339,-0.205512
319.0502,-0.205541
319.0674,-0.205572
319.0833,-0.205603
319.1011,-0.205638
319.1173,-0.205674
319.134,-0.205711
319.1508,-0.205747
319.1676,-0.205784
319.1844,-0.20582
319.2006,-0.205856
319.2181,-0.205893
319.2343,-0.205929
319.2501,-0.205964
319.2677,-0.205997
319.2841,-0.20603
319.3005,-0.206064
319.3174,-0.206099
319.3334,-0.206132
319.3502,-0.206165
319.3671,-0.2062
319.3846,-0.206235
319.4,-0.206271
319.417,-0.206308
319.4333,-0.206343
319.4499,-0.206377
319.4667,-0.206412
319.4837,-0.206446
319.5006,-0.20648
319.5163,-0.206512
319.5328,-0.206545
319.5505,-0.206578
319.5662,-0.206612
319.5828,-0.206643
319.5995,-0.206673
319.6166,-0.206707
319.6325,-0.206739
319.6494,-0.206773
319.666,-0.206806
319.6826,-0.206838
319.6996,-0.206871
319.7162,-0.206903
319.7325,-0.206936
319.749,-0.206968
319.7653,-0.206998
319.7827,-0.207028
319.7991,-0.20706
319.8163,-0.207093
319.8329,-0.207128
319.8494,-0.207163
319.8666,-0.207198
319.8826,-0.207233
319.8993,-0.207265
319.9161,-0.207295
319.9328,-0.207324
319.9491,-0.207355
319.9663,-0.207385
319.9822,-0.207415
319.9997,-0.207444
320.016,-0.207476
320.0326,-0.207508
320.0496,-0.207541
320.066,-0.20757
320.0825,-0.207596
320.0996,-0.207624
320.1158,-0.207653
320.1326,-0.207684
320.1494,-0.207714
320.1656,-0.207746
320.1824,-0.207777
320.2002,-0.207809
320.2162,-0.207841
320.2334,-0.20787
320.2492,-0.207899
320.2657,-0.207928
320.2826,-0.207958
320.2994,-0.20799
320.3154,-0.208022
320.333,-0.208058
320.3497,-0.208104
320.3665,-0.208158
320.3832,-0.208201
320.3998,-0.208235
320.4171,-0.208268
320.4328,-0.208301
320.4507,-0.208335
320.4668,-0.208369
320.4834,-0.208402
320.5005,-0.208436
320.5175,-0.208472
320.5334,-0.208507
320.5507,-0.208542
320.5672,-0.208577
320.5839,-0.208612
320.6003,-0.208648
320.6176,-0.208685
320.6335,-0.208721
320.6502,-0.208756
320.6666,-0.208789
320.684,-0.208822
320.7002,-0.208853
320.7171,-0.208885
320.7337,-0.208917
320.7496,-0.208947
320.7669,-0.208978
320.7828,-0.20901
320.7994,-0.209043
320.8165,-0.209078
320.8325,-0.209147
320.8487,-0.209184
320.866,-0.209256
320.8831,-0.209316
320.8989,-0.209363
320.9164,-0.209428
320.9329,-0.209481
320.95,-0.209524
320.9657,-0.209562
320.982,-0.209598
320.9991,-0.209633
321.0159,-0.209666
321.0331,-0.209701
321.0495,-0.209737
321.0652,-0.209772
321.0821,-0.209806
321.099,-0.209841
321.1151,-0.209875
321.1331,-0.209913
321.1489,-0.209949
321.1656,-0.209985
321.1827,-0.210018
321.1993,-0.210051
321.2165,-0.210082
321.2327,-0.210114
321.2488,-0.210146
321.2654,-0.210179
321.2827,-0.210211
321.2995,-0.210243
321.3151,-0.210276
321.3319,-0.210309
321.3484,-0.210342
321.3654,-0.210375
321.3827,-0.210405
321.3989,-0.210437
321.416,-0.210468
321.4322,-0.2105
321.449,-0.210532
321.4651,-0.210562
321.4826,-0.210594
321.4984,-0.210626
321.515,-0.210659
321.5325,-0.210693
321.5489,-0.210728
321.5655,-0.210765
321.5821,-0.210801
321.5988,-0.210835
321.6143,-0.210869
321.6319,-0.210902
321.6486,-0.210932
321.6649,-0.210963
321.6822,-0.210994
321.6988,-0.211023
321.7155,-0.211054
321.731,-0.211082
321.7491,-0.211112
321.7654,-0.211145
321.7818,-0.211181
321.7984,-0.211242
321.8152,-0.211296
321.8321,-0.211333
321.8482,-0.211369
321.8655,-0.211403
321.8823,-0.211438
321.8991,-0.211475
321.915,-0.21151
321.932,-0.211545
321.9482,-0.211579
321.9648,-0.211615
321.9823,-0.211652
321.9988,-0.211687
322.0157,-0.21172
322.0331,-0.211756
322.049,-0.21179
322.0655,-0.211825
322.0821,-0.21186
322.0987,-0.211892
322.1154,-0.211923
322.1319,-0.211955
322.1481,-0.211986
322.1651,-0.212018
322.1811,-0.212052
322.1983,-0.212084
322.2149,-0.212118
322.2319,-0.212154
322.2482,-0.212193
322.2657,-0.212231
322.2815,-0.212268
322.2987,-0.212306
322.3152,-0.212343
322.3315,-0.212378
322.349,-0.212414
322.3648,-0.212453
322.3816,-0.212488
322.3985,-0.212527
322.4145,-0.212564
322.4315,-0.2126
322.4485,-0.212637
322.4652,-0.212674
322.4818,-0.212711
322.4985,-0.212746
322.5149,-0.212779
322.5318,-0.212812
322.5488,-0.212846
322.5653,-0.21288
322.5811,-0.212917
322.5977,-0.212976
322.6148,-0.213046
322.6318,-0.213124
322.6485,-0.213178
322.6646,-0.213246
322.6818,-0.213332
322.6983,-0.213382
322.7148,-0.21342
322.7318,-0.213458
322.748,-0.213494
322.7645,-0.213529
322.7812,-0.213567
322.7981,-0.213605
322.8141,-0.213642
322.8312,-0.213679
322.8482,-0.213717
322.865,-0.213755
322.8809,-0.213795
322.8977,-0.213836
322.9147,-0.213874
322.9312,-0.213914
322.9474,-0.213954
322.9643,-0.214005
322.9811,-0.214056
322.9972,-0.214097
323.0141,-0.214144
323.0309,-0.214186
323.0484,-0.214225
323.0645,-0.214265
323.0807,-0.214305
323.0975,-0.214342
323.1143,-0.214381
323.1309,-0.21442
323.1478,-0.214458
323.1639,-0.214495
323.1807,-0.214532
323.1971,-0.214568
323.2142,-0.214605
323.2302,-0.214642
323.2463,-0.214679
323.2639,-0.214718
323.2802,-0.214762
323.297,-0.214816
323.3133,-0.214869
323.3305,-0.214916
323.3474,-0.214955
323.3633,-0.214994
323.3811,-0.215033
323.3971,-0.215073
323.4135,-0.215109
323.4309,-0.215147
323.4467,-0.215185
323.4634,-0.215223
323.4803,-0.21526
323.4966,-0.215297
323.5139,-0.215335
323.5308,-0.215373
323.5468,-0.215411
323.563,-0.215449
323.5801,-0.215487
323.5964,-0.215524
323.6142,-0.215561
323.6307,-0.2156
323.6469,-0.215638
323.6638,-0.215673
323.6805,-0.215709
323.6973,-0.215744
323.7137,-0.215782
323.731,-0.215822
323.7472,-0.215859
323.7635,-0.215896
323.7811,-0.215935
323.7971,-0.215972
323.8137,-0.216009
323.8304,-0.216048
323.8473,-0.216087
323.8632,-0.216125
323.8804,-0.216163
323.8969,-0.216201
323.9138,-0.216243
323.9304,-0.216285
323.9466,-0.216329
323.9629,-0.21637
323.9806,-0.21641
323.9965,-0.216492
324.0134,-0.216594
324.0305,-0.216694
324.0471,-0.216752
324.0637,-0.216823
324.0801,-0.216866
324.0967,-0.216907
324.1136,-0.216958
324.1299,-0.216998
324.1469,-0.217035
324.1639,-0.217073
324.1804,-0.21711
324.1975,-0.217149
324.2133,-0.217187
324.2313,-0.217223
324.2466,-0.217258
324.2636,-0.217294
324.2802,-0.217333
324.2968,-0.217372
324.3133,-0.217411
324.3303,-0.217452
324.3478,-0.217491
324.3643,-0.217528
324.3806,-0.217566
324.397,-0.217602
324.4144,-0.217639
324.4309,-0.217676
324.4476,-0.217716
324.4639,-0.217756
324.4803,-0.217799
324.4969,-0.21784
324.5144,-0.217879
324.5309,-0.217919
324.5477,-0.217959
324.5646,-0.218
324.5807,-0.218042
324.5972,-0.218085
324.6143,-0.21816
324.6308,-0.218227
324.6472,-0.218281
324.6645,-0.218338
324.6813,-0.21838
324.6983,-0.218421
324.7149,-0.21846
324.7313,-0.2185
324.7474,-0.218539
324.764,-0.218577
324.7815,-0.218615
324.7978,-0.218656
324.8146,-0.218697
324.8307,-0.218755
324.848,-0.218797
324.8654,-0.218839
324.8816,-0.218895
324.898,-0.218948
324.9147,-0.218998
324.9305,-0.219039
324.9485,-0.219081
324.9652,-0.219124
324.9821,-0.219165
324.9978,-0.219208
325.0145,-0.219249
325.0318,-0.219304
325.048,-0.219355
325.0653,-0.2194
325.0813,-0.219486
325.0985,-0.219577
325.115,-0.219697
325.1313,-0.219773
325.1478,-0.219836
325.1652,-0.219912
325.182,-0.219993
325.1996,-0.220049
325.2151,-0.220118
325.2317,-0.220182
325.2481,-0.220226
325.2659,-0.220268
325.2821,-0.220333
325.2987,-0.220403
325.315,-0.220459
325.3326,-0.22051
325.3487,-0.220553
325.3657,-0.220612
325.3824,-0.22069
325.3988,-0.220754
325.4157,-0.220798
325.4321,-0.22087
325.4489,-0.22092
325.4649,-0.220966
325.4818,-0.221014
325.4985,-0.221056
325.515,-0.221098
325.5314,-0.221145
325.5478,-0.221187
325.5647,-0.221259
325.5815,-0.221304
325.5983,-0.221377
325.6146,-0.221485
325.6314,-0.221626
325.6486,-0.221776
325.6642,-0.221893
325.6817,-0.221991
325.698,-0.222055
325.7151,-0.222128
325.7315,-0.222174
325.7479,-0.222216
325.7643,-0.222258
325.7812,-0.22232
325.7978,-0.222363
325.8142,-0.222407
325.8304,-0.222471
325.8483,-0.222545
325.8641,-0.222599
325.8813,-0.22266
325.8975,-0.222713
325.9146,-0.222773
325.9311,-0.222838
325.9474,-0.222913
325.9645,-0.223007
325.9812,-0.2231
325.9969,-0.223159
326.014,-0.223202
326.0314,-0.223246
326.0474,-0.223292
326.0638,-0.223356
326.0812,-0.223407
326.0976,-0.223447
326.1141,-0.223488
326.1298,-0.22353
326.1475,-0.223571
326.1643,-0.223612
326.1807,-0.22366
326.1978,-0.223704
326.2136,-0.223757
326.2304,-0.2238
326.2471,-0.223843
326.2638,-0.223885
326.2806,-0.223929
326.2963,-0.223971
326.3136,-0.224012
326.3309,-0.224051
326.3471,-0.224091
326.3639,-0.224131
326.3801,-0.224172
326.3969,-0.224213
326.4134,-0.224252
326.4305,-0.224295
326.4469,-0.224345
326.464,-0.224401
326.48,-0.224443
326.4966,-0.224484
326.5129,-0.224531
326.5304,-0.224573
326.5475,-0.224616
326.5634,-0.22466
326.5803,-0.224704
326.5971,-0.224747
326.6131,-0.224789
326.63,-0.224831
326.647,-0.224875
326.6631,-0.224916
326.6797,-0.224959
326.697,-0.225002
326.7134,-0.225043
326.7294,-0.225086
326.7464,-0.22513
326.7634,-0.225174
326.78,-0.225217
326.7961,-0.225258
326.8128,-0.2253
326.8299,-0.225343
326.8465,-0.225387
326.8629,-0.225431
326.8801,-0.225474
326.8963,-0.225516
326.9131,-0.22556
326.9298,-0.225603
326.9457,-0.225648
326.9631,-0.225692
326.979,-0.225736
326.9962,-0.225781
327.0125,-0.225848
327.0294,-0.225899
327.0462,-0.225944
327.0628,-0.225988
327.0792,-0.226032
327.0959,-0.226073
327.1125,-0.226115
327.1287,-0.226157
327.1465,-0.2262
327.1628,-0.226244
327.179,-0.226288
327.1959,-0.226332
327.2122,-0.22638
327.2293,-0.226436
327.2468,-0.226482
327.2628,-0.226527
327.2796,-0.226571
327.2962,-0.226614
327.3128,-0.226659
327.3297,-0.226705
327.3462,-0.22675
327.3623,-0.226799
327.3791,-0.226844
327.3966,-0.22689
327.4131,-0.22696
327.4297,-0.227055
327.4465,-0.227131
327.4627,-0.227197
327.4798,-0.227241
327.4969,-0.227287
327.5129,-0.227333
327.5299,-0.227378
327.5464,-0.227423
327.5625,-0.227466
327.5794,-0.227512
327.5961,-0.227556
327.6129,-0.227617
327.6292,-0.227711
327.6454,-0.227794
327.6625,-0.227927
327.6797,-0.22799
327.6969,-0.228065
327.7135,-0.228147
327.7292,-0.228227
327.7465,-0.228297
327.7625,-0.228343
327.7799,-0.228389
327.796,-0.228433
327.8124,-0.228479
327.829,-0.228524
327.8454,-0.228568
327.8629,-0.228611
327.8796,-0.228653
327.8965,-0.228709
327.9125,-0.228758
327.9289,-0.228804
327.946,-0.228859
327.9622,-0.228905
327.9802,-0.228951
327.9953,-0.229014
328.012,-0.229108
328.0291,-0.2292
328.0462,-0.229289
328.0629,-0.22937
328.0789,-0.229513
328.0953,-0.22961
328.1132,-0.229669
328.1283,-0.229758
328.1454,-0.229819
328.1621,-0.229868
328.1788,-0.22993
328.1955,-0.229993
328.2126,-0.230065
328.2294,-0.230126
328.2456,-0.230176
328.2622,-0.230278
328.2791,-0.230369
328.2953,-0.230442
328.3118,-0.230488
328.3287,-0.230534
328.3458,-0.230579
328.362,-0.230624
328.3792,-0.230694
328.395,-0.230753
328.4112,-0.230797
328.4283,-0.230841
328.4455,-0.230886
328.4621,-0.23093
328.4785,-0.230981
328.4951,-0.23103
328.5114,-0.231076
328.5289,-0.231126
328.545,-0.23119
328.5623,-0.23127
328.5783,-0.231354
328.5948,-0.231416
328.6118,-0.231472
328.6281,-0.231522
328.6452,-0.231569
328.6613,-0.231615
328.6787,-0.231662
328.6948,-0.231709
328.7119,-0.231753
328.7286,-0.2318
328.7454,-0.231844
328.7622,-0.231889
328.7776,-0.231935
328.7947,-0.231981
328.8117,-0.232027
328.8279,-0.232074
328.8449,-0.232121
328.8619,-0.232226
328.8786,-0.232326
328.8946,-0.232466
328.9118,-0.232578
328.9284,-0.232657
328.9448,-0.232765
328.9616,-0.232864
328.979,-0.232949
328.9948,-0.233037
329.0116,-0.233103
329.0284,-0.233147
329.0452,-0.233222
329.0609,-0.233265
329.0782,-0.233311
329.0945,-0.233361
329.1111,-0.23344
329.1275,-0.233547
329.1452,-0.233651
329.1613,-0.233778
329.1774,-0.233902
329.1949,-0.23398
329.2114,-0.234032
329.2274,-0.234078
329.2451,-0.234122
329.2612,-0.234167
329.278,-0.234228
329.2943,-0.234337
329.3118,-0.234426
329.3273,-0.234497
329.3445,-0.234608
329.3614,-0.234683
329.3782,-0.234728
329.3942,-0.234789
329.4107,-0.234842
329.4279,-0.234886
329.4438,-0.23493
329.4609,-0.234978
329.4775,-0.235041
329.4946,-0.235105
329.5106,-0.235151
329.528,-0.235227
329.5444,-0.235296
329.5615,-0.23536
329.5775,-0.235493
329.5939,-0.235621
329.6106,-0.235744
329.6286,-0.235855
329.6439,-0.235915
329.6617,-0.235966
329.6782,-0.236027
329.6955,-0.236105
329.7115,-0.236149
329.7276,-0.236192
329.7448,-0.236234
329.7612,-0.236278
329.7782,-0.236339
329.7947,-0.236416
329.8102,-0.236472
329.8279,-0.236518
329.845,-0.236585
329.8618,-0.23663
329.8781,-0.236684
329.8945,-0.236802
329.9106,-0.236899
329.9276,-0.237
329.9441,-0.237103
329.9611,-0.237162
329.9778,-0.237212
329.9942,-0.23736
330.0115,-0.237497
330.0279,-0.237622
330.0446,-0.237775
330.0607,-0.237892
330.0781,-0.238011
330.0939,-0.23817
330.1107,-0.238364
330.1283,-0.238486
330.1443,-0.238596
330.1618,-0.238694
330.1783,-0.238796
330.1946,-0.23887
330.211,-0.238912
330.2275,-0.238954
330.2442,-0.238995
330.2606,-0.239044
330.2775,-0.239123
330.2941,-0.239243
330.3109,-0.239329
330.3266,-0.239419
330.3446,-0.239527
330.3608,-0.239613
330.3774,-0.23968
330.3939,-0.239764
330.411,-0.239842
330.4276,-0.239884
330.4439,-0.239955
330.4605,-0.240063
330.4762,-0.240181
330.4938,-0.240376
330.5103,-0.240567
330.5274,-0.240759
330.5435,-0.240894
330.561,-0.241045
330.5778,-0.24113
330.5939,-0.24121
330.611,-0.241281
330.6269,-0.241327
330.6445,-0.241366
330.6606,-0.241411
330.6771,-0.241517
330.6935,-0.241608
330.7103,-0.241717
330.7276,-0.241811
330.7446,-0.241912
330.761,-0.242001
330.7777,-0.242095
330.794,-0.242157
330.8102,-0.242204
330.8273,-0.242273
330.844,-0.242335
330.861,-0.242398
330.8775,-0.242495
330.894,-0.242608
330.9104,-0.242663
330.9281,-0.242724
330.9435,-0.242792
330.9611,-0.242876
330.9777,-0.242978
330.9946,-0.243093
331.0108,-0.243193
331.0279,-0.243284
331.0442,-0.24335
331.0617,-0.243433
331.0774,-0.243505
331.0941,-0.243612
331.1107,-0.243695
331.128,-0.243799
331.1441,-0.243877
331.1606,-0.243984
331.1777,-0.244072
331.1938,-0.244176
331.2113,-0.244244
331.2273,-0.244367
331.244,-0.244487
331.26,-0.244544
331.2763,-0.244652
331.294,-0.24473
331.3109,-0.244874
331.327,-0.245084
331.343,-0.24531
331.3602,-0.245495
331.3761,-0.24563
331.3939,-0.245719
331.4103,-0.245822
331.4266,-0.245973
331.4433,-0.24605
331.46,-0.246186
331.477,-0.246303
331.4927,-0.2464
331.5108,-0.246502
331.5273,-0.246631
331.5445,-0.246766
331.5596,-0.246929
331.5768,-0.247045
331.5933,-0.247126
331.6104,-0.247252
331.6265,-0.247347
331.6439,-0.247423
331.6596,-0.247486
331.6767,-0.247568
331.6935,-0.247647
331.7094,-0.247771
331.7251,-0.247926
331.743,-0.248125
331.76,-0.248271
331.7765,-0.248427
331.7929,-0.248579
331.8091,-0.248723
331.8261,-0.248809
331.842,-0.248886
331.8595,-0.248951
331.8766,-0.249021
331.8928,-0.249096
331.9097,-0.249194
331.9261,-0.249264
331.9426,-0.249354
331.9587,-0.249454
331.9756,-0.24957
331.9919,-0.249704
332.0093,-0.249841
332.0259,-0.249982
332.0423,-0.250143
332.0588,-0.25027
332.0758,-0.250436
332.0925,-0.250551
332.1092,-0.250651
332.1255,-0.250731
332.1425,-0.250776
332.1589,-0.250811
332.1752,-0.250845
332.1919,-0.250896
332.2088,-0.250959
332.2247,-0.251036
332.2412,-0.251115
332.2578,-0.251234
332.2747,-0.251405
332.2913,-0.25158
332.3082,-0.25174
332.3254,-0.251877
332.342,-0.25201
332.3585,-0.252098
332.3752,-0.25214
332.3921,-0.252225
332.4078,-0.252319
332.424,-0.252394
332.4415,-0.252465
332.4581,-0.252548
332.4748,-0.252679
332.4913,-0.252843
332.508,-0.252948
332.5246,-0.25301
332.5411,-0.253054
332.5578,-0.253098
332.5738,-0.253159
332.5907,-0.253227
332.6075,-0.253306
332.6241,-0.253383
332.6403,-0.253423
332.6573,-0.253496
332.6736,-0.25357
332.6909,-0.253659
332.7072,-0.253742
332.7234,-0.253811
332.7407,-0.253879
332.7575,-0.253957
332.774,-0.254034
332.7903,-0.254159
332.8064,-0.25431
332.823,-0.254393
332.84,-0.254453
332.8564,-0.254535
332.8736,-0.254591
332.8907,-0.254633
332.9067,-0.254694
332.9232,-0.254781
332.9398,-0.254848
332.9567,-0.254925
332.9731,-0.255031
332.9898,-0.255158
333.0073,-0.255298
333.0232,-0.255387
333.0408,-0.255457
333.0567,-0.255516
333.0733,-0.255551
333.09,-0.255602
333.107,-0.255682
333.1232,-0.25578
333.1406,-0.255871
333.1572,-0.25597
333.1739,-0.256099
333.1902,-0.256228
333.2072,-0.256354
333.2234,-0.256482
333.2405,-0.256664
333.2563,-0.256779
333.2738,-0.256918
333.2899,-0.257036
333.3075,-0.25713
333.3235,-0.257227
333.3409,-0.257321
333.3572,-0.257397
333.3739,-0.257482
333.3901,-0.257554
333.4066,-0.257711
333.4232,-0.25793
333.4401,-0.258149
333.4576,-0.258333
333.474,-0.258491
333.4911,-0.258674
333.5068,-0.258827
333.5235,-0.258907
333.5405,-0.25898
333.557,-0.259053
333.5736,-0.259106
333.5895,-0.259168
333.6066,-0.25924
333.6232,-0.259303
333.6402,-0.259438
333.6563,-0.2596
333.6731,-0.259861
333.6906,-0.260081
333.706,-0.26031
333.7245,-0.260519
333.7406,-0.26078
333.7573,-0.261018
333.7743,-0.261149
333.7899,-0.261273
333.8068,-0.261389
333.8236,-0.261504
333.8403,-0.261622
333.8571,-0.261725
333.8739,-0.261826
333.8898,-0.26195
333.9065,-0.262117
333.9233,-0.262297
333.9404,-0.262454
333.9569,-0.262635
333.9737,-0.262823
333.9901,-0.263015
334.007,-0.263166
334.0234,-0.263282
334.0404,-0.263387
334.0566,-0.2635
334.074,-0.263611
334.0899,-0.263738
334.1066,-0.263856
334.1231,-0.263962
334.1399,-0.264062
334.1564,-0.264157
334.1733,-0.264284
334.1896,-0.264393
334.2067,-0.264515
334.2236,-0.264662
334.2402,-0.264803
334.2558,-0.264936
334.2727,-0.265057
334.2898,-0.265173
334.3067,-0.265334
334.3229,-0.265509
334.3404,-0.265631
334.3566,-0.265741
334.3732,-0.265872
334.3898,-0.265967
334.4064,-0.266067
334.4229,-0.26617
334.4399,-0.266321
334.4571,-0.266478
334.4734,-0.266626
334.4893,-0.266753
334.5064,-0.266908
334.524,-0.267042
334.5399,-0.267162
334.5567,-0.267303
334.5724,-0.267422
334.5898,-0.267526
334.6058,-0.267598
334.623,-0.267724
334.6402,-0.267869
334.6566,-0.267991
334.6729,-0.268063
334.6902,-0.268165
334.7073,-0.268279
334.7238,-0.268438
334.7396,-0.268551
334.7563,-0.268654
334.7738,-0.268692
334.7898,-0.268751
334.8064,-0.268832
334.8232,-0.268938
334.8403,-0.269005
334.8561,-0.269054
334.8738,-0.269152
334.8899,-0.269248
334.9064,-0.269384
334.9234,-0.269537
334.9401,-0.269713
334.9568,-0.269898
334.9732,-0.270022
334.9898,-0.270165
335.0062,-0.270295
335.0241,-0.270389
335.0404,-0.270448
335.0561,-0.270514
335.0728,-0.270588
335.0893,-0.270666
335.1055,-0.270765
335.1225,-0.270916
335.1394,-0.271091
335.1565,-0.271285
335.1721,-0.271462
335.1895,-0.271644
335.2064,-0.271786
335.223,-0.271908
335.2395,-0.272005
335.2558,-0.272094
335.2733,-0.272185
335.2896,-0.272247
335.3055,-0.272321
335.3223,-0.27243
335.3394,-0.272539
335.3563,-0.272622
335.3719,-0.272732
335.3889,-0.27285
335.4057,-0.273007
335.4222,-0.273136
335.4389,-0.273312
335.4559,-0.273496
335.4723,-0.273654
335.4893,-0.273842
335.5059,-0.274013
335.5232,-0.2741
335.5389,-0.27417
335.5561,-0.274265
335.5721,-0.274342
335.5888,-0.27444
335.6054,-0.274525
335.6221,-0.274614
335.639,-0.274699
335.6554,-0.274861
335.6722,-0.274999
335.6889,-0.275157
335.7052,-0.275272
335.7221,-0.275367
335.7386,-0.275467
335.7556,-0.27556
335.7725,-0.275688
335.7888,-0.275808
335.8061,-0.275965
335.8217,-0.276093
335.8389,-0.27623
335.8557,-0.276372
335.8717,-0.276491
335.8894,-0.276634
335.9051,-0.276783
335.9219,-0.276933
335.939,-0.277026
335.955,-0.277138
335.9718,-0.27724
335.9884,-0.277354
336.0053,-0.277431
336.0221,-0.277485
336.039,-0.277525
336.0551,-0.277567
336.0721,-0.277615
336.0889,-0.277676
336.1053,-0.277763
336.1214,-0.277852
336.1383,-0.278005
336.1549,-0.27815
336.1724,-0.278307
336.1895,-0.278468
336.2054,-0.278661
336.2223,-0.278855
336.2386,-0.278992
336.2552,-0.279097
336.2721,-0.279241
336.2883,-0.279435
336.306,-0.279571
336.3219,-0.279697
336.3389,-0.279842
336.3559,-0.27998
336.3729,-0.280044
336.3885,-0.280073
336.4054,-0.280125
336.4214,-0.280234
336.4381,-0.280352
336.4547,-0.2805
336.4717,-0.280686
336.4882,-0.280877
336.5052,-0.281069
336.5219,-0.281212
336.5389,-0.281443
336.555,-0.281594
336.5719,-0.281723
336.5886,-0.281823
336.6049,-0.281952
336.6219,-0.282059
336.6383,-0.282205
336.6553,-0.28238
336.6714,-0.282518
336.6894,-0.282666
336.7054,-0.282767
336.722,-0.282888
336.7385,-0.282968
336.7554,-0.283058
336.7717,-0.283155
336.7887,-0.283243
336.8051,-0.283328
336.821,-0.283422
336.8384,-0.283526
336.8546,-0.28362
336.8717,-0.283722
336.8882,-0.283851
336.9049,-0.283999
336.9214,-0.284157
336.9383,-0.28429
336.9546,-0.284412
336.9718,-0.284496
336.9887,-0.284628
337.0051,-0.284752
337.0214,-0.284866
337.0387,-0.284966
337.0542,-0.285041
337.071,-0.285128
337.0884,-0.285223
337.1042,-0.28537
337.1212,-0.285518
337.1377,-0.285638
337.1543,-0.285743
337.171,-0.285872
337.1881,-0.286014
337.204,-0.286174
337.2211,-0.286282
337.2376,-0.286394
337.2546,-0.286513
337.2705,-0.286643
337.2873,-0.286825
337.3033,-0.286997
337.3211,-0.287119
337.3378,-0.287199
337.3545,-0.287291
337.3707,-0.287379
337.3871,-0.287438
337.4036,-0.287509
337.4203,-0.287597
337.4366,-0.28771
337.4545,-0.287854
337.4703,-0.28798
337.4869,-0.288107
337.5048,-0.288228
337.521,-0.2883
337.5372,-0.288371
337.5542,-0.288455
337.5706,-0.288513
337.5869,-0.288565
337.6033,-0.288679
337.6205,-0.288806
337.6373,-0.288946
337.6542,-0.289088
337.6706,-0.289176
337.6871,-0.289295
337.7036,-0.289402
337.7211,-0.289462
337.7366,-0.289534
337.7532,-0.289613
337.7702,-0.289712
337.7868,-0.289796
337.8034,-0.289879
337.82,-0.289952
337.8368,-0.290038
337.8538,-0.290129
337.87,-0.29019
337.8862,-0.290243
337.9035,-0.290311
337.92,-0.290377
337.937,-0.290447
337.9528,-0.290549
337.9698,-0.290632
337.9868,-0.290744
338.0029,-0.290865
338.0197,-0.29098
338.0365,-0.291084
338.0527,-0.291187
338.0699,-0.291259
338.0869,-0.29135
338.1031,-0.291422
338.1194,-0.291463
338.1363,-0.291508
338.1529,-0.291581
338.1695,-0.291643
338.1867,-0.291711
338.2027,-0.29176
338.2196,-0.291833
338.2357,-0.291916
338.2528,-0.291996
338.2696,-0.29211
338.2861,-0.292272
338.3025,-0.292404
338.32,-0.292511
338.3364,-0.292598
338.3529,-0.292683
338.3695,-0.292791
338.3859,-0.292887
338.4018,-0.292939
338.4193,-0.293006
338.4359,-0.293068
338.4527,-0.293153
338.4689,-0.293224
338.4853,-0.2933
338.5021,-0.293379
338.5189,-0.293492
338.5362,-0.293643
338.5524,-0.293769
338.5695,-0.29388
338.5861,-0.294003
338.6029,-0.294121
338.6193,-0.294236
338.6366,-0.294361
338.6528,-0.294466
338.6691,-0.294554
338.6863,-0.294623
338.7029,-0.294731
338.7192,-0.294798
338.7365,-0.294856
338.753,-0.2949
338.7692,-0.294959
338.7857,-0.295021
338.8025,-0.295062
338.8189,-0.295102
338.8352,-0.295178
338.8528,-0.295239
338.8691,-0.29528
338.8858,-0.295366
338.9022,-0.29546
338.9189,-0.295565
338.9353,-0.295682
338.9521,-0.295814
338.969,-0.295974
338.9848,-0.296079
339.002,-0.296181
339.0188,-0.296332
339.0354,-0.296481
339.0525,-0.296563
339.069,-0.296686
339.0863,-0.2968
339.1024,-0.296929
339.1184,-0.297062
339.1349,-0.29717
339.152,-0.297239
339.1694,-0.297291
339.1855,-0.297368
339.2019,-0.297428
339.2188,-0.297515
339.235,-0.297571
339.2516,-0.297635
339.2683,-0.297691
339.2852,-0.297791
339.3014,-0.297858
339.3178,-0.297927
339.3344,-0.298006
339.352,-0.298065
339.368,-0.29812
339.3846,-0.298252
339.4014,-0.298372
339.4188,-0.298495
339.4351,-0.298597
339.4515,-0.298713
339.4687,-0.298812
339.4853,-0.298897
339.5012,-0.298981
339.5181,-0.299041
339.5348,-0.299111
339.5515,-0.299154
339.5677,-0.299206
339.5852,-0.299264
339.6011,-0.299323
339.6175,-0.299371
339.6345,-0.299412
339.651,-0.29945
339.6678,-0.299487
339.6851,-0.299564
339.701,-0.299686
339.7174,-0.29976
339.7339,-0.299837
339.7503,-0.299909
339.7671,-0.299977
339.7837,-0.300085
339.8,-0.300187
339.8167,-0.300243
339.8337,-0.300322
339.8503,-0.300369
339.8676,-0.300423
339.8832,-0.300495
339.8998,-0.300575
339.9171,-0.300646
339.9333,-0.300714
339.9508,-0.300798
339.9672,-0.300898
339.9839,-0.300954
340.0,-0.301017
340.0168,-0.301054
340.0334,-0.301092
340.0497,-0.301138
340.0666,-0.301176
340.0835,-0.301213
340.0999,-0.301266
340.1169,-0.301326
340.1336,-0.301376
340.1498,-0.301413
340.1664,-0.301445
340.1834,-0.301476
340.1999,-0.301509
340.2164,-0.301569
340.2333,-0.301641
340.2501,-0.301689
340.2661,-0.301735
340.2828,-0.301785
340.2994,-0.301838
340.3167,-0.301879
340.3333,-0.301943
340.3499,-0.30199
340.3663,-0.302025
340.3827,-0.302058
340.3994,-0.302093
340.4166,-0.302128
340.4341,-0.302183
340.4496,-0.302227
340.4664,-0.302266
340.4827,-0.3023
340.5005,-0.302334
340.5168,-0.30237
340.5334,-0.302405
340.5497,-0.302442
340.5668,-0.302497
340.583,-0.302553
340.6001,-0.302623
340.6169,-0.302691
340.6336,-0.302761
340.6501,-0.302801
340.6664,-0.302874
340.6841,-0.302911
340.6999,-0.302948
340.717,-0.302983
340.7332,-0.303017
340.7511,-0.303053
340.7668,-0.30309
340.7839,-0.303149
340.8007,-0.303218
340.8171,-0.303271
340.8343,-0.303311
340.8508,-0.303361
340.8665,-0.303398
340.8837,-0.303434
340.9009,-0.30347
340.9177,-0.303511
340.9343,-0.303575
340.9502,-0.303659
340.9668,-0.303731
340.9835,-0.303784
341.0005,-0.303863
341.0171,-0.303931
341.0338,-0.304001
341.0502,-0.304058
341.0675,-0.304115
341.0836,-0.304158
341.1003,-0.304196
341.1169,-0.304236
341.1337,-0.304275
341.1508,-0.304314
341.1668,-0.304353
341.1831,-0.304401
341.2001,-0.304452
341.2164,-0.304491
341.2333,-0.304556
341.2499,-0.304643
341.2669,-0.304703
341.2833,-0.304754
341.2997,-0.304795
341.3171,-0.304835
341.3339,-0.304887
341.3502,-0.304936
341.3669,-0.304975
341.3834,-0.305012
341.3998,-0.305051
341.4174,-0.305092
341.4338,-0.305148
341.4499,-0.305208
341.4666,-0.305274
341.4837,-0.305346
341.5004,-0.305388
341.517,-0.305437
341.5339,-0.305487
341.551,-0.305527
341.5671,-0.305567
341.5839,-0.305606
341.6006,-0.305645
341.6165,-0.305682
341.6341,-0.305721
341.6503,-0.305758
341.6669,-0.305794
341.6838,-0.305829
341.7001,-0.305864
341.7168,-0.305897
341.7332,-0.305931
341.7505,-0.305966
341.7664,-0.306001
341.7832,-0.306038
341.8002,-0.306076
341.8169,-0.306113
341.8335,-0.306152
341.85,-0.306189
341.8666,-0.306227
341.883,-0.306263
341.9002,-0.3063
341.9164,-0.306336
341.9335,-0.306373
341.95,-0.306413
341.9673,-0.306451
341.9835,-0.30649
342.0008,-0.306539
342.0166,-0.306583
342.0331,-0.306623
342.0503,-0.306662
342.0668,-0.3067
342.0837,-0.306737
342.1005,-0.306773
342.117,-0.306807
342.1328,-0.30684
342.1501,-0.306874
342.1674,-0.306909
342.183,-0.306946
342.2002,-0.306986
342.2169,-0.307023
342.2339,-0.30706
342.2503,-0.3071
342.2676,-0.307175
342.2839,-0.307215
342.3003,-0.307252
342.317,-0.307287
342.3343,-0.307321
342.3502,-0.307353
342.3666,-0.307384
342.3839,-0.307415
342.4003,-0.307445
342.417,-0.307477
342.4337,-0.30751
342.4507,-0.307546
342.4665,-0.307581
342.4837,-0.307616
342.5005,-0.307648
342.5166,-0.307681
342.5335,-0.307712
342.5507,-0.307743
342.5666,-0.307775
342.5832,-0.307808
342.5995,-0.307844
342.6161,-0.307881
342.6326,-0.307916
342.6497,-0.307953
342.6669,-0.307988
342.6835,-0.30802
342.7006,-0.308051
342.7167,-0.308079
342.7339,-0.308109
342.75,-0.30814
342.7669,-0.308169
342.7833,-0.308201
342.7997,-0.308231
342.8173,-0.308262
342.8338,-0.308291
342.8501,-0.308318
342.8672,-0.308347
342.8836,-0.308375
342.9001,-0.308402
342.9175,-0.308428
342.9335,-0.308454
342.9501,-0.308479
342.9673,-0.308504
342.9836,-0.308528
342.9997,-0.308549
343.016,-0.308571
343.0333,-0.30859
343.0505,-0.308608
343.0664,-0.30863
343.0833,-0.308652
343.1003,-0.308675
343.1165,-0.308697
343.1337,-0.308718
343.15,-0.308737
343.1667,-0.308752
343.183,-0.308768
343.2007,-0.308783
343.2161,-0.308797
343.2332,-0.308809
343.2501,-0.308827
343.2668,-0.308846
343.2833,-0.308864
343.3003,-0.308883
343.3166,-0.308902
343.3333,-0.30892
343.3503,-0.308936
343.3669,-0.30895
343.3828,-0.308964
343.4004,-0.308975
343.4173,-0.308985
343.4329,-0.308996
343.4497,-0.30901
343.4664,-0.309025
343.4833,-0.309037
343.4998,-0.309048
343.517,-0.30906
343.5339,-0.309072
343.5505,-0.309084
343.5674,-0.309092
343.584,-0.309097
343.6008,-0.309102
343.6171,-0.309105
343.6341,-0.309109
343.6499,-0.309114
343.6665,-0.309119
343.6837,-0.309123
343.7001,-0.309127
343.7177,-0.309132
343.7339,-0.309138
343.7505,-0.309142
343.7671,-0.309143
343.7834,-0.309145
343.8007,-0.309144
343.8165,-0.309143
343.834,-0.309143
343.8506,-0.309143
343.8669,-0.309141
343.8834,-0.309141
343.9005,-0.309137
343.9174,-0.309133
343.9337,-0.309129
343.9512,-0.309119
343.9673,-0.309111
343.9836,-0.309105
344.0004,-0.309101
344.017,-0.3091
344.0337,-0.309096
344.0506,-0.309091
344.0677,-0.309081
344.0846,-0.309075
344.1006,-0.309062
344.1172,-0.309045
344.1334,-0.309014
344.1501,-0.308991
344.1677,-0.308978
344.1843,-0.308965
344.2007,-0.308957
344.2172,-0.308939
344.2343,-0.308924
344.2505,-0.308913
344.2676,-0.308903
344.2836,-0.308883
344.3008,-0.308862
344.3172,-0.30884
344.3349,-0.308796
344.3508,-0.308748
344.3671,-0.308707
344.3843,-0.308666
344.4011,-0.308624
344.4174,-0.308571
344.4342,-0.308528
344.451,-0.308461
344.4682,-0.308362
344.4845,-0.308299
344.5009,-0.308233
344.5176,-0.308179
344.5346,-0.308103
344.5507,-0.30804
344.5683,-0.307978
344.5844,-0.307913
344.6014,-0.307837
344.6174,-0.307731
344.6352,-0.3076
344.6514,-0.307397
344.6684,-0.307257
344.6851,-0.307175
344.701,-0.307091
344.7176,-0.306993
344.7344,-0.306916
344.7511,-0.306828
344.7683,-0.306765
344.7841,-0.306699
344.8017,-0.306607
344.8179,-0.306419
344.8351,-0.306246
344.851,-0.306091
344.8687,-0.305953
344.8843,-0.305778
344.9015,-0.305671
344.9186,-0.305581
344.9354,-0.305477
344.9519,-0.30537
344.9678,-0.30525
344.9852,-0.305083
345.0023,-0.304911
345.0188,-0.304724
345.0359,-0.304517
345.0525,-0.3043
345.0682,-0.304089
345.0859,-0.303888
345.102,-0.303717
345.1188,-0.303529
345.1359,-0.303329
345.1529,-0.303092
345.1689,-0.302873
345.1862,-0.302641
345.203,-0.302361
345.2193,-0.302066
345.2363,-0.301718
345.2521,-0.301453
345.2701,-0.301225
345.2857,-0.301036
345.3023,-0.300842
345.32,-0.300649
345.3365,-0.300369
345.3532,-0.300082
345.3701,-0.299819
345.3867,-0.299609
345.4026,-0.299326
345.4205,-0.299067
345.4362,-0.298781
345.4535,-0.29846
345.4701,-0.298185
345.4872,-0.297914
345.5044,-0.297598
345.5205,-0.297335
345.5368,-0.297103
345.5544,-0.296863
345.5705,-0.296654
345.5874,-0.296442
345.6042,-0.296318
345.6213,-0.296161
345.637,-0.295964
345.6554,-0.295737
345.6711,-0.295489
345.6878,-0.295191
345.7056,-0.294856
345.7216,-0.294522
345.7379,-0.294028
345.7551,-0.293578
345.771,-0.293125
345.788,-0.292672
345.8048,-0.292408
345.821,-0.292086
345.8383,-0.291791
345.8555,-0.291469
345.8714,-0.291191
345.8885,-0.29086
345.905,-0.290624
345.922,-0.290387
345.9379,-0.290152
345.9559,-0.289861
345.9719,-0.289514
345.9883,-0.28922
346.0052,-0.289007
346.0218,-0.288786
346.0389,-0.288548
346.0551,-0.288303
346.0718,-0.288065
346.089,-0.287872
346.1057,-0.287624
346.1228,-0.287354
346.1398,-0.287065
346.1564,-0.286654
346.1727,-0.286261
346.1898,-0.285831
346.207,-0.2855
346.2233,-0.285053
346.2395,-0.284631
346.2568,-0.28409
346.2728,-0.28364
346.2912,-0.283299
346.3076,-0.282865
346.3241,-0.282306
346.34,-0.281988
346.3579,-0.281685
346.3745,-0.281204
346.3904,-0.280961
346.4071,-0.280699
346.4248,-0.280374
346.4415,-0.279957
346.4585,-0.279651
346.4755,-0.279348
346.4921,-0.279056
346.5084,-0.278571
346.5254,-0.278231
346.5423,-0.277815
346.5588,-0.277527
346.5758,-0.277319
346.5917,-0.277058
346.6087,-0.276849
346.6259,-0.27652
346.6427,-0.276221
346.6593,-0.27573
346.6764,-0.275221
346.693,-0.274688
346.7093,-0.27411
346.7262,-0.273517
346.7424,-0.273038
346.7595,-0.272491
346.7759,-0.272087
346.7929,-0.271809
346.8096,-0.271557
346.826,-0.271417
346.843,-0.271133
346.8602,-0.270946
346.8766,-0.270772
346.8939,-0.27059
346.9103,-0.270445
346.9276,-0.270235
346.9438,-0.269834
346.9606,-0.269457
346.9779,-0.269017
346.9952,-0.268562
347.0113,-0.268159
347.0285,-0.267763
347.0447,-0.267219
347.0612,-0.26668
347.0783,-0.266314
347.0956,-0.26593
347.1122,-0.265606
347.1285,-0.265314
347.1456,-0.264892
347.1631,-0.264447
347.1791,-0.264013
347.1958,-0.263557
347.2133,-0.263161
347.2299,-0.262546
347.2465,-0.262018
347.2636,-0.261436
347.2794,-0.260884
347.2968,-0.260396
347.3138,-0.259982
347.3301,-0.259559
347.3469,-0.259119
347.3641,-0.258739
347.3805,-0.258343
347.3974,-0.257954
347.4142,-0.257658
347.4308,-0.257329
347.4478,-0.256808
347.4646,-0.256111
347.481,-0.255593
347.4975,-0.255193
347.5147,-0.254835
347.5305,-0.254386
347.5471,-0.253897
347.5643,-0.253616
347.5807,-0.253164
347.5978,-0.252836
347.6149,-0.25263
347.6302,-0.252436
347.6482,-0.252129
347.6649,-0.251714
347.6819,-0.25125
347.6991,-0.250881
347.716,-0.250457
347.732,-0.250041
347.7494,-0.24945
347.7655,-0.248866
347.7821,-0.2481
347.799,-0.247467
347.8165,-0.24693
347.8322,-0.246341
347.8495,-0.245841
347.8662,-0.245407
347.8831,-0.245005
347.9,-0.244594
347.9162,-0.244315
347.9334,-0.243938
347.9496,-0.243663
347.9668,-0.243426
347.9829,-0.243151
348.0001,-0.242819
348.0171,-0.242503
348.0334,-0.2421
348.0506,-0.241615
348.0671,-0.241176
348.0846,-0.240609
348.1011,-0.240159
348.118,-0.239732
348.1355,-0.239245
348.1515,-0.238699
348.1676,-0.238042
348.1846,-0.237477
348.2013,-0.237043
348.2185,-0.236707
348.235,-0.236381
348.2517,-0.236038
348.2684,-0.235756
348.2852,-0.235505
348.302,-0.235194
348.319,-0.234879
348.3354,-0.234569
348.3522,-0.234194
348.3688,-0.233654
348.3856,-0.233139
348.402,-0.232641
348.4194,-0.232202
348.4364,-0.231743
348.4528,-0.231301
348.4697,-0.230851
348.486,-0.230255
348.5026,-0.229632
348.5203,-0.229248
348.5365,-0.228965
348.5537,-0.228619
348.5699,-0.228345
348.5869,-0.228053
348.6036,-0.22775
348.6204,-0.227462
348.6374,-0.227168
348.6538,-0.226822
348.6707,-0.226538
348.6873,-0.226204
348.7045,-0.225771
348.7211,-0.225354
348.7383,-0.224988
348.7548,-0.224476
348.7711,-0.224074
348.7881,-0.223508
348.8055,-0.222944
348.8219,-0.222426
348.8385,-0.221961
348.8558,-0.221658
348.8724,-0.221283
348.8883,-0.220896
348.9055,-0.220577
348.9222,-0.220317
348.9394,-0.220067
348.9559,-0.219751
348.9727,-0.219439
348.9891,-0.21914
349.0062,-0.218868
349.0232,-0.218483
349.0397,-0.218181
349.0561,-0.218008
349.0738,-0.217732
349.0907,-0.217265
349.1072,-0.21693
349.1238,-0.216726
349.1403,-0.216345
349.1571,-0.21595
349.174,-0.215415
349.1906,-0.214957
349.2083,-0.21462
349.2236,-0.214349
349.242,-0.214078
349.2574,-0.213859
349.2749,-0.213525
349.2907,-0.213252
349.3088,-0.212966
349.3251,-0.212704
349.3412,-0.212426
349.3583,-0.212161
349.3756,-0.211852
349.392,-0.21151
349.4088,-0.211213
349.4254,-0.210851
349.4421,-0.210455
349.4585,-0.210094
349.4763,-0.209859
349.4928,-0.209677
349.5085,-0.209521
349.5257,-0.209259
349.543,-0.209101
349.5597,-0.208902
349.5762,-0.208589
349.593,-0.208297
349.6094,-0.208026
349.6268,-0.207601
349.6425,-0.207243
349.6592,-0.206959
349.6766,-0.206717
349.6932,-0.206477
349.7097,-0.206334
349.727,-0.206217
349.743,-0.206066
349.76,-0.205882
349.7771,-0.205685
349.7937,-0.205435
349.8106,-0.205066
349.8268,-0.20474
349.8433,-0.204439
349.8607,-0.204004
349.8774,-0.203711
349.8933,-0.203482
349.9109,-0.20326
349.9276,-0.203107
349.944,-0.202951
349.9613,-0.202837
349.9779,-0.202727
349.994,-0.202558
350.0117,-0.202361
350.028,-0.202096
350.0448,-0.201835
350.0614,-0.201559
350.0776,-0.201268
350.0944,-0.200928
350.1111,-0.200745
350.1287,-0.200595
350.1446,-0.200422
350.1613,-0.200297
350.1774,-0.200086
350.1949,-0.199778
350.2117,-0.199485
350.228,-0.199205
350.245,-0.199036
350.2612,-0.198838
350.2786,-0.198585
350.2953,-0.198397
350.3117,-0.198267
350.3286,-0.198158
350.3451,-0.198015
350.3624,-0.197802
350.379,-0.197596
350.3961,-0.197382
350.4123,-0.19713
350.4289,-0.196878
350.446,-0.196639
350.4623,-0.196417
350.4787,-0.196171
350.4963,-0.195945
350.5124,-0.195764
350.5292,-0.195537
350.5457,-0.195301
350.563,-0.195178
350.5792,-0.195103
350.5958,-0.195016
350.6124,-0.194935
350.6292,-0.194841
350.6454,-0.194739
350.6626,-0.194648
350.6789,-0.194464
350.6951,-0.194208
350.7127,-0.193989
350.7296,-0.193819
350.7456,-0.19364
350.762,-0.193427
350.7794,-0.193222
350.796,-0.193076
350.8129,-0.192949
350.8292,-0.192822
350.846,-0.192681
350.8617,-0.192544
350.8788,-0.192311
350.8964,-0.191993
350.9125,-0.191716
350.9293,-0.19141
350.9455,-0.191196
350.9626,-0.190931
350.9787,-0.190764
350.9956,-0.190611
351.0124,-0.190484
351.0297,-0.190372
351.0459,-0.19026
351.0636,-0.190154
351.0793,-0.190028
351.0965,-0.189903
351.1135,-0.189722
351.1295,-0.189533
351.1462,-0.189359
351.1633,-0.189229
351.1795,-0.189099
351.1967,-0.188929
351.2132,-0.188692
351.2308,-0.18851
351.2468,-0.188382
351.2632,-0.188276
351.2803,-0.188173
351.2963,-0.188021
351.3138,-0.187863
351.331,-0.187706
351.3466,-0.187565
351.3642,-0.187496
351.3802,-0.187369
351.3977,-0.187231
351.414,-0.187135
351.4298,-0.187032
351.448,-0.18692
351.4639,-0.186865
351.4806,-0.18679
351.4978,-0.186698
351.5139,-0.186617
351.5317,-0.186498
351.5476,-0.186391
351.5644,-0.186314
351.5813,-0.186227
351.5974,-0.186143
351.6148,-0.18604
351.6309,-0.185973
351.6482,-0.185932
351.6648,-0.185894
351.682,-0.185847
351.6983,-0.185783
351.7158,-0.185696
351.7324,-0.185589
351.749,-0.185519
351.7649,-0.185443
351.7825,-0.185363
351.7986,-0.185314
351.8154,-0.185265
351.8322,-0.185241
351.8482,-0.185216
351.8656,-0.185178
351.8828,-0.185124
351.8989,-0.185062
351.9161,-0.184985
351.9326,-0.184913
351.9491,-0.18482
351.9659,-0.184731
351.9821,-0.184677
351.9995,-0.184613
352.016,-0.184563
352.0331,-0.184523
352.0497,-0.184472
352.0667,-0.184383
352.0824,-0.184264
352.0999,-0.184161
352.116,-0.184093
352.1331,-0.184024
352.1484,-0.183988
352.1666,-0.183942
352.1823,-0.183879
352.1997,-0.183849
352.2163,-0.183819
352.2325,-0.183779
352.2494,-0.183732
352.2666,-0.183697
352.2833,-0.183657
352.3,-0.183611
352.3165,-0.183569
352.3331,-0.183544
352.3498,-0.183505
352.367,-0.183437
352.3833,-0.183368
352.4006,-0.183288
352.4172,-0.183228
352.4335,-0.183157
352.4502,-0.183082
352.4667,-0.183034
352.4836,-0.182979
352.5007,-0.182924
352.5168,-0.182872
352.5338,-0.182841
352.5509,-0.18279
352.5677,-0.182728
352.5835,-0.182651
352.6002,-0.182585
352.6169,-0.182479
352.6335,-0.182378
352.6505,-0.182302
352.6668,-0.182253
352.6836,-0.182206
352.7002,-0.182182
352.7173,-0.182145
352.7335,-0.182104
352.7508,-0.182069
352.7676,-0.182032
352.7839,-0.182008
352.7999,-0.181983
352.8172,-0.181952
352.834,-0.181927
352.8506,-0.181902
352.8667,-0.181878
352.884,-0.181812
352.9006,-0.181781
352.9181,-0.181755
352.934,-0.181719
352.9507,-0.181675
352.9671,-0.181621
352.9837,-0.181578
353.0012,-0.181516
353.0168,-0.181459
353.0335,-0.181416
353.0504,-0.181381
353.0672,-0.181353
353.0841,-0.181326
353.1001,-0.181299
353.1162,-0.181273
353.1329,-0.181247
353.1506,-0.181222
353.1676,-0.181196
353.184,-0.181167
353.2005,-0.181133
353.2172,-0.181082
353.2344,-0.180995
353.2499,-0.180902
353.2675,-0.18084
353.2833,-0.180794
353.2997,-0.180742
353.3172,-0.180693
353.3333,-0.180663
353.3506,-0.180634
353.3667,-0.180604
353.3835,-0.180574
353.3995,-0.180533
353.4175,-0.18049
353.4338,-0.180439
353.4502,-0.180406
353.4671,-0.180353
353.4836,-0.180303
353.5003,-0.180222
353.5166,-0.180132
353.5331,-0.180048
353.5499,-0.179968
353.5665,-0.179862
353.5829,-0.179783
353.6005,-0.179717
353.6166,-0.179685
353.633,-0.179653
353.65,-0.179616
353.6671,-0.179578
353.6835,-0.179545
353.7003,-0.179513
353.7165,-0.179481
353.7337,-0.179431
353.7502,-0.179345
353.7672,-0.179289
353.7842,-0.179229
353.8005,-0.179177
353.8165,-0.179144
353.833,-0.179111
353.8509,-0.179079
353.8669,-0.179045
353.8834,-0.17901
353.9008,-0.17897
353.9172,-0.178926
353.9343,-0.178875
353.951,-0.178806
353.9674,-0.178754
353.9839,-0.178715
354.0005,-0.178671
354.0174,-0.178635
354.0343,-0.178601
354.0509,-0.178543
354.0676,-0.17851
354.0839,-0.178475
354.1013,-0.17844
354.1178,-0.178404
354.1344,-0.178365
354.1508,-0.178329
354.168,-0.178296
354.1841,-0.178243
354.2014,-0.178206
354.2181,-0.178164
354.2345,-0.178123
354.2509,-0.178075
354.2678,-0.178035
354.2843,-0.177996
354.3017,-0.17796
354.3168,-0.177926
354.3342,-0.177893
354.3509,-0.177852
354.368,-0.177818
354.3846,-0.177785
354.4016,-0.177753
354.418,-0.177721
354.4347,-0.177688
354.4514,-0.177652
354.468,-0.177617
354.4843,-0.177586
354.5017,-0.177553
354.5175,-0.17752
354.5345,-0.177485
354.5516,-0.177451
354.5685,-0.17742
354.5844,-0.17739
354.6027,-0.177362
354.6181,-0.177333
354.6349,-0.177303
354.6517,-0.177269
354.6682,-0.177234
354.685,-0.177199
354.7014,-0.177164
354.719,-0.177127
354.7352,-0.177092
354.7516,-0.177059
354.7684,-0.177028
354.7847,-0.176999
354.8018,-0.176971
354.8188,-0.176945
354.8344,-0.176919
354.8521,-0.176892
354.869,-0.176863
354.8854,-0.176831
354.9025,-0.176797
354.9181,-0.176763
354.9356,-0.176729
354.9514,-0.176695
354.9678,-0.176661
354.9848,-0.176629
355.002,-0.176597
355.0187,-0.176568
355.0349,-0.176539
355.0516,-0.176508
355.0688,-0.176475
355.0856,-0.176444
355.1023,-0.176414
355.1177,-0.176382
355.1343,-0.176349
355.1521,-0.176316
355.1688,-0.176284
355.1852,-0.176254
355.2018,-0.176225
355.2179,-0.176195
355.2347,-0.176164
355.2515,-0.176134
355.2681,-0.176103
355.2847,-0.176073
355.3017,-0.176043
355.3179,-0.176012
355.3348,-0.17598
355.3518,-0.175947
355.3683,-0.175913
355.3847,-0.175879
355.4012,-0.175844
355.4183,-0.175808
355.4352,-0.17577
355.4512,-0.175735
355.4684,-0.175701
355.4851,-0.175669
355.5018,-0.175641
355.5182,-0.175614
355.5351,-0.175587
355.5515,-0.175559
355.5692,-0.175534
355.5857,-0.175507
355.6017,-0.175476
355.6183,-0.175442
355.6351,-0.17541
355.6522,-0.175376
355.6688,-0.175343
355.6846,-0.17531
355.7016,-0.175275
355.7188,-0.175239
355.7357,-0.175204
355.7526,-0.175173
355.7697,-0.175143
355.7854,-0.175114
355.8016,-0.175083
355.8192,-0.175053
355.8355,-0.175024
355.8522,-0.174995
355.8687,-0.174965
355.8853,-0.174934
355.9016,-0.1749
355.9193,-0.174864
355.9354,-0.174831
355.9525,-0.1748
355.9687,-0.17477
355.9854,-0.17474
356.0021,-0.174708
356.0193,-0.174677
356.0362,-0.174649
356.0524,-0.174621
356.0692,-0.174592
356.0853,-0.174562
356.1026,-0.17453
356.119,-0.174498
356.1358,-0.174469
356.1528,-0.174438
356.1695,-0.174407
356.1859,-0.174378
356.2027,-0.17435
356.2194,-0.174322
356.2361,-0.174296
356.2521,-0.174268
356.27,-0.17424
356.2861,-0.174215
356.3036,-0.174189
356.3194,-0.174162
356.3356,-0.174133
356.3535,-0.174102
356.3708,-0.174072
356.3865,-0.17404
356.4023,-0.17401
356.4191,-0.17398
356.4355,-0.173948
356.4525,-0.173918
356.4694,-0.173889
356.4867,-0.17386
356.5026,-0.17383
356.5187,-0.1738
356.5354,-0.173772
356.5523,-0.173744
356.5692,-0.173713
356.5855,-0.173685
356.6026,-0.173657
356.6197,-0.173627
356.6359,-0.173599
356.6524,-0.173571
356.6693,-0.173544
356.6855,-0.173516
356.7034,-0.173489
356.7198,-0.173462
356.7369,-0.173435
356.7532,-0.173407
356.7693,-0.173377
356.7861,-0.173347
356.8027,-0.173318
356.8199,-0.17329
356.8366,-0.173261
356.8533,-0.173233
356.8696,-0.173205
356.8868,-0.173176
356.9033,-0.173147
356.9193,-0.173118
356.9366,-0.173089
356.9531,-0.17306
356.9691,-0.173032
356.9869,-0.173006
357.003,-0.172981
357.0197,-0.172953
357.0363,-0.172926
357.053,-0.1729
357.0697,-0.172871
357.0861,-0.172844
357.103,-0.172818
357.1196,-0.172794
357.1371,-0.17277
357.1531,-0.172745
357.1704,-0.172718
357.1864,-0.172691
357.2037,-0.172662
357.2195,-0.172633
357.2364,-0.172604
357.253,-0.172575
357.2698,-0.172549
357.2859,-0.172523
357.3035,-0.172495
357.3197,-0.172472
357.3362,-0.17245
357.3533,-0.172428
357.3697,-0.172404
357.3859,-0.172382
357.4034,-0.172358
357.42,-0.172335
357.437,-0.172313
357.453,-0.172293
357.47,-0.172272
357.4864,-0.17225
357.5031,-0.172228
357.5204,-0.172204
357.5371,-0.17218
357.5534,-0.172155
357.5699,-0.172129
357.5868,-0.172105
357.6035,-0.17208
357.6203,-0.172055
357.6369,-0.17203
357.6537,-0.172007
357.6698,-0.171983
357.6868,-0.17196
357.7034,-0.171936
357.7201,-0.17191
357.7368,-0.171885
357.7531,-0.171859
357.7703,-0.171834
357.7872,-0.171808
357.8033,-0.171784
357.8199,-0.171758
357.836,-0.171734
357.8535,-0.17171
357.8699,-0.171688
357.8867,-0.171666
357.9038,-0.171645
357.9199,-0.171623
357.9371,-0.171601
357.9543,-0.17158
357.9703,-0.17156
357.9879,-0.171538
358.0042,-0.171511
358.0209,-0.171484
358.0371,-0.171455
358.054,-0.171428
358.0703,-0.171401
358.0871,-0.171377
358.1038,-0.171354
358.1206,-0.171332
358.1374,-0.171309
358.153,-0.171287
358.1704,-0.171264
358.1873,-0.171243
358.2037,-0.171223
358.2206,-0.1712
358.2365,-0.171176
358.2534,-0.171154
358.2706,-0.171132
358.2871,-0.171114
358.304,-0.171097
358.3211,-0.171081
358.3375,-0.171065
358.3539,-0.171048
358.3708,-0.171034
358.3877,-0.171021
358.4044,-0.171005
358.4207,-0.170988
358.4374,-0.170969
358.4543,-0.170949
358.4712,-0.170929
358.488,-0.170909
358.5039,-0.170888
358.5203,-0.170868
358.5376,-0.170849
358.5544,-0.170829
358.5713,-0.170812
358.5879,-0.170794
358.6045,-0.170777
358.6213,-0.17076
358.6374,-0.170745
358.6551,-0.17073
358.6712,-0.170714
358.6882,-0.170697
358.7047,-0.17068
358.7212,-0.170663
358.7382,-0.170646
358.7549,-0.170628
358.7716,-0.170608
358.7884,-0.17059
358.8052,-0.170569
358.8215,-0.170552
358.8387,-0.170535
358.8545,-0.170517
358.8708,-0.170497
358.8875,-0.170476
358.9051,-0.170457
358.9217,-0.170437
358.9382,-0.170419
358.9542,-0.170403
358.9709,-0.170387
358.9881,-0.170371
359.0038,-0.170357
359.0215,-0.170345
359.0382,-0.170336
359.0546,-0.170326
359.071,-0.170314
359.0882,-0.170304
359.1046,-0.170291
359.121,-0.170277
359.1384,-0.170264
359.1547,-0.17025
359.1722,-0.170234
359.1878,-0.170217
359.2051,-0.170202
359.2218,-0.170186
359.2379,-0.17017
359.2551,-0.170154
359.2716,-0.170139
359.2876,-0.170126
359.3041,-0.170114
359.321,-0.1701
359.3387,-0.170085
359.3547,-0.170069
359.3716,-0.170053
359.3883,-0.170038
359.4043,-0.170023
359.4208,-0.17001
359.4379,-0.169995
359.4543,-0.169982
359.4718,-0.169968
359.4884,-0.169956
359.5049,-0.169943
359.5217,-0.169928
359.5381,-0.169913
359.5542,-0.169899
359.5708,-0.169883
359.588,-0.169868
359.6043,-0.169855
359.6212,-0.169843
359.6385,-0.169829
359.6544,-0.169814
359.6712,-0.169799
359.6881,-0.169786
359.7048,-0.169773
359.7212,-0.169758
359.7376,-0.169743
359.7543,-0.16973
359.7715,-0.169716
359.7878,-0.169703
359.8043,-0.169693
359.8216,-0.169682
359.8382,-0.169668
359.8554,-0.169655
359.8708,-0.169642
359.8872,-0.169628
359.9043,-0.169615
359.9217,-0.169602
359.9378,-0.16959
359.9541,-0.169578
359.9715,-0.169567
359.9881,-0.169556
360.0049,-0.169544
360.0216,-0.169533
360.0386,-0.169521
360.0551,-0.169508
360.0712,-0.169497
360.0876,-0.169486
360.1044,-0.169477
360.1213,-0.169466
360.1379,-0.169454
360.155,-0.169443
360.1714,-0.169432
360.1884,-0.169421
360.205,-0.16941
360.2217,-0.169398
360.2387,-0.169386
360.2554,-0.169376
360.271,-0.169365
360.2879,-0.169356
360.3051,-0.169345
360.3216,-0.169335
360.3373,-0.169327
360.3552,-0.169318
360.3715,-0.169308
360.388,-0.169298
360.405,-0.169288
360.4225,-0.169278
360.4378,-0.169267
360.4547,-0.169256
360.4722,-0.169245
360.4878,-0.169235
360.5055,-0.169225
360.522,-0.169215
360.5384,-0.169205
360.5553,-0.169196
360.5721,-0.169187
360.5884,-0.169178
360.605,-0.169168
360.6218,-0.169159
360.6378,-0.169149
360.6552,-0.16914
360.6726,-0.16913
360.6884,-0.169121
360.7052,-0.169111
360.7215,-0.169099
360.7388,-0.169087
360.7543,-0.169075
360.7715,-0.169063
360.7882,-0.169051
360.8044,-0.169041
360.8211,-0.169032
360.838,-0.169024
360.8551,-0.169016
360.8707,-0.169008
360.8883,-0.169003
360.9056,-0.168997
360.9214,-0.168987
360.9381,-0.168979
360.955,-0.16897
360.9715,-0.168961
360.988,-0.168952
361.0047,-0.168944
361.0217,-0.168934
361.0377,-0.168924
361.0551,-0.168915
361.0723,-0.168905
361.0877,-0.168896
361.1045,-0.168887
361.1216,-0.16888
361.1377,-0.168871
361.1553,-0.168864
361.1714,-0.168857
361.1883,-0.168849
361.2046,-0.168841
361.221,-0.168836
361.2376,-0.168829
361.2548,-0.168822
361.2717,-0.168816
361.288,-0.168812
361.3053,-0.168809
361.3221,-0.168805
361.338,-0.168801
361.3547,-0.168795
361.3712,-0.168789
361.3882,-0.168782
361.4052,-0.168777
361.422,-0.168771
361.4378,-0.168766
361.4547,-0.168758
361.4713,-0.168751
361.4887,-0.168743
361.5047,-0.168735
361.5215,-0.168729
361.5378,-0.168721
361.5554,-0.168715
361.572,-0.168707
361.5879,-0.168701
361.6044,-0.168693
361.6213,-0.168685
361.6378,-0.168675
361.6547,-0.168667
361.6714,-0.16866
361.6874,-0.168652
361.7045,-0.168645
361.7206,-0.16864
361.738,-0.168634
361.7548,-0.168631
361.7712,-0.168626
361.7876,-0.168623
361.805,-0.168617
361.8219,-0.168611
361.8383,-0.168604
361.8544,-0.168599
361.8717,-0.168596
361.8876,-0.168589
361.9047,-0.168585
361.9218,-0.16858
361.9384,-0.168575
361.9546,-0.168568
361.9719,-0.168563
361.9893,-0.168556
362.0049,-0.168549
362.0213,-0.168539
362.0388,-0.168528
362.0554,-0.168515
362.0719,-0.168502
362.0892,-0.168495
362.1046,-0.168486
362.1215,-0.168477
362.1388,-0.16847
362.1552,-0.168463
362.1722,-0.168459
362.1884,-0.168456
362.2057,-0.16845
362.2222,-0.168441
362.2388,-0.16843
362.2556,-0.16842
362.2721,-0.168415
362.2882,-0.168412
362.3048,-0.16841
362.3217,-0.168407
362.3384,-0.168405
362.3553,-0.168404
362.3717,-0.168404
362.3885,-0.1684
362.4056,-0.168394
362.4225,-0.16839
362.4387,-0.168384
362.4553,-0.16838
362.472,-0.168379
362.4887,-0.168375
362.5056,-0.16837
362.5222,-0.168365
362.5395,-0.16836
362.5565,-0.168355
362.5734,-0.168349
362.5895,-0.168343
362.6058,-0.168337
362.6225,-0.16833
362.6394,-0.168322
362.6556,-0.168317
362.6721,-0.168314
362.6892,-0.168308
362.7057,-0.168302
362.7226,-0.168298
362.7397,-0.168296
362.7563,-0.168295
362.7729,-0.168293
362.7892,-0.168291
362.8065,-0.16829
362.8231,-0.168289
362.84,-0.168289
362.8563,-0.168289
362.8732,-0.168288
362.8896,-0.168282
362.9065,-0.168274
362.9239,-0.16827
362.9404,-0.168267
362.9564,-0.168265
362.9731,-0.168264
362.9894,-0.168261
363.0071,-0.168258
363.0233,-0.168257
363.0407,-0.168259
363.0573,-0.168257
363.0738,-0.168255
363.0901,-0.168252
363.1065,-0.168251
363.1238,-0.168252
363.1403,-0.168253
363.1564,-0.168255
363.1737,-0.16826
363.1905,-0.168264
363.2074,-0.168267
363.2238,-0.168269
363.2407,-0.168271
363.2575,-0.16827
363.2739,-0.168268
363.2899,-0.168267
363.3083,-0.168265
363.3241,-0.168262
363.341,-0.168259
363.3571,-0.168258
363.3733,-0.168256
363.3904,-0.168254
363.4077,-0.168252
363.4237,-0.16825
363.4404,-0.168249
363.4571,-0.168248
363.4739,-0.168246
363.4906,-0.168245
363.5067,-0.168243
363.5238,-0.168243
363.5406,-0.168244
363.5574,-0.168244
363.5742,-0.168244
363.5904,-0.168246
363.6074,-0.168248
363.6241,-0.168249
363.641,-0.168251
363.6579,-0.168251
363.6741,-0.168251
363.6905,-0.168252
363.707,-0.168253
363.7233,-0.168254
363.7407,-0.168257
363.7577,-0.16826
363.7743,-0.168263
363.7911,-0.168265
363.8073,-0.168266
363.8241,-0.168267
363.8406,-0.168266
363.8577,-0.168265
363.8737,-0.168265
363.8908,-0.168265
363.9074,-0.168264
363.9247,-0.168264
363.9402,-0.168267
363.957,-0.168271
363.9736,-0.168273
363.9905,-0.168275
364.0078,-0.168278
364.024,-0.168281
364.0408,-0.168283
364.0577,-0.168282
364.0744,-0.168282
364.0907,-0.168281
364.1069,-0.168281
364.1239,-0.168279
364.1401,-0.168277
364.157,-0.168274
364.1737,-0.168273
364.1899,-0.168272
364.2067,-0.168272
364.2236,-0.168271
364.24,-0.168271
364.2572,-0.168271
364.273,-0.168273
364.2899,-0.168275
364.3072,-0.168275
364.3227,-0.168275
364.3403,-0.168271
364.3564,-0.168266
364.3735,-0.168265
364.3894,-0.168264
364.4063,-0.168264
364.4232,-0.168263
364.4399,-0.16826
364.4563,-0.168259
364.4734,-0.168257
364.4897,-0.168256
364.5062,-0.168256
364.5227,-0.168256
364.5403,-0.168256
364.5564,-0.168257
364.5734,-0.168259
364.5903,-0.168258
364.6055,-0.168256
364.623,-0.168253
364.6397,-0.168248
364.6563,-0.168242
364.6729,-0.168237
364.6899,-0.168233
364.7066,-0.168227
364.7228,-0.168221
364.7402,-0.168218
364.7568,-0.168213
364.7729,-0.168208
364.7894,-0.168201
364.8068,-0.168194
364.8231,-0.168189
364.8397,-0.168186
364.8558,-0.168182
364.873,-0.168181
364.8897,-0.168179
364.9069,-0.168175
364.9237,-0.168172
364.9398,-0.168167
364.9581,-0.168161
364.9734,-0.168154
364.9897,-0.168146
365.0071,-0.168137
365.0239,-0.168129
365.0402,-0.168121
365.0569,-0.168118
365.0734,-0.168116
365.0898,-0.168112
365.1064,-0.168111
365.1229,-0.168109
365.1401,-0.168109
365.1566,-0.168109
365.1736,-0.168108
365.1907,-0.168105
365.2062,-0.168101
365.2233,-0.168095
365.2405,-0.16809
365.2571,-0.168085
365.2734,-0.168083
365.2902,-0.168082
365.3072,-0.16808
365.3243,-0.16808
365.3406,-0.168079
365.3572,-0.168078
365.3737,-0.168077
365.3904,-0.168075
365.4073,-0.16807
365.4237,-0.16807
365.4401,-0.168069
365.4571,-0.168067
365.4732,-0.168064
365.4891,-0.168063
365.507,-0.168061
365.524,-0.168059
365.5403,-0.168056
365.5568,-0.168052
365.5737,-0.168048
365.5904,-0.168043
365.6071,-0.168044
365.6234,-0.168044
365.6397,-0.168044
365.657,-0.168044
365.6733,-0.168045
365.6904,-0.168047
365.7057,-0.16805
365.7232,-0.16805
365.7401,-0.168048
365.7568,-0.168045
365.7733,-0.168044
365.7904,-0.168044
365.8064,-0.168045
365.8227,-0.168046
365.84,-0.168045
365.8567,-0.168044
365.8729,-0.168042
365.8902,-0.168038
365.9071,-0.168036
365.9232,-0.168034
365.9397,-0.168027
365.9572,-0.16802
365.9726,-0.168014
365.989,-0.168011
366.0059,-0.168009
366.0222,-0.168009
366.0385,-0.168006
366.0558,-0.168004
366.073,-0.168004
366.0894,-0.168006
366.1053,-0.168006
366.1226,-0.168005
366.1397,-0.168003
366.1561,-0.168001
366.1735,-0.167999
366.1895,-0.167996
366.206,-0.167993
366.2228,-0.167988
366.2395,-0.167983
366.256,-0.167982
366.2735,-0.167979
366.2891,-0.167979
366.3064,-0.167976
366.3232,-0.167971
366.3395,-0.167966
366.3565,-0.167963
366.3728,-0.167959
366.3898,-0.167954
366.4059,-0.167948
366.4225,-0.167941
366.44,-0.167934
366.4564,-0.167928
366.4727,-0.167923
366.4897,-0.16792
366.5058,-0.167916
366.5232,-0.167912
366.5396,-0.16791
366.5572,-0.167908
366.5733,-0.167905
366.5894,-0.167903
366.6061,-0.167902
366.623,-0.167902
366.64,-0.167904
366.6566,-0.167907
366.6734,-0.16791
366.6903,-0.16791
366.7071,-0.167909
366.7238,-0.167906
366.7402,-0.167903
366.757,-0.167901
366.7728,-0.167899
366.7909,-0.167897
366.8064,-0.167897
366.8231,-0.167897
366.8409,-0.167899
366.8571,-0.167901
366.8732,-0.167902
366.8909,-0.167902
366.907,-0.1679
366.9238,-0.167899
366.9404,-0.167901
366.9572,-0.1679
366.9741,-0.1679
366.9897,-0.1679
367.0072,-0.167902
367.0233,-0.167902
367.0398,-0.167905
367.057,-0.167908
367.0734,-0.16791
367.0904,-0.167911
367.1074,-0.167913
367.1239,-0.167915
367.1407,-0.167914
367.1565,-0.167913
367.1741,-0.16791
367.1909,-0.16791
367.2066,-0.167913
367.2235,-0.167914
367.2405,-0.167915
367.2564,-0.167916
367.2729,-0.16792
367.2906,-0.167922
367.307,-0.167925
367.3238,-0.167929
367.3406,-0.167934
367.3576,-0.167938
367.3731,-0.167942
367.3906,-0.167944
367.4073,-0.167946
367.4241,-0.167947
367.4405,-0.167947
367.4571,-0.167943
367.474,-0.167939
367.4903,-0.167938
367.5073,-0.167937
367.5241,-0.167939
367.5401,-0.167939
367.557,-0.167938
367.574,-0.167939
367.5902,-0.167941
367.6073,-0.167943
367.6236,-0.167947
367.6405,-0.167948
367.6575,-0.167949
367.6744,-0.167949
367.6906,-0.16795
367.7072,-0.167952
367.7232,-0.167954
367.7412,-0.167954
367.7569,-0.167954
367.7738,-0.167953
367.7909,-0.167952
367.807,-0.167951
367.8235,-0.16795
367.8401,-0.167948
367.8572,-0.167947
367.8734,-0.167948
367.8908,-0.167949
367.9077,-0.167949
367.9234,-0.16795
367.9403,-0.167948
367.9576,-0.167947
367.9734,-0.167947
367.9905,-0.167946
368.0067,-0.167946
368.0233,-0.167945
368.0405,-0.167944
368.0572,-0.167943
368.0741,-0.167942
368.0901,-0.16794
368.1071,-0.167938
368.1238,-0.167935
368.1407,-0.167933
368.1563,-0.167934
368.1732,-0.167932
368.19,-0.167931
368.207,-0.167931
368.2234,-0.167934
368.2402,-0.167939
368.2567,-0.167938
368.2738,-0.167936
368.2904,-0.167933
368.3072,-0.167929
368.3238,-0.167925
368.3402,-0.167923
368.3564,-0.167923
368.3739,-0.167922
368.3905,-0.167919
368.4073,-0.167916
368.4235,-0.167914
368.4406,-0.167913
368.4562,-0.167912
368.4734,-0.167908
368.4897,-0.167905
368.507,-0.167901
368.5237,-0.167901
368.5407,-0.167906
368.5568,-0.167906
368.5746,-0.167906
368.5905,-0.167909
368.6078,-0.167911
368.6244,-0.167911
368.6408,-0.16791
368.6569,-0.16791
368.6746,-0.167906
368.6907,-0.167901
368.7074,-0.167901
368.7243,-0.1679
368.7407,-0.167897
368.7579,-0.167896
368.7742,-0.167894
368.7911,-0.167893
368.8078,-0.167891
