Temperature (°C),Heat flow (W/g)
1.0,-0.037
70.04,-0.037
70.04,-0.037
70.04,-0.037
70.04,-0.036
70.04,-0.036
70.04,-0.036
70.04,-0.036
70.04,-0.036
70.04,-0.035
70.04,-0.035
70.04,-0.035
70.04,-0.035
70.04,-0.034
70.04,-0.034
70.04,-0.034
70.04,-0.034
70.04,-0.033
70.04,-0.033
70.04,-0.033
70.04,-0.033
70.04,-0.032
70.04,-0.032
70.04,-0.032
70.04,-0.032
70.05,-0.032
70.05,-0.031
70.05,-0.031
70.05,-0.031
70.05,-0.031
70.05,-0.031
70.06,-0.031
70.06,-0.031
70.06,-0.032
70.07,-0.032
70.07,-0.032
70.07,-0.032
70.08,-0.032
70.08,-0.032
70.08,-0.033
70.09,-0.033
70.09,-0.034
70.1,-0.034
70.1,-0.035
70.11,-0.036
70.11,-0.038
70.12,-0.04
70.12,-0.042
70.13,-0.044
70.14,-0.046
70.14,-0.048
70.15,-0.05
70.16,-0.051
70.16,-0.052
70.17,-0.054
70.18,-0.055
70.19,-0.057
70.2,-0.058
70.2,-0.06
70.21,-0.062
70.22,-0.064
70.23,-0.065
70.24,-0.067
70.25,-0.069
70.26,-0.071
70.27,-0.072
70.28,-0.074
70.29,-0.076
70.3,-0.077
70.31,-0.079
70.31,-0.08
70.33,-0.082
70.34,-0.083
70.35,-0.085
70.36,-0.087
70.37,-0.088
70.38,-0.09
70.39,-0.092
70.4,-0.094
70.41,-0.095
70.42,-0.097
70.44,-0.098
70.45,-0.1
70.46,-0.101
70.47,-0.103
70.48,-0.104
70.49,-0.106
70.51,-0.107
70.52,-0.108
70.53,-0.109
70.54,-0.111
70.55,-0.113
70.57,-0.114
70.58,-0.115
70.59,-0.117
70.6,-0.118
70.62,-0.12
70.63,-0.121
70.64,-0.122
70.65,-0.123
70.67,-0.124
70.68,-0.125
70.69,-0.126
70.71,-0.127
70.72,-0.129
70.73,-0.13
70.75,-0.131
70.76,-0.132
70.77,-0.133
70.79,-0.134
70.8,-0.135
70.81,-0.137
70.83,-0.138
70.84,-0.139
70.86,-0.14
70.87,-0.14
70.88,-0.141
70.9,-0.142
70.91,-0.144
70.92,-0.144
70.94,-0.145
70.95,-0.146
70.97,-0.147
70.98,-0.149
70.99,-0.15
71.01,-0.151
71.02,-0.151
71.04,-0.152
71.05,-0.153
71.06,-0.154
71.08,-0.155
71.09,-0.155
71.11,-0.156
71.12,-0.157
71.14,-0.158
71.15,-0.159
71.17,-0.16
71.18,-0.161
71.2,-0.161
71.21,-0.162
71.22,-0.163
71.24,-0.164
71.26,-0.165
71.27,-0.166
71.28,-0.166
71.3,-0.167
71.31,-0.168
71.33,-0.169
71.35,-0.17
71.36,-0.171
71.37,-0.171
71.39,-0.172
71.41,-0.173
71.42,-0.173
71.44,-0.174
71.45,-0.174
71.47,-0.175
71.48,-0.176
71.5,-0.177
71.51,-0.177
71.53,-0.178
71.54,-0.179
71.56,-0.179
71.57,-0.18
71.59,-0.18
71.61,-0.181
71.62,-0.182
71.64,-0.183
71.65,-0.183
71.67,-0.183
71.68,-0.184
71.7,-0.185
71.71,-0.185
71.73,-0.185
71.75,-0.186
71.76,-0.187
71.78,-0.187
71.79,-0.188
71.81,-0.188
71.82,-0.189
71.84,-0.19
71.86,-0.19
71.87,-0.191
71.89,-0.191
71.9,-0.191
71.92,-0.192
71.94,-0.192
71.95,-0.193
71.97,-0.193
71.98,-0.193
72.0,-0.194
72.01,-0.194
72.03,-0.194
72.05,-0.195
72.06,-0.195
72.08,-0.196
72.09,-0.196
72.11,-0.197
72.13,-0.197
72.14,-0.197
72.16,-0.198
72.17,-0.198
72.19,-0.198
72.21,-0.199
72.22,-0.199
72.24,-0.2
72.25,-0.2
72.27,-0.2
72.29,-0.201
72.3,-0.201
72.32,-0.201
72.34,-0.201
72.35,-0.202
72.37,-0.202
72.38,-0.202
72.4,-0.202
72.42,-0.203
72.43,-0.203
72.45,-0.203
72.47,-0.204
72.48,-0.204
72.5,-0.204
72.51,-0.205
72.53,-0.205
72.55,-0.205
72.56,-0.205
72.58,-0.205
72.6,-0.206
72.61,-0.206
72.63,-0.206
72.64,-0.206
72.66,-0.207
72.68,-0.207
72.69,-0.207
72.71,-0.207
72.73,-0.207
72.74,-0.208
72.76,-0.208
72.77,-0.208
72.79,-0.208
72.81,-0.208
72.82,-0.208
72.84,-0.209
72.86,-0.209
72.87,-0.209
72.89,-0.209
72.91,-0.209
72.92,-0.21
72.94,-0.21
72.95,-0.21
72.97,-0.21
72.99,-0.211
73.0,-0.211
73.02,-0.211
73.04,-0.211
73.05,-0.211
73.07,-0.211
73.09,-0.211
73.1,-0.211
73.12,-0.212
73.14,-0.212
73.15,-0.212
73.17,-0.212
73.19,-0.212
73.2,-0.213
73.22,-0.213
73.23,-0.213
73.25,-0.213
73.27,-0.213
73.28,-0.213
73.3,-0.213
73.32,-0.213
73.33,-0.213
73.35,-0.213
73.37,-0.214
73.38,-0.214
73.4,-0.214
73.42,-0.214
73.43,-0.214
73.45,-0.214
73.47,-0.214
73.48,-0.214
73.5,-0.214
73.51,-0.214
73.53,-0.214
73.55,-0.215
73.57,-0.215
73.58,-0.215
73.6,-0.215
73.61,-0.215
73.63,-0.215
73.65,-0.215
73.66,-0.215
73.68,-0.215
73.7,-0.215
73.71,-0.215
73.73,-0.215
73.75,-0.216
73.76,-0.216
73.78,-0.216
73.8,-0.216
73.81,-0.216
73.83,-0.216
73.85,-0.216
73.86,-0.216
73.88,-0.216
73.9,-0.216
73.91,-0.216
73.93,-0.216
73.95,-0.216
73.96,-0.216
73.98,-0.216
74.0,-0.216
74.01,-0.217
74.03,-0.217
74.05,-0.217
74.06,-0.217
74.08,-0.217
74.09,-0.217
74.11,-0.217
74.13,-0.217
74.14,-0.217
74.16,-0.217
74.18,-0.217
74.19,-0.217
74.21,-0.217
74.23,-0.217
74.24,-0.217
74.26,-0.217
74.28,-0.217
74.29,-0.217
74.31,-0.217
74.33,-0.217
74.34,-0.217
74.36,-0.217
74.38,-0.217
74.39,-0.217
74.41,-0.217
74.43,-0.217
74.44,-0.217
74.46,-0.217
74.48,-0.218
74.49,-0.218
74.51,-0.218
74.53,-0.218
74.54,-0.218
74.56,-0.218
74.58,-0.218
74.59,-0.218
74.61,-0.218
74.62,-0.218
74.64,-0.218
74.66,-0.218
74.67,-0.218
74.69,-0.218
74.71,-0.218
74.73,-0.218
74.74,-0.218
74.76,-0.218
74.78,-0.218
74.79,-0.218
74.81,-0.218
74.82,-0.218
74.84,-0.218
74.86,-0.218
74.88,-0.218
74.89,-0.218
74.91,-0.218
74.93,-0.218
74.94,-0.218
74.96,-0.218
74.97,-0.218
74.99,-0.218
75.01,-0.218
75.02,-0.218
75.04,-0.218
75.06,-0.218
75.07,-0.218
75.09,-0.218
75.11,-0.219
75.12,-0.219
75.14,-0.219
75.16,-0.219
75.17,-0.219
75.19,-0.219
75.21,-0.219
75.22,-0.219
75.24,-0.219
75.26,-0.219
75.27,-0.219
75.29,-0.219
75.31,-0.219
75.32,-0.219
75.34,-0.219
75.36,-0.219
75.37,-0.219
75.39,-0.219
75.41,-0.219
75.42,-0.219
75.44,-0.219
75.46,-0.219
75.47,-0.219
75.49,-0.219
75.5,-0.219
75.52,-0.219
75.54,-0.219
75.56,-0.219
75.57,-0.219
75.59,-0.219
75.6,-0.219
75.62,-0.219
75.64,-0.219
75.66,-0.219
75.67,-0.219
75.69,-0.219
75.7,-0.219
75.72,-0.219
75.74,-0.219
75.76,-0.219
75.77,-0.219
75.79,-0.219
75.81,-0.219
75.82,-0.22
75.84,-0.22
75.85,-0.22
75.87,-0.22
75.89,-0.22
75.91,-0.22
75.92,-0.22
75.94,-0.22
75.96,-0.22
75.97,-0.22
75.99,-0.22
76.0,-0.22
76.02,-0.22
76.04,-0.22
76.05,-0.22
76.07,-0.22
76.09,-0.22
76.1,-0.22
76.12,-0.22
76.14,-0.22
76.15,-0.22
76.17,-0.22
76.19,-0.22
76.21,-0.22
76.22,-0.22
76.24,-0.22
76.25,-0.22
76.27,-0.22
76.29,-0.22
76.3,-0.22
76.32,-0.22
76.34,-0.22
76.35,-0.22
76.37,-0.22
76.39,-0.22
76.4,-0.22
76.42,-0.22
76.44,-0.22
76.45,-0.22
76.47,-0.22
76.49,-0.22
76.5,-0.22
76.52,-0.22
76.54,-0.221
76.55,-0.221
76.57,-0.221
76.59,-0.221
76.6,-0.221
76.62,-0.221
76.64,-0.221
76.65,-0.221
76.67,-0.221
76.69,-0.221
76.7,-0.221
76.72,-0.221
76.74,-0.221
76.75,-0.221
76.77,-0.221
76.79,-0.221
76.8,-0.221
76.82,-0.221
76.84,-0.221
76.85,-0.221
76.87,-0.221
76.89,-0.221
76.9,-0.221
76.92,-0.221
76.94,-0.221
76.95,-0.221
76.97,-0.221
76.99,-0.221
77.0,-0.221
77.02,-0.221
77.04,-0.221
77.05,-0.221
77.07,-0.221
77.09,-0.221
77.1,-0.221
77.12,-0.221
77.14,-0.221
77.15,-0.221
77.17,-0.221
77.19,-0.221
77.2,-0.221
77.22,-0.221
77.24,-0.221
77.25,-0.221
77.27,-0.221
77.29,-0.221
77.3,-0.221
77.32,-0.221
77.34,-0.221
77.35,-0.221
77.37,-0.221
77.38,-0.221
77.4,-0.222
77.42,-0.222
77.43,-0.222
77.45,-0.222
77.47,-0.222
77.48,-0.222
77.5,-0.222
77.52,-0.222
77.54,-0.222
77.55,-0.222
77.57,-0.222
77.58,-0.222
77.6,-0.222
77.62,-0.222
77.63,-0.222
77.65,-0.222
77.67,-0.222
77.68,-0.222
77.7,-0.222
77.72,-0.222
77.74,-0.222
77.75,-0.222
77.77,-0.222
77.79,-0.222
77.8,-0.222
77.82,-0.222
77.83,-0.222
77.85,-0.222
77.87,-0.222
77.88,-0.222
77.9,-0.222
77.92,-0.222
77.93,-0.222
77.95,-0.222
77.97,-0.222
77.98,-0.222
78.0,-0.222
78.02,-0.222
78.03,-0.222
78.05,-0.222
78.07,-0.222
78.08,-0.222
78.1,-0.222
78.12,-0.222
78.13,-0.222
78.15,-0.222
78.17,-0.222
78.18,-0.222
78.2,-0.222
78.22,-0.222
78.23,-0.222
78.25,-0.222
78.27,-0.222
78.28,-0.222
78.3,-0.222
78.32,-0.222
78.33,-0.222
78.35,-0.222
78.37,-0.222
78.38,-0.222
78.4,-0.222
78.42,-0.222
78.43,-0.222
78.45,-0.222
78.47,-0.222
78.48,-0.223
78.5,-0.223
78.52,-0.223
78.54,-0.223
78.55,-0.223
78.57,-0.223
78.58,-0.223
78.6,-0.223
78.62,-0.223
78.63,-0.223
78.65,-0.223
78.67,-0.223
78.68,-0.223
78.7,-0.223
78.72,-0.223
78.73,-0.223
78.75,-0.223
78.77,-0.223
78.78,-0.223
78.8,-0.223
78.82,-0.223
78.83,-0.223
78.85,-0.223
78.87,-0.223
78.88,-0.223
78.9,-0.223
78.92,-0.223
78.93,-0.223
78.95,-0.223
78.97,-0.223
78.98,-0.223
79.0,-0.223
79.02,-0.223
79.03,-0.223
79.05,-0.223
79.07,-0.223
79.08,-0.223
79.1,-0.223
79.12,-0.223
79.13,-0.223
79.15,-0.223
79.17,-0.223
79.18,-0.223
79.2,-0.223
79.22,-0.223
79.23,-0.223
79.25,-0.223
79.27,-0.223
79.28,-0.223
79.3,-0.223
79.32,-0.223
79.33,-0.223
79.35,-0.223
79.37,-0.223
79.38,-0.223
79.4,-0.223
79.42,-0.223
79.43,-0.223
79.45,-0.223
79.47,-0.223
79.48,-0.223
79.5,-0.223
79.52,-0.223
79.53,-0.223
79.55,-0.223
79.57,-0.223
79.58,-0.223
79.6,-0.223
79.62,-0.223
79.63,-0.223
79.65,-0.223
79.67,-0.223
79.68,-0.223
79.7,-0.223
79.72,-0.223
79.73,-0.223
79.75,-0.223
79.77,-0.224
79.78,-0.224
79.8,-0.224
79.82,-0.224
79.83,-0.224
79.85,-0.224
79.87,-0.224
79.88,-0.224
79.9,-0.224
79.92,-0.224
79.93,-0.224
79.95,-0.224
79.97,-0.224
79.98,-0.224
80.0,-0.224
80.02,-0.224
80.03,-0.224
80.05,-0.224
80.07,-0.224
80.08,-0.224
80.1,-0.224
80.12,-0.224
80.13,-0.224
80.15,-0.224
80.17,-0.224
80.18,-0.224
80.2,-0.224
80.22,-0.224
80.23,-0.224
80.25,-0.224
80.27,-0.224
80.28,-0.224
80.3,-0.224
80.32,-0.224
80.33,-0.224
80.35,-0.224
80.37,-0.224
80.38,-0.224
80.4,-0.224
80.42,-0.224
80.43,-0.224
80.45,-0.224
80.47,-0.224
80.48,-0.224
80.5,-0.224
80.52,-0.224
80.53,-0.224
80.55,-0.224
80.57,-0.224
80.58,-0.224
80.6,-0.224
80.62,-0.224
80.63,-0.224
80.65,-0.224
80.67,-0.224
80.68,-0.224
80.7,-0.224
80.72,-0.224
80.73,-0.224
80.75,-0.224
80.77,-0.224
80.78,-0.224
80.8,-0.224
80.82,-0.224
80.83,-0.224
80.85,-0.224
80.87,-0.224
80.88,-0.224
80.9,-0.224
80.92,-0.224
80.93,-0.224
80.95,-0.224
80.97,-0.224
80.98,-0.224
81.0,-0.224
81.02,-0.224
81.03,-0.224
81.05,-0.224
81.07,-0.224
81.08,-0.224
81.1,-0.224
81.12,-0.224
81.13,-0.224
81.15,-0.224
81.17,-0.224
81.18,-0.224
81.2,-0.224
81.22,-0.224
81.23,-0.224
81.25,-0.224
81.27,-0.225
81.28,-0.225
81.3,-0.225
81.32,-0.225
81.33,-0.225
81.35,-0.225
81.37,-0.225
81.38,-0.225
81.4,-0.225
81.42,-0.225
81.43,-0.225
81.45,-0.225
81.47,-0.225
81.48,-0.225
81.5,-0.225
81.52,-0.225
81.53,-0.225
81.55,-0.225
81.57,-0.225
81.58,-0.225
81.6,-0.225
81.62,-0.225
81.63,-0.225
81.65,-0.225
81.67,-0.225
81.68,-0.225
81.7,-0.225
81.72,-0.225
81.73,-0.225
81.75,-0.225
81.77,-0.225
81.78,-0.225
81.8,-0.225
81.82,-0.225
81.83,-0.225
81.85,-0.225
81.87,-0.225
81.88,-0.225
81.9,-0.225
81.92,-0.225
81.93,-0.225
81.95,-0.225
81.97,-0.225
81.98,-0.225
82.0,-0.225
82.02,-0.225
82.03,-0.225
82.05,-0.225
82.07,-0.225
82.08,-0.225
82.1,-0.225
82.11,-0.225
82.13,-0.225
82.15,-0.225
82.17,-0.225
82.18,-0.225
82.2,-0.225
82.21,-0.225
82.23,-0.225
82.25,-0.225
82.27,-0.225
82.28,-0.225
82.3,-0.225
82.31,-0.225
82.33,-0.225
82.35,-0.225
82.36,-0.225
82.38,-0.225
82.4,-0.225
82.42,-0.225
82.43,-0.225
82.45,-0.225
82.46,-0.225
82.48,-0.225
82.5,-0.225
82.51,-0.225
82.53,-0.225
82.55,-0.225
82.57,-0.225
82.58,-0.225
82.6,-0.225
82.61,-0.225
82.63,-0.225
82.65,-0.225
82.66,-0.225
82.68,-0.225
82.7,-0.225
82.72,-0.225
82.73,-0.225
82.75,-0.225
82.76,-0.225
82.78,-0.225
82.8,-0.225
82.82,-0.225
82.83,-0.225
82.85,-0.225
82.86,-0.225
82.88,-0.225
82.9,-0.225
82.91,-0.226
82.93,-0.226
82.95,-0.226
82.96,-0.226
82.98,-0.226
83.0,-0.226
83.01,-0.226
83.03,-0.226
83.05,-0.226
83.07,-0.226
83.08,-0.226
83.1,-0.226
83.11,-0.226
83.13,-0.226
83.15,-0.226
83.17,-0.226
83.18,-0.226
83.2,-0.226
83.22,-0.226
83.23,-0.226
83.25,-0.226
83.27,-0.226
83.28,-0.226
83.3,-0.226
83.31,-0.226
83.33,-0.226
83.35,-0.226
83.36,-0.226
83.38,-0.226
83.4,-0.226
83.42,-0.226
83.43,-0.226
83.45,-0.226
83.46,-0.226
83.48,-0.226
83.5,-0.226
83.52,-0.226
83.53,-0.226
83.55,-0.226
83.57,-0.226
83.58,-0.226
83.6,-0.226
83.62,-0.226
83.63,-0.226
83.65,-0.226
83.67,-0.226
83.68,-0.226
83.7,-0.226
83.72,-0.226
83.73,-0.226
83.75,-0.226
83.77,-0.226
83.78,-0.226
83.8,-0.226
83.82,-0.226
83.83,-0.226
83.85,-0.226
83.87,-0.226
83.88,-0.226
83.9,-0.226
83.92,-0.226
83.93,-0.226
83.95,-0.226
83.97,-0.226
83.98,-0.226
84.0,-0.226
84.02,-0.226
84.03,-0.226
84.05,-0.226
84.07,-0.226
84.08,-0.226
84.1,-0.226
84.12,-0.226
84.13,-0.226
84.15,-0.226
84.16,-0.226
84.18,-0.226
84.2,-0.226
84.22,-0.226
84.23,-0.226
84.25,-0.226
84.27,-0.226
84.28,-0.226
84.3,-0.226
84.31,-0.226
84.33,-0.226
84.35,-0.226
84.36,-0.226
84.38,-0.226
84.4,-0.226
84.42,-0.226
84.43,-0.226
84.45,-0.226
84.46,-0.226
84.48,-0.226
84.5,-0.226
84.52,-0.226
84.53,-0.226
84.55,-0.226
84.57,-0.226
84.58,-0.226
84.6,-0.226
84.62,-0.226
84.63,-0.226
84.65,-0.226
84.67,-0.227
84.68,-0.227
84.7,-0.227
84.71,-0.227
84.73,-0.227
84.75,-0.227
84.77,-0.227
84.78,-0.227
84.8,-0.227
84.81,-0.227
84.83,-0.227
84.85,-0.227
84.87,-0.227
84.88,-0.227
84.9,-0.227
84.91,-0.227
84.93,-0.227
84.95,-0.227
84.97,-0.227
84.98,-0.227
85.0,-0.227
85.02,-0.227
85.03,-0.227
85.05,-0.227
85.07,-0.227
85.08,-0.227
85.1,-0.227
85.12,-0.227
85.13,-0.227
85.15,-0.227
85.17,-0.227
85.18,-0.227
85.2,-0.227
85.22,-0.227
85.23,-0.227
85.25,-0.227
85.27,-0.227
85.28,-0.227
85.3,-0.227
85.32,-0.227
85.33,-0.227
85.35,-0.227
85.37,-0.227
85.38,-0.227
85.4,-0.227
85.42,-0.227
85.43,-0.227
85.45,-0.227
85.47,-0.227
85.48,-0.227
85.5,-0.227
85.52,-0.227
85.53,-0.227
85.55,-0.227
85.57,-0.227
85.58,-0.227
85.6,-0.227
85.62,-0.227
85.63,-0.227
85.65,-0.227
85.67,-0.227
85.68,-0.227
85.7,-0.227
85.72,-0.227
85.73,-0.227
85.75,-0.227
85.77,-0.227
85.78,-0.227
85.8,-0.227
85.82,-0.227
85.83,-0.227
85.85,-0.227
85.87,-0.227
85.88,-0.227
85.9,-0.227
85.92,-0.227
85.93,-0.227
85.95,-0.227
85.97,-0.227
85.98,-0.227
86.0,-0.227
86.02,-0.227
86.03,-0.227
86.05,-0.227
86.07,-0.227
86.08,-0.227
86.1,-0.227
86.11,-0.227
86.13,-0.227
86.15,-0.227
86.17,-0.227
86.18,-0.227
86.2,-0.227
86.22,-0.227
86.23,-0.227
86.25,-0.227
86.27,-0.227
86.28,-0.227
86.3,-0.227
86.32,-0.227
86.33,-0.227
86.35,-0.227
86.37,-0.227
86.38,-0.227
86.4,-0.227
86.42,-0.227
86.43,-0.227
86.45,-0.227
86.47,-0.227
86.48,-0.227
86.5,-0.227
86.52,-0.227
86.53,-0.227
86.55,-0.227
86.57,-0.228
86.58,-0.228
86.6,-0.228
86.62,-0.228
86.63,-0.228
86.65,-0.228
86.67,-0.228
86.68,-0.228
86.7,-0.228
86.72,-0.228
86.73,-0.228
86.75,-0.228
86.77,-0.228
86.78,-0.228
86.8,-0.228
86.82,-0.228
86.83,-0.228
86.85,-0.228
86.87,-0.228
86.88,-0.228
86.9,-0.228
86.92,-0.228
86.93,-0.228
86.95,-0.228
86.97,-0.228
86.98,-0.228
87.0,-0.228
87.02,-0.228
87.03,-0.228
87.05,-0.228
87.07,-0.228
87.08,-0.228
87.1,-0.228
87.12,-0.228
87.13,-0.228
87.15,-0.228
87.17,-0.228
87.18,-0.228
87.2,-0.228
87.22,-0.228
87.23,-0.228
87.25,-0.228
87.27,-0.228
87.28,-0.228
87.3,-0.228
87.32,-0.228
87.33,-0.228
87.35,-0.228
87.37,-0.228
87.38,-0.228
87.4,-0.228
87.42,-0.228
87.43,-0.228
87.45,-0.228
87.47,-0.228
87.48,-0.228
87.5,-0.228
87.52,-0.228
87.53,-0.228
87.55,-0.228
87.57,-0.228
87.58,-0.228
87.6,-0.228
87.62,-0.228
87.63,-0.228
87.65,-0.228
87.67,-0.228
87.68,-0.228
87.7,-0.228
87.72,-0.228
87.73,-0.228
87.75,-0.228
87.77,-0.228
87.78,-0.228
87.8,-0.228
87.82,-0.228
87.83,-0.228
87.85,-0.228
87.87,-0.228
87.88,-0.228
87.9,-0.228
87.92,-0.228
87.93,-0.228
87.95,-0.228
87.97,-0.228
87.98,-0.228
88.0,-0.228
88.02,-0.228
88.03,-0.228
88.05,-0.228
88.07,-0.228
88.08,-0.228
88.1,-0.228
88.12,-0.228
88.13,-0.228
88.15,-0.228
88.17,-0.228
88.18,-0.228
88.2,-0.228
88.22,-0.228
88.23,-0.228
88.25,-0.228
88.27,-0.228
88.28,-0.228
88.3,-0.228
88.32,-0.228
88.33,-0.228
88.35,-0.228
88.37,-0.228
88.38,-0.228
88.4,-0.228
88.42,-0.228
88.43,-0.228
88.45,-0.228
88.47,-0.228
88.48,-0.228
88.5,-0.229
88.52,-0.229
88.53,-0.229
88.55,-0.229
88.57,-0.229
88.58,-0.229
88.6,-0.229
88.62,-0.229
88.63,-0.229
88.65,-0.229
88.67,-0.229
88.68,-0.229
88.7,-0.229
88.72,-0.229
88.73,-0.229
88.75,-0.229
88.77,-0.229
88.78,-0.229
88.8,-0.229
88.82,-0.229
88.83,-0.229
88.85,-0.229
88.87,-0.229
88.88,-0.229
88.9,-0.229
88.92,-0.229
88.93,-0.229
88.95,-0.229
88.97,-0.229
88.98,-0.229
89.0,-0.229
89.02,-0.229
89.03,-0.229
89.05,-0.229
89.07,-0.229
89.08,-0.229
89.1,-0.229
89.12,-0.229
89.13,-0.229
89.15,-0.229
89.17,-0.229
89.18,-0.229
89.2,-0.229
89.22,-0.229
89.23,-0.229
89.25,-0.229
89.27,-0.229
89.28,-0.229
89.3,-0.229
89.32,-0.229
89.33,-0.229
89.35,-0.229
89.37,-0.229
89.39,-0.229
89.4,-0.229
89.42,-0.229
89.43,-0.229
89.45,-0.229
89.47,-0.229
89.48,-0.229
89.5,-0.229
89.52,-0.229
89.53,-0.229
89.55,-0.229
89.57,-0.229
89.58,-0.229
89.6,-0.229
89.62,-0.229
89.63,-0.229
89.65,-0.229
89.67,-0.229
89.68,-0.229
89.7,-0.229
89.72,-0.229
89.73,-0.229
89.75,-0.229
89.77,-0.229
89.78,-0.229
89.8,-0.229
89.82,-0.229
89.83,-0.229
89.85,-0.229
89.87,-0.229
89.88,-0.229
89.9,-0.229
89.92,-0.229
89.93,-0.229
89.95,-0.229
89.97,-0.229
89.98,-0.229
90.0,-0.229
90.02,-0.229
90.03,-0.229
90.05,-0.229
90.07,-0.229
90.08,-0.229
90.1,-0.229
90.12,-0.229
90.13,-0.229
90.15,-0.229
90.17,-0.229
90.18,-0.229
90.2,-0.229
90.22,-0.229
90.23,-0.229
90.25,-0.229
90.27,-0.229
90.28,-0.229
90.3,-0.229
90.32,-0.229
90.33,-0.229
90.35,-0.229
90.37,-0.229
90.38,-0.229
90.4,-0.229
90.42,-0.229
90.43,-0.229
90.45,-0.229
90.47,-0.229
90.49,-0.229
90.5,-0.23
90.52,-0.23
90.53,-0.23
90.55,-0.23
90.57,-0.23
90.58,-0.23
90.6,-0.23
90.62,-0.23
90.63,-0.23
90.65,-0.23
90.67,-0.23
90.68,-0.23
90.7,-0.23
90.72,-0.23
90.73,-0.23
90.75,-0.23
90.77,-0.23
90.78,-0.23
90.8,-0.23
90.82,-0.23
90.83,-0.23
90.85,-0.23
90.87,-0.23
90.88,-0.23
90.9,-0.23
90.92,-0.23
90.93,-0.23
90.95,-0.23
90.97,-0.23
90.98,-0.23
91.0,-0.23
91.02,-0.23
91.03,-0.23
91.05,-0.23
91.07,-0.23
91.08,-0.23
91.1,-0.23
91.12,-0.23
91.14,-0.23
91.15,-0.23
91.17,-0.23
91.18,-0.23
91.2,-0.23
91.22,-0.23
91.24,-0.23
91.25,-0.23
91.27,-0.23
91.28,-0.23
91.3,-0.23
91.32,-0.23
91.33,-0.23
91.35,-0.23
91.37,-0.23
91.38,-0.23
91.4,-0.23
91.42,-0.23
91.43,-0.23
91.45,-0.23
91.47,-0.23
91.48,-0.23
91.5,-0.23
91.52,-0.23
91.53,-0.23
91.55,-0.23
91.57,-0.23
91.58,-0.23
91.6,-0.23
91.62,-0.23
91.63,-0.23
91.65,-0.23
91.67,-0.23
91.68,-0.23
91.7,-0.23
91.72,-0.23
91.74,-0.23
91.75,-0.23
91.77,-0.23
91.78,-0.23
91.8,-0.23
91.82,-0.23
91.83,-0.23
91.85,-0.23
91.87,-0.23
91.89,-0.23
91.9,-0.23
91.92,-0.23
91.94,-0.23
91.95,-0.23
91.97,-0.23
91.98,-0.23
92.0,-0.23
92.02,-0.23
92.03,-0.23
92.05,-0.23
92.07,-0.23
92.08,-0.23
92.1,-0.23
92.12,-0.23
92.13,-0.23
92.15,-0.23
92.17,-0.23
92.19,-0.23
92.2,-0.23
92.22,-0.23
92.24,-0.23
92.25,-0.23
92.27,-0.23
92.29,-0.23
92.3,-0.23
92.32,-0.23
92.34,-0.23
92.35,-0.23
92.37,-0.23
92.39,-0.23
92.4,-0.23
92.42,-0.23
92.44,-0.23
92.45,-0.23
92.47,-0.231
92.49,-0.231
92.5,-0.231
92.52,-0.231
92.54,-0.231
92.55,-0.231
92.57,-0.231
92.58,-0.231
92.6,-0.231
92.62,-0.231
92.64,-0.231
92.65,-0.231
92.67,-0.231
92.69,-0.231
92.7,-0.231
92.72,-0.231
92.74,-0.231
92.75,-0.231
92.77,-0.231
92.78,-0.231
92.8,-0.231
92.82,-0.231
92.84,-0.231
92.85,-0.231
92.87,-0.231
92.89,-0.231
92.9,-0.231
92.92,-0.231
92.93,-0.231
92.95,-0.231
92.97,-0.231
92.99,-0.231
93.0,-0.231
93.02,-0.231
93.04,-0.231
93.05,-0.231
93.07,-0.231
93.09,-0.231
93.1,-0.231
93.12,-0.231
93.14,-0.231
93.15,-0.231
93.17,-0.231
93.19,-0.231
93.2,-0.231
93.22,-0.231
93.24,-0.231
93.25,-0.231
93.27,-0.231
93.29,-0.231
93.3,-0.231
93.32,-0.231
93.34,-0.231
93.35,-0.231
93.37,-0.231
93.39,-0.231
93.4,-0.231
93.42,-0.231
93.44,-0.231
93.45,-0.231
93.47,-0.231
93.48,-0.231
93.5,-0.231
93.52,-0.231
93.54,-0.231
93.55,-0.231
93.57,-0.231
93.59,-0.231
93.6,-0.231
93.62,-0.231
93.64,-0.231
93.65,-0.231
93.67,-0.231
93.69,-0.231
93.7,-0.231
93.72,-0.231
93.74,-0.231
93.75,-0.231
93.77,-0.231
93.79,-0.231
93.8,-0.231
93.82,-0.231
93.84,-0.231
93.85,-0.231
93.87,-0.231
93.89,-0.231
93.9,-0.231
93.92,-0.231
93.94,-0.231
93.95,-0.231
93.97,-0.231
93.99,-0.231
94.0,-0.231
94.02,-0.231
94.04,-0.231
94.05,-0.231
94.07,-0.231
94.09,-0.231
94.1,-0.231
94.12,-0.231
94.14,-0.231
94.15,-0.231
94.17,-0.231
94.19,-0.231
94.2,-0.231
94.22,-0.231
94.24,-0.231
94.25,-0.231
94.27,-0.231
94.29,-0.231
94.3,-0.231
94.32,-0.231
94.34,-0.231
94.35,-0.231
94.37,-0.231
94.39,-0.231
94.4,-0.231
94.42,-0.231
94.44,-0.231
94.45,-0.232
94.47,-0.232
94.49,-0.232
94.5,-0.232
94.52,-0.232
94.54,-0.232
94.55,-0.232
94.57,-0.232
94.59,-0.232
94.6,-0.232
94.62,-0.232
94.64,-0.232
94.65,-0.232
94.67,-0.232
94.69,-0.232
94.7,-0.232
94.72,-0.232
94.74,-0.232
94.75,-0.232
94.77,-0.232
94.79,-0.232
94.8,-0.232
94.82,-0.232
94.84,-0.232
94.85,-0.232
94.87,-0.232
94.89,-0.232
94.9,-0.232
94.92,-0.232
94.94,-0.232
94.95,-0.232
94.97,-0.232
94.99,-0.232
95.0,-0.232
95.02,-0.232
95.04,-0.232
95.05,-0.232
95.07,-0.232
95.09,-0.232
95.1,-0.232
95.12,-0.232
95.14,-0.232
95.15,-0.232
95.17,-0.232
95.19,-0.232
95.2,-0.232
95.22,-0.232
95.24,-0.232
95.25,-0.232
95.27,-0.232
95.29,-0.232
95.3,-0.232
95.32,-0.232
95.34,-0.232
95.35,-0.232
95.37,-0.232
95.39,-0.232
95.4,-0.232
95.42,-0.232
95.44,-0.232
95.45,-0.232
95.47,-0.232
95.49,-0.232
95.5,-0.232
95.52,-0.232
95.54,-0.232
95.55,-0.232
95.57,-0.232
95.59,-0.232
95.6,-0.232
95.62,-0.232
95.64,-0.232
95.65,-0.232
95.67,-0.232
95.69,-0.232
95.7,-0.232
95.72,-0.232
95.74,-0.232
95.75,-0.232
95.77,-0.232
95.79,-0.232
95.8,-0.232
95.82,-0.232
95.84,-0.232
95.85,-0.232
95.87,-0.232
95.89,-0.232
95.9,-0.232
95.92,-0.232
95.94,-0.232
95.95,-0.232
95.97,-0.232
95.99,-0.232
96.0,-0.232
96.02,-0.232
96.04,-0.232
96.05,-0.232
96.07,-0.232
96.09,-0.232
96.1,-0.232
96.12,-0.232
96.14,-0.232
96.15,-0.232
96.17,-0.232
96.19,-0.232
96.2,-0.232
96.22,-0.232
96.24,-0.232
96.25,-0.232
96.27,-0.233
96.29,-0.233
96.3,-0.233
96.32,-0.233
96.34,-0.233
96.35,-0.233
96.37,-0.233
96.39,-0.233
96.4,-0.233
96.42,-0.233
96.44,-0.233
96.45,-0.233
96.47,-0.233
96.49,-0.233
96.5,-0.233
96.52,-0.233
96.54,-0.233
96.55,-0.233
96.57,-0.233
96.59,-0.233
96.6,-0.233
96.62,-0.233
96.64,-0.233
96.65,-0.233
96.67,-0.233
96.69,-0.233
96.7,-0.233
96.72,-0.233
96.74,-0.233
96.75,-0.233
96.77,-0.233
96.79,-0.233
96.8,-0.233
96.82,-0.233
96.84,-0.233
96.85,-0.233
96.87,-0.233
96.89,-0.233
96.9,-0.233
96.92,-0.233
96.94,-0.233
96.95,-0.233
96.97,-0.233
96.99,-0.233
97.0,-0.233
97.02,-0.233
97.04,-0.233
97.05,-0.233
97.07,-0.233
97.09,-0.233
97.1,-0.233
97.12,-0.233
97.14,-0.233
97.15,-0.233
97.17,-0.233
97.19,-0.233
97.2,-0.233
97.22,-0.233
97.24,-0.233
97.25,-0.233
97.27,-0.233
97.29,-0.233
97.3,-0.233
97.32,-0.233
97.34,-0.233
97.35,-0.233
97.37,-0.233
97.39,-0.233
97.4,-0.233
97.42,-0.233
97.44,-0.233
97.45,-0.233
97.47,-0.233
97.49,-0.233
97.5,-0.233
97.52,-0.233
97.54,-0.233
97.55,-0.233
97.57,-0.233
97.59,-0.233
97.6,-0.233
97.62,-0.233
97.64,-0.233
97.65,-0.233
97.67,-0.233
97.69,-0.233
97.7,-0.233
97.72,-0.233
97.74,-0.233
97.75,-0.233
97.77,-0.233
97.79,-0.233
97.8,-0.233
97.82,-0.233
97.84,-0.233
97.85,-0.233
97.87,-0.233
97.89,-0.233
97.9,-0.233
97.92,-0.233
97.94,-0.233
97.95,-0.233
97.97,-0.233
97.99,-0.233
98.0,-0.233
98.02,-0.233
98.04,-0.233
98.05,-0.233
98.07,-0.233
98.09,-0.233
98.1,-0.233
98.12,-0.233
98.14,-0.233
98.15,-0.233
98.17,-0.233
98.19,-0.233
98.2,-0.233
98.22,-0.233
98.24,-0.233
98.25,-0.233
98.27,-0.233
98.29,-0.234
98.3,-0.234
98.32,-0.234
98.34,-0.234
98.35,-0.234
98.37,-0.234
98.39,-0.234
98.41,-0.234
98.42,-0.234
98.44,-0.234
98.46,-0.234
98.47,-0.234
98.49,-0.234
98.51,-0.234
98.52,-0.234
98.54,-0.234
98.56,-0.234
98.57,-0.234
98.59,-0.234
98.61,-0.234
98.62,-0.234
98.64,-0.234
98.65,-0.234
98.67,-0.234
98.69,-0.234
98.71,-0.234
98.72,-0.234
98.74,-0.234
98.75,-0.234
98.77,-0.234
98.79,-0.234
98.8,-0.234
98.82,-0.234
98.84,-0.234
98.86,-0.234
98.87,-0.234
98.89,-0.234
98.91,-0.234
98.92,-0.234
98.94,-0.234
98.96,-0.234
98.97,-0.234
98.99,-0.234
99.01,-0.234
99.02,-0.234
99.04,-0.234
99.06,-0.234
99.07,-0.234
99.09,-0.234
99.11,-0.234
99.12,-0.234
99.14,-0.234
99.16,-0.234
99.17,-0.234
99.19,-0.234
99.21,-0.234
99.22,-0.234
99.24,-0.234
99.26,-0.234
99.27,-0.234
99.29,-0.234
99.31,-0.234
99.32,-0.234
99.34,-0.234
99.36,-0.234
99.37,-0.234
99.39,-0.234
99.41,-0.234
99.42,-0.234
99.44,-0.234
99.45,-0.234
99.47,-0.234
99.49,-0.234
99.51,-0.234
99.52,-0.234
99.54,-0.234
99.56,-0.234
99.57,-0.234
99.59,-0.234
99.6,-0.234
99.62,-0.234
99.64,-0.234
99.66,-0.234
99.67,-0.234
99.69,-0.234
99.71,-0.234
99.72,-0.234
99.74,-0.234
99.76,-0.234
99.77,-0.234
99.79,-0.234
99.81,-0.234
99.82,-0.234
99.84,-0.234
99.86,-0.234
99.87,-0.234
99.89,-0.234
99.91,-0.234
99.92,-0.234
99.94,-0.234
99.96,-0.234
99.97,-0.234
99.99,-0.234
100.01,-0.234
100.02,-0.234
100.04,-0.234
100.06,-0.234
100.07,-0.234
100.09,-0.234
100.11,-0.234
100.12,-0.234
100.14,-0.234
100.16,-0.234
100.17,-0.234
100.19,-0.234
100.21,-0.234
100.22,-0.234
100.24,-0.234
100.26,-0.234
100.27,-0.234
100.29,-0.234
100.31,-0.234
100.32,-0.234
100.34,-0.234
100.36,-0.234
100.37,-0.234
100.39,-0.234
100.41,-0.234
100.42,-0.234
100.44,-0.234
100.46,-0.234
100.47,-0.235
100.49,-0.235
100.51,-0.235
100.52,-0.235
100.54,-0.235
100.56,-0.235
100.57,-0.235
100.59,-0.235
100.61,-0.235
100.62,-0.235
100.64,-0.235
100.66,-0.235
100.67,-0.235
100.69,-0.235
100.71,-0.235
100.72,-0.235
100.74,-0.235
100.76,-0.235
100.77,-0.235
100.79,-0.235
100.81,-0.235
100.82,-0.235
100.84,-0.235
100.86,-0.235
100.87,-0.235
100.89,-0.235
100.91,-0.235
100.92,-0.235
100.94,-0.235
100.96,-0.235
100.97,-0.235
100.99,-0.235
101.01,-0.235
101.02,-0.235
101.04,-0.235
101.06,-0.235
101.07,-0.235
101.09,-0.235
101.11,-0.235
101.12,-0.235
101.14,-0.235
101.16,-0.235
101.17,-0.235
101.19,-0.235
101.21,-0.235
101.22,-0.235
101.24,-0.235
101.26,-0.235
101.27,-0.235
101.29,-0.235
101.31,-0.235
101.32,-0.235
101.34,-0.235
101.36,-0.235
101.37,-0.235
101.39,-0.235
101.41,-0.235
101.42,-0.235
101.44,-0.235
101.46,-0.235
101.47,-0.235
101.49,-0.235
101.51,-0.235
101.52,-0.235
101.54,-0.235
101.56,-0.235
101.57,-0.235
101.59,-0.235
101.61,-0.235
101.62,-0.235
101.64,-0.235
101.66,-0.235
101.67,-0.235
101.69,-0.235
101.71,-0.235
101.72,-0.235
101.74,-0.235
101.76,-0.235
101.77,-0.235
101.79,-0.235
101.81,-0.235
101.82,-0.235
101.84,-0.235
101.86,-0.235
101.87,-0.235
101.89,-0.235
101.91,-0.235
101.92,-0.235
101.94,-0.235
101.96,-0.235
101.97,-0.235
101.99,-0.235
102.01,-0.235
102.02,-0.235
102.04,-0.235
102.06,-0.235
102.07,-0.235
102.09,-0.235
102.11,-0.235
102.12,-0.235
102.14,-0.235
102.16,-0.235
102.17,-0.235
102.19,-0.235
102.21,-0.235
102.22,-0.235
102.24,-0.235
102.26,-0.235
102.27,-0.235
102.29,-0.235
102.31,-0.235
102.32,-0.235
102.34,-0.235
102.36,-0.235
102.37,-0.235
102.39,-0.235
102.41,-0.235
102.42,-0.235
102.44,-0.235
102.46,-0.235
102.47,-0.235
102.49,-0.235
102.51,-0.235
102.52,-0.235
102.54,-0.235
102.56,-0.235
102.57,-0.235
102.59,-0.235
102.61,-0.235
102.62,-0.235
102.64,-0.235
102.66,-0.235
102.67,-0.236
102.69,-0.236
102.71,-0.236
102.72,-0.236
102.74,-0.236
102.76,-0.236
102.77,-0.236
102.79,-0.236
102.81,-0.236
102.82,-0.236
102.84,-0.236
102.86,-0.236
102.87,-0.236
102.89,-0.236
102.91,-0.236
102.92,-0.236
102.94,-0.236
102.96,-0.236
102.97,-0.236
102.99,-0.236
103.01,-0.236
103.02,-0.236
103.04,-0.236
103.06,-0.236
103.08,-0.236
103.09,-0.236
103.11,-0.236
103.12,-0.236
103.14,-0.236
103.16,-0.236
103.18,-0.236
103.19,-0.236
103.21,-0.236
103.22,-0.236
103.24,-0.236
103.26,-0.236
103.27,-0.236
103.29,-0.236
103.31,-0.236
103.33,-0.236
103.34,-0.236
103.36,-0.236
103.37,-0.236
103.39,-0.236
103.41,-0.236
103.42,-0.236
103.44,-0.236
103.46,-0.236
103.48,-0.236
103.49,-0.236
103.51,-0.236
103.53,-0.236
103.54,-0.236
103.56,-0.236
103.57,-0.236
103.59,-0.236
103.61,-0.236
103.62,-0.236
103.64,-0.236
103.66,-0.236
103.67,-0.236
103.69,-0.236
103.71,-0.236
103.73,-0.236
103.74,-0.236
103.76,-0.236
103.77,-0.236
103.79,-0.236
103.81,-0.236
103.82,-0.236
103.84,-0.236
103.86,-0.236
103.87,-0.236
103.89,-0.236
103.91,-0.236
103.92,-0.236
103.94,-0.236
103.96,-0.236
103.98,-0.236
103.99,-0.236
104.01,-0.236
104.03,-0.236
104.04,-0.236
104.06,-0.236
104.07,-0.236
104.09,-0.236
104.11,-0.236
104.13,-0.236
104.14,-0.236
104.16,-0.236
104.18,-0.236
104.19,-0.236
104.21,-0.236
104.23,-0.236
104.24,-0.236
104.26,-0.236
104.27,-0.236
104.29,-0.236
104.31,-0.236
104.33,-0.236
104.34,-0.236
104.36,-0.236
104.38,-0.236
104.39,-0.236
104.41,-0.236
104.43,-0.236
104.44,-0.236
104.46,-0.236
104.47,-0.236
104.49,-0.236
104.51,-0.236
104.53,-0.236
104.54,-0.236
104.56,-0.236
104.58,-0.236
104.59,-0.236
104.61,-0.236
104.63,-0.236
104.64,-0.236
104.66,-0.236
104.67,-0.236
104.69,-0.236
104.71,-0.236
104.73,-0.236
104.74,-0.236
104.76,-0.236
104.77,-0.236
104.79,-0.236
104.81,-0.236
104.83,-0.236
104.84,-0.236
104.86,-0.237
104.87,-0.237
104.89,-0.237
104.91,-0.237
104.93,-0.237
104.94,-0.237
104.96,-0.237
104.97,-0.237
104.99,-0.237
105.01,-0.237
105.02,-0.237
105.04,-0.237
105.06,-0.237
105.07,-0.237
105.09,-0.237
105.11,-0.237
105.13,-0.237
105.14,-0.237
105.16,-0.237
105.18,-0.237
105.19,-0.237
105.21,-0.237
105.23,-0.237
105.24,-0.237
105.26,-0.237
105.28,-0.237
105.29,-0.237
105.31,-0.237
105.33,-0.237
105.34,-0.237
105.36,-0.237
105.38,-0.237
105.39,-0.237
105.41,-0.237
105.43,-0.237
105.44,-0.237
105.46,-0.237
105.48,-0.237
105.49,-0.237
105.51,-0.237
105.52,-0.237
105.54,-0.237
105.56,-0.237
105.57,-0.237
105.59,-0.237
105.61,-0.237
105.62,-0.237
105.64,-0.237
105.66,-0.237
105.68,-0.237
105.69,-0.237
105.71,-0.237
105.73,-0.237
105.74,-0.237
105.76,-0.237
105.78,-0.237
105.79,-0.237
105.81,-0.237
105.83,-0.237
105.84,-0.237
105.86,-0.237
105.88,-0.237
105.89,-0.237
105.91,-0.237
105.93,-0.237
105.94,-0.237
105.96,-0.237
105.98,-0.237
105.99,-0.237
106.01,-0.237
106.03,-0.237
106.04,-0.237
106.06,-0.237
106.08,-0.237
106.09,-0.237
106.11,-0.237
106.13,-0.237
106.14,-0.237
106.16,-0.237
106.18,-0.237
106.19,-0.237
106.21,-0.237
106.23,-0.237
106.24,-0.237
106.26,-0.237
106.28,-0.237
106.29,-0.237
106.31,-0.237
106.33,-0.237
106.34,-0.237
106.36,-0.237
106.38,-0.237
106.39,-0.237
106.41,-0.237
106.43,-0.237
106.44,-0.237
106.46,-0.237
106.48,-0.237
106.49,-0.237
106.51,-0.237
106.53,-0.237
106.54,-0.237
106.56,-0.237
106.58,-0.237
106.59,-0.237
106.61,-0.237
106.63,-0.237
106.64,-0.237
106.66,-0.237
106.68,-0.237
106.69,-0.237
106.71,-0.237
106.73,-0.237
106.74,-0.237
106.76,-0.237
106.78,-0.237
106.79,-0.237
106.81,-0.237
106.83,-0.237
106.84,-0.237
106.86,-0.237
106.88,-0.237
106.89,-0.238
106.91,-0.238
106.93,-0.238
106.94,-0.238
106.96,-0.238
106.98,-0.238
106.99,-0.238
107.01,-0.238
107.03,-0.238
107.04,-0.238
107.06,-0.238
107.07,-0.238
107.09,-0.238
107.11,-0.238
107.13,-0.238
107.14,-0.238
107.16,-0.238
107.18,-0.238
107.19,-0.238
107.21,-0.238
107.23,-0.238
107.24,-0.238
107.26,-0.238
107.28,-0.238
107.29,-0.238
107.31,-0.238
107.33,-0.238
107.34,-0.238
107.36,-0.238
107.38,-0.238
107.39,-0.238
107.41,-0.238
107.43,-0.238
107.44,-0.238
107.46,-0.238
107.48,-0.238
107.49,-0.238
107.51,-0.238
107.53,-0.238
107.54,-0.238
107.56,-0.238
107.58,-0.238
107.59,-0.238
107.61,-0.238
107.63,-0.238
107.64,-0.238
107.66,-0.238
107.68,-0.238
107.69,-0.238
107.71,-0.238
107.73,-0.238
107.74,-0.238
107.76,-0.238
107.78,-0.238
107.79,-0.238
107.81,-0.238
107.83,-0.238
107.84,-0.238
107.86,-0.238
107.88,-0.238
107.89,-0.238
107.91,-0.238
107.93,-0.238
107.94,-0.238
107.96,-0.238
107.98,-0.238
107.99,-0.238
108.01,-0.238
108.03,-0.238
108.04,-0.238
108.06,-0.238
108.08,-0.238
108.09,-0.238
108.11,-0.238
108.13,-0.238
108.14,-0.238
108.16,-0.238
108.18,-0.238
108.19,-0.238
108.21,-0.238
108.23,-0.238
108.24,-0.238
108.26,-0.238
108.28,-0.238
108.29,-0.238
108.31,-0.238
108.33,-0.238
108.34,-0.238
108.36,-0.238
108.38,-0.238
108.39,-0.238
108.41,-0.238
108.43,-0.238
108.44,-0.238
108.46,-0.238
108.48,-0.238
108.49,-0.238
108.51,-0.238
108.53,-0.238
108.54,-0.238
108.56,-0.238
108.58,-0.238
108.59,-0.238
108.61,-0.238
108.63,-0.238
108.64,-0.238
108.66,-0.238
108.68,-0.238
108.69,-0.238
108.71,-0.238
108.73,-0.238
108.74,-0.238
108.76,-0.238
108.78,-0.239
108.79,-0.239
108.81,-0.239
108.83,-0.239
108.84,-0.239
108.86,-0.239
108.88,-0.239
108.89,-0.239
108.91,-0.239
108.93,-0.239
108.94,-0.239
108.96,-0.239
108.98,-0.239
108.99,-0.239
109.01,-0.239
109.03,-0.239
109.04,-0.239
109.06,-0.239
109.08,-0.239
109.09,-0.239
109.11,-0.239
109.13,-0.239
109.14,-0.239
109.16,-0.239
109.18,-0.239
109.19,-0.239
109.21,-0.239
109.23,-0.239
109.24,-0.239
109.26,-0.239
109.28,-0.239
109.29,-0.239
109.31,-0.239
109.33,-0.239
109.34,-0.239
109.36,-0.239
109.38,-0.239
109.39,-0.239
109.41,-0.239
109.43,-0.239
109.44,-0.239
109.46,-0.239
109.48,-0.239
109.49,-0.239
109.51,-0.239
109.53,-0.239
109.54,-0.239
109.56,-0.239
109.58,-0.239
109.6,-0.239
109.61,-0.239
109.63,-0.239
109.65,-0.239
109.66,-0.239
109.68,-0.239
109.69,-0.239
109.71,-0.239
109.73,-0.239
109.74,-0.239
109.76,-0.239
109.78,-0.239
109.79,-0.239
109.81,-0.239
109.83,-0.239
109.85,-0.239
109.86,-0.239
109.88,-0.239
109.9,-0.239
109.91,-0.239
109.93,-0.239
109.94,-0.239
109.96,-0.239
109.98,-0.239
109.99,-0.239
110.01,-0.239
110.03,-0.239
110.04,-0.239
110.06,-0.239
110.08,-0.239
110.09,-0.239
110.11,-0.239
110.13,-0.239
110.14,-0.239
110.16,-0.239
110.18,-0.239
110.19,-0.239
110.21,-0.239
110.23,-0.239
110.24,-0.239
110.26,-0.239
110.28,-0.239
110.29,-0.239
110.31,-0.239
110.33,-0.239
110.35,-0.239
110.36,-0.239
110.38,-0.239
110.39,-0.239
110.41,-0.239
110.43,-0.239
110.45,-0.239
110.46,-0.239
110.48,-0.239
110.49,-0.239
110.51,-0.239
110.53,-0.239
110.54,-0.239
110.56,-0.239
110.58,-0.239
110.59,-0.239
110.61,-0.239
110.63,-0.239
110.64,-0.239
110.66,-0.239
110.68,-0.24
110.69,-0.24
110.71,-0.24
110.73,-0.24
110.74,-0.24
110.76,-0.24
110.78,-0.24
110.8,-0.24
110.81,-0.24
110.83,-0.24
110.85,-0.24
110.86,-0.24
110.88,-0.24
110.89,-0.24
110.91,-0.24
110.93,-0.24
110.95,-0.24
110.96,-0.24
110.98,-0.24
111.0,-0.24
111.01,-0.24
111.03,-0.24
111.04,-0.24
111.06,-0.24
111.08,-0.24
111.09,-0.24
111.11,-0.24
111.13,-0.24
111.14,-0.24
111.16,-0.24
111.18,-0.24
111.19,-0.24
111.21,-0.24
111.23,-0.24
111.25,-0.24
111.26,-0.24
111.28,-0.24
111.3,-0.24
111.31,-0.24
111.33,-0.24
111.35,-0.24
111.36,-0.24
111.38,-0.24
111.39,-0.24
111.41,-0.24
111.43,-0.24
111.45,-0.24
111.46,-0.24
111.48,-0.24
111.5,-0.24
111.51,-0.24
111.53,-0.24
111.54,-0.24
111.56,-0.24
111.58,-0.24
111.59,-0.24
111.61,-0.24
111.63,-0.24
111.65,-0.24
111.66,-0.24
111.68,-0.24
111.69,-0.24
111.71,-0.24
111.73,-0.24
111.74,-0.24
111.76,-0.24
111.78,-0.24
111.79,-0.24
111.81,-0.24
111.83,-0.24
111.85,-0.24
111.86,-0.24
111.88,-0.24
111.9,-0.24
111.91,-0.24
111.93,-0.24
111.95,-0.24
111.96,-0.24
111.98,-0.24
112.0,-0.24
112.01,-0.24
112.03,-0.24
112.05,-0.24
112.06,-0.24
112.08,-0.24
112.09,-0.24
112.11,-0.24
112.13,-0.24
112.14,-0.24
112.16,-0.24
112.18,-0.24
112.2,-0.24
112.21,-0.24
112.23,-0.24
112.25,-0.24
112.26,-0.24
112.28,-0.24
112.29,-0.24
112.31,-0.24
112.33,-0.24
112.34,-0.24
112.36,-0.24
112.38,-0.24
112.4,-0.24
112.41,-0.24
112.43,-0.24
112.44,-0.24
112.46,-0.24
112.48,-0.24
112.5,-0.24
112.51,-0.24
112.53,-0.24
112.55,-0.24
112.56,-0.24
112.58,-0.24
112.6,-0.24
112.61,-0.24
112.63,-0.24
112.65,-0.24
112.66,-0.24
112.68,-0.241
112.7,-0.241
112.71,-0.241
112.73,-0.241
112.75,-0.241
112.76,-0.241
112.78,-0.241
112.8,-0.241
112.81,-0.241
112.83,-0.241
112.85,-0.241
112.86,-0.241
112.88,-0.241
112.9,-0.241
112.91,-0.241
112.93,-0.241
112.95,-0.241
112.96,-0.241
112.98,-0.241
112.99,-0.241
113.01,-0.241
113.03,-0.241
113.05,-0.241
113.06,-0.241
113.08,-0.241
113.1,-0.241
113.11,-0.241
113.13,-0.241
113.15,-0.241
113.16,-0.241
113.18,-0.241
113.2,-0.241
113.21,-0.241
113.23,-0.241
113.25,-0.241
113.26,-0.241
113.28,-0.241
113.3,-0.241
113.31,-0.241
113.33,-0.241
113.35,-0.241
113.36,-0.241
113.38,-0.241
113.4,-0.241
113.41,-0.241
113.43,-0.241
113.45,-0.241
113.46,-0.241
113.48,-0.241
113.5,-0.241
113.51,-0.241
113.53,-0.241
113.55,-0.241
113.56,-0.241
113.58,-0.241
113.6,-0.241
113.61,-0.241
113.63,-0.241
113.65,-0.241
113.66,-0.241
113.68,-0.241
113.7,-0.241
113.71,-0.241
113.73,-0.241
113.75,-0.241
113.76,-0.241
113.78,-0.241
113.8,-0.241
113.81,-0.241
113.83,-0.241
113.85,-0.241
113.86,-0.241
113.88,-0.241
113.9,-0.241
113.91,-0.241
113.93,-0.241
113.95,-0.241
113.96,-0.241
113.98,-0.241
114.0,-0.241
114.01,-0.241
114.03,-0.241
114.05,-0.241
114.06,-0.241
114.08,-0.241
114.1,-0.241
114.11,-0.241
114.13,-0.241
114.15,-0.241
114.16,-0.241
114.18,-0.241
114.2,-0.241
114.21,-0.241
114.23,-0.241
114.25,-0.241
114.26,-0.241
114.28,-0.241
114.3,-0.241
114.31,-0.241
114.33,-0.241
114.35,-0.241
114.36,-0.241
114.38,-0.241
114.4,-0.241
114.41,-0.241
114.43,-0.241
114.45,-0.241
114.46,-0.241
114.48,-0.241
114.5,-0.241
114.51,-0.241
114.53,-0.241
114.55,-0.241
114.56,-0.241
114.58,-0.241
114.6,-0.241
114.61,-0.242
114.63,-0.242
114.65,-0.242
114.66,-0.242
114.68,-0.242
114.7,-0.242
114.71,-0.242
114.73,-0.242
114.75,-0.242
114.76,-0.242
114.78,-0.242
114.8,-0.242
114.81,-0.242
114.83,-0.242
114.85,-0.242
114.86,-0.242
114.88,-0.242
114.9,-0.242
114.91,-0.242
114.93,-0.242
114.95,-0.242
114.96,-0.242
114.98,-0.242
115.0,-0.242
115.01,-0.242
115.03,-0.242
115.05,-0.242
115.06,-0.242
115.08,-0.242
115.1,-0.242
115.11,-0.242
115.13,-0.242
115.15,-0.242
115.16,-0.242
115.18,-0.242
115.2,-0.242
115.21,-0.242
115.23,-0.242
115.25,-0.242
115.26,-0.242
115.28,-0.242
115.3,-0.242
115.31,-0.242
115.33,-0.242
115.35,-0.242
115.36,-0.242
115.38,-0.242
115.4,-0.242
115.41,-0.242
115.43,-0.242
115.45,-0.242
115.46,-0.242
115.48,-0.242
115.5,-0.242
115.51,-0.242
115.53,-0.242
115.55,-0.242
115.56,-0.242
115.58,-0.242
115.6,-0.242
115.61,-0.242
115.63,-0.242
115.65,-0.242
115.66,-0.242
115.68,-0.242
115.7,-0.242
115.71,-0.242
115.73,-0.242
115.75,-0.242
115.76,-0.242
115.78,-0.242
115.8,-0.242
115.81,-0.242
115.83,-0.242
115.85,-0.242
115.86,-0.242
115.88,-0.242
115.9,-0.242
115.91,-0.242
115.93,-0.242
115.95,-0.242
115.96,-0.242
115.98,-0.242
116.0,-0.242
116.01,-0.242
116.03,-0.242
116.05,-0.242
116.06,-0.242
116.08,-0.242
116.1,-0.242
116.11,-0.242
116.13,-0.242
116.15,-0.242
116.16,-0.242
116.18,-0.242
116.2,-0.242
116.21,-0.242
116.23,-0.242
116.25,-0.242
116.26,-0.242
116.28,-0.242
116.3,-0.242
116.31,-0.242
116.33,-0.242
116.35,-0.242
116.36,-0.242
116.38,-0.242
116.4,-0.242
116.41,-0.242
116.43,-0.242
116.45,-0.242
116.46,-0.242
116.48,-0.242
116.5,-0.242
116.51,-0.242
116.53,-0.242
116.55,-0.242
116.56,-0.243
116.58,-0.243
116.6,-0.243
116.61,-0.243
116.63,-0.243
116.65,-0.243
116.66,-0.243
116.68,-0.243
116.7,-0.243
116.71,-0.243
116.73,-0.243
116.75,-0.243
116.76,-0.243
116.78,-0.243
116.8,-0.243
116.81,-0.243
116.83,-0.243
116.85,-0.243
116.86,-0.243
116.88,-0.243
116.9,-0.243
116.91,-0.243
116.93,-0.243
116.95,-0.243
116.96,-0.243
116.98,-0.243
117.0,-0.243
117.01,-0.243
117.03,-0.243
117.05,-0.243
117.06,-0.243
117.08,-0.243
117.1,-0.243
117.11,-0.243
117.13,-0.243
117.15,-0.243
117.16,-0.243
117.18,-0.243
117.2,-0.243
117.21,-0.243
117.23,-0.243
117.25,-0.243
117.26,-0.243
117.28,-0.243
117.3,-0.243
117.31,-0.243
117.33,-0.243
117.35,-0.243
117.36,-0.243
117.38,-0.243
117.4,-0.243
117.41,-0.243
117.43,-0.243
117.45,-0.243
117.46,-0.243
117.48,-0.243
117.5,-0.243
117.51,-0.243
117.53,-0.243
117.55,-0.243
117.56,-0.243
117.58,-0.243
117.6,-0.243
117.61,-0.243
117.63,-0.243
117.65,-0.243
117.66,-0.243
117.68,-0.243
117.7,-0.243
117.71,-0.243
117.73,-0.243
117.75,-0.243
117.76,-0.243
117.78,-0.243
117.8,-0.243
117.81,-0.243
117.83,-0.243
117.85,-0.243
117.86,-0.243
117.88,-0.243
117.9,-0.243
117.91,-0.243
117.93,-0.243
117.95,-0.243
117.96,-0.243
117.98,-0.243
118.0,-0.243
118.02,-0.243
118.03,-0.243
118.05,-0.243
118.06,-0.243
118.08,-0.243
118.1,-0.243
118.11,-0.243
118.13,-0.243
118.15,-0.243
118.16,-0.243
118.18,-0.243
118.2,-0.243
118.22,-0.243
118.23,-0.243
118.25,-0.243
118.26,-0.243
118.28,-0.243
118.3,-0.243
118.32,-0.243
118.33,-0.243
118.35,-0.243
118.36,-0.243
118.38,-0.243
118.4,-0.243
118.41,-0.243
118.43,-0.243
118.45,-0.243
118.47,-0.244
118.48,-0.244
118.5,-0.244
118.52,-0.244
118.53,-0.244
118.55,-0.244
118.57,-0.244
118.58,-0.244
118.6,-0.244
118.62,-0.244
118.63,-0.244
118.65,-0.244
118.66,-0.244
118.68,-0.244
118.7,-0.244
118.71,-0.244
118.73,-0.244
118.75,-0.244
118.77,-0.244
118.78,-0.244
118.8,-0.244
118.81,-0.244
118.83,-0.244
118.85,-0.244
118.87,-0.244
118.88,-0.244
118.9,-0.244
118.92,-0.244
118.93,-0.244
118.95,-0.244
118.97,-0.244
118.98,-0.244
119.0,-0.244
119.01,-0.244
119.03,-0.244
119.05,-0.244
119.07,-0.244
119.08,-0.244
119.1,-0.244
119.11,-0.244
119.13,-0.244
119.15,-0.244
119.16,-0.244
119.18,-0.244
119.2,-0.244
119.22,-0.244
119.23,-0.244
119.25,-0.244
119.26,-0.244
119.28,-0.244
119.3,-0.244
119.31,-0.244
119.33,-0.244
119.35,-0.244
119.36,-0.244
119.38,-0.244
119.4,-0.244
119.41,-0.244
119.43,-0.244
119.45,-0.244
119.47,-0.244
119.48,-0.244
119.5,-0.244
119.51,-0.244
119.53,-0.244
119.55,-0.244
119.57,-0.244
119.58,-0.244
119.6,-0.244
119.62,-0.244
119.63,-0.244
119.65,-0.244
119.67,-0.244
119.68,-0.244
119.7,-0.244
119.72,-0.244
119.73,-0.244
119.75,-0.244
119.77,-0.244
119.78,-0.244
119.8,-0.244
119.82,-0.244
119.83,-0.244
119.85,-0.244
119.87,-0.244
119.88,-0.244
119.9,-0.244
119.92,-0.244
119.93,-0.244
119.95,-0.244
119.96,-0.244
119.98,-0.244
120.0,-0.244
120.02,-0.244
120.03,-0.244
120.05,-0.244
120.06,-0.244
120.08,-0.244
120.1,-0.244
120.11,-0.244
120.13,-0.244
120.15,-0.244
120.17,-0.244
120.18,-0.244
120.2,-0.244
120.21,-0.244
120.23,-0.244
120.25,-0.244
120.26,-0.244
120.28,-0.244
120.3,-0.244
120.31,-0.244
120.33,-0.244
120.35,-0.244
120.36,-0.244
120.38,-0.244
120.4,-0.244
120.42,-0.244
120.43,-0.244
120.45,-0.244
120.46,-0.244
120.48,-0.244
120.5,-0.244
120.52,-0.244
120.53,-0.244
120.55,-0.244
120.56,-0.244
120.58,-0.244
120.6,-0.244
120.62,-0.244
120.63,-0.244
120.65,-0.244
120.67,-0.244
120.68,-0.244
120.7,-0.244
120.72,-0.244
120.73,-0.244
120.75,-0.245
120.77,-0.245
120.78,-0.245
120.8,-0.245
120.82,-0.245
120.83,-0.245
120.85,-0.245
120.87,-0.245
120.88,-0.245
120.9,-0.245
120.91,-0.245
120.93,-0.245
120.95,-0.245
120.97,-0.245
120.98,-0.245
121.0,-0.245
121.02,-0.245
121.03,-0.245
121.05,-0.245
121.07,-0.245
121.08,-0.245
121.1,-0.245
121.12,-0.245
121.13,-0.245
121.15,-0.245
121.17,-0.245
121.18,-0.245
121.2,-0.245
121.22,-0.245
121.23,-0.245
121.25,-0.245
121.27,-0.245
121.28,-0.245
121.3,-0.245
121.32,-0.245
121.33,-0.245
121.35,-0.245
121.37,-0.245
121.38,-0.245
121.4,-0.245
121.42,-0.245
121.43,-0.245
121.45,-0.245
121.47,-0.245
121.48,-0.245
121.5,-0.245
121.52,-0.245
121.53,-0.245
121.55,-0.245
121.57,-0.245
121.58,-0.245
121.6,-0.245
121.62,-0.245
121.63,-0.245
121.65,-0.245
121.67,-0.245
121.68,-0.245
121.7,-0.245
121.72,-0.245
121.73,-0.245
121.75,-0.245
121.77,-0.245
121.78,-0.245
121.8,-0.245
121.82,-0.245
121.83,-0.245
121.85,-0.245
121.87,-0.245
121.88,-0.245
121.9,-0.245
121.92,-0.245
121.93,-0.245
121.95,-0.245
121.97,-0.245
121.98,-0.245
122.0,-0.245
122.02,-0.245
122.03,-0.245
122.05,-0.245
122.07,-0.245
122.08,-0.245
122.1,-0.245
122.12,-0.245
122.13,-0.245
122.15,-0.245
122.17,-0.245
122.18,-0.245
122.2,-0.245
122.22,-0.245
122.23,-0.245
122.25,-0.245
122.27,-0.245
122.28,-0.245
122.3,-0.245
122.32,-0.245
122.33,-0.245
122.35,-0.245
122.37,-0.245
122.38,-0.245
122.4,-0.245
122.42,-0.245
122.43,-0.245
122.45,-0.245
122.47,-0.245
122.48,-0.245
122.5,-0.245
122.52,-0.245
122.53,-0.245
122.55,-0.245
122.57,-0.245
122.58,-0.245
122.6,-0.245
122.62,-0.245
122.63,-0.245
122.65,-0.245
122.67,-0.245
122.68,-0.245
122.7,-0.245
122.72,-0.245
122.73,-0.245
122.75,-0.245
122.77,-0.245
122.78,-0.245
122.8,-0.245
122.82,-0.245
122.83,-0.245
122.85,-0.245
122.87,-0.246
122.89,-0.246
122.9,-0.246
122.92,-0.246
122.93,-0.246
122.95,-0.246
122.97,-0.246
122.99,-0.246
123.0,-0.246
123.02,-0.246
123.03,-0.246
123.05,-0.246
123.07,-0.246
123.08,-0.246
123.1,-0.246
123.12,-0.246
123.13,-0.246
123.15,-0.246
123.17,-0.246
123.18,-0.246
123.2,-0.246
123.22,-0.246
123.23,-0.246
123.25,-0.246
123.27,-0.246
123.29,-0.246
123.3,-0.246
123.32,-0.246
123.33,-0.246
123.35,-0.246
123.37,-0.246
123.38,-0.246
123.4,-0.246
123.42,-0.246
123.43,-0.246
123.45,-0.246
123.47,-0.246
123.48,-0.246
123.5,-0.246
123.52,-0.246
123.53,-0.246
123.55,-0.246
123.57,-0.246
123.58,-0.246
123.6,-0.246
123.62,-0.246
123.63,-0.246
123.65,-0.246
123.67,-0.246
123.69,-0.246
123.7,-0.246
123.72,-0.246
123.73,-0.246
123.75,-0.246
123.77,-0.246
123.78,-0.246
123.8,-0.246
123.82,-0.246
123.83,-0.246
123.85,-0.246
123.87,-0.246
123.88,-0.246
123.9,-0.246
123.92,-0.246
123.94,-0.246
123.95,-0.246
123.97,-0.246
123.98,-0.246
124.0,-0.246
124.02,-0.246
124.03,-0.246
124.05,-0.246
124.07,-0.246
124.08,-0.246
124.1,-0.246
124.12,-0.246
124.14,-0.246
124.15,-0.246
124.17,-0.246
124.18,-0.246
124.2,-0.246
124.22,-0.246
124.23,-0.246
124.25,-0.246
124.27,-0.246
124.29,-0.246
124.3,-0.246
124.32,-0.246
124.33,-0.246
124.35,-0.246
124.37,-0.246
124.38,-0.246
124.4,-0.246
124.42,-0.246
124.43,-0.246
124.45,-0.246
124.47,-0.246
124.49,-0.246
124.5,-0.246
124.52,-0.246
124.54,-0.246
124.55,-0.246
124.57,-0.246
124.59,-0.246
124.6,-0.246
124.62,-0.246
124.64,-0.246
124.65,-0.246
124.67,-0.246
124.69,-0.246
124.7,-0.246
124.72,-0.246
124.74,-0.246
124.75,-0.246
124.77,-0.246
124.79,-0.246
124.8,-0.246
124.82,-0.246
124.84,-0.246
124.85,-0.246
124.87,-0.246
124.89,-0.246
124.9,-0.246
124.92,-0.246
124.94,-0.246
124.95,-0.246
124.97,-0.246
124.98,-0.246
125.0,-0.247
125.02,-0.247
125.03,-0.247
125.05,-0.247
125.07,-0.247
125.09,-0.247
125.1,-0.247
125.12,-0.247
125.14,-0.247
125.15,-0.247
125.17,-0.247
125.19,-0.247
125.2,-0.247
125.22,-0.247
125.24,-0.247
125.25,-0.247
125.27,-0.247
125.29,-0.247
125.3,-0.247
125.32,-0.247
125.34,-0.247
125.35,-0.247
125.37,-0.247
125.39,-0.247
125.4,-0.247
125.42,-0.247
125.44,-0.247
125.45,-0.247
125.47,-0.247
125.49,-0.247
125.5,-0.247
125.52,-0.247
125.54,-0.247
125.55,-0.247
125.57,-0.247
125.59,-0.247
125.6,-0.247
125.62,-0.247
125.64,-0.247
125.65,-0.247
125.67,-0.247
125.69,-0.247
125.7,-0.247
125.72,-0.247
125.74,-0.247
125.75,-0.247
125.77,-0.247
125.79,-0.247
125.8,-0.247
125.82,-0.247
125.84,-0.247
125.85,-0.247
125.87,-0.247
125.89,-0.247
125.9,-0.247
125.92,-0.247
125.94,-0.247
125.95,-0.247
125.97,-0.247
125.99,-0.247
126.0,-0.247
126.02,-0.247
126.04,-0.247
126.05,-0.247
126.07,-0.247
126.09,-0.247
126.1,-0.247
126.12,-0.247
126.14,-0.247
126.15,-0.247
126.17,-0.247
126.19,-0.247
126.2,-0.247
126.22,-0.247
126.24,-0.247
126.25,-0.247
126.27,-0.247
126.29,-0.247
126.3,-0.247
126.32,-0.247
126.34,-0.247
126.35,-0.247
126.37,-0.247
126.39,-0.247
126.4,-0.247
126.42,-0.247
126.44,-0.247
126.45,-0.247
126.47,-0.247
126.49,-0.247
126.5,-0.247
126.52,-0.247
126.54,-0.247
126.55,-0.247
126.57,-0.247
126.59,-0.247
126.6,-0.247
126.62,-0.247
126.64,-0.247
126.65,-0.247
126.67,-0.247
126.69,-0.247
126.7,-0.247
126.72,-0.247
126.74,-0.247
126.75,-0.247
126.77,-0.247
126.79,-0.247
126.8,-0.247
126.82,-0.247
126.84,-0.247
126.85,-0.247
126.87,-0.247
126.89,-0.247
126.9,-0.247
126.92,-0.247
126.94,-0.247
126.95,-0.247
126.97,-0.247
126.99,-0.247
127.0,-0.247
127.02,-0.247
127.04,-0.247
127.05,-0.247
127.07,-0.247
127.09,-0.247
127.1,-0.247
127.12,-0.247
127.14,-0.247
127.15,-0.247
127.17,-0.247
127.19,-0.247
127.2,-0.247
127.22,-0.247
127.24,-0.247
127.25,-0.247
127.27,-0.247
127.29,-0.247
127.3,-0.247
127.32,-0.248
127.34,-0.248
127.35,-0.248
127.37,-0.248
127.39,-0.248
127.4,-0.248
127.42,-0.248
127.44,-0.248
127.45,-0.248
127.47,-0.248
127.49,-0.248
127.5,-0.248
127.52,-0.248
127.54,-0.248
127.55,-0.248
127.57,-0.248
127.59,-0.248
127.6,-0.248
127.62,-0.248
127.64,-0.248
127.65,-0.248
127.67,-0.248
127.69,-0.248
127.7,-0.248
127.72,-0.248
127.74,-0.248
127.75,-0.248
127.77,-0.248
127.79,-0.248
127.8,-0.248
127.82,-0.248
127.84,-0.248
127.85,-0.248
127.87,-0.248
127.89,-0.248
127.9,-0.248
127.92,-0.248
127.94,-0.248
127.95,-0.248
127.97,-0.248
127.99,-0.248
128.0,-0.248
128.02,-0.248
128.04,-0.248
128.05,-0.248
128.07,-0.248
128.09,-0.248
128.1,-0.248
128.12,-0.248
128.14,-0.248
128.15,-0.248
128.17,-0.248
128.19,-0.248
128.21,-0.248
128.22,-0.248
128.24,-0.248
128.25,-0.248
128.27,-0.248
128.29,-0.248
128.3,-0.248
128.32,-0.248
128.34,-0.248
128.35,-0.248
128.37,-0.248
128.39,-0.248
128.4,-0.248
128.42,-0.248
128.44,-0.248
128.46,-0.248
128.47,-0.248
128.49,-0.248
128.51,-0.248
128.52,-0.248
128.54,-0.248
128.55,-0.248
128.57,-0.248
128.59,-0.248
128.6,-0.248
128.62,-0.248
128.64,-0.248
128.65,-0.248
128.67,-0.248
128.69,-0.248
128.7,-0.248
128.72,-0.248
128.74,-0.248
128.75,-0.248
128.77,-0.248
128.79,-0.248
128.8,-0.248
128.82,-0.248
128.84,-0.248
128.86,-0.248
128.87,-0.248
128.89,-0.248
128.9,-0.248
128.92,-0.248
128.94,-0.248
128.95,-0.248
128.97,-0.248
128.99,-0.248
129.0,-0.248
129.02,-0.248
129.04,-0.248
129.05,-0.248
129.07,-0.248
129.09,-0.248
129.1,-0.248
129.12,-0.248
129.14,-0.248
129.15,-0.248
129.17,-0.248
129.19,-0.248
129.2,-0.248
129.22,-0.248
129.24,-0.248
129.25,-0.248
129.27,-0.248
129.29,-0.248
129.3,-0.248
129.32,-0.248
129.34,-0.248
129.36,-0.248
129.37,-0.248
129.39,-0.248
129.41,-0.248
129.42,-0.248
129.44,-0.248
129.46,-0.248
129.47,-0.248
129.49,-0.248
129.5,-0.248
129.52,-0.248
129.54,-0.248
129.55,-0.248
129.57,-0.248
129.59,-0.249
129.6,-0.249
129.62,-0.249
129.64,-0.249
129.66,-0.249
129.67,-0.249
129.69,-0.249
129.7,-0.249
129.72,-0.249
129.74,-0.249
129.75,-0.249
129.77,-0.249
129.79,-0.249
129.81,-0.249
129.82,-0.249
129.84,-0.249
129.86,-0.249
129.87,-0.249
129.89,-0.249
129.9,-0.249
129.92,-0.249
129.94,-0.249
129.95,-0.249
129.97,-0.249
129.99,-0.249
130.01,-0.249
130.02,-0.249
130.04,-0.249
130.06,-0.249
130.07,-0.249
130.09,-0.249
130.1,-0.249
130.12,-0.249
130.14,-0.249
130.15,-0.249
130.17,-0.249
130.19,-0.249
130.2,-0.249
130.22,-0.249
130.24,-0.249
130.26,-0.249
130.27,-0.249
130.29,-0.249
130.31,-0.249
130.32,-0.249
130.34,-0.249
130.35,-0.249
130.37,-0.249
130.39,-0.249
130.4,-0.249
130.42,-0.249
130.44,-0.249
130.45,-0.249
130.47,-0.249
130.49,-0.249
130.51,-0.249
130.52,-0.249
130.54,-0.249
130.55,-0.249
130.57,-0.249
130.59,-0.249
130.6,-0.249
130.62,-0.249
130.64,-0.249
130.65,-0.249
130.67,-0.249
130.69,-0.249
130.7,-0.249
130.72,-0.249
130.74,-0.249
130.75,-0.249
130.77,-0.249
130.79,-0.249
130.8,-0.249
130.82,-0.249
130.84,-0.249
130.85,-0.249
130.87,-0.249
130.89,-0.249
130.9,-0.249
130.92,-0.249
130.94,-0.249
130.95,-0.249
130.97,-0.249
130.99,-0.249
131.0,-0.249
131.02,-0.249
131.04,-0.249
131.05,-0.249
131.07,-0.249
131.09,-0.249
131.1,-0.249
131.12,-0.249
131.14,-0.249
131.16,-0.249
131.17,-0.249
131.19,-0.249
131.2,-0.249
131.22,-0.249
131.24,-0.249
131.26,-0.249
131.27,-0.249
131.29,-0.249
131.31,-0.249
131.32,-0.249
131.34,-0.249
131.35,-0.249
131.37,-0.249
131.39,-0.249
131.4,-0.249
131.42,-0.249
131.44,-0.249
131.45,-0.249
131.47,-0.249
131.49,-0.249
131.51,-0.249
131.52,-0.249
131.54,-0.249
131.55,-0.249
131.57,-0.249
131.59,-0.249
131.6,-0.249
131.62,-0.249
131.64,-0.249
131.66,-0.249
131.67,-0.249
131.69,-0.249
131.7,-0.249
131.72,-0.249
131.74,-0.249
131.75,-0.249
131.77,-0.249
131.79,-0.249
131.8,-0.249
131.82,-0.249
131.84,-0.249
131.85,-0.249
131.87,-0.249
131.89,-0.249
131.91,-0.249
131.92,-0.249
131.94,-0.249
131.95,-0.249
131.97,-0.249
131.99,-0.249
132.01,-0.25
132.02,-0.25
132.04,-0.25
132.05,-0.25
132.07,-0.25
132.09,-0.25
132.1,-0.25
132.12,-0.25
132.14,-0.25
132.16,-0.25
132.17,-0.25
132.19,-0.25
132.2,-0.25
132.22,-0.25
132.24,-0.25
132.26,-0.25
132.27,-0.25
132.29,-0.25
132.3,-0.25
132.32,-0.25
132.34,-0.25
132.35,-0.25
132.37,-0.25
132.39,-0.25
132.41,-0.25
132.42,-0.25
132.44,-0.25
132.45,-0.25
132.47,-0.25
132.49,-0.25
132.51,-0.25
132.52,-0.25
132.54,-0.25
132.56,-0.25
132.57,-0.25
132.59,-0.25
132.6,-0.25
132.62,-0.25
132.64,-0.25
132.65,-0.25
132.67,-0.25
132.69,-0.25
132.71,-0.25
132.72,-0.25
132.74,-0.25
132.76,-0.25
132.77,-0.25
132.79,-0.25
132.81,-0.25
132.82,-0.25
132.84,-0.25
132.85,-0.25
132.87,-0.25
132.89,-0.25
132.9,-0.25
132.92,-0.25
132.94,-0.25
132.95,-0.25
132.97,-0.25
132.99,-0.25
133.0,-0.25
133.02,-0.25
133.04,-0.25
133.06,-0.25
133.07,-0.25
133.09,-0.25
133.11,-0.25
133.12,-0.25
133.14,-0.25
133.15,-0.25
133.17,-0.25
133.19,-0.25
133.2,-0.25
133.22,-0.25
133.24,-0.25
133.25,-0.25
133.27,-0.25
133.29,-0.25
133.31,-0.25
133.32,-0.25
133.34,-0.25
133.36,-0.25
133.37,-0.25
133.39,-0.25
133.4,-0.25
133.42,-0.25
133.44,-0.25
133.46,-0.25
133.47,-0.25
133.49,-0.25
133.5,-0.25
133.52,-0.25
133.54,-0.25
133.55,-0.25
133.57,-0.25
133.59,-0.25
133.6,-0.25
133.62,-0.25
133.64,-0.25
133.65,-0.25
133.67,-0.25
133.69,-0.25
133.7,-0.25
133.72,-0.25
133.74,-0.25
133.75,-0.25
133.77,-0.25
133.79,-0.25
133.8,-0.25
133.82,-0.25
133.84,-0.25
133.86,-0.25
133.87,-0.25
133.89,-0.25
133.9,-0.25
133.92,-0.25
133.94,-0.25
133.96,-0.25
133.97,-0.25
133.99,-0.25
134.01,-0.25
134.02,-0.25
134.04,-0.25
134.05,-0.25
134.07,-0.25
134.09,-0.25
134.11,-0.25
134.12,-0.25
134.14,-0.25
134.16,-0.25
134.17,-0.251
134.19,-0.251
134.21,-0.251
134.22,-0.251
134.24,-0.251
134.26,-0.251
134.27,-0.251
134.29,-0.251
134.31,-0.251
134.32,-0.251
134.34,-0.251
134.35,-0.251
134.37,-0.251
134.39,-0.251
134.41,-0.251
134.42,-0.251
134.44,-0.251
134.46,-0.251
134.47,-0.251
134.49,-0.251
134.51,-0.251
134.52,-0.251
134.54,-0.251
134.56,-0.251
134.57,-0.251
134.59,-0.251
134.61,-0.251
134.62,-0.251
134.64,-0.251
134.66,-0.251
134.67,-0.251
134.69,-0.251
134.71,-0.251
134.72,-0.251
134.74,-0.251
134.76,-0.251
134.77,-0.251
134.79,-0.251
134.81,-0.251
134.82,-0.251
134.84,-0.251
134.86,-0.251
134.87,-0.251
134.89,-0.251
134.91,-0.251
134.92,-0.251
134.94,-0.251
134.96,-0.251
134.97,-0.251
134.99,-0.251
135.01,-0.251
135.02,-0.251
135.04,-0.251
135.06,-0.251
135.07,-0.251
135.09,-0.251
135.11,-0.251
135.12,-0.251
135.14,-0.251
135.16,-0.251
135.17,-0.251
135.19,-0.251
135.21,-0.251
135.22,-0.251
135.24,-0.251
135.26,-0.251
135.27,-0.251
135.29,-0.251
135.31,-0.251
135.32,-0.251
135.34,-0.251
135.36,-0.251
135.37,-0.251
135.39,-0.251
135.41,-0.251
135.42,-0.251
135.44,-0.251
135.46,-0.251
135.47,-0.251
135.49,-0.251
135.51,-0.251
135.52,-0.251
135.54,-0.251
135.56,-0.251
135.57,-0.251
135.59,-0.251
135.61,-0.251
135.62,-0.251
135.64,-0.251
135.66,-0.251
135.67,-0.251
135.69,-0.251
135.71,-0.251
135.72,-0.251
135.74,-0.251
135.76,-0.251
135.77,-0.251
135.79,-0.251
135.81,-0.251
135.82,-0.251
135.84,-0.251
135.86,-0.251
135.87,-0.251
135.89,-0.251
135.91,-0.251
135.92,-0.251
135.94,-0.251
135.96,-0.251
135.97,-0.251
135.99,-0.251
136.01,-0.251
136.02,-0.251
136.04,-0.251
136.06,-0.251
136.07,-0.251
136.09,-0.251
136.11,-0.251
136.12,-0.251
136.14,-0.251
136.16,-0.251
136.17,-0.251
136.19,-0.251
136.21,-0.252
136.22,-0.252
136.24,-0.252
136.26,-0.252
136.27,-0.252
136.29,-0.252
136.31,-0.252
136.32,-0.252
136.34,-0.252
136.36,-0.252
136.38,-0.252
136.39,-0.252
136.41,-0.252
136.42,-0.252
136.44,-0.252
136.46,-0.252
136.47,-0.252
136.49,-0.252
136.51,-0.252
136.52,-0.252
136.54,-0.252
136.56,-0.252
136.57,-0.252
136.59,-0.252
136.61,-0.252
136.62,-0.252
136.64,-0.252
136.66,-0.252
136.67,-0.252
136.69,-0.252
136.71,-0.252
136.72,-0.252
136.74,-0.252
136.76,-0.252
136.77,-0.252
136.79,-0.252
136.81,-0.252
136.82,-0.252
136.84,-0.252
136.86,-0.252
136.87,-0.252
136.89,-0.252
136.91,-0.252
136.92,-0.252
136.94,-0.252
136.96,-0.252
136.98,-0.252
136.99,-0.252
137.01,-0.252
137.02,-0.252
137.04,-0.252
137.06,-0.252
137.07,-0.252
137.09,-0.252
137.11,-0.252
137.12,-0.252
137.14,-0.252
137.16,-0.252
137.17,-0.252
137.19,-0.252
137.21,-0.252
137.22,-0.252
137.24,-0.252
137.26,-0.252
137.27,-0.252
137.29,-0.252
137.31,-0.252
137.32,-0.252
137.34,-0.252
137.36,-0.252
137.37,-0.252
137.39,-0.252
137.41,-0.252
137.42,-0.252
137.44,-0.252
137.46,-0.252
137.47,-0.252
137.49,-0.252
137.51,-0.252
137.53,-0.252
137.54,-0.252
137.56,-0.252
137.57,-0.252
137.59,-0.252
137.61,-0.252
137.63,-0.252
137.64,-0.252
137.66,-0.252
137.67,-0.252
137.69,-0.252
137.71,-0.252
137.73,-0.252
137.74,-0.252
137.76,-0.252
137.78,-0.252
137.79,-0.252
137.81,-0.252
137.82,-0.252
137.84,-0.252
137.86,-0.252
137.87,-0.252
137.89,-0.252
137.91,-0.252
137.93,-0.252
137.94,-0.252
137.96,-0.252
137.97,-0.252
137.99,-0.252
138.01,-0.252
138.03,-0.252
138.04,-0.252
138.06,-0.252
138.07,-0.252
138.09,-0.252
138.11,-0.252
138.13,-0.252
138.14,-0.252
138.16,-0.252
138.17,-0.252
138.19,-0.252
138.21,-0.252
138.23,-0.252
138.24,-0.252
138.26,-0.252
138.28,-0.252
138.29,-0.252
138.31,-0.252
138.33,-0.252
138.34,-0.252
138.36,-0.252
138.38,-0.252
138.39,-0.252
138.41,-0.252
138.43,-0.252
138.44,-0.253
138.46,-0.253
138.48,-0.253
138.49,-0.253
138.51,-0.253
138.53,-0.253
138.54,-0.253
138.56,-0.253
138.58,-0.253
138.59,-0.253
138.61,-0.253
138.63,-0.253
138.64,-0.253
138.66,-0.253
138.68,-0.253
138.69,-0.253
138.71,-0.253
138.73,-0.253
138.74,-0.253
138.76,-0.253
138.78,-0.253
138.79,-0.253
138.81,-0.253
138.83,-0.253
138.84,-0.253
138.86,-0.253
138.88,-0.253
138.89,-0.253
138.91,-0.253
138.93,-0.253
138.94,-0.253
138.96,-0.253
138.98,-0.253
138.99,-0.253
139.01,-0.253
139.03,-0.253
139.04,-0.253
139.06,-0.253
139.08,-0.253
139.09,-0.253
139.11,-0.253
139.13,-0.253
139.14,-0.253
139.16,-0.253
139.18,-0.253
139.19,-0.253
139.21,-0.253
139.23,-0.253
139.24,-0.253
139.26,-0.253
139.28,-0.253
139.29,-0.253
139.31,-0.253
139.33,-0.253
139.34,-0.253
139.36,-0.253
139.38,-0.253
139.39,-0.253
139.41,-0.253
139.43,-0.253
139.44,-0.253
139.46,-0.253
139.48,-0.253
139.49,-0.253
139.51,-0.253
139.53,-0.253
139.54,-0.253
139.56,-0.253
139.58,-0.253
139.59,-0.253
139.61,-0.253
139.63,-0.253
139.64,-0.253
139.66,-0.253
139.68,-0.253
139.69,-0.253
139.71,-0.253
139.73,-0.253
139.74,-0.253
139.76,-0.253
139.78,-0.253
139.79,-0.253
139.81,-0.253
139.83,-0.253
139.84,-0.253
139.86,-0.253
139.88,-0.253
139.89,-0.253
139.91,-0.253
139.93,-0.253
139.94,-0.253
139.96,-0.253
139.98,-0.253
139.99,-0.253
140.01,-0.253
140.03,-0.253
140.04,-0.253
140.06,-0.253
140.08,-0.253
140.09,-0.253
140.11,-0.253
140.13,-0.253
140.14,-0.253
140.16,-0.253
140.18,-0.253
140.19,-0.253
140.21,-0.253
140.23,-0.253
140.24,-0.253
140.26,-0.253
140.27,-0.253
140.29,-0.253
140.31,-0.253
140.33,-0.253
140.34,-0.253
140.36,-0.253
140.38,-0.253
140.39,-0.253
140.41,-0.253
140.43,-0.253
140.44,-0.253
140.46,-0.253
140.48,-0.253
140.49,-0.253
140.51,-0.253
140.53,-0.253
140.54,-0.253
140.56,-0.253
140.58,-0.253
140.59,-0.253
140.61,-0.253
140.62,-0.253
140.64,-0.253
140.66,-0.253
140.68,-0.254
140.69,-0.254
140.71,-0.254
140.73,-0.254
140.74,-0.254
140.76,-0.254
140.78,-0.254
140.79,-0.254
140.81,-0.254
140.83,-0.254
140.84,-0.254
140.86,-0.254
140.88,-0.254
140.89,-0.254
140.91,-0.254
140.93,-0.254
140.94,-0.254
140.96,-0.254
140.98,-0.254
140.99,-0.254
141.01,-0.254
141.03,-0.254
141.05,-0.254
141.06,-0.254
141.08,-0.254
141.09,-0.254
141.11,-0.254
141.13,-0.254
141.14,-0.254
141.16,-0.254
141.18,-0.254
141.19,-0.254
141.21,-0.254
141.23,-0.254
141.24,-0.254
141.26,-0.254
141.28,-0.254
141.29,-0.254
141.31,-0.254
141.33,-0.254
141.34,-0.254
141.36,-0.254
141.38,-0.254
141.39,-0.254
141.41,-0.254
141.43,-0.254
141.44,-0.254
141.46,-0.254
141.48,-0.254
141.49,-0.254
141.51,-0.254
141.53,-0.254
141.54,-0.254
141.56,-0.254
141.58,-0.254
141.59,-0.254
141.61,-0.254
141.63,-0.254
141.64,-0.254
141.66,-0.254
141.68,-0.254
141.69,-0.254
141.71,-0.254
141.73,-0.254
141.74,-0.254
141.76,-0.254
141.78,-0.254
141.79,-0.254
141.81,-0.254
141.83,-0.254
141.84,-0.254
141.86,-0.254
141.88,-0.254
141.89,-0.254
141.91,-0.254
141.93,-0.254
141.94,-0.254
141.96,-0.254
141.98,-0.254
141.99,-0.254
142.01,-0.254
142.03,-0.254
142.04,-0.254
142.06,-0.254
142.08,-0.254
142.09,-0.254
142.11,-0.254
142.13,-0.254
142.14,-0.254
142.16,-0.254
142.18,-0.254
142.19,-0.254
142.21,-0.254
142.23,-0.254
142.25,-0.254
142.26,-0.254
142.28,-0.254
142.3,-0.254
142.31,-0.254
142.33,-0.254
142.34,-0.254
142.36,-0.254
142.38,-0.254
142.39,-0.254
142.41,-0.254
142.43,-0.254
142.44,-0.254
142.46,-0.254
142.48,-0.254
142.5,-0.254
142.51,-0.254
142.53,-0.254
142.54,-0.254
142.56,-0.254
142.58,-0.254
142.59,-0.254
142.61,-0.254
142.63,-0.254
142.64,-0.254
142.66,-0.254
142.68,-0.255
142.7,-0.255
142.71,-0.255
142.73,-0.255
142.74,-0.255
142.76,-0.255
142.78,-0.255
142.79,-0.255
142.81,-0.255
142.83,-0.255
142.85,-0.255
142.86,-0.255
142.88,-0.255
142.89,-0.255
142.91,-0.255
142.93,-0.255
142.94,-0.255
142.96,-0.255
142.98,-0.255
142.99,-0.255
143.01,-0.255
143.03,-0.255
143.04,-0.255
143.06,-0.255
143.08,-0.255
143.09,-0.255
143.11,-0.255
143.13,-0.255
143.15,-0.255
143.16,-0.255
143.18,-0.255
143.2,-0.255
143.21,-0.255
143.23,-0.255
143.25,-0.255
143.26,-0.255
143.28,-0.255
143.3,-0.255
143.31,-0.255
143.33,-0.255
143.34,-0.255
143.36,-0.255
143.38,-0.255
143.4,-0.255
143.41,-0.255
143.43,-0.255
143.45,-0.255
143.46,-0.255
143.48,-0.255
143.5,-0.255
143.51,-0.255
143.53,-0.255
143.55,-0.255
143.56,-0.255
143.58,-0.255
143.6,-0.255
143.61,-0.255
143.63,-0.255
143.65,-0.255
143.66,-0.255
143.68,-0.255
143.7,-0.255
143.71,-0.255
143.73,-0.255
143.74,-0.255
143.76,-0.255
143.78,-0.255
143.79,-0.255
143.81,-0.255
143.83,-0.255
143.85,-0.255
143.86,-0.255
143.88,-0.255
143.9,-0.255
143.91,-0.255
143.93,-0.255
143.95,-0.255
143.96,-0.255
143.98,-0.255
144.0,-0.255
144.01,-0.255
144.03,-0.255
144.05,-0.255
144.06,-0.255
144.08,-0.255
144.1,-0.255
144.11,-0.255
144.13,-0.255
144.15,-0.255
144.16,-0.255
144.18,-0.255
144.2,-0.255
144.21,-0.255
144.23,-0.255
144.25,-0.255
144.26,-0.255
144.28,-0.255
144.3,-0.255
144.31,-0.255
144.33,-0.255
144.35,-0.255
144.36,-0.255
144.38,-0.255
144.4,-0.255
144.41,-0.255
144.43,-0.255
144.45,-0.255
144.46,-0.255
144.48,-0.255
144.5,-0.255
144.51,-0.255
144.53,-0.255
144.55,-0.255
144.56,-0.255
144.58,-0.255
144.6,-0.255
144.61,-0.255
144.63,-0.255
144.65,-0.255
144.66,-0.255
144.68,-0.255
144.7,-0.255
144.71,-0.255
144.73,-0.256
144.75,-0.256
144.76,-0.256
144.78,-0.256
144.8,-0.256
144.81,-0.256
144.83,-0.256
144.85,-0.256
144.86,-0.256
144.88,-0.256
144.9,-0.256
144.91,-0.256
144.93,-0.256
144.95,-0.256
144.96,-0.256
144.98,-0.256
145.0,-0.256
145.01,-0.256
145.03,-0.256
145.05,-0.256
145.06,-0.256
145.08,-0.256
145.1,-0.256
145.11,-0.256
145.13,-0.256
145.15,-0.256
145.16,-0.256
145.18,-0.256
145.2,-0.256
145.21,-0.256
145.23,-0.256
145.25,-0.256
145.26,-0.256
145.28,-0.256
145.3,-0.256
145.31,-0.256
145.33,-0.256
145.35,-0.256
145.36,-0.256
145.38,-0.256
145.4,-0.256
145.41,-0.256
145.43,-0.256
145.45,-0.256
145.46,-0.256
145.48,-0.256
145.5,-0.256
145.51,-0.256
145.53,-0.256
145.55,-0.256
145.56,-0.256
145.58,-0.256
145.6,-0.256
145.61,-0.256
145.63,-0.256
145.65,-0.256
145.66,-0.256
145.68,-0.256
145.7,-0.256
145.71,-0.256
145.73,-0.256
145.75,-0.256
145.76,-0.256
145.78,-0.256
145.8,-0.256
145.81,-0.256
145.83,-0.256
145.85,-0.256
145.86,-0.256
145.88,-0.256
145.9,-0.256
145.91,-0.256
145.93,-0.256
145.95,-0.256
145.96,-0.256
145.98,-0.256
146.0,-0.256
146.01,-0.256
146.03,-0.256
146.05,-0.256
146.06,-0.256
146.08,-0.256
146.1,-0.256
146.11,-0.256
146.13,-0.256
146.15,-0.256
146.16,-0.256
146.18,-0.256
146.2,-0.256
146.21,-0.256
146.23,-0.256
146.25,-0.256
146.26,-0.256
146.28,-0.256
146.3,-0.256
146.31,-0.256
146.33,-0.256
146.35,-0.256
146.36,-0.256
146.38,-0.256
146.4,-0.256
146.41,-0.256
146.43,-0.256
146.45,-0.256
146.46,-0.256
146.48,-0.256
146.5,-0.256
146.51,-0.256
146.53,-0.256
146.55,-0.256
146.56,-0.256
146.58,-0.256
146.6,-0.256
146.61,-0.256
146.63,-0.256
146.65,-0.256
146.66,-0.256
146.68,-0.256
146.7,-0.256
146.71,-0.256
146.73,-0.256
146.75,-0.256
146.76,-0.256
146.78,-0.256
146.8,-0.257
146.81,-0.257
146.83,-0.257
146.85,-0.257
146.86,-0.257
146.88,-0.257
146.9,-0.257
146.91,-0.257
146.93,-0.257
146.95,-0.257
146.96,-0.257
146.98,-0.257
147.0,-0.257
147.01,-0.257
147.03,-0.257
147.05,-0.257
147.06,-0.257
147.08,-0.257
147.1,-0.257
147.11,-0.257
147.13,-0.257
147.15,-0.257
147.16,-0.257
147.18,-0.257
147.2,-0.257
147.21,-0.257
147.23,-0.257
147.25,-0.257
147.26,-0.257
147.28,-0.257
147.3,-0.257
147.31,-0.257
147.33,-0.257
147.35,-0.257
147.36,-0.257
147.38,-0.257
147.4,-0.257
147.41,-0.257
147.43,-0.257
147.45,-0.257
147.46,-0.257
147.48,-0.257
147.5,-0.257
147.51,-0.257
147.53,-0.257
147.55,-0.257
147.56,-0.257
147.58,-0.257
147.6,-0.257
147.61,-0.257
147.63,-0.257
147.65,-0.257
147.66,-0.257
147.68,-0.257
147.7,-0.257
147.71,-0.257
147.73,-0.257
147.75,-0.257
147.76,-0.257
147.78,-0.257
147.8,-0.257
147.81,-0.257
147.83,-0.257
147.85,-0.257
147.86,-0.257
147.88,-0.257
147.9,-0.257
147.91,-0.257
147.93,-0.257
147.95,-0.257
147.96,-0.257
147.98,-0.257
148.0,-0.257
148.01,-0.257
148.03,-0.257
148.05,-0.257
148.06,-0.257
148.08,-0.257
148.1,-0.257
148.11,-0.257
148.13,-0.257
148.15,-0.257
148.16,-0.257
148.18,-0.257
148.2,-0.257
148.21,-0.257
148.23,-0.257
148.25,-0.257
148.26,-0.257
148.28,-0.257
148.3,-0.257
148.31,-0.257
148.33,-0.257
148.35,-0.257
148.36,-0.257
148.38,-0.257
148.4,-0.257
148.41,-0.257
148.43,-0.257
148.45,-0.258
148.46,-0.258
148.48,-0.258
148.5,-0.258
148.51,-0.258
148.53,-0.258
148.55,-0.258
148.56,-0.258
148.58,-0.258
148.6,-0.258
148.61,-0.258
148.63,-0.258
148.65,-0.258
148.66,-0.258
148.68,-0.258
148.7,-0.258
148.71,-0.258
148.73,-0.258
148.75,-0.258
148.76,-0.258
148.78,-0.258
148.8,-0.258
148.81,-0.258
148.83,-0.258
148.85,-0.258
148.86,-0.258
148.88,-0.258
148.9,-0.258
148.91,-0.258
148.93,-0.258
148.95,-0.258
148.96,-0.258
148.98,-0.258
149.0,-0.258
149.01,-0.258
149.03,-0.258
149.05,-0.258
149.06,-0.258
149.08,-0.258
149.1,-0.258
149.11,-0.258
149.13,-0.258
149.15,-0.258
149.16,-0.258
149.18,-0.258
149.2,-0.258
149.21,-0.258
149.23,-0.258
149.25,-0.258
149.26,-0.258
149.28,-0.258
149.3,-0.258
149.31,-0.258
149.33,-0.258
149.35,-0.258
149.36,-0.258
149.38,-0.258
149.4,-0.258
149.41,-0.258
149.43,-0.258
149.45,-0.258
149.46,-0.258
149.48,-0.258
149.5,-0.258
149.51,-0.258
149.53,-0.258
149.55,-0.258
149.56,-0.258
149.58,-0.258
149.6,-0.258
149.61,-0.258
149.63,-0.258
149.65,-0.258
149.66,-0.258
149.68,-0.258
149.7,-0.258
149.71,-0.258
149.73,-0.258
149.75,-0.258
149.76,-0.259
149.78,-0.259
149.8,-0.259
149.81,-0.259
149.83,-0.259
149.85,-0.259
149.86,-0.259
149.88,-0.259
149.9,-0.259
149.91,-0.259
149.93,-0.259
149.95,-0.259
149.97,-0.259
149.98,-0.259
150.0,-0.259
150.01,-0.259
150.03,-0.259
150.05,-0.259
150.06,-0.259
150.08,-0.259
150.1,-0.259
150.11,-0.259
150.13,-0.259
150.15,-0.259
150.16,-0.259
150.18,-0.259
150.2,-0.259
150.21,-0.259
150.23,-0.259
150.25,-0.259
150.26,-0.259
150.28,-0.259
150.3,-0.259
150.31,-0.259
150.33,-0.259
150.35,-0.259
150.36,-0.259
150.38,-0.259
150.4,-0.259
150.41,-0.259
150.43,-0.259
150.45,-0.259
150.46,-0.259
150.48,-0.259
150.5,-0.259
150.51,-0.259
150.53,-0.259
150.55,-0.259
150.56,-0.259
150.58,-0.259
150.6,-0.259
150.61,-0.259
150.63,-0.259
150.65,-0.259
150.66,-0.259
150.68,-0.259
150.7,-0.259
150.71,-0.259
150.73,-0.259
150.75,-0.259
150.76,-0.259
150.78,-0.259
150.8,-0.259
150.81,-0.259
150.83,-0.259
150.85,-0.259
150.86,-0.259
150.88,-0.259
150.9,-0.259
150.91,-0.259
150.93,-0.259
150.95,-0.259
150.96,-0.26
150.98,-0.26
151.0,-0.26
151.01,-0.26
151.03,-0.26
151.05,-0.26
151.06,-0.26
151.08,-0.26
151.1,-0.26
151.12,-0.26
151.13,-0.26
151.15,-0.26
151.16,-0.26
151.18,-0.26
151.2,-0.26
151.21,-0.26
151.23,-0.26
151.25,-0.26
151.26,-0.26
151.28,-0.26
151.3,-0.26
151.31,-0.26
151.33,-0.26
151.35,-0.26
151.36,-0.26
151.38,-0.26
151.4,-0.26
151.41,-0.26
151.43,-0.26
151.45,-0.26
151.46,-0.26
151.48,-0.26
151.5,-0.26
151.51,-0.26
151.53,-0.26
151.55,-0.26
151.56,-0.26
151.58,-0.26
151.6,-0.26
151.61,-0.26
151.63,-0.26
151.65,-0.26
151.66,-0.26
151.68,-0.26
151.7,-0.26
151.71,-0.26
151.73,-0.26
151.75,-0.26
151.76,-0.26
151.78,-0.26
151.8,-0.26
151.81,-0.26
151.83,-0.26
151.85,-0.26
151.86,-0.26
151.88,-0.26
151.9,-0.26
151.91,-0.26
151.93,-0.26
151.95,-0.26
151.96,-0.26
151.98,-0.26
152.0,-0.26
152.02,-0.26
152.03,-0.26
152.05,-0.26
152.06,-0.26
152.08,-0.26
152.1,-0.261
152.11,-0.261
152.13,-0.261
152.15,-0.261
152.16,-0.261
152.18,-0.261
152.2,-0.261
152.21,-0.261
152.23,-0.261
152.25,-0.261
152.26,-0.261
152.28,-0.261
152.3,-0.261
152.31,-0.261
152.33,-0.261
152.35,-0.261
152.36,-0.261
152.38,-0.261
152.4,-0.261
152.41,-0.261
152.43,-0.261
152.45,-0.261
152.46,-0.261
152.48,-0.261
152.5,-0.261
152.51,-0.261
152.53,-0.261
152.55,-0.261
152.56,-0.261
152.58,-0.261
152.6,-0.261
152.61,-0.261
152.63,-0.261
152.65,-0.261
152.66,-0.261
152.68,-0.261
152.7,-0.261
152.71,-0.261
152.73,-0.261
152.75,-0.261
152.76,-0.261
152.78,-0.261
152.8,-0.261
152.81,-0.261
152.83,-0.261
152.85,-0.261
152.86,-0.261
152.88,-0.261
152.9,-0.261
152.92,-0.261
152.93,-0.261
152.95,-0.261
152.96,-0.261
152.98,-0.261
153.0,-0.261
153.01,-0.261
153.03,-0.261
153.05,-0.261
153.06,-0.261
153.08,-0.262
153.1,-0.262
153.11,-0.262
153.13,-0.262
153.15,-0.262
153.16,-0.262
153.18,-0.262
153.2,-0.262
153.21,-0.262
153.23,-0.262
153.25,-0.262
153.26,-0.262
153.28,-0.262
153.3,-0.262
153.31,-0.262
153.33,-0.262
153.35,-0.262
153.36,-0.262
153.38,-0.262
153.4,-0.262
153.41,-0.262
153.43,-0.262
153.45,-0.262
153.46,-0.262
153.48,-0.262
153.5,-0.262
153.51,-0.262
153.53,-0.262
153.55,-0.262
153.56,-0.262
153.58,-0.262
153.6,-0.262
153.61,-0.262
153.63,-0.262
153.65,-0.262
153.66,-0.262
153.68,-0.262
153.7,-0.262
153.71,-0.262
153.73,-0.262
153.75,-0.262
153.76,-0.262
153.78,-0.262
153.8,-0.262
153.81,-0.262
153.83,-0.262
153.85,-0.262
153.86,-0.262
153.88,-0.262
153.9,-0.263
153.91,-0.263
153.93,-0.263
153.95,-0.263
153.96,-0.263
153.98,-0.263
154.0,-0.263
154.01,-0.263
154.03,-0.263
154.05,-0.263
154.06,-0.263
154.08,-0.263
154.1,-0.263
154.11,-0.263
154.13,-0.263
154.15,-0.263
154.16,-0.263
154.18,-0.263
154.2,-0.263
154.21,-0.263
154.23,-0.263
154.25,-0.263
154.26,-0.263
154.28,-0.263
154.3,-0.263
154.31,-0.263
154.33,-0.263
154.35,-0.263
154.36,-0.263
154.38,-0.263
154.4,-0.263
154.41,-0.263
154.43,-0.263
154.45,-0.263
154.46,-0.263
154.48,-0.263
154.5,-0.263
154.51,-0.263
154.53,-0.263
154.55,-0.263
154.56,-0.263
154.58,-0.263
154.6,-0.264
154.61,-0.264
154.63,-0.264
154.65,-0.264
154.66,-0.264
154.68,-0.264
154.7,-0.264
154.71,-0.264
154.73,-0.264
154.75,-0.264
154.76,-0.264
154.78,-0.264
154.8,-0.264
154.81,-0.264
154.83,-0.264
154.85,-0.264
154.87,-0.264
154.88,-0.264
154.9,-0.264
154.92,-0.264
154.93,-0.264
154.95,-0.264
154.96,-0.264
154.98,-0.264
155.0,-0.264
155.01,-0.264
155.03,-0.264
155.05,-0.264
155.06,-0.264
155.08,-0.264
155.1,-0.264
155.11,-0.264
155.13,-0.264
155.15,-0.264
155.16,-0.264
155.18,-0.264
155.2,-0.264
155.21,-0.265
155.23,-0.265
155.25,-0.265
155.26,-0.265
155.28,-0.265
155.3,-0.265
155.31,-0.265
155.33,-0.265
155.35,-0.265
155.36,-0.265
155.38,-0.265
155.4,-0.265
155.41,-0.265
155.43,-0.265
155.45,-0.265
155.46,-0.265
155.48,-0.265
155.5,-0.265
155.51,-0.265
155.53,-0.265
155.55,-0.265
155.56,-0.265
155.58,-0.265
155.6,-0.265
155.61,-0.265
155.63,-0.265
155.65,-0.265
155.66,-0.265
155.68,-0.265
155.7,-0.265
155.71,-0.265
155.73,-0.265
155.75,-0.265
155.76,-0.266
155.78,-0.266
155.8,-0.266
155.81,-0.266
155.83,-0.266
155.85,-0.266
155.86,-0.266
155.88,-0.266
155.9,-0.266
155.91,-0.266
155.93,-0.266
155.95,-0.266
155.96,-0.266
155.98,-0.266
156.0,-0.266
156.02,-0.266
156.03,-0.266
156.05,-0.266
156.06,-0.266
156.08,-0.266
156.1,-0.266
156.11,-0.266
156.13,-0.266
156.15,-0.266
156.16,-0.266
156.18,-0.266
156.2,-0.266
156.21,-0.266
156.23,-0.266
156.25,-0.266
156.26,-0.266
156.28,-0.267
156.3,-0.267
156.31,-0.267
156.33,-0.267
156.35,-0.267
156.36,-0.267
156.38,-0.267
156.4,-0.267
156.41,-0.267
156.43,-0.267
156.45,-0.267
156.46,-0.267
156.48,-0.267
156.5,-0.267
156.51,-0.267
156.53,-0.267
156.55,-0.267
156.56,-0.267
156.58,-0.267
156.6,-0.267
156.61,-0.267
156.63,-0.267
156.65,-0.267
156.66,-0.267
156.68,-0.267
156.7,-0.267
156.71,-0.268
156.73,-0.268
156.75,-0.268
156.76,-0.268
156.78,-0.268
156.8,-0.268
156.81,-0.268
156.83,-0.268
156.85,-0.268
156.86,-0.268
156.88,-0.268
156.9,-0.268
156.91,-0.268
156.93,-0.268
156.95,-0.268
156.96,-0.268
156.98,-0.268
157.0,-0.268
157.01,-0.268
157.03,-0.269
157.05,-0.269
157.06,-0.269
157.08,-0.269
157.1,-0.269
157.11,-0.269
157.13,-0.269
157.15,-0.269
157.16,-0.269
157.18,-0.269
157.2,-0.269
157.21,-0.269
157.23,-0.269
157.25,-0.269
157.26,-0.269
157.28,-0.269
157.3,-0.269
157.31,-0.269
157.33,-0.269
157.35,-0.27
157.36,-0.27
157.38,-0.27
157.4,-0.27
157.41,-0.27
157.43,-0.27
157.45,-0.27
157.46,-0.27
157.48,-0.27
157.5,-0.27
157.51,-0.27
157.53,-0.27
157.55,-0.27
157.56,-0.27
157.58,-0.27
157.6,-0.27
157.61,-0.271
157.63,-0.271
157.65,-0.271
157.66,-0.271
157.68,-0.271
157.7,-0.271
157.71,-0.271
157.73,-0.271
157.75,-0.271
157.76,-0.271
157.78,-0.271
157.8,-0.271
157.81,-0.271
157.83,-0.271
157.85,-0.272
157.86,-0.272
157.88,-0.272
157.9,-0.272
157.91,-0.272
157.93,-0.272
157.95,-0.272
157.96,-0.272
157.98,-0.272
158.0,-0.272
158.01,-0.273
158.03,-0.273
158.05,-0.273
158.06,-0.273
158.08,-0.273
158.1,-0.273
158.11,-0.273
158.13,-0.273
158.15,-0.273
158.16,-0.273
158.18,-0.273
158.2,-0.273
158.21,-0.274
158.23,-0.274
158.25,-0.274
158.26,-0.274
158.28,-0.274
158.3,-0.274
158.31,-0.274
158.33,-0.274
158.35,-0.274
158.36,-0.275
158.38,-0.275
158.4,-0.275
158.41,-0.275
158.43,-0.275
158.45,-0.275
158.46,-0.275
158.48,-0.275
158.5,-0.275
158.51,-0.276
158.53,-0.276
158.55,-0.276
158.56,-0.276
158.58,-0.276
158.6,-0.276
158.61,-0.276
158.63,-0.277
158.65,-0.277
158.66,-0.277
158.68,-0.277
158.7,-0.277
158.71,-0.277
158.73,-0.277
158.75,-0.278
158.76,-0.278
158.78,-0.278
158.8,-0.278
158.81,-0.278
158.83,-0.278
158.85,-0.278
158.86,-0.279
158.88,-0.279
158.9,-0.279
158.91,-0.279
158.93,-0.279
158.95,-0.279
158.96,-0.279
158.98,-0.279
159.0,-0.279
159.01,-0.28
159.03,-0.28
159.05,-0.28
159.06,-0.28
159.08,-0.28
159.1,-0.28
159.11,-0.281
159.13,-0.281
159.14,-0.281
159.16,-0.281
159.18,-0.281
159.2,-0.281
159.21,-0.281
159.23,-0.282
159.25,-0.282
159.26,-0.282
159.28,-0.282
159.29,-0.283
159.31,-0.283
159.33,-0.283
159.34,-0.283
159.36,-0.283
159.38,-0.283
159.39,-0.283
159.41,-0.284
159.43,-0.284
159.44,-0.284
159.46,-0.284
159.48,-0.284
159.49,-0.284
159.51,-0.284
159.53,-0.285
159.54,-0.285
159.56,-0.285
159.58,-0.285
159.6,-0.285
159.61,-0.285
159.63,-0.285
159.64,-0.286
159.66,-0.286
159.68,-0.286
159.69,-0.286
159.71,-0.286
159.73,-0.286
159.75,-0.286
159.76,-0.287
159.78,-0.287
159.8,-0.287
159.81,-0.287
159.83,-0.287
159.84,-0.288
159.86,-0.288
159.88,-0.288
159.89,-0.288
159.91,-0.288
159.93,-0.288
159.94,-0.289
159.96,-0.289
159.98,-0.289
159.99,-0.289
160.01,-0.289
160.03,-0.289
160.04,-0.29
160.06,-0.29
160.08,-0.29
160.09,-0.29
160.11,-0.29
160.13,-0.29
160.14,-0.291
160.16,-0.291
160.18,-0.291
160.19,-0.291
160.21,-0.291
160.23,-0.291
160.24,-0.292
160.26,-0.292
160.28,-0.292
160.29,-0.292
160.31,-0.292
160.33,-0.293
160.34,-0.293
160.36,-0.293
160.38,-0.293
160.39,-0.293
160.41,-0.293
160.43,-0.293
160.44,-0.294
160.46,-0.294
160.47,-0.294
160.49,-0.294
160.51,-0.294
160.52,-0.294
160.54,-0.295
160.56,-0.295
160.58,-0.295
160.59,-0.295
160.61,-0.296
160.63,-0.296
160.64,-0.296
160.66,-0.296
160.68,-0.296
160.69,-0.296
160.71,-0.296
160.72,-0.297
160.74,-0.297
160.76,-0.297
160.77,-0.297
160.79,-0.297
160.81,-0.297
160.82,-0.297
160.84,-0.297
160.86,-0.298
160.87,-0.298
160.89,-0.298
160.91,-0.298
160.92,-0.298
160.94,-0.298
160.96,-0.298
160.97,-0.298
160.99,-0.298
161.01,-0.299
161.02,-0.299
161.04,-0.299
161.06,-0.299
161.07,-0.299
161.09,-0.299
161.11,-0.299
161.12,-0.299
161.14,-0.3
161.16,-0.3
161.17,-0.3
161.19,-0.3
161.21,-0.3
161.22,-0.3
161.24,-0.3
161.26,-0.3
161.27,-0.3
161.29,-0.3
161.31,-0.3
161.32,-0.3
161.34,-0.3
161.36,-0.3
161.37,-0.3
161.39,-0.3
161.41,-0.3
161.42,-0.3
161.44,-0.301
161.46,-0.301
161.47,-0.301
161.49,-0.301
161.51,-0.301
161.52,-0.301
161.54,-0.301
161.56,-0.301
161.57,-0.301
161.59,-0.301
161.61,-0.301
161.62,-0.301
161.64,-0.301
161.66,-0.301
161.67,-0.301
161.69,-0.301
161.71,-0.301
161.72,-0.301
161.74,-0.301
161.76,-0.301
161.77,-0.301
161.79,-0.301
161.81,-0.301
161.82,-0.301
161.84,-0.301
161.86,-0.301
161.87,-0.301
161.89,-0.301
161.91,-0.301
161.92,-0.301
161.94,-0.301
161.96,-0.301
161.97,-0.301
161.99,-0.301
162.01,-0.301
162.02,-0.301
162.04,-0.301
162.06,-0.301
162.07,-0.301
162.09,-0.301
162.11,-0.301
162.12,-0.301
162.14,-0.301
162.16,-0.301
162.17,-0.301
162.19,-0.301
162.21,-0.301
162.22,-0.301
162.24,-0.301
162.26,-0.301
162.27,-0.301
162.29,-0.301
162.31,-0.301
162.32,-0.301
162.34,-0.301
162.36,-0.301
162.37,-0.301
162.39,-0.301
162.41,-0.301
162.42,-0.301
162.44,-0.301
162.46,-0.301
162.48,-0.301
162.49,-0.301
162.51,-0.301
162.53,-0.3
162.54,-0.3
162.56,-0.3
162.58,-0.3
162.59,-0.3
162.61,-0.3
162.63,-0.3
162.64,-0.3
162.66,-0.3
162.68,-0.3
162.69,-0.299
162.71,-0.299
162.73,-0.299
162.74,-0.299
162.76,-0.299
162.78,-0.299
162.79,-0.299
162.81,-0.298
162.82,-0.298
162.84,-0.298
162.86,-0.298
162.88,-0.298
162.89,-0.298
162.91,-0.298
162.93,-0.297
162.94,-0.297
162.96,-0.297
162.98,-0.297
162.99,-0.297
163.01,-0.297
163.03,-0.297
163.04,-0.297
163.06,-0.296
163.08,-0.296
163.09,-0.296
163.11,-0.296
163.13,-0.296
163.14,-0.296
163.16,-0.296
163.18,-0.296
163.19,-0.295
163.21,-0.295
163.23,-0.295
163.24,-0.295
163.26,-0.295
163.28,-0.295
163.29,-0.295
163.31,-0.295
163.33,-0.295
163.34,-0.295
163.36,-0.294
163.38,-0.294
163.39,-0.294
163.41,-0.294
163.43,-0.294
163.45,-0.294
163.46,-0.294
163.48,-0.294
163.49,-0.294
163.51,-0.293
163.53,-0.293
163.54,-0.293
163.56,-0.293
163.58,-0.293
163.59,-0.293
163.61,-0.293
163.63,-0.293
163.64,-0.293
163.66,-0.292
163.68,-0.292
163.7,-0.292
163.71,-0.292
163.73,-0.292
163.74,-0.292
163.76,-0.292
163.78,-0.292
163.8,-0.292
163.81,-0.291
163.83,-0.291
163.85,-0.291
163.86,-0.291
163.88,-0.291
163.9,-0.291
163.91,-0.291
163.93,-0.291
163.95,-0.291
163.96,-0.291
163.98,-0.29
164.0,-0.29
164.01,-0.29
164.03,-0.29
164.05,-0.29
164.06,-0.29
164.08,-0.29
164.1,-0.29
164.11,-0.29
164.13,-0.289
164.15,-0.289
164.16,-0.289
164.18,-0.289
164.2,-0.289
164.21,-0.289
164.23,-0.289
164.25,-0.289
164.26,-0.289
164.28,-0.289
164.3,-0.288
164.31,-0.288
164.33,-0.288
164.35,-0.288
164.36,-0.288
164.38,-0.288
164.4,-0.288
164.41,-0.288
164.43,-0.288
164.45,-0.288
164.46,-0.288
164.48,-0.288
164.5,-0.288
164.51,-0.288
164.53,-0.287
164.55,-0.287
164.57,-0.287
164.58,-0.287
164.6,-0.287
164.61,-0.287
164.63,-0.287
164.65,-0.287
164.67,-0.287
164.68,-0.287
164.7,-0.287
164.72,-0.286
164.73,-0.286
164.75,-0.286
164.77,-0.286
164.78,-0.286
164.8,-0.286
164.82,-0.286
164.83,-0.286
164.85,-0.286
164.87,-0.286
164.88,-0.286
164.9,-0.286
164.92,-0.286
164.93,-0.286
164.95,-0.286
164.97,-0.286
164.98,-0.286
165.0,-0.286
165.02,-0.286
165.03,-0.286
165.05,-0.286
165.07,-0.286
165.08,-0.286
165.1,-0.286
165.12,-0.286
165.13,-0.286
165.15,-0.286
165.17,-0.286
165.18,-0.285
165.2,-0.285
165.22,-0.285
165.23,-0.285
165.25,-0.285
165.27,-0.285
165.28,-0.285
165.3,-0.285
165.32,-0.285
165.33,-0.285
165.35,-0.285
165.37,-0.285
165.38,-0.285
165.4,-0.285
165.42,-0.285
165.43,-0.285
165.45,-0.285
165.47,-0.285
165.48,-0.285
165.5,-0.285
165.52,-0.285
165.53,-0.285
165.55,-0.285
165.57,-0.285
165.58,-0.285
165.6,-0.285
165.62,-0.285
165.63,-0.285
165.65,-0.285
165.67,-0.285
165.68,-0.285
165.7,-0.285
165.72,-0.285
165.73,-0.284
165.75,-0.284
165.77,-0.284
165.78,-0.284
165.8,-0.284
165.82,-0.284
165.83,-0.284
165.85,-0.284
165.87,-0.284
165.88,-0.284
165.9,-0.284
165.92,-0.284
165.93,-0.284
165.95,-0.284
165.97,-0.284
165.98,-0.284
166.0,-0.284
166.02,-0.284
166.03,-0.284
166.05,-0.284
166.07,-0.284
166.08,-0.284
166.1,-0.284
166.12,-0.284
166.13,-0.284
166.15,-0.284
166.17,-0.284
166.18,-0.284
166.2,-0.284
166.22,-0.284
166.23,-0.284
166.25,-0.284
166.27,-0.284
166.28,-0.284
166.3,-0.284
166.32,-0.284
166.33,-0.284
166.35,-0.284
166.37,-0.284
166.38,-0.284
166.4,-0.283
166.42,-0.283
166.43,-0.283
166.45,-0.283
166.47,-0.283
166.48,-0.283
166.5,-0.283
166.52,-0.283
166.53,-0.283
166.55,-0.283
166.57,-0.283
166.58,-0.283
166.6,-0.283
166.62,-0.283
166.63,-0.283
166.65,-0.283
166.67,-0.283
166.68,-0.283
166.7,-0.283
166.72,-0.283
166.73,-0.283
166.75,-0.283
166.77,-0.283
166.78,-0.283
166.8,-0.283
166.82,-0.283
166.83,-0.283
166.85,-0.283
166.87,-0.283
166.88,-0.283
166.9,-0.283
166.92,-0.283
166.93,-0.283
166.95,-0.283
166.97,-0.283
166.98,-0.283
167.0,-0.283
167.02,-0.283
167.03,-0.283
167.05,-0.283
167.07,-0.283
167.08,-0.283
167.1,-0.283
167.12,-0.283
167.13,-0.283
167.15,-0.283
167.17,-0.283
167.18,-0.283
167.2,-0.283
167.22,-0.283
167.23,-0.283
167.25,-0.283
167.27,-0.283
167.28,-0.283
167.3,-0.283
167.32,-0.283
167.33,-0.283
167.35,-0.282
167.37,-0.282
167.39,-0.282
167.4,-0.282
167.42,-0.282
167.43,-0.282
167.45,-0.282
167.47,-0.282
167.49,-0.282
167.5,-0.282
167.52,-0.282
167.53,-0.282
167.55,-0.282
167.57,-0.282
167.58,-0.282
167.6,-0.282
167.62,-0.282
167.63,-0.282
167.65,-0.282
167.67,-0.282
167.68,-0.282
167.7,-0.282
167.72,-0.282
167.73,-0.282
167.75,-0.282
167.77,-0.282
167.78,-0.282
167.8,-0.282
167.82,-0.282
167.83,-0.282
167.85,-0.282
167.87,-0.282
167.88,-0.282
167.9,-0.282
167.92,-0.282
167.94,-0.282
167.95,-0.282
167.97,-0.282
167.98,-0.282
168.0,-0.282
168.02,-0.282
168.03,-0.282
168.05,-0.282
168.07,-0.282
168.08,-0.282
168.1,-0.282
168.12,-0.282
168.13,-0.282
168.15,-0.282
168.17,-0.282
168.19,-0.282
168.2,-0.282
168.22,-0.282
168.24,-0.282
168.25,-0.282
168.27,-0.282
168.29,-0.282
168.3,-0.282
168.32,-0.282
168.33,-0.282
168.35,-0.282
168.37,-0.282
168.39,-0.282
168.4,-0.282
168.42,-0.282
168.44,-0.282
168.45,-0.282
168.47,-0.282
168.48,-0.282
168.5,-0.282
168.52,-0.282
168.54,-0.282
168.55,-0.282
168.57,-0.282
168.59,-0.282
168.6,-0.282
168.62,-0.282
168.64,-0.282
168.65,-0.282
168.67,-0.282
168.69,-0.282
168.7,-0.282
168.72,-0.282
168.74,-0.282
168.75,-0.282
168.77,-0.282
168.79,-0.282
168.8,-0.282
168.82,-0.282
168.84,-0.282
168.85,-0.282
168.87,-0.282
168.88,-0.282
168.9,-0.282
168.92,-0.282
168.94,-0.282
168.95,-0.282
168.97,-0.282
168.99,-0.282
169.0,-0.282
169.02,-0.282
169.04,-0.282
169.05,-0.282
169.07,-0.282
169.09,-0.282
169.1,-0.282
169.12,-0.282
169.14,-0.282
169.15,-0.282
169.17,-0.282
169.19,-0.282
169.2,-0.282
169.22,-0.282
169.24,-0.282
169.25,-0.282
169.27,-0.282
169.29,-0.282
169.3,-0.282
169.32,-0.282
169.34,-0.282
169.35,-0.282
169.37,-0.282
169.39,-0.282
169.4,-0.282
169.42,-0.282
169.44,-0.282
169.45,-0.282
169.47,-0.282
169.49,-0.282
169.5,-0.282
169.52,-0.282
169.54,-0.282
169.55,-0.282
169.57,-0.282
169.59,-0.282
169.6,-0.282
169.62,-0.282
169.64,-0.282
169.65,-0.282
169.67,-0.282
169.69,-0.282
169.7,-0.282
169.72,-0.282
169.74,-0.282
169.75,-0.282
169.77,-0.282
169.79,-0.282
169.8,-0.282
169.82,-0.282
169.84,-0.282
169.85,-0.282
169.87,-0.282
169.89,-0.282
169.9,-0.282
169.92,-0.282
169.93,-0.282
169.95,-0.282
169.97,-0.282
169.99,-0.282
170.0,-0.282
170.02,-0.282
170.04,-0.282
170.05,-0.282
170.07,-0.282
170.09,-0.282
170.1,-0.282
170.12,-0.282
170.14,-0.282
170.15,-0.282
170.17,-0.282
170.19,-0.282
170.2,-0.282
170.22,-0.282
170.24,-0.282
170.25,-0.282
170.27,-0.282
170.28,-0.282
170.3,-0.282
170.32,-0.282
170.34,-0.282
170.35,-0.282
170.37,-0.282
170.39,-0.282
170.4,-0.282
170.42,-0.282
170.44,-0.282
170.45,-0.282
170.47,-0.282
170.49,-0.282
170.5,-0.282
170.52,-0.282
170.54,-0.282
170.55,-0.282
170.57,-0.282
170.59,-0.282
170.6,-0.282
170.62,-0.282
170.64,-0.282
170.65,-0.282
170.67,-0.282
170.69,-0.282
170.7,-0.282
170.72,-0.282
170.73,-0.282
170.75,-0.282
170.77,-0.282
170.79,-0.282
170.8,-0.282
170.82,-0.282
170.84,-0.282
170.85,-0.282
170.87,-0.282
170.89,-0.282
170.9,-0.282
170.92,-0.282
170.94,-0.282
170.95,-0.282
170.97,-0.282
170.99,-0.282
171.0,-0.282
171.02,-0.282
171.04,-0.282
171.05,-0.282
171.07,-0.282
171.09,-0.282
171.1,-0.282
171.12,-0.282
171.14,-0.282
171.15,-0.282
171.17,-0.282
171.19,-0.282
171.2,-0.282
171.22,-0.282
171.24,-0.282
171.25,-0.282
171.27,-0.282
171.29,-0.282
171.3,-0.282
171.32,-0.282
171.34,-0.282
171.35,-0.282
171.37,-0.282
171.39,-0.282
171.4,-0.282
171.42,-0.282
171.44,-0.282
171.45,-0.282
171.47,-0.282
171.49,-0.282
171.5,-0.282
171.52,-0.282
171.54,-0.282
171.55,-0.282
171.57,-0.282
171.59,-0.282
171.6,-0.282
171.62,-0.282
171.64,-0.282
171.65,-0.282
171.67,-0.282
171.69,-0.282
171.7,-0.282
171.72,-0.282
171.74,-0.282
171.75,-0.282
171.77,-0.282
171.79,-0.282
171.8,-0.282
171.82,-0.282
171.84,-0.282
171.85,-0.282
171.87,-0.282
171.89,-0.282
171.9,-0.282
171.92,-0.282
171.94,-0.282
171.95,-0.282
171.97,-0.282
171.99,-0.282
172.0,-0.282
172.02,-0.282
172.04,-0.282
172.05,-0.282
172.07,-0.282
172.09,-0.282
172.1,-0.282
172.12,-0.282
172.14,-0.282
172.15,-0.282
172.17,-0.282
172.19,-0.282
172.2,-0.282
172.22,-0.282
172.24,-0.282
172.25,-0.282
172.27,-0.282
172.29,-0.282
172.3,-0.282
172.32,-0.282
172.34,-0.282
172.35,-0.282
172.37,-0.282
172.39,-0.282
172.4,-0.282
172.42,-0.282
172.44,-0.282
172.45,-0.282
172.47,-0.282
172.49,-0.282
172.5,-0.282
172.52,-0.282
172.54,-0.282
172.55,-0.282
172.57,-0.282
172.59,-0.282
172.6,-0.282
172.62,-0.282
172.64,-0.282
172.65,-0.282
172.67,-0.282
172.69,-0.282
172.7,-0.282
172.72,-0.282
172.74,-0.282
172.75,-0.282
172.77,-0.282
172.79,-0.282
172.8,-0.282
172.82,-0.282
172.84,-0.282
172.85,-0.282
172.87,-0.282
172.89,-0.282
172.9,-0.282
172.92,-0.282
172.94,-0.282
172.95,-0.282
172.97,-0.282
172.99,-0.282
173.0,-0.282
173.02,-0.282
173.04,-0.282
173.05,-0.282
173.07,-0.282
173.09,-0.282
173.1,-0.282
173.12,-0.282
173.14,-0.282
173.15,-0.282
173.17,-0.282
173.19,-0.282
173.2,-0.282
173.22,-0.282
173.24,-0.282
173.25,-0.282
173.27,-0.282
173.29,-0.282
173.3,-0.282
173.32,-0.282
173.34,-0.282
173.35,-0.282
173.37,-0.282
173.39,-0.282
173.4,-0.282
173.42,-0.282
173.44,-0.282
173.45,-0.282
173.47,-0.282
173.49,-0.282
173.5,-0.282
173.52,-0.282
173.54,-0.282
173.55,-0.282
173.57,-0.282
173.59,-0.282
173.6,-0.282
173.62,-0.282
173.64,-0.282
173.65,-0.282
173.67,-0.282
173.69,-0.282
173.7,-0.282
173.72,-0.282
173.74,-0.282
173.75,-0.282
173.77,-0.282
173.79,-0.282
173.8,-0.282
173.82,-0.282
173.84,-0.282
173.85,-0.282
173.87,-0.282
173.89,-0.282
173.9,-0.282
173.92,-0.282
173.94,-0.282
173.95,-0.282
173.97,-0.282
173.99,-0.282
174.0,-0.282
174.02,-0.282
174.04,-0.282
174.05,-0.282
174.07,-0.282
174.09,-0.282
174.1,-0.282
174.12,-0.282
174.14,-0.282
174.15,-0.282
174.17,-0.282
174.19,-0.282
174.2,-0.282
174.22,-0.282
174.24,-0.282
174.25,-0.282
174.27,-0.282
174.29,-0.282
174.3,-0.282
174.32,-0.282
174.34,-0.282
174.35,-0.282
174.37,-0.282
174.39,-0.282
174.4,-0.282
174.42,-0.282
174.44,-0.282
174.45,-0.282
174.47,-0.282
174.49,-0.282
174.5,-0.282
174.52,-0.282
174.54,-0.282
174.55,-0.282
174.57,-0.282
174.59,-0.282
174.6,-0.282
174.62,-0.282
174.64,-0.282
174.65,-0.282
174.67,-0.282
174.69,-0.282
174.7,-0.282
174.72,-0.282
174.74,-0.282
174.75,-0.282
174.77,-0.282
174.79,-0.282
174.8,-0.282
174.82,-0.282
174.84,-0.282
174.85,-0.282
174.87,-0.282
174.89,-0.282
174.9,-0.282
174.92,-0.282
174.94,-0.282
174.95,-0.282
174.97,-0.282
174.99,-0.282
175.0,-0.282
175.02,-0.282
175.04,-0.282
175.05,-0.282
175.07,-0.282
175.09,-0.282
175.1,-0.282
175.12,-0.282
175.14,-0.282
175.15,-0.282
175.17,-0.282
175.19,-0.282
175.2,-0.282
175.22,-0.282
175.24,-0.283
175.25,-0.283
175.27,-0.283
175.29,-0.283
175.3,-0.283
175.32,-0.283
175.34,-0.283
175.35,-0.283
175.37,-0.283
175.39,-0.283
175.4,-0.283
175.42,-0.283
175.44,-0.283
175.45,-0.283
175.47,-0.283
175.49,-0.283
175.5,-0.283
175.52,-0.283
175.54,-0.283
175.55,-0.283
175.57,-0.283
175.59,-0.283
175.6,-0.283
175.62,-0.283
175.64,-0.283
175.65,-0.283
175.67,-0.283
175.69,-0.283
175.71,-0.283
175.72,-0.283
175.74,-0.283
175.76,-0.283
175.77,-0.283
175.79,-0.283
175.8,-0.283
175.82,-0.283
175.84,-0.283
175.85,-0.283
175.87,-0.283
175.89,-0.283
175.91,-0.283
175.92,-0.283
175.94,-0.283
175.96,-0.283
175.97,-0.283
175.99,-0.283
176.0,-0.283
176.02,-0.283
176.04,-0.283
176.05,-0.283
176.07,-0.283
176.09,-0.283
176.1,-0.283
176.12,-0.283
176.14,-0.283
176.16,-0.283
176.17,-0.283
176.19,-0.283
176.2,-0.283
176.22,-0.283
176.24,-0.283
176.26,-0.283
176.27,-0.283
176.29,-0.283
176.3,-0.283
176.32,-0.283
176.34,-0.283
176.36,-0.283
176.37,-0.283
176.39,-0.283
176.41,-0.283
176.42,-0.283
176.44,-0.283
176.45,-0.283
176.47,-0.283
176.49,-0.283
176.51,-0.283
176.52,-0.283
176.54,-0.283
176.55,-0.283
176.57,-0.283
176.59,-0.283
176.6,-0.283
176.62,-0.283
176.64,-0.283
176.66,-0.283
176.67,-0.283
176.69,-0.283
176.7,-0.283
176.72,-0.283
176.74,-0.283
176.75,-0.283
176.77,-0.283
176.79,-0.283
176.81,-0.283
176.82,-0.283
176.84,-0.283
176.85,-0.283
176.87,-0.283
176.89,-0.283
176.9,-0.283
176.92,-0.283
176.94,-0.283
176.96,-0.283
176.97,-0.283
176.99,-0.283
177.01,-0.283
177.02,-0.283
177.04,-0.283
177.05,-0.283
177.07,-0.283
177.09,-0.283
177.11,-0.283
177.12,-0.283
177.14,-0.283
177.16,-0.283
177.17,-0.283
177.19,-0.283
177.21,-0.283
177.22,-0.283
177.24,-0.283
177.26,-0.283
177.27,-0.283
177.29,-0.283
177.31,-0.283
177.32,-0.283
177.34,-0.283
177.36,-0.283
177.37,-0.283
177.39,-0.283
177.41,-0.283
177.42,-0.283
177.44,-0.283
177.45,-0.283
177.47,-0.283
177.49,-0.283
177.51,-0.283
177.52,-0.283
177.54,-0.283
177.56,-0.283
177.57,-0.283
177.59,-0.283
177.6,-0.283
177.62,-0.283
177.64,-0.283
177.66,-0.283
177.67,-0.283
177.69,-0.283
177.71,-0.283
177.72,-0.283
177.74,-0.283
177.76,-0.283
177.77,-0.283
177.79,-0.283
177.81,-0.283
177.82,-0.283
177.84,-0.283
177.86,-0.283
177.87,-0.283
177.89,-0.283
177.9,-0.283
177.92,-0.283
177.94,-0.283
177.96,-0.283
177.97,-0.283
177.99,-0.283
178.01,-0.283
178.02,-0.283
178.04,-0.283
178.06,-0.283
178.07,-0.283
178.09,-0.283
178.11,-0.283
178.12,-0.283
178.14,-0.283
178.16,-0.283
178.17,-0.283
178.19,-0.283
178.21,-0.283
178.22,-0.283
178.24,-0.283
178.26,-0.283
178.27,-0.283
178.29,-0.283
178.31,-0.283
178.32,-0.283
178.34,-0.283
178.36,-0.283
178.37,-0.283
178.39,-0.283
178.41,-0.283
178.42,-0.283
178.44,-0.283
178.46,-0.283
178.47,-0.283
178.49,-0.283
178.51,-0.283
178.52,-0.283
178.54,-0.283
178.56,-0.283
178.57,-0.283
178.59,-0.283
178.61,-0.283
178.62,-0.283
178.64,-0.283
178.66,-0.284
178.67,-0.284
178.69,-0.284
178.71,-0.284
178.72,-0.284
178.74,-0.284
178.76,-0.284
178.77,-0.284
178.79,-0.284
178.81,-0.284
178.82,-0.284
178.84,-0.284
178.86,-0.284
178.87,-0.284
178.89,-0.284
178.91,-0.284
178.92,-0.284
178.94,-0.284
178.96,-0.284
178.97,-0.284
178.99,-0.284
179.01,-0.284
179.02,-0.284
179.04,-0.284
179.06,-0.284
179.07,-0.284
179.09,-0.284
179.11,-0.284
179.12,-0.284
179.14,-0.284
179.16,-0.284
179.17,-0.284
179.19,-0.284
179.21,-0.284
179.22,-0.284
179.24,-0.284
179.26,-0.284
179.27,-0.284
179.29,-0.284
179.31,-0.284
179.32,-0.284
179.34,-0.284
179.36,-0.284
179.37,-0.284
179.39,-0.284
179.41,-0.284
179.42,-0.284
179.44,-0.284
179.46,-0.284
179.47,-0.284
179.49,-0.284
179.51,-0.284
179.52,-0.284
179.54,-0.284
179.56,-0.284
179.57,-0.284
179.59,-0.284
179.61,-0.284
179.62,-0.284
179.64,-0.284
179.66,-0.284
179.67,-0.284
179.69,-0.284
179.71,-0.284
179.72,-0.284
179.74,-0.284
179.76,-0.284
179.77,-0.284
179.79,-0.284
179.81,-0.284
179.82,-0.284
179.84,-0.284
179.86,-0.284
179.87,-0.284
179.89,-0.284
179.91,-0.284
179.92,-0.284
179.94,-0.284
179.96,-0.284
179.97,-0.284
179.99,-0.284
180.01,-0.284
180.02,-0.284
180.04,-0.284
180.06,-0.284
180.07,-0.284
180.09,-0.284
180.11,-0.284
180.12,-0.284
180.14,-0.284
180.16,-0.284
180.17,-0.284
180.19,-0.284
180.21,-0.284
180.22,-0.284
180.24,-0.284
180.26,-0.284
180.27,-0.284
180.29,-0.284
180.31,-0.284
180.32,-0.284
180.34,-0.284
180.36,-0.284
180.37,-0.284
180.39,-0.284
180.41,-0.284
180.42,-0.284
180.44,-0.284
180.46,-0.284
180.47,-0.284
180.49,-0.284
180.51,-0.284
180.52,-0.284
180.54,-0.284
180.56,-0.284
180.57,-0.284
180.59,-0.284
180.61,-0.284
180.62,-0.284
180.64,-0.284
180.66,-0.284
180.67,-0.284
180.69,-0.284
180.71,-0.284
180.72,-0.284
180.74,-0.284
180.76,-0.284
180.77,-0.284
180.79,-0.284
180.81,-0.284
180.82,-0.284
180.84,-0.284
180.86,-0.284
180.87,-0.284
180.89,-0.284
180.91,-0.284
180.92,-0.284
180.94,-0.284
180.96,-0.284
180.97,-0.284
180.99,-0.284
181.01,-0.284
181.02,-0.284
181.04,-0.284
181.06,-0.284
181.07,-0.284
181.09,-0.284
181.11,-0.284
181.12,-0.284
181.14,-0.284
181.16,-0.284
181.17,-0.284
181.19,-0.284
181.21,-0.284
181.22,-0.284
181.24,-0.284
181.26,-0.284
181.27,-0.284
181.29,-0.284
181.31,-0.284
181.32,-0.284
181.34,-0.284
181.36,-0.284
181.37,-0.284
181.39,-0.284
181.41,-0.284
181.42,-0.284
181.44,-0.284
181.46,-0.284
181.47,-0.284
181.49,-0.284
181.51,-0.284
181.52,-0.284
181.54,-0.284
181.56,-0.284
181.57,-0.284
181.59,-0.284
181.61,-0.284
181.62,-0.284
181.64,-0.284
181.66,-0.284
181.67,-0.284
181.69,-0.284
181.71,-0.284
181.72,-0.284
181.74,-0.284
181.76,-0.284
181.77,-0.284
181.79,-0.284
181.81,-0.284
181.82,-0.284
181.84,-0.284
181.86,-0.284
181.87,-0.284
181.89,-0.284
181.91,-0.284
181.92,-0.284
181.94,-0.284
181.96,-0.284
181.97,-0.284
181.99,-0.284
182.01,-0.284
182.02,-0.284
182.04,-0.284
182.06,-0.284
182.07,-0.284
182.09,-0.284
182.11,-0.284
182.12,-0.284
182.14,-0.284
182.16,-0.284
182.17,-0.284
182.19,-0.284
182.21,-0.284
182.22,-0.284
182.24,-0.284
182.26,-0.284
182.27,-0.284
182.29,-0.284
182.31,-0.284
182.32,-0.284
182.34,-0.284
182.36,-0.284
182.37,-0.284
182.39,-0.284
182.41,-0.284
182.42,-0.284
182.44,-0.284
182.46,-0.284
182.47,-0.284
182.49,-0.284
182.51,-0.284
182.52,-0.284
182.54,-0.284
182.56,-0.284
182.57,-0.284
182.59,-0.284
182.61,-0.284
182.62,-0.284
182.64,-0.284
182.66,-0.284
182.67,-0.284
182.69,-0.284
182.71,-0.284
182.73,-0.284
182.74,-0.284
182.76,-0.284
182.78,-0.284
182.79,-0.284
182.81,-0.284
182.82,-0.284
182.84,-0.284
182.86,-0.284
182.87,-0.284
182.89,-0.285
182.91,-0.285
182.92,-0.285
182.94,-0.285
182.96,-0.285
182.98,-0.285
182.99,-0.285
183.01,-0.285
183.02,-0.285
183.04,-0.285
183.06,-0.285
183.07,-0.285
183.09,-0.285
183.11,-0.285
183.12,-0.285
183.14,-0.285
183.16,-0.285
183.18,-0.285
183.19,-0.285
183.21,-0.285
183.22,-0.285
183.24,-0.285
183.26,-0.285
183.28,-0.285
183.29,-0.285
183.31,-0.285
183.33,-0.285
183.34,-0.285
183.36,-0.285
183.38,-0.285
183.39,-0.285
183.41,-0.285
183.43,-0.285
183.44,-0.285
183.46,-0.285
183.48,-0.285
183.49,-0.285
183.51,-0.285
183.53,-0.285
183.54,-0.285
183.56,-0.285
183.57,-0.285
183.59,-0.285
183.61,-0.285
183.63,-0.285
183.64,-0.285
183.66,-0.285
183.68,-0.285
183.69,-0.285
183.71,-0.285
183.73,-0.285
183.74,-0.285
183.76,-0.285
183.78,-0.285
183.79,-0.285
183.81,-0.285
183.83,-0.285
183.84,-0.285
183.86,-0.285
183.88,-0.285
183.89,-0.285
183.91,-0.285
183.93,-0.285
183.94,-0.285
183.96,-0.285
183.98,-0.285
183.99,-0.285
184.01,-0.285
184.03,-0.285
184.04,-0.285
184.06,-0.285
184.08,-0.285
184.09,-0.285
184.11,-0.285
184.13,-0.285
184.14,-0.285
184.16,-0.285
184.18,-0.285
184.19,-0.285
184.21,-0.285
184.23,-0.285
184.24,-0.285
184.26,-0.285
184.28,-0.285
184.29,-0.285
184.31,-0.285
184.33,-0.285
184.34,-0.285
184.36,-0.285
184.38,-0.285
184.39,-0.285
184.41,-0.285
184.43,-0.285
184.44,-0.285
184.46,-0.285
184.48,-0.285
184.49,-0.285
184.51,-0.285
184.53,-0.285
184.54,-0.285
184.56,-0.285
184.58,-0.285
184.59,-0.285
184.61,-0.285
184.63,-0.285
184.64,-0.285
184.66,-0.285
184.68,-0.285
184.69,-0.285
184.71,-0.285
184.72,-0.285
184.74,-0.285
184.76,-0.285
184.78,-0.285
184.79,-0.285
184.81,-0.285
184.83,-0.285
184.84,-0.285
184.86,-0.285
184.88,-0.285
184.89,-0.285
184.91,-0.285
184.92,-0.285
184.94,-0.285
184.96,-0.285
184.97,-0.285
184.99,-0.285
185.01,-0.285
185.03,-0.285
185.04,-0.285
185.06,-0.285
185.08,-0.285
185.09,-0.285
185.11,-0.285
185.12,-0.285
185.14,-0.285
185.16,-0.285
185.18,-0.285
185.19,-0.285
185.21,-0.285
185.23,-0.285
185.24,-0.285
185.26,-0.285
185.28,-0.285
185.29,-0.285
185.31,-0.285
185.33,-0.285
185.34,-0.285
185.36,-0.285
185.38,-0.285
185.39,-0.285
185.41,-0.285
185.43,-0.285
185.44,-0.285
185.46,-0.285
185.48,-0.285
185.49,-0.285
185.51,-0.285
185.53,-0.285
185.54,-0.285
185.56,-0.285
185.58,-0.285
185.59,-0.285
185.61,-0.285
185.63,-0.285
185.64,-0.285
185.66,-0.285
185.68,-0.285
185.69,-0.285
185.71,-0.285
185.73,-0.285
185.74,-0.285
185.76,-0.285
185.78,-0.285
185.79,-0.285
185.81,-0.285
185.83,-0.285
185.84,-0.285
185.86,-0.285
185.88,-0.285
185.89,-0.285
185.91,-0.285
185.93,-0.285
185.94,-0.285
185.96,-0.285
185.98,-0.285
185.99,-0.285
186.01,-0.285
186.03,-0.285
186.04,-0.285
186.06,-0.285
186.08,-0.285
186.09,-0.285
186.11,-0.285
186.13,-0.285
186.14,-0.285
186.16,-0.285
186.18,-0.285
186.19,-0.285
186.21,-0.285
186.23,-0.285
186.24,-0.285
186.26,-0.285
186.28,-0.285
186.29,-0.285
186.31,-0.285
186.33,-0.285
186.34,-0.285
186.36,-0.285
186.38,-0.285
186.39,-0.285
186.41,-0.285
186.43,-0.285
186.44,-0.285
186.46,-0.285
186.48,-0.285
186.49,-0.285
186.51,-0.285
186.53,-0.285
186.54,-0.285
186.56,-0.285
186.58,-0.285
186.59,-0.285
186.61,-0.285
186.63,-0.285
186.64,-0.285
186.66,-0.285
186.68,-0.285
186.69,-0.285
186.71,-0.285
186.73,-0.285
186.74,-0.285
186.76,-0.285
186.78,-0.285
186.79,-0.285
186.81,-0.285
186.83,-0.285
186.84,-0.285
186.86,-0.285
186.88,-0.285
186.89,-0.285
186.91,-0.285
186.93,-0.285
186.94,-0.285
186.96,-0.285
186.98,-0.285
186.99,-0.285
187.01,-0.285
187.03,-0.285
187.04,-0.285
187.06,-0.285
187.08,-0.285
187.09,-0.285
187.11,-0.285
187.13,-0.285
187.14,-0.285
187.16,-0.285
187.18,-0.285
187.2,-0.285
187.21,-0.285
187.23,-0.285
187.24,-0.285
187.26,-0.285
187.28,-0.285
187.29,-0.285
187.31,-0.285
187.33,-0.285
187.34,-0.285
187.36,-0.285
187.38,-0.285
187.39,-0.285
187.41,-0.285
187.43,-0.285
187.44,-0.285
187.46,-0.285
187.48,-0.285
187.49,-0.285
187.51,-0.285
187.53,-0.285
187.54,-0.285
187.56,-0.285
187.58,-0.285
187.59,-0.285
187.61,-0.285
187.63,-0.285
187.64,-0.285
187.66,-0.285
187.68,-0.285
187.69,-0.285
187.71,-0.285
187.73,-0.285
187.74,-0.285
187.76,-0.285
187.78,-0.285
187.79,-0.285
187.81,-0.285
187.83,-0.285
187.84,-0.285
187.86,-0.285
187.88,-0.285
187.89,-0.285
187.91,-0.285
187.93,-0.285
187.94,-0.285
187.96,-0.285
187.98,-0.285
187.99,-0.285
188.01,-0.285
188.03,-0.285
188.04,-0.285
188.06,-0.285
188.08,-0.285
188.09,-0.285
188.11,-0.285
188.13,-0.285
188.14,-0.285
188.16,-0.285
188.18,-0.285
188.19,-0.285
188.21,-0.285
188.23,-0.285
188.25,-0.285
188.26,-0.285
188.28,-0.285
188.29,-0.285
188.31,-0.285
188.33,-0.285
188.35,-0.285
188.36,-0.285
188.38,-0.285
188.4,-0.285
188.41,-0.285
188.43,-0.285
188.44,-0.285
188.46,-0.285
188.48,-0.285
188.5,-0.285
188.51,-0.285
188.53,-0.285
188.54,-0.285
188.56,-0.285
188.58,-0.285
188.6,-0.285
188.61,-0.285
188.63,-0.285
188.65,-0.285
188.66,-0.285
188.68,-0.285
188.7,-0.285
188.71,-0.285
188.73,-0.285
188.74,-0.285
188.76,-0.285
188.78,-0.285
188.8,-0.285
188.81,-0.285
188.83,-0.285
188.85,-0.285
188.86,-0.285
188.88,-0.285
188.9,-0.285
188.91,-0.285
188.93,-0.285
188.95,-0.285
188.96,-0.285
188.98,-0.285
189.0,-0.285
189.01,-0.285
189.03,-0.285
189.05,-0.285
189.06,-0.285
189.08,-0.285
189.1,-0.285
189.11,-0.285
189.13,-0.285
189.14,-0.285
189.16,-0.285
189.18,-0.285
189.19,-0.285
189.21,-0.285
189.23,-0.285
189.25,-0.285
189.26,-0.285
189.28,-0.285
189.3,-0.285
189.31,-0.285
189.33,-0.285
189.34,-0.285
189.36,-0.285
189.38,-0.285
189.4,-0.285
189.41,-0.285
189.43,-0.285
189.45,-0.285
189.46,-0.285
189.48,-0.284
189.5,-0.284
189.51,-0.284
189.53,-0.284
189.55,-0.284
189.56,-0.284
189.58,-0.284
189.6,-0.284
189.61,-0.284
189.63,-0.284
189.65,-0.284
189.66,-0.284
189.68,-0.284
189.7,-0.284
189.71,-0.284
189.73,-0.284
189.75,-0.284
189.76,-0.284
189.78,-0.284
189.8,-0.284
189.81,-0.284
189.83,-0.284
189.85,-0.284
189.86,-0.284
189.88,-0.284
189.9,-0.284
189.91,-0.284
189.93,-0.284
189.95,-0.284
189.96,-0.284
189.98,-0.284
190.0,-0.284
190.01,-0.284
190.03,-0.284
190.04,-0.284
190.06,-0.284
190.08,-0.284
190.1,-0.284
190.11,-0.284
190.13,-0.284
190.15,-0.284
190.16,-0.284
190.18,-0.284
190.2,-0.284
190.21,-0.284
190.23,-0.284
190.25,-0.284
190.26,-0.284
190.28,-0.284
190.3,-0.284
190.31,-0.284
190.33,-0.284
190.35,-0.284
190.36,-0.284
190.38,-0.284
190.4,-0.284
190.41,-0.284
190.43,-0.284
190.45,-0.284
190.46,-0.284
190.48,-0.284
190.5,-0.284
190.51,-0.284
190.53,-0.284
190.55,-0.284
190.56,-0.284
190.58,-0.284
190.6,-0.284
190.61,-0.284
190.63,-0.284
190.65,-0.284
190.66,-0.284
190.68,-0.284
190.7,-0.284
190.71,-0.284
190.73,-0.284
190.75,-0.284
190.76,-0.284
190.78,-0.284
190.8,-0.284
190.81,-0.284
190.83,-0.284
190.85,-0.284
190.86,-0.284
190.88,-0.284
190.9,-0.284
190.91,-0.284
190.93,-0.284
190.95,-0.284
190.96,-0.284
190.98,-0.284
191.0,-0.284
191.01,-0.284
191.03,-0.284
191.05,-0.284
191.06,-0.284
191.08,-0.284
191.1,-0.284
191.11,-0.284
191.13,-0.284
191.15,-0.284
191.16,-0.284
191.18,-0.284
191.2,-0.284
191.21,-0.284
191.23,-0.284
191.25,-0.284
191.26,-0.284
191.28,-0.284
191.3,-0.284
191.31,-0.283
191.33,-0.283
191.35,-0.283
191.36,-0.283
191.38,-0.283
191.4,-0.283
191.41,-0.283
191.43,-0.283
191.45,-0.283
191.46,-0.283
191.48,-0.283
191.5,-0.283
191.51,-0.283
191.53,-0.283
191.55,-0.283
191.56,-0.283
191.58,-0.283
191.6,-0.283
191.61,-0.283
191.63,-0.283
191.65,-0.283
191.66,-0.283
191.68,-0.283
191.7,-0.283
191.71,-0.283
191.73,-0.283
191.75,-0.283
191.76,-0.283
191.78,-0.283
191.8,-0.283
191.81,-0.283
191.83,-0.283
191.85,-0.283
191.86,-0.283
191.88,-0.283
191.9,-0.283
191.91,-0.283
191.93,-0.283
191.95,-0.283
191.96,-0.283
191.98,-0.283
192.0,-0.283
192.01,-0.283
192.03,-0.283
192.05,-0.283
192.06,-0.283
192.08,-0.283
192.1,-0.283
192.11,-0.283
192.13,-0.283
192.15,-0.283
192.16,-0.283
192.18,-0.283
192.2,-0.283
192.21,-0.283
192.23,-0.283
192.25,-0.283
192.27,-0.283
192.28,-0.283
192.3,-0.283
192.32,-0.283
192.33,-0.283
192.35,-0.283
192.36,-0.283
192.38,-0.283
192.4,-0.283
192.41,-0.283
192.43,-0.283
192.45,-0.283
192.46,-0.283
192.48,-0.282
192.5,-0.282
192.52,-0.282
192.53,-0.282
192.55,-0.282
192.57,-0.282
192.58,-0.282
192.6,-0.282
192.62,-0.282
192.63,-0.282
192.65,-0.282
192.67,-0.282
192.68,-0.282
192.7,-0.282
192.71,-0.282
192.73,-0.282
192.75,-0.282
192.77,-0.282
192.78,-0.282
192.8,-0.282
192.81,-0.282
192.83,-0.282
192.85,-0.282
192.86,-0.282
192.88,-0.282
192.9,-0.282
192.92,-0.282
192.93,-0.282
192.95,-0.282
192.97,-0.282
192.98,-0.282
193.0,-0.282
193.02,-0.282
193.03,-0.282
193.05,-0.282
193.07,-0.282
193.08,-0.282
193.1,-0.282
193.12,-0.282
193.13,-0.282
193.15,-0.282
193.17,-0.282
193.18,-0.282
193.2,-0.282
193.22,-0.282
193.23,-0.282
193.25,-0.282
193.27,-0.282
193.28,-0.282
193.3,-0.282
193.32,-0.282
193.33,-0.282
193.35,-0.282
193.37,-0.282
193.38,-0.282
193.4,-0.282
193.42,-0.281
193.43,-0.281
193.45,-0.281
193.47,-0.281
193.48,-0.281
193.5,-0.281
193.52,-0.281
193.53,-0.281
193.55,-0.281
193.57,-0.281
193.58,-0.281
193.6,-0.281
193.62,-0.281
193.63,-0.281
193.65,-0.281
193.67,-0.281
193.68,-0.281
193.7,-0.281
193.72,-0.281
193.73,-0.281
193.75,-0.281
193.77,-0.281
193.78,-0.281
193.8,-0.281
193.82,-0.281
193.83,-0.281
193.85,-0.281
193.87,-0.281
193.88,-0.281
193.9,-0.281
193.92,-0.281
193.93,-0.281
193.95,-0.281
193.97,-0.281
193.98,-0.281
194.0,-0.281
194.02,-0.281
194.03,-0.281
194.05,-0.281
194.07,-0.281
194.08,-0.281
194.1,-0.281
194.12,-0.281
194.13,-0.281
194.15,-0.28
194.17,-0.28
194.18,-0.28
194.2,-0.28
194.22,-0.28
194.23,-0.28
194.25,-0.28
194.27,-0.28
194.28,-0.28
194.3,-0.28
194.32,-0.28
194.33,-0.28
194.35,-0.28
194.37,-0.28
194.38,-0.28
194.4,-0.28
194.42,-0.28
194.43,-0.28
194.45,-0.28
194.47,-0.28
194.49,-0.28
194.5,-0.28
194.52,-0.28
194.53,-0.28
194.55,-0.28
194.57,-0.28
194.58,-0.28
194.6,-0.28
194.62,-0.28
194.63,-0.28
194.65,-0.28
194.67,-0.28
194.69,-0.28
194.7,-0.28
194.72,-0.28
194.73,-0.28
194.75,-0.279
194.77,-0.279
194.78,-0.279
194.8,-0.279
194.82,-0.279
194.84,-0.279
194.85,-0.279
194.87,-0.279
194.88,-0.279
194.9,-0.279
194.92,-0.279
194.94,-0.279
194.95,-0.279
194.97,-0.279
194.99,-0.279
195.0,-0.279
195.02,-0.279
195.04,-0.279
195.05,-0.279
195.07,-0.279
195.09,-0.279
195.1,-0.279
195.12,-0.279
195.14,-0.279
195.15,-0.279
195.17,-0.279
195.19,-0.279
195.2,-0.279
195.22,-0.279
195.24,-0.279
195.25,-0.279
195.27,-0.279
195.29,-0.279
195.3,-0.278
195.32,-0.278
195.34,-0.278
195.35,-0.278
195.37,-0.278
195.39,-0.278
195.4,-0.278
195.42,-0.278
195.44,-0.278
195.45,-0.278
195.47,-0.278
195.49,-0.278
195.5,-0.278
195.52,-0.278
195.54,-0.278
195.55,-0.278
195.57,-0.278
195.59,-0.278
195.6,-0.278
195.62,-0.278
195.64,-0.278
195.65,-0.278
195.67,-0.278
195.69,-0.278
195.7,-0.278
195.72,-0.277
195.74,-0.277
195.75,-0.277
195.77,-0.277
195.79,-0.277
195.8,-0.277
195.82,-0.277
195.84,-0.277
195.85,-0.277
195.87,-0.277
195.89,-0.277
195.9,-0.277
195.92,-0.277
195.94,-0.277
195.95,-0.277
195.97,-0.277
195.99,-0.277
196.0,-0.277
196.02,-0.277
196.04,-0.277
196.05,-0.276
196.07,-0.276
196.09,-0.276
196.1,-0.276
196.12,-0.276
196.14,-0.276
196.15,-0.276
196.17,-0.276
196.19,-0.276
196.2,-0.276
196.22,-0.276
196.24,-0.276
196.25,-0.276
196.27,-0.276
196.29,-0.276
196.3,-0.276
196.32,-0.276
196.34,-0.276
196.35,-0.276
196.37,-0.276
196.39,-0.275
196.4,-0.275
196.42,-0.275
196.44,-0.275
196.45,-0.275
196.47,-0.275
196.49,-0.275
196.5,-0.275
196.52,-0.275
196.54,-0.275
196.55,-0.275
196.57,-0.275
196.59,-0.275
196.6,-0.275
196.62,-0.275
196.64,-0.274
196.65,-0.274
196.67,-0.274
196.69,-0.274
196.7,-0.274
196.72,-0.274
196.74,-0.274
196.75,-0.274
196.77,-0.274
196.79,-0.274
196.8,-0.274
196.82,-0.273
196.84,-0.273
196.85,-0.273
196.87,-0.273
196.89,-0.273
196.9,-0.273
196.92,-0.273
196.94,-0.273
196.95,-0.273
196.97,-0.273
196.99,-0.273
197.0,-0.272
197.02,-0.272
197.04,-0.272
197.05,-0.272
197.07,-0.272
197.09,-0.272
197.1,-0.272
197.12,-0.272
197.14,-0.272
197.15,-0.272
197.17,-0.272
197.19,-0.272
197.2,-0.271
197.22,-0.271
197.24,-0.271
197.26,-0.271
197.27,-0.271
197.29,-0.271
197.31,-0.271
197.32,-0.271
197.34,-0.271
197.35,-0.271
197.37,-0.27
197.39,-0.27
197.41,-0.27
197.42,-0.27
197.44,-0.27
197.46,-0.27
197.47,-0.27
197.49,-0.27
197.51,-0.27
197.52,-0.27
197.54,-0.269
197.56,-0.269
197.57,-0.269
197.59,-0.269
197.61,-0.269
197.62,-0.269
197.64,-0.269
197.66,-0.268
197.67,-0.268
197.69,-0.268
197.71,-0.268
197.72,-0.268
197.74,-0.268
197.76,-0.268
197.77,-0.268
197.79,-0.268
197.81,-0.268
197.82,-0.268
197.84,-0.267
197.86,-0.267
197.87,-0.267
197.89,-0.267
197.91,-0.267
197.92,-0.267
197.94,-0.266
197.96,-0.266
197.97,-0.266
197.99,-0.266
198.01,-0.266
198.02,-0.266
198.04,-0.266
198.06,-0.266
198.07,-0.265
198.09,-0.265
198.11,-0.265
198.12,-0.265
198.14,-0.265
198.16,-0.265
198.17,-0.265
198.19,-0.264
198.21,-0.264
198.22,-0.264
198.24,-0.264
198.26,-0.264
198.28,-0.263
198.29,-0.263
198.31,-0.263
198.33,-0.263
198.34,-0.263
198.36,-0.263
198.38,-0.263
198.39,-0.263
198.41,-0.262
198.43,-0.262
198.44,-0.262
198.46,-0.262
198.48,-0.262
198.49,-0.261
198.51,-0.261
198.53,-0.261
198.54,-0.261
198.56,-0.261
198.58,-0.261
198.59,-0.26
198.61,-0.26
198.63,-0.26
198.64,-0.26
198.66,-0.26
198.68,-0.26
198.69,-0.26
198.71,-0.26
198.73,-0.259
198.74,-0.259
198.76,-0.259
198.78,-0.259
198.79,-0.259
198.81,-0.258
198.83,-0.258
198.84,-0.258
198.86,-0.258
198.88,-0.257
198.89,-0.257
198.91,-0.257
198.93,-0.257
198.94,-0.257
198.96,-0.256
198.98,-0.256
198.99,-0.256
199.01,-0.256
199.03,-0.256
199.04,-0.255
199.06,-0.255
199.08,-0.255
199.09,-0.255
199.11,-0.255
199.13,-0.255
199.14,-0.254
199.16,-0.254
199.18,-0.254
199.19,-0.254
199.21,-0.254
199.23,-0.253
199.25,-0.253
199.26,-0.253
199.28,-0.253
199.3,-0.253
199.31,-0.252
199.33,-0.252
199.35,-0.252
199.36,-0.252
199.38,-0.252
199.39,-0.251
199.41,-0.251
199.43,-0.251
199.45,-0.251
199.46,-0.251
199.48,-0.251
199.5,-0.25
199.51,-0.25
199.53,-0.25
199.55,-0.25
199.56,-0.25
199.58,-0.249
199.6,-0.249
199.61,-0.249
199.63,-0.249
199.65,-0.249
199.66,-0.248
199.68,-0.248
199.7,-0.248
199.71,-0.248
199.73,-0.247
199.75,-0.247
199.76,-0.247
199.78,-0.247
199.8,-0.246
199.81,-0.246
199.83,-0.246
199.85,-0.246
199.86,-0.246
199.88,-0.246
199.9,-0.245
199.91,-0.245
199.93,-0.245
199.95,-0.245
199.96,-0.245
199.98,-0.244
200.0,-0.244
200.01,-0.244
200.03,-0.244
200.05,-0.243
200.06,-0.243
200.08,-0.243
200.1,-0.243
200.12,-0.243
200.13,-0.242
200.15,-0.242
200.16,-0.242
200.18,-0.242
200.2,-0.241
200.22,-0.241
200.23,-0.241
200.25,-0.241
200.27,-0.241
200.28,-0.24
200.3,-0.24
200.31,-0.24
200.33,-0.24
200.35,-0.239
200.37,-0.239
200.38,-0.239
200.4,-0.239
200.41,-0.238
200.43,-0.238
200.45,-0.238
200.47,-0.238
200.48,-0.237
200.5,-0.237
200.52,-0.237
200.53,-0.237
200.55,-0.236
200.57,-0.236
200.58,-0.236
200.6,-0.235
200.62,-0.235
200.63,-0.235
200.65,-0.235
200.67,-0.235
200.68,-0.234
200.7,-0.234
200.72,-0.234
200.73,-0.234
200.75,-0.233
200.77,-0.233
200.78,-0.233
200.8,-0.232
200.82,-0.232
200.84,-0.232
200.85,-0.232
200.87,-0.232
200.89,-0.232
200.9,-0.232
200.92,-0.231
200.93,-0.231
200.95,-0.231
200.97,-0.231
200.99,-0.23
201.0,-0.23
201.02,-0.23
201.03,-0.229
201.05,-0.229
201.07,-0.229
201.08,-0.228
201.1,-0.228
201.12,-0.228
201.14,-0.228
201.15,-0.227
201.17,-0.227
201.19,-0.227
201.2,-0.227
201.22,-0.226
201.24,-0.226
201.25,-0.226
201.27,-0.225
201.29,-0.225
201.3,-0.225
201.32,-0.225
201.34,-0.224
201.35,-0.224
201.37,-0.224
201.39,-0.224
201.4,-0.223
201.42,-0.223
201.44,-0.223
201.45,-0.223
201.47,-0.222
201.49,-0.222
201.5,-0.222
201.52,-0.221
201.54,-0.221
201.55,-0.221
201.57,-0.221
201.59,-0.22
201.6,-0.22
201.62,-0.22
201.64,-0.219
201.65,-0.219
201.67,-0.219
201.69,-0.219
201.71,-0.219
201.72,-0.218
201.74,-0.218
201.76,-0.218
201.77,-0.218
201.79,-0.217
201.81,-0.217
201.82,-0.216
201.84,-0.216
201.86,-0.216
201.87,-0.215
201.89,-0.215
201.91,-0.215
201.92,-0.214
201.94,-0.214
201.96,-0.214
201.97,-0.214
201.99,-0.213
202.01,-0.213
202.02,-0.213
202.04,-0.213
202.06,-0.212
202.07,-0.212
202.09,-0.212
202.11,-0.211
202.12,-0.211
202.14,-0.211
202.16,-0.21
202.17,-0.21
202.19,-0.21
202.21,-0.209
202.22,-0.209
202.24,-0.209
202.26,-0.209
202.28,-0.208
202.29,-0.208
202.31,-0.208
202.33,-0.207
202.34,-0.207
202.36,-0.207
202.38,-0.207
202.39,-0.206
202.41,-0.206
202.43,-0.206
202.44,-0.205
202.46,-0.205
202.48,-0.204
202.49,-0.204
202.51,-0.204
202.53,-0.204
202.54,-0.203
202.56,-0.203
202.58,-0.203
202.59,-0.203
202.61,-0.202
202.63,-0.202
202.64,-0.202
202.66,-0.201
202.68,-0.201
202.69,-0.201
202.71,-0.2
202.73,-0.2
202.75,-0.199
202.76,-0.199
202.78,-0.199
202.79,-0.199
202.81,-0.198
202.83,-0.198
202.84,-0.198
202.86,-0.198
202.88,-0.197
202.89,-0.197
202.91,-0.197
202.93,-0.196
202.95,-0.196
202.96,-0.195
202.98,-0.195
203.0,-0.194
203.01,-0.194
203.03,-0.194
203.05,-0.193
203.06,-0.193
203.08,-0.193
203.1,-0.192
203.11,-0.192
203.13,-0.192
203.15,-0.192
203.16,-0.191
203.18,-0.191
203.2,-0.191
203.21,-0.191
203.23,-0.19
203.25,-0.19
203.26,-0.19
203.28,-0.189
203.3,-0.189
203.31,-0.189
203.33,-0.188
203.35,-0.188
203.36,-0.188
203.38,-0.187
203.4,-0.187
203.42,-0.187
203.43,-0.186
203.45,-0.186
203.47,-0.186
203.48,-0.185
203.5,-0.185
203.52,-0.185
203.53,-0.184
203.55,-0.184
203.57,-0.184
203.58,-0.183
203.6,-0.183
203.62,-0.183
203.63,-0.182
203.65,-0.182
203.67,-0.182
203.68,-0.182
203.7,-0.181
203.72,-0.181
203.73,-0.181
203.75,-0.18
203.77,-0.18
203.78,-0.18
203.8,-0.18
203.82,-0.179
203.83,-0.179
203.85,-0.178
203.87,-0.178
203.88,-0.178
203.9,-0.178
203.92,-0.177
203.93,-0.177
203.95,-0.177
203.97,-0.176
203.99,-0.176
204.0,-0.176
204.02,-0.176
204.03,-0.175
204.05,-0.175
204.07,-0.175
204.09,-0.175
204.1,-0.174
204.12,-0.174
204.14,-0.174
204.15,-0.173
204.17,-0.173
204.19,-0.173
204.2,-0.173
204.22,-0.172
204.24,-0.172
204.25,-0.172
204.27,-0.171
204.29,-0.171
204.3,-0.171
204.32,-0.171
204.34,-0.17
204.35,-0.17
204.37,-0.17
204.39,-0.17
204.4,-0.169
204.42,-0.169
204.44,-0.169
204.45,-0.169
204.47,-0.169
204.49,-0.168
204.5,-0.168
204.52,-0.168
204.54,-0.167
204.56,-0.167
204.57,-0.167
204.59,-0.167
204.61,-0.166
204.62,-0.166
204.64,-0.166
204.66,-0.166
204.67,-0.166
204.69,-0.165
204.71,-0.165
204.72,-0.165
204.74,-0.165
204.76,-0.165
204.77,-0.164
204.79,-0.164
204.81,-0.164
204.82,-0.164
204.84,-0.163
204.86,-0.163
204.87,-0.163
204.89,-0.163
204.91,-0.162
204.92,-0.162
204.94,-0.162
204.96,-0.162
204.97,-0.162
204.99,-0.162
205.01,-0.161
205.02,-0.161
205.04,-0.161
205.06,-0.161
205.08,-0.16
205.09,-0.16
205.11,-0.16
205.13,-0.16
205.14,-0.16
205.16,-0.16
205.17,-0.16
205.19,-0.16
205.21,-0.159
205.22,-0.159
205.24,-0.159
205.26,-0.159
205.28,-0.159
205.29,-0.159
205.31,-0.159
205.33,-0.158
205.34,-0.158
205.36,-0.158
205.38,-0.158
205.39,-0.158
205.41,-0.158
205.43,-0.158
205.44,-0.158
205.46,-0.157
205.48,-0.157
205.49,-0.157
205.51,-0.157
205.53,-0.157
205.54,-0.157
205.56,-0.157
205.58,-0.157
205.59,-0.157
205.61,-0.157
205.63,-0.157
205.64,-0.157
205.66,-0.157
205.68,-0.156
205.69,-0.156
205.71,-0.156
205.73,-0.156
205.74,-0.156
205.76,-0.156
205.78,-0.156
205.79,-0.156
205.81,-0.156
205.83,-0.156
205.84,-0.156
205.86,-0.156
205.88,-0.156
205.89,-0.156
205.91,-0.156
205.93,-0.156
205.94,-0.156
205.96,-0.156
205.98,-0.155
205.99,-0.155
206.01,-0.155
206.03,-0.155
206.04,-0.155
206.06,-0.155
206.08,-0.155
206.09,-0.155
206.11,-0.155
206.13,-0.155
206.14,-0.155
206.16,-0.155
206.18,-0.155
206.19,-0.155
206.21,-0.155
206.23,-0.155
206.24,-0.155
206.26,-0.155
206.28,-0.155
206.29,-0.155
206.31,-0.155
206.33,-0.155
206.34,-0.155
206.36,-0.155
206.38,-0.155
206.39,-0.155
206.41,-0.155
206.43,-0.155
206.44,-0.155
206.46,-0.155
206.48,-0.155
206.49,-0.155
206.51,-0.155
206.53,-0.155
206.54,-0.155
206.56,-0.155
206.58,-0.155
206.59,-0.155
206.61,-0.155
206.63,-0.155
206.64,-0.155
206.66,-0.155
206.68,-0.155
206.69,-0.155
206.71,-0.155
206.73,-0.155
206.74,-0.155
206.76,-0.155
206.78,-0.155
206.79,-0.155
206.81,-0.155
206.83,-0.155
206.84,-0.156
206.86,-0.156
206.88,-0.156
206.89,-0.156
206.91,-0.156
206.93,-0.156
206.94,-0.156
206.96,-0.156
206.98,-0.157
206.99,-0.157
207.01,-0.157
207.03,-0.157
207.04,-0.157
207.06,-0.158
207.08,-0.158
207.09,-0.158
207.11,-0.158
207.13,-0.159
207.14,-0.159
207.16,-0.159
207.18,-0.159
207.19,-0.16
207.21,-0.16
207.23,-0.16
207.24,-0.16
207.26,-0.161
207.28,-0.161
207.29,-0.161
207.31,-0.162
207.33,-0.162
207.34,-0.162
207.36,-0.163
207.38,-0.163
207.39,-0.163
207.41,-0.164
207.43,-0.164
207.44,-0.165
207.46,-0.165
207.47,-0.166
207.49,-0.166
207.51,-0.166
207.53,-0.167
207.54,-0.167
207.56,-0.167
207.57,-0.168
207.59,-0.168
207.61,-0.168
207.62,-0.169
207.64,-0.169
207.66,-0.17
207.67,-0.17
207.69,-0.171
207.71,-0.171
207.72,-0.171
207.74,-0.172
207.76,-0.172
207.77,-0.172
207.79,-0.173
207.81,-0.173
207.82,-0.173
207.84,-0.174
207.86,-0.174
207.87,-0.175
207.89,-0.175
207.91,-0.175
207.92,-0.176
207.94,-0.176
207.96,-0.177
207.97,-0.177
207.99,-0.178
208.01,-0.178
208.02,-0.179
208.04,-0.179
208.06,-0.179
208.07,-0.18
208.09,-0.18
208.11,-0.181
208.12,-0.181
208.14,-0.182
208.15,-0.182
208.17,-0.183
208.19,-0.183
208.21,-0.183
208.22,-0.184
208.24,-0.184
208.25,-0.184
208.27,-0.185
208.29,-0.185
208.3,-0.186
208.32,-0.186
208.34,-0.187
208.35,-0.187
208.37,-0.187
208.39,-0.188
208.4,-0.188
208.42,-0.189
208.44,-0.189
208.45,-0.19
208.47,-0.19
208.49,-0.19
208.5,-0.191
208.52,-0.191
208.54,-0.192
208.55,-0.192
208.57,-0.193
208.59,-0.193
208.6,-0.193
208.62,-0.194
208.64,-0.194
208.65,-0.195
208.67,-0.195
208.69,-0.196
208.7,-0.196
208.72,-0.197
208.74,-0.197
208.75,-0.198
208.77,-0.198
208.78,-0.199
208.8,-0.199
208.82,-0.2
208.83,-0.2
208.85,-0.201
208.87,-0.201
208.88,-0.201
208.9,-0.202
208.92,-0.202
208.93,-0.202
208.95,-0.203
208.96,-0.203
208.98,-0.204
209.0,-0.205
209.02,-0.205
209.03,-0.206
209.05,-0.206
209.07,-0.207
209.08,-0.207
209.1,-0.208
209.11,-0.208
209.13,-0.208
209.15,-0.209
209.16,-0.209
209.18,-0.209
209.2,-0.21
209.21,-0.21
209.23,-0.211
209.25,-0.211
209.26,-0.211
209.28,-0.212
209.3,-0.213
209.31,-0.213
209.33,-0.214
209.35,-0.214
209.36,-0.214
209.38,-0.215
209.4,-0.215
209.41,-0.216
209.43,-0.216
209.45,-0.217
209.46,-0.217
209.48,-0.218
209.5,-0.218
209.51,-0.219
209.53,-0.219
209.55,-0.22
209.56,-0.22
209.58,-0.22
209.59,-0.221
209.61,-0.221
209.63,-0.222
209.64,-0.222
209.66,-0.222
209.68,-0.223
209.69,-0.223
209.71,-0.224
209.73,-0.224
209.74,-0.224
209.76,-0.225
209.78,-0.225
209.79,-0.226
209.81,-0.226
209.83,-0.227
209.84,-0.227
209.86,-0.228
209.88,-0.228
209.89,-0.229
209.91,-0.229
209.92,-0.229
209.94,-0.23
209.96,-0.23
209.97,-0.23
209.99,-0.231
210.01,-0.231
210.02,-0.232
210.04,-0.232
210.06,-0.232
210.07,-0.233
210.09,-0.233
210.11,-0.234
210.12,-0.234
210.14,-0.235
210.16,-0.235
210.17,-0.236
210.19,-0.236
210.21,-0.236
210.22,-0.237
210.24,-0.237
210.26,-0.237
210.27,-0.238
210.29,-0.238
210.31,-0.238
210.32,-0.239
210.34,-0.239
210.36,-0.24
210.37,-0.24
210.39,-0.24
210.41,-0.241
210.42,-0.241
210.44,-0.241
210.46,-0.242
210.47,-0.242
210.49,-0.242
210.51,-0.243
210.52,-0.243
210.54,-0.244
210.55,-0.244
210.57,-0.244
210.59,-0.244
210.6,-0.245
210.62,-0.245
210.64,-0.246
210.65,-0.246
210.67,-0.246
210.69,-0.247
210.7,-0.247
210.72,-0.247
210.74,-0.247
210.75,-0.247
210.77,-0.248
210.79,-0.248
210.8,-0.249
210.82,-0.249
210.84,-0.25
210.85,-0.25
210.87,-0.25
210.89,-0.251
210.9,-0.251
210.92,-0.251
210.94,-0.252
210.95,-0.252
210.97,-0.252
210.99,-0.252
211.0,-0.252
211.02,-0.253
211.04,-0.253
211.05,-0.253
211.07,-0.253
211.08,-0.254
211.1,-0.254
211.12,-0.254
211.14,-0.255
211.15,-0.255
211.17,-0.255
211.19,-0.256
211.2,-0.256
211.22,-0.256
211.23,-0.257
211.25,-0.257
211.27,-0.257
211.28,-0.257
211.3,-0.258
211.32,-0.258
211.33,-0.258
211.35,-0.259
211.37,-0.259
211.38,-0.259
211.4,-0.259
211.42,-0.26
211.43,-0.26
211.45,-0.26
211.47,-0.26
211.48,-0.261
211.5,-0.261
211.52,-0.261
211.53,-0.261
211.55,-0.261
211.57,-0.262
211.58,-0.262
211.6,-0.262
211.62,-0.262
211.63,-0.263
211.65,-0.263
211.67,-0.263
211.68,-0.263
211.7,-0.263
211.72,-0.264
211.73,-0.264
211.75,-0.264
211.77,-0.264
211.78,-0.264
211.8,-0.265
211.82,-0.265
211.83,-0.265
211.85,-0.265
211.86,-0.265
211.88,-0.266
211.9,-0.266
211.92,-0.266
211.93,-0.266
211.95,-0.266
211.96,-0.267
211.98,-0.267
212.0,-0.267
212.01,-0.267
212.03,-0.267
212.05,-0.268
212.06,-0.268
212.08,-0.268
212.1,-0.268
212.11,-0.268
212.13,-0.269
212.15,-0.269
212.16,-0.269
212.18,-0.269
212.2,-0.269
212.21,-0.269
212.23,-0.27
212.25,-0.27
212.26,-0.27
212.28,-0.27
212.3,-0.27
212.31,-0.27
212.33,-0.271
212.35,-0.271
212.36,-0.271
212.38,-0.271
212.4,-0.271
212.41,-0.272
212.43,-0.272
212.45,-0.272
212.46,-0.272
212.48,-0.272
212.5,-0.272
212.51,-0.272
212.53,-0.272
212.54,-0.273
212.56,-0.273
212.58,-0.273
212.6,-0.273
212.61,-0.273
212.63,-0.273
212.65,-0.273
212.66,-0.273
212.68,-0.274
212.7,-0.274
212.71,-0.274
212.73,-0.274
212.75,-0.274
212.76,-0.274
212.78,-0.274
212.8,-0.275
212.81,-0.275
212.83,-0.275
212.85,-0.275
212.86,-0.275
212.88,-0.275
212.9,-0.276
212.91,-0.276
212.93,-0.276
212.94,-0.276
212.96,-0.276
212.98,-0.276
212.99,-0.276
213.01,-0.276
213.03,-0.276
213.04,-0.276
213.06,-0.277
213.08,-0.277
213.09,-0.277
213.11,-0.277
213.13,-0.277
213.14,-0.277
213.16,-0.277
213.18,-0.277
213.2,-0.277
213.21,-0.278
213.23,-0.278
213.24,-0.278
213.26,-0.278
213.28,-0.278
213.29,-0.278
213.31,-0.278
213.33,-0.278
213.34,-0.278
213.36,-0.278
213.38,-0.278
213.39,-0.278
213.41,-0.278
213.43,-0.279
213.44,-0.279
213.46,-0.279
213.48,-0.279
213.49,-0.279
213.51,-0.279
213.53,-0.279
213.54,-0.279
213.56,-0.279
213.58,-0.279
213.59,-0.28
213.61,-0.28
213.63,-0.28
213.64,-0.28
213.66,-0.28
213.68,-0.28
213.69,-0.28
213.71,-0.28
213.73,-0.28
213.74,-0.28
213.76,-0.28
213.78,-0.28
213.79,-0.281
213.81,-0.281
213.83,-0.281
213.84,-0.281
213.86,-0.281
213.88,-0.281
213.89,-0.281
213.91,-0.281
213.93,-0.281
213.94,-0.281
213.96,-0.281
213.98,-0.281
213.99,-0.281
214.01,-0.281
214.03,-0.281
214.04,-0.281
214.06,-0.282
214.08,-0.282
214.09,-0.282
214.11,-0.282
214.13,-0.282
214.14,-0.282
214.16,-0.282
214.18,-0.282
214.19,-0.282
214.21,-0.282
214.23,-0.282
214.24,-0.282
214.26,-0.282
214.28,-0.282
214.29,-0.282
214.31,-0.282
214.33,-0.282
214.34,-0.282
214.36,-0.282
214.38,-0.282
214.39,-0.282
214.41,-0.283
214.43,-0.283
214.44,-0.283
214.46,-0.283
214.48,-0.283
214.49,-0.283
214.51,-0.283
214.53,-0.283
214.54,-0.283
214.56,-0.283
214.58,-0.283
214.59,-0.283
214.61,-0.283
214.63,-0.283
214.64,-0.283
214.66,-0.283
214.68,-0.283
214.69,-0.283
214.71,-0.283
214.73,-0.283
214.74,-0.283
214.76,-0.283
214.78,-0.283
214.79,-0.283
214.81,-0.283
214.83,-0.283
214.84,-0.283
214.86,-0.283
214.88,-0.284
214.89,-0.284
214.91,-0.284
214.93,-0.284
214.94,-0.284
214.96,-0.284
214.98,-0.284
214.99,-0.284
215.01,-0.284
215.03,-0.284
215.04,-0.284
215.06,-0.284
215.08,-0.284
215.09,-0.284
215.11,-0.284
215.13,-0.284
215.14,-0.284
215.16,-0.284
215.18,-0.284
215.19,-0.284
215.21,-0.284
215.23,-0.284
215.24,-0.284
215.26,-0.284
215.28,-0.284
215.29,-0.284
215.31,-0.284
215.33,-0.284
215.34,-0.284
215.36,-0.284
215.38,-0.284
215.39,-0.284
215.41,-0.285
215.43,-0.285
215.44,-0.285
215.46,-0.285
215.48,-0.285
215.49,-0.285
215.51,-0.285
215.53,-0.285
215.54,-0.285
215.56,-0.285
215.58,-0.285
215.59,-0.285
215.61,-0.285
215.63,-0.285
215.64,-0.285
215.66,-0.285
215.68,-0.285
215.69,-0.285
215.71,-0.285
215.73,-0.285
215.74,-0.285
215.76,-0.285
215.78,-0.285
215.79,-0.285
215.81,-0.285
215.83,-0.285
215.84,-0.285
215.86,-0.285
215.88,-0.285
215.89,-0.285
215.91,-0.285
215.93,-0.286
215.94,-0.286
215.96,-0.286
215.98,-0.286
215.99,-0.286
216.01,-0.286
216.03,-0.286
216.04,-0.286
216.06,-0.286
216.08,-0.286
216.09,-0.286
216.11,-0.286
216.13,-0.286
216.14,-0.286
216.16,-0.286
216.18,-0.286
216.19,-0.286
216.21,-0.286
216.23,-0.286
216.24,-0.286
216.26,-0.286
216.28,-0.286
216.29,-0.286
216.31,-0.286
216.33,-0.286
216.34,-0.286
216.36,-0.286
216.38,-0.286
216.39,-0.286
216.41,-0.286
216.43,-0.286
216.44,-0.286
216.46,-0.287
216.48,-0.287
216.49,-0.287
216.51,-0.287
216.53,-0.287
216.54,-0.287
216.56,-0.287
216.58,-0.287
216.59,-0.287
216.61,-0.287
216.63,-0.287
216.64,-0.287
216.66,-0.287
216.68,-0.287
216.69,-0.287
216.71,-0.287
216.73,-0.287
216.74,-0.287
216.76,-0.287
216.78,-0.287
216.79,-0.287
216.81,-0.287
216.83,-0.287
216.84,-0.287
216.86,-0.287
216.88,-0.287
216.89,-0.287
216.91,-0.287
216.93,-0.287
216.94,-0.287
216.96,-0.287
216.98,-0.287
216.99,-0.287
217.01,-0.287
217.03,-0.287
217.04,-0.288
217.06,-0.288
217.08,-0.288
217.09,-0.288
217.11,-0.288
217.13,-0.288
217.14,-0.288
217.16,-0.288
217.18,-0.288
217.19,-0.288
217.21,-0.288
217.23,-0.288
217.24,-0.288
217.26,-0.288
217.28,-0.288
217.29,-0.288
217.31,-0.288
217.33,-0.288
217.34,-0.288
217.36,-0.288
217.38,-0.288
217.39,-0.288
217.41,-0.288
217.43,-0.288
217.44,-0.288
217.46,-0.288
217.48,-0.288
217.49,-0.288
217.51,-0.288
217.53,-0.288
217.54,-0.288
217.56,-0.288
217.58,-0.288
217.59,-0.288
217.61,-0.288
217.63,-0.288
217.64,-0.289
217.66,-0.289
217.68,-0.289
217.69,-0.289
217.71,-0.289
217.73,-0.289
217.74,-0.289
217.76,-0.289
217.78,-0.289
217.79,-0.289
217.81,-0.289
217.83,-0.289
217.84,-0.289
217.86,-0.289
217.88,-0.289
217.89,-0.289
217.91,-0.289
217.93,-0.289
217.94,-0.289
217.96,-0.289
217.98,-0.289
217.99,-0.289
218.01,-0.289
218.03,-0.289
218.04,-0.289
218.06,-0.289
218.08,-0.289
218.09,-0.289
218.11,-0.289
218.13,-0.289
218.14,-0.289
218.16,-0.289
218.18,-0.289
218.19,-0.289
218.21,-0.289
218.23,-0.289
218.24,-0.289
218.26,-0.289
218.28,-0.29
218.29,-0.29
218.31,-0.29
218.33,-0.29
218.34,-0.29
218.36,-0.29
218.38,-0.29
218.39,-0.29
218.41,-0.29
218.43,-0.29
218.44,-0.29
218.46,-0.29
218.48,-0.29
218.49,-0.29
218.51,-0.29
218.53,-0.29
218.54,-0.29
218.56,-0.29
218.58,-0.29
218.59,-0.29
218.61,-0.29
218.63,-0.29
218.64,-0.29
218.66,-0.29
218.68,-0.29
218.69,-0.29
218.71,-0.29
218.73,-0.29
218.74,-0.29
218.76,-0.29
218.78,-0.29
218.79,-0.29
218.81,-0.29
218.83,-0.29
218.84,-0.29
218.86,-0.29
218.88,-0.29
218.89,-0.29
218.91,-0.29
218.93,-0.29
218.94,-0.291
218.96,-0.291
218.98,-0.291
218.99,-0.291
219.01,-0.291
219.03,-0.291
219.04,-0.291
219.06,-0.291
219.08,-0.291
219.09,-0.291
219.11,-0.291
219.13,-0.291
219.14,-0.291
219.16,-0.291
219.18,-0.291
219.19,-0.291
219.21,-0.291
219.23,-0.291
219.24,-0.291
219.26,-0.291
219.28,-0.291
219.29,-0.291
219.31,-0.291
219.33,-0.291
219.34,-0.291
219.36,-0.291
219.38,-0.291
219.39,-0.291
219.41,-0.291
219.43,-0.291
219.44,-0.291
219.46,-0.291
219.48,-0.291
219.49,-0.291
219.51,-0.291
219.53,-0.291
219.54,-0.291
219.56,-0.291
219.58,-0.291
219.59,-0.291
219.61,-0.291
219.63,-0.291
219.64,-0.291
219.66,-0.291
219.68,-0.291
219.69,-0.291
219.71,-0.291
219.73,-0.292
219.74,-0.292
219.76,-0.292
219.78,-0.292
219.79,-0.292
219.81,-0.292
219.83,-0.292
219.84,-0.292
219.86,-0.292
219.88,-0.292
219.89,-0.292
219.91,-0.292
219.93,-0.292
219.94,-0.292
219.96,-0.292
219.98,-0.292
219.99,-0.292
220.01,-0.292
220.03,-0.292
220.04,-0.292
220.06,-0.292
220.08,-0.292
220.09,-0.292
220.11,-0.292
220.13,-0.292
220.14,-0.292
220.16,-0.292
220.18,-0.292
220.19,-0.292
220.21,-0.292
220.23,-0.292
220.24,-0.292
220.26,-0.292
220.28,-0.292
220.29,-0.292
220.31,-0.292
220.33,-0.292
220.34,-0.292
220.36,-0.292
220.38,-0.292
220.39,-0.292
220.41,-0.292
220.43,-0.292
220.44,-0.292
220.46,-0.292
220.48,-0.292
220.49,-0.292
220.51,-0.292
220.53,-0.292
220.54,-0.292
220.56,-0.292
220.58,-0.292
220.59,-0.292
220.61,-0.292
220.63,-0.292
220.64,-0.292
220.66,-0.292
220.68,-0.292
220.69,-0.293
220.71,-0.293
220.73,-0.293
220.74,-0.293
220.76,-0.293
220.78,-0.293
220.79,-0.293
220.81,-0.293
220.83,-0.293
220.84,-0.293
220.86,-0.293
220.88,-0.293
220.89,-0.293
220.91,-0.293
220.93,-0.293
220.94,-0.293
220.96,-0.293
220.98,-0.293
220.99,-0.293
221.01,-0.293
221.03,-0.293
221.04,-0.293
221.06,-0.293
221.08,-0.293
221.09,-0.293
221.11,-0.293
221.13,-0.293
221.14,-0.293
221.16,-0.293
221.18,-0.293
221.19,-0.293
221.21,-0.293
221.23,-0.293
221.24,-0.293
221.26,-0.293
221.28,-0.293
221.29,-0.293
221.31,-0.293
221.33,-0.293
221.34,-0.293
221.36,-0.293
221.38,-0.293
221.39,-0.293
221.41,-0.293
221.43,-0.293
221.44,-0.293
221.46,-0.293
221.48,-0.293
221.49,-0.293
221.51,-0.293
221.53,-0.293
221.54,-0.293
221.56,-0.293
221.58,-0.293
221.59,-0.293
221.61,-0.293
221.63,-0.293
221.64,-0.293
221.66,-0.293
221.68,-0.293
221.69,-0.293
221.71,-0.293
221.73,-0.293
221.74,-0.293
221.76,-0.294
221.78,-0.294
221.79,-0.294
221.81,-0.294
221.83,-0.294
221.84,-0.294
221.86,-0.294
221.88,-0.294
221.89,-0.294
221.91,-0.294
221.93,-0.294
221.94,-0.294
221.96,-0.294
221.98,-0.294
221.99,-0.294
222.01,-0.294
222.03,-0.294
222.04,-0.294
222.06,-0.294
222.08,-0.294
222.09,-0.294
222.11,-0.294
222.13,-0.294
222.14,-0.294
222.16,-0.294
222.18,-0.294
222.19,-0.294
222.21,-0.294
222.23,-0.294
222.24,-0.294
222.26,-0.294
222.28,-0.294
222.29,-0.294
222.31,-0.294
222.33,-0.294
222.34,-0.294
222.36,-0.294
222.38,-0.294
222.39,-0.294
222.41,-0.294
222.43,-0.294
222.44,-0.294
222.46,-0.294
222.48,-0.294
222.49,-0.294
222.51,-0.294
222.53,-0.294
222.54,-0.294
222.56,-0.294
222.58,-0.294
222.59,-0.294
222.61,-0.294
222.63,-0.294
222.64,-0.294
222.66,-0.294
222.68,-0.294
222.69,-0.294
222.71,-0.294
222.73,-0.294
222.74,-0.294
222.76,-0.294
222.78,-0.294
222.79,-0.294
222.81,-0.294
222.83,-0.294
222.84,-0.294
222.86,-0.294
222.88,-0.294
222.89,-0.295
222.91,-0.295
222.93,-0.295
222.94,-0.295
222.96,-0.295
222.98,-0.295
222.99,-0.295
223.01,-0.295
223.03,-0.295
223.04,-0.295
223.06,-0.295
223.08,-0.295
223.09,-0.295
223.11,-0.295
223.13,-0.295
223.14,-0.295
223.16,-0.295
223.18,-0.295
223.19,-0.295
223.21,-0.295
223.23,-0.295
223.24,-0.295
223.26,-0.295
223.28,-0.295
223.29,-0.295
223.31,-0.295
223.33,-0.295
223.34,-0.295
223.36,-0.295
223.38,-0.295
223.39,-0.295
223.41,-0.295
223.43,-0.295
223.44,-0.295
223.46,-0.295
223.48,-0.295
223.49,-0.295
223.51,-0.295
223.53,-0.295
223.54,-0.295
223.56,-0.295
223.58,-0.295
223.59,-0.295
223.61,-0.295
223.63,-0.295
223.64,-0.295
223.66,-0.295
223.68,-0.295
223.69,-0.295
223.71,-0.295
223.73,-0.295
223.74,-0.295
223.76,-0.295
223.78,-0.295
223.79,-0.295
223.81,-0.295
223.83,-0.295
223.84,-0.295
223.86,-0.295
223.88,-0.295
223.89,-0.295
223.91,-0.295
223.93,-0.295
223.94,-0.295
223.96,-0.295
223.98,-0.295
223.99,-0.295
224.01,-0.295
224.03,-0.295
224.04,-0.295
224.06,-0.295
224.08,-0.295
224.09,-0.295
224.11,-0.295
224.13,-0.296
224.14,-0.296
224.16,-0.296
224.18,-0.296
224.19,-0.296
224.21,-0.296
224.23,-0.296
224.24,-0.296
224.26,-0.296
224.28,-0.296
224.29,-0.296
224.31,-0.296
224.33,-0.296
224.34,-0.296
224.36,-0.296
224.38,-0.296
224.39,-0.296
224.41,-0.296
224.43,-0.296
224.44,-0.296
224.46,-0.296
224.48,-0.296
224.49,-0.296
224.51,-0.296
224.53,-0.296
224.54,-0.296
224.56,-0.296
224.58,-0.296
224.59,-0.296
224.61,-0.296
224.63,-0.296
224.64,-0.296
224.66,-0.296
224.68,-0.296
224.69,-0.296
224.71,-0.296
224.73,-0.296
224.74,-0.296
224.76,-0.296
224.78,-0.296
224.79,-0.296
224.81,-0.296
224.83,-0.296
224.84,-0.296
224.86,-0.296
224.88,-0.296
224.9,-0.296
224.91,-0.296
224.93,-0.296
224.94,-0.296
224.96,-0.296
224.98,-0.296
224.99,-0.296
225.01,-0.296
225.03,-0.296
225.04,-0.296
225.06,-0.296
225.08,-0.296
225.09,-0.296
225.11,-0.296
225.13,-0.296
225.14,-0.296
225.16,-0.296
225.18,-0.296
225.19,-0.296
225.21,-0.296
225.23,-0.296
225.24,-0.296
225.26,-0.296
225.28,-0.296
225.29,-0.296
225.31,-0.296
225.33,-0.296
225.34,-0.296
225.36,-0.296
225.38,-0.296
225.39,-0.296
225.41,-0.296
225.43,-0.296
225.44,-0.296
225.46,-0.296
225.48,-0.296
225.49,-0.297
225.51,-0.297
225.53,-0.297
225.54,-0.297
225.56,-0.297
225.58,-0.297
225.59,-0.297
225.61,-0.297
225.63,-0.297
225.64,-0.297
225.66,-0.297
225.68,-0.297
225.69,-0.297
225.71,-0.297
225.73,-0.297
225.74,-0.297
225.76,-0.297
225.78,-0.297
225.79,-0.297
225.81,-0.297
225.83,-0.297
225.84,-0.297
225.86,-0.297
225.88,-0.297
225.89,-0.297
225.91,-0.297
225.93,-0.297
225.94,-0.297
225.96,-0.297
225.98,-0.297
225.99,-0.297
226.01,-0.297
226.03,-0.297
226.04,-0.297
226.06,-0.297
226.08,-0.297
226.09,-0.297
226.11,-0.297
226.13,-0.297
226.14,-0.297
226.16,-0.297
226.18,-0.297
226.19,-0.297
226.21,-0.297
226.23,-0.297
226.24,-0.297
226.26,-0.297
226.28,-0.297
226.29,-0.297
226.31,-0.297
226.33,-0.297
226.34,-0.297
226.36,-0.297
226.38,-0.297
226.39,-0.297
226.41,-0.297
226.43,-0.297
226.44,-0.297
226.46,-0.297
226.48,-0.297
226.49,-0.297
226.51,-0.297
226.53,-0.297
226.54,-0.297
226.56,-0.297
226.58,-0.297
226.59,-0.297
226.61,-0.297
226.63,-0.297
226.64,-0.297
226.66,-0.297
226.68,-0.297
226.69,-0.297
226.71,-0.297
226.73,-0.297
226.74,-0.297
226.76,-0.297
226.78,-0.297
226.79,-0.297
226.81,-0.297
226.83,-0.297
226.84,-0.297
226.86,-0.297
226.88,-0.297
226.89,-0.297
226.91,-0.297
226.93,-0.297
226.95,-0.297
226.96,-0.297
226.98,-0.297
226.99,-0.297
227.01,-0.297
227.03,-0.297
227.04,-0.298
227.06,-0.298
227.08,-0.298
227.09,-0.298
227.11,-0.298
227.13,-0.298
227.14,-0.298
227.16,-0.298
227.18,-0.298
227.19,-0.298
227.21,-0.298
227.23,-0.298
227.24,-0.298
227.26,-0.298
227.28,-0.298
227.3,-0.298
227.31,-0.298
227.33,-0.298
227.35,-0.298
227.36,-0.298
227.38,-0.298
227.4,-0.298
227.41,-0.298
227.43,-0.298
227.44,-0.298
227.46,-0.298
227.48,-0.298
227.49,-0.298
227.51,-0.298
227.53,-0.298
227.55,-0.298
227.56,-0.298
227.58,-0.298
227.6,-0.298
227.61,-0.298
227.63,-0.298
227.64,-0.298
227.66,-0.298
227.68,-0.298
227.7,-0.298
227.71,-0.298
227.73,-0.298
227.75,-0.298
227.76,-0.298
227.78,-0.298
227.8,-0.298
227.81,-0.298
227.83,-0.298
227.85,-0.298
227.86,-0.298
227.88,-0.298
227.89,-0.298
227.91,-0.298
227.93,-0.298
227.94,-0.298
227.96,-0.298
227.98,-0.298
227.99,-0.298
228.01,-0.298
228.03,-0.298
228.04,-0.298
228.06,-0.298
228.08,-0.298
228.1,-0.298
228.11,-0.298
228.13,-0.298
228.15,-0.298
228.16,-0.298
228.18,-0.298
228.2,-0.298
228.21,-0.298
228.23,-0.298
228.24,-0.298
228.26,-0.298
228.28,-0.298
228.29,-0.298
228.31,-0.298
228.33,-0.298
228.35,-0.298
228.36,-0.298
228.38,-0.298
228.39,-0.298
228.41,-0.298
228.43,-0.298
228.44,-0.298
228.46,-0.298
228.48,-0.298
228.49,-0.298
228.51,-0.298
228.53,-0.298
228.54,-0.298
228.56,-0.299
228.58,-0.299
228.59,-0.299
228.61,-0.299
228.63,-0.299
228.65,-0.299
228.66,-0.299
228.68,-0.299
228.69,-0.299
228.71,-0.299
228.73,-0.299
228.75,-0.299
228.76,-0.299
228.78,-0.299
228.8,-0.299
228.81,-0.299
228.83,-0.299
228.84,-0.299
228.86,-0.299
228.88,-0.299
228.89,-0.299
228.91,-0.299
228.93,-0.299
228.95,-0.299
228.96,-0.299
228.98,-0.299
228.99,-0.299
229.01,-0.299
229.03,-0.299
229.04,-0.299
229.06,-0.299
229.08,-0.299
229.1,-0.299
229.11,-0.299
229.13,-0.299
229.15,-0.299
229.16,-0.299
229.18,-0.299
229.2,-0.299
229.21,-0.299
229.23,-0.299
229.24,-0.299
229.26,-0.299
229.28,-0.299
229.3,-0.299
229.31,-0.299
229.33,-0.299
229.35,-0.299
229.36,-0.299
229.38,-0.299
229.4,-0.299
229.41,-0.299
229.43,-0.299
229.45,-0.299
229.46,-0.299
229.48,-0.299
229.5,-0.299
229.51,-0.299
229.53,-0.299
229.55,-0.299
229.56,-0.299
229.58,-0.299
229.6,-0.299
229.61,-0.299
229.63,-0.299
229.65,-0.299
229.66,-0.299
229.68,-0.299
229.7,-0.299
229.71,-0.299
229.73,-0.299
229.75,-0.299
229.76,-0.299
229.78,-0.299
229.8,-0.299
229.81,-0.299
229.83,-0.299
229.85,-0.299
229.86,-0.299
229.88,-0.299
229.9,-0.299
229.91,-0.299
229.93,-0.299
229.95,-0.299
229.96,-0.299
229.98,-0.299
230.0,-0.299
230.01,-0.299
230.03,-0.299
230.05,-0.299
230.06,-0.299
230.08,-0.299
230.1,-0.299
230.11,-0.3
230.13,-0.3
230.15,-0.3
230.16,-0.3
230.18,-0.3
230.2,-0.3
230.21,-0.3
230.23,-0.3
230.25,-0.3
230.26,-0.3
230.28,-0.3
230.3,-0.3
230.31,-0.3
230.33,-0.3
230.35,-0.3
230.36,-0.3
230.38,-0.3
230.4,-0.3
230.41,-0.3
230.43,-0.3
230.45,-0.3
230.46,-0.3
230.48,-0.3
230.5,-0.3
230.51,-0.3
230.53,-0.3
230.55,-0.3
230.56,-0.3
230.58,-0.3
230.6,-0.3
230.61,-0.3
230.63,-0.3
230.65,-0.3
230.66,-0.3
230.68,-0.3
230.7,-0.3
230.71,-0.3
230.73,-0.3
230.75,-0.3
230.76,-0.3
230.78,-0.3
230.8,-0.3
230.81,-0.3
230.83,-0.3
230.85,-0.3
230.86,-0.3
230.88,-0.3
230.9,-0.3
230.91,-0.3
230.93,-0.3
230.95,-0.3
230.96,-0.3
230.98,-0.3
231.0,-0.3
231.01,-0.3
231.03,-0.3
231.05,-0.3
231.06,-0.3
231.08,-0.3
231.1,-0.3
231.11,-0.3
231.13,-0.3
231.15,-0.3
231.16,-0.3
231.18,-0.3
231.2,-0.3
231.21,-0.3
231.23,-0.3
231.25,-0.3
231.26,-0.3
231.28,-0.3
231.3,-0.3
231.31,-0.3
231.33,-0.3
231.35,-0.3
231.36,-0.3
231.38,-0.3
231.4,-0.3
231.41,-0.3
231.43,-0.3
231.45,-0.3
231.46,-0.3
231.48,-0.3
231.5,-0.3
231.51,-0.3
231.53,-0.3
231.55,-0.3
231.56,-0.3
231.58,-0.3
231.6,-0.3
231.61,-0.3
231.63,-0.3
231.65,-0.3
231.66,-0.3
231.68,-0.3
231.7,-0.3
231.71,-0.3
231.73,-0.3
231.75,-0.3
231.76,-0.3
231.78,-0.3
231.8,-0.3
231.81,-0.3
231.83,-0.3
231.85,-0.3
231.86,-0.3
231.88,-0.3
231.9,-0.3
231.91,-0.3
231.93,-0.3
231.95,-0.3
231.96,-0.3
231.98,-0.3
232.0,-0.301
232.01,-0.301
232.03,-0.301
232.05,-0.301
232.06,-0.301
232.08,-0.301
232.1,-0.301
232.11,-0.301
232.13,-0.301
232.15,-0.301
232.16,-0.301
232.18,-0.301
232.2,-0.301
232.21,-0.301
232.23,-0.301
232.25,-0.301
232.26,-0.301
232.28,-0.301
232.3,-0.301
232.31,-0.301
232.33,-0.301
232.35,-0.301
232.36,-0.301
232.38,-0.301
232.4,-0.301
232.41,-0.301
232.43,-0.301
232.45,-0.301
232.46,-0.301
232.48,-0.301
232.5,-0.301
232.51,-0.301
232.53,-0.301
232.55,-0.301
232.56,-0.301
232.58,-0.301
232.6,-0.301
232.61,-0.301
232.63,-0.301
232.65,-0.301
232.66,-0.301
232.68,-0.301
232.7,-0.301
232.71,-0.301
232.73,-0.301
232.75,-0.301
232.76,-0.301
232.78,-0.301
232.8,-0.301
232.81,-0.301
232.83,-0.301
232.85,-0.301
232.86,-0.301
232.88,-0.301
232.9,-0.301
232.91,-0.301
232.93,-0.301
232.95,-0.301
232.96,-0.301
232.98,-0.301
233.0,-0.301
233.01,-0.301
233.03,-0.301
233.05,-0.301
233.06,-0.301
233.08,-0.301
233.1,-0.301
233.11,-0.301
233.13,-0.301
233.15,-0.301
233.16,-0.301
233.18,-0.301
233.2,-0.301
233.21,-0.301
233.23,-0.301
233.25,-0.301
233.26,-0.301
233.28,-0.301
233.3,-0.301
233.31,-0.301
233.33,-0.301
233.35,-0.301
233.36,-0.301
233.38,-0.301
233.4,-0.301
233.41,-0.301
233.43,-0.301
233.45,-0.301
233.46,-0.301
233.48,-0.301
233.5,-0.301
233.51,-0.301
233.53,-0.301
233.55,-0.301
233.56,-0.301
233.58,-0.301
233.6,-0.301
233.61,-0.301
233.63,-0.301
233.65,-0.301
233.66,-0.301
233.68,-0.301
233.7,-0.301
233.71,-0.301
233.73,-0.301
233.75,-0.301
233.76,-0.301
233.78,-0.301
233.8,-0.301
233.81,-0.301
233.83,-0.301
233.85,-0.301
233.86,-0.301
233.88,-0.301
233.9,-0.301
233.91,-0.301
233.93,-0.302
233.95,-0.302
233.96,-0.302
233.98,-0.302
234.0,-0.302
234.01,-0.302
234.03,-0.302
234.05,-0.302
234.06,-0.302
234.08,-0.302
234.1,-0.302
234.11,-0.302
234.13,-0.302
234.15,-0.302
234.16,-0.302
234.18,-0.302
234.2,-0.302
234.21,-0.302
234.23,-0.302
234.25,-0.302
234.26,-0.302
234.28,-0.302
234.3,-0.302
234.31,-0.302
234.33,-0.302
234.35,-0.302
234.36,-0.302
234.38,-0.302
234.4,-0.302
234.41,-0.302
234.43,-0.302
234.45,-0.302
234.47,-0.302
234.48,-0.302
234.5,-0.302
234.52,-0.302
234.53,-0.302
234.55,-0.302
234.56,-0.302
234.58,-0.302
234.6,-0.302
234.61,-0.302
234.63,-0.302
234.65,-0.302
234.66,-0.302
234.68,-0.302
234.7,-0.302
234.71,-0.302
234.73,-0.302
234.75,-0.302
234.77,-0.302
234.78,-0.302
234.8,-0.302
234.81,-0.302
234.83,-0.302
234.85,-0.302
234.86,-0.302
234.88,-0.302
234.9,-0.302
234.91,-0.302
234.93,-0.302
234.95,-0.302
234.97,-0.302
234.98,-0.302
235.0,-0.302
235.02,-0.302
235.03,-0.302
235.05,-0.302
235.07,-0.302
235.08,-0.302
235.1,-0.302
235.11,-0.302
235.13,-0.302
235.15,-0.302
235.16,-0.302
235.18,-0.302
235.2,-0.302
235.21,-0.302
235.23,-0.302
235.25,-0.302
235.26,-0.302
235.28,-0.302
235.3,-0.302
235.31,-0.302
235.33,-0.302
235.35,-0.302
235.37,-0.302
235.38,-0.302
235.4,-0.302
235.42,-0.302
235.43,-0.302
235.45,-0.302
235.46,-0.302
235.48,-0.302
235.5,-0.302
235.51,-0.302
235.53,-0.302
235.55,-0.302
235.57,-0.302
235.58,-0.302
235.6,-0.302
235.62,-0.302
235.63,-0.302
235.65,-0.303
235.67,-0.303
235.68,-0.303
235.7,-0.303
235.72,-0.303
235.73,-0.303
235.75,-0.303
235.77,-0.303
235.78,-0.303
235.8,-0.303
235.82,-0.303
235.83,-0.303
235.85,-0.303
235.86,-0.303
235.88,-0.303
235.9,-0.303
235.91,-0.303
235.93,-0.303
235.95,-0.303
235.97,-0.303
235.98,-0.303
236.0,-0.303
236.02,-0.303
236.03,-0.303
236.05,-0.303
236.07,-0.303
236.08,-0.303
236.1,-0.303
236.12,-0.303
236.13,-0.303
236.15,-0.303
236.16,-0.303
236.18,-0.303
236.2,-0.303
236.22,-0.303
236.23,-0.303
236.25,-0.303
236.27,-0.303
236.28,-0.303
236.3,-0.303
236.31,-0.303
236.33,-0.303
236.35,-0.303
236.36,-0.303
236.38,-0.303
236.4,-0.303
236.42,-0.303
236.43,-0.303
236.45,-0.303
236.46,-0.303
236.48,-0.303
236.5,-0.303
236.52,-0.303
236.53,-0.303
236.55,-0.303
236.57,-0.303
236.58,-0.303
236.6,-0.303
236.61,-0.303
236.63,-0.303
236.65,-0.303
236.66,-0.303
236.68,-0.303
236.7,-0.303
236.71,-0.303
236.73,-0.303
236.75,-0.303
236.76,-0.303
236.78,-0.303
236.8,-0.303
236.81,-0.303
236.83,-0.303
236.85,-0.303
236.87,-0.303
236.88,-0.303
236.9,-0.303
236.91,-0.303
236.93,-0.303
236.95,-0.303
236.96,-0.303
236.98,-0.303
237.0,-0.303
237.02,-0.303
237.03,-0.303
237.05,-0.303
237.06,-0.303
237.08,-0.303
237.1,-0.303
237.12,-0.303
237.13,-0.303
237.15,-0.303
237.16,-0.303
237.18,-0.303
237.2,-0.303
237.22,-0.303
237.23,-0.303
237.25,-0.303
237.27,-0.303
237.28,-0.303
237.3,-0.303
237.32,-0.303
237.33,-0.303
237.35,-0.303
237.37,-0.303
237.38,-0.303
237.4,-0.303
237.42,-0.303
237.43,-0.303
237.45,-0.303
237.47,-0.303
237.48,-0.303
237.5,-0.303
237.52,-0.303
237.53,-0.303
237.55,-0.303
237.57,-0.303
237.58,-0.303
237.6,-0.303
237.62,-0.304
237.63,-0.304
237.65,-0.304
237.67,-0.304
237.68,-0.304
237.7,-0.304
237.72,-0.304
237.73,-0.304
237.75,-0.304
237.77,-0.304
237.78,-0.304
237.8,-0.304
237.82,-0.304
237.83,-0.304
237.85,-0.304
237.87,-0.304
237.88,-0.304
237.9,-0.304
237.92,-0.304
237.93,-0.304
237.95,-0.304
237.97,-0.304
237.98,-0.304
238.0,-0.304
238.02,-0.304
238.03,-0.304
238.05,-0.304
238.07,-0.304
238.08,-0.304
238.1,-0.304
238.12,-0.304
238.13,-0.304
238.15,-0.304
238.17,-0.304
238.18,-0.304
238.2,-0.304
238.22,-0.304
238.23,-0.304
238.25,-0.304
238.27,-0.304
238.28,-0.304
238.3,-0.304
238.32,-0.304
238.33,-0.304
238.35,-0.304
238.37,-0.304
238.38,-0.304
238.4,-0.304
238.42,-0.304
238.43,-0.304
238.45,-0.304
238.47,-0.304
238.48,-0.304
238.5,-0.304
238.52,-0.304
238.53,-0.304
238.55,-0.304
238.57,-0.304
238.58,-0.304
238.6,-0.304
238.62,-0.304
238.63,-0.304
238.65,-0.304
238.67,-0.304
238.68,-0.304
238.7,-0.304
238.72,-0.304
238.73,-0.304
238.75,-0.304
238.77,-0.304
238.78,-0.304
238.8,-0.304
238.82,-0.304
238.83,-0.304
238.85,-0.304
238.87,-0.304
238.88,-0.304
238.9,-0.304
238.92,-0.304
238.93,-0.304
238.95,-0.304
238.97,-0.304
238.98,-0.304
239.0,-0.304
239.02,-0.304
239.03,-0.304
239.05,-0.304
239.07,-0.304
239.08,-0.304
239.1,-0.304
239.12,-0.304
239.13,-0.304
239.15,-0.304
239.17,-0.304
239.18,-0.304
239.2,-0.304
239.22,-0.304
239.23,-0.304
239.25,-0.304
239.27,-0.304
239.28,-0.304
239.3,-0.304
239.32,-0.304
239.33,-0.304
239.35,-0.304
239.37,-0.304
239.38,-0.304
239.4,-0.304
239.42,-0.304
239.43,-0.304
239.45,-0.304
239.47,-0.304
239.48,-0.304
239.5,-0.304
239.52,-0.304
239.53,-0.305
239.55,-0.305
239.57,-0.305
239.58,-0.305
239.6,-0.305
239.62,-0.305
239.63,-0.305
239.65,-0.305
239.67,-0.305
239.68,-0.305
239.7,-0.305
239.72,-0.305
239.73,-0.305
239.75,-0.305
239.77,-0.305
239.78,-0.305
239.8,-0.305
239.82,-0.305
239.83,-0.305
239.85,-0.305
239.87,-0.305
239.88,-0.305
239.9,-0.305
239.92,-0.305
239.93,-0.305
239.95,-0.305
239.97,-0.305
239.98,-0.305
240.0,-0.305
240.02,-0.305
240.03,-0.305
240.05,-0.305
240.07,-0.305
240.08,-0.305
240.1,-0.305
240.12,-0.305
240.13,-0.305
240.15,-0.305
240.17,-0.305
240.18,-0.305
240.2,-0.305
240.22,-0.305
240.23,-0.305
240.25,-0.305
240.27,-0.305
240.28,-0.305
240.3,-0.305
240.32,-0.305
240.33,-0.305
240.35,-0.305
240.37,-0.305
240.38,-0.305
240.4,-0.305
240.42,-0.305
240.43,-0.305
240.45,-0.305
240.47,-0.305
240.48,-0.305
240.5,-0.305
240.52,-0.305
240.53,-0.305
240.55,-0.305
240.57,-0.305
240.58,-0.305
240.6,-0.305
240.62,-0.305
240.63,-0.305
240.65,-0.305
240.67,-0.305
240.68,-0.305
240.7,-0.305
240.72,-0.305
240.73,-0.305
240.75,-0.305
240.77,-0.305
240.78,-0.305
240.8,-0.305
240.82,-0.305
240.83,-0.305
240.85,-0.305
240.87,-0.305
240.88,-0.305
240.9,-0.305
240.92,-0.305
240.93,-0.305
240.95,-0.305
240.97,-0.305
240.98,-0.305
241.0,-0.305
241.02,-0.305
241.03,-0.305
241.05,-0.305
241.07,-0.305
241.08,-0.305
241.1,-0.305
241.12,-0.305
241.13,-0.305
241.15,-0.305
241.17,-0.305
241.18,-0.305
241.2,-0.305
241.22,-0.305
241.23,-0.305
241.25,-0.305
241.27,-0.305
241.28,-0.305
241.3,-0.305
241.32,-0.305
241.33,-0.305
241.35,-0.305
241.37,-0.305
241.38,-0.305
241.4,-0.305
241.42,-0.305
241.43,-0.305
241.45,-0.305
241.47,-0.305
241.48,-0.305
241.5,-0.305
241.52,-0.305
241.53,-0.305
241.55,-0.305
241.57,-0.305
241.58,-0.305
241.6,-0.305
241.62,-0.305
241.63,-0.305
241.65,-0.305
241.67,-0.306
241.68,-0.306
241.7,-0.306
241.72,-0.306
241.73,-0.306
241.75,-0.306
241.77,-0.306
241.79,-0.306
241.8,-0.306
241.82,-0.306
241.84,-0.306
241.85,-0.306
241.87,-0.306
241.88,-0.306
241.9,-0.306
241.92,-0.306
241.93,-0.306
241.95,-0.306
241.97,-0.306
241.99,-0.306
242.0,-0.306
242.02,-0.306
242.04,-0.306
242.05,-0.306
242.07,-0.306
242.08,-0.306
242.1,-0.306
242.12,-0.306
242.14,-0.306
242.15,-0.306
242.17,-0.306
242.19,-0.306
242.2,-0.306
242.22,-0.306
242.23,-0.306
242.25,-0.306
242.27,-0.306
242.29,-0.306
242.3,-0.306
242.32,-0.306
242.33,-0.306
242.35,-0.306
242.37,-0.306
242.39,-0.306
242.4,-0.306
242.42,-0.306
242.43,-0.306
242.45,-0.306
242.47,-0.306
242.48,-0.306
242.5,-0.306
242.52,-0.306
242.53,-0.306
242.55,-0.306
242.57,-0.306
242.58,-0.306
242.6,-0.306
242.62,-0.306
242.63,-0.306
242.65,-0.306
242.67,-0.306
242.68,-0.306
242.7,-0.306
242.72,-0.306
242.74,-0.306
242.75,-0.306
242.77,-0.306
242.78,-0.306
242.8,-0.306
242.82,-0.306
242.83,-0.306
242.85,-0.306
242.87,-0.306
242.88,-0.306
242.9,-0.306
242.92,-0.306
242.93,-0.306
242.95,-0.306
242.97,-0.306
242.98,-0.306
243.0,-0.306
243.02,-0.306
243.03,-0.306
243.05,-0.306
243.07,-0.306
243.08,-0.306
243.1,-0.306
243.12,-0.306
243.14,-0.306
243.15,-0.306
243.17,-0.306
243.18,-0.306
243.2,-0.306
243.22,-0.306
243.23,-0.306
243.25,-0.306
243.27,-0.306
243.28,-0.306
243.3,-0.306
243.32,-0.306
243.33,-0.306
243.35,-0.306
243.37,-0.306
243.38,-0.306
243.4,-0.306
243.42,-0.306
243.43,-0.306
243.45,-0.306
243.47,-0.306
243.48,-0.306
243.5,-0.306
243.52,-0.306
243.53,-0.306
243.55,-0.306
243.57,-0.306
243.58,-0.306
243.6,-0.306
243.62,-0.306
243.63,-0.306
243.65,-0.306
243.67,-0.306
243.68,-0.306
243.7,-0.306
243.72,-0.306
243.73,-0.306
243.75,-0.306
243.77,-0.306
243.78,-0.306
243.8,-0.306
243.82,-0.306
243.83,-0.306
243.85,-0.306
243.87,-0.307
243.88,-0.307
243.9,-0.307
243.92,-0.307
243.93,-0.307
243.95,-0.307
243.97,-0.307
243.98,-0.307
244.0,-0.307
244.02,-0.307
244.03,-0.307
244.05,-0.307
244.07,-0.307
244.08,-0.307
244.1,-0.307
244.12,-0.307
244.13,-0.307
244.15,-0.307
244.17,-0.307
244.19,-0.307
244.2,-0.307
244.22,-0.307
244.24,-0.307
244.25,-0.307
244.27,-0.307
244.29,-0.307
244.3,-0.307
244.32,-0.307
244.33,-0.307
244.35,-0.307
244.37,-0.307
244.38,-0.307
244.4,-0.307
244.42,-0.307
244.43,-0.307
244.45,-0.307
244.47,-0.307
244.49,-0.307
244.5,-0.307
244.52,-0.307
244.53,-0.307
244.55,-0.307
244.57,-0.307
244.58,-0.307
244.6,-0.307
244.62,-0.307
244.63,-0.307
244.65,-0.307
244.67,-0.307
244.68,-0.307
244.7,-0.307
244.72,-0.307
244.74,-0.307
244.75,-0.307
244.77,-0.307
244.78,-0.307
244.8,-0.307
244.82,-0.307
244.84,-0.307
244.85,-0.307
244.87,-0.307
244.88,-0.307
244.9,-0.307
244.92,-0.307
244.93,-0.307
244.95,-0.307
244.97,-0.307
244.98,-0.307
245.0,-0.307
245.02,-0.307
245.03,-0.307
245.05,-0.307
245.07,-0.307
245.08,-0.307
245.1,-0.307
245.12,-0.307
245.13,-0.307
245.15,-0.307
245.17,-0.307
245.19,-0.307
245.2,-0.307
245.22,-0.307
245.23,-0.307
245.25,-0.307
245.27,-0.307
245.28,-0.307
245.3,-0.307
245.32,-0.307
245.34,-0.307
245.35,-0.307
245.37,-0.307
245.38,-0.307
245.4,-0.307
245.42,-0.307
245.44,-0.307
245.45,-0.307
245.47,-0.307
245.48,-0.307
245.5,-0.307
245.52,-0.307
245.53,-0.307
245.55,-0.307
245.57,-0.307
245.59,-0.307
245.6,-0.307
245.62,-0.307
245.64,-0.307
245.65,-0.307
245.67,-0.307
245.68,-0.307
245.7,-0.307
245.72,-0.307
245.74,-0.307
245.75,-0.307
245.77,-0.307
245.79,-0.307
245.8,-0.307
245.82,-0.308
245.83,-0.308
245.85,-0.308
245.87,-0.308
245.89,-0.308
245.9,-0.308
245.92,-0.308
245.93,-0.308
245.95,-0.308
245.97,-0.308
245.99,-0.308
246.0,-0.308
246.02,-0.308
246.04,-0.308
246.05,-0.308
246.07,-0.308
246.09,-0.308
246.1,-0.308
246.12,-0.308
246.14,-0.308
246.15,-0.308
246.17,-0.308
246.19,-0.308
246.2,-0.308
246.22,-0.308
246.24,-0.308
246.25,-0.308
246.27,-0.308
246.29,-0.308
246.3,-0.308
246.32,-0.308
246.34,-0.308
246.35,-0.308
246.37,-0.308
246.39,-0.308
246.4,-0.308
246.42,-0.308
246.44,-0.308
246.45,-0.308
246.47,-0.308
246.49,-0.308
246.5,-0.308
246.52,-0.308
246.54,-0.308
246.55,-0.308
246.57,-0.308
246.59,-0.308
246.6,-0.308
246.62,-0.308
246.64,-0.308
246.65,-0.308
246.67,-0.308
246.69,-0.308
246.7,-0.308
246.72,-0.308
246.74,-0.308
246.75,-0.308
246.77,-0.308
246.79,-0.308
246.8,-0.308
246.82,-0.308
246.84,-0.308
246.85,-0.308
246.87,-0.308
246.89,-0.308
246.9,-0.308
246.92,-0.308
246.94,-0.308
246.95,-0.308
246.97,-0.308
246.99,-0.308
247.0,-0.308
247.02,-0.308
247.04,-0.308
247.05,-0.308
247.07,-0.308
247.09,-0.308
247.1,-0.308
247.12,-0.308
247.14,-0.308
247.15,-0.308
247.17,-0.308
247.19,-0.308
247.2,-0.308
247.22,-0.308
247.24,-0.308
247.25,-0.308
247.27,-0.308
247.29,-0.308
247.3,-0.308
247.32,-0.308
247.34,-0.308
247.35,-0.308
247.37,-0.308
247.39,-0.308
247.4,-0.308
247.42,-0.308
247.44,-0.308
247.45,-0.308
247.47,-0.308
247.49,-0.308
247.5,-0.308
247.52,-0.308
247.54,-0.308
247.55,-0.308
247.57,-0.308
247.59,-0.308
247.6,-0.308
247.62,-0.308
247.64,-0.308
247.65,-0.308
247.67,-0.308
247.69,-0.308
247.7,-0.308
247.72,-0.308
247.74,-0.309
247.75,-0.309
247.77,-0.309
247.79,-0.309
247.8,-0.309
247.82,-0.309
247.84,-0.309
247.85,-0.309
247.87,-0.309
247.89,-0.309
247.9,-0.309
247.92,-0.309
247.94,-0.309
247.95,-0.309
247.97,-0.309
247.99,-0.309
248.0,-0.309
248.02,-0.309
248.04,-0.309
248.05,-0.309
248.07,-0.309
248.09,-0.309
248.1,-0.309
248.12,-0.309
248.14,-0.309
248.15,-0.309
248.17,-0.309
248.19,-0.309
248.2,-0.309
248.22,-0.309
248.24,-0.309
248.25,-0.309
248.27,-0.309
248.29,-0.309
248.3,-0.309
248.32,-0.309
248.34,-0.309
248.35,-0.309
248.37,-0.309
248.39,-0.309
248.4,-0.309
248.42,-0.309
248.44,-0.309
248.45,-0.309
248.47,-0.309
248.49,-0.309
248.5,-0.309
248.52,-0.309
248.54,-0.309
248.55,-0.309
248.57,-0.309
248.59,-0.309
248.6,-0.309
248.62,-0.309
248.64,-0.309
248.65,-0.309
248.67,-0.309
248.69,-0.309
248.7,-0.309
248.72,-0.309
248.74,-0.309
248.75,-0.309
248.77,-0.309
248.79,-0.309
248.8,-0.309
248.82,-0.309
248.84,-0.309
248.85,-0.309
248.87,-0.309
248.89,-0.309
248.9,-0.309
248.92,-0.309
248.94,-0.309
248.95,-0.309
248.97,-0.309
248.99,-0.309
249.0,-0.309
249.02,-0.309
249.04,-0.309
249.05,-0.309
249.07,-0.309
249.09,-0.309
249.1,-0.309
249.12,-0.309
249.14,-0.309
249.15,-0.309
249.17,-0.309
249.19,-0.309
249.2,-0.309
249.22,-0.309
249.24,-0.309
249.25,-0.309
249.27,-0.309
249.29,-0.309
249.3,-0.309
249.32,-0.309
249.34,-0.309
249.35,-0.309
249.37,-0.309
249.39,-0.309
249.4,-0.309
249.42,-0.309
249.44,-0.309
249.45,-0.309
249.47,-0.309
249.49,-0.309
249.5,-0.309
249.52,-0.309
249.54,-0.309
249.55,-0.309
249.57,-0.309
249.59,-0.309
249.6,-0.309
249.62,-0.309
249.64,-0.309
249.65,-0.309
249.67,-0.309
249.69,-0.309
249.7,-0.309
249.72,-0.309
249.74,-0.309
249.75,-0.309
249.77,-0.309
249.79,-0.309
249.8,-0.309
249.82,-0.309
249.84,-0.309
249.85,-0.309
249.87,-0.309
249.89,-0.309
249.9,-0.309
249.92,-0.309
249.94,-0.309
249.95,-0.309
249.97,-0.309
249.99,-0.309
250.0,-0.31
250.02,-0.31
250.04,-0.31
250.05,-0.31
250.07,-0.31
250.09,-0.31
250.1,-0.31
250.12,-0.31
250.14,-0.31
250.15,-0.31
250.17,-0.31
250.19,-0.31
250.2,-0.31
250.22,-0.31
250.24,-0.31
250.25,-0.31
250.27,-0.31
250.29,-0.31
250.31,-0.31
250.32,-0.31
250.34,-0.31
250.36,-0.31
250.37,-0.31
250.39,-0.31
250.4,-0.31
250.42,-0.31
250.44,-0.31
250.45,-0.31
250.47,-0.31
250.49,-0.31
250.5,-0.31
250.52,-0.31
250.54,-0.31
250.56,-0.31
250.57,-0.31
250.59,-0.31
250.6,-0.31
250.62,-0.31
250.64,-0.31
250.66,-0.31
250.67,-0.31
250.69,-0.31
250.71,-0.31
250.72,-0.31
250.74,-0.31
250.75,-0.31
250.77,-0.31
250.79,-0.31
250.8,-0.31
250.82,-0.31
250.84,-0.31
250.86,-0.31
250.87,-0.31
250.89,-0.31
250.91,-0.31
250.92,-0.31
250.94,-0.31
250.95,-0.31
250.97,-0.31
250.99,-0.31
251.0,-0.31
251.02,-0.31
251.04,-0.31
251.05,-0.31
251.07,-0.31
251.09,-0.31
251.1,-0.31
251.12,-0.31
251.14,-0.31
251.16,-0.31
251.17,-0.31
251.19,-0.31
251.2,-0.31
251.22,-0.31
251.24,-0.31
251.26,-0.31
251.27,-0.31
251.29,-0.31
251.3,-0.31
251.32,-0.31
251.34,-0.31
251.35,-0.31
251.37,-0.31
251.39,-0.31
251.4,-0.31
251.42,-0.31
251.44,-0.31
251.45,-0.31
251.47,-0.31
251.49,-0.31
251.5,-0.31
251.52,-0.31
251.54,-0.31
251.55,-0.31
251.57,-0.31
251.59,-0.31
251.6,-0.31
251.62,-0.31
251.64,-0.31
251.65,-0.31
251.67,-0.31
251.69,-0.31
251.7,-0.31
251.72,-0.31
251.74,-0.31
251.75,-0.31
251.77,-0.31
251.79,-0.31
251.8,-0.31
251.82,-0.31
251.84,-0.31
251.85,-0.31
251.87,-0.31
251.89,-0.31
251.9,-0.31
251.92,-0.31
251.94,-0.31
251.95,-0.31
251.97,-0.311
251.99,-0.311
252.0,-0.311
252.02,-0.311
252.04,-0.311
252.05,-0.311
252.07,-0.311
252.09,-0.311
252.1,-0.311
252.12,-0.311
252.14,-0.311
252.15,-0.311
252.17,-0.311
252.19,-0.311
252.2,-0.311
252.22,-0.311
252.24,-0.311
252.25,-0.311
252.27,-0.311
252.29,-0.311
252.3,-0.311
252.32,-0.311
252.34,-0.311
252.35,-0.311
252.37,-0.311
252.39,-0.311
252.4,-0.311
252.42,-0.311
252.44,-0.311
252.45,-0.311
252.47,-0.311
252.49,-0.311
252.51,-0.311
252.52,-0.311
252.54,-0.311
252.56,-0.311
252.57,-0.311
252.59,-0.311
252.61,-0.311
252.62,-0.311
252.64,-0.311
252.65,-0.311
252.67,-0.311
252.69,-0.311
252.7,-0.311
252.72,-0.311
252.74,-0.311
252.76,-0.311
252.77,-0.311
252.79,-0.311
252.81,-0.311
252.82,-0.311
252.84,-0.311
252.85,-0.311
252.87,-0.311
252.89,-0.311
252.9,-0.311
252.92,-0.311
252.94,-0.311
252.96,-0.311
252.97,-0.311
252.99,-0.311
253.0,-0.311
253.02,-0.311
253.04,-0.311
253.06,-0.311
253.07,-0.311
253.09,-0.311
253.1,-0.311
253.12,-0.311
253.14,-0.311
253.16,-0.311
253.17,-0.311
253.19,-0.311
253.2,-0.311
253.22,-0.311
253.24,-0.311
253.26,-0.311
253.27,-0.311
253.29,-0.311
253.31,-0.311
253.32,-0.311
253.34,-0.311
253.35,-0.311
253.37,-0.311
253.39,-0.311
253.4,-0.311
253.42,-0.311
253.44,-0.311
253.46,-0.311
253.47,-0.311
253.49,-0.311
253.5,-0.311
253.52,-0.311
253.54,-0.311
253.56,-0.311
253.57,-0.311
253.59,-0.311
253.61,-0.311
253.62,-0.311
253.64,-0.311
253.66,-0.311
253.67,-0.311
253.69,-0.311
253.71,-0.311
253.72,-0.311
253.74,-0.311
253.75,-0.311
253.77,-0.311
253.79,-0.311
253.8,-0.311
253.82,-0.311
253.84,-0.311
253.85,-0.311
253.87,-0.311
253.89,-0.311
253.91,-0.311
253.92,-0.311
253.94,-0.311
253.96,-0.311
253.97,-0.311
253.99,-0.312
254.0,-0.312
254.02,-0.312
254.04,-0.312
254.06,-0.312
254.07,-0.312
254.09,-0.312
254.1,-0.312
254.12,-0.312
254.14,-0.312
254.15,-0.312
254.17,-0.312
254.19,-0.312
254.21,-0.312
254.22,-0.312
254.24,-0.312
254.25,-0.312
254.27,-0.312
254.29,-0.312
254.3,-0.312
254.32,-0.312
254.34,-0.312
254.35,-0.312
254.37,-0.312
254.39,-0.312
254.41,-0.312
254.42,-0.312
254.44,-0.312
254.45,-0.312
254.47,-0.312
254.49,-0.312
254.51,-0.312
254.52,-0.312
254.54,-0.312
254.56,-0.312
254.57,-0.312
254.59,-0.312
254.61,-0.312
254.62,-0.312
254.64,-0.312
254.66,-0.312
254.67,-0.312
254.69,-0.312
254.71,-0.312
254.72,-0.312
254.74,-0.312
254.76,-0.312
254.77,-0.312
254.79,-0.312
254.81,-0.312
254.82,-0.312
254.84,-0.312
254.86,-0.312
254.87,-0.312
254.89,-0.312
254.91,-0.312
254.92,-0.312
254.94,-0.312
254.96,-0.312
254.97,-0.312
254.99,-0.312
255.01,-0.312
255.02,-0.312
255.04,-0.312
255.06,-0.312
255.07,-0.312
255.09,-0.312
255.11,-0.312
255.12,-0.312
255.14,-0.312
255.16,-0.312
255.17,-0.312
255.19,-0.312
255.21,-0.312
255.22,-0.312
255.24,-0.312
255.26,-0.312
255.27,-0.312
255.29,-0.312
255.31,-0.312
255.32,-0.312
255.34,-0.312
255.36,-0.312
255.37,-0.312
255.39,-0.312
255.41,-0.312
255.42,-0.312
255.44,-0.312
255.46,-0.312
255.47,-0.312
255.49,-0.312
255.51,-0.312
255.52,-0.312
255.54,-0.312
255.56,-0.312
255.57,-0.312
255.59,-0.312
255.61,-0.312
255.62,-0.312
255.64,-0.312
255.66,-0.312
255.67,-0.312
255.69,-0.312
255.71,-0.312
255.72,-0.312
255.74,-0.312
255.76,-0.312
255.77,-0.312
255.79,-0.312
255.81,-0.312
255.82,-0.312
255.84,-0.312
255.86,-0.312
255.87,-0.312
255.89,-0.312
255.91,-0.312
255.92,-0.312
255.94,-0.312
255.96,-0.312
255.97,-0.313
255.99,-0.313
256.01,-0.313
256.02,-0.313
256.04,-0.313
256.06,-0.313
256.07,-0.313
256.09,-0.313
256.11,-0.313
256.12,-0.313
256.14,-0.313
256.16,-0.313
256.17,-0.313
256.19,-0.313
256.21,-0.313
256.22,-0.313
256.24,-0.313
256.26,-0.313
256.27,-0.313
256.29,-0.313
256.31,-0.313
256.32,-0.313
256.34,-0.313
256.36,-0.313
256.37,-0.313
256.39,-0.313
256.41,-0.313
256.42,-0.313
256.44,-0.313
256.46,-0.313
256.47,-0.313
256.49,-0.313
256.51,-0.313
256.52,-0.313
256.54,-0.313
256.56,-0.313
256.57,-0.313
256.59,-0.313
256.61,-0.313
256.62,-0.313
256.64,-0.313
256.66,-0.313
256.67,-0.313
256.69,-0.313
256.71,-0.313
256.72,-0.313
256.74,-0.313
256.76,-0.313
256.77,-0.313
256.79,-0.313
256.81,-0.313
256.82,-0.313
256.84,-0.313
256.86,-0.313
256.87,-0.313
256.89,-0.313
256.91,-0.313
256.92,-0.313
256.94,-0.313
256.96,-0.313
256.97,-0.313
256.99,-0.313
257.01,-0.313
257.02,-0.313
257.04,-0.313
257.06,-0.313
257.07,-0.313
257.09,-0.313
257.11,-0.313
257.12,-0.313
257.14,-0.313
257.16,-0.313
257.17,-0.313
257.19,-0.313
257.21,-0.313
257.22,-0.313
257.24,-0.313
257.26,-0.313
257.27,-0.313
257.29,-0.313
257.31,-0.313
257.32,-0.313
257.34,-0.313
257.36,-0.313
257.37,-0.313
257.39,-0.313
257.41,-0.313
257.42,-0.313
257.44,-0.313
257.46,-0.313
257.47,-0.313
257.49,-0.313
257.51,-0.313
257.52,-0.313
257.54,-0.313
257.56,-0.313
257.57,-0.313
257.59,-0.313
257.61,-0.313
257.62,-0.313
257.64,-0.313
257.66,-0.313
257.67,-0.313
257.69,-0.313
257.71,-0.313
257.72,-0.313
257.74,-0.313
257.76,-0.313
257.77,-0.313
257.79,-0.313
257.81,-0.313
257.82,-0.313
257.84,-0.313
257.86,-0.313
257.87,-0.313
257.89,-0.313
257.91,-0.313
257.92,-0.313
257.94,-0.313
257.96,-0.313
257.97,-0.313
257.99,-0.313
258.01,-0.313
258.02,-0.313
258.04,-0.313
258.06,-0.313
258.07,-0.313
258.09,-0.313
258.11,-0.313
258.12,-0.314
258.14,-0.314
258.16,-0.314
258.17,-0.314
258.19,-0.314
258.21,-0.314
258.22,-0.314
258.24,-0.314
258.26,-0.314
258.27,-0.314
258.29,-0.314
258.31,-0.314
258.32,-0.314
258.34,-0.314
258.36,-0.314
258.37,-0.314
258.39,-0.314
258.41,-0.314
258.42,-0.314
258.44,-0.314
258.46,-0.314
258.47,-0.314
258.49,-0.314
258.51,-0.314
258.52,-0.314
258.54,-0.314
258.56,-0.314
258.57,-0.314
258.59,-0.314
258.61,-0.314
258.62,-0.314
258.64,-0.314
258.66,-0.314
258.67,-0.314
258.69,-0.314
258.71,-0.314
258.72,-0.314
258.74,-0.314
258.76,-0.314
258.77,-0.314
258.79,-0.314
258.81,-0.314
258.82,-0.314
258.84,-0.314
258.86,-0.314
258.87,-0.314
258.89,-0.314
258.91,-0.314
258.92,-0.314
258.94,-0.314
258.96,-0.314
258.97,-0.314
258.99,-0.314
259.01,-0.314
259.02,-0.314
259.04,-0.314
259.06,-0.314
259.07,-0.314
259.09,-0.314
259.11,-0.314
259.12,-0.314
259.14,-0.314
259.16,-0.314
259.17,-0.314
259.19,-0.314
259.21,-0.314
259.22,-0.314
259.24,-0.314
259.26,-0.314
259.27,-0.314
259.29,-0.314
259.31,-0.314
259.32,-0.314
259.34,-0.314
259.36,-0.314
259.37,-0.314
259.39,-0.314
259.41,-0.314
259.42,-0.314
259.44,-0.314
259.46,-0.314
259.48,-0.314
259.49,-0.314
259.51,-0.314
259.53,-0.314
259.54,-0.314
259.56,-0.314
259.58,-0.314
259.59,-0.314
259.61,-0.314
259.63,-0.314
259.64,-0.314
259.66,-0.314
259.68,-0.314
259.69,-0.314
259.71,-0.314
259.72,-0.314
259.74,-0.314
259.76,-0.314
259.77,-0.314
259.79,-0.314
259.81,-0.314
259.82,-0.314
259.84,-0.314
259.86,-0.314
259.87,-0.314
259.89,-0.314
259.91,-0.314
259.93,-0.314
259.94,-0.314
259.96,-0.314
259.98,-0.314
259.99,-0.314
260.01,-0.314
260.03,-0.314
260.04,-0.314
260.06,-0.314
260.08,-0.314
260.09,-0.314
260.11,-0.314
260.12,-0.314
260.14,-0.314
260.16,-0.314
260.18,-0.314
260.19,-0.314
260.21,-0.314
260.23,-0.314
260.24,-0.314
260.26,-0.314
260.28,-0.314
260.29,-0.314
260.31,-0.314
260.32,-0.314
260.34,-0.314
260.36,-0.314
260.38,-0.314
260.39,-0.314
260.41,-0.314
260.43,-0.315
260.44,-0.315
260.46,-0.315
260.48,-0.315
260.49,-0.315
260.51,-0.315
260.53,-0.315
260.54,-0.315
260.56,-0.315
260.58,-0.315
260.59,-0.315
260.61,-0.315
260.63,-0.315
260.64,-0.315
260.66,-0.315
260.68,-0.315
260.69,-0.315
260.71,-0.315
260.73,-0.315
260.74,-0.315
260.76,-0.315
260.78,-0.315
260.79,-0.315
260.81,-0.315
260.83,-0.315
260.84,-0.315
260.86,-0.315
260.88,-0.315
260.89,-0.315
260.91,-0.315
260.93,-0.315
260.94,-0.315
260.96,-0.315
260.98,-0.315
260.99,-0.315
261.01,-0.315
261.03,-0.315
261.04,-0.315
261.06,-0.315
261.08,-0.315
261.09,-0.315
261.11,-0.315
261.13,-0.315
261.14,-0.315
261.16,-0.315
261.18,-0.315
261.19,-0.315
261.21,-0.315
261.23,-0.315
261.24,-0.315
261.26,-0.315
261.28,-0.315
261.29,-0.315
261.31,-0.315
261.33,-0.315
261.34,-0.315
261.36,-0.315
261.38,-0.315
261.39,-0.315
261.41,-0.315
261.43,-0.315
261.44,-0.315
261.46,-0.315
261.48,-0.315
261.49,-0.315
261.51,-0.315
261.53,-0.315
261.54,-0.315
261.56,-0.315
261.58,-0.315
261.59,-0.315
261.61,-0.315
261.63,-0.315
261.64,-0.315
261.66,-0.315
261.68,-0.315
261.69,-0.315
261.71,-0.315
261.73,-0.315
261.74,-0.315
261.76,-0.315
261.78,-0.315
261.79,-0.315
261.81,-0.315
261.83,-0.315
261.84,-0.315
261.86,-0.315
261.88,-0.315
261.89,-0.315
261.91,-0.315
261.93,-0.315
261.94,-0.315
261.96,-0.315
261.98,-0.315
261.99,-0.315
262.01,-0.315
262.03,-0.315
262.04,-0.315
262.06,-0.315
262.08,-0.315
262.09,-0.315
262.11,-0.315
262.13,-0.315
262.14,-0.315
262.16,-0.315
262.18,-0.315
262.19,-0.315
262.21,-0.315
262.23,-0.315
262.24,-0.315
262.26,-0.315
262.28,-0.315
262.29,-0.315
262.31,-0.315
262.33,-0.315
262.34,-0.315
262.36,-0.315
262.38,-0.315
262.39,-0.315
262.41,-0.315
262.43,-0.316
262.44,-0.316
262.46,-0.316
262.48,-0.316
262.49,-0.316
262.51,-0.316
262.53,-0.316
262.54,-0.316
262.56,-0.316
262.58,-0.316
262.59,-0.316
262.61,-0.316
262.63,-0.316
262.64,-0.316
262.66,-0.316
262.68,-0.316
262.69,-0.316
262.71,-0.316
262.73,-0.316
262.74,-0.316
262.76,-0.316
262.78,-0.316
262.79,-0.316
262.81,-0.316
262.83,-0.316
262.84,-0.316
262.86,-0.316
262.88,-0.316
262.89,-0.316
262.91,-0.316
262.93,-0.316
262.94,-0.316
262.96,-0.316
262.98,-0.316
262.99,-0.316
263.01,-0.316
263.03,-0.316
263.04,-0.316
263.06,-0.316
263.08,-0.316
263.09,-0.316
263.11,-0.316
263.13,-0.316
263.14,-0.316
263.16,-0.316
263.18,-0.316
263.19,-0.316
263.21,-0.316
263.23,-0.316
263.24,-0.316
263.26,-0.316
263.28,-0.316
263.29,-0.316
263.31,-0.316
263.33,-0.316
263.34,-0.316
263.36,-0.316
263.38,-0.316
263.39,-0.316
263.41,-0.316
263.43,-0.316
263.44,-0.316
263.46,-0.316
263.48,-0.316
263.49,-0.316
263.51,-0.316
263.53,-0.316
263.54,-0.316
263.56,-0.316
263.58,-0.316
263.59,-0.316
263.61,-0.316
263.63,-0.316
263.64,-0.316
263.66,-0.316
263.68,-0.316
263.69,-0.316
263.71,-0.316
263.73,-0.316
263.74,-0.316
263.76,-0.316
263.78,-0.316
263.8,-0.316
263.81,-0.316
263.83,-0.316
263.84,-0.316
263.86,-0.316
263.88,-0.316
263.89,-0.316
263.91,-0.316
263.93,-0.316
263.94,-0.316
263.96,-0.316
263.98,-0.316
263.99,-0.316
264.01,-0.316
264.03,-0.316
264.04,-0.316
264.06,-0.316
264.08,-0.316
264.09,-0.316
264.11,-0.316
264.13,-0.316
264.14,-0.316
264.16,-0.316
264.18,-0.316
264.19,-0.316
264.21,-0.316
264.23,-0.316
264.24,-0.316
264.26,-0.316
264.28,-0.316
264.29,-0.316
264.31,-0.316
264.33,-0.316
264.34,-0.316
264.36,-0.316
264.38,-0.316
264.39,-0.316
264.41,-0.316
264.43,-0.316
264.44,-0.316
264.46,-0.316
264.48,-0.316
264.49,-0.316
264.51,-0.316
264.53,-0.316
264.54,-0.316
264.56,-0.316
264.58,-0.316
264.59,-0.317
264.61,-0.317
264.63,-0.317
264.64,-0.317
264.66,-0.317
264.68,-0.317
264.69,-0.317
264.71,-0.317
264.73,-0.317
264.74,-0.317
264.76,-0.317
264.78,-0.317
264.79,-0.317
264.81,-0.317
264.83,-0.317
264.84,-0.317
264.86,-0.317
264.88,-0.317
264.89,-0.317
264.91,-0.317
264.93,-0.317
264.94,-0.317
264.96,-0.317
264.98,-0.317
264.99,-0.317
265.01,-0.317
265.03,-0.317
265.04,-0.317
265.06,-0.317
265.08,-0.317
265.09,-0.317
265.11,-0.317
265.13,-0.317
265.14,-0.317
265.16,-0.317
265.18,-0.317
265.19,-0.317
265.21,-0.317
265.23,-0.317
265.24,-0.317
265.26,-0.317
265.28,-0.317
265.29,-0.317
265.31,-0.317
265.33,-0.317
265.34,-0.317
265.36,-0.317
265.38,-0.317
265.39,-0.317
265.41,-0.317
265.43,-0.317
265.44,-0.317
265.46,-0.317
265.48,-0.317
265.49,-0.317
265.51,-0.317
265.53,-0.317
265.54,-0.317
265.56,-0.317
265.58,-0.317
265.59,-0.317
265.61,-0.317
265.63,-0.317
265.64,-0.317
265.66,-0.317
265.68,-0.317
265.69,-0.317
265.71,-0.317
265.73,-0.317
265.74,-0.317
265.76,-0.317
265.78,-0.317
265.79,-0.317
265.81,-0.317
265.83,-0.317
265.84,-0.317
265.86,-0.317
265.88,-0.317
265.89,-0.317
265.91,-0.317
265.93,-0.317
265.94,-0.317
265.96,-0.317
265.98,-0.317
265.99,-0.317
266.01,-0.317
266.03,-0.317
266.04,-0.317
266.06,-0.317
266.08,-0.317
266.09,-0.317
266.11,-0.317
266.13,-0.317
266.14,-0.317
266.16,-0.317
266.18,-0.317
266.19,-0.317
266.21,-0.317
266.23,-0.317
266.24,-0.317
266.26,-0.317
266.28,-0.317
266.29,-0.317
266.31,-0.317
266.33,-0.317
266.34,-0.317
266.36,-0.317
266.38,-0.317
266.39,-0.317
266.41,-0.317
266.43,-0.317
266.44,-0.317
266.46,-0.317
266.48,-0.317
266.49,-0.317
266.51,-0.317
266.53,-0.317
266.54,-0.317
266.56,-0.317
266.58,-0.317
266.6,-0.317
266.61,-0.317
266.63,-0.317
266.64,-0.317
266.66,-0.317
266.68,-0.317
266.69,-0.317
266.71,-0.317
266.73,-0.317
266.74,-0.317
266.76,-0.317
266.78,-0.318
266.79,-0.318
266.81,-0.318
266.83,-0.318
266.84,-0.318
266.86,-0.318
266.88,-0.318
266.89,-0.318
266.91,-0.318
266.93,-0.318
266.94,-0.318
266.96,-0.318
266.98,-0.318
266.99,-0.318
267.01,-0.318
267.03,-0.318
267.04,-0.318
267.06,-0.318
267.08,-0.318
267.09,-0.318
267.11,-0.318
267.13,-0.318
267.15,-0.318
267.16,-0.318
267.18,-0.318
267.19,-0.318
267.21,-0.318
267.23,-0.318
267.25,-0.318
267.26,-0.318
267.28,-0.318
267.29,-0.318
267.31,-0.318
267.33,-0.318
267.35,-0.318
267.36,-0.318
267.38,-0.318
267.4,-0.318
267.41,-0.318
267.43,-0.318
267.45,-0.318
267.46,-0.318
267.48,-0.318
267.5,-0.318
267.51,-0.318
267.53,-0.318
267.55,-0.318
267.56,-0.318
267.58,-0.318
267.59,-0.318
267.61,-0.318
267.63,-0.318
267.65,-0.318
267.66,-0.318
267.68,-0.318
267.7,-0.318
267.71,-0.318
267.73,-0.318
267.75,-0.318
267.76,-0.318
267.78,-0.318
267.8,-0.318
267.81,-0.318
267.83,-0.318
267.85,-0.318
267.86,-0.318
267.88,-0.318
267.9,-0.318
267.91,-0.318
267.93,-0.318
267.95,-0.318
267.96,-0.318
267.98,-0.318
268.0,-0.318
268.01,-0.318
268.03,-0.318
268.05,-0.318
268.06,-0.318
268.08,-0.318
268.09,-0.318
268.11,-0.318
268.13,-0.318
268.14,-0.318
268.16,-0.318
268.18,-0.318
268.2,-0.318
268.21,-0.318
268.23,-0.318
268.25,-0.318
268.26,-0.318
268.28,-0.318
268.29,-0.318
268.31,-0.318
268.33,-0.318
268.35,-0.318
268.36,-0.318
268.38,-0.318
268.4,-0.318
268.41,-0.318
268.43,-0.318
268.44,-0.318
268.46,-0.318
268.48,-0.318
268.5,-0.318
268.51,-0.318
268.53,-0.318
268.55,-0.318
268.56,-0.318
268.58,-0.318
268.6,-0.318
268.61,-0.318
268.63,-0.318
268.65,-0.318
268.66,-0.318
268.68,-0.318
268.69,-0.318
268.71,-0.318
268.73,-0.318
268.75,-0.318
268.76,-0.318
268.78,-0.318
268.79,-0.318
268.81,-0.318
268.83,-0.318
268.85,-0.318
268.86,-0.318
268.88,-0.319
268.9,-0.319
268.91,-0.319
268.93,-0.319
268.95,-0.319
268.96,-0.319
268.98,-0.319
269.0,-0.319
269.01,-0.319
269.03,-0.319
269.05,-0.319
269.06,-0.319
269.08,-0.319
269.1,-0.319
269.11,-0.319
269.13,-0.319
269.15,-0.319
269.16,-0.319
269.18,-0.319
269.19,-0.319
269.21,-0.319
269.23,-0.319
269.25,-0.319
269.26,-0.319
269.28,-0.319
269.29,-0.319
269.31,-0.319
269.33,-0.319
269.34,-0.319
269.36,-0.319
269.38,-0.319
269.4,-0.319
269.41,-0.319
269.43,-0.319
269.44,-0.319
269.46,-0.319
269.48,-0.319
269.49,-0.319
269.51,-0.319
269.53,-0.319
269.55,-0.319
269.56,-0.319
269.58,-0.319
269.6,-0.319
269.61,-0.319
269.63,-0.319
269.65,-0.319
269.66,-0.319
269.68,-0.319
269.7,-0.319
269.71,-0.319
269.73,-0.319
269.75,-0.319
269.76,-0.319
269.78,-0.319
269.8,-0.319
269.81,-0.319
269.83,-0.319
269.85,-0.319
269.86,-0.319
269.88,-0.319
269.9,-0.319
269.91,-0.319
269.93,-0.319
269.95,-0.319
269.96,-0.319
269.98,-0.319
270.0,-0.319
270.01,-0.319
270.03,-0.319
270.05,-0.319
270.06,-0.319
270.08,-0.319
270.1,-0.319
270.11,-0.319
270.13,-0.319
270.15,-0.319
270.16,-0.319
270.18,-0.319
270.2,-0.319
270.21,-0.319
270.23,-0.319
270.25,-0.319
270.26,-0.319
270.28,-0.319
270.3,-0.319
270.31,-0.319
270.33,-0.319
270.35,-0.319
270.36,-0.319
270.38,-0.319
270.4,-0.319
270.41,-0.319
270.43,-0.319
270.45,-0.319
270.46,-0.319
270.48,-0.319
270.5,-0.319
270.51,-0.319
270.53,-0.319
270.55,-0.319
270.56,-0.319
270.58,-0.319
270.6,-0.319
270.61,-0.319
270.63,-0.319
270.65,-0.319
270.66,-0.319
270.68,-0.319
270.7,-0.319
270.71,-0.319
270.73,-0.319
270.75,-0.319
270.76,-0.32
270.78,-0.32
270.8,-0.32
270.81,-0.32
270.83,-0.32
270.85,-0.32
270.86,-0.32
270.88,-0.32
270.9,-0.32
270.92,-0.32
270.93,-0.32
270.95,-0.32
270.96,-0.32
270.98,-0.32
271.0,-0.32
271.01,-0.32
271.03,-0.32
271.05,-0.32
271.06,-0.32
271.08,-0.32
271.1,-0.32
271.11,-0.32
271.13,-0.32
271.15,-0.32
271.16,-0.32
271.18,-0.32
271.2,-0.32
271.21,-0.32
271.23,-0.32
271.25,-0.32
271.26,-0.32
271.28,-0.32
271.3,-0.32
271.31,-0.32
271.33,-0.32
271.35,-0.32
271.36,-0.32
271.38,-0.32
271.4,-0.32
271.41,-0.32
271.43,-0.32
271.45,-0.32
271.46,-0.32
271.48,-0.32
271.5,-0.32
271.51,-0.32
271.53,-0.32
271.55,-0.32
271.56,-0.32
271.58,-0.32
271.6,-0.32
271.61,-0.32
271.63,-0.32
271.65,-0.32
271.66,-0.32
271.68,-0.32
271.7,-0.32
271.71,-0.32
271.73,-0.32
271.75,-0.32
271.76,-0.32
271.78,-0.32
271.8,-0.32
271.81,-0.32
271.83,-0.32
271.85,-0.32
271.86,-0.32
271.88,-0.32
271.9,-0.32
271.91,-0.32
271.93,-0.32
271.95,-0.32
271.96,-0.32
271.98,-0.32
272.0,-0.32
272.01,-0.32
272.03,-0.32
272.05,-0.32
272.06,-0.32
272.08,-0.32
272.1,-0.32
272.11,-0.32
272.13,-0.32
272.15,-0.32
272.16,-0.32
272.18,-0.32
272.2,-0.32
272.21,-0.32
272.23,-0.32
272.25,-0.32
272.26,-0.32
272.28,-0.32
272.3,-0.32
272.31,-0.32
272.33,-0.32
272.35,-0.32
272.36,-0.32
272.38,-0.32
272.4,-0.32
272.41,-0.32
272.43,-0.32
272.45,-0.32
272.46,-0.32
272.48,-0.32
272.5,-0.32
272.51,-0.32
272.53,-0.32
272.55,-0.32
272.56,-0.32
272.58,-0.32
272.6,-0.32
272.62,-0.32
272.63,-0.32
272.65,-0.32
272.66,-0.32
272.68,-0.32
272.7,-0.32
272.71,-0.32
272.73,-0.32
272.75,-0.32
272.77,-0.32
272.78,-0.32
272.8,-0.32
272.81,-0.32
272.83,-0.32
272.85,-0.32
272.87,-0.32
272.88,-0.32
272.9,-0.32
272.91,-0.321
272.93,-0.321
272.95,-0.321
272.96,-0.321
272.98,-0.321
273.0,-0.321
273.01,-0.321
273.03,-0.321
273.05,-0.321
273.06,-0.321
273.08,-0.321
273.1,-0.321
273.11,-0.321
273.13,-0.321
273.15,-0.321
273.16,-0.321
273.18,-0.321
273.2,-0.321
273.21,-0.321
273.23,-0.321
273.25,-0.321
273.26,-0.321
273.28,-0.321
273.3,-0.321
273.31,-0.321
273.33,-0.321
273.35,-0.321
273.36,-0.321
273.38,-0.321
273.4,-0.321
273.41,-0.321
273.43,-0.321
273.45,-0.321
273.46,-0.321
273.48,-0.321
273.5,-0.321
273.51,-0.321
273.53,-0.321
273.55,-0.321
273.56,-0.321
273.58,-0.321
273.6,-0.321
273.61,-0.321
273.63,-0.321
273.65,-0.321
273.66,-0.321
273.68,-0.321
273.7,-0.321
273.71,-0.321
273.73,-0.321
273.75,-0.321
273.76,-0.321
273.78,-0.321
273.8,-0.321
273.81,-0.321
273.83,-0.321
273.85,-0.321
273.86,-0.321
273.88,-0.321
273.9,-0.321
273.91,-0.321
273.93,-0.321
273.95,-0.321
273.96,-0.321
273.98,-0.321
274.0,-0.321
274.01,-0.321
274.03,-0.321
274.05,-0.321
274.06,-0.321
274.08,-0.321
274.1,-0.321
274.11,-0.321
274.13,-0.321
274.15,-0.321
274.16,-0.321
274.18,-0.321
274.2,-0.321
274.21,-0.321
274.23,-0.321
274.25,-0.321
274.26,-0.321
274.28,-0.321
274.3,-0.321
274.31,-0.321
274.33,-0.321
274.35,-0.321
274.36,-0.321
274.38,-0.321
274.4,-0.321
274.41,-0.321
274.43,-0.321
274.45,-0.321
274.46,-0.321
274.48,-0.321
274.5,-0.321
274.51,-0.321
274.53,-0.321
274.55,-0.321
274.56,-0.321
274.58,-0.321
274.6,-0.321
274.61,-0.321
274.63,-0.321
274.65,-0.321
274.66,-0.321
274.68,-0.321
274.7,-0.321
274.71,-0.321
274.73,-0.321
274.75,-0.321
274.76,-0.321
274.78,-0.321
274.8,-0.321
274.81,-0.321
274.83,-0.321
274.85,-0.321
274.86,-0.321
274.88,-0.321
274.9,-0.321
274.91,-0.321
274.93,-0.321
274.95,-0.321
274.96,-0.321
274.98,-0.322
275.0,-0.322
275.01,-0.322
275.03,-0.322
275.05,-0.322
275.06,-0.322
275.08,-0.322
275.1,-0.322
275.11,-0.322
275.13,-0.322
275.15,-0.322
275.16,-0.322
275.18,-0.322
275.2,-0.322
275.21,-0.322
275.23,-0.322
275.25,-0.322
275.26,-0.322
275.28,-0.322
275.3,-0.322
275.31,-0.322
275.33,-0.322
275.35,-0.322
275.36,-0.322
275.38,-0.322
275.4,-0.322
275.41,-0.322
275.43,-0.322
275.45,-0.322
275.46,-0.322
275.48,-0.322
275.5,-0.322
275.51,-0.322
275.53,-0.322
275.55,-0.322
275.56,-0.322
275.58,-0.322
275.6,-0.322
275.61,-0.322
275.63,-0.322
275.65,-0.322
275.66,-0.322
275.68,-0.322
275.7,-0.322
275.72,-0.322
275.73,-0.322
275.75,-0.322
275.76,-0.322
275.78,-0.322
275.8,-0.322
275.81,-0.322
275.83,-0.322
275.85,-0.322
275.87,-0.322
275.88,-0.322
275.9,-0.322
275.92,-0.322
275.93,-0.322
275.95,-0.322
275.97,-0.322
275.98,-0.322
276.0,-0.322
276.02,-0.322
276.03,-0.322
276.05,-0.322
276.07,-0.322
276.08,-0.322
276.1,-0.322
276.12,-0.322
276.13,-0.322
276.15,-0.322
276.17,-0.322
276.18,-0.322
276.2,-0.322
276.22,-0.322
276.23,-0.322
276.25,-0.322
276.27,-0.322
276.28,-0.322
276.3,-0.322
276.32,-0.322
276.33,-0.322
276.35,-0.322
276.37,-0.322
276.38,-0.322
276.4,-0.322
276.42,-0.322
276.43,-0.322
276.45,-0.322
276.47,-0.322
276.48,-0.322
276.5,-0.323
276.52,-0.323
276.53,-0.323
276.55,-0.323
276.57,-0.323
276.58,-0.323
276.6,-0.323
276.62,-0.323
276.63,-0.323
276.65,-0.323
276.67,-0.323
276.68,-0.323
276.7,-0.323
276.72,-0.323
276.73,-0.323
276.75,-0.323
276.77,-0.323
276.78,-0.323
276.8,-0.323
276.81,-0.323
276.83,-0.323
276.85,-0.323
276.87,-0.323
276.88,-0.323
276.9,-0.323
276.92,-0.323
276.93,-0.323
276.95,-0.323
276.97,-0.323
276.98,-0.323
277.0,-0.323
277.02,-0.323
277.03,-0.323
277.05,-0.323
277.07,-0.323
277.08,-0.323
277.1,-0.323
277.12,-0.323
277.13,-0.323
277.15,-0.323
277.17,-0.323
277.18,-0.323
277.2,-0.323
277.22,-0.323
277.23,-0.323
277.25,-0.323
277.27,-0.323
277.28,-0.323
277.3,-0.323
277.32,-0.323
277.33,-0.323
277.35,-0.323
277.37,-0.323
277.38,-0.323
277.4,-0.323
277.42,-0.323
277.43,-0.323
277.45,-0.323
277.47,-0.323
277.48,-0.323
277.5,-0.323
277.52,-0.323
277.53,-0.323
277.55,-0.323
277.57,-0.323
277.58,-0.323
277.6,-0.323
277.62,-0.323
277.63,-0.323
277.65,-0.323
277.67,-0.323
277.68,-0.323
277.7,-0.323
277.72,-0.323
277.73,-0.323
277.75,-0.323
277.77,-0.323
277.78,-0.323
277.8,-0.323
277.82,-0.323
277.83,-0.323
277.85,-0.323
277.87,-0.323
277.88,-0.323
277.9,-0.323
277.92,-0.323
277.93,-0.323
277.95,-0.323
277.97,-0.323
277.98,-0.323
278.0,-0.323
278.02,-0.323
278.03,-0.323
278.05,-0.323
278.07,-0.323
278.08,-0.323
278.1,-0.323
278.12,-0.323
278.13,-0.323
278.15,-0.323
278.17,-0.323
278.18,-0.323
278.2,-0.324
278.22,-0.324
278.23,-0.324
278.25,-0.324
278.27,-0.324
278.28,-0.324
278.3,-0.324
278.32,-0.324
278.33,-0.324
278.35,-0.324
278.37,-0.324
278.38,-0.324
278.4,-0.324
278.42,-0.324
278.43,-0.324
278.45,-0.324
278.47,-0.324
278.48,-0.324
278.5,-0.324
278.52,-0.324
278.53,-0.324
278.55,-0.324
278.57,-0.324
278.58,-0.324
278.6,-0.324
278.62,-0.324
278.63,-0.324
278.65,-0.324
278.67,-0.324
278.68,-0.324
278.7,-0.324
278.72,-0.324
278.73,-0.324
278.75,-0.324
278.77,-0.324
278.78,-0.324
278.8,-0.324
278.81,-0.324
278.83,-0.324
278.85,-0.324
278.87,-0.324
278.88,-0.324
278.9,-0.324
278.92,-0.324
278.93,-0.324
278.95,-0.324
278.97,-0.324
278.98,-0.324
279.0,-0.324
279.02,-0.324
279.03,-0.324
279.05,-0.324
279.07,-0.324
279.08,-0.324
279.1,-0.324
279.12,-0.324
279.13,-0.324
279.15,-0.324
279.17,-0.324
279.18,-0.324
279.2,-0.324
279.22,-0.324
279.23,-0.324
279.25,-0.324
279.27,-0.324
279.28,-0.324
279.3,-0.324
279.32,-0.324
279.33,-0.324
279.35,-0.324
279.37,-0.324
279.38,-0.324
279.4,-0.324
279.42,-0.324
279.43,-0.324
279.45,-0.324
279.47,-0.324
279.48,-0.324
279.5,-0.324
279.52,-0.324
279.53,-0.324
279.55,-0.324
279.57,-0.324
279.58,-0.324
279.6,-0.324
279.62,-0.324
279.63,-0.324
279.65,-0.324
279.67,-0.324
279.68,-0.324
279.7,-0.324
279.72,-0.324
279.73,-0.324
279.75,-0.324
279.77,-0.324
279.78,-0.324
279.8,-0.324
279.82,-0.324
279.83,-0.324
279.85,-0.324
279.87,-0.324
279.88,-0.324
279.9,-0.324
279.92,-0.324
279.93,-0.324
279.95,-0.324
279.97,-0.324
279.98,-0.324
280.0,-0.325
280.02,-0.325
280.03,-0.325
280.05,-0.325
280.07,-0.325
280.08,-0.325
280.1,-0.325
280.12,-0.325
280.13,-0.325
280.15,-0.325
280.17,-0.325
280.18,-0.325
280.2,-0.325
280.22,-0.325
280.23,-0.325
280.25,-0.325
280.27,-0.325
280.28,-0.325
280.3,-0.325
280.32,-0.325
280.33,-0.325
280.35,-0.325
280.37,-0.325
280.38,-0.325
280.4,-0.325
280.42,-0.325
280.43,-0.325
280.45,-0.325
280.47,-0.325
280.48,-0.325
280.5,-0.325
280.52,-0.325
280.53,-0.325
280.55,-0.325
280.57,-0.325
280.58,-0.325
280.6,-0.325
280.62,-0.325
280.63,-0.325
280.65,-0.325
280.67,-0.325
280.68,-0.325
280.7,-0.325
280.72,-0.325
280.73,-0.325
280.75,-0.325
280.77,-0.325
280.78,-0.325
280.8,-0.325
280.82,-0.325
280.83,-0.325
280.85,-0.325
280.87,-0.325
280.88,-0.325
280.9,-0.325
280.92,-0.325
280.93,-0.325
280.95,-0.325
280.97,-0.325
280.98,-0.325
281.0,-0.325
281.02,-0.325
281.03,-0.325
281.05,-0.325
281.07,-0.325
281.09,-0.325
281.1,-0.325
281.12,-0.325
281.14,-0.325
281.15,-0.325
281.17,-0.325
281.18,-0.325
281.2,-0.325
281.22,-0.325
281.23,-0.325
281.25,-0.325
281.27,-0.325
281.28,-0.325
281.3,-0.325
281.32,-0.325
281.34,-0.325
281.35,-0.325
281.37,-0.325
281.38,-0.325
281.4,-0.325
281.42,-0.325
281.43,-0.325
281.45,-0.325
281.47,-0.325
281.48,-0.325
281.5,-0.325
281.52,-0.325
281.54,-0.325
281.55,-0.325
281.57,-0.325
281.58,-0.325
281.6,-0.325
281.62,-0.325
281.63,-0.325
281.65,-0.325
281.67,-0.325
281.68,-0.325
281.7,-0.325
281.72,-0.325
281.73,-0.326
281.75,-0.326
281.77,-0.326
281.79,-0.326
281.8,-0.326
281.82,-0.326
281.83,-0.326
281.85,-0.326
281.87,-0.326
281.88,-0.326
281.9,-0.326
281.92,-0.326
281.93,-0.326
281.95,-0.326
281.97,-0.326
281.98,-0.326
282.0,-0.326
282.02,-0.326
282.03,-0.326
282.05,-0.326
282.07,-0.326
282.08,-0.326
282.1,-0.326
282.12,-0.326
282.13,-0.326
282.15,-0.326
282.17,-0.326
282.18,-0.326
282.2,-0.326
282.22,-0.326
282.23,-0.326
282.25,-0.326
282.27,-0.326
282.28,-0.326
282.3,-0.326
282.32,-0.326
282.33,-0.326
282.35,-0.326
282.37,-0.326
282.38,-0.326
282.4,-0.326
282.42,-0.326
282.43,-0.326
282.45,-0.326
282.47,-0.326
282.48,-0.326
282.5,-0.326
282.52,-0.326
282.53,-0.326
282.55,-0.326
282.57,-0.326
282.58,-0.326
282.6,-0.326
282.62,-0.326
282.63,-0.326
282.65,-0.326
282.67,-0.326
282.68,-0.326
282.7,-0.326
282.72,-0.326
282.73,-0.326
282.75,-0.326
282.77,-0.326
282.78,-0.326
282.8,-0.326
282.82,-0.326
282.83,-0.326
282.85,-0.326
282.87,-0.326
282.88,-0.326
282.9,-0.326
282.92,-0.326
282.93,-0.326
282.95,-0.326
282.97,-0.326
282.98,-0.326
283.0,-0.326
283.02,-0.326
283.03,-0.326
283.05,-0.326
283.07,-0.326
283.08,-0.326
283.1,-0.326
283.12,-0.326
283.13,-0.326
283.15,-0.326
283.17,-0.326
283.18,-0.326
283.2,-0.326
283.22,-0.326
283.23,-0.326
283.25,-0.326
283.27,-0.326
283.28,-0.326
283.3,-0.326
283.32,-0.326
283.33,-0.326
283.35,-0.326
283.37,-0.326
283.38,-0.326
283.4,-0.326
283.42,-0.326
283.43,-0.326
283.45,-0.326
283.47,-0.326
283.48,-0.326
283.5,-0.326
283.52,-0.326
283.54,-0.326
283.55,-0.326
283.57,-0.326
283.58,-0.326
283.6,-0.326
283.62,-0.327
283.63,-0.327
283.65,-0.327
283.67,-0.327
283.68,-0.327
283.7,-0.327
283.72,-0.327
283.74,-0.327
283.75,-0.327
283.77,-0.327
283.78,-0.327
283.8,-0.327
283.82,-0.327
283.84,-0.327
283.85,-0.327
283.87,-0.327
283.89,-0.327
283.9,-0.327
283.92,-0.327
283.94,-0.327
283.95,-0.327
283.97,-0.327
283.99,-0.327
284.0,-0.327
284.02,-0.327
284.04,-0.327
284.05,-0.327
284.07,-0.327
284.09,-0.327
284.1,-0.327
284.12,-0.327
284.14,-0.327
284.15,-0.327
284.17,-0.327
284.19,-0.327
284.2,-0.327
284.22,-0.327
284.24,-0.327
284.25,-0.327
284.27,-0.327
284.28,-0.327
284.3,-0.327
284.32,-0.327
284.34,-0.327
284.35,-0.327
284.37,-0.327
284.39,-0.327
284.4,-0.327
284.42,-0.327
284.43,-0.327
284.45,-0.327
284.47,-0.327
284.48,-0.327
284.5,-0.327
284.52,-0.327
284.53,-0.327
284.55,-0.327
284.57,-0.327
284.59,-0.327
284.6,-0.327
284.62,-0.327
284.64,-0.327
284.65,-0.327
284.67,-0.327
284.69,-0.327
284.7,-0.327
284.72,-0.327
284.74,-0.327
284.75,-0.327
284.77,-0.327
284.79,-0.327
284.8,-0.327
284.82,-0.327
284.83,-0.327
284.85,-0.327
284.87,-0.327
284.88,-0.327
284.9,-0.327
284.92,-0.327
284.94,-0.327
284.95,-0.327
284.97,-0.327
284.99,-0.327
285.0,-0.327
285.02,-0.327
285.03,-0.327
285.05,-0.327
285.07,-0.327
285.09,-0.327
285.1,-0.327
285.12,-0.327
285.14,-0.327
285.15,-0.327
285.17,-0.327
285.19,-0.327
285.2,-0.327
285.22,-0.327
285.24,-0.327
285.25,-0.328
285.27,-0.328
285.29,-0.328
285.3,-0.328
285.32,-0.328
285.34,-0.328
285.35,-0.328
285.37,-0.328
285.39,-0.328
285.4,-0.328
285.42,-0.328
285.44,-0.328
285.45,-0.328
285.47,-0.328
285.49,-0.328
285.5,-0.328
285.52,-0.328
285.54,-0.328
285.55,-0.328
285.57,-0.328
285.59,-0.328
285.6,-0.328
285.62,-0.328
285.63,-0.328
285.65,-0.328
285.67,-0.328
285.69,-0.328
285.7,-0.328
285.72,-0.328
285.74,-0.328
285.75,-0.328
285.77,-0.328
285.79,-0.328
285.8,-0.328
285.82,-0.328
285.84,-0.328
285.85,-0.328
285.87,-0.328
285.89,-0.328
285.9,-0.328
285.92,-0.328
285.94,-0.328
285.95,-0.328
285.97,-0.328
285.99,-0.328
286.0,-0.328
286.02,-0.328
286.04,-0.328
286.05,-0.328
286.07,-0.328
286.09,-0.328
286.1,-0.328
286.12,-0.328
286.14,-0.328
286.15,-0.328
286.17,-0.328
286.19,-0.328
286.2,-0.328
286.22,-0.328
286.24,-0.328
286.25,-0.328
286.27,-0.328
286.29,-0.328
286.3,-0.328
286.32,-0.328
286.34,-0.328
286.35,-0.328
286.37,-0.328
286.39,-0.328
286.4,-0.328
286.42,-0.328
286.43,-0.328
286.45,-0.328
286.47,-0.328
286.49,-0.328
286.5,-0.328
286.52,-0.328
286.53,-0.328
286.55,-0.328
286.57,-0.328
286.58,-0.328
286.6,-0.328
286.62,-0.328
286.63,-0.328
286.65,-0.328
286.67,-0.328
286.68,-0.328
286.7,-0.328
286.72,-0.328
286.73,-0.328
286.75,-0.328
286.77,-0.328
286.79,-0.328
286.8,-0.328
286.82,-0.328
286.83,-0.328
286.85,-0.328
286.87,-0.328
286.89,-0.328
286.9,-0.328
286.92,-0.328
286.94,-0.328
286.95,-0.328
286.97,-0.328
286.99,-0.329
287.0,-0.329
287.02,-0.329
287.04,-0.329
287.05,-0.329
287.07,-0.329
287.09,-0.329
287.1,-0.329
287.12,-0.329
287.14,-0.329
287.15,-0.329
287.17,-0.329
287.19,-0.329
287.2,-0.329
287.22,-0.329
287.23,-0.329
287.25,-0.329
287.27,-0.329
287.29,-0.329
287.3,-0.329
287.32,-0.329
287.34,-0.329
287.35,-0.329
287.37,-0.329
287.39,-0.329
287.4,-0.329
287.42,-0.329
287.44,-0.329
287.45,-0.329
287.47,-0.329
287.49,-0.329
287.5,-0.329
287.52,-0.329
287.54,-0.329
287.55,-0.329
287.57,-0.329
287.59,-0.329
287.6,-0.329
287.62,-0.329
287.64,-0.329
287.65,-0.329
287.67,-0.329
287.69,-0.329
287.7,-0.329
287.72,-0.329
287.74,-0.329
287.75,-0.329
287.77,-0.329
287.79,-0.329
287.8,-0.329
287.82,-0.329
287.84,-0.329
287.85,-0.329
287.87,-0.329
287.89,-0.329
287.9,-0.329
287.92,-0.329
287.94,-0.329
287.95,-0.329
287.97,-0.329
287.99,-0.329
288.0,-0.329
288.02,-0.329
288.04,-0.329
288.05,-0.329
288.07,-0.329
288.09,-0.329
288.1,-0.329
288.12,-0.329
288.14,-0.329
288.15,-0.329
288.17,-0.329
288.19,-0.329
288.2,-0.329
288.22,-0.329
288.24,-0.329
288.25,-0.329
288.27,-0.329
288.29,-0.329
288.3,-0.329
288.32,-0.329
288.34,-0.329
288.35,-0.329
288.37,-0.329
288.39,-0.329
288.4,-0.329
288.42,-0.329
288.44,-0.329
288.45,-0.329
288.47,-0.329
288.49,-0.33
288.5,-0.33
288.52,-0.33
288.54,-0.33
288.55,-0.33
288.57,-0.33
288.59,-0.33
288.6,-0.33
288.62,-0.33
288.64,-0.33
288.65,-0.33
288.67,-0.33
288.69,-0.33
288.7,-0.33
288.72,-0.33
288.74,-0.33
288.75,-0.33
288.77,-0.33
288.79,-0.33
288.8,-0.33
288.82,-0.33
288.84,-0.33
288.85,-0.33
288.87,-0.33
288.89,-0.33
288.9,-0.33
288.92,-0.33
288.94,-0.33
288.95,-0.33
288.97,-0.33
288.99,-0.33
289.0,-0.33
289.02,-0.33
289.04,-0.33
289.05,-0.33
289.07,-0.33
289.08,-0.33
289.1,-0.33
289.12,-0.33
289.14,-0.33
289.15,-0.33
289.17,-0.33
289.19,-0.33
289.2,-0.33
289.22,-0.33
289.24,-0.33
289.25,-0.33
289.27,-0.33
289.29,-0.33
289.3,-0.33
289.32,-0.33
289.34,-0.33
289.35,-0.33
289.37,-0.33
289.39,-0.33
289.4,-0.33
289.42,-0.33
289.44,-0.33
289.45,-0.33
289.47,-0.33
289.49,-0.33
289.5,-0.33
289.52,-0.33
289.54,-0.33
289.55,-0.33
289.57,-0.33
289.59,-0.33
289.6,-0.33
289.62,-0.33
289.64,-0.33
289.65,-0.33
289.67,-0.33
289.69,-0.33
289.7,-0.33
289.72,-0.33
289.73,-0.33
289.75,-0.33
289.77,-0.33
289.79,-0.33
289.8,-0.33
289.82,-0.33
289.84,-0.33
289.85,-0.33
289.87,-0.33
289.89,-0.33
289.9,-0.33
289.92,-0.33
289.93,-0.33
289.95,-0.33
289.97,-0.33
289.99,-0.33
290.0,-0.33
290.02,-0.33
290.04,-0.33
290.05,-0.33
290.07,-0.33
290.09,-0.33
290.1,-0.33
290.12,-0.331
290.14,-0.331
290.15,-0.331
290.17,-0.331
290.19,-0.331
290.2,-0.331
290.22,-0.331
290.24,-0.331
290.25,-0.331
290.27,-0.331
290.29,-0.331
290.3,-0.331
290.32,-0.331
290.34,-0.331
290.35,-0.331
290.37,-0.331
290.39,-0.331
290.4,-0.331
290.42,-0.331
290.44,-0.331
290.45,-0.331
290.47,-0.331
290.49,-0.331
290.5,-0.331
290.52,-0.331
290.54,-0.331
290.55,-0.331
290.57,-0.331
290.59,-0.331
290.6,-0.331
290.62,-0.331
290.64,-0.331
290.65,-0.331
290.67,-0.331
290.69,-0.331
290.7,-0.331
290.72,-0.331
290.74,-0.331
290.75,-0.331
290.77,-0.331
290.79,-0.331
290.8,-0.331
290.82,-0.331
290.84,-0.331
290.85,-0.331
290.87,-0.331
290.89,-0.331
290.9,-0.331
290.92,-0.331
290.94,-0.331
290.95,-0.331
290.97,-0.331
290.99,-0.331
291.0,-0.331
291.02,-0.331
291.04,-0.331
291.05,-0.331
291.07,-0.331
291.09,-0.331
291.1,-0.331
291.12,-0.331
291.14,-0.331
291.15,-0.331
291.17,-0.331
291.19,-0.331
291.2,-0.331
291.22,-0.331
291.24,-0.331
291.25,-0.331
291.27,-0.331
291.29,-0.331
291.3,-0.331
291.32,-0.331
291.34,-0.331
291.35,-0.331
291.37,-0.331
291.39,-0.331
291.4,-0.332
291.42,-0.332
291.44,-0.332
291.45,-0.332
291.47,-0.332
291.49,-0.332
291.5,-0.332
291.52,-0.332
291.54,-0.332
291.55,-0.332
291.57,-0.332
291.59,-0.332
291.6,-0.332
291.62,-0.332
291.64,-0.332
291.65,-0.332
291.67,-0.332
291.69,-0.332
291.7,-0.332
291.72,-0.332
291.74,-0.332
291.75,-0.332
291.77,-0.332
291.79,-0.332
291.8,-0.332
291.82,-0.332
291.84,-0.332
291.85,-0.332
291.87,-0.332
291.89,-0.332
291.9,-0.332
291.92,-0.332
291.94,-0.332
291.95,-0.332
291.97,-0.332
291.99,-0.332
292.0,-0.332
292.02,-0.332
292.04,-0.332
292.05,-0.332
292.07,-0.332
292.09,-0.332
292.1,-0.332
292.12,-0.332
292.14,-0.332
292.15,-0.332
292.17,-0.332
292.19,-0.332
292.2,-0.332
292.22,-0.332
292.24,-0.332
292.25,-0.332
292.27,-0.332
292.29,-0.332
292.3,-0.332
292.32,-0.332
292.34,-0.332
292.35,-0.332
292.37,-0.332
292.39,-0.332
292.4,-0.332
292.42,-0.332
292.44,-0.332
292.45,-0.332
292.47,-0.332
292.49,-0.332
292.5,-0.332
292.52,-0.332
292.54,-0.332
292.55,-0.332
292.57,-0.332
292.59,-0.332
292.6,-0.332
292.62,-0.332
292.64,-0.332
292.65,-0.332
292.67,-0.332
292.69,-0.332
292.7,-0.332
292.72,-0.332
292.74,-0.333
292.75,-0.333
292.77,-0.333
292.79,-0.333
292.8,-0.333
292.82,-0.333
292.84,-0.333
292.85,-0.333
292.87,-0.333
292.89,-0.333
292.9,-0.333
292.92,-0.333
292.94,-0.333
292.95,-0.333
292.97,-0.333
292.99,-0.333
293.0,-0.333
293.02,-0.333
293.04,-0.333
293.05,-0.333
293.07,-0.333
293.09,-0.333
293.1,-0.333
293.12,-0.333
293.14,-0.333
293.15,-0.333
293.17,-0.333
293.19,-0.333
293.2,-0.333
293.22,-0.333
293.24,-0.333
293.26,-0.333
293.27,-0.333
293.29,-0.333
293.3,-0.333
293.32,-0.333
293.34,-0.333
293.35,-0.333
293.37,-0.333
293.39,-0.333
293.4,-0.333
293.42,-0.333
293.44,-0.333
293.46,-0.333
293.47,-0.333
293.49,-0.333
293.51,-0.333
293.52,-0.333
293.54,-0.333
293.56,-0.333
293.57,-0.333
293.59,-0.333
293.6,-0.333
293.62,-0.333
293.64,-0.333
293.65,-0.333
293.67,-0.333
293.69,-0.333
293.71,-0.333
293.72,-0.333
293.74,-0.333
293.76,-0.333
293.77,-0.333
293.79,-0.333
293.81,-0.333
293.82,-0.333
293.84,-0.333
293.86,-0.333
293.87,-0.333
293.89,-0.333
293.91,-0.333
293.92,-0.333
293.94,-0.333
293.96,-0.333
293.97,-0.333
293.99,-0.334
294.01,-0.334
294.02,-0.334
294.04,-0.334
294.06,-0.334
294.07,-0.334
294.09,-0.334
294.1,-0.334
294.12,-0.334
294.14,-0.334
294.16,-0.334
294.17,-0.334
294.19,-0.334
294.21,-0.334
294.22,-0.334
294.24,-0.334
294.26,-0.334
294.27,-0.334
294.29,-0.334
294.31,-0.334
294.32,-0.334
294.34,-0.334
294.36,-0.334
294.37,-0.334
294.39,-0.334
294.41,-0.334
294.42,-0.334
294.44,-0.334
294.46,-0.334
294.47,-0.334
294.49,-0.334
294.51,-0.334
294.52,-0.334
294.54,-0.334
294.56,-0.334
294.57,-0.334
294.59,-0.334
294.61,-0.334
294.62,-0.334
294.64,-0.334
294.66,-0.334
294.67,-0.334
294.69,-0.334
294.71,-0.334
294.72,-0.334
294.74,-0.334
294.76,-0.334
294.77,-0.334
294.79,-0.334
294.81,-0.334
294.82,-0.334
294.84,-0.334
294.86,-0.334
294.87,-0.334
294.89,-0.334
294.91,-0.334
294.92,-0.334
294.94,-0.334
294.96,-0.334
294.97,-0.334
294.99,-0.334
295.01,-0.334
295.02,-0.334
295.04,-0.334
295.06,-0.334
295.07,-0.334
295.09,-0.334
295.11,-0.334
295.12,-0.334
295.14,-0.334
295.16,-0.334
295.17,-0.334
295.19,-0.334
295.21,-0.334
295.22,-0.335
295.24,-0.335
295.26,-0.335
295.27,-0.335
295.29,-0.335
295.31,-0.335
295.32,-0.335
295.34,-0.335
295.36,-0.335
295.37,-0.335
295.39,-0.335
295.41,-0.335
295.42,-0.335
295.44,-0.335
295.46,-0.335
295.47,-0.335
295.49,-0.335
295.51,-0.335
295.52,-0.335
295.54,-0.335
295.56,-0.335
295.57,-0.335
295.59,-0.335
295.61,-0.335
295.62,-0.335
295.64,-0.335
295.66,-0.335
295.67,-0.335
295.69,-0.335
295.71,-0.335
295.72,-0.335
295.74,-0.335
295.76,-0.335
295.77,-0.335
295.79,-0.335
295.81,-0.335
295.82,-0.335
295.84,-0.335
295.86,-0.335
295.87,-0.335
295.89,-0.335
295.91,-0.335
295.92,-0.335
295.94,-0.335
295.96,-0.335
295.97,-0.335
295.99,-0.335
296.01,-0.335
296.02,-0.335
296.04,-0.335
296.06,-0.335
296.07,-0.335
296.09,-0.335
296.11,-0.335
296.12,-0.335
296.14,-0.335
296.16,-0.335
296.17,-0.335
296.19,-0.335
296.21,-0.335
296.22,-0.335
296.24,-0.335
296.26,-0.335
296.27,-0.335
296.29,-0.335
296.31,-0.335
296.32,-0.335
296.34,-0.335
296.36,-0.335
296.37,-0.335
296.39,-0.335
296.41,-0.335
296.42,-0.335
296.44,-0.335
296.46,-0.335
296.47,-0.336
296.49,-0.336
296.51,-0.336
296.52,-0.336
296.54,-0.336
296.56,-0.336
296.57,-0.336
296.59,-0.336
296.61,-0.336
296.62,-0.336
296.64,-0.336
296.66,-0.336
296.67,-0.336
296.69,-0.336
296.71,-0.336
296.72,-0.336
296.74,-0.336
296.76,-0.336
296.77,-0.336
296.79,-0.336
296.81,-0.336
296.82,-0.336
296.84,-0.336
296.86,-0.336
296.87,-0.336
296.89,-0.336
296.91,-0.336
296.92,-0.336
296.94,-0.336
296.96,-0.336
296.97,-0.336
296.99,-0.336
297.01,-0.336
297.02,-0.336
297.04,-0.336
297.05,-0.336
297.07,-0.336
297.09,-0.336
297.11,-0.336
297.12,-0.336
297.14,-0.336
297.16,-0.336
297.17,-0.336
297.19,-0.336
297.21,-0.336
297.22,-0.336
297.24,-0.336
297.26,-0.336
297.27,-0.336
297.29,-0.336
297.31,-0.336
297.32,-0.336
297.34,-0.336
297.36,-0.336
297.37,-0.336
297.39,-0.336
297.41,-0.336
297.42,-0.336
297.44,-0.336
297.46,-0.336
297.47,-0.336
297.49,-0.336
297.51,-0.336
297.52,-0.336
297.54,-0.336
297.56,-0.336
297.57,-0.336
297.59,-0.336
297.61,-0.336
297.62,-0.336
297.64,-0.336
297.66,-0.336
297.67,-0.336
297.69,-0.336
297.71,-0.336
297.72,-0.336
297.74,-0.336
297.76,-0.336
297.77,-0.336
297.79,-0.336
297.81,-0.336
297.82,-0.337
297.84,-0.337
297.86,-0.337
297.87,-0.337
297.89,-0.337
297.91,-0.337
297.92,-0.337
297.94,-0.337
297.96,-0.337
297.97,-0.337
297.99,-0.337
298.01,-0.337
298.02,-0.337
298.04,-0.337
298.06,-0.337
298.07,-0.337
298.09,-0.337
298.11,-0.337
298.12,-0.337
298.14,-0.337
298.16,-0.337
298.17,-0.337
298.19,-0.337
298.21,-0.337
298.22,-0.337
298.24,-0.337
298.26,-0.337
298.27,-0.337
298.29,-0.337
298.31,-0.337
298.32,-0.337
298.34,-0.337
298.36,-0.337
298.37,-0.337
298.39,-0.337
298.41,-0.337
298.42,-0.337
298.44,-0.337
298.46,-0.337
298.47,-0.337
298.49,-0.337
298.51,-0.337
298.52,-0.337
298.54,-0.337
298.56,-0.337
298.57,-0.337
298.59,-0.337
298.61,-0.337
298.62,-0.337
298.64,-0.337
298.66,-0.337
298.67,-0.337
298.69,-0.337
298.71,-0.337
298.72,-0.337
298.74,-0.337
298.76,-0.337
298.77,-0.337
298.79,-0.337
298.81,-0.337
298.82,-0.337
298.84,-0.337
298.86,-0.337
298.87,-0.337
298.89,-0.337
298.91,-0.338
298.92,-0.338
298.94,-0.338
298.96,-0.338
298.97,-0.338
298.99,-0.338
299.01,-0.338
299.02,-0.338
299.04,-0.338
299.06,-0.338
299.07,-0.338
299.09,-0.338
299.11,-0.338
299.12,-0.338
299.14,-0.338
299.16,-0.338
299.17,-0.338
299.19,-0.338
299.21,-0.338
299.22,-0.338
299.24,-0.338
299.26,-0.338
299.27,-0.338
299.29,-0.338
299.31,-0.338
299.32,-0.338
299.34,-0.338
299.36,-0.338
299.37,-0.338
299.39,-0.338
299.41,-0.338
299.42,-0.338
299.44,-0.338
299.46,-0.338
299.47,-0.338
299.49,-0.338
299.51,-0.338
299.52,-0.338
299.54,-0.338
299.56,-0.338
299.57,-0.338
299.59,-0.338
299.61,-0.338
299.62,-0.338
299.64,-0.338
299.66,-0.338
299.67,-0.338
299.69,-0.338
299.71,-0.338
299.72,-0.338
299.74,-0.338
299.76,-0.338
299.77,-0.338
299.79,-0.338
299.81,-0.338
299.82,-0.338
299.84,-0.338
299.86,-0.338
299.87,-0.338
299.89,-0.338
299.91,-0.338
299.92,-0.338
299.94,-0.339
299.96,-0.339
299.97,-0.339
299.99,-0.339
300.01,-0.339
300.02,-0.339
300.04,-0.339
300.06,-0.339
300.07,-0.339
300.09,-0.339
300.11,-0.339
300.12,-0.339
300.14,-0.339
300.16,-0.339
300.17,-0.339
300.19,-0.339
300.21,-0.339
300.22,-0.339
300.24,-0.339
300.26,-0.339
300.27,-0.339
300.29,-0.339
300.31,-0.339
300.32,-0.339
300.34,-0.339
300.36,-0.339
300.37,-0.339
300.39,-0.339
300.41,-0.339
300.42,-0.339
300.44,-0.339
300.46,-0.339
300.47,-0.339
300.49,-0.339
300.51,-0.339
300.52,-0.339
300.54,-0.339
300.56,-0.339
300.57,-0.339
300.59,-0.339
300.61,-0.339
300.62,-0.339
300.64,-0.339
300.66,-0.339
300.67,-0.339
300.69,-0.339
300.71,-0.339
300.72,-0.339
300.74,-0.339
300.76,-0.339
300.77,-0.339
300.79,-0.339
300.81,-0.34
300.82,-0.34
300.84,-0.34
300.86,-0.34
300.87,-0.34
300.89,-0.34
300.91,-0.34
300.92,-0.34
300.94,-0.34
300.96,-0.34
300.97,-0.34
300.99,-0.34
301.01,-0.34
301.02,-0.34
301.04,-0.34
301.06,-0.34
301.07,-0.34
301.09,-0.34
301.11,-0.34
301.12,-0.34
301.14,-0.34
301.16,-0.34
301.17,-0.34
301.19,-0.34
301.21,-0.34
301.22,-0.34
301.24,-0.34
301.26,-0.34
301.27,-0.34
301.29,-0.34
301.31,-0.34
301.32,-0.34
301.34,-0.34
301.36,-0.34
301.37,-0.34
301.39,-0.34
301.41,-0.34
301.42,-0.34
301.44,-0.34
301.46,-0.34
301.47,-0.34
301.49,-0.34
301.51,-0.34
301.52,-0.34
301.54,-0.34
301.56,-0.34
301.57,-0.34
301.59,-0.34
301.61,-0.34
301.62,-0.34
301.64,-0.34
301.66,-0.34
301.67,-0.34
301.69,-0.34
301.71,-0.34
301.72,-0.34
301.74,-0.34
301.76,-0.34
301.77,-0.34
301.79,-0.341
301.81,-0.341
301.82,-0.341
301.84,-0.341
301.86,-0.341
301.87,-0.341
301.89,-0.341
301.91,-0.341
301.92,-0.341
301.94,-0.341
301.96,-0.341
301.97,-0.341
301.99,-0.341
302.01,-0.341
302.02,-0.341
302.04,-0.341
302.06,-0.341
302.07,-0.341
302.09,-0.341
302.11,-0.341
302.12,-0.341
302.14,-0.341
302.16,-0.341
302.17,-0.341
302.19,-0.341
302.21,-0.341
302.22,-0.341
302.24,-0.341
302.26,-0.341
302.27,-0.341
302.29,-0.341
302.31,-0.341
302.32,-0.341
302.34,-0.341
302.36,-0.341
302.37,-0.341
302.39,-0.341
302.41,-0.341
302.42,-0.341
302.44,-0.341
302.46,-0.341
302.47,-0.341
302.49,-0.341
302.51,-0.341
302.52,-0.341
302.54,-0.341
302.56,-0.341
302.57,-0.341
302.59,-0.341
302.61,-0.341
302.62,-0.341
302.64,-0.341
302.66,-0.341
302.67,-0.341
302.69,-0.341
302.71,-0.342
302.72,-0.342
302.74,-0.342
302.76,-0.342
302.77,-0.342
302.79,-0.342
302.81,-0.342
302.82,-0.342
302.84,-0.342
302.86,-0.342
302.87,-0.342
302.89,-0.342
302.91,-0.342
302.92,-0.342
302.94,-0.342
302.96,-0.342
302.97,-0.342
302.99,-0.342
303.01,-0.342
303.02,-0.342
303.04,-0.342
303.06,-0.342
303.07,-0.342
303.09,-0.342
303.11,-0.342
303.12,-0.342
303.14,-0.342
303.16,-0.342
303.17,-0.342
303.19,-0.342
303.21,-0.342
303.22,-0.342
303.24,-0.342
303.26,-0.342
303.27,-0.342
303.29,-0.342
303.31,-0.342
303.32,-0.342
303.34,-0.342
303.36,-0.342
303.37,-0.342
303.39,-0.342
303.41,-0.342
303.42,-0.342
303.44,-0.342
303.46,-0.342
303.47,-0.343
303.49,-0.343
303.51,-0.343
303.52,-0.343
303.54,-0.343
303.56,-0.343
303.57,-0.343
303.59,-0.343
303.61,-0.343
303.62,-0.343
303.64,-0.343
303.66,-0.343
303.67,-0.343
303.69,-0.343
303.71,-0.343
303.72,-0.343
303.74,-0.343
303.76,-0.343
303.77,-0.343
303.79,-0.343
303.81,-0.343
303.82,-0.343
303.84,-0.343
303.86,-0.343
303.87,-0.343
303.89,-0.343
303.91,-0.343
303.92,-0.343
303.94,-0.343
303.96,-0.343
303.97,-0.343
303.99,-0.343
304.01,-0.343
304.02,-0.343
304.04,-0.343
304.06,-0.343
304.07,-0.343
304.09,-0.343
304.11,-0.343
304.12,-0.343
304.14,-0.343
304.16,-0.343
304.17,-0.343
304.19,-0.343
304.21,-0.343
304.22,-0.343
304.24,-0.343
304.26,-0.343
304.27,-0.343
304.29,-0.343
304.31,-0.343
304.32,-0.343
304.34,-0.344
304.36,-0.344
304.37,-0.344
304.39,-0.344
304.41,-0.344
304.42,-0.344
304.44,-0.344
304.46,-0.344
304.47,-0.344
304.49,-0.344
304.51,-0.344
304.52,-0.344
304.54,-0.344
304.56,-0.344
304.57,-0.344
304.59,-0.344
304.61,-0.344
304.62,-0.344
304.64,-0.344
304.66,-0.344
304.67,-0.344
304.69,-0.344
304.71,-0.344
304.72,-0.344
304.74,-0.344
304.76,-0.344
304.77,-0.344
304.79,-0.344
304.81,-0.344
304.82,-0.344
304.84,-0.344
304.86,-0.344
304.87,-0.344
304.89,-0.344
304.91,-0.344
304.92,-0.344
304.94,-0.344
304.96,-0.344
304.97,-0.344
304.99,-0.344
305.01,-0.344
305.02,-0.344
305.04,-0.344
305.06,-0.344
305.07,-0.344
305.09,-0.344
305.11,-0.344
305.12,-0.345
305.14,-0.345
305.16,-0.345
305.17,-0.345
305.19,-0.345
305.21,-0.345
305.22,-0.345
305.24,-0.345
305.26,-0.345
305.27,-0.345
305.29,-0.345
305.31,-0.345
305.32,-0.345
305.34,-0.345
305.36,-0.345
305.37,-0.345
305.39,-0.345
305.41,-0.345
305.42,-0.345
305.44,-0.345
305.46,-0.345
305.47,-0.345
305.49,-0.345
305.51,-0.345
305.52,-0.345
305.54,-0.345
305.56,-0.345
305.57,-0.345
305.59,-0.345
305.61,-0.345
305.62,-0.345
305.64,-0.345
305.66,-0.345
305.67,-0.345
305.69,-0.345
305.71,-0.345
305.72,-0.345
305.74,-0.345
305.76,-0.345
305.77,-0.345
305.79,-0.345
305.81,-0.345
305.82,-0.345
305.84,-0.345
305.86,-0.346
305.87,-0.346
305.89,-0.346
305.91,-0.346
305.92,-0.346
305.94,-0.346
305.96,-0.346
305.97,-0.346
305.99,-0.346
306.01,-0.346
306.02,-0.346
306.04,-0.346
306.06,-0.346
306.07,-0.346
306.09,-0.346
306.11,-0.346
306.12,-0.346
306.14,-0.346
306.16,-0.346
306.17,-0.346
306.19,-0.346
306.21,-0.346
306.22,-0.346
306.24,-0.346
306.26,-0.346
306.27,-0.346
306.29,-0.346
306.31,-0.346
306.32,-0.346
306.34,-0.346
306.36,-0.346
306.37,-0.346
306.39,-0.346
306.41,-0.346
306.42,-0.346
306.44,-0.346
306.46,-0.346
306.47,-0.346
306.49,-0.346
306.51,-0.346
306.52,-0.346
306.54,-0.346
306.56,-0.347
306.57,-0.347
306.59,-0.347
306.61,-0.347
306.62,-0.347
306.64,-0.347
306.66,-0.347
306.67,-0.347
306.69,-0.347
306.71,-0.347
306.72,-0.347
306.74,-0.347
306.76,-0.347
306.77,-0.347
306.79,-0.347
306.81,-0.347
306.82,-0.347
306.84,-0.347
306.86,-0.347
306.88,-0.347
306.89,-0.347
306.91,-0.347
306.92,-0.347
306.94,-0.347
306.96,-0.347
306.97,-0.347
306.99,-0.347
307.01,-0.347
307.02,-0.347
307.04,-0.347
307.06,-0.347
307.07,-0.347
307.09,-0.347
307.11,-0.347
307.12,-0.347
307.14,-0.347
307.16,-0.347
307.17,-0.347
307.19,-0.347
307.21,-0.347
307.22,-0.347
307.24,-0.347
307.26,-0.347
307.27,-0.347
307.29,-0.348
307.31,-0.348
307.32,-0.348
307.34,-0.348
307.36,-0.348
307.37,-0.348
307.39,-0.348
307.41,-0.348
307.42,-0.348
307.44,-0.348
307.46,-0.348
307.47,-0.348
307.49,-0.348
307.51,-0.348
307.52,-0.348
307.54,-0.348
307.56,-0.348
307.57,-0.348
307.59,-0.348
307.61,-0.348
307.62,-0.348
307.64,-0.348
307.66,-0.348
307.67,-0.348
307.69,-0.348
307.71,-0.348
307.72,-0.348
307.74,-0.348
307.76,-0.348
307.77,-0.348
307.79,-0.348
307.81,-0.348
307.82,-0.348
307.84,-0.348
307.86,-0.348
307.87,-0.348
307.89,-0.348
307.91,-0.348
307.92,-0.348
307.94,-0.348
307.96,-0.348
307.97,-0.348
307.99,-0.348
308.01,-0.348
308.02,-0.349
308.04,-0.349
308.06,-0.349
308.07,-0.349
308.09,-0.349
308.11,-0.349
308.13,-0.349
308.14,-0.349
308.16,-0.349
308.17,-0.349
308.19,-0.349
308.21,-0.349
308.22,-0.349
308.24,-0.349
308.26,-0.349
308.27,-0.349
308.29,-0.349
308.31,-0.349
308.32,-0.349
308.34,-0.349
308.36,-0.349
308.37,-0.349
308.39,-0.349
308.41,-0.349
308.42,-0.349
308.44,-0.349
308.46,-0.349
308.48,-0.349
308.49,-0.349
308.51,-0.349
308.52,-0.349
308.54,-0.349
308.56,-0.349
308.57,-0.349
308.59,-0.349
308.61,-0.349
308.62,-0.349
308.64,-0.349
308.66,-0.349
308.67,-0.349
308.69,-0.349
308.71,-0.349
308.73,-0.35
308.74,-0.35
308.76,-0.35
308.78,-0.35
308.79,-0.35
308.81,-0.35
308.82,-0.35
308.84,-0.35
308.86,-0.35
308.87,-0.35
308.89,-0.35
308.91,-0.35
308.92,-0.35
308.94,-0.35
308.96,-0.35
308.97,-0.35
308.99,-0.35
309.01,-0.35
309.03,-0.35
309.04,-0.35
309.06,-0.35
309.08,-0.35
309.09,-0.35
309.11,-0.35
309.13,-0.35
309.14,-0.35
309.16,-0.35
309.18,-0.35
309.19,-0.35
309.21,-0.35
309.23,-0.35
309.24,-0.35
309.26,-0.35
309.28,-0.35
309.29,-0.35
309.31,-0.35
309.33,-0.35
309.34,-0.35
309.36,-0.351
309.37,-0.351
309.39,-0.351
309.41,-0.351
309.43,-0.351
309.44,-0.351
309.46,-0.351
309.48,-0.351
309.49,-0.351
309.51,-0.351
309.53,-0.351
309.54,-0.351
309.56,-0.351
309.57,-0.351
309.59,-0.351
309.61,-0.351
309.63,-0.351
309.64,-0.351
309.66,-0.351
309.68,-0.351
309.69,-0.351
309.71,-0.351
309.73,-0.351
309.74,-0.351
309.76,-0.351
309.78,-0.351
309.79,-0.351
309.81,-0.351
309.83,-0.351
309.84,-0.351
309.86,-0.351
309.88,-0.351
309.89,-0.351
309.91,-0.351
309.93,-0.351
309.94,-0.351
309.96,-0.351
309.98,-0.352
309.99,-0.352
310.01,-0.352
310.03,-0.352
310.04,-0.352
310.06,-0.352
310.08,-0.352
310.09,-0.352
310.11,-0.352
310.13,-0.352
310.14,-0.352
310.16,-0.352
310.18,-0.352
310.19,-0.352
310.21,-0.352
310.23,-0.352
310.24,-0.352
310.26,-0.352
310.28,-0.352
310.29,-0.352
310.31,-0.352
310.33,-0.352
310.34,-0.352
310.36,-0.352
310.38,-0.352
310.39,-0.352
310.41,-0.352
310.43,-0.352
310.44,-0.352
310.46,-0.352
310.48,-0.352
310.49,-0.352
310.51,-0.352
310.52,-0.352
310.54,-0.352
310.56,-0.352
310.58,-0.352
310.59,-0.352
310.61,-0.353
310.63,-0.353
310.64,-0.353
310.66,-0.353
310.68,-0.353
310.69,-0.353
310.71,-0.353
310.73,-0.353
310.74,-0.353
310.76,-0.353
310.78,-0.353
310.79,-0.353
310.81,-0.353
310.82,-0.353
310.84,-0.353
310.86,-0.353
310.87,-0.353
310.89,-0.353
310.91,-0.353
310.92,-0.353
310.94,-0.353
310.96,-0.353
310.97,-0.353
310.99,-0.353
311.01,-0.353
311.02,-0.353
311.04,-0.353
311.06,-0.353
311.07,-0.353
311.09,-0.353
311.11,-0.353
311.12,-0.353
311.14,-0.353
311.16,-0.353
311.17,-0.353
311.19,-0.353
311.21,-0.353
311.22,-0.353
311.24,-0.353
311.26,-0.354
311.27,-0.354
311.29,-0.354
311.31,-0.354
311.33,-0.354
311.34,-0.354
311.36,-0.354
311.38,-0.354
311.39,-0.354
311.41,-0.354
311.43,-0.354
311.44,-0.354
311.46,-0.354
311.48,-0.354
311.49,-0.354
311.51,-0.354
311.53,-0.354
311.54,-0.354
311.56,-0.354
311.57,-0.354
311.59,-0.354
311.61,-0.354
311.62,-0.354
311.64,-0.354
311.66,-0.354
311.68,-0.354
311.69,-0.354
311.71,-0.354
311.73,-0.354
311.74,-0.354
311.76,-0.354
311.77,-0.354
311.79,-0.354
311.81,-0.354
311.83,-0.354
311.84,-0.355
311.86,-0.355
311.88,-0.355
311.89,-0.355
311.91,-0.355
311.93,-0.355
311.94,-0.355
311.96,-0.355
311.98,-0.355
311.99,-0.355
312.01,-0.355
312.03,-0.355
312.04,-0.355
312.06,-0.355
312.08,-0.355
312.09,-0.355
312.11,-0.355
312.12,-0.355
312.14,-0.355
312.16,-0.355
312.17,-0.355
312.19,-0.355
312.21,-0.355
312.23,-0.355
312.24,-0.355
312.26,-0.355
312.27,-0.355
312.29,-0.355
312.31,-0.355
312.33,-0.355
312.34,-0.355
312.36,-0.355
312.38,-0.355
312.39,-0.355
312.41,-0.356
312.42,-0.356
312.44,-0.356
312.46,-0.356
312.47,-0.356
312.49,-0.356
312.51,-0.356
312.52,-0.356
312.54,-0.356
312.56,-0.356
312.57,-0.356
312.59,-0.356
312.61,-0.356
312.62,-0.356
312.64,-0.356
312.66,-0.356
312.67,-0.356
312.69,-0.356
312.71,-0.356
312.73,-0.356
312.74,-0.356
312.76,-0.356
312.78,-0.356
312.79,-0.356
312.81,-0.356
312.82,-0.356
312.84,-0.356
312.86,-0.356
312.87,-0.356
312.89,-0.356
312.91,-0.356
312.92,-0.356
312.94,-0.356
312.96,-0.356
312.97,-0.356
312.99,-0.357
313.01,-0.357
313.03,-0.357
313.04,-0.357
313.06,-0.357
313.08,-0.357
313.09,-0.357
313.11,-0.357
313.13,-0.357
313.14,-0.357
313.16,-0.357
313.17,-0.357
313.19,-0.357
313.21,-0.357
313.22,-0.357
313.24,-0.357
313.26,-0.357
313.27,-0.357
313.29,-0.357
313.31,-0.357
313.32,-0.357
313.34,-0.357
313.36,-0.357
313.38,-0.357
313.39,-0.357
313.41,-0.357
313.42,-0.357
313.44,-0.357
313.46,-0.357
313.47,-0.357
313.49,-0.357
313.51,-0.357
313.53,-0.358
313.54,-0.358
313.56,-0.358
313.58,-0.358
313.59,-0.358
313.61,-0.358
313.62,-0.358
313.64,-0.358
313.66,-0.358
313.68,-0.358
313.69,-0.358
313.71,-0.358
313.72,-0.358
313.74,-0.358
313.76,-0.358
313.77,-0.358
313.79,-0.358
313.81,-0.358
313.82,-0.358
313.84,-0.358
313.86,-0.358
313.87,-0.358
313.89,-0.358
313.91,-0.358
313.92,-0.358
313.94,-0.358
313.96,-0.358
313.97,-0.358
313.99,-0.358
314.01,-0.358
314.03,-0.358
314.04,-0.358
314.06,-0.359
314.08,-0.359
314.09,-0.359
314.11,-0.359
314.12,-0.359
314.14,-0.359
314.16,-0.359
314.17,-0.359
314.19,-0.359
314.21,-0.359
314.22,-0.359
314.24,-0.359
314.26,-0.359
314.27,-0.359
314.29,-0.359
314.31,-0.359
314.32,-0.359
314.34,-0.359
314.36,-0.359
314.38,-0.359
314.39,-0.359
314.41,-0.359
314.42,-0.359
314.44,-0.359
314.46,-0.359
314.48,-0.359
314.49,-0.359
314.51,-0.359
314.52,-0.359
314.54,-0.359
314.56,-0.359
314.57,-0.359
314.59,-0.36
314.61,-0.36
314.63,-0.36
314.64,-0.36
314.66,-0.36
314.67,-0.36
314.69,-0.36
314.71,-0.36
314.72,-0.36
314.74,-0.36
314.76,-0.36
314.77,-0.36
314.79,-0.36
314.81,-0.36
314.82,-0.36
314.84,-0.36
314.86,-0.36
314.87,-0.36
314.89,-0.36
314.91,-0.36
314.92,-0.36
314.94,-0.36
314.96,-0.36
314.97,-0.36
314.99,-0.36
315.01,-0.36
315.02,-0.36
315.04,-0.36
315.06,-0.36
315.07,-0.36
315.09,-0.36
315.11,-0.36
315.12,-0.361
315.14,-0.361
315.16,-0.361
315.17,-0.361
315.19,-0.361
315.21,-0.361
315.22,-0.361
315.24,-0.361
315.26,-0.361
315.27,-0.361
315.29,-0.361
315.31,-0.361
315.32,-0.361
315.34,-0.361
315.36,-0.361
315.37,-0.361
315.39,-0.361
315.41,-0.361
315.43,-0.361
315.44,-0.361
315.46,-0.361
315.47,-0.361
315.49,-0.361
315.51,-0.361
315.52,-0.361
315.54,-0.361
315.56,-0.361
315.57,-0.361
315.59,-0.361
315.61,-0.361
315.62,-0.361
315.64,-0.361
315.66,-0.362
315.67,-0.362
315.69,-0.362
315.71,-0.362
315.72,-0.362
315.74,-0.362
315.76,-0.362
315.77,-0.362
315.79,-0.362
315.81,-0.362
315.82,-0.362
315.84,-0.362
315.86,-0.362
315.87,-0.362
315.89,-0.362
315.91,-0.362
315.92,-0.362
315.94,-0.362
315.96,-0.362
315.97,-0.362
315.99,-0.362
316.01,-0.362
316.02,-0.362
316.04,-0.362
316.06,-0.362
316.07,-0.362
316.09,-0.362
316.11,-0.362
316.12,-0.362
316.14,-0.362
316.16,-0.363
316.17,-0.363
316.19,-0.363
316.21,-0.363
316.23,-0.363
316.24,-0.363
316.26,-0.363
316.28,-0.363
316.29,-0.363
316.31,-0.363
316.32,-0.363
316.34,-0.363
316.36,-0.363
316.37,-0.363
316.39,-0.363
316.41,-0.363
316.42,-0.363
316.44,-0.363
316.46,-0.363
316.47,-0.363
316.49,-0.363
316.51,-0.363
316.52,-0.363
316.54,-0.363
316.56,-0.363
316.57,-0.363
316.59,-0.363
316.61,-0.363
316.62,-0.363
316.64,-0.364
316.66,-0.364
316.67,-0.364
316.69,-0.364
316.71,-0.364
316.72,-0.364
316.74,-0.364
316.76,-0.364
316.77,-0.364
316.79,-0.364
316.81,-0.364
316.82,-0.364
316.84,-0.364
316.86,-0.364
316.87,-0.364
316.89,-0.364
316.91,-0.364
316.93,-0.364
316.94,-0.364
316.96,-0.364
316.97,-0.364
316.99,-0.364
317.01,-0.364
317.03,-0.364
317.04,-0.364
317.06,-0.364
317.07,-0.364
317.09,-0.364
317.11,-0.364
317.12,-0.365
317.14,-0.365
317.16,-0.365
317.17,-0.365
317.19,-0.365
317.21,-0.365
317.22,-0.365
317.24,-0.365
317.26,-0.365
317.28,-0.365
317.29,-0.365
317.31,-0.365
317.32,-0.365
317.34,-0.365
317.36,-0.365
317.37,-0.365
317.39,-0.365
317.41,-0.365
317.42,-0.365
317.44,-0.365
317.46,-0.365
317.47,-0.365
317.49,-0.365
317.51,-0.365
317.53,-0.365
317.54,-0.365
317.56,-0.365
317.57,-0.365
317.59,-0.365
317.61,-0.366
317.62,-0.366
317.64,-0.366
317.66,-0.366
317.67,-0.366
317.69,-0.366
317.71,-0.366
317.72,-0.366
317.74,-0.366
317.76,-0.366
317.77,-0.366
317.79,-0.366
317.81,-0.366
317.83,-0.366
317.84,-0.366
317.86,-0.366
317.87,-0.366
317.89,-0.366
317.91,-0.366
317.92,-0.366
317.94,-0.366
317.96,-0.366
317.97,-0.366
317.99,-0.366
318.01,-0.366
318.03,-0.366
318.04,-0.366
318.06,-0.366
318.08,-0.367
318.09,-0.367
318.11,-0.367
318.13,-0.367
318.14,-0.367
318.16,-0.367
318.18,-0.367
318.19,-0.367
318.21,-0.367
318.23,-0.367
318.24,-0.367
318.26,-0.367
318.27,-0.367
318.29,-0.367
318.31,-0.367
318.32,-0.367
318.34,-0.367
318.36,-0.367
318.38,-0.367
318.39,-0.367
318.41,-0.367
318.43,-0.367
318.44,-0.367
318.46,-0.367
318.47,-0.367
318.49,-0.367
318.51,-0.367
318.53,-0.368
318.54,-0.368
318.56,-0.368
318.57,-0.368
318.59,-0.368
318.61,-0.368
318.63,-0.368
318.64,-0.368
318.66,-0.368
318.67,-0.368
318.69,-0.368
318.71,-0.368
318.73,-0.368
318.74,-0.368
318.76,-0.368
318.77,-0.368
318.79,-0.368
318.81,-0.368
318.82,-0.368
318.84,-0.368
318.86,-0.368
318.88,-0.368
318.89,-0.368
318.91,-0.368
318.92,-0.368
318.94,-0.368
318.96,-0.368
318.97,-0.368
318.99,-0.369
319.01,-0.369
319.03,-0.369
319.04,-0.369
319.06,-0.369
319.08,-0.369
319.09,-0.369
319.11,-0.369
319.12,-0.369
319.14,-0.369
319.16,-0.369
319.17,-0.369
319.19,-0.369
319.21,-0.369
319.22,-0.369
319.24,-0.369
319.26,-0.369
319.27,-0.369
319.29,-0.369
319.31,-0.369
319.33,-0.369
319.34,-0.369
319.36,-0.369
319.37,-0.369
319.39,-0.369
319.41,-0.369
319.43,-0.369
319.44,-0.369
319.46,-0.369
319.47,-0.37
319.49,-0.37
319.51,-0.37
319.53,-0.37
319.54,-0.37
319.56,-0.37
319.57,-0.37
319.59,-0.37
319.61,-0.37
319.62,-0.37
319.64,-0.37
319.66,-0.37
319.67,-0.37
319.69,-0.37
319.71,-0.37
319.72,-0.37
319.74,-0.37
319.76,-0.37
319.77,-0.37
319.79,-0.37
319.81,-0.37
319.83,-0.37
319.84,-0.37
319.86,-0.37
319.88,-0.37
319.89,-0.37
319.91,-0.37
319.92,-0.37
319.94,-0.371
319.96,-0.371
319.97,-0.371
319.99,-0.371
320.01,-0.371
320.02,-0.371
320.04,-0.371
320.06,-0.371
320.07,-0.371
320.09,-0.371
320.11,-0.371
320.12,-0.371
320.14,-0.371
320.16,-0.371
320.17,-0.371
320.19,-0.371
320.21,-0.371
320.23,-0.371
320.24,-0.371
320.26,-0.371
320.28,-0.371
320.29,-0.371
320.31,-0.371
320.33,-0.371
320.34,-0.371
320.36,-0.371
320.38,-0.371
320.39,-0.372
320.41,-0.372
320.43,-0.372
320.44,-0.372
320.46,-0.372
320.48,-0.372
320.49,-0.372
320.51,-0.372
320.52,-0.372
320.54,-0.372
320.56,-0.372
320.57,-0.372
320.59,-0.372
320.61,-0.372
320.62,-0.372
320.64,-0.372
320.66,-0.372
320.68,-0.372
320.69,-0.372
320.71,-0.372
320.72,-0.372
320.74,-0.372
320.76,-0.372
320.77,-0.372
320.79,-0.372
320.81,-0.372
320.83,-0.372
320.84,-0.373
320.86,-0.373
320.87,-0.373
320.89,-0.373
320.91,-0.373
320.92,-0.373
320.94,-0.373
320.96,-0.373
320.98,-0.373
320.99,-0.373
321.01,-0.373
321.02,-0.373
321.04,-0.373
321.06,-0.373
321.08,-0.373
321.09,-0.373
321.11,-0.373
321.13,-0.373
321.14,-0.373
321.16,-0.373
321.18,-0.373
321.19,-0.373
321.21,-0.373
321.23,-0.373
321.24,-0.373
321.26,-0.373
321.28,-0.373
321.29,-0.373
321.31,-0.374
321.33,-0.374
321.34,-0.374
321.36,-0.374
321.38,-0.374
321.39,-0.374
321.41,-0.374
321.43,-0.374
321.44,-0.374
321.46,-0.374
321.48,-0.374
321.49,-0.374
321.51,-0.374
321.53,-0.374
321.54,-0.374
321.56,-0.374
321.58,-0.374
321.59,-0.374
321.61,-0.374
321.63,-0.374
321.64,-0.374
321.66,-0.374
321.68,-0.374
321.69,-0.374
321.71,-0.374
321.73,-0.374
321.74,-0.374
321.76,-0.375
321.78,-0.375
321.79,-0.375
321.81,-0.375
321.83,-0.375
321.84,-0.375
321.86,-0.375
321.87,-0.375
321.89,-0.375
321.91,-0.375
321.93,-0.375
321.94,-0.375
321.96,-0.375
321.97,-0.375
321.99,-0.375
322.01,-0.375
322.02,-0.375
322.04,-0.375
322.06,-0.375
322.08,-0.375
322.09,-0.375
322.11,-0.375
322.12,-0.375
322.14,-0.375
322.16,-0.375
322.18,-0.375
322.19,-0.375
322.21,-0.376
322.22,-0.376
322.24,-0.376
322.26,-0.376
322.28,-0.376
322.29,-0.376
322.31,-0.376
322.32,-0.376
322.34,-0.376
322.36,-0.376
322.37,-0.376
322.39,-0.376
322.41,-0.376
322.42,-0.376
322.44,-0.376
322.46,-0.376
322.47,-0.376
322.49,-0.376
322.51,-0.376
322.53,-0.376
322.54,-0.376
322.56,-0.376
322.57,-0.376
322.59,-0.376
322.61,-0.376
322.63,-0.376
322.64,-0.376
322.66,-0.377
322.67,-0.377
322.69,-0.377
322.71,-0.377
322.73,-0.377
322.74,-0.377
322.76,-0.377
322.77,-0.377
322.79,-0.377
322.81,-0.377
322.82,-0.377
322.84,-0.377
322.86,-0.377
322.87,-0.377
322.89,-0.377
322.91,-0.377
322.92,-0.377
322.94,-0.377
322.96,-0.377
322.97,-0.377
322.99,-0.377
323.01,-0.377
323.02,-0.377
323.04,-0.377
323.06,-0.377
323.07,-0.377
323.09,-0.378
323.11,-0.378
323.12,-0.378
323.14,-0.378
323.16,-0.378
323.17,-0.378
323.19,-0.378
323.21,-0.378
323.22,-0.378
323.24,-0.378
323.26,-0.378
323.27,-0.378
323.29,-0.378
323.31,-0.378
323.32,-0.378
323.34,-0.378
323.36,-0.378
323.37,-0.378
323.39,-0.378
323.41,-0.378
323.42,-0.378
323.44,-0.378
323.46,-0.378
323.47,-0.378
323.49,-0.378
323.51,-0.378
323.52,-0.379
323.54,-0.379
323.56,-0.379
323.57,-0.379
323.59,-0.379
323.61,-0.379
323.62,-0.379
323.64,-0.379
323.66,-0.379
323.67,-0.379
323.69,-0.379
323.71,-0.379
323.72,-0.379
323.74,-0.379
323.76,-0.379
323.77,-0.379
323.79,-0.379
323.81,-0.379
323.82,-0.379
323.84,-0.379
323.86,-0.379
323.87,-0.379
323.89,-0.379
323.91,-0.379
323.92,-0.379
323.94,-0.38
323.96,-0.38
323.97,-0.38
323.99,-0.38
324.01,-0.38
324.02,-0.38
324.04,-0.38
324.06,-0.38
324.07,-0.38
324.09,-0.38
324.11,-0.38
324.12,-0.38
324.14,-0.38
324.16,-0.38
324.17,-0.38
324.19,-0.38
324.21,-0.38
324.22,-0.38
324.24,-0.38
324.26,-0.38
324.27,-0.38
324.29,-0.38
324.31,-0.38
324.32,-0.38
324.34,-0.381
324.36,-0.381
324.37,-0.381
324.39,-0.381
324.41,-0.381
324.42,-0.381
324.44,-0.381
324.46,-0.381
324.47,-0.381
324.49,-0.381
324.51,-0.381
324.52,-0.381
324.54,-0.381
324.56,-0.381
324.57,-0.381
324.59,-0.381
324.61,-0.381
324.62,-0.381
324.64,-0.381
324.66,-0.381
324.67,-0.381
324.69,-0.381
324.71,-0.381
324.72,-0.382
324.74,-0.382
324.76,-0.382
324.77,-0.382
324.79,-0.382
324.81,-0.382
324.82,-0.382
324.84,-0.382
324.86,-0.382
324.87,-0.382
324.89,-0.382
324.91,-0.382
324.92,-0.382
324.94,-0.382
324.96,-0.382
324.97,-0.382
324.99,-0.382
325.01,-0.382
325.02,-0.382
325.04,-0.382
325.06,-0.382
325.07,-0.382
325.09,-0.382
325.11,-0.383
325.12,-0.383
325.14,-0.383
325.16,-0.383
325.17,-0.383
325.19,-0.383
325.21,-0.383
325.22,-0.383
325.24,-0.383
325.26,-0.383
325.27,-0.383
325.29,-0.383
325.31,-0.383
325.32,-0.383
325.34,-0.383
325.36,-0.383
325.37,-0.383
325.39,-0.383
325.41,-0.383
325.42,-0.383
325.44,-0.383
325.46,-0.383
325.47,-0.383
325.49,-0.383
325.51,-0.384
325.52,-0.384
325.54,-0.384
325.56,-0.384
325.57,-0.384
325.59,-0.384
325.61,-0.384
325.62,-0.384
325.64,-0.384
325.66,-0.384
325.67,-0.384
325.69,-0.384
325.71,-0.384
325.72,-0.384
325.74,-0.384
325.76,-0.384
325.77,-0.384
325.79,-0.384
325.8,-0.384
325.82,-0.384
325.84,-0.384
325.86,-0.384
325.87,-0.384
325.89,-0.385
325.91,-0.385
325.92,-0.385
325.94,-0.385
325.96,-0.385
325.97,-0.385
325.99,-0.385
326.01,-0.385
326.02,-0.385
326.04,-0.385
326.05,-0.385
326.07,-0.385
326.09,-0.385
326.11,-0.385
326.12,-0.385
326.14,-0.385
326.15,-0.385
326.17,-0.385
326.19,-0.385
326.21,-0.385
326.22,-0.385
326.24,-0.385
326.25,-0.385
326.27,-0.386
326.29,-0.386
326.3,-0.386
326.32,-0.386
326.34,-0.386
326.35,-0.386
326.37,-0.386
326.39,-0.386
326.4,-0.386
326.42,-0.386
326.44,-0.386
326.45,-0.386
326.47,-0.386
326.49,-0.386
326.51,-0.386
326.52,-0.386
326.54,-0.386
326.56,-0.386
326.57,-0.386
326.59,-0.386
326.6,-0.386
326.62,-0.386
326.64,-0.387
326.66,-0.387
326.67,-0.387
326.69,-0.387
326.71,-0.387
326.72,-0.387
326.74,-0.387
326.76,-0.387
326.77,-0.387
326.79,-0.387
326.81,-0.387
326.82,-0.387
326.84,-0.387
326.86,-0.387
326.87,-0.387
326.89,-0.387
326.91,-0.387
326.92,-0.388
326.94,-0.388
326.95,-0.388
326.97,-0.388
326.99,-0.388
327.01,-0.388
327.02,-0.388
327.04,-0.388
327.06,-0.388
327.07,-0.388
327.09,-0.388
327.11,-0.388
327.12,-0.388
327.14,-0.388
327.16,-0.388
327.17,-0.388
327.19,-0.388
327.21,-0.388
327.22,-0.389
327.24,-0.389
327.26,-0.389
327.27,-0.389
327.29,-0.389
327.31,-0.389
327.32,-0.389
327.34,-0.389
327.36,-0.389
327.37,-0.389
327.39,-0.389
327.41,-0.389
327.42,-0.389
327.44,-0.389
327.46,-0.389
327.47,-0.389
327.49,-0.389
327.51,-0.389
327.52,-0.39
327.54,-0.39
327.56,-0.39
327.57,-0.39
327.59,-0.39
327.61,-0.39
327.62,-0.39
327.64,-0.39
327.66,-0.39
327.67,-0.39
327.69,-0.39
327.71,-0.39
327.72,-0.39
327.74,-0.39
327.75,-0.39
327.77,-0.39
327.79,-0.39
327.81,-0.39
327.82,-0.39
327.84,-0.391
327.86,-0.391
327.87,-0.391
327.89,-0.391
327.91,-0.391
327.92,-0.391
327.94,-0.391
327.96,-0.391
327.97,-0.391
327.99,-0.391
328.01,-0.391
328.02,-0.391
328.04,-0.391
328.05,-0.391
328.07,-0.391
328.09,-0.391
328.11,-0.391
328.12,-0.391
328.14,-0.391
328.16,-0.391
328.17,-0.392
328.19,-0.392
328.21,-0.392
328.22,-0.392
328.24,-0.392
328.26,-0.392
328.27,-0.392
328.29,-0.392
328.31,-0.392
328.32,-0.392
328.34,-0.392
328.36,-0.392
328.37,-0.392
328.39,-0.392
328.41,-0.392
328.42,-0.392
328.44,-0.392
328.46,-0.392
328.47,-0.392
328.49,-0.392
328.51,-0.392
328.52,-0.393
328.54,-0.393
328.56,-0.393
328.57,-0.393
328.59,-0.393
328.61,-0.393
328.62,-0.393
328.64,-0.393
328.65,-0.393
328.67,-0.393
328.69,-0.393
328.71,-0.393
328.72,-0.393
328.74,-0.393
328.76,-0.393
328.77,-0.393
328.79,-0.393
328.8,-0.393
328.82,-0.393
328.84,-0.393
328.85,-0.393
328.87,-0.394
328.89,-0.394
328.9,-0.394
328.92,-0.394
328.94,-0.394
328.95,-0.394
328.97,-0.394
328.99,-0.394
329.0,-0.394
329.02,-0.394
329.04,-0.394
329.05,-0.394
329.07,-0.394
329.09,-0.394
329.1,-0.394
329.12,-0.394
329.14,-0.394
329.15,-0.394
329.17,-0.394
329.19,-0.394
329.2,-0.395
329.22,-0.395
329.24,-0.395
329.25,-0.395
329.27,-0.395
329.29,-0.395
329.3,-0.395
329.32,-0.395
329.34,-0.395
329.35,-0.395
329.37,-0.395
329.39,-0.395
329.4,-0.395
329.42,-0.395
329.44,-0.395
329.45,-0.395
329.47,-0.395
329.49,-0.395
329.5,-0.395
329.52,-0.396
329.54,-0.396
329.55,-0.396
329.57,-0.396
329.59,-0.396
329.6,-0.396
329.62,-0.396
329.64,-0.396
329.65,-0.396
329.67,-0.396
329.69,-0.396
329.7,-0.396
329.72,-0.396
329.74,-0.396
329.75,-0.396
329.77,-0.396
329.79,-0.396
329.8,-0.396
329.82,-0.397
329.84,-0.397
329.85,-0.397
329.87,-0.397
329.89,-0.397
329.9,-0.397
329.92,-0.397
329.94,-0.397
329.95,-0.397
329.97,-0.397
329.99,-0.397
330.0,-0.397
330.02,-0.397
330.04,-0.397
330.05,-0.397
330.07,-0.397
330.09,-0.397
330.1,-0.397
330.12,-0.398
330.14,-0.398
330.15,-0.398
330.17,-0.398
330.19,-0.398
330.2,-0.398
330.22,-0.398
330.24,-0.398
330.25,-0.398
330.27,-0.398
330.29,-0.398
330.3,-0.398
330.32,-0.398
330.34,-0.398
330.35,-0.398
330.37,-0.398
330.39,-0.398
330.4,-0.398
330.42,-0.399
330.44,-0.399
330.45,-0.399
330.47,-0.399
330.49,-0.399
330.5,-0.399
330.52,-0.399
330.54,-0.399
330.55,-0.399
330.57,-0.399
330.59,-0.399
330.6,-0.399
330.62,-0.399
330.64,-0.399
330.65,-0.399
330.67,-0.399
330.69,-0.399
330.7,-0.4
330.72,-0.4
330.74,-0.4
330.75,-0.4
330.77,-0.4
330.79,-0.4
330.8,-0.4
330.82,-0.4
330.84,-0.4
330.85,-0.4
330.87,-0.4
330.89,-0.401
330.9,-0.401
330.92,-0.401
330.94,-0.401
330.95,-0.401
330.97,-0.401
330.99,-0.401
331.0,-0.401
331.02,-0.401
331.04,-0.401
331.05,-0.401
331.07,-0.401
331.09,-0.401
331.11,-0.401
331.12,-0.401
331.14,-0.401
331.15,-0.401
331.17,-0.402
331.19,-0.402
331.21,-0.402
331.22,-0.402
331.24,-0.402
331.26,-0.402
331.27,-0.402
331.29,-0.402
331.31,-0.402
331.32,-0.402
331.34,-0.402
331.35,-0.402
331.37,-0.402
331.39,-0.402
331.4,-0.402
331.42,-0.402
331.44,-0.403
331.46,-0.403
331.47,-0.403
331.49,-0.403
331.51,-0.403
331.52,-0.403
331.54,-0.403
331.56,-0.403
331.57,-0.403
331.59,-0.403
331.61,-0.403
331.62,-0.403
331.64,-0.403
331.65,-0.403
331.67,-0.403
331.69,-0.403
331.71,-0.403
331.72,-0.403
331.74,-0.403
331.76,-0.404
331.77,-0.404
331.79,-0.404
331.81,-0.404
331.82,-0.404
331.84,-0.404
331.85,-0.404
331.87,-0.404
331.89,-0.404
331.9,-0.404
331.92,-0.404
331.94,-0.404
331.95,-0.404
331.97,-0.404
331.99,-0.404
332.01,-0.404
332.02,-0.404
332.04,-0.404
332.05,-0.404
332.07,-0.404
332.09,-0.405
332.1,-0.405
332.12,-0.405
332.14,-0.405
332.15,-0.405
332.17,-0.405
332.19,-0.405
332.2,-0.405
332.22,-0.405
332.24,-0.405
332.25,-0.405
332.27,-0.405
332.29,-0.405
332.3,-0.405
332.32,-0.405
332.34,-0.405
332.35,-0.405
332.37,-0.405
332.39,-0.405
332.4,-0.405
332.42,-0.405
332.44,-0.405
332.45,-0.406
332.47,-0.406
332.49,-0.406
332.5,-0.406
332.52,-0.406
332.54,-0.406
332.55,-0.406
332.57,-0.406
332.59,-0.406
332.6,-0.406
332.62,-0.406
332.64,-0.406
332.65,-0.406
332.67,-0.406
332.69,-0.406
332.7,-0.406
332.72,-0.406
332.74,-0.406
332.75,-0.406
332.77,-0.406
332.79,-0.406
332.8,-0.407
332.82,-0.407
332.84,-0.407
332.85,-0.407
332.87,-0.407
332.89,-0.407
332.9,-0.407
332.92,-0.407
332.94,-0.407
332.95,-0.407
332.97,-0.407
332.99,-0.407
333.0,-0.407
333.02,-0.407
333.04,-0.407
333.05,-0.407
333.07,-0.407
333.09,-0.407
333.1,-0.407
333.12,-0.407
333.14,-0.408
333.15,-0.408
333.17,-0.408
333.19,-0.408
333.2,-0.408
333.22,-0.408
333.24,-0.408
333.25,-0.408
333.27,-0.408
333.29,-0.408
333.3,-0.408
333.32,-0.408
333.34,-0.408
333.35,-0.408
333.37,-0.409
333.39,-0.409
333.4,-0.409
333.42,-0.409
333.44,-0.409
333.45,-0.409
333.47,-0.409
333.49,-0.409
333.5,-0.409
333.52,-0.409
333.54,-0.409
333.55,-0.409
333.57,-0.409
333.59,-0.409
333.6,-0.409
333.62,-0.41
333.64,-0.41
333.65,-0.41
333.67,-0.41
333.69,-0.41
333.7,-0.41
333.72,-0.41
333.74,-0.41
333.75,-0.41
333.77,-0.41
333.79,-0.41
333.8,-0.41
333.82,-0.41
333.84,-0.41
333.85,-0.41
333.87,-0.41
333.89,-0.411
333.9,-0.411
333.92,-0.411
333.94,-0.411
333.95,-0.411
333.97,-0.411
333.99,-0.411
334.0,-0.411
334.02,-0.411
334.04,-0.411
334.05,-0.411
334.07,-0.411
334.09,-0.411
334.1,-0.411
334.12,-0.411
334.14,-0.411
334.15,-0.411
334.17,-0.411
334.19,-0.412
334.2,-0.412
334.22,-0.412
334.24,-0.412
334.25,-0.412
334.27,-0.412
334.29,-0.412
334.3,-0.412
334.32,-0.412
334.34,-0.412
334.35,-0.412
334.37,-0.412
334.39,-0.412
334.4,-0.412
334.42,-0.412
334.44,-0.412
334.45,-0.412
334.47,-0.412
334.49,-0.412
334.5,-0.412
334.52,-0.413
334.54,-0.413
334.55,-0.413
334.57,-0.413
334.59,-0.413
334.6,-0.413
334.62,-0.413
334.64,-0.413
334.65,-0.413
334.67,-0.413
334.69,-0.413
334.7,-0.413
334.72,-0.413
334.74,-0.413
334.75,-0.413
334.77,-0.413
334.79,-0.413
334.8,-0.413
334.82,-0.413
334.84,-0.413
334.85,-0.414
334.87,-0.414
334.89,-0.414
334.9,-0.414
334.92,-0.414
334.94,-0.414
334.95,-0.414
334.97,-0.414
334.99,-0.414
335.0,-0.414
335.02,-0.414
335.04,-0.414
335.05,-0.414
335.07,-0.414
335.09,-0.414
335.1,-0.414
335.12,-0.414
335.14,-0.414
335.15,-0.414
335.17,-0.414
335.19,-0.414
335.2,-0.415
335.22,-0.415
335.24,-0.415
335.25,-0.415
335.27,-0.415
335.29,-0.415
335.3,-0.415
335.32,-0.415
335.34,-0.415
335.35,-0.415
335.37,-0.415
335.39,-0.415
335.4,-0.415
335.42,-0.415
335.44,-0.415
335.45,-0.415
335.47,-0.415
335.49,-0.415
335.5,-0.415
335.52,-0.415
335.54,-0.415
335.55,-0.415
335.57,-0.416
335.59,-0.416
335.6,-0.416
335.62,-0.416
335.64,-0.416
335.65,-0.416
335.67,-0.416
335.69,-0.416
335.7,-0.416
335.72,-0.416
335.74,-0.416
335.75,-0.416
335.77,-0.416
335.79,-0.416
335.8,-0.416
335.82,-0.416
335.84,-0.416
335.85,-0.416
335.87,-0.416
335.89,-0.416
335.9,-0.416
335.92,-0.416
335.94,-0.417
335.95,-0.417
335.97,-0.417
335.99,-0.417
336.0,-0.417
336.02,-0.417
336.04,-0.417
336.05,-0.417
336.07,-0.417
336.09,-0.417
336.1,-0.417
336.12,-0.417
336.14,-0.417
336.15,-0.417
336.17,-0.417
336.19,-0.417
336.2,-0.417
336.22,-0.417
336.24,-0.417
336.25,-0.417
336.27,-0.417
336.29,-0.417
336.3,-0.417
336.32,-0.418
336.34,-0.418
336.35,-0.418
336.37,-0.418
336.39,-0.418
336.4,-0.418
336.42,-0.418
336.43,-0.418
336.45,-0.418
336.47,-0.418
336.49,-0.418
336.5,-0.418
336.52,-0.418
336.54,-0.418
336.55,-0.418
336.57,-0.418
336.59,-0.418
336.6,-0.418
336.62,-0.418
336.64,-0.418
336.65,-0.418
336.67,-0.418
336.69,-0.418
336.7,-0.418
336.72,-0.418
336.74,-0.419
336.75,-0.419
336.77,-0.419
336.79,-0.419
336.8,-0.419
336.82,-0.419
336.84,-0.419
336.85,-0.419
336.87,-0.419
336.89,-0.419
336.9,-0.419
336.92,-0.419
336.94,-0.419
336.95,-0.419
336.97,-0.419
336.98,-0.419
337.0,-0.419
337.02,-0.419
337.03,-0.419
337.05,-0.419
337.07,-0.419
337.09,-0.419
337.1,-0.419
337.12,-0.419
337.13,-0.419
337.15,-0.419
337.17,-0.419
337.18,-0.419
337.2,-0.42
337.22,-0.42
337.23,-0.42
337.25,-0.42
337.27,-0.42
337.29,-0.42
337.3,-0.42
337.32,-0.42
337.33,-0.42
337.35,-0.42
337.37,-0.42
337.38,-0.42
337.4,-0.42
337.42,-0.42
337.43,-0.42
337.45,-0.42
337.47,-0.42
337.48,-0.42
337.5,-0.42
337.52,-0.42
337.53,-0.42
337.55,-0.42
337.57,-0.42
337.58,-0.42
337.6,-0.42
337.62,-0.42
337.63,-0.42
337.65,-0.42
337.67,-0.42
337.68,-0.42
337.7,-0.42
337.72,-0.421
337.74,-0.421
337.75,-0.421
337.77,-0.421
337.79,-0.421
337.8,-0.421
337.82,-0.421
337.84,-0.421
337.85,-0.421
337.87,-0.421
337.89,-0.421
337.9,-0.421
337.92,-0.421
337.94,-0.421
337.95,-0.421
337.97,-0.421
337.99,-0.421
338.0,-0.421
338.02,-0.421
338.04,-0.421
338.05,-0.421
338.07,-0.421
338.09,-0.421
338.1,-0.421
338.12,-0.421
338.14,-0.421
338.15,-0.421
338.17,-0.421
338.19,-0.421
338.2,-0.421
338.22,-0.421
338.24,-0.421
338.25,-0.421
338.27,-0.422
338.29,-0.422
338.3,-0.422
338.32,-0.422
338.34,-0.422
338.35,-0.422
338.37,-0.422
338.39,-0.422
338.4,-0.422
338.42,-0.422
338.44,-0.422
338.45,-0.422
338.47,-0.422
338.49,-0.422
338.5,-0.422
338.52,-0.422
338.54,-0.422
338.55,-0.422
338.57,-0.422
338.59,-0.422
338.6,-0.422
338.62,-0.422
338.64,-0.422
338.65,-0.422
338.67,-0.422
338.69,-0.422
338.7,-0.422
338.72,-0.422
338.74,-0.422
338.75,-0.422
338.77,-0.422
338.79,-0.422
338.8,-0.422
338.82,-0.422
338.84,-0.422
338.85,-0.422
338.87,-0.422
338.89,-0.422
338.9,-0.422
338.92,-0.422
338.94,-0.422
338.95,-0.422
338.97,-0.422
338.99,-0.423
339.0,-0.423
339.02,-0.423
339.04,-0.423
339.05,-0.423
339.07,-0.423
339.09,-0.423
339.1,-0.423
339.12,-0.423
339.14,-0.423
339.15,-0.423
339.17,-0.423
339.19,-0.423
339.2,-0.423
339.22,-0.423
339.24,-0.423
339.25,-0.423
339.27,-0.423
339.29,-0.423
339.3,-0.423
339.32,-0.423
339.34,-0.423
339.35,-0.423
339.37,-0.423
339.39,-0.423
339.4,-0.423
339.42,-0.423
339.44,-0.423
339.45,-0.423
339.47,-0.423
339.49,-0.423
339.5,-0.423
339.52,-0.423
339.54,-0.423
339.55,-0.423
339.57,-0.423
339.59,-0.423
339.6,-0.423
339.62,-0.423
339.64,-0.423
339.65,-0.423
339.67,-0.423
339.69,-0.423
339.7,-0.423
339.72,-0.423
339.74,-0.423
339.75,-0.423
339.77,-0.423
339.79,-0.423
339.8,-0.423
339.82,-0.423
339.84,-0.423
339.85,-0.423
339.87,-0.423
339.89,-0.423
339.9,-0.423
339.92,-0.423
339.94,-0.423
339.95,-0.423
339.97,-0.423
339.99,-0.423
340.0,-0.423
340.02,-0.423
340.04,-0.423
340.05,-0.423
340.07,-0.423
340.09,-0.423
340.1,-0.423
340.12,-0.423
340.14,-0.423
340.15,-0.423
340.17,-0.423
340.19,-0.423
340.2,-0.423
340.22,-0.423
340.24,-0.423
340.25,-0.423
340.27,-0.423
340.29,-0.423
340.3,-0.423
340.32,-0.423
340.34,-0.423
340.35,-0.423
340.37,-0.423
340.39,-0.423
340.4,-0.423
340.42,-0.423
340.44,-0.423
340.45,-0.423
340.47,-0.423
340.49,-0.423
340.5,-0.423
340.52,-0.423
340.54,-0.423
340.55,-0.423
340.57,-0.423
340.59,-0.423
340.6,-0.423
340.62,-0.423
340.64,-0.423
340.65,-0.423
340.67,-0.423
340.69,-0.423
340.71,-0.423
340.72,-0.423
340.74,-0.423
340.75,-0.423
340.77,-0.423
340.79,-0.423
340.8,-0.423
340.82,-0.423
340.84,-0.423
340.85,-0.423
340.87,-0.423
340.89,-0.423
340.9,-0.423
340.92,-0.423
340.94,-0.423
340.95,-0.423
340.97,-0.423
340.99,-0.423
341.0,-0.423
341.02,-0.423
341.04,-0.422
341.06,-0.422
341.07,-0.422
341.09,-0.422
341.11,-0.422
341.12,-0.422
341.14,-0.422
341.15,-0.422
341.17,-0.422
341.19,-0.422
341.21,-0.422
341.22,-0.422
341.24,-0.422
341.26,-0.422
341.27,-0.422
341.29,-0.422
341.31,-0.422
341.32,-0.422
341.34,-0.422
341.36,-0.422
341.37,-0.422
341.39,-0.422
341.41,-0.422
341.42,-0.422
341.44,-0.422
341.46,-0.422
341.47,-0.422
341.49,-0.422
341.51,-0.422
341.52,-0.422
341.54,-0.422
341.56,-0.422
341.57,-0.422
341.59,-0.422
341.61,-0.422
341.62,-0.421
341.64,-0.421
341.66,-0.421
341.67,-0.421
341.69,-0.421
341.71,-0.421
341.72,-0.421
341.74,-0.421
341.76,-0.421
341.77,-0.421
341.79,-0.421
341.81,-0.421
341.82,-0.421
341.84,-0.421
341.86,-0.421
341.87,-0.421
341.89,-0.421
341.91,-0.421
341.92,-0.421
341.94,-0.421
341.96,-0.421
341.97,-0.42
341.99,-0.42
342.01,-0.42
342.02,-0.42
342.04,-0.42
342.06,-0.42
342.07,-0.42
342.09,-0.42
342.11,-0.42
342.12,-0.42
342.14,-0.42
342.16,-0.42
342.17,-0.42
342.19,-0.42
342.21,-0.42
342.22,-0.42
342.24,-0.42
342.26,-0.419
342.27,-0.419
342.29,-0.419
342.31,-0.419
342.32,-0.419
342.34,-0.419
342.36,-0.419
342.37,-0.419
342.39,-0.419
342.41,-0.419
342.42,-0.419
342.44,-0.419
342.46,-0.419
342.47,-0.419
342.49,-0.419
342.51,-0.419
342.52,-0.419
342.54,-0.419
342.56,-0.418
342.57,-0.418
342.59,-0.418
342.61,-0.418
342.62,-0.418
342.64,-0.418
342.66,-0.418
342.67,-0.418
342.69,-0.418
342.71,-0.418
342.72,-0.418
342.74,-0.418
342.76,-0.418
342.77,-0.418
342.79,-0.418
342.81,-0.418
342.82,-0.418
342.84,-0.418
342.86,-0.418
342.87,-0.418
342.89,-0.417
342.91,-0.417
342.92,-0.417
342.94,-0.417
342.96,-0.417
342.97,-0.417
342.99,-0.417
343.01,-0.417
343.02,-0.417
343.04,-0.417
343.06,-0.417
343.07,-0.417
343.09,-0.417
343.11,-0.417
343.12,-0.416
343.14,-0.416
343.16,-0.416
343.17,-0.416
343.19,-0.416
343.21,-0.416
343.22,-0.416
343.24,-0.416
343.26,-0.416
343.27,-0.416
343.29,-0.416
343.31,-0.416
343.32,-0.416
343.34,-0.416
343.36,-0.416
343.38,-0.416
343.39,-0.416
343.41,-0.416
343.43,-0.416
343.44,-0.415
343.46,-0.415
343.48,-0.415
343.49,-0.415
343.51,-0.415
343.53,-0.415
343.54,-0.415
343.56,-0.415
343.58,-0.415
343.59,-0.415
343.61,-0.415
343.63,-0.415
343.64,-0.414
343.66,-0.414
343.68,-0.414
343.69,-0.414
343.71,-0.414
343.73,-0.414
343.74,-0.414
343.76,-0.414
343.78,-0.414
343.79,-0.414
343.81,-0.414
343.83,-0.414
343.84,-0.414
343.86,-0.413
343.88,-0.413
343.89,-0.413
343.91,-0.413
343.93,-0.413
343.94,-0.413
343.96,-0.413
343.98,-0.413
343.99,-0.413
344.01,-0.413
344.03,-0.413
344.04,-0.413
344.06,-0.412
344.08,-0.412
344.09,-0.412
344.11,-0.412
344.13,-0.412
344.14,-0.412
344.16,-0.412
344.18,-0.412
344.19,-0.412
344.21,-0.412
344.23,-0.412
344.24,-0.412
344.26,-0.411
344.28,-0.411
344.29,-0.411
344.31,-0.411
344.33,-0.411
344.34,-0.411
344.36,-0.411
344.38,-0.411
344.39,-0.411
344.41,-0.411
344.43,-0.411
344.44,-0.411
344.46,-0.41
344.48,-0.41
344.49,-0.41
344.51,-0.41
344.53,-0.41
344.54,-0.41
344.56,-0.41
344.58,-0.41
344.59,-0.41
344.61,-0.41
344.63,-0.409
344.64,-0.409
344.66,-0.409
344.68,-0.409
344.69,-0.409
344.71,-0.409
344.73,-0.409
344.74,-0.409
344.76,-0.409
344.78,-0.409
344.79,-0.409
344.81,-0.409
344.83,-0.408
344.84,-0.408
344.86,-0.408
344.88,-0.408
344.89,-0.408
344.91,-0.408
344.93,-0.408
344.94,-0.408
344.96,-0.408
344.98,-0.408
344.99,-0.407
345.01,-0.407
345.03,-0.407
345.04,-0.407
345.06,-0.407
345.08,-0.407
345.09,-0.407
345.11,-0.407
345.13,-0.407
345.15,-0.407
345.16,-0.407
345.18,-0.406
345.19,-0.406
345.21,-0.406
345.23,-0.406
345.24,-0.406
345.26,-0.406
345.28,-0.406
345.29,-0.406
345.31,-0.406
345.33,-0.406
345.34,-0.406
345.36,-0.406
345.38,-0.406
345.4,-0.406
345.41,-0.406
345.43,-0.405
345.45,-0.405
345.46,-0.405
345.48,-0.405
345.5,-0.405
345.51,-0.405
345.53,-0.405
345.55,-0.405
345.56,-0.405
345.58,-0.405
345.6,-0.405
345.61,-0.405
345.63,-0.405
345.65,-0.405
345.66,-0.404
345.68,-0.404
345.7,-0.404
345.71,-0.404
345.73,-0.404
345.75,-0.404
345.76,-0.404
345.78,-0.404
345.8,-0.404
345.81,-0.404
345.83,-0.403
345.85,-0.403
345.86,-0.403
345.88,-0.403
345.9,-0.403
345.91,-0.403
345.93,-0.403
345.95,-0.403
345.96,-0.403
345.98,-0.403
346.0,-0.403
346.01,-0.403
346.03,-0.403
346.05,-0.402
346.06,-0.402
346.08,-0.402
346.1,-0.402
346.11,-0.402
346.13,-0.402
346.15,-0.402
346.16,-0.402
346.18,-0.402
346.2,-0.402
346.21,-0.402
346.23,-0.401
346.25,-0.401
346.26,-0.401
346.28,-0.401
346.3,-0.401
346.31,-0.401
346.33,-0.401
346.35,-0.401
346.36,-0.401
346.38,-0.401
346.4,-0.401
346.41,-0.401
346.43,-0.401
346.45,-0.401
346.46,-0.4
346.48,-0.4
346.5,-0.4
346.51,-0.4
346.53,-0.4
346.55,-0.4
346.56,-0.4
346.58,-0.4
346.6,-0.4
346.61,-0.4
346.63,-0.399
346.65,-0.399
346.66,-0.399
346.68,-0.399
346.7,-0.399
346.71,-0.399
346.73,-0.399
346.75,-0.399
346.76,-0.399
346.78,-0.399
346.8,-0.399
346.81,-0.399
346.83,-0.398
346.85,-0.398
346.86,-0.398
346.88,-0.398
346.9,-0.398
346.91,-0.398
346.93,-0.398
346.95,-0.398
346.96,-0.398
346.98,-0.398
347.0,-0.398
347.01,-0.398
347.03,-0.397
347.05,-0.397
347.06,-0.397
347.08,-0.397
347.1,-0.397
347.11,-0.397
347.13,-0.397
347.15,-0.397
347.16,-0.397
347.18,-0.396
347.2,-0.396
347.21,-0.396
347.23,-0.396
347.25,-0.396
347.26,-0.396
347.28,-0.396
347.3,-0.396
347.32,-0.396
347.33,-0.396
347.35,-0.396
347.37,-0.396
347.38,-0.396
347.4,-0.396
347.41,-0.395
347.43,-0.395
347.45,-0.395
347.47,-0.395
347.48,-0.395
347.5,-0.395
347.52,-0.395
347.53,-0.395
347.55,-0.395
347.57,-0.395
347.58,-0.395
347.6,-0.395
347.62,-0.395
347.63,-0.395
347.65,-0.394
347.67,-0.394
347.68,-0.394
347.7,-0.394
347.72,-0.394
347.73,-0.394
347.75,-0.394
347.77,-0.394
347.78,-0.394
347.8,-0.394
347.82,-0.394
347.83,-0.394
347.85,-0.394
347.87,-0.394
347.88,-0.394
347.9,-0.394
347.92,-0.393
347.93,-0.393
347.95,-0.393
347.97,-0.393
347.98,-0.393
348.0,-0.393
348.02,-0.393
348.03,-0.393
348.05,-0.393
348.07,-0.393
348.08,-0.393
348.1,-0.393
348.12,-0.393
348.13,-0.393
348.15,-0.392
348.17,-0.392
348.18,-0.392
348.2,-0.392
348.22,-0.392
348.23,-0.392
348.25,-0.392
348.27,-0.392
348.28,-0.392
348.3,-0.392
348.32,-0.392
348.33,-0.392
348.35,-0.392
348.37,-0.391
348.38,-0.391
348.4,-0.391
348.42,-0.391
348.43,-0.391
348.45,-0.391
348.47,-0.391
348.48,-0.391
348.5,-0.391
348.52,-0.391
348.53,-0.391
348.55,-0.391
348.57,-0.391
348.58,-0.391
348.6,-0.391
348.62,-0.391
348.63,-0.39
348.65,-0.39
348.67,-0.39
348.68,-0.39
348.7,-0.39
348.72,-0.39
348.73,-0.39
348.75,-0.39
348.77,-0.39
348.78,-0.39
348.8,-0.39
348.82,-0.39
348.83,-0.39
348.85,-0.39
348.87,-0.389
348.88,-0.389
348.9,-0.389
348.92,-0.389
348.93,-0.389
348.95,-0.389
348.97,-0.389
348.98,-0.389
349.0,-0.389
349.02,-0.389
349.03,-0.389
349.05,-0.389
349.07,-0.389
349.08,-0.389
349.1,-0.389
349.12,-0.389
349.13,-0.389
349.15,-0.389
349.17,-0.389
349.18,-0.389
349.2,-0.388
349.22,-0.388
349.23,-0.388
349.25,-0.388
349.27,-0.388
349.28,-0.388
349.3,-0.388
349.32,-0.388
349.33,-0.388
349.35,-0.388
349.37,-0.388
349.38,-0.388
349.4,-0.388
349.42,-0.388
349.44,-0.387
349.45,-0.387
349.47,-0.387
349.48,-0.387
349.5,-0.387
349.52,-0.387
349.53,-0.387
349.55,-0.387
349.57,-0.387
349.58,-0.387
349.6,-0.387
349.62,-0.387
349.63,-0.387
349.65,-0.387
349.67,-0.387
349.69,-0.387
349.7,-0.387
349.72,-0.387
349.73,-0.386
349.75,-0.386
349.77,-0.386
349.79,-0.386
349.8,-0.386
349.82,-0.386
349.84,-0.386
349.85,-0.386
349.87,-0.386
349.89,-0.386
349.9,-0.386
349.92,-0.386
349.94,-0.386
349.95,-0.386
349.97,-0.386
349.99,-0.385
350.0,-0.385
350.02,-0.385
350.04,-0.385
350.05,-0.385
350.07,-0.385
350.09,-0.385
350.1,-0.385
350.12,-0.385
350.14,-0.385
350.15,-0.385
350.17,-0.385
350.19,-0.385
350.2,-0.385
350.22,-0.385
350.24,-0.385
350.25,-0.385
350.27,-0.385
350.29,-0.385
350.3,-0.384
350.32,-0.384
350.34,-0.384
350.35,-0.384
350.37,-0.384
350.39,-0.384
350.4,-0.384
350.42,-0.384
350.44,-0.384
350.45,-0.384
350.47,-0.384
350.49,-0.384
350.5,-0.384
350.52,-0.384
350.54,-0.384
350.55,-0.384
350.57,-0.384
350.59,-0.384
350.6,-0.384
350.62,-0.383
350.64,-0.383
350.65,-0.383
350.67,-0.383
350.69,-0.383
350.7,-0.383
350.72,-0.383
350.74,-0.383
350.75,-0.383
350.77,-0.383
350.79,-0.383
350.8,-0.383
350.82,-0.383
350.84,-0.383
350.85,-0.383
350.87,-0.383
350.89,-0.383
350.9,-0.383
350.92,-0.382
350.94,-0.382
350.95,-0.382
350.97,-0.382
350.99,-0.382
351.0,-0.382
351.02,-0.382
351.04,-0.382
351.05,-0.382
351.07,-0.382
351.09,-0.382
351.1,-0.382
351.12,-0.382
351.14,-0.382
351.15,-0.382
351.17,-0.382
351.19,-0.382
351.2,-0.381
351.22,-0.381
351.24,-0.381
351.25,-0.381
351.27,-0.381
351.29,-0.381
351.3,-0.381
351.32,-0.381
351.34,-0.381
351.35,-0.381
351.37,-0.381
351.39,-0.381
351.4,-0.381
351.42,-0.381
351.44,-0.381
351.45,-0.381
351.47,-0.381
351.49,-0.381
351.5,-0.381
351.52,-0.38
351.54,-0.38
351.55,-0.38
351.57,-0.38
351.59,-0.38
351.6,-0.38
351.62,-0.38
351.64,-0.38
351.65,-0.38
351.67,-0.38
351.69,-0.38
351.7,-0.38
351.72,-0.38
351.74,-0.38
351.75,-0.38
351.77,-0.38
351.79,-0.38
351.8,-0.38
351.82,-0.38
351.84,-0.38
351.85,-0.38
351.87,-0.38
351.89,-0.379
351.9,-0.379
351.92,-0.379
351.94,-0.379
351.95,-0.379
351.97,-0.379
351.99,-0.379
352.01,-0.379
352.02,-0.379
352.04,-0.379
352.05,-0.379
352.07,-0.379
352.09,-0.379
352.1,-0.379
352.12,-0.379
352.14,-0.379
352.15,-0.379
352.17,-0.379
352.19,-0.379
352.2,-0.379
352.22,-0.379
352.24,-0.379
352.26,-0.379
352.27,-0.378
352.29,-0.378
352.31,-0.378
352.32,-0.378
352.34,-0.378
352.36,-0.378
352.37,-0.378
352.39,-0.378
352.41,-0.378
352.42,-0.378
352.44,-0.378
352.46,-0.378
352.47,-0.378
352.49,-0.378
352.51,-0.378
352.52,-0.378
352.54,-0.378
352.56,-0.378
352.57,-0.378
352.59,-0.378
352.61,-0.378
352.62,-0.377
352.64,-0.377
352.66,-0.377
352.67,-0.377
352.69,-0.377
352.71,-0.377
352.72,-0.377
352.74,-0.377
352.76,-0.377
352.77,-0.377
352.79,-0.377
352.81,-0.377
352.82,-0.377
352.84,-0.377
352.86,-0.377
352.87,-0.377
352.89,-0.377
352.91,-0.377
352.92,-0.377
352.94,-0.377
352.96,-0.377
352.97,-0.376
352.99,-0.376
353.01,-0.376
353.02,-0.376
353.04,-0.376
353.06,-0.376
353.07,-0.376
353.09,-0.376
353.11,-0.376
353.12,-0.376
353.14,-0.376
353.16,-0.376
353.17,-0.376
353.19,-0.376
353.21,-0.376
353.22,-0.376
353.24,-0.376
353.26,-0.376
353.27,-0.376
353.29,-0.376
353.31,-0.376
353.32,-0.375
353.34,-0.375
353.36,-0.375
353.37,-0.375
353.39,-0.375
353.41,-0.375
353.42,-0.375
353.44,-0.375
353.46,-0.375
353.47,-0.375
353.49,-0.375
353.51,-0.375
353.52,-0.375
353.54,-0.375
353.56,-0.375
353.57,-0.375
353.59,-0.375
353.61,-0.375
353.63,-0.374
353.64,-0.374
353.66,-0.374
353.67,-0.374
353.69,-0.374
353.71,-0.374
353.72,-0.374
353.74,-0.374
353.76,-0.374
353.77,-0.374
353.79,-0.374
353.81,-0.374
353.82,-0.374
353.84,-0.374
353.86,-0.374
353.87,-0.374
353.89,-0.374
353.91,-0.374
353.92,-0.374
353.94,-0.373
353.96,-0.373
353.98,-0.373
353.99,-0.373
354.01,-0.373
354.02,-0.373
354.04,-0.373
354.06,-0.373
354.07,-0.373
354.09,-0.373
354.11,-0.373
354.13,-0.373
354.14,-0.373
354.16,-0.373
354.17,-0.373
354.19,-0.373
354.21,-0.373
354.22,-0.373
354.24,-0.373
354.26,-0.373
354.27,-0.373
354.29,-0.372
354.31,-0.372
354.32,-0.372
354.34,-0.372
354.36,-0.372
354.37,-0.372
354.39,-0.372
354.41,-0.372
354.42,-0.372
354.44,-0.372
354.46,-0.372
354.47,-0.372
354.49,-0.372
354.51,-0.372
354.52,-0.372
354.54,-0.372
354.56,-0.372
354.57,-0.372
354.59,-0.372
354.61,-0.371
354.62,-0.371
354.64,-0.371
354.66,-0.371
354.67,-0.371
354.69,-0.371
354.71,-0.371
354.72,-0.371
354.74,-0.371
354.76,-0.371
354.77,-0.371
354.79,-0.371
354.81,-0.371
354.82,-0.371
354.84,-0.371
354.86,-0.371
354.87,-0.371
354.89,-0.371
354.91,-0.371
354.92,-0.371
354.94,-0.371
354.96,-0.371
354.97,-0.37
354.99,-0.37
355.01,-0.37
355.02,-0.37
355.04,-0.37
355.06,-0.37
355.07,-0.37
355.09,-0.37
355.11,-0.37
355.12,-0.37
355.14,-0.37
355.16,-0.37
355.17,-0.37
355.19,-0.37
355.21,-0.37
355.22,-0.37
355.24,-0.37
355.26,-0.37
355.27,-0.37
355.29,-0.37
355.31,-0.37
355.33,-0.37
355.34,-0.37
355.36,-0.369
355.37,-0.369
355.39,-0.369
355.41,-0.369
355.42,-0.369
355.44,-0.369
355.46,-0.369
355.47,-0.369
355.49,-0.369
355.51,-0.369
355.52,-0.369
355.54,-0.369
355.56,-0.369
355.57,-0.369
355.59,-0.369
355.61,-0.369
355.62,-0.369
355.64,-0.369
355.66,-0.369
355.67,-0.369
355.69,-0.369
355.71,-0.369
355.73,-0.369
355.74,-0.369
355.76,-0.368
355.77,-0.368
355.79,-0.368
355.81,-0.368
355.83,-0.368
355.84,-0.368
355.86,-0.368
355.88,-0.368
355.89,-0.368
355.91,-0.368
355.93,-0.368
355.94,-0.368
355.96,-0.368
355.97,-0.368
355.99,-0.368
356.01,-0.368
356.02,-0.368
356.04,-0.368
356.06,-0.368
356.08,-0.368
356.09,-0.368
356.11,-0.368
356.12,-0.368
356.14,-0.368
356.16,-0.368
356.18,-0.368
356.19,-0.368
356.21,-0.367
356.23,-0.367
356.24,-0.367
356.26,-0.367
356.28,-0.367
356.29,-0.367
356.31,-0.367
356.33,-0.367
356.34,-0.367
356.36,-0.367
356.37,-0.367
356.39,-0.367
356.41,-0.367
356.43,-0.367
356.44,-0.367
356.46,-0.367
356.48,-0.367
356.49,-0.367
356.51,-0.367
356.52,-0.367
356.54,-0.367
356.56,-0.367
356.58,-0.367
356.59,-0.367
356.61,-0.367
356.63,-0.367
356.64,-0.367
356.66,-0.367
356.68,-0.366
356.69,-0.366
356.71,-0.366
356.73,-0.366
356.74,-0.366
356.76,-0.366
356.78,-0.366
356.79,-0.366
356.81,-0.366
356.83,-0.366
356.84,-0.366
356.86,-0.366
356.88,-0.366
356.89,-0.366
356.91,-0.366
356.93,-0.366
356.94,-0.366
356.96,-0.366
356.98,-0.366
356.99,-0.366
357.01,-0.366
357.03,-0.366
357.04,-0.366
357.06,-0.366
357.08,-0.366
357.09,-0.366
357.11,-0.366
357.13,-0.366
357.14,-0.366
357.16,-0.366
357.18,-0.366
357.19,-0.366
357.21,-0.365
357.23,-0.365
357.24,-0.365
357.26,-0.365
357.28,-0.365
357.29,-0.365
357.31,-0.365
357.33,-0.365
357.34,-0.365
357.36,-0.365
357.38,-0.365
357.39,-0.365
357.41,-0.365
357.43,-0.365
357.44,-0.365
357.46,-0.365
357.48,-0.365
357.49,-0.365
357.51,-0.365
357.53,-0.365
357.54,-0.365
357.56,-0.365
357.58,-0.365
357.59,-0.365
357.61,-0.365
357.63,-0.365
357.64,-0.365
357.66,-0.365
357.68,-0.365
357.69,-0.365
357.71,-0.365
357.73,-0.365
357.74,-0.365
357.76,-0.365
357.78,-0.365
357.79,-0.365
357.81,-0.365
357.83,-0.364
357.84,-0.364
357.86,-0.364
357.88,-0.364
357.89,-0.364
357.91,-0.364
357.93,-0.364
357.94,-0.364
357.96,-0.364
357.98,-0.364
357.99,-0.364
358.01,-0.364
358.03,-0.364
358.04,-0.364
358.06,-0.364
358.08,-0.364
358.09,-0.364
358.11,-0.364
358.13,-0.364
358.14,-0.364
358.16,-0.364
358.18,-0.364
358.19,-0.364
358.21,-0.364
358.23,-0.364
358.24,-0.364
358.26,-0.364
358.28,-0.364
358.29,-0.364
358.31,-0.364
358.33,-0.364
358.34,-0.364
358.36,-0.364
358.38,-0.364
358.39,-0.364
358.41,-0.364
358.43,-0.364
358.44,-0.364
358.46,-0.364
358.48,-0.364
358.49,-0.364
358.51,-0.364
358.53,-0.364
358.54,-0.364
358.56,-0.364
358.58,-0.364
358.59,-0.363
358.61,-0.363
358.63,-0.363
358.64,-0.363
358.66,-0.363
358.68,-0.363
358.7,-0.363
358.71,-0.363
358.73,-0.363
358.74,-0.363
358.76,-0.363
358.78,-0.363
358.79,-0.363
358.81,-0.363
358.83,-0.363
358.84,-0.363
358.86,-0.363
358.88,-0.363
358.89,-0.363
358.91,-0.363
358.93,-0.363
358.94,-0.363
358.96,-0.363
358.98,-0.363
358.99,-0.363
359.01,-0.363
359.03,-0.363
359.04,-0.363
359.06,-0.363
359.08,-0.363
359.09,-0.363
359.11,-0.363
359.13,-0.363
359.14,-0.363
359.16,-0.363
359.18,-0.363
359.19,-0.363
359.21,-0.363
359.23,-0.363
359.24,-0.363
359.26,-0.363
359.28,-0.363
359.29,-0.363
359.31,-0.363
359.33,-0.363
359.34,-0.363
359.36,-0.363
359.38,-0.363
359.39,-0.363
359.41,-0.363
359.43,-0.363
359.44,-0.363
359.46,-0.363
359.48,-0.363
359.49,-0.363
359.51,-0.363
359.53,-0.363
359.54,-0.363
359.56,-0.363
359.58,-0.363
359.59,-0.363
359.61,-0.363
359.63,-0.363
359.64,-0.363
359.66,-0.362
359.68,-0.362
359.7,-0.362
359.71,-0.362
359.73,-0.362
359.74,-0.362
359.76,-0.362
359.78,-0.362
359.79,-0.362
359.81,-0.362
359.83,-0.362
359.84,-0.362
359.86,-0.362
359.88,-0.362
359.89,-0.362
359.91,-0.362
359.93,-0.362
359.94,-0.362
359.96,-0.362
359.98,-0.362
359.99,-0.362
360.01,-0.362
360.03,-0.362
360.04,-0.362
360.06,-0.362
360.08,-0.362
360.09,-0.362
360.11,-0.362
360.13,-0.362
360.14,-0.362
360.16,-0.362
360.18,-0.362
360.19,-0.362
360.21,-0.362
360.23,-0.362
360.24,-0.362
360.26,-0.362
360.28,-0.362
360.29,-0.362
360.31,-0.362
360.33,-0.362
360.34,-0.362
360.36,-0.362
360.38,-0.362
360.39,-0.362
360.41,-0.362
360.43,-0.362
360.44,-0.362
360.46,-0.362
360.48,-0.362
360.49,-0.362
360.51,-0.362
360.53,-0.362
360.54,-0.362
360.56,-0.362
360.58,-0.362
360.59,-0.362
360.61,-0.362
360.63,-0.362
360.64,-0.362
360.66,-0.362
360.68,-0.362
360.69,-0.362
360.71,-0.362
360.73,-0.362
360.74,-0.362
360.76,-0.362
360.78,-0.362
360.79,-0.362
360.81,-0.362
360.83,-0.362
360.84,-0.362
360.86,-0.362
360.88,-0.362
360.89,-0.362
360.91,-0.362
360.93,-0.362
360.94,-0.362
360.96,-0.362
360.98,-0.362
360.99,-0.362
361.01,-0.362
361.03,-0.362
361.05,-0.362
361.06,-0.362
361.08,-0.362
361.09,-0.362
361.11,-0.362
361.13,-0.362
361.14,-0.362
361.16,-0.362
361.18,-0.362
361.19,-0.362
361.21,-0.362
361.23,-0.362
361.24,-0.362
361.26,-0.362
361.28,-0.362
361.29,-0.362
361.31,-0.362
361.33,-0.362
361.35,-0.362
361.36,-0.362
361.38,-0.362
361.4,-0.362
361.41,-0.362
361.43,-0.362
361.45,-0.362
361.46,-0.362
361.48,-0.362
361.49,-0.362
361.51,-0.362
361.53,-0.362
361.55,-0.362
361.56,-0.362
361.58,-0.362
361.6,-0.362
361.61,-0.362
361.63,-0.362
361.65,-0.362
361.66,-0.362
361.68,-0.362
361.7,-0.362
361.71,-0.362
361.73,-0.362
361.75,-0.362
361.76,-0.362
361.78,-0.362
361.79,-0.362
361.81,-0.362
361.83,-0.362
361.85,-0.362
361.86,-0.362
361.88,-0.362
361.9,-0.362
361.91,-0.362
361.93,-0.362
361.95,-0.362
361.96,-0.362
361.98,-0.362
362.0,-0.362
362.01,-0.362
362.03,-0.362
362.05,-0.362
362.06,-0.362
362.08,-0.362
362.1,-0.362
362.11,-0.362
362.13,-0.362
362.15,-0.362
362.16,-0.362
362.18,-0.362
362.2,-0.362
362.21,-0.362
362.23,-0.362
362.25,-0.362
362.26,-0.362
362.28,-0.362
362.3,-0.362
362.31,-0.362
362.33,-0.362
362.35,-0.362
362.36,-0.362
362.38,-0.362
362.4,-0.362
362.41,-0.362
362.43,-0.362
362.45,-0.362
362.46,-0.362
362.48,-0.362
362.5,-0.362
362.51,-0.362
362.53,-0.362
362.55,-0.362
362.56,-0.362
362.58,-0.362
362.6,-0.362
362.61,-0.362
362.63,-0.362
362.65,-0.362
362.66,-0.362
362.68,-0.362
362.7,-0.362
362.71,-0.362
362.73,-0.362
362.75,-0.362
362.76,-0.362
362.78,-0.362
362.8,-0.362
362.81,-0.362
362.83,-0.362
362.85,-0.362
362.86,-0.362
362.88,-0.362
362.9,-0.362
362.91,-0.362
362.93,-0.362
362.95,-0.362
362.96,-0.362
362.98,-0.362
363.0,-0.362
363.01,-0.362
363.03,-0.362
363.05,-0.362
363.06,-0.362
363.08,-0.362
363.1,-0.362
363.11,-0.362
363.13,-0.362
363.15,-0.362
363.16,-0.362
363.18,-0.362
363.2,-0.362
363.21,-0.362
363.23,-0.362
363.25,-0.362
363.26,-0.362
363.28,-0.362
363.3,-0.362
363.31,-0.362
363.33,-0.362
363.35,-0.362
363.36,-0.362
363.38,-0.362
363.4,-0.362
363.41,-0.362
363.43,-0.362
363.45,-0.362
363.46,-0.362
363.48,-0.362
363.5,-0.362
363.51,-0.362
363.53,-0.362
363.55,-0.362
363.56,-0.362
363.58,-0.362
363.6,-0.362
363.61,-0.362
363.63,-0.362
363.65,-0.362
363.66,-0.362
363.68,-0.362
363.7,-0.362
363.71,-0.362
363.73,-0.362
363.75,-0.362
363.76,-0.362
363.78,-0.362
363.8,-0.362
363.81,-0.362
363.83,-0.362
363.85,-0.362
363.86,-0.362
363.88,-0.362
363.9,-0.362
363.91,-0.362
363.93,-0.362
363.95,-0.362
363.96,-0.362
363.98,-0.362
364.0,-0.362
364.01,-0.362
364.03,-0.362
364.05,-0.362
364.06,-0.362
364.08,-0.362
364.09,-0.362
364.11,-0.362
364.13,-0.362
364.15,-0.362
364.16,-0.362
364.18,-0.362
364.19,-0.362
364.21,-0.362
364.23,-0.362
364.24,-0.362
364.26,-0.362
364.28,-0.362
364.3,-0.362
364.31,-0.362
364.33,-0.362
364.35,-0.362
364.36,-0.362
364.38,-0.362
364.4,-0.362
364.41,-0.362
364.43,-0.362
364.45,-0.362
364.46,-0.362
364.48,-0.362
364.5,-0.362
364.51,-0.362
364.53,-0.362
364.55,-0.362
364.56,-0.362
364.58,-0.362
364.6,-0.362
364.61,-0.362
364.63,-0.362
364.65,-0.362
364.66,-0.362
364.68,-0.362
364.7,-0.362
364.71,-0.362
364.73,-0.362
364.75,-0.362
364.76,-0.362
364.78,-0.362
364.79,-0.362
364.81,-0.362
364.83,-0.362
364.85,-0.362
364.86,-0.362
364.88,-0.362
364.9,-0.362
364.91,-0.362
364.93,-0.362
364.95,-0.362
364.96,-0.362
364.98,-0.362
365.0,-0.362
365.01,-0.362
365.03,-0.362
365.05,-0.362
365.06,-0.362
365.08,-0.362
365.1,-0.362
365.11,-0.362
365.13,-0.362
365.15,-0.362
365.16,-0.362
365.18,-0.362
365.2,-0.362
365.21,-0.362
365.23,-0.362
365.25,-0.362
365.26,-0.362
365.28,-0.362
365.3,-0.362
365.31,-0.362
365.33,-0.362
365.35,-0.362
365.36,-0.362
365.38,-0.362
365.4,-0.362
365.41,-0.362
365.43,-0.362
365.44,-0.362
365.46,-0.362
365.48,-0.362
365.49,-0.362
365.51,-0.362
365.53,-0.362
365.55,-0.362
365.56,-0.362
365.58,-0.362
365.6,-0.362
365.61,-0.362
365.63,-0.362
365.65,-0.362
365.66,-0.362
365.68,-0.362
365.7,-0.362
365.71,-0.362
365.73,-0.362
365.75,-0.362
365.76,-0.362
365.78,-0.362
365.8,-0.362
365.81,-0.362
365.83,-0.362
365.85,-0.362
365.86,-0.362
365.88,-0.362
365.9,-0.362
365.91,-0.362
365.93,-0.362
365.95,-0.362
365.96,-0.362
365.98,-0.362
366.0,-0.362
366.01,-0.362
366.03,-0.362
366.05,-0.362
366.06,-0.362
366.08,-0.362
366.1,-0.362
366.11,-0.363
366.13,-0.363
366.15,-0.363
366.16,-0.363
366.18,-0.363
366.2,-0.363
366.21,-0.363
366.23,-0.363
366.25,-0.363
366.26,-0.363
366.28,-0.363
366.3,-0.363
366.31,-0.363
366.33,-0.363
366.35,-0.363
366.36,-0.363
366.38,-0.363
366.4,-0.363
366.41,-0.363
366.43,-0.363
366.45,-0.363
366.46,-0.363
366.48,-0.363
366.5,-0.363
366.51,-0.363
366.53,-0.363
366.55,-0.363
366.56,-0.363
366.58,-0.363
366.6,-0.363
366.61,-0.363
366.63,-0.363
366.65,-0.363
366.66,-0.363
366.68,-0.363
366.69,-0.363
366.71,-0.363
366.73,-0.363
366.75,-0.363
366.76,-0.363
366.78,-0.363
366.8,-0.363
366.81,-0.363
366.83,-0.363
366.85,-0.363
366.86,-0.363
366.88,-0.363
366.9,-0.363
366.91,-0.363
366.93,-0.363
366.95,-0.363
366.96,-0.363
366.98,-0.363
367.0,-0.363
367.01,-0.363
367.03,-0.363
367.05,-0.363
367.06,-0.363
367.08,-0.363
367.1,-0.363
367.11,-0.363
367.13,-0.363
367.15,-0.363
367.16,-0.363
367.18,-0.363
367.2,-0.363
367.21,-0.363
367.23,-0.363
367.25,-0.363
367.26,-0.363
367.28,-0.363
367.3,-0.363
367.31,-0.363
367.33,-0.363
367.35,-0.363
367.36,-0.363
367.38,-0.363
367.4,-0.363
367.41,-0.363
367.43,-0.363
367.45,-0.363
367.46,-0.363
367.48,-0.363
367.5,-0.363
367.51,-0.363
367.53,-0.363
367.55,-0.363
367.56,-0.363
367.58,-0.363
367.6,-0.363
367.61,-0.363
367.63,-0.363
367.65,-0.363
367.66,-0.363
367.68,-0.363
367.7,-0.363
367.71,-0.363
367.73,-0.363
367.75,-0.363
367.76,-0.363
367.78,-0.363
367.8,-0.363
367.81,-0.363
367.83,-0.363
367.85,-0.363
367.86,-0.363
367.88,-0.363
367.9,-0.363
367.91,-0.363
367.93,-0.363
367.95,-0.363
367.96,-0.363
367.98,-0.363
368.0,-0.363
368.01,-0.363
368.03,-0.363
368.05,-0.363
368.06,-0.363
368.08,-0.363
368.1,-0.363
368.11,-0.363
368.13,-0.363
368.15,-0.363
368.16,-0.363
368.18,-0.363
368.2,-0.363
368.21,-0.363
368.23,-0.363
368.25,-0.363
368.26,-0.363
368.28,-0.363
368.3,-0.363
368.31,-0.363
368.33,-0.363
368.35,-0.363
368.36,-0.363
368.38,-0.363
368.4,-0.363
368.41,-0.363
368.43,-0.363
368.45,-0.363
368.46,-0.363
368.48,-0.363
368.5,-0.363
368.51,-0.363
368.53,-0.363
368.55,-0.363
368.56,-0.363
368.58,-0.363
368.6,-0.363
368.61,-0.364
368.63,-0.364
368.65,-0.364
368.66,-0.364
368.68,-0.364
368.7,-0.364
368.71,-0.364
368.73,-0.364
368.75,-0.364
368.76,-0.364
368.78,-0.364
368.8,-0.364
368.81,-0.364
368.83,-0.364
