Time [s]	Channel 1	Channel 2	Channel 3	Channel 4	Solar 1\t	Solar 2
1.5900000E-1	6.3337373E+1	6.1165127E+1	0.0000000E+0	0.0000000E+0	1.0000000E+2	0.0000000E+0
2.1000000E-1	1.0625877E+1	1.0740777E+1	0.0000000E+0	0.0000000E+0	1.0000000E+2	0.0000000E+0
2.6100000E-1	1.0599727E+1	1.0729510E+1	0.0000000E+0	0.0000000E+0	1.0000000E+2	0.0000000E+0
3.1100000E-1	1.0587695E+1	1.0718547E+1	0.0000000E+0	0.0000000E+0	1.0000000E+2	0.0000000E+0
3.6100000E-1	1.0573545E+1	1.0736628E+1	0.0000000E+0	0.0000000E+0	1.0000000E+2	0.0000000E+0
4.1200000E-1	1.0594271E+1	1.0734240E+1	0.0000000E+0	0.0000000E+0	1.0000000E+2	0.0000000E+0
4.6200000E-1	1.0579904E+1	1.0718854E+1	0.0000000E+0	0.0000000E+0	1.0000000E+2	0.0000000E+0
5.1300000E-1	1.0584653E+1	1.0724392E+1	0.0000000E+0	0.0000000E+0	1.0000000E+2	0.0000000E+0
5.6300000E-1	1.0577875E+1	1.0744417E+1	0.0000000E+0	0.0000000E+0	1.0000000E+2	0.0000000E+0
6.1300000E-1	1.0592019E+1	1.0768210E+1	0.0000000E+0	0.0000000E+0	1.0000000E+2	0.0000000E+0
6.6300000E-1	1.0916289E+1	1.1140371E+1	0.0000000E+0	0.0000000E+0	1.0000000E+2	0.0000000E+0
7.1300000E-1	1.1503487E+1	1.1624377E+1	0.0000000E+0	0.0000000E+0	1.0000000E+2	0.0000000E+0
7.6300000E-1	1.2058220E+1	1.2044186E+1	0.0000000E+0	0.0000000E+0	1.0000000E+2	0.0000000E+0
8.1300000E-1	1.2383596E+1	1.2257896E+1	0.0000000E+0	0.0000000E+0	1.0000000E+2	0.0000000E+0
8.6300000E-1	1.1295811E+1	1.1344750E+1	0.0000000E+0	0.0000000E+0	1.0000000E+2	0.0000000E+0
9.1300000E-1	1.1346098E+1	1.1323443E+1	0.0000000E+0	0.0000000E+0	1.0000000E+2	0.0000000E+0
9.6300000E-1	1.1489263E+1	1.1418450E+1	0.0000000E+0	0.0000000E+0	1.0000000E+2	0.0000000E+0
1.0130000E+0	1.1473484E+1	1.1423378E+1	0.0000000E+0	0.0000000E+0	1.0000000E+2	0.0000000E+0
1.0630000E+0	1.1411634E+1	1.1400961E+1	0.0000000E+0	0.0000000E+0	1.0000000E+2	0.0000000E+0
1.1130000E+0	1.1426519E+1	1.1396792E+1	0.0000000E+0	0.0000000E+0	1.0000000E+2	0.0000000E+0
1.1630000E+0	1.1456451E+1	1.1426714E+1	0.0000000E+0	0.0000000E+0	1.0000000E+2	0.0000000E+0
1.2130000E+0	1.1405253E+1	1.1421068E+1	0.0000000E+0	0.0000000E+0	1.0000000E+2	0.0000000E+0
1.2630000E+0	1.1366048E+1	1.1389670E+1	0.0000000E+0	0.0000000E+0	1.0000000E+2	0.0000000E+0
1.3130000E+0	1.1414929E+1	1.1409345E+1	0.0000000E+0	0.0000000E+0	1.0000000E+2	0.0000000E+0
1.3630000E+0	1.1430202E+1	1.1442038E+1	0.0000000E+0	0.0000000E+0	1.0000000E+2	0.0000000E+0
1.4140000E+0	1.1391638E+1	1.1436699E+1	0.0000000E+0	0.0000000E+0	1.0000000E+2	0.0000000E+0
1.4650000E+0	1.1404366E+1	1.1424758E+1	0.0000000E+0	0.0000000E+0	1.0000000E+2	0.0000000E+0
1.5150000E+0	1.1458278E+1	1.1454112E+1	0.0000000E+0	0.0000000E+0	1.0000000E+2	0.0000000E+0
1.5650000E+0	1.1436699E+1	1.1458219E+1	0.0000000E+0	0.0000000E+0	1.0000000E+2	0.0000000E+0
1.6150000E+0	1.1411172E+1	1.1440310E+1	0.0000000E+0	0.0000000E+0	1.0000000E+2	0.0000000E+0
1.6660000E+0	1.1470348E+1	1.1453509E+1	0.0000000E+0	0.0000000E+0	1.0000000E+2	0.0000000E+0
1.7160000E+0	1.1486441E+1	1.1481306E+1	0.0000000E+0	0.0000000E+0	1.0000000E+2	0.0000000E+0
1.7670000E+0	1.1458576E+1	1.1459196E+1	0.0000000E+0	0.0000000E+0	1.0000000E+2	0.0000000E+0
1.8170000E+0	1.1460579E+1	1.1444218E+1	0.0000000E+0	0.0000000E+0	1.0000000E+2	0.0000000E+0
1.8670000E+0	1.1509805E+1	1.1442142E+1	0.0000000E+0	0.0000000E+0	1.0000000E+2	0.0000000E+0
1.9170000E+0	1.1524557E+1	1.1460732E+1	0.0000000E+0	0.0000000E+0	1.0000000E+2	0.0000000E+0
1.9670000E+0	1.1521848E+1	1.1447404E+1	0.0000000E+0	0.0000000E+0	1.0000000E+2	0.0000000E+0
2.0170000E+0	1.1553259E+1	1.1480207E+1	0.0000000E+0	0.0000000E+0	1.0000000E+2	0.0000000E+0
2.0670000E+0	1.1954613E+1	1.1897496E+1	0.0000000E+0	0.0000000E+0	1.0000000E+2	0.0000000E+0
2.1170000E+0	1.2647496E+1	1.2668662E+1	0.0000000E+0	0.0000000E+0	1.0000000E+2	0.0000000E+0
2.1670000E+0	1.3414481E+1	1.3744117E+1	0.0000000E+0	0.0000000E+0	1.0000000E+2	0.0000000E+0
2.2170000E+0	1.4315162E+1	1.4767369E+1	0.0000000E+0	0.0000000E+0	1.0000000E+2	0.0000000E+0
2.2670000E+0	1.5328900E+1	1.5816129E+1	0.0000000E+0	0.0000000E+0	1.0000000E+2	0.0000000E+0
2.3170000E+0	1.6358323E+1	1.6745866E+1	0.0000000E+0	0.0000000E+0	1.0000000E+2	0.0000000E+0
2.3680000E+0	1.7376811E+1	1.7345427E+1	0.0000000E+0	0.0000000E+0	1.0000000E+2	0.0000000E+0
2.4190000E+0	1.8376047E+1	1.8258441E+1	0.0000000E+0	0.0000000E+0	1.0000000E+2	0.0000000E+0
2.4690000E+0	1.9395507E+1	1.9209938E+1	0.0000000E+0	0.0000000E+0	1.0000000E+2	0.0000000E+0
2.5190000E+0	2.0465868E+1	2.0222803E+1	0.0000000E+0	0.0000000E+0	1.0000000E+2	0.0000000E+0
2.5690000E+0	2.1564532E+1	2.1277817E+1	0.0000000E+0	0.0000000E+0	1.0000000E+2	0.0000000E+0
2.6190000E+0	2.2660033E+1	2.2356359E+1	0.0000000E+0	0.0000000E+0	1.0000000E+2	0.0000000E+0
2.6690000E+0	2.3777279E+1	2.3463253E+1	0.0000000E+0	0.0000000E+0	1.0000000E+2	0.0000000E+0
2.7190000E+0	2.4907573E+1	2.4557792E+1	0.0000000E+0	0.0000000E+0	1.0000000E+2	0.0000000E+0
2.7690000E+0	2.5893881E+1	2.5503900E+1	0.0000000E+0	0.0000000E+0	1.0000000E+2	0.0000000E+0
2.8190000E+0	2.6927398E+1	2.6541285E+1	0.0000000E+0	0.0000000E+0	1.0000000E+2	0.0000000E+0
2.8690000E+0	2.8236830E+1	2.7824828E+1	0.0000000E+0	0.0000000E+0	1.0000000E+2	0.0000000E+0
2.9190000E+0	2.9673479E+1	2.9240846E+1	0.0000000E+0	0.0000000E+0	1.0000000E+2	0.0000000E+0
2.9700000E+0	3.0974471E+1	3.0515659E+1	0.0000000E+0	0.0000000E+0	1.0000000E+2	0.0000000E+0
3.0210000E+0	3.1886766E+1	3.1406318E+1	0.0000000E+0	0.0000000E+0	1.0000000E+2	0.0000000E+0
3.0710000E+0	3.2335275E+1	3.1855793E+1	0.0000000E+0	0.0000000E+0	1.0000000E+2	0.0000000E+0
3.1210000E+0	3.2642563E+1	3.2135599E+1	0.0000000E+0	0.0000000E+0	1.0000000E+2	0.0000000E+0
3.1720000E+0	3.2857962E+1	3.2352974E+1	0.0000000E+0	0.0000000E+0	1.0000000E+2	0.0000000E+0
3.2230000E+0	3.3025331E+1	3.2517278E+1	0.0000000E+0	0.0000000E+0	1.0000000E+2	0.0000000E+0
3.2730000E+0	3.3180356E+1	3.2669738E+1	0.0000000E+0	0.0000000E+0	1.0000000E+2	0.0000000E+0
3.3230000E+0	3.3285427E+1	3.2782220E+1	0.0000000E+0	0.0000000E+0	1.0000000E+2	0.0000000E+0
3.3730000E+0	3.3385047E+1	3.2885630E+1	0.0000000E+0	0.0000000E+0	1.0000000E+2	0.0000000E+0
3.4230000E+0	3.3577939E+1	3.3060449E+1	0.0000000E+0	0.0000000E+0	1.0000000E+2	0.0000000E+0
3.4730000E+0	3.3881432E+1	3.3362463E+1	0.0000000E+0	0.0000000E+0	1.0000000E+2	0.0000000E+0
3.5230000E+0	3.4395327E+1	3.3868346E+1	0.0000000E+0	0.0000000E+0	1.0000000E+2	0.0000000E+0
3.5730000E+0	3.5186312E+1	3.4645096E+1	0.0000000E+0	0.0000000E+0	1.0000000E+2	0.0000000E+0
3.6240000E+0	3.6072125E+1	3.5519887E+1	0.0000000E+0	0.0000000E+0	1.0000000E+2	0.0000000E+0
3.6740000E+0	3.6956469E+1	3.6377080E+1	0.0000000E+0	0.0000000E+0	1.0000000E+2	0.0000000E+0
3.7250000E+0	3.7843249E+1	3.7254609E+1	0.0000000E+0	0.0000000E+0	1.0000000E+2	0.0000000E+0
3.7750000E+0	3.8730690E+1	3.8136037E+1	0.0000000E+0	0.0000000E+0	1.0000000E+2	0.0000000E+0
3.8250000E+0	3.9657027E+1	3.9035575E+1	0.0000000E+0	0.0000000E+0	1.0000000E+2	0.0000000E+0
3.8750000E+0	4.0526530E+1	3.9882257E+1	0.0000000E+0	0.0000000E+0	1.0000000E+2	0.0000000E+0
3.9250000E+0	4.1291004E+1	4.0636295E+1	0.0000000E+0	0.0000000E+0	1.0000000E+2	0.0000000E+0
3.9750000E+0	4.1895072E+1	4.1246065E+1	0.0000000E+0	0.0000000E+0	1.0000000E+2	0.0000000E+0
4.0250000E+0	4.2355883E+1	4.1692150E+1	0.0000000E+0	0.0000000E+0	1.0000000E+2	0.0000000E+0
4.0750000E+0	4.2710192E+1	4.2044800E+1	0.0000000E+0	0.0000000E+0	1.0000000E+2	0.0000000E+0
4.1250000E+0	4.2970745E+1	4.2315948E+1	0.0000000E+0	0.0000000E+0	1.0000000E+2	0.0000000E+0
4.1750000E+0	4.3184679E+1	4.2513520E+1	0.0000000E+0	0.0000000E+0	1.0000000E+2	0.0000000E+0
4.2250000E+0	4.3337806E+1	4.2655322E+1	0.0000000E+0	0.0000000E+0	1.0000000E+2	0.0000000E+0
4.2750000E+0	4.3457320E+1	4.2790747E+1	0.0000000E+0	0.0000000E+0	1.0000000E+2	0.0000000E+0
4.3250000E+0	4.3551031E+1	4.2901438E+1	0.0000000E+0	0.0000000E+0	1.0000000E+2	0.0000000E+0
4.3750000E+0	4.3651444E+1	4.3003243E+1	0.0000000E+0	0.0000000E+0	1.0000000E+2	0.0000000E+0
4.4260000E+0	4.3702984E+1	4.3071429E+1	0.0000000E+0	0.0000000E+0	1.0000000E+2	0.0000000E+0
4.4760000E+0	4.3761769E+1	4.3131709E+1	0.0000000E+0	0.0000000E+0	1.0000000E+2	0.0000000E+0
4.5260000E+0	4.3885620E+1	4.3246442E+1	0.0000000E+0	0.0000000E+0	1.0000000E+2	0.0000000E+0
4.5760000E+0	4.4129736E+1	4.3509518E+1	0.0000000E+0	0.0000000E+0	1.0000000E+2	0.0000000E+0
4.6260000E+0	4.4599788E+1	4.3952583E+1	0.0000000E+0	0.0000000E+0	1.0000000E+2	0.0000000E+0
4.6760000E+0	4.5226567E+1	4.4568068E+1	0.0000000E+0	0.0000000E+0	1.0000000E+2	0.0000000E+0
4.7260000E+0	4.5924979E+1	4.5242924E+1	0.0000000E+0	0.0000000E+0	1.0000000E+2	0.0000000E+0
4.7760000E+0	4.6613862E+1	4.5932430E+1	0.0000000E+0	0.0000000E+0	1.0000000E+2	0.0000000E+0
4.8270000E+0	4.7324941E+1	4.6638691E+1	0.0000000E+0	0.0000000E+0	1.0000000E+2	0.0000000E+0
4.8770000E+0	4.8008050E+1	4.7320501E+1	0.0000000E+0	0.0000000E+0	1.0000000E+2	0.0000000E+0
4.9270000E+0	4.8613916E+1	4.7896118E+1	0.0000000E+0	0.0000000E+0	1.0000000E+2	0.0000000E+0
4.9780000E+0	4.9128532E+1	4.8411043E+1	0.0000000E+0	0.0000000E+0	1.0000000E+2	0.0000000E+0
5.0280000E+0	4.9553277E+1	4.8829915E+1	0.0000000E+0	0.0000000E+0	1.0000000E+2	0.0000000E+0
5.0780000E+0	4.9890308E+1	4.9164604E+1	0.0000000E+0	0.0000000E+0	1.0000000E+2	0.0000000E+0
5.1280000E+0	5.0178175E+1	4.9450155E+1	0.0000000E+0	0.0000000E+0	1.0000000E+2	0.0000000E+0
5.1790000E+0	5.0410714E+1	4.9665597E+1	0.0000000E+0	0.0000000E+0	1.0000000E+2	0.0000000E+0
5.2300000E+0	5.0609330E+1	4.9843152E+1	0.0000000E+0	0.0000000E+0	1.0000000E+2	0.0000000E+0
5.2800000E+0	5.0767761E+1	4.9986874E+1	0.0000000E+0	0.0000000E+0	1.0000000E+2	0.0000000E+0
5.3300000E+0	5.0874478E+1	5.0097510E+1	0.0000000E+0	0.0000000E+0	1.0000000E+2	0.0000000E+0
5.3800000E+0	5.0992113E+1	5.0204885E+1	0.0000000E+0	0.0000000E+0	1.0000000E+2	0.0000000E+0
5.4300000E+0	5.1052297E+1	5.0291979E+1	0.0000000E+0	0.0000000E+0	1.0000000E+2	0.0000000E+0
5.4800000E+0	5.1096583E+1	5.0368551E+1	0.0000000E+0	0.0000000E+0	1.0000000E+2	0.0000000E+0
5.5310000E+0	5.1186707E+1	5.0449638E+1	0.0000000E+0	0.0000000E+0	1.0000000E+2	0.0000000E+0
5.5810000E+0	5.1349624E+1	5.0621906E+1	0.0000000E+0	0.0000000E+0	1.0000000E+2	0.0000000E+0
5.6310000E+0	5.1610859E+1	5.0883903E+1	0.0000000E+0	0.0000000E+0	1.0000000E+2	0.0000000E+0
5.6810000E+0	5.2017914E+1	5.1285957E+1	0.0000000E+0	0.0000000E+0	1.0000000E+2	0.0000000E+0
5.7310000E+0	5.2628806E+1	5.1865373E+1	0.0000000E+0	0.0000000E+0	1.0000000E+2	0.0000000E+0
5.7810000E+0	5.3354724E+1	5.2571707E+1	0.0000000E+0	0.0000000E+0	1.0000000E+2	0.0000000E+0
5.8310000E+0	5.4120850E+1	5.3333749E+1	0.0000000E+0	0.0000000E+0	1.0000000E+2	0.0000000E+0
5.8810000E+0	5.4899987E+1	5.4087812E+1	0.0000000E+0	0.0000000E+0	1.0000000E+2	0.0000000E+0
5.9310000E+0	5.5709458E+1	5.4873749E+1	0.0000000E+0	0.0000000E+0	1.0000000E+2	0.0000000E+0
5.9810000E+0	5.6529466E+1	5.5690435E+1	0.0000000E+0	0.0000000E+0	1.0000000E+2	0.0000000E+0
6.0310000E+0	5.7328903E+1	5.6472531E+1	0.0000000E+0	0.0000000E+0	1.0000000E+2	0.0000000E+0
6.0810000E+0	5.8144398E+1	5.7271040E+1	0.0000000E+0	0.0000000E+0	1.0000000E+2	0.0000000E+0
6.1310000E+0	5.8930705E+1	5.8044605E+1	0.0000000E+0	0.0000000E+0	1.0000000E+2	0.0000000E+0
6.1810000E+0	5.9673856E+1	5.8780812E+1	0.0000000E+0	0.0000000E+0	1.0000000E+2	0.0000000E+0
6.2320000E+0	6.0335005E+1	5.9421631E+1	0.0000000E+0	0.0000000E+0	1.0000000E+2	0.0000000E+0
6.2820000E+0	6.0951043E+1	6.0041225E+1	0.0000000E+0	0.0000000E+0	1.0000000E+2	0.0000000E+0
6.3320000E+0	6.1455768E+1	6.0524548E+1	0.0000000E+0	0.0000000E+0	1.0000000E+2	0.0000000E+0
6.3820000E+0	6.1881036E+1	6.0937764E+1	0.0000000E+0	0.0000000E+0	1.0000000E+2	0.0000000E+0
6.4320000E+0	6.2253214E+1	6.1305986E+1	0.0000000E+0	0.0000000E+0	1.0000000E+2	0.0000000E+0
6.4820000E+0	6.2566177E+1	6.1598529E+1	0.0000000E+0	0.0000000E+0	1.0000000E+2	0.0000000E+0
6.5320000E+0	6.2779321E+1	6.1819159E+1	0.0000000E+0	0.0000000E+0	1.0000000E+2	0.0000000E+0
6.5820000E+0	6.2969023E+1	6.2004311E+1	0.0000000E+0	0.0000000E+0	1.0000000E+2	0.0000000E+0
6.6330000E+0	6.3103208E+1	6.2129656E+1	0.0000000E+0	0.0000000E+0	1.0000000E+2	0.0000000E+0
6.6830000E+0	6.3217836E+1	6.2258756E+1	0.0000000E+0	0.0000000E+0	1.0000000E+2	0.0000000E+0
6.7330000E+0	6.3329254E+1	6.2373061E+1	0.0000000E+0	0.0000000E+0	1.0000000E+2	0.0000000E+0
6.7830000E+0	6.3419358E+1	6.2458815E+1	0.0000000E+0	0.0000000E+0	1.0000000E+2	0.0000000E+0
6.8330000E+0	6.3493280E+1	6.2520616E+1	0.0000000E+0	0.0000000E+0	1.0000000E+2	0.0000000E+0
6.8840000E+0	6.3551713E+1	6.2605625E+1	0.0000000E+0	0.0000000E+0	1.0000000E+2	0.0000000E+0
6.9350000E+0	6.3629567E+1	6.2668063E+1	0.0000000E+0	0.0000000E+0	1.0000000E+2	0.0000000E+0
6.9850000E+0	6.3687804E+1	6.2722936E+1	0.0000000E+0	0.0000000E+0	1.0000000E+2	0.0000000E+0
7.0350000E+0	6.3725584E+1	6.2775057E+1	0.0000000E+0	0.0000000E+0	1.0000000E+2	0.0000000E+0
7.0850000E+0	6.3736442E+1	6.2797918E+1	0.0000000E+0	0.0000000E+0	1.0000000E+2	0.0000000E+0
7.1350000E+0	6.3774599E+1	6.2845048E+1	0.0000000E+0	0.0000000E+0	1.0000000E+2	0.0000000E+0
7.1850000E+0	6.3776924E+1	6.2863932E+1	0.0000000E+0	0.0000000E+0	1.0000000E+2	0.0000000E+0
7.2350000E+0	6.3789204E+1	6.2908066E+1	0.0000000E+0	0.0000000E+0	1.0000000E+2	0.0000000E+0
7.2850000E+0	6.3780028E+1	6.2907994E+1	0.0000000E+0	0.0000000E+0	1.0000000E+2	0.0000000E+0
7.3350000E+0	6.3804353E+1	6.2928941E+1	0.0000000E+0	0.0000000E+0	1.0000000E+2	0.0000000E+0
7.3850000E+0	6.3855697E+1	6.2969728E+1	0.0000000E+0	0.0000000E+0	1.0000000E+2	0.0000000E+0
7.4350000E+0	6.3872073E+1	6.3001616E+1	0.0000000E+0	0.0000000E+0	1.0000000E+2	0.0000000E+0
7.4850000E+0	6.3902245E+1	6.3025035E+1	0.0000000E+0	0.0000000E+0	1.0000000E+2	0.0000000E+0
7.5350000E+0	6.3923404E+1	6.3039880E+1	0.0000000E+0	0.0000000E+0	1.0000000E+2	0.0000000E+0
7.5850000E+0	6.3952165E+1	6.3088099E+1	0.0000000E+0	0.0000000E+0	1.0000000E+2	0.0000000E+0
7.6350000E+0	6.3968752E+1	6.3107787E+1	0.0000000E+0	0.0000000E+0	1.0000000E+2	0.0000000E+0
7.6850000E+0	6.3985170E+1	6.3125451E+1	0.0000000E+0	0.0000000E+0	1.0000000E+2	0.0000000E+0
7.7370000E+0	6.3998614E+1	6.3140384E+1	0.0000000E+0	0.0000000E+0	1.0000000E+2	0.0000000E+0
7.7870000E+0	6.4002073E+1	6.3161242E+1	0.0000000E+0	0.0000000E+0	1.0000000E+2	0.0000000E+0
7.8370000E+0	6.3981855E+1	6.3166856E+1	0.0000000E+0	0.0000000E+0	1.0000000E+2	0.0000000E+0
7.8870000E+0	6.3972885E+1	6.3165021E+1	0.0000000E+0	0.0000000E+0	1.0000000E+2	0.0000000E+0
7.9370000E+0	6.3969465E+1	6.3162013E+1	0.0000000E+0	0.0000000E+0	1.0000000E+2	0.0000000E+0
7.9870000E+0	6.3969186E+1	6.3147538E+1	0.0000000E+0	0.0000000E+0	1.0000000E+2	0.0000000E+0
8.0370000E+0	6.3949028E+1	6.3148859E+1	0.0000000E+0	0.0000000E+0	1.0000000E+2	0.0000000E+0
8.0870000E+0	6.3938100E+1	6.3135915E+1	0.0000000E+0	0.0000000E+0	1.0000000E+2	0.0000000E+0
8.1370000E+0	6.3929680E+1	6.3126893E+1	0.0000000E+0	0.0000000E+0	1.0000000E+2	0.0000000E+0
8.1870000E+0	6.3916016E+1	6.3114972E+1	0.0000000E+0	0.0000000E+0	1.0000000E+2	0.0000000E+0
8.2370000E+0	6.3901036E+1	6.3106573E+1	0.0000000E+0	0.0000000E+0	1.0000000E+2	0.0000000E+0
8.2880000E+0	6.3900976E+1	6.3103542E+1	0.0000000E+0	0.0000000E+0	1.0000000E+2	0.0000000E+0
8.3380000E+0	6.3904132E+1	6.3110054E+1	0.0000000E+0	0.0000000E+0	1.0000000E+2	0.0000000E+0
8.3880000E+0	6.3890585E+1	6.3095554E+1	0.0000000E+0	0.0000000E+0	1.0000000E+2	0.0000000E+0
8.4380000E+0	6.3901099E+1	6.3091509E+1	0.0000000E+0	0.0000000E+0	1.0000000E+2	0.0000000E+0
8.4880000E+0	6.3893751E+1	6.3080486E+1	0.0000000E+0	0.0000000E+0	1.0000000E+2	0.0000000E+0
8.5380000E+0	6.3896947E+1	6.3086814E+1	0.0000000E+0	0.0000000E+0	1.0000000E+2	0.0000000E+0
8.5880000E+0	6.3919267E+1	6.3094625E+1	0.0000000E+0	0.0000000E+0	1.0000000E+2	0.0000000E+0
8.6380000E+0	6.3931794E+1	6.3096815E+1	0.0000000E+0	0.0000000E+0	1.0000000E+2	0.0000000E+0
8.6890000E+0	6.3955025E+1	6.3104889E+1	0.0000000E+0	0.0000000E+0	1.0000000E+2	0.0000000E+0
8.7390000E+0	6.3972439E+1	6.3118419E+1	0.0000000E+0	0.0000000E+0	1.0000000E+2	0.0000000E+0
8.7890000E+0	6.3990311E+1	6.3106202E+1	0.0000000E+0	0.0000000E+0	1.0000000E+2	0.0000000E+0
8.8390000E+0	6.3997656E+1	6.3107616E+1	0.0000000E+0	0.0000000E+0	1.0000000E+2	0.0000000E+0
8.8890000E+0	6.3991656E+1	6.3105748E+1	0.0000000E+0	0.0000000E+0	1.0000000E+2	0.0000000E+0
8.9400000E+0	6.3971630E+1	6.3091591E+1	0.0000000E+0	0.0000000E+0	1.0000000E+2	0.0000000E+0
8.9900000E+0	6.3971831E+1	6.3110823E+1	0.0000000E+0	0.0000000E+0	1.0000000E+2	0.0000000E+0
9.0410000E+0	6.3978938E+1	6.3112164E+1	0.0000000E+0	0.0000000E+0	1.0000000E+2	0.0000000E+0
9.0910000E+0	6.3986595E+1	6.3116016E+1	0.0000000E+0	0.0000000E+0	1.0000000E+2	0.0000000E+0
9.1410000E+0	6.4011489E+1	6.3126132E+1	0.0000000E+0	0.0000000E+0	1.0000000E+2	0.0000000E+0
9.1910000E+0	6.4018908E+1	6.3114902E+1	0.0000000E+0	0.0000000E+0	1.0000000E+2	0.0000000E+0
9.2410000E+0	6.4030472E+1	6.3118047E+1	0.0000000E+0	0.0000000E+0	1.0000000E+2	0.0000000E+0
9.2910000E+0	6.4015716E+1	6.3113137E+1	0.0000000E+0	0.0000000E+0	1.0000000E+2	0.0000000E+0
9.3410000E+0	6.4004555E+1	6.3105700E+1	0.0000000E+0	0.0000000E+0	1.0000000E+2	0.0000000E+0
9.3920000E+0	6.4020734E+1	6.3119498E+1	0.0000000E+0	0.0000000E+0	1.0000000E+2	0.0000000E+0
9.4420000E+0	6.4025105E+1	6.3116087E+1	0.0000000E+0	0.0000000E+0	1.0000000E+2	0.0000000E+0
9.4920000E+0	6.4034196E+1	6.3114517E+1	0.0000000E+0	0.0000000E+0	1.0000000E+2	0.0000000E+0
9.5420000E+0	6.4052354E+1	6.3117746E+1	0.0000000E+0	0.0000000E+0	1.0000000E+2	0.0000000E+0
9.5920000E+0	6.4062766E+1	6.3130975E+1	0.0000000E+0	0.0000000E+0	1.0000000E+2	0.0000000E+0
9.6420000E+0	6.4056293E+1	6.3141018E+1	0.0000000E+0	0.0000000E+0	1.0000000E+2	0.0000000E+0
9.6920000E+0	6.4075297E+1	6.3145071E+1	0.0000000E+0	0.0000000E+0	1.0000000E+2	0.0000000E+0
9.7420000E+0	6.4085369E+1	6.3152492E+1	0.0000000E+0	0.0000000E+0	1.0000000E+2	0.0000000E+0
9.7920000E+0	6.4096962E+1	6.3161399E+1	0.0000000E+0	0.0000000E+0	1.0000000E+2	0.0000000E+0
9.8430000E+0	6.4083479E+1	6.3154801E+1	0.0000000E+0	0.0000000E+0	1.0000000E+2	0.0000000E+0
9.8930000E+0	6.4088661E+1	6.3166384E+1	0.0000000E+0	0.0000000E+0	1.0000000E+2	0.0000000E+0
9.9430000E+0	6.4103468E+1	6.3177810E+1	0.0000000E+0	0.0000000E+0	1.0000000E+2	0.0000000E+0
9.9930000E+0	6.4133337E+1	6.3196311E+1	0.0000000E+0	0.0000000E+0	1.0000000E+2	0.0000000E+0
1.0043000E+1	6.4170533E+1	6.3205288E+1	0.0000000E+0	0.0000000E+0	1.0000000E+2	0.0000000E+0
1.0094000E+1	6.4161549E+1	6.3180692E+1	0.0000000E+0	0.0000000E+0	1.0000000E+2	0.0000000E+0
1.0144000E+1	6.4195352E+1	6.3210617E+1	0.0000000E+0	0.0000000E+0	1.0000000E+2	0.0000000E+0
1.0194000E+1	6.4220445E+1	6.3215096E+1	0.0000000E+0	0.0000000E+0	1.0000000E+2	0.0000000E+0
1.0245000E+1	6.4227021E+1	6.3219611E+1	0.0000000E+0	0.0000000E+0	1.0000000E+2	0.0000000E+0
1.0295000E+1	6.4240720E+1	6.3220645E+1	0.0000000E+0	0.0000000E+0	1.0000000E+2	0.0000000E+0
1.0345000E+1	6.4239023E+1	6.3219562E+1	0.0000000E+0	0.0000000E+0	1.0000000E+2	0.0000000E+0
1.0395000E+1	6.4175961E+1	6.3168738E+1	0.0000000E+0	0.0000000E+0	1.0000000E+2	0.0000000E+0
1.0445000E+1	6.4108731E+1	6.3100765E+1	0.0000000E+0	0.0000000E+0	1.0000000E+2	0.0000000E+0
1.0495000E+1	6.3999752E+1	6.2980783E+1	0.0000000E+0	0.0000000E+0	1.0000000E+2	0.0000000E+0
1.0547000E+1	6.3871907E+1	6.2838956E+1	0.0000000E+0	0.0000000E+0	1.0000000E+2	0.0000000E+0
1.0597000E+1	6.3700824E+1	6.2652856E+1	0.0000000E+0	0.0000000E+0	1.0000000E+2	0.0000000E+0
1.0648000E+1	6.3445813E+1	6.2408146E+1	0.0000000E+0	0.0000000E+0	1.0000000E+2	0.0000000E+0
1.0699000E+1	6.3209107E+1	6.2176320E+1	0.0000000E+0	0.0000000E+0	1.0000000E+2	0.0000000E+0
1.0750000E+1	6.2977458E+1	6.1944577E+1	0.0000000E+0	0.0000000E+0	1.0000000E+2	0.0000000E+0
1.0800000E+1	6.2761775E+1	6.1738735E+1	0.0000000E+0	0.0000000E+0	1.0000000E+2	0.0000000E+0
1.0850000E+1	6.2554693E+1	6.1545227E+1	0.0000000E+0	0.0000000E+0	1.0000000E+2	0.0000000E+0
1.0900000E+1	6.2363102E+1	6.1352745E+1	0.0000000E+0	0.0000000E+0	1.0000000E+2	0.0000000E+0
1.0950000E+1	6.2177314E+1	6.1191095E+1	0.0000000E+0	0.0000000E+0	1.0000000E+2	0.0000000E+0
1.1001000E+1	6.2014359E+1	6.1037962E+1	0.0000000E+0	0.0000000E+0	1.0000000E+2	0.0000000E+0
1.1051000E+1	6.1853470E+1	6.0879682E+1	0.0000000E+0	0.0000000E+0	1.0000000E+2	0.0000000E+0
1.1101000E+1	6.1719749E+1	6.0735807E+1	0.0000000E+0	0.0000000E+0	1.0000000E+2	0.0000000E+0
1.1151000E+1	6.1584410E+1	6.0619899E+1	0.0000000E+0	0.0000000E+0	1.0000000E+2	0.0000000E+0
1.1201000E+1	6.1455121E+1	6.0488738E+1	0.0000000E+0	0.0000000E+0	1.0000000E+2	0.0000000E+0
1.1252000E+1	6.1336259E+1	6.0383719E+1	0.0000000E+0	0.0000000E+0	1.0000000E+2	0.0000000E+0
1.1302000E+1	6.1228871E+1	6.0277641E+1	0.0000000E+0	0.0000000E+0	1.0000000E+2	0.0000000E+0
1.1352000E+1	6.1119504E+1	6.0175839E+1	0.0000000E+0	0.0000000E+0	1.0000000E+2	0.0000000E+0
1.1403000E+1	6.1041604E+1	6.0074064E+1	0.0000000E+0	0.0000000E+0	1.0000000E+2	0.0000000E+0
1.1453000E+1	6.0946922E+1	6.0006291E+1	0.0000000E+0	0.0000000E+0	1.0000000E+2	0.0000000E+0
1.1503000E+1	6.0872510E+1	5.9934741E+1	0.0000000E+0	0.0000000E+0	1.0000000E+2	0.0000000E+0
1.1553000E+1	6.0823085E+1	5.9863382E+1	0.0000000E+0	0.0000000E+0	1.0000000E+2	0.0000000E+0
1.1603000E+1	6.0744208E+1	5.9794184E+1	0.0000000E+0	0.0000000E+0	1.0000000E+2	0.0000000E+0
1.1653000E+1	6.0684276E+1	5.9738611E+1	0.0000000E+0	0.0000000E+0	1.0000000E+2	0.0000000E+0
1.1703000E+1	6.0608079E+1	5.9669028E+1	0.0000000E+0	0.0000000E+0	1.0000000E+2	0.0000000E+0
1.1753000E+1	6.0543564E+1	5.9611091E+1	0.0000000E+0	0.0000000E+0	1.0000000E+2	0.0000000E+0
1.1803000E+1	6.0480239E+1	5.9551659E+1	0.0000000E+0	0.0000000E+0	1.0000000E+2	0.0000000E+0
1.1853000E+1	6.0442810E+1	5.9521395E+1	0.0000000E+0	0.0000000E+0	1.0000000E+2	0.0000000E+0
1.1903000E+1	6.0427496E+1	5.9489580E+1	0.0000000E+0	0.0000000E+0	1.0000000E+2	0.0000000E+0
1.1953000E+1	6.0369906E+1	5.9440916E+1	0.0000000E+0	0.0000000E+0	1.0000000E+2	0.0000000E+0
1.2003000E+1	6.0347079E+1	5.9407524E+1	0.0000000E+0	0.0000000E+0	1.0000000E+2	0.0000000E+0
1.2054000E+1	6.0320250E+1	5.9372204E+1	0.0000000E+0	0.0000000E+0	1.0000000E+2	0.0000000E+0
1.2104000E+1	6.0302925E+1	5.9351810E+1	0.0000000E+0	0.0000000E+0	1.0000000E+2	0.0000000E+0
1.2154000E+1	6.0299838E+1	5.9325848E+1	0.0000000E+0	0.0000000E+0	1.0000000E+2	0.0000000E+0
1.2204000E+1	6.0286054E+1	5.9290784E+1	0.0000000E+0	0.0000000E+0	1.0000000E+2	0.0000000E+0
1.2254000E+1	6.0255983E+1	5.9263868E+1	0.0000000E+0	0.0000000E+0	1.0000000E+2	0.0000000E+0
1.2304000E+1	6.0244953E+1	5.9254142E+1	0.0000000E+0	0.0000000E+0	1.0000000E+2	0.0000000E+0
1.2354000E+1	6.0242761E+1	5.9247351E+1	0.0000000E+0	0.0000000E+0	1.0000000E+2	0.0000000E+0
1.2404000E+1	6.0233047E+1	5.9220376E+1	0.0000000E+0	0.0000000E+0	1.0000000E+2	0.0000000E+0
1.2455000E+1	6.0212081E+1	5.9190094E+1	0.0000000E+0	0.0000000E+0	1.0000000E+2	0.0000000E+0
1.2505000E+1	6.0184679E+1	5.9167182E+1	0.0000000E+0	0.0000000E+0	1.0000000E+2	0.0000000E+0
1.2555000E+1	6.0153642E+1	5.9159138E+1	0.0000000E+0	0.0000000E+0	1.0000000E+2	0.0000000E+0
1.2605000E+1	6.0144721E+1	5.9155884E+1	0.0000000E+0	0.0000000E+0	1.0000000E+2	0.0000000E+0
1.2655000E+1	6.0134559E+1	5.9154805E+1	0.0000000E+0	0.0000000E+0	1.0000000E+2	0.0000000E+0
1.2705000E+1	6.0131474E+1	5.9129285E+1	0.0000000E+0	0.0000000E+0	1.0000000E+2	0.0000000E+0
1.2755000E+1	6.0122835E+1	5.9128563E+1	0.0000000E+0	0.0000000E+0	1.0000000E+2	0.0000000E+0
1.2805000E+1	6.0100914E+1	5.9106884E+1	0.0000000E+0	0.0000000E+0	1.0000000E+2	0.0000000E+0
1.2855000E+1	6.0091485E+1	5.9082529E+1	0.0000000E+0	0.0000000E+0	1.0000000E+2	0.0000000E+0
1.2905000E+1	6.0098633E+1	5.9072076E+1	0.0000000E+0	0.0000000E+0	1.0000000E+2	0.0000000E+0
1.2955000E+1	6.0107600E+1	5.9064129E+1	0.0000000E+0	0.0000000E+0	1.0000000E+2	0.0000000E+0
1.3005000E+1	6.0106252E+1	5.9066263E+1	0.0000000E+0	0.0000000E+0	1.0000000E+2	0.0000000E+0
1.3056000E+1	6.0092847E+1	5.9059680E+1	0.0000000E+0	0.0000000E+0	1.0000000E+2	0.0000000E+0
1.3106000E+1	6.0062276E+1	5.9056780E+1	0.0000000E+0	0.0000000E+0	1.0000000E+2	0.0000000E+0
1.3156000E+1	6.0056289E+1	5.9045712E+1	0.0000000E+0	0.0000000E+0	1.0000000E+2	0.0000000E+0
1.3206000E+1	6.0071688E+1	5.9044429E+1	0.0000000E+0	0.0000000E+0	1.0000000E+2	0.0000000E+0
1.3257000E+1	6.0091747E+1	5.9034596E+1	0.0000000E+0	0.0000000E+0	1.0000000E+2	0.0000000E+0
1.3308000E+1	6.0082620E+1	5.9015553E+1	0.0000000E+0	0.0000000E+0	1.0000000E+2	0.0000000E+0
1.3358000E+1	6.0119333E+1	5.9026611E+1	0.0000000E+0	0.0000000E+0	1.0000000E+2	0.0000000E+0
1.3408000E+1	6.0149242E+1	5.9035559E+1	0.0000000E+0	0.0000000E+0	1.0000000E+2	0.0000000E+0
1.3458000E+1	6.0162344E+1	5.9028442E+1	0.0000000E+0	0.0000000E+0	1.0000000E+2	0.0000000E+0
1.3508000E+1	6.0167396E+1	5.9028875E+1	0.0000000E+0	0.0000000E+0	1.0000000E+2	0.0000000E+0
1.3558000E+1	6.0188225E+1	5.9023063E+1	0.0000000E+0	0.0000000E+0	1.0000000E+2	0.0000000E+0
1.3609000E+1	6.0210262E+1	5.9023918E+1	0.0000000E+0	0.0000000E+0	1.0000000E+2	0.0000000E+0
1.3659000E+1	6.0233378E+1	5.9021635E+1	0.0000000E+0	0.0000000E+0	1.0000000E+2	0.0000000E+0
1.3709000E+1	6.0229123E+1	5.9025576E+1	0.0000000E+0	0.0000000E+0	1.0000000E+2	0.0000000E+0
1.3759000E+1	6.0216473E+1	5.9030764E+1	0.0000000E+0	0.0000000E+0	1.0000000E+2	0.0000000E+0
1.3809000E+1	6.0237272E+1	5.9029171E+1	0.0000000E+0	0.0000000E+0	1.0000000E+2	0.0000000E+0
1.3859000E+1	6.0235353E+1	5.9027181E+1	0.0000000E+0	0.0000000E+0	1.0000000E+2	0.0000000E+0
1.3909000E+1	6.0221668E+1	5.9008967E+1	0.0000000E+0	0.0000000E+0	1.0000000E+2	0.0000000E+0
1.3960000E+1	6.0238837E+1	5.9019213E+1	0.0000000E+0	0.0000000E+0	1.0000000E+2	0.0000000E+0
1.4011000E+1	6.0249201E+1	5.9024162E+1	0.0000000E+0	0.0000000E+0	1.0000000E+2	0.0000000E+0
1.4062000E+1	6.0255552E+1	5.9023003E+1	0.0000000E+0	0.0000000E+0	1.0000000E+2	0.0000000E+0
1.4112000E+1	6.0258293E+1	5.9004158E+1	0.0000000E+0	0.0000000E+0	1.0000000E+2	0.0000000E+0
1.4162000E+1	6.0255448E+1	5.9019529E+1	0.0000000E+0	0.0000000E+0	1.0000000E+2	0.0000000E+0
1.4212000E+1	6.0231622E+1	5.9004289E+1	0.0000000E+0	0.0000000E+0	1.0000000E+2	0.0000000E+0
1.4262000E+1	6.0222877E+1	5.8997798E+1	0.0000000E+0	0.0000000E+0	1.0000000E+2	0.0000000E+0
1.4312000E+1	6.0232563E+1	5.8987512E+1	0.0000000E+0	0.0000000E+0	1.0000000E+2	0.0000000E+0
1.4362000E+1	6.0239163E+1	5.8991900E+1	0.0000000E+0	0.0000000E+0	1.0000000E+2	0.0000000E+0
1.4412000E+1	6.0256423E+1	5.8990928E+1	0.0000000E+0	0.0000000E+0	1.0000000E+2	0.0000000E+0
1.4462000E+1	6.0253808E+1	5.9014567E+1	0.0000000E+0	0.0000000E+0	1.0000000E+2	0.0000000E+0
1.4512000E+1	6.0246831E+1	5.9007037E+1	0.0000000E+0	0.0000000E+0	1.0000000E+2	0.0000000E+0
1.4562000E+1	6.0217881E+1	5.9006468E+1	0.0000000E+0	0.0000000E+0	1.0000000E+2	0.0000000E+0
1.4612000E+1	6.0209188E+1	5.9013751E+1	0.0000000E+0	0.0000000E+0	1.0000000E+2	0.0000000E+0
1.4662000E+1	6.0149475E+1	5.9012005E+1	0.0000000E+0	0.0000000E+0	1.0000000E+2	0.0000000E+0
1.4712000E+1	6.0126316E+1	5.9014640E+1	0.0000000E+0	0.0000000E+0	1.0000000E+2	0.0000000E+0
1.4762000E+1	6.0135786E+1	5.9018988E+1	0.0000000E+0	0.0000000E+0	1.0000000E+2	0.0000000E+0
1.4812000E+1	6.0138935E+1	5.9015126E+1	0.0000000E+0	0.0000000E+0	1.0000000E+2	0.0000000E+0
1.4862000E+1	6.0165544E+1	5.9021391E+1	0.0000000E+0	0.0000000E+0	1.0000000E+2	0.0000000E+0
1.4913000E+1	6.0179831E+1	5.9030808E+1	0.0000000E+0	0.0000000E+0	1.0000000E+2	0.0000000E+0
1.4963000E+1	6.0182992E+1	5.9026110E+1	0.0000000E+0	0.0000000E+0	1.0000000E+2	0.0000000E+0
1.5014000E+1	6.0205153E+1	5.9033394E+1	0.0000000E+0	0.0000000E+0	1.0000000E+2	0.0000000E+0
1.5065000E+1	6.0223163E+1	5.9040328E+1	0.0000000E+0	0.0000000E+0	1.0000000E+2	0.0000000E+0
1.5115000E+1	6.0246067E+1	5.9052331E+1	0.0000000E+0	0.0000000E+0	1.0000000E+2	0.0000000E+0
1.5165000E+1	6.0245945E+1	5.9051945E+1	0.0000000E+0	0.0000000E+0	1.0000000E+2	0.0000000E+0
1.5215000E+1	6.0271548E+1	5.9058753E+1	0.0000000E+0	0.0000000E+0	1.0000000E+2	0.0000000E+0
1.5265000E+1	6.0300575E+1	5.9067232E+1	0.0000000E+0	0.0000000E+0	1.0000000E+2	0.0000000E+0
1.5315000E+1	6.0305442E+1	5.9063092E+1	0.0000000E+0	0.0000000E+0	1.0000000E+2	0.0000000E+0
1.5366000E+1	6.0328212E+1	5.9061194E+1	0.0000000E+0	0.0000000E+0	1.0000000E+2	0.0000000E+0
1.5416000E+1	6.0375437E+1	5.9080994E+1	0.0000000E+0	0.0000000E+0	1.0000000E+2	0.0000000E+0
1.5466000E+1	6.0391257E+1	5.9072072E+1	0.0000000E+0	0.0000000E+0	1.0000000E+2	0.0000000E+0
1.5516000E+1	6.0422150E+1	5.9084538E+1	0.0000000E+0	0.0000000E+0	1.0000000E+2	0.0000000E+0
1.5566000E+1	6.0433523E+1	5.9077023E+1	0.0000000E+0	0.0000000E+0	1.0000000E+2	0.0000000E+0
1.5616000E+1	6.0465863E+1	5.9084469E+1	0.0000000E+0	0.0000000E+0	1.0000000E+2	0.0000000E+0
1.5666000E+1	6.0470257E+1	5.9097652E+1	0.0000000E+0	0.0000000E+0	1.0000000E+2	0.0000000E+0
1.5716000E+1	6.0434574E+1	5.9066400E+1	0.0000000E+0	0.0000000E+0	1.0000000E+2	0.0000000E+0
1.5766000E+1	6.0422373E+1	5.9073637E+1	0.0000000E+0	0.0000000E+0	1.0000000E+2	0.0000000E+0
1.5817000E+1	6.0436429E+1	5.9081818E+1	0.0000000E+0	0.0000000E+0	1.0000000E+2	0.0000000E+0
1.5867000E+1	6.0449120E+1	5.9075447E+1	0.0000000E+0	0.0000000E+0	1.0000000E+2	0.0000000E+0
1.5917000E+1	6.0482118E+1	5.9091313E+1	0.0000000E+0	0.0000000E+0	1.0000000E+2	0.0000000E+0
1.5967000E+1	6.0498868E+1	5.9098355E+1	0.0000000E+0	0.0000000E+0	1.0000000E+2	0.0000000E+0
1.6017000E+1	6.0513416E+1	5.9115905E+1	0.0000000E+0	0.0000000E+0	1.0000000E+2	0.0000000E+0
1.6067000E+1	6.0515462E+1	5.9098492E+1	0.0000000E+0	0.0000000E+0	1.0000000E+2	0.0000000E+0
1.6117000E+1	6.0525820E+1	5.9097016E+1	0.0000000E+0	0.0000000E+0	1.0000000E+2	0.0000000E+0
1.6167000E+1	6.0535036E+1	5.9111261E+1	0.0000000E+0	0.0000000E+0	1.0000000E+2	0.0000000E+0
1.6217000E+1	6.0535434E+1	5.9119002E+1	0.0000000E+0	0.0000000E+0	1.0000000E+2	0.0000000E+0
1.6267000E+1	6.0527467E+1	5.9118457E+1	0.0000000E+0	0.0000000E+0	1.0000000E+2	0.0000000E+0
1.6317000E+1	6.0542782E+1	5.9120926E+1	0.0000000E+0	0.0000000E+0	1.0000000E+2	0.0000000E+0
1.6367000E+1	6.0533814E+1	5.9125519E+1	0.0000000E+0	0.0000000E+0	1.0000000E+2	0.0000000E+0
1.6417000E+1	6.0521918E+1	5.9137193E+1	0.0000000E+0	0.0000000E+0	1.0000000E+2	0.0000000E+0
1.6467000E+1	6.0500007E+1	5.9134295E+1	0.0000000E+0	0.0000000E+0	1.0000000E+2	0.0000000E+0
1.6517000E+1	6.0488752E+1	5.9129214E+1	0.0000000E+0	0.0000000E+0	1.0000000E+2	0.0000000E+0
1.6568000E+1	6.0480012E+1	5.9132150E+1	0.0000000E+0	0.0000000E+0	1.0000000E+2	0.0000000E+0
1.6618000E+1	6.0487474E+1	5.9146854E+1	0.0000000E+0	0.0000000E+0	1.0000000E+2	0.0000000E+0
1.6668000E+1	6.0488878E+1	5.9158753E+1	0.0000000E+0	0.0000000E+0	1.0000000E+2	0.0000000E+0
1.6718000E+1	6.0468787E+1	5.9169195E+1	0.0000000E+0	0.0000000E+0	1.0000000E+2	0.0000000E+0
1.6768000E+1	6.0459557E+1	5.9169262E+1	0.0000000E+0	0.0000000E+0	1.0000000E+2	0.0000000E+0
1.6818000E+1	6.0453745E+1	5.9174538E+1	0.0000000E+0	0.0000000E+0	1.0000000E+2	0.0000000E+0
1.6868000E+1	6.0461811E+1	5.9183803E+1	0.0000000E+0	0.0000000E+0	1.0000000E+2	0.0000000E+0
1.6918000E+1	6.0457711E+1	5.9181993E+1	0.0000000E+0	0.0000000E+0	1.0000000E+2	0.0000000E+0
1.6968000E+1	6.0446586E+1	5.9189172E+1	0.0000000E+0	0.0000000E+0	1.0000000E+2	0.0000000E+0
1.7018000E+1	6.0443746E+1	5.9191655E+1	0.0000000E+0	0.0000000E+0	1.0000000E+2	0.0000000E+0
1.7068000E+1	6.0448558E+1	5.9191496E+1	0.0000000E+0	0.0000000E+0	1.0000000E+2	0.0000000E+0
1.7118000E+1	6.0469658E+1	5.9189894E+1	0.0000000E+0	0.0000000E+0	1.0000000E+2	0.0000000E+0
1.7168000E+1	6.0498019E+1	5.9206064E+1	0.0000000E+0	0.0000000E+0	1.0000000E+2	0.0000000E+0
1.7218000E+1	6.0521184E+1	5.9202008E+1	0.0000000E+0	0.0000000E+0	1.0000000E+2	0.0000000E+0
1.7268000E+1	6.0513531E+1	5.9205572E+1	0.0000000E+0	0.0000000E+0	1.0000000E+2	0.0000000E+0
1.7318000E+1	6.0550127E+1	5.9211991E+1	0.0000000E+0	0.0000000E+0	1.0000000E+2	0.0000000E+0
1.7368000E+1	6.0550890E+1	5.9233806E+1	0.0000000E+0	0.0000000E+0	1.0000000E+2	0.0000000E+0
1.7418000E+1	6.0519622E+1	5.9210600E+1	0.0000000E+0	0.0000000E+0	1.0000000E+2	0.0000000E+0
1.7468000E+1	6.0543465E+1	5.9221709E+1	0.0000000E+0	0.0000000E+0	1.0000000E+2	0.0000000E+0
1.7518000E+1	6.0543753E+1	5.9227858E+1	0.0000000E+0	0.0000000E+0	1.0000000E+2	0.0000000E+0
1.7568000E+1	6.0537629E+1	5.9239787E+1	0.0000000E+0	0.0000000E+0	1.0000000E+2	0.0000000E+0
1.7618000E+1	6.0531678E+1	5.9232574E+1	0.0000000E+0	0.0000000E+0	1.0000000E+2	0.0000000E+0
1.7669000E+1	6.0520366E+1	5.9229723E+1	0.0000000E+0	0.0000000E+0	1.0000000E+2	0.0000000E+0
1.7720000E+1	6.0509142E+1	5.9228787E+1	0.0000000E+0	0.0000000E+0	1.0000000E+2	0.0000000E+0
1.7770000E+1	6.0513747E+1	5.9237093E+1	0.0000000E+0	0.0000000E+0	1.0000000E+2	0.0000000E+0
1.7820000E+1	6.0519733E+1	5.9244054E+1	0.0000000E+0	0.0000000E+0	1.0000000E+2	0.0000000E+0
1.7870000E+1	6.0522535E+1	5.9250603E+1	0.0000000E+0	0.0000000E+0	1.0000000E+2	0.0000000E+0
1.7920000E+1	6.0538685E+1	5.9258784E+1	0.0000000E+0	0.0000000E+0	1.0000000E+2	0.0000000E+0
1.7970000E+1	6.0552129E+1	5.9260723E+1	0.0000000E+0	0.0000000E+0	1.0000000E+2	0.0000000E+0
1.8020000E+1	6.0565179E+1	5.9268644E+1	0.0000000E+0	0.0000000E+0	1.0000000E+2	0.0000000E+0
1.8070000E+1	6.0567023E+1	5.9261500E+1	0.0000000E+0	0.0000000E+0	1.0000000E+2	0.0000000E+0
1.8120000E+1	6.0558150E+1	5.9275898E+1	0.0000000E+0	0.0000000E+0	1.0000000E+2	0.0000000E+0
1.8170000E+1	6.0560583E+1	5.9284484E+1	0.0000000E+0	0.0000000E+0	1.0000000E+2	0.0000000E+0
1.8220000E+1	6.0575204E+1	5.9299553E+1	0.0000000E+0	0.0000000E+0	1.0000000E+2	0.0000000E+0
1.8271000E+1	6.0577415E+1	5.9298136E+1	0.0000000E+0	0.0000000E+0	1.0000000E+2	0.0000000E+0
1.8321000E+1	6.0585121E+1	5.9301695E+1	0.0000000E+0	0.0000000E+0	1.0000000E+2	0.0000000E+0
1.8372000E+1	6.0577443E+1	5.9313747E+1	0.0000000E+0	0.0000000E+0	1.0000000E+2	0.0000000E+0
1.8422000E+1	6.0587707E+1	5.9314572E+1	0.0000000E+0	0.0000000E+0	1.0000000E+2	0.0000000E+0
1.8472000E+1	6.0577205E+1	5.9317003E+1	0.0000000E+0	0.0000000E+0	1.0000000E+2	0.0000000E+0
1.8522000E+1	6.0580910E+1	5.9323946E+1	0.0000000E+0	0.0000000E+0	1.0000000E+2	0.0000000E+0
1.8573000E+1	6.0564224E+1	5.9319845E+1	0.0000000E+0	0.0000000E+0	1.0000000E+2	0.0000000E+0
1.8623000E+1	6.0531517E+1	5.9314722E+1	0.0000000E+0	0.0000000E+0	1.0000000E+2	0.0000000E+0
1.8673000E+1	6.0547805E+1	5.9328167E+1	0.0000000E+0	0.0000000E+0	1.0000000E+2	0.0000000E+0
1.8723000E+1	6.0573350E+1	5.9343266E+1	0.0000000E+0	0.0000000E+0	1.0000000E+2	0.0000000E+0
1.8774000E+1	6.0545878E+1	5.9348351E+1	0.0000000E+0	0.0000000E+0	1.0000000E+2	0.0000000E+0
1.8824000E+1	6.0550558E+1	5.9348592E+1	0.0000000E+0	0.0000000E+0	1.0000000E+2	0.0000000E+0
1.8874000E+1	6.0588038E+1	5.9358382E+1	0.0000000E+0	0.0000000E+0	1.0000000E+2	0.0000000E+0
1.8924000E+1	6.0593926E+1	5.9354071E+1	0.0000000E+0	0.0000000E+0	1.0000000E+2	0.0000000E+0
1.8974000E+1	6.0570177E+1	5.9351929E+1	0.0000000E+0	0.0000000E+0	1.0000000E+2	0.0000000E+0
1.9024000E+1	6.0591699E+1	5.9352841E+1	0.0000000E+0	0.0000000E+0	1.0000000E+2	0.0000000E+0
1.9074000E+1	6.0610309E+1	5.9368892E+1	0.0000000E+0	0.0000000E+0	1.0000000E+2	0.0000000E+0
1.9125000E+1	6.0621851E+1	5.9382405E+1	0.0000000E+0	0.0000000E+0	1.0000000E+2	0.0000000E+0
1.9175000E+1	6.0644265E+1	5.9381635E+1	0.0000000E+0	0.0000000E+0	1.0000000E+2	0.0000000E+0
1.9225000E+1	6.0636340E+1	5.9377875E+1	0.0000000E+0	0.0000000E+0	1.0000000E+2	0.0000000E+0
1.9275000E+1	6.0622676E+1	5.9384455E+1	0.0000000E+0	0.0000000E+0	1.0000000E+2	0.0000000E+0
1.9325000E+1	6.0645702E+1	5.9397593E+1	0.0000000E+0	0.0000000E+0	1.0000000E+2	0.0000000E+0
1.9375000E+1	6.0657578E+1	5.9388014E+1	0.0000000E+0	0.0000000E+0	1.0000000E+2	0.0000000E+0
1.9426000E+1	6.0672760E+1	5.9403056E+1	0.0000000E+0	0.0000000E+0	1.0000000E+2	0.0000000E+0
1.9476000E+1	6.0688000E+1	5.9414446E+1	0.0000000E+0	0.0000000E+0	1.0000000E+2	0.0000000E+0
1.9526000E+1	6.0720892E+1	5.9429015E+1	0.0000000E+0	0.0000000E+0	1.0000000E+2	0.0000000E+0
1.9576000E+1	6.0722022E+1	5.9411736E+1	0.0000000E+0	0.0000000E+0	1.0000000E+2	0.0000000E+0
1.9626000E+1	6.0751526E+1	5.9418607E+1	0.0000000E+0	0.0000000E+0	1.0000000E+2	0.0000000E+0
1.9676000E+1	6.0776446E+1	5.9433848E+1	0.0000000E+0	0.0000000E+0	1.0000000E+2	0.0000000E+0
1.9726000E+1	6.0787594E+1	5.9433419E+1	0.0000000E+0	0.0000000E+0	1.0000000E+2	0.0000000E+0
1.9776000E+1	6.0793789E+1	5.9445448E+1	0.0000000E+0	0.0000000E+0	1.0000000E+2	0.0000000E+0
1.9826000E+1	6.0781779E+1	5.9440371E+1	0.0000000E+0	0.0000000E+0	1.0000000E+2	0.0000000E+0
1.9876000E+1	6.0788922E+1	5.9450291E+1	0.0000000E+0	0.0000000E+0	1.0000000E+2	0.0000000E+0
1.9926000E+1	6.0798235E+1	5.9452123E+1	0.0000000E+0	0.0000000E+0	1.0000000E+2	0.0000000E+0
1.9976000E+1	6.0800006E+1	5.9451853E+1	0.0000000E+0	0.0000000E+0	1.0000000E+2	0.0000000E+0
2.0026000E+1	6.0820261E+1	5.9463336E+1	0.0000000E+0	0.0000000E+0	1.0000000E+2	0.0000000E+0
2.0077000E+1	6.0830596E+1	5.9476633E+1	0.0000000E+0	0.0000000E+0	1.0000000E+2	0.0000000E+0
2.0127000E+1	6.0852834E+1	5.9479303E+1	0.0000000E+0	0.0000000E+0	1.0000000E+2	0.0000000E+0
2.0177000E+1	6.0868864E+1	5.9470544E+1	0.0000000E+0	0.0000000E+0	1.0000000E+2	0.0000000E+0
2.0227000E+1	6.0908948E+1	5.9475472E+1	0.0000000E+0	0.0000000E+0	1.0000000E+2	0.0000000E+0
2.0277000E+1	6.0945027E+1	5.9499549E+1	0.0000000E+0	0.0000000E+0	1.0000000E+2	0.0000000E+0
2.0327000E+1	6.0955031E+1	5.9508993E+1	0.0000000E+0	0.0000000E+0	1.0000000E+2	0.0000000E+0
2.0377000E+1	6.0949009E+1	5.9498055E+1	0.0000000E+0	0.0000000E+0	1.0000000E+2	0.0000000E+0
2.0427000E+1	6.0975982E+1	5.9505303E+1	0.0000000E+0	0.0000000E+0	1.0000000E+2	0.0000000E+0
2.0477000E+1	6.0995776E+1	5.9501280E+1	0.0000000E+0	0.0000000E+0	1.0000000E+2	0.0000000E+0
2.0527000E+1	6.1029877E+1	5.9496994E+1	0.0000000E+0	0.0000000E+0	1.0000000E+2	0.0000000E+0
2.0578000E+1	6.1075550E+1	5.9504952E+1	0.0000000E+0	0.0000000E+0	1.0000000E+2	0.0000000E+0
2.0628000E+1	6.1114980E+1	5.9512944E+1	0.0000000E+0	0.0000000E+0	1.0000000E+2	0.0000000E+0
2.0678000E+1	6.1131831E+1	5.9522941E+1	0.0000000E+0	0.0000000E+0	1.0000000E+2	0.0000000E+0
2.0728000E+1	6.1164959E+1	5.9523937E+1	0.0000000E+0	0.0000000E+0	1.0000000E+2	0.0000000E+0
2.0778000E+1	6.1167039E+1	5.9512788E+1	0.0000000E+0	0.0000000E+0	1.0000000E+2	0.0000000E+0
2.0828000E+1	6.1182844E+1	5.9512921E+1	0.0000000E+0	0.0000000E+0	1.0000000E+2	0.0000000E+0
2.0878000E+1	6.1184144E+1	5.9517495E+1	0.0000000E+0	0.0000000E+0	1.0000000E+2	0.0000000E+0
2.0928000E+1	6.1218402E+1	5.9530608E+1	0.0000000E+0	0.0000000E+0	1.0000000E+2	0.0000000E+0
2.0978000E+1	6.1242403E+1	5.9532199E+1	0.0000000E+0	0.0000000E+0	1.0000000E+2	0.0000000E+0
2.1028000E+1	6.1283381E+1	5.9545702E+1	0.0000000E+0	0.0000000E+0	1.0000000E+2	0.0000000E+0
2.1078000E+1	6.1306881E+1	5.9533705E+1	0.0000000E+0	0.0000000E+0	1.0000000E+2	0.0000000E+0
2.1128000E+1	6.1337635E+1	5.9544087E+1	0.0000000E+0	0.0000000E+0	1.0000000E+2	0.0000000E+0
2.1178000E+1	6.1359842E+1	5.9545946E+1	0.0000000E+0	0.0000000E+0	1.0000000E+2	0.0000000E+0
2.1228000E+1	6.1385330E+1	5.9557076E+1	0.0000000E+0	0.0000000E+0	1.0000000E+2	0.0000000E+0
2.1278000E+1	6.1403525E+1	5.9557530E+1	0.0000000E+0	0.0000000E+0	1.0000000E+2	0.0000000E+0
2.1328000E+1	6.1434129E+1	5.9557084E+1	0.0000000E+0	0.0000000E+0	1.0000000E+2	0.0000000E+0
2.1378000E+1	6.1455295E+1	5.9560602E+1	0.0000000E+0	0.0000000E+0	1.0000000E+2	0.0000000E+0
2.1428000E+1	6.1470755E+1	5.9554826E+1	0.0000000E+0	0.0000000E+0	1.0000000E+2	0.0000000E+0
2.1478000E+1	6.1470951E+1	5.9546161E+1	0.0000000E+0	0.0000000E+0	1.0000000E+2	0.0000000E+0
2.1528000E+1	6.1500796E+1	5.9558124E+1	0.0000000E+0	0.0000000E+0	1.0000000E+2	0.0000000E+0
2.1578000E+1	6.1527479E+1	5.9573653E+1	0.0000000E+0	0.0000000E+0	1.0000000E+2	0.0000000E+0
2.1628000E+1	6.1503209E+1	5.9578629E+1	0.0000000E+0	0.0000000E+0	1.0000000E+2	0.0000000E+0
2.1678000E+1	6.1515095E+1	5.9574801E+1	0.0000000E+0	0.0000000E+0	1.0000000E+2	0.0000000E+0
2.1728000E+1	6.1541593E+1	5.9584309E+1	0.0000000E+0	0.0000000E+0	1.0000000E+2	0.0000000E+0
2.1778000E+1	6.1571980E+1	5.9586942E+1	0.0000000E+0	0.0000000E+0	1.0000000E+2	0.0000000E+0
2.1829000E+1	6.1585688E+1	5.9591554E+1	0.0000000E+0	0.0000000E+0	1.0000000E+2	0.0000000E+0
2.1880000E+1	6.1618012E+1	5.9599200E+1	0.0000000E+0	0.0000000E+0	1.0000000E+2	0.0000000E+0
2.1930000E+1	6.1650318E+1	5.9626436E+1	0.0000000E+0	0.0000000E+0	1.0000000E+2	0.0000000E+0
2.1980000E+1	6.1674823E+1	5.9617698E+1	0.0000000E+0	0.0000000E+0	1.0000000E+2	0.0000000E+0
2.2030000E+1	6.1667173E+1	5.9617323E+1	0.0000000E+0	0.0000000E+0	1.0000000E+2	0.0000000E+0
2.2080000E+1	6.1688216E+1	5.9626655E+1	0.0000000E+0	0.0000000E+0	1.0000000E+2	0.0000000E+0
2.2130000E+1	6.1709219E+1	5.9633803E+1	0.0000000E+0	0.0000000E+0	1.0000000E+2	0.0000000E+0
2.2180000E+1	6.1724603E+1	5.9641733E+1	0.0000000E+0	0.0000000E+0	1.0000000E+2	0.0000000E+0
2.2230000E+1	6.1736495E+1	5.9636763E+1	0.0000000E+0	0.0000000E+0	1.0000000E+2	0.0000000E+0
2.2280000E+1	6.1709792E+1	5.9648312E+1	0.0000000E+0	0.0000000E+0	1.0000000E+2	0.0000000E+0
2.2330000E+1	6.1712857E+1	5.9655087E+1	0.0000000E+0	0.0000000E+0	1.0000000E+2	0.0000000E+0
2.2380000E+1	6.1744546E+1	5.9665884E+1	0.0000000E+0	0.0000000E+0	1.0000000E+2	0.0000000E+0
2.2430000E+1	6.1769247E+1	5.9663900E+1	0.0000000E+0	0.0000000E+0	1.0000000E+2	0.0000000E+0
2.2480000E+1	6.1810659E+1	5.9682634E+1	0.0000000E+0	0.0000000E+0	1.0000000E+2	0.0000000E+0
2.2530000E+1	6.1817322E+1	5.9672463E+1	0.0000000E+0	0.0000000E+0	1.0000000E+2	0.0000000E+0
2.2580000E+1	6.1850898E+1	5.9685205E+1	0.0000000E+0	0.0000000E+0	1.0000000E+2	0.0000000E+0
2.2630000E+1	6.1888935E+1	5.9688481E+1	0.0000000E+0	0.0000000E+0	1.0000000E+2	0.0000000E+0
2.2680000E+1	6.1910713E+1	5.9702570E+1	0.0000000E+0	0.0000000E+0	1.0000000E+2	0.0000000E+0
2.2730000E+1	6.1919674E+1	5.9714253E+1	0.0000000E+0	0.0000000E+0	1.0000000E+2	0.0000000E+0
2.2780000E+1	6.1911173E+1	5.9721257E+1	0.0000000E+0	0.0000000E+0	1.0000000E+2	0.0000000E+0
2.2830000E+1	6.1903984E+1	5.9722055E+1	0.0000000E+0	0.0000000E+0	1.0000000E+2	0.0000000E+0
2.2880000E+1	6.1924367E+1	5.9736718E+1	0.0000000E+0	0.0000000E+0	1.0000000E+2	0.0000000E+0
2.2930000E+1	6.1932969E+1	5.9743234E+1	0.0000000E+0	0.0000000E+0	1.0000000E+2	0.0000000E+0
2.2980000E+1	6.1930285E+1	5.9752494E+1	0.0000000E+0	0.0000000E+0	1.0000000E+2	0.0000000E+0
2.3030000E+1	6.1929277E+1	5.9748584E+1	0.0000000E+0	0.0000000E+0	1.0000000E+2	0.0000000E+0
2.3081000E+1	6.1939173E+1	5.9743631E+1	0.0000000E+0	0.0000000E+0	1.0000000E+2	0.0000000E+0
2.3132000E+1	6.1946411E+1	5.9758378E+1	0.0000000E+0	0.0000000E+0	1.0000000E+2	0.0000000E+0
2.3182000E+1	6.1937904E+1	5.9757040E+1	0.0000000E+0	0.0000000E+0	1.0000000E+2	0.0000000E+0
2.3232000E+1	6.1967912E+1	5.9767810E+1	0.0000000E+0	0.0000000E+0	1.0000000E+2	0.0000000E+0
2.3283000E+1	6.1926590E+1	5.9768598E+1	0.0000000E+0	0.0000000E+0	1.0000000E+2	0.0000000E+0
2.3333000E+1	6.1913841E+1	5.9768733E+1	0.0000000E+0	0.0000000E+0	1.0000000E+2	0.0000000E+0
2.3383000E+1	6.1919462E+1	5.9775306E+1	0.0000000E+0	0.0000000E+0	1.0000000E+2	0.0000000E+0
2.3433000E+1	6.1925772E+1	5.9776812E+1	0.0000000E+0	0.0000000E+0	1.0000000E+2	0.0000000E+0
2.3483000E+1	6.1917312E+1	5.9772827E+1	0.0000000E+0	0.0000000E+0	1.0000000E+2	0.0000000E+0
2.3534000E+1	6.1933548E+1	5.9774407E+1	0.0000000E+0	0.0000000E+0	1.0000000E+2	0.0000000E+0
2.3584000E+1	6.1932317E+1	5.9777441E+1	0.0000000E+0	0.0000000E+0	1.0000000E+2	0.0000000E+0
2.3634000E+1	6.1949851E+1	5.9801040E+1	0.0000000E+0	0.0000000E+0	1.0000000E+2	0.0000000E+0
2.3684000E+1	6.1945501E+1	5.9801546E+1	0.0000000E+0	0.0000000E+0	1.0000000E+2	0.0000000E+0
2.3734000E+1	6.1940005E+1	5.9791592E+1	0.0000000E+0	0.0000000E+0	1.0000000E+2	0.0000000E+0
2.3784000E+1	6.1948676E+1	5.9811438E+1	0.0000000E+0	0.0000000E+0	1.0000000E+2	0.0000000E+0
2.3835000E+1	6.1963475E+1	5.9822355E+1	0.0000000E+0	0.0000000E+0	1.0000000E+2	0.0000000E+0
2.3885000E+1	6.1988492E+1	5.9831257E+1	0.0000000E+0	0.0000000E+0	1.0000000E+2	0.0000000E+0
2.3935000E+1	6.2007834E+1	5.9836900E+1	0.0000000E+0	0.0000000E+0	1.0000000E+2	0.0000000E+0
2.3985000E+1	6.2005949E+1	5.9839420E+1	0.0000000E+0	0.0000000E+0	1.0000000E+2	0.0000000E+0
2.4035000E+1	6.2029941E+1	5.9831908E+1	0.0000000E+0	0.0000000E+0	1.0000000E+2	0.0000000E+0
2.4085000E+1	6.2043975E+1	5.9852440E+1	0.0000000E+0	0.0000000E+0	1.0000000E+2	0.0000000E+0
2.4135000E+1	6.2054081E+1	5.9859759E+1	0.0000000E+0	0.0000000E+0	1.0000000E+2	0.0000000E+0
2.4185000E+1	6.2066853E+1	5.9862642E+1	0.0000000E+0	0.0000000E+0	1.0000000E+2	0.0000000E+0
2.4235000E+1	6.2098051E+1	5.9870420E+1	0.0000000E+0	0.0000000E+0	1.0000000E+2	0.0000000E+0
2.4285000E+1	6.2103630E+1	5.9872142E+1	0.0000000E+0	0.0000000E+0	1.0000000E+2	0.0000000E+0
2.4336000E+1	6.2139970E+1	5.9881931E+1	0.0000000E+0	0.0000000E+0	1.0000000E+2	0.0000000E+0
2.4386000E+1	6.2147439E+1	5.9880894E+1	0.0000000E+0	0.0000000E+0	1.0000000E+2	0.0000000E+0
2.4436000E+1	6.2158200E+1	5.9909018E+1	0.0000000E+0	0.0000000E+0	1.0000000E+2	0.0000000E+0
2.4486000E+1	6.2141466E+1	5.9915373E+1	0.0000000E+0	0.0000000E+0	1.0000000E+2	0.0000000E+0
2.4536000E+1	6.2146330E+1	5.9918264E+1	0.0000000E+0	0.0000000E+0	1.0000000E+2	0.0000000E+0
2.4587000E+1	6.2172198E+1	5.9910715E+1	0.0000000E+0	0.0000000E+0	1.0000000E+2	0.0000000E+0
2.4637000E+1	6.2188443E+1	5.9924381E+1	0.0000000E+0	0.0000000E+0	1.0000000E+2	0.0000000E+0
2.4688000E+1	6.2223067E+1	5.9926230E+1	0.0000000E+0	0.0000000E+0	1.0000000E+2	0.0000000E+0
2.4738000E+1	6.2240054E+1	5.9925327E+1	0.0000000E+0	0.0000000E+0	1.0000000E+2	0.0000000E+0
2.4788000E+1	6.2264658E+1	5.9935561E+1	0.0000000E+0	0.0000000E+0	1.0000000E+2	0.0000000E+0
2.4838000E+1	6.2287773E+1	5.9949385E+1	0.0000000E+0	0.0000000E+0	1.0000000E+2	0.0000000E+0
2.4888000E+1	6.2297956E+1	5.9938843E+1	0.0000000E+0	0.0000000E+0	1.0000000E+2	0.0000000E+0
2.4938000E+1	6.2324572E+1	5.9959820E+1	0.0000000E+0	0.0000000E+0	1.0000000E+2	0.0000000E+0
2.4988000E+1	6.2334811E+1	5.9971849E+1	0.0000000E+0	0.0000000E+0	1.0000000E+2	0.0000000E+0
2.5039000E+1	6.2358963E+1	5.9980519E+1	0.0000000E+0	0.0000000E+0	1.0000000E+2	0.0000000E+0
2.5090000E+1	6.2367848E+1	5.9980707E+1	0.0000000E+0	0.0000000E+0	1.0000000E+2	0.0000000E+0
2.5140000E+1	6.2385681E+1	5.9985205E+1	0.0000000E+0	0.0000000E+0	1.0000000E+2	0.0000000E+0
2.5191000E+1	6.2374863E+1	5.9998010E+1	0.0000000E+0	0.0000000E+0	1.0000000E+2	0.0000000E+0
2.5242000E+1	6.2380603E+1	5.9995606E+1	0.0000000E+0	0.0000000E+0	1.0000000E+2	0.0000000E+0
2.5292000E+1	6.2393894E+1	6.0012370E+1	0.0000000E+0	0.0000000E+0	1.0000000E+2	0.0000000E+0
2.5343000E+1	6.2409234E+1	6.0005455E+1	0.0000000E+0	0.0000000E+0	1.0000000E+2	0.0000000E+0
2.5393000E+1	6.2441776E+1	6.0024300E+1	0.0000000E+0	0.0000000E+0	1.0000000E+2	0.0000000E+0
2.5443000E+1	6.2458505E+1	6.0012340E+1	0.0000000E+0	0.0000000E+0	1.0000000E+2	0.0000000E+0
2.5493000E+1	6.2490839E+1	6.0006774E+1	0.0000000E+0	0.0000000E+0	1.0000000E+2	0.0000000E+0
2.5543000E+1	6.2517536E+1	6.0014983E+1	0.0000000E+0	0.0000000E+0	1.0000000E+2	0.0000000E+0
2.5594000E+1	6.2533358E+1	5.9999618E+1	0.0000000E+0	0.0000000E+0	1.0000000E+2	0.0000000E+0
2.5645000E+1	6.2565694E+1	6.0008913E+1	0.0000000E+0	0.0000000E+0	1.0000000E+2	0.0000000E+0
2.5695000E+1	6.2586528E+1	6.0009544E+1	0.0000000E+0	0.0000000E+0	1.0000000E+2	0.0000000E+0
2.5745000E+1	6.2608930E+1	6.0020351E+1	0.0000000E+0	0.0000000E+0	1.0000000E+2	0.0000000E+0
2.5795000E+1	6.2625478E+1	6.0016770E+1	0.0000000E+0	0.0000000E+0	1.0000000E+2	0.0000000E+0
2.5845000E+1	6.2666450E+1	6.0027401E+1	0.0000000E+0	0.0000000E+0	1.0000000E+2	0.0000000E+0
2.5895000E+1	6.2693177E+1	6.0054803E+1	0.0000000E+0	0.0000000E+0	1.0000000E+2	0.0000000E+0
2.5945000E+1	6.2737781E+1	6.0061224E+1	0.0000000E+0	0.0000000E+0	1.0000000E+2	0.0000000E+0
2.5996000E+1	6.2765202E+1	6.0056769E+1	0.0000000E+0	0.0000000E+0	1.0000000E+2	0.0000000E+0
2.6047000E+1	6.2786308E+1	6.0065446E+1	0.0000000E+0	0.0000000E+0	1.0000000E+2	0.0000000E+0
2.6097000E+1	6.2822264E+1	6.0072272E+1	0.0000000E+0	0.0000000E+0	1.0000000E+2	0.0000000E+0
2.6147000E+1	6.2846452E+1	6.0071396E+1	0.0000000E+0	0.0000000E+0	1.0000000E+2	0.0000000E+0
2.6197000E+1	6.2857811E+1	6.0075255E+1	0.0000000E+0	0.0000000E+0	1.0000000E+2	0.0000000E+0
2.6247000E+1	6.2855206E+1	6.0074463E+1	0.0000000E+0	0.0000000E+0	1.0000000E+2	0.0000000E+0
2.6297000E+1	6.2869218E+1	6.0086120E+1	0.0000000E+0	0.0000000E+0	1.0000000E+2	0.0000000E+0
2.6347000E+1	6.2881251E+1	6.0081761E+1	0.0000000E+0	0.0000000E+0	1.0000000E+2	0.0000000E+0
2.6397000E+1	6.2927909E+1	6.0101192E+1	0.0000000E+0	0.0000000E+0	1.0000000E+2	0.0000000E+0
2.6447000E+1	6.2973518E+1	6.0100509E+1	0.0000000E+0	0.0000000E+0	1.0000000E+2	0.0000000E+0
2.6498000E+1	6.3017005E+1	6.0114196E+1	0.0000000E+0	0.0000000E+0	1.0000000E+2	0.0000000E+0
2.6548000E+1	6.3029092E+1	6.0100209E+1	0.0000000E+0	0.0000000E+0	1.0000000E+2	0.0000000E+0
2.6600000E+1	6.3068449E+1	6.0111394E+1	0.0000000E+0	0.0000000E+0	1.0000000E+2	0.0000000E+0
2.6650000E+1	6.3114859E+1	6.0116550E+1	0.0000000E+0	0.0000000E+0	1.0000000E+2	0.0000000E+0
2.6700000E+1	6.3119104E+1	6.0105621E+1	0.0000000E+0	0.0000000E+0	1.0000000E+2	0.0000000E+0
2.6751000E+1	6.3142773E+1	6.0121678E+1	0.0000000E+0	0.0000000E+0	1.0000000E+2	0.0000000E+0
2.6801000E+1	6.3157180E+1	6.0121225E+1	0.0000000E+0	0.0000000E+0	1.0000000E+2	0.0000000E+0
2.6851000E+1	6.3179179E+1	6.0113574E+1	0.0000000E+0	0.0000000E+0	1.0000000E+2	0.0000000E+0
2.6901000E+1	6.3190668E+1	6.0117603E+1	0.0000000E+0	0.0000000E+0	1.0000000E+2	0.0000000E+0
2.6951000E+1	6.3201062E+1	6.0115908E+1	0.0000000E+0	0.0000000E+0	1.0000000E+2	0.0000000E+0
2.7001000E+1	6.3239619E+1	6.0128568E+1	0.0000000E+0	0.0000000E+0	1.0000000E+2	0.0000000E+0
2.7051000E+1	6.3268831E+1	6.0136967E+1	0.0000000E+0	0.0000000E+0	1.0000000E+2	0.0000000E+0
2.7101000E+1	6.3315361E+1	6.0160484E+1	0.0000000E+0	0.0000000E+0	1.0000000E+2	0.0000000E+0
2.7151000E+1	6.3354861E+1	6.0156625E+1	0.0000000E+0	0.0000000E+0	1.0000000E+2	0.0000000E+0
2.7201000E+1	6.3374360E+1	6.0162765E+1	0.0000000E+0	0.0000000E+0	1.0000000E+2	0.0000000E+0
2.7251000E+1	6.3409352E+1	6.0187105E+1	0.0000000E+0	0.0000000E+0	1.0000000E+2	0.0000000E+0
2.7301000E+1	6.3416756E+1	6.0181381E+1	0.0000000E+0	0.0000000E+0	1.0000000E+2	0.0000000E+0
2.7351000E+1	6.3452312E+1	6.0171165E+1	0.0000000E+0	0.0000000E+0	1.0000000E+2	0.0000000E+0
2.7401000E+1	6.3495249E+1	6.0185617E+1	0.0000000E+0	0.0000000E+0	1.0000000E+2	0.0000000E+0
2.7451000E+1	6.3543672E+1	6.0193999E+1	0.0000000E+0	0.0000000E+0	1.0000000E+2	0.0000000E+0
2.7501000E+1	6.3596423E+1	6.0198542E+1	0.0000000E+0	0.0000000E+0	1.0000000E+2	0.0000000E+0
2.7551000E+1	6.3641583E+1	6.0200908E+1	0.0000000E+0	0.0000000E+0	1.0000000E+2	0.0000000E+0
2.7601000E+1	6.3690322E+1	6.0195374E+1	0.0000000E+0	0.0000000E+0	1.0000000E+2	0.0000000E+0
2.7651000E+1	6.3738368E+1	6.0211447E+1	0.0000000E+0	0.0000000E+0	1.0000000E+2	0.0000000E+0
2.7701000E+1	6.3762447E+1	6.0210802E+1	0.0000000E+0	0.0000000E+0	1.0000000E+2	0.0000000E+0
2.7751000E+1	6.3788919E+1	6.0204751E+1	0.0000000E+0	0.0000000E+0	1.0000000E+2	0.0000000E+0
2.7801000E+1	6.3835525E+1	6.0226541E+1	0.0000000E+0	0.0000000E+0	1.0000000E+2	0.0000000E+0
2.7851000E+1	6.3867784E+1	6.0231985E+1	0.0000000E+0	0.0000000E+0	1.0000000E+2	0.0000000E+0
2.7901000E+1	6.3887925E+1	6.0229901E+1	0.0000000E+0	0.0000000E+0	1.0000000E+2	0.0000000E+0
2.7951000E+1	6.3930290E+1	6.0232786E+1	0.0000000E+0	0.0000000E+0	1.0000000E+2	0.0000000E+0
2.8001000E+1	6.3947789E+1	6.0236495E+1	0.0000000E+0	0.0000000E+0	1.0000000E+2	0.0000000E+0
2.8051000E+1	6.3985810E+1	6.0217883E+1	0.0000000E+0	0.0000000E+0	1.0000000E+2	0.0000000E+0
2.8101000E+1	6.4031828E+1	6.0227878E+1	0.0000000E+0	0.0000000E+0	1.0000000E+2	0.0000000E+0
2.8151000E+1	6.4061654E+1	6.0235666E+1	0.0000000E+0	0.0000000E+0	1.0000000E+2	0.0000000E+0
2.8201000E+1	6.4098276E+1	6.0230089E+1	0.0000000E+0	0.0000000E+0	1.0000000E+2	0.0000000E+0
2.8252000E+1	6.4147522E+1	6.0239685E+1	0.0000000E+0	0.0000000E+0	1.0000000E+2	0.0000000E+0
2.8302000E+1	6.4191516E+1	6.0248447E+1	0.0000000E+0	0.0000000E+0	1.0000000E+2	0.0000000E+0
2.8352000E+1	6.4251459E+1	6.0251802E+1	0.0000000E+0	0.0000000E+0	1.0000000E+2	0.0000000E+0
2.8402000E+1	6.4297481E+1	6.0261375E+1	0.0000000E+0	0.0000000E+0	1.0000000E+2	0.0000000E+0
2.8452000E+1	6.4326126E+1	6.0257850E+1	0.0000000E+0	0.0000000E+0	1.0000000E+2	0.0000000E+0
2.8502000E+1	6.4347478E+1	6.0269408E+1	0.0000000E+0	0.0000000E+0	1.0000000E+2	0.0000000E+0
2.8552000E+1	6.4366570E+1	6.0276657E+1	0.0000000E+0	0.0000000E+0	1.0000000E+2	0.0000000E+0
2.8602000E+1	6.4396333E+1	6.0291673E+1	0.0000000E+0	0.0000000E+0	1.0000000E+2	0.0000000E+0
2.8653000E+1	6.4408376E+1	6.0288768E+1	0.0000000E+0	0.0000000E+0	1.0000000E+2	0.0000000E+0
2.8703000E+1	6.4454224E+1	6.0291332E+1	0.0000000E+0	0.0000000E+0	1.0000000E+2	0.0000000E+0
2.8753000E+1	6.4473200E+1	6.0281734E+1	0.0000000E+0	0.0000000E+0	1.0000000E+2	0.0000000E+0
2.8803000E+1	6.4502174E+1	6.0303085E+1	0.0000000E+0	0.0000000E+0	1.0000000E+2	0.0000000E+0
2.8854000E+1	6.4557810E+1	6.0300188E+1	0.0000000E+0	0.0000000E+0	1.0000000E+2	0.0000000E+0
2.8905000E+1	6.4597952E+1	6.0311938E+1	0.0000000E+0	0.0000000E+0	1.0000000E+2	0.0000000E+0
2.8956000E+1	6.4646350E+1	6.0306362E+1	0.0000000E+0	0.0000000E+0	1.0000000E+2	0.0000000E+0
2.9006000E+1	6.4683114E+1	6.0308564E+1	0.0000000E+0	0.0000000E+0	1.0000000E+2	0.0000000E+0
2.9056000E+1	6.4727395E+1	6.0295524E+1	0.0000000E+0	0.0000000E+0	1.0000000E+2	0.0000000E+0
2.9106000E+1	6.4752302E+1	6.0293074E+1	0.0000000E+0	0.0000000E+0	1.0000000E+2	0.0000000E+0
2.9156000E+1	6.4793443E+1	6.0289434E+1	0.0000000E+0	0.0000000E+0	1.0000000E+2	0.0000000E+0
2.9206000E+1	6.4845647E+1	6.0293930E+1	0.0000000E+0	0.0000000E+0	1.0000000E+2	0.0000000E+0
2.9256000E+1	6.4867451E+1	6.0284139E+1	0.0000000E+0	0.0000000E+0	1.0000000E+2	0.0000000E+0
2.9306000E+1	6.4879426E+1	6.0272949E+1	0.0000000E+0	0.0000000E+0	1.0000000E+2	0.0000000E+0
2.9356000E+1	6.4927103E+1	6.0269674E+1	0.0000000E+0	0.0000000E+0	1.0000000E+2	0.0000000E+0
2.9406000E+1	6.4971432E+1	6.0260073E+1	0.0000000E+0	0.0000000E+0	1.0000000E+2	0.0000000E+0
2.9456000E+1	6.5008709E+1	6.0259969E+1	0.0000000E+0	0.0000000E+0	1.0000000E+2	0.0000000E+0
2.9506000E+1	6.5035810E+1	6.0260968E+1	0.0000000E+0	0.0000000E+0	1.0000000E+2	0.0000000E+0
2.9556000E+1	6.5074762E+1	6.0265811E+1	0.0000000E+0	0.0000000E+0	1.0000000E+2	0.0000000E+0
2.9606000E+1	6.5104965E+1	6.0269767E+1	0.0000000E+0	0.0000000E+0	1.0000000E+2	0.0000000E+0
2.9656000E+1	6.5128876E+1	6.0255808E+1	0.0000000E+0	0.0000000E+0	1.0000000E+2	0.0000000E+0
2.9706000E+1	6.5165335E+1	6.0263706E+1	0.0000000E+0	0.0000000E+0	1.0000000E+2	0.0000000E+0
2.9756000E+1	6.5184515E+1	6.0251481E+1	0.0000000E+0	0.0000000E+0	1.0000000E+2	0.0000000E+0
2.9807000E+1	6.5207642E+1	6.0252839E+1	0.0000000E+0	0.0000000E+0	1.0000000E+2	0.0000000E+0
2.9857000E+1	6.5245510E+1	6.0257827E+1	0.0000000E+0	0.0000000E+0	1.0000000E+2	0.0000000E+0
2.9907000E+1	6.5285265E+1	6.0252150E+1	0.0000000E+0	0.0000000E+0	1.0000000E+2	0.0000000E+0
2.9957000E+1	6.5312966E+1	6.0244068E+1	0.0000000E+0	0.0000000E+0	1.0000000E+2	0.0000000E+0
3.0008000E+1	6.5343916E+1	6.0248602E+1	0.0000000E+0	0.0000000E+0	1.0000000E+2	0.0000000E+0
3.0058000E+1	6.5387677E+1	6.0254926E+1	0.0000000E+0	0.0000000E+0	1.0000000E+2	0.0000000E+0
3.0109000E+1	6.5420608E+1	6.0250252E+1	0.0000000E+0	0.0000000E+0	1.0000000E+2	0.0000000E+0
3.0159000E+1	6.5461497E+1	6.0231241E+1	0.0000000E+0	0.0000000E+0	1.0000000E+2	0.0000000E+0
3.0209000E+1	6.4776208E+1	6.0319651E+1	0.0000000E+0	0.0000000E+0	1.0000000E+2	0.0000000E+0
3.0259000E+1	6.4176282E+1	6.0202672E+1	0.0000000E+0	0.0000000E+0	1.0000000E+2	0.0000000E+0
3.0309000E+1	6.4248393E+1	6.0222858E+1	0.0000000E+0	0.0000000E+0	1.0000000E+2	0.0000000E+0
3.0359000E+1	6.4284229E+1	6.0220811E+1	0.0000000E+0	0.0000000E+0	1.0000000E+2	0.0000000E+0
3.0409000E+1	6.4314033E+1	6.0220758E+1	0.0000000E+0	0.0000000E+0	1.0000000E+2	0.0000000E+0
3.0459000E+1	6.4354262E+1	6.0207722E+1	0.0000000E+0	0.0000000E+0	1.0000000E+2	0.0000000E+0
3.0510000E+1	6.4398759E+1	6.0209094E+1	0.0000000E+0	0.0000000E+0	1.0000000E+2	0.0000000E+0
3.0561000E+1	6.4425554E+1	6.0207057E+1	0.0000000E+0	0.0000000E+0	1.0000000E+2	0.0000000E+0
3.0611000E+1	6.4459307E+1	6.0214086E+1	0.0000000E+0	0.0000000E+0	1.0000000E+2	0.0000000E+0
3.0661000E+1	6.4514428E+1	6.0209323E+1	0.0000000E+0	0.0000000E+0	1.0000000E+2	0.0000000E+0
3.0711000E+1	6.4542693E+1	6.0219209E+1	0.0000000E+0	0.0000000E+0	1.0000000E+2	0.0000000E+0
3.0761000E+1	6.4536320E+1	6.0207371E+1	0.0000000E+0	0.0000000E+0	1.0000000E+2	0.0000000E+0
3.0811000E+1	6.4565438E+1	6.0205415E+1	0.0000000E+0	0.0000000E+0	1.0000000E+2	0.0000000E+0
3.0861000E+1	6.4594309E+1	6.0194709E+1	0.0000000E+0	0.0000000E+0	1.0000000E+2	0.0000000E+0
3.0911000E+1	6.4625425E+1	6.0190624E+1	0.0000000E+0	0.0000000E+0	1.0000000E+2	0.0000000E+0
3.0961000E+1	6.4652983E+1	6.0184407E+1	0.0000000E+0	0.0000000E+0	1.0000000E+2	0.0000000E+0
3.1011000E+1	6.4680335E+1	6.0171277E+1	0.0000000E+0	0.0000000E+0	1.0000000E+2	0.0000000E+0
3.1061000E+1	6.4709893E+1	6.0179542E+1	0.0000000E+0	0.0000000E+0	1.0000000E+2	0.0000000E+0
3.1111000E+1	6.4718289E+1	6.0175402E+1	0.0000000E+0	0.0000000E+0	1.0000000E+2	0.0000000E+0
3.1161000E+1	6.4770431E+1	6.0170350E+1	0.0000000E+0	0.0000000E+0	1.0000000E+2	0.0000000E+0
3.1211000E+1	6.4808831E+1	6.0167179E+1	0.0000000E+0	0.0000000E+0	1.0000000E+2	0.0000000E+0
3.1261000E+1	6.4850412E+1	6.0172120E+1	0.0000000E+0	0.0000000E+0	1.0000000E+2	0.0000000E+0
3.1311000E+1	6.4873209E+1	6.0162499E+1	0.0000000E+0	0.0000000E+0	1.0000000E+2	0.0000000E+0
3.1361000E+1	6.4908487E+1	6.0168922E+1	0.0000000E+0	0.0000000E+0	1.0000000E+2	0.0000000E+0
3.1411000E+1	6.4962152E+1	6.0157213E+1	0.0000000E+0	0.0000000E+0	1.0000000E+2	0.0000000E+0
3.1461000E+1	6.4976954E+1	6.0137907E+1	0.0000000E+0	0.0000000E+0	1.0000000E+2	0.0000000E+0
3.1511000E+1	6.5015196E+1	6.0149667E+1	0.0000000E+0	0.0000000E+0	1.0000000E+2	0.0000000E+0
3.1561000E+1	6.5047868E+1	6.0134606E+1	0.0000000E+0	0.0000000E+0	1.0000000E+2	0.0000000E+0
3.1611000E+1	6.5107852E+1	6.0130510E+1	0.0000000E+0	0.0000000E+0	1.0000000E+2	0.0000000E+0
3.1661000E+1	6.5141244E+1	6.0121835E+1	0.0000000E+0	0.0000000E+0	1.0000000E+2	0.0000000E+0
3.1711000E+1	6.5188370E+1	6.0128556E+1	0.0000000E+0	0.0000000E+0	1.0000000E+2	0.0000000E+0
3.1761000E+1	6.5256294E+1	6.0130757E+1	0.0000000E+0	0.0000000E+0	1.0000000E+2	0.0000000E+0
3.1812000E+1	6.4747808E+1	6.0182662E+1	0.0000000E+0	0.0000000E+0	1.0000000E+2	0.0000000E+0
3.1862000E+1	6.4727756E+1	6.0117168E+1	0.0000000E+0	0.0000000E+0	1.0000000E+2	0.0000000E+0
3.1912000E+1	6.4761844E+1	6.0109145E+1	0.0000000E+0	0.0000000E+0	1.0000000E+2	0.0000000E+0
3.1962000E+1	6.4824996E+1	6.0117823E+1	0.0000000E+0	0.0000000E+0	1.0000000E+2	0.0000000E+0
3.2012000E+1	6.4874451E+1	6.0102596E+1	0.0000000E+0	0.0000000E+0	1.0000000E+2	0.0000000E+0
3.2062000E+1	6.4918336E+1	6.0101079E+1	0.0000000E+0	0.0000000E+0	1.0000000E+2	0.0000000E+0
3.2113000E+1	6.4962242E+1	6.0120331E+1	0.0000000E+0	0.0000000E+0	1.0000000E+2	0.0000000E+0
3.2164000E+1	6.5022899E+1	6.0104649E+1	0.0000000E+0	0.0000000E+0	1.0000000E+2	0.0000000E+0
3.2214000E+1	6.5053666E+1	6.0113073E+1	0.0000000E+0	0.0000000E+0	1.0000000E+2	0.0000000E+0
3.2265000E+1	6.5101886E+1	6.0115264E+1	0.0000000E+0	0.0000000E+0	1.0000000E+2	0.0000000E+0
3.2316000E+1	6.5146018E+1	6.0112265E+1	0.0000000E+0	0.0000000E+0	1.0000000E+2	0.0000000E+0
3.2366000E+1	6.5192488E+1	6.0107222E+1	0.0000000E+0	0.0000000E+0	1.0000000E+2	0.0000000E+0
3.2416000E+1	6.5252079E+1	6.0111480E+1	0.0000000E+0	0.0000000E+0	1.0000000E+2	0.0000000E+0
3.2467000E+1	6.5246433E+1	6.0088532E+1	0.0000000E+0	0.0000000E+0	1.0000000E+2	0.0000000E+0
3.2517000E+1	6.5278425E+1	6.0081184E+1	0.0000000E+0	0.0000000E+0	1.0000000E+2	0.0000000E+0
3.2567000E+1	6.5318865E+1	6.0078726E+1	0.0000000E+0	0.0000000E+0	1.0000000E+2	0.0000000E+0
3.2617000E+1	6.5381536E+1	6.0096344E+1	0.0000000E+0	0.0000000E+0	1.0000000E+2	0.0000000E+0
3.2667000E+1	6.5427224E+1	6.0075085E+1	0.0000000E+0	0.0000000E+0	1.0000000E+2	0.0000000E+0
3.2717000E+1	6.5487090E+1	6.0085865E+1	0.0000000E+0	0.0000000E+0	1.0000000E+2	0.0000000E+0
3.2767000E+1	6.5503957E+1	6.0068373E+1	0.0000000E+0	0.0000000E+0	1.0000000E+2	0.0000000E+0
3.2817000E+1	6.5574957E+1	6.0085091E+1	0.0000000E+0	0.0000000E+0	1.0000000E+2	0.0000000E+0
3.2867000E+1	6.5611309E+1	6.0071245E+1	0.0000000E+0	0.0000000E+0	1.0000000E+2	0.0000000E+0
3.2917000E+1	6.5642717E+1	6.0081686E+1	0.0000000E+0	0.0000000E+0	1.0000000E+2	0.0000000E+0
3.2967000E+1	6.5659951E+1	6.0061328E+1	0.0000000E+0	0.0000000E+0	1.0000000E+2	0.0000000E+0
3.3017000E+1	6.5715007E+1	6.0069044E+1	0.0000000E+0	0.0000000E+0	1.0000000E+2	0.0000000E+0
3.3067000E+1	6.5736137E+1	6.0058997E+1	0.0000000E+0	0.0000000E+0	1.0000000E+2	0.0000000E+0
3.3117000E+1	6.5780400E+1	6.0057227E+1	0.0000000E+0	0.0000000E+0	1.0000000E+2	0.0000000E+0
3.3167000E+1	6.5819609E+1	6.0043496E+1	0.0000000E+0	0.0000000E+0	1.0000000E+2	0.0000000E+0
3.3218000E+1	6.5904639E+1	6.0068876E+1	0.0000000E+0	0.0000000E+0	1.0000000E+2	0.0000000E+0
3.3268000E+1	6.5963502E+1	6.0067517E+1	0.0000000E+0	0.0000000E+0	1.0000000E+2	0.0000000E+0
3.3319000E+1	6.6025264E+1	6.0072123E+1	0.0000000E+0	0.0000000E+0	1.0000000E+2	0.0000000E+0
3.3369000E+1	6.6078901E+1	6.0065024E+1	0.0000000E+0	0.0000000E+0	1.0000000E+2	0.0000000E+0
3.3419000E+1	6.6122480E+1	6.0058094E+1	0.0000000E+0	0.0000000E+0	1.0000000E+2	0.0000000E+0
3.3469000E+1	6.6125405E+1	6.0056588E+1	0.0000000E+0	0.0000000E+0	1.0000000E+2	0.0000000E+0
3.3519000E+1	6.6168191E+1	6.0044477E+1	0.0000000E+0	0.0000000E+0	1.0000000E+2	0.0000000E+0
3.3569000E+1	6.6220341E+1	6.0049128E+1	0.0000000E+0	0.0000000E+0	1.0000000E+2	0.0000000E+0
3.3619000E+1	6.6266353E+1	6.0035183E+1	0.0000000E+0	0.0000000E+0	1.0000000E+2	0.0000000E+0
3.3669000E+1	6.6328315E+1	6.0051256E+1	0.0000000E+0	0.0000000E+0	1.0000000E+2	0.0000000E+0
3.3719000E+1	6.6386630E+1	6.0048094E+1	0.0000000E+0	0.0000000E+0	1.0000000E+2	0.0000000E+0
3.3769000E+1	6.6451718E+1	6.0055102E+1	0.0000000E+0	0.0000000E+0	1.0000000E+2	0.0000000E+0
3.3819000E+1	6.6497665E+1	6.0042286E+1	0.0000000E+0	0.0000000E+0	1.0000000E+2	0.0000000E+0
3.3869000E+1	6.6560903E+1	6.0034460E+1	0.0000000E+0	0.0000000E+0	1.0000000E+2	0.0000000E+0
3.3919000E+1	6.6629875E+1	6.0029958E+1	0.0000000E+0	0.0000000E+0	1.0000000E+2	0.0000000E+0
3.3969000E+1	6.6686630E+1	6.0036274E+1	0.0000000E+0	0.0000000E+0	1.0000000E+2	0.0000000E+0
3.4019000E+1	6.6743332E+1	6.0034246E+1	0.0000000E+0	0.0000000E+0	1.0000000E+2	0.0000000E+0
3.4069000E+1	6.5359849E+1	6.0144078E+1	0.0000000E+0	0.0000000E+0	1.0000000E+2	0.0000000E+0
3.4119000E+1	6.4958712E+1	5.9985485E+1	0.0000000E+0	0.0000000E+0	1.0000000E+2	0.0000000E+0
3.4169000E+1	6.5014549E+1	6.0020516E+1	0.0000000E+0	0.0000000E+0	1.0000000E+2	0.0000000E+0
3.4219000E+1	6.5061076E+1	6.0022269E+1	0.0000000E+0	0.0000000E+0	1.0000000E+2	0.0000000E+0
3.4269000E+1	6.5090754E+1	6.0018806E+1	0.0000000E+0	0.0000000E+0	1.0000000E+2	0.0000000E+0
3.4319000E+1	6.5132745E+1	6.0025499E+1	0.0000000E+0	0.0000000E+0	1.0000000E+2	0.0000000E+0
3.4369000E+1	6.5168698E+1	6.0018213E+1	0.0000000E+0	0.0000000E+0	1.0000000E+2	0.0000000E+0
3.4419000E+1	6.5221577E+1	6.0026256E+1	0.0000000E+0	0.0000000E+0	1.0000000E+2	0.0000000E+0
3.4469000E+1	6.5251402E+1	6.0021664E+1	0.0000000E+0	0.0000000E+0	1.0000000E+2	0.0000000E+0
3.4519000E+1	6.5266489E+1	6.0022726E+1	0.0000000E+0	0.0000000E+0	1.0000000E+2	0.0000000E+0
3.4569000E+1	6.5283274E+1	6.0003024E+1	0.0000000E+0	0.0000000E+0	1.0000000E+2	0.0000000E+0
3.4619000E+1	6.5312707E+1	5.9987030E+1	0.0000000E+0	0.0000000E+0	1.0000000E+2	0.0000000E+0
3.4669000E+1	6.5378570E+1	6.0001366E+1	0.0000000E+0	0.0000000E+0	1.0000000E+2	0.0000000E+0
3.4719000E+1	6.5422658E+1	6.0019074E+1	0.0000000E+0	0.0000000E+0	1.0000000E+2	0.0000000E+0
3.4769000E+1	6.5442303E+1	6.0010124E+1	0.0000000E+0	0.0000000E+0	1.0000000E+2	0.0000000E+0
3.4820000E+1	6.5483040E+1	6.0005688E+1	0.0000000E+0	0.0000000E+0	1.0000000E+2	0.0000000E+0
3.4871000E+1	6.5520613E+1	6.0003771E+1	0.0000000E+0	0.0000000E+0	1.0000000E+2	0.0000000E+0
3.4921000E+1	6.5577134E+1	6.0007157E+1	0.0000000E+0	0.0000000E+0	1.0000000E+2	0.0000000E+0
3.4971000E+1	6.5621063E+1	6.0012248E+1	0.0000000E+0	0.0000000E+0	1.0000000E+2	0.0000000E+0
3.5021000E+1	6.5680565E+1	6.0010973E+1	0.0000000E+0	0.0000000E+0	1.0000000E+2	0.0000000E+0
3.5071000E+1	6.5722590E+1	6.0019104E+1	0.0000000E+0	0.0000000E+0	1.0000000E+2	0.0000000E+0
3.5122000E+1	6.5755544E+1	6.0007542E+1	0.0000000E+0	0.0000000E+0	1.0000000E+2	0.0000000E+0
3.5172000E+1	6.5808937E+1	5.9997117E+1	0.0000000E+0	0.0000000E+0	1.0000000E+2	0.0000000E+0
3.5223000E+1	6.5846844E+1	6.0008071E+1	0.0000000E+0	0.0000000E+0	1.0000000E+2	0.0000000E+0
3.5273000E+1	6.5871629E+1	6.0008459E+1	0.0000000E+0	0.0000000E+0	1.0000000E+2	0.0000000E+0
3.5323000E+1	6.5906734E+1	5.9992408E+1	0.0000000E+0	0.0000000E+0	1.0000000E+2	0.0000000E+0
3.5373000E+1	6.5971595E+1	6.0002624E+1	0.0000000E+0	0.0000000E+0	1.0000000E+2	0.0000000E+0
3.5423000E+1	6.6017717E+1	6.0019163E+1	0.0000000E+0	0.0000000E+0	1.0000000E+2	0.0000000E+0
3.5473000E+1	6.6071266E+1	6.0016481E+1	0.0000000E+0	0.0000000E+0	1.0000000E+2	0.0000000E+0
3.5523000E+1	6.6126662E+1	6.0012115E+1	0.0000000E+0	0.0000000E+0	1.0000000E+2	0.0000000E+0
3.5573000E+1	6.6186802E+1	6.0002887E+1	0.0000000E+0	0.0000000E+0	1.0000000E+2	0.0000000E+0
3.5623000E+1	6.6233138E+1	6.0016121E+1	0.0000000E+0	0.0000000E+0	1.0000000E+2	0.0000000E+0
3.5673000E+1	6.6280416E+1	6.0020289E+1	0.0000000E+0	0.0000000E+0	1.0000000E+2	0.0000000E+0
3.5723000E+1	6.6337128E+1	6.0016405E+1	0.0000000E+0	0.0000000E+0	1.0000000E+2	0.0000000E+0
3.5773000E+1	6.6381306E+1	6.0010756E+1	0.0000000E+0	0.0000000E+0	1.0000000E+2	0.0000000E+0
3.5823000E+1	6.5737580E+1	6.0112634E+1	0.0000000E+0	0.0000000E+0	1.0000000E+2	0.0000000E+0
3.5873000E+1	6.5025541E+1	5.9971946E+1	0.0000000E+0	0.0000000E+0	1.0000000E+2	0.0000000E+0
3.5923000E+1	6.5055290E+1	5.9982010E+1	0.0000000E+0	0.0000000E+0	1.0000000E+2	0.0000000E+0
3.5973000E+1	6.5062850E+1	5.9977600E+1	0.0000000E+0	0.0000000E+0	1.0000000E+2	0.0000000E+0
3.6024000E+1	6.5089137E+1	5.9958788E+1	0.0000000E+0	0.0000000E+0	1.0000000E+2	0.0000000E+0
3.6075000E+1	6.5125123E+1	5.9941504E+1	0.0000000E+0	0.0000000E+0	1.0000000E+2	0.0000000E+0
3.6125000E+1	6.5164887E+1	5.9932020E+1	0.0000000E+0	0.0000000E+0	1.0000000E+2	0.0000000E+0
3.6175000E+1	6.5210291E+1	5.9941423E+1	0.0000000E+0	0.0000000E+0	1.0000000E+2	0.0000000E+0
3.6225000E+1	6.5250038E+1	5.9933995E+1	0.0000000E+0	0.0000000E+0	1.0000000E+2	0.0000000E+0
3.6275000E+1	6.5291738E+1	5.9920343E+1	0.0000000E+0	0.0000000E+0	1.0000000E+2	0.0000000E+0
3.6325000E+1	6.5315804E+1	5.9901600E+1	0.0000000E+0	0.0000000E+0	1.0000000E+2	0.0000000E+0
3.6375000E+1	6.5361782E+1	5.9910663E+1	0.0000000E+0	0.0000000E+0	1.0000000E+2	0.0000000E+0
3.6425000E+1	6.5405938E+1	5.9897113E+1	0.0000000E+0	0.0000000E+0	1.0000000E+2	0.0000000E+0
3.6475000E+1	6.5427216E+1	5.9890971E+1	0.0000000E+0	0.0000000E+0	1.0000000E+2	0.0000000E+0
3.6526000E+1	6.5451065E+1	5.9879981E+1	0.0000000E+0	0.0000000E+0	1.0000000E+2	0.0000000E+0
3.6576000E+1	6.5472180E+1	5.9858549E+1	0.0000000E+0	0.0000000E+0	1.0000000E+2	0.0000000E+0
3.6626000E+1	6.5519919E+1	5.9866468E+1	0.0000000E+0	0.0000000E+0	1.0000000E+2	0.0000000E+0
3.6677000E+1	6.5568206E+1	5.9856524E+1	0.0000000E+0	0.0000000E+0	1.0000000E+2	0.0000000E+0
3.6727000E+1	6.5622882E+1	5.9861373E+1	0.0000000E+0	0.0000000E+0	1.0000000E+2	0.0000000E+0
3.6777000E+1	6.5648141E+1	5.9842425E+1	0.0000000E+0	0.0000000E+0	1.0000000E+2	0.0000000E+0
3.6827000E+1	6.5704977E+1	5.9842239E+1	0.0000000E+0	0.0000000E+0	1.0000000E+2	0.0000000E+0
3.6877000E+1	6.5769853E+1	5.9834772E+1	0.0000000E+0	0.0000000E+0	1.0000000E+2	0.0000000E+0
3.6927000E+1	6.5812629E+1	5.9815546E+1	0.0000000E+0	0.0000000E+0	1.0000000E+2	0.0000000E+0
3.6977000E+1	6.5841443E+1	5.9804702E+1	0.0000000E+0	0.0000000E+0	1.0000000E+2	0.0000000E+0
3.7027000E+1	6.5889247E+1	5.9801185E+1	0.0000000E+0	0.0000000E+0	1.0000000E+2	0.0000000E+0
3.7077000E+1	6.5920635E+1	5.9790967E+1	0.0000000E+0	0.0000000E+0	1.0000000E+2	0.0000000E+0
3.7128000E+1	6.5977372E+1	5.9783606E+1	0.0000000E+0	0.0000000E+0	1.0000000E+2	0.0000000E+0
3.7178000E+1	6.6031681E+1	5.9777293E+1	0.0000000E+0	0.0000000E+0	1.0000000E+2	0.0000000E+0
3.7228000E+1	6.6074127E+1	5.9770962E+1	0.0000000E+0	0.0000000E+0	1.0000000E+2	0.0000000E+0
3.7278000E+1	6.6129935E+1	5.9781657E+1	0.0000000E+0	0.0000000E+0	1.0000000E+2	0.0000000E+0
3.7328000E+1	6.6185500E+1	5.9771939E+1	0.0000000E+0	0.0000000E+0	1.0000000E+2	0.0000000E+0
3.7378000E+1	6.6210524E+1	5.9768971E+1	0.0000000E+0	0.0000000E+0	1.0000000E+2	0.0000000E+0
3.7428000E+1	6.6249650E+1	5.9749400E+1	0.0000000E+0	0.0000000E+0	1.0000000E+2	0.0000000E+0
3.7479000E+1	6.5957081E+1	5.9834946E+1	0.0000000E+0	0.0000000E+0	1.0000000E+2	0.0000000E+0
3.7530000E+1	6.5060184E+1	5.9732900E+1	0.0000000E+0	0.0000000E+0	1.0000000E+2	0.0000000E+0
3.7580000E+1	6.5110598E+1	5.9748021E+1	0.0000000E+0	0.0000000E+0	1.0000000E+2	0.0000000E+0
3.7630000E+1	6.5138602E+1	5.9720928E+1	0.0000000E+0	0.0000000E+0	1.0000000E+2	0.0000000E+0
3.7680000E+1	6.5155572E+1	5.9706812E+1	0.0000000E+0	0.0000000E+0	1.0000000E+2	0.0000000E+0
3.7730000E+1	6.5211892E+1	5.9726517E+1	0.0000000E+0	0.0000000E+0	1.0000000E+2	0.0000000E+0
3.7780000E+1	6.5244714E+1	5.9720451E+1	0.0000000E+0	0.0000000E+0	1.0000000E+2	0.0000000E+0
3.7830000E+1	6.5266176E+1	5.9722748E+1	0.0000000E+0	0.0000000E+0	1.0000000E+2	0.0000000E+0
3.7880000E+1	6.5289967E+1	5.9717117E+1	0.0000000E+0	0.0000000E+0	1.0000000E+2	0.0000000E+0
3.7930000E+1	6.5358389E+1	5.9700347E+1	0.0000000E+0	0.0000000E+0	1.0000000E+2	0.0000000E+0
3.7980000E+1	6.5379961E+1	5.9683730E+1	0.0000000E+0	0.0000000E+0	1.0000000E+2	0.0000000E+0
3.8031000E+1	6.5402669E+1	5.9685332E+1	0.0000000E+0	0.0000000E+0	1.0000000E+2	0.0000000E+0
3.8082000E+1	6.5441392E+1	5.9679290E+1	0.0000000E+0	0.0000000E+0	1.0000000E+2	0.0000000E+0
3.8132000E+1	6.5487318E+1	5.9675843E+1	0.0000000E+0	0.0000000E+0	1.0000000E+2	0.0000000E+0
3.8182000E+1	6.5515404E+1	5.9665719E+1	0.0000000E+0	0.0000000E+0	1.0000000E+2	0.0000000E+0
3.8232000E+1	6.5570014E+1	5.9676880E+1	0.0000000E+0	0.0000000E+0	1.0000000E+2	0.0000000E+0
3.8282000E+1	6.5623209E+1	5.9675017E+1	0.0000000E+0	0.0000000E+0	1.0000000E+2	0.0000000E+0
3.8333000E+1	6.5648721E+1	5.9682564E+1	0.0000000E+0	0.0000000E+0	1.0000000E+2	0.0000000E+0
3.8383000E+1	6.5647278E+1	5.9670251E+1	0.0000000E+0	0.0000000E+0	1.0000000E+2	0.0000000E+0
3.8433000E+1	6.5676775E+1	5.9655368E+1	0.0000000E+0	0.0000000E+0	1.0000000E+2	0.0000000E+0
3.8483000E+1	6.5713539E+1	5.9656881E+1	0.0000000E+0	0.0000000E+0	1.0000000E+2	0.0000000E+0
3.8533000E+1	6.5746008E+1	5.9645555E+1	0.0000000E+0	0.0000000E+0	1.0000000E+2	0.0000000E+0
3.8583000E+1	6.5790779E+1	5.9631788E+1	0.0000000E+0	0.0000000E+0	1.0000000E+2	0.0000000E+0
3.8633000E+1	6.5828435E+1	5.9629371E+1	0.0000000E+0	0.0000000E+0	1.0000000E+2	0.0000000E+0
3.8683000E+1	6.5896981E+1	5.9634070E+1	0.0000000E+0	0.0000000E+0	1.0000000E+2	0.0000000E+0
3.8734000E+1	6.5946221E+1	5.9623272E+1	0.0000000E+0	0.0000000E+0	1.0000000E+2	0.0000000E+0
3.8784000E+1	6.5999697E+1	5.9617426E+1	0.0000000E+0	0.0000000E+0	1.0000000E+2	0.0000000E+0
3.8834000E+1	6.6050364E+1	5.9610392E+1	0.0000000E+0	0.0000000E+0	1.0000000E+2	0.0000000E+0
3.8884000E+1	6.6095989E+1	5.9614121E+1	0.0000000E+0	0.0000000E+0	1.0000000E+2	0.0000000E+0
3.8935000E+1	6.6117075E+1	5.9591656E+1	0.0000000E+0	0.0000000E+0	1.0000000E+2	0.0000000E+0
3.8985000E+1	6.6184680E+1	5.9610995E+1	0.0000000E+0	0.0000000E+0	1.0000000E+2	0.0000000E+0
3.9036000E+1	6.6202015E+1	5.9604127E+1	0.0000000E+0	0.0000000E+0	1.0000000E+2	0.0000000E+0
3.9086000E+1	6.6251168E+1	5.9622373E+1	0.0000000E+0	0.0000000E+0	1.0000000E+2	0.0000000E+0
3.9136000E+1	6.6301850E+1	5.9597289E+1	0.0000000E+0	0.0000000E+0	1.0000000E+2	0.0000000E+0
3.9186000E+1	6.6336618E+1	5.9575069E+1	0.0000000E+0	0.0000000E+0	1.0000000E+2	0.0000000E+0
3.9236000E+1	6.5811155E+1	5.9681953E+1	0.0000000E+0	0.0000000E+0	1.0000000E+2	0.0000000E+0
3.9286000E+1	6.5106161E+1	5.9554289E+1	0.0000000E+0	0.0000000E+0	1.0000000E+2	0.0000000E+0
3.9336000E+1	6.5157120E+1	5.9572768E+1	0.0000000E+0	0.0000000E+0	1.0000000E+2	0.0000000E+0
3.9387000E+1	6.5179559E+1	5.9563066E+1	0.0000000E+0	0.0000000E+0	1.0000000E+2	0.0000000E+0
3.9437000E+1	6.5170319E+1	5.9543098E+1	0.0000000E+0	0.0000000E+0	1.0000000E+2	0.0000000E+0
3.9487000E+1	6.5201733E+1	5.9542390E+1	0.0000000E+0	0.0000000E+0	1.0000000E+2	0.0000000E+0
3.9537000E+1	6.5223488E+1	5.9539840E+1	0.0000000E+0	0.0000000E+0	1.0000000E+2	0.0000000E+0
3.9588000E+1	6.5275228E+1	5.9575355E+1	0.0000000E+0	0.0000000E+0	1.0000000E+2	0.0000000E+0
3.9638000E+1	6.5311495E+1	5.9563530E+1	0.0000000E+0	0.0000000E+0	1.0000000E+2	0.0000000E+0
3.9688000E+1	6.5321963E+1	5.9532503E+1	0.0000000E+0	0.0000000E+0	1.0000000E+2	0.0000000E+0
3.9738000E+1	6.5366341E+1	5.9526808E+1	0.0000000E+0	0.0000000E+0	1.0000000E+2	0.0000000E+0
3.9788000E+1	6.5382290E+1	5.9524303E+1	0.0000000E+0	0.0000000E+0	1.0000000E+2	0.0000000E+0
3.9838000E+1	6.5422405E+1	5.9521032E+1	0.0000000E+0	0.0000000E+0	1.0000000E+2	0.0000000E+0
3.9888000E+1	6.5447553E+1	5.9523137E+1	0.0000000E+0	0.0000000E+0	1.0000000E+2	0.0000000E+0
3.9939000E+1	6.5471291E+1	5.9510190E+1	0.0000000E+0	0.0000000E+0	1.0000000E+2	0.0000000E+0
3.9989000E+1	6.5512489E+1	5.9519770E+1	0.0000000E+0	0.0000000E+0	1.0000000E+2	0.0000000E+0
4.0039000E+1	6.5564643E+1	5.9515682E+1	0.0000000E+0	0.0000000E+0	1.0000000E+2	0.0000000E+0
4.0089000E+1	6.5590461E+1	5.9514498E+1	0.0000000E+0	0.0000000E+0	1.0000000E+2	0.0000000E+0
4.0139000E+1	6.5616863E+1	5.9506853E+1	0.0000000E+0	0.0000000E+0	1.0000000E+2	0.0000000E+0
4.0190000E+1	6.5680757E+1	5.9510069E+1	0.0000000E+0	0.0000000E+0	1.0000000E+2	0.0000000E+0
4.0240000E+1	6.5732389E+1	5.9523046E+1	0.0000000E+0	0.0000000E+0	1.0000000E+2	0.0000000E+0
4.0290000E+1	6.5786560E+1	5.9507638E+1	0.0000000E+0	0.0000000E+0	1.0000000E+2	0.0000000E+0
4.0340000E+1	6.5825971E+1	5.9508696E+1	0.0000000E+0	0.0000000E+0	1.0000000E+2	0.0000000E+0
4.0390000E+1	6.5879656E+1	5.9501081E+1	0.0000000E+0	0.0000000E+0	1.0000000E+2	0.0000000E+0
4.0441000E+1	6.5938951E+1	5.9511252E+1	0.0000000E+0	0.0000000E+0	1.0000000E+2	0.0000000E+0
4.0491000E+1	6.5973344E+1	5.9502361E+1	0.0000000E+0	0.0000000E+0	1.0000000E+2	0.0000000E+0
4.0541000E+1	6.6028095E+1	5.9499576E+1	0.0000000E+0	0.0000000E+0	1.0000000E+2	0.0000000E+0
4.0591000E+1	6.6081743E+1	5.9498568E+1	0.0000000E+0	0.0000000E+0	1.0000000E+2	0.0000000E+0
4.0641000E+1	6.6143461E+1	5.9504833E+1	0.0000000E+0	0.0000000E+0	1.0000000E+2	0.0000000E+0
4.0691000E+1	6.6171704E+1	5.9491834E+1	0.0000000E+0	0.0000000E+0	1.0000000E+2	0.0000000E+0
4.0741000E+1	6.6234481E+1	5.9496000E+1	0.0000000E+0	0.0000000E+0	1.0000000E+2	0.0000000E+0
4.0791000E+1	6.6294396E+1	5.9492236E+1	0.0000000E+0	0.0000000E+0	1.0000000E+2	0.0000000E+0
4.0841000E+1	6.6346228E+1	5.9488491E+1	0.0000000E+0	0.0000000E+0	1.0000000E+2	0.0000000E+0
4.0892000E+1	6.6378876E+1	5.9473826E+1	0.0000000E+0	0.0000000E+0	1.0000000E+2	0.0000000E+0
4.0942000E+1	6.6402301E+1	5.9459854E+1	0.0000000E+0	0.0000000E+0	1.0000000E+2	0.0000000E+0
4.0992000E+1	6.6445632E+1	5.9458647E+1	0.0000000E+0	0.0000000E+0	1.0000000E+2	0.0000000E+0
4.1042000E+1	6.6475842E+1	5.9458202E+1	0.0000000E+0	0.0000000E+0	1.0000000E+2	0.0000000E+0
4.1092000E+1	6.6509538E+1	5.9482537E+1	0.0000000E+0	0.0000000E+0	1.0000000E+2	0.0000000E+0
4.1142000E+1	6.6531932E+1	5.9465766E+1	0.0000000E+0	0.0000000E+0	1.0000000E+2	0.0000000E+0
4.1192000E+1	6.6582745E+1	5.9476081E+1	0.0000000E+0	0.0000000E+0	1.0000000E+2	0.0000000E+0
4.1242000E+1	6.6632235E+1	5.9483383E+1	0.0000000E+0	0.0000000E+0	1.0000000E+2	0.0000000E+0
4.1292000E+1	6.5043747E+1	5.9559043E+1	0.0000000E+0	0.0000000E+0	1.0000000E+2	0.0000000E+0
4.1342000E+1	6.5042396E+1	5.9456970E+1	0.0000000E+0	0.0000000E+0	1.0000000E+2	0.0000000E+0
4.1392000E+1	6.5098388E+1	5.9467526E+1	0.0000000E+0	0.0000000E+0	1.0000000E+2	0.0000000E+0
4.1442000E+1	6.5150188E+1	5.9473144E+1	0.0000000E+0	0.0000000E+0	1.0000000E+2	0.0000000E+0
4.1492000E+1	6.5193976E+1	5.9468482E+1	0.0000000E+0	0.0000000E+0	1.0000000E+2	0.0000000E+0
4.1542000E+1	6.5249078E+1	5.9482905E+1	0.0000000E+0	0.0000000E+0	1.0000000E+2	0.0000000E+0
4.1592000E+1	6.5278491E+1	5.9480825E+1	0.0000000E+0	0.0000000E+0	1.0000000E+2	0.0000000E+0
4.1642000E+1	6.5297781E+1	5.9463520E+1	0.0000000E+0	0.0000000E+0	1.0000000E+2	0.0000000E+0
4.1692000E+1	6.5333286E+1	5.9472855E+1	0.0000000E+0	0.0000000E+0	1.0000000E+2	0.0000000E+0
4.1742000E+1	6.5362923E+1	5.9463370E+1	0.0000000E+0	0.0000000E+0	1.0000000E+2	0.0000000E+0
4.1792000E+1	6.5397693E+1	5.9453970E+1	0.0000000E+0	0.0000000E+0	1.0000000E+2	0.0000000E+0
4.1842000E+1	6.5460069E+1	5.9446943E+1	0.0000000E+0	0.0000000E+0	1.0000000E+2	0.0000000E+0
4.1892000E+1	6.5528868E+1	5.9469875E+1	0.0000000E+0	0.0000000E+0	1.0000000E+2	0.0000000E+0
4.1942000E+1	6.5563560E+1	5.9457113E+1	0.0000000E+0	0.0000000E+0	1.0000000E+2	0.0000000E+0
4.1993000E+1	6.5594743E+1	5.9452509E+1	0.0000000E+0	0.0000000E+0	1.0000000E+2	0.0000000E+0
4.2043000E+1	6.5657492E+1	5.9458586E+1	0.0000000E+0	0.0000000E+0	1.0000000E+2	0.0000000E+0
4.2094000E+1	6.5698117E+1	5.9456885E+1	0.0000000E+0	0.0000000E+0	1.0000000E+2	0.0000000E+0
4.2145000E+1	6.5733396E+1	5.9454664E+1	0.0000000E+0	0.0000000E+0	1.0000000E+2	0.0000000E+0
4.2195000E+1	6.5754334E+1	5.9432452E+1	0.0000000E+0	0.0000000E+0	1.0000000E+2	0.0000000E+0
4.2245000E+1	6.5818043E+1	5.9438529E+1	0.0000000E+0	0.0000000E+0	1.0000000E+2	0.0000000E+0
4.2295000E+1	6.5893548E+1	5.9449267E+1	0.0000000E+0	0.0000000E+0	1.0000000E+2	0.0000000E+0
4.2345000E+1	6.5916255E+1	5.9443728E+1	0.0000000E+0	0.0000000E+0	1.0000000E+2	0.0000000E+0
4.2395000E+1	6.5958488E+1	5.9435472E+1	0.0000000E+0	0.0000000E+0	1.0000000E+2	0.0000000E+0
4.2446000E+1	6.6001211E+1	5.9441428E+1	0.0000000E+0	0.0000000E+0	1.0000000E+2	0.0000000E+0
4.2496000E+1	6.6044057E+1	5.9435123E+1	0.0000000E+0	0.0000000E+0	1.0000000E+2	0.0000000E+0
4.2547000E+1	6.6095916E+1	5.9433720E+1	0.0000000E+0	0.0000000E+0	1.0000000E+2	0.0000000E+0
4.2598000E+1	6.6142088E+1	5.9427802E+1	0.0000000E+0	0.0000000E+0	1.0000000E+2	0.0000000E+0
4.2649000E+1	6.6189296E+1	5.9438651E+1	0.0000000E+0	0.0000000E+0	1.0000000E+2	0.0000000E+0
4.2699000E+1	6.6242675E+1	5.9456323E+1	0.0000000E+0	0.0000000E+0	1.0000000E+2	0.0000000E+0
4.2750000E+1	6.6286354E+1	5.9437456E+1	0.0000000E+0	0.0000000E+0	1.0000000E+2	0.0000000E+0
4.2800000E+1	6.6336566E+1	5.9448435E+1	0.0000000E+0	0.0000000E+0	1.0000000E+2	0.0000000E+0
4.2850000E+1	6.6387763E+1	5.9438310E+1	0.0000000E+0	0.0000000E+0	1.0000000E+2	0.0000000E+0
4.2900000E+1	6.6445548E+1	5.9455850E+1	0.0000000E+0	0.0000000E+0	1.0000000E+2	0.0000000E+0
4.2950000E+1	6.6480407E+1	5.9440329E+1	0.0000000E+0	0.0000000E+0	1.0000000E+2	0.0000000E+0
4.3000000E+1	6.6539432E+1	5.9452020E+1	0.0000000E+0	0.0000000E+0	1.0000000E+2	0.0000000E+0
4.3050000E+1	6.6582077E+1	5.9443870E+1	0.0000000E+0	0.0000000E+0	1.0000000E+2	0.0000000E+0
4.3100000E+1	6.6132696E+1	5.9538344E+1	0.0000000E+0	0.0000000E+0	1.0000000E+2	0.0000000E+0
4.3150000E+1	6.4880602E+1	5.9415203E+1	0.0000000E+0	0.0000000E+0	1.0000000E+2	0.0000000E+0
4.3200000E+1	6.4916360E+1	5.9428231E+1	0.0000000E+0	0.0000000E+0	1.0000000E+2	0.0000000E+0
4.3250000E+1	6.4955531E+1	5.9423513E+1	0.0000000E+0	0.0000000E+0	1.0000000E+2	0.0000000E+0
4.3300000E+1	6.4995958E+1	5.9436043E+1	0.0000000E+0	0.0000000E+0	1.0000000E+2	0.0000000E+0
4.3350000E+1	6.5029515E+1	5.9432590E+1	0.0000000E+0	0.0000000E+0	1.0000000E+2	0.0000000E+0
4.3400000E+1	6.5050796E+1	5.9427306E+1	0.0000000E+0	0.0000000E+0	1.0000000E+2	0.0000000E+0
4.3450000E+1	6.5093093E+1	5.9427086E+1	0.0000000E+0	0.0000000E+0	1.0000000E+2	0.0000000E+0
4.3500000E+1	6.5126235E+1	5.9427691E+1	0.0000000E+0	0.0000000E+0	1.0000000E+2	0.0000000E+0
4.3550000E+1	6.5176602E+1	5.9446575E+1	0.0000000E+0	0.0000000E+0	1.0000000E+2	0.0000000E+0
4.3600000E+1	6.5194190E+1	5.9433953E+1	0.0000000E+0	0.0000000E+0	1.0000000E+2	0.0000000E+0
4.3650000E+1	6.5229456E+1	5.9438888E+1	0.0000000E+0	0.0000000E+0	1.0000000E+2	0.0000000E+0
4.3700000E+1	6.5262044E+1	5.9444579E+1	0.0000000E+0	0.0000000E+0	1.0000000E+2	0.0000000E+0
4.3751000E+1	6.5310534E+1	5.9461111E+1	0.0000000E+0	0.0000000E+0	1.0000000E+2	0.0000000E+0
4.3801000E+1	6.5358931E+1	5.9451272E+1	0.0000000E+0	0.0000000E+0	1.0000000E+2	0.0000000E+0
4.3852000E+1	6.5400156E+1	5.9445076E+1	0.0000000E+0	0.0000000E+0	1.0000000E+2	0.0000000E+0
4.3903000E+1	6.5459240E+1	5.9462902E+1	0.0000000E+0	0.0000000E+0	1.0000000E+2	0.0000000E+0
4.3954000E+1	6.5512105E+1	5.9450878E+1	0.0000000E+0	0.0000000E+0	1.0000000E+2	0.0000000E+0
4.4004000E+1	6.5555901E+1	5.9449210E+1	0.0000000E+0	0.0000000E+0	1.0000000E+2	0.0000000E+0
4.4055000E+1	6.5588906E+1	5.9453681E+1	0.0000000E+0	0.0000000E+0	1.0000000E+2	0.0000000E+0
4.4105000E+1	6.5591768E+1	5.9452255E+1	0.0000000E+0	0.0000000E+0	1.0000000E+2	0.0000000E+0
4.4155000E+1	6.5646869E+1	5.9454843E+1	0.0000000E+0	0.0000000E+0	1.0000000E+2	0.0000000E+0
4.4205000E+1	6.5693795E+1	5.9458826E+1	0.0000000E+0	0.0000000E+0	1.0000000E+2	0.0000000E+0
4.4255000E+1	6.5754900E+1	5.9462950E+1	0.0000000E+0	0.0000000E+0	1.0000000E+2	0.0000000E+0
4.4305000E+1	6.5799105E+1	5.9462599E+1	0.0000000E+0	0.0000000E+0	1.0000000E+2	0.0000000E+0
4.4355000E+1	6.5854270E+1	5.9460253E+1	0.0000000E+0	0.0000000E+0	1.0000000E+2	0.0000000E+0
4.4405000E+1	6.5901317E+1	5.9456166E+1	0.0000000E+0	0.0000000E+0	1.0000000E+2	0.0000000E+0
4.4455000E+1	6.5993102E+1	5.9481016E+1	0.0000000E+0	0.0000000E+0	1.0000000E+2	0.0000000E+0
4.4505000E+1	6.6043525E+1	5.9483061E+1	0.0000000E+0	0.0000000E+0	1.0000000E+2	0.0000000E+0
4.4555000E+1	6.6077960E+1	5.9479471E+1	0.0000000E+0	0.0000000E+0	1.0000000E+2	0.0000000E+0
4.4605000E+1	6.6127131E+1	5.9480655E+1	0.0000000E+0	0.0000000E+0	1.0000000E+2	0.0000000E+0
4.4655000E+1	6.6187903E+1	5.9482904E+1	0.0000000E+0	0.0000000E+0	1.0000000E+2	0.0000000E+0
4.4705000E+1	6.6242715E+1	5.9492426E+1	0.0000000E+0	0.0000000E+0	1.0000000E+2	0.0000000E+0
4.4756000E+1	6.6282973E+1	5.9496811E+1	0.0000000E+0	0.0000000E+0	1.0000000E+2	0.0000000E+0
4.4806000E+1	6.6334765E+1	5.9504212E+1	0.0000000E+0	0.0000000E+0	1.0000000E+2	0.0000000E+0
4.4856000E+1	6.6382778E+1	5.9503872E+1	0.0000000E+0	0.0000000E+0	1.0000000E+2	0.0000000E+0
4.4906000E+1	6.6446658E+1	5.9516408E+1	0.0000000E+0	0.0000000E+0	1.0000000E+2	0.0000000E+0
4.4957000E+1	6.6489022E+1	5.9505994E+1	0.0000000E+0	0.0000000E+0	1.0000000E+2	0.0000000E+0
4.5007000E+1	6.6527314E+1	5.9530623E+1	0.0000000E+0	0.0000000E+0	1.0000000E+2	0.0000000E+0
4.5058000E+1	6.6562232E+1	5.9541809E+1	0.0000000E+0	0.0000000E+0	1.0000000E+2	0.0000000E+0
4.5109000E+1	6.5451808E+1	5.9614559E+1	0.0000000E+0	0.0000000E+0	1.0000000E+2	0.0000000E+0
4.5159000E+1	6.5256871E+1	5.9516690E+1	0.0000000E+0	0.0000000E+0	1.0000000E+2	0.0000000E+0
4.5210000E+1	6.5303421E+1	5.9532428E+1	0.0000000E+0	0.0000000E+0	1.0000000E+2	0.0000000E+0
4.5260000E+1	6.5351723E+1	5.9532101E+1	0.0000000E+0	0.0000000E+0	1.0000000E+2	0.0000000E+0
4.5310000E+1	6.5392380E+1	5.9541002E+1	0.0000000E+0	0.0000000E+0	1.0000000E+2	0.0000000E+0
4.5360000E+1	6.5416562E+1	5.9539389E+1	0.0000000E+0	0.0000000E+0	1.0000000E+2	0.0000000E+0
4.5410000E+1	6.5433757E+1	5.9531596E+1	0.0000000E+0	0.0000000E+0	1.0000000E+2	0.0000000E+0
4.5461000E+1	6.5468262E+1	5.9526648E+1	0.0000000E+0	0.0000000E+0	1.0000000E+2	0.0000000E+0
4.5511000E+1	6.5510725E+1	5.9526563E+1	0.0000000E+0	0.0000000E+0	1.0000000E+2	0.0000000E+0
4.5561000E+1	6.5543662E+1	5.9536604E+1	0.0000000E+0	0.0000000E+0	1.0000000E+2	0.0000000E+0
4.5611000E+1	6.5581384E+1	5.9545073E+1	0.0000000E+0	0.0000000E+0	1.0000000E+2	0.0000000E+0
4.5661000E+1	6.5600785E+1	5.9534811E+1	0.0000000E+0	0.0000000E+0	1.0000000E+2	0.0000000E+0
4.5712000E+1	6.5610994E+1	5.9535864E+1	0.0000000E+0	0.0000000E+0	1.0000000E+2	0.0000000E+0
4.5763000E+1	6.5624727E+1	5.9508788E+1	0.0000000E+0	0.0000000E+0	1.0000000E+2	0.0000000E+0
4.5813000E+1	6.5655312E+1	5.9500897E+1	0.0000000E+0	0.0000000E+0	1.0000000E+2	0.0000000E+0
4.5863000E+1	6.5709048E+1	5.9509080E+1	0.0000000E+0	0.0000000E+0	1.0000000E+2	0.0000000E+0
4.5913000E+1	6.5743750E+1	5.9517321E+1	0.0000000E+0	0.0000000E+0	1.0000000E+2	0.0000000E+0
4.5963000E+1	6.5774064E+1	5.9488213E+1	0.0000000E+0	0.0000000E+0	1.0000000E+2	0.0000000E+0
4.6013000E+1	6.5814960E+1	5.9504128E+1	0.0000000E+0	0.0000000E+0	1.0000000E+2	0.0000000E+0
4.6063000E+1	6.5844428E+1	5.9506708E+1	0.0000000E+0	0.0000000E+0	1.0000000E+2	0.0000000E+0
4.6113000E+1	6.5890298E+1	5.9508837E+1	0.0000000E+0	0.0000000E+0	1.0000000E+2	0.0000000E+0
4.6163000E+1	6.5938638E+1	5.9505195E+1	0.0000000E+0	0.0000000E+0	1.0000000E+2	0.0000000E+0
4.6213000E+1	6.5984628E+1	5.9501425E+1	0.0000000E+0	0.0000000E+0	1.0000000E+2	0.0000000E+0
4.6263000E+1	6.6046416E+1	5.9519830E+1	0.0000000E+0	0.0000000E+0	1.0000000E+2	0.0000000E+0
4.6313000E+1	6.6079027E+1	5.9500877E+1	0.0000000E+0	0.0000000E+0	1.0000000E+2	0.0000000E+0
4.6363000E+1	6.6135604E+1	5.9488025E+1	0.0000000E+0	0.0000000E+0	1.0000000E+2	0.0000000E+0
4.6413000E+1	6.6177951E+1	5.9511423E+1	0.0000000E+0	0.0000000E+0	1.0000000E+2	0.0000000E+0
4.6463000E+1	6.6193776E+1	5.9515809E+1	0.0000000E+0	0.0000000E+0	1.0000000E+2	0.0000000E+0
4.6513000E+1	6.6235626E+1	5.9507224E+1	0.0000000E+0	0.0000000E+0	1.0000000E+2	0.0000000E+0
4.6563000E+1	6.6275059E+1	5.9502972E+1	0.0000000E+0	0.0000000E+0	1.0000000E+2	0.0000000E+0
4.6613000E+1	6.6318210E+1	5.9507471E+1	0.0000000E+0	0.0000000E+0	1.0000000E+2	0.0000000E+0
4.6664000E+1	6.6385347E+1	5.9512907E+1	0.0000000E+0	0.0000000E+0	1.0000000E+2	0.0000000E+0
4.6714000E+1	6.6421754E+1	5.9505750E+1	0.0000000E+0	0.0000000E+0	1.0000000E+2	0.0000000E+0
4.6764000E+1	6.6464414E+1	5.9507304E+1	0.0000000E+0	0.0000000E+0	1.0000000E+2	0.0000000E+0
4.6814000E+1	6.6517529E+1	5.9500833E+1	0.0000000E+0	0.0000000E+0	1.0000000E+2	0.0000000E+0
4.6865000E+1	6.6532627E+1	5.9504364E+1	0.0000000E+0	0.0000000E+0	1.0000000E+2	0.0000000E+0
4.6915000E+1	6.4995546E+1	5.9559245E+1	0.0000000E+0	0.0000000E+0	1.0000000E+2	0.0000000E+0
4.6965000E+1	6.5005572E+1	5.9489891E+1	0.0000000E+0	0.0000000E+0	1.0000000E+2	0.0000000E+0
4.7015000E+1	6.5053103E+1	5.9502982E+1	0.0000000E+0	0.0000000E+0	1.0000000E+2	0.0000000E+0
4.7065000E+1	6.5064960E+1	5.9484485E+1	0.0000000E+0	0.0000000E+0	1.0000000E+2	0.0000000E+0
4.7116000E+1	6.5091143E+1	5.9484093E+1	0.0000000E+0	0.0000000E+0	1.0000000E+2	0.0000000E+0
4.7166000E+1	6.5150358E+1	5.9498793E+1	0.0000000E+0	0.0000000E+0	1.0000000E+2	0.0000000E+0
4.7216000E+1	6.5185311E+1	5.9491903E+1	0.0000000E+0	0.0000000E+0	1.0000000E+2	0.0000000E+0
4.7266000E+1	6.5240238E+1	5.9496955E+1	0.0000000E+0	0.0000000E+0	1.0000000E+2	0.0000000E+0
4.7316000E+1	6.5265306E+1	5.9504304E+1	0.0000000E+0	0.0000000E+0	1.0000000E+2	0.0000000E+0
4.7366000E+1	6.5277649E+1	5.9485218E+1	0.0000000E+0	0.0000000E+0	1.0000000E+2	0.0000000E+0
4.7416000E+1	6.5315322E+1	5.9493072E+1	0.0000000E+0	0.0000000E+0	1.0000000E+2	0.0000000E+0
4.7466000E+1	6.5359468E+1	5.9499478E+1	0.0000000E+0	0.0000000E+0	1.0000000E+2	0.0000000E+0
4.7516000E+1	6.5403330E+1	5.9505791E+1	0.0000000E+0	0.0000000E+0	1.0000000E+2	0.0000000E+0
4.7566000E+1	6.5422194E+1	5.9504862E+1	0.0000000E+0	0.0000000E+0	1.0000000E+2	0.0000000E+0
4.7616000E+1	6.5448534E+1	5.9500516E+1	0.0000000E+0	0.0000000E+0	1.0000000E+2	0.0000000E+0
4.7666000E+1	6.5486846E+1	5.9493717E+1	0.0000000E+0	0.0000000E+0	1.0000000E+2	0.0000000E+0
4.7716000E+1	6.5516059E+1	5.9484695E+1	0.0000000E+0	0.0000000E+0	1.0000000E+2	0.0000000E+0
4.7767000E+1	6.5569001E+1	5.9492241E+1	0.0000000E+0	0.0000000E+0	1.0000000E+2	0.0000000E+0
4.7817000E+1	6.5630240E+1	5.9495670E+1	0.0000000E+0	0.0000000E+0	1.0000000E+2	0.0000000E+0
4.7868000E+1	6.5681664E+1	5.9503504E+1	0.0000000E+0	0.0000000E+0	1.0000000E+2	0.0000000E+0
4.7918000E+1	6.5727595E+1	5.9496593E+1	0.0000000E+0	0.0000000E+0	1.0000000E+2	0.0000000E+0
4.7969000E+1	6.5768146E+1	5.9496519E+1	0.0000000E+0	0.0000000E+0	1.0000000E+2	0.0000000E+0
4.8019000E+1	6.5807766E+1	5.9477892E+1	0.0000000E+0	0.0000000E+0	1.0000000E+2	0.0000000E+0
4.8069000E+1	6.5844455E+1	5.9492174E+1	0.0000000E+0	0.0000000E+0	1.0000000E+2	0.0000000E+0
4.8119000E+1	6.5889984E+1	5.9507597E+1	0.0000000E+0	0.0000000E+0	1.0000000E+2	0.0000000E+0
4.8170000E+1	6.5952645E+1	5.9522128E+1	0.0000000E+0	0.0000000E+0	1.0000000E+2	0.0000000E+0
4.8220000E+1	6.5989197E+1	5.9512074E+1	0.0000000E+0	0.0000000E+0	1.0000000E+2	0.0000000E+0
4.8270000E+1	6.6024661E+1	5.9512790E+1	0.0000000E+0	0.0000000E+0	1.0000000E+2	0.0000000E+0
4.8320000E+1	6.6055594E+1	5.9511600E+1	0.0000000E+0	0.0000000E+0	1.0000000E+2	0.0000000E+0
4.8370000E+1	6.6101682E+1	5.9514313E+1	0.0000000E+0	0.0000000E+0	1.0000000E+2	0.0000000E+0
4.8420000E+1	6.6146832E+1	5.9514949E+1	0.0000000E+0	0.0000000E+0	1.0000000E+2	0.0000000E+0
4.8470000E+1	6.6160944E+1	5.9516307E+1	0.0000000E+0	0.0000000E+0	1.0000000E+2	0.0000000E+0
4.8520000E+1	6.6160955E+1	5.9507282E+1	0.0000000E+0	0.0000000E+0	1.0000000E+2	0.0000000E+0
4.8570000E+1	6.6208769E+1	5.9518334E+1	0.0000000E+0	0.0000000E+0	1.0000000E+2	0.0000000E+0
4.8620000E+1	6.6254279E+1	5.9522090E+1	0.0000000E+0	0.0000000E+0	1.0000000E+2	0.0000000E+0
4.8670000E+1	6.6296686E+1	5.9520136E+1	0.0000000E+0	0.0000000E+0	1.0000000E+2	0.0000000E+0
4.8720000E+1	6.5974304E+1	5.9601689E+1	0.0000000E+0	0.0000000E+0	1.0000000E+2	0.0000000E+0
4.8771000E+1	6.4941343E+1	5.9541565E+1	0.0000000E+0	0.0000000E+0	1.0000000E+2	0.0000000E+0
4.8821000E+1	6.4977748E+1	5.9534496E+1	0.0000000E+0	0.0000000E+0	1.0000000E+2	0.0000000E+0
4.8872000E+1	6.5015838E+1	5.9529691E+1	0.0000000E+0	0.0000000E+0	1.0000000E+2	0.0000000E+0
4.8923000E+1	6.5042835E+1	5.9522788E+1	0.0000000E+0	0.0000000E+0	1.0000000E+2	0.0000000E+0
4.8973000E+1	6.5095767E+1	5.9531949E+1	0.0000000E+0	0.0000000E+0	1.0000000E+2	0.0000000E+0
4.9024000E+1	6.5157013E+1	5.9534215E+1	0.0000000E+0	0.0000000E+0	1.0000000E+2	0.0000000E+0
4.9075000E+1	6.5203672E+1	5.9534681E+1	0.0000000E+0	0.0000000E+0	1.0000000E+2	0.0000000E+0
4.9125000E+1	6.5238659E+1	5.9535990E+1	0.0000000E+0	0.0000000E+0	1.0000000E+2	0.0000000E+0
4.9175000E+1	6.5286861E+1	5.9548208E+1	0.0000000E+0	0.0000000E+0	1.0000000E+2	0.0000000E+0
4.9225000E+1	6.5335803E+1	5.9546470E+1	0.0000000E+0	0.0000000E+0	1.0000000E+2	0.0000000E+0
4.9275000E+1	6.5381293E+1	5.9544787E+1	0.0000000E+0	0.0000000E+0	1.0000000E+2	0.0000000E+0
4.9326000E+1	6.5459165E+1	5.9558893E+1	0.0000000E+0	0.0000000E+0	1.0000000E+2	0.0000000E+0
4.9376000E+1	6.5495683E+1	5.9550405E+1	0.0000000E+0	0.0000000E+0	1.0000000E+2	0.0000000E+0
4.9426000E+1	6.5542045E+1	5.9554592E+1	0.0000000E+0	0.0000000E+0	1.0000000E+2	0.0000000E+0
4.9476000E+1	6.5564231E+1	5.9555918E+1	0.0000000E+0	0.0000000E+0	1.0000000E+2	0.0000000E+0
4.9526000E+1	6.5597969E+1	5.9558737E+1	0.0000000E+0	0.0000000E+0	1.0000000E+2	0.0000000E+0
4.9576000E+1	6.5623232E+1	5.9548828E+1	0.0000000E+0	0.0000000E+0	1.0000000E+2	0.0000000E+0
4.9626000E+1	6.5661835E+1	5.9563655E+1	0.0000000E+0	0.0000000E+0	1.0000000E+2	0.0000000E+0
4.9676000E+1	6.5702979E+1	5.9569109E+1	0.0000000E+0	0.0000000E+0	1.0000000E+2	0.0000000E+0
4.9726000E+1	6.5724525E+1	5.9577079E+1	0.0000000E+0	0.0000000E+0	1.0000000E+2	0.0000000E+0
4.9776000E+1	6.5756046E+1	5.9556051E+1	0.0000000E+0	0.0000000E+0	1.0000000E+2	0.0000000E+0
4.9826000E+1	6.5801459E+1	5.9556091E+1	0.0000000E+0	0.0000000E+0	1.0000000E+2	0.0000000E+0
4.9876000E+1	6.5819959E+1	5.9543904E+1	0.0000000E+0	0.0000000E+0	1.0000000E+2	0.0000000E+0
4.9926000E+1	6.5863918E+1	5.9546282E+1	0.0000000E+0	0.0000000E+0	1.0000000E+2	0.0000000E+0
4.9976000E+1	6.5916796E+1	5.9552326E+1	0.0000000E+0	0.0000000E+0	1.0000000E+2	0.0000000E+0
5.0027000E+1	6.5557851E+1	5.9598474E+1	0.0000000E+0	0.0000000E+0	1.0000000E+2	0.0000000E+0
5.0078000E+1	6.4951303E+1	5.9549495E+1	0.0000000E+0	0.0000000E+0	1.0000000E+2	0.0000000E+0
5.0128000E+1	6.4966385E+1	5.9543102E+1	0.0000000E+0	0.0000000E+0	1.0000000E+2	0.0000000E+0
5.0178000E+1	6.4984981E+1	5.9524299E+1	0.0000000E+0	0.0000000E+0	1.0000000E+2	0.0000000E+0
5.0228000E+1	6.5012456E+1	5.9532303E+1	0.0000000E+0	0.0000000E+0	1.0000000E+2	0.0000000E+0
5.0278000E+1	6.5011663E+1	5.9510150E+1	0.0000000E+0	0.0000000E+0	1.0000000E+2	0.0000000E+0
5.0328000E+1	6.5033935E+1	5.9509750E+1	0.0000000E+0	0.0000000E+0	1.0000000E+2	0.0000000E+0
5.0378000E+1	6.5058026E+1	5.9503626E+1	0.0000000E+0	0.0000000E+0	1.0000000E+2	0.0000000E+0
5.0428000E+1	6.5094095E+1	5.9501741E+1	0.0000000E+0	0.0000000E+0	1.0000000E+2	0.0000000E+0
5.0478000E+1	6.5133107E+1	5.9490359E+1	0.0000000E+0	0.0000000E+0	1.0000000E+2	0.0000000E+0
5.0528000E+1	6.5184258E+1	5.9498705E+1	0.0000000E+0	0.0000000E+0	1.0000000E+2	0.0000000E+0
5.0578000E+1	6.5217927E+1	5.9489741E+1	0.0000000E+0	0.0000000E+0	1.0000000E+2	0.0000000E+0
5.0628000E+1	6.5274710E+1	5.9492545E+1	0.0000000E+0	0.0000000E+0	1.0000000E+2	0.0000000E+0
5.0678000E+1	6.5305041E+1	5.9487954E+1	0.0000000E+0	0.0000000E+0	1.0000000E+2	0.0000000E+0
5.0728000E+1	6.5359412E+1	5.9482883E+1	0.0000000E+0	0.0000000E+0	1.0000000E+2	0.0000000E+0
5.0778000E+1	6.5413349E+1	5.9493368E+1	0.0000000E+0	0.0000000E+0	1.0000000E+2	0.0000000E+0
5.0828000E+1	6.5463351E+1	5.9486628E+1	0.0000000E+0	0.0000000E+0	1.0000000E+2	0.0000000E+0
5.0879000E+1	6.5501375E+1	5.9488041E+1	0.0000000E+0	0.0000000E+0	1.0000000E+2	0.0000000E+0
5.0930000E+1	6.5547905E+1	5.9489244E+1	0.0000000E+0	0.0000000E+0	1.0000000E+2	0.0000000E+0
5.0980000E+1	6.5605108E+1	5.9494380E+1	0.0000000E+0	0.0000000E+0	1.0000000E+2	0.0000000E+0
5.1031000E+1	6.5667198E+1	5.9511227E+1	0.0000000E+0	0.0000000E+0	1.0000000E+2	0.0000000E+0
5.1082000E+1	6.5705979E+1	5.9503726E+1	0.0000000E+0	0.0000000E+0	1.0000000E+2	0.0000000E+0
5.1132000E+1	6.5776848E+1	5.9515606E+1	0.0000000E+0	0.0000000E+0	1.0000000E+2	0.0000000E+0
5.1182000E+1	6.5836080E+1	5.9530417E+1	0.0000000E+0	0.0000000E+0	1.0000000E+2	0.0000000E+0
5.1232000E+1	6.5858980E+1	5.9519889E+1	0.0000000E+0	0.0000000E+0	1.0000000E+2	0.0000000E+0
5.1282000E+1	6.5869978E+1	5.9523598E+1	0.0000000E+0	0.0000000E+0	1.0000000E+2	0.0000000E+0
5.1332000E+1	6.5890397E+1	5.9521347E+1	0.0000000E+0	0.0000000E+0	1.0000000E+2	0.0000000E+0
5.1382000E+1	6.5944641E+1	5.9529013E+1	0.0000000E+0	0.0000000E+0	1.0000000E+2	0.0000000E+0
5.1432000E+1	6.6010291E+1	5.9548680E+1	0.0000000E+0	0.0000000E+0	1.0000000E+2	0.0000000E+0
5.1482000E+1	6.6049021E+1	5.9550452E+1	0.0000000E+0	0.0000000E+0	1.0000000E+2	0.0000000E+0
5.1532000E+1	6.6100679E+1	5.9540809E+1	0.0000000E+0	0.0000000E+0	1.0000000E+2	0.0000000E+0
5.1582000E+1	6.6130677E+1	5.9547862E+1	0.0000000E+0	0.0000000E+0	1.0000000E+2	0.0000000E+0
5.1632000E+1	6.6184968E+1	5.9545818E+1	0.0000000E+0	0.0000000E+0	1.0000000E+2	0.0000000E+0
5.1682000E+1	6.6242149E+1	5.9546615E+1	0.0000000E+0	0.0000000E+0	1.0000000E+2	0.0000000E+0
5.1732000E+1	6.5432105E+1	5.9619583E+1	0.0000000E+0	0.0000000E+0	1.0000000E+2	0.0000000E+0
5.1782000E+1	6.5152674E+1	5.9543544E+1	0.0000000E+0	0.0000000E+0	1.0000000E+2	0.0000000E+0
5.1832000E+1	6.5189120E+1	5.9561343E+1	0.0000000E+0	0.0000000E+0	1.0000000E+2	0.0000000E+0
5.1882000E+1	6.5248189E+1	5.9584465E+1	0.0000000E+0	0.0000000E+0	1.0000000E+2	0.0000000E+0
5.1932000E+1	6.5312246E+1	5.9587255E+1	0.0000000E+0	0.0000000E+0	1.0000000E+2	0.0000000E+0
5.1982000E+1	6.5347033E+1	5.9578926E+1	0.0000000E+0	0.0000000E+0	1.0000000E+2	0.0000000E+0
5.2032000E+1	6.5391832E+1	5.9590201E+1	0.0000000E+0	0.0000000E+0	1.0000000E+2	0.0000000E+0
5.2083000E+1	6.5449413E+1	5.9606097E+1	0.0000000E+0	0.0000000E+0	1.0000000E+2	0.0000000E+0
5.2133000E+1	6.5486308E+1	5.9605346E+1	0.0000000E+0	0.0000000E+0	1.0000000E+2	0.0000000E+0
5.2183000E+1	6.5521352E+1	5.9599969E+1	0.0000000E+0	0.0000000E+0	1.0000000E+2	0.0000000E+0
5.2234000E+1	6.5550472E+1	5.9599006E+1	0.0000000E+0	0.0000000E+0	1.0000000E+2	0.0000000E+0
5.2285000E+1	6.5578712E+1	5.9587147E+1	0.0000000E+0	0.0000000E+0	1.0000000E+2	0.0000000E+0
5.2335000E+1	6.5633493E+1	5.9593604E+1	0.0000000E+0	0.0000000E+0	1.0000000E+2	0.0000000E+0
5.2385000E+1	6.5670718E+1	5.9578726E+1	0.0000000E+0	0.0000000E+0	1.0000000E+2	0.0000000E+0
5.2435000E+1	6.5724269E+1	5.9596723E+1	0.0000000E+0	0.0000000E+0	1.0000000E+2	0.0000000E+0
5.2486000E+1	6.5770326E+1	5.9606244E+1	0.0000000E+0	0.0000000E+0	1.0000000E+2	0.0000000E+0
5.2536000E+1	6.5807566E+1	5.9596528E+1	0.0000000E+0	0.0000000E+0	1.0000000E+2	0.0000000E+0
5.2586000E+1	6.5858151E+1	5.9604645E+1	0.0000000E+0	0.0000000E+0	1.0000000E+2	0.0000000E+0
5.2636000E+1	6.5888765E+1	5.9592180E+1	0.0000000E+0	0.0000000E+0	1.0000000E+2	0.0000000E+0
5.2686000E+1	6.5922744E+1	5.9590577E+1	0.0000000E+0	0.0000000E+0	1.0000000E+2	0.0000000E+0
5.2736000E+1	6.5981665E+1	5.9594342E+1	0.0000000E+0	0.0000000E+0	1.0000000E+2	0.0000000E+0
5.2786000E+1	6.6016897E+1	5.9585134E+1	0.0000000E+0	0.0000000E+0	1.0000000E+2	0.0000000E+0
5.2836000E+1	6.6086785E+1	5.9600671E+1	0.0000000E+0	0.0000000E+0	1.0000000E+2	0.0000000E+0
5.2886000E+1	6.6130178E+1	5.9594755E+1	0.0000000E+0	0.0000000E+0	1.0000000E+2	0.0000000E+0
5.2936000E+1	6.6176416E+1	5.9585186E+1	0.0000000E+0	0.0000000E+0	1.0000000E+2	0.0000000E+0
5.2986000E+1	6.6213321E+1	5.9578867E+1	0.0000000E+0	0.0000000E+0	1.0000000E+2	0.0000000E+0
5.3036000E+1	6.6249322E+1	5.9591821E+1	0.0000000E+0	0.0000000E+0	1.0000000E+2	0.0000000E+0
5.3086000E+1	6.6237986E+1	5.9570755E+1	0.0000000E+0	0.0000000E+0	1.0000000E+2	0.0000000E+0
5.3136000E+1	6.6281394E+1	5.9582970E+1	0.0000000E+0	0.0000000E+0	1.0000000E+2	0.0000000E+0
5.3186000E+1	6.6334289E+1	5.9591375E+1	0.0000000E+0	0.0000000E+0	1.0000000E+2	0.0000000E+0
5.3237000E+1	6.6370383E+1	5.9587388E+1	0.0000000E+0	0.0000000E+0	1.0000000E+2	0.0000000E+0
5.3287000E+1	6.6385772E+1	5.9547703E+1	0.0000000E+0	0.0000000E+0	1.0000000E+2	0.0000000E+0
5.3338000E+1	6.6452409E+1	5.9575636E+1	0.0000000E+0	0.0000000E+0	1.0000000E+2	0.0000000E+0
5.3388000E+1	6.6512183E+1	5.9583523E+1	0.0000000E+0	0.0000000E+0	1.0000000E+2	0.0000000E+0
5.3439000E+1	6.6559648E+1	5.9581705E+1	0.0000000E+0	0.0000000E+0	1.0000000E+2	0.0000000E+0
5.3489000E+1	6.6612167E+1	5.9587310E+1	0.0000000E+0	0.0000000E+0	1.0000000E+2	0.0000000E+0
5.3539000E+1	6.6645619E+1	5.9590578E+1	0.0000000E+0	0.0000000E+0	1.0000000E+2	0.0000000E+0
5.3589000E+1	6.6675859E+1	5.9588138E+1	0.0000000E+0	0.0000000E+0	1.0000000E+2	0.0000000E+0
5.3640000E+1	6.6725487E+1	5.9595830E+1	0.0000000E+0	0.0000000E+0	1.0000000E+2	0.0000000E+0
5.3690000E+1	6.6772172E+1	5.9603429E+1	0.0000000E+0	0.0000000E+0	1.0000000E+2	0.0000000E+0
5.3740000E+1	6.6834221E+1	5.9608776E+1	0.0000000E+0	0.0000000E+0	1.0000000E+2	0.0000000E+0
5.3792000E+1	6.6868859E+1	5.9610954E+1	0.0000000E+0	0.0000000E+0	1.0000000E+2	0.0000000E+0
5.3842000E+1	6.6910548E+1	5.9620062E+1	0.0000000E+0	0.0000000E+0	1.0000000E+2	0.0000000E+0
5.3892000E+1	6.6949650E+1	5.9628050E+1	0.0000000E+0	0.0000000E+0	1.0000000E+2	0.0000000E+0
5.3942000E+1	6.6977928E+1	5.9618713E+1	0.0000000E+0	0.0000000E+0	1.0000000E+2	0.0000000E+0
5.3992000E+1	6.7009367E+1	5.9630439E+1	0.0000000E+0	0.0000000E+0	1.0000000E+2	0.0000000E+0
5.4042000E+1	6.7027857E+1	5.9604437E+1	0.0000000E+0	0.0000000E+0	1.0000000E+2	0.0000000E+0
5.4092000E+1	6.7091450E+1	5.9622766E+1	0.0000000E+0	0.0000000E+0	1.0000000E+2	0.0000000E+0
5.4142000E+1	6.7154556E+1	5.9625483E+1	0.0000000E+0	0.0000000E+0	1.0000000E+2	0.0000000E+0
5.4192000E+1	6.7191902E+1	5.9612793E+1	0.0000000E+0	0.0000000E+0	1.0000000E+2	0.0000000E+0
5.4242000E+1	6.7262954E+1	5.9641218E+1	0.0000000E+0	0.0000000E+0	1.0000000E+2	0.0000000E+0
5.4292000E+1	6.7311328E+1	5.9635887E+1	0.0000000E+0	0.0000000E+0	1.0000000E+2	0.0000000E+0
5.4343000E+1	6.7369475E+1	5.9631879E+1	0.0000000E+0	0.0000000E+0	1.0000000E+2	0.0000000E+0
5.4393000E+1	6.7404035E+1	5.9624756E+1	0.0000000E+0	0.0000000E+0	1.0000000E+2	0.0000000E+0
5.4443000E+1	6.7480141E+1	5.9644077E+1	0.0000000E+0	0.0000000E+0	1.0000000E+2	0.0000000E+0
5.4493000E+1	6.7559690E+1	5.9649544E+1	0.0000000E+0	0.0000000E+0	1.0000000E+2	0.0000000E+0
5.4543000E+1	6.6784009E+1	5.9814956E+1	0.0000000E+0	0.0000000E+0	1.0000000E+2	0.0000000E+0
5.4593000E+1	6.5060368E+1	5.9538625E+1	0.0000000E+0	0.0000000E+0	1.0000000E+2	0.0000000E+0
5.4643000E+1	6.5160322E+1	5.9596583E+1	0.0000000E+0	0.0000000E+0	1.0000000E+2	0.0000000E+0
5.4693000E+1	6.5227559E+1	5.9612411E+1	0.0000000E+0	0.0000000E+0	1.0000000E+2	0.0000000E+0
5.4743000E+1	6.5266970E+1	5.9604871E+1	0.0000000E+0	0.0000000E+0	1.0000000E+2	0.0000000E+0
5.4793000E+1	6.5308775E+1	5.9610362E+1	0.0000000E+0	0.0000000E+0	1.0000000E+2	0.0000000E+0
5.4843000E+1	6.5340644E+1	5.9616386E+1	0.0000000E+0	0.0000000E+0	1.0000000E+2	0.0000000E+0
5.4894000E+1	6.5380138E+1	5.9611111E+1	0.0000000E+0	0.0000000E+0	1.0000000E+2	0.0000000E+0
5.4944000E+1	6.5431410E+1	5.9612939E+1	0.0000000E+0	0.0000000E+0	1.0000000E+2	0.0000000E+0
5.4995000E+1	6.5521604E+1	5.9626529E+1	0.0000000E+0	0.0000000E+0	1.0000000E+2	0.0000000E+0
5.5045000E+1	6.5582231E+1	5.9633945E+1	0.0000000E+0	0.0000000E+0	1.0000000E+2	0.0000000E+0
5.5096000E+1	6.5622476E+1	5.9622456E+1	0.0000000E+0	0.0000000E+0	1.0000000E+2	0.0000000E+0
5.5146000E+1	6.5654533E+1	5.9633448E+1	0.0000000E+0	0.0000000E+0	1.0000000E+2	0.0000000E+0
5.5196000E+1	6.5663602E+1	5.9633159E+1	0.0000000E+0	0.0000000E+0	1.0000000E+2	0.0000000E+0
5.5246000E+1	6.5709485E+1	5.9625937E+1	0.0000000E+0	0.0000000E+0	1.0000000E+2	0.0000000E+0
5.5296000E+1	6.5755116E+1	5.9632417E+1	0.0000000E+0	0.0000000E+0	1.0000000E+2	0.0000000E+0
5.5346000E+1	6.5808023E+1	5.9638972E+1	0.0000000E+0	0.0000000E+0	1.0000000E+2	0.0000000E+0
5.5396000E+1	6.5874075E+1	5.9655590E+1	0.0000000E+0	0.0000000E+0	1.0000000E+2	0.0000000E+0
5.5446000E+1	6.5915150E+1	5.9664877E+1	0.0000000E+0	0.0000000E+0	1.0000000E+2	0.0000000E+0
5.5497000E+1	6.5943049E+1	5.9661595E+1	0.0000000E+0	0.0000000E+0	1.0000000E+2	0.0000000E+0
5.5547000E+1	6.5961696E+1	5.9646571E+1	0.0000000E+0	0.0000000E+0	1.0000000E+2	0.0000000E+0
5.5597000E+1	6.6005499E+1	5.9659030E+1	0.0000000E+0	0.0000000E+0	1.0000000E+2	0.0000000E+0
5.5647000E+1	6.6044136E+1	5.9666716E+1	0.0000000E+0	0.0000000E+0	1.0000000E+2	0.0000000E+0
5.5697000E+1	6.6054747E+1	5.9659448E+1	0.0000000E+0	0.0000000E+0	1.0000000E+2	0.0000000E+0
5.5747000E+1	6.6094716E+1	5.9657740E+1	0.0000000E+0	0.0000000E+0	1.0000000E+2	0.0000000E+0
5.5797000E+1	6.6139949E+1	5.9667433E+1	0.0000000E+0	0.0000000E+0	1.0000000E+2	0.0000000E+0
5.5847000E+1	6.6179220E+1	5.9657447E+1	0.0000000E+0	0.0000000E+0	1.0000000E+2	0.0000000E+0
5.5897000E+1	6.6213169E+1	5.9653896E+1	0.0000000E+0	0.0000000E+0	1.0000000E+2	0.0000000E+0
5.5947000E+1	6.6251621E+1	5.9646910E+1	0.0000000E+0	0.0000000E+0	1.0000000E+2	0.0000000E+0
5.5998000E+1	6.6300897E+1	5.9651925E+1	0.0000000E+0	0.0000000E+0	1.0000000E+2	0.0000000E+0
5.6048000E+1	6.6319645E+1	5.9662629E+1	0.0000000E+0	0.0000000E+0	1.0000000E+2	0.0000000E+0
5.6098000E+1	6.6337434E+1	5.9650408E+1	0.0000000E+0	0.0000000E+0	1.0000000E+2	0.0000000E+0
5.6149000E+1	6.6389021E+1	5.9653795E+1	0.0000000E+0	0.0000000E+0	1.0000000E+2	0.0000000E+0
5.6199000E+1	6.6437366E+1	5.9658463E+1	0.0000000E+0	0.0000000E+0	1.0000000E+2	0.0000000E+0
5.6249000E+1	6.6469359E+1	5.9646087E+1	0.0000000E+0	0.0000000E+0	1.0000000E+2	0.0000000E+0
5.6300000E+1	6.6525277E+1	5.9642001E+1	0.0000000E+0	0.0000000E+0	1.0000000E+2	0.0000000E+0
5.6350000E+1	6.6569847E+1	5.9625571E+1	0.0000000E+0	0.0000000E+0	1.0000000E+2	0.0000000E+0
5.6400000E+1	6.6629002E+1	5.9643372E+1	0.0000000E+0	0.0000000E+0	1.0000000E+2	0.0000000E+0
5.6450000E+1	6.6692780E+1	5.9656963E+1	0.0000000E+0	0.0000000E+0	1.0000000E+2	0.0000000E+0
5.6500000E+1	6.6743068E+1	5.9649805E+1	0.0000000E+0	0.0000000E+0	1.0000000E+2	0.0000000E+0
5.6550000E+1	6.6789862E+1	5.9650173E+1	0.0000000E+0	0.0000000E+0	1.0000000E+2	0.0000000E+0
5.6600000E+1	6.6843956E+1	5.9663934E+1	0.0000000E+0	0.0000000E+0	1.0000000E+2	0.0000000E+0
5.6650000E+1	6.6881069E+1	5.9659838E+1	0.0000000E+0	0.0000000E+0	1.0000000E+2	0.0000000E+0
5.6700000E+1	6.6071716E+1	5.9821040E+1	0.0000000E+0	0.0000000E+0	1.0000000E+2	0.0000000E+0
5.6750000E+1	6.5121082E+1	5.9588606E+1	0.0000000E+0	0.0000000E+0	1.0000000E+2	0.0000000E+0
5.6800000E+1	6.5192288E+1	5.9635606E+1	0.0000000E+0	0.0000000E+0	1.0000000E+2	0.0000000E+0
5.6850000E+1	6.5247634E+1	5.9641973E+1	0.0000000E+0	0.0000000E+0	1.0000000E+2	0.0000000E+0
5.6901000E+1	6.5285701E+1	5.9649280E+1	0.0000000E+0	0.0000000E+0	1.0000000E+2	0.0000000E+0
5.6951000E+1	6.5347123E+1	5.9655784E+1	0.0000000E+0	0.0000000E+0	1.0000000E+2	0.0000000E+0
5.7001000E+1	6.5351930E+1	5.9654794E+1	0.0000000E+0	0.0000000E+0	1.0000000E+2	0.0000000E+0
5.7051000E+1	6.5364923E+1	5.9655900E+1	0.0000000E+0	0.0000000E+0	1.0000000E+2	0.0000000E+0
5.7101000E+1	6.5414979E+1	5.9644759E+1	0.0000000E+0	0.0000000E+0	1.0000000E+2	0.0000000E+0
5.7151000E+1	6.5462290E+1	5.9668755E+1	0.0000000E+0	0.0000000E+0	1.0000000E+2	0.0000000E+0
5.7202000E+1	6.5504552E+1	5.9668241E+1	0.0000000E+0	0.0000000E+0	1.0000000E+2	0.0000000E+0
5.7252000E+1	6.5554330E+1	5.9656934E+1	0.0000000E+0	0.0000000E+0	1.0000000E+2	0.0000000E+0
5.7302000E+1	6.5589661E+1	5.9661389E+1	0.0000000E+0	0.0000000E+0	1.0000000E+2	0.0000000E+0
5.7352000E+1	6.5632723E+1	5.9678294E+1	0.0000000E+0	0.0000000E+0	1.0000000E+2	0.0000000E+0
5.7402000E+1	6.5685735E+1	5.9668378E+1	0.0000000E+0	0.0000000E+0	1.0000000E+2	0.0000000E+0
5.7452000E+1	6.5727811E+1	5.9665421E+1	0.0000000E+0	0.0000000E+0	1.0000000E+2	0.0000000E+0
5.7502000E+1	6.5774199E+1	5.9677613E+1	0.0000000E+0	0.0000000E+0	1.0000000E+2	0.0000000E+0
5.7552000E+1	6.5811498E+1	5.9676349E+1	0.0000000E+0	0.0000000E+0	1.0000000E+2	0.0000000E+0
5.7602000E+1	6.5884595E+1	5.9691480E+1	0.0000000E+0	0.0000000E+0	1.0000000E+2	0.0000000E+0
5.7652000E+1	6.5960233E+1	5.9690235E+1	0.0000000E+0	0.0000000E+0	1.0000000E+2	0.0000000E+0
5.7703000E+1	6.6018300E+1	5.9690259E+1	0.0000000E+0	0.0000000E+0	1.0000000E+2	0.0000000E+0
5.7754000E+1	6.6066669E+1	5.9688643E+1	0.0000000E+0	0.0000000E+0	1.0000000E+2	0.0000000E+0
5.7804000E+1	6.6118339E+1	5.9675745E+1	0.0000000E+0	0.0000000E+0	1.0000000E+2	0.0000000E+0
5.7854000E+1	6.6178583E+1	5.9672616E+1	0.0000000E+0	0.0000000E+0	1.0000000E+2	0.0000000E+0
5.7904000E+1	6.6226282E+1	5.9678191E+1	0.0000000E+0	0.0000000E+0	1.0000000E+2	0.0000000E+0
5.7954000E+1	6.6269526E+1	5.9687034E+1	0.0000000E+0	0.0000000E+0	1.0000000E+2	0.0000000E+0
5.8004000E+1	6.6351312E+1	5.9705582E+1	0.0000000E+0	0.0000000E+0	1.0000000E+2	0.0000000E+0
5.8054000E+1	6.6404579E+1	5.9698564E+1	0.0000000E+0	0.0000000E+0	1.0000000E+2	0.0000000E+0
5.8105000E+1	6.6472867E+1	5.9685972E+1	0.0000000E+0	0.0000000E+0	1.0000000E+2	0.0000000E+0
5.8155000E+1	6.6530383E+1	5.9698874E+1	0.0000000E+0	0.0000000E+0	1.0000000E+2	0.0000000E+0
5.8205000E+1	6.6571789E+1	5.9696661E+1	0.0000000E+0	0.0000000E+0	1.0000000E+2	0.0000000E+0
5.8255000E+1	6.6627704E+1	5.9687745E+1	0.0000000E+0	0.0000000E+0	1.0000000E+2	0.0000000E+0
5.8305000E+1	6.6688811E+1	5.9690431E+1	0.0000000E+0	0.0000000E+0	1.0000000E+2	0.0000000E+0
5.8355000E+1	6.6744108E+1	5.9699535E+1	0.0000000E+0	0.0000000E+0	1.0000000E+2	0.0000000E+0
5.8405000E+1	6.6805048E+1	5.9709886E+1	0.0000000E+0	0.0000000E+0	1.0000000E+2	0.0000000E+0
5.8455000E+1	6.6853395E+1	5.9699445E+1	0.0000000E+0	0.0000000E+0	1.0000000E+2	0.0000000E+0
5.8505000E+1	6.6097078E+1	5.9871224E+1	0.0000000E+0	0.0000000E+0	1.0000000E+2	0.0000000E+0
5.8555000E+1	6.5215045E+1	5.9651944E+1	0.0000000E+0	0.0000000E+0	1.0000000E+2	0.0000000E+0
5.8606000E+1	6.5288757E+1	5.9679787E+1	0.0000000E+0	0.0000000E+0	1.0000000E+2	0.0000000E+0
5.8656000E+1	6.5344292E+1	5.9684440E+1	0.0000000E+0	0.0000000E+0	1.0000000E+2	0.0000000E+0
5.8707000E+1	6.5373837E+1	5.9692943E+1	0.0000000E+0	0.0000000E+0	1.0000000E+2	0.0000000E+0
5.8758000E+1	6.5413902E+1	5.9684275E+1	0.0000000E+0	0.0000000E+0	1.0000000E+2	0.0000000E+0
5.8808000E+1	6.5465928E+1	5.9685829E+1	0.0000000E+0	0.0000000E+0	1.0000000E+2	0.0000000E+0
5.8858000E+1	6.5534143E+1	5.9710123E+1	0.0000000E+0	0.0000000E+0	1.0000000E+2	0.0000000E+0
5.8909000E+1	6.5603491E+1	5.9711219E+1	0.0000000E+0	0.0000000E+0	1.0000000E+2	0.0000000E+0
5.8960000E+1	6.5668135E+1	5.9708088E+1	0.0000000E+0	0.0000000E+0	1.0000000E+2	0.0000000E+0
5.9011000E+1	6.5749207E+1	5.9733645E+1	0.0000000E+0	0.0000000E+0	1.0000000E+2	0.0000000E+0
5.9062000E+1	6.5801059E+1	5.9723612E+1	0.0000000E+0	0.0000000E+0	1.0000000E+2	0.0000000E+0
5.9113000E+1	6.5862440E+1	5.9724072E+1	0.0000000E+0	0.0000000E+0	1.0000000E+2	0.0000000E+0
5.9163000E+1	6.5925713E+1	5.9725823E+1	0.0000000E+0	0.0000000E+0	1.0000000E+2	0.0000000E+0
5.9213000E+1	6.5976049E+1	5.9717986E+1	0.0000000E+0	0.0000000E+0	1.0000000E+2	0.0000000E+0
5.9264000E+1	6.6037106E+1	5.9724100E+1	0.0000000E+0	0.0000000E+0	1.0000000E+2	0.0000000E+0
5.9315000E+1	6.6071770E+1	5.9728622E+1	0.0000000E+0	0.0000000E+0	1.0000000E+2	0.0000000E+0
5.9365000E+1	6.6128894E+1	5.9728570E+1	0.0000000E+0	0.0000000E+0	1.0000000E+2	0.0000000E+0
5.9415000E+1	6.6183480E+1	5.9721976E+1	0.0000000E+0	0.0000000E+0	1.0000000E+2	0.0000000E+0
5.9465000E+1	6.6240423E+1	5.9721672E+1	0.0000000E+0	0.0000000E+0	1.0000000E+2	0.0000000E+0
5.9515000E+1	6.6297837E+1	5.9725020E+1	0.0000000E+0	0.0000000E+0	1.0000000E+2	0.0000000E+0
5.9565000E+1	6.6345151E+1	5.9738243E+1	0.0000000E+0	0.0000000E+0	1.0000000E+2	0.0000000E+0
5.9615000E+1	6.6399627E+1	5.9736114E+1	0.0000000E+0	0.0000000E+0	1.0000000E+2	0.0000000E+0
5.9665000E+1	6.6454022E+1	5.9733710E+1	0.0000000E+0	0.0000000E+0	1.0000000E+2	0.0000000E+0
5.9715000E+1	6.6507052E+1	5.9718908E+1	0.0000000E+0	0.0000000E+0	1.0000000E+2	0.0000000E+0
5.9765000E+1	6.6584135E+1	5.9736051E+1	0.0000000E+0	0.0000000E+0	1.0000000E+2	0.0000000E+0
5.9815000E+1	6.6653860E+1	5.9747366E+1	0.0000000E+0	0.0000000E+0	1.0000000E+2	0.0000000E+0
5.9865000E+1	6.6725864E+1	5.9735969E+1	0.0000000E+0	0.0000000E+0	1.0000000E+2	0.0000000E+0
5.9915000E+1	6.6797284E+1	5.9743174E+1	0.0000000E+0	0.0000000E+0	1.0000000E+2	0.0000000E+0
5.9965000E+1	6.6831931E+1	5.9742437E+1	0.0000000E+0	0.0000000E+0	1.0000000E+2	0.0000000E+0
6.0015000E+1	6.6866882E+1	5.9732313E+1	0.0000000E+0	0.0000000E+0	1.0000000E+2	0.0000000E+0
6.0065000E+1	6.6932433E+1	5.9730571E+1	0.0000000E+0	0.0000000E+0	1.0000000E+2	0.0000000E+0
6.0116000E+1	6.6347937E+1	5.9888051E+1	0.0000000E+0	0.0000000E+0	1.0000000E+2	0.0000000E+0
6.0166000E+1	6.5517948E+1	5.9684584E+1	0.0000000E+0	0.0000000E+0	1.0000000E+2	0.0000000E+0
6.0216000E+1	6.5590870E+1	5.9720073E+1	0.0000000E+0	0.0000000E+0	1.0000000E+2	0.0000000E+0
6.0266000E+1	6.5647863E+1	5.9724195E+1	0.0000000E+0	0.0000000E+0	1.0000000E+2	0.0000000E+0
6.0316000E+1	6.5693414E+1	5.9722597E+1	0.0000000E+0	0.0000000E+0	1.0000000E+2	0.0000000E+0
6.0366000E+1	6.5730635E+1	5.9718367E+1	0.0000000E+0	0.0000000E+0	1.0000000E+2	0.0000000E+0
6.0416000E+1	6.5781101E+1	5.9719591E+1	0.0000000E+0	0.0000000E+0	1.0000000E+2	0.0000000E+0
6.0466000E+1	6.5815985E+1	5.9720902E+1	0.0000000E+0	0.0000000E+0	1.0000000E+2	0.0000000E+0
6.0516000E+1	6.5875169E+1	5.9733183E+1	0.0000000E+0	0.0000000E+0	1.0000000E+2	0.0000000E+0
6.0567000E+1	6.5911511E+1	5.9721942E+1	0.0000000E+0	0.0000000E+0	1.0000000E+2	0.0000000E+0
6.0617000E+1	6.5964869E+1	5.9724679E+1	0.0000000E+0	0.0000000E+0	1.0000000E+2	0.0000000E+0
6.0667000E+1	6.5997664E+1	5.9711138E+1	0.0000000E+0	0.0000000E+0	1.0000000E+2	0.0000000E+0
6.0717000E+1	6.6026857E+1	5.9715799E+1	0.0000000E+0	0.0000000E+0	1.0000000E+2	0.0000000E+0
6.0767000E+1	6.6076877E+1	5.9719618E+1	0.0000000E+0	0.0000000E+0	1.0000000E+2	0.0000000E+0
6.0817000E+1	6.6089469E+1	5.9729181E+1	0.0000000E+0	0.0000000E+0	1.0000000E+2	0.0000000E+0
6.0867000E+1	6.6091756E+1	5.9724269E+1	0.0000000E+0	0.0000000E+0	1.0000000E+2	0.0000000E+0
6.0917000E+1	6.6128661E+1	5.9727364E+1	0.0000000E+0	0.0000000E+0	1.0000000E+2	0.0000000E+0
6.0967000E+1	6.6173533E+1	5.9726174E+1	0.0000000E+0	0.0000000E+0	1.0000000E+2	0.0000000E+0
6.1017000E+1	6.6203246E+1	5.9719830E+1	0.0000000E+0	0.0000000E+0	1.0000000E+2	0.0000000E+0
6.1067000E+1	6.6244802E+1	5.9713931E+1	0.0000000E+0	0.0000000E+0	1.0000000E+2	0.0000000E+0
6.1117000E+1	6.6277519E+1	5.9717297E+1	0.0000000E+0	0.0000000E+0	1.0000000E+2	0.0000000E+0
6.1167000E+1	6.6291403E+1	5.9715607E+1	0.0000000E+0	0.0000000E+0	1.0000000E+2	0.0000000E+0
6.1217000E+1	6.6337521E+1	5.9712505E+1	0.0000000E+0	0.0000000E+0	1.0000000E+2	0.0000000E+0
6.1267000E+1	6.6382364E+1	5.9713354E+1	0.0000000E+0	0.0000000E+0	1.0000000E+2	0.0000000E+0
6.1317000E+1	6.6410234E+1	5.9732785E+1	0.0000000E+0	0.0000000E+0	1.0000000E+2	0.0000000E+0
6.1367000E+1	6.6426192E+1	5.9716909E+1	0.0000000E+0	0.0000000E+0	1.0000000E+2	0.0000000E+0
6.1418000E+1	6.6476515E+1	5.9733283E+1	0.0000000E+0	0.0000000E+0	1.0000000E+2	0.0000000E+0
6.1469000E+1	6.6504470E+1	5.9718586E+1	0.0000000E+0	0.0000000E+0	1.0000000E+2	0.0000000E+0
6.1519000E+1	6.6559329E+1	5.9718633E+1	0.0000000E+0	0.0000000E+0	1.0000000E+2	0.0000000E+0
6.1570000E+1	6.6617357E+1	5.9735170E+1	0.0000000E+0	0.0000000E+0	1.0000000E+2	0.0000000E+0
6.1621000E+1	6.6679762E+1	5.9743542E+1	0.0000000E+0	0.0000000E+0	1.0000000E+2	0.0000000E+0
6.1672000E+1	6.6685230E+1	5.9732568E+1	0.0000000E+0	0.0000000E+0	1.0000000E+2	0.0000000E+0
6.1722000E+1	6.6718866E+1	5.9738597E+1	0.0000000E+0	0.0000000E+0	1.0000000E+2	0.0000000E+0
6.1773000E+1	6.6754064E+1	5.9750131E+1	0.0000000E+0	0.0000000E+0	1.0000000E+2	0.0000000E+0
6.1823000E+1	6.6813382E+1	5.9733886E+1	0.0000000E+0	0.0000000E+0	1.0000000E+2	0.0000000E+0
6.1873000E+1	6.6645274E+1	5.9884405E+1	0.0000000E+0	0.0000000E+0	1.0000000E+2	0.0000000E+0
6.1923000E+1	6.4956776E+1	5.9713985E+1	0.0000000E+0	0.0000000E+0	1.0000000E+2	0.0000000E+0
6.1973000E+1	6.4982189E+1	5.9702394E+1	0.0000000E+0	0.0000000E+0	1.0000000E+2	0.0000000E+0
6.2023000E+1	6.5062007E+1	5.9725947E+1	0.0000000E+0	0.0000000E+0	1.0000000E+2	0.0000000E+0
6.2073000E+1	6.5120360E+1	5.9724084E+1	0.0000000E+0	0.0000000E+0	1.0000000E+2	0.0000000E+0
6.2123000E+1	6.5160573E+1	5.9723840E+1	0.0000000E+0	0.0000000E+0	1.0000000E+2	0.0000000E+0
6.2173000E+1	6.5210592E+1	5.9739007E+1	0.0000000E+0	0.0000000E+0	1.0000000E+2	0.0000000E+0
6.2223000E+1	6.5260096E+1	5.9745613E+1	0.0000000E+0	0.0000000E+0	1.0000000E+2	0.0000000E+0
6.2273000E+1	6.5294146E+1	5.9744047E+1	0.0000000E+0	0.0000000E+0	1.0000000E+2	0.0000000E+0
6.2323000E+1	6.5335558E+1	5.9747823E+1	0.0000000E+0	0.0000000E+0	1.0000000E+2	0.0000000E+0
6.2373000E+1	6.5389464E+1	5.9744753E+1	0.0000000E+0	0.0000000E+0	1.0000000E+2	0.0000000E+0
6.2423000E+1	6.5431421E+1	5.9748002E+1	0.0000000E+0	0.0000000E+0	1.0000000E+2	0.0000000E+0
6.2473000E+1	6.5493808E+1	5.9756083E+1	0.0000000E+0	0.0000000E+0	1.0000000E+2	0.0000000E+0
6.2523000E+1	6.5558130E+1	5.9751435E+1	0.0000000E+0	0.0000000E+0	1.0000000E+2	0.0000000E+0
6.2573000E+1	6.5590975E+1	5.9758373E+1	0.0000000E+0	0.0000000E+0	1.0000000E+2	0.0000000E+0
6.2623000E+1	6.5641968E+1	5.9768262E+1	0.0000000E+0	0.0000000E+0	1.0000000E+2	0.0000000E+0
6.2673000E+1	6.5681808E+1	5.9760902E+1	0.0000000E+0	0.0000000E+0	1.0000000E+2	0.0000000E+0
6.2723000E+1	6.5765004E+1	5.9767488E+1	0.0000000E+0	0.0000000E+0	1.0000000E+2	0.0000000E+0
6.2773000E+1	6.5810888E+1	5.9774577E+1	0.0000000E+0	0.0000000E+0	1.0000000E+2	0.0000000E+0
6.2824000E+1	6.5855388E+1	5.9774516E+1	0.0000000E+0	0.0000000E+0	1.0000000E+2	0.0000000E+0
6.2874000E+1	6.5917881E+1	5.9797351E+1	0.0000000E+0	0.0000000E+0	1.0000000E+2	0.0000000E+0
6.2924000E+1	6.5963197E+1	5.9781000E+1	0.0000000E+0	0.0000000E+0	1.0000000E+2	0.0000000E+0
6.2975000E+1	6.5997279E+1	5.9793874E+1	0.0000000E+0	0.0000000E+0	1.0000000E+2	0.0000000E+0
6.3025000E+1	6.6057050E+1	5.9792886E+1	0.0000000E+0	0.0000000E+0	1.0000000E+2	0.0000000E+0
6.3075000E+1	6.6113339E+1	5.9807931E+1	0.0000000E+0	0.0000000E+0	1.0000000E+2	0.0000000E+0
6.3125000E+1	6.6138038E+1	5.9808950E+1	0.0000000E+0	0.0000000E+0	1.0000000E+2	0.0000000E+0
6.3175000E+1	6.6186213E+1	5.9812788E+1	0.0000000E+0	0.0000000E+0	1.0000000E+2	0.0000000E+0
6.3225000E+1	6.6230837E+1	5.9806564E+1	0.0000000E+0	0.0000000E+0	1.0000000E+2	0.0000000E+0
6.3275000E+1	6.6275704E+1	5.9815694E+1	0.0000000E+0	0.0000000E+0	1.0000000E+2	0.0000000E+0
6.3325000E+1	6.6337694E+1	5.9836595E+1	0.0000000E+0	0.0000000E+0	1.0000000E+2	0.0000000E+0
6.3375000E+1	6.6382560E+1	5.9827386E+1	0.0000000E+0	0.0000000E+0	1.0000000E+2	0.0000000E+0
6.3425000E+1	6.6411950E+1	5.9820400E+1	0.0000000E+0	0.0000000E+0	1.0000000E+2	0.0000000E+0
6.3475000E+1	6.6427992E+1	5.9822213E+1	0.0000000E+0	0.0000000E+0	1.0000000E+2	0.0000000E+0
6.3525000E+1	6.6457349E+1	5.9826724E+1	0.0000000E+0	0.0000000E+0	1.0000000E+2	0.0000000E+0
6.3575000E+1	6.6496037E+1	5.9821268E+1	0.0000000E+0	0.0000000E+0	1.0000000E+2	0.0000000E+0
6.3627000E+1	6.5726427E+1	6.0020196E+1	0.0000000E+0	0.0000000E+0	1.0000000E+2	0.0000000E+0
6.3677000E+1	6.4263539E+1	5.9774447E+1	0.0000000E+0	0.0000000E+0	1.0000000E+2	0.0000000E+0
6.3727000E+1	6.4346191E+1	5.9815701E+1	0.0000000E+0	0.0000000E+0	1.0000000E+2	0.0000000E+0
6.3778000E+1	6.4403963E+1	5.9826438E+1	0.0000000E+0	0.0000000E+0	1.0000000E+2	0.0000000E+0
6.3828000E+1	6.4455269E+1	5.9830860E+1	0.0000000E+0	0.0000000E+0	1.0000000E+2	0.0000000E+0
6.3878000E+1	6.4505283E+1	5.9825891E+1	0.0000000E+0	0.0000000E+0	1.0000000E+2	0.0000000E+0
6.3929000E+1	6.4550223E+1	5.9841484E+1	0.0000000E+0	0.0000000E+0	1.0000000E+2	0.0000000E+0
6.3979000E+1	6.4582916E+1	5.9840830E+1	0.0000000E+0	0.0000000E+0	1.0000000E+2	0.0000000E+0
6.4029000E+1	6.4652564E+1	5.9853169E+1	0.0000000E+0	0.0000000E+0	1.0000000E+2	0.0000000E+0
6.4079000E+1	6.4693190E+1	5.9846954E+1	0.0000000E+0	0.0000000E+0	1.0000000E+2	0.0000000E+0
6.4129000E+1	6.4733172E+1	5.9849933E+1	0.0000000E+0	0.0000000E+0	1.0000000E+2	0.0000000E+0
6.4181000E+1	6.4800332E+1	5.9855822E+1	0.0000000E+0	0.0000000E+0	1.0000000E+2	0.0000000E+0
6.4232000E+1	6.4859853E+1	5.9857509E+1	0.0000000E+0	0.0000000E+0	1.0000000E+2	0.0000000E+0
6.4282000E+1	6.4894119E+1	5.9851426E+1	0.0000000E+0	0.0000000E+0	1.0000000E+2	0.0000000E+0
6.4332000E+1	6.4946103E+1	5.9862516E+1	0.0000000E+0	0.0000000E+0	1.0000000E+2	0.0000000E+0
6.4383000E+1	6.4970246E+1	5.9864362E+1	0.0000000E+0	0.0000000E+0	1.0000000E+2	0.0000000E+0
6.4433000E+1	6.4987183E+1	5.9867676E+1	0.0000000E+0	0.0000000E+0	1.0000000E+2	0.0000000E+0
6.4483000E+1	6.4988361E+1	5.9857602E+1	0.0000000E+0	0.0000000E+0	1.0000000E+2	0.0000000E+0
6.4533000E+1	6.5039698E+1	5.9865829E+1	0.0000000E+0	0.0000000E+0	1.0000000E+2	0.0000000E+0
6.4583000E+1	6.5082552E+1	5.9858135E+1	0.0000000E+0	0.0000000E+0	1.0000000E+2	0.0000000E+0
6.4633000E+1	6.5111631E+1	5.9840754E+1	0.0000000E+0	0.0000000E+0	1.0000000E+2	0.0000000E+0
6.4683000E+1	6.5184015E+1	5.9849678E+1	0.0000000E+0	0.0000000E+0	1.0000000E+2	0.0000000E+0
6.4733000E+1	6.5116712E+1	5.9890038E+1	0.0000000E+0	0.0000000E+0	1.0000000E+2	0.0000000E+0
6.4783000E+1	6.4727552E+1	5.9860007E+1	0.0000000E+0	0.0000000E+0	1.0000000E+2	0.0000000E+0
6.4833000E+1	6.4748334E+1	5.9833751E+1	0.0000000E+0	0.0000000E+0	1.0000000E+2	0.0000000E+0
6.4883000E+1	6.4802001E+1	5.9846107E+1	0.0000000E+0	0.0000000E+0	1.0000000E+2	0.0000000E+0
6.4933000E+1	6.4841532E+1	5.9849465E+1	0.0000000E+0	0.0000000E+0	1.0000000E+2	0.0000000E+0
6.4984000E+1	6.4870415E+1	5.9841288E+1	0.0000000E+0	0.0000000E+0	1.0000000E+2	0.0000000E+0
6.5034000E+1	6.4913850E+1	5.9844380E+1	0.0000000E+0	0.0000000E+0	1.0000000E+2	0.0000000E+0
6.5084000E+1	6.4959068E+1	5.9854934E+1	0.0000000E+0	0.0000000E+0	1.0000000E+2	0.0000000E+0
6.5135000E+1	6.4988313E+1	5.9835334E+1	0.0000000E+0	0.0000000E+0	1.0000000E+2	0.0000000E+0
6.5185000E+1	6.5030073E+1	5.9832792E+1	0.0000000E+0	0.0000000E+0	1.0000000E+2	0.0000000E+0
6.5235000E+1	6.5083586E+1	5.9831897E+1	0.0000000E+0	0.0000000E+0	1.0000000E+2	0.0000000E+0
6.5285000E+1	6.5122206E+1	5.9829965E+1	0.0000000E+0	0.0000000E+0	1.0000000E+2	0.0000000E+0
6.5335000E+1	6.5141078E+1	5.9821572E+1	0.0000000E+0	0.0000000E+0	1.0000000E+2	0.0000000E+0
6.5385000E+1	6.5150977E+1	5.9820552E+1	0.0000000E+0	0.0000000E+0	1.0000000E+2	0.0000000E+0
6.5437000E+1	6.5178681E+1	5.9816874E+1	0.0000000E+0	0.0000000E+0	1.0000000E+2	0.0000000E+0
6.5487000E+1	6.5224914E+1	5.9819219E+1	0.0000000E+0	0.0000000E+0	1.0000000E+2	0.0000000E+0
6.5538000E+1	6.5291723E+1	5.9823092E+1	0.0000000E+0	0.0000000E+0	1.0000000E+2	0.0000000E+0
6.5589000E+1	6.5332970E+1	5.9839937E+1	0.0000000E+0	0.0000000E+0	1.0000000E+2	0.0000000E+0
6.5639000E+1	6.5372478E+1	5.9828592E+1	0.0000000E+0	0.0000000E+0	1.0000000E+2	0.0000000E+0
6.5689000E+1	6.5422350E+1	5.9825229E+1	0.0000000E+0	0.0000000E+0	1.0000000E+2	0.0000000E+0
6.5739000E+1	6.5480864E+1	5.9829725E+1	0.0000000E+0	0.0000000E+0	1.0000000E+2	0.0000000E+0
6.5789000E+1	6.5521167E+1	5.9837921E+1	0.0000000E+0	0.0000000E+0	1.0000000E+2	0.0000000E+0
6.5839000E+1	6.5542018E+1	5.9824382E+1	0.0000000E+0	0.0000000E+0	1.0000000E+2	0.0000000E+0
6.5889000E+1	6.5580533E+1	5.9824663E+1	0.0000000E+0	0.0000000E+0	1.0000000E+2	0.0000000E+0
6.5940000E+1	6.5621117E+1	5.9823782E+1	0.0000000E+0	0.0000000E+0	1.0000000E+2	0.0000000E+0
6.5991000E+1	6.5682571E+1	5.9836926E+1	0.0000000E+0	0.0000000E+0	1.0000000E+2	0.0000000E+0
6.6041000E+1	6.5727894E+1	5.9826217E+1	0.0000000E+0	0.0000000E+0	1.0000000E+2	0.0000000E+0
6.6092000E+1	6.5781075E+1	5.9819879E+1	0.0000000E+0	0.0000000E+0	1.0000000E+2	0.0000000E+0
6.6142000E+1	6.5824876E+1	5.9805456E+1	0.0000000E+0	0.0000000E+0	1.0000000E+2	0.0000000E+0
6.6192000E+1	6.5888141E+1	5.9819488E+1	0.0000000E+0	0.0000000E+0	1.0000000E+2	0.0000000E+0
6.6243000E+1	6.5937046E+1	5.9833635E+1	0.0000000E+0	0.0000000E+0	1.0000000E+2	0.0000000E+0
6.6293000E+1	6.5989081E+1	5.9829407E+1	0.0000000E+0	0.0000000E+0	1.0000000E+2	0.0000000E+0
6.6343000E+1	6.6020232E+1	5.9826414E+1	0.0000000E+0	0.0000000E+0	1.0000000E+2	0.0000000E+0
6.6395000E+1	6.5714446E+1	5.9968021E+1	0.0000000E+0	0.0000000E+0	1.0000000E+2	0.0000000E+0
6.6445000E+1	6.4372509E+1	5.9843553E+1	0.0000000E+0	0.0000000E+0	1.0000000E+2	0.0000000E+0
6.6495000E+1	6.4381956E+1	5.9795831E+1	0.0000000E+0	0.0000000E+0	1.0000000E+2	0.0000000E+0
6.6545000E+1	6.4411866E+1	5.9796142E+1	0.0000000E+0	0.0000000E+0	1.0000000E+2	0.0000000E+0
6.6595000E+1	6.4473242E+1	5.9809284E+1	0.0000000E+0	0.0000000E+0	1.0000000E+2	0.0000000E+0
6.6645000E+1	6.4538861E+1	5.9800157E+1	0.0000000E+0	0.0000000E+0	1.0000000E+2	0.0000000E+0
6.6695000E+1	6.4582467E+1	5.9793478E+1	0.0000000E+0	0.0000000E+0	1.0000000E+2	0.0000000E+0
6.6745000E+1	6.4622062E+1	5.9782916E+1	0.0000000E+0	0.0000000E+0	1.0000000E+2	0.0000000E+0
6.6797000E+1	6.4659754E+1	5.9785974E+1	0.0000000E+0	0.0000000E+0	1.0000000E+2	0.0000000E+0
6.6847000E+1	6.4689152E+1	5.9774279E+1	0.0000000E+0	0.0000000E+0	1.0000000E+2	0.0000000E+0
6.6897000E+1	6.4711005E+1	5.9752359E+1	0.0000000E+0	0.0000000E+0	1.0000000E+2	0.0000000E+0
6.6947000E+1	6.4744364E+1	5.9752645E+1	0.0000000E+0	0.0000000E+0	1.0000000E+2	0.0000000E+0
6.6997000E+1	6.4782698E+1	5.9724062E+1	0.0000000E+0	0.0000000E+0	1.0000000E+2	0.0000000E+0
6.7047000E+1	6.4819405E+1	5.9730182E+1	0.0000000E+0	0.0000000E+0	1.0000000E+2	0.0000000E+0
6.7097000E+1	6.4868890E+1	5.9739394E+1	0.0000000E+0	0.0000000E+0	1.0000000E+2	0.0000000E+0
6.7147000E+1	6.4885628E+1	5.9732295E+1	0.0000000E+0	0.0000000E+0	1.0000000E+2	0.0000000E+0
6.7197000E+1	6.4906158E+1	5.9694755E+1	0.0000000E+0	0.0000000E+0	1.0000000E+2	0.0000000E+0
6.7247000E+1	6.4941712E+1	5.9701694E+1	0.0000000E+0	0.0000000E+0	1.0000000E+2	0.0000000E+0
6.7297000E+1	6.4958723E+1	5.9701350E+1	0.0000000E+0	0.0000000E+0	1.0000000E+2	0.0000000E+0
6.7348000E+1	6.4984064E+1	5.9696103E+1	0.0000000E+0	0.0000000E+0	1.0000000E+2	0.0000000E+0
6.7399000E+1	6.5040587E+1	5.9703581E+1	0.0000000E+0	0.0000000E+0	1.0000000E+2	0.0000000E+0
6.7449000E+1	6.5076197E+1	5.9707478E+1	0.0000000E+0	0.0000000E+0	1.0000000E+2	0.0000000E+0
6.7499000E+1	6.5133751E+1	5.9690124E+1	0.0000000E+0	0.0000000E+0	1.0000000E+2	0.0000000E+0
6.7549000E+1	6.5163408E+1	5.9687634E+1	0.0000000E+0	0.0000000E+0	1.0000000E+2	0.0000000E+0
6.7599000E+1	6.5206946E+1	5.9683852E+1	0.0000000E+0	0.0000000E+0	1.0000000E+2	0.0000000E+0
6.7650000E+1	6.5247341E+1	5.9679963E+1	0.0000000E+0	0.0000000E+0	1.0000000E+2	0.0000000E+0
6.7700000E+1	6.5279609E+1	5.9682170E+1	0.0000000E+0	0.0000000E+0	1.0000000E+2	0.0000000E+0
6.7750000E+1	6.5343115E+1	5.9685418E+1	0.0000000E+0	0.0000000E+0	1.0000000E+2	0.0000000E+0
6.7800000E+1	6.5363765E+1	5.9688015E+1	0.0000000E+0	0.0000000E+0	1.0000000E+2	0.0000000E+0
6.7850000E+1	6.5406675E+1	5.9698808E+1	0.0000000E+0	0.0000000E+0	1.0000000E+2	0.0000000E+0
6.7900000E+1	6.5486024E+1	5.9726208E+1	0.0000000E+0	0.0000000E+0	1.0000000E+2	0.0000000E+0
6.7952000E+1	6.5536885E+1	5.9721017E+1	0.0000000E+0	0.0000000E+0	1.0000000E+2	0.0000000E+0
6.8002000E+1	6.5577651E+1	5.9717131E+1	0.0000000E+0	0.0000000E+0	1.0000000E+2	0.0000000E+0
6.8053000E+1	6.5617112E+1	5.9719392E+1	0.0000000E+0	0.0000000E+0	1.0000000E+2	0.0000000E+0
6.8103000E+1	6.5649471E+1	5.9719727E+1	0.0000000E+0	0.0000000E+0	1.0000000E+2	0.0000000E+0
6.8153000E+1	6.5698050E+1	5.9720169E+1	0.0000000E+0	0.0000000E+0	1.0000000E+2	0.0000000E+0
6.8203000E+1	6.5764029E+1	5.9730042E+1	0.0000000E+0	0.0000000E+0	1.0000000E+2	0.0000000E+0
6.8253000E+1	6.5788807E+1	5.9718688E+1	0.0000000E+0	0.0000000E+0	1.0000000E+2	0.0000000E+0
6.8304000E+1	6.5835856E+1	5.9729301E+1	0.0000000E+0	0.0000000E+0	1.0000000E+2	0.0000000E+0
6.8354000E+1	6.5143968E+1	5.9911091E+1	0.0000000E+0	0.0000000E+0	1.0000000E+2	0.0000000E+0
6.8405000E+1	6.3368359E+1	5.9670466E+1	0.0000000E+0	0.0000000E+0	1.0000000E+2	0.0000000E+0
6.8455000E+1	6.3451524E+1	5.9708812E+1	0.0000000E+0	0.0000000E+0	1.0000000E+2	0.0000000E+0
6.8505000E+1	6.3496336E+1	5.9722478E+1	0.0000000E+0	0.0000000E+0	1.0000000E+2	0.0000000E+0
6.8555000E+1	6.3502117E+1	5.9713687E+1	0.0000000E+0	0.0000000E+0	1.0000000E+2	0.0000000E+0
6.8605000E+1	6.3527555E+1	5.9718478E+1	0.0000000E+0	0.0000000E+0	1.0000000E+2	0.0000000E+0
6.8655000E+1	6.3558635E+1	5.9729390E+1	0.0000000E+0	0.0000000E+0	1.0000000E+2	0.0000000E+0
6.8705000E+1	6.3612839E+1	5.9733890E+1	0.0000000E+0	0.0000000E+0	1.0000000E+2	0.0000000E+0
6.8755000E+1	6.3664417E+1	5.9737453E+1	0.0000000E+0	0.0000000E+0	1.0000000E+2	0.0000000E+0
6.8805000E+1	6.3716300E+1	5.9735535E+1	0.0000000E+0	0.0000000E+0	1.0000000E+2	0.0000000E+0
6.8855000E+1	6.3763065E+1	5.9751447E+1	0.0000000E+0	0.0000000E+0	1.0000000E+2	0.0000000E+0
6.8905000E+1	6.3816091E+1	5.9747362E+1	0.0000000E+0	0.0000000E+0	1.0000000E+2	0.0000000E+0
6.8955000E+1	6.3862893E+1	5.9769361E+1	0.0000000E+0	0.0000000E+0	1.0000000E+2	0.0000000E+0
6.9005000E+1	6.3906081E+1	5.9777012E+1	0.0000000E+0	0.0000000E+0	1.0000000E+2	0.0000000E+0
6.9055000E+1	6.3937807E+1	5.9777663E+1	0.0000000E+0	0.0000000E+0	1.0000000E+2	0.0000000E+0
6.9105000E+1	6.3991219E+1	5.9777959E+1	0.0000000E+0	0.0000000E+0	1.0000000E+2	0.0000000E+0
6.9155000E+1	6.4011578E+1	5.9774547E+1	0.0000000E+0	0.0000000E+0	1.0000000E+2	0.0000000E+0
6.9205000E+1	6.4068968E+1	5.9777218E+1	0.0000000E+0	0.0000000E+0	1.0000000E+2	0.0000000E+0
6.9255000E+1	6.4100824E+1	5.9772205E+1	0.0000000E+0	0.0000000E+0	1.0000000E+2	0.0000000E+0
6.9305000E+1	6.4141658E+1	5.9770899E+1	0.0000000E+0	0.0000000E+0	1.0000000E+2	0.0000000E+0
6.9355000E+1	6.4147305E+1	5.9758036E+1	0.0000000E+0	0.0000000E+0	1.0000000E+2	0.0000000E+0
6.9405000E+1	6.4191361E+1	5.9753482E+1	0.0000000E+0	0.0000000E+0	1.0000000E+2	0.0000000E+0
6.9455000E+1	6.4229661E+1	5.9749127E+1	0.0000000E+0	0.0000000E+0	1.0000000E+2	0.0000000E+0
6.9505000E+1	6.4286232E+1	5.9761119E+1	0.0000000E+0	0.0000000E+0	1.0000000E+2	0.0000000E+0
6.9555000E+1	6.4334950E+1	5.9766333E+1	0.0000000E+0	0.0000000E+0	1.0000000E+2	0.0000000E+0
6.9605000E+1	6.4376279E+1	5.9769537E+1	0.0000000E+0	0.0000000E+0	1.0000000E+2	0.0000000E+0
6.9655000E+1	6.4427016E+1	5.9770901E+1	0.0000000E+0	0.0000000E+0	1.0000000E+2	0.0000000E+0
6.9705000E+1	6.4472992E+1	5.9758170E+1	0.0000000E+0	0.0000000E+0	1.0000000E+2	0.0000000E+0
6.9755000E+1	6.4509275E+1	5.9786066E+1	0.0000000E+0	0.0000000E+0	1.0000000E+2	0.0000000E+0
6.9805000E+1	6.4541886E+1	5.9778266E+1	0.0000000E+0	0.0000000E+0	1.0000000E+2	0.0000000E+0
6.9855000E+1	6.4576728E+1	5.9788667E+1	0.0000000E+0	0.0000000E+0	1.0000000E+2	0.0000000E+0
6.9905000E+1	6.4602051E+1	5.9781481E+1	0.0000000E+0	0.0000000E+0	1.0000000E+2	0.0000000E+0
6.9956000E+1	6.4626117E+1	5.9770252E+1	0.0000000E+0	0.0000000E+0	1.0000000E+2	0.0000000E+0
7.0007000E+1	6.4665468E+1	5.9772932E+1	0.0000000E+0	0.0000000E+0	1.0000000E+2	0.0000000E+0
7.0057000E+1	6.4716475E+1	5.9776964E+1	0.0000000E+0	0.0000000E+0	1.0000000E+2	0.0000000E+0
7.0108000E+1	6.4716720E+1	5.9781145E+1	0.0000000E+0	0.0000000E+0	1.0000000E+2	0.0000000E+0
7.0158000E+1	6.4776571E+1	5.9793986E+1	0.0000000E+0	0.0000000E+0	1.0000000E+2	0.0000000E+0
7.0208000E+1	6.4826988E+1	5.9789030E+1	0.0000000E+0	0.0000000E+0	1.0000000E+2	0.0000000E+0
7.0259000E+1	6.4845594E+1	5.9775332E+1	0.0000000E+0	0.0000000E+0	1.0000000E+2	0.0000000E+0
7.0309000E+1	6.4903803E+1	5.9773990E+1	0.0000000E+0	0.0000000E+0	1.0000000E+2	0.0000000E+0
7.0359000E+1	6.4948261E+1	5.9770535E+1	0.0000000E+0	0.0000000E+0	1.0000000E+2	0.0000000E+0
7.0410000E+1	6.5008545E+1	5.9772457E+1	0.0000000E+0	0.0000000E+0	1.0000000E+2	0.0000000E+0
7.0460000E+1	6.5054605E+1	5.9784362E+1	0.0000000E+0	0.0000000E+0	1.0000000E+2	0.0000000E+0
7.0510000E+1	6.5090112E+1	5.9781330E+1	0.0000000E+0	0.0000000E+0	1.0000000E+2	0.0000000E+0
7.0560000E+1	6.5133513E+1	5.9790747E+1	0.0000000E+0	0.0000000E+0	1.0000000E+2	0.0000000E+0
7.0611000E+1	6.5185884E+1	5.9790941E+1	0.0000000E+0	0.0000000E+0	1.0000000E+2	0.0000000E+0
7.0661000E+1	6.5262688E+1	5.9802693E+1	0.0000000E+0	0.0000000E+0	1.0000000E+2	0.0000000E+0
7.0712000E+1	6.5311326E+1	5.9805565E+1	0.0000000E+0	0.0000000E+0	1.0000000E+2	0.0000000E+0
7.0762000E+1	6.5366569E+1	5.9812188E+1	0.0000000E+0	0.0000000E+0	1.0000000E+2	0.0000000E+0
7.0812000E+1	6.5402187E+1	5.9794541E+1	0.0000000E+0	0.0000000E+0	1.0000000E+2	0.0000000E+0
7.0862000E+1	6.5455685E+1	5.9812916E+1	0.0000000E+0	0.0000000E+0	1.0000000E+2	0.0000000E+0
7.0912000E+1	6.5499691E+1	5.9801053E+1	0.0000000E+0	0.0000000E+0	1.0000000E+2	0.0000000E+0
7.0962000E+1	6.5577651E+1	5.9810621E+1	0.0000000E+0	0.0000000E+0	1.0000000E+2	0.0000000E+0
7.1013000E+1	6.5619963E+1	5.9822025E+1	0.0000000E+0	0.0000000E+0	1.0000000E+2	0.0000000E+0
7.1063000E+1	6.5679325E+1	5.9807666E+1	0.0000000E+0	0.0000000E+0	1.0000000E+2	0.0000000E+0
7.1113000E+1	6.5720381E+1	5.9809588E+1	0.0000000E+0	0.0000000E+0	1.0000000E+2	0.0000000E+0
7.1163000E+1	6.5751477E+1	5.9803147E+1	0.0000000E+0	0.0000000E+0	1.0000000E+2	0.0000000E+0
7.1213000E+1	6.5774253E+1	5.9810850E+1	0.0000000E+0	0.0000000E+0	1.0000000E+2	0.0000000E+0
7.1263000E+1	6.5806974E+1	5.9809407E+1	0.0000000E+0	0.0000000E+0	1.0000000E+2	0.0000000E+0
7.1313000E+1	6.5861614E+1	5.9813710E+1	0.0000000E+0	0.0000000E+0	1.0000000E+2	0.0000000E+0
7.1363000E+1	6.4633890E+1	6.0019358E+1	0.0000000E+0	0.0000000E+0	1.0000000E+2	0.0000000E+0
7.1413000E+1	6.3316274E+1	5.9714878E+1	0.0000000E+0	0.0000000E+0	1.0000000E+2	0.0000000E+0
7.1463000E+1	6.3399790E+1	5.9756942E+1	0.0000000E+0	0.0000000E+0	1.0000000E+2	0.0000000E+0
7.1513000E+1	6.3461037E+1	5.9774078E+1	0.0000000E+0	0.0000000E+0	1.0000000E+2	0.0000000E+0
7.1563000E+1	6.3485131E+1	5.9757568E+1	0.0000000E+0	0.0000000E+0	1.0000000E+2	0.0000000E+0
7.1613000E+1	6.3537874E+1	5.9775279E+1	0.0000000E+0	0.0000000E+0	1.0000000E+2	0.0000000E+0
7.1663000E+1	6.3595131E+1	5.9799861E+1	0.0000000E+0	0.0000000E+0	1.0000000E+2	0.0000000E+0
7.1713000E+1	6.3638020E+1	5.9789500E+1	0.0000000E+0	0.0000000E+0	1.0000000E+2	0.0000000E+0
7.1763000E+1	6.3674816E+1	5.9791162E+1	0.0000000E+0	0.0000000E+0	1.0000000E+2	0.0000000E+0
7.1813000E+1	6.3728445E+1	5.9814191E+1	0.0000000E+0	0.0000000E+0	1.0000000E+2	0.0000000E+0
7.1863000E+1	6.3758891E+1	5.9803634E+1	0.0000000E+0	0.0000000E+0	1.0000000E+2	0.0000000E+0
7.1913000E+1	6.3742473E+1	5.9793275E+1	0.0000000E+0	0.0000000E+0	1.0000000E+2	0.0000000E+0
7.1963000E+1	6.3795566E+1	5.9811998E+1	0.0000000E+0	0.0000000E+0	1.0000000E+2	0.0000000E+0
7.2013000E+1	6.3815646E+1	5.9809763E+1	0.0000000E+0	0.0000000E+0	1.0000000E+2	0.0000000E+0
7.2063000E+1	6.3860663E+1	5.9804990E+1	0.0000000E+0	0.0000000E+0	1.0000000E+2	0.0000000E+0
7.2113000E+1	6.3905270E+1	5.9805607E+1	0.0000000E+0	0.0000000E+0	1.0000000E+2	0.0000000E+0
7.2163000E+1	6.3947999E+1	5.9813037E+1	0.0000000E+0	0.0000000E+0	1.0000000E+2	0.0000000E+0
7.2214000E+1	6.4003341E+1	5.9802262E+1	0.0000000E+0	0.0000000E+0	1.0000000E+2	0.0000000E+0
7.2264000E+1	6.4045702E+1	5.9814802E+1	0.0000000E+0	0.0000000E+0	1.0000000E+2	0.0000000E+0
7.2314000E+1	6.4077433E+1	5.9808747E+1	0.0000000E+0	0.0000000E+0	1.0000000E+2	0.0000000E+0
7.2364000E+1	6.4134524E+1	5.9818322E+1	0.0000000E+0	0.0000000E+0	1.0000000E+2	0.0000000E+0
7.2414000E+1	6.4182250E+1	5.9814295E+1	0.0000000E+0	0.0000000E+0	1.0000000E+2	0.0000000E+0
7.2465000E+1	6.4235301E+1	5.9834175E+1	0.0000000E+0	0.0000000E+0	1.0000000E+2	0.0000000E+0
7.2515000E+1	6.4288913E+1	5.9829082E+1	0.0000000E+0	0.0000000E+0	1.0000000E+2	0.0000000E+0
7.2566000E+1	6.4316327E+1	5.9835685E+1	0.0000000E+0	0.0000000E+0	1.0000000E+2	0.0000000E+0
7.2616000E+1	6.4320169E+1	5.9824508E+1	0.0000000E+0	0.0000000E+0	1.0000000E+2	0.0000000E+0
7.2666000E+1	6.4372398E+1	5.9834132E+1	0.0000000E+0	0.0000000E+0	1.0000000E+2	0.0000000E+0
7.2717000E+1	6.4418966E+1	5.9828518E+1	0.0000000E+0	0.0000000E+0	1.0000000E+2	0.0000000E+0
7.2768000E+1	6.4488884E+1	5.9830997E+1	0.0000000E+0	0.0000000E+0	1.0000000E+2	0.0000000E+0
7.2818000E+1	6.4538243E+1	5.9822719E+1	0.0000000E+0	0.0000000E+0	1.0000000E+2	0.0000000E+0
7.2869000E+1	6.4584033E+1	5.9811142E+1	0.0000000E+0	0.0000000E+0	1.0000000E+2	0.0000000E+0
7.2919000E+1	6.4648022E+1	5.9816648E+1	0.0000000E+0	0.0000000E+0	1.0000000E+2	0.0000000E+0
7.2970000E+1	6.4707107E+1	5.9823605E+1	0.0000000E+0	0.0000000E+0	1.0000000E+2	0.0000000E+0
7.3020000E+1	6.4764063E+1	5.9840634E+1	0.0000000E+0	0.0000000E+0	1.0000000E+2	0.0000000E+0
7.3071000E+1	6.4781701E+1	5.9817477E+1	0.0000000E+0	0.0000000E+0	1.0000000E+2	0.0000000E+0
7.3122000E+1	6.4827230E+1	5.9802506E+1	0.0000000E+0	0.0000000E+0	1.0000000E+2	0.0000000E+0
7.3173000E+1	6.4878742E+1	5.9809659E+1	0.0000000E+0	0.0000000E+0	1.0000000E+2	0.0000000E+0
7.3223000E+1	6.4941122E+1	5.9816186E+1	0.0000000E+0	0.0000000E+0	1.0000000E+2	0.0000000E+0
7.3273000E+1	6.4990933E+1	5.9815446E+1	0.0000000E+0	0.0000000E+0	1.0000000E+2	0.0000000E+0
7.3323000E+1	6.5015257E+1	5.9820879E+1	0.0000000E+0	0.0000000E+0	1.0000000E+2	0.0000000E+0
7.3373000E+1	6.5035398E+1	5.9807835E+1	0.0000000E+0	0.0000000E+0	1.0000000E+2	0.0000000E+0
7.3423000E+1	6.5055550E+1	5.9810467E+1	0.0000000E+0	0.0000000E+0	1.0000000E+2	0.0000000E+0
7.3473000E+1	6.5109423E+1	5.9818687E+1	0.0000000E+0	0.0000000E+0	1.0000000E+2	0.0000000E+0
7.3524000E+1	6.5168430E+1	5.9813830E+1	0.0000000E+0	0.0000000E+0	1.0000000E+2	0.0000000E+0
7.3574000E+1	6.5207035E+1	5.9815734E+1	0.0000000E+0	0.0000000E+0	1.0000000E+2	0.0000000E+0
7.3624000E+1	6.5250816E+1	5.9823190E+1	0.0000000E+0	0.0000000E+0	1.0000000E+2	0.0000000E+0
7.3674000E+1	6.5280811E+1	5.9807409E+1	0.0000000E+0	0.0000000E+0	1.0000000E+2	0.0000000E+0
7.3725000E+1	6.3499578E+1	5.9963750E+1	0.0000000E+0	0.0000000E+0	1.0000000E+2	0.0000000E+0
7.3775000E+1	6.3136562E+1	5.9770221E+1	0.0000000E+0	0.0000000E+0	1.0000000E+2	0.0000000E+0
7.3825000E+1	6.3185919E+1	5.9799698E+1	0.0000000E+0	0.0000000E+0	1.0000000E+2	0.0000000E+0
7.3875000E+1	6.3226241E+1	5.9806350E+1	0.0000000E+0	0.0000000E+0	1.0000000E+2	0.0000000E+0
7.3925000E+1	6.3265071E+1	5.9815165E+1	0.0000000E+0	0.0000000E+0	1.0000000E+2	0.0000000E+0
7.3975000E+1	6.3322059E+1	5.9810347E+1	0.0000000E+0	0.0000000E+0	1.0000000E+2	0.0000000E+0
7.4025000E+1	6.3354372E+1	5.9788491E+1	0.0000000E+0	0.0000000E+0	1.0000000E+2	0.0000000E+0
7.4075000E+1	6.3394548E+1	5.9799028E+1	0.0000000E+0	0.0000000E+0	1.0000000E+2	0.0000000E+0
7.4125000E+1	6.3426593E+1	5.9785023E+1	0.0000000E+0	0.0000000E+0	1.0000000E+2	0.0000000E+0
7.4175000E+1	6.3433078E+1	5.9770326E+1	0.0000000E+0	0.0000000E+0	1.0000000E+2	0.0000000E+0
7.4225000E+1	6.3447555E+1	5.9739285E+1	0.0000000E+0	0.0000000E+0	1.0000000E+2	0.0000000E+0
7.4275000E+1	6.3479600E+1	5.9722933E+1	0.0000000E+0	0.0000000E+0	1.0000000E+2	0.0000000E+0
7.4325000E+1	6.3499868E+1	5.9706009E+1	0.0000000E+0	0.0000000E+0	1.0000000E+2	0.0000000E+0
7.4376000E+1	6.3543282E+1	5.9700244E+1	0.0000000E+0	0.0000000E+0	1.0000000E+2	0.0000000E+0
7.4426000E+1	6.3599757E+1	5.9708311E+1	0.0000000E+0	0.0000000E+0	1.0000000E+2	0.0000000E+0
7.4476000E+1	6.3637774E+1	5.9692751E+1	0.0000000E+0	0.0000000E+0	1.0000000E+2	0.0000000E+0
7.4526000E+1	6.3656868E+1	5.9678668E+1	0.0000000E+0	0.0000000E+0	1.0000000E+2	0.0000000E+0
7.4576000E+1	6.3686558E+1	5.9687254E+1	0.0000000E+0	0.0000000E+0	1.0000000E+2	0.0000000E+0
7.4626000E+1	6.3732139E+1	5.9688851E+1	0.0000000E+0	0.0000000E+0	1.0000000E+2	0.0000000E+0
7.4676000E+1	6.3771139E+1	5.9682006E+1	0.0000000E+0	0.0000000E+0	1.0000000E+2	0.0000000E+0
7.4726000E+1	6.3811404E+1	5.9673729E+1	0.0000000E+0	0.0000000E+0	1.0000000E+2	0.0000000E+0
7.4776000E+1	6.3849524E+1	5.9682805E+1	0.0000000E+0	0.0000000E+0	1.0000000E+2	0.0000000E+0
7.4826000E+1	6.3864821E+1	5.9670028E+1	0.0000000E+0	0.0000000E+0	1.0000000E+2	0.0000000E+0
7.4876000E+1	6.3909582E+1	5.9657188E+1	0.0000000E+0	0.0000000E+0	1.0000000E+2	0.0000000E+0
7.4926000E+1	6.3973054E+1	5.9679881E+1	0.0000000E+0	0.0000000E+0	1.0000000E+2	0.0000000E+0
7.4976000E+1	6.4044271E+1	5.9688758E+1	0.0000000E+0	0.0000000E+0	1.0000000E+2	0.0000000E+0
7.5027000E+1	6.4104686E+1	5.9688652E+1	0.0000000E+0	0.0000000E+0	1.0000000E+2	0.0000000E+0
7.5077000E+1	6.4165422E+1	5.9689405E+1	0.0000000E+0	0.0000000E+0	1.0000000E+2	0.0000000E+0
7.5128000E+1	6.4225438E+1	5.9684714E+1	0.0000000E+0	0.0000000E+0	1.0000000E+2	0.0000000E+0
7.5178000E+1	6.4271786E+1	5.9689992E+1	0.0000000E+0	0.0000000E+0	1.0000000E+2	0.0000000E+0
7.5228000E+1	6.4313834E+1	5.9703000E+1	0.0000000E+0	0.0000000E+0	1.0000000E+2	0.0000000E+0
7.5278000E+1	6.4322847E+1	5.9680081E+1	0.0000000E+0	0.0000000E+0	1.0000000E+2	0.0000000E+0
7.5328000E+1	6.4377354E+1	5.9691093E+1	0.0000000E+0	0.0000000E+0	1.0000000E+2	0.0000000E+0
7.5378000E+1	6.4428128E+1	5.9691042E+1	0.0000000E+0	0.0000000E+0	1.0000000E+2	0.0000000E+0
7.5428000E+1	6.4457635E+1	5.9682897E+1	0.0000000E+0	0.0000000E+0	1.0000000E+2	0.0000000E+0
7.5478000E+1	6.4527086E+1	5.9696032E+1	0.0000000E+0	0.0000000E+0	1.0000000E+2	0.0000000E+0
7.5528000E+1	6.4558330E+1	5.9700209E+1	0.0000000E+0	0.0000000E+0	1.0000000E+2	0.0000000E+0
7.5578000E+1	6.4126049E+1	5.9785649E+1	0.0000000E+0	0.0000000E+0	1.0000000E+2	0.0000000E+0
7.5628000E+1	6.3224923E+1	5.9665176E+1	0.0000000E+0	0.0000000E+0	1.0000000E+2	0.0000000E+0
7.5678000E+1	6.3278773E+1	5.9680289E+1	0.0000000E+0	0.0000000E+0	1.0000000E+2	0.0000000E+0
7.5728000E+1	6.3326159E+1	5.9699515E+1	0.0000000E+0	0.0000000E+0	1.0000000E+2	0.0000000E+0
7.5778000E+1	6.3381637E+1	5.9698934E+1	0.0000000E+0	0.0000000E+0	1.0000000E+2	0.0000000E+0
7.5828000E+1	6.3410289E+1	5.9698690E+1	0.0000000E+0	0.0000000E+0	1.0000000E+2	0.0000000E+0
7.5878000E+1	6.3429439E+1	5.9701509E+1	0.0000000E+0	0.0000000E+0	1.0000000E+2	0.0000000E+0
7.5928000E+1	6.3466027E+1	5.9716137E+1	0.0000000E+0	0.0000000E+0	1.0000000E+2	0.0000000E+0
7.5978000E+1	6.3526799E+1	5.9723093E+1	0.0000000E+0	0.0000000E+0	1.0000000E+2	0.0000000E+0
7.6028000E+1	6.3581166E+1	5.9722767E+1	0.0000000E+0	0.0000000E+0	1.0000000E+2	0.0000000E+0
7.6079000E+1	6.3627449E+1	5.9739958E+1	0.0000000E+0	0.0000000E+0	1.0000000E+2	0.0000000E+0
7.6129000E+1	6.3667658E+1	5.9728321E+1	0.0000000E+0	0.0000000E+0	1.0000000E+2	0.0000000E+0
7.6180000E+1	6.3741290E+1	5.9731269E+1	0.0000000E+0	0.0000000E+0	1.0000000E+2	0.0000000E+0
7.6230000E+1	6.3804107E+1	5.9744266E+1	0.0000000E+0	0.0000000E+0	1.0000000E+2	0.0000000E+0
7.6280000E+1	6.3865125E+1	5.9749364E+1	0.0000000E+0	0.0000000E+0	1.0000000E+2	0.0000000E+0
7.6330000E+1	6.3915598E+1	5.9741693E+1	0.0000000E+0	0.0000000E+0	1.0000000E+2	0.0000000E+0
7.6380000E+1	6.3969802E+1	5.9752564E+1	0.0000000E+0	0.0000000E+0	1.0000000E+2	0.0000000E+0
7.6430000E+1	6.4049369E+1	5.9763068E+1	0.0000000E+0	0.0000000E+0	1.0000000E+2	0.0000000E+0
7.6480000E+1	6.4100555E+1	5.9771755E+1	0.0000000E+0	0.0000000E+0	1.0000000E+2	0.0000000E+0
7.6530000E+1	6.4159922E+1	5.9765737E+1	0.0000000E+0	0.0000000E+0	1.0000000E+2	0.0000000E+0
7.6580000E+1	6.4197362E+1	5.9774239E+1	0.0000000E+0	0.0000000E+0	1.0000000E+2	0.0000000E+0
7.6630000E+1	6.4237162E+1	5.9764612E+1	0.0000000E+0	0.0000000E+0	1.0000000E+2	0.0000000E+0
7.6680000E+1	6.4255406E+1	5.9757103E+1	0.0000000E+0	0.0000000E+0	1.0000000E+2	0.0000000E+0
7.6730000E+1	6.4270182E+1	5.9762230E+1	0.0000000E+0	0.0000000E+0	1.0000000E+2	0.0000000E+0
7.6780000E+1	6.4308402E+1	5.9775481E+1	0.0000000E+0	0.0000000E+0	1.0000000E+2	0.0000000E+0
7.6830000E+1	6.4366200E+1	5.9789824E+1	0.0000000E+0	0.0000000E+0	1.0000000E+2	0.0000000E+0
7.6880000E+1	6.4424541E+1	5.9782950E+1	0.0000000E+0	0.0000000E+0	1.0000000E+2	0.0000000E+0
7.6930000E+1	6.4468308E+1	5.9783139E+1	0.0000000E+0	0.0000000E+0	1.0000000E+2	0.0000000E+0
7.6980000E+1	6.4500042E+1	5.9772227E+1	0.0000000E+0	0.0000000E+0	1.0000000E+2	0.0000000E+0
7.7030000E+1	6.4538343E+1	5.9773492E+1	0.0000000E+0	0.0000000E+0	1.0000000E+2	0.0000000E+0
7.7080000E+1	6.4595485E+1	5.9778611E+1	0.0000000E+0	0.0000000E+0	1.0000000E+2	0.0000000E+0
7.7130000E+1	6.4621518E+1	5.9770133E+1	0.0000000E+0	0.0000000E+0	1.0000000E+2	0.0000000E+0
7.7180000E+1	6.4659405E+1	5.9791334E+1	0.0000000E+0	0.0000000E+0	1.0000000E+2	0.0000000E+0
7.7230000E+1	6.4676813E+1	5.9773921E+1	0.0000000E+0	0.0000000E+0	1.0000000E+2	0.0000000E+0
7.7280000E+1	6.4710891E+1	5.9786501E+1	0.0000000E+0	0.0000000E+0	1.0000000E+2	0.0000000E+0
7.7330000E+1	6.3776475E+1	5.9894002E+1	0.0000000E+0	0.0000000E+0	1.0000000E+2	0.0000000E+0
7.7380000E+1	6.3431437E+1	5.9743973E+1	0.0000000E+0	0.0000000E+0	1.0000000E+2	0.0000000E+0
7.7430000E+1	6.3499986E+1	5.9780212E+1	0.0000000E+0	0.0000000E+0	1.0000000E+2	0.0000000E+0
7.7480000E+1	6.3536428E+1	5.9774427E+1	0.0000000E+0	0.0000000E+0	1.0000000E+2	0.0000000E+0
7.7530000E+1	6.3587250E+1	5.9785181E+1	0.0000000E+0	0.0000000E+0	1.0000000E+2	0.0000000E+0
7.7580000E+1	6.3613126E+1	5.9772857E+1	0.0000000E+0	0.0000000E+0	1.0000000E+2	0.0000000E+0
7.7630000E+1	6.3654229E+1	5.9779994E+1	0.0000000E+0	0.0000000E+0	1.0000000E+2	0.0000000E+0
7.7680000E+1	6.3663208E+1	5.9782614E+1	0.0000000E+0	0.0000000E+0	1.0000000E+2	0.0000000E+0
7.7730000E+1	6.3685688E+1	5.9770496E+1	0.0000000E+0	0.0000000E+0	1.0000000E+2	0.0000000E+0
7.7780000E+1	6.3750235E+1	5.9780688E+1	0.0000000E+0	0.0000000E+0	1.0000000E+2	0.0000000E+0
7.7830000E+1	6.3791364E+1	5.9781245E+1	0.0000000E+0	0.0000000E+0	1.0000000E+2	0.0000000E+0
7.7880000E+1	6.3855034E+1	5.9791512E+1	0.0000000E+0	0.0000000E+0	1.0000000E+2	0.0000000E+0
7.7930000E+1	6.3900269E+1	5.9790144E+1	0.0000000E+0	0.0000000E+0	1.0000000E+2	0.0000000E+0
7.7980000E+1	6.3950125E+1	5.9798284E+1	0.0000000E+0	0.0000000E+0	1.0000000E+2	0.0000000E+0
7.8030000E+1	6.4013501E+1	5.9802669E+1	0.0000000E+0	0.0000000E+0	1.0000000E+2	0.0000000E+0
7.8080000E+1	6.4048528E+1	5.9788686E+1	0.0000000E+0	0.0000000E+0	1.0000000E+2	0.0000000E+0
7.8130000E+1	6.4094857E+1	5.9785474E+1	0.0000000E+0	0.0000000E+0	1.0000000E+2	0.0000000E+0
7.8180000E+1	6.4132742E+1	5.9786265E+1	0.0000000E+0	0.0000000E+0	1.0000000E+2	0.0000000E+0
7.8230000E+1	6.4181849E+1	5.9792717E+1	0.0000000E+0	0.0000000E+0	1.0000000E+2	0.0000000E+0
7.8280000E+1	6.4213882E+1	5.9773800E+1	0.0000000E+0	0.0000000E+0	1.0000000E+2	0.0000000E+0
7.8330000E+1	6.4270548E+1	5.9788430E+1	0.0000000E+0	0.0000000E+0	1.0000000E+2	0.0000000E+0
7.8381000E+1	6.4304966E+1	5.9772542E+1	0.0000000E+0	0.0000000E+0	1.0000000E+2	0.0000000E+0
7.8432000E+1	6.4331174E+1	5.9776084E+1	0.0000000E+0	0.0000000E+0	1.0000000E+2	0.0000000E+0
7.8482000E+1	6.4394290E+1	5.9778285E+1	0.0000000E+0	0.0000000E+0	1.0000000E+2	0.0000000E+0
7.8532000E+1	6.4445742E+1	5.9773149E+1	0.0000000E+0	0.0000000E+0	1.0000000E+2	0.0000000E+0
7.8582000E+1	6.4487809E+1	5.9760182E+1	0.0000000E+0	0.0000000E+0	1.0000000E+2	0.0000000E+0
7.8632000E+1	6.4552012E+1	5.9775554E+1	0.0000000E+0	0.0000000E+0	1.0000000E+2	0.0000000E+0
7.8682000E+1	6.4603321E+1	5.9780002E+1	0.0000000E+0	0.0000000E+0	1.0000000E+2	0.0000000E+0
7.8733000E+1	6.4653396E+1	5.9779087E+1	0.0000000E+0	0.0000000E+0	1.0000000E+2	0.0000000E+0
7.8784000E+1	6.4694367E+1	5.9765887E+1	0.0000000E+0	0.0000000E+0	1.0000000E+2	0.0000000E+0
7.8834000E+1	6.4739991E+1	5.9765382E+1	0.0000000E+0	0.0000000E+0	1.0000000E+2	0.0000000E+0
7.8884000E+1	6.4589425E+1	5.9850841E+1	0.0000000E+0	0.0000000E+0	1.0000000E+2	0.0000000E+0
7.8935000E+1	6.3352198E+1	5.9789896E+1	0.0000000E+0	0.0000000E+0	1.0000000E+2	0.0000000E+0
7.8985000E+1	6.3353304E+1	5.9757625E+1	0.0000000E+0	0.0000000E+0	1.0000000E+2	0.0000000E+0
7.9035000E+1	6.3408128E+1	5.9786769E+1	0.0000000E+0	0.0000000E+0	1.0000000E+2	0.0000000E+0
7.9086000E+1	6.3438108E+1	5.9772002E+1	0.0000000E+0	0.0000000E+0	1.0000000E+2	0.0000000E+0
7.9136000E+1	6.3480853E+1	5.9767026E+1	0.0000000E+0	0.0000000E+0	1.0000000E+2	0.0000000E+0
7.9186000E+1	6.3540607E+1	5.9781674E+1	0.0000000E+0	0.0000000E+0	1.0000000E+2	0.0000000E+0
7.9236000E+1	6.3585491E+1	5.9774138E+1	0.0000000E+0	0.0000000E+0	1.0000000E+2	0.0000000E+0
7.9286000E+1	6.3634254E+1	5.9782096E+1	0.0000000E+0	0.0000000E+0	1.0000000E+2	0.0000000E+0
7.9336000E+1	6.3638124E+1	5.9770203E+1	0.0000000E+0	0.0000000E+0	1.0000000E+2	0.0000000E+0
7.9387000E+1	6.3667979E+1	5.9775359E+1	0.0000000E+0	0.0000000E+0	1.0000000E+2	0.0000000E+0
7.9438000E+1	6.3709884E+1	5.9769223E+1	0.0000000E+0	0.0000000E+0	1.0000000E+2	0.0000000E+0
7.9488000E+1	6.3783726E+1	5.9762992E+1	0.0000000E+0	0.0000000E+0	1.0000000E+2	0.0000000E+0
7.9538000E+1	6.3823299E+1	5.9774662E+1	0.0000000E+0	0.0000000E+0	1.0000000E+2	0.0000000E+0
7.9588000E+1	6.3850902E+1	5.9764791E+1	0.0000000E+0	0.0000000E+0	1.0000000E+2	0.0000000E+0
7.9638000E+1	6.3904312E+1	5.9774377E+1	0.0000000E+0	0.0000000E+0	1.0000000E+2	0.0000000E+0
7.9688000E+1	6.3955315E+1	5.9768578E+1	0.0000000E+0	0.0000000E+0	1.0000000E+2	0.0000000E+0
7.9738000E+1	6.4008585E+1	5.9776142E+1	0.0000000E+0	0.0000000E+0	1.0000000E+2	0.0000000E+0
7.9788000E+1	6.4036317E+1	5.9774181E+1	0.0000000E+0	0.0000000E+0	1.0000000E+2	0.0000000E+0
7.9838000E+1	6.4078710E+1	5.9774434E+1	0.0000000E+0	0.0000000E+0	1.0000000E+2	0.0000000E+0
7.9889000E+1	6.4119658E+1	5.9766449E+1	0.0000000E+0	0.0000000E+0	1.0000000E+2	0.0000000E+0
7.9940000E+1	6.4166084E+1	5.9780764E+1	0.0000000E+0	0.0000000E+0	1.0000000E+2	0.0000000E+0
7.9990000E+1	6.4203151E+1	5.9764413E+1	0.0000000E+0	0.0000000E+0	1.0000000E+2	0.0000000E+0
8.0041000E+1	6.3563648E+1	5.9837310E+1	0.0000000E+0	0.0000000E+0	1.0000000E+2	0.0000000E+0
8.0091000E+1	6.3522927E+1	5.9771920E+1	0.0000000E+0	0.0000000E+0	1.0000000E+2	0.0000000E+0
8.0141000E+1	6.3541785E+1	5.9772669E+1	0.0000000E+0	0.0000000E+0	1.0000000E+2	0.0000000E+0
8.0192000E+1	6.3571503E+1	5.9783162E+1	0.0000000E+0	0.0000000E+0	1.0000000E+2	0.0000000E+0
8.0243000E+1	6.3626156E+1	5.9777144E+1	0.0000000E+0	0.0000000E+0	1.0000000E+2	0.0000000E+0
8.0294000E+1	6.3661665E+1	5.9789994E+1	0.0000000E+0	0.0000000E+0	1.0000000E+2	0.0000000E+0
8.0345000E+1	6.3711799E+1	5.9782965E+1	0.0000000E+0	0.0000000E+0	1.0000000E+2	0.0000000E+0
8.0395000E+1	6.3751066E+1	5.9778097E+1	0.0000000E+0	0.0000000E+0	1.0000000E+2	0.0000000E+0
8.0445000E+1	6.3799888E+1	5.9778600E+1	0.0000000E+0	0.0000000E+0	1.0000000E+2	0.0000000E+0
8.0496000E+1	6.3861069E+1	5.9788813E+1	0.0000000E+0	0.0000000E+0	1.0000000E+2	0.0000000E+0
8.0546000E+1	6.3894293E+1	5.9768558E+1	0.0000000E+0	0.0000000E+0	1.0000000E+2	0.0000000E+0
8.0596000E+1	6.3938458E+1	5.9771462E+1	0.0000000E+0	0.0000000E+0	1.0000000E+2	0.0000000E+0
8.0646000E+1	6.3974737E+1	5.9764942E+1	0.0000000E+0	0.0000000E+0	1.0000000E+2	0.0000000E+0
8.0697000E+1	6.4048961E+1	5.9780672E+1	0.0000000E+0	0.0000000E+0	1.0000000E+2	0.0000000E+0
8.0748000E+1	6.4083935E+1	5.9771599E+1	0.0000000E+0	0.0000000E+0	1.0000000E+2	0.0000000E+0
8.0798000E+1	6.4119799E+1	5.9768064E+1	0.0000000E+0	0.0000000E+0	1.0000000E+2	0.0000000E+0
8.0849000E+1	6.4160671E+1	5.9776472E+1	0.0000000E+0	0.0000000E+0	1.0000000E+2	0.0000000E+0
8.0900000E+1	6.4173672E+1	5.9761620E+1	0.0000000E+0	0.0000000E+0	1.0000000E+2	0.0000000E+0
8.0950000E+1	6.4220739E+1	5.9772878E+1	0.0000000E+0	0.0000000E+0	1.0000000E+2	0.0000000E+0
8.1000000E+1	6.4274501E+1	5.9767312E+1	0.0000000E+0	0.0000000E+0	1.0000000E+2	0.0000000E+0
8.1050000E+1	6.4325172E+1	5.9769077E+1	0.0000000E+0	0.0000000E+0	1.0000000E+2	0.0000000E+0
8.1101000E+1	6.3216658E+1	5.9870617E+1	0.0000000E+0	0.0000000E+0	1.0000000E+2	0.0000000E+0
8.1151000E+1	6.2954888E+1	5.9735691E+1	0.0000000E+0	0.0000000E+0	1.0000000E+2	0.0000000E+0
8.1201000E+1	6.3013603E+1	5.9754533E+1	0.0000000E+0	0.0000000E+0	1.0000000E+2	0.0000000E+0
8.1251000E+1	6.3035867E+1	5.9755054E+1	0.0000000E+0	0.0000000E+0	1.0000000E+2	0.0000000E+0
8.1302000E+1	6.3076924E+1	5.9759223E+1	0.0000000E+0	0.0000000E+0	1.0000000E+2	0.0000000E+0
8.1352000E+1	6.3115771E+1	5.9749201E+1	0.0000000E+0	0.0000000E+0	1.0000000E+2	0.0000000E+0
8.1402000E+1	6.3147672E+1	5.9744888E+1	0.0000000E+0	0.0000000E+0	1.0000000E+2	0.0000000E+0
8.1452000E+1	6.3195125E+1	5.9752439E+1	0.0000000E+0	0.0000000E+0	1.0000000E+2	0.0000000E+0
8.1502000E+1	6.3257462E+1	5.9765848E+1	0.0000000E+0	0.0000000E+0	1.0000000E+2	0.0000000E+0
8.1552000E+1	6.3307569E+1	5.9760846E+1	0.0000000E+0	0.0000000E+0	1.0000000E+2	0.0000000E+0
8.1602000E+1	6.3352236E+1	5.9750153E+1	0.0000000E+0	0.0000000E+0	1.0000000E+2	0.0000000E+0
8.1652000E+1	6.3391453E+1	5.9757684E+1	0.0000000E+0	0.0000000E+0	1.0000000E+2	0.0000000E+0
8.1702000E+1	6.3432430E+1	5.9760902E+1	0.0000000E+0	0.0000000E+0	1.0000000E+2	0.0000000E+0
8.1752000E+1	6.3468515E+1	5.9766645E+1	0.0000000E+0	0.0000000E+0	1.0000000E+2	0.0000000E+0
8.1802000E+1	6.3522589E+1	5.9773737E+1	0.0000000E+0	0.0000000E+0	1.0000000E+2	0.0000000E+0
8.1852000E+1	6.3553874E+1	5.9756777E+1	0.0000000E+0	0.0000000E+0	1.0000000E+2	0.0000000E+0
8.1902000E+1	6.3600017E+1	5.9764191E+1	0.0000000E+0	0.0000000E+0	1.0000000E+2	0.0000000E+0
8.1953000E+1	6.3643586E+1	5.9769497E+1	0.0000000E+0	0.0000000E+0	1.0000000E+2	0.0000000E+0
8.2003000E+1	6.3674794E+1	5.9776321E+1	0.0000000E+0	0.0000000E+0	1.0000000E+2	0.0000000E+0
8.2053000E+1	6.3730518E+1	5.9781307E+1	0.0000000E+0	0.0000000E+0	1.0000000E+2	0.0000000E+0
8.2103000E+1	6.3767295E+1	5.9772400E+1	0.0000000E+0	0.0000000E+0	1.0000000E+2	0.0000000E+0
8.2153000E+1	6.3818882E+1	5.9786280E+1	0.0000000E+0	0.0000000E+0	1.0000000E+2	0.0000000E+0
8.2203000E+1	6.3855034E+1	5.9781286E+1	0.0000000E+0	0.0000000E+0	1.0000000E+2	0.0000000E+0
8.2253000E+1	6.3867424E+1	5.9791566E+1	0.0000000E+0	0.0000000E+0	1.0000000E+2	0.0000000E+0
8.2303000E+1	6.3894502E+1	5.9786839E+1	0.0000000E+0	0.0000000E+0	1.0000000E+2	0.0000000E+0
8.2353000E+1	6.3933571E+1	5.9772010E+1	0.0000000E+0	0.0000000E+0	1.0000000E+2	0.0000000E+0
8.2404000E+1	6.3985926E+1	5.9770609E+1	0.0000000E+0	0.0000000E+0	1.0000000E+2	0.0000000E+0
8.2455000E+1	6.4034900E+1	5.9778269E+1	0.0000000E+0	0.0000000E+0	1.0000000E+2	0.0000000E+0
8.2505000E+1	6.4081427E+1	5.9780768E+1	0.0000000E+0	0.0000000E+0	1.0000000E+2	0.0000000E+0
8.2555000E+1	6.4132624E+1	5.9788275E+1	0.0000000E+0	0.0000000E+0	1.0000000E+2	0.0000000E+0
8.2605000E+1	6.4182362E+1	5.9791986E+1	0.0000000E+0	0.0000000E+0	1.0000000E+2	0.0000000E+0
8.2655000E+1	6.4229754E+1	5.9786492E+1	0.0000000E+0	0.0000000E+0	1.0000000E+2	0.0000000E+0
8.2706000E+1	6.3463386E+1	5.9900314E+1	0.0000000E+0	0.0000000E+0	1.0000000E+2	0.0000000E+0
8.2757000E+1	6.2841645E+1	5.9760909E+1	0.0000000E+0	0.0000000E+0	1.0000000E+2	0.0000000E+0
8.2807000E+1	6.2910140E+1	5.9764402E+1	0.0000000E+0	0.0000000E+0	1.0000000E+2	0.0000000E+0
8.2858000E+1	6.2958617E+1	5.9778514E+1	0.0000000E+0	0.0000000E+0	1.0000000E+2	0.0000000E+0
8.2908000E+1	6.3016695E+1	5.9785156E+1	0.0000000E+0	0.0000000E+0	1.0000000E+2	0.0000000E+0
8.2958000E+1	6.3064818E+1	5.9782772E+1	0.0000000E+0	0.0000000E+0	1.0000000E+2	0.0000000E+0
8.3008000E+1	6.3126839E+1	5.9794710E+1	0.0000000E+0	0.0000000E+0	1.0000000E+2	0.0000000E+0
8.3059000E+1	6.3157810E+1	5.9792823E+1	0.0000000E+0	0.0000000E+0	1.0000000E+2	0.0000000E+0
8.3109000E+1	6.3176161E+1	5.9785776E+1	0.0000000E+0	0.0000000E+0	1.0000000E+2	0.0000000E+0
8.3159000E+1	6.3173961E+1	5.9787637E+1	0.0000000E+0	0.0000000E+0	1.0000000E+2	0.0000000E+0
8.3209000E+1	6.3231847E+1	5.9781035E+1	0.0000000E+0	0.0000000E+0	1.0000000E+2	0.0000000E+0
8.3259000E+1	6.3270465E+1	5.9776043E+1	0.0000000E+0	0.0000000E+0	1.0000000E+2	0.0000000E+0
8.3309000E+1	6.3310496E+1	5.9771246E+1	0.0000000E+0	0.0000000E+0	1.0000000E+2	0.0000000E+0
8.3359000E+1	6.3371759E+1	5.9778029E+1	0.0000000E+0	0.0000000E+0	1.0000000E+2	0.0000000E+0
8.3409000E+1	6.3402298E+1	5.9775609E+1	0.0000000E+0	0.0000000E+0	1.0000000E+2	0.0000000E+0
8.3459000E+1	6.3462582E+1	5.9770987E+1	0.0000000E+0	0.0000000E+0	1.0000000E+2	0.0000000E+0
8.3509000E+1	6.3496470E+1	5.9768485E+1	0.0000000E+0	0.0000000E+0	1.0000000E+2	0.0000000E+0
8.3560000E+1	6.3535727E+1	5.9770802E+1	0.0000000E+0	0.0000000E+0	1.0000000E+2	0.0000000E+0
8.3611000E+1	6.3578903E+1	5.9767650E+1	0.0000000E+0	0.0000000E+0	1.0000000E+2	0.0000000E+0
8.3661000E+1	6.3638990E+1	5.9778579E+1	0.0000000E+0	0.0000000E+0	1.0000000E+2	0.0000000E+0
8.3711000E+1	6.3678131E+1	5.9768623E+1	0.0000000E+0	0.0000000E+0	1.0000000E+2	0.0000000E+0
8.3762000E+1	6.3726128E+1	5.9775966E+1	0.0000000E+0	0.0000000E+0	1.0000000E+2	0.0000000E+0
8.3812000E+1	6.3768787E+1	5.9778237E+1	0.0000000E+0	0.0000000E+0	1.0000000E+2	0.0000000E+0
8.3862000E+1	6.3824214E+1	5.9768028E+1	0.0000000E+0	0.0000000E+0	1.0000000E+2	0.0000000E+0
8.3912000E+1	6.3851894E+1	5.9763195E+1	0.0000000E+0	0.0000000E+0	1.0000000E+2	0.0000000E+0
8.3962000E+1	6.3893133E+1	5.9763932E+1	0.0000000E+0	0.0000000E+0	1.0000000E+2	0.0000000E+0
8.4013000E+1	6.3945686E+1	5.9772894E+1	0.0000000E+0	0.0000000E+0	1.0000000E+2	0.0000000E+0
8.4063000E+1	6.3971039E+1	5.9756134E+1	0.0000000E+0	0.0000000E+0	1.0000000E+2	0.0000000E+0
8.4113000E+1	6.4024522E+1	5.9778736E+1	0.0000000E+0	0.0000000E+0	1.0000000E+2	0.0000000E+0
8.4163000E+1	6.4042020E+1	5.9768191E+1	0.0000000E+0	0.0000000E+0	1.0000000E+2	0.0000000E+0
8.4214000E+1	6.3416841E+1	5.9839798E+1	0.0000000E+0	0.0000000E+0	1.0000000E+2	0.0000000E+0
8.4265000E+1	6.2708108E+1	5.9747044E+1	0.0000000E+0	0.0000000E+0	1.0000000E+2	0.0000000E+0
8.4315000E+1	6.2773842E+1	5.9761997E+1	0.0000000E+0	0.0000000E+0	1.0000000E+2	0.0000000E+0
8.4365000E+1	6.2802936E+1	5.9763397E+1	0.0000000E+0	0.0000000E+0	1.0000000E+2	0.0000000E+0
8.4415000E+1	6.2834598E+1	5.9762629E+1	0.0000000E+0	0.0000000E+0	1.0000000E+2	0.0000000E+0
8.4465000E+1	6.2881097E+1	5.9767498E+1	0.0000000E+0	0.0000000E+0	1.0000000E+2	0.0000000E+0
8.4515000E+1	6.2926161E+1	5.9760291E+1	0.0000000E+0	0.0000000E+0	1.0000000E+2	0.0000000E+0
8.4565000E+1	6.2973722E+1	5.9767484E+1	0.0000000E+0	0.0000000E+0	1.0000000E+2	0.0000000E+0
8.4615000E+1	6.3016018E+1	5.9770614E+1	0.0000000E+0	0.0000000E+0	1.0000000E+2	0.0000000E+0
8.4665000E+1	6.3042945E+1	5.9767739E+1	0.0000000E+0	0.0000000E+0	1.0000000E+2	0.0000000E+0
8.4715000E+1	6.3077627E+1	5.9762133E+1	0.0000000E+0	0.0000000E+0	1.0000000E+2	0.0000000E+0
8.4765000E+1	6.3128180E+1	5.9779151E+1	0.0000000E+0	0.0000000E+0	1.0000000E+2	0.0000000E+0
8.4815000E+1	6.3167759E+1	5.9772782E+1	0.0000000E+0	0.0000000E+0	1.0000000E+2	0.0000000E+0
8.4865000E+1	6.3239749E+1	5.9793111E+1	0.0000000E+0	0.0000000E+0	1.0000000E+2	0.0000000E+0
8.4915000E+1	6.3290643E+1	5.9798495E+1	0.0000000E+0	0.0000000E+0	1.0000000E+2	0.0000000E+0
8.4965000E+1	6.3313668E+1	5.9782403E+1	0.0000000E+0	0.0000000E+0	1.0000000E+2	0.0000000E+0
8.5016000E+1	6.3347689E+1	5.9793200E+1	0.0000000E+0	0.0000000E+0	1.0000000E+2	0.0000000E+0
8.5066000E+1	6.3392736E+1	5.9801986E+1	0.0000000E+0	0.0000000E+0	1.0000000E+2	0.0000000E+0
8.5116000E+1	6.3419772E+1	5.9786258E+1	0.0000000E+0	0.0000000E+0	1.0000000E+2	0.0000000E+0
8.5166000E+1	6.3431757E+1	5.9793970E+1	0.0000000E+0	0.0000000E+0	1.0000000E+2	0.0000000E+0
8.5216000E+1	6.3437632E+1	5.9788824E+1	0.0000000E+0	0.0000000E+0	1.0000000E+2	0.0000000E+0
8.5267000E+1	6.3470351E+1	5.9792834E+1	0.0000000E+0	0.0000000E+0	1.0000000E+2	0.0000000E+0
8.5318000E+1	6.3503389E+1	5.9790452E+1	0.0000000E+0	0.0000000E+0	1.0000000E+2	0.0000000E+0
8.5368000E+1	6.3194253E+1	5.9837477E+1	0.0000000E+0	0.0000000E+0	1.0000000E+2	0.0000000E+0
8.5419000E+1	6.2707973E+1	5.9777482E+1	0.0000000E+0	0.0000000E+0	1.0000000E+2	0.0000000E+0
8.5469000E+1	6.2748012E+1	5.9803923E+1	0.0000000E+0	0.0000000E+0	1.0000000E+2	0.0000000E+0
8.5520000E+1	6.2773934E+1	5.9786973E+1	0.0000000E+0	0.0000000E+0	1.0000000E+2	0.0000000E+0
8.5571000E+1	6.2828262E+1	5.9800948E+1	0.0000000E+0	0.0000000E+0	1.0000000E+2	0.0000000E+0
8.5621000E+1	6.2872581E+1	5.9800961E+1	0.0000000E+0	0.0000000E+0	1.0000000E+2	0.0000000E+0
8.5671000E+1	6.2906368E+1	5.9799454E+1	0.0000000E+0	0.0000000E+0	1.0000000E+2	0.0000000E+0
8.5722000E+1	6.2953322E+1	5.9808568E+1	0.0000000E+0	0.0000000E+0	1.0000000E+2	0.0000000E+0
8.5772000E+1	6.2972120E+1	5.9794710E+1	0.0000000E+0	0.0000000E+0	1.0000000E+2	0.0000000E+0
8.5822000E+1	6.3012067E+1	5.9797589E+1	0.0000000E+0	0.0000000E+0	1.0000000E+2	0.0000000E+0
8.5872000E+1	6.3055802E+1	5.9794714E+1	0.0000000E+0	0.0000000E+0	1.0000000E+2	0.0000000E+0
8.5922000E+1	6.3083428E+1	5.9794973E+1	0.0000000E+0	0.0000000E+0	1.0000000E+2	0.0000000E+0
8.5972000E+1	6.3100608E+1	5.9802188E+1	0.0000000E+0	0.0000000E+0	1.0000000E+2	0.0000000E+0
8.6022000E+1	6.3127029E+1	5.9797455E+1	0.0000000E+0	0.0000000E+0	1.0000000E+2	0.0000000E+0
8.6072000E+1	6.3185214E+1	5.9795781E+1	0.0000000E+0	0.0000000E+0	1.0000000E+2	0.0000000E+0
8.6122000E+1	6.3220879E+1	5.9795426E+1	0.0000000E+0	0.0000000E+0	1.0000000E+2	0.0000000E+0
8.6172000E+1	6.3279528E+1	5.9798234E+1	0.0000000E+0	0.0000000E+0	1.0000000E+2	0.0000000E+0
8.6222000E+1	6.3312073E+1	5.9784283E+1	0.0000000E+0	0.0000000E+0	1.0000000E+2	0.0000000E+0
8.6272000E+1	6.3367566E+1	5.9794558E+1	0.0000000E+0	0.0000000E+0	1.0000000E+2	0.0000000E+0
8.6322000E+1	6.3408068E+1	5.9794365E+1	0.0000000E+0	0.0000000E+0	1.0000000E+2	0.0000000E+0
8.6373000E+1	6.3439329E+1	5.9784542E+1	0.0000000E+0	0.0000000E+0	1.0000000E+2	0.0000000E+0
8.6423000E+1	6.3462565E+1	5.9785748E+1	0.0000000E+0	0.0000000E+0	1.0000000E+2	0.0000000E+0
8.6473000E+1	6.3486590E+1	5.9775941E+1	0.0000000E+0	0.0000000E+0	1.0000000E+2	0.0000000E+0
8.6523000E+1	6.3515340E+1	5.9757590E+1	0.0000000E+0	0.0000000E+0	1.0000000E+2	0.0000000E+0
8.6573000E+1	6.3555515E+1	5.9762248E+1	0.0000000E+0	0.0000000E+0	1.0000000E+2	0.0000000E+0
8.6624000E+1	6.3586346E+1	5.9751214E+1	0.0000000E+0	0.0000000E+0	1.0000000E+2	0.0000000E+0
8.6675000E+1	6.3633415E+1	5.9758185E+1	0.0000000E+0	0.0000000E+0	1.0000000E+2	0.0000000E+0
8.6726000E+1	6.3658288E+1	5.9759112E+1	0.0000000E+0	0.0000000E+0	1.0000000E+2	0.0000000E+0
8.6776000E+1	6.3658256E+1	5.9727511E+1	0.0000000E+0	0.0000000E+0	1.0000000E+2	0.0000000E+0
8.6826000E+1	6.3701452E+1	5.9703015E+1	0.0000000E+0	0.0000000E+0	1.0000000E+2	0.0000000E+0
8.6876000E+1	6.3748897E+1	5.9704192E+1	0.0000000E+0	0.0000000E+0	1.0000000E+2	0.0000000E+0
8.6927000E+1	6.3796219E+1	5.9691552E+1	0.0000000E+0	0.0000000E+0	1.0000000E+2	0.0000000E+0
8.6977000E+1	6.3862452E+1	5.9670822E+1	0.0000000E+0	0.0000000E+0	1.0000000E+2	0.0000000E+0
8.7027000E+1	6.3927603E+1	5.9680723E+1	0.0000000E+0	0.0000000E+0	1.0000000E+2	0.0000000E+0
8.7077000E+1	6.3976028E+1	5.9663146E+1	0.0000000E+0	0.0000000E+0	1.0000000E+2	0.0000000E+0
8.7128000E+1	6.4047451E+1	5.9673995E+1	0.0000000E+0	0.0000000E+0	1.0000000E+2	0.0000000E+0
8.7178000E+1	6.4086869E+1	5.9662885E+1	0.0000000E+0	0.0000000E+0	1.0000000E+2	0.0000000E+0
8.7228000E+1	6.4125908E+1	5.9662115E+1	0.0000000E+0	0.0000000E+0	1.0000000E+2	0.0000000E+0
8.7278000E+1	6.4172688E+1	5.9665929E+1	0.0000000E+0	0.0000000E+0	1.0000000E+2	0.0000000E+0
8.7329000E+1	6.4217960E+1	5.9653329E+1	0.0000000E+0	0.0000000E+0	1.0000000E+2	0.0000000E+0
8.7379000E+1	6.4283782E+1	5.9658580E+1	0.0000000E+0	0.0000000E+0	1.0000000E+2	0.0000000E+0
8.7429000E+1	6.4337975E+1	5.9661273E+1	0.0000000E+0	0.0000000E+0	1.0000000E+2	0.0000000E+0
8.7479000E+1	6.4375192E+1	5.9674331E+1	0.0000000E+0	0.0000000E+0	1.0000000E+2	0.0000000E+0
8.7529000E+1	6.4399931E+1	5.9663854E+1	0.0000000E+0	0.0000000E+0	1.0000000E+2	0.0000000E+0
8.7579000E+1	6.4457045E+1	5.9654861E+1	0.0000000E+0	0.0000000E+0	1.0000000E+2	0.0000000E+0
8.7629000E+1	6.4507873E+1	5.9663708E+1	0.0000000E+0	0.0000000E+0	1.0000000E+2	0.0000000E+0
8.7680000E+1	6.4547653E+1	5.9661481E+1	0.0000000E+0	0.0000000E+0	1.0000000E+2	0.0000000E+0
8.7730000E+1	6.4611237E+1	5.9662213E+1	0.0000000E+0	0.0000000E+0	1.0000000E+2	0.0000000E+0
8.7780000E+1	6.4665484E+1	5.9661754E+1	0.0000000E+0	0.0000000E+0	1.0000000E+2	0.0000000E+0
8.7830000E+1	6.4708747E+1	5.9646843E+1	0.0000000E+0	0.0000000E+0	1.0000000E+2	0.0000000E+0
8.7880000E+1	6.4775725E+1	5.9653806E+1	0.0000000E+0	0.0000000E+0	1.0000000E+2	0.0000000E+0
8.7930000E+1	6.4828529E+1	5.9650337E+1	0.0000000E+0	0.0000000E+0	1.0000000E+2	0.0000000E+0
8.7980000E+1	6.4882060E+1	5.9657758E+1	0.0000000E+0	0.0000000E+0	1.0000000E+2	0.0000000E+0
8.8030000E+1	6.4946168E+1	5.9658362E+1	0.0000000E+0	0.0000000E+0	1.0000000E+2	0.0000000E+0
8.8080000E+1	6.5016169E+1	5.9659531E+1	0.0000000E+0	0.0000000E+0	1.0000000E+2	0.0000000E+0
8.8131000E+1	6.5084460E+1	5.9680070E+1	0.0000000E+0	0.0000000E+0	1.0000000E+2	0.0000000E+0
8.8181000E+1	6.5141042E+1	5.9666713E+1	0.0000000E+0	0.0000000E+0	1.0000000E+2	0.0000000E+0
8.8231000E+1	6.4213499E+1	5.9867626E+1	0.0000000E+0	0.0000000E+0	1.0000000E+2	0.0000000E+0
8.8281000E+1	6.2508875E+1	5.9580084E+1	0.0000000E+0	0.0000000E+0	1.0000000E+2	0.0000000E+0
8.8331000E+1	6.2613900E+1	5.9638709E+1	0.0000000E+0	0.0000000E+0	1.0000000E+2	0.0000000E+0
8.8381000E+1	6.2679431E+1	5.9660245E+1	0.0000000E+0	0.0000000E+0	1.0000000E+2	0.0000000E+0
8.8431000E+1	6.2740485E+1	5.9671455E+1	0.0000000E+0	0.0000000E+0	1.0000000E+2	0.0000000E+0
8.8481000E+1	6.2818447E+1	5.9684651E+1	0.0000000E+0	0.0000000E+0	1.0000000E+2	0.0000000E+0
8.8531000E+1	6.2891090E+1	5.9689187E+1	0.0000000E+0	0.0000000E+0	1.0000000E+2	0.0000000E+0
8.8581000E+1	6.2930668E+1	5.9686646E+1	0.0000000E+0	0.0000000E+0	1.0000000E+2	0.0000000E+0
8.8631000E+1	6.2992999E+1	5.9681706E+1	0.0000000E+0	0.0000000E+0	1.0000000E+2	0.0000000E+0
8.8681000E+1	6.3063541E+1	5.9685062E+1	0.0000000E+0	0.0000000E+0	1.0000000E+2	0.0000000E+0
8.8731000E+1	6.3099867E+1	5.9690591E+1	0.0000000E+0	0.0000000E+0	1.0000000E+2	0.0000000E+0
8.8781000E+1	6.3167948E+1	5.9697284E+1	0.0000000E+0	0.0000000E+0	1.0000000E+2	0.0000000E+0
8.8831000E+1	6.3236910E+1	5.9703345E+1	0.0000000E+0	0.0000000E+0	1.0000000E+2	0.0000000E+0
8.8881000E+1	6.3310504E+1	5.9709456E+1	0.0000000E+0	0.0000000E+0	1.0000000E+2	0.0000000E+0
8.8931000E+1	6.3365981E+1	5.9713738E+1	0.0000000E+0	0.0000000E+0	1.0000000E+2	0.0000000E+0
8.8981000E+1	6.3432546E+1	5.9722306E+1	0.0000000E+0	0.0000000E+0	1.0000000E+2	0.0000000E+0
8.9031000E+1	6.3499213E+1	5.9724400E+1	0.0000000E+0	0.0000000E+0	1.0000000E+2	0.0000000E+0
8.9081000E+1	6.3551443E+1	5.9721411E+1	0.0000000E+0	0.0000000E+0	1.0000000E+2	0.0000000E+0
8.9132000E+1	6.3618243E+1	5.9724868E+1	0.0000000E+0	0.0000000E+0	1.0000000E+2	0.0000000E+0
8.9182000E+1	6.3681079E+1	5.9721342E+1	0.0000000E+0	0.0000000E+0	1.0000000E+2	0.0000000E+0
8.9232000E+1	6.3747479E+1	5.9730775E+1	0.0000000E+0	0.0000000E+0	1.0000000E+2	0.0000000E+0
8.9282000E+1	6.3800037E+1	5.9736739E+1	0.0000000E+0	0.0000000E+0	1.0000000E+2	0.0000000E+0
8.9333000E+1	6.3821873E+1	5.9730790E+1	0.0000000E+0	0.0000000E+0	1.0000000E+2	0.0000000E+0
8.9383000E+1	6.3870255E+1	5.9731422E+1	0.0000000E+0	0.0000000E+0	1.0000000E+2	0.0000000E+0
8.9433000E+1	6.3929294E+1	5.9722053E+1	0.0000000E+0	0.0000000E+0	1.0000000E+2	0.0000000E+0
8.9483000E+1	6.3984659E+1	5.9735885E+1	0.0000000E+0	0.0000000E+0	1.0000000E+2	0.0000000E+0
8.9533000E+1	6.4064836E+1	5.9738989E+1	0.0000000E+0	0.0000000E+0	1.0000000E+2	0.0000000E+0
8.9583000E+1	6.4132704E+1	5.9742971E+1	0.0000000E+0	0.0000000E+0	1.0000000E+2	0.0000000E+0
8.9633000E+1	6.4175969E+1	5.9726463E+1	0.0000000E+0	0.0000000E+0	1.0000000E+2	0.0000000E+0
8.9683000E+1	6.4225092E+1	5.9729738E+1	0.0000000E+0	0.0000000E+0	1.0000000E+2	0.0000000E+0
8.9733000E+1	6.4286281E+1	5.9726438E+1	0.0000000E+0	0.0000000E+0	1.0000000E+2	0.0000000E+0
8.9783000E+1	6.4331085E+1	5.9742700E+1	0.0000000E+0	0.0000000E+0	1.0000000E+2	0.0000000E+0
8.9833000E+1	6.4355339E+1	5.9733864E+1	0.0000000E+0	0.0000000E+0	1.0000000E+2	0.0000000E+0
8.9884000E+1	6.4409058E+1	5.9735430E+1	0.0000000E+0	0.0000000E+0	1.0000000E+2	0.0000000E+0
8.9935000E+1	6.4458763E+1	5.9743634E+1	0.0000000E+0	0.0000000E+0	1.0000000E+2	0.0000000E+0
8.9986000E+1	6.4503013E+1	5.9753459E+1	0.0000000E+0	0.0000000E+0	1.0000000E+2	0.0000000E+0
9.0037000E+1	6.4542408E+1	5.9744563E+1	0.0000000E+0	0.0000000E+0	1.0000000E+2	0.0000000E+0
9.0087000E+1	6.4583096E+1	5.9745772E+1	0.0000000E+0	0.0000000E+0	1.0000000E+2	0.0000000E+0
9.0137000E+1	6.4590923E+1	5.9739174E+1	0.0000000E+0	0.0000000E+0	1.0000000E+2	0.0000000E+0
9.0187000E+1	6.4615584E+1	5.9744080E+1	0.0000000E+0	0.0000000E+0	1.0000000E+2	0.0000000E+0
9.0238000E+1	6.4673581E+1	5.9749854E+1	0.0000000E+0	0.0000000E+0	1.0000000E+2	0.0000000E+0
9.0289000E+1	6.4694220E+1	5.9736689E+1	0.0000000E+0	0.0000000E+0	1.0000000E+2	0.0000000E+0
9.0339000E+1	6.4758786E+1	5.9764051E+1	0.0000000E+0	0.0000000E+0	1.0000000E+2	0.0000000E+0
9.0389000E+1	6.4801132E+1	5.9752940E+1	0.0000000E+0	0.0000000E+0	1.0000000E+2	0.0000000E+0
9.0439000E+1	6.4858493E+1	5.9748209E+1	0.0000000E+0	0.0000000E+0	1.0000000E+2	0.0000000E+0
9.0489000E+1	6.3942051E+1	5.9907118E+1	0.0000000E+0	0.0000000E+0	1.0000000E+2	0.0000000E+0
9.0539000E+1	6.3030227E+1	5.9703356E+1	0.0000000E+0	0.0000000E+0	1.0000000E+2	0.0000000E+0
9.0589000E+1	6.3122043E+1	5.9741184E+1	0.0000000E+0	0.0000000E+0	1.0000000E+2	0.0000000E+0
9.0639000E+1	6.3165020E+1	5.9755380E+1	0.0000000E+0	0.0000000E+0	1.0000000E+2	0.0000000E+0
9.0689000E+1	6.3209599E+1	5.9753217E+1	0.0000000E+0	0.0000000E+0	1.0000000E+2	0.0000000E+0
9.0739000E+1	6.3216484E+1	5.9756387E+1	0.0000000E+0	0.0000000E+0	1.0000000E+2	0.0000000E+0
9.0789000E+1	6.3213172E+1	5.9748128E+1	0.0000000E+0	0.0000000E+0	1.0000000E+2	0.0000000E+0
9.0839000E+1	6.3236552E+1	5.9739423E+1	0.0000000E+0	0.0000000E+0	1.0000000E+2	0.0000000E+0
9.0889000E+1	6.3290646E+1	5.9761649E+1	0.0000000E+0	0.0000000E+0	1.0000000E+2	0.0000000E+0
9.0939000E+1	6.3339006E+1	5.9757414E+1	0.0000000E+0	0.0000000E+0	1.0000000E+2	0.0000000E+0
9.0989000E+1	6.3380279E+1	5.9764505E+1	0.0000000E+0	0.0000000E+0	1.0000000E+2	0.0000000E+0
9.1039000E+1	6.3439042E+1	5.9759562E+1	0.0000000E+0	0.0000000E+0	1.0000000E+2	0.0000000E+0
9.1090000E+1	6.3477597E+1	5.9748692E+1	0.0000000E+0	0.0000000E+0	1.0000000E+2	0.0000000E+0
9.1141000E+1	6.3507586E+1	5.9755085E+1	0.0000000E+0	0.0000000E+0	1.0000000E+2	0.0000000E+0
9.1191000E+1	6.3566549E+1	5.9747864E+1	0.0000000E+0	0.0000000E+0	1.0000000E+2	0.0000000E+0
9.1241000E+1	6.3616131E+1	5.9758359E+1	0.0000000E+0	0.0000000E+0	1.0000000E+2	0.0000000E+0
9.1291000E+1	6.3668004E+1	5.9769478E+1	0.0000000E+0	0.0000000E+0	1.0000000E+2	0.0000000E+0
9.1342000E+1	6.3733157E+1	5.9778626E+1	0.0000000E+0	0.0000000E+0	1.0000000E+2	0.0000000E+0
9.1392000E+1	6.3757674E+1	5.9774163E+1	0.0000000E+0	0.0000000E+0	1.0000000E+2	0.0000000E+0
9.1443000E+1	6.3792107E+1	5.9773054E+1	0.0000000E+0	0.0000000E+0	1.0000000E+2	0.0000000E+0
9.1493000E+1	6.3829253E+1	5.9766752E+1	0.0000000E+0	0.0000000E+0	1.0000000E+2	0.0000000E+0
9.1543000E+1	6.3872592E+1	5.9765493E+1	0.0000000E+0	0.0000000E+0	1.0000000E+2	0.0000000E+0
9.1593000E+1	6.3928791E+1	5.9776659E+1	0.0000000E+0	0.0000000E+0	1.0000000E+2	0.0000000E+0
9.1643000E+1	6.3978566E+1	5.9770396E+1	0.0000000E+0	0.0000000E+0	1.0000000E+2	0.0000000E+0
9.1693000E+1	6.4014775E+1	5.9779079E+1	0.0000000E+0	0.0000000E+0	1.0000000E+2	0.0000000E+0
9.1743000E+1	6.4049376E+1	5.9756101E+1	0.0000000E+0	0.0000000E+0	1.0000000E+2	0.0000000E+0
9.1793000E+1	6.4111955E+1	5.9745987E+1	0.0000000E+0	0.0000000E+0	1.0000000E+2	0.0000000E+0
9.1843000E+1	6.4169886E+1	5.9754167E+1	0.0000000E+0	0.0000000E+0	1.0000000E+2	0.0000000E+0
9.1893000E+1	6.4217708E+1	5.9746965E+1	0.0000000E+0	0.0000000E+0	1.0000000E+2	0.0000000E+0
9.1943000E+1	6.4279576E+1	5.9734553E+1	0.0000000E+0	0.0000000E+0	1.0000000E+2	0.0000000E+0
9.1993000E+1	6.4351273E+1	5.9752616E+1	0.0000000E+0	0.0000000E+0	1.0000000E+2	0.0000000E+0
9.2043000E+1	6.4425030E+1	5.9761785E+1	0.0000000E+0	0.0000000E+0	1.0000000E+2	0.0000000E+0
9.2093000E+1	6.4441702E+1	5.9756550E+1	0.0000000E+0	0.0000000E+0	1.0000000E+2	0.0000000E+0
9.2143000E+1	6.4513396E+1	5.9761614E+1	0.0000000E+0	0.0000000E+0	1.0000000E+2	0.0000000E+0
9.2193000E+1	6.4570721E+1	5.9761378E+1	0.0000000E+0	0.0000000E+0	1.0000000E+2	0.0000000E+0
9.2243000E+1	6.4618170E+1	5.9772044E+1	0.0000000E+0	0.0000000E+0	1.0000000E+2	0.0000000E+0
9.2293000E+1	6.4667284E+1	5.9771102E+1	0.0000000E+0	0.0000000E+0	1.0000000E+2	0.0000000E+0
9.2343000E+1	6.4699329E+1	5.9755552E+1	0.0000000E+0	0.0000000E+0	1.0000000E+2	0.0000000E+0
9.2395000E+1	6.4761411E+1	5.9766626E+1	0.0000000E+0	0.0000000E+0	1.0000000E+2	0.0000000E+0
9.2445000E+1	6.4809740E+1	5.9781059E+1	0.0000000E+0	0.0000000E+0	1.0000000E+2	0.0000000E+0
9.2495000E+1	6.3995044E+1	5.9898819E+1	0.0000000E+0	0.0000000E+0	1.0000000E+2	0.0000000E+0
9.2545000E+1	6.3395316E+1	5.9745830E+1	0.0000000E+0	0.0000000E+0	1.0000000E+2	0.0000000E+0
9.2597000E+1	6.3466087E+1	5.9774041E+1	0.0000000E+0	0.0000000E+0	1.0000000E+2	0.0000000E+0
9.2647000E+1	6.3502839E+1	5.9756732E+1	0.0000000E+0	0.0000000E+0	1.0000000E+2	0.0000000E+0
9.2697000E+1	6.3551903E+1	5.9759303E+1	0.0000000E+0	0.0000000E+0	1.0000000E+2	0.0000000E+0
9.2747000E+1	6.3613454E+1	5.9776854E+1	0.0000000E+0	0.0000000E+0	1.0000000E+2	0.0000000E+0
9.2798000E+1	6.3640672E+1	5.9791853E+1	0.0000000E+0	0.0000000E+0	1.0000000E+2	0.0000000E+0
9.2848000E+1	6.3666095E+1	5.9807323E+1	0.0000000E+0	0.0000000E+0	1.0000000E+2	0.0000000E+0
9.2898000E+1	6.3704897E+1	5.9813562E+1	0.0000000E+0	0.0000000E+0	1.0000000E+2	0.0000000E+0
9.2948000E+1	6.3737088E+1	5.9806691E+1	0.0000000E+0	0.0000000E+0	1.0000000E+2	0.0000000E+0
9.2998000E+1	6.3780753E+1	5.9813751E+1	0.0000000E+0	0.0000000E+0	1.0000000E+2	0.0000000E+0
9.3049000E+1	6.3790802E+1	5.9808782E+1	0.0000000E+0	0.0000000E+0	1.0000000E+2	0.0000000E+0
9.3099000E+1	6.3828826E+1	5.9811717E+1	0.0000000E+0	0.0000000E+0	1.0000000E+2	0.0000000E+0
9.3149000E+1	6.3881845E+1	5.9830998E+1	0.0000000E+0	0.0000000E+0	1.0000000E+2	0.0000000E+0
9.3199000E+1	6.3941211E+1	5.9827027E+1	0.0000000E+0	0.0000000E+0	1.0000000E+2	0.0000000E+0
9.3249000E+1	6.3963124E+1	5.9827600E+1	0.0000000E+0	0.0000000E+0	1.0000000E+2	0.0000000E+0
9.3301000E+1	6.4000140E+1	5.9830342E+1	0.0000000E+0	0.0000000E+0	1.0000000E+2	0.0000000E+0
9.3351000E+1	6.4030818E+1	5.9816564E+1	0.0000000E+0	0.0000000E+0	1.0000000E+2	0.0000000E+0
9.3401000E+1	6.4070848E+1	5.9815827E+1	0.0000000E+0	0.0000000E+0	1.0000000E+2	0.0000000E+0
9.3451000E+1	6.4101818E+1	5.9810167E+1	0.0000000E+0	0.0000000E+0	1.0000000E+2	0.0000000E+0
9.3501000E+1	6.4136580E+1	5.9832643E+1	0.0000000E+0	0.0000000E+0	1.0000000E+2	0.0000000E+0
9.3551000E+1	6.4132485E+1	5.9816915E+1	0.0000000E+0	0.0000000E+0	1.0000000E+2	0.0000000E+0
9.3601000E+1	6.4141386E+1	5.9827149E+1	0.0000000E+0	0.0000000E+0	1.0000000E+2	0.0000000E+0
9.3651000E+1	6.4169252E+1	5.9821606E+1	0.0000000E+0	0.0000000E+0	1.0000000E+2	0.0000000E+0
9.3702000E+1	6.4220835E+1	5.9828121E+1	0.0000000E+0	0.0000000E+0	1.0000000E+2	0.0000000E+0
9.3752000E+1	6.4227632E+1	5.9828856E+1	0.0000000E+0	0.0000000E+0	1.0000000E+2	0.0000000E+0
9.3802000E+1	6.4245777E+1	5.9838392E+1	0.0000000E+0	0.0000000E+0	1.0000000E+2	0.0000000E+0
9.3852000E+1	6.4283640E+1	5.9814338E+1	0.0000000E+0	0.0000000E+0	1.0000000E+2	0.0000000E+0
9.3902000E+1	6.4335574E+1	5.9825056E+1	0.0000000E+0	0.0000000E+0	1.0000000E+2	0.0000000E+0
9.3952000E+1	6.4349418E+1	5.9814082E+1	0.0000000E+0	0.0000000E+0	1.0000000E+2	0.0000000E+0
9.4002000E+1	6.4396107E+1	5.9799644E+1	0.0000000E+0	0.0000000E+0	1.0000000E+2	0.0000000E+0
9.4052000E+1	6.4439521E+1	5.9804145E+1	0.0000000E+0	0.0000000E+0	1.0000000E+2	0.0000000E+0
9.4102000E+1	6.4494504E+1	5.9795425E+1	0.0000000E+0	0.0000000E+0	1.0000000E+2	0.0000000E+0
9.4153000E+1	6.4518178E+1	5.9780464E+1	0.0000000E+0	0.0000000E+0	1.0000000E+2	0.0000000E+0
9.4203000E+1	6.4575620E+1	5.9800288E+1	0.0000000E+0	0.0000000E+0	1.0000000E+2	0.0000000E+0
9.4253000E+1	6.4637115E+1	5.9804693E+1	0.0000000E+0	0.0000000E+0	1.0000000E+2	0.0000000E+0
9.4303000E+1	6.4694910E+1	5.9814828E+1	0.0000000E+0	0.0000000E+0	1.0000000E+2	0.0000000E+0
9.4353000E+1	6.4737064E+1	5.9810040E+1	0.0000000E+0	0.0000000E+0	1.0000000E+2	0.0000000E+0
9.4403000E+1	6.4735131E+1	5.9788393E+1	0.0000000E+0	0.0000000E+0	1.0000000E+2	0.0000000E+0
9.4453000E+1	6.4774439E+1	5.9805185E+1	0.0000000E+0	0.0000000E+0	1.0000000E+2	0.0000000E+0
9.4504000E+1	6.4829164E+1	5.9789622E+1	0.0000000E+0	0.0000000E+0	1.0000000E+2	0.0000000E+0
9.4554000E+1	6.4623501E+1	5.9964170E+1	0.0000000E+0	0.0000000E+0	1.0000000E+2	0.0000000E+0
9.4605000E+1	6.2805185E+1	5.9786857E+1	0.0000000E+0	0.0000000E+0	1.0000000E+2	0.0000000E+0
9.4655000E+1	6.2827545E+1	5.9766599E+1	0.0000000E+0	0.0000000E+0	1.0000000E+2	0.0000000E+0
9.4705000E+1	6.2892230E+1	5.9781260E+1	0.0000000E+0	0.0000000E+0	1.0000000E+2	0.0000000E+0
9.4755000E+1	6.2932825E+1	5.9783774E+1	0.0000000E+0	0.0000000E+0	1.0000000E+2	0.0000000E+0
9.4805000E+1	6.2958345E+1	5.9768971E+1	0.0000000E+0	0.0000000E+0	1.0000000E+2	0.0000000E+0
9.4855000E+1	6.2994081E+1	5.9757042E+1	0.0000000E+0	0.0000000E+0	1.0000000E+2	0.0000000E+0
9.4905000E+1	6.3026848E+1	5.9765004E+1	0.0000000E+0	0.0000000E+0	1.0000000E+2	0.0000000E+0
9.4956000E+1	6.3068735E+1	5.9762984E+1	0.0000000E+0	0.0000000E+0	1.0000000E+2	0.0000000E+0
9.5006000E+1	6.3125535E+1	5.9775120E+1	0.0000000E+0	0.0000000E+0	1.0000000E+2	0.0000000E+0
9.5056000E+1	6.3170962E+1	5.9781755E+1	0.0000000E+0	0.0000000E+0	1.0000000E+2	0.0000000E+0
9.5106000E+1	6.3189225E+1	5.9776294E+1	0.0000000E+0	0.0000000E+0	1.0000000E+2	0.0000000E+0
9.5156000E+1	6.3229052E+1	5.9761023E+1	0.0000000E+0	0.0000000E+0	1.0000000E+2	0.0000000E+0
9.5206000E+1	6.3312862E+1	5.9777667E+1	0.0000000E+0	0.0000000E+0	1.0000000E+2	0.0000000E+0
9.5257000E+1	6.3371048E+1	5.9789481E+1	0.0000000E+0	0.0000000E+0	1.0000000E+2	0.0000000E+0
9.5307000E+1	6.3423439E+1	5.9775246E+1	0.0000000E+0	0.0000000E+0	1.0000000E+2	0.0000000E+0
9.5357000E+1	6.3455145E+1	5.9767203E+1	0.0000000E+0	0.0000000E+0	1.0000000E+2	0.0000000E+0
9.5407000E+1	6.3514600E+1	5.9773667E+1	0.0000000E+0	0.0000000E+0	1.0000000E+2	0.0000000E+0
9.5457000E+1	6.3575561E+1	5.9794399E+1	0.0000000E+0	0.0000000E+0	1.0000000E+2	0.0000000E+0
9.5508000E+1	6.3613099E+1	5.9783668E+1	0.0000000E+0	0.0000000E+0	1.0000000E+2	0.0000000E+0
9.5558000E+1	6.3650648E+1	5.9785013E+1	0.0000000E+0	0.0000000E+0	1.0000000E+2	0.0000000E+0
9.5608000E+1	6.3703064E+1	5.9778032E+1	0.0000000E+0	0.0000000E+0	1.0000000E+2	0.0000000E+0
9.5658000E+1	6.3744086E+1	5.9773089E+1	0.0000000E+0	0.0000000E+0	1.0000000E+2	0.0000000E+0
9.5708000E+1	6.3795371E+1	5.9784853E+1	0.0000000E+0	0.0000000E+0	1.0000000E+2	0.0000000E+0
9.5758000E+1	6.3825735E+1	5.9789903E+1	0.0000000E+0	0.0000000E+0	1.0000000E+2	0.0000000E+0
9.5809000E+1	6.3872141E+1	5.9778064E+1	0.0000000E+0	0.0000000E+0	1.0000000E+2	0.0000000E+0
9.5860000E+1	6.3912812E+1	5.9772057E+1	0.0000000E+0	0.0000000E+0	1.0000000E+2	0.0000000E+0
9.5910000E+1	6.3415476E+1	5.9884549E+1	0.0000000E+0	0.0000000E+0	1.0000000E+2	0.0000000E+0
9.5960000E+1	6.2389157E+1	5.9739632E+1	0.0000000E+0	0.0000000E+0	1.0000000E+2	0.0000000E+0
9.6010000E+1	6.2426925E+1	5.9758811E+1	0.0000000E+0	0.0000000E+0	1.0000000E+2	0.0000000E+0
9.6060000E+1	6.2479564E+1	5.9773271E+1	0.0000000E+0	0.0000000E+0	1.0000000E+2	0.0000000E+0
9.6111000E+1	6.2535534E+1	5.9773221E+1	0.0000000E+0	0.0000000E+0	1.0000000E+2	0.0000000E+0
9.6162000E+1	6.2579630E+1	5.9775337E+1	0.0000000E+0	0.0000000E+0	1.0000000E+2	0.0000000E+0
9.6213000E+1	6.2609300E+1	5.9775126E+1	0.0000000E+0	0.0000000E+0	1.0000000E+2	0.0000000E+0
9.6263000E+1	6.2658294E+1	5.9772520E+1	0.0000000E+0	0.0000000E+0	1.0000000E+2	0.0000000E+0
9.6313000E+1	6.2707157E+1	5.9780473E+1	0.0000000E+0	0.0000000E+0	1.0000000E+2	0.0000000E+0
9.6363000E+1	6.2746189E+1	5.9764065E+1	0.0000000E+0	0.0000000E+0	1.0000000E+2	0.0000000E+0
9.6413000E+1	6.2804365E+1	5.9776964E+1	0.0000000E+0	0.0000000E+0	1.0000000E+2	0.0000000E+0
9.6463000E+1	6.2868449E+1	5.9783073E+1	0.0000000E+0	0.0000000E+0	1.0000000E+2	0.0000000E+0
9.6513000E+1	6.2908024E+1	5.9780583E+1	0.0000000E+0	0.0000000E+0	1.0000000E+2	0.0000000E+0
9.6563000E+1	6.2950789E+1	5.9784993E+1	0.0000000E+0	0.0000000E+0	1.0000000E+2	0.0000000E+0
9.6613000E+1	6.2962683E+1	5.9764997E+1	0.0000000E+0	0.0000000E+0	1.0000000E+2	0.0000000E+0
9.6663000E+1	6.2992102E+1	5.9783517E+1	0.0000000E+0	0.0000000E+0	1.0000000E+2	0.0000000E+0
9.6714000E+1	6.3036692E+1	5.9781002E+1	0.0000000E+0	0.0000000E+0	1.0000000E+2	0.0000000E+0
9.6764000E+1	6.3084340E+1	5.9772162E+1	0.0000000E+0	0.0000000E+0	1.0000000E+2	0.0000000E+0
9.6814000E+1	6.3150157E+1	5.9790011E+1	0.0000000E+0	0.0000000E+0	1.0000000E+2	0.0000000E+0
9.6864000E+1	6.3203871E+1	5.9790499E+1	0.0000000E+0	0.0000000E+0	1.0000000E+2	0.0000000E+0
9.6914000E+1	6.3245649E+1	5.9786711E+1	0.0000000E+0	0.0000000E+0	1.0000000E+2	0.0000000E+0
9.6964000E+1	6.3277165E+1	5.9789860E+1	0.0000000E+0	0.0000000E+0	1.0000000E+2	0.0000000E+0
9.7015000E+1	6.3309788E+1	5.9787963E+1	0.0000000E+0	0.0000000E+0	1.0000000E+2	0.0000000E+0
9.7065000E+1	6.3356054E+1	5.9782359E+1	0.0000000E+0	0.0000000E+0	1.0000000E+2	0.0000000E+0
9.7115000E+1	6.3393249E+1	5.9779361E+1	0.0000000E+0	0.0000000E+0	1.0000000E+2	0.0000000E+0
9.7165000E+1	6.3441241E+1	5.9786573E+1	0.0000000E+0	0.0000000E+0	1.0000000E+2	0.0000000E+0
9.7215000E+1	6.3496752E+1	5.9781644E+1	0.0000000E+0	0.0000000E+0	1.0000000E+2	0.0000000E+0
9.7265000E+1	6.3558564E+1	5.9790986E+1	0.0000000E+0	0.0000000E+0	1.0000000E+2	0.0000000E+0
9.7315000E+1	6.3601915E+1	5.9784042E+1	0.0000000E+0	0.0000000E+0	1.0000000E+2	0.0000000E+0
9.7366000E+1	6.3644159E+1	5.9790714E+1	0.0000000E+0	0.0000000E+0	1.0000000E+2	0.0000000E+0
9.7416000E+1	6.3687022E+1	5.9780612E+1	0.0000000E+0	0.0000000E+0	1.0000000E+2	0.0000000E+0
9.7466000E+1	6.3751613E+1	5.9788527E+1	0.0000000E+0	0.0000000E+0	1.0000000E+2	0.0000000E+0
9.7517000E+1	6.3795996E+1	5.9790510E+1	0.0000000E+0	0.0000000E+0	1.0000000E+2	0.0000000E+0
9.7567000E+1	6.3847184E+1	5.9775663E+1	0.0000000E+0	0.0000000E+0	1.0000000E+2	0.0000000E+0
9.7618000E+1	6.3894472E+1	5.9770096E+1	0.0000000E+0	0.0000000E+0	1.0000000E+2	0.0000000E+0
9.7668000E+1	6.3952792E+1	5.9773244E+1	0.0000000E+0	0.0000000E+0	1.0000000E+2	0.0000000E+0
9.7719000E+1	6.4015604E+1	5.9779731E+1	0.0000000E+0	0.0000000E+0	1.0000000E+2	0.0000000E+0
9.7770000E+1	6.4076580E+1	5.9787254E+1	0.0000000E+0	0.0000000E+0	1.0000000E+2	0.0000000E+0
9.7820000E+1	6.4145042E+1	5.9789867E+1	0.0000000E+0	0.0000000E+0	1.0000000E+2	0.0000000E+0
9.7870000E+1	6.4201404E+1	5.9780955E+1	0.0000000E+0	0.0000000E+0	1.0000000E+2	0.0000000E+0
9.7921000E+1	6.4278645E+1	5.9786097E+1	0.0000000E+0	0.0000000E+0	1.0000000E+2	0.0000000E+0
9.7971000E+1	6.4338256E+1	5.9784905E+1	0.0000000E+0	0.0000000E+0	1.0000000E+2	0.0000000E+0
9.8021000E+1	6.3643658E+1	5.9925086E+1	0.0000000E+0	0.0000000E+0	1.0000000E+2	0.0000000E+0
9.8072000E+1	6.2287799E+1	5.9742589E+1	0.0000000E+0	0.0000000E+0	1.0000000E+2	0.0000000E+0
9.8122000E+1	6.2329755E+1	5.9749829E+1	0.0000000E+0	0.0000000E+0	1.0000000E+2	0.0000000E+0
9.8173000E+1	6.2356624E+1	5.9752824E+1	0.0000000E+0	0.0000000E+0	1.0000000E+2	0.0000000E+0
9.8223000E+1	6.2380759E+1	5.9757025E+1	0.0000000E+0	0.0000000E+0	1.0000000E+2	0.0000000E+0
9.8273000E+1	6.2424689E+1	5.9754237E+1	0.0000000E+0	0.0000000E+0	1.0000000E+2	0.0000000E+0
9.8323000E+1	6.2440469E+1	5.9750086E+1	0.0000000E+0	0.0000000E+0	1.0000000E+2	0.0000000E+0
9.8373000E+1	6.2471234E+1	5.9750156E+1	0.0000000E+0	0.0000000E+0	1.0000000E+2	0.0000000E+0
9.8423000E+1	6.2498219E+1	5.9742115E+1	0.0000000E+0	0.0000000E+0	1.0000000E+2	0.0000000E+0
9.8473000E+1	6.2539370E+1	5.9750292E+1	0.0000000E+0	0.0000000E+0	1.0000000E+2	0.0000000E+0
9.8524000E+1	6.2561488E+1	5.9748380E+1	0.0000000E+0	0.0000000E+0	1.0000000E+2	0.0000000E+0
9.8575000E+1	6.2601597E+1	5.9745159E+1	0.0000000E+0	0.0000000E+0	1.0000000E+2	0.0000000E+0
9.8625000E+1	6.2640137E+1	5.9763717E+1	0.0000000E+0	0.0000000E+0	1.0000000E+2	0.0000000E+0
9.8675000E+1	6.2650689E+1	5.9760305E+1	0.0000000E+0	0.0000000E+0	1.0000000E+2	0.0000000E+0
9.8726000E+1	6.2674613E+1	5.9764577E+1	0.0000000E+0	0.0000000E+0	1.0000000E+2	0.0000000E+0
9.8776000E+1	6.2675116E+1	5.9746878E+1	0.0000000E+0	0.0000000E+0	1.0000000E+2	0.0000000E+0
9.8826000E+1	6.2708630E+1	5.9735538E+1	0.0000000E+0	0.0000000E+0	1.0000000E+2	0.0000000E+0
9.8876000E+1	6.2740378E+1	5.9739655E+1	0.0000000E+0	0.0000000E+0	1.0000000E+2	0.0000000E+0
9.8926000E+1	6.2779098E+1	5.9758711E+1	0.0000000E+0	0.0000000E+0	1.0000000E+2	0.0000000E+0
9.8976000E+1	6.2794040E+1	5.9751495E+1	0.0000000E+0	0.0000000E+0	1.0000000E+2	0.0000000E+0
9.9026000E+1	6.2825286E+1	5.9756661E+1	0.0000000E+0	0.0000000E+0	1.0000000E+2	0.0000000E+0
9.9076000E+1	6.2869501E+1	5.9754796E+1	0.0000000E+0	0.0000000E+0	1.0000000E+2	0.0000000E+0
9.9126000E+1	6.2889704E+1	5.9740084E+1	0.0000000E+0	0.0000000E+0	1.0000000E+2	0.0000000E+0
9.9176000E+1	6.2931838E+1	5.9743001E+1	0.0000000E+0	0.0000000E+0	1.0000000E+2	0.0000000E+0
9.9226000E+1	6.2962207E+1	5.9735422E+1	0.0000000E+0	0.0000000E+0	1.0000000E+2	0.0000000E+0
9.9276000E+1	6.2980724E+1	5.9738374E+1	0.0000000E+0	0.0000000E+0	1.0000000E+2	0.0000000E+0
9.9326000E+1	6.3011025E+1	5.9745420E+1	0.0000000E+0	0.0000000E+0	1.0000000E+2	0.0000000E+0
9.9376000E+1	6.3037287E+1	5.9737269E+1	0.0000000E+0	0.0000000E+0	1.0000000E+2	0.0000000E+0
9.9426000E+1	6.3074867E+1	5.9727403E+1	0.0000000E+0	0.0000000E+0	1.0000000E+2	0.0000000E+0
9.9476000E+1	6.3119395E+1	5.9730363E+1	0.0000000E+0	0.0000000E+0	1.0000000E+2	0.0000000E+0
9.9526000E+1	6.3171357E+1	5.9731977E+1	0.0000000E+0	0.0000000E+0	1.0000000E+2	0.0000000E+0
9.9576000E+1	6.3193535E+1	5.9731115E+1	0.0000000E+0	0.0000000E+0	1.0000000E+2	0.0000000E+0
9.9626000E+1	6.3227793E+1	5.9718691E+1	0.0000000E+0	0.0000000E+0	1.0000000E+2	0.0000000E+0
9.9676000E+1	6.3272825E+1	5.9728354E+1	0.0000000E+0	0.0000000E+0	1.0000000E+2	0.0000000E+0
9.9726000E+1	6.3332236E+1	5.9741064E+1	0.0000000E+0	0.0000000E+0	1.0000000E+2	0.0000000E+0
9.9777000E+1	6.3382384E+1	5.9749239E+1	0.0000000E+0	0.0000000E+0	1.0000000E+2	0.0000000E+0
9.9827000E+1	6.3413526E+1	5.9742574E+1	0.0000000E+0	0.0000000E+0	1.0000000E+2	0.0000000E+0
9.9877000E+1	6.3433041E+1	5.9743388E+1	0.0000000E+0	0.0000000E+0	1.0000000E+2	0.0000000E+0
9.9928000E+1	6.3447908E+1	5.9745819E+1	0.0000000E+0	0.0000000E+0	1.0000000E+2	0.0000000E+0
9.9978000E+1	6.3467214E+1	5.9748857E+1	0.0000000E+0	0.0000000E+0	1.0000000E+2	0.0000000E+0
1.0002800E+2	6.3508655E+1	5.9751669E+1	0.0000000E+0	0.0000000E+0	1.0000000E+2	0.0000000E+0
1.0007900E+2	6.3556029E+1	5.9750374E+1	0.0000000E+0	0.0000000E+0	1.0000000E+2	0.0000000E+0
1.0012900E+2	6.3575034E+1	5.9747821E+1	0.0000000E+0	0.0000000E+0	1.0000000E+2	0.0000000E+0
1.0017900E+2	6.3621318E+1	5.9743834E+1	0.0000000E+0	0.0000000E+0	1.0000000E+2	0.0000000E+0
1.0023000E+2	6.3653728E+1	5.9741716E+1	0.0000000E+0	0.0000000E+0	1.0000000E+2	0.0000000E+0
1.0028000E+2	6.3649284E+1	5.9772220E+1	0.0000000E+0	0.0000000E+0	1.0000000E+2	0.0000000E+0
1.0033000E+2	6.2369433E+1	5.9839437E+1	0.0000000E+0	0.0000000E+0	1.0000000E+2	0.0000000E+0
1.0038000E+2	6.2294482E+1	5.9723812E+1	0.0000000E+0	0.0000000E+0	1.0000000E+2	0.0000000E+0
1.0043000E+2	6.2327087E+1	5.9732309E+1	0.0000000E+0	0.0000000E+0	1.0000000E+2	0.0000000E+0
1.0048100E+2	6.2368285E+1	5.9752202E+1	0.0000000E+0	0.0000000E+0	1.0000000E+2	0.0000000E+0
1.0053100E+2	6.2384398E+1	5.9752583E+1	0.0000000E+0	0.0000000E+0	1.0000000E+2	0.0000000E+0
1.0058200E+2	6.2430607E+1	5.9744185E+1	0.0000000E+0	0.0000000E+0	1.0000000E+2	0.0000000E+0
1.0063200E+2	6.2455277E+1	5.9744632E+1	0.0000000E+0	0.0000000E+0	1.0000000E+2	0.0000000E+0
1.0068200E+2	6.2476019E+1	5.9749794E+1	0.0000000E+0	0.0000000E+0	1.0000000E+2	0.0000000E+0
1.0073200E+2	6.2508287E+1	5.9732935E+1	0.0000000E+0	0.0000000E+0	1.0000000E+2	0.0000000E+0
1.0078200E+2	6.2583234E+1	5.9737258E+1	0.0000000E+0	0.0000000E+0	1.0000000E+2	0.0000000E+0
1.0083200E+2	6.2642064E+1	5.9740732E+1	0.0000000E+0	0.0000000E+0	1.0000000E+2	0.0000000E+0
1.0088200E+2	6.2704381E+1	5.9744687E+1	0.0000000E+0	0.0000000E+0	1.0000000E+2	0.0000000E+0
1.0093300E+2	6.2772162E+1	5.9766833E+1	0.0000000E+0	0.0000000E+0	1.0000000E+2	0.0000000E+0
1.0098400E+2	6.2830691E+1	5.9776190E+1	0.0000000E+0	0.0000000E+0	1.0000000E+2	0.0000000E+0
1.0103400E+2	6.2876804E+1	5.9775849E+1	0.0000000E+0	0.0000000E+0	1.0000000E+2	0.0000000E+0
1.0108400E+2	6.2909395E+1	5.9751414E+1	0.0000000E+0	0.0000000E+0	1.0000000E+2	0.0000000E+0
1.0113500E+2	6.2958211E+1	5.9770936E+1	0.0000000E+0	0.0000000E+0	1.0000000E+2	0.0000000E+0
1.0118500E+2	6.3016546E+1	5.9777297E+1	0.0000000E+0	0.0000000E+0	1.0000000E+2	0.0000000E+0
1.0123500E+2	6.3048915E+1	5.9774399E+1	0.0000000E+0	0.0000000E+0	1.0000000E+2	0.0000000E+0
1.0128500E+2	6.3085819E+1	5.9766855E+1	0.0000000E+0	0.0000000E+0	1.0000000E+2	0.0000000E+0
1.0133500E+2	6.3143407E+1	5.9769130E+1	0.0000000E+0	0.0000000E+0	1.0000000E+2	0.0000000E+0
1.0138500E+2	6.3193472E+1	5.9782558E+1	0.0000000E+0	0.0000000E+0	1.0000000E+2	0.0000000E+0
1.0143600E+2	6.3222568E+1	5.9769275E+1	0.0000000E+0	0.0000000E+0	1.0000000E+2	0.0000000E+0
1.0148600E+2	6.3257668E+1	5.9769696E+1	0.0000000E+0	0.0000000E+0	1.0000000E+2	0.0000000E+0
1.0153600E+2	6.3279176E+1	5.9760709E+1	0.0000000E+0	0.0000000E+0	1.0000000E+2	0.0000000E+0
1.0158600E+2	6.3329682E+1	5.9766877E+1	0.0000000E+0	0.0000000E+0	1.0000000E+2	0.0000000E+0
1.0163600E+2	6.3381351E+1	5.9754707E+1	0.0000000E+0	0.0000000E+0	1.0000000E+2	0.0000000E+0
1.0168600E+2	6.3417768E+1	5.9760860E+1	0.0000000E+0	0.0000000E+0	1.0000000E+2	0.0000000E+0
1.0173600E+2	6.3460611E+1	5.9754334E+1	0.0000000E+0	0.0000000E+0	1.0000000E+2	0.0000000E+0
1.0178600E+2	6.3488593E+1	5.9765752E+1	0.0000000E+0	0.0000000E+0	1.0000000E+2	0.0000000E+0
1.0183600E+2	6.3534454E+1	5.9774367E+1	0.0000000E+0	0.0000000E+0	1.0000000E+2	0.0000000E+0
1.0188600E+2	6.3577414E+1	5.9769391E+1	0.0000000E+0	0.0000000E+0	1.0000000E+2	0.0000000E+0
1.0193600E+2	6.3611484E+1	5.9772834E+1	0.0000000E+0	0.0000000E+0	1.0000000E+2	0.0000000E+0
1.0198600E+2	6.3665254E+1	5.9762359E+1	0.0000000E+0	0.0000000E+0	1.0000000E+2	0.0000000E+0
1.0203600E+2	6.3714748E+1	5.9770159E+1	0.0000000E+0	0.0000000E+0	1.0000000E+2	0.0000000E+0
1.0208600E+2	6.3781919E+1	5.9774509E+1	0.0000000E+0	0.0000000E+0	1.0000000E+2	0.0000000E+0
1.0213600E+2	6.3819047E+1	5.9775637E+1	0.0000000E+0	0.0000000E+0	1.0000000E+2	0.0000000E+0
1.0218600E+2	6.3868656E+1	5.9776509E+1	0.0000000E+0	0.0000000E+0	1.0000000E+2	0.0000000E+0
1.0223600E+2	6.3906955E+1	5.9777670E+1	0.0000000E+0	0.0000000E+0	1.0000000E+2	0.0000000E+0
1.0228600E+2	6.3354522E+1	5.9932707E+1	0.0000000E+0	0.0000000E+0	1.0000000E+2	0.0000000E+0
1.0233600E+2	6.2342378E+1	5.9752187E+1	0.0000000E+0	0.0000000E+0	1.0000000E+2	0.0000000E+0
1.0238600E+2	6.2392439E+1	5.9773182E+1	0.0000000E+0	0.0000000E+0	1.0000000E+2	0.0000000E+0
1.0243600E+2	6.2420077E+1	5.9769695E+1	0.0000000E+0	0.0000000E+0	1.0000000E+2	0.0000000E+0
1.0248600E+2	6.2437172E+1	5.9767610E+1	0.0000000E+0	0.0000000E+0	1.0000000E+2	0.0000000E+0
1.0253600E+2	6.2488149E+1	5.9775749E+1	0.0000000E+0	0.0000000E+0	1.0000000E+2	0.0000000E+0
1.0258600E+2	6.2532761E+1	5.9763243E+1	0.0000000E+0	0.0000000E+0	1.0000000E+2	0.0000000E+0
1.0263600E+2	6.2567872E+1	5.9768527E+1	0.0000000E+0	0.0000000E+0	1.0000000E+2	0.0000000E+0
1.0268600E+2	6.2619768E+1	5.9788532E+1	0.0000000E+0	0.0000000E+0	1.0000000E+2	0.0000000E+0
1.0273600E+2	6.2638962E+1	5.9779583E+1	0.0000000E+0	0.0000000E+0	1.0000000E+2	0.0000000E+0
1.0278600E+2	6.2678549E+1	5.9779243E+1	0.0000000E+0	0.0000000E+0	1.0000000E+2	0.0000000E+0
1.0283600E+2	6.2706618E+1	5.9784231E+1	0.0000000E+0	0.0000000E+0	1.0000000E+2	0.0000000E+0
1.0288600E+2	6.2734083E+1	5.9772720E+1	0.0000000E+0	0.0000000E+0	1.0000000E+2	0.0000000E+0
1.0293600E+2	6.2781461E+1	5.9794662E+1	0.0000000E+0	0.0000000E+0	1.0000000E+2	0.0000000E+0
1.0298600E+2	6.2822901E+1	5.9790143E+1	0.0000000E+0	0.0000000E+0	1.0000000E+2	0.0000000E+0
1.0303600E+2	6.2876339E+1	5.9789433E+1	0.0000000E+0	0.0000000E+0	1.0000000E+2	0.0000000E+0
1.0308600E+2	6.2911603E+1	5.9791839E+1	0.0000000E+0	0.0000000E+0	1.0000000E+2	0.0000000E+0
1.0313600E+2	6.2953107E+1	5.9784628E+1	0.0000000E+0	0.0000000E+0	1.0000000E+2	0.0000000E+0
1.0318600E+2	6.2982082E+1	5.9779735E+1	0.0000000E+0	0.0000000E+0	1.0000000E+2	0.0000000E+0
1.0323600E+2	6.3023951E+1	5.9775925E+1	0.0000000E+0	0.0000000E+0	1.0000000E+2	0.0000000E+0
1.0328600E+2	6.3069993E+1	5.9780246E+1	0.0000000E+0	0.0000000E+0	1.0000000E+2	0.0000000E+0
1.0333600E+2	6.3133410E+1	5.9793940E+1	0.0000000E+0	0.0000000E+0	1.0000000E+2	0.0000000E+0
1.0338600E+2	6.3151198E+1	5.9788997E+1	0.0000000E+0	0.0000000E+0	1.0000000E+2	0.0000000E+0
1.0343600E+2	6.3168522E+1	5.9788768E+1	0.0000000E+0	0.0000000E+0	1.0000000E+2	0.0000000E+0
1.0348600E+2	6.3229774E+1	5.9786510E+1	0.0000000E+0	0.0000000E+0	1.0000000E+2	0.0000000E+0
1.0353600E+2	6.3287242E+1	5.9797010E+1	0.0000000E+0	0.0000000E+0	1.0000000E+2	0.0000000E+0
1.0358600E+2	6.2836870E+1	5.9874007E+1	0.0000000E+0	0.0000000E+0	1.0000000E+2	0.0000000E+0
1.0363600E+2	6.2272528E+1	5.9767238E+1	0.0000000E+0	0.0000000E+0	1.0000000E+2	0.0000000E+0
1.0368600E+2	6.2312090E+1	5.9786797E+1	0.0000000E+0	0.0000000E+0	1.0000000E+2	0.0000000E+0
1.0373600E+2	6.2355036E+1	5.9780335E+1	0.0000000E+0	0.0000000E+0	1.0000000E+2	0.0000000E+0
1.0378600E+2	6.2400206E+1	5.9794553E+1	0.0000000E+0	0.0000000E+0	1.0000000E+2	0.0000000E+0
1.0383600E+2	6.2440107E+1	5.9798247E+1	0.0000000E+0	0.0000000E+0	1.0000000E+2	0.0000000E+0
1.0388600E+2	6.2480375E+1	5.9790632E+1	0.0000000E+0	0.0000000E+0	1.0000000E+2	0.0000000E+0
1.0393700E+2	6.2519940E+1	5.9790484E+1	0.0000000E+0	0.0000000E+0	1.0000000E+2	0.0000000E+0
1.0398700E+2	6.2563260E+1	5.9788792E+1	0.0000000E+0	0.0000000E+0	1.0000000E+2	0.0000000E+0
1.0403700E+2	6.2622550E+1	5.9791653E+1	0.0000000E+0	0.0000000E+0	1.0000000E+2	0.0000000E+0
1.0408700E+2	6.2667694E+1	5.9807780E+1	0.0000000E+0	0.0000000E+0	1.0000000E+2	0.0000000E+0
1.0413700E+2	6.2686005E+1	5.9806000E+1	0.0000000E+0	0.0000000E+0	1.0000000E+2	0.0000000E+0
1.0418700E+2	6.2704385E+1	5.9794758E+1	0.0000000E+0	0.0000000E+0	1.0000000E+2	0.0000000E+0
1.0423700E+2	6.2743366E+1	5.9800281E+1	0.0000000E+0	0.0000000E+0	1.0000000E+2	0.0000000E+0
1.0428700E+2	6.2792203E+1	5.9796830E+1	0.0000000E+0	0.0000000E+0	1.0000000E+2	0.0000000E+0
1.0433700E+2	6.2834870E+1	5.9802696E+1	0.0000000E+0	0.0000000E+0	1.0000000E+2	0.0000000E+0
1.0438800E+2	6.2872367E+1	5.9786554E+1	0.0000000E+0	0.0000000E+0	1.0000000E+2	0.0000000E+0
1.0443800E+2	6.2917246E+1	5.9785481E+1	0.0000000E+0	0.0000000E+0	1.0000000E+2	0.0000000E+0
1.0448800E+2	6.2968703E+1	5.9804005E+1	0.0000000E+0	0.0000000E+0	1.0000000E+2	0.0000000E+0
1.0453800E+2	6.3028440E+1	5.9806377E+1	0.0000000E+0	0.0000000E+0	1.0000000E+2	0.0000000E+0
1.0458900E+2	6.3058767E+1	5.9773239E+1	0.0000000E+0	0.0000000E+0	1.0000000E+2	0.0000000E+0
1.0463900E+2	6.3108426E+1	5.9789145E+1	0.0000000E+0	0.0000000E+0	1.0000000E+2	0.0000000E+0
1.0468900E+2	6.3150726E+1	5.9788327E+1	0.0000000E+0	0.0000000E+0	1.0000000E+2	0.0000000E+0
1.0473900E+2	6.3194891E+1	5.9790484E+1	0.0000000E+0	0.0000000E+0	1.0000000E+2	0.0000000E+0
1.0478900E+2	6.2986782E+1	5.9842613E+1	0.0000000E+0	0.0000000E+0	1.0000000E+2	0.0000000E+0
1.0483900E+2	6.2319846E+1	5.9772257E+1	0.0000000E+0	0.0000000E+0	1.0000000E+2	0.0000000E+0
1.0488900E+2	6.2345888E+1	5.9764334E+1	0.0000000E+0	0.0000000E+0	1.0000000E+2	0.0000000E+0
1.0494000E+2	6.2385985E+1	5.9789427E+1	0.0000000E+0	0.0000000E+0	1.0000000E+2	0.0000000E+0
1.0499000E+2	6.2444176E+1	5.9772969E+1	0.0000000E+0	0.0000000E+0	1.0000000E+2	0.0000000E+0
1.0504100E+2	6.2499175E+1	5.9768425E+1	0.0000000E+0	0.0000000E+0	1.0000000E+2	0.0000000E+0
1.0509100E+2	6.2583350E+1	5.9769794E+1	0.0000000E+0	0.0000000E+0	1.0000000E+2	0.0000000E+0
1.0514200E+2	6.2665333E+1	5.9779121E+1	0.0000000E+0	0.0000000E+0	1.0000000E+2	0.0000000E+0
1.0519200E+2	6.2738387E+1	5.9780734E+1	0.0000000E+0	0.0000000E+0	1.0000000E+2	0.0000000E+0
1.0524200E+2	6.2824013E+1	5.9767136E+1	0.0000000E+0	0.0000000E+0	1.0000000E+2	0.0000000E+0
1.0529200E+2	6.2886968E+1	5.9782354E+1	0.0000000E+0	0.0000000E+0	1.0000000E+2	0.0000000E+0
1.0534200E+2	6.2943239E+1	5.9771317E+1	0.0000000E+0	0.0000000E+0	1.0000000E+2	0.0000000E+0
1.0539200E+2	6.3024814E+1	5.9780601E+1	0.0000000E+0	0.0000000E+0	1.0000000E+2	0.0000000E+0
1.0544200E+2	6.3076374E+1	5.9788184E+1	0.0000000E+0	0.0000000E+0	1.0000000E+2	0.0000000E+0
1.0549200E+2	6.3134243E+1	5.9794363E+1	0.0000000E+0	0.0000000E+0	1.0000000E+2	0.0000000E+0
1.0554200E+2	6.3178866E+1	5.9798816E+1	0.0000000E+0	0.0000000E+0	1.0000000E+2	0.0000000E+0
1.0559200E+2	6.3192932E+1	5.9771399E+1	0.0000000E+0	0.0000000E+0	1.0000000E+2	0.0000000E+0
1.0564200E+2	6.3232626E+1	5.9797216E+1	0.0000000E+0	0.0000000E+0	1.0000000E+2	0.0000000E+0
1.0569200E+2	6.3285359E+1	5.9789648E+1	0.0000000E+0	0.0000000E+0	1.0000000E+2	0.0000000E+0
1.0574200E+2	6.3326054E+1	5.9792050E+1	0.0000000E+0	0.0000000E+0	1.0000000E+2	0.0000000E+0
1.0579200E+2	6.3383608E+1	5.9788798E+1	0.0000000E+0	0.0000000E+0	1.0000000E+2	0.0000000E+0
1.0584200E+2	6.3423885E+1	5.9780674E+1	0.0000000E+0	0.0000000E+0	1.0000000E+2	0.0000000E+0
1.0589200E+2	6.3466601E+1	5.9769822E+1	0.0000000E+0	0.0000000E+0	1.0000000E+2	0.0000000E+0
1.0594200E+2	6.3504908E+1	5.9787794E+1	0.0000000E+0	0.0000000E+0	1.0000000E+2	0.0000000E+0
1.0599200E+2	6.3540564E+1	5.9782680E+1	0.0000000E+0	0.0000000E+0	1.0000000E+2	0.0000000E+0
1.0604300E+2	6.3578463E+1	5.9779168E+1	0.0000000E+0	0.0000000E+0	1.0000000E+2	0.0000000E+0
1.0609400E+2	6.3620555E+1	5.9786208E+1	0.0000000E+0	0.0000000E+0	1.0000000E+2	0.0000000E+0
1.0614400E+2	6.3668517E+1	5.9786196E+1	0.0000000E+0	0.0000000E+0	1.0000000E+2	0.0000000E+0
1.0619400E+2	6.3700403E+1	5.9798259E+1	0.0000000E+0	0.0000000E+0	1.0000000E+2	0.0000000E+0
1.0624400E+2	6.3702633E+1	5.9786322E+1	0.0000000E+0	0.0000000E+0	1.0000000E+2	0.0000000E+0
1.0629400E+2	6.3718635E+1	5.9777184E+1	0.0000000E+0	0.0000000E+0	1.0000000E+2	0.0000000E+0
1.0634400E+2	6.3760541E+1	5.9768784E+1	0.0000000E+0	0.0000000E+0	1.0000000E+2	0.0000000E+0
1.0639400E+2	6.3810759E+1	5.9767643E+1	0.0000000E+0	0.0000000E+0	1.0000000E+2	0.0000000E+0
1.0644500E+2	6.3858681E+1	5.9769458E+1	0.0000000E+0	0.0000000E+0	1.0000000E+2	0.0000000E+0
1.0649500E+2	6.3876380E+1	5.9764263E+1	0.0000000E+0	0.0000000E+0	1.0000000E+2	0.0000000E+0
1.0654500E+2	6.3908402E+1	5.9761138E+1	0.0000000E+0	0.0000000E+0	1.0000000E+2	0.0000000E+0
1.0659500E+2	6.3657910E+1	5.9875082E+1	0.0000000E+0	0.0000000E+0	1.0000000E+2	0.0000000E+0
1.0664500E+2	6.2567251E+1	5.9758977E+1	0.0000000E+0	0.0000000E+0	1.0000000E+2	0.0000000E+0
1.0669500E+2	6.2572549E+1	5.9724243E+1	0.0000000E+0	0.0000000E+0	1.0000000E+2	0.0000000E+0
1.0674500E+2	6.2614452E+1	5.9740577E+1	0.0000000E+0	0.0000000E+0	1.0000000E+2	0.0000000E+0
1.0679500E+2	6.2641481E+1	5.9740395E+1	0.0000000E+0	0.0000000E+0	1.0000000E+2	0.0000000E+0
1.0684500E+2	6.2691682E+1	5.9751573E+1	0.0000000E+0	0.0000000E+0	1.0000000E+2	0.0000000E+0
1.0689500E+2	6.2719457E+1	5.9733486E+1	0.0000000E+0	0.0000000E+0	1.0000000E+2	0.0000000E+0
1.0694500E+2	6.2763338E+1	5.9738193E+1	0.0000000E+0	0.0000000E+0	1.0000000E+2	0.0000000E+0
1.0699500E+2	6.2786517E+1	5.9722885E+1	0.0000000E+0	0.0000000E+0	1.0000000E+2	0.0000000E+0
1.0704500E+2	6.2798272E+1	5.9726641E+1	0.0000000E+0	0.0000000E+0	1.0000000E+2	0.0000000E+0
1.0709500E+2	6.2835510E+1	5.9735237E+1	0.0000000E+0	0.0000000E+0	1.0000000E+2	0.0000000E+0
1.0714500E+2	6.2862780E+1	5.9731185E+1	0.0000000E+0	0.0000000E+0	1.0000000E+2	0.0000000E+0
1.0719600E+2	6.2911938E+1	5.9733786E+1	0.0000000E+0	0.0000000E+0	1.0000000E+2	0.0000000E+0
1.0724600E+2	6.2939915E+1	5.9721597E+1	0.0000000E+0	0.0000000E+0	1.0000000E+2	0.0000000E+0
1.0729600E+2	6.2981416E+1	5.9720525E+1	0.0000000E+0	0.0000000E+0	1.0000000E+2	0.0000000E+0
1.0734600E+2	6.3014065E+1	5.9714042E+1	0.0000000E+0	0.0000000E+0	1.0000000E+2	0.0000000E+0
1.0739600E+2	6.3016263E+1	5.9688416E+1	0.0000000E+0	0.0000000E+0	1.0000000E+2	0.0000000E+0
1.0744600E+2	6.3012149E+1	5.9690579E+1	0.0000000E+0	0.0000000E+0	1.0000000E+2	0.0000000E+0
1.0749600E+2	6.3048313E+1	5.9682202E+1	0.0000000E+0	0.0000000E+0	1.0000000E+2	0.0000000E+0
1.0754600E+2	6.3080605E+1	5.9683182E+1	0.0000000E+0	0.0000000E+0	1.0000000E+2	0.0000000E+0
1.0759600E+2	6.3118892E+1	5.9680085E+1	0.0000000E+0	0.0000000E+0	1.0000000E+2	0.0000000E+0
1.0764600E+2	6.3166555E+1	5.9666754E+1	0.0000000E+0	0.0000000E+0	1.0000000E+2	0.0000000E+0
1.0769600E+2	6.3212629E+1	5.9679182E+1	0.0000000E+0	0.0000000E+0	1.0000000E+2	0.0000000E+0
1.0774600E+2	6.3257414E+1	5.9698779E+1	0.0000000E+0	0.0000000E+0	1.0000000E+2	0.0000000E+0
1.0779700E+2	6.3292972E+1	5.9683156E+1	0.0000000E+0	0.0000000E+0	1.0000000E+2	0.0000000E+0
1.0784700E+2	6.3345763E+1	5.9685817E+1	0.0000000E+0	0.0000000E+0	1.0000000E+2	0.0000000E+0
1.0789800E+2	6.3390685E+1	5.9694842E+1	0.0000000E+0	0.0000000E+0	1.0000000E+2	0.0000000E+0
1.0794800E+2	6.3429047E+1	5.9710724E+1	0.0000000E+0	0.0000000E+0	1.0000000E+2	0.0000000E+0
1.0799900E+2	6.3472610E+1	5.9723905E+1	0.0000000E+0	0.0000000E+0	1.0000000E+2	0.0000000E+0
1.0805000E+2	6.3507316E+1	5.9699628E+1	0.0000000E+0	0.0000000E+0	1.0000000E+2	0.0000000E+0
1.0810000E+2	6.3554563E+1	5.9702238E+1	0.0000000E+0	0.0000000E+0	1.0000000E+2	0.0000000E+0
1.0815000E+2	6.3616031E+1	5.9716473E+1	0.0000000E+0	0.0000000E+0	1.0000000E+2	0.0000000E+0
1.0820000E+2	6.3133246E+1	5.9845448E+1	0.0000000E+0	0.0000000E+0	1.0000000E+2	0.0000000E+0
1.0825100E+2	6.2209069E+1	5.9684673E+1	0.0000000E+0	0.0000000E+0	1.0000000E+2	0.0000000E+0
1.0830100E+2	6.2249481E+1	5.9694371E+1	0.0000000E+0	0.0000000E+0	1.0000000E+2	0.0000000E+0
1.0835200E+2	6.2293888E+1	5.9714232E+1	0.0000000E+0	0.0000000E+0	1.0000000E+2	0.0000000E+0
1.0840200E+2	6.2342368E+1	5.9721543E+1	0.0000000E+0	0.0000000E+0	1.0000000E+2	0.0000000E+0
1.0845200E+2	6.2380600E+1	5.9724991E+1	0.0000000E+0	0.0000000E+0	1.0000000E+2	0.0000000E+0
1.0850200E+2	6.2420295E+1	5.9728184E+1	0.0000000E+0	0.0000000E+0	1.0000000E+2	0.0000000E+0
1.0855200E+2	6.2457921E+1	5.9741571E+1	0.0000000E+0	0.0000000E+0	1.0000000E+2	0.0000000E+0
1.0860200E+2	6.2500964E+1	5.9732718E+1	0.0000000E+0	0.0000000E+0	1.0000000E+2	0.0000000E+0
1.0865300E+2	6.2544263E+1	5.9743064E+1	0.0000000E+0	0.0000000E+0	1.0000000E+2	0.0000000E+0
1.0870300E+2	6.2587539E+1	5.9737194E+1	0.0000000E+0	0.0000000E+0	1.0000000E+2	0.0000000E+0
1.0875400E+2	6.2637579E+1	5.9740694E+1	0.0000000E+0	0.0000000E+0	1.0000000E+2	0.0000000E+0
1.0880500E+2	6.2676398E+1	5.9755415E+1	0.0000000E+0	0.0000000E+0	1.0000000E+2	0.0000000E+0
1.0885600E+2	6.2688846E+1	5.9747329E+1	0.0000000E+0	0.0000000E+0	1.0000000E+2	0.0000000E+0
1.0890700E+2	6.2750122E+1	5.9747895E+1	0.0000000E+0	0.0000000E+0	1.0000000E+2	0.0000000E+0
1.0895800E+2	6.2811860E+1	5.9747545E+1	0.0000000E+0	0.0000000E+0	1.0000000E+2	0.0000000E+0
1.0901000E+2	6.2871920E+1	5.9752625E+1	0.0000000E+0	0.0000000E+0	1.0000000E+2	0.0000000E+0
1.0906000E+2	6.2926569E+1	5.9767704E+1	0.0000000E+0	0.0000000E+0	1.0000000E+2	0.0000000E+0
1.0911000E+2	6.2962590E+1	5.9763125E+1	0.0000000E+0	0.0000000E+0	1.0000000E+2	0.0000000E+0
1.0916000E+2	6.2999339E+1	5.9766078E+1	0.0000000E+0	0.0000000E+0	1.0000000E+2	0.0000000E+0
1.0921000E+2	6.2615255E+1	5.9825547E+1	0.0000000E+0	0.0000000E+0	1.0000000E+2	0.0000000E+0
1.0926000E+2	6.2476260E+1	5.9744239E+1	0.0000000E+0	0.0000000E+0	1.0000000E+2	0.0000000E+0
1.0931000E+2	6.2541476E+1	5.9761284E+1	0.0000000E+0	0.0000000E+0	1.0000000E+2	0.0000000E+0
1.0936000E+2	6.2587000E+1	5.9762596E+1	0.0000000E+0	0.0000000E+0	1.0000000E+2	0.0000000E+0
1.0941000E+2	6.2646515E+1	5.9759602E+1	0.0000000E+0	0.0000000E+0	1.0000000E+2	0.0000000E+0
1.0946000E+2	6.2704335E+1	5.9791994E+1	0.0000000E+0	0.0000000E+0	1.0000000E+2	0.0000000E+0
1.0951000E+2	6.2756118E+1	5.9779226E+1	0.0000000E+0	0.0000000E+0	1.0000000E+2	0.0000000E+0
1.0956000E+2	6.2795833E+1	5.9772934E+1	0.0000000E+0	0.0000000E+0	1.0000000E+2	0.0000000E+0
1.0961000E+2	6.2842665E+1	5.9786559E+1	0.0000000E+0	0.0000000E+0	1.0000000E+2	0.0000000E+0
1.0966000E+2	6.2915723E+1	5.9805915E+1	0.0000000E+0	0.0000000E+0	1.0000000E+2	0.0000000E+0
1.0971000E+2	6.2971382E+1	5.9819406E+1	0.0000000E+0	0.0000000E+0	1.0000000E+2	0.0000000E+0
1.0976100E+2	6.3013030E+1	5.9815335E+1	0.0000000E+0	0.0000000E+0	1.0000000E+2	0.0000000E+0
1.0981300E+2	6.3043917E+1	5.9825975E+1	0.0000000E+0	0.0000000E+0	1.0000000E+2	0.0000000E+0
1.0986300E+2	6.3083594E+1	5.9829601E+1	0.0000000E+0	0.0000000E+0	1.0000000E+2	0.0000000E+0
1.0991300E+2	6.3118218E+1	5.9833189E+1	0.0000000E+0	0.0000000E+0	1.0000000E+2	0.0000000E+0
1.0996400E+2	6.3152655E+1	5.9828020E+1	0.0000000E+0	0.0000000E+0	1.0000000E+2	0.0000000E+0
1.1001400E+2	6.3185453E+1	5.9826710E+1	0.0000000E+0	0.0000000E+0	1.0000000E+2	0.0000000E+0
1.1006400E+2	6.3234548E+1	5.9842728E+1	0.0000000E+0	0.0000000E+0	1.0000000E+2	0.0000000E+0
1.1011400E+2	6.3285932E+1	5.9832633E+1	0.0000000E+0	0.0000000E+0	1.0000000E+2	0.0000000E+0
1.1016400E+2	6.3353614E+1	5.9837652E+1	0.0000000E+0	0.0000000E+0	1.0000000E+2	0.0000000E+0
1.1021400E+2	6.3417649E+1	5.9829980E+1	0.0000000E+0	0.0000000E+0	1.0000000E+2	0.0000000E+0
1.1026400E+2	6.3482690E+1	5.9848292E+1	0.0000000E+0	0.0000000E+0	1.0000000E+2	0.0000000E+0
1.1031500E+2	6.3533263E+1	5.9844415E+1	0.0000000E+0	0.0000000E+0	1.0000000E+2	0.0000000E+0
1.1036500E+2	6.3573273E+1	5.9844846E+1	0.0000000E+0	0.0000000E+0	1.0000000E+2	0.0000000E+0
1.1041500E+2	6.3617741E+1	5.9850596E+1	0.0000000E+0	0.0000000E+0	1.0000000E+2	0.0000000E+0
1.1046500E+2	6.3637369E+1	5.9847153E+1	0.0000000E+0	0.0000000E+0	1.0000000E+2	0.0000000E+0
1.1051500E+2	6.3678831E+1	5.9845369E+1	0.0000000E+0	0.0000000E+0	1.0000000E+2	0.0000000E+0
1.1056600E+2	6.3703085E+1	5.9839364E+1	0.0000000E+0	0.0000000E+0	1.0000000E+2	0.0000000E+0
1.1061600E+2	6.3723123E+1	5.9838958E+1	0.0000000E+0	0.0000000E+0	1.0000000E+2	0.0000000E+0
1.1066600E+2	6.3762503E+1	5.9834465E+1	0.0000000E+0	0.0000000E+0	1.0000000E+2	0.0000000E+0
1.1071600E+2	6.3836502E+1	5.9836914E+1	0.0000000E+0	0.0000000E+0	1.0000000E+2	0.0000000E+0
1.1076600E+2	6.3853252E+1	5.9842139E+1	0.0000000E+0	0.0000000E+0	1.0000000E+2	0.0000000E+0
1.1081600E+2	6.3862174E+1	5.9829729E+1	0.0000000E+0	0.0000000E+0	1.0000000E+2	0.0000000E+0
1.1086800E+2	6.3918540E+1	5.9841657E+1	0.0000000E+0	0.0000000E+0	1.0000000E+2	0.0000000E+0
1.1091800E+2	6.3969801E+1	5.9856968E+1	0.0000000E+0	0.0000000E+0	1.0000000E+2	0.0000000E+0
1.1096800E+2	6.4007538E+1	5.9854521E+1	0.0000000E+0	0.0000000E+0	1.0000000E+2	0.0000000E+0
1.1101900E+2	6.4043830E+1	5.9852480E+1	0.0000000E+0	0.0000000E+0	1.0000000E+2	0.0000000E+0
1.1106900E+2	6.4100230E+1	5.9855245E+1	0.0000000E+0	0.0000000E+0	1.0000000E+2	0.0000000E+0
1.1111900E+2	6.4136096E+1	5.9860396E+1	0.0000000E+0	0.0000000E+0	1.0000000E+2	0.0000000E+0
1.1117000E+2	6.4162769E+1	5.9837580E+1	0.0000000E+0	0.0000000E+0	1.0000000E+2	0.0000000E+0
1.1122000E+2	6.4211674E+1	5.9846765E+1	0.0000000E+0	0.0000000E+0	1.0000000E+2	0.0000000E+0
1.1127000E+2	6.4262392E+1	5.9843790E+1	0.0000000E+0	0.0000000E+0	1.0000000E+2	0.0000000E+0
1.1132000E+2	6.4302065E+1	5.9840668E+1	0.0000000E+0	0.0000000E+0	1.0000000E+2	0.0000000E+0
1.1137000E+2	6.4356029E+1	5.9821246E+1	0.0000000E+0	0.0000000E+0	1.0000000E+2	0.0000000E+0
1.1142000E+2	6.4402631E+1	5.9820116E+1	0.0000000E+0	0.0000000E+0	1.0000000E+2	0.0000000E+0
1.1147000E+2	6.4460984E+1	5.9826600E+1	0.0000000E+0	0.0000000E+0	1.0000000E+2	0.0000000E+0
1.1152000E+2	6.4515976E+1	5.9834261E+1	0.0000000E+0	0.0000000E+0	1.0000000E+2	0.0000000E+0
1.1157000E+2	6.4550949E+1	5.9831834E+1	0.0000000E+0	0.0000000E+0	1.0000000E+2	0.0000000E+0
1.1162000E+2	6.4602492E+1	5.9842132E+1	0.0000000E+0	0.0000000E+0	1.0000000E+2	0.0000000E+0
1.1167000E+2	6.4668572E+1	5.9849991E+1	0.0000000E+0	0.0000000E+0	1.0000000E+2	0.0000000E+0
1.1172000E+2	6.4719347E+1	5.9847778E+1	0.0000000E+0	0.0000000E+0	1.0000000E+2	0.0000000E+0
1.1177100E+2	6.2997293E+1	6.0024278E+1	0.0000000E+0	0.0000000E+0	1.0000000E+2	0.0000000E+0
1.1182100E+2	6.2023427E+1	5.9745327E+1	0.0000000E+0	0.0000000E+0	1.0000000E+2	0.0000000E+0
1.1187100E+2	6.2113865E+1	5.9788324E+1	0.0000000E+0	0.0000000E+0	1.0000000E+2	0.0000000E+0
1.1192100E+2	6.2156395E+1	5.9789693E+1	0.0000000E+0	0.0000000E+0	1.0000000E+2	0.0000000E+0
1.1197100E+2	6.2214397E+1	5.9801544E+1	0.0000000E+0	0.0000000E+0	1.0000000E+2	0.0000000E+0
1.1202100E+2	6.2253477E+1	5.9803001E+1	0.0000000E+0	0.0000000E+0	1.0000000E+2	0.0000000E+0
1.1207200E+2	6.2294652E+1	5.9798823E+1	0.0000000E+0	0.0000000E+0	1.0000000E+2	0.0000000E+0
1.1212200E+2	6.2344772E+1	5.9814381E+1	0.0000000E+0	0.0000000E+0	1.0000000E+2	0.0000000E+0
1.1217200E+2	6.2385725E+1	5.9813230E+1	0.0000000E+0	0.0000000E+0	1.0000000E+2	0.0000000E+0
1.1222200E+2	6.2436721E+1	5.9814869E+1	0.0000000E+0	0.0000000E+0	1.0000000E+2	0.0000000E+0
1.1227200E+2	6.2470918E+1	5.9806695E+1	0.0000000E+0	0.0000000E+0	1.0000000E+2	0.0000000E+0
1.1232300E+2	6.2531120E+1	5.9813124E+1	0.0000000E+0	0.0000000E+0	1.0000000E+2	0.0000000E+0
1.1237300E+2	6.2556483E+1	5.9819828E+1	0.0000000E+0	0.0000000E+0	1.0000000E+2	0.0000000E+0
1.1242300E+2	6.2587577E+1	5.9813755E+1	0.0000000E+0	0.0000000E+0	1.0000000E+2	0.0000000E+0
1.1247300E+2	6.2635857E+1	5.9824048E+1	0.0000000E+0	0.0000000E+0	1.0000000E+2	0.0000000E+0
1.1252300E+2	6.2697005E+1	5.9820021E+1	0.0000000E+0	0.0000000E+0	1.0000000E+2	0.0000000E+0
1.1257300E+2	6.2740895E+1	5.9845277E+1	0.0000000E+0	0.0000000E+0	1.0000000E+2	0.0000000E+0
1.1262300E+2	6.2779610E+1	5.9829945E+1	0.0000000E+0	0.0000000E+0	1.0000000E+2	0.0000000E+0
1.1267300E+2	6.2823395E+1	5.9847675E+1	0.0000000E+0	0.0000000E+0	1.0000000E+2	0.0000000E+0
1.1272300E+2	6.2858312E+1	5.9839915E+1	0.0000000E+0	0.0000000E+0	1.0000000E+2	0.0000000E+0
1.1277300E+2	6.2880873E+1	5.9832182E+1	0.0000000E+0	0.0000000E+0	1.0000000E+2	0.0000000E+0
1.1282300E+2	6.2910362E+1	5.9835550E+1	0.0000000E+0	0.0000000E+0	1.0000000E+2	0.0000000E+0
1.1287300E+2	6.2936216E+1	5.9842919E+1	0.0000000E+0	0.0000000E+0	1.0000000E+2	0.0000000E+0
1.1292400E+2	6.2960287E+1	5.9826953E+1	0.0000000E+0	0.0000000E+0	1.0000000E+2	0.0000000E+0
1.1297400E+2	6.3002688E+1	5.9837953E+1	0.0000000E+0	0.0000000E+0	1.0000000E+2	0.0000000E+0
1.1302400E+2	6.3028555E+1	5.9836535E+1	0.0000000E+0	0.0000000E+0	1.0000000E+2	0.0000000E+0
1.1307500E+2	6.3052785E+1	5.9799280E+1	0.0000000E+0	0.0000000E+0	1.0000000E+2	0.0000000E+0
1.1312500E+2	6.3084528E+1	5.9810295E+1	0.0000000E+0	0.0000000E+0	1.0000000E+2	0.0000000E+0
1.1317500E+2	6.3125363E+1	5.9811993E+1	0.0000000E+0	0.0000000E+0	1.0000000E+2	0.0000000E+0
1.1322500E+2	6.3125753E+1	5.9828178E+1	0.0000000E+0	0.0000000E+0	1.0000000E+2	0.0000000E+0
1.1327500E+2	6.1934012E+1	5.9899172E+1	0.0000000E+0	0.0000000E+0	1.0000000E+2	0.0000000E+0
1.1332500E+2	6.1855996E+1	5.9780120E+1	0.0000000E+0	0.0000000E+0	1.0000000E+2	0.0000000E+0
1.1337500E+2	6.1878945E+1	5.9795158E+1	0.0000000E+0	0.0000000E+0	1.0000000E+2	0.0000000E+0
1.1342500E+2	6.1920228E+1	5.9774377E+1	0.0000000E+0	0.0000000E+0	1.0000000E+2	0.0000000E+0
1.1347500E+2	6.2000825E+1	5.9784325E+1	0.0000000E+0	0.0000000E+0	1.0000000E+2	0.0000000E+0
1.1352500E+2	6.2066254E+1	5.9796312E+1	0.0000000E+0	0.0000000E+0	1.0000000E+2	0.0000000E+0
1.1357500E+2	6.2117997E+1	5.9799698E+1	0.0000000E+0	0.0000000E+0	1.0000000E+2	0.0000000E+0
1.1362500E+2	6.2149709E+1	5.9790503E+1	0.0000000E+0	0.0000000E+0	1.0000000E+2	0.0000000E+0
1.1367500E+2	6.2197558E+1	5.9790014E+1	0.0000000E+0	0.0000000E+0	1.0000000E+2	0.0000000E+0
1.1372500E+2	6.2221883E+1	5.9788206E+1	0.0000000E+0	0.0000000E+0	1.0000000E+2	0.0000000E+0
1.1377500E+2	6.2254453E+1	5.9782721E+1	0.0000000E+0	0.0000000E+0	1.0000000E+2	0.0000000E+0
1.1382500E+2	6.2293985E+1	5.9785041E+1	0.0000000E+0	0.0000000E+0	1.0000000E+2	0.0000000E+0
1.1387500E+2	6.2334617E+1	5.9781088E+1	0.0000000E+0	0.0000000E+0	1.0000000E+2	0.0000000E+0
1.1392500E+2	6.2369624E+1	5.9789622E+1	0.0000000E+0	0.0000000E+0	1.0000000E+2	0.0000000E+0
1.1397500E+2	6.2427978E+1	5.9789970E+1	0.0000000E+0	0.0000000E+0	1.0000000E+2	0.0000000E+0
1.1402500E+2	6.2466823E+1	5.9784553E+1	0.0000000E+0	0.0000000E+0	1.0000000E+2	0.0000000E+0
1.1407500E+2	6.2491005E+1	5.9782336E+1	0.0000000E+0	0.0000000E+0	1.0000000E+2	0.0000000E+0
1.1412500E+2	6.2536430E+1	5.9788390E+1	0.0000000E+0	0.0000000E+0	1.0000000E+2	0.0000000E+0
1.1417500E+2	6.2577912E+1	5.9800674E+1	0.0000000E+0	0.0000000E+0	1.0000000E+2	0.0000000E+0
1.1422500E+2	6.2596227E+1	5.9766707E+1	0.0000000E+0	0.0000000E+0	1.0000000E+2	0.0000000E+0
1.1427500E+2	6.2623090E+1	5.9771425E+1	0.0000000E+0	0.0000000E+0	1.0000000E+2	0.0000000E+0
1.1432500E+2	6.2632565E+1	5.9755443E+1	0.0000000E+0	0.0000000E+0	1.0000000E+2	0.0000000E+0
1.1437500E+2	6.2671431E+1	5.9762433E+1	0.0000000E+0	0.0000000E+0	1.0000000E+2	0.0000000E+0
1.1442500E+2	6.2715565E+1	5.9771489E+1	0.0000000E+0	0.0000000E+0	1.0000000E+2	0.0000000E+0
1.1447500E+2	6.2755636E+1	5.9769611E+1	0.0000000E+0	0.0000000E+0	1.0000000E+2	0.0000000E+0
1.1452500E+2	6.2817978E+1	5.9775228E+1	0.0000000E+0	0.0000000E+0	1.0000000E+2	0.0000000E+0
1.1457500E+2	6.2856204E+1	5.9794880E+1	0.0000000E+0	0.0000000E+0	1.0000000E+2	0.0000000E+0
1.1462500E+2	6.2889946E+1	5.9786743E+1	0.0000000E+0	0.0000000E+0	1.0000000E+2	0.0000000E+0
1.1467500E+2	6.2927736E+1	5.9778362E+1	0.0000000E+0	0.0000000E+0	1.0000000E+2	0.0000000E+0
1.1472500E+2	6.2961749E+1	5.9786440E+1	0.0000000E+0	0.0000000E+0	1.0000000E+2	0.0000000E+0
1.1477500E+2	6.2812419E+1	5.9857203E+1	0.0000000E+0	0.0000000E+0	1.0000000E+2	0.0000000E+0
1.1482500E+2	6.1917726E+1	5.9808208E+1	0.0000000E+0	0.0000000E+0	1.0000000E+2	0.0000000E+0
1.1487500E+2	6.1911477E+1	5.9767754E+1	0.0000000E+0	0.0000000E+0	1.0000000E+2	0.0000000E+0
1.1492500E+2	6.1956783E+1	5.9783565E+1	0.0000000E+0	0.0000000E+0	1.0000000E+2	0.0000000E+0
1.1497500E+2	6.2013652E+1	5.9778042E+1	0.0000000E+0	0.0000000E+0	1.0000000E+2	0.0000000E+0
1.1502500E+2	6.2066196E+1	5.9793219E+1	0.0000000E+0	0.0000000E+0	1.0000000E+2	0.0000000E+0
1.1507500E+2	6.2117187E+1	5.9788021E+1	0.0000000E+0	0.0000000E+0	1.0000000E+2	0.0000000E+0
1.1512600E+2	6.2167471E+1	5.9786352E+1	0.0000000E+0	0.0000000E+0	1.0000000E+2	0.0000000E+0
1.1517600E+2	6.2209205E+1	5.9792341E+1	0.0000000E+0	0.0000000E+0	1.0000000E+2	0.0000000E+0
1.1522600E+2	6.2247127E+1	5.9800327E+1	0.0000000E+0	0.0000000E+0	1.0000000E+2	0.0000000E+0
1.1527600E+2	6.2324178E+1	5.9806792E+1	0.0000000E+0	0.0000000E+0	1.0000000E+2	0.0000000E+0
1.1532600E+2	6.2370096E+1	5.9805886E+1	0.0000000E+0	0.0000000E+0	1.0000000E+2	0.0000000E+0
1.1537600E+2	6.2385123E+1	5.9819317E+1	0.0000000E+0	0.0000000E+0	1.0000000E+2	0.0000000E+0
1.1542600E+2	6.2406225E+1	5.9796340E+1	0.0000000E+0	0.0000000E+0	1.0000000E+2	0.0000000E+0
1.1547600E+2	6.2448471E+1	5.9802787E+1	0.0000000E+0	0.0000000E+0	1.0000000E+2	0.0000000E+0
1.1552600E+2	6.2490786E+1	5.9798097E+1	0.0000000E+0	0.0000000E+0	1.0000000E+2	0.0000000E+0
1.1557600E+2	6.2532389E+1	5.9789959E+1	0.0000000E+0	0.0000000E+0	1.0000000E+2	0.0000000E+0
1.1562600E+2	6.2574563E+1	5.9796677E+1	0.0000000E+0	0.0000000E+0	1.0000000E+2	0.0000000E+0
1.1567600E+2	6.2635282E+1	5.9811235E+1	0.0000000E+0	0.0000000E+0	1.0000000E+2	0.0000000E+0
1.1572700E+2	6.2669251E+1	5.9809962E+1	0.0000000E+0	0.0000000E+0	1.0000000E+2	0.0000000E+0
1.1577700E+2	6.2735683E+1	5.9820299E+1	0.0000000E+0	0.0000000E+0	1.0000000E+2	0.0000000E+0
1.1582700E+2	6.2766746E+1	5.9807709E+1	0.0000000E+0	0.0000000E+0	1.0000000E+2	0.0000000E+0
1.1587700E+2	6.2814202E+1	5.9812423E+1	0.0000000E+0	0.0000000E+0	1.0000000E+2	0.0000000E+0
1.1592700E+2	6.2854228E+1	5.9817736E+1	0.0000000E+0	0.0000000E+0	1.0000000E+2	0.0000000E+0
1.1597700E+2	6.2906651E+1	5.9816149E+1	0.0000000E+0	0.0000000E+0	1.0000000E+2	0.0000000E+0
1.1602800E+2	6.2934358E+1	5.9812715E+1	0.0000000E+0	0.0000000E+0	1.0000000E+2	0.0000000E+0
1.1607900E+2	6.2953517E+1	5.9815014E+1	0.0000000E+0	0.0000000E+0	1.0000000E+2	0.0000000E+0
1.1612900E+2	6.2302596E+1	5.9895292E+1	0.0000000E+0	0.0000000E+0	1.0000000E+2	0.0000000E+0
1.1617900E+2	6.1877385E+1	5.9798093E+1	0.0000000E+0	0.0000000E+0	1.0000000E+2	0.0000000E+0
1.1622900E+2	6.1910697E+1	5.9793091E+1	0.0000000E+0	0.0000000E+0	1.0000000E+2	0.0000000E+0
1.1627900E+2	6.1943173E+1	5.9801130E+1	0.0000000E+0	0.0000000E+0	1.0000000E+2	0.0000000E+0
1.1633000E+2	6.1988877E+1	5.9800356E+1	0.0000000E+0	0.0000000E+0	1.0000000E+2	0.0000000E+0
1.1638100E+2	6.2000312E+1	5.9781705E+1	0.0000000E+0	0.0000000E+0	1.0000000E+2	0.0000000E+0
1.1643100E+2	6.2069998E+1	5.9808416E+1	0.0000000E+0	0.0000000E+0	1.0000000E+2	0.0000000E+0
1.1648100E+2	6.2114386E+1	5.9811649E+1	0.0000000E+0	0.0000000E+0	1.0000000E+2	0.0000000E+0
1.1653100E+2	6.2127656E+1	5.9798835E+1	0.0000000E+0	0.0000000E+0	1.0000000E+2	0.0000000E+0
1.1658100E+2	6.2157401E+1	5.9810988E+1	0.0000000E+0	0.0000000E+0	1.0000000E+2	0.0000000E+0
1.1663100E+2	6.2203435E+1	5.9821636E+1	0.0000000E+0	0.0000000E+0	1.0000000E+2	0.0000000E+0
1.1668100E+2	6.2273076E+1	5.9843768E+1	0.0000000E+0	0.0000000E+0	1.0000000E+2	0.0000000E+0
1.1673100E+2	6.2310334E+1	5.9836850E+1	0.0000000E+0	0.0000000E+0	1.0000000E+2	0.0000000E+0
1.1678100E+2	6.2342132E+1	5.9829248E+1	0.0000000E+0	0.0000000E+0	1.0000000E+2	0.0000000E+0
1.1683100E+2	6.2369029E+1	5.9839904E+1	0.0000000E+0	0.0000000E+0	1.0000000E+2	0.0000000E+0
1.1688100E+2	6.2410889E+1	5.9841462E+1	0.0000000E+0	0.0000000E+0	1.0000000E+2	0.0000000E+0
1.1693100E+2	6.2449073E+1	5.9853499E+1	0.0000000E+0	0.0000000E+0	1.0000000E+2	0.0000000E+0
1.1698100E+2	6.2473037E+1	5.9857292E+1	0.0000000E+0	0.0000000E+0	1.0000000E+2	0.0000000E+0
1.1703100E+2	6.2478584E+1	5.9851971E+1	0.0000000E+0	0.0000000E+0	1.0000000E+2	0.0000000E+0
1.1708100E+2	6.2532736E+1	5.9865409E+1	0.0000000E+0	0.0000000E+0	1.0000000E+2	0.0000000E+0
1.1713100E+2	6.2577009E+1	5.9859960E+1	0.0000000E+0	0.0000000E+0	1.0000000E+2	0.0000000E+0
1.1718100E+2	6.2628828E+1	5.9884659E+1	0.0000000E+0	0.0000000E+0	1.0000000E+2	0.0000000E+0
1.1723100E+2	6.2680037E+1	5.9869602E+1	0.0000000E+0	0.0000000E+0	1.0000000E+2	0.0000000E+0
1.1728100E+2	6.2743042E+1	5.9882001E+1	0.0000000E+0	0.0000000E+0	1.0000000E+2	0.0000000E+0
1.1733100E+2	6.2780491E+1	5.9867290E+1	0.0000000E+0	0.0000000E+0	1.0000000E+2	0.0000000E+0
1.1738100E+2	6.2835867E+1	5.9884380E+1	0.0000000E+0	0.0000000E+0	1.0000000E+2	0.0000000E+0
1.1743100E+2	6.2894537E+1	5.9896180E+1	0.0000000E+0	0.0000000E+0	1.0000000E+2	0.0000000E+0
1.1748100E+2	6.2929842E+1	5.9873318E+1	0.0000000E+0	0.0000000E+0	1.0000000E+2	0.0000000E+0
1.1753100E+2	6.2975367E+1	5.9884406E+1	0.0000000E+0	0.0000000E+0	1.0000000E+2	0.0000000E+0
1.1758100E+2	6.3026016E+1	5.9893537E+1	0.0000000E+0	0.0000000E+0	1.0000000E+2	0.0000000E+0
1.1763100E+2	6.3062980E+1	5.9889373E+1	0.0000000E+0	0.0000000E+0	1.0000000E+2	0.0000000E+0
1.1768100E+2	6.3112501E+1	5.9910779E+1	0.0000000E+0	0.0000000E+0	1.0000000E+2	0.0000000E+0
1.1773100E+2	6.3142502E+1	5.9894796E+1	0.0000000E+0	0.0000000E+0	1.0000000E+2	0.0000000E+0
1.1778100E+2	6.3188159E+1	5.9898563E+1	0.0000000E+0	0.0000000E+0	1.0000000E+2	0.0000000E+0
1.1783100E+2	6.3235768E+1	5.9896251E+1	0.0000000E+0	0.0000000E+0	1.0000000E+2	0.0000000E+0
1.1788100E+2	6.3235018E+1	5.9893590E+1	0.0000000E+0	0.0000000E+0	1.0000000E+2	0.0000000E+0
1.1793100E+2	6.3252618E+1	5.9876832E+1	0.0000000E+0	0.0000000E+0	1.0000000E+2	0.0000000E+0
1.1798100E+2	6.3334082E+1	5.9904073E+1	0.0000000E+0	0.0000000E+0	1.0000000E+2	0.0000000E+0
1.1803100E+2	6.3391601E+1	5.9913934E+1	0.0000000E+0	0.0000000E+0	1.0000000E+2	0.0000000E+0
1.1808100E+2	6.3426247E+1	5.9940394E+1	0.0000000E+0	0.0000000E+0	1.0000000E+2	0.0000000E+0
1.1813100E+2	6.2272637E+1	6.0011513E+1	0.0000000E+0	0.0000000E+0	1.0000000E+2	0.0000000E+0
1.1818100E+2	6.2244214E+1	5.9928072E+1	0.0000000E+0	0.0000000E+0	1.0000000E+2	0.0000000E+0
1.1823100E+2	6.2302095E+1	5.9932682E+1	0.0000000E+0	0.0000000E+0	1.0000000E+2	0.0000000E+0
1.1828100E+2	6.2342664E+1	5.9929125E+1	0.0000000E+0	0.0000000E+0	1.0000000E+2	0.0000000E+0
1.1833100E+2	6.2373000E+1	5.9923719E+1	0.0000000E+0	0.0000000E+0	1.0000000E+2	0.0000000E+0
1.1838100E+2	6.2413873E+1	5.9924861E+1	0.0000000E+0	0.0000000E+0	1.0000000E+2	0.0000000E+0
1.1843100E+2	6.2453015E+1	5.9930752E+1	0.0000000E+0	0.0000000E+0	1.0000000E+2	0.0000000E+0
1.1848100E+2	6.2514820E+1	5.9938695E+1	0.0000000E+0	0.0000000E+0	1.0000000E+2	0.0000000E+0
1.1853100E+2	6.2551037E+1	5.9922599E+1	0.0000000E+0	0.0000000E+0	1.0000000E+2	0.0000000E+0
1.1858100E+2	6.2589351E+1	5.9929359E+1	0.0000000E+0	0.0000000E+0	1.0000000E+2	0.0000000E+0
1.1863100E+2	6.2631412E+1	5.9942275E+1	0.0000000E+0	0.0000000E+0	1.0000000E+2	0.0000000E+0
1.1868100E+2	6.2658588E+1	5.9929923E+1	0.0000000E+0	0.0000000E+0	1.0000000E+2	0.0000000E+0
1.1873100E+2	6.2711123E+1	5.9929815E+1	0.0000000E+0	0.0000000E+0	1.0000000E+2	0.0000000E+0
1.1878100E+2	6.2742534E+1	5.9930927E+1	0.0000000E+0	0.0000000E+0	1.0000000E+2	0.0000000E+0
1.1883100E+2	6.2786600E+1	5.9938325E+1	0.0000000E+0	0.0000000E+0	1.0000000E+2	0.0000000E+0
1.1888100E+2	6.2832255E+1	5.9932253E+1	0.0000000E+0	0.0000000E+0	1.0000000E+2	0.0000000E+0
1.1893100E+2	6.2860717E+1	5.9930422E+1	0.0000000E+0	0.0000000E+0	1.0000000E+2	0.0000000E+0
1.1898100E+2	6.2870084E+1	5.9936760E+1	0.0000000E+0	0.0000000E+0	1.0000000E+2	0.0000000E+0
1.1903100E+2	6.2877657E+1	5.9931018E+1	0.0000000E+0	0.0000000E+0	1.0000000E+2	0.0000000E+0
1.1908100E+2	6.2920421E+1	5.9933697E+1	0.0000000E+0	0.0000000E+0	1.0000000E+2	0.0000000E+0
1.1913100E+2	6.2973983E+1	5.9935747E+1	0.0000000E+0	0.0000000E+0	1.0000000E+2	0.0000000E+0
1.1918100E+2	6.3029914E+1	5.9924905E+1	0.0000000E+0	0.0000000E+0	1.0000000E+2	0.0000000E+0
1.1923100E+2	6.3082530E+1	5.9924828E+1	0.0000000E+0	0.0000000E+0	1.0000000E+2	0.0000000E+0
1.1928100E+2	6.3122103E+1	5.9937907E+1	0.0000000E+0	0.0000000E+0	1.0000000E+2	0.0000000E+0
1.1933200E+2	6.3167683E+1	5.9936512E+1	0.0000000E+0	0.0000000E+0	1.0000000E+2	0.0000000E+0
1.1938300E+2	6.3220033E+1	5.9944435E+1	0.0000000E+0	0.0000000E+0	1.0000000E+2	0.0000000E+0
1.1943300E+2	6.3254389E+1	5.9937916E+1	0.0000000E+0	0.0000000E+0	1.0000000E+2	0.0000000E+0
1.1948300E+2	6.3303020E+1	5.9945233E+1	0.0000000E+0	0.0000000E+0	1.0000000E+2	0.0000000E+0
1.1953300E+2	6.3342038E+1	5.9937176E+1	0.0000000E+0	0.0000000E+0	1.0000000E+2	0.0000000E+0
1.1958300E+2	6.2848092E+1	6.0030066E+1	0.0000000E+0	0.0000000E+0	1.0000000E+2	0.0000000E+0
1.1963300E+2	6.2179413E+1	5.9912661E+1	0.0000000E+0	0.0000000E+0	1.0000000E+2	0.0000000E+0
1.1968300E+2	6.2212358E+1	5.9916924E+1	0.0000000E+0	0.0000000E+0	1.0000000E+2	0.0000000E+0
1.1973300E+2	6.2248872E+1	5.9907077E+1	0.0000000E+0	0.0000000E+0	1.0000000E+2	0.0000000E+0
1.1978300E+2	6.2289080E+1	5.9907680E+1	0.0000000E+0	0.0000000E+0	1.0000000E+2	0.0000000E+0
1.1983300E+2	6.2330771E+1	5.9916057E+1	0.0000000E+0	0.0000000E+0	1.0000000E+2	0.0000000E+0
1.1988300E+2	6.2374651E+1	5.9910875E+1	0.0000000E+0	0.0000000E+0	1.0000000E+2	0.0000000E+0
1.1993300E+2	6.2406644E+1	5.9929511E+1	0.0000000E+0	0.0000000E+0	1.0000000E+2	0.0000000E+0
1.1998300E+2	6.2398115E+1	5.9907369E+1	0.0000000E+0	0.0000000E+0	1.0000000E+2	0.0000000E+0
1.2003300E+2	6.2444244E+1	5.9904273E+1	0.0000000E+0	0.0000000E+0	1.0000000E+2	0.0000000E+0
1.2008400E+2	6.2502903E+1	5.9920502E+1	0.0000000E+0	0.0000000E+0	1.0000000E+2	0.0000000E+0
1.2013400E+2	6.2537101E+1	5.9906721E+1	0.0000000E+0	0.0000000E+0	1.0000000E+2	0.0000000E+0
1.2018400E+2	6.2591507E+1	5.9915316E+1	0.0000000E+0	0.0000000E+0	1.0000000E+2	0.0000000E+0
1.2023400E+2	6.2628838E+1	5.9916717E+1	0.0000000E+0	0.0000000E+0	1.0000000E+2	0.0000000E+0
1.2028500E+2	6.2674523E+1	5.9897697E+1	0.0000000E+0	0.0000000E+0	1.0000000E+2	0.0000000E+0
1.2033500E+2	6.2746731E+1	5.9924227E+1	0.0000000E+0	0.0000000E+0	1.0000000E+2	0.0000000E+0
1.2038500E+2	6.2784763E+1	5.9919133E+1	0.0000000E+0	0.0000000E+0	1.0000000E+2	0.0000000E+0
1.2043500E+2	6.2820784E+1	5.9913960E+1	0.0000000E+0	0.0000000E+0	1.0000000E+2	0.0000000E+0
1.2048600E+2	6.2863398E+1	5.9917859E+1	0.0000000E+0	0.0000000E+0	1.0000000E+2	0.0000000E+0
1.2053600E+2	6.2889522E+1	5.9904324E+1	0.0000000E+0	0.0000000E+0	1.0000000E+2	0.0000000E+0
1.2058600E+2	6.2937815E+1	5.9914934E+1	0.0000000E+0	0.0000000E+0	1.0000000E+2	0.0000000E+0
1.2063600E+2	6.2747752E+1	5.9962958E+1	0.0000000E+0	0.0000000E+0	1.0000000E+2	0.0000000E+0
1.2068600E+2	6.2562905E+1	5.9913486E+1	0.0000000E+0	0.0000000E+0	1.0000000E+2	0.0000000E+0
1.2073700E+2	6.2599376E+1	5.9910318E+1	0.0000000E+0	0.0000000E+0	1.0000000E+2	0.0000000E+0
1.2078700E+2	6.2644322E+1	5.9903460E+1	0.0000000E+0	0.0000000E+0	1.0000000E+2	0.0000000E+0
1.2083700E+2	6.2701363E+1	5.9901791E+1	0.0000000E+0	0.0000000E+0	1.0000000E+2	0.0000000E+0
1.2088700E+2	6.2735492E+1	5.9900659E+1	0.0000000E+0	0.0000000E+0	1.0000000E+2	0.0000000E+0
1.2093800E+2	6.2742494E+1	5.9898753E+1	0.0000000E+0	0.0000000E+0	1.0000000E+2	0.0000000E+0
1.2098900E+2	6.2783057E+1	5.9904695E+1	0.0000000E+0	0.0000000E+0	1.0000000E+2	0.0000000E+0
1.2103900E+2	6.2831940E+1	5.9903958E+1	0.0000000E+0	0.0000000E+0	1.0000000E+2	0.0000000E+0
1.2108900E+2	6.2874390E+1	5.9897094E+1	0.0000000E+0	0.0000000E+0	1.0000000E+2	0.0000000E+0
1.2114000E+2	6.2921313E+1	5.9914443E+1	0.0000000E+0	0.0000000E+0	1.0000000E+2	0.0000000E+0
1.2119100E+2	6.2956380E+1	5.9906442E+1	0.0000000E+0	0.0000000E+0	1.0000000E+2	0.0000000E+0
1.2124100E+2	6.3003971E+1	5.9905323E+1	0.0000000E+0	0.0000000E+0	1.0000000E+2	0.0000000E+0
1.2129100E+2	6.3037951E+1	5.9891870E+1	0.0000000E+0	0.0000000E+0	1.0000000E+2	0.0000000E+0
1.2134100E+2	6.3074896E+1	5.9894090E+1	0.0000000E+0	0.0000000E+0	1.0000000E+2	0.0000000E+0
1.2139100E+2	6.3123859E+1	5.9909179E+1	0.0000000E+0	0.0000000E+0	1.0000000E+2	0.0000000E+0
1.2144100E+2	6.3161464E+1	5.9889191E+1	0.0000000E+0	0.0000000E+0	1.0000000E+2	0.0000000E+0
1.2149200E+2	6.3212983E+1	5.9901754E+1	0.0000000E+0	0.0000000E+0	1.0000000E+2	0.0000000E+0
1.2154300E+2	6.3251779E+1	5.9898870E+1	0.0000000E+0	0.0000000E+0	1.0000000E+2	0.0000000E+0
1.2159300E+2	6.3288925E+1	5.9890977E+1	0.0000000E+0	0.0000000E+0	1.0000000E+2	0.0000000E+0
1.2164300E+2	6.3329776E+1	5.9882586E+1	0.0000000E+0	0.0000000E+0	1.0000000E+2	0.0000000E+0
1.2169300E+2	6.3393297E+1	5.9892533E+1	0.0000000E+0	0.0000000E+0	1.0000000E+2	0.0000000E+0
1.2174300E+2	6.3416467E+1	5.9871784E+1	0.0000000E+0	0.0000000E+0	1.0000000E+2	0.0000000E+0
1.2179400E+2	6.3429148E+1	5.9875087E+1	0.0000000E+0	0.0000000E+0	1.0000000E+2	0.0000000E+0
1.2184400E+2	6.3038022E+1	5.9977073E+1	0.0000000E+0	0.0000000E+0	1.0000000E+2	0.0000000E+0
1.2189400E+2	6.2354624E+1	5.9864948E+1	0.0000000E+0	0.0000000E+0	1.0000000E+2	0.0000000E+0
1.2194500E+2	6.2410182E+1	5.9867833E+1	0.0000000E+0	0.0000000E+0	1.0000000E+2	0.0000000E+0
1.2199500E+2	6.2457363E+1	5.9874704E+1	0.0000000E+0	0.0000000E+0	1.0000000E+2	0.0000000E+0
1.2204500E+2	6.2517488E+1	5.9875992E+1	0.0000000E+0	0.0000000E+0	1.0000000E+2	0.0000000E+0
1.2209600E+2	6.2581207E+1	5.9867759E+1	0.0000000E+0	0.0000000E+0	1.0000000E+2	0.0000000E+0
1.2214700E+2	6.2642779E+1	5.9863587E+1	0.0000000E+0	0.0000000E+0	1.0000000E+2	0.0000000E+0
1.2219700E+2	6.2704572E+1	5.9870008E+1	0.0000000E+0	0.0000000E+0	1.0000000E+2	0.0000000E+0
1.2224700E+2	6.2775638E+1	5.9870982E+1	0.0000000E+0	0.0000000E+0	1.0000000E+2	0.0000000E+0
1.2229700E+2	6.2829535E+1	5.9883770E+1	0.0000000E+0	0.0000000E+0	1.0000000E+2	0.0000000E+0
1.2234700E+2	6.2888358E+1	5.9871718E+1	0.0000000E+0	0.0000000E+0	1.0000000E+2	0.0000000E+0
1.2239800E+2	6.2930362E+1	5.9862557E+1	0.0000000E+0	0.0000000E+0	1.0000000E+2	0.0000000E+0
1.2244800E+2	6.2986727E+1	5.9866277E+1	0.0000000E+0	0.0000000E+0	1.0000000E+2	0.0000000E+0
1.2249800E+2	6.3024706E+1	5.9885650E+1	0.0000000E+0	0.0000000E+0	1.0000000E+2	0.0000000E+0
1.2254800E+2	6.3063920E+1	5.9868766E+1	0.0000000E+0	0.0000000E+0	1.0000000E+2	0.0000000E+0
1.2259900E+2	6.3138792E+1	5.9882965E+1	0.0000000E+0	0.0000000E+0	1.0000000E+2	0.0000000E+0
1.2264900E+2	6.3198791E+1	5.9879142E+1	0.0000000E+0	0.0000000E+0	1.0000000E+2	0.0000000E+0
1.2269900E+2	6.3266628E+1	5.9879617E+1	0.0000000E+0	0.0000000E+0	1.0000000E+2	0.0000000E+0
1.2274900E+2	6.3303086E+1	5.9879211E+1	0.0000000E+0	0.0000000E+0	1.0000000E+2	0.0000000E+0
1.2279900E+2	6.3363842E+1	5.9885261E+1	0.0000000E+0	0.0000000E+0	1.0000000E+2	0.0000000E+0
1.2285000E+2	6.3401632E+1	5.9877095E+1	0.0000000E+0	0.0000000E+0	1.0000000E+2	0.0000000E+0
1.2290000E+2	6.3453759E+1	5.9882804E+1	0.0000000E+0	0.0000000E+0	1.0000000E+2	0.0000000E+0
1.2295000E+2	6.3493910E+1	5.9865361E+1	0.0000000E+0	0.0000000E+0	1.0000000E+2	0.0000000E+0
1.2300000E+2	6.3541080E+1	5.9864798E+1	0.0000000E+0	0.0000000E+0	1.0000000E+2	0.0000000E+0
1.2305000E+2	6.3590727E+1	5.9870336E+1	0.0000000E+0	0.0000000E+0	1.0000000E+2	0.0000000E+0
1.2310000E+2	6.3477606E+1	5.9932457E+1	0.0000000E+0	0.0000000E+0	1.0000000E+2	0.0000000E+0
1.2315100E+2	6.2722340E+1	5.9872862E+1	0.0000000E+0	0.0000000E+0	1.0000000E+2	0.0000000E+0
1.2320100E+2	6.2736988E+1	5.9854145E+1	0.0000000E+0	0.0000000E+0	1.0000000E+2	0.0000000E+0
1.2325100E+2	6.2786236E+1	5.9862113E+1	0.0000000E+0	0.0000000E+0	1.0000000E+2	0.0000000E+0
1.2330100E+2	6.2805139E+1	5.9859437E+1	0.0000000E+0	0.0000000E+0	1.0000000E+2	0.0000000E+0
1.2335100E+2	6.2827097E+1	5.9853243E+1	0.0000000E+0	0.0000000E+0	1.0000000E+2	0.0000000E+0
1.2340200E+2	6.2851936E+1	5.9842596E+1	0.0000000E+0	0.0000000E+0	1.0000000E+2	0.0000000E+0
1.2345200E+2	6.2913026E+1	5.9837619E+1	0.0000000E+0	0.0000000E+0	1.0000000E+2	0.0000000E+0
1.2350200E+2	6.2993021E+1	5.9863726E+1	0.0000000E+0	0.0000000E+0	1.0000000E+2	0.0000000E+0
1.2355200E+2	6.3038654E+1	5.9851053E+1	0.0000000E+0	0.0000000E+0	1.0000000E+2	0.0000000E+0
1.2360200E+2	6.3107024E+1	5.9852252E+1	0.0000000E+0	0.0000000E+0	1.0000000E+2	0.0000000E+0
1.2365200E+2	6.3151687E+1	5.9848067E+1	0.0000000E+0	0.0000000E+0	1.0000000E+2	0.0000000E+0
1.2370200E+2	6.3224673E+1	5.9859915E+1	0.0000000E+0	0.0000000E+0	1.0000000E+2	0.0000000E+0
1.2375200E+2	6.3277297E+1	5.9859200E+1	0.0000000E+0	0.0000000E+0	1.0000000E+2	0.0000000E+0
1.2380200E+2	6.3332296E+1	5.9849865E+1	0.0000000E+0	0.0000000E+0	1.0000000E+2	0.0000000E+0
1.2385300E+2	6.3367560E+1	5.9846441E+1	0.0000000E+0	0.0000000E+0	1.0000000E+2	0.0000000E+0
1.2390300E+2	6.3420660E+1	5.9850325E+1	0.0000000E+0	0.0000000E+0	1.0000000E+2	0.0000000E+0
1.2395300E+2	6.3472367E+1	5.9860293E+1	0.0000000E+0	0.0000000E+0	1.0000000E+2	0.0000000E+0
1.2400300E+2	6.3515860E+1	5.9853169E+1	0.0000000E+0	0.0000000E+0	1.0000000E+2	0.0000000E+0
1.2405400E+2	6.3565297E+1	5.9856137E+1	0.0000000E+0	0.0000000E+0	1.0000000E+2	0.0000000E+0
1.2410400E+2	6.3631320E+1	5.9859003E+1	0.0000000E+0	0.0000000E+0	1.0000000E+2	0.0000000E+0
1.2415400E+2	6.3690390E+1	5.9870448E+1	0.0000000E+0	0.0000000E+0	1.0000000E+2	0.0000000E+0
1.2420400E+2	6.3746597E+1	5.9872563E+1	0.0000000E+0	0.0000000E+0	1.0000000E+2	0.0000000E+0
1.2425400E+2	6.3774174E+1	5.9878342E+1	0.0000000E+0	0.0000000E+0	1.0000000E+2	0.0000000E+0
1.2430400E+2	6.3802148E+1	5.9879530E+1	0.0000000E+0	0.0000000E+0	1.0000000E+2	0.0000000E+0
1.2435500E+2	6.3867867E+1	5.9876362E+1	0.0000000E+0	0.0000000E+0	1.0000000E+2	0.0000000E+0
1.2440500E+2	6.3936534E+1	5.9879141E+1	0.0000000E+0	0.0000000E+0	1.0000000E+2	0.0000000E+0
1.2445500E+2	6.3989687E+1	5.9879354E+1	0.0000000E+0	0.0000000E+0	1.0000000E+2	0.0000000E+0
1.2450500E+2	6.4032420E+1	5.9871804E+1	0.0000000E+0	0.0000000E+0	1.0000000E+2	0.0000000E+0
1.2455500E+2	6.4083650E+1	5.9883278E+1	0.0000000E+0	0.0000000E+0	1.0000000E+2	0.0000000E+0
1.2460500E+2	6.4110201E+1	5.9875951E+1	0.0000000E+0	0.0000000E+0	1.0000000E+2	0.0000000E+0
1.2465500E+2	6.4152966E+1	5.9869696E+1	0.0000000E+0	0.0000000E+0	1.0000000E+2	0.0000000E+0
1.2470500E+2	6.4164744E+1	5.9866760E+1	0.0000000E+0	0.0000000E+0	1.0000000E+2	0.0000000E+0
1.2475500E+2	6.4231034E+1	5.9874220E+1	0.0000000E+0	0.0000000E+0	1.0000000E+2	0.0000000E+0
1.2480500E+2	6.4292425E+1	5.9876210E+1	0.0000000E+0	0.0000000E+0	1.0000000E+2	0.0000000E+0
1.2485500E+2	6.4341357E+1	5.9871060E+1	0.0000000E+0	0.0000000E+0	1.0000000E+2	0.0000000E+0
1.2490500E+2	6.3677153E+1	6.0009558E+1	0.0000000E+0	0.0000000E+0	1.0000000E+2	0.0000000E+0
1.2495500E+2	6.2753187E+1	5.9831747E+1	0.0000000E+0	0.0000000E+0	1.0000000E+2	0.0000000E+0
1.2500500E+2	6.2816301E+1	5.9858197E+1	0.0000000E+0	0.0000000E+0	1.0000000E+2	0.0000000E+0
1.2505500E+2	6.2852331E+1	5.9872194E+1	0.0000000E+0	0.0000000E+0	1.0000000E+2	0.0000000E+0
1.2510500E+2	6.2886861E+1	5.9869620E+1	0.0000000E+0	0.0000000E+0	1.0000000E+2	0.0000000E+0
1.2515600E+2	6.2896488E+1	5.9855451E+1	0.0000000E+0	0.0000000E+0	1.0000000E+2	0.0000000E+0
1.2520600E+2	6.2902123E+1	5.9858692E+1	0.0000000E+0	0.0000000E+0	1.0000000E+2	0.0000000E+0
1.2525700E+2	6.2931929E+1	5.9844661E+1	0.0000000E+0	0.0000000E+0	1.0000000E+2	0.0000000E+0
1.2530800E+2	6.2978794E+1	5.9842105E+1	0.0000000E+0	0.0000000E+0	1.0000000E+2	0.0000000E+0
1.2535800E+2	6.3050270E+1	5.9856351E+1	0.0000000E+0	0.0000000E+0	1.0000000E+2	0.0000000E+0
1.2540800E+2	6.3124386E+1	5.9856828E+1	0.0000000E+0	0.0000000E+0	1.0000000E+2	0.0000000E+0
1.2545800E+2	6.3170929E+1	5.9848958E+1	0.0000000E+0	0.0000000E+0	1.0000000E+2	0.0000000E+0
1.2550800E+2	6.3217230E+1	5.9843830E+1	0.0000000E+0	0.0000000E+0	1.0000000E+2	0.0000000E+0
1.2555800E+2	6.3256194E+1	5.9850923E+1	0.0000000E+0	0.0000000E+0	1.0000000E+2	0.0000000E+0
1.2560800E+2	6.3307192E+1	5.9854261E+1	0.0000000E+0	0.0000000E+0	1.0000000E+2	0.0000000E+0
1.2565900E+2	6.3337265E+1	5.9832931E+1	0.0000000E+0	0.0000000E+0	1.0000000E+2	0.0000000E+0
1.2570900E+2	6.3391968E+1	5.9856514E+1	0.0000000E+0	0.0000000E+0	1.0000000E+2	0.0000000E+0
1.2576000E+2	6.3427955E+1	5.9848614E+1	0.0000000E+0	0.0000000E+0	1.0000000E+2	0.0000000E+0
1.2581000E+2	6.3468478E+1	5.9851524E+1	0.0000000E+0	0.0000000E+0	1.0000000E+2	0.0000000E+0
1.2586000E+2	6.3519388E+1	5.9855038E+1	0.0000000E+0	0.0000000E+0	1.0000000E+2	0.0000000E+0
1.2591000E+2	6.3528251E+1	5.9858020E+1	0.0000000E+0	0.0000000E+0	1.0000000E+2	0.0000000E+0
1.2596000E+2	6.3563690E+1	5.9862501E+1	0.0000000E+0	0.0000000E+0	1.0000000E+2	0.0000000E+0
1.2601000E+2	6.3606816E+1	5.9847153E+1	0.0000000E+0	0.0000000E+0	1.0000000E+2	0.0000000E+0
1.2606100E+2	6.3667111E+1	5.9869887E+1	0.0000000E+0	0.0000000E+0	1.0000000E+2	0.0000000E+0
1.2611200E+2	6.3698102E+1	5.9858908E+1	0.0000000E+0	0.0000000E+0	1.0000000E+2	0.0000000E+0
1.2616300E+2	6.3751647E+1	5.9874825E+1	0.0000000E+0	0.0000000E+0	1.0000000E+2	0.0000000E+0
1.2621300E+2	6.3780295E+1	5.9861693E+1	0.0000000E+0	0.0000000E+0	1.0000000E+2	0.0000000E+0
1.2626300E+2	6.3795736E+1	5.9852474E+1	0.0000000E+0	0.0000000E+0	1.0000000E+2	0.0000000E+0
1.2631300E+2	6.3812538E+1	5.9838628E+1	0.0000000E+0	0.0000000E+0	1.0000000E+2	0.0000000E+0
1.2636300E+2	6.3871721E+1	5.9851900E+1	0.0000000E+0	0.0000000E+0	1.0000000E+2	0.0000000E+0
1.2641300E+2	6.3930369E+1	5.9850599E+1	0.0000000E+0	0.0000000E+0	1.0000000E+2	0.0000000E+0
1.2646400E+2	6.3978986E+1	5.9863722E+1	0.0000000E+0	0.0000000E+0	1.0000000E+2	0.0000000E+0
1.2651400E+2	6.4021886E+1	5.9850044E+1	0.0000000E+0	0.0000000E+0	1.0000000E+2	0.0000000E+0
1.2656400E+2	6.4081816E+1	5.9843904E+1	0.0000000E+0	0.0000000E+0	1.0000000E+2	0.0000000E+0
1.2661400E+2	6.3879925E+1	5.9940379E+1	0.0000000E+0	0.0000000E+0	1.0000000E+2	0.0000000E+0
1.2666400E+2	6.2753172E+1	5.9852274E+1	0.0000000E+0	0.0000000E+0	1.0000000E+2	0.0000000E+0
1.2671400E+2	6.2766567E+1	5.9832452E+1	0.0000000E+0	0.0000000E+0	1.0000000E+2	0.0000000E+0
1.2676500E+2	6.2807641E+1	5.9858486E+1	0.0000000E+0	0.0000000E+0	1.0000000E+2	0.0000000E+0
1.2681500E+2	6.2815663E+1	5.9833402E+1	0.0000000E+0	0.0000000E+0	1.0000000E+2	0.0000000E+0
1.2686500E+2	6.2868720E+1	5.9843530E+1	0.0000000E+0	0.0000000E+0	1.0000000E+2	0.0000000E+0
1.2691500E+2	6.2899965E+1	5.9852244E+1	0.0000000E+0	0.0000000E+0	1.0000000E+2	0.0000000E+0
1.2696500E+2	6.2950542E+1	5.9838693E+1	0.0000000E+0	0.0000000E+0	1.0000000E+2	0.0000000E+0
1.2701500E+2	6.2994569E+1	5.9832322E+1	0.0000000E+0	0.0000000E+0	1.0000000E+2	0.0000000E+0
1.2706500E+2	6.3059062E+1	5.9826757E+1	0.0000000E+0	0.0000000E+0	1.0000000E+2	0.0000000E+0
1.2711600E+2	6.3115591E+1	5.9838810E+1	0.0000000E+0	0.0000000E+0	1.0000000E+2	0.0000000E+0
1.2716600E+2	6.3197660E+1	5.9857936E+1	0.0000000E+0	0.0000000E+0	1.0000000E+2	0.0000000E+0
1.2721600E+2	6.3241970E+1	5.9851401E+1	0.0000000E+0	0.0000000E+0	1.0000000E+2	0.0000000E+0
1.2726600E+2	6.3292239E+1	5.9856995E+1	0.0000000E+0	0.0000000E+0	1.0000000E+2	0.0000000E+0
1.2731600E+2	6.3331999E+1	5.9853679E+1	0.0000000E+0	0.0000000E+0	1.0000000E+2	0.0000000E+0
1.2736600E+2	6.3382478E+1	5.9852085E+1	0.0000000E+0	0.0000000E+0	1.0000000E+2	0.0000000E+0
1.2741600E+2	6.3428223E+1	5.9852525E+1	0.0000000E+0	0.0000000E+0	1.0000000E+2	0.0000000E+0
1.2746600E+2	6.3473958E+1	5.9841713E+1	0.0000000E+0	0.0000000E+0	1.0000000E+2	0.0000000E+0
1.2751600E+2	6.3506787E+1	5.9840944E+1	0.0000000E+0	0.0000000E+0	1.0000000E+2	0.0000000E+0
1.2756600E+2	6.3539286E+1	5.9827360E+1	0.0000000E+0	0.0000000E+0	1.0000000E+2	0.0000000E+0
1.2761600E+2	6.3596762E+1	5.9818465E+1	0.0000000E+0	0.0000000E+0	1.0000000E+2	0.0000000E+0
1.2766600E+2	6.3667179E+1	5.9835733E+1	0.0000000E+0	0.0000000E+0	1.0000000E+2	0.0000000E+0
1.2771600E+2	6.2915166E+1	5.9878915E+1	0.0000000E+0	0.0000000E+0	1.0000000E+2	0.0000000E+0
1.2776600E+2	6.2646258E+1	5.9811513E+1	0.0000000E+0	0.0000000E+0	1.0000000E+2	0.0000000E+0
1.2781700E+2	6.2668098E+1	5.9808641E+1	0.0000000E+0	0.0000000E+0	1.0000000E+2	0.0000000E+0
1.2786700E+2	6.2700563E+1	5.9809842E+1	0.0000000E+0	0.0000000E+0	1.0000000E+2	0.0000000E+0
1.2791700E+2	6.2711115E+1	5.9800282E+1	0.0000000E+0	0.0000000E+0	1.0000000E+2	0.0000000E+0
1.2796700E+2	6.2734427E+1	5.9783167E+1	0.0000000E+0	0.0000000E+0	1.0000000E+2	0.0000000E+0
1.2801700E+2	6.2756001E+1	5.9793574E+1	0.0000000E+0	0.0000000E+0	1.0000000E+2	0.0000000E+0
1.2806700E+2	6.2784887E+1	5.9783491E+1	0.0000000E+0	0.0000000E+0	1.0000000E+2	0.0000000E+0
1.2811700E+2	6.2830786E+1	5.9779983E+1	0.0000000E+0	0.0000000E+0	1.0000000E+2	0.0000000E+0
1.2816700E+2	6.2863823E+1	5.9784449E+1	0.0000000E+0	0.0000000E+0	1.0000000E+2	0.0000000E+0
1.2821700E+2	6.2904821E+1	5.9780261E+1	0.0000000E+0	0.0000000E+0	1.0000000E+2	0.0000000E+0
1.2826700E+2	6.2945390E+1	5.9784775E+1	0.0000000E+0	0.0000000E+0	1.0000000E+2	0.0000000E+0
1.2831700E+2	6.2974361E+1	5.9786737E+1	0.0000000E+0	0.0000000E+0	1.0000000E+2	0.0000000E+0
1.2836700E+2	6.3012576E+1	5.9783354E+1	0.0000000E+0	0.0000000E+0	1.0000000E+2	0.0000000E+0
1.2841700E+2	6.3058790E+1	5.9786232E+1	0.0000000E+0	0.0000000E+0	1.0000000E+2	0.0000000E+0
1.2846700E+2	6.3089548E+1	5.9790773E+1	0.0000000E+0	0.0000000E+0	1.0000000E+2	0.0000000E+0
1.2851700E+2	6.3136595E+1	5.9779016E+1	0.0000000E+0	0.0000000E+0	1.0000000E+2	0.0000000E+0
1.2856700E+2	6.3183017E+1	5.9783228E+1	0.0000000E+0	0.0000000E+0	1.0000000E+2	0.0000000E+0
1.2861800E+2	6.3209376E+1	5.9793837E+1	0.0000000E+0	0.0000000E+0	1.0000000E+2	0.0000000E+0
1.2866800E+2	6.3244306E+1	5.9799018E+1	0.0000000E+0	0.0000000E+0	1.0000000E+2	0.0000000E+0
1.2871800E+2	6.3288918E+1	5.9800082E+1	0.0000000E+0	0.0000000E+0	1.0000000E+2	0.0000000E+0
1.2876900E+2	6.3321594E+1	5.9782250E+1	0.0000000E+0	0.0000000E+0	1.0000000E+2	0.0000000E+0
1.2882000E+2	6.3373764E+1	5.9780064E+1	0.0000000E+0	0.0000000E+0	1.0000000E+2	0.0000000E+0
1.2887100E+2	6.3456390E+1	5.9807514E+1	0.0000000E+0	0.0000000E+0	1.0000000E+2	0.0000000E+0
1.2892200E+2	6.3498617E+1	5.9802661E+1	0.0000000E+0	0.0000000E+0	1.0000000E+2	0.0000000E+0
1.2897200E+2	6.3542696E+1	5.9803537E+1	0.0000000E+0	0.0000000E+0	1.0000000E+2	0.0000000E+0
1.2902200E+2	6.3575684E+1	5.9812609E+1	0.0000000E+0	0.0000000E+0	1.0000000E+2	0.0000000E+0
1.2907200E+2	6.3629811E+1	5.9815091E+1	0.0000000E+0	0.0000000E+0	1.0000000E+2	0.0000000E+0
1.2912200E+2	6.3669712E+1	5.9819654E+1	0.0000000E+0	0.0000000E+0	1.0000000E+2	0.0000000E+0
1.2917300E+2	6.3729885E+1	5.9820711E+1	0.0000000E+0	0.0000000E+0	1.0000000E+2	0.0000000E+0
1.2922300E+2	6.3788480E+1	5.9832152E+1	0.0000000E+0	0.0000000E+0	1.0000000E+2	0.0000000E+0
1.2927300E+2	6.3845439E+1	5.9845118E+1	0.0000000E+0	0.0000000E+0	1.0000000E+2	0.0000000E+0
1.2932300E+2	6.3864987E+1	5.9825847E+1	0.0000000E+0	0.0000000E+0	1.0000000E+2	0.0000000E+0
1.2937300E+2	6.3905597E+1	5.9819597E+1	0.0000000E+0	0.0000000E+0	1.0000000E+2	0.0000000E+0
1.2942300E+2	6.3965445E+1	5.9837072E+1	0.0000000E+0	0.0000000E+0	1.0000000E+2	0.0000000E+0
1.2947400E+2	6.4010021E+1	5.9842518E+1	0.0000000E+0	0.0000000E+0	1.0000000E+2	0.0000000E+0
1.2952400E+2	6.4030251E+1	5.9854130E+1	0.0000000E+0	0.0000000E+0	1.0000000E+2	0.0000000E+0
1.2957400E+2	6.2905774E+1	5.9941867E+1	0.0000000E+0	0.0000000E+0	1.0000000E+2	0.0000000E+0
1.2962400E+2	6.2565157E+1	5.9816235E+1	0.0000000E+0	0.0000000E+0	1.0000000E+2	0.0000000E+0
1.2967500E+2	6.2617711E+1	5.9832373E+1	0.0000000E+0	0.0000000E+0	1.0000000E+2	0.0000000E+0
1.2972500E+2	6.2679934E+1	5.9829298E+1	0.0000000E+0	0.0000000E+0	1.0000000E+2	0.0000000E+0
1.2977500E+2	6.2735791E+1	5.9834081E+1	0.0000000E+0	0.0000000E+0	1.0000000E+2	0.0000000E+0
1.2982500E+2	6.2776051E+1	5.9830661E+1	0.0000000E+0	0.0000000E+0	1.0000000E+2	0.0000000E+0
1.2987500E+2	6.2839186E+1	5.9847336E+1	0.0000000E+0	0.0000000E+0	1.0000000E+2	0.0000000E+0
1.2992500E+2	6.2884130E+1	5.9847060E+1	0.0000000E+0	0.0000000E+0	1.0000000E+2	0.0000000E+0
1.2997600E+2	6.2942395E+1	5.9848518E+1	0.0000000E+0	0.0000000E+0	1.0000000E+2	0.0000000E+0
1.3002600E+2	6.2993626E+1	5.9837818E+1	0.0000000E+0	0.0000000E+0	1.0000000E+2	0.0000000E+0
1.3007600E+2	6.3032024E+1	5.9844013E+1	0.0000000E+0	0.0000000E+0	1.0000000E+2	0.0000000E+0
1.3012700E+2	6.3084711E+1	5.9850587E+1	0.0000000E+0	0.0000000E+0	1.0000000E+2	0.0000000E+0
1.3017700E+2	6.3139072E+1	5.9842950E+1	0.0000000E+0	0.0000000E+0	1.0000000E+2	0.0000000E+0
1.3022700E+2	6.3176130E+1	5.9841547E+1	0.0000000E+0	0.0000000E+0	1.0000000E+2	0.0000000E+0
1.3027800E+2	6.3227123E+1	5.9838787E+1	0.0000000E+0	0.0000000E+0	1.0000000E+2	0.0000000E+0
1.3032800E+2	6.3298786E+1	5.9852047E+1	0.0000000E+0	0.0000000E+0	1.0000000E+2	0.0000000E+0
1.3037800E+2	6.3363551E+1	5.9858122E+1	0.0000000E+0	0.0000000E+0	1.0000000E+2	0.0000000E+0
1.3042900E+2	6.3415579E+1	5.9849694E+1	0.0000000E+0	0.0000000E+0	1.0000000E+2	0.0000000E+0
1.3047900E+2	6.3440290E+1	5.9861554E+1	0.0000000E+0	0.0000000E+0	1.0000000E+2	0.0000000E+0
1.3052900E+2	6.3472256E+1	5.9868980E+1	0.0000000E+0	0.0000000E+0	1.0000000E+2	0.0000000E+0
1.3057900E+2	6.3523343E+1	5.9873531E+1	0.0000000E+0	0.0000000E+0	1.0000000E+2	0.0000000E+0
1.3063000E+2	6.3058976E+1	5.9909642E+1	0.0000000E+0	0.0000000E+0	1.0000000E+2	0.0000000E+0
1.3068000E+2	6.2972446E+1	5.9870560E+1	0.0000000E+0	0.0000000E+0	1.0000000E+2	0.0000000E+0
1.3073000E+2	6.3021993E+1	5.9871226E+1	0.0000000E+0	0.0000000E+0	1.0000000E+2	0.0000000E+0
1.3078000E+2	6.3076766E+1	5.9885295E+1	0.0000000E+0	0.0000000E+0	1.0000000E+2	0.0000000E+0
1.3083000E+2	6.3110350E+1	5.9877103E+1	0.0000000E+0	0.0000000E+0	1.0000000E+2	0.0000000E+0
1.3088100E+2	6.3159405E+1	5.9883291E+1	0.0000000E+0	0.0000000E+0	1.0000000E+2	0.0000000E+0
1.3093200E+2	6.3196813E+1	5.9888828E+1	0.0000000E+0	0.0000000E+0	1.0000000E+2	0.0000000E+0
1.3098200E+2	6.3242945E+1	5.9902120E+1	0.0000000E+0	0.0000000E+0	1.0000000E+2	0.0000000E+0
1.3103200E+2	6.3271880E+1	5.9887207E+1	0.0000000E+0	0.0000000E+0	1.0000000E+2	0.0000000E+0
1.3108200E+2	6.3334709E+1	5.9892480E+1	0.0000000E+0	0.0000000E+0	1.0000000E+2	0.0000000E+0
1.3113200E+2	6.3376921E+1	5.9878983E+1	0.0000000E+0	0.0000000E+0	1.0000000E+2	0.0000000E+0
1.3118200E+2	6.3424223E+1	5.9885317E+1	0.0000000E+0	0.0000000E+0	1.0000000E+2	0.0000000E+0
1.3123200E+2	6.3479014E+1	5.9889326E+1	0.0000000E+0	0.0000000E+0	1.0000000E+2	0.0000000E+0
1.3128200E+2	6.3512801E+1	5.9868488E+1	0.0000000E+0	0.0000000E+0	1.0000000E+2	0.0000000E+0
1.3133200E+2	6.3557203E+1	5.9873968E+1	0.0000000E+0	0.0000000E+0	1.0000000E+2	0.0000000E+0
1.3138200E+2	6.3628644E+1	5.9884541E+1	0.0000000E+0	0.0000000E+0	1.0000000E+2	0.0000000E+0
1.3143200E+2	6.3675920E+1	5.9886625E+1	0.0000000E+0	0.0000000E+0	1.0000000E+2	0.0000000E+0
1.3148200E+2	6.3684746E+1	5.9878143E+1	0.0000000E+0	0.0000000E+0	1.0000000E+2	0.0000000E+0
1.3153200E+2	6.3719967E+1	5.9876951E+1	0.0000000E+0	0.0000000E+0	1.0000000E+2	0.0000000E+0
1.3158200E+2	6.3791244E+1	5.9880152E+1	0.0000000E+0	0.0000000E+0	1.0000000E+2	0.0000000E+0
1.3163200E+2	6.3829106E+1	5.9872033E+1	0.0000000E+0	0.0000000E+0	1.0000000E+2	0.0000000E+0
1.3168200E+2	6.3849349E+1	5.9851926E+1	0.0000000E+0	0.0000000E+0	1.0000000E+2	0.0000000E+0
1.3173200E+2	6.3884959E+1	5.9849554E+1	0.0000000E+0	0.0000000E+0	1.0000000E+2	0.0000000E+0
1.3178200E+2	6.3946848E+1	5.9864814E+1	0.0000000E+0	0.0000000E+0	1.0000000E+2	0.0000000E+0
1.3183200E+2	6.3968647E+1	5.9866497E+1	0.0000000E+0	0.0000000E+0	1.0000000E+2	0.0000000E+0
1.3188200E+2	6.2810963E+1	5.9951690E+1	0.0000000E+0	0.0000000E+0	1.0000000E+2	0.0000000E+0
1.3193200E+2	6.2786914E+1	5.9855088E+1	0.0000000E+0	0.0000000E+0	1.0000000E+2	0.0000000E+0
1.3198200E+2	6.2862600E+1	5.9873499E+1	0.0000000E+0	0.0000000E+0	1.0000000E+2	0.0000000E+0
1.3203200E+2	6.2919521E+1	5.9869709E+1	0.0000000E+0	0.0000000E+0	1.0000000E+2	0.0000000E+0
1.3208400E+2	6.2990844E+1	5.9874616E+1	0.0000000E+0	0.0000000E+0	1.0000000E+2	0.0000000E+0
1.3213400E+2	6.3034384E+1	5.9875844E+1	0.0000000E+0	0.0000000E+0	1.0000000E+2	0.0000000E+0
1.3218400E+2	6.3073821E+1	5.9875322E+1	0.0000000E+0	0.0000000E+0	1.0000000E+2	0.0000000E+0
1.3223400E+2	6.3120306E+1	5.9872936E+1	0.0000000E+0	0.0000000E+0	1.0000000E+2	0.0000000E+0
1.3228400E+2	6.3179813E+1	5.9881180E+1	0.0000000E+0	0.0000000E+0	1.0000000E+2	0.0000000E+0
1.3233400E+2	6.3227601E+1	5.9867397E+1	0.0000000E+0	0.0000000E+0	1.0000000E+2	0.0000000E+0
1.3238400E+2	6.3262563E+1	5.9886734E+1	0.0000000E+0	0.0000000E+0	1.0000000E+2	0.0000000E+0
1.3243400E+2	6.3291604E+1	5.9871857E+1	0.0000000E+0	0.0000000E+0	1.0000000E+2	0.0000000E+0
1.3248400E+2	6.3353962E+1	5.9874116E+1	0.0000000E+0	0.0000000E+0	1.0000000E+2	0.0000000E+0
1.3253400E+2	6.3389293E+1	5.9871681E+1	0.0000000E+0	0.0000000E+0	1.0000000E+2	0.0000000E+0
1.3258400E+2	6.3441916E+1	5.9847304E+1	0.0000000E+0	0.0000000E+0	1.0000000E+2	0.0000000E+0
1.3263400E+2	6.3497210E+1	5.9868725E+1	0.0000000E+0	0.0000000E+0	1.0000000E+2	0.0000000E+0
1.3268400E+2	6.3533653E+1	5.9866076E+1	0.0000000E+0	0.0000000E+0	1.0000000E+2	0.0000000E+0
1.3273400E+2	6.3555478E+1	5.9862479E+1	0.0000000E+0	0.0000000E+0	1.0000000E+2	0.0000000E+0
1.3278400E+2	6.3613173E+1	5.9859404E+1	0.0000000E+0	0.0000000E+0	1.0000000E+2	0.0000000E+0
1.3283400E+2	6.3663085E+1	5.9862723E+1	0.0000000E+0	0.0000000E+0	1.0000000E+2	0.0000000E+0
1.3288400E+2	6.3718974E+1	5.9872393E+1	0.0000000E+0	0.0000000E+0	1.0000000E+2	0.0000000E+0
1.3293400E+2	6.3774830E+1	5.9870664E+1	0.0000000E+0	0.0000000E+0	1.0000000E+2	0.0000000E+0
1.3298400E+2	6.3828657E+1	5.9880515E+1	0.0000000E+0	0.0000000E+0	1.0000000E+2	0.0000000E+0
1.3303500E+2	6.3753525E+1	5.9920520E+1	0.0000000E+0	0.0000000E+0	1.0000000E+2	0.0000000E+0
1.3308600E+2	6.2669904E+1	5.9919856E+1	0.0000000E+0	0.0000000E+0	1.0000000E+2	0.0000000E+0
1.3313600E+2	6.2656071E+1	5.9871313E+1	0.0000000E+0	0.0000000E+0	1.0000000E+2	0.0000000E+0
1.3318600E+2	6.2696798E+1	5.9876947E+1	0.0000000E+0	0.0000000E+0	1.0000000E+2	0.0000000E+0
1.3323600E+2	6.2755387E+1	5.9909003E+1	0.0000000E+0	0.0000000E+0	1.0000000E+2	0.0000000E+0
1.3328600E+2	6.2783079E+1	5.9904140E+1	0.0000000E+0	0.0000000E+0	1.0000000E+2	0.0000000E+0
1.3333600E+2	6.2779202E+1	5.9889990E+1	0.0000000E+0	0.0000000E+0	1.0000000E+2	0.0000000E+0
1.3338600E+2	6.2784843E+1	5.9888984E+1	0.0000000E+0	0.0000000E+0	1.0000000E+2	0.0000000E+0
1.3343600E+2	6.2803226E+1	5.9892043E+1	0.0000000E+0	0.0000000E+0	1.0000000E+2	0.0000000E+0
1.3348600E+2	6.2832243E+1	5.9880340E+1	0.0000000E+0	0.0000000E+0	1.0000000E+2	0.0000000E+0
1.3353600E+2	6.2858591E+1	5.9868005E+1	0.0000000E+0	0.0000000E+0	1.0000000E+2	0.0000000E+0
1.3358600E+2	6.2913318E+1	5.9867807E+1	0.0000000E+0	0.0000000E+0	1.0000000E+2	0.0000000E+0
1.3363600E+2	6.2957553E+1	5.9868515E+1	0.0000000E+0	0.0000000E+0	1.0000000E+2	0.0000000E+0
1.3368600E+2	6.3005944E+1	5.9874606E+1	0.0000000E+0	0.0000000E+0	1.0000000E+2	0.0000000E+0
1.3373600E+2	6.3043134E+1	5.9881755E+1	0.0000000E+0	0.0000000E+0	1.0000000E+2	0.0000000E+0
1.3378600E+2	6.3081009E+1	5.9864825E+1	0.0000000E+0	0.0000000E+0	1.0000000E+2	0.0000000E+0
1.3383700E+2	6.3130323E+1	5.9879833E+1	0.0000000E+0	0.0000000E+0	1.0000000E+2	0.0000000E+0
1.3388800E+2	6.3161546E+1	5.9865147E+1	0.0000000E+0	0.0000000E+0	1.0000000E+2	0.0000000E+0
1.3393800E+2	6.3210404E+1	5.9871304E+1	0.0000000E+0	0.0000000E+0	1.0000000E+2	0.0000000E+0
1.3398800E+2	6.3250516E+1	5.9874730E+1	0.0000000E+0	0.0000000E+0	1.0000000E+2	0.0000000E+0
1.3403800E+2	6.3292819E+1	5.9864229E+1	0.0000000E+0	0.0000000E+0	1.0000000E+2	0.0000000E+0
1.3408800E+2	6.3318561E+1	5.9867826E+1	0.0000000E+0	0.0000000E+0	1.0000000E+2	0.0000000E+0
1.3413800E+2	6.3355094E+1	5.9866079E+1	0.0000000E+0	0.0000000E+0	1.0000000E+2	0.0000000E+0
1.3418900E+2	6.3396706E+1	5.9881519E+1	0.0000000E+0	0.0000000E+0	1.0000000E+2	0.0000000E+0
1.3423900E+2	6.3409484E+1	5.9882523E+1	0.0000000E+0	0.0000000E+0	1.0000000E+2	0.0000000E+0
1.3428900E+2	6.3430708E+1	5.9870158E+1	0.0000000E+0	0.0000000E+0	1.0000000E+2	0.0000000E+0
1.3433900E+2	6.3466725E+1	5.9874120E+1	0.0000000E+0	0.0000000E+0	1.0000000E+2	0.0000000E+0
1.3438900E+2	6.3519031E+1	5.9870638E+1	0.0000000E+0	0.0000000E+0	1.0000000E+2	0.0000000E+0
1.3443900E+2	6.3570004E+1	5.9877649E+1	0.0000000E+0	0.0000000E+0	1.0000000E+2	0.0000000E+0
1.3448900E+2	6.3600285E+1	5.9873909E+1	0.0000000E+0	0.0000000E+0	1.0000000E+2	0.0000000E+0
1.3453900E+2	6.3637413E+1	5.9875315E+1	0.0000000E+0	0.0000000E+0	1.0000000E+2	0.0000000E+0
1.3459000E+2	6.3690668E+1	5.9890282E+1	0.0000000E+0	0.0000000E+0	1.0000000E+2	0.0000000E+0
1.3464000E+2	6.3711951E+1	5.9892015E+1	0.0000000E+0	0.0000000E+0	1.0000000E+2	0.0000000E+0
1.3469000E+2	6.3735222E+1	5.9889660E+1	0.0000000E+0	0.0000000E+0	1.0000000E+2	0.0000000E+0
1.3474000E+2	6.3766561E+1	5.9874091E+1	0.0000000E+0	0.0000000E+0	1.0000000E+2	0.0000000E+0
1.3479000E+2	6.3796886E+1	5.9883587E+1	0.0000000E+0	0.0000000E+0	1.0000000E+2	0.0000000E+0
1.3484100E+2	6.3411507E+1	5.9951004E+1	0.0000000E+0	0.0000000E+0	1.0000000E+2	0.0000000E+0
1.3489200E+2	6.2472607E+1	5.9863520E+1	0.0000000E+0	0.0000000E+0	1.0000000E+2	0.0000000E+0
1.3494200E+2	6.2503129E+1	5.9866606E+1	0.0000000E+0	0.0000000E+0	1.0000000E+2	0.0000000E+0
1.3499200E+2	6.2538859E+1	5.9864070E+1	0.0000000E+0	0.0000000E+0	1.0000000E+2	0.0000000E+0
1.3504300E+2	6.2573394E+1	5.9863078E+1	0.0000000E+0	0.0000000E+0	1.0000000E+2	0.0000000E+0
1.3509300E+2	6.2634299E+1	5.9880169E+1	0.0000000E+0	0.0000000E+0	1.0000000E+2	0.0000000E+0
1.3514300E+2	6.2650384E+1	5.9859959E+1	0.0000000E+0	0.0000000E+0	1.0000000E+2	0.0000000E+0
1.3519400E+2	6.2693712E+1	5.9860025E+1	0.0000000E+0	0.0000000E+0	1.0000000E+2	0.0000000E+0
1.3524500E+2	6.2750411E+1	5.9878721E+1	0.0000000E+0	0.0000000E+0	1.0000000E+2	0.0000000E+0
1.3529500E+2	6.2806016E+1	5.9884859E+1	0.0000000E+0	0.0000000E+0	1.0000000E+2	0.0000000E+0
1.3534500E+2	6.2836485E+1	5.9863113E+1	0.0000000E+0	0.0000000E+0	1.0000000E+2	0.0000000E+0
1.3539500E+2	6.2877523E+1	5.9871441E+1	0.0000000E+0	0.0000000E+0	1.0000000E+2	0.0000000E+0
1.3544500E+2	6.2893640E+1	5.9855234E+1	0.0000000E+0	0.0000000E+0	1.0000000E+2	0.0000000E+0
1.3549600E+2	6.2971620E+1	5.9861480E+1	0.0000000E+0	0.0000000E+0	1.0000000E+2	0.0000000E+0
1.3554600E+2	6.3065751E+1	5.9882406E+1	0.0000000E+0	0.0000000E+0	1.0000000E+2	0.0000000E+0
1.3559600E+2	6.3125645E+1	5.9890767E+1	0.0000000E+0	0.0000000E+0	1.0000000E+2	0.0000000E+0
1.3564600E+2	6.3176512E+1	5.9891694E+1	0.0000000E+0	0.0000000E+0	1.0000000E+2	0.0000000E+0
1.3569600E+2	6.3255271E+1	5.9905771E+1	0.0000000E+0	0.0000000E+0	1.0000000E+2	0.0000000E+0
1.3574600E+2	6.3305524E+1	5.9912356E+1	0.0000000E+0	0.0000000E+0	1.0000000E+2	0.0000000E+0
1.3579600E+2	6.3363891E+1	5.9900498E+1	0.0000000E+0	0.0000000E+0	1.0000000E+2	0.0000000E+0
1.3584600E+2	6.3416153E+1	5.9903792E+1	0.0000000E+0	0.0000000E+0	1.0000000E+2	0.0000000E+0
1.3589600E+2	6.3485821E+1	5.9889150E+1	0.0000000E+0	0.0000000E+0	1.0000000E+2	0.0000000E+0
1.3594600E+2	6.3559128E+1	5.9908354E+1	0.0000000E+0	0.0000000E+0	1.0000000E+2	0.0000000E+0
1.3599600E+2	6.3619956E+1	5.9908388E+1	0.0000000E+0	0.0000000E+0	1.0000000E+2	0.0000000E+0
1.3604600E+2	6.3687147E+1	5.9901306E+1	0.0000000E+0	0.0000000E+0	1.0000000E+2	0.0000000E+0
1.3609600E+2	6.3748162E+1	5.9897426E+1	0.0000000E+0	0.0000000E+0	1.0000000E+2	0.0000000E+0
1.3614600E+2	6.3811671E+1	5.9901720E+1	0.0000000E+0	0.0000000E+0	1.0000000E+2	0.0000000E+0
1.3619600E+2	6.3879103E+1	5.9905083E+1	0.0000000E+0	0.0000000E+0	1.0000000E+2	0.0000000E+0
1.3624600E+2	6.3932388E+1	5.9890409E+1	0.0000000E+0	0.0000000E+0	1.0000000E+2	0.0000000E+0
1.3629600E+2	6.4008077E+1	5.9915965E+1	0.0000000E+0	0.0000000E+0	1.0000000E+2	0.0000000E+0
1.3634600E+2	6.4054710E+1	5.9921861E+1	0.0000000E+0	0.0000000E+0	1.0000000E+2	0.0000000E+0
1.3639600E+2	6.4064277E+1	5.9910829E+1	0.0000000E+0	0.0000000E+0	1.0000000E+2	0.0000000E+0
1.3644600E+2	6.4091344E+1	5.9895289E+1	0.0000000E+0	0.0000000E+0	1.0000000E+2	0.0000000E+0
1.3649600E+2	6.4159036E+1	5.9899491E+1	0.0000000E+0	0.0000000E+0	1.0000000E+2	0.0000000E+0
1.3654600E+2	6.4201865E+1	5.9900672E+1	0.0000000E+0	0.0000000E+0	1.0000000E+2	0.0000000E+0
1.3659600E+2	6.4198014E+1	5.9931069E+1	0.0000000E+0	0.0000000E+0	1.0000000E+2	0.0000000E+0
1.3664600E+2	6.3063273E+1	5.9964937E+1	0.0000000E+0	0.0000000E+0	1.0000000E+2	0.0000000E+0
1.3669600E+2	6.3075365E+1	5.9894341E+1	0.0000000E+0	0.0000000E+0	1.0000000E+2	0.0000000E+0
1.3674600E+2	6.3125535E+1	5.9904923E+1	0.0000000E+0	0.0000000E+0	1.0000000E+2	0.0000000E+0
1.3679700E+2	6.3161914E+1	5.9909734E+1	0.0000000E+0	0.0000000E+0	1.0000000E+2	0.0000000E+0
1.3684800E+2	6.3206033E+1	5.9908725E+1	0.0000000E+0	0.0000000E+0	1.0000000E+2	0.0000000E+0
1.3689800E+2	6.3242855E+1	5.9908428E+1	0.0000000E+0	0.0000000E+0	1.0000000E+2	0.0000000E+0
1.3694800E+2	6.3291510E+1	5.9912918E+1	0.0000000E+0	0.0000000E+0	1.0000000E+2	0.0000000E+0
1.3699800E+2	6.3336123E+1	5.9902988E+1	0.0000000E+0	0.0000000E+0	1.0000000E+2	0.0000000E+0
1.3704800E+2	6.3396729E+1	5.9897423E+1	0.0000000E+0	0.0000000E+0	1.0000000E+2	0.0000000E+0
1.3709900E+2	6.3447797E+1	5.9917704E+1	0.0000000E+0	0.0000000E+0	1.0000000E+2	0.0000000E+0
1.3714900E+2	6.3463349E+1	5.9903403E+1	0.0000000E+0	0.0000000E+0	1.0000000E+2	0.0000000E+0
1.3720000E+2	6.3502294E+1	5.9902801E+1	0.0000000E+0	0.0000000E+0	1.0000000E+2	0.0000000E+0
1.3725000E+2	6.3567440E+1	5.9917320E+1	0.0000000E+0	0.0000000E+0	1.0000000E+2	0.0000000E+0
1.3730000E+2	6.3604750E+1	5.9897994E+1	0.0000000E+0	0.0000000E+0	1.0000000E+2	0.0000000E+0
1.3735000E+2	6.3666771E+1	5.9902524E+1	0.0000000E+0	0.0000000E+0	1.0000000E+2	0.0000000E+0
1.3740000E+2	6.3745152E+1	5.9916323E+1	0.0000000E+0	0.0000000E+0	1.0000000E+2	0.0000000E+0
1.3745000E+2	6.3789656E+1	5.9907451E+1	0.0000000E+0	0.0000000E+0	1.0000000E+2	0.0000000E+0
1.3750000E+2	6.3849588E+1	5.9911577E+1	0.0000000E+0	0.0000000E+0	1.0000000E+2	0.0000000E+0
1.3755100E+2	6.3924929E+1	5.9921849E+1	0.0000000E+0	0.0000000E+0	1.0000000E+2	0.0000000E+0
1.3760200E+2	6.3978581E+1	5.9906380E+1	0.0000000E+0	0.0000000E+0	1.0000000E+2	0.0000000E+0
1.3765300E+2	6.4032423E+1	5.9908390E+1	0.0000000E+0	0.0000000E+0	1.0000000E+2	0.0000000E+0
1.3770300E+2	6.4100502E+1	5.9914753E+1	0.0000000E+0	0.0000000E+0	1.0000000E+2	0.0000000E+0
1.3775300E+2	6.4146215E+1	5.9917345E+1	0.0000000E+0	0.0000000E+0	1.0000000E+2	0.0000000E+0
1.3780300E+2	6.4229326E+1	5.9935932E+1	0.0000000E+0	0.0000000E+0	1.0000000E+2	0.0000000E+0
1.3785300E+2	6.4266572E+1	5.9924899E+1	0.0000000E+0	0.0000000E+0	1.0000000E+2	0.0000000E+0
1.3790300E+2	6.4316548E+1	5.9928909E+1	0.0000000E+0	0.0000000E+0	1.0000000E+2	0.0000000E+0
1.3795300E+2	6.4374448E+1	5.9936675E+1	0.0000000E+0	0.0000000E+0	1.0000000E+2	0.0000000E+0
1.3800300E+2	6.4420382E+1	5.9926173E+1	0.0000000E+0	0.0000000E+0	1.0000000E+2	0.0000000E+0
1.3805300E+2	6.4453116E+1	5.9935654E+1	0.0000000E+0	0.0000000E+0	1.0000000E+2	0.0000000E+0
1.3810300E+2	6.4476169E+1	5.9929485E+1	0.0000000E+0	0.0000000E+0	1.0000000E+2	0.0000000E+0
1.3815300E+2	6.4541015E+1	5.9942000E+1	0.0000000E+0	0.0000000E+0	1.0000000E+2	0.0000000E+0
1.3820300E+2	6.4583356E+1	5.9934799E+1	0.0000000E+0	0.0000000E+0	1.0000000E+2	0.0000000E+0
1.3825400E+2	6.4641707E+1	5.9939192E+1	0.0000000E+0	0.0000000E+0	1.0000000E+2	0.0000000E+0
1.3830500E+2	6.4713945E+1	5.9935123E+1	0.0000000E+0	0.0000000E+0	1.0000000E+2	0.0000000E+0
1.3835600E+2	6.4775838E+1	5.9930340E+1	0.0000000E+0	0.0000000E+0	1.0000000E+2	0.0000000E+0
1.3840600E+2	6.4796107E+1	5.9923162E+1	0.0000000E+0	0.0000000E+0	1.0000000E+2	0.0000000E+0
1.3845600E+2	6.4866533E+1	5.9951070E+1	0.0000000E+0	0.0000000E+0	1.0000000E+2	0.0000000E+0
1.3850600E+2	6.4903784E+1	5.9953803E+1	0.0000000E+0	0.0000000E+0	1.0000000E+2	0.0000000E+0
1.3855600E+2	6.4930528E+1	5.9944897E+1	0.0000000E+0	0.0000000E+0	1.0000000E+2	0.0000000E+0
1.3860600E+2	6.4958253E+1	5.9933302E+1	0.0000000E+0	0.0000000E+0	1.0000000E+2	0.0000000E+0
1.3865700E+2	6.5008237E+1	5.9949571E+1	0.0000000E+0	0.0000000E+0	1.0000000E+2	0.0000000E+0
1.3870700E+2	6.5039834E+1	5.9944056E+1	0.0000000E+0	0.0000000E+0	1.0000000E+2	0.0000000E+0
1.3875700E+2	6.5089793E+1	5.9940589E+1	0.0000000E+0	0.0000000E+0	1.0000000E+2	0.0000000E+0
1.3880700E+2	6.5124256E+1	5.9941597E+1	0.0000000E+0	0.0000000E+0	1.0000000E+2	0.0000000E+0
1.3885700E+2	6.5153340E+1	5.9939728E+1	0.0000000E+0	0.0000000E+0	1.0000000E+2	0.0000000E+0
1.3890700E+2	6.5184712E+1	5.9936048E+1	0.0000000E+0	0.0000000E+0	1.0000000E+2	0.0000000E+0
1.3895700E+2	6.3631989E+1	6.0114152E+1	0.0000000E+0	0.0000000E+0	1.0000000E+2	0.0000000E+0
1.3900700E+2	6.2701126E+1	5.9867462E+1	0.0000000E+0	0.0000000E+0	1.0000000E+2	0.0000000E+0
1.3905800E+2	6.2745080E+1	5.9917923E+1	0.0000000E+0	0.0000000E+0	1.0000000E+2	0.0000000E+0
1.3910900E+2	6.2788783E+1	5.9913011E+1	0.0000000E+0	0.0000000E+0	1.0000000E+2	0.0000000E+0
1.3915900E+2	6.2799955E+1	5.9922461E+1	0.0000000E+0	0.0000000E+0	1.0000000E+2	0.0000000E+0
1.3920900E+2	6.2791605E+1	5.9924658E+1	0.0000000E+0	0.0000000E+0	1.0000000E+2	0.0000000E+0
1.3926000E+2	6.2826588E+1	5.9937848E+1	0.0000000E+0	0.0000000E+0	1.0000000E+2	0.0000000E+0
1.3931000E+2	6.2824826E+1	5.9912451E+1	0.0000000E+0	0.0000000E+0	1.0000000E+2	0.0000000E+0
1.3936000E+2	6.2853955E+1	5.9914768E+1	0.0000000E+0	0.0000000E+0	1.0000000E+2	0.0000000E+0
1.3941100E+2	6.2899381E+1	5.9937577E+1	0.0000000E+0	0.0000000E+0	1.0000000E+2	0.0000000E+0
1.3946100E+2	6.2918783E+1	5.9918420E+1	0.0000000E+0	0.0000000E+0	1.0000000E+2	0.0000000E+0
1.3951100E+2	6.2949085E+1	5.9923964E+1	0.0000000E+0	0.0000000E+0	1.0000000E+2	0.0000000E+0
1.3956100E+2	6.2983056E+1	5.9926724E+1	0.0000000E+0	0.0000000E+0	1.0000000E+2	0.0000000E+0
1.3961100E+2	6.3018883E+1	5.9912265E+1	0.0000000E+0	0.0000000E+0	1.0000000E+2	0.0000000E+0
1.3966100E+2	6.3059283E+1	5.9935247E+1	0.0000000E+0	0.0000000E+0	1.0000000E+2	0.0000000E+0
1.3971100E+2	6.3093898E+1	5.9929016E+1	0.0000000E+0	0.0000000E+0	1.0000000E+2	0.0000000E+0
1.3976100E+2	6.3132350E+1	5.9921284E+1	0.0000000E+0	0.0000000E+0	1.0000000E+2	0.0000000E+0
1.3981100E+2	6.3162170E+1	5.9913858E+1	0.0000000E+0	0.0000000E+0	1.0000000E+2	0.0000000E+0
1.3986100E+2	6.3201279E+1	5.9920273E+1	0.0000000E+0	0.0000000E+0	1.0000000E+2	0.0000000E+0
1.3991100E+2	6.3244477E+1	5.9927884E+1	0.0000000E+0	0.0000000E+0	1.0000000E+2	0.0000000E+0
1.3996200E+2	6.3274524E+1	5.9916975E+1	0.0000000E+0	0.0000000E+0	1.0000000E+2	0.0000000E+0
1.4001200E+2	6.3307753E+1	5.9917955E+1	0.0000000E+0	0.0000000E+0	1.0000000E+2	0.0000000E+0
1.4006200E+2	6.3343176E+1	5.9914319E+1	0.0000000E+0	0.0000000E+0	1.0000000E+2	0.0000000E+0
1.4011200E+2	6.3373296E+1	5.9915584E+1	0.0000000E+0	0.0000000E+0	1.0000000E+2	0.0000000E+0
1.4016200E+2	6.3396453E+1	5.9911148E+1	0.0000000E+0	0.0000000E+0	1.0000000E+2	0.0000000E+0
1.4021200E+2	6.3417700E+1	5.9908677E+1	0.0000000E+0	0.0000000E+0	1.0000000E+2	0.0000000E+0
1.4026200E+2	6.3481624E+1	5.9934844E+1	0.0000000E+0	0.0000000E+0	1.0000000E+2	0.0000000E+0
1.4031200E+2	6.3495250E+1	5.9941234E+1	0.0000000E+0	0.0000000E+0	1.0000000E+2	0.0000000E+0
1.4036200E+2	6.3008940E+1	5.9948428E+1	0.0000000E+0	0.0000000E+0	1.0000000E+2	0.0000000E+0
1.4041200E+2	6.3010020E+1	5.9918385E+1	0.0000000E+0	0.0000000E+0	1.0000000E+2	0.0000000E+0
1.4046200E+2	6.3065591E+1	5.9927594E+1	0.0000000E+0	0.0000000E+0	1.0000000E+2	0.0000000E+0
1.4051200E+2	6.3134266E+1	5.9937419E+1	0.0000000E+0	0.0000000E+0	1.0000000E+2	0.0000000E+0
1.4056200E+2	6.3174593E+1	5.9925236E+1	0.0000000E+0	0.0000000E+0	1.0000000E+2	0.0000000E+0
1.4061200E+2	6.3229530E+1	5.9929668E+1	0.0000000E+0	0.0000000E+0	1.0000000E+2	0.0000000E+0
1.4066200E+2	6.3294961E+1	5.9945920E+1	0.0000000E+0	0.0000000E+0	1.0000000E+2	0.0000000E+0
1.4071200E+2	6.3328201E+1	5.9922887E+1	0.0000000E+0	0.0000000E+0	1.0000000E+2	0.0000000E+0
1.4076200E+2	6.3395430E+1	5.9928318E+1	0.0000000E+0	0.0000000E+0	1.0000000E+2	0.0000000E+0
1.4081200E+2	6.3448912E+1	5.9947178E+1	0.0000000E+0	0.0000000E+0	1.0000000E+2	0.0000000E+0
1.4086200E+2	6.3482648E+1	5.9949611E+1	0.0000000E+0	0.0000000E+0	1.0000000E+2	0.0000000E+0
1.4091200E+2	6.3526818E+1	5.9944763E+1	0.0000000E+0	0.0000000E+0	1.0000000E+2	0.0000000E+0
1.4096300E+2	6.3559470E+1	5.9947062E+1	0.0000000E+0	0.0000000E+0	1.0000000E+2	0.0000000E+0
1.4101300E+2	6.3603054E+1	5.9936022E+1	0.0000000E+0	0.0000000E+0	1.0000000E+2	0.0000000E+0
1.4106400E+2	6.3650729E+1	5.9957837E+1	0.0000000E+0	0.0000000E+0	1.0000000E+2	0.0000000E+0
1.4111500E+2	6.3694299E+1	5.9948632E+1	0.0000000E+0	0.0000000E+0	1.0000000E+2	0.0000000E+0
1.4116500E+2	6.3732473E+1	5.9937397E+1	0.0000000E+0	0.0000000E+0	1.0000000E+2	0.0000000E+0
1.4121600E+2	6.3771626E+1	5.9923710E+1	0.0000000E+0	0.0000000E+0	1.0000000E+2	0.0000000E+0
1.4126700E+2	6.3800149E+1	5.9930362E+1	0.0000000E+0	0.0000000E+0	1.0000000E+2	0.0000000E+0
1.4131700E+2	6.3850396E+1	5.9955877E+1	0.0000000E+0	0.0000000E+0	1.0000000E+2	0.0000000E+0
1.4136700E+2	6.3846168E+1	5.9952501E+1	0.0000000E+0	0.0000000E+0	1.0000000E+2	0.0000000E+0
1.4141700E+2	6.3880037E+1	5.9957456E+1	0.0000000E+0	0.0000000E+0	1.0000000E+2	0.0000000E+0
1.4146800E+2	6.3912417E+1	5.9945156E+1	0.0000000E+0	0.0000000E+0	1.0000000E+2	0.0000000E+0
1.4151900E+2	6.3974181E+1	5.9956546E+1	0.0000000E+0	0.0000000E+0	1.0000000E+2	0.0000000E+0
1.4156900E+2	6.4007608E+1	5.9944466E+1	0.0000000E+0	0.0000000E+0	1.0000000E+2	0.0000000E+0
1.4161900E+2	6.4070892E+1	5.9951580E+1	0.0000000E+0	0.0000000E+0	1.0000000E+2	0.0000000E+0
1.4167000E+2	6.4140811E+1	5.9967908E+1	0.0000000E+0	0.0000000E+0	1.0000000E+2	0.0000000E+0
1.4172000E+2	6.3530986E+1	6.0065704E+1	0.0000000E+0	0.0000000E+0	1.0000000E+2	0.0000000E+0
1.4177100E+2	6.3092709E+1	5.9951465E+1	0.0000000E+0	0.0000000E+0	1.0000000E+2	0.0000000E+0
1.4182100E+2	6.3138238E+1	5.9958497E+1	0.0000000E+0	0.0000000E+0	1.0000000E+2	0.0000000E+0
1.4187100E+2	6.3203845E+1	5.9965792E+1	0.0000000E+0	0.0000000E+0	1.0000000E+2	0.0000000E+0
1.4192100E+2	6.3235357E+1	5.9966908E+1	0.0000000E+0	0.0000000E+0	1.0000000E+2	0.0000000E+0
1.4197200E+2	6.3277572E+1	5.9959621E+1	0.0000000E+0	0.0000000E+0	1.0000000E+2	0.0000000E+0
1.4202200E+2	6.3353657E+1	5.9977676E+1	0.0000000E+0	0.0000000E+0	1.0000000E+2	0.0000000E+0
1.4207300E+2	6.3403643E+1	5.9989709E+1	0.0000000E+0	0.0000000E+0	1.0000000E+2	0.0000000E+0
1.4212400E+2	6.3431635E+1	5.9970340E+1	0.0000000E+0	0.0000000E+0	1.0000000E+2	0.0000000E+0
1.4217500E+2	6.3483517E+1	5.9968231E+1	0.0000000E+0	0.0000000E+0	1.0000000E+2	0.0000000E+0
1.4222500E+2	6.3527788E+1	5.9977226E+1	0.0000000E+0	0.0000000E+0	1.0000000E+2	0.0000000E+0
1.4227500E+2	6.3584354E+1	5.9974606E+1	0.0000000E+0	0.0000000E+0	1.0000000E+2	0.0000000E+0
1.4232500E+2	6.3617828E+1	5.9986658E+1	0.0000000E+0	0.0000000E+0	1.0000000E+2	0.0000000E+0
1.4237500E+2	6.3634094E+1	5.9986661E+1	0.0000000E+0	0.0000000E+0	1.0000000E+2	0.0000000E+0
1.4242500E+2	6.3693471E+1	5.9995906E+1	0.0000000E+0	0.0000000E+0	1.0000000E+2	0.0000000E+0
1.4247500E+2	6.3732571E+1	5.9982750E+1	0.0000000E+0	0.0000000E+0	1.0000000E+2	0.0000000E+0
1.4252500E+2	6.3769001E+1	5.9972951E+1	0.0000000E+0	0.0000000E+0	1.0000000E+2	0.0000000E+0
1.4257600E+2	6.3819262E+1	5.9967298E+1	0.0000000E+0	0.0000000E+0	1.0000000E+2	0.0000000E+0
1.4262600E+2	6.3850078E+1	5.9961904E+1	0.0000000E+0	0.0000000E+0	1.0000000E+2	0.0000000E+0
1.4267600E+2	6.3883609E+1	5.9957186E+1	0.0000000E+0	0.0000000E+0	1.0000000E+2	0.0000000E+0
1.4272600E+2	6.3908832E+1	5.9950839E+1	0.0000000E+0	0.0000000E+0	1.0000000E+2	0.0000000E+0
1.4277600E+2	6.3467438E+1	6.0024234E+1	0.0000000E+0	0.0000000E+0	1.0000000E+2	0.0000000E+0
1.4282600E+2	6.2486345E+1	5.9931444E+1	0.0000000E+0	0.0000000E+0	1.0000000E+2	0.0000000E+0
1.4287600E+2	6.2507309E+1	5.9919136E+1	0.0000000E+0	0.0000000E+0	1.0000000E+2	0.0000000E+0
1.4292600E+2	6.2540003E+1	5.9918182E+1	0.0000000E+0	0.0000000E+0	1.0000000E+2	0.0000000E+0
1.4297600E+2	6.2580883E+1	5.9918974E+1	0.0000000E+0	0.0000000E+0	1.0000000E+2	0.0000000E+0
1.4302600E+2	6.2619336E+1	5.9935969E+1	0.0000000E+0	0.0000000E+0	1.0000000E+2	0.0000000E+0
1.4307600E+2	6.2664984E+1	5.9935880E+1	0.0000000E+0	0.0000000E+0	1.0000000E+2	0.0000000E+0
1.4312600E+2	6.2716544E+1	5.9941071E+1	0.0000000E+0	0.0000000E+0	1.0000000E+2	0.0000000E+0
1.4317600E+2	6.2758375E+1	5.9958793E+1	0.0000000E+0	0.0000000E+0	1.0000000E+2	0.0000000E+0
1.4322600E+2	6.2801667E+1	5.9951236E+1	0.0000000E+0	0.0000000E+0	1.0000000E+2	0.0000000E+0
1.4327700E+2	6.2843534E+1	5.9943556E+1	0.0000000E+0	0.0000000E+0	1.0000000E+2	0.0000000E+0
1.4332700E+2	6.2895965E+1	5.9945063E+1	0.0000000E+0	0.0000000E+0	1.0000000E+2	0.0000000E+0
1.4337700E+2	6.2898797E+1	5.9959037E+1	0.0000000E+0	0.0000000E+0	1.0000000E+2	0.0000000E+0
1.4342700E+2	6.2934505E+1	5.9950365E+1	0.0000000E+0	0.0000000E+0	1.0000000E+2	0.0000000E+0
1.4347700E+2	6.2988917E+1	5.9954290E+1	0.0000000E+0	0.0000000E+0	1.0000000E+2	0.0000000E+0
1.4352700E+2	6.3063080E+1	5.9963817E+1	0.0000000E+0	0.0000000E+0	1.0000000E+2	0.0000000E+0
1.4357700E+2	6.3092606E+1	5.9945815E+1	0.0000000E+0	0.0000000E+0	1.0000000E+2	0.0000000E+0
1.4362700E+2	6.3166276E+1	5.9967047E+1	0.0000000E+0	0.0000000E+0	1.0000000E+2	0.0000000E+0
1.4367800E+2	6.3222760E+1	5.9963735E+1	0.0000000E+0	0.0000000E+0	1.0000000E+2	0.0000000E+0
1.4372800E+2	6.3284041E+1	5.9960844E+1	0.0000000E+0	0.0000000E+0	1.0000000E+2	0.0000000E+0
1.4377800E+2	6.3348615E+1	5.9966063E+1	0.0000000E+0	0.0000000E+0	1.0000000E+2	0.0000000E+0
1.4382800E+2	6.3390142E+1	5.9954128E+1	0.0000000E+0	0.0000000E+0	1.0000000E+2	0.0000000E+0
1.4387800E+2	6.3459959E+1	5.9958658E+1	0.0000000E+0	0.0000000E+0	1.0000000E+2	0.0000000E+0
1.4392800E+2	6.3517954E+1	5.9964510E+1	0.0000000E+0	0.0000000E+0	1.0000000E+2	0.0000000E+0
1.4397900E+2	6.3563676E+1	5.9952121E+1	0.0000000E+0	0.0000000E+0	1.0000000E+2	0.0000000E+0
1.4402900E+2	6.3609699E+1	5.9942499E+1	0.0000000E+0	0.0000000E+0	1.0000000E+2	0.0000000E+0
1.4407900E+2	6.3673908E+1	5.9958782E+1	0.0000000E+0	0.0000000E+0	1.0000000E+2	0.0000000E+0
1.4412900E+2	6.3719811E+1	5.9950420E+1	0.0000000E+0	0.0000000E+0	1.0000000E+2	0.0000000E+0
1.4417900E+2	6.3742832E+1	5.9941856E+1	0.0000000E+0	0.0000000E+0	1.0000000E+2	0.0000000E+0
1.4422900E+2	6.3801175E+1	5.9957363E+1	0.0000000E+0	0.0000000E+0	1.0000000E+2	0.0000000E+0
1.4427900E+2	6.3834636E+1	5.9947884E+1	0.0000000E+0	0.0000000E+0	1.0000000E+2	0.0000000E+0
1.4432900E+2	6.3835578E+1	5.9953113E+1	0.0000000E+0	0.0000000E+0	1.0000000E+2	0.0000000E+0
1.4437900E+2	6.3831588E+1	5.9942335E+1	0.0000000E+0	0.0000000E+0	1.0000000E+2	0.0000000E+0
1.4442900E+2	6.3886821E+1	5.9954136E+1	0.0000000E+0	0.0000000E+0	1.0000000E+2	0.0000000E+0
1.4447900E+2	6.3930817E+1	5.9957883E+1	0.0000000E+0	0.0000000E+0	1.0000000E+2	0.0000000E+0
1.4452900E+2	6.3997013E+1	5.9955942E+1	0.0000000E+0	0.0000000E+0	1.0000000E+2	0.0000000E+0
1.4457900E+2	6.4031851E+1	5.9955238E+1	0.0000000E+0	0.0000000E+0	1.0000000E+2	0.0000000E+0
1.4462900E+2	6.3763709E+1	6.0054448E+1	0.0000000E+0	0.0000000E+0	1.0000000E+2	0.0000000E+0
1.4467900E+2	6.2517853E+1	5.9958406E+1	0.0000000E+0	0.0000000E+0	1.0000000E+2	0.0000000E+0
1.4473000E+2	6.2552755E+1	5.9964132E+1	0.0000000E+0	0.0000000E+0	1.0000000E+2	0.0000000E+0
1.4478000E+2	6.2570177E+1	5.9957503E+1	0.0000000E+0	0.0000000E+0	1.0000000E+2	0.0000000E+0
1.4483000E+2	6.2589545E+1	5.9944475E+1	0.0000000E+0	0.0000000E+0	1.0000000E+2	0.0000000E+0
1.4488100E+2	6.2641018E+1	5.9940653E+1	0.0000000E+0	0.0000000E+0	1.0000000E+2	0.0000000E+0
1.4493100E+2	6.2683616E+1	5.9947426E+1	0.0000000E+0	0.0000000E+0	1.0000000E+2	0.0000000E+0
1.4498100E+2	6.2740395E+1	5.9952759E+1	0.0000000E+0	0.0000000E+0	1.0000000E+2	0.0000000E+0
1.4503100E+2	6.2776585E+1	5.9956748E+1	0.0000000E+0	0.0000000E+0	1.0000000E+2	0.0000000E+0
1.4508200E+2	6.2822291E+1	5.9959175E+1	0.0000000E+0	0.0000000E+0	1.0000000E+2	0.0000000E+0
1.4513200E+2	6.2867001E+1	5.9957940E+1	0.0000000E+0	0.0000000E+0	1.0000000E+2	0.0000000E+0
1.4518200E+2	6.2916745E+1	5.9955546E+1	0.0000000E+0	0.0000000E+0	1.0000000E+2	0.0000000E+0
1.4523200E+2	6.2947408E+1	5.9958434E+1	0.0000000E+0	0.0000000E+0	1.0000000E+2	0.0000000E+0
1.4528300E+2	6.2983009E+1	5.9945308E+1	0.0000000E+0	0.0000000E+0	1.0000000E+2	0.0000000E+0
1.4533300E+2	6.3007911E+1	5.9948154E+1	0.0000000E+0	0.0000000E+0	1.0000000E+2	0.0000000E+0
1.4538300E+2	6.3023582E+1	5.9940020E+1	0.0000000E+0	0.0000000E+0	1.0000000E+2	0.0000000E+0
1.4543300E+2	6.3066294E+1	5.9949929E+1	0.0000000E+0	0.0000000E+0	1.0000000E+2	0.0000000E+0
1.4548300E+2	6.3143802E+1	5.9953752E+1	0.0000000E+0	0.0000000E+0	1.0000000E+2	0.0000000E+0
1.4553300E+2	6.3169761E+1	5.9946812E+1	0.0000000E+0	0.0000000E+0	1.0000000E+2	0.0000000E+0
1.4558300E+2	6.3218056E+1	5.9943588E+1	0.0000000E+0	0.0000000E+0	1.0000000E+2	0.0000000E+0
1.4563300E+2	6.3280092E+1	5.9953192E+1	0.0000000E+0	0.0000000E+0	1.0000000E+2	0.0000000E+0
1.4568300E+2	6.3310074E+1	5.9939469E+1	0.0000000E+0	0.0000000E+0	1.0000000E+2	0.0000000E+0
1.4573300E+2	6.3359629E+1	5.9951253E+1	0.0000000E+0	0.0000000E+0	1.0000000E+2	0.0000000E+0
1.4578300E+2	6.3370054E+1	5.9954020E+1	0.0000000E+0	0.0000000E+0	1.0000000E+2	0.0000000E+0
1.4583300E+2	6.3392713E+1	5.9942800E+1	0.0000000E+0	0.0000000E+0	1.0000000E+2	0.0000000E+0
1.4588300E+2	6.3400737E+1	5.9928098E+1	0.0000000E+0	0.0000000E+0	1.0000000E+2	0.0000000E+0
1.4593300E+2	6.3447427E+1	5.9932984E+1	0.0000000E+0	0.0000000E+0	1.0000000E+2	0.0000000E+0
1.4598300E+2	6.3512450E+1	5.9946078E+1	0.0000000E+0	0.0000000E+0	1.0000000E+2	0.0000000E+0
1.4603300E+2	6.3556103E+1	5.9955654E+1	0.0000000E+0	0.0000000E+0	1.0000000E+2	0.0000000E+0
1.4608300E+2	6.3587025E+1	5.9956101E+1	0.0000000E+0	0.0000000E+0	1.0000000E+2	0.0000000E+0
1.4613300E+2	6.3606285E+1	5.9944306E+1	0.0000000E+0	0.0000000E+0	1.0000000E+2	0.0000000E+0
1.4618300E+2	6.3647035E+1	5.9960767E+1	0.0000000E+0	0.0000000E+0	1.0000000E+2	0.0000000E+0
1.4623300E+2	6.3682618E+1	5.9957730E+1	0.0000000E+0	0.0000000E+0	1.0000000E+2	0.0000000E+0
1.4628300E+2	6.3656671E+1	5.9948201E+1	0.0000000E+0	0.0000000E+0	1.0000000E+2	0.0000000E+0
1.4633300E+2	6.3686875E+1	5.9940334E+1	0.0000000E+0	0.0000000E+0	1.0000000E+2	0.0000000E+0
1.4638300E+2	6.3713039E+1	5.9952151E+1	0.0000000E+0	0.0000000E+0	1.0000000E+2	0.0000000E+0
1.4643300E+2	6.3785931E+1	5.9970070E+1	0.0000000E+0	0.0000000E+0	1.0000000E+2	0.0000000E+0
1.4648300E+2	6.3837577E+1	5.9972508E+1	0.0000000E+0	0.0000000E+0	1.0000000E+2	0.0000000E+0
1.4653300E+2	6.3875271E+1	5.9987202E+1	0.0000000E+0	0.0000000E+0	1.0000000E+2	0.0000000E+0
1.4658300E+2	6.3910311E+1	5.9975575E+1	0.0000000E+0	0.0000000E+0	1.0000000E+2	0.0000000E+0
1.4663300E+2	6.3952159E+1	5.9978853E+1	0.0000000E+0	0.0000000E+0	1.0000000E+2	0.0000000E+0
1.4668300E+2	6.4017977E+1	5.9996408E+1	0.0000000E+0	0.0000000E+0	1.0000000E+2	0.0000000E+0
1.4673300E+2	6.4067424E+1	5.9996175E+1	0.0000000E+0	0.0000000E+0	1.0000000E+2	0.0000000E+0
1.4678300E+2	6.4106748E+1	5.9990513E+1	0.0000000E+0	0.0000000E+0	1.0000000E+2	0.0000000E+0
1.4683300E+2	6.4137654E+1	5.9978514E+1	0.0000000E+0	0.0000000E+0	1.0000000E+2	0.0000000E+0
1.4688300E+2	6.4187561E+1	5.9980706E+1	0.0000000E+0	0.0000000E+0	1.0000000E+2	0.0000000E+0
1.4693300E+2	6.4222753E+1	5.9967137E+1	0.0000000E+0	0.0000000E+0	1.0000000E+2	0.0000000E+0
1.4698300E+2	6.3072802E+1	6.0116113E+1	0.0000000E+0	0.0000000E+0	1.0000000E+2	0.0000000E+0
1.4703500E+2	6.2746893E+1	5.9938215E+1	0.0000000E+0	0.0000000E+0	1.0000000E+2	0.0000000E+0
1.4708500E+2	6.2814178E+1	5.9953985E+1	0.0000000E+0	0.0000000E+0	1.0000000E+2	0.0000000E+0
1.4713500E+2	6.2862441E+1	5.9940218E+1	0.0000000E+0	0.0000000E+0	1.0000000E+2	0.0000000E+0
1.4718500E+2	6.2920473E+1	5.9953371E+1	0.0000000E+0	0.0000000E+0	1.0000000E+2	0.0000000E+0
1.4723500E+2	6.2973101E+1	5.9963136E+1	0.0000000E+0	0.0000000E+0	1.0000000E+2	0.0000000E+0
1.4728500E+2	6.3020780E+1	5.9974462E+1	0.0000000E+0	0.0000000E+0	1.0000000E+2	0.0000000E+0
1.4733500E+2	6.3056914E+1	5.9972400E+1	0.0000000E+0	0.0000000E+0	1.0000000E+2	0.0000000E+0
1.4738500E+2	6.3112181E+1	5.9973104E+1	0.0000000E+0	0.0000000E+0	1.0000000E+2	0.0000000E+0
1.4743500E+2	6.3162445E+1	5.9980950E+1	0.0000000E+0	0.0000000E+0	1.0000000E+2	0.0000000E+0
1.4748600E+2	6.3210170E+1	5.9981148E+1	0.0000000E+0	0.0000000E+0	1.0000000E+2	0.0000000E+0
1.4753600E+2	6.3235182E+1	5.9974420E+1	0.0000000E+0	0.0000000E+0	1.0000000E+2	0.0000000E+0
1.4758600E+2	6.3276742E+1	5.9986584E+1	0.0000000E+0	0.0000000E+0	1.0000000E+2	0.0000000E+0
1.4763600E+2	6.3307648E+1	5.9977113E+1	0.0000000E+0	0.0000000E+0	1.0000000E+2	0.0000000E+0
1.4768600E+2	6.3339480E+1	5.9980118E+1	0.0000000E+0	0.0000000E+0	1.0000000E+2	0.0000000E+0
1.4773700E+2	6.3378865E+1	5.9972330E+1	0.0000000E+0	0.0000000E+0	1.0000000E+2	0.0000000E+0
1.4778700E+2	6.3411409E+1	5.9969039E+1	0.0000000E+0	0.0000000E+0	1.0000000E+2	0.0000000E+0
1.4783700E+2	6.3444729E+1	5.9960946E+1	0.0000000E+0	0.0000000E+0	1.0000000E+2	0.0000000E+0
1.4788700E+2	6.3504287E+1	5.9980526E+1	0.0000000E+0	0.0000000E+0	1.0000000E+2	0.0000000E+0
1.4793700E+2	6.3537095E+1	5.9964226E+1	0.0000000E+0	0.0000000E+0	1.0000000E+2	0.0000000E+0
1.4798700E+2	6.3569460E+1	5.9967583E+1	0.0000000E+0	0.0000000E+0	1.0000000E+2	0.0000000E+0
1.4803700E+2	6.3611611E+1	5.9948383E+1	0.0000000E+0	0.0000000E+0	1.0000000E+2	0.0000000E+0
1.4808700E+2	6.3669786E+1	5.9966277E+1	0.0000000E+0	0.0000000E+0	1.0000000E+2	0.0000000E+0
1.4813700E+2	6.3725687E+1	5.9981508E+1	0.0000000E+0	0.0000000E+0	1.0000000E+2	0.0000000E+0
1.4818700E+2	6.3774156E+1	5.9964530E+1	0.0000000E+0	0.0000000E+0	1.0000000E+2	0.0000000E+0
1.4823800E+2	6.3819085E+1	5.9963124E+1	0.0000000E+0	0.0000000E+0	1.0000000E+2	0.0000000E+0
1.4828900E+2	6.3858687E+1	5.9973929E+1	0.0000000E+0	0.0000000E+0	1.0000000E+2	0.0000000E+0
1.4834000E+2	6.3900162E+1	5.9969178E+1	0.0000000E+0	0.0000000E+0	1.0000000E+2	0.0000000E+0
1.4839100E+2	6.3917940E+1	5.9974649E+1	0.0000000E+0	0.0000000E+0	1.0000000E+2	0.0000000E+0
1.4844100E+2	6.3932560E+1	5.9964813E+1	0.0000000E+0	0.0000000E+0	1.0000000E+2	0.0000000E+0
1.4849100E+2	6.3967586E+1	5.9953215E+1	0.0000000E+0	0.0000000E+0	1.0000000E+2	0.0000000E+0
1.4854100E+2	6.4015020E+1	5.9953018E+1	0.0000000E+0	0.0000000E+0	1.0000000E+2	0.0000000E+0
1.4859100E+2	6.4065028E+1	5.9971261E+1	0.0000000E+0	0.0000000E+0	1.0000000E+2	0.0000000E+0
1.4864200E+2	6.4092264E+1	5.9948090E+1	0.0000000E+0	0.0000000E+0	1.0000000E+2	0.0000000E+0
1.4869300E+2	6.4144682E+1	5.9953054E+1	0.0000000E+0	0.0000000E+0	1.0000000E+2	0.0000000E+0
1.4874300E+2	6.4181074E+1	5.9963132E+1	0.0000000E+0	0.0000000E+0	1.0000000E+2	0.0000000E+0
1.4879300E+2	6.4251378E+1	5.9965026E+1	0.0000000E+0	0.0000000E+0	1.0000000E+2	0.0000000E+0
1.4884300E+2	6.4290768E+1	5.9975698E+1	0.0000000E+0	0.0000000E+0	1.0000000E+2	0.0000000E+0
1.4889300E+2	6.3491763E+1	6.0161348E+1	0.0000000E+0	0.0000000E+0	1.0000000E+2	0.0000000E+0
1.4894300E+2	6.1902971E+1	5.9906807E+1	0.0000000E+0	0.0000000E+0	1.0000000E+2	0.0000000E+0
1.4899300E+2	6.1956307E+1	5.9932453E+1	0.0000000E+0	0.0000000E+0	1.0000000E+2	0.0000000E+0
1.4904300E+2	6.2007205E+1	5.9944942E+1	0.0000000E+0	0.0000000E+0	1.0000000E+2	0.0000000E+0
1.4909300E+2	6.2051610E+1	5.9962663E+1	0.0000000E+0	0.0000000E+0	1.0000000E+2	0.0000000E+0
1.4914300E+2	6.2052182E+1	5.9960711E+1	0.0000000E+0	0.0000000E+0	1.0000000E+2	0.0000000E+0
1.4919300E+2	6.2087581E+1	5.9964815E+1	0.0000000E+0	0.0000000E+0	1.0000000E+2	0.0000000E+0
1.4924300E+2	6.2116375E+1	5.9963527E+1	0.0000000E+0	0.0000000E+0	1.0000000E+2	0.0000000E+0
1.4929300E+2	6.2191264E+1	5.9977132E+1	0.0000000E+0	0.0000000E+0	1.0000000E+2	0.0000000E+0
1.4934300E+2	6.2226264E+1	5.9977788E+1	0.0000000E+0	0.0000000E+0	1.0000000E+2	0.0000000E+0
1.4939300E+2	6.2267159E+1	5.9972032E+1	0.0000000E+0	0.0000000E+0	1.0000000E+2	0.0000000E+0
1.4944300E+2	6.2307200E+1	5.9974967E+1	0.0000000E+0	0.0000000E+0	1.0000000E+2	0.0000000E+0
1.4949300E+2	6.2329336E+1	5.9965923E+1	0.0000000E+0	0.0000000E+0	1.0000000E+2	0.0000000E+0
1.4954300E+2	6.2363411E+1	5.9970380E+1	0.0000000E+0	0.0000000E+0	1.0000000E+2	0.0000000E+0
1.4959300E+2	6.2393436E+1	5.9962062E+1	0.0000000E+0	0.0000000E+0	1.0000000E+2	0.0000000E+0
1.4964300E+2	6.2442120E+1	5.9971102E+1	0.0000000E+0	0.0000000E+0	1.0000000E+2	0.0000000E+0
1.4969300E+2	6.2476720E+1	5.9962124E+1	0.0000000E+0	0.0000000E+0	1.0000000E+2	0.0000000E+0
1.4974500E+2	6.2527046E+1	5.9977481E+1	0.0000000E+0	0.0000000E+0	1.0000000E+2	0.0000000E+0
1.4979500E+2	6.2575436E+1	5.9971640E+1	0.0000000E+0	0.0000000E+0	1.0000000E+2	0.0000000E+0
1.4984500E+2	6.2618982E+1	5.9972390E+1	0.0000000E+0	0.0000000E+0	1.0000000E+2	0.0000000E+0
1.4989600E+2	6.2658539E+1	5.9956984E+1	0.0000000E+0	0.0000000E+0	1.0000000E+2	0.0000000E+0
1.4994600E+2	6.2710667E+1	5.9983072E+1	0.0000000E+0	0.0000000E+0	1.0000000E+2	0.0000000E+0
1.4999700E+2	6.2769209E+1	5.9972205E+1	0.0000000E+0	0.0000000E+0	1.0000000E+2	0.0000000E+0
1.5004700E+2	6.2826606E+1	5.9995754E+1	0.0000000E+0	0.0000000E+0	1.0000000E+2	0.0000000E+0
1.5009700E+2	6.2851880E+1	5.9959380E+1	0.0000000E+0	0.0000000E+0	1.0000000E+2	0.0000000E+0
1.5014800E+2	6.2905500E+1	5.9984525E+1	0.0000000E+0	0.0000000E+0	1.0000000E+2	0.0000000E+0
1.5019800E+2	6.2964146E+1	5.9983480E+1	0.0000000E+0	0.0000000E+0	1.0000000E+2	0.0000000E+0
1.5024800E+2	6.2977413E+1	5.9992815E+1	0.0000000E+0	0.0000000E+0	1.0000000E+2	0.0000000E+0
1.5029800E+2	6.3012616E+1	5.9992646E+1	0.0000000E+0	0.0000000E+0	1.0000000E+2	0.0000000E+0
1.5034900E+2	6.3070160E+1	5.9993033E+1	0.0000000E+0	0.0000000E+0	1.0000000E+2	0.0000000E+0
1.5039900E+2	6.3097270E+1	5.9993773E+1	0.0000000E+0	0.0000000E+0	1.0000000E+2	0.0000000E+0
1.5044900E+2	6.3155983E+1	6.0010850E+1	0.0000000E+0	0.0000000E+0	1.0000000E+2	0.0000000E+0
1.5049900E+2	6.3198673E+1	6.0016441E+1	0.0000000E+0	0.0000000E+0	1.0000000E+2	0.0000000E+0
1.5055000E+2	6.3238680E+1	6.0008864E+1	0.0000000E+0	0.0000000E+0	1.0000000E+2	0.0000000E+0
1.5060000E+2	6.3285375E+1	6.0027534E+1	0.0000000E+0	0.0000000E+0	1.0000000E+2	0.0000000E+0
1.5065000E+2	6.3310650E+1	6.0017099E+1	0.0000000E+0	0.0000000E+0	1.0000000E+2	0.0000000E+0
1.5070000E+2	6.3330307E+1	6.0011509E+1	0.0000000E+0	0.0000000E+0	1.0000000E+2	0.0000000E+0
1.5075000E+2	6.3349000E+1	6.0006768E+1	0.0000000E+0	0.0000000E+0	1.0000000E+2	0.0000000E+0
1.5080000E+2	6.3391794E+1	6.0017354E+1	0.0000000E+0	0.0000000E+0	1.0000000E+2	0.0000000E+0
1.5085000E+2	6.3421479E+1	6.0011315E+1	0.0000000E+0	0.0000000E+0	1.0000000E+2	0.0000000E+0
1.5090000E+2	6.3464821E+1	6.0011123E+1	0.0000000E+0	0.0000000E+0	1.0000000E+2	0.0000000E+0
1.5095000E+2	6.3458568E+1	6.0001344E+1	0.0000000E+0	0.0000000E+0	1.0000000E+2	0.0000000E+0
1.5100100E+2	6.3471619E+1	5.9998667E+1	0.0000000E+0	0.0000000E+0	1.0000000E+2	0.0000000E+0
1.5105100E+2	6.3505935E+1	5.9994661E+1	0.0000000E+0	0.0000000E+0	1.0000000E+2	0.0000000E+0
1.5110200E+2	6.3546367E+1	5.9988235E+1	0.0000000E+0	0.0000000E+0	1.0000000E+2	0.0000000E+0
1.5115200E+2	6.3592212E+1	6.0006117E+1	0.0000000E+0	0.0000000E+0	1.0000000E+2	0.0000000E+0
1.5120200E+2	6.3625164E+1	5.9999116E+1	0.0000000E+0	0.0000000E+0	1.0000000E+2	0.0000000E+0
1.5125200E+2	6.3676842E+1	6.0000046E+1	0.0000000E+0	0.0000000E+0	1.0000000E+2	0.0000000E+0
1.5130200E+2	6.3712513E+1	6.0003623E+1	0.0000000E+0	0.0000000E+0	1.0000000E+2	0.0000000E+0
1.5135200E+2	6.3728742E+1	5.9993835E+1	0.0000000E+0	0.0000000E+0	1.0000000E+2	0.0000000E+0
1.5140200E+2	6.3751022E+1	5.9979978E+1	0.0000000E+0	0.0000000E+0	1.0000000E+2	0.0000000E+0
1.5145200E+2	6.3807245E+1	5.9973269E+1	0.0000000E+0	0.0000000E+0	1.0000000E+2	0.0000000E+0
1.5150200E+2	6.3857754E+1	5.9991859E+1	0.0000000E+0	0.0000000E+0	1.0000000E+2	0.0000000E+0
1.5155200E+2	6.3913943E+1	5.9992926E+1	0.0000000E+0	0.0000000E+0	1.0000000E+2	0.0000000E+0
1.5160200E+2	6.3948317E+1	5.9972271E+1	0.0000000E+0	0.0000000E+0	1.0000000E+2	0.0000000E+0
1.5165200E+2	6.3977918E+1	5.9967206E+1	0.0000000E+0	0.0000000E+0	1.0000000E+2	0.0000000E+0
1.5170200E+2	6.3992119E+1	5.9972546E+1	0.0000000E+0	0.0000000E+0	1.0000000E+2	0.0000000E+0
1.5175200E+2	6.4025696E+1	5.9979035E+1	0.0000000E+0	0.0000000E+0	1.0000000E+2	0.0000000E+0
1.5180200E+2	6.4012613E+1	6.0010363E+1	0.0000000E+0	0.0000000E+0	1.0000000E+2	0.0000000E+0
1.5185200E+2	6.2025585E+1	6.0086315E+1	0.0000000E+0	0.0000000E+0	1.0000000E+2	0.0000000E+0
1.5190200E+2	6.1972734E+1	5.9924067E+1	0.0000000E+0	0.0000000E+0	1.0000000E+2	0.0000000E+0
1.5195300E+2	6.2008567E+1	5.9953402E+1	0.0000000E+0	0.0000000E+0	1.0000000E+2	0.0000000E+0
1.5200300E+2	6.2040122E+1	5.9955471E+1	0.0000000E+0	0.0000000E+0	1.0000000E+2	0.0000000E+0
1.5205300E+2	6.2083038E+1	5.9947787E+1	0.0000000E+0	0.0000000E+0	1.0000000E+2	0.0000000E+0
1.5210300E+2	6.2113551E+1	5.9962950E+1	0.0000000E+0	0.0000000E+0	1.0000000E+2	0.0000000E+0
1.5215400E+2	6.2172336E+1	5.9975046E+1	0.0000000E+0	0.0000000E+0	1.0000000E+2	0.0000000E+0
1.5220400E+2	6.2208571E+1	5.9972286E+1	0.0000000E+0	0.0000000E+0	1.0000000E+2	0.0000000E+0
1.5225400E+2	6.2269206E+1	5.9980775E+1	0.0000000E+0	0.0000000E+0	1.0000000E+2	0.0000000E+0
1.5230400E+2	6.2301391E+1	5.9959269E+1	0.0000000E+0	0.0000000E+0	1.0000000E+2	0.0000000E+0
1.5235400E+2	6.2338004E+1	5.9954784E+1	0.0000000E+0	0.0000000E+0	1.0000000E+2	0.0000000E+0
1.5240400E+2	6.2359495E+1	5.9957755E+1	0.0000000E+0	0.0000000E+0	1.0000000E+2	0.0000000E+0
1.5245400E+2	6.2394990E+1	5.9949257E+1	0.0000000E+0	0.0000000E+0	1.0000000E+2	0.0000000E+0
1.5250400E+2	6.2416953E+1	5.9945767E+1	0.0000000E+0	0.0000000E+0	1.0000000E+2	0.0000000E+0
1.5255400E+2	6.2455974E+1	5.9955058E+1	0.0000000E+0	0.0000000E+0	1.0000000E+2	0.0000000E+0
1.5260400E+2	6.2506095E+1	5.9965874E+1	0.0000000E+0	0.0000000E+0	1.0000000E+2	0.0000000E+0
1.5265400E+2	6.2532058E+1	5.9950888E+1	0.0000000E+0	0.0000000E+0	1.0000000E+2	0.0000000E+0
1.5270400E+2	6.2540414E+1	5.9952398E+1	0.0000000E+0	0.0000000E+0	1.0000000E+2	0.0000000E+0
1.5275400E+2	6.2588042E+1	5.9960938E+1	0.0000000E+0	0.0000000E+0	1.0000000E+2	0.0000000E+0
1.5280400E+2	6.2641559E+1	5.9966469E+1	0.0000000E+0	0.0000000E+0	1.0000000E+2	0.0000000E+0
1.5285400E+2	6.2654964E+1	5.9930875E+1	0.0000000E+0	0.0000000E+0	1.0000000E+2	0.0000000E+0
1.5290400E+2	6.2707372E+1	5.9955646E+1	0.0000000E+0	0.0000000E+0	1.0000000E+2	0.0000000E+0
1.5295400E+2	6.2763475E+1	5.9952537E+1	0.0000000E+0	0.0000000E+0	1.0000000E+2	0.0000000E+0
1.5300400E+2	6.2795071E+1	5.9948643E+1	0.0000000E+0	0.0000000E+0	1.0000000E+2	0.0000000E+0
1.5305400E+2	6.2844400E+1	5.9954230E+1	0.0000000E+0	0.0000000E+0	1.0000000E+2	0.0000000E+0
1.5310400E+2	6.2867993E+1	5.9947505E+1	0.0000000E+0	0.0000000E+0	1.0000000E+2	0.0000000E+0
1.5315400E+2	6.2897995E+1	5.9959108E+1	0.0000000E+0	0.0000000E+0	1.0000000E+2	0.0000000E+0
1.5320400E+2	6.2914010E+1	5.9942239E+1	0.0000000E+0	0.0000000E+0	1.0000000E+2	0.0000000E+0
1.5325400E+2	6.2936564E+1	5.9948737E+1	0.0000000E+0	0.0000000E+0	1.0000000E+2	0.0000000E+0
1.5330400E+2	6.2958912E+1	5.9934926E+1	0.0000000E+0	0.0000000E+0	1.0000000E+2	0.0000000E+0
1.5335400E+2	6.2998565E+1	5.9928016E+1	0.0000000E+0	0.0000000E+0	1.0000000E+2	0.0000000E+0
1.5340400E+2	6.3063671E+1	5.9946629E+1	0.0000000E+0	0.0000000E+0	1.0000000E+2	0.0000000E+0
1.5345400E+2	6.3096865E+1	5.9958548E+1	0.0000000E+0	0.0000000E+0	1.0000000E+2	0.0000000E+0
1.5350400E+2	6.3129362E+1	5.9945171E+1	0.0000000E+0	0.0000000E+0	1.0000000E+2	0.0000000E+0
1.5355400E+2	6.3140622E+1	5.9933347E+1	0.0000000E+0	0.0000000E+0	1.0000000E+2	0.0000000E+0
1.5360400E+2	6.3166434E+1	5.9946625E+1	0.0000000E+0	0.0000000E+0	1.0000000E+2	0.0000000E+0
1.5365400E+2	6.3161370E+1	5.9952435E+1	0.0000000E+0	0.0000000E+0	1.0000000E+2	0.0000000E+0
1.5370400E+2	6.3200383E+1	5.9968041E+1	0.0000000E+0	0.0000000E+0	1.0000000E+2	0.0000000E+0
1.5375400E+2	6.2037806E+1	6.0046302E+1	0.0000000E+0	0.0000000E+0	1.0000000E+2	0.0000000E+0
1.5380400E+2	6.1978152E+1	5.9904580E+1	0.0000000E+0	0.0000000E+0	1.0000000E+2	0.0000000E+0
1.5385400E+2	6.2051964E+1	5.9939606E+1	0.0000000E+0	0.0000000E+0	1.0000000E+2	0.0000000E+0
1.5390400E+2	6.2082309E+1	5.9926740E+1	0.0000000E+0	0.0000000E+0	1.0000000E+2	0.0000000E+0
1.5395500E+2	6.2118559E+1	5.9945688E+1	0.0000000E+0	0.0000000E+0	1.0000000E+2	0.0000000E+0
1.5400500E+2	6.2158335E+1	5.9929597E+1	0.0000000E+0	0.0000000E+0	1.0000000E+2	0.0000000E+0
1.5405600E+2	6.2198745E+1	5.9929268E+1	0.0000000E+0	0.0000000E+0	1.0000000E+2	0.0000000E+0
1.5410600E+2	6.2248191E+1	5.9938193E+1	0.0000000E+0	0.0000000E+0	1.0000000E+2	0.0000000E+0
1.5415600E+2	6.2268937E+1	5.9932206E+1	0.0000000E+0	0.0000000E+0	1.0000000E+2	0.0000000E+0
1.5420600E+2	6.2315733E+1	5.9945261E+1	0.0000000E+0	0.0000000E+0	1.0000000E+2	0.0000000E+0
1.5425600E+2	6.2368181E+1	5.9944960E+1	0.0000000E+0	0.0000000E+0	1.0000000E+2	0.0000000E+0
1.5430600E+2	6.2415428E+1	5.9954888E+1	0.0000000E+0	0.0000000E+0	1.0000000E+2	0.0000000E+0
1.5435600E+2	6.2457776E+1	5.9941286E+1	0.0000000E+0	0.0000000E+0	1.0000000E+2	0.0000000E+0
1.5440600E+2	6.2462073E+1	5.9954665E+1	0.0000000E+0	0.0000000E+0	1.0000000E+2	0.0000000E+0
1.5445600E+2	6.2489226E+1	5.9959720E+1	0.0000000E+0	0.0000000E+0	1.0000000E+2	0.0000000E+0
1.5450600E+2	6.2525975E+1	5.9946892E+1	0.0000000E+0	0.0000000E+0	1.0000000E+2	0.0000000E+0
1.5455600E+2	6.2571444E+1	5.9947032E+1	0.0000000E+0	0.0000000E+0	1.0000000E+2	0.0000000E+0
1.5460600E+2	6.2603573E+1	5.9946730E+1	0.0000000E+0	0.0000000E+0	1.0000000E+2	0.0000000E+0
1.5465700E+2	6.2614942E+1	5.9929964E+1	0.0000000E+0	0.0000000E+0	1.0000000E+2	0.0000000E+0
1.5470700E+2	6.2656611E+1	5.9930247E+1	0.0000000E+0	0.0000000E+0	1.0000000E+2	0.0000000E+0
1.5475800E+2	6.2694797E+1	5.9926744E+1	0.0000000E+0	0.0000000E+0	1.0000000E+2	0.0000000E+0
1.5480800E+2	6.2737924E+1	5.9936360E+1	0.0000000E+0	0.0000000E+0	1.0000000E+2	0.0000000E+0
1.5485800E+2	6.2776943E+1	5.9929694E+1	0.0000000E+0	0.0000000E+0	1.0000000E+2	0.0000000E+0
1.5490800E+2	6.2825315E+1	5.9941826E+1	0.0000000E+0	0.0000000E+0	1.0000000E+2	0.0000000E+0
1.5495900E+2	6.2874959E+1	5.9941267E+1	0.0000000E+0	0.0000000E+0	1.0000000E+2	0.0000000E+0
1.5501000E+2	6.2887639E+1	5.9935306E+1	0.0000000E+0	0.0000000E+0	1.0000000E+2	0.0000000E+0
1.5506000E+2	6.2912167E+1	5.9922235E+1	0.0000000E+0	0.0000000E+0	1.0000000E+2	0.0000000E+0
1.5511000E+2	6.2952508E+1	5.9928870E+1	0.0000000E+0	0.0000000E+0	1.0000000E+2	0.0000000E+0
1.5516100E+2	6.2939768E+1	5.9950118E+1	0.0000000E+0	0.0000000E+0	1.0000000E+2	0.0000000E+0
1.5521100E+2	6.2961768E+1	5.9947825E+1	0.0000000E+0	0.0000000E+0	1.0000000E+2	0.0000000E+0
1.5526100E+2	6.3012960E+1	5.9926962E+1	0.0000000E+0	0.0000000E+0	1.0000000E+2	0.0000000E+0
1.5531100E+2	6.3071127E+1	5.9932272E+1	0.0000000E+0	0.0000000E+0	1.0000000E+2	0.0000000E+0
1.5536100E+2	6.3125552E+1	5.9940668E+1	0.0000000E+0	0.0000000E+0	1.0000000E+2	0.0000000E+0
1.5541100E+2	6.3169343E+1	5.9948618E+1	0.0000000E+0	0.0000000E+0	1.0000000E+2	0.0000000E+0
1.5546100E+2	6.3219724E+1	5.9943713E+1	0.0000000E+0	0.0000000E+0	1.0000000E+2	0.0000000E+0
1.5551100E+2	6.3278852E+1	5.9944032E+1	0.0000000E+0	0.0000000E+0	1.0000000E+2	0.0000000E+0
1.5556100E+2	6.3347028E+1	5.9961297E+1	0.0000000E+0	0.0000000E+0	1.0000000E+2	0.0000000E+0
1.5561100E+2	6.2210288E+1	6.0115844E+1	0.0000000E+0	0.0000000E+0	1.0000000E+2	0.0000000E+0
1.5566200E+2	6.1440241E+1	5.9901705E+1	0.0000000E+0	0.0000000E+0	1.0000000E+2	0.0000000E+0
1.5571200E+2	6.1508336E+1	5.9920979E+1	0.0000000E+0	0.0000000E+0	1.0000000E+2	0.0000000E+0
1.5576200E+2	6.1544327E+1	5.9925748E+1	0.0000000E+0	0.0000000E+0	1.0000000E+2	0.0000000E+0
1.5581200E+2	6.1577618E+1	5.9926986E+1	0.0000000E+0	0.0000000E+0	1.0000000E+2	0.0000000E+0
1.5586200E+2	6.1578424E+1	5.9935434E+1	0.0000000E+0	0.0000000E+0	1.0000000E+2	0.0000000E+0
1.5591200E+2	6.1603245E+1	5.9936017E+1	0.0000000E+0	0.0000000E+0	1.0000000E+2	0.0000000E+0
1.5596200E+2	6.1643499E+1	5.9936198E+1	0.0000000E+0	0.0000000E+0	1.0000000E+2	0.0000000E+0
1.5601300E+2	6.1682411E+1	5.9931043E+1	0.0000000E+0	0.0000000E+0	1.0000000E+2	0.0000000E+0
1.5606300E+2	6.1739452E+1	5.9938892E+1	0.0000000E+0	0.0000000E+0	1.0000000E+2	0.0000000E+0
1.5611300E+2	6.1793962E+1	5.9945924E+1	0.0000000E+0	0.0000000E+0	1.0000000E+2	0.0000000E+0
1.5616300E+2	6.1820505E+1	5.9936905E+1	0.0000000E+0	0.0000000E+0	1.0000000E+2	0.0000000E+0
1.5621300E+2	6.1863447E+1	5.9933475E+1	0.0000000E+0	0.0000000E+0	1.0000000E+2	0.0000000E+0
1.5626300E+2	6.1913710E+1	5.9948009E+1	0.0000000E+0	0.0000000E+0	1.0000000E+2	0.0000000E+0
1.5631300E+2	6.1963175E+1	5.9938133E+1	0.0000000E+0	0.0000000E+0	1.0000000E+2	0.0000000E+0
1.5636300E+2	6.2014153E+1	5.9964709E+1	0.0000000E+0	0.0000000E+0	1.0000000E+2	0.0000000E+0
1.5641300E+2	6.2046822E+1	5.9953680E+1	0.0000000E+0	0.0000000E+0	1.0000000E+2	0.0000000E+0
1.5646300E+2	6.2075602E+1	5.9943586E+1	0.0000000E+0	0.0000000E+0	1.0000000E+2	0.0000000E+0
1.5651300E+2	6.2116795E+1	5.9941493E+1	0.0000000E+0	0.0000000E+0	1.0000000E+2	0.0000000E+0
1.5656300E+2	6.2150926E+1	5.9940941E+1	0.0000000E+0	0.0000000E+0	1.0000000E+2	0.0000000E+0
1.5661300E+2	6.2188946E+1	5.9935481E+1	0.0000000E+0	0.0000000E+0	1.0000000E+2	0.0000000E+0
1.5666300E+2	6.2221476E+1	5.9931219E+1	0.0000000E+0	0.0000000E+0	1.0000000E+2	0.0000000E+0
1.5671300E+2	6.2222278E+1	5.9941451E+1	0.0000000E+0	0.0000000E+0	1.0000000E+2	0.0000000E+0
1.5676300E+2	6.2249125E+1	5.9941167E+1	0.0000000E+0	0.0000000E+0	1.0000000E+2	0.0000000E+0
1.5681400E+2	6.2314902E+1	5.9948164E+1	0.0000000E+0	0.0000000E+0	1.0000000E+2	0.0000000E+0
1.5686400E+2	6.2333374E+1	5.9944716E+1	0.0000000E+0	0.0000000E+0	1.0000000E+2	0.0000000E+0
1.5691400E+2	6.2388209E+1	5.9949685E+1	0.0000000E+0	0.0000000E+0	1.0000000E+2	0.0000000E+0
1.5696400E+2	6.2424600E+1	5.9938814E+1	0.0000000E+0	0.0000000E+0	1.0000000E+2	0.0000000E+0
1.5701400E+2	6.2472186E+1	5.9950880E+1	0.0000000E+0	0.0000000E+0	1.0000000E+2	0.0000000E+0
1.5706400E+2	6.2511268E+1	5.9953357E+1	0.0000000E+0	0.0000000E+0	1.0000000E+2	0.0000000E+0
1.5711400E+2	6.2565609E+1	5.9977621E+1	0.0000000E+0	0.0000000E+0	1.0000000E+2	0.0000000E+0
1.5716400E+2	6.2583555E+1	5.9963368E+1	0.0000000E+0	0.0000000E+0	1.0000000E+2	0.0000000E+0
1.5721400E+2	6.1538019E+1	6.0054412E+1	0.0000000E+0	0.0000000E+0	1.0000000E+2	0.0000000E+0
1.5726400E+2	6.1463056E+1	5.9937189E+1	0.0000000E+0	0.0000000E+0	1.0000000E+2	0.0000000E+0
1.5731400E+2	6.1515620E+1	5.9946509E+1	0.0000000E+0	0.0000000E+0	1.0000000E+2	0.0000000E+0
1.5736400E+2	6.1525598E+1	5.9941256E+1	0.0000000E+0	0.0000000E+0	1.0000000E+2	0.0000000E+0
1.5741400E+2	6.1534827E+1	5.9944243E+1	0.0000000E+0	0.0000000E+0	1.0000000E+2	0.0000000E+0
1.5746500E+2	6.1579178E+1	5.9946302E+1	0.0000000E+0	0.0000000E+0	1.0000000E+2	0.0000000E+0
1.5751500E+2	6.1613465E+1	5.9948139E+1	0.0000000E+0	0.0000000E+0	1.0000000E+2	0.0000000E+0
1.5756600E+2	6.1645905E+1	5.9945733E+1	0.0000000E+0	0.0000000E+0	1.0000000E+2	0.0000000E+0
1.5761600E+2	6.1685018E+1	5.9935851E+1	0.0000000E+0	0.0000000E+0	1.0000000E+2	0.0000000E+0
1.5766700E+2	6.1731036E+1	5.9947432E+1	0.0000000E+0	0.0000000E+0	1.0000000E+2	0.0000000E+0
1.5771800E+2	6.1784087E+1	5.9950471E+1	0.0000000E+0	0.0000000E+0	1.0000000E+2	0.0000000E+0
1.5776900E+2	6.1801523E+1	5.9941083E+1	0.0000000E+0	0.0000000E+0	1.0000000E+2	0.0000000E+0
1.5782000E+2	6.1865911E+1	5.9944009E+1	0.0000000E+0	0.0000000E+0	1.0000000E+2	0.0000000E+0
1.5787100E+2	6.1902114E+1	5.9949923E+1	0.0000000E+0	0.0000000E+0	1.0000000E+2	0.0000000E+0
1.5792100E+2	6.1941148E+1	5.9954674E+1	0.0000000E+0	0.0000000E+0	1.0000000E+2	0.0000000E+0
1.5797100E+2	6.1984007E+1	5.9967243E+1	0.0000000E+0	0.0000000E+0	1.0000000E+2	0.0000000E+0
1.5802100E+2	6.2023192E+1	5.9977666E+1	0.0000000E+0	0.0000000E+0	1.0000000E+2	0.0000000E+0
1.5807200E+2	6.2031523E+1	5.9987083E+1	0.0000000E+0	0.0000000E+0	1.0000000E+2	0.0000000E+0
1.5812200E+2	6.2081181E+1	5.9975623E+1	0.0000000E+0	0.0000000E+0	1.0000000E+2	0.0000000E+0
1.5817200E+2	6.2126782E+1	5.9984636E+1	0.0000000E+0	0.0000000E+0	1.0000000E+2	0.0000000E+0
1.5822200E+2	6.2148916E+1	5.9977127E+1	0.0000000E+0	0.0000000E+0	1.0000000E+2	0.0000000E+0
1.5827200E+2	6.2193513E+1	5.9964124E+1	0.0000000E+0	0.0000000E+0	1.0000000E+2	0.0000000E+0
1.5832200E+2	6.2229733E+1	5.9969021E+1	0.0000000E+0	0.0000000E+0	1.0000000E+2	0.0000000E+0
1.5837300E+2	6.2260544E+1	5.9946244E+1	0.0000000E+0	0.0000000E+0	1.0000000E+2	0.0000000E+0
1.5842300E+2	6.2317454E+1	5.9967339E+1	0.0000000E+0	0.0000000E+0	1.0000000E+2	0.0000000E+0
1.5847300E+2	6.2356319E+1	5.9963816E+1	0.0000000E+0	0.0000000E+0	1.0000000E+2	0.0000000E+0
1.5852400E+2	6.2394454E+1	5.9967208E+1	0.0000000E+0	0.0000000E+0	1.0000000E+2	0.0000000E+0
1.5857400E+2	6.2450368E+1	5.9979361E+1	0.0000000E+0	0.0000000E+0	1.0000000E+2	0.0000000E+0
1.5862400E+2	6.2469846E+1	5.9963232E+1	0.0000000E+0	0.0000000E+0	1.0000000E+2	0.0000000E+0
1.5867400E+2	6.2512820E+1	5.9954196E+1	0.0000000E+0	0.0000000E+0	1.0000000E+2	0.0000000E+0
1.5872400E+2	6.2546393E+1	5.9944279E+1	0.0000000E+0	0.0000000E+0	1.0000000E+2	0.0000000E+0
1.5877400E+2	6.2566275E+1	5.9970418E+1	0.0000000E+0	0.0000000E+0	1.0000000E+2	0.0000000E+0
1.5882400E+2	6.2560294E+1	5.9950514E+1	0.0000000E+0	0.0000000E+0	1.0000000E+2	0.0000000E+0
1.5887400E+2	6.2613601E+1	5.9948311E+1	0.0000000E+0	0.0000000E+0	1.0000000E+2	0.0000000E+0
1.5892500E+2	6.2680681E+1	5.9967350E+1	0.0000000E+0	0.0000000E+0	1.0000000E+2	0.0000000E+0
1.5897500E+2	6.2710456E+1	5.9950559E+1	0.0000000E+0	0.0000000E+0	1.0000000E+2	0.0000000E+0
1.5902500E+2	6.2772479E+1	5.9958939E+1	0.0000000E+0	0.0000000E+0	1.0000000E+2	0.0000000E+0
1.5907500E+2	6.2817085E+1	5.9955324E+1	0.0000000E+0	0.0000000E+0	1.0000000E+2	0.0000000E+0
1.5912500E+2	6.2850324E+1	5.9951772E+1	0.0000000E+0	0.0000000E+0	1.0000000E+2	0.0000000E+0
1.5917500E+2	6.2903265E+1	5.9964544E+1	0.0000000E+0	0.0000000E+0	1.0000000E+2	0.0000000E+0
1.5922500E+2	6.2938060E+1	5.9938710E+1	0.0000000E+0	0.0000000E+0	1.0000000E+2	0.0000000E+0
1.5927500E+2	6.2979364E+1	5.9940642E+1	0.0000000E+0	0.0000000E+0	1.0000000E+2	0.0000000E+0
1.5932500E+2	6.3019121E+1	5.9940083E+1	0.0000000E+0	0.0000000E+0	1.0000000E+2	0.0000000E+0
1.5937500E+2	6.3071213E+1	5.9941970E+1	0.0000000E+0	0.0000000E+0	1.0000000E+2	0.0000000E+0
1.5942500E+2	6.3132316E+1	5.9932995E+1	0.0000000E+0	0.0000000E+0	1.0000000E+2	0.0000000E+0
1.5947600E+2	6.3158083E+1	5.9966234E+1	0.0000000E+0	0.0000000E+0	1.0000000E+2	0.0000000E+0
1.5952600E+2	6.3181030E+1	5.9935446E+1	0.0000000E+0	0.0000000E+0	1.0000000E+2	0.0000000E+0
1.5957600E+2	6.3247357E+1	5.9936383E+1	0.0000000E+0	0.0000000E+0	1.0000000E+2	0.0000000E+0
1.5962600E+2	6.3322993E+1	5.9952205E+1	0.0000000E+0	0.0000000E+0	1.0000000E+2	0.0000000E+0
1.5967600E+2	6.3384621E+1	5.9958425E+1	0.0000000E+0	0.0000000E+0	1.0000000E+2	0.0000000E+0
1.5972600E+2	6.3437817E+1	5.9959205E+1	0.0000000E+0	0.0000000E+0	1.0000000E+2	0.0000000E+0
1.5977600E+2	6.3180633E+1	6.0157494E+1	0.0000000E+0	0.0000000E+0	1.0000000E+2	0.0000000E+0
1.5982700E+2	6.1312812E+1	5.9916302E+1	0.0000000E+0	0.0000000E+0	1.0000000E+2	0.0000000E+0
1.5987700E+2	6.1325702E+1	5.9905486E+1	0.0000000E+0	0.0000000E+0	1.0000000E+2	0.0000000E+0
1.5992800E+2	6.1387168E+1	5.9926193E+1	0.0000000E+0	0.0000000E+0	1.0000000E+2	0.0000000E+0
1.5997800E+2	6.1445395E+1	5.9919640E+1	0.0000000E+0	0.0000000E+0	1.0000000E+2	0.0000000E+0
1.6002800E+2	6.1480469E+1	5.9917878E+1	0.0000000E+0	0.0000000E+0	1.0000000E+2	0.0000000E+0
1.6007800E+2	6.1521646E+1	5.9931238E+1	0.0000000E+0	0.0000000E+0	1.0000000E+2	0.0000000E+0
1.6012900E+2	6.1551212E+1	5.9931573E+1	0.0000000E+0	0.0000000E+0	1.0000000E+2	0.0000000E+0
1.6017900E+2	6.1590455E+1	5.9934016E+1	0.0000000E+0	0.0000000E+0	1.0000000E+2	0.0000000E+0
1.6023000E+2	6.1640378E+1	5.9935374E+1	0.0000000E+0	0.0000000E+0	1.0000000E+2	0.0000000E+0
1.6028000E+2	6.1646627E+1	5.9934926E+1	0.0000000E+0	0.0000000E+0	1.0000000E+2	0.0000000E+0
1.6033000E+2	6.1660526E+1	5.9946538E+1	0.0000000E+0	0.0000000E+0	1.0000000E+2	0.0000000E+0
1.6038000E+2	6.1711158E+1	5.9939551E+1	0.0000000E+0	0.0000000E+0	1.0000000E+2	0.0000000E+0
1.6043000E+2	6.1744412E+1	5.9942551E+1	0.0000000E+0	0.0000000E+0	1.0000000E+2	0.0000000E+0
1.6048000E+2	6.1764681E+1	5.9940162E+1	0.0000000E+0	0.0000000E+0	1.0000000E+2	0.0000000E+0
1.6053000E+2	6.1810372E+1	5.9933261E+1	0.0000000E+0	0.0000000E+0	1.0000000E+2	0.0000000E+0
1.6058000E+2	6.1851021E+1	5.9929977E+1	0.0000000E+0	0.0000000E+0	1.0000000E+2	0.0000000E+0
1.6063000E+2	6.1905284E+1	5.9946715E+1	0.0000000E+0	0.0000000E+0	1.0000000E+2	0.0000000E+0
1.6068000E+2	6.1943051E+1	5.9939084E+1	0.0000000E+0	0.0000000E+0	1.0000000E+2	0.0000000E+0
1.6073000E+2	6.1983188E+1	5.9939379E+1	0.0000000E+0	0.0000000E+0	1.0000000E+2	0.0000000E+0
1.6078000E+2	6.1812908E+1	5.9966151E+1	0.0000000E+0	0.0000000E+0	1.0000000E+2	0.0000000E+0
1.6083000E+2	6.1743504E+1	5.9932801E+1	0.0000000E+0	0.0000000E+0	1.0000000E+2	0.0000000E+0
1.6088000E+2	6.1804674E+1	5.9956342E+1	0.0000000E+0	0.0000000E+0	1.0000000E+2	0.0000000E+0
1.6093000E+2	6.1828826E+1	5.9954326E+1	0.0000000E+0	0.0000000E+0	1.0000000E+2	0.0000000E+0
1.6098000E+2	6.1867482E+1	5.9953249E+1	0.0000000E+0	0.0000000E+0	1.0000000E+2	0.0000000E+0
1.6103000E+2	6.1876317E+1	5.9938628E+1	0.0000000E+0	0.0000000E+0	1.0000000E+2	0.0000000E+0
1.6108000E+2	6.1897204E+1	5.9946209E+1	0.0000000E+0	0.0000000E+0	1.0000000E+2	0.0000000E+0
1.6113000E+2	6.1934005E+1	5.9946756E+1	0.0000000E+0	0.0000000E+0	1.0000000E+2	0.0000000E+0
1.6118000E+2	6.1994626E+1	5.9947751E+1	0.0000000E+0	0.0000000E+0	1.0000000E+2	0.0000000E+0
1.6123000E+2	6.2030879E+1	5.9936472E+1	0.0000000E+0	0.0000000E+0	1.0000000E+2	0.0000000E+0
1.6128000E+2	6.2079362E+1	5.9939338E+1	0.0000000E+0	0.0000000E+0	1.0000000E+2	0.0000000E+0
1.6133000E+2	6.2126758E+1	5.9933592E+1	0.0000000E+0	0.0000000E+0	1.0000000E+2	0.0000000E+0
1.6138000E+2	6.2148168E+1	5.9938495E+1	0.0000000E+0	0.0000000E+0	1.0000000E+2	0.0000000E+0
1.6143000E+2	6.2184042E+1	5.9932002E+1	0.0000000E+0	0.0000000E+0	1.0000000E+2	0.0000000E+0
1.6148000E+2	6.2243697E+1	5.9939266E+1	0.0000000E+0	0.0000000E+0	1.0000000E+2	0.0000000E+0
1.6153000E+2	6.2259390E+1	5.9908602E+1	0.0000000E+0	0.0000000E+0	1.0000000E+2	0.0000000E+0
1.6158100E+2	6.2296213E+1	5.9926962E+1	0.0000000E+0	0.0000000E+0	1.0000000E+2	0.0000000E+0
1.6163200E+2	6.2328489E+1	5.9928387E+1	0.0000000E+0	0.0000000E+0	1.0000000E+2	0.0000000E+0
1.6168300E+2	6.2317546E+1	5.9912995E+1	0.0000000E+0	0.0000000E+0	1.0000000E+2	0.0000000E+0
1.6173400E+2	6.2333724E+1	5.9919366E+1	0.0000000E+0	0.0000000E+0	1.0000000E+2	0.0000000E+0
1.6178400E+2	6.2379982E+1	5.9925242E+1	0.0000000E+0	0.0000000E+0	1.0000000E+2	0.0000000E+0
1.6183400E+2	6.2425273E+1	5.9932431E+1	0.0000000E+0	0.0000000E+0	1.0000000E+2	0.0000000E+0
1.6188400E+2	6.2485722E+1	5.9937834E+1	0.0000000E+0	0.0000000E+0	1.0000000E+2	0.0000000E+0
1.6193400E+2	6.2532988E+1	5.9950226E+1	0.0000000E+0	0.0000000E+0	1.0000000E+2	0.0000000E+0
1.6198400E+2	6.2580093E+1	5.9950143E+1	0.0000000E+0	0.0000000E+0	1.0000000E+2	0.0000000E+0
1.6203500E+2	6.2611925E+1	5.9931062E+1	0.0000000E+0	0.0000000E+0	1.0000000E+2	0.0000000E+0
1.6208500E+2	6.2657890E+1	5.9940427E+1	0.0000000E+0	0.0000000E+0	1.0000000E+2	0.0000000E+0
1.6213500E+2	6.2701831E+1	5.9940818E+1	0.0000000E+0	0.0000000E+0	1.0000000E+2	0.0000000E+0
1.6218500E+2	6.2743404E+1	5.9944512E+1	0.0000000E+0	0.0000000E+0	1.0000000E+2	0.0000000E+0
1.6223600E+2	6.2789240E+1	5.9945526E+1	0.0000000E+0	0.0000000E+0	1.0000000E+2	0.0000000E+0
1.6228600E+2	6.2584760E+1	6.0076724E+1	0.0000000E+0	0.0000000E+0	1.0000000E+2	0.0000000E+0
1.6233600E+2	6.1483561E+1	5.9957600E+1	0.0000000E+0	0.0000000E+0	1.0000000E+2	0.0000000E+0
1.6238600E+2	6.1497707E+1	5.9915969E+1	0.0000000E+0	0.0000000E+0	1.0000000E+2	0.0000000E+0
1.6243600E+2	6.1538651E+1	5.9922917E+1	0.0000000E+0	0.0000000E+0	1.0000000E+2	0.0000000E+0
1.6248600E+2	6.1590777E+1	5.9933571E+1	0.0000000E+0	0.0000000E+0	1.0000000E+2	0.0000000E+0
1.6253600E+2	6.1574384E+1	5.9932461E+1	0.0000000E+0	0.0000000E+0	1.0000000E+2	0.0000000E+0
1.6258600E+2	6.1577949E+1	5.9933636E+1	0.0000000E+0	0.0000000E+0	1.0000000E+2	0.0000000E+0
1.6263600E+2	6.1618061E+1	5.9931571E+1	0.0000000E+0	0.0000000E+0	1.0000000E+2	0.0000000E+0
1.6268600E+2	6.1664858E+1	5.9922907E+1	0.0000000E+0	0.0000000E+0	1.0000000E+2	0.0000000E+0
1.6273600E+2	6.1725199E+1	5.9926089E+1	0.0000000E+0	0.0000000E+0	1.0000000E+2	0.0000000E+0
1.6278600E+2	6.1768599E+1	5.9944070E+1	0.0000000E+0	0.0000000E+0	1.0000000E+2	0.0000000E+0
1.6283600E+2	6.1808976E+1	5.9938007E+1	0.0000000E+0	0.0000000E+0	1.0000000E+2	0.0000000E+0
1.6288600E+2	6.1864739E+1	5.9937296E+1	0.0000000E+0	0.0000000E+0	1.0000000E+2	0.0000000E+0
1.6293600E+2	6.1901837E+1	5.9938397E+1	0.0000000E+0	0.0000000E+0	1.0000000E+2	0.0000000E+0
1.6298600E+2	6.1930899E+1	5.9929823E+1	0.0000000E+0	0.0000000E+0	1.0000000E+2	0.0000000E+0
1.6303700E+2	6.1964969E+1	5.9919636E+1	0.0000000E+0	0.0000000E+0	1.0000000E+2	0.0000000E+0
1.6308700E+2	6.2011903E+1	5.9932736E+1	0.0000000E+0	0.0000000E+0	1.0000000E+2	0.0000000E+0
1.6313700E+2	6.2064361E+1	5.9934847E+1	0.0000000E+0	0.0000000E+0	1.0000000E+2	0.0000000E+0
1.6318800E+2	6.2092432E+1	5.9936746E+1	0.0000000E+0	0.0000000E+0	1.0000000E+2	0.0000000E+0
1.6323800E+2	6.2114477E+1	5.9928735E+1	0.0000000E+0	0.0000000E+0	1.0000000E+2	0.0000000E+0
1.6328800E+2	6.2164557E+1	5.9933011E+1	0.0000000E+0	0.0000000E+0	1.0000000E+2	0.0000000E+0
1.6333800E+2	6.2135703E+1	5.9932823E+1	0.0000000E+0	0.0000000E+0	1.0000000E+2	0.0000000E+0
1.6338800E+2	6.2164471E+1	5.9939288E+1	0.0000000E+0	0.0000000E+0	1.0000000E+2	0.0000000E+0
1.6343900E+2	6.2211885E+1	5.9942249E+1	0.0000000E+0	0.0000000E+0	1.0000000E+2	0.0000000E+0
1.6349000E+2	6.2260283E+1	5.9945748E+1	0.0000000E+0	0.0000000E+0	1.0000000E+2	0.0000000E+0
1.6354000E+2	6.2309869E+1	5.9934782E+1	0.0000000E+0	0.0000000E+0	1.0000000E+2	0.0000000E+0
1.6359000E+2	6.2372998E+1	5.9947415E+1	0.0000000E+0	0.0000000E+0	1.0000000E+2	0.0000000E+0
1.6364000E+2	6.2421351E+1	5.9950742E+1	0.0000000E+0	0.0000000E+0	1.0000000E+2	0.0000000E+0
1.6369100E+2	6.2469370E+1	5.9943510E+1	0.0000000E+0	0.0000000E+0	1.0000000E+2	0.0000000E+0
1.6374200E+2	6.2508280E+1	5.9952701E+1	0.0000000E+0	0.0000000E+0	1.0000000E+2	0.0000000E+0
1.6379200E+2	6.2543182E+1	5.9943636E+1	0.0000000E+0	0.0000000E+0	1.0000000E+2	0.0000000E+0
1.6384200E+2	6.2596610E+1	5.9956705E+1	0.0000000E+0	0.0000000E+0	1.0000000E+2	0.0000000E+0
1.6389200E+2	6.2630959E+1	5.9966932E+1	0.0000000E+0	0.0000000E+0	1.0000000E+2	0.0000000E+0
1.6394300E+2	6.2674153E+1	5.9960191E+1	0.0000000E+0	0.0000000E+0	1.0000000E+2	0.0000000E+0
1.6399300E+2	6.2713110E+1	5.9973377E+1	0.0000000E+0	0.0000000E+0	1.0000000E+2	0.0000000E+0
1.6404300E+2	6.2746472E+1	5.9969322E+1	0.0000000E+0	0.0000000E+0	1.0000000E+2	0.0000000E+0
1.6409300E+2	6.2753854E+1	5.9965286E+1	0.0000000E+0	0.0000000E+0	1.0000000E+2	0.0000000E+0
1.6414300E+2	6.2751545E+1	5.9955467E+1	0.0000000E+0	0.0000000E+0	1.0000000E+2	0.0000000E+0
1.6419400E+2	6.2781727E+1	5.9956770E+1	0.0000000E+0	0.0000000E+0	1.0000000E+2	0.0000000E+0
1.6424400E+2	6.2841662E+1	5.9954506E+1	0.0000000E+0	0.0000000E+0	1.0000000E+2	0.0000000E+0
1.6429400E+2	6.2893636E+1	5.9957647E+1	0.0000000E+0	0.0000000E+0	1.0000000E+2	0.0000000E+0
1.6434500E+2	6.2933045E+1	5.9963831E+1	0.0000000E+0	0.0000000E+0	1.0000000E+2	0.0000000E+0
1.6439500E+2	6.2978652E+1	5.9975486E+1	0.0000000E+0	0.0000000E+0	1.0000000E+2	0.0000000E+0
1.6444500E+2	6.1665131E+1	6.0141339E+1	0.0000000E+0	0.0000000E+0	1.0000000E+2	0.0000000E+0
1.6449500E+2	6.1442936E+1	5.9927147E+1	0.0000000E+0	0.0000000E+0	1.0000000E+2	0.0000000E+0
1.6454500E+2	6.1495220E+1	5.9942691E+1	0.0000000E+0	0.0000000E+0	1.0000000E+2	0.0000000E+0
1.6459500E+2	6.1541003E+1	5.9957907E+1	0.0000000E+0	0.0000000E+0	1.0000000E+2	0.0000000E+0
1.6464500E+2	6.1559993E+1	5.9952823E+1	0.0000000E+0	0.0000000E+0	1.0000000E+2	0.0000000E+0
1.6469500E+2	6.1606393E+1	5.9964038E+1	0.0000000E+0	0.0000000E+0	1.0000000E+2	0.0000000E+0
1.6474500E+2	6.1629803E+1	5.9965113E+1	0.0000000E+0	0.0000000E+0	1.0000000E+2	0.0000000E+0
1.6479500E+2	6.1658449E+1	5.9958879E+1	0.0000000E+0	0.0000000E+0	1.0000000E+2	0.0000000E+0
1.6484500E+2	6.1650746E+1	5.9960760E+1	0.0000000E+0	0.0000000E+0	1.0000000E+2	0.0000000E+0
1.6489500E+2	6.1677869E+1	5.9958784E+1	0.0000000E+0	0.0000000E+0	1.0000000E+2	0.0000000E+0
1.6494500E+2	6.1714621E+1	5.9956453E+1	0.0000000E+0	0.0000000E+0	1.0000000E+2	0.0000000E+0
1.6499500E+2	6.1753225E+1	5.9952818E+1	0.0000000E+0	0.0000000E+0	1.0000000E+2	0.0000000E+0
1.6504500E+2	6.1810679E+1	5.9973404E+1	0.0000000E+0	0.0000000E+0	1.0000000E+2	0.0000000E+0
1.6509500E+2	6.1859721E+1	5.9965466E+1	0.0000000E+0	0.0000000E+0	1.0000000E+2	0.0000000E+0
1.6514500E+2	6.1915950E+1	5.9967994E+1	0.0000000E+0	0.0000000E+0	1.0000000E+2	0.0000000E+0
1.6519600E+2	6.1973574E+1	5.9976667E+1	0.0000000E+0	0.0000000E+0	1.0000000E+2	0.0000000E+0
1.6524600E+2	6.2038273E+1	5.9972997E+1	0.0000000E+0	0.0000000E+0	1.0000000E+2	0.0000000E+0
1.6529700E+2	6.2079656E+1	5.9979401E+1	0.0000000E+0	0.0000000E+0	1.0000000E+2	0.0000000E+0
1.6534800E+2	6.2128312E+1	5.9982625E+1	0.0000000E+0	0.0000000E+0	1.0000000E+2	0.0000000E+0
1.6539800E+2	6.2170713E+1	5.9966999E+1	0.0000000E+0	0.0000000E+0	1.0000000E+2	0.0000000E+0
1.6544800E+2	6.2210067E+1	5.9963639E+1	0.0000000E+0	0.0000000E+0	1.0000000E+2	0.0000000E+0
1.6549800E+2	6.2265916E+1	5.9970625E+1	0.0000000E+0	0.0000000E+0	1.0000000E+2	0.0000000E+0
1.6554800E+2	6.2316023E+1	5.9973577E+1	0.0000000E+0	0.0000000E+0	1.0000000E+2	0.0000000E+0
1.6559800E+2	6.2344965E+1	5.9990863E+1	0.0000000E+0	0.0000000E+0	1.0000000E+2	0.0000000E+0
1.6564800E+2	6.2324492E+1	5.9951852E+1	0.0000000E+0	0.0000000E+0	1.0000000E+2	0.0000000E+0
1.6569800E+2	6.2370924E+1	5.9955549E+1	0.0000000E+0	0.0000000E+0	1.0000000E+2	0.0000000E+0
1.6574800E+2	6.2429675E+1	5.9978636E+1	0.0000000E+0	0.0000000E+0	1.0000000E+2	0.0000000E+0
1.6579800E+2	6.2484278E+1	5.9975724E+1	0.0000000E+0	0.0000000E+0	1.0000000E+2	0.0000000E+0
1.6584800E+2	6.2534835E+1	5.9978597E+1	0.0000000E+0	0.0000000E+0	1.0000000E+2	0.0000000E+0
1.6589800E+2	6.2580266E+1	5.9979331E+1	0.0000000E+0	0.0000000E+0	1.0000000E+2	0.0000000E+0
1.6594800E+2	6.2642548E+1	5.9980156E+1	0.0000000E+0	0.0000000E+0	1.0000000E+2	0.0000000E+0
1.6599900E+2	6.2670123E+1	5.9970242E+1	0.0000000E+0	0.0000000E+0	1.0000000E+2	0.0000000E+0
1.6604900E+2	6.2726588E+1	5.9975229E+1	0.0000000E+0	0.0000000E+0	1.0000000E+2	0.0000000E+0
1.6609900E+2	6.2781049E+1	5.9976911E+1	0.0000000E+0	0.0000000E+0	1.0000000E+2	0.0000000E+0
1.6614900E+2	6.2190504E+1	6.0097268E+1	0.0000000E+0	0.0000000E+0	1.0000000E+2	0.0000000E+0
1.6619900E+2	6.1641798E+1	5.9937465E+1	0.0000000E+0	0.0000000E+0	1.0000000E+2	0.0000000E+0
1.6624900E+2	6.1702189E+1	5.9963410E+1	0.0000000E+0	0.0000000E+0	1.0000000E+2	0.0000000E+0
1.6629900E+2	6.1715637E+1	5.9956936E+1	0.0000000E+0	0.0000000E+0	1.0000000E+2	0.0000000E+0
1.6634900E+2	6.1724689E+1	5.9963856E+1	0.0000000E+0	0.0000000E+0	1.0000000E+2	0.0000000E+0
1.6639900E+2	6.1775304E+1	5.9966934E+1	0.0000000E+0	0.0000000E+0	1.0000000E+2	0.0000000E+0
1.6644900E+2	6.1827802E+1	5.9957107E+1	0.0000000E+0	0.0000000E+0	1.0000000E+2	0.0000000E+0
1.6650000E+2	6.1881999E+1	5.9972245E+1	0.0000000E+0	0.0000000E+0	1.0000000E+2	0.0000000E+0
1.6655000E+2	6.1935701E+1	5.9984405E+1	0.0000000E+0	0.0000000E+0	1.0000000E+2	0.0000000E+0
1.6660000E+2	6.1990071E+1	5.9969600E+1	0.0000000E+0	0.0000000E+0	1.0000000E+2	0.0000000E+0
1.6665000E+2	6.2016455E+1	5.9959644E+1	0.0000000E+0	0.0000000E+0	1.0000000E+2	0.0000000E+0
1.6670000E+2	6.2068103E+1	5.9957374E+1	0.0000000E+0	0.0000000E+0	1.0000000E+2	0.0000000E+0
1.6675100E+2	6.2097768E+1	5.9976175E+1	0.0000000E+0	0.0000000E+0	1.0000000E+2	0.0000000E+0
1.6680100E+2	6.2126478E+1	5.9969481E+1	0.0000000E+0	0.0000000E+0	1.0000000E+2	0.0000000E+0
1.6685100E+2	6.2146214E+1	5.9960778E+1	0.0000000E+0	0.0000000E+0	1.0000000E+2	0.0000000E+0
1.6690200E+2	6.2166559E+1	5.9947749E+1	0.0000000E+0	0.0000000E+0	1.0000000E+2	0.0000000E+0
1.6695300E+2	6.2210505E+1	5.9959042E+1	0.0000000E+0	0.0000000E+0	1.0000000E+2	0.0000000E+0
1.6700300E+2	6.2236709E+1	5.9943492E+1	0.0000000E+0	0.0000000E+0	1.0000000E+2	0.0000000E+0
1.6705300E+2	6.2283998E+1	5.9943468E+1	0.0000000E+0	0.0000000E+0	1.0000000E+2	0.0000000E+0
1.6710300E+2	6.2280954E+1	5.9953707E+1	0.0000000E+0	0.0000000E+0	1.0000000E+2	0.0000000E+0
1.6715400E+2	6.2274909E+1	5.9953693E+1	0.0000000E+0	0.0000000E+0	1.0000000E+2	0.0000000E+0
1.6720400E+2	6.2326194E+1	5.9961377E+1	0.0000000E+0	0.0000000E+0	1.0000000E+2	0.0000000E+0
1.6725400E+2	6.2380768E+1	5.9956579E+1	0.0000000E+0	0.0000000E+0	1.0000000E+2	0.0000000E+0
1.6730400E+2	6.2431985E+1	5.9983078E+1	0.0000000E+0	0.0000000E+0	1.0000000E+2	0.0000000E+0
1.6735500E+2	6.2447939E+1	5.9954672E+1	0.0000000E+0	0.0000000E+0	1.0000000E+2	0.0000000E+0
1.6740600E+2	6.2468382E+1	5.9954637E+1	0.0000000E+0	0.0000000E+0	1.0000000E+2	0.0000000E+0
1.6745600E+2	6.2517327E+1	5.9966886E+1	0.0000000E+0	0.0000000E+0	1.0000000E+2	0.0000000E+0
1.6750600E+2	6.2560312E+1	5.9964394E+1	0.0000000E+0	0.0000000E+0	1.0000000E+2	0.0000000E+0
1.6755600E+2	6.2604228E+1	5.9970546E+1	0.0000000E+0	0.0000000E+0	1.0000000E+2	0.0000000E+0
1.6760600E+2	6.2629280E+1	5.9964829E+1	0.0000000E+0	0.0000000E+0	1.0000000E+2	0.0000000E+0
1.6765600E+2	6.2684271E+1	5.9973415E+1	0.0000000E+0	0.0000000E+0	1.0000000E+2	0.0000000E+0
1.6770600E+2	6.2734477E+1	5.9969167E+1	0.0000000E+0	0.0000000E+0	1.0000000E+2	0.0000000E+0
1.6775600E+2	6.2811351E+1	5.9964424E+1	0.0000000E+0	0.0000000E+0	1.0000000E+2	0.0000000E+0
1.6780600E+2	6.2858856E+1	5.9968190E+1	0.0000000E+0	0.0000000E+0	1.0000000E+2	0.0000000E+0
1.6785600E+2	6.2910227E+1	5.9962277E+1	0.0000000E+0	0.0000000E+0	1.0000000E+2	0.0000000E+0
1.6790600E+2	6.2110228E+1	6.0147838E+1	0.0000000E+0	0.0000000E+0	1.0000000E+2	0.0000000E+0
1.6795600E+2	6.1211233E+1	5.9917814E+1	0.0000000E+0	0.0000000E+0	1.0000000E+2	0.0000000E+0
1.6800600E+2	6.1241675E+1	5.9930744E+1	0.0000000E+0	0.0000000E+0	1.0000000E+2	0.0000000E+0
1.6805600E+2	6.1306978E+1	5.9970973E+1	0.0000000E+0	0.0000000E+0	1.0000000E+2	0.0000000E+0
1.6810600E+2	6.1341869E+1	5.9961522E+1	0.0000000E+0	0.0000000E+0	1.0000000E+2	0.0000000E+0
1.6815600E+2	6.1364000E+1	5.9965951E+1	0.0000000E+0	0.0000000E+0	1.0000000E+2	0.0000000E+0
1.6820600E+2	6.1417237E+1	5.9976372E+1	0.0000000E+0	0.0000000E+0	1.0000000E+2	0.0000000E+0
1.6825600E+2	6.1437128E+1	5.9975827E+1	0.0000000E+0	0.0000000E+0	1.0000000E+2	0.0000000E+0
1.6830700E+2	6.1484480E+1	5.9980985E+1	0.0000000E+0	0.0000000E+0	1.0000000E+2	0.0000000E+0
1.6835800E+2	6.1547901E+1	5.9994554E+1	0.0000000E+0	0.0000000E+0	1.0000000E+2	0.0000000E+0
1.6840800E+2	6.1580601E+1	5.9992259E+1	0.0000000E+0	0.0000000E+0	1.0000000E+2	0.0000000E+0
1.6845800E+2	6.1606969E+1	5.9980790E+1	0.0000000E+0	0.0000000E+0	1.0000000E+2	0.0000000E+0
1.6850900E+2	6.1639265E+1	5.9979836E+1	0.0000000E+0	0.0000000E+0	1.0000000E+2	0.0000000E+0
1.6855900E+2	6.1661636E+1	5.9988747E+1	0.0000000E+0	0.0000000E+0	1.0000000E+2	0.0000000E+0
1.6860900E+2	6.1685136E+1	5.9980501E+1	0.0000000E+0	0.0000000E+0	1.0000000E+2	0.0000000E+0
1.6865900E+2	6.1750494E+1	5.9989488E+1	0.0000000E+0	0.0000000E+0	1.0000000E+2	0.0000000E+0
1.6870900E+2	6.1797028E+1	5.9989662E+1	0.0000000E+0	0.0000000E+0	1.0000000E+2	0.0000000E+0
1.6875900E+2	6.1822607E+1	5.9975058E+1	0.0000000E+0	0.0000000E+0	1.0000000E+2	0.0000000E+0
1.6880900E+2	6.1863884E+1	5.9981527E+1	0.0000000E+0	0.0000000E+0	1.0000000E+2	0.0000000E+0
1.6885900E+2	6.1885712E+1	5.9979483E+1	0.0000000E+0	0.0000000E+0	1.0000000E+2	0.0000000E+0
1.6890900E+2	6.1936234E+1	5.9985825E+1	0.0000000E+0	0.0000000E+0	1.0000000E+2	0.0000000E+0
1.6895900E+2	6.1972384E+1	5.9983216E+1	0.0000000E+0	0.0000000E+0	1.0000000E+2	0.0000000E+0
1.6900900E+2	6.1997454E+1	5.9970006E+1	0.0000000E+0	0.0000000E+0	1.0000000E+2	0.0000000E+0
1.6906100E+2	6.2063283E+1	5.9973023E+1	0.0000000E+0	0.0000000E+0	1.0000000E+2	0.0000000E+0
1.6911100E+2	6.2133333E+1	5.9989579E+1	0.0000000E+0	0.0000000E+0	1.0000000E+2	0.0000000E+0
1.6916100E+2	6.2160136E+1	5.9964993E+1	0.0000000E+0	0.0000000E+0	1.0000000E+2	0.0000000E+0
1.6921100E+2	6.2174142E+1	5.9987165E+1	0.0000000E+0	0.0000000E+0	1.0000000E+2	0.0000000E+0
1.6926100E+2	6.2194001E+1	5.9988574E+1	0.0000000E+0	0.0000000E+0	1.0000000E+2	0.0000000E+0
1.6931100E+2	6.2257980E+1	5.9991901E+1	0.0000000E+0	0.0000000E+0	1.0000000E+2	0.0000000E+0
1.6936100E+2	6.2300615E+1	5.9997760E+1	0.0000000E+0	0.0000000E+0	1.0000000E+2	0.0000000E+0
1.6941100E+2	6.2341722E+1	5.9990215E+1	0.0000000E+0	0.0000000E+0	1.0000000E+2	0.0000000E+0
1.6946100E+2	6.2386568E+1	5.9981255E+1	0.0000000E+0	0.0000000E+0	1.0000000E+2	0.0000000E+0
1.6951100E+2	6.2431613E+1	5.9997218E+1	0.0000000E+0	0.0000000E+0	1.0000000E+2	0.0000000E+0
1.6956100E+2	6.2459503E+1	5.9985488E+1	0.0000000E+0	0.0000000E+0	1.0000000E+2	0.0000000E+0
1.6961100E+2	6.2521981E+1	5.9992283E+1	0.0000000E+0	0.0000000E+0	1.0000000E+2	0.0000000E+0
1.6966100E+2	6.2572187E+1	5.9993147E+1	0.0000000E+0	0.0000000E+0	1.0000000E+2	0.0000000E+0
1.6971100E+2	6.2637252E+1	6.0011185E+1	0.0000000E+0	0.0000000E+0	1.0000000E+2	0.0000000E+0
1.6976100E+2	6.2679893E+1	6.0002070E+1	0.0000000E+0	0.0000000E+0	1.0000000E+2	0.0000000E+0
1.6981100E+2	6.2714017E+1	5.9982047E+1	0.0000000E+0	0.0000000E+0	1.0000000E+2	0.0000000E+0
1.6986200E+2	6.2736177E+1	6.0001851E+1	0.0000000E+0	0.0000000E+0	1.0000000E+2	0.0000000E+0
1.6991200E+2	6.2766415E+1	6.0014720E+1	0.0000000E+0	0.0000000E+0	1.0000000E+2	0.0000000E+0
1.6996200E+2	6.2812144E+1	6.0013088E+1	0.0000000E+0	0.0000000E+0	1.0000000E+2	0.0000000E+0
1.7001200E+2	6.2867044E+1	6.0026544E+1	0.0000000E+0	0.0000000E+0	1.0000000E+2	0.0000000E+0
1.7006300E+2	6.2919792E+1	6.0022753E+1	0.0000000E+0	0.0000000E+0	1.0000000E+2	0.0000000E+0
1.7011400E+2	6.1800857E+1	6.0172718E+1	0.0000000E+0	0.0000000E+0	1.0000000E+2	0.0000000E+0
1.7016500E+2	6.1438505E+1	5.9967263E+1	0.0000000E+0	0.0000000E+0	1.0000000E+2	0.0000000E+0
1.7021500E+2	6.1494017E+1	5.9989456E+1	0.0000000E+0	0.0000000E+0	1.0000000E+2	0.0000000E+0
1.7026600E+2	6.1539638E+1	5.9988247E+1	0.0000000E+0	0.0000000E+0	1.0000000E+2	0.0000000E+0
1.7031600E+2	6.1569447E+1	5.9984156E+1	0.0000000E+0	0.0000000E+0	1.0000000E+2	0.0000000E+0
1.7036600E+2	6.1609704E+1	5.9982240E+1	0.0000000E+0	0.0000000E+0	1.0000000E+2	0.0000000E+0
1.7041600E+2	6.1648311E+1	5.9982726E+1	0.0000000E+0	0.0000000E+0	1.0000000E+2	0.0000000E+0
1.7046600E+2	6.1691870E+1	5.9996193E+1	0.0000000E+0	0.0000000E+0	1.0000000E+2	0.0000000E+0
1.7051600E+2	6.1739716E+1	5.9996937E+1	0.0000000E+0	0.0000000E+0	1.0000000E+2	0.0000000E+0
1.7056700E+2	6.1768748E+1	6.0009573E+1	0.0000000E+0	0.0000000E+0	1.0000000E+2	0.0000000E+0
1.7061700E+2	6.1790431E+1	5.9995264E+1	0.0000000E+0	0.0000000E+0	1.0000000E+2	0.0000000E+0
1.7066700E+2	6.1810440E+1	5.9978691E+1	0.0000000E+0	0.0000000E+0	1.0000000E+2	0.0000000E+0
1.7071700E+2	6.1809388E+1	5.9987831E+1	0.0000000E+0	0.0000000E+0	1.0000000E+2	0.0000000E+0
1.7076700E+2	6.1832675E+1	5.9996570E+1	0.0000000E+0	0.0000000E+0	1.0000000E+2	0.0000000E+0
1.7081800E+2	6.1870412E+1	5.9991747E+1	0.0000000E+0	0.0000000E+0	1.0000000E+2	0.0000000E+0
1.7086800E+2	6.1913679E+1	6.0006127E+1	0.0000000E+0	0.0000000E+0	1.0000000E+2	0.0000000E+0
1.7091900E+2	6.1955213E+1	5.9999335E+1	0.0000000E+0	0.0000000E+0	1.0000000E+2	0.0000000E+0
1.7096900E+2	6.2004079E+1	5.9996269E+1	0.0000000E+0	0.0000000E+0	1.0000000E+2	0.0000000E+0
1.7101900E+2	6.2050456E+1	5.9995724E+1	0.0000000E+0	0.0000000E+0	1.0000000E+2	0.0000000E+0
1.7106900E+2	6.2099060E+1	5.9998449E+1	0.0000000E+0	0.0000000E+0	1.0000000E+2	0.0000000E+0
1.7111900E+2	6.2133729E+1	5.9983621E+1	0.0000000E+0	0.0000000E+0	1.0000000E+2	0.0000000E+0
1.7116900E+2	6.2193243E+1	6.0014873E+1	0.0000000E+0	0.0000000E+0	1.0000000E+2	0.0000000E+0
1.7121900E+2	6.2228478E+1	6.0005304E+1	0.0000000E+0	0.0000000E+0	1.0000000E+2	0.0000000E+0
1.7126900E+2	6.2269503E+1	6.0014585E+1	0.0000000E+0	0.0000000E+0	1.0000000E+2	0.0000000E+0
1.7131900E+2	6.2292731E+1	5.9998521E+1	0.0000000E+0	0.0000000E+0	1.0000000E+2	0.0000000E+0
1.7136900E+2	6.2328076E+1	6.0000989E+1	0.0000000E+0	0.0000000E+0	1.0000000E+2	0.0000000E+0
1.7141900E+2	6.2386162E+1	6.0013047E+1	0.0000000E+0	0.0000000E+0	1.0000000E+2	0.0000000E+0
1.7146900E+2	6.2378211E+1	6.0013843E+1	0.0000000E+0	0.0000000E+0	1.0000000E+2	0.0000000E+0
1.7152000E+2	6.2389119E+1	6.0014664E+1	0.0000000E+0	0.0000000E+0	1.0000000E+2	0.0000000E+0
1.7157000E+2	6.2412854E+1	5.9998298E+1	0.0000000E+0	0.0000000E+0	1.0000000E+2	0.0000000E+0
1.7162100E+2	6.2474732E+1	6.0001778E+1	0.0000000E+0	0.0000000E+0	1.0000000E+2	0.0000000E+0
1.7167100E+2	6.2540665E+1	6.0027096E+1	0.0000000E+0	0.0000000E+0	1.0000000E+2	0.0000000E+0
1.7172100E+2	6.2556175E+1	6.0010153E+1	0.0000000E+0	0.0000000E+0	1.0000000E+2	0.0000000E+0
1.7177100E+2	6.2600842E+1	6.0013270E+1	0.0000000E+0	0.0000000E+0	1.0000000E+2	0.0000000E+0
1.7182100E+2	6.2639747E+1	6.0014072E+1	0.0000000E+0	0.0000000E+0	1.0000000E+2	0.0000000E+0
1.7187200E+2	6.2680480E+1	6.0018465E+1	0.0000000E+0	0.0000000E+0	1.0000000E+2	0.0000000E+0
1.7192200E+2	6.2702923E+1	6.0009606E+1	0.0000000E+0	0.0000000E+0	1.0000000E+2	0.0000000E+0
1.7197200E+2	6.2743343E+1	6.0003353E+1	0.0000000E+0	0.0000000E+0	1.0000000E+2	0.0000000E+0
1.7202300E+2	6.1667546E+1	6.0190657E+1	0.0000000E+0	0.0000000E+0	1.0000000E+2	0.0000000E+0
1.7207300E+2	6.0876981E+1	5.9965300E+1	0.0000000E+0	0.0000000E+0	1.0000000E+2	0.0000000E+0
1.7212300E+2	6.0937493E+1	5.9986069E+1	0.0000000E+0	0.0000000E+0	1.0000000E+2	0.0000000E+0
1.7217300E+2	6.0978558E+1	5.9995838E+1	0.0000000E+0	0.0000000E+0	1.0000000E+2	0.0000000E+0
1.7222300E+2	6.1010885E+1	6.0004704E+1	0.0000000E+0	0.0000000E+0	1.0000000E+2	0.0000000E+0
1.7227300E+2	6.1031770E+1	6.0013992E+1	0.0000000E+0	0.0000000E+0	1.0000000E+2	0.0000000E+0
1.7232300E+2	6.1026992E+1	6.0003196E+1	0.0000000E+0	0.0000000E+0	1.0000000E+2	0.0000000E+0
1.7237300E+2	6.1022095E+1	6.0001433E+1	0.0000000E+0	0.0000000E+0	1.0000000E+2	0.0000000E+0
1.7242400E+2	6.1051975E+1	5.9991841E+1	0.0000000E+0	0.0000000E+0	1.0000000E+2	0.0000000E+0
1.7247400E+2	6.1100165E+1	5.9987369E+1	0.0000000E+0	0.0000000E+0	1.0000000E+2	0.0000000E+0
1.7252500E+2	6.1126689E+1	5.9996659E+1	0.0000000E+0	0.0000000E+0	1.0000000E+2	0.0000000E+0
1.7257500E+2	6.1208037E+1	6.0012622E+1	0.0000000E+0	0.0000000E+0	1.0000000E+2	0.0000000E+0
1.7262500E+2	6.1269031E+1	6.0018309E+1	0.0000000E+0	0.0000000E+0	1.0000000E+2	0.0000000E+0
1.7267500E+2	6.1313314E+1	6.0006043E+1	0.0000000E+0	0.0000000E+0	1.0000000E+2	0.0000000E+0
1.7272500E+2	6.1377290E+1	6.0016711E+1	0.0000000E+0	0.0000000E+0	1.0000000E+2	0.0000000E+0
1.7277500E+2	6.1415109E+1	6.0012607E+1	0.0000000E+0	0.0000000E+0	1.0000000E+2	0.0000000E+0
1.7282500E+2	6.1455729E+1	6.0015735E+1	0.0000000E+0	0.0000000E+0	1.0000000E+2	0.0000000E+0
1.7287500E+2	6.1493149E+1	6.0016441E+1	0.0000000E+0	0.0000000E+0	1.0000000E+2	0.0000000E+0
1.7292500E+2	6.1521020E+1	6.0014646E+1	0.0000000E+0	0.0000000E+0	1.0000000E+2	0.0000000E+0
1.7297500E+2	6.1552340E+1	6.0008666E+1	0.0000000E+0	0.0000000E+0	1.0000000E+2	0.0000000E+0
1.7302500E+2	6.1594069E+1	6.0003013E+1	0.0000000E+0	0.0000000E+0	1.0000000E+2	0.0000000E+0
1.7307500E+2	6.1626949E+1	6.0022335E+1	0.0000000E+0	0.0000000E+0	1.0000000E+2	0.0000000E+0
1.7312500E+2	6.1696078E+1	6.0028676E+1	0.0000000E+0	0.0000000E+0	1.0000000E+2	0.0000000E+0
1.7317500E+2	6.1684346E+1	6.0020922E+1	0.0000000E+0	0.0000000E+0	1.0000000E+2	0.0000000E+0
1.7322500E+2	6.1685169E+1	6.0008888E+1	0.0000000E+0	0.0000000E+0	1.0000000E+2	0.0000000E+0
1.7327500E+2	6.1731835E+1	6.0012843E+1	0.0000000E+0	0.0000000E+0	1.0000000E+2	0.0000000E+0
1.7332500E+2	6.1769716E+1	6.0002950E+1	0.0000000E+0	0.0000000E+0	1.0000000E+2	0.0000000E+0
1.7337500E+2	6.1804480E+1	6.0018066E+1	0.0000000E+0	0.0000000E+0	1.0000000E+2	0.0000000E+0
1.7342500E+2	6.1829613E+1	6.0010912E+1	0.0000000E+0	0.0000000E+0	1.0000000E+2	0.0000000E+0
1.7347500E+2	6.1866752E+1	6.0001285E+1	0.0000000E+0	0.0000000E+0	1.0000000E+2	0.0000000E+0
1.7352500E+2	6.1899551E+1	5.9993084E+1	0.0000000E+0	0.0000000E+0	1.0000000E+2	0.0000000E+0
1.7357500E+2	6.1950637E+1	6.0016019E+1	0.0000000E+0	0.0000000E+0	1.0000000E+2	0.0000000E+0
1.7362500E+2	6.1970170E+1	6.0023193E+1	0.0000000E+0	0.0000000E+0	1.0000000E+2	0.0000000E+0
1.7367500E+2	6.2009622E+1	6.0026743E+1	0.0000000E+0	0.0000000E+0	1.0000000E+2	0.0000000E+0
1.7372500E+2	6.2031068E+1	6.0023959E+1	0.0000000E+0	0.0000000E+0	1.0000000E+2	0.0000000E+0
1.7377500E+2	6.2059306E+1	6.0025897E+1	0.0000000E+0	0.0000000E+0	1.0000000E+2	0.0000000E+0
1.7382500E+2	6.2093477E+1	6.0038285E+1	0.0000000E+0	0.0000000E+0	1.0000000E+2	0.0000000E+0
1.7387500E+2	6.1556120E+1	6.0104750E+1	0.0000000E+0	0.0000000E+0	1.0000000E+2	0.0000000E+0
1.7392500E+2	6.1157345E+1	5.9983458E+1	0.0000000E+0	0.0000000E+0	1.0000000E+2	0.0000000E+0
1.7397500E+2	6.1195930E+1	5.9989821E+1	0.0000000E+0	0.0000000E+0	1.0000000E+2	0.0000000E+0
1.7402500E+2	6.1224090E+1	6.0000526E+1	0.0000000E+0	0.0000000E+0	1.0000000E+2	0.0000000E+0
1.7407500E+2	6.1256224E+1	6.0011318E+1	0.0000000E+0	0.0000000E+0	1.0000000E+2	0.0000000E+0
1.7412500E+2	6.1290231E+1	6.0007112E+1	0.0000000E+0	0.0000000E+0	1.0000000E+2	0.0000000E+0
1.7417500E+2	6.1328319E+1	6.0008559E+1	0.0000000E+0	0.0000000E+0	1.0000000E+2	0.0000000E+0
1.7422500E+2	6.1355978E+1	6.0012777E+1	0.0000000E+0	0.0000000E+0	1.0000000E+2	0.0000000E+0
1.7427600E+2	6.1400097E+1	6.0004133E+1	0.0000000E+0	0.0000000E+0	1.0000000E+2	0.0000000E+0
1.7432600E+2	6.1445305E+1	6.0010401E+1	0.0000000E+0	0.0000000E+0	1.0000000E+2	0.0000000E+0
1.7437700E+2	6.1484405E+1	6.0010228E+1	0.0000000E+0	0.0000000E+0	1.0000000E+2	0.0000000E+0
1.7442700E+2	6.1516417E+1	6.0003049E+1	0.0000000E+0	0.0000000E+0	1.0000000E+2	0.0000000E+0
1.7447700E+2	6.1546422E+1	6.0011708E+1	0.0000000E+0	0.0000000E+0	1.0000000E+2	0.0000000E+0
1.7452700E+2	6.1554367E+1	6.0013810E+1	0.0000000E+0	0.0000000E+0	1.0000000E+2	0.0000000E+0
1.7457700E+2	6.1567416E+1	6.0023075E+1	0.0000000E+0	0.0000000E+0	1.0000000E+2	0.0000000E+0
1.7462700E+2	6.1545605E+1	6.0019652E+1	0.0000000E+0	0.0000000E+0	1.0000000E+2	0.0000000E+0
1.7467700E+2	6.1577976E+1	6.0022771E+1	0.0000000E+0	0.0000000E+0	1.0000000E+2	0.0000000E+0
1.7472700E+2	6.1612308E+1	6.0016918E+1	0.0000000E+0	0.0000000E+0	1.0000000E+2	0.0000000E+0
1.7477700E+2	6.1631536E+1	6.0010968E+1	0.0000000E+0	0.0000000E+0	1.0000000E+2	0.0000000E+0
1.7482700E+2	6.1681646E+1	6.0033707E+1	0.0000000E+0	0.0000000E+0	1.0000000E+2	0.0000000E+0
1.7487700E+2	6.1718121E+1	6.0040280E+1	0.0000000E+0	0.0000000E+0	1.0000000E+2	0.0000000E+0
1.7492700E+2	6.1744745E+1	6.0032291E+1	0.0000000E+0	0.0000000E+0	1.0000000E+2	0.0000000E+0
1.7497800E+2	6.1760921E+1	6.0026892E+1	0.0000000E+0	0.0000000E+0	1.0000000E+2	0.0000000E+0
1.7502800E+2	6.1797554E+1	6.0021003E+1	0.0000000E+0	0.0000000E+0	1.0000000E+2	0.0000000E+0
1.7507800E+2	6.1843767E+1	6.0042084E+1	0.0000000E+0	0.0000000E+0	1.0000000E+2	0.0000000E+0
1.7512900E+2	6.1863207E+1	6.0038068E+1	0.0000000E+0	0.0000000E+0	1.0000000E+2	0.0000000E+0
1.7517900E+2	6.1863513E+1	6.0005067E+1	0.0000000E+0	0.0000000E+0	1.0000000E+2	0.0000000E+0
1.7523000E+2	6.1911772E+1	6.0023223E+1	0.0000000E+0	0.0000000E+0	1.0000000E+2	0.0000000E+0
1.7528000E+2	6.1952170E+1	6.0022205E+1	0.0000000E+0	0.0000000E+0	1.0000000E+2	0.0000000E+0
1.7533000E+2	6.1989012E+1	6.0018845E+1	0.0000000E+0	0.0000000E+0	1.0000000E+2	0.0000000E+0
1.7538000E+2	6.2001137E+1	6.0012459E+1	0.0000000E+0	0.0000000E+0	1.0000000E+2	0.0000000E+0
1.7543000E+2	6.2032409E+1	6.0026462E+1	0.0000000E+0	0.0000000E+0	1.0000000E+2	0.0000000E+0
1.7548000E+2	6.2063665E+1	6.0011009E+1	0.0000000E+0	0.0000000E+0	1.0000000E+2	0.0000000E+0
1.7553100E+2	6.2131469E+1	6.0023397E+1	0.0000000E+0	0.0000000E+0	1.0000000E+2	0.0000000E+0
1.7558200E+2	6.2174613E+1	6.0028361E+1	0.0000000E+0	0.0000000E+0	1.0000000E+2	0.0000000E+0
1.7563200E+2	6.2225298E+1	6.0032882E+1	0.0000000E+0	0.0000000E+0	1.0000000E+2	0.0000000E+0
1.7568200E+2	6.2271370E+1	6.0030144E+1	0.0000000E+0	0.0000000E+0	1.0000000E+2	0.0000000E+0
1.7573200E+2	6.2319225E+1	6.0030935E+1	0.0000000E+0	0.0000000E+0	1.0000000E+2	0.0000000E+0
1.7578200E+2	6.2341288E+1	6.0021162E+1	0.0000000E+0	0.0000000E+0	1.0000000E+2	0.0000000E+0
1.7583200E+2	6.2386858E+1	6.0033717E+1	0.0000000E+0	0.0000000E+0	1.0000000E+2	0.0000000E+0
1.7588200E+2	6.1140317E+1	6.0183064E+1	0.0000000E+0	0.0000000E+0	1.0000000E+2	0.0000000E+0
1.7593300E+2	6.0617986E+1	5.9994208E+1	0.0000000E+0	0.0000000E+0	1.0000000E+2	0.0000000E+0
1.7598300E+2	6.0687242E+1	6.0018857E+1	0.0000000E+0	0.0000000E+0	1.0000000E+2	0.0000000E+0
1.7603400E+2	6.0737020E+1	6.0022709E+1	0.0000000E+0	0.0000000E+0	1.0000000E+2	0.0000000E+0
1.7608400E+2	6.0722018E+1	6.0012470E+1	0.0000000E+0	0.0000000E+0	1.0000000E+2	0.0000000E+0
1.7613400E+2	6.0758108E+1	6.0003808E+1	0.0000000E+0	0.0000000E+0	1.0000000E+2	0.0000000E+0
1.7618400E+2	6.0812975E+1	6.0005459E+1	0.0000000E+0	0.0000000E+0	1.0000000E+2	0.0000000E+0
1.7623400E+2	6.0890290E+1	6.0024662E+1	0.0000000E+0	0.0000000E+0	1.0000000E+2	0.0000000E+0
1.7628400E+2	6.0937020E+1	6.0028722E+1	0.0000000E+0	0.0000000E+0	1.0000000E+2	0.0000000E+0
1.7633500E+2	6.0980528E+1	6.0030856E+1	0.0000000E+0	0.0000000E+0	1.0000000E+2	0.0000000E+0
1.7638500E+2	6.1033633E+1	6.0033255E+1	0.0000000E+0	0.0000000E+0	1.0000000E+2	0.0000000E+0
1.7643600E+2	6.1083947E+1	6.0033073E+1	0.0000000E+0	0.0000000E+0	1.0000000E+2	0.0000000E+0
1.7648600E+2	6.1131846E+1	6.0045857E+1	0.0000000E+0	0.0000000E+0	1.0000000E+2	0.0000000E+0
1.7653600E+2	6.1178881E+1	6.0038319E+1	0.0000000E+0	0.0000000E+0	1.0000000E+2	0.0000000E+0
1.7658600E+2	6.1235133E+1	6.0043796E+1	0.0000000E+0	0.0000000E+0	1.0000000E+2	0.0000000E+0
1.7663600E+2	6.1265396E+1	6.0037957E+1	0.0000000E+0	0.0000000E+0	1.0000000E+2	0.0000000E+0
1.7668600E+2	6.1300645E+1	6.0034513E+1	0.0000000E+0	0.0000000E+0	1.0000000E+2	0.0000000E+0
1.7673600E+2	6.1344187E+1	6.0038205E+1	0.0000000E+0	0.0000000E+0	1.0000000E+2	0.0000000E+0
1.7678600E+2	6.1349590E+1	6.0056954E+1	0.0000000E+0	0.0000000E+0	1.0000000E+2	0.0000000E+0
1.7683600E+2	6.1381989E+1	6.0051356E+1	0.0000000E+0	0.0000000E+0	1.0000000E+2	0.0000000E+0
1.7688600E+2	6.1418752E+1	6.0037244E+1	0.0000000E+0	0.0000000E+0	1.0000000E+2	0.0000000E+0
1.7693700E+2	6.1474855E+1	6.0034057E+1	0.0000000E+0	0.0000000E+0	1.0000000E+2	0.0000000E+0
1.7698700E+2	6.1524999E+1	6.0035364E+1	0.0000000E+0	0.0000000E+0	1.0000000E+2	0.0000000E+0
1.7703700E+2	6.1543710E+1	6.0020587E+1	0.0000000E+0	0.0000000E+0	1.0000000E+2	0.0000000E+0
1.7708700E+2	6.1607103E+1	6.0027223E+1	0.0000000E+0	0.0000000E+0	1.0000000E+2	0.0000000E+0
1.7713700E+2	6.1658466E+1	6.0046645E+1	0.0000000E+0	0.0000000E+0	1.0000000E+2	0.0000000E+0
1.7718700E+2	6.1694362E+1	6.0045665E+1	0.0000000E+0	0.0000000E+0	1.0000000E+2	0.0000000E+0
1.7723700E+2	6.1711674E+1	6.0034694E+1	0.0000000E+0	0.0000000E+0	1.0000000E+2	0.0000000E+0
1.7728700E+2	6.1764199E+1	6.0043759E+1	0.0000000E+0	0.0000000E+0	1.0000000E+2	0.0000000E+0
1.7733700E+2	6.1825357E+1	6.0056640E+1	0.0000000E+0	0.0000000E+0	1.0000000E+2	0.0000000E+0
1.7738800E+2	6.1876530E+1	6.0069350E+1	0.0000000E+0	0.0000000E+0	1.0000000E+2	0.0000000E+0
1.7743800E+2	6.1939267E+1	6.0078944E+1	0.0000000E+0	0.0000000E+0	1.0000000E+2	0.0000000E+0
1.7748800E+2	6.1972909E+1	6.0078976E+1	0.0000000E+0	0.0000000E+0	1.0000000E+2	0.0000000E+0
1.7753900E+2	6.1953974E+1	6.0056223E+1	0.0000000E+0	0.0000000E+0	1.0000000E+2	0.0000000E+0
1.7758900E+2	6.1971535E+1	6.0061676E+1	0.0000000E+0	0.0000000E+0	1.0000000E+2	0.0000000E+0
1.7763900E+2	6.2022988E+1	6.0066147E+1	0.0000000E+0	0.0000000E+0	1.0000000E+2	0.0000000E+0
1.7768900E+2	6.2066796E+1	6.0060304E+1	0.0000000E+0	0.0000000E+0	1.0000000E+2	0.0000000E+0
1.7773900E+2	6.2087738E+1	6.0058964E+1	0.0000000E+0	0.0000000E+0	1.0000000E+2	0.0000000E+0
1.7778900E+2	6.2127848E+1	6.0060101E+1	0.0000000E+0	0.0000000E+0	1.0000000E+2	0.0000000E+0
1.7783900E+2	6.2150124E+1	6.0053665E+1	0.0000000E+0	0.0000000E+0	1.0000000E+2	0.0000000E+0
1.7788900E+2	6.2206675E+1	6.0065518E+1	0.0000000E+0	0.0000000E+0	1.0000000E+2	0.0000000E+0
1.7793900E+2	6.2262880E+1	6.0064361E+1	0.0000000E+0	0.0000000E+0	1.0000000E+2	0.0000000E+0
1.7798900E+2	6.2303974E+1	6.0059503E+1	0.0000000E+0	0.0000000E+0	1.0000000E+2	0.0000000E+0
1.7803900E+2	6.2352264E+1	6.0061553E+1	0.0000000E+0	0.0000000E+0	1.0000000E+2	0.0000000E+0
1.7808900E+2	6.2412292E+1	6.0069786E+1	0.0000000E+0	0.0000000E+0	1.0000000E+2	0.0000000E+0
1.7813900E+2	6.2448783E+1	6.0067710E+1	0.0000000E+0	0.0000000E+0	1.0000000E+2	0.0000000E+0
1.7818900E+2	6.2510142E+1	6.0073475E+1	0.0000000E+0	0.0000000E+0	1.0000000E+2	0.0000000E+0
1.7823900E+2	6.2459395E+1	6.0130868E+1	0.0000000E+0	0.0000000E+0	1.0000000E+2	0.0000000E+0
1.7828900E+2	6.1080658E+1	6.0145359E+1	0.0000000E+0	0.0000000E+0	1.0000000E+2	0.0000000E+0
1.7834000E+2	6.1080341E+1	6.0043569E+1	0.0000000E+0	0.0000000E+0	1.0000000E+2	0.0000000E+0
1.7839000E+2	6.1145619E+1	6.0060750E+1	0.0000000E+0	0.0000000E+0	1.0000000E+2	0.0000000E+0
1.7844000E+2	6.1193281E+1	6.0069645E+1	0.0000000E+0	0.0000000E+0	1.0000000E+2	0.0000000E+0
1.7849000E+2	6.1231213E+1	6.0059405E+1	0.0000000E+0	0.0000000E+0	1.0000000E+2	0.0000000E+0
1.7854000E+2	6.1273176E+1	6.0063337E+1	0.0000000E+0	0.0000000E+0	1.0000000E+2	0.0000000E+0
1.7859000E+2	6.1295909E+1	6.0056121E+1	0.0000000E+0	0.0000000E+0	1.0000000E+2	0.0000000E+0
1.7864000E+2	6.1353083E+1	6.0057149E+1	0.0000000E+0	0.0000000E+0	1.0000000E+2	0.0000000E+0
1.7869000E+2	6.1416586E+1	6.0074045E+1	0.0000000E+0	0.0000000E+0	1.0000000E+2	0.0000000E+0
1.7874000E+2	6.1449314E+1	6.0053796E+1	0.0000000E+0	0.0000000E+0	1.0000000E+2	0.0000000E+0
1.7879000E+2	6.1511607E+1	6.0071578E+1	0.0000000E+0	0.0000000E+0	1.0000000E+2	0.0000000E+0
1.7884000E+2	6.1556111E+1	6.0084318E+1	0.0000000E+0	0.0000000E+0	1.0000000E+2	0.0000000E+0
1.7889000E+2	6.1572898E+1	6.0079099E+1	0.0000000E+0	0.0000000E+0	1.0000000E+2	0.0000000E+0
1.7894000E+2	6.1563016E+1	6.0066505E+1	0.0000000E+0	0.0000000E+0	1.0000000E+2	0.0000000E+0
1.7899000E+2	6.1600118E+1	6.0071898E+1	0.0000000E+0	0.0000000E+0	1.0000000E+2	0.0000000E+0
1.7904100E+2	6.1648700E+1	6.0079952E+1	0.0000000E+0	0.0000000E+0	1.0000000E+2	0.0000000E+0
1.7909100E+2	6.1682084E+1	6.0078996E+1	0.0000000E+0	0.0000000E+0	1.0000000E+2	0.0000000E+0
1.7914100E+2	6.1728371E+1	6.0083607E+1	0.0000000E+0	0.0000000E+0	1.0000000E+2	0.0000000E+0
1.7919100E+2	6.1782831E+1	6.0095170E+1	0.0000000E+0	0.0000000E+0	1.0000000E+2	0.0000000E+0
1.7924100E+2	6.1820133E+1	6.0093576E+1	0.0000000E+0	0.0000000E+0	1.0000000E+2	0.0000000E+0
1.7929100E+2	6.1861302E+1	6.0086863E+1	0.0000000E+0	0.0000000E+0	1.0000000E+2	0.0000000E+0
1.7934100E+2	6.1895625E+1	6.0087431E+1	0.0000000E+0	0.0000000E+0	1.0000000E+2	0.0000000E+0
1.7939100E+2	6.1924429E+1	6.0091902E+1	0.0000000E+0	0.0000000E+0	1.0000000E+2	0.0000000E+0
1.7944100E+2	6.1956539E+1	6.0095651E+1	0.0000000E+0	0.0000000E+0	1.0000000E+2	0.0000000E+0
1.7949100E+2	6.1987820E+1	6.0110940E+1	0.0000000E+0	0.0000000E+0	1.0000000E+2	0.0000000E+0
1.7954100E+2	6.2013318E+1	6.0107377E+1	0.0000000E+0	0.0000000E+0	1.0000000E+2	0.0000000E+0
1.7959100E+2	6.1991404E+1	6.0098094E+1	0.0000000E+0	0.0000000E+0	1.0000000E+2	0.0000000E+0
1.7964100E+2	6.2024301E+1	6.0105475E+1	0.0000000E+0	0.0000000E+0	1.0000000E+2	0.0000000E+0
1.7969200E+2	6.2099743E+1	6.0119025E+1	0.0000000E+0	0.0000000E+0	1.0000000E+2	0.0000000E+0
1.7974200E+2	6.2143735E+1	6.0111026E+1	0.0000000E+0	0.0000000E+0	1.0000000E+2	0.0000000E+0
1.7979200E+2	6.2184333E+1	6.0110861E+1	0.0000000E+0	0.0000000E+0	1.0000000E+2	0.0000000E+0
1.7984300E+2	6.2219439E+1	6.0102920E+1	0.0000000E+0	0.0000000E+0	1.0000000E+2	0.0000000E+0
1.7989300E+2	6.2254330E+1	6.0087323E+1	0.0000000E+0	0.0000000E+0	1.0000000E+2	0.0000000E+0
1.7994300E+2	6.2297602E+1	6.0086565E+1	0.0000000E+0	0.0000000E+0	1.0000000E+2	0.0000000E+0
1.7999300E+2	6.2358537E+1	6.0107591E+1	0.0000000E+0	0.0000000E+0	1.0000000E+2	0.0000000E+0
1.8004300E+2	6.2377257E+1	6.0092613E+1	0.0000000E+0	0.0000000E+0	1.0000000E+2	0.0000000E+0
1.8009400E+2	6.2418665E+1	6.0104416E+1	0.0000000E+0	0.0000000E+0	1.0000000E+2	0.0000000E+0
1.8014400E+2	6.2441676E+1	6.0098506E+1	0.0000000E+0	0.0000000E+0	1.0000000E+2	0.0000000E+0
1.8019400E+2	6.2470160E+1	6.0094862E+1	0.0000000E+0	0.0000000E+0	1.0000000E+2	0.0000000E+0
1.8024500E+2	6.2461326E+1	6.0100006E+1	0.0000000E+0	0.0000000E+0	1.0000000E+2	0.0000000E+0
1.8029500E+2	6.2478036E+1	6.0096437E+1	0.0000000E+0	0.0000000E+0	1.0000000E+2	0.0000000E+0
1.8034500E+2	6.2504258E+1	6.0095980E+1	0.0000000E+0	0.0000000E+0	1.0000000E+2	0.0000000E+0
1.8039600E+2	6.2546015E+1	6.0100653E+1	0.0000000E+0	0.0000000E+0	1.0000000E+2	0.0000000E+0
1.8044600E+2	6.2559387E+1	6.0093545E+1	0.0000000E+0	0.0000000E+0	1.0000000E+2	0.0000000E+0
1.8049600E+2	6.2576122E+1	6.0090871E+1	0.0000000E+0	0.0000000E+0	1.0000000E+2	0.0000000E+0
1.8054600E+2	6.2597838E+1	6.0095492E+1	0.0000000E+0	0.0000000E+0	1.0000000E+2	0.0000000E+0
1.8059600E+2	6.2648810E+1	6.0104206E+1	0.0000000E+0	0.0000000E+0	1.0000000E+2	0.0000000E+0
1.8064600E+2	6.2683824E+1	6.0102668E+1	0.0000000E+0	0.0000000E+0	1.0000000E+2	0.0000000E+0
1.8069700E+2	6.2740080E+1	6.0116120E+1	0.0000000E+0	0.0000000E+0	1.0000000E+2	0.0000000E+0
1.8074800E+2	6.2776040E+1	6.0109412E+1	0.0000000E+0	0.0000000E+0	1.0000000E+2	0.0000000E+0
1.8079800E+2	6.2789614E+1	6.0101374E+1	0.0000000E+0	0.0000000E+0	1.0000000E+2	0.0000000E+0
1.8084900E+2	6.2823051E+1	6.0102668E+1	0.0000000E+0	0.0000000E+0	1.0000000E+2	0.0000000E+0
1.8089900E+2	6.2820720E+1	6.0093416E+1	0.0000000E+0	0.0000000E+0	1.0000000E+2	0.0000000E+0
1.8094900E+2	6.2799007E+1	6.0074075E+1	0.0000000E+0	0.0000000E+0	1.0000000E+2	0.0000000E+0
1.8099900E+2	6.2837380E+1	6.0074104E+1	0.0000000E+0	0.0000000E+0	1.0000000E+2	0.0000000E+0
1.8104900E+2	6.2887338E+1	6.0073805E+1	0.0000000E+0	0.0000000E+0	1.0000000E+2	0.0000000E+0
1.8110000E+2	6.2930694E+1	6.0089161E+1	0.0000000E+0	0.0000000E+0	1.0000000E+2	0.0000000E+0
1.8115000E+2	6.2989538E+1	6.0096423E+1	0.0000000E+0	0.0000000E+0	1.0000000E+2	0.0000000E+0
1.8120000E+2	6.3040821E+1	6.0086802E+1	0.0000000E+0	0.0000000E+0	1.0000000E+2	0.0000000E+0
1.8125000E+2	6.1450890E+1	6.0287865E+1	0.0000000E+0	0.0000000E+0	1.0000000E+2	0.0000000E+0
1.8130000E+2	6.0792452E+1	6.0031560E+1	0.0000000E+0	0.0000000E+0	1.0000000E+2	0.0000000E+0
1.8135000E+2	6.0871395E+1	6.0072022E+1	0.0000000E+0	0.0000000E+0	1.0000000E+2	0.0000000E+0
1.8140000E+2	6.0903254E+1	6.0078461E+1	0.0000000E+0	0.0000000E+0	1.0000000E+2	0.0000000E+0
1.8145000E+2	6.0945430E+1	6.0082966E+1	0.0000000E+0	0.0000000E+0	1.0000000E+2	0.0000000E+0
1.8150000E+2	6.1000114E+1	6.0091939E+1	0.0000000E+0	0.0000000E+0	1.0000000E+2	0.0000000E+0
1.8155000E+2	6.1021443E+1	6.0079852E+1	0.0000000E+0	0.0000000E+0	1.0000000E+2	0.0000000E+0
1.8160000E+2	6.1025935E+1	6.0075063E+1	0.0000000E+0	0.0000000E+0	1.0000000E+2	0.0000000E+0
1.8165100E+2	6.1073176E+1	6.0072569E+1	0.0000000E+0	0.0000000E+0	1.0000000E+2	0.0000000E+0
1.8170100E+2	6.1096784E+1	6.0050836E+1	0.0000000E+0	0.0000000E+0	1.0000000E+2	0.0000000E+0
1.8175100E+2	6.1139413E+1	6.0056073E+1	0.0000000E+0	0.0000000E+0	1.0000000E+2	0.0000000E+0
1.8180100E+2	6.1189188E+1	6.0044197E+1	0.0000000E+0	0.0000000E+0	1.0000000E+2	0.0000000E+0
1.8185100E+2	6.1247154E+1	6.0046505E+1	0.0000000E+0	0.0000000E+0	1.0000000E+2	0.0000000E+0
1.8190200E+2	6.1284601E+1	6.0040287E+1	0.0000000E+0	0.0000000E+0	1.0000000E+2	0.0000000E+0
1.8195200E+2	6.1338145E+1	6.0054116E+1	0.0000000E+0	0.0000000E+0	1.0000000E+2	0.0000000E+0
1.8200200E+2	6.1370184E+1	6.0053986E+1	0.0000000E+0	0.0000000E+0	1.0000000E+2	0.0000000E+0
1.8205200E+2	6.1400161E+1	6.0050705E+1	0.0000000E+0	0.0000000E+0	1.0000000E+2	0.0000000E+0
1.8210200E+2	6.1424704E+1	6.0034876E+1	0.0000000E+0	0.0000000E+0	1.0000000E+2	0.0000000E+0
1.8215300E+2	6.1475495E+1	6.0043100E+1	0.0000000E+0	0.0000000E+0	1.0000000E+2	0.0000000E+0
1.8220300E+2	6.1512308E+1	6.0051347E+1	0.0000000E+0	0.0000000E+0	1.0000000E+2	0.0000000E+0
1.8225400E+2	6.1543235E+1	6.0055748E+1	0.0000000E+0	0.0000000E+0	1.0000000E+2	0.0000000E+0
1.8230400E+2	6.1539336E+1	6.0055076E+1	0.0000000E+0	0.0000000E+0	1.0000000E+2	0.0000000E+0
1.8235400E+2	6.1530348E+1	6.0043126E+1	0.0000000E+0	0.0000000E+0	1.0000000E+2	0.0000000E+0
1.8240400E+2	6.1571103E+1	6.0048925E+1	0.0000000E+0	0.0000000E+0	1.0000000E+2	0.0000000E+0
1.8245400E+2	6.1609283E+1	6.0054101E+1	0.0000000E+0	0.0000000E+0	1.0000000E+2	0.0000000E+0
1.8250500E+2	6.1637739E+1	6.0053431E+1	0.0000000E+0	0.0000000E+0	1.0000000E+2	0.0000000E+0
1.8255500E+2	6.1659158E+1	6.0045065E+1	0.0000000E+0	0.0000000E+0	1.0000000E+2	0.0000000E+0
1.8260500E+2	6.1709137E+1	6.0046198E+1	0.0000000E+0	0.0000000E+0	1.0000000E+2	0.0000000E+0
1.8265500E+2	6.1749699E+1	6.0050075E+1	0.0000000E+0	0.0000000E+0	1.0000000E+2	0.0000000E+0
1.8270500E+2	6.1791931E+1	6.0052740E+1	0.0000000E+0	0.0000000E+0	1.0000000E+2	0.0000000E+0
1.8275500E+2	6.1832978E+1	6.0046063E+1	0.0000000E+0	0.0000000E+0	1.0000000E+2	0.0000000E+0
1.8280500E+2	6.1888280E+1	6.0060258E+1	0.0000000E+0	0.0000000E+0	1.0000000E+2	0.0000000E+0
1.8285500E+2	6.1941473E+1	6.0063666E+1	0.0000000E+0	0.0000000E+0	1.0000000E+2	0.0000000E+0
1.8290500E+2	6.1992850E+1	6.0056355E+1	0.0000000E+0	0.0000000E+0	1.0000000E+2	0.0000000E+0
1.8295500E+2	6.2047763E+1	6.0068118E+1	0.0000000E+0	0.0000000E+0	1.0000000E+2	0.0000000E+0
1.8300500E+2	6.2119198E+1	6.0087699E+1	0.0000000E+0	0.0000000E+0	1.0000000E+2	0.0000000E+0
1.8305500E+2	6.2121968E+1	6.0086749E+1	0.0000000E+0	0.0000000E+0	1.0000000E+2	0.0000000E+0
1.8310600E+2	6.2138281E+1	6.0073879E+1	0.0000000E+0	0.0000000E+0	1.0000000E+2	0.0000000E+0
1.8315600E+2	6.2196396E+1	6.0098589E+1	0.0000000E+0	0.0000000E+0	1.0000000E+2	0.0000000E+0
1.8320600E+2	6.2258364E+1	6.0093360E+1	0.0000000E+0	0.0000000E+0	1.0000000E+2	0.0000000E+0
1.8325600E+2	6.2303089E+1	6.0097771E+1	0.0000000E+0	0.0000000E+0	1.0000000E+2	0.0000000E+0
1.8330600E+2	6.2338408E+1	6.0099044E+1	0.0000000E+0	0.0000000E+0	1.0000000E+2	0.0000000E+0
1.8335600E+2	6.2381951E+1	6.0090005E+1	0.0000000E+0	0.0000000E+0	1.0000000E+2	0.0000000E+0
1.8340600E+2	6.2427253E+1	6.0104220E+1	0.0000000E+0	0.0000000E+0	1.0000000E+2	0.0000000E+0
1.8345600E+2	6.2465887E+1	6.0101393E+1	0.0000000E+0	0.0000000E+0	1.0000000E+2	0.0000000E+0
1.8350600E+2	6.2504197E+1	6.0104444E+1	0.0000000E+0	0.0000000E+0	1.0000000E+2	0.0000000E+0
1.8355600E+2	6.2534621E+1	6.0105771E+1	0.0000000E+0	0.0000000E+0	1.0000000E+2	0.0000000E+0
1.8360600E+2	6.2569424E+1	6.0093969E+1	0.0000000E+0	0.0000000E+0	1.0000000E+2	0.0000000E+0
1.8365600E+2	6.1399442E+1	6.0232928E+1	0.0000000E+0	0.0000000E+0	1.0000000E+2	0.0000000E+0
1.8370600E+2	6.1131005E+1	6.0059944E+1	0.0000000E+0	0.0000000E+0	1.0000000E+2	0.0000000E+0
1.8375600E+2	6.1155401E+1	6.0069190E+1	0.0000000E+0	0.0000000E+0	1.0000000E+2	0.0000000E+0
1.8380600E+2	6.1193712E+1	6.0057983E+1	0.0000000E+0	0.0000000E+0	1.0000000E+2	0.0000000E+0
1.8385600E+2	6.1228298E+1	6.0065997E+1	0.0000000E+0	0.0000000E+0	1.0000000E+2	0.0000000E+0
1.8390600E+2	6.1240315E+1	6.0087589E+1	0.0000000E+0	0.0000000E+0	1.0000000E+2	0.0000000E+0
1.8395600E+2	6.1264764E+1	6.0075777E+1	0.0000000E+0	0.0000000E+0	1.0000000E+2	0.0000000E+0
1.8400600E+2	6.1324518E+1	6.0067983E+1	0.0000000E+0	0.0000000E+0	1.0000000E+2	0.0000000E+0
1.8405600E+2	6.1366273E+1	6.0075466E+1	0.0000000E+0	0.0000000E+0	1.0000000E+2	0.0000000E+0
1.8410600E+2	6.1399301E+1	6.0077065E+1	0.0000000E+0	0.0000000E+0	1.0000000E+2	0.0000000E+0
1.8415600E+2	6.1434841E+1	6.0080868E+1	0.0000000E+0	0.0000000E+0	1.0000000E+2	0.0000000E+0
1.8420600E+2	6.1490654E+1	6.0094703E+1	0.0000000E+0	0.0000000E+0	1.0000000E+2	0.0000000E+0
1.8425600E+2	6.1537152E+1	6.0088221E+1	0.0000000E+0	0.0000000E+0	1.0000000E+2	0.0000000E+0
1.8430600E+2	6.1562337E+1	6.0100979E+1	0.0000000E+0	0.0000000E+0	1.0000000E+2	0.0000000E+0
1.8435600E+2	6.1605563E+1	6.0106759E+1	0.0000000E+0	0.0000000E+0	1.0000000E+2	0.0000000E+0
1.8440600E+2	6.1658243E+1	6.0111499E+1	0.0000000E+0	0.0000000E+0	1.0000000E+2	0.0000000E+0
1.8445600E+2	6.1675295E+1	6.0097427E+1	0.0000000E+0	0.0000000E+0	1.0000000E+2	0.0000000E+0
1.8450600E+2	6.1710487E+1	6.0104428E+1	0.0000000E+0	0.0000000E+0	1.0000000E+2	0.0000000E+0
1.8455600E+2	6.1722289E+1	6.0090326E+1	0.0000000E+0	0.0000000E+0	1.0000000E+2	0.0000000E+0
1.8460600E+2	6.1717257E+1	6.0084052E+1	0.0000000E+0	0.0000000E+0	1.0000000E+2	0.0000000E+0
1.8465600E+2	6.1763585E+1	6.0086712E+1	0.0000000E+0	0.0000000E+0	1.0000000E+2	0.0000000E+0
1.8470600E+2	6.1807115E+1	6.0072909E+1	0.0000000E+0	0.0000000E+0	1.0000000E+2	0.0000000E+0
1.8475600E+2	6.1858857E+1	6.0081664E+1	0.0000000E+0	0.0000000E+0	1.0000000E+2	0.0000000E+0
1.8480600E+2	6.1885337E+1	6.0077017E+1	0.0000000E+0	0.0000000E+0	1.0000000E+2	0.0000000E+0
1.8485600E+2	6.1927649E+1	6.0080422E+1	0.0000000E+0	0.0000000E+0	1.0000000E+2	0.0000000E+0
1.8490700E+2	6.1953424E+1	6.0087222E+1	0.0000000E+0	0.0000000E+0	1.0000000E+2	0.0000000E+0
1.8495800E+2	6.1999691E+1	6.0093256E+1	0.0000000E+0	0.0000000E+0	1.0000000E+2	0.0000000E+0
1.8500800E+2	6.2037853E+1	6.0093310E+1	0.0000000E+0	0.0000000E+0	1.0000000E+2	0.0000000E+0
1.8505900E+2	6.2069797E+1	6.0082359E+1	0.0000000E+0	0.0000000E+0	1.0000000E+2	0.0000000E+0
1.8510900E+2	6.2098183E+1	6.0068022E+1	0.0000000E+0	0.0000000E+0	1.0000000E+2	0.0000000E+0
1.8515900E+2	6.2161364E+1	6.0082510E+1	0.0000000E+0	0.0000000E+0	1.0000000E+2	0.0000000E+0
1.8520900E+2	6.2200779E+1	6.0076881E+1	0.0000000E+0	0.0000000E+0	1.0000000E+2	0.0000000E+0
1.8525900E+2	6.2214868E+1	6.0086641E+1	0.0000000E+0	0.0000000E+0	1.0000000E+2	0.0000000E+0
1.8531000E+2	6.2231679E+1	6.0086234E+1	0.0000000E+0	0.0000000E+0	1.0000000E+2	0.0000000E+0
1.8536000E+2	6.2279669E+1	6.0081962E+1	0.0000000E+0	0.0000000E+0	1.0000000E+2	0.0000000E+0
1.8541000E+2	6.2344581E+1	6.0087832E+1	0.0000000E+0	0.0000000E+0	1.0000000E+2	0.0000000E+0
1.8546000E+2	6.2381642E+1	6.0089938E+1	0.0000000E+0	0.0000000E+0	1.0000000E+2	0.0000000E+0
1.8551000E+2	6.2429006E+1	6.0088184E+1	0.0000000E+0	0.0000000E+0	1.0000000E+2	0.0000000E+0
1.8556000E+2	6.2471551E+1	6.0082628E+1	0.0000000E+0	0.0000000E+0	1.0000000E+2	0.0000000E+0
1.8561000E+2	6.2515393E+1	6.0085109E+1	0.0000000E+0	0.0000000E+0	1.0000000E+2	0.0000000E+0
1.8566100E+2	6.2566053E+1	6.0082589E+1	0.0000000E+0	0.0000000E+0	1.0000000E+2	0.0000000E+0
1.8571100E+2	6.2621450E+1	6.0092441E+1	0.0000000E+0	0.0000000E+0	1.0000000E+2	0.0000000E+0
1.8576100E+2	6.2684931E+1	6.0109329E+1	0.0000000E+0	0.0000000E+0	1.0000000E+2	0.0000000E+0
1.8581100E+2	6.2739682E+1	6.0101689E+1	0.0000000E+0	0.0000000E+0	1.0000000E+2	0.0000000E+0
1.8586100E+2	6.2793017E+1	6.0119068E+1	0.0000000E+0	0.0000000E+0	1.0000000E+2	0.0000000E+0
1.8591100E+2	6.2825105E+1	6.0109464E+1	0.0000000E+0	0.0000000E+0	1.0000000E+2	0.0000000E+0
1.8596100E+2	6.2864923E+1	6.0104002E+1	0.0000000E+0	0.0000000E+0	1.0000000E+2	0.0000000E+0
1.8601100E+2	6.2910679E+1	6.0105812E+1	0.0000000E+0	0.0000000E+0	1.0000000E+2	0.0000000E+0
1.8606200E+2	6.2938465E+1	6.0098637E+1	0.0000000E+0	0.0000000E+0	1.0000000E+2	0.0000000E+0
1.8611300E+2	6.1761353E+1	6.0232712E+1	0.0000000E+0	0.0000000E+0	1.0000000E+2	0.0000000E+0
1.8616400E+2	6.1676297E+1	6.0080423E+1	0.0000000E+0	0.0000000E+0	1.0000000E+2	0.0000000E+0
1.8621500E+2	6.1717782E+1	6.0089981E+1	0.0000000E+0	0.0000000E+0	1.0000000E+2	0.0000000E+0
1.8626600E+2	6.1768787E+1	6.0086224E+1	0.0000000E+0	0.0000000E+0	1.0000000E+2	0.0000000E+0
1.8631600E+2	6.1814387E+1	6.0104421E+1	0.0000000E+0	0.0000000E+0	1.0000000E+2	0.0000000E+0
1.8636600E+2	6.1851951E+1	6.0083742E+1	0.0000000E+0	0.0000000E+0	1.0000000E+2	0.0000000E+0
1.8641600E+2	6.1914279E+1	6.0109145E+1	0.0000000E+0	0.0000000E+0	1.0000000E+2	0.0000000E+0
1.8646600E+2	6.1955775E+1	6.0106811E+1	0.0000000E+0	0.0000000E+0	1.0000000E+2	0.0000000E+0
1.8651600E+2	6.1974624E+1	6.0089001E+1	0.0000000E+0	0.0000000E+0	1.0000000E+2	0.0000000E+0
1.8656600E+2	6.2019274E+1	6.0079592E+1	0.0000000E+0	0.0000000E+0	1.0000000E+2	0.0000000E+0
1.8661600E+2	6.2066942E+1	6.0088458E+1	0.0000000E+0	0.0000000E+0	1.0000000E+2	0.0000000E+0
1.8666600E+2	6.2114358E+1	6.0080587E+1	0.0000000E+0	0.0000000E+0	1.0000000E+2	0.0000000E+0
1.8671600E+2	6.2157896E+1	6.0078430E+1	0.0000000E+0	0.0000000E+0	1.0000000E+2	0.0000000E+0
1.8676600E+2	6.2224689E+1	6.0102114E+1	0.0000000E+0	0.0000000E+0	1.0000000E+2	0.0000000E+0
1.8681600E+2	6.2222862E+1	6.0100738E+1	0.0000000E+0	0.0000000E+0	1.0000000E+2	0.0000000E+0
1.8686600E+2	6.2248904E+1	6.0103204E+1	0.0000000E+0	0.0000000E+0	1.0000000E+2	0.0000000E+0
1.8691600E+2	6.2294963E+1	6.0089675E+1	0.0000000E+0	0.0000000E+0	1.0000000E+2	0.0000000E+0
1.8696600E+2	6.2368735E+1	6.0115524E+1	0.0000000E+0	0.0000000E+0	1.0000000E+2	0.0000000E+0
1.8701600E+2	6.2414506E+1	6.0112008E+1	0.0000000E+0	0.0000000E+0	1.0000000E+2	0.0000000E+0
1.8706600E+2	6.2458781E+1	6.0126155E+1	0.0000000E+0	0.0000000E+0	1.0000000E+2	0.0000000E+0
1.8711600E+2	6.2494978E+1	6.0116398E+1	0.0000000E+0	0.0000000E+0	1.0000000E+2	0.0000000E+0
1.8716600E+2	6.2547530E+1	6.0125746E+1	0.0000000E+0	0.0000000E+0	1.0000000E+2	0.0000000E+0
1.8721600E+2	6.2601849E+1	6.0124098E+1	0.0000000E+0	0.0000000E+0	1.0000000E+2	0.0000000E+0
1.8726600E+2	6.2656300E+1	6.0128816E+1	0.0000000E+0	0.0000000E+0	1.0000000E+2	0.0000000E+0
1.8731600E+2	6.2692205E+1	6.0132160E+1	0.0000000E+0	0.0000000E+0	1.0000000E+2	0.0000000E+0
1.8736600E+2	6.2727493E+1	6.0125215E+1	0.0000000E+0	0.0000000E+0	1.0000000E+2	0.0000000E+0
1.8741800E+2	6.2811306E+1	6.0137641E+1	0.0000000E+0	0.0000000E+0	1.0000000E+2	0.0000000E+0
1.8746800E+2	6.2857064E+1	6.0126367E+1	0.0000000E+0	0.0000000E+0	1.0000000E+2	0.0000000E+0
1.8751800E+2	6.2942019E+1	6.0139587E+1	0.0000000E+0	0.0000000E+0	1.0000000E+2	0.0000000E+0
1.8756800E+2	6.2983534E+1	6.0137807E+1	0.0000000E+0	0.0000000E+0	1.0000000E+2	0.0000000E+0
1.8761800E+2	6.3022091E+1	6.0124308E+1	0.0000000E+0	0.0000000E+0	1.0000000E+2	0.0000000E+0
1.8766800E+2	6.3042587E+1	6.0138791E+1	0.0000000E+0	0.0000000E+0	1.0000000E+2	0.0000000E+0
1.8771800E+2	6.3084004E+1	6.0135783E+1	0.0000000E+0	0.0000000E+0	1.0000000E+2	0.0000000E+0
1.8776800E+2	6.3155634E+1	6.0143561E+1	0.0000000E+0	0.0000000E+0	1.0000000E+2	0.0000000E+0
1.8781800E+2	6.3220506E+1	6.0134884E+1	0.0000000E+0	0.0000000E+0	1.0000000E+2	0.0000000E+0
1.8786800E+2	6.3298935E+1	6.0146655E+1	0.0000000E+0	0.0000000E+0	1.0000000E+2	0.0000000E+0
1.8791800E+2	6.3373996E+1	6.0161032E+1	0.0000000E+0	0.0000000E+0	1.0000000E+2	0.0000000E+0
1.8796800E+2	6.3426718E+1	6.0142381E+1	0.0000000E+0	0.0000000E+0	1.0000000E+2	0.0000000E+0
1.8801900E+2	6.3481764E+1	6.0134358E+1	0.0000000E+0	0.0000000E+0	1.0000000E+2	0.0000000E+0
1.8807000E+2	6.3546523E+1	6.0127373E+1	0.0000000E+0	0.0000000E+0	1.0000000E+2	0.0000000E+0
1.8812000E+2	6.3624263E+1	6.0127546E+1	0.0000000E+0	0.0000000E+0	1.0000000E+2	0.0000000E+0
1.8817000E+2	6.3693568E+1	6.0139246E+1	0.0000000E+0	0.0000000E+0	1.0000000E+2	0.0000000E+0
1.8822000E+2	6.3772411E+1	6.0127312E+1	0.0000000E+0	0.0000000E+0	1.0000000E+2	0.0000000E+0
1.8827000E+2	6.3848706E+1	6.0142156E+1	0.0000000E+0	0.0000000E+0	1.0000000E+2	0.0000000E+0
1.8832000E+2	6.3943693E+1	6.0150306E+1	0.0000000E+0	0.0000000E+0	1.0000000E+2	0.0000000E+0
1.8837100E+2	6.4001967E+1	6.0139031E+1	0.0000000E+0	0.0000000E+0	1.0000000E+2	0.0000000E+0
1.8842100E+2	6.4077455E+1	6.0142017E+1	0.0000000E+0	0.0000000E+0	1.0000000E+2	0.0000000E+0
1.8847100E+2	6.4119852E+1	6.0128890E+1	0.0000000E+0	0.0000000E+0	1.0000000E+2	0.0000000E+0
1.8852100E+2	6.4175961E+1	6.0124948E+1	0.0000000E+0	0.0000000E+0	1.0000000E+2	0.0000000E+0
1.8857100E+2	6.4266670E+1	6.0129792E+1	0.0000000E+0	0.0000000E+0	1.0000000E+2	0.0000000E+0
1.8862100E+2	6.4366234E+1	6.0133820E+1	0.0000000E+0	0.0000000E+0	1.0000000E+2	0.0000000E+0
1.8867100E+2	6.4443930E+1	6.0140575E+1	0.0000000E+0	0.0000000E+0	1.0000000E+2	0.0000000E+0
1.8872100E+2	6.4522004E+1	6.0140571E+1	0.0000000E+0	0.0000000E+0	1.0000000E+2	0.0000000E+0
1.8877200E+2	6.4602576E+1	6.0127713E+1	0.0000000E+0	0.0000000E+0	1.0000000E+2	0.0000000E+0
1.8882200E+2	6.3392192E+1	6.0332755E+1	0.0000000E+0	0.0000000E+0	1.0000000E+2	0.0000000E+0
1.8887200E+2	6.1606657E+1	6.0065131E+1	0.0000000E+0	0.0000000E+0	1.0000000E+2	0.0000000E+0
1.8892200E+2	6.1678248E+1	6.0090605E+1	0.0000000E+0	0.0000000E+0	1.0000000E+2	0.0000000E+0
1.8897300E+2	6.1738853E+1	6.0117837E+1	0.0000000E+0	0.0000000E+0	1.0000000E+2	0.0000000E+0
1.8902400E+2	6.1793665E+1	6.0118772E+1	0.0000000E+0	0.0000000E+0	1.0000000E+2	0.0000000E+0
1.8907400E+2	6.1837812E+1	6.0098998E+1	0.0000000E+0	0.0000000E+0	1.0000000E+2	0.0000000E+0
1.8912400E+2	6.1914672E+1	6.0103553E+1	0.0000000E+0	0.0000000E+0	1.0000000E+2	0.0000000E+0
1.8917400E+2	6.1969464E+1	6.0123221E+1	0.0000000E+0	0.0000000E+0	1.0000000E+2	0.0000000E+0
1.8922400E+2	6.1998460E+1	6.0092114E+1	0.0000000E+0	0.0000000E+0	1.0000000E+2	0.0000000E+0
1.8927400E+2	6.2043260E+1	6.0116133E+1	0.0000000E+0	0.0000000E+0	1.0000000E+2	0.0000000E+0
1.8932400E+2	6.2072250E+1	6.0132606E+1	0.0000000E+0	0.0000000E+0	1.0000000E+2	0.0000000E+0
1.8937400E+2	6.2106726E+1	6.0130628E+1	0.0000000E+0	0.0000000E+0	1.0000000E+2	0.0000000E+0
1.8942400E+2	6.2155910E+1	6.0107877E+1	0.0000000E+0	0.0000000E+0	1.0000000E+2	0.0000000E+0
1.8947400E+2	6.2218494E+1	6.0116753E+1	0.0000000E+0	0.0000000E+0	1.0000000E+2	0.0000000E+0
1.8952500E+2	6.2264566E+1	6.0122903E+1	0.0000000E+0	0.0000000E+0	1.0000000E+2	0.0000000E+0
1.8957500E+2	6.2327521E+1	6.0107942E+1	0.0000000E+0	0.0000000E+0	1.0000000E+2	0.0000000E+0
1.8962500E+2	6.2406793E+1	6.0131898E+1	0.0000000E+0	0.0000000E+0	1.0000000E+2	0.0000000E+0
1.8967500E+2	6.2464138E+1	6.0130777E+1	0.0000000E+0	0.0000000E+0	1.0000000E+2	0.0000000E+0
1.8972500E+2	6.2516803E+1	6.0133926E+1	0.0000000E+0	0.0000000E+0	1.0000000E+2	0.0000000E+0
1.8977500E+2	6.2574928E+1	6.0126372E+1	0.0000000E+0	0.0000000E+0	1.0000000E+2	0.0000000E+0
1.8982600E+2	6.2621743E+1	6.0132120E+1	0.0000000E+0	0.0000000E+0	1.0000000E+2	0.0000000E+0
1.8987600E+2	6.2691444E+1	6.0138754E+1	0.0000000E+0	0.0000000E+0	1.0000000E+2	0.0000000E+0
1.8992600E+2	6.2713536E+1	6.0129204E+1	0.0000000E+0	0.0000000E+0	1.0000000E+2	0.0000000E+0
1.8997600E+2	6.2732434E+1	6.0121161E+1	0.0000000E+0	0.0000000E+0	1.0000000E+2	0.0000000E+0
1.9002700E+2	6.2774611E+1	6.0122999E+1	0.0000000E+0	0.0000000E+0	1.0000000E+2	0.0000000E+0
1.9007800E+2	6.2859446E+1	6.0129617E+1	0.0000000E+0	0.0000000E+0	1.0000000E+2	0.0000000E+0
1.9012800E+2	6.2910002E+1	6.0121801E+1	0.0000000E+0	0.0000000E+0	1.0000000E+2	0.0000000E+0
1.9017800E+2	6.2957658E+1	6.0126994E+1	0.0000000E+0	0.0000000E+0	1.0000000E+2	0.0000000E+0
1.9022800E+2	6.2996881E+1	6.0121861E+1	0.0000000E+0	0.0000000E+0	1.0000000E+2	0.0000000E+0
1.9027800E+2	6.3051539E+1	6.0124584E+1	0.0000000E+0	0.0000000E+0	1.0000000E+2	0.0000000E+0
1.9032900E+2	6.3105174E+1	6.0141317E+1	0.0000000E+0	0.0000000E+0	1.0000000E+2	0.0000000E+0
1.9038000E+2	6.3142153E+1	6.0137101E+1	0.0000000E+0	0.0000000E+0	1.0000000E+2	0.0000000E+0
1.9043000E+2	6.3191001E+1	6.0133104E+1	0.0000000E+0	0.0000000E+0	1.0000000E+2	0.0000000E+0
1.9048000E+2	6.3255525E+1	6.0137011E+1	0.0000000E+0	0.0000000E+0	1.0000000E+2	0.0000000E+0
1.9053100E+2	6.2526688E+1	6.0201952E+1	0.0000000E+0	0.0000000E+0	1.0000000E+2	0.0000000E+0
1.9058200E+2	6.2384340E+1	6.0119566E+1	0.0000000E+0	0.0000000E+0	1.0000000E+2	0.0000000E+0
1.9063300E+2	6.2399662E+1	6.0131273E+1	0.0000000E+0	0.0000000E+0	1.0000000E+2	0.0000000E+0
1.9068400E+2	6.2438414E+1	6.0130777E+1	0.0000000E+0	0.0000000E+0	1.0000000E+2	0.0000000E+0
1.9073400E+2	6.2471769E+1	6.0130782E+1	0.0000000E+0	0.0000000E+0	1.0000000E+2	0.0000000E+0
1.9078400E+2	6.2521812E+1	6.0124398E+1	0.0000000E+0	0.0000000E+0	1.0000000E+2	0.0000000E+0
1.9083400E+2	6.2597060E+1	6.0151986E+1	0.0000000E+0	0.0000000E+0	1.0000000E+2	0.0000000E+0
1.9088500E+2	6.2653947E+1	6.0162540E+1	0.0000000E+0	0.0000000E+0	1.0000000E+2	0.0000000E+0
1.9093500E+2	6.2698548E+1	6.0163361E+1	0.0000000E+0	0.0000000E+0	1.0000000E+2	0.0000000E+0
1.9098500E+2	6.2726155E+1	6.0141388E+1	0.0000000E+0	0.0000000E+0	1.0000000E+2	0.0000000E+0
1.9103500E+2	6.2776542E+1	6.0145096E+1	0.0000000E+0	0.0000000E+0	1.0000000E+2	0.0000000E+0
1.9108500E+2	6.2825459E+1	6.0145494E+1	0.0000000E+0	0.0000000E+0	1.0000000E+2	0.0000000E+0
1.9113500E+2	6.2885872E+1	6.0156637E+1	0.0000000E+0	0.0000000E+0	1.0000000E+2	0.0000000E+0
1.9118500E+2	6.2939467E+1	6.0161840E+1	0.0000000E+0	0.0000000E+0	1.0000000E+2	0.0000000E+0
1.9123500E+2	6.2983787E+1	6.0166080E+1	0.0000000E+0	0.0000000E+0	1.0000000E+2	0.0000000E+0
1.9128500E+2	6.2978849E+1	6.0138007E+1	0.0000000E+0	0.0000000E+0	1.0000000E+2	0.0000000E+0
1.9133500E+2	6.3021621E+1	6.0144886E+1	0.0000000E+0	0.0000000E+0	1.0000000E+2	0.0000000E+0
1.9138500E+2	6.3095430E+1	6.0146673E+1	0.0000000E+0	0.0000000E+0	1.0000000E+2	0.0000000E+0
1.9143500E+2	6.3114445E+1	6.0134573E+1	0.0000000E+0	0.0000000E+0	1.0000000E+2	0.0000000E+0
1.9148500E+2	6.3187403E+1	6.0155217E+1	0.0000000E+0	0.0000000E+0	1.0000000E+2	0.0000000E+0
1.9153600E+2	6.3250847E+1	6.0163827E+1	0.0000000E+0	0.0000000E+0	1.0000000E+2	0.0000000E+0
1.9158600E+2	6.3291465E+1	6.0148996E+1	0.0000000E+0	0.0000000E+0	1.0000000E+2	0.0000000E+0
1.9163600E+2	6.3346886E+1	6.0152563E+1	0.0000000E+0	0.0000000E+0	1.0000000E+2	0.0000000E+0
1.9168600E+2	6.3409110E+1	6.0175009E+1	0.0000000E+0	0.0000000E+0	1.0000000E+2	0.0000000E+0
1.9173600E+2	6.3467974E+1	6.0177869E+1	0.0000000E+0	0.0000000E+0	1.0000000E+2	0.0000000E+0
1.9178600E+2	6.3498682E+1	6.0165140E+1	0.0000000E+0	0.0000000E+0	1.0000000E+2	0.0000000E+0
1.9183600E+2	6.3556284E+1	6.0169186E+1	0.0000000E+0	0.0000000E+0	1.0000000E+2	0.0000000E+0
1.9188600E+2	6.3600888E+1	6.0173891E+1	0.0000000E+0	0.0000000E+0	1.0000000E+2	0.0000000E+0
1.9193600E+2	6.3656317E+1	6.0171608E+1	0.0000000E+0	0.0000000E+0	1.0000000E+2	0.0000000E+0
1.9198600E+2	6.3687667E+1	6.0168600E+1	0.0000000E+0	0.0000000E+0	1.0000000E+2	0.0000000E+0
1.9203600E+2	6.3711809E+1	6.0180823E+1	0.0000000E+0	0.0000000E+0	1.0000000E+2	0.0000000E+0
1.9208600E+2	6.3774223E+1	6.0179504E+1	0.0000000E+0	0.0000000E+0	1.0000000E+2	0.0000000E+0
1.9213600E+2	6.3518799E+1	6.0272413E+1	0.0000000E+0	0.0000000E+0	1.0000000E+2	0.0000000E+0
1.9218600E+2	6.2595071E+1	6.0168839E+1	0.0000000E+0	0.0000000E+0	1.0000000E+2	0.0000000E+0
1.9223600E+2	6.2628878E+1	6.0142954E+1	0.0000000E+0	0.0000000E+0	1.0000000E+2	0.0000000E+0
1.9228700E+2	6.2682482E+1	6.0148005E+1	0.0000000E+0	0.0000000E+0	1.0000000E+2	0.0000000E+0
1.9233700E+2	6.2756882E+1	6.0164516E+1	0.0000000E+0	0.0000000E+0	1.0000000E+2	0.0000000E+0
1.9238700E+2	6.2822144E+1	6.0185862E+1	0.0000000E+0	0.0000000E+0	1.0000000E+2	0.0000000E+0
1.9243700E+2	6.2866647E+1	6.0190246E+1	0.0000000E+0	0.0000000E+0	1.0000000E+2	0.0000000E+0
1.9248800E+2	6.2891895E+1	6.0175253E+1	0.0000000E+0	0.0000000E+0	1.0000000E+2	0.0000000E+0
1.9253800E+2	6.2932390E+1	6.0178715E+1	0.0000000E+0	0.0000000E+0	1.0000000E+2	0.0000000E+0
1.9258800E+2	6.2986953E+1	6.0173008E+1	0.0000000E+0	0.0000000E+0	1.0000000E+2	0.0000000E+0
1.9263900E+2	6.3055591E+1	6.0186757E+1	0.0000000E+0	0.0000000E+0	1.0000000E+2	0.0000000E+0
1.9269000E+2	6.3114740E+1	6.0194860E+1	0.0000000E+0	0.0000000E+0	1.0000000E+2	0.0000000E+0
1.9274000E+2	6.3103588E+1	6.0186241E+1	0.0000000E+0	0.0000000E+0	1.0000000E+2	0.0000000E+0
1.9279000E+2	6.3137885E+1	6.0175909E+1	0.0000000E+0	0.0000000E+0	1.0000000E+2	0.0000000E+0
1.9284000E+2	6.3189960E+1	6.0183271E+1	0.0000000E+0	0.0000000E+0	1.0000000E+2	0.0000000E+0
1.9289000E+2	6.3247295E+1	6.0202792E+1	0.0000000E+0	0.0000000E+0	1.0000000E+2	0.0000000E+0
1.9294000E+2	6.3290353E+1	6.0191141E+1	0.0000000E+0	0.0000000E+0	1.0000000E+2	0.0000000E+0
1.9299000E+2	6.3345866E+1	6.0196973E+1	0.0000000E+0	0.0000000E+0	1.0000000E+2	0.0000000E+0
1.9304100E+2	6.3395512E+1	6.0176125E+1	0.0000000E+0	0.0000000E+0	1.0000000E+2	0.0000000E+0
1.9309100E+2	6.3446829E+1	6.0175523E+1	0.0000000E+0	0.0000000E+0	1.0000000E+2	0.0000000E+0
1.9314100E+2	6.3499104E+1	6.0184491E+1	0.0000000E+0	0.0000000E+0	1.0000000E+2	0.0000000E+0
1.9319100E+2	6.3556695E+1	6.0178601E+1	0.0000000E+0	0.0000000E+0	1.0000000E+2	0.0000000E+0
1.9324100E+2	6.3612924E+1	6.0191105E+1	0.0000000E+0	0.0000000E+0	1.0000000E+2	0.0000000E+0
1.9329100E+2	6.3666080E+1	6.0189303E+1	0.0000000E+0	0.0000000E+0	1.0000000E+2	0.0000000E+0
1.9334100E+2	6.3708084E+1	6.0184918E+1	0.0000000E+0	0.0000000E+0	1.0000000E+2	0.0000000E+0
1.9339100E+2	6.3760543E+1	6.0181214E+1	0.0000000E+0	0.0000000E+0	1.0000000E+2	0.0000000E+0
1.9344100E+2	6.3816448E+1	6.0194164E+1	0.0000000E+0	0.0000000E+0	1.0000000E+2	0.0000000E+0
1.9349200E+2	6.3841931E+1	6.0196847E+1	0.0000000E+0	0.0000000E+0	1.0000000E+2	0.0000000E+0
1.9354300E+2	6.3876942E+1	6.0183877E+1	0.0000000E+0	0.0000000E+0	1.0000000E+2	0.0000000E+0
1.9359300E+2	6.3951400E+1	6.0193863E+1	0.0000000E+0	0.0000000E+0	1.0000000E+2	0.0000000E+0
1.9364400E+2	6.4004419E+1	6.0201631E+1	0.0000000E+0	0.0000000E+0	1.0000000E+2	0.0000000E+0
1.9369400E+2	6.4062769E+1	6.0201724E+1	0.0000000E+0	0.0000000E+0	1.0000000E+2	0.0000000E+0
1.9374500E+2	6.4098766E+1	6.0190713E+1	0.0000000E+0	0.0000000E+0	1.0000000E+2	0.0000000E+0
1.9379500E+2	6.4157252E+1	6.0193849E+1	0.0000000E+0	0.0000000E+0	1.0000000E+2	0.0000000E+0
1.9384500E+2	6.4183969E+1	6.0176611E+1	0.0000000E+0	0.0000000E+0	1.0000000E+2	0.0000000E+0
1.9389500E+2	6.4234543E+1	6.0171157E+1	0.0000000E+0	0.0000000E+0	1.0000000E+2	0.0000000E+0
1.9394500E+2	6.4283395E+1	6.0183678E+1	0.0000000E+0	0.0000000E+0	1.0000000E+2	0.0000000E+0
1.9399500E+2	6.4353453E+1	6.0175371E+1	0.0000000E+0	0.0000000E+0	1.0000000E+2	0.0000000E+0
1.9404500E+2	6.4402914E+1	6.0180789E+1	0.0000000E+0	0.0000000E+0	1.0000000E+2	0.0000000E+0
1.9409600E+2	6.4473981E+1	6.0191616E+1	0.0000000E+0	0.0000000E+0	1.0000000E+2	0.0000000E+0
1.9414600E+2	6.4542507E+1	6.0191187E+1	0.0000000E+0	0.0000000E+0	1.0000000E+2	0.0000000E+0
1.9419600E+2	6.4602677E+1	6.0202290E+1	0.0000000E+0	0.0000000E+0	1.0000000E+2	0.0000000E+0
1.9424600E+2	6.4621168E+1	6.0184060E+1	0.0000000E+0	0.0000000E+0	1.0000000E+2	0.0000000E+0
1.9429600E+2	6.4641990E+1	6.0198334E+1	0.0000000E+0	0.0000000E+0	1.0000000E+2	0.0000000E+0
1.9434600E+2	6.4698296E+1	6.0198561E+1	0.0000000E+0	0.0000000E+0	1.0000000E+2	0.0000000E+0
1.9439600E+2	6.4753238E+1	6.0187027E+1	0.0000000E+0	0.0000000E+0	1.0000000E+2	0.0000000E+0
1.9444600E+2	6.4734348E+1	6.0229692E+1	0.0000000E+0	0.0000000E+0	1.0000000E+2	0.0000000E+0
1.9449600E+2	6.2621654E+1	6.0284642E+1	0.0000000E+0	0.0000000E+0	1.0000000E+2	0.0000000E+0
1.9454600E+2	6.2590862E+1	6.0163179E+1	0.0000000E+0	0.0000000E+0	1.0000000E+2	0.0000000E+0
1.9459600E+2	6.2635152E+1	6.0177192E+1	0.0000000E+0	0.0000000E+0	1.0000000E+2	0.0000000E+0
1.9464600E+2	6.2683598E+1	6.0170415E+1	0.0000000E+0	0.0000000E+0	1.0000000E+2	0.0000000E+0
1.9469700E+2	6.2721363E+1	6.0192594E+1	0.0000000E+0	0.0000000E+0	1.0000000E+2	0.0000000E+0
1.9474700E+2	6.2758722E+1	6.0180174E+1	0.0000000E+0	0.0000000E+0	1.0000000E+2	0.0000000E+0
1.9479700E+2	6.2816448E+1	6.0193606E+1	0.0000000E+0	0.0000000E+0	1.0000000E+2	0.0000000E+0
1.9484700E+2	6.2876868E+1	6.0204518E+1	0.0000000E+0	0.0000000E+0	1.0000000E+2	0.0000000E+0
1.9489700E+2	6.2932922E+1	6.0192966E+1	0.0000000E+0	0.0000000E+0	1.0000000E+2	0.0000000E+0
1.9494700E+2	6.2940277E+1	6.0194314E+1	0.0000000E+0	0.0000000E+0	1.0000000E+2	0.0000000E+0
1.9499700E+2	6.2941238E+1	6.0178087E+1	0.0000000E+0	0.0000000E+0	1.0000000E+2	0.0000000E+0
1.9504700E+2	6.2971010E+1	6.0175116E+1	0.0000000E+0	0.0000000E+0	1.0000000E+2	0.0000000E+0
1.9509800E+2	6.3024532E+1	6.0181190E+1	0.0000000E+0	0.0000000E+0	1.0000000E+2	0.0000000E+0
1.9514800E+2	6.3073972E+1	6.0197124E+1	0.0000000E+0	0.0000000E+0	1.0000000E+2	0.0000000E+0
1.9519800E+2	6.3106379E+1	6.0200529E+1	0.0000000E+0	0.0000000E+0	1.0000000E+2	0.0000000E+0
1.9524900E+2	6.3148334E+1	6.0186176E+1	0.0000000E+0	0.0000000E+0	1.0000000E+2	0.0000000E+0
1.9529900E+2	6.3181410E+1	6.0190883E+1	0.0000000E+0	0.0000000E+0	1.0000000E+2	0.0000000E+0
1.9535000E+2	6.3226843E+1	6.0192711E+1	0.0000000E+0	0.0000000E+0	1.0000000E+2	0.0000000E+0
1.9540100E+2	6.3266578E+1	6.0178202E+1	0.0000000E+0	0.0000000E+0	1.0000000E+2	0.0000000E+0
1.9545200E+2	6.3306188E+1	6.0190927E+1	0.0000000E+0	0.0000000E+0	1.0000000E+2	0.0000000E+0
1.9550300E+2	6.3339648E+1	6.0200085E+1	0.0000000E+0	0.0000000E+0	1.0000000E+2	0.0000000E+0
1.9555300E+2	6.3381570E+1	6.0199673E+1	0.0000000E+0	0.0000000E+0	1.0000000E+2	0.0000000E+0
1.9560400E+2	6.3426116E+1	6.0202125E+1	0.0000000E+0	0.0000000E+0	1.0000000E+2	0.0000000E+0
1.9565400E+2	6.3476240E+1	6.0212218E+1	0.0000000E+0	0.0000000E+0	1.0000000E+2	0.0000000E+0
1.9570500E+2	6.3513132E+1	6.0202996E+1	0.0000000E+0	0.0000000E+0	1.0000000E+2	0.0000000E+0
1.9575600E+2	6.3577191E+1	6.0215398E+1	0.0000000E+0	0.0000000E+0	1.0000000E+2	0.0000000E+0
1.9580600E+2	6.3576637E+1	6.0202087E+1	0.0000000E+0	0.0000000E+0	1.0000000E+2	0.0000000E+0
1.9585600E+2	6.3603422E+1	6.0207541E+1	0.0000000E+0	0.0000000E+0	1.0000000E+2	0.0000000E+0
1.9590600E+2	6.3643857E+1	6.0200696E+1	0.0000000E+0	0.0000000E+0	1.0000000E+2	0.0000000E+0
1.9595600E+2	6.3711598E+1	6.0210275E+1	0.0000000E+0	0.0000000E+0	1.0000000E+2	0.0000000E+0
1.9600600E+2	6.3762319E+1	6.0220217E+1	0.0000000E+0	0.0000000E+0	1.0000000E+2	0.0000000E+0
1.9605600E+2	6.3798511E+1	6.0208240E+1	0.0000000E+0	0.0000000E+0	1.0000000E+2	0.0000000E+0
1.9610600E+2	6.3819640E+1	6.0199308E+1	0.0000000E+0	0.0000000E+0	1.0000000E+2	0.0000000E+0
1.9615700E+2	6.3868178E+1	6.0193164E+1	0.0000000E+0	0.0000000E+0	1.0000000E+2	0.0000000E+0
1.9620700E+2	6.3900802E+1	6.0177375E+1	0.0000000E+0	0.0000000E+0	1.0000000E+2	0.0000000E+0
1.9625700E+2	6.3940657E+1	6.0186994E+1	0.0000000E+0	0.0000000E+0	1.0000000E+2	0.0000000E+0
1.9630700E+2	6.3979304E+1	6.0174660E+1	0.0000000E+0	0.0000000E+0	1.0000000E+2	0.0000000E+0
1.9635800E+2	6.4005946E+1	6.0173555E+1	0.0000000E+0	0.0000000E+0	1.0000000E+2	0.0000000E+0
1.9640800E+2	6.4050865E+1	6.0183716E+1	0.0000000E+0	0.0000000E+0	1.0000000E+2	0.0000000E+0
1.9645900E+2	6.4066832E+1	6.0180636E+1	0.0000000E+0	0.0000000E+0	1.0000000E+2	0.0000000E+0
1.9651000E+2	6.4109294E+1	6.0198617E+1	0.0000000E+0	0.0000000E+0	1.0000000E+2	0.0000000E+0
1.9656000E+2	6.4151459E+1	6.0176862E+1	0.0000000E+0	0.0000000E+0	1.0000000E+2	0.0000000E+0
1.9661100E+2	6.4192493E+1	6.0192272E+1	0.0000000E+0	0.0000000E+0	1.0000000E+2	0.0000000E+0
1.9666100E+2	6.4185749E+1	6.0190372E+1	0.0000000E+0	0.0000000E+0	1.0000000E+2	0.0000000E+0
1.9671100E+2	6.2985410E+1	6.0270273E+1	0.0000000E+0	0.0000000E+0	1.0000000E+2	0.0000000E+0
1.9676100E+2	6.2638154E+1	6.0169848E+1	0.0000000E+0	0.0000000E+0	1.0000000E+2	0.0000000E+0
1.9681100E+2	6.2660686E+1	6.0155211E+1	0.0000000E+0	0.0000000E+0	1.0000000E+2	0.0000000E+0
1.9686100E+2	6.2689569E+1	6.0187863E+1	0.0000000E+0	0.0000000E+0	1.0000000E+2	0.0000000E+0
1.9691100E+2	6.2716759E+1	6.0185232E+1	0.0000000E+0	0.0000000E+0	1.0000000E+2	0.0000000E+0
1.9696100E+2	6.2734642E+1	6.0183554E+1	0.0000000E+0	0.0000000E+0	1.0000000E+2	0.0000000E+0
1.9701100E+2	6.2772682E+1	6.0185645E+1	0.0000000E+0	0.0000000E+0	1.0000000E+2	0.0000000E+0
1.9706100E+2	6.2785068E+1	6.0187323E+1	0.0000000E+0	0.0000000E+0	1.0000000E+2	0.0000000E+0
1.9711100E+2	6.2808142E+1	6.0191275E+1	0.0000000E+0	0.0000000E+0	1.0000000E+2	0.0000000E+0
1.9716100E+2	6.2842586E+1	6.0199723E+1	0.0000000E+0	0.0000000E+0	1.0000000E+2	0.0000000E+0
1.9721100E+2	6.2863743E+1	6.0196198E+1	0.0000000E+0	0.0000000E+0	1.0000000E+2	0.0000000E+0
1.9726100E+2	6.2858112E+1	6.0179174E+1	0.0000000E+0	0.0000000E+0	1.0000000E+2	0.0000000E+0
1.9731200E+2	6.2902888E+1	6.0182730E+1	0.0000000E+0	0.0000000E+0	1.0000000E+2	0.0000000E+0
1.9736300E+2	6.2963212E+1	6.0190405E+1	0.0000000E+0	0.0000000E+0	1.0000000E+2	0.0000000E+0
1.9741300E+2	6.2974484E+1	6.0187162E+1	0.0000000E+0	0.0000000E+0	1.0000000E+2	0.0000000E+0
1.9746300E+2	6.3028999E+1	6.0197283E+1	0.0000000E+0	0.0000000E+0	1.0000000E+2	0.0000000E+0
1.9751300E+2	6.3048117E+1	6.0180830E+1	0.0000000E+0	0.0000000E+0	1.0000000E+2	0.0000000E+0
1.9756300E+2	6.3104777E+1	6.0194816E+1	0.0000000E+0	0.0000000E+0	1.0000000E+2	0.0000000E+0
1.9761400E+2	6.3095799E+1	6.0181980E+1	0.0000000E+0	0.0000000E+0	1.0000000E+2	0.0000000E+0
1.9766500E+2	6.3123182E+1	6.0181895E+1	0.0000000E+0	0.0000000E+0	1.0000000E+2	0.0000000E+0
1.9771500E+2	6.3166658E+1	6.0181245E+1	0.0000000E+0	0.0000000E+0	1.0000000E+2	0.0000000E+0
1.9776600E+2	6.3221239E+1	6.0180953E+1	0.0000000E+0	0.0000000E+0	1.0000000E+2	0.0000000E+0
1.9781700E+2	6.3264736E+1	6.0186169E+1	0.0000000E+0	0.0000000E+0	1.0000000E+2	0.0000000E+0
1.9786700E+2	6.3290877E+1	6.0160733E+1	0.0000000E+0	0.0000000E+0	1.0000000E+2	0.0000000E+0
1.9791700E+2	6.3266459E+1	6.0180959E+1	0.0000000E+0	0.0000000E+0	1.0000000E+2	0.0000000E+0
1.9796700E+2	6.2909032E+1	6.0157241E+1	0.0000000E+0	0.0000000E+0	1.0000000E+2	0.0000000E+0
1.9801700E+2	6.2918577E+1	6.0156917E+1	0.0000000E+0	0.0000000E+0	1.0000000E+2	0.0000000E+0
1.9806700E+2	6.2965143E+1	6.0178504E+1	0.0000000E+0	0.0000000E+0	1.0000000E+2	0.0000000E+0
1.9811700E+2	6.3005542E+1	6.0180943E+1	0.0000000E+0	0.0000000E+0	1.0000000E+2	0.0000000E+0
1.9816700E+2	6.3053142E+1	6.0197909E+1	0.0000000E+0	0.0000000E+0	1.0000000E+2	0.0000000E+0
1.9821700E+2	6.3087035E+1	6.0191965E+1	0.0000000E+0	0.0000000E+0	1.0000000E+2	0.0000000E+0
1.9826800E+2	6.3116117E+1	6.0194398E+1	0.0000000E+0	0.0000000E+0	1.0000000E+2	0.0000000E+0
1.9831900E+2	6.3169117E+1	6.0189023E+1	0.0000000E+0	0.0000000E+0	1.0000000E+2	0.0000000E+0
1.9836900E+2	6.3219820E+1	6.0200105E+1	0.0000000E+0	0.0000000E+0	1.0000000E+2	0.0000000E+0
1.9841900E+2	6.3269356E+1	6.0198532E+1	0.0000000E+0	0.0000000E+0	1.0000000E+2	0.0000000E+0
1.9846900E+2	6.3311340E+1	6.0204802E+1	0.0000000E+0	0.0000000E+0	1.0000000E+2	0.0000000E+0
1.9851900E+2	6.3313993E+1	6.0198524E+1	0.0000000E+0	0.0000000E+0	1.0000000E+2	0.0000000E+0
1.9856900E+2	6.3318432E+1	6.0194283E+1	0.0000000E+0	0.0000000E+0	1.0000000E+2	0.0000000E+0
1.9861900E+2	6.3355152E+1	6.0185593E+1	0.0000000E+0	0.0000000E+0	1.0000000E+2	0.0000000E+0
1.9867000E+2	6.3409054E+1	6.0193402E+1	0.0000000E+0	0.0000000E+0	1.0000000E+2	0.0000000E+0
1.9872100E+2	6.3442052E+1	6.0188433E+1	0.0000000E+0	0.0000000E+0	1.0000000E+2	0.0000000E+0
1.9877100E+2	6.3485094E+1	6.0183496E+1	0.0000000E+0	0.0000000E+0	1.0000000E+2	0.0000000E+0
1.9882100E+2	6.3519708E+1	6.0187767E+1	0.0000000E+0	0.0000000E+0	1.0000000E+2	0.0000000E+0
1.9887100E+2	6.3561081E+1	6.0184666E+1	0.0000000E+0	0.0000000E+0	1.0000000E+2	0.0000000E+0
1.9892200E+2	6.3610516E+1	6.0186304E+1	0.0000000E+0	0.0000000E+0	1.0000000E+2	0.0000000E+0
1.9897200E+2	6.3659795E+1	6.0199038E+1	0.0000000E+0	0.0000000E+0	1.0000000E+2	0.0000000E+0
1.9902300E+2	6.3704478E+1	6.0192665E+1	0.0000000E+0	0.0000000E+0	1.0000000E+2	0.0000000E+0
1.9907300E+2	6.3745307E+1	6.0202501E+1	0.0000000E+0	0.0000000E+0	1.0000000E+2	0.0000000E+0
1.9912300E+2	6.3809379E+1	6.0213824E+1	0.0000000E+0	0.0000000E+0	1.0000000E+2	0.0000000E+0
1.9917300E+2	6.3831969E+1	6.0200510E+1	0.0000000E+0	0.0000000E+0	1.0000000E+2	0.0000000E+0
1.9922300E+2	6.3388935E+1	6.0259548E+1	0.0000000E+0	0.0000000E+0	1.0000000E+2	0.0000000E+0
1.9927400E+2	6.3072867E+1	6.0170711E+1	0.0000000E+0	0.0000000E+0	1.0000000E+2	0.0000000E+0
1.9932400E+2	6.3122383E+1	6.0186044E+1	0.0000000E+0	0.0000000E+0	1.0000000E+2	0.0000000E+0
1.9937500E+2	6.3161255E+1	6.0193795E+1	0.0000000E+0	0.0000000E+0	1.0000000E+2	0.0000000E+0
1.9942500E+2	6.3194149E+1	6.0189018E+1	0.0000000E+0	0.0000000E+0	1.0000000E+2	0.0000000E+0
1.9947500E+2	6.3240508E+1	6.0214353E+1	0.0000000E+0	0.0000000E+0	1.0000000E+2	0.0000000E+0
1.9952500E+2	6.3262967E+1	6.0189222E+1	0.0000000E+0	0.0000000E+0	1.0000000E+2	0.0000000E+0
1.9957500E+2	6.3287893E+1	6.0198091E+1	0.0000000E+0	0.0000000E+0	1.0000000E+2	0.0000000E+0
1.9962500E+2	6.3344178E+1	6.0202193E+1	0.0000000E+0	0.0000000E+0	1.0000000E+2	0.0000000E+0
1.9967500E+2	6.3383992E+1	6.0196892E+1	0.0000000E+0	0.0000000E+0	1.0000000E+2	0.0000000E+0
1.9972500E+2	6.3427709E+1	6.0190983E+1	0.0000000E+0	0.0000000E+0	1.0000000E+2	0.0000000E+0
1.9977600E+2	6.3491170E+1	6.0193879E+1	0.0000000E+0	0.0000000E+0	1.0000000E+2	0.0000000E+0
1.9982700E+2	6.3510604E+1	6.0194418E+1	0.0000000E+0	0.0000000E+0	1.0000000E+2	0.0000000E+0
1.9987700E+2	6.3543975E+1	6.0189876E+1	0.0000000E+0	0.0000000E+0	1.0000000E+2	0.0000000E+0
1.9992700E+2	6.3587047E+1	6.0176050E+1	0.0000000E+0	0.0000000E+0	1.0000000E+2	0.0000000E+0
1.9997800E+2	6.3639646E+1	6.0192389E+1	0.0000000E+0	0.0000000E+0	1.0000000E+2	0.0000000E+0
2.0002800E+2	6.3683701E+1	6.0202208E+1	0.0000000E+0	0.0000000E+0	1.0000000E+2	0.0000000E+0
2.0007800E+2	6.3719858E+1	6.0187312E+1	0.0000000E+0	0.0000000E+0	1.0000000E+2	0.0000000E+0
2.0012800E+2	6.3769843E+1	6.0193700E+1	0.0000000E+0	0.0000000E+0	1.0000000E+2	0.0000000E+0
2.0017800E+2	6.3815246E+1	6.0201450E+1	0.0000000E+0	0.0000000E+0	1.0000000E+2	0.0000000E+0
2.0022800E+2	6.3843385E+1	6.0199848E+1	0.0000000E+0	0.0000000E+0	1.0000000E+2	0.0000000E+0
2.0027800E+2	6.3764475E+1	6.0235507E+1	0.0000000E+0	0.0000000E+0	1.0000000E+2	0.0000000E+0
2.0032800E+2	6.2572043E+1	6.0243363E+1	0.0000000E+0	0.0000000E+0	1.0000000E+2	0.0000000E+0
2.0037800E+2	6.2566395E+1	6.0189829E+1	0.0000000E+0	0.0000000E+0	1.0000000E+2	0.0000000E+0
2.0042900E+2	6.2605737E+1	6.0190535E+1	0.0000000E+0	0.0000000E+0	1.0000000E+2	0.0000000E+0
2.0047900E+2	6.2600068E+1	6.0195979E+1	0.0000000E+0	0.0000000E+0	1.0000000E+2	0.0000000E+0
2.0053000E+2	6.2586527E+1	6.0195941E+1	0.0000000E+0	0.0000000E+0	1.0000000E+2	0.0000000E+0
2.0058000E+2	6.2635189E+1	6.0183593E+1	0.0000000E+0	0.0000000E+0	1.0000000E+2	0.0000000E+0
2.0063000E+2	6.2678703E+1	6.0191168E+1	0.0000000E+0	0.0000000E+0	1.0000000E+2	0.0000000E+0
2.0068000E+2	6.2716071E+1	6.0187845E+1	0.0000000E+0	0.0000000E+0	1.0000000E+2	0.0000000E+0
2.0073000E+2	6.2763204E+1	6.0189535E+1	0.0000000E+0	0.0000000E+0	1.0000000E+2	0.0000000E+0
2.0078100E+2	6.2816047E+1	6.0185262E+1	0.0000000E+0	0.0000000E+0	1.0000000E+2	0.0000000E+0
2.0083100E+2	6.2872501E+1	6.0188771E+1	0.0000000E+0	0.0000000E+0	1.0000000E+2	0.0000000E+0
2.0088100E+2	6.2923602E+1	6.0193658E+1	0.0000000E+0	0.0000000E+0	1.0000000E+2	0.0000000E+0
2.0093100E+2	6.2983731E+1	6.0201808E+1	0.0000000E+0	0.0000000E+0	1.0000000E+2	0.0000000E+0
2.0098100E+2	6.3029463E+1	6.0211881E+1	0.0000000E+0	0.0000000E+0	1.0000000E+2	0.0000000E+0
2.0103100E+2	6.3053794E+1	6.0201072E+1	0.0000000E+0	0.0000000E+0	1.0000000E+2	0.0000000E+0
2.0108100E+2	6.3121047E+1	6.0203578E+1	0.0000000E+0	0.0000000E+0	1.0000000E+2	0.0000000E+0
2.0113200E+2	6.3142453E+1	6.0189140E+1	0.0000000E+0	0.0000000E+0	1.0000000E+2	0.0000000E+0
2.0118200E+2	6.3180109E+1	6.0192952E+1	0.0000000E+0	0.0000000E+0	1.0000000E+2	0.0000000E+0
2.0123200E+2	6.3220733E+1	6.0197528E+1	0.0000000E+0	0.0000000E+0	1.0000000E+2	0.0000000E+0
2.0128200E+2	6.3264900E+1	6.0191364E+1	0.0000000E+0	0.0000000E+0	1.0000000E+2	0.0000000E+0
2.0133200E+2	6.3299133E+1	6.0180111E+1	0.0000000E+0	0.0000000E+0	1.0000000E+2	0.0000000E+0
2.0138200E+2	6.3349908E+1	6.0182772E+1	0.0000000E+0	0.0000000E+0	1.0000000E+2	0.0000000E+0
2.0143200E+2	6.3405450E+1	6.0195134E+1	0.0000000E+0	0.0000000E+0	1.0000000E+2	0.0000000E+0
2.0148300E+2	6.3431679E+1	6.0187778E+1	0.0000000E+0	0.0000000E+0	1.0000000E+2	0.0000000E+0
2.0153300E+2	6.3472161E+1	6.0190730E+1	0.0000000E+0	0.0000000E+0	1.0000000E+2	0.0000000E+0
2.0158300E+2	6.3484865E+1	6.0199264E+1	0.0000000E+0	0.0000000E+0	1.0000000E+2	0.0000000E+0
2.0163300E+2	6.3471355E+1	6.0180208E+1	0.0000000E+0	0.0000000E+0	1.0000000E+2	0.0000000E+0
2.0168300E+2	6.3518060E+1	6.0177275E+1	0.0000000E+0	0.0000000E+0	1.0000000E+2	0.0000000E+0
2.0173300E+2	6.3575725E+1	6.0182466E+1	0.0000000E+0	0.0000000E+0	1.0000000E+2	0.0000000E+0
2.0178300E+2	6.3615353E+1	6.0196195E+1	0.0000000E+0	0.0000000E+0	1.0000000E+2	0.0000000E+0
2.0183300E+2	6.3651798E+1	6.0189392E+1	0.0000000E+0	0.0000000E+0	1.0000000E+2	0.0000000E+0
2.0188300E+2	6.3685327E+1	6.0195779E+1	0.0000000E+0	0.0000000E+0	1.0000000E+2	0.0000000E+0
2.0193300E+2	6.3715286E+1	6.0186150E+1	0.0000000E+0	0.0000000E+0	1.0000000E+2	0.0000000E+0
2.0198300E+2	6.3751616E+1	6.0171944E+1	0.0000000E+0	0.0000000E+0	1.0000000E+2	0.0000000E+0
2.0203300E+2	6.3772806E+1	6.0173114E+1	0.0000000E+0	0.0000000E+0	1.0000000E+2	0.0000000E+0
2.0208300E+2	6.3813375E+1	6.0174043E+1	0.0000000E+0	0.0000000E+0	1.0000000E+2	0.0000000E+0
2.0213300E+2	6.3844606E+1	6.0172252E+1	0.0000000E+0	0.0000000E+0	1.0000000E+2	0.0000000E+0
2.0218300E+2	6.3909413E+1	6.0175660E+1	0.0000000E+0	0.0000000E+0	1.0000000E+2	0.0000000E+0
2.0223300E+2	6.3965413E+1	6.0186783E+1	0.0000000E+0	0.0000000E+0	1.0000000E+2	0.0000000E+0
2.0228300E+2	6.4018469E+1	6.0186505E+1	0.0000000E+0	0.0000000E+0	1.0000000E+2	0.0000000E+0
2.0233300E+2	6.4062126E+1	6.0182727E+1	0.0000000E+0	0.0000000E+0	1.0000000E+2	0.0000000E+0
2.0238300E+2	6.4112264E+1	6.0183730E+1	0.0000000E+0	0.0000000E+0	1.0000000E+2	0.0000000E+0
2.0243300E+2	6.4168819E+1	6.0184307E+1	0.0000000E+0	0.0000000E+0	1.0000000E+2	0.0000000E+0
2.0248300E+2	6.4207598E+1	6.0178664E+1	0.0000000E+0	0.0000000E+0	1.0000000E+2	0.0000000E+0
2.0253300E+2	6.4250241E+1	6.0174622E+1	0.0000000E+0	0.0000000E+0	1.0000000E+2	0.0000000E+0
2.0258400E+2	6.4292293E+1	6.0187454E+1	0.0000000E+0	0.0000000E+0	1.0000000E+2	0.0000000E+0
2.0263400E+2	6.4285535E+1	6.0183238E+1	0.0000000E+0	0.0000000E+0	1.0000000E+2	0.0000000E+0
2.0268400E+2	6.4342886E+1	6.0185495E+1	0.0000000E+0	0.0000000E+0	1.0000000E+2	0.0000000E+0
2.0273400E+2	6.4403275E+1	6.0195271E+1	0.0000000E+0	0.0000000E+0	1.0000000E+2	0.0000000E+0
2.0278400E+2	6.4459044E+1	6.0201132E+1	0.0000000E+0	0.0000000E+0	1.0000000E+2	0.0000000E+0
2.0283400E+2	6.4505573E+1	6.0186590E+1	0.0000000E+0	0.0000000E+0	1.0000000E+2	0.0000000E+0
2.0288400E+2	6.4560150E+1	6.0195504E+1	0.0000000E+0	0.0000000E+0	1.0000000E+2	0.0000000E+0
2.0293400E+2	6.4639304E+1	6.0205351E+1	0.0000000E+0	0.0000000E+0	1.0000000E+2	0.0000000E+0
2.0298400E+2	6.4714942E+1	6.0202945E+1	0.0000000E+0	0.0000000E+0	1.0000000E+2	0.0000000E+0
2.0303500E+2	6.3712992E+1	6.0387874E+1	0.0000000E+0	0.0000000E+0	1.0000000E+2	0.0000000E+0
2.0308500E+2	6.2400268E+1	6.0160623E+1	0.0000000E+0	0.0000000E+0	1.0000000E+2	0.0000000E+0
2.0313500E+2	6.2465478E+1	6.0169884E+1	0.0000000E+0	0.0000000E+0	1.0000000E+2	0.0000000E+0
2.0318500E+2	6.2532424E+1	6.0186506E+1	0.0000000E+0	0.0000000E+0	1.0000000E+2	0.0000000E+0
2.0323500E+2	6.2592201E+1	6.0197428E+1	0.0000000E+0	0.0000000E+0	1.0000000E+2	0.0000000E+0
2.0328500E+2	6.2641583E+1	6.0198289E+1	0.0000000E+0	0.0000000E+0	1.0000000E+2	0.0000000E+0
2.0333500E+2	6.2691478E+1	6.0201691E+1	0.0000000E+0	0.0000000E+0	1.0000000E+2	0.0000000E+0
2.0338500E+2	6.2748734E+1	6.0209809E+1	0.0000000E+0	0.0000000E+0	1.0000000E+2	0.0000000E+0
2.0343500E+2	6.2787339E+1	6.0188696E+1	0.0000000E+0	0.0000000E+0	1.0000000E+2	0.0000000E+0
2.0348500E+2	6.2783520E+1	6.0183831E+1	0.0000000E+0	0.0000000E+0	1.0000000E+2	0.0000000E+0
2.0353500E+2	6.2816256E+1	6.0181669E+1	0.0000000E+0	0.0000000E+0	1.0000000E+2	0.0000000E+0
2.0358500E+2	6.2896714E+1	6.0190137E+1	0.0000000E+0	0.0000000E+0	1.0000000E+2	0.0000000E+0
2.0363500E+2	6.2952050E+1	6.0190557E+1	0.0000000E+0	0.0000000E+0	1.0000000E+2	0.0000000E+0
2.0368500E+2	6.2986860E+1	6.0194960E+1	0.0000000E+0	0.0000000E+0	1.0000000E+2	0.0000000E+0
2.0373500E+2	6.3026961E+1	6.0199761E+1	0.0000000E+0	0.0000000E+0	1.0000000E+2	0.0000000E+0
2.0378500E+2	6.3058254E+1	6.0182938E+1	0.0000000E+0	0.0000000E+0	1.0000000E+2	0.0000000E+0
2.0383500E+2	6.3128190E+1	6.0198246E+1	0.0000000E+0	0.0000000E+0	1.0000000E+2	0.0000000E+0
2.0388500E+2	6.3189907E+1	6.0206482E+1	0.0000000E+0	0.0000000E+0	1.0000000E+2	0.0000000E+0
2.0393500E+2	6.3220022E+1	6.0197606E+1	0.0000000E+0	0.0000000E+0	1.0000000E+2	0.0000000E+0
2.0398500E+2	6.3268289E+1	6.0189014E+1	0.0000000E+0	0.0000000E+0	1.0000000E+2	0.0000000E+0
2.0403600E+2	6.3319884E+1	6.0202200E+1	0.0000000E+0	0.0000000E+0	1.0000000E+2	0.0000000E+0
2.0408600E+2	6.3375964E+1	6.0189660E+1	0.0000000E+0	0.0000000E+0	1.0000000E+2	0.0000000E+0
2.0413600E+2	6.3421886E+1	6.0204853E+1	0.0000000E+0	0.0000000E+0	1.0000000E+2	0.0000000E+0
2.0418600E+2	6.3479113E+1	6.0201861E+1	0.0000000E+0	0.0000000E+0	1.0000000E+2	0.0000000E+0
2.0423600E+2	6.3531395E+1	6.0207560E+1	0.0000000E+0	0.0000000E+0	1.0000000E+2	0.0000000E+0
2.0428600E+2	6.3578684E+1	6.0192197E+1	0.0000000E+0	0.0000000E+0	1.0000000E+2	0.0000000E+0
2.0433600E+2	6.3636141E+1	6.0210076E+1	0.0000000E+0	0.0000000E+0	1.0000000E+2	0.0000000E+0
2.0438600E+2	6.3653456E+1	6.0186476E+1	0.0000000E+0	0.0000000E+0	1.0000000E+2	0.0000000E+0
2.0443600E+2	6.3662121E+1	6.0195674E+1	0.0000000E+0	0.0000000E+0	1.0000000E+2	0.0000000E+0
2.0448600E+2	6.3693311E+1	6.0193662E+1	0.0000000E+0	0.0000000E+0	1.0000000E+2	0.0000000E+0
2.0453700E+2	6.3766108E+1	6.0203830E+1	0.0000000E+0	0.0000000E+0	1.0000000E+2	0.0000000E+0
2.0458700E+2	6.3827209E+1	6.0201326E+1	0.0000000E+0	0.0000000E+0	1.0000000E+2	0.0000000E+0
2.0463700E+2	6.3878163E+1	6.0198873E+1	0.0000000E+0	0.0000000E+0	1.0000000E+2	0.0000000E+0
2.0468700E+2	6.3402975E+1	6.0293052E+1	0.0000000E+0	0.0000000E+0	1.0000000E+2	0.0000000E+0
2.0473700E+2	6.2650063E+1	6.0204853E+1	0.0000000E+0	0.0000000E+0	1.0000000E+2	0.0000000E+0
2.0478800E+2	6.2693491E+1	6.0205813E+1	0.0000000E+0	0.0000000E+0	1.0000000E+2	0.0000000E+0
2.0483800E+2	6.2781307E+1	6.0214699E+1	0.0000000E+0	0.0000000E+0	1.0000000E+2	0.0000000E+0
2.0488800E+2	6.2838007E+1	6.0219119E+1	0.0000000E+0	0.0000000E+0	1.0000000E+2	0.0000000E+0
2.0493800E+2	6.2880693E+1	6.0225476E+1	0.0000000E+0	0.0000000E+0	1.0000000E+2	0.0000000E+0
2.0498900E+2	6.2950915E+1	6.0223877E+1	0.0000000E+0	0.0000000E+0	1.0000000E+2	0.0000000E+0
2.0503900E+2	6.3011010E+1	6.0224817E+1	0.0000000E+0	0.0000000E+0	1.0000000E+2	0.0000000E+0
2.0509000E+2	6.3071809E+1	6.0227590E+1	0.0000000E+0	0.0000000E+0	1.0000000E+2	0.0000000E+0
2.0514000E+2	6.3117590E+1	6.0228149E+1	0.0000000E+0	0.0000000E+0	1.0000000E+2	0.0000000E+0
2.0519000E+2	6.3138433E+1	6.0206083E+1	0.0000000E+0	0.0000000E+0	1.0000000E+2	0.0000000E+0
2.0524000E+2	6.3189105E+1	6.0206194E+1	0.0000000E+0	0.0000000E+0	1.0000000E+2	0.0000000E+0
2.0529000E+2	6.3249443E+1	6.0227451E+1	0.0000000E+0	0.0000000E+0	1.0000000E+2	0.0000000E+0
2.0534000E+2	6.3309558E+1	6.0225058E+1	0.0000000E+0	0.0000000E+0	1.0000000E+2	0.0000000E+0
2.0539100E+2	6.3341585E+1	6.0223481E+1	0.0000000E+0	0.0000000E+0	1.0000000E+2	0.0000000E+0
2.0544100E+2	6.3406126E+1	6.0223933E+1	0.0000000E+0	0.0000000E+0	1.0000000E+2	0.0000000E+0
2.0549100E+2	6.3442763E+1	6.0218198E+1	0.0000000E+0	0.0000000E+0	1.0000000E+2	0.0000000E+0
2.0554100E+2	6.3490074E+1	6.0221955E+1	0.0000000E+0	0.0000000E+0	1.0000000E+2	0.0000000E+0
2.0559300E+2	6.3518153E+1	6.0216011E+1	0.0000000E+0	0.0000000E+0	1.0000000E+2	0.0000000E+0
2.0564300E+2	6.3561731E+1	6.0213870E+1	0.0000000E+0	0.0000000E+0	1.0000000E+2	0.0000000E+0
2.0569300E+2	6.3618007E+1	6.0210264E+1	0.0000000E+0	0.0000000E+0	1.0000000E+2	0.0000000E+0
2.0574300E+2	6.3677867E+1	6.0234623E+1	0.0000000E+0	0.0000000E+0	1.0000000E+2	0.0000000E+0
2.0579300E+2	6.3738243E+1	6.0223360E+1	0.0000000E+0	0.0000000E+0	1.0000000E+2	0.0000000E+0
2.0584300E+2	6.3786387E+1	6.0227848E+1	0.0000000E+0	0.0000000E+0	1.0000000E+2	0.0000000E+0
2.0589300E+2	6.3849807E+1	6.0232602E+1	0.0000000E+0	0.0000000E+0	1.0000000E+2	0.0000000E+0
2.0594400E+2	6.3889904E+1	6.0221491E+1	0.0000000E+0	0.0000000E+0	1.0000000E+2	0.0000000E+0
2.0599400E+2	6.3943923E+1	6.0227002E+1	0.0000000E+0	0.0000000E+0	1.0000000E+2	0.0000000E+0
2.0604400E+2	6.3997250E+1	6.0223079E+1	0.0000000E+0	0.0000000E+0	1.0000000E+2	0.0000000E+0
2.0609400E+2	6.4072775E+1	6.0226656E+1	0.0000000E+0	0.0000000E+0	1.0000000E+2	0.0000000E+0
2.0614500E+2	6.4163751E+1	6.0236465E+1	0.0000000E+0	0.0000000E+0	1.0000000E+2	0.0000000E+0
2.0619500E+2	6.4228076E+1	6.0230560E+1	0.0000000E+0	0.0000000E+0	1.0000000E+2	0.0000000E+0
2.0624500E+2	6.3908455E+1	6.0274485E+1	0.0000000E+0	0.0000000E+0	1.0000000E+2	0.0000000E+0
2.0629500E+2	6.3097459E+1	6.0234524E+1	0.0000000E+0	0.0000000E+0	1.0000000E+2	0.0000000E+0
2.0634500E+2	6.3138396E+1	6.0224481E+1	0.0000000E+0	0.0000000E+0	1.0000000E+2	0.0000000E+0
2.0639500E+2	6.3204161E+1	6.0237990E+1	0.0000000E+0	0.0000000E+0	1.0000000E+2	0.0000000E+0
2.0644500E+2	6.3228159E+1	6.0229616E+1	0.0000000E+0	0.0000000E+0	1.0000000E+2	0.0000000E+0
2.0649500E+2	6.3219935E+1	6.0230445E+1	0.0000000E+0	0.0000000E+0	1.0000000E+2	0.0000000E+0
2.0654500E+2	6.3240456E+1	6.0216736E+1	0.0000000E+0	0.0000000E+0	1.0000000E+2	0.0000000E+0
2.0659500E+2	6.3293906E+1	6.0230463E+1	0.0000000E+0	0.0000000E+0	1.0000000E+2	0.0000000E+0
2.0664500E+2	6.3334397E+1	6.0220051E+1	0.0000000E+0	0.0000000E+0	1.0000000E+2	0.0000000E+0
2.0669500E+2	6.3404232E+1	6.0232310E+1	0.0000000E+0	0.0000000E+0	1.0000000E+2	0.0000000E+0
2.0674500E+2	6.3429009E+1	6.0217077E+1	0.0000000E+0	0.0000000E+0	1.0000000E+2	0.0000000E+0
2.0679500E+2	6.3471220E+1	6.0220663E+1	0.0000000E+0	0.0000000E+0	1.0000000E+2	0.0000000E+0
2.0684500E+2	6.3531209E+1	6.0229724E+1	0.0000000E+0	0.0000000E+0	1.0000000E+2	0.0000000E+0
2.0689500E+2	6.3582895E+1	6.0230897E+1	0.0000000E+0	0.0000000E+0	1.0000000E+2	0.0000000E+0
2.0694500E+2	6.3615532E+1	6.0231500E+1	0.0000000E+0	0.0000000E+0	1.0000000E+2	0.0000000E+0
2.0699500E+2	6.3658829E+1	6.0231677E+1	0.0000000E+0	0.0000000E+0	1.0000000E+2	0.0000000E+0
2.0704500E+2	6.3709061E+1	6.0231481E+1	0.0000000E+0	0.0000000E+0	1.0000000E+2	0.0000000E+0
2.0709500E+2	6.3772240E+1	6.0241561E+1	0.0000000E+0	0.0000000E+0	1.0000000E+2	0.0000000E+0
2.0714600E+2	6.3823169E+1	6.0234206E+1	0.0000000E+0	0.0000000E+0	1.0000000E+2	0.0000000E+0
2.0719600E+2	6.3874455E+1	6.0233908E+1	0.0000000E+0	0.0000000E+0	1.0000000E+2	0.0000000E+0
2.0724700E+2	6.3898936E+1	6.0225035E+1	0.0000000E+0	0.0000000E+0	1.0000000E+2	0.0000000E+0
2.0729700E+2	6.3940200E+1	6.0232617E+1	0.0000000E+0	0.0000000E+0	1.0000000E+2	0.0000000E+0
2.0734700E+2	6.3998668E+1	6.0229172E+1	0.0000000E+0	0.0000000E+0	1.0000000E+2	0.0000000E+0
2.0739700E+2	6.4030812E+1	6.0229108E+1	0.0000000E+0	0.0000000E+0	1.0000000E+2	0.0000000E+0
2.0744700E+2	6.4091983E+1	6.0244251E+1	0.0000000E+0	0.0000000E+0	1.0000000E+2	0.0000000E+0
2.0749700E+2	6.4135288E+1	6.0239984E+1	0.0000000E+0	0.0000000E+0	1.0000000E+2	0.0000000E+0
2.0754700E+2	6.4173799E+1	6.0233959E+1	0.0000000E+0	0.0000000E+0	1.0000000E+2	0.0000000E+0
2.0759700E+2	6.4219219E+1	6.0234217E+1	0.0000000E+0	0.0000000E+0	1.0000000E+2	0.0000000E+0
2.0764700E+2	6.4261477E+1	6.0216732E+1	0.0000000E+0	0.0000000E+0	1.0000000E+2	0.0000000E+0
2.0769700E+2	6.4311144E+1	6.0228410E+1	0.0000000E+0	0.0000000E+0	1.0000000E+2	0.0000000E+0
2.0774700E+2	6.4374906E+1	6.0217476E+1	0.0000000E+0	0.0000000E+0	1.0000000E+2	0.0000000E+0
2.0779700E+2	6.4378899E+1	6.0222270E+1	0.0000000E+0	0.0000000E+0	1.0000000E+2	0.0000000E+0
2.0784700E+2	6.4414593E+1	6.0233120E+1	0.0000000E+0	0.0000000E+0	1.0000000E+2	0.0000000E+0
2.0789700E+2	6.4505726E+1	6.0257534E+1	0.0000000E+0	0.0000000E+0	1.0000000E+2	0.0000000E+0
2.0794700E+2	6.4563503E+1	6.0234201E+1	0.0000000E+0	0.0000000E+0	1.0000000E+2	0.0000000E+0
2.0799700E+2	6.4620487E+1	6.0235668E+1	0.0000000E+0	0.0000000E+0	1.0000000E+2	0.0000000E+0
2.0804700E+2	6.4687994E+1	6.0246160E+1	0.0000000E+0	0.0000000E+0	1.0000000E+2	0.0000000E+0
2.0809700E+2	6.4775331E+1	6.0264657E+1	0.0000000E+0	0.0000000E+0	1.0000000E+2	0.0000000E+0
2.0814700E+2	6.4836996E+1	6.0261679E+1	0.0000000E+0	0.0000000E+0	1.0000000E+2	0.0000000E+0
2.0819700E+2	6.4904037E+1	6.0267280E+1	0.0000000E+0	0.0000000E+0	1.0000000E+2	0.0000000E+0
2.0824700E+2	6.4927213E+1	6.0285941E+1	0.0000000E+0	0.0000000E+0	1.0000000E+2	0.0000000E+0
2.0829700E+2	6.2948059E+1	6.0390523E+1	0.0000000E+0	0.0000000E+0	1.0000000E+2	0.0000000E+0
2.0834700E+2	6.2901131E+1	6.0237339E+1	0.0000000E+0	0.0000000E+0	1.0000000E+2	0.0000000E+0
2.0839700E+2	6.2940977E+1	6.0227961E+1	0.0000000E+0	0.0000000E+0	1.0000000E+2	0.0000000E+0
2.0844700E+2	6.2984847E+1	6.0239992E+1	0.0000000E+0	0.0000000E+0	1.0000000E+2	0.0000000E+0
2.0849700E+2	6.3018237E+1	6.0214706E+1	0.0000000E+0	0.0000000E+0	1.0000000E+2	0.0000000E+0
2.0854700E+2	6.3066298E+1	6.0216958E+1	0.0000000E+0	0.0000000E+0	1.0000000E+2	0.0000000E+0
2.0859800E+2	6.3102842E+1	6.0231722E+1	0.0000000E+0	0.0000000E+0	1.0000000E+2	0.0000000E+0
2.0864800E+2	6.3146086E+1	6.0232144E+1	0.0000000E+0	0.0000000E+0	1.0000000E+2	0.0000000E+0
2.0869800E+2	6.3198467E+1	6.0243374E+1	0.0000000E+0	0.0000000E+0	1.0000000E+2	0.0000000E+0
2.0874800E+2	6.3253101E+1	6.0233670E+1	0.0000000E+0	0.0000000E+0	1.0000000E+2	0.0000000E+0
2.0879900E+2	6.3302167E+1	6.0240908E+1	0.0000000E+0	0.0000000E+0	1.0000000E+2	0.0000000E+0
2.0884900E+2	6.3356079E+1	6.0248853E+1	0.0000000E+0	0.0000000E+0	1.0000000E+2	0.0000000E+0
2.0889900E+2	6.3406238E+1	6.0253757E+1	0.0000000E+0	0.0000000E+0	1.0000000E+2	0.0000000E+0
2.0894900E+2	6.3462642E+1	6.0261145E+1	0.0000000E+0	0.0000000E+0	1.0000000E+2	0.0000000E+0
2.0899900E+2	6.3499028E+1	6.0253062E+1	0.0000000E+0	0.0000000E+0	1.0000000E+2	0.0000000E+0
2.0904900E+2	6.3535882E+1	6.0263054E+1	0.0000000E+0	0.0000000E+0	1.0000000E+2	0.0000000E+0
2.0910000E+2	6.3579327E+1	6.0245057E+1	0.0000000E+0	0.0000000E+0	1.0000000E+2	0.0000000E+0
2.0915000E+2	6.3629233E+1	6.0231443E+1	0.0000000E+0	0.0000000E+0	1.0000000E+2	0.0000000E+0
2.0920100E+2	6.3700633E+1	6.0259081E+1	0.0000000E+0	0.0000000E+0	1.0000000E+2	0.0000000E+0
2.0925100E+2	6.3753213E+1	6.0253908E+1	0.0000000E+0	0.0000000E+0	1.0000000E+2	0.0000000E+0
2.0930100E+2	6.3795866E+1	6.0267632E+1	0.0000000E+0	0.0000000E+0	1.0000000E+2	0.0000000E+0
2.0935100E+2	6.3852311E+1	6.0264672E+1	0.0000000E+0	0.0000000E+0	1.0000000E+2	0.0000000E+0
2.0940200E+2	6.3895452E+1	6.0261623E+1	0.0000000E+0	0.0000000E+0	1.0000000E+2	0.0000000E+0
2.0945200E+2	6.3956423E+1	6.0267216E+1	0.0000000E+0	0.0000000E+0	1.0000000E+2	0.0000000E+0
2.0950200E+2	6.4004569E+1	6.0261242E+1	0.0000000E+0	0.0000000E+0	1.0000000E+2	0.0000000E+0
2.0955200E+2	6.4075487E+1	6.0271921E+1	0.0000000E+0	0.0000000E+0	1.0000000E+2	0.0000000E+0
2.0960200E+2	6.4107838E+1	6.0267793E+1	0.0000000E+0	0.0000000E+0	1.0000000E+2	0.0000000E+0
2.0965200E+2	6.4174908E+1	6.0277131E+1	0.0000000E+0	0.0000000E+0	1.0000000E+2	0.0000000E+0
2.0970200E+2	6.4222127E+1	6.0280118E+1	0.0000000E+0	0.0000000E+0	1.0000000E+2	0.0000000E+0
2.0975200E+2	6.4253585E+1	6.0274326E+1	0.0000000E+0	0.0000000E+0	1.0000000E+2	0.0000000E+0
2.0980200E+2	6.4285682E+1	6.0276175E+1	0.0000000E+0	0.0000000E+0	1.0000000E+2	0.0000000E+0
2.0985200E+2	6.4339705E+1	6.0276135E+1	0.0000000E+0	0.0000000E+0	1.0000000E+2	0.0000000E+0
2.0990300E+2	6.4385024E+1	6.0279654E+1	0.0000000E+0	0.0000000E+0	1.0000000E+2	0.0000000E+0
2.0995400E+2	6.4436532E+1	6.0284687E+1	0.0000000E+0	0.0000000E+0	1.0000000E+2	0.0000000E+0
2.1000400E+2	6.4460897E+1	6.0267709E+1	0.0000000E+0	0.0000000E+0	1.0000000E+2	0.0000000E+0
2.1005400E+2	6.4519465E+1	6.0296086E+1	0.0000000E+0	0.0000000E+0	1.0000000E+2	0.0000000E+0
2.1010500E+2	6.4570680E+1	6.0302977E+1	0.0000000E+0	0.0000000E+0	1.0000000E+2	0.0000000E+0
2.1015500E+2	6.4639942E+1	6.0300876E+1	0.0000000E+0	0.0000000E+0	1.0000000E+2	0.0000000E+0
2.1020600E+2	6.3889200E+1	6.0383322E+1	0.0000000E+0	0.0000000E+0	1.0000000E+2	0.0000000E+0
2.1025600E+2	6.3082290E+1	6.0249430E+1	0.0000000E+0	0.0000000E+0	1.0000000E+2	0.0000000E+0
2.1030600E+2	6.3116607E+1	6.0267302E+1	0.0000000E+0	0.0000000E+0	1.0000000E+2	0.0000000E+0
2.1035600E+2	6.3166285E+1	6.0267062E+1	0.0000000E+0	0.0000000E+0	1.0000000E+2	0.0000000E+0
2.1040600E+2	6.3200356E+1	6.0266514E+1	0.0000000E+0	0.0000000E+0	1.0000000E+2	0.0000000E+0
2.1045600E+2	6.3239547E+1	6.0272026E+1	0.0000000E+0	0.0000000E+0	1.0000000E+2	0.0000000E+0
2.1050600E+2	6.3274733E+1	6.0266185E+1	0.0000000E+0	0.0000000E+0	1.0000000E+2	0.0000000E+0
2.1055600E+2	6.3295565E+1	6.0255181E+1	0.0000000E+0	0.0000000E+0	1.0000000E+2	0.0000000E+0
2.1060600E+2	6.3347225E+1	6.0265725E+1	0.0000000E+0	0.0000000E+0	1.0000000E+2	0.0000000E+0
2.1065600E+2	6.3407365E+1	6.0279932E+1	0.0000000E+0	0.0000000E+0	1.0000000E+2	0.0000000E+0
2.1070600E+2	6.3437519E+1	6.0283659E+1	0.0000000E+0	0.0000000E+0	1.0000000E+2	0.0000000E+0
2.1075600E+2	6.3493943E+1	6.0303539E+1	0.0000000E+0	0.0000000E+0	1.0000000E+2	0.0000000E+0
2.1080600E+2	6.3516289E+1	6.0291684E+1	0.0000000E+0	0.0000000E+0	1.0000000E+2	0.0000000E+0
2.1085600E+2	6.3562793E+1	6.0301471E+1	0.0000000E+0	0.0000000E+0	1.0000000E+2	0.0000000E+0
2.1090600E+2	6.3612530E+1	6.0302399E+1	0.0000000E+0	0.0000000E+0	1.0000000E+2	0.0000000E+0
2.1095600E+2	6.3660724E+1	6.0293441E+1	0.0000000E+0	0.0000000E+0	1.0000000E+2	0.0000000E+0
2.1100600E+2	6.3708845E+1	6.0289312E+1	0.0000000E+0	0.0000000E+0	1.0000000E+2	0.0000000E+0
2.1105600E+2	6.3743607E+1	6.0296543E+1	0.0000000E+0	0.0000000E+0	1.0000000E+2	0.0000000E+0
2.1110600E+2	6.3787922E+1	6.0291051E+1	0.0000000E+0	0.0000000E+0	1.0000000E+2	0.0000000E+0
2.1115600E+2	6.3825712E+1	6.0301156E+1	0.0000000E+0	0.0000000E+0	1.0000000E+2	0.0000000E+0
2.1120600E+2	6.3867205E+1	6.0290041E+1	0.0000000E+0	0.0000000E+0	1.0000000E+2	0.0000000E+0
2.1125600E+2	6.3899053E+1	6.0289017E+1	0.0000000E+0	0.0000000E+0	1.0000000E+2	0.0000000E+0
2.1130600E+2	6.3919249E+1	6.0272813E+1	0.0000000E+0	0.0000000E+0	1.0000000E+2	0.0000000E+0
2.1135600E+2	6.3965684E+1	6.0286701E+1	0.0000000E+0	0.0000000E+0	1.0000000E+2	0.0000000E+0
2.1140600E+2	6.4020407E+1	6.0272349E+1	0.0000000E+0	0.0000000E+0	1.0000000E+2	0.0000000E+0
2.1145600E+2	6.4067663E+1	6.0278885E+1	0.0000000E+0	0.0000000E+0	1.0000000E+2	0.0000000E+0
2.1150600E+2	6.4119090E+1	6.0269659E+1	0.0000000E+0	0.0000000E+0	1.0000000E+2	0.0000000E+0
2.1155600E+2	6.4158780E+1	6.0264487E+1	0.0000000E+0	0.0000000E+0	1.0000000E+2	0.0000000E+0
2.1160600E+2	6.4164990E+1	6.0284550E+1	0.0000000E+0	0.0000000E+0	1.0000000E+2	0.0000000E+0
2.1165700E+2	6.4209500E+1	6.0282835E+1	0.0000000E+0	0.0000000E+0	1.0000000E+2	0.0000000E+0
2.1170700E+2	6.4262087E+1	6.0264124E+1	0.0000000E+0	0.0000000E+0	1.0000000E+2	0.0000000E+0
2.1175700E+2	6.4330593E+1	6.0281100E+1	0.0000000E+0	0.0000000E+0	1.0000000E+2	0.0000000E+0
2.1180700E+2	6.4384291E+1	6.0280427E+1	0.0000000E+0	0.0000000E+0	1.0000000E+2	0.0000000E+0
2.1185800E+2	6.4430125E+1	6.0280072E+1	0.0000000E+0	0.0000000E+0	1.0000000E+2	0.0000000E+0
2.1190900E+2	6.4490793E+1	6.0284855E+1	0.0000000E+0	0.0000000E+0	1.0000000E+2	0.0000000E+0
2.1196000E+2	6.4531871E+1	6.0275877E+1	0.0000000E+0	0.0000000E+0	1.0000000E+2	0.0000000E+0
2.1201000E+2	6.4593037E+1	6.0274698E+1	0.0000000E+0	0.0000000E+0	1.0000000E+2	0.0000000E+0
2.1206000E+2	6.4619948E+1	6.0267784E+1	0.0000000E+0	0.0000000E+0	1.0000000E+2	0.0000000E+0
2.1211000E+2	6.4654642E+1	6.0257364E+1	0.0000000E+0	0.0000000E+0	1.0000000E+2	0.0000000E+0
2.1216000E+2	6.4705835E+1	6.0265249E+1	0.0000000E+0	0.0000000E+0	1.0000000E+2	0.0000000E+0
2.1221000E+2	6.4741265E+1	6.0259573E+1	0.0000000E+0	0.0000000E+0	1.0000000E+2	0.0000000E+0
2.1226000E+2	6.4787072E+1	6.0263402E+1	0.0000000E+0	0.0000000E+0	1.0000000E+2	0.0000000E+0
2.1231000E+2	6.4826289E+1	6.0264471E+1	0.0000000E+0	0.0000000E+0	1.0000000E+2	0.0000000E+0
2.1236000E+2	6.4858564E+1	6.0275769E+1	0.0000000E+0	0.0000000E+0	1.0000000E+2	0.0000000E+0
2.1241000E+2	6.3281026E+1	6.0364062E+1	0.0000000E+0	0.0000000E+0	1.0000000E+2	0.0000000E+0
2.1246000E+2	6.3275952E+1	6.0271641E+1	0.0000000E+0	0.0000000E+0	1.0000000E+2	0.0000000E+0
2.1251000E+2	6.3292473E+1	6.0247263E+1	0.0000000E+0	0.0000000E+0	1.0000000E+2	0.0000000E+0
2.1256000E+2	6.3330646E+1	6.0246914E+1	0.0000000E+0	0.0000000E+0	1.0000000E+2	0.0000000E+0
2.1261000E+2	6.3378689E+1	6.0259712E+1	0.0000000E+0	0.0000000E+0	1.0000000E+2	0.0000000E+0
2.1266000E+2	6.3404191E+1	6.0257756E+1	0.0000000E+0	0.0000000E+0	1.0000000E+2	0.0000000E+0
2.1271000E+2	6.3424446E+1	6.0253634E+1	0.0000000E+0	0.0000000E+0	1.0000000E+2	0.0000000E+0
2.1276100E+2	6.3457635E+1	6.0238245E+1	0.0000000E+0	0.0000000E+0	1.0000000E+2	0.0000000E+0
2.1281200E+2	6.3487586E+1	6.0234843E+1	0.0000000E+0	0.0000000E+0	1.0000000E+2	0.0000000E+0
2.1286300E+2	6.3503220E+1	6.0244628E+1	0.0000000E+0	0.0000000E+0	1.0000000E+2	0.0000000E+0
2.1291300E+2	6.3509957E+1	6.0251112E+1	0.0000000E+0	0.0000000E+0	1.0000000E+2	0.0000000E+0
2.1296300E+2	6.3541266E+1	6.0253524E+1	0.0000000E+0	0.0000000E+0	1.0000000E+2	0.0000000E+0
2.1301300E+2	6.3582526E+1	6.0252477E+1	0.0000000E+0	0.0000000E+0	1.0000000E+2	0.0000000E+0
2.1306300E+2	6.3657638E+1	6.0277867E+1	0.0000000E+0	0.0000000E+0	1.0000000E+2	0.0000000E+0
2.1311300E+2	6.3706754E+1	6.0271473E+1	0.0000000E+0	0.0000000E+0	1.0000000E+2	0.0000000E+0
2.1316300E+2	6.3728553E+1	6.0270659E+1	0.0000000E+0	0.0000000E+0	1.0000000E+2	0.0000000E+0
2.1321300E+2	6.3767076E+1	6.0279665E+1	0.0000000E+0	0.0000000E+0	1.0000000E+2	0.0000000E+0
2.1326400E+2	6.3793446E+1	6.0262773E+1	0.0000000E+0	0.0000000E+0	1.0000000E+2	0.0000000E+0
2.1331400E+2	6.3842212E+1	6.0251740E+1	0.0000000E+0	0.0000000E+0	1.0000000E+2	0.0000000E+0
2.1336500E+2	6.3877442E+1	6.0278689E+1	0.0000000E+0	0.0000000E+0	1.0000000E+2	0.0000000E+0
2.1341500E+2	6.3911521E+1	6.0263055E+1	0.0000000E+0	0.0000000E+0	1.0000000E+2	0.0000000E+0
2.1346500E+2	6.3965465E+1	6.0263606E+1	0.0000000E+0	0.0000000E+0	1.0000000E+2	0.0000000E+0
2.1351500E+2	6.3998255E+1	6.0246171E+1	0.0000000E+0	0.0000000E+0	1.0000000E+2	0.0000000E+0
2.1356500E+2	6.4053290E+1	6.0246959E+1	0.0000000E+0	0.0000000E+0	1.0000000E+2	0.0000000E+0
2.1361500E+2	6.4083163E+1	6.0253016E+1	0.0000000E+0	0.0000000E+0	1.0000000E+2	0.0000000E+0
2.1366700E+2	6.4148654E+1	6.0263664E+1	0.0000000E+0	0.0000000E+0	1.0000000E+2	0.0000000E+0
2.1371800E+2	6.4179080E+1	6.0275465E+1	0.0000000E+0	0.0000000E+0	1.0000000E+2	0.0000000E+0
2.1376800E+2	6.4215173E+1	6.0271788E+1	0.0000000E+0	0.0000000E+0	1.0000000E+2	0.0000000E+0
2.1381800E+2	6.4265033E+1	6.0275810E+1	0.0000000E+0	0.0000000E+0	1.0000000E+2	0.0000000E+0
2.1386800E+2	6.4308112E+1	6.0284377E+1	0.0000000E+0	0.0000000E+0	1.0000000E+2	0.0000000E+0
2.1391800E+2	6.4333223E+1	6.0267358E+1	0.0000000E+0	0.0000000E+0	1.0000000E+2	0.0000000E+0
2.1396800E+2	6.4379543E+1	6.0272131E+1	0.0000000E+0	0.0000000E+0	1.0000000E+2	0.0000000E+0
2.1401900E+2	6.4406375E+1	6.0254326E+1	0.0000000E+0	0.0000000E+0	1.0000000E+2	0.0000000E+0
2.1407000E+2	6.4448513E+1	6.0263353E+1	0.0000000E+0	0.0000000E+0	1.0000000E+2	0.0000000E+0
2.1412000E+2	6.4489859E+1	6.0261419E+1	0.0000000E+0	0.0000000E+0	1.0000000E+2	0.0000000E+0
2.1417000E+2	6.4062787E+1	6.0325383E+1	0.0000000E+0	0.0000000E+0	1.0000000E+2	0.0000000E+0
2.1422100E+2	6.3060720E+1	6.0256383E+1	0.0000000E+0	0.0000000E+0	1.0000000E+2	0.0000000E+0
2.1427100E+2	6.3026127E+1	6.0257887E+1	0.0000000E+0	0.0000000E+0	1.0000000E+2	0.0000000E+0
2.1432200E+2	6.3060727E+1	6.0255260E+1	0.0000000E+0	0.0000000E+0	1.0000000E+2	0.0000000E+0
2.1437300E+2	6.3097198E+1	6.0253986E+1	0.0000000E+0	0.0000000E+0	1.0000000E+2	0.0000000E+0
2.1442300E+2	6.3151645E+1	6.0262947E+1	0.0000000E+0	0.0000000E+0	1.0000000E+2	0.0000000E+0
2.1447400E+2	6.3203873E+1	6.0275462E+1	0.0000000E+0	0.0000000E+0	1.0000000E+2	0.0000000E+0
2.1452400E+2	6.3245724E+1	6.0286966E+1	0.0000000E+0	0.0000000E+0	1.0000000E+2	0.0000000E+0
2.1457400E+2	6.3279790E+1	6.0272047E+1	0.0000000E+0	0.0000000E+0	1.0000000E+2	0.0000000E+0
2.1462400E+2	6.3333388E+1	6.0266581E+1	0.0000000E+0	0.0000000E+0	1.0000000E+2	0.0000000E+0
2.1467500E+2	6.3383503E+1	6.0270734E+1	0.0000000E+0	0.0000000E+0	1.0000000E+2	0.0000000E+0
2.1472500E+2	6.3427617E+1	6.0277637E+1	0.0000000E+0	0.0000000E+0	1.0000000E+2	0.0000000E+0
2.1477600E+2	6.3467348E+1	6.0280091E+1	0.0000000E+0	0.0000000E+0	1.0000000E+2	0.0000000E+0
2.1482800E+2	6.3530634E+1	6.0278982E+1	0.0000000E+0	0.0000000E+0	1.0000000E+2	0.0000000E+0
2.1487800E+2	6.3568534E+1	6.0278826E+1	0.0000000E+0	0.0000000E+0	1.0000000E+2	0.0000000E+0
2.1492800E+2	6.3621917E+1	6.0277804E+1	0.0000000E+0	0.0000000E+0	1.0000000E+2	0.0000000E+0
2.1497900E+2	6.3663368E+1	6.0289519E+1	0.0000000E+0	0.0000000E+0	1.0000000E+2	0.0000000E+0
2.1502900E+2	6.3712678E+1	6.0278199E+1	0.0000000E+0	0.0000000E+0	1.0000000E+2	0.0000000E+0
2.1508000E+2	6.3771369E+1	6.0284664E+1	0.0000000E+0	0.0000000E+0	1.0000000E+2	0.0000000E+0
2.1513000E+2	6.3823391E+1	6.0285031E+1	0.0000000E+0	0.0000000E+0	1.0000000E+2	0.0000000E+0
2.1518000E+2	6.3887147E+1	6.0281645E+1	0.0000000E+0	0.0000000E+0	1.0000000E+2	0.0000000E+0
2.1523100E+2	6.3934852E+1	6.0272364E+1	0.0000000E+0	0.0000000E+0	1.0000000E+2	0.0000000E+0
2.1528100E+2	6.3977927E+1	6.0285305E+1	0.0000000E+0	0.0000000E+0	1.0000000E+2	0.0000000E+0
2.1533100E+2	6.4041536E+1	6.0278470E+1	0.0000000E+0	0.0000000E+0	1.0000000E+2	0.0000000E+0
2.1538100E+2	6.4088416E+1	6.0268058E+1	0.0000000E+0	0.0000000E+0	1.0000000E+2	0.0000000E+0
2.1543100E+2	6.4136041E+1	6.0258048E+1	0.0000000E+0	0.0000000E+0	1.0000000E+2	0.0000000E+0
2.1548100E+2	6.4211185E+1	6.0277993E+1	0.0000000E+0	0.0000000E+0	1.0000000E+2	0.0000000E+0
2.1553100E+2	6.4227730E+1	6.0287858E+1	0.0000000E+0	0.0000000E+0	1.0000000E+2	0.0000000E+0
2.1558200E+2	6.4250619E+1	6.0294644E+1	0.0000000E+0	0.0000000E+0	1.0000000E+2	0.0000000E+0
2.1563200E+2	6.4305595E+1	6.0289771E+1	0.0000000E+0	0.0000000E+0	1.0000000E+2	0.0000000E+0
2.1568300E+2	6.4329535E+1	6.0296661E+1	0.0000000E+0	0.0000000E+0	1.0000000E+2	0.0000000E+0
2.1573400E+2	6.4363994E+1	6.0305514E+1	0.0000000E+0	0.0000000E+0	1.0000000E+2	0.0000000E+0
2.1578400E+2	6.4116719E+1	6.0356548E+1	0.0000000E+0	0.0000000E+0	1.0000000E+2	0.0000000E+0
2.1583400E+2	6.3305157E+1	6.0308915E+1	0.0000000E+0	0.0000000E+0	1.0000000E+2	0.0000000E+0
2.1588400E+2	6.3327083E+1	6.0279298E+1	0.0000000E+0	0.0000000E+0	1.0000000E+2	0.0000000E+0
2.1593400E+2	6.3379955E+1	6.0283066E+1	0.0000000E+0	0.0000000E+0	1.0000000E+2	0.0000000E+0
2.1598400E+2	6.3418881E+1	6.0276935E+1	0.0000000E+0	0.0000000E+0	1.0000000E+2	0.0000000E+0
2.1603400E+2	6.3481858E+1	6.0281640E+1	0.0000000E+0	0.0000000E+0	1.0000000E+2	0.0000000E+0
2.1608400E+2	6.3550389E+1	6.0284419E+1	0.0000000E+0	0.0000000E+0	1.0000000E+2	0.0000000E+0
2.1613400E+2	6.3597154E+1	6.0293567E+1	0.0000000E+0	0.0000000E+0	1.0000000E+2	0.0000000E+0
2.1618400E+2	6.3641574E+1	6.0264198E+1	0.0000000E+0	0.0000000E+0	1.0000000E+2	0.0000000E+0
2.1623400E+2	6.3697140E+1	6.0276350E+1	0.0000000E+0	0.0000000E+0	1.0000000E+2	0.0000000E+0
2.1628500E+2	6.3784356E+1	6.0284574E+1	0.0000000E+0	0.0000000E+0	1.0000000E+2	0.0000000E+0
2.1633500E+2	6.3848540E+1	6.0282746E+1	0.0000000E+0	0.0000000E+0	1.0000000E+2	0.0000000E+0
2.1638500E+2	6.3908429E+1	6.0277009E+1	0.0000000E+0	0.0000000E+0	1.0000000E+2	0.0000000E+0
2.1643500E+2	6.3945620E+1	6.0273615E+1	0.0000000E+0	0.0000000E+0	1.0000000E+2	0.0000000E+0
2.1648500E+2	6.4002961E+1	6.0281183E+1	0.0000000E+0	0.0000000E+0	1.0000000E+2	0.0000000E+0
2.1653600E+2	6.4070725E+1	6.0268398E+1	0.0000000E+0	0.0000000E+0	1.0000000E+2	0.0000000E+0
2.1658600E+2	6.4130165E+1	6.0267263E+1	0.0000000E+0	0.0000000E+0	1.0000000E+2	0.0000000E+0
2.1663600E+2	6.4206558E+1	6.0277384E+1	0.0000000E+0	0.0000000E+0	1.0000000E+2	0.0000000E+0
2.1668600E+2	6.4262745E+1	6.0261825E+1	0.0000000E+0	0.0000000E+0	1.0000000E+2	0.0000000E+0
2.1673600E+2	6.4346152E+1	6.0284817E+1	0.0000000E+0	0.0000000E+0	1.0000000E+2	0.0000000E+0
2.1678600E+2	6.4387597E+1	6.0286100E+1	0.0000000E+0	0.0000000E+0	1.0000000E+2	0.0000000E+0
2.1683600E+2	6.4447377E+1	6.0284187E+1	0.0000000E+0	0.0000000E+0	1.0000000E+2	0.0000000E+0
2.1688600E+2	6.4494567E+1	6.0277656E+1	0.0000000E+0	0.0000000E+0	1.0000000E+2	0.0000000E+0
2.1693600E+2	6.4556748E+1	6.0283221E+1	0.0000000E+0	0.0000000E+0	1.0000000E+2	0.0000000E+0
2.1698600E+2	6.4605081E+1	6.0261843E+1	0.0000000E+0	0.0000000E+0	1.0000000E+2	0.0000000E+0
2.1703600E+2	6.4633717E+1	6.0256782E+1	0.0000000E+0	0.0000000E+0	1.0000000E+2	0.0000000E+0
2.1708600E+2	6.4696689E+1	6.0267432E+1	0.0000000E+0	0.0000000E+0	1.0000000E+2	0.0000000E+0
2.1713700E+2	6.4747958E+1	6.0282970E+1	0.0000000E+0	0.0000000E+0	1.0000000E+2	0.0000000E+0
2.1718700E+2	6.4798858E+1	6.0268622E+1	0.0000000E+0	0.0000000E+0	1.0000000E+2	0.0000000E+0
2.1723800E+2	6.4843476E+1	6.0261747E+1	0.0000000E+0	0.0000000E+0	1.0000000E+2	0.0000000E+0
2.1728800E+2	6.4872991E+1	6.0281235E+1	0.0000000E+0	0.0000000E+0	1.0000000E+2	0.0000000E+0
2.1733900E+2	6.4909288E+1	6.0270876E+1	0.0000000E+0	0.0000000E+0	1.0000000E+2	0.0000000E+0
2.1738900E+2	6.4973855E+1	6.0257995E+1	0.0000000E+0	0.0000000E+0	1.0000000E+2	0.0000000E+0
2.1743900E+2	6.5048479E+1	6.0268539E+1	0.0000000E+0	0.0000000E+0	1.0000000E+2	0.0000000E+0
2.1748900E+2	6.5121410E+1	6.0276343E+1	0.0000000E+0	0.0000000E+0	1.0000000E+2	0.0000000E+0
2.1753900E+2	6.5186826E+1	6.0280636E+1	0.0000000E+0	0.0000000E+0	1.0000000E+2	0.0000000E+0
2.1759000E+2	6.5244647E+1	6.0266963E+1	0.0000000E+0	0.0000000E+0	1.0000000E+2	0.0000000E+0
2.1764000E+2	6.5349497E+1	6.0276076E+1	0.0000000E+0	0.0000000E+0	1.0000000E+2	0.0000000E+0
2.1769000E+2	6.5439870E+1	6.0262744E+1	0.0000000E+0	0.0000000E+0	1.0000000E+2	0.0000000E+0
2.1774000E+2	6.5510547E+1	6.0261797E+1	0.0000000E+0	0.0000000E+0	1.0000000E+2	0.0000000E+0
2.1779000E+2	6.5588911E+1	6.0261154E+1	0.0000000E+0	0.0000000E+0	1.0000000E+2	0.0000000E+0
2.1784000E+2	6.5681508E+1	6.0274985E+1	0.0000000E+0	0.0000000E+0	1.0000000E+2	0.0000000E+0
2.1789000E+2	6.5759632E+1	6.0273315E+1	0.0000000E+0	0.0000000E+0	1.0000000E+2	0.0000000E+0
2.1794000E+2	6.5851143E+1	6.0263853E+1	0.0000000E+0	0.0000000E+0	1.0000000E+2	0.0000000E+0
2.1799100E+2	6.5949688E+1	6.0272510E+1	0.0000000E+0	0.0000000E+0	1.0000000E+2	0.0000000E+0
2.1804200E+2	6.5998736E+1	6.0265670E+1	0.0000000E+0	0.0000000E+0	1.0000000E+2	0.0000000E+0
2.1809200E+2	6.6065679E+1	6.0251120E+1	0.0000000E+0	0.0000000E+0	1.0000000E+2	0.0000000E+0
2.1814200E+2	6.6153287E+1	6.0250093E+1	0.0000000E+0	0.0000000E+0	1.0000000E+2	0.0000000E+0
2.1819200E+2	6.6245457E+1	6.0252650E+1	0.0000000E+0	0.0000000E+0	1.0000000E+2	0.0000000E+0
2.1824200E+2	6.6328594E+1	6.0265667E+1	0.0000000E+0	0.0000000E+0	1.0000000E+2	0.0000000E+0
2.1829200E+2	6.6392890E+1	6.0265598E+1	0.0000000E+0	0.0000000E+0	1.0000000E+2	0.0000000E+0
2.1834200E+2	6.4688630E+1	6.0392801E+1	0.0000000E+0	0.0000000E+0	1.0000000E+2	0.0000000E+0
2.1839200E+2	6.4148654E+1	6.0217804E+1	0.0000000E+0	0.0000000E+0	1.0000000E+2	0.0000000E+0
2.1844200E+2	6.4197788E+1	6.0230505E+1	0.0000000E+0	0.0000000E+0	1.0000000E+2	0.0000000E+0
2.1849200E+2	6.4210604E+1	6.0229801E+1	0.0000000E+0	0.0000000E+0	1.0000000E+2	0.0000000E+0
2.1854200E+2	6.4195463E+1	6.0217595E+1	0.0000000E+0	0.0000000E+0	1.0000000E+2	0.0000000E+0
2.1859200E+2	6.4219524E+1	6.0214627E+1	0.0000000E+0	0.0000000E+0	1.0000000E+2	0.0000000E+0
2.1864200E+2	6.4260503E+1	6.0217680E+1	0.0000000E+0	0.0000000E+0	1.0000000E+2	0.0000000E+0
2.1869200E+2	6.4279449E+1	6.0209941E+1	0.0000000E+0	0.0000000E+0	1.0000000E+2	0.0000000E+0
2.1874200E+2	6.4314225E+1	6.0218392E+1	0.0000000E+0	0.0000000E+0	1.0000000E+2	0.0000000E+0
2.1879300E+2	6.4338217E+1	6.0220177E+1	0.0000000E+0	0.0000000E+0	1.0000000E+2	0.0000000E+0
2.1884300E+2	6.4378136E+1	6.0235450E+1	0.0000000E+0	0.0000000E+0	1.0000000E+2	0.0000000E+0
2.1889300E+2	6.4422771E+1	6.0215715E+1	0.0000000E+0	0.0000000E+0	1.0000000E+2	0.0000000E+0
2.1894400E+2	6.4445381E+1	6.0224638E+1	0.0000000E+0	0.0000000E+0	1.0000000E+2	0.0000000E+0
2.1899400E+2	6.4475525E+1	6.0223067E+1	0.0000000E+0	0.0000000E+0	1.0000000E+2	0.0000000E+0
2.1904400E+2	6.4517383E+1	6.0236824E+1	0.0000000E+0	0.0000000E+0	1.0000000E+2	0.0000000E+0
2.1909400E+2	6.4550965E+1	6.0227683E+1	0.0000000E+0	0.0000000E+0	1.0000000E+2	0.0000000E+0
2.1914400E+2	6.4594774E+1	6.0235374E+1	0.0000000E+0	0.0000000E+0	1.0000000E+2	0.0000000E+0
2.1919500E+2	6.4635172E+1	6.0235500E+1	0.0000000E+0	0.0000000E+0	1.0000000E+2	0.0000000E+0
2.1924500E+2	6.4671011E+1	6.0235969E+1	0.0000000E+0	0.0000000E+0	1.0000000E+2	0.0000000E+0
2.1929500E+2	6.4700231E+1	6.0235966E+1	0.0000000E+0	0.0000000E+0	1.0000000E+2	0.0000000E+0
2.1934500E+2	6.4748483E+1	6.0239936E+1	0.0000000E+0	0.0000000E+0	1.0000000E+2	0.0000000E+0
2.1939500E+2	6.4788345E+1	6.0236645E+1	0.0000000E+0	0.0000000E+0	1.0000000E+2	0.0000000E+0
2.1944500E+2	6.4852891E+1	6.0248961E+1	0.0000000E+0	0.0000000E+0	1.0000000E+2	0.0000000E+0
2.1949500E+2	6.4895150E+1	6.0257685E+1	0.0000000E+0	0.0000000E+0	1.0000000E+2	0.0000000E+0
2.1954500E+2	6.4922175E+1	6.0237313E+1	0.0000000E+0	0.0000000E+0	1.0000000E+2	0.0000000E+0
2.1959500E+2	6.4970543E+1	6.0245498E+1	0.0000000E+0	0.0000000E+0	1.0000000E+2	0.0000000E+0
2.1964500E+2	6.5002204E+1	6.0225750E+1	0.0000000E+0	0.0000000E+0	1.0000000E+2	0.0000000E+0
2.1969500E+2	6.5050391E+1	6.0217328E+1	0.0000000E+0	0.0000000E+0	1.0000000E+2	0.0000000E+0
2.1974500E+2	6.5114919E+1	6.0225406E+1	0.0000000E+0	0.0000000E+0	1.0000000E+2	0.0000000E+0
2.1979600E+2	6.5184284E+1	6.0231233E+1	0.0000000E+0	0.0000000E+0	1.0000000E+2	0.0000000E+0
2.1984600E+2	6.5263853E+1	6.0221816E+1	0.0000000E+0	0.0000000E+0	1.0000000E+2	0.0000000E+0
2.1989600E+2	6.5358053E+1	6.0229309E+1	0.0000000E+0	0.0000000E+0	1.0000000E+2	0.0000000E+0
2.1994600E+2	6.4708342E+1	6.0302832E+1	0.0000000E+0	0.0000000E+0	1.0000000E+2	0.0000000E+0
2.1999600E+2	6.4053789E+1	6.0222727E+1	0.0000000E+0	0.0000000E+0	1.0000000E+2	0.0000000E+0
2.2004700E+2	6.4073323E+1	6.0229898E+1	0.0000000E+0	0.0000000E+0	1.0000000E+2	0.0000000E+0
2.2009700E+2	6.4067524E+1	6.0225702E+1	0.0000000E+0	0.0000000E+0	1.0000000E+2	0.0000000E+0
2.2014800E+2	6.4087996E+1	6.0218933E+1	0.0000000E+0	0.0000000E+0	1.0000000E+2	0.0000000E+0
2.2019800E+2	6.4157612E+1	6.0222166E+1	0.0000000E+0	0.0000000E+0	1.0000000E+2	0.0000000E+0
2.2024900E+2	6.4211594E+1	6.0232535E+1	0.0000000E+0	0.0000000E+0	1.0000000E+2	0.0000000E+0
2.2029900E+2	6.4281855E+1	6.0241948E+1	0.0000000E+0	0.0000000E+0	1.0000000E+2	0.0000000E+0
2.2034900E+2	6.4338128E+1	6.0221443E+1	0.0000000E+0	0.0000000E+0	1.0000000E+2	0.0000000E+0
2.2039900E+2	6.4419694E+1	6.0216699E+1	0.0000000E+0	0.0000000E+0	1.0000000E+2	0.0000000E+0
2.2044900E+2	6.4512823E+1	6.0230216E+1	0.0000000E+0	0.0000000E+0	1.0000000E+2	0.0000000E+0
2.2049900E+2	6.4587162E+1	6.0228762E+1	0.0000000E+0	0.0000000E+0	1.0000000E+2	0.0000000E+0
2.2054900E+2	6.4651309E+1	6.0228233E+1	0.0000000E+0	0.0000000E+0	1.0000000E+2	0.0000000E+0
2.2060000E+2	6.4713179E+1	6.0232447E+1	0.0000000E+0	0.0000000E+0	1.0000000E+2	0.0000000E+0
2.2065000E+2	6.4777864E+1	6.0223405E+1	0.0000000E+0	0.0000000E+0	1.0000000E+2	0.0000000E+0
2.2070000E+2	6.4860049E+1	6.0234390E+1	0.0000000E+0	0.0000000E+0	1.0000000E+2	0.0000000E+0
2.2075100E+2	6.4928229E+1	6.0230197E+1	0.0000000E+0	0.0000000E+0	1.0000000E+2	0.0000000E+0
2.2080200E+2	6.4997503E+1	6.0224883E+1	0.0000000E+0	0.0000000E+0	1.0000000E+2	0.0000000E+0
2.2085200E+2	6.5083073E+1	6.0235921E+1	0.0000000E+0	0.0000000E+0	1.0000000E+2	0.0000000E+0
2.2090200E+2	6.5198686E+1	6.0230789E+1	0.0000000E+0	0.0000000E+0	1.0000000E+2	0.0000000E+0
2.2095200E+2	6.5282020E+1	6.0237095E+1	0.0000000E+0	0.0000000E+0	1.0000000E+2	0.0000000E+0
2.2100200E+2	6.5344159E+1	6.0224877E+1	0.0000000E+0	0.0000000E+0	1.0000000E+2	0.0000000E+0
2.2105200E+2	6.5431586E+1	6.0225447E+1	0.0000000E+0	0.0000000E+0	1.0000000E+2	0.0000000E+0
2.2110200E+2	6.5543053E+1	6.0231937E+1	0.0000000E+0	0.0000000E+0	1.0000000E+2	0.0000000E+0
2.2115200E+2	6.5621565E+1	6.0219134E+1	0.0000000E+0	0.0000000E+0	1.0000000E+2	0.0000000E+0
2.2120200E+2	6.5732680E+1	6.0234226E+1	0.0000000E+0	0.0000000E+0	1.0000000E+2	0.0000000E+0
2.2125200E+2	6.5824699E+1	6.0219556E+1	0.0000000E+0	0.0000000E+0	1.0000000E+2	0.0000000E+0
2.2130200E+2	6.5860956E+1	6.0235933E+1	0.0000000E+0	0.0000000E+0	1.0000000E+2	0.0000000E+0
2.2135300E+2	6.5934467E+1	6.0228876E+1	0.0000000E+0	0.0000000E+0	1.0000000E+2	0.0000000E+0
2.2140300E+2	6.6030997E+1	6.0223933E+1	0.0000000E+0	0.0000000E+0	1.0000000E+2	0.0000000E+0
2.2145300E+2	6.6127453E+1	6.0231181E+1	0.0000000E+0	0.0000000E+0	1.0000000E+2	0.0000000E+0
2.2150300E+2	6.6210611E+1	6.0218932E+1	0.0000000E+0	0.0000000E+0	1.0000000E+2	0.0000000E+0
2.2155400E+2	6.6302218E+1	6.0221598E+1	0.0000000E+0	0.0000000E+0	1.0000000E+2	0.0000000E+0
2.2160400E+2	6.6401212E+1	6.0220551E+1	0.0000000E+0	0.0000000E+0	1.0000000E+2	0.0000000E+0
2.2165500E+2	6.6498088E+1	6.0220161E+1	0.0000000E+0	0.0000000E+0	1.0000000E+2	0.0000000E+0
2.2170500E+2	6.6615549E+1	6.0229349E+1	0.0000000E+0	0.0000000E+0	1.0000000E+2	0.0000000E+0
2.2175500E+2	6.6680015E+1	6.0214395E+1	0.0000000E+0	0.0000000E+0	1.0000000E+2	0.0000000E+0
2.2180500E+2	6.6783909E+1	6.0193969E+1	0.0000000E+0	0.0000000E+0	1.0000000E+2	0.0000000E+0
2.2185500E+2	6.6876496E+1	6.0195804E+1	0.0000000E+0	0.0000000E+0	1.0000000E+2	0.0000000E+0
2.2190500E+2	6.6562236E+1	6.0297870E+1	0.0000000E+0	0.0000000E+0	1.0000000E+2	0.0000000E+0
2.2195500E+2	6.3867711E+1	6.0225267E+1	0.0000000E+0	0.0000000E+0	1.0000000E+2	0.0000000E+0
2.2200500E+2	6.3870389E+1	6.0169587E+1	0.0000000E+0	0.0000000E+0	1.0000000E+2	0.0000000E+0
2.2205500E+2	6.3904146E+1	6.0183906E+1	0.0000000E+0	0.0000000E+0	1.0000000E+2	0.0000000E+0
2.2210500E+2	6.3938016E+1	6.0172554E+1	0.0000000E+0	0.0000000E+0	1.0000000E+2	0.0000000E+0
2.2215500E+2	6.3969867E+1	6.0156126E+1	0.0000000E+0	0.0000000E+0	1.0000000E+2	0.0000000E+0
2.2220500E+2	6.4023168E+1	6.0148042E+1	0.0000000E+0	0.0000000E+0	1.0000000E+2	0.0000000E+0
2.2225500E+2	6.4076849E+1	6.0149733E+1	0.0000000E+0	0.0000000E+0	1.0000000E+2	0.0000000E+0
2.2230600E+2	6.4131551E+1	6.0163743E+1	0.0000000E+0	0.0000000E+0	1.0000000E+2	0.0000000E+0
2.2235600E+2	6.4182629E+1	6.0158439E+1	0.0000000E+0	0.0000000E+0	1.0000000E+2	0.0000000E+0
2.2240600E+2	6.4250867E+1	6.0162233E+1	0.0000000E+0	0.0000000E+0	1.0000000E+2	0.0000000E+0
2.2245700E+2	6.4299545E+1	6.0163498E+1	0.0000000E+0	0.0000000E+0	1.0000000E+2	0.0000000E+0
2.2250700E+2	6.4362943E+1	6.0149610E+1	0.0000000E+0	0.0000000E+0	1.0000000E+2	0.0000000E+0
2.2255700E+2	6.4434387E+1	6.0151583E+1	0.0000000E+0	0.0000000E+0	1.0000000E+2	0.0000000E+0
2.2260700E+2	6.4499895E+1	6.0152488E+1	0.0000000E+0	0.0000000E+0	1.0000000E+2	0.0000000E+0
2.2265800E+2	6.4589741E+1	6.0149563E+1	0.0000000E+0	0.0000000E+0	1.0000000E+2	0.0000000E+0
2.2270800E+2	6.4681379E+1	6.0163479E+1	0.0000000E+0	0.0000000E+0	1.0000000E+2	0.0000000E+0
2.2275800E+2	6.4741917E+1	6.0175108E+1	0.0000000E+0	0.0000000E+0	1.0000000E+2	0.0000000E+0
2.2280900E+2	6.4783068E+1	6.0156861E+1	0.0000000E+0	0.0000000E+0	1.0000000E+2	0.0000000E+0
2.2285900E+2	6.4862861E+1	6.0161164E+1	0.0000000E+0	0.0000000E+0	1.0000000E+2	0.0000000E+0
2.2290900E+2	6.4948030E+1	6.0163120E+1	0.0000000E+0	0.0000000E+0	1.0000000E+2	0.0000000E+0
2.2295900E+2	6.5036605E+1	6.0170415E+1	0.0000000E+0	0.0000000E+0	1.0000000E+2	0.0000000E+0
2.2300900E+2	6.5114433E+1	6.0144456E+1	0.0000000E+0	0.0000000E+0	1.0000000E+2	0.0000000E+0
2.2305900E+2	6.5201514E+1	6.0146654E+1	0.0000000E+0	0.0000000E+0	1.0000000E+2	0.0000000E+0
2.2310900E+2	6.5300276E+1	6.0152927E+1	0.0000000E+0	0.0000000E+0	1.0000000E+2	0.0000000E+0
2.2315900E+2	6.5399874E+1	6.0148120E+1	0.0000000E+0	0.0000000E+0	1.0000000E+2	0.0000000E+0
2.2320900E+2	6.5488268E+1	6.0148323E+1	0.0000000E+0	0.0000000E+0	1.0000000E+2	0.0000000E+0
2.2325900E+2	6.5432838E+1	6.0174202E+1	0.0000000E+0	0.0000000E+0	1.0000000E+2	0.0000000E+0
2.2330900E+2	6.3860595E+1	6.0204197E+1	0.0000000E+0	0.0000000E+0	1.0000000E+2	0.0000000E+0
2.2336000E+2	6.3847009E+1	6.0111998E+1	0.0000000E+0	0.0000000E+0	1.0000000E+2	0.0000000E+0
2.2341000E+2	6.3888505E+1	6.0110011E+1	0.0000000E+0	0.0000000E+0	1.0000000E+2	0.0000000E+0
2.2346000E+2	6.3942919E+1	6.0122381E+1	0.0000000E+0	0.0000000E+0	1.0000000E+2	0.0000000E+0
2.2351000E+2	6.3984440E+1	6.0139794E+1	0.0000000E+0	0.0000000E+0	1.0000000E+2	0.0000000E+0
2.2356000E+2	6.4043825E+1	6.0138266E+1	0.0000000E+0	0.0000000E+0	1.0000000E+2	0.0000000E+0
2.2361000E+2	6.4094592E+1	6.0127994E+1	0.0000000E+0	0.0000000E+0	1.0000000E+2	0.0000000E+0
2.2366000E+2	6.4145030E+1	6.0137424E+1	0.0000000E+0	0.0000000E+0	1.0000000E+2	0.0000000E+0
2.2371000E+2	6.4232498E+1	6.0128232E+1	0.0000000E+0	0.0000000E+0	1.0000000E+2	0.0000000E+0
2.2376000E+2	6.4291137E+1	6.0133359E+1	0.0000000E+0	0.0000000E+0	1.0000000E+2	0.0000000E+0
2.2381000E+2	6.4367110E+1	6.0136910E+1	0.0000000E+0	0.0000000E+0	1.0000000E+2	0.0000000E+0
2.2386000E+2	6.4448703E+1	6.0142585E+1	0.0000000E+0	0.0000000E+0	1.0000000E+2	0.0000000E+0
2.2391100E+2	6.4524615E+1	6.0135128E+1	0.0000000E+0	0.0000000E+0	1.0000000E+2	0.0000000E+0
2.2396100E+2	6.4621928E+1	6.0129701E+1	0.0000000E+0	0.0000000E+0	1.0000000E+2	0.0000000E+0
2.2401100E+2	6.4703267E+1	6.0134606E+1	0.0000000E+0	0.0000000E+0	1.0000000E+2	0.0000000E+0
2.2406100E+2	6.4780183E+1	6.0133378E+1	0.0000000E+0	0.0000000E+0	1.0000000E+2	0.0000000E+0
2.2411100E+2	6.4853245E+1	6.0138237E+1	0.0000000E+0	0.0000000E+0	1.0000000E+2	0.0000000E+0
2.2416200E+2	6.4923362E+1	6.0130203E+1	0.0000000E+0	0.0000000E+0	1.0000000E+2	0.0000000E+0
2.2421200E+2	6.4959236E+1	6.0133371E+1	0.0000000E+0	0.0000000E+0	1.0000000E+2	0.0000000E+0
2.2426200E+2	6.5028823E+1	6.0150602E+1	0.0000000E+0	0.0000000E+0	1.0000000E+2	0.0000000E+0
2.2431200E+2	6.5091292E+1	6.0124791E+1	0.0000000E+0	0.0000000E+0	1.0000000E+2	0.0000000E+0
2.2436200E+2	6.5185549E+1	6.0128824E+1	0.0000000E+0	0.0000000E+0	1.0000000E+2	0.0000000E+0
2.2441200E+2	6.5269149E+1	6.0126147E+1	0.0000000E+0	0.0000000E+0	1.0000000E+2	0.0000000E+0
2.2446200E+2	6.5376973E+1	6.0141927E+1	0.0000000E+0	0.0000000E+0	1.0000000E+2	0.0000000E+0
2.2451300E+2	6.5471445E+1	6.0135217E+1	0.0000000E+0	0.0000000E+0	1.0000000E+2	0.0000000E+0
2.2456400E+2	6.5587742E+1	6.0146215E+1	0.0000000E+0	0.0000000E+0	1.0000000E+2	0.0000000E+0
2.2461500E+2	6.5694373E+1	6.0141247E+1	0.0000000E+0	0.0000000E+0	1.0000000E+2	0.0000000E+0
2.2466500E+2	6.5792441E+1	6.0148467E+1	0.0000000E+0	0.0000000E+0	1.0000000E+2	0.0000000E+0
2.2471500E+2	6.5884187E+1	6.0151638E+1	0.0000000E+0	0.0000000E+0	1.0000000E+2	0.0000000E+0
2.2476500E+2	6.5989555E+1	6.0140136E+1	0.0000000E+0	0.0000000E+0	1.0000000E+2	0.0000000E+0
2.2481500E+2	6.6102410E+1	6.0161468E+1	0.0000000E+0	0.0000000E+0	1.0000000E+2	0.0000000E+0
2.2486600E+2	6.6195651E+1	6.0156222E+1	0.0000000E+0	0.0000000E+0	1.0000000E+2	0.0000000E+0
2.2491700E+2	6.4059969E+1	6.0293223E+1	0.0000000E+0	0.0000000E+0	1.0000000E+2	0.0000000E+0
2.2496800E+2	6.3870898E+1	6.0116081E+1	0.0000000E+0	0.0000000E+0	1.0000000E+2	0.0000000E+0
2.2501900E+2	6.3934989E+1	6.0121327E+1	0.0000000E+0	0.0000000E+0	1.0000000E+2	0.0000000E+0
2.2506900E+2	6.3985236E+1	6.0112958E+1	0.0000000E+0	0.0000000E+0	1.0000000E+2	0.0000000E+0
2.2511900E+2	6.4032834E+1	6.0104365E+1	0.0000000E+0	0.0000000E+0	1.0000000E+2	0.0000000E+0
2.2517000E+2	6.4091624E+1	6.0096438E+1	0.0000000E+0	0.0000000E+0	1.0000000E+2	0.0000000E+0
2.2522000E+2	6.4174162E+1	6.0097138E+1	0.0000000E+0	0.0000000E+0	1.0000000E+2	0.0000000E+0
2.2527000E+2	6.4285400E+1	6.0125623E+1	0.0000000E+0	0.0000000E+0	1.0000000E+2	0.0000000E+0
2.2532000E+2	6.4386387E+1	6.0137674E+1	0.0000000E+0	0.0000000E+0	1.0000000E+2	0.0000000E+0
2.2537000E+2	6.4465768E+1	6.0140155E+1	0.0000000E+0	0.0000000E+0	1.0000000E+2	0.0000000E+0
2.2542000E+2	6.4555995E+1	6.0132574E+1	0.0000000E+0	0.0000000E+0	1.0000000E+2	0.0000000E+0
2.2547100E+2	6.4638473E+1	6.0136257E+1	0.0000000E+0	0.0000000E+0	1.0000000E+2	0.0000000E+0
2.2552100E+2	6.4511462E+1	6.0218070E+1	0.0000000E+0	0.0000000E+0	1.0000000E+2	0.0000000E+0
2.2557100E+2	6.4225578E+1	6.0150848E+1	0.0000000E+0	0.0000000E+0	1.0000000E+2	0.0000000E+0
2.2562100E+2	6.4266774E+1	6.0145940E+1	0.0000000E+0	0.0000000E+0	1.0000000E+2	0.0000000E+0
2.2567200E+2	6.4333649E+1	6.0160476E+1	0.0000000E+0	0.0000000E+0	1.0000000E+2	0.0000000E+0
2.2572200E+2	6.4389809E+1	6.0154179E+1	0.0000000E+0	0.0000000E+0	1.0000000E+2	0.0000000E+0
2.2577300E+2	6.4426964E+1	6.0134096E+1	0.0000000E+0	0.0000000E+0	1.0000000E+2	0.0000000E+0
2.2582300E+2	6.4488639E+1	6.0138345E+1	0.0000000E+0	0.0000000E+0	1.0000000E+2	0.0000000E+0
2.2587300E+2	6.4547519E+1	6.0130606E+1	0.0000000E+0	0.0000000E+0	1.0000000E+2	0.0000000E+0
2.2592300E+2	6.4602691E+1	6.0132737E+1	0.0000000E+0	0.0000000E+0	1.0000000E+2	0.0000000E+0
2.2597400E+2	6.4642146E+1	6.0129098E+1	0.0000000E+0	0.0000000E+0	1.0000000E+2	0.0000000E+0
2.2602400E+2	6.4686487E+1	6.0139095E+1	0.0000000E+0	0.0000000E+0	1.0000000E+2	0.0000000E+0
2.2607400E+2	6.4770684E+1	6.0150321E+1	0.0000000E+0	0.0000000E+0	1.0000000E+2	0.0000000E+0
2.2612400E+2	6.4828740E+1	6.0146962E+1	0.0000000E+0	0.0000000E+0	1.0000000E+2	0.0000000E+0
2.2617500E+2	6.4880201E+1	6.0136748E+1	0.0000000E+0	0.0000000E+0	1.0000000E+2	0.0000000E+0
2.2622500E+2	6.4943312E+1	6.0132106E+1	0.0000000E+0	0.0000000E+0	1.0000000E+2	0.0000000E+0
2.2627500E+2	6.5006302E+1	6.0125937E+1	0.0000000E+0	0.0000000E+0	1.0000000E+2	0.0000000E+0
2.2632500E+2	6.5086926E+1	6.0124724E+1	0.0000000E+0	0.0000000E+0	1.0000000E+2	0.0000000E+0
2.2637500E+2	6.5159427E+1	6.0129918E+1	0.0000000E+0	0.0000000E+0	1.0000000E+2	0.0000000E+0
2.2642500E+2	6.5219856E+1	6.0114653E+1	0.0000000E+0	0.0000000E+0	1.0000000E+2	0.0000000E+0
2.2647500E+2	6.5291753E+1	6.0108816E+1	0.0000000E+0	0.0000000E+0	1.0000000E+2	0.0000000E+0
2.2652500E+2	6.5383354E+1	6.0102259E+1	0.0000000E+0	0.0000000E+0	1.0000000E+2	0.0000000E+0
2.2657500E+2	6.5481065E+1	6.0110914E+1	0.0000000E+0	0.0000000E+0	1.0000000E+2	0.0000000E+0
2.2662500E+2	6.5583818E+1	6.0123274E+1	0.0000000E+0	0.0000000E+0	1.0000000E+2	0.0000000E+0
2.2667500E+2	6.5682565E+1	6.0127754E+1	0.0000000E+0	0.0000000E+0	1.0000000E+2	0.0000000E+0
2.2672500E+2	6.5764522E+1	6.0129852E+1	0.0000000E+0	0.0000000E+0	1.0000000E+2	0.0000000E+0
2.2677500E+2	6.5850156E+1	6.0125181E+1	0.0000000E+0	0.0000000E+0	1.0000000E+2	0.0000000E+0
2.2682500E+2	6.5932901E+1	6.0114059E+1	0.0000000E+0	0.0000000E+0	1.0000000E+2	0.0000000E+0
2.2687500E+2	6.4635905E+1	6.0299883E+1	0.0000000E+0	0.0000000E+0	1.0000000E+2	0.0000000E+0
2.2692500E+2	6.3110158E+1	6.0057381E+1	0.0000000E+0	0.0000000E+0	1.0000000E+2	0.0000000E+0
2.2697500E+2	6.3164228E+1	6.0067951E+1	0.0000000E+0	0.0000000E+0	1.0000000E+2	0.0000000E+0
2.2702500E+2	6.3231168E+1	6.0076391E+1	0.0000000E+0	0.0000000E+0	1.0000000E+2	0.0000000E+0
2.2707500E+2	6.3307396E+1	6.0064835E+1	0.0000000E+0	0.0000000E+0	1.0000000E+2	0.0000000E+0
2.2712500E+2	6.3378877E+1	6.0079717E+1	0.0000000E+0	0.0000000E+0	1.0000000E+2	0.0000000E+0
2.2717500E+2	6.3444653E+1	6.0078745E+1	0.0000000E+0	0.0000000E+0	1.0000000E+2	0.0000000E+0
2.2722500E+2	6.3496488E+1	6.0075499E+1	0.0000000E+0	0.0000000E+0	1.0000000E+2	0.0000000E+0
2.2727500E+2	6.3552933E+1	6.0086667E+1	0.0000000E+0	0.0000000E+0	1.0000000E+2	0.0000000E+0
2.2732500E+2	6.3591356E+1	6.0075727E+1	0.0000000E+0	0.0000000E+0	1.0000000E+2	0.0000000E+0
2.2737500E+2	6.3658565E+1	6.0088267E+1	0.0000000E+0	0.0000000E+0	1.0000000E+2	0.0000000E+0
2.2742500E+2	6.3736481E+1	6.0106781E+1	0.0000000E+0	0.0000000E+0	1.0000000E+2	0.0000000E+0
2.2747500E+2	6.3809870E+1	6.0120757E+1	0.0000000E+0	0.0000000E+0	1.0000000E+2	0.0000000E+0
2.2752500E+2	6.3871948E+1	6.0111980E+1	0.0000000E+0	0.0000000E+0	1.0000000E+2	0.0000000E+0
2.2757500E+2	6.3933496E+1	6.0115223E+1	0.0000000E+0	0.0000000E+0	1.0000000E+2	0.0000000E+0
2.2762500E+2	6.3985999E+1	6.0101926E+1	0.0000000E+0	0.0000000E+0	1.0000000E+2	0.0000000E+0
2.2767500E+2	6.4037429E+1	6.0109893E+1	0.0000000E+0	0.0000000E+0	1.0000000E+2	0.0000000E+0
2.2772500E+2	6.4064489E+1	6.0096307E+1	0.0000000E+0	0.0000000E+0	1.0000000E+2	0.0000000E+0
2.2777500E+2	6.4104977E+1	6.0109933E+1	0.0000000E+0	0.0000000E+0	1.0000000E+2	0.0000000E+0
2.2782500E+2	6.4163680E+1	6.0106078E+1	0.0000000E+0	0.0000000E+0	1.0000000E+2	0.0000000E+0
2.2787500E+2	6.4244960E+1	6.0118302E+1	0.0000000E+0	0.0000000E+0	1.0000000E+2	0.0000000E+0
2.2792500E+2	6.4304683E+1	6.0124005E+1	0.0000000E+0	0.0000000E+0	1.0000000E+2	0.0000000E+0
2.2797500E+2	6.4354829E+1	6.0119554E+1	0.0000000E+0	0.0000000E+0	1.0000000E+2	0.0000000E+0
2.2802500E+2	6.3814678E+1	6.0195936E+1	0.0000000E+0	0.0000000E+0	1.0000000E+2	0.0000000E+0
2.2807500E+2	6.3569680E+1	6.0113160E+1	0.0000000E+0	0.0000000E+0	1.0000000E+2	0.0000000E+0
2.2812500E+2	6.3617594E+1	6.0124843E+1	0.0000000E+0	0.0000000E+0	1.0000000E+2	0.0000000E+0
2.2817500E+2	6.3642908E+1	6.0105950E+1	0.0000000E+0	0.0000000E+0	1.0000000E+2	0.0000000E+0
2.2822500E+2	6.3686585E+1	6.0115339E+1	0.0000000E+0	0.0000000E+0	1.0000000E+2	0.0000000E+0
2.2827500E+2	6.3740707E+1	6.0119891E+1	0.0000000E+0	0.0000000E+0	1.0000000E+2	0.0000000E+0
2.2832500E+2	6.3800044E+1	6.0114333E+1	0.0000000E+0	0.0000000E+0	1.0000000E+2	0.0000000E+0
2.2837500E+2	6.3834672E+1	6.0114836E+1	0.0000000E+0	0.0000000E+0	1.0000000E+2	0.0000000E+0
2.2842500E+2	6.3861408E+1	6.0129163E+1	0.0000000E+0	0.0000000E+0	1.0000000E+2	0.0000000E+0
2.2847500E+2	6.3912432E+1	6.0117378E+1	0.0000000E+0	0.0000000E+0	1.0000000E+2	0.0000000E+0
2.2852500E+2	6.3985010E+1	6.0120583E+1	0.0000000E+0	0.0000000E+0	1.0000000E+2	0.0000000E+0
2.2857500E+2	6.4043763E+1	6.0131433E+1	0.0000000E+0	0.0000000E+0	1.0000000E+2	0.0000000E+0
2.2862500E+2	6.4091806E+1	6.0121178E+1	0.0000000E+0	0.0000000E+0	1.0000000E+2	0.0000000E+0
2.2867500E+2	6.4143327E+1	6.0122341E+1	0.0000000E+0	0.0000000E+0	1.0000000E+2	0.0000000E+0
2.2872500E+2	6.4196187E+1	6.0117153E+1	0.0000000E+0	0.0000000E+0	1.0000000E+2	0.0000000E+0
2.2877500E+2	6.4238446E+1	6.0117740E+1	0.0000000E+0	0.0000000E+0	1.0000000E+2	0.0000000E+0
2.2882500E+2	6.4301874E+1	6.0106744E+1	0.0000000E+0	0.0000000E+0	1.0000000E+2	0.0000000E+0
2.2887500E+2	6.4378102E+1	6.0119909E+1	0.0000000E+0	0.0000000E+0	1.0000000E+2	0.0000000E+0
2.2892500E+2	6.4423765E+1	6.0111517E+1	0.0000000E+0	0.0000000E+0	1.0000000E+2	0.0000000E+0
2.2897500E+2	6.4464427E+1	6.0123835E+1	0.0000000E+0	0.0000000E+0	1.0000000E+2	0.0000000E+0
2.2902500E+2	6.4501891E+1	6.0111869E+1	0.0000000E+0	0.0000000E+0	1.0000000E+2	0.0000000E+0
2.2907500E+2	6.4540218E+1	6.0098749E+1	0.0000000E+0	0.0000000E+0	1.0000000E+2	0.0000000E+0
2.2912500E+2	6.4610765E+1	6.0107362E+1	0.0000000E+0	0.0000000E+0	1.0000000E+2	0.0000000E+0
2.2917500E+2	6.4664584E+1	6.0106470E+1	0.0000000E+0	0.0000000E+0	1.0000000E+2	0.0000000E+0
2.2922500E+2	6.4717720E+1	6.0116901E+1	0.0000000E+0	0.0000000E+0	1.0000000E+2	0.0000000E+0
2.2927500E+2	6.4756959E+1	6.0121756E+1	0.0000000E+0	0.0000000E+0	1.0000000E+2	0.0000000E+0
2.2932500E+2	6.4812228E+1	6.0117804E+1	0.0000000E+0	0.0000000E+0	1.0000000E+2	0.0000000E+0
2.2937500E+2	6.4868509E+1	6.0117309E+1	0.0000000E+0	0.0000000E+0	1.0000000E+2	0.0000000E+0
2.2942500E+2	6.4913611E+1	6.0108679E+1	0.0000000E+0	0.0000000E+0	1.0000000E+2	0.0000000E+0
2.2947500E+2	6.4962827E+1	6.0105319E+1	0.0000000E+0	0.0000000E+0	1.0000000E+2	0.0000000E+0
2.2952500E+2	6.4960803E+1	6.0105924E+1	0.0000000E+0	0.0000000E+0	1.0000000E+2	0.0000000E+0
2.2957500E+2	6.5043396E+1	6.0131539E+1	0.0000000E+0	0.0000000E+0	1.0000000E+2	0.0000000E+0
2.2962500E+2	6.5109284E+1	6.0128353E+1	0.0000000E+0	0.0000000E+0	1.0000000E+2	0.0000000E+0
2.2967500E+2	6.5174266E+1	6.0124566E+1	0.0000000E+0	0.0000000E+0	1.0000000E+2	0.0000000E+0
2.2972500E+2	6.5234772E+1	6.0130951E+1	0.0000000E+0	0.0000000E+0	1.0000000E+2	0.0000000E+0
2.2977500E+2	6.5289956E+1	6.0117042E+1	0.0000000E+0	0.0000000E+0	1.0000000E+2	0.0000000E+0
2.2982500E+2	6.5327455E+1	6.0102990E+1	0.0000000E+0	0.0000000E+0	1.0000000E+2	0.0000000E+0
2.2987600E+2	6.5281730E+1	6.0139487E+1	0.0000000E+0	0.0000000E+0	1.0000000E+2	0.0000000E+0
2.2992700E+2	6.3115216E+1	6.0213490E+1	0.0000000E+0	0.0000000E+0	1.0000000E+2	0.0000000E+0
2.2997700E+2	6.3078122E+1	6.0082766E+1	0.0000000E+0	0.0000000E+0	1.0000000E+2	0.0000000E+0
2.3002800E+2	6.3098251E+1	6.0081305E+1	0.0000000E+0	0.0000000E+0	1.0000000E+2	0.0000000E+0
2.3007800E+2	6.3143262E+1	6.0073826E+1	0.0000000E+0	0.0000000E+0	1.0000000E+2	0.0000000E+0
2.3012900E+2	6.3196165E+1	6.0066948E+1	0.0000000E+0	0.0000000E+0	1.0000000E+2	0.0000000E+0
2.3017900E+2	6.3264243E+1	6.0087182E+1	0.0000000E+0	0.0000000E+0	1.0000000E+2	0.0000000E+0
2.3022900E+2	6.3301481E+1	6.0093392E+1	0.0000000E+0	0.0000000E+0	1.0000000E+2	0.0000000E+0
2.3027900E+2	6.3330825E+1	6.0077572E+1	0.0000000E+0	0.0000000E+0	1.0000000E+2	0.0000000E+0
2.3032900E+2	6.3398592E+1	6.0103162E+1	0.0000000E+0	0.0000000E+0	1.0000000E+2	0.0000000E+0
2.3037900E+2	6.3441141E+1	6.0107440E+1	0.0000000E+0	0.0000000E+0	1.0000000E+2	0.0000000E+0
2.3042900E+2	6.3480052E+1	6.0088803E+1	0.0000000E+0	0.0000000E+0	1.0000000E+2	0.0000000E+0
2.3047900E+2	6.3523853E+1	6.0089250E+1	0.0000000E+0	0.0000000E+0	1.0000000E+2	0.0000000E+0
2.3053100E+2	6.3551530E+1	6.0075941E+1	0.0000000E+0	0.0000000E+0	1.0000000E+2	0.0000000E+0
2.3058100E+2	6.3596515E+1	6.0085388E+1	0.0000000E+0	0.0000000E+0	1.0000000E+2	0.0000000E+0
2.3063100E+2	6.3634641E+1	6.0067844E+1	0.0000000E+0	0.0000000E+0	1.0000000E+2	0.0000000E+0
2.3068100E+2	6.3682874E+1	6.0069310E+1	0.0000000E+0	0.0000000E+0	1.0000000E+2	0.0000000E+0
2.3073100E+2	6.3711583E+1	6.0055916E+1	0.0000000E+0	0.0000000E+0	1.0000000E+2	0.0000000E+0
2.3078100E+2	6.3782002E+1	6.0075016E+1	0.0000000E+0	0.0000000E+0	1.0000000E+2	0.0000000E+0
2.3083100E+2	6.3855049E+1	6.0084065E+1	0.0000000E+0	0.0000000E+0	1.0000000E+2	0.0000000E+0
2.3088100E+2	6.3921133E+1	6.0078877E+1	0.0000000E+0	0.0000000E+0	1.0000000E+2	0.0000000E+0
2.3093100E+2	6.3992905E+1	6.0087263E+1	0.0000000E+0	0.0000000E+0	1.0000000E+2	0.0000000E+0
2.3098200E+2	6.4028957E+1	6.0089579E+1	0.0000000E+0	0.0000000E+0	1.0000000E+2	0.0000000E+0
2.3103300E+2	6.4020992E+1	6.0088650E+1	0.0000000E+0	0.0000000E+0	1.0000000E+2	0.0000000E+0
2.3108300E+2	6.4075217E+1	6.0086856E+1	0.0000000E+0	0.0000000E+0	1.0000000E+2	0.0000000E+0
2.3113300E+2	6.4159784E+1	6.0087372E+1	0.0000000E+0	0.0000000E+0	1.0000000E+2	0.0000000E+0
2.3118400E+2	6.4216605E+1	6.0104706E+1	0.0000000E+0	0.0000000E+0	1.0000000E+2	0.0000000E+0
2.3123400E+2	6.4267377E+1	6.0104372E+1	0.0000000E+0	0.0000000E+0	1.0000000E+2	0.0000000E+0
2.3128500E+2	6.4322262E+1	6.0082817E+1	0.0000000E+0	0.0000000E+0	1.0000000E+2	0.0000000E+0
2.3133500E+2	6.4391422E+1	6.0083658E+1	0.0000000E+0	0.0000000E+0	1.0000000E+2	0.0000000E+0
2.3138500E+2	6.4453849E+1	6.0082287E+1	0.0000000E+0	0.0000000E+0	1.0000000E+2	0.0000000E+0
2.3143500E+2	6.4519447E+1	6.0088635E+1	0.0000000E+0	0.0000000E+0	1.0000000E+2	0.0000000E+0
2.3148500E+2	6.4575788E+1	6.0101812E+1	0.0000000E+0	0.0000000E+0	1.0000000E+2	0.0000000E+0
2.3153500E+2	6.4618280E+1	6.0090204E+1	0.0000000E+0	0.0000000E+0	1.0000000E+2	0.0000000E+0
2.3158500E+2	6.4695643E+1	6.0092975E+1	0.0000000E+0	0.0000000E+0	1.0000000E+2	0.0000000E+0
2.3163500E+2	6.4725661E+1	6.0088898E+1	0.0000000E+0	0.0000000E+0	1.0000000E+2	0.0000000E+0
2.3168500E+2	6.4778498E+1	6.0081482E+1	0.0000000E+0	0.0000000E+0	1.0000000E+2	0.0000000E+0
2.3173500E+2	6.4830050E+1	6.0086537E+1	0.0000000E+0	0.0000000E+0	1.0000000E+2	0.0000000E+0
2.3178500E+2	6.4881796E+1	6.0090467E+1	0.0000000E+0	0.0000000E+0	1.0000000E+2	0.0000000E+0
2.3183500E+2	6.4934323E+1	6.0104331E+1	0.0000000E+0	0.0000000E+0	1.0000000E+2	0.0000000E+0
2.3188500E+2	6.4984054E+1	6.0094486E+1	0.0000000E+0	0.0000000E+0	1.0000000E+2	0.0000000E+0
