Time [s]	Channel 1	Channel 2	Channel 3	Channel 4	Solar 1\t	Solar 2
1.6800000E-1	6.4462118E+1	6.0217328E+1	0.0000000E+0	0.0000000E+0	1.0000000E+2	0.0000000E+0
2.2000000E-1	1.5241481E+1	1.5960932E+1	0.0000000E+0	0.0000000E+0	1.0000000E+2	0.0000000E+0
2.7000000E-1	1.5215925E+1	1.6035370E+1	0.0000000E+0	0.0000000E+0	1.0000000E+2	0.0000000E+0
3.2000000E-1	1.5211499E+1	1.6037866E+1	0.0000000E+0	0.0000000E+0	1.0000000E+2	0.0000000E+0
3.7000000E-1	1.5219952E+1	1.6045389E+1	0.0000000E+0	0.0000000E+0	1.0000000E+2	0.0000000E+0
4.2000000E-1	1.5213510E+1	1.6025240E+1	0.0000000E+0	0.0000000E+0	1.0000000E+2	0.0000000E+0
4.7000000E-1	1.5219364E+1	1.6041497E+1	0.0000000E+0	0.0000000E+0	1.0000000E+2	0.0000000E+0
5.2000000E-1	1.5360516E+1	1.6059341E+1	0.0000000E+0	0.0000000E+0	1.0000000E+2	0.0000000E+0
5.7000000E-1	1.6222640E+1	1.6530619E+1	0.0000000E+0	0.0000000E+0	1.0000000E+2	0.0000000E+0
6.2000000E-1	1.7161633E+1	1.7407575E+1	0.0000000E+0	0.0000000E+0	1.0000000E+2	0.0000000E+0
6.7000000E-1	1.8146055E+1	1.8272335E+1	0.0000000E+0	0.0000000E+0	1.0000000E+2	0.0000000E+0
7.2000000E-1	1.9174014E+1	1.9244769E+1	0.0000000E+0	0.0000000E+0	1.0000000E+2	0.0000000E+0
7.7000000E-1	2.0190038E+1	2.0301842E+1	0.0000000E+0	0.0000000E+0	1.0000000E+2	0.0000000E+0
8.2100000E-1	2.1223084E+1	2.1298382E+1	0.0000000E+0	0.0000000E+0	1.0000000E+2	0.0000000E+0
8.7100000E-1	2.2300608E+1	2.2273819E+1	0.0000000E+0	0.0000000E+0	1.0000000E+2	0.0000000E+0
9.2100000E-1	2.3204171E+1	2.3118508E+1	0.0000000E+0	0.0000000E+0	1.0000000E+2	0.0000000E+0
9.7100000E-1	2.3282633E+1	2.3183475E+1	0.0000000E+0	0.0000000E+0	1.0000000E+2	0.0000000E+0
1.0210000E+0	2.2987702E+1	2.2851372E+1	0.0000000E+0	0.0000000E+0	1.0000000E+2	0.0000000E+0
1.0710000E+0	2.3032431E+1	2.2866861E+1	0.0000000E+0	0.0000000E+0	1.0000000E+2	0.0000000E+0
1.1210000E+0	2.3002759E+1	2.2869002E+1	0.0000000E+0	0.0000000E+0	1.0000000E+2	0.0000000E+0
1.1720000E+0	2.2979955E+1	2.2844067E+1	0.0000000E+0	0.0000000E+0	1.0000000E+2	0.0000000E+0
1.2220000E+0	2.3034864E+1	2.2868085E+1	0.0000000E+0	0.0000000E+0	1.0000000E+2	0.0000000E+0
1.2720000E+0	2.3033061E+1	2.2873101E+1	0.0000000E+0	0.0000000E+0	1.0000000E+2	0.0000000E+0
1.3220000E+0	2.2982051E+1	2.2853990E+1	0.0000000E+0	0.0000000E+0	1.0000000E+2	0.0000000E+0
1.3720000E+0	2.3031791E+1	2.2857939E+1	0.0000000E+0	0.0000000E+0	1.0000000E+2	0.0000000E+0
1.4220000E+0	2.3087198E+1	2.2880773E+1	0.0000000E+0	0.0000000E+0	1.0000000E+2	0.0000000E+0
1.4720000E+0	2.3050889E+1	2.2888766E+1	0.0000000E+0	0.0000000E+0	1.0000000E+2	0.0000000E+0
1.5220000E+0	2.3050330E+1	2.2866788E+1	0.0000000E+0	0.0000000E+0	1.0000000E+2	0.0000000E+0
1.5720000E+0	2.3127533E+1	2.2886316E+1	0.0000000E+0	0.0000000E+0	1.0000000E+2	0.0000000E+0
1.6220000E+0	2.3148357E+1	2.2911120E+1	0.0000000E+0	0.0000000E+0	1.0000000E+2	0.0000000E+0
1.6720000E+0	2.3101012E+1	2.2909368E+1	0.0000000E+0	0.0000000E+0	1.0000000E+2	0.0000000E+0
1.7220000E+0	2.3101706E+1	2.2891147E+1	0.0000000E+0	0.0000000E+0	1.0000000E+2	0.0000000E+0
1.7720000E+0	2.3146001E+1	2.2907017E+1	0.0000000E+0	0.0000000E+0	1.0000000E+2	0.0000000E+0
1.8230000E+0	2.3167939E+1	2.2911936E+1	0.0000000E+0	0.0000000E+0	1.0000000E+2	0.0000000E+0
1.8730000E+0	2.3152826E+1	2.2908830E+1	0.0000000E+0	0.0000000E+0	1.0000000E+2	0.0000000E+0
1.9230000E+0	2.3195646E+1	2.2924347E+1	0.0000000E+0	0.0000000E+0	1.0000000E+2	0.0000000E+0
1.9730000E+0	2.3245781E+1	2.2922142E+1	0.0000000E+0	0.0000000E+0	1.0000000E+2	0.0000000E+0
2.0230000E+0	2.3252143E+1	2.2929612E+1	0.0000000E+0	0.0000000E+0	1.0000000E+2	0.0000000E+0
2.0730000E+0	2.3398455E+1	2.3076833E+1	0.0000000E+0	0.0000000E+0	1.0000000E+2	0.0000000E+0
2.1240000E+0	2.4621486E+1	2.4263704E+1	0.0000000E+0	0.0000000E+0	1.0000000E+2	0.0000000E+0
2.1740000E+0	2.6163549E+1	2.5805684E+1	0.0000000E+0	0.0000000E+0	1.0000000E+2	0.0000000E+0
2.2240000E+0	2.7809779E+1	2.7431041E+1	0.0000000E+0	0.0000000E+0	1.0000000E+2	0.0000000E+0
2.2740000E+0	2.9436004E+1	2.9041400E+1	0.0000000E+0	0.0000000E+0	1.0000000E+2	0.0000000E+0
2.3240000E+0	3.1036572E+1	3.0612220E+1	0.0000000E+0	0.0000000E+0	1.0000000E+2	0.0000000E+0
2.3740000E+0	3.2498539E+1	3.2062576E+1	0.0000000E+0	0.0000000E+0	1.0000000E+2	0.0000000E+0
2.4240000E+0	3.3273350E+1	3.2805842E+1	0.0000000E+0	0.0000000E+0	1.0000000E+2	0.0000000E+0
2.4740000E+0	3.3269106E+1	3.2796106E+1	0.0000000E+0	0.0000000E+0	1.0000000E+2	0.0000000E+0
2.5240000E+0	3.3411714E+1	3.2906672E+1	0.0000000E+0	0.0000000E+0	1.0000000E+2	0.0000000E+0
2.5740000E+0	3.3495275E+1	3.3014755E+1	0.0000000E+0	0.0000000E+0	1.0000000E+2	0.0000000E+0
2.6240000E+0	3.3626714E+1	3.3135979E+1	0.0000000E+0	0.0000000E+0	1.0000000E+2	0.0000000E+0
2.6740000E+0	3.4088323E+1	3.3598817E+1	0.0000000E+0	0.0000000E+0	1.0000000E+2	0.0000000E+0
2.7240000E+0	3.5112813E+1	3.4628528E+1	0.0000000E+0	0.0000000E+0	1.0000000E+2	0.0000000E+0
2.7740000E+0	3.6590970E+1	3.6115141E+1	0.0000000E+0	0.0000000E+0	1.0000000E+2	0.0000000E+0
2.8240000E+0	3.8257681E+1	3.7751996E+1	0.0000000E+0	0.0000000E+0	1.0000000E+2	0.0000000E+0
2.8740000E+0	3.9952257E+1	3.9438973E+1	0.0000000E+0	0.0000000E+0	1.0000000E+2	0.0000000E+0
2.9240000E+0	4.1584785E+1	4.1062540E+1	0.0000000E+0	0.0000000E+0	1.0000000E+2	0.0000000E+0
2.9740000E+0	4.2943045E+1	4.2415073E+1	0.0000000E+0	0.0000000E+0	1.0000000E+2	0.0000000E+0
3.0240000E+0	4.3897407E+1	4.3343401E+1	0.0000000E+0	0.0000000E+0	1.0000000E+2	0.0000000E+0
3.0740000E+0	4.4453294E+1	4.3894483E+1	0.0000000E+0	0.0000000E+0	1.0000000E+2	0.0000000E+0
3.1250000E+0	4.4788556E+1	4.4226487E+1	0.0000000E+0	0.0000000E+0	1.0000000E+2	0.0000000E+0
3.1750000E+0	4.5028781E+1	4.4445342E+1	0.0000000E+0	0.0000000E+0	1.0000000E+2	0.0000000E+0
3.2250000E+0	4.5204251E+1	4.4598590E+1	0.0000000E+0	0.0000000E+0	1.0000000E+2	0.0000000E+0
3.2750000E+0	4.5339377E+1	4.4712273E+1	0.0000000E+0	0.0000000E+0	1.0000000E+2	0.0000000E+0
3.3250000E+0	4.5434474E+1	4.4805146E+1	0.0000000E+0	0.0000000E+0	1.0000000E+2	0.0000000E+0
3.3750000E+0	4.5525718E+1	4.4869948E+1	0.0000000E+0	0.0000000E+0	1.0000000E+2	0.0000000E+0
3.4250000E+0	4.5760580E+1	4.5106768E+1	0.0000000E+0	0.0000000E+0	1.0000000E+2	0.0000000E+0
3.4750000E+0	4.6401187E+1	4.5728963E+1	0.0000000E+0	0.0000000E+0	1.0000000E+2	0.0000000E+0
3.5250000E+0	4.7580637E+1	4.6899635E+1	0.0000000E+0	0.0000000E+0	1.0000000E+2	0.0000000E+0
3.5750000E+0	4.9156341E+1	4.8449694E+1	0.0000000E+0	0.0000000E+0	1.0000000E+2	0.0000000E+0
3.6250000E+0	5.0872317E+1	5.0146671E+1	0.0000000E+0	0.0000000E+0	1.0000000E+2	0.0000000E+0
3.6750000E+0	5.2597656E+1	5.1845280E+1	0.0000000E+0	0.0000000E+0	1.0000000E+2	0.0000000E+0
3.7250000E+0	5.4226031E+1	5.3449454E+1	0.0000000E+0	0.0000000E+0	1.0000000E+2	0.0000000E+0
3.7750000E+0	5.5647603E+1	5.4828385E+1	0.0000000E+0	0.0000000E+0	1.0000000E+2	0.0000000E+0
3.8260000E+0	5.6659077E+1	5.5836937E+1	0.0000000E+0	0.0000000E+0	1.0000000E+2	0.0000000E+0
3.8760000E+0	5.7280497E+1	5.6436990E+1	0.0000000E+0	0.0000000E+0	1.0000000E+2	0.0000000E+0
3.9260000E+0	5.7659903E+1	5.6796185E+1	0.0000000E+0	0.0000000E+0	1.0000000E+2	0.0000000E+0
3.9770000E+0	5.7898451E+1	5.7022688E+1	0.0000000E+0	0.0000000E+0	1.0000000E+2	0.0000000E+0
4.0270000E+0	5.8044516E+1	5.7171794E+1	0.0000000E+0	0.0000000E+0	1.0000000E+2	0.0000000E+0
4.0770000E+0	5.8191569E+1	5.7304433E+1	0.0000000E+0	0.0000000E+0	1.0000000E+2	0.0000000E+0
4.1270000E+0	5.8296694E+1	5.7397307E+1	0.0000000E+0	0.0000000E+0	1.0000000E+2	0.0000000E+0
4.1770000E+0	5.8374468E+1	5.7473220E+1	0.0000000E+0	0.0000000E+0	1.0000000E+2	0.0000000E+0
4.2270000E+0	5.8437655E+1	5.7543883E+1	0.0000000E+0	0.0000000E+0	1.0000000E+2	0.0000000E+0
4.2770000E+0	5.8477927E+1	5.7575460E+1	0.0000000E+0	0.0000000E+0	1.0000000E+2	0.0000000E+0
4.3270000E+0	5.8548704E+1	5.7621676E+1	0.0000000E+0	0.0000000E+0	1.0000000E+2	0.0000000E+0
4.3770000E+0	5.8591411E+1	5.7668846E+1	0.0000000E+0	0.0000000E+0	1.0000000E+2	0.0000000E+0
4.4270000E+0	5.8697340E+1	5.7766692E+1	0.0000000E+0	0.0000000E+0	1.0000000E+2	0.0000000E+0
4.4770000E+0	5.8886448E+1	5.7963567E+1	0.0000000E+0	0.0000000E+0	1.0000000E+2	0.0000000E+0
4.5280000E+0	5.9223552E+1	5.8282904E+1	0.0000000E+0	0.0000000E+0	1.0000000E+2	0.0000000E+0
4.5780000E+0	5.9687789E+1	5.8751288E+1	0.0000000E+0	0.0000000E+0	1.0000000E+2	0.0000000E+0
4.6280000E+0	6.0286024E+1	5.9334675E+1	0.0000000E+0	0.0000000E+0	1.0000000E+2	0.0000000E+0
4.6780000E+0	6.0977839E+1	5.9999956E+1	0.0000000E+0	0.0000000E+0	1.0000000E+2	0.0000000E+0
4.7280000E+0	6.1659545E+1	6.0679063E+1	0.0000000E+0	0.0000000E+0	1.0000000E+2	0.0000000E+0
4.7780000E+0	6.2309832E+1	6.1299964E+1	0.0000000E+0	0.0000000E+0	1.0000000E+2	0.0000000E+0
4.8280000E+0	6.2920732E+1	6.1876318E+1	0.0000000E+0	0.0000000E+0	1.0000000E+2	0.0000000E+0
4.8780000E+0	6.3461157E+1	6.2397245E+1	0.0000000E+0	0.0000000E+0	1.0000000E+2	0.0000000E+0
4.9280000E+0	6.3934875E+1	6.2863425E+1	0.0000000E+0	0.0000000E+0	1.0000000E+2	0.0000000E+0
4.9790000E+0	6.4373569E+1	6.3280816E+1	0.0000000E+0	0.0000000E+0	1.0000000E+2	0.0000000E+0
5.0290000E+0	6.4751686E+1	6.3662290E+1	0.0000000E+0	0.0000000E+0	1.0000000E+2	0.0000000E+0
5.0790000E+0	6.5075564E+1	6.3995135E+1	0.0000000E+0	0.0000000E+0	1.0000000E+2	0.0000000E+0
5.1290000E+0	6.5385951E+1	6.4291754E+1	0.0000000E+0	0.0000000E+0	1.0000000E+2	0.0000000E+0
5.1790000E+0	6.5685695E+1	6.4576718E+1	0.0000000E+0	0.0000000E+0	1.0000000E+2	0.0000000E+0
5.2290000E+0	6.5968369E+1	6.4853969E+1	0.0000000E+0	0.0000000E+0	1.0000000E+2	0.0000000E+0
5.2790000E+0	6.6223067E+1	6.5093339E+1	0.0000000E+0	0.0000000E+0	1.0000000E+2	0.0000000E+0
5.3300000E+0	6.6473694E+1	6.5327480E+1	0.0000000E+0	0.0000000E+0	1.0000000E+2	0.0000000E+0
5.3800000E+0	6.6675150E+1	6.5519550E+1	0.0000000E+0	0.0000000E+0	1.0000000E+2	0.0000000E+0
5.4300000E+0	6.6851345E+1	6.5690284E+1	0.0000000E+0	0.0000000E+0	1.0000000E+2	0.0000000E+0
5.4800000E+0	6.7013217E+1	6.5834500E+1	0.0000000E+0	0.0000000E+0	1.0000000E+2	0.0000000E+0
5.5300000E+0	6.7139107E+1	6.5960033E+1	0.0000000E+0	0.0000000E+0	1.0000000E+2	0.0000000E+0
5.5800000E+0	6.7225416E+1	6.6043873E+1	0.0000000E+0	0.0000000E+0	1.0000000E+2	0.0000000E+0
5.6300000E+0	6.7307237E+1	6.6133787E+1	0.0000000E+0	0.0000000E+0	1.0000000E+2	0.0000000E+0
5.6810000E+0	6.7395410E+1	6.6204569E+1	0.0000000E+0	0.0000000E+0	1.0000000E+2	0.0000000E+0
5.7320000E+0	6.7443146E+1	6.6265089E+1	0.0000000E+0	0.0000000E+0	1.0000000E+2	0.0000000E+0
5.7820000E+0	6.7486761E+1	6.6315015E+1	0.0000000E+0	0.0000000E+0	1.0000000E+2	0.0000000E+0
5.8320000E+0	6.7511329E+1	6.6345582E+1	0.0000000E+0	0.0000000E+0	1.0000000E+2	0.0000000E+0
5.8820000E+0	6.7526338E+1	6.6341222E+1	0.0000000E+0	0.0000000E+0	1.0000000E+2	0.0000000E+0
5.9320000E+0	6.7496459E+1	6.6316127E+1	0.0000000E+0	0.0000000E+0	1.0000000E+2	0.0000000E+0
5.9830000E+0	6.7451856E+1	6.6275404E+1	0.0000000E+0	0.0000000E+0	1.0000000E+2	0.0000000E+0
6.0330000E+0	6.7421658E+1	6.6241686E+1	0.0000000E+0	0.0000000E+0	1.0000000E+2	0.0000000E+0
6.0830000E+0	6.7404929E+1	6.6215097E+1	0.0000000E+0	0.0000000E+0	1.0000000E+2	0.0000000E+0
6.1330000E+0	6.7390377E+1	6.6198559E+1	0.0000000E+0	0.0000000E+0	1.0000000E+2	0.0000000E+0
6.1840000E+0	6.7381441E+1	6.6180251E+1	0.0000000E+0	0.0000000E+0	1.0000000E+2	0.0000000E+0
6.2340000E+0	6.7370160E+1	6.6146092E+1	0.0000000E+0	0.0000000E+0	1.0000000E+2	0.0000000E+0
6.2840000E+0	6.7375822E+1	6.6150230E+1	0.0000000E+0	0.0000000E+0	1.0000000E+2	0.0000000E+0
6.3340000E+0	6.7362994E+1	6.6125635E+1	0.0000000E+0	0.0000000E+0	1.0000000E+2	0.0000000E+0
6.3840000E+0	6.7374915E+1	6.6132989E+1	0.0000000E+0	0.0000000E+0	1.0000000E+2	0.0000000E+0
6.4340000E+0	6.7399929E+1	6.6127191E+1	0.0000000E+0	0.0000000E+0	1.0000000E+2	0.0000000E+0
6.4840000E+0	6.7401970E+1	6.6124229E+1	0.0000000E+0	0.0000000E+0	1.0000000E+2	0.0000000E+0
6.5340000E+0	6.7408388E+1	6.6117173E+1	0.0000000E+0	0.0000000E+0	1.0000000E+2	0.0000000E+0
6.5840000E+0	6.7431130E+1	6.6113886E+1	0.0000000E+0	0.0000000E+0	1.0000000E+2	0.0000000E+0
6.6340000E+0	6.7415967E+1	6.6096444E+1	0.0000000E+0	0.0000000E+0	1.0000000E+2	0.0000000E+0
6.6840000E+0	6.7415346E+1	6.6099227E+1	0.0000000E+0	0.0000000E+0	1.0000000E+2	0.0000000E+0
6.7340000E+0	6.7419994E+1	6.6089853E+1	0.0000000E+0	0.0000000E+0	1.0000000E+2	0.0000000E+0
6.7840000E+0	6.7412146E+1	6.6080774E+1	0.0000000E+0	0.0000000E+0	1.0000000E+2	0.0000000E+0
6.8340000E+0	6.7409254E+1	6.6079929E+1	0.0000000E+0	0.0000000E+0	1.0000000E+2	0.0000000E+0
6.8840000E+0	6.7426783E+1	6.6076852E+1	0.0000000E+0	0.0000000E+0	1.0000000E+2	0.0000000E+0
6.9340000E+0	6.7435497E+1	6.6068811E+1	0.0000000E+0	0.0000000E+0	1.0000000E+2	0.0000000E+0
6.9840000E+0	6.7448526E+1	6.6073983E+1	0.0000000E+0	0.0000000E+0	1.0000000E+2	0.0000000E+0
7.0340000E+0	6.7458449E+1	6.6066732E+1	0.0000000E+0	0.0000000E+0	1.0000000E+2	0.0000000E+0
7.0840000E+0	6.7489620E+1	6.6080988E+1	0.0000000E+0	0.0000000E+0	1.0000000E+2	0.0000000E+0
7.1340000E+0	6.7498715E+1	6.6085601E+1	0.0000000E+0	0.0000000E+0	1.0000000E+2	0.0000000E+0
7.1840000E+0	6.7486339E+1	6.6082539E+1	0.0000000E+0	0.0000000E+0	1.0000000E+2	0.0000000E+0
7.2350000E+0	6.7521476E+1	6.6098295E+1	0.0000000E+0	0.0000000E+0	1.0000000E+2	0.0000000E+0
7.2850000E+0	6.7531153E+1	6.6099031E+1	0.0000000E+0	0.0000000E+0	1.0000000E+2	0.0000000E+0
7.3350000E+0	6.7530762E+1	6.6083139E+1	0.0000000E+0	0.0000000E+0	1.0000000E+2	0.0000000E+0
7.3850000E+0	6.7481163E+1	6.6025078E+1	0.0000000E+0	0.0000000E+0	1.0000000E+2	0.0000000E+0
7.4350000E+0	6.7409981E+1	6.5936200E+1	0.0000000E+0	0.0000000E+0	1.0000000E+2	0.0000000E+0
7.4850000E+0	6.7254702E+1	6.5783319E+1	0.0000000E+0	0.0000000E+0	1.0000000E+2	0.0000000E+0
7.5350000E+0	6.7077745E+1	6.5585184E+1	0.0000000E+0	0.0000000E+0	1.0000000E+2	0.0000000E+0
7.5850000E+0	6.6849116E+1	6.5329597E+1	0.0000000E+0	0.0000000E+0	1.0000000E+2	0.0000000E+0
7.6350000E+0	6.6590308E+1	6.5067800E+1	0.0000000E+0	0.0000000E+0	1.0000000E+2	0.0000000E+0
7.6850000E+0	6.6334424E+1	6.4806377E+1	0.0000000E+0	0.0000000E+0	1.0000000E+2	0.0000000E+0
7.7350000E+0	6.6067992E+1	6.4557659E+1	0.0000000E+0	0.0000000E+0	1.0000000E+2	0.0000000E+0
7.7850000E+0	6.5875254E+1	6.4364714E+1	0.0000000E+0	0.0000000E+0	1.0000000E+2	0.0000000E+0
7.8350000E+0	6.5688574E+1	6.4164304E+1	0.0000000E+0	0.0000000E+0	1.0000000E+2	0.0000000E+0
7.8850000E+0	6.5530850E+1	6.4006461E+1	0.0000000E+0	0.0000000E+0	1.0000000E+2	0.0000000E+0
7.9350000E+0	6.5364022E+1	6.3828071E+1	0.0000000E+0	0.0000000E+0	1.0000000E+2	0.0000000E+0
7.9850000E+0	6.5218575E+1	6.3668432E+1	0.0000000E+0	0.0000000E+0	1.0000000E+2	0.0000000E+0
8.0350000E+0	6.5104944E+1	6.3528884E+1	0.0000000E+0	0.0000000E+0	1.0000000E+2	0.0000000E+0
8.0850000E+0	6.4993425E+1	6.3427313E+1	0.0000000E+0	0.0000000E+0	1.0000000E+2	0.0000000E+0
8.1350000E+0	6.4874574E+1	6.3311530E+1	0.0000000E+0	0.0000000E+0	1.0000000E+2	0.0000000E+0
8.1850000E+0	6.4790853E+1	6.3207499E+1	0.0000000E+0	0.0000000E+0	1.0000000E+2	0.0000000E+0
8.2350000E+0	6.4697927E+1	6.3116830E+1	0.0000000E+0	0.0000000E+0	1.0000000E+2	0.0000000E+0
8.2850000E+0	6.4631061E+1	6.3036361E+1	0.0000000E+0	0.0000000E+0	1.0000000E+2	0.0000000E+0
8.3350000E+0	6.4581257E+1	6.2961144E+1	0.0000000E+0	0.0000000E+0	1.0000000E+2	0.0000000E+0
8.3850000E+0	6.4531863E+1	6.2904930E+1	0.0000000E+0	0.0000000E+0	1.0000000E+2	0.0000000E+0
8.4360000E+0	6.4447743E+1	6.2841493E+1	0.0000000E+0	0.0000000E+0	1.0000000E+2	0.0000000E+0
8.4860000E+0	6.4379969E+1	6.2783434E+1	0.0000000E+0	0.0000000E+0	1.0000000E+2	0.0000000E+0
8.5360000E+0	6.4340710E+1	6.2736956E+1	0.0000000E+0	0.0000000E+0	1.0000000E+2	0.0000000E+0
8.5860000E+0	6.4301397E+1	6.2667039E+1	0.0000000E+0	0.0000000E+0	1.0000000E+2	0.0000000E+0
8.6370000E+0	6.4235629E+1	6.2616822E+1	0.0000000E+0	0.0000000E+0	1.0000000E+2	0.0000000E+0
8.6870000E+0	6.4184811E+1	6.2559176E+1	0.0000000E+0	0.0000000E+0	1.0000000E+2	0.0000000E+0
8.7370000E+0	6.4131261E+1	6.2486265E+1	0.0000000E+0	0.0000000E+0	1.0000000E+2	0.0000000E+0
8.7870000E+0	6.4058785E+1	6.2432131E+1	0.0000000E+0	0.0000000E+0	1.0000000E+2	0.0000000E+0
8.8370000E+0	6.3963090E+1	6.2342930E+1	0.0000000E+0	0.0000000E+0	1.0000000E+2	0.0000000E+0
8.8870000E+0	6.3861545E+1	6.2236508E+1	0.0000000E+0	0.0000000E+0	1.0000000E+2	0.0000000E+0
8.9370000E+0	6.3782962E+1	6.2143130E+1	0.0000000E+0	0.0000000E+0	1.0000000E+2	0.0000000E+0
8.9870000E+0	6.3684107E+1	6.2046956E+1	0.0000000E+0	0.0000000E+0	1.0000000E+2	0.0000000E+0
9.0380000E+0	6.3607314E+1	6.1962924E+1	0.0000000E+0	0.0000000E+0	1.0000000E+2	0.0000000E+0
9.0880000E+0	6.3506742E+1	6.1858062E+1	0.0000000E+0	0.0000000E+0	1.0000000E+2	0.0000000E+0
9.1380000E+0	6.3379039E+1	6.1749335E+1	0.0000000E+0	0.0000000E+0	1.0000000E+2	0.0000000E+0
9.1890000E+0	6.3276203E+1	6.1661719E+1	0.0000000E+0	0.0000000E+0	1.0000000E+2	0.0000000E+0
9.2390000E+0	6.3176158E+1	6.1558587E+1	0.0000000E+0	0.0000000E+0	1.0000000E+2	0.0000000E+0
9.2890000E+0	6.3103023E+1	6.1480988E+1	0.0000000E+0	0.0000000E+0	1.0000000E+2	0.0000000E+0
9.3390000E+0	6.3032664E+1	6.1406420E+1	0.0000000E+0	0.0000000E+0	1.0000000E+2	0.0000000E+0
9.3890000E+0	6.2967215E+1	6.1345999E+1	0.0000000E+0	0.0000000E+0	1.0000000E+2	0.0000000E+0
9.4390000E+0	6.2915567E+1	6.1278158E+1	0.0000000E+0	0.0000000E+0	1.0000000E+2	0.0000000E+0
9.4890000E+0	6.2851448E+1	6.1230170E+1	0.0000000E+0	0.0000000E+0	1.0000000E+2	0.0000000E+0
9.5390000E+0	6.2813089E+1	6.1162311E+1	0.0000000E+0	0.0000000E+0	1.0000000E+2	0.0000000E+0
9.5890000E+0	6.2774268E+1	6.1109875E+1	0.0000000E+0	0.0000000E+0	1.0000000E+2	0.0000000E+0
9.6390000E+0	6.2736727E+1	6.1063547E+1	0.0000000E+0	0.0000000E+0	1.0000000E+2	0.0000000E+0
9.6890000E+0	6.2695634E+1	6.1035586E+1	0.0000000E+0	0.0000000E+0	1.0000000E+2	0.0000000E+0
9.7390000E+0	6.2640095E+1	6.0977071E+1	0.0000000E+0	0.0000000E+0	1.0000000E+2	0.0000000E+0
9.7890000E+0	6.2584689E+1	6.0928292E+1	0.0000000E+0	0.0000000E+0	1.0000000E+2	0.0000000E+0
9.8390000E+0	6.2505794E+1	6.0878311E+1	0.0000000E+0	0.0000000E+0	1.0000000E+2	0.0000000E+0
9.8890000E+0	6.2453394E+1	6.0834803E+1	0.0000000E+0	0.0000000E+0	1.0000000E+2	0.0000000E+0
9.9390000E+0	6.2401911E+1	6.0763498E+1	0.0000000E+0	0.0000000E+0	1.0000000E+2	0.0000000E+0
9.9890000E+0	6.2358700E+1	6.0707490E+1	0.0000000E+0	0.0000000E+0	1.0000000E+2	0.0000000E+0
1.0039000E+1	6.2324661E+1	6.0651068E+1	0.0000000E+0	0.0000000E+0	1.0000000E+2	0.0000000E+0
1.0089000E+1	6.2291314E+1	6.0592502E+1	0.0000000E+0	0.0000000E+0	1.0000000E+2	0.0000000E+0
1.0139000E+1	6.2269403E+1	6.0568118E+1	0.0000000E+0	0.0000000E+0	1.0000000E+2	0.0000000E+0
1.0189000E+1	6.2252893E+1	6.0538942E+1	0.0000000E+0	0.0000000E+0	1.0000000E+2	0.0000000E+0
1.0239000E+1	6.2216477E+1	6.0495620E+1	0.0000000E+0	0.0000000E+0	1.0000000E+2	0.0000000E+0
1.0289000E+1	6.2191780E+1	6.0472039E+1	0.0000000E+0	0.0000000E+0	1.0000000E+2	0.0000000E+0
1.0339000E+1	6.2141924E+1	6.0437564E+1	0.0000000E+0	0.0000000E+0	1.0000000E+2	0.0000000E+0
1.0389000E+1	6.2113631E+1	6.0420038E+1	0.0000000E+0	0.0000000E+0	1.0000000E+2	0.0000000E+0
1.0439000E+1	6.2085702E+1	6.0399655E+1	0.0000000E+0	0.0000000E+0	1.0000000E+2	0.0000000E+0
1.0490000E+1	6.2063254E+1	6.0350432E+1	0.0000000E+0	0.0000000E+0	1.0000000E+2	0.0000000E+0
1.0541000E+1	6.2037722E+1	6.0330036E+1	0.0000000E+0	0.0000000E+0	1.0000000E+2	0.0000000E+0
1.0591000E+1	6.2019237E+1	6.0314042E+1	0.0000000E+0	0.0000000E+0	1.0000000E+2	0.0000000E+0
1.0641000E+1	6.2032974E+1	6.0297401E+1	0.0000000E+0	0.0000000E+0	1.0000000E+2	0.0000000E+0
1.0692000E+1	6.2013399E+1	6.0281193E+1	0.0000000E+0	0.0000000E+0	1.0000000E+2	0.0000000E+0
1.0742000E+1	6.2007104E+1	6.0270111E+1	0.0000000E+0	0.0000000E+0	1.0000000E+2	0.0000000E+0
1.0793000E+1	6.2000318E+1	6.0253235E+1	0.0000000E+0	0.0000000E+0	1.0000000E+2	0.0000000E+0
1.0843000E+1	6.1984111E+1	6.0239565E+1	0.0000000E+0	0.0000000E+0	1.0000000E+2	0.0000000E+0
1.0893000E+1	6.1949649E+1	6.0206670E+1	0.0000000E+0	0.0000000E+0	1.0000000E+2	0.0000000E+0
1.0943000E+1	6.1969932E+1	6.0213563E+1	0.0000000E+0	0.0000000E+0	1.0000000E+2	0.0000000E+0
1.0993000E+1	6.1971898E+1	6.0202796E+1	0.0000000E+0	0.0000000E+0	1.0000000E+2	0.0000000E+0
1.1043000E+1	6.1971920E+1	6.0184386E+1	0.0000000E+0	0.0000000E+0	1.0000000E+2	0.0000000E+0
1.1093000E+1	6.1960487E+1	6.0180273E+1	0.0000000E+0	0.0000000E+0	1.0000000E+2	0.0000000E+0
1.1143000E+1	6.1951069E+1	6.0150694E+1	0.0000000E+0	0.0000000E+0	1.0000000E+2	0.0000000E+0
1.1193000E+1	6.1932780E+1	6.0153403E+1	0.0000000E+0	0.0000000E+0	1.0000000E+2	0.0000000E+0
1.1243000E+1	6.1871091E+1	6.0133773E+1	0.0000000E+0	0.0000000E+0	1.0000000E+2	0.0000000E+0
1.1294000E+1	6.1861877E+1	6.0132736E+1	0.0000000E+0	0.0000000E+0	1.0000000E+2	0.0000000E+0
1.1344000E+1	6.1868405E+1	6.0130941E+1	0.0000000E+0	0.0000000E+0	1.0000000E+2	0.0000000E+0
1.1394000E+1	6.1896951E+1	6.0141815E+1	0.0000000E+0	0.0000000E+0	1.0000000E+2	0.0000000E+0
1.1444000E+1	6.1900526E+1	6.0138177E+1	0.0000000E+0	0.0000000E+0	1.0000000E+2	0.0000000E+0
1.1494000E+1	6.1898716E+1	6.0131232E+1	0.0000000E+0	0.0000000E+0	1.0000000E+2	0.0000000E+0
1.1544000E+1	6.1897332E+1	6.0109430E+1	0.0000000E+0	0.0000000E+0	1.0000000E+2	0.0000000E+0
1.1594000E+1	6.1923581E+1	6.0124194E+1	0.0000000E+0	0.0000000E+0	1.0000000E+2	0.0000000E+0
1.1644000E+1	6.1907165E+1	6.0105312E+1	0.0000000E+0	0.0000000E+0	1.0000000E+2	0.0000000E+0
1.1694000E+1	6.1910370E+1	6.0116841E+1	0.0000000E+0	0.0000000E+0	1.0000000E+2	0.0000000E+0
1.1745000E+1	6.1897019E+1	6.0098577E+1	0.0000000E+0	0.0000000E+0	1.0000000E+2	0.0000000E+0
1.1795000E+1	6.1887868E+1	6.0084506E+1	0.0000000E+0	0.0000000E+0	1.0000000E+2	0.0000000E+0
1.1845000E+1	6.1890758E+1	6.0096602E+1	0.0000000E+0	0.0000000E+0	1.0000000E+2	0.0000000E+0
1.1895000E+1	6.1922971E+1	6.0111698E+1	0.0000000E+0	0.0000000E+0	1.0000000E+2	0.0000000E+0
1.1946000E+1	6.1914715E+1	6.0099284E+1	0.0000000E+0	0.0000000E+0	1.0000000E+2	0.0000000E+0
1.1997000E+1	6.1893500E+1	6.0082556E+1	0.0000000E+0	0.0000000E+0	1.0000000E+2	0.0000000E+0
1.2047000E+1	6.1891312E+1	6.0082087E+1	0.0000000E+0	0.0000000E+0	1.0000000E+2	0.0000000E+0
1.2097000E+1	6.1858898E+1	6.0088432E+1	0.0000000E+0	0.0000000E+0	1.0000000E+2	0.0000000E+0
1.2147000E+1	6.1858241E+1	6.0080444E+1	0.0000000E+0	0.0000000E+0	1.0000000E+2	0.0000000E+0
1.2197000E+1	6.1852530E+1	6.0076316E+1	0.0000000E+0	0.0000000E+0	1.0000000E+2	0.0000000E+0
1.2247000E+1	6.1861403E+1	6.0083000E+1	0.0000000E+0	0.0000000E+0	1.0000000E+2	0.0000000E+0
1.2297000E+1	6.1847862E+1	6.0073045E+1	0.0000000E+0	0.0000000E+0	1.0000000E+2	0.0000000E+0
1.2347000E+1	6.1848288E+1	6.0059749E+1	0.0000000E+0	0.0000000E+0	1.0000000E+2	0.0000000E+0
1.2397000E+1	6.1842685E+1	6.0054045E+1	0.0000000E+0	0.0000000E+0	1.0000000E+2	0.0000000E+0
1.2448000E+1	6.1827757E+1	6.0061922E+1	0.0000000E+0	0.0000000E+0	1.0000000E+2	0.0000000E+0
1.2499000E+1	6.1798542E+1	6.0052513E+1	0.0000000E+0	0.0000000E+0	1.0000000E+2	0.0000000E+0
1.2549000E+1	6.1795237E+1	6.0056496E+1	0.0000000E+0	0.0000000E+0	1.0000000E+2	0.0000000E+0
1.2599000E+1	6.1764406E+1	6.0042837E+1	0.0000000E+0	0.0000000E+0	1.0000000E+2	0.0000000E+0
1.2649000E+1	6.1762367E+1	6.0043876E+1	0.0000000E+0	0.0000000E+0	1.0000000E+2	0.0000000E+0
1.2701000E+1	6.1790297E+1	6.0047614E+1	0.0000000E+0	0.0000000E+0	1.0000000E+2	0.0000000E+0
1.2751000E+1	6.1787532E+1	6.0042980E+1	0.0000000E+0	0.0000000E+0	1.0000000E+2	0.0000000E+0
1.2801000E+1	6.1799358E+1	6.0040221E+1	0.0000000E+0	0.0000000E+0	1.0000000E+2	0.0000000E+0
1.2851000E+1	6.1814828E+1	6.0042043E+1	0.0000000E+0	0.0000000E+0	1.0000000E+2	0.0000000E+0
1.2901000E+1	6.1854154E+1	6.0057261E+1	0.0000000E+0	0.0000000E+0	1.0000000E+2	0.0000000E+0
1.2951000E+1	6.1848830E+1	6.0061056E+1	0.0000000E+0	0.0000000E+0	1.0000000E+2	0.0000000E+0
1.3001000E+1	6.1827437E+1	6.0036818E+1	0.0000000E+0	0.0000000E+0	1.0000000E+2	0.0000000E+0
1.3051000E+1	6.1841620E+1	6.0048888E+1	0.0000000E+0	0.0000000E+0	1.0000000E+2	0.0000000E+0
1.3101000E+1	6.1857272E+1	6.0058726E+1	0.0000000E+0	0.0000000E+0	1.0000000E+2	0.0000000E+0
1.3151000E+1	6.1881902E+1	6.0060640E+1	0.0000000E+0	0.0000000E+0	1.0000000E+2	0.0000000E+0
1.3201000E+1	6.1870257E+1	6.0048314E+1	0.0000000E+0	0.0000000E+0	1.0000000E+2	0.0000000E+0
1.3251000E+1	6.1877939E+1	6.0054792E+1	0.0000000E+0	0.0000000E+0	1.0000000E+2	0.0000000E+0
1.3302000E+1	6.1882252E+1	6.0049783E+1	0.0000000E+0	0.0000000E+0	1.0000000E+2	0.0000000E+0
1.3352000E+1	6.1880018E+1	6.0051775E+1	0.0000000E+0	0.0000000E+0	1.0000000E+2	0.0000000E+0
1.3402000E+1	6.1892186E+1	6.0042516E+1	0.0000000E+0	0.0000000E+0	1.0000000E+2	0.0000000E+0
1.3452000E+1	6.1891787E+1	6.0043972E+1	0.0000000E+0	0.0000000E+0	1.0000000E+2	0.0000000E+0
1.3502000E+1	6.1885391E+1	6.0046552E+1	0.0000000E+0	0.0000000E+0	1.0000000E+2	0.0000000E+0
1.3552000E+1	6.1896703E+1	6.0053252E+1	0.0000000E+0	0.0000000E+0	1.0000000E+2	0.0000000E+0
1.3603000E+1	6.1916951E+1	6.0067292E+1	0.0000000E+0	0.0000000E+0	1.0000000E+2	0.0000000E+0
1.3653000E+1	6.1927093E+1	6.0064547E+1	0.0000000E+0	0.0000000E+0	1.0000000E+2	0.0000000E+0
1.3703000E+1	6.1930692E+1	6.0067148E+1	0.0000000E+0	0.0000000E+0	1.0000000E+2	0.0000000E+0
1.3753000E+1	6.1923604E+1	6.0065665E+1	0.0000000E+0	0.0000000E+0	1.0000000E+2	0.0000000E+0
1.3803000E+1	6.1916132E+1	6.0054912E+1	0.0000000E+0	0.0000000E+0	1.0000000E+2	0.0000000E+0
1.3853000E+1	6.1928255E+1	6.0064465E+1	0.0000000E+0	0.0000000E+0	1.0000000E+2	0.0000000E+0
1.3904000E+1	6.1937199E+1	6.0059895E+1	0.0000000E+0	0.0000000E+0	1.0000000E+2	0.0000000E+0
1.3955000E+1	6.1938127E+1	6.0059016E+1	0.0000000E+0	0.0000000E+0	1.0000000E+2	0.0000000E+0
1.4006000E+1	6.1957062E+1	6.0065975E+1	0.0000000E+0	0.0000000E+0	1.0000000E+2	0.0000000E+0
1.4056000E+1	6.1951762E+1	6.0063782E+1	0.0000000E+0	0.0000000E+0	1.0000000E+2	0.0000000E+0
1.4106000E+1	6.1938430E+1	6.0073239E+1	0.0000000E+0	0.0000000E+0	1.0000000E+2	0.0000000E+0
1.4157000E+1	6.1934709E+1	6.0063420E+1	0.0000000E+0	0.0000000E+0	1.0000000E+2	0.0000000E+0
1.4207000E+1	6.1942911E+1	6.0068921E+1	0.0000000E+0	0.0000000E+0	1.0000000E+2	0.0000000E+0
1.4258000E+1	6.1955183E+1	6.0084966E+1	0.0000000E+0	0.0000000E+0	1.0000000E+2	0.0000000E+0
1.4309000E+1	6.1973394E+1	6.0079553E+1	0.0000000E+0	0.0000000E+0	1.0000000E+2	0.0000000E+0
1.4360000E+1	6.1966186E+1	6.0077642E+1	0.0000000E+0	0.0000000E+0	1.0000000E+2	0.0000000E+0
1.4410000E+1	6.1957738E+1	6.0100778E+1	0.0000000E+0	0.0000000E+0	1.0000000E+2	0.0000000E+0
1.4461000E+1	6.1970367E+1	6.0089612E+1	0.0000000E+0	0.0000000E+0	1.0000000E+2	0.0000000E+0
1.4511000E+1	6.1978786E+1	6.0091911E+1	0.0000000E+0	0.0000000E+0	1.0000000E+2	0.0000000E+0
1.4561000E+1	6.1998670E+1	6.0092961E+1	0.0000000E+0	0.0000000E+0	1.0000000E+2	0.0000000E+0
1.4611000E+1	6.2001191E+1	6.0096340E+1	0.0000000E+0	0.0000000E+0	1.0000000E+2	0.0000000E+0
1.4662000E+1	6.2014675E+1	6.0098911E+1	0.0000000E+0	0.0000000E+0	1.0000000E+2	0.0000000E+0
1.4712000E+1	6.2021875E+1	6.0113800E+1	0.0000000E+0	0.0000000E+0	1.0000000E+2	0.0000000E+0
1.4763000E+1	6.2037833E+1	6.0117238E+1	0.0000000E+0	0.0000000E+0	1.0000000E+2	0.0000000E+0
1.4814000E+1	6.2050368E+1	6.0113619E+1	0.0000000E+0	0.0000000E+0	1.0000000E+2	0.0000000E+0
1.4864000E+1	6.2086767E+1	6.0123998E+1	0.0000000E+0	0.0000000E+0	1.0000000E+2	0.0000000E+0
1.4914000E+1	6.2109674E+1	6.0120452E+1	0.0000000E+0	0.0000000E+0	1.0000000E+2	0.0000000E+0
1.4965000E+1	6.2081587E+1	6.0119288E+1	0.0000000E+0	0.0000000E+0	1.0000000E+2	0.0000000E+0
1.5016000E+1	6.2079319E+1	6.0122050E+1	0.0000000E+0	0.0000000E+0	1.0000000E+2	0.0000000E+0
1.5066000E+1	6.2081828E+1	6.0125721E+1	0.0000000E+0	0.0000000E+0	1.0000000E+2	0.0000000E+0
1.5116000E+1	6.2077606E+1	6.0135667E+1	0.0000000E+0	0.0000000E+0	1.0000000E+2	0.0000000E+0
1.5166000E+1	6.2091503E+1	6.0129305E+1	0.0000000E+0	0.0000000E+0	1.0000000E+2	0.0000000E+0
1.5216000E+1	6.2084452E+1	6.0120198E+1	0.0000000E+0	0.0000000E+0	1.0000000E+2	0.0000000E+0
1.5266000E+1	6.2083138E+1	6.0112139E+1	0.0000000E+0	0.0000000E+0	1.0000000E+2	0.0000000E+0
1.5316000E+1	6.2077591E+1	6.0127968E+1	0.0000000E+0	0.0000000E+0	1.0000000E+2	0.0000000E+0
1.5366000E+1	6.2078704E+1	6.0114339E+1	0.0000000E+0	0.0000000E+0	1.0000000E+2	0.0000000E+0
1.5416000E+1	6.2097128E+1	6.0116009E+1	0.0000000E+0	0.0000000E+0	1.0000000E+2	0.0000000E+0
1.5466000E+1	6.2104398E+1	6.0138662E+1	0.0000000E+0	0.0000000E+0	1.0000000E+2	0.0000000E+0
1.5517000E+1	6.2103754E+1	6.0128665E+1	0.0000000E+0	0.0000000E+0	1.0000000E+2	0.0000000E+0
1.5567000E+1	6.2092430E+1	6.0113853E+1	0.0000000E+0	0.0000000E+0	1.0000000E+2	0.0000000E+0
1.5617000E+1	6.2101772E+1	6.0119906E+1	0.0000000E+0	0.0000000E+0	1.0000000E+2	0.0000000E+0
1.5668000E+1	6.2092336E+1	6.0138333E+1	0.0000000E+0	0.0000000E+0	1.0000000E+2	0.0000000E+0
1.5718000E+1	6.2101461E+1	6.0143367E+1	0.0000000E+0	0.0000000E+0	1.0000000E+2	0.0000000E+0
1.5768000E+1	6.2086478E+1	6.0146824E+1	0.0000000E+0	0.0000000E+0	1.0000000E+2	0.0000000E+0
1.5819000E+1	6.2093426E+1	6.0143365E+1	0.0000000E+0	0.0000000E+0	1.0000000E+2	0.0000000E+0
1.5870000E+1	6.2082512E+1	6.0139193E+1	0.0000000E+0	0.0000000E+0	1.0000000E+2	0.0000000E+0
1.5921000E+1	6.2064768E+1	6.0129339E+1	0.0000000E+0	0.0000000E+0	1.0000000E+2	0.0000000E+0
1.5971000E+1	6.2083367E+1	6.0157287E+1	0.0000000E+0	0.0000000E+0	1.0000000E+2	0.0000000E+0
1.6021000E+1	6.2097109E+1	6.0155124E+1	0.0000000E+0	0.0000000E+0	1.0000000E+2	0.0000000E+0
1.6071000E+1	6.2094698E+1	6.0164874E+1	0.0000000E+0	0.0000000E+0	1.0000000E+2	0.0000000E+0
1.6122000E+1	6.2109250E+1	6.0176437E+1	0.0000000E+0	0.0000000E+0	1.0000000E+2	0.0000000E+0
1.6172000E+1	6.2090575E+1	6.0183265E+1	0.0000000E+0	0.0000000E+0	1.0000000E+2	0.0000000E+0
1.6222000E+1	6.2045728E+1	6.0171209E+1	0.0000000E+0	0.0000000E+0	1.0000000E+2	0.0000000E+0
1.6273000E+1	6.2032804E+1	6.0183599E+1	0.0000000E+0	0.0000000E+0	1.0000000E+2	0.0000000E+0
1.6324000E+1	6.2026719E+1	6.0181270E+1	0.0000000E+0	0.0000000E+0	1.0000000E+2	0.0000000E+0
1.6374000E+1	6.2025929E+1	6.0188447E+1	0.0000000E+0	0.0000000E+0	1.0000000E+2	0.0000000E+0
1.6424000E+1	6.2041099E+1	6.0199186E+1	0.0000000E+0	0.0000000E+0	1.0000000E+2	0.0000000E+0
1.6474000E+1	6.2063374E+1	6.0211993E+1	0.0000000E+0	0.0000000E+0	1.0000000E+2	0.0000000E+0
1.6524000E+1	6.2060194E+1	6.0198124E+1	0.0000000E+0	0.0000000E+0	1.0000000E+2	0.0000000E+0
1.6574000E+1	6.2060666E+1	6.0196707E+1	0.0000000E+0	0.0000000E+0	1.0000000E+2	0.0000000E+0
1.6625000E+1	6.2086364E+1	6.0193358E+1	0.0000000E+0	0.0000000E+0	1.0000000E+2	0.0000000E+0
1.6675000E+1	6.2093794E+1	6.0209162E+1	0.0000000E+0	0.0000000E+0	1.0000000E+2	0.0000000E+0
1.6725000E+1	6.2080616E+1	6.0200411E+1	0.0000000E+0	0.0000000E+0	1.0000000E+2	0.0000000E+0
1.6775000E+1	6.2084601E+1	6.0189380E+1	0.0000000E+0	0.0000000E+0	1.0000000E+2	0.0000000E+0
1.6825000E+1	6.2100223E+1	6.0201191E+1	0.0000000E+0	0.0000000E+0	1.0000000E+2	0.0000000E+0
1.6875000E+1	6.2100227E+1	6.0200792E+1	0.0000000E+0	0.0000000E+0	1.0000000E+2	0.0000000E+0
1.6925000E+1	6.2069541E+1	6.0185435E+1	0.0000000E+0	0.0000000E+0	1.0000000E+2	0.0000000E+0
1.6976000E+1	6.2044813E+1	6.0189736E+1	0.0000000E+0	0.0000000E+0	1.0000000E+2	0.0000000E+0
1.7026000E+1	6.2021183E+1	6.0183584E+1	0.0000000E+0	0.0000000E+0	1.0000000E+2	0.0000000E+0
1.7077000E+1	6.2043405E+1	6.0185420E+1	0.0000000E+0	0.0000000E+0	1.0000000E+2	0.0000000E+0
1.7127000E+1	6.2028010E+1	6.0173677E+1	0.0000000E+0	0.0000000E+0	1.0000000E+2	0.0000000E+0
1.7177000E+1	6.2013519E+1	6.0157484E+1	0.0000000E+0	0.0000000E+0	1.0000000E+2	0.0000000E+0
1.7228000E+1	6.2024043E+1	6.0151818E+1	0.0000000E+0	0.0000000E+0	1.0000000E+2	0.0000000E+0
1.7279000E+1	6.2031392E+1	6.0148945E+1	0.0000000E+0	0.0000000E+0	1.0000000E+2	0.0000000E+0
1.7329000E+1	6.2024208E+1	6.0142121E+1	0.0000000E+0	0.0000000E+0	1.0000000E+2	0.0000000E+0
1.7379000E+1	6.2026831E+1	6.0147024E+1	0.0000000E+0	0.0000000E+0	1.0000000E+2	0.0000000E+0
1.7430000E+1	6.2034183E+1	6.0134978E+1	0.0000000E+0	0.0000000E+0	1.0000000E+2	0.0000000E+0
1.7480000E+1	6.2038460E+1	6.0124777E+1	0.0000000E+0	0.0000000E+0	1.0000000E+2	0.0000000E+0
1.7530000E+1	6.2055535E+1	6.0140556E+1	0.0000000E+0	0.0000000E+0	1.0000000E+2	0.0000000E+0
1.7580000E+1	6.2064044E+1	6.0134229E+1	0.0000000E+0	0.0000000E+0	1.0000000E+2	0.0000000E+0
1.7631000E+1	6.2064992E+1	6.0138936E+1	0.0000000E+0	0.0000000E+0	1.0000000E+2	0.0000000E+0
1.7682000E+1	6.2057061E+1	6.0132355E+1	0.0000000E+0	0.0000000E+0	1.0000000E+2	0.0000000E+0
1.7732000E+1	6.2050926E+1	6.0134966E+1	0.0000000E+0	0.0000000E+0	1.0000000E+2	0.0000000E+0
1.7782000E+1	6.2032123E+1	6.0119663E+1	0.0000000E+0	0.0000000E+0	1.0000000E+2	0.0000000E+0
1.7832000E+1	6.2040754E+1	6.0120768E+1	0.0000000E+0	0.0000000E+0	1.0000000E+2	0.0000000E+0
1.7882000E+1	6.2037106E+1	6.0121164E+1	0.0000000E+0	0.0000000E+0	1.0000000E+2	0.0000000E+0
1.7932000E+1	6.2045496E+1	6.0118006E+1	0.0000000E+0	0.0000000E+0	1.0000000E+2	0.0000000E+0
1.7982000E+1	6.2032520E+1	6.0109996E+1	0.0000000E+0	0.0000000E+0	1.0000000E+2	0.0000000E+0
1.8032000E+1	6.2025905E+1	6.0108487E+1	0.0000000E+0	0.0000000E+0	1.0000000E+2	0.0000000E+0
1.8082000E+1	6.2021405E+1	6.0094969E+1	0.0000000E+0	0.0000000E+0	1.0000000E+2	0.0000000E+0
1.8133000E+1	6.2015546E+1	6.0091666E+1	0.0000000E+0	0.0000000E+0	1.0000000E+2	0.0000000E+0
1.8184000E+1	6.1979209E+1	6.0091608E+1	0.0000000E+0	0.0000000E+0	1.0000000E+2	0.0000000E+0
1.8234000E+1	6.1962301E+1	6.0089471E+1	0.0000000E+0	0.0000000E+0	1.0000000E+2	0.0000000E+0
1.8284000E+1	6.1980252E+1	6.0075814E+1	0.0000000E+0	0.0000000E+0	1.0000000E+2	0.0000000E+0
1.8334000E+1	6.2004024E+1	6.0081152E+1	0.0000000E+0	0.0000000E+0	1.0000000E+2	0.0000000E+0
1.8384000E+1	6.2000623E+1	6.0073512E+1	0.0000000E+0	0.0000000E+0	1.0000000E+2	0.0000000E+0
1.8434000E+1	6.1999168E+1	6.0062249E+1	0.0000000E+0	0.0000000E+0	1.0000000E+2	0.0000000E+0
1.8484000E+1	6.1986317E+1	6.0058863E+1	0.0000000E+0	0.0000000E+0	1.0000000E+2	0.0000000E+0
1.8534000E+1	6.1974049E+1	6.0041710E+1	0.0000000E+0	0.0000000E+0	1.0000000E+2	0.0000000E+0
1.8584000E+1	6.1938526E+1	6.0032770E+1	0.0000000E+0	0.0000000E+0	1.0000000E+2	0.0000000E+0
1.8634000E+1	6.1941576E+1	6.0042032E+1	0.0000000E+0	0.0000000E+0	1.0000000E+2	0.0000000E+0
1.8684000E+1	6.1958837E+1	6.0038401E+1	0.0000000E+0	0.0000000E+0	1.0000000E+2	0.0000000E+0
1.8734000E+1	6.1937098E+1	6.0027885E+1	0.0000000E+0	0.0000000E+0	1.0000000E+2	0.0000000E+0
1.8784000E+1	6.1949123E+1	6.0034831E+1	0.0000000E+0	0.0000000E+0	1.0000000E+2	0.0000000E+0
1.8834000E+1	6.1965249E+1	6.0028766E+1	0.0000000E+0	0.0000000E+0	1.0000000E+2	0.0000000E+0
1.8884000E+1	6.1959488E+1	6.0025092E+1	0.0000000E+0	0.0000000E+0	1.0000000E+2	0.0000000E+0
1.8934000E+1	6.1936095E+1	6.0018500E+1	0.0000000E+0	0.0000000E+0	1.0000000E+2	0.0000000E+0
1.8984000E+1	6.1958610E+1	6.0034398E+1	0.0000000E+0	0.0000000E+0	1.0000000E+2	0.0000000E+0
1.9034000E+1	6.1939648E+1	6.0015140E+1	0.0000000E+0	0.0000000E+0	1.0000000E+2	0.0000000E+0
1.9085000E+1	6.1972851E+1	6.0025027E+1	0.0000000E+0	0.0000000E+0	1.0000000E+2	0.0000000E+0
1.9135000E+1	6.1967300E+1	6.0014345E+1	0.0000000E+0	0.0000000E+0	1.0000000E+2	0.0000000E+0
1.9186000E+1	6.1961679E+1	6.0005012E+1	0.0000000E+0	0.0000000E+0	1.0000000E+2	0.0000000E+0
1.9236000E+1	6.1953815E+1	5.9998022E+1	0.0000000E+0	0.0000000E+0	1.0000000E+2	0.0000000E+0
1.9286000E+1	6.1957397E+1	6.0000030E+1	0.0000000E+0	0.0000000E+0	1.0000000E+2	0.0000000E+0
1.9336000E+1	6.1929947E+1	5.9997418E+1	0.0000000E+0	0.0000000E+0	1.0000000E+2	0.0000000E+0
1.9386000E+1	6.1912002E+1	5.9989610E+1	0.0000000E+0	0.0000000E+0	1.0000000E+2	0.0000000E+0
1.9436000E+1	6.1898360E+1	5.9983711E+1	0.0000000E+0	0.0000000E+0	1.0000000E+2	0.0000000E+0
1.9487000E+1	6.1869141E+1	5.9977822E+1	0.0000000E+0	0.0000000E+0	1.0000000E+2	0.0000000E+0
1.9538000E+1	6.1847059E+1	5.9981574E+1	0.0000000E+0	0.0000000E+0	1.0000000E+2	0.0000000E+0
1.9588000E+1	6.1862043E+1	5.9977678E+1	0.0000000E+0	0.0000000E+0	1.0000000E+2	0.0000000E+0
1.9638000E+1	6.1882087E+1	5.9979598E+1	0.0000000E+0	0.0000000E+0	1.0000000E+2	0.0000000E+0
1.9689000E+1	6.1878841E+1	5.9982480E+1	0.0000000E+0	0.0000000E+0	1.0000000E+2	0.0000000E+0
1.9739000E+1	6.1894594E+1	5.9979452E+1	0.0000000E+0	0.0000000E+0	1.0000000E+2	0.0000000E+0
1.9790000E+1	6.1914889E+1	5.9989920E+1	0.0000000E+0	0.0000000E+0	1.0000000E+2	0.0000000E+0
1.9840000E+1	6.1910265E+1	5.9975731E+1	0.0000000E+0	0.0000000E+0	1.0000000E+2	0.0000000E+0
1.9890000E+1	6.1907646E+1	5.9984647E+1	0.0000000E+0	0.0000000E+0	1.0000000E+2	0.0000000E+0
1.9940000E+1	6.1891126E+1	5.9965959E+1	0.0000000E+0	0.0000000E+0	1.0000000E+2	0.0000000E+0
1.9991000E+1	6.1888893E+1	5.9960490E+1	0.0000000E+0	0.0000000E+0	1.0000000E+2	0.0000000E+0
2.0041000E+1	6.1888659E+1	5.9957397E+1	0.0000000E+0	0.0000000E+0	1.0000000E+2	0.0000000E+0
2.0091000E+1	6.1883168E+1	5.9956085E+1	0.0000000E+0	0.0000000E+0	1.0000000E+2	0.0000000E+0
2.0141000E+1	6.1864061E+1	5.9951667E+1	0.0000000E+0	0.0000000E+0	1.0000000E+2	0.0000000E+0
2.0191000E+1	6.1866990E+1	5.9947191E+1	0.0000000E+0	0.0000000E+0	1.0000000E+2	0.0000000E+0
2.0242000E+1	6.1852198E+1	5.9941709E+1	0.0000000E+0	0.0000000E+0	1.0000000E+2	0.0000000E+0
2.0292000E+1	6.1858599E+1	5.9929703E+1	0.0000000E+0	0.0000000E+0	1.0000000E+2	0.0000000E+0
2.0342000E+1	6.1869239E+1	5.9930211E+1	0.0000000E+0	0.0000000E+0	1.0000000E+2	0.0000000E+0
2.0392000E+1	6.1880413E+1	5.9940011E+1	0.0000000E+0	0.0000000E+0	1.0000000E+2	0.0000000E+0
2.0442000E+1	6.1886112E+1	5.9934136E+1	0.0000000E+0	0.0000000E+0	1.0000000E+2	0.0000000E+0
2.0492000E+1	6.1888634E+1	5.9934408E+1	0.0000000E+0	0.0000000E+0	1.0000000E+2	0.0000000E+0
2.0542000E+1	6.1891610E+1	5.9935073E+1	0.0000000E+0	0.0000000E+0	1.0000000E+2	0.0000000E+0
2.0592000E+1	6.1906731E+1	5.9922872E+1	0.0000000E+0	0.0000000E+0	1.0000000E+2	0.0000000E+0
2.0642000E+1	6.1895766E+1	5.9909143E+1	0.0000000E+0	0.0000000E+0	1.0000000E+2	0.0000000E+0
2.0692000E+1	6.1903218E+1	5.9910996E+1	0.0000000E+0	0.0000000E+0	1.0000000E+2	0.0000000E+0
2.0742000E+1	6.1890518E+1	5.9910470E+1	0.0000000E+0	0.0000000E+0	1.0000000E+2	0.0000000E+0
2.0794000E+1	6.1872224E+1	5.9916559E+1	0.0000000E+0	0.0000000E+0	1.0000000E+2	0.0000000E+0
2.0844000E+1	6.1856165E+1	5.9905045E+1	0.0000000E+0	0.0000000E+0	1.0000000E+2	0.0000000E+0
2.0894000E+1	6.1852968E+1	5.9905481E+1	0.0000000E+0	0.0000000E+0	1.0000000E+2	0.0000000E+0
2.0944000E+1	6.1842475E+1	5.9893590E+1	0.0000000E+0	0.0000000E+0	1.0000000E+2	0.0000000E+0
2.0994000E+1	6.1854619E+1	5.9894475E+1	0.0000000E+0	0.0000000E+0	1.0000000E+2	0.0000000E+0
2.1044000E+1	6.1847546E+1	5.9894991E+1	0.0000000E+0	0.0000000E+0	1.0000000E+2	0.0000000E+0
2.1094000E+1	6.1846181E+1	5.9887267E+1	0.0000000E+0	0.0000000E+0	1.0000000E+2	0.0000000E+0
2.1144000E+1	6.1855012E+1	5.9887877E+1	0.0000000E+0	0.0000000E+0	1.0000000E+2	0.0000000E+0
2.1194000E+1	6.1854061E+1	5.9886960E+1	0.0000000E+0	0.0000000E+0	1.0000000E+2	0.0000000E+0
2.1244000E+1	6.1861313E+1	5.9890834E+1	0.0000000E+0	0.0000000E+0	1.0000000E+2	0.0000000E+0
2.1295000E+1	6.1842667E+1	5.9898243E+1	0.0000000E+0	0.0000000E+0	1.0000000E+2	0.0000000E+0
2.1345000E+1	6.1819369E+1	5.9889131E+1	0.0000000E+0	0.0000000E+0	1.0000000E+2	0.0000000E+0
2.1395000E+1	6.1835069E+1	5.9896861E+1	0.0000000E+0	0.0000000E+0	1.0000000E+2	0.0000000E+0
2.1445000E+1	6.1825097E+1	5.9883866E+1	0.0000000E+0	0.0000000E+0	1.0000000E+2	0.0000000E+0
2.1495000E+1	6.1825926E+1	5.9895587E+1	0.0000000E+0	0.0000000E+0	1.0000000E+2	0.0000000E+0
2.1545000E+1	6.1828293E+1	5.9906430E+1	0.0000000E+0	0.0000000E+0	1.0000000E+2	0.0000000E+0
2.1595000E+1	6.1825223E+1	5.9904210E+1	0.0000000E+0	0.0000000E+0	1.0000000E+2	0.0000000E+0
2.1645000E+1	6.1840976E+1	5.9901855E+1	0.0000000E+0	0.0000000E+0	1.0000000E+2	0.0000000E+0
2.1695000E+1	6.1845835E+1	5.9911854E+1	0.0000000E+0	0.0000000E+0	1.0000000E+2	0.0000000E+0
2.1745000E+1	6.1841341E+1	5.9914060E+1	0.0000000E+0	0.0000000E+0	1.0000000E+2	0.0000000E+0
2.1795000E+1	6.1811200E+1	5.9906730E+1	0.0000000E+0	0.0000000E+0	1.0000000E+2	0.0000000E+0
2.1845000E+1	6.1793480E+1	5.9900128E+1	0.0000000E+0	0.0000000E+0	1.0000000E+2	0.0000000E+0
2.1895000E+1	6.1798532E+1	5.9904436E+1	0.0000000E+0	0.0000000E+0	1.0000000E+2	0.0000000E+0
2.1945000E+1	6.1808172E+1	5.9900240E+1	0.0000000E+0	0.0000000E+0	1.0000000E+2	0.0000000E+0
2.1995000E+1	6.1807364E+1	5.9903240E+1	0.0000000E+0	0.0000000E+0	1.0000000E+2	0.0000000E+0
2.2045000E+1	6.1790205E+1	5.9900129E+1	0.0000000E+0	0.0000000E+0	1.0000000E+2	0.0000000E+0
2.2095000E+1	6.1795955E+1	5.9919197E+1	0.0000000E+0	0.0000000E+0	1.0000000E+2	0.0000000E+0
2.2146000E+1	6.1783318E+1	5.9909956E+1	0.0000000E+0	0.0000000E+0	1.0000000E+2	0.0000000E+0
2.2196000E+1	6.1782588E+1	5.9916508E+1	0.0000000E+0	0.0000000E+0	1.0000000E+2	0.0000000E+0
2.2246000E+1	6.1771207E+1	5.9912506E+1	0.0000000E+0	0.0000000E+0	1.0000000E+2	0.0000000E+0
2.2296000E+1	6.1775691E+1	5.9920879E+1	0.0000000E+0	0.0000000E+0	1.0000000E+2	0.0000000E+0
2.2346000E+1	6.1789065E+1	5.9913450E+1	0.0000000E+0	0.0000000E+0	1.0000000E+2	0.0000000E+0
2.2396000E+1	6.1806259E+1	5.9916480E+1	0.0000000E+0	0.0000000E+0	1.0000000E+2	0.0000000E+0
2.2446000E+1	6.1815827E+1	5.9929646E+1	0.0000000E+0	0.0000000E+0	1.0000000E+2	0.0000000E+0
2.2496000E+1	6.1814958E+1	5.9905464E+1	0.0000000E+0	0.0000000E+0	1.0000000E+2	0.0000000E+0
2.2546000E+1	6.1839611E+1	5.9907533E+1	0.0000000E+0	0.0000000E+0	1.0000000E+2	0.0000000E+0
2.2596000E+1	6.1846367E+1	5.9907370E+1	0.0000000E+0	0.0000000E+0	1.0000000E+2	0.0000000E+0
2.2646000E+1	6.1879674E+1	5.9898774E+1	0.0000000E+0	0.0000000E+0	1.0000000E+2	0.0000000E+0
2.2696000E+1	6.1913828E+1	5.9906302E+1	0.0000000E+0	0.0000000E+0	1.0000000E+2	0.0000000E+0
2.2746000E+1	6.1940955E+1	5.9926858E+1	0.0000000E+0	0.0000000E+0	1.0000000E+2	0.0000000E+0
2.2796000E+1	6.1948222E+1	5.9907274E+1	0.0000000E+0	0.0000000E+0	1.0000000E+2	0.0000000E+0
2.2846000E+1	6.1962238E+1	5.9923403E+1	0.0000000E+0	0.0000000E+0	1.0000000E+2	0.0000000E+0
2.2896000E+1	6.1965627E+1	5.9893202E+1	0.0000000E+0	0.0000000E+0	1.0000000E+2	0.0000000E+0
2.2946000E+1	6.1981515E+1	5.9906122E+1	0.0000000E+0	0.0000000E+0	1.0000000E+2	0.0000000E+0
2.2996000E+1	6.1998097E+1	5.9909668E+1	0.0000000E+0	0.0000000E+0	1.0000000E+2	0.0000000E+0
2.3046000E+1	6.2029711E+1	5.9911507E+1	0.0000000E+0	0.0000000E+0	1.0000000E+2	0.0000000E+0
2.3096000E+1	6.2042335E+1	5.9910045E+1	0.0000000E+0	0.0000000E+0	1.0000000E+2	0.0000000E+0
2.3146000E+1	6.2032743E+1	5.9901098E+1	0.0000000E+0	0.0000000E+0	1.0000000E+2	0.0000000E+0
2.3196000E+1	6.2057061E+1	5.9920272E+1	0.0000000E+0	0.0000000E+0	1.0000000E+2	0.0000000E+0
2.3246000E+1	6.2064730E+1	5.9921276E+1	0.0000000E+0	0.0000000E+0	1.0000000E+2	0.0000000E+0
2.3296000E+1	6.2058782E+1	5.9919051E+1	0.0000000E+0	0.0000000E+0	1.0000000E+2	0.0000000E+0
2.3346000E+1	6.2075281E+1	5.9928280E+1	0.0000000E+0	0.0000000E+0	1.0000000E+2	0.0000000E+0
2.3396000E+1	6.2045793E+1	5.9926225E+1	0.0000000E+0	0.0000000E+0	1.0000000E+2	0.0000000E+0
2.3446000E+1	6.2047119E+1	5.9930383E+1	0.0000000E+0	0.0000000E+0	1.0000000E+2	0.0000000E+0
2.3496000E+1	6.2070807E+1	5.9939428E+1	0.0000000E+0	0.0000000E+0	1.0000000E+2	0.0000000E+0
2.3546000E+1	6.2091026E+1	5.9933726E+1	0.0000000E+0	0.0000000E+0	1.0000000E+2	0.0000000E+0
2.3596000E+1	6.2117729E+1	5.9933145E+1	0.0000000E+0	0.0000000E+0	1.0000000E+2	0.0000000E+0
2.3646000E+1	6.2132704E+1	5.9925716E+1	0.0000000E+0	0.0000000E+0	1.0000000E+2	0.0000000E+0
2.3696000E+1	6.2167147E+1	5.9939409E+1	0.0000000E+0	0.0000000E+0	1.0000000E+2	0.0000000E+0
2.3746000E+1	6.2182638E+1	5.9930400E+1	0.0000000E+0	0.0000000E+0	1.0000000E+2	0.0000000E+0
2.3796000E+1	6.2202521E+1	5.9947591E+1	0.0000000E+0	0.0000000E+0	1.0000000E+2	0.0000000E+0
2.3846000E+1	6.2203305E+1	5.9952287E+1	0.0000000E+0	0.0000000E+0	1.0000000E+2	0.0000000E+0
2.3896000E+1	6.2211514E+1	5.9946184E+1	0.0000000E+0	0.0000000E+0	1.0000000E+2	0.0000000E+0
2.3947000E+1	6.2207859E+1	5.9946282E+1	0.0000000E+0	0.0000000E+0	1.0000000E+2	0.0000000E+0
2.3997000E+1	6.2212571E+1	5.9972701E+1	0.0000000E+0	0.0000000E+0	1.0000000E+2	0.0000000E+0
2.4047000E+1	6.2212742E+1	5.9961527E+1	0.0000000E+0	0.0000000E+0	1.0000000E+2	0.0000000E+0
2.4097000E+1	6.2225860E+1	5.9959382E+1	0.0000000E+0	0.0000000E+0	1.0000000E+2	0.0000000E+0
2.4147000E+1	6.2213267E+1	5.9954372E+1	0.0000000E+0	0.0000000E+0	1.0000000E+2	0.0000000E+0
2.4198000E+1	6.2241110E+1	5.9965241E+1	0.0000000E+0	0.0000000E+0	1.0000000E+2	0.0000000E+0
2.4248000E+1	6.2269228E+1	5.9972225E+1	0.0000000E+0	0.0000000E+0	1.0000000E+2	0.0000000E+0
2.4298000E+1	6.2284741E+1	5.9975154E+1	0.0000000E+0	0.0000000E+0	1.0000000E+2	0.0000000E+0
2.4348000E+1	6.2292304E+1	5.9977087E+1	0.0000000E+0	0.0000000E+0	1.0000000E+2	0.0000000E+0
2.4398000E+1	6.2288349E+1	5.9957347E+1	0.0000000E+0	0.0000000E+0	1.0000000E+2	0.0000000E+0
2.4448000E+1	6.2322261E+1	5.9984928E+1	0.0000000E+0	0.0000000E+0	1.0000000E+2	0.0000000E+0
2.4498000E+1	6.2310912E+1	5.9985106E+1	0.0000000E+0	0.0000000E+0	1.0000000E+2	0.0000000E+0
2.4548000E+1	6.2316784E+1	5.9989076E+1	0.0000000E+0	0.0000000E+0	1.0000000E+2	0.0000000E+0
2.4598000E+1	6.2328151E+1	5.9988367E+1	0.0000000E+0	0.0000000E+0	1.0000000E+2	0.0000000E+0
2.4648000E+1	6.2320524E+1	5.9983479E+1	0.0000000E+0	0.0000000E+0	1.0000000E+2	0.0000000E+0
2.4698000E+1	6.2309534E+1	6.0000893E+1	0.0000000E+0	0.0000000E+0	1.0000000E+2	0.0000000E+0
2.4748000E+1	6.2306545E+1	5.9993954E+1	0.0000000E+0	0.0000000E+0	1.0000000E+2	0.0000000E+0
2.4798000E+1	6.2280307E+1	5.9994317E+1	0.0000000E+0	0.0000000E+0	1.0000000E+2	0.0000000E+0
2.4848000E+1	6.2271196E+1	5.9985459E+1	0.0000000E+0	0.0000000E+0	1.0000000E+2	0.0000000E+0
2.4898000E+1	6.2257378E+1	5.9987079E+1	0.0000000E+0	0.0000000E+0	1.0000000E+2	0.0000000E+0
2.4949000E+1	6.2259067E+1	5.9993673E+1	0.0000000E+0	0.0000000E+0	1.0000000E+2	0.0000000E+0
2.4999000E+1	6.2286543E+1	5.9999779E+1	0.0000000E+0	0.0000000E+0	1.0000000E+2	0.0000000E+0
2.5049000E+1	6.2277030E+1	5.9985640E+1	0.0000000E+0	0.0000000E+0	1.0000000E+2	0.0000000E+0
2.5099000E+1	6.2260533E+1	5.9973318E+1	0.0000000E+0	0.0000000E+0	1.0000000E+2	0.0000000E+0
2.5149000E+1	6.2268015E+1	5.9971513E+1	0.0000000E+0	0.0000000E+0	1.0000000E+2	0.0000000E+0
2.5199000E+1	6.2293694E+1	5.9976297E+1	0.0000000E+0	0.0000000E+0	1.0000000E+2	0.0000000E+0
2.5249000E+1	6.2302435E+1	5.9977406E+1	0.0000000E+0	0.0000000E+0	1.0000000E+2	0.0000000E+0
2.5299000E+1	6.2298449E+1	5.9982976E+1	0.0000000E+0	0.0000000E+0	1.0000000E+2	0.0000000E+0
2.5349000E+1	6.2279549E+1	5.9985194E+1	0.0000000E+0	0.0000000E+0	1.0000000E+2	0.0000000E+0
2.5399000E+1	6.2286595E+1	5.9982769E+1	0.0000000E+0	0.0000000E+0	1.0000000E+2	0.0000000E+0
2.5450000E+1	6.2275512E+1	5.9982025E+1	0.0000000E+0	0.0000000E+0	1.0000000E+2	0.0000000E+0
2.5500000E+1	6.2284039E+1	5.9976276E+1	0.0000000E+0	0.0000000E+0	1.0000000E+2	0.0000000E+0
2.5550000E+1	6.2320875E+1	5.9989473E+1	0.0000000E+0	0.0000000E+0	1.0000000E+2	0.0000000E+0
2.5600000E+1	6.2333815E+1	5.9980343E+1	0.0000000E+0	0.0000000E+0	1.0000000E+2	0.0000000E+0
2.5650000E+1	6.2355441E+1	6.0003126E+1	0.0000000E+0	0.0000000E+0	1.0000000E+2	0.0000000E+0
2.5700000E+1	6.2364550E+1	5.9998970E+1	0.0000000E+0	0.0000000E+0	1.0000000E+2	0.0000000E+0
2.5750000E+1	6.2372906E+1	5.9989237E+1	0.0000000E+0	0.0000000E+0	1.0000000E+2	0.0000000E+0
2.5800000E+1	6.2391070E+1	5.9986051E+1	0.0000000E+0	0.0000000E+0	1.0000000E+2	0.0000000E+0
2.5850000E+1	6.2414747E+1	5.9989450E+1	0.0000000E+0	0.0000000E+0	1.0000000E+2	0.0000000E+0
2.5900000E+1	6.2434449E+1	6.0003908E+1	0.0000000E+0	0.0000000E+0	1.0000000E+2	0.0000000E+0
2.5950000E+1	6.2447597E+1	5.9991185E+1	0.0000000E+0	0.0000000E+0	1.0000000E+2	0.0000000E+0
2.6000000E+1	6.2460745E+1	6.0003134E+1	0.0000000E+0	0.0000000E+0	1.0000000E+2	0.0000000E+0
2.6050000E+1	6.2439571E+1	5.9986380E+1	0.0000000E+0	0.0000000E+0	1.0000000E+2	0.0000000E+0
2.6100000E+1	6.2425288E+1	5.9987834E+1	0.0000000E+0	0.0000000E+0	1.0000000E+2	0.0000000E+0
2.6150000E+1	6.2411424E+1	5.9980800E+1	0.0000000E+0	0.0000000E+0	1.0000000E+2	0.0000000E+0
2.6200000E+1	6.2425820E+1	5.9985518E+1	0.0000000E+0	0.0000000E+0	1.0000000E+2	0.0000000E+0
2.6250000E+1	6.2441439E+1	5.9994361E+1	0.0000000E+0	0.0000000E+0	1.0000000E+2	0.0000000E+0
2.6301000E+1	6.2450383E+1	5.9981562E+1	0.0000000E+0	0.0000000E+0	1.0000000E+2	0.0000000E+0
2.6352000E+1	6.2453823E+1	5.9990238E+1	0.0000000E+0	0.0000000E+0	1.0000000E+2	0.0000000E+0
2.6403000E+1	6.2453672E+1	5.9997256E+1	0.0000000E+0	0.0000000E+0	1.0000000E+2	0.0000000E+0
2.6454000E+1	6.2464187E+1	5.9994303E+1	0.0000000E+0	0.0000000E+0	1.0000000E+2	0.0000000E+0
2.6504000E+1	6.2466727E+1	5.9998433E+1	0.0000000E+0	0.0000000E+0	1.0000000E+2	0.0000000E+0
2.6554000E+1	6.2474177E+1	6.0004223E+1	0.0000000E+0	0.0000000E+0	1.0000000E+2	0.0000000E+0
2.6604000E+1	6.2499644E+1	6.0011582E+1	0.0000000E+0	0.0000000E+0	1.0000000E+2	0.0000000E+0
2.6654000E+1	6.2511264E+1	6.0024738E+1	0.0000000E+0	0.0000000E+0	1.0000000E+2	0.0000000E+0
2.6704000E+1	6.2513898E+1	6.0035119E+1	0.0000000E+0	0.0000000E+0	1.0000000E+2	0.0000000E+0
2.6754000E+1	6.2506728E+1	6.0023804E+1	0.0000000E+0	0.0000000E+0	1.0000000E+2	0.0000000E+0
2.6804000E+1	6.2506664E+1	6.0012611E+1	0.0000000E+0	0.0000000E+0	1.0000000E+2	0.0000000E+0
2.6854000E+1	6.2518749E+1	6.0017110E+1	0.0000000E+0	0.0000000E+0	1.0000000E+2	0.0000000E+0
2.6904000E+1	6.2547539E+1	6.0014169E+1	0.0000000E+0	0.0000000E+0	1.0000000E+2	0.0000000E+0
2.6954000E+1	6.2550810E+1	6.0007519E+1	0.0000000E+0	0.0000000E+0	1.0000000E+2	0.0000000E+0
2.7004000E+1	6.2575237E+1	6.0009445E+1	0.0000000E+0	0.0000000E+0	1.0000000E+2	0.0000000E+0
2.7054000E+1	6.2600807E+1	6.0018120E+1	0.0000000E+0	0.0000000E+0	1.0000000E+2	0.0000000E+0
2.7105000E+1	6.2630214E+1	6.0022577E+1	0.0000000E+0	0.0000000E+0	1.0000000E+2	0.0000000E+0
2.7155000E+1	6.2656067E+1	6.0036007E+1	0.0000000E+0	0.0000000E+0	1.0000000E+2	0.0000000E+0
2.7206000E+1	6.2658428E+1	6.0035212E+1	0.0000000E+0	0.0000000E+0	1.0000000E+2	0.0000000E+0
2.7257000E+1	6.2640947E+1	6.0033390E+1	0.0000000E+0	0.0000000E+0	1.0000000E+2	0.0000000E+0
2.7307000E+1	6.2637692E+1	6.0022783E+1	0.0000000E+0	0.0000000E+0	1.0000000E+2	0.0000000E+0
2.7357000E+1	6.2639200E+1	6.0039304E+1	0.0000000E+0	0.0000000E+0	1.0000000E+2	0.0000000E+0
2.7408000E+1	6.2668496E+1	6.0034742E+1	0.0000000E+0	0.0000000E+0	1.0000000E+2	0.0000000E+0
2.7458000E+1	6.2678625E+1	6.0042984E+1	0.0000000E+0	0.0000000E+0	1.0000000E+2	0.0000000E+0
2.7509000E+1	6.2704294E+1	6.0038004E+1	0.0000000E+0	0.0000000E+0	1.0000000E+2	0.0000000E+0
2.7559000E+1	6.2695267E+1	6.0024153E+1	0.0000000E+0	0.0000000E+0	1.0000000E+2	0.0000000E+0
2.7609000E+1	6.2705212E+1	6.0025352E+1	0.0000000E+0	0.0000000E+0	1.0000000E+2	0.0000000E+0
2.7659000E+1	6.2688393E+1	6.0020928E+1	0.0000000E+0	0.0000000E+0	1.0000000E+2	0.0000000E+0
2.7709000E+1	6.2696471E+1	6.0027826E+1	0.0000000E+0	0.0000000E+0	1.0000000E+2	0.0000000E+0
2.7759000E+1	6.2671844E+1	6.0032337E+1	0.0000000E+0	0.0000000E+0	1.0000000E+2	0.0000000E+0
2.7809000E+1	6.2649528E+1	6.0035936E+1	0.0000000E+0	0.0000000E+0	1.0000000E+2	0.0000000E+0
2.7859000E+1	6.2670616E+1	6.0028432E+1	0.0000000E+0	0.0000000E+0	1.0000000E+2	0.0000000E+0
2.7909000E+1	6.2686161E+1	6.0023393E+1	0.0000000E+0	0.0000000E+0	1.0000000E+2	0.0000000E+0
2.7959000E+1	6.2709225E+1	6.0038194E+1	0.0000000E+0	0.0000000E+0	1.0000000E+2	0.0000000E+0
2.8009000E+1	6.2719818E+1	6.0038597E+1	0.0000000E+0	0.0000000E+0	1.0000000E+2	0.0000000E+0
2.8059000E+1	6.2723329E+1	6.0043665E+1	0.0000000E+0	0.0000000E+0	1.0000000E+2	0.0000000E+0
2.8110000E+1	6.2728279E+1	6.0045606E+1	0.0000000E+0	0.0000000E+0	1.0000000E+2	0.0000000E+0
2.8160000E+1	6.2742490E+1	6.0047641E+1	0.0000000E+0	0.0000000E+0	1.0000000E+2	0.0000000E+0
2.8210000E+1	6.2741690E+1	6.0039195E+1	0.0000000E+0	0.0000000E+0	1.0000000E+2	0.0000000E+0
2.8260000E+1	6.2734683E+1	6.0034820E+1	0.0000000E+0	0.0000000E+0	1.0000000E+2	0.0000000E+0
2.8311000E+1	6.2754064E+1	6.0039346E+1	0.0000000E+0	0.0000000E+0	1.0000000E+2	0.0000000E+0
2.8361000E+1	6.2774811E+1	6.0066469E+1	0.0000000E+0	0.0000000E+0	1.0000000E+2	0.0000000E+0
2.8412000E+1	6.2761749E+1	6.0050641E+1	0.0000000E+0	0.0000000E+0	1.0000000E+2	0.0000000E+0
2.8462000E+1	6.2780523E+1	6.0057061E+1	0.0000000E+0	0.0000000E+0	1.0000000E+2	0.0000000E+0
2.8513000E+1	6.2773619E+1	6.0065916E+1	0.0000000E+0	0.0000000E+0	1.0000000E+2	0.0000000E+0
2.8563000E+1	6.2748109E+1	6.0067576E+1	0.0000000E+0	0.0000000E+0	1.0000000E+2	0.0000000E+0
2.8613000E+1	6.2751119E+1	6.0057772E+1	0.0000000E+0	0.0000000E+0	1.0000000E+2	0.0000000E+0
2.8663000E+1	6.2764923E+1	6.0054586E+1	0.0000000E+0	0.0000000E+0	1.0000000E+2	0.0000000E+0
2.8713000E+1	6.2762544E+1	6.0066423E+1	0.0000000E+0	0.0000000E+0	1.0000000E+2	0.0000000E+0
2.8763000E+1	6.2746682E+1	6.0043019E+1	0.0000000E+0	0.0000000E+0	1.0000000E+2	0.0000000E+0
2.8813000E+1	6.2717890E+1	6.0039574E+1	0.0000000E+0	0.0000000E+0	1.0000000E+2	0.0000000E+0
2.8864000E+1	6.2729171E+1	6.0043811E+1	0.0000000E+0	0.0000000E+0	1.0000000E+2	0.0000000E+0
2.8915000E+1	6.2709969E+1	6.0047063E+1	0.0000000E+0	0.0000000E+0	1.0000000E+2	0.0000000E+0
2.8965000E+1	6.2732625E+1	6.0060518E+1	0.0000000E+0	0.0000000E+0	1.0000000E+2	0.0000000E+0
2.9016000E+1	6.2715279E+1	6.0052750E+1	0.0000000E+0	0.0000000E+0	1.0000000E+2	0.0000000E+0
2.9067000E+1	6.2727620E+1	6.0050535E+1	0.0000000E+0	0.0000000E+0	1.0000000E+2	0.0000000E+0
2.9117000E+1	6.2712103E+1	6.0059494E+1	0.0000000E+0	0.0000000E+0	1.0000000E+2	0.0000000E+0
2.9167000E+1	6.2721172E+1	6.0054704E+1	0.0000000E+0	0.0000000E+0	1.0000000E+2	0.0000000E+0
2.9217000E+1	6.2734174E+1	6.0056958E+1	0.0000000E+0	0.0000000E+0	1.0000000E+2	0.0000000E+0
2.9267000E+1	6.2757530E+1	6.0062612E+1	0.0000000E+0	0.0000000E+0	1.0000000E+2	0.0000000E+0
2.9317000E+1	6.2765324E+1	6.0072125E+1	0.0000000E+0	0.0000000E+0	1.0000000E+2	0.0000000E+0
2.9368000E+1	6.2778611E+1	6.0077194E+1	0.0000000E+0	0.0000000E+0	1.0000000E+2	0.0000000E+0
2.9419000E+1	6.2784902E+1	6.0092861E+1	0.0000000E+0	0.0000000E+0	1.0000000E+2	0.0000000E+0
2.9470000E+1	6.2774855E+1	6.0077479E+1	0.0000000E+0	0.0000000E+0	1.0000000E+2	0.0000000E+0
2.9520000E+1	6.2761270E+1	6.0074710E+1	0.0000000E+0	0.0000000E+0	1.0000000E+2	0.0000000E+0
2.9570000E+1	6.2773264E+1	6.0081856E+1	0.0000000E+0	0.0000000E+0	1.0000000E+2	0.0000000E+0
2.9620000E+1	6.2766771E+1	6.0092512E+1	0.0000000E+0	0.0000000E+0	1.0000000E+2	0.0000000E+0
2.9670000E+1	6.2718468E+1	6.0088611E+1	0.0000000E+0	0.0000000E+0	1.0000000E+2	0.0000000E+0
2.9720000E+1	6.2714040E+1	6.0086952E+1	0.0000000E+0	0.0000000E+0	1.0000000E+2	0.0000000E+0
2.9770000E+1	6.2701710E+1	6.0074404E+1	0.0000000E+0	0.0000000E+0	1.0000000E+2	0.0000000E+0
2.9820000E+1	6.2696813E+1	6.0065425E+1	0.0000000E+0	0.0000000E+0	1.0000000E+2	0.0000000E+0
2.9870000E+1	6.2707979E+1	6.0090885E+1	0.0000000E+0	0.0000000E+0	1.0000000E+2	0.0000000E+0
2.9920000E+1	6.2693565E+1	6.0080650E+1	0.0000000E+0	0.0000000E+0	1.0000000E+2	0.0000000E+0
2.9970000E+1	6.2679289E+1	6.0091099E+1	0.0000000E+0	0.0000000E+0	1.0000000E+2	0.0000000E+0
3.0020000E+1	6.2690645E+1	6.0110030E+1	0.0000000E+0	0.0000000E+0	1.0000000E+2	0.0000000E+0
3.0070000E+1	6.2656121E+1	6.0097194E+1	0.0000000E+0	0.0000000E+0	1.0000000E+2	0.0000000E+0
3.0120000E+1	6.2678699E+1	6.0096046E+1	0.0000000E+0	0.0000000E+0	1.0000000E+2	0.0000000E+0
3.0170000E+1	6.2673171E+1	6.0109514E+1	0.0000000E+0	0.0000000E+0	1.0000000E+2	0.0000000E+0
3.0221000E+1	6.2659332E+1	6.0105638E+1	0.0000000E+0	0.0000000E+0	1.0000000E+2	0.0000000E+0
3.0271000E+1	6.2662793E+1	6.0111630E+1	0.0000000E+0	0.0000000E+0	1.0000000E+2	0.0000000E+0
3.0322000E+1	6.2662419E+1	6.0111607E+1	0.0000000E+0	0.0000000E+0	1.0000000E+2	0.0000000E+0
3.0373000E+1	6.2635798E+1	6.0111663E+1	0.0000000E+0	0.0000000E+0	1.0000000E+2	0.0000000E+0
3.0423000E+1	6.2638222E+1	6.0108090E+1	0.0000000E+0	0.0000000E+0	1.0000000E+2	0.0000000E+0
3.0473000E+1	6.2618610E+1	6.0100565E+1	0.0000000E+0	0.0000000E+0	1.0000000E+2	0.0000000E+0
3.0524000E+1	6.2611694E+1	6.0116346E+1	0.0000000E+0	0.0000000E+0	1.0000000E+2	0.0000000E+0
3.0575000E+1	6.2600788E+1	6.0109330E+1	0.0000000E+0	0.0000000E+0	1.0000000E+2	0.0000000E+0
3.0625000E+1	6.2604342E+1	6.0112796E+1	0.0000000E+0	0.0000000E+0	1.0000000E+2	0.0000000E+0
3.0675000E+1	6.2611152E+1	6.0123948E+1	0.0000000E+0	0.0000000E+0	1.0000000E+2	0.0000000E+0
3.0725000E+1	6.2619142E+1	6.0123423E+1	0.0000000E+0	0.0000000E+0	1.0000000E+2	0.0000000E+0
3.0775000E+1	6.2595884E+1	6.0120722E+1	0.0000000E+0	0.0000000E+0	1.0000000E+2	0.0000000E+0
3.0825000E+1	6.2538848E+1	6.0112772E+1	0.0000000E+0	0.0000000E+0	1.0000000E+2	0.0000000E+0
3.0875000E+1	6.2543971E+1	6.0110196E+1	0.0000000E+0	0.0000000E+0	1.0000000E+2	0.0000000E+0
3.0925000E+1	6.2558738E+1	6.0120387E+1	0.0000000E+0	0.0000000E+0	1.0000000E+2	0.0000000E+0
3.0975000E+1	6.2557381E+1	6.0104159E+1	0.0000000E+0	0.0000000E+0	1.0000000E+2	0.0000000E+0
3.1025000E+1	6.2572266E+1	6.0123428E+1	0.0000000E+0	0.0000000E+0	1.0000000E+2	0.0000000E+0
3.1075000E+1	6.2560126E+1	6.0104879E+1	0.0000000E+0	0.0000000E+0	1.0000000E+2	0.0000000E+0
3.1125000E+1	6.2553221E+1	6.0118363E+1	0.0000000E+0	0.0000000E+0	1.0000000E+2	0.0000000E+0
3.1175000E+1	6.2558688E+1	6.0106025E+1	0.0000000E+0	0.0000000E+0	1.0000000E+2	0.0000000E+0
3.1225000E+1	6.2585765E+1	6.0117837E+1	0.0000000E+0	0.0000000E+0	1.0000000E+2	0.0000000E+0
3.1275000E+1	6.2597305E+1	6.0116845E+1	0.0000000E+0	0.0000000E+0	1.0000000E+2	0.0000000E+0
3.1325000E+1	6.2600029E+1	6.0118159E+1	0.0000000E+0	0.0000000E+0	1.0000000E+2	0.0000000E+0
3.1375000E+1	6.2606474E+1	6.0112491E+1	0.0000000E+0	0.0000000E+0	1.0000000E+2	0.0000000E+0
3.1425000E+1	6.2625832E+1	6.0120435E+1	0.0000000E+0	0.0000000E+0	1.0000000E+2	0.0000000E+0
3.1476000E+1	6.2649182E+1	6.0130481E+1	0.0000000E+0	0.0000000E+0	1.0000000E+2	0.0000000E+0
3.1526000E+1	6.2659133E+1	6.0130345E+1	0.0000000E+0	0.0000000E+0	1.0000000E+2	0.0000000E+0
3.1576000E+1	6.2666875E+1	6.0130489E+1	0.0000000E+0	0.0000000E+0	1.0000000E+2	0.0000000E+0
3.1626000E+1	6.2674044E+1	6.0137990E+1	0.0000000E+0	0.0000000E+0	1.0000000E+2	0.0000000E+0
3.1676000E+1	6.2688401E+1	6.0131806E+1	0.0000000E+0	0.0000000E+0	1.0000000E+2	0.0000000E+0
3.1726000E+1	6.2699668E+1	6.0123686E+1	0.0000000E+0	0.0000000E+0	1.0000000E+2	0.0000000E+0
3.1776000E+1	6.2707206E+1	6.0130924E+1	0.0000000E+0	0.0000000E+0	1.0000000E+2	0.0000000E+0
3.1827000E+1	6.2729588E+1	6.0130840E+1	0.0000000E+0	0.0000000E+0	1.0000000E+2	0.0000000E+0
3.1877000E+1	6.2754970E+1	6.0130314E+1	0.0000000E+0	0.0000000E+0	1.0000000E+2	0.0000000E+0
3.1927000E+1	6.2735014E+1	6.0112628E+1	0.0000000E+0	0.0000000E+0	1.0000000E+2	0.0000000E+0
3.1977000E+1	6.2719912E+1	6.0115369E+1	0.0000000E+0	0.0000000E+0	1.0000000E+2	0.0000000E+0
3.2027000E+1	6.2728178E+1	6.0119373E+1	0.0000000E+0	0.0000000E+0	1.0000000E+2	0.0000000E+0
3.2077000E+1	6.2755896E+1	6.0124250E+1	0.0000000E+0	0.0000000E+0	1.0000000E+2	0.0000000E+0
3.2128000E+1	6.2783185E+1	6.0136304E+1	0.0000000E+0	0.0000000E+0	1.0000000E+2	0.0000000E+0
3.2179000E+1	6.2806394E+1	6.0126510E+1	0.0000000E+0	0.0000000E+0	1.0000000E+2	0.0000000E+0
3.2230000E+1	6.2830280E+1	6.0124836E+1	0.0000000E+0	0.0000000E+0	1.0000000E+2	0.0000000E+0
3.2280000E+1	6.2871541E+1	6.0120147E+1	0.0000000E+0	0.0000000E+0	1.0000000E+2	0.0000000E+0
3.2330000E+1	6.2906316E+1	6.0131795E+1	0.0000000E+0	0.0000000E+0	1.0000000E+2	0.0000000E+0
3.2380000E+1	6.2919220E+1	6.0139796E+1	0.0000000E+0	0.0000000E+0	1.0000000E+2	0.0000000E+0
3.2431000E+1	6.2941317E+1	6.0155397E+1	0.0000000E+0	0.0000000E+0	1.0000000E+2	0.0000000E+0
3.2481000E+1	6.2946032E+1	6.0137293E+1	0.0000000E+0	0.0000000E+0	1.0000000E+2	0.0000000E+0
3.2532000E+1	6.2948365E+1	6.0121857E+1	0.0000000E+0	0.0000000E+0	1.0000000E+2	0.0000000E+0
3.2582000E+1	6.2980993E+1	6.0127965E+1	0.0000000E+0	0.0000000E+0	1.0000000E+2	0.0000000E+0
3.2632000E+1	6.3001980E+1	6.0134088E+1	0.0000000E+0	0.0000000E+0	1.0000000E+2	0.0000000E+0
3.2683000E+1	6.3010173E+1	6.0134432E+1	0.0000000E+0	0.0000000E+0	1.0000000E+2	0.0000000E+0
3.2733000E+1	6.3029223E+1	6.0129803E+1	0.0000000E+0	0.0000000E+0	1.0000000E+2	0.0000000E+0
3.2783000E+1	6.3026980E+1	6.0135270E+1	0.0000000E+0	0.0000000E+0	1.0000000E+2	0.0000000E+0
3.2833000E+1	6.3055467E+1	6.0136212E+1	0.0000000E+0	0.0000000E+0	1.0000000E+2	0.0000000E+0
3.2883000E+1	6.3037761E+1	6.0132064E+1	0.0000000E+0	0.0000000E+0	1.0000000E+2	0.0000000E+0
3.2933000E+1	6.3011000E+1	6.0128994E+1	0.0000000E+0	0.0000000E+0	1.0000000E+2	0.0000000E+0
3.2983000E+1	6.2995639E+1	6.0130827E+1	0.0000000E+0	0.0000000E+0	1.0000000E+2	0.0000000E+0
3.3033000E+1	6.2984748E+1	6.0127417E+1	0.0000000E+0	0.0000000E+0	1.0000000E+2	0.0000000E+0
3.3084000E+1	6.2975980E+1	6.0126664E+1	0.0000000E+0	0.0000000E+0	1.0000000E+2	0.0000000E+0
3.3134000E+1	6.2932848E+1	6.0121894E+1	0.0000000E+0	0.0000000E+0	1.0000000E+2	0.0000000E+0
3.3184000E+1	6.2930407E+1	6.0126642E+1	0.0000000E+0	0.0000000E+0	1.0000000E+2	0.0000000E+0
3.3234000E+1	6.2942194E+1	6.0136562E+1	0.0000000E+0	0.0000000E+0	1.0000000E+2	0.0000000E+0
3.3284000E+1	6.2954948E+1	6.0145681E+1	0.0000000E+0	0.0000000E+0	1.0000000E+2	0.0000000E+0
3.3334000E+1	6.2932119E+1	6.0131276E+1	0.0000000E+0	0.0000000E+0	1.0000000E+2	0.0000000E+0
3.3384000E+1	6.2935519E+1	6.0126203E+1	0.0000000E+0	0.0000000E+0	1.0000000E+2	0.0000000E+0
3.3434000E+1	6.2936781E+1	6.0135938E+1	0.0000000E+0	0.0000000E+0	1.0000000E+2	0.0000000E+0
3.3484000E+1	6.2921336E+1	6.0125656E+1	0.0000000E+0	0.0000000E+0	1.0000000E+2	0.0000000E+0
3.3534000E+1	6.2926934E+1	6.0139466E+1	0.0000000E+0	0.0000000E+0	1.0000000E+2	0.0000000E+0
3.3584000E+1	6.2911183E+1	6.0134877E+1	0.0000000E+0	0.0000000E+0	1.0000000E+2	0.0000000E+0
3.3634000E+1	6.2893666E+1	6.0112224E+1	0.0000000E+0	0.0000000E+0	1.0000000E+2	0.0000000E+0
3.3684000E+1	6.2889654E+1	6.0135734E+1	0.0000000E+0	0.0000000E+0	1.0000000E+2	0.0000000E+0
3.3734000E+1	6.2885749E+1	6.0120298E+1	0.0000000E+0	0.0000000E+0	1.0000000E+2	0.0000000E+0
3.3784000E+1	6.2875042E+1	6.0123394E+1	0.0000000E+0	0.0000000E+0	1.0000000E+2	0.0000000E+0
3.3834000E+1	6.2882435E+1	6.0125699E+1	0.0000000E+0	0.0000000E+0	1.0000000E+2	0.0000000E+0
3.3885000E+1	6.2878240E+1	6.0123004E+1	0.0000000E+0	0.0000000E+0	1.0000000E+2	0.0000000E+0
3.3936000E+1	6.2896739E+1	6.0130417E+1	0.0000000E+0	0.0000000E+0	1.0000000E+2	0.0000000E+0
3.3986000E+1	6.2883416E+1	6.0132389E+1	0.0000000E+0	0.0000000E+0	1.0000000E+2	0.0000000E+0
3.4037000E+1	6.2880302E+1	6.0126688E+1	0.0000000E+0	0.0000000E+0	1.0000000E+2	0.0000000E+0
3.4087000E+1	6.2890454E+1	6.0126952E+1	0.0000000E+0	0.0000000E+0	1.0000000E+2	0.0000000E+0
3.4137000E+1	6.2882836E+1	6.0110337E+1	0.0000000E+0	0.0000000E+0	1.0000000E+2	0.0000000E+0
3.4188000E+1	6.2883827E+1	6.0122285E+1	0.0000000E+0	0.0000000E+0	1.0000000E+2	0.0000000E+0
3.4238000E+1	6.2833128E+1	6.0118744E+1	0.0000000E+0	0.0000000E+0	1.0000000E+2	0.0000000E+0
3.4288000E+1	6.2819236E+1	6.0117848E+1	0.0000000E+0	0.0000000E+0	1.0000000E+2	0.0000000E+0
3.4338000E+1	6.2829486E+1	6.0105153E+1	0.0000000E+0	0.0000000E+0	1.0000000E+2	0.0000000E+0
3.4388000E+1	6.2839777E+1	6.0128412E+1	0.0000000E+0	0.0000000E+0	1.0000000E+2	0.0000000E+0
3.4439000E+1	6.2845778E+1	6.0126399E+1	0.0000000E+0	0.0000000E+0	1.0000000E+2	0.0000000E+0
3.4489000E+1	6.2854444E+1	6.0133119E+1	0.0000000E+0	0.0000000E+0	1.0000000E+2	0.0000000E+0
3.4539000E+1	6.2881314E+1	6.0134581E+1	0.0000000E+0	0.0000000E+0	1.0000000E+2	0.0000000E+0
3.4589000E+1	6.2890110E+1	6.0134138E+1	0.0000000E+0	0.0000000E+0	1.0000000E+2	0.0000000E+0
3.4639000E+1	6.2912496E+1	6.0128294E+1	0.0000000E+0	0.0000000E+0	1.0000000E+2	0.0000000E+0
3.4689000E+1	6.2947103E+1	6.0128118E+1	0.0000000E+0	0.0000000E+0	1.0000000E+2	0.0000000E+0
3.4739000E+1	6.2973626E+1	6.0151849E+1	0.0000000E+0	0.0000000E+0	1.0000000E+2	0.0000000E+0
3.4789000E+1	6.2984724E+1	6.0141163E+1	0.0000000E+0	0.0000000E+0	1.0000000E+2	0.0000000E+0
3.4840000E+1	6.2997430E+1	6.0141104E+1	0.0000000E+0	0.0000000E+0	1.0000000E+2	0.0000000E+0
3.4890000E+1	6.3017584E+1	6.0137811E+1	0.0000000E+0	0.0000000E+0	1.0000000E+2	0.0000000E+0
3.4941000E+1	6.3064907E+1	6.0138710E+1	0.0000000E+0	0.0000000E+0	1.0000000E+2	0.0000000E+0
3.4992000E+1	6.3099721E+1	6.0137154E+1	0.0000000E+0	0.0000000E+0	1.0000000E+2	0.0000000E+0
3.5042000E+1	6.3147349E+1	6.0141359E+1	0.0000000E+0	0.0000000E+0	1.0000000E+2	0.0000000E+0
3.5092000E+1	6.3163532E+1	6.0137104E+1	0.0000000E+0	0.0000000E+0	1.0000000E+2	0.0000000E+0
3.5142000E+1	6.3200256E+1	6.0143130E+1	0.0000000E+0	0.0000000E+0	1.0000000E+2	0.0000000E+0
3.5193000E+1	6.3225733E+1	6.0142858E+1	0.0000000E+0	0.0000000E+0	1.0000000E+2	0.0000000E+0
3.5243000E+1	6.3254849E+1	6.0139234E+1	0.0000000E+0	0.0000000E+0	1.0000000E+2	0.0000000E+0
3.5293000E+1	6.3248328E+1	6.0139742E+1	0.0000000E+0	0.0000000E+0	1.0000000E+2	0.0000000E+0
3.5343000E+1	6.3249909E+1	6.0143901E+1	0.0000000E+0	0.0000000E+0	1.0000000E+2	0.0000000E+0
3.5393000E+1	6.3282864E+1	6.0143119E+1	0.0000000E+0	0.0000000E+0	1.0000000E+2	0.0000000E+0
3.5443000E+1	6.3318034E+1	6.0141350E+1	0.0000000E+0	0.0000000E+0	1.0000000E+2	0.0000000E+0
3.5493000E+1	6.3346232E+1	6.0144682E+1	0.0000000E+0	0.0000000E+0	1.0000000E+2	0.0000000E+0
3.5544000E+1	6.3374531E+1	6.0152434E+1	0.0000000E+0	0.0000000E+0	1.0000000E+2	0.0000000E+0
3.5594000E+1	6.3383606E+1	6.0131668E+1	0.0000000E+0	0.0000000E+0	1.0000000E+2	0.0000000E+0
3.5644000E+1	6.3398112E+1	6.0146218E+1	0.0000000E+0	0.0000000E+0	1.0000000E+2	0.0000000E+0
3.5695000E+1	6.3405639E+1	6.0138388E+1	0.0000000E+0	0.0000000E+0	1.0000000E+2	0.0000000E+0
3.5745000E+1	6.3424896E+1	6.0151324E+1	0.0000000E+0	0.0000000E+0	1.0000000E+2	0.0000000E+0
3.5795000E+1	6.3434199E+1	6.0131806E+1	0.0000000E+0	0.0000000E+0	1.0000000E+2	0.0000000E+0
3.5845000E+1	6.3454539E+1	6.0135820E+1	0.0000000E+0	0.0000000E+0	1.0000000E+2	0.0000000E+0
3.5895000E+1	6.3456559E+1	6.0137922E+1	0.0000000E+0	0.0000000E+0	1.0000000E+2	0.0000000E+0
3.5945000E+1	6.3457835E+1	6.0125173E+1	0.0000000E+0	0.0000000E+0	1.0000000E+2	0.0000000E+0
3.5995000E+1	6.3475009E+1	6.0145540E+1	0.0000000E+0	0.0000000E+0	1.0000000E+2	0.0000000E+0
3.6045000E+1	6.3459401E+1	6.0137211E+1	0.0000000E+0	0.0000000E+0	1.0000000E+2	0.0000000E+0
3.6095000E+1	6.3472734E+1	6.0145835E+1	0.0000000E+0	0.0000000E+0	1.0000000E+2	0.0000000E+0
3.6145000E+1	6.3479366E+1	6.0139076E+1	0.0000000E+0	0.0000000E+0	1.0000000E+2	0.0000000E+0
3.6195000E+1	6.3495056E+1	6.0144138E+1	0.0000000E+0	0.0000000E+0	1.0000000E+2	0.0000000E+0
3.6245000E+1	6.3503029E+1	6.0144715E+1	0.0000000E+0	0.0000000E+0	1.0000000E+2	0.0000000E+0
3.6295000E+1	6.3510102E+1	6.0141600E+1	0.0000000E+0	0.0000000E+0	1.0000000E+2	0.0000000E+0
3.6345000E+1	6.3526312E+1	6.0140754E+1	0.0000000E+0	0.0000000E+0	1.0000000E+2	0.0000000E+0
3.6395000E+1	6.3490469E+1	6.0141133E+1	0.0000000E+0	0.0000000E+0	1.0000000E+2	0.0000000E+0
3.6445000E+1	6.3472723E+1	6.0146397E+1	0.0000000E+0	0.0000000E+0	1.0000000E+2	0.0000000E+0
3.6495000E+1	6.3471791E+1	6.0127306E+1	0.0000000E+0	0.0000000E+0	1.0000000E+2	0.0000000E+0
3.6545000E+1	6.3477684E+1	6.0121670E+1	0.0000000E+0	0.0000000E+0	1.0000000E+2	0.0000000E+0
3.6595000E+1	6.3501440E+1	6.0130455E+1	0.0000000E+0	0.0000000E+0	1.0000000E+2	0.0000000E+0
3.6645000E+1	6.3513434E+1	6.0125836E+1	0.0000000E+0	0.0000000E+0	1.0000000E+2	0.0000000E+0
3.6695000E+1	6.3510891E+1	6.0132545E+1	0.0000000E+0	0.0000000E+0	1.0000000E+2	0.0000000E+0
3.6746000E+1	6.3517340E+1	6.0137512E+1	0.0000000E+0	0.0000000E+0	1.0000000E+2	0.0000000E+0
3.6797000E+1	6.3510805E+1	6.0127513E+1	0.0000000E+0	0.0000000E+0	1.0000000E+2	0.0000000E+0
3.6847000E+1	6.3502856E+1	6.0126046E+1	0.0000000E+0	0.0000000E+0	1.0000000E+2	0.0000000E+0
3.6897000E+1	6.3518494E+1	6.0137655E+1	0.0000000E+0	0.0000000E+0	1.0000000E+2	0.0000000E+0
3.6947000E+1	6.3531795E+1	6.0137971E+1	0.0000000E+0	0.0000000E+0	1.0000000E+2	0.0000000E+0
3.6997000E+1	6.3539705E+1	6.0141609E+1	0.0000000E+0	0.0000000E+0	1.0000000E+2	0.0000000E+0
3.7047000E+1	6.3540652E+1	6.0158207E+1	0.0000000E+0	0.0000000E+0	1.0000000E+2	0.0000000E+0
3.7097000E+1	6.3517416E+1	6.0135457E+1	0.0000000E+0	0.0000000E+0	1.0000000E+2	0.0000000E+0
3.7147000E+1	6.3508922E+1	6.0146854E+1	0.0000000E+0	0.0000000E+0	1.0000000E+2	0.0000000E+0
3.7197000E+1	6.3524513E+1	6.0153860E+1	0.0000000E+0	0.0000000E+0	1.0000000E+2	0.0000000E+0
3.7247000E+1	6.3505760E+1	6.0160304E+1	0.0000000E+0	0.0000000E+0	1.0000000E+2	0.0000000E+0
3.7299000E+1	6.3494728E+1	6.0151864E+1	0.0000000E+0	0.0000000E+0	1.0000000E+2	0.0000000E+0
3.7349000E+1	6.3499979E+1	6.0170005E+1	0.0000000E+0	0.0000000E+0	1.0000000E+2	0.0000000E+0
3.7399000E+1	6.3489850E+1	6.0165817E+1	0.0000000E+0	0.0000000E+0	1.0000000E+2	0.0000000E+0
3.7449000E+1	6.3462210E+1	6.0161277E+1	0.0000000E+0	0.0000000E+0	1.0000000E+2	0.0000000E+0
3.7499000E+1	6.3449966E+1	6.0164944E+1	0.0000000E+0	0.0000000E+0	1.0000000E+2	0.0000000E+0
3.7549000E+1	6.3408033E+1	6.0154047E+1	0.0000000E+0	0.0000000E+0	1.0000000E+2	0.0000000E+0
3.7599000E+1	6.3372158E+1	6.0160561E+1	0.0000000E+0	0.0000000E+0	1.0000000E+2	0.0000000E+0
3.7649000E+1	6.3356289E+1	6.0155627E+1	0.0000000E+0	0.0000000E+0	1.0000000E+2	0.0000000E+0
3.7699000E+1	6.3341183E+1	6.0162079E+1	0.0000000E+0	0.0000000E+0	1.0000000E+2	0.0000000E+0
3.7749000E+1	6.3341891E+1	6.0164601E+1	0.0000000E+0	0.0000000E+0	1.0000000E+2	0.0000000E+0
3.7801000E+1	6.3309294E+1	6.0159120E+1	0.0000000E+0	0.0000000E+0	1.0000000E+2	0.0000000E+0
3.7851000E+1	6.3312773E+1	6.0175574E+1	0.0000000E+0	0.0000000E+0	1.0000000E+2	0.0000000E+0
3.7901000E+1	6.3290590E+1	6.0168522E+1	0.0000000E+0	0.0000000E+0	1.0000000E+2	0.0000000E+0
3.7952000E+1	6.3272588E+1	6.0177522E+1	0.0000000E+0	0.0000000E+0	1.0000000E+2	0.0000000E+0
3.8003000E+1	6.3246601E+1	6.0146793E+1	0.0000000E+0	0.0000000E+0	1.0000000E+2	0.0000000E+0
3.8053000E+1	6.3231734E+1	6.0155635E+1	0.0000000E+0	0.0000000E+0	1.0000000E+2	0.0000000E+0
3.8103000E+1	6.3215935E+1	6.0148883E+1	0.0000000E+0	0.0000000E+0	1.0000000E+2	0.0000000E+0
3.8153000E+1	6.3235640E+1	6.0154272E+1	0.0000000E+0	0.0000000E+0	1.0000000E+2	0.0000000E+0
3.8203000E+1	6.3238007E+1	6.0142799E+1	0.0000000E+0	0.0000000E+0	1.0000000E+2	0.0000000E+0
3.8253000E+1	6.3226324E+1	6.0145966E+1	0.0000000E+0	0.0000000E+0	1.0000000E+2	0.0000000E+0
3.8303000E+1	6.3217812E+1	6.0150880E+1	0.0000000E+0	0.0000000E+0	1.0000000E+2	0.0000000E+0
3.8353000E+1	6.3203793E+1	6.0152732E+1	0.0000000E+0	0.0000000E+0	1.0000000E+2	0.0000000E+0
3.8403000E+1	6.3190093E+1	6.0144012E+1	0.0000000E+0	0.0000000E+0	1.0000000E+2	0.0000000E+0
3.8453000E+1	6.3177310E+1	6.0135229E+1	0.0000000E+0	0.0000000E+0	1.0000000E+2	0.0000000E+0
3.8503000E+1	6.3175140E+1	6.0146332E+1	0.0000000E+0	0.0000000E+0	1.0000000E+2	0.0000000E+0
3.8553000E+1	6.3167402E+1	6.0147017E+1	0.0000000E+0	0.0000000E+0	1.0000000E+2	0.0000000E+0
3.8604000E+1	6.3159425E+1	6.0136945E+1	0.0000000E+0	0.0000000E+0	1.0000000E+2	0.0000000E+0
3.8654000E+1	6.3150230E+1	6.0144581E+1	0.0000000E+0	0.0000000E+0	1.0000000E+2	0.0000000E+0
3.8704000E+1	6.3095037E+1	6.0143587E+1	0.0000000E+0	0.0000000E+0	1.0000000E+2	0.0000000E+0
3.8754000E+1	6.3078528E+1	6.0154365E+1	0.0000000E+0	0.0000000E+0	1.0000000E+2	0.0000000E+0
3.8804000E+1	6.3050765E+1	6.0130666E+1	0.0000000E+0	0.0000000E+0	1.0000000E+2	0.0000000E+0
3.8854000E+1	6.3048990E+1	6.0140845E+1	0.0000000E+0	0.0000000E+0	1.0000000E+2	0.0000000E+0
3.8904000E+1	6.3033848E+1	6.0126915E+1	0.0000000E+0	0.0000000E+0	1.0000000E+2	0.0000000E+0
3.8954000E+1	6.3040907E+1	6.0141920E+1	0.0000000E+0	0.0000000E+0	1.0000000E+2	0.0000000E+0
3.9005000E+1	6.3026193E+1	6.0136352E+1	0.0000000E+0	0.0000000E+0	1.0000000E+2	0.0000000E+0
3.9055000E+1	6.3028816E+1	6.0129507E+1	0.0000000E+0	0.0000000E+0	1.0000000E+2	0.0000000E+0
3.9105000E+1	6.3018018E+1	6.0134659E+1	0.0000000E+0	0.0000000E+0	1.0000000E+2	0.0000000E+0
3.9156000E+1	6.3016145E+1	6.0137641E+1	0.0000000E+0	0.0000000E+0	1.0000000E+2	0.0000000E+0
3.9206000E+1	6.3002611E+1	6.0124504E+1	0.0000000E+0	0.0000000E+0	1.0000000E+2	0.0000000E+0
3.9257000E+1	6.3006623E+1	6.0135105E+1	0.0000000E+0	0.0000000E+0	1.0000000E+2	0.0000000E+0
3.9307000E+1	6.3003372E+1	6.0135180E+1	0.0000000E+0	0.0000000E+0	1.0000000E+2	0.0000000E+0
3.9357000E+1	6.3002669E+1	6.0143550E+1	0.0000000E+0	0.0000000E+0	1.0000000E+2	0.0000000E+0
3.9407000E+1	6.2995514E+1	6.0130377E+1	0.0000000E+0	0.0000000E+0	1.0000000E+2	0.0000000E+0
3.9457000E+1	6.3010340E+1	6.0138236E+1	0.0000000E+0	0.0000000E+0	1.0000000E+2	0.0000000E+0
3.9507000E+1	6.3027020E+1	6.0145059E+1	0.0000000E+0	0.0000000E+0	1.0000000E+2	0.0000000E+0
3.9557000E+1	6.3017171E+1	6.0135678E+1	0.0000000E+0	0.0000000E+0	1.0000000E+2	0.0000000E+0
3.9607000E+1	6.3030619E+1	6.0143122E+1	0.0000000E+0	0.0000000E+0	1.0000000E+2	0.0000000E+0
3.9657000E+1	6.3021208E+1	6.0159424E+1	0.0000000E+0	0.0000000E+0	1.0000000E+2	0.0000000E+0
3.9707000E+1	6.3029508E+1	6.0147832E+1	0.0000000E+0	0.0000000E+0	1.0000000E+2	0.0000000E+0
3.9757000E+1	6.3030365E+1	6.0156389E+1	0.0000000E+0	0.0000000E+0	1.0000000E+2	0.0000000E+0
3.9807000E+1	6.3027550E+1	6.0148465E+1	0.0000000E+0	0.0000000E+0	1.0000000E+2	0.0000000E+0
3.9857000E+1	6.2994112E+1	6.0154564E+1	0.0000000E+0	0.0000000E+0	1.0000000E+2	0.0000000E+0
3.9907000E+1	6.2963866E+1	6.0128984E+1	0.0000000E+0	0.0000000E+0	1.0000000E+2	0.0000000E+0
3.9957000E+1	6.2980273E+1	6.0129018E+1	0.0000000E+0	0.0000000E+0	1.0000000E+2	0.0000000E+0
4.0007000E+1	6.2973209E+1	6.0128271E+1	0.0000000E+0	0.0000000E+0	1.0000000E+2	0.0000000E+0
4.0057000E+1	6.2983018E+1	6.0129665E+1	0.0000000E+0	0.0000000E+0	1.0000000E+2	0.0000000E+0
4.0107000E+1	6.3017756E+1	6.0141574E+1	0.0000000E+0	0.0000000E+0	1.0000000E+2	0.0000000E+0
4.0157000E+1	6.3007484E+1	6.0148733E+1	0.0000000E+0	0.0000000E+0	1.0000000E+2	0.0000000E+0
4.0208000E+1	6.3007493E+1	6.0149551E+1	0.0000000E+0	0.0000000E+0	1.0000000E+2	0.0000000E+0
4.0258000E+1	6.3003837E+1	6.0143202E+1	0.0000000E+0	0.0000000E+0	1.0000000E+2	0.0000000E+0
4.0308000E+1	6.2986037E+1	6.0121493E+1	0.0000000E+0	0.0000000E+0	1.0000000E+2	0.0000000E+0
4.0358000E+1	6.2981856E+1	6.0134037E+1	0.0000000E+0	0.0000000E+0	1.0000000E+2	0.0000000E+0
4.0409000E+1	6.2967360E+1	6.0131746E+1	0.0000000E+0	0.0000000E+0	1.0000000E+2	0.0000000E+0
4.0459000E+1	6.2957016E+1	6.0140356E+1	0.0000000E+0	0.0000000E+0	1.0000000E+2	0.0000000E+0
4.0509000E+1	6.2936107E+1	6.0129600E+1	0.0000000E+0	0.0000000E+0	1.0000000E+2	0.0000000E+0
4.0559000E+1	6.2942015E+1	6.0135343E+1	0.0000000E+0	0.0000000E+0	1.0000000E+2	0.0000000E+0
4.0610000E+1	6.2942778E+1	6.0128245E+1	0.0000000E+0	0.0000000E+0	1.0000000E+2	0.0000000E+0
4.0661000E+1	6.2951680E+1	6.0125732E+1	0.0000000E+0	0.0000000E+0	1.0000000E+2	0.0000000E+0
4.0711000E+1	6.2968663E+1	6.0148262E+1	0.0000000E+0	0.0000000E+0	1.0000000E+2	0.0000000E+0
4.0761000E+1	6.2970280E+1	6.0143722E+1	0.0000000E+0	0.0000000E+0	1.0000000E+2	0.0000000E+0
4.0811000E+1	6.2967057E+1	6.0140728E+1	0.0000000E+0	0.0000000E+0	1.0000000E+2	0.0000000E+0
4.0862000E+1	6.2974282E+1	6.0153118E+1	0.0000000E+0	0.0000000E+0	1.0000000E+2	0.0000000E+0
4.0912000E+1	6.2984896E+1	6.0143422E+1	0.0000000E+0	0.0000000E+0	1.0000000E+2	0.0000000E+0
4.0962000E+1	6.2943047E+1	6.0158492E+1	0.0000000E+0	0.0000000E+0	1.0000000E+2	0.0000000E+0
4.1012000E+1	6.2924477E+1	6.0144604E+1	0.0000000E+0	0.0000000E+0	1.0000000E+2	0.0000000E+0
4.1062000E+1	6.2922492E+1	6.0149885E+1	0.0000000E+0	0.0000000E+0	1.0000000E+2	0.0000000E+0
4.1113000E+1	6.2931270E+1	6.0143098E+1	0.0000000E+0	0.0000000E+0	1.0000000E+2	0.0000000E+0
4.1163000E+1	6.2940531E+1	6.0159453E+1	0.0000000E+0	0.0000000E+0	1.0000000E+2	0.0000000E+0
4.1213000E+1	6.2925229E+1	6.0157582E+1	0.0000000E+0	0.0000000E+0	1.0000000E+2	0.0000000E+0
4.1264000E+1	6.2912012E+1	6.0148146E+1	0.0000000E+0	0.0000000E+0	1.0000000E+2	0.0000000E+0
4.1314000E+1	6.2906441E+1	6.0142337E+1	0.0000000E+0	0.0000000E+0	1.0000000E+2	0.0000000E+0
4.1364000E+1	6.2899117E+1	6.0146639E+1	0.0000000E+0	0.0000000E+0	1.0000000E+2	0.0000000E+0
4.1414000E+1	6.2897971E+1	6.0155501E+1	0.0000000E+0	0.0000000E+0	1.0000000E+2	0.0000000E+0
4.1464000E+1	6.2918299E+1	6.0156606E+1	0.0000000E+0	0.0000000E+0	1.0000000E+2	0.0000000E+0
4.1514000E+1	6.2911975E+1	6.0137877E+1	0.0000000E+0	0.0000000E+0	1.0000000E+2	0.0000000E+0
4.1564000E+1	6.2960656E+1	6.0167442E+1	0.0000000E+0	0.0000000E+0	1.0000000E+2	0.0000000E+0
4.1614000E+1	6.2920703E+1	6.0135847E+1	0.0000000E+0	0.0000000E+0	1.0000000E+2	0.0000000E+0
4.1665000E+1	6.2920332E+1	6.0138236E+1	0.0000000E+0	0.0000000E+0	1.0000000E+2	0.0000000E+0
4.1715000E+1	6.2932186E+1	6.0143393E+1	0.0000000E+0	0.0000000E+0	1.0000000E+2	0.0000000E+0
4.1765000E+1	6.2923276E+1	6.0133235E+1	0.0000000E+0	0.0000000E+0	1.0000000E+2	0.0000000E+0
4.1815000E+1	6.2924821E+1	6.0146642E+1	0.0000000E+0	0.0000000E+0	1.0000000E+2	0.0000000E+0
4.1865000E+1	6.2922417E+1	6.0143654E+1	0.0000000E+0	0.0000000E+0	1.0000000E+2	0.0000000E+0
4.1915000E+1	6.2939716E+1	6.0153400E+1	0.0000000E+0	0.0000000E+0	1.0000000E+2	0.0000000E+0
4.1965000E+1	6.2936287E+1	6.0147026E+1	0.0000000E+0	0.0000000E+0	1.0000000E+2	0.0000000E+0
4.2015000E+1	6.2957668E+1	6.0154458E+1	0.0000000E+0	0.0000000E+0	1.0000000E+2	0.0000000E+0
4.2065000E+1	6.2939124E+1	6.0152826E+1	0.0000000E+0	0.0000000E+0	1.0000000E+2	0.0000000E+0
4.2115000E+1	6.2922413E+1	6.0165766E+1	0.0000000E+0	0.0000000E+0	1.0000000E+2	0.0000000E+0
4.2165000E+1	6.2920324E+1	6.0161059E+1	0.0000000E+0	0.0000000E+0	1.0000000E+2	0.0000000E+0
4.2215000E+1	6.2945453E+1	6.0172878E+1	0.0000000E+0	0.0000000E+0	1.0000000E+2	0.0000000E+0
4.2265000E+1	6.2953789E+1	6.0173300E+1	0.0000000E+0	0.0000000E+0	1.0000000E+2	0.0000000E+0
4.2316000E+1	6.2994732E+1	6.0174128E+1	0.0000000E+0	0.0000000E+0	1.0000000E+2	0.0000000E+0
4.2366000E+1	6.2965984E+1	6.0173116E+1	0.0000000E+0	0.0000000E+0	1.0000000E+2	0.0000000E+0
4.2416000E+1	6.2974708E+1	6.0160689E+1	0.0000000E+0	0.0000000E+0	1.0000000E+2	0.0000000E+0
4.2466000E+1	6.2980713E+1	6.0170468E+1	0.0000000E+0	0.0000000E+0	1.0000000E+2	0.0000000E+0
4.2517000E+1	6.2994397E+1	6.0180185E+1	0.0000000E+0	0.0000000E+0	1.0000000E+2	0.0000000E+0
4.2567000E+1	6.2974902E+1	6.0167320E+1	0.0000000E+0	0.0000000E+0	1.0000000E+2	0.0000000E+0
4.2617000E+1	6.2976121E+1	6.0145348E+1	0.0000000E+0	0.0000000E+0	1.0000000E+2	0.0000000E+0
4.2667000E+1	6.2976171E+1	6.0145433E+1	0.0000000E+0	0.0000000E+0	1.0000000E+2	0.0000000E+0
4.2717000E+1	6.2997360E+1	6.0162829E+1	0.0000000E+0	0.0000000E+0	1.0000000E+2	0.0000000E+0
4.2768000E+1	6.2991868E+1	6.0164419E+1	0.0000000E+0	0.0000000E+0	1.0000000E+2	0.0000000E+0
4.2818000E+1	6.2972665E+1	6.0160753E+1	0.0000000E+0	0.0000000E+0	1.0000000E+2	0.0000000E+0
4.2868000E+1	6.2962337E+1	6.0160337E+1	0.0000000E+0	0.0000000E+0	1.0000000E+2	0.0000000E+0
4.2918000E+1	6.2978901E+1	6.0162931E+1	0.0000000E+0	0.0000000E+0	1.0000000E+2	0.0000000E+0
4.2969000E+1	6.2993895E+1	6.0162924E+1	0.0000000E+0	0.0000000E+0	1.0000000E+2	0.0000000E+0
4.3020000E+1	6.2999193E+1	6.0181577E+1	0.0000000E+0	0.0000000E+0	1.0000000E+2	0.0000000E+0
4.3070000E+1	6.3008818E+1	6.0186183E+1	0.0000000E+0	0.0000000E+0	1.0000000E+2	0.0000000E+0
4.3120000E+1	6.3001214E+1	6.0186351E+1	0.0000000E+0	0.0000000E+0	1.0000000E+2	0.0000000E+0
4.3170000E+1	6.3004065E+1	6.0190687E+1	0.0000000E+0	0.0000000E+0	1.0000000E+2	0.0000000E+0
4.3220000E+1	6.2997431E+1	6.0190556E+1	0.0000000E+0	0.0000000E+0	1.0000000E+2	0.0000000E+0
4.3270000E+1	6.2945252E+1	6.0177536E+1	0.0000000E+0	0.0000000E+0	1.0000000E+2	0.0000000E+0
4.3320000E+1	6.2949617E+1	6.0181710E+1	0.0000000E+0	0.0000000E+0	1.0000000E+2	0.0000000E+0
4.3370000E+1	6.2965771E+1	6.0187179E+1	0.0000000E+0	0.0000000E+0	1.0000000E+2	0.0000000E+0
4.3420000E+1	6.2976814E+1	6.0192744E+1	0.0000000E+0	0.0000000E+0	1.0000000E+2	0.0000000E+0
4.3470000E+1	6.2988876E+1	6.0191467E+1	0.0000000E+0	0.0000000E+0	1.0000000E+2	0.0000000E+0
4.3520000E+1	6.2983080E+1	6.0178968E+1	0.0000000E+0	0.0000000E+0	1.0000000E+2	0.0000000E+0
4.3570000E+1	6.2987861E+1	6.0186393E+1	0.0000000E+0	0.0000000E+0	1.0000000E+2	0.0000000E+0
4.3620000E+1	6.3021116E+1	6.0204075E+1	0.0000000E+0	0.0000000E+0	1.0000000E+2	0.0000000E+0
4.3670000E+1	6.3005651E+1	6.0201792E+1	0.0000000E+0	0.0000000E+0	1.0000000E+2	0.0000000E+0
4.3721000E+1	6.3011358E+1	6.0195547E+1	0.0000000E+0	0.0000000E+0	1.0000000E+2	0.0000000E+0
4.3771000E+1	6.3030636E+1	6.0213432E+1	0.0000000E+0	0.0000000E+0	1.0000000E+2	0.0000000E+0
4.3821000E+1	6.3028683E+1	6.0208233E+1	0.0000000E+0	0.0000000E+0	1.0000000E+2	0.0000000E+0
4.3871000E+1	6.3037925E+1	6.0221313E+1	0.0000000E+0	0.0000000E+0	1.0000000E+2	0.0000000E+0
4.3921000E+1	6.3033463E+1	6.0226560E+1	0.0000000E+0	0.0000000E+0	1.0000000E+2	0.0000000E+0
4.3971000E+1	6.3041876E+1	6.0211678E+1	0.0000000E+0	0.0000000E+0	1.0000000E+2	0.0000000E+0
4.4021000E+1	6.3043576E+1	6.0226070E+1	0.0000000E+0	0.0000000E+0	1.0000000E+2	0.0000000E+0
4.4071000E+1	6.3058930E+1	6.0233458E+1	0.0000000E+0	0.0000000E+0	1.0000000E+2	0.0000000E+0
4.4121000E+1	6.3067409E+1	6.0243508E+1	0.0000000E+0	0.0000000E+0	1.0000000E+2	0.0000000E+0
4.4172000E+1	6.3063017E+1	6.0245857E+1	0.0000000E+0	0.0000000E+0	1.0000000E+2	0.0000000E+0
4.4222000E+1	6.3046677E+1	6.0240241E+1	0.0000000E+0	0.0000000E+0	1.0000000E+2	0.0000000E+0
4.4272000E+1	6.3025320E+1	6.0238341E+1	0.0000000E+0	0.0000000E+0	1.0000000E+2	0.0000000E+0
4.4322000E+1	6.3019932E+1	6.0250056E+1	0.0000000E+0	0.0000000E+0	1.0000000E+2	0.0000000E+0
4.4372000E+1	6.3016751E+1	6.0268361E+1	0.0000000E+0	0.0000000E+0	1.0000000E+2	0.0000000E+0
4.4422000E+1	6.3004786E+1	6.0273393E+1	0.0000000E+0	0.0000000E+0	1.0000000E+2	0.0000000E+0
4.4472000E+1	6.3014247E+1	6.0289032E+1	0.0000000E+0	0.0000000E+0	1.0000000E+2	0.0000000E+0
4.4522000E+1	6.3000633E+1	6.0282892E+1	0.0000000E+0	0.0000000E+0	1.0000000E+2	0.0000000E+0
4.4572000E+1	6.3008472E+1	6.0296221E+1	0.0000000E+0	0.0000000E+0	1.0000000E+2	0.0000000E+0
4.4623000E+1	6.3003658E+1	6.0287638E+1	0.0000000E+0	0.0000000E+0	1.0000000E+2	0.0000000E+0
4.4673000E+1	6.3008480E+1	6.0275740E+1	0.0000000E+0	0.0000000E+0	1.0000000E+2	0.0000000E+0
4.4723000E+1	6.3013019E+1	6.0275343E+1	0.0000000E+0	0.0000000E+0	1.0000000E+2	0.0000000E+0
4.4773000E+1	6.3026774E+1	6.0273123E+1	0.0000000E+0	0.0000000E+0	1.0000000E+2	0.0000000E+0
4.4823000E+1	6.3039153E+1	6.0284402E+1	0.0000000E+0	0.0000000E+0	1.0000000E+2	0.0000000E+0
4.4873000E+1	6.3049794E+1	6.0295828E+1	0.0000000E+0	0.0000000E+0	1.0000000E+2	0.0000000E+0
4.4923000E+1	6.3037047E+1	6.0289748E+1	0.0000000E+0	0.0000000E+0	1.0000000E+2	0.0000000E+0
4.4974000E+1	6.3040611E+1	6.0287969E+1	0.0000000E+0	0.0000000E+0	1.0000000E+2	0.0000000E+0
4.5025000E+1	6.3024423E+1	6.0282666E+1	0.0000000E+0	0.0000000E+0	1.0000000E+2	0.0000000E+0
4.5075000E+1	6.3013473E+1	6.0284905E+1	0.0000000E+0	0.0000000E+0	1.0000000E+2	0.0000000E+0
4.5125000E+1	6.2996180E+1	6.0272302E+1	0.0000000E+0	0.0000000E+0	1.0000000E+2	0.0000000E+0
4.5175000E+1	6.2987125E+1	6.0266334E+1	0.0000000E+0	0.0000000E+0	1.0000000E+2	0.0000000E+0
4.5225000E+1	6.2944281E+1	6.0250571E+1	0.0000000E+0	0.0000000E+0	1.0000000E+2	0.0000000E+0
4.5275000E+1	6.2914736E+1	6.0251555E+1	0.0000000E+0	0.0000000E+0	1.0000000E+2	0.0000000E+0
4.5325000E+1	6.2918763E+1	6.0253425E+1	0.0000000E+0	0.0000000E+0	1.0000000E+2	0.0000000E+0
4.5375000E+1	6.2906487E+1	6.0240965E+1	0.0000000E+0	0.0000000E+0	1.0000000E+2	0.0000000E+0
4.5425000E+1	6.2875220E+1	6.0245731E+1	0.0000000E+0	0.0000000E+0	1.0000000E+2	0.0000000E+0
4.5475000E+1	6.2880414E+1	6.0253478E+1	0.0000000E+0	0.0000000E+0	1.0000000E+2	0.0000000E+0
4.5525000E+1	6.2881868E+1	6.0247977E+1	0.0000000E+0	0.0000000E+0	1.0000000E+2	0.0000000E+0
4.5575000E+1	6.2891880E+1	6.0268039E+1	0.0000000E+0	0.0000000E+0	1.0000000E+2	0.0000000E+0
4.5625000E+1	6.2896925E+1	6.0258333E+1	0.0000000E+0	0.0000000E+0	1.0000000E+2	0.0000000E+0
4.5675000E+1	6.2902477E+1	6.0264835E+1	0.0000000E+0	0.0000000E+0	1.0000000E+2	0.0000000E+0
4.5726000E+1	6.2902220E+1	6.0261886E+1	0.0000000E+0	0.0000000E+0	1.0000000E+2	0.0000000E+0
4.5776000E+1	6.2889748E+1	6.0253568E+1	0.0000000E+0	0.0000000E+0	1.0000000E+2	0.0000000E+0
4.5826000E+1	6.2894913E+1	6.0263893E+1	0.0000000E+0	0.0000000E+0	1.0000000E+2	0.0000000E+0
4.5876000E+1	6.2886813E+1	6.0265653E+1	0.0000000E+0	0.0000000E+0	1.0000000E+2	0.0000000E+0
4.5926000E+1	6.2894371E+1	6.0274158E+1	0.0000000E+0	0.0000000E+0	1.0000000E+2	0.0000000E+0
4.5976000E+1	6.2911640E+1	6.0279417E+1	0.0000000E+0	0.0000000E+0	1.0000000E+2	0.0000000E+0
4.6026000E+1	6.2903683E+1	6.0253317E+1	0.0000000E+0	0.0000000E+0	1.0000000E+2	0.0000000E+0
4.6076000E+1	6.2895754E+1	6.0267418E+1	0.0000000E+0	0.0000000E+0	1.0000000E+2	0.0000000E+0
4.6126000E+1	6.2907269E+1	6.0257246E+1	0.0000000E+0	0.0000000E+0	1.0000000E+2	0.0000000E+0
4.6176000E+1	6.2900730E+1	6.0249132E+1	0.0000000E+0	0.0000000E+0	1.0000000E+2	0.0000000E+0
4.6227000E+1	6.2881306E+1	6.0231108E+1	0.0000000E+0	0.0000000E+0	1.0000000E+2	0.0000000E+0
4.6278000E+1	6.2867712E+1	6.0246536E+1	0.0000000E+0	0.0000000E+0	1.0000000E+2	0.0000000E+0
4.6328000E+1	6.2869046E+1	6.0253060E+1	0.0000000E+0	0.0000000E+0	1.0000000E+2	0.0000000E+0
4.6378000E+1	6.2872177E+1	6.0245260E+1	0.0000000E+0	0.0000000E+0	1.0000000E+2	0.0000000E+0
4.6429000E+1	6.2884496E+1	6.0243510E+1	0.0000000E+0	0.0000000E+0	1.0000000E+2	0.0000000E+0
4.6480000E+1	6.2884787E+1	6.0233867E+1	0.0000000E+0	0.0000000E+0	1.0000000E+2	0.0000000E+0
4.6530000E+1	6.2910245E+1	6.0242478E+1	0.0000000E+0	0.0000000E+0	1.0000000E+2	0.0000000E+0
4.6580000E+1	6.2921050E+1	6.0250223E+1	0.0000000E+0	0.0000000E+0	1.0000000E+2	0.0000000E+0
4.6631000E+1	6.2943690E+1	6.0258262E+1	0.0000000E+0	0.0000000E+0	1.0000000E+2	0.0000000E+0
4.6681000E+1	6.2950124E+1	6.0254348E+1	0.0000000E+0	0.0000000E+0	1.0000000E+2	0.0000000E+0
4.6731000E+1	6.2971237E+1	6.0268535E+1	0.0000000E+0	0.0000000E+0	1.0000000E+2	0.0000000E+0
4.6781000E+1	6.2957127E+1	6.0264125E+1	0.0000000E+0	0.0000000E+0	1.0000000E+2	0.0000000E+0
4.6831000E+1	6.2932900E+1	6.0258700E+1	0.0000000E+0	0.0000000E+0	1.0000000E+2	0.0000000E+0
4.6881000E+1	6.2958475E+1	6.0272289E+1	0.0000000E+0	0.0000000E+0	1.0000000E+2	0.0000000E+0
4.6932000E+1	6.2965857E+1	6.0259625E+1	0.0000000E+0	0.0000000E+0	1.0000000E+2	0.0000000E+0
4.6982000E+1	6.2971654E+1	6.0253564E+1	0.0000000E+0	0.0000000E+0	1.0000000E+2	0.0000000E+0
4.7032000E+1	6.2966862E+1	6.0255207E+1	0.0000000E+0	0.0000000E+0	1.0000000E+2	0.0000000E+0
4.7082000E+1	6.2996561E+1	6.0248937E+1	0.0000000E+0	0.0000000E+0	1.0000000E+2	0.0000000E+0
4.7133000E+1	6.2975363E+1	6.0237157E+1	0.0000000E+0	0.0000000E+0	1.0000000E+2	0.0000000E+0
4.7183000E+1	6.2927133E+1	6.0233614E+1	0.0000000E+0	0.0000000E+0	1.0000000E+2	0.0000000E+0
4.7234000E+1	6.2909356E+1	6.0242299E+1	0.0000000E+0	0.0000000E+0	1.0000000E+2	0.0000000E+0
4.7284000E+1	6.2929006E+1	6.0241662E+1	0.0000000E+0	0.0000000E+0	1.0000000E+2	0.0000000E+0
4.7334000E+1	6.2935643E+1	6.0249934E+1	0.0000000E+0	0.0000000E+0	1.0000000E+2	0.0000000E+0
4.7384000E+1	6.2935594E+1	6.0245017E+1	0.0000000E+0	0.0000000E+0	1.0000000E+2	0.0000000E+0
4.7434000E+1	6.2939244E+1	6.0230568E+1	0.0000000E+0	0.0000000E+0	1.0000000E+2	0.0000000E+0
4.7484000E+1	6.2954623E+1	6.0244927E+1	0.0000000E+0	0.0000000E+0	1.0000000E+2	0.0000000E+0
4.7534000E+1	6.2952452E+1	6.0239414E+1	0.0000000E+0	0.0000000E+0	1.0000000E+2	0.0000000E+0
4.7584000E+1	6.2970029E+1	6.0243269E+1	0.0000000E+0	0.0000000E+0	1.0000000E+2	0.0000000E+0
4.7634000E+1	6.2960767E+1	6.0249065E+1	0.0000000E+0	0.0000000E+0	1.0000000E+2	0.0000000E+0
4.7684000E+1	6.2966263E+1	6.0237231E+1	0.0000000E+0	0.0000000E+0	1.0000000E+2	0.0000000E+0
4.7734000E+1	6.2958619E+1	6.0252758E+1	0.0000000E+0	0.0000000E+0	1.0000000E+2	0.0000000E+0
4.7784000E+1	6.2946368E+1	6.0274692E+1	0.0000000E+0	0.0000000E+0	1.0000000E+2	0.0000000E+0
4.7834000E+1	6.2922125E+1	6.0258863E+1	0.0000000E+0	0.0000000E+0	1.0000000E+2	0.0000000E+0
4.7884000E+1	6.2923099E+1	6.0260735E+1	0.0000000E+0	0.0000000E+0	1.0000000E+2	0.0000000E+0
4.7934000E+1	6.2922590E+1	6.0257834E+1	0.0000000E+0	0.0000000E+0	1.0000000E+2	0.0000000E+0
4.7984000E+1	6.2922228E+1	6.0258592E+1	0.0000000E+0	0.0000000E+0	1.0000000E+2	0.0000000E+0
4.8034000E+1	6.2916905E+1	6.0262685E+1	0.0000000E+0	0.0000000E+0	1.0000000E+2	0.0000000E+0
4.8084000E+1	6.2917411E+1	6.0264317E+1	0.0000000E+0	0.0000000E+0	1.0000000E+2	0.0000000E+0
4.8134000E+1	6.2934080E+1	6.0262994E+1	0.0000000E+0	0.0000000E+0	1.0000000E+2	0.0000000E+0
4.8184000E+1	6.2922066E+1	6.0280550E+1	0.0000000E+0	0.0000000E+0	1.0000000E+2	0.0000000E+0
4.8235000E+1	6.2905475E+1	6.0259373E+1	0.0000000E+0	0.0000000E+0	1.0000000E+2	0.0000000E+0
4.8285000E+1	6.2905019E+1	6.0269453E+1	0.0000000E+0	0.0000000E+0	1.0000000E+2	0.0000000E+0
4.8335000E+1	6.2918620E+1	6.0273581E+1	0.0000000E+0	0.0000000E+0	1.0000000E+2	0.0000000E+0
4.8385000E+1	6.2894302E+1	6.0273501E+1	0.0000000E+0	0.0000000E+0	1.0000000E+2	0.0000000E+0
4.8435000E+1	6.2899061E+1	6.0268320E+1	0.0000000E+0	0.0000000E+0	1.0000000E+2	0.0000000E+0
4.8485000E+1	6.2906561E+1	6.0269809E+1	0.0000000E+0	0.0000000E+0	1.0000000E+2	0.0000000E+0
4.8536000E+1	6.2893227E+1	6.0274415E+1	0.0000000E+0	0.0000000E+0	1.0000000E+2	0.0000000E+0
4.8586000E+1	6.2874526E+1	6.0282783E+1	0.0000000E+0	0.0000000E+0	1.0000000E+2	0.0000000E+0
4.8636000E+1	6.2856799E+1	6.0261690E+1	0.0000000E+0	0.0000000E+0	1.0000000E+2	0.0000000E+0
4.8687000E+1	6.2876005E+1	6.0273741E+1	0.0000000E+0	0.0000000E+0	1.0000000E+2	0.0000000E+0
4.8737000E+1	6.2897420E+1	6.0291040E+1	0.0000000E+0	0.0000000E+0	1.0000000E+2	0.0000000E+0
4.8787000E+1	6.2894857E+1	6.0273778E+1	0.0000000E+0	0.0000000E+0	1.0000000E+2	0.0000000E+0
4.8837000E+1	6.2897465E+1	6.0273756E+1	0.0000000E+0	0.0000000E+0	1.0000000E+2	0.0000000E+0
4.8888000E+1	6.2882446E+1	6.0284037E+1	0.0000000E+0	0.0000000E+0	1.0000000E+2	0.0000000E+0
4.8938000E+1	6.2882470E+1	6.0295033E+1	0.0000000E+0	0.0000000E+0	1.0000000E+2	0.0000000E+0
4.8989000E+1	6.2866073E+1	6.0279091E+1	0.0000000E+0	0.0000000E+0	1.0000000E+2	0.0000000E+0
4.9040000E+1	6.2882908E+1	6.0274093E+1	0.0000000E+0	0.0000000E+0	1.0000000E+2	0.0000000E+0
4.9091000E+1	6.2893964E+1	6.0288379E+1	0.0000000E+0	0.0000000E+0	1.0000000E+2	0.0000000E+0
4.9142000E+1	6.2880762E+1	6.0293853E+1	0.0000000E+0	0.0000000E+0	1.0000000E+2	0.0000000E+0
4.9193000E+1	6.2875334E+1	6.0277688E+1	0.0000000E+0	0.0000000E+0	1.0000000E+2	0.0000000E+0
4.9243000E+1	6.2869215E+1	6.0271865E+1	0.0000000E+0	0.0000000E+0	1.0000000E+2	0.0000000E+0
4.9294000E+1	6.2849772E+1	6.0251627E+1	0.0000000E+0	0.0000000E+0	1.0000000E+2	0.0000000E+0
4.9344000E+1	6.2845607E+1	6.0262830E+1	0.0000000E+0	0.0000000E+0	1.0000000E+2	0.0000000E+0
4.9394000E+1	6.2872593E+1	6.0264938E+1	0.0000000E+0	0.0000000E+0	1.0000000E+2	0.0000000E+0
4.9445000E+1	6.2874420E+1	6.0276435E+1	0.0000000E+0	0.0000000E+0	1.0000000E+2	0.0000000E+0
4.9495000E+1	6.2858873E+1	6.0281266E+1	0.0000000E+0	0.0000000E+0	1.0000000E+2	0.0000000E+0
4.9545000E+1	6.2816680E+1	6.0268457E+1	0.0000000E+0	0.0000000E+0	1.0000000E+2	0.0000000E+0
4.9595000E+1	6.2801061E+1	6.0269601E+1	0.0000000E+0	0.0000000E+0	1.0000000E+2	0.0000000E+0
4.9645000E+1	6.2787428E+1	6.0264050E+1	0.0000000E+0	0.0000000E+0	1.0000000E+2	0.0000000E+0
4.9695000E+1	6.2785814E+1	6.0252773E+1	0.0000000E+0	0.0000000E+0	1.0000000E+2	0.0000000E+0
4.9745000E+1	6.2792965E+1	6.0228155E+1	0.0000000E+0	0.0000000E+0	1.0000000E+2	0.0000000E+0
4.9795000E+1	6.2835559E+1	6.0249997E+1	0.0000000E+0	0.0000000E+0	1.0000000E+2	0.0000000E+0
4.9845000E+1	6.2840570E+1	6.0244806E+1	0.0000000E+0	0.0000000E+0	1.0000000E+2	0.0000000E+0
4.9895000E+1	6.2815426E+1	6.0219363E+1	0.0000000E+0	0.0000000E+0	1.0000000E+2	0.0000000E+0
4.9945000E+1	6.2822558E+1	6.0217669E+1	0.0000000E+0	0.0000000E+0	1.0000000E+2	0.0000000E+0
4.9995000E+1	6.2825192E+1	6.0224614E+1	0.0000000E+0	0.0000000E+0	1.0000000E+2	0.0000000E+0
5.0045000E+1	6.2810637E+1	6.0211234E+1	0.0000000E+0	0.0000000E+0	1.0000000E+2	0.0000000E+0
5.0096000E+1	6.2796840E+1	6.0204504E+1	0.0000000E+0	0.0000000E+0	1.0000000E+2	0.0000000E+0
5.0146000E+1	6.2805608E+1	6.0216838E+1	0.0000000E+0	0.0000000E+0	1.0000000E+2	0.0000000E+0
5.0196000E+1	6.2807299E+1	6.0207642E+1	0.0000000E+0	0.0000000E+0	1.0000000E+2	0.0000000E+0
5.0246000E+1	6.2826537E+1	6.0206911E+1	0.0000000E+0	0.0000000E+0	1.0000000E+2	0.0000000E+0
5.0296000E+1	6.2838784E+1	6.0214323E+1	0.0000000E+0	0.0000000E+0	1.0000000E+2	0.0000000E+0
5.0347000E+1	6.2844837E+1	6.0201395E+1	0.0000000E+0	0.0000000E+0	1.0000000E+2	0.0000000E+0
5.0397000E+1	6.2852971E+1	6.0216410E+1	0.0000000E+0	0.0000000E+0	1.0000000E+2	0.0000000E+0
5.0447000E+1	6.2860335E+1	6.0202421E+1	0.0000000E+0	0.0000000E+0	1.0000000E+2	0.0000000E+0
5.0497000E+1	6.2847709E+1	6.0203278E+1	0.0000000E+0	0.0000000E+0	1.0000000E+2	0.0000000E+0
5.0547000E+1	6.2841641E+1	6.0215826E+1	0.0000000E+0	0.0000000E+0	1.0000000E+2	0.0000000E+0
5.0597000E+1	6.2834489E+1	6.0227421E+1	0.0000000E+0	0.0000000E+0	1.0000000E+2	0.0000000E+0
5.0648000E+1	6.2838553E+1	6.0217328E+1	0.0000000E+0	0.0000000E+0	1.0000000E+2	0.0000000E+0
5.0698000E+1	6.2853290E+1	6.0212441E+1	0.0000000E+0	0.0000000E+0	1.0000000E+2	0.0000000E+0
5.0748000E+1	6.2870423E+1	6.0224158E+1	0.0000000E+0	0.0000000E+0	1.0000000E+2	0.0000000E+0
5.0799000E+1	6.2875019E+1	6.0228188E+1	0.0000000E+0	0.0000000E+0	1.0000000E+2	0.0000000E+0
5.0850000E+1	6.2886925E+1	6.0238153E+1	0.0000000E+0	0.0000000E+0	1.0000000E+2	0.0000000E+0
5.0900000E+1	6.2897965E+1	6.0239850E+1	0.0000000E+0	0.0000000E+0	1.0000000E+2	0.0000000E+0
5.0950000E+1	6.2904696E+1	6.0237771E+1	0.0000000E+0	0.0000000E+0	1.0000000E+2	0.0000000E+0
5.1000000E+1	6.2897160E+1	6.0238493E+1	0.0000000E+0	0.0000000E+0	1.0000000E+2	0.0000000E+0
5.1050000E+1	6.2907022E+1	6.0239743E+1	0.0000000E+0	0.0000000E+0	1.0000000E+2	0.0000000E+0
5.1100000E+1	6.2940654E+1	6.0254167E+1	0.0000000E+0	0.0000000E+0	1.0000000E+2	0.0000000E+0
5.1150000E+1	6.2936963E+1	6.0246708E+1	0.0000000E+0	0.0000000E+0	1.0000000E+2	0.0000000E+0
5.1200000E+1	6.2924696E+1	6.0251359E+1	0.0000000E+0	0.0000000E+0	1.0000000E+2	0.0000000E+0
5.1250000E+1	6.2934829E+1	6.0254051E+1	0.0000000E+0	0.0000000E+0	1.0000000E+2	0.0000000E+0
5.1300000E+1	6.2941472E+1	6.0267584E+1	0.0000000E+0	0.0000000E+0	1.0000000E+2	0.0000000E+0
5.1350000E+1	6.2947457E+1	6.0268464E+1	0.0000000E+0	0.0000000E+0	1.0000000E+2	0.0000000E+0
5.1400000E+1	6.2914593E+1	6.0265180E+1	0.0000000E+0	0.0000000E+0	1.0000000E+2	0.0000000E+0
5.1450000E+1	6.2919384E+1	6.0274907E+1	0.0000000E+0	0.0000000E+0	1.0000000E+2	0.0000000E+0
5.1500000E+1	6.2932049E+1	6.0283981E+1	0.0000000E+0	0.0000000E+0	1.0000000E+2	0.0000000E+0
5.1550000E+1	6.2928223E+1	6.0277815E+1	0.0000000E+0	0.0000000E+0	1.0000000E+2	0.0000000E+0
5.1600000E+1	6.2903468E+1	6.0284349E+1	0.0000000E+0	0.0000000E+0	1.0000000E+2	0.0000000E+0
5.1650000E+1	6.2905901E+1	6.0286920E+1	0.0000000E+0	0.0000000E+0	1.0000000E+2	0.0000000E+0
5.1700000E+1	6.2906149E+1	6.0289034E+1	0.0000000E+0	0.0000000E+0	1.0000000E+2	0.0000000E+0
5.1750000E+1	6.2910678E+1	6.0281722E+1	0.0000000E+0	0.0000000E+0	1.0000000E+2	0.0000000E+0
5.1800000E+1	6.2915811E+1	6.0278766E+1	0.0000000E+0	0.0000000E+0	1.0000000E+2	0.0000000E+0
5.1850000E+1	6.2922070E+1	6.0272828E+1	0.0000000E+0	0.0000000E+0	1.0000000E+2	0.0000000E+0
5.1900000E+1	6.2919979E+1	6.0280329E+1	0.0000000E+0	0.0000000E+0	1.0000000E+2	0.0000000E+0
5.1950000E+1	6.2908366E+1	6.0271810E+1	0.0000000E+0	0.0000000E+0	1.0000000E+2	0.0000000E+0
5.2000000E+1	6.2912852E+1	6.0283685E+1	0.0000000E+0	0.0000000E+0	1.0000000E+2	0.0000000E+0
5.2050000E+1	6.2899374E+1	6.0282907E+1	0.0000000E+0	0.0000000E+0	1.0000000E+2	0.0000000E+0
5.2100000E+1	6.2886911E+1	6.0269080E+1	0.0000000E+0	0.0000000E+0	1.0000000E+2	0.0000000E+0
5.2150000E+1	6.2884215E+1	6.0277069E+1	0.0000000E+0	0.0000000E+0	1.0000000E+2	0.0000000E+0
5.2200000E+1	6.2842259E+1	6.0251962E+1	0.0000000E+0	0.0000000E+0	1.0000000E+2	0.0000000E+0
5.2250000E+1	6.2849633E+1	6.0249694E+1	0.0000000E+0	0.0000000E+0	1.0000000E+2	0.0000000E+0
5.2300000E+1	6.2871218E+1	6.0248637E+1	0.0000000E+0	0.0000000E+0	1.0000000E+2	0.0000000E+0
5.2350000E+1	6.2879647E+1	6.0253490E+1	0.0000000E+0	0.0000000E+0	1.0000000E+2	0.0000000E+0
5.2400000E+1	6.2863433E+1	6.0247940E+1	0.0000000E+0	0.0000000E+0	1.0000000E+2	0.0000000E+0
5.2450000E+1	6.2870585E+1	6.0265111E+1	0.0000000E+0	0.0000000E+0	1.0000000E+2	0.0000000E+0
5.2500000E+1	6.2850329E+1	6.0261875E+1	0.0000000E+0	0.0000000E+0	1.0000000E+2	0.0000000E+0
5.2550000E+1	6.2820434E+1	6.0253808E+1	0.0000000E+0	0.0000000E+0	1.0000000E+2	0.0000000E+0
5.2600000E+1	6.2788274E+1	6.0260637E+1	0.0000000E+0	0.0000000E+0	1.0000000E+2	0.0000000E+0
5.2650000E+1	6.2771032E+1	6.0266396E+1	0.0000000E+0	0.0000000E+0	1.0000000E+2	0.0000000E+0
5.2700000E+1	6.2766459E+1	6.0260154E+1	0.0000000E+0	0.0000000E+0	1.0000000E+2	0.0000000E+0
5.2750000E+1	6.2766991E+1	6.0253856E+1	0.0000000E+0	0.0000000E+0	1.0000000E+2	0.0000000E+0
5.2800000E+1	6.2771416E+1	6.0264462E+1	0.0000000E+0	0.0000000E+0	1.0000000E+2	0.0000000E+0
5.2851000E+1	6.2771435E+1	6.0272439E+1	0.0000000E+0	0.0000000E+0	1.0000000E+2	0.0000000E+0
5.2901000E+1	6.2761696E+1	6.0268755E+1	0.0000000E+0	0.0000000E+0	1.0000000E+2	0.0000000E+0
5.2951000E+1	6.2755732E+1	6.0266214E+1	0.0000000E+0	0.0000000E+0	1.0000000E+2	0.0000000E+0
5.3002000E+1	6.2763003E+1	6.0268568E+1	0.0000000E+0	0.0000000E+0	1.0000000E+2	0.0000000E+0
5.3052000E+1	6.2775757E+1	6.0271059E+1	0.0000000E+0	0.0000000E+0	1.0000000E+2	0.0000000E+0
5.3102000E+1	6.2784262E+1	6.0280400E+1	0.0000000E+0	0.0000000E+0	1.0000000E+2	0.0000000E+0
5.3152000E+1	6.2772289E+1	6.0274955E+1	0.0000000E+0	0.0000000E+0	1.0000000E+2	0.0000000E+0
5.3202000E+1	6.2748121E+1	6.0278376E+1	0.0000000E+0	0.0000000E+0	1.0000000E+2	0.0000000E+0
5.3254000E+1	6.2756988E+1	6.0274308E+1	0.0000000E+0	0.0000000E+0	1.0000000E+2	0.0000000E+0
5.3304000E+1	6.2729545E+1	6.0281576E+1	0.0000000E+0	0.0000000E+0	1.0000000E+2	0.0000000E+0
5.3354000E+1	6.2739641E+1	6.0277908E+1	0.0000000E+0	0.0000000E+0	1.0000000E+2	0.0000000E+0
5.3404000E+1	6.2758415E+1	6.0284712E+1	0.0000000E+0	0.0000000E+0	1.0000000E+2	0.0000000E+0
5.3455000E+1	6.2755219E+1	6.0292660E+1	0.0000000E+0	0.0000000E+0	1.0000000E+2	0.0000000E+0
5.3505000E+1	6.2764875E+1	6.0290967E+1	0.0000000E+0	0.0000000E+0	1.0000000E+2	0.0000000E+0
5.3555000E+1	6.2797959E+1	6.0297862E+1	0.0000000E+0	0.0000000E+0	1.0000000E+2	0.0000000E+0
5.3606000E+1	6.2801883E+1	6.0294255E+1	0.0000000E+0	0.0000000E+0	1.0000000E+2	0.0000000E+0
5.3656000E+1	6.2798096E+1	6.0304856E+1	0.0000000E+0	0.0000000E+0	1.0000000E+2	0.0000000E+0
5.3706000E+1	6.2800909E+1	6.0304107E+1	0.0000000E+0	0.0000000E+0	1.0000000E+2	0.0000000E+0
5.3756000E+1	6.2803315E+1	6.0293065E+1	0.0000000E+0	0.0000000E+0	1.0000000E+2	0.0000000E+0
5.3806000E+1	6.2808032E+1	6.0292033E+1	0.0000000E+0	0.0000000E+0	1.0000000E+2	0.0000000E+0
5.3857000E+1	6.2837720E+1	6.0300390E+1	0.0000000E+0	0.0000000E+0	1.0000000E+2	0.0000000E+0
5.3907000E+1	6.2842625E+1	6.0299337E+1	0.0000000E+0	0.0000000E+0	1.0000000E+2	0.0000000E+0
5.3957000E+1	6.2835427E+1	6.0295000E+1	0.0000000E+0	0.0000000E+0	1.0000000E+2	0.0000000E+0
5.4007000E+1	6.2851691E+1	6.0285996E+1	0.0000000E+0	0.0000000E+0	1.0000000E+2	0.0000000E+0
5.4057000E+1	6.2858041E+1	6.0282104E+1	0.0000000E+0	0.0000000E+0	1.0000000E+2	0.0000000E+0
5.4108000E+1	6.2837820E+1	6.0270233E+1	0.0000000E+0	0.0000000E+0	1.0000000E+2	0.0000000E+0
5.4158000E+1	6.2799756E+1	6.0265037E+1	0.0000000E+0	0.0000000E+0	1.0000000E+2	0.0000000E+0
5.4209000E+1	6.2801188E+1	6.0290009E+1	0.0000000E+0	0.0000000E+0	1.0000000E+2	0.0000000E+0
5.4259000E+1	6.2810573E+1	6.0272688E+1	0.0000000E+0	0.0000000E+0	1.0000000E+2	0.0000000E+0
5.4309000E+1	6.2789705E+1	6.0272890E+1	0.0000000E+0	0.0000000E+0	1.0000000E+2	0.0000000E+0
5.4359000E+1	6.2806828E+1	6.0283628E+1	0.0000000E+0	0.0000000E+0	1.0000000E+2	0.0000000E+0
5.4409000E+1	6.2818994E+1	6.0282400E+1	0.0000000E+0	0.0000000E+0	1.0000000E+2	0.0000000E+0
5.4460000E+1	6.2840207E+1	6.0298124E+1	0.0000000E+0	0.0000000E+0	1.0000000E+2	0.0000000E+0
5.4510000E+1	6.2855815E+1	6.0300631E+1	0.0000000E+0	0.0000000E+0	1.0000000E+2	0.0000000E+0
5.4560000E+1	6.2864437E+1	6.0313862E+1	0.0000000E+0	0.0000000E+0	1.0000000E+2	0.0000000E+0
5.4610000E+1	6.2868174E+1	6.0309914E+1	0.0000000E+0	0.0000000E+0	1.0000000E+2	0.0000000E+0
5.4660000E+1	6.2856142E+1	6.0301934E+1	0.0000000E+0	0.0000000E+0	1.0000000E+2	0.0000000E+0
5.4710000E+1	6.2850507E+1	6.0307950E+1	0.0000000E+0	0.0000000E+0	1.0000000E+2	0.0000000E+0
5.4762000E+1	6.2840448E+1	6.0296360E+1	0.0000000E+0	0.0000000E+0	1.0000000E+2	0.0000000E+0
5.4813000E+1	6.2850452E+1	6.0289138E+1	0.0000000E+0	0.0000000E+0	1.0000000E+2	0.0000000E+0
5.4864000E+1	6.2863052E+1	6.0305002E+1	0.0000000E+0	0.0000000E+0	1.0000000E+2	0.0000000E+0
5.4914000E+1	6.2860975E+1	6.0309860E+1	0.0000000E+0	0.0000000E+0	1.0000000E+2	0.0000000E+0
5.4965000E+1	6.2833485E+1	6.0292758E+1	0.0000000E+0	0.0000000E+0	1.0000000E+2	0.0000000E+0
5.5015000E+1	6.2827424E+1	6.0295148E+1	0.0000000E+0	0.0000000E+0	1.0000000E+2	0.0000000E+0
5.5065000E+1	6.2848005E+1	6.0305415E+1	0.0000000E+0	0.0000000E+0	1.0000000E+2	0.0000000E+0
5.5116000E+1	6.2805429E+1	6.0295695E+1	0.0000000E+0	0.0000000E+0	1.0000000E+2	0.0000000E+0
5.5167000E+1	6.2755041E+1	6.0280074E+1	0.0000000E+0	0.0000000E+0	1.0000000E+2	0.0000000E+0
5.5217000E+1	6.2763483E+1	6.0282121E+1	0.0000000E+0	0.0000000E+0	1.0000000E+2	0.0000000E+0
5.5267000E+1	6.2779210E+1	6.0286359E+1	0.0000000E+0	0.0000000E+0	1.0000000E+2	0.0000000E+0
5.5317000E+1	6.2764502E+1	6.0294592E+1	0.0000000E+0	0.0000000E+0	1.0000000E+2	0.0000000E+0
5.5368000E+1	6.2778197E+1	6.0277901E+1	0.0000000E+0	0.0000000E+0	1.0000000E+2	0.0000000E+0
5.5418000E+1	6.2780444E+1	6.0292600E+1	0.0000000E+0	0.0000000E+0	1.0000000E+2	0.0000000E+0
5.5468000E+1	6.2788441E+1	6.0291270E+1	0.0000000E+0	0.0000000E+0	1.0000000E+2	0.0000000E+0
5.5518000E+1	6.2794587E+1	6.0304745E+1	0.0000000E+0	0.0000000E+0	1.0000000E+2	0.0000000E+0
5.5568000E+1	6.2786519E+1	6.0293014E+1	0.0000000E+0	0.0000000E+0	1.0000000E+2	0.0000000E+0
5.5618000E+1	6.2803773E+1	6.0300531E+1	0.0000000E+0	0.0000000E+0	1.0000000E+2	0.0000000E+0
5.5668000E+1	6.2796103E+1	6.0300790E+1	0.0000000E+0	0.0000000E+0	1.0000000E+2	0.0000000E+0
5.5718000E+1	6.2802359E+1	6.0285382E+1	0.0000000E+0	0.0000000E+0	1.0000000E+2	0.0000000E+0
5.5768000E+1	6.2784366E+1	6.0291536E+1	0.0000000E+0	0.0000000E+0	1.0000000E+2	0.0000000E+0
5.5818000E+1	6.2766696E+1	6.0299274E+1	0.0000000E+0	0.0000000E+0	1.0000000E+2	0.0000000E+0
5.5868000E+1	6.2793416E+1	6.0294891E+1	0.0000000E+0	0.0000000E+0	1.0000000E+2	0.0000000E+0
5.5919000E+1	6.2790252E+1	6.0289708E+1	0.0000000E+0	0.0000000E+0	1.0000000E+2	0.0000000E+0
5.5969000E+1	6.2775982E+1	6.0294041E+1	0.0000000E+0	0.0000000E+0	1.0000000E+2	0.0000000E+0
5.6019000E+1	6.2801800E+1	6.0303003E+1	0.0000000E+0	0.0000000E+0	1.0000000E+2	0.0000000E+0
5.6069000E+1	6.2791137E+1	6.0309656E+1	0.0000000E+0	0.0000000E+0	1.0000000E+2	0.0000000E+0
5.6119000E+1	6.2771568E+1	6.0305907E+1	0.0000000E+0	0.0000000E+0	1.0000000E+2	0.0000000E+0
5.6169000E+1	6.2792685E+1	6.0303942E+1	0.0000000E+0	0.0000000E+0	1.0000000E+2	0.0000000E+0
5.6219000E+1	6.2771974E+1	6.0286799E+1	0.0000000E+0	0.0000000E+0	1.0000000E+2	0.0000000E+0
5.6269000E+1	6.2773736E+1	6.0297122E+1	0.0000000E+0	0.0000000E+0	1.0000000E+2	0.0000000E+0
5.6319000E+1	6.2786677E+1	6.0309832E+1	0.0000000E+0	0.0000000E+0	1.0000000E+2	0.0000000E+0
5.6369000E+1	6.2774596E+1	6.0308231E+1	0.0000000E+0	0.0000000E+0	1.0000000E+2	0.0000000E+0
5.6419000E+1	6.2769837E+1	6.0301844E+1	0.0000000E+0	0.0000000E+0	1.0000000E+2	0.0000000E+0
5.6469000E+1	6.2754253E+1	6.0296510E+1	0.0000000E+0	0.0000000E+0	1.0000000E+2	0.0000000E+0
5.6519000E+1	6.2743455E+1	6.0298673E+1	0.0000000E+0	0.0000000E+0	1.0000000E+2	0.0000000E+0
5.6569000E+1	6.2749408E+1	6.0291092E+1	0.0000000E+0	0.0000000E+0	1.0000000E+2	0.0000000E+0
5.6619000E+1	6.2753936E+1	6.0297545E+1	0.0000000E+0	0.0000000E+0	1.0000000E+2	0.0000000E+0
5.6669000E+1	6.2744542E+1	6.0301736E+1	0.0000000E+0	0.0000000E+0	1.0000000E+2	0.0000000E+0
5.6719000E+1	6.2730634E+1	6.0301732E+1	0.0000000E+0	0.0000000E+0	1.0000000E+2	0.0000000E+0
5.6769000E+1	6.2719736E+1	6.0300218E+1	0.0000000E+0	0.0000000E+0	1.0000000E+2	0.0000000E+0
5.6819000E+1	6.2724188E+1	6.0308760E+1	0.0000000E+0	0.0000000E+0	1.0000000E+2	0.0000000E+0
5.6869000E+1	6.2720794E+1	6.0308240E+1	0.0000000E+0	0.0000000E+0	1.0000000E+2	0.0000000E+0
5.6919000E+1	6.2716905E+1	6.0298518E+1	0.0000000E+0	0.0000000E+0	1.0000000E+2	0.0000000E+0
5.6969000E+1	6.2709560E+1	6.0291724E+1	0.0000000E+0	0.0000000E+0	1.0000000E+2	0.0000000E+0
5.7019000E+1	6.2715641E+1	6.0296787E+1	0.0000000E+0	0.0000000E+0	1.0000000E+2	0.0000000E+0
5.7070000E+1	6.2727817E+1	6.0305811E+1	0.0000000E+0	0.0000000E+0	1.0000000E+2	0.0000000E+0
5.7120000E+1	6.2745320E+1	6.0315266E+1	0.0000000E+0	0.0000000E+0	1.0000000E+2	0.0000000E+0
5.7170000E+1	6.2754370E+1	6.0314923E+1	0.0000000E+0	0.0000000E+0	1.0000000E+2	0.0000000E+0
5.7221000E+1	6.2751614E+1	6.0319209E+1	0.0000000E+0	0.0000000E+0	1.0000000E+2	0.0000000E+0
5.7272000E+1	6.2757554E+1	6.0299388E+1	0.0000000E+0	0.0000000E+0	1.0000000E+2	0.0000000E+0
5.7323000E+1	6.2749906E+1	6.0295389E+1	0.0000000E+0	0.0000000E+0	1.0000000E+2	0.0000000E+0
5.7374000E+1	6.2743727E+1	6.0292271E+1	0.0000000E+0	0.0000000E+0	1.0000000E+2	0.0000000E+0
5.7425000E+1	6.2759741E+1	6.0293204E+1	0.0000000E+0	0.0000000E+0	1.0000000E+2	0.0000000E+0
5.7475000E+1	6.2755077E+1	6.0307679E+1	0.0000000E+0	0.0000000E+0	1.0000000E+2	0.0000000E+0
5.7526000E+1	6.2744995E+1	6.0295728E+1	0.0000000E+0	0.0000000E+0	1.0000000E+2	0.0000000E+0
5.7576000E+1	6.2733588E+1	6.0297448E+1	0.0000000E+0	0.0000000E+0	1.0000000E+2	0.0000000E+0
5.7626000E+1	6.2735708E+1	6.0299798E+1	0.0000000E+0	0.0000000E+0	1.0000000E+2	0.0000000E+0
5.7676000E+1	6.2732851E+1	6.0294770E+1	0.0000000E+0	0.0000000E+0	1.0000000E+2	0.0000000E+0
5.7726000E+1	6.2725953E+1	6.0286294E+1	0.0000000E+0	0.0000000E+0	1.0000000E+2	0.0000000E+0
5.7776000E+1	6.2730266E+1	6.0293839E+1	0.0000000E+0	0.0000000E+0	1.0000000E+2	0.0000000E+0
5.7826000E+1	6.2752905E+1	6.0295291E+1	0.0000000E+0	0.0000000E+0	1.0000000E+2	0.0000000E+0
5.7876000E+1	6.2761027E+1	6.0300091E+1	0.0000000E+0	0.0000000E+0	1.0000000E+2	0.0000000E+0
5.7927000E+1	6.2777565E+1	6.0317911E+1	0.0000000E+0	0.0000000E+0	1.0000000E+2	0.0000000E+0
5.7977000E+1	6.2770554E+1	6.0322174E+1	0.0000000E+0	0.0000000E+0	1.0000000E+2	0.0000000E+0
5.8027000E+1	6.2759178E+1	6.0309800E+1	0.0000000E+0	0.0000000E+0	1.0000000E+2	0.0000000E+0
5.8077000E+1	6.2738710E+1	6.0309113E+1	0.0000000E+0	0.0000000E+0	1.0000000E+2	0.0000000E+0
5.8127000E+1	6.2746069E+1	6.0301102E+1	0.0000000E+0	0.0000000E+0	1.0000000E+2	0.0000000E+0
5.8177000E+1	6.2756939E+1	6.0298064E+1	0.0000000E+0	0.0000000E+0	1.0000000E+2	0.0000000E+0
5.8227000E+1	6.2768606E+1	6.0307457E+1	0.0000000E+0	0.0000000E+0	1.0000000E+2	0.0000000E+0
5.8277000E+1	6.2767021E+1	6.0322688E+1	0.0000000E+0	0.0000000E+0	1.0000000E+2	0.0000000E+0
5.8327000E+1	6.2752253E+1	6.0323503E+1	0.0000000E+0	0.0000000E+0	1.0000000E+2	0.0000000E+0
5.8378000E+1	6.2699434E+1	6.0318142E+1	0.0000000E+0	0.0000000E+0	1.0000000E+2	0.0000000E+0
5.8428000E+1	6.2683021E+1	6.0305514E+1	0.0000000E+0	0.0000000E+0	1.0000000E+2	0.0000000E+0
5.8478000E+1	6.2682738E+1	6.0304618E+1	0.0000000E+0	0.0000000E+0	1.0000000E+2	0.0000000E+0
5.8528000E+1	6.2676704E+1	6.0298094E+1	0.0000000E+0	0.0000000E+0	1.0000000E+2	0.0000000E+0
5.8578000E+1	6.2683289E+1	6.0316512E+1	0.0000000E+0	0.0000000E+0	1.0000000E+2	0.0000000E+0
5.8628000E+1	6.2668853E+1	6.0310821E+1	0.0000000E+0	0.0000000E+0	1.0000000E+2	0.0000000E+0
5.8678000E+1	6.2675007E+1	6.0326388E+1	0.0000000E+0	0.0000000E+0	1.0000000E+2	0.0000000E+0
5.8728000E+1	6.2658441E+1	6.0324664E+1	0.0000000E+0	0.0000000E+0	1.0000000E+2	0.0000000E+0
5.8778000E+1	6.2646995E+1	6.0320379E+1	0.0000000E+0	0.0000000E+0	1.0000000E+2	0.0000000E+0
5.8828000E+1	6.2649692E+1	6.0318181E+1	0.0000000E+0	0.0000000E+0	1.0000000E+2	0.0000000E+0
5.8878000E+1	6.2612298E+1	6.0316103E+1	0.0000000E+0	0.0000000E+0	1.0000000E+2	0.0000000E+0
5.8929000E+1	6.2604018E+1	6.0316723E+1	0.0000000E+0	0.0000000E+0	1.0000000E+2	0.0000000E+0
5.8980000E+1	6.2604878E+1	6.0328011E+1	0.0000000E+0	0.0000000E+0	1.0000000E+2	0.0000000E+0
5.9030000E+1	6.2595940E+1	6.0317563E+1	0.0000000E+0	0.0000000E+0	1.0000000E+2	0.0000000E+0
5.9080000E+1	6.2588727E+1	6.0324533E+1	0.0000000E+0	0.0000000E+0	1.0000000E+2	0.0000000E+0
5.9131000E+1	6.2591070E+1	6.0315545E+1	0.0000000E+0	0.0000000E+0	1.0000000E+2	0.0000000E+0
5.9181000E+1	6.2577506E+1	6.0322824E+1	0.0000000E+0	0.0000000E+0	1.0000000E+2	0.0000000E+0
5.9231000E+1	6.2551504E+1	6.0324585E+1	0.0000000E+0	0.0000000E+0	1.0000000E+2	0.0000000E+0
5.9281000E+1	6.2522775E+1	6.0315095E+1	0.0000000E+0	0.0000000E+0	1.0000000E+2	0.0000000E+0
5.9331000E+1	6.2518798E+1	6.0331786E+1	0.0000000E+0	0.0000000E+0	1.0000000E+2	0.0000000E+0
5.9381000E+1	6.2511550E+1	6.0319027E+1	0.0000000E+0	0.0000000E+0	1.0000000E+2	0.0000000E+0
5.9431000E+1	6.2506133E+1	6.0321555E+1	0.0000000E+0	0.0000000E+0	1.0000000E+2	0.0000000E+0
5.9481000E+1	6.2489961E+1	6.0331603E+1	0.0000000E+0	0.0000000E+0	1.0000000E+2	0.0000000E+0
5.9531000E+1	6.2475810E+1	6.0318943E+1	0.0000000E+0	0.0000000E+0	1.0000000E+2	0.0000000E+0
5.9581000E+1	6.2441577E+1	6.0295787E+1	0.0000000E+0	0.0000000E+0	1.0000000E+2	0.0000000E+0
5.9631000E+1	6.2439685E+1	6.0303617E+1	0.0000000E+0	0.0000000E+0	1.0000000E+2	0.0000000E+0
5.9681000E+1	6.2427773E+1	6.0299717E+1	0.0000000E+0	0.0000000E+0	1.0000000E+2	0.0000000E+0
5.9731000E+1	6.2432083E+1	6.0303575E+1	0.0000000E+0	0.0000000E+0	1.0000000E+2	0.0000000E+0
5.9781000E+1	6.2435200E+1	6.0320282E+1	0.0000000E+0	0.0000000E+0	1.0000000E+2	0.0000000E+0
5.9831000E+1	6.2414130E+1	6.0316486E+1	0.0000000E+0	0.0000000E+0	1.0000000E+2	0.0000000E+0
5.9881000E+1	6.2409788E+1	6.0296564E+1	0.0000000E+0	0.0000000E+0	1.0000000E+2	0.0000000E+0
5.9931000E+1	6.2411019E+1	6.0295509E+1	0.0000000E+0	0.0000000E+0	1.0000000E+2	0.0000000E+0
5.9981000E+1	6.2426471E+1	6.0300101E+1	0.0000000E+0	0.0000000E+0	1.0000000E+2	0.0000000E+0
6.0031000E+1	6.2431239E+1	6.0306563E+1	0.0000000E+0	0.0000000E+0	1.0000000E+2	0.0000000E+0
6.0081000E+1	6.2449084E+1	6.0312698E+1	0.0000000E+0	0.0000000E+0	1.0000000E+2	0.0000000E+0
6.0131000E+1	6.2428700E+1	6.0299572E+1	0.0000000E+0	0.0000000E+0	1.0000000E+2	0.0000000E+0
6.0181000E+1	6.2378918E+1	6.0290380E+1	0.0000000E+0	0.0000000E+0	1.0000000E+2	0.0000000E+0
6.0231000E+1	6.2390084E+1	6.0298503E+1	0.0000000E+0	0.0000000E+0	1.0000000E+2	0.0000000E+0
6.0281000E+1	6.2411556E+1	6.0302612E+1	0.0000000E+0	0.0000000E+0	1.0000000E+2	0.0000000E+0
6.0331000E+1	6.2418654E+1	6.0305126E+1	0.0000000E+0	0.0000000E+0	1.0000000E+2	0.0000000E+0
6.0381000E+1	6.2421884E+1	6.0292542E+1	0.0000000E+0	0.0000000E+0	1.0000000E+2	0.0000000E+0
6.0431000E+1	6.2429987E+1	6.0283391E+1	0.0000000E+0	0.0000000E+0	1.0000000E+2	0.0000000E+0
6.0481000E+1	6.2416823E+1	6.0285607E+1	0.0000000E+0	0.0000000E+0	1.0000000E+2	0.0000000E+0
6.0531000E+1	6.2435531E+1	6.0295162E+1	0.0000000E+0	0.0000000E+0	1.0000000E+2	0.0000000E+0
6.0581000E+1	6.2431669E+1	6.0281878E+1	0.0000000E+0	0.0000000E+0	1.0000000E+2	0.0000000E+0
6.0631000E+1	6.2419324E+1	6.0276492E+1	0.0000000E+0	0.0000000E+0	1.0000000E+2	0.0000000E+0
6.0681000E+1	6.2421876E+1	6.0279121E+1	0.0000000E+0	0.0000000E+0	1.0000000E+2	0.0000000E+0
6.0731000E+1	6.2437248E+1	6.0289444E+1	0.0000000E+0	0.0000000E+0	1.0000000E+2	0.0000000E+0
6.0781000E+1	6.2425013E+1	6.0296986E+1	0.0000000E+0	0.0000000E+0	1.0000000E+2	0.0000000E+0
6.0831000E+1	6.2423005E+1	6.0298454E+1	0.0000000E+0	0.0000000E+0	1.0000000E+2	0.0000000E+0
6.0881000E+1	6.2420366E+1	6.0283824E+1	0.0000000E+0	0.0000000E+0	1.0000000E+2	0.0000000E+0
6.0932000E+1	6.2431793E+1	6.0296562E+1	0.0000000E+0	0.0000000E+0	1.0000000E+2	0.0000000E+0
6.0982000E+1	6.2445716E+1	6.0290159E+1	0.0000000E+0	0.0000000E+0	1.0000000E+2	0.0000000E+0
6.1033000E+1	6.2430393E+1	6.0298122E+1	0.0000000E+0	0.0000000E+0	1.0000000E+2	0.0000000E+0
6.1084000E+1	6.2381175E+1	6.0287783E+1	0.0000000E+0	0.0000000E+0	1.0000000E+2	0.0000000E+0
6.1134000E+1	6.2393531E+1	6.0299490E+1	0.0000000E+0	0.0000000E+0	1.0000000E+2	0.0000000E+0
6.1184000E+1	6.2387751E+1	6.0293556E+1	0.0000000E+0	0.0000000E+0	1.0000000E+2	0.0000000E+0
6.1234000E+1	6.2400021E+1	6.0311546E+1	0.0000000E+0	0.0000000E+0	1.0000000E+2	0.0000000E+0
6.1284000E+1	6.2399125E+1	6.0304557E+1	0.0000000E+0	0.0000000E+0	1.0000000E+2	0.0000000E+0
6.1334000E+1	6.2398051E+1	6.0308813E+1	0.0000000E+0	0.0000000E+0	1.0000000E+2	0.0000000E+0
6.1384000E+1	6.2388357E+1	6.0315243E+1	0.0000000E+0	0.0000000E+0	1.0000000E+2	0.0000000E+0
6.1434000E+1	6.2372480E+1	6.0299559E+1	0.0000000E+0	0.0000000E+0	1.0000000E+2	0.0000000E+0
6.1484000E+1	6.2381895E+1	6.0309977E+1	0.0000000E+0	0.0000000E+0	1.0000000E+2	0.0000000E+0
6.1534000E+1	6.2382070E+1	6.0308519E+1	0.0000000E+0	0.0000000E+0	1.0000000E+2	0.0000000E+0
6.1584000E+1	6.2367523E+1	6.0313994E+1	0.0000000E+0	0.0000000E+0	1.0000000E+2	0.0000000E+0
6.1634000E+1	6.2366451E+1	6.0312098E+1	0.0000000E+0	0.0000000E+0	1.0000000E+2	0.0000000E+0
6.1684000E+1	6.2371462E+1	6.0328105E+1	0.0000000E+0	0.0000000E+0	1.0000000E+2	0.0000000E+0
6.1734000E+1	6.2362825E+1	6.0320629E+1	0.0000000E+0	0.0000000E+0	1.0000000E+2	0.0000000E+0
6.1785000E+1	6.2361465E+1	6.0309504E+1	0.0000000E+0	0.0000000E+0	1.0000000E+2	0.0000000E+0
6.1835000E+1	6.2356890E+1	6.0321239E+1	0.0000000E+0	0.0000000E+0	1.0000000E+2	0.0000000E+0
6.1885000E+1	6.2355456E+1	6.0307998E+1	0.0000000E+0	0.0000000E+0	1.0000000E+2	0.0000000E+0
6.1935000E+1	6.2377532E+1	6.0321304E+1	0.0000000E+0	0.0000000E+0	1.0000000E+2	0.0000000E+0
6.1985000E+1	6.2351665E+1	6.0326983E+1	0.0000000E+0	0.0000000E+0	1.0000000E+2	0.0000000E+0
6.2035000E+1	6.2342631E+1	6.0310584E+1	0.0000000E+0	0.0000000E+0	1.0000000E+2	0.0000000E+0
6.2085000E+1	6.2372013E+1	6.0315714E+1	0.0000000E+0	0.0000000E+0	1.0000000E+2	0.0000000E+0
6.2135000E+1	6.2378773E+1	6.0326295E+1	0.0000000E+0	0.0000000E+0	1.0000000E+2	0.0000000E+0
6.2185000E+1	6.2404862E+1	6.0318509E+1	0.0000000E+0	0.0000000E+0	1.0000000E+2	0.0000000E+0
6.2235000E+1	6.2413821E+1	6.0328393E+1	0.0000000E+0	0.0000000E+0	1.0000000E+2	0.0000000E+0
6.2285000E+1	6.2417162E+1	6.0336503E+1	0.0000000E+0	0.0000000E+0	1.0000000E+2	0.0000000E+0
6.2335000E+1	6.2415845E+1	6.0344741E+1	0.0000000E+0	0.0000000E+0	1.0000000E+2	0.0000000E+0
6.2385000E+1	6.2430821E+1	6.0351323E+1	0.0000000E+0	0.0000000E+0	1.0000000E+2	0.0000000E+0
6.2435000E+1	6.2428388E+1	6.0352238E+1	0.0000000E+0	0.0000000E+0	1.0000000E+2	0.0000000E+0
6.2485000E+1	6.2449695E+1	6.0354550E+1	0.0000000E+0	0.0000000E+0	1.0000000E+2	0.0000000E+0
6.2535000E+1	6.2445335E+1	6.0352992E+1	0.0000000E+0	0.0000000E+0	1.0000000E+2	0.0000000E+0
6.2585000E+1	6.2443846E+1	6.0346306E+1	0.0000000E+0	0.0000000E+0	1.0000000E+2	0.0000000E+0
6.2635000E+1	6.2449823E+1	6.0350627E+1	0.0000000E+0	0.0000000E+0	1.0000000E+2	0.0000000E+0
6.2685000E+1	6.2463807E+1	6.0351257E+1	0.0000000E+0	0.0000000E+0	1.0000000E+2	0.0000000E+0
6.2735000E+1	6.2463878E+1	6.0355886E+1	0.0000000E+0	0.0000000E+0	1.0000000E+2	0.0000000E+0
6.2785000E+1	6.2492948E+1	6.0363668E+1	0.0000000E+0	0.0000000E+0	1.0000000E+2	0.0000000E+0
6.2835000E+1	6.2496293E+1	6.0366489E+1	0.0000000E+0	0.0000000E+0	1.0000000E+2	0.0000000E+0
6.2885000E+1	6.2463975E+1	6.0352903E+1	0.0000000E+0	0.0000000E+0	1.0000000E+2	0.0000000E+0
6.2936000E+1	6.2437276E+1	6.0360555E+1	0.0000000E+0	0.0000000E+0	1.0000000E+2	0.0000000E+0
6.2986000E+1	6.2469158E+1	6.0364578E+1	0.0000000E+0	0.0000000E+0	1.0000000E+2	0.0000000E+0
6.3036000E+1	6.2481496E+1	6.0363076E+1	0.0000000E+0	0.0000000E+0	1.0000000E+2	0.0000000E+0
6.3086000E+1	6.2506829E+1	6.0365943E+1	0.0000000E+0	0.0000000E+0	1.0000000E+2	0.0000000E+0
6.3137000E+1	6.2512590E+1	6.0369060E+1	0.0000000E+0	0.0000000E+0	1.0000000E+2	0.0000000E+0
6.3187000E+1	6.2530326E+1	6.0362401E+1	0.0000000E+0	0.0000000E+0	1.0000000E+2	0.0000000E+0
6.3239000E+1	6.2551828E+1	6.0385128E+1	0.0000000E+0	0.0000000E+0	1.0000000E+2	0.0000000E+0
6.3289000E+1	6.2566140E+1	6.0411683E+1	0.0000000E+0	0.0000000E+0	1.0000000E+2	0.0000000E+0
6.3339000E+1	6.2594500E+1	6.0398623E+1	0.0000000E+0	0.0000000E+0	1.0000000E+2	0.0000000E+0
6.3389000E+1	6.2599693E+1	6.0401815E+1	0.0000000E+0	0.0000000E+0	1.0000000E+2	0.0000000E+0
6.3439000E+1	6.2579019E+1	6.0404224E+1	0.0000000E+0	0.0000000E+0	1.0000000E+2	0.0000000E+0
6.3490000E+1	6.2593727E+1	6.0405450E+1	0.0000000E+0	0.0000000E+0	1.0000000E+2	0.0000000E+0
6.3541000E+1	6.2595282E+1	6.0406255E+1	0.0000000E+0	0.0000000E+0	1.0000000E+2	0.0000000E+0
6.3591000E+1	6.2602189E+1	6.0399052E+1	0.0000000E+0	0.0000000E+0	1.0000000E+2	0.0000000E+0
6.3641000E+1	6.2617681E+1	6.0396098E+1	0.0000000E+0	0.0000000E+0	1.0000000E+2	0.0000000E+0
6.3691000E+1	6.2643350E+1	6.0402051E+1	0.0000000E+0	0.0000000E+0	1.0000000E+2	0.0000000E+0
6.3741000E+1	6.2659930E+1	6.0411738E+1	0.0000000E+0	0.0000000E+0	1.0000000E+2	0.0000000E+0
6.3791000E+1	6.2670921E+1	6.0415403E+1	0.0000000E+0	0.0000000E+0	1.0000000E+2	0.0000000E+0
6.3841000E+1	6.2644654E+1	6.0413746E+1	0.0000000E+0	0.0000000E+0	1.0000000E+2	0.0000000E+0
6.3892000E+1	6.2610825E+1	6.0417321E+1	0.0000000E+0	0.0000000E+0	1.0000000E+2	0.0000000E+0
6.3942000E+1	6.2610263E+1	6.0412904E+1	0.0000000E+0	0.0000000E+0	1.0000000E+2	0.0000000E+0
6.3992000E+1	6.2597339E+1	6.0418830E+1	0.0000000E+0	0.0000000E+0	1.0000000E+2	0.0000000E+0
6.4043000E+1	6.2593914E+1	6.0415961E+1	0.0000000E+0	0.0000000E+0	1.0000000E+2	0.0000000E+0
6.4093000E+1	6.2603282E+1	6.0402563E+1	0.0000000E+0	0.0000000E+0	1.0000000E+2	0.0000000E+0
6.4143000E+1	6.2599613E+1	6.0399367E+1	0.0000000E+0	0.0000000E+0	1.0000000E+2	0.0000000E+0
6.4193000E+1	6.2595206E+1	6.0397716E+1	0.0000000E+0	0.0000000E+0	1.0000000E+2	0.0000000E+0
6.4243000E+1	6.2604978E+1	6.0398260E+1	0.0000000E+0	0.0000000E+0	1.0000000E+2	0.0000000E+0
6.4293000E+1	6.2633645E+1	6.0402479E+1	0.0000000E+0	0.0000000E+0	1.0000000E+2	0.0000000E+0
6.4343000E+1	6.2623873E+1	6.0401320E+1	0.0000000E+0	0.0000000E+0	1.0000000E+2	0.0000000E+0
6.4393000E+1	6.2601913E+1	6.0399490E+1	0.0000000E+0	0.0000000E+0	1.0000000E+2	0.0000000E+0
6.4443000E+1	6.2571271E+1	6.0393455E+1	0.0000000E+0	0.0000000E+0	1.0000000E+2	0.0000000E+0
6.4493000E+1	6.2575578E+1	6.0395500E+1	0.0000000E+0	0.0000000E+0	1.0000000E+2	0.0000000E+0
6.4543000E+1	6.2585751E+1	6.0388309E+1	0.0000000E+0	0.0000000E+0	1.0000000E+2	0.0000000E+0
6.4593000E+1	6.2551412E+1	6.0365972E+1	0.0000000E+0	0.0000000E+0	1.0000000E+2	0.0000000E+0
6.4643000E+1	6.2550958E+1	6.0364039E+1	0.0000000E+0	0.0000000E+0	1.0000000E+2	0.0000000E+0
6.4693000E+1	6.2564089E+1	6.0359752E+1	0.0000000E+0	0.0000000E+0	1.0000000E+2	0.0000000E+0
6.4743000E+1	6.2549965E+1	6.0366061E+1	0.0000000E+0	0.0000000E+0	1.0000000E+2	0.0000000E+0
6.4793000E+1	6.2519608E+1	6.0363931E+1	0.0000000E+0	0.0000000E+0	1.0000000E+2	0.0000000E+0
6.4843000E+1	6.2488422E+1	6.0352701E+1	0.0000000E+0	0.0000000E+0	1.0000000E+2	0.0000000E+0
6.4895000E+1	6.2498588E+1	6.0364421E+1	0.0000000E+0	0.0000000E+0	1.0000000E+2	0.0000000E+0
6.4945000E+1	6.2495356E+1	6.0360130E+1	0.0000000E+0	0.0000000E+0	1.0000000E+2	0.0000000E+0
6.4995000E+1	6.2518641E+1	6.0363645E+1	0.0000000E+0	0.0000000E+0	1.0000000E+2	0.0000000E+0
6.5045000E+1	6.2515817E+1	6.0351871E+1	0.0000000E+0	0.0000000E+0	1.0000000E+2	0.0000000E+0
6.5096000E+1	6.2500008E+1	6.0356202E+1	0.0000000E+0	0.0000000E+0	1.0000000E+2	0.0000000E+0
6.5146000E+1	6.2510896E+1	6.0363154E+1	0.0000000E+0	0.0000000E+0	1.0000000E+2	0.0000000E+0
6.5197000E+1	6.2533926E+1	6.0363441E+1	0.0000000E+0	0.0000000E+0	1.0000000E+2	0.0000000E+0
6.5247000E+1	6.2530871E+1	6.0377014E+1	0.0000000E+0	0.0000000E+0	1.0000000E+2	0.0000000E+0
6.5297000E+1	6.2522172E+1	6.0359279E+1	0.0000000E+0	0.0000000E+0	1.0000000E+2	0.0000000E+0
6.5347000E+1	6.2496599E+1	6.0355314E+1	0.0000000E+0	0.0000000E+0	1.0000000E+2	0.0000000E+0
6.5397000E+1	6.2504153E+1	6.0359941E+1	0.0000000E+0	0.0000000E+0	1.0000000E+2	0.0000000E+0
6.5447000E+1	6.2509444E+1	6.0359763E+1	0.0000000E+0	0.0000000E+0	1.0000000E+2	0.0000000E+0
6.5497000E+1	6.2510623E+1	6.0361594E+1	0.0000000E+0	0.0000000E+0	1.0000000E+2	0.0000000E+0
6.5547000E+1	6.2509933E+1	6.0353673E+1	0.0000000E+0	0.0000000E+0	1.0000000E+2	0.0000000E+0
6.5598000E+1	6.2520019E+1	6.0357588E+1	0.0000000E+0	0.0000000E+0	1.0000000E+2	0.0000000E+0
6.5649000E+1	6.2546278E+1	6.0356988E+1	0.0000000E+0	0.0000000E+0	1.0000000E+2	0.0000000E+0
6.5699000E+1	6.2531544E+1	6.0357739E+1	0.0000000E+0	0.0000000E+0	1.0000000E+2	0.0000000E+0
6.5749000E+1	6.2520105E+1	6.0352126E+1	0.0000000E+0	0.0000000E+0	1.0000000E+2	0.0000000E+0
6.5799000E+1	6.2513235E+1	6.0345977E+1	0.0000000E+0	0.0000000E+0	1.0000000E+2	0.0000000E+0
6.5850000E+1	6.2525315E+1	6.0366688E+1	0.0000000E+0	0.0000000E+0	1.0000000E+2	0.0000000E+0
6.5901000E+1	6.2485338E+1	6.0377780E+1	0.0000000E+0	0.0000000E+0	1.0000000E+2	0.0000000E+0
6.5951000E+1	6.2447957E+1	6.0366948E+1	0.0000000E+0	0.0000000E+0	1.0000000E+2	0.0000000E+0
6.6001000E+1	6.2428732E+1	6.0338497E+1	0.0000000E+0	0.0000000E+0	1.0000000E+2	0.0000000E+0
6.6052000E+1	6.2450399E+1	6.0342036E+1	0.0000000E+0	0.0000000E+0	1.0000000E+2	0.0000000E+0
6.6102000E+1	6.2444693E+1	6.0341840E+1	0.0000000E+0	0.0000000E+0	1.0000000E+2	0.0000000E+0
6.6152000E+1	6.2445328E+1	6.0339260E+1	0.0000000E+0	0.0000000E+0	1.0000000E+2	0.0000000E+0
6.6203000E+1	6.2445087E+1	6.0343378E+1	0.0000000E+0	0.0000000E+0	1.0000000E+2	0.0000000E+0
6.6253000E+1	6.2407739E+1	6.0329166E+1	0.0000000E+0	0.0000000E+0	1.0000000E+2	0.0000000E+0
6.6303000E+1	6.2386908E+1	6.0318584E+1	0.0000000E+0	0.0000000E+0	1.0000000E+2	0.0000000E+0
6.6353000E+1	6.2364603E+1	6.0307181E+1	0.0000000E+0	0.0000000E+0	1.0000000E+2	0.0000000E+0
6.6403000E+1	6.2335722E+1	6.0293563E+1	0.0000000E+0	0.0000000E+0	1.0000000E+2	0.0000000E+0
6.6453000E+1	6.2298810E+1	6.0298270E+1	0.0000000E+0	0.0000000E+0	1.0000000E+2	0.0000000E+0
6.6503000E+1	6.2269051E+1	6.0266909E+1	0.0000000E+0	0.0000000E+0	1.0000000E+2	0.0000000E+0
6.6553000E+1	6.2271393E+1	6.0254471E+1	0.0000000E+0	0.0000000E+0	1.0000000E+2	0.0000000E+0
6.6603000E+1	6.2262243E+1	6.0260892E+1	0.0000000E+0	0.0000000E+0	1.0000000E+2	0.0000000E+0
6.6653000E+1	6.2248791E+1	6.0262155E+1	0.0000000E+0	0.0000000E+0	1.0000000E+2	0.0000000E+0
6.6703000E+1	6.2267798E+1	6.0290035E+1	0.0000000E+0	0.0000000E+0	1.0000000E+2	0.0000000E+0
6.6753000E+1	6.2240767E+1	6.0279534E+1	0.0000000E+0	0.0000000E+0	1.0000000E+2	0.0000000E+0
6.6803000E+1	6.2218579E+1	6.0268688E+1	0.0000000E+0	0.0000000E+0	1.0000000E+2	0.0000000E+0
6.6853000E+1	6.2187634E+1	6.0273685E+1	0.0000000E+0	0.0000000E+0	1.0000000E+2	0.0000000E+0
6.6903000E+1	6.2184336E+1	6.0275912E+1	0.0000000E+0	0.0000000E+0	1.0000000E+2	0.0000000E+0
6.6953000E+1	6.2173270E+1	6.0256243E+1	0.0000000E+0	0.0000000E+0	1.0000000E+2	0.0000000E+0
6.7003000E+1	6.2180183E+1	6.0248169E+1	0.0000000E+0	0.0000000E+0	1.0000000E+2	0.0000000E+0
6.7053000E+1	6.2175231E+1	6.0248986E+1	0.0000000E+0	0.0000000E+0	1.0000000E+2	0.0000000E+0
6.7103000E+1	6.2169471E+1	6.0259783E+1	0.0000000E+0	0.0000000E+0	1.0000000E+2	0.0000000E+0
6.7155000E+1	6.2160250E+1	6.0251148E+1	0.0000000E+0	0.0000000E+0	1.0000000E+2	0.0000000E+0
6.7205000E+1	6.2165917E+1	6.0266193E+1	0.0000000E+0	0.0000000E+0	1.0000000E+2	0.0000000E+0
6.7255000E+1	6.2162999E+1	6.0256112E+1	0.0000000E+0	0.0000000E+0	1.0000000E+2	0.0000000E+0
6.7305000E+1	6.2182411E+1	6.0261989E+1	0.0000000E+0	0.0000000E+0	1.0000000E+2	0.0000000E+0
6.7355000E+1	6.2182248E+1	6.0284879E+1	0.0000000E+0	0.0000000E+0	1.0000000E+2	0.0000000E+0
6.7405000E+1	6.2195475E+1	6.0280786E+1	0.0000000E+0	0.0000000E+0	1.0000000E+2	0.0000000E+0
6.7456000E+1	6.2194857E+1	6.0280435E+1	0.0000000E+0	0.0000000E+0	1.0000000E+2	0.0000000E+0
6.7506000E+1	6.2161746E+1	6.0282702E+1	0.0000000E+0	0.0000000E+0	1.0000000E+2	0.0000000E+0
6.7556000E+1	6.2141727E+1	6.0271987E+1	0.0000000E+0	0.0000000E+0	1.0000000E+2	0.0000000E+0
6.7607000E+1	6.2121524E+1	6.0276398E+1	0.0000000E+0	0.0000000E+0	1.0000000E+2	0.0000000E+0
6.7657000E+1	6.2086580E+1	6.0280472E+1	0.0000000E+0	0.0000000E+0	1.0000000E+2	0.0000000E+0
6.7707000E+1	6.2064818E+1	6.0272232E+1	0.0000000E+0	0.0000000E+0	1.0000000E+2	0.0000000E+0
6.7758000E+1	6.2059725E+1	6.0276724E+1	0.0000000E+0	0.0000000E+0	1.0000000E+2	0.0000000E+0
6.7808000E+1	6.2034249E+1	6.0269767E+1	0.0000000E+0	0.0000000E+0	1.0000000E+2	0.0000000E+0
6.7859000E+1	6.2033418E+1	6.0271663E+1	0.0000000E+0	0.0000000E+0	1.0000000E+2	0.0000000E+0
6.7910000E+1	6.2040342E+1	6.0284607E+1	0.0000000E+0	0.0000000E+0	1.0000000E+2	0.0000000E+0
6.7961000E+1	6.2016251E+1	6.0279025E+1	0.0000000E+0	0.0000000E+0	1.0000000E+2	0.0000000E+0
6.8011000E+1	6.1997085E+1	6.0273245E+1	0.0000000E+0	0.0000000E+0	1.0000000E+2	0.0000000E+0
6.8061000E+1	6.2001142E+1	6.0276862E+1	0.0000000E+0	0.0000000E+0	1.0000000E+2	0.0000000E+0
6.8111000E+1	6.1986940E+1	6.0284154E+1	0.0000000E+0	0.0000000E+0	1.0000000E+2	0.0000000E+0
6.8161000E+1	6.1993868E+1	6.0286922E+1	0.0000000E+0	0.0000000E+0	1.0000000E+2	0.0000000E+0
6.8211000E+1	6.1977705E+1	6.0277783E+1	0.0000000E+0	0.0000000E+0	1.0000000E+2	0.0000000E+0
6.8261000E+1	6.1993755E+1	6.0284446E+1	0.0000000E+0	0.0000000E+0	1.0000000E+2	0.0000000E+0
6.8311000E+1	6.2013747E+1	6.0308187E+1	0.0000000E+0	0.0000000E+0	1.0000000E+2	0.0000000E+0
6.8361000E+1	6.2005348E+1	6.0299876E+1	0.0000000E+0	0.0000000E+0	1.0000000E+2	0.0000000E+0
6.8411000E+1	6.1999594E+1	6.0305853E+1	0.0000000E+0	0.0000000E+0	1.0000000E+2	0.0000000E+0
6.8461000E+1	6.1990326E+1	6.0314537E+1	0.0000000E+0	0.0000000E+0	1.0000000E+2	0.0000000E+0
6.8511000E+1	6.2000050E+1	6.0321341E+1	0.0000000E+0	0.0000000E+0	1.0000000E+2	0.0000000E+0
6.8561000E+1	6.1992980E+1	6.0310317E+1	0.0000000E+0	0.0000000E+0	1.0000000E+2	0.0000000E+0
6.8611000E+1	6.1993312E+1	6.0301482E+1	0.0000000E+0	0.0000000E+0	1.0000000E+2	0.0000000E+0
6.8661000E+1	6.2001590E+1	6.0305038E+1	0.0000000E+0	0.0000000E+0	1.0000000E+2	0.0000000E+0
6.8711000E+1	6.2004532E+1	6.0303111E+1	0.0000000E+0	0.0000000E+0	1.0000000E+2	0.0000000E+0
6.8761000E+1	6.2009671E+1	6.0292460E+1	0.0000000E+0	0.0000000E+0	1.0000000E+2	0.0000000E+0
6.8811000E+1	6.1986985E+1	6.0296558E+1	0.0000000E+0	0.0000000E+0	1.0000000E+2	0.0000000E+0
6.8861000E+1	6.1945500E+1	6.0282593E+1	0.0000000E+0	0.0000000E+0	1.0000000E+2	0.0000000E+0
6.8911000E+1	6.1949322E+1	6.0279089E+1	0.0000000E+0	0.0000000E+0	1.0000000E+2	0.0000000E+0
6.8961000E+1	6.1969084E+1	6.0281692E+1	0.0000000E+0	0.0000000E+0	1.0000000E+2	0.0000000E+0
6.9012000E+1	6.1977793E+1	6.0298462E+1	0.0000000E+0	0.0000000E+0	1.0000000E+2	0.0000000E+0
6.9063000E+1	6.1992477E+1	6.0298197E+1	0.0000000E+0	0.0000000E+0	1.0000000E+2	0.0000000E+0
6.9113000E+1	6.2001323E+1	6.0296923E+1	0.0000000E+0	0.0000000E+0	1.0000000E+2	0.0000000E+0
6.9164000E+1	6.1988892E+1	6.0295576E+1	0.0000000E+0	0.0000000E+0	1.0000000E+2	0.0000000E+0
6.9214000E+1	6.2019099E+1	6.0312243E+1	0.0000000E+0	0.0000000E+0	1.0000000E+2	0.0000000E+0
6.9264000E+1	6.1998625E+1	6.0304634E+1	0.0000000E+0	0.0000000E+0	1.0000000E+2	0.0000000E+0
6.9314000E+1	6.1990927E+1	6.0295769E+1	0.0000000E+0	0.0000000E+0	1.0000000E+2	0.0000000E+0
6.9364000E+1	6.1988416E+1	6.0311561E+1	0.0000000E+0	0.0000000E+0	1.0000000E+2	0.0000000E+0
6.9414000E+1	6.1982992E+1	6.0305366E+1	0.0000000E+0	0.0000000E+0	1.0000000E+2	0.0000000E+0
6.9464000E+1	6.1977849E+1	6.0297182E+1	0.0000000E+0	0.0000000E+0	1.0000000E+2	0.0000000E+0
6.9514000E+1	6.2018621E+1	6.0305891E+1	0.0000000E+0	0.0000000E+0	1.0000000E+2	0.0000000E+0
6.9564000E+1	6.2006394E+1	6.0295772E+1	0.0000000E+0	0.0000000E+0	1.0000000E+2	0.0000000E+0
6.9614000E+1	6.1980190E+1	6.0293826E+1	0.0000000E+0	0.0000000E+0	1.0000000E+2	0.0000000E+0
6.9664000E+1	6.1950864E+1	6.0296590E+1	0.0000000E+0	0.0000000E+0	1.0000000E+2	0.0000000E+0
6.9714000E+1	6.1957157E+1	6.0284274E+1	0.0000000E+0	0.0000000E+0	1.0000000E+2	0.0000000E+0
6.9764000E+1	6.1961773E+1	6.0296749E+1	0.0000000E+0	0.0000000E+0	1.0000000E+2	0.0000000E+0
6.9814000E+1	6.1968451E+1	6.0291388E+1	0.0000000E+0	0.0000000E+0	1.0000000E+2	0.0000000E+0
6.9864000E+1	6.1978999E+1	6.0290366E+1	0.0000000E+0	0.0000000E+0	1.0000000E+2	0.0000000E+0
6.9914000E+1	6.1990871E+1	6.0293852E+1	0.0000000E+0	0.0000000E+0	1.0000000E+2	0.0000000E+0
6.9965000E+1	6.1982352E+1	6.0285038E+1	0.0000000E+0	0.0000000E+0	1.0000000E+2	0.0000000E+0
7.0015000E+1	6.1991054E+1	6.0304614E+1	0.0000000E+0	0.0000000E+0	1.0000000E+2	0.0000000E+0
7.0065000E+1	6.1998753E+1	6.0276058E+1	0.0000000E+0	0.0000000E+0	1.0000000E+2	0.0000000E+0
7.0116000E+1	6.2006211E+1	6.0306359E+1	0.0000000E+0	0.0000000E+0	1.0000000E+2	0.0000000E+0
7.0166000E+1	6.2029320E+1	6.0322972E+1	0.0000000E+0	0.0000000E+0	1.0000000E+2	0.0000000E+0
7.0217000E+1	6.2043975E+1	6.0312375E+1	0.0000000E+0	0.0000000E+0	1.0000000E+2	0.0000000E+0
7.0267000E+1	6.2042062E+1	6.0311917E+1	0.0000000E+0	0.0000000E+0	1.0000000E+2	0.0000000E+0
7.0317000E+1	6.2051205E+1	6.0301511E+1	0.0000000E+0	0.0000000E+0	1.0000000E+2	0.0000000E+0
7.0368000E+1	6.2064997E+1	6.0305426E+1	0.0000000E+0	0.0000000E+0	1.0000000E+2	0.0000000E+0
7.0419000E+1	6.2060446E+1	6.0307546E+1	0.0000000E+0	0.0000000E+0	1.0000000E+2	0.0000000E+0
7.0470000E+1	6.2039140E+1	6.0306735E+1	0.0000000E+0	0.0000000E+0	1.0000000E+2	0.0000000E+0
7.0520000E+1	6.2015893E+1	6.0309149E+1	0.0000000E+0	0.0000000E+0	1.0000000E+2	0.0000000E+0
7.0570000E+1	6.2007486E+1	6.0312630E+1	0.0000000E+0	0.0000000E+0	1.0000000E+2	0.0000000E+0
7.0620000E+1	6.2008280E+1	6.0309693E+1	0.0000000E+0	0.0000000E+0	1.0000000E+2	0.0000000E+0
7.0671000E+1	6.2025085E+1	6.0322688E+1	0.0000000E+0	0.0000000E+0	1.0000000E+2	0.0000000E+0
7.0722000E+1	6.2009648E+1	6.0314190E+1	0.0000000E+0	0.0000000E+0	1.0000000E+2	0.0000000E+0
7.0772000E+1	6.1999656E+1	6.0321354E+1	0.0000000E+0	0.0000000E+0	1.0000000E+2	0.0000000E+0
7.0823000E+1	6.1996034E+1	6.0326387E+1	0.0000000E+0	0.0000000E+0	1.0000000E+2	0.0000000E+0
7.0873000E+1	6.1985140E+1	6.0311885E+1	0.0000000E+0	0.0000000E+0	1.0000000E+2	0.0000000E+0
7.0923000E+1	6.1956917E+1	6.0304668E+1	0.0000000E+0	0.0000000E+0	1.0000000E+2	0.0000000E+0
7.0973000E+1	6.1941276E+1	6.0308501E+1	0.0000000E+0	0.0000000E+0	1.0000000E+2	0.0000000E+0
7.1023000E+1	6.1925701E+1	6.0310558E+1	0.0000000E+0	0.0000000E+0	1.0000000E+2	0.0000000E+0
7.1073000E+1	6.1914261E+1	6.0303557E+1	0.0000000E+0	0.0000000E+0	1.0000000E+2	0.0000000E+0
7.1123000E+1	6.1922737E+1	6.0317756E+1	0.0000000E+0	0.0000000E+0	1.0000000E+2	0.0000000E+0
7.1173000E+1	6.1917181E+1	6.0319424E+1	0.0000000E+0	0.0000000E+0	1.0000000E+2	0.0000000E+0
7.1224000E+1	6.1899377E+1	6.0307558E+1	0.0000000E+0	0.0000000E+0	1.0000000E+2	0.0000000E+0
7.1274000E+1	6.1890695E+1	6.0325463E+1	0.0000000E+0	0.0000000E+0	1.0000000E+2	0.0000000E+0
7.1325000E+1	6.1849932E+1	6.0324930E+1	0.0000000E+0	0.0000000E+0	1.0000000E+2	0.0000000E+0
7.1375000E+1	6.1814463E+1	6.0334747E+1	0.0000000E+0	0.0000000E+0	1.0000000E+2	0.0000000E+0
7.1425000E+1	6.1785762E+1	6.0326178E+1	0.0000000E+0	0.0000000E+0	1.0000000E+2	0.0000000E+0
7.1475000E+1	6.1764339E+1	6.0324515E+1	0.0000000E+0	0.0000000E+0	1.0000000E+2	0.0000000E+0
7.1526000E+1	6.1767022E+1	6.0334084E+1	0.0000000E+0	0.0000000E+0	1.0000000E+2	0.0000000E+0
7.1576000E+1	6.1753315E+1	6.0333094E+1	0.0000000E+0	0.0000000E+0	1.0000000E+2	0.0000000E+0
7.1627000E+1	6.1758290E+1	6.0322696E+1	0.0000000E+0	0.0000000E+0	1.0000000E+2	0.0000000E+0
7.1677000E+1	6.1763873E+1	6.0328627E+1	0.0000000E+0	0.0000000E+0	1.0000000E+2	0.0000000E+0
7.1728000E+1	6.1758056E+1	6.0321936E+1	0.0000000E+0	0.0000000E+0	1.0000000E+2	0.0000000E+0
7.1778000E+1	6.1762472E+1	6.0333840E+1	0.0000000E+0	0.0000000E+0	1.0000000E+2	0.0000000E+0
7.1828000E+1	6.1740033E+1	6.0332794E+1	0.0000000E+0	0.0000000E+0	1.0000000E+2	0.0000000E+0
7.1878000E+1	6.1744806E+1	6.0328697E+1	0.0000000E+0	0.0000000E+0	1.0000000E+2	0.0000000E+0
7.1929000E+1	6.1745789E+1	6.0330306E+1	0.0000000E+0	0.0000000E+0	1.0000000E+2	0.0000000E+0
7.1980000E+1	6.1755198E+1	6.0322660E+1	0.0000000E+0	0.0000000E+0	1.0000000E+2	0.0000000E+0
7.2030000E+1	6.1752616E+1	6.0323039E+1	0.0000000E+0	0.0000000E+0	1.0000000E+2	0.0000000E+0
7.2080000E+1	6.1740727E+1	6.0297681E+1	0.0000000E+0	0.0000000E+0	1.0000000E+2	0.0000000E+0
7.2130000E+1	6.1767856E+1	6.0313013E+1	0.0000000E+0	0.0000000E+0	1.0000000E+2	0.0000000E+0
7.2180000E+1	6.1771394E+1	6.0330362E+1	0.0000000E+0	0.0000000E+0	1.0000000E+2	0.0000000E+0
7.2230000E+1	6.1782132E+1	6.0333406E+1	0.0000000E+0	0.0000000E+0	1.0000000E+2	0.0000000E+0
7.2280000E+1	6.1788519E+1	6.0333513E+1	0.0000000E+0	0.0000000E+0	1.0000000E+2	0.0000000E+0
7.2330000E+1	6.1804898E+1	6.0319760E+1	0.0000000E+0	0.0000000E+0	1.0000000E+2	0.0000000E+0
7.2380000E+1	6.1830562E+1	6.0320619E+1	0.0000000E+0	0.0000000E+0	1.0000000E+2	0.0000000E+0
7.2430000E+1	6.1843625E+1	6.0343675E+1	0.0000000E+0	0.0000000E+0	1.0000000E+2	0.0000000E+0
7.2482000E+1	6.1869881E+1	6.0349939E+1	0.0000000E+0	0.0000000E+0	1.0000000E+2	0.0000000E+0
7.2532000E+1	6.1886589E+1	6.0342481E+1	0.0000000E+0	0.0000000E+0	1.0000000E+2	0.0000000E+0
7.2582000E+1	6.1873542E+1	6.0322623E+1	0.0000000E+0	0.0000000E+0	1.0000000E+2	0.0000000E+0
7.2633000E+1	6.1881661E+1	6.0320839E+1	0.0000000E+0	0.0000000E+0	1.0000000E+2	0.0000000E+0
7.2683000E+1	6.1901272E+1	6.0319334E+1	0.0000000E+0	0.0000000E+0	1.0000000E+2	0.0000000E+0
7.2733000E+1	6.1937473E+1	6.0329263E+1	0.0000000E+0	0.0000000E+0	1.0000000E+2	0.0000000E+0
7.2784000E+1	6.1952575E+1	6.0331642E+1	0.0000000E+0	0.0000000E+0	1.0000000E+2	0.0000000E+0
7.2835000E+1	6.1974243E+1	6.0329848E+1	0.0000000E+0	0.0000000E+0	1.0000000E+2	0.0000000E+0
7.2885000E+1	6.2005151E+1	6.0327979E+1	0.0000000E+0	0.0000000E+0	1.0000000E+2	0.0000000E+0
7.2935000E+1	6.1975796E+1	6.0327849E+1	0.0000000E+0	0.0000000E+0	1.0000000E+2	0.0000000E+0
7.2985000E+1	6.1969936E+1	6.0319565E+1	0.0000000E+0	0.0000000E+0	1.0000000E+2	0.0000000E+0
7.3036000E+1	6.1999704E+1	6.0317381E+1	0.0000000E+0	0.0000000E+0	1.0000000E+2	0.0000000E+0
7.3086000E+1	6.2022014E+1	6.0320832E+1	0.0000000E+0	0.0000000E+0	1.0000000E+2	0.0000000E+0
7.3137000E+1	6.2050594E+1	6.0332127E+1	0.0000000E+0	0.0000000E+0	1.0000000E+2	0.0000000E+0
7.3188000E+1	6.2076289E+1	6.0330550E+1	0.0000000E+0	0.0000000E+0	1.0000000E+2	0.0000000E+0
7.3239000E+1	6.2085702E+1	6.0327086E+1	0.0000000E+0	0.0000000E+0	1.0000000E+2	0.0000000E+0
7.3289000E+1	6.2092415E+1	6.0322113E+1	0.0000000E+0	0.0000000E+0	1.0000000E+2	0.0000000E+0
7.3339000E+1	6.2127325E+1	6.0321701E+1	0.0000000E+0	0.0000000E+0	1.0000000E+2	0.0000000E+0
7.3390000E+1	6.2158986E+1	6.0326791E+1	0.0000000E+0	0.0000000E+0	1.0000000E+2	0.0000000E+0
7.3440000E+1	6.2184540E+1	6.0336333E+1	0.0000000E+0	0.0000000E+0	1.0000000E+2	0.0000000E+0
7.3490000E+1	6.2216637E+1	6.0330806E+1	0.0000000E+0	0.0000000E+0	1.0000000E+2	0.0000000E+0
7.3540000E+1	6.2256416E+1	6.0328452E+1	0.0000000E+0	0.0000000E+0	1.0000000E+2	0.0000000E+0
7.3590000E+1	6.2270578E+1	6.0330768E+1	0.0000000E+0	0.0000000E+0	1.0000000E+2	0.0000000E+0
7.3640000E+1	6.2280793E+1	6.0315114E+1	0.0000000E+0	0.0000000E+0	1.0000000E+2	0.0000000E+0
7.3690000E+1	6.2298694E+1	6.0299552E+1	0.0000000E+0	0.0000000E+0	1.0000000E+2	0.0000000E+0
7.3740000E+1	6.2290828E+1	6.0286233E+1	0.0000000E+0	0.0000000E+0	1.0000000E+2	0.0000000E+0
7.3790000E+1	6.2291559E+1	6.0291240E+1	0.0000000E+0	0.0000000E+0	1.0000000E+2	0.0000000E+0
7.3840000E+1	6.2307105E+1	6.0277783E+1	0.0000000E+0	0.0000000E+0	1.0000000E+2	0.0000000E+0
7.3890000E+1	6.2323538E+1	6.0277167E+1	0.0000000E+0	0.0000000E+0	1.0000000E+2	0.0000000E+0
7.3941000E+1	6.2347843E+1	6.0266429E+1	0.0000000E+0	0.0000000E+0	1.0000000E+2	0.0000000E+0
7.3991000E+1	6.2349039E+1	6.0237003E+1	0.0000000E+0	0.0000000E+0	1.0000000E+2	0.0000000E+0
7.4041000E+1	6.2352621E+1	6.0232540E+1	0.0000000E+0	0.0000000E+0	1.0000000E+2	0.0000000E+0
7.4092000E+1	6.2370178E+1	6.0241470E+1	0.0000000E+0	0.0000000E+0	1.0000000E+2	0.0000000E+0
7.4142000E+1	6.2399081E+1	6.0250574E+1	0.0000000E+0	0.0000000E+0	1.0000000E+2	0.0000000E+0
7.4193000E+1	6.2407548E+1	6.0258770E+1	0.0000000E+0	0.0000000E+0	1.0000000E+2	0.0000000E+0
7.4243000E+1	6.2415664E+1	6.0242190E+1	0.0000000E+0	0.0000000E+0	1.0000000E+2	0.0000000E+0
7.4294000E+1	6.2406132E+1	6.0243482E+1	0.0000000E+0	0.0000000E+0	1.0000000E+2	0.0000000E+0
7.4344000E+1	6.2379946E+1	6.0229883E+1	0.0000000E+0	0.0000000E+0	1.0000000E+2	0.0000000E+0
7.4395000E+1	6.2383833E+1	6.0235256E+1	0.0000000E+0	0.0000000E+0	1.0000000E+2	0.0000000E+0
7.4445000E+1	6.2412525E+1	6.0247416E+1	0.0000000E+0	0.0000000E+0	1.0000000E+2	0.0000000E+0
7.4495000E+1	6.2432799E+1	6.0236918E+1	0.0000000E+0	0.0000000E+0	1.0000000E+2	0.0000000E+0
7.4545000E+1	6.2456010E+1	6.0258107E+1	0.0000000E+0	0.0000000E+0	1.0000000E+2	0.0000000E+0
7.4595000E+1	6.2474783E+1	6.0262900E+1	0.0000000E+0	0.0000000E+0	1.0000000E+2	0.0000000E+0
7.4645000E+1	6.2469853E+1	6.0248887E+1	0.0000000E+0	0.0000000E+0	1.0000000E+2	0.0000000E+0
7.4696000E+1	6.2466552E+1	6.0260570E+1	0.0000000E+0	0.0000000E+0	1.0000000E+2	0.0000000E+0
7.4746000E+1	6.2455092E+1	6.0241355E+1	0.0000000E+0	0.0000000E+0	1.0000000E+2	0.0000000E+0
7.4796000E+1	6.2460962E+1	6.0253223E+1	0.0000000E+0	0.0000000E+0	1.0000000E+2	0.0000000E+0
7.4846000E+1	6.2465723E+1	6.0265729E+1	0.0000000E+0	0.0000000E+0	1.0000000E+2	0.0000000E+0
7.4896000E+1	6.2479371E+1	6.0265945E+1	0.0000000E+0	0.0000000E+0	1.0000000E+2	0.0000000E+0
7.4946000E+1	6.2475951E+1	6.0271580E+1	0.0000000E+0	0.0000000E+0	1.0000000E+2	0.0000000E+0
7.4996000E+1	6.2470780E+1	6.0261323E+1	0.0000000E+0	0.0000000E+0	1.0000000E+2	0.0000000E+0
7.5046000E+1	6.2457112E+1	6.0265890E+1	0.0000000E+0	0.0000000E+0	1.0000000E+2	0.0000000E+0
7.5096000E+1	6.2446559E+1	6.0253220E+1	0.0000000E+0	0.0000000E+0	1.0000000E+2	0.0000000E+0
7.5146000E+1	6.2429947E+1	6.0261409E+1	0.0000000E+0	0.0000000E+0	1.0000000E+2	0.0000000E+0
7.5197000E+1	6.2390980E+1	6.0253671E+1	0.0000000E+0	0.0000000E+0	1.0000000E+2	0.0000000E+0
7.5248000E+1	6.2389124E+1	6.0269087E+1	0.0000000E+0	0.0000000E+0	1.0000000E+2	0.0000000E+0
7.5298000E+1	6.2399338E+1	6.0281405E+1	0.0000000E+0	0.0000000E+0	1.0000000E+2	0.0000000E+0
7.5348000E+1	6.2388398E+1	6.0279421E+1	0.0000000E+0	0.0000000E+0	1.0000000E+2	0.0000000E+0
7.5398000E+1	6.2361108E+1	6.0281756E+1	0.0000000E+0	0.0000000E+0	1.0000000E+2	0.0000000E+0
7.5449000E+1	6.2352059E+1	6.0271858E+1	0.0000000E+0	0.0000000E+0	1.0000000E+2	0.0000000E+0
7.5499000E+1	6.2346289E+1	6.0274396E+1	0.0000000E+0	0.0000000E+0	1.0000000E+2	0.0000000E+0
7.5550000E+1	6.2336422E+1	6.0281090E+1	0.0000000E+0	0.0000000E+0	1.0000000E+2	0.0000000E+0
7.5600000E+1	6.2316425E+1	6.0278148E+1	0.0000000E+0	0.0000000E+0	1.0000000E+2	0.0000000E+0
7.5651000E+1	6.2288876E+1	6.0284272E+1	0.0000000E+0	0.0000000E+0	1.0000000E+2	0.0000000E+0
7.5702000E+1	6.2286531E+1	6.0296358E+1	0.0000000E+0	0.0000000E+0	1.0000000E+2	0.0000000E+0
7.5752000E+1	6.2274032E+1	6.0291240E+1	0.0000000E+0	0.0000000E+0	1.0000000E+2	0.0000000E+0
7.5803000E+1	6.2231305E+1	6.0285163E+1	0.0000000E+0	0.0000000E+0	1.0000000E+2	0.0000000E+0
7.5853000E+1	6.2208190E+1	6.0284998E+1	0.0000000E+0	0.0000000E+0	1.0000000E+2	0.0000000E+0
7.5903000E+1	6.2195771E+1	6.0282326E+1	0.0000000E+0	0.0000000E+0	1.0000000E+2	0.0000000E+0
7.5953000E+1	6.2180004E+1	6.0273982E+1	0.0000000E+0	0.0000000E+0	1.0000000E+2	0.0000000E+0
7.6003000E+1	6.2182283E+1	6.0290676E+1	0.0000000E+0	0.0000000E+0	1.0000000E+2	0.0000000E+0
7.6053000E+1	6.2177042E+1	6.0280626E+1	0.0000000E+0	0.0000000E+0	1.0000000E+2	0.0000000E+0
7.6104000E+1	6.2164058E+1	6.0279212E+1	0.0000000E+0	0.0000000E+0	1.0000000E+2	0.0000000E+0
7.6154000E+1	6.2134693E+1	6.0282293E+1	0.0000000E+0	0.0000000E+0	1.0000000E+2	0.0000000E+0
7.6204000E+1	6.2114234E+1	6.0294052E+1	0.0000000E+0	0.0000000E+0	1.0000000E+2	0.0000000E+0
7.6255000E+1	6.2096499E+1	6.0292868E+1	0.0000000E+0	0.0000000E+0	1.0000000E+2	0.0000000E+0
7.6305000E+1	6.2107742E+1	6.0300583E+1	0.0000000E+0	0.0000000E+0	1.0000000E+2	0.0000000E+0
7.6355000E+1	6.2097935E+1	6.0309951E+1	0.0000000E+0	0.0000000E+0	1.0000000E+2	0.0000000E+0
7.6405000E+1	6.2094274E+1	6.0303998E+1	0.0000000E+0	0.0000000E+0	1.0000000E+2	0.0000000E+0
7.6455000E+1	6.2067542E+1	6.0298074E+1	0.0000000E+0	0.0000000E+0	1.0000000E+2	0.0000000E+0
7.6505000E+1	6.2038889E+1	6.0303039E+1	0.0000000E+0	0.0000000E+0	1.0000000E+2	0.0000000E+0
7.6556000E+1	6.2011725E+1	6.0308542E+1	0.0000000E+0	0.0000000E+0	1.0000000E+2	0.0000000E+0
7.6606000E+1	6.1980748E+1	6.0298229E+1	0.0000000E+0	0.0000000E+0	1.0000000E+2	0.0000000E+0
7.6656000E+1	6.1966277E+1	6.0291999E+1	0.0000000E+0	0.0000000E+0	1.0000000E+2	0.0000000E+0
7.6706000E+1	6.1963971E+1	6.0298324E+1	0.0000000E+0	0.0000000E+0	1.0000000E+2	0.0000000E+0
7.6756000E+1	6.1954716E+1	6.0305628E+1	0.0000000E+0	0.0000000E+0	1.0000000E+2	0.0000000E+0
7.6806000E+1	6.1942309E+1	6.0300452E+1	0.0000000E+0	0.0000000E+0	1.0000000E+2	0.0000000E+0
7.6856000E+1	6.1929334E+1	6.0292265E+1	0.0000000E+0	0.0000000E+0	1.0000000E+2	0.0000000E+0
7.6907000E+1	6.1953401E+1	6.0290681E+1	0.0000000E+0	0.0000000E+0	1.0000000E+2	0.0000000E+0
7.6958000E+1	6.1941350E+1	6.0290263E+1	0.0000000E+0	0.0000000E+0	1.0000000E+2	0.0000000E+0
7.7008000E+1	6.1932327E+1	6.0291740E+1	0.0000000E+0	0.0000000E+0	1.0000000E+2	0.0000000E+0
7.7058000E+1	6.1935569E+1	6.0296420E+1	0.0000000E+0	0.0000000E+0	1.0000000E+2	0.0000000E+0
7.7108000E+1	6.1956072E+1	6.0308734E+1	0.0000000E+0	0.0000000E+0	1.0000000E+2	0.0000000E+0
7.7158000E+1	6.1935719E+1	6.0304868E+1	0.0000000E+0	0.0000000E+0	1.0000000E+2	0.0000000E+0
7.7208000E+1	6.1925809E+1	6.0295713E+1	0.0000000E+0	0.0000000E+0	1.0000000E+2	0.0000000E+0
7.7258000E+1	6.1931793E+1	6.0305561E+1	0.0000000E+0	0.0000000E+0	1.0000000E+2	0.0000000E+0
7.7308000E+1	6.1904505E+1	6.0295365E+1	0.0000000E+0	0.0000000E+0	1.0000000E+2	0.0000000E+0
7.7358000E+1	6.1902463E+1	6.0306595E+1	0.0000000E+0	0.0000000E+0	1.0000000E+2	0.0000000E+0
7.7408000E+1	6.1907601E+1	6.0308240E+1	0.0000000E+0	0.0000000E+0	1.0000000E+2	0.0000000E+0
7.7458000E+1	6.1923038E+1	6.0317319E+1	0.0000000E+0	0.0000000E+0	1.0000000E+2	0.0000000E+0
7.7509000E+1	6.1931692E+1	6.0310011E+1	0.0000000E+0	0.0000000E+0	1.0000000E+2	0.0000000E+0
7.7559000E+1	6.1941758E+1	6.0317016E+1	0.0000000E+0	0.0000000E+0	1.0000000E+2	0.0000000E+0
7.7609000E+1	6.1951553E+1	6.0320880E+1	0.0000000E+0	0.0000000E+0	1.0000000E+2	0.0000000E+0
7.7659000E+1	6.1936513E+1	6.0312690E+1	0.0000000E+0	0.0000000E+0	1.0000000E+2	0.0000000E+0
7.7709000E+1	6.1926952E+1	6.0309119E+1	0.0000000E+0	0.0000000E+0	1.0000000E+2	0.0000000E+0
7.7759000E+1	6.1925206E+1	6.0311652E+1	0.0000000E+0	0.0000000E+0	1.0000000E+2	0.0000000E+0
7.7809000E+1	6.1928622E+1	6.0295373E+1	0.0000000E+0	0.0000000E+0	1.0000000E+2	0.0000000E+0
7.7859000E+1	6.1941209E+1	6.0306555E+1	0.0000000E+0	0.0000000E+0	1.0000000E+2	0.0000000E+0
7.7909000E+1	6.1943475E+1	6.0311195E+1	0.0000000E+0	0.0000000E+0	1.0000000E+2	0.0000000E+0
7.7959000E+1	6.1959218E+1	6.0318752E+1	0.0000000E+0	0.0000000E+0	1.0000000E+2	0.0000000E+0
7.8010000E+1	6.1927292E+1	6.0292879E+1	0.0000000E+0	0.0000000E+0	1.0000000E+2	0.0000000E+0
7.8060000E+1	6.1931459E+1	6.0296229E+1	0.0000000E+0	0.0000000E+0	1.0000000E+2	0.0000000E+0
7.8110000E+1	6.1949171E+1	6.0287813E+1	0.0000000E+0	0.0000000E+0	1.0000000E+2	0.0000000E+0
7.8161000E+1	6.1949941E+1	6.0293445E+1	0.0000000E+0	0.0000000E+0	1.0000000E+2	0.0000000E+0
7.8211000E+1	6.1904312E+1	6.0278929E+1	0.0000000E+0	0.0000000E+0	1.0000000E+2	0.0000000E+0
7.8261000E+1	6.1899431E+1	6.0291127E+1	0.0000000E+0	0.0000000E+0	1.0000000E+2	0.0000000E+0
7.8312000E+1	6.1903787E+1	6.0280753E+1	0.0000000E+0	0.0000000E+0	1.0000000E+2	0.0000000E+0
7.8362000E+1	6.1919559E+1	6.0272905E+1	0.0000000E+0	0.0000000E+0	1.0000000E+2	0.0000000E+0
7.8412000E+1	6.1927785E+1	6.0282230E+1	0.0000000E+0	0.0000000E+0	1.0000000E+2	0.0000000E+0
7.8462000E+1	6.1947326E+1	6.0281552E+1	0.0000000E+0	0.0000000E+0	1.0000000E+2	0.0000000E+0
7.8512000E+1	6.1953763E+1	6.0294988E+1	0.0000000E+0	0.0000000E+0	1.0000000E+2	0.0000000E+0
7.8562000E+1	6.1971378E+1	6.0300810E+1	0.0000000E+0	0.0000000E+0	1.0000000E+2	0.0000000E+0
7.8612000E+1	6.1971597E+1	6.0310788E+1	0.0000000E+0	0.0000000E+0	1.0000000E+2	0.0000000E+0
7.8662000E+1	6.1968053E+1	6.0307372E+1	0.0000000E+0	0.0000000E+0	1.0000000E+2	0.0000000E+0
7.8712000E+1	6.1950455E+1	6.0302878E+1	0.0000000E+0	0.0000000E+0	1.0000000E+2	0.0000000E+0
7.8762000E+1	6.1961531E+1	6.0296179E+1	0.0000000E+0	0.0000000E+0	1.0000000E+2	0.0000000E+0
7.8812000E+1	6.1951857E+1	6.0297817E+1	0.0000000E+0	0.0000000E+0	1.0000000E+2	0.0000000E+0
7.8862000E+1	6.1963721E+1	6.0307170E+1	0.0000000E+0	0.0000000E+0	1.0000000E+2	0.0000000E+0
7.8912000E+1	6.1963812E+1	6.0293988E+1	0.0000000E+0	0.0000000E+0	1.0000000E+2	0.0000000E+0
7.8962000E+1	6.1949506E+1	6.0304190E+1	0.0000000E+0	0.0000000E+0	1.0000000E+2	0.0000000E+0
7.9013000E+1	6.1899203E+1	6.0296986E+1	0.0000000E+0	0.0000000E+0	1.0000000E+2	0.0000000E+0
7.9063000E+1	6.1897571E+1	6.0297681E+1	0.0000000E+0	0.0000000E+0	1.0000000E+2	0.0000000E+0
7.9113000E+1	6.1903868E+1	6.0289777E+1	0.0000000E+0	0.0000000E+0	1.0000000E+2	0.0000000E+0
7.9163000E+1	6.1902440E+1	6.0289856E+1	0.0000000E+0	0.0000000E+0	1.0000000E+2	0.0000000E+0
7.9213000E+1	6.1904997E+1	6.0289700E+1	0.0000000E+0	0.0000000E+0	1.0000000E+2	0.0000000E+0
7.9264000E+1	6.1911366E+1	6.0303685E+1	0.0000000E+0	0.0000000E+0	1.0000000E+2	0.0000000E+0
7.9314000E+1	6.1918211E+1	6.0286401E+1	0.0000000E+0	0.0000000E+0	1.0000000E+2	0.0000000E+0
7.9364000E+1	6.1917516E+1	6.0296475E+1	0.0000000E+0	0.0000000E+0	1.0000000E+2	0.0000000E+0
7.9414000E+1	6.1908572E+1	6.0297637E+1	0.0000000E+0	0.0000000E+0	1.0000000E+2	0.0000000E+0
7.9464000E+1	6.1905703E+1	6.0294385E+1	0.0000000E+0	0.0000000E+0	1.0000000E+2	0.0000000E+0
7.9514000E+1	6.1893874E+1	6.0298742E+1	0.0000000E+0	0.0000000E+0	1.0000000E+2	0.0000000E+0
7.9564000E+1	6.1892023E+1	6.0298329E+1	0.0000000E+0	0.0000000E+0	1.0000000E+2	0.0000000E+0
7.9614000E+1	6.1902072E+1	6.0300064E+1	0.0000000E+0	0.0000000E+0	1.0000000E+2	0.0000000E+0
7.9664000E+1	6.1902598E+1	6.0320787E+1	0.0000000E+0	0.0000000E+0	1.0000000E+2	0.0000000E+0
7.9714000E+1	6.1912356E+1	6.0312046E+1	0.0000000E+0	0.0000000E+0	1.0000000E+2	0.0000000E+0
7.9764000E+1	6.1924221E+1	6.0323916E+1	0.0000000E+0	0.0000000E+0	1.0000000E+2	0.0000000E+0
7.9814000E+1	6.1925203E+1	6.0322399E+1	0.0000000E+0	0.0000000E+0	1.0000000E+2	0.0000000E+0
7.9864000E+1	6.1897535E+1	6.0313207E+1	0.0000000E+0	0.0000000E+0	1.0000000E+2	0.0000000E+0
7.9914000E+1	6.1839190E+1	6.0299851E+1	0.0000000E+0	0.0000000E+0	1.0000000E+2	0.0000000E+0
7.9964000E+1	6.1845530E+1	6.0300586E+1	0.0000000E+0	0.0000000E+0	1.0000000E+2	0.0000000E+0
8.0014000E+1	6.1848603E+1	6.0277589E+1	0.0000000E+0	0.0000000E+0	1.0000000E+2	0.0000000E+0
8.0065000E+1	6.1855393E+1	6.0293145E+1	0.0000000E+0	0.0000000E+0	1.0000000E+2	0.0000000E+0
8.0115000E+1	6.1877616E+1	6.0286465E+1	0.0000000E+0	0.0000000E+0	1.0000000E+2	0.0000000E+0
8.0165000E+1	6.1881222E+1	6.0307702E+1	0.0000000E+0	0.0000000E+0	1.0000000E+2	0.0000000E+0
8.0215000E+1	6.1878636E+1	6.0296397E+1	0.0000000E+0	0.0000000E+0	1.0000000E+2	0.0000000E+0
8.0265000E+1	6.1901038E+1	6.0292886E+1	0.0000000E+0	0.0000000E+0	1.0000000E+2	0.0000000E+0
8.0315000E+1	6.1897140E+1	6.0293321E+1	0.0000000E+0	0.0000000E+0	1.0000000E+2	0.0000000E+0
8.0366000E+1	6.1920960E+1	6.0306457E+1	0.0000000E+0	0.0000000E+0	1.0000000E+2	0.0000000E+0
8.0416000E+1	6.1914190E+1	6.0299591E+1	0.0000000E+0	0.0000000E+0	1.0000000E+2	0.0000000E+0
8.0466000E+1	6.1904154E+1	6.0308258E+1	0.0000000E+0	0.0000000E+0	1.0000000E+2	0.0000000E+0
8.0516000E+1	6.1912147E+1	6.0298211E+1	0.0000000E+0	0.0000000E+0	1.0000000E+2	0.0000000E+0
8.0566000E+1	6.1916571E+1	6.0295680E+1	0.0000000E+0	0.0000000E+0	1.0000000E+2	0.0000000E+0
8.0616000E+1	6.1932441E+1	6.0295884E+1	0.0000000E+0	0.0000000E+0	1.0000000E+2	0.0000000E+0
8.0666000E+1	6.1910120E+1	6.0292342E+1	0.0000000E+0	0.0000000E+0	1.0000000E+2	0.0000000E+0
8.0716000E+1	6.1908181E+1	6.0289875E+1	0.0000000E+0	0.0000000E+0	1.0000000E+2	0.0000000E+0
8.0766000E+1	6.1876959E+1	6.0310210E+1	0.0000000E+0	0.0000000E+0	1.0000000E+2	0.0000000E+0
8.0816000E+1	6.1853619E+1	6.0296468E+1	0.0000000E+0	0.0000000E+0	1.0000000E+2	0.0000000E+0
8.0866000E+1	6.1853244E+1	6.0287279E+1	0.0000000E+0	0.0000000E+0	1.0000000E+2	0.0000000E+0
8.0916000E+1	6.1868359E+1	6.0299301E+1	0.0000000E+0	0.0000000E+0	1.0000000E+2	0.0000000E+0
8.0966000E+1	6.1882041E+1	6.0290864E+1	0.0000000E+0	0.0000000E+0	1.0000000E+2	0.0000000E+0
8.1016000E+1	6.1874863E+1	6.0290318E+1	0.0000000E+0	0.0000000E+0	1.0000000E+2	0.0000000E+0
8.1066000E+1	6.1873833E+1	6.0297546E+1	0.0000000E+0	0.0000000E+0	1.0000000E+2	0.0000000E+0
8.1116000E+1	6.1878586E+1	6.0290823E+1	0.0000000E+0	0.0000000E+0	1.0000000E+2	0.0000000E+0
8.1166000E+1	6.1862790E+1	6.0299262E+1	0.0000000E+0	0.0000000E+0	1.0000000E+2	0.0000000E+0
8.1216000E+1	6.1858207E+1	6.0307202E+1	0.0000000E+0	0.0000000E+0	1.0000000E+2	0.0000000E+0
8.1266000E+1	6.1851131E+1	6.0312546E+1	0.0000000E+0	0.0000000E+0	1.0000000E+2	0.0000000E+0
8.1316000E+1	6.1848789E+1	6.0309026E+1	0.0000000E+0	0.0000000E+0	1.0000000E+2	0.0000000E+0
8.1366000E+1	6.1839934E+1	6.0315665E+1	0.0000000E+0	0.0000000E+0	1.0000000E+2	0.0000000E+0
8.1416000E+1	6.1841369E+1	6.0304933E+1	0.0000000E+0	0.0000000E+0	1.0000000E+2	0.0000000E+0
8.1466000E+1	6.1837650E+1	6.0307396E+1	0.0000000E+0	0.0000000E+0	1.0000000E+2	0.0000000E+0
8.1516000E+1	6.1818626E+1	6.0298551E+1	0.0000000E+0	0.0000000E+0	1.0000000E+2	0.0000000E+0
8.1566000E+1	6.1818539E+1	6.0301464E+1	0.0000000E+0	0.0000000E+0	1.0000000E+2	0.0000000E+0
8.1616000E+1	6.1804073E+1	6.0306157E+1	0.0000000E+0	0.0000000E+0	1.0000000E+2	0.0000000E+0
8.1666000E+1	6.1769631E+1	6.0305715E+1	0.0000000E+0	0.0000000E+0	1.0000000E+2	0.0000000E+0
8.1716000E+1	6.1760474E+1	6.0302502E+1	0.0000000E+0	0.0000000E+0	1.0000000E+2	0.0000000E+0
8.1766000E+1	6.1765470E+1	6.0311010E+1	0.0000000E+0	0.0000000E+0	1.0000000E+2	0.0000000E+0
8.1816000E+1	6.1769723E+1	6.0312680E+1	0.0000000E+0	0.0000000E+0	1.0000000E+2	0.0000000E+0
8.1866000E+1	6.1789479E+1	6.0318285E+1	0.0000000E+0	0.0000000E+0	1.0000000E+2	0.0000000E+0
8.1916000E+1	6.1775696E+1	6.0315616E+1	0.0000000E+0	0.0000000E+0	1.0000000E+2	0.0000000E+0
8.1966000E+1	6.1791619E+1	6.0312496E+1	0.0000000E+0	0.0000000E+0	1.0000000E+2	0.0000000E+0
8.2016000E+1	6.1780077E+1	6.0318780E+1	0.0000000E+0	0.0000000E+0	1.0000000E+2	0.0000000E+0
8.2066000E+1	6.1812271E+1	6.0332423E+1	0.0000000E+0	0.0000000E+0	1.0000000E+2	0.0000000E+0
8.2116000E+1	6.1807249E+1	6.0329875E+1	0.0000000E+0	0.0000000E+0	1.0000000E+2	0.0000000E+0
8.2166000E+1	6.1793062E+1	6.0333499E+1	0.0000000E+0	0.0000000E+0	1.0000000E+2	0.0000000E+0
8.2216000E+1	6.1757309E+1	6.0332142E+1	0.0000000E+0	0.0000000E+0	1.0000000E+2	0.0000000E+0
8.2266000E+1	6.1745334E+1	6.0316849E+1	0.0000000E+0	0.0000000E+0	1.0000000E+2	0.0000000E+0
8.2316000E+1	6.1753221E+1	6.0325706E+1	0.0000000E+0	0.0000000E+0	1.0000000E+2	0.0000000E+0
8.2366000E+1	6.1757873E+1	6.0329307E+1	0.0000000E+0	0.0000000E+0	1.0000000E+2	0.0000000E+0
8.2416000E+1	6.1758446E+1	6.0318550E+1	0.0000000E+0	0.0000000E+0	1.0000000E+2	0.0000000E+0
8.2466000E+1	6.1751965E+1	6.0325152E+1	0.0000000E+0	0.0000000E+0	1.0000000E+2	0.0000000E+0
8.2516000E+1	6.1761825E+1	6.0335750E+1	0.0000000E+0	0.0000000E+0	1.0000000E+2	0.0000000E+0
8.2566000E+1	6.1747407E+1	6.0318292E+1	0.0000000E+0	0.0000000E+0	1.0000000E+2	0.0000000E+0
8.2616000E+1	6.1725040E+1	6.0312511E+1	0.0000000E+0	0.0000000E+0	1.0000000E+2	0.0000000E+0
8.2666000E+1	6.1717032E+1	6.0317363E+1	0.0000000E+0	0.0000000E+0	1.0000000E+2	0.0000000E+0
8.2716000E+1	6.1711704E+1	6.0299329E+1	0.0000000E+0	0.0000000E+0	1.0000000E+2	0.0000000E+0
8.2766000E+1	6.1728972E+1	6.0307487E+1	0.0000000E+0	0.0000000E+0	1.0000000E+2	0.0000000E+0
8.2816000E+1	6.1738285E+1	6.0312563E+1	0.0000000E+0	0.0000000E+0	1.0000000E+2	0.0000000E+0
8.2867000E+1	6.1744976E+1	6.0314761E+1	0.0000000E+0	0.0000000E+0	1.0000000E+2	0.0000000E+0
8.2918000E+1	6.1748048E+1	6.0303332E+1	0.0000000E+0	0.0000000E+0	1.0000000E+2	0.0000000E+0
8.2968000E+1	6.1763282E+1	6.0314195E+1	0.0000000E+0	0.0000000E+0	1.0000000E+2	0.0000000E+0
8.3019000E+1	6.1747974E+1	6.0312492E+1	0.0000000E+0	0.0000000E+0	1.0000000E+2	0.0000000E+0
8.3069000E+1	6.1710016E+1	6.0313569E+1	0.0000000E+0	0.0000000E+0	1.0000000E+2	0.0000000E+0
8.3120000E+1	6.1713896E+1	6.0303965E+1	0.0000000E+0	0.0000000E+0	1.0000000E+2	0.0000000E+0
8.3171000E+1	6.1710867E+1	6.0296246E+1	0.0000000E+0	0.0000000E+0	1.0000000E+2	0.0000000E+0
8.3221000E+1	6.1708737E+1	6.0302375E+1	0.0000000E+0	0.0000000E+0	1.0000000E+2	0.0000000E+0
8.3272000E+1	6.1718724E+1	6.0306256E+1	0.0000000E+0	0.0000000E+0	1.0000000E+2	0.0000000E+0
8.3322000E+1	6.1717687E+1	6.0299472E+1	0.0000000E+0	0.0000000E+0	1.0000000E+2	0.0000000E+0
8.3372000E+1	6.1689447E+1	6.0279943E+1	0.0000000E+0	0.0000000E+0	1.0000000E+2	0.0000000E+0
8.3422000E+1	6.1711165E+1	6.0297113E+1	0.0000000E+0	0.0000000E+0	1.0000000E+2	0.0000000E+0
8.3472000E+1	6.1710438E+1	6.0306895E+1	0.0000000E+0	0.0000000E+0	1.0000000E+2	0.0000000E+0
8.3522000E+1	6.1693302E+1	6.0291580E+1	0.0000000E+0	0.0000000E+0	1.0000000E+2	0.0000000E+0
8.3572000E+1	6.1715566E+1	6.0291243E+1	0.0000000E+0	0.0000000E+0	1.0000000E+2	0.0000000E+0
8.3622000E+1	6.1719953E+1	6.0290888E+1	0.0000000E+0	0.0000000E+0	1.0000000E+2	0.0000000E+0
8.3673000E+1	6.1702445E+1	6.0286720E+1	0.0000000E+0	0.0000000E+0	1.0000000E+2	0.0000000E+0
8.3723000E+1	6.1710008E+1	6.0297966E+1	0.0000000E+0	0.0000000E+0	1.0000000E+2	0.0000000E+0
8.3773000E+1	6.1716202E+1	6.0305988E+1	0.0000000E+0	0.0000000E+0	1.0000000E+2	0.0000000E+0
8.3824000E+1	6.1701303E+1	6.0287739E+1	0.0000000E+0	0.0000000E+0	1.0000000E+2	0.0000000E+0
8.3874000E+1	6.1671802E+1	6.0285330E+1	0.0000000E+0	0.0000000E+0	1.0000000E+2	0.0000000E+0
8.3925000E+1	6.1671254E+1	6.0282707E+1	0.0000000E+0	0.0000000E+0	1.0000000E+2	0.0000000E+0
8.3975000E+1	6.1687573E+1	6.0301017E+1	0.0000000E+0	0.0000000E+0	1.0000000E+2	0.0000000E+0
8.4026000E+1	6.1703857E+1	6.0292220E+1	0.0000000E+0	0.0000000E+0	1.0000000E+2	0.0000000E+0
8.4076000E+1	6.1708495E+1	6.0306069E+1	0.0000000E+0	0.0000000E+0	1.0000000E+2	0.0000000E+0
8.4126000E+1	6.1685544E+1	6.0291358E+1	0.0000000E+0	0.0000000E+0	1.0000000E+2	0.0000000E+0
8.4176000E+1	6.1687674E+1	6.0292831E+1	0.0000000E+0	0.0000000E+0	1.0000000E+2	0.0000000E+0
8.4226000E+1	6.1686348E+1	6.0283348E+1	0.0000000E+0	0.0000000E+0	1.0000000E+2	0.0000000E+0
8.4276000E+1	6.1696665E+1	6.0304101E+1	0.0000000E+0	0.0000000E+0	1.0000000E+2	0.0000000E+0
8.4327000E+1	6.1693808E+1	6.0313219E+1	0.0000000E+0	0.0000000E+0	1.0000000E+2	0.0000000E+0
8.4377000E+1	6.1701531E+1	6.0313975E+1	0.0000000E+0	0.0000000E+0	1.0000000E+2	0.0000000E+0
8.4427000E+1	6.1702797E+1	6.0296720E+1	0.0000000E+0	0.0000000E+0	1.0000000E+2	0.0000000E+0
8.4477000E+1	6.1715663E+1	6.0304745E+1	0.0000000E+0	0.0000000E+0	1.0000000E+2	0.0000000E+0
8.4527000E+1	6.1711727E+1	6.0314826E+1	0.0000000E+0	0.0000000E+0	1.0000000E+2	0.0000000E+0
8.4578000E+1	6.1711595E+1	6.0306936E+1	0.0000000E+0	0.0000000E+0	1.0000000E+2	0.0000000E+0
8.4628000E+1	6.1724467E+1	6.0314251E+1	0.0000000E+0	0.0000000E+0	1.0000000E+2	0.0000000E+0
8.4678000E+1	6.1697000E+1	6.0324452E+1	0.0000000E+0	0.0000000E+0	1.0000000E+2	0.0000000E+0
8.4728000E+1	6.1669866E+1	6.0307154E+1	0.0000000E+0	0.0000000E+0	1.0000000E+2	0.0000000E+0
8.4778000E+1	6.1673434E+1	6.0313833E+1	0.0000000E+0	0.0000000E+0	1.0000000E+2	0.0000000E+0
8.4828000E+1	6.1683014E+1	6.0301099E+1	0.0000000E+0	0.0000000E+0	1.0000000E+2	0.0000000E+0
8.4878000E+1	6.1680983E+1	6.0308645E+1	0.0000000E+0	0.0000000E+0	1.0000000E+2	0.0000000E+0
8.4928000E+1	6.1682882E+1	6.0316673E+1	0.0000000E+0	0.0000000E+0	1.0000000E+2	0.0000000E+0
8.4978000E+1	6.1692042E+1	6.0323581E+1	0.0000000E+0	0.0000000E+0	1.0000000E+2	0.0000000E+0
8.5028000E+1	6.1704776E+1	6.0324068E+1	0.0000000E+0	0.0000000E+0	1.0000000E+2	0.0000000E+0
8.5079000E+1	6.1717512E+1	6.0326506E+1	0.0000000E+0	0.0000000E+0	1.0000000E+2	0.0000000E+0
8.5130000E+1	6.1702490E+1	6.0309717E+1	0.0000000E+0	0.0000000E+0	1.0000000E+2	0.0000000E+0
8.5181000E+1	6.1694857E+1	6.0322320E+1	0.0000000E+0	0.0000000E+0	1.0000000E+2	0.0000000E+0
8.5232000E+1	6.1702192E+1	6.0325880E+1	0.0000000E+0	0.0000000E+0	1.0000000E+2	0.0000000E+0
8.5282000E+1	6.1722796E+1	6.0323574E+1	0.0000000E+0	0.0000000E+0	1.0000000E+2	0.0000000E+0
8.5332000E+1	6.1738684E+1	6.0314688E+1	0.0000000E+0	0.0000000E+0	1.0000000E+2	0.0000000E+0
8.5382000E+1	6.1750328E+1	6.0305494E+1	0.0000000E+0	0.0000000E+0	1.0000000E+2	0.0000000E+0
8.5432000E+1	6.1782269E+1	6.0327714E+1	0.0000000E+0	0.0000000E+0	1.0000000E+2	0.0000000E+0
8.5483000E+1	6.1785852E+1	6.0311300E+1	0.0000000E+0	0.0000000E+0	1.0000000E+2	0.0000000E+0
8.5533000E+1	6.1789956E+1	6.0311232E+1	0.0000000E+0	0.0000000E+0	1.0000000E+2	0.0000000E+0
8.5583000E+1	6.1790695E+1	6.0317616E+1	0.0000000E+0	0.0000000E+0	1.0000000E+2	0.0000000E+0
8.5633000E+1	6.1801210E+1	6.0312889E+1	0.0000000E+0	0.0000000E+0	1.0000000E+2	0.0000000E+0
8.5683000E+1	6.1815040E+1	6.0306366E+1	0.0000000E+0	0.0000000E+0	1.0000000E+2	0.0000000E+0
8.5734000E+1	6.1824514E+1	6.0303171E+1	0.0000000E+0	0.0000000E+0	1.0000000E+2	0.0000000E+0
8.5784000E+1	6.1846489E+1	6.0306961E+1	0.0000000E+0	0.0000000E+0	1.0000000E+2	0.0000000E+0
8.5834000E+1	6.1844912E+1	6.0303324E+1	0.0000000E+0	0.0000000E+0	1.0000000E+2	0.0000000E+0
8.5884000E+1	6.1837308E+1	6.0295125E+1	0.0000000E+0	0.0000000E+0	1.0000000E+2	0.0000000E+0
8.5934000E+1	6.1821059E+1	6.0294412E+1	0.0000000E+0	0.0000000E+0	1.0000000E+2	0.0000000E+0
8.5984000E+1	6.1826685E+1	6.0292468E+1	0.0000000E+0	0.0000000E+0	1.0000000E+2	0.0000000E+0
8.6034000E+1	6.1848298E+1	6.0281967E+1	0.0000000E+0	0.0000000E+0	1.0000000E+2	0.0000000E+0
8.6084000E+1	6.1866830E+1	6.0285975E+1	0.0000000E+0	0.0000000E+0	1.0000000E+2	0.0000000E+0
8.6135000E+1	6.1895167E+1	6.0275810E+1	0.0000000E+0	0.0000000E+0	1.0000000E+2	0.0000000E+0
8.6185000E+1	6.1923187E+1	6.0281401E+1	0.0000000E+0	0.0000000E+0	1.0000000E+2	0.0000000E+0
8.6235000E+1	6.1925419E+1	6.0249845E+1	0.0000000E+0	0.0000000E+0	1.0000000E+2	0.0000000E+0
8.6285000E+1	6.1939030E+1	6.0217710E+1	0.0000000E+0	0.0000000E+0	1.0000000E+2	0.0000000E+0
8.6335000E+1	6.1956393E+1	6.0210753E+1	0.0000000E+0	0.0000000E+0	1.0000000E+2	0.0000000E+0
8.6385000E+1	6.1989141E+1	6.0201591E+1	0.0000000E+0	0.0000000E+0	1.0000000E+2	0.0000000E+0
8.6435000E+1	6.2017789E+1	6.0203047E+1	0.0000000E+0	0.0000000E+0	1.0000000E+2	0.0000000E+0
8.6485000E+1	6.2076512E+1	6.0201895E+1	0.0000000E+0	0.0000000E+0	1.0000000E+2	0.0000000E+0
8.6535000E+1	6.2101663E+1	6.0203130E+1	0.0000000E+0	0.0000000E+0	1.0000000E+2	0.0000000E+0
8.6585000E+1	6.2134396E+1	6.0219550E+1	0.0000000E+0	0.0000000E+0	1.0000000E+2	0.0000000E+0
8.6635000E+1	6.2172154E+1	6.0220166E+1	0.0000000E+0	0.0000000E+0	1.0000000E+2	0.0000000E+0
8.6686000E+1	6.2187557E+1	6.0211038E+1	0.0000000E+0	0.0000000E+0	1.0000000E+2	0.0000000E+0
8.6736000E+1	6.2156468E+1	6.0211385E+1	0.0000000E+0	0.0000000E+0	1.0000000E+2	0.0000000E+0
8.6786000E+1	6.2164404E+1	6.0198191E+1	0.0000000E+0	0.0000000E+0	1.0000000E+2	0.0000000E+0
8.6836000E+1	6.2197848E+1	6.0187168E+1	0.0000000E+0	0.0000000E+0	1.0000000E+2	0.0000000E+0
8.6886000E+1	6.2232629E+1	6.0204202E+1	0.0000000E+0	0.0000000E+0	1.0000000E+2	0.0000000E+0
8.6936000E+1	6.2276604E+1	6.0208088E+1	0.0000000E+0	0.0000000E+0	1.0000000E+2	0.0000000E+0
8.6986000E+1	6.2288180E+1	6.0201784E+1	0.0000000E+0	0.0000000E+0	1.0000000E+2	0.0000000E+0
8.7036000E+1	6.2294394E+1	6.0208089E+1	0.0000000E+0	0.0000000E+0	1.0000000E+2	0.0000000E+0
8.7086000E+1	6.2308461E+1	6.0214712E+1	0.0000000E+0	0.0000000E+0	1.0000000E+2	0.0000000E+0
8.7137000E+1	6.2323557E+1	6.0211604E+1	0.0000000E+0	0.0000000E+0	1.0000000E+2	0.0000000E+0
8.7188000E+1	6.2342673E+1	6.0209583E+1	0.0000000E+0	0.0000000E+0	1.0000000E+2	0.0000000E+0
8.7238000E+1	6.2347363E+1	6.0200935E+1	0.0000000E+0	0.0000000E+0	1.0000000E+2	0.0000000E+0
8.7288000E+1	6.2349943E+1	6.0198022E+1	0.0000000E+0	0.0000000E+0	1.0000000E+2	0.0000000E+0
8.7338000E+1	6.2366588E+1	6.0191916E+1	0.0000000E+0	0.0000000E+0	1.0000000E+2	0.0000000E+0
8.7389000E+1	6.2396863E+1	6.0207693E+1	0.0000000E+0	0.0000000E+0	1.0000000E+2	0.0000000E+0
8.7440000E+1	6.2413620E+1	6.0199386E+1	0.0000000E+0	0.0000000E+0	1.0000000E+2	0.0000000E+0
8.7491000E+1	6.2424109E+1	6.0210719E+1	0.0000000E+0	0.0000000E+0	1.0000000E+2	0.0000000E+0
8.7542000E+1	6.2411117E+1	6.0213903E+1	0.0000000E+0	0.0000000E+0	1.0000000E+2	0.0000000E+0
8.7592000E+1	6.2382443E+1	6.0216323E+1	0.0000000E+0	0.0000000E+0	1.0000000E+2	0.0000000E+0
8.7642000E+1	6.2384410E+1	6.0208481E+1	0.0000000E+0	0.0000000E+0	1.0000000E+2	0.0000000E+0
8.7693000E+1	6.2374896E+1	6.0214990E+1	0.0000000E+0	0.0000000E+0	1.0000000E+2	0.0000000E+0
8.7744000E+1	6.2395380E+1	6.0228662E+1	0.0000000E+0	0.0000000E+0	1.0000000E+2	0.0000000E+0
8.7794000E+1	6.2400977E+1	6.0227862E+1	0.0000000E+0	0.0000000E+0	1.0000000E+2	0.0000000E+0
8.7844000E+1	6.2407824E+1	6.0226860E+1	0.0000000E+0	0.0000000E+0	1.0000000E+2	0.0000000E+0
8.7894000E+1	6.2412743E+1	6.0217238E+1	0.0000000E+0	0.0000000E+0	1.0000000E+2	0.0000000E+0
8.7945000E+1	6.2419112E+1	6.0226878E+1	0.0000000E+0	0.0000000E+0	1.0000000E+2	0.0000000E+0
8.7995000E+1	6.2418023E+1	6.0223282E+1	0.0000000E+0	0.0000000E+0	1.0000000E+2	0.0000000E+0
8.8046000E+1	6.2411842E+1	6.0233280E+1	0.0000000E+0	0.0000000E+0	1.0000000E+2	0.0000000E+0
8.8096000E+1	6.2409757E+1	6.0245304E+1	0.0000000E+0	0.0000000E+0	1.0000000E+2	0.0000000E+0
8.8146000E+1	6.2426724E+1	6.0244724E+1	0.0000000E+0	0.0000000E+0	1.0000000E+2	0.0000000E+0
8.8196000E+1	6.2421303E+1	6.0240447E+1	0.0000000E+0	0.0000000E+0	1.0000000E+2	0.0000000E+0
8.8246000E+1	6.2425306E+1	6.0248754E+1	0.0000000E+0	0.0000000E+0	1.0000000E+2	0.0000000E+0
8.8297000E+1	6.2443984E+1	6.0254500E+1	0.0000000E+0	0.0000000E+0	1.0000000E+2	0.0000000E+0
8.8347000E+1	6.2448984E+1	6.0260446E+1	0.0000000E+0	0.0000000E+0	1.0000000E+2	0.0000000E+0
8.8397000E+1	6.2437805E+1	6.0255420E+1	0.0000000E+0	0.0000000E+0	1.0000000E+2	0.0000000E+0
8.8447000E+1	6.2430799E+1	6.0264230E+1	0.0000000E+0	0.0000000E+0	1.0000000E+2	0.0000000E+0
8.8498000E+1	6.2429488E+1	6.0252961E+1	0.0000000E+0	0.0000000E+0	1.0000000E+2	0.0000000E+0
8.8549000E+1	6.2413171E+1	6.0252146E+1	0.0000000E+0	0.0000000E+0	1.0000000E+2	0.0000000E+0
8.8599000E+1	6.2402719E+1	6.0243469E+1	0.0000000E+0	0.0000000E+0	1.0000000E+2	0.0000000E+0
8.8649000E+1	6.2408919E+1	6.0243505E+1	0.0000000E+0	0.0000000E+0	1.0000000E+2	0.0000000E+0
8.8699000E+1	6.2391229E+1	6.0259656E+1	0.0000000E+0	0.0000000E+0	1.0000000E+2	0.0000000E+0
8.8749000E+1	6.2384637E+1	6.0265279E+1	0.0000000E+0	0.0000000E+0	1.0000000E+2	0.0000000E+0
8.8800000E+1	6.2369436E+1	6.0255583E+1	0.0000000E+0	0.0000000E+0	1.0000000E+2	0.0000000E+0
8.8850000E+1	6.2347849E+1	6.0248596E+1	0.0000000E+0	0.0000000E+0	1.0000000E+2	0.0000000E+0
8.8901000E+1	6.2338330E+1	6.0266592E+1	0.0000000E+0	0.0000000E+0	1.0000000E+2	0.0000000E+0
8.8951000E+1	6.2342905E+1	6.0254365E+1	0.0000000E+0	0.0000000E+0	1.0000000E+2	0.0000000E+0
8.9001000E+1	6.2337405E+1	6.0262334E+1	0.0000000E+0	0.0000000E+0	1.0000000E+2	0.0000000E+0
8.9051000E+1	6.2322272E+1	6.0258299E+1	0.0000000E+0	0.0000000E+0	1.0000000E+2	0.0000000E+0
8.9101000E+1	6.2324915E+1	6.0259716E+1	0.0000000E+0	0.0000000E+0	1.0000000E+2	0.0000000E+0
8.9153000E+1	6.2327723E+1	6.0278796E+1	0.0000000E+0	0.0000000E+0	1.0000000E+2	0.0000000E+0
8.9203000E+1	6.2331143E+1	6.0276141E+1	0.0000000E+0	0.0000000E+0	1.0000000E+2	0.0000000E+0
8.9253000E+1	6.2287240E+1	6.0267432E+1	0.0000000E+0	0.0000000E+0	1.0000000E+2	0.0000000E+0
8.9304000E+1	6.2256397E+1	6.0265455E+1	0.0000000E+0	0.0000000E+0	1.0000000E+2	0.0000000E+0
8.9354000E+1	6.2238455E+1	6.0269643E+1	0.0000000E+0	0.0000000E+0	1.0000000E+2	0.0000000E+0
8.9404000E+1	6.2208385E+1	6.0257634E+1	0.0000000E+0	0.0000000E+0	1.0000000E+2	0.0000000E+0
8.9454000E+1	6.2205326E+1	6.0272742E+1	0.0000000E+0	0.0000000E+0	1.0000000E+2	0.0000000E+0
8.9504000E+1	6.2185693E+1	6.0275440E+1	0.0000000E+0	0.0000000E+0	1.0000000E+2	0.0000000E+0
8.9554000E+1	6.2168258E+1	6.0270689E+1	0.0000000E+0	0.0000000E+0	1.0000000E+2	0.0000000E+0
8.9604000E+1	6.2150117E+1	6.0272898E+1	0.0000000E+0	0.0000000E+0	1.0000000E+2	0.0000000E+0
8.9654000E+1	6.2151329E+1	6.0287642E+1	0.0000000E+0	0.0000000E+0	1.0000000E+2	0.0000000E+0
8.9704000E+1	6.2131421E+1	6.0280228E+1	0.0000000E+0	0.0000000E+0	1.0000000E+2	0.0000000E+0
8.9754000E+1	6.2105600E+1	6.0275713E+1	0.0000000E+0	0.0000000E+0	1.0000000E+2	0.0000000E+0
8.9804000E+1	6.2131898E+1	6.0291178E+1	0.0000000E+0	0.0000000E+0	1.0000000E+2	0.0000000E+0
8.9854000E+1	6.2121791E+1	6.0297693E+1	0.0000000E+0	0.0000000E+0	1.0000000E+2	0.0000000E+0
8.9905000E+1	6.2112003E+1	6.0290588E+1	0.0000000E+0	0.0000000E+0	1.0000000E+2	0.0000000E+0
8.9955000E+1	6.2108264E+1	6.0280835E+1	0.0000000E+0	0.0000000E+0	1.0000000E+2	0.0000000E+0
9.0005000E+1	6.2113335E+1	6.0286266E+1	0.0000000E+0	0.0000000E+0	1.0000000E+2	0.0000000E+0
9.0055000E+1	6.2074118E+1	6.0292999E+1	0.0000000E+0	0.0000000E+0	1.0000000E+2	0.0000000E+0
9.0105000E+1	6.2022437E+1	6.0281145E+1	0.0000000E+0	0.0000000E+0	1.0000000E+2	0.0000000E+0
9.0155000E+1	6.2025797E+1	6.0303250E+1	0.0000000E+0	0.0000000E+0	1.0000000E+2	0.0000000E+0
9.0205000E+1	6.2024396E+1	6.0298754E+1	0.0000000E+0	0.0000000E+0	1.0000000E+2	0.0000000E+0
9.0255000E+1	6.2020216E+1	6.0298411E+1	0.0000000E+0	0.0000000E+0	1.0000000E+2	0.0000000E+0
9.0305000E+1	6.2012242E+1	6.0308053E+1	0.0000000E+0	0.0000000E+0	1.0000000E+2	0.0000000E+0
9.0355000E+1	6.2021906E+1	6.0323248E+1	0.0000000E+0	0.0000000E+0	1.0000000E+2	0.0000000E+0
9.0405000E+1	6.2027932E+1	6.0304231E+1	0.0000000E+0	0.0000000E+0	1.0000000E+2	0.0000000E+0
9.0455000E+1	6.2033976E+1	6.0308506E+1	0.0000000E+0	0.0000000E+0	1.0000000E+2	0.0000000E+0
9.0505000E+1	6.2053608E+1	6.0305755E+1	0.0000000E+0	0.0000000E+0	1.0000000E+2	0.0000000E+0
9.0555000E+1	6.2032646E+1	6.0305182E+1	0.0000000E+0	0.0000000E+0	1.0000000E+2	0.0000000E+0
9.0605000E+1	6.2042878E+1	6.0304978E+1	0.0000000E+0	0.0000000E+0	1.0000000E+2	0.0000000E+0
9.0655000E+1	6.2046878E+1	6.0296682E+1	0.0000000E+0	0.0000000E+0	1.0000000E+2	0.0000000E+0
9.0705000E+1	6.2047000E+1	6.0299117E+1	0.0000000E+0	0.0000000E+0	1.0000000E+2	0.0000000E+0
9.0755000E+1	6.2036180E+1	6.0296097E+1	0.0000000E+0	0.0000000E+0	1.0000000E+2	0.0000000E+0
9.0805000E+1	6.2039425E+1	6.0303461E+1	0.0000000E+0	0.0000000E+0	1.0000000E+2	0.0000000E+0
9.0855000E+1	6.2047443E+1	6.0309746E+1	0.0000000E+0	0.0000000E+0	1.0000000E+2	0.0000000E+0
9.0905000E+1	6.2034567E+1	6.0313511E+1	0.0000000E+0	0.0000000E+0	1.0000000E+2	0.0000000E+0
9.0955000E+1	6.2011088E+1	6.0309805E+1	0.0000000E+0	0.0000000E+0	1.0000000E+2	0.0000000E+0
9.1005000E+1	6.1981365E+1	6.0313593E+1	0.0000000E+0	0.0000000E+0	1.0000000E+2	0.0000000E+0
9.1055000E+1	6.1957907E+1	6.0321685E+1	0.0000000E+0	0.0000000E+0	1.0000000E+2	0.0000000E+0
9.1105000E+1	6.1952973E+1	6.0326810E+1	0.0000000E+0	0.0000000E+0	1.0000000E+2	0.0000000E+0
9.1155000E+1	6.1933340E+1	6.0311975E+1	0.0000000E+0	0.0000000E+0	1.0000000E+2	0.0000000E+0
9.1205000E+1	6.1917312E+1	6.0305889E+1	0.0000000E+0	0.0000000E+0	1.0000000E+2	0.0000000E+0
9.1255000E+1	6.1910889E+1	6.0294815E+1	0.0000000E+0	0.0000000E+0	1.0000000E+2	0.0000000E+0
9.1305000E+1	6.1897321E+1	6.0296310E+1	0.0000000E+0	0.0000000E+0	1.0000000E+2	0.0000000E+0
9.1355000E+1	6.1888808E+1	6.0293693E+1	0.0000000E+0	0.0000000E+0	1.0000000E+2	0.0000000E+0
9.1406000E+1	6.1896943E+1	6.0296537E+1	0.0000000E+0	0.0000000E+0	1.0000000E+2	0.0000000E+0
9.1456000E+1	6.1908942E+1	6.0284724E+1	0.0000000E+0	0.0000000E+0	1.0000000E+2	0.0000000E+0
9.1506000E+1	6.1916173E+1	6.0304708E+1	0.0000000E+0	0.0000000E+0	1.0000000E+2	0.0000000E+0
9.1556000E+1	6.1879768E+1	6.0296606E+1	0.0000000E+0	0.0000000E+0	1.0000000E+2	0.0000000E+0
9.1606000E+1	6.1872303E+1	6.0307065E+1	0.0000000E+0	0.0000000E+0	1.0000000E+2	0.0000000E+0
9.1657000E+1	6.1891105E+1	6.0299016E+1	0.0000000E+0	0.0000000E+0	1.0000000E+2	0.0000000E+0
9.1707000E+1	6.1901889E+1	6.0310349E+1	0.0000000E+0	0.0000000E+0	1.0000000E+2	0.0000000E+0
9.1757000E+1	6.1890404E+1	6.0306415E+1	0.0000000E+0	0.0000000E+0	1.0000000E+2	0.0000000E+0
9.1808000E+1	6.1854277E+1	6.0294573E+1	0.0000000E+0	0.0000000E+0	1.0000000E+2	0.0000000E+0
9.1858000E+1	6.1851215E+1	6.0310872E+1	0.0000000E+0	0.0000000E+0	1.0000000E+2	0.0000000E+0
9.1909000E+1	6.1807614E+1	6.0296547E+1	0.0000000E+0	0.0000000E+0	1.0000000E+2	0.0000000E+0
9.1960000E+1	6.1798436E+1	6.0316563E+1	0.0000000E+0	0.0000000E+0	1.0000000E+2	0.0000000E+0
9.2011000E+1	6.1798476E+1	6.0305232E+1	0.0000000E+0	0.0000000E+0	1.0000000E+2	0.0000000E+0
9.2061000E+1	6.1816558E+1	6.0315306E+1	0.0000000E+0	0.0000000E+0	1.0000000E+2	0.0000000E+0
9.2111000E+1	6.1816867E+1	6.0308504E+1	0.0000000E+0	0.0000000E+0	1.0000000E+2	0.0000000E+0
9.2161000E+1	6.1831053E+1	6.0331172E+1	0.0000000E+0	0.0000000E+0	1.0000000E+2	0.0000000E+0
9.2211000E+1	6.1813442E+1	6.0323525E+1	0.0000000E+0	0.0000000E+0	1.0000000E+2	0.0000000E+0
9.2261000E+1	6.1827079E+1	6.0338148E+1	0.0000000E+0	0.0000000E+0	1.0000000E+2	0.0000000E+0
9.2311000E+1	6.1821975E+1	6.0340378E+1	0.0000000E+0	0.0000000E+0	1.0000000E+2	0.0000000E+0
9.2361000E+1	6.1816648E+1	6.0360829E+1	0.0000000E+0	0.0000000E+0	1.0000000E+2	0.0000000E+0
9.2411000E+1	6.1813166E+1	6.0350742E+1	0.0000000E+0	0.0000000E+0	1.0000000E+2	0.0000000E+0
9.2461000E+1	6.1804394E+1	6.0363743E+1	0.0000000E+0	0.0000000E+0	1.0000000E+2	0.0000000E+0
9.2511000E+1	6.1799023E+1	6.0365743E+1	0.0000000E+0	0.0000000E+0	1.0000000E+2	0.0000000E+0
9.2561000E+1	6.1808255E+1	6.0369487E+1	0.0000000E+0	0.0000000E+0	1.0000000E+2	0.0000000E+0
9.2611000E+1	6.1815224E+1	6.0387022E+1	0.0000000E+0	0.0000000E+0	1.0000000E+2	0.0000000E+0
9.2661000E+1	6.1800898E+1	6.0392494E+1	0.0000000E+0	0.0000000E+0	1.0000000E+2	0.0000000E+0
9.2711000E+1	6.1783207E+1	6.0390714E+1	0.0000000E+0	0.0000000E+0	1.0000000E+2	0.0000000E+0
9.2761000E+1	6.1793017E+1	6.0374919E+1	0.0000000E+0	0.0000000E+0	1.0000000E+2	0.0000000E+0
9.2811000E+1	6.1797024E+1	6.0367657E+1	0.0000000E+0	0.0000000E+0	1.0000000E+2	0.0000000E+0
9.2861000E+1	6.1802226E+1	6.0371589E+1	0.0000000E+0	0.0000000E+0	1.0000000E+2	0.0000000E+0
9.2911000E+1	6.1803109E+1	6.0365467E+1	0.0000000E+0	0.0000000E+0	1.0000000E+2	0.0000000E+0
9.2961000E+1	6.1789352E+1	6.0372836E+1	0.0000000E+0	0.0000000E+0	1.0000000E+2	0.0000000E+0
9.3011000E+1	6.1807725E+1	6.0376884E+1	0.0000000E+0	0.0000000E+0	1.0000000E+2	0.0000000E+0
9.3061000E+1	6.1817752E+1	6.0374279E+1	0.0000000E+0	0.0000000E+0	1.0000000E+2	0.0000000E+0
9.3111000E+1	6.1813838E+1	6.0388840E+1	0.0000000E+0	0.0000000E+0	1.0000000E+2	0.0000000E+0
9.3161000E+1	6.1809277E+1	6.0388503E+1	0.0000000E+0	0.0000000E+0	1.0000000E+2	0.0000000E+0
9.3211000E+1	6.1819771E+1	6.0390212E+1	0.0000000E+0	0.0000000E+0	1.0000000E+2	0.0000000E+0
9.3261000E+1	6.1805185E+1	6.0393562E+1	0.0000000E+0	0.0000000E+0	1.0000000E+2	0.0000000E+0
9.3311000E+1	6.1806198E+1	6.0378396E+1	0.0000000E+0	0.0000000E+0	1.0000000E+2	0.0000000E+0
9.3361000E+1	6.1819850E+1	6.0379658E+1	0.0000000E+0	0.0000000E+0	1.0000000E+2	0.0000000E+0
9.3411000E+1	6.1839845E+1	6.0375545E+1	0.0000000E+0	0.0000000E+0	1.0000000E+2	0.0000000E+0
9.3461000E+1	6.1822384E+1	6.0359738E+1	0.0000000E+0	0.0000000E+0	1.0000000E+2	0.0000000E+0
9.3511000E+1	6.1811453E+1	6.0356179E+1	0.0000000E+0	0.0000000E+0	1.0000000E+2	0.0000000E+0
9.3561000E+1	6.1782723E+1	6.0364274E+1	0.0000000E+0	0.0000000E+0	1.0000000E+2	0.0000000E+0
9.3611000E+1	6.1770508E+1	6.0362254E+1	0.0000000E+0	0.0000000E+0	1.0000000E+2	0.0000000E+0
9.3661000E+1	6.1773819E+1	6.0361244E+1	0.0000000E+0	0.0000000E+0	1.0000000E+2	0.0000000E+0
9.3711000E+1	6.1774610E+1	6.0359527E+1	0.0000000E+0	0.0000000E+0	1.0000000E+2	0.0000000E+0
9.3761000E+1	6.1780934E+1	6.0345486E+1	0.0000000E+0	0.0000000E+0	1.0000000E+2	0.0000000E+0
9.3811000E+1	6.1789709E+1	6.0345449E+1	0.0000000E+0	0.0000000E+0	1.0000000E+2	0.0000000E+0
9.3861000E+1	6.1811042E+1	6.0348903E+1	0.0000000E+0	0.0000000E+0	1.0000000E+2	0.0000000E+0
9.3911000E+1	6.1826155E+1	6.0355661E+1	0.0000000E+0	0.0000000E+0	1.0000000E+2	0.0000000E+0
9.3961000E+1	6.1837646E+1	6.0357414E+1	0.0000000E+0	0.0000000E+0	1.0000000E+2	0.0000000E+0
9.4012000E+1	6.1826905E+1	6.0352726E+1	0.0000000E+0	0.0000000E+0	1.0000000E+2	0.0000000E+0
9.4062000E+1	6.1815821E+1	6.0353601E+1	0.0000000E+0	0.0000000E+0	1.0000000E+2	0.0000000E+0
9.4112000E+1	6.1821225E+1	6.0351743E+1	0.0000000E+0	0.0000000E+0	1.0000000E+2	0.0000000E+0
9.4162000E+1	6.1838987E+1	6.0356018E+1	0.0000000E+0	0.0000000E+0	1.0000000E+2	0.0000000E+0
9.4212000E+1	6.1836474E+1	6.0360245E+1	0.0000000E+0	0.0000000E+0	1.0000000E+2	0.0000000E+0
9.4262000E+1	6.1838859E+1	6.0337111E+1	0.0000000E+0	0.0000000E+0	1.0000000E+2	0.0000000E+0
9.4312000E+1	6.1839246E+1	6.0331620E+1	0.0000000E+0	0.0000000E+0	1.0000000E+2	0.0000000E+0
9.4362000E+1	6.1826008E+1	6.0323039E+1	0.0000000E+0	0.0000000E+0	1.0000000E+2	0.0000000E+0
9.4412000E+1	6.1831863E+1	6.0326545E+1	0.0000000E+0	0.0000000E+0	1.0000000E+2	0.0000000E+0
9.4462000E+1	6.1846814E+1	6.0345477E+1	0.0000000E+0	0.0000000E+0	1.0000000E+2	0.0000000E+0
9.4512000E+1	6.1849064E+1	6.0337765E+1	0.0000000E+0	0.0000000E+0	1.0000000E+2	0.0000000E+0
9.4562000E+1	6.1814951E+1	6.0329688E+1	0.0000000E+0	0.0000000E+0	1.0000000E+2	0.0000000E+0
9.4613000E+1	6.1788121E+1	6.0329255E+1	0.0000000E+0	0.0000000E+0	1.0000000E+2	0.0000000E+0
9.4663000E+1	6.1784985E+1	6.0326784E+1	0.0000000E+0	0.0000000E+0	1.0000000E+2	0.0000000E+0
9.4713000E+1	6.1806639E+1	6.0328900E+1	0.0000000E+0	0.0000000E+0	1.0000000E+2	0.0000000E+0
9.4763000E+1	6.1804548E+1	6.0320730E+1	0.0000000E+0	0.0000000E+0	1.0000000E+2	0.0000000E+0
9.4813000E+1	6.1818430E+1	6.0323832E+1	0.0000000E+0	0.0000000E+0	1.0000000E+2	0.0000000E+0
9.4863000E+1	6.1835713E+1	6.0331238E+1	0.0000000E+0	0.0000000E+0	1.0000000E+2	0.0000000E+0
9.4913000E+1	6.1831807E+1	6.0344344E+1	0.0000000E+0	0.0000000E+0	1.0000000E+2	0.0000000E+0
9.4963000E+1	6.1828473E+1	6.0332101E+1	0.0000000E+0	0.0000000E+0	1.0000000E+2	0.0000000E+0
9.5013000E+1	6.1825625E+1	6.0335339E+1	0.0000000E+0	0.0000000E+0	1.0000000E+2	0.0000000E+0
9.5063000E+1	6.1834350E+1	6.0331374E+1	0.0000000E+0	0.0000000E+0	1.0000000E+2	0.0000000E+0
9.5113000E+1	6.1821896E+1	6.0330692E+1	0.0000000E+0	0.0000000E+0	1.0000000E+2	0.0000000E+0
9.5163000E+1	6.1808239E+1	6.0341481E+1	0.0000000E+0	0.0000000E+0	1.0000000E+2	0.0000000E+0
9.5213000E+1	6.1796373E+1	6.0323285E+1	0.0000000E+0	0.0000000E+0	1.0000000E+2	0.0000000E+0
9.5263000E+1	6.1786546E+1	6.0326512E+1	0.0000000E+0	0.0000000E+0	1.0000000E+2	0.0000000E+0
9.5313000E+1	6.1797213E+1	6.0329763E+1	0.0000000E+0	0.0000000E+0	1.0000000E+2	0.0000000E+0
9.5363000E+1	6.1795350E+1	6.0339768E+1	0.0000000E+0	0.0000000E+0	1.0000000E+2	0.0000000E+0
9.5414000E+1	6.1792555E+1	6.0328656E+1	0.0000000E+0	0.0000000E+0	1.0000000E+2	0.0000000E+0
9.5464000E+1	6.1759419E+1	6.0319012E+1	0.0000000E+0	0.0000000E+0	1.0000000E+2	0.0000000E+0
9.5514000E+1	6.1747559E+1	6.0328884E+1	0.0000000E+0	0.0000000E+0	1.0000000E+2	0.0000000E+0
9.5564000E+1	6.1766200E+1	6.0345618E+1	0.0000000E+0	0.0000000E+0	1.0000000E+2	0.0000000E+0
9.5614000E+1	6.1758866E+1	6.0339768E+1	0.0000000E+0	0.0000000E+0	1.0000000E+2	0.0000000E+0
9.5664000E+1	6.1763359E+1	6.0349705E+1	0.0000000E+0	0.0000000E+0	1.0000000E+2	0.0000000E+0
9.5714000E+1	6.1761750E+1	6.0342502E+1	0.0000000E+0	0.0000000E+0	1.0000000E+2	0.0000000E+0
9.5764000E+1	6.1733109E+1	6.0337061E+1	0.0000000E+0	0.0000000E+0	1.0000000E+2	0.0000000E+0
9.5814000E+1	6.1725466E+1	6.0335679E+1	0.0000000E+0	0.0000000E+0	1.0000000E+2	0.0000000E+0
9.5864000E+1	6.1737365E+1	6.0338558E+1	0.0000000E+0	0.0000000E+0	1.0000000E+2	0.0000000E+0
9.5914000E+1	6.1708152E+1	6.0336121E+1	0.0000000E+0	0.0000000E+0	1.0000000E+2	0.0000000E+0
9.5964000E+1	6.1704345E+1	6.0343076E+1	0.0000000E+0	0.0000000E+0	1.0000000E+2	0.0000000E+0
9.6014000E+1	6.1694604E+1	6.0328223E+1	0.0000000E+0	0.0000000E+0	1.0000000E+2	0.0000000E+0
9.6064000E+1	6.1712370E+1	6.0341647E+1	0.0000000E+0	0.0000000E+0	1.0000000E+2	0.0000000E+0
9.6115000E+1	6.1700007E+1	6.0336462E+1	0.0000000E+0	0.0000000E+0	1.0000000E+2	0.0000000E+0
9.6165000E+1	6.1690846E+1	6.0329340E+1	0.0000000E+0	0.0000000E+0	1.0000000E+2	0.0000000E+0
9.6215000E+1	6.1696896E+1	6.0330083E+1	0.0000000E+0	0.0000000E+0	1.0000000E+2	0.0000000E+0
9.6265000E+1	6.1714929E+1	6.0345202E+1	0.0000000E+0	0.0000000E+0	1.0000000E+2	0.0000000E+0
9.6315000E+1	6.1723435E+1	6.0345684E+1	0.0000000E+0	0.0000000E+0	1.0000000E+2	0.0000000E+0
9.6365000E+1	6.1687595E+1	6.0344656E+1	0.0000000E+0	0.0000000E+0	1.0000000E+2	0.0000000E+0
9.6415000E+1	6.1651321E+1	6.0343419E+1	0.0000000E+0	0.0000000E+0	1.0000000E+2	0.0000000E+0
9.6465000E+1	6.1649552E+1	6.0342452E+1	0.0000000E+0	0.0000000E+0	1.0000000E+2	0.0000000E+0
9.6515000E+1	6.1655600E+1	6.0330045E+1	0.0000000E+0	0.0000000E+0	1.0000000E+2	0.0000000E+0
9.6565000E+1	6.1645929E+1	6.0324889E+1	0.0000000E+0	0.0000000E+0	1.0000000E+2	0.0000000E+0
9.6615000E+1	6.1667949E+1	6.0346244E+1	0.0000000E+0	0.0000000E+0	1.0000000E+2	0.0000000E+0
9.6665000E+1	6.1672731E+1	6.0346084E+1	0.0000000E+0	0.0000000E+0	1.0000000E+2	0.0000000E+0
9.6715000E+1	6.1700029E+1	6.0332478E+1	0.0000000E+0	0.0000000E+0	1.0000000E+2	0.0000000E+0
9.6765000E+1	6.1700776E+1	6.0354969E+1	0.0000000E+0	0.0000000E+0	1.0000000E+2	0.0000000E+0
9.6815000E+1	6.1698202E+1	6.0343064E+1	0.0000000E+0	0.0000000E+0	1.0000000E+2	0.0000000E+0
9.6865000E+1	6.1702637E+1	6.0331981E+1	0.0000000E+0	0.0000000E+0	1.0000000E+2	0.0000000E+0
9.6916000E+1	6.1684771E+1	6.0325803E+1	0.0000000E+0	0.0000000E+0	1.0000000E+2	0.0000000E+0
9.6967000E+1	6.1695004E+1	6.0332258E+1	0.0000000E+0	0.0000000E+0	1.0000000E+2	0.0000000E+0
9.7018000E+1	6.1708154E+1	6.0329407E+1	0.0000000E+0	0.0000000E+0	1.0000000E+2	0.0000000E+0
9.7069000E+1	6.1713615E+1	6.0335321E+1	0.0000000E+0	0.0000000E+0	1.0000000E+2	0.0000000E+0
9.7119000E+1	6.1715802E+1	6.0330050E+1	0.0000000E+0	0.0000000E+0	1.0000000E+2	0.0000000E+0
9.7169000E+1	6.1725791E+1	6.0331600E+1	0.0000000E+0	0.0000000E+0	1.0000000E+2	0.0000000E+0
9.7219000E+1	6.1713618E+1	6.0333997E+1	0.0000000E+0	0.0000000E+0	1.0000000E+2	0.0000000E+0
9.7270000E+1	6.1702696E+1	6.0326477E+1	0.0000000E+0	0.0000000E+0	1.0000000E+2	0.0000000E+0
9.7320000E+1	6.1725394E+1	6.0326585E+1	0.0000000E+0	0.0000000E+0	1.0000000E+2	0.0000000E+0
9.7370000E+1	6.1718606E+1	6.0322177E+1	0.0000000E+0	0.0000000E+0	1.0000000E+2	0.0000000E+0
9.7420000E+1	6.1743265E+1	6.0316126E+1	0.0000000E+0	0.0000000E+0	1.0000000E+2	0.0000000E+0
9.7470000E+1	6.1727777E+1	6.0314791E+1	0.0000000E+0	0.0000000E+0	1.0000000E+2	0.0000000E+0
9.7521000E+1	6.1732822E+1	6.0317317E+1	0.0000000E+0	0.0000000E+0	1.0000000E+2	0.0000000E+0
9.7571000E+1	6.1739005E+1	6.0315974E+1	0.0000000E+0	0.0000000E+0	1.0000000E+2	0.0000000E+0
9.7621000E+1	6.1733896E+1	6.0314788E+1	0.0000000E+0	0.0000000E+0	1.0000000E+2	0.0000000E+0
9.7671000E+1	6.1732234E+1	6.0313818E+1	0.0000000E+0	0.0000000E+0	1.0000000E+2	0.0000000E+0
9.7721000E+1	6.1723318E+1	6.0297248E+1	0.0000000E+0	0.0000000E+0	1.0000000E+2	0.0000000E+0
9.7771000E+1	6.1717084E+1	6.0303184E+1	0.0000000E+0	0.0000000E+0	1.0000000E+2	0.0000000E+0
9.7822000E+1	6.1735550E+1	6.0301241E+1	0.0000000E+0	0.0000000E+0	1.0000000E+2	0.0000000E+0
9.7872000E+1	6.1742127E+1	6.0304732E+1	0.0000000E+0	0.0000000E+0	1.0000000E+2	0.0000000E+0
9.7922000E+1	6.1751959E+1	6.0306588E+1	0.0000000E+0	0.0000000E+0	1.0000000E+2	0.0000000E+0
9.7972000E+1	6.1753293E+1	6.0314084E+1	0.0000000E+0	0.0000000E+0	1.0000000E+2	0.0000000E+0
9.8023000E+1	6.1764269E+1	6.0324020E+1	0.0000000E+0	0.0000000E+0	1.0000000E+2	0.0000000E+0
9.8073000E+1	6.1756310E+1	6.0329707E+1	0.0000000E+0	0.0000000E+0	1.0000000E+2	0.0000000E+0
9.8123000E+1	6.1718353E+1	6.0324523E+1	0.0000000E+0	0.0000000E+0	1.0000000E+2	0.0000000E+0
9.8173000E+1	6.1699058E+1	6.0311964E+1	0.0000000E+0	0.0000000E+0	1.0000000E+2	0.0000000E+0
9.8223000E+1	6.1695456E+1	6.0304205E+1	0.0000000E+0	0.0000000E+0	1.0000000E+2	0.0000000E+0
9.8273000E+1	6.1695102E+1	6.0294409E+1	0.0000000E+0	0.0000000E+0	1.0000000E+2	0.0000000E+0
9.8323000E+1	6.1709376E+1	6.0297373E+1	0.0000000E+0	0.0000000E+0	1.0000000E+2	0.0000000E+0
9.8373000E+1	6.1724049E+1	6.0305768E+1	0.0000000E+0	0.0000000E+0	1.0000000E+2	0.0000000E+0
9.8423000E+1	6.1742028E+1	6.0306906E+1	0.0000000E+0	0.0000000E+0	1.0000000E+2	0.0000000E+0
9.8473000E+1	6.1765928E+1	6.0311079E+1	0.0000000E+0	0.0000000E+0	1.0000000E+2	0.0000000E+0
9.8523000E+1	6.1767647E+1	6.0306296E+1	0.0000000E+0	0.0000000E+0	1.0000000E+2	0.0000000E+0
9.8573000E+1	6.1767092E+1	6.0296693E+1	0.0000000E+0	0.0000000E+0	1.0000000E+2	0.0000000E+0
9.8624000E+1	6.1782944E+1	6.0311877E+1	0.0000000E+0	0.0000000E+0	1.0000000E+2	0.0000000E+0
9.8674000E+1	6.1769080E+1	6.0296366E+1	0.0000000E+0	0.0000000E+0	1.0000000E+2	0.0000000E+0
9.8724000E+1	6.1766125E+1	6.0289608E+1	0.0000000E+0	0.0000000E+0	1.0000000E+2	0.0000000E+0
9.8775000E+1	6.1786629E+1	6.0291880E+1	0.0000000E+0	0.0000000E+0	1.0000000E+2	0.0000000E+0
9.8825000E+1	6.1785517E+1	6.0281741E+1	0.0000000E+0	0.0000000E+0	1.0000000E+2	0.0000000E+0
9.8875000E+1	6.1764209E+1	6.0277353E+1	0.0000000E+0	0.0000000E+0	1.0000000E+2	0.0000000E+0
9.8926000E+1	6.1770039E+1	6.0273308E+1	0.0000000E+0	0.0000000E+0	1.0000000E+2	0.0000000E+0
9.8976000E+1	6.1764532E+1	6.0296994E+1	0.0000000E+0	0.0000000E+0	1.0000000E+2	0.0000000E+0
9.9027000E+1	6.1735780E+1	6.0297015E+1	0.0000000E+0	0.0000000E+0	1.0000000E+2	0.0000000E+0
9.9077000E+1	6.1721762E+1	6.0298948E+1	0.0000000E+0	0.0000000E+0	1.0000000E+2	0.0000000E+0
9.9127000E+1	6.1739270E+1	6.0297426E+1	0.0000000E+0	0.0000000E+0	1.0000000E+2	0.0000000E+0
9.9178000E+1	6.1743298E+1	6.0299629E+1	0.0000000E+0	0.0000000E+0	1.0000000E+2	0.0000000E+0
9.9228000E+1	6.1764353E+1	6.0310330E+1	0.0000000E+0	0.0000000E+0	1.0000000E+2	0.0000000E+0
9.9278000E+1	6.1743046E+1	6.0295865E+1	0.0000000E+0	0.0000000E+0	1.0000000E+2	0.0000000E+0
9.9328000E+1	6.1767092E+1	6.0306310E+1	0.0000000E+0	0.0000000E+0	1.0000000E+2	0.0000000E+0
9.9378000E+1	6.1747357E+1	6.0300810E+1	0.0000000E+0	0.0000000E+0	1.0000000E+2	0.0000000E+0
9.9428000E+1	6.1743984E+1	6.0293808E+1	0.0000000E+0	0.0000000E+0	1.0000000E+2	0.0000000E+0
9.9478000E+1	6.1727937E+1	6.0308475E+1	0.0000000E+0	0.0000000E+0	1.0000000E+2	0.0000000E+0
9.9528000E+1	6.1719826E+1	6.0312634E+1	0.0000000E+0	0.0000000E+0	1.0000000E+2	0.0000000E+0
9.9578000E+1	6.1733682E+1	6.0307650E+1	0.0000000E+0	0.0000000E+0	1.0000000E+2	0.0000000E+0
9.9628000E+1	6.1716291E+1	6.0294777E+1	0.0000000E+0	0.0000000E+0	1.0000000E+2	0.0000000E+0
9.9678000E+1	6.1732238E+1	6.0303291E+1	0.0000000E+0	0.0000000E+0	1.0000000E+2	0.0000000E+0
9.9728000E+1	6.1725868E+1	6.0293589E+1	0.0000000E+0	0.0000000E+0	1.0000000E+2	0.0000000E+0
9.9778000E+1	6.1728959E+1	6.0292133E+1	0.0000000E+0	0.0000000E+0	1.0000000E+2	0.0000000E+0
9.9828000E+1	6.1723278E+1	6.0302839E+1	0.0000000E+0	0.0000000E+0	1.0000000E+2	0.0000000E+0
9.9878000E+1	6.1710782E+1	6.0302201E+1	0.0000000E+0	0.0000000E+0	1.0000000E+2	0.0000000E+0
9.9928000E+1	6.1717850E+1	6.0314971E+1	0.0000000E+0	0.0000000E+0	1.0000000E+2	0.0000000E+0
9.9978000E+1	6.1721969E+1	6.0313478E+1	0.0000000E+0	0.0000000E+0	1.0000000E+2	0.0000000E+0
1.0002800E+2	6.1717689E+1	6.0306667E+1	0.0000000E+0	0.0000000E+0	1.0000000E+2	0.0000000E+0
1.0007800E+2	6.1720767E+1	6.0313563E+1	0.0000000E+0	0.0000000E+0	1.0000000E+2	0.0000000E+0
1.0012800E+2	6.1696974E+1	6.0317411E+1	0.0000000E+0	0.0000000E+0	1.0000000E+2	0.0000000E+0
1.0017800E+2	6.1683451E+1	6.0309349E+1	0.0000000E+0	0.0000000E+0	1.0000000E+2	0.0000000E+0
1.0022900E+2	6.1708088E+1	6.0309755E+1	0.0000000E+0	0.0000000E+0	1.0000000E+2	0.0000000E+0
1.0027900E+2	6.1707738E+1	6.0308230E+1	0.0000000E+0	0.0000000E+0	1.0000000E+2	0.0000000E+0
1.0032900E+2	6.1723987E+1	6.0301914E+1	0.0000000E+0	0.0000000E+0	1.0000000E+2	0.0000000E+0
1.0037900E+2	6.1750807E+1	6.0334652E+1	0.0000000E+0	0.0000000E+0	1.0000000E+2	0.0000000E+0
1.0043000E+2	6.1755696E+1	6.0328804E+1	0.0000000E+0	0.0000000E+0	1.0000000E+2	0.0000000E+0
1.0048100E+2	6.1768074E+1	6.0338124E+1	0.0000000E+0	0.0000000E+0	1.0000000E+2	0.0000000E+0
1.0053100E+2	6.1762345E+1	6.0332993E+1	0.0000000E+0	0.0000000E+0	1.0000000E+2	0.0000000E+0
1.0058100E+2	6.1752772E+1	6.0332230E+1	0.0000000E+0	0.0000000E+0	1.0000000E+2	0.0000000E+0
1.0063200E+2	6.1765566E+1	6.0340954E+1	0.0000000E+0	0.0000000E+0	1.0000000E+2	0.0000000E+0
1.0068200E+2	6.1761851E+1	6.0342190E+1	0.0000000E+0	0.0000000E+0	1.0000000E+2	0.0000000E+0
1.0073200E+2	6.1745721E+1	6.0329216E+1	0.0000000E+0	0.0000000E+0	1.0000000E+2	0.0000000E+0
1.0078200E+2	6.1762426E+1	6.0338278E+1	0.0000000E+0	0.0000000E+0	1.0000000E+2	0.0000000E+0
1.0083200E+2	6.1743416E+1	6.0332239E+1	0.0000000E+0	0.0000000E+0	1.0000000E+2	0.0000000E+0
1.0088200E+2	6.1716585E+1	6.0328401E+1	0.0000000E+0	0.0000000E+0	1.0000000E+2	0.0000000E+0
1.0093200E+2	6.1706302E+1	6.0318639E+1	0.0000000E+0	0.0000000E+0	1.0000000E+2	0.0000000E+0
1.0098300E+2	6.1733235E+1	6.0329138E+1	0.0000000E+0	0.0000000E+0	1.0000000E+2	0.0000000E+0
1.0103300E+2	6.1727956E+1	6.0316746E+1	0.0000000E+0	0.0000000E+0	1.0000000E+2	0.0000000E+0
1.0108400E+2	6.1741331E+1	6.0321611E+1	0.0000000E+0	0.0000000E+0	1.0000000E+2	0.0000000E+0
1.0113400E+2	6.1743844E+1	6.0318975E+1	0.0000000E+0	0.0000000E+0	1.0000000E+2	0.0000000E+0
1.0118400E+2	6.1740200E+1	6.0324441E+1	0.0000000E+0	0.0000000E+0	1.0000000E+2	0.0000000E+0
1.0123400E+2	6.1747589E+1	6.0343897E+1	0.0000000E+0	0.0000000E+0	1.0000000E+2	0.0000000E+0
1.0128400E+2	6.1738206E+1	6.0334214E+1	0.0000000E+0	0.0000000E+0	1.0000000E+2	0.0000000E+0
1.0133400E+2	6.1709423E+1	6.0322351E+1	0.0000000E+0	0.0000000E+0	1.0000000E+2	0.0000000E+0
1.0138400E+2	6.1743841E+1	6.0341178E+1	0.0000000E+0	0.0000000E+0	1.0000000E+2	0.0000000E+0
1.0143400E+2	6.1734790E+1	6.0325329E+1	0.0000000E+0	0.0000000E+0	1.0000000E+2	0.0000000E+0
1.0148400E+2	6.1750317E+1	6.0342640E+1	0.0000000E+0	0.0000000E+0	1.0000000E+2	0.0000000E+0
1.0153400E+2	6.1739307E+1	6.0341026E+1	0.0000000E+0	0.0000000E+0	1.0000000E+2	0.0000000E+0
1.0158400E+2	6.1747047E+1	6.0341126E+1	0.0000000E+0	0.0000000E+0	1.0000000E+2	0.0000000E+0
1.0163400E+2	6.1729206E+1	6.0340855E+1	0.0000000E+0	0.0000000E+0	1.0000000E+2	0.0000000E+0
1.0168400E+2	6.1720790E+1	6.0339742E+1	0.0000000E+0	0.0000000E+0	1.0000000E+2	0.0000000E+0
1.0173400E+2	6.1696892E+1	6.0343647E+1	0.0000000E+0	0.0000000E+0	1.0000000E+2	0.0000000E+0
1.0178400E+2	6.1645924E+1	6.0337603E+1	0.0000000E+0	0.0000000E+0	1.0000000E+2	0.0000000E+0
1.0183400E+2	6.1656275E+1	6.0333719E+1	0.0000000E+0	0.0000000E+0	1.0000000E+2	0.0000000E+0
1.0188400E+2	6.1665520E+1	6.0325452E+1	0.0000000E+0	0.0000000E+0	1.0000000E+2	0.0000000E+0
1.0193400E+2	6.1695936E+1	6.0342262E+1	0.0000000E+0	0.0000000E+0	1.0000000E+2	0.0000000E+0
1.0198400E+2	6.1698636E+1	6.0336514E+1	0.0000000E+0	0.0000000E+0	1.0000000E+2	0.0000000E+0
1.0203400E+2	6.1697863E+1	6.0330095E+1	0.0000000E+0	0.0000000E+0	1.0000000E+2	0.0000000E+0
1.0208400E+2	6.1718914E+1	6.0351841E+1	0.0000000E+0	0.0000000E+0	1.0000000E+2	0.0000000E+0
1.0213400E+2	6.1704267E+1	6.0334484E+1	0.0000000E+0	0.0000000E+0	1.0000000E+2	0.0000000E+0
1.0218400E+2	6.1701160E+1	6.0346376E+1	0.0000000E+0	0.0000000E+0	1.0000000E+2	0.0000000E+0
1.0223400E+2	6.1680179E+1	6.0338691E+1	0.0000000E+0	0.0000000E+0	1.0000000E+2	0.0000000E+0
1.0228400E+2	6.1661383E+1	6.0336660E+1	0.0000000E+0	0.0000000E+0	1.0000000E+2	0.0000000E+0
1.0233400E+2	6.1657447E+1	6.0337485E+1	0.0000000E+0	0.0000000E+0	1.0000000E+2	0.0000000E+0
1.0238400E+2	6.1645303E+1	6.0328593E+1	0.0000000E+0	0.0000000E+0	1.0000000E+2	0.0000000E+0
1.0243400E+2	6.1659782E+1	6.0347109E+1	0.0000000E+0	0.0000000E+0	1.0000000E+2	0.0000000E+0
1.0248400E+2	6.1645812E+1	6.0352722E+1	0.0000000E+0	0.0000000E+0	1.0000000E+2	0.0000000E+0
1.0253400E+2	6.1636224E+1	6.0348807E+1	0.0000000E+0	0.0000000E+0	1.0000000E+2	0.0000000E+0
1.0258400E+2	6.1628869E+1	6.0343782E+1	0.0000000E+0	0.0000000E+0	1.0000000E+2	0.0000000E+0
1.0263400E+2	6.1615967E+1	6.0330385E+1	0.0000000E+0	0.0000000E+0	1.0000000E+2	0.0000000E+0
1.0268400E+2	6.1602495E+1	6.0347288E+1	0.0000000E+0	0.0000000E+0	1.0000000E+2	0.0000000E+0
1.0273400E+2	6.1557511E+1	6.0337026E+1	0.0000000E+0	0.0000000E+0	1.0000000E+2	0.0000000E+0
1.0278400E+2	6.1565748E+1	6.0331857E+1	0.0000000E+0	0.0000000E+0	1.0000000E+2	0.0000000E+0
1.0283400E+2	6.1575237E+1	6.0343426E+1	0.0000000E+0	0.0000000E+0	1.0000000E+2	0.0000000E+0
1.0288400E+2	6.1604436E+1	6.0341318E+1	0.0000000E+0	0.0000000E+0	1.0000000E+2	0.0000000E+0
1.0293400E+2	6.1626982E+1	6.0352737E+1	0.0000000E+0	0.0000000E+0	1.0000000E+2	0.0000000E+0
1.0298400E+2	6.1640961E+1	6.0329969E+1	0.0000000E+0	0.0000000E+0	1.0000000E+2	0.0000000E+0
1.0303400E+2	6.1668214E+1	6.0342065E+1	0.0000000E+0	0.0000000E+0	1.0000000E+2	0.0000000E+0
1.0308400E+2	6.1671370E+1	6.0338170E+1	0.0000000E+0	0.0000000E+0	1.0000000E+2	0.0000000E+0
1.0313400E+2	6.1684142E+1	6.0337307E+1	0.0000000E+0	0.0000000E+0	1.0000000E+2	0.0000000E+0
1.0318400E+2	6.1664917E+1	6.0341107E+1	0.0000000E+0	0.0000000E+0	1.0000000E+2	0.0000000E+0
1.0323400E+2	6.1704296E+1	6.0344841E+1	0.0000000E+0	0.0000000E+0	1.0000000E+2	0.0000000E+0
1.0328400E+2	6.1718472E+1	6.0347449E+1	0.0000000E+0	0.0000000E+0	1.0000000E+2	0.0000000E+0
1.0333400E+2	6.1741532E+1	6.0355910E+1	0.0000000E+0	0.0000000E+0	1.0000000E+2	0.0000000E+0
1.0338400E+2	6.1727729E+1	6.0339046E+1	0.0000000E+0	0.0000000E+0	1.0000000E+2	0.0000000E+0
1.0343400E+2	6.1705628E+1	6.0345464E+1	0.0000000E+0	0.0000000E+0	1.0000000E+2	0.0000000E+0
1.0348500E+2	6.1721939E+1	6.0343934E+1	0.0000000E+0	0.0000000E+0	1.0000000E+2	0.0000000E+0
1.0353600E+2	6.1745820E+1	6.0353211E+1	0.0000000E+0	0.0000000E+0	1.0000000E+2	0.0000000E+0
1.0358700E+2	6.1756046E+1	6.0346586E+1	0.0000000E+0	0.0000000E+0	1.0000000E+2	0.0000000E+0
1.0363700E+2	6.1737506E+1	6.0344992E+1	0.0000000E+0	0.0000000E+0	1.0000000E+2	0.0000000E+0
1.0368800E+2	6.1749748E+1	6.0338976E+1	0.0000000E+0	0.0000000E+0	1.0000000E+2	0.0000000E+0
1.0373900E+2	6.1761943E+1	6.0349677E+1	0.0000000E+0	0.0000000E+0	1.0000000E+2	0.0000000E+0
1.0379000E+2	6.1756902E+1	6.0336426E+1	0.0000000E+0	0.0000000E+0	1.0000000E+2	0.0000000E+0
1.0384000E+2	6.1753238E+1	6.0322102E+1	0.0000000E+0	0.0000000E+0	1.0000000E+2	0.0000000E+0
1.0389100E+2	6.1776677E+1	6.0337980E+1	0.0000000E+0	0.0000000E+0	1.0000000E+2	0.0000000E+0
1.0394200E+2	6.1790153E+1	6.0348352E+1	0.0000000E+0	0.0000000E+0	1.0000000E+2	0.0000000E+0
1.0399200E+2	6.1782627E+1	6.0340320E+1	0.0000000E+0	0.0000000E+0	1.0000000E+2	0.0000000E+0
1.0404200E+2	6.1779850E+1	6.0328384E+1	0.0000000E+0	0.0000000E+0	1.0000000E+2	0.0000000E+0
1.0409300E+2	6.1757073E+1	6.0336278E+1	0.0000000E+0	0.0000000E+0	1.0000000E+2	0.0000000E+0
1.0414300E+2	6.1754111E+1	6.0330955E+1	0.0000000E+0	0.0000000E+0	1.0000000E+2	0.0000000E+0
1.0419300E+2	6.1766772E+1	6.0332464E+1	0.0000000E+0	0.0000000E+0	1.0000000E+2	0.0000000E+0
1.0424400E+2	6.1788460E+1	6.0318906E+1	0.0000000E+0	0.0000000E+0	1.0000000E+2	0.0000000E+0
1.0429400E+2	6.1798722E+1	6.0311811E+1	0.0000000E+0	0.0000000E+0	1.0000000E+2	0.0000000E+0
1.0434400E+2	6.1813116E+1	6.0328959E+1	0.0000000E+0	0.0000000E+0	1.0000000E+2	0.0000000E+0
1.0439400E+2	6.1845014E+1	6.0332903E+1	0.0000000E+0	0.0000000E+0	1.0000000E+2	0.0000000E+0
1.0444400E+2	6.1845673E+1	6.0335248E+1	0.0000000E+0	0.0000000E+0	1.0000000E+2	0.0000000E+0
1.0449400E+2	6.1856484E+1	6.0330436E+1	0.0000000E+0	0.0000000E+0	1.0000000E+2	0.0000000E+0
1.0454400E+2	6.1873788E+1	6.0333092E+1	0.0000000E+0	0.0000000E+0	1.0000000E+2	0.0000000E+0
1.0459400E+2	6.1890189E+1	6.0334139E+1	0.0000000E+0	0.0000000E+0	1.0000000E+2	0.0000000E+0
1.0464400E+2	6.1901704E+1	6.0339546E+1	0.0000000E+0	0.0000000E+0	1.0000000E+2	0.0000000E+0
1.0469400E+2	6.1910655E+1	6.0336400E+1	0.0000000E+0	0.0000000E+0	1.0000000E+2	0.0000000E+0
1.0474400E+2	6.1918718E+1	6.0324945E+1	0.0000000E+0	0.0000000E+0	1.0000000E+2	0.0000000E+0
1.0479400E+2	6.1931219E+1	6.0343760E+1	0.0000000E+0	0.0000000E+0	1.0000000E+2	0.0000000E+0
1.0484400E+2	6.1933063E+1	6.0341538E+1	0.0000000E+0	0.0000000E+0	1.0000000E+2	0.0000000E+0
1.0489400E+2	6.1926300E+1	6.0344992E+1	0.0000000E+0	0.0000000E+0	1.0000000E+2	0.0000000E+0
1.0494400E+2	6.1915440E+1	6.0340367E+1	0.0000000E+0	0.0000000E+0	1.0000000E+2	0.0000000E+0
1.0499400E+2	6.1887197E+1	6.0345669E+1	0.0000000E+0	0.0000000E+0	1.0000000E+2	0.0000000E+0
1.0504400E+2	6.1888999E+1	6.0339080E+1	0.0000000E+0	0.0000000E+0	1.0000000E+2	0.0000000E+0
1.0509400E+2	6.1887688E+1	6.0345407E+1	0.0000000E+0	0.0000000E+0	1.0000000E+2	0.0000000E+0
1.0514400E+2	6.1866234E+1	6.0337724E+1	0.0000000E+0	0.0000000E+0	1.0000000E+2	0.0000000E+0
1.0519500E+2	6.1876802E+1	6.0350643E+1	0.0000000E+0	0.0000000E+0	1.0000000E+2	0.0000000E+0
1.0524500E+2	6.1847893E+1	6.0333339E+1	0.0000000E+0	0.0000000E+0	1.0000000E+2	0.0000000E+0
1.0529500E+2	6.1835080E+1	6.0334101E+1	0.0000000E+0	0.0000000E+0	1.0000000E+2	0.0000000E+0
1.0534500E+2	6.1825614E+1	6.0337844E+1	0.0000000E+0	0.0000000E+0	1.0000000E+2	0.0000000E+0
1.0539500E+2	6.1836572E+1	6.0337649E+1	0.0000000E+0	0.0000000E+0	1.0000000E+2	0.0000000E+0
1.0544500E+2	6.1841809E+1	6.0340160E+1	0.0000000E+0	0.0000000E+0	1.0000000E+2	0.0000000E+0
1.0549600E+2	6.1833635E+1	6.0347135E+1	0.0000000E+0	0.0000000E+0	1.0000000E+2	0.0000000E+0
1.0554600E+2	6.1835733E+1	6.0330920E+1	0.0000000E+0	0.0000000E+0	1.0000000E+2	0.0000000E+0
1.0559600E+2	6.1846782E+1	6.0347519E+1	0.0000000E+0	0.0000000E+0	1.0000000E+2	0.0000000E+0
1.0564700E+2	6.1827863E+1	6.0347540E+1	0.0000000E+0	0.0000000E+0	1.0000000E+2	0.0000000E+0
1.0569700E+2	6.1777689E+1	6.0339426E+1	0.0000000E+0	0.0000000E+0	1.0000000E+2	0.0000000E+0
1.0574700E+2	6.1762240E+1	6.0333584E+1	0.0000000E+0	0.0000000E+0	1.0000000E+2	0.0000000E+0
1.0579700E+2	6.1767342E+1	6.0324230E+1	0.0000000E+0	0.0000000E+0	1.0000000E+2	0.0000000E+0
1.0584700E+2	6.1766052E+1	6.0322270E+1	0.0000000E+0	0.0000000E+0	1.0000000E+2	0.0000000E+0
1.0589700E+2	6.1753803E+1	6.0317230E+1	0.0000000E+0	0.0000000E+0	1.0000000E+2	0.0000000E+0
1.0594700E+2	6.1742514E+1	6.0327838E+1	0.0000000E+0	0.0000000E+0	1.0000000E+2	0.0000000E+0
1.0599700E+2	6.1727326E+1	6.0312863E+1	0.0000000E+0	0.0000000E+0	1.0000000E+2	0.0000000E+0
1.0604700E+2	6.1730954E+1	6.0304490E+1	0.0000000E+0	0.0000000E+0	1.0000000E+2	0.0000000E+0
1.0609700E+2	6.1719283E+1	6.0334280E+1	0.0000000E+0	0.0000000E+0	1.0000000E+2	0.0000000E+0
1.0614800E+2	6.1730231E+1	6.0326616E+1	0.0000000E+0	0.0000000E+0	1.0000000E+2	0.0000000E+0
1.0619900E+2	6.1714008E+1	6.0317630E+1	0.0000000E+0	0.0000000E+0	1.0000000E+2	0.0000000E+0
1.0624900E+2	6.1716327E+1	6.0317908E+1	0.0000000E+0	0.0000000E+0	1.0000000E+2	0.0000000E+0
1.0630000E+2	6.1698392E+1	6.0316686E+1	0.0000000E+0	0.0000000E+0	1.0000000E+2	0.0000000E+0
1.0635000E+2	6.1714023E+1	6.0307930E+1	0.0000000E+0	0.0000000E+0	1.0000000E+2	0.0000000E+0
1.0640000E+2	6.1703355E+1	6.0293227E+1	0.0000000E+0	0.0000000E+0	1.0000000E+2	0.0000000E+0
1.0645000E+2	6.1693806E+1	6.0304903E+1	0.0000000E+0	0.0000000E+0	1.0000000E+2	0.0000000E+0
1.0650000E+2	6.1660487E+1	6.0308419E+1	0.0000000E+0	0.0000000E+0	1.0000000E+2	0.0000000E+0
1.0655100E+2	6.1652553E+1	6.0309896E+1	0.0000000E+0	0.0000000E+0	1.0000000E+2	0.0000000E+0
1.0660100E+2	6.1647081E+1	6.0299909E+1	0.0000000E+0	0.0000000E+0	1.0000000E+2	0.0000000E+0
1.0665100E+2	6.1650512E+1	6.0305821E+1	0.0000000E+0	0.0000000E+0	1.0000000E+2	0.0000000E+0
1.0670100E+2	6.1629587E+1	6.0288720E+1	0.0000000E+0	0.0000000E+0	1.0000000E+2	0.0000000E+0
1.0675100E+2	6.1636462E+1	6.0285056E+1	0.0000000E+0	0.0000000E+0	1.0000000E+2	0.0000000E+0
1.0680200E+2	6.1628470E+1	6.0280857E+1	0.0000000E+0	0.0000000E+0	1.0000000E+2	0.0000000E+0
1.0685200E+2	6.1604612E+1	6.0274866E+1	0.0000000E+0	0.0000000E+0	1.0000000E+2	0.0000000E+0
1.0690200E+2	6.1585788E+1	6.0263766E+1	0.0000000E+0	0.0000000E+0	1.0000000E+2	0.0000000E+0
1.0695200E+2	6.1596537E+1	6.0265553E+1	0.0000000E+0	0.0000000E+0	1.0000000E+2	0.0000000E+0
1.0700200E+2	6.1597162E+1	6.0259259E+1	0.0000000E+0	0.0000000E+0	1.0000000E+2	0.0000000E+0
1.0705200E+2	6.1588189E+1	6.0251860E+1	0.0000000E+0	0.0000000E+0	1.0000000E+2	0.0000000E+0
1.0710200E+2	6.1587088E+1	6.0258341E+1	0.0000000E+0	0.0000000E+0	1.0000000E+2	0.0000000E+0
1.0715200E+2	6.1601531E+1	6.0273064E+1	0.0000000E+0	0.0000000E+0	1.0000000E+2	0.0000000E+0
1.0720200E+2	6.1595543E+1	6.0275299E+1	0.0000000E+0	0.0000000E+0	1.0000000E+2	0.0000000E+0
1.0725200E+2	6.1589014E+1	6.0267418E+1	0.0000000E+0	0.0000000E+0	1.0000000E+2	0.0000000E+0
1.0730200E+2	6.1562181E+1	6.0277948E+1	0.0000000E+0	0.0000000E+0	1.0000000E+2	0.0000000E+0
1.0735200E+2	6.1571522E+1	6.0287382E+1	0.0000000E+0	0.0000000E+0	1.0000000E+2	0.0000000E+0
1.0740200E+2	6.1576501E+1	6.0302122E+1	0.0000000E+0	0.0000000E+0	1.0000000E+2	0.0000000E+0
1.0745200E+2	6.1577874E+1	6.0290115E+1	0.0000000E+0	0.0000000E+0	1.0000000E+2	0.0000000E+0
1.0750300E+2	6.1565314E+1	6.0301743E+1	0.0000000E+0	0.0000000E+0	1.0000000E+2	0.0000000E+0
1.0755300E+2	6.1559036E+1	6.0294783E+1	0.0000000E+0	0.0000000E+0	1.0000000E+2	0.0000000E+0
1.0760300E+2	6.1560380E+1	6.0292355E+1	0.0000000E+0	0.0000000E+0	1.0000000E+2	0.0000000E+0
1.0765300E+2	6.1565740E+1	6.0302586E+1	0.0000000E+0	0.0000000E+0	1.0000000E+2	0.0000000E+0
1.0770300E+2	6.1554747E+1	6.0310717E+1	0.0000000E+0	0.0000000E+0	1.0000000E+2	0.0000000E+0
1.0775300E+2	6.1557292E+1	6.0305952E+1	0.0000000E+0	0.0000000E+0	1.0000000E+2	0.0000000E+0
1.0780400E+2	6.1538722E+1	6.0307609E+1	0.0000000E+0	0.0000000E+0	1.0000000E+2	0.0000000E+0
1.0785400E+2	6.1521857E+1	6.0310404E+1	0.0000000E+0	0.0000000E+0	1.0000000E+2	0.0000000E+0
1.0790500E+2	6.1517509E+1	6.0321394E+1	0.0000000E+0	0.0000000E+0	1.0000000E+2	0.0000000E+0
1.0795500E+2	6.1497270E+1	6.0312676E+1	0.0000000E+0	0.0000000E+0	1.0000000E+2	0.0000000E+0
1.0800500E+2	6.1483957E+1	6.0317551E+1	0.0000000E+0	0.0000000E+0	1.0000000E+2	0.0000000E+0
1.0805600E+2	6.1474349E+1	6.0321637E+1	0.0000000E+0	0.0000000E+0	1.0000000E+2	0.0000000E+0
1.0810600E+2	6.1450803E+1	6.0317519E+1	0.0000000E+0	0.0000000E+0	1.0000000E+2	0.0000000E+0
1.0815600E+2	6.1457568E+1	6.0319269E+1	0.0000000E+0	0.0000000E+0	1.0000000E+2	0.0000000E+0
1.0820600E+2	6.1422048E+1	6.0322757E+1	0.0000000E+0	0.0000000E+0	1.0000000E+2	0.0000000E+0
1.0825700E+2	6.1406639E+1	6.0326761E+1	0.0000000E+0	0.0000000E+0	1.0000000E+2	0.0000000E+0
1.0830800E+2	6.1395234E+1	6.0329784E+1	0.0000000E+0	0.0000000E+0	1.0000000E+2	0.0000000E+0
1.0835900E+2	6.1408862E+1	6.0327204E+1	0.0000000E+0	0.0000000E+0	1.0000000E+2	0.0000000E+0
1.0841000E+2	6.1427312E+1	6.0333640E+1	0.0000000E+0	0.0000000E+0	1.0000000E+2	0.0000000E+0
1.0846100E+2	6.1416385E+1	6.0342437E+1	0.0000000E+0	0.0000000E+0	1.0000000E+2	0.0000000E+0
1.0851100E+2	6.1409312E+1	6.0339536E+1	0.0000000E+0	0.0000000E+0	1.0000000E+2	0.0000000E+0
1.0856100E+2	6.1411596E+1	6.0339466E+1	0.0000000E+0	0.0000000E+0	1.0000000E+2	0.0000000E+0
1.0861200E+2	6.1410799E+1	6.0357595E+1	0.0000000E+0	0.0000000E+0	1.0000000E+2	0.0000000E+0
1.0866200E+2	6.1381784E+1	6.0340019E+1	0.0000000E+0	0.0000000E+0	1.0000000E+2	0.0000000E+0
1.0871200E+2	6.1395334E+1	6.0353717E+1	0.0000000E+0	0.0000000E+0	1.0000000E+2	0.0000000E+0
1.0876200E+2	6.1398243E+1	6.0358656E+1	0.0000000E+0	0.0000000E+0	1.0000000E+2	0.0000000E+0
1.0881200E+2	6.1380720E+1	6.0343475E+1	0.0000000E+0	0.0000000E+0	1.0000000E+2	0.0000000E+0
1.0886200E+2	6.1384365E+1	6.0358229E+1	0.0000000E+0	0.0000000E+0	1.0000000E+2	0.0000000E+0
1.0891200E+2	6.1393360E+1	6.0364572E+1	0.0000000E+0	0.0000000E+0	1.0000000E+2	0.0000000E+0
1.0896300E+2	6.1404019E+1	6.0361249E+1	0.0000000E+0	0.0000000E+0	1.0000000E+2	0.0000000E+0
1.0901300E+2	6.1411879E+1	6.0373072E+1	0.0000000E+0	0.0000000E+0	1.0000000E+2	0.0000000E+0
1.0906300E+2	6.1409409E+1	6.0387353E+1	0.0000000E+0	0.0000000E+0	1.0000000E+2	0.0000000E+0
1.0911300E+2	6.1417837E+1	6.0390575E+1	0.0000000E+0	0.0000000E+0	1.0000000E+2	0.0000000E+0
1.0916300E+2	6.1374443E+1	6.0390909E+1	0.0000000E+0	0.0000000E+0	1.0000000E+2	0.0000000E+0
1.0921300E+2	6.1352734E+1	6.0400307E+1	0.0000000E+0	0.0000000E+0	1.0000000E+2	0.0000000E+0
1.0926300E+2	6.1351919E+1	6.0408429E+1	0.0000000E+0	0.0000000E+0	1.0000000E+2	0.0000000E+0
1.0931400E+2	6.1341866E+1	6.0406020E+1	0.0000000E+0	0.0000000E+0	1.0000000E+2	0.0000000E+0
1.0936400E+2	6.1324144E+1	6.0397089E+1	0.0000000E+0	0.0000000E+0	1.0000000E+2	0.0000000E+0
1.0941400E+2	6.1325701E+1	6.0409264E+1	0.0000000E+0	0.0000000E+0	1.0000000E+2	0.0000000E+0
1.0946500E+2	6.1339425E+1	6.0419067E+1	0.0000000E+0	0.0000000E+0	1.0000000E+2	0.0000000E+0
1.0951600E+2	6.1348118E+1	6.0409767E+1	0.0000000E+0	0.0000000E+0	1.0000000E+2	0.0000000E+0
1.0956600E+2	6.1364021E+1	6.0413733E+1	0.0000000E+0	0.0000000E+0	1.0000000E+2	0.0000000E+0
1.0961600E+2	6.1401410E+1	6.0435159E+1	0.0000000E+0	0.0000000E+0	1.0000000E+2	0.0000000E+0
1.0966800E+2	6.1418380E+1	6.0421301E+1	0.0000000E+0	0.0000000E+0	1.0000000E+2	0.0000000E+0
1.0971900E+2	6.1449596E+1	6.0436884E+1	0.0000000E+0	0.0000000E+0	1.0000000E+2	0.0000000E+0
1.0977000E+2	6.1459095E+1	6.0430071E+1	0.0000000E+0	0.0000000E+0	1.0000000E+2	0.0000000E+0
1.0982000E+2	6.1475284E+1	6.0452839E+1	0.0000000E+0	0.0000000E+0	1.0000000E+2	0.0000000E+0
1.0987000E+2	6.1466286E+1	6.0434482E+1	0.0000000E+0	0.0000000E+0	1.0000000E+2	0.0000000E+0
1.0992000E+2	6.1458834E+1	6.0442985E+1	0.0000000E+0	0.0000000E+0	1.0000000E+2	0.0000000E+0
1.0997000E+2	6.1443362E+1	6.0436342E+1	0.0000000E+0	0.0000000E+0	1.0000000E+2	0.0000000E+0
1.1002000E+2	6.1440711E+1	6.0435999E+1	0.0000000E+0	0.0000000E+0	1.0000000E+2	0.0000000E+0
1.1007100E+2	6.1461021E+1	6.0436554E+1	0.0000000E+0	0.0000000E+0	1.0000000E+2	0.0000000E+0
1.1012200E+2	6.1444310E+1	6.0431278E+1	0.0000000E+0	0.0000000E+0	1.0000000E+2	0.0000000E+0
1.1017200E+2	6.1450920E+1	6.0424935E+1	0.0000000E+0	0.0000000E+0	1.0000000E+2	0.0000000E+0
1.1022200E+2	6.1447834E+1	6.0426950E+1	0.0000000E+0	0.0000000E+0	1.0000000E+2	0.0000000E+0
1.1027200E+2	6.1456279E+1	6.0429688E+1	0.0000000E+0	0.0000000E+0	1.0000000E+2	0.0000000E+0
1.1032200E+2	6.1469239E+1	6.0434907E+1	0.0000000E+0	0.0000000E+0	1.0000000E+2	0.0000000E+0
1.1037200E+2	6.1458969E+1	6.0431153E+1	0.0000000E+0	0.0000000E+0	1.0000000E+2	0.0000000E+0
1.1042200E+2	6.1466684E+1	6.0447677E+1	0.0000000E+0	0.0000000E+0	1.0000000E+2	0.0000000E+0
1.1047200E+2	6.1472470E+1	6.0436705E+1	0.0000000E+0	0.0000000E+0	1.0000000E+2	0.0000000E+0
1.1052200E+2	6.1481362E+1	6.0447195E+1	0.0000000E+0	0.0000000E+0	1.0000000E+2	0.0000000E+0
1.1057200E+2	6.1469880E+1	6.0431773E+1	0.0000000E+0	0.0000000E+0	1.0000000E+2	0.0000000E+0
1.1062200E+2	6.1471555E+1	6.0442913E+1	0.0000000E+0	0.0000000E+0	1.0000000E+2	0.0000000E+0
1.1067200E+2	6.1473958E+1	6.0423189E+1	0.0000000E+0	0.0000000E+0	1.0000000E+2	0.0000000E+0
1.1072200E+2	6.1476222E+1	6.0419206E+1	0.0000000E+0	0.0000000E+0	1.0000000E+2	0.0000000E+0
1.1077300E+2	6.1479801E+1	6.0417733E+1	0.0000000E+0	0.0000000E+0	1.0000000E+2	0.0000000E+0
1.1082300E+2	6.1505057E+1	6.0426343E+1	0.0000000E+0	0.0000000E+0	1.0000000E+2	0.0000000E+0
1.1087300E+2	6.1502948E+1	6.0425850E+1	0.0000000E+0	0.0000000E+0	1.0000000E+2	0.0000000E+0
1.1092300E+2	6.1517145E+1	6.0438987E+1	0.0000000E+0	0.0000000E+0	1.0000000E+2	0.0000000E+0
1.1097300E+2	6.1520298E+1	6.0434297E+1	0.0000000E+0	0.0000000E+0	1.0000000E+2	0.0000000E+0
1.1102300E+2	6.1502558E+1	6.0418898E+1	0.0000000E+0	0.0000000E+0	1.0000000E+2	0.0000000E+0
1.1107400E+2	6.1464085E+1	6.0442052E+1	0.0000000E+0	0.0000000E+0	1.0000000E+2	0.0000000E+0
1.1112400E+2	6.1455839E+1	6.0436017E+1	0.0000000E+0	0.0000000E+0	1.0000000E+2	0.0000000E+0
1.1117400E+2	6.1472991E+1	6.0432062E+1	0.0000000E+0	0.0000000E+0	1.0000000E+2	0.0000000E+0
1.1122400E+2	6.1458324E+1	6.0429612E+1	0.0000000E+0	0.0000000E+0	1.0000000E+2	0.0000000E+0
1.1127400E+2	6.1465464E+1	6.0422441E+1	0.0000000E+0	0.0000000E+0	1.0000000E+2	0.0000000E+0
1.1132400E+2	6.1471588E+1	6.0427525E+1	0.0000000E+0	0.0000000E+0	1.0000000E+2	0.0000000E+0
1.1137400E+2	6.1470952E+1	6.0419768E+1	0.0000000E+0	0.0000000E+0	1.0000000E+2	0.0000000E+0
1.1142400E+2	6.1471506E+1	6.0420606E+1	0.0000000E+0	0.0000000E+0	1.0000000E+2	0.0000000E+0
1.1147400E+2	6.1467200E+1	6.0425818E+1	0.0000000E+0	0.0000000E+0	1.0000000E+2	0.0000000E+0
1.1152400E+2	6.1467893E+1	6.0429068E+1	0.0000000E+0	0.0000000E+0	1.0000000E+2	0.0000000E+0
1.1157400E+2	6.1476499E+1	6.0434837E+1	0.0000000E+0	0.0000000E+0	1.0000000E+2	0.0000000E+0
1.1162400E+2	6.1456385E+1	6.0414298E+1	0.0000000E+0	0.0000000E+0	1.0000000E+2	0.0000000E+0
1.1167500E+2	6.1478021E+1	6.0419888E+1	0.0000000E+0	0.0000000E+0	1.0000000E+2	0.0000000E+0
1.1172600E+2	6.1485280E+1	6.0430504E+1	0.0000000E+0	0.0000000E+0	1.0000000E+2	0.0000000E+0
1.1177600E+2	6.1490851E+1	6.0418059E+1	0.0000000E+0	0.0000000E+0	1.0000000E+2	0.0000000E+0
1.1182600E+2	6.1489833E+1	6.0414159E+1	0.0000000E+0	0.0000000E+0	1.0000000E+2	0.0000000E+0
1.1187600E+2	6.1519163E+1	6.0426985E+1	0.0000000E+0	0.0000000E+0	1.0000000E+2	0.0000000E+0
1.1192600E+2	6.1527809E+1	6.0432337E+1	0.0000000E+0	0.0000000E+0	1.0000000E+2	0.0000000E+0
1.1197600E+2	6.1507514E+1	6.0440987E+1	0.0000000E+0	0.0000000E+0	1.0000000E+2	0.0000000E+0
1.1202700E+2	6.1489422E+1	6.0461462E+1	0.0000000E+0	0.0000000E+0	1.0000000E+2	0.0000000E+0
1.1207700E+2	6.1497870E+1	6.0431538E+1	0.0000000E+0	0.0000000E+0	1.0000000E+2	0.0000000E+0
1.1212700E+2	6.1491257E+1	6.0439845E+1	0.0000000E+0	0.0000000E+0	1.0000000E+2	0.0000000E+0
1.1217800E+2	6.1510144E+1	6.0443233E+1	0.0000000E+0	0.0000000E+0	1.0000000E+2	0.0000000E+0
1.1222800E+2	6.1508670E+1	6.0442195E+1	0.0000000E+0	0.0000000E+0	1.0000000E+2	0.0000000E+0
1.1227800E+2	6.1513285E+1	6.0443429E+1	0.0000000E+0	0.0000000E+0	1.0000000E+2	0.0000000E+0
1.1232800E+2	6.1514880E+1	6.0434754E+1	0.0000000E+0	0.0000000E+0	1.0000000E+2	0.0000000E+0
1.1237800E+2	6.1527039E+1	6.0433091E+1	0.0000000E+0	0.0000000E+0	1.0000000E+2	0.0000000E+0
1.1242800E+2	6.1542945E+1	6.0442958E+1	0.0000000E+0	0.0000000E+0	1.0000000E+2	0.0000000E+0
1.1247800E+2	6.1553545E+1	6.0420454E+1	0.0000000E+0	0.0000000E+0	1.0000000E+2	0.0000000E+0
1.1253000E+2	6.1569332E+1	6.0420106E+1	0.0000000E+0	0.0000000E+0	1.0000000E+2	0.0000000E+0
1.1258000E+2	6.1602271E+1	6.0420623E+1	0.0000000E+0	0.0000000E+0	1.0000000E+2	0.0000000E+0
1.1263000E+2	6.1622128E+1	6.0419066E+1	0.0000000E+0	0.0000000E+0	1.0000000E+2	0.0000000E+0
1.1268000E+2	6.1656456E+1	6.0422398E+1	0.0000000E+0	0.0000000E+0	1.0000000E+2	0.0000000E+0
1.1273000E+2	6.1691829E+1	6.0416983E+1	0.0000000E+0	0.0000000E+0	1.0000000E+2	0.0000000E+0
1.1278000E+2	6.1715916E+1	6.0420136E+1	0.0000000E+0	0.0000000E+0	1.0000000E+2	0.0000000E+0
1.1283000E+2	6.1699969E+1	6.0384522E+1	0.0000000E+0	0.0000000E+0	1.0000000E+2	0.0000000E+0
1.1288100E+2	6.1741562E+1	6.0392966E+1	0.0000000E+0	0.0000000E+0	1.0000000E+2	0.0000000E+0
1.1293200E+2	6.1789235E+1	6.0407102E+1	0.0000000E+0	0.0000000E+0	1.0000000E+2	0.0000000E+0
1.1298200E+2	6.1829307E+1	6.0420484E+1	0.0000000E+0	0.0000000E+0	1.0000000E+2	0.0000000E+0
1.1303200E+2	6.1861727E+1	6.0403411E+1	0.0000000E+0	0.0000000E+0	1.0000000E+2	0.0000000E+0
1.1308200E+2	6.1888991E+1	6.0397570E+1	0.0000000E+0	0.0000000E+0	1.0000000E+2	0.0000000E+0
1.1313300E+2	6.1908599E+1	6.0397866E+1	0.0000000E+0	0.0000000E+0	1.0000000E+2	0.0000000E+0
1.1318300E+2	6.1919870E+1	6.0387777E+1	0.0000000E+0	0.0000000E+0	1.0000000E+2	0.0000000E+0
1.1323300E+2	6.1941335E+1	6.0395184E+1	0.0000000E+0	0.0000000E+0	1.0000000E+2	0.0000000E+0
1.1328300E+2	6.1957112E+1	6.0391579E+1	0.0000000E+0	0.0000000E+0	1.0000000E+2	0.0000000E+0
1.1333300E+2	6.1966253E+1	6.0406986E+1	0.0000000E+0	0.0000000E+0	1.0000000E+2	0.0000000E+0
1.1338300E+2	6.1996699E+1	6.0398752E+1	0.0000000E+0	0.0000000E+0	1.0000000E+2	0.0000000E+0
1.1343300E+2	6.2011647E+1	6.0404247E+1	0.0000000E+0	0.0000000E+0	1.0000000E+2	0.0000000E+0
1.1348300E+2	6.2016480E+1	6.0398501E+1	0.0000000E+0	0.0000000E+0	1.0000000E+2	0.0000000E+0
1.1353300E+2	6.2021446E+1	6.0399131E+1	0.0000000E+0	0.0000000E+0	1.0000000E+2	0.0000000E+0
1.1358400E+2	6.1995411E+1	6.0413143E+1	0.0000000E+0	0.0000000E+0	1.0000000E+2	0.0000000E+0
1.1363400E+2	6.1963841E+1	6.0393243E+1	0.0000000E+0	0.0000000E+0	1.0000000E+2	0.0000000E+0
1.1368400E+2	6.1984687E+1	6.0386053E+1	0.0000000E+0	0.0000000E+0	1.0000000E+2	0.0000000E+0
1.1373400E+2	6.2005170E+1	6.0385920E+1	0.0000000E+0	0.0000000E+0	1.0000000E+2	0.0000000E+0
1.1378400E+2	6.2026775E+1	6.0385365E+1	0.0000000E+0	0.0000000E+0	1.0000000E+2	0.0000000E+0
1.1383400E+2	6.2026146E+1	6.0378635E+1	0.0000000E+0	0.0000000E+0	1.0000000E+2	0.0000000E+0
1.1388500E+2	6.2048165E+1	6.0373769E+1	0.0000000E+0	0.0000000E+0	1.0000000E+2	0.0000000E+0
1.1393600E+2	6.2061667E+1	6.0391237E+1	0.0000000E+0	0.0000000E+0	1.0000000E+2	0.0000000E+0
1.1398600E+2	6.2076768E+1	6.0396665E+1	0.0000000E+0	0.0000000E+0	1.0000000E+2	0.0000000E+0
1.1403600E+2	6.2072995E+1	6.0398869E+1	0.0000000E+0	0.0000000E+0	1.0000000E+2	0.0000000E+0
1.1408600E+2	6.2068324E+1	6.0400429E+1	0.0000000E+0	0.0000000E+0	1.0000000E+2	0.0000000E+0
1.1413700E+2	6.2070730E+1	6.0412854E+1	0.0000000E+0	0.0000000E+0	1.0000000E+2	0.0000000E+0
1.1418800E+2	6.2051870E+1	6.0404115E+1	0.0000000E+0	0.0000000E+0	1.0000000E+2	0.0000000E+0
1.1423900E+2	6.2056495E+1	6.0417150E+1	0.0000000E+0	0.0000000E+0	1.0000000E+2	0.0000000E+0
1.1428900E+2	6.2066738E+1	6.0421460E+1	0.0000000E+0	0.0000000E+0	1.0000000E+2	0.0000000E+0
1.1433900E+2	6.2068769E+1	6.0409498E+1	0.0000000E+0	0.0000000E+0	1.0000000E+2	0.0000000E+0
1.1438900E+2	6.2031949E+1	6.0418056E+1	0.0000000E+0	0.0000000E+0	1.0000000E+2	0.0000000E+0
1.1443900E+2	6.2020187E+1	6.0418554E+1	0.0000000E+0	0.0000000E+0	1.0000000E+2	0.0000000E+0
1.1448900E+2	6.2013667E+1	6.0411588E+1	0.0000000E+0	0.0000000E+0	1.0000000E+2	0.0000000E+0
1.1453900E+2	6.2022834E+1	6.0403623E+1	0.0000000E+0	0.0000000E+0	1.0000000E+2	0.0000000E+0
1.1459000E+2	6.2036002E+1	6.0410323E+1	0.0000000E+0	0.0000000E+0	1.0000000E+2	0.0000000E+0
1.1464000E+2	6.2056238E+1	6.0429326E+1	0.0000000E+0	0.0000000E+0	1.0000000E+2	0.0000000E+0
1.1469000E+2	6.2064628E+1	6.0419808E+1	0.0000000E+0	0.0000000E+0	1.0000000E+2	0.0000000E+0
1.1474100E+2	6.2074205E+1	6.0408285E+1	0.0000000E+0	0.0000000E+0	1.0000000E+2	0.0000000E+0
1.1479200E+2	6.2072747E+1	6.0413302E+1	0.0000000E+0	0.0000000E+0	1.0000000E+2	0.0000000E+0
1.1484200E+2	6.2070828E+1	6.0415813E+1	0.0000000E+0	0.0000000E+0	1.0000000E+2	0.0000000E+0
1.1489300E+2	6.2048509E+1	6.0418152E+1	0.0000000E+0	0.0000000E+0	1.0000000E+2	0.0000000E+0
1.1494300E+2	6.2039756E+1	6.0424343E+1	0.0000000E+0	0.0000000E+0	1.0000000E+2	0.0000000E+0
1.1499300E+2	6.2020554E+1	6.0412832E+1	0.0000000E+0	0.0000000E+0	1.0000000E+2	0.0000000E+0
1.1504300E+2	6.1979751E+1	6.0419918E+1	0.0000000E+0	0.0000000E+0	1.0000000E+2	0.0000000E+0
1.1509300E+2	6.1942478E+1	6.0425879E+1	0.0000000E+0	0.0000000E+0	1.0000000E+2	0.0000000E+0
1.1514300E+2	6.1928648E+1	6.0415976E+1	0.0000000E+0	0.0000000E+0	1.0000000E+2	0.0000000E+0
1.1519300E+2	6.1943281E+1	6.0431429E+1	0.0000000E+0	0.0000000E+0	1.0000000E+2	0.0000000E+0
1.1524300E+2	6.1937256E+1	6.0423297E+1	0.0000000E+0	0.0000000E+0	1.0000000E+2	0.0000000E+0
1.1529300E+2	6.1901447E+1	6.0415167E+1	0.0000000E+0	0.0000000E+0	1.0000000E+2	0.0000000E+0
1.1534300E+2	6.1900096E+1	6.0421605E+1	0.0000000E+0	0.0000000E+0	1.0000000E+2	0.0000000E+0
1.1539500E+2	6.1880873E+1	6.0417434E+1	0.0000000E+0	0.0000000E+0	1.0000000E+2	0.0000000E+0
1.1544500E+2	6.1861724E+1	6.0429346E+1	0.0000000E+0	0.0000000E+0	1.0000000E+2	0.0000000E+0
1.1549500E+2	6.1854049E+1	6.0423803E+1	0.0000000E+0	0.0000000E+0	1.0000000E+2	0.0000000E+0
1.1554500E+2	6.1834067E+1	6.0424844E+1	0.0000000E+0	0.0000000E+0	1.0000000E+2	0.0000000E+0
1.1559500E+2	6.1802282E+1	6.0408188E+1	0.0000000E+0	0.0000000E+0	1.0000000E+2	0.0000000E+0
1.1564500E+2	6.1791081E+1	6.0403400E+1	0.0000000E+0	0.0000000E+0	1.0000000E+2	0.0000000E+0
1.1569500E+2	6.1791403E+1	6.0418778E+1	0.0000000E+0	0.0000000E+0	1.0000000E+2	0.0000000E+0
1.1574500E+2	6.1757620E+1	6.0421945E+1	0.0000000E+0	0.0000000E+0	1.0000000E+2	0.0000000E+0
1.1579500E+2	6.1679956E+1	6.0404258E+1	0.0000000E+0	0.0000000E+0	1.0000000E+2	0.0000000E+0
1.1584500E+2	6.1687602E+1	6.0421487E+1	0.0000000E+0	0.0000000E+0	1.0000000E+2	0.0000000E+0
1.1589500E+2	6.1676467E+1	6.0416501E+1	0.0000000E+0	0.0000000E+0	1.0000000E+2	0.0000000E+0
1.1594500E+2	6.1659273E+1	6.0415108E+1	0.0000000E+0	0.0000000E+0	1.0000000E+2	0.0000000E+0
1.1599500E+2	6.1670063E+1	6.0423503E+1	0.0000000E+0	0.0000000E+0	1.0000000E+2	0.0000000E+0
1.1604500E+2	6.1672131E+1	6.0422383E+1	0.0000000E+0	0.0000000E+0	1.0000000E+2	0.0000000E+0
1.1609500E+2	6.1672764E+1	6.0437803E+1	0.0000000E+0	0.0000000E+0	1.0000000E+2	0.0000000E+0
1.1614500E+2	6.1676760E+1	6.0438215E+1	0.0000000E+0	0.0000000E+0	1.0000000E+2	0.0000000E+0
1.1619500E+2	6.1666889E+1	6.0448983E+1	0.0000000E+0	0.0000000E+0	1.0000000E+2	0.0000000E+0
1.1624500E+2	6.1665148E+1	6.0451776E+1	0.0000000E+0	0.0000000E+0	1.0000000E+2	0.0000000E+0
1.1629500E+2	6.1669158E+1	6.0455692E+1	0.0000000E+0	0.0000000E+0	1.0000000E+2	0.0000000E+0
1.1634500E+2	6.1683632E+1	6.0457227E+1	0.0000000E+0	0.0000000E+0	1.0000000E+2	0.0000000E+0
1.1639500E+2	6.1645584E+1	6.0475987E+1	0.0000000E+0	0.0000000E+0	1.0000000E+2	0.0000000E+0
1.1644500E+2	6.1592489E+1	6.0471957E+1	0.0000000E+0	0.0000000E+0	1.0000000E+2	0.0000000E+0
1.1649500E+2	6.1574209E+1	6.0471106E+1	0.0000000E+0	0.0000000E+0	1.0000000E+2	0.0000000E+0
1.1654500E+2	6.1583351E+1	6.0489167E+1	0.0000000E+0	0.0000000E+0	1.0000000E+2	0.0000000E+0
1.1659500E+2	6.1594479E+1	6.0502917E+1	0.0000000E+0	0.0000000E+0	1.0000000E+2	0.0000000E+0
1.1664500E+2	6.1591819E+1	6.0481641E+1	0.0000000E+0	0.0000000E+0	1.0000000E+2	0.0000000E+0
1.1669500E+2	6.1608768E+1	6.0508304E+1	0.0000000E+0	0.0000000E+0	1.0000000E+2	0.0000000E+0
1.1674500E+2	6.1597493E+1	6.0496086E+1	0.0000000E+0	0.0000000E+0	1.0000000E+2	0.0000000E+0
1.1679500E+2	6.1595240E+1	6.0496297E+1	0.0000000E+0	0.0000000E+0	1.0000000E+2	0.0000000E+0
1.1684500E+2	6.1607237E+1	6.0499879E+1	0.0000000E+0	0.0000000E+0	1.0000000E+2	0.0000000E+0
1.1689500E+2	6.1612346E+1	6.0494887E+1	0.0000000E+0	0.0000000E+0	1.0000000E+2	0.0000000E+0
1.1694500E+2	6.1630414E+1	6.0504805E+1	0.0000000E+0	0.0000000E+0	1.0000000E+2	0.0000000E+0
1.1699500E+2	6.1643628E+1	6.0521174E+1	0.0000000E+0	0.0000000E+0	1.0000000E+2	0.0000000E+0
1.1704500E+2	6.1642453E+1	6.0502140E+1	0.0000000E+0	0.0000000E+0	1.0000000E+2	0.0000000E+0
1.1709500E+2	6.1666506E+1	6.0503006E+1	0.0000000E+0	0.0000000E+0	1.0000000E+2	0.0000000E+0
1.1714500E+2	6.1663180E+1	6.0501614E+1	0.0000000E+0	0.0000000E+0	1.0000000E+2	0.0000000E+0
1.1719500E+2	6.1677441E+1	6.0516992E+1	0.0000000E+0	0.0000000E+0	1.0000000E+2	0.0000000E+0
1.1724500E+2	6.1651081E+1	6.0514391E+1	0.0000000E+0	0.0000000E+0	1.0000000E+2	0.0000000E+0
1.1729500E+2	6.1678075E+1	6.0512560E+1	0.0000000E+0	0.0000000E+0	1.0000000E+2	0.0000000E+0
1.1734600E+2	6.1715739E+1	6.0524241E+1	0.0000000E+0	0.0000000E+0	1.0000000E+2	0.0000000E+0
1.1739700E+2	6.1742521E+1	6.0518195E+1	0.0000000E+0	0.0000000E+0	1.0000000E+2	0.0000000E+0
1.1744700E+2	6.1762236E+1	6.0528653E+1	0.0000000E+0	0.0000000E+0	1.0000000E+2	0.0000000E+0
1.1749700E+2	6.1792861E+1	6.0521436E+1	0.0000000E+0	0.0000000E+0	1.0000000E+2	0.0000000E+0
1.1754700E+2	6.1819187E+1	6.0533431E+1	0.0000000E+0	0.0000000E+0	1.0000000E+2	0.0000000E+0
1.1759700E+2	6.1848815E+1	6.0543478E+1	0.0000000E+0	0.0000000E+0	1.0000000E+2	0.0000000E+0
1.1764700E+2	6.1877490E+1	6.0542279E+1	0.0000000E+0	0.0000000E+0	1.0000000E+2	0.0000000E+0
1.1769800E+2	6.1888793E+1	6.0554912E+1	0.0000000E+0	0.0000000E+0	1.0000000E+2	0.0000000E+0
1.1774800E+2	6.1886047E+1	6.0545491E+1	0.0000000E+0	0.0000000E+0	1.0000000E+2	0.0000000E+0
1.1779800E+2	6.1855218E+1	6.0552198E+1	0.0000000E+0	0.0000000E+0	1.0000000E+2	0.0000000E+0
1.1784800E+2	6.1849025E+1	6.0551755E+1	0.0000000E+0	0.0000000E+0	1.0000000E+2	0.0000000E+0
1.1789800E+2	6.1822648E+1	6.0567477E+1	0.0000000E+0	0.0000000E+0	1.0000000E+2	0.0000000E+0
1.1794800E+2	6.1796219E+1	6.0552096E+1	0.0000000E+0	0.0000000E+0	1.0000000E+2	0.0000000E+0
1.1799800E+2	6.1808108E+1	6.0553561E+1	0.0000000E+0	0.0000000E+0	1.0000000E+2	0.0000000E+0
1.1804800E+2	6.1814380E+1	6.0556034E+1	0.0000000E+0	0.0000000E+0	1.0000000E+2	0.0000000E+0
1.1809800E+2	6.1806492E+1	6.0552385E+1	0.0000000E+0	0.0000000E+0	1.0000000E+2	0.0000000E+0
1.1814900E+2	6.1812930E+1	6.0551313E+1	0.0000000E+0	0.0000000E+0	1.0000000E+2	0.0000000E+0
1.1819900E+2	6.1816602E+1	6.0562334E+1	0.0000000E+0	0.0000000E+0	1.0000000E+2	0.0000000E+0
1.1824900E+2	6.1817626E+1	6.0547056E+1	0.0000000E+0	0.0000000E+0	1.0000000E+2	0.0000000E+0
1.1829900E+2	6.1825459E+1	6.0550358E+1	0.0000000E+0	0.0000000E+0	1.0000000E+2	0.0000000E+0
1.1834900E+2	6.1846613E+1	6.0550923E+1	0.0000000E+0	0.0000000E+0	1.0000000E+2	0.0000000E+0
1.1839900E+2	6.1850684E+1	6.0542584E+1	0.0000000E+0	0.0000000E+0	1.0000000E+2	0.0000000E+0
1.1844900E+2	6.1846592E+1	6.0532242E+1	0.0000000E+0	0.0000000E+0	1.0000000E+2	0.0000000E+0
1.1849900E+2	6.1803994E+1	6.0535481E+1	0.0000000E+0	0.0000000E+0	1.0000000E+2	0.0000000E+0
1.1854900E+2	6.1793823E+1	6.0520409E+1	0.0000000E+0	0.0000000E+0	1.0000000E+2	0.0000000E+0
1.1859900E+2	6.1830447E+1	6.0534391E+1	0.0000000E+0	0.0000000E+0	1.0000000E+2	0.0000000E+0
1.1864900E+2	6.1852515E+1	6.0542419E+1	0.0000000E+0	0.0000000E+0	1.0000000E+2	0.0000000E+0
1.1869900E+2	6.1862396E+1	6.0543131E+1	0.0000000E+0	0.0000000E+0	1.0000000E+2	0.0000000E+0
1.1874900E+2	6.1882143E+1	6.0542689E+1	0.0000000E+0	0.0000000E+0	1.0000000E+2	0.0000000E+0
1.1879900E+2	6.1862961E+1	6.0536655E+1	0.0000000E+0	0.0000000E+0	1.0000000E+2	0.0000000E+0
1.1884900E+2	6.1865219E+1	6.0548888E+1	0.0000000E+0	0.0000000E+0	1.0000000E+2	0.0000000E+0
1.1889900E+2	6.1861111E+1	6.0529992E+1	0.0000000E+0	0.0000000E+0	1.0000000E+2	0.0000000E+0
1.1895000E+2	6.1851397E+1	6.0524285E+1	0.0000000E+0	0.0000000E+0	1.0000000E+2	0.0000000E+0
1.1900000E+2	6.1839596E+1	6.0515268E+1	0.0000000E+0	0.0000000E+0	1.0000000E+2	0.0000000E+0
1.1905000E+2	6.1858537E+1	6.0524496E+1	0.0000000E+0	0.0000000E+0	1.0000000E+2	0.0000000E+0
1.1910000E+2	6.1851956E+1	6.0524496E+1	0.0000000E+0	0.0000000E+0	1.0000000E+2	0.0000000E+0
1.1915000E+2	6.1845002E+1	6.0526413E+1	0.0000000E+0	0.0000000E+0	1.0000000E+2	0.0000000E+0
1.1920000E+2	6.1864140E+1	6.0530561E+1	0.0000000E+0	0.0000000E+0	1.0000000E+2	0.0000000E+0
1.1925000E+2	6.1864956E+1	6.0518915E+1	0.0000000E+0	0.0000000E+0	1.0000000E+2	0.0000000E+0
1.1930000E+2	6.1827481E+1	6.0518751E+1	0.0000000E+0	0.0000000E+0	1.0000000E+2	0.0000000E+0
1.1935000E+2	6.1794997E+1	6.0522798E+1	0.0000000E+0	0.0000000E+0	1.0000000E+2	0.0000000E+0
1.1940000E+2	6.1779998E+1	6.0504052E+1	0.0000000E+0	0.0000000E+0	1.0000000E+2	0.0000000E+0
1.1945100E+2	6.1782883E+1	6.0507683E+1	0.0000000E+0	0.0000000E+0	1.0000000E+2	0.0000000E+0
1.1950100E+2	6.1783139E+1	6.0509100E+1	0.0000000E+0	0.0000000E+0	1.0000000E+2	0.0000000E+0
1.1955100E+2	6.1782449E+1	6.0496551E+1	0.0000000E+0	0.0000000E+0	1.0000000E+2	0.0000000E+0
1.1960100E+2	6.1793371E+1	6.0501368E+1	0.0000000E+0	0.0000000E+0	1.0000000E+2	0.0000000E+0
1.1965100E+2	6.1806863E+1	6.0519708E+1	0.0000000E+0	0.0000000E+0	1.0000000E+2	0.0000000E+0
1.1970100E+2	6.1830054E+1	6.0515812E+1	0.0000000E+0	0.0000000E+0	1.0000000E+2	0.0000000E+0
1.1975100E+2	6.1821806E+1	6.0522351E+1	0.0000000E+0	0.0000000E+0	1.0000000E+2	0.0000000E+0
1.1980100E+2	6.1810180E+1	6.0504805E+1	0.0000000E+0	0.0000000E+0	1.0000000E+2	0.0000000E+0
1.1985100E+2	6.1794867E+1	6.0504019E+1	0.0000000E+0	0.0000000E+0	1.0000000E+2	0.0000000E+0
1.1990100E+2	6.1803919E+1	6.0516778E+1	0.0000000E+0	0.0000000E+0	1.0000000E+2	0.0000000E+0
1.1995100E+2	6.1783590E+1	6.0507579E+1	0.0000000E+0	0.0000000E+0	1.0000000E+2	0.0000000E+0
1.2000100E+2	6.1762590E+1	6.0514422E+1	0.0000000E+0	0.0000000E+0	1.0000000E+2	0.0000000E+0
1.2005100E+2	6.1769181E+1	6.0512640E+1	0.0000000E+0	0.0000000E+0	1.0000000E+2	0.0000000E+0
1.2010100E+2	6.1770350E+1	6.0506491E+1	0.0000000E+0	0.0000000E+0	1.0000000E+2	0.0000000E+0
1.2015100E+2	6.1753752E+1	6.0515759E+1	0.0000000E+0	0.0000000E+0	1.0000000E+2	0.0000000E+0
1.2020100E+2	6.1705860E+1	6.0505413E+1	0.0000000E+0	0.0000000E+0	1.0000000E+2	0.0000000E+0
1.2025100E+2	6.1649072E+1	6.0492325E+1	0.0000000E+0	0.0000000E+0	1.0000000E+2	0.0000000E+0
1.2030100E+2	6.1631435E+1	6.0483918E+1	0.0000000E+0	0.0000000E+0	1.0000000E+2	0.0000000E+0
1.2035100E+2	6.1642411E+1	6.0486078E+1	0.0000000E+0	0.0000000E+0	1.0000000E+2	0.0000000E+0
1.2040100E+2	6.1642698E+1	6.0486136E+1	0.0000000E+0	0.0000000E+0	1.0000000E+2	0.0000000E+0
1.2045100E+2	6.1647076E+1	6.0492955E+1	0.0000000E+0	0.0000000E+0	1.0000000E+2	0.0000000E+0
1.2050100E+2	6.1633624E+1	6.0476660E+1	0.0000000E+0	0.0000000E+0	1.0000000E+2	0.0000000E+0
1.2055100E+2	6.1634457E+1	6.0486569E+1	0.0000000E+0	0.0000000E+0	1.0000000E+2	0.0000000E+0
1.2060100E+2	6.1625976E+1	6.0485578E+1	0.0000000E+0	0.0000000E+0	1.0000000E+2	0.0000000E+0
1.2065100E+2	6.1621410E+1	6.0500586E+1	0.0000000E+0	0.0000000E+0	1.0000000E+2	0.0000000E+0
1.2070100E+2	6.1623589E+1	6.0491864E+1	0.0000000E+0	0.0000000E+0	1.0000000E+2	0.0000000E+0
1.2075100E+2	6.1609989E+1	6.0501309E+1	0.0000000E+0	0.0000000E+0	1.0000000E+2	0.0000000E+0
1.2080100E+2	6.1591025E+1	6.0488849E+1	0.0000000E+0	0.0000000E+0	1.0000000E+2	0.0000000E+0
1.2085100E+2	6.1569149E+1	6.0497770E+1	0.0000000E+0	0.0000000E+0	1.0000000E+2	0.0000000E+0
1.2090100E+2	6.1554495E+1	6.0500852E+1	0.0000000E+0	0.0000000E+0	1.0000000E+2	0.0000000E+0
1.2095100E+2	6.1499868E+1	6.0501159E+1	0.0000000E+0	0.0000000E+0	1.0000000E+2	0.0000000E+0
1.2100100E+2	6.1423084E+1	6.0481026E+1	0.0000000E+0	0.0000000E+0	1.0000000E+2	0.0000000E+0
1.2105100E+2	6.1402898E+1	6.0484838E+1	0.0000000E+0	0.0000000E+0	1.0000000E+2	0.0000000E+0
1.2110100E+2	6.1391338E+1	6.0479121E+1	0.0000000E+0	0.0000000E+0	1.0000000E+2	0.0000000E+0
1.2115100E+2	6.1354956E+1	6.0477501E+1	0.0000000E+0	0.0000000E+0	1.0000000E+2	0.0000000E+0
1.2120100E+2	6.1330377E+1	6.0475450E+1	0.0000000E+0	0.0000000E+0	1.0000000E+2	0.0000000E+0
1.2125100E+2	6.1306379E+1	6.0472881E+1	0.0000000E+0	0.0000000E+0	1.0000000E+2	0.0000000E+0
1.2130100E+2	6.1289018E+1	6.0473152E+1	0.0000000E+0	0.0000000E+0	1.0000000E+2	0.0000000E+0
1.2135100E+2	6.1296475E+1	6.0487387E+1	0.0000000E+0	0.0000000E+0	1.0000000E+2	0.0000000E+0
1.2140100E+2	6.1282600E+1	6.0471295E+1	0.0000000E+0	0.0000000E+0	1.0000000E+2	0.0000000E+0
1.2145100E+2	6.1243099E+1	6.0464202E+1	0.0000000E+0	0.0000000E+0	1.0000000E+2	0.0000000E+0
1.2150200E+2	6.1251399E+1	6.0463946E+1	0.0000000E+0	0.0000000E+0	1.0000000E+2	0.0000000E+0
1.2155300E+2	6.1244719E+1	6.0461827E+1	0.0000000E+0	0.0000000E+0	1.0000000E+2	0.0000000E+0
1.2160300E+2	6.1249198E+1	6.0465554E+1	0.0000000E+0	0.0000000E+0	1.0000000E+2	0.0000000E+0
1.2165300E+2	6.1250561E+1	6.0468145E+1	0.0000000E+0	0.0000000E+0	1.0000000E+2	0.0000000E+0
1.2170300E+2	6.1231650E+1	6.0462748E+1	0.0000000E+0	0.0000000E+0	1.0000000E+2	0.0000000E+0
1.2175300E+2	6.1208374E+1	6.0463594E+1	0.0000000E+0	0.0000000E+0	1.0000000E+2	0.0000000E+0
1.2180300E+2	6.1184455E+1	6.0467857E+1	0.0000000E+0	0.0000000E+0	1.0000000E+2	0.0000000E+0
1.2185300E+2	6.1179021E+1	6.0455471E+1	0.0000000E+0	0.0000000E+0	1.0000000E+2	0.0000000E+0
1.2190400E+2	6.1169806E+1	6.0448780E+1	0.0000000E+0	0.0000000E+0	1.0000000E+2	0.0000000E+0
1.2195400E+2	6.1158929E+1	6.0459202E+1	0.0000000E+0	0.0000000E+0	1.0000000E+2	0.0000000E+0
1.2200400E+2	6.1166518E+1	6.0453238E+1	0.0000000E+0	0.0000000E+0	1.0000000E+2	0.0000000E+0
1.2205500E+2	6.1176437E+1	6.0453489E+1	0.0000000E+0	0.0000000E+0	1.0000000E+2	0.0000000E+0
1.2210500E+2	6.1205824E+1	6.0472686E+1	0.0000000E+0	0.0000000E+0	1.0000000E+2	0.0000000E+0
1.2215500E+2	6.1218029E+1	6.0471188E+1	0.0000000E+0	0.0000000E+0	1.0000000E+2	0.0000000E+0
1.2220500E+2	6.1223990E+1	6.0463051E+1	0.0000000E+0	0.0000000E+0	1.0000000E+2	0.0000000E+0
1.2225500E+2	6.1217851E+1	6.0453164E+1	0.0000000E+0	0.0000000E+0	1.0000000E+2	0.0000000E+0
1.2230500E+2	6.1219484E+1	6.0450859E+1	0.0000000E+0	0.0000000E+0	1.0000000E+2	0.0000000E+0
1.2235500E+2	6.1217950E+1	6.0447634E+1	0.0000000E+0	0.0000000E+0	1.0000000E+2	0.0000000E+0
1.2240500E+2	6.1216898E+1	6.0461449E+1	0.0000000E+0	0.0000000E+0	1.0000000E+2	0.0000000E+0
1.2245500E+2	6.1198760E+1	6.0453434E+1	0.0000000E+0	0.0000000E+0	1.0000000E+2	0.0000000E+0
1.2250500E+2	6.1181780E+1	6.0446274E+1	0.0000000E+0	0.0000000E+0	1.0000000E+2	0.0000000E+0
1.2255500E+2	6.1192194E+1	6.0427433E+1	0.0000000E+0	0.0000000E+0	1.0000000E+2	0.0000000E+0
1.2260500E+2	6.1219487E+1	6.0431798E+1	0.0000000E+0	0.0000000E+0	1.0000000E+2	0.0000000E+0
1.2265500E+2	6.1224369E+1	6.0438604E+1	0.0000000E+0	0.0000000E+0	1.0000000E+2	0.0000000E+0
1.2270500E+2	6.1224317E+1	6.0436735E+1	0.0000000E+0	0.0000000E+0	1.0000000E+2	0.0000000E+0
1.2275500E+2	6.1242154E+1	6.0442974E+1	0.0000000E+0	0.0000000E+0	1.0000000E+2	0.0000000E+0
1.2280500E+2	6.1260752E+1	6.0444270E+1	0.0000000E+0	0.0000000E+0	1.0000000E+2	0.0000000E+0
1.2285500E+2	6.1296058E+1	6.0442996E+1	0.0000000E+0	0.0000000E+0	1.0000000E+2	0.0000000E+0
1.2290500E+2	6.1316648E+1	6.0443569E+1	0.0000000E+0	0.0000000E+0	1.0000000E+2	0.0000000E+0
1.2295500E+2	6.1331136E+1	6.0451867E+1	0.0000000E+0	0.0000000E+0	1.0000000E+2	0.0000000E+0
1.2300500E+2	6.1349984E+1	6.0458773E+1	0.0000000E+0	0.0000000E+0	1.0000000E+2	0.0000000E+0
1.2305500E+2	6.1342178E+1	6.0436885E+1	0.0000000E+0	0.0000000E+0	1.0000000E+2	0.0000000E+0
1.2310500E+2	6.1359687E+1	6.0436384E+1	0.0000000E+0	0.0000000E+0	1.0000000E+2	0.0000000E+0
1.2315600E+2	6.1378309E+1	6.0448106E+1	0.0000000E+0	0.0000000E+0	1.0000000E+2	0.0000000E+0
1.2320700E+2	6.1355509E+1	6.0430733E+1	0.0000000E+0	0.0000000E+0	1.0000000E+2	0.0000000E+0
1.2325700E+2	6.1344233E+1	6.0423587E+1	0.0000000E+0	0.0000000E+0	1.0000000E+2	0.0000000E+0
1.2330700E+2	6.1356696E+1	6.0443336E+1	0.0000000E+0	0.0000000E+0	1.0000000E+2	0.0000000E+0
1.2335700E+2	6.1365112E+1	6.0440175E+1	0.0000000E+0	0.0000000E+0	1.0000000E+2	0.0000000E+0
1.2340700E+2	6.1376074E+1	6.0441033E+1	0.0000000E+0	0.0000000E+0	1.0000000E+2	0.0000000E+0
1.2345700E+2	6.1392020E+1	6.0426916E+1	0.0000000E+0	0.0000000E+0	1.0000000E+2	0.0000000E+0
1.2350700E+2	6.1406036E+1	6.0438061E+1	0.0000000E+0	0.0000000E+0	1.0000000E+2	0.0000000E+0
1.2355700E+2	6.1437734E+1	6.0447484E+1	0.0000000E+0	0.0000000E+0	1.0000000E+2	0.0000000E+0
1.2360700E+2	6.1472383E+1	6.0464298E+1	0.0000000E+0	0.0000000E+0	1.0000000E+2	0.0000000E+0
1.2365700E+2	6.1507313E+1	6.0456879E+1	0.0000000E+0	0.0000000E+0	1.0000000E+2	0.0000000E+0
1.2370700E+2	6.1509798E+1	6.0441771E+1	0.0000000E+0	0.0000000E+0	1.0000000E+2	0.0000000E+0
1.2375800E+2	6.1530329E+1	6.0454418E+1	0.0000000E+0	0.0000000E+0	1.0000000E+2	0.0000000E+0
1.2380800E+2	6.1561991E+1	6.0456864E+1	0.0000000E+0	0.0000000E+0	1.0000000E+2	0.0000000E+0
1.2385800E+2	6.1571516E+1	6.0453612E+1	0.0000000E+0	0.0000000E+0	1.0000000E+2	0.0000000E+0
1.2390800E+2	6.1585004E+1	6.0463830E+1	0.0000000E+0	0.0000000E+0	1.0000000E+2	0.0000000E+0
1.2395900E+2	6.1596616E+1	6.0471947E+1	0.0000000E+0	0.0000000E+0	1.0000000E+2	0.0000000E+0
1.2401000E+2	6.1551961E+1	6.0462066E+1	0.0000000E+0	0.0000000E+0	1.0000000E+2	0.0000000E+0
1.2406000E+2	6.1542662E+1	6.0454681E+1	0.0000000E+0	0.0000000E+0	1.0000000E+2	0.0000000E+0
1.2411000E+2	6.1563762E+1	6.0450657E+1	0.0000000E+0	0.0000000E+0	1.0000000E+2	0.0000000E+0
1.2416100E+2	6.1587946E+1	6.0457156E+1	0.0000000E+0	0.0000000E+0	1.0000000E+2	0.0000000E+0
1.2421100E+2	6.1605404E+1	6.0448080E+1	0.0000000E+0	0.0000000E+0	1.0000000E+2	0.0000000E+0
1.2426100E+2	6.1635398E+1	6.0450988E+1	0.0000000E+0	0.0000000E+0	1.0000000E+2	0.0000000E+0
1.2431100E+2	6.1663395E+1	6.0448402E+1	0.0000000E+0	0.0000000E+0	1.0000000E+2	0.0000000E+0
1.2436100E+2	6.1655300E+1	6.0455158E+1	0.0000000E+0	0.0000000E+0	1.0000000E+2	0.0000000E+0
1.2441100E+2	6.1658471E+1	6.0445390E+1	0.0000000E+0	0.0000000E+0	1.0000000E+2	0.0000000E+0
1.2446100E+2	6.1662868E+1	6.0446980E+1	0.0000000E+0	0.0000000E+0	1.0000000E+2	0.0000000E+0
1.2451200E+2	6.1667384E+1	6.0427811E+1	0.0000000E+0	0.0000000E+0	1.0000000E+2	0.0000000E+0
1.2456300E+2	6.1660983E+1	6.0424258E+1	0.0000000E+0	0.0000000E+0	1.0000000E+2	0.0000000E+0
1.2461400E+2	6.1668032E+1	6.0438522E+1	0.0000000E+0	0.0000000E+0	1.0000000E+2	0.0000000E+0
1.2466400E+2	6.1683470E+1	6.0439912E+1	0.0000000E+0	0.0000000E+0	1.0000000E+2	0.0000000E+0
1.2471400E+2	6.1700403E+1	6.0436305E+1	0.0000000E+0	0.0000000E+0	1.0000000E+2	0.0000000E+0
1.2476500E+2	6.1724912E+1	6.0432502E+1	0.0000000E+0	0.0000000E+0	1.0000000E+2	0.0000000E+0
1.2481500E+2	6.1744715E+1	6.0435978E+1	0.0000000E+0	0.0000000E+0	1.0000000E+2	0.0000000E+0
1.2486500E+2	6.1752619E+1	6.0440417E+1	0.0000000E+0	0.0000000E+0	1.0000000E+2	0.0000000E+0
1.2491500E+2	6.1749397E+1	6.0428317E+1	0.0000000E+0	0.0000000E+0	1.0000000E+2	0.0000000E+0
1.2496600E+2	6.1739240E+1	6.0438496E+1	0.0000000E+0	0.0000000E+0	1.0000000E+2	0.0000000E+0
1.2501600E+2	6.1673192E+1	6.0431995E+1	0.0000000E+0	0.0000000E+0	1.0000000E+2	0.0000000E+0
1.2506600E+2	6.1648402E+1	6.0438343E+1	0.0000000E+0	0.0000000E+0	1.0000000E+2	0.0000000E+0
1.2511600E+2	6.1652836E+1	6.0426646E+1	0.0000000E+0	0.0000000E+0	1.0000000E+2	0.0000000E+0
1.2516600E+2	6.1663091E+1	6.0431466E+1	0.0000000E+0	0.0000000E+0	1.0000000E+2	0.0000000E+0
1.2521600E+2	6.1668360E+1	6.0428902E+1	0.0000000E+0	0.0000000E+0	1.0000000E+2	0.0000000E+0
1.2526600E+2	6.1701811E+1	6.0448424E+1	0.0000000E+0	0.0000000E+0	1.0000000E+2	0.0000000E+0
1.2531600E+2	6.1705876E+1	6.0436454E+1	0.0000000E+0	0.0000000E+0	1.0000000E+2	0.0000000E+0
1.2536600E+2	6.1722267E+1	6.0445138E+1	0.0000000E+0	0.0000000E+0	1.0000000E+2	0.0000000E+0
1.2541700E+2	6.1730694E+1	6.0446165E+1	0.0000000E+0	0.0000000E+0	1.0000000E+2	0.0000000E+0
1.2546800E+2	6.1741113E+1	6.0443200E+1	0.0000000E+0	0.0000000E+0	1.0000000E+2	0.0000000E+0
1.2551800E+2	6.1726394E+1	6.0437118E+1	0.0000000E+0	0.0000000E+0	1.0000000E+2	0.0000000E+0
1.2556900E+2	6.1733573E+1	6.0438551E+1	0.0000000E+0	0.0000000E+0	1.0000000E+2	0.0000000E+0
1.2561900E+2	6.1726057E+1	6.0435151E+1	0.0000000E+0	0.0000000E+0	1.0000000E+2	0.0000000E+0
1.2566900E+2	6.1728088E+1	6.0436501E+1	0.0000000E+0	0.0000000E+0	1.0000000E+2	0.0000000E+0
1.2571900E+2	6.1726693E+1	6.0430662E+1	0.0000000E+0	0.0000000E+0	1.0000000E+2	0.0000000E+0
1.2576900E+2	6.1744215E+1	6.0429050E+1	0.0000000E+0	0.0000000E+0	1.0000000E+2	0.0000000E+0
1.2581900E+2	6.1742124E+1	6.0449900E+1	0.0000000E+0	0.0000000E+0	1.0000000E+2	0.0000000E+0
1.2587000E+2	6.1735669E+1	6.0436019E+1	0.0000000E+0	0.0000000E+0	1.0000000E+2	0.0000000E+0
1.2592000E+2	6.1717332E+1	6.0431487E+1	0.0000000E+0	0.0000000E+0	1.0000000E+2	0.0000000E+0
1.2597000E+2	6.1707243E+1	6.0421938E+1	0.0000000E+0	0.0000000E+0	1.0000000E+2	0.0000000E+0
1.2602000E+2	6.1645801E+1	6.0430781E+1	0.0000000E+0	0.0000000E+0	1.0000000E+2	0.0000000E+0
1.2607000E+2	6.1632621E+1	6.0423855E+1	0.0000000E+0	0.0000000E+0	1.0000000E+2	0.0000000E+0
1.2612000E+2	6.1623939E+1	6.0415437E+1	0.0000000E+0	0.0000000E+0	1.0000000E+2	0.0000000E+0
1.2617100E+2	6.1637657E+1	6.0430682E+1	0.0000000E+0	0.0000000E+0	1.0000000E+2	0.0000000E+0
1.2622100E+2	6.1636924E+1	6.0424274E+1	0.0000000E+0	0.0000000E+0	1.0000000E+2	0.0000000E+0
1.2627100E+2	6.1617225E+1	6.0419955E+1	0.0000000E+0	0.0000000E+0	1.0000000E+2	0.0000000E+0
1.2632100E+2	6.1589698E+1	6.0421350E+1	0.0000000E+0	0.0000000E+0	1.0000000E+2	0.0000000E+0
1.2637100E+2	6.1584359E+1	6.0429416E+1	0.0000000E+0	0.0000000E+0	1.0000000E+2	0.0000000E+0
1.2642200E+2	6.1574608E+1	6.0423152E+1	0.0000000E+0	0.0000000E+0	1.0000000E+2	0.0000000E+0
1.2647200E+2	6.1563684E+1	6.0407289E+1	0.0000000E+0	0.0000000E+0	1.0000000E+2	0.0000000E+0
1.2652200E+2	6.1570355E+1	6.0424625E+1	0.0000000E+0	0.0000000E+0	1.0000000E+2	0.0000000E+0
1.2657200E+2	6.1573305E+1	6.0425431E+1	0.0000000E+0	0.0000000E+0	1.0000000E+2	0.0000000E+0
1.2662200E+2	6.1563642E+1	6.0435469E+1	0.0000000E+0	0.0000000E+0	1.0000000E+2	0.0000000E+0
1.2667200E+2	6.1536583E+1	6.0437346E+1	0.0000000E+0	0.0000000E+0	1.0000000E+2	0.0000000E+0
1.2672200E+2	6.1521662E+1	6.0432199E+1	0.0000000E+0	0.0000000E+0	1.0000000E+2	0.0000000E+0
1.2677200E+2	6.1482423E+1	6.0424601E+1	0.0000000E+0	0.0000000E+0	1.0000000E+2	0.0000000E+0
1.2682200E+2	6.1463760E+1	6.0427755E+1	0.0000000E+0	0.0000000E+0	1.0000000E+2	0.0000000E+0
1.2687200E+2	6.1437960E+1	6.0410192E+1	0.0000000E+0	0.0000000E+0	1.0000000E+2	0.0000000E+0
1.2692300E+2	6.1421539E+1	6.0401528E+1	0.0000000E+0	0.0000000E+0	1.0000000E+2	0.0000000E+0
1.2697400E+2	6.1369231E+1	6.0387619E+1	0.0000000E+0	0.0000000E+0	1.0000000E+2	0.0000000E+0
1.2702400E+2	6.1301086E+1	6.0394938E+1	0.0000000E+0	0.0000000E+0	1.0000000E+2	0.0000000E+0
1.2707400E+2	6.1283132E+1	6.0384289E+1	0.0000000E+0	0.0000000E+0	1.0000000E+2	0.0000000E+0
1.2712400E+2	6.1292750E+1	6.0390586E+1	0.0000000E+0	0.0000000E+0	1.0000000E+2	0.0000000E+0
1.2717400E+2	6.1260061E+1	6.0377125E+1	0.0000000E+0	0.0000000E+0	1.0000000E+2	0.0000000E+0
1.2722400E+2	6.1263938E+1	6.0379985E+1	0.0000000E+0	0.0000000E+0	1.0000000E+2	0.0000000E+0
1.2727400E+2	6.1250731E+1	6.0377808E+1	0.0000000E+0	0.0000000E+0	1.0000000E+2	0.0000000E+0
1.2732400E+2	6.1237265E+1	6.0355183E+1	0.0000000E+0	0.0000000E+0	1.0000000E+2	0.0000000E+0
1.2737400E+2	6.1231255E+1	6.0356483E+1	0.0000000E+0	0.0000000E+0	1.0000000E+2	0.0000000E+0
1.2742400E+2	6.1229790E+1	6.0352404E+1	0.0000000E+0	0.0000000E+0	1.0000000E+2	0.0000000E+0
1.2747400E+2	6.1216028E+1	6.0338865E+1	0.0000000E+0	0.0000000E+0	1.0000000E+2	0.0000000E+0
1.2752400E+2	6.1224064E+1	6.0348433E+1	0.0000000E+0	0.0000000E+0	1.0000000E+2	0.0000000E+0
1.2757400E+2	6.1214043E+1	6.0352096E+1	0.0000000E+0	0.0000000E+0	1.0000000E+2	0.0000000E+0
1.2762400E+2	6.1222018E+1	6.0350831E+1	0.0000000E+0	0.0000000E+0	1.0000000E+2	0.0000000E+0
1.2767400E+2	6.1233926E+1	6.0355037E+1	0.0000000E+0	0.0000000E+0	1.0000000E+2	0.0000000E+0
1.2772400E+2	6.1220682E+1	6.0349902E+1	0.0000000E+0	0.0000000E+0	1.0000000E+2	0.0000000E+0
1.2777500E+2	6.1221244E+1	6.0356278E+1	0.0000000E+0	0.0000000E+0	1.0000000E+2	0.0000000E+0
1.2782500E+2	6.1203183E+1	6.0346303E+1	0.0000000E+0	0.0000000E+0	1.0000000E+2	0.0000000E+0
1.2787600E+2	6.1193355E+1	6.0338820E+1	0.0000000E+0	0.0000000E+0	1.0000000E+2	0.0000000E+0
1.2792600E+2	6.1197261E+1	6.0345732E+1	0.0000000E+0	0.0000000E+0	1.0000000E+2	0.0000000E+0
1.2797600E+2	6.1195728E+1	6.0346289E+1	0.0000000E+0	0.0000000E+0	1.0000000E+2	0.0000000E+0
1.2802600E+2	6.1191509E+1	6.0351663E+1	0.0000000E+0	0.0000000E+0	1.0000000E+2	0.0000000E+0
1.2807600E+2	6.1171415E+1	6.0368456E+1	0.0000000E+0	0.0000000E+0	1.0000000E+2	0.0000000E+0
1.2812600E+2	6.1167629E+1	6.0354407E+1	0.0000000E+0	0.0000000E+0	1.0000000E+2	0.0000000E+0
1.2817600E+2	6.1171718E+1	6.0363096E+1	0.0000000E+0	0.0000000E+0	1.0000000E+2	0.0000000E+0
1.2822600E+2	6.1187877E+1	6.0373619E+1	0.0000000E+0	0.0000000E+0	1.0000000E+2	0.0000000E+0
1.2827600E+2	6.1189195E+1	6.0363982E+1	0.0000000E+0	0.0000000E+0	1.0000000E+2	0.0000000E+0
1.2832600E+2	6.1184460E+1	6.0377804E+1	0.0000000E+0	0.0000000E+0	1.0000000E+2	0.0000000E+0
1.2837600E+2	6.1183937E+1	6.0378729E+1	0.0000000E+0	0.0000000E+0	1.0000000E+2	0.0000000E+0
1.2842600E+2	6.1181244E+1	6.0380588E+1	0.0000000E+0	0.0000000E+0	1.0000000E+2	0.0000000E+0
1.2847600E+2	6.1204446E+1	6.0387334E+1	0.0000000E+0	0.0000000E+0	1.0000000E+2	0.0000000E+0
1.2852600E+2	6.1213204E+1	6.0386460E+1	0.0000000E+0	0.0000000E+0	1.0000000E+2	0.0000000E+0
1.2857700E+2	6.1235323E+1	6.0408980E+1	0.0000000E+0	0.0000000E+0	1.0000000E+2	0.0000000E+0
1.2862700E+2	6.1237145E+1	6.0410667E+1	0.0000000E+0	0.0000000E+0	1.0000000E+2	0.0000000E+0
1.2867700E+2	6.1213927E+1	6.0389028E+1	0.0000000E+0	0.0000000E+0	1.0000000E+2	0.0000000E+0
1.2872700E+2	6.1209014E+1	6.0383262E+1	0.0000000E+0	0.0000000E+0	1.0000000E+2	0.0000000E+0
1.2877800E+2	6.1201123E+1	6.0412510E+1	0.0000000E+0	0.0000000E+0	1.0000000E+2	0.0000000E+0
1.2882800E+2	6.1157231E+1	6.0413017E+1	0.0000000E+0	0.0000000E+0	1.0000000E+2	0.0000000E+0
1.2887800E+2	6.1150285E+1	6.0407700E+1	0.0000000E+0	0.0000000E+0	1.0000000E+2	0.0000000E+0
1.2892900E+2	6.1150549E+1	6.0400871E+1	0.0000000E+0	0.0000000E+0	1.0000000E+2	0.0000000E+0
1.2897900E+2	6.1156325E+1	6.0413110E+1	0.0000000E+0	0.0000000E+0	1.0000000E+2	0.0000000E+0
1.2902900E+2	6.1154410E+1	6.0415426E+1	0.0000000E+0	0.0000000E+0	1.0000000E+2	0.0000000E+0
1.2907900E+2	6.1176206E+1	6.0405121E+1	0.0000000E+0	0.0000000E+0	1.0000000E+2	0.0000000E+0
1.2912900E+2	6.1181300E+1	6.0406955E+1	0.0000000E+0	0.0000000E+0	1.0000000E+2	0.0000000E+0
1.2917900E+2	6.1185798E+1	6.0412991E+1	0.0000000E+0	0.0000000E+0	1.0000000E+2	0.0000000E+0
1.2923000E+2	6.1204667E+1	6.0424526E+1	0.0000000E+0	0.0000000E+0	1.0000000E+2	0.0000000E+0
1.2928000E+2	6.1198536E+1	6.0421218E+1	0.0000000E+0	0.0000000E+0	1.0000000E+2	0.0000000E+0
1.2933000E+2	6.1200975E+1	6.0416276E+1	0.0000000E+0	0.0000000E+0	1.0000000E+2	0.0000000E+0
1.2938000E+2	6.1193328E+1	6.0400743E+1	0.0000000E+0	0.0000000E+0	1.0000000E+2	0.0000000E+0
1.2943000E+2	6.1167768E+1	6.0408591E+1	0.0000000E+0	0.0000000E+0	1.0000000E+2	0.0000000E+0
1.2948100E+2	6.1136505E+1	6.0406104E+1	0.0000000E+0	0.0000000E+0	1.0000000E+2	0.0000000E+0
1.2953200E+2	6.1157855E+1	6.0401207E+1	0.0000000E+0	0.0000000E+0	1.0000000E+2	0.0000000E+0
1.2958200E+2	6.1167091E+1	6.0420100E+1	0.0000000E+0	0.0000000E+0	1.0000000E+2	0.0000000E+0
1.2963200E+2	6.1182270E+1	6.0416665E+1	0.0000000E+0	0.0000000E+0	1.0000000E+2	0.0000000E+0
1.2968200E+2	6.1202031E+1	6.0422519E+1	0.0000000E+0	0.0000000E+0	1.0000000E+2	0.0000000E+0
1.2973200E+2	6.1223235E+1	6.0424470E+1	0.0000000E+0	0.0000000E+0	1.0000000E+2	0.0000000E+0
1.2978300E+2	6.1246531E+1	6.0430329E+1	0.0000000E+0	0.0000000E+0	1.0000000E+2	0.0000000E+0
1.2983300E+2	6.1250107E+1	6.0444593E+1	0.0000000E+0	0.0000000E+0	1.0000000E+2	0.0000000E+0
1.2988300E+2	6.1252397E+1	6.0424885E+1	0.0000000E+0	0.0000000E+0	1.0000000E+2	0.0000000E+0
1.2993400E+2	6.1262632E+1	6.0438234E+1	0.0000000E+0	0.0000000E+0	1.0000000E+2	0.0000000E+0
1.2998400E+2	6.1283662E+1	6.0443241E+1	0.0000000E+0	0.0000000E+0	1.0000000E+2	0.0000000E+0
1.3003400E+2	6.1301520E+1	6.0454426E+1	0.0000000E+0	0.0000000E+0	1.0000000E+2	0.0000000E+0
1.3008400E+2	6.1293967E+1	6.0458496E+1	0.0000000E+0	0.0000000E+0	1.0000000E+2	0.0000000E+0
1.3013400E+2	6.1282405E+1	6.0459585E+1	0.0000000E+0	0.0000000E+0	1.0000000E+2	0.0000000E+0
1.3018400E+2	6.1252400E+1	6.0457748E+1	0.0000000E+0	0.0000000E+0	1.0000000E+2	0.0000000E+0
1.3023400E+2	6.1257829E+1	6.0453697E+1	0.0000000E+0	0.0000000E+0	1.0000000E+2	0.0000000E+0
1.3028400E+2	6.1270580E+1	6.0456764E+1	0.0000000E+0	0.0000000E+0	1.0000000E+2	0.0000000E+0
1.3033400E+2	6.1266892E+1	6.0470984E+1	0.0000000E+0	0.0000000E+0	1.0000000E+2	0.0000000E+0
1.3038400E+2	6.1272819E+1	6.0474736E+1	0.0000000E+0	0.0000000E+0	1.0000000E+2	0.0000000E+0
1.3043400E+2	6.1282032E+1	6.0472271E+1	0.0000000E+0	0.0000000E+0	1.0000000E+2	0.0000000E+0
1.3048400E+2	6.1288598E+1	6.0452909E+1	0.0000000E+0	0.0000000E+0	1.0000000E+2	0.0000000E+0
1.3053400E+2	6.1295857E+1	6.0461383E+1	0.0000000E+0	0.0000000E+0	1.0000000E+2	0.0000000E+0
1.3058400E+2	6.1278084E+1	6.0460513E+1	0.0000000E+0	0.0000000E+0	1.0000000E+2	0.0000000E+0
1.3063400E+2	6.1269813E+1	6.0446363E+1	0.0000000E+0	0.0000000E+0	1.0000000E+2	0.0000000E+0
1.3068400E+2	6.1281893E+1	6.0440583E+1	0.0000000E+0	0.0000000E+0	1.0000000E+2	0.0000000E+0
1.3073400E+2	6.1303480E+1	6.0463280E+1	0.0000000E+0	0.0000000E+0	1.0000000E+2	0.0000000E+0
1.3078400E+2	6.1299804E+1	6.0454100E+1	0.0000000E+0	0.0000000E+0	1.0000000E+2	0.0000000E+0
1.3083400E+2	6.1311743E+1	6.0469543E+1	0.0000000E+0	0.0000000E+0	1.0000000E+2	0.0000000E+0
1.3088400E+2	6.1336129E+1	6.0462030E+1	0.0000000E+0	0.0000000E+0	1.0000000E+2	0.0000000E+0
1.3093500E+2	6.1328747E+1	6.0449878E+1	0.0000000E+0	0.0000000E+0	1.0000000E+2	0.0000000E+0
1.3098500E+2	6.1339228E+1	6.0455961E+1	0.0000000E+0	0.0000000E+0	1.0000000E+2	0.0000000E+0
1.3103500E+2	6.1262580E+1	6.0451366E+1	0.0000000E+0	0.0000000E+0	1.0000000E+2	0.0000000E+0
1.3108500E+2	6.1253892E+1	6.0445423E+1	0.0000000E+0	0.0000000E+0	1.0000000E+2	0.0000000E+0
1.3113600E+2	6.1283404E+1	6.0454996E+1	0.0000000E+0	0.0000000E+0	1.0000000E+2	0.0000000E+0
1.3118600E+2	6.1310146E+1	6.0453983E+1	0.0000000E+0	0.0000000E+0	1.0000000E+2	0.0000000E+0
1.3123700E+2	6.1337345E+1	6.0457508E+1	0.0000000E+0	0.0000000E+0	1.0000000E+2	0.0000000E+0
1.3128800E+2	6.1358683E+1	6.0462418E+1	0.0000000E+0	0.0000000E+0	1.0000000E+2	0.0000000E+0
1.3133800E+2	6.1374263E+1	6.0464301E+1	0.0000000E+0	0.0000000E+0	1.0000000E+2	0.0000000E+0
1.3138900E+2	6.1386479E+1	6.0467580E+1	0.0000000E+0	0.0000000E+0	1.0000000E+2	0.0000000E+0
1.3143900E+2	6.1405572E+1	6.0473144E+1	0.0000000E+0	0.0000000E+0	1.0000000E+2	0.0000000E+0
1.3148900E+2	6.1404833E+1	6.0471780E+1	0.0000000E+0	0.0000000E+0	1.0000000E+2	0.0000000E+0
1.3153900E+2	6.1393935E+1	6.0465160E+1	0.0000000E+0	0.0000000E+0	1.0000000E+2	0.0000000E+0
1.3158900E+2	6.1420025E+1	6.0464358E+1	0.0000000E+0	0.0000000E+0	1.0000000E+2	0.0000000E+0
1.3163900E+2	6.1441734E+1	6.0471624E+1	0.0000000E+0	0.0000000E+0	1.0000000E+2	0.0000000E+0
1.3168900E+2	6.1423012E+1	6.0455310E+1	0.0000000E+0	0.0000000E+0	1.0000000E+2	0.0000000E+0
1.3173900E+2	6.1431645E+1	6.0451402E+1	0.0000000E+0	0.0000000E+0	1.0000000E+2	0.0000000E+0
1.3178900E+2	6.1425325E+1	6.0442831E+1	0.0000000E+0	0.0000000E+0	1.0000000E+2	0.0000000E+0
1.3184000E+2	6.1430904E+1	6.0446525E+1	0.0000000E+0	0.0000000E+0	1.0000000E+2	0.0000000E+0
1.3189000E+2	6.1430998E+1	6.0451271E+1	0.0000000E+0	0.0000000E+0	1.0000000E+2	0.0000000E+0
1.3194000E+2	6.1397965E+1	6.0455405E+1	0.0000000E+0	0.0000000E+0	1.0000000E+2	0.0000000E+0
1.3199000E+2	6.1330968E+1	6.0416902E+1	0.0000000E+0	0.0000000E+0	1.0000000E+2	0.0000000E+0
1.3204000E+2	6.1330798E+1	6.0433549E+1	0.0000000E+0	0.0000000E+0	1.0000000E+2	0.0000000E+0
1.3209000E+2	6.1332017E+1	6.0439347E+1	0.0000000E+0	0.0000000E+0	1.0000000E+2	0.0000000E+0
1.3214000E+2	6.1331245E+1	6.0448460E+1	0.0000000E+0	0.0000000E+0	1.0000000E+2	0.0000000E+0
1.3219000E+2	6.1326735E+1	6.0426181E+1	0.0000000E+0	0.0000000E+0	1.0000000E+2	0.0000000E+0
1.3224000E+2	6.1347758E+1	6.0436471E+1	0.0000000E+0	0.0000000E+0	1.0000000E+2	0.0000000E+0
1.3229000E+2	6.1362601E+1	6.0456703E+1	0.0000000E+0	0.0000000E+0	1.0000000E+2	0.0000000E+0
1.3234000E+2	6.1367530E+1	6.0463903E+1	0.0000000E+0	0.0000000E+0	1.0000000E+2	0.0000000E+0
1.3239000E+2	6.1357660E+1	6.0457757E+1	0.0000000E+0	0.0000000E+0	1.0000000E+2	0.0000000E+0
1.3244000E+2	6.1353329E+1	6.0458925E+1	0.0000000E+0	0.0000000E+0	1.0000000E+2	0.0000000E+0
1.3249100E+2	6.1354138E+1	6.0458836E+1	0.0000000E+0	0.0000000E+0	1.0000000E+2	0.0000000E+0
1.3254100E+2	6.1356946E+1	6.0468311E+1	0.0000000E+0	0.0000000E+0	1.0000000E+2	0.0000000E+0
1.3259100E+2	6.1364208E+1	6.0472386E+1	0.0000000E+0	0.0000000E+0	1.0000000E+2	0.0000000E+0
1.3264100E+2	6.1357849E+1	6.0474001E+1	0.0000000E+0	0.0000000E+0	1.0000000E+2	0.0000000E+0
1.3269100E+2	6.1368461E+1	6.0470444E+1	0.0000000E+0	0.0000000E+0	1.0000000E+2	0.0000000E+0
1.3274100E+2	6.1362102E+1	6.0453291E+1	0.0000000E+0	0.0000000E+0	1.0000000E+2	0.0000000E+0
1.3279200E+2	6.1307610E+1	6.0457415E+1	0.0000000E+0	0.0000000E+0	1.0000000E+2	0.0000000E+0
1.3284200E+2	6.1270655E+1	6.0430547E+1	0.0000000E+0	0.0000000E+0	1.0000000E+2	0.0000000E+0
1.3289400E+2	6.1288899E+1	6.0438885E+1	0.0000000E+0	0.0000000E+0	1.0000000E+2	0.0000000E+0
1.3294400E+2	6.1288445E+1	6.0446408E+1	0.0000000E+0	0.0000000E+0	1.0000000E+2	0.0000000E+0
1.3299400E+2	6.1309065E+1	6.0448750E+1	0.0000000E+0	0.0000000E+0	1.0000000E+2	0.0000000E+0
1.3304400E+2	6.1292614E+1	6.0443554E+1	0.0000000E+0	0.0000000E+0	1.0000000E+2	0.0000000E+0
1.3309400E+2	6.1294086E+1	6.0434952E+1	0.0000000E+0	0.0000000E+0	1.0000000E+2	0.0000000E+0
1.3314400E+2	6.1296460E+1	6.0429671E+1	0.0000000E+0	0.0000000E+0	1.0000000E+2	0.0000000E+0
1.3319400E+2	6.1295413E+1	6.0436548E+1	0.0000000E+0	0.0000000E+0	1.0000000E+2	0.0000000E+0
1.3324400E+2	6.1294197E+1	6.0427318E+1	0.0000000E+0	0.0000000E+0	1.0000000E+2	0.0000000E+0
1.3329400E+2	6.1310903E+1	6.0439107E+1	0.0000000E+0	0.0000000E+0	1.0000000E+2	0.0000000E+0
1.3334400E+2	6.1332601E+1	6.0436897E+1	0.0000000E+0	0.0000000E+0	1.0000000E+2	0.0000000E+0
1.3339400E+2	6.1335902E+1	6.0430855E+1	0.0000000E+0	0.0000000E+0	1.0000000E+2	0.0000000E+0
1.3344400E+2	6.1337795E+1	6.0443384E+1	0.0000000E+0	0.0000000E+0	1.0000000E+2	0.0000000E+0
1.3349400E+2	6.1323922E+1	6.0445536E+1	0.0000000E+0	0.0000000E+0	1.0000000E+2	0.0000000E+0
1.3354400E+2	6.1313351E+1	6.0421908E+1	0.0000000E+0	0.0000000E+0	1.0000000E+2	0.0000000E+0
1.3359500E+2	6.1288651E+1	6.0434548E+1	0.0000000E+0	0.0000000E+0	1.0000000E+2	0.0000000E+0
1.3364600E+2	6.1268903E+1	6.0438395E+1	0.0000000E+0	0.0000000E+0	1.0000000E+2	0.0000000E+0
1.3369600E+2	6.1279983E+1	6.0427853E+1	0.0000000E+0	0.0000000E+0	1.0000000E+2	0.0000000E+0
1.3374800E+2	6.1288527E+1	6.0427525E+1	0.0000000E+0	0.0000000E+0	1.0000000E+2	0.0000000E+0
1.3379800E+2	6.1332629E+1	6.0439267E+1	0.0000000E+0	0.0000000E+0	1.0000000E+2	0.0000000E+0
1.3384800E+2	6.1343658E+1	6.0438818E+1	0.0000000E+0	0.0000000E+0	1.0000000E+2	0.0000000E+0
1.3389900E+2	6.1357159E+1	6.0443528E+1	0.0000000E+0	0.0000000E+0	1.0000000E+2	0.0000000E+0
1.3394900E+2	6.1344745E+1	6.0444123E+1	0.0000000E+0	0.0000000E+0	1.0000000E+2	0.0000000E+0
1.3399900E+2	6.1371653E+1	6.0442707E+1	0.0000000E+0	0.0000000E+0	1.0000000E+2	0.0000000E+0
1.3404900E+2	6.1386551E+1	6.0443868E+1	0.0000000E+0	0.0000000E+0	1.0000000E+2	0.0000000E+0
1.3409900E+2	6.1394301E+1	6.0449220E+1	0.0000000E+0	0.0000000E+0	1.0000000E+2	0.0000000E+0
1.3415000E+2	6.1379999E+1	6.0448106E+1	0.0000000E+0	0.0000000E+0	1.0000000E+2	0.0000000E+0
1.3420100E+2	6.1388231E+1	6.0446618E+1	0.0000000E+0	0.0000000E+0	1.0000000E+2	0.0000000E+0
1.3425100E+2	6.1387823E+1	6.0438289E+1	0.0000000E+0	0.0000000E+0	1.0000000E+2	0.0000000E+0
1.3430200E+2	6.1404271E+1	6.0450706E+1	0.0000000E+0	0.0000000E+0	1.0000000E+2	0.0000000E+0
1.3435300E+2	6.1403709E+1	6.0443407E+1	0.0000000E+0	0.0000000E+0	1.0000000E+2	0.0000000E+0
1.3440300E+2	6.1387421E+1	6.0423572E+1	0.0000000E+0	0.0000000E+0	1.0000000E+2	0.0000000E+0
1.3445300E+2	6.1358363E+1	6.0440047E+1	0.0000000E+0	0.0000000E+0	1.0000000E+2	0.0000000E+0
1.3450300E+2	6.1337974E+1	6.0455913E+1	0.0000000E+0	0.0000000E+0	1.0000000E+2	0.0000000E+0
1.3455400E+2	6.1349961E+1	6.0441186E+1	0.0000000E+0	0.0000000E+0	1.0000000E+2	0.0000000E+0
1.3460400E+2	6.1382230E+1	6.0440173E+1	0.0000000E+0	0.0000000E+0	1.0000000E+2	0.0000000E+0
1.3465400E+2	6.1383473E+1	6.0447976E+1	0.0000000E+0	0.0000000E+0	1.0000000E+2	0.0000000E+0
1.3470400E+2	6.1411947E+1	6.0472749E+1	0.0000000E+0	0.0000000E+0	1.0000000E+2	0.0000000E+0
1.3475400E+2	6.1420203E+1	6.0474451E+1	0.0000000E+0	0.0000000E+0	1.0000000E+2	0.0000000E+0
1.3480400E+2	6.1440654E+1	6.0476729E+1	0.0000000E+0	0.0000000E+0	1.0000000E+2	0.0000000E+0
1.3485400E+2	6.1437040E+1	6.0459615E+1	0.0000000E+0	0.0000000E+0	1.0000000E+2	0.0000000E+0
1.3490400E+2	6.1462284E+1	6.0477624E+1	0.0000000E+0	0.0000000E+0	1.0000000E+2	0.0000000E+0
1.3495400E+2	6.1442582E+1	6.0462155E+1	0.0000000E+0	0.0000000E+0	1.0000000E+2	0.0000000E+0
1.3500400E+2	6.1452289E+1	6.0458063E+1	0.0000000E+0	0.0000000E+0	1.0000000E+2	0.0000000E+0
1.3505400E+2	6.1460310E+1	6.0465422E+1	0.0000000E+0	0.0000000E+0	1.0000000E+2	0.0000000E+0
1.3510400E+2	6.1472310E+1	6.0472401E+1	0.0000000E+0	0.0000000E+0	1.0000000E+2	0.0000000E+0
1.3515400E+2	6.1467761E+1	6.0471597E+1	0.0000000E+0	0.0000000E+0	1.0000000E+2	0.0000000E+0
1.3520400E+2	6.1467016E+1	6.0471135E+1	0.0000000E+0	0.0000000E+0	1.0000000E+2	0.0000000E+0
1.3525400E+2	6.1455191E+1	6.0467313E+1	0.0000000E+0	0.0000000E+0	1.0000000E+2	0.0000000E+0
1.3530400E+2	6.1467867E+1	6.0483831E+1	0.0000000E+0	0.0000000E+0	1.0000000E+2	0.0000000E+0
1.3535400E+2	6.1394992E+1	6.0478137E+1	0.0000000E+0	0.0000000E+0	1.0000000E+2	0.0000000E+0
1.3540400E+2	6.1375158E+1	6.0458241E+1	0.0000000E+0	0.0000000E+0	1.0000000E+2	0.0000000E+0
1.3545400E+2	6.1399197E+1	6.0474758E+1	0.0000000E+0	0.0000000E+0	1.0000000E+2	0.0000000E+0
1.3550400E+2	6.1415664E+1	6.0479450E+1	0.0000000E+0	0.0000000E+0	1.0000000E+2	0.0000000E+0
1.3555400E+2	6.1431852E+1	6.0470518E+1	0.0000000E+0	0.0000000E+0	1.0000000E+2	0.0000000E+0
1.3560400E+2	6.1439629E+1	6.0476534E+1	0.0000000E+0	0.0000000E+0	1.0000000E+2	0.0000000E+0
1.3565400E+2	6.1453071E+1	6.0484338E+1	0.0000000E+0	0.0000000E+0	1.0000000E+2	0.0000000E+0
1.3570400E+2	6.1450920E+1	6.0474788E+1	0.0000000E+0	0.0000000E+0	1.0000000E+2	0.0000000E+0
1.3575400E+2	6.1458344E+1	6.0475938E+1	0.0000000E+0	0.0000000E+0	1.0000000E+2	0.0000000E+0
1.3580400E+2	6.1462528E+1	6.0468442E+1	0.0000000E+0	0.0000000E+0	1.0000000E+2	0.0000000E+0
1.3585400E+2	6.1461163E+1	6.0466396E+1	0.0000000E+0	0.0000000E+0	1.0000000E+2	0.0000000E+0
1.3590400E+2	6.1465802E+1	6.0460405E+1	0.0000000E+0	0.0000000E+0	1.0000000E+2	0.0000000E+0
1.3595400E+2	6.1483862E+1	6.0468168E+1	0.0000000E+0	0.0000000E+0	1.0000000E+2	0.0000000E+0
1.3600400E+2	6.1504278E+1	6.0489872E+1	0.0000000E+0	0.0000000E+0	1.0000000E+2	0.0000000E+0
1.3605400E+2	6.1493642E+1	6.0481048E+1	0.0000000E+0	0.0000000E+0	1.0000000E+2	0.0000000E+0
1.3610600E+2	6.1471310E+1	6.0480569E+1	0.0000000E+0	0.0000000E+0	1.0000000E+2	0.0000000E+0
1.3615600E+2	6.1452055E+1	6.0469945E+1	0.0000000E+0	0.0000000E+0	1.0000000E+2	0.0000000E+0
1.3620600E+2	6.1427305E+1	6.0469719E+1	0.0000000E+0	0.0000000E+0	1.0000000E+2	0.0000000E+0
1.3625600E+2	6.1401096E+1	6.0480727E+1	0.0000000E+0	0.0000000E+0	1.0000000E+2	0.0000000E+0
1.3630600E+2	6.1397980E+1	6.0467685E+1	0.0000000E+0	0.0000000E+0	1.0000000E+2	0.0000000E+0
1.3635700E+2	6.1413161E+1	6.0477441E+1	0.0000000E+0	0.0000000E+0	1.0000000E+2	0.0000000E+0
1.3640800E+2	6.1423262E+1	6.0488293E+1	0.0000000E+0	0.0000000E+0	1.0000000E+2	0.0000000E+0
1.3645800E+2	6.1406411E+1	6.0476474E+1	0.0000000E+0	0.0000000E+0	1.0000000E+2	0.0000000E+0
1.3650800E+2	6.1404813E+1	6.0490864E+1	0.0000000E+0	0.0000000E+0	1.0000000E+2	0.0000000E+0
1.3655800E+2	6.1425548E+1	6.0482376E+1	0.0000000E+0	0.0000000E+0	1.0000000E+2	0.0000000E+0
1.3660800E+2	6.1444327E+1	6.0483694E+1	0.0000000E+0	0.0000000E+0	1.0000000E+2	0.0000000E+0
1.3665900E+2	6.1446283E+1	6.0474314E+1	0.0000000E+0	0.0000000E+0	1.0000000E+2	0.0000000E+0
1.3670900E+2	6.1464744E+1	6.0492230E+1	0.0000000E+0	0.0000000E+0	1.0000000E+2	0.0000000E+0
1.3675900E+2	6.1489228E+1	6.0485800E+1	0.0000000E+0	0.0000000E+0	1.0000000E+2	0.0000000E+0
1.3680900E+2	6.1501334E+1	6.0487841E+1	0.0000000E+0	0.0000000E+0	1.0000000E+2	0.0000000E+0
1.3685900E+2	6.1512634E+1	6.0492897E+1	0.0000000E+0	0.0000000E+0	1.0000000E+2	0.0000000E+0
1.3690900E+2	6.1514829E+1	6.0479195E+1	0.0000000E+0	0.0000000E+0	1.0000000E+2	0.0000000E+0
1.3695900E+2	6.1537971E+1	6.0485141E+1	0.0000000E+0	0.0000000E+0	1.0000000E+2	0.0000000E+0
1.3701000E+2	6.1559807E+1	6.0493801E+1	0.0000000E+0	0.0000000E+0	1.0000000E+2	0.0000000E+0
1.3706000E+2	6.1572057E+1	6.0502087E+1	0.0000000E+0	0.0000000E+0	1.0000000E+2	0.0000000E+0
1.3711000E+2	6.1583272E+1	6.0503115E+1	0.0000000E+0	0.0000000E+0	1.0000000E+2	0.0000000E+0
1.3716000E+2	6.1560105E+1	6.0514547E+1	0.0000000E+0	0.0000000E+0	1.0000000E+2	0.0000000E+0
1.3721000E+2	6.1529207E+1	6.0507603E+1	0.0000000E+0	0.0000000E+0	1.0000000E+2	0.0000000E+0
1.3726000E+2	6.1520870E+1	6.0504726E+1	0.0000000E+0	0.0000000E+0	1.0000000E+2	0.0000000E+0
1.3731000E+2	6.1538741E+1	6.0495435E+1	0.0000000E+0	0.0000000E+0	1.0000000E+2	0.0000000E+0
1.3736000E+2	6.1563593E+1	6.0502527E+1	0.0000000E+0	0.0000000E+0	1.0000000E+2	0.0000000E+0
1.3741000E+2	6.1576271E+1	6.0507831E+1	0.0000000E+0	0.0000000E+0	1.0000000E+2	0.0000000E+0
1.3746000E+2	6.1577655E+1	6.0508701E+1	0.0000000E+0	0.0000000E+0	1.0000000E+2	0.0000000E+0
1.3751100E+2	6.1586532E+1	6.0506732E+1	0.0000000E+0	0.0000000E+0	1.0000000E+2	0.0000000E+0
1.3756200E+2	6.1585636E+1	6.0510235E+1	0.0000000E+0	0.0000000E+0	1.0000000E+2	0.0000000E+0
1.3761200E+2	6.1627538E+1	6.0506024E+1	0.0000000E+0	0.0000000E+0	1.0000000E+2	0.0000000E+0
1.3766200E+2	6.1629788E+1	6.0521014E+1	0.0000000E+0	0.0000000E+0	1.0000000E+2	0.0000000E+0
1.3771200E+2	6.1618942E+1	6.0507734E+1	0.0000000E+0	0.0000000E+0	1.0000000E+2	0.0000000E+0
1.3776200E+2	6.1625516E+1	6.0521288E+1	0.0000000E+0	0.0000000E+0	1.0000000E+2	0.0000000E+0
1.3781300E+2	6.1626406E+1	6.0514339E+1	0.0000000E+0	0.0000000E+0	1.0000000E+2	0.0000000E+0
1.3786300E+2	6.1604762E+1	6.0511988E+1	0.0000000E+0	0.0000000E+0	1.0000000E+2	0.0000000E+0
1.3791300E+2	6.1590174E+1	6.0506547E+1	0.0000000E+0	0.0000000E+0	1.0000000E+2	0.0000000E+0
1.3796300E+2	6.1590513E+1	6.0501000E+1	0.0000000E+0	0.0000000E+0	1.0000000E+2	0.0000000E+0
1.3801400E+2	6.1567789E+1	6.0508529E+1	0.0000000E+0	0.0000000E+0	1.0000000E+2	0.0000000E+0
1.3806400E+2	6.1526682E+1	6.0507570E+1	0.0000000E+0	0.0000000E+0	1.0000000E+2	0.0000000E+0
1.3811500E+2	6.1528673E+1	6.0506358E+1	0.0000000E+0	0.0000000E+0	1.0000000E+2	0.0000000E+0
1.3816500E+2	6.1522314E+1	6.0508356E+1	0.0000000E+0	0.0000000E+0	1.0000000E+2	0.0000000E+0
1.3821600E+2	6.1524212E+1	6.0519397E+1	0.0000000E+0	0.0000000E+0	1.0000000E+2	0.0000000E+0
1.3826600E+2	6.1510486E+1	6.0501839E+1	0.0000000E+0	0.0000000E+0	1.0000000E+2	0.0000000E+0
1.3831600E+2	6.1538131E+1	6.0513254E+1	0.0000000E+0	0.0000000E+0	1.0000000E+2	0.0000000E+0
1.3836600E+2	6.1536018E+1	6.0508244E+1	0.0000000E+0	0.0000000E+0	1.0000000E+2	0.0000000E+0
1.3841600E+2	6.1567211E+1	6.0505463E+1	0.0000000E+0	0.0000000E+0	1.0000000E+2	0.0000000E+0
1.3846600E+2	6.1599520E+1	6.0516471E+1	0.0000000E+0	0.0000000E+0	1.0000000E+2	0.0000000E+0
1.3851700E+2	6.1605611E+1	6.0523760E+1	0.0000000E+0	0.0000000E+0	1.0000000E+2	0.0000000E+0
1.3856700E+2	6.1588308E+1	6.0523470E+1	0.0000000E+0	0.0000000E+0	1.0000000E+2	0.0000000E+0
1.3861700E+2	6.1574682E+1	6.0504486E+1	0.0000000E+0	0.0000000E+0	1.0000000E+2	0.0000000E+0
1.3866700E+2	6.1545568E+1	6.0512992E+1	0.0000000E+0	0.0000000E+0	1.0000000E+2	0.0000000E+0
1.3871700E+2	6.1559837E+1	6.0526324E+1	0.0000000E+0	0.0000000E+0	1.0000000E+2	0.0000000E+0
1.3876700E+2	6.1566709E+1	6.0529799E+1	0.0000000E+0	0.0000000E+0	1.0000000E+2	0.0000000E+0
1.3881700E+2	6.1548686E+1	6.0518206E+1	0.0000000E+0	0.0000000E+0	1.0000000E+2	0.0000000E+0
1.3886800E+2	6.1558413E+1	6.0504576E+1	0.0000000E+0	0.0000000E+0	1.0000000E+2	0.0000000E+0
1.3891800E+2	6.1509250E+1	6.0518499E+1	0.0000000E+0	0.0000000E+0	1.0000000E+2	0.0000000E+0
1.3896800E+2	6.1480037E+1	6.0506032E+1	0.0000000E+0	0.0000000E+0	1.0000000E+2	0.0000000E+0
1.3901900E+2	6.1500339E+1	6.0506090E+1	0.0000000E+0	0.0000000E+0	1.0000000E+2	0.0000000E+0
1.3906900E+2	6.1494069E+1	6.0487903E+1	0.0000000E+0	0.0000000E+0	1.0000000E+2	0.0000000E+0
1.3911900E+2	6.1511645E+1	6.0500129E+1	0.0000000E+0	0.0000000E+0	1.0000000E+2	0.0000000E+0
1.3917000E+2	6.1512277E+1	6.0489085E+1	0.0000000E+0	0.0000000E+0	1.0000000E+2	0.0000000E+0
1.3922100E+2	6.1526883E+1	6.0492720E+1	0.0000000E+0	0.0000000E+0	1.0000000E+2	0.0000000E+0
1.3927100E+2	6.1503232E+1	6.0478451E+1	0.0000000E+0	0.0000000E+0	1.0000000E+2	0.0000000E+0
1.3932100E+2	6.1511044E+1	6.0482938E+1	0.0000000E+0	0.0000000E+0	1.0000000E+2	0.0000000E+0
1.3937200E+2	6.1502078E+1	6.0480190E+1	0.0000000E+0	0.0000000E+0	1.0000000E+2	0.0000000E+0
1.3942200E+2	6.1501451E+1	6.0483484E+1	0.0000000E+0	0.0000000E+0	1.0000000E+2	0.0000000E+0
1.3947300E+2	6.1498492E+1	6.0477374E+1	0.0000000E+0	0.0000000E+0	1.0000000E+2	0.0000000E+0
1.3952300E+2	6.1506018E+1	6.0474329E+1	0.0000000E+0	0.0000000E+0	1.0000000E+2	0.0000000E+0
1.3957300E+2	6.1521175E+1	6.0492374E+1	0.0000000E+0	0.0000000E+0	1.0000000E+2	0.0000000E+0
1.3962300E+2	6.1516749E+1	6.0501344E+1	0.0000000E+0	0.0000000E+0	1.0000000E+2	0.0000000E+0
1.3967300E+2	6.1486701E+1	6.0489703E+1	0.0000000E+0	0.0000000E+0	1.0000000E+2	0.0000000E+0
1.3972300E+2	6.1487553E+1	6.0500834E+1	0.0000000E+0	0.0000000E+0	1.0000000E+2	0.0000000E+0
1.3977400E+2	6.1474053E+1	6.0491542E+1	0.0000000E+0	0.0000000E+0	1.0000000E+2	0.0000000E+0
1.3982400E+2	6.1482205E+1	6.0501645E+1	0.0000000E+0	0.0000000E+0	1.0000000E+2	0.0000000E+0
1.3987400E+2	6.1421189E+1	6.0495457E+1	0.0000000E+0	0.0000000E+0	1.0000000E+2	0.0000000E+0
1.3992400E+2	6.1406269E+1	6.0475080E+1	0.0000000E+0	0.0000000E+0	1.0000000E+2	0.0000000E+0
1.3997500E+2	6.1427562E+1	6.0486196E+1	0.0000000E+0	0.0000000E+0	1.0000000E+2	0.0000000E+0
1.4002500E+2	6.1454695E+1	6.0506247E+1	0.0000000E+0	0.0000000E+0	1.0000000E+2	0.0000000E+0
1.4007500E+2	6.1459142E+1	6.0504303E+1	0.0000000E+0	0.0000000E+0	1.0000000E+2	0.0000000E+0
1.4012500E+2	6.1481931E+1	6.0500882E+1	0.0000000E+0	0.0000000E+0	1.0000000E+2	0.0000000E+0
1.4017600E+2	6.1493717E+1	6.0518093E+1	0.0000000E+0	0.0000000E+0	1.0000000E+2	0.0000000E+0
1.4022600E+2	6.1508218E+1	6.0536555E+1	0.0000000E+0	0.0000000E+0	1.0000000E+2	0.0000000E+0
1.4027600E+2	6.1491322E+1	6.0519268E+1	0.0000000E+0	0.0000000E+0	1.0000000E+2	0.0000000E+0
1.4032600E+2	6.1474315E+1	6.0509148E+1	0.0000000E+0	0.0000000E+0	1.0000000E+2	0.0000000E+0
1.4037600E+2	6.1496940E+1	6.0525477E+1	0.0000000E+0	0.0000000E+0	1.0000000E+2	0.0000000E+0
1.4042600E+2	6.1490100E+1	6.0511395E+1	0.0000000E+0	0.0000000E+0	1.0000000E+2	0.0000000E+0
1.4047600E+2	6.1506487E+1	6.0526735E+1	0.0000000E+0	0.0000000E+0	1.0000000E+2	0.0000000E+0
1.4052700E+2	6.1505949E+1	6.0521143E+1	0.0000000E+0	0.0000000E+0	1.0000000E+2	0.0000000E+0
1.4057700E+2	6.1534844E+1	6.0517983E+1	0.0000000E+0	0.0000000E+0	1.0000000E+2	0.0000000E+0
1.4062700E+2	6.1521786E+1	6.0525972E+1	0.0000000E+0	0.0000000E+0	1.0000000E+2	0.0000000E+0
1.4067700E+2	6.1536051E+1	6.0530494E+1	0.0000000E+0	0.0000000E+0	1.0000000E+2	0.0000000E+0
1.4072800E+2	6.1552600E+1	6.0530135E+1	0.0000000E+0	0.0000000E+0	1.0000000E+2	0.0000000E+0
1.4077800E+2	6.1509162E+1	6.0529438E+1	0.0000000E+0	0.0000000E+0	1.0000000E+2	0.0000000E+0
1.4082800E+2	6.1485395E+1	6.0524275E+1	0.0000000E+0	0.0000000E+0	1.0000000E+2	0.0000000E+0
1.4087900E+2	6.1491165E+1	6.0531715E+1	0.0000000E+0	0.0000000E+0	1.0000000E+2	0.0000000E+0
1.4093000E+2	6.1493595E+1	6.0522624E+1	0.0000000E+0	0.0000000E+0	1.0000000E+2	0.0000000E+0
1.4098000E+2	6.1521138E+1	6.0539970E+1	0.0000000E+0	0.0000000E+0	1.0000000E+2	0.0000000E+0
1.4103000E+2	6.1530042E+1	6.0544400E+1	0.0000000E+0	0.0000000E+0	1.0000000E+2	0.0000000E+0
1.4108000E+2	6.1550231E+1	6.0533847E+1	0.0000000E+0	0.0000000E+0	1.0000000E+2	0.0000000E+0
1.4113100E+2	6.1556560E+1	6.0536103E+1	0.0000000E+0	0.0000000E+0	1.0000000E+2	0.0000000E+0
1.4118100E+2	6.1569131E+1	6.0538273E+1	0.0000000E+0	0.0000000E+0	1.0000000E+2	0.0000000E+0
1.4123100E+2	6.1581472E+1	6.0551134E+1	0.0000000E+0	0.0000000E+0	1.0000000E+2	0.0000000E+0
1.4128100E+2	6.1580330E+1	6.0556692E+1	0.0000000E+0	0.0000000E+0	1.0000000E+2	0.0000000E+0
1.4133100E+2	6.1569395E+1	6.0547678E+1	0.0000000E+0	0.0000000E+0	1.0000000E+2	0.0000000E+0
1.4138200E+2	6.1577704E+1	6.0555116E+1	0.0000000E+0	0.0000000E+0	1.0000000E+2	0.0000000E+0
1.4143200E+2	6.1582916E+1	6.0558035E+1	0.0000000E+0	0.0000000E+0	1.0000000E+2	0.0000000E+0
1.4148200E+2	6.1576267E+1	6.0546501E+1	0.0000000E+0	0.0000000E+0	1.0000000E+2	0.0000000E+0
1.4153300E+2	6.1585956E+1	6.0563116E+1	0.0000000E+0	0.0000000E+0	1.0000000E+2	0.0000000E+0
1.4158300E+2	6.1537366E+1	6.0565993E+1	0.0000000E+0	0.0000000E+0	1.0000000E+2	0.0000000E+0
1.4163300E+2	6.1494349E+1	6.0556338E+1	0.0000000E+0	0.0000000E+0	1.0000000E+2	0.0000000E+0
1.4168300E+2	6.1503076E+1	6.0567583E+1	0.0000000E+0	0.0000000E+0	1.0000000E+2	0.0000000E+0
1.4173300E+2	6.1506320E+1	6.0557280E+1	0.0000000E+0	0.0000000E+0	1.0000000E+2	0.0000000E+0
1.4178300E+2	6.1502630E+1	6.0554887E+1	0.0000000E+0	0.0000000E+0	1.0000000E+2	0.0000000E+0
1.4183300E+2	6.1486880E+1	6.0537921E+1	0.0000000E+0	0.0000000E+0	1.0000000E+2	0.0000000E+0
1.4188300E+2	6.1477165E+1	6.0531046E+1	0.0000000E+0	0.0000000E+0	1.0000000E+2	0.0000000E+0
1.4193300E+2	6.1481459E+1	6.0517409E+1	0.0000000E+0	0.0000000E+0	1.0000000E+2	0.0000000E+0
1.4198300E+2	6.1461344E+1	6.0516536E+1	0.0000000E+0	0.0000000E+0	1.0000000E+2	0.0000000E+0
1.4203300E+2	6.1464757E+1	6.0528037E+1	0.0000000E+0	0.0000000E+0	1.0000000E+2	0.0000000E+0
1.4208400E+2	6.1462129E+1	6.0524059E+1	0.0000000E+0	0.0000000E+0	1.0000000E+2	0.0000000E+0
1.4213400E+2	6.1459495E+1	6.0516740E+1	0.0000000E+0	0.0000000E+0	1.0000000E+2	0.0000000E+0
1.4218400E+2	6.1453997E+1	6.0528389E+1	0.0000000E+0	0.0000000E+0	1.0000000E+2	0.0000000E+0
1.4223400E+2	6.1452159E+1	6.0507131E+1	0.0000000E+0	0.0000000E+0	1.0000000E+2	0.0000000E+0
1.4228400E+2	6.1436766E+1	6.0499844E+1	0.0000000E+0	0.0000000E+0	1.0000000E+2	0.0000000E+0
1.4233400E+2	6.1434393E+1	6.0508368E+1	0.0000000E+0	0.0000000E+0	1.0000000E+2	0.0000000E+0
1.4238400E+2	6.1393604E+1	6.0504593E+1	0.0000000E+0	0.0000000E+0	1.0000000E+2	0.0000000E+0
1.4243500E+2	6.1368714E+1	6.0498991E+1	0.0000000E+0	0.0000000E+0	1.0000000E+2	0.0000000E+0
1.4248500E+2	6.1392896E+1	6.0514032E+1	0.0000000E+0	0.0000000E+0	1.0000000E+2	0.0000000E+0
1.4253500E+2	6.1395185E+1	6.0513744E+1	0.0000000E+0	0.0000000E+0	1.0000000E+2	0.0000000E+0
1.4258500E+2	6.1403845E+1	6.0509754E+1	0.0000000E+0	0.0000000E+0	1.0000000E+2	0.0000000E+0
1.4263500E+2	6.1406545E+1	6.0490739E+1	0.0000000E+0	0.0000000E+0	1.0000000E+2	0.0000000E+0
1.4268500E+2	6.1423793E+1	6.0505067E+1	0.0000000E+0	0.0000000E+0	1.0000000E+2	0.0000000E+0
1.4273500E+2	6.1426349E+1	6.0515657E+1	0.0000000E+0	0.0000000E+0	1.0000000E+2	0.0000000E+0
1.4278500E+2	6.1420273E+1	6.0514849E+1	0.0000000E+0	0.0000000E+0	1.0000000E+2	0.0000000E+0
1.4283500E+2	6.1450161E+1	6.0531064E+1	0.0000000E+0	0.0000000E+0	1.0000000E+2	0.0000000E+0
1.4288500E+2	6.1462554E+1	6.0530616E+1	0.0000000E+0	0.0000000E+0	1.0000000E+2	0.0000000E+0
1.4293500E+2	6.1450463E+1	6.0528415E+1	0.0000000E+0	0.0000000E+0	1.0000000E+2	0.0000000E+0
1.4298500E+2	6.1462327E+1	6.0528974E+1	0.0000000E+0	0.0000000E+0	1.0000000E+2	0.0000000E+0
1.4303500E+2	6.1466153E+1	6.0548691E+1	0.0000000E+0	0.0000000E+0	1.0000000E+2	0.0000000E+0
1.4308500E+2	6.1472016E+1	6.0529310E+1	0.0000000E+0	0.0000000E+0	1.0000000E+2	0.0000000E+0
1.4313500E+2	6.1484320E+1	6.0538613E+1	0.0000000E+0	0.0000000E+0	1.0000000E+2	0.0000000E+0
1.4318500E+2	6.1502023E+1	6.0538770E+1	0.0000000E+0	0.0000000E+0	1.0000000E+2	0.0000000E+0
1.4323500E+2	6.1502569E+1	6.0522576E+1	0.0000000E+0	0.0000000E+0	1.0000000E+2	0.0000000E+0
1.4328500E+2	6.1458674E+1	6.0520693E+1	0.0000000E+0	0.0000000E+0	1.0000000E+2	0.0000000E+0
1.4333500E+2	6.1469248E+1	6.0515020E+1	0.0000000E+0	0.0000000E+0	1.0000000E+2	0.0000000E+0
1.4338500E+2	6.1484439E+1	6.0506903E+1	0.0000000E+0	0.0000000E+0	1.0000000E+2	0.0000000E+0
1.4343500E+2	6.1515245E+1	6.0501429E+1	0.0000000E+0	0.0000000E+0	1.0000000E+2	0.0000000E+0
1.4348500E+2	6.1566991E+1	6.0526032E+1	0.0000000E+0	0.0000000E+0	1.0000000E+2	0.0000000E+0
1.4353500E+2	6.1579024E+1	6.0515016E+1	0.0000000E+0	0.0000000E+0	1.0000000E+2	0.0000000E+0
1.4358500E+2	6.1615155E+1	6.0528489E+1	0.0000000E+0	0.0000000E+0	1.0000000E+2	0.0000000E+0
1.4363600E+2	6.1617231E+1	6.0534352E+1	0.0000000E+0	0.0000000E+0	1.0000000E+2	0.0000000E+0
1.4368600E+2	6.1616733E+1	6.0521264E+1	0.0000000E+0	0.0000000E+0	1.0000000E+2	0.0000000E+0
1.4373600E+2	6.1616159E+1	6.0515943E+1	0.0000000E+0	0.0000000E+0	1.0000000E+2	0.0000000E+0
1.4378700E+2	6.1641350E+1	6.0527516E+1	0.0000000E+0	0.0000000E+0	1.0000000E+2	0.0000000E+0
1.4383700E+2	6.1663408E+1	6.0522011E+1	0.0000000E+0	0.0000000E+0	1.0000000E+2	0.0000000E+0
1.4388800E+2	6.1707503E+1	6.0543293E+1	0.0000000E+0	0.0000000E+0	1.0000000E+2	0.0000000E+0
1.4393900E+2	6.1701450E+1	6.0528231E+1	0.0000000E+0	0.0000000E+0	1.0000000E+2	0.0000000E+0
1.4399000E+2	6.1695259E+1	6.0533481E+1	0.0000000E+0	0.0000000E+0	1.0000000E+2	0.0000000E+0
1.4404100E+2	6.1712582E+1	6.0541673E+1	0.0000000E+0	0.0000000E+0	1.0000000E+2	0.0000000E+0
1.4409100E+2	6.1695898E+1	6.0530087E+1	0.0000000E+0	0.0000000E+0	1.0000000E+2	0.0000000E+0
1.4414100E+2	6.1690509E+1	6.0528688E+1	0.0000000E+0	0.0000000E+0	1.0000000E+2	0.0000000E+0
1.4419200E+2	6.1646594E+1	6.0531963E+1	0.0000000E+0	0.0000000E+0	1.0000000E+2	0.0000000E+0
1.4424200E+2	6.1623941E+1	6.0520601E+1	0.0000000E+0	0.0000000E+0	1.0000000E+2	0.0000000E+0
1.4429200E+2	6.1636437E+1	6.0518434E+1	0.0000000E+0	0.0000000E+0	1.0000000E+2	0.0000000E+0
1.4434200E+2	6.1659055E+1	6.0519176E+1	0.0000000E+0	0.0000000E+0	1.0000000E+2	0.0000000E+0
1.4439200E+2	6.1678155E+1	6.0511671E+1	0.0000000E+0	0.0000000E+0	1.0000000E+2	0.0000000E+0
1.4444200E+2	6.1673363E+1	6.0513392E+1	0.0000000E+0	0.0000000E+0	1.0000000E+2	0.0000000E+0
1.4449200E+2	6.1699796E+1	6.0520645E+1	0.0000000E+0	0.0000000E+0	1.0000000E+2	0.0000000E+0
1.4454300E+2	6.1699441E+1	6.0513111E+1	0.0000000E+0	0.0000000E+0	1.0000000E+2	0.0000000E+0
1.4459300E+2	6.1684450E+1	6.0514743E+1	0.0000000E+0	0.0000000E+0	1.0000000E+2	0.0000000E+0
1.4464300E+2	6.1690066E+1	6.0510031E+1	0.0000000E+0	0.0000000E+0	1.0000000E+2	0.0000000E+0
1.4469300E+2	6.1688664E+1	6.0513556E+1	0.0000000E+0	0.0000000E+0	1.0000000E+2	0.0000000E+0
1.4474300E+2	6.1679774E+1	6.0498158E+1	0.0000000E+0	0.0000000E+0	1.0000000E+2	0.0000000E+0
1.4479300E+2	6.1698883E+1	6.0498421E+1	0.0000000E+0	0.0000000E+0	1.0000000E+2	0.0000000E+0
1.4484300E+2	6.1717244E+1	6.0519353E+1	0.0000000E+0	0.0000000E+0	1.0000000E+2	0.0000000E+0
1.4489300E+2	6.1707397E+1	6.0505925E+1	0.0000000E+0	0.0000000E+0	1.0000000E+2	0.0000000E+0
1.4494300E+2	6.1723013E+1	6.0505103E+1	0.0000000E+0	0.0000000E+0	1.0000000E+2	0.0000000E+0
1.4499300E+2	6.1736033E+1	6.0515557E+1	0.0000000E+0	0.0000000E+0	1.0000000E+2	0.0000000E+0
1.4504300E+2	6.1691015E+1	6.0507551E+1	0.0000000E+0	0.0000000E+0	1.0000000E+2	0.0000000E+0
1.4509300E+2	6.1640812E+1	6.0510639E+1	0.0000000E+0	0.0000000E+0	1.0000000E+2	0.0000000E+0
1.4514300E+2	6.1620122E+1	6.0521619E+1	0.0000000E+0	0.0000000E+0	1.0000000E+2	0.0000000E+0
1.4519300E+2	6.1591358E+1	6.0501333E+1	0.0000000E+0	0.0000000E+0	1.0000000E+2	0.0000000E+0
1.4524300E+2	6.1587697E+1	6.0472564E+1	0.0000000E+0	0.0000000E+0	1.0000000E+2	0.0000000E+0
1.4529300E+2	6.1613526E+1	6.0507150E+1	0.0000000E+0	0.0000000E+0	1.0000000E+2	0.0000000E+0
1.4534300E+2	6.1641805E+1	6.0519036E+1	0.0000000E+0	0.0000000E+0	1.0000000E+2	0.0000000E+0
1.4539300E+2	6.1630972E+1	6.0511471E+1	0.0000000E+0	0.0000000E+0	1.0000000E+2	0.0000000E+0
1.4544300E+2	6.1644407E+1	6.0516748E+1	0.0000000E+0	0.0000000E+0	1.0000000E+2	0.0000000E+0
1.4549300E+2	6.1636332E+1	6.0497675E+1	0.0000000E+0	0.0000000E+0	1.0000000E+2	0.0000000E+0
1.4554400E+2	6.1625494E+1	6.0511146E+1	0.0000000E+0	0.0000000E+0	1.0000000E+2	0.0000000E+0
1.4559400E+2	6.1621100E+1	6.0504293E+1	0.0000000E+0	0.0000000E+0	1.0000000E+2	0.0000000E+0
1.4564400E+2	6.1632623E+1	6.0522739E+1	0.0000000E+0	0.0000000E+0	1.0000000E+2	0.0000000E+0
1.4569500E+2	6.1596054E+1	6.0505108E+1	0.0000000E+0	0.0000000E+0	1.0000000E+2	0.0000000E+0
1.4574500E+2	6.1587913E+1	6.0500927E+1	0.0000000E+0	0.0000000E+0	1.0000000E+2	0.0000000E+0
1.4579500E+2	6.1572182E+1	6.0504730E+1	0.0000000E+0	0.0000000E+0	1.0000000E+2	0.0000000E+0
1.4584500E+2	6.1570215E+1	6.0505333E+1	0.0000000E+0	0.0000000E+0	1.0000000E+2	0.0000000E+0
1.4589500E+2	6.1536557E+1	6.0505200E+1	0.0000000E+0	0.0000000E+0	1.0000000E+2	0.0000000E+0
1.4594500E+2	6.1515937E+1	6.0505307E+1	0.0000000E+0	0.0000000E+0	1.0000000E+2	0.0000000E+0
1.4599500E+2	6.1520800E+1	6.0521133E+1	0.0000000E+0	0.0000000E+0	1.0000000E+2	0.0000000E+0
1.4604500E+2	6.1523925E+1	6.0526890E+1	0.0000000E+0	0.0000000E+0	1.0000000E+2	0.0000000E+0
1.4609500E+2	6.1558970E+1	6.0527960E+1	0.0000000E+0	0.0000000E+0	1.0000000E+2	0.0000000E+0
1.4614500E+2	6.1528275E+1	6.0513721E+1	0.0000000E+0	0.0000000E+0	1.0000000E+2	0.0000000E+0
1.4619500E+2	6.1544769E+1	6.0527190E+1	0.0000000E+0	0.0000000E+0	1.0000000E+2	0.0000000E+0
1.4624500E+2	6.1538231E+1	6.0520267E+1	0.0000000E+0	0.0000000E+0	1.0000000E+2	0.0000000E+0
1.4629500E+2	6.1526787E+1	6.0509803E+1	0.0000000E+0	0.0000000E+0	1.0000000E+2	0.0000000E+0
1.4634500E+2	6.1528687E+1	6.0527328E+1	0.0000000E+0	0.0000000E+0	1.0000000E+2	0.0000000E+0
1.4639500E+2	6.1522941E+1	6.0520366E+1	0.0000000E+0	0.0000000E+0	1.0000000E+2	0.0000000E+0
1.4644500E+2	6.1496279E+1	6.0506004E+1	0.0000000E+0	0.0000000E+0	1.0000000E+2	0.0000000E+0
1.4649500E+2	6.1487189E+1	6.0498211E+1	0.0000000E+0	0.0000000E+0	1.0000000E+2	0.0000000E+0
1.4654500E+2	6.1487603E+1	6.0510215E+1	0.0000000E+0	0.0000000E+0	1.0000000E+2	0.0000000E+0
1.4659500E+2	6.1485479E+1	6.0512863E+1	0.0000000E+0	0.0000000E+0	1.0000000E+2	0.0000000E+0
1.4664500E+2	6.1444161E+1	6.0520326E+1	0.0000000E+0	0.0000000E+0	1.0000000E+2	0.0000000E+0
1.4669500E+2	6.1419158E+1	6.0525624E+1	0.0000000E+0	0.0000000E+0	1.0000000E+2	0.0000000E+0
1.4674500E+2	6.1423849E+1	6.0512019E+1	0.0000000E+0	0.0000000E+0	1.0000000E+2	0.0000000E+0
1.4679500E+2	6.1458324E+1	6.0547715E+1	0.0000000E+0	0.0000000E+0	1.0000000E+2	0.0000000E+0
1.4684500E+2	6.1445038E+1	6.0545369E+1	0.0000000E+0	0.0000000E+0	1.0000000E+2	0.0000000E+0
1.4689500E+2	6.1436344E+1	6.0546297E+1	0.0000000E+0	0.0000000E+0	1.0000000E+2	0.0000000E+0
1.4694500E+2	6.1422153E+1	6.0533622E+1	0.0000000E+0	0.0000000E+0	1.0000000E+2	0.0000000E+0
1.4699500E+2	6.1415589E+1	6.0538120E+1	0.0000000E+0	0.0000000E+0	1.0000000E+2	0.0000000E+0
1.4704500E+2	6.1393694E+1	6.0525543E+1	0.0000000E+0	0.0000000E+0	1.0000000E+2	0.0000000E+0
1.4709500E+2	6.1399178E+1	6.0531090E+1	0.0000000E+0	0.0000000E+0	1.0000000E+2	0.0000000E+0
1.4714500E+2	6.1370917E+1	6.0521057E+1	0.0000000E+0	0.0000000E+0	1.0000000E+2	0.0000000E+0
1.4719500E+2	6.1358453E+1	6.0514756E+1	0.0000000E+0	0.0000000E+0	1.0000000E+2	0.0000000E+0
1.4724600E+2	6.1361688E+1	6.0509439E+1	0.0000000E+0	0.0000000E+0	1.0000000E+2	0.0000000E+0
1.4729600E+2	6.1374182E+1	6.0520778E+1	0.0000000E+0	0.0000000E+0	1.0000000E+2	0.0000000E+0
1.4734600E+2	6.1371795E+1	6.0518161E+1	0.0000000E+0	0.0000000E+0	1.0000000E+2	0.0000000E+0
1.4739700E+2	6.1362928E+1	6.0508752E+1	0.0000000E+0	0.0000000E+0	1.0000000E+2	0.0000000E+0
1.4744700E+2	6.1371239E+1	6.0526182E+1	0.0000000E+0	0.0000000E+0	1.0000000E+2	0.0000000E+0
1.4749700E+2	6.1340174E+1	6.0525204E+1	0.0000000E+0	0.0000000E+0	1.0000000E+2	0.0000000E+0
1.4754700E+2	6.1304183E+1	6.0512867E+1	0.0000000E+0	0.0000000E+0	1.0000000E+2	0.0000000E+0
1.4759700E+2	6.1325273E+1	6.0534267E+1	0.0000000E+0	0.0000000E+0	1.0000000E+2	0.0000000E+0
1.4764700E+2	6.1327938E+1	6.0533840E+1	0.0000000E+0	0.0000000E+0	1.0000000E+2	0.0000000E+0
1.4769800E+2	6.1328285E+1	6.0535968E+1	0.0000000E+0	0.0000000E+0	1.0000000E+2	0.0000000E+0
1.4774900E+2	6.1302867E+1	6.0517553E+1	0.0000000E+0	0.0000000E+0	1.0000000E+2	0.0000000E+0
1.4779900E+2	6.1319385E+1	6.0513791E+1	0.0000000E+0	0.0000000E+0	1.0000000E+2	0.0000000E+0
1.4784900E+2	6.1325328E+1	6.0518999E+1	0.0000000E+0	0.0000000E+0	1.0000000E+2	0.0000000E+0
1.4789900E+2	6.1334300E+1	6.0536310E+1	0.0000000E+0	0.0000000E+0	1.0000000E+2	0.0000000E+0
1.4794900E+2	6.1324993E+1	6.0511805E+1	0.0000000E+0	0.0000000E+0	1.0000000E+2	0.0000000E+0
1.4799900E+2	6.1327316E+1	6.0508184E+1	0.0000000E+0	0.0000000E+0	1.0000000E+2	0.0000000E+0
1.4804900E+2	6.1319749E+1	6.0508590E+1	0.0000000E+0	0.0000000E+0	1.0000000E+2	0.0000000E+0
1.4809900E+2	6.1329268E+1	6.0529070E+1	0.0000000E+0	0.0000000E+0	1.0000000E+2	0.0000000E+0
1.4814900E+2	6.1340603E+1	6.0519817E+1	0.0000000E+0	0.0000000E+0	1.0000000E+2	0.0000000E+0
1.4819900E+2	6.1328081E+1	6.0523556E+1	0.0000000E+0	0.0000000E+0	1.0000000E+2	0.0000000E+0
1.4824900E+2	6.1307422E+1	6.0543513E+1	0.0000000E+0	0.0000000E+0	1.0000000E+2	0.0000000E+0
1.4829900E+2	6.1297427E+1	6.0543423E+1	0.0000000E+0	0.0000000E+0	1.0000000E+2	0.0000000E+0
1.4834900E+2	6.1279605E+1	6.0533691E+1	0.0000000E+0	0.0000000E+0	1.0000000E+2	0.0000000E+0
1.4839900E+2	6.1233941E+1	6.0535099E+1	0.0000000E+0	0.0000000E+0	1.0000000E+2	0.0000000E+0
1.4844900E+2	6.1227221E+1	6.0541636E+1	0.0000000E+0	0.0000000E+0	1.0000000E+2	0.0000000E+0
1.4849900E+2	6.1228789E+1	6.0553295E+1	0.0000000E+0	0.0000000E+0	1.0000000E+2	0.0000000E+0
1.4854900E+2	6.1233539E+1	6.0549497E+1	0.0000000E+0	0.0000000E+0	1.0000000E+2	0.0000000E+0
1.4859900E+2	6.1240582E+1	6.0544417E+1	0.0000000E+0	0.0000000E+0	1.0000000E+2	0.0000000E+0
1.4864900E+2	6.1256689E+1	6.0571117E+1	0.0000000E+0	0.0000000E+0	1.0000000E+2	0.0000000E+0
1.4869900E+2	6.1244425E+1	6.0563227E+1	0.0000000E+0	0.0000000E+0	1.0000000E+2	0.0000000E+0
1.4874900E+2	6.1236337E+1	6.0548402E+1	0.0000000E+0	0.0000000E+0	1.0000000E+2	0.0000000E+0
1.4879900E+2	6.1238389E+1	6.0540885E+1	0.0000000E+0	0.0000000E+0	1.0000000E+2	0.0000000E+0
1.4884900E+2	6.1230834E+1	6.0527965E+1	0.0000000E+0	0.0000000E+0	1.0000000E+2	0.0000000E+0
1.4889900E+2	6.1228325E+1	6.0539265E+1	0.0000000E+0	0.0000000E+0	1.0000000E+2	0.0000000E+0
1.4895000E+2	6.1247750E+1	6.0544318E+1	0.0000000E+0	0.0000000E+0	1.0000000E+2	0.0000000E+0
1.4900100E+2	6.1247205E+1	6.0548174E+1	0.0000000E+0	0.0000000E+0	1.0000000E+2	0.0000000E+0
1.4905100E+2	6.1235289E+1	6.0534705E+1	0.0000000E+0	0.0000000E+0	1.0000000E+2	0.0000000E+0
1.4910200E+2	6.1237509E+1	6.0534705E+1	0.0000000E+0	0.0000000E+0	1.0000000E+2	0.0000000E+0
1.4915200E+2	6.1240743E+1	6.0547103E+1	0.0000000E+0	0.0000000E+0	1.0000000E+2	0.0000000E+0
1.4920300E+2	6.1197927E+1	6.0546242E+1	0.0000000E+0	0.0000000E+0	1.0000000E+2	0.0000000E+0
1.4925300E+2	6.1177963E+1	6.0556964E+1	0.0000000E+0	0.0000000E+0	1.0000000E+2	0.0000000E+0
1.4930300E+2	6.1177359E+1	6.0549721E+1	0.0000000E+0	0.0000000E+0	1.0000000E+2	0.0000000E+0
1.4935300E+2	6.1194056E+1	6.0564417E+1	0.0000000E+0	0.0000000E+0	1.0000000E+2	0.0000000E+0
1.4940300E+2	6.1196532E+1	6.0561143E+1	0.0000000E+0	0.0000000E+0	1.0000000E+2	0.0000000E+0
1.4945300E+2	6.1184121E+1	6.0550762E+1	0.0000000E+0	0.0000000E+0	1.0000000E+2	0.0000000E+0
1.4950300E+2	6.1193399E+1	6.0547833E+1	0.0000000E+0	0.0000000E+0	1.0000000E+2	0.0000000E+0
1.4955400E+2	6.1214006E+1	6.0547668E+1	0.0000000E+0	0.0000000E+0	1.0000000E+2	0.0000000E+0
1.4960500E+2	6.1240327E+1	6.0575277E+1	0.0000000E+0	0.0000000E+0	1.0000000E+2	0.0000000E+0
1.4965500E+2	6.1251144E+1	6.0588661E+1	0.0000000E+0	0.0000000E+0	1.0000000E+2	0.0000000E+0
1.4970500E+2	6.1243415E+1	6.0592173E+1	0.0000000E+0	0.0000000E+0	1.0000000E+2	0.0000000E+0
1.4975500E+2	6.1233947E+1	6.0596337E+1	0.0000000E+0	0.0000000E+0	1.0000000E+2	0.0000000E+0
1.4980500E+2	6.1224508E+1	6.0588658E+1	0.0000000E+0	0.0000000E+0	1.0000000E+2	0.0000000E+0
1.4985500E+2	6.1219908E+1	6.0587440E+1	0.0000000E+0	0.0000000E+0	1.0000000E+2	0.0000000E+0
1.4990500E+2	6.1172767E+1	6.0588515E+1	0.0000000E+0	0.0000000E+0	1.0000000E+2	0.0000000E+0
1.4995500E+2	6.1171302E+1	6.0606367E+1	0.0000000E+0	0.0000000E+0	1.0000000E+2	0.0000000E+0
1.5000500E+2	6.1158742E+1	6.0601392E+1	0.0000000E+0	0.0000000E+0	1.0000000E+2	0.0000000E+0
1.5005500E+2	6.1173497E+1	6.0591490E+1	0.0000000E+0	0.0000000E+0	1.0000000E+2	0.0000000E+0
1.5010500E+2	6.1154523E+1	6.0585174E+1	0.0000000E+0	0.0000000E+0	1.0000000E+2	0.0000000E+0
1.5015500E+2	6.1155540E+1	6.0597207E+1	0.0000000E+0	0.0000000E+0	1.0000000E+2	0.0000000E+0
1.5020500E+2	6.1161748E+1	6.0598478E+1	0.0000000E+0	0.0000000E+0	1.0000000E+2	0.0000000E+0
1.5025500E+2	6.1161774E+1	6.0588521E+1	0.0000000E+0	0.0000000E+0	1.0000000E+2	0.0000000E+0
1.5030500E+2	6.1156241E+1	6.0596746E+1	0.0000000E+0	0.0000000E+0	1.0000000E+2	0.0000000E+0
1.5035500E+2	6.1162299E+1	6.0583914E+1	0.0000000E+0	0.0000000E+0	1.0000000E+2	0.0000000E+0
1.5040500E+2	6.1153012E+1	6.0579792E+1	0.0000000E+0	0.0000000E+0	1.0000000E+2	0.0000000E+0
1.5045500E+2	6.1157156E+1	6.0592637E+1	0.0000000E+0	0.0000000E+0	1.0000000E+2	0.0000000E+0
1.5050500E+2	6.1154727E+1	6.0587789E+1	0.0000000E+0	0.0000000E+0	1.0000000E+2	0.0000000E+0
1.5055500E+2	6.1156033E+1	6.0586734E+1	0.0000000E+0	0.0000000E+0	1.0000000E+2	0.0000000E+0
1.5060500E+2	6.1145530E+1	6.0575230E+1	0.0000000E+0	0.0000000E+0	1.0000000E+2	0.0000000E+0
1.5065500E+2	6.1087167E+1	6.0583551E+1	0.0000000E+0	0.0000000E+0	1.0000000E+2	0.0000000E+0
1.5070500E+2	6.1046937E+1	6.0571464E+1	0.0000000E+0	0.0000000E+0	1.0000000E+2	0.0000000E+0
1.5075500E+2	6.1046696E+1	6.0559907E+1	0.0000000E+0	0.0000000E+0	1.0000000E+2	0.0000000E+0
1.5080500E+2	6.1085536E+1	6.0561781E+1	0.0000000E+0	0.0000000E+0	1.0000000E+2	0.0000000E+0
1.5085600E+2	6.1110264E+1	6.0552752E+1	0.0000000E+0	0.0000000E+0	1.0000000E+2	0.0000000E+0
1.5090600E+2	6.1142194E+1	6.0562164E+1	0.0000000E+0	0.0000000E+0	1.0000000E+2	0.0000000E+0
1.5095600E+2	6.1170775E+1	6.0561136E+1	0.0000000E+0	0.0000000E+0	1.0000000E+2	0.0000000E+0
1.5100600E+2	6.1174867E+1	6.0559467E+1	0.0000000E+0	0.0000000E+0	1.0000000E+2	0.0000000E+0
1.5105600E+2	6.1179023E+1	6.0555330E+1	0.0000000E+0	0.0000000E+0	1.0000000E+2	0.0000000E+0
1.5110700E+2	6.1183045E+1	6.0565084E+1	0.0000000E+0	0.0000000E+0	1.0000000E+2	0.0000000E+0
1.5115800E+2	6.1191494E+1	6.0571670E+1	0.0000000E+0	0.0000000E+0	1.0000000E+2	0.0000000E+0
1.5120900E+2	6.1199400E+1	6.0556069E+1	0.0000000E+0	0.0000000E+0	1.0000000E+2	0.0000000E+0
1.5125900E+2	6.1210856E+1	6.0548792E+1	0.0000000E+0	0.0000000E+0	1.0000000E+2	0.0000000E+0
1.5130900E+2	6.1200705E+1	6.0541105E+1	0.0000000E+0	0.0000000E+0	1.0000000E+2	0.0000000E+0
1.5135900E+2	6.1185357E+1	6.0553827E+1	0.0000000E+0	0.0000000E+0	1.0000000E+2	0.0000000E+0
1.5140900E+2	6.1211779E+1	6.0549166E+1	0.0000000E+0	0.0000000E+0	1.0000000E+2	0.0000000E+0
1.5145900E+2	6.1253907E+1	6.0557787E+1	0.0000000E+0	0.0000000E+0	1.0000000E+2	0.0000000E+0
1.5151000E+2	6.1298133E+1	6.0560923E+1	0.0000000E+0	0.0000000E+0	1.0000000E+2	0.0000000E+0
1.5156000E+2	6.1339213E+1	6.0555996E+1	0.0000000E+0	0.0000000E+0	1.0000000E+2	0.0000000E+0
1.5161000E+2	6.1369205E+1	6.0565117E+1	0.0000000E+0	0.0000000E+0	1.0000000E+2	0.0000000E+0
1.5166000E+2	6.1405990E+1	6.0561054E+1	0.0000000E+0	0.0000000E+0	1.0000000E+2	0.0000000E+0
1.5171000E+2	6.1418971E+1	6.0549295E+1	0.0000000E+0	0.0000000E+0	1.0000000E+2	0.0000000E+0
1.5176000E+2	6.1448662E+1	6.0546857E+1	0.0000000E+0	0.0000000E+0	1.0000000E+2	0.0000000E+0
1.5181000E+2	6.1495231E+1	6.0550800E+1	0.0000000E+0	0.0000000E+0	1.0000000E+2	0.0000000E+0
1.5186100E+2	6.1496438E+1	6.0543045E+1	0.0000000E+0	0.0000000E+0	1.0000000E+2	0.0000000E+0
1.5191200E+2	6.1531248E+1	6.0555637E+1	0.0000000E+0	0.0000000E+0	1.0000000E+2	0.0000000E+0
1.5196200E+2	6.1555922E+1	6.0550057E+1	0.0000000E+0	0.0000000E+0	1.0000000E+2	0.0000000E+0
1.5201200E+2	6.1552453E+1	6.0540798E+1	0.0000000E+0	0.0000000E+0	1.0000000E+2	0.0000000E+0
1.5206300E+2	6.1536196E+1	6.0528285E+1	0.0000000E+0	0.0000000E+0	1.0000000E+2	0.0000000E+0
1.5211300E+2	6.1579806E+1	6.0538178E+1	0.0000000E+0	0.0000000E+0	1.0000000E+2	0.0000000E+0
1.5216300E+2	6.1614149E+1	6.0539252E+1	0.0000000E+0	0.0000000E+0	1.0000000E+2	0.0000000E+0
1.5221300E+2	6.1643915E+1	6.0545036E+1	0.0000000E+0	0.0000000E+0	1.0000000E+2	0.0000000E+0
1.5226300E+2	6.1675442E+1	6.0541452E+1	0.0000000E+0	0.0000000E+0	1.0000000E+2	0.0000000E+0
1.5231300E+2	6.1722090E+1	6.0537907E+1	0.0000000E+0	0.0000000E+0	1.0000000E+2	0.0000000E+0
1.5236400E+2	6.1744802E+1	6.0533270E+1	0.0000000E+0	0.0000000E+0	1.0000000E+2	0.0000000E+0
1.5241400E+2	6.1778031E+1	6.0545010E+1	0.0000000E+0	0.0000000E+0	1.0000000E+2	0.0000000E+0
1.5246400E+2	6.1811236E+1	6.0543459E+1	0.0000000E+0	0.0000000E+0	1.0000000E+2	0.0000000E+0
1.5251400E+2	6.1833566E+1	6.0566951E+1	0.0000000E+0	0.0000000E+0	1.0000000E+2	0.0000000E+0
1.5256400E+2	6.1845059E+1	6.0552786E+1	0.0000000E+0	0.0000000E+0	1.0000000E+2	0.0000000E+0
1.5261400E+2	6.1846849E+1	6.0540784E+1	0.0000000E+0	0.0000000E+0	1.0000000E+2	0.0000000E+0
1.5266400E+2	6.1851045E+1	6.0542940E+1	0.0000000E+0	0.0000000E+0	1.0000000E+2	0.0000000E+0
1.5271400E+2	6.1862183E+1	6.0538794E+1	0.0000000E+0	0.0000000E+0	1.0000000E+2	0.0000000E+0
1.5276400E+2	6.1849519E+1	6.0537569E+1	0.0000000E+0	0.0000000E+0	1.0000000E+2	0.0000000E+0
1.5281400E+2	6.1821764E+1	6.0525425E+1	0.0000000E+0	0.0000000E+0	1.0000000E+2	0.0000000E+0
1.5286400E+2	6.1843979E+1	6.0519460E+1	0.0000000E+0	0.0000000E+0	1.0000000E+2	0.0000000E+0
1.5291400E+2	6.1873618E+1	6.0528437E+1	0.0000000E+0	0.0000000E+0	1.0000000E+2	0.0000000E+0
1.5296400E+2	6.1893007E+1	6.0518742E+1	0.0000000E+0	0.0000000E+0	1.0000000E+2	0.0000000E+0
1.5301400E+2	6.1925690E+1	6.0523856E+1	0.0000000E+0	0.0000000E+0	1.0000000E+2	0.0000000E+0
1.5306400E+2	6.1943125E+1	6.0530801E+1	0.0000000E+0	0.0000000E+0	1.0000000E+2	0.0000000E+0
1.5311400E+2	6.1950555E+1	6.0522417E+1	0.0000000E+0	0.0000000E+0	1.0000000E+2	0.0000000E+0
1.5316400E+2	6.1945411E+1	6.0508368E+1	0.0000000E+0	0.0000000E+0	1.0000000E+2	0.0000000E+0
1.5321400E+2	6.1988948E+1	6.0514957E+1	0.0000000E+0	0.0000000E+0	1.0000000E+2	0.0000000E+0
1.5326400E+2	6.2006898E+1	6.0530711E+1	0.0000000E+0	0.0000000E+0	1.0000000E+2	0.0000000E+0
1.5331400E+2	6.2018820E+1	6.0525432E+1	0.0000000E+0	0.0000000E+0	1.0000000E+2	0.0000000E+0
1.5336400E+2	6.2032748E+1	6.0532585E+1	0.0000000E+0	0.0000000E+0	1.0000000E+2	0.0000000E+0
1.5341400E+2	6.2033405E+1	6.0523175E+1	0.0000000E+0	0.0000000E+0	1.0000000E+2	0.0000000E+0
1.5346400E+2	6.2018333E+1	6.0507035E+1	0.0000000E+0	0.0000000E+0	1.0000000E+2	0.0000000E+0
1.5351400E+2	6.2029870E+1	6.0513819E+1	0.0000000E+0	0.0000000E+0	1.0000000E+2	0.0000000E+0
1.5356500E+2	6.1977228E+1	6.0522720E+1	0.0000000E+0	0.0000000E+0	1.0000000E+2	0.0000000E+0
1.5361500E+2	6.1942031E+1	6.0512049E+1	0.0000000E+0	0.0000000E+0	1.0000000E+2	0.0000000E+0
1.5366500E+2	6.1943162E+1	6.0515944E+1	0.0000000E+0	0.0000000E+0	1.0000000E+2	0.0000000E+0
1.5371500E+2	6.1972916E+1	6.0532396E+1	0.0000000E+0	0.0000000E+0	1.0000000E+2	0.0000000E+0
1.5376500E+2	6.1976878E+1	6.0533488E+1	0.0000000E+0	0.0000000E+0	1.0000000E+2	0.0000000E+0
1.5381600E+2	6.1971777E+1	6.0532074E+1	0.0000000E+0	0.0000000E+0	1.0000000E+2	0.0000000E+0
1.5386600E+2	6.1970737E+1	6.0543105E+1	0.0000000E+0	0.0000000E+0	1.0000000E+2	0.0000000E+0
1.5391600E+2	6.1960898E+1	6.0543715E+1	0.0000000E+0	0.0000000E+0	1.0000000E+2	0.0000000E+0
1.5396700E+2	6.1949647E+1	6.0553584E+1	0.0000000E+0	0.0000000E+0	1.0000000E+2	0.0000000E+0
1.5401800E+2	6.1920310E+1	6.0542801E+1	0.0000000E+0	0.0000000E+0	1.0000000E+2	0.0000000E+0
1.5406800E+2	6.1904035E+1	6.0541935E+1	0.0000000E+0	0.0000000E+0	1.0000000E+2	0.0000000E+0
1.5411800E+2	6.1883465E+1	6.0538939E+1	0.0000000E+0	0.0000000E+0	1.0000000E+2	0.0000000E+0
1.5416800E+2	6.1864645E+1	6.0543180E+1	0.0000000E+0	0.0000000E+0	1.0000000E+2	0.0000000E+0
1.5421900E+2	6.1853202E+1	6.0545073E+1	0.0000000E+0	0.0000000E+0	1.0000000E+2	0.0000000E+0
1.5426900E+2	6.1769328E+1	6.0522961E+1	0.0000000E+0	0.0000000E+0	1.0000000E+2	0.0000000E+0
1.5431900E+2	6.1731382E+1	6.0515882E+1	0.0000000E+0	0.0000000E+0	1.0000000E+2	0.0000000E+0
1.5436900E+2	6.1716213E+1	6.0501344E+1	0.0000000E+0	0.0000000E+0	1.0000000E+2	0.0000000E+0
1.5441900E+2	6.1696141E+1	6.0517052E+1	0.0000000E+0	0.0000000E+0	1.0000000E+2	0.0000000E+0
1.5446900E+2	6.1681214E+1	6.0515860E+1	0.0000000E+0	0.0000000E+0	1.0000000E+2	0.0000000E+0
1.5451900E+2	6.1665504E+1	6.0517397E+1	0.0000000E+0	0.0000000E+0	1.0000000E+2	0.0000000E+0
1.5457000E+2	6.1655499E+1	6.0518060E+1	0.0000000E+0	0.0000000E+0	1.0000000E+2	0.0000000E+0
1.5462000E+2	6.1641423E+1	6.0526003E+1	0.0000000E+0	0.0000000E+0	1.0000000E+2	0.0000000E+0
1.5467000E+2	6.1653313E+1	6.0522731E+1	0.0000000E+0	0.0000000E+0	1.0000000E+2	0.0000000E+0
1.5472000E+2	6.1658317E+1	6.0527815E+1	0.0000000E+0	0.0000000E+0	1.0000000E+2	0.0000000E+0
1.5477100E+2	6.1650417E+1	6.0520566E+1	0.0000000E+0	0.0000000E+0	1.0000000E+2	0.0000000E+0
1.5482100E+2	6.1637969E+1	6.0515975E+1	0.0000000E+0	0.0000000E+0	1.0000000E+2	0.0000000E+0
1.5487100E+2	6.1634770E+1	6.0522620E+1	0.0000000E+0	0.0000000E+0	1.0000000E+2	0.0000000E+0
1.5492100E+2	6.1626320E+1	6.0525403E+1	0.0000000E+0	0.0000000E+0	1.0000000E+2	0.0000000E+0
1.5497100E+2	6.1619188E+1	6.0533529E+1	0.0000000E+0	0.0000000E+0	1.0000000E+2	0.0000000E+0
1.5502200E+2	6.1589959E+1	6.0532749E+1	0.0000000E+0	0.0000000E+0	1.0000000E+2	0.0000000E+0
1.5507200E+2	6.1544632E+1	6.0538083E+1	0.0000000E+0	0.0000000E+0	1.0000000E+2	0.0000000E+0
1.5512200E+2	6.1533467E+1	6.0528247E+1	0.0000000E+0	0.0000000E+0	1.0000000E+2	0.0000000E+0
1.5517200E+2	6.1523530E+1	6.0528771E+1	0.0000000E+0	0.0000000E+0	1.0000000E+2	0.0000000E+0
1.5522200E+2	6.1524830E+1	6.0529806E+1	0.0000000E+0	0.0000000E+0	1.0000000E+2	0.0000000E+0
1.5527200E+2	6.1521392E+1	6.0530931E+1	0.0000000E+0	0.0000000E+0	1.0000000E+2	0.0000000E+0
1.5532200E+2	6.1511834E+1	6.0527323E+1	0.0000000E+0	0.0000000E+0	1.0000000E+2	0.0000000E+0
1.5537200E+2	6.1490726E+1	6.0522271E+1	0.0000000E+0	0.0000000E+0	1.0000000E+2	0.0000000E+0
1.5542200E+2	6.1496252E+1	6.0532367E+1	0.0000000E+0	0.0000000E+0	1.0000000E+2	0.0000000E+0
1.5547300E+2	6.1475258E+1	6.0518640E+1	0.0000000E+0	0.0000000E+0	1.0000000E+2	0.0000000E+0
1.5552400E+2	6.1474593E+1	6.0528494E+1	0.0000000E+0	0.0000000E+0	1.0000000E+2	0.0000000E+0
1.5557400E+2	6.1446736E+1	6.0521427E+1	0.0000000E+0	0.0000000E+0	1.0000000E+2	0.0000000E+0
1.5562400E+2	6.1454844E+1	6.0532431E+1	0.0000000E+0	0.0000000E+0	1.0000000E+2	0.0000000E+0
1.5567400E+2	6.1441660E+1	6.0519098E+1	0.0000000E+0	0.0000000E+0	1.0000000E+2	0.0000000E+0
1.5572400E+2	6.1402973E+1	6.0521932E+1	0.0000000E+0	0.0000000E+0	1.0000000E+2	0.0000000E+0
1.5577400E+2	6.1358553E+1	6.0530318E+1	0.0000000E+0	0.0000000E+0	1.0000000E+2	0.0000000E+0
1.5582500E+2	6.1336452E+1	6.0500227E+1	0.0000000E+0	0.0000000E+0	1.0000000E+2	0.0000000E+0
1.5587500E+2	6.1342628E+1	6.0499420E+1	0.0000000E+0	0.0000000E+0	1.0000000E+2	0.0000000E+0
1.5592500E+2	6.1341436E+1	6.0515088E+1	0.0000000E+0	0.0000000E+0	1.0000000E+2	0.0000000E+0
1.5597500E+2	6.1345383E+1	6.0511387E+1	0.0000000E+0	0.0000000E+0	1.0000000E+2	0.0000000E+0
1.5602500E+2	6.1336925E+1	6.0503368E+1	0.0000000E+0	0.0000000E+0	1.0000000E+2	0.0000000E+0
1.5607500E+2	6.1335947E+1	6.0491269E+1	0.0000000E+0	0.0000000E+0	1.0000000E+2	0.0000000E+0
1.5612500E+2	6.1338143E+1	6.0505545E+1	0.0000000E+0	0.0000000E+0	1.0000000E+2	0.0000000E+0
1.5617500E+2	6.1354632E+1	6.0522053E+1	0.0000000E+0	0.0000000E+0	1.0000000E+2	0.0000000E+0
1.5622500E+2	6.1368475E+1	6.0515645E+1	0.0000000E+0	0.0000000E+0	1.0000000E+2	0.0000000E+0
1.5627600E+2	6.1362961E+1	6.0510971E+1	0.0000000E+0	0.0000000E+0	1.0000000E+2	0.0000000E+0
1.5632600E+2	6.1356678E+1	6.0511967E+1	0.0000000E+0	0.0000000E+0	1.0000000E+2	0.0000000E+0
1.5637600E+2	6.1366858E+1	6.0517435E+1	0.0000000E+0	0.0000000E+0	1.0000000E+2	0.0000000E+0
1.5642700E+2	6.1363311E+1	6.0511380E+1	0.0000000E+0	0.0000000E+0	1.0000000E+2	0.0000000E+0
1.5647800E+2	6.1376186E+1	6.0529683E+1	0.0000000E+0	0.0000000E+0	1.0000000E+2	0.0000000E+0
1.5652900E+2	6.1319591E+1	6.0522472E+1	0.0000000E+0	0.0000000E+0	1.0000000E+2	0.0000000E+0
1.5658000E+2	6.1302211E+1	6.0514233E+1	0.0000000E+0	0.0000000E+0	1.0000000E+2	0.0000000E+0
1.5663000E+2	6.1311487E+1	6.0518557E+1	0.0000000E+0	0.0000000E+0	1.0000000E+2	0.0000000E+0
1.5668000E+2	6.1330949E+1	6.0522976E+1	0.0000000E+0	0.0000000E+0	1.0000000E+2	0.0000000E+0
1.5673000E+2	6.1291552E+1	6.0500575E+1	0.0000000E+0	0.0000000E+0	1.0000000E+2	0.0000000E+0
1.5678000E+2	6.1300418E+1	6.0510743E+1	0.0000000E+0	0.0000000E+0	1.0000000E+2	0.0000000E+0
1.5683000E+2	6.1291668E+1	6.0508087E+1	0.0000000E+0	0.0000000E+0	1.0000000E+2	0.0000000E+0
1.5688100E+2	6.1309928E+1	6.0506367E+1	0.0000000E+0	0.0000000E+0	1.0000000E+2	0.0000000E+0
1.5693200E+2	6.1294614E+1	6.0521615E+1	0.0000000E+0	0.0000000E+0	1.0000000E+2	0.0000000E+0
1.5698200E+2	6.1288168E+1	6.0506784E+1	0.0000000E+0	0.0000000E+0	1.0000000E+2	0.0000000E+0
1.5703200E+2	6.1287440E+1	6.0498443E+1	0.0000000E+0	0.0000000E+0	1.0000000E+2	0.0000000E+0
1.5708200E+2	6.1306081E+1	6.0514752E+1	0.0000000E+0	0.0000000E+0	1.0000000E+2	0.0000000E+0
1.5713200E+2	6.1321534E+1	6.0516726E+1	0.0000000E+0	0.0000000E+0	1.0000000E+2	0.0000000E+0
1.5718200E+2	6.1340604E+1	6.0514365E+1	0.0000000E+0	0.0000000E+0	1.0000000E+2	0.0000000E+0
1.5723200E+2	6.1341940E+1	6.0512300E+1	0.0000000E+0	0.0000000E+0	1.0000000E+2	0.0000000E+0
1.5728200E+2	6.1295388E+1	6.0521947E+1	0.0000000E+0	0.0000000E+0	1.0000000E+2	0.0000000E+0
1.5733200E+2	6.1285464E+1	6.0519135E+1	0.0000000E+0	0.0000000E+0	1.0000000E+2	0.0000000E+0
1.5738200E+2	6.1295537E+1	6.0521270E+1	0.0000000E+0	0.0000000E+0	1.0000000E+2	0.0000000E+0
1.5743300E+2	6.1321131E+1	6.0547822E+1	0.0000000E+0	0.0000000E+0	1.0000000E+2	0.0000000E+0
1.5748400E+2	6.1329253E+1	6.0529403E+1	0.0000000E+0	0.0000000E+0	1.0000000E+2	0.0000000E+0
1.5753400E+2	6.1354042E+1	6.0535933E+1	0.0000000E+0	0.0000000E+0	1.0000000E+2	0.0000000E+0
1.5758400E+2	6.1371013E+1	6.0542446E+1	0.0000000E+0	0.0000000E+0	1.0000000E+2	0.0000000E+0
1.5763400E+2	6.1374719E+1	6.0534853E+1	0.0000000E+0	0.0000000E+0	1.0000000E+2	0.0000000E+0
1.5768400E+2	6.1365224E+1	6.0528300E+1	0.0000000E+0	0.0000000E+0	1.0000000E+2	0.0000000E+0
1.5773400E+2	6.1362359E+1	6.0519808E+1	0.0000000E+0	0.0000000E+0	1.0000000E+2	0.0000000E+0
1.5778400E+2	6.1375242E+1	6.0535825E+1	0.0000000E+0	0.0000000E+0	1.0000000E+2	0.0000000E+0
1.5783400E+2	6.1384746E+1	6.0533643E+1	0.0000000E+0	0.0000000E+0	1.0000000E+2	0.0000000E+0
1.5788400E+2	6.1365602E+1	6.0530082E+1	0.0000000E+0	0.0000000E+0	1.0000000E+2	0.0000000E+0
1.5793400E+2	6.1363419E+1	6.0543408E+1	0.0000000E+0	0.0000000E+0	1.0000000E+2	0.0000000E+0
1.5798400E+2	6.1328594E+1	6.0532093E+1	0.0000000E+0	0.0000000E+0	1.0000000E+2	0.0000000E+0
1.5803400E+2	6.1314316E+1	6.0535672E+1	0.0000000E+0	0.0000000E+0	1.0000000E+2	0.0000000E+0
1.5808400E+2	6.1301553E+1	6.0523971E+1	0.0000000E+0	0.0000000E+0	1.0000000E+2	0.0000000E+0
1.5813500E+2	6.1300902E+1	6.0517693E+1	0.0000000E+0	0.0000000E+0	1.0000000E+2	0.0000000E+0
1.5818600E+2	6.1306088E+1	6.0510020E+1	0.0000000E+0	0.0000000E+0	1.0000000E+2	0.0000000E+0
1.5823600E+2	6.1304254E+1	6.0507749E+1	0.0000000E+0	0.0000000E+0	1.0000000E+2	0.0000000E+0
1.5828600E+2	6.1321131E+1	6.0517455E+1	0.0000000E+0	0.0000000E+0	1.0000000E+2	0.0000000E+0
1.5833600E+2	6.1325719E+1	6.0512260E+1	0.0000000E+0	0.0000000E+0	1.0000000E+2	0.0000000E+0
1.5838600E+2	6.1347465E+1	6.0506351E+1	0.0000000E+0	0.0000000E+0	1.0000000E+2	0.0000000E+0
1.5843600E+2	6.1350237E+1	6.0498488E+1	0.0000000E+0	0.0000000E+0	1.0000000E+2	0.0000000E+0
1.5848600E+2	6.1361310E+1	6.0507849E+1	0.0000000E+0	0.0000000E+0	1.0000000E+2	0.0000000E+0
1.5853600E+2	6.1365424E+1	6.0514235E+1	0.0000000E+0	0.0000000E+0	1.0000000E+2	0.0000000E+0
1.5858600E+2	6.1360893E+1	6.0508696E+1	0.0000000E+0	0.0000000E+0	1.0000000E+2	0.0000000E+0
1.5863600E+2	6.1355317E+1	6.0500515E+1	0.0000000E+0	0.0000000E+0	1.0000000E+2	0.0000000E+0
1.5868600E+2	6.1322641E+1	6.0513991E+1	0.0000000E+0	0.0000000E+0	1.0000000E+2	0.0000000E+0
1.5873600E+2	6.1293062E+1	6.0520203E+1	0.0000000E+0	0.0000000E+0	1.0000000E+2	0.0000000E+0
1.5878600E+2	6.1295675E+1	6.0502517E+1	0.0000000E+0	0.0000000E+0	1.0000000E+2	0.0000000E+0
1.5883700E+2	6.1313079E+1	6.0511076E+1	0.0000000E+0	0.0000000E+0	1.0000000E+2	0.0000000E+0
1.5888700E+2	6.1314321E+1	6.0498337E+1	0.0000000E+0	0.0000000E+0	1.0000000E+2	0.0000000E+0
1.5893700E+2	6.1327694E+1	6.0497433E+1	0.0000000E+0	0.0000000E+0	1.0000000E+2	0.0000000E+0
1.5898700E+2	6.1337717E+1	6.0499701E+1	0.0000000E+0	0.0000000E+0	1.0000000E+2	0.0000000E+0
1.5903800E+2	6.1334784E+1	6.0514446E+1	0.0000000E+0	0.0000000E+0	1.0000000E+2	0.0000000E+0
1.5908900E+2	6.1325834E+1	6.0517622E+1	0.0000000E+0	0.0000000E+0	1.0000000E+2	0.0000000E+0
1.5913900E+2	6.1321076E+1	6.0514452E+1	0.0000000E+0	0.0000000E+0	1.0000000E+2	0.0000000E+0
1.5918900E+2	6.1322713E+1	6.0513628E+1	0.0000000E+0	0.0000000E+0	1.0000000E+2	0.0000000E+0
1.5923900E+2	6.1315556E+1	6.0516823E+1	0.0000000E+0	0.0000000E+0	1.0000000E+2	0.0000000E+0
1.5928900E+2	6.1307290E+1	6.0515153E+1	0.0000000E+0	0.0000000E+0	1.0000000E+2	0.0000000E+0
1.5933900E+2	6.1312108E+1	6.0516785E+1	0.0000000E+0	0.0000000E+0	1.0000000E+2	0.0000000E+0
1.5938900E+2	6.1303458E+1	6.0520700E+1	0.0000000E+0	0.0000000E+0	1.0000000E+2	0.0000000E+0
1.5943900E+2	6.1313708E+1	6.0525196E+1	0.0000000E+0	0.0000000E+0	1.0000000E+2	0.0000000E+0
1.5948900E+2	6.1318660E+1	6.0527327E+1	0.0000000E+0	0.0000000E+0	1.0000000E+2	0.0000000E+0
1.5953900E+2	6.1336768E+1	6.0533132E+1	0.0000000E+0	0.0000000E+0	1.0000000E+2	0.0000000E+0
1.5958900E+2	6.1346502E+1	6.0523855E+1	0.0000000E+0	0.0000000E+0	1.0000000E+2	0.0000000E+0
1.5964000E+2	6.1341223E+1	6.0518151E+1	0.0000000E+0	0.0000000E+0	1.0000000E+2	0.0000000E+0
1.5969000E+2	6.1356592E+1	6.0525336E+1	0.0000000E+0	0.0000000E+0	1.0000000E+2	0.0000000E+0
1.5974000E+2	6.1344708E+1	6.0529958E+1	0.0000000E+0	0.0000000E+0	1.0000000E+2	0.0000000E+0
1.5979000E+2	6.1340814E+1	6.0525137E+1	0.0000000E+0	0.0000000E+0	1.0000000E+2	0.0000000E+0
1.5984000E+2	6.1317064E+1	6.0511594E+1	0.0000000E+0	0.0000000E+0	1.0000000E+2	0.0000000E+0
1.5989000E+2	6.1322965E+1	6.0509061E+1	0.0000000E+0	0.0000000E+0	1.0000000E+2	0.0000000E+0
1.5994000E+2	6.1334825E+1	6.0509569E+1	0.0000000E+0	0.0000000E+0	1.0000000E+2	0.0000000E+0
1.5999000E+2	6.1343888E+1	6.0514718E+1	0.0000000E+0	0.0000000E+0	1.0000000E+2	0.0000000E+0
1.6004000E+2	6.1359646E+1	6.0527227E+1	0.0000000E+0	0.0000000E+0	1.0000000E+2	0.0000000E+0
1.6009000E+2	6.1356641E+1	6.0515121E+1	0.0000000E+0	0.0000000E+0	1.0000000E+2	0.0000000E+0
1.6014000E+2	6.1329697E+1	6.0516055E+1	0.0000000E+0	0.0000000E+0	1.0000000E+2	0.0000000E+0
1.6019000E+2	6.1300226E+1	6.0508199E+1	0.0000000E+0	0.0000000E+0	1.0000000E+2	0.0000000E+0
1.6024000E+2	6.1302646E+1	6.0524032E+1	0.0000000E+0	0.0000000E+0	1.0000000E+2	0.0000000E+0
1.6029000E+2	6.1303644E+1	6.0531738E+1	0.0000000E+0	0.0000000E+0	1.0000000E+2	0.0000000E+0
1.6034100E+2	6.1290836E+1	6.0526295E+1	0.0000000E+0	0.0000000E+0	1.0000000E+2	0.0000000E+0
1.6039100E+2	6.1286551E+1	6.0514708E+1	0.0000000E+0	0.0000000E+0	1.0000000E+2	0.0000000E+0
1.6044100E+2	6.1283236E+1	6.0499902E+1	0.0000000E+0	0.0000000E+0	1.0000000E+2	0.0000000E+0
1.6049100E+2	6.1284448E+1	6.0506388E+1	0.0000000E+0	0.0000000E+0	1.0000000E+2	0.0000000E+0
1.6054200E+2	6.1290417E+1	6.0501300E+1	0.0000000E+0	0.0000000E+0	1.0000000E+2	0.0000000E+0
1.6059200E+2	6.1291766E+1	6.0508060E+1	0.0000000E+0	0.0000000E+0	1.0000000E+2	0.0000000E+0
1.6064200E+2	6.1308865E+1	6.0505798E+1	0.0000000E+0	0.0000000E+0	1.0000000E+2	0.0000000E+0
1.6069200E+2	6.1321053E+1	6.0501355E+1	0.0000000E+0	0.0000000E+0	1.0000000E+2	0.0000000E+0
1.6074200E+2	6.1309480E+1	6.0487215E+1	0.0000000E+0	0.0000000E+0	1.0000000E+2	0.0000000E+0
1.6079200E+2	6.1304945E+1	6.0481523E+1	0.0000000E+0	0.0000000E+0	1.0000000E+2	0.0000000E+0
1.6084200E+2	6.1307896E+1	6.0504968E+1	0.0000000E+0	0.0000000E+0	1.0000000E+2	0.0000000E+0
1.6089300E+2	6.1280288E+1	6.0494498E+1	0.0000000E+0	0.0000000E+0	1.0000000E+2	0.0000000E+0
1.6094300E+2	6.1236920E+1	6.0494781E+1	0.0000000E+0	0.0000000E+0	1.0000000E+2	0.0000000E+0
1.6099400E+2	6.1235030E+1	6.0497870E+1	0.0000000E+0	0.0000000E+0	1.0000000E+2	0.0000000E+0
1.6104500E+2	6.1214913E+1	6.0491685E+1	0.0000000E+0	0.0000000E+0	1.0000000E+2	0.0000000E+0
1.6109600E+2	6.1214285E+1	6.0474261E+1	0.0000000E+0	0.0000000E+0	1.0000000E+2	0.0000000E+0
1.6114600E+2	6.1220213E+1	6.0480542E+1	0.0000000E+0	0.0000000E+0	1.0000000E+2	0.0000000E+0
1.6119600E+2	6.1228469E+1	6.0485674E+1	0.0000000E+0	0.0000000E+0	1.0000000E+2	0.0000000E+0
1.6124600E+2	6.1237150E+1	6.0497059E+1	0.0000000E+0	0.0000000E+0	1.0000000E+2	0.0000000E+0
1.6129600E+2	6.1241611E+1	6.0490209E+1	0.0000000E+0	0.0000000E+0	1.0000000E+2	0.0000000E+0
1.6134600E+2	6.1235531E+1	6.0481966E+1	0.0000000E+0	0.0000000E+0	1.0000000E+2	0.0000000E+0
1.6139600E+2	6.1238240E+1	6.0498102E+1	0.0000000E+0	0.0000000E+0	1.0000000E+2	0.0000000E+0
1.6144600E+2	6.1238670E+1	6.0497076E+1	0.0000000E+0	0.0000000E+0	1.0000000E+2	0.0000000E+0
1.6149600E+2	6.1235315E+1	6.0491846E+1	0.0000000E+0	0.0000000E+0	1.0000000E+2	0.0000000E+0
1.6154600E+2	6.1244922E+1	6.0499533E+1	0.0000000E+0	0.0000000E+0	1.0000000E+2	0.0000000E+0
1.6159600E+2	6.1218055E+1	6.0514643E+1	0.0000000E+0	0.0000000E+0	1.0000000E+2	0.0000000E+0
1.6164600E+2	6.1195509E+1	6.0514950E+1	0.0000000E+0	0.0000000E+0	1.0000000E+2	0.0000000E+0
1.6169600E+2	6.1212171E+1	6.0516486E+1	0.0000000E+0	0.0000000E+0	1.0000000E+2	0.0000000E+0
1.6174700E+2	6.1220588E+1	6.0514047E+1	0.0000000E+0	0.0000000E+0	1.0000000E+2	0.0000000E+0
1.6179800E+2	6.1221080E+1	6.0516637E+1	0.0000000E+0	0.0000000E+0	1.0000000E+2	0.0000000E+0
1.6184800E+2	6.1239373E+1	6.0523511E+1	0.0000000E+0	0.0000000E+0	1.0000000E+2	0.0000000E+0
1.6189800E+2	6.1245647E+1	6.0523786E+1	0.0000000E+0	0.0000000E+0	1.0000000E+2	0.0000000E+0
1.6194800E+2	6.1242557E+1	6.0527872E+1	0.0000000E+0	0.0000000E+0	1.0000000E+2	0.0000000E+0
1.6199800E+2	6.1227869E+1	6.0521769E+1	0.0000000E+0	0.0000000E+0	1.0000000E+2	0.0000000E+0
1.6204800E+2	6.1209450E+1	6.0515126E+1	0.0000000E+0	0.0000000E+0	1.0000000E+2	0.0000000E+0
1.6209800E+2	6.1226951E+1	6.0512215E+1	0.0000000E+0	0.0000000E+0	1.0000000E+2	0.0000000E+0
1.6214800E+2	6.1221151E+1	6.0513810E+1	0.0000000E+0	0.0000000E+0	1.0000000E+2	0.0000000E+0
1.6219800E+2	6.1231447E+1	6.0508394E+1	0.0000000E+0	0.0000000E+0	1.0000000E+2	0.0000000E+0
1.6224800E+2	6.1228295E+1	6.0519952E+1	0.0000000E+0	0.0000000E+0	1.0000000E+2	0.0000000E+0
1.6229900E+2	6.1240625E+1	6.0524555E+1	0.0000000E+0	0.0000000E+0	1.0000000E+2	0.0000000E+0
1.6234900E+2	6.1238773E+1	6.0533770E+1	0.0000000E+0	0.0000000E+0	1.0000000E+2	0.0000000E+0
1.6239900E+2	6.1227322E+1	6.0507844E+1	0.0000000E+0	0.0000000E+0	1.0000000E+2	0.0000000E+0
1.6244900E+2	6.1180785E+1	6.0520977E+1	0.0000000E+0	0.0000000E+0	1.0000000E+2	0.0000000E+0
1.6249900E+2	6.1158648E+1	6.0516509E+1	0.0000000E+0	0.0000000E+0	1.0000000E+2	0.0000000E+0
1.6254900E+2	6.1180009E+1	6.0517388E+1	0.0000000E+0	0.0000000E+0	1.0000000E+2	0.0000000E+0
1.6259900E+2	6.1171131E+1	6.0513129E+1	0.0000000E+0	0.0000000E+0	1.0000000E+2	0.0000000E+0
1.6265000E+2	6.1175804E+1	6.0509941E+1	0.0000000E+0	0.0000000E+0	1.0000000E+2	0.0000000E+0
1.6270000E+2	6.1176361E+1	6.0520323E+1	0.0000000E+0	0.0000000E+0	1.0000000E+2	0.0000000E+0
1.6275000E+2	6.1168456E+1	6.0513160E+1	0.0000000E+0	0.0000000E+0	1.0000000E+2	0.0000000E+0
1.6280000E+2	6.1173979E+1	6.0521638E+1	0.0000000E+0	0.0000000E+0	1.0000000E+2	0.0000000E+0
1.6285000E+2	6.1162898E+1	6.0502868E+1	0.0000000E+0	0.0000000E+0	1.0000000E+2	0.0000000E+0
1.6290000E+2	6.1159903E+1	6.0491621E+1	0.0000000E+0	0.0000000E+0	1.0000000E+2	0.0000000E+0
1.6295000E+2	6.1183827E+1	6.0513234E+1	0.0000000E+0	0.0000000E+0	1.0000000E+2	0.0000000E+0
1.6300000E+2	6.1188888E+1	6.0512655E+1	0.0000000E+0	0.0000000E+0	1.0000000E+2	0.0000000E+0
1.6305000E+2	6.1201149E+1	6.0519794E+1	0.0000000E+0	0.0000000E+0	1.0000000E+2	0.0000000E+0
1.6310000E+2	6.1203523E+1	6.0534402E+1	0.0000000E+0	0.0000000E+0	1.0000000E+2	0.0000000E+0
1.6315000E+2	6.1182204E+1	6.0529888E+1	0.0000000E+0	0.0000000E+0	1.0000000E+2	0.0000000E+0
1.6320000E+2	6.1156614E+1	6.0533682E+1	0.0000000E+0	0.0000000E+0	1.0000000E+2	0.0000000E+0
1.6325000E+2	6.1157596E+1	6.0533251E+1	0.0000000E+0	0.0000000E+0	1.0000000E+2	0.0000000E+0
1.6330000E+2	6.1174895E+1	6.0528009E+1	0.0000000E+0	0.0000000E+0	1.0000000E+2	0.0000000E+0
1.6335100E+2	6.1196427E+1	6.0534691E+1	0.0000000E+0	0.0000000E+0	1.0000000E+2	0.0000000E+0
1.6340100E+2	6.1217389E+1	6.0540955E+1	0.0000000E+0	0.0000000E+0	1.0000000E+2	0.0000000E+0
1.6345100E+2	6.1231496E+1	6.0537107E+1	0.0000000E+0	0.0000000E+0	1.0000000E+2	0.0000000E+0
1.6350100E+2	6.1226185E+1	6.0546302E+1	0.0000000E+0	0.0000000E+0	1.0000000E+2	0.0000000E+0
1.6355100E+2	6.1252110E+1	6.0548444E+1	0.0000000E+0	0.0000000E+0	1.0000000E+2	0.0000000E+0
1.6360100E+2	6.1245148E+1	6.0527175E+1	0.0000000E+0	0.0000000E+0	1.0000000E+2	0.0000000E+0
1.6365100E+2	6.1247706E+1	6.0542580E+1	0.0000000E+0	0.0000000E+0	1.0000000E+2	0.0000000E+0
1.6370100E+2	6.1230847E+1	6.0539020E+1	0.0000000E+0	0.0000000E+0	1.0000000E+2	0.0000000E+0
1.6375100E+2	6.1232968E+1	6.0534679E+1	0.0000000E+0	0.0000000E+0	1.0000000E+2	0.0000000E+0
1.6380100E+2	6.1241174E+1	6.0545206E+1	0.0000000E+0	0.0000000E+0	1.0000000E+2	0.0000000E+0
1.6385100E+2	6.1241611E+1	6.0543068E+1	0.0000000E+0	0.0000000E+0	1.0000000E+2	0.0000000E+0
1.6390200E+2	6.1217549E+1	6.0552496E+1	0.0000000E+0	0.0000000E+0	1.0000000E+2	0.0000000E+0
1.6395300E+2	6.1192983E+1	6.0555883E+1	0.0000000E+0	0.0000000E+0	1.0000000E+2	0.0000000E+0
1.6400300E+2	6.1180924E+1	6.0556355E+1	0.0000000E+0	0.0000000E+0	1.0000000E+2	0.0000000E+0
1.6405300E+2	6.1175482E+1	6.0549150E+1	0.0000000E+0	0.0000000E+0	1.0000000E+2	0.0000000E+0
1.6410300E+2	6.1189911E+1	6.0555820E+1	0.0000000E+0	0.0000000E+0	1.0000000E+2	0.0000000E+0
1.6415300E+2	6.1188721E+1	6.0547765E+1	0.0000000E+0	0.0000000E+0	1.0000000E+2	0.0000000E+0
1.6420300E+2	6.1187379E+1	6.0558660E+1	0.0000000E+0	0.0000000E+0	1.0000000E+2	0.0000000E+0
1.6425300E+2	6.1164352E+1	6.0532828E+1	0.0000000E+0	0.0000000E+0	1.0000000E+2	0.0000000E+0
1.6430300E+2	6.1167345E+1	6.0536324E+1	0.0000000E+0	0.0000000E+0	1.0000000E+2	0.0000000E+0
1.6435400E+2	6.1174536E+1	6.0539464E+1	0.0000000E+0	0.0000000E+0	1.0000000E+2	0.0000000E+0
1.6440500E+2	6.1187235E+1	6.0557867E+1	0.0000000E+0	0.0000000E+0	1.0000000E+2	0.0000000E+0
1.6445600E+2	6.1199297E+1	6.0563741E+1	0.0000000E+0	0.0000000E+0	1.0000000E+2	0.0000000E+0
1.6450600E+2	6.1194941E+1	6.0557567E+1	0.0000000E+0	0.0000000E+0	1.0000000E+2	0.0000000E+0
1.6455600E+2	6.1217212E+1	6.0552290E+1	0.0000000E+0	0.0000000E+0	1.0000000E+2	0.0000000E+0
1.6460600E+2	6.1210561E+1	6.0561835E+1	0.0000000E+0	0.0000000E+0	1.0000000E+2	0.0000000E+0
1.6465700E+2	6.1203959E+1	6.0569397E+1	0.0000000E+0	0.0000000E+0	1.0000000E+2	0.0000000E+0
1.6470800E+2	6.1160862E+1	6.0560729E+1	0.0000000E+0	0.0000000E+0	1.0000000E+2	0.0000000E+0
1.6475900E+2	6.1132809E+1	6.0560170E+1	0.0000000E+0	0.0000000E+0	1.0000000E+2	0.0000000E+0
1.6480900E+2	6.1117163E+1	6.0548028E+1	0.0000000E+0	0.0000000E+0	1.0000000E+2	0.0000000E+0
1.6486000E+2	6.1138758E+1	6.0550179E+1	0.0000000E+0	0.0000000E+0	1.0000000E+2	0.0000000E+0
1.6491000E+2	6.1150199E+1	6.0563807E+1	0.0000000E+0	0.0000000E+0	1.0000000E+2	0.0000000E+0
1.6496000E+2	6.1156536E+1	6.0562890E+1	0.0000000E+0	0.0000000E+0	1.0000000E+2	0.0000000E+0
1.6501000E+2	6.1153823E+1	6.0565486E+1	0.0000000E+0	0.0000000E+0	1.0000000E+2	0.0000000E+0
1.6506000E+2	6.1144600E+1	6.0555367E+1	0.0000000E+0	0.0000000E+0	1.0000000E+2	0.0000000E+0
1.6511100E+2	6.1144700E+1	6.0560133E+1	0.0000000E+0	0.0000000E+0	1.0000000E+2	0.0000000E+0
1.6516100E+2	6.1129048E+1	6.0562013E+1	0.0000000E+0	0.0000000E+0	1.0000000E+2	0.0000000E+0
1.6521100E+2	6.1129192E+1	6.0569008E+1	0.0000000E+0	0.0000000E+0	1.0000000E+2	0.0000000E+0
1.6526100E+2	6.1118573E+1	6.0556619E+1	0.0000000E+0	0.0000000E+0	1.0000000E+2	0.0000000E+0
1.6531100E+2	6.1128406E+1	6.0566062E+1	0.0000000E+0	0.0000000E+0	1.0000000E+2	0.0000000E+0
1.6536100E+2	6.1119095E+1	6.0536304E+1	0.0000000E+0	0.0000000E+0	1.0000000E+2	0.0000000E+0
1.6541100E+2	6.1081885E+1	6.0557621E+1	0.0000000E+0	0.0000000E+0	1.0000000E+2	0.0000000E+0
1.6546200E+2	6.1082825E+1	6.0550795E+1	0.0000000E+0	0.0000000E+0	1.0000000E+2	0.0000000E+0
1.6551200E+2	6.1095499E+1	6.0546223E+1	0.0000000E+0	0.0000000E+0	1.0000000E+2	0.0000000E+0
1.6556200E+2	6.1116889E+1	6.0544951E+1	0.0000000E+0	0.0000000E+0	1.0000000E+2	0.0000000E+0
1.6561200E+2	6.1132369E+1	6.0560177E+1	0.0000000E+0	0.0000000E+0	1.0000000E+2	0.0000000E+0
1.6566200E+2	6.1126304E+1	6.0556236E+1	0.0000000E+0	0.0000000E+0	1.0000000E+2	0.0000000E+0
1.6571200E+2	6.1122586E+1	6.0552722E+1	0.0000000E+0	0.0000000E+0	1.0000000E+2	0.0000000E+0
1.6576200E+2	6.1136289E+1	6.0557180E+1	0.0000000E+0	0.0000000E+0	1.0000000E+2	0.0000000E+0
1.6581200E+2	6.1132516E+1	6.0561601E+1	0.0000000E+0	0.0000000E+0	1.0000000E+2	0.0000000E+0
1.6586200E+2	6.1134810E+1	6.0555502E+1	0.0000000E+0	0.0000000E+0	1.0000000E+2	0.0000000E+0
1.6591300E+2	6.1131352E+1	6.0552246E+1	0.0000000E+0	0.0000000E+0	1.0000000E+2	0.0000000E+0
1.6596400E+2	6.1156878E+1	6.0558704E+1	0.0000000E+0	0.0000000E+0	1.0000000E+2	0.0000000E+0
1.6601400E+2	6.1139834E+1	6.0539793E+1	0.0000000E+0	0.0000000E+0	1.0000000E+2	0.0000000E+0
1.6606400E+2	6.1133770E+1	6.0534810E+1	0.0000000E+0	0.0000000E+0	1.0000000E+2	0.0000000E+0
1.6611400E+2	6.1112986E+1	6.0542598E+1	0.0000000E+0	0.0000000E+0	1.0000000E+2	0.0000000E+0
1.6616400E+2	6.1073622E+1	6.0540966E+1	0.0000000E+0	0.0000000E+0	1.0000000E+2	0.0000000E+0
1.6621400E+2	6.1054800E+1	6.0539293E+1	0.0000000E+0	0.0000000E+0	1.0000000E+2	0.0000000E+0
1.6626400E+2	6.1039661E+1	6.0530015E+1	0.0000000E+0	0.0000000E+0	1.0000000E+2	0.0000000E+0
1.6631400E+2	6.1032439E+1	6.0533543E+1	0.0000000E+0	0.0000000E+0	1.0000000E+2	0.0000000E+0
1.6636400E+2	6.1018051E+1	6.0523512E+1	0.0000000E+0	0.0000000E+0	1.0000000E+2	0.0000000E+0
1.6641400E+2	6.1027011E+1	6.0523192E+1	0.0000000E+0	0.0000000E+0	1.0000000E+2	0.0000000E+0
1.6646400E+2	6.1035261E+1	6.0534530E+1	0.0000000E+0	0.0000000E+0	1.0000000E+2	0.0000000E+0
1.6651400E+2	6.1027783E+1	6.0533877E+1	0.0000000E+0	0.0000000E+0	1.0000000E+2	0.0000000E+0
1.6656400E+2	6.1013551E+1	6.0542194E+1	0.0000000E+0	0.0000000E+0	1.0000000E+2	0.0000000E+0
1.6661400E+2	6.1006454E+1	6.0538176E+1	0.0000000E+0	0.0000000E+0	1.0000000E+2	0.0000000E+0
1.6666400E+2	6.1011584E+1	6.0543588E+1	0.0000000E+0	0.0000000E+0	1.0000000E+2	0.0000000E+0
1.6671400E+2	6.0994102E+1	6.0535405E+1	0.0000000E+0	0.0000000E+0	1.0000000E+2	0.0000000E+0
1.6676400E+2	6.0967522E+1	6.0519394E+1	0.0000000E+0	0.0000000E+0	1.0000000E+2	0.0000000E+0
1.6681400E+2	6.0951933E+1	6.0516818E+1	0.0000000E+0	0.0000000E+0	1.0000000E+2	0.0000000E+0
1.6686500E+2	6.0957018E+1	6.0548773E+1	0.0000000E+0	0.0000000E+0	1.0000000E+2	0.0000000E+0
1.6691600E+2	6.0927257E+1	6.0539197E+1	0.0000000E+0	0.0000000E+0	1.0000000E+2	0.0000000E+0
1.6696600E+2	6.0887087E+1	6.0527410E+1	0.0000000E+0	0.0000000E+0	1.0000000E+2	0.0000000E+0
1.6701600E+2	6.0897043E+1	6.0529277E+1	0.0000000E+0	0.0000000E+0	1.0000000E+2	0.0000000E+0
1.6706600E+2	6.0921401E+1	6.0544866E+1	0.0000000E+0	0.0000000E+0	1.0000000E+2	0.0000000E+0
1.6711600E+2	6.0952972E+1	6.0544502E+1	0.0000000E+0	0.0000000E+0	1.0000000E+2	0.0000000E+0
1.6716600E+2	6.0979539E+1	6.0549499E+1	0.0000000E+0	0.0000000E+0	1.0000000E+2	0.0000000E+0
1.6721600E+2	6.0962860E+1	6.0528537E+1	0.0000000E+0	0.0000000E+0	1.0000000E+2	0.0000000E+0
1.6726600E+2	6.0975804E+1	6.0544405E+1	0.0000000E+0	0.0000000E+0	1.0000000E+2	0.0000000E+0
1.6731600E+2	6.0979993E+1	6.0549661E+1	0.0000000E+0	0.0000000E+0	1.0000000E+2	0.0000000E+0
1.6736600E+2	6.0965942E+1	6.0545562E+1	0.0000000E+0	0.0000000E+0	1.0000000E+2	0.0000000E+0
1.6741700E+2	6.0970788E+1	6.0544877E+1	0.0000000E+0	0.0000000E+0	1.0000000E+2	0.0000000E+0
1.6746800E+2	6.0990552E+1	6.0565302E+1	0.0000000E+0	0.0000000E+0	1.0000000E+2	0.0000000E+0
1.6751900E+2	6.0970934E+1	6.0556281E+1	0.0000000E+0	0.0000000E+0	1.0000000E+2	0.0000000E+0
1.6757000E+2	6.0964601E+1	6.0568024E+1	0.0000000E+0	0.0000000E+0	1.0000000E+2	0.0000000E+0
1.6762000E+2	6.0946662E+1	6.0548368E+1	0.0000000E+0	0.0000000E+0	1.0000000E+2	0.0000000E+0
1.6767100E+2	6.0961617E+1	6.0553977E+1	0.0000000E+0	0.0000000E+0	1.0000000E+2	0.0000000E+0
1.6772100E+2	6.0960742E+1	6.0569743E+1	0.0000000E+0	0.0000000E+0	1.0000000E+2	0.0000000E+0
1.6777100E+2	6.0923939E+1	6.0566760E+1	0.0000000E+0	0.0000000E+0	1.0000000E+2	0.0000000E+0
1.6782100E+2	6.0888485E+1	6.0571086E+1	0.0000000E+0	0.0000000E+0	1.0000000E+2	0.0000000E+0
1.6787100E+2	6.0909292E+1	6.0558016E+1	0.0000000E+0	0.0000000E+0	1.0000000E+2	0.0000000E+0
1.6792100E+2	6.0927721E+1	6.0574444E+1	0.0000000E+0	0.0000000E+0	1.0000000E+2	0.0000000E+0
1.6797100E+2	6.0918247E+1	6.0567902E+1	0.0000000E+0	0.0000000E+0	1.0000000E+2	0.0000000E+0
1.6802100E+2	6.0917279E+1	6.0565397E+1	0.0000000E+0	0.0000000E+0	1.0000000E+2	0.0000000E+0
1.6807100E+2	6.0907609E+1	6.0557321E+1	0.0000000E+0	0.0000000E+0	1.0000000E+2	0.0000000E+0
1.6812100E+2	6.0869149E+1	6.0538354E+1	0.0000000E+0	0.0000000E+0	1.0000000E+2	0.0000000E+0
1.6817100E+2	6.0864362E+1	6.0526553E+1	0.0000000E+0	0.0000000E+0	1.0000000E+2	0.0000000E+0
1.6822100E+2	6.0872226E+1	6.0542205E+1	0.0000000E+0	0.0000000E+0	1.0000000E+2	0.0000000E+0
1.6827100E+2	6.0872510E+1	6.0540227E+1	0.0000000E+0	0.0000000E+0	1.0000000E+2	0.0000000E+0
1.6832100E+2	6.0887525E+1	6.0535804E+1	0.0000000E+0	0.0000000E+0	1.0000000E+2	0.0000000E+0
1.6837200E+2	6.0862607E+1	6.0534540E+1	0.0000000E+0	0.0000000E+0	1.0000000E+2	0.0000000E+0
1.6842200E+2	6.0852206E+1	6.0541420E+1	0.0000000E+0	0.0000000E+0	1.0000000E+2	0.0000000E+0
1.6847200E+2	6.0861135E+1	6.0558579E+1	0.0000000E+0	0.0000000E+0	1.0000000E+2	0.0000000E+0
1.6852200E+2	6.0856656E+1	6.0538527E+1	0.0000000E+0	0.0000000E+0	1.0000000E+2	0.0000000E+0
1.6857200E+2	6.0862017E+1	6.0560962E+1	0.0000000E+0	0.0000000E+0	1.0000000E+2	0.0000000E+0
1.6862200E+2	6.0855623E+1	6.0543108E+1	0.0000000E+0	0.0000000E+0	1.0000000E+2	0.0000000E+0
1.6867200E+2	6.0868156E+1	6.0563467E+1	0.0000000E+0	0.0000000E+0	1.0000000E+2	0.0000000E+0
1.6872300E+2	6.0865018E+1	6.0561743E+1	0.0000000E+0	0.0000000E+0	1.0000000E+2	0.0000000E+0
1.6877400E+2	6.0857832E+1	6.0558116E+1	0.0000000E+0	0.0000000E+0	1.0000000E+2	0.0000000E+0
1.6882400E+2	6.0867370E+1	6.0544994E+1	0.0000000E+0	0.0000000E+0	1.0000000E+2	0.0000000E+0
1.6887400E+2	6.0856551E+1	6.0548529E+1	0.0000000E+0	0.0000000E+0	1.0000000E+2	0.0000000E+0
1.6892500E+2	6.0831988E+1	6.0548111E+1	0.0000000E+0	0.0000000E+0	1.0000000E+2	0.0000000E+0
1.6897500E+2	6.0841759E+1	6.0552107E+1	0.0000000E+0	0.0000000E+0	1.0000000E+2	0.0000000E+0
1.6902600E+2	6.0828379E+1	6.0566235E+1	0.0000000E+0	0.0000000E+0	1.0000000E+2	0.0000000E+0
1.6907600E+2	6.0804103E+1	6.0560809E+1	0.0000000E+0	0.0000000E+0	1.0000000E+2	0.0000000E+0
1.6912600E+2	6.0807027E+1	6.0553898E+1	0.0000000E+0	0.0000000E+0	1.0000000E+2	0.0000000E+0
1.6917700E+2	6.0819504E+1	6.0546746E+1	0.0000000E+0	0.0000000E+0	1.0000000E+2	0.0000000E+0
1.6922700E+2	6.0836284E+1	6.0561337E+1	0.0000000E+0	0.0000000E+0	1.0000000E+2	0.0000000E+0
1.6927700E+2	6.0854342E+1	6.0573365E+1	0.0000000E+0	0.0000000E+0	1.0000000E+2	0.0000000E+0
1.6932700E+2	6.0868606E+1	6.0587218E+1	0.0000000E+0	0.0000000E+0	1.0000000E+2	0.0000000E+0
1.6937800E+2	6.0863240E+1	6.0586249E+1	0.0000000E+0	0.0000000E+0	1.0000000E+2	0.0000000E+0
1.6942900E+2	6.0869034E+1	6.0584480E+1	0.0000000E+0	0.0000000E+0	1.0000000E+2	0.0000000E+0
1.6947900E+2	6.0861229E+1	6.0576566E+1	0.0000000E+0	0.0000000E+0	1.0000000E+2	0.0000000E+0
1.6952900E+2	6.0868427E+1	6.0579453E+1	0.0000000E+0	0.0000000E+0	1.0000000E+2	0.0000000E+0
1.6957900E+2	6.0852622E+1	6.0565628E+1	0.0000000E+0	0.0000000E+0	1.0000000E+2	0.0000000E+0
1.6962900E+2	6.0847644E+1	6.0571068E+1	0.0000000E+0	0.0000000E+0	1.0000000E+2	0.0000000E+0
1.6968000E+2	6.0835443E+1	6.0570861E+1	0.0000000E+0	0.0000000E+0	1.0000000E+2	0.0000000E+0
1.6973100E+2	6.0812598E+1	6.0580953E+1	0.0000000E+0	0.0000000E+0	1.0000000E+2	0.0000000E+0
1.6978100E+2	6.0791125E+1	6.0571922E+1	0.0000000E+0	0.0000000E+0	1.0000000E+2	0.0000000E+0
1.6983100E+2	6.0798882E+1	6.0574842E+1	0.0000000E+0	0.0000000E+0	1.0000000E+2	0.0000000E+0
1.6988100E+2	6.0812257E+1	6.0564749E+1	0.0000000E+0	0.0000000E+0	1.0000000E+2	0.0000000E+0
1.6993100E+2	6.0817779E+1	6.0580018E+1	0.0000000E+0	0.0000000E+0	1.0000000E+2	0.0000000E+0
1.6998100E+2	6.0817139E+1	6.0561550E+1	0.0000000E+0	0.0000000E+0	1.0000000E+2	0.0000000E+0
1.7003100E+2	6.0819149E+1	6.0562579E+1	0.0000000E+0	0.0000000E+0	1.0000000E+2	0.0000000E+0
1.7008100E+2	6.0841040E+1	6.0576469E+1	0.0000000E+0	0.0000000E+0	1.0000000E+2	0.0000000E+0
1.7013100E+2	6.0847953E+1	6.0576025E+1	0.0000000E+0	0.0000000E+0	1.0000000E+2	0.0000000E+0
1.7018100E+2	6.0838813E+1	6.0564286E+1	0.0000000E+0	0.0000000E+0	1.0000000E+2	0.0000000E+0
1.7023100E+2	6.0848552E+1	6.0572577E+1	0.0000000E+0	0.0000000E+0	1.0000000E+2	0.0000000E+0
1.7028100E+2	6.0855137E+1	6.0582825E+1	0.0000000E+0	0.0000000E+0	1.0000000E+2	0.0000000E+0
1.7033100E+2	6.0848158E+1	6.0565798E+1	0.0000000E+0	0.0000000E+0	1.0000000E+2	0.0000000E+0
1.7038200E+2	6.0851889E+1	6.0588313E+1	0.0000000E+0	0.0000000E+0	1.0000000E+2	0.0000000E+0
1.7043200E+2	6.0851085E+1	6.0566175E+1	0.0000000E+0	0.0000000E+0	1.0000000E+2	0.0000000E+0
1.7048200E+2	6.0834723E+1	6.0556435E+1	0.0000000E+0	0.0000000E+0	1.0000000E+2	0.0000000E+0
1.7053200E+2	6.0819451E+1	6.0562624E+1	0.0000000E+0	0.0000000E+0	1.0000000E+2	0.0000000E+0
1.7058200E+2	6.0761933E+1	6.0563907E+1	0.0000000E+0	0.0000000E+0	1.0000000E+2	0.0000000E+0
1.7063200E+2	6.0757339E+1	6.0584042E+1	0.0000000E+0	0.0000000E+0	1.0000000E+2	0.0000000E+0
1.7068200E+2	6.0756864E+1	6.0572968E+1	0.0000000E+0	0.0000000E+0	1.0000000E+2	0.0000000E+0
1.7073200E+2	6.0744926E+1	6.0569180E+1	0.0000000E+0	0.0000000E+0	1.0000000E+2	0.0000000E+0
1.7078200E+2	6.0736388E+1	6.0573972E+1	0.0000000E+0	0.0000000E+0	1.0000000E+2	0.0000000E+0
1.7083200E+2	6.0716616E+1	6.0577089E+1	0.0000000E+0	0.0000000E+0	1.0000000E+2	0.0000000E+0
1.7088300E+2	6.0713595E+1	6.0570293E+1	0.0000000E+0	0.0000000E+0	1.0000000E+2	0.0000000E+0
1.7093300E+2	6.0704204E+1	6.0573135E+1	0.0000000E+0	0.0000000E+0	1.0000000E+2	0.0000000E+0
1.7098300E+2	6.0710441E+1	6.0589257E+1	0.0000000E+0	0.0000000E+0	1.0000000E+2	0.0000000E+0
1.7103300E+2	6.0711791E+1	6.0594869E+1	0.0000000E+0	0.0000000E+0	1.0000000E+2	0.0000000E+0
1.7108300E+2	6.0685301E+1	6.0589141E+1	0.0000000E+0	0.0000000E+0	1.0000000E+2	0.0000000E+0
1.7113300E+2	6.0678722E+1	6.0582253E+1	0.0000000E+0	0.0000000E+0	1.0000000E+2	0.0000000E+0
1.7118300E+2	6.0684845E+1	6.0593760E+1	0.0000000E+0	0.0000000E+0	1.0000000E+2	0.0000000E+0
1.7123300E+2	6.0671679E+1	6.0582330E+1	0.0000000E+0	0.0000000E+0	1.0000000E+2	0.0000000E+0
1.7128400E+2	6.0648573E+1	6.0573716E+1	0.0000000E+0	0.0000000E+0	1.0000000E+2	0.0000000E+0
1.7133400E+2	6.0630659E+1	6.0556914E+1	0.0000000E+0	0.0000000E+0	1.0000000E+2	0.0000000E+0
1.7138400E+2	6.0639570E+1	6.0582867E+1	0.0000000E+0	0.0000000E+0	1.0000000E+2	0.0000000E+0
1.7143400E+2	6.0596457E+1	6.0566719E+1	0.0000000E+0	0.0000000E+0	1.0000000E+2	0.0000000E+0
1.7148400E+2	6.0544148E+1	6.0578615E+1	0.0000000E+0	0.0000000E+0	1.0000000E+2	0.0000000E+0
1.7153400E+2	6.0553044E+1	6.0563101E+1	0.0000000E+0	0.0000000E+0	1.0000000E+2	0.0000000E+0
1.7158400E+2	6.0557332E+1	6.0566786E+1	0.0000000E+0	0.0000000E+0	1.0000000E+2	0.0000000E+0
1.7163400E+2	6.0563759E+1	6.0564229E+1	0.0000000E+0	0.0000000E+0	1.0000000E+2	0.0000000E+0
1.7168400E+2	6.0547013E+1	6.0573598E+1	0.0000000E+0	0.0000000E+0	1.0000000E+2	0.0000000E+0
1.7173400E+2	6.0524434E+1	6.0564898E+1	0.0000000E+0	0.0000000E+0	1.0000000E+2	0.0000000E+0
1.7178600E+2	6.0519410E+1	6.0576776E+1	0.0000000E+0	0.0000000E+0	1.0000000E+2	0.0000000E+0
1.7183700E+2	6.0505000E+1	6.0573080E+1	0.0000000E+0	0.0000000E+0	1.0000000E+2	0.0000000E+0
1.7188700E+2	6.0502658E+1	6.0575987E+1	0.0000000E+0	0.0000000E+0	1.0000000E+2	0.0000000E+0
1.7193700E+2	6.0499311E+1	6.0573198E+1	0.0000000E+0	0.0000000E+0	1.0000000E+2	0.0000000E+0
1.7198700E+2	6.0512132E+1	6.0582046E+1	0.0000000E+0	0.0000000E+0	1.0000000E+2	0.0000000E+0
1.7203800E+2	6.0482227E+1	6.0566078E+1	0.0000000E+0	0.0000000E+0	1.0000000E+2	0.0000000E+0
1.7208800E+2	6.0501806E+1	6.0589509E+1	0.0000000E+0	0.0000000E+0	1.0000000E+2	0.0000000E+0
1.7213800E+2	6.0504585E+1	6.0583398E+1	0.0000000E+0	0.0000000E+0	1.0000000E+2	0.0000000E+0
1.7218800E+2	6.0511778E+1	6.0591272E+1	0.0000000E+0	0.0000000E+0	1.0000000E+2	0.0000000E+0
1.7223800E+2	6.0518639E+1	6.0600846E+1	0.0000000E+0	0.0000000E+0	1.0000000E+2	0.0000000E+0
1.7228800E+2	6.0483245E+1	6.0585594E+1	0.0000000E+0	0.0000000E+0	1.0000000E+2	0.0000000E+0
1.7233800E+2	6.0427382E+1	6.0583383E+1	0.0000000E+0	0.0000000E+0	1.0000000E+2	0.0000000E+0
1.7238800E+2	6.0406713E+1	6.0568514E+1	0.0000000E+0	0.0000000E+0	1.0000000E+2	0.0000000E+0
1.7243800E+2	6.0402512E+1	6.0567191E+1	0.0000000E+0	0.0000000E+0	1.0000000E+2	0.0000000E+0
1.7248800E+2	6.0429639E+1	6.0579859E+1	0.0000000E+0	0.0000000E+0	1.0000000E+2	0.0000000E+0
1.7253800E+2	6.0436172E+1	6.0591470E+1	0.0000000E+0	0.0000000E+0	1.0000000E+2	0.0000000E+0
1.7258900E+2	6.0434091E+1	6.0587470E+1	0.0000000E+0	0.0000000E+0	1.0000000E+2	0.0000000E+0
1.7264000E+2	6.0421907E+1	6.0575913E+1	0.0000000E+0	0.0000000E+0	1.0000000E+2	0.0000000E+0
1.7269000E+2	6.0430790E+1	6.0588716E+1	0.0000000E+0	0.0000000E+0	1.0000000E+2	0.0000000E+0
1.7274000E+2	6.0423674E+1	6.0581591E+1	0.0000000E+0	0.0000000E+0	1.0000000E+2	0.0000000E+0
1.7279100E+2	6.0436879E+1	6.0592078E+1	0.0000000E+0	0.0000000E+0	1.0000000E+2	0.0000000E+0
1.7284100E+2	6.0442176E+1	6.0593578E+1	0.0000000E+0	0.0000000E+0	1.0000000E+2	0.0000000E+0
1.7289100E+2	6.0440931E+1	6.0588003E+1	0.0000000E+0	0.0000000E+0	1.0000000E+2	0.0000000E+0
1.7294100E+2	6.0454174E+1	6.0594675E+1	0.0000000E+0	0.0000000E+0	1.0000000E+2	0.0000000E+0
1.7299200E+2	6.0449827E+1	6.0602793E+1	0.0000000E+0	0.0000000E+0	1.0000000E+2	0.0000000E+0
1.7304200E+2	6.0445725E+1	6.0591074E+1	0.0000000E+0	0.0000000E+0	1.0000000E+2	0.0000000E+0
1.7309200E+2	6.0414491E+1	6.0582353E+1	0.0000000E+0	0.0000000E+0	1.0000000E+2	0.0000000E+0
1.7314200E+2	6.0375768E+1	6.0584224E+1	0.0000000E+0	0.0000000E+0	1.0000000E+2	0.0000000E+0
1.7319200E+2	6.0342596E+1	6.0593093E+1	0.0000000E+0	0.0000000E+0	1.0000000E+2	0.0000000E+0
1.7324200E+2	6.0324916E+1	6.0560144E+1	0.0000000E+0	0.0000000E+0	1.0000000E+2	0.0000000E+0
1.7329200E+2	6.0326880E+1	6.0566321E+1	0.0000000E+0	0.0000000E+0	1.0000000E+2	0.0000000E+0
1.7334300E+2	6.0310937E+1	6.0559148E+1	0.0000000E+0	0.0000000E+0	1.0000000E+2	0.0000000E+0
1.7339300E+2	6.0307968E+1	6.0560658E+1	0.0000000E+0	0.0000000E+0	1.0000000E+2	0.0000000E+0
1.7344300E+2	6.0303388E+1	6.0558657E+1	0.0000000E+0	0.0000000E+0	1.0000000E+2	0.0000000E+0
1.7349400E+2	6.0307607E+1	6.0553078E+1	0.0000000E+0	0.0000000E+0	1.0000000E+2	0.0000000E+0
1.7354500E+2	6.0310011E+1	6.0555225E+1	0.0000000E+0	0.0000000E+0	1.0000000E+2	0.0000000E+0
1.7359500E+2	6.0325563E+1	6.0565876E+1	0.0000000E+0	0.0000000E+0	1.0000000E+2	0.0000000E+0
1.7364500E+2	6.0334202E+1	6.0563926E+1	0.0000000E+0	0.0000000E+0	1.0000000E+2	0.0000000E+0
1.7369500E+2	6.0330195E+1	6.0571649E+1	0.0000000E+0	0.0000000E+0	1.0000000E+2	0.0000000E+0
1.7374500E+2	6.0344717E+1	6.0573313E+1	0.0000000E+0	0.0000000E+0	1.0000000E+2	0.0000000E+0
1.7379500E+2	6.0349672E+1	6.0569332E+1	0.0000000E+0	0.0000000E+0	1.0000000E+2	0.0000000E+0
1.7384500E+2	6.0305467E+1	6.0580816E+1	0.0000000E+0	0.0000000E+0	1.0000000E+2	0.0000000E+0
1.7389600E+2	6.0266949E+1	6.0570120E+1	0.0000000E+0	0.0000000E+0	1.0000000E+2	0.0000000E+0
1.7394600E+2	6.0282605E+1	6.0582306E+1	0.0000000E+0	0.0000000E+0	1.0000000E+2	0.0000000E+0
1.7399600E+2	6.0279636E+1	6.0587845E+1	0.0000000E+0	0.0000000E+0	1.0000000E+2	0.0000000E+0
1.7404700E+2	6.0299063E+1	6.0582146E+1	0.0000000E+0	0.0000000E+0	1.0000000E+2	0.0000000E+0
1.7409800E+2	6.0290045E+1	6.0573130E+1	0.0000000E+0	0.0000000E+0	1.0000000E+2	0.0000000E+0
1.7414800E+2	6.0305763E+1	6.0573913E+1	0.0000000E+0	0.0000000E+0	1.0000000E+2	0.0000000E+0
1.7419800E+2	6.0323420E+1	6.0573772E+1	0.0000000E+0	0.0000000E+0	1.0000000E+2	0.0000000E+0
1.7424900E+2	6.0334414E+1	6.0592824E+1	0.0000000E+0	0.0000000E+0	1.0000000E+2	0.0000000E+0
1.7429900E+2	6.0330459E+1	6.0581169E+1	0.0000000E+0	0.0000000E+0	1.0000000E+2	0.0000000E+0
1.7435000E+2	6.0321699E+1	6.0590203E+1	0.0000000E+0	0.0000000E+0	1.0000000E+2	0.0000000E+0
1.7440000E+2	6.0311306E+1	6.0582256E+1	0.0000000E+0	0.0000000E+0	1.0000000E+2	0.0000000E+0
1.7445000E+2	6.0296675E+1	6.0591070E+1	0.0000000E+0	0.0000000E+0	1.0000000E+2	0.0000000E+0
1.7450100E+2	6.0279383E+1	6.0574364E+1	0.0000000E+0	0.0000000E+0	1.0000000E+2	0.0000000E+0
1.7455200E+2	6.0265618E+1	6.0564618E+1	0.0000000E+0	0.0000000E+0	1.0000000E+2	0.0000000E+0
1.7460200E+2	6.0212005E+1	6.0572502E+1	0.0000000E+0	0.0000000E+0	1.0000000E+2	0.0000000E+0
1.7465200E+2	6.0225419E+1	6.0582112E+1	0.0000000E+0	0.0000000E+0	1.0000000E+2	0.0000000E+0
1.7470300E+2	6.0241879E+1	6.0574838E+1	0.0000000E+0	0.0000000E+0	1.0000000E+2	0.0000000E+0
1.7475400E+2	6.0275795E+1	6.0588395E+1	0.0000000E+0	0.0000000E+0	1.0000000E+2	0.0000000E+0
1.7480400E+2	6.0280585E+1	6.0584625E+1	0.0000000E+0	0.0000000E+0	1.0000000E+2	0.0000000E+0
1.7485400E+2	6.0270829E+1	6.0573261E+1	0.0000000E+0	0.0000000E+0	1.0000000E+2	0.0000000E+0
1.7490400E+2	6.0284532E+1	6.0570804E+1	0.0000000E+0	0.0000000E+0	1.0000000E+2	0.0000000E+0
1.7495400E+2	6.0305818E+1	6.0567828E+1	0.0000000E+0	0.0000000E+0	1.0000000E+2	0.0000000E+0
1.7500400E+2	6.0329972E+1	6.0579962E+1	0.0000000E+0	0.0000000E+0	1.0000000E+2	0.0000000E+0
1.7505400E+2	6.0329161E+1	6.0580473E+1	0.0000000E+0	0.0000000E+0	1.0000000E+2	0.0000000E+0
1.7510400E+2	6.0302979E+1	6.0563419E+1	0.0000000E+0	0.0000000E+0	1.0000000E+2	0.0000000E+0
1.7515400E+2	6.0296773E+1	6.0570368E+1	0.0000000E+0	0.0000000E+0	1.0000000E+2	0.0000000E+0
1.7520400E+2	6.0300847E+1	6.0567322E+1	0.0000000E+0	0.0000000E+0	1.0000000E+2	0.0000000E+0
1.7525400E+2	6.0290957E+1	6.0577542E+1	0.0000000E+0	0.0000000E+0	1.0000000E+2	0.0000000E+0
1.7530500E+2	6.0287966E+1	6.0566745E+1	0.0000000E+0	0.0000000E+0	1.0000000E+2	0.0000000E+0
1.7535500E+2	6.0265652E+1	6.0587658E+1	0.0000000E+0	0.0000000E+0	1.0000000E+2	0.0000000E+0
1.7540500E+2	6.0248256E+1	6.0585919E+1	0.0000000E+0	0.0000000E+0	1.0000000E+2	0.0000000E+0
1.7545500E+2	6.0238382E+1	6.0579555E+1	0.0000000E+0	0.0000000E+0	1.0000000E+2	0.0000000E+0
1.7550500E+2	6.0240553E+1	6.0570660E+1	0.0000000E+0	0.0000000E+0	1.0000000E+2	0.0000000E+0
1.7555500E+2	6.0263403E+1	6.0585376E+1	0.0000000E+0	0.0000000E+0	1.0000000E+2	0.0000000E+0
1.7560500E+2	6.0259489E+1	6.0587085E+1	0.0000000E+0	0.0000000E+0	1.0000000E+2	0.0000000E+0
1.7565500E+2	6.0256174E+1	6.0598889E+1	0.0000000E+0	0.0000000E+0	1.0000000E+2	0.0000000E+0
1.7570500E+2	6.0246407E+1	6.0593333E+1	0.0000000E+0	0.0000000E+0	1.0000000E+2	0.0000000E+0
1.7575500E+2	6.0260371E+1	6.0602689E+1	0.0000000E+0	0.0000000E+0	1.0000000E+2	0.0000000E+0
1.7580500E+2	6.0255565E+1	6.0604277E+1	0.0000000E+0	0.0000000E+0	1.0000000E+2	0.0000000E+0
1.7585500E+2	6.0258388E+1	6.0593339E+1	0.0000000E+0	0.0000000E+0	1.0000000E+2	0.0000000E+0
1.7590500E+2	6.0253097E+1	6.0582341E+1	0.0000000E+0	0.0000000E+0	1.0000000E+2	0.0000000E+0
1.7595600E+2	6.0249387E+1	6.0581028E+1	0.0000000E+0	0.0000000E+0	1.0000000E+2	0.0000000E+0
1.7600600E+2	6.0214977E+1	6.0593066E+1	0.0000000E+0	0.0000000E+0	1.0000000E+2	0.0000000E+0
1.7605600E+2	6.0167858E+1	6.0582682E+1	0.0000000E+0	0.0000000E+0	1.0000000E+2	0.0000000E+0
1.7610700E+2	6.0170748E+1	6.0593809E+1	0.0000000E+0	0.0000000E+0	1.0000000E+2	0.0000000E+0
1.7615700E+2	6.0167192E+1	6.0594136E+1	0.0000000E+0	0.0000000E+0	1.0000000E+2	0.0000000E+0
1.7620700E+2	6.0186329E+1	6.0595098E+1	0.0000000E+0	0.0000000E+0	1.0000000E+2	0.0000000E+0
1.7625700E+2	6.0184137E+1	6.0603097E+1	0.0000000E+0	0.0000000E+0	1.0000000E+2	0.0000000E+0
1.7630700E+2	6.0162288E+1	6.0588188E+1	0.0000000E+0	0.0000000E+0	1.0000000E+2	0.0000000E+0
1.7635700E+2	6.0149163E+1	6.0583694E+1	0.0000000E+0	0.0000000E+0	1.0000000E+2	0.0000000E+0
1.7640700E+2	6.0144803E+1	6.0572897E+1	0.0000000E+0	0.0000000E+0	1.0000000E+2	0.0000000E+0
1.7645700E+2	6.0133243E+1	6.0577699E+1	0.0000000E+0	0.0000000E+0	1.0000000E+2	0.0000000E+0
1.7650700E+2	6.0116265E+1	6.0589180E+1	0.0000000E+0	0.0000000E+0	1.0000000E+2	0.0000000E+0
1.7655700E+2	6.0105208E+1	6.0580060E+1	0.0000000E+0	0.0000000E+0	1.0000000E+2	0.0000000E+0
1.7660700E+2	6.0089093E+1	6.0586043E+1	0.0000000E+0	0.0000000E+0	1.0000000E+2	0.0000000E+0
1.7665700E+2	6.0086819E+1	6.0583859E+1	0.0000000E+0	0.0000000E+0	1.0000000E+2	0.0000000E+0
1.7670700E+2	6.0108818E+1	6.0601826E+1	0.0000000E+0	0.0000000E+0	1.0000000E+2	0.0000000E+0
1.7675700E+2	6.0090239E+1	6.0613605E+1	0.0000000E+0	0.0000000E+0	1.0000000E+2	0.0000000E+0
1.7680700E+2	6.0039450E+1	6.0611901E+1	0.0000000E+0	0.0000000E+0	1.0000000E+2	0.0000000E+0
1.7685700E+2	6.0015909E+1	6.0619177E+1	0.0000000E+0	0.0000000E+0	1.0000000E+2	0.0000000E+0
1.7690700E+2	6.0010881E+1	6.0606056E+1	0.0000000E+0	0.0000000E+0	1.0000000E+2	0.0000000E+0
1.7695700E+2	5.9993973E+1	6.0596237E+1	0.0000000E+0	0.0000000E+0	1.0000000E+2	0.0000000E+0
1.7700700E+2	5.9994406E+1	6.0599032E+1	0.0000000E+0	0.0000000E+0	1.0000000E+2	0.0000000E+0
1.7705700E+2	5.9976532E+1	6.0596754E+1	0.0000000E+0	0.0000000E+0	1.0000000E+2	0.0000000E+0
1.7710700E+2	5.9945040E+1	6.0589363E+1	0.0000000E+0	0.0000000E+0	1.0000000E+2	0.0000000E+0
1.7715700E+2	5.9940733E+1	6.0591456E+1	0.0000000E+0	0.0000000E+0	1.0000000E+2	0.0000000E+0
1.7720700E+2	5.9943294E+1	6.0607858E+1	0.0000000E+0	0.0000000E+0	1.0000000E+2	0.0000000E+0
1.7725700E+2	5.9946368E+1	6.0605730E+1	0.0000000E+0	0.0000000E+0	1.0000000E+2	0.0000000E+0
1.7730700E+2	5.9932878E+1	6.0614531E+1	0.0000000E+0	0.0000000E+0	1.0000000E+2	0.0000000E+0
1.7735700E+2	5.9929045E+1	6.0596915E+1	0.0000000E+0	0.0000000E+0	1.0000000E+2	0.0000000E+0
1.7740700E+2	5.9917916E+1	6.0592399E+1	0.0000000E+0	0.0000000E+0	1.0000000E+2	0.0000000E+0
1.7745700E+2	5.9878638E+1	6.0593044E+1	0.0000000E+0	0.0000000E+0	1.0000000E+2	0.0000000E+0
1.7750700E+2	5.9850086E+1	6.0601631E+1	0.0000000E+0	0.0000000E+0	1.0000000E+2	0.0000000E+0
1.7755700E+2	5.9870010E+1	6.0606260E+1	0.0000000E+0	0.0000000E+0	1.0000000E+2	0.0000000E+0
1.7760800E+2	5.9876086E+1	6.0613789E+1	0.0000000E+0	0.0000000E+0	1.0000000E+2	0.0000000E+0
1.7765800E+2	5.9877088E+1	6.0617357E+1	0.0000000E+0	0.0000000E+0	1.0000000E+2	0.0000000E+0
1.7770800E+2	5.9875578E+1	6.0621338E+1	0.0000000E+0	0.0000000E+0	1.0000000E+2	0.0000000E+0
1.7775800E+2	5.9870382E+1	6.0610929E+1	0.0000000E+0	0.0000000E+0	1.0000000E+2	0.0000000E+0
1.7780800E+2	5.9883725E+1	6.0613811E+1	0.0000000E+0	0.0000000E+0	1.0000000E+2	0.0000000E+0
1.7785800E+2	5.9866520E+1	6.0608779E+1	0.0000000E+0	0.0000000E+0	1.0000000E+2	0.0000000E+0
1.7790900E+2	5.9879551E+1	6.0614793E+1	0.0000000E+0	0.0000000E+0	1.0000000E+2	0.0000000E+0
1.7796000E+2	5.9872902E+1	6.0600983E+1	0.0000000E+0	0.0000000E+0	1.0000000E+2	0.0000000E+0
1.7801100E+2	5.9879308E+1	6.0615029E+1	0.0000000E+0	0.0000000E+0	1.0000000E+2	0.0000000E+0
1.7806100E+2	5.9871361E+1	6.0610826E+1	0.0000000E+0	0.0000000E+0	1.0000000E+2	0.0000000E+0
1.7811100E+2	5.9837017E+1	6.0593345E+1	0.0000000E+0	0.0000000E+0	1.0000000E+2	0.0000000E+0
1.7816100E+2	5.9808921E+1	6.0606800E+1	0.0000000E+0	0.0000000E+0	1.0000000E+2	0.0000000E+0
1.7821100E+2	5.9763841E+1	6.0603711E+1	0.0000000E+0	0.0000000E+0	1.0000000E+2	0.0000000E+0
1.7826100E+2	5.9758214E+1	6.0604362E+1	0.0000000E+0	0.0000000E+0	1.0000000E+2	0.0000000E+0
1.7831100E+2	5.9759912E+1	6.0609956E+1	0.0000000E+0	0.0000000E+0	1.0000000E+2	0.0000000E+0
1.7836100E+2	5.9767092E+1	6.0621244E+1	0.0000000E+0	0.0000000E+0	1.0000000E+2	0.0000000E+0
1.7841100E+2	5.9782133E+1	6.0629563E+1	0.0000000E+0	0.0000000E+0	1.0000000E+2	0.0000000E+0
1.7846100E+2	5.9782929E+1	6.0638605E+1	0.0000000E+0	0.0000000E+0	1.0000000E+2	0.0000000E+0
1.7851100E+2	5.9770213E+1	6.0631850E+1	0.0000000E+0	0.0000000E+0	1.0000000E+2	0.0000000E+0
1.7856100E+2	5.9782940E+1	6.0627879E+1	0.0000000E+0	0.0000000E+0	1.0000000E+2	0.0000000E+0
1.7861200E+2	5.9787302E+1	6.0625751E+1	0.0000000E+0	0.0000000E+0	1.0000000E+2	0.0000000E+0
1.7866300E+2	5.9770746E+1	6.0620764E+1	0.0000000E+0	0.0000000E+0	1.0000000E+2	0.0000000E+0
1.7871300E+2	5.9783447E+1	6.0649164E+1	0.0000000E+0	0.0000000E+0	1.0000000E+2	0.0000000E+0
1.7876500E+2	5.9737951E+1	6.0647413E+1	0.0000000E+0	0.0000000E+0	1.0000000E+2	0.0000000E+0
1.7881500E+2	5.9704441E+1	6.0651812E+1	0.0000000E+0	0.0000000E+0	1.0000000E+2	0.0000000E+0
1.7886500E+2	5.9705128E+1	6.0644275E+1	0.0000000E+0	0.0000000E+0	1.0000000E+2	0.0000000E+0
1.7891600E+2	5.9709894E+1	6.0635957E+1	0.0000000E+0	0.0000000E+0	1.0000000E+2	0.0000000E+0
1.7896600E+2	5.9713850E+1	6.0634178E+1	0.0000000E+0	0.0000000E+0	1.0000000E+2	0.0000000E+0
1.7901600E+2	5.9723635E+1	6.0646885E+1	0.0000000E+0	0.0000000E+0	1.0000000E+2	0.0000000E+0
1.7906600E+2	5.9725520E+1	6.0642111E+1	0.0000000E+0	0.0000000E+0	1.0000000E+2	0.0000000E+0
1.7911700E+2	5.9738088E+1	6.0648379E+1	0.0000000E+0	0.0000000E+0	1.0000000E+2	0.0000000E+0
1.7916800E+2	5.9744494E+1	6.0645571E+1	0.0000000E+0	0.0000000E+0	1.0000000E+2	0.0000000E+0
1.7921900E+2	5.9729462E+1	6.0635150E+1	0.0000000E+0	0.0000000E+0	1.0000000E+2	0.0000000E+0
1.7926900E+2	5.9724890E+1	6.0630399E+1	0.0000000E+0	0.0000000E+0	1.0000000E+2	0.0000000E+0
1.7931900E+2	5.9738918E+1	6.0639209E+1	0.0000000E+0	0.0000000E+0	1.0000000E+2	0.0000000E+0
1.7936900E+2	5.9725754E+1	6.0633465E+1	0.0000000E+0	0.0000000E+0	1.0000000E+2	0.0000000E+0
1.7941900E+2	5.9701675E+1	6.0651517E+1	0.0000000E+0	0.0000000E+0	1.0000000E+2	0.0000000E+0
1.7946900E+2	5.9674760E+1	6.0634436E+1	0.0000000E+0	0.0000000E+0	1.0000000E+2	0.0000000E+0
1.7952000E+2	5.9679820E+1	6.0628801E+1	0.0000000E+0	0.0000000E+0	1.0000000E+2	0.0000000E+0
1.7957100E+2	5.9674815E+1	6.0614701E+1	0.0000000E+0	0.0000000E+0	1.0000000E+2	0.0000000E+0
1.7962100E+2	5.9668956E+1	6.0613490E+1	0.0000000E+0	0.0000000E+0	1.0000000E+2	0.0000000E+0
1.7967100E+2	5.9680001E+1	6.0618406E+1	0.0000000E+0	0.0000000E+0	1.0000000E+2	0.0000000E+0
1.7972100E+2	5.9675728E+1	6.0619675E+1	0.0000000E+0	0.0000000E+0	1.0000000E+2	0.0000000E+0
1.7977100E+2	5.9664945E+1	6.0634488E+1	0.0000000E+0	0.0000000E+0	1.0000000E+2	0.0000000E+0
1.7982100E+2	5.9646228E+1	6.0617828E+1	0.0000000E+0	0.0000000E+0	1.0000000E+2	0.0000000E+0
1.7987100E+2	5.9653813E+1	6.0639806E+1	0.0000000E+0	0.0000000E+0	1.0000000E+2	0.0000000E+0
1.7992100E+2	5.9677382E+1	6.0638257E+1	0.0000000E+0	0.0000000E+0	1.0000000E+2	0.0000000E+0
1.7997100E+2	5.9691626E+1	6.0634130E+1	0.0000000E+0	0.0000000E+0	1.0000000E+2	0.0000000E+0
1.8002200E+2	5.9698565E+1	6.0638618E+1	0.0000000E+0	0.0000000E+0	1.0000000E+2	0.0000000E+0
1.8007300E+2	5.9657270E+1	6.0634427E+1	0.0000000E+0	0.0000000E+0	1.0000000E+2	0.0000000E+0
1.8012300E+2	5.9611123E+1	6.0624124E+1	0.0000000E+0	0.0000000E+0	1.0000000E+2	0.0000000E+0
1.8017300E+2	5.9622046E+1	6.0638875E+1	0.0000000E+0	0.0000000E+0	1.0000000E+2	0.0000000E+0
1.8022300E+2	5.9619465E+1	6.0632146E+1	0.0000000E+0	0.0000000E+0	1.0000000E+2	0.0000000E+0
1.8027300E+2	5.9592864E+1	6.0618622E+1	0.0000000E+0	0.0000000E+0	1.0000000E+2	0.0000000E+0
1.8032300E+2	5.9602793E+1	6.0629308E+1	0.0000000E+0	0.0000000E+0	1.0000000E+2	0.0000000E+0
1.8037300E+2	5.9587296E+1	6.0607446E+1	0.0000000E+0	0.0000000E+0	1.0000000E+2	0.0000000E+0
1.8042300E+2	5.9578058E+1	6.0613560E+1	0.0000000E+0	0.0000000E+0	1.0000000E+2	0.0000000E+0
1.8047300E+2	5.9589697E+1	6.0617792E+1	0.0000000E+0	0.0000000E+0	1.0000000E+2	0.0000000E+0
1.8052500E+2	5.9587867E+1	6.0628015E+1	0.0000000E+0	0.0000000E+0	1.0000000E+2	0.0000000E+0
1.8057500E+2	5.9599360E+1	6.0645546E+1	0.0000000E+0	0.0000000E+0	1.0000000E+2	0.0000000E+0
1.8062500E+2	5.9558895E+1	6.0626206E+1	0.0000000E+0	0.0000000E+0	1.0000000E+2	0.0000000E+0
1.8067500E+2	5.9566223E+1	6.0630929E+1	0.0000000E+0	0.0000000E+0	1.0000000E+2	0.0000000E+0
1.8072600E+2	5.9534296E+1	6.0623039E+1	0.0000000E+0	0.0000000E+0	1.0000000E+2	0.0000000E+0
1.8077600E+2	5.9519364E+1	6.0637281E+1	0.0000000E+0	0.0000000E+0	1.0000000E+2	0.0000000E+0
1.8082600E+2	5.9497946E+1	6.0622848E+1	0.0000000E+0	0.0000000E+0	1.0000000E+2	0.0000000E+0
1.8087700E+2	5.9483964E+1	6.0613407E+1	0.0000000E+0	0.0000000E+0	1.0000000E+2	0.0000000E+0
1.8092700E+2	5.9479146E+1	6.0632954E+1	0.0000000E+0	0.0000000E+0	1.0000000E+2	0.0000000E+0
1.8097700E+2	5.9465096E+1	6.0614846E+1	0.0000000E+0	0.0000000E+0	1.0000000E+2	0.0000000E+0
1.8102700E+2	5.9447871E+1	6.0588069E+1	0.0000000E+0	0.0000000E+0	1.0000000E+2	0.0000000E+0
1.8107700E+2	5.9431503E+1	6.0577014E+1	0.0000000E+0	0.0000000E+0	1.0000000E+2	0.0000000E+0
1.8112700E+2	5.9446230E+1	6.0587037E+1	0.0000000E+0	0.0000000E+0	1.0000000E+2	0.0000000E+0
1.8117700E+2	5.9459461E+1	6.0604587E+1	0.0000000E+0	0.0000000E+0	1.0000000E+2	0.0000000E+0
1.8122800E+2	5.9450663E+1	6.0602718E+1	0.0000000E+0	0.0000000E+0	1.0000000E+2	0.0000000E+0
1.8127900E+2	5.9448764E+1	6.0613123E+1	0.0000000E+0	0.0000000E+0	1.0000000E+2	0.0000000E+0
1.8132900E+2	5.9438346E+1	6.0606370E+1	0.0000000E+0	0.0000000E+0	1.0000000E+2	0.0000000E+0
1.8137900E+2	5.9378013E+1	6.0606578E+1	0.0000000E+0	0.0000000E+0	1.0000000E+2	0.0000000E+0
1.8142900E+2	5.9357460E+1	6.0588832E+1	0.0000000E+0	0.0000000E+0	1.0000000E+2	0.0000000E+0
1.8147900E+2	5.9359326E+1	6.0592607E+1	0.0000000E+0	0.0000000E+0	1.0000000E+2	0.0000000E+0
1.8153000E+2	5.9377447E+1	6.0594808E+1	0.0000000E+0	0.0000000E+0	1.0000000E+2	0.0000000E+0
1.8158000E+2	5.9392422E+1	6.0606128E+1	0.0000000E+0	0.0000000E+0	1.0000000E+2	0.0000000E+0
1.8163000E+2	5.9388103E+1	6.0593064E+1	0.0000000E+0	0.0000000E+0	1.0000000E+2	0.0000000E+0
1.8168000E+2	5.9399875E+1	6.0587421E+1	0.0000000E+0	0.0000000E+0	1.0000000E+2	0.0000000E+0
1.8173000E+2	5.9412452E+1	6.0603022E+1	0.0000000E+0	0.0000000E+0	1.0000000E+2	0.0000000E+0
1.8178000E+2	5.9397713E+1	6.0595154E+1	0.0000000E+0	0.0000000E+0	1.0000000E+2	0.0000000E+0
1.8183000E+2	5.9388211E+1	6.0595081E+1	0.0000000E+0	0.0000000E+0	1.0000000E+2	0.0000000E+0
1.8188000E+2	5.9378342E+1	6.0579149E+1	0.0000000E+0	0.0000000E+0	1.0000000E+2	0.0000000E+0
1.8193000E+2	5.9396155E+1	6.0579059E+1	0.0000000E+0	0.0000000E+0	1.0000000E+2	0.0000000E+0
1.8198000E+2	5.9391433E+1	6.0592954E+1	0.0000000E+0	0.0000000E+0	1.0000000E+2	0.0000000E+0
1.8203000E+2	5.9380223E+1	6.0601453E+1	0.0000000E+0	0.0000000E+0	1.0000000E+2	0.0000000E+0
1.8208000E+2	5.9354387E+1	6.0598286E+1	0.0000000E+0	0.0000000E+0	1.0000000E+2	0.0000000E+0
1.8213000E+2	5.9342749E+1	6.0596099E+1	0.0000000E+0	0.0000000E+0	1.0000000E+2	0.0000000E+0
1.8218000E+2	5.9375882E+1	6.0603940E+1	0.0000000E+0	0.0000000E+0	1.0000000E+2	0.0000000E+0
1.8223100E+2	5.9393478E+1	6.0606776E+1	0.0000000E+0	0.0000000E+0	1.0000000E+2	0.0000000E+0
1.8228200E+2	5.9422250E+1	6.0617310E+1	0.0000000E+0	0.0000000E+0	1.0000000E+2	0.0000000E+0
1.8233200E+2	5.9442512E+1	6.0623856E+1	0.0000000E+0	0.0000000E+0	1.0000000E+2	0.0000000E+0
1.8238200E+2	5.9472384E+1	6.0643897E+1	0.0000000E+0	0.0000000E+0	1.0000000E+2	0.0000000E+0
1.8243200E+2	5.9466455E+1	6.0627280E+1	0.0000000E+0	0.0000000E+0	1.0000000E+2	0.0000000E+0
1.8248200E+2	5.9479481E+1	6.0636733E+1	0.0000000E+0	0.0000000E+0	1.0000000E+2	0.0000000E+0
1.8253200E+2	5.9465848E+1	6.0621649E+1	0.0000000E+0	0.0000000E+0	1.0000000E+2	0.0000000E+0
1.8258200E+2	5.9471148E+1	6.0631866E+1	0.0000000E+0	0.0000000E+0	1.0000000E+2	0.0000000E+0
1.8263300E+2	5.9476717E+1	6.0632087E+1	0.0000000E+0	0.0000000E+0	1.0000000E+2	0.0000000E+0
1.8268400E+2	5.9496784E+1	6.0628440E+1	0.0000000E+0	0.0000000E+0	1.0000000E+2	0.0000000E+0
1.8273400E+2	5.9514477E+1	6.0644927E+1	0.0000000E+0	0.0000000E+0	1.0000000E+2	0.0000000E+0
1.8278400E+2	5.9474630E+1	6.0643901E+1	0.0000000E+0	0.0000000E+0	1.0000000E+2	0.0000000E+0
1.8283400E+2	5.9450140E+1	6.0638377E+1	0.0000000E+0	0.0000000E+0	1.0000000E+2	0.0000000E+0
1.8288400E+2	5.9465637E+1	6.0630970E+1	0.0000000E+0	0.0000000E+0	1.0000000E+2	0.0000000E+0
1.8293400E+2	5.9483768E+1	6.0631686E+1	0.0000000E+0	0.0000000E+0	1.0000000E+2	0.0000000E+0
1.8298400E+2	5.9485155E+1	6.0635339E+1	0.0000000E+0	0.0000000E+0	1.0000000E+2	0.0000000E+0
1.8303400E+2	5.9495420E+1	6.0640279E+1	0.0000000E+0	0.0000000E+0	1.0000000E+2	0.0000000E+0
1.8308400E+2	5.9492894E+1	6.0640283E+1	0.0000000E+0	0.0000000E+0	1.0000000E+2	0.0000000E+0
1.8313400E+2	5.9504699E+1	6.0642562E+1	0.0000000E+0	0.0000000E+0	1.0000000E+2	0.0000000E+0
1.8318400E+2	5.9503222E+1	6.0620927E+1	0.0000000E+0	0.0000000E+0	1.0000000E+2	0.0000000E+0
1.8323400E+2	5.9542011E+1	6.0644345E+1	0.0000000E+0	0.0000000E+0	1.0000000E+2	0.0000000E+0
1.8328400E+2	5.9526982E+1	6.0637001E+1	0.0000000E+0	0.0000000E+0	1.0000000E+2	0.0000000E+0
1.8333400E+2	5.9537374E+1	6.0630622E+1	0.0000000E+0	0.0000000E+0	1.0000000E+2	0.0000000E+0
1.8338400E+2	5.9555738E+1	6.0646248E+1	0.0000000E+0	0.0000000E+0	1.0000000E+2	0.0000000E+0
1.8343400E+2	5.9544852E+1	6.0639946E+1	0.0000000E+0	0.0000000E+0	1.0000000E+2	0.0000000E+0
1.8348400E+2	5.9533031E+1	6.0634660E+1	0.0000000E+0	0.0000000E+0	1.0000000E+2	0.0000000E+0
1.8353400E+2	5.9550180E+1	6.0632409E+1	0.0000000E+0	0.0000000E+0	1.0000000E+2	0.0000000E+0
1.8358400E+2	5.9549685E+1	6.0642940E+1	0.0000000E+0	0.0000000E+0	1.0000000E+2	0.0000000E+0
1.8363400E+2	5.9525330E+1	6.0647743E+1	0.0000000E+0	0.0000000E+0	1.0000000E+2	0.0000000E+0
1.8368400E+2	5.9507572E+1	6.0654862E+1	0.0000000E+0	0.0000000E+0	1.0000000E+2	0.0000000E+0
1.8373400E+2	5.9525185E+1	6.0659276E+1	0.0000000E+0	0.0000000E+0	1.0000000E+2	0.0000000E+0
1.8378400E+2	5.9508657E+1	6.0642670E+1	0.0000000E+0	0.0000000E+0	1.0000000E+2	0.0000000E+0
1.8383400E+2	5.9514004E+1	6.0639672E+1	0.0000000E+0	0.0000000E+0	1.0000000E+2	0.0000000E+0
1.8388500E+2	5.9506495E+1	6.0643929E+1	0.0000000E+0	0.0000000E+0	1.0000000E+2	0.0000000E+0
1.8393600E+2	5.9489357E+1	6.0628368E+1	0.0000000E+0	0.0000000E+0	1.0000000E+2	0.0000000E+0
1.8398700E+2	5.9473384E+1	6.0604572E+1	0.0000000E+0	0.0000000E+0	1.0000000E+2	0.0000000E+0
1.8403800E+2	5.9491370E+1	6.0597499E+1	0.0000000E+0	0.0000000E+0	1.0000000E+2	0.0000000E+0
1.8408800E+2	5.9503454E+1	6.0606549E+1	0.0000000E+0	0.0000000E+0	1.0000000E+2	0.0000000E+0
1.8413900E+2	5.9514542E+1	6.0609248E+1	0.0000000E+0	0.0000000E+0	1.0000000E+2	0.0000000E+0
1.8418900E+2	5.9528116E+1	6.0629712E+1	0.0000000E+0	0.0000000E+0	1.0000000E+2	0.0000000E+0
1.8423900E+2	5.9528685E+1	6.0627082E+1	0.0000000E+0	0.0000000E+0	1.0000000E+2	0.0000000E+0
1.8428900E+2	5.9537696E+1	6.0630841E+1	0.0000000E+0	0.0000000E+0	1.0000000E+2	0.0000000E+0
1.8433900E+2	5.9534308E+1	6.0627145E+1	0.0000000E+0	0.0000000E+0	1.0000000E+2	0.0000000E+0
1.8439000E+2	5.9477571E+1	6.0616985E+1	0.0000000E+0	0.0000000E+0	1.0000000E+2	0.0000000E+0
1.8444100E+2	5.9453781E+1	6.0618185E+1	0.0000000E+0	0.0000000E+0	1.0000000E+2	0.0000000E+0
1.8449200E+2	5.9468492E+1	6.0626817E+1	0.0000000E+0	0.0000000E+0	1.0000000E+2	0.0000000E+0
1.8454200E+2	5.9497412E+1	6.0636221E+1	0.0000000E+0	0.0000000E+0	1.0000000E+2	0.0000000E+0
1.8459200E+2	5.9497769E+1	6.0642647E+1	0.0000000E+0	0.0000000E+0	1.0000000E+2	0.0000000E+0
1.8464200E+2	5.9489370E+1	6.0630865E+1	0.0000000E+0	0.0000000E+0	1.0000000E+2	0.0000000E+0
1.8469300E+2	5.9503111E+1	6.0625704E+1	0.0000000E+0	0.0000000E+0	1.0000000E+2	0.0000000E+0
1.8474400E+2	5.9516404E+1	6.0635032E+1	0.0000000E+0	0.0000000E+0	1.0000000E+2	0.0000000E+0
1.8479400E+2	5.9497323E+1	6.0624533E+1	0.0000000E+0	0.0000000E+0	1.0000000E+2	0.0000000E+0
1.8484400E+2	5.9488319E+1	6.0619424E+1	0.0000000E+0	0.0000000E+0	1.0000000E+2	0.0000000E+0
1.8489500E+2	5.9494241E+1	6.0630881E+1	0.0000000E+0	0.0000000E+0	1.0000000E+2	0.0000000E+0
1.8494500E+2	5.9512334E+1	6.0638561E+1	0.0000000E+0	0.0000000E+0	1.0000000E+2	0.0000000E+0
1.8499500E+2	5.9521237E+1	6.0632764E+1	0.0000000E+0	0.0000000E+0	1.0000000E+2	0.0000000E+0
1.8504500E+2	5.9515690E+1	6.0637512E+1	0.0000000E+0	0.0000000E+0	1.0000000E+2	0.0000000E+0
1.8509500E+2	5.9484909E+1	6.0638888E+1	0.0000000E+0	0.0000000E+0	1.0000000E+2	0.0000000E+0
1.8514600E+2	5.9483049E+1	6.0643049E+1	0.0000000E+0	0.0000000E+0	1.0000000E+2	0.0000000E+0
1.8519600E+2	5.9505520E+1	6.0648714E+1	0.0000000E+0	0.0000000E+0	1.0000000E+2	0.0000000E+0
1.8524600E+2	5.9508658E+1	6.0640320E+1	0.0000000E+0	0.0000000E+0	1.0000000E+2	0.0000000E+0
1.8529700E+2	5.9532239E+1	6.0664815E+1	0.0000000E+0	0.0000000E+0	1.0000000E+2	0.0000000E+0
1.8534700E+2	5.9521319E+1	6.0654303E+1	0.0000000E+0	0.0000000E+0	1.0000000E+2	0.0000000E+0
1.8539800E+2	5.9519225E+1	6.0643981E+1	0.0000000E+0	0.0000000E+0	1.0000000E+2	0.0000000E+0
1.8544900E+2	5.9524686E+1	6.0649759E+1	0.0000000E+0	0.0000000E+0	1.0000000E+2	0.0000000E+0
1.8550000E+2	5.9520441E+1	6.0646561E+1	0.0000000E+0	0.0000000E+0	1.0000000E+2	0.0000000E+0
1.8555100E+2	5.9515888E+1	6.0648700E+1	0.0000000E+0	0.0000000E+0	1.0000000E+2	0.0000000E+0
1.8560100E+2	5.9532015E+1	6.0664424E+1	0.0000000E+0	0.0000000E+0	1.0000000E+2	0.0000000E+0
1.8565100E+2	5.9517802E+1	6.0660926E+1	0.0000000E+0	0.0000000E+0	1.0000000E+2	0.0000000E+0
1.8570100E+2	5.9524286E+1	6.0656253E+1	0.0000000E+0	0.0000000E+0	1.0000000E+2	0.0000000E+0
1.8575100E+2	5.9529278E+1	6.0655905E+1	0.0000000E+0	0.0000000E+0	1.0000000E+2	0.0000000E+0
1.8580100E+2	5.9525421E+1	6.0643181E+1	0.0000000E+0	0.0000000E+0	1.0000000E+2	0.0000000E+0
1.8585100E+2	5.9512293E+1	6.0636864E+1	0.0000000E+0	0.0000000E+0	1.0000000E+2	0.0000000E+0
1.8590100E+2	5.9462925E+1	6.0629179E+1	0.0000000E+0	0.0000000E+0	1.0000000E+2	0.0000000E+0
1.8595100E+2	5.9437918E+1	6.0615588E+1	0.0000000E+0	0.0000000E+0	1.0000000E+2	0.0000000E+0
1.8600100E+2	5.9462273E+1	6.0620682E+1	0.0000000E+0	0.0000000E+0	1.0000000E+2	0.0000000E+0
1.8605100E+2	5.9491540E+1	6.0627939E+1	0.0000000E+0	0.0000000E+0	1.0000000E+2	0.0000000E+0
1.8610100E+2	5.9507772E+1	6.0643395E+1	0.0000000E+0	0.0000000E+0	1.0000000E+2	0.0000000E+0
1.8615100E+2	5.9513178E+1	6.0640378E+1	0.0000000E+0	0.0000000E+0	1.0000000E+2	0.0000000E+0
1.8620100E+2	5.9516266E+1	6.0633253E+1	0.0000000E+0	0.0000000E+0	1.0000000E+2	0.0000000E+0
1.8625100E+2	5.9541483E+1	6.0670124E+1	0.0000000E+0	0.0000000E+0	1.0000000E+2	0.0000000E+0
1.8630100E+2	5.9547741E+1	6.0655900E+1	0.0000000E+0	0.0000000E+0	1.0000000E+2	0.0000000E+0
1.8635200E+2	5.9543846E+1	6.0654359E+1	0.0000000E+0	0.0000000E+0	1.0000000E+2	0.0000000E+0
1.8640200E+2	5.9545244E+1	6.0653230E+1	0.0000000E+0	0.0000000E+0	1.0000000E+2	0.0000000E+0
1.8645200E+2	5.9558609E+1	6.0659668E+1	0.0000000E+0	0.0000000E+0	1.0000000E+2	0.0000000E+0
1.8650200E+2	5.9557743E+1	6.0671552E+1	0.0000000E+0	0.0000000E+0	1.0000000E+2	0.0000000E+0
1.8655200E+2	5.9573063E+1	6.0672787E+1	0.0000000E+0	0.0000000E+0	1.0000000E+2	0.0000000E+0
1.8660200E+2	5.9573674E+1	6.0674972E+1	0.0000000E+0	0.0000000E+0	1.0000000E+2	0.0000000E+0
1.8665300E+2	5.9566580E+1	6.0678262E+1	0.0000000E+0	0.0000000E+0	1.0000000E+2	0.0000000E+0
1.8670300E+2	5.9520793E+1	6.0693262E+1	0.0000000E+0	0.0000000E+0	1.0000000E+2	0.0000000E+0
1.8675300E+2	5.9486563E+1	6.0676857E+1	0.0000000E+0	0.0000000E+0	1.0000000E+2	0.0000000E+0
1.8680300E+2	5.9488021E+1	6.0695862E+1	0.0000000E+0	0.0000000E+0	1.0000000E+2	0.0000000E+0
1.8685300E+2	5.9485747E+1	6.0690810E+1	0.0000000E+0	0.0000000E+0	1.0000000E+2	0.0000000E+0
1.8690300E+2	5.9456074E+1	6.0681767E+1	0.0000000E+0	0.0000000E+0	1.0000000E+2	0.0000000E+0
1.8695300E+2	5.9456674E+1	6.0698535E+1	0.0000000E+0	0.0000000E+0	1.0000000E+2	0.0000000E+0
1.8700300E+2	5.9457698E+1	6.0693522E+1	0.0000000E+0	0.0000000E+0	1.0000000E+2	0.0000000E+0
1.8705300E+2	5.9474023E+1	6.0695330E+1	0.0000000E+0	0.0000000E+0	1.0000000E+2	0.0000000E+0
1.8710300E+2	5.9469713E+1	6.0700025E+1	0.0000000E+0	0.0000000E+0	1.0000000E+2	0.0000000E+0
1.8715400E+2	5.9463795E+1	6.0702539E+1	0.0000000E+0	0.0000000E+0	1.0000000E+2	0.0000000E+0
1.8720400E+2	5.9467717E+1	6.0706487E+1	0.0000000E+0	0.0000000E+0	1.0000000E+2	0.0000000E+0
1.8725400E+2	5.9451700E+1	6.0706695E+1	0.0000000E+0	0.0000000E+0	1.0000000E+2	0.0000000E+0
1.8730400E+2	5.9429123E+1	6.0689175E+1	0.0000000E+0	0.0000000E+0	1.0000000E+2	0.0000000E+0
1.8735400E+2	5.9404913E+1	6.0681074E+1	0.0000000E+0	0.0000000E+0	1.0000000E+2	0.0000000E+0
1.8740400E+2	5.9342667E+1	6.0676223E+1	0.0000000E+0	0.0000000E+0	1.0000000E+2	0.0000000E+0
1.8745400E+2	5.9330492E+1	6.0688036E+1	0.0000000E+0	0.0000000E+0	1.0000000E+2	0.0000000E+0
1.8750400E+2	5.9333257E+1	6.0685575E+1	0.0000000E+0	0.0000000E+0	1.0000000E+2	0.0000000E+0
1.8755400E+2	5.9346782E+1	6.0683993E+1	0.0000000E+0	0.0000000E+0	1.0000000E+2	0.0000000E+0
1.8760400E+2	5.9343687E+1	6.0695801E+1	0.0000000E+0	0.0000000E+0	1.0000000E+2	0.0000000E+0
1.8765400E+2	5.9338128E+1	6.0693814E+1	0.0000000E+0	0.0000000E+0	1.0000000E+2	0.0000000E+0
1.8770400E+2	5.9352997E+1	6.0702726E+1	0.0000000E+0	0.0000000E+0	1.0000000E+2	0.0000000E+0
1.8775400E+2	5.9350369E+1	6.0703867E+1	0.0000000E+0	0.0000000E+0	1.0000000E+2	0.0000000E+0
1.8780400E+2	5.9330590E+1	6.0686239E+1	0.0000000E+0	0.0000000E+0	1.0000000E+2	0.0000000E+0
1.8785400E+2	5.9305301E+1	6.0689225E+1	0.0000000E+0	0.0000000E+0	1.0000000E+2	0.0000000E+0
1.8790400E+2	5.9291797E+1	6.0699807E+1	0.0000000E+0	0.0000000E+0	1.0000000E+2	0.0000000E+0
1.8795400E+2	5.9263709E+1	6.0695349E+1	0.0000000E+0	0.0000000E+0	1.0000000E+2	0.0000000E+0
1.8800400E+2	5.9239438E+1	6.0692217E+1	0.0000000E+0	0.0000000E+0	1.0000000E+2	0.0000000E+0
1.8805400E+2	5.9235142E+1	6.0698021E+1	0.0000000E+0	0.0000000E+0	1.0000000E+2	0.0000000E+0
1.8810400E+2	5.9201673E+1	6.0681176E+1	0.0000000E+0	0.0000000E+0	1.0000000E+2	0.0000000E+0
1.8815400E+2	5.9209001E+1	6.0696215E+1	0.0000000E+0	0.0000000E+0	1.0000000E+2	0.0000000E+0
1.8820400E+2	5.9213544E+1	6.0687738E+1	0.0000000E+0	0.0000000E+0	1.0000000E+2	0.0000000E+0
1.8825400E+2	5.9188164E+1	6.0695130E+1	0.0000000E+0	0.0000000E+0	1.0000000E+2	0.0000000E+0
1.8830500E+2	5.9140835E+1	6.0690315E+1	0.0000000E+0	0.0000000E+0	1.0000000E+2	0.0000000E+0
1.8835500E+2	5.9136947E+1	6.0690232E+1	0.0000000E+0	0.0000000E+0	1.0000000E+2	0.0000000E+0
1.8840500E+2	5.9138702E+1	6.0676111E+1	0.0000000E+0	0.0000000E+0	1.0000000E+2	0.0000000E+0
1.8845500E+2	5.9152991E+1	6.0696548E+1	0.0000000E+0	0.0000000E+0	1.0000000E+2	0.0000000E+0
1.8850500E+2	5.9148225E+1	6.0689344E+1	0.0000000E+0	0.0000000E+0	1.0000000E+2	0.0000000E+0
1.8855500E+2	5.9150357E+1	6.0690805E+1	0.0000000E+0	0.0000000E+0	1.0000000E+2	0.0000000E+0
1.8860500E+2	5.9177137E+1	6.0695922E+1	0.0000000E+0	0.0000000E+0	1.0000000E+2	0.0000000E+0
1.8865600E+2	5.9179683E+1	6.0677588E+1	0.0000000E+0	0.0000000E+0	1.0000000E+2	0.0000000E+0
1.8870600E+2	5.9185845E+1	6.0674801E+1	0.0000000E+0	0.0000000E+0	1.0000000E+2	0.0000000E+0
1.8875600E+2	5.9196121E+1	6.0671895E+1	0.0000000E+0	0.0000000E+0	1.0000000E+2	0.0000000E+0
1.8880600E+2	5.9225850E+1	6.0694742E+1	0.0000000E+0	0.0000000E+0	1.0000000E+2	0.0000000E+0
1.8885700E+2	5.9227986E+1	6.0675096E+1	0.0000000E+0	0.0000000E+0	1.0000000E+2	0.0000000E+0
1.8890700E+2	5.9255109E+1	6.0677790E+1	0.0000000E+0	0.0000000E+0	1.0000000E+2	0.0000000E+0
1.8895800E+2	5.9272129E+1	6.0686954E+1	0.0000000E+0	0.0000000E+0	1.0000000E+2	0.0000000E+0
1.8900800E+2	5.9299873E+1	6.0692922E+1	0.0000000E+0	0.0000000E+0	1.0000000E+2	0.0000000E+0
1.8905900E+2	5.9273813E+1	6.0684938E+1	0.0000000E+0	0.0000000E+0	1.0000000E+2	0.0000000E+0
1.8910900E+2	5.9274518E+1	6.0684075E+1	0.0000000E+0	0.0000000E+0	1.0000000E+2	0.0000000E+0
1.8915900E+2	5.9309837E+1	6.0694398E+1	0.0000000E+0	0.0000000E+0	1.0000000E+2	0.0000000E+0
1.8921000E+2	5.9346231E+1	6.0692914E+1	0.0000000E+0	0.0000000E+0	1.0000000E+2	0.0000000E+0
1.8926000E+2	5.9351414E+1	6.0683610E+1	0.0000000E+0	0.0000000E+0	1.0000000E+2	0.0000000E+0
1.8931000E+2	5.9384332E+1	6.0692352E+1	0.0000000E+0	0.0000000E+0	1.0000000E+2	0.0000000E+0
1.8936000E+2	5.9431029E+1	6.0687781E+1	0.0000000E+0	0.0000000E+0	1.0000000E+2	0.0000000E+0
1.8941000E+2	5.9465703E+1	6.0701512E+1	0.0000000E+0	0.0000000E+0	1.0000000E+2	0.0000000E+0
1.8946100E+2	5.9474103E+1	6.0678853E+1	0.0000000E+0	0.0000000E+0	1.0000000E+2	0.0000000E+0
1.8951200E+2	5.9501834E+1	6.0675429E+1	0.0000000E+0	0.0000000E+0	1.0000000E+2	0.0000000E+0
1.8956200E+2	5.9509196E+1	6.0685737E+1	0.0000000E+0	0.0000000E+0	1.0000000E+2	0.0000000E+0
1.8961200E+2	5.9521929E+1	6.0685429E+1	0.0000000E+0	0.0000000E+0	1.0000000E+2	0.0000000E+0
1.8966200E+2	5.9549872E+1	6.0683715E+1	0.0000000E+0	0.0000000E+0	1.0000000E+2	0.0000000E+0
1.8971200E+2	5.9567325E+1	6.0688236E+1	0.0000000E+0	0.0000000E+0	1.0000000E+2	0.0000000E+0
1.8976200E+2	5.9604425E+1	6.0684012E+1	0.0000000E+0	0.0000000E+0	1.0000000E+2	0.0000000E+0
1.8981200E+2	5.9585671E+1	6.0700789E+1	0.0000000E+0	0.0000000E+0	1.0000000E+2	0.0000000E+0
1.8986200E+2	5.9583989E+1	6.0699852E+1	0.0000000E+0	0.0000000E+0	1.0000000E+2	0.0000000E+0
1.8991200E+2	5.9592935E+1	6.0694388E+1	0.0000000E+0	0.0000000E+0	1.0000000E+2	0.0000000E+0
1.8996200E+2	5.9613394E+1	6.0686343E+1	0.0000000E+0	0.0000000E+0	1.0000000E+2	0.0000000E+0
1.9001200E+2	5.9632081E+1	6.0702447E+1	0.0000000E+0	0.0000000E+0	1.0000000E+2	0.0000000E+0
1.9006200E+2	5.9649047E+1	6.0698905E+1	0.0000000E+0	0.0000000E+0	1.0000000E+2	0.0000000E+0
1.9011200E+2	5.9664770E+1	6.0702786E+1	0.0000000E+0	0.0000000E+0	1.0000000E+2	0.0000000E+0
1.9016200E+2	5.9698947E+1	6.0711220E+1	0.0000000E+0	0.0000000E+0	1.0000000E+2	0.0000000E+0
1.9021300E+2	5.9711019E+1	6.0715134E+1	0.0000000E+0	0.0000000E+0	1.0000000E+2	0.0000000E+0
1.9026300E+2	5.9716550E+1	6.0708016E+1	0.0000000E+0	0.0000000E+0	1.0000000E+2	0.0000000E+0
1.9031300E+2	5.9737117E+1	6.0708151E+1	0.0000000E+0	0.0000000E+0	1.0000000E+2	0.0000000E+0
1.9036400E+2	5.9735774E+1	6.0694583E+1	0.0000000E+0	0.0000000E+0	1.0000000E+2	0.0000000E+0
1.9041400E+2	5.9753472E+1	6.0692604E+1	0.0000000E+0	0.0000000E+0	1.0000000E+2	0.0000000E+0
1.9046400E+2	5.9760778E+1	6.0702752E+1	0.0000000E+0	0.0000000E+0	1.0000000E+2	0.0000000E+0
1.9051400E+2	5.9731964E+1	6.0710035E+1	0.0000000E+0	0.0000000E+0	1.0000000E+2	0.0000000E+0
1.9056400E+2	5.9706231E+1	6.0697698E+1	0.0000000E+0	0.0000000E+0	1.0000000E+2	0.0000000E+0
1.9061400E+2	5.9712316E+1	6.0690706E+1	0.0000000E+0	0.0000000E+0	1.0000000E+2	0.0000000E+0
1.9066400E+2	5.9728962E+1	6.0700400E+1	0.0000000E+0	0.0000000E+0	1.0000000E+2	0.0000000E+0
1.9071400E+2	5.9718530E+1	6.0696649E+1	0.0000000E+0	0.0000000E+0	1.0000000E+2	0.0000000E+0
1.9076400E+2	5.9730990E+1	6.0704700E+1	0.0000000E+0	0.0000000E+0	1.0000000E+2	0.0000000E+0
1.9081400E+2	5.9744523E+1	6.0711002E+1	0.0000000E+0	0.0000000E+0	1.0000000E+2	0.0000000E+0
1.9086400E+2	5.9749972E+1	6.0713595E+1	0.0000000E+0	0.0000000E+0	1.0000000E+2	0.0000000E+0
1.9091400E+2	5.9755445E+1	6.0707686E+1	0.0000000E+0	0.0000000E+0	1.0000000E+2	0.0000000E+0
1.9096400E+2	5.9774673E+1	6.0723334E+1	0.0000000E+0	0.0000000E+0	1.0000000E+2	0.0000000E+0
1.9101400E+2	5.9788580E+1	6.0730244E+1	0.0000000E+0	0.0000000E+0	1.0000000E+2	0.0000000E+0
1.9106400E+2	5.9786557E+1	6.0720433E+1	0.0000000E+0	0.0000000E+0	1.0000000E+2	0.0000000E+0
1.9111400E+2	5.9804876E+1	6.0712849E+1	0.0000000E+0	0.0000000E+0	1.0000000E+2	0.0000000E+0
1.9116400E+2	5.9815696E+1	6.0715819E+1	0.0000000E+0	0.0000000E+0	1.0000000E+2	0.0000000E+0
1.9121400E+2	5.9805409E+1	6.0717436E+1	0.0000000E+0	0.0000000E+0	1.0000000E+2	0.0000000E+0
1.9126400E+2	5.9794215E+1	6.0719873E+1	0.0000000E+0	0.0000000E+0	1.0000000E+2	0.0000000E+0
1.9131400E+2	5.9818881E+1	6.0717750E+1	0.0000000E+0	0.0000000E+0	1.0000000E+2	0.0000000E+0
1.9136400E+2	5.9838351E+1	6.0723053E+1	0.0000000E+0	0.0000000E+0	1.0000000E+2	0.0000000E+0
1.9141400E+2	5.9875155E+1	6.0726190E+1	0.0000000E+0	0.0000000E+0	1.0000000E+2	0.0000000E+0
1.9146400E+2	5.9912934E+1	6.0738645E+1	0.0000000E+0	0.0000000E+0	1.0000000E+2	0.0000000E+0
1.9151400E+2	5.9942639E+1	6.0724643E+1	0.0000000E+0	0.0000000E+0	1.0000000E+2	0.0000000E+0
1.9156400E+2	5.9957429E+1	6.0726253E+1	0.0000000E+0	0.0000000E+0	1.0000000E+2	0.0000000E+0
1.9161400E+2	5.9991554E+1	6.0726161E+1	0.0000000E+0	0.0000000E+0	1.0000000E+2	0.0000000E+0
1.9166500E+2	6.0020552E+1	6.0723375E+1	0.0000000E+0	0.0000000E+0	1.0000000E+2	0.0000000E+0
1.9171600E+2	6.0052014E+1	6.0742726E+1	0.0000000E+0	0.0000000E+0	1.0000000E+2	0.0000000E+0
1.9176600E+2	6.0084092E+1	6.0744634E+1	0.0000000E+0	0.0000000E+0	1.0000000E+2	0.0000000E+0
1.9181600E+2	6.0113291E+1	6.0742054E+1	0.0000000E+0	0.0000000E+0	1.0000000E+2	0.0000000E+0
1.9186600E+2	6.0136277E+1	6.0727426E+1	0.0000000E+0	0.0000000E+0	1.0000000E+2	0.0000000E+0
1.9191600E+2	6.0181516E+1	6.0724721E+1	0.0000000E+0	0.0000000E+0	1.0000000E+2	0.0000000E+0
1.9196600E+2	6.0195242E+1	6.0731660E+1	0.0000000E+0	0.0000000E+0	1.0000000E+2	0.0000000E+0
1.9201600E+2	6.0210655E+1	6.0741575E+1	0.0000000E+0	0.0000000E+0	1.0000000E+2	0.0000000E+0
1.9206600E+2	6.0240511E+1	6.0750047E+1	0.0000000E+0	0.0000000E+0	1.0000000E+2	0.0000000E+0
1.9211600E+2	6.0271138E+1	6.0734490E+1	0.0000000E+0	0.0000000E+0	1.0000000E+2	0.0000000E+0
1.9216600E+2	6.0302942E+1	6.0756702E+1	0.0000000E+0	0.0000000E+0	1.0000000E+2	0.0000000E+0
1.9221600E+2	6.0320208E+1	6.0749654E+1	0.0000000E+0	0.0000000E+0	1.0000000E+2	0.0000000E+0
1.9226600E+2	6.0356696E+1	6.0743851E+1	0.0000000E+0	0.0000000E+0	1.0000000E+2	0.0000000E+0
1.9231600E+2	6.0387783E+1	6.0750267E+1	0.0000000E+0	0.0000000E+0	1.0000000E+2	0.0000000E+0
1.9236600E+2	6.0393294E+1	6.0740872E+1	0.0000000E+0	0.0000000E+0	1.0000000E+2	0.0000000E+0
1.9241600E+2	6.0418195E+1	6.0731130E+1	0.0000000E+0	0.0000000E+0	1.0000000E+2	0.0000000E+0
1.9246700E+2	6.0449778E+1	6.0755540E+1	0.0000000E+0	0.0000000E+0	1.0000000E+2	0.0000000E+0
1.9251800E+2	6.0451989E+1	6.0748367E+1	0.0000000E+0	0.0000000E+0	1.0000000E+2	0.0000000E+0
1.9256900E+2	6.0473282E+1	6.0753853E+1	0.0000000E+0	0.0000000E+0	1.0000000E+2	0.0000000E+0
1.9261900E+2	6.0465128E+1	6.0754843E+1	0.0000000E+0	0.0000000E+0	1.0000000E+2	0.0000000E+0
1.9266900E+2	6.0435263E+1	6.0751188E+1	0.0000000E+0	0.0000000E+0	1.0000000E+2	0.0000000E+0
1.9272000E+2	6.0444674E+1	6.0749287E+1	0.0000000E+0	0.0000000E+0	1.0000000E+2	0.0000000E+0
1.9277000E+2	6.0459968E+1	6.0742529E+1	0.0000000E+0	0.0000000E+0	1.0000000E+2	0.0000000E+0
1.9282100E+2	6.0473768E+1	6.0754807E+1	0.0000000E+0	0.0000000E+0	1.0000000E+2	0.0000000E+0
1.9287100E+2	6.0468415E+1	6.0749190E+1	0.0000000E+0	0.0000000E+0	1.0000000E+2	0.0000000E+0
1.9292100E+2	6.0484184E+1	6.0750523E+1	0.0000000E+0	0.0000000E+0	1.0000000E+2	0.0000000E+0
1.9297100E+2	6.0485128E+1	6.0749718E+1	0.0000000E+0	0.0000000E+0	1.0000000E+2	0.0000000E+0
1.9302100E+2	6.0484793E+1	6.0749695E+1	0.0000000E+0	0.0000000E+0	1.0000000E+2	0.0000000E+0
1.9307100E+2	6.0485716E+1	6.0743015E+1	0.0000000E+0	0.0000000E+0	1.0000000E+2	0.0000000E+0
1.9312100E+2	6.0476999E+1	6.0737446E+1	0.0000000E+0	0.0000000E+0	1.0000000E+2	0.0000000E+0
1.9317200E+2	6.0490752E+1	6.0723084E+1	0.0000000E+0	0.0000000E+0	1.0000000E+2	0.0000000E+0
1.9322200E+2	6.0492875E+1	6.0724652E+1	0.0000000E+0	0.0000000E+0	1.0000000E+2	0.0000000E+0
1.9327200E+2	6.0521247E+1	6.0742663E+1	0.0000000E+0	0.0000000E+0	1.0000000E+2	0.0000000E+0
1.9332200E+2	6.0527093E+1	6.0728185E+1	0.0000000E+0	0.0000000E+0	1.0000000E+2	0.0000000E+0
1.9337200E+2	6.0519043E+1	6.0733728E+1	0.0000000E+0	0.0000000E+0	1.0000000E+2	0.0000000E+0
1.9342200E+2	6.0519679E+1	6.0739276E+1	0.0000000E+0	0.0000000E+0	1.0000000E+2	0.0000000E+0
1.9347200E+2	6.0541616E+1	6.0741348E+1	0.0000000E+0	0.0000000E+0	1.0000000E+2	0.0000000E+0
1.9352200E+2	6.0574845E+1	6.0747994E+1	0.0000000E+0	0.0000000E+0	1.0000000E+2	0.0000000E+0
1.9357200E+2	6.0574017E+1	6.0755848E+1	0.0000000E+0	0.0000000E+0	1.0000000E+2	0.0000000E+0
1.9362200E+2	6.0587631E+1	6.0761287E+1	0.0000000E+0	0.0000000E+0	1.0000000E+2	0.0000000E+0
1.9367200E+2	6.0600168E+1	6.0745705E+1	0.0000000E+0	0.0000000E+0	1.0000000E+2	0.0000000E+0
1.9372200E+2	6.0621332E+1	6.0743827E+1	0.0000000E+0	0.0000000E+0	1.0000000E+2	0.0000000E+0
1.9377200E+2	6.0642619E+1	6.0748500E+1	0.0000000E+0	0.0000000E+0	1.0000000E+2	0.0000000E+0
1.9382200E+2	6.0680511E+1	6.0757124E+1	0.0000000E+0	0.0000000E+0	1.0000000E+2	0.0000000E+0
1.9387200E+2	6.0698549E+1	6.0768907E+1	0.0000000E+0	0.0000000E+0	1.0000000E+2	0.0000000E+0
1.9392200E+2	6.0693954E+1	6.0770478E+1	0.0000000E+0	0.0000000E+0	1.0000000E+2	0.0000000E+0
1.9397200E+2	6.0698108E+1	6.0768199E+1	0.0000000E+0	0.0000000E+0	1.0000000E+2	0.0000000E+0
1.9402300E+2	6.0708010E+1	6.0774363E+1	0.0000000E+0	0.0000000E+0	1.0000000E+2	0.0000000E+0
1.9407300E+2	6.0726971E+1	6.0756827E+1	0.0000000E+0	0.0000000E+0	1.0000000E+2	0.0000000E+0
1.9412300E+2	6.0751854E+1	6.0763611E+1	0.0000000E+0	0.0000000E+0	1.0000000E+2	0.0000000E+0
1.9417400E+2	6.0753539E+1	6.0764602E+1	0.0000000E+0	0.0000000E+0	1.0000000E+2	0.0000000E+0
1.9422400E+2	6.0717226E+1	6.0751619E+1	0.0000000E+0	0.0000000E+0	1.0000000E+2	0.0000000E+0
1.9427400E+2	6.0729312E+1	6.0752546E+1	0.0000000E+0	0.0000000E+0	1.0000000E+2	0.0000000E+0
1.9432400E+2	6.0740867E+1	6.0754697E+1	0.0000000E+0	0.0000000E+0	1.0000000E+2	0.0000000E+0
1.9437400E+2	6.0751892E+1	6.0747852E+1	0.0000000E+0	0.0000000E+0	1.0000000E+2	0.0000000E+0
1.9442400E+2	6.0785611E+1	6.0750393E+1	0.0000000E+0	0.0000000E+0	1.0000000E+2	0.0000000E+0
1.9447500E+2	6.0800024E+1	6.0753091E+1	0.0000000E+0	0.0000000E+0	1.0000000E+2	0.0000000E+0
1.9452600E+2	6.0813764E+1	6.0744699E+1	0.0000000E+0	0.0000000E+0	1.0000000E+2	0.0000000E+0
1.9457700E+2	6.0833655E+1	6.0760507E+1	0.0000000E+0	0.0000000E+0	1.0000000E+2	0.0000000E+0
1.9462800E+2	6.0852003E+1	6.0761974E+1	0.0000000E+0	0.0000000E+0	1.0000000E+2	0.0000000E+0
1.9467800E+2	6.0875131E+1	6.0776453E+1	0.0000000E+0	0.0000000E+0	1.0000000E+2	0.0000000E+0
1.9472800E+2	6.0869469E+1	6.0777383E+1	0.0000000E+0	0.0000000E+0	1.0000000E+2	0.0000000E+0
1.9477800E+2	6.0858631E+1	6.0769653E+1	0.0000000E+0	0.0000000E+0	1.0000000E+2	0.0000000E+0
1.9482800E+2	6.0859940E+1	6.0771893E+1	0.0000000E+0	0.0000000E+0	1.0000000E+2	0.0000000E+0
1.9487800E+2	6.0846755E+1	6.0767263E+1	0.0000000E+0	0.0000000E+0	1.0000000E+2	0.0000000E+0
1.9492800E+2	6.0833804E+1	6.0778693E+1	0.0000000E+0	0.0000000E+0	1.0000000E+2	0.0000000E+0
1.9497800E+2	6.0828173E+1	6.0803820E+1	0.0000000E+0	0.0000000E+0	1.0000000E+2	0.0000000E+0
1.9502800E+2	6.0807879E+1	6.0793039E+1	0.0000000E+0	0.0000000E+0	1.0000000E+2	0.0000000E+0
1.9507800E+2	6.0828499E+1	6.0794656E+1	0.0000000E+0	0.0000000E+0	1.0000000E+2	0.0000000E+0
1.9512800E+2	6.0828786E+1	6.0782158E+1	0.0000000E+0	0.0000000E+0	1.0000000E+2	0.0000000E+0
1.9517800E+2	6.0822837E+1	6.0786569E+1	0.0000000E+0	0.0000000E+0	1.0000000E+2	0.0000000E+0
1.9522800E+2	6.0815251E+1	6.0773980E+1	0.0000000E+0	0.0000000E+0	1.0000000E+2	0.0000000E+0
1.9527800E+2	6.0814989E+1	6.0785516E+1	0.0000000E+0	0.0000000E+0	1.0000000E+2	0.0000000E+0
1.9532800E+2	6.0836893E+1	6.0795335E+1	0.0000000E+0	0.0000000E+0	1.0000000E+2	0.0000000E+0
1.9537800E+2	6.0825209E+1	6.0778382E+1	0.0000000E+0	0.0000000E+0	1.0000000E+2	0.0000000E+0
1.9542800E+2	6.0833681E+1	6.0788032E+1	0.0000000E+0	0.0000000E+0	1.0000000E+2	0.0000000E+0
1.9547800E+2	6.0831229E+1	6.0776347E+1	0.0000000E+0	0.0000000E+0	1.0000000E+2	0.0000000E+0
1.9552900E+2	6.0819666E+1	6.0762358E+1	0.0000000E+0	0.0000000E+0	1.0000000E+2	0.0000000E+0
1.9558000E+2	6.0812351E+1	6.0759299E+1	0.0000000E+0	0.0000000E+0	1.0000000E+2	0.0000000E+0
1.9563100E+2	6.0811389E+1	6.0754013E+1	0.0000000E+0	0.0000000E+0	1.0000000E+2	0.0000000E+0
1.9568100E+2	6.0794644E+1	6.0745431E+1	0.0000000E+0	0.0000000E+0	1.0000000E+2	0.0000000E+0
1.9573100E+2	6.0764563E+1	6.0779475E+1	0.0000000E+0	0.0000000E+0	1.0000000E+2	0.0000000E+0
1.9578100E+2	6.0722885E+1	6.0761120E+1	0.0000000E+0	0.0000000E+0	1.0000000E+2	0.0000000E+0
1.9583100E+2	6.0738549E+1	6.0761440E+1	0.0000000E+0	0.0000000E+0	1.0000000E+2	0.0000000E+0
1.9588100E+2	6.0742582E+1	6.0763474E+1	0.0000000E+0	0.0000000E+0	1.0000000E+2	0.0000000E+0
1.9593200E+2	6.0762555E+1	6.0767846E+1	0.0000000E+0	0.0000000E+0	1.0000000E+2	0.0000000E+0
1.9598200E+2	6.0768476E+1	6.0764833E+1	0.0000000E+0	0.0000000E+0	1.0000000E+2	0.0000000E+0
1.9603200E+2	6.0768094E+1	6.0741483E+1	0.0000000E+0	0.0000000E+0	1.0000000E+2	0.0000000E+0
1.9608200E+2	6.0775011E+1	6.0759777E+1	0.0000000E+0	0.0000000E+0	1.0000000E+2	0.0000000E+0
1.9613200E+2	6.0773628E+1	6.0747200E+1	0.0000000E+0	0.0000000E+0	1.0000000E+2	0.0000000E+0
1.9618200E+2	6.0787878E+1	6.0775509E+1	0.0000000E+0	0.0000000E+0	1.0000000E+2	0.0000000E+0
1.9623200E+2	6.0771793E+1	6.0763044E+1	0.0000000E+0	0.0000000E+0	1.0000000E+2	0.0000000E+0
1.9628300E+2	6.0788813E+1	6.0769435E+1	0.0000000E+0	0.0000000E+0	1.0000000E+2	0.0000000E+0
1.9633300E+2	6.0786687E+1	6.0760783E+1	0.0000000E+0	0.0000000E+0	1.0000000E+2	0.0000000E+0
1.9638300E+2	6.0779747E+1	6.0748973E+1	0.0000000E+0	0.0000000E+0	1.0000000E+2	0.0000000E+0
1.9643300E+2	6.0807401E+1	6.0764098E+1	0.0000000E+0	0.0000000E+0	1.0000000E+2	0.0000000E+0
1.9648300E+2	6.0835711E+1	6.0776648E+1	0.0000000E+0	0.0000000E+0	1.0000000E+2	0.0000000E+0
1.9653300E+2	6.0814873E+1	6.0773427E+1	0.0000000E+0	0.0000000E+0	1.0000000E+2	0.0000000E+0
1.9658300E+2	6.0743958E+1	6.0770630E+1	0.0000000E+0	0.0000000E+0	1.0000000E+2	0.0000000E+0
1.9663400E+2	6.0746716E+1	6.0773725E+1	0.0000000E+0	0.0000000E+0	1.0000000E+2	0.0000000E+0
1.9668400E+2	6.0762567E+1	6.0777647E+1	0.0000000E+0	0.0000000E+0	1.0000000E+2	0.0000000E+0
1.9673400E+2	6.0753210E+1	6.0763876E+1	0.0000000E+0	0.0000000E+0	1.0000000E+2	0.0000000E+0
1.9678400E+2	6.0757700E+1	6.0780896E+1	0.0000000E+0	0.0000000E+0	1.0000000E+2	0.0000000E+0
1.9683400E+2	6.0751660E+1	6.0770079E+1	0.0000000E+0	0.0000000E+0	1.0000000E+2	0.0000000E+0
1.9688500E+2	6.0737779E+1	6.0765105E+1	0.0000000E+0	0.0000000E+0	1.0000000E+2	0.0000000E+0
1.9693500E+2	6.0751008E+1	6.0754715E+1	0.0000000E+0	0.0000000E+0	1.0000000E+2	0.0000000E+0
1.9698500E+2	6.0748118E+1	6.0750134E+1	0.0000000E+0	0.0000000E+0	1.0000000E+2	0.0000000E+0
1.9703500E+2	6.0754909E+1	6.0739733E+1	0.0000000E+0	0.0000000E+0	1.0000000E+2	0.0000000E+0
1.9708700E+2	6.0784515E+1	6.0751597E+1	0.0000000E+0	0.0000000E+0	1.0000000E+2	0.0000000E+0
1.9713700E+2	6.0802653E+1	6.0755611E+1	0.0000000E+0	0.0000000E+0	1.0000000E+2	0.0000000E+0
1.9718700E+2	6.0808838E+1	6.0748611E+1	0.0000000E+0	0.0000000E+0	1.0000000E+2	0.0000000E+0
1.9723700E+2	6.0838215E+1	6.0757701E+1	0.0000000E+0	0.0000000E+0	1.0000000E+2	0.0000000E+0
1.9728700E+2	6.0803786E+1	6.0764077E+1	0.0000000E+0	0.0000000E+0	1.0000000E+2	0.0000000E+0
1.9733800E+2	6.0767983E+1	6.0753775E+1	0.0000000E+0	0.0000000E+0	1.0000000E+2	0.0000000E+0
1.9738800E+2	6.0790311E+1	6.0763414E+1	0.0000000E+0	0.0000000E+0	1.0000000E+2	0.0000000E+0
1.9743800E+2	6.0782184E+1	6.0761934E+1	0.0000000E+0	0.0000000E+0	1.0000000E+2	0.0000000E+0
1.9748800E+2	6.0794878E+1	6.0764636E+1	0.0000000E+0	0.0000000E+0	1.0000000E+2	0.0000000E+0
1.9753800E+2	6.0833986E+1	6.0781997E+1	0.0000000E+0	0.0000000E+0	1.0000000E+2	0.0000000E+0
1.9758900E+2	6.0824909E+1	6.0772713E+1	0.0000000E+0	0.0000000E+0	1.0000000E+2	0.0000000E+0
1.9763900E+2	6.0839835E+1	6.0767720E+1	0.0000000E+0	0.0000000E+0	1.0000000E+2	0.0000000E+0
1.9768900E+2	6.0864025E+1	6.0786818E+1	0.0000000E+0	0.0000000E+0	1.0000000E+2	0.0000000E+0
1.9773900E+2	6.0869489E+1	6.0781233E+1	0.0000000E+0	0.0000000E+0	1.0000000E+2	0.0000000E+0
1.9778900E+2	6.0878477E+1	6.0775111E+1	0.0000000E+0	0.0000000E+0	1.0000000E+2	0.0000000E+0
1.9783900E+2	6.0900313E+1	6.0782970E+1	0.0000000E+0	0.0000000E+0	1.0000000E+2	0.0000000E+0
1.9788900E+2	6.0909394E+1	6.0772845E+1	0.0000000E+0	0.0000000E+0	1.0000000E+2	0.0000000E+0
1.9793900E+2	6.0904342E+1	6.0777217E+1	0.0000000E+0	0.0000000E+0	1.0000000E+2	0.0000000E+0
1.9798900E+2	6.0921763E+1	6.0785001E+1	0.0000000E+0	0.0000000E+0	1.0000000E+2	0.0000000E+0
1.9803900E+2	6.0927382E+1	6.0774489E+1	0.0000000E+0	0.0000000E+0	1.0000000E+2	0.0000000E+0
1.9808900E+2	6.0924606E+1	6.0767903E+1	0.0000000E+0	0.0000000E+0	1.0000000E+2	0.0000000E+0
1.9813900E+2	6.0936831E+1	6.0768202E+1	0.0000000E+0	0.0000000E+0	1.0000000E+2	0.0000000E+0
1.9819000E+2	6.0887249E+1	6.0760296E+1	0.0000000E+0	0.0000000E+0	1.0000000E+2	0.0000000E+0
1.9824100E+2	6.0888620E+1	6.0764356E+1	0.0000000E+0	0.0000000E+0	1.0000000E+2	0.0000000E+0
1.9829100E+2	6.0925118E+1	6.0776773E+1	0.0000000E+0	0.0000000E+0	1.0000000E+2	0.0000000E+0
1.9834100E+2	6.0948261E+1	6.0802107E+1	0.0000000E+0	0.0000000E+0	1.0000000E+2	0.0000000E+0
1.9839200E+2	6.0932174E+1	6.0777546E+1	0.0000000E+0	0.0000000E+0	1.0000000E+2	0.0000000E+0
1.9844300E+2	6.0947306E+1	6.0792114E+1	0.0000000E+0	0.0000000E+0	1.0000000E+2	0.0000000E+0
1.9849400E+2	6.0974995E+1	6.0797750E+1	0.0000000E+0	0.0000000E+0	1.0000000E+2	0.0000000E+0
1.9854400E+2	6.0969328E+1	6.0781679E+1	0.0000000E+0	0.0000000E+0	1.0000000E+2	0.0000000E+0
1.9859400E+2	6.0981641E+1	6.0776772E+1	0.0000000E+0	0.0000000E+0	1.0000000E+2	0.0000000E+0
1.9864500E+2	6.0987215E+1	6.0784623E+1	0.0000000E+0	0.0000000E+0	1.0000000E+2	0.0000000E+0
1.9869500E+2	6.0998318E+1	6.0794347E+1	0.0000000E+0	0.0000000E+0	1.0000000E+2	0.0000000E+0
1.9874500E+2	6.0999497E+1	6.0789709E+1	0.0000000E+0	0.0000000E+0	1.0000000E+2	0.0000000E+0
1.9879500E+2	6.0997318E+1	6.0794038E+1	0.0000000E+0	0.0000000E+0	1.0000000E+2	0.0000000E+0
1.9884500E+2	6.1014003E+1	6.0807506E+1	0.0000000E+0	0.0000000E+0	1.0000000E+2	0.0000000E+0
1.9889500E+2	6.1003742E+1	6.0794082E+1	0.0000000E+0	0.0000000E+0	1.0000000E+2	0.0000000E+0
1.9894600E+2	6.1004077E+1	6.0793371E+1	0.0000000E+0	0.0000000E+0	1.0000000E+2	0.0000000E+0
1.9899600E+2	6.0984944E+1	6.0790718E+1	0.0000000E+0	0.0000000E+0	1.0000000E+2	0.0000000E+0
1.9904600E+2	6.0930657E+1	6.0780926E+1	0.0000000E+0	0.0000000E+0	1.0000000E+2	0.0000000E+0
1.9909600E+2	6.0936634E+1	6.0793353E+1	0.0000000E+0	0.0000000E+0	1.0000000E+2	0.0000000E+0
1.9914700E+2	6.0937058E+1	6.0798330E+1	0.0000000E+0	0.0000000E+0	1.0000000E+2	0.0000000E+0
1.9919800E+2	6.0925031E+1	6.0780765E+1	0.0000000E+0	0.0000000E+0	1.0000000E+2	0.0000000E+0
1.9924800E+2	6.0929477E+1	6.0771854E+1	0.0000000E+0	0.0000000E+0	1.0000000E+2	0.0000000E+0
1.9929800E+2	6.0931337E+1	6.0778491E+1	0.0000000E+0	0.0000000E+0	1.0000000E+2	0.0000000E+0
1.9934800E+2	6.0963771E+1	6.0798981E+1	0.0000000E+0	0.0000000E+0	1.0000000E+2	0.0000000E+0
1.9939800E+2	6.0969061E+1	6.0790520E+1	0.0000000E+0	0.0000000E+0	1.0000000E+2	0.0000000E+0
1.9944900E+2	6.0981097E+1	6.0793622E+1	0.0000000E+0	0.0000000E+0	1.0000000E+2	0.0000000E+0
1.9949900E+2	6.1005940E+1	6.0816767E+1	0.0000000E+0	0.0000000E+0	1.0000000E+2	0.0000000E+0
1.9954900E+2	6.1003570E+1	6.0814465E+1	0.0000000E+0	0.0000000E+0	1.0000000E+2	0.0000000E+0
1.9959900E+2	6.0988982E+1	6.0796465E+1	0.0000000E+0	0.0000000E+0	1.0000000E+2	0.0000000E+0
1.9964900E+2	6.1002762E+1	6.0795383E+1	0.0000000E+0	0.0000000E+0	1.0000000E+2	0.0000000E+0
1.9969900E+2	6.1000029E+1	6.0794840E+1	0.0000000E+0	0.0000000E+0	1.0000000E+2	0.0000000E+0
1.9974900E+2	6.1025854E+1	6.0803221E+1	0.0000000E+0	0.0000000E+0	1.0000000E+2	0.0000000E+0
1.9979900E+2	6.1026523E+1	6.0805782E+1	0.0000000E+0	0.0000000E+0	1.0000000E+2	0.0000000E+0
1.9984900E+2	6.1012718E+1	6.0802614E+1	0.0000000E+0	0.0000000E+0	1.0000000E+2	0.0000000E+0
1.9989900E+2	6.0970007E+1	6.0786664E+1	0.0000000E+0	0.0000000E+0	1.0000000E+2	0.0000000E+0
1.9994900E+2	6.0999388E+1	6.0795841E+1	0.0000000E+0	0.0000000E+0	1.0000000E+2	0.0000000E+0
1.9999900E+2	6.0980496E+1	6.0787218E+1	0.0000000E+0	0.0000000E+0	1.0000000E+2	0.0000000E+0
2.0004900E+2	6.0994146E+1	6.0770637E+1	0.0000000E+0	0.0000000E+0	1.0000000E+2	0.0000000E+0
2.0010000E+2	6.1027180E+1	6.0789344E+1	0.0000000E+0	0.0000000E+0	1.0000000E+2	0.0000000E+0
2.0015100E+2	6.1044824E+1	6.0797556E+1	0.0000000E+0	0.0000000E+0	1.0000000E+2	0.0000000E+0
2.0020100E+2	6.1051807E+1	6.0796500E+1	0.0000000E+0	0.0000000E+0	1.0000000E+2	0.0000000E+0
2.0025100E+2	6.1067121E+1	6.0806815E+1	0.0000000E+0	0.0000000E+0	1.0000000E+2	0.0000000E+0
2.0030100E+2	6.1064192E+1	6.0802681E+1	0.0000000E+0	0.0000000E+0	1.0000000E+2	0.0000000E+0
2.0035100E+2	6.1070924E+1	6.0796230E+1	0.0000000E+0	0.0000000E+0	1.0000000E+2	0.0000000E+0
2.0040100E+2	6.1071870E+1	6.0781331E+1	0.0000000E+0	0.0000000E+0	1.0000000E+2	0.0000000E+0
2.0045100E+2	6.1083095E+1	6.0787576E+1	0.0000000E+0	0.0000000E+0	1.0000000E+2	0.0000000E+0
2.0050100E+2	6.1092162E+1	6.0787632E+1	0.0000000E+0	0.0000000E+0	1.0000000E+2	0.0000000E+0
2.0055100E+2	6.1096812E+1	6.0793697E+1	0.0000000E+0	0.0000000E+0	1.0000000E+2	0.0000000E+0
2.0060100E+2	6.1116720E+1	6.0807484E+1	0.0000000E+0	0.0000000E+0	1.0000000E+2	0.0000000E+0
2.0065100E+2	6.1115047E+1	6.0803676E+1	0.0000000E+0	0.0000000E+0	1.0000000E+2	0.0000000E+0
2.0070100E+2	6.1111725E+1	6.0785283E+1	0.0000000E+0	0.0000000E+0	1.0000000E+2	0.0000000E+0
2.0075100E+2	6.1093278E+1	6.0791899E+1	0.0000000E+0	0.0000000E+0	1.0000000E+2	0.0000000E+0
2.0080200E+2	6.1072100E+1	6.0798899E+1	0.0000000E+0	0.0000000E+0	1.0000000E+2	0.0000000E+0
2.0085300E+2	6.1068514E+1	6.0797490E+1	0.0000000E+0	0.0000000E+0	1.0000000E+2	0.0000000E+0
2.0090400E+2	6.1084616E+1	6.0805605E+1	0.0000000E+0	0.0000000E+0	1.0000000E+2	0.0000000E+0
2.0095400E+2	6.1076695E+1	6.0799398E+1	0.0000000E+0	0.0000000E+0	1.0000000E+2	0.0000000E+0
2.0100400E+2	6.1087861E+1	6.0802322E+1	0.0000000E+0	0.0000000E+0	1.0000000E+2	0.0000000E+0
2.0105400E+2	6.1097531E+1	6.0779784E+1	0.0000000E+0	0.0000000E+0	1.0000000E+2	0.0000000E+0
2.0110400E+2	6.1109243E+1	6.0786055E+1	0.0000000E+0	0.0000000E+0	1.0000000E+2	0.0000000E+0
2.0115400E+2	6.1129818E+1	6.0792483E+1	0.0000000E+0	0.0000000E+0	1.0000000E+2	0.0000000E+0
2.0120400E+2	6.1115226E+1	6.0779470E+1	0.0000000E+0	0.0000000E+0	1.0000000E+2	0.0000000E+0
2.0125400E+2	6.1121226E+1	6.0784320E+1	0.0000000E+0	0.0000000E+0	1.0000000E+2	0.0000000E+0
2.0130400E+2	6.1109715E+1	6.0761905E+1	0.0000000E+0	0.0000000E+0	1.0000000E+2	0.0000000E+0
2.0135500E+2	6.1112158E+1	6.0765363E+1	0.0000000E+0	0.0000000E+0	1.0000000E+2	0.0000000E+0
2.0140500E+2	6.1121915E+1	6.0770705E+1	0.0000000E+0	0.0000000E+0	1.0000000E+2	0.0000000E+0
2.0145500E+2	6.1116837E+1	6.0776421E+1	0.0000000E+0	0.0000000E+0	1.0000000E+2	0.0000000E+0
2.0150500E+2	6.1123232E+1	6.0777246E+1	0.0000000E+0	0.0000000E+0	1.0000000E+2	0.0000000E+0
2.0155500E+2	6.1122235E+1	6.0773732E+1	0.0000000E+0	0.0000000E+0	1.0000000E+2	0.0000000E+0
2.0160500E+2	6.1124817E+1	6.0778367E+1	0.0000000E+0	0.0000000E+0	1.0000000E+2	0.0000000E+0
2.0165500E+2	6.1139493E+1	6.0799677E+1	0.0000000E+0	0.0000000E+0	1.0000000E+2	0.0000000E+0
2.0170500E+2	6.1082730E+1	6.0777786E+1	0.0000000E+0	0.0000000E+0	1.0000000E+2	0.0000000E+0
2.0175500E+2	6.1072653E+1	6.0770757E+1	0.0000000E+0	0.0000000E+0	1.0000000E+2	0.0000000E+0
2.0180500E+2	6.1094413E+1	6.0784528E+1	0.0000000E+0	0.0000000E+0	1.0000000E+2	0.0000000E+0
2.0185600E+2	6.1085303E+1	6.0781495E+1	0.0000000E+0	0.0000000E+0	1.0000000E+2	0.0000000E+0
2.0190700E+2	6.1081841E+1	6.0769179E+1	0.0000000E+0	0.0000000E+0	1.0000000E+2	0.0000000E+0
2.0195700E+2	6.1089724E+1	6.0775208E+1	0.0000000E+0	0.0000000E+0	1.0000000E+2	0.0000000E+0
2.0200700E+2	6.1116366E+1	6.0779358E+1	0.0000000E+0	0.0000000E+0	1.0000000E+2	0.0000000E+0
2.0205700E+2	6.1140943E+1	6.0780221E+1	0.0000000E+0	0.0000000E+0	1.0000000E+2	0.0000000E+0
2.0210700E+2	6.1145840E+1	6.0786691E+1	0.0000000E+0	0.0000000E+0	1.0000000E+2	0.0000000E+0
2.0215700E+2	6.1150058E+1	6.0782811E+1	0.0000000E+0	0.0000000E+0	1.0000000E+2	0.0000000E+0
2.0220800E+2	6.1167883E+1	6.0783662E+1	0.0000000E+0	0.0000000E+0	1.0000000E+2	0.0000000E+0
2.0225900E+2	6.1170357E+1	6.0792139E+1	0.0000000E+0	0.0000000E+0	1.0000000E+2	0.0000000E+0
2.0230900E+2	6.1193550E+1	6.0801124E+1	0.0000000E+0	0.0000000E+0	1.0000000E+2	0.0000000E+0
2.0235900E+2	6.1181880E+1	6.0804194E+1	0.0000000E+0	0.0000000E+0	1.0000000E+2	0.0000000E+0
2.0240900E+2	6.1193042E+1	6.0812984E+1	0.0000000E+0	0.0000000E+0	1.0000000E+2	0.0000000E+0
2.0245900E+2	6.1176237E+1	6.0807477E+1	0.0000000E+0	0.0000000E+0	1.0000000E+2	0.0000000E+0
2.0250900E+2	6.1153901E+1	6.0795754E+1	0.0000000E+0	0.0000000E+0	1.0000000E+2	0.0000000E+0
2.0255900E+2	6.1156584E+1	6.0801930E+1	0.0000000E+0	0.0000000E+0	1.0000000E+2	0.0000000E+0
2.0260900E+2	6.1110316E+1	6.0799538E+1	0.0000000E+0	0.0000000E+0	1.0000000E+2	0.0000000E+0
2.0265900E+2	6.1096831E+1	6.0811025E+1	0.0000000E+0	0.0000000E+0	1.0000000E+2	0.0000000E+0
2.0270900E+2	6.1079337E+1	6.0802307E+1	0.0000000E+0	0.0000000E+0	1.0000000E+2	0.0000000E+0
2.0276000E+2	6.1060447E+1	6.0789295E+1	0.0000000E+0	0.0000000E+0	1.0000000E+2	0.0000000E+0
2.0281000E+2	6.1020993E+1	6.0785196E+1	0.0000000E+0	0.0000000E+0	1.0000000E+2	0.0000000E+0
2.0286000E+2	6.1026276E+1	6.0786043E+1	0.0000000E+0	0.0000000E+0	1.0000000E+2	0.0000000E+0
2.0291000E+2	6.1024239E+1	6.0787854E+1	0.0000000E+0	0.0000000E+0	1.0000000E+2	0.0000000E+0
2.0296000E+2	6.1024581E+1	6.0802104E+1	0.0000000E+0	0.0000000E+0	1.0000000E+2	0.0000000E+0
2.0301000E+2	6.1034210E+1	6.0807235E+1	0.0000000E+0	0.0000000E+0	1.0000000E+2	0.0000000E+0
2.0306100E+2	6.1019224E+1	6.0813141E+1	0.0000000E+0	0.0000000E+0	1.0000000E+2	0.0000000E+0
2.0311100E+2	6.1009049E+1	6.0806822E+1	0.0000000E+0	0.0000000E+0	1.0000000E+2	0.0000000E+0
2.0316100E+2	6.0993758E+1	6.0788389E+1	0.0000000E+0	0.0000000E+0	1.0000000E+2	0.0000000E+0
2.0321100E+2	6.0996479E+1	6.0791066E+1	0.0000000E+0	0.0000000E+0	1.0000000E+2	0.0000000E+0
2.0326100E+2	6.1004186E+1	6.0795080E+1	0.0000000E+0	0.0000000E+0	1.0000000E+2	0.0000000E+0
2.0331100E+2	6.0978762E+1	6.0799603E+1	0.0000000E+0	0.0000000E+0	1.0000000E+2	0.0000000E+0
2.0336100E+2	6.0972026E+1	6.0789359E+1	0.0000000E+0	0.0000000E+0	1.0000000E+2	0.0000000E+0
2.0341100E+2	6.0971404E+1	6.0774486E+1	0.0000000E+0	0.0000000E+0	1.0000000E+2	0.0000000E+0
2.0346100E+2	6.0964359E+1	6.0796361E+1	0.0000000E+0	0.0000000E+0	1.0000000E+2	0.0000000E+0
2.0351100E+2	6.0924240E+1	6.0795526E+1	0.0000000E+0	0.0000000E+0	1.0000000E+2	0.0000000E+0
2.0356100E+2	6.0896198E+1	6.0801821E+1	0.0000000E+0	0.0000000E+0	1.0000000E+2	0.0000000E+0
2.0361100E+2	6.0908005E+1	6.0797385E+1	0.0000000E+0	0.0000000E+0	1.0000000E+2	0.0000000E+0
2.0366100E+2	6.0898032E+1	6.0791299E+1	0.0000000E+0	0.0000000E+0	1.0000000E+2	0.0000000E+0
2.0371100E+2	6.0895671E+1	6.0791948E+1	0.0000000E+0	0.0000000E+0	1.0000000E+2	0.0000000E+0
2.0376100E+2	6.0895097E+1	6.0800465E+1	0.0000000E+0	0.0000000E+0	1.0000000E+2	0.0000000E+0
2.0381100E+2	6.0891700E+1	6.0780765E+1	0.0000000E+0	0.0000000E+0	1.0000000E+2	0.0000000E+0
2.0386100E+2	6.0892020E+1	6.0783666E+1	0.0000000E+0	0.0000000E+0	1.0000000E+2	0.0000000E+0
2.0391200E+2	6.0897281E+1	6.0782304E+1	0.0000000E+0	0.0000000E+0	1.0000000E+2	0.0000000E+0
2.0396300E+2	6.0907602E+1	6.0795536E+1	0.0000000E+0	0.0000000E+0	1.0000000E+2	0.0000000E+0
2.0401300E+2	6.0905054E+1	6.0787063E+1	0.0000000E+0	0.0000000E+0	1.0000000E+2	0.0000000E+0
2.0406400E+2	6.0898763E+1	6.0795072E+1	0.0000000E+0	0.0000000E+0	1.0000000E+2	0.0000000E+0
2.0411500E+2	6.0893192E+1	6.0795597E+1	0.0000000E+0	0.0000000E+0	1.0000000E+2	0.0000000E+0
2.0416500E+2	6.0904727E+1	6.0796617E+1	0.0000000E+0	0.0000000E+0	1.0000000E+2	0.0000000E+0
2.0421600E+2	6.0895271E+1	6.0786579E+1	0.0000000E+0	0.0000000E+0	1.0000000E+2	0.0000000E+0
2.0426700E+2	6.0913169E+1	6.0790186E+1	0.0000000E+0	0.0000000E+0	1.0000000E+2	0.0000000E+0
2.0431700E+2	6.0924155E+1	6.0799547E+1	0.0000000E+0	0.0000000E+0	1.0000000E+2	0.0000000E+0
2.0436700E+2	6.0966655E+1	6.0816035E+1	0.0000000E+0	0.0000000E+0	1.0000000E+2	0.0000000E+0
2.0441700E+2	6.0969631E+1	6.0810518E+1	0.0000000E+0	0.0000000E+0	1.0000000E+2	0.0000000E+0
2.0446700E+2	6.1003316E+1	6.0822279E+1	0.0000000E+0	0.0000000E+0	1.0000000E+2	0.0000000E+0
2.0451700E+2	6.0998697E+1	6.0825219E+1	0.0000000E+0	0.0000000E+0	1.0000000E+2	0.0000000E+0
2.0456700E+2	6.0994478E+1	6.0808964E+1	0.0000000E+0	0.0000000E+0	1.0000000E+2	0.0000000E+0
2.0461700E+2	6.0927397E+1	6.0810941E+1	0.0000000E+0	0.0000000E+0	1.0000000E+2	0.0000000E+0
2.0466700E+2	6.0917740E+1	6.0806677E+1	0.0000000E+0	0.0000000E+0	1.0000000E+2	0.0000000E+0
2.0471700E+2	6.0942884E+1	6.0813360E+1	0.0000000E+0	0.0000000E+0	1.0000000E+2	0.0000000E+0
2.0476700E+2	6.0961420E+1	6.0813537E+1	0.0000000E+0	0.0000000E+0	1.0000000E+2	0.0000000E+0
2.0481700E+2	6.0973787E+1	6.0815036E+1	0.0000000E+0	0.0000000E+0	1.0000000E+2	0.0000000E+0
2.0486700E+2	6.0995518E+1	6.0813546E+1	0.0000000E+0	0.0000000E+0	1.0000000E+2	0.0000000E+0
2.0491700E+2	6.1001963E+1	6.0802974E+1	0.0000000E+0	0.0000000E+0	1.0000000E+2	0.0000000E+0
2.0496700E+2	6.1029079E+1	6.0805882E+1	0.0000000E+0	0.0000000E+0	1.0000000E+2	0.0000000E+0
2.0501700E+2	6.1045401E+1	6.0815411E+1	0.0000000E+0	0.0000000E+0	1.0000000E+2	0.0000000E+0
2.0506700E+2	6.1052383E+1	6.0806760E+1	0.0000000E+0	0.0000000E+0	1.0000000E+2	0.0000000E+0
2.0511700E+2	6.1080624E+1	6.0822418E+1	0.0000000E+0	0.0000000E+0	1.0000000E+2	0.0000000E+0
2.0516700E+2	6.1071888E+1	6.0820994E+1	0.0000000E+0	0.0000000E+0	1.0000000E+2	0.0000000E+0
2.0521700E+2	6.1079475E+1	6.0815389E+1	0.0000000E+0	0.0000000E+0	1.0000000E+2	0.0000000E+0
2.0526800E+2	6.1082109E+1	6.0822871E+1	0.0000000E+0	0.0000000E+0	1.0000000E+2	0.0000000E+0
2.0531800E+2	6.1102159E+1	6.0816472E+1	0.0000000E+0	0.0000000E+0	1.0000000E+2	0.0000000E+0
2.0536800E+2	6.1135306E+1	6.0833200E+1	0.0000000E+0	0.0000000E+0	1.0000000E+2	0.0000000E+0
2.0541800E+2	6.1122950E+1	6.0821289E+1	0.0000000E+0	0.0000000E+0	1.0000000E+2	0.0000000E+0
2.0546800E+2	6.1097088E+1	6.0829404E+1	0.0000000E+0	0.0000000E+0	1.0000000E+2	0.0000000E+0
2.0551800E+2	6.1116336E+1	6.0836553E+1	0.0000000E+0	0.0000000E+0	1.0000000E+2	0.0000000E+0
2.0556800E+2	6.1130205E+1	6.0832009E+1	0.0000000E+0	0.0000000E+0	1.0000000E+2	0.0000000E+0
2.0561800E+2	6.1133510E+1	6.0824845E+1	0.0000000E+0	0.0000000E+0	1.0000000E+2	0.0000000E+0
2.0566800E+2	6.1125238E+1	6.0815649E+1	0.0000000E+0	0.0000000E+0	1.0000000E+2	0.0000000E+0
2.0571800E+2	6.1138342E+1	6.0811643E+1	0.0000000E+0	0.0000000E+0	1.0000000E+2	0.0000000E+0
2.0577000E+2	6.1174868E+1	6.0820217E+1	0.0000000E+0	0.0000000E+0	1.0000000E+2	0.0000000E+0
2.0582100E+2	6.1187790E+1	6.0825305E+1	0.0000000E+0	0.0000000E+0	1.0000000E+2	0.0000000E+0
2.0587100E+2	6.1188874E+1	6.0828047E+1	0.0000000E+0	0.0000000E+0	1.0000000E+2	0.0000000E+0
2.0592100E+2	6.1181157E+1	6.0812130E+1	0.0000000E+0	0.0000000E+0	1.0000000E+2	0.0000000E+0
2.0597100E+2	6.1189356E+1	6.0831866E+1	0.0000000E+0	0.0000000E+0	1.0000000E+2	0.0000000E+0
2.0602100E+2	6.1200665E+1	6.0824490E+1	0.0000000E+0	0.0000000E+0	1.0000000E+2	0.0000000E+0
2.0607100E+2	6.1202682E+1	6.0813646E+1	0.0000000E+0	0.0000000E+0	1.0000000E+2	0.0000000E+0
2.0612200E+2	6.1202366E+1	6.0821607E+1	0.0000000E+0	0.0000000E+0	1.0000000E+2	0.0000000E+0
2.0617200E+2	6.1216165E+1	6.0827935E+1	0.0000000E+0	0.0000000E+0	1.0000000E+2	0.0000000E+0
2.0622200E+2	6.1235802E+1	6.0831492E+1	0.0000000E+0	0.0000000E+0	1.0000000E+2	0.0000000E+0
2.0627300E+2	6.1246589E+1	6.0822007E+1	0.0000000E+0	0.0000000E+0	1.0000000E+2	0.0000000E+0
2.0632300E+2	6.1206652E+1	6.0832123E+1	0.0000000E+0	0.0000000E+0	1.0000000E+2	0.0000000E+0
2.0637300E+2	6.1186598E+1	6.0828031E+1	0.0000000E+0	0.0000000E+0	1.0000000E+2	0.0000000E+0
2.0642300E+2	6.1196346E+1	6.0821319E+1	0.0000000E+0	0.0000000E+0	1.0000000E+2	0.0000000E+0
2.0647300E+2	6.1210725E+1	6.0818297E+1	0.0000000E+0	0.0000000E+0	1.0000000E+2	0.0000000E+0
2.0652300E+2	6.1207950E+1	6.0831950E+1	0.0000000E+0	0.0000000E+0	1.0000000E+2	0.0000000E+0
2.0657300E+2	6.1236443E+1	6.0815419E+1	0.0000000E+0	0.0000000E+0	1.0000000E+2	0.0000000E+0
2.0662400E+2	6.1250166E+1	6.0828109E+1	0.0000000E+0	0.0000000E+0	1.0000000E+2	0.0000000E+0
2.0667400E+2	6.1248858E+1	6.0821640E+1	0.0000000E+0	0.0000000E+0	1.0000000E+2	0.0000000E+0
2.0672400E+2	6.1277282E+1	6.0840704E+1	0.0000000E+0	0.0000000E+0	1.0000000E+2	0.0000000E+0
2.0677400E+2	6.1273217E+1	6.0829741E+1	0.0000000E+0	0.0000000E+0	1.0000000E+2	0.0000000E+0
2.0682400E+2	6.1295753E+1	6.0840219E+1	0.0000000E+0	0.0000000E+0	1.0000000E+2	0.0000000E+0
2.0687400E+2	6.1296129E+1	6.0843342E+1	0.0000000E+0	0.0000000E+0	1.0000000E+2	0.0000000E+0
2.0692400E+2	6.1292648E+1	6.0832718E+1	0.0000000E+0	0.0000000E+0	1.0000000E+2	0.0000000E+0
2.0697400E+2	6.1302024E+1	6.0841157E+1	0.0000000E+0	0.0000000E+0	1.0000000E+2	0.0000000E+0
2.0702400E+2	6.1275417E+1	6.0817424E+1	0.0000000E+0	0.0000000E+0	1.0000000E+2	0.0000000E+0
2.0707400E+2	6.1280465E+1	6.0818747E+1	0.0000000E+0	0.0000000E+0	1.0000000E+2	0.0000000E+0
2.0712400E+2	6.1311280E+1	6.0842843E+1	0.0000000E+0	0.0000000E+0	1.0000000E+2	0.0000000E+0
2.0717400E+2	6.1318285E+1	6.0834255E+1	0.0000000E+0	0.0000000E+0	1.0000000E+2	0.0000000E+0
2.0722400E+2	6.1318925E+1	6.0838010E+1	0.0000000E+0	0.0000000E+0	1.0000000E+2	0.0000000E+0
2.0727500E+2	6.1289878E+1	6.0825570E+1	0.0000000E+0	0.0000000E+0	1.0000000E+2	0.0000000E+0
2.0732500E+2	6.1274992E+1	6.0844641E+1	0.0000000E+0	0.0000000E+0	1.0000000E+2	0.0000000E+0
2.0737500E+2	6.1279367E+1	6.0839465E+1	0.0000000E+0	0.0000000E+0	1.0000000E+2	0.0000000E+0
2.0742500E+2	6.1309918E+1	6.0840745E+1	0.0000000E+0	0.0000000E+0	1.0000000E+2	0.0000000E+0
2.0747500E+2	6.1320299E+1	6.0845469E+1	0.0000000E+0	0.0000000E+0	1.0000000E+2	0.0000000E+0
2.0752500E+2	6.1334183E+1	6.0835935E+1	0.0000000E+0	0.0000000E+0	1.0000000E+2	0.0000000E+0
2.0757500E+2	6.1345996E+1	6.0850613E+1	0.0000000E+0	0.0000000E+0	1.0000000E+2	0.0000000E+0
2.0762500E+2	6.1362541E+1	6.0842924E+1	0.0000000E+0	0.0000000E+0	1.0000000E+2	0.0000000E+0
2.0767600E+2	6.1383045E+1	6.0849326E+1	0.0000000E+0	0.0000000E+0	1.0000000E+2	0.0000000E+0
2.0772600E+2	6.1425691E+1	6.0849844E+1	0.0000000E+0	0.0000000E+0	1.0000000E+2	0.0000000E+0
2.0777600E+2	6.1425856E+1	6.0839889E+1	0.0000000E+0	0.0000000E+0	1.0000000E+2	0.0000000E+0
2.0782700E+2	6.1458623E+1	6.0845897E+1	0.0000000E+0	0.0000000E+0	1.0000000E+2	0.0000000E+0
2.0787700E+2	6.1466044E+1	6.0850295E+1	0.0000000E+0	0.0000000E+0	1.0000000E+2	0.0000000E+0
2.0792700E+2	6.1475443E+1	6.0841211E+1	0.0000000E+0	0.0000000E+0	1.0000000E+2	0.0000000E+0
2.0797800E+2	6.1488324E+1	6.0833314E+1	0.0000000E+0	0.0000000E+0	1.0000000E+2	0.0000000E+0
2.0802900E+2	6.1494499E+1	6.0841766E+1	0.0000000E+0	0.0000000E+0	1.0000000E+2	0.0000000E+0
2.0807900E+2	6.1507898E+1	6.0845058E+1	0.0000000E+0	0.0000000E+0	1.0000000E+2	0.0000000E+0
2.0812900E+2	6.1514833E+1	6.0837543E+1	0.0000000E+0	0.0000000E+0	1.0000000E+2	0.0000000E+0
2.0817900E+2	6.1518035E+1	6.0850541E+1	0.0000000E+0	0.0000000E+0	1.0000000E+2	0.0000000E+0
2.0822900E+2	6.1546396E+1	6.0854659E+1	0.0000000E+0	0.0000000E+0	1.0000000E+2	0.0000000E+0
2.0827900E+2	6.1502670E+1	6.0846525E+1	0.0000000E+0	0.0000000E+0	1.0000000E+2	0.0000000E+0
2.0833000E+2	6.1469755E+1	6.0851171E+1	0.0000000E+0	0.0000000E+0	1.0000000E+2	0.0000000E+0
2.0838000E+2	6.1464880E+1	6.0862342E+1	0.0000000E+0	0.0000000E+0	1.0000000E+2	0.0000000E+0
2.0843100E+2	6.1494828E+1	6.0872966E+1	0.0000000E+0	0.0000000E+0	1.0000000E+2	0.0000000E+0
2.0848100E+2	6.1501691E+1	6.0862496E+1	0.0000000E+0	0.0000000E+0	1.0000000E+2	0.0000000E+0
2.0853100E+2	6.1505854E+1	6.0855602E+1	0.0000000E+0	0.0000000E+0	1.0000000E+2	0.0000000E+0
2.0858100E+2	6.1536521E+1	6.0881703E+1	0.0000000E+0	0.0000000E+0	1.0000000E+2	0.0000000E+0
2.0863100E+2	6.1555286E+1	6.0877114E+1	0.0000000E+0	0.0000000E+0	1.0000000E+2	0.0000000E+0
2.0868200E+2	6.1549866E+1	6.0866161E+1	0.0000000E+0	0.0000000E+0	1.0000000E+2	0.0000000E+0
2.0873200E+2	6.1558489E+1	6.0865000E+1	0.0000000E+0	0.0000000E+0	1.0000000E+2	0.0000000E+0
2.0878300E+2	6.1525890E+1	6.0858452E+1	0.0000000E+0	0.0000000E+0	1.0000000E+2	0.0000000E+0
2.0883300E+2	6.1529803E+1	6.0864890E+1	0.0000000E+0	0.0000000E+0	1.0000000E+2	0.0000000E+0
2.0888400E+2	6.1539851E+1	6.0867076E+1	0.0000000E+0	0.0000000E+0	1.0000000E+2	0.0000000E+0
2.0893400E+2	6.1536025E+1	6.0866162E+1	0.0000000E+0	0.0000000E+0	1.0000000E+2	0.0000000E+0
2.0898400E+2	6.1551875E+1	6.0864582E+1	0.0000000E+0	0.0000000E+0	1.0000000E+2	0.0000000E+0
2.0903400E+2	6.1533134E+1	6.0864793E+1	0.0000000E+0	0.0000000E+0	1.0000000E+2	0.0000000E+0
2.0908400E+2	6.1523107E+1	6.0873118E+1	0.0000000E+0	0.0000000E+0	1.0000000E+2	0.0000000E+0
2.0913400E+2	6.1550642E+1	6.0892124E+1	0.0000000E+0	0.0000000E+0	1.0000000E+2	0.0000000E+0
2.0918500E+2	6.1563267E+1	6.0878084E+1	0.0000000E+0	0.0000000E+0	1.0000000E+2	0.0000000E+0
2.0923500E+2	6.1589043E+1	6.0884649E+1	0.0000000E+0	0.0000000E+0	1.0000000E+2	0.0000000E+0
2.0928500E+2	6.1581163E+1	6.0891963E+1	0.0000000E+0	0.0000000E+0	1.0000000E+2	0.0000000E+0
2.0933500E+2	6.1585803E+1	6.0881466E+1	0.0000000E+0	0.0000000E+0	1.0000000E+2	0.0000000E+0
2.0938500E+2	6.1582398E+1	6.0866540E+1	0.0000000E+0	0.0000000E+0	1.0000000E+2	0.0000000E+0
2.0943500E+2	6.1566968E+1	6.0866802E+1	0.0000000E+0	0.0000000E+0	1.0000000E+2	0.0000000E+0
2.0948500E+2	6.1587393E+1	6.0883092E+1	0.0000000E+0	0.0000000E+0	1.0000000E+2	0.0000000E+0
2.0953500E+2	6.1592887E+1	6.0882568E+1	0.0000000E+0	0.0000000E+0	1.0000000E+2	0.0000000E+0
2.0958500E+2	6.1513716E+1	6.0880439E+1	0.0000000E+0	0.0000000E+0	1.0000000E+2	0.0000000E+0
2.0963600E+2	6.1495057E+1	6.0862395E+1	0.0000000E+0	0.0000000E+0	1.0000000E+2	0.0000000E+0
2.0968600E+2	6.1507744E+1	6.0857763E+1	0.0000000E+0	0.0000000E+0	1.0000000E+2	0.0000000E+0
2.0973600E+2	6.1487799E+1	6.0855557E+1	0.0000000E+0	0.0000000E+0	1.0000000E+2	0.0000000E+0
2.0978600E+2	6.1486857E+1	6.0861920E+1	0.0000000E+0	0.0000000E+0	1.0000000E+2	0.0000000E+0
2.0983600E+2	6.1474665E+1	6.0855916E+1	0.0000000E+0	0.0000000E+0	1.0000000E+2	0.0000000E+0
2.0988600E+2	6.1467313E+1	6.0859908E+1	0.0000000E+0	0.0000000E+0	1.0000000E+2	0.0000000E+0
2.0993600E+2	6.1470174E+1	6.0848441E+1	0.0000000E+0	0.0000000E+0	1.0000000E+2	0.0000000E+0
2.0998600E+2	6.1468753E+1	6.0856770E+1	0.0000000E+0	0.0000000E+0	1.0000000E+2	0.0000000E+0
2.1003600E+2	6.1474407E+1	6.0846271E+1	0.0000000E+0	0.0000000E+0	1.0000000E+2	0.0000000E+0
2.1008600E+2	6.1461178E+1	6.0851050E+1	0.0000000E+0	0.0000000E+0	1.0000000E+2	0.0000000E+0
2.1013600E+2	6.1461077E+1	6.0875353E+1	0.0000000E+0	0.0000000E+0	1.0000000E+2	0.0000000E+0
2.1018600E+2	6.1504272E+1	6.0884650E+1	0.0000000E+0	0.0000000E+0	1.0000000E+2	0.0000000E+0
2.1023600E+2	6.1492760E+1	6.0874587E+1	0.0000000E+0	0.0000000E+0	1.0000000E+2	0.0000000E+0
2.1028600E+2	6.1496862E+1	6.0890607E+1	0.0000000E+0	0.0000000E+0	1.0000000E+2	0.0000000E+0
2.1033600E+2	6.1492494E+1	6.0899260E+1	0.0000000E+0	0.0000000E+0	1.0000000E+2	0.0000000E+0
2.1038600E+2	6.1476076E+1	6.0874204E+1	0.0000000E+0	0.0000000E+0	1.0000000E+2	0.0000000E+0
2.1043600E+2	6.1488152E+1	6.0880500E+1	0.0000000E+0	0.0000000E+0	1.0000000E+2	0.0000000E+0
2.1048600E+2	6.1487441E+1	6.0869885E+1	0.0000000E+0	0.0000000E+0	1.0000000E+2	0.0000000E+0
2.1053600E+2	6.1492664E+1	6.0873527E+1	0.0000000E+0	0.0000000E+0	1.0000000E+2	0.0000000E+0
2.1058600E+2	6.1490266E+1	6.0878491E+1	0.0000000E+0	0.0000000E+0	1.0000000E+2	0.0000000E+0
2.1063600E+2	6.1506063E+1	6.0887863E+1	0.0000000E+0	0.0000000E+0	1.0000000E+2	0.0000000E+0
2.1068600E+2	6.1501096E+1	6.0871094E+1	0.0000000E+0	0.0000000E+0	1.0000000E+2	0.0000000E+0
2.1073600E+2	6.1435078E+1	6.0855368E+1	0.0000000E+0	0.0000000E+0	1.0000000E+2	0.0000000E+0
2.1078600E+2	6.1430051E+1	6.0857078E+1	0.0000000E+0	0.0000000E+0	1.0000000E+2	0.0000000E+0
2.1083700E+2	6.1435937E+1	6.0852608E+1	0.0000000E+0	0.0000000E+0	1.0000000E+2	0.0000000E+0
2.1088700E+2	6.1441529E+1	6.0855697E+1	0.0000000E+0	0.0000000E+0	1.0000000E+2	0.0000000E+0
2.1093700E+2	6.1450778E+1	6.0849608E+1	0.0000000E+0	0.0000000E+0	1.0000000E+2	0.0000000E+0
2.1098700E+2	6.1490006E+1	6.0875231E+1	0.0000000E+0	0.0000000E+0	1.0000000E+2	0.0000000E+0
2.1103700E+2	6.1521172E+1	6.0875116E+1	0.0000000E+0	0.0000000E+0	1.0000000E+2	0.0000000E+0
2.1108700E+2	6.1532390E+1	6.0863962E+1	0.0000000E+0	0.0000000E+0	1.0000000E+2	0.0000000E+0
2.1113700E+2	6.1538882E+1	6.0868178E+1	0.0000000E+0	0.0000000E+0	1.0000000E+2	0.0000000E+0
2.1118800E+2	6.1555686E+1	6.0876988E+1	0.0000000E+0	0.0000000E+0	1.0000000E+2	0.0000000E+0
2.1123800E+2	6.1536910E+1	6.0864888E+1	0.0000000E+0	0.0000000E+0	1.0000000E+2	0.0000000E+0
2.1128800E+2	6.1540333E+1	6.0864389E+1	0.0000000E+0	0.0000000E+0	1.0000000E+2	0.0000000E+0
2.1133800E+2	6.1570114E+1	6.0860530E+1	0.0000000E+0	0.0000000E+0	1.0000000E+2	0.0000000E+0
2.1138900E+2	6.1592050E+1	6.0864844E+1	0.0000000E+0	0.0000000E+0	1.0000000E+2	0.0000000E+0
2.1143900E+2	6.1597238E+1	6.0872030E+1	0.0000000E+0	0.0000000E+0	1.0000000E+2	0.0000000E+0
2.1148900E+2	6.1591473E+1	6.0859582E+1	0.0000000E+0	0.0000000E+0	1.0000000E+2	0.0000000E+0
2.1153900E+2	6.1579519E+1	6.0846018E+1	0.0000000E+0	0.0000000E+0	1.0000000E+2	0.0000000E+0
2.1159000E+2	6.1587027E+1	6.0834225E+1	0.0000000E+0	0.0000000E+0	1.0000000E+2	0.0000000E+0
2.1164100E+2	6.1599782E+1	6.0858834E+1	0.0000000E+0	0.0000000E+0	1.0000000E+2	0.0000000E+0
2.1169100E+2	6.1620819E+1	6.0861970E+1	0.0000000E+0	0.0000000E+0	1.0000000E+2	0.0000000E+0
2.1174200E+2	6.1629773E+1	6.0871867E+1	0.0000000E+0	0.0000000E+0	1.0000000E+2	0.0000000E+0
2.1179300E+2	6.1639383E+1	6.0869134E+1	0.0000000E+0	0.0000000E+0	1.0000000E+2	0.0000000E+0
2.1184400E+2	6.1659189E+1	6.0867500E+1	0.0000000E+0	0.0000000E+0	1.0000000E+2	0.0000000E+0
2.1189400E+2	6.1638887E+1	6.0848965E+1	0.0000000E+0	0.0000000E+0	1.0000000E+2	0.0000000E+0
2.1194400E+2	6.1617548E+1	6.0861264E+1	0.0000000E+0	0.0000000E+0	1.0000000E+2	0.0000000E+0
2.1199400E+2	6.1625799E+1	6.0849546E+1	0.0000000E+0	0.0000000E+0	1.0000000E+2	0.0000000E+0
2.1204400E+2	6.1662454E+1	6.0873011E+1	0.0000000E+0	0.0000000E+0	1.0000000E+2	0.0000000E+0
2.1209400E+2	6.1660539E+1	6.0883946E+1	0.0000000E+0	0.0000000E+0	1.0000000E+2	0.0000000E+0
2.1214400E+2	6.1660099E+1	6.0860963E+1	0.0000000E+0	0.0000000E+0	1.0000000E+2	0.0000000E+0
2.1219400E+2	6.1671120E+1	6.0858698E+1	0.0000000E+0	0.0000000E+0	1.0000000E+2	0.0000000E+0
2.1224400E+2	6.1679800E+1	6.0840299E+1	0.0000000E+0	0.0000000E+0	1.0000000E+2	0.0000000E+0
2.1229400E+2	6.1713565E+1	6.0852663E+1	0.0000000E+0	0.0000000E+0	1.0000000E+2	0.0000000E+0
2.1234400E+2	6.1736353E+1	6.0851057E+1	0.0000000E+0	0.0000000E+0	1.0000000E+2	0.0000000E+0
2.1239400E+2	6.1732928E+1	6.0855756E+1	0.0000000E+0	0.0000000E+0	1.0000000E+2	0.0000000E+0
2.1244400E+2	6.1758902E+1	6.0867795E+1	0.0000000E+0	0.0000000E+0	1.0000000E+2	0.0000000E+0
2.1249400E+2	6.1800768E+1	6.0874716E+1	0.0000000E+0	0.0000000E+0	1.0000000E+2	0.0000000E+0
2.1254400E+2	6.1809434E+1	6.0878060E+1	0.0000000E+0	0.0000000E+0	1.0000000E+2	0.0000000E+0
2.1259400E+2	6.1813808E+1	6.0878768E+1	0.0000000E+0	0.0000000E+0	1.0000000E+2	0.0000000E+0
2.1264400E+2	6.1807980E+1	6.0877161E+1	0.0000000E+0	0.0000000E+0	1.0000000E+2	0.0000000E+0
2.1269400E+2	6.1811721E+1	6.0875086E+1	0.0000000E+0	0.0000000E+0	1.0000000E+2	0.0000000E+0
2.1274400E+2	6.1821848E+1	6.0865917E+1	0.0000000E+0	0.0000000E+0	1.0000000E+2	0.0000000E+0
2.1279400E+2	6.1833913E+1	6.0875805E+1	0.0000000E+0	0.0000000E+0	1.0000000E+2	0.0000000E+0
2.1284400E+2	6.1845311E+1	6.0876596E+1	0.0000000E+0	0.0000000E+0	1.0000000E+2	0.0000000E+0
2.1289400E+2	6.1812164E+1	6.0881980E+1	0.0000000E+0	0.0000000E+0	1.0000000E+2	0.0000000E+0
2.1294400E+2	6.1793959E+1	6.0870720E+1	0.0000000E+0	0.0000000E+0	1.0000000E+2	0.0000000E+0
2.1299400E+2	6.1794742E+1	6.0869619E+1	0.0000000E+0	0.0000000E+0	1.0000000E+2	0.0000000E+0
2.1304400E+2	6.1792300E+1	6.0865229E+1	0.0000000E+0	0.0000000E+0	1.0000000E+2	0.0000000E+0
2.1309400E+2	6.1815895E+1	6.0880019E+1	0.0000000E+0	0.0000000E+0	1.0000000E+2	0.0000000E+0
2.1314400E+2	6.1839160E+1	6.0886742E+1	0.0000000E+0	0.0000000E+0	1.0000000E+2	0.0000000E+0
2.1319400E+2	6.1851222E+1	6.0893836E+1	0.0000000E+0	0.0000000E+0	1.0000000E+2	0.0000000E+0
2.1324500E+2	6.1861859E+1	6.0894895E+1	0.0000000E+0	0.0000000E+0	1.0000000E+2	0.0000000E+0
2.1329500E+2	6.1870020E+1	6.0886908E+1	0.0000000E+0	0.0000000E+0	1.0000000E+2	0.0000000E+0
2.1334500E+2	6.1872833E+1	6.0885528E+1	0.0000000E+0	0.0000000E+0	1.0000000E+2	0.0000000E+0
2.1339500E+2	6.1852834E+1	6.0878369E+1	0.0000000E+0	0.0000000E+0	1.0000000E+2	0.0000000E+0
2.1344500E+2	6.1856869E+1	6.0862707E+1	0.0000000E+0	0.0000000E+0	1.0000000E+2	0.0000000E+0
2.1349500E+2	6.1899657E+1	6.0866173E+1	0.0000000E+0	0.0000000E+0	1.0000000E+2	0.0000000E+0
2.1354500E+2	6.1913576E+1	6.0869251E+1	0.0000000E+0	0.0000000E+0	1.0000000E+2	0.0000000E+0
2.1359500E+2	6.1939911E+1	6.0860253E+1	0.0000000E+0	0.0000000E+0	1.0000000E+2	0.0000000E+0
2.1364500E+2	6.1961549E+1	6.0872800E+1	0.0000000E+0	0.0000000E+0	1.0000000E+2	0.0000000E+0
2.1369500E+2	6.1980021E+1	6.0883907E+1	0.0000000E+0	0.0000000E+0	1.0000000E+2	0.0000000E+0
2.1374600E+2	6.1988310E+1	6.0870015E+1	0.0000000E+0	0.0000000E+0	1.0000000E+2	0.0000000E+0
2.1379600E+2	6.1979161E+1	6.0852342E+1	0.0000000E+0	0.0000000E+0	1.0000000E+2	0.0000000E+0
2.1384600E+2	6.2007528E+1	6.0870391E+1	0.0000000E+0	0.0000000E+0	1.0000000E+2	0.0000000E+0
2.1389600E+2	6.2050583E+1	6.0892451E+1	0.0000000E+0	0.0000000E+0	1.0000000E+2	0.0000000E+0
2.1394600E+2	6.2056931E+1	6.0905336E+1	0.0000000E+0	0.0000000E+0	1.0000000E+2	0.0000000E+0
