Time [s]	Channel 1	Channel 2	Channel 3	Channel 4	Solar 1\t	Solar 2
1.7000000E-1	6.2766545E+1	6.1085709E+1	0.0000000E+0	0.0000000E+0	1.0000000E+2	0.0000000E+0
2.2100000E-1	1.2132718E+1	1.1896182E+1	0.0000000E+0	0.0000000E+0	1.0000000E+2	0.0000000E+0
2.7100000E-1	1.2129568E+1	1.1892648E+1	0.0000000E+0	0.0000000E+0	1.0000000E+2	0.0000000E+0
3.2200000E-1	1.2119182E+1	1.1923031E+1	0.0000000E+0	0.0000000E+0	1.0000000E+2	0.0000000E+0
3.7200000E-1	1.2111732E+1	1.1949349E+1	0.0000000E+0	0.0000000E+0	1.0000000E+2	0.0000000E+0
4.2200000E-1	1.2100895E+1	1.1944015E+1	0.0000000E+0	0.0000000E+0	1.0000000E+2	0.0000000E+0
4.7300000E-1	1.2170411E+1	1.1987495E+1	0.0000000E+0	0.0000000E+0	1.0000000E+2	0.0000000E+0
5.2300000E-1	1.2665221E+1	1.2481560E+1	0.0000000E+0	0.0000000E+0	1.0000000E+2	0.0000000E+0
5.7400000E-1	1.3296959E+1	1.2919761E+1	0.0000000E+0	0.0000000E+0	1.0000000E+2	0.0000000E+0
6.2400000E-1	1.3823728E+1	1.3386119E+1	0.0000000E+0	0.0000000E+0	1.0000000E+2	0.0000000E+0
6.7400000E-1	1.3436286E+1	1.2968983E+1	0.0000000E+0	0.0000000E+0	1.0000000E+2	0.0000000E+0
7.2400000E-1	1.3069163E+1	1.2578179E+1	0.0000000E+0	0.0000000E+0	1.0000000E+2	0.0000000E+0
7.7400000E-1	1.3195811E+1	1.2673013E+1	0.0000000E+0	0.0000000E+0	1.0000000E+2	0.0000000E+0
8.2500000E-1	1.3146230E+1	1.2664752E+1	0.0000000E+0	0.0000000E+0	1.0000000E+2	0.0000000E+0
8.7500000E-1	1.3119151E+1	1.2634131E+1	0.0000000E+0	0.0000000E+0	1.0000000E+2	0.0000000E+0
9.2500000E-1	1.3150052E+1	1.2637026E+1	0.0000000E+0	0.0000000E+0	1.0000000E+2	0.0000000E+0
9.7500000E-1	1.3178032E+1	1.2663332E+1	0.0000000E+0	0.0000000E+0	1.0000000E+2	0.0000000E+0
1.0250000E+0	1.3132509E+1	1.2654142E+1	0.0000000E+0	0.0000000E+0	1.0000000E+2	0.0000000E+0
1.0750000E+0	1.3148023E+1	1.2634387E+1	0.0000000E+0	0.0000000E+0	1.0000000E+2	0.0000000E+0
1.1250000E+0	1.3203955E+1	1.2665961E+1	0.0000000E+0	0.0000000E+0	1.0000000E+2	0.0000000E+0
1.1750000E+0	1.3202989E+1	1.2679929E+1	0.0000000E+0	0.0000000E+0	1.0000000E+2	0.0000000E+0
1.2250000E+0	1.3174615E+1	1.2654007E+1	0.0000000E+0	0.0000000E+0	1.0000000E+2	0.0000000E+0
1.2750000E+0	1.3252665E+1	1.2669923E+1	0.0000000E+0	0.0000000E+0	1.0000000E+2	0.0000000E+0
1.3250000E+0	1.3303392E+1	1.2703440E+1	0.0000000E+0	0.0000000E+0	1.0000000E+2	0.0000000E+0
1.3750000E+0	1.3274460E+1	1.2703788E+1	0.0000000E+0	0.0000000E+0	1.0000000E+2	0.0000000E+0
1.4250000E+0	1.3300203E+1	1.2695305E+1	0.0000000E+0	0.0000000E+0	1.0000000E+2	0.0000000E+0
1.4750000E+0	1.3369323E+1	1.2705105E+1	0.0000000E+0	0.0000000E+0	1.0000000E+2	0.0000000E+0
1.5250000E+0	1.3404985E+1	1.2744319E+1	0.0000000E+0	0.0000000E+0	1.0000000E+2	0.0000000E+0
1.5750000E+0	1.3378049E+1	1.2736649E+1	0.0000000E+0	0.0000000E+0	1.0000000E+2	0.0000000E+0
1.6250000E+0	1.3394777E+1	1.2730940E+1	0.0000000E+0	0.0000000E+0	1.0000000E+2	0.0000000E+0
1.6750000E+0	1.3466562E+1	1.2767631E+1	0.0000000E+0	0.0000000E+0	1.0000000E+2	0.0000000E+0
1.7250000E+0	1.3487560E+1	1.2769019E+1	0.0000000E+0	0.0000000E+0	1.0000000E+2	0.0000000E+0
1.7750000E+0	1.3560991E+1	1.2848088E+1	0.0000000E+0	0.0000000E+0	1.0000000E+2	0.0000000E+0
1.8250000E+0	1.4131674E+1	1.3410573E+1	0.0000000E+0	0.0000000E+0	1.0000000E+2	0.0000000E+0
1.8750000E+0	1.4926695E+1	1.4342600E+1	0.0000000E+0	0.0000000E+0	1.0000000E+2	0.0000000E+0
1.9250000E+0	1.5826977E+1	1.5561187E+1	0.0000000E+0	0.0000000E+0	1.0000000E+2	0.0000000E+0
1.9750000E+0	1.6958685E+1	1.6826621E+1	0.0000000E+0	0.0000000E+0	1.0000000E+2	0.0000000E+0
2.0250000E+0	1.8279218E+1	1.8128179E+1	0.0000000E+0	0.0000000E+0	1.0000000E+2	0.0000000E+0
2.0750000E+0	1.9525935E+1	1.9108288E+1	0.0000000E+0	0.0000000E+0	1.0000000E+2	0.0000000E+0
2.1250000E+0	2.0726778E+1	2.0008039E+1	0.0000000E+0	0.0000000E+0	1.0000000E+2	0.0000000E+0
2.1750000E+0	2.1898438E+1	2.1139190E+1	0.0000000E+0	0.0000000E+0	1.0000000E+2	0.0000000E+0
2.2250000E+0	2.3090584E+1	2.2214497E+1	0.0000000E+0	0.0000000E+0	1.0000000E+2	0.0000000E+0
2.2750000E+0	2.4305434E+1	2.3405142E+1	0.0000000E+0	0.0000000E+0	1.0000000E+2	0.0000000E+0
2.3250000E+0	2.5507854E+1	2.4582191E+1	0.0000000E+0	0.0000000E+0	1.0000000E+2	0.0000000E+0
2.3760000E+0	2.6738074E+1	2.5790552E+1	0.0000000E+0	0.0000000E+0	1.0000000E+2	0.0000000E+0
2.4260000E+0	2.7956826E+1	2.6990787E+1	0.0000000E+0	0.0000000E+0	1.0000000E+2	0.0000000E+0
2.4770000E+0	2.9035316E+1	2.8064341E+1	0.0000000E+0	0.0000000E+0	1.0000000E+2	0.0000000E+0
2.5270000E+0	3.0089696E+1	2.9119510E+1	0.0000000E+0	0.0000000E+0	1.0000000E+2	0.0000000E+0
2.5770000E+0	3.1481540E+1	3.0494216E+1	0.0000000E+0	0.0000000E+0	1.0000000E+2	0.0000000E+0
2.6270000E+0	3.3164253E+1	3.2152146E+1	0.0000000E+0	0.0000000E+0	1.0000000E+2	0.0000000E+0
2.6770000E+0	3.4976083E+1	3.3967343E+1	0.0000000E+0	0.0000000E+0	1.0000000E+2	0.0000000E+0
2.7280000E+0	3.6932398E+1	3.5908237E+1	0.0000000E+0	0.0000000E+0	1.0000000E+2	0.0000000E+0
2.7790000E+0	3.8836926E+1	3.7769327E+1	0.0000000E+0	0.0000000E+0	1.0000000E+2	0.0000000E+0
2.8290000E+0	4.0276249E+1	3.9200826E+1	0.0000000E+0	0.0000000E+0	1.0000000E+2	0.0000000E+0
2.8790000E+0	4.0761867E+1	3.9694418E+1	0.0000000E+0	0.0000000E+0	1.0000000E+2	0.0000000E+0
2.9290000E+0	4.1009925E+1	3.9941621E+1	0.0000000E+0	0.0000000E+0	1.0000000E+2	0.0000000E+0
2.9790000E+0	4.1286725E+1	4.0205412E+1	0.0000000E+0	0.0000000E+0	1.0000000E+2	0.0000000E+0
3.0290000E+0	4.1467981E+1	4.0380404E+1	0.0000000E+0	0.0000000E+0	1.0000000E+2	0.0000000E+0
3.0790000E+0	4.1625537E+1	4.0527798E+1	0.0000000E+0	0.0000000E+0	1.0000000E+2	0.0000000E+0
3.1290000E+0	4.1734283E+1	4.0640180E+1	0.0000000E+0	0.0000000E+0	1.0000000E+2	0.0000000E+0
3.1790000E+0	4.1836350E+1	4.0730791E+1	0.0000000E+0	0.0000000E+0	1.0000000E+2	0.0000000E+0
3.2290000E+0	4.1932137E+1	4.0800880E+1	0.0000000E+0	0.0000000E+0	1.0000000E+2	0.0000000E+0
3.2790000E+0	4.2096632E+1	4.0950009E+1	0.0000000E+0	0.0000000E+0	1.0000000E+2	0.0000000E+0
3.3290000E+0	4.2422280E+1	4.1286410E+1	0.0000000E+0	0.0000000E+0	1.0000000E+2	0.0000000E+0
3.3800000E+0	4.3010566E+1	4.1863595E+1	0.0000000E+0	0.0000000E+0	1.0000000E+2	0.0000000E+0
3.4310000E+0	4.3862809E+1	4.2705650E+1	0.0000000E+0	0.0000000E+0	1.0000000E+2	0.0000000E+0
3.4810000E+0	4.5012403E+1	4.3830618E+1	0.0000000E+0	0.0000000E+0	1.0000000E+2	0.0000000E+0
3.5310000E+0	4.6329857E+1	4.5125768E+1	0.0000000E+0	0.0000000E+0	1.0000000E+2	0.0000000E+0
3.5810000E+0	4.7570665E+1	4.6360918E+1	0.0000000E+0	0.0000000E+0	1.0000000E+2	0.0000000E+0
3.6310000E+0	4.8539500E+1	4.7311598E+1	0.0000000E+0	0.0000000E+0	1.0000000E+2	0.0000000E+0
3.6810000E+0	4.9171013E+1	4.7926490E+1	0.0000000E+0	0.0000000E+0	1.0000000E+2	0.0000000E+0
3.7310000E+0	4.9580608E+1	4.8333629E+1	0.0000000E+0	0.0000000E+0	1.0000000E+2	0.0000000E+0
3.7820000E+0	4.9871883E+1	4.8626659E+1	0.0000000E+0	0.0000000E+0	1.0000000E+2	0.0000000E+0
3.8320000E+0	5.0118008E+1	4.8833219E+1	0.0000000E+0	0.0000000E+0	1.0000000E+2	0.0000000E+0
3.8820000E+0	5.0315652E+1	4.9030839E+1	0.0000000E+0	0.0000000E+0	1.0000000E+2	0.0000000E+0
3.9320000E+0	5.0478703E+1	4.9169864E+1	0.0000000E+0	0.0000000E+0	1.0000000E+2	0.0000000E+0
3.9830000E+0	5.0590854E+1	4.9264666E+1	0.0000000E+0	0.0000000E+0	1.0000000E+2	0.0000000E+0
4.0340000E+0	5.0706199E+1	4.9370855E+1	0.0000000E+0	0.0000000E+0	1.0000000E+2	0.0000000E+0
4.0850000E+0	5.0794091E+1	4.9456325E+1	0.0000000E+0	0.0000000E+0	1.0000000E+2	0.0000000E+0
4.1360000E+0	5.0880837E+1	4.9513159E+1	0.0000000E+0	0.0000000E+0	1.0000000E+2	0.0000000E+0
4.1860000E+0	5.0957568E+1	4.9582027E+1	0.0000000E+0	0.0000000E+0	1.0000000E+2	0.0000000E+0
4.2360000E+0	5.1038554E+1	4.9654239E+1	0.0000000E+0	0.0000000E+0	1.0000000E+2	0.0000000E+0
4.2870000E+0	5.1192072E+1	4.9776422E+1	0.0000000E+0	0.0000000E+0	1.0000000E+2	0.0000000E+0
4.3370000E+0	5.1431001E+1	4.9987848E+1	0.0000000E+0	0.0000000E+0	1.0000000E+2	0.0000000E+0
4.3870000E+0	5.1867602E+1	5.0413530E+1	0.0000000E+0	0.0000000E+0	1.0000000E+2	0.0000000E+0
4.4370000E+0	5.2599400E+1	5.1120387E+1	0.0000000E+0	0.0000000E+0	1.0000000E+2	0.0000000E+0
4.4870000E+0	5.3520096E+1	5.2015900E+1	0.0000000E+0	0.0000000E+0	1.0000000E+2	0.0000000E+0
4.5370000E+0	5.4457203E+1	5.2950944E+1	0.0000000E+0	0.0000000E+0	1.0000000E+2	0.0000000E+0
4.5870000E+0	5.5368827E+1	5.3856959E+1	0.0000000E+0	0.0000000E+0	1.0000000E+2	0.0000000E+0
4.6370000E+0	5.6240018E+1	5.4720764E+1	0.0000000E+0	0.0000000E+0	1.0000000E+2	0.0000000E+0
4.6870000E+0	5.7048139E+1	5.5523097E+1	0.0000000E+0	0.0000000E+0	1.0000000E+2	0.0000000E+0
4.7370000E+0	5.7811610E+1	5.6300280E+1	0.0000000E+0	0.0000000E+0	1.0000000E+2	0.0000000E+0
4.7870000E+0	5.8499363E+1	5.6990646E+1	0.0000000E+0	0.0000000E+0	1.0000000E+2	0.0000000E+0
4.8370000E+0	5.9174136E+1	5.7658231E+1	0.0000000E+0	0.0000000E+0	1.0000000E+2	0.0000000E+0
4.8870000E+0	5.9781151E+1	5.8255132E+1	0.0000000E+0	0.0000000E+0	1.0000000E+2	0.0000000E+0
4.9380000E+0	6.0281958E+1	5.8726877E+1	0.0000000E+0	0.0000000E+0	1.0000000E+2	0.0000000E+0
4.9880000E+0	6.0745209E+1	5.9173865E+1	0.0000000E+0	0.0000000E+0	1.0000000E+2	0.0000000E+0
5.0390000E+0	6.1212058E+1	5.9629172E+1	0.0000000E+0	0.0000000E+0	1.0000000E+2	0.0000000E+0
5.0890000E+0	6.1667146E+1	6.0059108E+1	0.0000000E+0	0.0000000E+0	1.0000000E+2	0.0000000E+0
5.1390000E+0	6.2156122E+1	6.0519608E+1	0.0000000E+0	0.0000000E+0	1.0000000E+2	0.0000000E+0
5.1890000E+0	6.2640413E+1	6.1002040E+1	0.0000000E+0	0.0000000E+0	1.0000000E+2	0.0000000E+0
5.2390000E+0	6.3081482E+1	6.1445043E+1	0.0000000E+0	0.0000000E+0	1.0000000E+2	0.0000000E+0
5.2890000E+0	6.3455915E+1	6.1792662E+1	0.0000000E+0	0.0000000E+0	1.0000000E+2	0.0000000E+0
5.3390000E+0	6.3750173E+1	6.2074227E+1	0.0000000E+0	0.0000000E+0	1.0000000E+2	0.0000000E+0
5.3890000E+0	6.3955317E+1	6.2288662E+1	0.0000000E+0	0.0000000E+0	1.0000000E+2	0.0000000E+0
5.4390000E+0	6.4109935E+1	6.2450985E+1	0.0000000E+0	0.0000000E+0	1.0000000E+2	0.0000000E+0
5.4890000E+0	6.4239912E+1	6.2601479E+1	0.0000000E+0	0.0000000E+0	1.0000000E+2	0.0000000E+0
5.5400000E+0	6.4358796E+1	6.2695370E+1	0.0000000E+0	0.0000000E+0	1.0000000E+2	0.0000000E+0
5.5910000E+0	6.4451725E+1	6.2781710E+1	0.0000000E+0	0.0000000E+0	1.0000000E+2	0.0000000E+0
5.6410000E+0	6.4539162E+1	6.2872650E+1	0.0000000E+0	0.0000000E+0	1.0000000E+2	0.0000000E+0
5.6910000E+0	6.4621568E+1	6.2955815E+1	0.0000000E+0	0.0000000E+0	1.0000000E+2	0.0000000E+0
5.7410000E+0	6.4678685E+1	6.3021384E+1	0.0000000E+0	0.0000000E+0	1.0000000E+2	0.0000000E+0
5.7910000E+0	6.4717482E+1	6.3084892E+1	0.0000000E+0	0.0000000E+0	1.0000000E+2	0.0000000E+0
5.8410000E+0	6.4777846E+1	6.3113181E+1	0.0000000E+0	0.0000000E+0	1.0000000E+2	0.0000000E+0
5.8910000E+0	6.4878635E+1	6.3163976E+1	0.0000000E+0	0.0000000E+0	1.0000000E+2	0.0000000E+0
5.9410000E+0	6.4952655E+1	6.3208380E+1	0.0000000E+0	0.0000000E+0	1.0000000E+2	0.0000000E+0
5.9910000E+0	6.5038344E+1	6.3253182E+1	0.0000000E+0	0.0000000E+0	1.0000000E+2	0.0000000E+0
6.0410000E+0	6.5097371E+1	6.3275657E+1	0.0000000E+0	0.0000000E+0	1.0000000E+2	0.0000000E+0
6.0910000E+0	6.5176413E+1	6.3310597E+1	0.0000000E+0	0.0000000E+0	1.0000000E+2	0.0000000E+0
6.1410000E+0	6.5238906E+1	6.3339321E+1	0.0000000E+0	0.0000000E+0	1.0000000E+2	0.0000000E+0
6.1910000E+0	6.5296121E+1	6.3372291E+1	0.0000000E+0	0.0000000E+0	1.0000000E+2	0.0000000E+0
6.2410000E+0	6.5339346E+1	6.3403434E+1	0.0000000E+0	0.0000000E+0	1.0000000E+2	0.0000000E+0
6.2910000E+0	6.5382079E+1	6.3410265E+1	0.0000000E+0	0.0000000E+0	1.0000000E+2	0.0000000E+0
6.3410000E+0	6.5406147E+1	6.3433260E+1	0.0000000E+0	0.0000000E+0	1.0000000E+2	0.0000000E+0
6.3910000E+0	6.5416009E+1	6.3459691E+1	0.0000000E+0	0.0000000E+0	1.0000000E+2	0.0000000E+0
6.4410000E+0	6.5430766E+1	6.3482716E+1	0.0000000E+0	0.0000000E+0	1.0000000E+2	0.0000000E+0
6.4910000E+0	6.5452192E+1	6.3502872E+1	0.0000000E+0	0.0000000E+0	1.0000000E+2	0.0000000E+0
6.5410000E+0	6.5474440E+1	6.3526666E+1	0.0000000E+0	0.0000000E+0	1.0000000E+2	0.0000000E+0
6.5910000E+0	6.5494029E+1	6.3545057E+1	0.0000000E+0	0.0000000E+0	1.0000000E+2	0.0000000E+0
6.6410000E+0	6.5487350E+1	6.3552292E+1	0.0000000E+0	0.0000000E+0	1.0000000E+2	0.0000000E+0
6.6910000E+0	6.5488070E+1	6.3565667E+1	0.0000000E+0	0.0000000E+0	1.0000000E+2	0.0000000E+0
6.7410000E+0	6.5494138E+1	6.3574122E+1	0.0000000E+0	0.0000000E+0	1.0000000E+2	0.0000000E+0
6.7910000E+0	6.5496992E+1	6.3573704E+1	0.0000000E+0	0.0000000E+0	1.0000000E+2	0.0000000E+0
6.8410000E+0	6.5513929E+1	6.3580416E+1	0.0000000E+0	0.0000000E+0	1.0000000E+2	0.0000000E+0
6.8920000E+0	6.5510725E+1	6.3586980E+1	0.0000000E+0	0.0000000E+0	1.0000000E+2	0.0000000E+0
6.9420000E+0	6.5514669E+1	6.3582724E+1	0.0000000E+0	0.0000000E+0	1.0000000E+2	0.0000000E+0
6.9920000E+0	6.5486497E+1	6.3563910E+1	0.0000000E+0	0.0000000E+0	1.0000000E+2	0.0000000E+0
7.0420000E+0	6.5486359E+1	6.3567068E+1	0.0000000E+0	0.0000000E+0	1.0000000E+2	0.0000000E+0
7.0930000E+0	6.5516470E+1	6.3574004E+1	0.0000000E+0	0.0000000E+0	1.0000000E+2	0.0000000E+0
7.1430000E+0	6.5533194E+1	6.3586574E+1	0.0000000E+0	0.0000000E+0	1.0000000E+2	0.0000000E+0
7.1930000E+0	6.5556891E+1	6.3584196E+1	0.0000000E+0	0.0000000E+0	1.0000000E+2	0.0000000E+0
7.2430000E+0	6.5581275E+1	6.3599913E+1	0.0000000E+0	0.0000000E+0	1.0000000E+2	0.0000000E+0
7.2930000E+0	6.5599353E+1	6.3599096E+1	0.0000000E+0	0.0000000E+0	1.0000000E+2	0.0000000E+0
7.3430000E+0	6.5597005E+1	6.3582006E+1	0.0000000E+0	0.0000000E+0	1.0000000E+2	0.0000000E+0
7.3940000E+0	6.5601963E+1	6.3576076E+1	0.0000000E+0	0.0000000E+0	1.0000000E+2	0.0000000E+0
7.4450000E+0	6.5612918E+1	6.3571229E+1	0.0000000E+0	0.0000000E+0	1.0000000E+2	0.0000000E+0
7.4950000E+0	6.5614440E+1	6.3585456E+1	0.0000000E+0	0.0000000E+0	1.0000000E+2	0.0000000E+0
7.5450000E+0	6.5607211E+1	6.3570770E+1	0.0000000E+0	0.0000000E+0	1.0000000E+2	0.0000000E+0
7.5950000E+0	6.5596769E+1	6.3573602E+1	0.0000000E+0	0.0000000E+0	1.0000000E+2	0.0000000E+0
7.6450000E+0	6.5615352E+1	6.3576922E+1	0.0000000E+0	0.0000000E+0	1.0000000E+2	0.0000000E+0
7.6950000E+0	6.5631205E+1	6.3578559E+1	0.0000000E+0	0.0000000E+0	1.0000000E+2	0.0000000E+0
7.7450000E+0	6.5639839E+1	6.3579086E+1	0.0000000E+0	0.0000000E+0	1.0000000E+2	0.0000000E+0
7.7950000E+0	6.5668802E+1	6.3595702E+1	0.0000000E+0	0.0000000E+0	1.0000000E+2	0.0000000E+0
7.8450000E+0	6.5685620E+1	6.3590412E+1	0.0000000E+0	0.0000000E+0	1.0000000E+2	0.0000000E+0
7.8950000E+0	6.5695938E+1	6.3617720E+1	0.0000000E+0	0.0000000E+0	1.0000000E+2	0.0000000E+0
7.9450000E+0	6.5713531E+1	6.3609722E+1	0.0000000E+0	0.0000000E+0	1.0000000E+2	0.0000000E+0
7.9950000E+0	6.5736800E+1	6.3610828E+1	0.0000000E+0	0.0000000E+0	1.0000000E+2	0.0000000E+0
8.0450000E+0	6.5766017E+1	6.3615616E+1	0.0000000E+0	0.0000000E+0	1.0000000E+2	0.0000000E+0
8.0950000E+0	6.5768843E+1	6.3627131E+1	0.0000000E+0	0.0000000E+0	1.0000000E+2	0.0000000E+0
8.1450000E+0	6.5749725E+1	6.3627479E+1	0.0000000E+0	0.0000000E+0	1.0000000E+2	0.0000000E+0
8.1950000E+0	6.5744010E+1	6.3651860E+1	0.0000000E+0	0.0000000E+0	1.0000000E+2	0.0000000E+0
8.2450000E+0	6.5743664E+1	6.3640559E+1	0.0000000E+0	0.0000000E+0	1.0000000E+2	0.0000000E+0
8.2950000E+0	6.5754483E+1	6.3639487E+1	0.0000000E+0	0.0000000E+0	1.0000000E+2	0.0000000E+0
8.3450000E+0	6.5770602E+1	6.3646976E+1	0.0000000E+0	0.0000000E+0	1.0000000E+2	0.0000000E+0
8.3950000E+0	6.5774854E+1	6.3630917E+1	0.0000000E+0	0.0000000E+0	1.0000000E+2	0.0000000E+0
8.4450000E+0	6.5788691E+1	6.3645359E+1	0.0000000E+0	0.0000000E+0	1.0000000E+2	0.0000000E+0
8.4950000E+0	6.5787355E+1	6.3633751E+1	0.0000000E+0	0.0000000E+0	1.0000000E+2	0.0000000E+0
8.5450000E+0	6.5770118E+1	6.3631416E+1	0.0000000E+0	0.0000000E+0	1.0000000E+2	0.0000000E+0
8.5950000E+0	6.5782861E+1	6.3628648E+1	0.0000000E+0	0.0000000E+0	1.0000000E+2	0.0000000E+0
8.6450000E+0	6.5819996E+1	6.3639505E+1	0.0000000E+0	0.0000000E+0	1.0000000E+2	0.0000000E+0
8.6970000E+0	6.5836038E+1	6.3648445E+1	0.0000000E+0	0.0000000E+0	1.0000000E+2	0.0000000E+0
8.7470000E+0	6.5857303E+1	6.3661830E+1	0.0000000E+0	0.0000000E+0	1.0000000E+2	0.0000000E+0
8.7970000E+0	6.5859107E+1	6.3657210E+1	0.0000000E+0	0.0000000E+0	1.0000000E+2	0.0000000E+0
8.8490000E+0	6.5868010E+1	6.3671917E+1	0.0000000E+0	0.0000000E+0	1.0000000E+2	0.0000000E+0
8.8990000E+0	6.5856241E+1	6.3666414E+1	0.0000000E+0	0.0000000E+0	1.0000000E+2	0.0000000E+0
8.9490000E+0	6.5844913E+1	6.3684188E+1	0.0000000E+0	0.0000000E+0	1.0000000E+2	0.0000000E+0
8.9990000E+0	6.5835912E+1	6.3677532E+1	0.0000000E+0	0.0000000E+0	1.0000000E+2	0.0000000E+0
9.0490000E+0	6.5861077E+1	6.3691086E+1	0.0000000E+0	0.0000000E+0	1.0000000E+2	0.0000000E+0
9.0990000E+0	6.5868256E+1	6.3701002E+1	0.0000000E+0	0.0000000E+0	1.0000000E+2	0.0000000E+0
9.1490000E+0	6.5898819E+1	6.3714195E+1	0.0000000E+0	0.0000000E+0	1.0000000E+2	0.0000000E+0
9.1990000E+0	6.5902574E+1	6.3720468E+1	0.0000000E+0	0.0000000E+0	1.0000000E+2	0.0000000E+0
9.2500000E+0	6.5926564E+1	6.3721006E+1	0.0000000E+0	0.0000000E+0	1.0000000E+2	0.0000000E+0
9.3010000E+0	6.5938810E+1	6.3726003E+1	0.0000000E+0	0.0000000E+0	1.0000000E+2	0.0000000E+0
9.3510000E+0	6.5962491E+1	6.3743229E+1	0.0000000E+0	0.0000000E+0	1.0000000E+2	0.0000000E+0
9.4010000E+0	6.5976439E+1	6.3755884E+1	0.0000000E+0	0.0000000E+0	1.0000000E+2	0.0000000E+0
9.4510000E+0	6.5991482E+1	6.3769892E+1	0.0000000E+0	0.0000000E+0	1.0000000E+2	0.0000000E+0
9.5010000E+0	6.5977412E+1	6.3776371E+1	0.0000000E+0	0.0000000E+0	1.0000000E+2	0.0000000E+0
9.5520000E+0	6.5951679E+1	6.3747854E+1	0.0000000E+0	0.0000000E+0	1.0000000E+2	0.0000000E+0
9.6020000E+0	6.5911306E+1	6.3682594E+1	0.0000000E+0	0.0000000E+0	1.0000000E+2	0.0000000E+0
9.6530000E+0	6.5855781E+1	6.3606784E+1	0.0000000E+0	0.0000000E+0	1.0000000E+2	0.0000000E+0
9.7030000E+0	6.5784232E+1	6.3522728E+1	0.0000000E+0	0.0000000E+0	1.0000000E+2	0.0000000E+0
9.7530000E+0	6.5737492E+1	6.3474824E+1	0.0000000E+0	0.0000000E+0	1.0000000E+2	0.0000000E+0
9.8030000E+0	6.5666107E+1	6.3395106E+1	0.0000000E+0	0.0000000E+0	1.0000000E+2	0.0000000E+0
9.8540000E+0	6.5610195E+1	6.3339707E+1	0.0000000E+0	0.0000000E+0	1.0000000E+2	0.0000000E+0
9.9040000E+0	6.5539757E+1	6.3279054E+1	0.0000000E+0	0.0000000E+0	1.0000000E+2	0.0000000E+0
9.9540000E+0	6.5490927E+1	6.3225297E+1	0.0000000E+0	0.0000000E+0	1.0000000E+2	0.0000000E+0
1.0004000E+1	6.5420303E+1	6.3182371E+1	0.0000000E+0	0.0000000E+0	1.0000000E+2	0.0000000E+0
1.0054000E+1	6.5342298E+1	6.3123131E+1	0.0000000E+0	0.0000000E+0	1.0000000E+2	0.0000000E+0
1.0104000E+1	6.5252313E+1	6.3061113E+1	0.0000000E+0	0.0000000E+0	1.0000000E+2	0.0000000E+0
1.0154000E+1	6.5181408E+1	6.2988655E+1	0.0000000E+0	0.0000000E+0	1.0000000E+2	0.0000000E+0
1.0204000E+1	6.5130123E+1	6.2926869E+1	0.0000000E+0	0.0000000E+0	1.0000000E+2	0.0000000E+0
1.0254000E+1	6.5052958E+1	6.2848451E+1	0.0000000E+0	0.0000000E+0	1.0000000E+2	0.0000000E+0
1.0304000E+1	6.4992033E+1	6.2772209E+1	0.0000000E+0	0.0000000E+0	1.0000000E+2	0.0000000E+0
1.0354000E+1	6.4904000E+1	6.2701268E+1	0.0000000E+0	0.0000000E+0	1.0000000E+2	0.0000000E+0
1.0404000E+1	6.4802473E+1	6.2599731E+1	0.0000000E+0	0.0000000E+0	1.0000000E+2	0.0000000E+0
1.0454000E+1	6.4669942E+1	6.2442428E+1	0.0000000E+0	0.0000000E+0	1.0000000E+2	0.0000000E+0
1.0504000E+1	6.4458400E+1	6.2247065E+1	0.0000000E+0	0.0000000E+0	1.0000000E+2	0.0000000E+0
1.0554000E+1	6.4232683E+1	6.2020012E+1	0.0000000E+0	0.0000000E+0	1.0000000E+2	0.0000000E+0
1.0605000E+1	6.4015373E+1	6.1804536E+1	0.0000000E+0	0.0000000E+0	1.0000000E+2	0.0000000E+0
1.0655000E+1	6.3849639E+1	6.1622642E+1	0.0000000E+0	0.0000000E+0	1.0000000E+2	0.0000000E+0
1.0705000E+1	6.3664722E+1	6.1439049E+1	0.0000000E+0	0.0000000E+0	1.0000000E+2	0.0000000E+0
1.0755000E+1	6.3523061E+1	6.1298119E+1	0.0000000E+0	0.0000000E+0	1.0000000E+2	0.0000000E+0
1.0805000E+1	6.3375446E+1	6.1148069E+1	0.0000000E+0	0.0000000E+0	1.0000000E+2	0.0000000E+0
1.0856000E+1	6.3259022E+1	6.1027371E+1	0.0000000E+0	0.0000000E+0	1.0000000E+2	0.0000000E+0
1.0907000E+1	6.3147963E+1	6.0907657E+1	0.0000000E+0	0.0000000E+0	1.0000000E+2	0.0000000E+0
1.0957000E+1	6.3036065E+1	6.0807684E+1	0.0000000E+0	0.0000000E+0	1.0000000E+2	0.0000000E+0
1.1007000E+1	6.2921210E+1	6.0697777E+1	0.0000000E+0	0.0000000E+0	1.0000000E+2	0.0000000E+0
1.1058000E+1	6.2807550E+1	6.0581907E+1	0.0000000E+0	0.0000000E+0	1.0000000E+2	0.0000000E+0
1.1108000E+1	6.2717627E+1	6.0488224E+1	0.0000000E+0	0.0000000E+0	1.0000000E+2	0.0000000E+0
1.1158000E+1	6.2625063E+1	6.0392168E+1	0.0000000E+0	0.0000000E+0	1.0000000E+2	0.0000000E+0
1.1208000E+1	6.2520777E+1	6.0278785E+1	0.0000000E+0	0.0000000E+0	1.0000000E+2	0.0000000E+0
1.1258000E+1	6.2422112E+1	6.0193748E+1	0.0000000E+0	0.0000000E+0	1.0000000E+2	0.0000000E+0
1.1308000E+1	6.2353908E+1	6.0110426E+1	0.0000000E+0	0.0000000E+0	1.0000000E+2	0.0000000E+0
1.1358000E+1	6.2264819E+1	6.0030542E+1	0.0000000E+0	0.0000000E+0	1.0000000E+2	0.0000000E+0
1.1409000E+1	6.2199804E+1	5.9960816E+1	0.0000000E+0	0.0000000E+0	1.0000000E+2	0.0000000E+0
1.1459000E+1	6.2129147E+1	5.9896661E+1	0.0000000E+0	0.0000000E+0	1.0000000E+2	0.0000000E+0
1.1509000E+1	6.2071927E+1	5.9846553E+1	0.0000000E+0	0.0000000E+0	1.0000000E+2	0.0000000E+0
1.1559000E+1	6.2039953E+1	5.9798314E+1	0.0000000E+0	0.0000000E+0	1.0000000E+2	0.0000000E+0
1.1609000E+1	6.2001304E+1	5.9751682E+1	0.0000000E+0	0.0000000E+0	1.0000000E+2	0.0000000E+0
1.1660000E+1	6.1950576E+1	5.9683661E+1	0.0000000E+0	0.0000000E+0	1.0000000E+2	0.0000000E+0
1.1710000E+1	6.1906894E+1	5.9649201E+1	0.0000000E+0	0.0000000E+0	1.0000000E+2	0.0000000E+0
1.1760000E+1	6.1864780E+1	5.9617967E+1	0.0000000E+0	0.0000000E+0	1.0000000E+2	0.0000000E+0
1.1811000E+1	6.1803964E+1	5.9576209E+1	0.0000000E+0	0.0000000E+0	1.0000000E+2	0.0000000E+0
1.1862000E+1	6.1780416E+1	5.9553139E+1	0.0000000E+0	0.0000000E+0	1.0000000E+2	0.0000000E+0
1.1912000E+1	6.1777878E+1	5.9531003E+1	0.0000000E+0	0.0000000E+0	1.0000000E+2	0.0000000E+0
1.1962000E+1	6.1770099E+1	5.9504226E+1	0.0000000E+0	0.0000000E+0	1.0000000E+2	0.0000000E+0
1.2013000E+1	6.1758073E+1	5.9468282E+1	0.0000000E+0	0.0000000E+0	1.0000000E+2	0.0000000E+0
1.2063000E+1	6.1767023E+1	5.9469028E+1	0.0000000E+0	0.0000000E+0	1.0000000E+2	0.0000000E+0
1.2113000E+1	6.1746183E+1	5.9433067E+1	0.0000000E+0	0.0000000E+0	1.0000000E+2	0.0000000E+0
1.2163000E+1	6.1730705E+1	5.9403457E+1	0.0000000E+0	0.0000000E+0	1.0000000E+2	0.0000000E+0
1.2214000E+1	6.1700954E+1	5.9393353E+1	0.0000000E+0	0.0000000E+0	1.0000000E+2	0.0000000E+0
1.2264000E+1	6.1684908E+1	5.9373671E+1	0.0000000E+0	0.0000000E+0	1.0000000E+2	0.0000000E+0
1.2314000E+1	6.1685508E+1	5.9371155E+1	0.0000000E+0	0.0000000E+0	1.0000000E+2	0.0000000E+0
1.2364000E+1	6.1688607E+1	5.9369387E+1	0.0000000E+0	0.0000000E+0	1.0000000E+2	0.0000000E+0
1.2414000E+1	6.1687350E+1	5.9356978E+1	0.0000000E+0	0.0000000E+0	1.0000000E+2	0.0000000E+0
1.2464000E+1	6.1678900E+1	5.9338109E+1	0.0000000E+0	0.0000000E+0	1.0000000E+2	0.0000000E+0
1.2514000E+1	6.1692402E+1	5.9331678E+1	0.0000000E+0	0.0000000E+0	1.0000000E+2	0.0000000E+0
1.2564000E+1	6.1700758E+1	5.9338993E+1	0.0000000E+0	0.0000000E+0	1.0000000E+2	0.0000000E+0
1.2614000E+1	6.1696907E+1	5.9327815E+1	0.0000000E+0	0.0000000E+0	1.0000000E+2	0.0000000E+0
1.2664000E+1	6.1699540E+1	5.9322151E+1	0.0000000E+0	0.0000000E+0	1.0000000E+2	0.0000000E+0
1.2714000E+1	6.1708615E+1	5.9326493E+1	0.0000000E+0	0.0000000E+0	1.0000000E+2	0.0000000E+0
1.2764000E+1	6.1725306E+1	5.9328511E+1	0.0000000E+0	0.0000000E+0	1.0000000E+2	0.0000000E+0
1.2814000E+1	6.1717333E+1	5.9322424E+1	0.0000000E+0	0.0000000E+0	1.0000000E+2	0.0000000E+0
1.2864000E+1	6.1711550E+1	5.9317101E+1	0.0000000E+0	0.0000000E+0	1.0000000E+2	0.0000000E+0
1.2914000E+1	6.1677233E+1	5.9314801E+1	0.0000000E+0	0.0000000E+0	1.0000000E+2	0.0000000E+0
1.2964000E+1	6.1658764E+1	5.9301584E+1	0.0000000E+0	0.0000000E+0	1.0000000E+2	0.0000000E+0
1.3014000E+1	6.1660880E+1	5.9294169E+1	0.0000000E+0	0.0000000E+0	1.0000000E+2	0.0000000E+0
1.3064000E+1	6.1647358E+1	5.9301220E+1	0.0000000E+0	0.0000000E+0	1.0000000E+2	0.0000000E+0
1.3114000E+1	6.1620781E+1	5.9288523E+1	0.0000000E+0	0.0000000E+0	1.0000000E+2	0.0000000E+0
1.3164000E+1	6.1626510E+1	5.9282743E+1	0.0000000E+0	0.0000000E+0	1.0000000E+2	0.0000000E+0
1.3214000E+1	6.1622599E+1	5.9292882E+1	0.0000000E+0	0.0000000E+0	1.0000000E+2	0.0000000E+0
1.3264000E+1	6.1620438E+1	5.9291102E+1	0.0000000E+0	0.0000000E+0	1.0000000E+2	0.0000000E+0
1.3314000E+1	6.1618917E+1	5.9291206E+1	0.0000000E+0	0.0000000E+0	1.0000000E+2	0.0000000E+0
1.3364000E+1	6.1605764E+1	5.9288012E+1	0.0000000E+0	0.0000000E+0	1.0000000E+2	0.0000000E+0
1.3415000E+1	6.1614969E+1	5.9292412E+1	0.0000000E+0	0.0000000E+0	1.0000000E+2	0.0000000E+0
1.3466000E+1	6.1584887E+1	5.9282495E+1	0.0000000E+0	0.0000000E+0	1.0000000E+2	0.0000000E+0
1.3516000E+1	6.1589279E+1	5.9290445E+1	0.0000000E+0	0.0000000E+0	1.0000000E+2	0.0000000E+0
1.3566000E+1	6.1601793E+1	5.9295916E+1	0.0000000E+0	0.0000000E+0	1.0000000E+2	0.0000000E+0
1.3616000E+1	6.1573026E+1	5.9293671E+1	0.0000000E+0	0.0000000E+0	1.0000000E+2	0.0000000E+0
1.3666000E+1	6.1575035E+1	5.9295897E+1	0.0000000E+0	0.0000000E+0	1.0000000E+2	0.0000000E+0
1.3716000E+1	6.1561186E+1	5.9291292E+1	0.0000000E+0	0.0000000E+0	1.0000000E+2	0.0000000E+0
1.3766000E+1	6.1552824E+1	5.9302020E+1	0.0000000E+0	0.0000000E+0	1.0000000E+2	0.0000000E+0
1.3816000E+1	6.1553761E+1	5.9306869E+1	0.0000000E+0	0.0000000E+0	1.0000000E+2	0.0000000E+0
1.3866000E+1	6.1526901E+1	5.9286163E+1	0.0000000E+0	0.0000000E+0	1.0000000E+2	0.0000000E+0
1.3916000E+1	6.1526247E+1	5.9303919E+1	0.0000000E+0	0.0000000E+0	1.0000000E+2	0.0000000E+0
1.3967000E+1	6.1550107E+1	5.9303812E+1	0.0000000E+0	0.0000000E+0	1.0000000E+2	0.0000000E+0
1.4018000E+1	6.1556615E+1	5.9305891E+1	0.0000000E+0	0.0000000E+0	1.0000000E+2	0.0000000E+0
1.4068000E+1	6.1538675E+1	5.9317974E+1	0.0000000E+0	0.0000000E+0	1.0000000E+2	0.0000000E+0
1.4119000E+1	6.1559597E+1	5.9316959E+1	0.0000000E+0	0.0000000E+0	1.0000000E+2	0.0000000E+0
1.4169000E+1	6.1566068E+1	5.9306786E+1	0.0000000E+0	0.0000000E+0	1.0000000E+2	0.0000000E+0
1.4219000E+1	6.1588829E+1	5.9317056E+1	0.0000000E+0	0.0000000E+0	1.0000000E+2	0.0000000E+0
1.4269000E+1	6.1608964E+1	5.9330378E+1	0.0000000E+0	0.0000000E+0	1.0000000E+2	0.0000000E+0
1.4319000E+1	6.1606745E+1	5.9328161E+1	0.0000000E+0	0.0000000E+0	1.0000000E+2	0.0000000E+0
1.4369000E+1	6.1609165E+1	5.9332032E+1	0.0000000E+0	0.0000000E+0	1.0000000E+2	0.0000000E+0
1.4419000E+1	6.1627705E+1	5.9332660E+1	0.0000000E+0	0.0000000E+0	1.0000000E+2	0.0000000E+0
1.4469000E+1	6.1668203E+1	5.9346083E+1	0.0000000E+0	0.0000000E+0	1.0000000E+2	0.0000000E+0
1.4519000E+1	6.1674877E+1	5.9341359E+1	0.0000000E+0	0.0000000E+0	1.0000000E+2	0.0000000E+0
1.4569000E+1	6.1681396E+1	5.9357283E+1	0.0000000E+0	0.0000000E+0	1.0000000E+2	0.0000000E+0
1.4619000E+1	6.1677545E+1	5.9357694E+1	0.0000000E+0	0.0000000E+0	1.0000000E+2	0.0000000E+0
1.4670000E+1	6.1693294E+1	5.9354904E+1	0.0000000E+0	0.0000000E+0	1.0000000E+2	0.0000000E+0
1.4720000E+1	6.1716053E+1	5.9364107E+1	0.0000000E+0	0.0000000E+0	1.0000000E+2	0.0000000E+0
1.4770000E+1	6.1711792E+1	5.9359628E+1	0.0000000E+0	0.0000000E+0	1.0000000E+2	0.0000000E+0
1.4821000E+1	6.1716014E+1	5.9367982E+1	0.0000000E+0	0.0000000E+0	1.0000000E+2	0.0000000E+0
1.4871000E+1	6.1712641E+1	5.9362998E+1	0.0000000E+0	0.0000000E+0	1.0000000E+2	0.0000000E+0
1.4921000E+1	6.1705260E+1	5.9339071E+1	0.0000000E+0	0.0000000E+0	1.0000000E+2	0.0000000E+0
1.4972000E+1	6.1722676E+1	5.9338853E+1	0.0000000E+0	0.0000000E+0	1.0000000E+2	0.0000000E+0
1.5022000E+1	6.1743256E+1	5.9357874E+1	0.0000000E+0	0.0000000E+0	1.0000000E+2	0.0000000E+0
1.5072000E+1	6.1763930E+1	5.9363881E+1	0.0000000E+0	0.0000000E+0	1.0000000E+2	0.0000000E+0
1.5122000E+1	6.1796449E+1	5.9380375E+1	0.0000000E+0	0.0000000E+0	1.0000000E+2	0.0000000E+0
1.5172000E+1	6.1826264E+1	5.9389826E+1	0.0000000E+0	0.0000000E+0	1.0000000E+2	0.0000000E+0
1.5222000E+1	6.1837958E+1	5.9392445E+1	0.0000000E+0	0.0000000E+0	1.0000000E+2	0.0000000E+0
1.5272000E+1	6.1824544E+1	5.9388737E+1	0.0000000E+0	0.0000000E+0	1.0000000E+2	0.0000000E+0
1.5322000E+1	6.1808389E+1	5.9377863E+1	0.0000000E+0	0.0000000E+0	1.0000000E+2	0.0000000E+0
1.5373000E+1	6.1816183E+1	5.9386591E+1	0.0000000E+0	0.0000000E+0	1.0000000E+2	0.0000000E+0
1.5423000E+1	6.1810648E+1	5.9390269E+1	0.0000000E+0	0.0000000E+0	1.0000000E+2	0.0000000E+0
1.5474000E+1	6.1792236E+1	5.9402137E+1	0.0000000E+0	0.0000000E+0	1.0000000E+2	0.0000000E+0
1.5524000E+1	6.1772301E+1	5.9383920E+1	0.0000000E+0	0.0000000E+0	1.0000000E+2	0.0000000E+0
1.5574000E+1	6.1770337E+1	5.9394256E+1	0.0000000E+0	0.0000000E+0	1.0000000E+2	0.0000000E+0
1.5624000E+1	6.1778664E+1	5.9413138E+1	0.0000000E+0	0.0000000E+0	1.0000000E+2	0.0000000E+0
1.5674000E+1	6.1768149E+1	5.9398444E+1	0.0000000E+0	0.0000000E+0	1.0000000E+2	0.0000000E+0
1.5724000E+1	6.1776046E+1	5.9412433E+1	0.0000000E+0	0.0000000E+0	1.0000000E+2	0.0000000E+0
1.5774000E+1	6.1774348E+1	5.9422311E+1	0.0000000E+0	0.0000000E+0	1.0000000E+2	0.0000000E+0
1.5824000E+1	6.1770709E+1	5.9428679E+1	0.0000000E+0	0.0000000E+0	1.0000000E+2	0.0000000E+0
1.5874000E+1	6.1763859E+1	5.9430618E+1	0.0000000E+0	0.0000000E+0	1.0000000E+2	0.0000000E+0
1.5924000E+1	6.1734642E+1	5.9410852E+1	0.0000000E+0	0.0000000E+0	1.0000000E+2	0.0000000E+0
1.5974000E+1	6.1699009E+1	5.9424020E+1	0.0000000E+0	0.0000000E+0	1.0000000E+2	0.0000000E+0
1.6024000E+1	6.1707779E+1	5.9427976E+1	0.0000000E+0	0.0000000E+0	1.0000000E+2	0.0000000E+0
1.6074000E+1	6.1715192E+1	5.9429674E+1	0.0000000E+0	0.0000000E+0	1.0000000E+2	0.0000000E+0
1.6124000E+1	6.1735996E+1	5.9429038E+1	0.0000000E+0	0.0000000E+0	1.0000000E+2	0.0000000E+0
1.6174000E+1	6.1747043E+1	5.9438902E+1	0.0000000E+0	0.0000000E+0	1.0000000E+2	0.0000000E+0
1.6224000E+1	6.1764983E+1	5.9439002E+1	0.0000000E+0	0.0000000E+0	1.0000000E+2	0.0000000E+0
1.6274000E+1	6.1793184E+1	5.9443830E+1	0.0000000E+0	0.0000000E+0	1.0000000E+2	0.0000000E+0
1.6324000E+1	6.1815459E+1	5.9455625E+1	0.0000000E+0	0.0000000E+0	1.0000000E+2	0.0000000E+0
1.6374000E+1	6.1824520E+1	5.9456245E+1	0.0000000E+0	0.0000000E+0	1.0000000E+2	0.0000000E+0
1.6424000E+1	6.1836221E+1	5.9459194E+1	0.0000000E+0	0.0000000E+0	1.0000000E+2	0.0000000E+0
1.6474000E+1	6.1840414E+1	5.9458414E+1	0.0000000E+0	0.0000000E+0	1.0000000E+2	0.0000000E+0
1.6524000E+1	6.1835406E+1	5.9461255E+1	0.0000000E+0	0.0000000E+0	1.0000000E+2	0.0000000E+0
1.6574000E+1	6.1825587E+1	5.9464603E+1	0.0000000E+0	0.0000000E+0	1.0000000E+2	0.0000000E+0
1.6624000E+1	6.1843339E+1	5.9472430E+1	0.0000000E+0	0.0000000E+0	1.0000000E+2	0.0000000E+0
1.6674000E+1	6.1845237E+1	5.9472002E+1	0.0000000E+0	0.0000000E+0	1.0000000E+2	0.0000000E+0
1.6724000E+1	6.1876187E+1	5.9509178E+1	0.0000000E+0	0.0000000E+0	1.0000000E+2	0.0000000E+0
1.6776000E+1	6.1865067E+1	5.9502009E+1	0.0000000E+0	0.0000000E+0	1.0000000E+2	0.0000000E+0
1.6826000E+1	6.1870855E+1	5.9510333E+1	0.0000000E+0	0.0000000E+0	1.0000000E+2	0.0000000E+0
1.6876000E+1	6.1867359E+1	5.9513650E+1	0.0000000E+0	0.0000000E+0	1.0000000E+2	0.0000000E+0
1.6926000E+1	6.1877611E+1	5.9517716E+1	0.0000000E+0	0.0000000E+0	1.0000000E+2	0.0000000E+0
1.6976000E+1	6.1890400E+1	5.9520133E+1	0.0000000E+0	0.0000000E+0	1.0000000E+2	0.0000000E+0
1.7026000E+1	6.1904170E+1	5.9541827E+1	0.0000000E+0	0.0000000E+0	1.0000000E+2	0.0000000E+0
1.7076000E+1	6.1921185E+1	5.9555222E+1	0.0000000E+0	0.0000000E+0	1.0000000E+2	0.0000000E+0
1.7126000E+1	6.1936513E+1	5.9568578E+1	0.0000000E+0	0.0000000E+0	1.0000000E+2	0.0000000E+0
1.7176000E+1	6.1931893E+1	5.9579084E+1	0.0000000E+0	0.0000000E+0	1.0000000E+2	0.0000000E+0
1.7226000E+1	6.1894389E+1	5.9567532E+1	0.0000000E+0	0.0000000E+0	1.0000000E+2	0.0000000E+0
1.7276000E+1	6.1920857E+1	5.9587417E+1	0.0000000E+0	0.0000000E+0	1.0000000E+2	0.0000000E+0
1.7326000E+1	6.1940962E+1	5.9597654E+1	0.0000000E+0	0.0000000E+0	1.0000000E+2	0.0000000E+0
1.7376000E+1	6.1954718E+1	5.9608253E+1	0.0000000E+0	0.0000000E+0	1.0000000E+2	0.0000000E+0
1.7426000E+1	6.1961561E+1	5.9619565E+1	0.0000000E+0	0.0000000E+0	1.0000000E+2	0.0000000E+0
1.7476000E+1	6.1960556E+1	5.9619894E+1	0.0000000E+0	0.0000000E+0	1.0000000E+2	0.0000000E+0
1.7526000E+1	6.1969610E+1	5.9619573E+1	0.0000000E+0	0.0000000E+0	1.0000000E+2	0.0000000E+0
1.7576000E+1	6.1998239E+1	5.9636646E+1	0.0000000E+0	0.0000000E+0	1.0000000E+2	0.0000000E+0
1.7626000E+1	6.2006491E+1	5.9635988E+1	0.0000000E+0	0.0000000E+0	1.0000000E+2	0.0000000E+0
1.7676000E+1	6.2021243E+1	5.9644863E+1	0.0000000E+0	0.0000000E+0	1.0000000E+2	0.0000000E+0
1.7727000E+1	6.2025123E+1	5.9643461E+1	0.0000000E+0	0.0000000E+0	1.0000000E+2	0.0000000E+0
1.7777000E+1	6.2027795E+1	5.9647191E+1	0.0000000E+0	0.0000000E+0	1.0000000E+2	0.0000000E+0
1.7827000E+1	6.2050203E+1	5.9651756E+1	0.0000000E+0	0.0000000E+0	1.0000000E+2	0.0000000E+0
1.7877000E+1	6.2055527E+1	5.9667183E+1	0.0000000E+0	0.0000000E+0	1.0000000E+2	0.0000000E+0
1.7927000E+1	6.2064543E+1	5.9674428E+1	0.0000000E+0	0.0000000E+0	1.0000000E+2	0.0000000E+0
1.7977000E+1	6.2075064E+1	5.9670522E+1	0.0000000E+0	0.0000000E+0	1.0000000E+2	0.0000000E+0
1.8027000E+1	6.2100715E+1	5.9681469E+1	0.0000000E+0	0.0000000E+0	1.0000000E+2	0.0000000E+0
1.8077000E+1	6.2100830E+1	5.9679989E+1	0.0000000E+0	0.0000000E+0	1.0000000E+2	0.0000000E+0
1.8127000E+1	6.2106327E+1	5.9680467E+1	0.0000000E+0	0.0000000E+0	1.0000000E+2	0.0000000E+0
1.8177000E+1	6.2113982E+1	5.9677944E+1	0.0000000E+0	0.0000000E+0	1.0000000E+2	0.0000000E+0
1.8228000E+1	6.2105604E+1	5.9703034E+1	0.0000000E+0	0.0000000E+0	1.0000000E+2	0.0000000E+0
1.8279000E+1	6.2102398E+1	5.9694206E+1	0.0000000E+0	0.0000000E+0	1.0000000E+2	0.0000000E+0
1.8329000E+1	6.2100620E+1	5.9703772E+1	0.0000000E+0	0.0000000E+0	1.0000000E+2	0.0000000E+0
1.8379000E+1	6.2067620E+1	5.9700650E+1	0.0000000E+0	0.0000000E+0	1.0000000E+2	0.0000000E+0
1.8429000E+1	6.2060285E+1	5.9700618E+1	0.0000000E+0	0.0000000E+0	1.0000000E+2	0.0000000E+0
1.8479000E+1	6.2085167E+1	5.9709740E+1	0.0000000E+0	0.0000000E+0	1.0000000E+2	0.0000000E+0
1.8529000E+1	6.2083126E+1	5.9718611E+1	0.0000000E+0	0.0000000E+0	1.0000000E+2	0.0000000E+0
1.8580000E+1	6.2086824E+1	5.9725415E+1	0.0000000E+0	0.0000000E+0	1.0000000E+2	0.0000000E+0
1.8630000E+1	6.2102989E+1	5.9735778E+1	0.0000000E+0	0.0000000E+0	1.0000000E+2	0.0000000E+0
1.8680000E+1	6.2116601E+1	5.9748217E+1	0.0000000E+0	0.0000000E+0	1.0000000E+2	0.0000000E+0
1.8730000E+1	6.2100902E+1	5.9733362E+1	0.0000000E+0	0.0000000E+0	1.0000000E+2	0.0000000E+0
1.8780000E+1	6.2118257E+1	5.9738528E+1	0.0000000E+0	0.0000000E+0	1.0000000E+2	0.0000000E+0
1.8830000E+1	6.2110926E+1	5.9760014E+1	0.0000000E+0	0.0000000E+0	1.0000000E+2	0.0000000E+0
1.8880000E+1	6.2108964E+1	5.9751832E+1	0.0000000E+0	0.0000000E+0	1.0000000E+2	0.0000000E+0
1.8930000E+1	6.2119768E+1	5.9768516E+1	0.0000000E+0	0.0000000E+0	1.0000000E+2	0.0000000E+0
1.8980000E+1	6.2104268E+1	5.9762914E+1	0.0000000E+0	0.0000000E+0	1.0000000E+2	0.0000000E+0
1.9030000E+1	6.2108171E+1	5.9762085E+1	0.0000000E+0	0.0000000E+0	1.0000000E+2	0.0000000E+0
1.9080000E+1	6.2105008E+1	5.9793348E+1	0.0000000E+0	0.0000000E+0	1.0000000E+2	0.0000000E+0
1.9131000E+1	6.2078324E+1	5.9793799E+1	0.0000000E+0	0.0000000E+0	1.0000000E+2	0.0000000E+0
1.9181000E+1	6.2086933E+1	5.9808482E+1	0.0000000E+0	0.0000000E+0	1.0000000E+2	0.0000000E+0
1.9231000E+1	6.2073283E+1	5.9805274E+1	0.0000000E+0	0.0000000E+0	1.0000000E+2	0.0000000E+0
1.9281000E+1	6.2078040E+1	5.9801854E+1	0.0000000E+0	0.0000000E+0	1.0000000E+2	0.0000000E+0
1.9331000E+1	6.2088578E+1	5.9826387E+1	0.0000000E+0	0.0000000E+0	1.0000000E+2	0.0000000E+0
1.9381000E+1	6.2086498E+1	5.9822787E+1	0.0000000E+0	0.0000000E+0	1.0000000E+2	0.0000000E+0
1.9431000E+1	6.2104526E+1	5.9825989E+1	0.0000000E+0	0.0000000E+0	1.0000000E+2	0.0000000E+0
1.9482000E+1	6.2115311E+1	5.9822385E+1	0.0000000E+0	0.0000000E+0	1.0000000E+2	0.0000000E+0
1.9532000E+1	6.2148866E+1	5.9843007E+1	0.0000000E+0	0.0000000E+0	1.0000000E+2	0.0000000E+0
1.9582000E+1	6.2144616E+1	5.9822145E+1	0.0000000E+0	0.0000000E+0	1.0000000E+2	0.0000000E+0
1.9634000E+1	6.2167498E+1	5.9835325E+1	0.0000000E+0	0.0000000E+0	1.0000000E+2	0.0000000E+0
1.9684000E+1	6.2172812E+1	5.9829798E+1	0.0000000E+0	0.0000000E+0	1.0000000E+2	0.0000000E+0
1.9734000E+1	6.2185790E+1	5.9825029E+1	0.0000000E+0	0.0000000E+0	1.0000000E+2	0.0000000E+0
1.9784000E+1	6.2203861E+1	5.9822074E+1	0.0000000E+0	0.0000000E+0	1.0000000E+2	0.0000000E+0
1.9834000E+1	6.2209099E+1	5.9829410E+1	0.0000000E+0	0.0000000E+0	1.0000000E+2	0.0000000E+0
1.9884000E+1	6.2220010E+1	5.9826049E+1	0.0000000E+0	0.0000000E+0	1.0000000E+2	0.0000000E+0
1.9934000E+1	6.2246755E+1	5.9831257E+1	0.0000000E+0	0.0000000E+0	1.0000000E+2	0.0000000E+0
1.9984000E+1	6.2268606E+1	5.9850224E+1	0.0000000E+0	0.0000000E+0	1.0000000E+2	0.0000000E+0
2.0034000E+1	6.2288425E+1	5.9855279E+1	0.0000000E+0	0.0000000E+0	1.0000000E+2	0.0000000E+0
2.0084000E+1	6.2288154E+1	5.9858316E+1	0.0000000E+0	0.0000000E+0	1.0000000E+2	0.0000000E+0
2.0134000E+1	6.2299364E+1	5.9858675E+1	0.0000000E+0	0.0000000E+0	1.0000000E+2	0.0000000E+0
2.0184000E+1	6.2303405E+1	5.9858224E+1	0.0000000E+0	0.0000000E+0	1.0000000E+2	0.0000000E+0
2.0234000E+1	6.2296174E+1	5.9869830E+1	0.0000000E+0	0.0000000E+0	1.0000000E+2	0.0000000E+0
2.0284000E+1	6.2301681E+1	5.9871782E+1	0.0000000E+0	0.0000000E+0	1.0000000E+2	0.0000000E+0
2.0334000E+1	6.2324452E+1	5.9871308E+1	0.0000000E+0	0.0000000E+0	1.0000000E+2	0.0000000E+0
2.0384000E+1	6.2343584E+1	5.9871674E+1	0.0000000E+0	0.0000000E+0	1.0000000E+2	0.0000000E+0
2.0434000E+1	6.2367132E+1	5.9864438E+1	0.0000000E+0	0.0000000E+0	1.0000000E+2	0.0000000E+0
2.0484000E+1	6.2380574E+1	5.9881100E+1	0.0000000E+0	0.0000000E+0	1.0000000E+2	0.0000000E+0
2.0534000E+1	6.2400319E+1	5.9897623E+1	0.0000000E+0	0.0000000E+0	1.0000000E+2	0.0000000E+0
2.0584000E+1	6.2412117E+1	5.9875678E+1	0.0000000E+0	0.0000000E+0	1.0000000E+2	0.0000000E+0
2.0634000E+1	6.2406841E+1	5.9871589E+1	0.0000000E+0	0.0000000E+0	1.0000000E+2	0.0000000E+0
2.0684000E+1	6.2423735E+1	5.9883692E+1	0.0000000E+0	0.0000000E+0	1.0000000E+2	0.0000000E+0
2.0734000E+1	6.2437468E+1	5.9886672E+1	0.0000000E+0	0.0000000E+0	1.0000000E+2	0.0000000E+0
2.0784000E+1	6.2438448E+1	5.9893347E+1	0.0000000E+0	0.0000000E+0	1.0000000E+2	0.0000000E+0
2.0834000E+1	6.2448975E+1	5.9898097E+1	0.0000000E+0	0.0000000E+0	1.0000000E+2	0.0000000E+0
2.0884000E+1	6.2453619E+1	5.9892345E+1	0.0000000E+0	0.0000000E+0	1.0000000E+2	0.0000000E+0
2.0934000E+1	6.2436410E+1	5.9896862E+1	0.0000000E+0	0.0000000E+0	1.0000000E+2	0.0000000E+0
2.0984000E+1	6.2443618E+1	5.9897786E+1	0.0000000E+0	0.0000000E+0	1.0000000E+2	0.0000000E+0
2.1034000E+1	6.2462144E+1	5.9918326E+1	0.0000000E+0	0.0000000E+0	1.0000000E+2	0.0000000E+0
2.1084000E+1	6.2482325E+1	5.9927806E+1	0.0000000E+0	0.0000000E+0	1.0000000E+2	0.0000000E+0
2.1135000E+1	6.2488006E+1	5.9934067E+1	0.0000000E+0	0.0000000E+0	1.0000000E+2	0.0000000E+0
2.1185000E+1	6.2501527E+1	5.9940580E+1	0.0000000E+0	0.0000000E+0	1.0000000E+2	0.0000000E+0
2.1236000E+1	6.2507934E+1	5.9938500E+1	0.0000000E+0	0.0000000E+0	1.0000000E+2	0.0000000E+0
2.1286000E+1	6.2520470E+1	5.9948252E+1	0.0000000E+0	0.0000000E+0	1.0000000E+2	0.0000000E+0
2.1336000E+1	6.2532891E+1	5.9960756E+1	0.0000000E+0	0.0000000E+0	1.0000000E+2	0.0000000E+0
2.1386000E+1	6.2547530E+1	5.9977690E+1	0.0000000E+0	0.0000000E+0	1.0000000E+2	0.0000000E+0
2.1436000E+1	6.2532899E+1	5.9974086E+1	0.0000000E+0	0.0000000E+0	1.0000000E+2	0.0000000E+0
2.1487000E+1	6.2529862E+1	5.9978840E+1	0.0000000E+0	0.0000000E+0	1.0000000E+2	0.0000000E+0
2.1538000E+1	6.2539294E+1	5.9970332E+1	0.0000000E+0	0.0000000E+0	1.0000000E+2	0.0000000E+0
2.1588000E+1	6.2510820E+1	5.9970900E+1	0.0000000E+0	0.0000000E+0	1.0000000E+2	0.0000000E+0
2.1638000E+1	6.2528743E+1	5.9973633E+1	0.0000000E+0	0.0000000E+0	1.0000000E+2	0.0000000E+0
2.1688000E+1	6.2562388E+1	5.9989392E+1	0.0000000E+0	0.0000000E+0	1.0000000E+2	0.0000000E+0
2.1738000E+1	6.2593156E+1	5.9989241E+1	0.0000000E+0	0.0000000E+0	1.0000000E+2	0.0000000E+0
2.1788000E+1	6.2645831E+1	6.0013309E+1	0.0000000E+0	0.0000000E+0	1.0000000E+2	0.0000000E+0
2.1838000E+1	6.2663101E+1	6.0015529E+1	0.0000000E+0	0.0000000E+0	1.0000000E+2	0.0000000E+0
2.1888000E+1	6.2684720E+1	6.0025570E+1	0.0000000E+0	0.0000000E+0	1.0000000E+2	0.0000000E+0
2.1938000E+1	6.2691680E+1	6.0036913E+1	0.0000000E+0	0.0000000E+0	1.0000000E+2	0.0000000E+0
2.1988000E+1	6.2703793E+1	6.0055278E+1	0.0000000E+0	0.0000000E+0	1.0000000E+2	0.0000000E+0
2.2038000E+1	6.2702034E+1	6.0043021E+1	0.0000000E+0	0.0000000E+0	1.0000000E+2	0.0000000E+0
2.2089000E+1	6.2726928E+1	6.0047826E+1	0.0000000E+0	0.0000000E+0	1.0000000E+2	0.0000000E+0
2.2139000E+1	6.2752314E+1	6.0069466E+1	0.0000000E+0	0.0000000E+0	1.0000000E+2	0.0000000E+0
2.2189000E+1	6.2759380E+1	6.0054309E+1	0.0000000E+0	0.0000000E+0	1.0000000E+2	0.0000000E+0
2.2240000E+1	6.2746204E+1	6.0065883E+1	0.0000000E+0	0.0000000E+0	1.0000000E+2	0.0000000E+0
2.2290000E+1	6.2759565E+1	6.0050727E+1	0.0000000E+0	0.0000000E+0	1.0000000E+2	0.0000000E+0
2.2340000E+1	6.2775324E+1	6.0060887E+1	0.0000000E+0	0.0000000E+0	1.0000000E+2	0.0000000E+0
2.2390000E+1	6.2804657E+1	6.0074293E+1	0.0000000E+0	0.0000000E+0	1.0000000E+2	0.0000000E+0
2.2440000E+1	6.2807716E+1	6.0083689E+1	0.0000000E+0	0.0000000E+0	1.0000000E+2	0.0000000E+0
2.2490000E+1	6.2833634E+1	6.0080347E+1	0.0000000E+0	0.0000000E+0	1.0000000E+2	0.0000000E+0
2.2540000E+1	6.2841688E+1	6.0079298E+1	0.0000000E+0	0.0000000E+0	1.0000000E+2	0.0000000E+0
2.2590000E+1	6.2867488E+1	6.0086242E+1	0.0000000E+0	0.0000000E+0	1.0000000E+2	0.0000000E+0
2.2640000E+1	6.2867828E+1	6.0084217E+1	0.0000000E+0	0.0000000E+0	1.0000000E+2	0.0000000E+0
2.2691000E+1	6.2884015E+1	6.0082632E+1	0.0000000E+0	0.0000000E+0	1.0000000E+2	0.0000000E+0
2.2741000E+1	6.2918364E+1	6.0081991E+1	0.0000000E+0	0.0000000E+0	1.0000000E+2	0.0000000E+0
2.2792000E+1	6.2941253E+1	6.0105643E+1	0.0000000E+0	0.0000000E+0	1.0000000E+2	0.0000000E+0
2.2842000E+1	6.2940838E+1	6.0111846E+1	0.0000000E+0	0.0000000E+0	1.0000000E+2	0.0000000E+0
2.2892000E+1	6.2937566E+1	6.0114884E+1	0.0000000E+0	0.0000000E+0	1.0000000E+2	0.0000000E+0
2.2942000E+1	6.2947674E+1	6.0124834E+1	0.0000000E+0	0.0000000E+0	1.0000000E+2	0.0000000E+0
2.2992000E+1	6.2967807E+1	6.0134979E+1	0.0000000E+0	0.0000000E+0	1.0000000E+2	0.0000000E+0
2.3042000E+1	6.2988960E+1	6.0130363E+1	0.0000000E+0	0.0000000E+0	1.0000000E+2	0.0000000E+0
2.3092000E+1	6.3000034E+1	6.0133059E+1	0.0000000E+0	0.0000000E+0	1.0000000E+2	0.0000000E+0
2.3142000E+1	6.3025067E+1	6.0119029E+1	0.0000000E+0	0.0000000E+0	1.0000000E+2	0.0000000E+0
2.3192000E+1	6.3069844E+1	6.0144686E+1	0.0000000E+0	0.0000000E+0	1.0000000E+2	0.0000000E+0
2.3242000E+1	6.3106741E+1	6.0153884E+1	0.0000000E+0	0.0000000E+0	1.0000000E+2	0.0000000E+0
2.3292000E+1	6.3139737E+1	6.0171116E+1	0.0000000E+0	0.0000000E+0	1.0000000E+2	0.0000000E+0
2.3342000E+1	6.3161131E+1	6.0158119E+1	0.0000000E+0	0.0000000E+0	1.0000000E+2	0.0000000E+0
2.3392000E+1	6.3186193E+1	6.0169254E+1	0.0000000E+0	0.0000000E+0	1.0000000E+2	0.0000000E+0
2.3444000E+1	6.3228847E+1	6.0167113E+1	0.0000000E+0	0.0000000E+0	1.0000000E+2	0.0000000E+0
2.3494000E+1	6.3268815E+1	6.0190256E+1	0.0000000E+0	0.0000000E+0	1.0000000E+2	0.0000000E+0
2.3544000E+1	6.3285713E+1	6.0176400E+1	0.0000000E+0	0.0000000E+0	1.0000000E+2	0.0000000E+0
2.3594000E+1	6.3313327E+1	6.0185062E+1	0.0000000E+0	0.0000000E+0	1.0000000E+2	0.0000000E+0
2.3644000E+1	6.3329612E+1	6.0188500E+1	0.0000000E+0	0.0000000E+0	1.0000000E+2	0.0000000E+0
2.3695000E+1	6.3337099E+1	6.0191695E+1	0.0000000E+0	0.0000000E+0	1.0000000E+2	0.0000000E+0
2.3746000E+1	6.3352995E+1	6.0179721E+1	0.0000000E+0	0.0000000E+0	1.0000000E+2	0.0000000E+0
2.3796000E+1	6.3398589E+1	6.0174508E+1	0.0000000E+0	0.0000000E+0	1.0000000E+2	0.0000000E+0
2.3846000E+1	6.3426031E+1	6.0161984E+1	0.0000000E+0	0.0000000E+0	1.0000000E+2	0.0000000E+0
2.3896000E+1	6.3448794E+1	6.0170179E+1	0.0000000E+0	0.0000000E+0	1.0000000E+2	0.0000000E+0
2.3946000E+1	6.3480400E+1	6.0161488E+1	0.0000000E+0	0.0000000E+0	1.0000000E+2	0.0000000E+0
2.3997000E+1	6.3473361E+1	6.0162625E+1	0.0000000E+0	0.0000000E+0	1.0000000E+2	0.0000000E+0
2.4047000E+1	6.3451738E+1	6.0168033E+1	0.0000000E+0	0.0000000E+0	1.0000000E+2	0.0000000E+0
2.4097000E+1	6.3473570E+1	6.0148229E+1	0.0000000E+0	0.0000000E+0	1.0000000E+2	0.0000000E+0
2.4147000E+1	6.3482369E+1	6.0157141E+1	0.0000000E+0	0.0000000E+0	1.0000000E+2	0.0000000E+0
2.4197000E+1	6.3493768E+1	6.0156552E+1	0.0000000E+0	0.0000000E+0	1.0000000E+2	0.0000000E+0
2.4248000E+1	6.3500554E+1	6.0130523E+1	0.0000000E+0	0.0000000E+0	1.0000000E+2	0.0000000E+0
2.4298000E+1	6.3483645E+1	6.0116637E+1	0.0000000E+0	0.0000000E+0	1.0000000E+2	0.0000000E+0
2.4348000E+1	6.3475311E+1	6.0092578E+1	0.0000000E+0	0.0000000E+0	1.0000000E+2	0.0000000E+0
2.4398000E+1	6.3467596E+1	6.0085968E+1	0.0000000E+0	0.0000000E+0	1.0000000E+2	0.0000000E+0
2.4448000E+1	6.3454818E+1	6.0059989E+1	0.0000000E+0	0.0000000E+0	1.0000000E+2	0.0000000E+0
2.4498000E+1	6.3459011E+1	6.0048118E+1	0.0000000E+0	0.0000000E+0	1.0000000E+2	0.0000000E+0
2.4548000E+1	6.3466649E+1	6.0032329E+1	0.0000000E+0	0.0000000E+0	1.0000000E+2	0.0000000E+0
2.4598000E+1	6.3478983E+1	6.0012659E+1	0.0000000E+0	0.0000000E+0	1.0000000E+2	0.0000000E+0
2.4648000E+1	6.3486849E+1	5.9989413E+1	0.0000000E+0	0.0000000E+0	1.0000000E+2	0.0000000E+0
2.4698000E+1	6.3521368E+1	5.9970343E+1	0.0000000E+0	0.0000000E+0	1.0000000E+2	0.0000000E+0
2.4749000E+1	6.3514259E+1	5.9962442E+1	0.0000000E+0	0.0000000E+0	1.0000000E+2	0.0000000E+0
2.4800000E+1	6.3501360E+1	5.9934418E+1	0.0000000E+0	0.0000000E+0	1.0000000E+2	0.0000000E+0
2.4850000E+1	6.3528075E+1	5.9925187E+1	0.0000000E+0	0.0000000E+0	1.0000000E+2	0.0000000E+0
2.4900000E+1	6.3537210E+1	5.9887811E+1	0.0000000E+0	0.0000000E+0	1.0000000E+2	0.0000000E+0
2.4950000E+1	6.3560485E+1	5.9907126E+1	0.0000000E+0	0.0000000E+0	1.0000000E+2	0.0000000E+0
2.5000000E+1	6.3569899E+1	5.9898315E+1	0.0000000E+0	0.0000000E+0	1.0000000E+2	0.0000000E+0
2.5050000E+1	6.3594976E+1	5.9898217E+1	0.0000000E+0	0.0000000E+0	1.0000000E+2	0.0000000E+0
2.5101000E+1	6.3629131E+1	5.9870353E+1	0.0000000E+0	0.0000000E+0	1.0000000E+2	0.0000000E+0
2.5151000E+1	6.3636660E+1	5.9865962E+1	0.0000000E+0	0.0000000E+0	1.0000000E+2	0.0000000E+0
2.5201000E+1	6.3658365E+1	5.9849247E+1	0.0000000E+0	0.0000000E+0	1.0000000E+2	0.0000000E+0
2.5251000E+1	6.3667386E+1	5.9837318E+1	0.0000000E+0	0.0000000E+0	1.0000000E+2	0.0000000E+0
2.5301000E+1	6.3669377E+1	5.9835164E+1	0.0000000E+0	0.0000000E+0	1.0000000E+2	0.0000000E+0
2.5351000E+1	6.3679984E+1	5.9827882E+1	0.0000000E+0	0.0000000E+0	1.0000000E+2	0.0000000E+0
2.5402000E+1	6.3713621E+1	5.9823516E+1	0.0000000E+0	0.0000000E+0	1.0000000E+2	0.0000000E+0
2.5453000E+1	6.3709029E+1	5.9795218E+1	0.0000000E+0	0.0000000E+0	1.0000000E+2	0.0000000E+0
2.5503000E+1	6.3736086E+1	5.9794706E+1	0.0000000E+0	0.0000000E+0	1.0000000E+2	0.0000000E+0
2.5553000E+1	6.3752040E+1	5.9792276E+1	0.0000000E+0	0.0000000E+0	1.0000000E+2	0.0000000E+0
2.5603000E+1	6.3780663E+1	5.9779324E+1	0.0000000E+0	0.0000000E+0	1.0000000E+2	0.0000000E+0
2.5653000E+1	6.3821062E+1	5.9767939E+1	0.0000000E+0	0.0000000E+0	1.0000000E+2	0.0000000E+0
2.5703000E+1	6.3826012E+1	5.9765763E+1	0.0000000E+0	0.0000000E+0	1.0000000E+2	0.0000000E+0
2.5754000E+1	6.3867093E+1	5.9759569E+1	0.0000000E+0	0.0000000E+0	1.0000000E+2	0.0000000E+0
2.5804000E+1	6.3872271E+1	5.9736324E+1	0.0000000E+0	0.0000000E+0	1.0000000E+2	0.0000000E+0
2.5854000E+1	6.3899812E+1	5.9733978E+1	0.0000000E+0	0.0000000E+0	1.0000000E+2	0.0000000E+0
2.5904000E+1	6.3898006E+1	5.9703559E+1	0.0000000E+0	0.0000000E+0	1.0000000E+2	0.0000000E+0
2.5954000E+1	6.3887132E+1	5.9701387E+1	0.0000000E+0	0.0000000E+0	1.0000000E+2	0.0000000E+0
2.6004000E+1	6.3917548E+1	5.9690472E+1	0.0000000E+0	0.0000000E+0	1.0000000E+2	0.0000000E+0
2.6054000E+1	6.3942037E+1	5.9682191E+1	0.0000000E+0	0.0000000E+0	1.0000000E+2	0.0000000E+0
2.6105000E+1	6.3971728E+1	5.9673448E+1	0.0000000E+0	0.0000000E+0	1.0000000E+2	0.0000000E+0
2.6155000E+1	6.4004410E+1	5.9683519E+1	0.0000000E+0	0.0000000E+0	1.0000000E+2	0.0000000E+0
2.6205000E+1	6.4049153E+1	5.9677373E+1	0.0000000E+0	0.0000000E+0	1.0000000E+2	0.0000000E+0
2.6256000E+1	6.4099660E+1	5.9677924E+1	0.0000000E+0	0.0000000E+0	1.0000000E+2	0.0000000E+0
2.6306000E+1	6.4145752E+1	5.9673442E+1	0.0000000E+0	0.0000000E+0	1.0000000E+2	0.0000000E+0
2.6357000E+1	6.4175538E+1	5.9666975E+1	0.0000000E+0	0.0000000E+0	1.0000000E+2	0.0000000E+0
2.6407000E+1	6.4241783E+1	5.9684770E+1	0.0000000E+0	0.0000000E+0	1.0000000E+2	0.0000000E+0
2.6458000E+1	6.4284205E+1	5.9678182E+1	0.0000000E+0	0.0000000E+0	1.0000000E+2	0.0000000E+0
2.6509000E+1	6.4308106E+1	5.9672563E+1	0.0000000E+0	0.0000000E+0	1.0000000E+2	0.0000000E+0
2.6559000E+1	6.4345680E+1	5.9660506E+1	0.0000000E+0	0.0000000E+0	1.0000000E+2	0.0000000E+0
2.6609000E+1	6.4382676E+1	5.9658740E+1	0.0000000E+0	0.0000000E+0	1.0000000E+2	0.0000000E+0
2.6659000E+1	6.4424703E+1	5.9646856E+1	0.0000000E+0	0.0000000E+0	1.0000000E+2	0.0000000E+0
2.6709000E+1	6.4452158E+1	5.9648849E+1	0.0000000E+0	0.0000000E+0	1.0000000E+2	0.0000000E+0
2.6759000E+1	6.4493653E+1	5.9642458E+1	0.0000000E+0	0.0000000E+0	1.0000000E+2	0.0000000E+0
2.6811000E+1	6.4555269E+1	5.9653418E+1	0.0000000E+0	0.0000000E+0	1.0000000E+2	0.0000000E+0
2.6862000E+1	6.4587312E+1	5.9645708E+1	0.0000000E+0	0.0000000E+0	1.0000000E+2	0.0000000E+0
2.6912000E+1	6.4623926E+1	5.9640862E+1	0.0000000E+0	0.0000000E+0	1.0000000E+2	0.0000000E+0
2.6962000E+1	6.4675999E+1	5.9635416E+1	0.0000000E+0	0.0000000E+0	1.0000000E+2	0.0000000E+0
2.7012000E+1	6.4703099E+1	5.9634210E+1	0.0000000E+0	0.0000000E+0	1.0000000E+2	0.0000000E+0
2.7062000E+1	6.4721720E+1	5.9610261E+1	0.0000000E+0	0.0000000E+0	1.0000000E+2	0.0000000E+0
2.7112000E+1	6.4775264E+1	5.9613648E+1	0.0000000E+0	0.0000000E+0	1.0000000E+2	0.0000000E+0
2.7163000E+1	6.4787923E+1	5.9628765E+1	0.0000000E+0	0.0000000E+0	1.0000000E+2	0.0000000E+0
2.7213000E+1	6.4811802E+1	5.9601938E+1	0.0000000E+0	0.0000000E+0	1.0000000E+2	0.0000000E+0
2.7263000E+1	6.4849097E+1	5.9599583E+1	0.0000000E+0	0.0000000E+0	1.0000000E+2	0.0000000E+0
2.7313000E+1	6.4886770E+1	5.9593885E+1	0.0000000E+0	0.0000000E+0	1.0000000E+2	0.0000000E+0
2.7363000E+1	6.4917037E+1	5.9589756E+1	0.0000000E+0	0.0000000E+0	1.0000000E+2	0.0000000E+0
2.7413000E+1	6.4955084E+1	5.9582940E+1	0.0000000E+0	0.0000000E+0	1.0000000E+2	0.0000000E+0
2.7463000E+1	6.4991111E+1	5.9586318E+1	0.0000000E+0	0.0000000E+0	1.0000000E+2	0.0000000E+0
2.7513000E+1	6.5046437E+1	5.9602667E+1	0.0000000E+0	0.0000000E+0	1.0000000E+2	0.0000000E+0
2.7563000E+1	6.5078128E+1	5.9585478E+1	0.0000000E+0	0.0000000E+0	1.0000000E+2	0.0000000E+0
2.7613000E+1	6.5103573E+1	5.9582739E+1	0.0000000E+0	0.0000000E+0	1.0000000E+2	0.0000000E+0
2.7664000E+1	6.5154813E+1	5.9578500E+1	0.0000000E+0	0.0000000E+0	1.0000000E+2	0.0000000E+0
2.7715000E+1	6.5174194E+1	5.9562844E+1	0.0000000E+0	0.0000000E+0	1.0000000E+2	0.0000000E+0
2.7765000E+1	6.5192964E+1	5.9562838E+1	0.0000000E+0	0.0000000E+0	1.0000000E+2	0.0000000E+0
2.7815000E+1	6.5204799E+1	5.9549435E+1	0.0000000E+0	0.0000000E+0	1.0000000E+2	0.0000000E+0
2.7865000E+1	6.5241110E+1	5.9573216E+1	0.0000000E+0	0.0000000E+0	1.0000000E+2	0.0000000E+0
2.7915000E+1	6.5277451E+1	5.9574696E+1	0.0000000E+0	0.0000000E+0	1.0000000E+2	0.0000000E+0
2.7965000E+1	6.5300430E+1	5.9564469E+1	0.0000000E+0	0.0000000E+0	1.0000000E+2	0.0000000E+0
2.8015000E+1	6.4780186E+1	5.9574096E+1	0.0000000E+0	0.0000000E+0	1.0000000E+2	0.0000000E+0
2.8065000E+1	6.3344245E+1	5.9550042E+1	0.0000000E+0	0.0000000E+0	1.0000000E+2	0.0000000E+0
2.8115000E+1	6.3399634E+1	5.9569693E+1	0.0000000E+0	0.0000000E+0	1.0000000E+2	0.0000000E+0
2.8165000E+1	6.3412905E+1	5.9558923E+1	0.0000000E+0	0.0000000E+0	1.0000000E+2	0.0000000E+0
2.8216000E+1	6.3433889E+1	5.9564491E+1	0.0000000E+0	0.0000000E+0	1.0000000E+2	0.0000000E+0
2.8267000E+1	6.3477960E+1	5.9573695E+1	0.0000000E+0	0.0000000E+0	1.0000000E+2	0.0000000E+0
2.8318000E+1	6.3479871E+1	5.9563570E+1	0.0000000E+0	0.0000000E+0	1.0000000E+2	0.0000000E+0
2.8368000E+1	6.3480970E+1	5.9559809E+1	0.0000000E+0	0.0000000E+0	1.0000000E+2	0.0000000E+0
2.8419000E+1	6.3486335E+1	5.9544521E+1	0.0000000E+0	0.0000000E+0	1.0000000E+2	0.0000000E+0
2.8470000E+1	6.3506024E+1	5.9540225E+1	0.0000000E+0	0.0000000E+0	1.0000000E+2	0.0000000E+0
2.8521000E+1	6.3537135E+1	5.9535094E+1	0.0000000E+0	0.0000000E+0	1.0000000E+2	0.0000000E+0
2.8571000E+1	6.3558310E+1	5.9540366E+1	0.0000000E+0	0.0000000E+0	1.0000000E+2	0.0000000E+0
2.8622000E+1	6.3596022E+1	5.9542427E+1	0.0000000E+0	0.0000000E+0	1.0000000E+2	0.0000000E+0
2.8673000E+1	6.3625506E+1	5.9543087E+1	0.0000000E+0	0.0000000E+0	1.0000000E+2	0.0000000E+0
2.8723000E+1	6.3660626E+1	5.9546315E+1	0.0000000E+0	0.0000000E+0	1.0000000E+2	0.0000000E+0
2.8773000E+1	6.3682736E+1	5.9543592E+1	0.0000000E+0	0.0000000E+0	1.0000000E+2	0.0000000E+0
2.8823000E+1	6.3724022E+1	5.9551048E+1	0.0000000E+0	0.0000000E+0	1.0000000E+2	0.0000000E+0
2.8873000E+1	6.3732438E+1	5.9542064E+1	0.0000000E+0	0.0000000E+0	1.0000000E+2	0.0000000E+0
2.8923000E+1	6.3793974E+1	5.9546943E+1	0.0000000E+0	0.0000000E+0	1.0000000E+2	0.0000000E+0
2.8974000E+1	6.3845278E+1	5.9563790E+1	0.0000000E+0	0.0000000E+0	1.0000000E+2	0.0000000E+0
2.9024000E+1	6.3875674E+1	5.9565862E+1	0.0000000E+0	0.0000000E+0	1.0000000E+2	0.0000000E+0
2.9074000E+1	6.3899098E+1	5.9559965E+1	0.0000000E+0	0.0000000E+0	1.0000000E+2	0.0000000E+0
2.9125000E+1	6.3940556E+1	5.9570914E+1	0.0000000E+0	0.0000000E+0	1.0000000E+2	0.0000000E+0
2.9175000E+1	6.3970495E+1	5.9554374E+1	0.0000000E+0	0.0000000E+0	1.0000000E+2	0.0000000E+0
2.9225000E+1	6.4010403E+1	5.9558393E+1	0.0000000E+0	0.0000000E+0	1.0000000E+2	0.0000000E+0
2.9275000E+1	6.4051511E+1	5.9565959E+1	0.0000000E+0	0.0000000E+0	1.0000000E+2	0.0000000E+0
2.9325000E+1	6.4082082E+1	5.9548592E+1	0.0000000E+0	0.0000000E+0	1.0000000E+2	0.0000000E+0
2.9375000E+1	6.4138449E+1	5.9570099E+1	0.0000000E+0	0.0000000E+0	1.0000000E+2	0.0000000E+0
2.9425000E+1	6.4200474E+1	5.9573036E+1	0.0000000E+0	0.0000000E+0	1.0000000E+2	0.0000000E+0
2.9475000E+1	6.4228456E+1	5.9563769E+1	0.0000000E+0	0.0000000E+0	1.0000000E+2	0.0000000E+0
2.9525000E+1	6.4270439E+1	5.9567270E+1	0.0000000E+0	0.0000000E+0	1.0000000E+2	0.0000000E+0
2.9575000E+1	6.4306945E+1	5.9569505E+1	0.0000000E+0	0.0000000E+0	1.0000000E+2	0.0000000E+0
2.9625000E+1	6.4344392E+1	5.9554221E+1	0.0000000E+0	0.0000000E+0	1.0000000E+2	0.0000000E+0
2.9675000E+1	6.4369451E+1	5.9561612E+1	0.0000000E+0	0.0000000E+0	1.0000000E+2	0.0000000E+0
2.9725000E+1	6.4390767E+1	5.9563126E+1	0.0000000E+0	0.0000000E+0	1.0000000E+2	0.0000000E+0
2.9775000E+1	6.4424952E+1	5.9560549E+1	0.0000000E+0	0.0000000E+0	1.0000000E+2	0.0000000E+0
2.9827000E+1	6.3603154E+1	5.9586955E+1	0.0000000E+0	0.0000000E+0	1.0000000E+2	0.0000000E+0
2.9877000E+1	6.3579395E+1	5.9569713E+1	0.0000000E+0	0.0000000E+0	1.0000000E+2	0.0000000E+0
2.9928000E+1	6.3627613E+1	5.9570389E+1	0.0000000E+0	0.0000000E+0	1.0000000E+2	0.0000000E+0
2.9978000E+1	6.3660593E+1	5.9564513E+1	0.0000000E+0	0.0000000E+0	1.0000000E+2	0.0000000E+0
3.0028000E+1	6.3713622E+1	5.9570889E+1	0.0000000E+0	0.0000000E+0	1.0000000E+2	0.0000000E+0
3.0078000E+1	6.3756402E+1	5.9574371E+1	0.0000000E+0	0.0000000E+0	1.0000000E+2	0.0000000E+0
3.0128000E+1	6.3812133E+1	5.9587686E+1	0.0000000E+0	0.0000000E+0	1.0000000E+2	0.0000000E+0
3.0179000E+1	6.3835401E+1	5.9565231E+1	0.0000000E+0	0.0000000E+0	1.0000000E+2	0.0000000E+0
3.0229000E+1	6.3888962E+1	5.9583443E+1	0.0000000E+0	0.0000000E+0	1.0000000E+2	0.0000000E+0
3.0279000E+1	6.3928263E+1	5.9570668E+1	0.0000000E+0	0.0000000E+0	1.0000000E+2	0.0000000E+0
3.0329000E+1	6.3977691E+1	5.9573501E+1	0.0000000E+0	0.0000000E+0	1.0000000E+2	0.0000000E+0
3.0379000E+1	6.4053156E+1	5.9585519E+1	0.0000000E+0	0.0000000E+0	1.0000000E+2	0.0000000E+0
3.0429000E+1	6.4082812E+1	5.9586415E+1	0.0000000E+0	0.0000000E+0	1.0000000E+2	0.0000000E+0
3.0479000E+1	6.4096806E+1	5.9583406E+1	0.0000000E+0	0.0000000E+0	1.0000000E+2	0.0000000E+0
3.0530000E+1	6.4130489E+1	5.9573016E+1	0.0000000E+0	0.0000000E+0	1.0000000E+2	0.0000000E+0
3.0580000E+1	6.4175716E+1	5.9574082E+1	0.0000000E+0	0.0000000E+0	1.0000000E+2	0.0000000E+0
3.0631000E+1	6.4224400E+1	5.9564010E+1	0.0000000E+0	0.0000000E+0	1.0000000E+2	0.0000000E+0
3.0681000E+1	6.4273785E+1	5.9579550E+1	0.0000000E+0	0.0000000E+0	1.0000000E+2	0.0000000E+0
3.0731000E+1	6.4307991E+1	5.9590899E+1	0.0000000E+0	0.0000000E+0	1.0000000E+2	0.0000000E+0
3.0781000E+1	6.4357196E+1	5.9591291E+1	0.0000000E+0	0.0000000E+0	1.0000000E+2	0.0000000E+0
3.0831000E+1	6.4374620E+1	5.9571957E+1	0.0000000E+0	0.0000000E+0	1.0000000E+2	0.0000000E+0
3.0881000E+1	6.4423124E+1	5.9573684E+1	0.0000000E+0	0.0000000E+0	1.0000000E+2	0.0000000E+0
3.0931000E+1	6.4451743E+1	5.9580495E+1	0.0000000E+0	0.0000000E+0	1.0000000E+2	0.0000000E+0
3.0981000E+1	6.4482390E+1	5.9571247E+1	0.0000000E+0	0.0000000E+0	1.0000000E+2	0.0000000E+0
3.1031000E+1	6.4518101E+1	5.9570429E+1	0.0000000E+0	0.0000000E+0	1.0000000E+2	0.0000000E+0
3.1081000E+1	6.4546366E+1	5.9570918E+1	0.0000000E+0	0.0000000E+0	1.0000000E+2	0.0000000E+0
3.1131000E+1	6.4605242E+1	5.9591907E+1	0.0000000E+0	0.0000000E+0	1.0000000E+2	0.0000000E+0
3.1181000E+1	6.4629216E+1	5.9601511E+1	0.0000000E+0	0.0000000E+0	1.0000000E+2	0.0000000E+0
3.1231000E+1	6.4660573E+1	5.9583331E+1	0.0000000E+0	0.0000000E+0	1.0000000E+2	0.0000000E+0
3.1282000E+1	6.4709558E+1	5.9581997E+1	0.0000000E+0	0.0000000E+0	1.0000000E+2	0.0000000E+0
3.1332000E+1	6.4744218E+1	5.9587716E+1	0.0000000E+0	0.0000000E+0	1.0000000E+2	0.0000000E+0
3.1382000E+1	6.4777334E+1	5.9585025E+1	0.0000000E+0	0.0000000E+0	1.0000000E+2	0.0000000E+0
3.1432000E+1	6.4809640E+1	5.9591930E+1	0.0000000E+0	0.0000000E+0	1.0000000E+2	0.0000000E+0
3.1482000E+1	6.4842402E+1	5.9584631E+1	0.0000000E+0	0.0000000E+0	1.0000000E+2	0.0000000E+0
3.1532000E+1	6.4854978E+1	5.9613591E+1	0.0000000E+0	0.0000000E+0	1.0000000E+2	0.0000000E+0
3.1582000E+1	6.4868588E+1	5.9595537E+1	0.0000000E+0	0.0000000E+0	1.0000000E+2	0.0000000E+0
3.1632000E+1	6.4891123E+1	5.9594818E+1	0.0000000E+0	0.0000000E+0	1.0000000E+2	0.0000000E+0
3.1682000E+1	6.4899602E+1	5.9569587E+1	0.0000000E+0	0.0000000E+0	1.0000000E+2	0.0000000E+0
3.1732000E+1	6.4940137E+1	5.9571789E+1	0.0000000E+0	0.0000000E+0	1.0000000E+2	0.0000000E+0
3.1782000E+1	6.4988944E+1	5.9584156E+1	0.0000000E+0	0.0000000E+0	1.0000000E+2	0.0000000E+0
3.1833000E+1	6.5023273E+1	5.9581428E+1	0.0000000E+0	0.0000000E+0	1.0000000E+2	0.0000000E+0
3.1883000E+1	6.5061734E+1	5.9586277E+1	0.0000000E+0	0.0000000E+0	1.0000000E+2	0.0000000E+0
3.1933000E+1	6.5033656E+1	5.9582566E+1	0.0000000E+0	0.0000000E+0	1.0000000E+2	0.0000000E+0
3.1983000E+1	6.3926863E+1	5.9609857E+1	0.0000000E+0	0.0000000E+0	1.0000000E+2	0.0000000E+0
3.2033000E+1	6.3950497E+1	5.9588250E+1	0.0000000E+0	0.0000000E+0	1.0000000E+2	0.0000000E+0
3.2083000E+1	6.3958646E+1	5.9580639E+1	0.0000000E+0	0.0000000E+0	1.0000000E+2	0.0000000E+0
3.2133000E+1	6.3990710E+1	5.9578896E+1	0.0000000E+0	0.0000000E+0	1.0000000E+2	0.0000000E+0
3.2183000E+1	6.4010631E+1	5.9567263E+1	0.0000000E+0	0.0000000E+0	1.0000000E+2	0.0000000E+0
3.2234000E+1	6.4053562E+1	5.9580457E+1	0.0000000E+0	0.0000000E+0	1.0000000E+2	0.0000000E+0
3.2284000E+1	6.4112827E+1	5.9580861E+1	0.0000000E+0	0.0000000E+0	1.0000000E+2	0.0000000E+0
3.2334000E+1	6.4156444E+1	5.9571299E+1	0.0000000E+0	0.0000000E+0	1.0000000E+2	0.0000000E+0
3.2384000E+1	6.4220200E+1	5.9578330E+1	0.0000000E+0	0.0000000E+0	1.0000000E+2	0.0000000E+0
3.2434000E+1	6.4269551E+1	5.9568510E+1	0.0000000E+0	0.0000000E+0	1.0000000E+2	0.0000000E+0
3.2484000E+1	6.4331561E+1	5.9564798E+1	0.0000000E+0	0.0000000E+0	1.0000000E+2	0.0000000E+0
3.2534000E+1	6.4381368E+1	5.9575684E+1	0.0000000E+0	0.0000000E+0	1.0000000E+2	0.0000000E+0
3.2585000E+1	6.4427679E+1	5.9586651E+1	0.0000000E+0	0.0000000E+0	1.0000000E+2	0.0000000E+0
3.2635000E+1	6.4492178E+1	5.9584934E+1	0.0000000E+0	0.0000000E+0	1.0000000E+2	0.0000000E+0
3.2686000E+1	6.4543013E+1	5.9590533E+1	0.0000000E+0	0.0000000E+0	1.0000000E+2	0.0000000E+0
3.2737000E+1	6.4610245E+1	5.9587107E+1	0.0000000E+0	0.0000000E+0	1.0000000E+2	0.0000000E+0
3.2787000E+1	6.4686553E+1	5.9595247E+1	0.0000000E+0	0.0000000E+0	1.0000000E+2	0.0000000E+0
3.2837000E+1	6.4771894E+1	5.9587415E+1	0.0000000E+0	0.0000000E+0	1.0000000E+2	0.0000000E+0
3.2887000E+1	6.4865663E+1	5.9593045E+1	0.0000000E+0	0.0000000E+0	1.0000000E+2	0.0000000E+0
3.2937000E+1	6.4957388E+1	5.9603835E+1	0.0000000E+0	0.0000000E+0	1.0000000E+2	0.0000000E+0
3.2987000E+1	6.5041967E+1	5.9596036E+1	0.0000000E+0	0.0000000E+0	1.0000000E+2	0.0000000E+0
3.3037000E+1	6.5110951E+1	5.9591658E+1	0.0000000E+0	0.0000000E+0	1.0000000E+2	0.0000000E+0
3.3087000E+1	6.5198697E+1	5.9606433E+1	0.0000000E+0	0.0000000E+0	1.0000000E+2	0.0000000E+0
3.3137000E+1	6.5253941E+1	5.9608405E+1	0.0000000E+0	0.0000000E+0	1.0000000E+2	0.0000000E+0
3.3187000E+1	6.5318731E+1	5.9599340E+1	0.0000000E+0	0.0000000E+0	1.0000000E+2	0.0000000E+0
3.3237000E+1	6.5375511E+1	5.9606407E+1	0.0000000E+0	0.0000000E+0	1.0000000E+2	0.0000000E+0
3.3287000E+1	6.5461081E+1	5.9601737E+1	0.0000000E+0	0.0000000E+0	1.0000000E+2	0.0000000E+0
3.3337000E+1	6.5513382E+1	5.9610192E+1	0.0000000E+0	0.0000000E+0	1.0000000E+2	0.0000000E+0
3.3387000E+1	6.5579102E+1	5.9611411E+1	0.0000000E+0	0.0000000E+0	1.0000000E+2	0.0000000E+0
3.3437000E+1	6.5664702E+1	5.9611557E+1	0.0000000E+0	0.0000000E+0	1.0000000E+2	0.0000000E+0
3.3487000E+1	6.5726226E+1	5.9611831E+1	0.0000000E+0	0.0000000E+0	1.0000000E+2	0.0000000E+0
3.3537000E+1	6.5795597E+1	5.9617698E+1	0.0000000E+0	0.0000000E+0	1.0000000E+2	0.0000000E+0
3.3587000E+1	6.5860775E+1	5.9619769E+1	0.0000000E+0	0.0000000E+0	1.0000000E+2	0.0000000E+0
3.3637000E+1	6.5896901E+1	5.9622136E+1	0.0000000E+0	0.0000000E+0	1.0000000E+2	0.0000000E+0
3.3687000E+1	6.5943159E+1	5.9620838E+1	0.0000000E+0	0.0000000E+0	1.0000000E+2	0.0000000E+0
3.3737000E+1	6.6024763E+1	5.9616622E+1	0.0000000E+0	0.0000000E+0	1.0000000E+2	0.0000000E+0
3.3787000E+1	6.6069142E+1	5.9611978E+1	0.0000000E+0	0.0000000E+0	1.0000000E+2	0.0000000E+0
3.3837000E+1	6.6133649E+1	5.9607792E+1	0.0000000E+0	0.0000000E+0	1.0000000E+2	0.0000000E+0
3.3887000E+1	6.6196967E+1	5.9607728E+1	0.0000000E+0	0.0000000E+0	1.0000000E+2	0.0000000E+0
3.3937000E+1	6.6238306E+1	5.9608890E+1	0.0000000E+0	0.0000000E+0	1.0000000E+2	0.0000000E+0
3.3987000E+1	6.6304039E+1	5.9619091E+1	0.0000000E+0	0.0000000E+0	1.0000000E+2	0.0000000E+0
3.4037000E+1	6.6350553E+1	5.9621156E+1	0.0000000E+0	0.0000000E+0	1.0000000E+2	0.0000000E+0
3.4088000E+1	6.6386271E+1	5.9622504E+1	0.0000000E+0	0.0000000E+0	1.0000000E+2	0.0000000E+0
3.4138000E+1	6.6431297E+1	5.9638049E+1	0.0000000E+0	0.0000000E+0	1.0000000E+2	0.0000000E+0
3.4188000E+1	6.6479903E+1	5.9639557E+1	0.0000000E+0	0.0000000E+0	1.0000000E+2	0.0000000E+0
3.4239000E+1	6.6539391E+1	5.9644312E+1	0.0000000E+0	0.0000000E+0	1.0000000E+2	0.0000000E+0
3.4289000E+1	6.6573078E+1	5.9637925E+1	0.0000000E+0	0.0000000E+0	1.0000000E+2	0.0000000E+0
3.4339000E+1	6.6627038E+1	5.9645314E+1	0.0000000E+0	0.0000000E+0	1.0000000E+2	0.0000000E+0
3.4389000E+1	6.6672077E+1	5.9653308E+1	0.0000000E+0	0.0000000E+0	1.0000000E+2	0.0000000E+0
3.4439000E+1	6.6718168E+1	5.9646253E+1	0.0000000E+0	0.0000000E+0	1.0000000E+2	0.0000000E+0
3.4490000E+1	6.6780978E+1	5.9655945E+1	0.0000000E+0	0.0000000E+0	1.0000000E+2	0.0000000E+0
3.4540000E+1	6.6830634E+1	5.9645601E+1	0.0000000E+0	0.0000000E+0	1.0000000E+2	0.0000000E+0
3.4591000E+1	6.6893268E+1	5.9655227E+1	0.0000000E+0	0.0000000E+0	1.0000000E+2	0.0000000E+0
3.4641000E+1	6.6955354E+1	5.9645614E+1	0.0000000E+0	0.0000000E+0	1.0000000E+2	0.0000000E+0
3.4691000E+1	6.7015925E+1	5.9648781E+1	0.0000000E+0	0.0000000E+0	1.0000000E+2	0.0000000E+0
3.4741000E+1	6.7081940E+1	5.9655808E+1	0.0000000E+0	0.0000000E+0	1.0000000E+2	0.0000000E+0
3.4791000E+1	6.5288877E+1	5.9719241E+1	0.0000000E+0	0.0000000E+0	1.0000000E+2	0.0000000E+0
3.4841000E+1	6.4743313E+1	5.9633965E+1	0.0000000E+0	0.0000000E+0	1.0000000E+2	0.0000000E+0
3.4891000E+1	6.4805453E+1	5.9641932E+1	0.0000000E+0	0.0000000E+0	1.0000000E+2	0.0000000E+0
3.4941000E+1	6.4855818E+1	5.9646163E+1	0.0000000E+0	0.0000000E+0	1.0000000E+2	0.0000000E+0
3.4991000E+1	6.4885367E+1	5.9652869E+1	0.0000000E+0	0.0000000E+0	1.0000000E+2	0.0000000E+0
3.5042000E+1	6.4927258E+1	5.9659730E+1	0.0000000E+0	0.0000000E+0	1.0000000E+2	0.0000000E+0
3.5092000E+1	6.4959384E+1	5.9664626E+1	0.0000000E+0	0.0000000E+0	1.0000000E+2	0.0000000E+0
3.5142000E+1	6.4980818E+1	5.9667065E+1	0.0000000E+0	0.0000000E+0	1.0000000E+2	0.0000000E+0
3.5192000E+1	6.5023457E+1	5.9682938E+1	0.0000000E+0	0.0000000E+0	1.0000000E+2	0.0000000E+0
3.5243000E+1	6.5016779E+1	5.9663457E+1	0.0000000E+0	0.0000000E+0	1.0000000E+2	0.0000000E+0
3.5294000E+1	6.5048688E+1	5.9674944E+1	0.0000000E+0	0.0000000E+0	1.0000000E+2	0.0000000E+0
3.5345000E+1	6.5065583E+1	5.9670532E+1	0.0000000E+0	0.0000000E+0	1.0000000E+2	0.0000000E+0
3.5396000E+1	6.5063466E+1	5.9677192E+1	0.0000000E+0	0.0000000E+0	1.0000000E+2	0.0000000E+0
3.5447000E+1	6.5029186E+1	5.9665375E+1	0.0000000E+0	0.0000000E+0	1.0000000E+2	0.0000000E+0
3.5497000E+1	6.5060403E+1	5.9678279E+1	0.0000000E+0	0.0000000E+0	1.0000000E+2	0.0000000E+0
3.5547000E+1	6.5104013E+1	5.9707410E+1	0.0000000E+0	0.0000000E+0	1.0000000E+2	0.0000000E+0
3.5597000E+1	6.5113860E+1	5.9695626E+1	0.0000000E+0	0.0000000E+0	1.0000000E+2	0.0000000E+0
3.5647000E+1	6.5148734E+1	5.9711670E+1	0.0000000E+0	0.0000000E+0	1.0000000E+2	0.0000000E+0
3.5697000E+1	6.5147859E+1	5.9705447E+1	0.0000000E+0	0.0000000E+0	1.0000000E+2	0.0000000E+0
3.5747000E+1	6.5179959E+1	5.9710859E+1	0.0000000E+0	0.0000000E+0	1.0000000E+2	0.0000000E+0
3.5797000E+1	6.5216266E+1	5.9719466E+1	0.0000000E+0	0.0000000E+0	1.0000000E+2	0.0000000E+0
3.5847000E+1	6.5254097E+1	5.9729157E+1	0.0000000E+0	0.0000000E+0	1.0000000E+2	0.0000000E+0
3.5897000E+1	6.5282217E+1	5.9723122E+1	0.0000000E+0	0.0000000E+0	1.0000000E+2	0.0000000E+0
3.5947000E+1	6.5294075E+1	5.9727285E+1	0.0000000E+0	0.0000000E+0	1.0000000E+2	0.0000000E+0
3.5997000E+1	6.5311908E+1	5.9722223E+1	0.0000000E+0	0.0000000E+0	1.0000000E+2	0.0000000E+0
3.6047000E+1	6.5329223E+1	5.9724462E+1	0.0000000E+0	0.0000000E+0	1.0000000E+2	0.0000000E+0
3.6098000E+1	6.5355019E+1	5.9721733E+1	0.0000000E+0	0.0000000E+0	1.0000000E+2	0.0000000E+0
3.6149000E+1	6.5389781E+1	5.9718396E+1	0.0000000E+0	0.0000000E+0	1.0000000E+2	0.0000000E+0
3.6201000E+1	6.5420668E+1	5.9729664E+1	0.0000000E+0	0.0000000E+0	1.0000000E+2	0.0000000E+0
3.6252000E+1	6.5469291E+1	5.9732758E+1	0.0000000E+0	0.0000000E+0	1.0000000E+2	0.0000000E+0
3.6302000E+1	6.5518616E+1	5.9728996E+1	0.0000000E+0	0.0000000E+0	1.0000000E+2	0.0000000E+0
3.6352000E+1	6.5467693E+1	5.9769412E+1	0.0000000E+0	0.0000000E+0	1.0000000E+2	0.0000000E+0
3.6402000E+1	6.4553207E+1	5.9759703E+1	0.0000000E+0	0.0000000E+0	1.0000000E+2	0.0000000E+0
3.6452000E+1	6.4543679E+1	5.9738096E+1	0.0000000E+0	0.0000000E+0	1.0000000E+2	0.0000000E+0
3.6502000E+1	6.4557102E+1	5.9738779E+1	0.0000000E+0	0.0000000E+0	1.0000000E+2	0.0000000E+0
3.6552000E+1	6.4570122E+1	5.9748161E+1	0.0000000E+0	0.0000000E+0	1.0000000E+2	0.0000000E+0
3.6603000E+1	6.4605445E+1	5.9736722E+1	0.0000000E+0	0.0000000E+0	1.0000000E+2	0.0000000E+0
3.6654000E+1	6.4650118E+1	5.9746500E+1	0.0000000E+0	0.0000000E+0	1.0000000E+2	0.0000000E+0
3.6704000E+1	6.4702562E+1	5.9762915E+1	0.0000000E+0	0.0000000E+0	1.0000000E+2	0.0000000E+0
3.6754000E+1	6.4722967E+1	5.9754683E+1	0.0000000E+0	0.0000000E+0	1.0000000E+2	0.0000000E+0
3.6804000E+1	6.4752138E+1	5.9761737E+1	0.0000000E+0	0.0000000E+0	1.0000000E+2	0.0000000E+0
3.6854000E+1	6.4774464E+1	5.9763787E+1	0.0000000E+0	0.0000000E+0	1.0000000E+2	0.0000000E+0
3.6904000E+1	6.4801183E+1	5.9768536E+1	0.0000000E+0	0.0000000E+0	1.0000000E+2	0.0000000E+0
3.6954000E+1	6.4859716E+1	5.9769754E+1	0.0000000E+0	0.0000000E+0	1.0000000E+2	0.0000000E+0
3.7004000E+1	6.4895908E+1	5.9769238E+1	0.0000000E+0	0.0000000E+0	1.0000000E+2	0.0000000E+0
3.7054000E+1	6.4896469E+1	5.9779316E+1	0.0000000E+0	0.0000000E+0	1.0000000E+2	0.0000000E+0
3.7104000E+1	6.4900261E+1	5.9771499E+1	0.0000000E+0	0.0000000E+0	1.0000000E+2	0.0000000E+0
3.7155000E+1	6.4922432E+1	5.9767258E+1	0.0000000E+0	0.0000000E+0	1.0000000E+2	0.0000000E+0
3.7205000E+1	6.4952955E+1	5.9776138E+1	0.0000000E+0	0.0000000E+0	1.0000000E+2	0.0000000E+0
3.7255000E+1	6.4993365E+1	5.9796852E+1	0.0000000E+0	0.0000000E+0	1.0000000E+2	0.0000000E+0
3.7305000E+1	6.5016697E+1	5.9771099E+1	0.0000000E+0	0.0000000E+0	1.0000000E+2	0.0000000E+0
3.7355000E+1	6.5058432E+1	5.9769916E+1	0.0000000E+0	0.0000000E+0	1.0000000E+2	0.0000000E+0
3.7405000E+1	6.5117481E+1	5.9784373E+1	0.0000000E+0	0.0000000E+0	1.0000000E+2	0.0000000E+0
3.7455000E+1	6.5157522E+1	5.9784202E+1	0.0000000E+0	0.0000000E+0	1.0000000E+2	0.0000000E+0
3.7505000E+1	6.5184202E+1	5.9776031E+1	0.0000000E+0	0.0000000E+0	1.0000000E+2	0.0000000E+0
3.7555000E+1	6.5226994E+1	5.9783688E+1	0.0000000E+0	0.0000000E+0	1.0000000E+2	0.0000000E+0
3.7605000E+1	6.5259263E+1	5.9781219E+1	0.0000000E+0	0.0000000E+0	1.0000000E+2	0.0000000E+0
3.7655000E+1	6.5274653E+1	5.9778943E+1	0.0000000E+0	0.0000000E+0	1.0000000E+2	0.0000000E+0
3.7705000E+1	6.5314970E+1	5.9772131E+1	0.0000000E+0	0.0000000E+0	1.0000000E+2	0.0000000E+0
3.7755000E+1	6.5362206E+1	5.9770326E+1	0.0000000E+0	0.0000000E+0	1.0000000E+2	0.0000000E+0
3.7805000E+1	6.5412046E+1	5.9771092E+1	0.0000000E+0	0.0000000E+0	1.0000000E+2	0.0000000E+0
3.7855000E+1	6.5469107E+1	5.9773449E+1	0.0000000E+0	0.0000000E+0	1.0000000E+2	0.0000000E+0
3.7905000E+1	6.5510420E+1	5.9761408E+1	0.0000000E+0	0.0000000E+0	1.0000000E+2	0.0000000E+0
3.7955000E+1	6.5576602E+1	5.9774836E+1	0.0000000E+0	0.0000000E+0	1.0000000E+2	0.0000000E+0
3.8005000E+1	6.5634833E+1	5.9785278E+1	0.0000000E+0	0.0000000E+0	1.0000000E+2	0.0000000E+0
3.8056000E+1	6.5667790E+1	5.9781323E+1	0.0000000E+0	0.0000000E+0	1.0000000E+2	0.0000000E+0
3.8107000E+1	6.5673523E+1	5.9759855E+1	0.0000000E+0	0.0000000E+0	1.0000000E+2	0.0000000E+0
3.8157000E+1	6.5697592E+1	5.9762615E+1	0.0000000E+0	0.0000000E+0	1.0000000E+2	0.0000000E+0
3.8208000E+1	6.5748580E+1	5.9761190E+1	0.0000000E+0	0.0000000E+0	1.0000000E+2	0.0000000E+0
3.8259000E+1	6.5788841E+1	5.9765655E+1	0.0000000E+0	0.0000000E+0	1.0000000E+2	0.0000000E+0
3.8309000E+1	6.5840299E+1	5.9753486E+1	0.0000000E+0	0.0000000E+0	1.0000000E+2	0.0000000E+0
3.8359000E+1	6.4749313E+1	5.9850594E+1	0.0000000E+0	0.0000000E+0	1.0000000E+2	0.0000000E+0
3.8409000E+1	6.4483182E+1	5.9762289E+1	0.0000000E+0	0.0000000E+0	1.0000000E+2	0.0000000E+0
3.8459000E+1	6.4529353E+1	5.9772883E+1	0.0000000E+0	0.0000000E+0	1.0000000E+2	0.0000000E+0
3.8509000E+1	6.4545436E+1	5.9770287E+1	0.0000000E+0	0.0000000E+0	1.0000000E+2	0.0000000E+0
3.8559000E+1	6.4568924E+1	5.9758825E+1	0.0000000E+0	0.0000000E+0	1.0000000E+2	0.0000000E+0
3.8610000E+1	6.4584754E+1	5.9740291E+1	0.0000000E+0	0.0000000E+0	1.0000000E+2	0.0000000E+0
3.8661000E+1	6.4644211E+1	5.9761774E+1	0.0000000E+0	0.0000000E+0	1.0000000E+2	0.0000000E+0
3.8713000E+1	6.4660704E+1	5.9774864E+1	0.0000000E+0	0.0000000E+0	1.0000000E+2	0.0000000E+0
3.8764000E+1	6.4687521E+1	5.9775460E+1	0.0000000E+0	0.0000000E+0	1.0000000E+2	0.0000000E+0
3.8814000E+1	6.4709584E+1	5.9765211E+1	0.0000000E+0	0.0000000E+0	1.0000000E+2	0.0000000E+0
3.8864000E+1	6.4753741E+1	5.9761108E+1	0.0000000E+0	0.0000000E+0	1.0000000E+2	0.0000000E+0
3.8914000E+1	6.4767782E+1	5.9748409E+1	0.0000000E+0	0.0000000E+0	1.0000000E+2	0.0000000E+0
3.8964000E+1	6.4804761E+1	5.9758133E+1	0.0000000E+0	0.0000000E+0	1.0000000E+2	0.0000000E+0
3.9014000E+1	6.4834975E+1	5.9745320E+1	0.0000000E+0	0.0000000E+0	1.0000000E+2	0.0000000E+0
3.9064000E+1	6.4873979E+1	5.9754215E+1	0.0000000E+0	0.0000000E+0	1.0000000E+2	0.0000000E+0
3.9115000E+1	6.4899629E+1	5.9758545E+1	0.0000000E+0	0.0000000E+0	1.0000000E+2	0.0000000E+0
3.9165000E+1	6.4966433E+1	5.9772173E+1	0.0000000E+0	0.0000000E+0	1.0000000E+2	0.0000000E+0
3.9216000E+1	6.4995526E+1	5.9753258E+1	0.0000000E+0	0.0000000E+0	1.0000000E+2	0.0000000E+0
3.9267000E+1	6.5038062E+1	5.9758751E+1	0.0000000E+0	0.0000000E+0	1.0000000E+2	0.0000000E+0
3.9317000E+1	6.5069148E+1	5.9769483E+1	0.0000000E+0	0.0000000E+0	1.0000000E+2	0.0000000E+0
3.9367000E+1	6.5116241E+1	5.9775255E+1	0.0000000E+0	0.0000000E+0	1.0000000E+2	0.0000000E+0
3.9418000E+1	6.5153440E+1	5.9774818E+1	0.0000000E+0	0.0000000E+0	1.0000000E+2	0.0000000E+0
3.9468000E+1	6.5175764E+1	5.9767932E+1	0.0000000E+0	0.0000000E+0	1.0000000E+2	0.0000000E+0
3.9518000E+1	6.5211403E+1	5.9760490E+1	0.0000000E+0	0.0000000E+0	1.0000000E+2	0.0000000E+0
3.9568000E+1	6.5242353E+1	5.9772089E+1	0.0000000E+0	0.0000000E+0	1.0000000E+2	0.0000000E+0
3.9618000E+1	6.5259026E+1	5.9753731E+1	0.0000000E+0	0.0000000E+0	1.0000000E+2	0.0000000E+0
3.9668000E+1	6.5305546E+1	5.9751932E+1	0.0000000E+0	0.0000000E+0	1.0000000E+2	0.0000000E+0
3.9718000E+1	6.5343025E+1	5.9747475E+1	0.0000000E+0	0.0000000E+0	1.0000000E+2	0.0000000E+0
3.9768000E+1	6.5394061E+1	5.9750195E+1	0.0000000E+0	0.0000000E+0	1.0000000E+2	0.0000000E+0
3.9818000E+1	6.5451547E+1	5.9772754E+1	0.0000000E+0	0.0000000E+0	1.0000000E+2	0.0000000E+0
3.9868000E+1	6.5501371E+1	5.9774093E+1	0.0000000E+0	0.0000000E+0	1.0000000E+2	0.0000000E+0
3.9918000E+1	6.5527665E+1	5.9760687E+1	0.0000000E+0	0.0000000E+0	1.0000000E+2	0.0000000E+0
3.9969000E+1	6.5577662E+1	5.9756350E+1	0.0000000E+0	0.0000000E+0	1.0000000E+2	0.0000000E+0
4.0019000E+1	6.5627548E+1	5.9779761E+1	0.0000000E+0	0.0000000E+0	1.0000000E+2	0.0000000E+0
4.0069000E+1	6.5660531E+1	5.9764055E+1	0.0000000E+0	0.0000000E+0	1.0000000E+2	0.0000000E+0
4.0119000E+1	6.5709782E+1	5.9770092E+1	0.0000000E+0	0.0000000E+0	1.0000000E+2	0.0000000E+0
4.0169000E+1	6.5736000E+1	5.9770170E+1	0.0000000E+0	0.0000000E+0	1.0000000E+2	0.0000000E+0
4.0219000E+1	6.5763652E+1	5.9775446E+1	0.0000000E+0	0.0000000E+0	1.0000000E+2	0.0000000E+0
4.0269000E+1	6.5781856E+1	5.9775336E+1	0.0000000E+0	0.0000000E+0	1.0000000E+2	0.0000000E+0
4.0319000E+1	6.5843849E+1	5.9776113E+1	0.0000000E+0	0.0000000E+0	1.0000000E+2	0.0000000E+0
4.0369000E+1	6.5897704E+1	5.9783276E+1	0.0000000E+0	0.0000000E+0	1.0000000E+2	0.0000000E+0
4.0419000E+1	6.5952613E+1	5.9779509E+1	0.0000000E+0	0.0000000E+0	1.0000000E+2	0.0000000E+0
4.0469000E+1	6.5995095E+1	5.9777178E+1	0.0000000E+0	0.0000000E+0	1.0000000E+2	0.0000000E+0
4.0519000E+1	6.6050736E+1	5.9805792E+1	0.0000000E+0	0.0000000E+0	1.0000000E+2	0.0000000E+0
4.0569000E+1	6.6101911E+1	5.9787509E+1	0.0000000E+0	0.0000000E+0	1.0000000E+2	0.0000000E+0
4.0619000E+1	6.6150738E+1	5.9803028E+1	0.0000000E+0	0.0000000E+0	1.0000000E+2	0.0000000E+0
4.0669000E+1	6.5351636E+1	5.9900993E+1	0.0000000E+0	0.0000000E+0	1.0000000E+2	0.0000000E+0
4.0719000E+1	6.4132286E+1	5.9782639E+1	0.0000000E+0	0.0000000E+0	1.0000000E+2	0.0000000E+0
4.0769000E+1	6.4182221E+1	5.9794337E+1	0.0000000E+0	0.0000000E+0	1.0000000E+2	0.0000000E+0
4.0820000E+1	6.4205978E+1	5.9799828E+1	0.0000000E+0	0.0000000E+0	1.0000000E+2	0.0000000E+0
4.0870000E+1	6.4210888E+1	5.9780587E+1	0.0000000E+0	0.0000000E+0	1.0000000E+2	0.0000000E+0
4.0920000E+1	6.4248197E+1	5.9782222E+1	0.0000000E+0	0.0000000E+0	1.0000000E+2	0.0000000E+0
4.0970000E+1	6.4284488E+1	5.9781182E+1	0.0000000E+0	0.0000000E+0	1.0000000E+2	0.0000000E+0
4.1020000E+1	6.4320526E+1	5.9799875E+1	0.0000000E+0	0.0000000E+0	1.0000000E+2	0.0000000E+0
4.1070000E+1	6.4354816E+1	5.9796486E+1	0.0000000E+0	0.0000000E+0	1.0000000E+2	0.0000000E+0
4.1120000E+1	6.4395808E+1	5.9802181E+1	0.0000000E+0	0.0000000E+0	1.0000000E+2	0.0000000E+0
4.1170000E+1	6.4423835E+1	5.9785642E+1	0.0000000E+0	0.0000000E+0	1.0000000E+2	0.0000000E+0
4.1220000E+1	6.4476392E+1	5.9803002E+1	0.0000000E+0	0.0000000E+0	1.0000000E+2	0.0000000E+0
4.1270000E+1	6.4516218E+1	5.9797692E+1	0.0000000E+0	0.0000000E+0	1.0000000E+2	0.0000000E+0
4.1320000E+1	6.4543140E+1	5.9787750E+1	0.0000000E+0	0.0000000E+0	1.0000000E+2	0.0000000E+0
4.1370000E+1	6.4565081E+1	5.9813540E+1	0.0000000E+0	0.0000000E+0	1.0000000E+2	0.0000000E+0
4.1420000E+1	6.4574348E+1	5.9799370E+1	0.0000000E+0	0.0000000E+0	1.0000000E+2	0.0000000E+0
4.1470000E+1	6.4603611E+1	5.9803818E+1	0.0000000E+0	0.0000000E+0	1.0000000E+2	0.0000000E+0
4.1520000E+1	6.4636305E+1	5.9811471E+1	0.0000000E+0	0.0000000E+0	1.0000000E+2	0.0000000E+0
4.1570000E+1	6.4662046E+1	5.9795727E+1	0.0000000E+0	0.0000000E+0	1.0000000E+2	0.0000000E+0
4.1620000E+1	6.4715552E+1	5.9805496E+1	0.0000000E+0	0.0000000E+0	1.0000000E+2	0.0000000E+0
4.1670000E+1	6.4764110E+1	5.9802282E+1	0.0000000E+0	0.0000000E+0	1.0000000E+2	0.0000000E+0
4.1720000E+1	6.4815097E+1	5.9810525E+1	0.0000000E+0	0.0000000E+0	1.0000000E+2	0.0000000E+0
4.1770000E+1	6.4864256E+1	5.9807373E+1	0.0000000E+0	0.0000000E+0	1.0000000E+2	0.0000000E+0
4.1820000E+1	6.4907071E+1	5.9819597E+1	0.0000000E+0	0.0000000E+0	1.0000000E+2	0.0000000E+0
4.1870000E+1	6.4945200E+1	5.9803900E+1	0.0000000E+0	0.0000000E+0	1.0000000E+2	0.0000000E+0
4.1920000E+1	6.5000762E+1	5.9812367E+1	0.0000000E+0	0.0000000E+0	1.0000000E+2	0.0000000E+0
4.1970000E+1	6.5047085E+1	5.9814019E+1	0.0000000E+0	0.0000000E+0	1.0000000E+2	0.0000000E+0
4.2020000E+1	6.5086670E+1	5.9832264E+1	0.0000000E+0	0.0000000E+0	1.0000000E+2	0.0000000E+0
4.2070000E+1	6.5109824E+1	5.9812056E+1	0.0000000E+0	0.0000000E+0	1.0000000E+2	0.0000000E+0
4.2120000E+1	6.5176459E+1	5.9829014E+1	0.0000000E+0	0.0000000E+0	1.0000000E+2	0.0000000E+0
4.2170000E+1	6.5225002E+1	5.9828467E+1	0.0000000E+0	0.0000000E+0	1.0000000E+2	0.0000000E+0
4.2220000E+1	6.5254178E+1	5.9824539E+1	0.0000000E+0	0.0000000E+0	1.0000000E+2	0.0000000E+0
4.2270000E+1	6.5280618E+1	5.9799357E+1	0.0000000E+0	0.0000000E+0	1.0000000E+2	0.0000000E+0
4.2320000E+1	6.5346713E+1	5.9806534E+1	0.0000000E+0	0.0000000E+0	1.0000000E+2	0.0000000E+0
4.2371000E+1	6.5400368E+1	5.9810490E+1	0.0000000E+0	0.0000000E+0	1.0000000E+2	0.0000000E+0
4.2421000E+1	6.5421403E+1	5.9810074E+1	0.0000000E+0	0.0000000E+0	1.0000000E+2	0.0000000E+0
4.2472000E+1	6.5449581E+1	5.9808485E+1	0.0000000E+0	0.0000000E+0	1.0000000E+2	0.0000000E+0
4.2522000E+1	6.5478968E+1	5.9815789E+1	0.0000000E+0	0.0000000E+0	1.0000000E+2	0.0000000E+0
4.2572000E+1	6.5530318E+1	5.9807905E+1	0.0000000E+0	0.0000000E+0	1.0000000E+2	0.0000000E+0
4.2622000E+1	6.5542708E+1	5.9810097E+1	0.0000000E+0	0.0000000E+0	1.0000000E+2	0.0000000E+0
4.2672000E+1	6.4487209E+1	5.9851206E+1	0.0000000E+0	0.0000000E+0	1.0000000E+2	0.0000000E+0
4.2722000E+1	6.4477224E+1	5.9820062E+1	0.0000000E+0	0.0000000E+0	1.0000000E+2	0.0000000E+0
4.2773000E+1	6.4534801E+1	5.9827821E+1	0.0000000E+0	0.0000000E+0	1.0000000E+2	0.0000000E+0
4.2824000E+1	6.4557641E+1	5.9835636E+1	0.0000000E+0	0.0000000E+0	1.0000000E+2	0.0000000E+0
4.2874000E+1	6.4604048E+1	5.9833505E+1	0.0000000E+0	0.0000000E+0	1.0000000E+2	0.0000000E+0
4.2924000E+1	6.4635979E+1	5.9825957E+1	0.0000000E+0	0.0000000E+0	1.0000000E+2	0.0000000E+0
4.2974000E+1	6.4681175E+1	5.9833576E+1	0.0000000E+0	0.0000000E+0	1.0000000E+2	0.0000000E+0
4.3024000E+1	6.4741874E+1	5.9841031E+1	0.0000000E+0	0.0000000E+0	1.0000000E+2	0.0000000E+0
4.3074000E+1	6.4809092E+1	5.9849791E+1	0.0000000E+0	0.0000000E+0	1.0000000E+2	0.0000000E+0
4.3124000E+1	6.4858497E+1	5.9855478E+1	0.0000000E+0	0.0000000E+0	1.0000000E+2	0.0000000E+0
4.3174000E+1	6.4898237E+1	5.9839704E+1	0.0000000E+0	0.0000000E+0	1.0000000E+2	0.0000000E+0
4.3224000E+1	6.4954245E+1	5.9846381E+1	0.0000000E+0	0.0000000E+0	1.0000000E+2	0.0000000E+0
4.3274000E+1	6.4983156E+1	5.9841421E+1	0.0000000E+0	0.0000000E+0	1.0000000E+2	0.0000000E+0
4.3324000E+1	6.5004940E+1	5.9836641E+1	0.0000000E+0	0.0000000E+0	1.0000000E+2	0.0000000E+0
4.3374000E+1	6.5029444E+1	5.9840480E+1	0.0000000E+0	0.0000000E+0	1.0000000E+2	0.0000000E+0
4.3424000E+1	6.5091793E+1	5.9859055E+1	0.0000000E+0	0.0000000E+0	1.0000000E+2	0.0000000E+0
4.3474000E+1	6.5143468E+1	5.9871262E+1	0.0000000E+0	0.0000000E+0	1.0000000E+2	0.0000000E+0
4.3524000E+1	6.5192280E+1	5.9862168E+1	0.0000000E+0	0.0000000E+0	1.0000000E+2	0.0000000E+0
4.3575000E+1	6.5271677E+1	5.9885576E+1	0.0000000E+0	0.0000000E+0	1.0000000E+2	0.0000000E+0
4.3626000E+1	6.5303279E+1	5.9877446E+1	0.0000000E+0	0.0000000E+0	1.0000000E+2	0.0000000E+0
4.3676000E+1	6.5340006E+1	5.9871752E+1	0.0000000E+0	0.0000000E+0	1.0000000E+2	0.0000000E+0
4.3726000E+1	6.5396066E+1	5.9868594E+1	0.0000000E+0	0.0000000E+0	1.0000000E+2	0.0000000E+0
4.3777000E+1	6.5455394E+1	5.9877967E+1	0.0000000E+0	0.0000000E+0	1.0000000E+2	0.0000000E+0
4.3827000E+1	6.5506051E+1	5.9895020E+1	0.0000000E+0	0.0000000E+0	1.0000000E+2	0.0000000E+0
4.3878000E+1	6.5544237E+1	5.9900798E+1	0.0000000E+0	0.0000000E+0	1.0000000E+2	0.0000000E+0
4.3928000E+1	6.5590728E+1	5.9888623E+1	0.0000000E+0	0.0000000E+0	1.0000000E+2	0.0000000E+0
4.3978000E+1	6.5643971E+1	5.9895858E+1	0.0000000E+0	0.0000000E+0	1.0000000E+2	0.0000000E+0
4.4029000E+1	6.5705013E+1	5.9905803E+1	0.0000000E+0	0.0000000E+0	1.0000000E+2	0.0000000E+0
4.4079000E+1	6.5735735E+1	5.9915698E+1	0.0000000E+0	0.0000000E+0	1.0000000E+2	0.0000000E+0
4.4130000E+1	6.5777944E+1	5.9930002E+1	0.0000000E+0	0.0000000E+0	1.0000000E+2	0.0000000E+0
4.4180000E+1	6.5803775E+1	5.9925036E+1	0.0000000E+0	0.0000000E+0	1.0000000E+2	0.0000000E+0
4.4230000E+1	6.5820535E+1	5.9927409E+1	0.0000000E+0	0.0000000E+0	1.0000000E+2	0.0000000E+0
4.4280000E+1	6.5843071E+1	5.9931258E+1	0.0000000E+0	0.0000000E+0	1.0000000E+2	0.0000000E+0
4.4330000E+1	6.5882163E+1	5.9934422E+1	0.0000000E+0	0.0000000E+0	1.0000000E+2	0.0000000E+0
4.4381000E+1	6.5937141E+1	5.9929969E+1	0.0000000E+0	0.0000000E+0	1.0000000E+2	0.0000000E+0
4.4431000E+1	6.6002606E+1	5.9932963E+1	0.0000000E+0	0.0000000E+0	1.0000000E+2	0.0000000E+0
4.4483000E+1	6.6044943E+1	5.9927784E+1	0.0000000E+0	0.0000000E+0	1.0000000E+2	0.0000000E+0
4.4534000E+1	6.6128965E+1	5.9938570E+1	0.0000000E+0	0.0000000E+0	1.0000000E+2	0.0000000E+0
4.4584000E+1	6.6197668E+1	5.9926428E+1	0.0000000E+0	0.0000000E+0	1.0000000E+2	0.0000000E+0
4.4634000E+1	6.6219484E+1	5.9912779E+1	0.0000000E+0	0.0000000E+0	1.0000000E+2	0.0000000E+0
4.4684000E+1	6.6277796E+1	5.9922748E+1	0.0000000E+0	0.0000000E+0	1.0000000E+2	0.0000000E+0
4.4734000E+1	6.6309488E+1	5.9903744E+1	0.0000000E+0	0.0000000E+0	1.0000000E+2	0.0000000E+0
4.4784000E+1	6.6351810E+1	5.9912686E+1	0.0000000E+0	0.0000000E+0	1.0000000E+2	0.0000000E+0
4.4834000E+1	6.6354247E+1	5.9883248E+1	0.0000000E+0	0.0000000E+0	1.0000000E+2	0.0000000E+0
4.4884000E+1	6.6394549E+1	5.9883907E+1	0.0000000E+0	0.0000000E+0	1.0000000E+2	0.0000000E+0
4.4935000E+1	6.6456565E+1	5.9886146E+1	0.0000000E+0	0.0000000E+0	1.0000000E+2	0.0000000E+0
4.4985000E+1	6.6525451E+1	5.9898272E+1	0.0000000E+0	0.0000000E+0	1.0000000E+2	0.0000000E+0
4.5036000E+1	6.6581734E+1	5.9897581E+1	0.0000000E+0	0.0000000E+0	1.0000000E+2	0.0000000E+0
4.5087000E+1	6.6621311E+1	5.9885725E+1	0.0000000E+0	0.0000000E+0	1.0000000E+2	0.0000000E+0
4.5137000E+1	6.6671555E+1	5.9887721E+1	0.0000000E+0	0.0000000E+0	1.0000000E+2	0.0000000E+0
4.5187000E+1	6.6717290E+1	5.9884486E+1	0.0000000E+0	0.0000000E+0	1.0000000E+2	0.0000000E+0
4.5238000E+1	6.6673311E+1	5.9933904E+1	0.0000000E+0	0.0000000E+0	1.0000000E+2	0.0000000E+0
4.5288000E+1	6.4501985E+1	5.9960020E+1	0.0000000E+0	0.0000000E+0	1.0000000E+2	0.0000000E+0
4.5338000E+1	6.4512229E+1	5.9878442E+1	0.0000000E+0	0.0000000E+0	1.0000000E+2	0.0000000E+0
4.5388000E+1	6.4550105E+1	5.9900543E+1	0.0000000E+0	0.0000000E+0	1.0000000E+2	0.0000000E+0
4.5439000E+1	6.4579341E+1	5.9883877E+1	0.0000000E+0	0.0000000E+0	1.0000000E+2	0.0000000E+0
4.5489000E+1	6.4609951E+1	5.9885442E+1	0.0000000E+0	0.0000000E+0	1.0000000E+2	0.0000000E+0
4.5539000E+1	6.4640489E+1	5.9897113E+1	0.0000000E+0	0.0000000E+0	1.0000000E+2	0.0000000E+0
4.5590000E+1	6.4692458E+1	5.9902956E+1	0.0000000E+0	0.0000000E+0	1.0000000E+2	0.0000000E+0
4.5640000E+1	6.4740715E+1	5.9894194E+1	0.0000000E+0	0.0000000E+0	1.0000000E+2	0.0000000E+0
4.5690000E+1	6.4765695E+1	5.9894608E+1	0.0000000E+0	0.0000000E+0	1.0000000E+2	0.0000000E+0
4.5740000E+1	6.4768716E+1	5.9895093E+1	0.0000000E+0	0.0000000E+0	1.0000000E+2	0.0000000E+0
4.5790000E+1	6.4803615E+1	5.9895133E+1	0.0000000E+0	0.0000000E+0	1.0000000E+2	0.0000000E+0
4.5840000E+1	6.4855132E+1	5.9897820E+1	0.0000000E+0	0.0000000E+0	1.0000000E+2	0.0000000E+0
4.5890000E+1	6.4903483E+1	5.9892732E+1	0.0000000E+0	0.0000000E+0	1.0000000E+2	0.0000000E+0
4.5940000E+1	6.4961629E+1	5.9897350E+1	0.0000000E+0	0.0000000E+0	1.0000000E+2	0.0000000E+0
4.5990000E+1	6.5003793E+1	5.9898723E+1	0.0000000E+0	0.0000000E+0	1.0000000E+2	0.0000000E+0
4.6040000E+1	6.5035056E+1	5.9887048E+1	0.0000000E+0	0.0000000E+0	1.0000000E+2	0.0000000E+0
4.6090000E+1	6.5086493E+1	5.9901907E+1	0.0000000E+0	0.0000000E+0	1.0000000E+2	0.0000000E+0
4.6140000E+1	6.5142959E+1	5.9905124E+1	0.0000000E+0	0.0000000E+0	1.0000000E+2	0.0000000E+0
4.6190000E+1	6.5178549E+1	5.9898921E+1	0.0000000E+0	0.0000000E+0	1.0000000E+2	0.0000000E+0
4.6240000E+1	6.5213509E+1	5.9880854E+1	0.0000000E+0	0.0000000E+0	1.0000000E+2	0.0000000E+0
4.6290000E+1	6.5235319E+1	5.9878412E+1	0.0000000E+0	0.0000000E+0	1.0000000E+2	0.0000000E+0
4.6340000E+1	6.5290647E+1	5.9897145E+1	0.0000000E+0	0.0000000E+0	1.0000000E+2	0.0000000E+0
4.6390000E+1	6.5338169E+1	5.9909561E+1	0.0000000E+0	0.0000000E+0	1.0000000E+2	0.0000000E+0
4.6441000E+1	6.5387213E+1	5.9913050E+1	0.0000000E+0	0.0000000E+0	1.0000000E+2	0.0000000E+0
4.6492000E+1	6.5397275E+1	5.9901599E+1	0.0000000E+0	0.0000000E+0	1.0000000E+2	0.0000000E+0
4.6543000E+1	6.5438952E+1	5.9916088E+1	0.0000000E+0	0.0000000E+0	1.0000000E+2	0.0000000E+0
4.6594000E+1	6.5485139E+1	5.9907385E+1	0.0000000E+0	0.0000000E+0	1.0000000E+2	0.0000000E+0
4.6644000E+1	6.5538728E+1	5.9906006E+1	0.0000000E+0	0.0000000E+0	1.0000000E+2	0.0000000E+0
4.6694000E+1	6.5564253E+1	5.9905346E+1	0.0000000E+0	0.0000000E+0	1.0000000E+2	0.0000000E+0
4.6744000E+1	6.5581271E+1	5.9908550E+1	0.0000000E+0	0.0000000E+0	1.0000000E+2	0.0000000E+0
4.6794000E+1	6.5609890E+1	5.9899296E+1	0.0000000E+0	0.0000000E+0	1.0000000E+2	0.0000000E+0
4.6844000E+1	6.5636407E+1	5.9882993E+1	0.0000000E+0	0.0000000E+0	1.0000000E+2	0.0000000E+0
4.6894000E+1	6.5694917E+1	5.9888326E+1	0.0000000E+0	0.0000000E+0	1.0000000E+2	0.0000000E+0
4.6944000E+1	6.5752616E+1	5.9890441E+1	0.0000000E+0	0.0000000E+0	1.0000000E+2	0.0000000E+0
4.6994000E+1	6.5804343E+1	5.9893775E+1	0.0000000E+0	0.0000000E+0	1.0000000E+2	0.0000000E+0
4.7044000E+1	6.5841228E+1	5.9884891E+1	0.0000000E+0	0.0000000E+0	1.0000000E+2	0.0000000E+0
4.7094000E+1	6.5898158E+1	5.9895488E+1	0.0000000E+0	0.0000000E+0	1.0000000E+2	0.0000000E+0
4.7144000E+1	6.5927569E+1	5.9871759E+1	0.0000000E+0	0.0000000E+0	1.0000000E+2	0.0000000E+0
4.7195000E+1	6.5997133E+1	5.9901682E+1	0.0000000E+0	0.0000000E+0	1.0000000E+2	0.0000000E+0
4.7245000E+1	6.6051395E+1	5.9913914E+1	0.0000000E+0	0.0000000E+0	1.0000000E+2	0.0000000E+0
4.7295000E+1	6.6092600E+1	5.9910726E+1	0.0000000E+0	0.0000000E+0	1.0000000E+2	0.0000000E+0
4.7345000E+1	6.6117556E+1	5.9906358E+1	0.0000000E+0	0.0000000E+0	1.0000000E+2	0.0000000E+0
4.7395000E+1	6.6178070E+1	5.9908828E+1	0.0000000E+0	0.0000000E+0	1.0000000E+2	0.0000000E+0
4.7445000E+1	6.6218966E+1	5.9908973E+1	0.0000000E+0	0.0000000E+0	1.0000000E+2	0.0000000E+0
4.7495000E+1	6.6254271E+1	5.9911536E+1	0.0000000E+0	0.0000000E+0	1.0000000E+2	0.0000000E+0
4.7545000E+1	6.5903449E+1	6.0008555E+1	0.0000000E+0	0.0000000E+0	1.0000000E+2	0.0000000E+0
4.7595000E+1	6.4083408E+1	5.9916192E+1	0.0000000E+0	0.0000000E+0	1.0000000E+2	0.0000000E+0
4.7645000E+1	6.4099810E+1	5.9884557E+1	0.0000000E+0	0.0000000E+0	1.0000000E+2	0.0000000E+0
4.7695000E+1	6.4140244E+1	5.9896739E+1	0.0000000E+0	0.0000000E+0	1.0000000E+2	0.0000000E+0
4.7745000E+1	6.4174514E+1	5.9904173E+1	0.0000000E+0	0.0000000E+0	1.0000000E+2	0.0000000E+0
4.7795000E+1	6.4213823E+1	5.9909242E+1	0.0000000E+0	0.0000000E+0	1.0000000E+2	0.0000000E+0
4.7845000E+1	6.4218112E+1	5.9930293E+1	0.0000000E+0	0.0000000E+0	1.0000000E+2	0.0000000E+0
4.7895000E+1	6.4232800E+1	5.9919830E+1	0.0000000E+0	0.0000000E+0	1.0000000E+2	0.0000000E+0
4.7946000E+1	6.4277638E+1	5.9929116E+1	0.0000000E+0	0.0000000E+0	1.0000000E+2	0.0000000E+0
4.7996000E+1	6.4301148E+1	5.9914706E+1	0.0000000E+0	0.0000000E+0	1.0000000E+2	0.0000000E+0
4.8046000E+1	6.4340023E+1	5.9911779E+1	0.0000000E+0	0.0000000E+0	1.0000000E+2	0.0000000E+0
4.8096000E+1	6.4387280E+1	5.9917386E+1	0.0000000E+0	0.0000000E+0	1.0000000E+2	0.0000000E+0
4.8146000E+1	6.4428753E+1	5.9924753E+1	0.0000000E+0	0.0000000E+0	1.0000000E+2	0.0000000E+0
4.8196000E+1	6.4468449E+1	5.9920176E+1	0.0000000E+0	0.0000000E+0	1.0000000E+2	0.0000000E+0
4.8246000E+1	6.4515544E+1	5.9920209E+1	0.0000000E+0	0.0000000E+0	1.0000000E+2	0.0000000E+0
4.8296000E+1	6.4563076E+1	5.9930328E+1	0.0000000E+0	0.0000000E+0	1.0000000E+2	0.0000000E+0
4.8346000E+1	6.4594555E+1	5.9916983E+1	0.0000000E+0	0.0000000E+0	1.0000000E+2	0.0000000E+0
4.8396000E+1	6.4640675E+1	5.9929949E+1	0.0000000E+0	0.0000000E+0	1.0000000E+2	0.0000000E+0
4.8446000E+1	6.4691469E+1	5.9931651E+1	0.0000000E+0	0.0000000E+0	1.0000000E+2	0.0000000E+0
4.8496000E+1	6.4736694E+1	5.9930858E+1	0.0000000E+0	0.0000000E+0	1.0000000E+2	0.0000000E+0
4.8546000E+1	6.4788323E+1	5.9929286E+1	0.0000000E+0	0.0000000E+0	1.0000000E+2	0.0000000E+0
4.8596000E+1	6.4833160E+1	5.9941493E+1	0.0000000E+0	0.0000000E+0	1.0000000E+2	0.0000000E+0
4.8646000E+1	6.4860033E+1	5.9938851E+1	0.0000000E+0	0.0000000E+0	1.0000000E+2	0.0000000E+0
4.8696000E+1	6.4908863E+1	5.9921565E+1	0.0000000E+0	0.0000000E+0	1.0000000E+2	0.0000000E+0
4.8746000E+1	6.4976308E+1	5.9942404E+1	0.0000000E+0	0.0000000E+0	1.0000000E+2	0.0000000E+0
4.8796000E+1	6.5010763E+1	5.9936060E+1	0.0000000E+0	0.0000000E+0	1.0000000E+2	0.0000000E+0
4.8846000E+1	6.5036766E+1	5.9931181E+1	0.0000000E+0	0.0000000E+0	1.0000000E+2	0.0000000E+0
4.8896000E+1	6.5073519E+1	5.9937483E+1	0.0000000E+0	0.0000000E+0	1.0000000E+2	0.0000000E+0
4.8946000E+1	6.5099968E+1	5.9918241E+1	0.0000000E+0	0.0000000E+0	1.0000000E+2	0.0000000E+0
4.8997000E+1	6.5142160E+1	5.9911979E+1	0.0000000E+0	0.0000000E+0	1.0000000E+2	0.0000000E+0
4.9047000E+1	6.5222368E+1	5.9920380E+1	0.0000000E+0	0.0000000E+0	1.0000000E+2	0.0000000E+0
4.9098000E+1	6.5278449E+1	5.9926192E+1	0.0000000E+0	0.0000000E+0	1.0000000E+2	0.0000000E+0
4.9148000E+1	6.5331922E+1	5.9935412E+1	0.0000000E+0	0.0000000E+0	1.0000000E+2	0.0000000E+0
4.9199000E+1	6.4995345E+1	5.9973056E+1	0.0000000E+0	0.0000000E+0	1.0000000E+2	0.0000000E+0
4.9250000E+1	6.4454666E+1	5.9920717E+1	0.0000000E+0	0.0000000E+0	1.0000000E+2	0.0000000E+0
4.9300000E+1	6.4479658E+1	5.9917666E+1	0.0000000E+0	0.0000000E+0	1.0000000E+2	0.0000000E+0
4.9350000E+1	6.4508160E+1	5.9919410E+1	0.0000000E+0	0.0000000E+0	1.0000000E+2	0.0000000E+0
4.9400000E+1	6.4506528E+1	5.9886116E+1	0.0000000E+0	0.0000000E+0	1.0000000E+2	0.0000000E+0
4.9450000E+1	6.4577715E+1	5.9891807E+1	0.0000000E+0	0.0000000E+0	1.0000000E+2	0.0000000E+0
4.9500000E+1	6.4626188E+1	5.9900243E+1	0.0000000E+0	0.0000000E+0	1.0000000E+2	0.0000000E+0
4.9551000E+1	6.4662852E+1	5.9869759E+1	0.0000000E+0	0.0000000E+0	1.0000000E+2	0.0000000E+0
4.9602000E+1	6.4711383E+1	5.9874529E+1	0.0000000E+0	0.0000000E+0	1.0000000E+2	0.0000000E+0
4.9652000E+1	6.4733861E+1	5.9871112E+1	0.0000000E+0	0.0000000E+0	1.0000000E+2	0.0000000E+0
4.9702000E+1	6.4753821E+1	5.9871309E+1	0.0000000E+0	0.0000000E+0	1.0000000E+2	0.0000000E+0
4.9752000E+1	6.4768007E+1	5.9860977E+1	0.0000000E+0	0.0000000E+0	1.0000000E+2	0.0000000E+0
4.9802000E+1	6.4782502E+1	5.9862709E+1	0.0000000E+0	0.0000000E+0	1.0000000E+2	0.0000000E+0
4.9852000E+1	6.4802088E+1	5.9866406E+1	0.0000000E+0	0.0000000E+0	1.0000000E+2	0.0000000E+0
4.9902000E+1	6.4846400E+1	5.9859096E+1	0.0000000E+0	0.0000000E+0	1.0000000E+2	0.0000000E+0
4.9952000E+1	6.4905689E+1	5.9863515E+1	0.0000000E+0	0.0000000E+0	1.0000000E+2	0.0000000E+0
5.0004000E+1	6.4951310E+1	5.9854676E+1	0.0000000E+0	0.0000000E+0	1.0000000E+2	0.0000000E+0
5.0054000E+1	6.4998615E+1	5.9851767E+1	0.0000000E+0	0.0000000E+0	1.0000000E+2	0.0000000E+0
5.0104000E+1	6.5049085E+1	5.9856092E+1	0.0000000E+0	0.0000000E+0	1.0000000E+2	0.0000000E+0
5.0154000E+1	6.5085487E+1	5.9868651E+1	0.0000000E+0	0.0000000E+0	1.0000000E+2	0.0000000E+0
5.0204000E+1	6.5108236E+1	5.9867151E+1	0.0000000E+0	0.0000000E+0	1.0000000E+2	0.0000000E+0
5.0254000E+1	6.5162961E+1	5.9868814E+1	0.0000000E+0	0.0000000E+0	1.0000000E+2	0.0000000E+0
5.0304000E+1	6.5205891E+1	5.9871411E+1	0.0000000E+0	0.0000000E+0	1.0000000E+2	0.0000000E+0
5.0354000E+1	6.5266453E+1	5.9880410E+1	0.0000000E+0	0.0000000E+0	1.0000000E+2	0.0000000E+0
5.0406000E+1	6.5291154E+1	5.9874153E+1	0.0000000E+0	0.0000000E+0	1.0000000E+2	0.0000000E+0
5.0457000E+1	6.5317669E+1	5.9871860E+1	0.0000000E+0	0.0000000E+0	1.0000000E+2	0.0000000E+0
5.0507000E+1	6.5375618E+1	5.9873467E+1	0.0000000E+0	0.0000000E+0	1.0000000E+2	0.0000000E+0
5.0557000E+1	6.5420352E+1	5.9879011E+1	0.0000000E+0	0.0000000E+0	1.0000000E+2	0.0000000E+0
5.0608000E+1	6.5456762E+1	5.9866146E+1	0.0000000E+0	0.0000000E+0	1.0000000E+2	0.0000000E+0
5.0658000E+1	6.5519502E+1	5.9887110E+1	0.0000000E+0	0.0000000E+0	1.0000000E+2	0.0000000E+0
5.0708000E+1	6.5582324E+1	5.9891281E+1	0.0000000E+0	0.0000000E+0	1.0000000E+2	0.0000000E+0
5.0758000E+1	6.5640264E+1	5.9886318E+1	0.0000000E+0	0.0000000E+0	1.0000000E+2	0.0000000E+0
5.0808000E+1	6.5655650E+1	5.9891755E+1	0.0000000E+0	0.0000000E+0	1.0000000E+2	0.0000000E+0
5.0858000E+1	6.5686322E+1	5.9901205E+1	0.0000000E+0	0.0000000E+0	1.0000000E+2	0.0000000E+0
5.0908000E+1	6.5741750E+1	5.9912236E+1	0.0000000E+0	0.0000000E+0	1.0000000E+2	0.0000000E+0
5.0958000E+1	6.5794278E+1	5.9910445E+1	0.0000000E+0	0.0000000E+0	1.0000000E+2	0.0000000E+0
5.1008000E+1	6.5857038E+1	5.9923752E+1	0.0000000E+0	0.0000000E+0	1.0000000E+2	0.0000000E+0
5.1058000E+1	6.5931838E+1	5.9941766E+1	0.0000000E+0	0.0000000E+0	1.0000000E+2	0.0000000E+0
5.1108000E+1	6.5966502E+1	5.9922848E+1	0.0000000E+0	0.0000000E+0	1.0000000E+2	0.0000000E+0
5.1158000E+1	6.6004856E+1	5.9924951E+1	0.0000000E+0	0.0000000E+0	1.0000000E+2	0.0000000E+0
5.1208000E+1	6.6071973E+1	5.9940997E+1	0.0000000E+0	0.0000000E+0	1.0000000E+2	0.0000000E+0
5.1258000E+1	6.6124378E+1	5.9926293E+1	0.0000000E+0	0.0000000E+0	1.0000000E+2	0.0000000E+0
5.1308000E+1	6.6182460E+1	5.9929443E+1	0.0000000E+0	0.0000000E+0	1.0000000E+2	0.0000000E+0
5.1359000E+1	6.6245777E+1	5.9932021E+1	0.0000000E+0	0.0000000E+0	1.0000000E+2	0.0000000E+0
5.1409000E+1	6.6291556E+1	5.9929286E+1	0.0000000E+0	0.0000000E+0	1.0000000E+2	0.0000000E+0
5.1459000E+1	6.6350796E+1	5.9934838E+1	0.0000000E+0	0.0000000E+0	1.0000000E+2	0.0000000E+0
5.1509000E+1	6.6421571E+1	5.9925460E+1	0.0000000E+0	0.0000000E+0	1.0000000E+2	0.0000000E+0
5.1559000E+1	6.6470434E+1	5.9917656E+1	0.0000000E+0	0.0000000E+0	1.0000000E+2	0.0000000E+0
5.1609000E+1	6.6524332E+1	5.9921269E+1	0.0000000E+0	0.0000000E+0	1.0000000E+2	0.0000000E+0
5.1659000E+1	6.6580079E+1	5.9917213E+1	0.0000000E+0	0.0000000E+0	1.0000000E+2	0.0000000E+0
5.1710000E+1	6.6633939E+1	5.9923018E+1	0.0000000E+0	0.0000000E+0	1.0000000E+2	0.0000000E+0
5.1760000E+1	6.6666997E+1	5.9923762E+1	0.0000000E+0	0.0000000E+0	1.0000000E+2	0.0000000E+0
5.1811000E+1	6.6689986E+1	5.9929260E+1	0.0000000E+0	0.0000000E+0	1.0000000E+2	0.0000000E+0
5.1861000E+1	6.6716122E+1	5.9906999E+1	0.0000000E+0	0.0000000E+0	1.0000000E+2	0.0000000E+0
5.1911000E+1	6.6751072E+1	5.9902714E+1	0.0000000E+0	0.0000000E+0	1.0000000E+2	0.0000000E+0
5.1961000E+1	6.6833970E+1	5.9910915E+1	0.0000000E+0	0.0000000E+0	1.0000000E+2	0.0000000E+0
5.2011000E+1	6.6899546E+1	5.9905459E+1	0.0000000E+0	0.0000000E+0	1.0000000E+2	0.0000000E+0
5.2061000E+1	6.6949931E+1	5.9882472E+1	0.0000000E+0	0.0000000E+0	1.0000000E+2	0.0000000E+0
5.2111000E+1	6.7004317E+1	5.9894283E+1	0.0000000E+0	0.0000000E+0	1.0000000E+2	0.0000000E+0
5.2161000E+1	6.7069543E+1	5.9905028E+1	0.0000000E+0	0.0000000E+0	1.0000000E+2	0.0000000E+0
5.2211000E+1	6.7119183E+1	5.9891503E+1	0.0000000E+0	0.0000000E+0	1.0000000E+2	0.0000000E+0
5.2261000E+1	6.7175725E+1	5.9894615E+1	0.0000000E+0	0.0000000E+0	1.0000000E+2	0.0000000E+0
5.2312000E+1	6.7229298E+1	5.9887819E+1	0.0000000E+0	0.0000000E+0	1.0000000E+2	0.0000000E+0
5.2362000E+1	6.4977102E+1	6.0020641E+1	0.0000000E+0	0.0000000E+0	1.0000000E+2	0.0000000E+0
5.2412000E+1	6.4381318E+1	5.9828079E+1	0.0000000E+0	0.0000000E+0	1.0000000E+2	0.0000000E+0
5.2462000E+1	6.4478951E+1	5.9888620E+1	0.0000000E+0	0.0000000E+0	1.0000000E+2	0.0000000E+0
5.2512000E+1	6.4527022E+1	5.9895144E+1	0.0000000E+0	0.0000000E+0	1.0000000E+2	0.0000000E+0
5.2562000E+1	6.4560044E+1	5.9889716E+1	0.0000000E+0	0.0000000E+0	1.0000000E+2	0.0000000E+0
5.2612000E+1	6.4604544E+1	5.9897699E+1	0.0000000E+0	0.0000000E+0	1.0000000E+2	0.0000000E+0
5.2662000E+1	6.4654869E+1	5.9906051E+1	0.0000000E+0	0.0000000E+0	1.0000000E+2	0.0000000E+0
5.2712000E+1	6.4679262E+1	5.9897361E+1	0.0000000E+0	0.0000000E+0	1.0000000E+2	0.0000000E+0
5.2762000E+1	6.4703855E+1	5.9901338E+1	0.0000000E+0	0.0000000E+0	1.0000000E+2	0.0000000E+0
5.2813000E+1	6.4735161E+1	5.9903432E+1	0.0000000E+0	0.0000000E+0	1.0000000E+2	0.0000000E+0
5.2863000E+1	6.4788889E+1	5.9911806E+1	0.0000000E+0	0.0000000E+0	1.0000000E+2	0.0000000E+0
5.2914000E+1	6.4836826E+1	5.9917363E+1	0.0000000E+0	0.0000000E+0	1.0000000E+2	0.0000000E+0
5.2964000E+1	6.4874085E+1	5.9917831E+1	0.0000000E+0	0.0000000E+0	1.0000000E+2	0.0000000E+0
5.3014000E+1	6.4903007E+1	5.9921431E+1	0.0000000E+0	0.0000000E+0	1.0000000E+2	0.0000000E+0
5.3064000E+1	6.4919874E+1	5.9916942E+1	0.0000000E+0	0.0000000E+0	1.0000000E+2	0.0000000E+0
5.3114000E+1	6.4970744E+1	5.9918500E+1	0.0000000E+0	0.0000000E+0	1.0000000E+2	0.0000000E+0
5.3164000E+1	6.5002745E+1	5.9903977E+1	0.0000000E+0	0.0000000E+0	1.0000000E+2	0.0000000E+0
5.3215000E+1	6.5077813E+1	5.9925345E+1	0.0000000E+0	0.0000000E+0	1.0000000E+2	0.0000000E+0
5.3265000E+1	6.5123019E+1	5.9924275E+1	0.0000000E+0	0.0000000E+0	1.0000000E+2	0.0000000E+0
5.3315000E+1	6.5167566E+1	5.9934725E+1	0.0000000E+0	0.0000000E+0	1.0000000E+2	0.0000000E+0
5.3365000E+1	6.5203081E+1	5.9939634E+1	0.0000000E+0	0.0000000E+0	1.0000000E+2	0.0000000E+0
5.3415000E+1	6.5226979E+1	5.9918219E+1	0.0000000E+0	0.0000000E+0	1.0000000E+2	0.0000000E+0
5.3466000E+1	6.5267555E+1	5.9917434E+1	0.0000000E+0	0.0000000E+0	1.0000000E+2	0.0000000E+0
5.3516000E+1	6.5318954E+1	5.9925906E+1	0.0000000E+0	0.0000000E+0	1.0000000E+2	0.0000000E+0
5.3566000E+1	6.5323745E+1	5.9932253E+1	0.0000000E+0	0.0000000E+0	1.0000000E+2	0.0000000E+0
5.3616000E+1	6.4354405E+1	5.9959490E+1	0.0000000E+0	0.0000000E+0	1.0000000E+2	0.0000000E+0
5.3667000E+1	6.4347552E+1	5.9908498E+1	0.0000000E+0	0.0000000E+0	1.0000000E+2	0.0000000E+0
5.3718000E+1	6.4388158E+1	5.9912882E+1	0.0000000E+0	0.0000000E+0	1.0000000E+2	0.0000000E+0
5.3769000E+1	6.4413734E+1	5.9891460E+1	0.0000000E+0	0.0000000E+0	1.0000000E+2	0.0000000E+0
5.3819000E+1	6.4444911E+1	5.9902725E+1	0.0000000E+0	0.0000000E+0	1.0000000E+2	0.0000000E+0
5.3869000E+1	6.4478789E+1	5.9899497E+1	0.0000000E+0	0.0000000E+0	1.0000000E+2	0.0000000E+0
5.3919000E+1	6.4538072E+1	5.9910674E+1	0.0000000E+0	0.0000000E+0	1.0000000E+2	0.0000000E+0
5.3969000E+1	6.4576537E+1	5.9911049E+1	0.0000000E+0	0.0000000E+0	1.0000000E+2	0.0000000E+0
5.4019000E+1	6.4627702E+1	5.9904260E+1	0.0000000E+0	0.0000000E+0	1.0000000E+2	0.0000000E+0
5.4070000E+1	6.4670582E+1	5.9905054E+1	0.0000000E+0	0.0000000E+0	1.0000000E+2	0.0000000E+0
5.4121000E+1	6.4743288E+1	5.9935858E+1	0.0000000E+0	0.0000000E+0	1.0000000E+2	0.0000000E+0
5.4171000E+1	6.4797986E+1	5.9924978E+1	0.0000000E+0	0.0000000E+0	1.0000000E+2	0.0000000E+0
5.4222000E+1	6.4831117E+1	5.9925502E+1	0.0000000E+0	0.0000000E+0	1.0000000E+2	0.0000000E+0
5.4272000E+1	6.4863379E+1	5.9928782E+1	0.0000000E+0	0.0000000E+0	1.0000000E+2	0.0000000E+0
5.4322000E+1	6.4905388E+1	5.9938052E+1	0.0000000E+0	0.0000000E+0	1.0000000E+2	0.0000000E+0
5.4372000E+1	6.4949551E+1	5.9932774E+1	0.0000000E+0	0.0000000E+0	1.0000000E+2	0.0000000E+0
5.4422000E+1	6.4981538E+1	5.9922988E+1	0.0000000E+0	0.0000000E+0	1.0000000E+2	0.0000000E+0
5.4472000E+1	6.5025861E+1	5.9917760E+1	0.0000000E+0	0.0000000E+0	1.0000000E+2	0.0000000E+0
5.4522000E+1	6.5053803E+1	5.9917882E+1	0.0000000E+0	0.0000000E+0	1.0000000E+2	0.0000000E+0
5.4572000E+1	6.5096381E+1	5.9926124E+1	0.0000000E+0	0.0000000E+0	1.0000000E+2	0.0000000E+0
5.4623000E+1	6.5128438E+1	5.9912817E+1	0.0000000E+0	0.0000000E+0	1.0000000E+2	0.0000000E+0
5.4673000E+1	6.5181032E+1	5.9927389E+1	0.0000000E+0	0.0000000E+0	1.0000000E+2	0.0000000E+0
5.4723000E+1	6.5214657E+1	5.9930646E+1	0.0000000E+0	0.0000000E+0	1.0000000E+2	0.0000000E+0
5.4773000E+1	6.5271045E+1	5.9937401E+1	0.0000000E+0	0.0000000E+0	1.0000000E+2	0.0000000E+0
5.4823000E+1	6.5299099E+1	5.9913862E+1	0.0000000E+0	0.0000000E+0	1.0000000E+2	0.0000000E+0
5.4873000E+1	6.5344195E+1	5.9912398E+1	0.0000000E+0	0.0000000E+0	1.0000000E+2	0.0000000E+0
5.4923000E+1	6.5389221E+1	5.9910865E+1	0.0000000E+0	0.0000000E+0	1.0000000E+2	0.0000000E+0
5.4974000E+1	6.5452919E+1	5.9920471E+1	0.0000000E+0	0.0000000E+0	1.0000000E+2	0.0000000E+0
5.5024000E+1	6.5505852E+1	5.9919107E+1	0.0000000E+0	0.0000000E+0	1.0000000E+2	0.0000000E+0
5.5074000E+1	6.5550569E+1	5.9928206E+1	0.0000000E+0	0.0000000E+0	1.0000000E+2	0.0000000E+0
5.5124000E+1	6.5570195E+1	5.9924291E+1	0.0000000E+0	0.0000000E+0	1.0000000E+2	0.0000000E+0
5.5174000E+1	6.5602378E+1	5.9934153E+1	0.0000000E+0	0.0000000E+0	1.0000000E+2	0.0000000E+0
5.5225000E+1	6.5167173E+1	5.9977566E+1	0.0000000E+0	0.0000000E+0	1.0000000E+2	0.0000000E+0
5.5275000E+1	6.3971281E+1	5.9930563E+1	0.0000000E+0	0.0000000E+0	1.0000000E+2	0.0000000E+0
5.5325000E+1	6.4002664E+1	5.9898192E+1	0.0000000E+0	0.0000000E+0	1.0000000E+2	0.0000000E+0
5.5376000E+1	6.4023514E+1	5.9901594E+1	0.0000000E+0	0.0000000E+0	1.0000000E+2	0.0000000E+0
5.5426000E+1	6.4068053E+1	5.9907973E+1	0.0000000E+0	0.0000000E+0	1.0000000E+2	0.0000000E+0
5.5476000E+1	6.4105221E+1	5.9900422E+1	0.0000000E+0	0.0000000E+0	1.0000000E+2	0.0000000E+0
5.5526000E+1	6.4159322E+1	5.9917934E+1	0.0000000E+0	0.0000000E+0	1.0000000E+2	0.0000000E+0
5.5576000E+1	6.4205228E+1	5.9912232E+1	0.0000000E+0	0.0000000E+0	1.0000000E+2	0.0000000E+0
5.5626000E+1	6.4223980E+1	5.9918533E+1	0.0000000E+0	0.0000000E+0	1.0000000E+2	0.0000000E+0
5.5677000E+1	6.4245177E+1	5.9925481E+1	0.0000000E+0	0.0000000E+0	1.0000000E+2	0.0000000E+0
5.5727000E+1	6.4274354E+1	5.9914650E+1	0.0000000E+0	0.0000000E+0	1.0000000E+2	0.0000000E+0
5.5777000E+1	6.4308385E+1	5.9908987E+1	0.0000000E+0	0.0000000E+0	1.0000000E+2	0.0000000E+0
5.5827000E+1	6.4331989E+1	5.9921334E+1	0.0000000E+0	0.0000000E+0	1.0000000E+2	0.0000000E+0
5.5877000E+1	6.4378557E+1	5.9923019E+1	0.0000000E+0	0.0000000E+0	1.0000000E+2	0.0000000E+0
5.5927000E+1	6.4412088E+1	5.9913003E+1	0.0000000E+0	0.0000000E+0	1.0000000E+2	0.0000000E+0
5.5977000E+1	6.4451554E+1	5.9929482E+1	0.0000000E+0	0.0000000E+0	1.0000000E+2	0.0000000E+0
5.6028000E+1	6.4457959E+1	5.9913255E+1	0.0000000E+0	0.0000000E+0	1.0000000E+2	0.0000000E+0
5.6078000E+1	6.4480212E+1	5.9921322E+1	0.0000000E+0	0.0000000E+0	1.0000000E+2	0.0000000E+0
5.6129000E+1	6.4522710E+1	5.9931991E+1	0.0000000E+0	0.0000000E+0	1.0000000E+2	0.0000000E+0
5.6180000E+1	6.4565444E+1	5.9924567E+1	0.0000000E+0	0.0000000E+0	1.0000000E+2	0.0000000E+0
5.6231000E+1	6.4612946E+1	5.9925174E+1	0.0000000E+0	0.0000000E+0	1.0000000E+2	0.0000000E+0
5.6281000E+1	6.4675812E+1	5.9928055E+1	0.0000000E+0	0.0000000E+0	1.0000000E+2	0.0000000E+0
5.6331000E+1	6.4712927E+1	5.9920664E+1	0.0000000E+0	0.0000000E+0	1.0000000E+2	0.0000000E+0
5.6381000E+1	6.4737349E+1	5.9905829E+1	0.0000000E+0	0.0000000E+0	1.0000000E+2	0.0000000E+0
5.6431000E+1	6.4786567E+1	5.9901199E+1	0.0000000E+0	0.0000000E+0	1.0000000E+2	0.0000000E+0
5.6482000E+1	6.4827873E+1	5.9903328E+1	0.0000000E+0	0.0000000E+0	1.0000000E+2	0.0000000E+0
5.6532000E+1	6.4871854E+1	5.9920309E+1	0.0000000E+0	0.0000000E+0	1.0000000E+2	0.0000000E+0
5.6582000E+1	6.4914373E+1	5.9917897E+1	0.0000000E+0	0.0000000E+0	1.0000000E+2	0.0000000E+0
5.6632000E+1	6.4952137E+1	5.9922647E+1	0.0000000E+0	0.0000000E+0	1.0000000E+2	0.0000000E+0
5.6683000E+1	6.5002351E+1	5.9923503E+1	0.0000000E+0	0.0000000E+0	1.0000000E+2	0.0000000E+0
5.6733000E+1	6.5045964E+1	5.9930865E+1	0.0000000E+0	0.0000000E+0	1.0000000E+2	0.0000000E+0
5.6783000E+1	6.5089718E+1	5.9913627E+1	0.0000000E+0	0.0000000E+0	1.0000000E+2	0.0000000E+0
5.6834000E+1	6.5132553E+1	5.9902582E+1	0.0000000E+0	0.0000000E+0	1.0000000E+2	0.0000000E+0
5.6884000E+1	6.5218629E+1	5.9926914E+1	0.0000000E+0	0.0000000E+0	1.0000000E+2	0.0000000E+0
5.6934000E+1	6.5249867E+1	5.9917823E+1	0.0000000E+0	0.0000000E+0	1.0000000E+2	0.0000000E+0
5.6984000E+1	6.5271807E+1	5.9909845E+1	0.0000000E+0	0.0000000E+0	1.0000000E+2	0.0000000E+0
5.7035000E+1	6.5329915E+1	5.9926184E+1	0.0000000E+0	0.0000000E+0	1.0000000E+2	0.0000000E+0
5.7086000E+1	6.4689604E+1	5.9980366E+1	0.0000000E+0	0.0000000E+0	1.0000000E+2	0.0000000E+0
5.7136000E+1	6.4109113E+1	5.9904958E+1	0.0000000E+0	0.0000000E+0	1.0000000E+2	0.0000000E+0
5.7186000E+1	6.4166817E+1	5.9911392E+1	0.0000000E+0	0.0000000E+0	1.0000000E+2	0.0000000E+0
5.7236000E+1	6.4214492E+1	5.9925678E+1	0.0000000E+0	0.0000000E+0	1.0000000E+2	0.0000000E+0
5.7287000E+1	6.4236604E+1	5.9909250E+1	0.0000000E+0	0.0000000E+0	1.0000000E+2	0.0000000E+0
5.7337000E+1	6.4272357E+1	5.9907598E+1	0.0000000E+0	0.0000000E+0	1.0000000E+2	0.0000000E+0
5.7387000E+1	6.4304564E+1	5.9901894E+1	0.0000000E+0	0.0000000E+0	1.0000000E+2	0.0000000E+0
5.7437000E+1	6.4323647E+1	5.9904339E+1	0.0000000E+0	0.0000000E+0	1.0000000E+2	0.0000000E+0
5.7488000E+1	6.4359619E+1	5.9912982E+1	0.0000000E+0	0.0000000E+0	1.0000000E+2	0.0000000E+0
5.7538000E+1	6.4413606E+1	5.9903434E+1	0.0000000E+0	0.0000000E+0	1.0000000E+2	0.0000000E+0
5.7588000E+1	6.4462053E+1	5.9908791E+1	0.0000000E+0	0.0000000E+0	1.0000000E+2	0.0000000E+0
5.7639000E+1	6.4495536E+1	5.9929931E+1	0.0000000E+0	0.0000000E+0	1.0000000E+2	0.0000000E+0
5.7689000E+1	6.4550723E+1	5.9928715E+1	0.0000000E+0	0.0000000E+0	1.0000000E+2	0.0000000E+0
5.7739000E+1	6.4579185E+1	5.9918744E+1	0.0000000E+0	0.0000000E+0	1.0000000E+2	0.0000000E+0
5.7789000E+1	6.4588007E+1	5.9913218E+1	0.0000000E+0	0.0000000E+0	1.0000000E+2	0.0000000E+0
5.7840000E+1	6.4616056E+1	5.9910992E+1	0.0000000E+0	0.0000000E+0	1.0000000E+2	0.0000000E+0
5.7890000E+1	6.4640366E+1	5.9903015E+1	0.0000000E+0	0.0000000E+0	1.0000000E+2	0.0000000E+0
5.7941000E+1	6.4691125E+1	5.9927148E+1	0.0000000E+0	0.0000000E+0	1.0000000E+2	0.0000000E+0
5.7992000E+1	6.4744904E+1	5.9927528E+1	0.0000000E+0	0.0000000E+0	1.0000000E+2	0.0000000E+0
5.8043000E+1	6.4780144E+1	5.9927665E+1	0.0000000E+0	0.0000000E+0	1.0000000E+2	0.0000000E+0
5.8093000E+1	6.4815538E+1	5.9918009E+1	0.0000000E+0	0.0000000E+0	1.0000000E+2	0.0000000E+0
5.8143000E+1	6.4856323E+1	5.9926192E+1	0.0000000E+0	0.0000000E+0	1.0000000E+2	0.0000000E+0
5.8194000E+1	6.4906943E+1	5.9935162E+1	0.0000000E+0	0.0000000E+0	1.0000000E+2	0.0000000E+0
5.8244000E+1	6.4939949E+1	5.9925324E+1	0.0000000E+0	0.0000000E+0	1.0000000E+2	0.0000000E+0
5.8294000E+1	6.4966878E+1	5.9914770E+1	0.0000000E+0	0.0000000E+0	1.0000000E+2	0.0000000E+0
5.8344000E+1	6.4987376E+1	5.9921149E+1	0.0000000E+0	0.0000000E+0	1.0000000E+2	0.0000000E+0
5.8394000E+1	6.5038191E+1	5.9936624E+1	0.0000000E+0	0.0000000E+0	1.0000000E+2	0.0000000E+0
5.8444000E+1	6.5086432E+1	5.9943195E+1	0.0000000E+0	0.0000000E+0	1.0000000E+2	0.0000000E+0
5.8494000E+1	6.5132918E+1	5.9939319E+1	0.0000000E+0	0.0000000E+0	1.0000000E+2	0.0000000E+0
5.8544000E+1	6.5162563E+1	5.9923081E+1	0.0000000E+0	0.0000000E+0	1.0000000E+2	0.0000000E+0
5.8594000E+1	6.5199344E+1	5.9917931E+1	0.0000000E+0	0.0000000E+0	1.0000000E+2	0.0000000E+0
5.8644000E+1	6.5260824E+1	5.9927195E+1	0.0000000E+0	0.0000000E+0	1.0000000E+2	0.0000000E+0
5.8694000E+1	6.5308827E+1	5.9938451E+1	0.0000000E+0	0.0000000E+0	1.0000000E+2	0.0000000E+0
5.8744000E+1	6.5325971E+1	5.9937734E+1	0.0000000E+0	0.0000000E+0	1.0000000E+2	0.0000000E+0
5.8794000E+1	6.5334309E+1	5.9929956E+1	0.0000000E+0	0.0000000E+0	1.0000000E+2	0.0000000E+0
5.8844000E+1	6.5389782E+1	5.9932519E+1	0.0000000E+0	0.0000000E+0	1.0000000E+2	0.0000000E+0
5.8894000E+1	6.4428151E+1	6.0011819E+1	0.0000000E+0	0.0000000E+0	1.0000000E+2	0.0000000E+0
5.8944000E+1	6.4127494E+1	5.9912672E+1	0.0000000E+0	0.0000000E+0	1.0000000E+2	0.0000000E+0
5.8994000E+1	6.4185590E+1	5.9930920E+1	0.0000000E+0	0.0000000E+0	1.0000000E+2	0.0000000E+0
5.9045000E+1	6.4221388E+1	5.9949564E+1	0.0000000E+0	0.0000000E+0	1.0000000E+2	0.0000000E+0
5.9095000E+1	6.4234964E+1	5.9933665E+1	0.0000000E+0	0.0000000E+0	1.0000000E+2	0.0000000E+0
5.9146000E+1	6.4270037E+1	5.9930965E+1	0.0000000E+0	0.0000000E+0	1.0000000E+2	0.0000000E+0
5.9197000E+1	6.4299320E+1	5.9941116E+1	0.0000000E+0	0.0000000E+0	1.0000000E+2	0.0000000E+0
5.9248000E+1	6.4330152E+1	5.9941494E+1	0.0000000E+0	0.0000000E+0	1.0000000E+2	0.0000000E+0
5.9298000E+1	6.4345202E+1	5.9927744E+1	0.0000000E+0	0.0000000E+0	1.0000000E+2	0.0000000E+0
5.9348000E+1	6.4361838E+1	5.9922336E+1	0.0000000E+0	0.0000000E+0	1.0000000E+2	0.0000000E+0
5.9399000E+1	6.4396174E+1	5.9923025E+1	0.0000000E+0	0.0000000E+0	1.0000000E+2	0.0000000E+0
5.9449000E+1	6.4454076E+1	5.9928805E+1	0.0000000E+0	0.0000000E+0	1.0000000E+2	0.0000000E+0
5.9499000E+1	6.4494865E+1	5.9935077E+1	0.0000000E+0	0.0000000E+0	1.0000000E+2	0.0000000E+0
5.9549000E+1	6.4537109E+1	5.9939447E+1	0.0000000E+0	0.0000000E+0	1.0000000E+2	0.0000000E+0
5.9599000E+1	6.4590783E+1	5.9928717E+1	0.0000000E+0	0.0000000E+0	1.0000000E+2	0.0000000E+0
5.9649000E+1	6.4641378E+1	5.9932479E+1	0.0000000E+0	0.0000000E+0	1.0000000E+2	0.0000000E+0
5.9700000E+1	6.4662054E+1	5.9928620E+1	0.0000000E+0	0.0000000E+0	1.0000000E+2	0.0000000E+0
5.9751000E+1	6.4688377E+1	5.9916443E+1	0.0000000E+0	0.0000000E+0	1.0000000E+2	0.0000000E+0
5.9801000E+1	6.4756692E+1	5.9915358E+1	0.0000000E+0	0.0000000E+0	1.0000000E+2	0.0000000E+0
5.9852000E+1	6.4803098E+1	5.9915847E+1	0.0000000E+0	0.0000000E+0	1.0000000E+2	0.0000000E+0
5.9902000E+1	6.4862743E+1	5.9924975E+1	0.0000000E+0	0.0000000E+0	1.0000000E+2	0.0000000E+0
5.9952000E+1	6.4914638E+1	5.9916077E+1	0.0000000E+0	0.0000000E+0	1.0000000E+2	0.0000000E+0
6.0002000E+1	6.4957496E+1	5.9914877E+1	0.0000000E+0	0.0000000E+0	1.0000000E+2	0.0000000E+0
6.0052000E+1	6.5013910E+1	5.9913153E+1	0.0000000E+0	0.0000000E+0	1.0000000E+2	0.0000000E+0
6.0102000E+1	6.5058224E+1	5.9908827E+1	0.0000000E+0	0.0000000E+0	1.0000000E+2	0.0000000E+0
6.0152000E+1	6.5136270E+1	5.9925545E+1	0.0000000E+0	0.0000000E+0	1.0000000E+2	0.0000000E+0
6.0202000E+1	6.5170450E+1	5.9912532E+1	0.0000000E+0	0.0000000E+0	1.0000000E+2	0.0000000E+0
6.0252000E+1	6.5228550E+1	5.9927173E+1	0.0000000E+0	0.0000000E+0	1.0000000E+2	0.0000000E+0
6.0303000E+1	6.5268664E+1	5.9909410E+1	0.0000000E+0	0.0000000E+0	1.0000000E+2	0.0000000E+0
6.0353000E+1	6.5330445E+1	5.9912104E+1	0.0000000E+0	0.0000000E+0	1.0000000E+2	0.0000000E+0
6.0403000E+1	6.5362459E+1	5.9917830E+1	0.0000000E+0	0.0000000E+0	1.0000000E+2	0.0000000E+0
6.0453000E+1	6.5393233E+1	5.9918748E+1	0.0000000E+0	0.0000000E+0	1.0000000E+2	0.0000000E+0
6.0503000E+1	6.5431525E+1	5.9916619E+1	0.0000000E+0	0.0000000E+0	1.0000000E+2	0.0000000E+0
6.0553000E+1	6.5470131E+1	5.9919939E+1	0.0000000E+0	0.0000000E+0	1.0000000E+2	0.0000000E+0
6.0603000E+1	6.5497711E+1	5.9896979E+1	0.0000000E+0	0.0000000E+0	1.0000000E+2	0.0000000E+0
6.0653000E+1	6.5531723E+1	5.9912554E+1	0.0000000E+0	0.0000000E+0	1.0000000E+2	0.0000000E+0
6.0703000E+1	6.5568433E+1	5.9917612E+1	0.0000000E+0	0.0000000E+0	1.0000000E+2	0.0000000E+0
6.0753000E+1	6.5629014E+1	5.9918763E+1	0.0000000E+0	0.0000000E+0	1.0000000E+2	0.0000000E+0
6.0803000E+1	6.5671496E+1	5.9907670E+1	0.0000000E+0	0.0000000E+0	1.0000000E+2	0.0000000E+0
6.0853000E+1	6.4343176E+1	6.0026447E+1	0.0000000E+0	0.0000000E+0	1.0000000E+2	0.0000000E+0
6.0903000E+1	6.3512423E+1	5.9892797E+1	0.0000000E+0	0.0000000E+0	1.0000000E+2	0.0000000E+0
6.0953000E+1	6.3556955E+1	5.9909338E+1	0.0000000E+0	0.0000000E+0	1.0000000E+2	0.0000000E+0
6.1003000E+1	6.3581269E+1	5.9913087E+1	0.0000000E+0	0.0000000E+0	1.0000000E+2	0.0000000E+0
6.1053000E+1	6.3630463E+1	5.9912439E+1	0.0000000E+0	0.0000000E+0	1.0000000E+2	0.0000000E+0
6.1103000E+1	6.3669524E+1	5.9913439E+1	0.0000000E+0	0.0000000E+0	1.0000000E+2	0.0000000E+0
6.1153000E+1	6.3717927E+1	5.9930638E+1	0.0000000E+0	0.0000000E+0	1.0000000E+2	0.0000000E+0
6.1203000E+1	6.3742116E+1	5.9929279E+1	0.0000000E+0	0.0000000E+0	1.0000000E+2	0.0000000E+0
6.1253000E+1	6.3785739E+1	5.9931066E+1	0.0000000E+0	0.0000000E+0	1.0000000E+2	0.0000000E+0
6.1303000E+1	6.3831089E+1	5.9943077E+1	0.0000000E+0	0.0000000E+0	1.0000000E+2	0.0000000E+0
6.1353000E+1	6.3847432E+1	5.9925266E+1	0.0000000E+0	0.0000000E+0	1.0000000E+2	0.0000000E+0
6.1403000E+1	6.3900953E+1	5.9939038E+1	0.0000000E+0	0.0000000E+0	1.0000000E+2	0.0000000E+0
6.1453000E+1	6.3935014E+1	5.9926596E+1	0.0000000E+0	0.0000000E+0	1.0000000E+2	0.0000000E+0
6.1503000E+1	6.3960725E+1	5.9921456E+1	0.0000000E+0	0.0000000E+0	1.0000000E+2	0.0000000E+0
6.1553000E+1	6.3967030E+1	5.9909951E+1	0.0000000E+0	0.0000000E+0	1.0000000E+2	0.0000000E+0
6.1603000E+1	6.3994743E+1	5.9927199E+1	0.0000000E+0	0.0000000E+0	1.0000000E+2	0.0000000E+0
6.1653000E+1	6.4055928E+1	5.9929271E+1	0.0000000E+0	0.0000000E+0	1.0000000E+2	0.0000000E+0
6.1703000E+1	6.4105107E+1	5.9924539E+1	0.0000000E+0	0.0000000E+0	1.0000000E+2	0.0000000E+0
6.1753000E+1	6.4172055E+1	5.9940265E+1	0.0000000E+0	0.0000000E+0	1.0000000E+2	0.0000000E+0
6.1803000E+1	6.4219001E+1	5.9933969E+1	0.0000000E+0	0.0000000E+0	1.0000000E+2	0.0000000E+0
6.1854000E+1	6.4257915E+1	5.9939691E+1	0.0000000E+0	0.0000000E+0	1.0000000E+2	0.0000000E+0
6.1904000E+1	6.4299180E+1	5.9936775E+1	0.0000000E+0	0.0000000E+0	1.0000000E+2	0.0000000E+0
6.1954000E+1	6.4342637E+1	5.9953123E+1	0.0000000E+0	0.0000000E+0	1.0000000E+2	0.0000000E+0
6.2004000E+1	6.4379527E+1	5.9957804E+1	0.0000000E+0	0.0000000E+0	1.0000000E+2	0.0000000E+0
6.2055000E+1	6.4389835E+1	5.9953642E+1	0.0000000E+0	0.0000000E+0	1.0000000E+2	0.0000000E+0
6.2105000E+1	6.4421687E+1	5.9950405E+1	0.0000000E+0	0.0000000E+0	1.0000000E+2	0.0000000E+0
6.2155000E+1	6.4459810E+1	5.9949593E+1	0.0000000E+0	0.0000000E+0	1.0000000E+2	0.0000000E+0
6.2205000E+1	6.4509682E+1	5.9950270E+1	0.0000000E+0	0.0000000E+0	1.0000000E+2	0.0000000E+0
6.2255000E+1	6.4546846E+1	5.9959872E+1	0.0000000E+0	0.0000000E+0	1.0000000E+2	0.0000000E+0
6.2305000E+1	6.4593967E+1	5.9974599E+1	0.0000000E+0	0.0000000E+0	1.0000000E+2	0.0000000E+0
6.2355000E+1	6.4596775E+1	5.9957774E+1	0.0000000E+0	0.0000000E+0	1.0000000E+2	0.0000000E+0
6.2405000E+1	6.4623512E+1	5.9967107E+1	0.0000000E+0	0.0000000E+0	1.0000000E+2	0.0000000E+0
6.2455000E+1	6.4636497E+1	5.9973770E+1	0.0000000E+0	0.0000000E+0	1.0000000E+2	0.0000000E+0
6.2505000E+1	6.4660740E+1	5.9984375E+1	0.0000000E+0	0.0000000E+0	1.0000000E+2	0.0000000E+0
6.2555000E+1	6.3663888E+1	6.0014690E+1	0.0000000E+0	0.0000000E+0	1.0000000E+2	0.0000000E+0
6.2605000E+1	6.3382136E+1	5.9955706E+1	0.0000000E+0	0.0000000E+0	1.0000000E+2	0.0000000E+0
6.2656000E+1	6.3431243E+1	5.9971580E+1	0.0000000E+0	0.0000000E+0	1.0000000E+2	0.0000000E+0
6.2707000E+1	6.3442752E+1	5.9970733E+1	0.0000000E+0	0.0000000E+0	1.0000000E+2	0.0000000E+0
6.2757000E+1	6.3489986E+1	5.9994427E+1	0.0000000E+0	0.0000000E+0	1.0000000E+2	0.0000000E+0
6.2807000E+1	6.3540414E+1	5.9989390E+1	0.0000000E+0	0.0000000E+0	1.0000000E+2	0.0000000E+0
6.2857000E+1	6.3560197E+1	5.9991444E+1	0.0000000E+0	0.0000000E+0	1.0000000E+2	0.0000000E+0
6.2907000E+1	6.3595341E+1	6.0001784E+1	0.0000000E+0	0.0000000E+0	1.0000000E+2	0.0000000E+0
6.2957000E+1	6.3651718E+1	6.0004720E+1	0.0000000E+0	0.0000000E+0	1.0000000E+2	0.0000000E+0
6.3007000E+1	6.3678330E+1	5.9999054E+1	0.0000000E+0	0.0000000E+0	1.0000000E+2	0.0000000E+0
6.3057000E+1	6.3740910E+1	6.0006115E+1	0.0000000E+0	0.0000000E+0	1.0000000E+2	0.0000000E+0
6.3107000E+1	6.3777357E+1	6.0005534E+1	0.0000000E+0	0.0000000E+0	1.0000000E+2	0.0000000E+0
6.3157000E+1	6.3838286E+1	6.0011759E+1	0.0000000E+0	0.0000000E+0	1.0000000E+2	0.0000000E+0
6.3207000E+1	6.3871107E+1	6.0006779E+1	0.0000000E+0	0.0000000E+0	1.0000000E+2	0.0000000E+0
6.3257000E+1	6.3906346E+1	6.0004582E+1	0.0000000E+0	0.0000000E+0	1.0000000E+2	0.0000000E+0
6.3308000E+1	6.3963565E+1	6.0020176E+1	0.0000000E+0	0.0000000E+0	1.0000000E+2	0.0000000E+0
6.3359000E+1	6.4019046E+1	6.0014257E+1	0.0000000E+0	0.0000000E+0	1.0000000E+2	0.0000000E+0
6.3409000E+1	6.4068234E+1	6.0019617E+1	0.0000000E+0	0.0000000E+0	1.0000000E+2	0.0000000E+0
6.3459000E+1	6.4123446E+1	6.0038390E+1	0.0000000E+0	0.0000000E+0	1.0000000E+2	0.0000000E+0
6.3509000E+1	6.4118031E+1	6.0030845E+1	0.0000000E+0	0.0000000E+0	1.0000000E+2	0.0000000E+0
6.3559000E+1	6.4166273E+1	6.0027208E+1	0.0000000E+0	0.0000000E+0	1.0000000E+2	0.0000000E+0
6.3609000E+1	6.4208260E+1	6.0022074E+1	0.0000000E+0	0.0000000E+0	1.0000000E+2	0.0000000E+0
6.3660000E+1	6.4243551E+1	6.0000634E+1	0.0000000E+0	0.0000000E+0	1.0000000E+2	0.0000000E+0
6.3711000E+1	6.4304757E+1	5.9998034E+1	0.0000000E+0	0.0000000E+0	1.0000000E+2	0.0000000E+0
6.3762000E+1	6.4356897E+1	6.0013115E+1	0.0000000E+0	0.0000000E+0	1.0000000E+2	0.0000000E+0
6.3813000E+1	6.4416186E+1	6.0017066E+1	0.0000000E+0	0.0000000E+0	1.0000000E+2	0.0000000E+0
6.3863000E+1	6.4444347E+1	6.0014662E+1	0.0000000E+0	0.0000000E+0	1.0000000E+2	0.0000000E+0
6.3913000E+1	6.4493719E+1	6.0014964E+1	0.0000000E+0	0.0000000E+0	1.0000000E+2	0.0000000E+0
6.3963000E+1	6.4567815E+1	6.0024450E+1	0.0000000E+0	0.0000000E+0	1.0000000E+2	0.0000000E+0
6.4014000E+1	6.4621862E+1	6.0015027E+1	0.0000000E+0	0.0000000E+0	1.0000000E+2	0.0000000E+0
6.4064000E+1	6.4659357E+1	6.0014427E+1	0.0000000E+0	0.0000000E+0	1.0000000E+2	0.0000000E+0
6.4115000E+1	6.4682912E+1	6.0020284E+1	0.0000000E+0	0.0000000E+0	1.0000000E+2	0.0000000E+0
6.4166000E+1	6.3989525E+1	6.0051819E+1	0.0000000E+0	0.0000000E+0	1.0000000E+2	0.0000000E+0
6.4216000E+1	6.3610147E+1	5.9993239E+1	0.0000000E+0	0.0000000E+0	1.0000000E+2	0.0000000E+0
6.4267000E+1	6.3639761E+1	6.0003035E+1	0.0000000E+0	0.0000000E+0	1.0000000E+2	0.0000000E+0
6.4317000E+1	6.3667506E+1	5.9994248E+1	0.0000000E+0	0.0000000E+0	1.0000000E+2	0.0000000E+0
6.4367000E+1	6.3710378E+1	5.9998184E+1	0.0000000E+0	0.0000000E+0	1.0000000E+2	0.0000000E+0
6.4417000E+1	6.3744994E+1	5.9999612E+1	0.0000000E+0	0.0000000E+0	1.0000000E+2	0.0000000E+0
6.4467000E+1	6.3761644E+1	5.9975764E+1	0.0000000E+0	0.0000000E+0	1.0000000E+2	0.0000000E+0
6.4517000E+1	6.3798072E+1	5.9967204E+1	0.0000000E+0	0.0000000E+0	1.0000000E+2	0.0000000E+0
6.4567000E+1	6.3844327E+1	5.9980142E+1	0.0000000E+0	0.0000000E+0	1.0000000E+2	0.0000000E+0
6.4617000E+1	6.3884680E+1	5.9981218E+1	0.0000000E+0	0.0000000E+0	1.0000000E+2	0.0000000E+0
6.4667000E+1	6.3928116E+1	5.9989136E+1	0.0000000E+0	0.0000000E+0	1.0000000E+2	0.0000000E+0
6.4718000E+1	6.3947171E+1	5.9979779E+1	0.0000000E+0	0.0000000E+0	1.0000000E+2	0.0000000E+0
6.4768000E+1	6.3981419E+1	5.9967221E+1	0.0000000E+0	0.0000000E+0	1.0000000E+2	0.0000000E+0
6.4818000E+1	6.4041313E+1	5.9984642E+1	0.0000000E+0	0.0000000E+0	1.0000000E+2	0.0000000E+0
6.4868000E+1	6.4091183E+1	5.9991642E+1	0.0000000E+0	0.0000000E+0	1.0000000E+2	0.0000000E+0
6.4918000E+1	6.4137394E+1	5.9973936E+1	0.0000000E+0	0.0000000E+0	1.0000000E+2	0.0000000E+0
6.4968000E+1	6.4175604E+1	5.9973543E+1	0.0000000E+0	0.0000000E+0	1.0000000E+2	0.0000000E+0
6.5018000E+1	6.4189456E+1	5.9974924E+1	0.0000000E+0	0.0000000E+0	1.0000000E+2	0.0000000E+0
6.5068000E+1	6.4203622E+1	5.9981894E+1	0.0000000E+0	0.0000000E+0	1.0000000E+2	0.0000000E+0
6.5118000E+1	6.4240046E+1	5.9969038E+1	0.0000000E+0	0.0000000E+0	1.0000000E+2	0.0000000E+0
6.5169000E+1	6.4292937E+1	5.9972164E+1	0.0000000E+0	0.0000000E+0	1.0000000E+2	0.0000000E+0
6.5219000E+1	6.4344276E+1	5.9977365E+1	0.0000000E+0	0.0000000E+0	1.0000000E+2	0.0000000E+0
6.5269000E+1	6.4372640E+1	5.9965219E+1	0.0000000E+0	0.0000000E+0	1.0000000E+2	0.0000000E+0
6.5319000E+1	6.4350770E+1	5.9993581E+1	0.0000000E+0	0.0000000E+0	1.0000000E+2	0.0000000E+0
6.5369000E+1	6.3823734E+1	5.9997382E+1	0.0000000E+0	0.0000000E+0	1.0000000E+2	0.0000000E+0
6.5419000E+1	6.3820751E+1	5.9987550E+1	0.0000000E+0	0.0000000E+0	1.0000000E+2	0.0000000E+0
6.5470000E+1	6.3820911E+1	5.9981820E+1	0.0000000E+0	0.0000000E+0	1.0000000E+2	0.0000000E+0
6.5521000E+1	6.3859316E+1	5.9987837E+1	0.0000000E+0	0.0000000E+0	1.0000000E+2	0.0000000E+0
6.5572000E+1	6.3890175E+1	5.9989912E+1	0.0000000E+0	0.0000000E+0	1.0000000E+2	0.0000000E+0
6.5622000E+1	6.3906179E+1	5.9995300E+1	0.0000000E+0	0.0000000E+0	1.0000000E+2	0.0000000E+0
6.5672000E+1	6.3926809E+1	5.9971831E+1	0.0000000E+0	0.0000000E+0	1.0000000E+2	0.0000000E+0
6.5722000E+1	6.3927886E+1	5.9966982E+1	0.0000000E+0	0.0000000E+0	1.0000000E+2	0.0000000E+0
6.5772000E+1	6.3949562E+1	5.9958179E+1	0.0000000E+0	0.0000000E+0	1.0000000E+2	0.0000000E+0
6.5822000E+1	6.3950549E+1	5.9930942E+1	0.0000000E+0	0.0000000E+0	1.0000000E+2	0.0000000E+0
6.5872000E+1	6.3975646E+1	5.9936562E+1	0.0000000E+0	0.0000000E+0	1.0000000E+2	0.0000000E+0
6.5922000E+1	6.4011489E+1	5.9945668E+1	0.0000000E+0	0.0000000E+0	1.0000000E+2	0.0000000E+0
6.5972000E+1	6.4016263E+1	5.9951299E+1	0.0000000E+0	0.0000000E+0	1.0000000E+2	0.0000000E+0
6.6022000E+1	6.4010386E+1	5.9938139E+1	0.0000000E+0	0.0000000E+0	1.0000000E+2	0.0000000E+0
6.6072000E+1	6.3983674E+1	5.9933033E+1	0.0000000E+0	0.0000000E+0	1.0000000E+2	0.0000000E+0
6.6122000E+1	6.4002007E+1	5.9919158E+1	0.0000000E+0	0.0000000E+0	1.0000000E+2	0.0000000E+0
6.6172000E+1	6.3991585E+1	5.9894109E+1	0.0000000E+0	0.0000000E+0	1.0000000E+2	0.0000000E+0
6.6223000E+1	6.3900731E+1	5.9908365E+1	0.0000000E+0	0.0000000E+0	1.0000000E+2	0.0000000E+0
6.6273000E+1	6.3755778E+1	5.9889559E+1	0.0000000E+0	0.0000000E+0	1.0000000E+2	0.0000000E+0
6.6323000E+1	6.3767241E+1	5.9883020E+1	0.0000000E+0	0.0000000E+0	1.0000000E+2	0.0000000E+0
6.6373000E+1	6.3789287E+1	5.9889278E+1	0.0000000E+0	0.0000000E+0	1.0000000E+2	0.0000000E+0
6.6423000E+1	6.3818091E+1	5.9876952E+1	0.0000000E+0	0.0000000E+0	1.0000000E+2	0.0000000E+0
6.6473000E+1	6.3828414E+1	5.9865595E+1	0.0000000E+0	0.0000000E+0	1.0000000E+2	0.0000000E+0
6.6523000E+1	6.3867621E+1	5.9862449E+1	0.0000000E+0	0.0000000E+0	1.0000000E+2	0.0000000E+0
6.6573000E+1	6.3913677E+1	5.9867949E+1	0.0000000E+0	0.0000000E+0	1.0000000E+2	0.0000000E+0
6.6623000E+1	6.3959795E+1	5.9868251E+1	0.0000000E+0	0.0000000E+0	1.0000000E+2	0.0000000E+0
6.6673000E+1	6.4003997E+1	5.9867811E+1	0.0000000E+0	0.0000000E+0	1.0000000E+2	0.0000000E+0
6.6723000E+1	6.4046184E+1	5.9862956E+1	0.0000000E+0	0.0000000E+0	1.0000000E+2	0.0000000E+0
6.6773000E+1	6.4080767E+1	5.9859175E+1	0.0000000E+0	0.0000000E+0	1.0000000E+2	0.0000000E+0
6.6823000E+1	6.4090810E+1	5.9851577E+1	0.0000000E+0	0.0000000E+0	1.0000000E+2	0.0000000E+0
6.6873000E+1	6.4148723E+1	5.9869524E+1	0.0000000E+0	0.0000000E+0	1.0000000E+2	0.0000000E+0
6.6923000E+1	6.4195748E+1	5.9866664E+1	0.0000000E+0	0.0000000E+0	1.0000000E+2	0.0000000E+0
6.6973000E+1	6.4250415E+1	5.9869173E+1	0.0000000E+0	0.0000000E+0	1.0000000E+2	0.0000000E+0
6.7023000E+1	6.4314986E+1	5.9880717E+1	0.0000000E+0	0.0000000E+0	1.0000000E+2	0.0000000E+0
6.7074000E+1	6.4366400E+1	5.9884540E+1	0.0000000E+0	0.0000000E+0	1.0000000E+2	0.0000000E+0
6.7124000E+1	6.4414065E+1	5.9872729E+1	0.0000000E+0	0.0000000E+0	1.0000000E+2	0.0000000E+0
6.7174000E+1	6.4476054E+1	5.9885331E+1	0.0000000E+0	0.0000000E+0	1.0000000E+2	0.0000000E+0
6.7224000E+1	6.4503988E+1	5.9875774E+1	0.0000000E+0	0.0000000E+0	1.0000000E+2	0.0000000E+0
6.7274000E+1	6.4518417E+1	5.9874457E+1	0.0000000E+0	0.0000000E+0	1.0000000E+2	0.0000000E+0
6.7324000E+1	6.3372354E+1	5.9926437E+1	0.0000000E+0	0.0000000E+0	1.0000000E+2	0.0000000E+0
6.7374000E+1	6.3098292E+1	5.9860255E+1	0.0000000E+0	0.0000000E+0	1.0000000E+2	0.0000000E+0
6.7424000E+1	6.3161917E+1	5.9883504E+1	0.0000000E+0	0.0000000E+0	1.0000000E+2	0.0000000E+0
6.7474000E+1	6.3189331E+1	5.9888663E+1	0.0000000E+0	0.0000000E+0	1.0000000E+2	0.0000000E+0
6.7524000E+1	6.3205832E+1	5.9881676E+1	0.0000000E+0	0.0000000E+0	1.0000000E+2	0.0000000E+0
6.7574000E+1	6.3245519E+1	5.9901150E+1	0.0000000E+0	0.0000000E+0	1.0000000E+2	0.0000000E+0
6.7624000E+1	6.3273846E+1	5.9907793E+1	0.0000000E+0	0.0000000E+0	1.0000000E+2	0.0000000E+0
6.7674000E+1	6.3324830E+1	5.9898355E+1	0.0000000E+0	0.0000000E+0	1.0000000E+2	0.0000000E+0
6.7724000E+1	6.3372187E+1	5.9892902E+1	0.0000000E+0	0.0000000E+0	1.0000000E+2	0.0000000E+0
6.7774000E+1	6.3411454E+1	5.9903522E+1	0.0000000E+0	0.0000000E+0	1.0000000E+2	0.0000000E+0
6.7824000E+1	6.3448169E+1	5.9909949E+1	0.0000000E+0	0.0000000E+0	1.0000000E+2	0.0000000E+0
6.7874000E+1	6.3499230E+1	5.9912720E+1	0.0000000E+0	0.0000000E+0	1.0000000E+2	0.0000000E+0
6.7924000E+1	6.3549993E+1	5.9903810E+1	0.0000000E+0	0.0000000E+0	1.0000000E+2	0.0000000E+0
6.7974000E+1	6.3587475E+1	5.9912446E+1	0.0000000E+0	0.0000000E+0	1.0000000E+2	0.0000000E+0
6.8024000E+1	6.3650997E+1	5.9924402E+1	0.0000000E+0	0.0000000E+0	1.0000000E+2	0.0000000E+0
6.8074000E+1	6.3698963E+1	5.9922254E+1	0.0000000E+0	0.0000000E+0	1.0000000E+2	0.0000000E+0
6.8124000E+1	6.3737973E+1	5.9930640E+1	0.0000000E+0	0.0000000E+0	1.0000000E+2	0.0000000E+0
6.8174000E+1	6.3791725E+1	5.9946370E+1	0.0000000E+0	0.0000000E+0	1.0000000E+2	0.0000000E+0
6.8224000E+1	6.3840576E+1	5.9942477E+1	0.0000000E+0	0.0000000E+0	1.0000000E+2	0.0000000E+0
6.8274000E+1	6.3880591E+1	5.9934333E+1	0.0000000E+0	0.0000000E+0	1.0000000E+2	0.0000000E+0
6.8326000E+1	6.3931835E+1	5.9938381E+1	0.0000000E+0	0.0000000E+0	1.0000000E+2	0.0000000E+0
6.8376000E+1	6.3974742E+1	5.9941881E+1	0.0000000E+0	0.0000000E+0	1.0000000E+2	0.0000000E+0
6.8426000E+1	6.3993928E+1	5.9920776E+1	0.0000000E+0	0.0000000E+0	1.0000000E+2	0.0000000E+0
6.8476000E+1	6.4002779E+1	5.9919558E+1	0.0000000E+0	0.0000000E+0	1.0000000E+2	0.0000000E+0
6.8526000E+1	6.4024294E+1	5.9914454E+1	0.0000000E+0	0.0000000E+0	1.0000000E+2	0.0000000E+0
6.8578000E+1	6.4061144E+1	5.9920631E+1	0.0000000E+0	0.0000000E+0	1.0000000E+2	0.0000000E+0
6.8628000E+1	6.4099698E+1	5.9932038E+1	0.0000000E+0	0.0000000E+0	1.0000000E+2	0.0000000E+0
6.8678000E+1	6.4114450E+1	5.9927184E+1	0.0000000E+0	0.0000000E+0	1.0000000E+2	0.0000000E+0
6.8729000E+1	6.4144176E+1	5.9920386E+1	0.0000000E+0	0.0000000E+0	1.0000000E+2	0.0000000E+0
6.8779000E+1	6.4180174E+1	5.9926762E+1	0.0000000E+0	0.0000000E+0	1.0000000E+2	0.0000000E+0
6.8830000E+1	6.4227187E+1	5.9926300E+1	0.0000000E+0	0.0000000E+0	1.0000000E+2	0.0000000E+0
6.8880000E+1	6.4258508E+1	5.9930153E+1	0.0000000E+0	0.0000000E+0	1.0000000E+2	0.0000000E+0
6.8930000E+1	6.4267976E+1	5.9941260E+1	0.0000000E+0	0.0000000E+0	1.0000000E+2	0.0000000E+0
6.8980000E+1	6.3868434E+1	5.9970831E+1	0.0000000E+0	0.0000000E+0	1.0000000E+2	0.0000000E+0
6.9030000E+1	6.3272587E+1	5.9929101E+1	0.0000000E+0	0.0000000E+0	1.0000000E+2	0.0000000E+0
6.9080000E+1	6.3281757E+1	5.9934876E+1	0.0000000E+0	0.0000000E+0	1.0000000E+2	0.0000000E+0
6.9130000E+1	6.3292707E+1	5.9917561E+1	0.0000000E+0	0.0000000E+0	1.0000000E+2	0.0000000E+0
6.9180000E+1	6.3327188E+1	5.9927136E+1	0.0000000E+0	0.0000000E+0	1.0000000E+2	0.0000000E+0
6.9230000E+1	6.3316113E+1	5.9912262E+1	0.0000000E+0	0.0000000E+0	1.0000000E+2	0.0000000E+0
6.9280000E+1	6.3346065E+1	5.9944716E+1	0.0000000E+0	0.0000000E+0	1.0000000E+2	0.0000000E+0
6.9330000E+1	6.3364630E+1	5.9931029E+1	0.0000000E+0	0.0000000E+0	1.0000000E+2	0.0000000E+0
6.9380000E+1	6.3373885E+1	5.9930125E+1	0.0000000E+0	0.0000000E+0	1.0000000E+2	0.0000000E+0
6.9430000E+1	6.3385036E+1	5.9908891E+1	0.0000000E+0	0.0000000E+0	1.0000000E+2	0.0000000E+0
6.9480000E+1	6.3430591E+1	5.9930238E+1	0.0000000E+0	0.0000000E+0	1.0000000E+2	0.0000000E+0
6.9530000E+1	6.3452030E+1	5.9926945E+1	0.0000000E+0	0.0000000E+0	1.0000000E+2	0.0000000E+0
6.9580000E+1	6.3488394E+1	5.9925431E+1	0.0000000E+0	0.0000000E+0	1.0000000E+2	0.0000000E+0
6.9630000E+1	6.3518972E+1	5.9925821E+1	0.0000000E+0	0.0000000E+0	1.0000000E+2	0.0000000E+0
6.9680000E+1	6.3540937E+1	5.9923528E+1	0.0000000E+0	0.0000000E+0	1.0000000E+2	0.0000000E+0
6.9731000E+1	6.3576299E+1	5.9918926E+1	0.0000000E+0	0.0000000E+0	1.0000000E+2	0.0000000E+0
6.9781000E+1	6.3622338E+1	5.9939392E+1	0.0000000E+0	0.0000000E+0	1.0000000E+2	0.0000000E+0
6.9831000E+1	6.3676889E+1	5.9947450E+1	0.0000000E+0	0.0000000E+0	1.0000000E+2	0.0000000E+0
6.9881000E+1	6.3714981E+1	5.9929020E+1	0.0000000E+0	0.0000000E+0	1.0000000E+2	0.0000000E+0
6.9932000E+1	6.3771794E+1	5.9933045E+1	0.0000000E+0	0.0000000E+0	1.0000000E+2	0.0000000E+0
6.9982000E+1	6.3774139E+1	5.9948088E+1	0.0000000E+0	0.0000000E+0	1.0000000E+2	0.0000000E+0
7.0032000E+1	6.3800394E+1	5.9937549E+1	0.0000000E+0	0.0000000E+0	1.0000000E+2	0.0000000E+0
7.0082000E+1	6.3854070E+1	5.9943399E+1	0.0000000E+0	0.0000000E+0	1.0000000E+2	0.0000000E+0
7.0132000E+1	6.3897024E+1	5.9948793E+1	0.0000000E+0	0.0000000E+0	1.0000000E+2	0.0000000E+0
7.0183000E+1	6.3906981E+1	5.9935399E+1	0.0000000E+0	0.0000000E+0	1.0000000E+2	0.0000000E+0
7.0234000E+1	6.3948038E+1	5.9936690E+1	0.0000000E+0	0.0000000E+0	1.0000000E+2	0.0000000E+0
7.0284000E+1	6.3991176E+1	5.9930934E+1	0.0000000E+0	0.0000000E+0	1.0000000E+2	0.0000000E+0
7.0334000E+1	6.4037388E+1	5.9937175E+1	0.0000000E+0	0.0000000E+0	1.0000000E+2	0.0000000E+0
7.0385000E+1	6.4085607E+1	5.9941708E+1	0.0000000E+0	0.0000000E+0	1.0000000E+2	0.0000000E+0
7.0435000E+1	6.4122896E+1	5.9931209E+1	0.0000000E+0	0.0000000E+0	1.0000000E+2	0.0000000E+0
7.0485000E+1	6.4209556E+1	5.9960914E+1	0.0000000E+0	0.0000000E+0	1.0000000E+2	0.0000000E+0
7.0536000E+1	6.4261143E+1	5.9941531E+1	0.0000000E+0	0.0000000E+0	1.0000000E+2	0.0000000E+0
7.0586000E+1	6.4311015E+1	5.9943142E+1	0.0000000E+0	0.0000000E+0	1.0000000E+2	0.0000000E+0
7.0636000E+1	6.4350335E+1	5.9928118E+1	0.0000000E+0	0.0000000E+0	1.0000000E+2	0.0000000E+0
7.0686000E+1	6.4432030E+1	5.9931647E+1	0.0000000E+0	0.0000000E+0	1.0000000E+2	0.0000000E+0
7.0736000E+1	6.4508769E+1	5.9942004E+1	0.0000000E+0	0.0000000E+0	1.0000000E+2	0.0000000E+0
7.0786000E+1	6.3180716E+1	6.0005717E+1	0.0000000E+0	0.0000000E+0	1.0000000E+2	0.0000000E+0
7.0836000E+1	6.3149476E+1	5.9954348E+1	0.0000000E+0	0.0000000E+0	1.0000000E+2	0.0000000E+0
7.0887000E+1	6.3194477E+1	5.9959895E+1	0.0000000E+0	0.0000000E+0	1.0000000E+2	0.0000000E+0
7.0938000E+1	6.3260226E+1	5.9953585E+1	0.0000000E+0	0.0000000E+0	1.0000000E+2	0.0000000E+0
7.0988000E+1	6.3346587E+1	5.9966108E+1	0.0000000E+0	0.0000000E+0	1.0000000E+2	0.0000000E+0
7.1038000E+1	6.3418179E+1	5.9967657E+1	0.0000000E+0	0.0000000E+0	1.0000000E+2	0.0000000E+0
7.1088000E+1	6.3480761E+1	5.9963298E+1	0.0000000E+0	0.0000000E+0	1.0000000E+2	0.0000000E+0
7.1139000E+1	6.3539592E+1	5.9983804E+1	0.0000000E+0	0.0000000E+0	1.0000000E+2	0.0000000E+0
7.1189000E+1	6.3605005E+1	5.9968980E+1	0.0000000E+0	0.0000000E+0	1.0000000E+2	0.0000000E+0
7.1239000E+1	6.3676584E+1	5.9964856E+1	0.0000000E+0	0.0000000E+0	1.0000000E+2	0.0000000E+0
7.1289000E+1	6.3755308E+1	5.9959768E+1	0.0000000E+0	0.0000000E+0	1.0000000E+2	0.0000000E+0
7.1339000E+1	6.3841865E+1	5.9967920E+1	0.0000000E+0	0.0000000E+0	1.0000000E+2	0.0000000E+0
7.1389000E+1	6.3910598E+1	5.9966558E+1	0.0000000E+0	0.0000000E+0	1.0000000E+2	0.0000000E+0
7.1439000E+1	6.3979526E+1	5.9967279E+1	0.0000000E+0	0.0000000E+0	1.0000000E+2	0.0000000E+0
7.1489000E+1	6.4056099E+1	5.9977755E+1	0.0000000E+0	0.0000000E+0	1.0000000E+2	0.0000000E+0
7.1540000E+1	6.4118795E+1	5.9982647E+1	0.0000000E+0	0.0000000E+0	1.0000000E+2	0.0000000E+0
7.1591000E+1	6.4179457E+1	5.9975479E+1	0.0000000E+0	0.0000000E+0	1.0000000E+2	0.0000000E+0
7.1641000E+1	6.4247559E+1	5.9991744E+1	0.0000000E+0	0.0000000E+0	1.0000000E+2	0.0000000E+0
7.1691000E+1	6.4314772E+1	5.9986700E+1	0.0000000E+0	0.0000000E+0	1.0000000E+2	0.0000000E+0
7.1741000E+1	6.4375558E+1	5.9985813E+1	0.0000000E+0	0.0000000E+0	1.0000000E+2	0.0000000E+0
7.1791000E+1	6.4427600E+1	5.9975233E+1	0.0000000E+0	0.0000000E+0	1.0000000E+2	0.0000000E+0
7.1841000E+1	6.4490120E+1	5.9982932E+1	0.0000000E+0	0.0000000E+0	1.0000000E+2	0.0000000E+0
7.1891000E+1	6.4564112E+1	5.9978237E+1	0.0000000E+0	0.0000000E+0	1.0000000E+2	0.0000000E+0
7.1941000E+1	6.4647177E+1	5.9991923E+1	0.0000000E+0	0.0000000E+0	1.0000000E+2	0.0000000E+0
7.1991000E+1	6.4718697E+1	5.9992387E+1	0.0000000E+0	0.0000000E+0	1.0000000E+2	0.0000000E+0
7.2042000E+1	6.4779651E+1	5.9966376E+1	0.0000000E+0	0.0000000E+0	1.0000000E+2	0.0000000E+0
7.2092000E+1	6.4857462E+1	5.9976915E+1	0.0000000E+0	0.0000000E+0	1.0000000E+2	0.0000000E+0
7.2143000E+1	6.4932109E+1	5.9977603E+1	0.0000000E+0	0.0000000E+0	1.0000000E+2	0.0000000E+0
7.2193000E+1	6.5023364E+1	5.9985936E+1	0.0000000E+0	0.0000000E+0	1.0000000E+2	0.0000000E+0
7.2243000E+1	6.5072837E+1	5.9964419E+1	0.0000000E+0	0.0000000E+0	1.0000000E+2	0.0000000E+0
7.2293000E+1	6.5134889E+1	5.9967077E+1	0.0000000E+0	0.0000000E+0	1.0000000E+2	0.0000000E+0
7.2343000E+1	6.5209752E+1	5.9959299E+1	0.0000000E+0	0.0000000E+0	1.0000000E+2	0.0000000E+0
7.2393000E+1	6.4350873E+1	6.0023185E+1	0.0000000E+0	0.0000000E+0	1.0000000E+2	0.0000000E+0
7.2443000E+1	6.4103072E+1	5.9955811E+1	0.0000000E+0	0.0000000E+0	1.0000000E+2	0.0000000E+0
7.2493000E+1	6.4160189E+1	5.9962015E+1	0.0000000E+0	0.0000000E+0	1.0000000E+2	0.0000000E+0
7.2544000E+1	6.4203669E+1	5.9991442E+1	0.0000000E+0	0.0000000E+0	1.0000000E+2	0.0000000E+0
7.2594000E+1	6.4250646E+1	5.9981703E+1	0.0000000E+0	0.0000000E+0	1.0000000E+2	0.0000000E+0
7.2644000E+1	6.4290017E+1	5.9975324E+1	0.0000000E+0	0.0000000E+0	1.0000000E+2	0.0000000E+0
7.2694000E+1	6.4338600E+1	5.9966081E+1	0.0000000E+0	0.0000000E+0	1.0000000E+2	0.0000000E+0
7.2745000E+1	6.4380235E+1	5.9959087E+1	0.0000000E+0	0.0000000E+0	1.0000000E+2	0.0000000E+0
7.2795000E+1	6.4415475E+1	5.9961334E+1	0.0000000E+0	0.0000000E+0	1.0000000E+2	0.0000000E+0
7.2845000E+1	6.4436551E+1	5.9971415E+1	0.0000000E+0	0.0000000E+0	1.0000000E+2	0.0000000E+0
7.2895000E+1	6.4479830E+1	5.9971150E+1	0.0000000E+0	0.0000000E+0	1.0000000E+2	0.0000000E+0
7.2945000E+1	6.4517073E+1	5.9973577E+1	0.0000000E+0	0.0000000E+0	1.0000000E+2	0.0000000E+0
7.2995000E+1	6.4580078E+1	5.9971968E+1	0.0000000E+0	0.0000000E+0	1.0000000E+2	0.0000000E+0
7.3045000E+1	6.4625591E+1	5.9972449E+1	0.0000000E+0	0.0000000E+0	1.0000000E+2	0.0000000E+0
7.3095000E+1	6.4657604E+1	5.9984112E+1	0.0000000E+0	0.0000000E+0	1.0000000E+2	0.0000000E+0
7.3145000E+1	6.4699638E+1	5.9973427E+1	0.0000000E+0	0.0000000E+0	1.0000000E+2	0.0000000E+0
7.3195000E+1	6.4748628E+1	5.9974342E+1	0.0000000E+0	0.0000000E+0	1.0000000E+2	0.0000000E+0
7.3245000E+1	6.4797126E+1	5.9972108E+1	0.0000000E+0	0.0000000E+0	1.0000000E+2	0.0000000E+0
7.3295000E+1	6.4792606E+1	5.9962440E+1	0.0000000E+0	0.0000000E+0	1.0000000E+2	0.0000000E+0
7.3345000E+1	6.4814060E+1	5.9958475E+1	0.0000000E+0	0.0000000E+0	1.0000000E+2	0.0000000E+0
7.3395000E+1	6.4834433E+1	5.9932058E+1	0.0000000E+0	0.0000000E+0	1.0000000E+2	0.0000000E+0
7.3445000E+1	6.4850785E+1	5.9903296E+1	0.0000000E+0	0.0000000E+0	1.0000000E+2	0.0000000E+0
7.3495000E+1	6.4876198E+1	5.9907680E+1	0.0000000E+0	0.0000000E+0	1.0000000E+2	0.0000000E+0
7.3545000E+1	6.4908499E+1	5.9884373E+1	0.0000000E+0	0.0000000E+0	1.0000000E+2	0.0000000E+0
7.3595000E+1	6.4396608E+1	5.9951643E+1	0.0000000E+0	0.0000000E+0	1.0000000E+2	0.0000000E+0
7.3645000E+1	6.3856329E+1	5.9872532E+1	0.0000000E+0	0.0000000E+0	1.0000000E+2	0.0000000E+0
7.3696000E+1	6.3869854E+1	5.9880863E+1	0.0000000E+0	0.0000000E+0	1.0000000E+2	0.0000000E+0
7.3746000E+1	6.3851153E+1	5.9858699E+1	0.0000000E+0	0.0000000E+0	1.0000000E+2	0.0000000E+0
7.3796000E+1	6.3841711E+1	5.9869583E+1	0.0000000E+0	0.0000000E+0	1.0000000E+2	0.0000000E+0
7.3846000E+1	6.3830209E+1	5.9871115E+1	0.0000000E+0	0.0000000E+0	1.0000000E+2	0.0000000E+0
7.3896000E+1	6.3827320E+1	5.9851685E+1	0.0000000E+0	0.0000000E+0	1.0000000E+2	0.0000000E+0
7.3946000E+1	6.3833472E+1	5.9854979E+1	0.0000000E+0	0.0000000E+0	1.0000000E+2	0.0000000E+0
7.3997000E+1	6.3837555E+1	5.9845906E+1	0.0000000E+0	0.0000000E+0	1.0000000E+2	0.0000000E+0
7.4047000E+1	6.3839255E+1	5.9843371E+1	0.0000000E+0	0.0000000E+0	1.0000000E+2	0.0000000E+0
7.4098000E+1	6.3883821E+1	5.9856529E+1	0.0000000E+0	0.0000000E+0	1.0000000E+2	0.0000000E+0
7.4148000E+1	6.3920980E+1	5.9847944E+1	0.0000000E+0	0.0000000E+0	1.0000000E+2	0.0000000E+0
7.4199000E+1	6.3960893E+1	5.9855863E+1	0.0000000E+0	0.0000000E+0	1.0000000E+2	0.0000000E+0
7.4249000E+1	6.3993708E+1	5.9851385E+1	0.0000000E+0	0.0000000E+0	1.0000000E+2	0.0000000E+0
7.4299000E+1	6.4005350E+1	5.9853809E+1	0.0000000E+0	0.0000000E+0	1.0000000E+2	0.0000000E+0
7.4349000E+1	6.4027365E+1	5.9864170E+1	0.0000000E+0	0.0000000E+0	1.0000000E+2	0.0000000E+0
7.4399000E+1	6.4068927E+1	5.9868751E+1	0.0000000E+0	0.0000000E+0	1.0000000E+2	0.0000000E+0
7.4450000E+1	6.4088467E+1	5.9865495E+1	0.0000000E+0	0.0000000E+0	1.0000000E+2	0.0000000E+0
7.4500000E+1	6.4133194E+1	5.9872279E+1	0.0000000E+0	0.0000000E+0	1.0000000E+2	0.0000000E+0
7.4551000E+1	6.4162325E+1	5.9872910E+1	0.0000000E+0	0.0000000E+0	1.0000000E+2	0.0000000E+0
7.4601000E+1	6.4183037E+1	5.9866232E+1	0.0000000E+0	0.0000000E+0	1.0000000E+2	0.0000000E+0
7.4651000E+1	6.4194643E+1	5.9865854E+1	0.0000000E+0	0.0000000E+0	1.0000000E+2	0.0000000E+0
7.4702000E+1	6.4209053E+1	5.9872832E+1	0.0000000E+0	0.0000000E+0	1.0000000E+2	0.0000000E+0
7.4753000E+1	6.4240789E+1	5.9868674E+1	0.0000000E+0	0.0000000E+0	1.0000000E+2	0.0000000E+0
7.4803000E+1	6.4278964E+1	5.9866565E+1	0.0000000E+0	0.0000000E+0	1.0000000E+2	0.0000000E+0
7.4853000E+1	6.4324056E+1	5.9872455E+1	0.0000000E+0	0.0000000E+0	1.0000000E+2	0.0000000E+0
7.4903000E+1	6.4364876E+1	5.9875143E+1	0.0000000E+0	0.0000000E+0	1.0000000E+2	0.0000000E+0
7.4953000E+1	6.4407870E+1	5.9876384E+1	0.0000000E+0	0.0000000E+0	1.0000000E+2	0.0000000E+0
7.5003000E+1	6.4449494E+1	5.9880261E+1	0.0000000E+0	0.0000000E+0	1.0000000E+2	0.0000000E+0
7.5053000E+1	6.4494854E+1	5.9889827E+1	0.0000000E+0	0.0000000E+0	1.0000000E+2	0.0000000E+0
7.5103000E+1	6.4528894E+1	5.9900202E+1	0.0000000E+0	0.0000000E+0	1.0000000E+2	0.0000000E+0
7.5153000E+1	6.4564690E+1	5.9905523E+1	0.0000000E+0	0.0000000E+0	1.0000000E+2	0.0000000E+0
7.5203000E+1	6.4616149E+1	5.9896717E+1	0.0000000E+0	0.0000000E+0	1.0000000E+2	0.0000000E+0
7.5253000E+1	6.4659535E+1	5.9897786E+1	0.0000000E+0	0.0000000E+0	1.0000000E+2	0.0000000E+0
7.5303000E+1	6.4697189E+1	5.9890597E+1	0.0000000E+0	0.0000000E+0	1.0000000E+2	0.0000000E+0
7.5353000E+1	6.4759504E+1	5.9895296E+1	0.0000000E+0	0.0000000E+0	1.0000000E+2	0.0000000E+0
7.5403000E+1	6.4732027E+1	5.9936934E+1	0.0000000E+0	0.0000000E+0	1.0000000E+2	0.0000000E+0
7.5453000E+1	6.3345892E+1	5.9957546E+1	0.0000000E+0	0.0000000E+0	1.0000000E+2	0.0000000E+0
7.5503000E+1	6.3348572E+1	5.9892880E+1	0.0000000E+0	0.0000000E+0	1.0000000E+2	0.0000000E+0
7.5553000E+1	6.3421235E+1	5.9906008E+1	0.0000000E+0	0.0000000E+0	1.0000000E+2	0.0000000E+0
7.5603000E+1	6.3446364E+1	5.9900099E+1	0.0000000E+0	0.0000000E+0	1.0000000E+2	0.0000000E+0
7.5654000E+1	6.3510891E+1	5.9908302E+1	0.0000000E+0	0.0000000E+0	1.0000000E+2	0.0000000E+0
7.5704000E+1	6.3549317E+1	5.9908028E+1	0.0000000E+0	0.0000000E+0	1.0000000E+2	0.0000000E+0
7.5754000E+1	6.3558905E+1	5.9908528E+1	0.0000000E+0	0.0000000E+0	1.0000000E+2	0.0000000E+0
7.5804000E+1	6.3585887E+1	5.9903544E+1	0.0000000E+0	0.0000000E+0	1.0000000E+2	0.0000000E+0
7.5854000E+1	6.3646101E+1	5.9923976E+1	0.0000000E+0	0.0000000E+0	1.0000000E+2	0.0000000E+0
7.5904000E+1	6.3689180E+1	5.9918639E+1	0.0000000E+0	0.0000000E+0	1.0000000E+2	0.0000000E+0
7.5954000E+1	6.3741028E+1	5.9931932E+1	0.0000000E+0	0.0000000E+0	1.0000000E+2	0.0000000E+0
7.6004000E+1	6.3787743E+1	5.9946284E+1	0.0000000E+0	0.0000000E+0	1.0000000E+2	0.0000000E+0
7.6054000E+1	6.3821646E+1	5.9933885E+1	0.0000000E+0	0.0000000E+0	1.0000000E+2	0.0000000E+0
7.6104000E+1	6.3860035E+1	5.9935243E+1	0.0000000E+0	0.0000000E+0	1.0000000E+2	0.0000000E+0
7.6154000E+1	6.3910422E+1	5.9924431E+1	0.0000000E+0	0.0000000E+0	1.0000000E+2	0.0000000E+0
7.6204000E+1	6.3945623E+1	5.9933697E+1	0.0000000E+0	0.0000000E+0	1.0000000E+2	0.0000000E+0
7.6254000E+1	6.3977266E+1	5.9931062E+1	0.0000000E+0	0.0000000E+0	1.0000000E+2	0.0000000E+0
7.6304000E+1	6.4014659E+1	5.9925464E+1	0.0000000E+0	0.0000000E+0	1.0000000E+2	0.0000000E+0
7.6354000E+1	6.4050890E+1	5.9924946E+1	0.0000000E+0	0.0000000E+0	1.0000000E+2	0.0000000E+0
7.6404000E+1	6.4095110E+1	5.9943399E+1	0.0000000E+0	0.0000000E+0	1.0000000E+2	0.0000000E+0
7.6454000E+1	6.4132075E+1	5.9929990E+1	0.0000000E+0	0.0000000E+0	1.0000000E+2	0.0000000E+0
7.6504000E+1	6.4170176E+1	5.9941667E+1	0.0000000E+0	0.0000000E+0	1.0000000E+2	0.0000000E+0
7.6554000E+1	6.4229010E+1	5.9948390E+1	0.0000000E+0	0.0000000E+0	1.0000000E+2	0.0000000E+0
7.6604000E+1	6.4299451E+1	5.9951049E+1	0.0000000E+0	0.0000000E+0	1.0000000E+2	0.0000000E+0
7.6654000E+1	6.4335355E+1	5.9932325E+1	0.0000000E+0	0.0000000E+0	1.0000000E+2	0.0000000E+0
7.6704000E+1	6.4393531E+1	5.9936183E+1	0.0000000E+0	0.0000000E+0	1.0000000E+2	0.0000000E+0
7.6754000E+1	6.4425733E+1	5.9933175E+1	0.0000000E+0	0.0000000E+0	1.0000000E+2	0.0000000E+0
7.6804000E+1	6.4477100E+1	5.9940177E+1	0.0000000E+0	0.0000000E+0	1.0000000E+2	0.0000000E+0
7.6854000E+1	6.4524764E+1	5.9954484E+1	0.0000000E+0	0.0000000E+0	1.0000000E+2	0.0000000E+0
7.6904000E+1	6.4542109E+1	5.9947824E+1	0.0000000E+0	0.0000000E+0	1.0000000E+2	0.0000000E+0
7.6955000E+1	6.4611186E+1	5.9962033E+1	0.0000000E+0	0.0000000E+0	1.0000000E+2	0.0000000E+0
7.7006000E+1	6.4656779E+1	5.9946160E+1	0.0000000E+0	0.0000000E+0	1.0000000E+2	0.0000000E+0
7.7056000E+1	6.4723968E+1	5.9952261E+1	0.0000000E+0	0.0000000E+0	1.0000000E+2	0.0000000E+0
7.7106000E+1	6.4458857E+1	6.0028995E+1	0.0000000E+0	0.0000000E+0	1.0000000E+2	0.0000000E+0
7.7156000E+1	6.3227519E+1	5.9957430E+1	0.0000000E+0	0.0000000E+0	1.0000000E+2	0.0000000E+0
7.7206000E+1	6.3257953E+1	5.9940165E+1	0.0000000E+0	0.0000000E+0	1.0000000E+2	0.0000000E+0
7.7256000E+1	6.3316116E+1	5.9963750E+1	0.0000000E+0	0.0000000E+0	1.0000000E+2	0.0000000E+0
7.7306000E+1	6.3352172E+1	5.9963600E+1	0.0000000E+0	0.0000000E+0	1.0000000E+2	0.0000000E+0
7.7356000E+1	6.3378986E+1	5.9971542E+1	0.0000000E+0	0.0000000E+0	1.0000000E+2	0.0000000E+0
7.7406000E+1	6.3402428E+1	5.9960539E+1	0.0000000E+0	0.0000000E+0	1.0000000E+2	0.0000000E+0
7.7456000E+1	6.3429043E+1	5.9953461E+1	0.0000000E+0	0.0000000E+0	1.0000000E+2	0.0000000E+0
7.7506000E+1	6.3478720E+1	5.9939671E+1	0.0000000E+0	0.0000000E+0	1.0000000E+2	0.0000000E+0
7.7556000E+1	6.3537502E+1	5.9950079E+1	0.0000000E+0	0.0000000E+0	1.0000000E+2	0.0000000E+0
7.7606000E+1	6.3580918E+1	5.9955222E+1	0.0000000E+0	0.0000000E+0	1.0000000E+2	0.0000000E+0
7.7656000E+1	6.3596423E+1	5.9942339E+1	0.0000000E+0	0.0000000E+0	1.0000000E+2	0.0000000E+0
7.7706000E+1	6.3611981E+1	5.9941286E+1	0.0000000E+0	0.0000000E+0	1.0000000E+2	0.0000000E+0
7.7756000E+1	6.3663633E+1	5.9942225E+1	0.0000000E+0	0.0000000E+0	1.0000000E+2	0.0000000E+0
7.7806000E+1	6.3729552E+1	5.9945149E+1	0.0000000E+0	0.0000000E+0	1.0000000E+2	0.0000000E+0
7.7856000E+1	6.3774938E+1	5.9938806E+1	0.0000000E+0	0.0000000E+0	1.0000000E+2	0.0000000E+0
7.7906000E+1	6.3821545E+1	5.9929131E+1	0.0000000E+0	0.0000000E+0	1.0000000E+2	0.0000000E+0
7.7956000E+1	6.3897347E+1	5.9942665E+1	0.0000000E+0	0.0000000E+0	1.0000000E+2	0.0000000E+0
7.8006000E+1	6.3938033E+1	5.9945034E+1	0.0000000E+0	0.0000000E+0	1.0000000E+2	0.0000000E+0
7.8056000E+1	6.3983858E+1	5.9935836E+1	0.0000000E+0	0.0000000E+0	1.0000000E+2	0.0000000E+0
7.8106000E+1	6.4034349E+1	5.9950135E+1	0.0000000E+0	0.0000000E+0	1.0000000E+2	0.0000000E+0
7.8156000E+1	6.4081016E+1	5.9935465E+1	0.0000000E+0	0.0000000E+0	1.0000000E+2	0.0000000E+0
7.8206000E+1	6.4139147E+1	5.9944727E+1	0.0000000E+0	0.0000000E+0	1.0000000E+2	0.0000000E+0
7.8256000E+1	6.4195754E+1	5.9955140E+1	0.0000000E+0	0.0000000E+0	1.0000000E+2	0.0000000E+0
7.8306000E+1	6.4247081E+1	5.9963010E+1	0.0000000E+0	0.0000000E+0	1.0000000E+2	0.0000000E+0
7.8357000E+1	6.4307298E+1	5.9966256E+1	0.0000000E+0	0.0000000E+0	1.0000000E+2	0.0000000E+0
7.8408000E+1	6.4349039E+1	5.9946004E+1	0.0000000E+0	0.0000000E+0	1.0000000E+2	0.0000000E+0
7.8458000E+1	6.4381095E+1	5.9956893E+1	0.0000000E+0	0.0000000E+0	1.0000000E+2	0.0000000E+0
7.8508000E+1	6.4453033E+1	5.9950248E+1	0.0000000E+0	0.0000000E+0	1.0000000E+2	0.0000000E+0
7.8558000E+1	6.4506657E+1	5.9953256E+1	0.0000000E+0	0.0000000E+0	1.0000000E+2	0.0000000E+0
7.8608000E+1	6.4567635E+1	5.9952203E+1	0.0000000E+0	0.0000000E+0	1.0000000E+2	0.0000000E+0
7.8658000E+1	6.4613898E+1	5.9958852E+1	0.0000000E+0	0.0000000E+0	1.0000000E+2	0.0000000E+0
7.8708000E+1	6.4632670E+1	5.9949974E+1	0.0000000E+0	0.0000000E+0	1.0000000E+2	0.0000000E+0
7.8758000E+1	6.4671192E+1	5.9962229E+1	0.0000000E+0	0.0000000E+0	1.0000000E+2	0.0000000E+0
7.8808000E+1	6.4727081E+1	5.9950304E+1	0.0000000E+0	0.0000000E+0	1.0000000E+2	0.0000000E+0
7.8858000E+1	6.4778283E+1	5.9952485E+1	0.0000000E+0	0.0000000E+0	1.0000000E+2	0.0000000E+0
7.8908000E+1	6.4836640E+1	5.9948191E+1	0.0000000E+0	0.0000000E+0	1.0000000E+2	0.0000000E+0
7.8958000E+1	6.4873023E+1	5.9945460E+1	0.0000000E+0	0.0000000E+0	1.0000000E+2	0.0000000E+0
7.9008000E+1	6.4933115E+1	5.9950409E+1	0.0000000E+0	0.0000000E+0	1.0000000E+2	0.0000000E+0
7.9058000E+1	6.4990966E+1	5.9967372E+1	0.0000000E+0	0.0000000E+0	1.0000000E+2	0.0000000E+0
7.9108000E+1	6.5015739E+1	5.9959677E+1	0.0000000E+0	0.0000000E+0	1.0000000E+2	0.0000000E+0
7.9158000E+1	6.4777138E+1	6.0041414E+1	0.0000000E+0	0.0000000E+0	1.0000000E+2	0.0000000E+0
7.9209000E+1	6.3279153E+1	5.9981035E+1	0.0000000E+0	0.0000000E+0	1.0000000E+2	0.0000000E+0
7.9259000E+1	6.3267734E+1	5.9948435E+1	0.0000000E+0	0.0000000E+0	1.0000000E+2	0.0000000E+0
7.9310000E+1	6.3319507E+1	5.9955968E+1	0.0000000E+0	0.0000000E+0	1.0000000E+2	0.0000000E+0
7.9360000E+1	6.3373786E+1	5.9974068E+1	0.0000000E+0	0.0000000E+0	1.0000000E+2	0.0000000E+0
7.9410000E+1	6.3422836E+1	5.9972705E+1	0.0000000E+0	0.0000000E+0	1.0000000E+2	0.0000000E+0
7.9460000E+1	6.3473682E+1	5.9983910E+1	0.0000000E+0	0.0000000E+0	1.0000000E+2	0.0000000E+0
7.9510000E+1	6.3522089E+1	5.9983074E+1	0.0000000E+0	0.0000000E+0	1.0000000E+2	0.0000000E+0
7.9560000E+1	6.3558702E+1	5.9970958E+1	0.0000000E+0	0.0000000E+0	1.0000000E+2	0.0000000E+0
7.9610000E+1	6.3568951E+1	5.9973381E+1	0.0000000E+0	0.0000000E+0	1.0000000E+2	0.0000000E+0
7.9660000E+1	6.3590720E+1	5.9963247E+1	0.0000000E+0	0.0000000E+0	1.0000000E+2	0.0000000E+0
7.9710000E+1	6.3637025E+1	5.9943144E+1	0.0000000E+0	0.0000000E+0	1.0000000E+2	0.0000000E+0
7.9761000E+1	6.3710318E+1	5.9964132E+1	0.0000000E+0	0.0000000E+0	1.0000000E+2	0.0000000E+0
7.9811000E+1	6.3772140E+1	5.9961564E+1	0.0000000E+0	0.0000000E+0	1.0000000E+2	0.0000000E+0
7.9862000E+1	6.3819433E+1	5.9970047E+1	0.0000000E+0	0.0000000E+0	1.0000000E+2	0.0000000E+0
7.9912000E+1	6.3857739E+1	5.9954307E+1	0.0000000E+0	0.0000000E+0	1.0000000E+2	0.0000000E+0
7.9962000E+1	6.3920170E+1	5.9953230E+1	0.0000000E+0	0.0000000E+0	1.0000000E+2	0.0000000E+0
8.0012000E+1	6.3959225E+1	5.9948045E+1	0.0000000E+0	0.0000000E+0	1.0000000E+2	0.0000000E+0
8.0063000E+1	6.3989834E+1	5.9953629E+1	0.0000000E+0	0.0000000E+0	1.0000000E+2	0.0000000E+0
8.0113000E+1	6.4016009E+1	5.9946487E+1	0.0000000E+0	0.0000000E+0	1.0000000E+2	0.0000000E+0
8.0163000E+1	6.4055202E+1	5.9956864E+1	0.0000000E+0	0.0000000E+0	1.0000000E+2	0.0000000E+0
8.0213000E+1	6.4108481E+1	5.9953548E+1	0.0000000E+0	0.0000000E+0	1.0000000E+2	0.0000000E+0
8.0263000E+1	6.4121965E+1	5.9938858E+1	0.0000000E+0	0.0000000E+0	1.0000000E+2	0.0000000E+0
8.0314000E+1	6.4175500E+1	5.9944557E+1	0.0000000E+0	0.0000000E+0	1.0000000E+2	0.0000000E+0
8.0364000E+1	6.4209793E+1	5.9946670E+1	0.0000000E+0	0.0000000E+0	1.0000000E+2	0.0000000E+0
8.0414000E+1	6.4228205E+1	5.9934677E+1	0.0000000E+0	0.0000000E+0	1.0000000E+2	0.0000000E+0
8.0465000E+1	6.4268384E+1	5.9955350E+1	0.0000000E+0	0.0000000E+0	1.0000000E+2	0.0000000E+0
8.0516000E+1	6.4305021E+1	5.9934648E+1	0.0000000E+0	0.0000000E+0	1.0000000E+2	0.0000000E+0
8.0566000E+1	6.4362371E+1	5.9933556E+1	0.0000000E+0	0.0000000E+0	1.0000000E+2	0.0000000E+0
8.0616000E+1	6.4439175E+1	5.9954059E+1	0.0000000E+0	0.0000000E+0	1.0000000E+2	0.0000000E+0
8.0666000E+1	6.4503270E+1	5.9945819E+1	0.0000000E+0	0.0000000E+0	1.0000000E+2	0.0000000E+0
8.0716000E+1	6.4202687E+1	5.9987028E+1	0.0000000E+0	0.0000000E+0	1.0000000E+2	0.0000000E+0
8.0766000E+1	6.3198598E+1	5.9942462E+1	0.0000000E+0	0.0000000E+0	1.0000000E+2	0.0000000E+0
8.0816000E+1	6.3232095E+1	5.9928143E+1	0.0000000E+0	0.0000000E+0	1.0000000E+2	0.0000000E+0
8.0866000E+1	6.3260533E+1	5.9937817E+1	0.0000000E+0	0.0000000E+0	1.0000000E+2	0.0000000E+0
8.0917000E+1	6.3309964E+1	5.9945893E+1	0.0000000E+0	0.0000000E+0	1.0000000E+2	0.0000000E+0
8.0967000E+1	6.3336736E+1	5.9943128E+1	0.0000000E+0	0.0000000E+0	1.0000000E+2	0.0000000E+0
8.1018000E+1	6.3381697E+1	5.9939658E+1	0.0000000E+0	0.0000000E+0	1.0000000E+2	0.0000000E+0
8.1068000E+1	6.3423935E+1	5.9949546E+1	0.0000000E+0	0.0000000E+0	1.0000000E+2	0.0000000E+0
8.1118000E+1	6.3459636E+1	5.9937919E+1	0.0000000E+0	0.0000000E+0	1.0000000E+2	0.0000000E+0
8.1168000E+1	6.3498136E+1	5.9941985E+1	0.0000000E+0	0.0000000E+0	1.0000000E+2	0.0000000E+0
8.1218000E+1	6.3543186E+1	5.9934722E+1	0.0000000E+0	0.0000000E+0	1.0000000E+2	0.0000000E+0
8.1268000E+1	6.3586806E+1	5.9935221E+1	0.0000000E+0	0.0000000E+0	1.0000000E+2	0.0000000E+0
8.1318000E+1	6.3617690E+1	5.9931258E+1	0.0000000E+0	0.0000000E+0	1.0000000E+2	0.0000000E+0
8.1368000E+1	6.3637029E+1	5.9950259E+1	0.0000000E+0	0.0000000E+0	1.0000000E+2	0.0000000E+0
8.1418000E+1	6.3677800E+1	5.9962370E+1	0.0000000E+0	0.0000000E+0	1.0000000E+2	0.0000000E+0
8.1469000E+1	6.3704407E+1	5.9961288E+1	0.0000000E+0	0.0000000E+0	1.0000000E+2	0.0000000E+0
8.1519000E+1	6.3744271E+1	5.9939963E+1	0.0000000E+0	0.0000000E+0	1.0000000E+2	0.0000000E+0
8.1569000E+1	6.3812372E+1	5.9948987E+1	0.0000000E+0	0.0000000E+0	1.0000000E+2	0.0000000E+0
8.1619000E+1	6.3858029E+1	5.9950412E+1	0.0000000E+0	0.0000000E+0	1.0000000E+2	0.0000000E+0
8.1670000E+1	6.3905088E+1	5.9949171E+1	0.0000000E+0	0.0000000E+0	1.0000000E+2	0.0000000E+0
8.1720000E+1	6.3964229E+1	5.9966995E+1	0.0000000E+0	0.0000000E+0	1.0000000E+2	0.0000000E+0
8.1770000E+1	6.3996772E+1	5.9951529E+1	0.0000000E+0	0.0000000E+0	1.0000000E+2	0.0000000E+0
8.1821000E+1	6.4059756E+1	5.9970392E+1	0.0000000E+0	0.0000000E+0	1.0000000E+2	0.0000000E+0
8.1871000E+1	6.4092689E+1	5.9959937E+1	0.0000000E+0	0.0000000E+0	1.0000000E+2	0.0000000E+0
8.1922000E+1	6.4146891E+1	5.9956808E+1	0.0000000E+0	0.0000000E+0	1.0000000E+2	0.0000000E+0
8.1972000E+1	6.4200504E+1	5.9957142E+1	0.0000000E+0	0.0000000E+0	1.0000000E+2	0.0000000E+0
8.2022000E+1	6.3975721E+1	6.0005549E+1	0.0000000E+0	0.0000000E+0	1.0000000E+2	0.0000000E+0
8.2072000E+1	6.3336433E+1	5.9962506E+1	0.0000000E+0	0.0000000E+0	1.0000000E+2	0.0000000E+0
8.2123000E+1	6.3355784E+1	5.9942447E+1	0.0000000E+0	0.0000000E+0	1.0000000E+2	0.0000000E+0
8.2174000E+1	6.3405048E+1	5.9955204E+1	0.0000000E+0	0.0000000E+0	1.0000000E+2	0.0000000E+0
8.2224000E+1	6.3426352E+1	5.9957149E+1	0.0000000E+0	0.0000000E+0	1.0000000E+2	0.0000000E+0
8.2274000E+1	6.3436736E+1	5.9945554E+1	0.0000000E+0	0.0000000E+0	1.0000000E+2	0.0000000E+0
8.2324000E+1	6.3487317E+1	5.9947247E+1	0.0000000E+0	0.0000000E+0	1.0000000E+2	0.0000000E+0
8.2375000E+1	6.3530152E+1	5.9940105E+1	0.0000000E+0	0.0000000E+0	1.0000000E+2	0.0000000E+0
8.2425000E+1	6.3587530E+1	5.9938252E+1	0.0000000E+0	0.0000000E+0	1.0000000E+2	0.0000000E+0
8.2476000E+1	6.3648039E+1	5.9947243E+1	0.0000000E+0	0.0000000E+0	1.0000000E+2	0.0000000E+0
8.2527000E+1	6.3689811E+1	5.9938749E+1	0.0000000E+0	0.0000000E+0	1.0000000E+2	0.0000000E+0
8.2577000E+1	6.3719139E+1	5.9934834E+1	0.0000000E+0	0.0000000E+0	1.0000000E+2	0.0000000E+0
8.2627000E+1	6.3784393E+1	5.9942759E+1	0.0000000E+0	0.0000000E+0	1.0000000E+2	0.0000000E+0
8.2677000E+1	6.3838120E+1	5.9944635E+1	0.0000000E+0	0.0000000E+0	1.0000000E+2	0.0000000E+0
8.2727000E+1	6.3875844E+1	5.9930998E+1	0.0000000E+0	0.0000000E+0	1.0000000E+2	0.0000000E+0
8.2778000E+1	6.3933011E+1	5.9924979E+1	0.0000000E+0	0.0000000E+0	1.0000000E+2	0.0000000E+0
8.2828000E+1	6.3989040E+1	5.9934092E+1	0.0000000E+0	0.0000000E+0	1.0000000E+2	0.0000000E+0
8.2878000E+1	6.4027536E+1	5.9930700E+1	0.0000000E+0	0.0000000E+0	1.0000000E+2	0.0000000E+0
8.2929000E+1	6.4060149E+1	5.9933392E+1	0.0000000E+0	0.0000000E+0	1.0000000E+2	0.0000000E+0
8.2980000E+1	6.4095460E+1	5.9929286E+1	0.0000000E+0	0.0000000E+0	1.0000000E+2	0.0000000E+0
8.3030000E+1	6.4048568E+1	5.9931106E+1	0.0000000E+0	0.0000000E+0	1.0000000E+2	0.0000000E+0
8.3081000E+1	6.3131435E+1	5.9945383E+1	0.0000000E+0	0.0000000E+0	1.0000000E+2	0.0000000E+0
8.3131000E+1	6.3164083E+1	5.9917697E+1	0.0000000E+0	0.0000000E+0	1.0000000E+2	0.0000000E+0
8.3181000E+1	6.3225013E+1	5.9930156E+1	0.0000000E+0	0.0000000E+0	1.0000000E+2	0.0000000E+0
8.3232000E+1	6.3248927E+1	5.9914308E+1	0.0000000E+0	0.0000000E+0	1.0000000E+2	0.0000000E+0
8.3282000E+1	6.3303082E+1	5.9925814E+1	0.0000000E+0	0.0000000E+0	1.0000000E+2	0.0000000E+0
8.3332000E+1	6.3339379E+1	5.9914759E+1	0.0000000E+0	0.0000000E+0	1.0000000E+2	0.0000000E+0
8.3382000E+1	6.3383758E+1	5.9914774E+1	0.0000000E+0	0.0000000E+0	1.0000000E+2	0.0000000E+0
8.3432000E+1	6.3449385E+1	5.9927154E+1	0.0000000E+0	0.0000000E+0	1.0000000E+2	0.0000000E+0
8.3482000E+1	6.3491428E+1	5.9918370E+1	0.0000000E+0	0.0000000E+0	1.0000000E+2	0.0000000E+0
8.3533000E+1	6.3539349E+1	5.9922803E+1	0.0000000E+0	0.0000000E+0	1.0000000E+2	0.0000000E+0
8.3583000E+1	6.3582307E+1	5.9916990E+1	0.0000000E+0	0.0000000E+0	1.0000000E+2	0.0000000E+0
8.3633000E+1	6.3625877E+1	5.9910462E+1	0.0000000E+0	0.0000000E+0	1.0000000E+2	0.0000000E+0
8.3683000E+1	6.3700952E+1	5.9917833E+1	0.0000000E+0	0.0000000E+0	1.0000000E+2	0.0000000E+0
8.3733000E+1	6.3753598E+1	5.9928203E+1	0.0000000E+0	0.0000000E+0	1.0000000E+2	0.0000000E+0
8.3783000E+1	6.3789016E+1	5.9930134E+1	0.0000000E+0	0.0000000E+0	1.0000000E+2	0.0000000E+0
8.3833000E+1	6.3819936E+1	5.9915031E+1	0.0000000E+0	0.0000000E+0	1.0000000E+2	0.0000000E+0
8.3883000E+1	6.3839780E+1	5.9921490E+1	0.0000000E+0	0.0000000E+0	1.0000000E+2	0.0000000E+0
8.3933000E+1	6.3863160E+1	5.9922570E+1	0.0000000E+0	0.0000000E+0	1.0000000E+2	0.0000000E+0
8.3983000E+1	6.3944598E+1	5.9941157E+1	0.0000000E+0	0.0000000E+0	1.0000000E+2	0.0000000E+0
8.4033000E+1	6.3994051E+1	5.9947473E+1	0.0000000E+0	0.0000000E+0	1.0000000E+2	0.0000000E+0
8.4084000E+1	6.4066539E+1	5.9943721E+1	0.0000000E+0	0.0000000E+0	1.0000000E+2	0.0000000E+0
8.4134000E+1	6.4121542E+1	5.9935407E+1	0.0000000E+0	0.0000000E+0	1.0000000E+2	0.0000000E+0
8.4184000E+1	6.4155268E+1	5.9946718E+1	0.0000000E+0	0.0000000E+0	1.0000000E+2	0.0000000E+0
8.4234000E+1	6.4204113E+1	5.9935528E+1	0.0000000E+0	0.0000000E+0	1.0000000E+2	0.0000000E+0
8.4285000E+1	6.4265705E+1	5.9937023E+1	0.0000000E+0	0.0000000E+0	1.0000000E+2	0.0000000E+0
8.4335000E+1	6.4322181E+1	5.9940386E+1	0.0000000E+0	0.0000000E+0	1.0000000E+2	0.0000000E+0
8.4385000E+1	6.4360395E+1	5.9945918E+1	0.0000000E+0	0.0000000E+0	1.0000000E+2	0.0000000E+0
8.4436000E+1	6.4383061E+1	5.9932194E+1	0.0000000E+0	0.0000000E+0	1.0000000E+2	0.0000000E+0
8.4486000E+1	6.4435414E+1	5.9932068E+1	0.0000000E+0	0.0000000E+0	1.0000000E+2	0.0000000E+0
8.4536000E+1	6.4485813E+1	5.9934827E+1	0.0000000E+0	0.0000000E+0	1.0000000E+2	0.0000000E+0
8.4586000E+1	6.4512951E+1	5.9940481E+1	0.0000000E+0	0.0000000E+0	1.0000000E+2	0.0000000E+0
8.4636000E+1	6.4561954E+1	5.9938165E+1	0.0000000E+0	0.0000000E+0	1.0000000E+2	0.0000000E+0
8.4686000E+1	6.4581369E+1	5.9930145E+1	0.0000000E+0	0.0000000E+0	1.0000000E+2	0.0000000E+0
8.4736000E+1	6.4650356E+1	5.9947883E+1	0.0000000E+0	0.0000000E+0	1.0000000E+2	0.0000000E+0
8.4786000E+1	6.3517947E+1	6.0046254E+1	0.0000000E+0	0.0000000E+0	1.0000000E+2	0.0000000E+0
8.4836000E+1	6.3120768E+1	5.9937501E+1	0.0000000E+0	0.0000000E+0	1.0000000E+2	0.0000000E+0
8.4886000E+1	6.3179371E+1	5.9951617E+1	0.0000000E+0	0.0000000E+0	1.0000000E+2	0.0000000E+0
8.4936000E+1	6.3217347E+1	5.9950450E+1	0.0000000E+0	0.0000000E+0	1.0000000E+2	0.0000000E+0
8.4987000E+1	6.3254032E+1	5.9947362E+1	0.0000000E+0	0.0000000E+0	1.0000000E+2	0.0000000E+0
8.5037000E+1	6.3277189E+1	5.9933012E+1	0.0000000E+0	0.0000000E+0	1.0000000E+2	0.0000000E+0
8.5087000E+1	6.3330393E+1	5.9948910E+1	0.0000000E+0	0.0000000E+0	1.0000000E+2	0.0000000E+0
8.5138000E+1	6.3364024E+1	5.9943813E+1	0.0000000E+0	0.0000000E+0	1.0000000E+2	0.0000000E+0
8.5188000E+1	6.3387181E+1	5.9940649E+1	0.0000000E+0	0.0000000E+0	1.0000000E+2	0.0000000E+0
8.5238000E+1	6.3415699E+1	5.9939957E+1	0.0000000E+0	0.0000000E+0	1.0000000E+2	0.0000000E+0
8.5289000E+1	6.3458581E+1	5.9935307E+1	0.0000000E+0	0.0000000E+0	1.0000000E+2	0.0000000E+0
8.5339000E+1	6.3499998E+1	5.9935947E+1	0.0000000E+0	0.0000000E+0	1.0000000E+2	0.0000000E+0
8.5389000E+1	6.3570799E+1	5.9928177E+1	0.0000000E+0	0.0000000E+0	1.0000000E+2	0.0000000E+0
8.5440000E+1	6.3595142E+1	5.9923779E+1	0.0000000E+0	0.0000000E+0	1.0000000E+2	0.0000000E+0
8.5490000E+1	6.3674335E+1	5.9942539E+1	0.0000000E+0	0.0000000E+0	1.0000000E+2	0.0000000E+0
8.5540000E+1	6.3710293E+1	5.9931603E+1	0.0000000E+0	0.0000000E+0	1.0000000E+2	0.0000000E+0
8.5590000E+1	6.3758084E+1	5.9938098E+1	0.0000000E+0	0.0000000E+0	1.0000000E+2	0.0000000E+0
8.5640000E+1	6.3785221E+1	5.9925867E+1	0.0000000E+0	0.0000000E+0	1.0000000E+2	0.0000000E+0
8.5690000E+1	6.3837280E+1	5.9927454E+1	0.0000000E+0	0.0000000E+0	1.0000000E+2	0.0000000E+0
8.5741000E+1	6.3871881E+1	5.9923691E+1	0.0000000E+0	0.0000000E+0	1.0000000E+2	0.0000000E+0
8.5791000E+1	6.3929281E+1	5.9916347E+1	0.0000000E+0	0.0000000E+0	1.0000000E+2	0.0000000E+0
8.5841000E+1	6.3969432E+1	5.9903662E+1	0.0000000E+0	0.0000000E+0	1.0000000E+2	0.0000000E+0
8.5891000E+1	6.3984709E+1	5.9884164E+1	0.0000000E+0	0.0000000E+0	1.0000000E+2	0.0000000E+0
8.5941000E+1	6.3977989E+1	5.9860807E+1	0.0000000E+0	0.0000000E+0	1.0000000E+2	0.0000000E+0
8.5991000E+1	6.4011565E+1	5.9848209E+1	0.0000000E+0	0.0000000E+0	1.0000000E+2	0.0000000E+0
8.6042000E+1	6.4058677E+1	5.9822735E+1	0.0000000E+0	0.0000000E+0	1.0000000E+2	0.0000000E+0
8.6093000E+1	6.3846997E+1	5.9878627E+1	0.0000000E+0	0.0000000E+0	1.0000000E+2	0.0000000E+0
8.6143000E+1	6.2859678E+1	5.9803859E+1	0.0000000E+0	0.0000000E+0	1.0000000E+2	0.0000000E+0
8.6193000E+1	6.2881733E+1	5.9792616E+1	0.0000000E+0	0.0000000E+0	1.0000000E+2	0.0000000E+0
8.6243000E+1	6.2960698E+1	5.9814004E+1	0.0000000E+0	0.0000000E+0	1.0000000E+2	0.0000000E+0
8.6293000E+1	6.3011297E+1	5.9821951E+1	0.0000000E+0	0.0000000E+0	1.0000000E+2	0.0000000E+0
8.6343000E+1	6.3063559E+1	5.9828342E+1	0.0000000E+0	0.0000000E+0	1.0000000E+2	0.0000000E+0
8.6393000E+1	6.3100896E+1	5.9809940E+1	0.0000000E+0	0.0000000E+0	1.0000000E+2	0.0000000E+0
8.6443000E+1	6.3134949E+1	5.9801255E+1	0.0000000E+0	0.0000000E+0	1.0000000E+2	0.0000000E+0
8.6493000E+1	6.3192144E+1	5.9806754E+1	0.0000000E+0	0.0000000E+0	1.0000000E+2	0.0000000E+0
8.6543000E+1	6.3231066E+1	5.9806190E+1	0.0000000E+0	0.0000000E+0	1.0000000E+2	0.0000000E+0
8.6593000E+1	6.3282574E+1	5.9815574E+1	0.0000000E+0	0.0000000E+0	1.0000000E+2	0.0000000E+0
8.6643000E+1	6.3312375E+1	5.9815527E+1	0.0000000E+0	0.0000000E+0	1.0000000E+2	0.0000000E+0
8.6693000E+1	6.3351505E+1	5.9810527E+1	0.0000000E+0	0.0000000E+0	1.0000000E+2	0.0000000E+0
8.6743000E+1	6.3385733E+1	5.9819043E+1	0.0000000E+0	0.0000000E+0	1.0000000E+2	0.0000000E+0
8.6793000E+1	6.3441664E+1	5.9828249E+1	0.0000000E+0	0.0000000E+0	1.0000000E+2	0.0000000E+0
8.6843000E+1	6.3480400E+1	5.9821902E+1	0.0000000E+0	0.0000000E+0	1.0000000E+2	0.0000000E+0
8.6893000E+1	6.3505254E+1	5.9817362E+1	0.0000000E+0	0.0000000E+0	1.0000000E+2	0.0000000E+0
8.6943000E+1	6.3536745E+1	5.9811400E+1	0.0000000E+0	0.0000000E+0	1.0000000E+2	0.0000000E+0
8.6993000E+1	6.3566833E+1	5.9817840E+1	0.0000000E+0	0.0000000E+0	1.0000000E+2	0.0000000E+0
8.7043000E+1	6.3616500E+1	5.9805056E+1	0.0000000E+0	0.0000000E+0	1.0000000E+2	0.0000000E+0
8.7093000E+1	6.3695655E+1	5.9817744E+1	0.0000000E+0	0.0000000E+0	1.0000000E+2	0.0000000E+0
8.7143000E+1	6.3763660E+1	5.9828990E+1	0.0000000E+0	0.0000000E+0	1.0000000E+2	0.0000000E+0
8.7193000E+1	6.3784642E+1	5.9819530E+1	0.0000000E+0	0.0000000E+0	1.0000000E+2	0.0000000E+0
8.7244000E+1	6.3842797E+1	5.9819779E+1	0.0000000E+0	0.0000000E+0	1.0000000E+2	0.0000000E+0
8.7294000E+1	6.3886590E+1	5.9829795E+1	0.0000000E+0	0.0000000E+0	1.0000000E+2	0.0000000E+0
8.7345000E+1	6.3917124E+1	5.9841125E+1	0.0000000E+0	0.0000000E+0	1.0000000E+2	0.0000000E+0
8.7395000E+1	6.3948622E+1	5.9842917E+1	0.0000000E+0	0.0000000E+0	1.0000000E+2	0.0000000E+0
8.7445000E+1	6.4013260E+1	5.9850671E+1	0.0000000E+0	0.0000000E+0	1.0000000E+2	0.0000000E+0
8.7497000E+1	6.4068902E+1	5.9843127E+1	0.0000000E+0	0.0000000E+0	1.0000000E+2	0.0000000E+0
8.7547000E+1	6.4110957E+1	5.9844131E+1	0.0000000E+0	0.0000000E+0	1.0000000E+2	0.0000000E+0
8.7597000E+1	6.4184326E+1	5.9846783E+1	0.0000000E+0	0.0000000E+0	1.0000000E+2	0.0000000E+0
8.7647000E+1	6.4212948E+1	5.9840252E+1	0.0000000E+0	0.0000000E+0	1.0000000E+2	0.0000000E+0
8.7698000E+1	6.4271514E+1	5.9853522E+1	0.0000000E+0	0.0000000E+0	1.0000000E+2	0.0000000E+0
8.7749000E+1	6.4332133E+1	5.9861631E+1	0.0000000E+0	0.0000000E+0	1.0000000E+2	0.0000000E+0
8.7800000E+1	6.4375864E+1	5.9867786E+1	0.0000000E+0	0.0000000E+0	1.0000000E+2	0.0000000E+0
8.7851000E+1	6.4449432E+1	5.9880816E+1	0.0000000E+0	0.0000000E+0	1.0000000E+2	0.0000000E+0
8.7901000E+1	6.4479168E+1	5.9874844E+1	0.0000000E+0	0.0000000E+0	1.0000000E+2	0.0000000E+0
8.7951000E+1	6.4508504E+1	5.9878868E+1	0.0000000E+0	0.0000000E+0	1.0000000E+2	0.0000000E+0
8.8001000E+1	6.4566339E+1	5.9882452E+1	0.0000000E+0	0.0000000E+0	1.0000000E+2	0.0000000E+0
8.8052000E+1	6.4629826E+1	5.9890926E+1	0.0000000E+0	0.0000000E+0	1.0000000E+2	0.0000000E+0
8.8102000E+1	6.4700306E+1	5.9897260E+1	0.0000000E+0	0.0000000E+0	1.0000000E+2	0.0000000E+0
8.8152000E+1	6.4789886E+1	5.9900846E+1	0.0000000E+0	0.0000000E+0	1.0000000E+2	0.0000000E+0
8.8202000E+1	6.4812172E+1	5.9888296E+1	0.0000000E+0	0.0000000E+0	1.0000000E+2	0.0000000E+0
8.8252000E+1	6.4873587E+1	5.9907085E+1	0.0000000E+0	0.0000000E+0	1.0000000E+2	0.0000000E+0
8.8302000E+1	6.4919541E+1	5.9888510E+1	0.0000000E+0	0.0000000E+0	1.0000000E+2	0.0000000E+0
8.8353000E+1	6.4605234E+1	5.9989020E+1	0.0000000E+0	0.0000000E+0	1.0000000E+2	0.0000000E+0
8.8403000E+1	6.2919326E+1	5.9900838E+1	0.0000000E+0	0.0000000E+0	1.0000000E+2	0.0000000E+0
8.8453000E+1	6.2907641E+1	5.9883948E+1	0.0000000E+0	0.0000000E+0	1.0000000E+2	0.0000000E+0
8.8503000E+1	6.2942440E+1	5.9892958E+1	0.0000000E+0	0.0000000E+0	1.0000000E+2	0.0000000E+0
8.8553000E+1	6.2974546E+1	5.9877503E+1	0.0000000E+0	0.0000000E+0	1.0000000E+2	0.0000000E+0
8.8604000E+1	6.3023081E+1	5.9893789E+1	0.0000000E+0	0.0000000E+0	1.0000000E+2	0.0000000E+0
8.8654000E+1	6.3069459E+1	5.9889742E+1	0.0000000E+0	0.0000000E+0	1.0000000E+2	0.0000000E+0
8.8704000E+1	6.3087264E+1	5.9893054E+1	0.0000000E+0	0.0000000E+0	1.0000000E+2	0.0000000E+0
8.8754000E+1	6.3098180E+1	5.9895551E+1	0.0000000E+0	0.0000000E+0	1.0000000E+2	0.0000000E+0
8.8804000E+1	6.3111280E+1	5.9892781E+1	0.0000000E+0	0.0000000E+0	1.0000000E+2	0.0000000E+0
8.8854000E+1	6.3169954E+1	5.9902682E+1	0.0000000E+0	0.0000000E+0	1.0000000E+2	0.0000000E+0
8.8904000E+1	6.3218314E+1	5.9896743E+1	0.0000000E+0	0.0000000E+0	1.0000000E+2	0.0000000E+0
8.8954000E+1	6.3258457E+1	5.9897591E+1	0.0000000E+0	0.0000000E+0	1.0000000E+2	0.0000000E+0
8.9005000E+1	6.3293054E+1	5.9894626E+1	0.0000000E+0	0.0000000E+0	1.0000000E+2	0.0000000E+0
8.9055000E+1	6.3347095E+1	5.9896718E+1	0.0000000E+0	0.0000000E+0	1.0000000E+2	0.0000000E+0
8.9106000E+1	6.3381141E+1	5.9896670E+1	0.0000000E+0	0.0000000E+0	1.0000000E+2	0.0000000E+0
8.9156000E+1	6.3438994E+1	5.9908653E+1	0.0000000E+0	0.0000000E+0	1.0000000E+2	0.0000000E+0
8.9206000E+1	6.3475540E+1	5.9902518E+1	0.0000000E+0	0.0000000E+0	1.0000000E+2	0.0000000E+0
8.9256000E+1	6.3551464E+1	5.9915588E+1	0.0000000E+0	0.0000000E+0	1.0000000E+2	0.0000000E+0
8.9306000E+1	6.3627092E+1	5.9924646E+1	0.0000000E+0	0.0000000E+0	1.0000000E+2	0.0000000E+0
8.9357000E+1	6.3684445E+1	5.9927383E+1	0.0000000E+0	0.0000000E+0	1.0000000E+2	0.0000000E+0
8.9408000E+1	6.3717570E+1	5.9913160E+1	0.0000000E+0	0.0000000E+0	1.0000000E+2	0.0000000E+0
8.9458000E+1	6.3760074E+1	5.9916088E+1	0.0000000E+0	0.0000000E+0	1.0000000E+2	0.0000000E+0
8.9509000E+1	6.3816217E+1	5.9920783E+1	0.0000000E+0	0.0000000E+0	1.0000000E+2	0.0000000E+0
8.9559000E+1	6.3894866E+1	5.9923456E+1	0.0000000E+0	0.0000000E+0	1.0000000E+2	0.0000000E+0
8.9609000E+1	6.3951759E+1	5.9935342E+1	0.0000000E+0	0.0000000E+0	1.0000000E+2	0.0000000E+0
8.9660000E+1	6.4009425E+1	5.9927690E+1	0.0000000E+0	0.0000000E+0	1.0000000E+2	0.0000000E+0
8.9711000E+1	6.4075294E+1	5.9929911E+1	0.0000000E+0	0.0000000E+0	1.0000000E+2	0.0000000E+0
8.9761000E+1	6.4148004E+1	5.9938166E+1	0.0000000E+0	0.0000000E+0	1.0000000E+2	0.0000000E+0
8.9811000E+1	6.4208841E+1	5.9947876E+1	0.0000000E+0	0.0000000E+0	1.0000000E+2	0.0000000E+0
8.9861000E+1	6.4249104E+1	5.9952324E+1	0.0000000E+0	0.0000000E+0	1.0000000E+2	0.0000000E+0
8.9911000E+1	6.4296466E+1	5.9943756E+1	0.0000000E+0	0.0000000E+0	1.0000000E+2	0.0000000E+0
8.9961000E+1	6.4354141E+1	5.9948131E+1	0.0000000E+0	0.0000000E+0	1.0000000E+2	0.0000000E+0
9.0011000E+1	6.4428977E+1	5.9958211E+1	0.0000000E+0	0.0000000E+0	1.0000000E+2	0.0000000E+0
9.0061000E+1	6.4493901E+1	5.9966458E+1	0.0000000E+0	0.0000000E+0	1.0000000E+2	0.0000000E+0
9.0111000E+1	6.4543789E+1	5.9955789E+1	0.0000000E+0	0.0000000E+0	1.0000000E+2	0.0000000E+0
9.0161000E+1	6.4586526E+1	5.9957785E+1	0.0000000E+0	0.0000000E+0	1.0000000E+2	0.0000000E+0
9.0211000E+1	6.4648816E+1	5.9979083E+1	0.0000000E+0	0.0000000E+0	1.0000000E+2	0.0000000E+0
9.0261000E+1	6.4688548E+1	5.9953900E+1	0.0000000E+0	0.0000000E+0	1.0000000E+2	0.0000000E+0
9.0311000E+1	6.4776890E+1	5.9974708E+1	0.0000000E+0	0.0000000E+0	1.0000000E+2	0.0000000E+0
9.0361000E+1	6.4829175E+1	5.9968678E+1	0.0000000E+0	0.0000000E+0	1.0000000E+2	0.0000000E+0
9.0411000E+1	6.4887891E+1	5.9965825E+1	0.0000000E+0	0.0000000E+0	1.0000000E+2	0.0000000E+0
9.0461000E+1	6.4245468E+1	6.0057437E+1	0.0000000E+0	0.0000000E+0	1.0000000E+2	0.0000000E+0
9.0511000E+1	6.3259911E+1	5.9947288E+1	0.0000000E+0	0.0000000E+0	1.0000000E+2	0.0000000E+0
9.0561000E+1	6.3289826E+1	5.9950611E+1	0.0000000E+0	0.0000000E+0	1.0000000E+2	0.0000000E+0
9.0611000E+1	6.3318569E+1	5.9967480E+1	0.0000000E+0	0.0000000E+0	1.0000000E+2	0.0000000E+0
9.0661000E+1	6.3377641E+1	5.9971509E+1	0.0000000E+0	0.0000000E+0	1.0000000E+2	0.0000000E+0
9.0711000E+1	6.3419959E+1	5.9974976E+1	0.0000000E+0	0.0000000E+0	1.0000000E+2	0.0000000E+0
9.0761000E+1	6.3466032E+1	5.9962824E+1	0.0000000E+0	0.0000000E+0	1.0000000E+2	0.0000000E+0
9.0811000E+1	6.3522731E+1	5.9963525E+1	0.0000000E+0	0.0000000E+0	1.0000000E+2	0.0000000E+0
9.0861000E+1	6.3539789E+1	5.9957920E+1	0.0000000E+0	0.0000000E+0	1.0000000E+2	0.0000000E+0
9.0911000E+1	6.3563661E+1	5.9934814E+1	0.0000000E+0	0.0000000E+0	1.0000000E+2	0.0000000E+0
9.0961000E+1	6.3594180E+1	5.9945146E+1	0.0000000E+0	0.0000000E+0	1.0000000E+2	0.0000000E+0
9.1011000E+1	6.3654267E+1	5.9951267E+1	0.0000000E+0	0.0000000E+0	1.0000000E+2	0.0000000E+0
9.1061000E+1	6.3698666E+1	5.9941365E+1	0.0000000E+0	0.0000000E+0	1.0000000E+2	0.0000000E+0
9.1111000E+1	6.3722078E+1	5.9949356E+1	0.0000000E+0	0.0000000E+0	1.0000000E+2	0.0000000E+0
9.1161000E+1	6.3762031E+1	5.9941049E+1	0.0000000E+0	0.0000000E+0	1.0000000E+2	0.0000000E+0
9.1211000E+1	6.3826319E+1	5.9950773E+1	0.0000000E+0	0.0000000E+0	1.0000000E+2	0.0000000E+0
9.1261000E+1	6.3900013E+1	5.9952623E+1	0.0000000E+0	0.0000000E+0	1.0000000E+2	0.0000000E+0
9.1311000E+1	6.3956142E+1	5.9949989E+1	0.0000000E+0	0.0000000E+0	1.0000000E+2	0.0000000E+0
9.1361000E+1	6.4009034E+1	5.9967159E+1	0.0000000E+0	0.0000000E+0	1.0000000E+2	0.0000000E+0
9.1411000E+1	6.4053546E+1	5.9954792E+1	0.0000000E+0	0.0000000E+0	1.0000000E+2	0.0000000E+0
9.1461000E+1	6.4097426E+1	5.9972087E+1	0.0000000E+0	0.0000000E+0	1.0000000E+2	0.0000000E+0
9.1511000E+1	6.4122472E+1	5.9967230E+1	0.0000000E+0	0.0000000E+0	1.0000000E+2	0.0000000E+0
9.1561000E+1	6.4155664E+1	5.9962409E+1	0.0000000E+0	0.0000000E+0	1.0000000E+2	0.0000000E+0
9.1611000E+1	6.4153902E+1	5.9943824E+1	0.0000000E+0	0.0000000E+0	1.0000000E+2	0.0000000E+0
9.1661000E+1	6.4208417E+1	5.9959572E+1	0.0000000E+0	0.0000000E+0	1.0000000E+2	0.0000000E+0
9.1711000E+1	6.4268534E+1	5.9973063E+1	0.0000000E+0	0.0000000E+0	1.0000000E+2	0.0000000E+0
9.1761000E+1	6.4344813E+1	5.9970548E+1	0.0000000E+0	0.0000000E+0	1.0000000E+2	0.0000000E+0
9.1811000E+1	6.3626865E+1	6.0035033E+1	0.0000000E+0	0.0000000E+0	1.0000000E+2	0.0000000E+0
9.1861000E+1	6.3100996E+1	5.9962319E+1	0.0000000E+0	0.0000000E+0	1.0000000E+2	0.0000000E+0
9.1911000E+1	6.3149703E+1	5.9985170E+1	0.0000000E+0	0.0000000E+0	1.0000000E+2	0.0000000E+0
9.1961000E+1	6.3208242E+1	6.0007999E+1	0.0000000E+0	0.0000000E+0	1.0000000E+2	0.0000000E+0
9.2012000E+1	6.3201885E+1	6.0009416E+1	0.0000000E+0	0.0000000E+0	1.0000000E+2	0.0000000E+0
9.2062000E+1	6.3250813E+1	6.0012750E+1	0.0000000E+0	0.0000000E+0	1.0000000E+2	0.0000000E+0
9.2113000E+1	6.3285270E+1	6.0008629E+1	0.0000000E+0	0.0000000E+0	1.0000000E+2	0.0000000E+0
9.2163000E+1	6.3348222E+1	6.0022946E+1	0.0000000E+0	0.0000000E+0	1.0000000E+2	0.0000000E+0
9.2213000E+1	6.3388859E+1	6.0027027E+1	0.0000000E+0	0.0000000E+0	1.0000000E+2	0.0000000E+0
9.2263000E+1	6.3431645E+1	6.0032940E+1	0.0000000E+0	0.0000000E+0	1.0000000E+2	0.0000000E+0
9.2313000E+1	6.3494010E+1	6.0025671E+1	0.0000000E+0	0.0000000E+0	1.0000000E+2	0.0000000E+0
9.2363000E+1	6.3550611E+1	6.0031834E+1	0.0000000E+0	0.0000000E+0	1.0000000E+2	0.0000000E+0
9.2413000E+1	6.3569933E+1	6.0045450E+1	0.0000000E+0	0.0000000E+0	1.0000000E+2	0.0000000E+0
9.2463000E+1	6.3627427E+1	6.0039770E+1	0.0000000E+0	0.0000000E+0	1.0000000E+2	0.0000000E+0
9.2513000E+1	6.3666263E+1	6.0037509E+1	0.0000000E+0	0.0000000E+0	1.0000000E+2	0.0000000E+0
9.2563000E+1	6.3722365E+1	6.0032501E+1	0.0000000E+0	0.0000000E+0	1.0000000E+2	0.0000000E+0
9.2613000E+1	6.3783592E+1	6.0040847E+1	0.0000000E+0	0.0000000E+0	1.0000000E+2	0.0000000E+0
9.2663000E+1	6.3830147E+1	6.0036338E+1	0.0000000E+0	0.0000000E+0	1.0000000E+2	0.0000000E+0
9.2714000E+1	6.3873816E+1	6.0027315E+1	0.0000000E+0	0.0000000E+0	1.0000000E+2	0.0000000E+0
9.2764000E+1	6.3933902E+1	6.0042517E+1	0.0000000E+0	0.0000000E+0	1.0000000E+2	0.0000000E+0
9.2814000E+1	6.3994185E+1	6.0043626E+1	0.0000000E+0	0.0000000E+0	1.0000000E+2	0.0000000E+0
9.2864000E+1	6.4058488E+1	6.0053309E+1	0.0000000E+0	0.0000000E+0	1.0000000E+2	0.0000000E+0
9.2914000E+1	6.4099429E+1	6.0040307E+1	0.0000000E+0	0.0000000E+0	1.0000000E+2	0.0000000E+0
9.2964000E+1	6.4115562E+1	6.0038842E+1	0.0000000E+0	0.0000000E+0	1.0000000E+2	0.0000000E+0
9.3014000E+1	6.4160565E+1	6.0030043E+1	0.0000000E+0	0.0000000E+0	1.0000000E+2	0.0000000E+0
9.3064000E+1	6.4219493E+1	6.0033632E+1	0.0000000E+0	0.0000000E+0	1.0000000E+2	0.0000000E+0
9.3114000E+1	6.4258898E+1	6.0026342E+1	0.0000000E+0	0.0000000E+0	1.0000000E+2	0.0000000E+0
9.3164000E+1	6.4309863E+1	6.0016297E+1	0.0000000E+0	0.0000000E+0	1.0000000E+2	0.0000000E+0
9.3214000E+1	6.4355838E+1	6.0014502E+1	0.0000000E+0	0.0000000E+0	1.0000000E+2	0.0000000E+0
9.3264000E+1	6.4409046E+1	6.0024085E+1	0.0000000E+0	0.0000000E+0	1.0000000E+2	0.0000000E+0
9.3314000E+1	6.4435549E+1	6.0008078E+1	0.0000000E+0	0.0000000E+0	1.0000000E+2	0.0000000E+0
9.3364000E+1	6.3357242E+1	6.0080381E+1	0.0000000E+0	0.0000000E+0	1.0000000E+2	0.0000000E+0
9.3414000E+1	6.3094973E+1	5.9989544E+1	0.0000000E+0	0.0000000E+0	1.0000000E+2	0.0000000E+0
9.3464000E+1	6.3132938E+1	6.0008903E+1	0.0000000E+0	0.0000000E+0	1.0000000E+2	0.0000000E+0
9.3514000E+1	6.3163997E+1	5.9996907E+1	0.0000000E+0	0.0000000E+0	1.0000000E+2	0.0000000E+0
9.3564000E+1	6.3211323E+1	6.0006133E+1	0.0000000E+0	0.0000000E+0	1.0000000E+2	0.0000000E+0
9.3614000E+1	6.3244623E+1	6.0000726E+1	0.0000000E+0	0.0000000E+0	1.0000000E+2	0.0000000E+0
9.3665000E+1	6.3294586E+1	6.0009392E+1	0.0000000E+0	0.0000000E+0	1.0000000E+2	0.0000000E+0
9.3715000E+1	6.3323987E+1	6.0014091E+1	0.0000000E+0	0.0000000E+0	1.0000000E+2	0.0000000E+0
9.3765000E+1	6.3359898E+1	6.0009745E+1	0.0000000E+0	0.0000000E+0	1.0000000E+2	0.0000000E+0
9.3815000E+1	6.3398250E+1	6.0012404E+1	0.0000000E+0	0.0000000E+0	1.0000000E+2	0.0000000E+0
9.3865000E+1	6.3465124E+1	6.0006284E+1	0.0000000E+0	0.0000000E+0	1.0000000E+2	0.0000000E+0
9.3915000E+1	6.3485178E+1	6.0003349E+1	0.0000000E+0	0.0000000E+0	1.0000000E+2	0.0000000E+0
9.3966000E+1	6.3514892E+1	6.0005991E+1	0.0000000E+0	0.0000000E+0	1.0000000E+2	0.0000000E+0
9.4017000E+1	6.3559675E+1	5.9989839E+1	0.0000000E+0	0.0000000E+0	1.0000000E+2	0.0000000E+0
9.4067000E+1	6.3611569E+1	5.9985391E+1	0.0000000E+0	0.0000000E+0	1.0000000E+2	0.0000000E+0
9.4117000E+1	6.3652997E+1	5.9988525E+1	0.0000000E+0	0.0000000E+0	1.0000000E+2	0.0000000E+0
9.4167000E+1	6.3721606E+1	6.0008411E+1	0.0000000E+0	0.0000000E+0	1.0000000E+2	0.0000000E+0
9.4217000E+1	6.3769152E+1	6.0007977E+1	0.0000000E+0	0.0000000E+0	1.0000000E+2	0.0000000E+0
9.4267000E+1	6.3821368E+1	5.9997243E+1	0.0000000E+0	0.0000000E+0	1.0000000E+2	0.0000000E+0
9.4318000E+1	6.3869225E+1	5.9995016E+1	0.0000000E+0	0.0000000E+0	1.0000000E+2	0.0000000E+0
9.4369000E+1	6.3929149E+1	5.9994101E+1	0.0000000E+0	0.0000000E+0	1.0000000E+2	0.0000000E+0
9.4421000E+1	6.3975048E+1	5.9999806E+1	0.0000000E+0	0.0000000E+0	1.0000000E+2	0.0000000E+0
9.4472000E+1	6.4001872E+1	5.9975721E+1	0.0000000E+0	0.0000000E+0	1.0000000E+2	0.0000000E+0
9.4522000E+1	6.4057855E+1	5.9994112E+1	0.0000000E+0	0.0000000E+0	1.0000000E+2	0.0000000E+0
9.4572000E+1	6.3802115E+1	6.0037728E+1	0.0000000E+0	0.0000000E+0	1.0000000E+2	0.0000000E+0
9.4623000E+1	6.2953932E+1	6.0005706E+1	0.0000000E+0	0.0000000E+0	1.0000000E+2	0.0000000E+0
9.4673000E+1	6.2977506E+1	5.9986265E+1	0.0000000E+0	0.0000000E+0	1.0000000E+2	0.0000000E+0
9.4724000E+1	6.3014232E+1	5.9995187E+1	0.0000000E+0	0.0000000E+0	1.0000000E+2	0.0000000E+0
9.4774000E+1	6.3047818E+1	5.9988537E+1	0.0000000E+0	0.0000000E+0	1.0000000E+2	0.0000000E+0
9.4824000E+1	6.3091525E+1	5.9985739E+1	0.0000000E+0	0.0000000E+0	1.0000000E+2	0.0000000E+0
9.4874000E+1	6.3111774E+1	5.9984284E+1	0.0000000E+0	0.0000000E+0	1.0000000E+2	0.0000000E+0
9.4924000E+1	6.3135538E+1	5.9977803E+1	0.0000000E+0	0.0000000E+0	1.0000000E+2	0.0000000E+0
9.4974000E+1	6.3149461E+1	5.9977111E+1	0.0000000E+0	0.0000000E+0	1.0000000E+2	0.0000000E+0
9.5024000E+1	6.3209602E+1	5.9980084E+1	0.0000000E+0	0.0000000E+0	1.0000000E+2	0.0000000E+0
9.5074000E+1	6.3251327E+1	5.9971816E+1	0.0000000E+0	0.0000000E+0	1.0000000E+2	0.0000000E+0
9.5124000E+1	6.3308762E+1	5.9970528E+1	0.0000000E+0	0.0000000E+0	1.0000000E+2	0.0000000E+0
9.5174000E+1	6.3366807E+1	5.9982100E+1	0.0000000E+0	0.0000000E+0	1.0000000E+2	0.0000000E+0
9.5224000E+1	6.3429171E+1	5.9986787E+1	0.0000000E+0	0.0000000E+0	1.0000000E+2	0.0000000E+0
9.5274000E+1	6.3472417E+1	5.9982317E+1	0.0000000E+0	0.0000000E+0	1.0000000E+2	0.0000000E+0
9.5324000E+1	6.3533196E+1	5.9987635E+1	0.0000000E+0	0.0000000E+0	1.0000000E+2	0.0000000E+0
9.5375000E+1	6.3575086E+1	5.9998720E+1	0.0000000E+0	0.0000000E+0	1.0000000E+2	0.0000000E+0
9.5425000E+1	6.3616660E+1	5.9990516E+1	0.0000000E+0	0.0000000E+0	1.0000000E+2	0.0000000E+0
9.5476000E+1	6.3649144E+1	5.9991250E+1	0.0000000E+0	0.0000000E+0	1.0000000E+2	0.0000000E+0
9.5526000E+1	6.3714487E+1	5.9978348E+1	0.0000000E+0	0.0000000E+0	1.0000000E+2	0.0000000E+0
9.5576000E+1	6.3772925E+1	5.9998002E+1	0.0000000E+0	0.0000000E+0	1.0000000E+2	0.0000000E+0
9.5626000E+1	6.3813193E+1	5.9976387E+1	0.0000000E+0	0.0000000E+0	1.0000000E+2	0.0000000E+0
9.5676000E+1	6.3865270E+1	5.9976330E+1	0.0000000E+0	0.0000000E+0	1.0000000E+2	0.0000000E+0
9.5726000E+1	6.3920605E+1	5.9972149E+1	0.0000000E+0	0.0000000E+0	1.0000000E+2	0.0000000E+0
9.5777000E+1	6.3956407E+1	5.9973090E+1	0.0000000E+0	0.0000000E+0	1.0000000E+2	0.0000000E+0
9.5827000E+1	6.4019840E+1	5.9985968E+1	0.0000000E+0	0.0000000E+0	1.0000000E+2	0.0000000E+0
9.5878000E+1	6.4078531E+1	5.9978352E+1	0.0000000E+0	0.0000000E+0	1.0000000E+2	0.0000000E+0
9.5928000E+1	6.4136908E+1	5.9986961E+1	0.0000000E+0	0.0000000E+0	1.0000000E+2	0.0000000E+0
9.5978000E+1	6.4204060E+1	5.9981984E+1	0.0000000E+0	0.0000000E+0	1.0000000E+2	0.0000000E+0
9.6028000E+1	6.4259979E+1	5.9984385E+1	0.0000000E+0	0.0000000E+0	1.0000000E+2	0.0000000E+0
9.6078000E+1	6.4312287E+1	5.9987106E+1	0.0000000E+0	0.0000000E+0	1.0000000E+2	0.0000000E+0
9.6128000E+1	6.4358572E+1	5.9999360E+1	0.0000000E+0	0.0000000E+0	1.0000000E+2	0.0000000E+0
9.6178000E+1	6.4398502E+1	5.9989229E+1	0.0000000E+0	0.0000000E+0	1.0000000E+2	0.0000000E+0
9.6228000E+1	6.4440631E+1	5.9986768E+1	0.0000000E+0	0.0000000E+0	1.0000000E+2	0.0000000E+0
9.6278000E+1	6.4485872E+1	5.9965707E+1	0.0000000E+0	0.0000000E+0	1.0000000E+2	0.0000000E+0
9.6328000E+1	6.4539204E+1	5.9980298E+1	0.0000000E+0	0.0000000E+0	1.0000000E+2	0.0000000E+0
9.6378000E+1	6.4598638E+1	5.9977164E+1	0.0000000E+0	0.0000000E+0	1.0000000E+2	0.0000000E+0
9.6428000E+1	6.4660682E+1	5.9981336E+1	0.0000000E+0	0.0000000E+0	1.0000000E+2	0.0000000E+0
9.6478000E+1	6.4727582E+1	5.9986963E+1	0.0000000E+0	0.0000000E+0	1.0000000E+2	0.0000000E+0
9.6529000E+1	6.4292089E+1	6.0044044E+1	0.0000000E+0	0.0000000E+0	1.0000000E+2	0.0000000E+0
9.6579000E+1	6.3068033E+1	5.9971159E+1	0.0000000E+0	0.0000000E+0	1.0000000E+2	0.0000000E+0
9.6629000E+1	6.3102265E+1	5.9953293E+1	0.0000000E+0	0.0000000E+0	1.0000000E+2	0.0000000E+0
9.6679000E+1	6.3122896E+1	5.9954692E+1	0.0000000E+0	0.0000000E+0	1.0000000E+2	0.0000000E+0
9.6729000E+1	6.3141785E+1	5.9963261E+1	0.0000000E+0	0.0000000E+0	1.0000000E+2	0.0000000E+0
9.6779000E+1	6.3166322E+1	5.9964795E+1	0.0000000E+0	0.0000000E+0	1.0000000E+2	0.0000000E+0
9.6829000E+1	6.3199001E+1	5.9957289E+1	0.0000000E+0	0.0000000E+0	1.0000000E+2	0.0000000E+0
9.6879000E+1	6.3276597E+1	5.9967383E+1	0.0000000E+0	0.0000000E+0	1.0000000E+2	0.0000000E+0
9.6930000E+1	6.3328106E+1	5.9956173E+1	0.0000000E+0	0.0000000E+0	1.0000000E+2	0.0000000E+0
9.6980000E+1	6.3376715E+1	5.9954499E+1	0.0000000E+0	0.0000000E+0	1.0000000E+2	0.0000000E+0
9.7030000E+1	6.3421704E+1	5.9970603E+1	0.0000000E+0	0.0000000E+0	1.0000000E+2	0.0000000E+0
9.7080000E+1	6.3477951E+1	5.9966234E+1	0.0000000E+0	0.0000000E+0	1.0000000E+2	0.0000000E+0
9.7130000E+1	6.3497064E+1	5.9967979E+1	0.0000000E+0	0.0000000E+0	1.0000000E+2	0.0000000E+0
9.7180000E+1	6.3522595E+1	5.9945059E+1	0.0000000E+0	0.0000000E+0	1.0000000E+2	0.0000000E+0
9.7230000E+1	6.3577516E+1	5.9961536E+1	0.0000000E+0	0.0000000E+0	1.0000000E+2	0.0000000E+0
9.7280000E+1	6.3601145E+1	5.9958148E+1	0.0000000E+0	0.0000000E+0	1.0000000E+2	0.0000000E+0
9.7330000E+1	6.3632478E+1	5.9955920E+1	0.0000000E+0	0.0000000E+0	1.0000000E+2	0.0000000E+0
9.7380000E+1	6.3683093E+1	5.9959916E+1	0.0000000E+0	0.0000000E+0	1.0000000E+2	0.0000000E+0
9.7430000E+1	6.3672590E+1	5.9940499E+1	0.0000000E+0	0.0000000E+0	1.0000000E+2	0.0000000E+0
9.7480000E+1	6.3708599E+1	5.9931762E+1	0.0000000E+0	0.0000000E+0	1.0000000E+2	0.0000000E+0
9.7530000E+1	6.3758292E+1	5.9940183E+1	0.0000000E+0	0.0000000E+0	1.0000000E+2	0.0000000E+0
9.7581000E+1	6.3818203E+1	5.9947721E+1	0.0000000E+0	0.0000000E+0	1.0000000E+2	0.0000000E+0
9.7632000E+1	6.3861363E+1	5.9944174E+1	0.0000000E+0	0.0000000E+0	1.0000000E+2	0.0000000E+0
9.7682000E+1	6.3911581E+1	5.9957163E+1	0.0000000E+0	0.0000000E+0	1.0000000E+2	0.0000000E+0
9.7732000E+1	6.3933148E+1	5.9947795E+1	0.0000000E+0	0.0000000E+0	1.0000000E+2	0.0000000E+0
9.7782000E+1	6.3927355E+1	5.9945021E+1	0.0000000E+0	0.0000000E+0	1.0000000E+2	0.0000000E+0
9.7833000E+1	6.3971497E+1	5.9947632E+1	0.0000000E+0	0.0000000E+0	1.0000000E+2	0.0000000E+0
9.7883000E+1	6.3571949E+1	5.9980989E+1	0.0000000E+0	0.0000000E+0	1.0000000E+2	0.0000000E+0
9.7933000E+1	6.2804853E+1	5.9915053E+1	0.0000000E+0	0.0000000E+0	1.0000000E+2	0.0000000E+0
9.7983000E+1	6.2818376E+1	5.9910600E+1	0.0000000E+0	0.0000000E+0	1.0000000E+2	0.0000000E+0
9.8033000E+1	6.2858384E+1	5.9929403E+1	0.0000000E+0	0.0000000E+0	1.0000000E+2	0.0000000E+0
9.8084000E+1	6.2898838E+1	5.9937667E+1	0.0000000E+0	0.0000000E+0	1.0000000E+2	0.0000000E+0
9.8134000E+1	6.2921874E+1	5.9927429E+1	0.0000000E+0	0.0000000E+0	1.0000000E+2	0.0000000E+0
9.8184000E+1	6.2964707E+1	5.9929231E+1	0.0000000E+0	0.0000000E+0	1.0000000E+2	0.0000000E+0
9.8234000E+1	6.3012230E+1	5.9927425E+1	0.0000000E+0	0.0000000E+0	1.0000000E+2	0.0000000E+0
9.8284000E+1	6.3052325E+1	5.9924734E+1	0.0000000E+0	0.0000000E+0	1.0000000E+2	0.0000000E+0
9.8334000E+1	6.3094158E+1	5.9920709E+1	0.0000000E+0	0.0000000E+0	1.0000000E+2	0.0000000E+0
9.8384000E+1	6.3137481E+1	5.9909710E+1	0.0000000E+0	0.0000000E+0	1.0000000E+2	0.0000000E+0
9.8434000E+1	6.3167213E+1	5.9904008E+1	0.0000000E+0	0.0000000E+0	1.0000000E+2	0.0000000E+0
9.8484000E+1	6.3208570E+1	5.9910936E+1	0.0000000E+0	0.0000000E+0	1.0000000E+2	0.0000000E+0
9.8534000E+1	6.3245285E+1	5.9903633E+1	0.0000000E+0	0.0000000E+0	1.0000000E+2	0.0000000E+0
9.8584000E+1	6.3277896E+1	5.9906193E+1	0.0000000E+0	0.0000000E+0	1.0000000E+2	0.0000000E+0
9.8634000E+1	6.3315347E+1	5.9905886E+1	0.0000000E+0	0.0000000E+0	1.0000000E+2	0.0000000E+0
9.8684000E+1	6.3347320E+1	5.9916975E+1	0.0000000E+0	0.0000000E+0	1.0000000E+2	0.0000000E+0
9.8734000E+1	6.3358982E+1	5.9909272E+1	0.0000000E+0	0.0000000E+0	1.0000000E+2	0.0000000E+0
9.8784000E+1	6.3408589E+1	5.9905575E+1	0.0000000E+0	0.0000000E+0	1.0000000E+2	0.0000000E+0
9.8834000E+1	6.3462156E+1	5.9909913E+1	0.0000000E+0	0.0000000E+0	1.0000000E+2	0.0000000E+0
9.8884000E+1	6.3527001E+1	5.9930463E+1	0.0000000E+0	0.0000000E+0	1.0000000E+2	0.0000000E+0
9.8934000E+1	6.3583111E+1	5.9925364E+1	0.0000000E+0	0.0000000E+0	1.0000000E+2	0.0000000E+0
9.8984000E+1	6.3641718E+1	5.9928491E+1	0.0000000E+0	0.0000000E+0	1.0000000E+2	0.0000000E+0
9.9035000E+1	6.3682892E+1	5.9935167E+1	0.0000000E+0	0.0000000E+0	1.0000000E+2	0.0000000E+0
9.9085000E+1	6.3722070E+1	5.9926178E+1	0.0000000E+0	0.0000000E+0	1.0000000E+2	0.0000000E+0
9.9135000E+1	6.3775462E+1	5.9943790E+1	0.0000000E+0	0.0000000E+0	1.0000000E+2	0.0000000E+0
9.9186000E+1	6.3810410E+1	5.9931547E+1	0.0000000E+0	0.0000000E+0	1.0000000E+2	0.0000000E+0
9.9236000E+1	6.3864101E+1	5.9922710E+1	0.0000000E+0	0.0000000E+0	1.0000000E+2	0.0000000E+0
9.9286000E+1	6.3888867E+1	5.9913285E+1	0.0000000E+0	0.0000000E+0	1.0000000E+2	0.0000000E+0
9.9336000E+1	6.3956060E+1	5.9922589E+1	0.0000000E+0	0.0000000E+0	1.0000000E+2	0.0000000E+0
9.9386000E+1	6.4022595E+1	5.9915870E+1	0.0000000E+0	0.0000000E+0	1.0000000E+2	0.0000000E+0
9.9436000E+1	6.4077253E+1	5.9922974E+1	0.0000000E+0	0.0000000E+0	1.0000000E+2	0.0000000E+0
9.9486000E+1	6.4096114E+1	5.9929889E+1	0.0000000E+0	0.0000000E+0	1.0000000E+2	0.0000000E+0
9.9536000E+1	6.4131750E+1	5.9927839E+1	0.0000000E+0	0.0000000E+0	1.0000000E+2	0.0000000E+0
9.9587000E+1	6.4192175E+1	5.9942582E+1	0.0000000E+0	0.0000000E+0	1.0000000E+2	0.0000000E+0
9.9638000E+1	6.4235765E+1	5.9929399E+1	0.0000000E+0	0.0000000E+0	1.0000000E+2	0.0000000E+0
9.9688000E+1	6.4287663E+1	5.9939158E+1	0.0000000E+0	0.0000000E+0	1.0000000E+2	0.0000000E+0
9.9738000E+1	6.4331866E+1	5.9929449E+1	0.0000000E+0	0.0000000E+0	1.0000000E+2	0.0000000E+0
9.9788000E+1	6.4394502E+1	5.9941449E+1	0.0000000E+0	0.0000000E+0	1.0000000E+2	0.0000000E+0
9.9838000E+1	6.4446356E+1	5.9943014E+1	0.0000000E+0	0.0000000E+0	1.0000000E+2	0.0000000E+0
9.9889000E+1	6.4502113E+1	5.9927791E+1	0.0000000E+0	0.0000000E+0	1.0000000E+2	0.0000000E+0
9.9939000E+1	6.3464946E+1	6.0020674E+1	0.0000000E+0	0.0000000E+0	1.0000000E+2	0.0000000E+0
9.9990000E+1	6.2954173E+1	5.9914727E+1	0.0000000E+0	0.0000000E+0	1.0000000E+2	0.0000000E+0
1.0004100E+2	6.3039141E+1	5.9946930E+1	0.0000000E+0	0.0000000E+0	1.0000000E+2	0.0000000E+0
1.0009100E+2	6.3112876E+1	5.9948720E+1	0.0000000E+0	0.0000000E+0	1.0000000E+2	0.0000000E+0
1.0014100E+2	6.3167878E+1	5.9966762E+1	0.0000000E+0	0.0000000E+0	1.0000000E+2	0.0000000E+0
1.0019100E+2	6.3218337E+1	5.9955176E+1	0.0000000E+0	0.0000000E+0	1.0000000E+2	0.0000000E+0
1.0024200E+2	6.3263051E+1	5.9949885E+1	0.0000000E+0	0.0000000E+0	1.0000000E+2	0.0000000E+0
1.0029200E+2	6.3315063E+1	5.9946757E+1	0.0000000E+0	0.0000000E+0	1.0000000E+2	0.0000000E+0
1.0034300E+2	6.3359657E+1	5.9956073E+1	0.0000000E+0	0.0000000E+0	1.0000000E+2	0.0000000E+0
1.0039300E+2	6.3387634E+1	5.9954707E+1	0.0000000E+0	0.0000000E+0	1.0000000E+2	0.0000000E+0
1.0044400E+2	6.3426102E+1	5.9957563E+1	0.0000000E+0	0.0000000E+0	1.0000000E+2	0.0000000E+0
1.0049400E+2	6.3498295E+1	5.9957551E+1	0.0000000E+0	0.0000000E+0	1.0000000E+2	0.0000000E+0
1.0054400E+2	6.3554861E+1	5.9958317E+1	0.0000000E+0	0.0000000E+0	1.0000000E+2	0.0000000E+0
1.0059400E+2	6.3607314E+1	5.9951421E+1	0.0000000E+0	0.0000000E+0	1.0000000E+2	0.0000000E+0
1.0064400E+2	6.3652426E+1	5.9952801E+1	0.0000000E+0	0.0000000E+0	1.0000000E+2	0.0000000E+0
1.0069400E+2	6.3715591E+1	5.9937367E+1	0.0000000E+0	0.0000000E+0	1.0000000E+2	0.0000000E+0
1.0074400E+2	6.3767826E+1	5.9948228E+1	0.0000000E+0	0.0000000E+0	1.0000000E+2	0.0000000E+0
1.0079400E+2	6.3813798E+1	5.9948472E+1	0.0000000E+0	0.0000000E+0	1.0000000E+2	0.0000000E+0
1.0084400E+2	6.3872857E+1	5.9961479E+1	0.0000000E+0	0.0000000E+0	1.0000000E+2	0.0000000E+0
1.0089400E+2	6.3907346E+1	5.9957223E+1	0.0000000E+0	0.0000000E+0	1.0000000E+2	0.0000000E+0
1.0094400E+2	6.3955468E+1	5.9967890E+1	0.0000000E+0	0.0000000E+0	1.0000000E+2	0.0000000E+0
1.0099400E+2	6.4004294E+1	5.9948324E+1	0.0000000E+0	0.0000000E+0	1.0000000E+2	0.0000000E+0
1.0104400E+2	6.4058458E+1	5.9965574E+1	0.0000000E+0	0.0000000E+0	1.0000000E+2	0.0000000E+0
1.0109400E+2	6.4143651E+1	5.9963105E+1	0.0000000E+0	0.0000000E+0	1.0000000E+2	0.0000000E+0
1.0114400E+2	6.4199238E+1	5.9964871E+1	0.0000000E+0	0.0000000E+0	1.0000000E+2	0.0000000E+0
1.0119400E+2	6.4267187E+1	5.9976408E+1	0.0000000E+0	0.0000000E+0	1.0000000E+2	0.0000000E+0
1.0124400E+2	6.4320426E+1	5.9977162E+1	0.0000000E+0	0.0000000E+0	1.0000000E+2	0.0000000E+0
1.0129400E+2	6.4354729E+1	5.9965533E+1	0.0000000E+0	0.0000000E+0	1.0000000E+2	0.0000000E+0
1.0134400E+2	6.4374661E+1	5.9972239E+1	0.0000000E+0	0.0000000E+0	1.0000000E+2	0.0000000E+0
1.0139400E+2	6.4422410E+1	5.9960723E+1	0.0000000E+0	0.0000000E+0	1.0000000E+2	0.0000000E+0
1.0144400E+2	6.4461685E+1	5.9972071E+1	0.0000000E+0	0.0000000E+0	1.0000000E+2	0.0000000E+0
1.0149400E+2	6.4507802E+1	5.9976212E+1	0.0000000E+0	0.0000000E+0	1.0000000E+2	0.0000000E+0
1.0154400E+2	6.4564414E+1	5.9973611E+1	0.0000000E+0	0.0000000E+0	1.0000000E+2	0.0000000E+0
1.0159400E+2	6.4607468E+1	5.9969924E+1	0.0000000E+0	0.0000000E+0	1.0000000E+2	0.0000000E+0
1.0164400E+2	6.4664919E+1	5.9961578E+1	0.0000000E+0	0.0000000E+0	1.0000000E+2	0.0000000E+0
1.0169400E+2	6.4730098E+1	5.9955796E+1	0.0000000E+0	0.0000000E+0	1.0000000E+2	0.0000000E+0
1.0174400E+2	6.4766662E+1	5.9965285E+1	0.0000000E+0	0.0000000E+0	1.0000000E+2	0.0000000E+0
1.0179400E+2	6.4822600E+1	5.9961757E+1	0.0000000E+0	0.0000000E+0	1.0000000E+2	0.0000000E+0
1.0184400E+2	6.4872260E+1	5.9968390E+1	0.0000000E+0	0.0000000E+0	1.0000000E+2	0.0000000E+0
1.0189400E+2	6.4906674E+1	5.9982913E+1	0.0000000E+0	0.0000000E+0	1.0000000E+2	0.0000000E+0
1.0194400E+2	6.3920167E+1	6.0057361E+1	0.0000000E+0	0.0000000E+0	1.0000000E+2	0.0000000E+0
1.0199400E+2	6.3162263E+1	5.9942311E+1	0.0000000E+0	0.0000000E+0	1.0000000E+2	0.0000000E+0
1.0204400E+2	6.3211037E+1	5.9966051E+1	0.0000000E+0	0.0000000E+0	1.0000000E+2	0.0000000E+0
1.0209500E+2	6.3259893E+1	5.9949989E+1	0.0000000E+0	0.0000000E+0	1.0000000E+2	0.0000000E+0
1.0214500E+2	6.3312259E+1	5.9948859E+1	0.0000000E+0	0.0000000E+0	1.0000000E+2	0.0000000E+0
1.0219500E+2	6.3331725E+1	5.9963128E+1	0.0000000E+0	0.0000000E+0	1.0000000E+2	0.0000000E+0
1.0224600E+2	6.3355325E+1	5.9964203E+1	0.0000000E+0	0.0000000E+0	1.0000000E+2	0.0000000E+0
1.0229600E+2	6.3409043E+1	5.9964207E+1	0.0000000E+0	0.0000000E+0	1.0000000E+2	0.0000000E+0
1.0234600E+2	6.3455454E+1	5.9962865E+1	0.0000000E+0	0.0000000E+0	1.0000000E+2	0.0000000E+0
1.0239600E+2	6.3485092E+1	5.9976638E+1	0.0000000E+0	0.0000000E+0	1.0000000E+2	0.0000000E+0
1.0244600E+2	6.3523764E+1	5.9960523E+1	0.0000000E+0	0.0000000E+0	1.0000000E+2	0.0000000E+0
1.0249600E+2	6.3549840E+1	5.9968856E+1	0.0000000E+0	0.0000000E+0	1.0000000E+2	0.0000000E+0
1.0254600E+2	6.3574034E+1	5.9962706E+1	0.0000000E+0	0.0000000E+0	1.0000000E+2	0.0000000E+0
1.0259600E+2	6.3623959E+1	5.9983309E+1	0.0000000E+0	0.0000000E+0	1.0000000E+2	0.0000000E+0
1.0264600E+2	6.3667484E+1	5.9973085E+1	0.0000000E+0	0.0000000E+0	1.0000000E+2	0.0000000E+0
1.0269600E+2	6.3687127E+1	5.9972464E+1	0.0000000E+0	0.0000000E+0	1.0000000E+2	0.0000000E+0
1.0274600E+2	6.3733237E+1	5.9971661E+1	0.0000000E+0	0.0000000E+0	1.0000000E+2	0.0000000E+0
1.0279600E+2	6.3784511E+1	5.9976466E+1	0.0000000E+0	0.0000000E+0	1.0000000E+2	0.0000000E+0
1.0284600E+2	6.3814937E+1	5.9981665E+1	0.0000000E+0	0.0000000E+0	1.0000000E+2	0.0000000E+0
1.0289600E+2	6.3828224E+1	5.9974262E+1	0.0000000E+0	0.0000000E+0	1.0000000E+2	0.0000000E+0
1.0294600E+2	6.3753676E+1	6.0015627E+1	0.0000000E+0	0.0000000E+0	1.0000000E+2	0.0000000E+0
1.0299600E+2	6.3334653E+1	5.9994365E+1	0.0000000E+0	0.0000000E+0	1.0000000E+2	0.0000000E+0
1.0304600E+2	6.3336078E+1	5.9967309E+1	0.0000000E+0	0.0000000E+0	1.0000000E+2	0.0000000E+0
1.0309600E+2	6.3394295E+1	5.9979202E+1	0.0000000E+0	0.0000000E+0	1.0000000E+2	0.0000000E+0
1.0314600E+2	6.3449129E+1	5.9983602E+1	0.0000000E+0	0.0000000E+0	1.0000000E+2	0.0000000E+0
1.0319600E+2	6.3499889E+1	5.9981414E+1	0.0000000E+0	0.0000000E+0	1.0000000E+2	0.0000000E+0
1.0324600E+2	6.3553573E+1	5.9992841E+1	0.0000000E+0	0.0000000E+0	1.0000000E+2	0.0000000E+0
1.0329700E+2	6.3576465E+1	5.9980118E+1	0.0000000E+0	0.0000000E+0	1.0000000E+2	0.0000000E+0
1.0334700E+2	6.3615241E+1	5.9972456E+1	0.0000000E+0	0.0000000E+0	1.0000000E+2	0.0000000E+0
1.0339700E+2	6.3661152E+1	5.9973571E+1	0.0000000E+0	0.0000000E+0	1.0000000E+2	0.0000000E+0
1.0344800E+2	6.3725838E+1	5.9985105E+1	0.0000000E+0	0.0000000E+0	1.0000000E+2	0.0000000E+0
1.0349800E+2	6.3776428E+1	5.9965790E+1	0.0000000E+0	0.0000000E+0	1.0000000E+2	0.0000000E+0
1.0354800E+2	6.3828601E+1	5.9957920E+1	0.0000000E+0	0.0000000E+0	1.0000000E+2	0.0000000E+0
1.0359800E+2	6.3876620E+1	5.9975892E+1	0.0000000E+0	0.0000000E+0	1.0000000E+2	0.0000000E+0
1.0364800E+2	6.3924658E+1	5.9975228E+1	0.0000000E+0	0.0000000E+0	1.0000000E+2	0.0000000E+0
1.0369800E+2	6.3976814E+1	5.9972438E+1	0.0000000E+0	0.0000000E+0	1.0000000E+2	0.0000000E+0
1.0374900E+2	6.4017624E+1	5.9969352E+1	0.0000000E+0	0.0000000E+0	1.0000000E+2	0.0000000E+0
1.0379900E+2	6.4086551E+1	5.9977624E+1	0.0000000E+0	0.0000000E+0	1.0000000E+2	0.0000000E+0
1.0384900E+2	6.4152944E+1	5.9972678E+1	0.0000000E+0	0.0000000E+0	1.0000000E+2	0.0000000E+0
1.0390000E+2	6.4207877E+1	5.9967646E+1	0.0000000E+0	0.0000000E+0	1.0000000E+2	0.0000000E+0
1.0395000E+2	6.4270073E+1	5.9956434E+1	0.0000000E+0	0.0000000E+0	1.0000000E+2	0.0000000E+0
1.0400000E+2	6.4309287E+1	5.9942387E+1	0.0000000E+0	0.0000000E+0	1.0000000E+2	0.0000000E+0
1.0405100E+2	6.4389978E+1	5.9946784E+1	0.0000000E+0	0.0000000E+0	1.0000000E+2	0.0000000E+0
1.0410100E+2	6.4460799E+1	5.9972911E+1	0.0000000E+0	0.0000000E+0	1.0000000E+2	0.0000000E+0
1.0415100E+2	6.3639722E+1	6.0055879E+1	0.0000000E+0	0.0000000E+0	1.0000000E+2	0.0000000E+0
1.0420200E+2	6.3087070E+1	5.9943783E+1	0.0000000E+0	0.0000000E+0	1.0000000E+2	0.0000000E+0
1.0425200E+2	6.3134640E+1	5.9946432E+1	0.0000000E+0	0.0000000E+0	1.0000000E+2	0.0000000E+0
1.0430200E+2	6.3182146E+1	5.9944912E+1	0.0000000E+0	0.0000000E+0	1.0000000E+2	0.0000000E+0
1.0435200E+2	6.3258962E+1	5.9938304E+1	0.0000000E+0	0.0000000E+0	1.0000000E+2	0.0000000E+0
1.0440200E+2	6.3334002E+1	5.9955932E+1	0.0000000E+0	0.0000000E+0	1.0000000E+2	0.0000000E+0
1.0445200E+2	6.3394469E+1	5.9965383E+1	0.0000000E+0	0.0000000E+0	1.0000000E+2	0.0000000E+0
1.0450200E+2	6.3440096E+1	5.9965368E+1	0.0000000E+0	0.0000000E+0	1.0000000E+2	0.0000000E+0
1.0455200E+2	6.3502159E+1	5.9970212E+1	0.0000000E+0	0.0000000E+0	1.0000000E+2	0.0000000E+0
1.0460200E+2	6.3539998E+1	5.9968611E+1	0.0000000E+0	0.0000000E+0	1.0000000E+2	0.0000000E+0
1.0465200E+2	6.3591267E+1	5.9970314E+1	0.0000000E+0	0.0000000E+0	1.0000000E+2	0.0000000E+0
1.0470200E+2	6.3613009E+1	5.9957126E+1	0.0000000E+0	0.0000000E+0	1.0000000E+2	0.0000000E+0
1.0475200E+2	6.3680550E+1	5.9981999E+1	0.0000000E+0	0.0000000E+0	1.0000000E+2	0.0000000E+0
1.0480200E+2	6.3718544E+1	5.9986440E+1	0.0000000E+0	0.0000000E+0	1.0000000E+2	0.0000000E+0
1.0485200E+2	6.3760107E+1	5.9972824E+1	0.0000000E+0	0.0000000E+0	1.0000000E+2	0.0000000E+0
1.0490400E+2	6.3806243E+1	5.9970310E+1	0.0000000E+0	0.0000000E+0	1.0000000E+2	0.0000000E+0
1.0495400E+2	6.3848666E+1	5.9974372E+1	0.0000000E+0	0.0000000E+0	1.0000000E+2	0.0000000E+0
1.0500400E+2	6.3856422E+1	5.9958359E+1	0.0000000E+0	0.0000000E+0	1.0000000E+2	0.0000000E+0
1.0505400E+2	6.3912780E+1	5.9967631E+1	0.0000000E+0	0.0000000E+0	1.0000000E+2	0.0000000E+0
1.0510400E+2	6.3979384E+1	5.9963487E+1	0.0000000E+0	0.0000000E+0	1.0000000E+2	0.0000000E+0
1.0515400E+2	6.4051192E+1	5.9977751E+1	0.0000000E+0	0.0000000E+0	1.0000000E+2	0.0000000E+0
1.0520400E+2	6.4097421E+1	5.9963015E+1	0.0000000E+0	0.0000000E+0	1.0000000E+2	0.0000000E+0
1.0525400E+2	6.4157835E+1	5.9960072E+1	0.0000000E+0	0.0000000E+0	1.0000000E+2	0.0000000E+0
1.0530400E+2	6.4222317E+1	5.9975424E+1	0.0000000E+0	0.0000000E+0	1.0000000E+2	0.0000000E+0
1.0535400E+2	6.4261952E+1	5.9971923E+1	0.0000000E+0	0.0000000E+0	1.0000000E+2	0.0000000E+0
1.0540400E+2	6.4307075E+1	5.9942957E+1	0.0000000E+0	0.0000000E+0	1.0000000E+2	0.0000000E+0
1.0545400E+2	6.4356258E+1	5.9948412E+1	0.0000000E+0	0.0000000E+0	1.0000000E+2	0.0000000E+0
1.0550400E+2	6.4410901E+1	5.9952390E+1	0.0000000E+0	0.0000000E+0	1.0000000E+2	0.0000000E+0
1.0555400E+2	6.4456379E+1	5.9956486E+1	0.0000000E+0	0.0000000E+0	1.0000000E+2	0.0000000E+0
1.0560400E+2	6.4490598E+1	5.9950355E+1	0.0000000E+0	0.0000000E+0	1.0000000E+2	0.0000000E+0
1.0565400E+2	6.4509373E+1	5.9942455E+1	0.0000000E+0	0.0000000E+0	1.0000000E+2	0.0000000E+0
1.0570400E+2	6.4488674E+1	5.9935806E+1	0.0000000E+0	0.0000000E+0	1.0000000E+2	0.0000000E+0
1.0575400E+2	6.4445351E+1	5.9967848E+1	0.0000000E+0	0.0000000E+0	1.0000000E+2	0.0000000E+0
1.0580400E+2	6.3098381E+1	6.0001288E+1	0.0000000E+0	0.0000000E+0	1.0000000E+2	0.0000000E+0
1.0585400E+2	6.3061971E+1	5.9932997E+1	0.0000000E+0	0.0000000E+0	1.0000000E+2	0.0000000E+0
1.0590400E+2	6.3083041E+1	5.9938788E+1	0.0000000E+0	0.0000000E+0	1.0000000E+2	0.0000000E+0
1.0595400E+2	6.3102141E+1	5.9929646E+1	0.0000000E+0	0.0000000E+0	1.0000000E+2	0.0000000E+0
1.0600400E+2	6.3144799E+1	5.9930041E+1	0.0000000E+0	0.0000000E+0	1.0000000E+2	0.0000000E+0
1.0605400E+2	6.3178923E+1	5.9930137E+1	0.0000000E+0	0.0000000E+0	1.0000000E+2	0.0000000E+0
1.0610400E+2	6.3207971E+1	5.9916435E+1	0.0000000E+0	0.0000000E+0	1.0000000E+2	0.0000000E+0
1.0615400E+2	6.3220990E+1	5.9910603E+1	0.0000000E+0	0.0000000E+0	1.0000000E+2	0.0000000E+0
1.0620400E+2	6.3264729E+1	5.9931743E+1	0.0000000E+0	0.0000000E+0	1.0000000E+2	0.0000000E+0
1.0625400E+2	6.3277833E+1	5.9938074E+1	0.0000000E+0	0.0000000E+0	1.0000000E+2	0.0000000E+0
1.0630500E+2	6.3307817E+1	5.9928202E+1	0.0000000E+0	0.0000000E+0	1.0000000E+2	0.0000000E+0
1.0635500E+2	6.3329698E+1	5.9927437E+1	0.0000000E+0	0.0000000E+0	1.0000000E+2	0.0000000E+0
1.0640500E+2	6.3358779E+1	5.9905054E+1	0.0000000E+0	0.0000000E+0	1.0000000E+2	0.0000000E+0
1.0645500E+2	6.3390707E+1	5.9895228E+1	0.0000000E+0	0.0000000E+0	1.0000000E+2	0.0000000E+0
1.0650500E+2	6.3386776E+1	5.9882808E+1	0.0000000E+0	0.0000000E+0	1.0000000E+2	0.0000000E+0
1.0655500E+2	6.3408247E+1	5.9879770E+1	0.0000000E+0	0.0000000E+0	1.0000000E+2	0.0000000E+0
1.0660600E+2	6.3449218E+1	5.9877824E+1	0.0000000E+0	0.0000000E+0	1.0000000E+2	0.0000000E+0
1.0665700E+2	6.3507825E+1	5.9887340E+1	0.0000000E+0	0.0000000E+0	1.0000000E+2	0.0000000E+0
1.0670700E+2	6.3545407E+1	5.9871530E+1	0.0000000E+0	0.0000000E+0	1.0000000E+2	0.0000000E+0
1.0675800E+2	6.3583855E+1	5.9868897E+1	0.0000000E+0	0.0000000E+0	1.0000000E+2	0.0000000E+0
1.0680800E+2	6.3567261E+1	5.9879037E+1	0.0000000E+0	0.0000000E+0	1.0000000E+2	0.0000000E+0
1.0685800E+2	6.2849237E+1	5.9897852E+1	0.0000000E+0	0.0000000E+0	1.0000000E+2	0.0000000E+0
1.0690800E+2	6.2869350E+1	5.9871074E+1	0.0000000E+0	0.0000000E+0	1.0000000E+2	0.0000000E+0
1.0695800E+2	6.2904088E+1	5.9890604E+1	0.0000000E+0	0.0000000E+0	1.0000000E+2	0.0000000E+0
1.0700800E+2	6.2926154E+1	5.9879518E+1	0.0000000E+0	0.0000000E+0	1.0000000E+2	0.0000000E+0
1.0705800E+2	6.2801500E+1	5.9918670E+1	0.0000000E+0	0.0000000E+0	1.0000000E+2	0.0000000E+0
1.0710800E+2	6.2678188E+1	5.9891455E+1	0.0000000E+0	0.0000000E+0	1.0000000E+2	0.0000000E+0
1.0715800E+2	6.2688624E+1	5.9875097E+1	0.0000000E+0	0.0000000E+0	1.0000000E+2	0.0000000E+0
1.0720800E+2	6.2727100E+1	5.9889712E+1	0.0000000E+0	0.0000000E+0	1.0000000E+2	0.0000000E+0
1.0725800E+2	6.2773880E+1	5.9901053E+1	0.0000000E+0	0.0000000E+0	1.0000000E+2	0.0000000E+0
1.0730800E+2	6.2813352E+1	5.9910400E+1	0.0000000E+0	0.0000000E+0	1.0000000E+2	0.0000000E+0
1.0735800E+2	6.2860380E+1	5.9924172E+1	0.0000000E+0	0.0000000E+0	1.0000000E+2	0.0000000E+0
1.0740800E+2	6.2906186E+1	5.9920147E+1	0.0000000E+0	0.0000000E+0	1.0000000E+2	0.0000000E+0
1.0745900E+2	6.2914084E+1	5.9908400E+1	0.0000000E+0	0.0000000E+0	1.0000000E+2	0.0000000E+0
1.0750900E+2	6.2933972E+1	5.9918489E+1	0.0000000E+0	0.0000000E+0	1.0000000E+2	0.0000000E+0
1.0755900E+2	6.2973227E+1	5.9922970E+1	0.0000000E+0	0.0000000E+0	1.0000000E+2	0.0000000E+0
1.0761000E+2	6.3034111E+1	5.9916840E+1	0.0000000E+0	0.0000000E+0	1.0000000E+2	0.0000000E+0
1.0766100E+2	6.3079953E+1	5.9933441E+1	0.0000000E+0	0.0000000E+0	1.0000000E+2	0.0000000E+0
1.0771100E+2	6.3120800E+1	5.9927134E+1	0.0000000E+0	0.0000000E+0	1.0000000E+2	0.0000000E+0
1.0776100E+2	6.3181168E+1	5.9927963E+1	0.0000000E+0	0.0000000E+0	1.0000000E+2	0.0000000E+0
1.0781100E+2	6.3239234E+1	5.9930841E+1	0.0000000E+0	0.0000000E+0	1.0000000E+2	0.0000000E+0
1.0786100E+2	6.3308766E+1	5.9930759E+1	0.0000000E+0	0.0000000E+0	1.0000000E+2	0.0000000E+0
1.0791100E+2	6.3362433E+1	5.9937352E+1	0.0000000E+0	0.0000000E+0	1.0000000E+2	0.0000000E+0
1.0796100E+2	6.3418281E+1	5.9936772E+1	0.0000000E+0	0.0000000E+0	1.0000000E+2	0.0000000E+0
1.0801100E+2	6.3490863E+1	5.9949467E+1	0.0000000E+0	0.0000000E+0	1.0000000E+2	0.0000000E+0
1.0806100E+2	6.3557825E+1	5.9945613E+1	0.0000000E+0	0.0000000E+0	1.0000000E+2	0.0000000E+0
1.0811100E+2	6.3635973E+1	5.9953263E+1	0.0000000E+0	0.0000000E+0	1.0000000E+2	0.0000000E+0
1.0816100E+2	6.3704949E+1	5.9955504E+1	0.0000000E+0	0.0000000E+0	1.0000000E+2	0.0000000E+0
1.0821100E+2	6.3751282E+1	5.9955095E+1	0.0000000E+0	0.0000000E+0	1.0000000E+2	0.0000000E+0
1.0826100E+2	6.3451089E+1	6.0002816E+1	0.0000000E+0	0.0000000E+0	1.0000000E+2	0.0000000E+0
1.0831200E+2	6.2727501E+1	5.9951987E+1	0.0000000E+0	0.0000000E+0	1.0000000E+2	0.0000000E+0
1.0836200E+2	6.2775336E+1	5.9953574E+1	0.0000000E+0	0.0000000E+0	1.0000000E+2	0.0000000E+0
1.0841300E+2	6.2849008E+1	5.9957800E+1	0.0000000E+0	0.0000000E+0	1.0000000E+2	0.0000000E+0
1.0846300E+2	6.2910917E+1	5.9960702E+1	0.0000000E+0	0.0000000E+0	1.0000000E+2	0.0000000E+0
1.0851300E+2	6.2925589E+1	5.9955878E+1	0.0000000E+0	0.0000000E+0	1.0000000E+2	0.0000000E+0
1.0856400E+2	6.2981248E+1	5.9968628E+1	0.0000000E+0	0.0000000E+0	1.0000000E+2	0.0000000E+0
1.0861400E+2	6.3048235E+1	5.9964810E+1	0.0000000E+0	0.0000000E+0	1.0000000E+2	0.0000000E+0
1.0866400E+2	6.3117702E+1	5.9974891E+1	0.0000000E+0	0.0000000E+0	1.0000000E+2	0.0000000E+0
1.0871500E+2	6.3170077E+1	5.9976763E+1	0.0000000E+0	0.0000000E+0	1.0000000E+2	0.0000000E+0
1.0876500E+2	6.3228189E+1	5.9984256E+1	0.0000000E+0	0.0000000E+0	1.0000000E+2	0.0000000E+0
1.0881600E+2	6.3305214E+1	6.0002812E+1	0.0000000E+0	0.0000000E+0	1.0000000E+2	0.0000000E+0
1.0886600E+2	6.3372169E+1	6.0010962E+1	0.0000000E+0	0.0000000E+0	1.0000000E+2	0.0000000E+0
1.0891600E+2	6.3407759E+1	6.0003475E+1	0.0000000E+0	0.0000000E+0	1.0000000E+2	0.0000000E+0
1.0896600E+2	6.3461033E+1	6.0022457E+1	0.0000000E+0	0.0000000E+0	1.0000000E+2	0.0000000E+0
1.0901700E+2	6.3517655E+1	6.0021717E+1	0.0000000E+0	0.0000000E+0	1.0000000E+2	0.0000000E+0
1.0906700E+2	6.3547992E+1	6.0024300E+1	0.0000000E+0	0.0000000E+0	1.0000000E+2	0.0000000E+0
1.0911800E+2	6.3597726E+1	6.0028818E+1	0.0000000E+0	0.0000000E+0	1.0000000E+2	0.0000000E+0
1.0916800E+2	6.3653114E+1	6.0029131E+1	0.0000000E+0	0.0000000E+0	1.0000000E+2	0.0000000E+0
1.0921800E+2	6.3159013E+1	6.0077788E+1	0.0000000E+0	0.0000000E+0	1.0000000E+2	0.0000000E+0
1.0926900E+2	6.2882344E+1	6.0019097E+1	0.0000000E+0	0.0000000E+0	1.0000000E+2	0.0000000E+0
1.0931900E+2	6.2935814E+1	6.0037761E+1	0.0000000E+0	0.0000000E+0	1.0000000E+2	0.0000000E+0
1.0936900E+2	6.2986846E+1	6.0027286E+1	0.0000000E+0	0.0000000E+0	1.0000000E+2	0.0000000E+0
1.0941900E+2	6.3039743E+1	6.0034153E+1	0.0000000E+0	0.0000000E+0	1.0000000E+2	0.0000000E+0
1.0947000E+2	6.3038572E+1	6.0062512E+1	0.0000000E+0	0.0000000E+0	1.0000000E+2	0.0000000E+0
1.0952000E+2	6.3067787E+1	6.0057755E+1	0.0000000E+0	0.0000000E+0	1.0000000E+2	0.0000000E+0
1.0957000E+2	6.3080706E+1	6.0046040E+1	0.0000000E+0	0.0000000E+0	1.0000000E+2	0.0000000E+0
1.0962100E+2	6.3123181E+1	6.0042927E+1	0.0000000E+0	0.0000000E+0	1.0000000E+2	0.0000000E+0
1.0967100E+2	6.3149995E+1	6.0053237E+1	0.0000000E+0	0.0000000E+0	1.0000000E+2	0.0000000E+0
1.0972100E+2	6.3173571E+1	6.0041946E+1	0.0000000E+0	0.0000000E+0	1.0000000E+2	0.0000000E+0
1.0977100E+2	6.3220273E+1	6.0040891E+1	0.0000000E+0	0.0000000E+0	1.0000000E+2	0.0000000E+0
1.0982100E+2	6.3262100E+1	6.0032436E+1	0.0000000E+0	0.0000000E+0	1.0000000E+2	0.0000000E+0
1.0987100E+2	6.3315291E+1	6.0044410E+1	0.0000000E+0	0.0000000E+0	1.0000000E+2	0.0000000E+0
1.0992100E+2	6.3344467E+1	6.0023044E+1	0.0000000E+0	0.0000000E+0	1.0000000E+2	0.0000000E+0
1.0997100E+2	6.3400670E+1	6.0039578E+1	0.0000000E+0	0.0000000E+0	1.0000000E+2	0.0000000E+0
1.1002100E+2	6.3417037E+1	6.0062750E+1	0.0000000E+0	0.0000000E+0	1.0000000E+2	0.0000000E+0
1.1007100E+2	6.3012017E+1	6.0049585E+1	0.0000000E+0	0.0000000E+0	1.0000000E+2	0.0000000E+0
1.1012100E+2	6.3028028E+1	6.0037787E+1	0.0000000E+0	0.0000000E+0	1.0000000E+2	0.0000000E+0
1.1017100E+2	6.3076481E+1	6.0040410E+1	0.0000000E+0	0.0000000E+0	1.0000000E+2	0.0000000E+0
1.1022100E+2	6.3083498E+1	6.0044259E+1	0.0000000E+0	0.0000000E+0	1.0000000E+2	0.0000000E+0
1.1027100E+2	6.3125616E+1	6.0036858E+1	0.0000000E+0	0.0000000E+0	1.0000000E+2	0.0000000E+0
1.1032100E+2	6.3167075E+1	6.0035011E+1	0.0000000E+0	0.0000000E+0	1.0000000E+2	0.0000000E+0
1.1037200E+2	6.3205311E+1	6.0028437E+1	0.0000000E+0	0.0000000E+0	1.0000000E+2	0.0000000E+0
1.1042200E+2	6.3269149E+1	6.0013887E+1	0.0000000E+0	0.0000000E+0	1.0000000E+2	0.0000000E+0
1.1047300E+2	6.3327122E+1	6.0020316E+1	0.0000000E+0	0.0000000E+0	1.0000000E+2	0.0000000E+0
1.1052300E+2	6.3395340E+1	6.0028422E+1	0.0000000E+0	0.0000000E+0	1.0000000E+2	0.0000000E+0
1.1057400E+2	6.3459658E+1	6.0031600E+1	0.0000000E+0	0.0000000E+0	1.0000000E+2	0.0000000E+0
1.1062400E+2	6.3530021E+1	6.0029568E+1	0.0000000E+0	0.0000000E+0	1.0000000E+2	0.0000000E+0
1.1067400E+2	6.3609295E+1	6.0031227E+1	0.0000000E+0	0.0000000E+0	1.0000000E+2	0.0000000E+0
1.1072400E+2	6.3670946E+1	6.0038938E+1	0.0000000E+0	0.0000000E+0	1.0000000E+2	0.0000000E+0
1.1077400E+2	6.3749827E+1	6.0032017E+1	0.0000000E+0	0.0000000E+0	1.0000000E+2	0.0000000E+0
1.1082400E+2	6.3841782E+1	6.0050068E+1	0.0000000E+0	0.0000000E+0	1.0000000E+2	0.0000000E+0
1.1087400E+2	6.3915933E+1	6.0029902E+1	0.0000000E+0	0.0000000E+0	1.0000000E+2	0.0000000E+0
1.1092400E+2	6.3997442E+1	6.0035869E+1	0.0000000E+0	0.0000000E+0	1.0000000E+2	0.0000000E+0
1.1097400E+2	6.4076856E+1	6.0026357E+1	0.0000000E+0	0.0000000E+0	1.0000000E+2	0.0000000E+0
1.1102400E+2	6.4164894E+1	6.0028664E+1	0.0000000E+0	0.0000000E+0	1.0000000E+2	0.0000000E+0
1.1107400E+2	6.4248554E+1	6.0029029E+1	0.0000000E+0	0.0000000E+0	1.0000000E+2	0.0000000E+0
1.1112400E+2	6.4264300E+1	6.0048788E+1	0.0000000E+0	0.0000000E+0	1.0000000E+2	0.0000000E+0
1.1117400E+2	6.3042508E+1	6.0088139E+1	0.0000000E+0	0.0000000E+0	1.0000000E+2	0.0000000E+0
1.1122400E+2	6.3019270E+1	6.0020688E+1	0.0000000E+0	0.0000000E+0	1.0000000E+2	0.0000000E+0
1.1127400E+2	6.3092554E+1	6.0039372E+1	0.0000000E+0	0.0000000E+0	1.0000000E+2	0.0000000E+0
1.1132400E+2	6.3152211E+1	6.0026880E+1	0.0000000E+0	0.0000000E+0	1.0000000E+2	0.0000000E+0
1.1137400E+2	6.3239417E+1	6.0036662E+1	0.0000000E+0	0.0000000E+0	1.0000000E+2	0.0000000E+0
1.1142400E+2	6.3304669E+1	6.0037461E+1	0.0000000E+0	0.0000000E+0	1.0000000E+2	0.0000000E+0
1.1147400E+2	6.3359355E+1	6.0028638E+1	0.0000000E+0	0.0000000E+0	1.0000000E+2	0.0000000E+0
1.1152400E+2	6.3415309E+1	6.0027571E+1	0.0000000E+0	0.0000000E+0	1.0000000E+2	0.0000000E+0
1.1157400E+2	6.3501891E+1	6.0038293E+1	0.0000000E+0	0.0000000E+0	1.0000000E+2	0.0000000E+0
1.1162400E+2	6.3569032E+1	6.0045685E+1	0.0000000E+0	0.0000000E+0	1.0000000E+2	0.0000000E+0
1.1167400E+2	6.3628078E+1	6.0061964E+1	0.0000000E+0	0.0000000E+0	1.0000000E+2	0.0000000E+0
1.1172400E+2	6.3699867E+1	6.0064114E+1	0.0000000E+0	0.0000000E+0	1.0000000E+2	0.0000000E+0
1.1177400E+2	6.3743743E+1	6.0068493E+1	0.0000000E+0	0.0000000E+0	1.0000000E+2	0.0000000E+0
1.1182400E+2	6.3786996E+1	6.0060947E+1	0.0000000E+0	0.0000000E+0	1.0000000E+2	0.0000000E+0
1.1187400E+2	6.3829887E+1	6.0056099E+1	0.0000000E+0	0.0000000E+0	1.0000000E+2	0.0000000E+0
1.1192400E+2	6.3865368E+1	6.0052889E+1	0.0000000E+0	0.0000000E+0	1.0000000E+2	0.0000000E+0
1.1197400E+2	6.3920915E+1	6.0064787E+1	0.0000000E+0	0.0000000E+0	1.0000000E+2	0.0000000E+0
1.1202400E+2	6.3961930E+1	6.0057344E+1	0.0000000E+0	0.0000000E+0	1.0000000E+2	0.0000000E+0
1.1207400E+2	6.4006228E+1	6.0053172E+1	0.0000000E+0	0.0000000E+0	1.0000000E+2	0.0000000E+0
1.1212400E+2	6.3972125E+1	6.0067566E+1	0.0000000E+0	0.0000000E+0	1.0000000E+2	0.0000000E+0
1.1217400E+2	6.3661240E+1	6.0042264E+1	0.0000000E+0	0.0000000E+0	1.0000000E+2	0.0000000E+0
1.1222400E+2	6.3664134E+1	6.0022446E+1	0.0000000E+0	0.0000000E+0	1.0000000E+2	0.0000000E+0
1.1227400E+2	6.3688806E+1	6.0030842E+1	0.0000000E+0	0.0000000E+0	1.0000000E+2	0.0000000E+0
1.1232500E+2	6.3747341E+1	6.0027964E+1	0.0000000E+0	0.0000000E+0	1.0000000E+2	0.0000000E+0
1.1237600E+2	6.3804321E+1	6.0044449E+1	0.0000000E+0	0.0000000E+0	1.0000000E+2	0.0000000E+0
1.1242600E+2	6.3854707E+1	6.0034852E+1	0.0000000E+0	0.0000000E+0	1.0000000E+2	0.0000000E+0
1.1247600E+2	6.3897747E+1	6.0026513E+1	0.0000000E+0	0.0000000E+0	1.0000000E+2	0.0000000E+0
1.1252600E+2	6.3943990E+1	6.0011875E+1	0.0000000E+0	0.0000000E+0	1.0000000E+2	0.0000000E+0
1.1257600E+2	6.3995320E+1	6.0006495E+1	0.0000000E+0	0.0000000E+0	1.0000000E+2	0.0000000E+0
1.1262600E+2	6.4066993E+1	6.0027312E+1	0.0000000E+0	0.0000000E+0	1.0000000E+2	0.0000000E+0
1.1267600E+2	6.4120768E+1	6.0030725E+1	0.0000000E+0	0.0000000E+0	1.0000000E+2	0.0000000E+0
1.1272600E+2	6.4150900E+1	6.0004537E+1	0.0000000E+0	0.0000000E+0	1.0000000E+2	0.0000000E+0
1.1277600E+2	6.4199849E+1	5.9996228E+1	0.0000000E+0	0.0000000E+0	1.0000000E+2	0.0000000E+0
1.1282600E+2	6.4264787E+1	6.0018180E+1	0.0000000E+0	0.0000000E+0	1.0000000E+2	0.0000000E+0
1.1287600E+2	6.4313058E+1	6.0006283E+1	0.0000000E+0	0.0000000E+0	1.0000000E+2	0.0000000E+0
1.1292600E+2	6.4346599E+1	6.0013225E+1	0.0000000E+0	0.0000000E+0	1.0000000E+2	0.0000000E+0
1.1297600E+2	6.4385337E+1	5.9998532E+1	0.0000000E+0	0.0000000E+0	1.0000000E+2	0.0000000E+0
1.1302600E+2	6.4423839E+1	6.0001629E+1	0.0000000E+0	0.0000000E+0	1.0000000E+2	0.0000000E+0
1.1307600E+2	6.4468628E+1	5.9998820E+1	0.0000000E+0	0.0000000E+0	1.0000000E+2	0.0000000E+0
1.1312600E+2	6.4524652E+1	6.0000424E+1	0.0000000E+0	0.0000000E+0	1.0000000E+2	0.0000000E+0
1.1317600E+2	6.4554785E+1	6.0000948E+1	0.0000000E+0	0.0000000E+0	1.0000000E+2	0.0000000E+0
1.1322600E+2	6.4580927E+1	6.0000154E+1	0.0000000E+0	0.0000000E+0	1.0000000E+2	0.0000000E+0
1.1327600E+2	6.4606862E+1	6.0012515E+1	0.0000000E+0	0.0000000E+0	1.0000000E+2	0.0000000E+0
1.1332600E+2	6.4635800E+1	5.9994047E+1	0.0000000E+0	0.0000000E+0	1.0000000E+2	0.0000000E+0
1.1337600E+2	6.4272872E+1	6.0048762E+1	0.0000000E+0	0.0000000E+0	1.0000000E+2	0.0000000E+0
1.1342700E+2	6.3348156E+1	5.9975397E+1	0.0000000E+0	0.0000000E+0	1.0000000E+2	0.0000000E+0
1.1347700E+2	6.3368902E+1	5.9971729E+1	0.0000000E+0	0.0000000E+0	1.0000000E+2	0.0000000E+0
1.1352700E+2	6.3419918E+1	5.9987150E+1	0.0000000E+0	0.0000000E+0	1.0000000E+2	0.0000000E+0
1.1357800E+2	6.3442673E+1	5.9975313E+1	0.0000000E+0	0.0000000E+0	1.0000000E+2	0.0000000E+0
1.1362800E+2	6.3488008E+1	5.9983483E+1	0.0000000E+0	0.0000000E+0	1.0000000E+2	0.0000000E+0
1.1367800E+2	6.3539305E+1	5.9993344E+1	0.0000000E+0	0.0000000E+0	1.0000000E+2	0.0000000E+0
1.1372800E+2	6.3578476E+1	5.9984636E+1	0.0000000E+0	0.0000000E+0	1.0000000E+2	0.0000000E+0
1.1377900E+2	6.3620678E+1	5.9995139E+1	0.0000000E+0	0.0000000E+0	1.0000000E+2	0.0000000E+0
1.1382900E+2	6.3661299E+1	6.0017107E+1	0.0000000E+0	0.0000000E+0	1.0000000E+2	0.0000000E+0
1.1387900E+2	6.3682486E+1	6.0004380E+1	0.0000000E+0	0.0000000E+0	1.0000000E+2	0.0000000E+0
1.1392900E+2	6.3704633E+1	6.0017684E+1	0.0000000E+0	0.0000000E+0	1.0000000E+2	0.0000000E+0
1.1397900E+2	6.3749611E+1	6.0024211E+1	0.0000000E+0	0.0000000E+0	1.0000000E+2	0.0000000E+0
1.1403000E+2	6.3768564E+1	6.0008295E+1	0.0000000E+0	0.0000000E+0	1.0000000E+2	0.0000000E+0
1.1408000E+2	6.3810947E+1	6.0012311E+1	0.0000000E+0	0.0000000E+0	1.0000000E+2	0.0000000E+0
1.1413100E+2	6.3861390E+1	6.0021565E+1	0.0000000E+0	0.0000000E+0	1.0000000E+2	0.0000000E+0
1.1418100E+2	6.3900882E+1	6.0017063E+1	0.0000000E+0	0.0000000E+0	1.0000000E+2	0.0000000E+0
1.1423100E+2	6.3905099E+1	6.0016896E+1	0.0000000E+0	0.0000000E+0	1.0000000E+2	0.0000000E+0
1.1428100E+2	6.3308547E+1	6.0044184E+1	0.0000000E+0	0.0000000E+0	1.0000000E+2	0.0000000E+0
1.1433100E+2	6.3324452E+1	6.0012270E+1	0.0000000E+0	0.0000000E+0	1.0000000E+2	0.0000000E+0
1.1438100E+2	6.3355842E+1	6.0014561E+1	0.0000000E+0	0.0000000E+0	1.0000000E+2	0.0000000E+0
1.1443200E+2	6.3394410E+1	6.0004248E+1	0.0000000E+0	0.0000000E+0	1.0000000E+2	0.0000000E+0
1.1448200E+2	6.3423111E+1	6.0023627E+1	0.0000000E+0	0.0000000E+0	1.0000000E+2	0.0000000E+0
1.1453300E+2	6.3459191E+1	6.0006313E+1	0.0000000E+0	0.0000000E+0	1.0000000E+2	0.0000000E+0
1.1458400E+2	6.3503741E+1	6.0013578E+1	0.0000000E+0	0.0000000E+0	1.0000000E+2	0.0000000E+0
1.1463400E+2	6.3511155E+1	6.0005871E+1	0.0000000E+0	0.0000000E+0	1.0000000E+2	0.0000000E+0
1.1468400E+2	6.3529979E+1	6.0001229E+1	0.0000000E+0	0.0000000E+0	1.0000000E+2	0.0000000E+0
1.1473400E+2	6.3584276E+1	6.0020013E+1	0.0000000E+0	0.0000000E+0	1.0000000E+2	0.0000000E+0
1.1478400E+2	6.3637469E+1	6.0012116E+1	0.0000000E+0	0.0000000E+0	1.0000000E+2	0.0000000E+0
1.1483400E+2	6.3688705E+1	6.0011101E+1	0.0000000E+0	0.0000000E+0	1.0000000E+2	0.0000000E+0
1.1488500E+2	6.3743361E+1	6.0024881E+1	0.0000000E+0	0.0000000E+0	1.0000000E+2	0.0000000E+0
1.1493500E+2	6.3778941E+1	6.0012715E+1	0.0000000E+0	0.0000000E+0	1.0000000E+2	0.0000000E+0
1.1498500E+2	6.3824483E+1	6.0015110E+1	0.0000000E+0	0.0000000E+0	1.0000000E+2	0.0000000E+0
1.1503500E+2	6.3873069E+1	6.0007241E+1	0.0000000E+0	0.0000000E+0	1.0000000E+2	0.0000000E+0
1.1508500E+2	6.3910968E+1	5.9998843E+1	0.0000000E+0	0.0000000E+0	1.0000000E+2	0.0000000E+0
1.1513500E+2	6.3972723E+1	6.0017815E+1	0.0000000E+0	0.0000000E+0	1.0000000E+2	0.0000000E+0
1.1518500E+2	6.4043490E+1	6.0022339E+1	0.0000000E+0	0.0000000E+0	1.0000000E+2	0.0000000E+0
1.1523500E+2	6.4104653E+1	6.0026017E+1	0.0000000E+0	0.0000000E+0	1.0000000E+2	0.0000000E+0
1.1528500E+2	6.4146555E+1	6.0031688E+1	0.0000000E+0	0.0000000E+0	1.0000000E+2	0.0000000E+0
1.1533500E+2	6.4183492E+1	6.0019663E+1	0.0000000E+0	0.0000000E+0	1.0000000E+2	0.0000000E+0
1.1538500E+2	6.4209865E+1	6.0013420E+1	0.0000000E+0	0.0000000E+0	1.0000000E+2	0.0000000E+0
1.1543500E+2	6.4258961E+1	6.0020766E+1	0.0000000E+0	0.0000000E+0	1.0000000E+2	0.0000000E+0
1.1548500E+2	6.4285939E+1	6.0016089E+1	0.0000000E+0	0.0000000E+0	1.0000000E+2	0.0000000E+0
1.1553500E+2	6.4343571E+1	6.0019358E+1	0.0000000E+0	0.0000000E+0	1.0000000E+2	0.0000000E+0
1.1558500E+2	6.4393929E+1	6.0033173E+1	0.0000000E+0	0.0000000E+0	1.0000000E+2	0.0000000E+0
1.1563500E+2	6.3184282E+1	6.0082171E+1	0.0000000E+0	0.0000000E+0	1.0000000E+2	0.0000000E+0
1.1568500E+2	6.3118031E+1	6.0001960E+1	0.0000000E+0	0.0000000E+0	1.0000000E+2	0.0000000E+0
1.1573500E+2	6.3177257E+1	6.0018185E+1	0.0000000E+0	0.0000000E+0	1.0000000E+2	0.0000000E+0
1.1578500E+2	6.3222843E+1	6.0034412E+1	0.0000000E+0	0.0000000E+0	1.0000000E+2	0.0000000E+0
1.1583500E+2	6.3276992E+1	6.0037079E+1	0.0000000E+0	0.0000000E+0	1.0000000E+2	0.0000000E+0
1.1588500E+2	6.3289307E+1	6.0039545E+1	0.0000000E+0	0.0000000E+0	1.0000000E+2	0.0000000E+0
1.1593500E+2	6.3291958E+1	6.0033610E+1	0.0000000E+0	0.0000000E+0	1.0000000E+2	0.0000000E+0
1.1598500E+2	6.3348762E+1	6.0036644E+1	0.0000000E+0	0.0000000E+0	1.0000000E+2	0.0000000E+0
1.1603500E+2	6.3418609E+1	6.0053150E+1	0.0000000E+0	0.0000000E+0	1.0000000E+2	0.0000000E+0
1.1608500E+2	6.3479458E+1	6.0074255E+1	0.0000000E+0	0.0000000E+0	1.0000000E+2	0.0000000E+0
1.1613500E+2	6.3525650E+1	6.0084702E+1	0.0000000E+0	0.0000000E+0	1.0000000E+2	0.0000000E+0
1.1618500E+2	6.3566000E+1	6.0089164E+1	0.0000000E+0	0.0000000E+0	1.0000000E+2	0.0000000E+0
1.1623500E+2	6.3624696E+1	6.0091555E+1	0.0000000E+0	0.0000000E+0	1.0000000E+2	0.0000000E+0
1.1628500E+2	6.3686931E+1	6.0102387E+1	0.0000000E+0	0.0000000E+0	1.0000000E+2	0.0000000E+0
1.1633500E+2	6.3741992E+1	6.0092924E+1	0.0000000E+0	0.0000000E+0	1.0000000E+2	0.0000000E+0
1.1638500E+2	6.3809762E+1	6.0107480E+1	0.0000000E+0	0.0000000E+0	1.0000000E+2	0.0000000E+0
1.1643700E+2	6.3857494E+1	6.0099944E+1	0.0000000E+0	0.0000000E+0	1.0000000E+2	0.0000000E+0
1.1648700E+2	6.3920352E+1	6.0107032E+1	0.0000000E+0	0.0000000E+0	1.0000000E+2	0.0000000E+0
1.1653700E+2	6.3982074E+1	6.0113534E+1	0.0000000E+0	0.0000000E+0	1.0000000E+2	0.0000000E+0
1.1658700E+2	6.4031357E+1	6.0109798E+1	0.0000000E+0	0.0000000E+0	1.0000000E+2	0.0000000E+0
1.1663700E+2	6.4083287E+1	6.0118504E+1	0.0000000E+0	0.0000000E+0	1.0000000E+2	0.0000000E+0
1.1668700E+2	6.4132219E+1	6.0113130E+1	0.0000000E+0	0.0000000E+0	1.0000000E+2	0.0000000E+0
1.1673700E+2	6.4175798E+1	6.0117989E+1	0.0000000E+0	0.0000000E+0	1.0000000E+2	0.0000000E+0
1.1678700E+2	6.4254419E+1	6.0126556E+1	0.0000000E+0	0.0000000E+0	1.0000000E+2	0.0000000E+0
1.1683700E+2	6.4309233E+1	6.0135129E+1	0.0000000E+0	0.0000000E+0	1.0000000E+2	0.0000000E+0
1.1688700E+2	6.4353829E+1	6.0128586E+1	0.0000000E+0	0.0000000E+0	1.0000000E+2	0.0000000E+0
1.1693700E+2	6.4395535E+1	6.0120902E+1	0.0000000E+0	0.0000000E+0	1.0000000E+2	0.0000000E+0
1.1698700E+2	6.4460432E+1	6.0118893E+1	0.0000000E+0	0.0000000E+0	1.0000000E+2	0.0000000E+0
1.1703700E+2	6.4518485E+1	6.0131422E+1	0.0000000E+0	0.0000000E+0	1.0000000E+2	0.0000000E+0
1.1708700E+2	6.4574502E+1	6.0135959E+1	0.0000000E+0	0.0000000E+0	1.0000000E+2	0.0000000E+0
1.1713700E+2	6.4580763E+1	6.0143328E+1	0.0000000E+0	0.0000000E+0	1.0000000E+2	0.0000000E+0
1.1718700E+2	6.4612218E+1	6.0135681E+1	0.0000000E+0	0.0000000E+0	1.0000000E+2	0.0000000E+0
1.1723700E+2	6.4693441E+1	6.0146596E+1	0.0000000E+0	0.0000000E+0	1.0000000E+2	0.0000000E+0
1.1728800E+2	6.4752766E+1	6.0149722E+1	0.0000000E+0	0.0000000E+0	1.0000000E+2	0.0000000E+0
1.1733800E+2	6.4811290E+1	6.0144563E+1	0.0000000E+0	0.0000000E+0	1.0000000E+2	0.0000000E+0
1.1738800E+2	6.4860718E+1	6.0155056E+1	0.0000000E+0	0.0000000E+0	1.0000000E+2	0.0000000E+0
1.1743900E+2	6.4933006E+1	6.0161536E+1	0.0000000E+0	0.0000000E+0	1.0000000E+2	0.0000000E+0
1.1749100E+2	6.4991336E+1	6.0166712E+1	0.0000000E+0	0.0000000E+0	1.0000000E+2	0.0000000E+0
1.1754100E+2	6.5039400E+1	6.0145634E+1	0.0000000E+0	0.0000000E+0	1.0000000E+2	0.0000000E+0
1.1759100E+2	6.5120621E+1	6.0165199E+1	0.0000000E+0	0.0000000E+0	1.0000000E+2	0.0000000E+0
1.1764100E+2	6.5156041E+1	6.0168006E+1	0.0000000E+0	0.0000000E+0	1.0000000E+2	0.0000000E+0
1.1769100E+2	6.3891948E+1	6.0288406E+1	0.0000000E+0	0.0000000E+0	1.0000000E+2	0.0000000E+0
1.1774100E+2	6.3036295E+1	6.0110233E+1	0.0000000E+0	0.0000000E+0	1.0000000E+2	0.0000000E+0
1.1779100E+2	6.3101757E+1	6.0122243E+1	0.0000000E+0	0.0000000E+0	1.0000000E+2	0.0000000E+0
1.1784100E+2	6.3132815E+1	6.0138828E+1	0.0000000E+0	0.0000000E+0	1.0000000E+2	0.0000000E+0
1.1789100E+2	6.3189528E+1	6.0139135E+1	0.0000000E+0	0.0000000E+0	1.0000000E+2	0.0000000E+0
1.1794100E+2	6.3239234E+1	6.0156006E+1	0.0000000E+0	0.0000000E+0	1.0000000E+2	0.0000000E+0
1.1799100E+2	6.3286528E+1	6.0136416E+1	0.0000000E+0	0.0000000E+0	1.0000000E+2	0.0000000E+0
1.1804100E+2	6.3335574E+1	6.0137398E+1	0.0000000E+0	0.0000000E+0	1.0000000E+2	0.0000000E+0
1.1809100E+2	6.3374264E+1	6.0143868E+1	0.0000000E+0	0.0000000E+0	1.0000000E+2	0.0000000E+0
1.1814100E+2	6.3421012E+1	6.0138710E+1	0.0000000E+0	0.0000000E+0	1.0000000E+2	0.0000000E+0
1.1819100E+2	6.3427427E+1	6.0136045E+1	0.0000000E+0	0.0000000E+0	1.0000000E+2	0.0000000E+0
1.1824100E+2	6.3461351E+1	6.0143590E+1	0.0000000E+0	0.0000000E+0	1.0000000E+2	0.0000000E+0
1.1829100E+2	6.3512469E+1	6.0133678E+1	0.0000000E+0	0.0000000E+0	1.0000000E+2	0.0000000E+0
1.1834100E+2	6.3567136E+1	6.0141445E+1	0.0000000E+0	0.0000000E+0	1.0000000E+2	0.0000000E+0
1.1839100E+2	6.3631148E+1	6.0130650E+1	0.0000000E+0	0.0000000E+0	1.0000000E+2	0.0000000E+0
1.1844100E+2	6.3694194E+1	6.0145932E+1	0.0000000E+0	0.0000000E+0	1.0000000E+2	0.0000000E+0
1.1849100E+2	6.3728129E+1	6.0133170E+1	0.0000000E+0	0.0000000E+0	1.0000000E+2	0.0000000E+0
1.1854100E+2	6.3783776E+1	6.0139020E+1	0.0000000E+0	0.0000000E+0	1.0000000E+2	0.0000000E+0
1.1859100E+2	6.3831360E+1	6.0137644E+1	0.0000000E+0	0.0000000E+0	1.0000000E+2	0.0000000E+0
1.1864100E+2	6.3870936E+1	6.0126166E+1	0.0000000E+0	0.0000000E+0	1.0000000E+2	0.0000000E+0
1.1869100E+2	6.3911349E+1	6.0126642E+1	0.0000000E+0	0.0000000E+0	1.0000000E+2	0.0000000E+0
1.1874100E+2	6.3961067E+1	6.0132149E+1	0.0000000E+0	0.0000000E+0	1.0000000E+2	0.0000000E+0
1.1879100E+2	6.4016263E+1	6.0122018E+1	0.0000000E+0	0.0000000E+0	1.0000000E+2	0.0000000E+0
1.1884100E+2	6.4056631E+1	6.0122936E+1	0.0000000E+0	0.0000000E+0	1.0000000E+2	0.0000000E+0
1.1889100E+2	6.4133607E+1	6.0130899E+1	0.0000000E+0	0.0000000E+0	1.0000000E+2	0.0000000E+0
1.1894100E+2	6.4168829E+1	6.0132845E+1	0.0000000E+0	0.0000000E+0	1.0000000E+2	0.0000000E+0
1.1899100E+2	6.4210920E+1	6.0119381E+1	0.0000000E+0	0.0000000E+0	1.0000000E+2	0.0000000E+0
1.1904200E+2	6.4264225E+1	6.0122311E+1	0.0000000E+0	0.0000000E+0	1.0000000E+2	0.0000000E+0
1.1909200E+2	6.4312834E+1	6.0112571E+1	0.0000000E+0	0.0000000E+0	1.0000000E+2	0.0000000E+0
1.1914200E+2	6.4330416E+1	6.0122805E+1	0.0000000E+0	0.0000000E+0	1.0000000E+2	0.0000000E+0
1.1919300E+2	6.4351113E+1	6.0118145E+1	0.0000000E+0	0.0000000E+0	1.0000000E+2	0.0000000E+0
1.1924300E+2	6.4399872E+1	6.0096624E+1	0.0000000E+0	0.0000000E+0	1.0000000E+2	0.0000000E+0
1.1929500E+2	6.4467754E+1	6.0112169E+1	0.0000000E+0	0.0000000E+0	1.0000000E+2	0.0000000E+0
1.1934500E+2	6.4524072E+1	6.0116284E+1	0.0000000E+0	0.0000000E+0	1.0000000E+2	0.0000000E+0
1.1939500E+2	6.4591839E+1	6.0117016E+1	0.0000000E+0	0.0000000E+0	1.0000000E+2	0.0000000E+0
1.1944500E+2	6.4661730E+1	6.0139883E+1	0.0000000E+0	0.0000000E+0	1.0000000E+2	0.0000000E+0
1.1949500E+2	6.3327086E+1	6.0239407E+1	0.0000000E+0	0.0000000E+0	1.0000000E+2	0.0000000E+0
1.1954500E+2	6.2853671E+1	6.0072487E+1	0.0000000E+0	0.0000000E+0	1.0000000E+2	0.0000000E+0
1.1959500E+2	6.2920551E+1	6.0103036E+1	0.0000000E+0	0.0000000E+0	1.0000000E+2	0.0000000E+0
1.1964500E+2	6.2950760E+1	6.0114144E+1	0.0000000E+0	0.0000000E+0	1.0000000E+2	0.0000000E+0
1.1969500E+2	6.2996556E+1	6.0119535E+1	0.0000000E+0	0.0000000E+0	1.0000000E+2	0.0000000E+0
1.1974500E+2	6.3041227E+1	6.0108359E+1	0.0000000E+0	0.0000000E+0	1.0000000E+2	0.0000000E+0
1.1979500E+2	6.3087863E+1	6.0107258E+1	0.0000000E+0	0.0000000E+0	1.0000000E+2	0.0000000E+0
1.1984600E+2	6.3127714E+1	6.0110588E+1	0.0000000E+0	0.0000000E+0	1.0000000E+2	0.0000000E+0
1.1989600E+2	6.3170388E+1	6.0097607E+1	0.0000000E+0	0.0000000E+0	1.0000000E+2	0.0000000E+0
1.1994700E+2	6.3215613E+1	6.0092417E+1	0.0000000E+0	0.0000000E+0	1.0000000E+2	0.0000000E+0
1.1999800E+2	6.3249688E+1	6.0091118E+1	0.0000000E+0	0.0000000E+0	1.0000000E+2	0.0000000E+0
1.2004900E+2	6.3290078E+1	6.0092689E+1	0.0000000E+0	0.0000000E+0	1.0000000E+2	0.0000000E+0
1.2009900E+2	6.3321583E+1	6.0107332E+1	0.0000000E+0	0.0000000E+0	1.0000000E+2	0.0000000E+0
1.2014900E+2	6.3351474E+1	6.0109028E+1	0.0000000E+0	0.0000000E+0	1.0000000E+2	0.0000000E+0
1.2019900E+2	6.3401773E+1	6.0095854E+1	0.0000000E+0	0.0000000E+0	1.0000000E+2	0.0000000E+0
1.2024900E+2	6.3461018E+1	6.0099982E+1	0.0000000E+0	0.0000000E+0	1.0000000E+2	0.0000000E+0
1.2029900E+2	6.3503677E+1	6.0113132E+1	0.0000000E+0	0.0000000E+0	1.0000000E+2	0.0000000E+0
1.2034900E+2	6.3553227E+1	6.0108901E+1	0.0000000E+0	0.0000000E+0	1.0000000E+2	0.0000000E+0
1.2039900E+2	6.3601930E+1	6.0099386E+1	0.0000000E+0	0.0000000E+0	1.0000000E+2	0.0000000E+0
1.2044900E+2	6.3660961E+1	6.0106038E+1	0.0000000E+0	0.0000000E+0	1.0000000E+2	0.0000000E+0
1.2049900E+2	6.3685820E+1	6.0104729E+1	0.0000000E+0	0.0000000E+0	1.0000000E+2	0.0000000E+0
1.2054900E+2	6.3738580E+1	6.0100949E+1	0.0000000E+0	0.0000000E+0	1.0000000E+2	0.0000000E+0
1.2059900E+2	6.3801112E+1	6.0110200E+1	0.0000000E+0	0.0000000E+0	1.0000000E+2	0.0000000E+0
1.2065000E+2	6.3847790E+1	6.0103339E+1	0.0000000E+0	0.0000000E+0	1.0000000E+2	0.0000000E+0
1.2070000E+2	6.3877075E+1	6.0094777E+1	0.0000000E+0	0.0000000E+0	1.0000000E+2	0.0000000E+0
1.2075000E+2	6.3923361E+1	6.0093769E+1	0.0000000E+0	0.0000000E+0	1.0000000E+2	0.0000000E+0
1.2080000E+2	6.3956935E+1	6.0093523E+1	0.0000000E+0	0.0000000E+0	1.0000000E+2	0.0000000E+0
1.2085000E+2	6.3978398E+1	6.0089882E+1	0.0000000E+0	0.0000000E+0	1.0000000E+2	0.0000000E+0
1.2090000E+2	6.4033526E+1	6.0088088E+1	0.0000000E+0	0.0000000E+0	1.0000000E+2	0.0000000E+0
1.2095000E+2	6.3117716E+1	6.0167788E+1	0.0000000E+0	0.0000000E+0	1.0000000E+2	0.0000000E+0
1.2100100E+2	6.3018955E+1	6.0058796E+1	0.0000000E+0	0.0000000E+0	1.0000000E+2	0.0000000E+0
1.2105100E+2	6.3082866E+1	6.0084080E+1	0.0000000E+0	0.0000000E+0	1.0000000E+2	0.0000000E+0
1.2110100E+2	6.3132286E+1	6.0075488E+1	0.0000000E+0	0.0000000E+0	1.0000000E+2	0.0000000E+0
1.2115100E+2	6.3196086E+1	6.0073588E+1	0.0000000E+0	0.0000000E+0	1.0000000E+2	0.0000000E+0
1.2120100E+2	6.3237349E+1	6.0078234E+1	0.0000000E+0	0.0000000E+0	1.0000000E+2	0.0000000E+0
1.2125100E+2	6.3304442E+1	6.0073839E+1	0.0000000E+0	0.0000000E+0	1.0000000E+2	0.0000000E+0
1.2130100E+2	6.3361751E+1	6.0083240E+1	0.0000000E+0	0.0000000E+0	1.0000000E+2	0.0000000E+0
1.2135100E+2	6.3412551E+1	6.0083190E+1	0.0000000E+0	0.0000000E+0	1.0000000E+2	0.0000000E+0
1.2140100E+2	6.3461874E+1	6.0091206E+1	0.0000000E+0	0.0000000E+0	1.0000000E+2	0.0000000E+0
1.2145100E+2	6.3495713E+1	6.0078170E+1	0.0000000E+0	0.0000000E+0	1.0000000E+2	0.0000000E+0
1.2150200E+2	6.3525620E+1	6.0082108E+1	0.0000000E+0	0.0000000E+0	1.0000000E+2	0.0000000E+0
1.2155200E+2	6.3566923E+1	6.0062408E+1	0.0000000E+0	0.0000000E+0	1.0000000E+2	0.0000000E+0
1.2160200E+2	6.3619096E+1	6.0087416E+1	0.0000000E+0	0.0000000E+0	1.0000000E+2	0.0000000E+0
1.2165200E+2	6.3649856E+1	6.0090207E+1	0.0000000E+0	0.0000000E+0	1.0000000E+2	0.0000000E+0
1.2170300E+2	6.3659089E+1	6.0066933E+1	0.0000000E+0	0.0000000E+0	1.0000000E+2	0.0000000E+0
1.2175300E+2	6.3690841E+1	6.0077956E+1	0.0000000E+0	0.0000000E+0	1.0000000E+2	0.0000000E+0
1.2180300E+2	6.3756274E+1	6.0080705E+1	0.0000000E+0	0.0000000E+0	1.0000000E+2	0.0000000E+0
1.2185300E+2	6.3812753E+1	6.0079819E+1	0.0000000E+0	0.0000000E+0	1.0000000E+2	0.0000000E+0
1.2190300E+2	6.3877447E+1	6.0075192E+1	0.0000000E+0	0.0000000E+0	1.0000000E+2	0.0000000E+0
1.2195400E+2	6.3928681E+1	6.0086566E+1	0.0000000E+0	0.0000000E+0	1.0000000E+2	0.0000000E+0
1.2200400E+2	6.3952461E+1	6.0082631E+1	0.0000000E+0	0.0000000E+0	1.0000000E+2	0.0000000E+0
1.2205400E+2	6.3993199E+1	6.0072106E+1	0.0000000E+0	0.0000000E+0	1.0000000E+2	0.0000000E+0
1.2210400E+2	6.4044163E+1	6.0077031E+1	0.0000000E+0	0.0000000E+0	1.0000000E+2	0.0000000E+0
1.2215500E+2	6.4091243E+1	6.0071861E+1	0.0000000E+0	0.0000000E+0	1.0000000E+2	0.0000000E+0
1.2220500E+2	6.4157143E+1	6.0070423E+1	0.0000000E+0	0.0000000E+0	1.0000000E+2	0.0000000E+0
1.2225600E+2	6.4203895E+1	6.0069561E+1	0.0000000E+0	0.0000000E+0	1.0000000E+2	0.0000000E+0
1.2230600E+2	6.4254590E+1	6.0062172E+1	0.0000000E+0	0.0000000E+0	1.0000000E+2	0.0000000E+0
1.2235600E+2	6.4283998E+1	6.0052709E+1	0.0000000E+0	0.0000000E+0	1.0000000E+2	0.0000000E+0
1.2240600E+2	6.4315137E+1	6.0046258E+1	0.0000000E+0	0.0000000E+0	1.0000000E+2	0.0000000E+0
1.2245600E+2	6.4366625E+1	6.0053178E+1	0.0000000E+0	0.0000000E+0	1.0000000E+2	0.0000000E+0
1.2250600E+2	6.3229059E+1	6.0167021E+1	0.0000000E+0	0.0000000E+0	1.0000000E+2	0.0000000E+0
1.2255700E+2	6.2666420E+1	6.0009711E+1	0.0000000E+0	0.0000000E+0	1.0000000E+2	0.0000000E+0
1.2260700E+2	6.2748508E+1	6.0054621E+1	0.0000000E+0	0.0000000E+0	1.0000000E+2	0.0000000E+0
1.2265800E+2	6.2787543E+1	6.0064394E+1	0.0000000E+0	0.0000000E+0	1.0000000E+2	0.0000000E+0
1.2270900E+2	6.2818317E+1	6.0052246E+1	0.0000000E+0	0.0000000E+0	1.0000000E+2	0.0000000E+0
1.2275900E+2	6.2851896E+1	6.0043886E+1	0.0000000E+0	0.0000000E+0	1.0000000E+2	0.0000000E+0
1.2281000E+2	6.2905152E+1	6.0044115E+1	0.0000000E+0	0.0000000E+0	1.0000000E+2	0.0000000E+0
1.2286100E+2	6.2963025E+1	6.0060481E+1	0.0000000E+0	0.0000000E+0	1.0000000E+2	0.0000000E+0
1.2291100E+2	6.3016123E+1	6.0044117E+1	0.0000000E+0	0.0000000E+0	1.0000000E+2	0.0000000E+0
1.2296100E+2	6.3068511E+1	6.0042685E+1	0.0000000E+0	0.0000000E+0	1.0000000E+2	0.0000000E+0
1.2301100E+2	6.3114505E+1	6.0044988E+1	0.0000000E+0	0.0000000E+0	1.0000000E+2	0.0000000E+0
1.2306100E+2	6.3148251E+1	6.0053650E+1	0.0000000E+0	0.0000000E+0	1.0000000E+2	0.0000000E+0
1.2311100E+2	6.3187151E+1	6.0044881E+1	0.0000000E+0	0.0000000E+0	1.0000000E+2	0.0000000E+0
1.2316100E+2	6.3235143E+1	6.0039544E+1	0.0000000E+0	0.0000000E+0	1.0000000E+2	0.0000000E+0
1.2321100E+2	6.3294347E+1	6.0048955E+1	0.0000000E+0	0.0000000E+0	1.0000000E+2	0.0000000E+0
1.2326100E+2	6.3330338E+1	6.0042779E+1	0.0000000E+0	0.0000000E+0	1.0000000E+2	0.0000000E+0
1.2331100E+2	6.3384469E+1	6.0042967E+1	0.0000000E+0	0.0000000E+0	1.0000000E+2	0.0000000E+0
1.2336100E+2	6.3432870E+1	6.0055467E+1	0.0000000E+0	0.0000000E+0	1.0000000E+2	0.0000000E+0
1.2341100E+2	6.3466059E+1	6.0046318E+1	0.0000000E+0	0.0000000E+0	1.0000000E+2	0.0000000E+0
1.2346100E+2	6.3513372E+1	6.0054638E+1	0.0000000E+0	0.0000000E+0	1.0000000E+2	0.0000000E+0
1.2351200E+2	6.3559931E+1	6.0048817E+1	0.0000000E+0	0.0000000E+0	1.0000000E+2	0.0000000E+0
1.2356200E+2	6.3601301E+1	6.0057378E+1	0.0000000E+0	0.0000000E+0	1.0000000E+2	0.0000000E+0
1.2361200E+2	6.3624458E+1	6.0060380E+1	0.0000000E+0	0.0000000E+0	1.0000000E+2	0.0000000E+0
1.2366200E+2	6.3641554E+1	6.0069276E+1	0.0000000E+0	0.0000000E+0	1.0000000E+2	0.0000000E+0
1.2371200E+2	6.3659677E+1	6.0055703E+1	0.0000000E+0	0.0000000E+0	1.0000000E+2	0.0000000E+0
1.2376200E+2	6.3709361E+1	6.0065945E+1	0.0000000E+0	0.0000000E+0	1.0000000E+2	0.0000000E+0
1.2381200E+2	6.3746097E+1	6.0051691E+1	0.0000000E+0	0.0000000E+0	1.0000000E+2	0.0000000E+0
1.2386200E+2	6.3803369E+1	6.0049244E+1	0.0000000E+0	0.0000000E+0	1.0000000E+2	0.0000000E+0
1.2391200E+2	6.3850073E+1	6.0043748E+1	0.0000000E+0	0.0000000E+0	1.0000000E+2	0.0000000E+0
1.2396300E+2	6.3477108E+1	6.0145359E+1	0.0000000E+0	0.0000000E+0	1.0000000E+2	0.0000000E+0
1.2401300E+2	6.2505817E+1	6.0046616E+1	0.0000000E+0	0.0000000E+0	1.0000000E+2	0.0000000E+0
1.2406400E+2	6.2526909E+1	6.0028244E+1	0.0000000E+0	0.0000000E+0	1.0000000E+2	0.0000000E+0
1.2411400E+2	6.2570854E+1	6.0039462E+1	0.0000000E+0	0.0000000E+0	1.0000000E+2	0.0000000E+0
1.2416400E+2	6.2593684E+1	6.0037188E+1	0.0000000E+0	0.0000000E+0	1.0000000E+2	0.0000000E+0
1.2421400E+2	6.2639442E+1	6.0050497E+1	0.0000000E+0	0.0000000E+0	1.0000000E+2	0.0000000E+0
1.2426400E+2	6.2660660E+1	6.0026252E+1	0.0000000E+0	0.0000000E+0	1.0000000E+2	0.0000000E+0
1.2431400E+2	6.2724695E+1	6.0040336E+1	0.0000000E+0	0.0000000E+0	1.0000000E+2	0.0000000E+0
1.2436400E+2	6.2764428E+1	6.0025732E+1	0.0000000E+0	0.0000000E+0	1.0000000E+2	0.0000000E+0
1.2441400E+2	6.2812204E+1	6.0033843E+1	0.0000000E+0	0.0000000E+0	1.0000000E+2	0.0000000E+0
1.2446400E+2	6.2840075E+1	6.0021872E+1	0.0000000E+0	0.0000000E+0	1.0000000E+2	0.0000000E+0
1.2451400E+2	6.2893514E+1	6.0013743E+1	0.0000000E+0	0.0000000E+0	1.0000000E+2	0.0000000E+0
1.2456400E+2	6.2975612E+1	6.0034823E+1	0.0000000E+0	0.0000000E+0	1.0000000E+2	0.0000000E+0
1.2461400E+2	6.3032951E+1	6.0039702E+1	0.0000000E+0	0.0000000E+0	1.0000000E+2	0.0000000E+0
1.2466400E+2	6.3064378E+1	6.0027031E+1	0.0000000E+0	0.0000000E+0	1.0000000E+2	0.0000000E+0
1.2471400E+2	6.3125489E+1	6.0028718E+1	0.0000000E+0	0.0000000E+0	1.0000000E+2	0.0000000E+0
1.2476400E+2	6.3174911E+1	6.0031347E+1	0.0000000E+0	0.0000000E+0	1.0000000E+2	0.0000000E+0
1.2481400E+2	6.3227869E+1	6.0030257E+1	0.0000000E+0	0.0000000E+0	1.0000000E+2	0.0000000E+0
1.2486400E+2	6.3282859E+1	6.0031067E+1	0.0000000E+0	0.0000000E+0	1.0000000E+2	0.0000000E+0
1.2491400E+2	6.3329720E+1	6.0036116E+1	0.0000000E+0	0.0000000E+0	1.0000000E+2	0.0000000E+0
1.2496400E+2	6.3387214E+1	6.0039119E+1	0.0000000E+0	0.0000000E+0	1.0000000E+2	0.0000000E+0
1.2501400E+2	6.3432818E+1	6.0036498E+1	0.0000000E+0	0.0000000E+0	1.0000000E+2	0.0000000E+0
1.2506400E+2	6.3502847E+1	6.0038657E+1	0.0000000E+0	0.0000000E+0	1.0000000E+2	0.0000000E+0
1.2511500E+2	6.3554637E+1	6.0036688E+1	0.0000000E+0	0.0000000E+0	1.0000000E+2	0.0000000E+0
1.2516500E+2	6.3617927E+1	6.0049656E+1	0.0000000E+0	0.0000000E+0	1.0000000E+2	0.0000000E+0
1.2521500E+2	6.3656132E+1	6.0038780E+1	0.0000000E+0	0.0000000E+0	1.0000000E+2	0.0000000E+0
1.2526500E+2	6.3110749E+1	6.0123660E+1	0.0000000E+0	0.0000000E+0	1.0000000E+2	0.0000000E+0
1.2531500E+2	6.2501809E+1	6.0021317E+1	0.0000000E+0	0.0000000E+0	1.0000000E+2	0.0000000E+0
1.2536600E+2	6.2534361E+1	6.0003723E+1	0.0000000E+0	0.0000000E+0	1.0000000E+2	0.0000000E+0
1.2541600E+2	6.2548401E+1	6.0013481E+1	0.0000000E+0	0.0000000E+0	1.0000000E+2	0.0000000E+0
1.2546600E+2	6.2596681E+1	6.0029206E+1	0.0000000E+0	0.0000000E+0	1.0000000E+2	0.0000000E+0
1.2551600E+2	6.2675171E+1	6.0048779E+1	0.0000000E+0	0.0000000E+0	1.0000000E+2	0.0000000E+0
1.2556600E+2	6.2730306E+1	6.0033302E+1	0.0000000E+0	0.0000000E+0	1.0000000E+2	0.0000000E+0
1.2561600E+2	6.2768297E+1	6.0022123E+1	0.0000000E+0	0.0000000E+0	1.0000000E+2	0.0000000E+0
1.2566600E+2	6.2834434E+1	6.0010258E+1	0.0000000E+0	0.0000000E+0	1.0000000E+2	0.0000000E+0
1.2571600E+2	6.2900987E+1	6.0016719E+1	0.0000000E+0	0.0000000E+0	1.0000000E+2	0.0000000E+0
1.2576600E+2	6.2958064E+1	6.0027369E+1	0.0000000E+0	0.0000000E+0	1.0000000E+2	0.0000000E+0
1.2581600E+2	6.3018258E+1	6.0022320E+1	0.0000000E+0	0.0000000E+0	1.0000000E+2	0.0000000E+0
1.2586600E+2	6.3076790E+1	6.0013862E+1	0.0000000E+0	0.0000000E+0	1.0000000E+2	0.0000000E+0
1.2591600E+2	6.3123802E+1	6.0014495E+1	0.0000000E+0	0.0000000E+0	1.0000000E+2	0.0000000E+0
1.2596600E+2	6.3188319E+1	6.0016548E+1	0.0000000E+0	0.0000000E+0	1.0000000E+2	0.0000000E+0
1.2601700E+2	6.3221983E+1	6.0002894E+1	0.0000000E+0	0.0000000E+0	1.0000000E+2	0.0000000E+0
1.2606700E+2	6.3292417E+1	6.0008777E+1	0.0000000E+0	0.0000000E+0	1.0000000E+2	0.0000000E+0
1.2611800E+2	6.3338962E+1	6.0000223E+1	0.0000000E+0	0.0000000E+0	1.0000000E+2	0.0000000E+0
1.2616800E+2	6.3405900E+1	6.0003181E+1	0.0000000E+0	0.0000000E+0	1.0000000E+2	0.0000000E+0
1.2621900E+2	6.3477844E+1	6.0016374E+1	0.0000000E+0	0.0000000E+0	1.0000000E+2	0.0000000E+0
1.2627000E+2	6.3540277E+1	6.0025429E+1	0.0000000E+0	0.0000000E+0	1.0000000E+2	0.0000000E+0
1.2632100E+2	6.3613838E+1	6.0025441E+1	0.0000000E+0	0.0000000E+0	1.0000000E+2	0.0000000E+0
1.2637200E+2	6.3654095E+1	6.0016153E+1	0.0000000E+0	0.0000000E+0	1.0000000E+2	0.0000000E+0
1.2642200E+2	6.3704924E+1	6.0024910E+1	0.0000000E+0	0.0000000E+0	1.0000000E+2	0.0000000E+0
1.2647200E+2	6.3715554E+1	6.0015402E+1	0.0000000E+0	0.0000000E+0	1.0000000E+2	0.0000000E+0
1.2652200E+2	6.3766078E+1	6.0010292E+1	0.0000000E+0	0.0000000E+0	1.0000000E+2	0.0000000E+0
1.2657200E+2	6.3807514E+1	5.9996554E+1	0.0000000E+0	0.0000000E+0	1.0000000E+2	0.0000000E+0
1.2662200E+2	6.3844950E+1	5.9977327E+1	0.0000000E+0	0.0000000E+0	1.0000000E+2	0.0000000E+0
1.2667200E+2	6.3895180E+1	5.9963472E+1	0.0000000E+0	0.0000000E+0	1.0000000E+2	0.0000000E+0
1.2672200E+2	6.3009994E+1	6.0071596E+1	0.0000000E+0	0.0000000E+0	1.0000000E+2	0.0000000E+0
1.2677200E+2	6.2741581E+1	5.9950944E+1	0.0000000E+0	0.0000000E+0	1.0000000E+2	0.0000000E+0
1.2682200E+2	6.2793832E+1	5.9973396E+1	0.0000000E+0	0.0000000E+0	1.0000000E+2	0.0000000E+0
1.2687200E+2	6.2840863E+1	5.9965983E+1	0.0000000E+0	0.0000000E+0	1.0000000E+2	0.0000000E+0
1.2692300E+2	6.2873048E+1	5.9961502E+1	0.0000000E+0	0.0000000E+0	1.0000000E+2	0.0000000E+0
1.2697300E+2	6.2911711E+1	5.9954137E+1	0.0000000E+0	0.0000000E+0	1.0000000E+2	0.0000000E+0
1.2702300E+2	6.2964227E+1	5.9949645E+1	0.0000000E+0	0.0000000E+0	1.0000000E+2	0.0000000E+0
1.2707300E+2	6.3013607E+1	5.9955920E+1	0.0000000E+0	0.0000000E+0	1.0000000E+2	0.0000000E+0
1.2712300E+2	6.3055997E+1	5.9930178E+1	0.0000000E+0	0.0000000E+0	1.0000000E+2	0.0000000E+0
1.2717400E+2	6.3117510E+1	5.9932841E+1	0.0000000E+0	0.0000000E+0	1.0000000E+2	0.0000000E+0
1.2722400E+2	6.3177444E+1	5.9934424E+1	0.0000000E+0	0.0000000E+0	1.0000000E+2	0.0000000E+0
1.2727400E+2	6.3223363E+1	5.9945854E+1	0.0000000E+0	0.0000000E+0	1.0000000E+2	0.0000000E+0
1.2732400E+2	6.3284842E+1	5.9938622E+1	0.0000000E+0	0.0000000E+0	1.0000000E+2	0.0000000E+0
1.2737400E+2	6.3359366E+1	5.9963572E+1	0.0000000E+0	0.0000000E+0	1.0000000E+2	0.0000000E+0
1.2742400E+2	6.3397186E+1	5.9958248E+1	0.0000000E+0	0.0000000E+0	1.0000000E+2	0.0000000E+0
1.2747400E+2	6.3403284E+1	5.9943099E+1	0.0000000E+0	0.0000000E+0	1.0000000E+2	0.0000000E+0
1.2752400E+2	6.3461086E+1	5.9944958E+1	0.0000000E+0	0.0000000E+0	1.0000000E+2	0.0000000E+0
1.2757400E+2	6.3499844E+1	5.9947010E+1	0.0000000E+0	0.0000000E+0	1.0000000E+2	0.0000000E+0
1.2762400E+2	6.3574999E+1	5.9939338E+1	0.0000000E+0	0.0000000E+0	1.0000000E+2	0.0000000E+0
1.2767400E+2	6.3640751E+1	5.9953622E+1	0.0000000E+0	0.0000000E+0	1.0000000E+2	0.0000000E+0
1.2772400E+2	6.3701631E+1	5.9959557E+1	0.0000000E+0	0.0000000E+0	1.0000000E+2	0.0000000E+0
1.2777400E+2	6.3762302E+1	5.9961837E+1	0.0000000E+0	0.0000000E+0	1.0000000E+2	0.0000000E+0
1.2782400E+2	6.3813208E+1	5.9960538E+1	0.0000000E+0	0.0000000E+0	1.0000000E+2	0.0000000E+0
1.2787500E+2	6.3860041E+1	5.9957317E+1	0.0000000E+0	0.0000000E+0	1.0000000E+2	0.0000000E+0
1.2792500E+2	6.3918568E+1	5.9963922E+1	0.0000000E+0	0.0000000E+0	1.0000000E+2	0.0000000E+0
1.2797500E+2	6.3953567E+1	5.9957341E+1	0.0000000E+0	0.0000000E+0	1.0000000E+2	0.0000000E+0
1.2802500E+2	6.4018775E+1	5.9961419E+1	0.0000000E+0	0.0000000E+0	1.0000000E+2	0.0000000E+0
1.2807500E+2	6.4048029E+1	5.9952024E+1	0.0000000E+0	0.0000000E+0	1.0000000E+2	0.0000000E+0
1.2812500E+2	6.4120428E+1	5.9963539E+1	0.0000000E+0	0.0000000E+0	1.0000000E+2	0.0000000E+0
1.2817500E+2	6.4161816E+1	5.9960046E+1	0.0000000E+0	0.0000000E+0	1.0000000E+2	0.0000000E+0
1.2822500E+2	6.4213666E+1	5.9974285E+1	0.0000000E+0	0.0000000E+0	1.0000000E+2	0.0000000E+0
1.2827500E+2	6.4290448E+1	5.9991083E+1	0.0000000E+0	0.0000000E+0	1.0000000E+2	0.0000000E+0
1.2832500E+2	6.4360557E+1	6.0002750E+1	0.0000000E+0	0.0000000E+0	1.0000000E+2	0.0000000E+0
1.2837500E+2	6.4386882E+1	5.9993851E+1	0.0000000E+0	0.0000000E+0	1.0000000E+2	0.0000000E+0
1.2842600E+2	6.4391273E+1	5.9989840E+1	0.0000000E+0	0.0000000E+0	1.0000000E+2	0.0000000E+0
1.2847700E+2	6.4433044E+1	6.0000238E+1	0.0000000E+0	0.0000000E+0	1.0000000E+2	0.0000000E+0
1.2852700E+2	6.4479818E+1	6.0003923E+1	0.0000000E+0	0.0000000E+0	1.0000000E+2	0.0000000E+0
1.2857800E+2	6.4520915E+1	6.0009935E+1	0.0000000E+0	0.0000000E+0	1.0000000E+2	0.0000000E+0
1.2862800E+2	6.4577273E+1	6.0003223E+1	0.0000000E+0	0.0000000E+0	1.0000000E+2	0.0000000E+0
1.2867800E+2	6.4626452E+1	6.0013305E+1	0.0000000E+0	0.0000000E+0	1.0000000E+2	0.0000000E+0
1.2872800E+2	6.4661168E+1	6.0007913E+1	0.0000000E+0	0.0000000E+0	1.0000000E+2	0.0000000E+0
1.2877800E+2	6.4705786E+1	5.9998592E+1	0.0000000E+0	0.0000000E+0	1.0000000E+2	0.0000000E+0
1.2882800E+2	6.4753383E+1	6.0008778E+1	0.0000000E+0	0.0000000E+0	1.0000000E+2	0.0000000E+0
1.2887800E+2	6.4793620E+1	6.0007603E+1	0.0000000E+0	0.0000000E+0	1.0000000E+2	0.0000000E+0
1.2892800E+2	6.4839578E+1	6.0007830E+1	0.0000000E+0	0.0000000E+0	1.0000000E+2	0.0000000E+0
1.2897900E+2	6.4897647E+1	6.0008170E+1	0.0000000E+0	0.0000000E+0	1.0000000E+2	0.0000000E+0
1.2902900E+2	6.3985233E+1	6.0161518E+1	0.0000000E+0	0.0000000E+0	1.0000000E+2	0.0000000E+0
1.2908000E+2	6.2922948E+1	5.9965619E+1	0.0000000E+0	0.0000000E+0	1.0000000E+2	0.0000000E+0
1.2913000E+2	6.2975199E+1	5.9996253E+1	0.0000000E+0	0.0000000E+0	1.0000000E+2	0.0000000E+0
1.2918000E+2	6.3007784E+1	5.9991357E+1	0.0000000E+0	0.0000000E+0	1.0000000E+2	0.0000000E+0
1.2923000E+2	6.3033546E+1	6.0005148E+1	0.0000000E+0	0.0000000E+0	1.0000000E+2	0.0000000E+0
1.2928200E+2	6.3077225E+1	6.0000900E+1	0.0000000E+0	0.0000000E+0	1.0000000E+2	0.0000000E+0
1.2933200E+2	6.3123324E+1	6.0007106E+1	0.0000000E+0	0.0000000E+0	1.0000000E+2	0.0000000E+0
1.2938200E+2	6.3132938E+1	6.0012300E+1	0.0000000E+0	0.0000000E+0	1.0000000E+2	0.0000000E+0
1.2943200E+2	6.3156349E+1	6.0007559E+1	0.0000000E+0	0.0000000E+0	1.0000000E+2	0.0000000E+0
1.2948200E+2	6.3206422E+1	6.0006137E+1	0.0000000E+0	0.0000000E+0	1.0000000E+2	0.0000000E+0
1.2953200E+2	6.3263275E+1	6.0033059E+1	0.0000000E+0	0.0000000E+0	1.0000000E+2	0.0000000E+0
1.2958200E+2	6.3297961E+1	6.0020418E+1	0.0000000E+0	0.0000000E+0	1.0000000E+2	0.0000000E+0
1.2963200E+2	6.3332888E+1	6.0028766E+1	0.0000000E+0	0.0000000E+0	1.0000000E+2	0.0000000E+0
1.2968200E+2	6.3386771E+1	6.0018810E+1	0.0000000E+0	0.0000000E+0	1.0000000E+2	0.0000000E+0
1.2973200E+2	6.3458573E+1	6.0039964E+1	0.0000000E+0	0.0000000E+0	1.0000000E+2	0.0000000E+0
1.2978200E+2	6.3508398E+1	6.0031367E+1	0.0000000E+0	0.0000000E+0	1.0000000E+2	0.0000000E+0
1.2983200E+2	6.3550154E+1	6.0023349E+1	0.0000000E+0	0.0000000E+0	1.0000000E+2	0.0000000E+0
1.2988200E+2	6.3614957E+1	6.0030684E+1	0.0000000E+0	0.0000000E+0	1.0000000E+2	0.0000000E+0
1.2993200E+2	6.3674662E+1	6.0050499E+1	0.0000000E+0	0.0000000E+0	1.0000000E+2	0.0000000E+0
1.2998200E+2	6.3478235E+1	6.0090755E+1	0.0000000E+0	0.0000000E+0	1.0000000E+2	0.0000000E+0
1.3003200E+2	6.2819645E+1	6.0065213E+1	0.0000000E+0	0.0000000E+0	1.0000000E+2	0.0000000E+0
1.3008200E+2	6.2844939E+1	6.0049180E+1	0.0000000E+0	0.0000000E+0	1.0000000E+2	0.0000000E+0
1.3013200E+2	6.2900348E+1	6.0051219E+1	0.0000000E+0	0.0000000E+0	1.0000000E+2	0.0000000E+0
1.3018200E+2	6.2954374E+1	6.0054403E+1	0.0000000E+0	0.0000000E+0	1.0000000E+2	0.0000000E+0
1.3023200E+2	6.3001827E+1	6.0043575E+1	0.0000000E+0	0.0000000E+0	1.0000000E+2	0.0000000E+0
1.3028200E+2	6.3043401E+1	6.0065294E+1	0.0000000E+0	0.0000000E+0	1.0000000E+2	0.0000000E+0
1.3033200E+2	6.3047219E+1	6.0045206E+1	0.0000000E+0	0.0000000E+0	1.0000000E+2	0.0000000E+0
1.3038200E+2	6.3087353E+1	6.0045247E+1	0.0000000E+0	0.0000000E+0	1.0000000E+2	0.0000000E+0
1.3043200E+2	6.3138581E+1	6.0036139E+1	0.0000000E+0	0.0000000E+0	1.0000000E+2	0.0000000E+0
1.3048200E+2	6.3229960E+1	6.0048395E+1	0.0000000E+0	0.0000000E+0	1.0000000E+2	0.0000000E+0
1.3053200E+2	6.2960912E+1	6.0078000E+1	0.0000000E+0	0.0000000E+0	1.0000000E+2	0.0000000E+0
1.3058200E+2	6.2920484E+1	6.0045771E+1	0.0000000E+0	0.0000000E+0	1.0000000E+2	0.0000000E+0
1.3063200E+2	6.2950148E+1	6.0042935E+1	0.0000000E+0	0.0000000E+0	1.0000000E+2	0.0000000E+0
1.3068200E+2	6.2990926E+1	6.0036892E+1	0.0000000E+0	0.0000000E+0	1.0000000E+2	0.0000000E+0
1.3073200E+2	6.3019917E+1	6.0038845E+1	0.0000000E+0	0.0000000E+0	1.0000000E+2	0.0000000E+0
1.3078200E+2	6.3051326E+1	6.0034734E+1	0.0000000E+0	0.0000000E+0	1.0000000E+2	0.0000000E+0
1.3083200E+2	6.3100868E+1	6.0028664E+1	0.0000000E+0	0.0000000E+0	1.0000000E+2	0.0000000E+0
1.3088200E+2	6.3166639E+1	6.0039793E+1	0.0000000E+0	0.0000000E+0	1.0000000E+2	0.0000000E+0
1.3093200E+2	6.3217596E+1	6.0049472E+1	0.0000000E+0	0.0000000E+0	1.0000000E+2	0.0000000E+0
1.3098200E+2	6.3277993E+1	6.0064277E+1	0.0000000E+0	0.0000000E+0	1.0000000E+2	0.0000000E+0
1.3103200E+2	6.3311913E+1	6.0047319E+1	0.0000000E+0	0.0000000E+0	1.0000000E+2	0.0000000E+0
1.3108200E+2	6.3352933E+1	6.0033299E+1	0.0000000E+0	0.0000000E+0	1.0000000E+2	0.0000000E+0
1.3113200E+2	6.3408678E+1	6.0047127E+1	0.0000000E+0	0.0000000E+0	1.0000000E+2	0.0000000E+0
1.3118200E+2	6.3446669E+1	6.0062915E+1	0.0000000E+0	0.0000000E+0	1.0000000E+2	0.0000000E+0
1.3123200E+2	6.3481941E+1	6.0038179E+1	0.0000000E+0	0.0000000E+0	1.0000000E+2	0.0000000E+0
1.3128200E+2	6.3511891E+1	6.0030120E+1	0.0000000E+0	0.0000000E+0	1.0000000E+2	0.0000000E+0
1.3133200E+2	6.3556416E+1	6.0033399E+1	0.0000000E+0	0.0000000E+0	1.0000000E+2	0.0000000E+0
1.3138300E+2	6.3609506E+1	6.0034367E+1	0.0000000E+0	0.0000000E+0	1.0000000E+2	0.0000000E+0
1.3143400E+2	6.3671995E+1	6.0048306E+1	0.0000000E+0	0.0000000E+0	1.0000000E+2	0.0000000E+0
1.3148400E+2	6.3685662E+1	6.0036234E+1	0.0000000E+0	0.0000000E+0	1.0000000E+2	0.0000000E+0
1.3153500E+2	6.3736457E+1	6.0036109E+1	0.0000000E+0	0.0000000E+0	1.0000000E+2	0.0000000E+0
1.3158600E+2	6.3794684E+1	6.0034252E+1	0.0000000E+0	0.0000000E+0	1.0000000E+2	0.0000000E+0
1.3163700E+2	6.3851727E+1	6.0042827E+1	0.0000000E+0	0.0000000E+0	1.0000000E+2	0.0000000E+0
1.3168800E+2	6.3900352E+1	6.0045291E+1	0.0000000E+0	0.0000000E+0	1.0000000E+2	0.0000000E+0
1.3173800E+2	6.3960171E+1	6.0047520E+1	0.0000000E+0	0.0000000E+0	1.0000000E+2	0.0000000E+0
1.3178800E+2	6.3994706E+1	6.0042986E+1	0.0000000E+0	0.0000000E+0	1.0000000E+2	0.0000000E+0
1.3183800E+2	6.4039487E+1	6.0035049E+1	0.0000000E+0	0.0000000E+0	1.0000000E+2	0.0000000E+0
1.3188800E+2	6.4088391E+1	6.0028904E+1	0.0000000E+0	0.0000000E+0	1.0000000E+2	0.0000000E+0
1.3193800E+2	6.4133962E+1	6.0020177E+1	0.0000000E+0	0.0000000E+0	1.0000000E+2	0.0000000E+0
1.3198900E+2	6.4216028E+1	6.0038739E+1	0.0000000E+0	0.0000000E+0	1.0000000E+2	0.0000000E+0
1.3204000E+2	6.4278702E+1	6.0046068E+1	0.0000000E+0	0.0000000E+0	1.0000000E+2	0.0000000E+0
1.3209000E+2	6.4334359E+1	6.0041557E+1	0.0000000E+0	0.0000000E+0	1.0000000E+2	0.0000000E+0
1.3214000E+2	6.4387335E+1	6.0039761E+1	0.0000000E+0	0.0000000E+0	1.0000000E+2	0.0000000E+0
1.3219000E+2	6.4423095E+1	6.0042927E+1	0.0000000E+0	0.0000000E+0	1.0000000E+2	0.0000000E+0
1.3224000E+2	6.4474052E+1	6.0051686E+1	0.0000000E+0	0.0000000E+0	1.0000000E+2	0.0000000E+0
1.3229000E+2	6.4550979E+1	6.0059122E+1	0.0000000E+0	0.0000000E+0	1.0000000E+2	0.0000000E+0
1.3234000E+2	6.4602316E+1	6.0059833E+1	0.0000000E+0	0.0000000E+0	1.0000000E+2	0.0000000E+0
1.3239000E+2	6.4625175E+1	6.0047818E+1	0.0000000E+0	0.0000000E+0	1.0000000E+2	0.0000000E+0
1.3244000E+2	6.3341575E+1	6.0178238E+1	0.0000000E+0	0.0000000E+0	1.0000000E+2	0.0000000E+0
1.3249000E+2	6.2716421E+1	5.9993629E+1	0.0000000E+0	0.0000000E+0	1.0000000E+2	0.0000000E+0
1.3254000E+2	6.2790659E+1	6.0014552E+1	0.0000000E+0	0.0000000E+0	1.0000000E+2	0.0000000E+0
1.3259000E+2	6.2827750E+1	6.0014106E+1	0.0000000E+0	0.0000000E+0	1.0000000E+2	0.0000000E+0
1.3264000E+2	6.2885042E+1	6.0022379E+1	0.0000000E+0	0.0000000E+0	1.0000000E+2	0.0000000E+0
1.3269000E+2	6.2939746E+1	6.0019774E+1	0.0000000E+0	0.0000000E+0	1.0000000E+2	0.0000000E+0
1.3274000E+2	6.2984166E+1	6.0013218E+1	0.0000000E+0	0.0000000E+0	1.0000000E+2	0.0000000E+0
1.3279100E+2	6.3028412E+1	6.0010434E+1	0.0000000E+0	0.0000000E+0	1.0000000E+2	0.0000000E+0
1.3284100E+2	6.3086090E+1	6.0006489E+1	0.0000000E+0	0.0000000E+0	1.0000000E+2	0.0000000E+0
1.3289100E+2	6.3129836E+1	6.0017786E+1	0.0000000E+0	0.0000000E+0	1.0000000E+2	0.0000000E+0
1.3294100E+2	6.3155045E+1	5.9986351E+1	0.0000000E+0	0.0000000E+0	1.0000000E+2	0.0000000E+0
1.3299100E+2	6.3234193E+1	6.0003492E+1	0.0000000E+0	0.0000000E+0	1.0000000E+2	0.0000000E+0
1.3304100E+2	6.3311545E+1	6.0047371E+1	0.0000000E+0	0.0000000E+0	1.0000000E+2	0.0000000E+0
1.3309200E+2	6.3353775E+1	6.0014675E+1	0.0000000E+0	0.0000000E+0	1.0000000E+2	0.0000000E+0
1.3314200E+2	6.3396154E+1	6.0012271E+1	0.0000000E+0	0.0000000E+0	1.0000000E+2	0.0000000E+0
1.3319200E+2	6.3451396E+1	6.0031365E+1	0.0000000E+0	0.0000000E+0	1.0000000E+2	0.0000000E+0
1.3324300E+2	6.3471289E+1	6.0014479E+1	0.0000000E+0	0.0000000E+0	1.0000000E+2	0.0000000E+0
1.3329400E+2	6.3542467E+1	6.0027193E+1	0.0000000E+0	0.0000000E+0	1.0000000E+2	0.0000000E+0
1.3334400E+2	6.3580800E+1	6.0020512E+1	0.0000000E+0	0.0000000E+0	1.0000000E+2	0.0000000E+0
1.3339400E+2	6.3622151E+1	6.0021184E+1	0.0000000E+0	0.0000000E+0	1.0000000E+2	0.0000000E+0
1.3344400E+2	6.3674628E+1	6.0011067E+1	0.0000000E+0	0.0000000E+0	1.0000000E+2	0.0000000E+0
1.3349400E+2	6.3723738E+1	6.0023001E+1	0.0000000E+0	0.0000000E+0	1.0000000E+2	0.0000000E+0
1.3354400E+2	6.3746696E+1	6.0027226E+1	0.0000000E+0	0.0000000E+0	1.0000000E+2	0.0000000E+0
1.3359400E+2	6.3768847E+1	6.0034442E+1	0.0000000E+0	0.0000000E+0	1.0000000E+2	0.0000000E+0
1.3364400E+2	6.3824682E+1	6.0037698E+1	0.0000000E+0	0.0000000E+0	1.0000000E+2	0.0000000E+0
1.3369400E+2	6.3865933E+1	6.0029433E+1	0.0000000E+0	0.0000000E+0	1.0000000E+2	0.0000000E+0
1.3374500E+2	6.3918694E+1	6.0024366E+1	0.0000000E+0	0.0000000E+0	1.0000000E+2	0.0000000E+0
1.3379500E+2	6.3969794E+1	6.0027734E+1	0.0000000E+0	0.0000000E+0	1.0000000E+2	0.0000000E+0
1.3384500E+2	6.4024854E+1	6.0021576E+1	0.0000000E+0	0.0000000E+0	1.0000000E+2	0.0000000E+0
1.3389500E+2	6.4088907E+1	6.0030692E+1	0.0000000E+0	0.0000000E+0	1.0000000E+2	0.0000000E+0
1.3394500E+2	6.4108218E+1	6.0029751E+1	0.0000000E+0	0.0000000E+0	1.0000000E+2	0.0000000E+0
1.3399500E+2	6.4137238E+1	6.0020274E+1	0.0000000E+0	0.0000000E+0	1.0000000E+2	0.0000000E+0
1.3404600E+2	6.4208411E+1	6.0014346E+1	0.0000000E+0	0.0000000E+0	1.0000000E+2	0.0000000E+0
1.3409700E+2	6.4268348E+1	6.0024700E+1	0.0000000E+0	0.0000000E+0	1.0000000E+2	0.0000000E+0
1.3414700E+2	6.4210528E+1	6.0056742E+1	0.0000000E+0	0.0000000E+0	1.0000000E+2	0.0000000E+0
1.3419800E+2	6.3070964E+1	6.0082001E+1	0.0000000E+0	0.0000000E+0	1.0000000E+2	0.0000000E+0
1.3424800E+2	6.3047268E+1	5.9999723E+1	0.0000000E+0	0.0000000E+0	1.0000000E+2	0.0000000E+0
1.3429800E+2	6.3100215E+1	6.0019134E+1	0.0000000E+0	0.0000000E+0	1.0000000E+2	0.0000000E+0
1.3434800E+2	6.3162231E+1	6.0027855E+1	0.0000000E+0	0.0000000E+0	1.0000000E+2	0.0000000E+0
1.3439800E+2	6.3207588E+1	6.0030716E+1	0.0000000E+0	0.0000000E+0	1.0000000E+2	0.0000000E+0
1.3445000E+2	6.3256235E+1	6.0030163E+1	0.0000000E+0	0.0000000E+0	1.0000000E+2	0.0000000E+0
1.3450000E+2	6.3317321E+1	6.0039968E+1	0.0000000E+0	0.0000000E+0	1.0000000E+2	0.0000000E+0
1.3455000E+2	6.3357211E+1	6.0036965E+1	0.0000000E+0	0.0000000E+0	1.0000000E+2	0.0000000E+0
1.3460000E+2	6.3396449E+1	6.0045887E+1	0.0000000E+0	0.0000000E+0	1.0000000E+2	0.0000000E+0
1.3465000E+2	6.3448969E+1	6.0045532E+1	0.0000000E+0	0.0000000E+0	1.0000000E+2	0.0000000E+0
1.3470000E+2	6.3483265E+1	6.0043966E+1	0.0000000E+0	0.0000000E+0	1.0000000E+2	0.0000000E+0
1.3475000E+2	6.3483936E+1	6.0019603E+1	0.0000000E+0	0.0000000E+0	1.0000000E+2	0.0000000E+0
1.3480000E+2	6.3517179E+1	6.0026113E+1	0.0000000E+0	0.0000000E+0	1.0000000E+2	0.0000000E+0
1.3485000E+2	6.3582511E+1	6.0031486E+1	0.0000000E+0	0.0000000E+0	1.0000000E+2	0.0000000E+0
1.3490000E+2	6.3634612E+1	6.0038283E+1	0.0000000E+0	0.0000000E+0	1.0000000E+2	0.0000000E+0
1.3495000E+2	6.3676308E+1	6.0037917E+1	0.0000000E+0	0.0000000E+0	1.0000000E+2	0.0000000E+0
1.3500000E+2	6.3739008E+1	6.0040968E+1	0.0000000E+0	0.0000000E+0	1.0000000E+2	0.0000000E+0
1.3505000E+2	6.3782714E+1	6.0063085E+1	0.0000000E+0	0.0000000E+0	1.0000000E+2	0.0000000E+0
1.3510000E+2	6.3809636E+1	6.0043700E+1	0.0000000E+0	0.0000000E+0	1.0000000E+2	0.0000000E+0
1.3515000E+2	6.3847851E+1	6.0047000E+1	0.0000000E+0	0.0000000E+0	1.0000000E+2	0.0000000E+0
1.3520000E+2	6.3908786E+1	6.0060214E+1	0.0000000E+0	0.0000000E+0	1.0000000E+2	0.0000000E+0
1.3525000E+2	6.3953921E+1	6.0049105E+1	0.0000000E+0	0.0000000E+0	1.0000000E+2	0.0000000E+0
1.3530000E+2	6.4017476E+1	6.0065154E+1	0.0000000E+0	0.0000000E+0	1.0000000E+2	0.0000000E+0
1.3535000E+2	6.4071251E+1	6.0068785E+1	0.0000000E+0	0.0000000E+0	1.0000000E+2	0.0000000E+0
1.3540000E+2	6.4124160E+1	6.0076765E+1	0.0000000E+0	0.0000000E+0	1.0000000E+2	0.0000000E+0
1.3545000E+2	6.4161247E+1	6.0069336E+1	0.0000000E+0	0.0000000E+0	1.0000000E+2	0.0000000E+0
1.3550100E+2	6.4217215E+1	6.0063518E+1	0.0000000E+0	0.0000000E+0	1.0000000E+2	0.0000000E+0
1.3555200E+2	6.4271507E+1	6.0055474E+1	0.0000000E+0	0.0000000E+0	1.0000000E+2	0.0000000E+0
1.3560200E+2	6.4342949E+1	6.0061772E+1	0.0000000E+0	0.0000000E+0	1.0000000E+2	0.0000000E+0
1.3565200E+2	6.4381923E+1	6.0070186E+1	0.0000000E+0	0.0000000E+0	1.0000000E+2	0.0000000E+0
1.3570200E+2	6.4449184E+1	6.0069424E+1	0.0000000E+0	0.0000000E+0	1.0000000E+2	0.0000000E+0
1.3575200E+2	6.4499604E+1	6.0065145E+1	0.0000000E+0	0.0000000E+0	1.0000000E+2	0.0000000E+0
1.3580200E+2	6.4576109E+1	6.0083146E+1	0.0000000E+0	0.0000000E+0	1.0000000E+2	0.0000000E+0
1.3585200E+2	6.4543190E+1	6.0089660E+1	0.0000000E+0	0.0000000E+0	1.0000000E+2	0.0000000E+0
1.3590300E+2	6.3322325E+1	6.0129152E+1	0.0000000E+0	0.0000000E+0	1.0000000E+2	0.0000000E+0
1.3595300E+2	6.3296531E+1	6.0031553E+1	0.0000000E+0	0.0000000E+0	1.0000000E+2	0.0000000E+0
1.3600300E+2	6.3366969E+1	6.0048285E+1	0.0000000E+0	0.0000000E+0	1.0000000E+2	0.0000000E+0
1.3605300E+2	6.3419487E+1	6.0055759E+1	0.0000000E+0	0.0000000E+0	1.0000000E+2	0.0000000E+0
1.3610300E+2	6.3474994E+1	6.0058531E+1	0.0000000E+0	0.0000000E+0	1.0000000E+2	0.0000000E+0
1.3615300E+2	6.3518752E+1	6.0059352E+1	0.0000000E+0	0.0000000E+0	1.0000000E+2	0.0000000E+0
1.3620300E+2	6.3563109E+1	6.0068743E+1	0.0000000E+0	0.0000000E+0	1.0000000E+2	0.0000000E+0
1.3625300E+2	6.3629194E+1	6.0056862E+1	0.0000000E+0	0.0000000E+0	1.0000000E+2	0.0000000E+0
1.3630300E+2	6.3676508E+1	6.0050911E+1	0.0000000E+0	0.0000000E+0	1.0000000E+2	0.0000000E+0
1.3635300E+2	6.3745262E+1	6.0062016E+1	0.0000000E+0	0.0000000E+0	1.0000000E+2	0.0000000E+0
1.3640300E+2	6.3794004E+1	6.0062862E+1	0.0000000E+0	0.0000000E+0	1.0000000E+2	0.0000000E+0
1.3645300E+2	6.3858237E+1	6.0067519E+1	0.0000000E+0	0.0000000E+0	1.0000000E+2	0.0000000E+0
1.3650300E+2	6.3930564E+1	6.0069447E+1	0.0000000E+0	0.0000000E+0	1.0000000E+2	0.0000000E+0
1.3655300E+2	6.3949382E+1	6.0075016E+1	0.0000000E+0	0.0000000E+0	1.0000000E+2	0.0000000E+0
1.3660300E+2	6.3978117E+1	6.0071265E+1	0.0000000E+0	0.0000000E+0	1.0000000E+2	0.0000000E+0
1.3665300E+2	6.4048575E+1	6.0086513E+1	0.0000000E+0	0.0000000E+0	1.0000000E+2	0.0000000E+0
1.3670300E+2	6.4120095E+1	6.0092339E+1	0.0000000E+0	0.0000000E+0	1.0000000E+2	0.0000000E+0
1.3675300E+2	6.4194241E+1	6.0092206E+1	0.0000000E+0	0.0000000E+0	1.0000000E+2	0.0000000E+0
1.3680300E+2	6.4240503E+1	6.0077503E+1	0.0000000E+0	0.0000000E+0	1.0000000E+2	0.0000000E+0
1.3685300E+2	6.4296569E+1	6.0092065E+1	0.0000000E+0	0.0000000E+0	1.0000000E+2	0.0000000E+0
1.3690400E+2	6.4374235E+1	6.0089949E+1	0.0000000E+0	0.0000000E+0	1.0000000E+2	0.0000000E+0
1.3695400E+2	6.4429911E+1	6.0098579E+1	0.0000000E+0	0.0000000E+0	1.0000000E+2	0.0000000E+0
1.3700400E+2	6.4476962E+1	6.0093934E+1	0.0000000E+0	0.0000000E+0	1.0000000E+2	0.0000000E+0
1.3705400E+2	6.3670895E+1	6.0176778E+1	0.0000000E+0	0.0000000E+0	1.0000000E+2	0.0000000E+0
1.3710400E+2	6.3387164E+1	6.0051907E+1	0.0000000E+0	0.0000000E+0	1.0000000E+2	0.0000000E+0
1.3715400E+2	6.3476297E+1	6.0097886E+1	0.0000000E+0	0.0000000E+0	1.0000000E+2	0.0000000E+0
1.3720400E+2	6.3536366E+1	6.0089845E+1	0.0000000E+0	0.0000000E+0	1.0000000E+2	0.0000000E+0
1.3725400E+2	6.3578378E+1	6.0088894E+1	0.0000000E+0	0.0000000E+0	1.0000000E+2	0.0000000E+0
1.3730500E+2	6.3643357E+1	6.0092774E+1	0.0000000E+0	0.0000000E+0	1.0000000E+2	0.0000000E+0
1.3735500E+2	6.3710393E+1	6.0097960E+1	0.0000000E+0	0.0000000E+0	1.0000000E+2	0.0000000E+0
1.3740500E+2	6.3763551E+1	6.0100292E+1	0.0000000E+0	0.0000000E+0	1.0000000E+2	0.0000000E+0
1.3745500E+2	6.3820879E+1	6.0100983E+1	0.0000000E+0	0.0000000E+0	1.0000000E+2	0.0000000E+0
1.3750500E+2	6.3865409E+1	6.0111963E+1	0.0000000E+0	0.0000000E+0	1.0000000E+2	0.0000000E+0
1.3755500E+2	6.3901267E+1	6.0109478E+1	0.0000000E+0	0.0000000E+0	1.0000000E+2	0.0000000E+0
1.3760500E+2	6.3946420E+1	6.0101775E+1	0.0000000E+0	0.0000000E+0	1.0000000E+2	0.0000000E+0
1.3765500E+2	6.3976034E+1	6.0092231E+1	0.0000000E+0	0.0000000E+0	1.0000000E+2	0.0000000E+0
1.3770500E+2	6.3989367E+1	6.0090267E+1	0.0000000E+0	0.0000000E+0	1.0000000E+2	0.0000000E+0
1.3775500E+2	6.4040508E+1	6.0101765E+1	0.0000000E+0	0.0000000E+0	1.0000000E+2	0.0000000E+0
1.3780600E+2	6.4095039E+1	6.0111754E+1	0.0000000E+0	0.0000000E+0	1.0000000E+2	0.0000000E+0
1.3785600E+2	6.4156634E+1	6.0104382E+1	0.0000000E+0	0.0000000E+0	1.0000000E+2	0.0000000E+0
1.3790600E+2	6.4189356E+1	6.0101945E+1	0.0000000E+0	0.0000000E+0	1.0000000E+2	0.0000000E+0
1.3795600E+2	6.4231056E+1	6.0106411E+1	0.0000000E+0	0.0000000E+0	1.0000000E+2	0.0000000E+0
1.3800600E+2	6.4273970E+1	6.0088922E+1	0.0000000E+0	0.0000000E+0	1.0000000E+2	0.0000000E+0
1.3805600E+2	6.4338113E+1	6.0089005E+1	0.0000000E+0	0.0000000E+0	1.0000000E+2	0.0000000E+0
1.3810600E+2	6.4412074E+1	6.0084176E+1	0.0000000E+0	0.0000000E+0	1.0000000E+2	0.0000000E+0
1.3815600E+2	6.4495483E+1	6.0093853E+1	0.0000000E+0	0.0000000E+0	1.0000000E+2	0.0000000E+0
1.3820600E+2	6.4573585E+1	6.0115858E+1	0.0000000E+0	0.0000000E+0	1.0000000E+2	0.0000000E+0
1.3825600E+2	6.4608195E+1	6.0107074E+1	0.0000000E+0	0.0000000E+0	1.0000000E+2	0.0000000E+0
1.3830700E+2	6.4664137E+1	6.0099492E+1	0.0000000E+0	0.0000000E+0	1.0000000E+2	0.0000000E+0
1.3835700E+2	6.4719021E+1	6.0102966E+1	0.0000000E+0	0.0000000E+0	1.0000000E+2	0.0000000E+0
1.3840800E+2	6.4758962E+1	6.0093287E+1	0.0000000E+0	0.0000000E+0	1.0000000E+2	0.0000000E+0
1.3845900E+2	6.4819016E+1	6.0098560E+1	0.0000000E+0	0.0000000E+0	1.0000000E+2	0.0000000E+0
1.3850900E+2	6.4878463E+1	6.0098687E+1	0.0000000E+0	0.0000000E+0	1.0000000E+2	0.0000000E+0
1.3855900E+2	6.4935815E+1	6.0094755E+1	0.0000000E+0	0.0000000E+0	1.0000000E+2	0.0000000E+0
1.3860900E+2	6.3877565E+1	6.0232758E+1	0.0000000E+0	0.0000000E+0	1.0000000E+2	0.0000000E+0
1.3865900E+2	6.3234436E+1	6.0055499E+1	0.0000000E+0	0.0000000E+0	1.0000000E+2	0.0000000E+0
1.3870900E+2	6.3297712E+1	6.0076584E+1	0.0000000E+0	0.0000000E+0	1.0000000E+2	0.0000000E+0
1.3875900E+2	6.3340949E+1	6.0080381E+1	0.0000000E+0	0.0000000E+0	1.0000000E+2	0.0000000E+0
1.3880900E+2	6.3388479E+1	6.0073905E+1	0.0000000E+0	0.0000000E+0	1.0000000E+2	0.0000000E+0
1.3886000E+2	6.3417263E+1	6.0063739E+1	0.0000000E+0	0.0000000E+0	1.0000000E+2	0.0000000E+0
1.3891000E+2	6.3425456E+1	6.0066786E+1	0.0000000E+0	0.0000000E+0	1.0000000E+2	0.0000000E+0
1.3896100E+2	6.3480136E+1	6.0073998E+1	0.0000000E+0	0.0000000E+0	1.0000000E+2	0.0000000E+0
1.3901100E+2	6.3524871E+1	6.0063709E+1	0.0000000E+0	0.0000000E+0	1.0000000E+2	0.0000000E+0
1.3906200E+2	6.3557924E+1	6.0065896E+1	0.0000000E+0	0.0000000E+0	1.0000000E+2	0.0000000E+0
1.3911200E+2	6.3598073E+1	6.0062039E+1	0.0000000E+0	0.0000000E+0	1.0000000E+2	0.0000000E+0
1.3916200E+2	6.3652022E+1	6.0071198E+1	0.0000000E+0	0.0000000E+0	1.0000000E+2	0.0000000E+0
1.3921200E+2	6.3698010E+1	6.0064921E+1	0.0000000E+0	0.0000000E+0	1.0000000E+2	0.0000000E+0
1.3926200E+2	6.3756382E+1	6.0079935E+1	0.0000000E+0	0.0000000E+0	1.0000000E+2	0.0000000E+0
1.3931200E+2	6.3791832E+1	6.0074023E+1	0.0000000E+0	0.0000000E+0	1.0000000E+2	0.0000000E+0
1.3936200E+2	6.3848868E+1	6.0092875E+1	0.0000000E+0	0.0000000E+0	1.0000000E+2	0.0000000E+0
1.3941200E+2	6.3884282E+1	6.0087651E+1	0.0000000E+0	0.0000000E+0	1.0000000E+2	0.0000000E+0
1.3946200E+2	6.3919390E+1	6.0090926E+1	0.0000000E+0	0.0000000E+0	1.0000000E+2	0.0000000E+0
1.3951200E+2	6.3961105E+1	6.0084939E+1	0.0000000E+0	0.0000000E+0	1.0000000E+2	0.0000000E+0
1.3956200E+2	6.4037969E+1	6.0099712E+1	0.0000000E+0	0.0000000E+0	1.0000000E+2	0.0000000E+0
1.3961200E+2	6.4091322E+1	6.0097035E+1	0.0000000E+0	0.0000000E+0	1.0000000E+2	0.0000000E+0
1.3966300E+2	6.4142280E+1	6.0090799E+1	0.0000000E+0	0.0000000E+0	1.0000000E+2	0.0000000E+0
1.3971300E+2	6.4215757E+1	6.0117274E+1	0.0000000E+0	0.0000000E+0	1.0000000E+2	0.0000000E+0
1.3976400E+2	6.4242278E+1	6.0106294E+1	0.0000000E+0	0.0000000E+0	1.0000000E+2	0.0000000E+0
1.3981400E+2	6.4299916E+1	6.0094517E+1	0.0000000E+0	0.0000000E+0	1.0000000E+2	0.0000000E+0
1.3986400E+2	6.4353117E+1	6.0098004E+1	0.0000000E+0	0.0000000E+0	1.0000000E+2	0.0000000E+0
1.3991400E+2	6.4426748E+1	6.0104209E+1	0.0000000E+0	0.0000000E+0	1.0000000E+2	0.0000000E+0
1.3996400E+2	6.4470474E+1	6.0103002E+1	0.0000000E+0	0.0000000E+0	1.0000000E+2	0.0000000E+0
1.4001400E+2	6.4508211E+1	6.0107884E+1	0.0000000E+0	0.0000000E+0	1.0000000E+2	0.0000000E+0
1.4006400E+2	6.4558910E+1	6.0102642E+1	0.0000000E+0	0.0000000E+0	1.0000000E+2	0.0000000E+0
1.4011400E+2	6.4620480E+1	6.0114751E+1	0.0000000E+0	0.0000000E+0	1.0000000E+2	0.0000000E+0
1.4016400E+2	6.4658449E+1	6.0103488E+1	0.0000000E+0	0.0000000E+0	1.0000000E+2	0.0000000E+0
1.4021400E+2	6.4705220E+1	6.0093916E+1	0.0000000E+0	0.0000000E+0	1.0000000E+2	0.0000000E+0
1.4026400E+2	6.4738144E+1	6.0111158E+1	0.0000000E+0	0.0000000E+0	1.0000000E+2	0.0000000E+0
1.4031400E+2	6.4788606E+1	6.0101282E+1	0.0000000E+0	0.0000000E+0	1.0000000E+2	0.0000000E+0
1.4036400E+2	6.4849696E+1	6.0103073E+1	0.0000000E+0	0.0000000E+0	1.0000000E+2	0.0000000E+0
1.4041400E+2	6.4920661E+1	6.0109719E+1	0.0000000E+0	0.0000000E+0	1.0000000E+2	0.0000000E+0
1.4046400E+2	6.3810194E+1	6.0243770E+1	0.0000000E+0	0.0000000E+0	1.0000000E+2	0.0000000E+0
1.4051400E+2	6.3111741E+1	6.0065576E+1	0.0000000E+0	0.0000000E+0	1.0000000E+2	0.0000000E+0
1.4056500E+2	6.3208739E+1	6.0094722E+1	0.0000000E+0	0.0000000E+0	1.0000000E+2	0.0000000E+0
1.4061500E+2	6.3246524E+1	6.0104371E+1	0.0000000E+0	0.0000000E+0	1.0000000E+2	0.0000000E+0
1.4066500E+2	6.3290434E+1	6.0088620E+1	0.0000000E+0	0.0000000E+0	1.0000000E+2	0.0000000E+0
1.4071500E+2	6.3361791E+1	6.0110644E+1	0.0000000E+0	0.0000000E+0	1.0000000E+2	0.0000000E+0
1.4076500E+2	6.3422827E+1	6.0119021E+1	0.0000000E+0	0.0000000E+0	1.0000000E+2	0.0000000E+0
1.4081600E+2	6.3507765E+1	6.0139875E+1	0.0000000E+0	0.0000000E+0	1.0000000E+2	0.0000000E+0
1.4086700E+2	6.3554280E+1	6.0126344E+1	0.0000000E+0	0.0000000E+0	1.0000000E+2	0.0000000E+0
1.4091700E+2	6.3636334E+1	6.0122980E+1	0.0000000E+0	0.0000000E+0	1.0000000E+2	0.0000000E+0
1.4096700E+2	6.3697261E+1	6.0143386E+1	0.0000000E+0	0.0000000E+0	1.0000000E+2	0.0000000E+0
1.4101700E+2	6.3741833E+1	6.0138286E+1	0.0000000E+0	0.0000000E+0	1.0000000E+2	0.0000000E+0
1.4106700E+2	6.3807653E+1	6.0138062E+1	0.0000000E+0	0.0000000E+0	1.0000000E+2	0.0000000E+0
1.4111700E+2	6.3872917E+1	6.0165095E+1	0.0000000E+0	0.0000000E+0	1.0000000E+2	0.0000000E+0
1.4116700E+2	6.3907543E+1	6.0157666E+1	0.0000000E+0	0.0000000E+0	1.0000000E+2	0.0000000E+0
1.4121700E+2	6.3919245E+1	6.0146880E+1	0.0000000E+0	0.0000000E+0	1.0000000E+2	0.0000000E+0
1.4126700E+2	6.3973038E+1	6.0143210E+1	0.0000000E+0	0.0000000E+0	1.0000000E+2	0.0000000E+0
1.4131700E+2	6.4027030E+1	6.0153381E+1	0.0000000E+0	0.0000000E+0	1.0000000E+2	0.0000000E+0
1.4136700E+2	6.4088660E+1	6.0140836E+1	0.0000000E+0	0.0000000E+0	1.0000000E+2	0.0000000E+0
1.4141800E+2	6.4141643E+1	6.0156299E+1	0.0000000E+0	0.0000000E+0	1.0000000E+2	0.0000000E+0
1.4146800E+2	6.4201839E+1	6.0145518E+1	0.0000000E+0	0.0000000E+0	1.0000000E+2	0.0000000E+0
1.4151800E+2	6.4254411E+1	6.0145944E+1	0.0000000E+0	0.0000000E+0	1.0000000E+2	0.0000000E+0
1.4156900E+2	6.4283765E+1	6.0133303E+1	0.0000000E+0	0.0000000E+0	1.0000000E+2	0.0000000E+0
1.4162000E+2	6.4335790E+1	6.0131386E+1	0.0000000E+0	0.0000000E+0	1.0000000E+2	0.0000000E+0
1.4167000E+2	6.4372912E+1	6.0112853E+1	0.0000000E+0	0.0000000E+0	1.0000000E+2	0.0000000E+0
1.4172200E+2	6.4422831E+1	6.0111596E+1	0.0000000E+0	0.0000000E+0	1.0000000E+2	0.0000000E+0
1.4177300E+2	6.4486318E+1	6.0112987E+1	0.0000000E+0	0.0000000E+0	1.0000000E+2	0.0000000E+0
1.4182500E+2	6.4554517E+1	6.0113641E+1	0.0000000E+0	0.0000000E+0	1.0000000E+2	0.0000000E+0
1.4187500E+2	6.4603891E+1	6.0114867E+1	0.0000000E+0	0.0000000E+0	1.0000000E+2	0.0000000E+0
1.4192500E+2	6.4656432E+1	6.0112213E+1	0.0000000E+0	0.0000000E+0	1.0000000E+2	0.0000000E+0
1.4197500E+2	6.4695096E+1	6.0094585E+1	0.0000000E+0	0.0000000E+0	1.0000000E+2	0.0000000E+0
1.4202500E+2	6.4715437E+1	6.0080210E+1	0.0000000E+0	0.0000000E+0	1.0000000E+2	0.0000000E+0
1.4207500E+2	6.4780875E+1	6.0083962E+1	0.0000000E+0	0.0000000E+0	1.0000000E+2	0.0000000E+0
1.4212500E+2	6.4827165E+1	6.0085464E+1	0.0000000E+0	0.0000000E+0	1.0000000E+2	0.0000000E+0
1.4217500E+2	6.4885836E+1	6.0091114E+1	0.0000000E+0	0.0000000E+0	1.0000000E+2	0.0000000E+0
1.4222500E+2	6.3353658E+1	6.0221794E+1	0.0000000E+0	0.0000000E+0	1.0000000E+2	0.0000000E+0
1.4227500E+2	6.3031139E+1	6.0074589E+1	0.0000000E+0	0.0000000E+0	1.0000000E+2	0.0000000E+0
1.4232500E+2	6.3064787E+1	6.0087356E+1	0.0000000E+0	0.0000000E+0	1.0000000E+2	0.0000000E+0
1.4237500E+2	6.3119328E+1	6.0083832E+1	0.0000000E+0	0.0000000E+0	1.0000000E+2	0.0000000E+0
1.4242500E+2	6.3166016E+1	6.0088679E+1	0.0000000E+0	0.0000000E+0	1.0000000E+2	0.0000000E+0
1.4247500E+2	6.3219203E+1	6.0101623E+1	0.0000000E+0	0.0000000E+0	1.0000000E+2	0.0000000E+0
1.4252500E+2	6.3266451E+1	6.0085195E+1	0.0000000E+0	0.0000000E+0	1.0000000E+2	0.0000000E+0
1.4257500E+2	6.3332142E+1	6.0101778E+1	0.0000000E+0	0.0000000E+0	1.0000000E+2	0.0000000E+0
1.4262500E+2	6.3376767E+1	6.0098963E+1	0.0000000E+0	0.0000000E+0	1.0000000E+2	0.0000000E+0
1.4267500E+2	6.3431527E+1	6.0102540E+1	0.0000000E+0	0.0000000E+0	1.0000000E+2	0.0000000E+0
1.4272500E+2	6.3484047E+1	6.0098796E+1	0.0000000E+0	0.0000000E+0	1.0000000E+2	0.0000000E+0
1.4277500E+2	6.3547500E+1	6.0104864E+1	0.0000000E+0	0.0000000E+0	1.0000000E+2	0.0000000E+0
1.4282500E+2	6.3612295E+1	6.0116339E+1	0.0000000E+0	0.0000000E+0	1.0000000E+2	0.0000000E+0
1.4287500E+2	6.3679932E+1	6.0121528E+1	0.0000000E+0	0.0000000E+0	1.0000000E+2	0.0000000E+0
1.4292500E+2	6.3736675E+1	6.0116420E+1	0.0000000E+0	0.0000000E+0	1.0000000E+2	0.0000000E+0
1.4297500E+2	6.3803642E+1	6.0113441E+1	0.0000000E+0	0.0000000E+0	1.0000000E+2	0.0000000E+0
1.4302500E+2	6.3843136E+1	6.0101138E+1	0.0000000E+0	0.0000000E+0	1.0000000E+2	0.0000000E+0
1.4307500E+2	6.3931239E+1	6.0125679E+1	0.0000000E+0	0.0000000E+0	1.0000000E+2	0.0000000E+0
1.4312500E+2	6.3961120E+1	6.0114248E+1	0.0000000E+0	0.0000000E+0	1.0000000E+2	0.0000000E+0
1.4317500E+2	6.4003521E+1	6.0117453E+1	0.0000000E+0	0.0000000E+0	1.0000000E+2	0.0000000E+0
1.4322500E+2	6.4046437E+1	6.0122153E+1	0.0000000E+0	0.0000000E+0	1.0000000E+2	0.0000000E+0
1.4327500E+2	6.4093458E+1	6.0098840E+1	0.0000000E+0	0.0000000E+0	1.0000000E+2	0.0000000E+0
1.4332500E+2	6.4182722E+1	6.0115317E+1	0.0000000E+0	0.0000000E+0	1.0000000E+2	0.0000000E+0
1.4337500E+2	6.4226942E+1	6.0127080E+1	0.0000000E+0	0.0000000E+0	1.0000000E+2	0.0000000E+0
1.4342500E+2	6.4270151E+1	6.0118473E+1	0.0000000E+0	0.0000000E+0	1.0000000E+2	0.0000000E+0
1.4347500E+2	6.4307091E+1	6.0109067E+1	0.0000000E+0	0.0000000E+0	1.0000000E+2	0.0000000E+0
1.4352600E+2	6.4365768E+1	6.0104568E+1	0.0000000E+0	0.0000000E+0	1.0000000E+2	0.0000000E+0
1.4357700E+2	6.4442044E+1	6.0100493E+1	0.0000000E+0	0.0000000E+0	1.0000000E+2	0.0000000E+0
1.4362700E+2	6.4521301E+1	6.0107405E+1	0.0000000E+0	0.0000000E+0	1.0000000E+2	0.0000000E+0
1.4367700E+2	6.4573972E+1	6.0105297E+1	0.0000000E+0	0.0000000E+0	1.0000000E+2	0.0000000E+0
1.4372700E+2	6.4645626E+1	6.0123517E+1	0.0000000E+0	0.0000000E+0	1.0000000E+2	0.0000000E+0
1.4377700E+2	6.4716948E+1	6.0139717E+1	0.0000000E+0	0.0000000E+0	1.0000000E+2	0.0000000E+0
1.4382700E+2	6.4759128E+1	6.0111902E+1	0.0000000E+0	0.0000000E+0	1.0000000E+2	0.0000000E+0
1.4387700E+2	6.4801146E+1	6.0106209E+1	0.0000000E+0	0.0000000E+0	1.0000000E+2	0.0000000E+0
1.4392700E+2	6.4862683E+1	6.0107058E+1	0.0000000E+0	0.0000000E+0	1.0000000E+2	0.0000000E+0
1.4397700E+2	6.4929059E+1	6.0101726E+1	0.0000000E+0	0.0000000E+0	1.0000000E+2	0.0000000E+0
1.4402700E+2	6.4996037E+1	6.0105504E+1	0.0000000E+0	0.0000000E+0	1.0000000E+2	0.0000000E+0
1.4407800E+2	6.5069630E+1	6.0111014E+1	0.0000000E+0	0.0000000E+0	1.0000000E+2	0.0000000E+0
1.4412900E+2	6.4653406E+1	6.0219093E+1	0.0000000E+0	0.0000000E+0	1.0000000E+2	0.0000000E+0
1.4417900E+2	6.3263103E+1	6.0088527E+1	0.0000000E+0	0.0000000E+0	1.0000000E+2	0.0000000E+0
1.4423000E+2	6.3266945E+1	6.0072427E+1	0.0000000E+0	0.0000000E+0	1.0000000E+2	0.0000000E+0
1.4428000E+2	6.3301871E+1	6.0093083E+1	0.0000000E+0	0.0000000E+0	1.0000000E+2	0.0000000E+0
1.4433000E+2	6.3369561E+1	6.0102796E+1	0.0000000E+0	0.0000000E+0	1.0000000E+2	0.0000000E+0
1.4438100E+2	6.3405495E+1	6.0088020E+1	0.0000000E+0	0.0000000E+0	1.0000000E+2	0.0000000E+0
1.4443100E+2	6.3464200E+1	6.0090320E+1	0.0000000E+0	0.0000000E+0	1.0000000E+2	0.0000000E+0
1.4448100E+2	6.3504751E+1	6.0091594E+1	0.0000000E+0	0.0000000E+0	1.0000000E+2	0.0000000E+0
1.4453100E+2	6.3557352E+1	6.0100464E+1	0.0000000E+0	0.0000000E+0	1.0000000E+2	0.0000000E+0
1.4458100E+2	6.3613585E+1	6.0098091E+1	0.0000000E+0	0.0000000E+0	1.0000000E+2	0.0000000E+0
1.4463100E+2	6.3661556E+1	6.0093556E+1	0.0000000E+0	0.0000000E+0	1.0000000E+2	0.0000000E+0
1.4468100E+2	6.3720263E+1	6.0094348E+1	0.0000000E+0	0.0000000E+0	1.0000000E+2	0.0000000E+0
1.4473100E+2	6.3792990E+1	6.0107051E+1	0.0000000E+0	0.0000000E+0	1.0000000E+2	0.0000000E+0
1.4478100E+2	6.3825531E+1	6.0106864E+1	0.0000000E+0	0.0000000E+0	1.0000000E+2	0.0000000E+0
1.4483100E+2	6.3837611E+1	6.0106803E+1	0.0000000E+0	0.0000000E+0	1.0000000E+2	0.0000000E+0
1.4488100E+2	6.3830771E+1	6.0108044E+1	0.0000000E+0	0.0000000E+0	1.0000000E+2	0.0000000E+0
1.4493100E+2	6.3565341E+1	6.0105688E+1	0.0000000E+0	0.0000000E+0	1.0000000E+2	0.0000000E+0
1.4498100E+2	6.3594425E+1	6.0080739E+1	0.0000000E+0	0.0000000E+0	1.0000000E+2	0.0000000E+0
1.4503100E+2	6.3658565E+1	6.0096890E+1	0.0000000E+0	0.0000000E+0	1.0000000E+2	0.0000000E+0
1.4508100E+2	6.3722395E+1	6.0101512E+1	0.0000000E+0	0.0000000E+0	1.0000000E+2	0.0000000E+0
1.4513100E+2	6.3766820E+1	6.0104189E+1	0.0000000E+0	0.0000000E+0	1.0000000E+2	0.0000000E+0
1.4518100E+2	6.3808363E+1	6.0111565E+1	0.0000000E+0	0.0000000E+0	1.0000000E+2	0.0000000E+0
1.4523100E+2	6.3841605E+1	6.0113308E+1	0.0000000E+0	0.0000000E+0	1.0000000E+2	0.0000000E+0
1.4528100E+2	6.3846455E+1	6.0118918E+1	0.0000000E+0	0.0000000E+0	1.0000000E+2	0.0000000E+0
1.4533100E+2	6.3885815E+1	6.0115208E+1	0.0000000E+0	0.0000000E+0	1.0000000E+2	0.0000000E+0
1.4538200E+2	6.3928730E+1	6.0112109E+1	0.0000000E+0	0.0000000E+0	1.0000000E+2	0.0000000E+0
1.4543200E+2	6.3975672E+1	6.0107509E+1	0.0000000E+0	0.0000000E+0	1.0000000E+2	0.0000000E+0
1.4548200E+2	6.4046030E+1	6.0119550E+1	0.0000000E+0	0.0000000E+0	1.0000000E+2	0.0000000E+0
1.4553200E+2	6.4095515E+1	6.0110799E+1	0.0000000E+0	0.0000000E+0	1.0000000E+2	0.0000000E+0
1.4558200E+2	6.4136781E+1	6.0119869E+1	0.0000000E+0	0.0000000E+0	1.0000000E+2	0.0000000E+0
1.4563200E+2	6.4190713E+1	6.0095419E+1	0.0000000E+0	0.0000000E+0	1.0000000E+2	0.0000000E+0
1.4568300E+2	6.4198401E+1	6.0093068E+1	0.0000000E+0	0.0000000E+0	1.0000000E+2	0.0000000E+0
1.4573300E+2	6.3087870E+1	6.0189787E+1	0.0000000E+0	0.0000000E+0	1.0000000E+2	0.0000000E+0
1.4578300E+2	6.3068746E+1	6.0111865E+1	0.0000000E+0	0.0000000E+0	1.0000000E+2	0.0000000E+0
1.4583300E+2	6.3135552E+1	6.0124709E+1	0.0000000E+0	0.0000000E+0	1.0000000E+2	0.0000000E+0
1.4588300E+2	6.3182906E+1	6.0106287E+1	0.0000000E+0	0.0000000E+0	1.0000000E+2	0.0000000E+0
1.4593400E+2	6.3231523E+1	6.0108277E+1	0.0000000E+0	0.0000000E+0	1.0000000E+2	0.0000000E+0
1.4598500E+2	6.3287569E+1	6.0098089E+1	0.0000000E+0	0.0000000E+0	1.0000000E+2	0.0000000E+0
1.4603600E+2	6.3360718E+1	6.0113055E+1	0.0000000E+0	0.0000000E+0	1.0000000E+2	0.0000000E+0
1.4608700E+2	6.3418809E+1	6.0114431E+1	0.0000000E+0	0.0000000E+0	1.0000000E+2	0.0000000E+0
1.4613800E+2	6.3474678E+1	6.0121283E+1	0.0000000E+0	0.0000000E+0	1.0000000E+2	0.0000000E+0
1.4618900E+2	6.3516006E+1	6.0103735E+1	0.0000000E+0	0.0000000E+0	1.0000000E+2	0.0000000E+0
1.4623900E+2	6.3568992E+1	6.0108019E+1	0.0000000E+0	0.0000000E+0	1.0000000E+2	0.0000000E+0
1.4628900E+2	6.3596071E+1	6.0116071E+1	0.0000000E+0	0.0000000E+0	1.0000000E+2	0.0000000E+0
1.4633900E+2	6.3631625E+1	6.0114533E+1	0.0000000E+0	0.0000000E+0	1.0000000E+2	0.0000000E+0
1.4638900E+2	6.3693053E+1	6.0118681E+1	0.0000000E+0	0.0000000E+0	1.0000000E+2	0.0000000E+0
1.4643900E+2	6.3774098E+1	6.0115091E+1	0.0000000E+0	0.0000000E+0	1.0000000E+2	0.0000000E+0
1.4649000E+2	6.3839970E+1	6.0122438E+1	0.0000000E+0	0.0000000E+0	1.0000000E+2	0.0000000E+0
1.4654100E+2	6.3914092E+1	6.0143276E+1	0.0000000E+0	0.0000000E+0	1.0000000E+2	0.0000000E+0
1.4659100E+2	6.3958778E+1	6.0135617E+1	0.0000000E+0	0.0000000E+0	1.0000000E+2	0.0000000E+0
1.4664100E+2	6.4010713E+1	6.0138005E+1	0.0000000E+0	0.0000000E+0	1.0000000E+2	0.0000000E+0
1.4669100E+2	6.4073180E+1	6.0135341E+1	0.0000000E+0	0.0000000E+0	1.0000000E+2	0.0000000E+0
1.4674100E+2	6.4120521E+1	6.0140076E+1	0.0000000E+0	0.0000000E+0	1.0000000E+2	0.0000000E+0
1.4679100E+2	6.4157005E+1	6.0128189E+1	0.0000000E+0	0.0000000E+0	1.0000000E+2	0.0000000E+0
1.4684100E+2	6.4208980E+1	6.0117270E+1	0.0000000E+0	0.0000000E+0	1.0000000E+2	0.0000000E+0
1.4689100E+2	6.4258695E+1	6.0120584E+1	0.0000000E+0	0.0000000E+0	1.0000000E+2	0.0000000E+0
1.4694100E+2	6.4316975E+1	6.0121524E+1	0.0000000E+0	0.0000000E+0	1.0000000E+2	0.0000000E+0
1.4699100E+2	6.4364707E+1	6.0126539E+1	0.0000000E+0	0.0000000E+0	1.0000000E+2	0.0000000E+0
1.4704100E+2	6.4409362E+1	6.0122899E+1	0.0000000E+0	0.0000000E+0	1.0000000E+2	0.0000000E+0
1.4709100E+2	6.4454693E+1	6.0107314E+1	0.0000000E+0	0.0000000E+0	1.0000000E+2	0.0000000E+0
1.4714100E+2	6.4517713E+1	6.0113819E+1	0.0000000E+0	0.0000000E+0	1.0000000E+2	0.0000000E+0
1.4719100E+2	6.4574770E+1	6.0111081E+1	0.0000000E+0	0.0000000E+0	1.0000000E+2	0.0000000E+0
1.4724100E+2	6.4603804E+1	6.0110011E+1	0.0000000E+0	0.0000000E+0	1.0000000E+2	0.0000000E+0
1.4729100E+2	6.4651573E+1	6.0113363E+1	0.0000000E+0	0.0000000E+0	1.0000000E+2	0.0000000E+0
1.4734100E+2	6.4721671E+1	6.0128103E+1	0.0000000E+0	0.0000000E+0	1.0000000E+2	0.0000000E+0
1.4739100E+2	6.4390532E+1	6.0209114E+1	0.0000000E+0	0.0000000E+0	1.0000000E+2	0.0000000E+0
1.4744100E+2	6.2789809E+1	6.0107473E+1	0.0000000E+0	0.0000000E+0	1.0000000E+2	0.0000000E+0
1.4749100E+2	6.2799260E+1	6.0080683E+1	0.0000000E+0	0.0000000E+0	1.0000000E+2	0.0000000E+0
1.4754100E+2	6.2860791E+1	6.0087390E+1	0.0000000E+0	0.0000000E+0	1.0000000E+2	0.0000000E+0
1.4759100E+2	6.2903781E+1	6.0089612E+1	0.0000000E+0	0.0000000E+0	1.0000000E+2	0.0000000E+0
1.4764100E+2	6.2970658E+1	6.0112465E+1	0.0000000E+0	0.0000000E+0	1.0000000E+2	0.0000000E+0
1.4769100E+2	6.2989564E+1	6.0094960E+1	0.0000000E+0	0.0000000E+0	1.0000000E+2	0.0000000E+0
1.4774100E+2	6.3008585E+1	6.0090908E+1	0.0000000E+0	0.0000000E+0	1.0000000E+2	0.0000000E+0
1.4779200E+2	6.3048746E+1	6.0091893E+1	0.0000000E+0	0.0000000E+0	1.0000000E+2	0.0000000E+0
1.4784200E+2	6.3076362E+1	6.0088326E+1	0.0000000E+0	0.0000000E+0	1.0000000E+2	0.0000000E+0
1.4789200E+2	6.3119252E+1	6.0085783E+1	0.0000000E+0	0.0000000E+0	1.0000000E+2	0.0000000E+0
1.4794300E+2	6.3166514E+1	6.0100368E+1	0.0000000E+0	0.0000000E+0	1.0000000E+2	0.0000000E+0
1.4799300E+2	6.3193164E+1	6.0119434E+1	0.0000000E+0	0.0000000E+0	1.0000000E+2	0.0000000E+0
1.4804300E+2	6.3215792E+1	6.0121265E+1	0.0000000E+0	0.0000000E+0	1.0000000E+2	0.0000000E+0
1.4809300E+2	6.3250012E+1	6.0116481E+1	0.0000000E+0	0.0000000E+0	1.0000000E+2	0.0000000E+0
1.4814400E+2	6.3286018E+1	6.0132357E+1	0.0000000E+0	0.0000000E+0	1.0000000E+2	0.0000000E+0
1.4819500E+2	6.3319544E+1	6.0140728E+1	0.0000000E+0	0.0000000E+0	1.0000000E+2	0.0000000E+0
1.4824500E+2	6.3361504E+1	6.0127201E+1	0.0000000E+0	0.0000000E+0	1.0000000E+2	0.0000000E+0
1.4829500E+2	6.3400292E+1	6.0131402E+1	0.0000000E+0	0.0000000E+0	1.0000000E+2	0.0000000E+0
1.4834500E+2	6.3448466E+1	6.0152118E+1	0.0000000E+0	0.0000000E+0	1.0000000E+2	0.0000000E+0
1.4839500E+2	6.3509723E+1	6.0151750E+1	0.0000000E+0	0.0000000E+0	1.0000000E+2	0.0000000E+0
1.4844500E+2	6.3543886E+1	6.0147545E+1	0.0000000E+0	0.0000000E+0	1.0000000E+2	0.0000000E+0
1.4849500E+2	6.3582404E+1	6.0142495E+1	0.0000000E+0	0.0000000E+0	1.0000000E+2	0.0000000E+0
1.4854500E+2	6.3635391E+1	6.0128419E+1	0.0000000E+0	0.0000000E+0	1.0000000E+2	0.0000000E+0
1.4859500E+2	6.3674165E+1	6.0139509E+1	0.0000000E+0	0.0000000E+0	1.0000000E+2	0.0000000E+0
1.4864500E+2	6.3712670E+1	6.0140875E+1	0.0000000E+0	0.0000000E+0	1.0000000E+2	0.0000000E+0
1.4869500E+2	6.3750248E+1	6.0127487E+1	0.0000000E+0	0.0000000E+0	1.0000000E+2	0.0000000E+0
1.4874500E+2	6.3804687E+1	6.0129770E+1	0.0000000E+0	0.0000000E+0	1.0000000E+2	0.0000000E+0
1.4879500E+2	6.3848363E+1	6.0114709E+1	0.0000000E+0	0.0000000E+0	1.0000000E+2	0.0000000E+0
1.4884600E+2	6.3880881E+1	6.0110659E+1	0.0000000E+0	0.0000000E+0	1.0000000E+2	0.0000000E+0
1.4889600E+2	6.3936319E+1	6.0121766E+1	0.0000000E+0	0.0000000E+0	1.0000000E+2	0.0000000E+0
1.4894600E+2	6.3997481E+1	6.0135217E+1	0.0000000E+0	0.0000000E+0	1.0000000E+2	0.0000000E+0
1.4899700E+2	6.4054834E+1	6.0135569E+1	0.0000000E+0	0.0000000E+0	1.0000000E+2	0.0000000E+0
1.4904700E+2	6.4116056E+1	6.0140243E+1	0.0000000E+0	0.0000000E+0	1.0000000E+2	0.0000000E+0
1.4909700E+2	6.4184520E+1	6.0159165E+1	0.0000000E+0	0.0000000E+0	1.0000000E+2	0.0000000E+0
1.4914700E+2	6.4143470E+1	6.0159221E+1	0.0000000E+0	0.0000000E+0	1.0000000E+2	0.0000000E+0
1.4919800E+2	6.2753444E+1	6.0200081E+1	0.0000000E+0	0.0000000E+0	1.0000000E+2	0.0000000E+0
1.4924800E+2	6.2763326E+1	6.0124358E+1	0.0000000E+0	0.0000000E+0	1.0000000E+2	0.0000000E+0
1.4929900E+2	6.2855787E+1	6.0146195E+1	0.0000000E+0	0.0000000E+0	1.0000000E+2	0.0000000E+0
1.4934900E+2	6.2947935E+1	6.0161010E+1	0.0000000E+0	0.0000000E+0	1.0000000E+2	0.0000000E+0
1.4939900E+2	6.3011452E+1	6.0160154E+1	0.0000000E+0	0.0000000E+0	1.0000000E+2	0.0000000E+0
1.4945000E+2	6.3075086E+1	6.0157411E+1	0.0000000E+0	0.0000000E+0	1.0000000E+2	0.0000000E+0
1.4950100E+2	6.3142697E+1	6.0168171E+1	0.0000000E+0	0.0000000E+0	1.0000000E+2	0.0000000E+0
1.4955100E+2	6.3204856E+1	6.0161292E+1	0.0000000E+0	0.0000000E+0	1.0000000E+2	0.0000000E+0
1.4960100E+2	6.3268498E+1	6.0156878E+1	0.0000000E+0	0.0000000E+0	1.0000000E+2	0.0000000E+0
1.4965100E+2	6.3336733E+1	6.0151191E+1	0.0000000E+0	0.0000000E+0	1.0000000E+2	0.0000000E+0
1.4970100E+2	6.3428222E+1	6.0181396E+1	0.0000000E+0	0.0000000E+0	1.0000000E+2	0.0000000E+0
1.4975100E+2	6.3494215E+1	6.0181277E+1	0.0000000E+0	0.0000000E+0	1.0000000E+2	0.0000000E+0
1.4980100E+2	6.3482315E+1	6.0183475E+1	0.0000000E+0	0.0000000E+0	1.0000000E+2	0.0000000E+0
1.4985100E+2	6.3488693E+1	6.0165774E+1	0.0000000E+0	0.0000000E+0	1.0000000E+2	0.0000000E+0
1.4990200E+2	6.3573635E+1	6.0178099E+1	0.0000000E+0	0.0000000E+0	1.0000000E+2	0.0000000E+0
1.4995200E+2	6.3628597E+1	6.0172126E+1	0.0000000E+0	0.0000000E+0	1.0000000E+2	0.0000000E+0
1.5000200E+2	6.3687131E+1	6.0185011E+1	0.0000000E+0	0.0000000E+0	1.0000000E+2	0.0000000E+0
1.5005200E+2	6.3735606E+1	6.0178500E+1	0.0000000E+0	0.0000000E+0	1.0000000E+2	0.0000000E+0
1.5010200E+2	6.3808817E+1	6.0171153E+1	0.0000000E+0	0.0000000E+0	1.0000000E+2	0.0000000E+0
1.5015200E+2	6.3887173E+1	6.0170628E+1	0.0000000E+0	0.0000000E+0	1.0000000E+2	0.0000000E+0
1.5020200E+2	6.3959150E+1	6.0164458E+1	0.0000000E+0	0.0000000E+0	1.0000000E+2	0.0000000E+0
1.5025200E+2	6.4035219E+1	6.0155568E+1	0.0000000E+0	0.0000000E+0	1.0000000E+2	0.0000000E+0
1.5030200E+2	6.4106733E+1	6.0171434E+1	0.0000000E+0	0.0000000E+0	1.0000000E+2	0.0000000E+0
1.5035200E+2	6.4169597E+1	6.0170488E+1	0.0000000E+0	0.0000000E+0	1.0000000E+2	0.0000000E+0
1.5040200E+2	6.4218752E+1	6.0157899E+1	0.0000000E+0	0.0000000E+0	1.0000000E+2	0.0000000E+0
1.5045200E+2	6.4288589E+1	6.0169382E+1	0.0000000E+0	0.0000000E+0	1.0000000E+2	0.0000000E+0
1.5050200E+2	6.4352400E+1	6.0149333E+1	0.0000000E+0	0.0000000E+0	1.0000000E+2	0.0000000E+0
1.5055200E+2	6.4433320E+1	6.0151288E+1	0.0000000E+0	0.0000000E+0	1.0000000E+2	0.0000000E+0
1.5060200E+2	6.4502701E+1	6.0142965E+1	0.0000000E+0	0.0000000E+0	1.0000000E+2	0.0000000E+0
1.5065300E+2	6.4574464E+1	6.0139293E+1	0.0000000E+0	0.0000000E+0	1.0000000E+2	0.0000000E+0
1.5070300E+2	6.4662149E+1	6.0139986E+1	0.0000000E+0	0.0000000E+0	1.0000000E+2	0.0000000E+0
1.5075300E+2	6.4727642E+1	6.0139365E+1	0.0000000E+0	0.0000000E+0	1.0000000E+2	0.0000000E+0
1.5080400E+2	6.4796222E+1	6.0157855E+1	0.0000000E+0	0.0000000E+0	1.0000000E+2	0.0000000E+0
1.5085400E+2	6.4856575E+1	6.0149361E+1	0.0000000E+0	0.0000000E+0	1.0000000E+2	0.0000000E+0
1.5090400E+2	6.4925159E+1	6.0163546E+1	0.0000000E+0	0.0000000E+0	1.0000000E+2	0.0000000E+0
1.5095400E+2	6.4959492E+1	6.0144175E+1	0.0000000E+0	0.0000000E+0	1.0000000E+2	0.0000000E+0
1.5100500E+2	6.4159499E+1	6.0229961E+1	0.0000000E+0	0.0000000E+0	1.0000000E+2	0.0000000E+0
1.5105500E+2	6.3398309E+1	6.0106891E+1	0.0000000E+0	0.0000000E+0	1.0000000E+2	0.0000000E+0
1.5110500E+2	6.3458069E+1	6.0110708E+1	0.0000000E+0	0.0000000E+0	1.0000000E+2	0.0000000E+0
1.5115500E+2	6.3532894E+1	6.0131450E+1	0.0000000E+0	0.0000000E+0	1.0000000E+2	0.0000000E+0
1.5120500E+2	6.3595847E+1	6.0140605E+1	0.0000000E+0	0.0000000E+0	1.0000000E+2	0.0000000E+0
1.5125600E+2	6.3666173E+1	6.0154414E+1	0.0000000E+0	0.0000000E+0	1.0000000E+2	0.0000000E+0
1.5130600E+2	6.3726575E+1	6.0127712E+1	0.0000000E+0	0.0000000E+0	1.0000000E+2	0.0000000E+0
1.5135700E+2	6.3811069E+1	6.0152488E+1	0.0000000E+0	0.0000000E+0	1.0000000E+2	0.0000000E+0
1.5140800E+2	6.3880952E+1	6.0146577E+1	0.0000000E+0	0.0000000E+0	1.0000000E+2	0.0000000E+0
1.5145800E+2	6.3934978E+1	6.0132519E+1	0.0000000E+0	0.0000000E+0	1.0000000E+2	0.0000000E+0
1.5150800E+2	6.3985949E+1	6.0133722E+1	0.0000000E+0	0.0000000E+0	1.0000000E+2	0.0000000E+0
1.5155900E+2	6.4048818E+1	6.0126381E+1	0.0000000E+0	0.0000000E+0	1.0000000E+2	0.0000000E+0
1.5161000E+2	6.4101634E+1	6.0137249E+1	0.0000000E+0	0.0000000E+0	1.0000000E+2	0.0000000E+0
1.5166000E+2	6.4145503E+1	6.0141378E+1	0.0000000E+0	0.0000000E+0	1.0000000E+2	0.0000000E+0
1.5171000E+2	6.4183083E+1	6.0131185E+1	0.0000000E+0	0.0000000E+0	1.0000000E+2	0.0000000E+0
1.5176000E+2	6.4224155E+1	6.0134347E+1	0.0000000E+0	0.0000000E+0	1.0000000E+2	0.0000000E+0
1.5181000E+2	6.4279625E+1	6.0135390E+1	0.0000000E+0	0.0000000E+0	1.0000000E+2	0.0000000E+0
1.5186000E+2	6.4328543E+1	6.0147317E+1	0.0000000E+0	0.0000000E+0	1.0000000E+2	0.0000000E+0
1.5191000E+2	6.4374635E+1	6.0142347E+1	0.0000000E+0	0.0000000E+0	1.0000000E+2	0.0000000E+0
1.5196000E+2	6.4407078E+1	6.0125770E+1	0.0000000E+0	0.0000000E+0	1.0000000E+2	0.0000000E+0
1.5201000E+2	6.4437802E+1	6.0120298E+1	0.0000000E+0	0.0000000E+0	1.0000000E+2	0.0000000E+0
1.5206000E+2	6.4468575E+1	6.0129257E+1	0.0000000E+0	0.0000000E+0	1.0000000E+2	0.0000000E+0
1.5211000E+2	6.4512073E+1	6.0142133E+1	0.0000000E+0	0.0000000E+0	1.0000000E+2	0.0000000E+0
1.5216100E+2	6.4568566E+1	6.0157259E+1	0.0000000E+0	0.0000000E+0	1.0000000E+2	0.0000000E+0
1.5221100E+2	6.4614857E+1	6.0163116E+1	0.0000000E+0	0.0000000E+0	1.0000000E+2	0.0000000E+0
1.5226100E+2	6.4628402E+1	6.0155006E+1	0.0000000E+0	0.0000000E+0	1.0000000E+2	0.0000000E+0
1.5231100E+2	6.4644527E+1	6.0135977E+1	0.0000000E+0	0.0000000E+0	1.0000000E+2	0.0000000E+0
1.5236100E+2	6.4673475E+1	6.0130032E+1	0.0000000E+0	0.0000000E+0	1.0000000E+2	0.0000000E+0
1.5241100E+2	6.4679715E+1	6.0126359E+1	0.0000000E+0	0.0000000E+0	1.0000000E+2	0.0000000E+0
1.5246100E+2	6.4706429E+1	6.0118407E+1	0.0000000E+0	0.0000000E+0	1.0000000E+2	0.0000000E+0
1.5251100E+2	6.4727096E+1	6.0108869E+1	0.0000000E+0	0.0000000E+0	1.0000000E+2	0.0000000E+0
1.5256200E+2	6.4759320E+1	6.0097625E+1	0.0000000E+0	0.0000000E+0	1.0000000E+2	0.0000000E+0
1.5261200E+2	6.4785189E+1	6.0099616E+1	0.0000000E+0	0.0000000E+0	1.0000000E+2	0.0000000E+0
1.5266200E+2	6.4824640E+1	6.0097752E+1	0.0000000E+0	0.0000000E+0	1.0000000E+2	0.0000000E+0
1.5271200E+2	6.4878719E+1	6.0111136E+1	0.0000000E+0	0.0000000E+0	1.0000000E+2	0.0000000E+0
1.5276200E+2	6.4905958E+1	6.0117781E+1	0.0000000E+0	0.0000000E+0	1.0000000E+2	0.0000000E+0
1.5281200E+2	6.4947667E+1	6.0100795E+1	0.0000000E+0	0.0000000E+0	1.0000000E+2	0.0000000E+0
1.5286200E+2	6.4990976E+1	6.0107869E+1	0.0000000E+0	0.0000000E+0	1.0000000E+2	0.0000000E+0
1.5291200E+2	6.5030826E+1	6.0103436E+1	0.0000000E+0	0.0000000E+0	1.0000000E+2	0.0000000E+0
1.5296200E+2	6.5061499E+1	6.0108959E+1	0.0000000E+0	0.0000000E+0	1.0000000E+2	0.0000000E+0
1.5301300E+2	6.5076495E+1	6.0122577E+1	0.0000000E+0	0.0000000E+0	1.0000000E+2	0.0000000E+0
1.5306300E+2	6.5131082E+1	6.0111283E+1	0.0000000E+0	0.0000000E+0	1.0000000E+2	0.0000000E+0
1.5311400E+2	6.5070004E+1	6.0147352E+1	0.0000000E+0	0.0000000E+0	1.0000000E+2	0.0000000E+0
1.5316400E+2	6.3222789E+1	6.0172861E+1	0.0000000E+0	0.0000000E+0	1.0000000E+2	0.0000000E+0
1.5321400E+2	6.3180297E+1	6.0079784E+1	0.0000000E+0	0.0000000E+0	1.0000000E+2	0.0000000E+0
1.5326400E+2	6.3227612E+1	6.0091474E+1	0.0000000E+0	0.0000000E+0	1.0000000E+2	0.0000000E+0
1.5331400E+2	6.3262195E+1	6.0094655E+1	0.0000000E+0	0.0000000E+0	1.0000000E+2	0.0000000E+0
1.5336500E+2	6.3296357E+1	6.0095314E+1	0.0000000E+0	0.0000000E+0	1.0000000E+2	0.0000000E+0
1.5341500E+2	6.3342562E+1	6.0100651E+1	0.0000000E+0	0.0000000E+0	1.0000000E+2	0.0000000E+0
1.5346500E+2	6.3395083E+1	6.0110779E+1	0.0000000E+0	0.0000000E+0	1.0000000E+2	0.0000000E+0
1.5351500E+2	6.3443332E+1	6.0111051E+1	0.0000000E+0	0.0000000E+0	1.0000000E+2	0.0000000E+0
1.5356500E+2	6.3486879E+1	6.0101413E+1	0.0000000E+0	0.0000000E+0	1.0000000E+2	0.0000000E+0
1.5361500E+2	6.3524370E+1	6.0098774E+1	0.0000000E+0	0.0000000E+0	1.0000000E+2	0.0000000E+0
1.5366500E+2	6.3587215E+1	6.0110836E+1	0.0000000E+0	0.0000000E+0	1.0000000E+2	0.0000000E+0
1.5371500E+2	6.3625712E+1	6.0118618E+1	0.0000000E+0	0.0000000E+0	1.0000000E+2	0.0000000E+0
1.5376500E+2	6.3663752E+1	6.0110015E+1	0.0000000E+0	0.0000000E+0	1.0000000E+2	0.0000000E+0
1.5381500E+2	6.3714175E+1	6.0110940E+1	0.0000000E+0	0.0000000E+0	1.0000000E+2	0.0000000E+0
1.5386500E+2	6.3771927E+1	6.0110782E+1	0.0000000E+0	0.0000000E+0	1.0000000E+2	0.0000000E+0
1.5391500E+2	6.3828454E+1	6.0109951E+1	0.0000000E+0	0.0000000E+0	1.0000000E+2	0.0000000E+0
1.5396600E+2	6.3865147E+1	6.0113800E+1	0.0000000E+0	0.0000000E+0	1.0000000E+2	0.0000000E+0
1.5401600E+2	6.3889276E+1	6.0103392E+1	0.0000000E+0	0.0000000E+0	1.0000000E+2	0.0000000E+0
1.5406700E+2	6.3961131E+1	6.0108254E+1	0.0000000E+0	0.0000000E+0	1.0000000E+2	0.0000000E+0
1.5411700E+2	6.4005311E+1	6.0096469E+1	0.0000000E+0	0.0000000E+0	1.0000000E+2	0.0000000E+0
1.5416700E+2	6.4040421E+1	6.0091770E+1	0.0000000E+0	0.0000000E+0	1.0000000E+2	0.0000000E+0
1.5421700E+2	6.4089544E+1	6.0088876E+1	0.0000000E+0	0.0000000E+0	1.0000000E+2	0.0000000E+0
1.5426800E+2	6.4158855E+1	6.0107036E+1	0.0000000E+0	0.0000000E+0	1.0000000E+2	0.0000000E+0
1.5431800E+2	6.4214769E+1	6.0103107E+1	0.0000000E+0	0.0000000E+0	1.0000000E+2	0.0000000E+0
1.5436900E+2	6.4264711E+1	6.0103575E+1	0.0000000E+0	0.0000000E+0	1.0000000E+2	0.0000000E+0
1.5441900E+2	6.4330670E+1	6.0099156E+1	0.0000000E+0	0.0000000E+0	1.0000000E+2	0.0000000E+0
1.5446900E+2	6.4407883E+1	6.0106815E+1	0.0000000E+0	0.0000000E+0	1.0000000E+2	0.0000000E+0
1.5451900E+2	6.4474227E+1	6.0125504E+1	0.0000000E+0	0.0000000E+0	1.0000000E+2	0.0000000E+0
1.5456900E+2	6.4525527E+1	6.0119613E+1	0.0000000E+0	0.0000000E+0	1.0000000E+2	0.0000000E+0
1.5461900E+2	6.4587735E+1	6.0125138E+1	0.0000000E+0	0.0000000E+0	1.0000000E+2	0.0000000E+0
1.5466900E+2	6.4661752E+1	6.0117976E+1	0.0000000E+0	0.0000000E+0	1.0000000E+2	0.0000000E+0
1.5471900E+2	6.4716043E+1	6.0116242E+1	0.0000000E+0	0.0000000E+0	1.0000000E+2	0.0000000E+0
1.5476900E+2	6.4766576E+1	6.0120686E+1	0.0000000E+0	0.0000000E+0	1.0000000E+2	0.0000000E+0
1.5481900E+2	6.4828461E+1	6.0116975E+1	0.0000000E+0	0.0000000E+0	1.0000000E+2	0.0000000E+0
1.5487000E+2	6.4873580E+1	6.0125012E+1	0.0000000E+0	0.0000000E+0	1.0000000E+2	0.0000000E+0
1.5492000E+2	6.3491261E+1	6.0250801E+1	0.0000000E+0	0.0000000E+0	1.0000000E+2	0.0000000E+0
1.5497000E+2	6.2921184E+1	6.0098341E+1	0.0000000E+0	0.0000000E+0	1.0000000E+2	0.0000000E+0
1.5502100E+2	6.3000968E+1	6.0118851E+1	0.0000000E+0	0.0000000E+0	1.0000000E+2	0.0000000E+0
1.5507200E+2	6.3029323E+1	6.0105290E+1	0.0000000E+0	0.0000000E+0	1.0000000E+2	0.0000000E+0
1.5512200E+2	6.3062999E+1	6.0107848E+1	0.0000000E+0	0.0000000E+0	1.0000000E+2	0.0000000E+0
1.5517200E+2	6.3115935E+1	6.0115106E+1	0.0000000E+0	0.0000000E+0	1.0000000E+2	0.0000000E+0
1.5522300E+2	6.3170202E+1	6.0108913E+1	0.0000000E+0	0.0000000E+0	1.0000000E+2	0.0000000E+0
1.5527300E+2	6.3227395E+1	6.0126364E+1	0.0000000E+0	0.0000000E+0	1.0000000E+2	0.0000000E+0
1.5532400E+2	6.3271991E+1	6.0117567E+1	0.0000000E+0	0.0000000E+0	1.0000000E+2	0.0000000E+0
1.5537400E+2	6.3320757E+1	6.0117030E+1	0.0000000E+0	0.0000000E+0	1.0000000E+2	0.0000000E+0
1.5542400E+2	6.3373556E+1	6.0109649E+1	0.0000000E+0	0.0000000E+0	1.0000000E+2	0.0000000E+0
1.5547500E+2	6.3440569E+1	6.0125088E+1	0.0000000E+0	0.0000000E+0	1.0000000E+2	0.0000000E+0
1.5552600E+2	6.3313182E+1	6.0112795E+1	0.0000000E+0	0.0000000E+0	1.0000000E+2	0.0000000E+0
1.5557600E+2	6.3342612E+1	6.0106041E+1	0.0000000E+0	0.0000000E+0	1.0000000E+2	0.0000000E+0
1.5562700E+2	6.3380197E+1	6.0121208E+1	0.0000000E+0	0.0000000E+0	1.0000000E+2	0.0000000E+0
1.5567800E+2	6.3403166E+1	6.0092763E+1	0.0000000E+0	0.0000000E+0	1.0000000E+2	0.0000000E+0
1.5572800E+2	6.3451267E+1	6.0096974E+1	0.0000000E+0	0.0000000E+0	1.0000000E+2	0.0000000E+0
1.5577800E+2	6.3517677E+1	6.0103669E+1	0.0000000E+0	0.0000000E+0	1.0000000E+2	0.0000000E+0
1.5582800E+2	6.3164578E+1	6.0132416E+1	0.0000000E+0	0.0000000E+0	1.0000000E+2	0.0000000E+0
1.5587800E+2	6.3060985E+1	6.0088199E+1	0.0000000E+0	0.0000000E+0	1.0000000E+2	0.0000000E+0
1.5592800E+2	6.3096140E+1	6.0108063E+1	0.0000000E+0	0.0000000E+0	1.0000000E+2	0.0000000E+0
1.5597800E+2	6.3131643E+1	6.0115273E+1	0.0000000E+0	0.0000000E+0	1.0000000E+2	0.0000000E+0
1.5602800E+2	6.3177612E+1	6.0110944E+1	0.0000000E+0	0.0000000E+0	1.0000000E+2	0.0000000E+0
1.5607800E+2	6.3214396E+1	6.0112197E+1	0.0000000E+0	0.0000000E+0	1.0000000E+2	0.0000000E+0
1.5612800E+2	6.3280005E+1	6.0132479E+1	0.0000000E+0	0.0000000E+0	1.0000000E+2	0.0000000E+0
1.5617800E+2	6.3318460E+1	6.0116552E+1	0.0000000E+0	0.0000000E+0	1.0000000E+2	0.0000000E+0
1.5622800E+2	6.3364519E+1	6.0118211E+1	0.0000000E+0	0.0000000E+0	1.0000000E+2	0.0000000E+0
1.5627800E+2	6.3391910E+1	6.0107021E+1	0.0000000E+0	0.0000000E+0	1.0000000E+2	0.0000000E+0
1.5632800E+2	6.3443294E+1	6.0106261E+1	0.0000000E+0	0.0000000E+0	1.0000000E+2	0.0000000E+0
1.5637800E+2	6.3496157E+1	6.0118829E+1	0.0000000E+0	0.0000000E+0	1.0000000E+2	0.0000000E+0
1.5642900E+2	6.3530636E+1	6.0113519E+1	0.0000000E+0	0.0000000E+0	1.0000000E+2	0.0000000E+0
1.5647900E+2	6.3577374E+1	6.0101863E+1	0.0000000E+0	0.0000000E+0	1.0000000E+2	0.0000000E+0
1.5653000E+2	6.3626530E+1	6.0107443E+1	0.0000000E+0	0.0000000E+0	1.0000000E+2	0.0000000E+0
1.5658000E+2	6.3670979E+1	6.0107306E+1	0.0000000E+0	0.0000000E+0	1.0000000E+2	0.0000000E+0
1.5663000E+2	6.3737799E+1	6.0108883E+1	0.0000000E+0	0.0000000E+0	1.0000000E+2	0.0000000E+0
1.5668100E+2	6.3798902E+1	6.0115458E+1	0.0000000E+0	0.0000000E+0	1.0000000E+2	0.0000000E+0
1.5673100E+2	6.3848252E+1	6.0103157E+1	0.0000000E+0	0.0000000E+0	1.0000000E+2	0.0000000E+0
1.5678100E+2	6.3884429E+1	6.0107981E+1	0.0000000E+0	0.0000000E+0	1.0000000E+2	0.0000000E+0
1.5683200E+2	6.3942484E+1	6.0109509E+1	0.0000000E+0	0.0000000E+0	1.0000000E+2	0.0000000E+0
1.5688200E+2	6.3980992E+1	6.0113381E+1	0.0000000E+0	0.0000000E+0	1.0000000E+2	0.0000000E+0
1.5693400E+2	6.4053967E+1	6.0109893E+1	0.0000000E+0	0.0000000E+0	1.0000000E+2	0.0000000E+0
1.5698400E+2	6.4124741E+1	6.0108584E+1	0.0000000E+0	0.0000000E+0	1.0000000E+2	0.0000000E+0
1.5703400E+2	6.4189376E+1	6.0114147E+1	0.0000000E+0	0.0000000E+0	1.0000000E+2	0.0000000E+0
1.5708400E+2	6.4237415E+1	6.0108205E+1	0.0000000E+0	0.0000000E+0	1.0000000E+2	0.0000000E+0
1.5713400E+2	6.4309081E+1	6.0109397E+1	0.0000000E+0	0.0000000E+0	1.0000000E+2	0.0000000E+0
1.5718400E+2	6.4384144E+1	6.0128375E+1	0.0000000E+0	0.0000000E+0	1.0000000E+2	0.0000000E+0
1.5723500E+2	6.4460042E+1	6.0124458E+1	0.0000000E+0	0.0000000E+0	1.0000000E+2	0.0000000E+0
1.5728600E+2	6.4535946E+1	6.0148547E+1	0.0000000E+0	0.0000000E+0	1.0000000E+2	0.0000000E+0
1.5733600E+2	6.4603809E+1	6.0135681E+1	0.0000000E+0	0.0000000E+0	1.0000000E+2	0.0000000E+0
1.5738600E+2	6.3403210E+1	6.0245435E+1	0.0000000E+0	0.0000000E+0	1.0000000E+2	0.0000000E+0
1.5743600E+2	6.2894570E+1	6.0085412E+1	0.0000000E+0	0.0000000E+0	1.0000000E+2	0.0000000E+0
1.5748600E+2	6.2968233E+1	6.0103509E+1	0.0000000E+0	0.0000000E+0	1.0000000E+2	0.0000000E+0
1.5753600E+2	6.3029679E+1	6.0124090E+1	0.0000000E+0	0.0000000E+0	1.0000000E+2	0.0000000E+0
1.5758600E+2	6.3073903E+1	6.0121718E+1	0.0000000E+0	0.0000000E+0	1.0000000E+2	0.0000000E+0
1.5763700E+2	6.3085103E+1	6.0128035E+1	0.0000000E+0	0.0000000E+0	1.0000000E+2	0.0000000E+0
1.5768800E+2	6.3118248E+1	6.0120509E+1	0.0000000E+0	0.0000000E+0	1.0000000E+2	0.0000000E+0
1.5773800E+2	6.3169098E+1	6.0118414E+1	0.0000000E+0	0.0000000E+0	1.0000000E+2	0.0000000E+0
1.5778800E+2	6.3220994E+1	6.0116208E+1	0.0000000E+0	0.0000000E+0	1.0000000E+2	0.0000000E+0
1.5783800E+2	6.3266451E+1	6.0101594E+1	0.0000000E+0	0.0000000E+0	1.0000000E+2	0.0000000E+0
1.5788800E+2	6.3328654E+1	6.0117969E+1	0.0000000E+0	0.0000000E+0	1.0000000E+2	0.0000000E+0
1.5793800E+2	6.3346856E+1	6.0100319E+1	0.0000000E+0	0.0000000E+0	1.0000000E+2	0.0000000E+0
1.5798800E+2	6.3399623E+1	6.0101118E+1	0.0000000E+0	0.0000000E+0	1.0000000E+2	0.0000000E+0
1.5803800E+2	6.3470935E+1	6.0093360E+1	0.0000000E+0	0.0000000E+0	1.0000000E+2	0.0000000E+0
1.5808800E+2	6.3528017E+1	6.0105009E+1	0.0000000E+0	0.0000000E+0	1.0000000E+2	0.0000000E+0
1.5813800E+2	6.3580339E+1	6.0107484E+1	0.0000000E+0	0.0000000E+0	1.0000000E+2	0.0000000E+0
1.5818800E+2	6.3627263E+1	6.0096302E+1	0.0000000E+0	0.0000000E+0	1.0000000E+2	0.0000000E+0
1.5823800E+2	6.3678263E+1	6.0103987E+1	0.0000000E+0	0.0000000E+0	1.0000000E+2	0.0000000E+0
1.5828800E+2	6.3726453E+1	6.0096718E+1	0.0000000E+0	0.0000000E+0	1.0000000E+2	0.0000000E+0
1.5833800E+2	6.3773409E+1	6.0110393E+1	0.0000000E+0	0.0000000E+0	1.0000000E+2	0.0000000E+0
1.5838800E+2	6.3769290E+1	6.0095725E+1	0.0000000E+0	0.0000000E+0	1.0000000E+2	0.0000000E+0
1.5843800E+2	6.3832654E+1	6.0105598E+1	0.0000000E+0	0.0000000E+0	1.0000000E+2	0.0000000E+0
1.5848800E+2	6.3904046E+1	6.0103828E+1	0.0000000E+0	0.0000000E+0	1.0000000E+2	0.0000000E+0
1.5853800E+2	6.3910878E+1	6.0124319E+1	0.0000000E+0	0.0000000E+0	1.0000000E+2	0.0000000E+0
1.5858900E+2	6.2905607E+1	6.0163617E+1	0.0000000E+0	0.0000000E+0	1.0000000E+2	0.0000000E+0
1.5864000E+2	6.2886497E+1	6.0080458E+1	0.0000000E+0	0.0000000E+0	1.0000000E+2	0.0000000E+0
1.5869000E+2	6.2960202E+1	6.0099320E+1	0.0000000E+0	0.0000000E+0	1.0000000E+2	0.0000000E+0
1.5874000E+2	6.2995433E+1	6.0091875E+1	0.0000000E+0	0.0000000E+0	1.0000000E+2	0.0000000E+0
1.5879000E+2	6.3046693E+1	6.0103084E+1	0.0000000E+0	0.0000000E+0	1.0000000E+2	0.0000000E+0
1.5884000E+2	6.3102856E+1	6.0109942E+1	0.0000000E+0	0.0000000E+0	1.0000000E+2	0.0000000E+0
1.5889000E+2	6.3139070E+1	6.0110944E+1	0.0000000E+0	0.0000000E+0	1.0000000E+2	0.0000000E+0
1.5894000E+2	6.3188088E+1	6.0103811E+1	0.0000000E+0	0.0000000E+0	1.0000000E+2	0.0000000E+0
1.5899000E+2	6.3224215E+1	6.0100302E+1	0.0000000E+0	0.0000000E+0	1.0000000E+2	0.0000000E+0
1.5904000E+2	6.3289743E+1	6.0109352E+1	0.0000000E+0	0.0000000E+0	1.0000000E+2	0.0000000E+0
1.5909000E+2	6.3294612E+1	6.0117759E+1	0.0000000E+0	0.0000000E+0	1.0000000E+2	0.0000000E+0
1.5914100E+2	6.3339925E+1	6.0121412E+1	0.0000000E+0	0.0000000E+0	1.0000000E+2	0.0000000E+0
1.5919100E+2	6.3411017E+1	6.0116435E+1	0.0000000E+0	0.0000000E+0	1.0000000E+2	0.0000000E+0
1.5924200E+2	6.3489057E+1	6.0130819E+1	0.0000000E+0	0.0000000E+0	1.0000000E+2	0.0000000E+0
1.5929200E+2	6.3548300E+1	6.0141088E+1	0.0000000E+0	0.0000000E+0	1.0000000E+2	0.0000000E+0
1.5934200E+2	6.3595666E+1	6.0123809E+1	0.0000000E+0	0.0000000E+0	1.0000000E+2	0.0000000E+0
1.5939200E+2	6.3646317E+1	6.0134373E+1	0.0000000E+0	0.0000000E+0	1.0000000E+2	0.0000000E+0
1.5944200E+2	6.3700436E+1	6.0137933E+1	0.0000000E+0	0.0000000E+0	1.0000000E+2	0.0000000E+0
1.5949200E+2	6.3728889E+1	6.0126574E+1	0.0000000E+0	0.0000000E+0	1.0000000E+2	0.0000000E+0
1.5954200E+2	6.3767186E+1	6.0129357E+1	0.0000000E+0	0.0000000E+0	1.0000000E+2	0.0000000E+0
1.5959200E+2	6.3815819E+1	6.0135305E+1	0.0000000E+0	0.0000000E+0	1.0000000E+2	0.0000000E+0
1.5964200E+2	6.3857629E+1	6.0119390E+1	0.0000000E+0	0.0000000E+0	1.0000000E+2	0.0000000E+0
1.5969200E+2	6.3904623E+1	6.0102374E+1	0.0000000E+0	0.0000000E+0	1.0000000E+2	0.0000000E+0
1.5974200E+2	6.3965008E+1	6.0128079E+1	0.0000000E+0	0.0000000E+0	1.0000000E+2	0.0000000E+0
1.5979200E+2	6.4018302E+1	6.0115340E+1	0.0000000E+0	0.0000000E+0	1.0000000E+2	0.0000000E+0
1.5984200E+2	6.4037798E+1	6.0118947E+1	0.0000000E+0	0.0000000E+0	1.0000000E+2	0.0000000E+0
1.5989200E+2	6.4059486E+1	6.0127601E+1	0.0000000E+0	0.0000000E+0	1.0000000E+2	0.0000000E+0
1.5994200E+2	6.4120620E+1	6.0110083E+1	0.0000000E+0	0.0000000E+0	1.0000000E+2	0.0000000E+0
1.5999200E+2	6.4193903E+1	6.0114074E+1	0.0000000E+0	0.0000000E+0	1.0000000E+2	0.0000000E+0
1.6004200E+2	6.4243901E+1	6.0132156E+1	0.0000000E+0	0.0000000E+0	1.0000000E+2	0.0000000E+0
1.6009200E+2	6.4283707E+1	6.0114988E+1	0.0000000E+0	0.0000000E+0	1.0000000E+2	0.0000000E+0
1.6014200E+2	6.4337423E+1	6.0105710E+1	0.0000000E+0	0.0000000E+0	1.0000000E+2	0.0000000E+0
1.6019200E+2	6.4392880E+1	6.0114085E+1	0.0000000E+0	0.0000000E+0	1.0000000E+2	0.0000000E+0
1.6024200E+2	6.4450642E+1	6.0104080E+1	0.0000000E+0	0.0000000E+0	1.0000000E+2	0.0000000E+0
1.6029200E+2	6.4513471E+1	6.0114717E+1	0.0000000E+0	0.0000000E+0	1.0000000E+2	0.0000000E+0
1.6034200E+2	6.4576664E+1	6.0102552E+1	0.0000000E+0	0.0000000E+0	1.0000000E+2	0.0000000E+0
1.6039200E+2	6.4656034E+1	6.0103534E+1	0.0000000E+0	0.0000000E+0	1.0000000E+2	0.0000000E+0
1.6044200E+2	6.4725073E+1	6.0098023E+1	0.0000000E+0	0.0000000E+0	1.0000000E+2	0.0000000E+0
1.6049200E+2	6.4783212E+1	6.0091224E+1	0.0000000E+0	0.0000000E+0	1.0000000E+2	0.0000000E+0
1.6054200E+2	6.4831712E+1	6.0095265E+1	0.0000000E+0	0.0000000E+0	1.0000000E+2	0.0000000E+0
1.6059200E+2	6.3278566E+1	6.0210944E+1	0.0000000E+0	0.0000000E+0	1.0000000E+2	0.0000000E+0
1.6064200E+2	6.3094995E+1	6.0052765E+1	0.0000000E+0	0.0000000E+0	1.0000000E+2	0.0000000E+0
1.6069300E+2	6.3152609E+1	6.0079388E+1	0.0000000E+0	0.0000000E+0	1.0000000E+2	0.0000000E+0
1.6074400E+2	6.3138370E+1	6.0081920E+1	0.0000000E+0	0.0000000E+0	1.0000000E+2	0.0000000E+0
1.6079400E+2	6.3140941E+1	6.0060577E+1	0.0000000E+0	0.0000000E+0	1.0000000E+2	0.0000000E+0
1.6084400E+2	6.3194956E+1	6.0063566E+1	0.0000000E+0	0.0000000E+0	1.0000000E+2	0.0000000E+0
1.6089400E+2	6.3245355E+1	6.0061896E+1	0.0000000E+0	0.0000000E+0	1.0000000E+2	0.0000000E+0
1.6094400E+2	6.3289440E+1	6.0070880E+1	0.0000000E+0	0.0000000E+0	1.0000000E+2	0.0000000E+0
1.6099400E+2	6.3344219E+1	6.0080766E+1	0.0000000E+0	0.0000000E+0	1.0000000E+2	0.0000000E+0
1.6104400E+2	6.3400244E+1	6.0083404E+1	0.0000000E+0	0.0000000E+0	1.0000000E+2	0.0000000E+0
1.6109400E+2	6.3459122E+1	6.0095281E+1	0.0000000E+0	0.0000000E+0	1.0000000E+2	0.0000000E+0
1.6114400E+2	6.3504477E+1	6.0081882E+1	0.0000000E+0	0.0000000E+0	1.0000000E+2	0.0000000E+0
1.6119400E+2	6.3541364E+1	6.0081918E+1	0.0000000E+0	0.0000000E+0	1.0000000E+2	0.0000000E+0
1.6124400E+2	6.3581991E+1	6.0069431E+1	0.0000000E+0	0.0000000E+0	1.0000000E+2	0.0000000E+0
1.6129400E+2	6.3634105E+1	6.0074352E+1	0.0000000E+0	0.0000000E+0	1.0000000E+2	0.0000000E+0
1.6134400E+2	6.3687433E+1	6.0077893E+1	0.0000000E+0	0.0000000E+0	1.0000000E+2	0.0000000E+0
1.6139400E+2	6.3732374E+1	6.0092787E+1	0.0000000E+0	0.0000000E+0	1.0000000E+2	0.0000000E+0
1.6144400E+2	6.3793250E+1	6.0090897E+1	0.0000000E+0	0.0000000E+0	1.0000000E+2	0.0000000E+0
1.6149400E+2	6.3890038E+1	6.0105430E+1	0.0000000E+0	0.0000000E+0	1.0000000E+2	0.0000000E+0
1.6154400E+2	6.3952222E+1	6.0097324E+1	0.0000000E+0	0.0000000E+0	1.0000000E+2	0.0000000E+0
1.6159400E+2	6.4011558E+1	6.0108100E+1	0.0000000E+0	0.0000000E+0	1.0000000E+2	0.0000000E+0
1.6164400E+2	6.4075414E+1	6.0098060E+1	0.0000000E+0	0.0000000E+0	1.0000000E+2	0.0000000E+0
1.6169500E+2	6.4132673E+1	6.0098962E+1	0.0000000E+0	0.0000000E+0	1.0000000E+2	0.0000000E+0
1.6174500E+2	6.4208042E+1	6.0098420E+1	0.0000000E+0	0.0000000E+0	1.0000000E+2	0.0000000E+0
1.6179500E+2	6.4270316E+1	6.0107029E+1	0.0000000E+0	0.0000000E+0	1.0000000E+2	0.0000000E+0
1.6184500E+2	6.4341781E+1	6.0109301E+1	0.0000000E+0	0.0000000E+0	1.0000000E+2	0.0000000E+0
1.6189500E+2	6.4415854E+1	6.0114833E+1	0.0000000E+0	0.0000000E+0	1.0000000E+2	0.0000000E+0
1.6194500E+2	6.4490439E+1	6.0109045E+1	0.0000000E+0	0.0000000E+0	1.0000000E+2	0.0000000E+0
1.6199500E+2	6.4540748E+1	6.0099947E+1	0.0000000E+0	0.0000000E+0	1.0000000E+2	0.0000000E+0
1.6204500E+2	6.4119989E+1	6.0197847E+1	0.0000000E+0	0.0000000E+0	1.0000000E+2	0.0000000E+0
1.6209600E+2	6.2907800E+1	6.0100476E+1	0.0000000E+0	0.0000000E+0	1.0000000E+2	0.0000000E+0
1.6214600E+2	6.2922892E+1	6.0068950E+1	0.0000000E+0	0.0000000E+0	1.0000000E+2	0.0000000E+0
1.6219600E+2	6.2957151E+1	6.0088894E+1	0.0000000E+0	0.0000000E+0	1.0000000E+2	0.0000000E+0
1.6224700E+2	6.2958690E+1	6.0090260E+1	0.0000000E+0	0.0000000E+0	1.0000000E+2	0.0000000E+0
1.6229700E+2	6.2997267E+1	6.0074414E+1	0.0000000E+0	0.0000000E+0	1.0000000E+2	0.0000000E+0
1.6234700E+2	6.3052884E+1	6.0075420E+1	0.0000000E+0	0.0000000E+0	1.0000000E+2	0.0000000E+0
1.6239700E+2	6.3103020E+1	6.0085238E+1	0.0000000E+0	0.0000000E+0	1.0000000E+2	0.0000000E+0
1.6244800E+2	6.3152915E+1	6.0081883E+1	0.0000000E+0	0.0000000E+0	1.0000000E+2	0.0000000E+0
1.6249900E+2	6.3201165E+1	6.0086659E+1	0.0000000E+0	0.0000000E+0	1.0000000E+2	0.0000000E+0
1.6255000E+2	6.3275256E+1	6.0101266E+1	0.0000000E+0	0.0000000E+0	1.0000000E+2	0.0000000E+0
1.6260000E+2	6.3324143E+1	6.0101064E+1	0.0000000E+0	0.0000000E+0	1.0000000E+2	0.0000000E+0
1.6265000E+2	6.3366050E+1	6.0090979E+1	0.0000000E+0	0.0000000E+0	1.0000000E+2	0.0000000E+0
1.6270000E+2	6.3418705E+1	6.0092831E+1	0.0000000E+0	0.0000000E+0	1.0000000E+2	0.0000000E+0
1.6275000E+2	6.3465461E+1	6.0089422E+1	0.0000000E+0	0.0000000E+0	1.0000000E+2	0.0000000E+0
1.6280000E+2	6.3516180E+1	6.0099720E+1	0.0000000E+0	0.0000000E+0	1.0000000E+2	0.0000000E+0
1.6285000E+2	6.3553804E+1	6.0096761E+1	0.0000000E+0	0.0000000E+0	1.0000000E+2	0.0000000E+0
1.6290100E+2	6.3597558E+1	6.0096487E+1	0.0000000E+0	0.0000000E+0	1.0000000E+2	0.0000000E+0
1.6295100E+2	6.3659316E+1	6.0108439E+1	0.0000000E+0	0.0000000E+0	1.0000000E+2	0.0000000E+0
1.6300100E+2	6.3701399E+1	6.0103754E+1	0.0000000E+0	0.0000000E+0	1.0000000E+2	0.0000000E+0
1.6305100E+2	6.3693882E+1	6.0111577E+1	0.0000000E+0	0.0000000E+0	1.0000000E+2	0.0000000E+0
1.6310100E+2	6.3751621E+1	6.0112009E+1	0.0000000E+0	0.0000000E+0	1.0000000E+2	0.0000000E+0
1.6315100E+2	6.3797021E+1	6.0116455E+1	0.0000000E+0	0.0000000E+0	1.0000000E+2	0.0000000E+0
1.6320200E+2	6.3848532E+1	6.0109689E+1	0.0000000E+0	0.0000000E+0	1.0000000E+2	0.0000000E+0
1.6325200E+2	6.3908500E+1	6.0111427E+1	0.0000000E+0	0.0000000E+0	1.0000000E+2	0.0000000E+0
1.6330300E+2	6.3979034E+1	6.0102311E+1	0.0000000E+0	0.0000000E+0	1.0000000E+2	0.0000000E+0
1.6335300E+2	6.4036566E+1	6.0098862E+1	0.0000000E+0	0.0000000E+0	1.0000000E+2	0.0000000E+0
1.6340300E+2	6.4105471E+1	6.0102474E+1	0.0000000E+0	0.0000000E+0	1.0000000E+2	0.0000000E+0
1.6345300E+2	6.4161366E+1	6.0102085E+1	0.0000000E+0	0.0000000E+0	1.0000000E+2	0.0000000E+0
1.6350300E+2	6.4200007E+1	6.0107999E+1	0.0000000E+0	0.0000000E+0	1.0000000E+2	0.0000000E+0
1.6355400E+2	6.4247324E+1	6.0098140E+1	0.0000000E+0	0.0000000E+0	1.0000000E+2	0.0000000E+0
1.6360400E+2	6.4310820E+1	6.0099049E+1	0.0000000E+0	0.0000000E+0	1.0000000E+2	0.0000000E+0
1.6365400E+2	6.4399298E+1	6.0120812E+1	0.0000000E+0	0.0000000E+0	1.0000000E+2	0.0000000E+0
1.6370400E+2	6.4463378E+1	6.0108838E+1	0.0000000E+0	0.0000000E+0	1.0000000E+2	0.0000000E+0
1.6375400E+2	6.4521363E+1	6.0122103E+1	0.0000000E+0	0.0000000E+0	1.0000000E+2	0.0000000E+0
1.6380400E+2	6.4528622E+1	6.0126703E+1	0.0000000E+0	0.0000000E+0	1.0000000E+2	0.0000000E+0
1.6385400E+2	6.4552058E+1	6.0129182E+1	0.0000000E+0	0.0000000E+0	1.0000000E+2	0.0000000E+0
1.6390400E+2	6.4617756E+1	6.0119576E+1	0.0000000E+0	0.0000000E+0	1.0000000E+2	0.0000000E+0
1.6395400E+2	6.4684381E+1	6.0127174E+1	0.0000000E+0	0.0000000E+0	1.0000000E+2	0.0000000E+0
1.6400400E+2	6.4734178E+1	6.0110759E+1	0.0000000E+0	0.0000000E+0	1.0000000E+2	0.0000000E+0
1.6405400E+2	6.4818527E+1	6.0113570E+1	0.0000000E+0	0.0000000E+0	1.0000000E+2	0.0000000E+0
1.6410500E+2	6.4886350E+1	6.0115347E+1	0.0000000E+0	0.0000000E+0	1.0000000E+2	0.0000000E+0
1.6415600E+2	6.4968796E+1	6.0129343E+1	0.0000000E+0	0.0000000E+0	1.0000000E+2	0.0000000E+0
1.6420600E+2	6.5041357E+1	6.0124820E+1	0.0000000E+0	0.0000000E+0	1.0000000E+2	0.0000000E+0
1.6425600E+2	6.5092264E+1	6.0124915E+1	0.0000000E+0	0.0000000E+0	1.0000000E+2	0.0000000E+0
1.6430600E+2	6.5153768E+1	6.0123780E+1	0.0000000E+0	0.0000000E+0	1.0000000E+2	0.0000000E+0
1.6435600E+2	6.5233868E+1	6.0136020E+1	0.0000000E+0	0.0000000E+0	1.0000000E+2	0.0000000E+0
1.6440600E+2	6.4477514E+1	6.0297697E+1	0.0000000E+0	0.0000000E+0	1.0000000E+2	0.0000000E+0
1.6445600E+2	6.2455834E+1	6.0102629E+1	0.0000000E+0	0.0000000E+0	1.0000000E+2	0.0000000E+0
1.6450600E+2	6.2419685E+1	6.0082800E+1	0.0000000E+0	0.0000000E+0	1.0000000E+2	0.0000000E+0
1.6455600E+2	6.2463942E+1	6.0091586E+1	0.0000000E+0	0.0000000E+0	1.0000000E+2	0.0000000E+0
1.6460600E+2	6.2505671E+1	6.0091484E+1	0.0000000E+0	0.0000000E+0	1.0000000E+2	0.0000000E+0
1.6465600E+2	6.2556642E+1	6.0098184E+1	0.0000000E+0	0.0000000E+0	1.0000000E+2	0.0000000E+0
1.6470600E+2	6.2617140E+1	6.0111602E+1	0.0000000E+0	0.0000000E+0	1.0000000E+2	0.0000000E+0
1.6475600E+2	6.2650726E+1	6.0102289E+1	0.0000000E+0	0.0000000E+0	1.0000000E+2	0.0000000E+0
1.6480600E+2	6.2687971E+1	6.0100529E+1	0.0000000E+0	0.0000000E+0	1.0000000E+2	0.0000000E+0
1.6485600E+2	6.2742260E+1	6.0118059E+1	0.0000000E+0	0.0000000E+0	1.0000000E+2	0.0000000E+0
1.6490700E+2	6.2773074E+1	6.0110442E+1	0.0000000E+0	0.0000000E+0	1.0000000E+2	0.0000000E+0
1.6495700E+2	6.2801808E+1	6.0100636E+1	0.0000000E+0	0.0000000E+0	1.0000000E+2	0.0000000E+0
1.6500700E+2	6.2861350E+1	6.0110355E+1	0.0000000E+0	0.0000000E+0	1.0000000E+2	0.0000000E+0
1.6505800E+2	6.2912913E+1	6.0098814E+1	0.0000000E+0	0.0000000E+0	1.0000000E+2	0.0000000E+0
1.6510900E+2	6.2979483E+1	6.0089217E+1	0.0000000E+0	0.0000000E+0	1.0000000E+2	0.0000000E+0
1.6516000E+2	6.3011914E+1	6.0109460E+1	0.0000000E+0	0.0000000E+0	1.0000000E+2	0.0000000E+0
1.6521100E+2	6.3046238E+1	6.0097936E+1	0.0000000E+0	0.0000000E+0	1.0000000E+2	0.0000000E+0
1.6526100E+2	6.3131284E+1	6.0101685E+1	0.0000000E+0	0.0000000E+0	1.0000000E+2	0.0000000E+0
1.6531100E+2	6.3197311E+1	6.0095876E+1	0.0000000E+0	0.0000000E+0	1.0000000E+2	0.0000000E+0
1.6536100E+2	6.3261228E+1	6.0118300E+1	0.0000000E+0	0.0000000E+0	1.0000000E+2	0.0000000E+0
1.6541100E+2	6.3320392E+1	6.0114259E+1	0.0000000E+0	0.0000000E+0	1.0000000E+2	0.0000000E+0
1.6546100E+2	6.3392026E+1	6.0117455E+1	0.0000000E+0	0.0000000E+0	1.0000000E+2	0.0000000E+0
1.6551200E+2	6.3455457E+1	6.0119335E+1	0.0000000E+0	0.0000000E+0	1.0000000E+2	0.0000000E+0
1.6556200E+2	6.3507788E+1	6.0113811E+1	0.0000000E+0	0.0000000E+0	1.0000000E+2	0.0000000E+0
1.6561200E+2	6.3586012E+1	6.0113856E+1	0.0000000E+0	0.0000000E+0	1.0000000E+2	0.0000000E+0
1.6566200E+2	6.3651521E+1	6.0107119E+1	0.0000000E+0	0.0000000E+0	1.0000000E+2	0.0000000E+0
1.6571200E+2	6.3733142E+1	6.0111772E+1	0.0000000E+0	0.0000000E+0	1.0000000E+2	0.0000000E+0
1.6576300E+2	6.3793894E+1	6.0115643E+1	0.0000000E+0	0.0000000E+0	1.0000000E+2	0.0000000E+0
1.6581400E+2	6.3833706E+1	6.0112116E+1	0.0000000E+0	0.0000000E+0	1.0000000E+2	0.0000000E+0
1.6586400E+2	6.3891537E+1	6.0104424E+1	0.0000000E+0	0.0000000E+0	1.0000000E+2	0.0000000E+0
1.6591400E+2	6.3953262E+1	6.0117952E+1	0.0000000E+0	0.0000000E+0	1.0000000E+2	0.0000000E+0
1.6596400E+2	6.3954117E+1	6.0113503E+1	0.0000000E+0	0.0000000E+0	1.0000000E+2	0.0000000E+0
1.6601400E+2	6.3954196E+1	6.0086853E+1	0.0000000E+0	0.0000000E+0	1.0000000E+2	0.0000000E+0
1.6606400E+2	6.4001377E+1	6.0088524E+1	0.0000000E+0	0.0000000E+0	1.0000000E+2	0.0000000E+0
1.6611400E+2	6.4061558E+1	6.0091912E+1	0.0000000E+0	0.0000000E+0	1.0000000E+2	0.0000000E+0
1.6616400E+2	6.4121972E+1	6.0087418E+1	0.0000000E+0	0.0000000E+0	1.0000000E+2	0.0000000E+0
1.6621400E+2	6.4173430E+1	6.0082550E+1	0.0000000E+0	0.0000000E+0	1.0000000E+2	0.0000000E+0
1.6626500E+2	6.4230532E+1	6.0111402E+1	0.0000000E+0	0.0000000E+0	1.0000000E+2	0.0000000E+0
1.6631500E+2	6.4262969E+1	6.0105292E+1	0.0000000E+0	0.0000000E+0	1.0000000E+2	0.0000000E+0
1.6636500E+2	6.4307596E+1	6.0090611E+1	0.0000000E+0	0.0000000E+0	1.0000000E+2	0.0000000E+0
1.6641600E+2	6.4386350E+1	6.0108527E+1	0.0000000E+0	0.0000000E+0	1.0000000E+2	0.0000000E+0
1.6646600E+2	6.4410504E+1	6.0091871E+1	0.0000000E+0	0.0000000E+0	1.0000000E+2	0.0000000E+0
1.6651600E+2	6.4438427E+1	6.0087622E+1	0.0000000E+0	0.0000000E+0	1.0000000E+2	0.0000000E+0
1.6656600E+2	6.4489232E+1	6.0081087E+1	0.0000000E+0	0.0000000E+0	1.0000000E+2	0.0000000E+0
1.6661700E+2	6.4569247E+1	6.0108172E+1	0.0000000E+0	0.0000000E+0	1.0000000E+2	0.0000000E+0
1.6666800E+2	6.4636394E+1	6.0110362E+1	0.0000000E+0	0.0000000E+0	1.0000000E+2	0.0000000E+0
1.6671800E+2	6.4707980E+1	6.0104843E+1	0.0000000E+0	0.0000000E+0	1.0000000E+2	0.0000000E+0
1.6676900E+2	6.4729873E+1	6.0106429E+1	0.0000000E+0	0.0000000E+0	1.0000000E+2	0.0000000E+0
1.6681900E+2	6.4781142E+1	6.0113644E+1	0.0000000E+0	0.0000000E+0	1.0000000E+2	0.0000000E+0
1.6686900E+2	6.4824030E+1	6.0126703E+1	0.0000000E+0	0.0000000E+0	1.0000000E+2	0.0000000E+0
1.6691900E+2	6.2749843E+1	6.0226183E+1	0.0000000E+0	0.0000000E+0	1.0000000E+2	0.0000000E+0
1.6696900E+2	6.2672858E+1	6.0070123E+1	0.0000000E+0	0.0000000E+0	1.0000000E+2	0.0000000E+0
1.6701900E+2	6.2745088E+1	6.0088769E+1	0.0000000E+0	0.0000000E+0	1.0000000E+2	0.0000000E+0
1.6706900E+2	6.2780188E+1	6.0096221E+1	0.0000000E+0	0.0000000E+0	1.0000000E+2	0.0000000E+0
1.6711900E+2	6.2830026E+1	6.0105117E+1	0.0000000E+0	0.0000000E+0	1.0000000E+2	0.0000000E+0
1.6716900E+2	6.2897132E+1	6.0122363E+1	0.0000000E+0	0.0000000E+0	1.0000000E+2	0.0000000E+0
1.6722000E+2	6.2936057E+1	6.0112255E+1	0.0000000E+0	0.0000000E+0	1.0000000E+2	0.0000000E+0
1.6727000E+2	6.2971390E+1	6.0118166E+1	0.0000000E+0	0.0000000E+0	1.0000000E+2	0.0000000E+0
1.6732100E+2	6.3048735E+1	6.0126013E+1	0.0000000E+0	0.0000000E+0	1.0000000E+2	0.0000000E+0
1.6737100E+2	6.3072705E+1	6.0114252E+1	0.0000000E+0	0.0000000E+0	1.0000000E+2	0.0000000E+0
1.6742100E+2	6.3112649E+1	6.0108257E+1	0.0000000E+0	0.0000000E+0	1.0000000E+2	0.0000000E+0
1.6747200E+2	6.3190894E+1	6.0126664E+1	0.0000000E+0	0.0000000E+0	1.0000000E+2	0.0000000E+0
1.6752200E+2	6.3243882E+1	6.0138046E+1	0.0000000E+0	0.0000000E+0	1.0000000E+2	0.0000000E+0
1.6757200E+2	6.3300059E+1	6.0130473E+1	0.0000000E+0	0.0000000E+0	1.0000000E+2	0.0000000E+0
1.6762200E+2	6.3302384E+1	6.0126956E+1	0.0000000E+0	0.0000000E+0	1.0000000E+2	0.0000000E+0
1.6767300E+2	6.3356157E+1	6.0136963E+1	0.0000000E+0	0.0000000E+0	1.0000000E+2	0.0000000E+0
1.6772300E+2	6.3397271E+1	6.0127643E+1	0.0000000E+0	0.0000000E+0	1.0000000E+2	0.0000000E+0
1.6777300E+2	6.3470375E+1	6.0125673E+1	0.0000000E+0	0.0000000E+0	1.0000000E+2	0.0000000E+0
1.6782300E+2	6.3507595E+1	6.0134349E+1	0.0000000E+0	0.0000000E+0	1.0000000E+2	0.0000000E+0
1.6787400E+2	6.3542333E+1	6.0127110E+1	0.0000000E+0	0.0000000E+0	1.0000000E+2	0.0000000E+0
1.6792400E+2	6.3570069E+1	6.0106795E+1	0.0000000E+0	0.0000000E+0	1.0000000E+2	0.0000000E+0
1.6797400E+2	6.3602916E+1	6.0097967E+1	0.0000000E+0	0.0000000E+0	1.0000000E+2	0.0000000E+0
1.6802500E+2	6.3649416E+1	6.0099643E+1	0.0000000E+0	0.0000000E+0	1.0000000E+2	0.0000000E+0
1.6807500E+2	6.3713624E+1	6.0109585E+1	0.0000000E+0	0.0000000E+0	1.0000000E+2	0.0000000E+0
1.6812500E+2	6.3767495E+1	6.0106853E+1	0.0000000E+0	0.0000000E+0	1.0000000E+2	0.0000000E+0
1.6817500E+2	6.3853373E+1	6.0106681E+1	0.0000000E+0	0.0000000E+0	1.0000000E+2	0.0000000E+0
1.6822500E+2	6.3880926E+1	6.0128209E+1	0.0000000E+0	0.0000000E+0	1.0000000E+2	0.0000000E+0
1.6827500E+2	6.3915107E+1	6.0115624E+1	0.0000000E+0	0.0000000E+0	1.0000000E+2	0.0000000E+0
1.6832500E+2	6.3932027E+1	6.0121738E+1	0.0000000E+0	0.0000000E+0	1.0000000E+2	0.0000000E+0
1.6837500E+2	6.2257672E+1	6.0212762E+1	0.0000000E+0	0.0000000E+0	1.0000000E+2	0.0000000E+0
1.6842500E+2	6.2188299E+1	6.0096490E+1	0.0000000E+0	0.0000000E+0	1.0000000E+2	0.0000000E+0
1.6847500E+2	6.2243295E+1	6.0100072E+1	0.0000000E+0	0.0000000E+0	1.0000000E+2	0.0000000E+0
1.6852500E+2	6.2302665E+1	6.0102437E+1	0.0000000E+0	0.0000000E+0	1.0000000E+2	0.0000000E+0
1.6857500E+2	6.2350363E+1	6.0115166E+1	0.0000000E+0	0.0000000E+0	1.0000000E+2	0.0000000E+0
1.6862500E+2	6.2390598E+1	6.0111992E+1	0.0000000E+0	0.0000000E+0	1.0000000E+2	0.0000000E+0
1.6867500E+2	6.2429356E+1	6.0097131E+1	0.0000000E+0	0.0000000E+0	1.0000000E+2	0.0000000E+0
1.6872500E+2	6.2494893E+1	6.0126725E+1	0.0000000E+0	0.0000000E+0	1.0000000E+2	0.0000000E+0
1.6877500E+2	6.2550849E+1	6.0127481E+1	0.0000000E+0	0.0000000E+0	1.0000000E+2	0.0000000E+0
1.6882500E+2	6.2588667E+1	6.0128557E+1	0.0000000E+0	0.0000000E+0	1.0000000E+2	0.0000000E+0
1.6887500E+2	6.2587257E+1	6.0110063E+1	0.0000000E+0	0.0000000E+0	1.0000000E+2	0.0000000E+0
1.6892500E+2	6.2629506E+1	6.0096187E+1	0.0000000E+0	0.0000000E+0	1.0000000E+2	0.0000000E+0
1.6897500E+2	6.2714744E+1	6.0124892E+1	0.0000000E+0	0.0000000E+0	1.0000000E+2	0.0000000E+0
1.6902600E+2	6.2788392E+1	6.0134558E+1	0.0000000E+0	0.0000000E+0	1.0000000E+2	0.0000000E+0
1.6907700E+2	6.2854256E+1	6.0144645E+1	0.0000000E+0	0.0000000E+0	1.0000000E+2	0.0000000E+0
1.6912800E+2	6.2906831E+1	6.0154530E+1	0.0000000E+0	0.0000000E+0	1.0000000E+2	0.0000000E+0
1.6917800E+2	6.2959263E+1	6.0146331E+1	0.0000000E+0	0.0000000E+0	1.0000000E+2	0.0000000E+0
1.6922800E+2	6.3009188E+1	6.0153155E+1	0.0000000E+0	0.0000000E+0	1.0000000E+2	0.0000000E+0
1.6927800E+2	6.3043554E+1	6.0136516E+1	0.0000000E+0	0.0000000E+0	1.0000000E+2	0.0000000E+0
1.6932800E+2	6.3085508E+1	6.0138856E+1	0.0000000E+0	0.0000000E+0	1.0000000E+2	0.0000000E+0
1.6937800E+2	6.3116756E+1	6.0139720E+1	0.0000000E+0	0.0000000E+0	1.0000000E+2	0.0000000E+0
1.6942800E+2	6.3155062E+1	6.0131194E+1	0.0000000E+0	0.0000000E+0	1.0000000E+2	0.0000000E+0
1.6947800E+2	6.3205679E+1	6.0125267E+1	0.0000000E+0	0.0000000E+0	1.0000000E+2	0.0000000E+0
1.6952800E+2	6.3262093E+1	6.0133959E+1	0.0000000E+0	0.0000000E+0	1.0000000E+2	0.0000000E+0
1.6957900E+2	6.3182142E+1	6.0186877E+1	0.0000000E+0	0.0000000E+0	1.0000000E+2	0.0000000E+0
1.6963000E+2	6.2233527E+1	6.0165217E+1	0.0000000E+0	0.0000000E+0	1.0000000E+2	0.0000000E+0
1.6968000E+2	6.2194626E+1	6.0113134E+1	0.0000000E+0	0.0000000E+0	1.0000000E+2	0.0000000E+0
1.6973000E+2	6.2214096E+1	6.0102574E+1	0.0000000E+0	0.0000000E+0	1.0000000E+2	0.0000000E+0
1.6978000E+2	6.2262281E+1	6.0112124E+1	0.0000000E+0	0.0000000E+0	1.0000000E+2	0.0000000E+0
1.6983000E+2	6.2314654E+1	6.0126044E+1	0.0000000E+0	0.0000000E+0	1.0000000E+2	0.0000000E+0
1.6988100E+2	6.2372537E+1	6.0134176E+1	0.0000000E+0	0.0000000E+0	1.0000000E+2	0.0000000E+0
1.6993100E+2	6.2409795E+1	6.0120819E+1	0.0000000E+0	0.0000000E+0	1.0000000E+2	0.0000000E+0
1.6998100E+2	6.2464455E+1	6.0118582E+1	0.0000000E+0	0.0000000E+0	1.0000000E+2	0.0000000E+0
1.7003100E+2	6.2511166E+1	6.0130396E+1	0.0000000E+0	0.0000000E+0	1.0000000E+2	0.0000000E+0
1.7008100E+2	6.2574402E+1	6.0135091E+1	0.0000000E+0	0.0000000E+0	1.0000000E+2	0.0000000E+0
1.7013100E+2	6.2615507E+1	6.0135213E+1	0.0000000E+0	0.0000000E+0	1.0000000E+2	0.0000000E+0
1.7018100E+2	6.2654444E+1	6.0122584E+1	0.0000000E+0	0.0000000E+0	1.0000000E+2	0.0000000E+0
1.7023100E+2	6.2722165E+1	6.0119458E+1	0.0000000E+0	0.0000000E+0	1.0000000E+2	0.0000000E+0
1.7028200E+2	6.2780177E+1	6.0129356E+1	0.0000000E+0	0.0000000E+0	1.0000000E+2	0.0000000E+0
1.7033200E+2	6.2831860E+1	6.0135254E+1	0.0000000E+0	0.0000000E+0	1.0000000E+2	0.0000000E+0
1.7038200E+2	6.2832327E+1	6.0146412E+1	0.0000000E+0	0.0000000E+0	1.0000000E+2	0.0000000E+0
1.7043200E+2	6.2856136E+1	6.0147658E+1	0.0000000E+0	0.0000000E+0	1.0000000E+2	0.0000000E+0
1.7048200E+2	6.2916730E+1	6.0140738E+1	0.0000000E+0	0.0000000E+0	1.0000000E+2	0.0000000E+0
1.7053200E+2	6.2968655E+1	6.0143924E+1	0.0000000E+0	0.0000000E+0	1.0000000E+2	0.0000000E+0
1.7058200E+2	6.3009176E+1	6.0150506E+1	0.0000000E+0	0.0000000E+0	1.0000000E+2	0.0000000E+0
1.7063200E+2	6.3027943E+1	6.0142889E+1	0.0000000E+0	0.0000000E+0	1.0000000E+2	0.0000000E+0
1.7068200E+2	6.3061202E+1	6.0131652E+1	0.0000000E+0	0.0000000E+0	1.0000000E+2	0.0000000E+0
1.7073200E+2	6.3107216E+1	6.0142088E+1	0.0000000E+0	0.0000000E+0	1.0000000E+2	0.0000000E+0
1.7078200E+2	6.3160243E+1	6.0138388E+1	0.0000000E+0	0.0000000E+0	1.0000000E+2	0.0000000E+0
1.7083300E+2	6.3208830E+1	6.0141852E+1	0.0000000E+0	0.0000000E+0	1.0000000E+2	0.0000000E+0
1.7088300E+2	6.3081925E+1	6.0166017E+1	0.0000000E+0	0.0000000E+0	1.0000000E+2	0.0000000E+0
1.7093300E+2	6.2946784E+1	6.0150049E+1	0.0000000E+0	0.0000000E+0	1.0000000E+2	0.0000000E+0
1.7098300E+2	6.2971947E+1	6.0146063E+1	0.0000000E+0	0.0000000E+0	1.0000000E+2	0.0000000E+0
1.7103300E+2	6.3020204E+1	6.0144460E+1	0.0000000E+0	0.0000000E+0	1.0000000E+2	0.0000000E+0
1.7108300E+2	6.3043986E+1	6.0125278E+1	0.0000000E+0	0.0000000E+0	1.0000000E+2	0.0000000E+0
1.7113300E+2	6.3120453E+1	6.0152747E+1	0.0000000E+0	0.0000000E+0	1.0000000E+2	0.0000000E+0
1.7118300E+2	6.3156299E+1	6.0145726E+1	0.0000000E+0	0.0000000E+0	1.0000000E+2	0.0000000E+0
1.7123300E+2	6.3194605E+1	6.0142868E+1	0.0000000E+0	0.0000000E+0	1.0000000E+2	0.0000000E+0
1.7128300E+2	6.3202150E+1	6.0148960E+1	0.0000000E+0	0.0000000E+0	1.0000000E+2	0.0000000E+0
1.7133400E+2	6.3262096E+1	6.0149379E+1	0.0000000E+0	0.0000000E+0	1.0000000E+2	0.0000000E+0
1.7138500E+2	6.3318967E+1	6.0156049E+1	0.0000000E+0	0.0000000E+0	1.0000000E+2	0.0000000E+0
1.7143500E+2	6.3364414E+1	6.0148660E+1	0.0000000E+0	0.0000000E+0	1.0000000E+2	0.0000000E+0
1.7148500E+2	6.3397565E+1	6.0136397E+1	0.0000000E+0	0.0000000E+0	1.0000000E+2	0.0000000E+0
1.7153500E+2	6.3445679E+1	6.0143703E+1	0.0000000E+0	0.0000000E+0	1.0000000E+2	0.0000000E+0
1.7158500E+2	6.3511986E+1	6.0132472E+1	0.0000000E+0	0.0000000E+0	1.0000000E+2	0.0000000E+0
1.7163500E+2	6.3574999E+1	6.0138319E+1	0.0000000E+0	0.0000000E+0	1.0000000E+2	0.0000000E+0
1.7168500E+2	6.3630657E+1	6.0147128E+1	0.0000000E+0	0.0000000E+0	1.0000000E+2	0.0000000E+0
1.7173500E+2	6.3694919E+1	6.0146129E+1	0.0000000E+0	0.0000000E+0	1.0000000E+2	0.0000000E+0
1.7178500E+2	6.3748964E+1	6.0141136E+1	0.0000000E+0	0.0000000E+0	1.0000000E+2	0.0000000E+0
1.7183500E+2	6.3836450E+1	6.0157503E+1	0.0000000E+0	0.0000000E+0	1.0000000E+2	0.0000000E+0
1.7188500E+2	6.3903702E+1	6.0161592E+1	0.0000000E+0	0.0000000E+0	1.0000000E+2	0.0000000E+0
1.7193600E+2	6.2981327E+1	6.0277541E+1	0.0000000E+0	0.0000000E+0	1.0000000E+2	0.0000000E+0
1.7198700E+2	6.2268952E+1	6.0141167E+1	0.0000000E+0	0.0000000E+0	1.0000000E+2	0.0000000E+0
1.7203700E+2	6.2298732E+1	6.0147388E+1	0.0000000E+0	0.0000000E+0	1.0000000E+2	0.0000000E+0
1.7208700E+2	6.2345303E+1	6.0131402E+1	0.0000000E+0	0.0000000E+0	1.0000000E+2	0.0000000E+0
1.7213700E+2	6.2330867E+1	6.0124742E+1	0.0000000E+0	0.0000000E+0	1.0000000E+2	0.0000000E+0
1.7218700E+2	6.2329351E+1	6.0113439E+1	0.0000000E+0	0.0000000E+0	1.0000000E+2	0.0000000E+0
1.7223800E+2	6.2391379E+1	6.0128486E+1	0.0000000E+0	0.0000000E+0	1.0000000E+2	0.0000000E+0
1.7228800E+2	6.2448851E+1	6.0134676E+1	0.0000000E+0	0.0000000E+0	1.0000000E+2	0.0000000E+0
1.7233900E+2	6.2501191E+1	6.0145288E+1	0.0000000E+0	0.0000000E+0	1.0000000E+2	0.0000000E+0
1.7238900E+2	6.2533506E+1	6.0136012E+1	0.0000000E+0	0.0000000E+0	1.0000000E+2	0.0000000E+0
1.7243900E+2	6.2594777E+1	6.0134779E+1	0.0000000E+0	0.0000000E+0	1.0000000E+2	0.0000000E+0
1.7248900E+2	6.2658882E+1	6.0136349E+1	0.0000000E+0	0.0000000E+0	1.0000000E+2	0.0000000E+0
1.7253900E+2	6.2719528E+1	6.0139320E+1	0.0000000E+0	0.0000000E+0	1.0000000E+2	0.0000000E+0
1.7258900E+2	6.2783222E+1	6.0145704E+1	0.0000000E+0	0.0000000E+0	1.0000000E+2	0.0000000E+0
1.7263900E+2	6.2838597E+1	6.0142991E+1	0.0000000E+0	0.0000000E+0	1.0000000E+2	0.0000000E+0
1.7268900E+2	6.2904968E+1	6.0146104E+1	0.0000000E+0	0.0000000E+0	1.0000000E+2	0.0000000E+0
1.7273900E+2	6.2972100E+1	6.0158813E+1	0.0000000E+0	0.0000000E+0	1.0000000E+2	0.0000000E+0
1.7278900E+2	6.3045385E+1	6.0158521E+1	0.0000000E+0	0.0000000E+0	1.0000000E+2	0.0000000E+0
1.7283900E+2	6.3099297E+1	6.0152998E+1	0.0000000E+0	0.0000000E+0	1.0000000E+2	0.0000000E+0
1.7288900E+2	6.3169622E+1	6.0155519E+1	0.0000000E+0	0.0000000E+0	1.0000000E+2	0.0000000E+0
1.7293900E+2	6.3220223E+1	6.0160548E+1	0.0000000E+0	0.0000000E+0	1.0000000E+2	0.0000000E+0
1.7298900E+2	6.3254649E+1	6.0140474E+1	0.0000000E+0	0.0000000E+0	1.0000000E+2	0.0000000E+0
1.7303900E+2	6.3302794E+1	6.0139520E+1	0.0000000E+0	0.0000000E+0	1.0000000E+2	0.0000000E+0
1.7308900E+2	6.3293526E+1	6.0131857E+1	0.0000000E+0	0.0000000E+0	1.0000000E+2	0.0000000E+0
1.7313900E+2	6.3316392E+1	6.0125795E+1	0.0000000E+0	0.0000000E+0	1.0000000E+2	0.0000000E+0
1.7319000E+2	6.3361300E+1	6.0130899E+1	0.0000000E+0	0.0000000E+0	1.0000000E+2	0.0000000E+0
1.7324100E+2	6.3399697E+1	6.0116046E+1	0.0000000E+0	0.0000000E+0	1.0000000E+2	0.0000000E+0
1.7329100E+2	6.3457817E+1	6.0115323E+1	0.0000000E+0	0.0000000E+0	1.0000000E+2	0.0000000E+0
1.7334100E+2	6.3526301E+1	6.0124753E+1	0.0000000E+0	0.0000000E+0	1.0000000E+2	0.0000000E+0
1.7339100E+2	6.3593658E+1	6.0139754E+1	0.0000000E+0	0.0000000E+0	1.0000000E+2	0.0000000E+0
1.7344100E+2	6.3249493E+1	6.0240928E+1	0.0000000E+0	0.0000000E+0	1.0000000E+2	0.0000000E+0
1.7349100E+2	6.1755116E+1	6.0146432E+1	0.0000000E+0	0.0000000E+0	1.0000000E+2	0.0000000E+0
1.7354100E+2	6.1740564E+1	6.0115893E+1	0.0000000E+0	0.0000000E+0	1.0000000E+2	0.0000000E+0
1.7359100E+2	6.1783567E+1	6.0128786E+1	0.0000000E+0	0.0000000E+0	1.0000000E+2	0.0000000E+0
1.7364100E+2	6.1806348E+1	6.0126033E+1	0.0000000E+0	0.0000000E+0	1.0000000E+2	0.0000000E+0
1.7369100E+2	6.1845278E+1	6.0122682E+1	0.0000000E+0	0.0000000E+0	1.0000000E+2	0.0000000E+0
1.7374100E+2	6.1890992E+1	6.0122086E+1	0.0000000E+0	0.0000000E+0	1.0000000E+2	0.0000000E+0
1.7379100E+2	6.1934132E+1	6.0152830E+1	0.0000000E+0	0.0000000E+0	1.0000000E+2	0.0000000E+0
1.7384300E+2	6.1930682E+1	6.0136731E+1	0.0000000E+0	0.0000000E+0	1.0000000E+2	0.0000000E+0
1.7389300E+2	6.1967711E+1	6.0114037E+1	0.0000000E+0	0.0000000E+0	1.0000000E+2	0.0000000E+0
1.7394300E+2	6.2043374E+1	6.0136203E+1	0.0000000E+0	0.0000000E+0	1.0000000E+2	0.0000000E+0
1.7399300E+2	6.2084135E+1	6.0142343E+1	0.0000000E+0	0.0000000E+0	1.0000000E+2	0.0000000E+0
1.7404300E+2	6.2114411E+1	6.0139627E+1	0.0000000E+0	0.0000000E+0	1.0000000E+2	0.0000000E+0
1.7409400E+2	6.2157744E+1	6.0132013E+1	0.0000000E+0	0.0000000E+0	1.0000000E+2	0.0000000E+0
1.7414400E+2	6.2201843E+1	6.0144653E+1	0.0000000E+0	0.0000000E+0	1.0000000E+2	0.0000000E+0
1.7419400E+2	6.2262872E+1	6.0156604E+1	0.0000000E+0	0.0000000E+0	1.0000000E+2	0.0000000E+0
1.7424500E+2	6.2287697E+1	6.0139195E+1	0.0000000E+0	0.0000000E+0	1.0000000E+2	0.0000000E+0
1.7429500E+2	6.2331055E+1	6.0122025E+1	0.0000000E+0	0.0000000E+0	1.0000000E+2	0.0000000E+0
1.7434500E+2	6.2394944E+1	6.0132274E+1	0.0000000E+0	0.0000000E+0	1.0000000E+2	0.0000000E+0
1.7439500E+2	6.2481163E+1	6.0147333E+1	0.0000000E+0	0.0000000E+0	1.0000000E+2	0.0000000E+0
1.7444500E+2	6.2550054E+1	6.0142455E+1	0.0000000E+0	0.0000000E+0	1.0000000E+2	0.0000000E+0
1.7449500E+2	6.2618434E+1	6.0157745E+1	0.0000000E+0	0.0000000E+0	1.0000000E+2	0.0000000E+0
1.7454500E+2	6.2652609E+1	6.0161522E+1	0.0000000E+0	0.0000000E+0	1.0000000E+2	0.0000000E+0
1.7459500E+2	6.2677962E+1	6.0138597E+1	0.0000000E+0	0.0000000E+0	1.0000000E+2	0.0000000E+0
1.7464500E+2	6.2753385E+1	6.0148112E+1	0.0000000E+0	0.0000000E+0	1.0000000E+2	0.0000000E+0
1.7469500E+2	6.2799632E+1	6.0136086E+1	0.0000000E+0	0.0000000E+0	1.0000000E+2	0.0000000E+0
1.7474500E+2	6.2873579E+1	6.0145729E+1	0.0000000E+0	0.0000000E+0	1.0000000E+2	0.0000000E+0
1.7479500E+2	6.2927759E+1	6.0136929E+1	0.0000000E+0	0.0000000E+0	1.0000000E+2	0.0000000E+0
1.7484500E+2	6.2976121E+1	6.0134352E+1	0.0000000E+0	0.0000000E+0	1.0000000E+2	0.0000000E+0
1.7489500E+2	6.3018589E+1	6.0130192E+1	0.0000000E+0	0.0000000E+0	1.0000000E+2	0.0000000E+0
1.7494500E+2	6.3077560E+1	6.0135417E+1	0.0000000E+0	0.0000000E+0	1.0000000E+2	0.0000000E+0
1.7499600E+2	6.3147980E+1	6.0145333E+1	0.0000000E+0	0.0000000E+0	1.0000000E+2	0.0000000E+0
1.7504600E+2	6.3199748E+1	6.0141818E+1	0.0000000E+0	0.0000000E+0	1.0000000E+2	0.0000000E+0
1.7509600E+2	6.3264746E+1	6.0149526E+1	0.0000000E+0	0.0000000E+0	1.0000000E+2	0.0000000E+0
1.7514600E+2	6.3329340E+1	6.0167216E+1	0.0000000E+0	0.0000000E+0	1.0000000E+2	0.0000000E+0
1.7519700E+2	6.3374288E+1	6.0157606E+1	0.0000000E+0	0.0000000E+0	1.0000000E+2	0.0000000E+0
1.7524700E+2	6.2419934E+1	6.0269515E+1	0.0000000E+0	0.0000000E+0	1.0000000E+2	0.0000000E+0
1.7529700E+2	6.1669482E+1	6.0143418E+1	0.0000000E+0	0.0000000E+0	1.0000000E+2	0.0000000E+0
1.7534700E+2	6.1688969E+1	6.0155937E+1	0.0000000E+0	0.0000000E+0	1.0000000E+2	0.0000000E+0
1.7539700E+2	6.1725460E+1	6.0148841E+1	0.0000000E+0	0.0000000E+0	1.0000000E+2	0.0000000E+0
1.7544700E+2	6.1771081E+1	6.0154519E+1	0.0000000E+0	0.0000000E+0	1.0000000E+2	0.0000000E+0
1.7549700E+2	6.1810097E+1	6.0168797E+1	0.0000000E+0	0.0000000E+0	1.0000000E+2	0.0000000E+0
1.7554700E+2	6.1865251E+1	6.0164840E+1	0.0000000E+0	0.0000000E+0	1.0000000E+2	0.0000000E+0
1.7559700E+2	6.1904319E+1	6.0161464E+1	0.0000000E+0	0.0000000E+0	1.0000000E+2	0.0000000E+0
1.7564700E+2	6.1928719E+1	6.0151176E+1	0.0000000E+0	0.0000000E+0	1.0000000E+2	0.0000000E+0
1.7569700E+2	6.1958559E+1	6.0141379E+1	0.0000000E+0	0.0000000E+0	1.0000000E+2	0.0000000E+0
1.7574700E+2	6.1994321E+1	6.0155309E+1	0.0000000E+0	0.0000000E+0	1.0000000E+2	0.0000000E+0
1.7579700E+2	6.2023925E+1	6.0142661E+1	0.0000000E+0	0.0000000E+0	1.0000000E+2	0.0000000E+0
1.7584700E+2	6.2071288E+1	6.0159583E+1	0.0000000E+0	0.0000000E+0	1.0000000E+2	0.0000000E+0
1.7589700E+2	6.2119775E+1	6.0161466E+1	0.0000000E+0	0.0000000E+0	1.0000000E+2	0.0000000E+0
1.7594700E+2	6.2174472E+1	6.0151964E+1	0.0000000E+0	0.0000000E+0	1.0000000E+2	0.0000000E+0
1.7599700E+2	6.2200761E+1	6.0166728E+1	0.0000000E+0	0.0000000E+0	1.0000000E+2	0.0000000E+0
1.7604700E+2	6.2220203E+1	6.0158277E+1	0.0000000E+0	0.0000000E+0	1.0000000E+2	0.0000000E+0
1.7609700E+2	6.2263457E+1	6.0149422E+1	0.0000000E+0	0.0000000E+0	1.0000000E+2	0.0000000E+0
1.7614700E+2	6.2320877E+1	6.0160145E+1	0.0000000E+0	0.0000000E+0	1.0000000E+2	0.0000000E+0
1.7619800E+2	6.2361160E+1	6.0151376E+1	0.0000000E+0	0.0000000E+0	1.0000000E+2	0.0000000E+0
1.7624800E+2	6.2417935E+1	6.0155901E+1	0.0000000E+0	0.0000000E+0	1.0000000E+2	0.0000000E+0
1.7629900E+2	6.2479123E+1	6.0172303E+1	0.0000000E+0	0.0000000E+0	1.0000000E+2	0.0000000E+0
1.7634900E+2	6.2525365E+1	6.0162758E+1	0.0000000E+0	0.0000000E+0	1.0000000E+2	0.0000000E+0
1.7639900E+2	6.2584238E+1	6.0164994E+1	0.0000000E+0	0.0000000E+0	1.0000000E+2	0.0000000E+0
1.7644900E+2	6.2644526E+1	6.0179678E+1	0.0000000E+0	0.0000000E+0	1.0000000E+2	0.0000000E+0
1.7650100E+2	6.2711923E+1	6.0179395E+1	0.0000000E+0	0.0000000E+0	1.0000000E+2	0.0000000E+0
1.7655100E+2	6.2777316E+1	6.0188672E+1	0.0000000E+0	0.0000000E+0	1.0000000E+2	0.0000000E+0
1.7660100E+2	6.2830085E+1	6.0193248E+1	0.0000000E+0	0.0000000E+0	1.0000000E+2	0.0000000E+0
1.7665100E+2	6.2877177E+1	6.0178476E+1	0.0000000E+0	0.0000000E+0	1.0000000E+2	0.0000000E+0
1.7670100E+2	6.2930796E+1	6.0174340E+1	0.0000000E+0	0.0000000E+0	1.0000000E+2	0.0000000E+0
1.7675100E+2	6.2958799E+1	6.0191402E+1	0.0000000E+0	0.0000000E+0	1.0000000E+2	0.0000000E+0
1.7680100E+2	6.2987314E+1	6.0188855E+1	0.0000000E+0	0.0000000E+0	1.0000000E+2	0.0000000E+0
1.7685100E+2	6.3035015E+1	6.0174350E+1	0.0000000E+0	0.0000000E+0	1.0000000E+2	0.0000000E+0
1.7690100E+2	6.2400756E+1	6.0271270E+1	0.0000000E+0	0.0000000E+0	1.0000000E+2	0.0000000E+0
1.7695200E+2	6.1377691E+1	6.0143805E+1	0.0000000E+0	0.0000000E+0	1.0000000E+2	0.0000000E+0
1.7700200E+2	6.1424389E+1	6.0151231E+1	0.0000000E+0	0.0000000E+0	1.0000000E+2	0.0000000E+0
1.7705200E+2	6.1489934E+1	6.0171734E+1	0.0000000E+0	0.0000000E+0	1.0000000E+2	0.0000000E+0
1.7710200E+2	6.1532260E+1	6.0181210E+1	0.0000000E+0	0.0000000E+0	1.0000000E+2	0.0000000E+0
1.7715300E+2	6.1556816E+1	6.0169348E+1	0.0000000E+0	0.0000000E+0	1.0000000E+2	0.0000000E+0
1.7720400E+2	6.1603988E+1	6.0161732E+1	0.0000000E+0	0.0000000E+0	1.0000000E+2	0.0000000E+0
1.7725400E+2	6.1646646E+1	6.0165118E+1	0.0000000E+0	0.0000000E+0	1.0000000E+2	0.0000000E+0
1.7730400E+2	6.1710898E+1	6.0176376E+1	0.0000000E+0	0.0000000E+0	1.0000000E+2	0.0000000E+0
1.7735400E+2	6.1753784E+1	6.0187911E+1	0.0000000E+0	0.0000000E+0	1.0000000E+2	0.0000000E+0
1.7740400E+2	6.1760887E+1	6.0190979E+1	0.0000000E+0	0.0000000E+0	1.0000000E+2	0.0000000E+0
1.7745400E+2	6.1794332E+1	6.0189192E+1	0.0000000E+0	0.0000000E+0	1.0000000E+2	0.0000000E+0
1.7750400E+2	6.1837047E+1	6.0192305E+1	0.0000000E+0	0.0000000E+0	1.0000000E+2	0.0000000E+0
1.7755400E+2	6.1914864E+1	6.0198120E+1	0.0000000E+0	0.0000000E+0	1.0000000E+2	0.0000000E+0
1.7760400E+2	6.1960909E+1	6.0189791E+1	0.0000000E+0	0.0000000E+0	1.0000000E+2	0.0000000E+0
1.7765400E+2	6.2009154E+1	6.0197768E+1	0.0000000E+0	0.0000000E+0	1.0000000E+2	0.0000000E+0
1.7770400E+2	6.2053333E+1	6.0180774E+1	0.0000000E+0	0.0000000E+0	1.0000000E+2	0.0000000E+0
1.7775400E+2	6.2113545E+1	6.0183783E+1	0.0000000E+0	0.0000000E+0	1.0000000E+2	0.0000000E+0
1.7780400E+2	6.2174449E+1	6.0187660E+1	0.0000000E+0	0.0000000E+0	1.0000000E+2	0.0000000E+0
1.7785400E+2	6.2213649E+1	6.0177444E+1	0.0000000E+0	0.0000000E+0	1.0000000E+2	0.0000000E+0
1.7790400E+2	6.2281851E+1	6.0194100E+1	0.0000000E+0	0.0000000E+0	1.0000000E+2	0.0000000E+0
1.7795400E+2	6.2313035E+1	6.0181179E+1	0.0000000E+0	0.0000000E+0	1.0000000E+2	0.0000000E+0
1.7800400E+2	6.2360630E+1	6.0176351E+1	0.0000000E+0	0.0000000E+0	1.0000000E+2	0.0000000E+0
1.7805400E+2	6.2404636E+1	6.0177871E+1	0.0000000E+0	0.0000000E+0	1.0000000E+2	0.0000000E+0
1.7810400E+2	6.2409498E+1	6.0201480E+1	0.0000000E+0	0.0000000E+0	1.0000000E+2	0.0000000E+0
1.7815400E+2	6.2453825E+1	6.0193680E+1	0.0000000E+0	0.0000000E+0	1.0000000E+2	0.0000000E+0
1.7820400E+2	6.2520192E+1	6.0203354E+1	0.0000000E+0	0.0000000E+0	1.0000000E+2	0.0000000E+0
1.7825400E+2	6.2585664E+1	6.0195808E+1	0.0000000E+0	0.0000000E+0	1.0000000E+2	0.0000000E+0
1.7830400E+2	6.2646809E+1	6.0188167E+1	0.0000000E+0	0.0000000E+0	1.0000000E+2	0.0000000E+0
1.7835400E+2	6.2699678E+1	6.0189103E+1	0.0000000E+0	0.0000000E+0	1.0000000E+2	0.0000000E+0
1.7840400E+2	6.2752652E+1	6.0188230E+1	0.0000000E+0	0.0000000E+0	1.0000000E+2	0.0000000E+0
1.7845400E+2	6.2826295E+1	6.0204433E+1	0.0000000E+0	0.0000000E+0	1.0000000E+2	0.0000000E+0
1.7850400E+2	6.2877869E+1	6.0205957E+1	0.0000000E+0	0.0000000E+0	1.0000000E+2	0.0000000E+0
1.7855400E+2	6.2932450E+1	6.0221065E+1	0.0000000E+0	0.0000000E+0	1.0000000E+2	0.0000000E+0
1.7860400E+2	6.2973130E+1	6.0204298E+1	0.0000000E+0	0.0000000E+0	1.0000000E+2	0.0000000E+0
1.7865400E+2	6.3033170E+1	6.0192311E+1	0.0000000E+0	0.0000000E+0	1.0000000E+2	0.0000000E+0
1.7870400E+2	6.3073568E+1	6.0218962E+1	0.0000000E+0	0.0000000E+0	1.0000000E+2	0.0000000E+0
1.7875400E+2	6.3116087E+1	6.0220333E+1	0.0000000E+0	0.0000000E+0	1.0000000E+2	0.0000000E+0
1.7880400E+2	6.2486979E+1	6.0355838E+1	0.0000000E+0	0.0000000E+0	1.0000000E+2	0.0000000E+0
1.7885400E+2	6.0994771E+1	6.0222867E+1	0.0000000E+0	0.0000000E+0	1.0000000E+2	0.0000000E+0
1.7890400E+2	6.1030891E+1	6.0203967E+1	0.0000000E+0	0.0000000E+0	1.0000000E+2	0.0000000E+0
1.7895400E+2	6.1073783E+1	6.0190410E+1	0.0000000E+0	0.0000000E+0	1.0000000E+2	0.0000000E+0
1.7900400E+2	6.1121160E+1	6.0188052E+1	0.0000000E+0	0.0000000E+0	1.0000000E+2	0.0000000E+0
1.7905400E+2	6.1181643E+1	6.0193591E+1	0.0000000E+0	0.0000000E+0	1.0000000E+2	0.0000000E+0
1.7910500E+2	6.1229779E+1	6.0199689E+1	0.0000000E+0	0.0000000E+0	1.0000000E+2	0.0000000E+0
1.7915500E+2	6.1290237E+1	6.0205621E+1	0.0000000E+0	0.0000000E+0	1.0000000E+2	0.0000000E+0
1.7920600E+2	6.1327125E+1	6.0207663E+1	0.0000000E+0	0.0000000E+0	1.0000000E+2	0.0000000E+0
1.7925600E+2	6.1379111E+1	6.0210661E+1	0.0000000E+0	0.0000000E+0	1.0000000E+2	0.0000000E+0
1.7930600E+2	6.1441479E+1	6.0214406E+1	0.0000000E+0	0.0000000E+0	1.0000000E+2	0.0000000E+0
1.7935600E+2	6.1454168E+1	6.0217080E+1	0.0000000E+0	0.0000000E+0	1.0000000E+2	0.0000000E+0
1.7940600E+2	6.1477123E+1	6.0196936E+1	0.0000000E+0	0.0000000E+0	1.0000000E+2	0.0000000E+0
1.7945600E+2	6.1540909E+1	6.0189228E+1	0.0000000E+0	0.0000000E+0	1.0000000E+2	0.0000000E+0
1.7950600E+2	6.1593850E+1	6.0192826E+1	0.0000000E+0	0.0000000E+0	1.0000000E+2	0.0000000E+0
1.7955600E+2	6.1630445E+1	6.0205745E+1	0.0000000E+0	0.0000000E+0	1.0000000E+2	0.0000000E+0
1.7960600E+2	6.1693111E+1	6.0217196E+1	0.0000000E+0	0.0000000E+0	1.0000000E+2	0.0000000E+0
1.7965600E+2	6.1757527E+1	6.0214438E+1	0.0000000E+0	0.0000000E+0	1.0000000E+2	0.0000000E+0
1.7970700E+2	6.1821931E+1	6.0222840E+1	0.0000000E+0	0.0000000E+0	1.0000000E+2	0.0000000E+0
1.7975700E+2	6.1874261E+1	6.0220111E+1	0.0000000E+0	0.0000000E+0	1.0000000E+2	0.0000000E+0
1.7980700E+2	6.1925807E+1	6.0212945E+1	0.0000000E+0	0.0000000E+0	1.0000000E+2	0.0000000E+0
1.7985700E+2	6.1966595E+1	6.0209890E+1	0.0000000E+0	0.0000000E+0	1.0000000E+2	0.0000000E+0
1.7990700E+2	6.2030902E+1	6.0219329E+1	0.0000000E+0	0.0000000E+0	1.0000000E+2	0.0000000E+0
1.7995800E+2	6.2082086E+1	6.0225282E+1	0.0000000E+0	0.0000000E+0	1.0000000E+2	0.0000000E+0
1.8000800E+2	6.2074638E+1	6.0226969E+1	0.0000000E+0	0.0000000E+0	1.0000000E+2	0.0000000E+0
1.8005800E+2	6.1351449E+1	6.0306340E+1	0.0000000E+0	0.0000000E+0	1.0000000E+2	0.0000000E+0
1.8010800E+2	6.0810712E+1	6.0188021E+1	0.0000000E+0	0.0000000E+0	1.0000000E+2	0.0000000E+0
1.8015800E+2	6.0861680E+1	6.0195382E+1	0.0000000E+0	0.0000000E+0	1.0000000E+2	0.0000000E+0
1.8020800E+2	6.0909774E+1	6.0201713E+1	0.0000000E+0	0.0000000E+0	1.0000000E+2	0.0000000E+0
1.8025800E+2	6.0956438E+1	6.0204583E+1	0.0000000E+0	0.0000000E+0	1.0000000E+2	0.0000000E+0
1.8030800E+2	6.1011209E+1	6.0210497E+1	0.0000000E+0	0.0000000E+0	1.0000000E+2	0.0000000E+0
1.8035800E+2	6.1031330E+1	6.0203138E+1	0.0000000E+0	0.0000000E+0	1.0000000E+2	0.0000000E+0
1.8040800E+2	6.1073131E+1	6.0219243E+1	0.0000000E+0	0.0000000E+0	1.0000000E+2	0.0000000E+0
1.8045900E+2	6.1109842E+1	6.0223832E+1	0.0000000E+0	0.0000000E+0	1.0000000E+2	0.0000000E+0
1.8050900E+2	6.1157172E+1	6.0214919E+1	0.0000000E+0	0.0000000E+0	1.0000000E+2	0.0000000E+0
1.8055900E+2	6.1180359E+1	6.0202488E+1	0.0000000E+0	0.0000000E+0	1.0000000E+2	0.0000000E+0
1.8060900E+2	6.1225074E+1	6.0191084E+1	0.0000000E+0	0.0000000E+0	1.0000000E+2	0.0000000E+0
1.8065900E+2	6.1255333E+1	6.0214035E+1	0.0000000E+0	0.0000000E+0	1.0000000E+2	0.0000000E+0
1.8070900E+2	6.1282974E+1	6.0203890E+1	0.0000000E+0	0.0000000E+0	1.0000000E+2	0.0000000E+0
1.8075900E+2	6.1304504E+1	6.0182465E+1	0.0000000E+0	0.0000000E+0	1.0000000E+2	0.0000000E+0
1.8080900E+2	6.1349787E+1	6.0178354E+1	0.0000000E+0	0.0000000E+0	1.0000000E+2	0.0000000E+0
1.8085900E+2	6.1407864E+1	6.0195453E+1	0.0000000E+0	0.0000000E+0	1.0000000E+2	0.0000000E+0
1.8090900E+2	6.1449919E+1	6.0192178E+1	0.0000000E+0	0.0000000E+0	1.0000000E+2	0.0000000E+0
1.8095900E+2	6.1494006E+1	6.0196903E+1	0.0000000E+0	0.0000000E+0	1.0000000E+2	0.0000000E+0
1.8101000E+2	6.1526878E+1	6.0188670E+1	0.0000000E+0	0.0000000E+0	1.0000000E+2	0.0000000E+0
1.8106000E+2	6.1589716E+1	6.0198647E+1	0.0000000E+0	0.0000000E+0	1.0000000E+2	0.0000000E+0
1.8111000E+2	6.1647483E+1	6.0211765E+1	0.0000000E+0	0.0000000E+0	1.0000000E+2	0.0000000E+0
1.8116000E+2	6.1673672E+1	6.0187123E+1	0.0000000E+0	0.0000000E+0	1.0000000E+2	0.0000000E+0
1.8121000E+2	6.1716343E+1	6.0184743E+1	0.0000000E+0	0.0000000E+0	1.0000000E+2	0.0000000E+0
1.8126000E+2	6.1726658E+1	6.0182959E+1	0.0000000E+0	0.0000000E+0	1.0000000E+2	0.0000000E+0
1.8131000E+2	6.1768831E+1	6.0188503E+1	0.0000000E+0	0.0000000E+0	1.0000000E+2	0.0000000E+0
1.8136000E+2	6.1816406E+1	6.0174609E+1	0.0000000E+0	0.0000000E+0	1.0000000E+2	0.0000000E+0
1.8141000E+2	6.1871948E+1	6.0177493E+1	0.0000000E+0	0.0000000E+0	1.0000000E+2	0.0000000E+0
1.8146000E+2	6.1945744E+1	6.0196759E+1	0.0000000E+0	0.0000000E+0	1.0000000E+2	0.0000000E+0
1.8151000E+2	6.2005891E+1	6.0205106E+1	0.0000000E+0	0.0000000E+0	1.0000000E+2	0.0000000E+0
1.8156000E+2	6.2038331E+1	6.0190721E+1	0.0000000E+0	0.0000000E+0	1.0000000E+2	0.0000000E+0
1.8161000E+2	6.0795459E+1	6.0283591E+1	0.0000000E+0	0.0000000E+0	1.0000000E+2	0.0000000E+0
1.8166000E+2	6.0705002E+1	6.0167647E+1	0.0000000E+0	0.0000000E+0	1.0000000E+2	0.0000000E+0
1.8171000E+2	6.0748048E+1	6.0191327E+1	0.0000000E+0	0.0000000E+0	1.0000000E+2	0.0000000E+0
1.8176000E+2	6.0771752E+1	6.0177740E+1	0.0000000E+0	0.0000000E+0	1.0000000E+2	0.0000000E+0
1.8181000E+2	6.0821533E+1	6.0196892E+1	0.0000000E+0	0.0000000E+0	1.0000000E+2	0.0000000E+0
1.8186000E+2	6.0851799E+1	6.0186375E+1	0.0000000E+0	0.0000000E+0	1.0000000E+2	0.0000000E+0
1.8191000E+2	6.0889873E+1	6.0185289E+1	0.0000000E+0	0.0000000E+0	1.0000000E+2	0.0000000E+0
1.8196000E+2	6.0925001E+1	6.0183043E+1	0.0000000E+0	0.0000000E+0	1.0000000E+2	0.0000000E+0
1.8201100E+2	6.0968089E+1	6.0165594E+1	0.0000000E+0	0.0000000E+0	1.0000000E+2	0.0000000E+0
1.8206200E+2	6.1035074E+1	6.0200215E+1	0.0000000E+0	0.0000000E+0	1.0000000E+2	0.0000000E+0
1.8211200E+2	6.1073976E+1	6.0220680E+1	0.0000000E+0	0.0000000E+0	1.0000000E+2	0.0000000E+0
1.8216300E+2	6.1073827E+1	6.0218409E+1	0.0000000E+0	0.0000000E+0	1.0000000E+2	0.0000000E+0
1.8221300E+2	6.1124528E+1	6.0224912E+1	0.0000000E+0	0.0000000E+0	1.0000000E+2	0.0000000E+0
1.8226300E+2	6.1180440E+1	6.0224938E+1	0.0000000E+0	0.0000000E+0	1.0000000E+2	0.0000000E+0
1.8231400E+2	6.1223480E+1	6.0222266E+1	0.0000000E+0	0.0000000E+0	1.0000000E+2	0.0000000E+0
1.8236400E+2	6.1274620E+1	6.0219078E+1	0.0000000E+0	0.0000000E+0	1.0000000E+2	0.0000000E+0
1.8241400E+2	6.1328092E+1	6.0213972E+1	0.0000000E+0	0.0000000E+0	1.0000000E+2	0.0000000E+0
1.8246500E+2	6.1396190E+1	6.0227034E+1	0.0000000E+0	0.0000000E+0	1.0000000E+2	0.0000000E+0
1.8251500E+2	6.1463046E+1	6.0230263E+1	0.0000000E+0	0.0000000E+0	1.0000000E+2	0.0000000E+0
1.8256500E+2	6.1512790E+1	6.0236817E+1	0.0000000E+0	0.0000000E+0	1.0000000E+2	0.0000000E+0
1.8261500E+2	6.1537621E+1	6.0222334E+1	0.0000000E+0	0.0000000E+0	1.0000000E+2	0.0000000E+0
1.8266500E+2	6.1587243E+1	6.0227155E+1	0.0000000E+0	0.0000000E+0	1.0000000E+2	0.0000000E+0
1.8271600E+2	6.1635346E+1	6.0217446E+1	0.0000000E+0	0.0000000E+0	1.0000000E+2	0.0000000E+0
1.8276600E+2	6.1691044E+1	6.0225330E+1	0.0000000E+0	0.0000000E+0	1.0000000E+2	0.0000000E+0
1.8281600E+2	6.1745126E+1	6.0226507E+1	0.0000000E+0	0.0000000E+0	1.0000000E+2	0.0000000E+0
1.8286600E+2	6.1803753E+1	6.0219868E+1	0.0000000E+0	0.0000000E+0	1.0000000E+2	0.0000000E+0
1.8291600E+2	6.1863009E+1	6.0225650E+1	0.0000000E+0	0.0000000E+0	1.0000000E+2	0.0000000E+0
1.8296600E+2	6.1940341E+1	6.0240189E+1	0.0000000E+0	0.0000000E+0	1.0000000E+2	0.0000000E+0
1.8301700E+2	6.1944256E+1	6.0221150E+1	0.0000000E+0	0.0000000E+0	1.0000000E+2	0.0000000E+0
1.8306700E+2	6.1976084E+1	6.0214287E+1	0.0000000E+0	0.0000000E+0	1.0000000E+2	0.0000000E+0
1.8311700E+2	6.0532254E+1	6.0313114E+1	0.0000000E+0	0.0000000E+0	1.0000000E+2	0.0000000E+0
1.8316700E+2	6.0501941E+1	6.0213898E+1	0.0000000E+0	0.0000000E+0	1.0000000E+2	0.0000000E+0
1.8321700E+2	6.0540900E+1	6.0214205E+1	0.0000000E+0	0.0000000E+0	1.0000000E+2	0.0000000E+0
1.8326800E+2	6.0610648E+1	6.0222776E+1	0.0000000E+0	0.0000000E+0	1.0000000E+2	0.0000000E+0
1.8331900E+2	6.0685696E+1	6.0231199E+1	0.0000000E+0	0.0000000E+0	1.0000000E+2	0.0000000E+0
1.8336900E+2	6.0729744E+1	6.0226042E+1	0.0000000E+0	0.0000000E+0	1.0000000E+2	0.0000000E+0
1.8341900E+2	6.0774863E+1	6.0222369E+1	0.0000000E+0	0.0000000E+0	1.0000000E+2	0.0000000E+0
1.8346900E+2	6.0844046E+1	6.0234276E+1	0.0000000E+0	0.0000000E+0	1.0000000E+2	0.0000000E+0
1.8351900E+2	6.0898028E+1	6.0219587E+1	0.0000000E+0	0.0000000E+0	1.0000000E+2	0.0000000E+0
1.8356900E+2	6.0945439E+1	6.0234701E+1	0.0000000E+0	0.0000000E+0	1.0000000E+2	0.0000000E+0
1.8362000E+2	6.0990753E+1	6.0220407E+1	0.0000000E+0	0.0000000E+0	1.0000000E+2	0.0000000E+0
1.8367000E+2	6.1020439E+1	6.0205361E+1	0.0000000E+0	0.0000000E+0	1.0000000E+2	0.0000000E+0
1.8372000E+2	6.1068441E+1	6.0199919E+1	0.0000000E+0	0.0000000E+0	1.0000000E+2	0.0000000E+0
1.8377000E+2	6.1111680E+1	6.0201927E+1	0.0000000E+0	0.0000000E+0	1.0000000E+2	0.0000000E+0
1.8382000E+2	6.1140779E+1	6.0212192E+1	0.0000000E+0	0.0000000E+0	1.0000000E+2	0.0000000E+0
1.8387000E+2	6.1165734E+1	6.0210364E+1	0.0000000E+0	0.0000000E+0	1.0000000E+2	0.0000000E+0
1.8392000E+2	6.1219365E+1	6.0211941E+1	0.0000000E+0	0.0000000E+0	1.0000000E+2	0.0000000E+0
1.8397000E+2	6.1296027E+1	6.0216455E+1	0.0000000E+0	0.0000000E+0	1.0000000E+2	0.0000000E+0
1.8402100E+2	6.1349399E+1	6.0218711E+1	0.0000000E+0	0.0000000E+0	1.0000000E+2	0.0000000E+0
1.8407100E+2	6.1402562E+1	6.0231125E+1	0.0000000E+0	0.0000000E+0	1.0000000E+2	0.0000000E+0
1.8412100E+2	6.1464563E+1	6.0213942E+1	0.0000000E+0	0.0000000E+0	1.0000000E+2	0.0000000E+0
1.8417100E+2	6.1504430E+1	6.0203793E+1	0.0000000E+0	0.0000000E+0	1.0000000E+2	0.0000000E+0
1.8422200E+2	6.1566188E+1	6.0218681E+1	0.0000000E+0	0.0000000E+0	1.0000000E+2	0.0000000E+0
1.8427200E+2	6.1618625E+1	6.0222650E+1	0.0000000E+0	0.0000000E+0	1.0000000E+2	0.0000000E+0
1.8432200E+2	6.1669017E+1	6.0220796E+1	0.0000000E+0	0.0000000E+0	1.0000000E+2	0.0000000E+0
1.8437200E+2	6.1720668E+1	6.0222606E+1	0.0000000E+0	0.0000000E+0	1.0000000E+2	0.0000000E+0
1.8442300E+2	6.1777960E+1	6.0218690E+1	0.0000000E+0	0.0000000E+0	1.0000000E+2	0.0000000E+0
1.8447300E+2	6.1841601E+1	6.0228110E+1	0.0000000E+0	0.0000000E+0	1.0000000E+2	0.0000000E+0
1.8452300E+2	6.1887852E+1	6.0221191E+1	0.0000000E+0	0.0000000E+0	1.0000000E+2	0.0000000E+0
1.8457300E+2	6.1904776E+1	6.0218070E+1	0.0000000E+0	0.0000000E+0	1.0000000E+2	0.0000000E+0
1.8462400E+2	6.1927245E+1	6.0210645E+1	0.0000000E+0	0.0000000E+0	1.0000000E+2	0.0000000E+0
1.8467400E+2	6.2015414E+1	6.0219462E+1	0.0000000E+0	0.0000000E+0	1.0000000E+2	0.0000000E+0
1.8472400E+2	6.2083336E+1	6.0206501E+1	0.0000000E+0	0.0000000E+0	1.0000000E+2	0.0000000E+0
1.8477500E+2	6.2145090E+1	6.0213473E+1	0.0000000E+0	0.0000000E+0	1.0000000E+2	0.0000000E+0
1.8482500E+2	6.2199176E+1	6.0216775E+1	0.0000000E+0	0.0000000E+0	1.0000000E+2	0.0000000E+0
1.8487500E+2	6.2269228E+1	6.0228953E+1	0.0000000E+0	0.0000000E+0	1.0000000E+2	0.0000000E+0
1.8492500E+2	6.1584683E+1	6.0342017E+1	0.0000000E+0	0.0000000E+0	1.0000000E+2	0.0000000E+0
1.8497500E+2	6.0760288E+1	6.0215626E+1	0.0000000E+0	0.0000000E+0	1.0000000E+2	0.0000000E+0
1.8502500E+2	6.0796799E+1	6.0216549E+1	0.0000000E+0	0.0000000E+0	1.0000000E+2	0.0000000E+0
1.8507500E+2	6.0839891E+1	6.0232262E+1	0.0000000E+0	0.0000000E+0	1.0000000E+2	0.0000000E+0
1.8512500E+2	6.0869975E+1	6.0223045E+1	0.0000000E+0	0.0000000E+0	1.0000000E+2	0.0000000E+0
1.8517500E+2	6.0908253E+1	6.0228293E+1	0.0000000E+0	0.0000000E+0	1.0000000E+2	0.0000000E+0
1.8522600E+2	6.0951740E+1	6.0237964E+1	0.0000000E+0	0.0000000E+0	1.0000000E+2	0.0000000E+0
1.8527600E+2	6.0926882E+1	6.0231828E+1	0.0000000E+0	0.0000000E+0	1.0000000E+2	0.0000000E+0
1.8532700E+2	6.0945280E+1	6.0231178E+1	0.0000000E+0	0.0000000E+0	1.0000000E+2	0.0000000E+0
1.8537700E+2	6.1008447E+1	6.0247186E+1	0.0000000E+0	0.0000000E+0	1.0000000E+2	0.0000000E+0
1.8542700E+2	6.1036524E+1	6.0226893E+1	0.0000000E+0	0.0000000E+0	1.0000000E+2	0.0000000E+0
1.8547700E+2	6.1086429E+1	6.0221805E+1	0.0000000E+0	0.0000000E+0	1.0000000E+2	0.0000000E+0
1.8552700E+2	6.1144639E+1	6.0226498E+1	0.0000000E+0	0.0000000E+0	1.0000000E+2	0.0000000E+0
1.8557700E+2	6.1171780E+1	6.0214477E+1	0.0000000E+0	0.0000000E+0	1.0000000E+2	0.0000000E+0
1.8562700E+2	6.1216653E+1	6.0209702E+1	0.0000000E+0	0.0000000E+0	1.0000000E+2	0.0000000E+0
1.8567700E+2	6.1276934E+1	6.0216055E+1	0.0000000E+0	0.0000000E+0	1.0000000E+2	0.0000000E+0
1.8572700E+2	6.1315574E+1	6.0204770E+1	0.0000000E+0	0.0000000E+0	1.0000000E+2	0.0000000E+0
1.8577700E+2	6.1358727E+1	6.0196958E+1	0.0000000E+0	0.0000000E+0	1.0000000E+2	0.0000000E+0
1.8582700E+2	6.1427081E+1	6.0215077E+1	0.0000000E+0	0.0000000E+0	1.0000000E+2	0.0000000E+0
1.8587700E+2	6.1481671E+1	6.0213676E+1	0.0000000E+0	0.0000000E+0	1.0000000E+2	0.0000000E+0
1.8592700E+2	6.1522125E+1	6.0218010E+1	0.0000000E+0	0.0000000E+0	1.0000000E+2	0.0000000E+0
1.8597700E+2	6.1548590E+1	6.0234086E+1	0.0000000E+0	0.0000000E+0	1.0000000E+2	0.0000000E+0
1.8602700E+2	6.1551346E+1	6.0238131E+1	0.0000000E+0	0.0000000E+0	1.0000000E+2	0.0000000E+0
1.8607800E+2	6.1605424E+1	6.0236412E+1	0.0000000E+0	0.0000000E+0	1.0000000E+2	0.0000000E+0
1.8612800E+2	6.1663049E+1	6.0239034E+1	0.0000000E+0	0.0000000E+0	1.0000000E+2	0.0000000E+0
1.8617800E+2	6.1715480E+1	6.0245757E+1	0.0000000E+0	0.0000000E+0	1.0000000E+2	0.0000000E+0
1.8622800E+2	6.1776669E+1	6.0249897E+1	0.0000000E+0	0.0000000E+0	1.0000000E+2	0.0000000E+0
1.8627800E+2	6.1825108E+1	6.0243477E+1	0.0000000E+0	0.0000000E+0	1.0000000E+2	0.0000000E+0
1.8632800E+2	6.1883209E+1	6.0236061E+1	0.0000000E+0	0.0000000E+0	1.0000000E+2	0.0000000E+0
1.8637800E+2	6.1964258E+1	6.0263766E+1	0.0000000E+0	0.0000000E+0	1.0000000E+2	0.0000000E+0
1.8642800E+2	6.2019382E+1	6.0258509E+1	0.0000000E+0	0.0000000E+0	1.0000000E+2	0.0000000E+0
1.8647800E+2	6.2089085E+1	6.0275923E+1	0.0000000E+0	0.0000000E+0	1.0000000E+2	0.0000000E+0
1.8652800E+2	6.2135145E+1	6.0277183E+1	0.0000000E+0	0.0000000E+0	1.0000000E+2	0.0000000E+0
1.8658000E+2	6.2205444E+1	6.0275549E+1	0.0000000E+0	0.0000000E+0	1.0000000E+2	0.0000000E+0
1.8663000E+2	6.2261805E+1	6.0277663E+1	0.0000000E+0	0.0000000E+0	1.0000000E+2	0.0000000E+0
1.8668000E+2	6.2295160E+1	6.0253166E+1	0.0000000E+0	0.0000000E+0	1.0000000E+2	0.0000000E+0
1.8673000E+2	6.2376635E+1	6.0272514E+1	0.0000000E+0	0.0000000E+0	1.0000000E+2	0.0000000E+0
1.8678000E+2	6.2435144E+1	6.0277379E+1	0.0000000E+0	0.0000000E+0	1.0000000E+2	0.0000000E+0
1.8683000E+2	6.1112089E+1	6.0391885E+1	0.0000000E+0	0.0000000E+0	1.0000000E+2	0.0000000E+0
1.8688000E+2	6.0438591E+1	6.0256095E+1	0.0000000E+0	0.0000000E+0	1.0000000E+2	0.0000000E+0
1.8693000E+2	6.0521142E+1	6.0288316E+1	0.0000000E+0	0.0000000E+0	1.0000000E+2	0.0000000E+0
1.8698000E+2	6.0572376E+1	6.0280713E+1	0.0000000E+0	0.0000000E+0	1.0000000E+2	0.0000000E+0
1.8703000E+2	6.0608351E+1	6.0284742E+1	0.0000000E+0	0.0000000E+0	1.0000000E+2	0.0000000E+0
1.8708000E+2	6.0642706E+1	6.0272068E+1	0.0000000E+0	0.0000000E+0	1.0000000E+2	0.0000000E+0
1.8713000E+2	6.0670165E+1	6.0272381E+1	0.0000000E+0	0.0000000E+0	1.0000000E+2	0.0000000E+0
1.8718000E+2	6.0744192E+1	6.0259918E+1	0.0000000E+0	0.0000000E+0	1.0000000E+2	0.0000000E+0
1.8723000E+2	6.0787724E+1	6.0266309E+1	0.0000000E+0	0.0000000E+0	1.0000000E+2	0.0000000E+0
1.8728000E+2	6.0843753E+1	6.0266291E+1	0.0000000E+0	0.0000000E+0	1.0000000E+2	0.0000000E+0
1.8733000E+2	6.0922214E+1	6.0289223E+1	0.0000000E+0	0.0000000E+0	1.0000000E+2	0.0000000E+0
1.8738000E+2	6.0988952E+1	6.0287939E+1	0.0000000E+0	0.0000000E+0	1.0000000E+2	0.0000000E+0
1.8743000E+2	6.1055473E+1	6.0289101E+1	0.0000000E+0	0.0000000E+0	1.0000000E+2	0.0000000E+0
1.8748000E+2	6.1135126E+1	6.0289078E+1	0.0000000E+0	0.0000000E+0	1.0000000E+2	0.0000000E+0
1.8753000E+2	6.1203683E+1	6.0293874E+1	0.0000000E+0	0.0000000E+0	1.0000000E+2	0.0000000E+0
1.8758000E+2	6.1261914E+1	6.0292997E+1	0.0000000E+0	0.0000000E+0	1.0000000E+2	0.0000000E+0
1.8763000E+2	6.1314783E+1	6.0294734E+1	0.0000000E+0	0.0000000E+0	1.0000000E+2	0.0000000E+0
1.8768000E+2	6.1382163E+1	6.0313296E+1	0.0000000E+0	0.0000000E+0	1.0000000E+2	0.0000000E+0
1.8773000E+2	6.1376628E+1	6.0298349E+1	0.0000000E+0	0.0000000E+0	1.0000000E+2	0.0000000E+0
1.8778000E+2	6.1426051E+1	6.0311249E+1	0.0000000E+0	0.0000000E+0	1.0000000E+2	0.0000000E+0
1.8783000E+2	6.1491611E+1	6.0315137E+1	0.0000000E+0	0.0000000E+0	1.0000000E+2	0.0000000E+0
1.8788000E+2	6.1555015E+1	6.0306292E+1	0.0000000E+0	0.0000000E+0	1.0000000E+2	0.0000000E+0
1.8793000E+2	6.1628737E+1	6.0316081E+1	0.0000000E+0	0.0000000E+0	1.0000000E+2	0.0000000E+0
1.8798000E+2	6.1705732E+1	6.0319195E+1	0.0000000E+0	0.0000000E+0	1.0000000E+2	0.0000000E+0
1.8803000E+2	6.1778217E+1	6.0309522E+1	0.0000000E+0	0.0000000E+0	1.0000000E+2	0.0000000E+0
1.8808100E+2	6.1859619E+1	6.0318488E+1	0.0000000E+0	0.0000000E+0	1.0000000E+2	0.0000000E+0
1.8813100E+2	6.1948848E+1	6.0310575E+1	0.0000000E+0	0.0000000E+0	1.0000000E+2	0.0000000E+0
1.8818100E+2	6.2039607E+1	6.0309114E+1	0.0000000E+0	0.0000000E+0	1.0000000E+2	0.0000000E+0
1.8823100E+2	6.2130082E+1	6.0315725E+1	0.0000000E+0	0.0000000E+0	1.0000000E+2	0.0000000E+0
1.8828100E+2	6.2200888E+1	6.0318617E+1	0.0000000E+0	0.0000000E+0	1.0000000E+2	0.0000000E+0
1.8833200E+2	6.2277491E+1	6.0317134E+1	0.0000000E+0	0.0000000E+0	1.0000000E+2	0.0000000E+0
1.8838200E+2	6.2363674E+1	6.0328563E+1	0.0000000E+0	0.0000000E+0	1.0000000E+2	0.0000000E+0
1.8843200E+2	6.2449310E+1	6.0332341E+1	0.0000000E+0	0.0000000E+0	1.0000000E+2	0.0000000E+0
1.8848200E+2	6.2519888E+1	6.0309555E+1	0.0000000E+0	0.0000000E+0	1.0000000E+2	0.0000000E+0
1.8853200E+2	6.1593400E+1	6.0395041E+1	0.0000000E+0	0.0000000E+0	1.0000000E+2	0.0000000E+0
1.8858200E+2	6.0786958E+1	6.0301689E+1	0.0000000E+0	0.0000000E+0	1.0000000E+2	0.0000000E+0
1.8863200E+2	6.0804229E+1	6.0270601E+1	0.0000000E+0	0.0000000E+0	1.0000000E+2	0.0000000E+0
1.8868200E+2	6.0896086E+1	6.0294122E+1	0.0000000E+0	0.0000000E+0	1.0000000E+2	0.0000000E+0
1.8873200E+2	6.0968489E+1	6.0281978E+1	0.0000000E+0	0.0000000E+0	1.0000000E+2	0.0000000E+0
1.8878200E+2	6.1038825E+1	6.0280607E+1	0.0000000E+0	0.0000000E+0	1.0000000E+2	0.0000000E+0
1.8883200E+2	6.1088702E+1	6.0261700E+1	0.0000000E+0	0.0000000E+0	1.0000000E+2	0.0000000E+0
1.8888200E+2	6.1178648E+1	6.0266879E+1	0.0000000E+0	0.0000000E+0	1.0000000E+2	0.0000000E+0
1.8893200E+2	6.1259618E+1	6.0276579E+1	0.0000000E+0	0.0000000E+0	1.0000000E+2	0.0000000E+0
1.8898200E+2	6.1328891E+1	6.0276073E+1	0.0000000E+0	0.0000000E+0	1.0000000E+2	0.0000000E+0
1.8903200E+2	6.1410265E+1	6.0281841E+1	0.0000000E+0	0.0000000E+0	1.0000000E+2	0.0000000E+0
1.8908200E+2	6.1481997E+1	6.0270273E+1	0.0000000E+0	0.0000000E+0	1.0000000E+2	0.0000000E+0
1.8913300E+2	6.1577082E+1	6.0281504E+1	0.0000000E+0	0.0000000E+0	1.0000000E+2	0.0000000E+0
1.8918300E+2	6.1656116E+1	6.0268195E+1	0.0000000E+0	0.0000000E+0	1.0000000E+2	0.0000000E+0
1.8923300E+2	6.1731911E+1	6.0268106E+1	0.0000000E+0	0.0000000E+0	1.0000000E+2	0.0000000E+0
1.8928300E+2	6.1813152E+1	6.0272596E+1	0.0000000E+0	0.0000000E+0	1.0000000E+2	0.0000000E+0
1.8933400E+2	6.1886765E+1	6.0263877E+1	0.0000000E+0	0.0000000E+0	1.0000000E+2	0.0000000E+0
1.8938400E+2	6.1940567E+1	6.0264230E+1	0.0000000E+0	0.0000000E+0	1.0000000E+2	0.0000000E+0
1.8943400E+2	6.2019516E+1	6.0273009E+1	0.0000000E+0	0.0000000E+0	1.0000000E+2	0.0000000E+0
1.8948400E+2	6.2039834E+1	6.0263458E+1	0.0000000E+0	0.0000000E+0	1.0000000E+2	0.0000000E+0
1.8953400E+2	6.2111928E+1	6.0254038E+1	0.0000000E+0	0.0000000E+0	1.0000000E+2	0.0000000E+0
1.8958400E+2	6.2207994E+1	6.0257845E+1	0.0000000E+0	0.0000000E+0	1.0000000E+2	0.0000000E+0
1.8963400E+2	6.2272223E+1	6.0272043E+1	0.0000000E+0	0.0000000E+0	1.0000000E+2	0.0000000E+0
1.8968400E+2	6.2348212E+1	6.0276991E+1	0.0000000E+0	0.0000000E+0	1.0000000E+2	0.0000000E+0
1.8973400E+2	6.2435382E+1	6.0275821E+1	0.0000000E+0	0.0000000E+0	1.0000000E+2	0.0000000E+0
1.8978400E+2	6.2488270E+1	6.0267307E+1	0.0000000E+0	0.0000000E+0	1.0000000E+2	0.0000000E+0
1.8983400E+2	6.2557501E+1	6.0258412E+1	0.0000000E+0	0.0000000E+0	1.0000000E+2	0.0000000E+0
1.8988400E+2	6.2645064E+1	6.0272298E+1	0.0000000E+0	0.0000000E+0	1.0000000E+2	0.0000000E+0
1.8993400E+2	6.2717273E+1	6.0285042E+1	0.0000000E+0	0.0000000E+0	1.0000000E+2	0.0000000E+0
1.8998500E+2	6.2784130E+1	6.0280774E+1	0.0000000E+0	0.0000000E+0	1.0000000E+2	0.0000000E+0
1.9003500E+2	6.2847906E+1	6.0266288E+1	0.0000000E+0	0.0000000E+0	1.0000000E+2	0.0000000E+0
1.9008500E+2	6.2917489E+1	6.0269542E+1	0.0000000E+0	0.0000000E+0	1.0000000E+2	0.0000000E+0
1.9013500E+2	6.2969831E+1	6.0271443E+1	0.0000000E+0	0.0000000E+0	1.0000000E+2	0.0000000E+0
1.9018500E+2	6.2078804E+1	6.0335660E+1	0.0000000E+0	0.0000000E+0	1.0000000E+2	0.0000000E+0
1.9023500E+2	6.1547357E+1	6.0260693E+1	0.0000000E+0	0.0000000E+0	1.0000000E+2	0.0000000E+0
1.9028600E+2	6.1595807E+1	6.0274204E+1	0.0000000E+0	0.0000000E+0	1.0000000E+2	0.0000000E+0
1.9033600E+2	6.1657366E+1	6.0254416E+1	0.0000000E+0	0.0000000E+0	1.0000000E+2	0.0000000E+0
1.9038600E+2	6.1725050E+1	6.0261582E+1	0.0000000E+0	0.0000000E+0	1.0000000E+2	0.0000000E+0
1.9043600E+2	6.1790681E+1	6.0270537E+1	0.0000000E+0	0.0000000E+0	1.0000000E+2	0.0000000E+0
1.9048600E+2	6.1834727E+1	6.0269278E+1	0.0000000E+0	0.0000000E+0	1.0000000E+2	0.0000000E+0
1.9053600E+2	6.1900041E+1	6.0276539E+1	0.0000000E+0	0.0000000E+0	1.0000000E+2	0.0000000E+0
1.9058600E+2	6.1954886E+1	6.0273908E+1	0.0000000E+0	0.0000000E+0	1.0000000E+2	0.0000000E+0
1.9063600E+2	6.2003783E+1	6.0273656E+1	0.0000000E+0	0.0000000E+0	1.0000000E+2	0.0000000E+0
1.9068600E+2	6.2062364E+1	6.0269844E+1	0.0000000E+0	0.0000000E+0	1.0000000E+2	0.0000000E+0
1.9073600E+2	6.2128492E+1	6.0289359E+1	0.0000000E+0	0.0000000E+0	1.0000000E+2	0.0000000E+0
1.9078600E+2	6.2188067E+1	6.0302051E+1	0.0000000E+0	0.0000000E+0	1.0000000E+2	0.0000000E+0
1.9083600E+2	6.2204125E+1	6.0278966E+1	0.0000000E+0	0.0000000E+0	1.0000000E+2	0.0000000E+0
1.9088600E+2	6.2251797E+1	6.0283307E+1	0.0000000E+0	0.0000000E+0	1.0000000E+2	0.0000000E+0
1.9093600E+2	6.2304651E+1	6.0299861E+1	0.0000000E+0	0.0000000E+0	1.0000000E+2	0.0000000E+0
1.9098600E+2	6.2369159E+1	6.0287706E+1	0.0000000E+0	0.0000000E+0	1.0000000E+2	0.0000000E+0
1.9103700E+2	6.2417663E+1	6.0297143E+1	0.0000000E+0	0.0000000E+0	1.0000000E+2	0.0000000E+0
1.9108700E+2	6.2462577E+1	6.0304644E+1	0.0000000E+0	0.0000000E+0	1.0000000E+2	0.0000000E+0
1.9113700E+2	6.2511859E+1	6.0302951E+1	0.0000000E+0	0.0000000E+0	1.0000000E+2	0.0000000E+0
1.9118700E+2	6.2578956E+1	6.0314480E+1	0.0000000E+0	0.0000000E+0	1.0000000E+2	0.0000000E+0
1.9123700E+2	6.2627964E+1	6.0309803E+1	0.0000000E+0	0.0000000E+0	1.0000000E+2	0.0000000E+0
1.9128700E+2	6.2544829E+1	6.0315984E+1	0.0000000E+0	0.0000000E+0	1.0000000E+2	0.0000000E+0
1.9133700E+2	6.1841348E+1	6.0317481E+1	0.0000000E+0	0.0000000E+0	1.0000000E+2	0.0000000E+0
1.9138700E+2	6.1827622E+1	6.0282194E+1	0.0000000E+0	0.0000000E+0	1.0000000E+2	0.0000000E+0
1.9143700E+2	6.1860621E+1	6.0296794E+1	0.0000000E+0	0.0000000E+0	1.0000000E+2	0.0000000E+0
1.9148700E+2	6.1882386E+1	6.0286866E+1	0.0000000E+0	0.0000000E+0	1.0000000E+2	0.0000000E+0
1.9153700E+2	6.1917783E+1	6.0301706E+1	0.0000000E+0	0.0000000E+0	1.0000000E+2	0.0000000E+0
1.9158700E+2	6.1941235E+1	6.0308605E+1	0.0000000E+0	0.0000000E+0	1.0000000E+2	0.0000000E+0
1.9163700E+2	6.1971982E+1	6.0317285E+1	0.0000000E+0	0.0000000E+0	1.0000000E+2	0.0000000E+0
1.9168700E+2	6.1966728E+1	6.0301001E+1	0.0000000E+0	0.0000000E+0	1.0000000E+2	0.0000000E+0
1.9173700E+2	6.2023974E+1	6.0308575E+1	0.0000000E+0	0.0000000E+0	1.0000000E+2	0.0000000E+0
1.9178700E+2	6.2077286E+1	6.0313522E+1	0.0000000E+0	0.0000000E+0	1.0000000E+2	0.0000000E+0
1.9183700E+2	6.2111390E+1	6.0304932E+1	0.0000000E+0	0.0000000E+0	1.0000000E+2	0.0000000E+0
1.9188800E+2	6.2156742E+1	6.0314537E+1	0.0000000E+0	0.0000000E+0	1.0000000E+2	0.0000000E+0
1.9193800E+2	6.2218366E+1	6.0332953E+1	0.0000000E+0	0.0000000E+0	1.0000000E+2	0.0000000E+0
1.9198800E+2	6.2247258E+1	6.0321481E+1	0.0000000E+0	0.0000000E+0	1.0000000E+2	0.0000000E+0
1.9203800E+2	6.2281949E+1	6.0309247E+1	0.0000000E+0	0.0000000E+0	1.0000000E+2	0.0000000E+0
1.9208800E+2	6.2335461E+1	6.0296498E+1	0.0000000E+0	0.0000000E+0	1.0000000E+2	0.0000000E+0
1.9213800E+2	6.2374863E+1	6.0302447E+1	0.0000000E+0	0.0000000E+0	1.0000000E+2	0.0000000E+0
1.9218800E+2	6.2429392E+1	6.0301500E+1	0.0000000E+0	0.0000000E+0	1.0000000E+2	0.0000000E+0
1.9223800E+2	6.2487554E+1	6.0319074E+1	0.0000000E+0	0.0000000E+0	1.0000000E+2	0.0000000E+0
1.9228800E+2	6.2534314E+1	6.0305240E+1	0.0000000E+0	0.0000000E+0	1.0000000E+2	0.0000000E+0
1.9233800E+2	6.2593541E+1	6.0306280E+1	0.0000000E+0	0.0000000E+0	1.0000000E+2	0.0000000E+0
1.9238900E+2	6.2601878E+1	6.0310184E+1	0.0000000E+0	0.0000000E+0	1.0000000E+2	0.0000000E+0
1.9243900E+2	6.2638514E+1	6.0306387E+1	0.0000000E+0	0.0000000E+0	1.0000000E+2	0.0000000E+0
1.9248900E+2	6.2733190E+1	6.0313045E+1	0.0000000E+0	0.0000000E+0	1.0000000E+2	0.0000000E+0
1.9253900E+2	6.2799801E+1	6.0320794E+1	0.0000000E+0	0.0000000E+0	1.0000000E+2	0.0000000E+0
1.9258900E+2	6.2846016E+1	6.0333712E+1	0.0000000E+0	0.0000000E+0	1.0000000E+2	0.0000000E+0
1.9263900E+2	6.2088496E+1	6.0415107E+1	0.0000000E+0	0.0000000E+0	1.0000000E+2	0.0000000E+0
1.9268900E+2	6.1467179E+1	6.0316134E+1	0.0000000E+0	0.0000000E+0	1.0000000E+2	0.0000000E+0
1.9274000E+2	6.1506148E+1	6.0301207E+1	0.0000000E+0	0.0000000E+0	1.0000000E+2	0.0000000E+0
1.9279000E+2	6.1547547E+1	6.0297761E+1	0.0000000E+0	0.0000000E+0	1.0000000E+2	0.0000000E+0
1.9284000E+2	6.1590401E+1	6.0298005E+1	0.0000000E+0	0.0000000E+0	1.0000000E+2	0.0000000E+0
1.9289100E+2	6.1640577E+1	6.0296476E+1	0.0000000E+0	0.0000000E+0	1.0000000E+2	0.0000000E+0
1.9294100E+2	6.1699013E+1	6.0287681E+1	0.0000000E+0	0.0000000E+0	1.0000000E+2	0.0000000E+0
1.9299100E+2	6.1751687E+1	6.0302327E+1	0.0000000E+0	0.0000000E+0	1.0000000E+2	0.0000000E+0
1.9304100E+2	6.1787178E+1	6.0288061E+1	0.0000000E+0	0.0000000E+0	1.0000000E+2	0.0000000E+0
1.9309100E+2	6.1821722E+1	6.0296742E+1	0.0000000E+0	0.0000000E+0	1.0000000E+2	0.0000000E+0
1.9314100E+2	6.1846171E+1	6.0296180E+1	0.0000000E+0	0.0000000E+0	1.0000000E+2	0.0000000E+0
1.9319100E+2	6.1913885E+1	6.0308845E+1	0.0000000E+0	0.0000000E+0	1.0000000E+2	0.0000000E+0
1.9324100E+2	6.1979029E+1	6.0298433E+1	0.0000000E+0	0.0000000E+0	1.0000000E+2	0.0000000E+0
1.9329100E+2	6.2031716E+1	6.0311254E+1	0.0000000E+0	0.0000000E+0	1.0000000E+2	0.0000000E+0
1.9334100E+2	6.2095297E+1	6.0313030E+1	0.0000000E+0	0.0000000E+0	1.0000000E+2	0.0000000E+0
1.9339100E+2	6.2141719E+1	6.0311226E+1	0.0000000E+0	0.0000000E+0	1.0000000E+2	0.0000000E+0
1.9344100E+2	6.2201688E+1	6.0312223E+1	0.0000000E+0	0.0000000E+0	1.0000000E+2	0.0000000E+0
1.9349100E+2	6.2268874E+1	6.0315343E+1	0.0000000E+0	0.0000000E+0	1.0000000E+2	0.0000000E+0
1.9354100E+2	6.2332714E+1	6.0312681E+1	0.0000000E+0	0.0000000E+0	1.0000000E+2	0.0000000E+0
1.9359100E+2	6.2397294E+1	6.0312293E+1	0.0000000E+0	0.0000000E+0	1.0000000E+2	0.0000000E+0
1.9364100E+2	6.2454484E+1	6.0313851E+1	0.0000000E+0	0.0000000E+0	1.0000000E+2	0.0000000E+0
1.9369100E+2	6.2489226E+1	6.0304467E+1	0.0000000E+0	0.0000000E+0	1.0000000E+2	0.0000000E+0
1.9374100E+2	6.2563440E+1	6.0335624E+1	0.0000000E+0	0.0000000E+0	1.0000000E+2	0.0000000E+0
1.9379100E+2	6.2616046E+1	6.0333633E+1	0.0000000E+0	0.0000000E+0	1.0000000E+2	0.0000000E+0
1.9384100E+2	6.2565915E+1	6.0354387E+1	0.0000000E+0	0.0000000E+0	1.0000000E+2	0.0000000E+0
1.9389100E+2	6.1401972E+1	6.0384451E+1	0.0000000E+0	0.0000000E+0	1.0000000E+2	0.0000000E+0
1.9394100E+2	6.1367915E+1	6.0288226E+1	0.0000000E+0	0.0000000E+0	1.0000000E+2	0.0000000E+0
1.9399200E+2	6.1425005E+1	6.0288410E+1	0.0000000E+0	0.0000000E+0	1.0000000E+2	0.0000000E+0
1.9404300E+2	6.1473449E+1	6.0292564E+1	0.0000000E+0	0.0000000E+0	1.0000000E+2	0.0000000E+0
1.9409400E+2	6.1511669E+1	6.0285597E+1	0.0000000E+0	0.0000000E+0	1.0000000E+2	0.0000000E+0
1.9414400E+2	6.1584516E+1	6.0307600E+1	0.0000000E+0	0.0000000E+0	1.0000000E+2	0.0000000E+0
1.9419400E+2	6.1637350E+1	6.0318560E+1	0.0000000E+0	0.0000000E+0	1.0000000E+2	0.0000000E+0
1.9424400E+2	6.1690827E+1	6.0324361E+1	0.0000000E+0	0.0000000E+0	1.0000000E+2	0.0000000E+0
1.9429400E+2	6.1749219E+1	6.0321307E+1	0.0000000E+0	0.0000000E+0	1.0000000E+2	0.0000000E+0
1.9434400E+2	6.1784270E+1	6.0311291E+1	0.0000000E+0	0.0000000E+0	1.0000000E+2	0.0000000E+0
1.9439400E+2	6.1837716E+1	6.0311263E+1	0.0000000E+0	0.0000000E+0	1.0000000E+2	0.0000000E+0
1.9444400E+2	6.1913696E+1	6.0323915E+1	0.0000000E+0	0.0000000E+0	1.0000000E+2	0.0000000E+0
1.9449400E+2	6.1956716E+1	6.0316849E+1	0.0000000E+0	0.0000000E+0	1.0000000E+2	0.0000000E+0
1.9454400E+2	6.2003853E+1	6.0328563E+1	0.0000000E+0	0.0000000E+0	1.0000000E+2	0.0000000E+0
1.9459400E+2	6.2033528E+1	6.0309907E+1	0.0000000E+0	0.0000000E+0	1.0000000E+2	0.0000000E+0
1.9464400E+2	6.2072947E+1	6.0327744E+1	0.0000000E+0	0.0000000E+0	1.0000000E+2	0.0000000E+0
1.9469400E+2	6.2075686E+1	6.0323535E+1	0.0000000E+0	0.0000000E+0	1.0000000E+2	0.0000000E+0
1.9474400E+2	6.2126375E+1	6.0325263E+1	0.0000000E+0	0.0000000E+0	1.0000000E+2	0.0000000E+0
1.9479400E+2	6.2196289E+1	6.0339039E+1	0.0000000E+0	0.0000000E+0	1.0000000E+2	0.0000000E+0
1.9484400E+2	6.2272974E+1	6.0348304E+1	0.0000000E+0	0.0000000E+0	1.0000000E+2	0.0000000E+0
1.9489400E+2	6.1568565E+1	6.0392014E+1	0.0000000E+0	0.0000000E+0	1.0000000E+2	0.0000000E+0
1.9494400E+2	6.1330865E+1	6.0337462E+1	0.0000000E+0	0.0000000E+0	1.0000000E+2	0.0000000E+0
1.9499400E+2	6.1359364E+1	6.0327860E+1	0.0000000E+0	0.0000000E+0	1.0000000E+2	0.0000000E+0
1.9504400E+2	6.1414604E+1	6.0340010E+1	0.0000000E+0	0.0000000E+0	1.0000000E+2	0.0000000E+0
1.9509500E+2	6.1447590E+1	6.0332652E+1	0.0000000E+0	0.0000000E+0	1.0000000E+2	0.0000000E+0
1.9514500E+2	6.1463435E+1	6.0319249E+1	0.0000000E+0	0.0000000E+0	1.0000000E+2	0.0000000E+0
1.9519500E+2	6.1494338E+1	6.0324720E+1	0.0000000E+0	0.0000000E+0	1.0000000E+2	0.0000000E+0
1.9524600E+2	6.1539671E+1	6.0318588E+1	0.0000000E+0	0.0000000E+0	1.0000000E+2	0.0000000E+0
1.9529600E+2	6.1576059E+1	6.0303750E+1	0.0000000E+0	0.0000000E+0	1.0000000E+2	0.0000000E+0
1.9534600E+2	6.1627567E+1	6.0303832E+1	0.0000000E+0	0.0000000E+0	1.0000000E+2	0.0000000E+0
1.9539700E+2	6.1666666E+1	6.0310395E+1	0.0000000E+0	0.0000000E+0	1.0000000E+2	0.0000000E+0
1.9544700E+2	6.1695121E+1	6.0305558E+1	0.0000000E+0	0.0000000E+0	1.0000000E+2	0.0000000E+0
1.9549700E+2	6.1746529E+1	6.0320356E+1	0.0000000E+0	0.0000000E+0	1.0000000E+2	0.0000000E+0
1.9554700E+2	6.1746931E+1	6.0308993E+1	0.0000000E+0	0.0000000E+0	1.0000000E+2	0.0000000E+0
1.9559700E+2	6.1780789E+1	6.0314444E+1	0.0000000E+0	0.0000000E+0	1.0000000E+2	0.0000000E+0
1.9564800E+2	6.1839945E+1	6.0307909E+1	0.0000000E+0	0.0000000E+0	1.0000000E+2	0.0000000E+0
1.9569900E+2	6.1921426E+1	6.0315731E+1	0.0000000E+0	0.0000000E+0	1.0000000E+2	0.0000000E+0
1.9574900E+2	6.1965590E+1	6.0309600E+1	0.0000000E+0	0.0000000E+0	1.0000000E+2	0.0000000E+0
1.9579900E+2	6.2032025E+1	6.0296364E+1	0.0000000E+0	0.0000000E+0	1.0000000E+2	0.0000000E+0
1.9585000E+2	6.2104135E+1	6.0304591E+1	0.0000000E+0	0.0000000E+0	1.0000000E+2	0.0000000E+0
1.9590100E+2	6.2136528E+1	6.0294662E+1	0.0000000E+0	0.0000000E+0	1.0000000E+2	0.0000000E+0
1.9595100E+2	6.2198935E+1	6.0306994E+1	0.0000000E+0	0.0000000E+0	1.0000000E+2	0.0000000E+0
1.9600100E+2	6.2254350E+1	6.0305192E+1	0.0000000E+0	0.0000000E+0	1.0000000E+2	0.0000000E+0
1.9605100E+2	6.2323794E+1	6.0331790E+1	0.0000000E+0	0.0000000E+0	1.0000000E+2	0.0000000E+0
1.9610100E+2	6.2364646E+1	6.0320408E+1	0.0000000E+0	0.0000000E+0	1.0000000E+2	0.0000000E+0
1.9615100E+2	6.2386839E+1	6.0321156E+1	0.0000000E+0	0.0000000E+0	1.0000000E+2	0.0000000E+0
1.9620100E+2	6.2465000E+1	6.0326474E+1	0.0000000E+0	0.0000000E+0	1.0000000E+2	0.0000000E+0
1.9625100E+2	6.2510130E+1	6.0338455E+1	0.0000000E+0	0.0000000E+0	1.0000000E+2	0.0000000E+0
1.9630100E+2	6.2533985E+1	6.0331705E+1	0.0000000E+0	0.0000000E+0	1.0000000E+2	0.0000000E+0
1.9635200E+2	6.2600171E+1	6.0321955E+1	0.0000000E+0	0.0000000E+0	1.0000000E+2	0.0000000E+0
1.9640200E+2	6.2656681E+1	6.0319776E+1	0.0000000E+0	0.0000000E+0	1.0000000E+2	0.0000000E+0
1.9645300E+2	6.2394392E+1	6.0379508E+1	0.0000000E+0	0.0000000E+0	1.0000000E+2	0.0000000E+0
1.9650400E+2	6.1644135E+1	6.0339908E+1	0.0000000E+0	0.0000000E+0	1.0000000E+2	0.0000000E+0
1.9655400E+2	6.1656981E+1	6.0312801E+1	0.0000000E+0	0.0000000E+0	1.0000000E+2	0.0000000E+0
1.9660400E+2	6.1676046E+1	6.0313504E+1	0.0000000E+0	0.0000000E+0	1.0000000E+2	0.0000000E+0
1.9665400E+2	6.1693127E+1	6.0305840E+1	0.0000000E+0	0.0000000E+0	1.0000000E+2	0.0000000E+0
1.9670400E+2	6.1701800E+1	6.0290388E+1	0.0000000E+0	0.0000000E+0	1.0000000E+2	0.0000000E+0
1.9675400E+2	6.1743474E+1	6.0290681E+1	0.0000000E+0	0.0000000E+0	1.0000000E+2	0.0000000E+0
1.9680400E+2	6.1797696E+1	6.0287717E+1	0.0000000E+0	0.0000000E+0	1.0000000E+2	0.0000000E+0
1.9685400E+2	6.1851796E+1	6.0297101E+1	0.0000000E+0	0.0000000E+0	1.0000000E+2	0.0000000E+0
1.9690400E+2	6.1874759E+1	6.0292361E+1	0.0000000E+0	0.0000000E+0	1.0000000E+2	0.0000000E+0
1.9695400E+2	6.1918092E+1	6.0291227E+1	0.0000000E+0	0.0000000E+0	1.0000000E+2	0.0000000E+0
1.9700400E+2	6.1955753E+1	6.0298621E+1	0.0000000E+0	0.0000000E+0	1.0000000E+2	0.0000000E+0
1.9705400E+2	6.2007267E+1	6.0306947E+1	0.0000000E+0	0.0000000E+0	1.0000000E+2	0.0000000E+0
1.9710400E+2	6.2050650E+1	6.0310381E+1	0.0000000E+0	0.0000000E+0	1.0000000E+2	0.0000000E+0
1.9715400E+2	6.2098484E+1	6.0322682E+1	0.0000000E+0	0.0000000E+0	1.0000000E+2	0.0000000E+0
1.9720400E+2	6.2124542E+1	6.0308284E+1	0.0000000E+0	0.0000000E+0	1.0000000E+2	0.0000000E+0
1.9725400E+2	6.2165986E+1	6.0313264E+1	0.0000000E+0	0.0000000E+0	1.0000000E+2	0.0000000E+0
1.9730500E+2	6.2218442E+1	6.0318947E+1	0.0000000E+0	0.0000000E+0	1.0000000E+2	0.0000000E+0
1.9735500E+2	6.2257206E+1	6.0307842E+1	0.0000000E+0	0.0000000E+0	1.0000000E+2	0.0000000E+0
1.9740500E+2	6.2306782E+1	6.0311488E+1	0.0000000E+0	0.0000000E+0	1.0000000E+2	0.0000000E+0
1.9745500E+2	6.2366767E+1	6.0314295E+1	0.0000000E+0	0.0000000E+0	1.0000000E+2	0.0000000E+0
1.9750500E+2	6.2394796E+1	6.0330164E+1	0.0000000E+0	0.0000000E+0	1.0000000E+2	0.0000000E+0
1.9755500E+2	6.2431323E+1	6.0327949E+1	0.0000000E+0	0.0000000E+0	1.0000000E+2	0.0000000E+0
1.9760600E+2	6.2489617E+1	6.0321781E+1	0.0000000E+0	0.0000000E+0	1.0000000E+2	0.0000000E+0
1.9765600E+2	6.2535953E+1	6.0319871E+1	0.0000000E+0	0.0000000E+0	1.0000000E+2	0.0000000E+0
1.9770700E+2	6.2593518E+1	6.0332841E+1	0.0000000E+0	0.0000000E+0	1.0000000E+2	0.0000000E+0
1.9775800E+2	6.2646451E+1	6.0341181E+1	0.0000000E+0	0.0000000E+0	1.0000000E+2	0.0000000E+0
1.9780800E+2	6.2683319E+1	6.0338439E+1	0.0000000E+0	0.0000000E+0	1.0000000E+2	0.0000000E+0
1.9785800E+2	6.2737297E+1	6.0324158E+1	0.0000000E+0	0.0000000E+0	1.0000000E+2	0.0000000E+0
1.9790800E+2	6.2802141E+1	6.0330505E+1	0.0000000E+0	0.0000000E+0	1.0000000E+2	0.0000000E+0
1.9795800E+2	6.2864337E+1	6.0336304E+1	0.0000000E+0	0.0000000E+0	1.0000000E+2	0.0000000E+0
1.9800800E+2	6.2914554E+1	6.0335361E+1	0.0000000E+0	0.0000000E+0	1.0000000E+2	0.0000000E+0
1.9805800E+2	6.1807969E+1	6.0435537E+1	0.0000000E+0	0.0000000E+0	1.0000000E+2	0.0000000E+0
1.9810800E+2	6.1392581E+1	6.0331742E+1	0.0000000E+0	0.0000000E+0	1.0000000E+2	0.0000000E+0
1.9815900E+2	6.1426116E+1	6.0335147E+1	0.0000000E+0	0.0000000E+0	1.0000000E+2	0.0000000E+0
1.9820900E+2	6.1464603E+1	6.0342673E+1	0.0000000E+0	0.0000000E+0	1.0000000E+2	0.0000000E+0
1.9826000E+2	6.1504264E+1	6.0349075E+1	0.0000000E+0	0.0000000E+0	1.0000000E+2	0.0000000E+0
1.9831100E+2	6.1528637E+1	6.0344572E+1	0.0000000E+0	0.0000000E+0	1.0000000E+2	0.0000000E+0
1.9836100E+2	6.1566500E+1	6.0324473E+1	0.0000000E+0	0.0000000E+0	1.0000000E+2	0.0000000E+0
1.9841100E+2	6.1574960E+1	6.0347785E+1	0.0000000E+0	0.0000000E+0	1.0000000E+2	0.0000000E+0
1.9846100E+2	6.1583321E+1	6.0338073E+1	0.0000000E+0	0.0000000E+0	1.0000000E+2	0.0000000E+0
1.9851100E+2	6.1622862E+1	6.0342409E+1	0.0000000E+0	0.0000000E+0	1.0000000E+2	0.0000000E+0
1.9856100E+2	6.1654069E+1	6.0344188E+1	0.0000000E+0	0.0000000E+0	1.0000000E+2	0.0000000E+0
1.9861100E+2	6.1689456E+1	6.0354705E+1	0.0000000E+0	0.0000000E+0	1.0000000E+2	0.0000000E+0
1.9866100E+2	6.1729962E+1	6.0338738E+1	0.0000000E+0	0.0000000E+0	1.0000000E+2	0.0000000E+0
1.9871200E+2	6.1777361E+1	6.0359416E+1	0.0000000E+0	0.0000000E+0	1.0000000E+2	0.0000000E+0
1.9876300E+2	6.1817613E+1	6.0355884E+1	0.0000000E+0	0.0000000E+0	1.0000000E+2	0.0000000E+0
1.9881300E+2	6.1835518E+1	6.0350235E+1	0.0000000E+0	0.0000000E+0	1.0000000E+2	0.0000000E+0
1.9886400E+2	6.1859754E+1	6.0334384E+1	0.0000000E+0	0.0000000E+0	1.0000000E+2	0.0000000E+0
1.9891500E+2	6.1893558E+1	6.0331929E+1	0.0000000E+0	0.0000000E+0	1.0000000E+2	0.0000000E+0
1.9896600E+2	6.1941266E+1	6.0349090E+1	0.0000000E+0	0.0000000E+0	1.0000000E+2	0.0000000E+0
1.9901600E+2	6.1991417E+1	6.0342798E+1	0.0000000E+0	0.0000000E+0	1.0000000E+2	0.0000000E+0
1.9906600E+2	6.2016203E+1	6.0341778E+1	0.0000000E+0	0.0000000E+0	1.0000000E+2	0.0000000E+0
1.9911700E+2	6.2078266E+1	6.0339185E+1	0.0000000E+0	0.0000000E+0	1.0000000E+2	0.0000000E+0
1.9916700E+2	6.2129320E+1	6.0357403E+1	0.0000000E+0	0.0000000E+0	1.0000000E+2	0.0000000E+0
1.9921700E+2	6.2189026E+1	6.0355621E+1	0.0000000E+0	0.0000000E+0	1.0000000E+2	0.0000000E+0
1.9926700E+2	6.2194436E+1	6.0368722E+1	0.0000000E+0	0.0000000E+0	1.0000000E+2	0.0000000E+0
1.9931700E+2	6.2232115E+1	6.0371019E+1	0.0000000E+0	0.0000000E+0	1.0000000E+2	0.0000000E+0
1.9936700E+2	6.2242268E+1	6.0357906E+1	0.0000000E+0	0.0000000E+0	1.0000000E+2	0.0000000E+0
1.9941700E+2	6.2260183E+1	6.0340987E+1	0.0000000E+0	0.0000000E+0	1.0000000E+2	0.0000000E+0
1.9946700E+2	6.2301217E+1	6.0356800E+1	0.0000000E+0	0.0000000E+0	1.0000000E+2	0.0000000E+0
1.9951700E+2	6.2267683E+1	6.0379681E+1	0.0000000E+0	0.0000000E+0	1.0000000E+2	0.0000000E+0
1.9956800E+2	6.1733042E+1	6.0373236E+1	0.0000000E+0	0.0000000E+0	1.0000000E+2	0.0000000E+0
1.9961900E+2	6.1726955E+1	6.0355505E+1	0.0000000E+0	0.0000000E+0	1.0000000E+2	0.0000000E+0
1.9967000E+2	6.1762897E+1	6.0347690E+1	0.0000000E+0	0.0000000E+0	1.0000000E+2	0.0000000E+0
1.9972100E+2	6.1772628E+1	6.0344174E+1	0.0000000E+0	0.0000000E+0	1.0000000E+2	0.0000000E+0
1.9977100E+2	6.1797561E+1	6.0342997E+1	0.0000000E+0	0.0000000E+0	1.0000000E+2	0.0000000E+0
1.9982100E+2	6.1852097E+1	6.0330409E+1	0.0000000E+0	0.0000000E+0	1.0000000E+2	0.0000000E+0
1.9987100E+2	6.1890010E+1	6.0339287E+1	0.0000000E+0	0.0000000E+0	1.0000000E+2	0.0000000E+0
1.9992100E+2	6.1933398E+1	6.0356520E+1	0.0000000E+0	0.0000000E+0	1.0000000E+2	0.0000000E+0
1.9997100E+2	6.1971220E+1	6.0351639E+1	0.0000000E+0	0.0000000E+0	1.0000000E+2	0.0000000E+0
2.0002100E+2	6.2029949E+1	6.0354613E+1	0.0000000E+0	0.0000000E+0	1.0000000E+2	0.0000000E+0
2.0007100E+2	6.2083153E+1	6.0351852E+1	0.0000000E+0	0.0000000E+0	1.0000000E+2	0.0000000E+0
2.0012100E+2	6.2131193E+1	6.0368647E+1	0.0000000E+0	0.0000000E+0	1.0000000E+2	0.0000000E+0
2.0017100E+2	6.2161420E+1	6.0340582E+1	0.0000000E+0	0.0000000E+0	1.0000000E+2	0.0000000E+0
2.0022100E+2	6.2199667E+1	6.0360082E+1	0.0000000E+0	0.0000000E+0	1.0000000E+2	0.0000000E+0
2.0027100E+2	6.2193170E+1	6.0353246E+1	0.0000000E+0	0.0000000E+0	1.0000000E+2	0.0000000E+0
2.0032100E+2	6.2239087E+1	6.0358955E+1	0.0000000E+0	0.0000000E+0	1.0000000E+2	0.0000000E+0
2.0037100E+2	6.2294271E+1	6.0356764E+1	0.0000000E+0	0.0000000E+0	1.0000000E+2	0.0000000E+0
2.0042100E+2	6.2342204E+1	6.0357397E+1	0.0000000E+0	0.0000000E+0	1.0000000E+2	0.0000000E+0
2.0047100E+2	6.2395936E+1	6.0362528E+1	0.0000000E+0	0.0000000E+0	1.0000000E+2	0.0000000E+0
2.0052100E+2	6.2443430E+1	6.0345866E+1	0.0000000E+0	0.0000000E+0	1.0000000E+2	0.0000000E+0
2.0057100E+2	6.2490317E+1	6.0356955E+1	0.0000000E+0	0.0000000E+0	1.0000000E+2	0.0000000E+0
2.0062100E+2	6.2553508E+1	6.0351343E+1	0.0000000E+0	0.0000000E+0	1.0000000E+2	0.0000000E+0
2.0067100E+2	6.2441004E+1	6.0418230E+1	0.0000000E+0	0.0000000E+0	1.0000000E+2	0.0000000E+0
2.0072100E+2	6.1789144E+1	6.0380363E+1	0.0000000E+0	0.0000000E+0	1.0000000E+2	0.0000000E+0
2.0077100E+2	6.1774924E+1	6.0333307E+1	0.0000000E+0	0.0000000E+0	1.0000000E+2	0.0000000E+0
2.0082100E+2	6.1828785E+1	6.0347222E+1	0.0000000E+0	0.0000000E+0	1.0000000E+2	0.0000000E+0
2.0087100E+2	6.1884339E+1	6.0333127E+1	0.0000000E+0	0.0000000E+0	1.0000000E+2	0.0000000E+0
2.0092100E+2	6.1934017E+1	6.0335209E+1	0.0000000E+0	0.0000000E+0	1.0000000E+2	0.0000000E+0
2.0097100E+2	6.1982664E+1	6.0342733E+1	0.0000000E+0	0.0000000E+0	1.0000000E+2	0.0000000E+0
2.0102100E+2	6.2015937E+1	6.0337936E+1	0.0000000E+0	0.0000000E+0	1.0000000E+2	0.0000000E+0
2.0107100E+2	6.2064212E+1	6.0325226E+1	0.0000000E+0	0.0000000E+0	1.0000000E+2	0.0000000E+0
2.0112100E+2	6.2114208E+1	6.0332284E+1	0.0000000E+0	0.0000000E+0	1.0000000E+2	0.0000000E+0
2.0117100E+2	6.2115650E+1	6.0333899E+1	0.0000000E+0	0.0000000E+0	1.0000000E+2	0.0000000E+0
2.0122100E+2	6.2147773E+1	6.0331871E+1	0.0000000E+0	0.0000000E+0	1.0000000E+2	0.0000000E+0
2.0127100E+2	6.2182739E+1	6.0328582E+1	0.0000000E+0	0.0000000E+0	1.0000000E+2	0.0000000E+0
2.0132100E+2	6.2244917E+1	6.0329019E+1	0.0000000E+0	0.0000000E+0	1.0000000E+2	0.0000000E+0
2.0137100E+2	6.2308729E+1	6.0344562E+1	0.0000000E+0	0.0000000E+0	1.0000000E+2	0.0000000E+0
2.0142100E+2	6.2376394E+1	6.0354980E+1	0.0000000E+0	0.0000000E+0	1.0000000E+2	0.0000000E+0
2.0147100E+2	6.2420469E+1	6.0340684E+1	0.0000000E+0	0.0000000E+0	1.0000000E+2	0.0000000E+0
2.0152200E+2	6.2473607E+1	6.0330950E+1	0.0000000E+0	0.0000000E+0	1.0000000E+2	0.0000000E+0
2.0157200E+2	6.2526959E+1	6.0347954E+1	0.0000000E+0	0.0000000E+0	1.0000000E+2	0.0000000E+0
2.0162300E+2	6.2562372E+1	6.0336795E+1	0.0000000E+0	0.0000000E+0	1.0000000E+2	0.0000000E+0
2.0167300E+2	6.2596949E+1	6.0345795E+1	0.0000000E+0	0.0000000E+0	1.0000000E+2	0.0000000E+0
2.0172300E+2	6.2640976E+1	6.0336469E+1	0.0000000E+0	0.0000000E+0	1.0000000E+2	0.0000000E+0
2.0177300E+2	6.2694473E+1	6.0324065E+1	0.0000000E+0	0.0000000E+0	1.0000000E+2	0.0000000E+0
2.0182300E+2	6.2735587E+1	6.0343719E+1	0.0000000E+0	0.0000000E+0	1.0000000E+2	0.0000000E+0
2.0187400E+2	6.2710836E+1	6.0360737E+1	0.0000000E+0	0.0000000E+0	1.0000000E+2	0.0000000E+0
2.0192400E+2	6.1653859E+1	6.0403339E+1	0.0000000E+0	0.0000000E+0	1.0000000E+2	0.0000000E+0
2.0197400E+2	6.1662988E+1	6.0336630E+1	0.0000000E+0	0.0000000E+0	1.0000000E+2	0.0000000E+0
2.0202400E+2	6.1703991E+1	6.0345777E+1	0.0000000E+0	0.0000000E+0	1.0000000E+2	0.0000000E+0
2.0207400E+2	6.1754419E+1	6.0351324E+1	0.0000000E+0	0.0000000E+0	1.0000000E+2	0.0000000E+0
2.0212400E+2	6.1738924E+1	6.0361421E+1	0.0000000E+0	0.0000000E+0	1.0000000E+2	0.0000000E+0
2.0217400E+2	6.1782146E+1	6.0372144E+1	0.0000000E+0	0.0000000E+0	1.0000000E+2	0.0000000E+0
2.0222400E+2	6.1840537E+1	6.0373454E+1	0.0000000E+0	0.0000000E+0	1.0000000E+2	0.0000000E+0
2.0227400E+2	6.1896963E+1	6.0346794E+1	0.0000000E+0	0.0000000E+0	1.0000000E+2	0.0000000E+0
2.0232400E+2	6.1952017E+1	6.0359664E+1	0.0000000E+0	0.0000000E+0	1.0000000E+2	0.0000000E+0
2.0237400E+2	6.1994617E+1	6.0368771E+1	0.0000000E+0	0.0000000E+0	1.0000000E+2	0.0000000E+0
2.0242400E+2	6.2063636E+1	6.0376466E+1	0.0000000E+0	0.0000000E+0	1.0000000E+2	0.0000000E+0
2.0247400E+2	6.2109721E+1	6.0357397E+1	0.0000000E+0	0.0000000E+0	1.0000000E+2	0.0000000E+0
2.0252400E+2	6.2149637E+1	6.0359971E+1	0.0000000E+0	0.0000000E+0	1.0000000E+2	0.0000000E+0
2.0257400E+2	6.2200784E+1	6.0362713E+1	0.0000000E+0	0.0000000E+0	1.0000000E+2	0.0000000E+0
2.0262400E+2	6.2235670E+1	6.0353145E+1	0.0000000E+0	0.0000000E+0	1.0000000E+2	0.0000000E+0
2.0267400E+2	6.2296163E+1	6.0351794E+1	0.0000000E+0	0.0000000E+0	1.0000000E+2	0.0000000E+0
2.0272400E+2	6.2376579E+1	6.0359858E+1	0.0000000E+0	0.0000000E+0	1.0000000E+2	0.0000000E+0
2.0277400E+2	6.2430475E+1	6.0364515E+1	0.0000000E+0	0.0000000E+0	1.0000000E+2	0.0000000E+0
2.0282400E+2	6.2481395E+1	6.0357554E+1	0.0000000E+0	0.0000000E+0	1.0000000E+2	0.0000000E+0
2.0287400E+2	6.2250437E+1	6.0410462E+1	0.0000000E+0	0.0000000E+0	1.0000000E+2	0.0000000E+0
2.0292400E+2	6.2092072E+1	6.0351845E+1	0.0000000E+0	0.0000000E+0	1.0000000E+2	0.0000000E+0
2.0297400E+2	6.2158168E+1	6.0367375E+1	0.0000000E+0	0.0000000E+0	1.0000000E+2	0.0000000E+0
2.0302400E+2	6.2168805E+1	6.0361018E+1	0.0000000E+0	0.0000000E+0	1.0000000E+2	0.0000000E+0
2.0307400E+2	6.2172010E+1	6.0337653E+1	0.0000000E+0	0.0000000E+0	1.0000000E+2	0.0000000E+0
2.0312400E+2	6.2238127E+1	6.0354265E+1	0.0000000E+0	0.0000000E+0	1.0000000E+2	0.0000000E+0
2.0317400E+2	6.2293330E+1	6.0350222E+1	0.0000000E+0	0.0000000E+0	1.0000000E+2	0.0000000E+0
2.0322400E+2	6.2331376E+1	6.0351516E+1	0.0000000E+0	0.0000000E+0	1.0000000E+2	0.0000000E+0
2.0327400E+2	6.2397127E+1	6.0358158E+1	0.0000000E+0	0.0000000E+0	1.0000000E+2	0.0000000E+0
2.0332400E+2	6.2438373E+1	6.0355656E+1	0.0000000E+0	0.0000000E+0	1.0000000E+2	0.0000000E+0
2.0337400E+2	6.2510281E+1	6.0345689E+1	0.0000000E+0	0.0000000E+0	1.0000000E+2	0.0000000E+0
2.0342500E+2	6.2570395E+1	6.0353588E+1	0.0000000E+0	0.0000000E+0	1.0000000E+2	0.0000000E+0
2.0347500E+2	6.2624500E+1	6.0355398E+1	0.0000000E+0	0.0000000E+0	1.0000000E+2	0.0000000E+0
2.0352700E+2	6.2667156E+1	6.0346631E+1	0.0000000E+0	0.0000000E+0	1.0000000E+2	0.0000000E+0
2.0357700E+2	6.2730779E+1	6.0342053E+1	0.0000000E+0	0.0000000E+0	1.0000000E+2	0.0000000E+0
2.0362700E+2	6.2776423E+1	6.0346202E+1	0.0000000E+0	0.0000000E+0	1.0000000E+2	0.0000000E+0
2.0367700E+2	6.2848517E+1	6.0334573E+1	0.0000000E+0	0.0000000E+0	1.0000000E+2	0.0000000E+0
2.0372700E+2	6.2917938E+1	6.0343348E+1	0.0000000E+0	0.0000000E+0	1.0000000E+2	0.0000000E+0
2.0377800E+2	6.1866046E+1	6.0406490E+1	0.0000000E+0	0.0000000E+0	1.0000000E+2	0.0000000E+0
2.0382800E+2	6.1411389E+1	6.0338760E+1	0.0000000E+0	0.0000000E+0	1.0000000E+2	0.0000000E+0
2.0387800E+2	6.1440677E+1	6.0347024E+1	0.0000000E+0	0.0000000E+0	1.0000000E+2	0.0000000E+0
2.0392900E+2	6.1493125E+1	6.0351605E+1	0.0000000E+0	0.0000000E+0	1.0000000E+2	0.0000000E+0
2.0398000E+2	6.1521982E+1	6.0362186E+1	0.0000000E+0	0.0000000E+0	1.0000000E+2	0.0000000E+0
2.0403100E+2	6.1574044E+1	6.0358599E+1	0.0000000E+0	0.0000000E+0	1.0000000E+2	0.0000000E+0
2.0408100E+2	6.1565630E+1	6.0348337E+1	0.0000000E+0	0.0000000E+0	1.0000000E+2	0.0000000E+0
2.0413200E+2	6.1605477E+1	6.0357247E+1	0.0000000E+0	0.0000000E+0	1.0000000E+2	0.0000000E+0
2.0418200E+2	6.1669759E+1	6.0358085E+1	0.0000000E+0	0.0000000E+0	1.0000000E+2	0.0000000E+0
2.0423300E+2	6.1724960E+1	6.0366050E+1	0.0000000E+0	0.0000000E+0	1.0000000E+2	0.0000000E+0
2.0428300E+2	6.1767856E+1	6.0352323E+1	0.0000000E+0	0.0000000E+0	1.0000000E+2	0.0000000E+0
2.0433300E+2	6.1807893E+1	6.0358701E+1	0.0000000E+0	0.0000000E+0	1.0000000E+2	0.0000000E+0
2.0438300E+2	6.1861313E+1	6.0355912E+1	0.0000000E+0	0.0000000E+0	1.0000000E+2	0.0000000E+0
2.0443300E+2	6.1921133E+1	6.0356518E+1	0.0000000E+0	0.0000000E+0	1.0000000E+2	0.0000000E+0
2.0448300E+2	6.1980912E+1	6.0363436E+1	0.0000000E+0	0.0000000E+0	1.0000000E+2	0.0000000E+0
2.0453300E+2	6.2040749E+1	6.0369213E+1	0.0000000E+0	0.0000000E+0	1.0000000E+2	0.0000000E+0
2.0458400E+2	6.2109690E+1	6.0372599E+1	0.0000000E+0	0.0000000E+0	1.0000000E+2	0.0000000E+0
2.0463400E+2	6.2167784E+1	6.0375194E+1	0.0000000E+0	0.0000000E+0	1.0000000E+2	0.0000000E+0
2.0468400E+2	6.2201412E+1	6.0370150E+1	0.0000000E+0	0.0000000E+0	1.0000000E+2	0.0000000E+0
2.0473400E+2	6.2267810E+1	6.0365317E+1	0.0000000E+0	0.0000000E+0	1.0000000E+2	0.0000000E+0
2.0478400E+2	6.1792333E+1	6.0421857E+1	0.0000000E+0	0.0000000E+0	1.0000000E+2	0.0000000E+0
2.0483400E+2	6.1676293E+1	6.0356588E+1	0.0000000E+0	0.0000000E+0	1.0000000E+2	0.0000000E+0
2.0488400E+2	6.1726043E+1	6.0372259E+1	0.0000000E+0	0.0000000E+0	1.0000000E+2	0.0000000E+0
2.0493400E+2	6.1758037E+1	6.0378586E+1	0.0000000E+0	0.0000000E+0	1.0000000E+2	0.0000000E+0
2.0498400E+2	6.1769913E+1	6.0373589E+1	0.0000000E+0	0.0000000E+0	1.0000000E+2	0.0000000E+0
2.0503400E+2	6.1821447E+1	6.0381069E+1	0.0000000E+0	0.0000000E+0	1.0000000E+2	0.0000000E+0
2.0508400E+2	6.1868709E+1	6.0358620E+1	0.0000000E+0	0.0000000E+0	1.0000000E+2	0.0000000E+0
2.0513400E+2	6.1950056E+1	6.0372911E+1	0.0000000E+0	0.0000000E+0	1.0000000E+2	0.0000000E+0
2.0518400E+2	6.2005181E+1	6.0364792E+1	0.0000000E+0	0.0000000E+0	1.0000000E+2	0.0000000E+0
2.0523400E+2	6.2074894E+1	6.0366122E+1	0.0000000E+0	0.0000000E+0	1.0000000E+2	0.0000000E+0
2.0528400E+2	6.2143959E+1	6.0382250E+1	0.0000000E+0	0.0000000E+0	1.0000000E+2	0.0000000E+0
2.0533500E+2	6.2222512E+1	6.0397024E+1	0.0000000E+0	0.0000000E+0	1.0000000E+2	0.0000000E+0
2.0538500E+2	6.2271720E+1	6.0378868E+1	0.0000000E+0	0.0000000E+0	1.0000000E+2	0.0000000E+0
2.0543500E+2	6.2310453E+1	6.0366225E+1	0.0000000E+0	0.0000000E+0	1.0000000E+2	0.0000000E+0
2.0548500E+2	6.2371678E+1	6.0378065E+1	0.0000000E+0	0.0000000E+0	1.0000000E+2	0.0000000E+0
2.0553500E+2	6.2445932E+1	6.0389646E+1	0.0000000E+0	0.0000000E+0	1.0000000E+2	0.0000000E+0
2.0558500E+2	6.2492006E+1	6.0364059E+1	0.0000000E+0	0.0000000E+0	1.0000000E+2	0.0000000E+0
2.0563500E+2	6.2566158E+1	6.0366763E+1	0.0000000E+0	0.0000000E+0	1.0000000E+2	0.0000000E+0
2.0568500E+2	6.2617029E+1	6.0362723E+1	0.0000000E+0	0.0000000E+0	1.0000000E+2	0.0000000E+0
2.0573500E+2	6.2553000E+1	6.0359922E+1	0.0000000E+0	0.0000000E+0	1.0000000E+2	0.0000000E+0
2.0578500E+2	6.2399523E+1	6.0365750E+1	0.0000000E+0	0.0000000E+0	1.0000000E+2	0.0000000E+0
2.0583500E+2	6.2460675E+1	6.0371330E+1	0.0000000E+0	0.0000000E+0	1.0000000E+2	0.0000000E+0
2.0588500E+2	6.2490986E+1	6.0387001E+1	0.0000000E+0	0.0000000E+0	1.0000000E+2	0.0000000E+0
2.0593500E+2	6.2503793E+1	6.0368104E+1	0.0000000E+0	0.0000000E+0	1.0000000E+2	0.0000000E+0
2.0598600E+2	6.2548741E+1	6.0369051E+1	0.0000000E+0	0.0000000E+0	1.0000000E+2	0.0000000E+0
2.0603600E+2	6.2628517E+1	6.0376572E+1	0.0000000E+0	0.0000000E+0	1.0000000E+2	0.0000000E+0
2.0608600E+2	6.2697351E+1	6.0387702E+1	0.0000000E+0	0.0000000E+0	1.0000000E+2	0.0000000E+0
2.0613700E+2	6.2748742E+1	6.0376773E+1	0.0000000E+0	0.0000000E+0	1.0000000E+2	0.0000000E+0
2.0618700E+2	6.2813393E+1	6.0376755E+1	0.0000000E+0	0.0000000E+0	1.0000000E+2	0.0000000E+0
2.0623800E+2	6.2863510E+1	6.0387696E+1	0.0000000E+0	0.0000000E+0	1.0000000E+2	0.0000000E+0
2.0628800E+2	6.2952968E+1	6.0381893E+1	0.0000000E+0	0.0000000E+0	1.0000000E+2	0.0000000E+0
2.0633800E+2	6.3015807E+1	6.0376032E+1	0.0000000E+0	0.0000000E+0	1.0000000E+2	0.0000000E+0
2.0638800E+2	6.3083171E+1	6.0373702E+1	0.0000000E+0	0.0000000E+0	1.0000000E+2	0.0000000E+0
2.0643800E+2	6.3140699E+1	6.0380211E+1	0.0000000E+0	0.0000000E+0	1.0000000E+2	0.0000000E+0
2.0648800E+2	6.3194680E+1	6.0376444E+1	0.0000000E+0	0.0000000E+0	1.0000000E+2	0.0000000E+0
2.0653800E+2	6.3242546E+1	6.0373750E+1	0.0000000E+0	0.0000000E+0	1.0000000E+2	0.0000000E+0
2.0658800E+2	6.3318733E+1	6.0392828E+1	0.0000000E+0	0.0000000E+0	1.0000000E+2	0.0000000E+0
2.0663800E+2	6.2086742E+1	6.0483019E+1	0.0000000E+0	0.0000000E+0	1.0000000E+2	0.0000000E+0
2.0668800E+2	6.1685165E+1	6.0367593E+1	0.0000000E+0	0.0000000E+0	1.0000000E+2	0.0000000E+0
2.0673900E+2	6.1725001E+1	6.0376947E+1	0.0000000E+0	0.0000000E+0	1.0000000E+2	0.0000000E+0
2.0678900E+2	6.1769953E+1	6.0376992E+1	0.0000000E+0	0.0000000E+0	1.0000000E+2	0.0000000E+0
2.0683900E+2	6.1819127E+1	6.0366632E+1	0.0000000E+0	0.0000000E+0	1.0000000E+2	0.0000000E+0
2.0689000E+2	6.1880124E+1	6.0381337E+1	0.0000000E+0	0.0000000E+0	1.0000000E+2	0.0000000E+0
2.0694000E+2	6.1937087E+1	6.0366622E+1	0.0000000E+0	0.0000000E+0	1.0000000E+2	0.0000000E+0
2.0699000E+2	6.1970892E+1	6.0381746E+1	0.0000000E+0	0.0000000E+0	1.0000000E+2	0.0000000E+0
2.0704100E+2	6.1998540E+1	6.0380733E+1	0.0000000E+0	0.0000000E+0	1.0000000E+2	0.0000000E+0
2.0709100E+2	6.2054222E+1	6.0381561E+1	0.0000000E+0	0.0000000E+0	1.0000000E+2	0.0000000E+0
2.0714100E+2	6.2120222E+1	6.0391992E+1	0.0000000E+0	0.0000000E+0	1.0000000E+2	0.0000000E+0
2.0719100E+2	6.2193185E+1	6.0385593E+1	0.0000000E+0	0.0000000E+0	1.0000000E+2	0.0000000E+0
2.0724100E+2	6.2266060E+1	6.0393627E+1	0.0000000E+0	0.0000000E+0	1.0000000E+2	0.0000000E+0
2.0729200E+2	6.2336896E+1	6.0402695E+1	0.0000000E+0	0.0000000E+0	1.0000000E+2	0.0000000E+0
2.0734200E+2	6.2404715E+1	6.0395407E+1	0.0000000E+0	0.0000000E+0	1.0000000E+2	0.0000000E+0
2.0739200E+2	6.2465786E+1	6.0397026E+1	0.0000000E+0	0.0000000E+0	1.0000000E+2	0.0000000E+0
2.0744200E+2	6.2541107E+1	6.0389268E+1	0.0000000E+0	0.0000000E+0	1.0000000E+2	0.0000000E+0
2.0749200E+2	6.2637436E+1	6.0410731E+1	0.0000000E+0	0.0000000E+0	1.0000000E+2	0.0000000E+0
2.0754200E+2	6.2689434E+1	6.0392823E+1	0.0000000E+0	0.0000000E+0	1.0000000E+2	0.0000000E+0
2.0759200E+2	6.2784876E+1	6.0410469E+1	0.0000000E+0	0.0000000E+0	1.0000000E+2	0.0000000E+0
2.0764300E+2	6.2855912E+1	6.0406760E+1	0.0000000E+0	0.0000000E+0	1.0000000E+2	0.0000000E+0
2.0769300E+2	6.2915673E+1	6.0390761E+1	0.0000000E+0	0.0000000E+0	1.0000000E+2	0.0000000E+0
2.0774400E+2	6.2946489E+1	6.0375458E+1	0.0000000E+0	0.0000000E+0	1.0000000E+2	0.0000000E+0
2.0779400E+2	6.3005172E+1	6.0377743E+1	0.0000000E+0	0.0000000E+0	1.0000000E+2	0.0000000E+0
2.0784400E+2	6.3078758E+1	6.0377251E+1	0.0000000E+0	0.0000000E+0	1.0000000E+2	0.0000000E+0
2.0789400E+2	6.3153197E+1	6.0376088E+1	0.0000000E+0	0.0000000E+0	1.0000000E+2	0.0000000E+0
2.0794400E+2	6.3216119E+1	6.0386589E+1	0.0000000E+0	0.0000000E+0	1.0000000E+2	0.0000000E+0
2.0799400E+2	6.3287811E+1	6.0408517E+1	0.0000000E+0	0.0000000E+0	1.0000000E+2	0.0000000E+0
2.0804400E+2	6.3342292E+1	6.0405505E+1	0.0000000E+0	0.0000000E+0	1.0000000E+2	0.0000000E+0
2.0809400E+2	6.3404895E+1	6.0395911E+1	0.0000000E+0	0.0000000E+0	1.0000000E+2	0.0000000E+0
2.0814400E+2	6.3465957E+1	6.0396952E+1	0.0000000E+0	0.0000000E+0	1.0000000E+2	0.0000000E+0
2.0819500E+2	6.3548376E+1	6.0409879E+1	0.0000000E+0	0.0000000E+0	1.0000000E+2	0.0000000E+0
2.0824500E+2	6.3620384E+1	6.0405269E+1	0.0000000E+0	0.0000000E+0	1.0000000E+2	0.0000000E+0
2.0829500E+2	6.3615410E+1	6.0397372E+1	0.0000000E+0	0.0000000E+0	1.0000000E+2	0.0000000E+0
2.0834500E+2	6.3679210E+1	6.0405494E+1	0.0000000E+0	0.0000000E+0	1.0000000E+2	0.0000000E+0
2.0839500E+2	6.3781162E+1	6.0401949E+1	0.0000000E+0	0.0000000E+0	1.0000000E+2	0.0000000E+0
2.0844500E+2	6.3856326E+1	6.0408177E+1	0.0000000E+0	0.0000000E+0	1.0000000E+2	0.0000000E+0
2.0849500E+2	6.3920081E+1	6.0399634E+1	0.0000000E+0	0.0000000E+0	1.0000000E+2	0.0000000E+0
2.0854500E+2	6.2305507E+1	6.0468675E+1	0.0000000E+0	0.0000000E+0	1.0000000E+2	0.0000000E+0
2.0859600E+2	6.1940684E+1	6.0391935E+1	0.0000000E+0	0.0000000E+0	1.0000000E+2	0.0000000E+0
2.0864600E+2	6.2008500E+1	6.0391605E+1	0.0000000E+0	0.0000000E+0	1.0000000E+2	0.0000000E+0
2.0869600E+2	6.2068450E+1	6.0402761E+1	0.0000000E+0	0.0000000E+0	1.0000000E+2	0.0000000E+0
2.0874600E+2	6.2101109E+1	6.0385424E+1	0.0000000E+0	0.0000000E+0	1.0000000E+2	0.0000000E+0
2.0879600E+2	6.2154708E+1	6.0403726E+1	0.0000000E+0	0.0000000E+0	1.0000000E+2	0.0000000E+0
2.0884600E+2	6.2209416E+1	6.0407997E+1	0.0000000E+0	0.0000000E+0	1.0000000E+2	0.0000000E+0
2.0889600E+2	6.2258698E+1	6.0399104E+1	0.0000000E+0	0.0000000E+0	1.0000000E+2	0.0000000E+0
2.0894600E+2	6.2333610E+1	6.0414168E+1	0.0000000E+0	0.0000000E+0	1.0000000E+2	0.0000000E+0
2.0899600E+2	6.2416943E+1	6.0414197E+1	0.0000000E+0	0.0000000E+0	1.0000000E+2	0.0000000E+0
2.0904600E+2	6.2478306E+1	6.0421738E+1	0.0000000E+0	0.0000000E+0	1.0000000E+2	0.0000000E+0
2.0909700E+2	6.2557874E+1	6.0440163E+1	0.0000000E+0	0.0000000E+0	1.0000000E+2	0.0000000E+0
2.0914700E+2	6.2609673E+1	6.0429972E+1	0.0000000E+0	0.0000000E+0	1.0000000E+2	0.0000000E+0
2.0919700E+2	6.2659857E+1	6.0403392E+1	0.0000000E+0	0.0000000E+0	1.0000000E+2	0.0000000E+0
2.0924800E+2	6.2739392E+1	6.0407386E+1	0.0000000E+0	0.0000000E+0	1.0000000E+2	0.0000000E+0
2.0929800E+2	6.2812725E+1	6.0417332E+1	0.0000000E+0	0.0000000E+0	1.0000000E+2	0.0000000E+0
2.0934800E+2	6.2882397E+1	6.0422796E+1	0.0000000E+0	0.0000000E+0	1.0000000E+2	0.0000000E+0
2.0939800E+2	6.2925139E+1	6.0397624E+1	0.0000000E+0	0.0000000E+0	1.0000000E+2	0.0000000E+0
2.0944800E+2	6.3003843E+1	6.0390928E+1	0.0000000E+0	0.0000000E+0	1.0000000E+2	0.0000000E+0
2.0949800E+2	6.3055713E+1	6.0391463E+1	0.0000000E+0	0.0000000E+0	1.0000000E+2	0.0000000E+0
2.0954800E+2	6.3072958E+1	6.0385620E+1	0.0000000E+0	0.0000000E+0	1.0000000E+2	0.0000000E+0
2.0959800E+2	6.3142751E+1	6.0400710E+1	0.0000000E+0	0.0000000E+0	1.0000000E+2	0.0000000E+0
2.0964900E+2	6.3222946E+1	6.0391445E+1	0.0000000E+0	0.0000000E+0	1.0000000E+2	0.0000000E+0
2.0969900E+2	6.2675513E+1	6.0423089E+1	0.0000000E+0	0.0000000E+0	1.0000000E+2	0.0000000E+0
2.0974900E+2	6.2053496E+1	6.0391258E+1	0.0000000E+0	0.0000000E+0	1.0000000E+2	0.0000000E+0
2.0979900E+2	6.2122092E+1	6.0392842E+1	0.0000000E+0	0.0000000E+0	1.0000000E+2	0.0000000E+0
2.0984900E+2	6.2190139E+1	6.0404340E+1	0.0000000E+0	0.0000000E+0	1.0000000E+2	0.0000000E+0
2.0989900E+2	6.2248523E+1	6.0411551E+1	0.0000000E+0	0.0000000E+0	1.0000000E+2	0.0000000E+0
2.0994900E+2	6.2319154E+1	6.0431063E+1	0.0000000E+0	0.0000000E+0	1.0000000E+2	0.0000000E+0
2.1000000E+2	6.2369152E+1	6.0412081E+1	0.0000000E+0	0.0000000E+0	1.0000000E+2	0.0000000E+0
2.1005100E+2	6.2434735E+1	6.0430438E+1	0.0000000E+0	0.0000000E+0	1.0000000E+2	0.0000000E+0
2.1010100E+2	6.2508500E+1	6.0426641E+1	0.0000000E+0	0.0000000E+0	1.0000000E+2	0.0000000E+0
2.1015100E+2	6.2555539E+1	6.0416347E+1	0.0000000E+0	0.0000000E+0	1.0000000E+2	0.0000000E+0
2.1020100E+2	6.2624146E+1	6.0434678E+1	0.0000000E+0	0.0000000E+0	1.0000000E+2	0.0000000E+0
2.1025100E+2	6.2680231E+1	6.0408306E+1	0.0000000E+0	0.0000000E+0	1.0000000E+2	0.0000000E+0
2.1030100E+2	6.2742138E+1	6.0417932E+1	0.0000000E+0	0.0000000E+0	1.0000000E+2	0.0000000E+0
2.1035100E+2	6.2818566E+1	6.0425649E+1	0.0000000E+0	0.0000000E+0	1.0000000E+2	0.0000000E+0
2.1040100E+2	6.2891892E+1	6.0418277E+1	0.0000000E+0	0.0000000E+0	1.0000000E+2	0.0000000E+0
2.1045100E+2	6.2959625E+1	6.0419414E+1	0.0000000E+0	0.0000000E+0	1.0000000E+2	0.0000000E+0
2.1050100E+2	6.3005731E+1	6.0401972E+1	0.0000000E+0	0.0000000E+0	1.0000000E+2	0.0000000E+0
2.1055100E+2	6.3072566E+1	6.0415115E+1	0.0000000E+0	0.0000000E+0	1.0000000E+2	0.0000000E+0
2.1060100E+2	6.3139501E+1	6.0416032E+1	0.0000000E+0	0.0000000E+0	1.0000000E+2	0.0000000E+0
2.1065100E+2	6.3199077E+1	6.0411541E+1	0.0000000E+0	0.0000000E+0	1.0000000E+2	0.0000000E+0
2.1070100E+2	6.3015259E+1	6.0416821E+1	0.0000000E+0	0.0000000E+0	1.0000000E+2	0.0000000E+0
2.1075100E+2	6.2709493E+1	6.0411285E+1	0.0000000E+0	0.0000000E+0	1.0000000E+2	0.0000000E+0
2.1080100E+2	6.2772739E+1	6.0419196E+1	0.0000000E+0	0.0000000E+0	1.0000000E+2	0.0000000E+0
2.1085100E+2	6.2793122E+1	6.0405625E+1	0.0000000E+0	0.0000000E+0	1.0000000E+2	0.0000000E+0
2.1090100E+2	6.2818072E+1	6.0410934E+1	0.0000000E+0	0.0000000E+0	1.0000000E+2	0.0000000E+0
2.1095100E+2	6.2885912E+1	6.0405378E+1	0.0000000E+0	0.0000000E+0	1.0000000E+2	0.0000000E+0
2.1100100E+2	6.2961896E+1	6.0406251E+1	0.0000000E+0	0.0000000E+0	1.0000000E+2	0.0000000E+0
2.1105200E+2	6.3016081E+1	6.0402449E+1	0.0000000E+0	0.0000000E+0	1.0000000E+2	0.0000000E+0
2.1110200E+2	6.3075782E+1	6.0399659E+1	0.0000000E+0	0.0000000E+0	1.0000000E+2	0.0000000E+0
2.1115200E+2	6.3144768E+1	6.0395282E+1	0.0000000E+0	0.0000000E+0	1.0000000E+2	0.0000000E+0
2.1120200E+2	6.3223906E+1	6.0414347E+1	0.0000000E+0	0.0000000E+0	1.0000000E+2	0.0000000E+0
2.1125200E+2	6.3278671E+1	6.0376737E+1	0.0000000E+0	0.0000000E+0	1.0000000E+2	0.0000000E+0
2.1130200E+2	6.3347199E+1	6.0385018E+1	0.0000000E+0	0.0000000E+0	1.0000000E+2	0.0000000E+0
2.1135200E+2	6.3405717E+1	6.0398353E+1	0.0000000E+0	0.0000000E+0	1.0000000E+2	0.0000000E+0
2.1140200E+2	6.3051105E+1	6.0410319E+1	0.0000000E+0	0.0000000E+0	1.0000000E+2	0.0000000E+0
2.1145200E+2	6.2979485E+1	6.0409004E+1	0.0000000E+0	0.0000000E+0	1.0000000E+2	0.0000000E+0
2.1150200E+2	6.2370634E+1	6.0394105E+1	0.0000000E+0	0.0000000E+0	1.0000000E+2	0.0000000E+0
2.1155200E+2	6.2410848E+1	6.0398690E+1	0.0000000E+0	0.0000000E+0	1.0000000E+2	0.0000000E+0
2.1160200E+2	6.2446040E+1	6.0385334E+1	0.0000000E+0	0.0000000E+0	1.0000000E+2	0.0000000E+0
2.1165300E+2	6.2507428E+1	6.0384596E+1	0.0000000E+0	0.0000000E+0	1.0000000E+2	0.0000000E+0
2.1170400E+2	6.2578652E+1	6.0378440E+1	0.0000000E+0	0.0000000E+0	1.0000000E+2	0.0000000E+0
2.1175400E+2	6.2640375E+1	6.0382771E+1	0.0000000E+0	0.0000000E+0	1.0000000E+2	0.0000000E+0
2.1180600E+2	6.2709681E+1	6.0371334E+1	0.0000000E+0	0.0000000E+0	1.0000000E+2	0.0000000E+0
2.1185700E+2	6.2797109E+1	6.0395586E+1	0.0000000E+0	0.0000000E+0	1.0000000E+2	0.0000000E+0
2.1190800E+2	6.2854683E+1	6.0396518E+1	0.0000000E+0	0.0000000E+0	1.0000000E+2	0.0000000E+0
2.1195900E+2	6.2909345E+1	6.0383287E+1	0.0000000E+0	0.0000000E+0	1.0000000E+2	0.0000000E+0
2.1201000E+2	6.2958780E+1	6.0376309E+1	0.0000000E+0	0.0000000E+0	1.0000000E+2	0.0000000E+0
2.1206000E+2	6.3043239E+1	6.0381366E+1	0.0000000E+0	0.0000000E+0	1.0000000E+2	0.0000000E+0
2.1211000E+2	6.3075493E+1	6.0377261E+1	0.0000000E+0	0.0000000E+0	1.0000000E+2	0.0000000E+0
2.1216100E+2	6.3097527E+1	6.0364254E+1	0.0000000E+0	0.0000000E+0	1.0000000E+2	0.0000000E+0
2.1221200E+2	6.3186555E+1	6.0374131E+1	0.0000000E+0	0.0000000E+0	1.0000000E+2	0.0000000E+0
2.1226200E+2	6.3295335E+1	6.0389844E+1	0.0000000E+0	0.0000000E+0	1.0000000E+2	0.0000000E+0
2.1231200E+2	6.3343973E+1	6.0409669E+1	0.0000000E+0	0.0000000E+0	1.0000000E+2	0.0000000E+0
2.1236200E+2	6.3389473E+1	6.0394449E+1	0.0000000E+0	0.0000000E+0	1.0000000E+2	0.0000000E+0
2.1241200E+2	6.3457009E+1	6.0397750E+1	0.0000000E+0	0.0000000E+0	1.0000000E+2	0.0000000E+0
2.1246200E+2	6.3520557E+1	6.0392625E+1	0.0000000E+0	0.0000000E+0	1.0000000E+2	0.0000000E+0
2.1251300E+2	6.3573144E+1	6.0373118E+1	0.0000000E+0	0.0000000E+0	1.0000000E+2	0.0000000E+0
2.1256300E+2	6.3640093E+1	6.0379003E+1	0.0000000E+0	0.0000000E+0	1.0000000E+2	0.0000000E+0
2.1261400E+2	6.3714872E+1	6.0384869E+1	0.0000000E+0	0.0000000E+0	1.0000000E+2	0.0000000E+0
2.1266400E+2	6.3781030E+1	6.0389259E+1	0.0000000E+0	0.0000000E+0	1.0000000E+2	0.0000000E+0
2.1271400E+2	6.3859473E+1	6.0382908E+1	0.0000000E+0	0.0000000E+0	1.0000000E+2	0.0000000E+0
2.1276400E+2	6.3953446E+1	6.0391081E+1	0.0000000E+0	0.0000000E+0	1.0000000E+2	0.0000000E+0
2.1281400E+2	6.4011608E+1	6.0382324E+1	0.0000000E+0	0.0000000E+0	1.0000000E+2	0.0000000E+0
2.1286400E+2	6.3328678E+1	6.0426593E+1	0.0000000E+0	0.0000000E+0	1.0000000E+2	0.0000000E+0
2.1291400E+2	6.3168205E+1	6.0387357E+1	0.0000000E+0	0.0000000E+0	1.0000000E+2	0.0000000E+0
2.1296400E+2	6.3241389E+1	6.0388063E+1	0.0000000E+0	0.0000000E+0	1.0000000E+2	0.0000000E+0
2.1301400E+2	6.3329791E+1	6.0389002E+1	0.0000000E+0	0.0000000E+0	1.0000000E+2	0.0000000E+0
2.1306400E+2	6.3393818E+1	6.0387356E+1	0.0000000E+0	0.0000000E+0	1.0000000E+2	0.0000000E+0
2.1311400E+2	6.3460345E+1	6.0383648E+1	0.0000000E+0	0.0000000E+0	1.0000000E+2	0.0000000E+0
2.1316400E+2	6.3548940E+1	6.0399507E+1	0.0000000E+0	0.0000000E+0	1.0000000E+2	0.0000000E+0
2.1321400E+2	6.3610093E+1	6.0383608E+1	0.0000000E+0	0.0000000E+0	1.0000000E+2	0.0000000E+0
2.1326400E+2	6.3699778E+1	6.0383286E+1	0.0000000E+0	0.0000000E+0	1.0000000E+2	0.0000000E+0
2.1331400E+2	6.3783245E+1	6.0371262E+1	0.0000000E+0	0.0000000E+0	1.0000000E+2	0.0000000E+0
2.1336400E+2	6.3857222E+1	6.0378024E+1	0.0000000E+0	0.0000000E+0	1.0000000E+2	0.0000000E+0
2.1341400E+2	6.3899492E+1	6.0376178E+1	0.0000000E+0	0.0000000E+0	1.0000000E+2	0.0000000E+0
2.1346400E+2	6.3934398E+1	6.0368152E+1	0.0000000E+0	0.0000000E+0	1.0000000E+2	0.0000000E+0
2.1351400E+2	6.3977906E+1	6.0372488E+1	0.0000000E+0	0.0000000E+0	1.0000000E+2	0.0000000E+0
2.1356400E+2	6.4026379E+1	6.0351257E+1	0.0000000E+0	0.0000000E+0	1.0000000E+2	0.0000000E+0
2.1361400E+2	6.4126458E+1	6.0357786E+1	0.0000000E+0	0.0000000E+0	1.0000000E+2	0.0000000E+0
2.1366400E+2	6.4215422E+1	6.0397239E+1	0.0000000E+0	0.0000000E+0	1.0000000E+2	0.0000000E+0
2.1371400E+2	6.4306638E+1	6.0407536E+1	0.0000000E+0	0.0000000E+0	1.0000000E+2	0.0000000E+0
2.1376400E+2	6.4357527E+1	6.0400129E+1	0.0000000E+0	0.0000000E+0	1.0000000E+2	0.0000000E+0
2.1381400E+2	6.4419958E+1	6.0401413E+1	0.0000000E+0	0.0000000E+0	1.0000000E+2	0.0000000E+0
2.1386400E+2	6.4497626E+1	6.0393598E+1	0.0000000E+0	0.0000000E+0	1.0000000E+2	0.0000000E+0
2.1391400E+2	6.4571722E+1	6.0380108E+1	0.0000000E+0	0.0000000E+0	1.0000000E+2	0.0000000E+0
2.1396500E+2	6.4642346E+1	6.0363749E+1	0.0000000E+0	0.0000000E+0	1.0000000E+2	0.0000000E+0
2.1401500E+2	6.4739557E+1	6.0378997E+1	0.0000000E+0	0.0000000E+0	1.0000000E+2	0.0000000E+0
2.1406500E+2	6.4834421E+1	6.0384903E+1	0.0000000E+0	0.0000000E+0	1.0000000E+2	0.0000000E+0
2.1411600E+2	6.3702501E+1	6.0464669E+1	0.0000000E+0	0.0000000E+0	1.0000000E+2	0.0000000E+0
2.1416600E+2	6.3096099E+1	6.0383183E+1	0.0000000E+0	0.0000000E+0	1.0000000E+2	0.0000000E+0
2.1421700E+2	6.3142604E+1	6.0388155E+1	0.0000000E+0	0.0000000E+0	1.0000000E+2	0.0000000E+0
2.1426700E+2	6.3191516E+1	6.0375780E+1	0.0000000E+0	0.0000000E+0	1.0000000E+2	0.0000000E+0
2.1431800E+2	6.3253637E+1	6.0395789E+1	0.0000000E+0	0.0000000E+0	1.0000000E+2	0.0000000E+0
2.1436800E+2	6.3284182E+1	6.0372013E+1	0.0000000E+0	0.0000000E+0	1.0000000E+2	0.0000000E+0
2.1441800E+2	6.3353705E+1	6.0372117E+1	0.0000000E+0	0.0000000E+0	1.0000000E+2	0.0000000E+0
2.1446800E+2	6.3419066E+1	6.0390823E+1	0.0000000E+0	0.0000000E+0	1.0000000E+2	0.0000000E+0
2.1451800E+2	6.3468063E+1	6.0390737E+1	0.0000000E+0	0.0000000E+0	1.0000000E+2	0.0000000E+0
2.1456800E+2	6.3540399E+1	6.0385976E+1	0.0000000E+0	0.0000000E+0	1.0000000E+2	0.0000000E+0
2.1461800E+2	6.3579742E+1	6.0382333E+1	0.0000000E+0	0.0000000E+0	1.0000000E+2	0.0000000E+0
2.1466800E+2	6.3676587E+1	6.0402904E+1	0.0000000E+0	0.0000000E+0	1.0000000E+2	0.0000000E+0
2.1471800E+2	6.3709850E+1	6.0402665E+1	0.0000000E+0	0.0000000E+0	1.0000000E+2	0.0000000E+0
2.1476800E+2	6.3734603E+1	6.0375523E+1	0.0000000E+0	0.0000000E+0	1.0000000E+2	0.0000000E+0
2.1481800E+2	6.3813044E+1	6.0391977E+1	0.0000000E+0	0.0000000E+0	1.0000000E+2	0.0000000E+0
2.1486800E+2	6.3911254E+1	6.0399391E+1	0.0000000E+0	0.0000000E+0	1.0000000E+2	0.0000000E+0
2.1491800E+2	6.3976689E+1	6.0394738E+1	0.0000000E+0	0.0000000E+0	1.0000000E+2	0.0000000E+0
2.1496800E+2	6.4041860E+1	6.0398105E+1	0.0000000E+0	0.0000000E+0	1.0000000E+2	0.0000000E+0
2.1501800E+2	6.4052047E+1	6.0376577E+1	0.0000000E+0	0.0000000E+0	1.0000000E+2	0.0000000E+0
2.1506800E+2	6.4117091E+1	6.0379084E+1	0.0000000E+0	0.0000000E+0	1.0000000E+2	0.0000000E+0
2.1511800E+2	6.4201920E+1	6.0371353E+1	0.0000000E+0	0.0000000E+0	1.0000000E+2	0.0000000E+0
2.1516800E+2	6.4219924E+1	6.0394401E+1	0.0000000E+0	0.0000000E+0	1.0000000E+2	0.0000000E+0
2.1521800E+2	6.3315161E+1	6.0410985E+1	0.0000000E+0	0.0000000E+0	1.0000000E+2	0.0000000E+0
2.1526800E+2	6.3336538E+1	6.0377864E+1	0.0000000E+0	0.0000000E+0	1.0000000E+2	0.0000000E+0
2.1531800E+2	6.3402398E+1	6.0383585E+1	0.0000000E+0	0.0000000E+0	1.0000000E+2	0.0000000E+0
2.1536800E+2	6.3477277E+1	6.0375000E+1	0.0000000E+0	0.0000000E+0	1.0000000E+2	0.0000000E+0
2.1541800E+2	6.3524426E+1	6.0366902E+1	0.0000000E+0	0.0000000E+0	1.0000000E+2	0.0000000E+0
2.1546800E+2	6.3605630E+1	6.0385596E+1	0.0000000E+0	0.0000000E+0	1.0000000E+2	0.0000000E+0
2.1551900E+2	6.3646171E+1	6.0381869E+1	0.0000000E+0	0.0000000E+0	1.0000000E+2	0.0000000E+0
2.1557000E+2	6.3708742E+1	6.0380198E+1	0.0000000E+0	0.0000000E+0	1.0000000E+2	0.0000000E+0
2.1562100E+2	6.3773029E+1	6.0387139E+1	0.0000000E+0	0.0000000E+0	1.0000000E+2	0.0000000E+0
2.1567200E+2	6.3833942E+1	6.0367518E+1	0.0000000E+0	0.0000000E+0	1.0000000E+2	0.0000000E+0
2.1572200E+2	6.3907501E+1	6.0362000E+1	0.0000000E+0	0.0000000E+0	1.0000000E+2	0.0000000E+0
2.1577200E+2	6.3988382E+1	6.0363717E+1	0.0000000E+0	0.0000000E+0	1.0000000E+2	0.0000000E+0
2.1582200E+2	6.4001277E+1	6.0379216E+1	0.0000000E+0	0.0000000E+0	1.0000000E+2	0.0000000E+0
2.1587200E+2	6.3996403E+1	6.0359566E+1	0.0000000E+0	0.0000000E+0	1.0000000E+2	0.0000000E+0
2.1592200E+2	6.4066213E+1	6.0369865E+1	0.0000000E+0	0.0000000E+0	1.0000000E+2	0.0000000E+0
2.1597200E+2	6.4146024E+1	6.0382903E+1	0.0000000E+0	0.0000000E+0	1.0000000E+2	0.0000000E+0
2.1602200E+2	6.4210871E+1	6.0379400E+1	0.0000000E+0	0.0000000E+0	1.0000000E+2	0.0000000E+0
2.1607200E+2	6.4280213E+1	6.0378838E+1	0.0000000E+0	0.0000000E+0	1.0000000E+2	0.0000000E+0
2.1612200E+2	6.4363074E+1	6.0374968E+1	0.0000000E+0	0.0000000E+0	1.0000000E+2	0.0000000E+0
2.1617400E+2	6.4427901E+1	6.0378725E+1	0.0000000E+0	0.0000000E+0	1.0000000E+2	0.0000000E+0
2.1622400E+2	6.4433164E+1	6.0363972E+1	0.0000000E+0	0.0000000E+0	1.0000000E+2	0.0000000E+0
2.1627500E+2	6.4474368E+1	6.0345084E+1	0.0000000E+0	0.0000000E+0	1.0000000E+2	0.0000000E+0
2.1632500E+2	6.4565798E+1	6.0354005E+1	0.0000000E+0	0.0000000E+0	1.0000000E+2	0.0000000E+0
2.1637600E+2	6.4613975E+1	6.0337393E+1	0.0000000E+0	0.0000000E+0	1.0000000E+2	0.0000000E+0
2.1642600E+2	6.4682558E+1	6.0353315E+1	0.0000000E+0	0.0000000E+0	1.0000000E+2	0.0000000E+0
2.1647600E+2	6.4733802E+1	6.0332284E+1	0.0000000E+0	0.0000000E+0	1.0000000E+2	0.0000000E+0
2.1652600E+2	6.4819288E+1	6.0351047E+1	0.0000000E+0	0.0000000E+0	1.0000000E+2	0.0000000E+0
2.1657600E+2	6.4888481E+1	6.0354225E+1	0.0000000E+0	0.0000000E+0	1.0000000E+2	0.0000000E+0
2.1662600E+2	6.4969234E+1	6.0352879E+1	0.0000000E+0	0.0000000E+0	1.0000000E+2	0.0000000E+0
2.1667600E+2	6.5046494E+1	6.0349188E+1	0.0000000E+0	0.0000000E+0	1.0000000E+2	0.0000000E+0
2.1672600E+2	6.4853089E+1	6.0396993E+1	0.0000000E+0	0.0000000E+0	1.0000000E+2	0.0000000E+0
2.1677600E+2	6.4006909E+1	6.0360213E+1	0.0000000E+0	0.0000000E+0	1.0000000E+2	0.0000000E+0
2.1682700E+2	6.4030260E+1	6.0345954E+1	0.0000000E+0	0.0000000E+0	1.0000000E+2	0.0000000E+0
2.1687700E+2	6.4077058E+1	6.0351359E+1	0.0000000E+0	0.0000000E+0	1.0000000E+2	0.0000000E+0
2.1692700E+2	6.4119287E+1	6.0338863E+1	0.0000000E+0	0.0000000E+0	1.0000000E+2	0.0000000E+0
2.1697700E+2	6.4158640E+1	6.0324791E+1	0.0000000E+0	0.0000000E+0	1.0000000E+2	0.0000000E+0
2.1702700E+2	6.4223005E+1	6.0341954E+1	0.0000000E+0	0.0000000E+0	1.0000000E+2	0.0000000E+0
2.1707800E+2	6.4276153E+1	6.0339431E+1	0.0000000E+0	0.0000000E+0	1.0000000E+2	0.0000000E+0
2.1712800E+2	6.4329929E+1	6.0333917E+1	0.0000000E+0	0.0000000E+0	1.0000000E+2	0.0000000E+0
2.1717900E+2	6.4401954E+1	6.0335866E+1	0.0000000E+0	0.0000000E+0	1.0000000E+2	0.0000000E+0
2.1722900E+2	6.4459079E+1	6.0333731E+1	0.0000000E+0	0.0000000E+0	1.0000000E+2	0.0000000E+0
2.1728000E+2	6.4501733E+1	6.0315657E+1	0.0000000E+0	0.0000000E+0	1.0000000E+2	0.0000000E+0
2.1733100E+2	6.4585474E+1	6.0325990E+1	0.0000000E+0	0.0000000E+0	1.0000000E+2	0.0000000E+0
2.1738100E+2	6.4645135E+1	6.0323965E+1	0.0000000E+0	0.0000000E+0	1.0000000E+2	0.0000000E+0
2.1743100E+2	6.4725342E+1	6.0337130E+1	0.0000000E+0	0.0000000E+0	1.0000000E+2	0.0000000E+0
2.1748100E+2	6.4797695E+1	6.0338219E+1	0.0000000E+0	0.0000000E+0	1.0000000E+2	0.0000000E+0
2.1753100E+2	6.4858410E+1	6.0330628E+1	0.0000000E+0	0.0000000E+0	1.0000000E+2	0.0000000E+0
2.1758100E+2	6.4905961E+1	6.0314140E+1	0.0000000E+0	0.0000000E+0	1.0000000E+2	0.0000000E+0
2.1763100E+2	6.4951364E+1	6.0303661E+1	0.0000000E+0	0.0000000E+0	1.0000000E+2	0.0000000E+0
2.1768100E+2	6.4989964E+1	6.0304362E+1	0.0000000E+0	0.0000000E+0	1.0000000E+2	0.0000000E+0
2.1773100E+2	6.5029749E+1	6.0285031E+1	0.0000000E+0	0.0000000E+0	1.0000000E+2	0.0000000E+0
2.1778100E+2	6.5115258E+1	6.0290897E+1	0.0000000E+0	0.0000000E+0	1.0000000E+2	0.0000000E+0
2.1783100E+2	6.5166390E+1	6.0268612E+1	0.0000000E+0	0.0000000E+0	1.0000000E+2	0.0000000E+0
2.1788100E+2	6.5234302E+1	6.0282307E+1	0.0000000E+0	0.0000000E+0	1.0000000E+2	0.0000000E+0
2.1793100E+2	6.5297997E+1	6.0268613E+1	0.0000000E+0	0.0000000E+0	1.0000000E+2	0.0000000E+0
2.1798100E+2	6.4783057E+1	6.0325441E+1	0.0000000E+0	0.0000000E+0	1.0000000E+2	0.0000000E+0
2.1803200E+2	6.3775161E+1	6.0256975E+1	0.0000000E+0	0.0000000E+0	1.0000000E+2	0.0000000E+0
2.1808300E+2	6.3821357E+1	6.0267965E+1	0.0000000E+0	0.0000000E+0	1.0000000E+2	0.0000000E+0
2.1813300E+2	6.3876227E+1	6.0242145E+1	0.0000000E+0	0.0000000E+0	1.0000000E+2	0.0000000E+0
2.1818300E+2	6.3954313E+1	6.0248959E+1	0.0000000E+0	0.0000000E+0	1.0000000E+2	0.0000000E+0
2.1823400E+2	6.4007698E+1	6.0243167E+1	0.0000000E+0	0.0000000E+0	1.0000000E+2	0.0000000E+0
2.1828400E+2	6.4060475E+1	6.0233809E+1	0.0000000E+0	0.0000000E+0	1.0000000E+2	0.0000000E+0
2.1833400E+2	6.4124189E+1	6.0227072E+1	0.0000000E+0	0.0000000E+0	1.0000000E+2	0.0000000E+0
2.1838400E+2	6.4217030E+1	6.0254722E+1	0.0000000E+0	0.0000000E+0	1.0000000E+2	0.0000000E+0
2.1843400E+2	6.4260360E+1	6.0251144E+1	0.0000000E+0	0.0000000E+0	1.0000000E+2	0.0000000E+0
2.1848400E+2	6.4314706E+1	6.0267891E+1	0.0000000E+0	0.0000000E+0	1.0000000E+2	0.0000000E+0
2.1853400E+2	6.4381848E+1	6.0246197E+1	0.0000000E+0	0.0000000E+0	1.0000000E+2	0.0000000E+0
2.1858400E+2	6.4453295E+1	6.0249768E+1	0.0000000E+0	0.0000000E+0	1.0000000E+2	0.0000000E+0
2.1863400E+2	6.4509659E+1	6.0242396E+1	0.0000000E+0	0.0000000E+0	1.0000000E+2	0.0000000E+0
2.1868400E+2	6.4572242E+1	6.0248072E+1	0.0000000E+0	0.0000000E+0	1.0000000E+2	0.0000000E+0
2.1873400E+2	6.4625853E+1	6.0244913E+1	0.0000000E+0	0.0000000E+0	1.0000000E+2	0.0000000E+0
2.1878400E+2	6.4689745E+1	6.0245389E+1	0.0000000E+0	0.0000000E+0	1.0000000E+2	0.0000000E+0
2.1883400E+2	6.4774375E+1	6.0241905E+1	0.0000000E+0	0.0000000E+0	1.0000000E+2	0.0000000E+0
2.1888400E+2	6.4830872E+1	6.0235476E+1	0.0000000E+0	0.0000000E+0	1.0000000E+2	0.0000000E+0
2.1893400E+2	6.4872673E+1	6.0230630E+1	0.0000000E+0	0.0000000E+0	1.0000000E+2	0.0000000E+0
2.1898500E+2	6.4947901E+1	6.0239455E+1	0.0000000E+0	0.0000000E+0	1.0000000E+2	0.0000000E+0
2.1903600E+2	6.4996239E+1	6.0231230E+1	0.0000000E+0	0.0000000E+0	1.0000000E+2	0.0000000E+0
2.1908600E+2	6.5087779E+1	6.0222571E+1	0.0000000E+0	0.0000000E+0	1.0000000E+2	0.0000000E+0
2.1913600E+2	6.5119481E+1	6.0234461E+1	0.0000000E+0	0.0000000E+0	1.0000000E+2	0.0000000E+0
2.1918600E+2	6.5167670E+1	6.0225851E+1	0.0000000E+0	0.0000000E+0	1.0000000E+2	0.0000000E+0
2.1923700E+2	6.5243940E+1	6.0223803E+1	0.0000000E+0	0.0000000E+0	1.0000000E+2	0.0000000E+0
2.1928700E+2	6.5340740E+1	6.0235650E+1	0.0000000E+0	0.0000000E+0	1.0000000E+2	0.0000000E+0
2.1933700E+2	6.5394512E+1	6.0229013E+1	0.0000000E+0	0.0000000E+0	1.0000000E+2	0.0000000E+0
2.1938800E+2	6.5449657E+1	6.0228240E+1	0.0000000E+0	0.0000000E+0	1.0000000E+2	0.0000000E+0
2.1943900E+2	6.5527084E+1	6.0219170E+1	0.0000000E+0	0.0000000E+0	1.0000000E+2	0.0000000E+0
2.1949000E+2	6.5621611E+1	6.0230858E+1	0.0000000E+0	0.0000000E+0	1.0000000E+2	0.0000000E+0
2.1954000E+2	6.5710893E+1	6.0250995E+1	0.0000000E+0	0.0000000E+0	1.0000000E+2	0.0000000E+0
2.1959100E+2	6.5763986E+1	6.0240499E+1	0.0000000E+0	0.0000000E+0	1.0000000E+2	0.0000000E+0
2.1964100E+2	6.5815600E+1	6.0222328E+1	0.0000000E+0	0.0000000E+0	1.0000000E+2	0.0000000E+0
2.1969100E+2	6.5904680E+1	6.0243196E+1	0.0000000E+0	0.0000000E+0	1.0000000E+2	0.0000000E+0
2.1974200E+2	6.4366603E+1	6.0295734E+1	0.0000000E+0	0.0000000E+0	1.0000000E+2	0.0000000E+0
2.1979200E+2	6.3984071E+1	6.0226714E+1	0.0000000E+0	0.0000000E+0	1.0000000E+2	0.0000000E+0
2.1984200E+2	6.4022790E+1	6.0223234E+1	0.0000000E+0	0.0000000E+0	1.0000000E+2	0.0000000E+0
2.1989300E+2	6.4041212E+1	6.0218898E+1	0.0000000E+0	0.0000000E+0	1.0000000E+2	0.0000000E+0
2.1994300E+2	6.4082891E+1	6.0216633E+1	0.0000000E+0	0.0000000E+0	1.0000000E+2	0.0000000E+0
2.1999300E+2	6.4133458E+1	6.0220270E+1	0.0000000E+0	0.0000000E+0	1.0000000E+2	0.0000000E+0
2.2004300E+2	6.4180051E+1	6.0213598E+1	0.0000000E+0	0.0000000E+0	1.0000000E+2	0.0000000E+0
2.2009300E+2	6.4208833E+1	6.0209453E+1	0.0000000E+0	0.0000000E+0	1.0000000E+2	0.0000000E+0
2.2014300E+2	6.4282427E+1	6.0216096E+1	0.0000000E+0	0.0000000E+0	1.0000000E+2	0.0000000E+0
2.2019300E+2	6.4321061E+1	6.0217887E+1	0.0000000E+0	0.0000000E+0	1.0000000E+2	0.0000000E+0
2.2024300E+2	6.4346004E+1	6.0195438E+1	0.0000000E+0	0.0000000E+0	1.0000000E+2	0.0000000E+0
2.2029300E+2	6.4404406E+1	6.0208337E+1	0.0000000E+0	0.0000000E+0	1.0000000E+2	0.0000000E+0
2.2034300E+2	6.4353837E+1	6.0218021E+1	0.0000000E+0	0.0000000E+0	1.0000000E+2	0.0000000E+0
2.2039300E+2	6.4260605E+1	6.0200951E+1	0.0000000E+0	0.0000000E+0	1.0000000E+2	0.0000000E+0
2.2044300E+2	6.4284364E+1	6.0197948E+1	0.0000000E+0	0.0000000E+0	1.0000000E+2	0.0000000E+0
2.2049300E+2	6.4338793E+1	6.0199783E+1	0.0000000E+0	0.0000000E+0	1.0000000E+2	0.0000000E+0
2.2054300E+2	6.4402492E+1	6.0208910E+1	0.0000000E+0	0.0000000E+0	1.0000000E+2	0.0000000E+0
2.2059300E+2	6.4457014E+1	6.0194407E+1	0.0000000E+0	0.0000000E+0	1.0000000E+2	0.0000000E+0
2.2064300E+2	6.4517986E+1	6.0199422E+1	0.0000000E+0	0.0000000E+0	1.0000000E+2	0.0000000E+0
2.2069300E+2	6.4533554E+1	6.0206007E+1	0.0000000E+0	0.0000000E+0	1.0000000E+2	0.0000000E+0
2.2074300E+2	6.4586526E+1	6.0205783E+1	0.0000000E+0	0.0000000E+0	1.0000000E+2	0.0000000E+0
2.2079300E+2	6.4675487E+1	6.0207130E+1	0.0000000E+0	0.0000000E+0	1.0000000E+2	0.0000000E+0
2.2084300E+2	6.4729051E+1	6.0200685E+1	0.0000000E+0	0.0000000E+0	1.0000000E+2	0.0000000E+0
2.2089300E+2	6.4796109E+1	6.0192317E+1	0.0000000E+0	0.0000000E+0	1.0000000E+2	0.0000000E+0
2.2094300E+2	6.4850356E+1	6.0184506E+1	0.0000000E+0	0.0000000E+0	1.0000000E+2	0.0000000E+0
2.2099300E+2	6.4933881E+1	6.0193723E+1	0.0000000E+0	0.0000000E+0	1.0000000E+2	0.0000000E+0
2.2104300E+2	6.4727405E+1	6.0196670E+1	0.0000000E+0	0.0000000E+0	1.0000000E+2	0.0000000E+0
2.2109300E+2	6.4770688E+1	6.0182739E+1	0.0000000E+0	0.0000000E+0	1.0000000E+2	0.0000000E+0
2.2114300E+2	6.4810963E+1	6.0173270E+1	0.0000000E+0	0.0000000E+0	1.0000000E+2	0.0000000E+0
2.2119400E+2	6.4884363E+1	6.0176659E+1	0.0000000E+0	0.0000000E+0	1.0000000E+2	0.0000000E+0
2.2124400E+2	6.4943595E+1	6.0166691E+1	0.0000000E+0	0.0000000E+0	1.0000000E+2	0.0000000E+0
2.2129400E+2	6.5018977E+1	6.0166314E+1	0.0000000E+0	0.0000000E+0	1.0000000E+2	0.0000000E+0
2.2134400E+2	6.5093487E+1	6.0157736E+1	0.0000000E+0	0.0000000E+0	1.0000000E+2	0.0000000E+0
2.2139400E+2	6.5169045E+1	6.0148015E+1	0.0000000E+0	0.0000000E+0	1.0000000E+2	0.0000000E+0
2.2144400E+2	6.5225746E+1	6.0147013E+1	0.0000000E+0	0.0000000E+0	1.0000000E+2	0.0000000E+0
2.2149400E+2	6.5292801E+1	6.0143120E+1	0.0000000E+0	0.0000000E+0	1.0000000E+2	0.0000000E+0
2.2154400E+2	6.4058553E+1	6.0197956E+1	0.0000000E+0	0.0000000E+0	1.0000000E+2	0.0000000E+0
2.2159400E+2	6.3701623E+1	6.0105826E+1	0.0000000E+0	0.0000000E+0	1.0000000E+2	0.0000000E+0
2.2164400E+2	6.3768304E+1	6.0128619E+1	0.0000000E+0	0.0000000E+0	1.0000000E+2	0.0000000E+0
2.2169400E+2	6.3774316E+1	6.0108353E+1	0.0000000E+0	0.0000000E+0	1.0000000E+2	0.0000000E+0
2.2174400E+2	6.3832064E+1	6.0121523E+1	0.0000000E+0	0.0000000E+0	1.0000000E+2	0.0000000E+0
2.2179400E+2	6.3880331E+1	6.0129238E+1	0.0000000E+0	0.0000000E+0	1.0000000E+2	0.0000000E+0
2.2184400E+2	6.3949221E+1	6.0133674E+1	0.0000000E+0	0.0000000E+0	1.0000000E+2	0.0000000E+0
2.2189400E+2	6.3982773E+1	6.0135139E+1	0.0000000E+0	0.0000000E+0	1.0000000E+2	0.0000000E+0
2.2194400E+2	6.4038311E+1	6.0128238E+1	0.0000000E+0	0.0000000E+0	1.0000000E+2	0.0000000E+0
2.2199400E+2	6.4098439E+1	6.0142776E+1	0.0000000E+0	0.0000000E+0	1.0000000E+2	0.0000000E+0
2.2204400E+2	6.4147138E+1	6.0143461E+1	0.0000000E+0	0.0000000E+0	1.0000000E+2	0.0000000E+0
2.2209400E+2	6.4184430E+1	6.0145872E+1	0.0000000E+0	0.0000000E+0	1.0000000E+2	0.0000000E+0
2.2214400E+2	6.4184728E+1	6.0142040E+1	0.0000000E+0	0.0000000E+0	1.0000000E+2	0.0000000E+0
2.2219400E+2	6.4226134E+1	6.0138991E+1	0.0000000E+0	0.0000000E+0	1.0000000E+2	0.0000000E+0
2.2224400E+2	6.4292152E+1	6.0126318E+1	0.0000000E+0	0.0000000E+0	1.0000000E+2	0.0000000E+0
2.2229400E+2	6.4342125E+1	6.0123176E+1	0.0000000E+0	0.0000000E+0	1.0000000E+2	0.0000000E+0
2.2234400E+2	6.4417585E+1	6.0122736E+1	0.0000000E+0	0.0000000E+0	1.0000000E+2	0.0000000E+0
2.2239500E+2	6.4473989E+1	6.0112579E+1	0.0000000E+0	0.0000000E+0	1.0000000E+2	0.0000000E+0
2.2244600E+2	6.4540554E+1	6.0115262E+1	0.0000000E+0	0.0000000E+0	1.0000000E+2	0.0000000E+0
2.2249600E+2	6.4635316E+1	6.0105822E+1	0.0000000E+0	0.0000000E+0	1.0000000E+2	0.0000000E+0
2.2254700E+2	6.4734668E+1	6.0111641E+1	0.0000000E+0	0.0000000E+0	1.0000000E+2	0.0000000E+0
2.2259800E+2	6.4413848E+1	6.0123849E+1	0.0000000E+0	0.0000000E+0	1.0000000E+2	0.0000000E+0
2.2264900E+2	6.4314195E+1	6.0104704E+1	0.0000000E+0	0.0000000E+0	1.0000000E+2	0.0000000E+0
2.2269900E+2	6.4359969E+1	6.0111152E+1	0.0000000E+0	0.0000000E+0	1.0000000E+2	0.0000000E+0
2.2274900E+2	6.4432772E+1	6.0114777E+1	0.0000000E+0	0.0000000E+0	1.0000000E+2	0.0000000E+0
2.2279900E+2	6.4485710E+1	6.0109119E+1	0.0000000E+0	0.0000000E+0	1.0000000E+2	0.0000000E+0
2.2284900E+2	6.4548437E+1	6.0116519E+1	0.0000000E+0	0.0000000E+0	1.0000000E+2	0.0000000E+0
2.2289900E+2	6.4605517E+1	6.0117365E+1	0.0000000E+0	0.0000000E+0	1.0000000E+2	0.0000000E+0
2.2294900E+2	6.4666649E+1	6.0106866E+1	0.0000000E+0	0.0000000E+0	1.0000000E+2	0.0000000E+0
2.2299900E+2	6.4733560E+1	6.0116509E+1	0.0000000E+0	0.0000000E+0	1.0000000E+2	0.0000000E+0
2.2304900E+2	6.4798871E+1	6.0119602E+1	0.0000000E+0	0.0000000E+0	1.0000000E+2	0.0000000E+0
2.2309900E+2	6.4843615E+1	6.0121893E+1	0.0000000E+0	0.0000000E+0	1.0000000E+2	0.0000000E+0
2.2314900E+2	6.4904941E+1	6.0133003E+1	0.0000000E+0	0.0000000E+0	1.0000000E+2	0.0000000E+0
2.2320000E+2	6.4989031E+1	6.0116242E+1	0.0000000E+0	0.0000000E+0	1.0000000E+2	0.0000000E+0
2.2325100E+2	6.5028477E+1	6.0121004E+1	0.0000000E+0	0.0000000E+0	1.0000000E+2	0.0000000E+0
2.2330200E+2	6.4882700E+1	6.0138899E+1	0.0000000E+0	0.0000000E+0	1.0000000E+2	0.0000000E+0
2.2335300E+2	6.4561809E+1	6.0126115E+1	0.0000000E+0	0.0000000E+0	1.0000000E+2	0.0000000E+0
2.2340300E+2	6.4597249E+1	6.0120103E+1	0.0000000E+0	0.0000000E+0	1.0000000E+2	0.0000000E+0
2.2345300E+2	6.4645627E+1	6.0105959E+1	0.0000000E+0	0.0000000E+0	1.0000000E+2	0.0000000E+0
2.2350400E+2	6.4724407E+1	6.0123450E+1	0.0000000E+0	0.0000000E+0	1.0000000E+2	0.0000000E+0
2.2355400E+2	6.4768742E+1	6.0109627E+1	0.0000000E+0	0.0000000E+0	1.0000000E+2	0.0000000E+0
2.2360400E+2	6.4784759E+1	6.0125068E+1	0.0000000E+0	0.0000000E+0	1.0000000E+2	0.0000000E+0
2.2365500E+2	6.4847652E+1	6.0126266E+1	0.0000000E+0	0.0000000E+0	1.0000000E+2	0.0000000E+0
2.2370500E+2	6.4914270E+1	6.0131218E+1	0.0000000E+0	0.0000000E+0	1.0000000E+2	0.0000000E+0
2.2375500E+2	6.4957893E+1	6.0112982E+1	0.0000000E+0	0.0000000E+0	1.0000000E+2	0.0000000E+0
2.2380500E+2	6.5008091E+1	6.0114559E+1	0.0000000E+0	0.0000000E+0	1.0000000E+2	0.0000000E+0
2.2385500E+2	6.4668657E+1	6.0177350E+1	0.0000000E+0	0.0000000E+0	1.0000000E+2	0.0000000E+0
2.2390500E+2	6.4111476E+1	6.0127539E+1	0.0000000E+0	0.0000000E+0	1.0000000E+2	0.0000000E+0
2.2395500E+2	6.4148221E+1	6.0133171E+1	0.0000000E+0	0.0000000E+0	1.0000000E+2	0.0000000E+0
2.2400600E+2	6.4216289E+1	6.0139106E+1	0.0000000E+0	0.0000000E+0	1.0000000E+2	0.0000000E+0
2.2405700E+2	6.4248809E+1	6.0131021E+1	0.0000000E+0	0.0000000E+0	1.0000000E+2	0.0000000E+0
2.2410800E+2	6.4313564E+1	6.0135155E+1	0.0000000E+0	0.0000000E+0	1.0000000E+2	0.0000000E+0
2.2415800E+2	6.4379426E+1	6.0127208E+1	0.0000000E+0	0.0000000E+0	1.0000000E+2	0.0000000E+0
2.2420800E+2	6.4443535E+1	6.0138282E+1	0.0000000E+0	0.0000000E+0	1.0000000E+2	0.0000000E+0
2.2425800E+2	6.4512462E+1	6.0151758E+1	0.0000000E+0	0.0000000E+0	1.0000000E+2	0.0000000E+0
2.2430900E+2	6.4574910E+1	6.0141992E+1	0.0000000E+0	0.0000000E+0	1.0000000E+2	0.0000000E+0
2.2435900E+2	6.4631251E+1	6.0137622E+1	0.0000000E+0	0.0000000E+0	1.0000000E+2	0.0000000E+0
2.2441000E+2	6.4712206E+1	6.0141931E+1	0.0000000E+0	0.0000000E+0	1.0000000E+2	0.0000000E+0
2.2446000E+2	6.4794734E+1	6.0137019E+1	0.0000000E+0	0.0000000E+0	1.0000000E+2	0.0000000E+0
2.2451000E+2	6.4889650E+1	6.0147940E+1	0.0000000E+0	0.0000000E+0	1.0000000E+2	0.0000000E+0
2.2456000E+2	6.4968522E+1	6.0135948E+1	0.0000000E+0	0.0000000E+0	1.0000000E+2	0.0000000E+0
2.2461000E+2	6.5041867E+1	6.0157562E+1	0.0000000E+0	0.0000000E+0	1.0000000E+2	0.0000000E+0
2.2466000E+2	6.5114505E+1	6.0162701E+1	0.0000000E+0	0.0000000E+0	1.0000000E+2	0.0000000E+0
2.2471100E+2	6.5173070E+1	6.0143764E+1	0.0000000E+0	0.0000000E+0	1.0000000E+2	0.0000000E+0
2.2476200E+2	6.5239799E+1	6.0135037E+1	0.0000000E+0	0.0000000E+0	1.0000000E+2	0.0000000E+0
2.2481200E+2	6.4702060E+1	6.0231725E+1	0.0000000E+0	0.0000000E+0	1.0000000E+2	0.0000000E+0
2.2486200E+2	6.3756364E+1	6.0168201E+1	0.0000000E+0	0.0000000E+0	1.0000000E+2	0.0000000E+0
2.2491200E+2	6.3778397E+1	6.0161143E+1	0.0000000E+0	0.0000000E+0	1.0000000E+2	0.0000000E+0
2.2496200E+2	6.3826226E+1	6.0150650E+1	0.0000000E+0	0.0000000E+0	1.0000000E+2	0.0000000E+0
2.2501200E+2	6.3849779E+1	6.0154954E+1	0.0000000E+0	0.0000000E+0	1.0000000E+2	0.0000000E+0
2.2506200E+2	6.3899766E+1	6.0150820E+1	0.0000000E+0	0.0000000E+0	1.0000000E+2	0.0000000E+0
2.2511200E+2	6.3943198E+1	6.0161729E+1	0.0000000E+0	0.0000000E+0	1.0000000E+2	0.0000000E+0
2.2516200E+2	6.3981180E+1	6.0161806E+1	0.0000000E+0	0.0000000E+0	1.0000000E+2	0.0000000E+0
2.2521200E+2	6.4030256E+1	6.0156234E+1	0.0000000E+0	0.0000000E+0	1.0000000E+2	0.0000000E+0
2.2526200E+2	6.4084820E+1	6.0158936E+1	0.0000000E+0	0.0000000E+0	1.0000000E+2	0.0000000E+0
2.2531200E+2	6.4104270E+1	6.0172431E+1	0.0000000E+0	0.0000000E+0	1.0000000E+2	0.0000000E+0
2.2536200E+2	6.4133697E+1	6.0161241E+1	0.0000000E+0	0.0000000E+0	1.0000000E+2	0.0000000E+0
2.2541200E+2	6.4169851E+1	6.0150443E+1	0.0000000E+0	0.0000000E+0	1.0000000E+2	0.0000000E+0
2.2546300E+2	6.4221656E+1	6.0147187E+1	0.0000000E+0	0.0000000E+0	1.0000000E+2	0.0000000E+0
2.2551300E+2	6.4218510E+1	6.0168051E+1	0.0000000E+0	0.0000000E+0	1.0000000E+2	0.0000000E+0
2.2556300E+2	6.3942077E+1	6.0153995E+1	0.0000000E+0	0.0000000E+0	1.0000000E+2	0.0000000E+0
2.2561300E+2	6.3956701E+1	6.0138803E+1	0.0000000E+0	0.0000000E+0	1.0000000E+2	0.0000000E+0
2.2566400E+2	6.4007854E+1	6.0150528E+1	0.0000000E+0	0.0000000E+0	1.0000000E+2	0.0000000E+0
2.2571400E+2	6.4066827E+1	6.0145894E+1	0.0000000E+0	0.0000000E+0	1.0000000E+2	0.0000000E+0
2.2576400E+2	6.4111373E+1	6.0149858E+1	0.0000000E+0	0.0000000E+0	1.0000000E+2	0.0000000E+0
2.2581400E+2	6.4154438E+1	6.0142525E+1	0.0000000E+0	0.0000000E+0	1.0000000E+2	0.0000000E+0
2.2586400E+2	6.4225563E+1	6.0157025E+1	0.0000000E+0	0.0000000E+0	1.0000000E+2	0.0000000E+0
2.2591400E+2	6.4290694E+1	6.0174228E+1	0.0000000E+0	0.0000000E+0	1.0000000E+2	0.0000000E+0
2.2596400E+2	6.4359357E+1	6.0175830E+1	0.0000000E+0	0.0000000E+0	1.0000000E+2	0.0000000E+0
2.2601400E+2	6.4414980E+1	6.0168156E+1	0.0000000E+0	0.0000000E+0	1.0000000E+2	0.0000000E+0
2.2606400E+2	6.4464198E+1	6.0172491E+1	0.0000000E+0	0.0000000E+0	1.0000000E+2	0.0000000E+0
2.2611400E+2	6.4537135E+1	6.0158950E+1	0.0000000E+0	0.0000000E+0	1.0000000E+2	0.0000000E+0
2.2616500E+2	6.3430056E+1	6.0246712E+1	0.0000000E+0	0.0000000E+0	1.0000000E+2	0.0000000E+0
2.2621500E+2	6.3287926E+1	6.0152509E+1	0.0000000E+0	0.0000000E+0	1.0000000E+2	0.0000000E+0
2.2626500E+2	6.3354908E+1	6.0155931E+1	0.0000000E+0	0.0000000E+0	1.0000000E+2	0.0000000E+0
2.2631500E+2	6.3423927E+1	6.0158947E+1	0.0000000E+0	0.0000000E+0	1.0000000E+2	0.0000000E+0
2.2636500E+2	6.3503213E+1	6.0157041E+1	0.0000000E+0	0.0000000E+0	1.0000000E+2	0.0000000E+0
2.2641500E+2	6.3577456E+1	6.0167759E+1	0.0000000E+0	0.0000000E+0	1.0000000E+2	0.0000000E+0
2.2646500E+2	6.3647645E+1	6.0165925E+1	0.0000000E+0	0.0000000E+0	1.0000000E+2	0.0000000E+0
2.2651500E+2	6.3714555E+1	6.0152949E+1	0.0000000E+0	0.0000000E+0	1.0000000E+2	0.0000000E+0
2.2656500E+2	6.3797254E+1	6.0168090E+1	0.0000000E+0	0.0000000E+0	1.0000000E+2	0.0000000E+0
2.2661500E+2	6.3888925E+1	6.0192885E+1	0.0000000E+0	0.0000000E+0	1.0000000E+2	0.0000000E+0
2.2666600E+2	6.3968639E+1	6.0198783E+1	0.0000000E+0	0.0000000E+0	1.0000000E+2	0.0000000E+0
2.2671600E+2	6.4063408E+1	6.0224700E+1	0.0000000E+0	0.0000000E+0	1.0000000E+2	0.0000000E+0
2.2676800E+2	6.4168793E+1	6.0213207E+1	0.0000000E+0	0.0000000E+0	1.0000000E+2	0.0000000E+0
2.2681800E+2	6.4258670E+1	6.0222123E+1	0.0000000E+0	0.0000000E+0	1.0000000E+2	0.0000000E+0
2.2686800E+2	6.4199532E+1	6.0242400E+1	0.0000000E+0	0.0000000E+0	1.0000000E+2	0.0000000E+0
2.2691800E+2	6.3468866E+1	6.0241631E+1	0.0000000E+0	0.0000000E+0	1.0000000E+2	0.0000000E+0
2.2696800E+2	6.3444738E+1	6.0202524E+1	0.0000000E+0	0.0000000E+0	1.0000000E+2	0.0000000E+0
2.2701800E+2	6.3490308E+1	6.0210150E+1	0.0000000E+0	0.0000000E+0	1.0000000E+2	0.0000000E+0
2.2706900E+2	6.3568080E+1	6.0211415E+1	0.0000000E+0	0.0000000E+0	1.0000000E+2	0.0000000E+0
2.2712000E+2	6.3633676E+1	6.0210138E+1	0.0000000E+0	0.0000000E+0	1.0000000E+2	0.0000000E+0
2.2717000E+2	6.3701612E+1	6.0223655E+1	0.0000000E+0	0.0000000E+0	1.0000000E+2	0.0000000E+0
2.2722000E+2	6.3782372E+1	6.0232094E+1	0.0000000E+0	0.0000000E+0	1.0000000E+2	0.0000000E+0
2.2727000E+2	6.3860619E+1	6.0224536E+1	0.0000000E+0	0.0000000E+0	1.0000000E+2	0.0000000E+0
2.2732000E+2	6.3950662E+1	6.0219883E+1	0.0000000E+0	0.0000000E+0	1.0000000E+2	0.0000000E+0
2.2737000E+2	6.4045466E+1	6.0235574E+1	0.0000000E+0	0.0000000E+0	1.0000000E+2	0.0000000E+0
2.2742100E+2	6.4119319E+1	6.0229478E+1	0.0000000E+0	0.0000000E+0	1.0000000E+2	0.0000000E+0
2.2747100E+2	6.3498979E+1	6.0306837E+1	0.0000000E+0	0.0000000E+0	1.0000000E+2	0.0000000E+0
2.2752100E+2	6.3256587E+1	6.0236755E+1	0.0000000E+0	0.0000000E+0	1.0000000E+2	0.0000000E+0
2.2757100E+2	6.3338359E+1	6.0232710E+1	0.0000000E+0	0.0000000E+0	1.0000000E+2	0.0000000E+0
2.2762100E+2	6.3419222E+1	6.0240811E+1	0.0000000E+0	0.0000000E+0	1.0000000E+2	0.0000000E+0
2.2767100E+2	6.3482408E+1	6.0234708E+1	0.0000000E+0	0.0000000E+0	1.0000000E+2	0.0000000E+0
2.2772100E+2	6.3549370E+1	6.0238805E+1	0.0000000E+0	0.0000000E+0	1.0000000E+2	0.0000000E+0
2.2777100E+2	6.3643335E+1	6.0231318E+1	0.0000000E+0	0.0000000E+0	1.0000000E+2	0.0000000E+0
2.2782100E+2	6.3742214E+1	6.0236889E+1	0.0000000E+0	0.0000000E+0	1.0000000E+2	0.0000000E+0
2.2787100E+2	6.3826860E+1	6.0239039E+1	0.0000000E+0	0.0000000E+0	1.0000000E+2	0.0000000E+0
2.2792100E+2	6.3925800E+1	6.0252920E+1	0.0000000E+0	0.0000000E+0	1.0000000E+2	0.0000000E+0
2.2797100E+2	6.4014975E+1	6.0244906E+1	0.0000000E+0	0.0000000E+0	1.0000000E+2	0.0000000E+0
2.2802100E+2	6.4098748E+1	6.0243644E+1	0.0000000E+0	0.0000000E+0	1.0000000E+2	0.0000000E+0
2.2807100E+2	6.4179239E+1	6.0257663E+1	0.0000000E+0	0.0000000E+0	1.0000000E+2	0.0000000E+0
2.2812100E+2	6.4263980E+1	6.0243750E+1	0.0000000E+0	0.0000000E+0	1.0000000E+2	0.0000000E+0
2.2817100E+2	6.4349152E+1	6.0238756E+1	0.0000000E+0	0.0000000E+0	1.0000000E+2	0.0000000E+0
2.2822100E+2	6.4439602E+1	6.0252196E+1	0.0000000E+0	0.0000000E+0	1.0000000E+2	0.0000000E+0
2.2827100E+2	6.4507371E+1	6.0247987E+1	0.0000000E+0	0.0000000E+0	1.0000000E+2	0.0000000E+0
2.2832100E+2	6.4583743E+1	6.0252047E+1	0.0000000E+0	0.0000000E+0	1.0000000E+2	0.0000000E+0
2.2837100E+2	6.4676007E+1	6.0240890E+1	0.0000000E+0	0.0000000E+0	1.0000000E+2	0.0000000E+0
2.2842100E+2	6.4750264E+1	6.0226590E+1	0.0000000E+0	0.0000000E+0	1.0000000E+2	0.0000000E+0
2.2847100E+2	6.4830139E+1	6.0238397E+1	0.0000000E+0	0.0000000E+0	1.0000000E+2	0.0000000E+0
2.2852100E+2	6.4266971E+1	6.0318107E+1	0.0000000E+0	0.0000000E+0	1.0000000E+2	0.0000000E+0
2.2857100E+2	6.3764767E+1	6.0252720E+1	0.0000000E+0	0.0000000E+0	1.0000000E+2	0.0000000E+0
2.2862100E+2	6.3819649E+1	6.0260647E+1	0.0000000E+0	0.0000000E+0	1.0000000E+2	0.0000000E+0
2.2867100E+2	6.3853608E+1	6.0220193E+1	0.0000000E+0	0.0000000E+0	1.0000000E+2	0.0000000E+0
2.2872100E+2	6.3852405E+1	6.0221659E+1	0.0000000E+0	0.0000000E+0	1.0000000E+2	0.0000000E+0
2.2877100E+2	6.3926016E+1	6.0217953E+1	0.0000000E+0	0.0000000E+0	1.0000000E+2	0.0000000E+0
2.2882100E+2	6.4041962E+1	6.0249012E+1	0.0000000E+0	0.0000000E+0	1.0000000E+2	0.0000000E+0
2.2887100E+2	6.4133476E+1	6.0275658E+1	0.0000000E+0	0.0000000E+0	1.0000000E+2	0.0000000E+0
2.2892100E+2	6.4203851E+1	6.0280624E+1	0.0000000E+0	0.0000000E+0	1.0000000E+2	0.0000000E+0
2.2897100E+2	6.4266205E+1	6.0269727E+1	0.0000000E+0	0.0000000E+0	1.0000000E+2	0.0000000E+0
2.2902100E+2	6.4319409E+1	6.0268569E+1	0.0000000E+0	0.0000000E+0	1.0000000E+2	0.0000000E+0
2.2907200E+2	6.4393419E+1	6.0260432E+1	0.0000000E+0	0.0000000E+0	1.0000000E+2	0.0000000E+0
2.2912200E+2	6.4456721E+1	6.0248628E+1	0.0000000E+0	0.0000000E+0	1.0000000E+2	0.0000000E+0
2.2917300E+2	6.4497992E+1	6.0258588E+1	0.0000000E+0	0.0000000E+0	1.0000000E+2	0.0000000E+0
2.2922300E+2	6.4111010E+1	6.0337083E+1	0.0000000E+0	0.0000000E+0	1.0000000E+2	0.0000000E+0
2.2927400E+2	6.3096576E+1	6.0263144E+1	0.0000000E+0	0.0000000E+0	1.0000000E+2	0.0000000E+0
2.2932400E+2	6.3143754E+1	6.0255015E+1	0.0000000E+0	0.0000000E+0	1.0000000E+2	0.0000000E+0
2.2937400E+2	6.3180565E+1	6.0229107E+1	0.0000000E+0	0.0000000E+0	1.0000000E+2	0.0000000E+0
2.2942400E+2	6.3277937E+1	6.0272735E+1	0.0000000E+0	0.0000000E+0	1.0000000E+2	0.0000000E+0
2.2947400E+2	6.3335420E+1	6.0259673E+1	0.0000000E+0	0.0000000E+0	1.0000000E+2	0.0000000E+0
2.2952500E+2	6.3402016E+1	6.0257018E+1	0.0000000E+0	0.0000000E+0	1.0000000E+2	0.0000000E+0
2.2957500E+2	6.3469077E+1	6.0266631E+1	0.0000000E+0	0.0000000E+0	1.0000000E+2	0.0000000E+0
2.2962500E+2	6.3527321E+1	6.0274485E+1	0.0000000E+0	0.0000000E+0	1.0000000E+2	0.0000000E+0
2.2967600E+2	6.3579068E+1	6.0256119E+1	0.0000000E+0	0.0000000E+0	1.0000000E+2	0.0000000E+0
2.2972700E+2	6.3649523E+1	6.0266105E+1	0.0000000E+0	0.0000000E+0	1.0000000E+2	0.0000000E+0
2.2977800E+2	6.3691737E+1	6.0256978E+1	0.0000000E+0	0.0000000E+0	1.0000000E+2	0.0000000E+0
2.2982900E+2	6.3754984E+1	6.0245591E+1	0.0000000E+0	0.0000000E+0	1.0000000E+2	0.0000000E+0
2.2988000E+2	6.3823112E+1	6.0247525E+1	0.0000000E+0	0.0000000E+0	1.0000000E+2	0.0000000E+0
2.2993000E+2	6.3870088E+1	6.0237767E+1	0.0000000E+0	0.0000000E+0	1.0000000E+2	0.0000000E+0
2.2998100E+2	6.3927550E+1	6.0230863E+1	0.0000000E+0	0.0000000E+0	1.0000000E+2	0.0000000E+0
2.3003100E+2	6.4019306E+1	6.0237028E+1	0.0000000E+0	0.0000000E+0	1.0000000E+2	0.0000000E+0
2.3008100E+2	6.4129349E+1	6.0248063E+1	0.0000000E+0	0.0000000E+0	1.0000000E+2	0.0000000E+0
2.3013100E+2	6.4165530E+1	6.0231820E+1	0.0000000E+0	0.0000000E+0	1.0000000E+2	0.0000000E+0
2.3018100E+2	6.4261855E+1	6.0229002E+1	0.0000000E+0	0.0000000E+0	1.0000000E+2	0.0000000E+0
2.3023100E+2	6.4350748E+1	6.0236303E+1	0.0000000E+0	0.0000000E+0	1.0000000E+2	0.0000000E+0
2.3028100E+2	6.4443531E+1	6.0235592E+1	0.0000000E+0	0.0000000E+0	1.0000000E+2	0.0000000E+0
2.3033200E+2	6.4534534E+1	6.0244358E+1	0.0000000E+0	0.0000000E+0	1.0000000E+2	0.0000000E+0
2.3038300E+2	6.4634354E+1	6.0248946E+1	0.0000000E+0	0.0000000E+0	1.0000000E+2	0.0000000E+0
2.3043300E+2	6.4686123E+1	6.0248264E+1	0.0000000E+0	0.0000000E+0	1.0000000E+2	0.0000000E+0
2.3048300E+2	6.3927076E+1	6.0340884E+1	0.0000000E+0	0.0000000E+0	1.0000000E+2	0.0000000E+0
2.3053300E+2	6.2998309E+1	6.0243838E+1	0.0000000E+0	0.0000000E+0	1.0000000E+2	0.0000000E+0
2.3058300E+2	6.3016669E+1	6.0209773E+1	0.0000000E+0	0.0000000E+0	1.0000000E+2	0.0000000E+0
2.3063300E+2	6.3046501E+1	6.0207617E+1	0.0000000E+0	0.0000000E+0	1.0000000E+2	0.0000000E+0
2.3068300E+2	6.3115726E+1	6.0220086E+1	0.0000000E+0	0.0000000E+0	1.0000000E+2	0.0000000E+0
2.3073300E+2	6.3214742E+1	6.0226882E+1	0.0000000E+0	0.0000000E+0	1.0000000E+2	0.0000000E+0
2.3078300E+2	6.3280500E+1	6.0219411E+1	0.0000000E+0	0.0000000E+0	1.0000000E+2	0.0000000E+0
2.3083500E+2	6.3361646E+1	6.0224668E+1	0.0000000E+0	0.0000000E+0	1.0000000E+2	0.0000000E+0
2.3088500E+2	6.3420977E+1	6.0218718E+1	0.0000000E+0	0.0000000E+0	1.0000000E+2	0.0000000E+0
2.3093500E+2	6.3496476E+1	6.0216122E+1	0.0000000E+0	0.0000000E+0	1.0000000E+2	0.0000000E+0
2.3098500E+2	6.3560760E+1	6.0214889E+1	0.0000000E+0	0.0000000E+0	1.0000000E+2	0.0000000E+0
2.3103500E+2	6.3630448E+1	6.0210964E+1	0.0000000E+0	0.0000000E+0	1.0000000E+2	0.0000000E+0
2.3108500E+2	6.3738011E+1	6.0226253E+1	0.0000000E+0	0.0000000E+0	1.0000000E+2	0.0000000E+0
2.3113500E+2	6.3813988E+1	6.0214163E+1	0.0000000E+0	0.0000000E+0	1.0000000E+2	0.0000000E+0
2.3118500E+2	6.3879907E+1	6.0202450E+1	0.0000000E+0	0.0000000E+0	1.0000000E+2	0.0000000E+0
2.3123500E+2	6.3889554E+1	6.0207167E+1	0.0000000E+0	0.0000000E+0	1.0000000E+2	0.0000000E+0
2.3128500E+2	6.3902922E+1	6.0202050E+1	0.0000000E+0	0.0000000E+0	1.0000000E+2	0.0000000E+0
2.3133500E+2	6.4005624E+1	6.0190331E+1	0.0000000E+0	0.0000000E+0	1.0000000E+2	0.0000000E+0
2.3138500E+2	6.4066937E+1	6.0227381E+1	0.0000000E+0	0.0000000E+0	1.0000000E+2	0.0000000E+0
2.3143500E+2	6.3649981E+1	6.0235696E+1	0.0000000E+0	0.0000000E+0	1.0000000E+2	0.0000000E+0
2.3148500E+2	6.3688088E+1	6.0214882E+1	0.0000000E+0	0.0000000E+0	1.0000000E+2	0.0000000E+0
2.3153500E+2	6.3676286E+1	6.0225476E+1	0.0000000E+0	0.0000000E+0	1.0000000E+2	0.0000000E+0
2.3158500E+2	6.3718394E+1	6.0204706E+1	0.0000000E+0	0.0000000E+0	1.0000000E+2	0.0000000E+0
2.3163600E+2	6.3816694E+1	6.0210719E+1	0.0000000E+0	0.0000000E+0	1.0000000E+2	0.0000000E+0
2.3168600E+2	6.3890364E+1	6.0202225E+1	0.0000000E+0	0.0000000E+0	1.0000000E+2	0.0000000E+0
2.3173700E+2	6.3996313E+1	6.0202279E+1	0.0000000E+0	0.0000000E+0	1.0000000E+2	0.0000000E+0
2.3178700E+2	6.4115633E+1	6.0204360E+1	0.0000000E+0	0.0000000E+0	1.0000000E+2	0.0000000E+0
2.3183800E+2	6.4211112E+1	6.0213799E+1	0.0000000E+0	0.0000000E+0	1.0000000E+2	0.0000000E+0
2.3188900E+2	6.4305514E+1	6.0219090E+1	0.0000000E+0	0.0000000E+0	1.0000000E+2	0.0000000E+0
2.3193900E+2	6.4354427E+1	6.0219003E+1	0.0000000E+0	0.0000000E+0	1.0000000E+2	0.0000000E+0
2.3199000E+2	6.4466831E+1	6.0226796E+1	0.0000000E+0	0.0000000E+0	1.0000000E+2	0.0000000E+0
2.3204100E+2	6.4571666E+1	6.0222825E+1	0.0000000E+0	0.0000000E+0	1.0000000E+2	0.0000000E+0
2.3209100E+2	6.4710240E+1	6.0227379E+1	0.0000000E+0	0.0000000E+0	1.0000000E+2	0.0000000E+0
2.3214100E+2	6.4823693E+1	6.0231111E+1	0.0000000E+0	0.0000000E+0	1.0000000E+2	0.0000000E+0
2.3219100E+2	6.4951849E+1	6.0235360E+1	0.0000000E+0	0.0000000E+0	1.0000000E+2	0.0000000E+0
2.3224100E+2	6.5065657E+1	6.0216069E+1	0.0000000E+0	0.0000000E+0	1.0000000E+2	0.0000000E+0
2.3229100E+2	6.4756114E+1	6.0311850E+1	0.0000000E+0	0.0000000E+0	1.0000000E+2	0.0000000E+0
2.3234100E+2	6.3774353E+1	6.0252291E+1	0.0000000E+0	0.0000000E+0	1.0000000E+2	0.0000000E+0
2.3239100E+2	6.3811850E+1	6.0221099E+1	0.0000000E+0	0.0000000E+0	1.0000000E+2	0.0000000E+0
2.3244100E+2	6.3886241E+1	6.0231726E+1	0.0000000E+0	0.0000000E+0	1.0000000E+2	0.0000000E+0
2.3249100E+2	6.3973387E+1	6.0224529E+1	0.0000000E+0	0.0000000E+0	1.0000000E+2	0.0000000E+0
2.3254100E+2	6.4081254E+1	6.0218915E+1	0.0000000E+0	0.0000000E+0	1.0000000E+2	0.0000000E+0
2.3259100E+2	6.4172888E+1	6.0208580E+1	0.0000000E+0	0.0000000E+0	1.0000000E+2	0.0000000E+0
2.3264100E+2	6.4273017E+1	6.0202827E+1	0.0000000E+0	0.0000000E+0	1.0000000E+2	0.0000000E+0
2.3269100E+2	6.4378406E+1	6.0221524E+1	0.0000000E+0	0.0000000E+0	1.0000000E+2	0.0000000E+0
2.3274200E+2	6.4462118E+1	6.0217328E+1	0.0000000E+0	0.0000000E+0	1.0000000E+2	0.0000000E+0
