Time [s]	Channel 1	Channel 2	Channel 3	Channel 4	Solar 1\t	Solar 2
1.7000000E-1	6.4666442E+1	6.0912804E+1	0.0000000E+0	0.0000000E+0	1.0000000E+2	0.0000000E+0
2.2000000E-1	1.6426762E+1	1.6828610E+1	0.0000000E+0	0.0000000E+0	1.0000000E+2	0.0000000E+0
2.7000000E-1	1.6401399E+1	1.6811274E+1	0.0000000E+0	0.0000000E+0	1.0000000E+2	0.0000000E+0
3.2000000E-1	1.6404370E+1	1.6812666E+1	0.0000000E+0	0.0000000E+0	1.0000000E+2	0.0000000E+0
3.7000000E-1	1.6452880E+1	1.6806791E+1	0.0000000E+0	0.0000000E+0	1.0000000E+2	0.0000000E+0
4.2000000E-1	1.7392991E+1	1.7270832E+1	0.0000000E+0	0.0000000E+0	1.0000000E+2	0.0000000E+0
4.7000000E-1	1.8546789E+1	1.8312148E+1	0.0000000E+0	0.0000000E+0	1.0000000E+2	0.0000000E+0
5.2000000E-1	1.9692855E+1	1.9357903E+1	0.0000000E+0	0.0000000E+0	1.0000000E+2	0.0000000E+0
5.7000000E-1	2.0883579E+1	2.0493923E+1	0.0000000E+0	0.0000000E+0	1.0000000E+2	0.0000000E+0
6.2000000E-1	2.2052681E+1	2.1691211E+1	0.0000000E+0	0.0000000E+0	1.0000000E+2	0.0000000E+0
6.7000000E-1	2.3250327E+1	2.2837189E+1	0.0000000E+0	0.0000000E+0	1.0000000E+2	0.0000000E+0
7.2000000E-1	2.4238458E+1	2.3755556E+1	0.0000000E+0	0.0000000E+0	1.0000000E+2	0.0000000E+0
7.7100000E-1	2.4052056E+1	2.3566069E+1	0.0000000E+0	0.0000000E+0	1.0000000E+2	0.0000000E+0
8.2100000E-1	2.3782671E+1	2.3326872E+1	0.0000000E+0	0.0000000E+0	1.0000000E+2	0.0000000E+0
8.7100000E-1	2.3793400E+1	2.3315924E+1	0.0000000E+0	0.0000000E+0	1.0000000E+2	0.0000000E+0
9.2100000E-1	2.3838901E+1	2.3320715E+1	0.0000000E+0	0.0000000E+0	1.0000000E+2	0.0000000E+0
9.7100000E-1	2.3801950E+1	2.3317287E+1	0.0000000E+0	0.0000000E+0	1.0000000E+2	0.0000000E+0
1.0210000E+0	2.3779872E+1	2.3307787E+1	0.0000000E+0	0.0000000E+0	1.0000000E+2	0.0000000E+0
1.0710000E+0	2.3845506E+1	2.3322262E+1	0.0000000E+0	0.0000000E+0	1.0000000E+2	0.0000000E+0
1.1210000E+0	2.3838483E+1	2.3325747E+1	0.0000000E+0	0.0000000E+0	1.0000000E+2	0.0000000E+0
1.1710000E+0	2.3789247E+1	2.3325863E+1	0.0000000E+0	0.0000000E+0	1.0000000E+2	0.0000000E+0
1.2210000E+0	2.3837530E+1	2.3326488E+1	0.0000000E+0	0.0000000E+0	1.0000000E+2	0.0000000E+0
1.2710000E+0	2.3879938E+1	2.3342614E+1	0.0000000E+0	0.0000000E+0	1.0000000E+2	0.0000000E+0
1.3220000E+0	2.3879672E+1	2.3361986E+1	0.0000000E+0	0.0000000E+0	1.0000000E+2	0.0000000E+0
1.3730000E+0	2.3895232E+1	2.3358992E+1	0.0000000E+0	0.0000000E+0	1.0000000E+2	0.0000000E+0
1.4240000E+0	2.3964958E+1	2.3365005E+1	0.0000000E+0	0.0000000E+0	1.0000000E+2	0.0000000E+0
1.4740000E+0	2.3990579E+1	2.3392945E+1	0.0000000E+0	0.0000000E+0	1.0000000E+2	0.0000000E+0
1.5250000E+0	2.3986624E+1	2.3387361E+1	0.0000000E+0	0.0000000E+0	1.0000000E+2	0.0000000E+0
1.5780000E+0	2.3998207E+1	2.3382281E+1	0.0000000E+0	0.0000000E+0	1.0000000E+2	0.0000000E+0
1.6280000E+0	2.4039648E+1	2.3407065E+1	0.0000000E+0	0.0000000E+0	1.0000000E+2	0.0000000E+0
1.6790000E+0	2.4042821E+1	2.3401965E+1	0.0000000E+0	0.0000000E+0	1.0000000E+2	0.0000000E+0
1.7300000E+0	2.4037051E+1	2.3401815E+1	0.0000000E+0	0.0000000E+0	1.0000000E+2	0.0000000E+0
1.7800000E+0	2.4080857E+1	2.3412333E+1	0.0000000E+0	0.0000000E+0	1.0000000E+2	0.0000000E+0
1.8300000E+0	2.4080701E+1	2.3425724E+1	0.0000000E+0	0.0000000E+0	1.0000000E+2	0.0000000E+0
1.8800000E+0	2.4288814E+1	2.3647192E+1	0.0000000E+0	0.0000000E+0	1.0000000E+2	0.0000000E+0
1.9300000E+0	2.5745276E+1	2.5106417E+1	0.0000000E+0	0.0000000E+0	1.0000000E+2	0.0000000E+0
1.9800000E+0	2.7564960E+1	2.6876115E+1	0.0000000E+0	0.0000000E+0	1.0000000E+2	0.0000000E+0
2.0300000E+0	2.9495889E+1	2.8802257E+1	0.0000000E+0	0.0000000E+0	1.0000000E+2	0.0000000E+0
2.0800000E+0	3.1406237E+1	3.0698193E+1	0.0000000E+0	0.0000000E+0	1.0000000E+2	0.0000000E+0
2.1300000E+0	3.3184386E+1	3.2452865E+1	0.0000000E+0	0.0000000E+0	1.0000000E+2	0.0000000E+0
2.1800000E+0	3.4522803E+1	3.3770284E+1	0.0000000E+0	0.0000000E+0	1.0000000E+2	0.0000000E+0
2.2300000E+0	3.4785399E+1	3.4043590E+1	0.0000000E+0	0.0000000E+0	1.0000000E+2	0.0000000E+0
2.2800000E+0	3.4858241E+1	3.4105622E+1	0.0000000E+0	0.0000000E+0	1.0000000E+2	0.0000000E+0
2.3300000E+0	3.5001830E+1	3.4234263E+1	0.0000000E+0	0.0000000E+0	1.0000000E+2	0.0000000E+0
2.3800000E+0	3.5112753E+1	3.4341261E+1	0.0000000E+0	0.0000000E+0	1.0000000E+2	0.0000000E+0
2.4300000E+0	3.5198720E+1	3.4439961E+1	0.0000000E+0	0.0000000E+0	1.0000000E+2	0.0000000E+0
2.4800000E+0	3.5662324E+1	3.4903903E+1	0.0000000E+0	0.0000000E+0	1.0000000E+2	0.0000000E+0
2.5300000E+0	3.6972461E+1	3.6197533E+1	0.0000000E+0	0.0000000E+0	1.0000000E+2	0.0000000E+0
2.5810000E+0	3.9076878E+1	3.8309076E+1	0.0000000E+0	0.0000000E+0	1.0000000E+2	0.0000000E+0
2.6310000E+0	4.1486622E+1	4.0700223E+1	0.0000000E+0	0.0000000E+0	1.0000000E+2	0.0000000E+0
2.6810000E+0	4.3895316E+1	4.3082818E+1	0.0000000E+0	0.0000000E+0	1.0000000E+2	0.0000000E+0
2.7310000E+0	4.5993542E+1	4.5146822E+1	0.0000000E+0	0.0000000E+0	1.0000000E+2	0.0000000E+0
2.7810000E+0	4.7183756E+1	4.6335026E+1	0.0000000E+0	0.0000000E+0	1.0000000E+2	0.0000000E+0
2.8310000E+0	4.7509496E+1	4.6670825E+1	0.0000000E+0	0.0000000E+0	1.0000000E+2	0.0000000E+0
2.8810000E+0	4.7738475E+1	4.6879488E+1	0.0000000E+0	0.0000000E+0	1.0000000E+2	0.0000000E+0
2.9310000E+0	4.7899274E+1	4.7061234E+1	0.0000000E+0	0.0000000E+0	1.0000000E+2	0.0000000E+0
2.9810000E+0	4.7986247E+1	4.7165986E+1	0.0000000E+0	0.0000000E+0	1.0000000E+2	0.0000000E+0
3.0310000E+0	4.8107730E+1	4.7277187E+1	0.0000000E+0	0.0000000E+0	1.0000000E+2	0.0000000E+0
3.0810000E+0	4.8404044E+1	4.7573842E+1	0.0000000E+0	0.0000000E+0	1.0000000E+2	0.0000000E+0
3.1310000E+0	4.9066541E+1	4.8258501E+1	0.0000000E+0	0.0000000E+0	1.0000000E+2	0.0000000E+0
3.1810000E+0	5.0234774E+1	4.9423678E+1	0.0000000E+0	0.0000000E+0	1.0000000E+2	0.0000000E+0
3.2310000E+0	5.1879955E+1	5.1048811E+1	0.0000000E+0	0.0000000E+0	1.0000000E+2	0.0000000E+0
3.2820000E+0	5.3730020E+1	5.2881026E+1	0.0000000E+0	0.0000000E+0	1.0000000E+2	0.0000000E+0
3.3320000E+0	5.5445521E+1	5.4610904E+1	0.0000000E+0	0.0000000E+0	1.0000000E+2	0.0000000E+0
3.3830000E+0	5.6855423E+1	5.6005781E+1	0.0000000E+0	0.0000000E+0	1.0000000E+2	0.0000000E+0
3.4340000E+0	5.7789938E+1	5.6929464E+1	0.0000000E+0	0.0000000E+0	1.0000000E+2	0.0000000E+0
3.4840000E+0	5.8334840E+1	5.7478906E+1	0.0000000E+0	0.0000000E+0	1.0000000E+2	0.0000000E+0
3.5350000E+0	5.8627670E+1	5.7785998E+1	0.0000000E+0	0.0000000E+0	1.0000000E+2	0.0000000E+0
3.5860000E+0	5.8809176E+1	5.7983237E+1	0.0000000E+0	0.0000000E+0	1.0000000E+2	0.0000000E+0
3.6360000E+0	5.8933923E+1	5.8116873E+1	0.0000000E+0	0.0000000E+0	1.0000000E+2	0.0000000E+0
3.6860000E+0	5.9015683E+1	5.8199098E+1	0.0000000E+0	0.0000000E+0	1.0000000E+2	0.0000000E+0
3.7360000E+0	5.9167509E+1	5.8351096E+1	0.0000000E+0	0.0000000E+0	1.0000000E+2	0.0000000E+0
3.7870000E+0	5.9524459E+1	5.8716846E+1	0.0000000E+0	0.0000000E+0	1.0000000E+2	0.0000000E+0
3.8370000E+0	6.0115298E+1	5.9320610E+1	0.0000000E+0	0.0000000E+0	1.0000000E+2	0.0000000E+0
3.8870000E+0	6.0890654E+1	6.0100095E+1	0.0000000E+0	0.0000000E+0	1.0000000E+2	0.0000000E+0
3.9370000E+0	6.1708023E+1	6.0907795E+1	0.0000000E+0	0.0000000E+0	1.0000000E+2	0.0000000E+0
3.9870000E+0	6.2527210E+1	6.1740357E+1	0.0000000E+0	0.0000000E+0	1.0000000E+2	0.0000000E+0
4.0370000E+0	6.3285260E+1	6.2516439E+1	0.0000000E+0	0.0000000E+0	1.0000000E+2	0.0000000E+0
4.0870000E+0	6.3984333E+1	6.3209061E+1	0.0000000E+0	0.0000000E+0	1.0000000E+2	0.0000000E+0
4.1370000E+0	6.4589264E+1	6.3807916E+1	0.0000000E+0	0.0000000E+0	1.0000000E+2	0.0000000E+0
4.1870000E+0	6.5104700E+1	6.4324201E+1	0.0000000E+0	0.0000000E+0	1.0000000E+2	0.0000000E+0
4.2370000E+0	6.5532201E+1	6.4752966E+1	0.0000000E+0	0.0000000E+0	1.0000000E+2	0.0000000E+0
4.2870000E+0	6.5892151E+1	6.5098570E+1	0.0000000E+0	0.0000000E+0	1.0000000E+2	0.0000000E+0
4.3370000E+0	6.6196799E+1	6.5386247E+1	0.0000000E+0	0.0000000E+0	1.0000000E+2	0.0000000E+0
4.3870000E+0	6.6413383E+1	6.5603436E+1	0.0000000E+0	0.0000000E+0	1.0000000E+2	0.0000000E+0
4.4380000E+0	6.6583336E+1	6.5782891E+1	0.0000000E+0	0.0000000E+0	1.0000000E+2	0.0000000E+0
4.4890000E+0	6.6728304E+1	6.5919899E+1	0.0000000E+0	0.0000000E+0	1.0000000E+2	0.0000000E+0
4.5390000E+0	6.6856234E+1	6.6056623E+1	0.0000000E+0	0.0000000E+0	1.0000000E+2	0.0000000E+0
4.5890000E+0	6.6943392E+1	6.6135115E+1	0.0000000E+0	0.0000000E+0	1.0000000E+2	0.0000000E+0
4.6390000E+0	6.7028813E+1	6.6217770E+1	0.0000000E+0	0.0000000E+0	1.0000000E+2	0.0000000E+0
4.6890000E+0	6.7111709E+1	6.6284320E+1	0.0000000E+0	0.0000000E+0	1.0000000E+2	0.0000000E+0
4.7390000E+0	6.7194830E+1	6.6346637E+1	0.0000000E+0	0.0000000E+0	1.0000000E+2	0.0000000E+0
4.7890000E+0	6.7240415E+1	6.6367203E+1	0.0000000E+0	0.0000000E+0	1.0000000E+2	0.0000000E+0
4.8400000E+0	6.7283492E+1	6.6406428E+1	0.0000000E+0	0.0000000E+0	1.0000000E+2	0.0000000E+0
4.8900000E+0	6.7309673E+1	6.6408969E+1	0.0000000E+0	0.0000000E+0	1.0000000E+2	0.0000000E+0
4.9410000E+0	6.7262525E+1	6.6364378E+1	0.0000000E+0	0.0000000E+0	1.0000000E+2	0.0000000E+0
4.9910000E+0	6.7236407E+1	6.6333872E+1	0.0000000E+0	0.0000000E+0	1.0000000E+2	0.0000000E+0
5.0410000E+0	6.7207070E+1	6.6304483E+1	0.0000000E+0	0.0000000E+0	1.0000000E+2	0.0000000E+0
5.0910000E+0	6.7182617E+1	6.6263833E+1	0.0000000E+0	0.0000000E+0	1.0000000E+2	0.0000000E+0
5.1410000E+0	6.7168932E+1	6.6237006E+1	0.0000000E+0	0.0000000E+0	1.0000000E+2	0.0000000E+0
5.1910000E+0	6.7139149E+1	6.6213801E+1	0.0000000E+0	0.0000000E+0	1.0000000E+2	0.0000000E+0
5.2410000E+0	6.7130701E+1	6.6185490E+1	0.0000000E+0	0.0000000E+0	1.0000000E+2	0.0000000E+0
5.2910000E+0	6.7117628E+1	6.6163725E+1	0.0000000E+0	0.0000000E+0	1.0000000E+2	0.0000000E+0
5.3410000E+0	6.7101834E+1	6.6147366E+1	0.0000000E+0	0.0000000E+0	1.0000000E+2	0.0000000E+0
5.3910000E+0	6.7091337E+1	6.6124185E+1	0.0000000E+0	0.0000000E+0	1.0000000E+2	0.0000000E+0
5.4410000E+0	6.7098351E+1	6.6118281E+1	0.0000000E+0	0.0000000E+0	1.0000000E+2	0.0000000E+0
5.4910000E+0	6.7109539E+1	6.6112509E+1	0.0000000E+0	0.0000000E+0	1.0000000E+2	0.0000000E+0
5.5420000E+0	6.7115089E+1	6.6101032E+1	0.0000000E+0	0.0000000E+0	1.0000000E+2	0.0000000E+0
5.5930000E+0	6.7107705E+1	6.6096104E+1	0.0000000E+0	0.0000000E+0	1.0000000E+2	0.0000000E+0
5.6430000E+0	6.7106902E+1	6.6098671E+1	0.0000000E+0	0.0000000E+0	1.0000000E+2	0.0000000E+0
5.6930000E+0	6.7119601E+1	6.6085498E+1	0.0000000E+0	0.0000000E+0	1.0000000E+2	0.0000000E+0
5.7430000E+0	6.7112290E+1	6.6076965E+1	0.0000000E+0	0.0000000E+0	1.0000000E+2	0.0000000E+0
5.7930000E+0	6.7099188E+1	6.6065141E+1	0.0000000E+0	0.0000000E+0	1.0000000E+2	0.0000000E+0
5.8430000E+0	6.7117148E+1	6.6075605E+1	0.0000000E+0	0.0000000E+0	1.0000000E+2	0.0000000E+0
5.8930000E+0	6.7114168E+1	6.6072989E+1	0.0000000E+0	0.0000000E+0	1.0000000E+2	0.0000000E+0
5.9430000E+0	6.7102459E+1	6.6055150E+1	0.0000000E+0	0.0000000E+0	1.0000000E+2	0.0000000E+0
5.9930000E+0	6.7117322E+1	6.6065790E+1	0.0000000E+0	0.0000000E+0	1.0000000E+2	0.0000000E+0
6.0430000E+0	6.7152612E+1	6.6078406E+1	0.0000000E+0	0.0000000E+0	1.0000000E+2	0.0000000E+0
6.0930000E+0	6.7131053E+1	6.6047290E+1	0.0000000E+0	0.0000000E+0	1.0000000E+2	0.0000000E+0
6.1430000E+0	6.7114857E+1	6.6029141E+1	0.0000000E+0	0.0000000E+0	1.0000000E+2	0.0000000E+0
6.1930000E+0	6.7097298E+1	6.5994542E+1	0.0000000E+0	0.0000000E+0	1.0000000E+2	0.0000000E+0
6.2430000E+0	6.7034825E+1	6.5919763E+1	0.0000000E+0	0.0000000E+0	1.0000000E+2	0.0000000E+0
6.2940000E+0	6.6951543E+1	6.5842575E+1	0.0000000E+0	0.0000000E+0	1.0000000E+2	0.0000000E+0
6.3450000E+0	6.6844081E+1	6.5730825E+1	0.0000000E+0	0.0000000E+0	1.0000000E+2	0.0000000E+0
6.3950000E+0	6.6718381E+1	6.5606635E+1	0.0000000E+0	0.0000000E+0	1.0000000E+2	0.0000000E+0
6.4450000E+0	6.6592176E+1	6.5494677E+1	0.0000000E+0	0.0000000E+0	1.0000000E+2	0.0000000E+0
6.4950000E+0	6.6466535E+1	6.5379941E+1	0.0000000E+0	0.0000000E+0	1.0000000E+2	0.0000000E+0
6.5450000E+0	6.6366406E+1	6.5268125E+1	0.0000000E+0	0.0000000E+0	1.0000000E+2	0.0000000E+0
6.5950000E+0	6.6282685E+1	6.5191228E+1	0.0000000E+0	0.0000000E+0	1.0000000E+2	0.0000000E+0
6.6450000E+0	6.6202738E+1	6.5107665E+1	0.0000000E+0	0.0000000E+0	1.0000000E+2	0.0000000E+0
6.6950000E+0	6.6133519E+1	6.5027298E+1	0.0000000E+0	0.0000000E+0	1.0000000E+2	0.0000000E+0
6.7450000E+0	6.6071359E+1	6.4953490E+1	0.0000000E+0	0.0000000E+0	1.0000000E+2	0.0000000E+0
6.7950000E+0	6.5982755E+1	6.4864832E+1	0.0000000E+0	0.0000000E+0	1.0000000E+2	0.0000000E+0
6.8450000E+0	6.5907760E+1	6.4794252E+1	0.0000000E+0	0.0000000E+0	1.0000000E+2	0.0000000E+0
6.8950000E+0	6.5842657E+1	6.4725115E+1	0.0000000E+0	0.0000000E+0	1.0000000E+2	0.0000000E+0
6.9460000E+0	6.5769424E+1	6.4642402E+1	0.0000000E+0	0.0000000E+0	1.0000000E+2	0.0000000E+0
6.9970000E+0	6.5705428E+1	6.4556446E+1	0.0000000E+0	0.0000000E+0	1.0000000E+2	0.0000000E+0
7.0470000E+0	6.5617867E+1	6.4472753E+1	0.0000000E+0	0.0000000E+0	1.0000000E+2	0.0000000E+0
7.0970000E+0	6.5544262E+1	6.4407344E+1	0.0000000E+0	0.0000000E+0	1.0000000E+2	0.0000000E+0
7.1470000E+0	6.5491151E+1	6.4325474E+1	0.0000000E+0	0.0000000E+0	1.0000000E+2	0.0000000E+0
7.1970000E+0	6.5410268E+1	6.4265946E+1	0.0000000E+0	0.0000000E+0	1.0000000E+2	0.0000000E+0
7.2470000E+0	6.5338184E+1	6.4197655E+1	0.0000000E+0	0.0000000E+0	1.0000000E+2	0.0000000E+0
7.2970000E+0	6.5292039E+1	6.4140275E+1	0.0000000E+0	0.0000000E+0	1.0000000E+2	0.0000000E+0
7.3470000E+0	6.5218826E+1	6.4056595E+1	0.0000000E+0	0.0000000E+0	1.0000000E+2	0.0000000E+0
7.3970000E+0	6.5101896E+1	6.3936663E+1	0.0000000E+0	0.0000000E+0	1.0000000E+2	0.0000000E+0
7.4480000E+0	6.4961368E+1	6.3782017E+1	0.0000000E+0	0.0000000E+0	1.0000000E+2	0.0000000E+0
7.4990000E+0	6.4792569E+1	6.3609200E+1	0.0000000E+0	0.0000000E+0	1.0000000E+2	0.0000000E+0
7.5490000E+0	6.4604394E+1	6.3399794E+1	0.0000000E+0	0.0000000E+0	1.0000000E+2	0.0000000E+0
7.5990000E+0	6.4414325E+1	6.3217941E+1	0.0000000E+0	0.0000000E+0	1.0000000E+2	0.0000000E+0
7.6490000E+0	6.4244183E+1	6.3040387E+1	0.0000000E+0	0.0000000E+0	1.0000000E+2	0.0000000E+0
7.6990000E+0	6.4070162E+1	6.2888728E+1	0.0000000E+0	0.0000000E+0	1.0000000E+2	0.0000000E+0
7.7490000E+0	6.3923880E+1	6.2733115E+1	0.0000000E+0	0.0000000E+0	1.0000000E+2	0.0000000E+0
7.7990000E+0	6.3785999E+1	6.2597614E+1	0.0000000E+0	0.0000000E+0	1.0000000E+2	0.0000000E+0
7.8490000E+0	6.3666352E+1	6.2468085E+1	0.0000000E+0	0.0000000E+0	1.0000000E+2	0.0000000E+0
7.8990000E+0	6.3556546E+1	6.2363373E+1	0.0000000E+0	0.0000000E+0	1.0000000E+2	0.0000000E+0
7.9490000E+0	6.3442465E+1	6.2256619E+1	0.0000000E+0	0.0000000E+0	1.0000000E+2	0.0000000E+0
7.9990000E+0	6.3319146E+1	6.2126505E+1	0.0000000E+0	0.0000000E+0	1.0000000E+2	0.0000000E+0
8.0490000E+0	6.3237698E+1	6.2034488E+1	0.0000000E+0	0.0000000E+0	1.0000000E+2	0.0000000E+0
8.0990000E+0	6.3163886E+1	6.1930805E+1	0.0000000E+0	0.0000000E+0	1.0000000E+2	0.0000000E+0
8.1490000E+0	6.3086408E+1	6.1848834E+1	0.0000000E+0	0.0000000E+0	1.0000000E+2	0.0000000E+0
8.1990000E+0	6.3028401E+1	6.1755289E+1	0.0000000E+0	0.0000000E+0	1.0000000E+2	0.0000000E+0
8.2490000E+0	6.2939504E+1	6.1684084E+1	0.0000000E+0	0.0000000E+0	1.0000000E+2	0.0000000E+0
8.2990000E+0	6.2872141E+1	6.1619284E+1	0.0000000E+0	0.0000000E+0	1.0000000E+2	0.0000000E+0
8.3500000E+0	6.2817190E+1	6.1554515E+1	0.0000000E+0	0.0000000E+0	1.0000000E+2	0.0000000E+0
8.4000000E+0	6.2727395E+1	6.1491583E+1	0.0000000E+0	0.0000000E+0	1.0000000E+2	0.0000000E+0
8.4500000E+0	6.2665478E+1	6.1445672E+1	0.0000000E+0	0.0000000E+0	1.0000000E+2	0.0000000E+0
8.5000000E+0	6.2623554E+1	6.1395898E+1	0.0000000E+0	0.0000000E+0	1.0000000E+2	0.0000000E+0
8.5500000E+0	6.2536698E+1	6.1329393E+1	0.0000000E+0	0.0000000E+0	1.0000000E+2	0.0000000E+0
8.6010000E+0	6.2491009E+1	6.1285649E+1	0.0000000E+0	0.0000000E+0	1.0000000E+2	0.0000000E+0
8.6510000E+0	6.2437376E+1	6.1244225E+1	0.0000000E+0	0.0000000E+0	1.0000000E+2	0.0000000E+0
8.7020000E+0	6.2386118E+1	6.1197511E+1	0.0000000E+0	0.0000000E+0	1.0000000E+2	0.0000000E+0
8.7530000E+0	6.2348714E+1	6.1164042E+1	0.0000000E+0	0.0000000E+0	1.0000000E+2	0.0000000E+0
8.8040000E+0	6.2267147E+1	6.1128201E+1	0.0000000E+0	0.0000000E+0	1.0000000E+2	0.0000000E+0
8.8540000E+0	6.2205258E+1	6.1075068E+1	0.0000000E+0	0.0000000E+0	1.0000000E+2	0.0000000E+0
8.9050000E+0	6.2134073E+1	6.1008804E+1	0.0000000E+0	0.0000000E+0	1.0000000E+2	0.0000000E+0
8.9560000E+0	6.2077505E+1	6.0961967E+1	0.0000000E+0	0.0000000E+0	1.0000000E+2	0.0000000E+0
9.0070000E+0	6.2010003E+1	6.0885706E+1	0.0000000E+0	0.0000000E+0	1.0000000E+2	0.0000000E+0
9.0570000E+0	6.1961694E+1	6.0827680E+1	0.0000000E+0	0.0000000E+0	1.0000000E+2	0.0000000E+0
9.1070000E+0	6.1902191E+1	6.0776657E+1	0.0000000E+0	0.0000000E+0	1.0000000E+2	0.0000000E+0
9.1570000E+0	6.1843357E+1	6.0756040E+1	0.0000000E+0	0.0000000E+0	1.0000000E+2	0.0000000E+0
9.2070000E+0	6.1786459E+1	6.0708897E+1	0.0000000E+0	0.0000000E+0	1.0000000E+2	0.0000000E+0
9.2570000E+0	6.1723678E+1	6.0664406E+1	0.0000000E+0	0.0000000E+0	1.0000000E+2	0.0000000E+0
9.3070000E+0	6.1665776E+1	6.0609998E+1	0.0000000E+0	0.0000000E+0	1.0000000E+2	0.0000000E+0
9.3570000E+0	6.1614528E+1	6.0587755E+1	0.0000000E+0	0.0000000E+0	1.0000000E+2	0.0000000E+0
9.4070000E+0	6.1576195E+1	6.0552714E+1	0.0000000E+0	0.0000000E+0	1.0000000E+2	0.0000000E+0
9.4570000E+0	6.1543303E+1	6.0524807E+1	0.0000000E+0	0.0000000E+0	1.0000000E+2	0.0000000E+0
9.5070000E+0	6.1509002E+1	6.0483058E+1	0.0000000E+0	0.0000000E+0	1.0000000E+2	0.0000000E+0
9.5580000E+0	6.1466138E+1	6.0456775E+1	0.0000000E+0	0.0000000E+0	1.0000000E+2	0.0000000E+0
9.6090000E+0	6.1462649E+1	6.0445872E+1	0.0000000E+0	0.0000000E+0	1.0000000E+2	0.0000000E+0
9.6600000E+0	6.1433890E+1	6.0413671E+1	0.0000000E+0	0.0000000E+0	1.0000000E+2	0.0000000E+0
9.7100000E+0	6.1409980E+1	6.0379947E+1	0.0000000E+0	0.0000000E+0	1.0000000E+2	0.0000000E+0
9.7600000E+0	6.1403345E+1	6.0378157E+1	0.0000000E+0	0.0000000E+0	1.0000000E+2	0.0000000E+0
9.8110000E+0	6.1380681E+1	6.0356367E+1	0.0000000E+0	0.0000000E+0	1.0000000E+2	0.0000000E+0
9.8610000E+0	6.1379376E+1	6.0340950E+1	0.0000000E+0	0.0000000E+0	1.0000000E+2	0.0000000E+0
9.9110000E+0	6.1375965E+1	6.0320301E+1	0.0000000E+0	0.0000000E+0	1.0000000E+2	0.0000000E+0
9.9610000E+0	6.1368859E+1	6.0304042E+1	0.0000000E+0	0.0000000E+0	1.0000000E+2	0.0000000E+0
1.0011000E+1	6.1344169E+1	6.0288864E+1	0.0000000E+0	0.0000000E+0	1.0000000E+2	0.0000000E+0
1.0061000E+1	6.1358470E+1	6.0272154E+1	0.0000000E+0	0.0000000E+0	1.0000000E+2	0.0000000E+0
1.0111000E+1	6.1371339E+1	6.0263320E+1	0.0000000E+0	0.0000000E+0	1.0000000E+2	0.0000000E+0
1.0161000E+1	6.1366437E+1	6.0251218E+1	0.0000000E+0	0.0000000E+0	1.0000000E+2	0.0000000E+0
1.0211000E+1	6.1349582E+1	6.0234682E+1	0.0000000E+0	0.0000000E+0	1.0000000E+2	0.0000000E+0
1.0261000E+1	6.1340337E+1	6.0221250E+1	0.0000000E+0	0.0000000E+0	1.0000000E+2	0.0000000E+0
1.0312000E+1	6.1314843E+1	6.0208159E+1	0.0000000E+0	0.0000000E+0	1.0000000E+2	0.0000000E+0
1.0362000E+1	6.1302751E+1	6.0187707E+1	0.0000000E+0	0.0000000E+0	1.0000000E+2	0.0000000E+0
1.0412000E+1	6.1287679E+1	6.0161581E+1	0.0000000E+0	0.0000000E+0	1.0000000E+2	0.0000000E+0
1.0463000E+1	6.1304510E+1	6.0162555E+1	0.0000000E+0	0.0000000E+0	1.0000000E+2	0.0000000E+0
1.0513000E+1	6.1310899E+1	6.0152085E+1	0.0000000E+0	0.0000000E+0	1.0000000E+2	0.0000000E+0
1.0563000E+1	6.1293959E+1	6.0144549E+1	0.0000000E+0	0.0000000E+0	1.0000000E+2	0.0000000E+0
1.0613000E+1	6.1292702E+1	6.0139787E+1	0.0000000E+0	0.0000000E+0	1.0000000E+2	0.0000000E+0
1.0663000E+1	6.1309125E+1	6.0141350E+1	0.0000000E+0	0.0000000E+0	1.0000000E+2	0.0000000E+0
1.0713000E+1	6.1294636E+1	6.0142292E+1	0.0000000E+0	0.0000000E+0	1.0000000E+2	0.0000000E+0
1.0763000E+1	6.1275688E+1	6.0124019E+1	0.0000000E+0	0.0000000E+0	1.0000000E+2	0.0000000E+0
1.0813000E+1	6.1266003E+1	6.0096006E+1	0.0000000E+0	0.0000000E+0	1.0000000E+2	0.0000000E+0
1.0863000E+1	6.1259935E+1	6.0103910E+1	0.0000000E+0	0.0000000E+0	1.0000000E+2	0.0000000E+0
1.0913000E+1	6.1231308E+1	6.0085524E+1	0.0000000E+0	0.0000000E+0	1.0000000E+2	0.0000000E+0
1.0963000E+1	6.1227841E+1	6.0093194E+1	0.0000000E+0	0.0000000E+0	1.0000000E+2	0.0000000E+0
1.1014000E+1	6.1195006E+1	6.0095658E+1	0.0000000E+0	0.0000000E+0	1.0000000E+2	0.0000000E+0
1.1064000E+1	6.1178297E+1	6.0093223E+1	0.0000000E+0	0.0000000E+0	1.0000000E+2	0.0000000E+0
1.1114000E+1	6.1161506E+1	6.0080739E+1	0.0000000E+0	0.0000000E+0	1.0000000E+2	0.0000000E+0
1.1165000E+1	6.1158663E+1	6.0071966E+1	0.0000000E+0	0.0000000E+0	1.0000000E+2	0.0000000E+0
1.1216000E+1	6.1156014E+1	6.0060818E+1	0.0000000E+0	0.0000000E+0	1.0000000E+2	0.0000000E+0
1.1266000E+1	6.1162421E+1	6.0068690E+1	0.0000000E+0	0.0000000E+0	1.0000000E+2	0.0000000E+0
1.1316000E+1	6.1145392E+1	6.0070771E+1	0.0000000E+0	0.0000000E+0	1.0000000E+2	0.0000000E+0
1.1366000E+1	6.1123124E+1	6.0059663E+1	0.0000000E+0	0.0000000E+0	1.0000000E+2	0.0000000E+0
1.1416000E+1	6.1103123E+1	6.0050305E+1	0.0000000E+0	0.0000000E+0	1.0000000E+2	0.0000000E+0
1.1466000E+1	6.1097560E+1	6.0053376E+1	0.0000000E+0	0.0000000E+0	1.0000000E+2	0.0000000E+0
1.1516000E+1	6.1092505E+1	6.0048671E+1	0.0000000E+0	0.0000000E+0	1.0000000E+2	0.0000000E+0
1.1566000E+1	6.1091838E+1	6.0045258E+1	0.0000000E+0	0.0000000E+0	1.0000000E+2	0.0000000E+0
1.1616000E+1	6.1086164E+1	6.0040237E+1	0.0000000E+0	0.0000000E+0	1.0000000E+2	0.0000000E+0
1.1666000E+1	6.1090618E+1	6.0033531E+1	0.0000000E+0	0.0000000E+0	1.0000000E+2	0.0000000E+0
1.1716000E+1	6.1096984E+1	6.0027833E+1	0.0000000E+0	0.0000000E+0	1.0000000E+2	0.0000000E+0
1.1766000E+1	6.1089688E+1	6.0029196E+1	0.0000000E+0	0.0000000E+0	1.0000000E+2	0.0000000E+0
1.1816000E+1	6.1070170E+1	6.0025192E+1	0.0000000E+0	0.0000000E+0	1.0000000E+2	0.0000000E+0
1.1866000E+1	6.1068724E+1	6.0024208E+1	0.0000000E+0	0.0000000E+0	1.0000000E+2	0.0000000E+0
1.1916000E+1	6.1085401E+1	6.0024296E+1	0.0000000E+0	0.0000000E+0	1.0000000E+2	0.0000000E+0
1.1966000E+1	6.1083348E+1	6.0019257E+1	0.0000000E+0	0.0000000E+0	1.0000000E+2	0.0000000E+0
1.2017000E+1	6.1090490E+1	6.0027795E+1	0.0000000E+0	0.0000000E+0	1.0000000E+2	0.0000000E+0
1.2068000E+1	6.1067559E+1	6.0012622E+1	0.0000000E+0	0.0000000E+0	1.0000000E+2	0.0000000E+0
1.2118000E+1	6.1056643E+1	6.0014303E+1	0.0000000E+0	0.0000000E+0	1.0000000E+2	0.0000000E+0
1.2168000E+1	6.1061664E+1	6.0018689E+1	0.0000000E+0	0.0000000E+0	1.0000000E+2	0.0000000E+0
1.2218000E+1	6.1061246E+1	6.0013027E+1	0.0000000E+0	0.0000000E+0	1.0000000E+2	0.0000000E+0
1.2268000E+1	6.1045386E+1	6.0002306E+1	0.0000000E+0	0.0000000E+0	1.0000000E+2	0.0000000E+0
1.2318000E+1	6.1028310E+1	5.9984812E+1	0.0000000E+0	0.0000000E+0	1.0000000E+2	0.0000000E+0
1.2368000E+1	6.1029421E+1	5.9982102E+1	0.0000000E+0	0.0000000E+0	1.0000000E+2	0.0000000E+0
1.2418000E+1	6.1049003E+1	5.9995104E+1	0.0000000E+0	0.0000000E+0	1.0000000E+2	0.0000000E+0
1.2468000E+1	6.1056119E+1	6.0001750E+1	0.0000000E+0	0.0000000E+0	1.0000000E+2	0.0000000E+0
1.2519000E+1	6.1049488E+1	5.9998626E+1	0.0000000E+0	0.0000000E+0	1.0000000E+2	0.0000000E+0
1.2569000E+1	6.1077142E+1	6.0004966E+1	0.0000000E+0	0.0000000E+0	1.0000000E+2	0.0000000E+0
1.2619000E+1	6.1074042E+1	6.0007723E+1	0.0000000E+0	0.0000000E+0	1.0000000E+2	0.0000000E+0
1.2670000E+1	6.1054770E+1	6.0007047E+1	0.0000000E+0	0.0000000E+0	1.0000000E+2	0.0000000E+0
1.2720000E+1	6.1052118E+1	6.0003529E+1	0.0000000E+0	0.0000000E+0	1.0000000E+2	0.0000000E+0
1.2770000E+1	6.1055692E+1	6.0009888E+1	0.0000000E+0	0.0000000E+0	1.0000000E+2	0.0000000E+0
1.2820000E+1	6.1071245E+1	6.0020792E+1	0.0000000E+0	0.0000000E+0	1.0000000E+2	0.0000000E+0
1.2871000E+1	6.1062459E+1	6.0021250E+1	0.0000000E+0	0.0000000E+0	1.0000000E+2	0.0000000E+0
1.2921000E+1	6.1052608E+1	6.0017709E+1	0.0000000E+0	0.0000000E+0	1.0000000E+2	0.0000000E+0
1.2971000E+1	6.1051271E+1	6.0023105E+1	0.0000000E+0	0.0000000E+0	1.0000000E+2	0.0000000E+0
1.3021000E+1	6.1043065E+1	6.0009806E+1	0.0000000E+0	0.0000000E+0	1.0000000E+2	0.0000000E+0
1.3071000E+1	6.1042120E+1	6.0008917E+1	0.0000000E+0	0.0000000E+0	1.0000000E+2	0.0000000E+0
1.3122000E+1	6.1037294E+1	6.0009455E+1	0.0000000E+0	0.0000000E+0	1.0000000E+2	0.0000000E+0
1.3172000E+1	6.1041075E+1	6.0012088E+1	0.0000000E+0	0.0000000E+0	1.0000000E+2	0.0000000E+0
1.3222000E+1	6.1046967E+1	6.0019263E+1	0.0000000E+0	0.0000000E+0	1.0000000E+2	0.0000000E+0
1.3273000E+1	6.1008502E+1	6.0009056E+1	0.0000000E+0	0.0000000E+0	1.0000000E+2	0.0000000E+0
1.3323000E+1	6.1008147E+1	6.0014275E+1	0.0000000E+0	0.0000000E+0	1.0000000E+2	0.0000000E+0
1.3374000E+1	6.1032695E+1	6.0028076E+1	0.0000000E+0	0.0000000E+0	1.0000000E+2	0.0000000E+0
1.3425000E+1	6.1019138E+1	6.0020900E+1	0.0000000E+0	0.0000000E+0	1.0000000E+2	0.0000000E+0
1.3475000E+1	6.1043977E+1	6.0023285E+1	0.0000000E+0	0.0000000E+0	1.0000000E+2	0.0000000E+0
1.3526000E+1	6.1037979E+1	6.0028766E+1	0.0000000E+0	0.0000000E+0	1.0000000E+2	0.0000000E+0
1.3576000E+1	6.1026426E+1	6.0015582E+1	0.0000000E+0	0.0000000E+0	1.0000000E+2	0.0000000E+0
1.3626000E+1	6.1026072E+1	6.0024873E+1	0.0000000E+0	0.0000000E+0	1.0000000E+2	0.0000000E+0
1.3676000E+1	6.1049234E+1	6.0044070E+1	0.0000000E+0	0.0000000E+0	1.0000000E+2	0.0000000E+0
1.3727000E+1	6.1025630E+1	6.0029506E+1	0.0000000E+0	0.0000000E+0	1.0000000E+2	0.0000000E+0
1.3777000E+1	6.1013107E+1	6.0033365E+1	0.0000000E+0	0.0000000E+0	1.0000000E+2	0.0000000E+0
1.3827000E+1	6.1017212E+1	6.0031383E+1	0.0000000E+0	0.0000000E+0	1.0000000E+2	0.0000000E+0
1.3877000E+1	6.1002965E+1	6.0027211E+1	0.0000000E+0	0.0000000E+0	1.0000000E+2	0.0000000E+0
1.3927000E+1	6.0971800E+1	6.0043808E+1	0.0000000E+0	0.0000000E+0	1.0000000E+2	0.0000000E+0
1.3977000E+1	6.0967012E+1	6.0055817E+1	0.0000000E+0	0.0000000E+0	1.0000000E+2	0.0000000E+0
1.4027000E+1	6.0946971E+1	6.0051619E+1	0.0000000E+0	0.0000000E+0	1.0000000E+2	0.0000000E+0
1.4077000E+1	6.0943630E+1	6.0061154E+1	0.0000000E+0	0.0000000E+0	1.0000000E+2	0.0000000E+0
1.4127000E+1	6.0923538E+1	6.0051333E+1	0.0000000E+0	0.0000000E+0	1.0000000E+2	0.0000000E+0
1.4177000E+1	6.0945653E+1	6.0070722E+1	0.0000000E+0	0.0000000E+0	1.0000000E+2	0.0000000E+0
1.4227000E+1	6.0925319E+1	6.0054664E+1	0.0000000E+0	0.0000000E+0	1.0000000E+2	0.0000000E+0
1.4279000E+1	6.0940292E+1	6.0072442E+1	0.0000000E+0	0.0000000E+0	1.0000000E+2	0.0000000E+0
1.4329000E+1	6.0937955E+1	6.0076315E+1	0.0000000E+0	0.0000000E+0	1.0000000E+2	0.0000000E+0
1.4379000E+1	6.0941117E+1	6.0075296E+1	0.0000000E+0	0.0000000E+0	1.0000000E+2	0.0000000E+0
1.4429000E+1	6.0914856E+1	6.0077627E+1	0.0000000E+0	0.0000000E+0	1.0000000E+2	0.0000000E+0
1.4479000E+1	6.0875798E+1	6.0072195E+1	0.0000000E+0	0.0000000E+0	1.0000000E+2	0.0000000E+0
1.4529000E+1	6.0862649E+1	6.0069450E+1	0.0000000E+0	0.0000000E+0	1.0000000E+2	0.0000000E+0
1.4579000E+1	6.0845297E+1	6.0073997E+1	0.0000000E+0	0.0000000E+0	1.0000000E+2	0.0000000E+0
1.4629000E+1	6.0827418E+1	6.0090050E+1	0.0000000E+0	0.0000000E+0	1.0000000E+2	0.0000000E+0
1.4679000E+1	6.0814930E+1	6.0079163E+1	0.0000000E+0	0.0000000E+0	1.0000000E+2	0.0000000E+0
1.4729000E+1	6.0760474E+1	6.0074959E+1	0.0000000E+0	0.0000000E+0	1.0000000E+2	0.0000000E+0
1.4779000E+1	6.0758238E+1	6.0076269E+1	0.0000000E+0	0.0000000E+0	1.0000000E+2	0.0000000E+0
1.4829000E+1	6.0758612E+1	6.0090758E+1	0.0000000E+0	0.0000000E+0	1.0000000E+2	0.0000000E+0
1.4879000E+1	6.0758815E+1	6.0084902E+1	0.0000000E+0	0.0000000E+0	1.0000000E+2	0.0000000E+0
1.4929000E+1	6.0773080E+1	6.0102725E+1	0.0000000E+0	0.0000000E+0	1.0000000E+2	0.0000000E+0
1.4979000E+1	6.0781185E+1	6.0104350E+1	0.0000000E+0	0.0000000E+0	1.0000000E+2	0.0000000E+0
1.5029000E+1	6.0784115E+1	6.0112263E+1	0.0000000E+0	0.0000000E+0	1.0000000E+2	0.0000000E+0
1.5079000E+1	6.0760221E+1	6.0119347E+1	0.0000000E+0	0.0000000E+0	1.0000000E+2	0.0000000E+0
1.5129000E+1	6.0753033E+1	6.0107160E+1	0.0000000E+0	0.0000000E+0	1.0000000E+2	0.0000000E+0
1.5179000E+1	6.0751895E+1	6.0111728E+1	0.0000000E+0	0.0000000E+0	1.0000000E+2	0.0000000E+0
1.5229000E+1	6.0741046E+1	6.0118808E+1	0.0000000E+0	0.0000000E+0	1.0000000E+2	0.0000000E+0
1.5279000E+1	6.0735502E+1	6.0113719E+1	0.0000000E+0	0.0000000E+0	1.0000000E+2	0.0000000E+0
1.5330000E+1	6.0707861E+1	6.0101826E+1	0.0000000E+0	0.0000000E+0	1.0000000E+2	0.0000000E+0
1.5380000E+1	6.0707411E+1	6.0108975E+1	0.0000000E+0	0.0000000E+0	1.0000000E+2	0.0000000E+0
1.5430000E+1	6.0666763E+1	6.0123678E+1	0.0000000E+0	0.0000000E+0	1.0000000E+2	0.0000000E+0
1.5480000E+1	6.0617079E+1	6.0117600E+1	0.0000000E+0	0.0000000E+0	1.0000000E+2	0.0000000E+0
1.5530000E+1	6.0610497E+1	6.0110052E+1	0.0000000E+0	0.0000000E+0	1.0000000E+2	0.0000000E+0
1.5580000E+1	6.0593777E+1	6.0114292E+1	0.0000000E+0	0.0000000E+0	1.0000000E+2	0.0000000E+0
1.5630000E+1	6.0593200E+1	6.0118037E+1	0.0000000E+0	0.0000000E+0	1.0000000E+2	0.0000000E+0
1.5680000E+1	6.0583792E+1	6.0111026E+1	0.0000000E+0	0.0000000E+0	1.0000000E+2	0.0000000E+0
1.5730000E+1	6.0576283E+1	6.0127284E+1	0.0000000E+0	0.0000000E+0	1.0000000E+2	0.0000000E+0
1.5780000E+1	6.0566524E+1	6.0114685E+1	0.0000000E+0	0.0000000E+0	1.0000000E+2	0.0000000E+0
1.5830000E+1	6.0575665E+1	6.0119221E+1	0.0000000E+0	0.0000000E+0	1.0000000E+2	0.0000000E+0
1.5880000E+1	6.0578281E+1	6.0131190E+1	0.0000000E+0	0.0000000E+0	1.0000000E+2	0.0000000E+0
1.5930000E+1	6.0572889E+1	6.0123384E+1	0.0000000E+0	0.0000000E+0	1.0000000E+2	0.0000000E+0
1.5980000E+1	6.0557283E+1	6.0112922E+1	0.0000000E+0	0.0000000E+0	1.0000000E+2	0.0000000E+0
1.6030000E+1	6.0607554E+1	6.0128501E+1	0.0000000E+0	0.0000000E+0	1.0000000E+2	0.0000000E+0
1.6080000E+1	6.0582072E+1	6.0124849E+1	0.0000000E+0	0.0000000E+0	1.0000000E+2	0.0000000E+0
1.6130000E+1	6.0580534E+1	6.0122637E+1	0.0000000E+0	0.0000000E+0	1.0000000E+2	0.0000000E+0
1.6180000E+1	6.0545059E+1	6.0138466E+1	0.0000000E+0	0.0000000E+0	1.0000000E+2	0.0000000E+0
1.6231000E+1	6.0533211E+1	6.0136559E+1	0.0000000E+0	0.0000000E+0	1.0000000E+2	0.0000000E+0
1.6281000E+1	6.0541870E+1	6.0133575E+1	0.0000000E+0	0.0000000E+0	1.0000000E+2	0.0000000E+0
1.6331000E+1	6.0543035E+1	6.0134423E+1	0.0000000E+0	0.0000000E+0	1.0000000E+2	0.0000000E+0
1.6381000E+1	6.0537058E+1	6.0133014E+1	0.0000000E+0	0.0000000E+0	1.0000000E+2	0.0000000E+0
1.6431000E+1	6.0573956E+1	6.0147573E+1	0.0000000E+0	0.0000000E+0	1.0000000E+2	0.0000000E+0
1.6481000E+1	6.0600034E+1	6.0152278E+1	0.0000000E+0	0.0000000E+0	1.0000000E+2	0.0000000E+0
1.6531000E+1	6.0606432E+1	6.0162735E+1	0.0000000E+0	0.0000000E+0	1.0000000E+2	0.0000000E+0
1.6581000E+1	6.0635072E+1	6.0179383E+1	0.0000000E+0	0.0000000E+0	1.0000000E+2	0.0000000E+0
1.6631000E+1	6.0671102E+1	6.0186851E+1	0.0000000E+0	0.0000000E+0	1.0000000E+2	0.0000000E+0
1.6681000E+1	6.0682911E+1	6.0184685E+1	0.0000000E+0	0.0000000E+0	1.0000000E+2	0.0000000E+0
1.6731000E+1	6.0711898E+1	6.0193018E+1	0.0000000E+0	0.0000000E+0	1.0000000E+2	0.0000000E+0
1.6781000E+1	6.0706987E+1	6.0200263E+1	0.0000000E+0	0.0000000E+0	1.0000000E+2	0.0000000E+0
1.6831000E+1	6.0700251E+1	6.0200241E+1	0.0000000E+0	0.0000000E+0	1.0000000E+2	0.0000000E+0
1.6881000E+1	6.0731276E+1	6.0205021E+1	0.0000000E+0	0.0000000E+0	1.0000000E+2	0.0000000E+0
1.6931000E+1	6.0756672E+1	6.0223491E+1	0.0000000E+0	0.0000000E+0	1.0000000E+2	0.0000000E+0
1.6982000E+1	6.0771812E+1	6.0220438E+1	0.0000000E+0	0.0000000E+0	1.0000000E+2	0.0000000E+0
1.7032000E+1	6.0783076E+1	6.0230428E+1	0.0000000E+0	0.0000000E+0	1.0000000E+2	0.0000000E+0
1.7082000E+1	6.0822720E+1	6.0220344E+1	0.0000000E+0	0.0000000E+0	1.0000000E+2	0.0000000E+0
1.7133000E+1	6.0867534E+1	6.0236203E+1	0.0000000E+0	0.0000000E+0	1.0000000E+2	0.0000000E+0
1.7184000E+1	6.0892401E+1	6.0232076E+1	0.0000000E+0	0.0000000E+0	1.0000000E+2	0.0000000E+0
1.7235000E+1	6.0933869E+1	6.0236484E+1	0.0000000E+0	0.0000000E+0	1.0000000E+2	0.0000000E+0
1.7286000E+1	6.0981941E+1	6.0250161E+1	0.0000000E+0	0.0000000E+0	1.0000000E+2	0.0000000E+0
1.7337000E+1	6.1034432E+1	6.0256858E+1	0.0000000E+0	0.0000000E+0	1.0000000E+2	0.0000000E+0
1.7388000E+1	6.1069345E+1	6.0262779E+1	0.0000000E+0	0.0000000E+0	1.0000000E+2	0.0000000E+0
1.7438000E+1	6.1077894E+1	6.0270089E+1	0.0000000E+0	0.0000000E+0	1.0000000E+2	0.0000000E+0
1.7488000E+1	6.1084979E+1	6.0265067E+1	0.0000000E+0	0.0000000E+0	1.0000000E+2	0.0000000E+0
1.7538000E+1	6.1112682E+1	6.0279474E+1	0.0000000E+0	0.0000000E+0	1.0000000E+2	0.0000000E+0
1.7588000E+1	6.1143997E+1	6.0291935E+1	0.0000000E+0	0.0000000E+0	1.0000000E+2	0.0000000E+0
1.7638000E+1	6.1175126E+1	6.0299484E+1	0.0000000E+0	0.0000000E+0	1.0000000E+2	0.0000000E+0
1.7688000E+1	6.1170586E+1	6.0300495E+1	0.0000000E+0	0.0000000E+0	1.0000000E+2	0.0000000E+0
1.7738000E+1	6.1174082E+1	6.0297371E+1	0.0000000E+0	0.0000000E+0	1.0000000E+2	0.0000000E+0
1.7788000E+1	6.1192473E+1	6.0302406E+1	0.0000000E+0	0.0000000E+0	1.0000000E+2	0.0000000E+0
1.7838000E+1	6.1186956E+1	6.0297524E+1	0.0000000E+0	0.0000000E+0	1.0000000E+2	0.0000000E+0
1.7888000E+1	6.1189113E+1	6.0301389E+1	0.0000000E+0	0.0000000E+0	1.0000000E+2	0.0000000E+0
1.7938000E+1	6.1212914E+1	6.0315039E+1	0.0000000E+0	0.0000000E+0	1.0000000E+2	0.0000000E+0
1.7988000E+1	6.1221031E+1	6.0310518E+1	0.0000000E+0	0.0000000E+0	1.0000000E+2	0.0000000E+0
1.8038000E+1	6.1232604E+1	6.0323960E+1	0.0000000E+0	0.0000000E+0	1.0000000E+2	0.0000000E+0
1.8088000E+1	6.1213292E+1	6.0317601E+1	0.0000000E+0	0.0000000E+0	1.0000000E+2	0.0000000E+0
1.8138000E+1	6.1205005E+1	6.0324505E+1	0.0000000E+0	0.0000000E+0	1.0000000E+2	0.0000000E+0
1.8188000E+1	6.1211384E+1	6.0315768E+1	0.0000000E+0	0.0000000E+0	1.0000000E+2	0.0000000E+0
1.8238000E+1	6.1219663E+1	6.0302336E+1	0.0000000E+0	0.0000000E+0	1.0000000E+2	0.0000000E+0
1.8289000E+1	6.1237015E+1	6.0314470E+1	0.0000000E+0	0.0000000E+0	1.0000000E+2	0.0000000E+0
1.8339000E+1	6.1259895E+1	6.0330238E+1	0.0000000E+0	0.0000000E+0	1.0000000E+2	0.0000000E+0
1.8390000E+1	6.1267318E+1	6.0357131E+1	0.0000000E+0	0.0000000E+0	1.0000000E+2	0.0000000E+0
1.8440000E+1	6.1272857E+1	6.0349441E+1	0.0000000E+0	0.0000000E+0	1.0000000E+2	0.0000000E+0
1.8491000E+1	6.1272550E+1	6.0364317E+1	0.0000000E+0	0.0000000E+0	1.0000000E+2	0.0000000E+0
1.8542000E+1	6.1287904E+1	6.0379896E+1	0.0000000E+0	0.0000000E+0	1.0000000E+2	0.0000000E+0
1.8592000E+1	6.1284850E+1	6.0379853E+1	0.0000000E+0	0.0000000E+0	1.0000000E+2	0.0000000E+0
1.8642000E+1	6.1283418E+1	6.0383140E+1	0.0000000E+0	0.0000000E+0	1.0000000E+2	0.0000000E+0
1.8692000E+1	6.1285926E+1	6.0386660E+1	0.0000000E+0	0.0000000E+0	1.0000000E+2	0.0000000E+0
1.8742000E+1	6.1276242E+1	6.0387646E+1	0.0000000E+0	0.0000000E+0	1.0000000E+2	0.0000000E+0
1.8792000E+1	6.1291051E+1	6.0398750E+1	0.0000000E+0	0.0000000E+0	1.0000000E+2	0.0000000E+0
1.8842000E+1	6.1292137E+1	6.0390940E+1	0.0000000E+0	0.0000000E+0	1.0000000E+2	0.0000000E+0
1.8892000E+1	6.1312934E+1	6.0404055E+1	0.0000000E+0	0.0000000E+0	1.0000000E+2	0.0000000E+0
1.8942000E+1	6.1320076E+1	6.0419236E+1	0.0000000E+0	0.0000000E+0	1.0000000E+2	0.0000000E+0
1.8992000E+1	6.1320498E+1	6.0417361E+1	0.0000000E+0	0.0000000E+0	1.0000000E+2	0.0000000E+0
1.9042000E+1	6.1314828E+1	6.0424902E+1	0.0000000E+0	0.0000000E+0	1.0000000E+2	0.0000000E+0
1.9092000E+1	6.1329897E+1	6.0433495E+1	0.0000000E+0	0.0000000E+0	1.0000000E+2	0.0000000E+0
1.9142000E+1	6.1291339E+1	6.0450551E+1	0.0000000E+0	0.0000000E+0	1.0000000E+2	0.0000000E+0
1.9192000E+1	6.1262051E+1	6.0444551E+1	0.0000000E+0	0.0000000E+0	1.0000000E+2	0.0000000E+0
1.9242000E+1	6.1250347E+1	6.0443510E+1	0.0000000E+0	0.0000000E+0	1.0000000E+2	0.0000000E+0
1.9292000E+1	6.1269612E+1	6.0455661E+1	0.0000000E+0	0.0000000E+0	1.0000000E+2	0.0000000E+0
1.9342000E+1	6.1275758E+1	6.0455914E+1	0.0000000E+0	0.0000000E+0	1.0000000E+2	0.0000000E+0
1.9392000E+1	6.1263264E+1	6.0468464E+1	0.0000000E+0	0.0000000E+0	1.0000000E+2	0.0000000E+0
1.9443000E+1	6.1262405E+1	6.0475335E+1	0.0000000E+0	0.0000000E+0	1.0000000E+2	0.0000000E+0
1.9493000E+1	6.1266943E+1	6.0470672E+1	0.0000000E+0	0.0000000E+0	1.0000000E+2	0.0000000E+0
1.9544000E+1	6.1258767E+1	6.0482146E+1	0.0000000E+0	0.0000000E+0	1.0000000E+2	0.0000000E+0
1.9594000E+1	6.1243581E+1	6.0490160E+1	0.0000000E+0	0.0000000E+0	1.0000000E+2	0.0000000E+0
1.9644000E+1	6.1262711E+1	6.0503677E+1	0.0000000E+0	0.0000000E+0	1.0000000E+2	0.0000000E+0
1.9694000E+1	6.1278761E+1	6.0527294E+1	0.0000000E+0	0.0000000E+0	1.0000000E+2	0.0000000E+0
1.9744000E+1	6.1285268E+1	6.0521787E+1	0.0000000E+0	0.0000000E+0	1.0000000E+2	0.0000000E+0
1.9794000E+1	6.1280517E+1	6.0512178E+1	0.0000000E+0	0.0000000E+0	1.0000000E+2	0.0000000E+0
1.9845000E+1	6.1283285E+1	6.0534235E+1	0.0000000E+0	0.0000000E+0	1.0000000E+2	0.0000000E+0
1.9895000E+1	6.1286312E+1	6.0527841E+1	0.0000000E+0	0.0000000E+0	1.0000000E+2	0.0000000E+0
1.9946000E+1	6.1278087E+1	6.0544260E+1	0.0000000E+0	0.0000000E+0	1.0000000E+2	0.0000000E+0
1.9996000E+1	6.1258193E+1	6.0543493E+1	0.0000000E+0	0.0000000E+0	1.0000000E+2	0.0000000E+0
2.0046000E+1	6.1249898E+1	6.0539797E+1	0.0000000E+0	0.0000000E+0	1.0000000E+2	0.0000000E+0
2.0096000E+1	6.1251070E+1	6.0549395E+1	0.0000000E+0	0.0000000E+0	1.0000000E+2	0.0000000E+0
2.0146000E+1	6.1274285E+1	6.0539626E+1	0.0000000E+0	0.0000000E+0	1.0000000E+2	0.0000000E+0
2.0196000E+1	6.1312165E+1	6.0539291E+1	0.0000000E+0	0.0000000E+0	1.0000000E+2	0.0000000E+0
2.0246000E+1	6.1324238E+1	6.0525569E+1	0.0000000E+0	0.0000000E+0	1.0000000E+2	0.0000000E+0
2.0296000E+1	6.1359531E+1	6.0542072E+1	0.0000000E+0	0.0000000E+0	1.0000000E+2	0.0000000E+0
2.0346000E+1	6.1392151E+1	6.0543920E+1	0.0000000E+0	0.0000000E+0	1.0000000E+2	0.0000000E+0
2.0396000E+1	6.1432490E+1	6.0562729E+1	0.0000000E+0	0.0000000E+0	1.0000000E+2	0.0000000E+0
2.0446000E+1	6.1448587E+1	6.0561857E+1	0.0000000E+0	0.0000000E+0	1.0000000E+2	0.0000000E+0
2.0496000E+1	6.1472593E+1	6.0559460E+1	0.0000000E+0	0.0000000E+0	1.0000000E+2	0.0000000E+0
2.0546000E+1	6.1508072E+1	6.0574312E+1	0.0000000E+0	0.0000000E+0	1.0000000E+2	0.0000000E+0
2.0596000E+1	6.1511912E+1	6.0567681E+1	0.0000000E+0	0.0000000E+0	1.0000000E+2	0.0000000E+0
2.0646000E+1	6.1547444E+1	6.0576494E+1	0.0000000E+0	0.0000000E+0	1.0000000E+2	0.0000000E+0
2.0696000E+1	6.1570630E+1	6.0590812E+1	0.0000000E+0	0.0000000E+0	1.0000000E+2	0.0000000E+0
2.0746000E+1	6.1604285E+1	6.0594682E+1	0.0000000E+0	0.0000000E+0	1.0000000E+2	0.0000000E+0
2.0796000E+1	6.1626534E+1	6.0585759E+1	0.0000000E+0	0.0000000E+0	1.0000000E+2	0.0000000E+0
2.0846000E+1	6.1644940E+1	6.0593386E+1	0.0000000E+0	0.0000000E+0	1.0000000E+2	0.0000000E+0
2.0896000E+1	6.1653197E+1	6.0605153E+1	0.0000000E+0	0.0000000E+0	1.0000000E+2	0.0000000E+0
2.0946000E+1	6.1672861E+1	6.0593116E+1	0.0000000E+0	0.0000000E+0	1.0000000E+2	0.0000000E+0
2.0996000E+1	6.1701590E+1	6.0586234E+1	0.0000000E+0	0.0000000E+0	1.0000000E+2	0.0000000E+0
2.1046000E+1	6.1717906E+1	6.0588177E+1	0.0000000E+0	0.0000000E+0	1.0000000E+2	0.0000000E+0
2.1096000E+1	6.1715820E+1	6.0606884E+1	0.0000000E+0	0.0000000E+0	1.0000000E+2	0.0000000E+0
2.1146000E+1	6.1725891E+1	6.0595777E+1	0.0000000E+0	0.0000000E+0	1.0000000E+2	0.0000000E+0
2.1196000E+1	6.1765906E+1	6.0616983E+1	0.0000000E+0	0.0000000E+0	1.0000000E+2	0.0000000E+0
2.1246000E+1	6.1790130E+1	6.0610208E+1	0.0000000E+0	0.0000000E+0	1.0000000E+2	0.0000000E+0
2.1296000E+1	6.1798826E+1	6.0608360E+1	0.0000000E+0	0.0000000E+0	1.0000000E+2	0.0000000E+0
2.1347000E+1	6.1810504E+1	6.0611852E+1	0.0000000E+0	0.0000000E+0	1.0000000E+2	0.0000000E+0
2.1397000E+1	6.1815578E+1	6.0628625E+1	0.0000000E+0	0.0000000E+0	1.0000000E+2	0.0000000E+0
2.1447000E+1	6.1820829E+1	6.0617269E+1	0.0000000E+0	0.0000000E+0	1.0000000E+2	0.0000000E+0
2.1498000E+1	6.1813905E+1	6.0622433E+1	0.0000000E+0	0.0000000E+0	1.0000000E+2	0.0000000E+0
2.1550000E+1	6.1827362E+1	6.0613286E+1	0.0000000E+0	0.0000000E+0	1.0000000E+2	0.0000000E+0
2.1600000E+1	6.1809168E+1	6.0611490E+1	0.0000000E+0	0.0000000E+0	1.0000000E+2	0.0000000E+0
2.1650000E+1	6.1811155E+1	6.0630311E+1	0.0000000E+0	0.0000000E+0	1.0000000E+2	0.0000000E+0
2.1700000E+1	6.1806665E+1	6.0624002E+1	0.0000000E+0	0.0000000E+0	1.0000000E+2	0.0000000E+0
2.1750000E+1	6.1805426E+1	6.0639665E+1	0.0000000E+0	0.0000000E+0	1.0000000E+2	0.0000000E+0
2.1800000E+1	6.1810835E+1	6.0643821E+1	0.0000000E+0	0.0000000E+0	1.0000000E+2	0.0000000E+0
2.1850000E+1	6.1823162E+1	6.0668848E+1	0.0000000E+0	0.0000000E+0	1.0000000E+2	0.0000000E+0
2.1901000E+1	6.1804291E+1	6.0668290E+1	0.0000000E+0	0.0000000E+0	1.0000000E+2	0.0000000E+0
2.1951000E+1	6.1804022E+1	6.0670597E+1	0.0000000E+0	0.0000000E+0	1.0000000E+2	0.0000000E+0
2.2001000E+1	6.1786417E+1	6.0650834E+1	0.0000000E+0	0.0000000E+0	1.0000000E+2	0.0000000E+0
2.2052000E+1	6.1775222E+1	6.0664989E+1	0.0000000E+0	0.0000000E+0	1.0000000E+2	0.0000000E+0
2.2102000E+1	6.1782323E+1	6.0673247E+1	0.0000000E+0	0.0000000E+0	1.0000000E+2	0.0000000E+0
2.2152000E+1	6.1783218E+1	6.0674995E+1	0.0000000E+0	0.0000000E+0	1.0000000E+2	0.0000000E+0
2.2204000E+1	6.1790331E+1	6.0669030E+1	0.0000000E+0	0.0000000E+0	1.0000000E+2	0.0000000E+0
2.2254000E+1	6.1776273E+1	6.0658557E+1	0.0000000E+0	0.0000000E+0	1.0000000E+2	0.0000000E+0
2.2304000E+1	6.1774719E+1	6.0668594E+1	0.0000000E+0	0.0000000E+0	1.0000000E+2	0.0000000E+0
2.2354000E+1	6.1758864E+1	6.0676227E+1	0.0000000E+0	0.0000000E+0	1.0000000E+2	0.0000000E+0
2.2404000E+1	6.1743083E+1	6.0670166E+1	0.0000000E+0	0.0000000E+0	1.0000000E+2	0.0000000E+0
2.2454000E+1	6.1734898E+1	6.0673409E+1	0.0000000E+0	0.0000000E+0	1.0000000E+2	0.0000000E+0
2.2505000E+1	6.1753568E+1	6.0673839E+1	0.0000000E+0	0.0000000E+0	1.0000000E+2	0.0000000E+0
2.2556000E+1	6.1729202E+1	6.0668138E+1	0.0000000E+0	0.0000000E+0	1.0000000E+2	0.0000000E+0
2.2607000E+1	6.1726990E+1	6.0663110E+1	0.0000000E+0	0.0000000E+0	1.0000000E+2	0.0000000E+0
2.2658000E+1	6.1749160E+1	6.0672064E+1	0.0000000E+0	0.0000000E+0	1.0000000E+2	0.0000000E+0
2.2708000E+1	6.1762417E+1	6.0674654E+1	0.0000000E+0	0.0000000E+0	1.0000000E+2	0.0000000E+0
2.2758000E+1	6.1747151E+1	6.0667392E+1	0.0000000E+0	0.0000000E+0	1.0000000E+2	0.0000000E+0
2.2808000E+1	6.1716484E+1	6.0666104E+1	0.0000000E+0	0.0000000E+0	1.0000000E+2	0.0000000E+0
2.2858000E+1	6.1692141E+1	6.0661430E+1	0.0000000E+0	0.0000000E+0	1.0000000E+2	0.0000000E+0
2.2908000E+1	6.1698474E+1	6.0651717E+1	0.0000000E+0	0.0000000E+0	1.0000000E+2	0.0000000E+0
2.2959000E+1	6.1703089E+1	6.0668719E+1	0.0000000E+0	0.0000000E+0	1.0000000E+2	0.0000000E+0
2.3009000E+1	6.1715959E+1	6.0664497E+1	0.0000000E+0	0.0000000E+0	1.0000000E+2	0.0000000E+0
2.3059000E+1	6.1721276E+1	6.0665310E+1	0.0000000E+0	0.0000000E+0	1.0000000E+2	0.0000000E+0
2.3109000E+1	6.1727836E+1	6.0664689E+1	0.0000000E+0	0.0000000E+0	1.0000000E+2	0.0000000E+0
2.3159000E+1	6.1730634E+1	6.0676624E+1	0.0000000E+0	0.0000000E+0	1.0000000E+2	0.0000000E+0
2.3209000E+1	6.1721675E+1	6.0660978E+1	0.0000000E+0	0.0000000E+0	1.0000000E+2	0.0000000E+0
2.3259000E+1	6.1716778E+1	6.0683083E+1	0.0000000E+0	0.0000000E+0	1.0000000E+2	0.0000000E+0
2.3310000E+1	6.1691293E+1	6.0674832E+1	0.0000000E+0	0.0000000E+0	1.0000000E+2	0.0000000E+0
2.3360000E+1	6.1670275E+1	6.0656072E+1	0.0000000E+0	0.0000000E+0	1.0000000E+2	0.0000000E+0
2.3411000E+1	6.1639990E+1	6.0649830E+1	0.0000000E+0	0.0000000E+0	1.0000000E+2	0.0000000E+0
2.3461000E+1	6.1621182E+1	6.0653025E+1	0.0000000E+0	0.0000000E+0	1.0000000E+2	0.0000000E+0
2.3512000E+1	6.1614000E+1	6.0676547E+1	0.0000000E+0	0.0000000E+0	1.0000000E+2	0.0000000E+0
2.3562000E+1	6.1574953E+1	6.0662622E+1	0.0000000E+0	0.0000000E+0	1.0000000E+2	0.0000000E+0
2.3613000E+1	6.1575646E+1	6.0678317E+1	0.0000000E+0	0.0000000E+0	1.0000000E+2	0.0000000E+0
2.3664000E+1	6.1561041E+1	6.0677260E+1	0.0000000E+0	0.0000000E+0	1.0000000E+2	0.0000000E+0
2.3714000E+1	6.1557065E+1	6.0673366E+1	0.0000000E+0	0.0000000E+0	1.0000000E+2	0.0000000E+0
2.3765000E+1	6.1544653E+1	6.0661996E+1	0.0000000E+0	0.0000000E+0	1.0000000E+2	0.0000000E+0
2.3816000E+1	6.1543603E+1	6.0678043E+1	0.0000000E+0	0.0000000E+0	1.0000000E+2	0.0000000E+0
2.3866000E+1	6.1524734E+1	6.0669526E+1	0.0000000E+0	0.0000000E+0	1.0000000E+2	0.0000000E+0
2.3916000E+1	6.1513576E+1	6.0663616E+1	0.0000000E+0	0.0000000E+0	1.0000000E+2	0.0000000E+0
2.3967000E+1	6.1478203E+1	6.0665463E+1	0.0000000E+0	0.0000000E+0	1.0000000E+2	0.0000000E+0
2.4017000E+1	6.1432079E+1	6.0660542E+1	0.0000000E+0	0.0000000E+0	1.0000000E+2	0.0000000E+0
2.4067000E+1	6.1390504E+1	6.0647212E+1	0.0000000E+0	0.0000000E+0	1.0000000E+2	0.0000000E+0
2.4117000E+1	6.1403257E+1	6.0667000E+1	0.0000000E+0	0.0000000E+0	1.0000000E+2	0.0000000E+0
2.4167000E+1	6.1395712E+1	6.0667093E+1	0.0000000E+0	0.0000000E+0	1.0000000E+2	0.0000000E+0
2.4217000E+1	6.1375314E+1	6.0663983E+1	0.0000000E+0	0.0000000E+0	1.0000000E+2	0.0000000E+0
2.4268000E+1	6.1357399E+1	6.0665274E+1	0.0000000E+0	0.0000000E+0	1.0000000E+2	0.0000000E+0
2.4318000E+1	6.1360960E+1	6.0675557E+1	0.0000000E+0	0.0000000E+0	1.0000000E+2	0.0000000E+0
2.4369000E+1	6.1363988E+1	6.0668179E+1	0.0000000E+0	0.0000000E+0	1.0000000E+2	0.0000000E+0
2.4419000E+1	6.1357593E+1	6.0666178E+1	0.0000000E+0	0.0000000E+0	1.0000000E+2	0.0000000E+0
2.4469000E+1	6.1348195E+1	6.0681138E+1	0.0000000E+0	0.0000000E+0	1.0000000E+2	0.0000000E+0
2.4519000E+1	6.1341613E+1	6.0681203E+1	0.0000000E+0	0.0000000E+0	1.0000000E+2	0.0000000E+0
2.4569000E+1	6.1343213E+1	6.0685004E+1	0.0000000E+0	0.0000000E+0	1.0000000E+2	0.0000000E+0
2.4620000E+1	6.1336222E+1	6.0689272E+1	0.0000000E+0	0.0000000E+0	1.0000000E+2	0.0000000E+0
2.4670000E+1	6.1302755E+1	6.0681197E+1	0.0000000E+0	0.0000000E+0	1.0000000E+2	0.0000000E+0
2.4720000E+1	6.1286349E+1	6.0688493E+1	0.0000000E+0	0.0000000E+0	1.0000000E+2	0.0000000E+0
2.4770000E+1	6.1272456E+1	6.0689721E+1	0.0000000E+0	0.0000000E+0	1.0000000E+2	0.0000000E+0
2.4820000E+1	6.1246878E+1	6.0682143E+1	0.0000000E+0	0.0000000E+0	1.0000000E+2	0.0000000E+0
2.4870000E+1	6.1239877E+1	6.0684841E+1	0.0000000E+0	0.0000000E+0	1.0000000E+2	0.0000000E+0
2.4921000E+1	6.1239415E+1	6.0690007E+1	0.0000000E+0	0.0000000E+0	1.0000000E+2	0.0000000E+0
2.4971000E+1	6.1234245E+1	6.0697915E+1	0.0000000E+0	0.0000000E+0	1.0000000E+2	0.0000000E+0
2.5021000E+1	6.1192994E+1	6.0698979E+1	0.0000000E+0	0.0000000E+0	1.0000000E+2	0.0000000E+0
2.5072000E+1	6.1161613E+1	6.0672102E+1	0.0000000E+0	0.0000000E+0	1.0000000E+2	0.0000000E+0
2.5123000E+1	6.1150906E+1	6.0692860E+1	0.0000000E+0	0.0000000E+0	1.0000000E+2	0.0000000E+0
2.5173000E+1	6.1123796E+1	6.0684325E+1	0.0000000E+0	0.0000000E+0	1.0000000E+2	0.0000000E+0
2.5223000E+1	6.1124118E+1	6.0692223E+1	0.0000000E+0	0.0000000E+0	1.0000000E+2	0.0000000E+0
2.5273000E+1	6.1124386E+1	6.0700681E+1	0.0000000E+0	0.0000000E+0	1.0000000E+2	0.0000000E+0
2.5323000E+1	6.1089642E+1	6.0702827E+1	0.0000000E+0	0.0000000E+0	1.0000000E+2	0.0000000E+0
2.5373000E+1	6.1035532E+1	6.0696998E+1	0.0000000E+0	0.0000000E+0	1.0000000E+2	0.0000000E+0
2.5423000E+1	6.1012537E+1	6.0685588E+1	0.0000000E+0	0.0000000E+0	1.0000000E+2	0.0000000E+0
2.5473000E+1	6.1009970E+1	6.0695827E+1	0.0000000E+0	0.0000000E+0	1.0000000E+2	0.0000000E+0
2.5523000E+1	6.1004125E+1	6.0680848E+1	0.0000000E+0	0.0000000E+0	1.0000000E+2	0.0000000E+0
2.5573000E+1	6.0990632E+1	6.0689317E+1	0.0000000E+0	0.0000000E+0	1.0000000E+2	0.0000000E+0
2.5623000E+1	6.0984674E+1	6.0684012E+1	0.0000000E+0	0.0000000E+0	1.0000000E+2	0.0000000E+0
2.5673000E+1	6.0974712E+1	6.0693532E+1	0.0000000E+0	0.0000000E+0	1.0000000E+2	0.0000000E+0
2.5723000E+1	6.0966974E+1	6.0681566E+1	0.0000000E+0	0.0000000E+0	1.0000000E+2	0.0000000E+0
2.5773000E+1	6.0939400E+1	6.0672765E+1	0.0000000E+0	0.0000000E+0	1.0000000E+2	0.0000000E+0
2.5823000E+1	6.0937636E+1	6.0685867E+1	0.0000000E+0	0.0000000E+0	1.0000000E+2	0.0000000E+0
2.5873000E+1	6.0929538E+1	6.0673751E+1	0.0000000E+0	0.0000000E+0	1.0000000E+2	0.0000000E+0
2.5923000E+1	6.0927953E+1	6.0670584E+1	0.0000000E+0	0.0000000E+0	1.0000000E+2	0.0000000E+0
2.5973000E+1	6.0899521E+1	6.0657799E+1	0.0000000E+0	0.0000000E+0	1.0000000E+2	0.0000000E+0
2.6023000E+1	6.0884512E+1	6.0636605E+1	0.0000000E+0	0.0000000E+0	1.0000000E+2	0.0000000E+0
2.6073000E+1	6.0870386E+1	6.0616880E+1	0.0000000E+0	0.0000000E+0	1.0000000E+2	0.0000000E+0
2.6123000E+1	6.0885434E+1	6.0614374E+1	0.0000000E+0	0.0000000E+0	1.0000000E+2	0.0000000E+0
2.6173000E+1	6.0892537E+1	6.0619647E+1	0.0000000E+0	0.0000000E+0	1.0000000E+2	0.0000000E+0
2.6223000E+1	6.0893701E+1	6.0588669E+1	0.0000000E+0	0.0000000E+0	1.0000000E+2	0.0000000E+0
2.6273000E+1	6.0908980E+1	6.0597039E+1	0.0000000E+0	0.0000000E+0	1.0000000E+2	0.0000000E+0
2.6323000E+1	6.0925189E+1	6.0579614E+1	0.0000000E+0	0.0000000E+0	1.0000000E+2	0.0000000E+0
2.6374000E+1	6.0941942E+1	6.0566490E+1	0.0000000E+0	0.0000000E+0	1.0000000E+2	0.0000000E+0
2.6425000E+1	6.0945119E+1	6.0552732E+1	0.0000000E+0	0.0000000E+0	1.0000000E+2	0.0000000E+0
2.6475000E+1	6.0946251E+1	6.0540579E+1	0.0000000E+0	0.0000000E+0	1.0000000E+2	0.0000000E+0
2.6525000E+1	6.0953354E+1	6.0532222E+1	0.0000000E+0	0.0000000E+0	1.0000000E+2	0.0000000E+0
2.6575000E+1	6.0965645E+1	6.0512845E+1	0.0000000E+0	0.0000000E+0	1.0000000E+2	0.0000000E+0
2.6625000E+1	6.0998428E+1	6.0513473E+1	0.0000000E+0	0.0000000E+0	1.0000000E+2	0.0000000E+0
2.6675000E+1	6.1016504E+1	6.0494839E+1	0.0000000E+0	0.0000000E+0	1.0000000E+2	0.0000000E+0
2.6725000E+1	6.1008333E+1	6.0491172E+1	0.0000000E+0	0.0000000E+0	1.0000000E+2	0.0000000E+0
2.6775000E+1	6.1008925E+1	6.0472953E+1	0.0000000E+0	0.0000000E+0	1.0000000E+2	0.0000000E+0
2.6825000E+1	6.1013901E+1	6.0465860E+1	0.0000000E+0	0.0000000E+0	1.0000000E+2	0.0000000E+0
2.6876000E+1	6.1059621E+1	6.0465678E+1	0.0000000E+0	0.0000000E+0	1.0000000E+2	0.0000000E+0
2.6926000E+1	6.1064817E+1	6.0452389E+1	0.0000000E+0	0.0000000E+0	1.0000000E+2	0.0000000E+0
2.6976000E+1	6.1095183E+1	6.0453290E+1	0.0000000E+0	0.0000000E+0	1.0000000E+2	0.0000000E+0
2.7026000E+1	6.1125643E+1	6.0455206E+1	0.0000000E+0	0.0000000E+0	1.0000000E+2	0.0000000E+0
2.7076000E+1	6.1128737E+1	6.0431445E+1	0.0000000E+0	0.0000000E+0	1.0000000E+2	0.0000000E+0
2.7126000E+1	6.1128266E+1	6.0410131E+1	0.0000000E+0	0.0000000E+0	1.0000000E+2	0.0000000E+0
2.7176000E+1	6.1131343E+1	6.0404406E+1	0.0000000E+0	0.0000000E+0	1.0000000E+2	0.0000000E+0
2.7226000E+1	6.1139048E+1	6.0381153E+1	0.0000000E+0	0.0000000E+0	1.0000000E+2	0.0000000E+0
2.7276000E+1	6.1176877E+1	6.0393891E+1	0.0000000E+0	0.0000000E+0	1.0000000E+2	0.0000000E+0
2.7326000E+1	6.1197673E+1	6.0384668E+1	0.0000000E+0	0.0000000E+0	1.0000000E+2	0.0000000E+0
2.7376000E+1	6.1202275E+1	6.0377276E+1	0.0000000E+0	0.0000000E+0	1.0000000E+2	0.0000000E+0
2.7426000E+1	6.1217594E+1	6.0359834E+1	0.0000000E+0	0.0000000E+0	1.0000000E+2	0.0000000E+0
2.7476000E+1	6.1251638E+1	6.0367867E+1	0.0000000E+0	0.0000000E+0	1.0000000E+2	0.0000000E+0
2.7526000E+1	6.1252757E+1	6.0348226E+1	0.0000000E+0	0.0000000E+0	1.0000000E+2	0.0000000E+0
2.7576000E+1	6.1257007E+1	6.0346528E+1	0.0000000E+0	0.0000000E+0	1.0000000E+2	0.0000000E+0
2.7626000E+1	6.1268550E+1	6.0325919E+1	0.0000000E+0	0.0000000E+0	1.0000000E+2	0.0000000E+0
2.7677000E+1	6.1253598E+1	6.0316612E+1	0.0000000E+0	0.0000000E+0	1.0000000E+2	0.0000000E+0
2.7727000E+1	6.1275621E+1	6.0319772E+1	0.0000000E+0	0.0000000E+0	1.0000000E+2	0.0000000E+0
2.7777000E+1	6.1302148E+1	6.0325337E+1	0.0000000E+0	0.0000000E+0	1.0000000E+2	0.0000000E+0
2.7827000E+1	6.1323025E+1	6.0314551E+1	0.0000000E+0	0.0000000E+0	1.0000000E+2	0.0000000E+0
2.7877000E+1	6.1337717E+1	6.0304677E+1	0.0000000E+0	0.0000000E+0	1.0000000E+2	0.0000000E+0
2.7927000E+1	6.1344758E+1	6.0297015E+1	0.0000000E+0	0.0000000E+0	1.0000000E+2	0.0000000E+0
2.7977000E+1	6.1309898E+1	6.0284224E+1	0.0000000E+0	0.0000000E+0	1.0000000E+2	0.0000000E+0
2.8027000E+1	6.1313358E+1	6.0288273E+1	0.0000000E+0	0.0000000E+0	1.0000000E+2	0.0000000E+0
2.8077000E+1	6.1294786E+1	6.0261683E+1	0.0000000E+0	0.0000000E+0	1.0000000E+2	0.0000000E+0
2.8128000E+1	6.1302360E+1	6.0257557E+1	0.0000000E+0	0.0000000E+0	1.0000000E+2	0.0000000E+0
2.8178000E+1	6.1308973E+1	6.0248820E+1	0.0000000E+0	0.0000000E+0	1.0000000E+2	0.0000000E+0
2.8228000E+1	6.1304883E+1	6.0243268E+1	0.0000000E+0	0.0000000E+0	1.0000000E+2	0.0000000E+0
2.8279000E+1	6.1320457E+1	6.0228171E+1	0.0000000E+0	0.0000000E+0	1.0000000E+2	0.0000000E+0
2.8330000E+1	6.1348809E+1	6.0218863E+1	0.0000000E+0	0.0000000E+0	1.0000000E+2	0.0000000E+0
2.8380000E+1	6.1352374E+1	6.0216692E+1	0.0000000E+0	0.0000000E+0	1.0000000E+2	0.0000000E+0
2.8431000E+1	6.1390129E+1	6.0225533E+1	0.0000000E+0	0.0000000E+0	1.0000000E+2	0.0000000E+0
2.8482000E+1	6.1387069E+1	6.0202598E+1	0.0000000E+0	0.0000000E+0	1.0000000E+2	0.0000000E+0
2.8532000E+1	6.1391853E+1	6.0194564E+1	0.0000000E+0	0.0000000E+0	1.0000000E+2	0.0000000E+0
2.8582000E+1	6.1418473E+1	6.0192186E+1	0.0000000E+0	0.0000000E+0	1.0000000E+2	0.0000000E+0
2.8632000E+1	6.1425461E+1	6.0181096E+1	0.0000000E+0	0.0000000E+0	1.0000000E+2	0.0000000E+0
2.8682000E+1	6.1456107E+1	6.0187749E+1	0.0000000E+0	0.0000000E+0	1.0000000E+2	0.0000000E+0
2.8733000E+1	6.1440815E+1	6.0168304E+1	0.0000000E+0	0.0000000E+0	1.0000000E+2	0.0000000E+0
2.8784000E+1	6.1430689E+1	6.0161416E+1	0.0000000E+0	0.0000000E+0	1.0000000E+2	0.0000000E+0
2.8834000E+1	6.1420931E+1	6.0155882E+1	0.0000000E+0	0.0000000E+0	1.0000000E+2	0.0000000E+0
2.8884000E+1	6.1417644E+1	6.0170123E+1	0.0000000E+0	0.0000000E+0	1.0000000E+2	0.0000000E+0
2.8934000E+1	6.1424958E+1	6.0143047E+1	0.0000000E+0	0.0000000E+0	1.0000000E+2	0.0000000E+0
2.8984000E+1	6.1424675E+1	6.0120498E+1	0.0000000E+0	0.0000000E+0	1.0000000E+2	0.0000000E+0
2.9034000E+1	6.1419593E+1	6.0122214E+1	0.0000000E+0	0.0000000E+0	1.0000000E+2	0.0000000E+0
2.9084000E+1	6.1443083E+1	6.0124903E+1	0.0000000E+0	0.0000000E+0	1.0000000E+2	0.0000000E+0
2.9134000E+1	6.1437040E+1	6.0120373E+1	0.0000000E+0	0.0000000E+0	1.0000000E+2	0.0000000E+0
2.9184000E+1	6.1438668E+1	6.0107258E+1	0.0000000E+0	0.0000000E+0	1.0000000E+2	0.0000000E+0
2.9234000E+1	6.1419570E+1	6.0092853E+1	0.0000000E+0	0.0000000E+0	1.0000000E+2	0.0000000E+0
2.9285000E+1	6.1412844E+1	6.0090593E+1	0.0000000E+0	0.0000000E+0	1.0000000E+2	0.0000000E+0
2.9336000E+1	6.1435855E+1	6.0096975E+1	0.0000000E+0	0.0000000E+0	1.0000000E+2	0.0000000E+0
2.9386000E+1	6.1433618E+1	6.0091049E+1	0.0000000E+0	0.0000000E+0	1.0000000E+2	0.0000000E+0
2.9436000E+1	6.1425952E+1	6.0094784E+1	0.0000000E+0	0.0000000E+0	1.0000000E+2	0.0000000E+0
2.9486000E+1	6.1390389E+1	6.0079953E+1	0.0000000E+0	0.0000000E+0	1.0000000E+2	0.0000000E+0
2.9537000E+1	6.1406422E+1	6.0090970E+1	0.0000000E+0	0.0000000E+0	1.0000000E+2	0.0000000E+0
2.9587000E+1	6.1373782E+1	6.0074849E+1	0.0000000E+0	0.0000000E+0	1.0000000E+2	0.0000000E+0
2.9637000E+1	6.1338008E+1	6.0077174E+1	0.0000000E+0	0.0000000E+0	1.0000000E+2	0.0000000E+0
2.9687000E+1	6.1324608E+1	6.0058467E+1	0.0000000E+0	0.0000000E+0	1.0000000E+2	0.0000000E+0
2.9737000E+1	6.1326081E+1	6.0066151E+1	0.0000000E+0	0.0000000E+0	1.0000000E+2	0.0000000E+0
2.9788000E+1	6.1297126E+1	6.0063415E+1	0.0000000E+0	0.0000000E+0	1.0000000E+2	0.0000000E+0
2.9839000E+1	6.1287690E+1	6.0045450E+1	0.0000000E+0	0.0000000E+0	1.0000000E+2	0.0000000E+0
2.9889000E+1	6.1274949E+1	6.0054156E+1	0.0000000E+0	0.0000000E+0	1.0000000E+2	0.0000000E+0
2.9939000E+1	6.1257371E+1	6.0055422E+1	0.0000000E+0	0.0000000E+0	1.0000000E+2	0.0000000E+0
2.9990000E+1	6.1228995E+1	6.0050563E+1	0.0000000E+0	0.0000000E+0	1.0000000E+2	0.0000000E+0
3.0040000E+1	6.1225230E+1	6.0044402E+1	0.0000000E+0	0.0000000E+0	1.0000000E+2	0.0000000E+0
3.0091000E+1	6.1210372E+1	6.0031008E+1	0.0000000E+0	0.0000000E+0	1.0000000E+2	0.0000000E+0
3.0141000E+1	6.1206804E+1	6.0037576E+1	0.0000000E+0	0.0000000E+0	1.0000000E+2	0.0000000E+0
3.0191000E+1	6.1189102E+1	6.0027767E+1	0.0000000E+0	0.0000000E+0	1.0000000E+2	0.0000000E+0
3.0241000E+1	6.1180920E+1	6.0037965E+1	0.0000000E+0	0.0000000E+0	1.0000000E+2	0.0000000E+0
3.0291000E+1	6.1152417E+1	6.0030253E+1	0.0000000E+0	0.0000000E+0	1.0000000E+2	0.0000000E+0
3.0341000E+1	6.1151943E+1	6.0039559E+1	0.0000000E+0	0.0000000E+0	1.0000000E+2	0.0000000E+0
3.0392000E+1	6.1111553E+1	6.0023549E+1	0.0000000E+0	0.0000000E+0	1.0000000E+2	0.0000000E+0
3.0442000E+1	6.1111178E+1	6.0007271E+1	0.0000000E+0	0.0000000E+0	1.0000000E+2	0.0000000E+0
3.0492000E+1	6.1104462E+1	6.0021780E+1	0.0000000E+0	0.0000000E+0	1.0000000E+2	0.0000000E+0
3.0542000E+1	6.1093148E+1	6.0015656E+1	0.0000000E+0	0.0000000E+0	1.0000000E+2	0.0000000E+0
3.0592000E+1	6.1076680E+1	6.0020433E+1	0.0000000E+0	0.0000000E+0	1.0000000E+2	0.0000000E+0
3.0643000E+1	6.1006246E+1	6.0001941E+1	0.0000000E+0	0.0000000E+0	1.0000000E+2	0.0000000E+0
3.0694000E+1	6.0999320E+1	6.0001185E+1	0.0000000E+0	0.0000000E+0	1.0000000E+2	0.0000000E+0
3.0744000E+1	6.0988119E+1	5.9993433E+1	0.0000000E+0	0.0000000E+0	1.0000000E+2	0.0000000E+0
3.0795000E+1	6.0968366E+1	5.9975798E+1	0.0000000E+0	0.0000000E+0	1.0000000E+2	0.0000000E+0
3.0845000E+1	6.0970636E+1	5.9983805E+1	0.0000000E+0	0.0000000E+0	1.0000000E+2	0.0000000E+0
3.0895000E+1	6.0980295E+1	5.9983276E+1	0.0000000E+0	0.0000000E+0	1.0000000E+2	0.0000000E+0
3.0945000E+1	6.0968835E+1	5.9987868E+1	0.0000000E+0	0.0000000E+0	1.0000000E+2	0.0000000E+0
3.0995000E+1	6.0970420E+1	5.9986598E+1	0.0000000E+0	0.0000000E+0	1.0000000E+2	0.0000000E+0
3.1045000E+1	6.0965648E+1	5.9972636E+1	0.0000000E+0	0.0000000E+0	1.0000000E+2	0.0000000E+0
3.1095000E+1	6.0970729E+1	5.9963439E+1	0.0000000E+0	0.0000000E+0	1.0000000E+2	0.0000000E+0
3.1146000E+1	6.0946500E+1	5.9969666E+1	0.0000000E+0	0.0000000E+0	1.0000000E+2	0.0000000E+0
3.1197000E+1	6.0972649E+1	5.9971091E+1	0.0000000E+0	0.0000000E+0	1.0000000E+2	0.0000000E+0
3.1247000E+1	6.0956148E+1	5.9972611E+1	0.0000000E+0	0.0000000E+0	1.0000000E+2	0.0000000E+0
3.1297000E+1	6.0960981E+1	5.9974624E+1	0.0000000E+0	0.0000000E+0	1.0000000E+2	0.0000000E+0
3.1347000E+1	6.0943437E+1	5.9969961E+1	0.0000000E+0	0.0000000E+0	1.0000000E+2	0.0000000E+0
3.1397000E+1	6.0939041E+1	5.9966721E+1	0.0000000E+0	0.0000000E+0	1.0000000E+2	0.0000000E+0
3.1447000E+1	6.0951359E+1	5.9964185E+1	0.0000000E+0	0.0000000E+0	1.0000000E+2	0.0000000E+0
3.1497000E+1	6.0965368E+1	5.9962729E+1	0.0000000E+0	0.0000000E+0	1.0000000E+2	0.0000000E+0
3.1547000E+1	6.0983077E+1	5.9973140E+1	0.0000000E+0	0.0000000E+0	1.0000000E+2	0.0000000E+0
3.1597000E+1	6.0978969E+1	5.9968268E+1	0.0000000E+0	0.0000000E+0	1.0000000E+2	0.0000000E+0
3.1647000E+1	6.0954057E+1	5.9958449E+1	0.0000000E+0	0.0000000E+0	1.0000000E+2	0.0000000E+0
3.1697000E+1	6.0923211E+1	5.9936830E+1	0.0000000E+0	0.0000000E+0	1.0000000E+2	0.0000000E+0
3.1747000E+1	6.0959952E+1	5.9950263E+1	0.0000000E+0	0.0000000E+0	1.0000000E+2	0.0000000E+0
3.1797000E+1	6.0974377E+1	5.9952994E+1	0.0000000E+0	0.0000000E+0	1.0000000E+2	0.0000000E+0
3.1847000E+1	6.0962642E+1	5.9938943E+1	0.0000000E+0	0.0000000E+0	1.0000000E+2	0.0000000E+0
3.1897000E+1	6.0961414E+1	5.9932935E+1	0.0000000E+0	0.0000000E+0	1.0000000E+2	0.0000000E+0
3.1947000E+1	6.0966824E+1	5.9938881E+1	0.0000000E+0	0.0000000E+0	1.0000000E+2	0.0000000E+0
3.1997000E+1	6.0957249E+1	5.9935821E+1	0.0000000E+0	0.0000000E+0	1.0000000E+2	0.0000000E+0
3.2047000E+1	6.0948271E+1	5.9940350E+1	0.0000000E+0	0.0000000E+0	1.0000000E+2	0.0000000E+0
3.2099000E+1	6.0961704E+1	5.9945092E+1	0.0000000E+0	0.0000000E+0	1.0000000E+2	0.0000000E+0
3.2149000E+1	6.0968745E+1	5.9939080E+1	0.0000000E+0	0.0000000E+0	1.0000000E+2	0.0000000E+0
3.2199000E+1	6.0984305E+1	5.9938344E+1	0.0000000E+0	0.0000000E+0	1.0000000E+2	0.0000000E+0
3.2249000E+1	6.0998979E+1	5.9946244E+1	0.0000000E+0	0.0000000E+0	1.0000000E+2	0.0000000E+0
3.2299000E+1	6.0985105E+1	5.9919261E+1	0.0000000E+0	0.0000000E+0	1.0000000E+2	0.0000000E+0
3.2349000E+1	6.0972210E+1	5.9926381E+1	0.0000000E+0	0.0000000E+0	1.0000000E+2	0.0000000E+0
3.2399000E+1	6.0976614E+1	5.9939877E+1	0.0000000E+0	0.0000000E+0	1.0000000E+2	0.0000000E+0
3.2449000E+1	6.0986467E+1	5.9948164E+1	0.0000000E+0	0.0000000E+0	1.0000000E+2	0.0000000E+0
3.2499000E+1	6.0977660E+1	5.9933900E+1	0.0000000E+0	0.0000000E+0	1.0000000E+2	0.0000000E+0
3.2549000E+1	6.0971947E+1	5.9939480E+1	0.0000000E+0	0.0000000E+0	1.0000000E+2	0.0000000E+0
3.2599000E+1	6.0975923E+1	5.9935928E+1	0.0000000E+0	0.0000000E+0	1.0000000E+2	0.0000000E+0
3.2649000E+1	6.0964661E+1	5.9929789E+1	0.0000000E+0	0.0000000E+0	1.0000000E+2	0.0000000E+0
3.2699000E+1	6.0906686E+1	5.9914255E+1	0.0000000E+0	0.0000000E+0	1.0000000E+2	0.0000000E+0
3.2749000E+1	6.0885818E+1	5.9911351E+1	0.0000000E+0	0.0000000E+0	1.0000000E+2	0.0000000E+0
3.2799000E+1	6.0908110E+1	5.9917170E+1	0.0000000E+0	0.0000000E+0	1.0000000E+2	0.0000000E+0
3.2849000E+1	6.0922112E+1	5.9927417E+1	0.0000000E+0	0.0000000E+0	1.0000000E+2	0.0000000E+0
3.2899000E+1	6.0930472E+1	5.9927887E+1	0.0000000E+0	0.0000000E+0	1.0000000E+2	0.0000000E+0
3.2949000E+1	6.0930528E+1	5.9932872E+1	0.0000000E+0	0.0000000E+0	1.0000000E+2	0.0000000E+0
3.2999000E+1	6.0932392E+1	5.9933347E+1	0.0000000E+0	0.0000000E+0	1.0000000E+2	0.0000000E+0
3.3049000E+1	6.0936623E+1	5.9932242E+1	0.0000000E+0	0.0000000E+0	1.0000000E+2	0.0000000E+0
3.3099000E+1	6.0922235E+1	5.9942122E+1	0.0000000E+0	0.0000000E+0	1.0000000E+2	0.0000000E+0
3.3149000E+1	6.0910781E+1	5.9922250E+1	0.0000000E+0	0.0000000E+0	1.0000000E+2	0.0000000E+0
3.3199000E+1	6.0895199E+1	5.9903734E+1	0.0000000E+0	0.0000000E+0	1.0000000E+2	0.0000000E+0
3.3249000E+1	6.0886699E+1	5.9917038E+1	0.0000000E+0	0.0000000E+0	1.0000000E+2	0.0000000E+0
3.3299000E+1	6.0878135E+1	5.9898023E+1	0.0000000E+0	0.0000000E+0	1.0000000E+2	0.0000000E+0
3.3350000E+1	6.0895795E+1	5.9913596E+1	0.0000000E+0	0.0000000E+0	1.0000000E+2	0.0000000E+0
3.3400000E+1	6.0890004E+1	5.9909588E+1	0.0000000E+0	0.0000000E+0	1.0000000E+2	0.0000000E+0
3.3450000E+1	6.0903299E+1	5.9915072E+1	0.0000000E+0	0.0000000E+0	1.0000000E+2	0.0000000E+0
3.3500000E+1	6.0907025E+1	5.9917727E+1	0.0000000E+0	0.0000000E+0	1.0000000E+2	0.0000000E+0
3.3550000E+1	6.0889892E+1	5.9913460E+1	0.0000000E+0	0.0000000E+0	1.0000000E+2	0.0000000E+0
3.3600000E+1	6.0857775E+1	5.9908188E+1	0.0000000E+0	0.0000000E+0	1.0000000E+2	0.0000000E+0
3.3650000E+1	6.0838531E+1	5.9904237E+1	0.0000000E+0	0.0000000E+0	1.0000000E+2	0.0000000E+0
3.3700000E+1	6.0838607E+1	5.9899729E+1	0.0000000E+0	0.0000000E+0	1.0000000E+2	0.0000000E+0
3.3750000E+1	6.0845624E+1	5.9905424E+1	0.0000000E+0	0.0000000E+0	1.0000000E+2	0.0000000E+0
3.3801000E+1	6.0829083E+1	5.9891293E+1	0.0000000E+0	0.0000000E+0	1.0000000E+2	0.0000000E+0
3.3851000E+1	6.0825601E+1	5.9882724E+1	0.0000000E+0	0.0000000E+0	1.0000000E+2	0.0000000E+0
3.3901000E+1	6.0825123E+1	5.9885387E+1	0.0000000E+0	0.0000000E+0	1.0000000E+2	0.0000000E+0
3.3951000E+1	6.0835768E+1	5.9897457E+1	0.0000000E+0	0.0000000E+0	1.0000000E+2	0.0000000E+0
3.4001000E+1	6.0840942E+1	5.9902353E+1	0.0000000E+0	0.0000000E+0	1.0000000E+2	0.0000000E+0
3.4051000E+1	6.0814895E+1	5.9885824E+1	0.0000000E+0	0.0000000E+0	1.0000000E+2	0.0000000E+0
3.4101000E+1	6.0815912E+1	5.9878922E+1	0.0000000E+0	0.0000000E+0	1.0000000E+2	0.0000000E+0
3.4151000E+1	6.0832572E+1	5.9888580E+1	0.0000000E+0	0.0000000E+0	1.0000000E+2	0.0000000E+0
3.4202000E+1	6.0810159E+1	5.9887418E+1	0.0000000E+0	0.0000000E+0	1.0000000E+2	0.0000000E+0
3.4253000E+1	6.0824259E+1	5.9893602E+1	0.0000000E+0	0.0000000E+0	1.0000000E+2	0.0000000E+0
3.4303000E+1	6.0814571E+1	5.9894256E+1	0.0000000E+0	0.0000000E+0	1.0000000E+2	0.0000000E+0
3.4353000E+1	6.0813221E+1	5.9888055E+1	0.0000000E+0	0.0000000E+0	1.0000000E+2	0.0000000E+0
3.4404000E+1	6.0816712E+1	5.9870961E+1	0.0000000E+0	0.0000000E+0	1.0000000E+2	0.0000000E+0
3.4454000E+1	6.0818515E+1	5.9879932E+1	0.0000000E+0	0.0000000E+0	1.0000000E+2	0.0000000E+0
3.4504000E+1	6.0816288E+1	5.9882476E+1	0.0000000E+0	0.0000000E+0	1.0000000E+2	0.0000000E+0
3.4554000E+1	6.0816280E+1	5.9896129E+1	0.0000000E+0	0.0000000E+0	1.0000000E+2	0.0000000E+0
3.4604000E+1	6.0804623E+1	5.9872569E+1	0.0000000E+0	0.0000000E+0	1.0000000E+2	0.0000000E+0
3.4654000E+1	6.0817805E+1	5.9870261E+1	0.0000000E+0	0.0000000E+0	1.0000000E+2	0.0000000E+0
3.4704000E+1	6.0833666E+1	5.9884395E+1	0.0000000E+0	0.0000000E+0	1.0000000E+2	0.0000000E+0
3.4755000E+1	6.0809118E+1	5.9882394E+1	0.0000000E+0	0.0000000E+0	1.0000000E+2	0.0000000E+0
3.4806000E+1	6.0789405E+1	5.9877988E+1	0.0000000E+0	0.0000000E+0	1.0000000E+2	0.0000000E+0
3.4856000E+1	6.0788848E+1	5.9881258E+1	0.0000000E+0	0.0000000E+0	1.0000000E+2	0.0000000E+0
3.4906000E+1	6.0786373E+1	5.9870124E+1	0.0000000E+0	0.0000000E+0	1.0000000E+2	0.0000000E+0
3.4956000E+1	6.0789086E+1	5.9883441E+1	0.0000000E+0	0.0000000E+0	1.0000000E+2	0.0000000E+0
3.5006000E+1	6.0805248E+1	5.9866520E+1	0.0000000E+0	0.0000000E+0	1.0000000E+2	0.0000000E+0
3.5056000E+1	6.0802063E+1	5.9862153E+1	0.0000000E+0	0.0000000E+0	1.0000000E+2	0.0000000E+0
3.5107000E+1	6.0824054E+1	5.9874438E+1	0.0000000E+0	0.0000000E+0	1.0000000E+2	0.0000000E+0
3.5157000E+1	6.0832055E+1	5.9877228E+1	0.0000000E+0	0.0000000E+0	1.0000000E+2	0.0000000E+0
3.5207000E+1	6.0847909E+1	5.9883071E+1	0.0000000E+0	0.0000000E+0	1.0000000E+2	0.0000000E+0
3.5257000E+1	6.0870845E+1	5.9876000E+1	0.0000000E+0	0.0000000E+0	1.0000000E+2	0.0000000E+0
3.5307000E+1	6.0883273E+1	5.9887629E+1	0.0000000E+0	0.0000000E+0	1.0000000E+2	0.0000000E+0
3.5357000E+1	6.0879434E+1	5.9873715E+1	0.0000000E+0	0.0000000E+0	1.0000000E+2	0.0000000E+0
3.5407000E+1	6.0871203E+1	5.9882995E+1	0.0000000E+0	0.0000000E+0	1.0000000E+2	0.0000000E+0
3.5457000E+1	6.0870341E+1	5.9885569E+1	0.0000000E+0	0.0000000E+0	1.0000000E+2	0.0000000E+0
3.5508000E+1	6.0875891E+1	5.9878497E+1	0.0000000E+0	0.0000000E+0	1.0000000E+2	0.0000000E+0
3.5558000E+1	6.0883083E+1	5.9872921E+1	0.0000000E+0	0.0000000E+0	1.0000000E+2	0.0000000E+0
3.5608000E+1	6.0862931E+1	5.9863562E+1	0.0000000E+0	0.0000000E+0	1.0000000E+2	0.0000000E+0
3.5658000E+1	6.0863586E+1	5.9862172E+1	0.0000000E+0	0.0000000E+0	1.0000000E+2	0.0000000E+0
3.5709000E+1	6.0870336E+1	5.9868166E+1	0.0000000E+0	0.0000000E+0	1.0000000E+2	0.0000000E+0
3.5759000E+1	6.0892954E+1	5.9885006E+1	0.0000000E+0	0.0000000E+0	1.0000000E+2	0.0000000E+0
3.5809000E+1	6.0892585E+1	5.9876207E+1	0.0000000E+0	0.0000000E+0	1.0000000E+2	0.0000000E+0
3.5859000E+1	6.0882294E+1	5.9870804E+1	0.0000000E+0	0.0000000E+0	1.0000000E+2	0.0000000E+0
3.5909000E+1	6.0866277E+1	5.9869628E+1	0.0000000E+0	0.0000000E+0	1.0000000E+2	0.0000000E+0
3.5959000E+1	6.0891030E+1	5.9884962E+1	0.0000000E+0	0.0000000E+0	1.0000000E+2	0.0000000E+0
3.6009000E+1	6.0896272E+1	5.9885779E+1	0.0000000E+0	0.0000000E+0	1.0000000E+2	0.0000000E+0
3.6059000E+1	6.0895216E+1	5.9902967E+1	0.0000000E+0	0.0000000E+0	1.0000000E+2	0.0000000E+0
3.6109000E+1	6.0898198E+1	5.9883137E+1	0.0000000E+0	0.0000000E+0	1.0000000E+2	0.0000000E+0
3.6159000E+1	6.0911304E+1	5.9903337E+1	0.0000000E+0	0.0000000E+0	1.0000000E+2	0.0000000E+0
3.6209000E+1	6.0917409E+1	5.9889117E+1	0.0000000E+0	0.0000000E+0	1.0000000E+2	0.0000000E+0
3.6259000E+1	6.0923363E+1	5.9899618E+1	0.0000000E+0	0.0000000E+0	1.0000000E+2	0.0000000E+0
3.6309000E+1	6.0921357E+1	5.9911255E+1	0.0000000E+0	0.0000000E+0	1.0000000E+2	0.0000000E+0
3.6359000E+1	6.0913949E+1	5.9898633E+1	0.0000000E+0	0.0000000E+0	1.0000000E+2	0.0000000E+0
3.6409000E+1	6.0898550E+1	5.9897896E+1	0.0000000E+0	0.0000000E+0	1.0000000E+2	0.0000000E+0
3.6459000E+1	6.0889896E+1	5.9889431E+1	0.0000000E+0	0.0000000E+0	1.0000000E+2	0.0000000E+0
3.6509000E+1	6.0880791E+1	5.9882811E+1	0.0000000E+0	0.0000000E+0	1.0000000E+2	0.0000000E+0
3.6559000E+1	6.0903721E+1	5.9890297E+1	0.0000000E+0	0.0000000E+0	1.0000000E+2	0.0000000E+0
3.6609000E+1	6.0898166E+1	5.9888299E+1	0.0000000E+0	0.0000000E+0	1.0000000E+2	0.0000000E+0
3.6659000E+1	6.0892976E+1	5.9891022E+1	0.0000000E+0	0.0000000E+0	1.0000000E+2	0.0000000E+0
3.6709000E+1	6.0901883E+1	5.9893727E+1	0.0000000E+0	0.0000000E+0	1.0000000E+2	0.0000000E+0
3.6759000E+1	6.0898070E+1	5.9887521E+1	0.0000000E+0	0.0000000E+0	1.0000000E+2	0.0000000E+0
3.6809000E+1	6.0914890E+1	5.9894630E+1	0.0000000E+0	0.0000000E+0	1.0000000E+2	0.0000000E+0
3.6859000E+1	6.0916303E+1	5.9888997E+1	0.0000000E+0	0.0000000E+0	1.0000000E+2	0.0000000E+0
3.6909000E+1	6.0932463E+1	5.9897771E+1	0.0000000E+0	0.0000000E+0	1.0000000E+2	0.0000000E+0
3.6959000E+1	6.0877420E+1	5.9884203E+1	0.0000000E+0	0.0000000E+0	1.0000000E+2	0.0000000E+0
3.7009000E+1	6.0854063E+1	5.9890559E+1	0.0000000E+0	0.0000000E+0	1.0000000E+2	0.0000000E+0
3.7059000E+1	6.0860930E+1	5.9896385E+1	0.0000000E+0	0.0000000E+0	1.0000000E+2	0.0000000E+0
3.7109000E+1	6.0866523E+1	5.9896003E+1	0.0000000E+0	0.0000000E+0	1.0000000E+2	0.0000000E+0
3.7159000E+1	6.0859580E+1	5.9887352E+1	0.0000000E+0	0.0000000E+0	1.0000000E+2	0.0000000E+0
3.7209000E+1	6.0862776E+1	5.9894486E+1	0.0000000E+0	0.0000000E+0	1.0000000E+2	0.0000000E+0
3.7260000E+1	6.0882780E+1	5.9902671E+1	0.0000000E+0	0.0000000E+0	1.0000000E+2	0.0000000E+0
3.7310000E+1	6.0885185E+1	5.9894118E+1	0.0000000E+0	0.0000000E+0	1.0000000E+2	0.0000000E+0
3.7360000E+1	6.0904747E+1	5.9904433E+1	0.0000000E+0	0.0000000E+0	1.0000000E+2	0.0000000E+0
3.7411000E+1	6.0912902E+1	5.9904698E+1	0.0000000E+0	0.0000000E+0	1.0000000E+2	0.0000000E+0
3.7461000E+1	6.0922781E+1	5.9916427E+1	0.0000000E+0	0.0000000E+0	1.0000000E+2	0.0000000E+0
3.7511000E+1	6.0943327E+1	5.9917512E+1	0.0000000E+0	0.0000000E+0	1.0000000E+2	0.0000000E+0
3.7561000E+1	6.0951887E+1	5.9923071E+1	0.0000000E+0	0.0000000E+0	1.0000000E+2	0.0000000E+0
3.7611000E+1	6.0946549E+1	5.9913756E+1	0.0000000E+0	0.0000000E+0	1.0000000E+2	0.0000000E+0
3.7661000E+1	6.0927842E+1	5.9915655E+1	0.0000000E+0	0.0000000E+0	1.0000000E+2	0.0000000E+0
3.7711000E+1	6.0919603E+1	5.9903822E+1	0.0000000E+0	0.0000000E+0	1.0000000E+2	0.0000000E+0
3.7761000E+1	6.0947909E+1	5.9904631E+1	0.0000000E+0	0.0000000E+0	1.0000000E+2	0.0000000E+0
3.7811000E+1	6.0955906E+1	5.9907615E+1	0.0000000E+0	0.0000000E+0	1.0000000E+2	0.0000000E+0
3.7861000E+1	6.0967897E+1	5.9920400E+1	0.0000000E+0	0.0000000E+0	1.0000000E+2	0.0000000E+0
3.7911000E+1	6.0985072E+1	5.9915003E+1	0.0000000E+0	0.0000000E+0	1.0000000E+2	0.0000000E+0
3.7962000E+1	6.1000298E+1	5.9925210E+1	0.0000000E+0	0.0000000E+0	1.0000000E+2	0.0000000E+0
3.8013000E+1	6.0998549E+1	5.9918496E+1	0.0000000E+0	0.0000000E+0	1.0000000E+2	0.0000000E+0
3.8063000E+1	6.0991626E+1	5.9912412E+1	0.0000000E+0	0.0000000E+0	1.0000000E+2	0.0000000E+0
3.8114000E+1	6.0993261E+1	5.9904487E+1	0.0000000E+0	0.0000000E+0	1.0000000E+2	0.0000000E+0
3.8164000E+1	6.0985465E+1	5.9906036E+1	0.0000000E+0	0.0000000E+0	1.0000000E+2	0.0000000E+0
3.8214000E+1	6.1002670E+1	5.9914141E+1	0.0000000E+0	0.0000000E+0	1.0000000E+2	0.0000000E+0
3.8265000E+1	6.1041580E+1	5.9926977E+1	0.0000000E+0	0.0000000E+0	1.0000000E+2	0.0000000E+0
3.8315000E+1	6.1044287E+1	5.9941991E+1	0.0000000E+0	0.0000000E+0	1.0000000E+2	0.0000000E+0
3.8365000E+1	6.1029304E+1	5.9937098E+1	0.0000000E+0	0.0000000E+0	1.0000000E+2	0.0000000E+0
3.8415000E+1	6.1040450E+1	5.9952145E+1	0.0000000E+0	0.0000000E+0	1.0000000E+2	0.0000000E+0
3.8465000E+1	6.1042505E+1	5.9949052E+1	0.0000000E+0	0.0000000E+0	1.0000000E+2	0.0000000E+0
3.8515000E+1	6.1053983E+1	5.9963341E+1	0.0000000E+0	0.0000000E+0	1.0000000E+2	0.0000000E+0
3.8566000E+1	6.1075036E+1	5.9972353E+1	0.0000000E+0	0.0000000E+0	1.0000000E+2	0.0000000E+0
3.8616000E+1	6.1098488E+1	5.9968667E+1	0.0000000E+0	0.0000000E+0	1.0000000E+2	0.0000000E+0
3.8666000E+1	6.1071282E+1	5.9962847E+1	0.0000000E+0	0.0000000E+0	1.0000000E+2	0.0000000E+0
3.8716000E+1	6.1057322E+1	5.9955376E+1	0.0000000E+0	0.0000000E+0	1.0000000E+2	0.0000000E+0
3.8766000E+1	6.1064640E+1	5.9947460E+1	0.0000000E+0	0.0000000E+0	1.0000000E+2	0.0000000E+0
3.8816000E+1	6.1100496E+1	5.9960786E+1	0.0000000E+0	0.0000000E+0	1.0000000E+2	0.0000000E+0
3.8866000E+1	6.1121115E+1	5.9969352E+1	0.0000000E+0	0.0000000E+0	1.0000000E+2	0.0000000E+0
3.8916000E+1	6.1127536E+1	5.9971261E+1	0.0000000E+0	0.0000000E+0	1.0000000E+2	0.0000000E+0
3.8966000E+1	6.1144964E+1	5.9972308E+1	0.0000000E+0	0.0000000E+0	1.0000000E+2	0.0000000E+0
3.9016000E+1	6.1173948E+1	5.9975450E+1	0.0000000E+0	0.0000000E+0	1.0000000E+2	0.0000000E+0
3.9066000E+1	6.1171453E+1	5.9971831E+1	0.0000000E+0	0.0000000E+0	1.0000000E+2	0.0000000E+0
3.9116000E+1	6.1215452E+1	5.9983838E+1	0.0000000E+0	0.0000000E+0	1.0000000E+2	0.0000000E+0
3.9166000E+1	6.1224034E+1	6.0001910E+1	0.0000000E+0	0.0000000E+0	1.0000000E+2	0.0000000E+0
3.9216000E+1	6.1214703E+1	5.9987476E+1	0.0000000E+0	0.0000000E+0	1.0000000E+2	0.0000000E+0
3.9266000E+1	6.1228302E+1	5.9991371E+1	0.0000000E+0	0.0000000E+0	1.0000000E+2	0.0000000E+0
3.9316000E+1	6.1233366E+1	5.9989070E+1	0.0000000E+0	0.0000000E+0	1.0000000E+2	0.0000000E+0
3.9366000E+1	6.1235420E+1	6.0002701E+1	0.0000000E+0	0.0000000E+0	1.0000000E+2	0.0000000E+0
3.9416000E+1	6.1230742E+1	6.0011587E+1	0.0000000E+0	0.0000000E+0	1.0000000E+2	0.0000000E+0
3.9466000E+1	6.1224896E+1	6.0006444E+1	0.0000000E+0	0.0000000E+0	1.0000000E+2	0.0000000E+0
3.9516000E+1	6.1242317E+1	6.0005444E+1	0.0000000E+0	0.0000000E+0	1.0000000E+2	0.0000000E+0
3.9566000E+1	6.1240093E+1	6.0011634E+1	0.0000000E+0	0.0000000E+0	1.0000000E+2	0.0000000E+0
3.9616000E+1	6.1247082E+1	6.0030275E+1	0.0000000E+0	0.0000000E+0	1.0000000E+2	0.0000000E+0
3.9666000E+1	6.1239633E+1	6.0015557E+1	0.0000000E+0	0.0000000E+0	1.0000000E+2	0.0000000E+0
3.9716000E+1	6.1241837E+1	6.0037686E+1	0.0000000E+0	0.0000000E+0	1.0000000E+2	0.0000000E+0
3.9766000E+1	6.1231672E+1	6.0044107E+1	0.0000000E+0	0.0000000E+0	1.0000000E+2	0.0000000E+0
3.9816000E+1	6.1219604E+1	6.0044497E+1	0.0000000E+0	0.0000000E+0	1.0000000E+2	0.0000000E+0
3.9866000E+1	6.1207771E+1	6.0042332E+1	0.0000000E+0	0.0000000E+0	1.0000000E+2	0.0000000E+0
3.9916000E+1	6.1178787E+1	6.0053814E+1	0.0000000E+0	0.0000000E+0	1.0000000E+2	0.0000000E+0
3.9966000E+1	6.1179257E+1	6.0057365E+1	0.0000000E+0	0.0000000E+0	1.0000000E+2	0.0000000E+0
4.0016000E+1	6.1209242E+1	6.0060145E+1	0.0000000E+0	0.0000000E+0	1.0000000E+2	0.0000000E+0
4.0066000E+1	6.1210333E+1	6.0053234E+1	0.0000000E+0	0.0000000E+0	1.0000000E+2	0.0000000E+0
4.0116000E+1	6.1223582E+1	6.0075098E+1	0.0000000E+0	0.0000000E+0	1.0000000E+2	0.0000000E+0
4.0166000E+1	6.1214685E+1	6.0055722E+1	0.0000000E+0	0.0000000E+0	1.0000000E+2	0.0000000E+0
4.0216000E+1	6.1207560E+1	6.0060419E+1	0.0000000E+0	0.0000000E+0	1.0000000E+2	0.0000000E+0
4.0266000E+1	6.1204148E+1	6.0058851E+1	0.0000000E+0	0.0000000E+0	1.0000000E+2	0.0000000E+0
4.0316000E+1	6.1194473E+1	6.0058599E+1	0.0000000E+0	0.0000000E+0	1.0000000E+2	0.0000000E+0
4.0366000E+1	6.1179711E+1	6.0059159E+1	0.0000000E+0	0.0000000E+0	1.0000000E+2	0.0000000E+0
4.0416000E+1	6.1188127E+1	6.0058956E+1	0.0000000E+0	0.0000000E+0	1.0000000E+2	0.0000000E+0
4.0467000E+1	6.1177766E+1	6.0047595E+1	0.0000000E+0	0.0000000E+0	1.0000000E+2	0.0000000E+0
4.0517000E+1	6.1163166E+1	6.0034793E+1	0.0000000E+0	0.0000000E+0	1.0000000E+2	0.0000000E+0
4.0567000E+1	6.1167236E+1	6.0048340E+1	0.0000000E+0	0.0000000E+0	1.0000000E+2	0.0000000E+0
4.0617000E+1	6.1189314E+1	6.0048210E+1	0.0000000E+0	0.0000000E+0	1.0000000E+2	0.0000000E+0
4.0667000E+1	6.1194340E+1	6.0038065E+1	0.0000000E+0	0.0000000E+0	1.0000000E+2	0.0000000E+0
4.0717000E+1	6.1193524E+1	6.0041721E+1	0.0000000E+0	0.0000000E+0	1.0000000E+2	0.0000000E+0
4.0767000E+1	6.1216473E+1	6.0049746E+1	0.0000000E+0	0.0000000E+0	1.0000000E+2	0.0000000E+0
4.0817000E+1	6.1233896E+1	6.0052398E+1	0.0000000E+0	0.0000000E+0	1.0000000E+2	0.0000000E+0
4.0867000E+1	6.1253690E+1	6.0053549E+1	0.0000000E+0	0.0000000E+0	1.0000000E+2	0.0000000E+0
4.0917000E+1	6.1244648E+1	6.0052033E+1	0.0000000E+0	0.0000000E+0	1.0000000E+2	0.0000000E+0
4.0967000E+1	6.1226966E+1	6.0060340E+1	0.0000000E+0	0.0000000E+0	1.0000000E+2	0.0000000E+0
4.1017000E+1	6.1198873E+1	6.0051428E+1	0.0000000E+0	0.0000000E+0	1.0000000E+2	0.0000000E+0
4.1067000E+1	6.1223287E+1	6.0036755E+1	0.0000000E+0	0.0000000E+0	1.0000000E+2	0.0000000E+0
4.1117000E+1	6.1268968E+1	6.0053505E+1	0.0000000E+0	0.0000000E+0	1.0000000E+2	0.0000000E+0
4.1167000E+1	6.1278697E+1	6.0066201E+1	0.0000000E+0	0.0000000E+0	1.0000000E+2	0.0000000E+0
4.1217000E+1	6.1298703E+1	6.0062778E+1	0.0000000E+0	0.0000000E+0	1.0000000E+2	0.0000000E+0
4.1267000E+1	6.1287178E+1	6.0055058E+1	0.0000000E+0	0.0000000E+0	1.0000000E+2	0.0000000E+0
4.1317000E+1	6.1309536E+1	6.0075390E+1	0.0000000E+0	0.0000000E+0	1.0000000E+2	0.0000000E+0
4.1367000E+1	6.1316257E+1	6.0071275E+1	0.0000000E+0	0.0000000E+0	1.0000000E+2	0.0000000E+0
4.1417000E+1	6.1325105E+1	6.0072033E+1	0.0000000E+0	0.0000000E+0	1.0000000E+2	0.0000000E+0
4.1468000E+1	6.1339703E+1	6.0064799E+1	0.0000000E+0	0.0000000E+0	1.0000000E+2	0.0000000E+0
4.1518000E+1	6.1343586E+1	6.0052352E+1	0.0000000E+0	0.0000000E+0	1.0000000E+2	0.0000000E+0
4.1568000E+1	6.1369733E+1	6.0067307E+1	0.0000000E+0	0.0000000E+0	1.0000000E+2	0.0000000E+0
4.1618000E+1	6.1365852E+1	6.0064721E+1	0.0000000E+0	0.0000000E+0	1.0000000E+2	0.0000000E+0
4.1668000E+1	6.1351904E+1	6.0065061E+1	0.0000000E+0	0.0000000E+0	1.0000000E+2	0.0000000E+0
4.1718000E+1	6.1370356E+1	6.0073858E+1	0.0000000E+0	0.0000000E+0	1.0000000E+2	0.0000000E+0
4.1768000E+1	6.1376281E+1	6.0075999E+1	0.0000000E+0	0.0000000E+0	1.0000000E+2	0.0000000E+0
4.1818000E+1	6.1366355E+1	6.0055485E+1	0.0000000E+0	0.0000000E+0	1.0000000E+2	0.0000000E+0
4.1869000E+1	6.1383021E+1	6.0068010E+1	0.0000000E+0	0.0000000E+0	1.0000000E+2	0.0000000E+0
4.1919000E+1	6.1379846E+1	6.0063818E+1	0.0000000E+0	0.0000000E+0	1.0000000E+2	0.0000000E+0
4.1969000E+1	6.1353623E+1	6.0056270E+1	0.0000000E+0	0.0000000E+0	1.0000000E+2	0.0000000E+0
4.2019000E+1	6.1350300E+1	6.0069726E+1	0.0000000E+0	0.0000000E+0	1.0000000E+2	0.0000000E+0
4.2069000E+1	6.1367917E+1	6.0074630E+1	0.0000000E+0	0.0000000E+0	1.0000000E+2	0.0000000E+0
4.2119000E+1	6.1377200E+1	6.0092846E+1	0.0000000E+0	0.0000000E+0	1.0000000E+2	0.0000000E+0
4.2169000E+1	6.1364219E+1	6.0077739E+1	0.0000000E+0	0.0000000E+0	1.0000000E+2	0.0000000E+0
4.2219000E+1	6.1379823E+1	6.0082837E+1	0.0000000E+0	0.0000000E+0	1.0000000E+2	0.0000000E+0
4.2269000E+1	6.1383388E+1	6.0076950E+1	0.0000000E+0	0.0000000E+0	1.0000000E+2	0.0000000E+0
4.2319000E+1	6.1385548E+1	6.0090687E+1	0.0000000E+0	0.0000000E+0	1.0000000E+2	0.0000000E+0
4.2369000E+1	6.1382078E+1	6.0085797E+1	0.0000000E+0	0.0000000E+0	1.0000000E+2	0.0000000E+0
4.2419000E+1	6.1359527E+1	6.0073320E+1	0.0000000E+0	0.0000000E+0	1.0000000E+2	0.0000000E+0
4.2469000E+1	6.1372439E+1	6.0073067E+1	0.0000000E+0	0.0000000E+0	1.0000000E+2	0.0000000E+0
4.2519000E+1	6.1375859E+1	6.0076564E+1	0.0000000E+0	0.0000000E+0	1.0000000E+2	0.0000000E+0
4.2569000E+1	6.1380274E+1	6.0079496E+1	0.0000000E+0	0.0000000E+0	1.0000000E+2	0.0000000E+0
4.2619000E+1	6.1375351E+1	6.0084719E+1	0.0000000E+0	0.0000000E+0	1.0000000E+2	0.0000000E+0
4.2669000E+1	6.1372520E+1	6.0092665E+1	0.0000000E+0	0.0000000E+0	1.0000000E+2	0.0000000E+0
4.2719000E+1	6.1367922E+1	6.0066245E+1	0.0000000E+0	0.0000000E+0	1.0000000E+2	0.0000000E+0
4.2769000E+1	6.1372687E+1	6.0077109E+1	0.0000000E+0	0.0000000E+0	1.0000000E+2	0.0000000E+0
4.2819000E+1	6.1385028E+1	6.0079614E+1	0.0000000E+0	0.0000000E+0	1.0000000E+2	0.0000000E+0
4.2869000E+1	6.1386747E+1	6.0095099E+1	0.0000000E+0	0.0000000E+0	1.0000000E+2	0.0000000E+0
4.2919000E+1	6.1355464E+1	6.0089983E+1	0.0000000E+0	0.0000000E+0	1.0000000E+2	0.0000000E+0
4.2969000E+1	6.1349326E+1	6.0101245E+1	0.0000000E+0	0.0000000E+0	1.0000000E+2	0.0000000E+0
4.3019000E+1	6.1358121E+1	6.0113608E+1	0.0000000E+0	0.0000000E+0	1.0000000E+2	0.0000000E+0
4.3070000E+1	6.1349958E+1	6.0107510E+1	0.0000000E+0	0.0000000E+0	1.0000000E+2	0.0000000E+0
4.3120000E+1	6.1321313E+1	6.0100779E+1	0.0000000E+0	0.0000000E+0	1.0000000E+2	0.0000000E+0
4.3170000E+1	6.1323093E+1	6.0100270E+1	0.0000000E+0	0.0000000E+0	1.0000000E+2	0.0000000E+0
4.3220000E+1	6.1319500E+1	6.0106984E+1	0.0000000E+0	0.0000000E+0	1.0000000E+2	0.0000000E+0
4.3271000E+1	6.1329591E+1	6.0106733E+1	0.0000000E+0	0.0000000E+0	1.0000000E+2	0.0000000E+0
4.3321000E+1	6.1324361E+1	6.0112500E+1	0.0000000E+0	0.0000000E+0	1.0000000E+2	0.0000000E+0
4.3372000E+1	6.1326601E+1	6.0109592E+1	0.0000000E+0	0.0000000E+0	1.0000000E+2	0.0000000E+0
4.3422000E+1	6.1331798E+1	6.0118840E+1	0.0000000E+0	0.0000000E+0	1.0000000E+2	0.0000000E+0
4.3472000E+1	6.1320984E+1	6.0125248E+1	0.0000000E+0	0.0000000E+0	1.0000000E+2	0.0000000E+0
4.3522000E+1	6.1324802E+1	6.0132420E+1	0.0000000E+0	0.0000000E+0	1.0000000E+2	0.0000000E+0
4.3572000E+1	6.1337660E+1	6.0141641E+1	0.0000000E+0	0.0000000E+0	1.0000000E+2	0.0000000E+0
4.3623000E+1	6.1333773E+1	6.0142115E+1	0.0000000E+0	0.0000000E+0	1.0000000E+2	0.0000000E+0
4.3673000E+1	6.1322285E+1	6.0139383E+1	0.0000000E+0	0.0000000E+0	1.0000000E+2	0.0000000E+0
4.3723000E+1	6.1350903E+1	6.0145011E+1	0.0000000E+0	0.0000000E+0	1.0000000E+2	0.0000000E+0
4.3773000E+1	6.1348012E+1	6.0145178E+1	0.0000000E+0	0.0000000E+0	1.0000000E+2	0.0000000E+0
4.3824000E+1	6.1365093E+1	6.0152399E+1	0.0000000E+0	0.0000000E+0	1.0000000E+2	0.0000000E+0
4.3874000E+1	6.1375686E+1	6.0153958E+1	0.0000000E+0	0.0000000E+0	1.0000000E+2	0.0000000E+0
4.3924000E+1	6.1390133E+1	6.0156486E+1	0.0000000E+0	0.0000000E+0	1.0000000E+2	0.0000000E+0
4.3975000E+1	6.1379924E+1	6.0169858E+1	0.0000000E+0	0.0000000E+0	1.0000000E+2	0.0000000E+0
4.4025000E+1	6.1366303E+1	6.0166014E+1	0.0000000E+0	0.0000000E+0	1.0000000E+2	0.0000000E+0
4.4076000E+1	6.1380460E+1	6.0182312E+1	0.0000000E+0	0.0000000E+0	1.0000000E+2	0.0000000E+0
4.4126000E+1	6.1372553E+1	6.0173151E+1	0.0000000E+0	0.0000000E+0	1.0000000E+2	0.0000000E+0
4.4176000E+1	6.1380166E+1	6.0191070E+1	0.0000000E+0	0.0000000E+0	1.0000000E+2	0.0000000E+0
4.4226000E+1	6.1368190E+1	6.0192517E+1	0.0000000E+0	0.0000000E+0	1.0000000E+2	0.0000000E+0
4.4276000E+1	6.1356038E+1	6.0181080E+1	0.0000000E+0	0.0000000E+0	1.0000000E+2	0.0000000E+0
4.4326000E+1	6.1372932E+1	6.0174521E+1	0.0000000E+0	0.0000000E+0	1.0000000E+2	0.0000000E+0
4.4376000E+1	6.1370001E+1	6.0185362E+1	0.0000000E+0	0.0000000E+0	1.0000000E+2	0.0000000E+0
4.4426000E+1	6.1376971E+1	6.0196045E+1	0.0000000E+0	0.0000000E+0	1.0000000E+2	0.0000000E+0
4.4476000E+1	6.1371083E+1	6.0187492E+1	0.0000000E+0	0.0000000E+0	1.0000000E+2	0.0000000E+0
4.4526000E+1	6.1354509E+1	6.0195598E+1	0.0000000E+0	0.0000000E+0	1.0000000E+2	0.0000000E+0
4.4576000E+1	6.1354726E+1	6.0180122E+1	0.0000000E+0	0.0000000E+0	1.0000000E+2	0.0000000E+0
4.4626000E+1	6.1349445E+1	6.0182169E+1	0.0000000E+0	0.0000000E+0	1.0000000E+2	0.0000000E+0
4.4676000E+1	6.1363119E+1	6.0181404E+1	0.0000000E+0	0.0000000E+0	1.0000000E+2	0.0000000E+0
4.4727000E+1	6.1394435E+1	6.0193141E+1	0.0000000E+0	0.0000000E+0	1.0000000E+2	0.0000000E+0
4.4777000E+1	6.1429021E+1	6.0201865E+1	0.0000000E+0	0.0000000E+0	1.0000000E+2	0.0000000E+0
4.4827000E+1	6.1415924E+1	6.0187845E+1	0.0000000E+0	0.0000000E+0	1.0000000E+2	0.0000000E+0
4.4878000E+1	6.1421289E+1	6.0200470E+1	0.0000000E+0	0.0000000E+0	1.0000000E+2	0.0000000E+0
4.4928000E+1	6.1407936E+1	6.0187808E+1	0.0000000E+0	0.0000000E+0	1.0000000E+2	0.0000000E+0
4.4979000E+1	6.1394237E+1	6.0176970E+1	0.0000000E+0	0.0000000E+0	1.0000000E+2	0.0000000E+0
4.5029000E+1	6.1402699E+1	6.0169326E+1	0.0000000E+0	0.0000000E+0	1.0000000E+2	0.0000000E+0
4.5079000E+1	6.1426677E+1	6.0179186E+1	0.0000000E+0	0.0000000E+0	1.0000000E+2	0.0000000E+0
4.5129000E+1	6.1443866E+1	6.0176755E+1	0.0000000E+0	0.0000000E+0	1.0000000E+2	0.0000000E+0
4.5180000E+1	6.1445313E+1	6.0175564E+1	0.0000000E+0	0.0000000E+0	1.0000000E+2	0.0000000E+0
4.5230000E+1	6.1438602E+1	6.0170123E+1	0.0000000E+0	0.0000000E+0	1.0000000E+2	0.0000000E+0
4.5280000E+1	6.1445494E+1	6.0172753E+1	0.0000000E+0	0.0000000E+0	1.0000000E+2	0.0000000E+0
4.5332000E+1	6.1456947E+1	6.0171601E+1	0.0000000E+0	0.0000000E+0	1.0000000E+2	0.0000000E+0
4.5382000E+1	6.1453464E+1	6.0150790E+1	0.0000000E+0	0.0000000E+0	1.0000000E+2	0.0000000E+0
4.5433000E+1	6.1421550E+1	6.0172600E+1	0.0000000E+0	0.0000000E+0	1.0000000E+2	0.0000000E+0
4.5483000E+1	6.1402236E+1	6.0158320E+1	0.0000000E+0	0.0000000E+0	1.0000000E+2	0.0000000E+0
4.5534000E+1	6.1416274E+1	6.0160182E+1	0.0000000E+0	0.0000000E+0	1.0000000E+2	0.0000000E+0
4.5584000E+1	6.1453428E+1	6.0165033E+1	0.0000000E+0	0.0000000E+0	1.0000000E+2	0.0000000E+0
4.5634000E+1	6.1472973E+1	6.0166036E+1	0.0000000E+0	0.0000000E+0	1.0000000E+2	0.0000000E+0
4.5684000E+1	6.1482739E+1	6.0159894E+1	0.0000000E+0	0.0000000E+0	1.0000000E+2	0.0000000E+0
4.5735000E+1	6.1513453E+1	6.0187490E+1	0.0000000E+0	0.0000000E+0	1.0000000E+2	0.0000000E+0
4.5786000E+1	6.1530546E+1	6.0183399E+1	0.0000000E+0	0.0000000E+0	1.0000000E+2	0.0000000E+0
4.5836000E+1	6.1530489E+1	6.0195279E+1	0.0000000E+0	0.0000000E+0	1.0000000E+2	0.0000000E+0
4.5886000E+1	6.1539772E+1	6.0191778E+1	0.0000000E+0	0.0000000E+0	1.0000000E+2	0.0000000E+0
4.5936000E+1	6.1561236E+1	6.0192603E+1	0.0000000E+0	0.0000000E+0	1.0000000E+2	0.0000000E+0
4.5986000E+1	6.1566855E+1	6.0173937E+1	0.0000000E+0	0.0000000E+0	1.0000000E+2	0.0000000E+0
4.6036000E+1	6.1581026E+1	6.0188985E+1	0.0000000E+0	0.0000000E+0	1.0000000E+2	0.0000000E+0
4.6086000E+1	6.1576974E+1	6.0192980E+1	0.0000000E+0	0.0000000E+0	1.0000000E+2	0.0000000E+0
4.6136000E+1	6.1604815E+1	6.0213965E+1	0.0000000E+0	0.0000000E+0	1.0000000E+2	0.0000000E+0
4.6186000E+1	6.1583291E+1	6.0208569E+1	0.0000000E+0	0.0000000E+0	1.0000000E+2	0.0000000E+0
4.6236000E+1	6.1622256E+1	6.0226272E+1	0.0000000E+0	0.0000000E+0	1.0000000E+2	0.0000000E+0
4.6286000E+1	6.1640050E+1	6.0227485E+1	0.0000000E+0	0.0000000E+0	1.0000000E+2	0.0000000E+0
4.6336000E+1	6.1648157E+1	6.0221419E+1	0.0000000E+0	0.0000000E+0	1.0000000E+2	0.0000000E+0
4.6386000E+1	6.1653559E+1	6.0209967E+1	0.0000000E+0	0.0000000E+0	1.0000000E+2	0.0000000E+0
4.6436000E+1	6.1665223E+1	6.0215782E+1	0.0000000E+0	0.0000000E+0	1.0000000E+2	0.0000000E+0
4.6486000E+1	6.1673984E+1	6.0225739E+1	0.0000000E+0	0.0000000E+0	1.0000000E+2	0.0000000E+0
4.6536000E+1	6.1674256E+1	6.0264728E+1	0.0000000E+0	0.0000000E+0	1.0000000E+2	0.0000000E+0
4.6586000E+1	6.1635044E+1	6.0247502E+1	0.0000000E+0	0.0000000E+0	1.0000000E+2	0.0000000E+0
4.6636000E+1	6.1651732E+1	6.0261668E+1	0.0000000E+0	0.0000000E+0	1.0000000E+2	0.0000000E+0
4.6686000E+1	6.1649842E+1	6.0251684E+1	0.0000000E+0	0.0000000E+0	1.0000000E+2	0.0000000E+0
4.6736000E+1	6.1665282E+1	6.0257989E+1	0.0000000E+0	0.0000000E+0	1.0000000E+2	0.0000000E+0
4.6786000E+1	6.1659567E+1	6.0263119E+1	0.0000000E+0	0.0000000E+0	1.0000000E+2	0.0000000E+0
4.6836000E+1	6.1677917E+1	6.0268460E+1	0.0000000E+0	0.0000000E+0	1.0000000E+2	0.0000000E+0
4.6886000E+1	6.1665301E+1	6.0261996E+1	0.0000000E+0	0.0000000E+0	1.0000000E+2	0.0000000E+0
4.6937000E+1	6.1667071E+1	6.0270230E+1	0.0000000E+0	0.0000000E+0	1.0000000E+2	0.0000000E+0
4.6987000E+1	6.1691903E+1	6.0273724E+1	0.0000000E+0	0.0000000E+0	1.0000000E+2	0.0000000E+0
4.7038000E+1	6.1699028E+1	6.0270303E+1	0.0000000E+0	0.0000000E+0	1.0000000E+2	0.0000000E+0
4.7088000E+1	6.1709107E+1	6.0276568E+1	0.0000000E+0	0.0000000E+0	1.0000000E+2	0.0000000E+0
4.7138000E+1	6.1694169E+1	6.0275747E+1	0.0000000E+0	0.0000000E+0	1.0000000E+2	0.0000000E+0
4.7188000E+1	6.1705761E+1	6.0275117E+1	0.0000000E+0	0.0000000E+0	1.0000000E+2	0.0000000E+0
4.7238000E+1	6.1716440E+1	6.0272109E+1	0.0000000E+0	0.0000000E+0	1.0000000E+2	0.0000000E+0
4.7288000E+1	6.1719742E+1	6.0277037E+1	0.0000000E+0	0.0000000E+0	1.0000000E+2	0.0000000E+0
4.7340000E+1	6.1720361E+1	6.0273675E+1	0.0000000E+0	0.0000000E+0	1.0000000E+2	0.0000000E+0
4.7390000E+1	6.1719133E+1	6.0278051E+1	0.0000000E+0	0.0000000E+0	1.0000000E+2	0.0000000E+0
4.7440000E+1	6.1726625E+1	6.0268583E+1	0.0000000E+0	0.0000000E+0	1.0000000E+2	0.0000000E+0
4.7490000E+1	6.1727518E+1	6.0266111E+1	0.0000000E+0	0.0000000E+0	1.0000000E+2	0.0000000E+0
4.7540000E+1	6.1748693E+1	6.0286743E+1	0.0000000E+0	0.0000000E+0	1.0000000E+2	0.0000000E+0
4.7590000E+1	6.1780996E+1	6.0292616E+1	0.0000000E+0	0.0000000E+0	1.0000000E+2	0.0000000E+0
4.7640000E+1	6.1792593E+1	6.0274559E+1	0.0000000E+0	0.0000000E+0	1.0000000E+2	0.0000000E+0
4.7690000E+1	6.1757380E+1	6.0276635E+1	0.0000000E+0	0.0000000E+0	1.0000000E+2	0.0000000E+0
4.7740000E+1	6.1727063E+1	6.0267592E+1	0.0000000E+0	0.0000000E+0	1.0000000E+2	0.0000000E+0
4.7791000E+1	6.1713780E+1	6.0271375E+1	0.0000000E+0	0.0000000E+0	1.0000000E+2	0.0000000E+0
4.7841000E+1	6.1703277E+1	6.0258052E+1	0.0000000E+0	0.0000000E+0	1.0000000E+2	0.0000000E+0
4.7891000E+1	6.1699293E+1	6.0260527E+1	0.0000000E+0	0.0000000E+0	1.0000000E+2	0.0000000E+0
4.7941000E+1	6.1688450E+1	6.0260446E+1	0.0000000E+0	0.0000000E+0	1.0000000E+2	0.0000000E+0
4.7991000E+1	6.1712344E+1	6.0268387E+1	0.0000000E+0	0.0000000E+0	1.0000000E+2	0.0000000E+0
4.8041000E+1	6.1705790E+1	6.0254339E+1	0.0000000E+0	0.0000000E+0	1.0000000E+2	0.0000000E+0
4.8091000E+1	6.1718492E+1	6.0269988E+1	0.0000000E+0	0.0000000E+0	1.0000000E+2	0.0000000E+0
4.8141000E+1	6.1713851E+1	6.0273305E+1	0.0000000E+0	0.0000000E+0	1.0000000E+2	0.0000000E+0
4.8191000E+1	6.1710216E+1	6.0278944E+1	0.0000000E+0	0.0000000E+0	1.0000000E+2	0.0000000E+0
4.8241000E+1	6.1702097E+1	6.0275702E+1	0.0000000E+0	0.0000000E+0	1.0000000E+2	0.0000000E+0
4.8292000E+1	6.1697488E+1	6.0298673E+1	0.0000000E+0	0.0000000E+0	1.0000000E+2	0.0000000E+0
4.8342000E+1	6.1666879E+1	6.0298203E+1	0.0000000E+0	0.0000000E+0	1.0000000E+2	0.0000000E+0
4.8393000E+1	6.1683543E+1	6.0302233E+1	0.0000000E+0	0.0000000E+0	1.0000000E+2	0.0000000E+0
4.8443000E+1	6.1699442E+1	6.0305849E+1	0.0000000E+0	0.0000000E+0	1.0000000E+2	0.0000000E+0
4.8493000E+1	6.1714059E+1	6.0313574E+1	0.0000000E+0	0.0000000E+0	1.0000000E+2	0.0000000E+0
4.8543000E+1	6.1723213E+1	6.0314995E+1	0.0000000E+0	0.0000000E+0	1.0000000E+2	0.0000000E+0
4.8594000E+1	6.1697696E+1	6.0312638E+1	0.0000000E+0	0.0000000E+0	1.0000000E+2	0.0000000E+0
4.8644000E+1	6.1696863E+1	6.0315869E+1	0.0000000E+0	0.0000000E+0	1.0000000E+2	0.0000000E+0
4.8694000E+1	6.1690887E+1	6.0322173E+1	0.0000000E+0	0.0000000E+0	1.0000000E+2	0.0000000E+0
4.8744000E+1	6.1621141E+1	6.0304464E+1	0.0000000E+0	0.0000000E+0	1.0000000E+2	0.0000000E+0
4.8794000E+1	6.1609439E+1	6.0312320E+1	0.0000000E+0	0.0000000E+0	1.0000000E+2	0.0000000E+0
4.8844000E+1	6.1637657E+1	6.0314066E+1	0.0000000E+0	0.0000000E+0	1.0000000E+2	0.0000000E+0
4.8894000E+1	6.1637014E+1	6.0321023E+1	0.0000000E+0	0.0000000E+0	1.0000000E+2	0.0000000E+0
4.8945000E+1	6.1654708E+1	6.0315561E+1	0.0000000E+0	0.0000000E+0	1.0000000E+2	0.0000000E+0
4.8996000E+1	6.1676914E+1	6.0319918E+1	0.0000000E+0	0.0000000E+0	1.0000000E+2	0.0000000E+0
4.9046000E+1	6.1684743E+1	6.0326074E+1	0.0000000E+0	0.0000000E+0	1.0000000E+2	0.0000000E+0
4.9096000E+1	6.1681725E+1	6.0322225E+1	0.0000000E+0	0.0000000E+0	1.0000000E+2	0.0000000E+0
4.9146000E+1	6.1683232E+1	6.0321195E+1	0.0000000E+0	0.0000000E+0	1.0000000E+2	0.0000000E+0
4.9196000E+1	6.1703150E+1	6.0328190E+1	0.0000000E+0	0.0000000E+0	1.0000000E+2	0.0000000E+0
4.9246000E+1	6.1726392E+1	6.0327526E+1	0.0000000E+0	0.0000000E+0	1.0000000E+2	0.0000000E+0
4.9296000E+1	6.1731161E+1	6.0316135E+1	0.0000000E+0	0.0000000E+0	1.0000000E+2	0.0000000E+0
4.9346000E+1	6.1743630E+1	6.0316933E+1	0.0000000E+0	0.0000000E+0	1.0000000E+2	0.0000000E+0
4.9396000E+1	6.1742407E+1	6.0312239E+1	0.0000000E+0	0.0000000E+0	1.0000000E+2	0.0000000E+0
4.9446000E+1	6.1749665E+1	6.0315763E+1	0.0000000E+0	0.0000000E+0	1.0000000E+2	0.0000000E+0
4.9496000E+1	6.1767371E+1	6.0321832E+1	0.0000000E+0	0.0000000E+0	1.0000000E+2	0.0000000E+0
4.9546000E+1	6.1773744E+1	6.0326286E+1	0.0000000E+0	0.0000000E+0	1.0000000E+2	0.0000000E+0
4.9596000E+1	6.1783629E+1	6.0329580E+1	0.0000000E+0	0.0000000E+0	1.0000000E+2	0.0000000E+0
4.9646000E+1	6.1786003E+1	6.0318722E+1	0.0000000E+0	0.0000000E+0	1.0000000E+2	0.0000000E+0
4.9696000E+1	6.1760965E+1	6.0330081E+1	0.0000000E+0	0.0000000E+0	1.0000000E+2	0.0000000E+0
4.9746000E+1	6.1762334E+1	6.0340352E+1	0.0000000E+0	0.0000000E+0	1.0000000E+2	0.0000000E+0
4.9796000E+1	6.1788108E+1	6.0350431E+1	0.0000000E+0	0.0000000E+0	1.0000000E+2	0.0000000E+0
4.9846000E+1	6.1780054E+1	6.0332905E+1	0.0000000E+0	0.0000000E+0	1.0000000E+2	0.0000000E+0
4.9897000E+1	6.1787548E+1	6.0358890E+1	0.0000000E+0	0.0000000E+0	1.0000000E+2	0.0000000E+0
4.9948000E+1	6.1779621E+1	6.0354973E+1	0.0000000E+0	0.0000000E+0	1.0000000E+2	0.0000000E+0
4.9998000E+1	6.1776741E+1	6.0359375E+1	0.0000000E+0	0.0000000E+0	1.0000000E+2	0.0000000E+0
5.0048000E+1	6.1762654E+1	6.0348667E+1	0.0000000E+0	0.0000000E+0	1.0000000E+2	0.0000000E+0
5.0098000E+1	6.1752813E+1	6.0354069E+1	0.0000000E+0	0.0000000E+0	1.0000000E+2	0.0000000E+0
5.0149000E+1	6.1777481E+1	6.0374578E+1	0.0000000E+0	0.0000000E+0	1.0000000E+2	0.0000000E+0
5.0199000E+1	6.1772707E+1	6.0355912E+1	0.0000000E+0	0.0000000E+0	1.0000000E+2	0.0000000E+0
5.0249000E+1	6.1763935E+1	6.0361132E+1	0.0000000E+0	0.0000000E+0	1.0000000E+2	0.0000000E+0
5.0299000E+1	6.1743158E+1	6.0359419E+1	0.0000000E+0	0.0000000E+0	1.0000000E+2	0.0000000E+0
5.0349000E+1	6.1751273E+1	6.0356559E+1	0.0000000E+0	0.0000000E+0	1.0000000E+2	0.0000000E+0
5.0400000E+1	6.1778619E+1	6.0360945E+1	0.0000000E+0	0.0000000E+0	1.0000000E+2	0.0000000E+0
5.0450000E+1	6.1772234E+1	6.0350324E+1	0.0000000E+0	0.0000000E+0	1.0000000E+2	0.0000000E+0
5.0500000E+1	6.1787447E+1	6.0361981E+1	0.0000000E+0	0.0000000E+0	1.0000000E+2	0.0000000E+0
5.0550000E+1	6.1798260E+1	6.0352274E+1	0.0000000E+0	0.0000000E+0	1.0000000E+2	0.0000000E+0
5.0600000E+1	6.1813683E+1	6.0362050E+1	0.0000000E+0	0.0000000E+0	1.0000000E+2	0.0000000E+0
5.0650000E+1	6.1826574E+1	6.0341429E+1	0.0000000E+0	0.0000000E+0	1.0000000E+2	0.0000000E+0
5.0700000E+1	6.1813246E+1	6.0362604E+1	0.0000000E+0	0.0000000E+0	1.0000000E+2	0.0000000E+0
5.0750000E+1	6.1802152E+1	6.0360703E+1	0.0000000E+0	0.0000000E+0	1.0000000E+2	0.0000000E+0
5.0800000E+1	6.1786034E+1	6.0370091E+1	0.0000000E+0	0.0000000E+0	1.0000000E+2	0.0000000E+0
5.0850000E+1	6.1783690E+1	6.0362701E+1	0.0000000E+0	0.0000000E+0	1.0000000E+2	0.0000000E+0
5.0901000E+1	6.1799455E+1	6.0355085E+1	0.0000000E+0	0.0000000E+0	1.0000000E+2	0.0000000E+0
5.0951000E+1	6.1814423E+1	6.0373057E+1	0.0000000E+0	0.0000000E+0	1.0000000E+2	0.0000000E+0
5.1002000E+1	6.1807736E+1	6.0345440E+1	0.0000000E+0	0.0000000E+0	1.0000000E+2	0.0000000E+0
5.1052000E+1	6.1817361E+1	6.0349814E+1	0.0000000E+0	0.0000000E+0	1.0000000E+2	0.0000000E+0
5.1102000E+1	6.1819106E+1	6.0332545E+1	0.0000000E+0	0.0000000E+0	1.0000000E+2	0.0000000E+0
5.1152000E+1	6.1839616E+1	6.0349364E+1	0.0000000E+0	0.0000000E+0	1.0000000E+2	0.0000000E+0
5.1202000E+1	6.1863976E+1	6.0360504E+1	0.0000000E+0	0.0000000E+0	1.0000000E+2	0.0000000E+0
5.1252000E+1	6.1877306E+1	6.0367134E+1	0.0000000E+0	0.0000000E+0	1.0000000E+2	0.0000000E+0
5.1302000E+1	6.1867437E+1	6.0374446E+1	0.0000000E+0	0.0000000E+0	1.0000000E+2	0.0000000E+0
5.1352000E+1	6.1856191E+1	6.0371926E+1	0.0000000E+0	0.0000000E+0	1.0000000E+2	0.0000000E+0
5.1403000E+1	6.1848811E+1	6.0375908E+1	0.0000000E+0	0.0000000E+0	1.0000000E+2	0.0000000E+0
5.1453000E+1	6.1827917E+1	6.0379153E+1	0.0000000E+0	0.0000000E+0	1.0000000E+2	0.0000000E+0
5.1503000E+1	6.1817469E+1	6.0368273E+1	0.0000000E+0	0.0000000E+0	1.0000000E+2	0.0000000E+0
5.1553000E+1	6.1835849E+1	6.0368224E+1	0.0000000E+0	0.0000000E+0	1.0000000E+2	0.0000000E+0
5.1603000E+1	6.1853939E+1	6.0380921E+1	0.0000000E+0	0.0000000E+0	1.0000000E+2	0.0000000E+0
5.1653000E+1	6.1852484E+1	6.0372455E+1	0.0000000E+0	0.0000000E+0	1.0000000E+2	0.0000000E+0
5.1703000E+1	6.1852004E+1	6.0379811E+1	0.0000000E+0	0.0000000E+0	1.0000000E+2	0.0000000E+0
5.1753000E+1	6.1851543E+1	6.0387211E+1	0.0000000E+0	0.0000000E+0	1.0000000E+2	0.0000000E+0
5.1803000E+1	6.1838375E+1	6.0364022E+1	0.0000000E+0	0.0000000E+0	1.0000000E+2	0.0000000E+0
5.1854000E+1	6.1831084E+1	6.0375372E+1	0.0000000E+0	0.0000000E+0	1.0000000E+2	0.0000000E+0
5.1904000E+1	6.1822821E+1	6.0381218E+1	0.0000000E+0	0.0000000E+0	1.0000000E+2	0.0000000E+0
5.1954000E+1	6.1835937E+1	6.0371360E+1	0.0000000E+0	0.0000000E+0	1.0000000E+2	0.0000000E+0
5.2005000E+1	6.1846905E+1	6.0376403E+1	0.0000000E+0	0.0000000E+0	1.0000000E+2	0.0000000E+0
5.2057000E+1	6.1851160E+1	6.0387662E+1	0.0000000E+0	0.0000000E+0	1.0000000E+2	0.0000000E+0
5.2107000E+1	6.1847606E+1	6.0386259E+1	0.0000000E+0	0.0000000E+0	1.0000000E+2	0.0000000E+0
5.2157000E+1	6.1861002E+1	6.0386931E+1	0.0000000E+0	0.0000000E+0	1.0000000E+2	0.0000000E+0
5.2207000E+1	6.1821964E+1	6.0384348E+1	0.0000000E+0	0.0000000E+0	1.0000000E+2	0.0000000E+0
5.2257000E+1	6.1811667E+1	6.0388152E+1	0.0000000E+0	0.0000000E+0	1.0000000E+2	0.0000000E+0
5.2307000E+1	6.1834475E+1	6.0399526E+1	0.0000000E+0	0.0000000E+0	1.0000000E+2	0.0000000E+0
5.2357000E+1	6.1844020E+1	6.0401953E+1	0.0000000E+0	0.0000000E+0	1.0000000E+2	0.0000000E+0
5.2407000E+1	6.1858247E+1	6.0406323E+1	0.0000000E+0	0.0000000E+0	1.0000000E+2	0.0000000E+0
5.2457000E+1	6.1888607E+1	6.0410242E+1	0.0000000E+0	0.0000000E+0	1.0000000E+2	0.0000000E+0
5.2507000E+1	6.1890270E+1	6.0404560E+1	0.0000000E+0	0.0000000E+0	1.0000000E+2	0.0000000E+0
5.2557000E+1	6.1893511E+1	6.0408780E+1	0.0000000E+0	0.0000000E+0	1.0000000E+2	0.0000000E+0
5.2608000E+1	6.1891662E+1	6.0385883E+1	0.0000000E+0	0.0000000E+0	1.0000000E+2	0.0000000E+0
5.2659000E+1	6.1909964E+1	6.0392347E+1	0.0000000E+0	0.0000000E+0	1.0000000E+2	0.0000000E+0
5.2709000E+1	6.1911537E+1	6.0395337E+1	0.0000000E+0	0.0000000E+0	1.0000000E+2	0.0000000E+0
5.2759000E+1	6.1918979E+1	6.0398364E+1	0.0000000E+0	0.0000000E+0	1.0000000E+2	0.0000000E+0
5.2809000E+1	6.1917019E+1	6.0403729E+1	0.0000000E+0	0.0000000E+0	1.0000000E+2	0.0000000E+0
5.2859000E+1	6.1926256E+1	6.0400288E+1	0.0000000E+0	0.0000000E+0	1.0000000E+2	0.0000000E+0
5.2909000E+1	6.1922822E+1	6.0395914E+1	0.0000000E+0	0.0000000E+0	1.0000000E+2	0.0000000E+0
5.2959000E+1	6.1941343E+1	6.0391366E+1	0.0000000E+0	0.0000000E+0	1.0000000E+2	0.0000000E+0
5.3009000E+1	6.1941428E+1	6.0398497E+1	0.0000000E+0	0.0000000E+0	1.0000000E+2	0.0000000E+0
5.3060000E+1	6.1947876E+1	6.0389139E+1	0.0000000E+0	0.0000000E+0	1.0000000E+2	0.0000000E+0
5.3110000E+1	6.1947419E+1	6.0383078E+1	0.0000000E+0	0.0000000E+0	1.0000000E+2	0.0000000E+0
5.3161000E+1	6.1915622E+1	6.0385991E+1	0.0000000E+0	0.0000000E+0	1.0000000E+2	0.0000000E+0
5.3211000E+1	6.1902648E+1	6.0386111E+1	0.0000000E+0	0.0000000E+0	1.0000000E+2	0.0000000E+0
5.3261000E+1	6.1897015E+1	6.0380022E+1	0.0000000E+0	0.0000000E+0	1.0000000E+2	0.0000000E+0
5.3313000E+1	6.1913048E+1	6.0385898E+1	0.0000000E+0	0.0000000E+0	1.0000000E+2	0.0000000E+0
5.3364000E+1	6.1931024E+1	6.0381727E+1	0.0000000E+0	0.0000000E+0	1.0000000E+2	0.0000000E+0
5.3415000E+1	6.1935904E+1	6.0397879E+1	0.0000000E+0	0.0000000E+0	1.0000000E+2	0.0000000E+0
5.3465000E+1	6.1950266E+1	6.0386423E+1	0.0000000E+0	0.0000000E+0	1.0000000E+2	0.0000000E+0
5.3515000E+1	6.1968229E+1	6.0395854E+1	0.0000000E+0	0.0000000E+0	1.0000000E+2	0.0000000E+0
5.3566000E+1	6.1976406E+1	6.0400677E+1	0.0000000E+0	0.0000000E+0	1.0000000E+2	0.0000000E+0
5.3616000E+1	6.1982932E+1	6.0408651E+1	0.0000000E+0	0.0000000E+0	1.0000000E+2	0.0000000E+0
5.3666000E+1	6.1975303E+1	6.0402969E+1	0.0000000E+0	0.0000000E+0	1.0000000E+2	0.0000000E+0
5.3716000E+1	6.1966118E+1	6.0396273E+1	0.0000000E+0	0.0000000E+0	1.0000000E+2	0.0000000E+0
5.3767000E+1	6.1978296E+1	6.0402157E+1	0.0000000E+0	0.0000000E+0	1.0000000E+2	0.0000000E+0
5.3817000E+1	6.1976409E+1	6.0406952E+1	0.0000000E+0	0.0000000E+0	1.0000000E+2	0.0000000E+0
5.3867000E+1	6.1992329E+1	6.0401343E+1	0.0000000E+0	0.0000000E+0	1.0000000E+2	0.0000000E+0
5.3917000E+1	6.1996463E+1	6.0414665E+1	0.0000000E+0	0.0000000E+0	1.0000000E+2	0.0000000E+0
5.3967000E+1	6.1978213E+1	6.0393111E+1	0.0000000E+0	0.0000000E+0	1.0000000E+2	0.0000000E+0
5.4017000E+1	6.1987900E+1	6.0414433E+1	0.0000000E+0	0.0000000E+0	1.0000000E+2	0.0000000E+0
5.4067000E+1	6.1958091E+1	6.0406086E+1	0.0000000E+0	0.0000000E+0	1.0000000E+2	0.0000000E+0
5.4117000E+1	6.1948631E+1	6.0421424E+1	0.0000000E+0	0.0000000E+0	1.0000000E+2	0.0000000E+0
5.4167000E+1	6.1956497E+1	6.0418896E+1	0.0000000E+0	0.0000000E+0	1.0000000E+2	0.0000000E+0
5.4217000E+1	6.1960386E+1	6.0409034E+1	0.0000000E+0	0.0000000E+0	1.0000000E+2	0.0000000E+0
5.4269000E+1	6.1957327E+1	6.0391052E+1	0.0000000E+0	0.0000000E+0	1.0000000E+2	0.0000000E+0
5.4319000E+1	6.1960797E+1	6.0417036E+1	0.0000000E+0	0.0000000E+0	1.0000000E+2	0.0000000E+0
5.4369000E+1	6.1968685E+1	6.0411929E+1	0.0000000E+0	0.0000000E+0	1.0000000E+2	0.0000000E+0
5.4419000E+1	6.1984018E+1	6.0420003E+1	0.0000000E+0	0.0000000E+0	1.0000000E+2	0.0000000E+0
5.4469000E+1	6.1982779E+1	6.0417364E+1	0.0000000E+0	0.0000000E+0	1.0000000E+2	0.0000000E+0
5.4519000E+1	6.1999767E+1	6.0418243E+1	0.0000000E+0	0.0000000E+0	1.0000000E+2	0.0000000E+0
5.4569000E+1	6.2008321E+1	6.0427503E+1	0.0000000E+0	0.0000000E+0	1.0000000E+2	0.0000000E+0
5.4619000E+1	6.2005173E+1	6.0422229E+1	0.0000000E+0	0.0000000E+0	1.0000000E+2	0.0000000E+0
5.4669000E+1	6.2018136E+1	6.0426948E+1	0.0000000E+0	0.0000000E+0	1.0000000E+2	0.0000000E+0
5.4719000E+1	6.2005252E+1	6.0417329E+1	0.0000000E+0	0.0000000E+0	1.0000000E+2	0.0000000E+0
5.4769000E+1	6.2014940E+1	6.0415089E+1	0.0000000E+0	0.0000000E+0	1.0000000E+2	0.0000000E+0
5.4819000E+1	6.2014892E+1	6.0421213E+1	0.0000000E+0	0.0000000E+0	1.0000000E+2	0.0000000E+0
5.4869000E+1	6.2017377E+1	6.0408991E+1	0.0000000E+0	0.0000000E+0	1.0000000E+2	0.0000000E+0
5.4919000E+1	6.1992500E+1	6.0402583E+1	0.0000000E+0	0.0000000E+0	1.0000000E+2	0.0000000E+0
5.4969000E+1	6.2014523E+1	6.0399174E+1	0.0000000E+0	0.0000000E+0	1.0000000E+2	0.0000000E+0
5.5019000E+1	6.2007119E+1	6.0391145E+1	0.0000000E+0	0.0000000E+0	1.0000000E+2	0.0000000E+0
5.5069000E+1	6.1980759E+1	6.0400658E+1	0.0000000E+0	0.0000000E+0	1.0000000E+2	0.0000000E+0
5.5119000E+1	6.1970843E+1	6.0408671E+1	0.0000000E+0	0.0000000E+0	1.0000000E+2	0.0000000E+0
5.5169000E+1	6.1975073E+1	6.0398046E+1	0.0000000E+0	0.0000000E+0	1.0000000E+2	0.0000000E+0
5.5219000E+1	6.2004057E+1	6.0410334E+1	0.0000000E+0	0.0000000E+0	1.0000000E+2	0.0000000E+0
5.5269000E+1	6.2040128E+1	6.0415144E+1	0.0000000E+0	0.0000000E+0	1.0000000E+2	0.0000000E+0
5.5319000E+1	6.2029536E+1	6.0409113E+1	0.0000000E+0	0.0000000E+0	1.0000000E+2	0.0000000E+0
5.5369000E+1	6.2055034E+1	6.0418640E+1	0.0000000E+0	0.0000000E+0	1.0000000E+2	0.0000000E+0
5.5419000E+1	6.2059088E+1	6.0417087E+1	0.0000000E+0	0.0000000E+0	1.0000000E+2	0.0000000E+0
5.5469000E+1	6.2061464E+1	6.0394910E+1	0.0000000E+0	0.0000000E+0	1.0000000E+2	0.0000000E+0
5.5519000E+1	6.2087488E+1	6.0416624E+1	0.0000000E+0	0.0000000E+0	1.0000000E+2	0.0000000E+0
5.5569000E+1	6.2101767E+1	6.0415389E+1	0.0000000E+0	0.0000000E+0	1.0000000E+2	0.0000000E+0
5.5620000E+1	6.2094062E+1	6.0418608E+1	0.0000000E+0	0.0000000E+0	1.0000000E+2	0.0000000E+0
5.5671000E+1	6.2117424E+1	6.0420880E+1	0.0000000E+0	0.0000000E+0	1.0000000E+2	0.0000000E+0
5.5721000E+1	6.2118044E+1	6.0421614E+1	0.0000000E+0	0.0000000E+0	1.0000000E+2	0.0000000E+0
5.5772000E+1	6.2123689E+1	6.0406620E+1	0.0000000E+0	0.0000000E+0	1.0000000E+2	0.0000000E+0
5.5822000E+1	6.2122465E+1	6.0400836E+1	0.0000000E+0	0.0000000E+0	1.0000000E+2	0.0000000E+0
5.5872000E+1	6.2128261E+1	6.0411047E+1	0.0000000E+0	0.0000000E+0	1.0000000E+2	0.0000000E+0
5.5922000E+1	6.2125562E+1	6.0391763E+1	0.0000000E+0	0.0000000E+0	1.0000000E+2	0.0000000E+0
5.5973000E+1	6.2113496E+1	6.0408832E+1	0.0000000E+0	0.0000000E+0	1.0000000E+2	0.0000000E+0
5.6023000E+1	6.2088649E+1	6.0409914E+1	0.0000000E+0	0.0000000E+0	1.0000000E+2	0.0000000E+0
5.6073000E+1	6.2093133E+1	6.0420360E+1	0.0000000E+0	0.0000000E+0	1.0000000E+2	0.0000000E+0
5.6123000E+1	6.2082837E+1	6.0406519E+1	0.0000000E+0	0.0000000E+0	1.0000000E+2	0.0000000E+0
5.6173000E+1	6.2081988E+1	6.0398653E+1	0.0000000E+0	0.0000000E+0	1.0000000E+2	0.0000000E+0
5.6223000E+1	6.2093191E+1	6.0396677E+1	0.0000000E+0	0.0000000E+0	1.0000000E+2	0.0000000E+0
5.6274000E+1	6.2110275E+1	6.0397042E+1	0.0000000E+0	0.0000000E+0	1.0000000E+2	0.0000000E+0
5.6324000E+1	6.2130404E+1	6.0407337E+1	0.0000000E+0	0.0000000E+0	1.0000000E+2	0.0000000E+0
5.6375000E+1	6.2130167E+1	6.0415574E+1	0.0000000E+0	0.0000000E+0	1.0000000E+2	0.0000000E+0
5.6426000E+1	6.2135836E+1	6.0421336E+1	0.0000000E+0	0.0000000E+0	1.0000000E+2	0.0000000E+0
5.6477000E+1	6.2140154E+1	6.0423503E+1	0.0000000E+0	0.0000000E+0	1.0000000E+2	0.0000000E+0
5.6528000E+1	6.2140870E+1	6.0418592E+1	0.0000000E+0	0.0000000E+0	1.0000000E+2	0.0000000E+0
5.6579000E+1	6.2129974E+1	6.0427063E+1	0.0000000E+0	0.0000000E+0	1.0000000E+2	0.0000000E+0
5.6629000E+1	6.2123005E+1	6.0417856E+1	0.0000000E+0	0.0000000E+0	1.0000000E+2	0.0000000E+0
5.6679000E+1	6.2144580E+1	6.0442104E+1	0.0000000E+0	0.0000000E+0	1.0000000E+2	0.0000000E+0
5.6729000E+1	6.2138516E+1	6.0424628E+1	0.0000000E+0	0.0000000E+0	1.0000000E+2	0.0000000E+0
5.6779000E+1	6.2154621E+1	6.0427976E+1	0.0000000E+0	0.0000000E+0	1.0000000E+2	0.0000000E+0
5.6829000E+1	6.2184540E+1	6.0436665E+1	0.0000000E+0	0.0000000E+0	1.0000000E+2	0.0000000E+0
5.6879000E+1	6.2181801E+1	6.0425672E+1	0.0000000E+0	0.0000000E+0	1.0000000E+2	0.0000000E+0
5.6929000E+1	6.2172931E+1	6.0420684E+1	0.0000000E+0	0.0000000E+0	1.0000000E+2	0.0000000E+0
5.6979000E+1	6.2174832E+1	6.0420843E+1	0.0000000E+0	0.0000000E+0	1.0000000E+2	0.0000000E+0
5.7029000E+1	6.2204701E+1	6.0437804E+1	0.0000000E+0	0.0000000E+0	1.0000000E+2	0.0000000E+0
5.7079000E+1	6.2211283E+1	6.0451536E+1	0.0000000E+0	0.0000000E+0	1.0000000E+2	0.0000000E+0
5.7129000E+1	6.2223857E+1	6.0458330E+1	0.0000000E+0	0.0000000E+0	1.0000000E+2	0.0000000E+0
5.7180000E+1	6.2232185E+1	6.0457974E+1	0.0000000E+0	0.0000000E+0	1.0000000E+2	0.0000000E+0
5.7230000E+1	6.2236531E+1	6.0449658E+1	0.0000000E+0	0.0000000E+0	1.0000000E+2	0.0000000E+0
5.7280000E+1	6.2241525E+1	6.0461836E+1	0.0000000E+0	0.0000000E+0	1.0000000E+2	0.0000000E+0
5.7330000E+1	6.2256247E+1	6.0456124E+1	0.0000000E+0	0.0000000E+0	1.0000000E+2	0.0000000E+0
5.7380000E+1	6.2268320E+1	6.0451500E+1	0.0000000E+0	0.0000000E+0	1.0000000E+2	0.0000000E+0
5.7430000E+1	6.2263401E+1	6.0442685E+1	0.0000000E+0	0.0000000E+0	1.0000000E+2	0.0000000E+0
5.7480000E+1	6.2252481E+1	6.0452357E+1	0.0000000E+0	0.0000000E+0	1.0000000E+2	0.0000000E+0
5.7530000E+1	6.2254476E+1	6.0452823E+1	0.0000000E+0	0.0000000E+0	1.0000000E+2	0.0000000E+0
5.7580000E+1	6.2252749E+1	6.0449956E+1	0.0000000E+0	0.0000000E+0	1.0000000E+2	0.0000000E+0
5.7631000E+1	6.2277123E+1	6.0468929E+1	0.0000000E+0	0.0000000E+0	1.0000000E+2	0.0000000E+0
5.7681000E+1	6.2280854E+1	6.0481266E+1	0.0000000E+0	0.0000000E+0	1.0000000E+2	0.0000000E+0
5.7731000E+1	6.2280843E+1	6.0468768E+1	0.0000000E+0	0.0000000E+0	1.0000000E+2	0.0000000E+0
5.7781000E+1	6.2273164E+1	6.0468292E+1	0.0000000E+0	0.0000000E+0	1.0000000E+2	0.0000000E+0
5.7831000E+1	6.2297731E+1	6.0481126E+1	0.0000000E+0	0.0000000E+0	1.0000000E+2	0.0000000E+0
5.7881000E+1	6.2313344E+1	6.0487372E+1	0.0000000E+0	0.0000000E+0	1.0000000E+2	0.0000000E+0
5.7931000E+1	6.2304473E+1	6.0480249E+1	0.0000000E+0	0.0000000E+0	1.0000000E+2	0.0000000E+0
5.7981000E+1	6.2311553E+1	6.0483868E+1	0.0000000E+0	0.0000000E+0	1.0000000E+2	0.0000000E+0
5.8031000E+1	6.2310113E+1	6.0483654E+1	0.0000000E+0	0.0000000E+0	1.0000000E+2	0.0000000E+0
5.8082000E+1	6.2301169E+1	6.0497368E+1	0.0000000E+0	0.0000000E+0	1.0000000E+2	0.0000000E+0
5.8132000E+1	6.2310390E+1	6.0495278E+1	0.0000000E+0	0.0000000E+0	1.0000000E+2	0.0000000E+0
5.8182000E+1	6.2336756E+1	6.0496177E+1	0.0000000E+0	0.0000000E+0	1.0000000E+2	0.0000000E+0
5.8232000E+1	6.2319929E+1	6.0496199E+1	0.0000000E+0	0.0000000E+0	1.0000000E+2	0.0000000E+0
5.8283000E+1	6.2352820E+1	6.0501751E+1	0.0000000E+0	0.0000000E+0	1.0000000E+2	0.0000000E+0
5.8333000E+1	6.2352042E+1	6.0519073E+1	0.0000000E+0	0.0000000E+0	1.0000000E+2	0.0000000E+0
5.8383000E+1	6.2347271E+1	6.0504542E+1	0.0000000E+0	0.0000000E+0	1.0000000E+2	0.0000000E+0
5.8434000E+1	6.2353399E+1	6.0509100E+1	0.0000000E+0	0.0000000E+0	1.0000000E+2	0.0000000E+0
5.8484000E+1	6.2377880E+1	6.0507662E+1	0.0000000E+0	0.0000000E+0	1.0000000E+2	0.0000000E+0
5.8534000E+1	6.2371504E+1	6.0508281E+1	0.0000000E+0	0.0000000E+0	1.0000000E+2	0.0000000E+0
5.8585000E+1	6.2387401E+1	6.0521958E+1	0.0000000E+0	0.0000000E+0	1.0000000E+2	0.0000000E+0
5.8636000E+1	6.2386758E+1	6.0527954E+1	0.0000000E+0	0.0000000E+0	1.0000000E+2	0.0000000E+0
5.8687000E+1	6.2388123E+1	6.0512045E+1	0.0000000E+0	0.0000000E+0	1.0000000E+2	0.0000000E+0
5.8737000E+1	6.2403206E+1	6.0515505E+1	0.0000000E+0	0.0000000E+0	1.0000000E+2	0.0000000E+0
5.8787000E+1	6.2414487E+1	6.0522872E+1	0.0000000E+0	0.0000000E+0	1.0000000E+2	0.0000000E+0
5.8837000E+1	6.2431157E+1	6.0536545E+1	0.0000000E+0	0.0000000E+0	1.0000000E+2	0.0000000E+0
5.8887000E+1	6.2415220E+1	6.0533939E+1	0.0000000E+0	0.0000000E+0	1.0000000E+2	0.0000000E+0
5.8937000E+1	6.2414469E+1	6.0526309E+1	0.0000000E+0	0.0000000E+0	1.0000000E+2	0.0000000E+0
5.8987000E+1	6.2405586E+1	6.0538028E+1	0.0000000E+0	0.0000000E+0	1.0000000E+2	0.0000000E+0
5.9037000E+1	6.2408467E+1	6.0534971E+1	0.0000000E+0	0.0000000E+0	1.0000000E+2	0.0000000E+0
5.9087000E+1	6.2390340E+1	6.0537410E+1	0.0000000E+0	0.0000000E+0	1.0000000E+2	0.0000000E+0
5.9137000E+1	6.2393388E+1	6.0546797E+1	0.0000000E+0	0.0000000E+0	1.0000000E+2	0.0000000E+0
5.9187000E+1	6.2337604E+1	6.0537358E+1	0.0000000E+0	0.0000000E+0	1.0000000E+2	0.0000000E+0
5.9237000E+1	6.2322518E+1	6.0543828E+1	0.0000000E+0	0.0000000E+0	1.0000000E+2	0.0000000E+0
5.9288000E+1	6.2322268E+1	6.0548048E+1	0.0000000E+0	0.0000000E+0	1.0000000E+2	0.0000000E+0
5.9338000E+1	6.2319952E+1	6.0539844E+1	0.0000000E+0	0.0000000E+0	1.0000000E+2	0.0000000E+0
5.9389000E+1	6.2321911E+1	6.0538021E+1	0.0000000E+0	0.0000000E+0	1.0000000E+2	0.0000000E+0
5.9439000E+1	6.2332405E+1	6.0531481E+1	0.0000000E+0	0.0000000E+0	1.0000000E+2	0.0000000E+0
5.9489000E+1	6.2349492E+1	6.0538413E+1	0.0000000E+0	0.0000000E+0	1.0000000E+2	0.0000000E+0
5.9539000E+1	6.2355791E+1	6.0538849E+1	0.0000000E+0	0.0000000E+0	1.0000000E+2	0.0000000E+0
5.9589000E+1	6.2385206E+1	6.0540503E+1	0.0000000E+0	0.0000000E+0	1.0000000E+2	0.0000000E+0
5.9639000E+1	6.2406007E+1	6.0537706E+1	0.0000000E+0	0.0000000E+0	1.0000000E+2	0.0000000E+0
5.9689000E+1	6.2415094E+1	6.0534265E+1	0.0000000E+0	0.0000000E+0	1.0000000E+2	0.0000000E+0
5.9739000E+1	6.2410878E+1	6.0539663E+1	0.0000000E+0	0.0000000E+0	1.0000000E+2	0.0000000E+0
5.9789000E+1	6.2418085E+1	6.0541314E+1	0.0000000E+0	0.0000000E+0	1.0000000E+2	0.0000000E+0
5.9839000E+1	6.2416660E+1	6.0538505E+1	0.0000000E+0	0.0000000E+0	1.0000000E+2	0.0000000E+0
5.9889000E+1	6.2422861E+1	6.0533945E+1	0.0000000E+0	0.0000000E+0	1.0000000E+2	0.0000000E+0
5.9939000E+1	6.2416217E+1	6.0529669E+1	0.0000000E+0	0.0000000E+0	1.0000000E+2	0.0000000E+0
5.9989000E+1	6.2411823E+1	6.0524051E+1	0.0000000E+0	0.0000000E+0	1.0000000E+2	0.0000000E+0
6.0039000E+1	6.2427691E+1	6.0520338E+1	0.0000000E+0	0.0000000E+0	1.0000000E+2	0.0000000E+0
6.0089000E+1	6.2445017E+1	6.0524674E+1	0.0000000E+0	0.0000000E+0	1.0000000E+2	0.0000000E+0
6.0139000E+1	6.2407243E+1	6.0513524E+1	0.0000000E+0	0.0000000E+0	1.0000000E+2	0.0000000E+0
6.0190000E+1	6.2386565E+1	6.0499474E+1	0.0000000E+0	0.0000000E+0	1.0000000E+2	0.0000000E+0
6.0240000E+1	6.2404484E+1	6.0503282E+1	0.0000000E+0	0.0000000E+0	1.0000000E+2	0.0000000E+0
6.0291000E+1	6.2391952E+1	6.0508105E+1	0.0000000E+0	0.0000000E+0	1.0000000E+2	0.0000000E+0
6.0341000E+1	6.2409110E+1	6.0531814E+1	0.0000000E+0	0.0000000E+0	1.0000000E+2	0.0000000E+0
6.0391000E+1	6.2381224E+1	6.0529048E+1	0.0000000E+0	0.0000000E+0	1.0000000E+2	0.0000000E+0
6.0441000E+1	6.2365155E+1	6.0523082E+1	0.0000000E+0	0.0000000E+0	1.0000000E+2	0.0000000E+0
6.0491000E+1	6.2347740E+1	6.0524974E+1	0.0000000E+0	0.0000000E+0	1.0000000E+2	0.0000000E+0
6.0541000E+1	6.2358681E+1	6.0523691E+1	0.0000000E+0	0.0000000E+0	1.0000000E+2	0.0000000E+0
6.0591000E+1	6.2344994E+1	6.0508700E+1	0.0000000E+0	0.0000000E+0	1.0000000E+2	0.0000000E+0
6.0641000E+1	6.2355705E+1	6.0518528E+1	0.0000000E+0	0.0000000E+0	1.0000000E+2	0.0000000E+0
6.0691000E+1	6.2338422E+1	6.0512421E+1	0.0000000E+0	0.0000000E+0	1.0000000E+2	0.0000000E+0
6.0741000E+1	6.2353667E+1	6.0492966E+1	0.0000000E+0	0.0000000E+0	1.0000000E+2	0.0000000E+0
6.0791000E+1	6.2378502E+1	6.0522454E+1	0.0000000E+0	0.0000000E+0	1.0000000E+2	0.0000000E+0
6.0841000E+1	6.2378182E+1	6.0505958E+1	0.0000000E+0	0.0000000E+0	1.0000000E+2	0.0000000E+0
6.0891000E+1	6.2372785E+1	6.0511324E+1	0.0000000E+0	0.0000000E+0	1.0000000E+2	0.0000000E+0
6.0941000E+1	6.2387565E+1	6.0502991E+1	0.0000000E+0	0.0000000E+0	1.0000000E+2	0.0000000E+0
6.0991000E+1	6.2380060E+1	6.0494047E+1	0.0000000E+0	0.0000000E+0	1.0000000E+2	0.0000000E+0
6.1041000E+1	6.2380310E+1	6.0488153E+1	0.0000000E+0	0.0000000E+0	1.0000000E+2	0.0000000E+0
6.1091000E+1	6.2370630E+1	6.0511522E+1	0.0000000E+0	0.0000000E+0	1.0000000E+2	0.0000000E+0
6.1141000E+1	6.2354662E+1	6.0494814E+1	0.0000000E+0	0.0000000E+0	1.0000000E+2	0.0000000E+0
6.1191000E+1	6.2327518E+1	6.0499103E+1	0.0000000E+0	0.0000000E+0	1.0000000E+2	0.0000000E+0
6.1241000E+1	6.2340890E+1	6.0520778E+1	0.0000000E+0	0.0000000E+0	1.0000000E+2	0.0000000E+0
6.1291000E+1	6.2362689E+1	6.0524001E+1	0.0000000E+0	0.0000000E+0	1.0000000E+2	0.0000000E+0
6.1341000E+1	6.2335653E+1	6.0499477E+1	0.0000000E+0	0.0000000E+0	1.0000000E+2	0.0000000E+0
6.1392000E+1	6.2340399E+1	6.0496645E+1	0.0000000E+0	0.0000000E+0	1.0000000E+2	0.0000000E+0
6.1442000E+1	6.2326466E+1	6.0487427E+1	0.0000000E+0	0.0000000E+0	1.0000000E+2	0.0000000E+0
6.1492000E+1	6.2310908E+1	6.0469521E+1	0.0000000E+0	0.0000000E+0	1.0000000E+2	0.0000000E+0
6.1543000E+1	6.2312113E+1	6.0480324E+1	0.0000000E+0	0.0000000E+0	1.0000000E+2	0.0000000E+0
6.1593000E+1	6.2305829E+1	6.0473786E+1	0.0000000E+0	0.0000000E+0	1.0000000E+2	0.0000000E+0
6.1643000E+1	6.2284497E+1	6.0470921E+1	0.0000000E+0	0.0000000E+0	1.0000000E+2	0.0000000E+0
6.1693000E+1	6.2250152E+1	6.0457852E+1	0.0000000E+0	0.0000000E+0	1.0000000E+2	0.0000000E+0
6.1743000E+1	6.2233689E+1	6.0448859E+1	0.0000000E+0	0.0000000E+0	1.0000000E+2	0.0000000E+0
6.1793000E+1	6.2218256E+1	6.0451084E+1	0.0000000E+0	0.0000000E+0	1.0000000E+2	0.0000000E+0
6.1843000E+1	6.2187847E+1	6.0429657E+1	0.0000000E+0	0.0000000E+0	1.0000000E+2	0.0000000E+0
6.1893000E+1	6.2171815E+1	6.0426360E+1	0.0000000E+0	0.0000000E+0	1.0000000E+2	0.0000000E+0
6.1943000E+1	6.2149042E+1	6.0427444E+1	0.0000000E+0	0.0000000E+0	1.0000000E+2	0.0000000E+0
6.1993000E+1	6.2147388E+1	6.0412350E+1	0.0000000E+0	0.0000000E+0	1.0000000E+2	0.0000000E+0
6.2043000E+1	6.2119911E+1	6.0416778E+1	0.0000000E+0	0.0000000E+0	1.0000000E+2	0.0000000E+0
6.2093000E+1	6.2096178E+1	6.0425530E+1	0.0000000E+0	0.0000000E+0	1.0000000E+2	0.0000000E+0
6.2143000E+1	6.2052793E+1	6.0411156E+1	0.0000000E+0	0.0000000E+0	1.0000000E+2	0.0000000E+0
6.2193000E+1	6.2036669E+1	6.0411945E+1	0.0000000E+0	0.0000000E+0	1.0000000E+2	0.0000000E+0
6.2243000E+1	6.2043916E+1	6.0410427E+1	0.0000000E+0	0.0000000E+0	1.0000000E+2	0.0000000E+0
6.2293000E+1	6.2039299E+1	6.0404541E+1	0.0000000E+0	0.0000000E+0	1.0000000E+2	0.0000000E+0
6.2343000E+1	6.2020843E+1	6.0402618E+1	0.0000000E+0	0.0000000E+0	1.0000000E+2	0.0000000E+0
6.2393000E+1	6.2038130E+1	6.0414958E+1	0.0000000E+0	0.0000000E+0	1.0000000E+2	0.0000000E+0
6.2443000E+1	6.2020606E+1	6.0415755E+1	0.0000000E+0	0.0000000E+0	1.0000000E+2	0.0000000E+0
6.2493000E+1	6.2006480E+1	6.0414781E+1	0.0000000E+0	0.0000000E+0	1.0000000E+2	0.0000000E+0
6.2543000E+1	6.1996706E+1	6.0408770E+1	0.0000000E+0	0.0000000E+0	1.0000000E+2	0.0000000E+0
6.2593000E+1	6.1975266E+1	6.0415130E+1	0.0000000E+0	0.0000000E+0	1.0000000E+2	0.0000000E+0
6.2643000E+1	6.1954953E+1	6.0412031E+1	0.0000000E+0	0.0000000E+0	1.0000000E+2	0.0000000E+0
6.2693000E+1	6.1950516E+1	6.0423726E+1	0.0000000E+0	0.0000000E+0	1.0000000E+2	0.0000000E+0
6.2743000E+1	6.1971250E+1	6.0449803E+1	0.0000000E+0	0.0000000E+0	1.0000000E+2	0.0000000E+0
6.2793000E+1	6.1968040E+1	6.0442992E+1	0.0000000E+0	0.0000000E+0	1.0000000E+2	0.0000000E+0
6.2843000E+1	6.1956749E+1	6.0438917E+1	0.0000000E+0	0.0000000E+0	1.0000000E+2	0.0000000E+0
6.2893000E+1	6.1942100E+1	6.0432277E+1	0.0000000E+0	0.0000000E+0	1.0000000E+2	0.0000000E+0
6.2943000E+1	6.1917248E+1	6.0439006E+1	0.0000000E+0	0.0000000E+0	1.0000000E+2	0.0000000E+0
6.2994000E+1	6.1881344E+1	6.0433502E+1	0.0000000E+0	0.0000000E+0	1.0000000E+2	0.0000000E+0
6.3045000E+1	6.1854402E+1	6.0424976E+1	0.0000000E+0	0.0000000E+0	1.0000000E+2	0.0000000E+0
6.3096000E+1	6.1851484E+1	6.0429769E+1	0.0000000E+0	0.0000000E+0	1.0000000E+2	0.0000000E+0
6.3146000E+1	6.1849055E+1	6.0433065E+1	0.0000000E+0	0.0000000E+0	1.0000000E+2	0.0000000E+0
6.3197000E+1	6.1827374E+1	6.0435810E+1	0.0000000E+0	0.0000000E+0	1.0000000E+2	0.0000000E+0
6.3249000E+1	6.1832876E+1	6.0435366E+1	0.0000000E+0	0.0000000E+0	1.0000000E+2	0.0000000E+0
6.3300000E+1	6.1826536E+1	6.0460775E+1	0.0000000E+0	0.0000000E+0	1.0000000E+2	0.0000000E+0
6.3351000E+1	6.1811666E+1	6.0455164E+1	0.0000000E+0	0.0000000E+0	1.0000000E+2	0.0000000E+0
6.3402000E+1	6.1794921E+1	6.0458303E+1	0.0000000E+0	0.0000000E+0	1.0000000E+2	0.0000000E+0
6.3452000E+1	6.1782658E+1	6.0459462E+1	0.0000000E+0	0.0000000E+0	1.0000000E+2	0.0000000E+0
6.3502000E+1	6.1783603E+1	6.0460023E+1	0.0000000E+0	0.0000000E+0	1.0000000E+2	0.0000000E+0
6.3552000E+1	6.1786971E+1	6.0473012E+1	0.0000000E+0	0.0000000E+0	1.0000000E+2	0.0000000E+0
6.3602000E+1	6.1801542E+1	6.0458296E+1	0.0000000E+0	0.0000000E+0	1.0000000E+2	0.0000000E+0
6.3652000E+1	6.1805812E+1	6.0468764E+1	0.0000000E+0	0.0000000E+0	1.0000000E+2	0.0000000E+0
6.3703000E+1	6.1813811E+1	6.0478651E+1	0.0000000E+0	0.0000000E+0	1.0000000E+2	0.0000000E+0
6.3754000E+1	6.1831851E+1	6.0481857E+1	0.0000000E+0	0.0000000E+0	1.0000000E+2	0.0000000E+0
6.3805000E+1	6.1815930E+1	6.0480966E+1	0.0000000E+0	0.0000000E+0	1.0000000E+2	0.0000000E+0
6.3855000E+1	6.1793761E+1	6.0502139E+1	0.0000000E+0	0.0000000E+0	1.0000000E+2	0.0000000E+0
6.3905000E+1	6.1783039E+1	6.0510443E+1	0.0000000E+0	0.0000000E+0	1.0000000E+2	0.0000000E+0
6.3955000E+1	6.1776699E+1	6.0499712E+1	0.0000000E+0	0.0000000E+0	1.0000000E+2	0.0000000E+0
6.4005000E+1	6.1778392E+1	6.0493052E+1	0.0000000E+0	0.0000000E+0	1.0000000E+2	0.0000000E+0
6.4055000E+1	6.1794863E+1	6.0489000E+1	0.0000000E+0	0.0000000E+0	1.0000000E+2	0.0000000E+0
6.4106000E+1	6.1806574E+1	6.0483647E+1	0.0000000E+0	0.0000000E+0	1.0000000E+2	0.0000000E+0
6.4156000E+1	6.1811188E+1	6.0476432E+1	0.0000000E+0	0.0000000E+0	1.0000000E+2	0.0000000E+0
6.4206000E+1	6.1819304E+1	6.0475983E+1	0.0000000E+0	0.0000000E+0	1.0000000E+2	0.0000000E+0
6.4257000E+1	6.1818483E+1	6.0472874E+1	0.0000000E+0	0.0000000E+0	1.0000000E+2	0.0000000E+0
6.4307000E+1	6.1847125E+1	6.0472090E+1	0.0000000E+0	0.0000000E+0	1.0000000E+2	0.0000000E+0
6.4357000E+1	6.1857849E+1	6.0474810E+1	0.0000000E+0	0.0000000E+0	1.0000000E+2	0.0000000E+0
6.4407000E+1	6.1874756E+1	6.0469753E+1	0.0000000E+0	0.0000000E+0	1.0000000E+2	0.0000000E+0
6.4457000E+1	6.1889107E+1	6.0471652E+1	0.0000000E+0	0.0000000E+0	1.0000000E+2	0.0000000E+0
6.4508000E+1	6.1939352E+1	6.0476127E+1	0.0000000E+0	0.0000000E+0	1.0000000E+2	0.0000000E+0
6.4558000E+1	6.1963133E+1	6.0470014E+1	0.0000000E+0	0.0000000E+0	1.0000000E+2	0.0000000E+0
6.4608000E+1	6.1995009E+1	6.0471772E+1	0.0000000E+0	0.0000000E+0	1.0000000E+2	0.0000000E+0
6.4658000E+1	6.2001097E+1	6.0470217E+1	0.0000000E+0	0.0000000E+0	1.0000000E+2	0.0000000E+0
6.4709000E+1	6.2023232E+1	6.0472570E+1	0.0000000E+0	0.0000000E+0	1.0000000E+2	0.0000000E+0
6.4759000E+1	6.2013789E+1	6.0487913E+1	0.0000000E+0	0.0000000E+0	1.0000000E+2	0.0000000E+0
6.4809000E+1	6.2015811E+1	6.0481655E+1	0.0000000E+0	0.0000000E+0	1.0000000E+2	0.0000000E+0
6.4859000E+1	6.2023293E+1	6.0470525E+1	0.0000000E+0	0.0000000E+0	1.0000000E+2	0.0000000E+0
6.4909000E+1	6.2075301E+1	6.0482573E+1	0.0000000E+0	0.0000000E+0	1.0000000E+2	0.0000000E+0
6.4959000E+1	6.2129858E+1	6.0485859E+1	0.0000000E+0	0.0000000E+0	1.0000000E+2	0.0000000E+0
6.5009000E+1	6.2178188E+1	6.0494127E+1	0.0000000E+0	0.0000000E+0	1.0000000E+2	0.0000000E+0
6.5060000E+1	6.2223699E+1	6.0490278E+1	0.0000000E+0	0.0000000E+0	1.0000000E+2	0.0000000E+0
6.5110000E+1	6.2241145E+1	6.0471957E+1	0.0000000E+0	0.0000000E+0	1.0000000E+2	0.0000000E+0
6.5160000E+1	6.2276952E+1	6.0486954E+1	0.0000000E+0	0.0000000E+0	1.0000000E+2	0.0000000E+0
6.5210000E+1	6.2323571E+1	6.0482003E+1	0.0000000E+0	0.0000000E+0	1.0000000E+2	0.0000000E+0
6.5261000E+1	6.2338655E+1	6.0474061E+1	0.0000000E+0	0.0000000E+0	1.0000000E+2	0.0000000E+0
6.5311000E+1	6.2362031E+1	6.0490062E+1	0.0000000E+0	0.0000000E+0	1.0000000E+2	0.0000000E+0
6.5361000E+1	6.2384712E+1	6.0498106E+1	0.0000000E+0	0.0000000E+0	1.0000000E+2	0.0000000E+0
6.5411000E+1	6.2412523E+1	6.0483395E+1	0.0000000E+0	0.0000000E+0	1.0000000E+2	0.0000000E+0
6.5462000E+1	6.2453055E+1	6.0487306E+1	0.0000000E+0	0.0000000E+0	1.0000000E+2	0.0000000E+0
6.5512000E+1	6.2479483E+1	6.0509767E+1	0.0000000E+0	0.0000000E+0	1.0000000E+2	0.0000000E+0
6.5562000E+1	6.2530028E+1	6.0513174E+1	0.0000000E+0	0.0000000E+0	1.0000000E+2	0.0000000E+0
6.5612000E+1	6.2546531E+1	6.0503926E+1	0.0000000E+0	0.0000000E+0	1.0000000E+2	0.0000000E+0
6.5662000E+1	6.2548532E+1	6.0506850E+1	0.0000000E+0	0.0000000E+0	1.0000000E+2	0.0000000E+0
6.5712000E+1	6.2575265E+1	6.0517644E+1	0.0000000E+0	0.0000000E+0	1.0000000E+2	0.0000000E+0
6.5762000E+1	6.2604790E+1	6.0509694E+1	0.0000000E+0	0.0000000E+0	1.0000000E+2	0.0000000E+0
6.5813000E+1	6.2621758E+1	6.0506391E+1	0.0000000E+0	0.0000000E+0	1.0000000E+2	0.0000000E+0
6.5863000E+1	6.2644251E+1	6.0510278E+1	0.0000000E+0	0.0000000E+0	1.0000000E+2	0.0000000E+0
6.5913000E+1	6.2663376E+1	6.0501927E+1	0.0000000E+0	0.0000000E+0	1.0000000E+2	0.0000000E+0
6.5963000E+1	6.2663570E+1	6.0496157E+1	0.0000000E+0	0.0000000E+0	1.0000000E+2	0.0000000E+0
6.6013000E+1	6.2695251E+1	6.0510158E+1	0.0000000E+0	0.0000000E+0	1.0000000E+2	0.0000000E+0
6.6063000E+1	6.2720737E+1	6.0517603E+1	0.0000000E+0	0.0000000E+0	1.0000000E+2	0.0000000E+0
6.6113000E+1	6.2733922E+1	6.0520581E+1	0.0000000E+0	0.0000000E+0	1.0000000E+2	0.0000000E+0
6.6164000E+1	6.2739852E+1	6.0519326E+1	0.0000000E+0	0.0000000E+0	1.0000000E+2	0.0000000E+0
6.6215000E+1	6.2743596E+1	6.0517150E+1	0.0000000E+0	0.0000000E+0	1.0000000E+2	0.0000000E+0
6.6265000E+1	6.2761591E+1	6.0527039E+1	0.0000000E+0	0.0000000E+0	1.0000000E+2	0.0000000E+0
6.6315000E+1	6.2757073E+1	6.0511433E+1	0.0000000E+0	0.0000000E+0	1.0000000E+2	0.0000000E+0
6.6365000E+1	6.2759527E+1	6.0499792E+1	0.0000000E+0	0.0000000E+0	1.0000000E+2	0.0000000E+0
6.6415000E+1	6.2796106E+1	6.0509469E+1	0.0000000E+0	0.0000000E+0	1.0000000E+2	0.0000000E+0
6.6465000E+1	6.2808502E+1	6.0504985E+1	0.0000000E+0	0.0000000E+0	1.0000000E+2	0.0000000E+0
6.6515000E+1	6.2837095E+1	6.0521947E+1	0.0000000E+0	0.0000000E+0	1.0000000E+2	0.0000000E+0
6.6565000E+1	6.2848160E+1	6.0526077E+1	0.0000000E+0	0.0000000E+0	1.0000000E+2	0.0000000E+0
6.6615000E+1	6.2860612E+1	6.0528060E+1	0.0000000E+0	0.0000000E+0	1.0000000E+2	0.0000000E+0
6.6665000E+1	6.2877128E+1	6.0525022E+1	0.0000000E+0	0.0000000E+0	1.0000000E+2	0.0000000E+0
6.6715000E+1	6.2887304E+1	6.0518831E+1	0.0000000E+0	0.0000000E+0	1.0000000E+2	0.0000000E+0
6.6766000E+1	6.2891700E+1	6.0518824E+1	0.0000000E+0	0.0000000E+0	1.0000000E+2	0.0000000E+0
6.6816000E+1	6.2913285E+1	6.0551227E+1	0.0000000E+0	0.0000000E+0	1.0000000E+2	0.0000000E+0
6.6866000E+1	6.2917496E+1	6.0539625E+1	0.0000000E+0	0.0000000E+0	1.0000000E+2	0.0000000E+0
6.6916000E+1	6.2943309E+1	6.0527977E+1	0.0000000E+0	0.0000000E+0	1.0000000E+2	0.0000000E+0
6.6966000E+1	6.2952898E+1	6.0541351E+1	0.0000000E+0	0.0000000E+0	1.0000000E+2	0.0000000E+0
6.7016000E+1	6.2967814E+1	6.0535852E+1	0.0000000E+0	0.0000000E+0	1.0000000E+2	0.0000000E+0
6.7067000E+1	6.3004187E+1	6.0542768E+1	0.0000000E+0	0.0000000E+0	1.0000000E+2	0.0000000E+0
6.7118000E+1	6.3015255E+1	6.0546254E+1	0.0000000E+0	0.0000000E+0	1.0000000E+2	0.0000000E+0
6.7168000E+1	6.3008114E+1	6.0537403E+1	0.0000000E+0	0.0000000E+0	1.0000000E+2	0.0000000E+0
6.7218000E+1	6.3009147E+1	6.0544015E+1	0.0000000E+0	0.0000000E+0	1.0000000E+2	0.0000000E+0
6.7268000E+1	6.3007381E+1	6.0552301E+1	0.0000000E+0	0.0000000E+0	1.0000000E+2	0.0000000E+0
6.7318000E+1	6.3011524E+1	6.0563345E+1	0.0000000E+0	0.0000000E+0	1.0000000E+2	0.0000000E+0
6.7368000E+1	6.2952407E+1	6.0555071E+1	0.0000000E+0	0.0000000E+0	1.0000000E+2	0.0000000E+0
6.7418000E+1	6.2919720E+1	6.0556109E+1	0.0000000E+0	0.0000000E+0	1.0000000E+2	0.0000000E+0
6.7469000E+1	6.2889626E+1	6.0552407E+1	0.0000000E+0	0.0000000E+0	1.0000000E+2	0.0000000E+0
6.7519000E+1	6.2911539E+1	6.0554783E+1	0.0000000E+0	0.0000000E+0	1.0000000E+2	0.0000000E+0
6.7569000E+1	6.2903820E+1	6.0553780E+1	0.0000000E+0	0.0000000E+0	1.0000000E+2	0.0000000E+0
6.7619000E+1	6.2912976E+1	6.0555116E+1	0.0000000E+0	0.0000000E+0	1.0000000E+2	0.0000000E+0
6.7670000E+1	6.2909866E+1	6.0555733E+1	0.0000000E+0	0.0000000E+0	1.0000000E+2	0.0000000E+0
6.7720000E+1	6.2896687E+1	6.0539972E+1	0.0000000E+0	0.0000000E+0	1.0000000E+2	0.0000000E+0
6.7770000E+1	6.2897614E+1	6.0549639E+1	0.0000000E+0	0.0000000E+0	1.0000000E+2	0.0000000E+0
6.7820000E+1	6.2886322E+1	6.0545158E+1	0.0000000E+0	0.0000000E+0	1.0000000E+2	0.0000000E+0
6.7870000E+1	6.2890830E+1	6.0560840E+1	0.0000000E+0	0.0000000E+0	1.0000000E+2	0.0000000E+0
6.7920000E+1	6.2852390E+1	6.0540918E+1	0.0000000E+0	0.0000000E+0	1.0000000E+2	0.0000000E+0
6.7970000E+1	6.2825620E+1	6.0545510E+1	0.0000000E+0	0.0000000E+0	1.0000000E+2	0.0000000E+0
6.8020000E+1	6.2811879E+1	6.0534701E+1	0.0000000E+0	0.0000000E+0	1.0000000E+2	0.0000000E+0
6.8070000E+1	6.2803542E+1	6.0531157E+1	0.0000000E+0	0.0000000E+0	1.0000000E+2	0.0000000E+0
6.8121000E+1	6.2766410E+1	6.0511945E+1	0.0000000E+0	0.0000000E+0	1.0000000E+2	0.0000000E+0
6.8171000E+1	6.2741093E+1	6.0522654E+1	0.0000000E+0	0.0000000E+0	1.0000000E+2	0.0000000E+0
6.8222000E+1	6.2738528E+1	6.0541990E+1	0.0000000E+0	0.0000000E+0	1.0000000E+2	0.0000000E+0
6.8272000E+1	6.2706803E+1	6.0543101E+1	0.0000000E+0	0.0000000E+0	1.0000000E+2	0.0000000E+0
6.8322000E+1	6.2660159E+1	6.0531832E+1	0.0000000E+0	0.0000000E+0	1.0000000E+2	0.0000000E+0
6.8373000E+1	6.2662718E+1	6.0546849E+1	0.0000000E+0	0.0000000E+0	1.0000000E+2	0.0000000E+0
6.8423000E+1	6.2642801E+1	6.0533586E+1	0.0000000E+0	0.0000000E+0	1.0000000E+2	0.0000000E+0
6.8473000E+1	6.2626918E+1	6.0549188E+1	0.0000000E+0	0.0000000E+0	1.0000000E+2	0.0000000E+0
6.8523000E+1	6.2604745E+1	6.0523968E+1	0.0000000E+0	0.0000000E+0	1.0000000E+2	0.0000000E+0
6.8573000E+1	6.2607223E+1	6.0549731E+1	0.0000000E+0	0.0000000E+0	1.0000000E+2	0.0000000E+0
6.8623000E+1	6.2568082E+1	6.0534360E+1	0.0000000E+0	0.0000000E+0	1.0000000E+2	0.0000000E+0
6.8673000E+1	6.2567766E+1	6.0545553E+1	0.0000000E+0	0.0000000E+0	1.0000000E+2	0.0000000E+0
6.8723000E+1	6.2553034E+1	6.0550298E+1	0.0000000E+0	0.0000000E+0	1.0000000E+2	0.0000000E+0
6.8773000E+1	6.2541276E+1	6.0553827E+1	0.0000000E+0	0.0000000E+0	1.0000000E+2	0.0000000E+0
6.8823000E+1	6.2504027E+1	6.0552492E+1	0.0000000E+0	0.0000000E+0	1.0000000E+2	0.0000000E+0
6.8873000E+1	6.2475962E+1	6.0540003E+1	0.0000000E+0	0.0000000E+0	1.0000000E+2	0.0000000E+0
6.8923000E+1	6.2477041E+1	6.0554694E+1	0.0000000E+0	0.0000000E+0	1.0000000E+2	0.0000000E+0
6.8973000E+1	6.2461262E+1	6.0544563E+1	0.0000000E+0	0.0000000E+0	1.0000000E+2	0.0000000E+0
6.9023000E+1	6.2432695E+1	6.0519169E+1	0.0000000E+0	0.0000000E+0	1.0000000E+2	0.0000000E+0
6.9074000E+1	6.2386702E+1	6.0483369E+1	0.0000000E+0	0.0000000E+0	1.0000000E+2	0.0000000E+0
6.9124000E+1	6.2387724E+1	6.0468106E+1	0.0000000E+0	0.0000000E+0	1.0000000E+2	0.0000000E+0
6.9174000E+1	6.2333158E+1	6.0466034E+1	0.0000000E+0	0.0000000E+0	1.0000000E+2	0.0000000E+0
6.9224000E+1	6.2289201E+1	6.0450657E+1	0.0000000E+0	0.0000000E+0	1.0000000E+2	0.0000000E+0
6.9274000E+1	6.2300555E+1	6.0459525E+1	0.0000000E+0	0.0000000E+0	1.0000000E+2	0.0000000E+0
6.9325000E+1	6.2295290E+1	6.0444487E+1	0.0000000E+0	0.0000000E+0	1.0000000E+2	0.0000000E+0
6.9375000E+1	6.2311040E+1	6.0438163E+1	0.0000000E+0	0.0000000E+0	1.0000000E+2	0.0000000E+0
6.9425000E+1	6.2302441E+1	6.0436450E+1	0.0000000E+0	0.0000000E+0	1.0000000E+2	0.0000000E+0
6.9475000E+1	6.2314075E+1	6.0446117E+1	0.0000000E+0	0.0000000E+0	1.0000000E+2	0.0000000E+0
6.9525000E+1	6.2315424E+1	6.0453516E+1	0.0000000E+0	0.0000000E+0	1.0000000E+2	0.0000000E+0
6.9575000E+1	6.2294721E+1	6.0430907E+1	0.0000000E+0	0.0000000E+0	1.0000000E+2	0.0000000E+0
6.9625000E+1	6.2285678E+1	6.0433690E+1	0.0000000E+0	0.0000000E+0	1.0000000E+2	0.0000000E+0
6.9675000E+1	6.2263570E+1	6.0442006E+1	0.0000000E+0	0.0000000E+0	1.0000000E+2	0.0000000E+0
6.9725000E+1	6.2263425E+1	6.0430510E+1	0.0000000E+0	0.0000000E+0	1.0000000E+2	0.0000000E+0
6.9776000E+1	6.2277259E+1	6.0440313E+1	0.0000000E+0	0.0000000E+0	1.0000000E+2	0.0000000E+0
6.9826000E+1	6.2281282E+1	6.0446629E+1	0.0000000E+0	0.0000000E+0	1.0000000E+2	0.0000000E+0
6.9876000E+1	6.2303215E+1	6.0450977E+1	0.0000000E+0	0.0000000E+0	1.0000000E+2	0.0000000E+0
6.9926000E+1	6.2288786E+1	6.0441699E+1	0.0000000E+0	0.0000000E+0	1.0000000E+2	0.0000000E+0
6.9976000E+1	6.2286019E+1	6.0443085E+1	0.0000000E+0	0.0000000E+0	1.0000000E+2	0.0000000E+0
7.0026000E+1	6.2284954E+1	6.0451285E+1	0.0000000E+0	0.0000000E+0	1.0000000E+2	0.0000000E+0
7.0076000E+1	6.2305347E+1	6.0449200E+1	0.0000000E+0	0.0000000E+0	1.0000000E+2	0.0000000E+0
7.0126000E+1	6.2288683E+1	6.0444269E+1	0.0000000E+0	0.0000000E+0	1.0000000E+2	0.0000000E+0
7.0176000E+1	6.2279282E+1	6.0446109E+1	0.0000000E+0	0.0000000E+0	1.0000000E+2	0.0000000E+0
7.0227000E+1	6.2257030E+1	6.0459293E+1	0.0000000E+0	0.0000000E+0	1.0000000E+2	0.0000000E+0
7.0277000E+1	6.2238286E+1	6.0447963E+1	0.0000000E+0	0.0000000E+0	1.0000000E+2	0.0000000E+0
7.0327000E+1	6.2241621E+1	6.0450304E+1	0.0000000E+0	0.0000000E+0	1.0000000E+2	0.0000000E+0
7.0377000E+1	6.2234377E+1	6.0441534E+1	0.0000000E+0	0.0000000E+0	1.0000000E+2	0.0000000E+0
7.0427000E+1	6.2219871E+1	6.0432532E+1	0.0000000E+0	0.0000000E+0	1.0000000E+2	0.0000000E+0
7.0477000E+1	6.2200248E+1	6.0424228E+1	0.0000000E+0	0.0000000E+0	1.0000000E+2	0.0000000E+0
7.0527000E+1	6.2212574E+1	6.0441375E+1	0.0000000E+0	0.0000000E+0	1.0000000E+2	0.0000000E+0
7.0577000E+1	6.2218453E+1	6.0451562E+1	0.0000000E+0	0.0000000E+0	1.0000000E+2	0.0000000E+0
7.0627000E+1	6.2246532E+1	6.0469530E+1	0.0000000E+0	0.0000000E+0	1.0000000E+2	0.0000000E+0
7.0677000E+1	6.2235844E+1	6.0475961E+1	0.0000000E+0	0.0000000E+0	1.0000000E+2	0.0000000E+0
7.0727000E+1	6.2220029E+1	6.0464725E+1	0.0000000E+0	0.0000000E+0	1.0000000E+2	0.0000000E+0
7.0777000E+1	6.2251616E+1	6.0503897E+1	0.0000000E+0	0.0000000E+0	1.0000000E+2	0.0000000E+0
7.0827000E+1	6.2252193E+1	6.0492322E+1	0.0000000E+0	0.0000000E+0	1.0000000E+2	0.0000000E+0
7.0877000E+1	6.2257455E+1	6.0492647E+1	0.0000000E+0	0.0000000E+0	1.0000000E+2	0.0000000E+0
7.0928000E+1	6.2264008E+1	6.0497844E+1	0.0000000E+0	0.0000000E+0	1.0000000E+2	0.0000000E+0
7.0978000E+1	6.2245265E+1	6.0483534E+1	0.0000000E+0	0.0000000E+0	1.0000000E+2	0.0000000E+0
7.1028000E+1	6.2243954E+1	6.0489381E+1	0.0000000E+0	0.0000000E+0	1.0000000E+2	0.0000000E+0
7.1078000E+1	6.2239485E+1	6.0500397E+1	0.0000000E+0	0.0000000E+0	1.0000000E+2	0.0000000E+0
7.1128000E+1	6.2213739E+1	6.0501204E+1	0.0000000E+0	0.0000000E+0	1.0000000E+2	0.0000000E+0
7.1178000E+1	6.2205918E+1	6.0501796E+1	0.0000000E+0	0.0000000E+0	1.0000000E+2	0.0000000E+0
7.1228000E+1	6.2222516E+1	6.0499159E+1	0.0000000E+0	0.0000000E+0	1.0000000E+2	0.0000000E+0
7.1278000E+1	6.2241249E+1	6.0508756E+1	0.0000000E+0	0.0000000E+0	1.0000000E+2	0.0000000E+0
7.1328000E+1	6.2252796E+1	6.0506446E+1	0.0000000E+0	0.0000000E+0	1.0000000E+2	0.0000000E+0
7.1378000E+1	6.2248345E+1	6.0506159E+1	0.0000000E+0	0.0000000E+0	1.0000000E+2	0.0000000E+0
7.1428000E+1	6.2262048E+1	6.0507277E+1	0.0000000E+0	0.0000000E+0	1.0000000E+2	0.0000000E+0
7.1478000E+1	6.2263156E+1	6.0513575E+1	0.0000000E+0	0.0000000E+0	1.0000000E+2	0.0000000E+0
7.1528000E+1	6.2246648E+1	6.0510125E+1	0.0000000E+0	0.0000000E+0	1.0000000E+2	0.0000000E+0
7.1579000E+1	6.2254862E+1	6.0515975E+1	0.0000000E+0	0.0000000E+0	1.0000000E+2	0.0000000E+0
7.1629000E+1	6.2265715E+1	6.0532555E+1	0.0000000E+0	0.0000000E+0	1.0000000E+2	0.0000000E+0
7.1679000E+1	6.2254689E+1	6.0531993E+1	0.0000000E+0	0.0000000E+0	1.0000000E+2	0.0000000E+0
7.1729000E+1	6.2269303E+1	6.0521649E+1	0.0000000E+0	0.0000000E+0	1.0000000E+2	0.0000000E+0
7.1779000E+1	6.2272383E+1	6.0527179E+1	0.0000000E+0	0.0000000E+0	1.0000000E+2	0.0000000E+0
7.1829000E+1	6.2264492E+1	6.0510623E+1	0.0000000E+0	0.0000000E+0	1.0000000E+2	0.0000000E+0
7.1879000E+1	6.2251990E+1	6.0515938E+1	0.0000000E+0	0.0000000E+0	1.0000000E+2	0.0000000E+0
7.1929000E+1	6.2269458E+1	6.0519113E+1	0.0000000E+0	0.0000000E+0	1.0000000E+2	0.0000000E+0
7.1980000E+1	6.2282914E+1	6.0526800E+1	0.0000000E+0	0.0000000E+0	1.0000000E+2	0.0000000E+0
7.2030000E+1	6.2254294E+1	6.0524071E+1	0.0000000E+0	0.0000000E+0	1.0000000E+2	0.0000000E+0
7.2080000E+1	6.2224752E+1	6.0523901E+1	0.0000000E+0	0.0000000E+0	1.0000000E+2	0.0000000E+0
7.2130000E+1	6.2231594E+1	6.0541306E+1	0.0000000E+0	0.0000000E+0	1.0000000E+2	0.0000000E+0
7.2180000E+1	6.2215388E+1	6.0543434E+1	0.0000000E+0	0.0000000E+0	1.0000000E+2	0.0000000E+0
7.2230000E+1	6.2201613E+1	6.0518495E+1	0.0000000E+0	0.0000000E+0	1.0000000E+2	0.0000000E+0
7.2280000E+1	6.2214898E+1	6.0538598E+1	0.0000000E+0	0.0000000E+0	1.0000000E+2	0.0000000E+0
7.2330000E+1	6.2203061E+1	6.0518202E+1	0.0000000E+0	0.0000000E+0	1.0000000E+2	0.0000000E+0
7.2380000E+1	6.2215175E+1	6.0524474E+1	0.0000000E+0	0.0000000E+0	1.0000000E+2	0.0000000E+0
7.2430000E+1	6.2200316E+1	6.0522289E+1	0.0000000E+0	0.0000000E+0	1.0000000E+2	0.0000000E+0
7.2480000E+1	6.2182568E+1	6.0508696E+1	0.0000000E+0	0.0000000E+0	1.0000000E+2	0.0000000E+0
7.2530000E+1	6.2190013E+1	6.0521147E+1	0.0000000E+0	0.0000000E+0	1.0000000E+2	0.0000000E+0
7.2580000E+1	6.2191411E+1	6.0511401E+1	0.0000000E+0	0.0000000E+0	1.0000000E+2	0.0000000E+0
7.2631000E+1	6.2212124E+1	6.0523745E+1	0.0000000E+0	0.0000000E+0	1.0000000E+2	0.0000000E+0
7.2681000E+1	6.2204349E+1	6.0532114E+1	0.0000000E+0	0.0000000E+0	1.0000000E+2	0.0000000E+0
7.2731000E+1	6.2214420E+1	6.0531394E+1	0.0000000E+0	0.0000000E+0	1.0000000E+2	0.0000000E+0
7.2781000E+1	6.2215871E+1	6.0513159E+1	0.0000000E+0	0.0000000E+0	1.0000000E+2	0.0000000E+0
7.2831000E+1	6.2210193E+1	6.0530554E+1	0.0000000E+0	0.0000000E+0	1.0000000E+2	0.0000000E+0
7.2882000E+1	6.2165158E+1	6.0533113E+1	0.0000000E+0	0.0000000E+0	1.0000000E+2	0.0000000E+0
7.2932000E+1	6.2167402E+1	6.0533791E+1	0.0000000E+0	0.0000000E+0	1.0000000E+2	0.0000000E+0
7.2982000E+1	6.2178920E+1	6.0536716E+1	0.0000000E+0	0.0000000E+0	1.0000000E+2	0.0000000E+0
7.3032000E+1	6.2192130E+1	6.0544322E+1	0.0000000E+0	0.0000000E+0	1.0000000E+2	0.0000000E+0
7.3082000E+1	6.2185325E+1	6.0546931E+1	0.0000000E+0	0.0000000E+0	1.0000000E+2	0.0000000E+0
7.3132000E+1	6.2176410E+1	6.0531360E+1	0.0000000E+0	0.0000000E+0	1.0000000E+2	0.0000000E+0
7.3183000E+1	6.2167689E+1	6.0535601E+1	0.0000000E+0	0.0000000E+0	1.0000000E+2	0.0000000E+0
7.3234000E+1	6.2169602E+1	6.0526014E+1	0.0000000E+0	0.0000000E+0	1.0000000E+2	0.0000000E+0
7.3284000E+1	6.2163849E+1	6.0533310E+1	0.0000000E+0	0.0000000E+0	1.0000000E+2	0.0000000E+0
7.3334000E+1	6.2164947E+1	6.0529314E+1	0.0000000E+0	0.0000000E+0	1.0000000E+2	0.0000000E+0
7.3384000E+1	6.2155375E+1	6.0526643E+1	0.0000000E+0	0.0000000E+0	1.0000000E+2	0.0000000E+0
7.3435000E+1	6.2155235E+1	6.0520371E+1	0.0000000E+0	0.0000000E+0	1.0000000E+2	0.0000000E+0
7.3485000E+1	6.2156897E+1	6.0521716E+1	0.0000000E+0	0.0000000E+0	1.0000000E+2	0.0000000E+0
7.3535000E+1	6.2175950E+1	6.0522623E+1	0.0000000E+0	0.0000000E+0	1.0000000E+2	0.0000000E+0
7.3585000E+1	6.2168839E+1	6.0520545E+1	0.0000000E+0	0.0000000E+0	1.0000000E+2	0.0000000E+0
7.3635000E+1	6.2158495E+1	6.0509929E+1	0.0000000E+0	0.0000000E+0	1.0000000E+2	0.0000000E+0
7.3686000E+1	6.2137891E+1	6.0517555E+1	0.0000000E+0	0.0000000E+0	1.0000000E+2	0.0000000E+0
7.3738000E+1	6.2117067E+1	6.0513185E+1	0.0000000E+0	0.0000000E+0	1.0000000E+2	0.0000000E+0
7.3788000E+1	6.2136299E+1	6.0517975E+1	0.0000000E+0	0.0000000E+0	1.0000000E+2	0.0000000E+0
7.3838000E+1	6.2146207E+1	6.0528956E+1	0.0000000E+0	0.0000000E+0	1.0000000E+2	0.0000000E+0
7.3888000E+1	6.2137877E+1	6.0511403E+1	0.0000000E+0	0.0000000E+0	1.0000000E+2	0.0000000E+0
7.3939000E+1	6.2141600E+1	6.0527164E+1	0.0000000E+0	0.0000000E+0	1.0000000E+2	0.0000000E+0
7.3989000E+1	6.2129092E+1	6.0512300E+1	0.0000000E+0	0.0000000E+0	1.0000000E+2	0.0000000E+0
7.4040000E+1	6.2148673E+1	6.0528214E+1	0.0000000E+0	0.0000000E+0	1.0000000E+2	0.0000000E+0
7.4091000E+1	6.2150827E+1	6.0536059E+1	0.0000000E+0	0.0000000E+0	1.0000000E+2	0.0000000E+0
7.4141000E+1	6.2138114E+1	6.0526982E+1	0.0000000E+0	0.0000000E+0	1.0000000E+2	0.0000000E+0
7.4192000E+1	6.2127485E+1	6.0524383E+1	0.0000000E+0	0.0000000E+0	1.0000000E+2	0.0000000E+0
7.4242000E+1	6.2112256E+1	6.0534953E+1	0.0000000E+0	0.0000000E+0	1.0000000E+2	0.0000000E+0
7.4292000E+1	6.2135357E+1	6.0532023E+1	0.0000000E+0	0.0000000E+0	1.0000000E+2	0.0000000E+0
7.4342000E+1	6.2127954E+1	6.0518610E+1	0.0000000E+0	0.0000000E+0	1.0000000E+2	0.0000000E+0
7.4392000E+1	6.2145890E+1	6.0537902E+1	0.0000000E+0	0.0000000E+0	1.0000000E+2	0.0000000E+0
7.4442000E+1	6.2131517E+1	6.0528589E+1	0.0000000E+0	0.0000000E+0	1.0000000E+2	0.0000000E+0
7.4492000E+1	6.2149064E+1	6.0531530E+1	0.0000000E+0	0.0000000E+0	1.0000000E+2	0.0000000E+0
7.4542000E+1	6.2166551E+1	6.0542827E+1	0.0000000E+0	0.0000000E+0	1.0000000E+2	0.0000000E+0
7.4592000E+1	6.2161740E+1	6.0532034E+1	0.0000000E+0	0.0000000E+0	1.0000000E+2	0.0000000E+0
7.4642000E+1	6.2155117E+1	6.0525199E+1	0.0000000E+0	0.0000000E+0	1.0000000E+2	0.0000000E+0
7.4693000E+1	6.2150384E+1	6.0532726E+1	0.0000000E+0	0.0000000E+0	1.0000000E+2	0.0000000E+0
7.4744000E+1	6.2158198E+1	6.0542835E+1	0.0000000E+0	0.0000000E+0	1.0000000E+2	0.0000000E+0
7.4794000E+1	6.2150132E+1	6.0535725E+1	0.0000000E+0	0.0000000E+0	1.0000000E+2	0.0000000E+0
7.4844000E+1	6.2152989E+1	6.0535793E+1	0.0000000E+0	0.0000000E+0	1.0000000E+2	0.0000000E+0
7.4894000E+1	6.2159607E+1	6.0545130E+1	0.0000000E+0	0.0000000E+0	1.0000000E+2	0.0000000E+0
7.4945000E+1	6.2156960E+1	6.0569277E+1	0.0000000E+0	0.0000000E+0	1.0000000E+2	0.0000000E+0
7.4996000E+1	6.2121682E+1	6.0539135E+1	0.0000000E+0	0.0000000E+0	1.0000000E+2	0.0000000E+0
7.5046000E+1	6.2103167E+1	6.0550717E+1	0.0000000E+0	0.0000000E+0	1.0000000E+2	0.0000000E+0
7.5096000E+1	6.2122066E+1	6.0550699E+1	0.0000000E+0	0.0000000E+0	1.0000000E+2	0.0000000E+0
7.5146000E+1	6.2125821E+1	6.0548907E+1	0.0000000E+0	0.0000000E+0	1.0000000E+2	0.0000000E+0
7.5196000E+1	6.2137330E+1	6.0555176E+1	0.0000000E+0	0.0000000E+0	1.0000000E+2	0.0000000E+0
7.5246000E+1	6.2161264E+1	6.0564077E+1	0.0000000E+0	0.0000000E+0	1.0000000E+2	0.0000000E+0
7.5296000E+1	6.2168876E+1	6.0563178E+1	0.0000000E+0	0.0000000E+0	1.0000000E+2	0.0000000E+0
7.5346000E+1	6.2173939E+1	6.0557278E+1	0.0000000E+0	0.0000000E+0	1.0000000E+2	0.0000000E+0
7.5396000E+1	6.2175898E+1	6.0533214E+1	0.0000000E+0	0.0000000E+0	1.0000000E+2	0.0000000E+0
7.5446000E+1	6.2180137E+1	6.0529237E+1	0.0000000E+0	0.0000000E+0	1.0000000E+2	0.0000000E+0
7.5496000E+1	6.2155058E+1	6.0538742E+1	0.0000000E+0	0.0000000E+0	1.0000000E+2	0.0000000E+0
7.5546000E+1	6.2133085E+1	6.0546012E+1	0.0000000E+0	0.0000000E+0	1.0000000E+2	0.0000000E+0
7.5596000E+1	6.2158776E+1	6.0554160E+1	0.0000000E+0	0.0000000E+0	1.0000000E+2	0.0000000E+0
7.5646000E+1	6.2161747E+1	6.0541232E+1	0.0000000E+0	0.0000000E+0	1.0000000E+2	0.0000000E+0
7.5696000E+1	6.2180878E+1	6.0540048E+1	0.0000000E+0	0.0000000E+0	1.0000000E+2	0.0000000E+0
7.5746000E+1	6.2176900E+1	6.0540463E+1	0.0000000E+0	0.0000000E+0	1.0000000E+2	0.0000000E+0
7.5796000E+1	6.2173529E+1	6.0541124E+1	0.0000000E+0	0.0000000E+0	1.0000000E+2	0.0000000E+0
7.5846000E+1	6.2181461E+1	6.0545594E+1	0.0000000E+0	0.0000000E+0	1.0000000E+2	0.0000000E+0
7.5896000E+1	6.2180931E+1	6.0551029E+1	0.0000000E+0	0.0000000E+0	1.0000000E+2	0.0000000E+0
7.5946000E+1	6.2182889E+1	6.0543858E+1	0.0000000E+0	0.0000000E+0	1.0000000E+2	0.0000000E+0
7.5996000E+1	6.2183464E+1	6.0535038E+1	0.0000000E+0	0.0000000E+0	1.0000000E+2	0.0000000E+0
7.6048000E+1	6.2199770E+1	6.0540310E+1	0.0000000E+0	0.0000000E+0	1.0000000E+2	0.0000000E+0
7.6099000E+1	6.2208301E+1	6.0526288E+1	0.0000000E+0	0.0000000E+0	1.0000000E+2	0.0000000E+0
7.6149000E+1	6.2205977E+1	6.0534574E+1	0.0000000E+0	0.0000000E+0	1.0000000E+2	0.0000000E+0
7.6199000E+1	6.2193309E+1	6.0520304E+1	0.0000000E+0	0.0000000E+0	1.0000000E+2	0.0000000E+0
7.6249000E+1	6.2195302E+1	6.0531809E+1	0.0000000E+0	0.0000000E+0	1.0000000E+2	0.0000000E+0
7.6299000E+1	6.2223495E+1	6.0548578E+1	0.0000000E+0	0.0000000E+0	1.0000000E+2	0.0000000E+0
7.6349000E+1	6.2207358E+1	6.0541717E+1	0.0000000E+0	0.0000000E+0	1.0000000E+2	0.0000000E+0
7.6400000E+1	6.2196970E+1	6.0540070E+1	0.0000000E+0	0.0000000E+0	1.0000000E+2	0.0000000E+0
7.6450000E+1	6.2195018E+1	6.0533678E+1	0.0000000E+0	0.0000000E+0	1.0000000E+2	0.0000000E+0
7.6500000E+1	6.2187055E+1	6.0528748E+1	0.0000000E+0	0.0000000E+0	1.0000000E+2	0.0000000E+0
7.6550000E+1	6.2184138E+1	6.0531157E+1	0.0000000E+0	0.0000000E+0	1.0000000E+2	0.0000000E+0
7.6600000E+1	6.2194383E+1	6.0541393E+1	0.0000000E+0	0.0000000E+0	1.0000000E+2	0.0000000E+0
7.6650000E+1	6.2201052E+1	6.0551641E+1	0.0000000E+0	0.0000000E+0	1.0000000E+2	0.0000000E+0
7.6700000E+1	6.2199747E+1	6.0542280E+1	0.0000000E+0	0.0000000E+0	1.0000000E+2	0.0000000E+0
7.6750000E+1	6.2188837E+1	6.0548459E+1	0.0000000E+0	0.0000000E+0	1.0000000E+2	0.0000000E+0
7.6800000E+1	6.2187979E+1	6.0549481E+1	0.0000000E+0	0.0000000E+0	1.0000000E+2	0.0000000E+0
7.6850000E+1	6.2146828E+1	6.0524781E+1	0.0000000E+0	0.0000000E+0	1.0000000E+2	0.0000000E+0
7.6900000E+1	6.2129709E+1	6.0531205E+1	0.0000000E+0	0.0000000E+0	1.0000000E+2	0.0000000E+0
7.6950000E+1	6.2128623E+1	6.0524130E+1	0.0000000E+0	0.0000000E+0	1.0000000E+2	0.0000000E+0
7.7000000E+1	6.2151713E+1	6.0544719E+1	0.0000000E+0	0.0000000E+0	1.0000000E+2	0.0000000E+0
7.7050000E+1	6.2153454E+1	6.0556851E+1	0.0000000E+0	0.0000000E+0	1.0000000E+2	0.0000000E+0
7.7101000E+1	6.2138909E+1	6.0558117E+1	0.0000000E+0	0.0000000E+0	1.0000000E+2	0.0000000E+0
7.7152000E+1	6.2127694E+1	6.0553118E+1	0.0000000E+0	0.0000000E+0	1.0000000E+2	0.0000000E+0
7.7202000E+1	6.2078718E+1	6.0537081E+1	0.0000000E+0	0.0000000E+0	1.0000000E+2	0.0000000E+0
7.7252000E+1	6.2063313E+1	6.0547911E+1	0.0000000E+0	0.0000000E+0	1.0000000E+2	0.0000000E+0
7.7302000E+1	6.2059920E+1	6.0542546E+1	0.0000000E+0	0.0000000E+0	1.0000000E+2	0.0000000E+0
7.7352000E+1	6.2069590E+1	6.0551785E+1	0.0000000E+0	0.0000000E+0	1.0000000E+2	0.0000000E+0
7.7403000E+1	6.2088682E+1	6.0563849E+1	0.0000000E+0	0.0000000E+0	1.0000000E+2	0.0000000E+0
7.7453000E+1	6.2097510E+1	6.0561777E+1	0.0000000E+0	0.0000000E+0	1.0000000E+2	0.0000000E+0
7.7503000E+1	6.2093337E+1	6.0558712E+1	0.0000000E+0	0.0000000E+0	1.0000000E+2	0.0000000E+0
7.7553000E+1	6.2084884E+1	6.0561290E+1	0.0000000E+0	0.0000000E+0	1.0000000E+2	0.0000000E+0
7.7604000E+1	6.2084933E+1	6.0553516E+1	0.0000000E+0	0.0000000E+0	1.0000000E+2	0.0000000E+0
7.7655000E+1	6.2084923E+1	6.0550042E+1	0.0000000E+0	0.0000000E+0	1.0000000E+2	0.0000000E+0
7.7705000E+1	6.2089664E+1	6.0557498E+1	0.0000000E+0	0.0000000E+0	1.0000000E+2	0.0000000E+0
7.7756000E+1	6.2085894E+1	6.0563644E+1	0.0000000E+0	0.0000000E+0	1.0000000E+2	0.0000000E+0
7.7806000E+1	6.2074657E+1	6.0568371E+1	0.0000000E+0	0.0000000E+0	1.0000000E+2	0.0000000E+0
7.7856000E+1	6.2086822E+1	6.0573576E+1	0.0000000E+0	0.0000000E+0	1.0000000E+2	0.0000000E+0
7.7906000E+1	6.2092861E+1	6.0562831E+1	0.0000000E+0	0.0000000E+0	1.0000000E+2	0.0000000E+0
7.7956000E+1	6.2091346E+1	6.0558546E+1	0.0000000E+0	0.0000000E+0	1.0000000E+2	0.0000000E+0
7.8006000E+1	6.2095269E+1	6.0568216E+1	0.0000000E+0	0.0000000E+0	1.0000000E+2	0.0000000E+0
7.8056000E+1	6.2061414E+1	6.0548477E+1	0.0000000E+0	0.0000000E+0	1.0000000E+2	0.0000000E+0
7.8106000E+1	6.2048102E+1	6.0558897E+1	0.0000000E+0	0.0000000E+0	1.0000000E+2	0.0000000E+0
7.8156000E+1	6.2025919E+1	6.0557395E+1	0.0000000E+0	0.0000000E+0	1.0000000E+2	0.0000000E+0
7.8206000E+1	6.2039544E+1	6.0555213E+1	0.0000000E+0	0.0000000E+0	1.0000000E+2	0.0000000E+0
7.8257000E+1	6.2031653E+1	6.0555696E+1	0.0000000E+0	0.0000000E+0	1.0000000E+2	0.0000000E+0
7.8307000E+1	6.2015965E+1	6.0537710E+1	0.0000000E+0	0.0000000E+0	1.0000000E+2	0.0000000E+0
7.8357000E+1	6.1998656E+1	6.0537792E+1	0.0000000E+0	0.0000000E+0	1.0000000E+2	0.0000000E+0
7.8407000E+1	6.2001483E+1	6.0538502E+1	0.0000000E+0	0.0000000E+0	1.0000000E+2	0.0000000E+0
7.8457000E+1	6.2010010E+1	6.0544788E+1	0.0000000E+0	0.0000000E+0	1.0000000E+2	0.0000000E+0
7.8508000E+1	6.2024890E+1	6.0541880E+1	0.0000000E+0	0.0000000E+0	1.0000000E+2	0.0000000E+0
7.8558000E+1	6.2029890E+1	6.0546076E+1	0.0000000E+0	0.0000000E+0	1.0000000E+2	0.0000000E+0
7.8608000E+1	6.2013537E+1	6.0538361E+1	0.0000000E+0	0.0000000E+0	1.0000000E+2	0.0000000E+0
7.8658000E+1	6.1995957E+1	6.0549895E+1	0.0000000E+0	0.0000000E+0	1.0000000E+2	0.0000000E+0
7.8708000E+1	6.2014118E+1	6.0550916E+1	0.0000000E+0	0.0000000E+0	1.0000000E+2	0.0000000E+0
7.8759000E+1	6.2005075E+1	6.0530921E+1	0.0000000E+0	0.0000000E+0	1.0000000E+2	0.0000000E+0
7.8809000E+1	6.2012190E+1	6.0534026E+1	0.0000000E+0	0.0000000E+0	1.0000000E+2	0.0000000E+0
7.8859000E+1	6.2032367E+1	6.0549265E+1	0.0000000E+0	0.0000000E+0	1.0000000E+2	0.0000000E+0
7.8909000E+1	6.2038971E+1	6.0551692E+1	0.0000000E+0	0.0000000E+0	1.0000000E+2	0.0000000E+0
7.8959000E+1	6.2027396E+1	6.0547741E+1	0.0000000E+0	0.0000000E+0	1.0000000E+2	0.0000000E+0
7.9009000E+1	6.2027203E+1	6.0552063E+1	0.0000000E+0	0.0000000E+0	1.0000000E+2	0.0000000E+0
7.9059000E+1	6.2015076E+1	6.0543918E+1	0.0000000E+0	0.0000000E+0	1.0000000E+2	0.0000000E+0
7.9109000E+1	6.2001144E+1	6.0532481E+1	0.0000000E+0	0.0000000E+0	1.0000000E+2	0.0000000E+0
7.9159000E+1	6.2023733E+1	6.0542149E+1	0.0000000E+0	0.0000000E+0	1.0000000E+2	0.0000000E+0
7.9209000E+1	6.2027047E+1	6.0537466E+1	0.0000000E+0	0.0000000E+0	1.0000000E+2	0.0000000E+0
7.9259000E+1	6.2026502E+1	6.0540954E+1	0.0000000E+0	0.0000000E+0	1.0000000E+2	0.0000000E+0
7.9309000E+1	6.2037420E+1	6.0536929E+1	0.0000000E+0	0.0000000E+0	1.0000000E+2	0.0000000E+0
7.9359000E+1	6.2038927E+1	6.0546535E+1	0.0000000E+0	0.0000000E+0	1.0000000E+2	0.0000000E+0
7.9409000E+1	6.2023200E+1	6.0541025E+1	0.0000000E+0	0.0000000E+0	1.0000000E+2	0.0000000E+0
7.9459000E+1	6.2012931E+1	6.0541876E+1	0.0000000E+0	0.0000000E+0	1.0000000E+2	0.0000000E+0
7.9510000E+1	6.1983305E+1	6.0544989E+1	0.0000000E+0	0.0000000E+0	1.0000000E+2	0.0000000E+0
7.9560000E+1	6.1971160E+1	6.0551419E+1	0.0000000E+0	0.0000000E+0	1.0000000E+2	0.0000000E+0
7.9610000E+1	6.1977904E+1	6.0547743E+1	0.0000000E+0	0.0000000E+0	1.0000000E+2	0.0000000E+0
7.9660000E+1	6.1969932E+1	6.0562560E+1	0.0000000E+0	0.0000000E+0	1.0000000E+2	0.0000000E+0
7.9710000E+1	6.1983199E+1	6.0571349E+1	0.0000000E+0	0.0000000E+0	1.0000000E+2	0.0000000E+0
7.9760000E+1	6.1987906E+1	6.0573309E+1	0.0000000E+0	0.0000000E+0	1.0000000E+2	0.0000000E+0
7.9810000E+1	6.1976488E+1	6.0549909E+1	0.0000000E+0	0.0000000E+0	1.0000000E+2	0.0000000E+0
7.9860000E+1	6.1955206E+1	6.0557390E+1	0.0000000E+0	0.0000000E+0	1.0000000E+2	0.0000000E+0
7.9910000E+1	6.1950886E+1	6.0571156E+1	0.0000000E+0	0.0000000E+0	1.0000000E+2	0.0000000E+0
7.9960000E+1	6.1952053E+1	6.0571181E+1	0.0000000E+0	0.0000000E+0	1.0000000E+2	0.0000000E+0
8.0011000E+1	6.1960069E+1	6.0569058E+1	0.0000000E+0	0.0000000E+0	1.0000000E+2	0.0000000E+0
8.0061000E+1	6.1951821E+1	6.0560934E+1	0.0000000E+0	0.0000000E+0	1.0000000E+2	0.0000000E+0
8.0111000E+1	6.1950524E+1	6.0550316E+1	0.0000000E+0	0.0000000E+0	1.0000000E+2	0.0000000E+0
8.0161000E+1	6.1943908E+1	6.0546829E+1	0.0000000E+0	0.0000000E+0	1.0000000E+2	0.0000000E+0
8.0211000E+1	6.1954912E+1	6.0542295E+1	0.0000000E+0	0.0000000E+0	1.0000000E+2	0.0000000E+0
8.0261000E+1	6.1951994E+1	6.0552626E+1	0.0000000E+0	0.0000000E+0	1.0000000E+2	0.0000000E+0
8.0311000E+1	6.1964079E+1	6.0555518E+1	0.0000000E+0	0.0000000E+0	1.0000000E+2	0.0000000E+0
8.0361000E+1	6.1979506E+1	6.0571260E+1	0.0000000E+0	0.0000000E+0	1.0000000E+2	0.0000000E+0
8.0411000E+1	6.1984286E+1	6.0565094E+1	0.0000000E+0	0.0000000E+0	1.0000000E+2	0.0000000E+0
8.0461000E+1	6.2011084E+1	6.0576395E+1	0.0000000E+0	0.0000000E+0	1.0000000E+2	0.0000000E+0
8.0511000E+1	6.2008085E+1	6.0571158E+1	0.0000000E+0	0.0000000E+0	1.0000000E+2	0.0000000E+0
8.0562000E+1	6.1999057E+1	6.0571752E+1	0.0000000E+0	0.0000000E+0	1.0000000E+2	0.0000000E+0
8.0613000E+1	6.2000087E+1	6.0569224E+1	0.0000000E+0	0.0000000E+0	1.0000000E+2	0.0000000E+0
8.0663000E+1	6.2015006E+1	6.0568791E+1	0.0000000E+0	0.0000000E+0	1.0000000E+2	0.0000000E+0
8.0713000E+1	6.1999902E+1	6.0570300E+1	0.0000000E+0	0.0000000E+0	1.0000000E+2	0.0000000E+0
8.0763000E+1	6.1957974E+1	6.0572151E+1	0.0000000E+0	0.0000000E+0	1.0000000E+2	0.0000000E+0
8.0813000E+1	6.1937499E+1	6.0566220E+1	0.0000000E+0	0.0000000E+0	1.0000000E+2	0.0000000E+0
8.0863000E+1	6.1952757E+1	6.0573893E+1	0.0000000E+0	0.0000000E+0	1.0000000E+2	0.0000000E+0
8.0913000E+1	6.1947547E+1	6.0558375E+1	0.0000000E+0	0.0000000E+0	1.0000000E+2	0.0000000E+0
8.0963000E+1	6.1946749E+1	6.0570915E+1	0.0000000E+0	0.0000000E+0	1.0000000E+2	0.0000000E+0
8.1013000E+1	6.1945257E+1	6.0572825E+1	0.0000000E+0	0.0000000E+0	1.0000000E+2	0.0000000E+0
8.1063000E+1	6.1933482E+1	6.0562370E+1	0.0000000E+0	0.0000000E+0	1.0000000E+2	0.0000000E+0
8.1113000E+1	6.1951548E+1	6.0567591E+1	0.0000000E+0	0.0000000E+0	1.0000000E+2	0.0000000E+0
8.1163000E+1	6.1977090E+1	6.0559360E+1	0.0000000E+0	0.0000000E+0	1.0000000E+2	0.0000000E+0
8.1213000E+1	6.1975308E+1	6.0555090E+1	0.0000000E+0	0.0000000E+0	1.0000000E+2	0.0000000E+0
8.1263000E+1	6.1951363E+1	6.0549758E+1	0.0000000E+0	0.0000000E+0	1.0000000E+2	0.0000000E+0
8.1313000E+1	6.1945392E+1	6.0529471E+1	0.0000000E+0	0.0000000E+0	1.0000000E+2	0.0000000E+0
8.1363000E+1	6.1966151E+1	6.0544523E+1	0.0000000E+0	0.0000000E+0	1.0000000E+2	0.0000000E+0
8.1413000E+1	6.1967584E+1	6.0538984E+1	0.0000000E+0	0.0000000E+0	1.0000000E+2	0.0000000E+0
8.1464000E+1	6.1978098E+1	6.0538159E+1	0.0000000E+0	0.0000000E+0	1.0000000E+2	0.0000000E+0
8.1515000E+1	6.1935646E+1	6.0531672E+1	0.0000000E+0	0.0000000E+0	1.0000000E+2	0.0000000E+0
8.1565000E+1	6.1900789E+1	6.0531130E+1	0.0000000E+0	0.0000000E+0	1.0000000E+2	0.0000000E+0
8.1615000E+1	6.1859728E+1	6.0503975E+1	0.0000000E+0	0.0000000E+0	1.0000000E+2	0.0000000E+0
8.1665000E+1	6.1855056E+1	6.0495408E+1	0.0000000E+0	0.0000000E+0	1.0000000E+2	0.0000000E+0
8.1715000E+1	6.1835588E+1	6.0481736E+1	0.0000000E+0	0.0000000E+0	1.0000000E+2	0.0000000E+0
8.1765000E+1	6.1831511E+1	6.0470063E+1	0.0000000E+0	0.0000000E+0	1.0000000E+2	0.0000000E+0
8.1816000E+1	6.1842893E+1	6.0460244E+1	0.0000000E+0	0.0000000E+0	1.0000000E+2	0.0000000E+0
8.1866000E+1	6.1849947E+1	6.0464356E+1	0.0000000E+0	0.0000000E+0	1.0000000E+2	0.0000000E+0
8.1916000E+1	6.1848161E+1	6.0446647E+1	0.0000000E+0	0.0000000E+0	1.0000000E+2	0.0000000E+0
8.1966000E+1	6.1854583E+1	6.0459664E+1	0.0000000E+0	0.0000000E+0	1.0000000E+2	0.0000000E+0
8.2016000E+1	6.1868743E+1	6.0461110E+1	0.0000000E+0	0.0000000E+0	1.0000000E+2	0.0000000E+0
8.2067000E+1	6.1869772E+1	6.0451512E+1	0.0000000E+0	0.0000000E+0	1.0000000E+2	0.0000000E+0
8.2117000E+1	6.1863553E+1	6.0461582E+1	0.0000000E+0	0.0000000E+0	1.0000000E+2	0.0000000E+0
8.2167000E+1	6.1869099E+1	6.0446125E+1	0.0000000E+0	0.0000000E+0	1.0000000E+2	0.0000000E+0
8.2218000E+1	6.1857498E+1	6.0451665E+1	0.0000000E+0	0.0000000E+0	1.0000000E+2	0.0000000E+0
8.2268000E+1	6.1849396E+1	6.0438390E+1	0.0000000E+0	0.0000000E+0	1.0000000E+2	0.0000000E+0
8.2318000E+1	6.1862013E+1	6.0456929E+1	0.0000000E+0	0.0000000E+0	1.0000000E+2	0.0000000E+0
8.2368000E+1	6.1862125E+1	6.0463608E+1	0.0000000E+0	0.0000000E+0	1.0000000E+2	0.0000000E+0
8.2418000E+1	6.1837555E+1	6.0448573E+1	0.0000000E+0	0.0000000E+0	1.0000000E+2	0.0000000E+0
8.2468000E+1	6.1828006E+1	6.0463017E+1	0.0000000E+0	0.0000000E+0	1.0000000E+2	0.0000000E+0
8.2518000E+1	6.1833818E+1	6.0469160E+1	0.0000000E+0	0.0000000E+0	1.0000000E+2	0.0000000E+0
8.2569000E+1	6.1832534E+1	6.0468331E+1	0.0000000E+0	0.0000000E+0	1.0000000E+2	0.0000000E+0
8.2620000E+1	6.1803879E+1	6.0471491E+1	0.0000000E+0	0.0000000E+0	1.0000000E+2	0.0000000E+0
8.2671000E+1	6.1767009E+1	6.0455566E+1	0.0000000E+0	0.0000000E+0	1.0000000E+2	0.0000000E+0
8.2721000E+1	6.1763333E+1	6.0448592E+1	0.0000000E+0	0.0000000E+0	1.0000000E+2	0.0000000E+0
8.2771000E+1	6.1775307E+1	6.0453336E+1	0.0000000E+0	0.0000000E+0	1.0000000E+2	0.0000000E+0
8.2821000E+1	6.1769616E+1	6.0452111E+1	0.0000000E+0	0.0000000E+0	1.0000000E+2	0.0000000E+0
8.2871000E+1	6.1777677E+1	6.0457390E+1	0.0000000E+0	0.0000000E+0	1.0000000E+2	0.0000000E+0
8.2921000E+1	6.1783121E+1	6.0462699E+1	0.0000000E+0	0.0000000E+0	1.0000000E+2	0.0000000E+0
8.2971000E+1	6.1777730E+1	6.0463761E+1	0.0000000E+0	0.0000000E+0	1.0000000E+2	0.0000000E+0
8.3021000E+1	6.1764283E+1	6.0451784E+1	0.0000000E+0	0.0000000E+0	1.0000000E+2	0.0000000E+0
8.3072000E+1	6.1779919E+1	6.0474384E+1	0.0000000E+0	0.0000000E+0	1.0000000E+2	0.0000000E+0
8.3123000E+1	6.1756711E+1	6.0483984E+1	0.0000000E+0	0.0000000E+0	1.0000000E+2	0.0000000E+0
8.3173000E+1	6.1750077E+1	6.0483052E+1	0.0000000E+0	0.0000000E+0	1.0000000E+2	0.0000000E+0
8.3223000E+1	6.1762488E+1	6.0481813E+1	0.0000000E+0	0.0000000E+0	1.0000000E+2	0.0000000E+0
8.3273000E+1	6.1754186E+1	6.0489073E+1	0.0000000E+0	0.0000000E+0	1.0000000E+2	0.0000000E+0
8.3323000E+1	6.1787174E+1	6.0508450E+1	0.0000000E+0	0.0000000E+0	1.0000000E+2	0.0000000E+0
8.3373000E+1	6.1783908E+1	6.0505715E+1	0.0000000E+0	0.0000000E+0	1.0000000E+2	0.0000000E+0
8.3423000E+1	6.1783191E+1	6.0510187E+1	0.0000000E+0	0.0000000E+0	1.0000000E+2	0.0000000E+0
8.3473000E+1	6.1727371E+1	6.0490415E+1	0.0000000E+0	0.0000000E+0	1.0000000E+2	0.0000000E+0
8.3523000E+1	6.1732591E+1	6.0490736E+1	0.0000000E+0	0.0000000E+0	1.0000000E+2	0.0000000E+0
8.3573000E+1	6.1747995E+1	6.0503420E+1	0.0000000E+0	0.0000000E+0	1.0000000E+2	0.0000000E+0
8.3624000E+1	6.1760172E+1	6.0510413E+1	0.0000000E+0	0.0000000E+0	1.0000000E+2	0.0000000E+0
8.3675000E+1	6.1767446E+1	6.0509142E+1	0.0000000E+0	0.0000000E+0	1.0000000E+2	0.0000000E+0
8.3725000E+1	6.1776483E+1	6.0520509E+1	0.0000000E+0	0.0000000E+0	1.0000000E+2	0.0000000E+0
8.3775000E+1	6.1778905E+1	6.0521362E+1	0.0000000E+0	0.0000000E+0	1.0000000E+2	0.0000000E+0
8.3825000E+1	6.1792567E+1	6.0535756E+1	0.0000000E+0	0.0000000E+0	1.0000000E+2	0.0000000E+0
8.3875000E+1	6.1800146E+1	6.0534613E+1	0.0000000E+0	0.0000000E+0	1.0000000E+2	0.0000000E+0
8.3925000E+1	6.1784196E+1	6.0528374E+1	0.0000000E+0	0.0000000E+0	1.0000000E+2	0.0000000E+0
8.3975000E+1	6.1800220E+1	6.0534611E+1	0.0000000E+0	0.0000000E+0	1.0000000E+2	0.0000000E+0
8.4025000E+1	6.1789966E+1	6.0520952E+1	0.0000000E+0	0.0000000E+0	1.0000000E+2	0.0000000E+0
8.4076000E+1	6.1764021E+1	6.0530889E+1	0.0000000E+0	0.0000000E+0	1.0000000E+2	0.0000000E+0
8.4126000E+1	6.1746817E+1	6.0543843E+1	0.0000000E+0	0.0000000E+0	1.0000000E+2	0.0000000E+0
8.4176000E+1	6.1759953E+1	6.0525166E+1	0.0000000E+0	0.0000000E+0	1.0000000E+2	0.0000000E+0
8.4227000E+1	6.1750837E+1	6.0529980E+1	0.0000000E+0	0.0000000E+0	1.0000000E+2	0.0000000E+0
8.4277000E+1	6.1759000E+1	6.0541898E+1	0.0000000E+0	0.0000000E+0	1.0000000E+2	0.0000000E+0
8.4327000E+1	6.1771070E+1	6.0546191E+1	0.0000000E+0	0.0000000E+0	1.0000000E+2	0.0000000E+0
8.4377000E+1	6.1763528E+1	6.0541340E+1	0.0000000E+0	0.0000000E+0	1.0000000E+2	0.0000000E+0
8.4427000E+1	6.1760194E+1	6.0550167E+1	0.0000000E+0	0.0000000E+0	1.0000000E+2	0.0000000E+0
8.4477000E+1	6.1723707E+1	6.0546379E+1	0.0000000E+0	0.0000000E+0	1.0000000E+2	0.0000000E+0
8.4528000E+1	6.1739713E+1	6.0542394E+1	0.0000000E+0	0.0000000E+0	1.0000000E+2	0.0000000E+0
8.4579000E+1	6.1748364E+1	6.0537743E+1	0.0000000E+0	0.0000000E+0	1.0000000E+2	0.0000000E+0
8.4629000E+1	6.1751953E+1	6.0531434E+1	0.0000000E+0	0.0000000E+0	1.0000000E+2	0.0000000E+0
8.4679000E+1	6.1765746E+1	6.0543637E+1	0.0000000E+0	0.0000000E+0	1.0000000E+2	0.0000000E+0
8.4729000E+1	6.1776729E+1	6.0534886E+1	0.0000000E+0	0.0000000E+0	1.0000000E+2	0.0000000E+0
8.4779000E+1	6.1770426E+1	6.0539448E+1	0.0000000E+0	0.0000000E+0	1.0000000E+2	0.0000000E+0
8.4829000E+1	6.1764678E+1	6.0523050E+1	0.0000000E+0	0.0000000E+0	1.0000000E+2	0.0000000E+0
8.4879000E+1	6.1785855E+1	6.0538931E+1	0.0000000E+0	0.0000000E+0	1.0000000E+2	0.0000000E+0
8.4929000E+1	6.1769405E+1	6.0539444E+1	0.0000000E+0	0.0000000E+0	1.0000000E+2	0.0000000E+0
8.4979000E+1	6.1761236E+1	6.0545858E+1	0.0000000E+0	0.0000000E+0	1.0000000E+2	0.0000000E+0
8.5029000E+1	6.1761973E+1	6.0534812E+1	0.0000000E+0	0.0000000E+0	1.0000000E+2	0.0000000E+0
8.5079000E+1	6.1767534E+1	6.0541803E+1	0.0000000E+0	0.0000000E+0	1.0000000E+2	0.0000000E+0
8.5129000E+1	6.1780520E+1	6.0549624E+1	0.0000000E+0	0.0000000E+0	1.0000000E+2	0.0000000E+0
8.5179000E+1	6.1802412E+1	6.0549991E+1	0.0000000E+0	0.0000000E+0	1.0000000E+2	0.0000000E+0
8.5230000E+1	6.1808745E+1	6.0546616E+1	0.0000000E+0	0.0000000E+0	1.0000000E+2	0.0000000E+0
8.5280000E+1	6.1825301E+1	6.0548766E+1	0.0000000E+0	0.0000000E+0	1.0000000E+2	0.0000000E+0
8.5330000E+1	6.1841296E+1	6.0557993E+1	0.0000000E+0	0.0000000E+0	1.0000000E+2	0.0000000E+0
8.5380000E+1	6.1859720E+1	6.0555859E+1	0.0000000E+0	0.0000000E+0	1.0000000E+2	0.0000000E+0
8.5430000E+1	6.1866035E+1	6.0556622E+1	0.0000000E+0	0.0000000E+0	1.0000000E+2	0.0000000E+0
8.5480000E+1	6.1870369E+1	6.0553809E+1	0.0000000E+0	0.0000000E+0	1.0000000E+2	0.0000000E+0
8.5530000E+1	6.1873788E+1	6.0548929E+1	0.0000000E+0	0.0000000E+0	1.0000000E+2	0.0000000E+0
8.5580000E+1	6.1882516E+1	6.0562107E+1	0.0000000E+0	0.0000000E+0	1.0000000E+2	0.0000000E+0
8.5630000E+1	6.1876195E+1	6.0554394E+1	0.0000000E+0	0.0000000E+0	1.0000000E+2	0.0000000E+0
8.5681000E+1	6.1900294E+1	6.0564510E+1	0.0000000E+0	0.0000000E+0	1.0000000E+2	0.0000000E+0
8.5731000E+1	6.1918013E+1	6.0571621E+1	0.0000000E+0	0.0000000E+0	1.0000000E+2	0.0000000E+0
8.5781000E+1	6.1892305E+1	6.0572558E+1	0.0000000E+0	0.0000000E+0	1.0000000E+2	0.0000000E+0
8.5831000E+1	6.1904380E+1	6.0572166E+1	0.0000000E+0	0.0000000E+0	1.0000000E+2	0.0000000E+0
8.5881000E+1	6.1938340E+1	6.0577246E+1	0.0000000E+0	0.0000000E+0	1.0000000E+2	0.0000000E+0
8.5931000E+1	6.1931610E+1	6.0559941E+1	0.0000000E+0	0.0000000E+0	1.0000000E+2	0.0000000E+0
8.5981000E+1	6.1940811E+1	6.0557757E+1	0.0000000E+0	0.0000000E+0	1.0000000E+2	0.0000000E+0
8.6031000E+1	6.1960103E+1	6.0557626E+1	0.0000000E+0	0.0000000E+0	1.0000000E+2	0.0000000E+0
8.6081000E+1	6.1971070E+1	6.0565850E+1	0.0000000E+0	0.0000000E+0	1.0000000E+2	0.0000000E+0
8.6131000E+1	6.1989647E+1	6.0575463E+1	0.0000000E+0	0.0000000E+0	1.0000000E+2	0.0000000E+0
8.6181000E+1	6.1992127E+1	6.0588620E+1	0.0000000E+0	0.0000000E+0	1.0000000E+2	0.0000000E+0
8.6231000E+1	6.1980703E+1	6.0582441E+1	0.0000000E+0	0.0000000E+0	1.0000000E+2	0.0000000E+0
8.6281000E+1	6.1957205E+1	6.0568379E+1	0.0000000E+0	0.0000000E+0	1.0000000E+2	0.0000000E+0
8.6331000E+1	6.1935907E+1	6.0562567E+1	0.0000000E+0	0.0000000E+0	1.0000000E+2	0.0000000E+0
8.6382000E+1	6.1923659E+1	6.0572344E+1	0.0000000E+0	0.0000000E+0	1.0000000E+2	0.0000000E+0
8.6432000E+1	6.1912225E+1	6.0575640E+1	0.0000000E+0	0.0000000E+0	1.0000000E+2	0.0000000E+0
8.6482000E+1	6.1920041E+1	6.0580105E+1	0.0000000E+0	0.0000000E+0	1.0000000E+2	0.0000000E+0
8.6533000E+1	6.1903136E+1	6.0567234E+1	0.0000000E+0	0.0000000E+0	1.0000000E+2	0.0000000E+0
8.6583000E+1	6.1845530E+1	6.0562663E+1	0.0000000E+0	0.0000000E+0	1.0000000E+2	0.0000000E+0
8.6633000E+1	6.1820025E+1	6.0546901E+1	0.0000000E+0	0.0000000E+0	1.0000000E+2	0.0000000E+0
8.6683000E+1	6.1820871E+1	6.0551073E+1	0.0000000E+0	0.0000000E+0	1.0000000E+2	0.0000000E+0
8.6733000E+1	6.1811909E+1	6.0542011E+1	0.0000000E+0	0.0000000E+0	1.0000000E+2	0.0000000E+0
8.6783000E+1	6.1823802E+1	6.0539413E+1	0.0000000E+0	0.0000000E+0	1.0000000E+2	0.0000000E+0
8.6833000E+1	6.1823026E+1	6.0542797E+1	0.0000000E+0	0.0000000E+0	1.0000000E+2	0.0000000E+0
8.6883000E+1	6.1832850E+1	6.0564504E+1	0.0000000E+0	0.0000000E+0	1.0000000E+2	0.0000000E+0
8.6933000E+1	6.1811674E+1	6.0555938E+1	0.0000000E+0	0.0000000E+0	1.0000000E+2	0.0000000E+0
8.6983000E+1	6.1815550E+1	6.0570568E+1	0.0000000E+0	0.0000000E+0	1.0000000E+2	0.0000000E+0
8.7033000E+1	6.1788553E+1	6.0555894E+1	0.0000000E+0	0.0000000E+0	1.0000000E+2	0.0000000E+0
8.7083000E+1	6.1782691E+1	6.0554505E+1	0.0000000E+0	0.0000000E+0	1.0000000E+2	0.0000000E+0
8.7133000E+1	6.1758989E+1	6.0563313E+1	0.0000000E+0	0.0000000E+0	1.0000000E+2	0.0000000E+0
8.7183000E+1	6.1745371E+1	6.0551673E+1	0.0000000E+0	0.0000000E+0	1.0000000E+2	0.0000000E+0
8.7233000E+1	6.1761040E+1	6.0577510E+1	0.0000000E+0	0.0000000E+0	1.0000000E+2	0.0000000E+0
8.7283000E+1	6.1748923E+1	6.0580637E+1	0.0000000E+0	0.0000000E+0	1.0000000E+2	0.0000000E+0
8.7334000E+1	6.1740914E+1	6.0563957E+1	0.0000000E+0	0.0000000E+0	1.0000000E+2	0.0000000E+0
8.7385000E+1	6.1740135E+1	6.0568230E+1	0.0000000E+0	0.0000000E+0	1.0000000E+2	0.0000000E+0
8.7435000E+1	6.1762040E+1	6.0573950E+1	0.0000000E+0	0.0000000E+0	1.0000000E+2	0.0000000E+0
8.7485000E+1	6.1778786E+1	6.0569757E+1	0.0000000E+0	0.0000000E+0	1.0000000E+2	0.0000000E+0
8.7535000E+1	6.1795273E+1	6.0570870E+1	0.0000000E+0	0.0000000E+0	1.0000000E+2	0.0000000E+0
8.7585000E+1	6.1809133E+1	6.0582710E+1	0.0000000E+0	0.0000000E+0	1.0000000E+2	0.0000000E+0
8.7635000E+1	6.1825802E+1	6.0600365E+1	0.0000000E+0	0.0000000E+0	1.0000000E+2	0.0000000E+0
8.7685000E+1	6.1833088E+1	6.0622702E+1	0.0000000E+0	0.0000000E+0	1.0000000E+2	0.0000000E+0
8.7735000E+1	6.1828695E+1	6.0616516E+1	0.0000000E+0	0.0000000E+0	1.0000000E+2	0.0000000E+0
8.7785000E+1	6.1831946E+1	6.0613132E+1	0.0000000E+0	0.0000000E+0	1.0000000E+2	0.0000000E+0
8.7835000E+1	6.1831370E+1	6.0624127E+1	0.0000000E+0	0.0000000E+0	1.0000000E+2	0.0000000E+0
8.7885000E+1	6.1819560E+1	6.0612568E+1	0.0000000E+0	0.0000000E+0	1.0000000E+2	0.0000000E+0
8.7935000E+1	6.1830986E+1	6.0630796E+1	0.0000000E+0	0.0000000E+0	1.0000000E+2	0.0000000E+0
8.7985000E+1	6.1841605E+1	6.0635943E+1	0.0000000E+0	0.0000000E+0	1.0000000E+2	0.0000000E+0
8.8035000E+1	6.1801832E+1	6.0630995E+1	0.0000000E+0	0.0000000E+0	1.0000000E+2	0.0000000E+0
8.8085000E+1	6.1786673E+1	6.0619656E+1	0.0000000E+0	0.0000000E+0	1.0000000E+2	0.0000000E+0
8.8135000E+1	6.1799454E+1	6.0637870E+1	0.0000000E+0	0.0000000E+0	1.0000000E+2	0.0000000E+0
8.8185000E+1	6.1786681E+1	6.0631225E+1	0.0000000E+0	0.0000000E+0	1.0000000E+2	0.0000000E+0
8.8235000E+1	6.1800901E+1	6.0627175E+1	0.0000000E+0	0.0000000E+0	1.0000000E+2	0.0000000E+0
8.8286000E+1	6.1802567E+1	6.0636099E+1	0.0000000E+0	0.0000000E+0	1.0000000E+2	0.0000000E+0
8.8337000E+1	6.1828294E+1	6.0648351E+1	0.0000000E+0	0.0000000E+0	1.0000000E+2	0.0000000E+0
8.8388000E+1	6.1816209E+1	6.0636049E+1	0.0000000E+0	0.0000000E+0	1.0000000E+2	0.0000000E+0
8.8439000E+1	6.1811360E+1	6.0642866E+1	0.0000000E+0	0.0000000E+0	1.0000000E+2	0.0000000E+0
8.8490000E+1	6.1794704E+1	6.0640873E+1	0.0000000E+0	0.0000000E+0	1.0000000E+2	0.0000000E+0
8.8541000E+1	6.1796958E+1	6.0627581E+1	0.0000000E+0	0.0000000E+0	1.0000000E+2	0.0000000E+0
8.8592000E+1	6.1793389E+1	6.0632055E+1	0.0000000E+0	0.0000000E+0	1.0000000E+2	0.0000000E+0
8.8643000E+1	6.1777492E+1	6.0626648E+1	0.0000000E+0	0.0000000E+0	1.0000000E+2	0.0000000E+0
8.8694000E+1	6.1798182E+1	6.0638790E+1	0.0000000E+0	0.0000000E+0	1.0000000E+2	0.0000000E+0
8.8745000E+1	6.1784334E+1	6.0637815E+1	0.0000000E+0	0.0000000E+0	1.0000000E+2	0.0000000E+0
8.8795000E+1	6.1748188E+1	6.0630099E+1	0.0000000E+0	0.0000000E+0	1.0000000E+2	0.0000000E+0
8.8845000E+1	6.1734262E+1	6.0621623E+1	0.0000000E+0	0.0000000E+0	1.0000000E+2	0.0000000E+0
8.8895000E+1	6.1717999E+1	6.0604006E+1	0.0000000E+0	0.0000000E+0	1.0000000E+2	0.0000000E+0
8.8946000E+1	6.1728509E+1	6.0619795E+1	0.0000000E+0	0.0000000E+0	1.0000000E+2	0.0000000E+0
8.8996000E+1	6.1718183E+1	6.0611827E+1	0.0000000E+0	0.0000000E+0	1.0000000E+2	0.0000000E+0
8.9046000E+1	6.1707658E+1	6.0620779E+1	0.0000000E+0	0.0000000E+0	1.0000000E+2	0.0000000E+0
8.9096000E+1	6.1699065E+1	6.0621477E+1	0.0000000E+0	0.0000000E+0	1.0000000E+2	0.0000000E+0
8.9146000E+1	6.1709271E+1	6.0625597E+1	0.0000000E+0	0.0000000E+0	1.0000000E+2	0.0000000E+0
8.9196000E+1	6.1683558E+1	6.0609690E+1	0.0000000E+0	0.0000000E+0	1.0000000E+2	0.0000000E+0
8.9246000E+1	6.1683213E+1	6.0613047E+1	0.0000000E+0	0.0000000E+0	1.0000000E+2	0.0000000E+0
8.9297000E+1	6.1682460E+1	6.0603877E+1	0.0000000E+0	0.0000000E+0	1.0000000E+2	0.0000000E+0
8.9347000E+1	6.1687215E+1	6.0615366E+1	0.0000000E+0	0.0000000E+0	1.0000000E+2	0.0000000E+0
8.9397000E+1	6.1699984E+1	6.0616363E+1	0.0000000E+0	0.0000000E+0	1.0000000E+2	0.0000000E+0
8.9447000E+1	6.1694103E+1	6.0611793E+1	0.0000000E+0	0.0000000E+0	1.0000000E+2	0.0000000E+0
8.9497000E+1	6.1701991E+1	6.0616051E+1	0.0000000E+0	0.0000000E+0	1.0000000E+2	0.0000000E+0
8.9547000E+1	6.1705236E+1	6.0610541E+1	0.0000000E+0	0.0000000E+0	1.0000000E+2	0.0000000E+0
8.9597000E+1	6.1699145E+1	6.0608064E+1	0.0000000E+0	0.0000000E+0	1.0000000E+2	0.0000000E+0
8.9647000E+1	6.1693023E+1	6.0588249E+1	0.0000000E+0	0.0000000E+0	1.0000000E+2	0.0000000E+0
8.9697000E+1	6.1708720E+1	6.0586962E+1	0.0000000E+0	0.0000000E+0	1.0000000E+2	0.0000000E+0
8.9747000E+1	6.1725493E+1	6.0586216E+1	0.0000000E+0	0.0000000E+0	1.0000000E+2	0.0000000E+0
8.9797000E+1	6.1725642E+1	6.0596241E+1	0.0000000E+0	0.0000000E+0	1.0000000E+2	0.0000000E+0
8.9847000E+1	6.1746152E+1	6.0603924E+1	0.0000000E+0	0.0000000E+0	1.0000000E+2	0.0000000E+0
8.9897000E+1	6.1747641E+1	6.0607555E+1	0.0000000E+0	0.0000000E+0	1.0000000E+2	0.0000000E+0
8.9947000E+1	6.1751306E+1	6.0605320E+1	0.0000000E+0	0.0000000E+0	1.0000000E+2	0.0000000E+0
8.9997000E+1	6.1745068E+1	6.0601608E+1	0.0000000E+0	0.0000000E+0	1.0000000E+2	0.0000000E+0
9.0047000E+1	6.1752988E+1	6.0593937E+1	0.0000000E+0	0.0000000E+0	1.0000000E+2	0.0000000E+0
9.0097000E+1	6.1758431E+1	6.0602872E+1	0.0000000E+0	0.0000000E+0	1.0000000E+2	0.0000000E+0
9.0147000E+1	6.1764295E+1	6.0596828E+1	0.0000000E+0	0.0000000E+0	1.0000000E+2	0.0000000E+0
9.0197000E+1	6.1776408E+1	6.0603539E+1	0.0000000E+0	0.0000000E+0	1.0000000E+2	0.0000000E+0
9.0247000E+1	6.1799821E+1	6.0604393E+1	0.0000000E+0	0.0000000E+0	1.0000000E+2	0.0000000E+0
9.0297000E+1	6.1803889E+1	6.0600088E+1	0.0000000E+0	0.0000000E+0	1.0000000E+2	0.0000000E+0
9.0348000E+1	6.1790122E+1	6.0611871E+1	0.0000000E+0	0.0000000E+0	1.0000000E+2	0.0000000E+0
9.0399000E+1	6.1788395E+1	6.0621670E+1	0.0000000E+0	0.0000000E+0	1.0000000E+2	0.0000000E+0
9.0449000E+1	6.1788862E+1	6.0608184E+1	0.0000000E+0	0.0000000E+0	1.0000000E+2	0.0000000E+0
9.0499000E+1	6.1811621E+1	6.0621390E+1	0.0000000E+0	0.0000000E+0	1.0000000E+2	0.0000000E+0
9.0549000E+1	6.1816320E+1	6.0603797E+1	0.0000000E+0	0.0000000E+0	1.0000000E+2	0.0000000E+0
9.0599000E+1	6.1818902E+1	6.0597498E+1	0.0000000E+0	0.0000000E+0	1.0000000E+2	0.0000000E+0
9.0649000E+1	6.1825338E+1	6.0587944E+1	0.0000000E+0	0.0000000E+0	1.0000000E+2	0.0000000E+0
9.0699000E+1	6.1851716E+1	6.0585297E+1	0.0000000E+0	0.0000000E+0	1.0000000E+2	0.0000000E+0
9.0749000E+1	6.1854724E+1	6.0588865E+1	0.0000000E+0	0.0000000E+0	1.0000000E+2	0.0000000E+0
9.0799000E+1	6.1889052E+1	6.0599770E+1	0.0000000E+0	0.0000000E+0	1.0000000E+2	0.0000000E+0
9.0849000E+1	6.1885024E+1	6.0597005E+1	0.0000000E+0	0.0000000E+0	1.0000000E+2	0.0000000E+0
9.0899000E+1	6.1905432E+1	6.0608261E+1	0.0000000E+0	0.0000000E+0	1.0000000E+2	0.0000000E+0
9.0949000E+1	6.1910852E+1	6.0612021E+1	0.0000000E+0	0.0000000E+0	1.0000000E+2	0.0000000E+0
9.0999000E+1	6.1916705E+1	6.0607403E+1	0.0000000E+0	0.0000000E+0	1.0000000E+2	0.0000000E+0
9.1049000E+1	6.1905878E+1	6.0600461E+1	0.0000000E+0	0.0000000E+0	1.0000000E+2	0.0000000E+0
9.1099000E+1	6.1898876E+1	6.0606135E+1	0.0000000E+0	0.0000000E+0	1.0000000E+2	0.0000000E+0
9.1149000E+1	6.1881672E+1	6.0600798E+1	0.0000000E+0	0.0000000E+0	1.0000000E+2	0.0000000E+0
9.1199000E+1	6.1882751E+1	6.0606670E+1	0.0000000E+0	0.0000000E+0	1.0000000E+2	0.0000000E+0
9.1249000E+1	6.1900131E+1	6.0609623E+1	0.0000000E+0	0.0000000E+0	1.0000000E+2	0.0000000E+0
9.1299000E+1	6.1906663E+1	6.0607122E+1	0.0000000E+0	0.0000000E+0	1.0000000E+2	0.0000000E+0
9.1349000E+1	6.1902406E+1	6.0604149E+1	0.0000000E+0	0.0000000E+0	1.0000000E+2	0.0000000E+0
9.1399000E+1	6.1893280E+1	6.0595655E+1	0.0000000E+0	0.0000000E+0	1.0000000E+2	0.0000000E+0
9.1449000E+1	6.1916166E+1	6.0605420E+1	0.0000000E+0	0.0000000E+0	1.0000000E+2	0.0000000E+0
9.1499000E+1	6.1933677E+1	6.0620499E+1	0.0000000E+0	0.0000000E+0	1.0000000E+2	0.0000000E+0
9.1549000E+1	6.1920277E+1	6.0601501E+1	0.0000000E+0	0.0000000E+0	1.0000000E+2	0.0000000E+0
9.1599000E+1	6.1921475E+1	6.0609516E+1	0.0000000E+0	0.0000000E+0	1.0000000E+2	0.0000000E+0
9.1649000E+1	6.1952614E+1	6.0622908E+1	0.0000000E+0	0.0000000E+0	1.0000000E+2	0.0000000E+0
9.1699000E+1	6.1967867E+1	6.0616942E+1	0.0000000E+0	0.0000000E+0	1.0000000E+2	0.0000000E+0
9.1750000E+1	6.1976339E+1	6.0609738E+1	0.0000000E+0	0.0000000E+0	1.0000000E+2	0.0000000E+0
9.1800000E+1	6.1992649E+1	6.0608954E+1	0.0000000E+0	0.0000000E+0	1.0000000E+2	0.0000000E+0
9.1850000E+1	6.2003246E+1	6.0615762E+1	0.0000000E+0	0.0000000E+0	1.0000000E+2	0.0000000E+0
9.1900000E+1	6.1996828E+1	6.0609061E+1	0.0000000E+0	0.0000000E+0	1.0000000E+2	0.0000000E+0
9.1951000E+1	6.1981967E+1	6.0606146E+1	0.0000000E+0	0.0000000E+0	1.0000000E+2	0.0000000E+0
9.2001000E+1	6.2002859E+1	6.0597554E+1	0.0000000E+0	0.0000000E+0	1.0000000E+2	0.0000000E+0
9.2051000E+1	6.2020075E+1	6.0606476E+1	0.0000000E+0	0.0000000E+0	1.0000000E+2	0.0000000E+0
9.2101000E+1	6.2014623E+1	6.0605435E+1	0.0000000E+0	0.0000000E+0	1.0000000E+2	0.0000000E+0
9.2151000E+1	6.1992436E+1	6.0617629E+1	0.0000000E+0	0.0000000E+0	1.0000000E+2	0.0000000E+0
9.2201000E+1	6.1985960E+1	6.0612354E+1	0.0000000E+0	0.0000000E+0	1.0000000E+2	0.0000000E+0
9.2252000E+1	6.1988518E+1	6.0606049E+1	0.0000000E+0	0.0000000E+0	1.0000000E+2	0.0000000E+0
9.2303000E+1	6.1999691E+1	6.0607200E+1	0.0000000E+0	0.0000000E+0	1.0000000E+2	0.0000000E+0
9.2353000E+1	6.2003428E+1	6.0611935E+1	0.0000000E+0	0.0000000E+0	1.0000000E+2	0.0000000E+0
9.2403000E+1	6.1994596E+1	6.0605971E+1	0.0000000E+0	0.0000000E+0	1.0000000E+2	0.0000000E+0
9.2453000E+1	6.1996359E+1	6.0602970E+1	0.0000000E+0	0.0000000E+0	1.0000000E+2	0.0000000E+0
9.2503000E+1	6.2010507E+1	6.0619944E+1	0.0000000E+0	0.0000000E+0	1.0000000E+2	0.0000000E+0
9.2553000E+1	6.2021198E+1	6.0609816E+1	0.0000000E+0	0.0000000E+0	1.0000000E+2	0.0000000E+0
9.2603000E+1	6.2046442E+1	6.0598926E+1	0.0000000E+0	0.0000000E+0	1.0000000E+2	0.0000000E+0
9.2653000E+1	6.2069432E+1	6.0608668E+1	0.0000000E+0	0.0000000E+0	1.0000000E+2	0.0000000E+0
9.2703000E+1	6.2079580E+1	6.0610136E+1	0.0000000E+0	0.0000000E+0	1.0000000E+2	0.0000000E+0
9.2753000E+1	6.2105374E+1	6.0619349E+1	0.0000000E+0	0.0000000E+0	1.0000000E+2	0.0000000E+0
9.2803000E+1	6.2105364E+1	6.0618399E+1	0.0000000E+0	0.0000000E+0	1.0000000E+2	0.0000000E+0
9.2854000E+1	6.2087911E+1	6.0604459E+1	0.0000000E+0	0.0000000E+0	1.0000000E+2	0.0000000E+0
9.2904000E+1	6.2095723E+1	6.0611718E+1	0.0000000E+0	0.0000000E+0	1.0000000E+2	0.0000000E+0
9.2954000E+1	6.2089147E+1	6.0602415E+1	0.0000000E+0	0.0000000E+0	1.0000000E+2	0.0000000E+0
9.3004000E+1	6.2073510E+1	6.0602926E+1	0.0000000E+0	0.0000000E+0	1.0000000E+2	0.0000000E+0
9.3054000E+1	6.2064851E+1	6.0595252E+1	0.0000000E+0	0.0000000E+0	1.0000000E+2	0.0000000E+0
9.3104000E+1	6.2064089E+1	6.0602141E+1	0.0000000E+0	0.0000000E+0	1.0000000E+2	0.0000000E+0
9.3154000E+1	6.2043495E+1	6.0586793E+1	0.0000000E+0	0.0000000E+0	1.0000000E+2	0.0000000E+0
9.3204000E+1	6.2026068E+1	6.0582090E+1	0.0000000E+0	0.0000000E+0	1.0000000E+2	0.0000000E+0
9.3254000E+1	6.2015129E+1	6.0580292E+1	0.0000000E+0	0.0000000E+0	1.0000000E+2	0.0000000E+0
9.3304000E+1	6.2042105E+1	6.0579382E+1	0.0000000E+0	0.0000000E+0	1.0000000E+2	0.0000000E+0
9.3355000E+1	6.2068611E+1	6.0588025E+1	0.0000000E+0	0.0000000E+0	1.0000000E+2	0.0000000E+0
9.3406000E+1	6.2075793E+1	6.0578767E+1	0.0000000E+0	0.0000000E+0	1.0000000E+2	0.0000000E+0
9.3456000E+1	6.2099870E+1	6.0610994E+1	0.0000000E+0	0.0000000E+0	1.0000000E+2	0.0000000E+0
9.3506000E+1	6.2069093E+1	6.0599032E+1	0.0000000E+0	0.0000000E+0	1.0000000E+2	0.0000000E+0
9.3556000E+1	6.2058333E+1	6.0597050E+1	0.0000000E+0	0.0000000E+0	1.0000000E+2	0.0000000E+0
9.3606000E+1	6.2040828E+1	6.0573102E+1	0.0000000E+0	0.0000000E+0	1.0000000E+2	0.0000000E+0
9.3656000E+1	6.2016299E+1	6.0555144E+1	0.0000000E+0	0.0000000E+0	1.0000000E+2	0.0000000E+0
9.3707000E+1	6.2010334E+1	6.0566468E+1	0.0000000E+0	0.0000000E+0	1.0000000E+2	0.0000000E+0
9.3757000E+1	6.2032609E+1	6.0592092E+1	0.0000000E+0	0.0000000E+0	1.0000000E+2	0.0000000E+0
9.3808000E+1	6.2041311E+1	6.0587651E+1	0.0000000E+0	0.0000000E+0	1.0000000E+2	0.0000000E+0
9.3858000E+1	6.2046285E+1	6.0583508E+1	0.0000000E+0	0.0000000E+0	1.0000000E+2	0.0000000E+0
9.3908000E+1	6.2053403E+1	6.0588909E+1	0.0000000E+0	0.0000000E+0	1.0000000E+2	0.0000000E+0
9.3958000E+1	6.2060603E+1	6.0582656E+1	0.0000000E+0	0.0000000E+0	1.0000000E+2	0.0000000E+0
9.4008000E+1	6.2058895E+1	6.0579844E+1	0.0000000E+0	0.0000000E+0	1.0000000E+2	0.0000000E+0
9.4058000E+1	6.2030857E+1	6.0569060E+1	0.0000000E+0	0.0000000E+0	1.0000000E+2	0.0000000E+0
9.4108000E+1	6.2042678E+1	6.0578767E+1	0.0000000E+0	0.0000000E+0	1.0000000E+2	0.0000000E+0
9.4158000E+1	6.2028885E+1	6.0580958E+1	0.0000000E+0	0.0000000E+0	1.0000000E+2	0.0000000E+0
9.4208000E+1	6.1968852E+1	6.0565927E+1	0.0000000E+0	0.0000000E+0	1.0000000E+2	0.0000000E+0
9.4258000E+1	6.1927391E+1	6.0552858E+1	0.0000000E+0	0.0000000E+0	1.0000000E+2	0.0000000E+0
9.4308000E+1	6.1933774E+1	6.0545874E+1	0.0000000E+0	0.0000000E+0	1.0000000E+2	0.0000000E+0
9.4359000E+1	6.1947965E+1	6.0567049E+1	0.0000000E+0	0.0000000E+0	1.0000000E+2	0.0000000E+0
9.4409000E+1	6.1956584E+1	6.0563131E+1	0.0000000E+0	0.0000000E+0	1.0000000E+2	0.0000000E+0
9.4459000E+1	6.1935621E+1	6.0566738E+1	0.0000000E+0	0.0000000E+0	1.0000000E+2	0.0000000E+0
9.4509000E+1	6.1951529E+1	6.0564988E+1	0.0000000E+0	0.0000000E+0	1.0000000E+2	0.0000000E+0
9.4559000E+1	6.1953334E+1	6.0571012E+1	0.0000000E+0	0.0000000E+0	1.0000000E+2	0.0000000E+0
9.4609000E+1	6.1965245E+1	6.0568311E+1	0.0000000E+0	0.0000000E+0	1.0000000E+2	0.0000000E+0
9.4660000E+1	6.1962141E+1	6.0567970E+1	0.0000000E+0	0.0000000E+0	1.0000000E+2	0.0000000E+0
9.4711000E+1	6.1965522E+1	6.0576231E+1	0.0000000E+0	0.0000000E+0	1.0000000E+2	0.0000000E+0
9.4762000E+1	6.1951685E+1	6.0586399E+1	0.0000000E+0	0.0000000E+0	1.0000000E+2	0.0000000E+0
9.4812000E+1	6.1968422E+1	6.0579834E+1	0.0000000E+0	0.0000000E+0	1.0000000E+2	0.0000000E+0
9.4862000E+1	6.1961628E+1	6.0581265E+1	0.0000000E+0	0.0000000E+0	1.0000000E+2	0.0000000E+0
9.4912000E+1	6.1959432E+1	6.0578212E+1	0.0000000E+0	0.0000000E+0	1.0000000E+2	0.0000000E+0
9.4962000E+1	6.1946529E+1	6.0575185E+1	0.0000000E+0	0.0000000E+0	1.0000000E+2	0.0000000E+0
9.5013000E+1	6.1951959E+1	6.0585885E+1	0.0000000E+0	0.0000000E+0	1.0000000E+2	0.0000000E+0
9.5063000E+1	6.1917634E+1	6.0564110E+1	0.0000000E+0	0.0000000E+0	1.0000000E+2	0.0000000E+0
9.5113000E+1	6.1926017E+1	6.0564055E+1	0.0000000E+0	0.0000000E+0	1.0000000E+2	0.0000000E+0
9.5163000E+1	6.1940955E+1	6.0570930E+1	0.0000000E+0	0.0000000E+0	1.0000000E+2	0.0000000E+0
9.5213000E+1	6.1945826E+1	6.0577782E+1	0.0000000E+0	0.0000000E+0	1.0000000E+2	0.0000000E+0
9.5263000E+1	6.1912281E+1	6.0590515E+1	0.0000000E+0	0.0000000E+0	1.0000000E+2	0.0000000E+0
9.5313000E+1	6.1902634E+1	6.0582367E+1	0.0000000E+0	0.0000000E+0	1.0000000E+2	0.0000000E+0
9.5363000E+1	6.1915463E+1	6.0592715E+1	0.0000000E+0	0.0000000E+0	1.0000000E+2	0.0000000E+0
9.5413000E+1	6.1912568E+1	6.0580244E+1	0.0000000E+0	0.0000000E+0	1.0000000E+2	0.0000000E+0
9.5463000E+1	6.1900538E+1	6.0590861E+1	0.0000000E+0	0.0000000E+0	1.0000000E+2	0.0000000E+0
9.5514000E+1	6.1912291E+1	6.0594626E+1	0.0000000E+0	0.0000000E+0	1.0000000E+2	0.0000000E+0
9.5566000E+1	6.1903054E+1	6.0593048E+1	0.0000000E+0	0.0000000E+0	1.0000000E+2	0.0000000E+0
9.5616000E+1	6.1902674E+1	6.0590356E+1	0.0000000E+0	0.0000000E+0	1.0000000E+2	0.0000000E+0
9.5666000E+1	6.1898798E+1	6.0595069E+1	0.0000000E+0	0.0000000E+0	1.0000000E+2	0.0000000E+0
9.5717000E+1	6.1888700E+1	6.0589324E+1	0.0000000E+0	0.0000000E+0	1.0000000E+2	0.0000000E+0
9.5768000E+1	6.1899691E+1	6.0616653E+1	0.0000000E+0	0.0000000E+0	1.0000000E+2	0.0000000E+0
9.5818000E+1	6.1910262E+1	6.0621110E+1	0.0000000E+0	0.0000000E+0	1.0000000E+2	0.0000000E+0
9.5868000E+1	6.1885218E+1	6.0610115E+1	0.0000000E+0	0.0000000E+0	1.0000000E+2	0.0000000E+0
9.5918000E+1	6.1864667E+1	6.0605599E+1	0.0000000E+0	0.0000000E+0	1.0000000E+2	0.0000000E+0
9.5968000E+1	6.1847751E+1	6.0606149E+1	0.0000000E+0	0.0000000E+0	1.0000000E+2	0.0000000E+0
9.6018000E+1	6.1828627E+1	6.0611489E+1	0.0000000E+0	0.0000000E+0	1.0000000E+2	0.0000000E+0
9.6069000E+1	6.1809075E+1	6.0604027E+1	0.0000000E+0	0.0000000E+0	1.0000000E+2	0.0000000E+0
9.6119000E+1	6.1810021E+1	6.0607388E+1	0.0000000E+0	0.0000000E+0	1.0000000E+2	0.0000000E+0
9.6169000E+1	6.1819687E+1	6.0614071E+1	0.0000000E+0	0.0000000E+0	1.0000000E+2	0.0000000E+0
9.6219000E+1	6.1783872E+1	6.0610948E+1	0.0000000E+0	0.0000000E+0	1.0000000E+2	0.0000000E+0
9.6269000E+1	6.1751794E+1	6.0607401E+1	0.0000000E+0	0.0000000E+0	1.0000000E+2	0.0000000E+0
9.6319000E+1	6.1756426E+1	6.0595570E+1	0.0000000E+0	0.0000000E+0	1.0000000E+2	0.0000000E+0
9.6370000E+1	6.1749450E+1	6.0604307E+1	0.0000000E+0	0.0000000E+0	1.0000000E+2	0.0000000E+0
9.6421000E+1	6.1749575E+1	6.0597017E+1	0.0000000E+0	0.0000000E+0	1.0000000E+2	0.0000000E+0
9.6471000E+1	6.1747365E+1	6.0588274E+1	0.0000000E+0	0.0000000E+0	1.0000000E+2	0.0000000E+0
9.6521000E+1	6.1766051E+1	6.0612776E+1	0.0000000E+0	0.0000000E+0	1.0000000E+2	0.0000000E+0
9.6571000E+1	6.1761601E+1	6.0604476E+1	0.0000000E+0	0.0000000E+0	1.0000000E+2	0.0000000E+0
9.6621000E+1	6.1753214E+1	6.0610241E+1	0.0000000E+0	0.0000000E+0	1.0000000E+2	0.0000000E+0
9.6672000E+1	6.1742231E+1	6.0608143E+1	0.0000000E+0	0.0000000E+0	1.0000000E+2	0.0000000E+0
9.6722000E+1	6.1726868E+1	6.0599305E+1	0.0000000E+0	0.0000000E+0	1.0000000E+2	0.0000000E+0
9.6772000E+1	6.1753884E+1	6.0615111E+1	0.0000000E+0	0.0000000E+0	1.0000000E+2	0.0000000E+0
9.6822000E+1	6.1768651E+1	6.0625726E+1	0.0000000E+0	0.0000000E+0	1.0000000E+2	0.0000000E+0
9.6872000E+1	6.1783204E+1	6.0632918E+1	0.0000000E+0	0.0000000E+0	1.0000000E+2	0.0000000E+0
9.6922000E+1	6.1793665E+1	6.0653415E+1	0.0000000E+0	0.0000000E+0	1.0000000E+2	0.0000000E+0
9.6972000E+1	6.1776055E+1	6.0642159E+1	0.0000000E+0	0.0000000E+0	1.0000000E+2	0.0000000E+0
9.7022000E+1	6.1755139E+1	6.0633953E+1	0.0000000E+0	0.0000000E+0	1.0000000E+2	0.0000000E+0
9.7073000E+1	6.1718814E+1	6.0624509E+1	0.0000000E+0	0.0000000E+0	1.0000000E+2	0.0000000E+0
9.7124000E+1	6.1688546E+1	6.0631824E+1	0.0000000E+0	0.0000000E+0	1.0000000E+2	0.0000000E+0
9.7174000E+1	6.1682688E+1	6.0644672E+1	0.0000000E+0	0.0000000E+0	1.0000000E+2	0.0000000E+0
9.7224000E+1	6.1677205E+1	6.0639631E+1	0.0000000E+0	0.0000000E+0	1.0000000E+2	0.0000000E+0
9.7274000E+1	6.1683021E+1	6.0633881E+1	0.0000000E+0	0.0000000E+0	1.0000000E+2	0.0000000E+0
9.7324000E+1	6.1683130E+1	6.0630352E+1	0.0000000E+0	0.0000000E+0	1.0000000E+2	0.0000000E+0
9.7374000E+1	6.1674435E+1	6.0634130E+1	0.0000000E+0	0.0000000E+0	1.0000000E+2	0.0000000E+0
9.7424000E+1	6.1683594E+1	6.0635241E+1	0.0000000E+0	0.0000000E+0	1.0000000E+2	0.0000000E+0
9.7474000E+1	6.1672158E+1	6.0624861E+1	0.0000000E+0	0.0000000E+0	1.0000000E+2	0.0000000E+0
9.7524000E+1	6.1659125E+1	6.0621460E+1	0.0000000E+0	0.0000000E+0	1.0000000E+2	0.0000000E+0
9.7574000E+1	6.1627863E+1	6.0627257E+1	0.0000000E+0	0.0000000E+0	1.0000000E+2	0.0000000E+0
9.7624000E+1	6.1620765E+1	6.0636398E+1	0.0000000E+0	0.0000000E+0	1.0000000E+2	0.0000000E+0
9.7674000E+1	6.1589419E+1	6.0623710E+1	0.0000000E+0	0.0000000E+0	1.0000000E+2	0.0000000E+0
9.7724000E+1	6.1577874E+1	6.0621106E+1	0.0000000E+0	0.0000000E+0	1.0000000E+2	0.0000000E+0
9.7774000E+1	6.1570515E+1	6.0621512E+1	0.0000000E+0	0.0000000E+0	1.0000000E+2	0.0000000E+0
9.7824000E+1	6.1582244E+1	6.0620626E+1	0.0000000E+0	0.0000000E+0	1.0000000E+2	0.0000000E+0
9.7874000E+1	6.1579217E+1	6.0625086E+1	0.0000000E+0	0.0000000E+0	1.0000000E+2	0.0000000E+0
9.7924000E+1	6.1563654E+1	6.0634681E+1	0.0000000E+0	0.0000000E+0	1.0000000E+2	0.0000000E+0
9.7974000E+1	6.1529808E+1	6.0636128E+1	0.0000000E+0	0.0000000E+0	1.0000000E+2	0.0000000E+0
9.8025000E+1	6.1515528E+1	6.0633788E+1	0.0000000E+0	0.0000000E+0	1.0000000E+2	0.0000000E+0
9.8075000E+1	6.1503716E+1	6.0627635E+1	0.0000000E+0	0.0000000E+0	1.0000000E+2	0.0000000E+0
9.8125000E+1	6.1495009E+1	6.0632538E+1	0.0000000E+0	0.0000000E+0	1.0000000E+2	0.0000000E+0
9.8175000E+1	6.1473895E+1	6.0618600E+1	0.0000000E+0	0.0000000E+0	1.0000000E+2	0.0000000E+0
9.8226000E+1	6.1461219E+1	6.0631132E+1	0.0000000E+0	0.0000000E+0	1.0000000E+2	0.0000000E+0
9.8276000E+1	6.1465424E+1	6.0634734E+1	0.0000000E+0	0.0000000E+0	1.0000000E+2	0.0000000E+0
9.8326000E+1	6.1474019E+1	6.0621020E+1	0.0000000E+0	0.0000000E+0	1.0000000E+2	0.0000000E+0
9.8377000E+1	6.1480216E+1	6.0629926E+1	0.0000000E+0	0.0000000E+0	1.0000000E+2	0.0000000E+0
9.8428000E+1	6.1465257E+1	6.0637504E+1	0.0000000E+0	0.0000000E+0	1.0000000E+2	0.0000000E+0
9.8478000E+1	6.1446086E+1	6.0629964E+1	0.0000000E+0	0.0000000E+0	1.0000000E+2	0.0000000E+0
9.8528000E+1	6.1444477E+1	6.0624661E+1	0.0000000E+0	0.0000000E+0	1.0000000E+2	0.0000000E+0
9.8578000E+1	6.1458994E+1	6.0634130E+1	0.0000000E+0	0.0000000E+0	1.0000000E+2	0.0000000E+0
9.8628000E+1	6.1450531E+1	6.0642108E+1	0.0000000E+0	0.0000000E+0	1.0000000E+2	0.0000000E+0
9.8678000E+1	6.1441905E+1	6.0632328E+1	0.0000000E+0	0.0000000E+0	1.0000000E+2	0.0000000E+0
9.8728000E+1	6.1435610E+1	6.0637108E+1	0.0000000E+0	0.0000000E+0	1.0000000E+2	0.0000000E+0
9.8778000E+1	6.1435195E+1	6.0636474E+1	0.0000000E+0	0.0000000E+0	1.0000000E+2	0.0000000E+0
9.8829000E+1	6.1410076E+1	6.0616734E+1	0.0000000E+0	0.0000000E+0	1.0000000E+2	0.0000000E+0
9.8879000E+1	6.1413908E+1	6.0637848E+1	0.0000000E+0	0.0000000E+0	1.0000000E+2	0.0000000E+0
9.8929000E+1	6.1364052E+1	6.0637944E+1	0.0000000E+0	0.0000000E+0	1.0000000E+2	0.0000000E+0
9.8979000E+1	6.1350542E+1	6.0630041E+1	0.0000000E+0	0.0000000E+0	1.0000000E+2	0.0000000E+0
9.9029000E+1	6.1341029E+1	6.0638007E+1	0.0000000E+0	0.0000000E+0	1.0000000E+2	0.0000000E+0
9.9079000E+1	6.1340634E+1	6.0649963E+1	0.0000000E+0	0.0000000E+0	1.0000000E+2	0.0000000E+0
9.9129000E+1	6.1358374E+1	6.0640239E+1	0.0000000E+0	0.0000000E+0	1.0000000E+2	0.0000000E+0
9.9179000E+1	6.1345270E+1	6.0636994E+1	0.0000000E+0	0.0000000E+0	1.0000000E+2	0.0000000E+0
9.9229000E+1	6.1365835E+1	6.0647601E+1	0.0000000E+0	0.0000000E+0	1.0000000E+2	0.0000000E+0
9.9279000E+1	6.1357582E+1	6.0646029E+1	0.0000000E+0	0.0000000E+0	1.0000000E+2	0.0000000E+0
9.9329000E+1	6.1360227E+1	6.0640805E+1	0.0000000E+0	0.0000000E+0	1.0000000E+2	0.0000000E+0
9.9379000E+1	6.1351546E+1	6.0634627E+1	0.0000000E+0	0.0000000E+0	1.0000000E+2	0.0000000E+0
9.9429000E+1	6.1360164E+1	6.0641023E+1	0.0000000E+0	0.0000000E+0	1.0000000E+2	0.0000000E+0
9.9479000E+1	6.1366683E+1	6.0636998E+1	0.0000000E+0	0.0000000E+0	1.0000000E+2	0.0000000E+0
9.9529000E+1	6.1361109E+1	6.0635613E+1	0.0000000E+0	0.0000000E+0	1.0000000E+2	0.0000000E+0
9.9579000E+1	6.1365105E+1	6.0626407E+1	0.0000000E+0	0.0000000E+0	1.0000000E+2	0.0000000E+0
9.9629000E+1	6.1360071E+1	6.0619956E+1	0.0000000E+0	0.0000000E+0	1.0000000E+2	0.0000000E+0
9.9679000E+1	6.1352938E+1	6.0615995E+1	0.0000000E+0	0.0000000E+0	1.0000000E+2	0.0000000E+0
9.9729000E+1	6.1378532E+1	6.0629715E+1	0.0000000E+0	0.0000000E+0	1.0000000E+2	0.0000000E+0
9.9779000E+1	6.1374624E+1	6.0632255E+1	0.0000000E+0	0.0000000E+0	1.0000000E+2	0.0000000E+0
9.9829000E+1	6.1392499E+1	6.0654336E+1	0.0000000E+0	0.0000000E+0	1.0000000E+2	0.0000000E+0
9.9880000E+1	6.1391089E+1	6.0639654E+1	0.0000000E+0	0.0000000E+0	1.0000000E+2	0.0000000E+0
9.9930000E+1	6.1413233E+1	6.0647406E+1	0.0000000E+0	0.0000000E+0	1.0000000E+2	0.0000000E+0
9.9980000E+1	6.1398986E+1	6.0635316E+1	0.0000000E+0	0.0000000E+0	1.0000000E+2	0.0000000E+0
1.0003000E+2	6.1379269E+1	6.0636823E+1	0.0000000E+0	0.0000000E+0	1.0000000E+2	0.0000000E+0
1.0008000E+2	6.1355310E+1	6.0640160E+1	0.0000000E+0	0.0000000E+0	1.0000000E+2	0.0000000E+0
1.0013100E+2	6.1357016E+1	6.0648738E+1	0.0000000E+0	0.0000000E+0	1.0000000E+2	0.0000000E+0
1.0018100E+2	6.1362314E+1	6.0644708E+1	0.0000000E+0	0.0000000E+0	1.0000000E+2	0.0000000E+0
1.0023200E+2	6.1366072E+1	6.0653659E+1	0.0000000E+0	0.0000000E+0	1.0000000E+2	0.0000000E+0
1.0028200E+2	6.1357155E+1	6.0643042E+1	0.0000000E+0	0.0000000E+0	1.0000000E+2	0.0000000E+0
1.0033200E+2	6.1327243E+1	6.0637479E+1	0.0000000E+0	0.0000000E+0	1.0000000E+2	0.0000000E+0
1.0038200E+2	6.1328266E+1	6.0629573E+1	0.0000000E+0	0.0000000E+0	1.0000000E+2	0.0000000E+0
1.0043200E+2	6.1322566E+1	6.0651853E+1	0.0000000E+0	0.0000000E+0	1.0000000E+2	0.0000000E+0
1.0048200E+2	6.1275194E+1	6.0632091E+1	0.0000000E+0	0.0000000E+0	1.0000000E+2	0.0000000E+0
1.0053200E+2	6.1267487E+1	6.0642060E+1	0.0000000E+0	0.0000000E+0	1.0000000E+2	0.0000000E+0
1.0058200E+2	6.1244877E+1	6.0637314E+1	0.0000000E+0	0.0000000E+0	1.0000000E+2	0.0000000E+0
1.0063200E+2	6.1212879E+1	6.0634140E+1	0.0000000E+0	0.0000000E+0	1.0000000E+2	0.0000000E+0
1.0068200E+2	6.1191241E+1	6.0636080E+1	0.0000000E+0	0.0000000E+0	1.0000000E+2	0.0000000E+0
1.0073300E+2	6.1164341E+1	6.0643769E+1	0.0000000E+0	0.0000000E+0	1.0000000E+2	0.0000000E+0
1.0078300E+2	6.1131068E+1	6.0634888E+1	0.0000000E+0	0.0000000E+0	1.0000000E+2	0.0000000E+0
1.0083300E+2	6.1077949E+1	6.0631444E+1	0.0000000E+0	0.0000000E+0	1.0000000E+2	0.0000000E+0
1.0088400E+2	6.1053407E+1	6.0629738E+1	0.0000000E+0	0.0000000E+0	1.0000000E+2	0.0000000E+0
1.0093400E+2	6.1054776E+1	6.0638919E+1	0.0000000E+0	0.0000000E+0	1.0000000E+2	0.0000000E+0
1.0098400E+2	6.1038559E+1	6.0639328E+1	0.0000000E+0	0.0000000E+0	1.0000000E+2	0.0000000E+0
1.0103400E+2	6.1016286E+1	6.0633542E+1	0.0000000E+0	0.0000000E+0	1.0000000E+2	0.0000000E+0
1.0108400E+2	6.1008586E+1	6.0622792E+1	0.0000000E+0	0.0000000E+0	1.0000000E+2	0.0000000E+0
1.0113400E+2	6.0992308E+1	6.0618777E+1	0.0000000E+0	0.0000000E+0	1.0000000E+2	0.0000000E+0
1.0118500E+2	6.0995333E+1	6.0617824E+1	0.0000000E+0	0.0000000E+0	1.0000000E+2	0.0000000E+0
1.0123600E+2	6.0976006E+1	6.0623122E+1	0.0000000E+0	0.0000000E+0	1.0000000E+2	0.0000000E+0
1.0128600E+2	6.0960858E+1	6.0621205E+1	0.0000000E+0	0.0000000E+0	1.0000000E+2	0.0000000E+0
1.0133600E+2	6.0944473E+1	6.0623507E+1	0.0000000E+0	0.0000000E+0	1.0000000E+2	0.0000000E+0
1.0138600E+2	6.0928816E+1	6.0625064E+1	0.0000000E+0	0.0000000E+0	1.0000000E+2	0.0000000E+0
1.0143600E+2	6.0937732E+1	6.0624470E+1	0.0000000E+0	0.0000000E+0	1.0000000E+2	0.0000000E+0
1.0148600E+2	6.0920420E+1	6.0612834E+1	0.0000000E+0	0.0000000E+0	1.0000000E+2	0.0000000E+0
1.0153600E+2	6.0894348E+1	6.0609383E+1	0.0000000E+0	0.0000000E+0	1.0000000E+2	0.0000000E+0
1.0158600E+2	6.0860365E+1	6.0615351E+1	0.0000000E+0	0.0000000E+0	1.0000000E+2	0.0000000E+0
1.0163600E+2	6.0859100E+1	6.0617648E+1	0.0000000E+0	0.0000000E+0	1.0000000E+2	0.0000000E+0
1.0168600E+2	6.0862184E+1	6.0611571E+1	0.0000000E+0	0.0000000E+0	1.0000000E+2	0.0000000E+0
1.0173600E+2	6.0858007E+1	6.0609773E+1	0.0000000E+0	0.0000000E+0	1.0000000E+2	0.0000000E+0
1.0178600E+2	6.0844017E+1	6.0582023E+1	0.0000000E+0	0.0000000E+0	1.0000000E+2	0.0000000E+0
1.0183600E+2	6.0852982E+1	6.0591209E+1	0.0000000E+0	0.0000000E+0	1.0000000E+2	0.0000000E+0
1.0188600E+2	6.0856365E+1	6.0589513E+1	0.0000000E+0	0.0000000E+0	1.0000000E+2	0.0000000E+0
1.0193600E+2	6.0869090E+1	6.0599229E+1	0.0000000E+0	0.0000000E+0	1.0000000E+2	0.0000000E+0
1.0198600E+2	6.0893504E+1	6.0596758E+1	0.0000000E+0	0.0000000E+0	1.0000000E+2	0.0000000E+0
1.0203600E+2	6.0909436E+1	6.0603153E+1	0.0000000E+0	0.0000000E+0	1.0000000E+2	0.0000000E+0
1.0208600E+2	6.0918358E+1	6.0589757E+1	0.0000000E+0	0.0000000E+0	1.0000000E+2	0.0000000E+0
1.0213600E+2	6.0917742E+1	6.0580479E+1	0.0000000E+0	0.0000000E+0	1.0000000E+2	0.0000000E+0
1.0218600E+2	6.0927492E+1	6.0552929E+1	0.0000000E+0	0.0000000E+0	1.0000000E+2	0.0000000E+0
1.0223700E+2	6.0914487E+1	6.0537358E+1	0.0000000E+0	0.0000000E+0	1.0000000E+2	0.0000000E+0
1.0228800E+2	6.0920103E+1	6.0527319E+1	0.0000000E+0	0.0000000E+0	1.0000000E+2	0.0000000E+0
1.0233800E+2	6.0946549E+1	6.0530332E+1	0.0000000E+0	0.0000000E+0	1.0000000E+2	0.0000000E+0
1.0238800E+2	6.0931886E+1	6.0533603E+1	0.0000000E+0	0.0000000E+0	1.0000000E+2	0.0000000E+0
1.0243800E+2	6.0917041E+1	6.0521777E+1	0.0000000E+0	0.0000000E+0	1.0000000E+2	0.0000000E+0
1.0248800E+2	6.0924515E+1	6.0527452E+1	0.0000000E+0	0.0000000E+0	1.0000000E+2	0.0000000E+0
1.0253800E+2	6.0972199E+1	6.0556742E+1	0.0000000E+0	0.0000000E+0	1.0000000E+2	0.0000000E+0
1.0258800E+2	6.0991276E+1	6.0538569E+1	0.0000000E+0	0.0000000E+0	1.0000000E+2	0.0000000E+0
1.0263800E+2	6.1007753E+1	6.0540295E+1	0.0000000E+0	0.0000000E+0	1.0000000E+2	0.0000000E+0
1.0268900E+2	6.1037766E+1	6.0545978E+1	0.0000000E+0	0.0000000E+0	1.0000000E+2	0.0000000E+0
1.0274000E+2	6.1069883E+1	6.0562818E+1	0.0000000E+0	0.0000000E+0	1.0000000E+2	0.0000000E+0
1.0279100E+2	6.1100146E+1	6.0566046E+1	0.0000000E+0	0.0000000E+0	1.0000000E+2	0.0000000E+0
1.0284100E+2	6.1118203E+1	6.0562871E+1	0.0000000E+0	0.0000000E+0	1.0000000E+2	0.0000000E+0
1.0289100E+2	6.1138424E+1	6.0573502E+1	0.0000000E+0	0.0000000E+0	1.0000000E+2	0.0000000E+0
1.0294100E+2	6.1155776E+1	6.0561125E+1	0.0000000E+0	0.0000000E+0	1.0000000E+2	0.0000000E+0
1.0299100E+2	6.1183811E+1	6.0559767E+1	0.0000000E+0	0.0000000E+0	1.0000000E+2	0.0000000E+0
1.0304100E+2	6.1231889E+1	6.0575888E+1	0.0000000E+0	0.0000000E+0	1.0000000E+2	0.0000000E+0
1.0309100E+2	6.1266011E+1	6.0573511E+1	0.0000000E+0	0.0000000E+0	1.0000000E+2	0.0000000E+0
1.0314200E+2	6.1278310E+1	6.0572338E+1	0.0000000E+0	0.0000000E+0	1.0000000E+2	0.0000000E+0
1.0319200E+2	6.1322554E+1	6.0592897E+1	0.0000000E+0	0.0000000E+0	1.0000000E+2	0.0000000E+0
1.0324200E+2	6.1328769E+1	6.0583015E+1	0.0000000E+0	0.0000000E+0	1.0000000E+2	0.0000000E+0
1.0329200E+2	6.1305983E+1	6.0575785E+1	0.0000000E+0	0.0000000E+0	1.0000000E+2	0.0000000E+0
1.0334200E+2	6.1285121E+1	6.0587684E+1	0.0000000E+0	0.0000000E+0	1.0000000E+2	0.0000000E+0
1.0339300E+2	6.1300374E+1	6.0590452E+1	0.0000000E+0	0.0000000E+0	1.0000000E+2	0.0000000E+0
1.0344300E+2	6.1333824E+1	6.0584826E+1	0.0000000E+0	0.0000000E+0	1.0000000E+2	0.0000000E+0
1.0349300E+2	6.1366123E+1	6.0585589E+1	0.0000000E+0	0.0000000E+0	1.0000000E+2	0.0000000E+0
1.0354300E+2	6.1399498E+1	6.0605208E+1	0.0000000E+0	0.0000000E+0	1.0000000E+2	0.0000000E+0
1.0359300E+2	6.1426494E+1	6.0605305E+1	0.0000000E+0	0.0000000E+0	1.0000000E+2	0.0000000E+0
1.0364300E+2	6.1459351E+1	6.0612901E+1	0.0000000E+0	0.0000000E+0	1.0000000E+2	0.0000000E+0
1.0369300E+2	6.1492285E+1	6.0607791E+1	0.0000000E+0	0.0000000E+0	1.0000000E+2	0.0000000E+0
1.0374400E+2	6.1505779E+1	6.0606315E+1	0.0000000E+0	0.0000000E+0	1.0000000E+2	0.0000000E+0
1.0379500E+2	6.1530097E+1	6.0609097E+1	0.0000000E+0	0.0000000E+0	1.0000000E+2	0.0000000E+0
1.0384600E+2	6.1540641E+1	6.0626089E+1	0.0000000E+0	0.0000000E+0	1.0000000E+2	0.0000000E+0
1.0389600E+2	6.1541940E+1	6.0614212E+1	0.0000000E+0	0.0000000E+0	1.0000000E+2	0.0000000E+0
1.0394600E+2	6.1564813E+1	6.0618719E+1	0.0000000E+0	0.0000000E+0	1.0000000E+2	0.0000000E+0
1.0399600E+2	6.1582304E+1	6.0621495E+1	0.0000000E+0	0.0000000E+0	1.0000000E+2	0.0000000E+0
1.0404600E+2	6.1595171E+1	6.0629815E+1	0.0000000E+0	0.0000000E+0	1.0000000E+2	0.0000000E+0
1.0409600E+2	6.1629337E+1	6.0628505E+1	0.0000000E+0	0.0000000E+0	1.0000000E+2	0.0000000E+0
1.0414600E+2	6.1635051E+1	6.0630315E+1	0.0000000E+0	0.0000000E+0	1.0000000E+2	0.0000000E+0
1.0419600E+2	6.1648345E+1	6.0619345E+1	0.0000000E+0	0.0000000E+0	1.0000000E+2	0.0000000E+0
1.0424600E+2	6.1684975E+1	6.0628916E+1	0.0000000E+0	0.0000000E+0	1.0000000E+2	0.0000000E+0
1.0429600E+2	6.1716886E+1	6.0640198E+1	0.0000000E+0	0.0000000E+0	1.0000000E+2	0.0000000E+0
1.0434600E+2	6.1741622E+1	6.0652130E+1	0.0000000E+0	0.0000000E+0	1.0000000E+2	0.0000000E+0
1.0439600E+2	6.1693079E+1	6.0645106E+1	0.0000000E+0	0.0000000E+0	1.0000000E+2	0.0000000E+0
1.0444600E+2	6.1693791E+1	6.0651708E+1	0.0000000E+0	0.0000000E+0	1.0000000E+2	0.0000000E+0
1.0449600E+2	6.1721246E+1	6.0659140E+1	0.0000000E+0	0.0000000E+0	1.0000000E+2	0.0000000E+0
1.0454600E+2	6.1756206E+1	6.0674784E+1	0.0000000E+0	0.0000000E+0	1.0000000E+2	0.0000000E+0
1.0459600E+2	6.1770035E+1	6.0674092E+1	0.0000000E+0	0.0000000E+0	1.0000000E+2	0.0000000E+0
1.0464600E+2	6.1778186E+1	6.0685013E+1	0.0000000E+0	0.0000000E+0	1.0000000E+2	0.0000000E+0
1.0469600E+2	6.1788078E+1	6.0695840E+1	0.0000000E+0	0.0000000E+0	1.0000000E+2	0.0000000E+0
1.0474600E+2	6.1783809E+1	6.0688241E+1	0.0000000E+0	0.0000000E+0	1.0000000E+2	0.0000000E+0
1.0479600E+2	6.1783897E+1	6.0697320E+1	0.0000000E+0	0.0000000E+0	1.0000000E+2	0.0000000E+0
1.0484700E+2	6.1775490E+1	6.0686713E+1	0.0000000E+0	0.0000000E+0	1.0000000E+2	0.0000000E+0
1.0489800E+2	6.1771095E+1	6.0678342E+1	0.0000000E+0	0.0000000E+0	1.0000000E+2	0.0000000E+0
1.0494800E+2	6.1793029E+1	6.0683845E+1	0.0000000E+0	0.0000000E+0	1.0000000E+2	0.0000000E+0
1.0499900E+2	6.1819472E+1	6.0692901E+1	0.0000000E+0	0.0000000E+0	1.0000000E+2	0.0000000E+0
1.0505000E+2	6.1831420E+1	6.0692475E+1	0.0000000E+0	0.0000000E+0	1.0000000E+2	0.0000000E+0
1.0510000E+2	6.1834832E+1	6.0694210E+1	0.0000000E+0	0.0000000E+0	1.0000000E+2	0.0000000E+0
1.0515000E+2	6.1841539E+1	6.0698021E+1	0.0000000E+0	0.0000000E+0	1.0000000E+2	0.0000000E+0
1.0520000E+2	6.1837985E+1	6.0707405E+1	0.0000000E+0	0.0000000E+0	1.0000000E+2	0.0000000E+0
1.0525000E+2	6.1809434E+1	6.0700763E+1	0.0000000E+0	0.0000000E+0	1.0000000E+2	0.0000000E+0
1.0530000E+2	6.1782012E+1	6.0700015E+1	0.0000000E+0	0.0000000E+0	1.0000000E+2	0.0000000E+0
1.0535000E+2	6.1748471E+1	6.0699631E+1	0.0000000E+0	0.0000000E+0	1.0000000E+2	0.0000000E+0
1.0540000E+2	6.1726449E+1	6.0701203E+1	0.0000000E+0	0.0000000E+0	1.0000000E+2	0.0000000E+0
1.0545000E+2	6.1678746E+1	6.0708638E+1	0.0000000E+0	0.0000000E+0	1.0000000E+2	0.0000000E+0
1.0550000E+2	6.1624690E+1	6.0705358E+1	0.0000000E+0	0.0000000E+0	1.0000000E+2	0.0000000E+0
1.0555100E+2	6.1615115E+1	6.0701830E+1	0.0000000E+0	0.0000000E+0	1.0000000E+2	0.0000000E+0
1.0560200E+2	6.1583448E+1	6.0695427E+1	0.0000000E+0	0.0000000E+0	1.0000000E+2	0.0000000E+0
1.0565300E+2	6.1569644E+1	6.0700063E+1	0.0000000E+0	0.0000000E+0	1.0000000E+2	0.0000000E+0
1.0570300E+2	6.1546031E+1	6.0711462E+1	0.0000000E+0	0.0000000E+0	1.0000000E+2	0.0000000E+0
1.0575300E+2	6.1511460E+1	6.0707093E+1	0.0000000E+0	0.0000000E+0	1.0000000E+2	0.0000000E+0
1.0580300E+2	6.1490100E+1	6.0703052E+1	0.0000000E+0	0.0000000E+0	1.0000000E+2	0.0000000E+0
1.0585300E+2	6.1474825E+1	6.0699856E+1	0.0000000E+0	0.0000000E+0	1.0000000E+2	0.0000000E+0
1.0590400E+2	6.1460126E+1	6.0701209E+1	0.0000000E+0	0.0000000E+0	1.0000000E+2	0.0000000E+0
1.0595500E+2	6.1423769E+1	6.0696373E+1	0.0000000E+0	0.0000000E+0	1.0000000E+2	0.0000000E+0
1.0600500E+2	6.1428745E+1	6.0710664E+1	0.0000000E+0	0.0000000E+0	1.0000000E+2	0.0000000E+0
1.0605500E+2	6.1390542E+1	6.0709773E+1	0.0000000E+0	0.0000000E+0	1.0000000E+2	0.0000000E+0
1.0610500E+2	6.1375630E+1	6.0684815E+1	0.0000000E+0	0.0000000E+0	1.0000000E+2	0.0000000E+0
1.0615600E+2	6.1384445E+1	6.0687291E+1	0.0000000E+0	0.0000000E+0	1.0000000E+2	0.0000000E+0
1.0620700E+2	6.1379031E+1	6.0686843E+1	0.0000000E+0	0.0000000E+0	1.0000000E+2	0.0000000E+0
1.0625700E+2	6.1385060E+1	6.0702507E+1	0.0000000E+0	0.0000000E+0	1.0000000E+2	0.0000000E+0
1.0630700E+2	6.1392921E+1	6.0701160E+1	0.0000000E+0	0.0000000E+0	1.0000000E+2	0.0000000E+0
1.0635700E+2	6.1401458E+1	6.0706864E+1	0.0000000E+0	0.0000000E+0	1.0000000E+2	0.0000000E+0
1.0640700E+2	6.1385801E+1	6.0717004E+1	0.0000000E+0	0.0000000E+0	1.0000000E+2	0.0000000E+0
1.0645700E+2	6.1378480E+1	6.0708215E+1	0.0000000E+0	0.0000000E+0	1.0000000E+2	0.0000000E+0
1.0650700E+2	6.1332140E+1	6.0701481E+1	0.0000000E+0	0.0000000E+0	1.0000000E+2	0.0000000E+0
1.0655700E+2	6.1316776E+1	6.0700920E+1	0.0000000E+0	0.0000000E+0	1.0000000E+2	0.0000000E+0
1.0660700E+2	6.1336431E+1	6.0689589E+1	0.0000000E+0	0.0000000E+0	1.0000000E+2	0.0000000E+0
1.0665700E+2	6.1346563E+1	6.0693847E+1	0.0000000E+0	0.0000000E+0	1.0000000E+2	0.0000000E+0
1.0670700E+2	6.1368404E+1	6.0698268E+1	0.0000000E+0	0.0000000E+0	1.0000000E+2	0.0000000E+0
1.0675700E+2	6.1381269E+1	6.0699586E+1	0.0000000E+0	0.0000000E+0	1.0000000E+2	0.0000000E+0
1.0680700E+2	6.1378725E+1	6.0704893E+1	0.0000000E+0	0.0000000E+0	1.0000000E+2	0.0000000E+0
1.0685700E+2	6.1378624E+1	6.0704356E+1	0.0000000E+0	0.0000000E+0	1.0000000E+2	0.0000000E+0
1.0690700E+2	6.1364037E+1	6.0692718E+1	0.0000000E+0	0.0000000E+0	1.0000000E+2	0.0000000E+0
1.0695700E+2	6.1354285E+1	6.0695649E+1	0.0000000E+0	0.0000000E+0	1.0000000E+2	0.0000000E+0
1.0700800E+2	6.1352317E+1	6.0685795E+1	0.0000000E+0	0.0000000E+0	1.0000000E+2	0.0000000E+0
1.0705800E+2	6.1343670E+1	6.0694095E+1	0.0000000E+0	0.0000000E+0	1.0000000E+2	0.0000000E+0
1.0710800E+2	6.1343443E+1	6.0698745E+1	0.0000000E+0	0.0000000E+0	1.0000000E+2	0.0000000E+0
1.0715900E+2	6.1337327E+1	6.0704811E+1	0.0000000E+0	0.0000000E+0	1.0000000E+2	0.0000000E+0
1.0720900E+2	6.1358508E+1	6.0696559E+1	0.0000000E+0	0.0000000E+0	1.0000000E+2	0.0000000E+0
1.0725900E+2	6.1346144E+1	6.0698783E+1	0.0000000E+0	0.0000000E+0	1.0000000E+2	0.0000000E+0
1.0730900E+2	6.1352262E+1	6.0708488E+1	0.0000000E+0	0.0000000E+0	1.0000000E+2	0.0000000E+0
1.0735900E+2	6.1369659E+1	6.0711819E+1	0.0000000E+0	0.0000000E+0	1.0000000E+2	0.0000000E+0
1.0740900E+2	6.1359695E+1	6.0709331E+1	0.0000000E+0	0.0000000E+0	1.0000000E+2	0.0000000E+0
1.0745900E+2	6.1328985E+1	6.0717284E+1	0.0000000E+0	0.0000000E+0	1.0000000E+2	0.0000000E+0
1.0750900E+2	6.1272927E+1	6.0721039E+1	0.0000000E+0	0.0000000E+0	1.0000000E+2	0.0000000E+0
1.0755900E+2	6.1272942E+1	6.0714513E+1	0.0000000E+0	0.0000000E+0	1.0000000E+2	0.0000000E+0
1.0760900E+2	6.1278798E+1	6.0715119E+1	0.0000000E+0	0.0000000E+0	1.0000000E+2	0.0000000E+0
1.0765900E+2	6.1262232E+1	6.0720342E+1	0.0000000E+0	0.0000000E+0	1.0000000E+2	0.0000000E+0
1.0770900E+2	6.1271140E+1	6.0726534E+1	0.0000000E+0	0.0000000E+0	1.0000000E+2	0.0000000E+0
1.0775900E+2	6.1265231E+1	6.0713482E+1	0.0000000E+0	0.0000000E+0	1.0000000E+2	0.0000000E+0
1.0780900E+2	6.1267322E+1	6.0708582E+1	0.0000000E+0	0.0000000E+0	1.0000000E+2	0.0000000E+0
1.0785900E+2	6.1242753E+1	6.0688741E+1	0.0000000E+0	0.0000000E+0	1.0000000E+2	0.0000000E+0
1.0790900E+2	6.1250027E+1	6.0697026E+1	0.0000000E+0	0.0000000E+0	1.0000000E+2	0.0000000E+0
1.0795900E+2	6.1230624E+1	6.0695087E+1	0.0000000E+0	0.0000000E+0	1.0000000E+2	0.0000000E+0
1.0800900E+2	6.1229666E+1	6.0691962E+1	0.0000000E+0	0.0000000E+0	1.0000000E+2	0.0000000E+0
1.0806000E+2	6.1216303E+1	6.0681977E+1	0.0000000E+0	0.0000000E+0	1.0000000E+2	0.0000000E+0
1.0811000E+2	6.1212877E+1	6.0685437E+1	0.0000000E+0	0.0000000E+0	1.0000000E+2	0.0000000E+0
1.0816000E+2	6.1195137E+1	6.0676419E+1	0.0000000E+0	0.0000000E+0	1.0000000E+2	0.0000000E+0
1.0821000E+2	6.1178697E+1	6.0663133E+1	0.0000000E+0	0.0000000E+0	1.0000000E+2	0.0000000E+0
1.0826000E+2	6.1190147E+1	6.0660508E+1	0.0000000E+0	0.0000000E+0	1.0000000E+2	0.0000000E+0
1.0831000E+2	6.1186382E+1	6.0681345E+1	0.0000000E+0	0.0000000E+0	1.0000000E+2	0.0000000E+0
1.0836000E+2	6.1202256E+1	6.0683889E+1	0.0000000E+0	0.0000000E+0	1.0000000E+2	0.0000000E+0
1.0841000E+2	6.1193232E+1	6.0666517E+1	0.0000000E+0	0.0000000E+0	1.0000000E+2	0.0000000E+0
1.0846000E+2	6.1187543E+1	6.0672604E+1	0.0000000E+0	0.0000000E+0	1.0000000E+2	0.0000000E+0
1.0851000E+2	6.1180418E+1	6.0662193E+1	0.0000000E+0	0.0000000E+0	1.0000000E+2	0.0000000E+0
1.0856000E+2	6.1180530E+1	6.0657437E+1	0.0000000E+0	0.0000000E+0	1.0000000E+2	0.0000000E+0
1.0861000E+2	6.1153001E+1	6.0677984E+1	0.0000000E+0	0.0000000E+0	1.0000000E+2	0.0000000E+0
1.0866100E+2	6.1091782E+1	6.0671042E+1	0.0000000E+0	0.0000000E+0	1.0000000E+2	0.0000000E+0
1.0871100E+2	6.1064129E+1	6.0663670E+1	0.0000000E+0	0.0000000E+0	1.0000000E+2	0.0000000E+0
1.0876100E+2	6.1051239E+1	6.0654466E+1	0.0000000E+0	0.0000000E+0	1.0000000E+2	0.0000000E+0
1.0881100E+2	6.1049572E+1	6.0662307E+1	0.0000000E+0	0.0000000E+0	1.0000000E+2	0.0000000E+0
1.0886100E+2	6.1047752E+1	6.0666929E+1	0.0000000E+0	0.0000000E+0	1.0000000E+2	0.0000000E+0
1.0891100E+2	6.1039058E+1	6.0668453E+1	0.0000000E+0	0.0000000E+0	1.0000000E+2	0.0000000E+0
1.0896100E+2	6.1030744E+1	6.0662987E+1	0.0000000E+0	0.0000000E+0	1.0000000E+2	0.0000000E+0
1.0901100E+2	6.1014581E+1	6.0645933E+1	0.0000000E+0	0.0000000E+0	1.0000000E+2	0.0000000E+0
1.0906100E+2	6.0995688E+1	6.0623914E+1	0.0000000E+0	0.0000000E+0	1.0000000E+2	0.0000000E+0
1.0911100E+2	6.0991189E+1	6.0619477E+1	0.0000000E+0	0.0000000E+0	1.0000000E+2	0.0000000E+0
1.0916100E+2	6.0992681E+1	6.0642198E+1	0.0000000E+0	0.0000000E+0	1.0000000E+2	0.0000000E+0
1.0921100E+2	6.1001684E+1	6.0642146E+1	0.0000000E+0	0.0000000E+0	1.0000000E+2	0.0000000E+0
1.0926100E+2	6.1015954E+1	6.0643806E+1	0.0000000E+0	0.0000000E+0	1.0000000E+2	0.0000000E+0
1.0931100E+2	6.1011666E+1	6.0647698E+1	0.0000000E+0	0.0000000E+0	1.0000000E+2	0.0000000E+0
1.0936100E+2	6.1041118E+1	6.0669536E+1	0.0000000E+0	0.0000000E+0	1.0000000E+2	0.0000000E+0
1.0941100E+2	6.1036232E+1	6.0663182E+1	0.0000000E+0	0.0000000E+0	1.0000000E+2	0.0000000E+0
1.0946100E+2	6.1048125E+1	6.0676989E+1	0.0000000E+0	0.0000000E+0	1.0000000E+2	0.0000000E+0
1.0951100E+2	6.1045636E+1	6.0678839E+1	0.0000000E+0	0.0000000E+0	1.0000000E+2	0.0000000E+0
1.0956100E+2	6.1037913E+1	6.0665947E+1	0.0000000E+0	0.0000000E+0	1.0000000E+2	0.0000000E+0
1.0961100E+2	6.1014628E+1	6.0672721E+1	0.0000000E+0	0.0000000E+0	1.0000000E+2	0.0000000E+0
1.0966200E+2	6.1032916E+1	6.0680068E+1	0.0000000E+0	0.0000000E+0	1.0000000E+2	0.0000000E+0
1.0971200E+2	6.1023427E+1	6.0666310E+1	0.0000000E+0	0.0000000E+0	1.0000000E+2	0.0000000E+0
1.0976300E+2	6.1034675E+1	6.0670395E+1	0.0000000E+0	0.0000000E+0	1.0000000E+2	0.0000000E+0
1.0981300E+2	6.0992298E+1	6.0680535E+1	0.0000000E+0	0.0000000E+0	1.0000000E+2	0.0000000E+0
1.0986300E+2	6.1015562E+1	6.0682663E+1	0.0000000E+0	0.0000000E+0	1.0000000E+2	0.0000000E+0
1.0991300E+2	6.1010221E+1	6.0670027E+1	0.0000000E+0	0.0000000E+0	1.0000000E+2	0.0000000E+0
1.0996300E+2	6.1028755E+1	6.0683494E+1	0.0000000E+0	0.0000000E+0	1.0000000E+2	0.0000000E+0
1.1001300E+2	6.1030069E+1	6.0678365E+1	0.0000000E+0	0.0000000E+0	1.0000000E+2	0.0000000E+0
1.1006300E+2	6.1041763E+1	6.0677752E+1	0.0000000E+0	0.0000000E+0	1.0000000E+2	0.0000000E+0
1.1011300E+2	6.1043303E+1	6.0690916E+1	0.0000000E+0	0.0000000E+0	1.0000000E+2	0.0000000E+0
1.1016300E+2	6.1054859E+1	6.0684667E+1	0.0000000E+0	0.0000000E+0	1.0000000E+2	0.0000000E+0
1.1021300E+2	6.1049101E+1	6.0686129E+1	0.0000000E+0	0.0000000E+0	1.0000000E+2	0.0000000E+0
1.1026300E+2	6.1058260E+1	6.0688056E+1	0.0000000E+0	0.0000000E+0	1.0000000E+2	0.0000000E+0
1.1031300E+2	6.1042467E+1	6.0669641E+1	0.0000000E+0	0.0000000E+0	1.0000000E+2	0.0000000E+0
1.1036300E+2	6.1052217E+1	6.0668305E+1	0.0000000E+0	0.0000000E+0	1.0000000E+2	0.0000000E+0
1.1041300E+2	6.1049840E+1	6.0681485E+1	0.0000000E+0	0.0000000E+0	1.0000000E+2	0.0000000E+0
1.1046300E+2	6.1048536E+1	6.0681330E+1	0.0000000E+0	0.0000000E+0	1.0000000E+2	0.0000000E+0
1.1051300E+2	6.1027103E+1	6.0667805E+1	0.0000000E+0	0.0000000E+0	1.0000000E+2	0.0000000E+0
1.1056300E+2	6.1055757E+1	6.0683690E+1	0.0000000E+0	0.0000000E+0	1.0000000E+2	0.0000000E+0
1.1061400E+2	6.1049821E+1	6.0691631E+1	0.0000000E+0	0.0000000E+0	1.0000000E+2	0.0000000E+0
1.1066400E+2	6.1012080E+1	6.0679353E+1	0.0000000E+0	0.0000000E+0	1.0000000E+2	0.0000000E+0
1.1071500E+2	6.1006438E+1	6.0678359E+1	0.0000000E+0	0.0000000E+0	1.0000000E+2	0.0000000E+0
1.1076500E+2	6.1007693E+1	6.0684490E+1	0.0000000E+0	0.0000000E+0	1.0000000E+2	0.0000000E+0
1.1081500E+2	6.1011719E+1	6.0692656E+1	0.0000000E+0	0.0000000E+0	1.0000000E+2	0.0000000E+0
1.1086500E+2	6.1043488E+1	6.0684668E+1	0.0000000E+0	0.0000000E+0	1.0000000E+2	0.0000000E+0
1.1091500E+2	6.1046949E+1	6.0694868E+1	0.0000000E+0	0.0000000E+0	1.0000000E+2	0.0000000E+0
1.1096500E+2	6.1068257E+1	6.0705758E+1	0.0000000E+0	0.0000000E+0	1.0000000E+2	0.0000000E+0
1.1101500E+2	6.1068878E+1	6.0694978E+1	0.0000000E+0	0.0000000E+0	1.0000000E+2	0.0000000E+0
1.1106500E+2	6.1071226E+1	6.0689022E+1	0.0000000E+0	0.0000000E+0	1.0000000E+2	0.0000000E+0
1.1111500E+2	6.1052687E+1	6.0691588E+1	0.0000000E+0	0.0000000E+0	1.0000000E+2	0.0000000E+0
1.1116500E+2	6.1052590E+1	6.0685144E+1	0.0000000E+0	0.0000000E+0	1.0000000E+2	0.0000000E+0
1.1121600E+2	6.1070622E+1	6.0693068E+1	0.0000000E+0	0.0000000E+0	1.0000000E+2	0.0000000E+0
1.1126600E+2	6.1068811E+1	6.0695516E+1	0.0000000E+0	0.0000000E+0	1.0000000E+2	0.0000000E+0
1.1131600E+2	6.1055845E+1	6.0671091E+1	0.0000000E+0	0.0000000E+0	1.0000000E+2	0.0000000E+0
1.1136600E+2	6.1066594E+1	6.0679986E+1	0.0000000E+0	0.0000000E+0	1.0000000E+2	0.0000000E+0
1.1141600E+2	6.1097166E+1	6.0703227E+1	0.0000000E+0	0.0000000E+0	1.0000000E+2	0.0000000E+0
1.1146600E+2	6.1114140E+1	6.0711650E+1	0.0000000E+0	0.0000000E+0	1.0000000E+2	0.0000000E+0
1.1151600E+2	6.1110891E+1	6.0707138E+1	0.0000000E+0	0.0000000E+0	1.0000000E+2	0.0000000E+0
1.1156600E+2	6.1048850E+1	6.0725513E+1	0.0000000E+0	0.0000000E+0	1.0000000E+2	0.0000000E+0
1.1161700E+2	6.1027799E+1	6.0711952E+1	0.0000000E+0	0.0000000E+0	1.0000000E+2	0.0000000E+0
1.1166800E+2	6.1038488E+1	6.0719974E+1	0.0000000E+0	0.0000000E+0	1.0000000E+2	0.0000000E+0
1.1171800E+2	6.1060084E+1	6.0738241E+1	0.0000000E+0	0.0000000E+0	1.0000000E+2	0.0000000E+0
1.1176900E+2	6.1059311E+1	6.0756977E+1	0.0000000E+0	0.0000000E+0	1.0000000E+2	0.0000000E+0
1.1181900E+2	6.1036592E+1	6.0731460E+1	0.0000000E+0	0.0000000E+0	1.0000000E+2	0.0000000E+0
1.1186900E+2	6.1032926E+1	6.0732596E+1	0.0000000E+0	0.0000000E+0	1.0000000E+2	0.0000000E+0
1.1191900E+2	6.1049282E+1	6.0748541E+1	0.0000000E+0	0.0000000E+0	1.0000000E+2	0.0000000E+0
1.1196900E+2	6.1070050E+1	6.0765483E+1	0.0000000E+0	0.0000000E+0	1.0000000E+2	0.0000000E+0
1.1201900E+2	6.1086153E+1	6.0754963E+1	0.0000000E+0	0.0000000E+0	1.0000000E+2	0.0000000E+0
1.1206900E+2	6.1094110E+1	6.0753022E+1	0.0000000E+0	0.0000000E+0	1.0000000E+2	0.0000000E+0
1.1211900E+2	6.1095298E+1	6.0766826E+1	0.0000000E+0	0.0000000E+0	1.0000000E+2	0.0000000E+0
1.1216900E+2	6.1095533E+1	6.0760029E+1	0.0000000E+0	0.0000000E+0	1.0000000E+2	0.0000000E+0
1.1221900E+2	6.1107544E+1	6.0768188E+1	0.0000000E+0	0.0000000E+0	1.0000000E+2	0.0000000E+0
1.1226900E+2	6.1096835E+1	6.0753383E+1	0.0000000E+0	0.0000000E+0	1.0000000E+2	0.0000000E+0
1.1231900E+2	6.1109314E+1	6.0756465E+1	0.0000000E+0	0.0000000E+0	1.0000000E+2	0.0000000E+0
1.1236900E+2	6.1121188E+1	6.0789737E+1	0.0000000E+0	0.0000000E+0	1.0000000E+2	0.0000000E+0
1.1241900E+2	6.1120349E+1	6.0773819E+1	0.0000000E+0	0.0000000E+0	1.0000000E+2	0.0000000E+0
1.1246900E+2	6.1129777E+1	6.0787295E+1	0.0000000E+0	0.0000000E+0	1.0000000E+2	0.0000000E+0
1.1251900E+2	6.1120762E+1	6.0776350E+1	0.0000000E+0	0.0000000E+0	1.0000000E+2	0.0000000E+0
1.1256900E+2	6.1101422E+1	6.0773436E+1	0.0000000E+0	0.0000000E+0	1.0000000E+2	0.0000000E+0
1.1261900E+2	6.1118850E+1	6.0767370E+1	0.0000000E+0	0.0000000E+0	1.0000000E+2	0.0000000E+0
1.1266900E+2	6.1067948E+1	6.0772942E+1	0.0000000E+0	0.0000000E+0	1.0000000E+2	0.0000000E+0
1.1271900E+2	6.1058052E+1	6.0774249E+1	0.0000000E+0	0.0000000E+0	1.0000000E+2	0.0000000E+0
1.1276900E+2	6.1086916E+1	6.0798685E+1	0.0000000E+0	0.0000000E+0	1.0000000E+2	0.0000000E+0
1.1281900E+2	6.1087995E+1	6.0788713E+1	0.0000000E+0	0.0000000E+0	1.0000000E+2	0.0000000E+0
1.1286900E+2	6.1093609E+1	6.0790870E+1	0.0000000E+0	0.0000000E+0	1.0000000E+2	0.0000000E+0
1.1291900E+2	6.1130742E+1	6.0798223E+1	0.0000000E+0	0.0000000E+0	1.0000000E+2	0.0000000E+0
1.1296900E+2	6.1137138E+1	6.0795938E+1	0.0000000E+0	0.0000000E+0	1.0000000E+2	0.0000000E+0
1.1301900E+2	6.1151255E+1	6.0796847E+1	0.0000000E+0	0.0000000E+0	1.0000000E+2	0.0000000E+0
1.1307000E+2	6.1158780E+1	6.0808477E+1	0.0000000E+0	0.0000000E+0	1.0000000E+2	0.0000000E+0
1.1312000E+2	6.1166724E+1	6.0803412E+1	0.0000000E+0	0.0000000E+0	1.0000000E+2	0.0000000E+0
1.1317000E+2	6.1177594E+1	6.0807528E+1	0.0000000E+0	0.0000000E+0	1.0000000E+2	0.0000000E+0
1.1322000E+2	6.1185884E+1	6.0807514E+1	0.0000000E+0	0.0000000E+0	1.0000000E+2	0.0000000E+0
1.1327100E+2	6.1192281E+1	6.0816486E+1	0.0000000E+0	0.0000000E+0	1.0000000E+2	0.0000000E+0
1.1332200E+2	6.1195308E+1	6.0816113E+1	0.0000000E+0	0.0000000E+0	1.0000000E+2	0.0000000E+0
1.1337200E+2	6.1187571E+1	6.0796572E+1	0.0000000E+0	0.0000000E+0	1.0000000E+2	0.0000000E+0
1.1342300E+2	6.1177436E+1	6.0808536E+1	0.0000000E+0	0.0000000E+0	1.0000000E+2	0.0000000E+0
1.1347300E+2	6.1179764E+1	6.0802818E+1	0.0000000E+0	0.0000000E+0	1.0000000E+2	0.0000000E+0
1.1352300E+2	6.1194921E+1	6.0817445E+1	0.0000000E+0	0.0000000E+0	1.0000000E+2	0.0000000E+0
1.1357300E+2	6.1210712E+1	6.0820156E+1	0.0000000E+0	0.0000000E+0	1.0000000E+2	0.0000000E+0
1.1362400E+2	6.1211944E+1	6.0814432E+1	0.0000000E+0	0.0000000E+0	1.0000000E+2	0.0000000E+0
1.1367400E+2	6.1166425E+1	6.0813482E+1	0.0000000E+0	0.0000000E+0	1.0000000E+2	0.0000000E+0
1.1372400E+2	6.1149538E+1	6.0827769E+1	0.0000000E+0	0.0000000E+0	1.0000000E+2	0.0000000E+0
1.1377500E+2	6.1168025E+1	6.0816498E+1	0.0000000E+0	0.0000000E+0	1.0000000E+2	0.0000000E+0
1.1382500E+2	6.1154426E+1	6.0822240E+1	0.0000000E+0	0.0000000E+0	1.0000000E+2	0.0000000E+0
1.1387500E+2	6.1157283E+1	6.0807602E+1	0.0000000E+0	0.0000000E+0	1.0000000E+2	0.0000000E+0
1.1392500E+2	6.1180984E+1	6.0806190E+1	0.0000000E+0	0.0000000E+0	1.0000000E+2	0.0000000E+0
1.1397500E+2	6.1199314E+1	6.0813497E+1	0.0000000E+0	0.0000000E+0	1.0000000E+2	0.0000000E+0
1.1402500E+2	6.1217080E+1	6.0818237E+1	0.0000000E+0	0.0000000E+0	1.0000000E+2	0.0000000E+0
1.1407500E+2	6.1232610E+1	6.0816350E+1	0.0000000E+0	0.0000000E+0	1.0000000E+2	0.0000000E+0
1.1412500E+2	6.1238081E+1	6.0825591E+1	0.0000000E+0	0.0000000E+0	1.0000000E+2	0.0000000E+0
1.1417500E+2	6.1227882E+1	6.0819084E+1	0.0000000E+0	0.0000000E+0	1.0000000E+2	0.0000000E+0
1.1422500E+2	6.1224708E+1	6.0819454E+1	0.0000000E+0	0.0000000E+0	1.0000000E+2	0.0000000E+0
1.1427500E+2	6.1238530E+1	6.0818368E+1	0.0000000E+0	0.0000000E+0	1.0000000E+2	0.0000000E+0
1.1432500E+2	6.1255793E+1	6.0802659E+1	0.0000000E+0	0.0000000E+0	1.0000000E+2	0.0000000E+0
1.1437500E+2	6.1259539E+1	6.0803734E+1	0.0000000E+0	0.0000000E+0	1.0000000E+2	0.0000000E+0
1.1442500E+2	6.1277007E+1	6.0801685E+1	0.0000000E+0	0.0000000E+0	1.0000000E+2	0.0000000E+0
1.1447500E+2	6.1279330E+1	6.0809060E+1	0.0000000E+0	0.0000000E+0	1.0000000E+2	0.0000000E+0
1.1452500E+2	6.1273857E+1	6.0782322E+1	0.0000000E+0	0.0000000E+0	1.0000000E+2	0.0000000E+0
1.1457500E+2	6.1293431E+1	6.0800314E+1	0.0000000E+0	0.0000000E+0	1.0000000E+2	0.0000000E+0
1.1462500E+2	6.1261959E+1	6.0804575E+1	0.0000000E+0	0.0000000E+0	1.0000000E+2	0.0000000E+0
1.1467500E+2	6.1242240E+1	6.0802689E+1	0.0000000E+0	0.0000000E+0	1.0000000E+2	0.0000000E+0
1.1472500E+2	6.1249681E+1	6.0803043E+1	0.0000000E+0	0.0000000E+0	1.0000000E+2	0.0000000E+0
1.1477600E+2	6.1249394E+1	6.0789801E+1	0.0000000E+0	0.0000000E+0	1.0000000E+2	0.0000000E+0
1.1482700E+2	6.1240030E+1	6.0776598E+1	0.0000000E+0	0.0000000E+0	1.0000000E+2	0.0000000E+0
1.1487700E+2	6.1240433E+1	6.0788691E+1	0.0000000E+0	0.0000000E+0	1.0000000E+2	0.0000000E+0
1.1492700E+2	6.1238518E+1	6.0782061E+1	0.0000000E+0	0.0000000E+0	1.0000000E+2	0.0000000E+0
1.1497700E+2	6.1238824E+1	6.0784820E+1	0.0000000E+0	0.0000000E+0	1.0000000E+2	0.0000000E+0
1.1502700E+2	6.1232945E+1	6.0790703E+1	0.0000000E+0	0.0000000E+0	1.0000000E+2	0.0000000E+0
1.1507700E+2	6.1237103E+1	6.0792063E+1	0.0000000E+0	0.0000000E+0	1.0000000E+2	0.0000000E+0
1.1512700E+2	6.1241777E+1	6.0806295E+1	0.0000000E+0	0.0000000E+0	1.0000000E+2	0.0000000E+0
1.1517700E+2	6.1225296E+1	6.0792764E+1	0.0000000E+0	0.0000000E+0	1.0000000E+2	0.0000000E+0
1.1522700E+2	6.1235053E+1	6.0798339E+1	0.0000000E+0	0.0000000E+0	1.0000000E+2	0.0000000E+0
1.1527700E+2	6.1215417E+1	6.0791291E+1	0.0000000E+0	0.0000000E+0	1.0000000E+2	0.0000000E+0
1.1532700E+2	6.1221193E+1	6.0784938E+1	0.0000000E+0	0.0000000E+0	1.0000000E+2	0.0000000E+0
1.1537700E+2	6.1201748E+1	6.0798279E+1	0.0000000E+0	0.0000000E+0	1.0000000E+2	0.0000000E+0
1.1542700E+2	6.1166930E+1	6.0784095E+1	0.0000000E+0	0.0000000E+0	1.0000000E+2	0.0000000E+0
1.1547700E+2	6.1181578E+1	6.0789502E+1	0.0000000E+0	0.0000000E+0	1.0000000E+2	0.0000000E+0
1.1552700E+2	6.1184905E+1	6.0771846E+1	0.0000000E+0	0.0000000E+0	1.0000000E+2	0.0000000E+0
1.1557700E+2	6.1202158E+1	6.0780637E+1	0.0000000E+0	0.0000000E+0	1.0000000E+2	0.0000000E+0
1.1562700E+2	6.1222983E+1	6.0774605E+1	0.0000000E+0	0.0000000E+0	1.0000000E+2	0.0000000E+0
1.1567700E+2	6.1207390E+1	6.0767084E+1	0.0000000E+0	0.0000000E+0	1.0000000E+2	0.0000000E+0
1.1572700E+2	6.1218989E+1	6.0772510E+1	0.0000000E+0	0.0000000E+0	1.0000000E+2	0.0000000E+0
1.1577700E+2	6.1230182E+1	6.0777569E+1	0.0000000E+0	0.0000000E+0	1.0000000E+2	0.0000000E+0
1.1582700E+2	6.1239916E+1	6.0778970E+1	0.0000000E+0	0.0000000E+0	1.0000000E+2	0.0000000E+0
1.1587700E+2	6.1237766E+1	6.0775248E+1	0.0000000E+0	0.0000000E+0	1.0000000E+2	0.0000000E+0
1.1592700E+2	6.1250475E+1	6.0791686E+1	0.0000000E+0	0.0000000E+0	1.0000000E+2	0.0000000E+0
1.1597700E+2	6.1241815E+1	6.0783507E+1	0.0000000E+0	0.0000000E+0	1.0000000E+2	0.0000000E+0
1.1602700E+2	6.1240044E+1	6.0777423E+1	0.0000000E+0	0.0000000E+0	1.0000000E+2	0.0000000E+0
1.1607700E+2	6.1251537E+1	6.0779940E+1	0.0000000E+0	0.0000000E+0	1.0000000E+2	0.0000000E+0
1.1612700E+2	6.1239627E+1	6.0790918E+1	0.0000000E+0	0.0000000E+0	1.0000000E+2	0.0000000E+0
1.1617700E+2	6.1226366E+1	6.0782387E+1	0.0000000E+0	0.0000000E+0	1.0000000E+2	0.0000000E+0
1.1622700E+2	6.1209704E+1	6.0769289E+1	0.0000000E+0	0.0000000E+0	1.0000000E+2	0.0000000E+0
1.1627700E+2	6.1167782E+1	6.0777636E+1	0.0000000E+0	0.0000000E+0	1.0000000E+2	0.0000000E+0
1.1632700E+2	6.1134889E+1	6.0781274E+1	0.0000000E+0	0.0000000E+0	1.0000000E+2	0.0000000E+0
1.1637700E+2	6.1116052E+1	6.0757805E+1	0.0000000E+0	0.0000000E+0	1.0000000E+2	0.0000000E+0
1.1642700E+2	6.1119689E+1	6.0765715E+1	0.0000000E+0	0.0000000E+0	1.0000000E+2	0.0000000E+0
1.1647700E+2	6.1112781E+1	6.0758737E+1	0.0000000E+0	0.0000000E+0	1.0000000E+2	0.0000000E+0
1.1652700E+2	6.1106854E+1	6.0754486E+1	0.0000000E+0	0.0000000E+0	1.0000000E+2	0.0000000E+0
1.1657700E+2	6.1108116E+1	6.0747361E+1	0.0000000E+0	0.0000000E+0	1.0000000E+2	0.0000000E+0
1.1662700E+2	6.1115341E+1	6.0761624E+1	0.0000000E+0	0.0000000E+0	1.0000000E+2	0.0000000E+0
1.1667700E+2	6.1103383E+1	6.0754586E+1	0.0000000E+0	0.0000000E+0	1.0000000E+2	0.0000000E+0
1.1672700E+2	6.1116037E+1	6.0765831E+1	0.0000000E+0	0.0000000E+0	1.0000000E+2	0.0000000E+0
1.1677700E+2	6.1099129E+1	6.0741039E+1	0.0000000E+0	0.0000000E+0	1.0000000E+2	0.0000000E+0
1.1682700E+2	6.1105153E+1	6.0730277E+1	0.0000000E+0	0.0000000E+0	1.0000000E+2	0.0000000E+0
1.1687800E+2	6.1110229E+1	6.0752921E+1	0.0000000E+0	0.0000000E+0	1.0000000E+2	0.0000000E+0
1.1692900E+2	6.1110806E+1	6.0749109E+1	0.0000000E+0	0.0000000E+0	1.0000000E+2	0.0000000E+0
1.1697900E+2	6.1094855E+1	6.0748173E+1	0.0000000E+0	0.0000000E+0	1.0000000E+2	0.0000000E+0
1.1702900E+2	6.1077670E+1	6.0747552E+1	0.0000000E+0	0.0000000E+0	1.0000000E+2	0.0000000E+0
1.1707900E+2	6.1083221E+1	6.0751888E+1	0.0000000E+0	0.0000000E+0	1.0000000E+2	0.0000000E+0
1.1712900E+2	6.1086339E+1	6.0753516E+1	0.0000000E+0	0.0000000E+0	1.0000000E+2	0.0000000E+0
1.1717900E+2	6.1094016E+1	6.0738928E+1	0.0000000E+0	0.0000000E+0	1.0000000E+2	0.0000000E+0
1.1722900E+2	6.1094803E+1	6.0740074E+1	0.0000000E+0	0.0000000E+0	1.0000000E+2	0.0000000E+0
1.1727900E+2	6.1134986E+1	6.0759189E+1	0.0000000E+0	0.0000000E+0	1.0000000E+2	0.0000000E+0
1.1732900E+2	6.1141467E+1	6.0759022E+1	0.0000000E+0	0.0000000E+0	1.0000000E+2	0.0000000E+0
1.1737900E+2	6.1142145E+1	6.0749388E+1	0.0000000E+0	0.0000000E+0	1.0000000E+2	0.0000000E+0
1.1743100E+2	6.1135918E+1	6.0746718E+1	0.0000000E+0	0.0000000E+0	1.0000000E+2	0.0000000E+0
1.1748100E+2	6.1124029E+1	6.0754040E+1	0.0000000E+0	0.0000000E+0	1.0000000E+2	0.0000000E+0
1.1753300E+2	6.1119147E+1	6.0761283E+1	0.0000000E+0	0.0000000E+0	1.0000000E+2	0.0000000E+0
1.1758300E+2	6.1090562E+1	6.0750234E+1	0.0000000E+0	0.0000000E+0	1.0000000E+2	0.0000000E+0
1.1763300E+2	6.1095810E+1	6.0751641E+1	0.0000000E+0	0.0000000E+0	1.0000000E+2	0.0000000E+0
1.1768300E+2	6.1063163E+1	6.0745413E+1	0.0000000E+0	0.0000000E+0	1.0000000E+2	0.0000000E+0
1.1773300E+2	6.1075524E+1	6.0750751E+1	0.0000000E+0	0.0000000E+0	1.0000000E+2	0.0000000E+0
1.1778300E+2	6.1056346E+1	6.0760267E+1	0.0000000E+0	0.0000000E+0	1.0000000E+2	0.0000000E+0
1.1783300E+2	6.1049341E+1	6.0754353E+1	0.0000000E+0	0.0000000E+0	1.0000000E+2	0.0000000E+0
1.1788400E+2	6.1039306E+1	6.0744400E+1	0.0000000E+0	0.0000000E+0	1.0000000E+2	0.0000000E+0
1.1793400E+2	6.1051090E+1	6.0752743E+1	0.0000000E+0	0.0000000E+0	1.0000000E+2	0.0000000E+0
1.1798500E+2	6.1030774E+1	6.0747796E+1	0.0000000E+0	0.0000000E+0	1.0000000E+2	0.0000000E+0
1.1803500E+2	6.1024210E+1	6.0736919E+1	0.0000000E+0	0.0000000E+0	1.0000000E+2	0.0000000E+0
1.1808500E+2	6.1023948E+1	6.0730853E+1	0.0000000E+0	0.0000000E+0	1.0000000E+2	0.0000000E+0
1.1813500E+2	6.1036885E+1	6.0731652E+1	0.0000000E+0	0.0000000E+0	1.0000000E+2	0.0000000E+0
1.1818600E+2	6.1038161E+1	6.0727227E+1	0.0000000E+0	0.0000000E+0	1.0000000E+2	0.0000000E+0
1.1823700E+2	6.1060183E+1	6.0744529E+1	0.0000000E+0	0.0000000E+0	1.0000000E+2	0.0000000E+0
1.1828700E+2	6.1054587E+1	6.0725531E+1	0.0000000E+0	0.0000000E+0	1.0000000E+2	0.0000000E+0
1.1833800E+2	6.1067963E+1	6.0732456E+1	0.0000000E+0	0.0000000E+0	1.0000000E+2	0.0000000E+0
1.1838900E+2	6.1065013E+1	6.0722738E+1	0.0000000E+0	0.0000000E+0	1.0000000E+2	0.0000000E+0
1.1844000E+2	6.1089210E+1	6.0723779E+1	0.0000000E+0	0.0000000E+0	1.0000000E+2	0.0000000E+0
1.1849000E+2	6.1079401E+1	6.0735692E+1	0.0000000E+0	0.0000000E+0	1.0000000E+2	0.0000000E+0
1.1854000E+2	6.1091055E+1	6.0739636E+1	0.0000000E+0	0.0000000E+0	1.0000000E+2	0.0000000E+0
1.1859000E+2	6.1088423E+1	6.0732710E+1	0.0000000E+0	0.0000000E+0	1.0000000E+2	0.0000000E+0
1.1864000E+2	6.1100119E+1	6.0718514E+1	0.0000000E+0	0.0000000E+0	1.0000000E+2	0.0000000E+0
1.1869000E+2	6.1066936E+1	6.0731804E+1	0.0000000E+0	0.0000000E+0	1.0000000E+2	0.0000000E+0
1.1874000E+2	6.1027708E+1	6.0735095E+1	0.0000000E+0	0.0000000E+0	1.0000000E+2	0.0000000E+0
1.1879000E+2	6.1036290E+1	6.0736144E+1	0.0000000E+0	0.0000000E+0	1.0000000E+2	0.0000000E+0
1.1884000E+2	6.1037457E+1	6.0744518E+1	0.0000000E+0	0.0000000E+0	1.0000000E+2	0.0000000E+0
1.1889000E+2	6.1053534E+1	6.0745610E+1	0.0000000E+0	0.0000000E+0	1.0000000E+2	0.0000000E+0
1.1894100E+2	6.1078560E+1	6.0745226E+1	0.0000000E+0	0.0000000E+0	1.0000000E+2	0.0000000E+0
1.1899100E+2	6.1094715E+1	6.0754112E+1	0.0000000E+0	0.0000000E+0	1.0000000E+2	0.0000000E+0
1.1904100E+2	6.1101214E+1	6.0748795E+1	0.0000000E+0	0.0000000E+0	1.0000000E+2	0.0000000E+0
1.1909100E+2	6.1123712E+1	6.0757630E+1	0.0000000E+0	0.0000000E+0	1.0000000E+2	0.0000000E+0
1.1914200E+2	6.1116543E+1	6.0752170E+1	0.0000000E+0	0.0000000E+0	1.0000000E+2	0.0000000E+0
1.1919300E+2	6.1123305E+1	6.0764792E+1	0.0000000E+0	0.0000000E+0	1.0000000E+2	0.0000000E+0
1.1924400E+2	6.1112760E+1	6.0759236E+1	0.0000000E+0	0.0000000E+0	1.0000000E+2	0.0000000E+0
1.1929500E+2	6.1096134E+1	6.0756239E+1	0.0000000E+0	0.0000000E+0	1.0000000E+2	0.0000000E+0
1.1934600E+2	6.1093359E+1	6.0757040E+1	0.0000000E+0	0.0000000E+0	1.0000000E+2	0.0000000E+0
1.1939600E+2	6.1079887E+1	6.0748168E+1	0.0000000E+0	0.0000000E+0	1.0000000E+2	0.0000000E+0
1.1944700E+2	6.1069868E+1	6.0754208E+1	0.0000000E+0	0.0000000E+0	1.0000000E+2	0.0000000E+0
1.1949700E+2	6.1070521E+1	6.0750819E+1	0.0000000E+0	0.0000000E+0	1.0000000E+2	0.0000000E+0
1.1954700E+2	6.1055767E+1	6.0725743E+1	0.0000000E+0	0.0000000E+0	1.0000000E+2	0.0000000E+0
1.1959700E+2	6.1070683E+1	6.0720728E+1	0.0000000E+0	0.0000000E+0	1.0000000E+2	0.0000000E+0
1.1964700E+2	6.1027150E+1	6.0743281E+1	0.0000000E+0	0.0000000E+0	1.0000000E+2	0.0000000E+0
1.1969700E+2	6.1016697E+1	6.0742854E+1	0.0000000E+0	0.0000000E+0	1.0000000E+2	0.0000000E+0
1.1974900E+2	6.1035062E+1	6.0745261E+1	0.0000000E+0	0.0000000E+0	1.0000000E+2	0.0000000E+0
1.1979900E+2	6.1042380E+1	6.0757639E+1	0.0000000E+0	0.0000000E+0	1.0000000E+2	0.0000000E+0
1.1984900E+2	6.1045860E+1	6.0748322E+1	0.0000000E+0	0.0000000E+0	1.0000000E+2	0.0000000E+0
1.1990000E+2	6.1062572E+1	6.0756443E+1	0.0000000E+0	0.0000000E+0	1.0000000E+2	0.0000000E+0
1.1995000E+2	6.1054801E+1	6.0745731E+1	0.0000000E+0	0.0000000E+0	1.0000000E+2	0.0000000E+0
1.2000100E+2	6.1037325E+1	6.0739138E+1	0.0000000E+0	0.0000000E+0	1.0000000E+2	0.0000000E+0
1.2005100E+2	6.1023125E+1	6.0728735E+1	0.0000000E+0	0.0000000E+0	1.0000000E+2	0.0000000E+0
1.2010100E+2	6.1040960E+1	6.0734717E+1	0.0000000E+0	0.0000000E+0	1.0000000E+2	0.0000000E+0
1.2015200E+2	6.1052435E+1	6.0735399E+1	0.0000000E+0	0.0000000E+0	1.0000000E+2	0.0000000E+0
1.2020200E+2	6.1056526E+1	6.0742837E+1	0.0000000E+0	0.0000000E+0	1.0000000E+2	0.0000000E+0
1.2025200E+2	6.1043126E+1	6.0732765E+1	0.0000000E+0	0.0000000E+0	1.0000000E+2	0.0000000E+0
1.2030300E+2	6.1051199E+1	6.0731641E+1	0.0000000E+0	0.0000000E+0	1.0000000E+2	0.0000000E+0
1.2035300E+2	6.1027087E+1	6.0725080E+1	0.0000000E+0	0.0000000E+0	1.0000000E+2	0.0000000E+0
1.2040300E+2	6.1031472E+1	6.0716966E+1	0.0000000E+0	0.0000000E+0	1.0000000E+2	0.0000000E+0
1.2045300E+2	6.1036613E+1	6.0708840E+1	0.0000000E+0	0.0000000E+0	1.0000000E+2	0.0000000E+0
1.2050300E+2	6.1040768E+1	6.0721885E+1	0.0000000E+0	0.0000000E+0	1.0000000E+2	0.0000000E+0
1.2055300E+2	6.1055927E+1	6.0729594E+1	0.0000000E+0	0.0000000E+0	1.0000000E+2	0.0000000E+0
1.2060300E+2	6.1071647E+1	6.0749174E+1	0.0000000E+0	0.0000000E+0	1.0000000E+2	0.0000000E+0
1.2065300E+2	6.1035661E+1	6.0741957E+1	0.0000000E+0	0.0000000E+0	1.0000000E+2	0.0000000E+0
1.2070400E+2	6.1028630E+1	6.0738418E+1	0.0000000E+0	0.0000000E+0	1.0000000E+2	0.0000000E+0
1.2075400E+2	6.1039148E+1	6.0723469E+1	0.0000000E+0	0.0000000E+0	1.0000000E+2	0.0000000E+0
1.2080500E+2	6.1061965E+1	6.0737569E+1	0.0000000E+0	0.0000000E+0	1.0000000E+2	0.0000000E+0
1.2085500E+2	6.1068819E+1	6.0731056E+1	0.0000000E+0	0.0000000E+0	1.0000000E+2	0.0000000E+0
1.2090500E+2	6.1093223E+1	6.0743775E+1	0.0000000E+0	0.0000000E+0	1.0000000E+2	0.0000000E+0
1.2095500E+2	6.1091846E+1	6.0735725E+1	0.0000000E+0	0.0000000E+0	1.0000000E+2	0.0000000E+0
1.2100500E+2	6.1086587E+1	6.0715580E+1	0.0000000E+0	0.0000000E+0	1.0000000E+2	0.0000000E+0
1.2105600E+2	6.1068577E+1	6.0709707E+1	0.0000000E+0	0.0000000E+0	1.0000000E+2	0.0000000E+0
1.2110600E+2	6.1093021E+1	6.0720903E+1	0.0000000E+0	0.0000000E+0	1.0000000E+2	0.0000000E+0
1.2115600E+2	6.1118463E+1	6.0724403E+1	0.0000000E+0	0.0000000E+0	1.0000000E+2	0.0000000E+0
1.2120600E+2	6.1143257E+1	6.0736499E+1	0.0000000E+0	0.0000000E+0	1.0000000E+2	0.0000000E+0
1.2125600E+2	6.1155669E+1	6.0753232E+1	0.0000000E+0	0.0000000E+0	1.0000000E+2	0.0000000E+0
1.2130600E+2	6.1135751E+1	6.0735173E+1	0.0000000E+0	0.0000000E+0	1.0000000E+2	0.0000000E+0
1.2135700E+2	6.1134439E+1	6.0733643E+1	0.0000000E+0	0.0000000E+0	1.0000000E+2	0.0000000E+0
1.2140700E+2	6.1131559E+1	6.0743998E+1	0.0000000E+0	0.0000000E+0	1.0000000E+2	0.0000000E+0
1.2145700E+2	6.1084472E+1	6.0736286E+1	0.0000000E+0	0.0000000E+0	1.0000000E+2	0.0000000E+0
1.2150700E+2	6.1068377E+1	6.0745975E+1	0.0000000E+0	0.0000000E+0	1.0000000E+2	0.0000000E+0
1.2155700E+2	6.1058198E+1	6.0730967E+1	0.0000000E+0	0.0000000E+0	1.0000000E+2	0.0000000E+0
1.2160700E+2	6.1062377E+1	6.0718468E+1	0.0000000E+0	0.0000000E+0	1.0000000E+2	0.0000000E+0
1.2165800E+2	6.1085849E+1	6.0731982E+1	0.0000000E+0	0.0000000E+0	1.0000000E+2	0.0000000E+0
1.2170800E+2	6.1090518E+1	6.0726812E+1	0.0000000E+0	0.0000000E+0	1.0000000E+2	0.0000000E+0
1.2175900E+2	6.1112592E+1	6.0726021E+1	0.0000000E+0	0.0000000E+0	1.0000000E+2	0.0000000E+0
1.2180900E+2	6.1121041E+1	6.0725562E+1	0.0000000E+0	0.0000000E+0	1.0000000E+2	0.0000000E+0
1.2185900E+2	6.1146256E+1	6.0735182E+1	0.0000000E+0	0.0000000E+0	1.0000000E+2	0.0000000E+0
1.2190900E+2	6.1165798E+1	6.0731027E+1	0.0000000E+0	0.0000000E+0	1.0000000E+2	0.0000000E+0
1.2195900E+2	6.1177058E+1	6.0742420E+1	0.0000000E+0	0.0000000E+0	1.0000000E+2	0.0000000E+0
1.2200900E+2	6.1176885E+1	6.0743963E+1	0.0000000E+0	0.0000000E+0	1.0000000E+2	0.0000000E+0
1.2205900E+2	6.1180414E+1	6.0757335E+1	0.0000000E+0	0.0000000E+0	1.0000000E+2	0.0000000E+0
1.2210900E+2	6.1171715E+1	6.0736851E+1	0.0000000E+0	0.0000000E+0	1.0000000E+2	0.0000000E+0
1.2216000E+2	6.1164936E+1	6.0737051E+1	0.0000000E+0	0.0000000E+0	1.0000000E+2	0.0000000E+0
1.2221100E+2	6.1150527E+1	6.0711523E+1	0.0000000E+0	0.0000000E+0	1.0000000E+2	0.0000000E+0
1.2226100E+2	6.1127122E+1	6.0702850E+1	0.0000000E+0	0.0000000E+0	1.0000000E+2	0.0000000E+0
1.2231100E+2	6.1149314E+1	6.0721043E+1	0.0000000E+0	0.0000000E+0	1.0000000E+2	0.0000000E+0
1.2236100E+2	6.1076312E+1	6.0700093E+1	0.0000000E+0	0.0000000E+0	1.0000000E+2	0.0000000E+0
1.2241100E+2	6.1067179E+1	6.0705041E+1	0.0000000E+0	0.0000000E+0	1.0000000E+2	0.0000000E+0
1.2246100E+2	6.1080568E+1	6.0704198E+1	0.0000000E+0	0.0000000E+0	1.0000000E+2	0.0000000E+0
1.2251100E+2	6.1078987E+1	6.0707205E+1	0.0000000E+0	0.0000000E+0	1.0000000E+2	0.0000000E+0
1.2256100E+2	6.1075270E+1	6.0698324E+1	0.0000000E+0	0.0000000E+0	1.0000000E+2	0.0000000E+0
1.2261100E+2	6.1066255E+1	6.0696282E+1	0.0000000E+0	0.0000000E+0	1.0000000E+2	0.0000000E+0
1.2266100E+2	6.1054292E+1	6.0681068E+1	0.0000000E+0	0.0000000E+0	1.0000000E+2	0.0000000E+0
1.2271100E+2	6.1049937E+1	6.0669411E+1	0.0000000E+0	0.0000000E+0	1.0000000E+2	0.0000000E+0
1.2276100E+2	6.1052924E+1	6.0658155E+1	0.0000000E+0	0.0000000E+0	1.0000000E+2	0.0000000E+0
1.2281200E+2	6.1042972E+1	6.0652613E+1	0.0000000E+0	0.0000000E+0	1.0000000E+2	0.0000000E+0
1.2286300E+2	6.1038883E+1	6.0637642E+1	0.0000000E+0	0.0000000E+0	1.0000000E+2	0.0000000E+0
1.2291300E+2	6.1066274E+1	6.0671387E+1	0.0000000E+0	0.0000000E+0	1.0000000E+2	0.0000000E+0
1.2296300E+2	6.1063362E+1	6.0662633E+1	0.0000000E+0	0.0000000E+0	1.0000000E+2	0.0000000E+0
1.2301300E+2	6.1072336E+1	6.0674077E+1	0.0000000E+0	0.0000000E+0	1.0000000E+2	0.0000000E+0
1.2306400E+2	6.1080591E+1	6.0687279E+1	0.0000000E+0	0.0000000E+0	1.0000000E+2	0.0000000E+0
1.2311400E+2	6.1040197E+1	6.0675506E+1	0.0000000E+0	0.0000000E+0	1.0000000E+2	0.0000000E+0
1.2316400E+2	6.1040233E+1	6.0685951E+1	0.0000000E+0	0.0000000E+0	1.0000000E+2	0.0000000E+0
1.2321500E+2	6.1023552E+1	6.0676602E+1	0.0000000E+0	0.0000000E+0	1.0000000E+2	0.0000000E+0
1.2326500E+2	6.1003107E+1	6.0666445E+1	0.0000000E+0	0.0000000E+0	1.0000000E+2	0.0000000E+0
1.2331600E+2	6.0979617E+1	6.0665848E+1	0.0000000E+0	0.0000000E+0	1.0000000E+2	0.0000000E+0
1.2336700E+2	6.0986986E+1	6.0666718E+1	0.0000000E+0	0.0000000E+0	1.0000000E+2	0.0000000E+0
1.2341700E+2	6.0977696E+1	6.0668251E+1	0.0000000E+0	0.0000000E+0	1.0000000E+2	0.0000000E+0
1.2346700E+2	6.0988699E+1	6.0678648E+1	0.0000000E+0	0.0000000E+0	1.0000000E+2	0.0000000E+0
1.2351800E+2	6.0946696E+1	6.0687392E+1	0.0000000E+0	0.0000000E+0	1.0000000E+2	0.0000000E+0
1.2356900E+2	6.0890367E+1	6.0679808E+1	0.0000000E+0	0.0000000E+0	1.0000000E+2	0.0000000E+0
1.2362000E+2	6.0881460E+1	6.0684563E+1	0.0000000E+0	0.0000000E+0	1.0000000E+2	0.0000000E+0
1.2367000E+2	6.0878388E+1	6.0673333E+1	0.0000000E+0	0.0000000E+0	1.0000000E+2	0.0000000E+0
1.2372200E+2	6.0879709E+1	6.0691891E+1	0.0000000E+0	0.0000000E+0	1.0000000E+2	0.0000000E+0
1.2377300E+2	6.0870632E+1	6.0689259E+1	0.0000000E+0	0.0000000E+0	1.0000000E+2	0.0000000E+0
1.2382300E+2	6.0876102E+1	6.0695967E+1	0.0000000E+0	0.0000000E+0	1.0000000E+2	0.0000000E+0
1.2387400E+2	6.0874358E+1	6.0696504E+1	0.0000000E+0	0.0000000E+0	1.0000000E+2	0.0000000E+0
1.2392500E+2	6.0877914E+1	6.0710825E+1	0.0000000E+0	0.0000000E+0	1.0000000E+2	0.0000000E+0
1.2397600E+2	6.0895511E+1	6.0707108E+1	0.0000000E+0	0.0000000E+0	1.0000000E+2	0.0000000E+0
1.2402600E+2	6.0885246E+1	6.0712536E+1	0.0000000E+0	0.0000000E+0	1.0000000E+2	0.0000000E+0
1.2407600E+2	6.0868829E+1	6.0704659E+1	0.0000000E+0	0.0000000E+0	1.0000000E+2	0.0000000E+0
1.2412600E+2	6.0873733E+1	6.0709562E+1	0.0000000E+0	0.0000000E+0	1.0000000E+2	0.0000000E+0
1.2417600E+2	6.0875034E+1	6.0719465E+1	0.0000000E+0	0.0000000E+0	1.0000000E+2	0.0000000E+0
1.2422600E+2	6.0859703E+1	6.0718698E+1	0.0000000E+0	0.0000000E+0	1.0000000E+2	0.0000000E+0
1.2427600E+2	6.0852128E+1	6.0702061E+1	0.0000000E+0	0.0000000E+0	1.0000000E+2	0.0000000E+0
1.2432600E+2	6.0840884E+1	6.0713739E+1	0.0000000E+0	0.0000000E+0	1.0000000E+2	0.0000000E+0
1.2437600E+2	6.0845896E+1	6.0726504E+1	0.0000000E+0	0.0000000E+0	1.0000000E+2	0.0000000E+0
1.2442700E+2	6.0846111E+1	6.0723567E+1	0.0000000E+0	0.0000000E+0	1.0000000E+2	0.0000000E+0
1.2447700E+2	6.0855388E+1	6.0732094E+1	0.0000000E+0	0.0000000E+0	1.0000000E+2	0.0000000E+0
1.2452700E+2	6.0852195E+1	6.0736821E+1	0.0000000E+0	0.0000000E+0	1.0000000E+2	0.0000000E+0
1.2457700E+2	6.0851220E+1	6.0728792E+1	0.0000000E+0	0.0000000E+0	1.0000000E+2	0.0000000E+0
1.2462800E+2	6.0802333E+1	6.0745679E+1	0.0000000E+0	0.0000000E+0	1.0000000E+2	0.0000000E+0
1.2467800E+2	6.0791958E+1	6.0740775E+1	0.0000000E+0	0.0000000E+0	1.0000000E+2	0.0000000E+0
1.2472800E+2	6.0799771E+1	6.0738965E+1	0.0000000E+0	0.0000000E+0	1.0000000E+2	0.0000000E+0
1.2477800E+2	6.0789657E+1	6.0718956E+1	0.0000000E+0	0.0000000E+0	1.0000000E+2	0.0000000E+0
1.2482800E+2	6.0796021E+1	6.0740828E+1	0.0000000E+0	0.0000000E+0	1.0000000E+2	0.0000000E+0
1.2487800E+2	6.0798178E+1	6.0731274E+1	0.0000000E+0	0.0000000E+0	1.0000000E+2	0.0000000E+0
1.2492800E+2	6.0819126E+1	6.0734261E+1	0.0000000E+0	0.0000000E+0	1.0000000E+2	0.0000000E+0
1.2497900E+2	6.0816279E+1	6.0732967E+1	0.0000000E+0	0.0000000E+0	1.0000000E+2	0.0000000E+0
1.2502900E+2	6.0832462E+1	6.0740753E+1	0.0000000E+0	0.0000000E+0	1.0000000E+2	0.0000000E+0
1.2508000E+2	6.0835017E+1	6.0740029E+1	0.0000000E+0	0.0000000E+0	1.0000000E+2	0.0000000E+0
1.2513000E+2	6.0840232E+1	6.0738728E+1	0.0000000E+0	0.0000000E+0	1.0000000E+2	0.0000000E+0
1.2518000E+2	6.0822504E+1	6.0740148E+1	0.0000000E+0	0.0000000E+0	1.0000000E+2	0.0000000E+0
1.2523000E+2	6.0845122E+1	6.0749391E+1	0.0000000E+0	0.0000000E+0	1.0000000E+2	0.0000000E+0
1.2528000E+2	6.0826545E+1	6.0747245E+1	0.0000000E+0	0.0000000E+0	1.0000000E+2	0.0000000E+0
1.2533000E+2	6.0828173E+1	6.0750136E+1	0.0000000E+0	0.0000000E+0	1.0000000E+2	0.0000000E+0
1.2538000E+2	6.0836494E+1	6.0760688E+1	0.0000000E+0	0.0000000E+0	1.0000000E+2	0.0000000E+0
1.2543000E+2	6.0850183E+1	6.0767881E+1	0.0000000E+0	0.0000000E+0	1.0000000E+2	0.0000000E+0
1.2548000E+2	6.0831742E+1	6.0753069E+1	0.0000000E+0	0.0000000E+0	1.0000000E+2	0.0000000E+0
1.2553000E+2	6.0836583E+1	6.0756573E+1	0.0000000E+0	0.0000000E+0	1.0000000E+2	0.0000000E+0
1.2558000E+2	6.0832530E+1	6.0767851E+1	0.0000000E+0	0.0000000E+0	1.0000000E+2	0.0000000E+0
1.2563000E+2	6.0823178E+1	6.0758512E+1	0.0000000E+0	0.0000000E+0	1.0000000E+2	0.0000000E+0
1.2568000E+2	6.0824774E+1	6.0775433E+1	0.0000000E+0	0.0000000E+0	1.0000000E+2	0.0000000E+0
1.2573000E+2	6.0820101E+1	6.0777708E+1	0.0000000E+0	0.0000000E+0	1.0000000E+2	0.0000000E+0
1.2578000E+2	6.0824472E+1	6.0752861E+1	0.0000000E+0	0.0000000E+0	1.0000000E+2	0.0000000E+0
1.2583000E+2	6.0842454E+1	6.0786622E+1	0.0000000E+0	0.0000000E+0	1.0000000E+2	0.0000000E+0
1.2588000E+2	6.0841202E+1	6.0784380E+1	0.0000000E+0	0.0000000E+0	1.0000000E+2	0.0000000E+0
1.2593000E+2	6.0812410E+1	6.0775152E+1	0.0000000E+0	0.0000000E+0	1.0000000E+2	0.0000000E+0
1.2598000E+2	6.0745532E+1	6.0759310E+1	0.0000000E+0	0.0000000E+0	1.0000000E+2	0.0000000E+0
1.2603000E+2	6.0714673E+1	6.0739505E+1	0.0000000E+0	0.0000000E+0	1.0000000E+2	0.0000000E+0
1.2608000E+2	6.0732685E+1	6.0753257E+1	0.0000000E+0	0.0000000E+0	1.0000000E+2	0.0000000E+0
1.2613000E+2	6.0768351E+1	6.0771322E+1	0.0000000E+0	0.0000000E+0	1.0000000E+2	0.0000000E+0
1.2618000E+2	6.0767759E+1	6.0761725E+1	0.0000000E+0	0.0000000E+0	1.0000000E+2	0.0000000E+0
1.2623000E+2	6.0793305E+1	6.0767396E+1	0.0000000E+0	0.0000000E+0	1.0000000E+2	0.0000000E+0
1.2628000E+2	6.0790142E+1	6.0764136E+1	0.0000000E+0	0.0000000E+0	1.0000000E+2	0.0000000E+0
1.2633100E+2	6.0800465E+1	6.0762208E+1	0.0000000E+0	0.0000000E+0	1.0000000E+2	0.0000000E+0
1.2638100E+2	6.0781947E+1	6.0759149E+1	0.0000000E+0	0.0000000E+0	1.0000000E+2	0.0000000E+0
1.2643100E+2	6.0789908E+1	6.0741746E+1	0.0000000E+0	0.0000000E+0	1.0000000E+2	0.0000000E+0
1.2648100E+2	6.0803026E+1	6.0758166E+1	0.0000000E+0	0.0000000E+0	1.0000000E+2	0.0000000E+0
1.2653100E+2	6.0804459E+1	6.0742982E+1	0.0000000E+0	0.0000000E+0	1.0000000E+2	0.0000000E+0
1.2658100E+2	6.0810576E+1	6.0755122E+1	0.0000000E+0	0.0000000E+0	1.0000000E+2	0.0000000E+0
1.2663100E+2	6.0831822E+1	6.0755274E+1	0.0000000E+0	0.0000000E+0	1.0000000E+2	0.0000000E+0
1.2668100E+2	6.0828732E+1	6.0758789E+1	0.0000000E+0	0.0000000E+0	1.0000000E+2	0.0000000E+0
1.2673100E+2	6.0822969E+1	6.0751220E+1	0.0000000E+0	0.0000000E+0	1.0000000E+2	0.0000000E+0
1.2678100E+2	6.0838064E+1	6.0757890E+1	0.0000000E+0	0.0000000E+0	1.0000000E+2	0.0000000E+0
1.2683100E+2	6.0844839E+1	6.0756229E+1	0.0000000E+0	0.0000000E+0	1.0000000E+2	0.0000000E+0
1.2688100E+2	6.0839383E+1	6.0756473E+1	0.0000000E+0	0.0000000E+0	1.0000000E+2	0.0000000E+0
1.2693200E+2	6.0854806E+1	6.0758079E+1	0.0000000E+0	0.0000000E+0	1.0000000E+2	0.0000000E+0
1.2698200E+2	6.0864224E+1	6.0763663E+1	0.0000000E+0	0.0000000E+0	1.0000000E+2	0.0000000E+0
1.2703200E+2	6.0854172E+1	6.0758065E+1	0.0000000E+0	0.0000000E+0	1.0000000E+2	0.0000000E+0
1.2708200E+2	6.0835898E+1	6.0763370E+1	0.0000000E+0	0.0000000E+0	1.0000000E+2	0.0000000E+0
1.2713200E+2	6.0776923E+1	6.0754367E+1	0.0000000E+0	0.0000000E+0	1.0000000E+2	0.0000000E+0
1.2718200E+2	6.0761799E+1	6.0748811E+1	0.0000000E+0	0.0000000E+0	1.0000000E+2	0.0000000E+0
1.2723200E+2	6.0760824E+1	6.0745147E+1	0.0000000E+0	0.0000000E+0	1.0000000E+2	0.0000000E+0
1.2728200E+2	6.0761954E+1	6.0745664E+1	0.0000000E+0	0.0000000E+0	1.0000000E+2	0.0000000E+0
1.2733200E+2	6.0778234E+1	6.0752785E+1	0.0000000E+0	0.0000000E+0	1.0000000E+2	0.0000000E+0
1.2738200E+2	6.0786055E+1	6.0755274E+1	0.0000000E+0	0.0000000E+0	1.0000000E+2	0.0000000E+0
1.2743200E+2	6.0774155E+1	6.0745472E+1	0.0000000E+0	0.0000000E+0	1.0000000E+2	0.0000000E+0
1.2748200E+2	6.0774521E+1	6.0746237E+1	0.0000000E+0	0.0000000E+0	1.0000000E+2	0.0000000E+0
1.2753300E+2	6.0772223E+1	6.0744001E+1	0.0000000E+0	0.0000000E+0	1.0000000E+2	0.0000000E+0
1.2758400E+2	6.0776856E+1	6.0748973E+1	0.0000000E+0	0.0000000E+0	1.0000000E+2	0.0000000E+0
1.2763500E+2	6.0799455E+1	6.0762605E+1	0.0000000E+0	0.0000000E+0	1.0000000E+2	0.0000000E+0
1.2768500E+2	6.0791285E+1	6.0757650E+1	0.0000000E+0	0.0000000E+0	1.0000000E+2	0.0000000E+0
1.2773500E+2	6.0798759E+1	6.0758438E+1	0.0000000E+0	0.0000000E+0	1.0000000E+2	0.0000000E+0
1.2778500E+2	6.0789275E+1	6.0758677E+1	0.0000000E+0	0.0000000E+0	1.0000000E+2	0.0000000E+0
1.2783500E+2	6.0794275E+1	6.0768375E+1	0.0000000E+0	0.0000000E+0	1.0000000E+2	0.0000000E+0
1.2788500E+2	6.0797568E+1	6.0762755E+1	0.0000000E+0	0.0000000E+0	1.0000000E+2	0.0000000E+0
1.2793600E+2	6.0827580E+1	6.0787815E+1	0.0000000E+0	0.0000000E+0	1.0000000E+2	0.0000000E+0
1.2798600E+2	6.0831610E+1	6.0793397E+1	0.0000000E+0	0.0000000E+0	1.0000000E+2	0.0000000E+0
1.2803600E+2	6.0803903E+1	6.0776775E+1	0.0000000E+0	0.0000000E+0	1.0000000E+2	0.0000000E+0
1.2808600E+2	6.0771927E+1	6.0772437E+1	0.0000000E+0	0.0000000E+0	1.0000000E+2	0.0000000E+0
1.2813600E+2	6.0691083E+1	6.0763265E+1	0.0000000E+0	0.0000000E+0	1.0000000E+2	0.0000000E+0
1.2818600E+2	6.0683053E+1	6.0769746E+1	0.0000000E+0	0.0000000E+0	1.0000000E+2	0.0000000E+0
1.2823600E+2	6.0688857E+1	6.0758367E+1	0.0000000E+0	0.0000000E+0	1.0000000E+2	0.0000000E+0
1.2828700E+2	6.0703072E+1	6.0767161E+1	0.0000000E+0	0.0000000E+0	1.0000000E+2	0.0000000E+0
1.2833700E+2	6.0718365E+1	6.0760269E+1	0.0000000E+0	0.0000000E+0	1.0000000E+2	0.0000000E+0
1.2838700E+2	6.0706853E+1	6.0763788E+1	0.0000000E+0	0.0000000E+0	1.0000000E+2	0.0000000E+0
1.2843700E+2	6.0708066E+1	6.0744765E+1	0.0000000E+0	0.0000000E+0	1.0000000E+2	0.0000000E+0
1.2848700E+2	6.0724407E+1	6.0741936E+1	0.0000000E+0	0.0000000E+0	1.0000000E+2	0.0000000E+0
1.2853700E+2	6.0720325E+1	6.0744584E+1	0.0000000E+0	0.0000000E+0	1.0000000E+2	0.0000000E+0
1.2858700E+2	6.0708807E+1	6.0736436E+1	0.0000000E+0	0.0000000E+0	1.0000000E+2	0.0000000E+0
1.2863700E+2	6.0712081E+1	6.0747279E+1	0.0000000E+0	0.0000000E+0	1.0000000E+2	0.0000000E+0
1.2868800E+2	6.0735124E+1	6.0745038E+1	0.0000000E+0	0.0000000E+0	1.0000000E+2	0.0000000E+0
1.2873800E+2	6.0731592E+1	6.0740742E+1	0.0000000E+0	0.0000000E+0	1.0000000E+2	0.0000000E+0
1.2878800E+2	6.0742489E+1	6.0743472E+1	0.0000000E+0	0.0000000E+0	1.0000000E+2	0.0000000E+0
1.2883800E+2	6.0734260E+1	6.0750649E+1	0.0000000E+0	0.0000000E+0	1.0000000E+2	0.0000000E+0
1.2888800E+2	6.0735580E+1	6.0737481E+1	0.0000000E+0	0.0000000E+0	1.0000000E+2	0.0000000E+0
1.2893800E+2	6.0746120E+1	6.0748214E+1	0.0000000E+0	0.0000000E+0	1.0000000E+2	0.0000000E+0
1.2898800E+2	6.0726701E+1	6.0748324E+1	0.0000000E+0	0.0000000E+0	1.0000000E+2	0.0000000E+0
1.2903800E+2	6.0688481E+1	6.0746471E+1	0.0000000E+0	0.0000000E+0	1.0000000E+2	0.0000000E+0
1.2908800E+2	6.0694218E+1	6.0737824E+1	0.0000000E+0	0.0000000E+0	1.0000000E+2	0.0000000E+0
1.2913900E+2	6.0721453E+1	6.0753648E+1	0.0000000E+0	0.0000000E+0	1.0000000E+2	0.0000000E+0
1.2919000E+2	6.0719789E+1	6.0747637E+1	0.0000000E+0	0.0000000E+0	1.0000000E+2	0.0000000E+0
1.2924000E+2	6.0742928E+1	6.0767118E+1	0.0000000E+0	0.0000000E+0	1.0000000E+2	0.0000000E+0
1.2929000E+2	6.0757591E+1	6.0766341E+1	0.0000000E+0	0.0000000E+0	1.0000000E+2	0.0000000E+0
1.2934000E+2	6.0770527E+1	6.0758341E+1	0.0000000E+0	0.0000000E+0	1.0000000E+2	0.0000000E+0
1.2939000E+2	6.0782210E+1	6.0760765E+1	0.0000000E+0	0.0000000E+0	1.0000000E+2	0.0000000E+0
1.2944000E+2	6.0793416E+1	6.0760717E+1	0.0000000E+0	0.0000000E+0	1.0000000E+2	0.0000000E+0
1.2949000E+2	6.0791667E+1	6.0750300E+1	0.0000000E+0	0.0000000E+0	1.0000000E+2	0.0000000E+0
1.2954000E+2	6.0795877E+1	6.0750816E+1	0.0000000E+0	0.0000000E+0	1.0000000E+2	0.0000000E+0
1.2959000E+2	6.0794365E+1	6.0755822E+1	0.0000000E+0	0.0000000E+0	1.0000000E+2	0.0000000E+0
1.2964000E+2	6.0796607E+1	6.0754607E+1	0.0000000E+0	0.0000000E+0	1.0000000E+2	0.0000000E+0
1.2969000E+2	6.0816774E+1	6.0747319E+1	0.0000000E+0	0.0000000E+0	1.0000000E+2	0.0000000E+0
1.2974000E+2	6.0818974E+1	6.0758451E+1	0.0000000E+0	0.0000000E+0	1.0000000E+2	0.0000000E+0
1.2979000E+2	6.0821918E+1	6.0765531E+1	0.0000000E+0	0.0000000E+0	1.0000000E+2	0.0000000E+0
1.2984000E+2	6.0812987E+1	6.0755000E+1	0.0000000E+0	0.0000000E+0	1.0000000E+2	0.0000000E+0
1.2989000E+2	6.0764783E+1	6.0750062E+1	0.0000000E+0	0.0000000E+0	1.0000000E+2	0.0000000E+0
1.2994000E+2	6.0760430E+1	6.0758556E+1	0.0000000E+0	0.0000000E+0	1.0000000E+2	0.0000000E+0
1.2999000E+2	6.0760545E+1	6.0751602E+1	0.0000000E+0	0.0000000E+0	1.0000000E+2	0.0000000E+0
1.3004000E+2	6.0772343E+1	6.0756595E+1	0.0000000E+0	0.0000000E+0	1.0000000E+2	0.0000000E+0
1.3009000E+2	6.0791348E+1	6.0755555E+1	0.0000000E+0	0.0000000E+0	1.0000000E+2	0.0000000E+0
1.3014100E+2	6.0796400E+1	6.0756947E+1	0.0000000E+0	0.0000000E+0	1.0000000E+2	0.0000000E+0
1.3019200E+2	6.0814855E+1	6.0763821E+1	0.0000000E+0	0.0000000E+0	1.0000000E+2	0.0000000E+0
1.3024300E+2	6.0820253E+1	6.0766122E+1	0.0000000E+0	0.0000000E+0	1.0000000E+2	0.0000000E+0
1.3029300E+2	6.0831312E+1	6.0773919E+1	0.0000000E+0	0.0000000E+0	1.0000000E+2	0.0000000E+0
1.3034300E+2	6.0833430E+1	6.0774171E+1	0.0000000E+0	0.0000000E+0	1.0000000E+2	0.0000000E+0
1.3039300E+2	6.0854300E+1	6.0772466E+1	0.0000000E+0	0.0000000E+0	1.0000000E+2	0.0000000E+0
1.3044300E+2	6.0849290E+1	6.0782672E+1	0.0000000E+0	0.0000000E+0	1.0000000E+2	0.0000000E+0
1.3049300E+2	6.0835697E+1	6.0767892E+1	0.0000000E+0	0.0000000E+0	1.0000000E+2	0.0000000E+0
1.3054400E+2	6.0839609E+1	6.0768038E+1	0.0000000E+0	0.0000000E+0	1.0000000E+2	0.0000000E+0
1.3059400E+2	6.0840107E+1	6.0764441E+1	0.0000000E+0	0.0000000E+0	1.0000000E+2	0.0000000E+0
1.3064400E+2	6.0853850E+1	6.0765387E+1	0.0000000E+0	0.0000000E+0	1.0000000E+2	0.0000000E+0
1.3069400E+2	6.0857381E+1	6.0756532E+1	0.0000000E+0	0.0000000E+0	1.0000000E+2	0.0000000E+0
1.3074400E+2	6.0877178E+1	6.0767465E+1	0.0000000E+0	0.0000000E+0	1.0000000E+2	0.0000000E+0
1.3079400E+2	6.0871111E+1	6.0793148E+1	0.0000000E+0	0.0000000E+0	1.0000000E+2	0.0000000E+0
1.3084400E+2	6.0818863E+1	6.0774201E+1	0.0000000E+0	0.0000000E+0	1.0000000E+2	0.0000000E+0
1.3089400E+2	6.0835781E+1	6.0773084E+1	0.0000000E+0	0.0000000E+0	1.0000000E+2	0.0000000E+0
1.3094400E+2	6.0854642E+1	6.0778937E+1	0.0000000E+0	0.0000000E+0	1.0000000E+2	0.0000000E+0
1.3099400E+2	6.0869621E+1	6.0794154E+1	0.0000000E+0	0.0000000E+0	1.0000000E+2	0.0000000E+0
1.3104400E+2	6.0890212E+1	6.0801306E+1	0.0000000E+0	0.0000000E+0	1.0000000E+2	0.0000000E+0
1.3109500E+2	6.0893802E+1	6.0782385E+1	0.0000000E+0	0.0000000E+0	1.0000000E+2	0.0000000E+0
1.3114500E+2	6.0905063E+1	6.0788678E+1	0.0000000E+0	0.0000000E+0	1.0000000E+2	0.0000000E+0
1.3119500E+2	6.0932805E+1	6.0791832E+1	0.0000000E+0	0.0000000E+0	1.0000000E+2	0.0000000E+0
1.3124600E+2	6.0928046E+1	6.0777668E+1	0.0000000E+0	0.0000000E+0	1.0000000E+2	0.0000000E+0
1.3129800E+2	6.0956408E+1	6.0790829E+1	0.0000000E+0	0.0000000E+0	1.0000000E+2	0.0000000E+0
1.3134800E+2	6.0959636E+1	6.0788964E+1	0.0000000E+0	0.0000000E+0	1.0000000E+2	0.0000000E+0
1.3140000E+2	6.0966476E+1	6.0793053E+1	0.0000000E+0	0.0000000E+0	1.0000000E+2	0.0000000E+0
1.3145100E+2	6.0966331E+1	6.0785536E+1	0.0000000E+0	0.0000000E+0	1.0000000E+2	0.0000000E+0
1.3150100E+2	6.0965611E+1	6.0799838E+1	0.0000000E+0	0.0000000E+0	1.0000000E+2	0.0000000E+0
1.3155100E+2	6.0974889E+1	6.0776426E+1	0.0000000E+0	0.0000000E+0	1.0000000E+2	0.0000000E+0
1.3160100E+2	6.0983625E+1	6.0784256E+1	0.0000000E+0	0.0000000E+0	1.0000000E+2	0.0000000E+0
1.3165100E+2	6.0963517E+1	6.0790553E+1	0.0000000E+0	0.0000000E+0	1.0000000E+2	0.0000000E+0
1.3170100E+2	6.0950515E+1	6.0787196E+1	0.0000000E+0	0.0000000E+0	1.0000000E+2	0.0000000E+0
1.3175100E+2	6.0960461E+1	6.0785811E+1	0.0000000E+0	0.0000000E+0	1.0000000E+2	0.0000000E+0
1.3180100E+2	6.0961342E+1	6.0790284E+1	0.0000000E+0	0.0000000E+0	1.0000000E+2	0.0000000E+0
1.3185100E+2	6.0942054E+1	6.0795847E+1	0.0000000E+0	0.0000000E+0	1.0000000E+2	0.0000000E+0
1.3190100E+2	6.0928448E+1	6.0786308E+1	0.0000000E+0	0.0000000E+0	1.0000000E+2	0.0000000E+0
1.3195100E+2	6.0944462E+1	6.0780637E+1	0.0000000E+0	0.0000000E+0	1.0000000E+2	0.0000000E+0
1.3200100E+2	6.0946798E+1	6.0755770E+1	0.0000000E+0	0.0000000E+0	1.0000000E+2	0.0000000E+0
1.3205100E+2	6.0970089E+1	6.0770049E+1	0.0000000E+0	0.0000000E+0	1.0000000E+2	0.0000000E+0
1.3210200E+2	6.1010104E+1	6.0786092E+1	0.0000000E+0	0.0000000E+0	1.0000000E+2	0.0000000E+0
1.3215300E+2	6.1010163E+1	6.0786306E+1	0.0000000E+0	0.0000000E+0	1.0000000E+2	0.0000000E+0
1.3220400E+2	6.1021468E+1	6.0783839E+1	0.0000000E+0	0.0000000E+0	1.0000000E+2	0.0000000E+0
1.3225400E+2	6.1035364E+1	6.0796836E+1	0.0000000E+0	0.0000000E+0	1.0000000E+2	0.0000000E+0
1.3230400E+2	6.1048073E+1	6.0799289E+1	0.0000000E+0	0.0000000E+0	1.0000000E+2	0.0000000E+0
1.3235400E+2	6.1052122E+1	6.0797706E+1	0.0000000E+0	0.0000000E+0	1.0000000E+2	0.0000000E+0
1.3240400E+2	6.1056411E+1	6.0797134E+1	0.0000000E+0	0.0000000E+0	1.0000000E+2	0.0000000E+0
1.3245400E+2	6.1078503E+1	6.0783252E+1	0.0000000E+0	0.0000000E+0	1.0000000E+2	0.0000000E+0
1.3250500E+2	6.1097806E+1	6.0813275E+1	0.0000000E+0	0.0000000E+0	1.0000000E+2	0.0000000E+0
1.3255600E+2	6.1111978E+1	6.0808006E+1	0.0000000E+0	0.0000000E+0	1.0000000E+2	0.0000000E+0
1.3260800E+2	6.1119887E+1	6.0814457E+1	0.0000000E+0	0.0000000E+0	1.0000000E+2	0.0000000E+0
1.3265900E+2	6.1060576E+1	6.0826097E+1	0.0000000E+0	0.0000000E+0	1.0000000E+2	0.0000000E+0
1.3271000E+2	6.1076122E+1	6.0817604E+1	0.0000000E+0	0.0000000E+0	1.0000000E+2	0.0000000E+0
1.3276000E+2	6.1089673E+1	6.0798684E+1	0.0000000E+0	0.0000000E+0	1.0000000E+2	0.0000000E+0
1.3281000E+2	6.1104319E+1	6.0800917E+1	0.0000000E+0	0.0000000E+0	1.0000000E+2	0.0000000E+0
1.3286000E+2	6.1135676E+1	6.0810616E+1	0.0000000E+0	0.0000000E+0	1.0000000E+2	0.0000000E+0
1.3291000E+2	6.1149274E+1	6.0801697E+1	0.0000000E+0	0.0000000E+0	1.0000000E+2	0.0000000E+0
1.3296000E+2	6.1189109E+1	6.0803865E+1	0.0000000E+0	0.0000000E+0	1.0000000E+2	0.0000000E+0
1.3301000E+2	6.1207173E+1	6.0812897E+1	0.0000000E+0	0.0000000E+0	1.0000000E+2	0.0000000E+0
1.3306000E+2	6.1201838E+1	6.0810755E+1	0.0000000E+0	0.0000000E+0	1.0000000E+2	0.0000000E+0
1.3311100E+2	6.1215005E+1	6.0808620E+1	0.0000000E+0	0.0000000E+0	1.0000000E+2	0.0000000E+0
1.3316200E+2	6.1224719E+1	6.0811592E+1	0.0000000E+0	0.0000000E+0	1.0000000E+2	0.0000000E+0
1.3321200E+2	6.1219154E+1	6.0820693E+1	0.0000000E+0	0.0000000E+0	1.0000000E+2	0.0000000E+0
1.3326300E+2	6.1201246E+1	6.0806692E+1	0.0000000E+0	0.0000000E+0	1.0000000E+2	0.0000000E+0
1.3331300E+2	6.1211694E+1	6.0812715E+1	0.0000000E+0	0.0000000E+0	1.0000000E+2	0.0000000E+0
1.3336300E+2	6.1232517E+1	6.0812185E+1	0.0000000E+0	0.0000000E+0	1.0000000E+2	0.0000000E+0
1.3341300E+2	6.1227960E+1	6.0808912E+1	0.0000000E+0	0.0000000E+0	1.0000000E+2	0.0000000E+0
1.3346300E+2	6.1237525E+1	6.0808583E+1	0.0000000E+0	0.0000000E+0	1.0000000E+2	0.0000000E+0
1.3351300E+2	6.1241611E+1	6.0798403E+1	0.0000000E+0	0.0000000E+0	1.0000000E+2	0.0000000E+0
1.3356300E+2	6.1229801E+1	6.0813552E+1	0.0000000E+0	0.0000000E+0	1.0000000E+2	0.0000000E+0
1.3361300E+2	6.1177378E+1	6.0795417E+1	0.0000000E+0	0.0000000E+0	1.0000000E+2	0.0000000E+0
1.3366300E+2	6.1185973E+1	6.0800539E+1	0.0000000E+0	0.0000000E+0	1.0000000E+2	0.0000000E+0
1.3371300E+2	6.1225689E+1	6.0798905E+1	0.0000000E+0	0.0000000E+0	1.0000000E+2	0.0000000E+0
1.3376300E+2	6.1225612E+1	6.0793559E+1	0.0000000E+0	0.0000000E+0	1.0000000E+2	0.0000000E+0
1.3381400E+2	6.1252826E+1	6.0783990E+1	0.0000000E+0	0.0000000E+0	1.0000000E+2	0.0000000E+0
1.3386500E+2	6.1267598E+1	6.0795126E+1	0.0000000E+0	0.0000000E+0	1.0000000E+2	0.0000000E+0
1.3391500E+2	6.1284182E+1	6.0804580E+1	0.0000000E+0	0.0000000E+0	1.0000000E+2	0.0000000E+0
1.3396500E+2	6.1280777E+1	6.0807659E+1	0.0000000E+0	0.0000000E+0	1.0000000E+2	0.0000000E+0
1.3401500E+2	6.1281148E+1	6.0824015E+1	0.0000000E+0	0.0000000E+0	1.0000000E+2	0.0000000E+0
1.3406600E+2	6.1282164E+1	6.0811043E+1	0.0000000E+0	0.0000000E+0	1.0000000E+2	0.0000000E+0
1.3411600E+2	6.1289266E+1	6.0813943E+1	0.0000000E+0	0.0000000E+0	1.0000000E+2	0.0000000E+0
1.3416600E+2	6.1277384E+1	6.0811662E+1	0.0000000E+0	0.0000000E+0	1.0000000E+2	0.0000000E+0
1.3421600E+2	6.1266954E+1	6.0795703E+1	0.0000000E+0	0.0000000E+0	1.0000000E+2	0.0000000E+0
1.3426600E+2	6.1275353E+1	6.0805952E+1	0.0000000E+0	0.0000000E+0	1.0000000E+2	0.0000000E+0
1.3431600E+2	6.1277854E+1	6.0810586E+1	0.0000000E+0	0.0000000E+0	1.0000000E+2	0.0000000E+0
1.3436600E+2	6.1271245E+1	6.0802455E+1	0.0000000E+0	0.0000000E+0	1.0000000E+2	0.0000000E+0
1.3441600E+2	6.1271292E+1	6.0811965E+1	0.0000000E+0	0.0000000E+0	1.0000000E+2	0.0000000E+0
1.3446600E+2	6.1271569E+1	6.0812546E+1	0.0000000E+0	0.0000000E+0	1.0000000E+2	0.0000000E+0
1.3451600E+2	6.1261257E+1	6.0794480E+1	0.0000000E+0	0.0000000E+0	1.0000000E+2	0.0000000E+0
1.3456700E+2	6.1272447E+1	6.0786282E+1	0.0000000E+0	0.0000000E+0	1.0000000E+2	0.0000000E+0
1.3461700E+2	6.1272133E+1	6.0788514E+1	0.0000000E+0	0.0000000E+0	1.0000000E+2	0.0000000E+0
1.3466700E+2	6.1287447E+1	6.0795294E+1	0.0000000E+0	0.0000000E+0	1.0000000E+2	0.0000000E+0
1.3471700E+2	6.1283407E+1	6.0778086E+1	0.0000000E+0	0.0000000E+0	1.0000000E+2	0.0000000E+0
1.3476800E+2	6.1246730E+1	6.0798196E+1	0.0000000E+0	0.0000000E+0	1.0000000E+2	0.0000000E+0
1.3481800E+2	6.1212929E+1	6.0785486E+1	0.0000000E+0	0.0000000E+0	1.0000000E+2	0.0000000E+0
1.3486900E+2	6.1239002E+1	6.0789449E+1	0.0000000E+0	0.0000000E+0	1.0000000E+2	0.0000000E+0
1.3491900E+2	6.1246050E+1	6.0779237E+1	0.0000000E+0	0.0000000E+0	1.0000000E+2	0.0000000E+0
1.3496900E+2	6.1275062E+1	6.0788313E+1	0.0000000E+0	0.0000000E+0	1.0000000E+2	0.0000000E+0
1.3501900E+2	6.1289911E+1	6.0793804E+1	0.0000000E+0	0.0000000E+0	1.0000000E+2	0.0000000E+0
1.3506900E+2	6.1303413E+1	6.0806096E+1	0.0000000E+0	0.0000000E+0	1.0000000E+2	0.0000000E+0
1.3511900E+2	6.1290614E+1	6.0783960E+1	0.0000000E+0	0.0000000E+0	1.0000000E+2	0.0000000E+0
1.3516900E+2	6.1317920E+1	6.0793534E+1	0.0000000E+0	0.0000000E+0	1.0000000E+2	0.0000000E+0
1.3521900E+2	6.1345824E+1	6.0809324E+1	0.0000000E+0	0.0000000E+0	1.0000000E+2	0.0000000E+0
1.3526900E+2	6.1345300E+1	6.0795980E+1	0.0000000E+0	0.0000000E+0	1.0000000E+2	0.0000000E+0
1.3531900E+2	6.1340593E+1	6.0785179E+1	0.0000000E+0	0.0000000E+0	1.0000000E+2	0.0000000E+0
1.3536900E+2	6.1367828E+1	6.0791367E+1	0.0000000E+0	0.0000000E+0	1.0000000E+2	0.0000000E+0
1.3541900E+2	6.1382487E+1	6.0807658E+1	0.0000000E+0	0.0000000E+0	1.0000000E+2	0.0000000E+0
1.3546900E+2	6.1390654E+1	6.0803140E+1	0.0000000E+0	0.0000000E+0	1.0000000E+2	0.0000000E+0
1.3551900E+2	6.1409876E+1	6.0807170E+1	0.0000000E+0	0.0000000E+0	1.0000000E+2	0.0000000E+0
1.3556900E+2	6.1441626E+1	6.0827054E+1	0.0000000E+0	0.0000000E+0	1.0000000E+2	0.0000000E+0
1.3561900E+2	6.1437591E+1	6.0800456E+1	0.0000000E+0	0.0000000E+0	1.0000000E+2	0.0000000E+0
1.3566900E+2	6.1449826E+1	6.0807314E+1	0.0000000E+0	0.0000000E+0	1.0000000E+2	0.0000000E+0
1.3571900E+2	6.1401488E+1	6.0813178E+1	0.0000000E+0	0.0000000E+0	1.0000000E+2	0.0000000E+0
1.3576900E+2	6.1396253E+1	6.0812649E+1	0.0000000E+0	0.0000000E+0	1.0000000E+2	0.0000000E+0
1.3581900E+2	6.1433440E+1	6.0818398E+1	0.0000000E+0	0.0000000E+0	1.0000000E+2	0.0000000E+0
1.3586900E+2	6.1460073E+1	6.0823990E+1	0.0000000E+0	0.0000000E+0	1.0000000E+2	0.0000000E+0
1.3591900E+2	6.1465948E+1	6.0822777E+1	0.0000000E+0	0.0000000E+0	1.0000000E+2	0.0000000E+0
1.3596900E+2	6.1477398E+1	6.0815663E+1	0.0000000E+0	0.0000000E+0	1.0000000E+2	0.0000000E+0
1.3601900E+2	6.1475547E+1	6.0819731E+1	0.0000000E+0	0.0000000E+0	1.0000000E+2	0.0000000E+0
1.3606900E+2	6.1501775E+1	6.0825396E+1	0.0000000E+0	0.0000000E+0	1.0000000E+2	0.0000000E+0
1.3611900E+2	6.1510070E+1	6.0811325E+1	0.0000000E+0	0.0000000E+0	1.0000000E+2	0.0000000E+0
1.3616900E+2	6.1528966E+1	6.0841805E+1	0.0000000E+0	0.0000000E+0	1.0000000E+2	0.0000000E+0
1.3621900E+2	6.1549229E+1	6.0835746E+1	0.0000000E+0	0.0000000E+0	1.0000000E+2	0.0000000E+0
1.3626900E+2	6.1531955E+1	6.0807491E+1	0.0000000E+0	0.0000000E+0	1.0000000E+2	0.0000000E+0
1.3632000E+2	6.1539295E+1	6.0818943E+1	0.0000000E+0	0.0000000E+0	1.0000000E+2	0.0000000E+0
1.3637000E+2	6.1543336E+1	6.0829341E+1	0.0000000E+0	0.0000000E+0	1.0000000E+2	0.0000000E+0
1.3642000E+2	6.1568722E+1	6.0833951E+1	0.0000000E+0	0.0000000E+0	1.0000000E+2	0.0000000E+0
1.3647000E+2	6.1577227E+1	6.0837285E+1	0.0000000E+0	0.0000000E+0	1.0000000E+2	0.0000000E+0
1.3652000E+2	6.1572390E+1	6.0831313E+1	0.0000000E+0	0.0000000E+0	1.0000000E+2	0.0000000E+0
1.3657100E+2	6.1567507E+1	6.0833507E+1	0.0000000E+0	0.0000000E+0	1.0000000E+2	0.0000000E+0
1.3662100E+2	6.1570285E+1	6.0836636E+1	0.0000000E+0	0.0000000E+0	1.0000000E+2	0.0000000E+0
1.3667100E+2	6.1550684E+1	6.0834906E+1	0.0000000E+0	0.0000000E+0	1.0000000E+2	0.0000000E+0
1.3672100E+2	6.1546773E+1	6.0843907E+1	0.0000000E+0	0.0000000E+0	1.0000000E+2	0.0000000E+0
1.3677200E+2	6.1546933E+1	6.0865409E+1	0.0000000E+0	0.0000000E+0	1.0000000E+2	0.0000000E+0
1.3682200E+2	6.1472135E+1	6.0845788E+1	0.0000000E+0	0.0000000E+0	1.0000000E+2	0.0000000E+0
1.3687200E+2	6.1451531E+1	6.0841329E+1	0.0000000E+0	0.0000000E+0	1.0000000E+2	0.0000000E+0
1.3692300E+2	6.1451646E+1	6.0846327E+1	0.0000000E+0	0.0000000E+0	1.0000000E+2	0.0000000E+0
1.3697300E+2	6.1441336E+1	6.0841571E+1	0.0000000E+0	0.0000000E+0	1.0000000E+2	0.0000000E+0
1.3702300E+2	6.1440138E+1	6.0844539E+1	0.0000000E+0	0.0000000E+0	1.0000000E+2	0.0000000E+0
1.3707300E+2	6.1457556E+1	6.0852914E+1	0.0000000E+0	0.0000000E+0	1.0000000E+2	0.0000000E+0
1.3712300E+2	6.1464077E+1	6.0836073E+1	0.0000000E+0	0.0000000E+0	1.0000000E+2	0.0000000E+0
1.3717300E+2	6.1462653E+1	6.0829048E+1	0.0000000E+0	0.0000000E+0	1.0000000E+2	0.0000000E+0
1.3722300E+2	6.1468764E+1	6.0835998E+1	0.0000000E+0	0.0000000E+0	1.0000000E+2	0.0000000E+0
1.3727300E+2	6.1448688E+1	6.0830714E+1	0.0000000E+0	0.0000000E+0	1.0000000E+2	0.0000000E+0
1.3732300E+2	6.1451582E+1	6.0833814E+1	0.0000000E+0	0.0000000E+0	1.0000000E+2	0.0000000E+0
1.3737300E+2	6.1438356E+1	6.0820053E+1	0.0000000E+0	0.0000000E+0	1.0000000E+2	0.0000000E+0
1.3742300E+2	6.1430302E+1	6.0819967E+1	0.0000000E+0	0.0000000E+0	1.0000000E+2	0.0000000E+0
1.3747300E+2	6.1437362E+1	6.0817619E+1	0.0000000E+0	0.0000000E+0	1.0000000E+2	0.0000000E+0
1.3752300E+2	6.1407702E+1	6.0809663E+1	0.0000000E+0	0.0000000E+0	1.0000000E+2	0.0000000E+0
1.3757300E+2	6.1394996E+1	6.0799695E+1	0.0000000E+0	0.0000000E+0	1.0000000E+2	0.0000000E+0
1.3762300E+2	6.1382708E+1	6.0793439E+1	0.0000000E+0	0.0000000E+0	1.0000000E+2	0.0000000E+0
1.3767300E+2	6.1368885E+1	6.0794415E+1	0.0000000E+0	0.0000000E+0	1.0000000E+2	0.0000000E+0
1.3772300E+2	6.1293635E+1	6.0789992E+1	0.0000000E+0	0.0000000E+0	1.0000000E+2	0.0000000E+0
1.3777300E+2	6.1295296E+1	6.0789468E+1	0.0000000E+0	0.0000000E+0	1.0000000E+2	0.0000000E+0
1.3782300E+2	6.1304026E+1	6.0799592E+1	0.0000000E+0	0.0000000E+0	1.0000000E+2	0.0000000E+0
1.3787300E+2	6.1316521E+1	6.0817608E+1	0.0000000E+0	0.0000000E+0	1.0000000E+2	0.0000000E+0
1.3792400E+2	6.1330187E+1	6.0811324E+1	0.0000000E+0	0.0000000E+0	1.0000000E+2	0.0000000E+0
1.3797500E+2	6.1322699E+1	6.0803908E+1	0.0000000E+0	0.0000000E+0	1.0000000E+2	0.0000000E+0
1.3802500E+2	6.1334614E+1	6.0798751E+1	0.0000000E+0	0.0000000E+0	1.0000000E+2	0.0000000E+0
1.3807500E+2	6.1342333E+1	6.0808174E+1	0.0000000E+0	0.0000000E+0	1.0000000E+2	0.0000000E+0
1.3812500E+2	6.1355546E+1	6.0815369E+1	0.0000000E+0	0.0000000E+0	1.0000000E+2	0.0000000E+0
1.3817500E+2	6.1361736E+1	6.0807926E+1	0.0000000E+0	0.0000000E+0	1.0000000E+2	0.0000000E+0
1.3822500E+2	6.1379559E+1	6.0829604E+1	0.0000000E+0	0.0000000E+0	1.0000000E+2	0.0000000E+0
1.3827600E+2	6.1370395E+1	6.0820509E+1	0.0000000E+0	0.0000000E+0	1.0000000E+2	0.0000000E+0
1.3832600E+2	6.1373804E+1	6.0831461E+1	0.0000000E+0	0.0000000E+0	1.0000000E+2	0.0000000E+0
1.3837700E+2	6.1378199E+1	6.0836943E+1	0.0000000E+0	0.0000000E+0	1.0000000E+2	0.0000000E+0
1.3842800E+2	6.1373381E+1	6.0829545E+1	0.0000000E+0	0.0000000E+0	1.0000000E+2	0.0000000E+0
1.3847800E+2	6.1386081E+1	6.0836707E+1	0.0000000E+0	0.0000000E+0	1.0000000E+2	0.0000000E+0
1.3852800E+2	6.1402515E+1	6.0835065E+1	0.0000000E+0	0.0000000E+0	1.0000000E+2	0.0000000E+0
1.3857800E+2	6.1402689E+1	6.0823111E+1	0.0000000E+0	0.0000000E+0	1.0000000E+2	0.0000000E+0
1.3862800E+2	6.1375064E+1	6.0824984E+1	0.0000000E+0	0.0000000E+0	1.0000000E+2	0.0000000E+0
1.3867800E+2	6.1333859E+1	6.0821226E+1	0.0000000E+0	0.0000000E+0	1.0000000E+2	0.0000000E+0
1.3872800E+2	6.1331592E+1	6.0810268E+1	0.0000000E+0	0.0000000E+0	1.0000000E+2	0.0000000E+0
1.3877800E+2	6.1347265E+1	6.0804786E+1	0.0000000E+0	0.0000000E+0	1.0000000E+2	0.0000000E+0
1.3882800E+2	6.1359480E+1	6.0817832E+1	0.0000000E+0	0.0000000E+0	1.0000000E+2	0.0000000E+0
1.3887800E+2	6.1360294E+1	6.0825474E+1	0.0000000E+0	0.0000000E+0	1.0000000E+2	0.0000000E+0
1.3892800E+2	6.1366442E+1	6.0815333E+1	0.0000000E+0	0.0000000E+0	1.0000000E+2	0.0000000E+0
1.3897900E+2	6.1388979E+1	6.0824374E+1	0.0000000E+0	0.0000000E+0	1.0000000E+2	0.0000000E+0
1.3902900E+2	6.1374551E+1	6.0833992E+1	0.0000000E+0	0.0000000E+0	1.0000000E+2	0.0000000E+0
1.3907900E+2	6.1348972E+1	6.0818718E+1	0.0000000E+0	0.0000000E+0	1.0000000E+2	0.0000000E+0
1.3912900E+2	6.1341421E+1	6.0815393E+1	0.0000000E+0	0.0000000E+0	1.0000000E+2	0.0000000E+0
1.3917900E+2	6.1332248E+1	6.0817256E+1	0.0000000E+0	0.0000000E+0	1.0000000E+2	0.0000000E+0
1.3922900E+2	6.1345371E+1	6.0830414E+1	0.0000000E+0	0.0000000E+0	1.0000000E+2	0.0000000E+0
1.3927900E+2	6.1366050E+1	6.0834545E+1	0.0000000E+0	0.0000000E+0	1.0000000E+2	0.0000000E+0
1.3932900E+2	6.1348038E+1	6.0822370E+1	0.0000000E+0	0.0000000E+0	1.0000000E+2	0.0000000E+0
1.3937900E+2	6.1355535E+1	6.0829230E+1	0.0000000E+0	0.0000000E+0	1.0000000E+2	0.0000000E+0
1.3942900E+2	6.1370506E+1	6.0848714E+1	0.0000000E+0	0.0000000E+0	1.0000000E+2	0.0000000E+0
1.3947900E+2	6.1348823E+1	6.0820864E+1	0.0000000E+0	0.0000000E+0	1.0000000E+2	0.0000000E+0
1.3952900E+2	6.1353307E+1	6.0813685E+1	0.0000000E+0	0.0000000E+0	1.0000000E+2	0.0000000E+0
1.3957900E+2	6.1371947E+1	6.0822954E+1	0.0000000E+0	0.0000000E+0	1.0000000E+2	0.0000000E+0
1.3963000E+2	6.1323474E+1	6.0805933E+1	0.0000000E+0	0.0000000E+0	1.0000000E+2	0.0000000E+0
1.3968000E+2	6.1324729E+1	6.0817218E+1	0.0000000E+0	0.0000000E+0	1.0000000E+2	0.0000000E+0
1.3973000E+2	6.1337424E+1	6.0815341E+1	0.0000000E+0	0.0000000E+0	1.0000000E+2	0.0000000E+0
1.3978100E+2	6.1351956E+1	6.0801956E+1	0.0000000E+0	0.0000000E+0	1.0000000E+2	0.0000000E+0
1.3983100E+2	6.1394135E+1	6.0815525E+1	0.0000000E+0	0.0000000E+0	1.0000000E+2	0.0000000E+0
1.3988100E+2	6.1408950E+1	6.0830806E+1	0.0000000E+0	0.0000000E+0	1.0000000E+2	0.0000000E+0
1.3993100E+2	6.1412166E+1	6.0812901E+1	0.0000000E+0	0.0000000E+0	1.0000000E+2	0.0000000E+0
1.3998100E+2	6.1428943E+1	6.0819972E+1	0.0000000E+0	0.0000000E+0	1.0000000E+2	0.0000000E+0
1.4003100E+2	6.1440913E+1	6.0820481E+1	0.0000000E+0	0.0000000E+0	1.0000000E+2	0.0000000E+0
1.4008100E+2	6.1465349E+1	6.0833937E+1	0.0000000E+0	0.0000000E+0	1.0000000E+2	0.0000000E+0
1.4013100E+2	6.1472860E+1	6.0817252E+1	0.0000000E+0	0.0000000E+0	1.0000000E+2	0.0000000E+0
1.4018100E+2	6.1477764E+1	6.0825086E+1	0.0000000E+0	0.0000000E+0	1.0000000E+2	0.0000000E+0
1.4023100E+2	6.1477304E+1	6.0822695E+1	0.0000000E+0	0.0000000E+0	1.0000000E+2	0.0000000E+0
1.4028200E+2	6.1493547E+1	6.0815591E+1	0.0000000E+0	0.0000000E+0	1.0000000E+2	0.0000000E+0
1.4033200E+2	6.1511941E+1	6.0812524E+1	0.0000000E+0	0.0000000E+0	1.0000000E+2	0.0000000E+0
1.4038200E+2	6.1517288E+1	6.0831720E+1	0.0000000E+0	0.0000000E+0	1.0000000E+2	0.0000000E+0
1.4043200E+2	6.1494079E+1	6.0828238E+1	0.0000000E+0	0.0000000E+0	1.0000000E+2	0.0000000E+0
1.4048200E+2	6.1502008E+1	6.0833652E+1	0.0000000E+0	0.0000000E+0	1.0000000E+2	0.0000000E+0
1.4053200E+2	6.1496069E+1	6.0825215E+1	0.0000000E+0	0.0000000E+0	1.0000000E+2	0.0000000E+0
1.4058200E+2	6.1495815E+1	6.0812696E+1	0.0000000E+0	0.0000000E+0	1.0000000E+2	0.0000000E+0
1.4063300E+2	6.1503183E+1	6.0815985E+1	0.0000000E+0	0.0000000E+0	1.0000000E+2	0.0000000E+0
1.4068300E+2	6.1529317E+1	6.0820645E+1	0.0000000E+0	0.0000000E+0	1.0000000E+2	0.0000000E+0
1.4073300E+2	6.1541643E+1	6.0817689E+1	0.0000000E+0	0.0000000E+0	1.0000000E+2	0.0000000E+0
1.4078300E+2	6.1548468E+1	6.0819083E+1	0.0000000E+0	0.0000000E+0	1.0000000E+2	0.0000000E+0
1.4083400E+2	6.1565009E+1	6.0819473E+1	0.0000000E+0	0.0000000E+0	1.0000000E+2	0.0000000E+0
1.4088400E+2	6.1579792E+1	6.0820699E+1	0.0000000E+0	0.0000000E+0	1.0000000E+2	0.0000000E+0
1.4093400E+2	6.1578905E+1	6.0817582E+1	0.0000000E+0	0.0000000E+0	1.0000000E+2	0.0000000E+0
1.4098400E+2	6.1573618E+1	6.0809145E+1	0.0000000E+0	0.0000000E+0	1.0000000E+2	0.0000000E+0
1.4103400E+2	6.1595425E+1	6.0814704E+1	0.0000000E+0	0.0000000E+0	1.0000000E+2	0.0000000E+0
1.4108500E+2	6.1600179E+1	6.0809925E+1	0.0000000E+0	0.0000000E+0	1.0000000E+2	0.0000000E+0
1.4113500E+2	6.1617460E+1	6.0815868E+1	0.0000000E+0	0.0000000E+0	1.0000000E+2	0.0000000E+0
1.4118500E+2	6.1639007E+1	6.0819859E+1	0.0000000E+0	0.0000000E+0	1.0000000E+2	0.0000000E+0
1.4123600E+2	6.1620122E+1	6.0819619E+1	0.0000000E+0	0.0000000E+0	1.0000000E+2	0.0000000E+0
1.4128600E+2	6.1621415E+1	6.0826819E+1	0.0000000E+0	0.0000000E+0	1.0000000E+2	0.0000000E+0
1.4133700E+2	6.1631783E+1	6.0808397E+1	0.0000000E+0	0.0000000E+0	1.0000000E+2	0.0000000E+0
1.4138800E+2	6.1654009E+1	6.0817363E+1	0.0000000E+0	0.0000000E+0	1.0000000E+2	0.0000000E+0
1.4143800E+2	6.1685227E+1	6.0819742E+1	0.0000000E+0	0.0000000E+0	1.0000000E+2	0.0000000E+0
1.4148800E+2	6.1694891E+1	6.0823733E+1	0.0000000E+0	0.0000000E+0	1.0000000E+2	0.0000000E+0
1.4153800E+2	6.1712795E+1	6.0802984E+1	0.0000000E+0	0.0000000E+0	1.0000000E+2	0.0000000E+0
1.4158900E+2	6.1725070E+1	6.0796121E+1	0.0000000E+0	0.0000000E+0	1.0000000E+2	0.0000000E+0
1.4163900E+2	6.1739735E+1	6.0788148E+1	0.0000000E+0	0.0000000E+0	1.0000000E+2	0.0000000E+0
1.4168900E+2	6.1790249E+1	6.0813241E+1	0.0000000E+0	0.0000000E+0	1.0000000E+2	0.0000000E+0
1.4173900E+2	6.1817917E+1	6.0813467E+1	0.0000000E+0	0.0000000E+0	1.0000000E+2	0.0000000E+0
1.4178900E+2	6.1831500E+1	6.0792539E+1	0.0000000E+0	0.0000000E+0	1.0000000E+2	0.0000000E+0
1.4183900E+2	6.1858835E+1	6.0796431E+1	0.0000000E+0	0.0000000E+0	1.0000000E+2	0.0000000E+0
1.4188900E+2	6.1890084E+1	6.0802412E+1	0.0000000E+0	0.0000000E+0	1.0000000E+2	0.0000000E+0
1.4193900E+2	6.1913699E+1	6.0810995E+1	0.0000000E+0	0.0000000E+0	1.0000000E+2	0.0000000E+0
1.4198900E+2	6.1953627E+1	6.0823500E+1	0.0000000E+0	0.0000000E+0	1.0000000E+2	0.0000000E+0
1.4203900E+2	6.1994305E+1	6.0828719E+1	0.0000000E+0	0.0000000E+0	1.0000000E+2	0.0000000E+0
1.4208900E+2	6.2033223E+1	6.0818251E+1	0.0000000E+0	0.0000000E+0	1.0000000E+2	0.0000000E+0
1.4213900E+2	6.1997565E+1	6.0823065E+1	0.0000000E+0	0.0000000E+0	1.0000000E+2	0.0000000E+0
1.4218900E+2	6.2007776E+1	6.0816052E+1	0.0000000E+0	0.0000000E+0	1.0000000E+2	0.0000000E+0
1.4223900E+2	6.2031943E+1	6.0839524E+1	0.0000000E+0	0.0000000E+0	1.0000000E+2	0.0000000E+0
1.4228900E+2	6.2055482E+1	6.0837422E+1	0.0000000E+0	0.0000000E+0	1.0000000E+2	0.0000000E+0
1.4233900E+2	6.2088961E+1	6.0833285E+1	0.0000000E+0	0.0000000E+0	1.0000000E+2	0.0000000E+0
1.4238900E+2	6.2117349E+1	6.0842913E+1	0.0000000E+0	0.0000000E+0	1.0000000E+2	0.0000000E+0
1.4243900E+2	6.2139636E+1	6.0830506E+1	0.0000000E+0	0.0000000E+0	1.0000000E+2	0.0000000E+0
1.4248900E+2	6.2167137E+1	6.0833405E+1	0.0000000E+0	0.0000000E+0	1.0000000E+2	0.0000000E+0
1.4253900E+2	6.2183187E+1	6.0828491E+1	0.0000000E+0	0.0000000E+0	1.0000000E+2	0.0000000E+0
1.4258900E+2	6.2205262E+1	6.0815588E+1	0.0000000E+0	0.0000000E+0	1.0000000E+2	0.0000000E+0
1.4263900E+2	6.2251469E+1	6.0838913E+1	0.0000000E+0	0.0000000E+0	1.0000000E+2	0.0000000E+0
1.4268900E+2	6.2262850E+1	6.0814426E+1	0.0000000E+0	0.0000000E+0	1.0000000E+2	0.0000000E+0
1.4273900E+2	6.2281238E+1	6.0806762E+1	0.0000000E+0	0.0000000E+0	1.0000000E+2	0.0000000E+0
1.4278900E+2	6.2305317E+1	6.0811854E+1	0.0000000E+0	0.0000000E+0	1.0000000E+2	0.0000000E+0
1.4283900E+2	6.2331633E+1	6.0816285E+1	0.0000000E+0	0.0000000E+0	1.0000000E+2	0.0000000E+0
1.4288900E+2	6.2369661E+1	6.0813452E+1	0.0000000E+0	0.0000000E+0	1.0000000E+2	0.0000000E+0
1.4293900E+2	6.2405066E+1	6.0821586E+1	0.0000000E+0	0.0000000E+0	1.0000000E+2	0.0000000E+0
1.4298900E+2	6.2414303E+1	6.0814015E+1	0.0000000E+0	0.0000000E+0	1.0000000E+2	0.0000000E+0
1.4303900E+2	6.2412125E+1	6.0803532E+1	0.0000000E+0	0.0000000E+0	1.0000000E+2	0.0000000E+0
1.4308900E+2	6.2435490E+1	6.0792524E+1	0.0000000E+0	0.0000000E+0	1.0000000E+2	0.0000000E+0
1.4313900E+2	6.2414630E+1	6.0811261E+1	0.0000000E+0	0.0000000E+0	1.0000000E+2	0.0000000E+0
1.4318900E+2	6.2380894E+1	6.0799454E+1	0.0000000E+0	0.0000000E+0	1.0000000E+2	0.0000000E+0
1.4323900E+2	6.2398675E+1	6.0808509E+1	0.0000000E+0	0.0000000E+0	1.0000000E+2	0.0000000E+0
1.4329000E+2	6.2405092E+1	6.0791483E+1	0.0000000E+0	0.0000000E+0	1.0000000E+2	0.0000000E+0
1.4334100E+2	6.2409865E+1	6.0802933E+1	0.0000000E+0	0.0000000E+0	1.0000000E+2	0.0000000E+0
1.4339200E+2	6.2418831E+1	6.0799154E+1	0.0000000E+0	0.0000000E+0	1.0000000E+2	0.0000000E+0
1.4344300E+2	6.2423319E+1	6.0799124E+1	0.0000000E+0	0.0000000E+0	1.0000000E+2	0.0000000E+0
1.4349300E+2	6.2449377E+1	6.0814091E+1	0.0000000E+0	0.0000000E+0	1.0000000E+2	0.0000000E+0
1.4354400E+2	6.2447479E+1	6.0814809E+1	0.0000000E+0	0.0000000E+0	1.0000000E+2	0.0000000E+0
1.4359500E+2	6.2443517E+1	6.0828633E+1	0.0000000E+0	0.0000000E+0	1.0000000E+2	0.0000000E+0
1.4364500E+2	6.2426252E+1	6.0820749E+1	0.0000000E+0	0.0000000E+0	1.0000000E+2	0.0000000E+0
1.4369600E+2	6.2411385E+1	6.0817476E+1	0.0000000E+0	0.0000000E+0	1.0000000E+2	0.0000000E+0
1.4374700E+2	6.2421173E+1	6.0824608E+1	0.0000000E+0	0.0000000E+0	1.0000000E+2	0.0000000E+0
1.4379700E+2	6.2415755E+1	6.0822550E+1	0.0000000E+0	0.0000000E+0	1.0000000E+2	0.0000000E+0
1.4384700E+2	6.2423844E+1	6.0831051E+1	0.0000000E+0	0.0000000E+0	1.0000000E+2	0.0000000E+0
1.4389700E+2	6.2416484E+1	6.0834286E+1	0.0000000E+0	0.0000000E+0	1.0000000E+2	0.0000000E+0
1.4394700E+2	6.2403709E+1	6.0825048E+1	0.0000000E+0	0.0000000E+0	1.0000000E+2	0.0000000E+0
1.4399700E+2	6.2409665E+1	6.0837496E+1	0.0000000E+0	0.0000000E+0	1.0000000E+2	0.0000000E+0
1.4404700E+2	6.2383928E+1	6.0832996E+1	0.0000000E+0	0.0000000E+0	1.0000000E+2	0.0000000E+0
1.4409700E+2	6.2334519E+1	6.0835916E+1	0.0000000E+0	0.0000000E+0	1.0000000E+2	0.0000000E+0
1.4414700E+2	6.2332381E+1	6.0850906E+1	0.0000000E+0	0.0000000E+0	1.0000000E+2	0.0000000E+0
1.4419700E+2	6.2321086E+1	6.0823354E+1	0.0000000E+0	0.0000000E+0	1.0000000E+2	0.0000000E+0
1.4424700E+2	6.2308303E+1	6.0820996E+1	0.0000000E+0	0.0000000E+0	1.0000000E+2	0.0000000E+0
1.4429700E+2	6.2303606E+1	6.0817839E+1	0.0000000E+0	0.0000000E+0	1.0000000E+2	0.0000000E+0
1.4434700E+2	6.2314470E+1	6.0824124E+1	0.0000000E+0	0.0000000E+0	1.0000000E+2	0.0000000E+0
1.4439700E+2	6.2298916E+1	6.0822005E+1	0.0000000E+0	0.0000000E+0	1.0000000E+2	0.0000000E+0
1.4444700E+2	6.2305905E+1	6.0813833E+1	0.0000000E+0	0.0000000E+0	1.0000000E+2	0.0000000E+0
1.4449700E+2	6.2287871E+1	6.0814056E+1	0.0000000E+0	0.0000000E+0	1.0000000E+2	0.0000000E+0
1.4454700E+2	6.2293025E+1	6.0823757E+1	0.0000000E+0	0.0000000E+0	1.0000000E+2	0.0000000E+0
1.4459700E+2	6.2291657E+1	6.0836714E+1	0.0000000E+0	0.0000000E+0	1.0000000E+2	0.0000000E+0
1.4464700E+2	6.2285524E+1	6.0836962E+1	0.0000000E+0	0.0000000E+0	1.0000000E+2	0.0000000E+0
1.4469700E+2	6.2294572E+1	6.0840182E+1	0.0000000E+0	0.0000000E+0	1.0000000E+2	0.0000000E+0
1.4474700E+2	6.2292723E+1	6.0835440E+1	0.0000000E+0	0.0000000E+0	1.0000000E+2	0.0000000E+0
1.4479700E+2	6.2286684E+1	6.0825433E+1	0.0000000E+0	0.0000000E+0	1.0000000E+2	0.0000000E+0
1.4484800E+2	6.2298277E+1	6.0836618E+1	0.0000000E+0	0.0000000E+0	1.0000000E+2	0.0000000E+0
1.4489800E+2	6.2323295E+1	6.0852948E+1	0.0000000E+0	0.0000000E+0	1.0000000E+2	0.0000000E+0
1.4494900E+2	6.2333096E+1	6.0863044E+1	0.0000000E+0	0.0000000E+0	1.0000000E+2	0.0000000E+0
1.4499900E+2	6.2335733E+1	6.0854832E+1	0.0000000E+0	0.0000000E+0	1.0000000E+2	0.0000000E+0
1.4504900E+2	6.2332828E+1	6.0863916E+1	0.0000000E+0	0.0000000E+0	1.0000000E+2	0.0000000E+0
1.4509900E+2	6.2298163E+1	6.0863560E+1	0.0000000E+0	0.0000000E+0	1.0000000E+2	0.0000000E+0
1.4515000E+2	6.2273096E+1	6.0865393E+1	0.0000000E+0	0.0000000E+0	1.0000000E+2	0.0000000E+0
1.4520100E+2	6.2293852E+1	6.0880282E+1	0.0000000E+0	0.0000000E+0	1.0000000E+2	0.0000000E+0
1.4525100E+2	6.2290839E+1	6.0858149E+1	0.0000000E+0	0.0000000E+0	1.0000000E+2	0.0000000E+0
1.4530100E+2	6.2309396E+1	6.0880757E+1	0.0000000E+0	0.0000000E+0	1.0000000E+2	0.0000000E+0
1.4535100E+2	6.2300280E+1	6.0869932E+1	0.0000000E+0	0.0000000E+0	1.0000000E+2	0.0000000E+0
1.4540100E+2	6.2290044E+1	6.0864559E+1	0.0000000E+0	0.0000000E+0	1.0000000E+2	0.0000000E+0
1.4545200E+2	6.2271040E+1	6.0859601E+1	0.0000000E+0	0.0000000E+0	1.0000000E+2	0.0000000E+0
1.4550300E+2	6.2275369E+1	6.0852627E+1	0.0000000E+0	0.0000000E+0	1.0000000E+2	0.0000000E+0
1.4555400E+2	6.2273568E+1	6.0864879E+1	0.0000000E+0	0.0000000E+0	1.0000000E+2	0.0000000E+0
1.4560500E+2	6.2262314E+1	6.0861219E+1	0.0000000E+0	0.0000000E+0	1.0000000E+2	0.0000000E+0
1.4565500E+2	6.2258470E+1	6.0852415E+1	0.0000000E+0	0.0000000E+0	1.0000000E+2	0.0000000E+0
1.4570500E+2	6.2244479E+1	6.0844041E+1	0.0000000E+0	0.0000000E+0	1.0000000E+2	0.0000000E+0
1.4575600E+2	6.2253884E+1	6.0849785E+1	0.0000000E+0	0.0000000E+0	1.0000000E+2	0.0000000E+0
1.4580700E+2	6.2247474E+1	6.0841582E+1	0.0000000E+0	0.0000000E+0	1.0000000E+2	0.0000000E+0
1.4585800E+2	6.2253770E+1	6.0846871E+1	0.0000000E+0	0.0000000E+0	1.0000000E+2	0.0000000E+0
1.4590900E+2	6.2207286E+1	6.0850741E+1	0.0000000E+0	0.0000000E+0	1.0000000E+2	0.0000000E+0
1.4595900E+2	6.2168391E+1	6.0845284E+1	0.0000000E+0	0.0000000E+0	1.0000000E+2	0.0000000E+0
1.4600900E+2	6.2142080E+1	6.0833230E+1	0.0000000E+0	0.0000000E+0	1.0000000E+2	0.0000000E+0
1.4605900E+2	6.2140432E+1	6.0823905E+1	0.0000000E+0	0.0000000E+0	1.0000000E+2	0.0000000E+0
1.4611000E+2	6.2157201E+1	6.0828235E+1	0.0000000E+0	0.0000000E+0	1.0000000E+2	0.0000000E+0
1.4616000E+2	6.2183033E+1	6.0828230E+1	0.0000000E+0	0.0000000E+0	1.0000000E+2	0.0000000E+0
1.4621000E+2	6.2184305E+1	6.0821204E+1	0.0000000E+0	0.0000000E+0	1.0000000E+2	0.0000000E+0
1.4626100E+2	6.2199087E+1	6.0813008E+1	0.0000000E+0	0.0000000E+0	1.0000000E+2	0.0000000E+0
1.4631100E+2	6.2211209E+1	6.0829963E+1	0.0000000E+0	0.0000000E+0	1.0000000E+2	0.0000000E+0
1.4636100E+2	6.2217639E+1	6.0828120E+1	0.0000000E+0	0.0000000E+0	1.0000000E+2	0.0000000E+0
1.4641100E+2	6.2219967E+1	6.0832183E+1	0.0000000E+0	0.0000000E+0	1.0000000E+2	0.0000000E+0
1.4646200E+2	6.2220540E+1	6.0846007E+1	0.0000000E+0	0.0000000E+0	1.0000000E+2	0.0000000E+0
1.4651200E+2	6.2228324E+1	6.0838589E+1	0.0000000E+0	0.0000000E+0	1.0000000E+2	0.0000000E+0
1.4656200E+2	6.2217807E+1	6.0827367E+1	0.0000000E+0	0.0000000E+0	1.0000000E+2	0.0000000E+0
1.4661200E+2	6.2230103E+1	6.0833230E+1	0.0000000E+0	0.0000000E+0	1.0000000E+2	0.0000000E+0
1.4666300E+2	6.2219993E+1	6.0836530E+1	0.0000000E+0	0.0000000E+0	1.0000000E+2	0.0000000E+0
1.4671300E+2	6.2217850E+1	6.0831820E+1	0.0000000E+0	0.0000000E+0	1.0000000E+2	0.0000000E+0
1.4676300E+2	6.2210700E+1	6.0834341E+1	0.0000000E+0	0.0000000E+0	1.0000000E+2	0.0000000E+0
1.4681300E+2	6.2195818E+1	6.0836186E+1	0.0000000E+0	0.0000000E+0	1.0000000E+2	0.0000000E+0
1.4686400E+2	6.2152462E+1	6.0846878E+1	0.0000000E+0	0.0000000E+0	1.0000000E+2	0.0000000E+0
1.4691400E+2	6.2134046E+1	6.0819520E+1	0.0000000E+0	0.0000000E+0	1.0000000E+2	0.0000000E+0
1.4696400E+2	6.2150334E+1	6.0831810E+1	0.0000000E+0	0.0000000E+0	1.0000000E+2	0.0000000E+0
1.4701500E+2	6.2140084E+1	6.0817382E+1	0.0000000E+0	0.0000000E+0	1.0000000E+2	0.0000000E+0
1.4706600E+2	6.2146674E+1	6.0814954E+1	0.0000000E+0	0.0000000E+0	1.0000000E+2	0.0000000E+0
1.4711600E+2	6.2142983E+1	6.0817759E+1	0.0000000E+0	0.0000000E+0	1.0000000E+2	0.0000000E+0
1.4716700E+2	6.2131020E+1	6.0806417E+1	0.0000000E+0	0.0000000E+0	1.0000000E+2	0.0000000E+0
1.4721700E+2	6.2137919E+1	6.0814911E+1	0.0000000E+0	0.0000000E+0	1.0000000E+2	0.0000000E+0
1.4726700E+2	6.2126885E+1	6.0805471E+1	0.0000000E+0	0.0000000E+0	1.0000000E+2	0.0000000E+0
1.4731900E+2	6.2123377E+1	6.0807432E+1	0.0000000E+0	0.0000000E+0	1.0000000E+2	0.0000000E+0
1.4736900E+2	6.2116052E+1	6.0813262E+1	0.0000000E+0	0.0000000E+0	1.0000000E+2	0.0000000E+0
1.4741900E+2	6.2124137E+1	6.0811855E+1	0.0000000E+0	0.0000000E+0	1.0000000E+2	0.0000000E+0
1.4746900E+2	6.2132302E+1	6.0829885E+1	0.0000000E+0	0.0000000E+0	1.0000000E+2	0.0000000E+0
1.4751900E+2	6.2134422E+1	6.0811437E+1	0.0000000E+0	0.0000000E+0	1.0000000E+2	0.0000000E+0
1.4756900E+2	6.2123685E+1	6.0793678E+1	0.0000000E+0	0.0000000E+0	1.0000000E+2	0.0000000E+0
1.4761900E+2	6.2140577E+1	6.0789100E+1	0.0000000E+0	0.0000000E+0	1.0000000E+2	0.0000000E+0
1.4766900E+2	6.2160925E+1	6.0790811E+1	0.0000000E+0	0.0000000E+0	1.0000000E+2	0.0000000E+0
1.4771900E+2	6.2158431E+1	6.0811778E+1	0.0000000E+0	0.0000000E+0	1.0000000E+2	0.0000000E+0
1.4776900E+2	6.2129389E+1	6.0812383E+1	0.0000000E+0	0.0000000E+0	1.0000000E+2	0.0000000E+0
1.4781900E+2	6.2123436E+1	6.0807772E+1	0.0000000E+0	0.0000000E+0	1.0000000E+2	0.0000000E+0
1.4786900E+2	6.2134335E+1	6.0832574E+1	0.0000000E+0	0.0000000E+0	1.0000000E+2	0.0000000E+0
1.4791900E+2	6.2120348E+1	6.0805804E+1	0.0000000E+0	0.0000000E+0	1.0000000E+2	0.0000000E+0
1.4796900E+2	6.2119265E+1	6.0791096E+1	0.0000000E+0	0.0000000E+0	1.0000000E+2	0.0000000E+0
1.4801900E+2	6.2130234E+1	6.0785534E+1	0.0000000E+0	0.0000000E+0	1.0000000E+2	0.0000000E+0
1.4806900E+2	6.2126940E+1	6.0797492E+1	0.0000000E+0	0.0000000E+0	1.0000000E+2	0.0000000E+0
1.4812000E+2	6.2154042E+1	6.0800897E+1	0.0000000E+0	0.0000000E+0	1.0000000E+2	0.0000000E+0
1.4817000E+2	6.2168222E+1	6.0804887E+1	0.0000000E+0	0.0000000E+0	1.0000000E+2	0.0000000E+0
1.4822000E+2	6.2178425E+1	6.0802074E+1	0.0000000E+0	0.0000000E+0	1.0000000E+2	0.0000000E+0
1.4827100E+2	6.2179055E+1	6.0801542E+1	0.0000000E+0	0.0000000E+0	1.0000000E+2	0.0000000E+0
1.4832100E+2	6.2176824E+1	6.0795191E+1	0.0000000E+0	0.0000000E+0	1.0000000E+2	0.0000000E+0
1.4837100E+2	6.2198815E+1	6.0817870E+1	0.0000000E+0	0.0000000E+0	1.0000000E+2	0.0000000E+0
1.4842200E+2	6.2212399E+1	6.0809211E+1	0.0000000E+0	0.0000000E+0	1.0000000E+2	0.0000000E+0
1.4847200E+2	6.2198994E+1	6.0805121E+1	0.0000000E+0	0.0000000E+0	1.0000000E+2	0.0000000E+0
1.4852200E+2	6.2209206E+1	6.0799973E+1	0.0000000E+0	0.0000000E+0	1.0000000E+2	0.0000000E+0
1.4857200E+2	6.2174289E+1	6.0813711E+1	0.0000000E+0	0.0000000E+0	1.0000000E+2	0.0000000E+0
1.4862200E+2	6.2143300E+1	6.0810166E+1	0.0000000E+0	0.0000000E+0	1.0000000E+2	0.0000000E+0
1.4867200E+2	6.2152048E+1	6.0810616E+1	0.0000000E+0	0.0000000E+0	1.0000000E+2	0.0000000E+0
1.4872200E+2	6.2145917E+1	6.0809841E+1	0.0000000E+0	0.0000000E+0	1.0000000E+2	0.0000000E+0
1.4877200E+2	6.2124111E+1	6.0795642E+1	0.0000000E+0	0.0000000E+0	1.0000000E+2	0.0000000E+0
1.4882200E+2	6.2130963E+1	6.0809430E+1	0.0000000E+0	0.0000000E+0	1.0000000E+2	0.0000000E+0
1.4887200E+2	6.2123637E+1	6.0805319E+1	0.0000000E+0	0.0000000E+0	1.0000000E+2	0.0000000E+0
1.4892200E+2	6.2135247E+1	6.0809961E+1	0.0000000E+0	0.0000000E+0	1.0000000E+2	0.0000000E+0
1.4897200E+2	6.2136905E+1	6.0807384E+1	0.0000000E+0	0.0000000E+0	1.0000000E+2	0.0000000E+0
1.4902200E+2	6.2126193E+1	6.0808405E+1	0.0000000E+0	0.0000000E+0	1.0000000E+2	0.0000000E+0
1.4907300E+2	6.2126428E+1	6.0820679E+1	0.0000000E+0	0.0000000E+0	1.0000000E+2	0.0000000E+0
1.4912400E+2	6.2129988E+1	6.0813363E+1	0.0000000E+0	0.0000000E+0	1.0000000E+2	0.0000000E+0
1.4917400E+2	6.2150471E+1	6.0820006E+1	0.0000000E+0	0.0000000E+0	1.0000000E+2	0.0000000E+0
1.4922400E+2	6.2139387E+1	6.0810609E+1	0.0000000E+0	0.0000000E+0	1.0000000E+2	0.0000000E+0
1.4927400E+2	6.2147709E+1	6.0825034E+1	0.0000000E+0	0.0000000E+0	1.0000000E+2	0.0000000E+0
1.4932400E+2	6.2144123E+1	6.0829341E+1	0.0000000E+0	0.0000000E+0	1.0000000E+2	0.0000000E+0
1.4937400E+2	6.2083687E+1	6.0814775E+1	0.0000000E+0	0.0000000E+0	1.0000000E+2	0.0000000E+0
1.4942400E+2	6.2080010E+1	6.0803790E+1	0.0000000E+0	0.0000000E+0	1.0000000E+2	0.0000000E+0
1.4947500E+2	6.2069142E+1	6.0796291E+1	0.0000000E+0	0.0000000E+0	1.0000000E+2	0.0000000E+0
1.4952500E+2	6.2097198E+1	6.0806679E+1	0.0000000E+0	0.0000000E+0	1.0000000E+2	0.0000000E+0
1.4957500E+2	6.2115677E+1	6.0798708E+1	0.0000000E+0	0.0000000E+0	1.0000000E+2	0.0000000E+0
1.4962500E+2	6.2127694E+1	6.0808327E+1	0.0000000E+0	0.0000000E+0	1.0000000E+2	0.0000000E+0
1.4967600E+2	6.2132645E+1	6.0808638E+1	0.0000000E+0	0.0000000E+0	1.0000000E+2	0.0000000E+0
1.4972600E+2	6.2115692E+1	6.0797125E+1	0.0000000E+0	0.0000000E+0	1.0000000E+2	0.0000000E+0
1.4977600E+2	6.2123471E+1	6.0791742E+1	0.0000000E+0	0.0000000E+0	1.0000000E+2	0.0000000E+0
1.4982600E+2	6.2113543E+1	6.0790914E+1	0.0000000E+0	0.0000000E+0	1.0000000E+2	0.0000000E+0
1.4987600E+2	6.2115326E+1	6.0799516E+1	0.0000000E+0	0.0000000E+0	1.0000000E+2	0.0000000E+0
1.4992600E+2	6.2141310E+1	6.0802163E+1	0.0000000E+0	0.0000000E+0	1.0000000E+2	0.0000000E+0
1.4997600E+2	6.2154358E+1	6.0801249E+1	0.0000000E+0	0.0000000E+0	1.0000000E+2	0.0000000E+0
1.5002700E+2	6.2163884E+1	6.0785242E+1	0.0000000E+0	0.0000000E+0	1.0000000E+2	0.0000000E+0
1.5007700E+2	6.2178891E+1	6.0790104E+1	0.0000000E+0	0.0000000E+0	1.0000000E+2	0.0000000E+0
1.5012700E+2	6.2194147E+1	6.0804146E+1	0.0000000E+0	0.0000000E+0	1.0000000E+2	0.0000000E+0
1.5017700E+2	6.2161650E+1	6.0804183E+1	0.0000000E+0	0.0000000E+0	1.0000000E+2	0.0000000E+0
1.5022700E+2	6.2137115E+1	6.0813310E+1	0.0000000E+0	0.0000000E+0	1.0000000E+2	0.0000000E+0
1.5027800E+2	6.2155047E+1	6.0810418E+1	0.0000000E+0	0.0000000E+0	1.0000000E+2	0.0000000E+0
1.5032900E+2	6.2160768E+1	6.0810877E+1	0.0000000E+0	0.0000000E+0	1.0000000E+2	0.0000000E+0
1.5037900E+2	6.2187730E+1	6.0813368E+1	0.0000000E+0	0.0000000E+0	1.0000000E+2	0.0000000E+0
1.5043000E+2	6.2160947E+1	6.0809208E+1	0.0000000E+0	0.0000000E+0	1.0000000E+2	0.0000000E+0
1.5048100E+2	6.2161437E+1	6.0814231E+1	0.0000000E+0	0.0000000E+0	1.0000000E+2	0.0000000E+0
1.5053100E+2	6.2169552E+1	6.0818544E+1	0.0000000E+0	0.0000000E+0	1.0000000E+2	0.0000000E+0
1.5058100E+2	6.2170070E+1	6.0804857E+1	0.0000000E+0	0.0000000E+0	1.0000000E+2	0.0000000E+0
1.5063100E+2	6.2195023E+1	6.0822860E+1	0.0000000E+0	0.0000000E+0	1.0000000E+2	0.0000000E+0
1.5068100E+2	6.2177731E+1	6.0799776E+1	0.0000000E+0	0.0000000E+0	1.0000000E+2	0.0000000E+0
1.5073100E+2	6.2179543E+1	6.0807162E+1	0.0000000E+0	0.0000000E+0	1.0000000E+2	0.0000000E+0
1.5078100E+2	6.2197344E+1	6.0811452E+1	0.0000000E+0	0.0000000E+0	1.0000000E+2	0.0000000E+0
1.5083100E+2	6.2194042E+1	6.0810063E+1	0.0000000E+0	0.0000000E+0	1.0000000E+2	0.0000000E+0
1.5088100E+2	6.2156497E+1	6.0808246E+1	0.0000000E+0	0.0000000E+0	1.0000000E+2	0.0000000E+0
1.5093200E+2	6.2109756E+1	6.0802870E+1	0.0000000E+0	0.0000000E+0	1.0000000E+2	0.0000000E+0
1.5098200E+2	6.2119890E+1	6.0802429E+1	0.0000000E+0	0.0000000E+0	1.0000000E+2	0.0000000E+0
1.5103300E+2	6.2155731E+1	6.0814662E+1	0.0000000E+0	0.0000000E+0	1.0000000E+2	0.0000000E+0
1.5108400E+2	6.2172996E+1	6.0822360E+1	0.0000000E+0	0.0000000E+0	1.0000000E+2	0.0000000E+0
1.5113400E+2	6.2169780E+1	6.0820481E+1	0.0000000E+0	0.0000000E+0	1.0000000E+2	0.0000000E+0
1.5118400E+2	6.2168438E+1	6.0809348E+1	0.0000000E+0	0.0000000E+0	1.0000000E+2	0.0000000E+0
1.5123400E+2	6.2173073E+1	6.0809419E+1	0.0000000E+0	0.0000000E+0	1.0000000E+2	0.0000000E+0
1.5128400E+2	6.2167493E+1	6.0802520E+1	0.0000000E+0	0.0000000E+0	1.0000000E+2	0.0000000E+0
1.5133400E+2	6.2184596E+1	6.0796518E+1	0.0000000E+0	0.0000000E+0	1.0000000E+2	0.0000000E+0
1.5138400E+2	6.2194258E+1	6.0804268E+1	0.0000000E+0	0.0000000E+0	1.0000000E+2	0.0000000E+0
1.5143500E+2	6.2203306E+1	6.0782589E+1	0.0000000E+0	0.0000000E+0	1.0000000E+2	0.0000000E+0
1.5148500E+2	6.2195378E+1	6.0779958E+1	0.0000000E+0	0.0000000E+0	1.0000000E+2	0.0000000E+0
1.5153500E+2	6.2212477E+1	6.0790078E+1	0.0000000E+0	0.0000000E+0	1.0000000E+2	0.0000000E+0
1.5158500E+2	6.2167549E+1	6.0778864E+1	0.0000000E+0	0.0000000E+0	1.0000000E+2	0.0000000E+0
1.5163500E+2	6.2145786E+1	6.0795229E+1	0.0000000E+0	0.0000000E+0	1.0000000E+2	0.0000000E+0
1.5168500E+2	6.2160293E+1	6.0800470E+1	0.0000000E+0	0.0000000E+0	1.0000000E+2	0.0000000E+0
1.5173600E+2	6.2158689E+1	6.0808228E+1	0.0000000E+0	0.0000000E+0	1.0000000E+2	0.0000000E+0
1.5178600E+2	6.2160779E+1	6.0815850E+1	0.0000000E+0	0.0000000E+0	1.0000000E+2	0.0000000E+0
1.5183700E+2	6.2158585E+1	6.0811613E+1	0.0000000E+0	0.0000000E+0	1.0000000E+2	0.0000000E+0
1.5188700E+2	6.2156884E+1	6.0817634E+1	0.0000000E+0	0.0000000E+0	1.0000000E+2	0.0000000E+0
1.5193700E+2	6.2164988E+1	6.0810455E+1	0.0000000E+0	0.0000000E+0	1.0000000E+2	0.0000000E+0
1.5198700E+2	6.2160004E+1	6.0806394E+1	0.0000000E+0	0.0000000E+0	1.0000000E+2	0.0000000E+0
1.5203700E+2	6.2166082E+1	6.0802662E+1	0.0000000E+0	0.0000000E+0	1.0000000E+2	0.0000000E+0
1.5208800E+2	6.2152803E+1	6.0803806E+1	0.0000000E+0	0.0000000E+0	1.0000000E+2	0.0000000E+0
1.5213800E+2	6.2160804E+1	6.0807223E+1	0.0000000E+0	0.0000000E+0	1.0000000E+2	0.0000000E+0
1.5218800E+2	6.2166595E+1	6.0806821E+1	0.0000000E+0	0.0000000E+0	1.0000000E+2	0.0000000E+0
1.5223800E+2	6.2161584E+1	6.0805338E+1	0.0000000E+0	0.0000000E+0	1.0000000E+2	0.0000000E+0
1.5228800E+2	6.2153227E+1	6.0813977E+1	0.0000000E+0	0.0000000E+0	1.0000000E+2	0.0000000E+0
1.5233800E+2	6.2142032E+1	6.0802000E+1	0.0000000E+0	0.0000000E+0	1.0000000E+2	0.0000000E+0
1.5238800E+2	6.2090897E+1	6.0795098E+1	0.0000000E+0	0.0000000E+0	1.0000000E+2	0.0000000E+0
1.5243800E+2	6.2079113E+1	6.0798896E+1	0.0000000E+0	0.0000000E+0	1.0000000E+2	0.0000000E+0
1.5248800E+2	6.2102277E+1	6.0808487E+1	0.0000000E+0	0.0000000E+0	1.0000000E+2	0.0000000E+0
1.5253900E+2	6.2117865E+1	6.0801235E+1	0.0000000E+0	0.0000000E+0	1.0000000E+2	0.0000000E+0
1.5258900E+2	6.2131679E+1	6.0811329E+1	0.0000000E+0	0.0000000E+0	1.0000000E+2	0.0000000E+0
1.5263900E+2	6.2123991E+1	6.0804698E+1	0.0000000E+0	0.0000000E+0	1.0000000E+2	0.0000000E+0
1.5268900E+2	6.2128876E+1	6.0814251E+1	0.0000000E+0	0.0000000E+0	1.0000000E+2	0.0000000E+0
1.5273900E+2	6.2132855E+1	6.0808885E+1	0.0000000E+0	0.0000000E+0	1.0000000E+2	0.0000000E+0
1.5278900E+2	6.2148182E+1	6.0818248E+1	0.0000000E+0	0.0000000E+0	1.0000000E+2	0.0000000E+0
1.5283900E+2	6.2125697E+1	6.0812819E+1	0.0000000E+0	0.0000000E+0	1.0000000E+2	0.0000000E+0
1.5288900E+2	6.2144826E+1	6.0829341E+1	0.0000000E+0	0.0000000E+0	1.0000000E+2	0.0000000E+0
1.5293900E+2	6.2127380E+1	6.0813275E+1	0.0000000E+0	0.0000000E+0	1.0000000E+2	0.0000000E+0
1.5298900E+2	6.2127793E+1	6.0819683E+1	0.0000000E+0	0.0000000E+0	1.0000000E+2	0.0000000E+0
1.5303900E+2	6.2116351E+1	6.0798302E+1	0.0000000E+0	0.0000000E+0	1.0000000E+2	0.0000000E+0
1.5308900E+2	6.2099074E+1	6.0782219E+1	0.0000000E+0	0.0000000E+0	1.0000000E+2	0.0000000E+0
1.5313900E+2	6.2134542E+1	6.0815341E+1	0.0000000E+0	0.0000000E+0	1.0000000E+2	0.0000000E+0
1.5318900E+2	6.2137753E+1	6.0814910E+1	0.0000000E+0	0.0000000E+0	1.0000000E+2	0.0000000E+0
1.5323900E+2	6.2114814E+1	6.0826689E+1	0.0000000E+0	0.0000000E+0	1.0000000E+2	0.0000000E+0
1.5328900E+2	6.2079492E+1	6.0830000E+1	0.0000000E+0	0.0000000E+0	1.0000000E+2	0.0000000E+0
1.5334000E+2	6.2053988E+1	6.0827572E+1	0.0000000E+0	0.0000000E+0	1.0000000E+2	0.0000000E+0
1.5339100E+2	6.2062565E+1	6.0816623E+1	0.0000000E+0	0.0000000E+0	1.0000000E+2	0.0000000E+0
1.5344100E+2	6.2061861E+1	6.0797556E+1	0.0000000E+0	0.0000000E+0	1.0000000E+2	0.0000000E+0
1.5349100E+2	6.2079690E+1	6.0809698E+1	0.0000000E+0	0.0000000E+0	1.0000000E+2	0.0000000E+0
1.5354200E+2	6.2083064E+1	6.0798833E+1	0.0000000E+0	0.0000000E+0	1.0000000E+2	0.0000000E+0
1.5359300E+2	6.2095767E+1	6.0794317E+1	0.0000000E+0	0.0000000E+0	1.0000000E+2	0.0000000E+0
1.5364300E+2	6.2119995E+1	6.0814303E+1	0.0000000E+0	0.0000000E+0	1.0000000E+2	0.0000000E+0
1.5369300E+2	6.2128368E+1	6.0802703E+1	0.0000000E+0	0.0000000E+0	1.0000000E+2	0.0000000E+0
1.5374300E+2	6.2145473E+1	6.0806692E+1	0.0000000E+0	0.0000000E+0	1.0000000E+2	0.0000000E+0
1.5379400E+2	6.2131190E+1	6.0801647E+1	0.0000000E+0	0.0000000E+0	1.0000000E+2	0.0000000E+0
1.5384400E+2	6.2133080E+1	6.0806492E+1	0.0000000E+0	0.0000000E+0	1.0000000E+2	0.0000000E+0
1.5389400E+2	6.2144829E+1	6.0804706E+1	0.0000000E+0	0.0000000E+0	1.0000000E+2	0.0000000E+0
1.5394400E+2	6.2130184E+1	6.0785264E+1	0.0000000E+0	0.0000000E+0	1.0000000E+2	0.0000000E+0
1.5399400E+2	6.2136179E+1	6.0788369E+1	0.0000000E+0	0.0000000E+0	1.0000000E+2	0.0000000E+0
1.5404500E+2	6.2154361E+1	6.0795050E+1	0.0000000E+0	0.0000000E+0	1.0000000E+2	0.0000000E+0
1.5409600E+2	6.2102825E+1	6.0786967E+1	0.0000000E+0	0.0000000E+0	1.0000000E+2	0.0000000E+0
1.5414600E+2	6.2079998E+1	6.0786236E+1	0.0000000E+0	0.0000000E+0	1.0000000E+2	0.0000000E+0
1.5419700E+2	6.2091089E+1	6.0788432E+1	0.0000000E+0	0.0000000E+0	1.0000000E+2	0.0000000E+0
1.5424700E+2	6.2097782E+1	6.0776872E+1	0.0000000E+0	0.0000000E+0	1.0000000E+2	0.0000000E+0
1.5429700E+2	6.2109903E+1	6.0783108E+1	0.0000000E+0	0.0000000E+0	1.0000000E+2	0.0000000E+0
1.5434700E+2	6.2117360E+1	6.0794348E+1	0.0000000E+0	0.0000000E+0	1.0000000E+2	0.0000000E+0
1.5439800E+2	6.2113970E+1	6.0802876E+1	0.0000000E+0	0.0000000E+0	1.0000000E+2	0.0000000E+0
1.5444900E+2	6.2133928E+1	6.0811928E+1	0.0000000E+0	0.0000000E+0	1.0000000E+2	0.0000000E+0
1.5449900E+2	6.2131499E+1	6.0803099E+1	0.0000000E+0	0.0000000E+0	1.0000000E+2	0.0000000E+0
1.5454900E+2	6.2148978E+1	6.0807641E+1	0.0000000E+0	0.0000000E+0	1.0000000E+2	0.0000000E+0
1.5459900E+2	6.2147279E+1	6.0804629E+1	0.0000000E+0	0.0000000E+0	1.0000000E+2	0.0000000E+0
1.5464900E+2	6.2131674E+1	6.0789431E+1	0.0000000E+0	0.0000000E+0	1.0000000E+2	0.0000000E+0
1.5469900E+2	6.2149875E+1	6.0795436E+1	0.0000000E+0	0.0000000E+0	1.0000000E+2	0.0000000E+0
1.5474900E+2	6.2171149E+1	6.0798256E+1	0.0000000E+0	0.0000000E+0	1.0000000E+2	0.0000000E+0
1.5479900E+2	6.2178598E+1	6.0798233E+1	0.0000000E+0	0.0000000E+0	1.0000000E+2	0.0000000E+0
1.5484900E+2	6.2175137E+1	6.0809223E+1	0.0000000E+0	0.0000000E+0	1.0000000E+2	0.0000000E+0
1.5489900E+2	6.2142884E+1	6.0806670E+1	0.0000000E+0	0.0000000E+0	1.0000000E+2	0.0000000E+0
1.5494900E+2	6.2141701E+1	6.0814548E+1	0.0000000E+0	0.0000000E+0	1.0000000E+2	0.0000000E+0
1.5499900E+2	6.2183010E+1	6.0836028E+1	0.0000000E+0	0.0000000E+0	1.0000000E+2	0.0000000E+0
1.5504900E+2	6.2165948E+1	6.0823491E+1	0.0000000E+0	0.0000000E+0	1.0000000E+2	0.0000000E+0
1.5509900E+2	6.2159396E+1	6.0812623E+1	0.0000000E+0	0.0000000E+0	1.0000000E+2	0.0000000E+0
1.5514900E+2	6.2148311E+1	6.0810912E+1	0.0000000E+0	0.0000000E+0	1.0000000E+2	0.0000000E+0
1.5519900E+2	6.2148509E+1	6.0809737E+1	0.0000000E+0	0.0000000E+0	1.0000000E+2	0.0000000E+0
1.5524900E+2	6.2158879E+1	6.0800169E+1	0.0000000E+0	0.0000000E+0	1.0000000E+2	0.0000000E+0
1.5529900E+2	6.2151415E+1	6.0796676E+1	0.0000000E+0	0.0000000E+0	1.0000000E+2	0.0000000E+0
1.5534900E+2	6.2169285E+1	6.0803151E+1	0.0000000E+0	0.0000000E+0	1.0000000E+2	0.0000000E+0
1.5539900E+2	6.2180804E+1	6.0798984E+1	0.0000000E+0	0.0000000E+0	1.0000000E+2	0.0000000E+0
1.5544900E+2	6.2184420E+1	6.0801290E+1	0.0000000E+0	0.0000000E+0	1.0000000E+2	0.0000000E+0
1.5549900E+2	6.2192496E+1	6.0804056E+1	0.0000000E+0	0.0000000E+0	1.0000000E+2	0.0000000E+0
1.5554900E+2	6.2175923E+1	6.0793471E+1	0.0000000E+0	0.0000000E+0	1.0000000E+2	0.0000000E+0
1.5559900E+2	6.2186080E+1	6.0810586E+1	0.0000000E+0	0.0000000E+0	1.0000000E+2	0.0000000E+0
1.5564900E+2	6.2173645E+1	6.0811725E+1	0.0000000E+0	0.0000000E+0	1.0000000E+2	0.0000000E+0
1.5569900E+2	6.2159133E+1	6.0800360E+1	0.0000000E+0	0.0000000E+0	1.0000000E+2	0.0000000E+0
1.5574900E+2	6.2121489E+1	6.0792577E+1	0.0000000E+0	0.0000000E+0	1.0000000E+2	0.0000000E+0
1.5579900E+2	6.2112888E+1	6.0800838E+1	0.0000000E+0	0.0000000E+0	1.0000000E+2	0.0000000E+0
1.5584900E+2	6.2115842E+1	6.0790800E+1	0.0000000E+0	0.0000000E+0	1.0000000E+2	0.0000000E+0
1.5589900E+2	6.2136336E+1	6.0799639E+1	0.0000000E+0	0.0000000E+0	1.0000000E+2	0.0000000E+0
1.5594900E+2	6.2142977E+1	6.0784281E+1	0.0000000E+0	0.0000000E+0	1.0000000E+2	0.0000000E+0
1.5599900E+2	6.2157969E+1	6.0791509E+1	0.0000000E+0	0.0000000E+0	1.0000000E+2	0.0000000E+0
1.5604900E+2	6.2169955E+1	6.0779044E+1	0.0000000E+0	0.0000000E+0	1.0000000E+2	0.0000000E+0
1.5609900E+2	6.2150537E+1	6.0770896E+1	0.0000000E+0	0.0000000E+0	1.0000000E+2	0.0000000E+0
1.5615000E+2	6.2171803E+1	6.0770241E+1	0.0000000E+0	0.0000000E+0	1.0000000E+2	0.0000000E+0
1.5620000E+2	6.2202317E+1	6.0794751E+1	0.0000000E+0	0.0000000E+0	1.0000000E+2	0.0000000E+0
1.5625000E+2	6.2194146E+1	6.0774637E+1	0.0000000E+0	0.0000000E+0	1.0000000E+2	0.0000000E+0
1.5630000E+2	6.2188563E+1	6.0787283E+1	0.0000000E+0	0.0000000E+0	1.0000000E+2	0.0000000E+0
1.5635000E+2	6.2192301E+1	6.0789042E+1	0.0000000E+0	0.0000000E+0	1.0000000E+2	0.0000000E+0
1.5640000E+2	6.2189506E+1	6.0783976E+1	0.0000000E+0	0.0000000E+0	1.0000000E+2	0.0000000E+0
1.5645000E+2	6.2194233E+1	6.0792070E+1	0.0000000E+0	0.0000000E+0	1.0000000E+2	0.0000000E+0
1.5650000E+2	6.2175109E+1	6.0782600E+1	0.0000000E+0	0.0000000E+0	1.0000000E+2	0.0000000E+0
1.5655100E+2	6.2157386E+1	6.0784009E+1	0.0000000E+0	0.0000000E+0	1.0000000E+2	0.0000000E+0
1.5660200E+2	6.2193878E+1	6.0794599E+1	0.0000000E+0	0.0000000E+0	1.0000000E+2	0.0000000E+0
1.5665200E+2	6.2215987E+1	6.0790002E+1	0.0000000E+0	0.0000000E+0	1.0000000E+2	0.0000000E+0
1.5670200E+2	6.2239935E+1	6.0794148E+1	0.0000000E+0	0.0000000E+0	1.0000000E+2	0.0000000E+0
1.5675200E+2	6.2256456E+1	6.0791683E+1	0.0000000E+0	0.0000000E+0	1.0000000E+2	0.0000000E+0
1.5680200E+2	6.2258309E+1	6.0783119E+1	0.0000000E+0	0.0000000E+0	1.0000000E+2	0.0000000E+0
1.5685200E+2	6.2266598E+1	6.0783189E+1	0.0000000E+0	0.0000000E+0	1.0000000E+2	0.0000000E+0
1.5690200E+2	6.2271539E+1	6.0788901E+1	0.0000000E+0	0.0000000E+0	1.0000000E+2	0.0000000E+0
1.5695200E+2	6.2246682E+1	6.0785597E+1	0.0000000E+0	0.0000000E+0	1.0000000E+2	0.0000000E+0
1.5700300E+2	6.2247691E+1	6.0794091E+1	0.0000000E+0	0.0000000E+0	1.0000000E+2	0.0000000E+0
1.5705300E+2	6.2250741E+1	6.0801840E+1	0.0000000E+0	0.0000000E+0	1.0000000E+2	0.0000000E+0
1.5710300E+2	6.2243266E+1	6.0783396E+1	0.0000000E+0	0.0000000E+0	1.0000000E+2	0.0000000E+0
1.5715400E+2	6.2237038E+1	6.0784605E+1	0.0000000E+0	0.0000000E+0	1.0000000E+2	0.0000000E+0
1.5720400E+2	6.2229271E+1	6.0797333E+1	0.0000000E+0	0.0000000E+0	1.0000000E+2	0.0000000E+0
1.5725400E+2	6.2204095E+1	6.0801145E+1	0.0000000E+0	0.0000000E+0	1.0000000E+2	0.0000000E+0
1.5730400E+2	6.2151999E+1	6.0806589E+1	0.0000000E+0	0.0000000E+0	1.0000000E+2	0.0000000E+0
1.5735400E+2	6.2138870E+1	6.0792779E+1	0.0000000E+0	0.0000000E+0	1.0000000E+2	0.0000000E+0
1.5740400E+2	6.2134520E+1	6.0790473E+1	0.0000000E+0	0.0000000E+0	1.0000000E+2	0.0000000E+0
1.5745400E+2	6.2153010E+1	6.0799928E+1	0.0000000E+0	0.0000000E+0	1.0000000E+2	0.0000000E+0
1.5750400E+2	6.2179672E+1	6.0810436E+1	0.0000000E+0	0.0000000E+0	1.0000000E+2	0.0000000E+0
1.5755400E+2	6.2192646E+1	6.0802217E+1	0.0000000E+0	0.0000000E+0	1.0000000E+2	0.0000000E+0
1.5760400E+2	6.2208857E+1	6.0798563E+1	0.0000000E+0	0.0000000E+0	1.0000000E+2	0.0000000E+0
1.5765400E+2	6.2217566E+1	6.0788812E+1	0.0000000E+0	0.0000000E+0	1.0000000E+2	0.0000000E+0
1.5770400E+2	6.2225625E+1	6.0791167E+1	0.0000000E+0	0.0000000E+0	1.0000000E+2	0.0000000E+0
1.5775400E+2	6.2227119E+1	6.0779952E+1	0.0000000E+0	0.0000000E+0	1.0000000E+2	0.0000000E+0
1.5780500E+2	6.2250093E+1	6.0788665E+1	0.0000000E+0	0.0000000E+0	1.0000000E+2	0.0000000E+0
1.5785600E+2	6.2257081E+1	6.0779705E+1	0.0000000E+0	0.0000000E+0	1.0000000E+2	0.0000000E+0
1.5790600E+2	6.2270205E+1	6.0780224E+1	0.0000000E+0	0.0000000E+0	1.0000000E+2	0.0000000E+0
1.5795600E+2	6.2270664E+1	6.0778315E+1	0.0000000E+0	0.0000000E+0	1.0000000E+2	0.0000000E+0
1.5800600E+2	6.2239903E+1	6.0782062E+1	0.0000000E+0	0.0000000E+0	1.0000000E+2	0.0000000E+0
1.5805600E+2	6.2227604E+1	6.0779903E+1	0.0000000E+0	0.0000000E+0	1.0000000E+2	0.0000000E+0
1.5810600E+2	6.2248047E+1	6.0782859E+1	0.0000000E+0	0.0000000E+0	1.0000000E+2	0.0000000E+0
1.5815600E+2	6.2289820E+1	6.0814329E+1	0.0000000E+0	0.0000000E+0	1.0000000E+2	0.0000000E+0
1.5820600E+2	6.2277137E+1	6.0794745E+1	0.0000000E+0	0.0000000E+0	1.0000000E+2	0.0000000E+0
1.5825600E+2	6.2293292E+1	6.0788494E+1	0.0000000E+0	0.0000000E+0	1.0000000E+2	0.0000000E+0
1.5830600E+2	6.2321437E+1	6.0800895E+1	0.0000000E+0	0.0000000E+0	1.0000000E+2	0.0000000E+0
1.5835600E+2	6.2328437E+1	6.0806477E+1	0.0000000E+0	0.0000000E+0	1.0000000E+2	0.0000000E+0
1.5840700E+2	6.2337824E+1	6.0808294E+1	0.0000000E+0	0.0000000E+0	1.0000000E+2	0.0000000E+0
1.5845800E+2	6.2356995E+1	6.0811112E+1	0.0000000E+0	0.0000000E+0	1.0000000E+2	0.0000000E+0
1.5850800E+2	6.2366254E+1	6.0809472E+1	0.0000000E+0	0.0000000E+0	1.0000000E+2	0.0000000E+0
1.5855900E+2	6.2375622E+1	6.0813846E+1	0.0000000E+0	0.0000000E+0	1.0000000E+2	0.0000000E+0
1.5861000E+2	6.2382720E+1	6.0815351E+1	0.0000000E+0	0.0000000E+0	1.0000000E+2	0.0000000E+0
1.5866000E+2	6.2396770E+1	6.0824679E+1	0.0000000E+0	0.0000000E+0	1.0000000E+2	0.0000000E+0
1.5871000E+2	6.2360006E+1	6.0833341E+1	0.0000000E+0	0.0000000E+0	1.0000000E+2	0.0000000E+0
1.5876000E+2	6.2333211E+1	6.0814314E+1	0.0000000E+0	0.0000000E+0	1.0000000E+2	0.0000000E+0
1.5881000E+2	6.2334274E+1	6.0824044E+1	0.0000000E+0	0.0000000E+0	1.0000000E+2	0.0000000E+0
1.5886000E+2	6.2338926E+1	6.0827076E+1	0.0000000E+0	0.0000000E+0	1.0000000E+2	0.0000000E+0
1.5891000E+2	6.2351185E+1	6.0823754E+1	0.0000000E+0	0.0000000E+0	1.0000000E+2	0.0000000E+0
1.5896000E+2	6.2374383E+1	6.0827352E+1	0.0000000E+0	0.0000000E+0	1.0000000E+2	0.0000000E+0
1.5901000E+2	6.2383699E+1	6.0828775E+1	0.0000000E+0	0.0000000E+0	1.0000000E+2	0.0000000E+0
1.5906000E+2	6.2386159E+1	6.0820220E+1	0.0000000E+0	0.0000000E+0	1.0000000E+2	0.0000000E+0
1.5911000E+2	6.2392342E+1	6.0834876E+1	0.0000000E+0	0.0000000E+0	1.0000000E+2	0.0000000E+0
1.5916100E+2	6.2380395E+1	6.0812411E+1	0.0000000E+0	0.0000000E+0	1.0000000E+2	0.0000000E+0
1.5921200E+2	6.2377786E+1	6.0820152E+1	0.0000000E+0	0.0000000E+0	1.0000000E+2	0.0000000E+0
1.5926200E+2	6.2400603E+1	6.0832616E+1	0.0000000E+0	0.0000000E+0	1.0000000E+2	0.0000000E+0
1.5931200E+2	6.2408885E+1	6.0842248E+1	0.0000000E+0	0.0000000E+0	1.0000000E+2	0.0000000E+0
1.5936300E+2	6.2392692E+1	6.0827816E+1	0.0000000E+0	0.0000000E+0	1.0000000E+2	0.0000000E+0
1.5941300E+2	6.2400702E+1	6.0835790E+1	0.0000000E+0	0.0000000E+0	1.0000000E+2	0.0000000E+0
1.5946300E+2	6.2392278E+1	6.0838621E+1	0.0000000E+0	0.0000000E+0	1.0000000E+2	0.0000000E+0
1.5951300E+2	6.2389541E+1	6.0841833E+1	0.0000000E+0	0.0000000E+0	1.0000000E+2	0.0000000E+0
1.5956300E+2	6.2348339E+1	6.0830436E+1	0.0000000E+0	0.0000000E+0	1.0000000E+2	0.0000000E+0
1.5961400E+2	6.2344702E+1	6.0837471E+1	0.0000000E+0	0.0000000E+0	1.0000000E+2	0.0000000E+0
1.5966400E+2	6.2339841E+1	6.0835476E+1	0.0000000E+0	0.0000000E+0	1.0000000E+2	0.0000000E+0
1.5971500E+2	6.2352718E+1	6.0834418E+1	0.0000000E+0	0.0000000E+0	1.0000000E+2	0.0000000E+0
1.5976600E+2	6.2365743E+1	6.0858969E+1	0.0000000E+0	0.0000000E+0	1.0000000E+2	0.0000000E+0
1.5981600E+2	6.2371488E+1	6.0843698E+1	0.0000000E+0	0.0000000E+0	1.0000000E+2	0.0000000E+0
1.5986600E+2	6.2369907E+1	6.0835277E+1	0.0000000E+0	0.0000000E+0	1.0000000E+2	0.0000000E+0
1.5991600E+2	6.2374612E+1	6.0844117E+1	0.0000000E+0	0.0000000E+0	1.0000000E+2	0.0000000E+0
1.5996600E+2	6.2381058E+1	6.0856960E+1	0.0000000E+0	0.0000000E+0	1.0000000E+2	0.0000000E+0
1.6001600E+2	6.2386563E+1	6.0847390E+1	0.0000000E+0	0.0000000E+0	1.0000000E+2	0.0000000E+0
1.6006600E+2	6.2374547E+1	6.0859424E+1	0.0000000E+0	0.0000000E+0	1.0000000E+2	0.0000000E+0
1.6011600E+2	6.2361454E+1	6.0839080E+1	0.0000000E+0	0.0000000E+0	1.0000000E+2	0.0000000E+0
1.6016600E+2	6.2368117E+1	6.0844575E+1	0.0000000E+0	0.0000000E+0	1.0000000E+2	0.0000000E+0
1.6021600E+2	6.2368156E+1	6.0838692E+1	0.0000000E+0	0.0000000E+0	1.0000000E+2	0.0000000E+0
1.6026600E+2	6.2397159E+1	6.0849042E+1	0.0000000E+0	0.0000000E+0	1.0000000E+2	0.0000000E+0
1.6031600E+2	6.2408192E+1	6.0865011E+1	0.0000000E+0	0.0000000E+0	1.0000000E+2	0.0000000E+0
1.6036600E+2	6.2392020E+1	6.0852876E+1	0.0000000E+0	0.0000000E+0	1.0000000E+2	0.0000000E+0
1.6041600E+2	6.2351725E+1	6.0842064E+1	0.0000000E+0	0.0000000E+0	1.0000000E+2	0.0000000E+0
1.6046600E+2	6.2364140E+1	6.0855405E+1	0.0000000E+0	0.0000000E+0	1.0000000E+2	0.0000000E+0
1.6051600E+2	6.2362215E+1	6.0838838E+1	0.0000000E+0	0.0000000E+0	1.0000000E+2	0.0000000E+0
1.6056600E+2	6.2388733E+1	6.0850369E+1	0.0000000E+0	0.0000000E+0	1.0000000E+2	0.0000000E+0
1.6061700E+2	6.2412095E+1	6.0856289E+1	0.0000000E+0	0.0000000E+0	1.0000000E+2	0.0000000E+0
1.6066800E+2	6.2416385E+1	6.0848465E+1	0.0000000E+0	0.0000000E+0	1.0000000E+2	0.0000000E+0
1.6071800E+2	6.2435530E+1	6.0841907E+1	0.0000000E+0	0.0000000E+0	1.0000000E+2	0.0000000E+0
1.6076900E+2	6.2469536E+1	6.0852083E+1	0.0000000E+0	0.0000000E+0	1.0000000E+2	0.0000000E+0
1.6082000E+2	6.2483273E+1	6.0834312E+1	0.0000000E+0	0.0000000E+0	1.0000000E+2	0.0000000E+0
1.6087000E+2	6.2522245E+1	6.0851104E+1	0.0000000E+0	0.0000000E+0	1.0000000E+2	0.0000000E+0
1.6092000E+2	6.2553396E+1	6.0845756E+1	0.0000000E+0	0.0000000E+0	1.0000000E+2	0.0000000E+0
1.6097000E+2	6.2568170E+1	6.0853790E+1	0.0000000E+0	0.0000000E+0	1.0000000E+2	0.0000000E+0
1.6102000E+2	6.2577152E+1	6.0842151E+1	0.0000000E+0	0.0000000E+0	1.0000000E+2	0.0000000E+0
1.6107000E+2	6.2592864E+1	6.0853414E+1	0.0000000E+0	0.0000000E+0	1.0000000E+2	0.0000000E+0
1.6112000E+2	6.2598716E+1	6.0847305E+1	0.0000000E+0	0.0000000E+0	1.0000000E+2	0.0000000E+0
1.6117000E+2	6.2570376E+1	6.0836823E+1	0.0000000E+0	0.0000000E+0	1.0000000E+2	0.0000000E+0
1.6122000E+2	6.2564926E+1	6.0842795E+1	0.0000000E+0	0.0000000E+0	1.0000000E+2	0.0000000E+0
1.6127000E+2	6.2610648E+1	6.0865433E+1	0.0000000E+0	0.0000000E+0	1.0000000E+2	0.0000000E+0
1.6132000E+2	6.2645388E+1	6.0862999E+1	0.0000000E+0	0.0000000E+0	1.0000000E+2	0.0000000E+0
1.6137000E+2	6.2657840E+1	6.0849403E+1	0.0000000E+0	0.0000000E+0	1.0000000E+2	0.0000000E+0
1.6142000E+2	6.2670379E+1	6.0856222E+1	0.0000000E+0	0.0000000E+0	1.0000000E+2	0.0000000E+0
1.6147000E+2	6.2695638E+1	6.0845892E+1	0.0000000E+0	0.0000000E+0	1.0000000E+2	0.0000000E+0
1.6152000E+2	6.2686414E+1	6.0840445E+1	0.0000000E+0	0.0000000E+0	1.0000000E+2	0.0000000E+0
1.6157000E+2	6.2695291E+1	6.0838130E+1	0.0000000E+0	0.0000000E+0	1.0000000E+2	0.0000000E+0
1.6162000E+2	6.2671134E+1	6.0832852E+1	0.0000000E+0	0.0000000E+0	1.0000000E+2	0.0000000E+0
1.6167000E+2	6.2659890E+1	6.0818573E+1	0.0000000E+0	0.0000000E+0	1.0000000E+2	0.0000000E+0
1.6172000E+2	6.2676591E+1	6.0818600E+1	0.0000000E+0	0.0000000E+0	1.0000000E+2	0.0000000E+0
1.6177000E+2	6.2711208E+1	6.0837529E+1	0.0000000E+0	0.0000000E+0	1.0000000E+2	0.0000000E+0
1.6182100E+2	6.2712510E+1	6.0829142E+1	0.0000000E+0	0.0000000E+0	1.0000000E+2	0.0000000E+0
1.6187200E+2	6.2727336E+1	6.0842485E+1	0.0000000E+0	0.0000000E+0	1.0000000E+2	0.0000000E+0
1.6192200E+2	6.2714745E+1	6.0838413E+1	0.0000000E+0	0.0000000E+0	1.0000000E+2	0.0000000E+0
1.6197200E+2	6.2750867E+1	6.0847380E+1	0.0000000E+0	0.0000000E+0	1.0000000E+2	0.0000000E+0
1.6202200E+2	6.2756897E+1	6.0857422E+1	0.0000000E+0	0.0000000E+0	1.0000000E+2	0.0000000E+0
1.6207300E+2	6.2682309E+1	6.0838100E+1	0.0000000E+0	0.0000000E+0	1.0000000E+2	0.0000000E+0
1.6212300E+2	6.2638465E+1	6.0813416E+1	0.0000000E+0	0.0000000E+0	1.0000000E+2	0.0000000E+0
1.6217400E+2	6.2654719E+1	6.0838422E+1	0.0000000E+0	0.0000000E+0	1.0000000E+2	0.0000000E+0
1.6222400E+2	6.2680063E+1	6.0848227E+1	0.0000000E+0	0.0000000E+0	1.0000000E+2	0.0000000E+0
1.6227400E+2	6.2687097E+1	6.0848354E+1	0.0000000E+0	0.0000000E+0	1.0000000E+2	0.0000000E+0
1.6232400E+2	6.2686845E+1	6.0839730E+1	0.0000000E+0	0.0000000E+0	1.0000000E+2	0.0000000E+0
1.6237400E+2	6.2692598E+1	6.0838521E+1	0.0000000E+0	0.0000000E+0	1.0000000E+2	0.0000000E+0
1.6242400E+2	6.2710509E+1	6.0832638E+1	0.0000000E+0	0.0000000E+0	1.0000000E+2	0.0000000E+0
1.6247400E+2	6.2738968E+1	6.0829574E+1	0.0000000E+0	0.0000000E+0	1.0000000E+2	0.0000000E+0
1.6252400E+2	6.2755937E+1	6.0826595E+1	0.0000000E+0	0.0000000E+0	1.0000000E+2	0.0000000E+0
1.6257400E+2	6.2731612E+1	6.0826259E+1	0.0000000E+0	0.0000000E+0	1.0000000E+2	0.0000000E+0
1.6262400E+2	6.2726961E+1	6.0836943E+1	0.0000000E+0	0.0000000E+0	1.0000000E+2	0.0000000E+0
1.6267400E+2	6.2728911E+1	6.0837548E+1	0.0000000E+0	0.0000000E+0	1.0000000E+2	0.0000000E+0
1.6272500E+2	6.2729300E+1	6.0849403E+1	0.0000000E+0	0.0000000E+0	1.0000000E+2	0.0000000E+0
1.6277500E+2	6.2722155E+1	6.0863234E+1	0.0000000E+0	0.0000000E+0	1.0000000E+2	0.0000000E+0
1.6282600E+2	6.2706334E+1	6.0859061E+1	0.0000000E+0	0.0000000E+0	1.0000000E+2	0.0000000E+0
1.6287600E+2	6.2701166E+1	6.0849329E+1	0.0000000E+0	0.0000000E+0	1.0000000E+2	0.0000000E+0
1.6292600E+2	6.2680428E+1	6.0853155E+1	0.0000000E+0	0.0000000E+0	1.0000000E+2	0.0000000E+0
1.6297600E+2	6.2621579E+1	6.0848711E+1	0.0000000E+0	0.0000000E+0	1.0000000E+2	0.0000000E+0
1.6302600E+2	6.2640924E+1	6.0874171E+1	0.0000000E+0	0.0000000E+0	1.0000000E+2	0.0000000E+0
1.6307600E+2	6.2636197E+1	6.0884825E+1	0.0000000E+0	0.0000000E+0	1.0000000E+2	0.0000000E+0
1.6312600E+2	6.2606607E+1	6.0865451E+1	0.0000000E+0	0.0000000E+0	1.0000000E+2	0.0000000E+0
1.6317600E+2	6.2627752E+1	6.0871445E+1	0.0000000E+0	0.0000000E+0	1.0000000E+2	0.0000000E+0
1.6322700E+2	6.2664374E+1	6.0874261E+1	0.0000000E+0	0.0000000E+0	1.0000000E+2	0.0000000E+0
1.6327700E+2	6.2647915E+1	6.0873900E+1	0.0000000E+0	0.0000000E+0	1.0000000E+2	0.0000000E+0
1.6332700E+2	6.2628334E+1	6.0860984E+1	0.0000000E+0	0.0000000E+0	1.0000000E+2	0.0000000E+0
1.6337800E+2	6.2660389E+1	6.0880422E+1	0.0000000E+0	0.0000000E+0	1.0000000E+2	0.0000000E+0
1.6342800E+2	6.2643785E+1	6.0871989E+1	0.0000000E+0	0.0000000E+0	1.0000000E+2	0.0000000E+0
1.6347800E+2	6.2655124E+1	6.0880612E+1	0.0000000E+0	0.0000000E+0	1.0000000E+2	0.0000000E+0
1.6352800E+2	6.2642612E+1	6.0863928E+1	0.0000000E+0	0.0000000E+0	1.0000000E+2	0.0000000E+0
1.6357800E+2	6.2639705E+1	6.0848658E+1	0.0000000E+0	0.0000000E+0	1.0000000E+2	0.0000000E+0
1.6362800E+2	6.2634185E+1	6.0847968E+1	0.0000000E+0	0.0000000E+0	1.0000000E+2	0.0000000E+0
1.6367900E+2	6.2659080E+1	6.0851979E+1	0.0000000E+0	0.0000000E+0	1.0000000E+2	0.0000000E+0
1.6372900E+2	6.2634885E+1	6.0851299E+1	0.0000000E+0	0.0000000E+0	1.0000000E+2	0.0000000E+0
1.6377900E+2	6.2640037E+1	6.0864689E+1	0.0000000E+0	0.0000000E+0	1.0000000E+2	0.0000000E+0
1.6382900E+2	6.2644491E+1	6.0857333E+1	0.0000000E+0	0.0000000E+0	1.0000000E+2	0.0000000E+0
1.6387900E+2	6.2653698E+1	6.0852479E+1	0.0000000E+0	0.0000000E+0	1.0000000E+2	0.0000000E+0
1.6392900E+2	6.2665601E+1	6.0860167E+1	0.0000000E+0	0.0000000E+0	1.0000000E+2	0.0000000E+0
1.6398000E+2	6.2662054E+1	6.0862677E+1	0.0000000E+0	0.0000000E+0	1.0000000E+2	0.0000000E+0
1.6403000E+2	6.2673951E+1	6.0869568E+1	0.0000000E+0	0.0000000E+0	1.0000000E+2	0.0000000E+0
1.6408000E+2	6.2665263E+1	6.0853966E+1	0.0000000E+0	0.0000000E+0	1.0000000E+2	0.0000000E+0
1.6413000E+2	6.2693098E+1	6.0846549E+1	0.0000000E+0	0.0000000E+0	1.0000000E+2	0.0000000E+0
1.6418000E+2	6.2712310E+1	6.0857847E+1	0.0000000E+0	0.0000000E+0	1.0000000E+2	0.0000000E+0
1.6423000E+2	6.2703164E+1	6.0862493E+1	0.0000000E+0	0.0000000E+0	1.0000000E+2	0.0000000E+0
1.6428000E+2	6.2704283E+1	6.0860882E+1	0.0000000E+0	0.0000000E+0	1.0000000E+2	0.0000000E+0
1.6433100E+2	6.2718025E+1	6.0856862E+1	0.0000000E+0	0.0000000E+0	1.0000000E+2	0.0000000E+0
1.6438100E+2	6.2738487E+1	6.0859330E+1	0.0000000E+0	0.0000000E+0	1.0000000E+2	0.0000000E+0
1.6443100E+2	6.2751160E+1	6.0867475E+1	0.0000000E+0	0.0000000E+0	1.0000000E+2	0.0000000E+0
1.6448100E+2	6.2707011E+1	6.0854410E+1	0.0000000E+0	0.0000000E+0	1.0000000E+2	0.0000000E+0
1.6453100E+2	6.2697841E+1	6.0863835E+1	0.0000000E+0	0.0000000E+0	1.0000000E+2	0.0000000E+0
1.6458100E+2	6.2715561E+1	6.0880611E+1	0.0000000E+0	0.0000000E+0	1.0000000E+2	0.0000000E+0
1.6463200E+2	6.2755217E+1	6.0885011E+1	0.0000000E+0	0.0000000E+0	1.0000000E+2	0.0000000E+0
1.6468300E+2	6.2745363E+1	6.0889924E+1	0.0000000E+0	0.0000000E+0	1.0000000E+2	0.0000000E+0
1.6473300E+2	6.2751642E+1	6.0888424E+1	0.0000000E+0	0.0000000E+0	1.0000000E+2	0.0000000E+0
1.6478300E+2	6.2778387E+1	6.0884507E+1	0.0000000E+0	0.0000000E+0	1.0000000E+2	0.0000000E+0
1.6483300E+2	6.2762081E+1	6.0881889E+1	0.0000000E+0	0.0000000E+0	1.0000000E+2	0.0000000E+0
1.6488300E+2	6.2777625E+1	6.0892385E+1	0.0000000E+0	0.0000000E+0	1.0000000E+2	0.0000000E+0
1.6493400E+2	6.2756043E+1	6.0889902E+1	0.0000000E+0	0.0000000E+0	1.0000000E+2	0.0000000E+0
1.6498400E+2	6.2760653E+1	6.0883432E+1	0.0000000E+0	0.0000000E+0	1.0000000E+2	0.0000000E+0
1.6503400E+2	6.2766169E+1	6.0880684E+1	0.0000000E+0	0.0000000E+0	1.0000000E+2	0.0000000E+0
1.6508500E+2	6.2771966E+1	6.0889149E+1	0.0000000E+0	0.0000000E+0	1.0000000E+2	0.0000000E+0
1.6513500E+2	6.2729116E+1	6.0864247E+1	0.0000000E+0	0.0000000E+0	1.0000000E+2	0.0000000E+0
1.6518500E+2	6.2722296E+1	6.0863583E+1	0.0000000E+0	0.0000000E+0	1.0000000E+2	0.0000000E+0
1.6523500E+2	6.2746044E+1	6.0877125E+1	0.0000000E+0	0.0000000E+0	1.0000000E+2	0.0000000E+0
1.6528500E+2	6.2711033E+1	6.0887801E+1	0.0000000E+0	0.0000000E+0	1.0000000E+2	0.0000000E+0
1.6533500E+2	6.2649696E+1	6.0852815E+1	0.0000000E+0	0.0000000E+0	1.0000000E+2	0.0000000E+0
1.6538500E+2	6.2668734E+1	6.0867212E+1	0.0000000E+0	0.0000000E+0	1.0000000E+2	0.0000000E+0
1.6543500E+2	6.2676146E+1	6.0863437E+1	0.0000000E+0	0.0000000E+0	1.0000000E+2	0.0000000E+0
1.6548500E+2	6.2646291E+1	6.0859461E+1	0.0000000E+0	0.0000000E+0	1.0000000E+2	0.0000000E+0
1.6553500E+2	6.2645331E+1	6.0847260E+1	0.0000000E+0	0.0000000E+0	1.0000000E+2	0.0000000E+0
1.6558600E+2	6.2673483E+1	6.0869353E+1	0.0000000E+0	0.0000000E+0	1.0000000E+2	0.0000000E+0
1.6563700E+2	6.2670516E+1	6.0866939E+1	0.0000000E+0	0.0000000E+0	1.0000000E+2	0.0000000E+0
1.6568700E+2	6.2652866E+1	6.0861811E+1	0.0000000E+0	0.0000000E+0	1.0000000E+2	0.0000000E+0
1.6573700E+2	6.2675227E+1	6.0858402E+1	0.0000000E+0	0.0000000E+0	1.0000000E+2	0.0000000E+0
1.6578700E+2	6.2675513E+1	6.0859490E+1	0.0000000E+0	0.0000000E+0	1.0000000E+2	0.0000000E+0
1.6583700E+2	6.2657307E+1	6.0852281E+1	0.0000000E+0	0.0000000E+0	1.0000000E+2	0.0000000E+0
1.6588700E+2	6.2706388E+1	6.0861359E+1	0.0000000E+0	0.0000000E+0	1.0000000E+2	0.0000000E+0
1.6593700E+2	6.2729519E+1	6.0876149E+1	0.0000000E+0	0.0000000E+0	1.0000000E+2	0.0000000E+0
1.6598700E+2	6.2694786E+1	6.0886021E+1	0.0000000E+0	0.0000000E+0	1.0000000E+2	0.0000000E+0
1.6603700E+2	6.2708773E+1	6.0872204E+1	0.0000000E+0	0.0000000E+0	1.0000000E+2	0.0000000E+0
1.6608700E+2	6.2731012E+1	6.0882131E+1	0.0000000E+0	0.0000000E+0	1.0000000E+2	0.0000000E+0
1.6613700E+2	6.2619288E+1	6.0876203E+1	0.0000000E+0	0.0000000E+0	1.0000000E+2	0.0000000E+0
1.6618700E+2	6.2540515E+1	6.0850621E+1	0.0000000E+0	0.0000000E+0	1.0000000E+2	0.0000000E+0
1.6623800E+2	6.2605696E+1	6.0876400E+1	0.0000000E+0	0.0000000E+0	1.0000000E+2	0.0000000E+0
1.6628800E+2	6.2616047E+1	6.0876544E+1	0.0000000E+0	0.0000000E+0	1.0000000E+2	0.0000000E+0
1.6633800E+2	6.2598461E+1	6.0874072E+1	0.0000000E+0	0.0000000E+0	1.0000000E+2	0.0000000E+0
1.6638900E+2	6.2590320E+1	6.0857956E+1	0.0000000E+0	0.0000000E+0	1.0000000E+2	0.0000000E+0
1.6643900E+2	6.2635802E+1	6.0896901E+1	0.0000000E+0	0.0000000E+0	1.0000000E+2	0.0000000E+0
1.6648900E+2	6.2619903E+1	6.0876865E+1	0.0000000E+0	0.0000000E+0	1.0000000E+2	0.0000000E+0
1.6653900E+2	6.2603629E+1	6.0882836E+1	0.0000000E+0	0.0000000E+0	1.0000000E+2	0.0000000E+0
1.6658900E+2	6.2619462E+1	6.0866443E+1	0.0000000E+0	0.0000000E+0	1.0000000E+2	0.0000000E+0
1.6663900E+2	6.2611650E+1	6.0859841E+1	0.0000000E+0	0.0000000E+0	1.0000000E+2	0.0000000E+0
1.6668900E+2	6.2597767E+1	6.0874387E+1	0.0000000E+0	0.0000000E+0	1.0000000E+2	0.0000000E+0
1.6673900E+2	6.2591586E+1	6.0891667E+1	0.0000000E+0	0.0000000E+0	1.0000000E+2	0.0000000E+0
1.6678900E+2	6.2608907E+1	6.0885532E+1	0.0000000E+0	0.0000000E+0	1.0000000E+2	0.0000000E+0
1.6683900E+2	6.2563140E+1	6.0888422E+1	0.0000000E+0	0.0000000E+0	1.0000000E+2	0.0000000E+0
1.6688900E+2	6.2497476E+1	6.0892135E+1	0.0000000E+0	0.0000000E+0	1.0000000E+2	0.0000000E+0
1.6693900E+2	6.2506799E+1	6.0888625E+1	0.0000000E+0	0.0000000E+0	1.0000000E+2	0.0000000E+0
1.6698900E+2	6.2532341E+1	6.0884219E+1	0.0000000E+0	0.0000000E+0	1.0000000E+2	0.0000000E+0
1.6703900E+2	6.2489498E+1	6.0885845E+1	0.0000000E+0	0.0000000E+0	1.0000000E+2	0.0000000E+0
1.6708900E+2	6.2470054E+1	6.0885954E+1	0.0000000E+0	0.0000000E+0	1.0000000E+2	0.0000000E+0
1.6713900E+2	6.2471126E+1	6.0878628E+1	0.0000000E+0	0.0000000E+0	1.0000000E+2	0.0000000E+0
1.6718900E+2	6.2471987E+1	6.0877599E+1	0.0000000E+0	0.0000000E+0	1.0000000E+2	0.0000000E+0
1.6723900E+2	6.2452743E+1	6.0881934E+1	0.0000000E+0	0.0000000E+0	1.0000000E+2	0.0000000E+0
1.6728900E+2	6.2480442E+1	6.0899516E+1	0.0000000E+0	0.0000000E+0	1.0000000E+2	0.0000000E+0
1.6733900E+2	6.2482600E+1	6.0893051E+1	0.0000000E+0	0.0000000E+0	1.0000000E+2	0.0000000E+0
1.6738900E+2	6.2487727E+1	6.0906660E+1	0.0000000E+0	0.0000000E+0	1.0000000E+2	0.0000000E+0
1.6743900E+2	6.2484521E+1	6.0895432E+1	0.0000000E+0	0.0000000E+0	1.0000000E+2	0.0000000E+0
1.6748900E+2	6.2474638E+1	6.0897225E+1	0.0000000E+0	0.0000000E+0	1.0000000E+2	0.0000000E+0
1.6753900E+2	6.2473090E+1	6.0898268E+1	0.0000000E+0	0.0000000E+0	1.0000000E+2	0.0000000E+0
1.6758900E+2	6.2451418E+1	6.0903493E+1	0.0000000E+0	0.0000000E+0	1.0000000E+2	0.0000000E+0
1.6763900E+2	6.2387756E+1	6.0882031E+1	0.0000000E+0	0.0000000E+0	1.0000000E+2	0.0000000E+0
1.6768900E+2	6.2350590E+1	6.0875375E+1	0.0000000E+0	0.0000000E+0	1.0000000E+2	0.0000000E+0
1.6773900E+2	6.2352665E+1	6.0879446E+1	0.0000000E+0	0.0000000E+0	1.0000000E+2	0.0000000E+0
1.6778900E+2	6.2364393E+1	6.0879053E+1	0.0000000E+0	0.0000000E+0	1.0000000E+2	0.0000000E+0
1.6783900E+2	6.2377656E+1	6.0903056E+1	0.0000000E+0	0.0000000E+0	1.0000000E+2	0.0000000E+0
1.6788900E+2	6.2344466E+1	6.0883686E+1	0.0000000E+0	0.0000000E+0	1.0000000E+2	0.0000000E+0
1.6793900E+2	6.2327782E+1	6.0899460E+1	0.0000000E+0	0.0000000E+0	1.0000000E+2	0.0000000E+0
1.6798900E+2	6.2309916E+1	6.0885916E+1	0.0000000E+0	0.0000000E+0	1.0000000E+2	0.0000000E+0
1.6803900E+2	6.2317759E+1	6.0901354E+1	0.0000000E+0	0.0000000E+0	1.0000000E+2	0.0000000E+0
1.6808900E+2	6.2327838E+1	6.0897125E+1	0.0000000E+0	0.0000000E+0	1.0000000E+2	0.0000000E+0
1.6813900E+2	6.2319304E+1	6.0890408E+1	0.0000000E+0	0.0000000E+0	1.0000000E+2	0.0000000E+0
1.6818900E+2	6.2347800E+1	6.0895476E+1	0.0000000E+0	0.0000000E+0	1.0000000E+2	0.0000000E+0
1.6823900E+2	6.2354620E+1	6.0891195E+1	0.0000000E+0	0.0000000E+0	1.0000000E+2	0.0000000E+0
1.6828900E+2	6.2305919E+1	6.0889288E+1	0.0000000E+0	0.0000000E+0	1.0000000E+2	0.0000000E+0
1.6833900E+2	6.2285227E+1	6.0874726E+1	0.0000000E+0	0.0000000E+0	1.0000000E+2	0.0000000E+0
1.6839000E+2	6.2293843E+1	6.0881255E+1	0.0000000E+0	0.0000000E+0	1.0000000E+2	0.0000000E+0
1.6844000E+2	6.2283280E+1	6.0878245E+1	0.0000000E+0	0.0000000E+0	1.0000000E+2	0.0000000E+0
1.6849000E+2	6.2305202E+1	6.0893362E+1	0.0000000E+0	0.0000000E+0	1.0000000E+2	0.0000000E+0
1.6854000E+2	6.2286473E+1	6.0884095E+1	0.0000000E+0	0.0000000E+0	1.0000000E+2	0.0000000E+0
1.6859100E+2	6.2266311E+1	6.0870868E+1	0.0000000E+0	0.0000000E+0	1.0000000E+2	0.0000000E+0
1.6864100E+2	6.2274038E+1	6.0879490E+1	0.0000000E+0	0.0000000E+0	1.0000000E+2	0.0000000E+0
1.6869100E+2	6.2256934E+1	6.0885797E+1	0.0000000E+0	0.0000000E+0	1.0000000E+2	0.0000000E+0
1.6874100E+2	6.2254397E+1	6.0876483E+1	0.0000000E+0	0.0000000E+0	1.0000000E+2	0.0000000E+0
1.6879100E+2	6.2261531E+1	6.0882548E+1	0.0000000E+0	0.0000000E+0	1.0000000E+2	0.0000000E+0
1.6884100E+2	6.2255486E+1	6.0884097E+1	0.0000000E+0	0.0000000E+0	1.0000000E+2	0.0000000E+0
1.6889100E+2	6.2204972E+1	6.0886467E+1	0.0000000E+0	0.0000000E+0	1.0000000E+2	0.0000000E+0
1.6894100E+2	6.2187408E+1	6.0881358E+1	0.0000000E+0	0.0000000E+0	1.0000000E+2	0.0000000E+0
1.6899100E+2	6.2194161E+1	6.0877157E+1	0.0000000E+0	0.0000000E+0	1.0000000E+2	0.0000000E+0
1.6904100E+2	6.2208895E+1	6.0879571E+1	0.0000000E+0	0.0000000E+0	1.0000000E+2	0.0000000E+0
1.6909100E+2	6.2211075E+1	6.0882154E+1	0.0000000E+0	0.0000000E+0	1.0000000E+2	0.0000000E+0
1.6914100E+2	6.2221150E+1	6.0886953E+1	0.0000000E+0	0.0000000E+0	1.0000000E+2	0.0000000E+0
1.6919100E+2	6.2212872E+1	6.0890824E+1	0.0000000E+0	0.0000000E+0	1.0000000E+2	0.0000000E+0
1.6924100E+2	6.2198391E+1	6.0893391E+1	0.0000000E+0	0.0000000E+0	1.0000000E+2	0.0000000E+0
1.6929100E+2	6.2197589E+1	6.0884871E+1	0.0000000E+0	0.0000000E+0	1.0000000E+2	0.0000000E+0
1.6934100E+2	6.2180953E+1	6.0887296E+1	0.0000000E+0	0.0000000E+0	1.0000000E+2	0.0000000E+0
1.6939100E+2	6.2189192E+1	6.0899149E+1	0.0000000E+0	0.0000000E+0	1.0000000E+2	0.0000000E+0
1.6944100E+2	6.2177186E+1	6.0880128E+1	0.0000000E+0	0.0000000E+0	1.0000000E+2	0.0000000E+0
1.6949100E+2	6.2184393E+1	6.0905768E+1	0.0000000E+0	0.0000000E+0	1.0000000E+2	0.0000000E+0
1.6954100E+2	6.2155841E+1	6.0912150E+1	0.0000000E+0	0.0000000E+0	1.0000000E+2	0.0000000E+0
1.6959100E+2	6.2112046E+1	6.0917505E+1	0.0000000E+0	0.0000000E+0	1.0000000E+2	0.0000000E+0
1.6964100E+2	6.2085314E+1	6.0906394E+1	0.0000000E+0	0.0000000E+0	1.0000000E+2	0.0000000E+0
1.6969100E+2	6.2056954E+1	6.0895348E+1	0.0000000E+0	0.0000000E+0	1.0000000E+2	0.0000000E+0
1.6974100E+2	6.2041874E+1	6.0894869E+1	0.0000000E+0	0.0000000E+0	1.0000000E+2	0.0000000E+0
1.6979100E+2	6.2027207E+1	6.0898623E+1	0.0000000E+0	0.0000000E+0	1.0000000E+2	0.0000000E+0
1.6984100E+2	6.2001895E+1	6.0886220E+1	0.0000000E+0	0.0000000E+0	1.0000000E+2	0.0000000E+0
1.6989100E+2	6.1991389E+1	6.0882472E+1	0.0000000E+0	0.0000000E+0	1.0000000E+2	0.0000000E+0
1.6994300E+2	6.1999262E+1	6.0876520E+1	0.0000000E+0	0.0000000E+0	1.0000000E+2	0.0000000E+0
1.6999300E+2	6.2028377E+1	6.0914485E+1	0.0000000E+0	0.0000000E+0	1.0000000E+2	0.0000000E+0
1.7004300E+2	6.2010178E+1	6.0902020E+1	0.0000000E+0	0.0000000E+0	1.0000000E+2	0.0000000E+0
1.7009300E+2	6.2029941E+1	6.0900161E+1	0.0000000E+0	0.0000000E+0	1.0000000E+2	0.0000000E+0
1.7014300E+2	6.2009091E+1	6.0889136E+1	0.0000000E+0	0.0000000E+0	1.0000000E+2	0.0000000E+0
1.7019300E+2	6.2035465E+1	6.0895328E+1	0.0000000E+0	0.0000000E+0	1.0000000E+2	0.0000000E+0
1.7024300E+2	6.2053939E+1	6.0894183E+1	0.0000000E+0	0.0000000E+0	1.0000000E+2	0.0000000E+0
1.7029300E+2	6.2047180E+1	6.0890498E+1	0.0000000E+0	0.0000000E+0	1.0000000E+2	0.0000000E+0
1.7034300E+2	6.2052588E+1	6.0901123E+1	0.0000000E+0	0.0000000E+0	1.0000000E+2	0.0000000E+0
1.7039300E+2	6.2043850E+1	6.0916084E+1	0.0000000E+0	0.0000000E+0	1.0000000E+2	0.0000000E+0
1.7044300E+2	6.1992520E+1	6.0904455E+1	0.0000000E+0	0.0000000E+0	1.0000000E+2	0.0000000E+0
1.7049300E+2	6.1944434E+1	6.0906138E+1	0.0000000E+0	0.0000000E+0	1.0000000E+2	0.0000000E+0
1.7054300E+2	6.1960005E+1	6.0901779E+1	0.0000000E+0	0.0000000E+0	1.0000000E+2	0.0000000E+0
1.7059300E+2	6.1957244E+1	6.0906724E+1	0.0000000E+0	0.0000000E+0	1.0000000E+2	0.0000000E+0
1.7064300E+2	6.1948638E+1	6.0906616E+1	0.0000000E+0	0.0000000E+0	1.0000000E+2	0.0000000E+0
1.7069300E+2	6.1939527E+1	6.0905581E+1	0.0000000E+0	0.0000000E+0	1.0000000E+2	0.0000000E+0
1.7074300E+2	6.1928030E+1	6.0905177E+1	0.0000000E+0	0.0000000E+0	1.0000000E+2	0.0000000E+0
1.7079300E+2	6.1925995E+1	6.0906941E+1	0.0000000E+0	0.0000000E+0	1.0000000E+2	0.0000000E+0
1.7084300E+2	6.1923641E+1	6.0891019E+1	0.0000000E+0	0.0000000E+0	1.0000000E+2	0.0000000E+0
1.7089300E+2	6.1932875E+1	6.0896832E+1	0.0000000E+0	0.0000000E+0	1.0000000E+2	0.0000000E+0
1.7094300E+2	6.1945381E+1	6.0903510E+1	0.0000000E+0	0.0000000E+0	1.0000000E+2	0.0000000E+0
1.7099300E+2	6.1937875E+1	6.0913628E+1	0.0000000E+0	0.0000000E+0	1.0000000E+2	0.0000000E+0
1.7104300E+2	6.1953236E+1	6.0926625E+1	0.0000000E+0	0.0000000E+0	1.0000000E+2	0.0000000E+0
1.7109300E+2	6.1933584E+1	6.0916167E+1	0.0000000E+0	0.0000000E+0	1.0000000E+2	0.0000000E+0
1.7114300E+2	6.1935628E+1	6.0931229E+1	0.0000000E+0	0.0000000E+0	1.0000000E+2	0.0000000E+0
1.7119300E+2	6.1923478E+1	6.0915919E+1	0.0000000E+0	0.0000000E+0	1.0000000E+2	0.0000000E+0
1.7124300E+2	6.1926290E+1	6.0919465E+1	0.0000000E+0	0.0000000E+0	1.0000000E+2	0.0000000E+0
1.7129300E+2	6.1908966E+1	6.0907404E+1	0.0000000E+0	0.0000000E+0	1.0000000E+2	0.0000000E+0
1.7134300E+2	6.1903477E+1	6.0921665E+1	0.0000000E+0	0.0000000E+0	1.0000000E+2	0.0000000E+0
1.7139300E+2	6.1884764E+1	6.0895375E+1	0.0000000E+0	0.0000000E+0	1.0000000E+2	0.0000000E+0
1.7144300E+2	6.1886467E+1	6.0922519E+1	0.0000000E+0	0.0000000E+0	1.0000000E+2	0.0000000E+0
1.7149300E+2	6.1822366E+1	6.0916891E+1	0.0000000E+0	0.0000000E+0	1.0000000E+2	0.0000000E+0
1.7154300E+2	6.1778261E+1	6.0900898E+1	0.0000000E+0	0.0000000E+0	1.0000000E+2	0.0000000E+0
1.7159400E+2	6.1770177E+1	6.0894854E+1	0.0000000E+0	0.0000000E+0	1.0000000E+2	0.0000000E+0
1.7164400E+2	6.1766966E+1	6.0887208E+1	0.0000000E+0	0.0000000E+0	1.0000000E+2	0.0000000E+0
1.7169500E+2	6.1769401E+1	6.0891577E+1	0.0000000E+0	0.0000000E+0	1.0000000E+2	0.0000000E+0
1.7174500E+2	6.1765006E+1	6.0904028E+1	0.0000000E+0	0.0000000E+0	1.0000000E+2	0.0000000E+0
1.7179500E+2	6.1766542E+1	6.0903396E+1	0.0000000E+0	0.0000000E+0	1.0000000E+2	0.0000000E+0
1.7184500E+2	6.1768644E+1	6.0911045E+1	0.0000000E+0	0.0000000E+0	1.0000000E+2	0.0000000E+0
1.7189500E+2	6.1762357E+1	6.0894156E+1	0.0000000E+0	0.0000000E+0	1.0000000E+2	0.0000000E+0
1.7194600E+2	6.1767189E+1	6.0904803E+1	0.0000000E+0	0.0000000E+0	1.0000000E+2	0.0000000E+0
1.7199700E+2	6.1775717E+1	6.0909466E+1	0.0000000E+0	0.0000000E+0	1.0000000E+2	0.0000000E+0
1.7204700E+2	6.1798918E+1	6.0921380E+1	0.0000000E+0	0.0000000E+0	1.0000000E+2	0.0000000E+0
1.7209700E+2	6.1824283E+1	6.0934497E+1	0.0000000E+0	0.0000000E+0	1.0000000E+2	0.0000000E+0
1.7214700E+2	6.1812335E+1	6.0932061E+1	0.0000000E+0	0.0000000E+0	1.0000000E+2	0.0000000E+0
1.7219700E+2	6.1791928E+1	6.0925591E+1	0.0000000E+0	0.0000000E+0	1.0000000E+2	0.0000000E+0
1.7224700E+2	6.1748277E+1	6.0922804E+1	0.0000000E+0	0.0000000E+0	1.0000000E+2	0.0000000E+0
1.7229700E+2	6.1723186E+1	6.0925246E+1	0.0000000E+0	0.0000000E+0	1.0000000E+2	0.0000000E+0
1.7234800E+2	6.1707354E+1	6.0904728E+1	0.0000000E+0	0.0000000E+0	1.0000000E+2	0.0000000E+0
1.7239800E+2	6.1710580E+1	6.0911915E+1	0.0000000E+0	0.0000000E+0	1.0000000E+2	0.0000000E+0
1.7244800E+2	6.1704222E+1	6.0916033E+1	0.0000000E+0	0.0000000E+0	1.0000000E+2	0.0000000E+0
1.7249900E+2	6.1697423E+1	6.0906698E+1	0.0000000E+0	0.0000000E+0	1.0000000E+2	0.0000000E+0
1.7254900E+2	6.1704798E+1	6.0919723E+1	0.0000000E+0	0.0000000E+0	1.0000000E+2	0.0000000E+0
1.7259900E+2	6.1717490E+1	6.0915881E+1	0.0000000E+0	0.0000000E+0	1.0000000E+2	0.0000000E+0
1.7264900E+2	6.1720508E+1	6.0922433E+1	0.0000000E+0	0.0000000E+0	1.0000000E+2	0.0000000E+0
1.7269900E+2	6.1705855E+1	6.0912451E+1	0.0000000E+0	0.0000000E+0	1.0000000E+2	0.0000000E+0
1.7274900E+2	6.1716176E+1	6.0922001E+1	0.0000000E+0	0.0000000E+0	1.0000000E+2	0.0000000E+0
1.7279900E+2	6.1708589E+1	6.0911182E+1	0.0000000E+0	0.0000000E+0	1.0000000E+2	0.0000000E+0
1.7284900E+2	6.1726307E+1	6.0926116E+1	0.0000000E+0	0.0000000E+0	1.0000000E+2	0.0000000E+0
1.7289900E+2	6.1732250E+1	6.0928914E+1	0.0000000E+0	0.0000000E+0	1.0000000E+2	0.0000000E+0
1.7294900E+2	6.1724923E+1	6.0937723E+1	0.0000000E+0	0.0000000E+0	1.0000000E+2	0.0000000E+0
1.7299900E+2	6.1731375E+1	6.0932132E+1	0.0000000E+0	0.0000000E+0	1.0000000E+2	0.0000000E+0
1.7304900E+2	6.1699148E+1	6.0932443E+1	0.0000000E+0	0.0000000E+0	1.0000000E+2	0.0000000E+0
1.7309900E+2	6.1677586E+1	6.0924384E+1	0.0000000E+0	0.0000000E+0	1.0000000E+2	0.0000000E+0
1.7314900E+2	6.1672865E+1	6.0937379E+1	0.0000000E+0	0.0000000E+0	1.0000000E+2	0.0000000E+0
1.7319900E+2	6.1692759E+1	6.0929637E+1	0.0000000E+0	0.0000000E+0	1.0000000E+2	0.0000000E+0
1.7324900E+2	6.1684298E+1	6.0931759E+1	0.0000000E+0	0.0000000E+0	1.0000000E+2	0.0000000E+0
1.7330000E+2	6.1693514E+1	6.0936965E+1	0.0000000E+0	0.0000000E+0	1.0000000E+2	0.0000000E+0
1.7335000E+2	6.1688466E+1	6.0914225E+1	0.0000000E+0	0.0000000E+0	1.0000000E+2	0.0000000E+0
1.7340100E+2	6.1683967E+1	6.0902176E+1	0.0000000E+0	0.0000000E+0	1.0000000E+2	0.0000000E+0
1.7345100E+2	6.1688429E+1	6.0928053E+1	0.0000000E+0	0.0000000E+0	1.0000000E+2	0.0000000E+0
1.7350100E+2	6.1695506E+1	6.0929117E+1	0.0000000E+0	0.0000000E+0	1.0000000E+2	0.0000000E+0
1.7355100E+2	6.1703973E+1	6.0935285E+1	0.0000000E+0	0.0000000E+0	1.0000000E+2	0.0000000E+0
1.7360100E+2	6.1697960E+1	6.0934682E+1	0.0000000E+0	0.0000000E+0	1.0000000E+2	0.0000000E+0
1.7365100E+2	6.1692100E+1	6.0933498E+1	0.0000000E+0	0.0000000E+0	1.0000000E+2	0.0000000E+0
1.7370100E+2	6.1721251E+1	6.0957549E+1	0.0000000E+0	0.0000000E+0	1.0000000E+2	0.0000000E+0
1.7375100E+2	6.1716846E+1	6.0952699E+1	0.0000000E+0	0.0000000E+0	1.0000000E+2	0.0000000E+0
1.7380100E+2	6.1706967E+1	6.0955419E+1	0.0000000E+0	0.0000000E+0	1.0000000E+2	0.0000000E+0
1.7385100E+2	6.1659669E+1	6.0952019E+1	0.0000000E+0	0.0000000E+0	1.0000000E+2	0.0000000E+0
1.7390100E+2	6.1631709E+1	6.0942831E+1	0.0000000E+0	0.0000000E+0	1.0000000E+2	0.0000000E+0
1.7395100E+2	6.1633512E+1	6.0937994E+1	0.0000000E+0	0.0000000E+0	1.0000000E+2	0.0000000E+0
1.7400100E+2	6.1649394E+1	6.0945064E+1	0.0000000E+0	0.0000000E+0	1.0000000E+2	0.0000000E+0
1.7405100E+2	6.1645915E+1	6.0939895E+1	0.0000000E+0	0.0000000E+0	1.0000000E+2	0.0000000E+0
1.7410100E+2	6.1639703E+1	6.0957724E+1	0.0000000E+0	0.0000000E+0	1.0000000E+2	0.0000000E+0
1.7415100E+2	6.1627585E+1	6.0955943E+1	0.0000000E+0	0.0000000E+0	1.0000000E+2	0.0000000E+0
1.7420100E+2	6.1643874E+1	6.0954767E+1	0.0000000E+0	0.0000000E+0	1.0000000E+2	0.0000000E+0
1.7425100E+2	6.1644793E+1	6.0956110E+1	0.0000000E+0	0.0000000E+0	1.0000000E+2	0.0000000E+0
1.7430100E+2	6.1663228E+1	6.0956635E+1	0.0000000E+0	0.0000000E+0	1.0000000E+2	0.0000000E+0
1.7435100E+2	6.1676169E+1	6.0968604E+1	0.0000000E+0	0.0000000E+0	1.0000000E+2	0.0000000E+0
1.7440100E+2	6.1685235E+1	6.0971022E+1	0.0000000E+0	0.0000000E+0	1.0000000E+2	0.0000000E+0
1.7445200E+2	6.1685232E+1	6.0960631E+1	0.0000000E+0	0.0000000E+0	1.0000000E+2	0.0000000E+0
1.7450300E+2	6.1678109E+1	6.0950101E+1	0.0000000E+0	0.0000000E+0	1.0000000E+2	0.0000000E+0
1.7455300E+2	6.1677333E+1	6.0941509E+1	0.0000000E+0	0.0000000E+0	1.0000000E+2	0.0000000E+0
1.7460300E+2	6.1688435E+1	6.0955063E+1	0.0000000E+0	0.0000000E+0	1.0000000E+2	0.0000000E+0
1.7465300E+2	6.1681225E+1	6.0954426E+1	0.0000000E+0	0.0000000E+0	1.0000000E+2	0.0000000E+0
1.7470400E+2	6.1661568E+1	6.0964389E+1	0.0000000E+0	0.0000000E+0	1.0000000E+2	0.0000000E+0
1.7475400E+2	6.1634180E+1	6.0961059E+1	0.0000000E+0	0.0000000E+0	1.0000000E+2	0.0000000E+0
1.7480400E+2	6.1630466E+1	6.0957829E+1	0.0000000E+0	0.0000000E+0	1.0000000E+2	0.0000000E+0
1.7485400E+2	6.1631068E+1	6.0943292E+1	0.0000000E+0	0.0000000E+0	1.0000000E+2	0.0000000E+0
1.7490500E+2	6.1640193E+1	6.0946455E+1	0.0000000E+0	0.0000000E+0	1.0000000E+2	0.0000000E+0
1.7495500E+2	6.1640310E+1	6.0953449E+1	0.0000000E+0	0.0000000E+0	1.0000000E+2	0.0000000E+0
1.7500500E+2	6.1644396E+1	6.0943251E+1	0.0000000E+0	0.0000000E+0	1.0000000E+2	0.0000000E+0
1.7505500E+2	6.1632674E+1	6.0947223E+1	0.0000000E+0	0.0000000E+0	1.0000000E+2	0.0000000E+0
1.7510500E+2	6.1607783E+1	6.0945821E+1	0.0000000E+0	0.0000000E+0	1.0000000E+2	0.0000000E+0
1.7515600E+2	6.1631988E+1	6.0943690E+1	0.0000000E+0	0.0000000E+0	1.0000000E+2	0.0000000E+0
1.7520600E+2	6.1654304E+1	6.0957250E+1	0.0000000E+0	0.0000000E+0	1.0000000E+2	0.0000000E+0
1.7525700E+2	6.1657848E+1	6.0965201E+1	0.0000000E+0	0.0000000E+0	1.0000000E+2	0.0000000E+0
1.7530700E+2	6.1680444E+1	6.0979217E+1	0.0000000E+0	0.0000000E+0	1.0000000E+2	0.0000000E+0
1.7535700E+2	6.1662963E+1	6.0956969E+1	0.0000000E+0	0.0000000E+0	1.0000000E+2	0.0000000E+0
1.7540700E+2	6.1617285E+1	6.0963202E+1	0.0000000E+0	0.0000000E+0	1.0000000E+2	0.0000000E+0
1.7545800E+2	6.1569607E+1	6.0952069E+1	0.0000000E+0	0.0000000E+0	1.0000000E+2	0.0000000E+0
1.7550900E+2	6.1554680E+1	6.0934942E+1	0.0000000E+0	0.0000000E+0	1.0000000E+2	0.0000000E+0
1.7555900E+2	6.1563476E+1	6.0940743E+1	0.0000000E+0	0.0000000E+0	1.0000000E+2	0.0000000E+0
1.7560900E+2	6.1553486E+1	6.0930513E+1	0.0000000E+0	0.0000000E+0	1.0000000E+2	0.0000000E+0
1.7565900E+2	6.1541804E+1	6.0930664E+1	0.0000000E+0	0.0000000E+0	1.0000000E+2	0.0000000E+0
1.7570900E+2	6.1547183E+1	6.0942772E+1	0.0000000E+0	0.0000000E+0	1.0000000E+2	0.0000000E+0
1.7575900E+2	6.1550852E+1	6.0954963E+1	0.0000000E+0	0.0000000E+0	1.0000000E+2	0.0000000E+0
1.7580900E+2	6.1559093E+1	6.0966071E+1	0.0000000E+0	0.0000000E+0	1.0000000E+2	0.0000000E+0
1.7585900E+2	6.1503044E+1	6.0959560E+1	0.0000000E+0	0.0000000E+0	1.0000000E+2	0.0000000E+0
1.7590900E+2	6.1490343E+1	6.0955211E+1	0.0000000E+0	0.0000000E+0	1.0000000E+2	0.0000000E+0
1.7595900E+2	6.1458152E+1	6.0954664E+1	0.0000000E+0	0.0000000E+0	1.0000000E+2	0.0000000E+0
1.7600900E+2	6.1453945E+1	6.0953468E+1	0.0000000E+0	0.0000000E+0	1.0000000E+2	0.0000000E+0
1.7605900E+2	6.1434226E+1	6.0964139E+1	0.0000000E+0	0.0000000E+0	1.0000000E+2	0.0000000E+0
1.7610900E+2	6.1408878E+1	6.0949774E+1	0.0000000E+0	0.0000000E+0	1.0000000E+2	0.0000000E+0
1.7616000E+2	6.1391130E+1	6.0940691E+1	0.0000000E+0	0.0000000E+0	1.0000000E+2	0.0000000E+0
1.7621000E+2	6.1320712E+1	6.0938723E+1	0.0000000E+0	0.0000000E+0	1.0000000E+2	0.0000000E+0
1.7626000E+2	6.1255299E+1	6.0905506E+1	0.0000000E+0	0.0000000E+0	1.0000000E+2	0.0000000E+0
1.7631100E+2	6.1205487E+1	6.0879345E+1	0.0000000E+0	0.0000000E+0	1.0000000E+2	0.0000000E+0
1.7636100E+2	6.1201072E+1	6.0881491E+1	0.0000000E+0	0.0000000E+0	1.0000000E+2	0.0000000E+0
1.7641100E+2	6.1216134E+1	6.0892345E+1	0.0000000E+0	0.0000000E+0	1.0000000E+2	0.0000000E+0
1.7646100E+2	6.1201554E+1	6.0908970E+1	0.0000000E+0	0.0000000E+0	1.0000000E+2	0.0000000E+0
1.7651100E+2	6.1186732E+1	6.0899763E+1	0.0000000E+0	0.0000000E+0	1.0000000E+2	0.0000000E+0
1.7656100E+2	6.1175522E+1	6.0906832E+1	0.0000000E+0	0.0000000E+0	1.0000000E+2	0.0000000E+0
1.7661100E+2	6.1164023E+1	6.0908436E+1	0.0000000E+0	0.0000000E+0	1.0000000E+2	0.0000000E+0
1.7666100E+2	6.1134191E+1	6.0892062E+1	0.0000000E+0	0.0000000E+0	1.0000000E+2	0.0000000E+0
1.7671100E+2	6.1142627E+1	6.0901198E+1	0.0000000E+0	0.0000000E+0	1.0000000E+2	0.0000000E+0
1.7676100E+2	6.1142114E+1	6.0899045E+1	0.0000000E+0	0.0000000E+0	1.0000000E+2	0.0000000E+0
1.7681100E+2	6.1142241E+1	6.0893336E+1	0.0000000E+0	0.0000000E+0	1.0000000E+2	0.0000000E+0
1.7686100E+2	6.1150805E+1	6.0898336E+1	0.0000000E+0	0.0000000E+0	1.0000000E+2	0.0000000E+0
1.7691100E+2	6.1140738E+1	6.0875135E+1	0.0000000E+0	0.0000000E+0	1.0000000E+2	0.0000000E+0
1.7696200E+2	6.1161220E+1	6.0888585E+1	0.0000000E+0	0.0000000E+0	1.0000000E+2	0.0000000E+0
1.7701200E+2	6.1122261E+1	6.0887456E+1	0.0000000E+0	0.0000000E+0	1.0000000E+2	0.0000000E+0
1.7706300E+2	6.1082911E+1	6.0895590E+1	0.0000000E+0	0.0000000E+0	1.0000000E+2	0.0000000E+0
1.7711300E+2	6.1073998E+1	6.0889536E+1	0.0000000E+0	0.0000000E+0	1.0000000E+2	0.0000000E+0
1.7716300E+2	6.1093602E+1	6.0891422E+1	0.0000000E+0	0.0000000E+0	1.0000000E+2	0.0000000E+0
1.7721300E+2	6.1081596E+1	6.0899722E+1	0.0000000E+0	0.0000000E+0	1.0000000E+2	0.0000000E+0
1.7726300E+2	6.1062813E+1	6.0888790E+1	0.0000000E+0	0.0000000E+0	1.0000000E+2	0.0000000E+0
1.7731300E+2	6.1039947E+1	6.0886046E+1	0.0000000E+0	0.0000000E+0	1.0000000E+2	0.0000000E+0
1.7736300E+2	6.1028205E+1	6.0881325E+1	0.0000000E+0	0.0000000E+0	1.0000000E+2	0.0000000E+0
1.7741300E+2	6.1024320E+1	6.0891290E+1	0.0000000E+0	0.0000000E+0	1.0000000E+2	0.0000000E+0
1.7746300E+2	6.1042689E+1	6.0892334E+1	0.0000000E+0	0.0000000E+0	1.0000000E+2	0.0000000E+0
1.7751300E+2	6.1049795E+1	6.0908292E+1	0.0000000E+0	0.0000000E+0	1.0000000E+2	0.0000000E+0
1.7756300E+2	6.1062929E+1	6.0920784E+1	0.0000000E+0	0.0000000E+0	1.0000000E+2	0.0000000E+0
1.7761300E+2	6.1069628E+1	6.0930724E+1	0.0000000E+0	0.0000000E+0	1.0000000E+2	0.0000000E+0
1.7766400E+2	6.1066821E+1	6.0922463E+1	0.0000000E+0	0.0000000E+0	1.0000000E+2	0.0000000E+0
1.7771400E+2	6.1068926E+1	6.0934115E+1	0.0000000E+0	0.0000000E+0	1.0000000E+2	0.0000000E+0
1.7776400E+2	6.1048724E+1	6.0939011E+1	0.0000000E+0	0.0000000E+0	1.0000000E+2	0.0000000E+0
1.7781400E+2	6.0996057E+1	6.0936833E+1	0.0000000E+0	0.0000000E+0	1.0000000E+2	0.0000000E+0
1.7786400E+2	6.0978046E+1	6.0927693E+1	0.0000000E+0	0.0000000E+0	1.0000000E+2	0.0000000E+0
1.7791400E+2	6.0965705E+1	6.0924389E+1	0.0000000E+0	0.0000000E+0	1.0000000E+2	0.0000000E+0
1.7796400E+2	6.0996929E+1	6.0945283E+1	0.0000000E+0	0.0000000E+0	1.0000000E+2	0.0000000E+0
1.7801400E+2	6.0976820E+1	6.0954367E+1	0.0000000E+0	0.0000000E+0	1.0000000E+2	0.0000000E+0
1.7806400E+2	6.0984625E+1	6.0955088E+1	0.0000000E+0	0.0000000E+0	1.0000000E+2	0.0000000E+0
1.7811400E+2	6.0962410E+1	6.0935155E+1	0.0000000E+0	0.0000000E+0	1.0000000E+2	0.0000000E+0
1.7816400E+2	6.0960374E+1	6.0935032E+1	0.0000000E+0	0.0000000E+0	1.0000000E+2	0.0000000E+0
1.7821400E+2	6.0971968E+1	6.0934360E+1	0.0000000E+0	0.0000000E+0	1.0000000E+2	0.0000000E+0
1.7826400E+2	6.0966764E+1	6.0951284E+1	0.0000000E+0	0.0000000E+0	1.0000000E+2	0.0000000E+0
1.7831500E+2	6.0939731E+1	6.0956113E+1	0.0000000E+0	0.0000000E+0	1.0000000E+2	0.0000000E+0
1.7836600E+2	6.0927210E+1	6.0938046E+1	0.0000000E+0	0.0000000E+0	1.0000000E+2	0.0000000E+0
1.7841600E+2	6.0905121E+1	6.0925626E+1	0.0000000E+0	0.0000000E+0	1.0000000E+2	0.0000000E+0
1.7846600E+2	6.0875803E+1	6.0938891E+1	0.0000000E+0	0.0000000E+0	1.0000000E+2	0.0000000E+0
1.7851700E+2	6.0842774E+1	6.0922538E+1	0.0000000E+0	0.0000000E+0	1.0000000E+2	0.0000000E+0
1.7856800E+2	6.0836748E+1	6.0939910E+1	0.0000000E+0	0.0000000E+0	1.0000000E+2	0.0000000E+0
1.7861900E+2	6.0837909E+1	6.0947882E+1	0.0000000E+0	0.0000000E+0	1.0000000E+2	0.0000000E+0
1.7866900E+2	6.0837638E+1	6.0947891E+1	0.0000000E+0	0.0000000E+0	1.0000000E+2	0.0000000E+0
1.7871900E+2	6.0823375E+1	6.0931770E+1	0.0000000E+0	0.0000000E+0	1.0000000E+2	0.0000000E+0
1.7877000E+2	6.0835499E+1	6.0955780E+1	0.0000000E+0	0.0000000E+0	1.0000000E+2	0.0000000E+0
1.7882000E+2	6.0829280E+1	6.0954553E+1	0.0000000E+0	0.0000000E+0	1.0000000E+2	0.0000000E+0
1.7887000E+2	6.0825938E+1	6.0950992E+1	0.0000000E+0	0.0000000E+0	1.0000000E+2	0.0000000E+0
1.7892000E+2	6.0840527E+1	6.0954641E+1	0.0000000E+0	0.0000000E+0	1.0000000E+2	0.0000000E+0
1.7897000E+2	6.0863447E+1	6.0974070E+1	0.0000000E+0	0.0000000E+0	1.0000000E+2	0.0000000E+0
1.7902000E+2	6.0850379E+1	6.0953814E+1	0.0000000E+0	0.0000000E+0	1.0000000E+2	0.0000000E+0
1.7907000E+2	6.0859604E+1	6.0960351E+1	0.0000000E+0	0.0000000E+0	1.0000000E+2	0.0000000E+0
1.7912000E+2	6.0831553E+1	6.0947007E+1	0.0000000E+0	0.0000000E+0	1.0000000E+2	0.0000000E+0
1.7917000E+2	6.0817366E+1	6.0934889E+1	0.0000000E+0	0.0000000E+0	1.0000000E+2	0.0000000E+0
1.7922000E+2	6.0776819E+1	6.0925490E+1	0.0000000E+0	0.0000000E+0	1.0000000E+2	0.0000000E+0
1.7927000E+2	6.0757598E+1	6.0913613E+1	0.0000000E+0	0.0000000E+0	1.0000000E+2	0.0000000E+0
1.7932000E+2	6.0779026E+1	6.0913082E+1	0.0000000E+0	0.0000000E+0	1.0000000E+2	0.0000000E+0
1.7937000E+2	6.0816034E+1	6.0934386E+1	0.0000000E+0	0.0000000E+0	1.0000000E+2	0.0000000E+0
1.7942000E+2	6.0828491E+1	6.0943929E+1	0.0000000E+0	0.0000000E+0	1.0000000E+2	0.0000000E+0
1.7947000E+2	6.0819790E+1	6.0949456E+1	0.0000000E+0	0.0000000E+0	1.0000000E+2	0.0000000E+0
1.7952000E+2	6.0815145E+1	6.0937783E+1	0.0000000E+0	0.0000000E+0	1.0000000E+2	0.0000000E+0
1.7957000E+2	6.0810237E+1	6.0936388E+1	0.0000000E+0	0.0000000E+0	1.0000000E+2	0.0000000E+0
1.7962100E+2	6.0827207E+1	6.0941255E+1	0.0000000E+0	0.0000000E+0	1.0000000E+2	0.0000000E+0
1.7967100E+2	6.0827515E+1	6.0943847E+1	0.0000000E+0	0.0000000E+0	1.0000000E+2	0.0000000E+0
1.7972100E+2	6.0843950E+1	6.0957146E+1	0.0000000E+0	0.0000000E+0	1.0000000E+2	0.0000000E+0
1.7977100E+2	6.0842179E+1	6.0946060E+1	0.0000000E+0	0.0000000E+0	1.0000000E+2	0.0000000E+0
1.7982100E+2	6.0870161E+1	6.0950052E+1	0.0000000E+0	0.0000000E+0	1.0000000E+2	0.0000000E+0
1.7987100E+2	6.0868404E+1	6.0939824E+1	0.0000000E+0	0.0000000E+0	1.0000000E+2	0.0000000E+0
1.7992200E+2	6.0872963E+1	6.0948062E+1	0.0000000E+0	0.0000000E+0	1.0000000E+2	0.0000000E+0
1.7997300E+2	6.0838967E+1	6.0939519E+1	0.0000000E+0	0.0000000E+0	1.0000000E+2	0.0000000E+0
1.8002300E+2	6.0847468E+1	6.0941446E+1	0.0000000E+0	0.0000000E+0	1.0000000E+2	0.0000000E+0
1.8007300E+2	6.0870262E+1	6.0941910E+1	0.0000000E+0	0.0000000E+0	1.0000000E+2	0.0000000E+0
1.8012300E+2	6.0900477E+1	6.0953161E+1	0.0000000E+0	0.0000000E+0	1.0000000E+2	0.0000000E+0
1.8017400E+2	6.0916224E+1	6.0950022E+1	0.0000000E+0	0.0000000E+0	1.0000000E+2	0.0000000E+0
1.8022400E+2	6.0926291E+1	6.0956015E+1	0.0000000E+0	0.0000000E+0	1.0000000E+2	0.0000000E+0
1.8027400E+2	6.0958295E+1	6.0953653E+1	0.0000000E+0	0.0000000E+0	1.0000000E+2	0.0000000E+0
1.8032500E+2	6.0970259E+1	6.0961126E+1	0.0000000E+0	0.0000000E+0	1.0000000E+2	0.0000000E+0
1.8037600E+2	6.1000633E+1	6.0971077E+1	0.0000000E+0	0.0000000E+0	1.0000000E+2	0.0000000E+0
1.8042600E+2	6.1013037E+1	6.0980953E+1	0.0000000E+0	0.0000000E+0	1.0000000E+2	0.0000000E+0
1.8047600E+2	6.1025889E+1	6.0965046E+1	0.0000000E+0	0.0000000E+0	1.0000000E+2	0.0000000E+0
1.8052600E+2	6.1057612E+1	6.0986159E+1	0.0000000E+0	0.0000000E+0	1.0000000E+2	0.0000000E+0
1.8057600E+2	6.1074872E+1	6.0984753E+1	0.0000000E+0	0.0000000E+0	1.0000000E+2	0.0000000E+0
1.8062600E+2	6.1058315E+1	6.0970174E+1	0.0000000E+0	0.0000000E+0	1.0000000E+2	0.0000000E+0
1.8067600E+2	6.1079143E+1	6.0970415E+1	0.0000000E+0	0.0000000E+0	1.0000000E+2	0.0000000E+0
1.8072600E+2	6.1073689E+1	6.0970635E+1	0.0000000E+0	0.0000000E+0	1.0000000E+2	0.0000000E+0
1.8077600E+2	6.1042075E+1	6.0958881E+1	0.0000000E+0	0.0000000E+0	1.0000000E+2	0.0000000E+0
1.8082600E+2	6.1075453E+1	6.0979340E+1	0.0000000E+0	0.0000000E+0	1.0000000E+2	0.0000000E+0
1.8087600E+2	6.1110565E+1	6.0988168E+1	0.0000000E+0	0.0000000E+0	1.0000000E+2	0.0000000E+0
1.8092600E+2	6.1130595E+1	6.0983003E+1	0.0000000E+0	0.0000000E+0	1.0000000E+2	0.0000000E+0
1.8097600E+2	6.1159955E+1	6.0973860E+1	0.0000000E+0	0.0000000E+0	1.0000000E+2	0.0000000E+0
1.8102700E+2	6.1180645E+1	6.0973586E+1	0.0000000E+0	0.0000000E+0	1.0000000E+2	0.0000000E+0
1.8107700E+2	6.1178186E+1	6.0960661E+1	0.0000000E+0	0.0000000E+0	1.0000000E+2	0.0000000E+0
1.8112700E+2	6.1205626E+1	6.0959929E+1	0.0000000E+0	0.0000000E+0	1.0000000E+2	0.0000000E+0
1.8117800E+2	6.1234482E+1	6.0956380E+1	0.0000000E+0	0.0000000E+0	1.0000000E+2	0.0000000E+0
1.8122800E+2	6.1246101E+1	6.0961983E+1	0.0000000E+0	0.0000000E+0	1.0000000E+2	0.0000000E+0
1.8127800E+2	6.1267871E+1	6.0957690E+1	0.0000000E+0	0.0000000E+0	1.0000000E+2	0.0000000E+0
1.8132800E+2	6.1302669E+1	6.0971262E+1	0.0000000E+0	0.0000000E+0	1.0000000E+2	0.0000000E+0
1.8137800E+2	6.1310150E+1	6.0968042E+1	0.0000000E+0	0.0000000E+0	1.0000000E+2	0.0000000E+0
1.8142800E+2	6.1283583E+1	6.0971136E+1	0.0000000E+0	0.0000000E+0	1.0000000E+2	0.0000000E+0
1.8147900E+2	6.1298253E+1	6.0978513E+1	0.0000000E+0	0.0000000E+0	1.0000000E+2	0.0000000E+0
1.8152900E+2	6.1323299E+1	6.0987375E+1	0.0000000E+0	0.0000000E+0	1.0000000E+2	0.0000000E+0
1.8157900E+2	6.1336006E+1	6.0976413E+1	0.0000000E+0	0.0000000E+0	1.0000000E+2	0.0000000E+0
1.8163000E+2	6.1351554E+1	6.0989760E+1	0.0000000E+0	0.0000000E+0	1.0000000E+2	0.0000000E+0
1.8168100E+2	6.1385223E+1	6.0973939E+1	0.0000000E+0	0.0000000E+0	1.0000000E+2	0.0000000E+0
1.8173100E+2	6.1416359E+1	6.0995800E+1	0.0000000E+0	0.0000000E+0	1.0000000E+2	0.0000000E+0
1.8178100E+2	6.1425828E+1	6.0993456E+1	0.0000000E+0	0.0000000E+0	1.0000000E+2	0.0000000E+0
1.8183100E+2	6.1455975E+1	6.0997266E+1	0.0000000E+0	0.0000000E+0	1.0000000E+2	0.0000000E+0
1.8188100E+2	6.1479868E+1	6.1009968E+1	0.0000000E+0	0.0000000E+0	1.0000000E+2	0.0000000E+0
1.8193200E+2	6.1496579E+1	6.1007705E+1	0.0000000E+0	0.0000000E+0	1.0000000E+2	0.0000000E+0
1.8198200E+2	6.1511200E+1	6.1010831E+1	0.0000000E+0	0.0000000E+0	1.0000000E+2	0.0000000E+0
1.8203200E+2	6.1523583E+1	6.1007938E+1	0.0000000E+0	0.0000000E+0	1.0000000E+2	0.0000000E+0
1.8208200E+2	6.1532816E+1	6.1010017E+1	0.0000000E+0	0.0000000E+0	1.0000000E+2	0.0000000E+0
1.8213200E+2	6.1511228E+1	6.1002957E+1	0.0000000E+0	0.0000000E+0	1.0000000E+2	0.0000000E+0
1.8218200E+2	6.1523191E+1	6.1004563E+1	0.0000000E+0	0.0000000E+0	1.0000000E+2	0.0000000E+0
1.8223200E+2	6.1476136E+1	6.1017244E+1	0.0000000E+0	0.0000000E+0	1.0000000E+2	0.0000000E+0
1.8228300E+2	6.1463804E+1	6.1014876E+1	0.0000000E+0	0.0000000E+0	1.0000000E+2	0.0000000E+0
1.8233400E+2	6.1473102E+1	6.1015542E+1	0.0000000E+0	0.0000000E+0	1.0000000E+2	0.0000000E+0
1.8238400E+2	6.1471775E+1	6.1007296E+1	0.0000000E+0	0.0000000E+0	1.0000000E+2	0.0000000E+0
1.8243400E+2	6.1476725E+1	6.0997116E+1	0.0000000E+0	0.0000000E+0	1.0000000E+2	0.0000000E+0
1.8248400E+2	6.1479862E+1	6.1006604E+1	0.0000000E+0	0.0000000E+0	1.0000000E+2	0.0000000E+0
1.8253500E+2	6.1477115E+1	6.1008646E+1	0.0000000E+0	0.0000000E+0	1.0000000E+2	0.0000000E+0
1.8258600E+2	6.1464145E+1	6.0997851E+1	0.0000000E+0	0.0000000E+0	1.0000000E+2	0.0000000E+0
1.8263600E+2	6.1467313E+1	6.0989009E+1	0.0000000E+0	0.0000000E+0	1.0000000E+2	0.0000000E+0
1.8268700E+2	6.1483076E+1	6.1015311E+1	0.0000000E+0	0.0000000E+0	1.0000000E+2	0.0000000E+0
1.8273700E+2	6.1471179E+1	6.0994444E+1	0.0000000E+0	0.0000000E+0	1.0000000E+2	0.0000000E+0
1.8278700E+2	6.1480639E+1	6.1008220E+1	0.0000000E+0	0.0000000E+0	1.0000000E+2	0.0000000E+0
1.8283700E+2	6.1466711E+1	6.1001573E+1	0.0000000E+0	0.0000000E+0	1.0000000E+2	0.0000000E+0
1.8288700E+2	6.1464783E+1	6.1008882E+1	0.0000000E+0	0.0000000E+0	1.0000000E+2	0.0000000E+0
1.8293800E+2	6.1467317E+1	6.1006297E+1	0.0000000E+0	0.0000000E+0	1.0000000E+2	0.0000000E+0
1.8298800E+2	6.1459205E+1	6.1001663E+1	0.0000000E+0	0.0000000E+0	1.0000000E+2	0.0000000E+0
1.8303800E+2	6.1447028E+1	6.0986884E+1	0.0000000E+0	0.0000000E+0	1.0000000E+2	0.0000000E+0
1.8308800E+2	6.1425278E+1	6.0984753E+1	0.0000000E+0	0.0000000E+0	1.0000000E+2	0.0000000E+0
1.8313800E+2	6.1402267E+1	6.1002229E+1	0.0000000E+0	0.0000000E+0	1.0000000E+2	0.0000000E+0
1.8318800E+2	6.1338952E+1	6.0989861E+1	0.0000000E+0	0.0000000E+0	1.0000000E+2	0.0000000E+0
1.8323800E+2	6.1320517E+1	6.0999059E+1	0.0000000E+0	0.0000000E+0	1.0000000E+2	0.0000000E+0
1.8328800E+2	6.1292799E+1	6.0996853E+1	0.0000000E+0	0.0000000E+0	1.0000000E+2	0.0000000E+0
1.8333800E+2	6.1251688E+1	6.0995447E+1	0.0000000E+0	0.0000000E+0	1.0000000E+2	0.0000000E+0
1.8338800E+2	6.1247077E+1	6.0982856E+1	0.0000000E+0	0.0000000E+0	1.0000000E+2	0.0000000E+0
1.8343800E+2	6.1254610E+1	6.0993985E+1	0.0000000E+0	0.0000000E+0	1.0000000E+2	0.0000000E+0
1.8348800E+2	6.1250648E+1	6.0996745E+1	0.0000000E+0	0.0000000E+0	1.0000000E+2	0.0000000E+0
1.8353900E+2	6.1235414E+1	6.1002985E+1	0.0000000E+0	0.0000000E+0	1.0000000E+2	0.0000000E+0
1.8358900E+2	6.1217958E+1	6.0989035E+1	0.0000000E+0	0.0000000E+0	1.0000000E+2	0.0000000E+0
1.8363900E+2	6.1210333E+1	6.0988494E+1	0.0000000E+0	0.0000000E+0	1.0000000E+2	0.0000000E+0
1.8368900E+2	6.1223691E+1	6.0999621E+1	0.0000000E+0	0.0000000E+0	1.0000000E+2	0.0000000E+0
1.8373900E+2	6.1197533E+1	6.1005702E+1	0.0000000E+0	0.0000000E+0	1.0000000E+2	0.0000000E+0
1.8379000E+2	6.1181274E+1	6.0986155E+1	0.0000000E+0	0.0000000E+0	1.0000000E+2	0.0000000E+0
1.8384000E+2	6.1190944E+1	6.0988771E+1	0.0000000E+0	0.0000000E+0	1.0000000E+2	0.0000000E+0
1.8389000E+2	6.1177311E+1	6.0989404E+1	0.0000000E+0	0.0000000E+0	1.0000000E+2	0.0000000E+0
1.8394000E+2	6.1175261E+1	6.0974286E+1	0.0000000E+0	0.0000000E+0	1.0000000E+2	0.0000000E+0
1.8399000E+2	6.1172465E+1	6.0978881E+1	0.0000000E+0	0.0000000E+0	1.0000000E+2	0.0000000E+0
1.8404000E+2	6.1175827E+1	6.0994840E+1	0.0000000E+0	0.0000000E+0	1.0000000E+2	0.0000000E+0
1.8409000E+2	6.1110768E+1	6.0975687E+1	0.0000000E+0	0.0000000E+0	1.0000000E+2	0.0000000E+0
1.8414000E+2	6.1118797E+1	6.0994455E+1	0.0000000E+0	0.0000000E+0	1.0000000E+2	0.0000000E+0
1.8419000E+2	6.1124725E+1	6.0992548E+1	0.0000000E+0	0.0000000E+0	1.0000000E+2	0.0000000E+0
1.8424000E+2	6.1111736E+1	6.0983598E+1	0.0000000E+0	0.0000000E+0	1.0000000E+2	0.0000000E+0
1.8429000E+2	6.1134045E+1	6.0987670E+1	0.0000000E+0	0.0000000E+0	1.0000000E+2	0.0000000E+0
1.8434000E+2	6.1149575E+1	6.0998260E+1	0.0000000E+0	0.0000000E+0	1.0000000E+2	0.0000000E+0
1.8439000E+2	6.1144879E+1	6.0988348E+1	0.0000000E+0	0.0000000E+0	1.0000000E+2	0.0000000E+0
1.8444100E+2	6.1152592E+1	6.0999380E+1	0.0000000E+0	0.0000000E+0	1.0000000E+2	0.0000000E+0
1.8449100E+2	6.1160564E+1	6.0996674E+1	0.0000000E+0	0.0000000E+0	1.0000000E+2	0.0000000E+0
1.8454100E+2	6.1158791E+1	6.1000486E+1	0.0000000E+0	0.0000000E+0	1.0000000E+2	0.0000000E+0
1.8459100E+2	6.1166606E+1	6.0981242E+1	0.0000000E+0	0.0000000E+0	1.0000000E+2	0.0000000E+0
1.8464200E+2	6.1177224E+1	6.0996418E+1	0.0000000E+0	0.0000000E+0	1.0000000E+2	0.0000000E+0
1.8469200E+2	6.1177367E+1	6.0994828E+1	0.0000000E+0	0.0000000E+0	1.0000000E+2	0.0000000E+0
1.8474200E+2	6.1191561E+1	6.0992218E+1	0.0000000E+0	0.0000000E+0	1.0000000E+2	0.0000000E+0
1.8479200E+2	6.1190883E+1	6.0996714E+1	0.0000000E+0	0.0000000E+0	1.0000000E+2	0.0000000E+0
1.8484200E+2	6.1198628E+1	6.1004450E+1	0.0000000E+0	0.0000000E+0	1.0000000E+2	0.0000000E+0
1.8489200E+2	6.1196766E+1	6.1000309E+1	0.0000000E+0	0.0000000E+0	1.0000000E+2	0.0000000E+0
1.8494200E+2	6.1148983E+1	6.0996016E+1	0.0000000E+0	0.0000000E+0	1.0000000E+2	0.0000000E+0
1.8499200E+2	6.1119565E+1	6.0992026E+1	0.0000000E+0	0.0000000E+0	1.0000000E+2	0.0000000E+0
1.8504200E+2	6.1146613E+1	6.0996604E+1	0.0000000E+0	0.0000000E+0	1.0000000E+2	0.0000000E+0
1.8509200E+2	6.1149422E+1	6.1003457E+1	0.0000000E+0	0.0000000E+0	1.0000000E+2	0.0000000E+0
1.8514200E+2	6.1148195E+1	6.0994250E+1	0.0000000E+0	0.0000000E+0	1.0000000E+2	0.0000000E+0
1.8519200E+2	6.1151295E+1	6.1000585E+1	0.0000000E+0	0.0000000E+0	1.0000000E+2	0.0000000E+0
1.8524200E+2	6.1171001E+1	6.1007859E+1	0.0000000E+0	0.0000000E+0	1.0000000E+2	0.0000000E+0
1.8529200E+2	6.1193466E+1	6.1008101E+1	0.0000000E+0	0.0000000E+0	1.0000000E+2	0.0000000E+0
1.8534200E+2	6.1204023E+1	6.1006432E+1	0.0000000E+0	0.0000000E+0	1.0000000E+2	0.0000000E+0
1.8539200E+2	6.1209684E+1	6.1007635E+1	0.0000000E+0	0.0000000E+0	1.0000000E+2	0.0000000E+0
1.8544200E+2	6.1223465E+1	6.1015875E+1	0.0000000E+0	0.0000000E+0	1.0000000E+2	0.0000000E+0
1.8549200E+2	6.1208694E+1	6.0999021E+1	0.0000000E+0	0.0000000E+0	1.0000000E+2	0.0000000E+0
1.8554200E+2	6.1220424E+1	6.1016425E+1	0.0000000E+0	0.0000000E+0	1.0000000E+2	0.0000000E+0
1.8559300E+2	6.1229318E+1	6.1006754E+1	0.0000000E+0	0.0000000E+0	1.0000000E+2	0.0000000E+0
1.8564400E+2	6.1249817E+1	6.1000230E+1	0.0000000E+0	0.0000000E+0	1.0000000E+2	0.0000000E+0
1.8569400E+2	6.1271042E+1	6.1003826E+1	0.0000000E+0	0.0000000E+0	1.0000000E+2	0.0000000E+0
1.8574400E+2	6.1284873E+1	6.1006466E+1	0.0000000E+0	0.0000000E+0	1.0000000E+2	0.0000000E+0
1.8579400E+2	6.1256686E+1	6.1000131E+1	0.0000000E+0	0.0000000E+0	1.0000000E+2	0.0000000E+0
1.8584400E+2	6.1258803E+1	6.1007172E+1	0.0000000E+0	0.0000000E+0	1.0000000E+2	0.0000000E+0
1.8589400E+2	6.1284569E+1	6.1006432E+1	0.0000000E+0	0.0000000E+0	1.0000000E+2	0.0000000E+0
1.8594400E+2	6.1277651E+1	6.1002761E+1	0.0000000E+0	0.0000000E+0	1.0000000E+2	0.0000000E+0
1.8599400E+2	6.1298588E+1	6.1016493E+1	0.0000000E+0	0.0000000E+0	1.0000000E+2	0.0000000E+0
1.8604400E+2	6.1296921E+1	6.1029030E+1	0.0000000E+0	0.0000000E+0	1.0000000E+2	0.0000000E+0
1.8609400E+2	6.1310084E+1	6.1025696E+1	0.0000000E+0	0.0000000E+0	1.0000000E+2	0.0000000E+0
1.8614400E+2	6.1314890E+1	6.1024498E+1	0.0000000E+0	0.0000000E+0	1.0000000E+2	0.0000000E+0
1.8619400E+2	6.1331223E+1	6.1037706E+1	0.0000000E+0	0.0000000E+0	1.0000000E+2	0.0000000E+0
1.8624400E+2	6.1330002E+1	6.1035261E+1	0.0000000E+0	0.0000000E+0	1.0000000E+2	0.0000000E+0
1.8629400E+2	6.1320223E+1	6.1020778E+1	0.0000000E+0	0.0000000E+0	1.0000000E+2	0.0000000E+0
1.8634400E+2	6.1323806E+1	6.1026225E+1	0.0000000E+0	0.0000000E+0	1.0000000E+2	0.0000000E+0
1.8639400E+2	6.1327084E+1	6.1032619E+1	0.0000000E+0	0.0000000E+0	1.0000000E+2	0.0000000E+0
1.8644400E+2	6.1314158E+1	6.1024718E+1	0.0000000E+0	0.0000000E+0	1.0000000E+2	0.0000000E+0
1.8649400E+2	6.1264868E+1	6.1025910E+1	0.0000000E+0	0.0000000E+0	1.0000000E+2	0.0000000E+0
1.8654400E+2	6.1270836E+1	6.1044683E+1	0.0000000E+0	0.0000000E+0	1.0000000E+2	0.0000000E+0
1.8659400E+2	6.1286224E+1	6.1042502E+1	0.0000000E+0	0.0000000E+0	1.0000000E+2	0.0000000E+0
1.8664500E+2	6.1318151E+1	6.1046575E+1	0.0000000E+0	0.0000000E+0	1.0000000E+2	0.0000000E+0
1.8669500E+2	6.1342197E+1	6.1049888E+1	0.0000000E+0	0.0000000E+0	1.0000000E+2	0.0000000E+0
1.8674600E+2	6.1331223E+1	6.1025063E+1	0.0000000E+0	0.0000000E+0	1.0000000E+2	0.0000000E+0
1.8679600E+2	6.1343071E+1	6.1027187E+1	0.0000000E+0	0.0000000E+0	1.0000000E+2	0.0000000E+0
1.8684600E+2	6.1343979E+1	6.1027668E+1	0.0000000E+0	0.0000000E+0	1.0000000E+2	0.0000000E+0
1.8689600E+2	6.1363862E+1	6.1048648E+1	0.0000000E+0	0.0000000E+0	1.0000000E+2	0.0000000E+0
1.8694600E+2	6.1368632E+1	6.1037240E+1	0.0000000E+0	0.0000000E+0	1.0000000E+2	0.0000000E+0
1.8699600E+2	6.1368660E+1	6.1044144E+1	0.0000000E+0	0.0000000E+0	1.0000000E+2	0.0000000E+0
1.8704700E+2	6.1361112E+1	6.1047175E+1	0.0000000E+0	0.0000000E+0	1.0000000E+2	0.0000000E+0
1.8709700E+2	6.1389402E+1	6.1033356E+1	0.0000000E+0	0.0000000E+0	1.0000000E+2	0.0000000E+0
1.8714700E+2	6.1395226E+1	6.1030424E+1	0.0000000E+0	0.0000000E+0	1.0000000E+2	0.0000000E+0
1.8719700E+2	6.1407243E+1	6.1036617E+1	0.0000000E+0	0.0000000E+0	1.0000000E+2	0.0000000E+0
1.8724700E+2	6.1418142E+1	6.1036041E+1	0.0000000E+0	0.0000000E+0	1.0000000E+2	0.0000000E+0
1.8729700E+2	6.1381438E+1	6.1047579E+1	0.0000000E+0	0.0000000E+0	1.0000000E+2	0.0000000E+0
1.8734700E+2	6.1364133E+1	6.1052322E+1	0.0000000E+0	0.0000000E+0	1.0000000E+2	0.0000000E+0
1.8739700E+2	6.1365334E+1	6.1051562E+1	0.0000000E+0	0.0000000E+0	1.0000000E+2	0.0000000E+0
1.8744800E+2	6.1362787E+1	6.1057958E+1	0.0000000E+0	0.0000000E+0	1.0000000E+2	0.0000000E+0
1.8750000E+2	6.1371456E+1	6.1058507E+1	0.0000000E+0	0.0000000E+0	1.0000000E+2	0.0000000E+0
1.8755000E+2	6.1377646E+1	6.1053200E+1	0.0000000E+0	0.0000000E+0	1.0000000E+2	0.0000000E+0
1.8760000E+2	6.1383867E+1	6.1043736E+1	0.0000000E+0	0.0000000E+0	1.0000000E+2	0.0000000E+0
1.8765000E+2	6.1402263E+1	6.1049685E+1	0.0000000E+0	0.0000000E+0	1.0000000E+2	0.0000000E+0
1.8770000E+2	6.1423443E+1	6.1053677E+1	0.0000000E+0	0.0000000E+0	1.0000000E+2	0.0000000E+0
1.8775000E+2	6.1424749E+1	6.1048969E+1	0.0000000E+0	0.0000000E+0	1.0000000E+2	0.0000000E+0
1.8780000E+2	6.1439554E+1	6.1048693E+1	0.0000000E+0	0.0000000E+0	1.0000000E+2	0.0000000E+0
1.8785000E+2	6.1454211E+1	6.1050640E+1	0.0000000E+0	0.0000000E+0	1.0000000E+2	0.0000000E+0
1.8790000E+2	6.1479922E+1	6.1048868E+1	0.0000000E+0	0.0000000E+0	1.0000000E+2	0.0000000E+0
1.8795000E+2	6.1498045E+1	6.1049229E+1	0.0000000E+0	0.0000000E+0	1.0000000E+2	0.0000000E+0
1.8800000E+2	6.1506896E+1	6.1060748E+1	0.0000000E+0	0.0000000E+0	1.0000000E+2	0.0000000E+0
1.8805100E+2	6.1505531E+1	6.1042450E+1	0.0000000E+0	0.0000000E+0	1.0000000E+2	0.0000000E+0
1.8810200E+2	6.1539563E+1	6.1060903E+1	0.0000000E+0	0.0000000E+0	1.0000000E+2	0.0000000E+0
1.8815200E+2	6.1535473E+1	6.1057830E+1	0.0000000E+0	0.0000000E+0	1.0000000E+2	0.0000000E+0
1.8820200E+2	6.1485507E+1	6.1049958E+1	0.0000000E+0	0.0000000E+0	1.0000000E+2	0.0000000E+0
1.8825300E+2	6.1492775E+1	6.1056102E+1	0.0000000E+0	0.0000000E+0	1.0000000E+2	0.0000000E+0
1.8830400E+2	6.1490775E+1	6.1041441E+1	0.0000000E+0	0.0000000E+0	1.0000000E+2	0.0000000E+0
1.8835500E+2	6.1499272E+1	6.1039534E+1	0.0000000E+0	0.0000000E+0	1.0000000E+2	0.0000000E+0
1.8840500E+2	6.1506667E+1	6.1021938E+1	0.0000000E+0	0.0000000E+0	1.0000000E+2	0.0000000E+0
1.8845500E+2	6.1531245E+1	6.1039671E+1	0.0000000E+0	0.0000000E+0	1.0000000E+2	0.0000000E+0
1.8850600E+2	6.1549534E+1	6.1044374E+1	0.0000000E+0	0.0000000E+0	1.0000000E+2	0.0000000E+0
1.8855600E+2	6.1567683E+1	6.1040505E+1	0.0000000E+0	0.0000000E+0	1.0000000E+2	0.0000000E+0
1.8860600E+2	6.1585728E+1	6.1044663E+1	0.0000000E+0	0.0000000E+0	1.0000000E+2	0.0000000E+0
1.8865600E+2	6.1597210E+1	6.1037858E+1	0.0000000E+0	0.0000000E+0	1.0000000E+2	0.0000000E+0
1.8870600E+2	6.1617580E+1	6.1051682E+1	0.0000000E+0	0.0000000E+0	1.0000000E+2	0.0000000E+0
1.8875600E+2	6.1628397E+1	6.1050289E+1	0.0000000E+0	0.0000000E+0	1.0000000E+2	0.0000000E+0
1.8880600E+2	6.1642852E+1	6.1050897E+1	0.0000000E+0	0.0000000E+0	1.0000000E+2	0.0000000E+0
1.8885600E+2	6.1659407E+1	6.1070379E+1	0.0000000E+0	0.0000000E+0	1.0000000E+2	0.0000000E+0
1.8890600E+2	6.1670390E+1	6.1057166E+1	0.0000000E+0	0.0000000E+0	1.0000000E+2	0.0000000E+0
1.8895600E+2	6.1675246E+1	6.1077896E+1	0.0000000E+0	0.0000000E+0	1.0000000E+2	0.0000000E+0
1.8900600E+2	6.1692200E+1	6.1065535E+1	0.0000000E+0	0.0000000E+0	1.0000000E+2	0.0000000E+0
1.8905600E+2	6.1707839E+1	6.1079454E+1	0.0000000E+0	0.0000000E+0	1.0000000E+2	0.0000000E+0
1.8910800E+2	6.1655702E+1	6.1068807E+1	0.0000000E+0	0.0000000E+0	1.0000000E+2	0.0000000E+0
1.8915800E+2	6.1606817E+1	6.1060960E+1	0.0000000E+0	0.0000000E+0	1.0000000E+2	0.0000000E+0
1.8920800E+2	6.1624445E+1	6.1061329E+1	0.0000000E+0	0.0000000E+0	1.0000000E+2	0.0000000E+0
1.8925800E+2	6.1638042E+1	6.1070980E+1	0.0000000E+0	0.0000000E+0	1.0000000E+2	0.0000000E+0
1.8930800E+2	6.1642797E+1	6.1062820E+1	0.0000000E+0	0.0000000E+0	1.0000000E+2	0.0000000E+0
1.8935800E+2	6.1685790E+1	6.1071982E+1	0.0000000E+0	0.0000000E+0	1.0000000E+2	0.0000000E+0
1.8940800E+2	6.1688965E+1	6.1064998E+1	0.0000000E+0	0.0000000E+0	1.0000000E+2	0.0000000E+0
1.8945900E+2	6.1699924E+1	6.1055844E+1	0.0000000E+0	0.0000000E+0	1.0000000E+2	0.0000000E+0
1.8950900E+2	6.1705008E+1	6.1047346E+1	0.0000000E+0	0.0000000E+0	1.0000000E+2	0.0000000E+0
1.8955900E+2	6.1709982E+1	6.1060242E+1	0.0000000E+0	0.0000000E+0	1.0000000E+2	0.0000000E+0
1.8960900E+2	6.1714937E+1	6.1058161E+1	0.0000000E+0	0.0000000E+0	1.0000000E+2	0.0000000E+0
1.8965900E+2	6.1729443E+1	6.1062752E+1	0.0000000E+0	0.0000000E+0	1.0000000E+2	0.0000000E+0
1.8970900E+2	6.1731181E+1	6.1060004E+1	0.0000000E+0	0.0000000E+0	1.0000000E+2	0.0000000E+0
1.8975900E+2	6.1755198E+1	6.1076829E+1	0.0000000E+0	0.0000000E+0	1.0000000E+2	0.0000000E+0
1.8980900E+2	6.1758815E+1	6.1060587E+1	0.0000000E+0	0.0000000E+0	1.0000000E+2	0.0000000E+0
1.8985900E+2	6.1778917E+1	6.1066094E+1	0.0000000E+0	0.0000000E+0	1.0000000E+2	0.0000000E+0
1.8990900E+2	6.1727228E+1	6.1073048E+1	0.0000000E+0	0.0000000E+0	1.0000000E+2	0.0000000E+0
1.8995900E+2	6.1708910E+1	6.1065676E+1	0.0000000E+0	0.0000000E+0	1.0000000E+2	0.0000000E+0
1.9000900E+2	6.1721694E+1	6.1065347E+1	0.0000000E+0	0.0000000E+0	1.0000000E+2	0.0000000E+0
1.9005900E+2	6.1716451E+1	6.1075622E+1	0.0000000E+0	0.0000000E+0	1.0000000E+2	0.0000000E+0
1.9010900E+2	6.1721095E+1	6.1073587E+1	0.0000000E+0	0.0000000E+0	1.0000000E+2	0.0000000E+0
1.9016000E+2	6.1729195E+1	6.1075822E+1	0.0000000E+0	0.0000000E+0	1.0000000E+2	0.0000000E+0
1.9021100E+2	6.1734873E+1	6.1072447E+1	0.0000000E+0	0.0000000E+0	1.0000000E+2	0.0000000E+0
1.9026200E+2	6.1763438E+1	6.1075339E+1	0.0000000E+0	0.0000000E+0	1.0000000E+2	0.0000000E+0
1.9031200E+2	6.1776627E+1	6.1082089E+1	0.0000000E+0	0.0000000E+0	1.0000000E+2	0.0000000E+0
1.9036200E+2	6.1774780E+1	6.1076809E+1	0.0000000E+0	0.0000000E+0	1.0000000E+2	0.0000000E+0
1.9041200E+2	6.1773191E+1	6.1075345E+1	0.0000000E+0	0.0000000E+0	1.0000000E+2	0.0000000E+0
1.9046200E+2	6.1783693E+1	6.1082320E+1	0.0000000E+0	0.0000000E+0	1.0000000E+2	0.0000000E+0
1.9051200E+2	6.1807520E+1	6.1092440E+1	0.0000000E+0	0.0000000E+0	1.0000000E+2	0.0000000E+0
1.9056200E+2	6.1820360E+1	6.1090231E+1	0.0000000E+0	0.0000000E+0	1.0000000E+2	0.0000000E+0
1.9061200E+2	6.1810757E+1	6.1074331E+1	0.0000000E+0	0.0000000E+0	1.0000000E+2	0.0000000E+0
1.9066200E+2	6.1793940E+1	6.1087640E+1	0.0000000E+0	0.0000000E+0	1.0000000E+2	0.0000000E+0
1.9071200E+2	6.1742533E+1	6.1068921E+1	0.0000000E+0	0.0000000E+0	1.0000000E+2	0.0000000E+0
1.9076300E+2	6.1719789E+1	6.1054169E+1	0.0000000E+0	0.0000000E+0	1.0000000E+2	0.0000000E+0
1.9081400E+2	6.1729295E+1	6.1060478E+1	0.0000000E+0	0.0000000E+0	1.0000000E+2	0.0000000E+0
1.9086400E+2	6.1723299E+1	6.1062158E+1	0.0000000E+0	0.0000000E+0	1.0000000E+2	0.0000000E+0
1.9091400E+2	6.1730456E+1	6.1068814E+1	0.0000000E+0	0.0000000E+0	1.0000000E+2	0.0000000E+0
1.9096400E+2	6.1721653E+1	6.1064918E+1	0.0000000E+0	0.0000000E+0	1.0000000E+2	0.0000000E+0
1.9101400E+2	6.1715198E+1	6.1057824E+1	0.0000000E+0	0.0000000E+0	1.0000000E+2	0.0000000E+0
1.9106400E+2	6.1716258E+1	6.1060954E+1	0.0000000E+0	0.0000000E+0	1.0000000E+2	0.0000000E+0
1.9111400E+2	6.1707779E+1	6.1061832E+1	0.0000000E+0	0.0000000E+0	1.0000000E+2	0.0000000E+0
1.9116400E+2	6.1724023E+1	6.1071326E+1	0.0000000E+0	0.0000000E+0	1.0000000E+2	0.0000000E+0
1.9121500E+2	6.1728238E+1	6.1057597E+1	0.0000000E+0	0.0000000E+0	1.0000000E+2	0.0000000E+0
1.9126500E+2	6.1733152E+1	6.1068388E+1	0.0000000E+0	0.0000000E+0	1.0000000E+2	0.0000000E+0
1.9131500E+2	6.1715848E+1	6.1057429E+1	0.0000000E+0	0.0000000E+0	1.0000000E+2	0.0000000E+0
1.9136500E+2	6.1692608E+1	6.1046138E+1	0.0000000E+0	0.0000000E+0	1.0000000E+2	0.0000000E+0
1.9141500E+2	6.1702049E+1	6.1071986E+1	0.0000000E+0	0.0000000E+0	1.0000000E+2	0.0000000E+0
1.9146600E+2	6.1654756E+1	6.1081676E+1	0.0000000E+0	0.0000000E+0	1.0000000E+2	0.0000000E+0
1.9151700E+2	6.1634598E+1	6.1087152E+1	0.0000000E+0	0.0000000E+0	1.0000000E+2	0.0000000E+0
1.9156700E+2	6.1611422E+1	6.1053598E+1	0.0000000E+0	0.0000000E+0	1.0000000E+2	0.0000000E+0
1.9161700E+2	6.1616802E+1	6.1061672E+1	0.0000000E+0	0.0000000E+0	1.0000000E+2	0.0000000E+0
1.9166700E+2	6.1629329E+1	6.1079316E+1	0.0000000E+0	0.0000000E+0	1.0000000E+2	0.0000000E+0
1.9171700E+2	6.1628982E+1	6.1077871E+1	0.0000000E+0	0.0000000E+0	1.0000000E+2	0.0000000E+0
1.9176700E+2	6.1605234E+1	6.1069994E+1	0.0000000E+0	0.0000000E+0	1.0000000E+2	0.0000000E+0
1.9181700E+2	6.1621068E+1	6.1065510E+1	0.0000000E+0	0.0000000E+0	1.0000000E+2	0.0000000E+0
1.9186800E+2	6.1615752E+1	6.1080192E+1	0.0000000E+0	0.0000000E+0	1.0000000E+2	0.0000000E+0
1.9191900E+2	6.1589143E+1	6.1064421E+1	0.0000000E+0	0.0000000E+0	1.0000000E+2	0.0000000E+0
1.9196900E+2	6.1590557E+1	6.1071004E+1	0.0000000E+0	0.0000000E+0	1.0000000E+2	0.0000000E+0
1.9201900E+2	6.1585671E+1	6.1078652E+1	0.0000000E+0	0.0000000E+0	1.0000000E+2	0.0000000E+0
1.9206900E+2	6.1566779E+1	6.1060033E+1	0.0000000E+0	0.0000000E+0	1.0000000E+2	0.0000000E+0
1.9211900E+2	6.1557843E+1	6.1056448E+1	0.0000000E+0	0.0000000E+0	1.0000000E+2	0.0000000E+0
1.9216900E+2	6.1542316E+1	6.1042498E+1	0.0000000E+0	0.0000000E+0	1.0000000E+2	0.0000000E+0
1.9221900E+2	6.1508804E+1	6.1041806E+1	0.0000000E+0	0.0000000E+0	1.0000000E+2	0.0000000E+0
1.9226900E+2	6.1511212E+1	6.1046428E+1	0.0000000E+0	0.0000000E+0	1.0000000E+2	0.0000000E+0
1.9231900E+2	6.1533354E+1	6.1047819E+1	0.0000000E+0	0.0000000E+0	1.0000000E+2	0.0000000E+0
1.9236900E+2	6.1548105E+1	6.1043872E+1	0.0000000E+0	0.0000000E+0	1.0000000E+2	0.0000000E+0
1.9241900E+2	6.1552220E+1	6.1040570E+1	0.0000000E+0	0.0000000E+0	1.0000000E+2	0.0000000E+0
1.9246900E+2	6.1560302E+1	6.1048744E+1	0.0000000E+0	0.0000000E+0	1.0000000E+2	0.0000000E+0
1.9251900E+2	6.1565039E+1	6.1054859E+1	0.0000000E+0	0.0000000E+0	1.0000000E+2	0.0000000E+0
1.9256900E+2	6.1573689E+1	6.1071167E+1	0.0000000E+0	0.0000000E+0	1.0000000E+2	0.0000000E+0
1.9261900E+2	6.1584195E+1	6.1068189E+1	0.0000000E+0	0.0000000E+0	1.0000000E+2	0.0000000E+0
1.9266900E+2	6.1582790E+1	6.1060992E+1	0.0000000E+0	0.0000000E+0	1.0000000E+2	0.0000000E+0
1.9271900E+2	6.1602092E+1	6.1078705E+1	0.0000000E+0	0.0000000E+0	1.0000000E+2	0.0000000E+0
1.9276900E+2	6.1583562E+1	6.1084354E+1	0.0000000E+0	0.0000000E+0	1.0000000E+2	0.0000000E+0
1.9281900E+2	6.1582484E+1	6.1075652E+1	0.0000000E+0	0.0000000E+0	1.0000000E+2	0.0000000E+0
1.9286900E+2	6.1596659E+1	6.1077539E+1	0.0000000E+0	0.0000000E+0	1.0000000E+2	0.0000000E+0
1.9291900E+2	6.1546524E+1	6.1074701E+1	0.0000000E+0	0.0000000E+0	1.0000000E+2	0.0000000E+0
1.9296900E+2	6.1517894E+1	6.1085420E+1	0.0000000E+0	0.0000000E+0	1.0000000E+2	0.0000000E+0
1.9301900E+2	6.1525694E+1	6.1076522E+1	0.0000000E+0	0.0000000E+0	1.0000000E+2	0.0000000E+0
1.9306900E+2	6.1519699E+1	6.1066978E+1	0.0000000E+0	0.0000000E+0	1.0000000E+2	0.0000000E+0
1.9311900E+2	6.1512213E+1	6.1070538E+1	0.0000000E+0	0.0000000E+0	1.0000000E+2	0.0000000E+0
1.9316900E+2	6.1529346E+1	6.1086679E+1	0.0000000E+0	0.0000000E+0	1.0000000E+2	0.0000000E+0
1.9321900E+2	6.1521626E+1	6.1073647E+1	0.0000000E+0	0.0000000E+0	1.0000000E+2	0.0000000E+0
1.9326900E+2	6.1513358E+1	6.1060255E+1	0.0000000E+0	0.0000000E+0	1.0000000E+2	0.0000000E+0
1.9331900E+2	6.1496925E+1	6.1054331E+1	0.0000000E+0	0.0000000E+0	1.0000000E+2	0.0000000E+0
1.9337000E+2	6.1499678E+1	6.1059171E+1	0.0000000E+0	0.0000000E+0	1.0000000E+2	0.0000000E+0
1.9342100E+2	6.1487993E+1	6.1049965E+1	0.0000000E+0	0.0000000E+0	1.0000000E+2	0.0000000E+0
1.9347100E+2	6.1495006E+1	6.1067478E+1	0.0000000E+0	0.0000000E+0	1.0000000E+2	0.0000000E+0
1.9352100E+2	6.1492185E+1	6.1061299E+1	0.0000000E+0	0.0000000E+0	1.0000000E+2	0.0000000E+0
1.9357100E+2	6.1508055E+1	6.1073164E+1	0.0000000E+0	0.0000000E+0	1.0000000E+2	0.0000000E+0
1.9362100E+2	6.1506818E+1	6.1085265E+1	0.0000000E+0	0.0000000E+0	1.0000000E+2	0.0000000E+0
1.9367100E+2	6.1520531E+1	6.1091117E+1	0.0000000E+0	0.0000000E+0	1.0000000E+2	0.0000000E+0
1.9372200E+2	6.1504432E+1	6.1073788E+1	0.0000000E+0	0.0000000E+0	1.0000000E+2	0.0000000E+0
1.9377200E+2	6.1512395E+1	6.1063578E+1	0.0000000E+0	0.0000000E+0	1.0000000E+2	0.0000000E+0
1.9382200E+2	6.1484543E+1	6.1063001E+1	0.0000000E+0	0.0000000E+0	1.0000000E+2	0.0000000E+0
1.9387300E+2	6.1482227E+1	6.1073291E+1	0.0000000E+0	0.0000000E+0	1.0000000E+2	0.0000000E+0
1.9392400E+2	6.1487578E+1	6.1075177E+1	0.0000000E+0	0.0000000E+0	1.0000000E+2	0.0000000E+0
1.9397400E+2	6.1491342E+1	6.1076906E+1	0.0000000E+0	0.0000000E+0	1.0000000E+2	0.0000000E+0
1.9402400E+2	6.1499652E+1	6.1089617E+1	0.0000000E+0	0.0000000E+0	1.0000000E+2	0.0000000E+0
1.9407400E+2	6.1508697E+1	6.1072263E+1	0.0000000E+0	0.0000000E+0	1.0000000E+2	0.0000000E+0
1.9412500E+2	6.1513675E+1	6.1076744E+1	0.0000000E+0	0.0000000E+0	1.0000000E+2	0.0000000E+0
1.9417500E+2	6.1523305E+1	6.1085240E+1	0.0000000E+0	0.0000000E+0	1.0000000E+2	0.0000000E+0
1.9422500E+2	6.1522360E+1	6.1076150E+1	0.0000000E+0	0.0000000E+0	1.0000000E+2	0.0000000E+0
1.9427600E+2	6.1520570E+1	6.1083841E+1	0.0000000E+0	0.0000000E+0	1.0000000E+2	0.0000000E+0
1.9432600E+2	6.1522646E+1	6.1085295E+1	0.0000000E+0	0.0000000E+0	1.0000000E+2	0.0000000E+0
1.9437600E+2	6.1538019E+1	6.1092340E+1	0.0000000E+0	0.0000000E+0	1.0000000E+2	0.0000000E+0
1.9442600E+2	6.1529012E+1	6.1083707E+1	0.0000000E+0	0.0000000E+0	1.0000000E+2	0.0000000E+0
1.9447600E+2	6.1508062E+1	6.1067896E+1	0.0000000E+0	0.0000000E+0	1.0000000E+2	0.0000000E+0
1.9452600E+2	6.1527881E+1	6.1076414E+1	0.0000000E+0	0.0000000E+0	1.0000000E+2	0.0000000E+0
1.9457600E+2	6.1534388E+1	6.1074257E+1	0.0000000E+0	0.0000000E+0	1.0000000E+2	0.0000000E+0
1.9462600E+2	6.1548668E+1	6.1069728E+1	0.0000000E+0	0.0000000E+0	1.0000000E+2	0.0000000E+0
1.9467600E+2	6.1519269E+1	6.1091124E+1	0.0000000E+0	0.0000000E+0	1.0000000E+2	0.0000000E+0
1.9472600E+2	6.1471401E+1	6.1091679E+1	0.0000000E+0	0.0000000E+0	1.0000000E+2	0.0000000E+0
1.9477600E+2	6.1460065E+1	6.1065864E+1	0.0000000E+0	0.0000000E+0	1.0000000E+2	0.0000000E+0
1.9482700E+2	6.1434069E+1	6.1066484E+1	0.0000000E+0	0.0000000E+0	1.0000000E+2	0.0000000E+0
1.9487700E+2	6.1438620E+1	6.1073368E+1	0.0000000E+0	0.0000000E+0	1.0000000E+2	0.0000000E+0
1.9492700E+2	6.1451226E+1	6.1094491E+1	0.0000000E+0	0.0000000E+0	1.0000000E+2	0.0000000E+0
1.9497700E+2	6.1455925E+1	6.1098119E+1	0.0000000E+0	0.0000000E+0	1.0000000E+2	0.0000000E+0
1.9502700E+2	6.1452060E+1	6.1105818E+1	0.0000000E+0	0.0000000E+0	1.0000000E+2	0.0000000E+0
1.9507800E+2	6.1436384E+1	6.1100473E+1	0.0000000E+0	0.0000000E+0	1.0000000E+2	0.0000000E+0
1.9512900E+2	6.1434269E+1	6.1073123E+1	0.0000000E+0	0.0000000E+0	1.0000000E+2	0.0000000E+0
1.9517900E+2	6.1414286E+1	6.1081153E+1	0.0000000E+0	0.0000000E+0	1.0000000E+2	0.0000000E+0
1.9522900E+2	6.1406038E+1	6.1074666E+1	0.0000000E+0	0.0000000E+0	1.0000000E+2	0.0000000E+0
1.9527900E+2	6.1400558E+1	6.1062653E+1	0.0000000E+0	0.0000000E+0	1.0000000E+2	0.0000000E+0
1.9532900E+2	6.1410087E+1	6.1089080E+1	0.0000000E+0	0.0000000E+0	1.0000000E+2	0.0000000E+0
1.9537900E+2	6.1405476E+1	6.1091222E+1	0.0000000E+0	0.0000000E+0	1.0000000E+2	0.0000000E+0
1.9542900E+2	6.1409179E+1	6.1106671E+1	0.0000000E+0	0.0000000E+0	1.0000000E+2	0.0000000E+0
1.9547900E+2	6.1400722E+1	6.1092392E+1	0.0000000E+0	0.0000000E+0	1.0000000E+2	0.0000000E+0
1.9552900E+2	6.1393267E+1	6.1086640E+1	0.0000000E+0	0.0000000E+0	1.0000000E+2	0.0000000E+0
1.9558000E+2	6.1337167E+1	6.1077672E+1	0.0000000E+0	0.0000000E+0	1.0000000E+2	0.0000000E+0
1.9563000E+2	6.1326000E+1	6.1075817E+1	0.0000000E+0	0.0000000E+0	1.0000000E+2	0.0000000E+0
1.9568100E+2	6.1318441E+1	6.1078087E+1	0.0000000E+0	0.0000000E+0	1.0000000E+2	0.0000000E+0
1.9573100E+2	6.1317864E+1	6.1087513E+1	0.0000000E+0	0.0000000E+0	1.0000000E+2	0.0000000E+0
1.9578100E+2	6.1302503E+1	6.1080469E+1	0.0000000E+0	0.0000000E+0	1.0000000E+2	0.0000000E+0
1.9583100E+2	6.1329048E+1	6.1085631E+1	0.0000000E+0	0.0000000E+0	1.0000000E+2	0.0000000E+0
1.9588100E+2	6.1341326E+1	6.1088344E+1	0.0000000E+0	0.0000000E+0	1.0000000E+2	0.0000000E+0
1.9593100E+2	6.1331232E+1	6.1087722E+1	0.0000000E+0	0.0000000E+0	1.0000000E+2	0.0000000E+0
1.9598200E+2	6.1347429E+1	6.1088371E+1	0.0000000E+0	0.0000000E+0	1.0000000E+2	0.0000000E+0
1.9603200E+2	6.1333211E+1	6.1087893E+1	0.0000000E+0	0.0000000E+0	1.0000000E+2	0.0000000E+0
1.9608200E+2	6.1331601E+1	6.1090601E+1	0.0000000E+0	0.0000000E+0	1.0000000E+2	0.0000000E+0
1.9613300E+2	6.1321655E+1	6.1089487E+1	0.0000000E+0	0.0000000E+0	1.0000000E+2	0.0000000E+0
1.9618300E+2	6.1331352E+1	6.1078401E+1	0.0000000E+0	0.0000000E+0	1.0000000E+2	0.0000000E+0
1.9623300E+2	6.1321673E+1	6.1069901E+1	0.0000000E+0	0.0000000E+0	1.0000000E+2	0.0000000E+0
1.9628300E+2	6.1335704E+1	6.1069206E+1	0.0000000E+0	0.0000000E+0	1.0000000E+2	0.0000000E+0
1.9633300E+2	6.1337609E+1	6.1071630E+1	0.0000000E+0	0.0000000E+0	1.0000000E+2	0.0000000E+0
1.9638300E+2	6.1345655E+1	6.1090933E+1	0.0000000E+0	0.0000000E+0	1.0000000E+2	0.0000000E+0
1.9643300E+2	6.1331381E+1	6.1089631E+1	0.0000000E+0	0.0000000E+0	1.0000000E+2	0.0000000E+0
1.9648300E+2	6.1278928E+1	6.1070872E+1	0.0000000E+0	0.0000000E+0	1.0000000E+2	0.0000000E+0
1.9653300E+2	6.1228691E+1	6.1074710E+1	0.0000000E+0	0.0000000E+0	1.0000000E+2	0.0000000E+0
1.9658300E+2	6.1218606E+1	6.1080244E+1	0.0000000E+0	0.0000000E+0	1.0000000E+2	0.0000000E+0
1.9663300E+2	6.1216048E+1	6.1059988E+1	0.0000000E+0	0.0000000E+0	1.0000000E+2	0.0000000E+0
1.9668300E+2	6.1207482E+1	6.1056887E+1	0.0000000E+0	0.0000000E+0	1.0000000E+2	0.0000000E+0
1.9673400E+2	6.1219811E+1	6.1048977E+1	0.0000000E+0	0.0000000E+0	1.0000000E+2	0.0000000E+0
1.9678500E+2	6.1228295E+1	6.1071523E+1	0.0000000E+0	0.0000000E+0	1.0000000E+2	0.0000000E+0
1.9683500E+2	6.1248839E+1	6.1076281E+1	0.0000000E+0	0.0000000E+0	1.0000000E+2	0.0000000E+0
1.9688500E+2	6.1265532E+1	6.1085225E+1	0.0000000E+0	0.0000000E+0	1.0000000E+2	0.0000000E+0
1.9693500E+2	6.1267016E+1	6.1075970E+1	0.0000000E+0	0.0000000E+0	1.0000000E+2	0.0000000E+0
1.9698500E+2	6.1276457E+1	6.1090248E+1	0.0000000E+0	0.0000000E+0	1.0000000E+2	0.0000000E+0
1.9703500E+2	6.1260954E+1	6.1087326E+1	0.0000000E+0	0.0000000E+0	1.0000000E+2	0.0000000E+0
1.9708500E+2	6.1258975E+1	6.1088825E+1	0.0000000E+0	0.0000000E+0	1.0000000E+2	0.0000000E+0
1.9713500E+2	6.1278906E+1	6.1079045E+1	0.0000000E+0	0.0000000E+0	1.0000000E+2	0.0000000E+0
1.9718500E+2	6.1273752E+1	6.1087385E+1	0.0000000E+0	0.0000000E+0	1.0000000E+2	0.0000000E+0
1.9723500E+2	6.1292945E+1	6.1100539E+1	0.0000000E+0	0.0000000E+0	1.0000000E+2	0.0000000E+0
1.9728500E+2	6.1287664E+1	6.1093486E+1	0.0000000E+0	0.0000000E+0	1.0000000E+2	0.0000000E+0
1.9733500E+2	6.1300057E+1	6.1111677E+1	0.0000000E+0	0.0000000E+0	1.0000000E+2	0.0000000E+0
1.9738500E+2	6.1292968E+1	6.1089873E+1	0.0000000E+0	0.0000000E+0	1.0000000E+2	0.0000000E+0
1.9743500E+2	6.1278530E+1	6.1095348E+1	0.0000000E+0	0.0000000E+0	1.0000000E+2	0.0000000E+0
1.9748500E+2	6.1281987E+1	6.1114577E+1	0.0000000E+0	0.0000000E+0	1.0000000E+2	0.0000000E+0
1.9753500E+2	6.1292817E+1	6.1124284E+1	0.0000000E+0	0.0000000E+0	1.0000000E+2	0.0000000E+0
1.9758500E+2	6.1304168E+1	6.1127922E+1	0.0000000E+0	0.0000000E+0	1.0000000E+2	0.0000000E+0
1.9763500E+2	6.1317976E+1	6.1112591E+1	0.0000000E+0	0.0000000E+0	1.0000000E+2	0.0000000E+0
1.9768600E+2	6.1317444E+1	6.1104558E+1	0.0000000E+0	0.0000000E+0	1.0000000E+2	0.0000000E+0
1.9773800E+2	6.1319516E+1	6.1100976E+1	0.0000000E+0	0.0000000E+0	1.0000000E+2	0.0000000E+0
1.9778800E+2	6.1337448E+1	6.1111755E+1	0.0000000E+0	0.0000000E+0	1.0000000E+2	0.0000000E+0
1.9783800E+2	6.1365057E+1	6.1131078E+1	0.0000000E+0	0.0000000E+0	1.0000000E+2	0.0000000E+0
1.9788900E+2	6.1355461E+1	6.1112839E+1	0.0000000E+0	0.0000000E+0	1.0000000E+2	0.0000000E+0
1.9793900E+2	6.1346037E+1	6.1123477E+1	0.0000000E+0	0.0000000E+0	1.0000000E+2	0.0000000E+0
1.9798900E+2	6.1354489E+1	6.1109325E+1	0.0000000E+0	0.0000000E+0	1.0000000E+2	0.0000000E+0
1.9803900E+2	6.1334878E+1	6.1108362E+1	0.0000000E+0	0.0000000E+0	1.0000000E+2	0.0000000E+0
1.9808900E+2	6.1336274E+1	6.1088518E+1	0.0000000E+0	0.0000000E+0	1.0000000E+2	0.0000000E+0
1.9813900E+2	6.1358099E+1	6.1111207E+1	0.0000000E+0	0.0000000E+0	1.0000000E+2	0.0000000E+0
1.9818900E+2	6.1362761E+1	6.1120916E+1	0.0000000E+0	0.0000000E+0	1.0000000E+2	0.0000000E+0
1.9823900E+2	6.1372810E+1	6.1127373E+1	0.0000000E+0	0.0000000E+0	1.0000000E+2	0.0000000E+0
1.9828900E+2	6.1346993E+1	6.1115914E+1	0.0000000E+0	0.0000000E+0	1.0000000E+2	0.0000000E+0
1.9834000E+2	6.1330254E+1	6.1106560E+1	0.0000000E+0	0.0000000E+0	1.0000000E+2	0.0000000E+0
1.9839000E+2	6.1340040E+1	6.1113157E+1	0.0000000E+0	0.0000000E+0	1.0000000E+2	0.0000000E+0
1.9844000E+2	6.1290666E+1	6.1112648E+1	0.0000000E+0	0.0000000E+0	1.0000000E+2	0.0000000E+0
1.9849000E+2	6.1227015E+1	6.1094963E+1	0.0000000E+0	0.0000000E+0	1.0000000E+2	0.0000000E+0
1.9854000E+2	6.1208453E+1	6.1086059E+1	0.0000000E+0	0.0000000E+0	1.0000000E+2	0.0000000E+0
1.9859000E+2	6.1229647E+1	6.1108793E+1	0.0000000E+0	0.0000000E+0	1.0000000E+2	0.0000000E+0
1.9864000E+2	6.1217082E+1	6.1106706E+1	0.0000000E+0	0.0000000E+0	1.0000000E+2	0.0000000E+0
1.9869000E+2	6.1217758E+1	6.1106665E+1	0.0000000E+0	0.0000000E+0	1.0000000E+2	0.0000000E+0
1.9874100E+2	6.1226810E+1	6.1106361E+1	0.0000000E+0	0.0000000E+0	1.0000000E+2	0.0000000E+0
1.9879100E+2	6.1225059E+1	6.1098418E+1	0.0000000E+0	0.0000000E+0	1.0000000E+2	0.0000000E+0
1.9884100E+2	6.1241950E+1	6.1102221E+1	0.0000000E+0	0.0000000E+0	1.0000000E+2	0.0000000E+0
1.9889100E+2	6.1258183E+1	6.1108287E+1	0.0000000E+0	0.0000000E+0	1.0000000E+2	0.0000000E+0
1.9894100E+2	6.1239601E+1	6.1099230E+1	0.0000000E+0	0.0000000E+0	1.0000000E+2	0.0000000E+0
1.9899100E+2	6.1237068E+1	6.1101985E+1	0.0000000E+0	0.0000000E+0	1.0000000E+2	0.0000000E+0
1.9904100E+2	6.1247601E+1	6.1113046E+1	0.0000000E+0	0.0000000E+0	1.0000000E+2	0.0000000E+0
1.9909100E+2	6.1255150E+1	6.1121951E+1	0.0000000E+0	0.0000000E+0	1.0000000E+2	0.0000000E+0
1.9914100E+2	6.1242117E+1	6.1101228E+1	0.0000000E+0	0.0000000E+0	1.0000000E+2	0.0000000E+0
1.9919100E+2	6.1224433E+1	6.1098868E+1	0.0000000E+0	0.0000000E+0	1.0000000E+2	0.0000000E+0
1.9924100E+2	6.1206856E+1	6.1107219E+1	0.0000000E+0	0.0000000E+0	1.0000000E+2	0.0000000E+0
1.9929100E+2	6.1182412E+1	6.1121694E+1	0.0000000E+0	0.0000000E+0	1.0000000E+2	0.0000000E+0
1.9934100E+2	6.1191388E+1	6.1116169E+1	0.0000000E+0	0.0000000E+0	1.0000000E+2	0.0000000E+0
1.9939100E+2	6.1211057E+1	6.1132902E+1	0.0000000E+0	0.0000000E+0	1.0000000E+2	0.0000000E+0
1.9944100E+2	6.1227326E+1	6.1118833E+1	0.0000000E+0	0.0000000E+0	1.0000000E+2	0.0000000E+0
1.9949100E+2	6.1251373E+1	6.1136853E+1	0.0000000E+0	0.0000000E+0	1.0000000E+2	0.0000000E+0
1.9954100E+2	6.1272938E+1	6.1135917E+1	0.0000000E+0	0.0000000E+0	1.0000000E+2	0.0000000E+0
1.9959100E+2	6.1273552E+1	6.1135006E+1	0.0000000E+0	0.0000000E+0	1.0000000E+2	0.0000000E+0
1.9964100E+2	6.1298911E+1	6.1131488E+1	0.0000000E+0	0.0000000E+0	1.0000000E+2	0.0000000E+0
1.9969100E+2	6.1309444E+1	6.1139247E+1	0.0000000E+0	0.0000000E+0	1.0000000E+2	0.0000000E+0
1.9974100E+2	6.1285709E+1	6.1115304E+1	0.0000000E+0	0.0000000E+0	1.0000000E+2	0.0000000E+0
1.9979100E+2	6.1305558E+1	6.1110969E+1	0.0000000E+0	0.0000000E+0	1.0000000E+2	0.0000000E+0
1.9984100E+2	6.1322299E+1	6.1133087E+1	0.0000000E+0	0.0000000E+0	1.0000000E+2	0.0000000E+0
1.9989100E+2	6.1329185E+1	6.1124809E+1	0.0000000E+0	0.0000000E+0	1.0000000E+2	0.0000000E+0
1.9994100E+2	6.1341140E+1	6.1118793E+1	0.0000000E+0	0.0000000E+0	1.0000000E+2	0.0000000E+0
1.9999100E+2	6.1357909E+1	6.1112479E+1	0.0000000E+0	0.0000000E+0	1.0000000E+2	0.0000000E+0
2.0004100E+2	6.1393202E+1	6.1125401E+1	0.0000000E+0	0.0000000E+0	1.0000000E+2	0.0000000E+0
2.0009100E+2	6.1424180E+1	6.1126485E+1	0.0000000E+0	0.0000000E+0	1.0000000E+2	0.0000000E+0
2.0014100E+2	6.1439429E+1	6.1132583E+1	0.0000000E+0	0.0000000E+0	1.0000000E+2	0.0000000E+0
2.0019100E+2	6.1423423E+1	6.1132547E+1	0.0000000E+0	0.0000000E+0	1.0000000E+2	0.0000000E+0
2.0024100E+2	6.1410196E+1	6.1133785E+1	0.0000000E+0	0.0000000E+0	1.0000000E+2	0.0000000E+0
2.0029100E+2	6.1419471E+1	6.1149131E+1	0.0000000E+0	0.0000000E+0	1.0000000E+2	0.0000000E+0
2.0034100E+2	6.1427410E+1	6.1143950E+1	0.0000000E+0	0.0000000E+0	1.0000000E+2	0.0000000E+0
2.0039100E+2	6.1432130E+1	6.1143524E+1	0.0000000E+0	0.0000000E+0	1.0000000E+2	0.0000000E+0
2.0044100E+2	6.1455353E+1	6.1150318E+1	0.0000000E+0	0.0000000E+0	1.0000000E+2	0.0000000E+0
2.0049100E+2	6.1475899E+1	6.1135538E+1	0.0000000E+0	0.0000000E+0	1.0000000E+2	0.0000000E+0
2.0054100E+2	6.1497508E+1	6.1138279E+1	0.0000000E+0	0.0000000E+0	1.0000000E+2	0.0000000E+0
2.0059100E+2	6.1530979E+1	6.1144514E+1	0.0000000E+0	0.0000000E+0	1.0000000E+2	0.0000000E+0
2.0064100E+2	6.1545014E+1	6.1144425E+1	0.0000000E+0	0.0000000E+0	1.0000000E+2	0.0000000E+0
2.0069100E+2	6.1559587E+1	6.1150052E+1	0.0000000E+0	0.0000000E+0	1.0000000E+2	0.0000000E+0
2.0074100E+2	6.1596046E+1	6.1157298E+1	0.0000000E+0	0.0000000E+0	1.0000000E+2	0.0000000E+0
2.0079100E+2	6.1614241E+1	6.1143754E+1	0.0000000E+0	0.0000000E+0	1.0000000E+2	0.0000000E+0
2.0084100E+2	6.1628309E+1	6.1144631E+1	0.0000000E+0	0.0000000E+0	1.0000000E+2	0.0000000E+0
2.0089100E+2	6.1656653E+1	6.1144467E+1	0.0000000E+0	0.0000000E+0	1.0000000E+2	0.0000000E+0
2.0094100E+2	6.1681039E+1	6.1150799E+1	0.0000000E+0	0.0000000E+0	1.0000000E+2	0.0000000E+0
2.0099100E+2	6.1682520E+1	6.1144047E+1	0.0000000E+0	0.0000000E+0	1.0000000E+2	0.0000000E+0
2.0104100E+2	6.1684513E+1	6.1152356E+1	0.0000000E+0	0.0000000E+0	1.0000000E+2	0.0000000E+0
2.0109100E+2	6.1687163E+1	6.1132391E+1	0.0000000E+0	0.0000000E+0	1.0000000E+2	0.0000000E+0
2.0114100E+2	6.1722449E+1	6.1148620E+1	0.0000000E+0	0.0000000E+0	1.0000000E+2	0.0000000E+0
2.0119100E+2	6.1692733E+1	6.1148494E+1	0.0000000E+0	0.0000000E+0	1.0000000E+2	0.0000000E+0
2.0124100E+2	6.1692887E+1	6.1126236E+1	0.0000000E+0	0.0000000E+0	1.0000000E+2	0.0000000E+0
2.0129200E+2	6.1719121E+1	6.1135070E+1	0.0000000E+0	0.0000000E+0	1.0000000E+2	0.0000000E+0
2.0134300E+2	6.1739533E+1	6.1145848E+1	0.0000000E+0	0.0000000E+0	1.0000000E+2	0.0000000E+0
2.0139300E+2	6.1747454E+1	6.1138380E+1	0.0000000E+0	0.0000000E+0	1.0000000E+2	0.0000000E+0
2.0144400E+2	6.1767597E+1	6.1154053E+1	0.0000000E+0	0.0000000E+0	1.0000000E+2	0.0000000E+0
2.0149400E+2	6.1771323E+1	6.1150618E+1	0.0000000E+0	0.0000000E+0	1.0000000E+2	0.0000000E+0
2.0154400E+2	6.1774021E+1	6.1148224E+1	0.0000000E+0	0.0000000E+0	1.0000000E+2	0.0000000E+0
2.0159400E+2	6.1806963E+1	6.1151199E+1	0.0000000E+0	0.0000000E+0	1.0000000E+2	0.0000000E+0
2.0164500E+2	6.1818795E+1	6.1148763E+1	0.0000000E+0	0.0000000E+0	1.0000000E+2	0.0000000E+0
2.0169500E+2	6.1821939E+1	6.1149423E+1	0.0000000E+0	0.0000000E+0	1.0000000E+2	0.0000000E+0
2.0174600E+2	6.1838680E+1	6.1137505E+1	0.0000000E+0	0.0000000E+0	1.0000000E+2	0.0000000E+0
2.0179700E+2	6.1853942E+1	6.1143410E+1	0.0000000E+0	0.0000000E+0	1.0000000E+2	0.0000000E+0
2.0184700E+2	6.1871596E+1	6.1147058E+1	0.0000000E+0	0.0000000E+0	1.0000000E+2	0.0000000E+0
2.0189700E+2	6.1886049E+1	6.1154522E+1	0.0000000E+0	0.0000000E+0	1.0000000E+2	0.0000000E+0
2.0194700E+2	6.1881589E+1	6.1147355E+1	0.0000000E+0	0.0000000E+0	1.0000000E+2	0.0000000E+0
2.0199700E+2	6.1913316E+1	6.1160842E+1	0.0000000E+0	0.0000000E+0	1.0000000E+2	0.0000000E+0
2.0204700E+2	6.1939163E+1	6.1148154E+1	0.0000000E+0	0.0000000E+0	1.0000000E+2	0.0000000E+0
2.0209700E+2	6.1939030E+1	6.1125550E+1	0.0000000E+0	0.0000000E+0	1.0000000E+2	0.0000000E+0
2.0214700E+2	6.1946021E+1	6.1133337E+1	0.0000000E+0	0.0000000E+0	1.0000000E+2	0.0000000E+0
2.0219700E+2	6.1976094E+1	6.1123891E+1	0.0000000E+0	0.0000000E+0	1.0000000E+2	0.0000000E+0
2.0224700E+2	6.2018899E+1	6.1149023E+1	0.0000000E+0	0.0000000E+0	1.0000000E+2	0.0000000E+0
2.0229700E+2	6.2024803E+1	6.1159378E+1	0.0000000E+0	0.0000000E+0	1.0000000E+2	0.0000000E+0
2.0234700E+2	6.2010774E+1	6.1146895E+1	0.0000000E+0	0.0000000E+0	1.0000000E+2	0.0000000E+0
2.0239700E+2	6.2017722E+1	6.1134206E+1	0.0000000E+0	0.0000000E+0	1.0000000E+2	0.0000000E+0
2.0244700E+2	6.2078399E+1	6.1155849E+1	0.0000000E+0	0.0000000E+0	1.0000000E+2	0.0000000E+0
2.0249700E+2	6.2089051E+1	6.1155016E+1	0.0000000E+0	0.0000000E+0	1.0000000E+2	0.0000000E+0
2.0254700E+2	6.2120951E+1	6.1144798E+1	0.0000000E+0	0.0000000E+0	1.0000000E+2	0.0000000E+0
2.0259700E+2	6.2164419E+1	6.1166417E+1	0.0000000E+0	0.0000000E+0	1.0000000E+2	0.0000000E+0
2.0264700E+2	6.2193919E+1	6.1167267E+1	0.0000000E+0	0.0000000E+0	1.0000000E+2	0.0000000E+0
2.0269700E+2	6.2225729E+1	6.1162843E+1	0.0000000E+0	0.0000000E+0	1.0000000E+2	0.0000000E+0
2.0274700E+2	6.2262989E+1	6.1160351E+1	0.0000000E+0	0.0000000E+0	1.0000000E+2	0.0000000E+0
2.0279700E+2	6.2299015E+1	6.1172427E+1	0.0000000E+0	0.0000000E+0	1.0000000E+2	0.0000000E+0
2.0284700E+2	6.2326525E+1	6.1170703E+1	0.0000000E+0	0.0000000E+0	1.0000000E+2	0.0000000E+0
2.0289700E+2	6.2362133E+1	6.1176230E+1	0.0000000E+0	0.0000000E+0	1.0000000E+2	0.0000000E+0
2.0294700E+2	6.2362289E+1	6.1160180E+1	0.0000000E+0	0.0000000E+0	1.0000000E+2	0.0000000E+0
2.0299700E+2	6.2388709E+1	6.1155975E+1	0.0000000E+0	0.0000000E+0	1.0000000E+2	0.0000000E+0
2.0304700E+2	6.2403863E+1	6.1164985E+1	0.0000000E+0	0.0000000E+0	1.0000000E+2	0.0000000E+0
2.0309700E+2	6.2405374E+1	6.1145249E+1	0.0000000E+0	0.0000000E+0	1.0000000E+2	0.0000000E+0
2.0314700E+2	6.2427126E+1	6.1159902E+1	0.0000000E+0	0.0000000E+0	1.0000000E+2	0.0000000E+0
2.0319700E+2	6.2412076E+1	6.1161382E+1	0.0000000E+0	0.0000000E+0	1.0000000E+2	0.0000000E+0
2.0324800E+2	6.2405063E+1	6.1148231E+1	0.0000000E+0	0.0000000E+0	1.0000000E+2	0.0000000E+0
2.0329800E+2	6.2417300E+1	6.1150914E+1	0.0000000E+0	0.0000000E+0	1.0000000E+2	0.0000000E+0
2.0334900E+2	6.2438681E+1	6.1161733E+1	0.0000000E+0	0.0000000E+0	1.0000000E+2	0.0000000E+0
2.0339900E+2	6.2454956E+1	6.1180431E+1	0.0000000E+0	0.0000000E+0	1.0000000E+2	0.0000000E+0
2.0345000E+2	6.2453717E+1	6.1166884E+1	0.0000000E+0	0.0000000E+0	1.0000000E+2	0.0000000E+0
2.0350000E+2	6.2462024E+1	6.1165196E+1	0.0000000E+0	0.0000000E+0	1.0000000E+2	0.0000000E+0
2.0355100E+2	6.2476084E+1	6.1170976E+1	0.0000000E+0	0.0000000E+0	1.0000000E+2	0.0000000E+0
2.0360100E+2	6.2494597E+1	6.1182265E+1	0.0000000E+0	0.0000000E+0	1.0000000E+2	0.0000000E+0
2.0365100E+2	6.2480706E+1	6.1159073E+1	0.0000000E+0	0.0000000E+0	1.0000000E+2	0.0000000E+0
2.0370100E+2	6.2491976E+1	6.1173145E+1	0.0000000E+0	0.0000000E+0	1.0000000E+2	0.0000000E+0
2.0375100E+2	6.2515166E+1	6.1176249E+1	0.0000000E+0	0.0000000E+0	1.0000000E+2	0.0000000E+0
2.0380200E+2	6.2541227E+1	6.1175019E+1	0.0000000E+0	0.0000000E+0	1.0000000E+2	0.0000000E+0
2.0385300E+2	6.2550206E+1	6.1179354E+1	0.0000000E+0	0.0000000E+0	1.0000000E+2	0.0000000E+0
2.0390300E+2	6.2571698E+1	6.1185795E+1	0.0000000E+0	0.0000000E+0	1.0000000E+2	0.0000000E+0
2.0395300E+2	6.2583066E+1	6.1187991E+1	0.0000000E+0	0.0000000E+0	1.0000000E+2	0.0000000E+0
2.0400300E+2	6.2600345E+1	6.1193406E+1	0.0000000E+0	0.0000000E+0	1.0000000E+2	0.0000000E+0
2.0405400E+2	6.2598939E+1	6.1191095E+1	0.0000000E+0	0.0000000E+0	1.0000000E+2	0.0000000E+0
2.0410400E+2	6.2630006E+1	6.1197144E+1	0.0000000E+0	0.0000000E+0	1.0000000E+2	0.0000000E+0
2.0415400E+2	6.2611589E+1	6.1185341E+1	0.0000000E+0	0.0000000E+0	1.0000000E+2	0.0000000E+0
2.0420400E+2	6.2617699E+1	6.1190462E+1	0.0000000E+0	0.0000000E+0	1.0000000E+2	0.0000000E+0
2.0425400E+2	6.2602961E+1	6.1200582E+1	0.0000000E+0	0.0000000E+0	1.0000000E+2	0.0000000E+0
2.0430400E+2	6.2547281E+1	6.1194395E+1	0.0000000E+0	0.0000000E+0	1.0000000E+2	0.0000000E+0
2.0435400E+2	6.2540366E+1	6.1184449E+1	0.0000000E+0	0.0000000E+0	1.0000000E+2	0.0000000E+0
2.0440400E+2	6.2548856E+1	6.1189544E+1	0.0000000E+0	0.0000000E+0	1.0000000E+2	0.0000000E+0
2.0445400E+2	6.2564385E+1	6.1193320E+1	0.0000000E+0	0.0000000E+0	1.0000000E+2	0.0000000E+0
2.0450400E+2	6.2561454E+1	6.1195524E+1	0.0000000E+0	0.0000000E+0	1.0000000E+2	0.0000000E+0
2.0455500E+2	6.2522339E+1	6.1180998E+1	0.0000000E+0	0.0000000E+0	1.0000000E+2	0.0000000E+0
2.0460500E+2	6.2537542E+1	6.1190947E+1	0.0000000E+0	0.0000000E+0	1.0000000E+2	0.0000000E+0
2.0465500E+2	6.2555803E+1	6.1195254E+1	0.0000000E+0	0.0000000E+0	1.0000000E+2	0.0000000E+0
2.0470500E+2	6.2556093E+1	6.1208933E+1	0.0000000E+0	0.0000000E+0	1.0000000E+2	0.0000000E+0
2.0475500E+2	6.2531734E+1	6.1190450E+1	0.0000000E+0	0.0000000E+0	1.0000000E+2	0.0000000E+0
2.0480600E+2	6.2512338E+1	6.1173097E+1	0.0000000E+0	0.0000000E+0	1.0000000E+2	0.0000000E+0
2.0485600E+2	6.2527348E+1	6.1178618E+1	0.0000000E+0	0.0000000E+0	1.0000000E+2	0.0000000E+0
2.0490600E+2	6.2526110E+1	6.1178971E+1	0.0000000E+0	0.0000000E+0	1.0000000E+2	0.0000000E+0
2.0495600E+2	6.2522292E+1	6.1175454E+1	0.0000000E+0	0.0000000E+0	1.0000000E+2	0.0000000E+0
2.0500600E+2	6.2530680E+1	6.1173644E+1	0.0000000E+0	0.0000000E+0	1.0000000E+2	0.0000000E+0
2.0505600E+2	6.2527613E+1	6.1165918E+1	0.0000000E+0	0.0000000E+0	1.0000000E+2	0.0000000E+0
2.0510600E+2	6.2538703E+1	6.1161648E+1	0.0000000E+0	0.0000000E+0	1.0000000E+2	0.0000000E+0
2.0515600E+2	6.2558405E+1	6.1176731E+1	0.0000000E+0	0.0000000E+0	1.0000000E+2	0.0000000E+0
2.0520600E+2	6.2564524E+1	6.1190636E+1	0.0000000E+0	0.0000000E+0	1.0000000E+2	0.0000000E+0
2.0525600E+2	6.2552897E+1	6.1197740E+1	0.0000000E+0	0.0000000E+0	1.0000000E+2	0.0000000E+0
2.0530600E+2	6.2514801E+1	6.1215345E+1	0.0000000E+0	0.0000000E+0	1.0000000E+2	0.0000000E+0
2.0535600E+2	6.2496124E+1	6.1208238E+1	0.0000000E+0	0.0000000E+0	1.0000000E+2	0.0000000E+0
2.0540600E+2	6.2520197E+1	6.1198373E+1	0.0000000E+0	0.0000000E+0	1.0000000E+2	0.0000000E+0
2.0545600E+2	6.2536474E+1	6.1218513E+1	0.0000000E+0	0.0000000E+0	1.0000000E+2	0.0000000E+0
2.0550600E+2	6.2541668E+1	6.1222280E+1	0.0000000E+0	0.0000000E+0	1.0000000E+2	0.0000000E+0
2.0555600E+2	6.2562598E+1	6.1220718E+1	0.0000000E+0	0.0000000E+0	1.0000000E+2	0.0000000E+0
2.0560700E+2	6.2559415E+1	6.1198419E+1	0.0000000E+0	0.0000000E+0	1.0000000E+2	0.0000000E+0
2.0565700E+2	6.2573904E+1	6.1202966E+1	0.0000000E+0	0.0000000E+0	1.0000000E+2	0.0000000E+0
2.0570800E+2	6.2579336E+1	6.1201025E+1	0.0000000E+0	0.0000000E+0	1.0000000E+2	0.0000000E+0
2.0575800E+2	6.2581629E+1	6.1198986E+1	0.0000000E+0	0.0000000E+0	1.0000000E+2	0.0000000E+0
2.0580800E+2	6.2583216E+1	6.1197141E+1	0.0000000E+0	0.0000000E+0	1.0000000E+2	0.0000000E+0
2.0585800E+2	6.2590279E+1	6.1180739E+1	0.0000000E+0	0.0000000E+0	1.0000000E+2	0.0000000E+0
2.0590900E+2	6.2608620E+1	6.1193933E+1	0.0000000E+0	0.0000000E+0	1.0000000E+2	0.0000000E+0
2.0595900E+2	6.2598109E+1	6.1186551E+1	0.0000000E+0	0.0000000E+0	1.0000000E+2	0.0000000E+0
2.0601000E+2	6.2611699E+1	6.1189446E+1	0.0000000E+0	0.0000000E+0	1.0000000E+2	0.0000000E+0
2.0606000E+2	6.2613434E+1	6.1196471E+1	0.0000000E+0	0.0000000E+0	1.0000000E+2	0.0000000E+0
2.0611000E+2	6.2621418E+1	6.1188596E+1	0.0000000E+0	0.0000000E+0	1.0000000E+2	0.0000000E+0
2.0616100E+2	6.2619834E+1	6.1197148E+1	0.0000000E+0	0.0000000E+0	1.0000000E+2	0.0000000E+0
2.0621100E+2	6.2613217E+1	6.1184256E+1	0.0000000E+0	0.0000000E+0	1.0000000E+2	0.0000000E+0
2.0626200E+2	6.2595717E+1	6.1181996E+1	0.0000000E+0	0.0000000E+0	1.0000000E+2	0.0000000E+0
2.0631200E+2	6.2540240E+1	6.1181011E+1	0.0000000E+0	0.0000000E+0	1.0000000E+2	0.0000000E+0
2.0636200E+2	6.2527688E+1	6.1180725E+1	0.0000000E+0	0.0000000E+0	1.0000000E+2	0.0000000E+0
2.0641200E+2	6.2546910E+1	6.1189183E+1	0.0000000E+0	0.0000000E+0	1.0000000E+2	0.0000000E+0
2.0646200E+2	6.2557735E+1	6.1195016E+1	0.0000000E+0	0.0000000E+0	1.0000000E+2	0.0000000E+0
2.0651200E+2	6.2554416E+1	6.1179664E+1	0.0000000E+0	0.0000000E+0	1.0000000E+2	0.0000000E+0
2.0656300E+2	6.2550780E+1	6.1178218E+1	0.0000000E+0	0.0000000E+0	1.0000000E+2	0.0000000E+0
2.0661400E+2	6.2561395E+1	6.1182551E+1	0.0000000E+0	0.0000000E+0	1.0000000E+2	0.0000000E+0
2.0666500E+2	6.2566619E+1	6.1187516E+1	0.0000000E+0	0.0000000E+0	1.0000000E+2	0.0000000E+0
2.0671500E+2	6.2571943E+1	6.1182280E+1	0.0000000E+0	0.0000000E+0	1.0000000E+2	0.0000000E+0
2.0676500E+2	6.2559308E+1	6.1169563E+1	0.0000000E+0	0.0000000E+0	1.0000000E+2	0.0000000E+0
2.0681500E+2	6.2551696E+1	6.1166334E+1	0.0000000E+0	0.0000000E+0	1.0000000E+2	0.0000000E+0
2.0686600E+2	6.2582848E+1	6.1175058E+1	0.0000000E+0	0.0000000E+0	1.0000000E+2	0.0000000E+0
2.0691600E+2	6.2606415E+1	6.1194980E+1	0.0000000E+0	0.0000000E+0	1.0000000E+2	0.0000000E+0
2.0696600E+2	6.2619478E+1	6.1193837E+1	0.0000000E+0	0.0000000E+0	1.0000000E+2	0.0000000E+0
2.0701600E+2	6.2618848E+1	6.1181803E+1	0.0000000E+0	0.0000000E+0	1.0000000E+2	0.0000000E+0
2.0706600E+2	6.2640074E+1	6.1191261E+1	0.0000000E+0	0.0000000E+0	1.0000000E+2	0.0000000E+0
2.0711600E+2	6.2639485E+1	6.1189574E+1	0.0000000E+0	0.0000000E+0	1.0000000E+2	0.0000000E+0
2.0716600E+2	6.2639691E+1	6.1183383E+1	0.0000000E+0	0.0000000E+0	1.0000000E+2	0.0000000E+0
2.0721600E+2	6.2637040E+1	6.1187981E+1	0.0000000E+0	0.0000000E+0	1.0000000E+2	0.0000000E+0
2.0726600E+2	6.2629203E+1	6.1197011E+1	0.0000000E+0	0.0000000E+0	1.0000000E+2	0.0000000E+0
2.0731600E+2	6.2638474E+1	6.1188075E+1	0.0000000E+0	0.0000000E+0	1.0000000E+2	0.0000000E+0
2.0736600E+2	6.2633186E+1	6.1177641E+1	0.0000000E+0	0.0000000E+0	1.0000000E+2	0.0000000E+0
2.0741600E+2	6.2641670E+1	6.1179069E+1	0.0000000E+0	0.0000000E+0	1.0000000E+2	0.0000000E+0
2.0746600E+2	6.2628084E+1	6.1183327E+1	0.0000000E+0	0.0000000E+0	1.0000000E+2	0.0000000E+0
2.0751600E+2	6.2592072E+1	6.1178799E+1	0.0000000E+0	0.0000000E+0	1.0000000E+2	0.0000000E+0
2.0756700E+2	6.2603268E+1	6.1192443E+1	0.0000000E+0	0.0000000E+0	1.0000000E+2	0.0000000E+0
2.0761800E+2	6.2647209E+1	6.1203574E+1	0.0000000E+0	0.0000000E+0	1.0000000E+2	0.0000000E+0
2.0766800E+2	6.2675729E+1	6.1206870E+1	0.0000000E+0	0.0000000E+0	1.0000000E+2	0.0000000E+0
2.0771800E+2	6.2675219E+1	6.1203124E+1	0.0000000E+0	0.0000000E+0	1.0000000E+2	0.0000000E+0
2.0776800E+2	6.2665414E+1	6.1192859E+1	0.0000000E+0	0.0000000E+0	1.0000000E+2	0.0000000E+0
2.0781800E+2	6.2661070E+1	6.1186847E+1	0.0000000E+0	0.0000000E+0	1.0000000E+2	0.0000000E+0
2.0786800E+2	6.2674479E+1	6.1184405E+1	0.0000000E+0	0.0000000E+0	1.0000000E+2	0.0000000E+0
2.0791900E+2	6.2702982E+1	6.1210513E+1	0.0000000E+0	0.0000000E+0	1.0000000E+2	0.0000000E+0
2.0797000E+2	6.2694934E+1	6.1201451E+1	0.0000000E+0	0.0000000E+0	1.0000000E+2	0.0000000E+0
2.0802000E+2	6.2701444E+1	6.1205498E+1	0.0000000E+0	0.0000000E+0	1.0000000E+2	0.0000000E+0
2.0807000E+2	6.2701420E+1	6.1197591E+1	0.0000000E+0	0.0000000E+0	1.0000000E+2	0.0000000E+0
2.0812000E+2	6.2726659E+1	6.1206328E+1	0.0000000E+0	0.0000000E+0	1.0000000E+2	0.0000000E+0
2.0817000E+2	6.2734696E+1	6.1199853E+1	0.0000000E+0	0.0000000E+0	1.0000000E+2	0.0000000E+0
2.0822000E+2	6.2724089E+1	6.1192982E+1	0.0000000E+0	0.0000000E+0	1.0000000E+2	0.0000000E+0
2.0827000E+2	6.2723004E+1	6.1188507E+1	0.0000000E+0	0.0000000E+0	1.0000000E+2	0.0000000E+0
2.0832000E+2	6.2734533E+1	6.1209388E+1	0.0000000E+0	0.0000000E+0	1.0000000E+2	0.0000000E+0
2.0837100E+2	6.2759219E+1	6.1217601E+1	0.0000000E+0	0.0000000E+0	1.0000000E+2	0.0000000E+0
2.0842100E+2	6.2764486E+1	6.1209030E+1	0.0000000E+0	0.0000000E+0	1.0000000E+2	0.0000000E+0
2.0847100E+2	6.2774355E+1	6.1208988E+1	0.0000000E+0	0.0000000E+0	1.0000000E+2	0.0000000E+0
2.0852200E+2	6.2796125E+1	6.1197145E+1	0.0000000E+0	0.0000000E+0	1.0000000E+2	0.0000000E+0
2.0857300E+2	6.2798586E+1	6.1205177E+1	0.0000000E+0	0.0000000E+0	1.0000000E+2	0.0000000E+0
2.0862400E+2	6.2821621E+1	6.1199315E+1	0.0000000E+0	0.0000000E+0	1.0000000E+2	0.0000000E+0
2.0867500E+2	6.2828854E+1	6.1191939E+1	0.0000000E+0	0.0000000E+0	1.0000000E+2	0.0000000E+0
2.0872500E+2	6.2847089E+1	6.1202401E+1	0.0000000E+0	0.0000000E+0	1.0000000E+2	0.0000000E+0
2.0877500E+2	6.2835932E+1	6.1210119E+1	0.0000000E+0	0.0000000E+0	1.0000000E+2	0.0000000E+0
2.0882500E+2	6.2802032E+1	6.1211398E+1	0.0000000E+0	0.0000000E+0	1.0000000E+2	0.0000000E+0
2.0887500E+2	6.2796495E+1	6.1192341E+1	0.0000000E+0	0.0000000E+0	1.0000000E+2	0.0000000E+0
2.0892500E+2	6.2806307E+1	6.1187873E+1	0.0000000E+0	0.0000000E+0	1.0000000E+2	0.0000000E+0
2.0897500E+2	6.2822476E+1	6.1195620E+1	0.0000000E+0	0.0000000E+0	1.0000000E+2	0.0000000E+0
2.0902600E+2	6.2849893E+1	6.1214750E+1	0.0000000E+0	0.0000000E+0	1.0000000E+2	0.0000000E+0
2.0907600E+2	6.2855370E+1	6.1217912E+1	0.0000000E+0	0.0000000E+0	1.0000000E+2	0.0000000E+0
2.0912600E+2	6.2841334E+1	6.1191743E+1	0.0000000E+0	0.0000000E+0	1.0000000E+2	0.0000000E+0
2.0917600E+2	6.2883034E+1	6.1209414E+1	0.0000000E+0	0.0000000E+0	1.0000000E+2	0.0000000E+0
2.0922600E+2	6.2895742E+1	6.1209868E+1	0.0000000E+0	0.0000000E+0	1.0000000E+2	0.0000000E+0
2.0927700E+2	6.2891043E+1	6.1207919E+1	0.0000000E+0	0.0000000E+0	1.0000000E+2	0.0000000E+0
2.0932700E+2	6.2896801E+1	6.1211216E+1	0.0000000E+0	0.0000000E+0	1.0000000E+2	0.0000000E+0
2.0937700E+2	6.2907265E+1	6.1207871E+1	0.0000000E+0	0.0000000E+0	1.0000000E+2	0.0000000E+0
2.0942700E+2	6.2933036E+1	6.1221396E+1	0.0000000E+0	0.0000000E+0	1.0000000E+2	0.0000000E+0
2.0947800E+2	6.2945554E+1	6.1226480E+1	0.0000000E+0	0.0000000E+0	1.0000000E+2	0.0000000E+0
2.0952800E+2	6.2957944E+1	6.1234014E+1	0.0000000E+0	0.0000000E+0	1.0000000E+2	0.0000000E+0
2.0957800E+2	6.2970431E+1	6.1227129E+1	0.0000000E+0	0.0000000E+0	1.0000000E+2	0.0000000E+0
2.0962800E+2	6.2985021E+1	6.1234795E+1	0.0000000E+0	0.0000000E+0	1.0000000E+2	0.0000000E+0
2.0967800E+2	6.2972568E+1	6.1211325E+1	0.0000000E+0	0.0000000E+0	1.0000000E+2	0.0000000E+0
2.0972800E+2	6.2905297E+1	6.1214372E+1	0.0000000E+0	0.0000000E+0	1.0000000E+2	0.0000000E+0
2.0977800E+2	6.2899508E+1	6.1211150E+1	0.0000000E+0	0.0000000E+0	1.0000000E+2	0.0000000E+0
2.0982800E+2	6.2926975E+1	6.1215937E+1	0.0000000E+0	0.0000000E+0	1.0000000E+2	0.0000000E+0
2.0987800E+2	6.2958021E+1	6.1246827E+1	0.0000000E+0	0.0000000E+0	1.0000000E+2	0.0000000E+0
2.0992800E+2	6.2961575E+1	6.1218735E+1	0.0000000E+0	0.0000000E+0	1.0000000E+2	0.0000000E+0
2.0997800E+2	6.2978923E+1	6.1227173E+1	0.0000000E+0	0.0000000E+0	1.0000000E+2	0.0000000E+0
2.1002800E+2	6.2992098E+1	6.1235571E+1	0.0000000E+0	0.0000000E+0	1.0000000E+2	0.0000000E+0
2.1007800E+2	6.3002999E+1	6.1228878E+1	0.0000000E+0	0.0000000E+0	1.0000000E+2	0.0000000E+0
2.1012800E+2	6.3028047E+1	6.1242013E+1	0.0000000E+0	0.0000000E+0	1.0000000E+2	0.0000000E+0
2.1017800E+2	6.3042881E+1	6.1237633E+1	0.0000000E+0	0.0000000E+0	1.0000000E+2	0.0000000E+0
2.1022800E+2	6.3046788E+1	6.1250480E+1	0.0000000E+0	0.0000000E+0	1.0000000E+2	0.0000000E+0
2.1027800E+2	6.3060632E+1	6.1249824E+1	0.0000000E+0	0.0000000E+0	1.0000000E+2	0.0000000E+0
2.1032800E+2	6.3070878E+1	6.1259167E+1	0.0000000E+0	0.0000000E+0	1.0000000E+2	0.0000000E+0
2.1037800E+2	6.3058488E+1	6.1248715E+1	0.0000000E+0	0.0000000E+0	1.0000000E+2	0.0000000E+0
2.1042900E+2	6.3044306E+1	6.1229047E+1	0.0000000E+0	0.0000000E+0	1.0000000E+2	0.0000000E+0
2.1048000E+2	6.3043626E+1	6.1228204E+1	0.0000000E+0	0.0000000E+0	1.0000000E+2	0.0000000E+0
2.1053000E+2	6.3059851E+1	6.1233199E+1	0.0000000E+0	0.0000000E+0	1.0000000E+2	0.0000000E+0
2.1058000E+2	6.3057366E+1	6.1241223E+1	0.0000000E+0	0.0000000E+0	1.0000000E+2	0.0000000E+0
2.1063000E+2	6.3066596E+1	6.1222612E+1	0.0000000E+0	0.0000000E+0	1.0000000E+2	0.0000000E+0
2.1068000E+2	6.3074969E+1	6.1235779E+1	0.0000000E+0	0.0000000E+0	1.0000000E+2	0.0000000E+0
2.1073000E+2	6.3054359E+1	6.1219786E+1	0.0000000E+0	0.0000000E+0	1.0000000E+2	0.0000000E+0
2.1078000E+2	6.3040994E+1	6.1217155E+1	0.0000000E+0	0.0000000E+0	1.0000000E+2	0.0000000E+0
2.1083000E+2	6.3052348E+1	6.1231568E+1	0.0000000E+0	0.0000000E+0	1.0000000E+2	0.0000000E+0
2.1088000E+2	6.3080414E+1	6.1233769E+1	0.0000000E+0	0.0000000E+0	1.0000000E+2	0.0000000E+0
2.1093000E+2	6.3087111E+1	6.1234169E+1	0.0000000E+0	0.0000000E+0	1.0000000E+2	0.0000000E+0
2.1098000E+2	6.3100141E+1	6.1221186E+1	0.0000000E+0	0.0000000E+0	1.0000000E+2	0.0000000E+0
2.1103000E+2	6.3103255E+1	6.1219434E+1	0.0000000E+0	0.0000000E+0	1.0000000E+2	0.0000000E+0
2.1108000E+2	6.3102330E+1	6.1217721E+1	0.0000000E+0	0.0000000E+0	1.0000000E+2	0.0000000E+0
2.1113000E+2	6.3055274E+1	6.1224685E+1	0.0000000E+0	0.0000000E+0	1.0000000E+2	0.0000000E+0
2.1118000E+2	6.3051427E+1	6.1209214E+1	0.0000000E+0	0.0000000E+0	1.0000000E+2	0.0000000E+0
2.1123000E+2	6.3058916E+1	6.1205451E+1	0.0000000E+0	0.0000000E+0	1.0000000E+2	0.0000000E+0
2.1128000E+2	6.3090607E+1	6.1220287E+1	0.0000000E+0	0.0000000E+0	1.0000000E+2	0.0000000E+0
2.1133000E+2	6.3111042E+1	6.1229843E+1	0.0000000E+0	0.0000000E+0	1.0000000E+2	0.0000000E+0
2.1138000E+2	6.3129998E+1	6.1243456E+1	0.0000000E+0	0.0000000E+0	1.0000000E+2	0.0000000E+0
2.1143000E+2	6.3142924E+1	6.1238431E+1	0.0000000E+0	0.0000000E+0	1.0000000E+2	0.0000000E+0
2.1148100E+2	6.3150305E+1	6.1238605E+1	0.0000000E+0	0.0000000E+0	1.0000000E+2	0.0000000E+0
2.1153100E+2	6.3141509E+1	6.1220828E+1	0.0000000E+0	0.0000000E+0	1.0000000E+2	0.0000000E+0
2.1158200E+2	6.3141127E+1	6.1209868E+1	0.0000000E+0	0.0000000E+0	1.0000000E+2	0.0000000E+0
2.1163200E+2	6.3145109E+1	6.1220662E+1	0.0000000E+0	0.0000000E+0	1.0000000E+2	0.0000000E+0
2.1168200E+2	6.3161654E+1	6.1214941E+1	0.0000000E+0	0.0000000E+0	1.0000000E+2	0.0000000E+0
2.1173200E+2	6.3156525E+1	6.1216413E+1	0.0000000E+0	0.0000000E+0	1.0000000E+2	0.0000000E+0
2.1178300E+2	6.3173867E+1	6.1222014E+1	0.0000000E+0	0.0000000E+0	1.0000000E+2	0.0000000E+0
2.1183400E+2	6.3184825E+1	6.1224430E+1	0.0000000E+0	0.0000000E+0	1.0000000E+2	0.0000000E+0
2.1188400E+2	6.3195928E+1	6.1231962E+1	0.0000000E+0	0.0000000E+0	1.0000000E+2	0.0000000E+0
2.1193400E+2	6.3211242E+1	6.1222740E+1	0.0000000E+0	0.0000000E+0	1.0000000E+2	0.0000000E+0
2.1198400E+2	6.3227363E+1	6.1219124E+1	0.0000000E+0	0.0000000E+0	1.0000000E+2	0.0000000E+0
2.1203400E+2	6.3254615E+1	6.1224685E+1	0.0000000E+0	0.0000000E+0	1.0000000E+2	0.0000000E+0
2.1208400E+2	6.3262802E+1	6.1228782E+1	0.0000000E+0	0.0000000E+0	1.0000000E+2	0.0000000E+0
2.1213400E+2	6.3244611E+1	6.1214632E+1	0.0000000E+0	0.0000000E+0	1.0000000E+2	0.0000000E+0
2.1218400E+2	6.3248477E+1	6.1214668E+1	0.0000000E+0	0.0000000E+0	1.0000000E+2	0.0000000E+0
2.1223400E+2	6.3262887E+1	6.1229567E+1	0.0000000E+0	0.0000000E+0	1.0000000E+2	0.0000000E+0
2.1228400E+2	6.3241339E+1	6.1210415E+1	0.0000000E+0	0.0000000E+0	1.0000000E+2	0.0000000E+0
2.1233400E+2	6.3238831E+1	6.1203312E+1	0.0000000E+0	0.0000000E+0	1.0000000E+2	0.0000000E+0
2.1238400E+2	6.3248265E+1	6.1222661E+1	0.0000000E+0	0.0000000E+0	1.0000000E+2	0.0000000E+0
2.1243400E+2	6.3230789E+1	6.1218502E+1	0.0000000E+0	0.0000000E+0	1.0000000E+2	0.0000000E+0
2.1248500E+2	6.3195889E+1	6.1212564E+1	0.0000000E+0	0.0000000E+0	1.0000000E+2	0.0000000E+0
2.1253500E+2	6.3162055E+1	6.1203747E+1	0.0000000E+0	0.0000000E+0	1.0000000E+2	0.0000000E+0
2.1258500E+2	6.3163044E+1	6.1200551E+1	0.0000000E+0	0.0000000E+0	1.0000000E+2	0.0000000E+0
2.1263500E+2	6.3175651E+1	6.1196343E+1	0.0000000E+0	0.0000000E+0	1.0000000E+2	0.0000000E+0
2.1268500E+2	6.3169644E+1	6.1188184E+1	0.0000000E+0	0.0000000E+0	1.0000000E+2	0.0000000E+0
2.1273500E+2	6.3194551E+1	6.1205196E+1	0.0000000E+0	0.0000000E+0	1.0000000E+2	0.0000000E+0
2.1278500E+2	6.3212971E+1	6.1206095E+1	0.0000000E+0	0.0000000E+0	1.0000000E+2	0.0000000E+0
2.1283500E+2	6.3229055E+1	6.1196688E+1	0.0000000E+0	0.0000000E+0	1.0000000E+2	0.0000000E+0
2.1288500E+2	6.3236058E+1	6.1200867E+1	0.0000000E+0	0.0000000E+0	1.0000000E+2	0.0000000E+0
2.1293500E+2	6.3226380E+1	6.1199697E+1	0.0000000E+0	0.0000000E+0	1.0000000E+2	0.0000000E+0
2.1298600E+2	6.3202896E+1	6.1183646E+1	0.0000000E+0	0.0000000E+0	1.0000000E+2	0.0000000E+0
2.1303700E+2	6.3228881E+1	6.1192523E+1	0.0000000E+0	0.0000000E+0	1.0000000E+2	0.0000000E+0
2.1308800E+2	6.3236179E+1	6.1177552E+1	0.0000000E+0	0.0000000E+0	1.0000000E+2	0.0000000E+0
2.1313800E+2	6.3259738E+1	6.1189065E+1	0.0000000E+0	0.0000000E+0	1.0000000E+2	0.0000000E+0
2.1318800E+2	6.3275652E+1	6.1189910E+1	0.0000000E+0	0.0000000E+0	1.0000000E+2	0.0000000E+0
2.1323900E+2	6.3282171E+1	6.1194987E+1	0.0000000E+0	0.0000000E+0	1.0000000E+2	0.0000000E+0
2.1329000E+2	6.3248725E+1	6.1177524E+1	0.0000000E+0	0.0000000E+0	1.0000000E+2	0.0000000E+0
2.1334000E+2	6.3262336E+1	6.1184567E+1	0.0000000E+0	0.0000000E+0	1.0000000E+2	0.0000000E+0
2.1339000E+2	6.3262827E+1	6.1183568E+1	0.0000000E+0	0.0000000E+0	1.0000000E+2	0.0000000E+0
2.1344000E+2	6.3266246E+1	6.1186760E+1	0.0000000E+0	0.0000000E+0	1.0000000E+2	0.0000000E+0
2.1349000E+2	6.3252833E+1	6.1177012E+1	0.0000000E+0	0.0000000E+0	1.0000000E+2	0.0000000E+0
2.1354100E+2	6.3273643E+1	6.1180309E+1	0.0000000E+0	0.0000000E+0	1.0000000E+2	0.0000000E+0
2.1359200E+2	6.3266433E+1	6.1176401E+1	0.0000000E+0	0.0000000E+0	1.0000000E+2	0.0000000E+0
2.1364200E+2	6.3293016E+1	6.1179007E+1	0.0000000E+0	0.0000000E+0	1.0000000E+2	0.0000000E+0
2.1369200E+2	6.3290500E+1	6.1174760E+1	0.0000000E+0	0.0000000E+0	1.0000000E+2	0.0000000E+0
2.1374200E+2	6.3315120E+1	6.1186676E+1	0.0000000E+0	0.0000000E+0	1.0000000E+2	0.0000000E+0
2.1379300E+2	6.3312704E+1	6.1182658E+1	0.0000000E+0	0.0000000E+0	1.0000000E+2	0.0000000E+0
2.1384400E+2	6.3291472E+1	6.1172720E+1	0.0000000E+0	0.0000000E+0	1.0000000E+2	0.0000000E+0
2.1389400E+2	6.3287972E+1	6.1172884E+1	0.0000000E+0	0.0000000E+0	1.0000000E+2	0.0000000E+0
2.1394400E+2	6.3216108E+1	6.1170366E+1	0.0000000E+0	0.0000000E+0	1.0000000E+2	0.0000000E+0
2.1399400E+2	6.3195167E+1	6.1161470E+1	0.0000000E+0	0.0000000E+0	1.0000000E+2	0.0000000E+0
2.1404500E+2	6.3215637E+1	6.1179649E+1	0.0000000E+0	0.0000000E+0	1.0000000E+2	0.0000000E+0
2.1409600E+2	6.3223984E+1	6.1171350E+1	0.0000000E+0	0.0000000E+0	1.0000000E+2	0.0000000E+0
2.1414600E+2	6.3219809E+1	6.1167070E+1	0.0000000E+0	0.0000000E+0	1.0000000E+2	0.0000000E+0
2.1419600E+2	6.3238480E+1	6.1181256E+1	0.0000000E+0	0.0000000E+0	1.0000000E+2	0.0000000E+0
2.1424600E+2	6.3236992E+1	6.1174625E+1	0.0000000E+0	0.0000000E+0	1.0000000E+2	0.0000000E+0
2.1429600E+2	6.3229225E+1	6.1160940E+1	0.0000000E+0	0.0000000E+0	1.0000000E+2	0.0000000E+0
2.1434600E+2	6.3259762E+1	6.1166984E+1	0.0000000E+0	0.0000000E+0	1.0000000E+2	0.0000000E+0
2.1439700E+2	6.3260279E+1	6.1154200E+1	0.0000000E+0	0.0000000E+0	1.0000000E+2	0.0000000E+0
2.1444800E+2	6.3254366E+1	6.1153821E+1	0.0000000E+0	0.0000000E+0	1.0000000E+2	0.0000000E+0
2.1449800E+2	6.3270090E+1	6.1162582E+1	0.0000000E+0	0.0000000E+0	1.0000000E+2	0.0000000E+0
2.1454800E+2	6.3280057E+1	6.1167040E+1	0.0000000E+0	0.0000000E+0	1.0000000E+2	0.0000000E+0
2.1459800E+2	6.3291089E+1	6.1177837E+1	0.0000000E+0	0.0000000E+0	1.0000000E+2	0.0000000E+0
2.1464800E+2	6.3296223E+1	6.1177521E+1	0.0000000E+0	0.0000000E+0	1.0000000E+2	0.0000000E+0
2.1469800E+2	6.3304930E+1	6.1188490E+1	0.0000000E+0	0.0000000E+0	1.0000000E+2	0.0000000E+0
2.1474800E+2	6.3302124E+1	6.1173541E+1	0.0000000E+0	0.0000000E+0	1.0000000E+2	0.0000000E+0
2.1479800E+2	6.3313241E+1	6.1186799E+1	0.0000000E+0	0.0000000E+0	1.0000000E+2	0.0000000E+0
2.1484800E+2	6.3301898E+1	6.1179797E+1	0.0000000E+0	0.0000000E+0	1.0000000E+2	0.0000000E+0
2.1489800E+2	6.3306647E+1	6.1187962E+1	0.0000000E+0	0.0000000E+0	1.0000000E+2	0.0000000E+0
2.1494900E+2	6.3312191E+1	6.1194212E+1	0.0000000E+0	0.0000000E+0	1.0000000E+2	0.0000000E+0
2.1499900E+2	6.3304242E+1	6.1179608E+1	0.0000000E+0	0.0000000E+0	1.0000000E+2	0.0000000E+0
2.1504900E+2	6.3310315E+1	6.1191934E+1	0.0000000E+0	0.0000000E+0	1.0000000E+2	0.0000000E+0
2.1509900E+2	6.3321032E+1	6.1187679E+1	0.0000000E+0	0.0000000E+0	1.0000000E+2	0.0000000E+0
2.1514900E+2	6.3301365E+1	6.1183508E+1	0.0000000E+0	0.0000000E+0	1.0000000E+2	0.0000000E+0
2.1519900E+2	6.3288399E+1	6.1182643E+1	0.0000000E+0	0.0000000E+0	1.0000000E+2	0.0000000E+0
2.1524900E+2	6.3277713E+1	6.1169944E+1	0.0000000E+0	0.0000000E+0	1.0000000E+2	0.0000000E+0
2.1529900E+2	6.3275006E+1	6.1171961E+1	0.0000000E+0	0.0000000E+0	1.0000000E+2	0.0000000E+0
2.1534900E+2	6.3221439E+1	6.1189437E+1	0.0000000E+0	0.0000000E+0	1.0000000E+2	0.0000000E+0
2.1539900E+2	6.3211825E+1	6.1180815E+1	0.0000000E+0	0.0000000E+0	1.0000000E+2	0.0000000E+0
2.1544900E+2	6.3235355E+1	6.1178580E+1	0.0000000E+0	0.0000000E+0	1.0000000E+2	0.0000000E+0
2.1549900E+2	6.3248524E+1	6.1199666E+1	0.0000000E+0	0.0000000E+0	1.0000000E+2	0.0000000E+0
2.1554900E+2	6.3247544E+1	6.1186629E+1	0.0000000E+0	0.0000000E+0	1.0000000E+2	0.0000000E+0
2.1559900E+2	6.3226198E+1	6.1181500E+1	0.0000000E+0	0.0000000E+0	1.0000000E+2	0.0000000E+0
2.1564900E+2	6.3245806E+1	6.1185666E+1	0.0000000E+0	0.0000000E+0	1.0000000E+2	0.0000000E+0
2.1569900E+2	6.3257176E+1	6.1181626E+1	0.0000000E+0	0.0000000E+0	1.0000000E+2	0.0000000E+0
2.1574900E+2	6.3251112E+1	6.1169088E+1	0.0000000E+0	0.0000000E+0	1.0000000E+2	0.0000000E+0
2.1579900E+2	6.3263970E+1	6.1172127E+1	0.0000000E+0	0.0000000E+0	1.0000000E+2	0.0000000E+0
2.1584900E+2	6.3264033E+1	6.1168764E+1	0.0000000E+0	0.0000000E+0	1.0000000E+2	0.0000000E+0
2.1589900E+2	6.3235448E+1	6.1159666E+1	0.0000000E+0	0.0000000E+0	1.0000000E+2	0.0000000E+0
2.1594900E+2	6.3243257E+1	6.1167839E+1	0.0000000E+0	0.0000000E+0	1.0000000E+2	0.0000000E+0
2.1599900E+2	6.3247717E+1	6.1163648E+1	0.0000000E+0	0.0000000E+0	1.0000000E+2	0.0000000E+0
2.1604900E+2	6.3241155E+1	6.1167845E+1	0.0000000E+0	0.0000000E+0	1.0000000E+2	0.0000000E+0
2.1609900E+2	6.3226757E+1	6.1158744E+1	0.0000000E+0	0.0000000E+0	1.0000000E+2	0.0000000E+0
2.1614900E+2	6.3240322E+1	6.1178247E+1	0.0000000E+0	0.0000000E+0	1.0000000E+2	0.0000000E+0
2.1619900E+2	6.3242843E+1	6.1178847E+1	0.0000000E+0	0.0000000E+0	1.0000000E+2	0.0000000E+0
2.1624900E+2	6.3230414E+1	6.1173918E+1	0.0000000E+0	0.0000000E+0	1.0000000E+2	0.0000000E+0
2.1629900E+2	6.3218345E+1	6.1180578E+1	0.0000000E+0	0.0000000E+0	1.0000000E+2	0.0000000E+0
2.1634900E+2	6.3198223E+1	6.1165952E+1	0.0000000E+0	0.0000000E+0	1.0000000E+2	0.0000000E+0
2.1639900E+2	6.3188985E+1	6.1180009E+1	0.0000000E+0	0.0000000E+0	1.0000000E+2	0.0000000E+0
2.1644900E+2	6.3175867E+1	6.1160089E+1	0.0000000E+0	0.0000000E+0	1.0000000E+2	0.0000000E+0
2.1649900E+2	6.3171331E+1	6.1175761E+1	0.0000000E+0	0.0000000E+0	1.0000000E+2	0.0000000E+0
2.1654900E+2	6.3158617E+1	6.1166148E+1	0.0000000E+0	0.0000000E+0	1.0000000E+2	0.0000000E+0
2.1659900E+2	6.3158669E+1	6.1169852E+1	0.0000000E+0	0.0000000E+0	1.0000000E+2	0.0000000E+0
2.1664900E+2	6.3147467E+1	6.1171733E+1	0.0000000E+0	0.0000000E+0	1.0000000E+2	0.0000000E+0
2.1669900E+2	6.3125531E+1	6.1154226E+1	0.0000000E+0	0.0000000E+0	1.0000000E+2	0.0000000E+0
2.1675000E+2	6.3097101E+1	6.1136239E+1	0.0000000E+0	0.0000000E+0	1.0000000E+2	0.0000000E+0
2.1680000E+2	6.3032019E+1	6.1154611E+1	0.0000000E+0	0.0000000E+0	1.0000000E+2	0.0000000E+0
2.1685100E+2	6.2974026E+1	6.1129394E+1	0.0000000E+0	0.0000000E+0	1.0000000E+2	0.0000000E+0
2.1690100E+2	6.3009197E+1	6.1147533E+1	0.0000000E+0	0.0000000E+0	1.0000000E+2	0.0000000E+0
2.1695100E+2	6.2992563E+1	6.1141101E+1	0.0000000E+0	0.0000000E+0	1.0000000E+2	0.0000000E+0
2.1700100E+2	6.2973045E+1	6.1142666E+1	0.0000000E+0	0.0000000E+0	1.0000000E+2	0.0000000E+0
2.1705100E+2	6.2955149E+1	6.1150644E+1	0.0000000E+0	0.0000000E+0	1.0000000E+2	0.0000000E+0
2.1710200E+2	6.2936234E+1	6.1145460E+1	0.0000000E+0	0.0000000E+0	1.0000000E+2	0.0000000E+0
2.1715200E+2	6.2923435E+1	6.1137031E+1	0.0000000E+0	0.0000000E+0	1.0000000E+2	0.0000000E+0
2.1720200E+2	6.2916111E+1	6.1148356E+1	0.0000000E+0	0.0000000E+0	1.0000000E+2	0.0000000E+0
2.1725200E+2	6.2897257E+1	6.1157919E+1	0.0000000E+0	0.0000000E+0	1.0000000E+2	0.0000000E+0
2.1730200E+2	6.2874495E+1	6.1146321E+1	0.0000000E+0	0.0000000E+0	1.0000000E+2	0.0000000E+0
2.1735400E+2	6.2868536E+1	6.1148303E+1	0.0000000E+0	0.0000000E+0	1.0000000E+2	0.0000000E+0
2.1740600E+2	6.2846129E+1	6.1144042E+1	0.0000000E+0	0.0000000E+0	1.0000000E+2	0.0000000E+0
2.1745600E+2	6.2852852E+1	6.1138655E+1	0.0000000E+0	0.0000000E+0	1.0000000E+2	0.0000000E+0
2.1750600E+2	6.2850790E+1	6.1164934E+1	0.0000000E+0	0.0000000E+0	1.0000000E+2	0.0000000E+0
2.1755600E+2	6.2850360E+1	6.1154758E+1	0.0000000E+0	0.0000000E+0	1.0000000E+2	0.0000000E+0
2.1760600E+2	6.2826420E+1	6.1150899E+1	0.0000000E+0	0.0000000E+0	1.0000000E+2	0.0000000E+0
2.1765600E+2	6.2859906E+1	6.1152209E+1	0.0000000E+0	0.0000000E+0	1.0000000E+2	0.0000000E+0
2.1770600E+2	6.2853279E+1	6.1156427E+1	0.0000000E+0	0.0000000E+0	1.0000000E+2	0.0000000E+0
2.1775600E+2	6.2856204E+1	6.1159173E+1	0.0000000E+0	0.0000000E+0	1.0000000E+2	0.0000000E+0
2.1780600E+2	6.2851689E+1	6.1152285E+1	0.0000000E+0	0.0000000E+0	1.0000000E+2	0.0000000E+0
2.1785700E+2	6.2867176E+1	6.1152345E+1	0.0000000E+0	0.0000000E+0	1.0000000E+2	0.0000000E+0
2.1790700E+2	6.2897820E+1	6.1144104E+1	0.0000000E+0	0.0000000E+0	1.0000000E+2	0.0000000E+0
2.1795700E+2	6.2908363E+1	6.1147447E+1	0.0000000E+0	0.0000000E+0	1.0000000E+2	0.0000000E+0
2.1800700E+2	6.2890928E+1	6.1129645E+1	0.0000000E+0	0.0000000E+0	1.0000000E+2	0.0000000E+0
2.1805800E+2	6.2884677E+1	6.1140468E+1	0.0000000E+0	0.0000000E+0	1.0000000E+2	0.0000000E+0
2.1810900E+2	6.2898894E+1	6.1146507E+1	0.0000000E+0	0.0000000E+0	1.0000000E+2	0.0000000E+0
2.1816000E+2	6.2933318E+1	6.1158663E+1	0.0000000E+0	0.0000000E+0	1.0000000E+2	0.0000000E+0
2.1821000E+2	6.2925938E+1	6.1144212E+1	0.0000000E+0	0.0000000E+0	1.0000000E+2	0.0000000E+0
2.1826100E+2	6.2927341E+1	6.1148113E+1	0.0000000E+0	0.0000000E+0	1.0000000E+2	0.0000000E+0
2.1831100E+2	6.2909087E+1	6.1155980E+1	0.0000000E+0	0.0000000E+0	1.0000000E+2	0.0000000E+0
2.1836100E+2	6.2909315E+1	6.1155035E+1	0.0000000E+0	0.0000000E+0	1.0000000E+2	0.0000000E+0
2.1841100E+2	6.2939897E+1	6.1156357E+1	0.0000000E+0	0.0000000E+0	1.0000000E+2	0.0000000E+0
2.1846100E+2	6.2965496E+1	6.1168945E+1	0.0000000E+0	0.0000000E+0	1.0000000E+2	0.0000000E+0
2.1851100E+2	6.2990063E+1	6.1169463E+1	0.0000000E+0	0.0000000E+0	1.0000000E+2	0.0000000E+0
2.1856200E+2	6.3019255E+1	6.1156949E+1	0.0000000E+0	0.0000000E+0	1.0000000E+2	0.0000000E+0
2.1861200E+2	6.3055563E+1	6.1157040E+1	0.0000000E+0	0.0000000E+0	1.0000000E+2	0.0000000E+0
2.1866300E+2	6.3089864E+1	6.1157538E+1	0.0000000E+0	0.0000000E+0	1.0000000E+2	0.0000000E+0
2.1871300E+2	6.3132441E+1	6.1158469E+1	0.0000000E+0	0.0000000E+0	1.0000000E+2	0.0000000E+0
2.1876300E+2	6.3155897E+1	6.1158067E+1	0.0000000E+0	0.0000000E+0	1.0000000E+2	0.0000000E+0
2.1881300E+2	6.3159320E+1	6.1149741E+1	0.0000000E+0	0.0000000E+0	1.0000000E+2	0.0000000E+0
2.1886400E+2	6.3188755E+1	6.1135947E+1	0.0000000E+0	0.0000000E+0	1.0000000E+2	0.0000000E+0
2.1891400E+2	6.3214664E+1	6.1139792E+1	0.0000000E+0	0.0000000E+0	1.0000000E+2	0.0000000E+0
2.1896400E+2	6.3271589E+1	6.1150655E+1	0.0000000E+0	0.0000000E+0	1.0000000E+2	0.0000000E+0
2.1901400E+2	6.3289932E+1	6.1162092E+1	0.0000000E+0	0.0000000E+0	1.0000000E+2	0.0000000E+0
2.1906500E+2	6.3319007E+1	6.1169143E+1	0.0000000E+0	0.0000000E+0	1.0000000E+2	0.0000000E+0
2.1911500E+2	6.3320258E+1	6.1157981E+1	0.0000000E+0	0.0000000E+0	1.0000000E+2	0.0000000E+0
2.1916500E+2	6.3348240E+1	6.1162347E+1	0.0000000E+0	0.0000000E+0	1.0000000E+2	0.0000000E+0
2.1921500E+2	6.3364336E+1	6.1160141E+1	0.0000000E+0	0.0000000E+0	1.0000000E+2	0.0000000E+0
2.1926600E+2	6.3382247E+1	6.1163273E+1	0.0000000E+0	0.0000000E+0	1.0000000E+2	0.0000000E+0
2.1931600E+2	6.3392416E+1	6.1163942E+1	0.0000000E+0	0.0000000E+0	1.0000000E+2	0.0000000E+0
2.1936600E+2	6.3399050E+1	6.1157064E+1	0.0000000E+0	0.0000000E+0	1.0000000E+2	0.0000000E+0
2.1941700E+2	6.3425998E+1	6.1170755E+1	0.0000000E+0	0.0000000E+0	1.0000000E+2	0.0000000E+0
2.1946700E+2	6.3430565E+1	6.1171211E+1	0.0000000E+0	0.0000000E+0	1.0000000E+2	0.0000000E+0
2.1951700E+2	6.3422372E+1	6.1155627E+1	0.0000000E+0	0.0000000E+0	1.0000000E+2	0.0000000E+0
2.1956700E+2	6.3423509E+1	6.1158440E+1	0.0000000E+0	0.0000000E+0	1.0000000E+2	0.0000000E+0
2.1961700E+2	6.3428790E+1	6.1178441E+1	0.0000000E+0	0.0000000E+0	1.0000000E+2	0.0000000E+0
2.1966700E+2	6.3431985E+1	6.1176914E+1	0.0000000E+0	0.0000000E+0	1.0000000E+2	0.0000000E+0
2.1971700E+2	6.3410705E+1	6.1158980E+1	0.0000000E+0	0.0000000E+0	1.0000000E+2	0.0000000E+0
2.1976700E+2	6.3425820E+1	6.1157632E+1	0.0000000E+0	0.0000000E+0	1.0000000E+2	0.0000000E+0
2.1981700E+2	6.3434750E+1	6.1161486E+1	0.0000000E+0	0.0000000E+0	1.0000000E+2	0.0000000E+0
2.1986700E+2	6.3435344E+1	6.1162621E+1	0.0000000E+0	0.0000000E+0	1.0000000E+2	0.0000000E+0
2.1991700E+2	6.3449088E+1	6.1181792E+1	0.0000000E+0	0.0000000E+0	1.0000000E+2	0.0000000E+0
2.1996700E+2	6.3441955E+1	6.1178851E+1	0.0000000E+0	0.0000000E+0	1.0000000E+2	0.0000000E+0
2.2001700E+2	6.3386942E+1	6.1162498E+1	0.0000000E+0	0.0000000E+0	1.0000000E+2	0.0000000E+0
2.2006800E+2	6.3369218E+1	6.1167702E+1	0.0000000E+0	0.0000000E+0	1.0000000E+2	0.0000000E+0
2.2011900E+2	6.3380218E+1	6.1161137E+1	0.0000000E+0	0.0000000E+0	1.0000000E+2	0.0000000E+0
2.2016900E+2	6.3383001E+1	6.1176415E+1	0.0000000E+0	0.0000000E+0	1.0000000E+2	0.0000000E+0
2.2021900E+2	6.3393760E+1	6.1172168E+1	0.0000000E+0	0.0000000E+0	1.0000000E+2	0.0000000E+0
2.2026900E+2	6.3413775E+1	6.1181890E+1	0.0000000E+0	0.0000000E+0	1.0000000E+2	0.0000000E+0
2.2031900E+2	6.3400884E+1	6.1171546E+1	0.0000000E+0	0.0000000E+0	1.0000000E+2	0.0000000E+0
2.2036900E+2	6.3382184E+1	6.1155383E+1	0.0000000E+0	0.0000000E+0	1.0000000E+2	0.0000000E+0
2.2041900E+2	6.3404560E+1	6.1164927E+1	0.0000000E+0	0.0000000E+0	1.0000000E+2	0.0000000E+0
2.2046900E+2	6.3401847E+1	6.1155728E+1	0.0000000E+0	0.0000000E+0	1.0000000E+2	0.0000000E+0
2.2051900E+2	6.3400709E+1	6.1163143E+1	0.0000000E+0	0.0000000E+0	1.0000000E+2	0.0000000E+0
2.2056900E+2	6.3413619E+1	6.1164401E+1	0.0000000E+0	0.0000000E+0	1.0000000E+2	0.0000000E+0
2.2061900E+2	6.3432015E+1	6.1162659E+1	0.0000000E+0	0.0000000E+0	1.0000000E+2	0.0000000E+0
2.2066900E+2	6.3456596E+1	6.1158873E+1	0.0000000E+0	0.0000000E+0	1.0000000E+2	0.0000000E+0
2.2071900E+2	6.3458313E+1	6.1154762E+1	0.0000000E+0	0.0000000E+0	1.0000000E+2	0.0000000E+0
2.2076900E+2	6.3434909E+1	6.1150814E+1	0.0000000E+0	0.0000000E+0	1.0000000E+2	0.0000000E+0
2.2081900E+2	6.3459684E+1	6.1152180E+1	0.0000000E+0	0.0000000E+0	1.0000000E+2	0.0000000E+0
2.2086900E+2	6.3454285E+1	6.1147443E+1	0.0000000E+0	0.0000000E+0	1.0000000E+2	0.0000000E+0
2.2091900E+2	6.3462356E+1	6.1153079E+1	0.0000000E+0	0.0000000E+0	1.0000000E+2	0.0000000E+0
2.2097000E+2	6.3460766E+1	6.1151416E+1	0.0000000E+0	0.0000000E+0	1.0000000E+2	0.0000000E+0
2.2102000E+2	6.3448144E+1	6.1140645E+1	0.0000000E+0	0.0000000E+0	1.0000000E+2	0.0000000E+0
2.2107000E+2	6.3450595E+1	6.1141271E+1	0.0000000E+0	0.0000000E+0	1.0000000E+2	0.0000000E+0
2.2112000E+2	6.3457262E+1	6.1137194E+1	0.0000000E+0	0.0000000E+0	1.0000000E+2	0.0000000E+0
2.2117000E+2	6.3464503E+1	6.1146276E+1	0.0000000E+0	0.0000000E+0	1.0000000E+2	0.0000000E+0
2.2122000E+2	6.3480664E+1	6.1144801E+1	0.0000000E+0	0.0000000E+0	1.0000000E+2	0.0000000E+0
2.2127100E+2	6.3476295E+1	6.1159401E+1	0.0000000E+0	0.0000000E+0	1.0000000E+2	0.0000000E+0
2.2132200E+2	6.3483987E+1	6.1164686E+1	0.0000000E+0	0.0000000E+0	1.0000000E+2	0.0000000E+0
2.2137200E+2	6.3466733E+1	6.1154781E+1	0.0000000E+0	0.0000000E+0	1.0000000E+2	0.0000000E+0
2.2142200E+2	6.3440477E+1	6.1152471E+1	0.0000000E+0	0.0000000E+0	1.0000000E+2	0.0000000E+0
2.2147300E+2	6.3409985E+1	6.1140806E+1	0.0000000E+0	0.0000000E+0	1.0000000E+2	0.0000000E+0
2.2152300E+2	6.3389105E+1	6.1122909E+1	0.0000000E+0	0.0000000E+0	1.0000000E+2	0.0000000E+0
2.2157300E+2	6.3403083E+1	6.1139680E+1	0.0000000E+0	0.0000000E+0	1.0000000E+2	0.0000000E+0
2.2162400E+2	6.3421004E+1	6.1145759E+1	0.0000000E+0	0.0000000E+0	1.0000000E+2	0.0000000E+0
2.2167400E+2	6.3433516E+1	6.1135764E+1	0.0000000E+0	0.0000000E+0	1.0000000E+2	0.0000000E+0
2.2172400E+2	6.3459011E+1	6.1165241E+1	0.0000000E+0	0.0000000E+0	1.0000000E+2	0.0000000E+0
2.2177400E+2	6.3473047E+1	6.1155294E+1	0.0000000E+0	0.0000000E+0	1.0000000E+2	0.0000000E+0
2.2182400E+2	6.3460190E+1	6.1152557E+1	0.0000000E+0	0.0000000E+0	1.0000000E+2	0.0000000E+0
2.2187400E+2	6.3446312E+1	6.1161822E+1	0.0000000E+0	0.0000000E+0	1.0000000E+2	0.0000000E+0
2.2192400E+2	6.3422426E+1	6.1157845E+1	0.0000000E+0	0.0000000E+0	1.0000000E+2	0.0000000E+0
2.2197400E+2	6.3400202E+1	6.1158890E+1	0.0000000E+0	0.0000000E+0	1.0000000E+2	0.0000000E+0
2.2202400E+2	6.3383017E+1	6.1154947E+1	0.0000000E+0	0.0000000E+0	1.0000000E+2	0.0000000E+0
2.2207400E+2	6.3370691E+1	6.1165707E+1	0.0000000E+0	0.0000000E+0	1.0000000E+2	0.0000000E+0
2.2212500E+2	6.3363115E+1	6.1173647E+1	0.0000000E+0	0.0000000E+0	1.0000000E+2	0.0000000E+0
2.2217500E+2	6.3347501E+1	6.1164475E+1	0.0000000E+0	0.0000000E+0	1.0000000E+2	0.0000000E+0
2.2222600E+2	6.3337373E+1	6.1165127E+1	0.0000000E+0	0.0000000E+0	1.0000000E+2	0.0000000E+0
