Time [s]	Channel 1	Channel 2	Channel 3	Channel 4	Solar 1\t	Solar 2
1.7100000E-1	6.2288038E+1	6.0951227E+1	0.0000000E+0	0.0000000E+0	1.0000000E+2	0.0000000E+0
2.2100000E-1	8.6311209E+0	8.5981065E+0	0.0000000E+0	0.0000000E+0	1.0000000E+2	0.0000000E+0
2.7100000E-1	8.6303234E+0	8.6143240E+0	0.0000000E+0	0.0000000E+0	1.0000000E+2	0.0000000E+0
3.2100000E-1	8.6350120E+0	8.6153989E+0	0.0000000E+0	0.0000000E+0	1.0000000E+2	0.0000000E+0
3.7100000E-1	8.6378924E+0	8.6056993E+0	0.0000000E+0	0.0000000E+0	1.0000000E+2	0.0000000E+0
4.2100000E-1	8.6343095E+0	8.6340946E+0	0.0000000E+0	0.0000000E+0	1.0000000E+2	0.0000000E+0
4.7100000E-1	8.6337402E+0	8.6468492E+0	0.0000000E+0	0.0000000E+0	1.0000000E+2	0.0000000E+0
5.2100000E-1	8.6453945E+0	8.6504481E+0	0.0000000E+0	0.0000000E+0	1.0000000E+2	0.0000000E+0
5.7100000E-1	9.2291823E+0	9.2280497E+0	0.0000000E+0	0.0000000E+0	1.0000000E+2	0.0000000E+0
6.2100000E-1	1.0137758E+1	1.0029030E+1	0.0000000E+0	0.0000000E+0	1.0000000E+2	0.0000000E+0
6.7100000E-1	1.0969429E+1	1.0846660E+1	0.0000000E+0	0.0000000E+0	1.0000000E+2	0.0000000E+0
7.2200000E-1	1.1156496E+1	1.0894812E+1	0.0000000E+0	0.0000000E+0	1.0000000E+2	0.0000000E+0
7.7300000E-1	9.6200178E+0	9.4550947E+0	0.0000000E+0	0.0000000E+0	1.0000000E+2	0.0000000E+0
8.2400000E-1	9.8434883E+0	9.6578660E+0	0.0000000E+0	0.0000000E+0	1.0000000E+2	0.0000000E+0
8.7400000E-1	9.7783569E+0	9.5758309E+0	0.0000000E+0	0.0000000E+0	1.0000000E+2	0.0000000E+0
9.2400000E-1	9.8506426E+0	9.5815934E+0	0.0000000E+0	0.0000000E+0	1.0000000E+2	0.0000000E+0
9.7400000E-1	9.8586500E+0	9.5905451E+0	0.0000000E+0	0.0000000E+0	1.0000000E+2	0.0000000E+0
1.0250000E+0	9.8027816E+0	9.5637551E+0	0.0000000E+0	0.0000000E+0	1.0000000E+2	0.0000000E+0
1.0750000E+0	9.8173544E+0	9.5566651E+0	0.0000000E+0	0.0000000E+0	1.0000000E+2	0.0000000E+0
1.1250000E+0	9.8631475E+0	9.5751661E+0	0.0000000E+0	0.0000000E+0	1.0000000E+2	0.0000000E+0
1.1750000E+0	9.8309532E+0	9.5700043E+0	0.0000000E+0	0.0000000E+0	1.0000000E+2	0.0000000E+0
1.2250000E+0	9.7823624E+0	9.5520691E+0	0.0000000E+0	0.0000000E+0	1.0000000E+2	0.0000000E+0
1.2750000E+0	9.8161006E+0	9.5385169E+0	0.0000000E+0	0.0000000E+0	1.0000000E+2	0.0000000E+0
1.3250000E+0	9.8294173E+0	9.5508552E+0	0.0000000E+0	0.0000000E+0	1.0000000E+2	0.0000000E+0
1.3750000E+0	9.7984366E+0	9.5497200E+0	0.0000000E+0	0.0000000E+0	1.0000000E+2	0.0000000E+0
1.4260000E+0	9.7840232E+0	9.5217912E+0	0.0000000E+0	0.0000000E+0	1.0000000E+2	0.0000000E+0
1.4760000E+0	9.8575480E+0	9.5406914E+0	0.0000000E+0	0.0000000E+0	1.0000000E+2	0.0000000E+0
1.5260000E+0	9.8545343E+0	9.5460640E+0	0.0000000E+0	0.0000000E+0	1.0000000E+2	0.0000000E+0
1.5770000E+0	9.8499631E+0	9.5354386E+0	0.0000000E+0	0.0000000E+0	1.0000000E+2	0.0000000E+0
1.6280000E+0	9.8770532E+0	9.5297071E+0	0.0000000E+0	0.0000000E+0	1.0000000E+2	0.0000000E+0
1.6780000E+0	9.8897410E+0	9.5348618E+0	0.0000000E+0	0.0000000E+0	1.0000000E+2	0.0000000E+0
1.7280000E+0	9.8791393E+0	9.5370308E+0	0.0000000E+0	0.0000000E+0	1.0000000E+2	0.0000000E+0
1.7780000E+0	9.8779703E+0	9.5157890E+0	0.0000000E+0	0.0000000E+0	1.0000000E+2	0.0000000E+0
1.8280000E+0	9.9272645E+0	9.5369801E+0	0.0000000E+0	0.0000000E+0	1.0000000E+2	0.0000000E+0
1.8780000E+0	9.9122220E+0	9.5388778E+0	0.0000000E+0	0.0000000E+0	1.0000000E+2	0.0000000E+0
1.9280000E+0	9.9094466E+0	9.5584893E+0	0.0000000E+0	0.0000000E+0	1.0000000E+2	0.0000000E+0
1.9780000E+0	1.0538852E+1	1.0185740E+1	0.0000000E+0	0.0000000E+0	1.0000000E+2	0.0000000E+0
2.0280000E+0	1.1724872E+1	1.1449504E+1	0.0000000E+0	0.0000000E+0	1.0000000E+2	0.0000000E+0
2.0780000E+0	1.3174559E+1	1.3359952E+1	0.0000000E+0	0.0000000E+0	1.0000000E+2	0.0000000E+0
2.1280000E+0	1.5976138E+1	1.6313020E+1	0.0000000E+0	0.0000000E+0	1.0000000E+2	0.0000000E+0
2.1780000E+0	1.9241383E+1	1.9554694E+1	0.0000000E+0	0.0000000E+0	1.0000000E+2	0.0000000E+0
2.2280000E+0	2.1416711E+1	2.1404492E+1	0.0000000E+0	0.0000000E+0	1.0000000E+2	0.0000000E+0
2.2780000E+0	2.3193101E+1	2.2994832E+1	0.0000000E+0	0.0000000E+0	1.0000000E+2	0.0000000E+0
2.3280000E+0	2.4824824E+1	2.4591556E+1	0.0000000E+0	0.0000000E+0	1.0000000E+2	0.0000000E+0
2.3780000E+0	2.6412823E+1	2.6128733E+1	0.0000000E+0	0.0000000E+0	1.0000000E+2	0.0000000E+0
2.4280000E+0	2.7944468E+1	2.7621312E+1	0.0000000E+0	0.0000000E+0	1.0000000E+2	0.0000000E+0
2.4780000E+0	2.9357363E+1	2.8916861E+1	0.0000000E+0	0.0000000E+0	1.0000000E+2	0.0000000E+0
2.5280000E+0	2.9986211E+1	2.9483800E+1	0.0000000E+0	0.0000000E+0	1.0000000E+2	0.0000000E+0
2.5780000E+0	3.0090558E+1	2.9575940E+1	0.0000000E+0	0.0000000E+0	1.0000000E+2	0.0000000E+0
2.6280000E+0	3.1193927E+1	3.0671871E+1	0.0000000E+0	0.0000000E+0	1.0000000E+2	0.0000000E+0
2.6780000E+0	3.3137012E+1	3.2607630E+1	0.0000000E+0	0.0000000E+0	1.0000000E+2	0.0000000E+0
2.7280000E+0	3.5434672E+1	3.4877568E+1	0.0000000E+0	0.0000000E+0	1.0000000E+2	0.0000000E+0
2.7780000E+0	3.7718164E+1	3.7159102E+1	0.0000000E+0	0.0000000E+0	1.0000000E+2	0.0000000E+0
2.8280000E+0	3.9774649E+1	3.9200607E+1	0.0000000E+0	0.0000000E+0	1.0000000E+2	0.0000000E+0
2.8790000E+0	4.1170825E+1	4.0568226E+1	0.0000000E+0	0.0000000E+0	1.0000000E+2	0.0000000E+0
2.9290000E+0	4.1560820E+1	4.0962009E+1	0.0000000E+0	0.0000000E+0	1.0000000E+2	0.0000000E+0
2.9790000E+0	4.1791703E+1	4.1182711E+1	0.0000000E+0	0.0000000E+0	1.0000000E+2	0.0000000E+0
3.0290000E+0	4.1992243E+1	4.1394632E+1	0.0000000E+0	0.0000000E+0	1.0000000E+2	0.0000000E+0
3.0800000E+0	4.2119736E+1	4.1518967E+1	0.0000000E+0	0.0000000E+0	1.0000000E+2	0.0000000E+0
3.1310000E+0	4.2242746E+1	4.1621291E+1	0.0000000E+0	0.0000000E+0	1.0000000E+2	0.0000000E+0
3.1810000E+0	4.2413673E+1	4.1783109E+1	0.0000000E+0	0.0000000E+0	1.0000000E+2	0.0000000E+0
3.2310000E+0	4.2841140E+1	4.2216387E+1	0.0000000E+0	0.0000000E+0	1.0000000E+2	0.0000000E+0
3.2810000E+0	4.3764448E+1	4.3144441E+1	0.0000000E+0	0.0000000E+0	1.0000000E+2	0.0000000E+0
3.3310000E+0	4.5250827E+1	4.4609013E+1	0.0000000E+0	0.0000000E+0	1.0000000E+2	0.0000000E+0
3.3810000E+0	4.6985103E+1	4.6330316E+1	0.0000000E+0	0.0000000E+0	1.0000000E+2	0.0000000E+0
3.4310000E+0	4.8822362E+1	4.8143865E+1	0.0000000E+0	0.0000000E+0	1.0000000E+2	0.0000000E+0
3.4820000E+0	5.0489978E+1	4.9801572E+1	0.0000000E+0	0.0000000E+0	1.0000000E+2	0.0000000E+0
3.5320000E+0	5.1795070E+1	5.1070442E+1	0.0000000E+0	0.0000000E+0	1.0000000E+2	0.0000000E+0
3.5820000E+0	5.2572593E+1	5.1831758E+1	0.0000000E+0	0.0000000E+0	1.0000000E+2	0.0000000E+0
3.6330000E+0	5.3002036E+1	5.2246724E+1	0.0000000E+0	0.0000000E+0	1.0000000E+2	0.0000000E+0
3.6830000E+0	5.3319030E+1	5.2519204E+1	0.0000000E+0	0.0000000E+0	1.0000000E+2	0.0000000E+0
3.7330000E+0	5.3573770E+1	5.2746386E+1	0.0000000E+0	0.0000000E+0	1.0000000E+2	0.0000000E+0
3.7830000E+0	5.3764855E+1	5.2903162E+1	0.0000000E+0	0.0000000E+0	1.0000000E+2	0.0000000E+0
3.8330000E+0	5.3958866E+1	5.3037052E+1	0.0000000E+0	0.0000000E+0	1.0000000E+2	0.0000000E+0
3.8830000E+0	5.4085277E+1	5.3132332E+1	0.0000000E+0	0.0000000E+0	1.0000000E+2	0.0000000E+0
3.9330000E+0	5.4249553E+1	5.3261472E+1	0.0000000E+0	0.0000000E+0	1.0000000E+2	0.0000000E+0
3.9830000E+0	5.4452935E+1	5.3452577E+1	0.0000000E+0	0.0000000E+0	1.0000000E+2	0.0000000E+0
4.0330000E+0	5.4775813E+1	5.3764602E+1	0.0000000E+0	0.0000000E+0	1.0000000E+2	0.0000000E+0
4.0830000E+0	5.5266949E+1	5.4221460E+1	0.0000000E+0	0.0000000E+0	1.0000000E+2	0.0000000E+0
4.1330000E+0	5.5946463E+1	5.4891531E+1	0.0000000E+0	0.0000000E+0	1.0000000E+2	0.0000000E+0
4.1830000E+0	5.6800563E+1	5.5744036E+1	0.0000000E+0	0.0000000E+0	1.0000000E+2	0.0000000E+0
4.2330000E+0	5.7904419E+1	5.6852068E+1	0.0000000E+0	0.0000000E+0	1.0000000E+2	0.0000000E+0
4.2840000E+0	5.9088644E+1	5.8041948E+1	0.0000000E+0	0.0000000E+0	1.0000000E+2	0.0000000E+0
4.3350000E+0	6.0321827E+1	5.9273926E+1	0.0000000E+0	0.0000000E+0	1.0000000E+2	0.0000000E+0
4.3850000E+0	6.1466464E+1	6.0419373E+1	0.0000000E+0	0.0000000E+0	1.0000000E+2	0.0000000E+0
4.4350000E+0	6.2438377E+1	6.1402198E+1	0.0000000E+0	0.0000000E+0	1.0000000E+2	0.0000000E+0
4.4850000E+0	6.3203618E+1	6.2169627E+1	0.0000000E+0	0.0000000E+0	1.0000000E+2	0.0000000E+0
4.5360000E+0	6.3811909E+1	6.2764756E+1	0.0000000E+0	0.0000000E+0	1.0000000E+2	0.0000000E+0
4.5870000E+0	6.4235199E+1	6.3204163E+1	0.0000000E+0	0.0000000E+0	1.0000000E+2	0.0000000E+0
4.6370000E+0	6.4530832E+1	6.3502120E+1	0.0000000E+0	0.0000000E+0	1.0000000E+2	0.0000000E+0
4.6870000E+0	6.4754719E+1	6.3737986E+1	0.0000000E+0	0.0000000E+0	1.0000000E+2	0.0000000E+0
4.7370000E+0	6.4910136E+1	6.3886071E+1	0.0000000E+0	0.0000000E+0	1.0000000E+2	0.0000000E+0
4.7870000E+0	6.5050848E+1	6.4023800E+1	0.0000000E+0	0.0000000E+0	1.0000000E+2	0.0000000E+0
4.8370000E+0	6.5148021E+1	6.4122142E+1	0.0000000E+0	0.0000000E+0	1.0000000E+2	0.0000000E+0
4.8870000E+0	6.5241815E+1	6.4208658E+1	0.0000000E+0	0.0000000E+0	1.0000000E+2	0.0000000E+0
4.9380000E+0	6.5313943E+1	6.4254955E+1	0.0000000E+0	0.0000000E+0	1.0000000E+2	0.0000000E+0
4.9880000E+0	6.5382793E+1	6.4318199E+1	0.0000000E+0	0.0000000E+0	1.0000000E+2	0.0000000E+0
5.0380000E+0	6.5440800E+1	6.4368240E+1	0.0000000E+0	0.0000000E+0	1.0000000E+2	0.0000000E+0
5.0880000E+0	6.5482568E+1	6.4412939E+1	0.0000000E+0	0.0000000E+0	1.0000000E+2	0.0000000E+0
5.1380000E+0	6.5555328E+1	6.4462806E+1	0.0000000E+0	0.0000000E+0	1.0000000E+2	0.0000000E+0
5.1890000E+0	6.5598550E+1	6.4481936E+1	0.0000000E+0	0.0000000E+0	1.0000000E+2	0.0000000E+0
5.2390000E+0	6.5652264E+1	6.4519760E+1	0.0000000E+0	0.0000000E+0	1.0000000E+2	0.0000000E+0
5.2890000E+0	6.5674306E+1	6.4537655E+1	0.0000000E+0	0.0000000E+0	1.0000000E+2	0.0000000E+0
5.3390000E+0	6.5718752E+1	6.4560177E+1	0.0000000E+0	0.0000000E+0	1.0000000E+2	0.0000000E+0
5.3890000E+0	6.5707636E+1	6.4552348E+1	0.0000000E+0	0.0000000E+0	1.0000000E+2	0.0000000E+0
5.4390000E+0	6.5683676E+1	6.4519575E+1	0.0000000E+0	0.0000000E+0	1.0000000E+2	0.0000000E+0
5.4890000E+0	6.5656192E+1	6.4504332E+1	0.0000000E+0	0.0000000E+0	1.0000000E+2	0.0000000E+0
5.5390000E+0	6.5631721E+1	6.4473863E+1	0.0000000E+0	0.0000000E+0	1.0000000E+2	0.0000000E+0
5.5890000E+0	6.5601354E+1	6.4465321E+1	0.0000000E+0	0.0000000E+0	1.0000000E+2	0.0000000E+0
5.6390000E+0	6.5556778E+1	6.4429122E+1	0.0000000E+0	0.0000000E+0	1.0000000E+2	0.0000000E+0
5.6890000E+0	6.5531535E+1	6.4400842E+1	0.0000000E+0	0.0000000E+0	1.0000000E+2	0.0000000E+0
5.7400000E+0	6.5514876E+1	6.4361150E+1	0.0000000E+0	0.0000000E+0	1.0000000E+2	0.0000000E+0
5.7900000E+0	6.5501746E+1	6.4363304E+1	0.0000000E+0	0.0000000E+0	1.0000000E+2	0.0000000E+0
5.8410000E+0	6.5478339E+1	6.4339432E+1	0.0000000E+0	0.0000000E+0	1.0000000E+2	0.0000000E+0
5.8910000E+0	6.5452297E+1	6.4316618E+1	0.0000000E+0	0.0000000E+0	1.0000000E+2	0.0000000E+0
5.9410000E+0	6.5438661E+1	6.4307824E+1	0.0000000E+0	0.0000000E+0	1.0000000E+2	0.0000000E+0
5.9910000E+0	6.5431711E+1	6.4300682E+1	0.0000000E+0	0.0000000E+0	1.0000000E+2	0.0000000E+0
6.0410000E+0	6.5430975E+1	6.4288267E+1	0.0000000E+0	0.0000000E+0	1.0000000E+2	0.0000000E+0
6.0910000E+0	6.5461126E+1	6.4284102E+1	0.0000000E+0	0.0000000E+0	1.0000000E+2	0.0000000E+0
6.1410000E+0	6.5449389E+1	6.4269374E+1	0.0000000E+0	0.0000000E+0	1.0000000E+2	0.0000000E+0
6.1920000E+0	6.5447051E+1	6.4277686E+1	0.0000000E+0	0.0000000E+0	1.0000000E+2	0.0000000E+0
6.2430000E+0	6.5435461E+1	6.4263945E+1	0.0000000E+0	0.0000000E+0	1.0000000E+2	0.0000000E+0
6.2940000E+0	6.5433748E+1	6.4261876E+1	0.0000000E+0	0.0000000E+0	1.0000000E+2	0.0000000E+0
6.3450000E+0	6.5440565E+1	6.4253374E+1	0.0000000E+0	0.0000000E+0	1.0000000E+2	0.0000000E+0
6.3950000E+0	6.5438768E+1	6.4260794E+1	0.0000000E+0	0.0000000E+0	1.0000000E+2	0.0000000E+0
6.4450000E+0	6.5432787E+1	6.4265080E+1	0.0000000E+0	0.0000000E+0	1.0000000E+2	0.0000000E+0
6.4950000E+0	6.5449339E+1	6.4255384E+1	0.0000000E+0	0.0000000E+0	1.0000000E+2	0.0000000E+0
6.5450000E+0	6.5465449E+1	6.4255880E+1	0.0000000E+0	0.0000000E+0	1.0000000E+2	0.0000000E+0
6.5950000E+0	6.5476132E+1	6.4255261E+1	0.0000000E+0	0.0000000E+0	1.0000000E+2	0.0000000E+0
6.6450000E+0	6.5470617E+1	6.4248147E+1	0.0000000E+0	0.0000000E+0	1.0000000E+2	0.0000000E+0
6.6960000E+0	6.5486999E+1	6.4260021E+1	0.0000000E+0	0.0000000E+0	1.0000000E+2	0.0000000E+0
6.7460000E+0	6.5488446E+1	6.4261996E+1	0.0000000E+0	0.0000000E+0	1.0000000E+2	0.0000000E+0
6.7960000E+0	6.5507499E+1	6.4278019E+1	0.0000000E+0	0.0000000E+0	1.0000000E+2	0.0000000E+0
6.8470000E+0	6.5489245E+1	6.4261484E+1	0.0000000E+0	0.0000000E+0	1.0000000E+2	0.0000000E+0
6.8970000E+0	6.5492698E+1	6.4271321E+1	0.0000000E+0	0.0000000E+0	1.0000000E+2	0.0000000E+0
6.9470000E+0	6.5490746E+1	6.4286433E+1	0.0000000E+0	0.0000000E+0	1.0000000E+2	0.0000000E+0
6.9970000E+0	6.5480645E+1	6.4268362E+1	0.0000000E+0	0.0000000E+0	1.0000000E+2	0.0000000E+0
7.0470000E+0	6.5481448E+1	6.4259318E+1	0.0000000E+0	0.0000000E+0	1.0000000E+2	0.0000000E+0
7.0970000E+0	6.5487670E+1	6.4256036E+1	0.0000000E+0	0.0000000E+0	1.0000000E+2	0.0000000E+0
7.1470000E+0	6.5503805E+1	6.4251203E+1	0.0000000E+0	0.0000000E+0	1.0000000E+2	0.0000000E+0
7.1970000E+0	6.5514107E+1	6.4265401E+1	0.0000000E+0	0.0000000E+0	1.0000000E+2	0.0000000E+0
7.2470000E+0	6.5524942E+1	6.4270100E+1	0.0000000E+0	0.0000000E+0	1.0000000E+2	0.0000000E+0
7.2970000E+0	6.5498670E+1	6.4244498E+1	0.0000000E+0	0.0000000E+0	1.0000000E+2	0.0000000E+0
7.3470000E+0	6.5501043E+1	6.4228204E+1	0.0000000E+0	0.0000000E+0	1.0000000E+2	0.0000000E+0
7.3970000E+0	6.5489428E+1	6.4212958E+1	0.0000000E+0	0.0000000E+0	1.0000000E+2	0.0000000E+0
7.4470000E+0	6.5452885E+1	6.4167327E+1	0.0000000E+0	0.0000000E+0	1.0000000E+2	0.0000000E+0
7.4970000E+0	6.5387676E+1	6.4117837E+1	0.0000000E+0	0.0000000E+0	1.0000000E+2	0.0000000E+0
7.5470000E+0	6.5310431E+1	6.4018350E+1	0.0000000E+0	0.0000000E+0	1.0000000E+2	0.0000000E+0
7.5970000E+0	6.5231695E+1	6.3932479E+1	0.0000000E+0	0.0000000E+0	1.0000000E+2	0.0000000E+0
7.6470000E+0	6.5135435E+1	6.3829765E+1	0.0000000E+0	0.0000000E+0	1.0000000E+2	0.0000000E+0
7.6980000E+0	6.5027532E+1	6.3710386E+1	0.0000000E+0	0.0000000E+0	1.0000000E+2	0.0000000E+0
7.7490000E+0	6.4866509E+1	6.3542078E+1	0.0000000E+0	0.0000000E+0	1.0000000E+2	0.0000000E+0
7.7990000E+0	6.4680783E+1	6.3356218E+1	0.0000000E+0	0.0000000E+0	1.0000000E+2	0.0000000E+0
7.8490000E+0	6.4466448E+1	6.3140433E+1	0.0000000E+0	0.0000000E+0	1.0000000E+2	0.0000000E+0
7.8990000E+0	6.4229910E+1	6.2923652E+1	0.0000000E+0	0.0000000E+0	1.0000000E+2	0.0000000E+0
7.9490000E+0	6.3999193E+1	6.2701571E+1	0.0000000E+0	0.0000000E+0	1.0000000E+2	0.0000000E+0
7.9990000E+0	6.3814956E+1	6.2525727E+1	0.0000000E+0	0.0000000E+0	1.0000000E+2	0.0000000E+0
8.0490000E+0	6.3642544E+1	6.2348998E+1	0.0000000E+0	0.0000000E+0	1.0000000E+2	0.0000000E+0
8.1000000E+0	6.3503174E+1	6.2191221E+1	0.0000000E+0	0.0000000E+0	1.0000000E+2	0.0000000E+0
8.1500000E+0	6.3377406E+1	6.2053158E+1	0.0000000E+0	0.0000000E+0	1.0000000E+2	0.0000000E+0
8.2000000E+0	6.3250099E+1	6.1913754E+1	0.0000000E+0	0.0000000E+0	1.0000000E+2	0.0000000E+0
8.2500000E+0	6.3117880E+1	6.1793454E+1	0.0000000E+0	0.0000000E+0	1.0000000E+2	0.0000000E+0
8.3000000E+0	6.2992267E+1	6.1679055E+1	0.0000000E+0	0.0000000E+0	1.0000000E+2	0.0000000E+0
8.3500000E+0	6.2858391E+1	6.1543442E+1	0.0000000E+0	0.0000000E+0	1.0000000E+2	0.0000000E+0
8.4010000E+0	6.2733818E+1	6.1421498E+1	0.0000000E+0	0.0000000E+0	1.0000000E+2	0.0000000E+0
8.4510000E+0	6.2622192E+1	6.1314936E+1	0.0000000E+0	0.0000000E+0	1.0000000E+2	0.0000000E+0
8.5020000E+0	6.2532772E+1	6.1194817E+1	0.0000000E+0	0.0000000E+0	1.0000000E+2	0.0000000E+0
8.5530000E+0	6.2434319E+1	6.1104063E+1	0.0000000E+0	0.0000000E+0	1.0000000E+2	0.0000000E+0
8.6030000E+0	6.2339483E+1	6.0984981E+1	0.0000000E+0	0.0000000E+0	1.0000000E+2	0.0000000E+0
8.6540000E+0	6.2265483E+1	6.0908927E+1	0.0000000E+0	0.0000000E+0	1.0000000E+2	0.0000000E+0
8.7050000E+0	6.2180026E+1	6.0825354E+1	0.0000000E+0	0.0000000E+0	1.0000000E+2	0.0000000E+0
8.7550000E+0	6.2106085E+1	6.0758703E+1	0.0000000E+0	0.0000000E+0	1.0000000E+2	0.0000000E+0
8.8050000E+0	6.2029707E+1	6.0688267E+1	0.0000000E+0	0.0000000E+0	1.0000000E+2	0.0000000E+0
8.8550000E+0	6.1967205E+1	6.0601377E+1	0.0000000E+0	0.0000000E+0	1.0000000E+2	0.0000000E+0
8.9050000E+0	6.1927551E+1	6.0553771E+1	0.0000000E+0	0.0000000E+0	1.0000000E+2	0.0000000E+0
8.9550000E+0	6.1898967E+1	6.0499226E+1	0.0000000E+0	0.0000000E+0	1.0000000E+2	0.0000000E+0
9.0050000E+0	6.1844692E+1	6.0434819E+1	0.0000000E+0	0.0000000E+0	1.0000000E+2	0.0000000E+0
9.0550000E+0	6.1810014E+1	6.0397604E+1	0.0000000E+0	0.0000000E+0	1.0000000E+2	0.0000000E+0
9.1050000E+0	6.1772532E+1	6.0354561E+1	0.0000000E+0	0.0000000E+0	1.0000000E+2	0.0000000E+0
9.1570000E+0	6.1724564E+1	6.0313310E+1	0.0000000E+0	0.0000000E+0	1.0000000E+2	0.0000000E+0
9.2070000E+0	6.1690120E+1	6.0288688E+1	0.0000000E+0	0.0000000E+0	1.0000000E+2	0.0000000E+0
9.2570000E+0	6.1661788E+1	6.0250745E+1	0.0000000E+0	0.0000000E+0	1.0000000E+2	0.0000000E+0
9.3070000E+0	6.1642832E+1	6.0212292E+1	0.0000000E+0	0.0000000E+0	1.0000000E+2	0.0000000E+0
9.3570000E+0	6.1629690E+1	6.0185206E+1	0.0000000E+0	0.0000000E+0	1.0000000E+2	0.0000000E+0
9.4070000E+0	6.1577963E+1	6.0135284E+1	0.0000000E+0	0.0000000E+0	1.0000000E+2	0.0000000E+0
9.4570000E+0	6.1552946E+1	6.0109996E+1	0.0000000E+0	0.0000000E+0	1.0000000E+2	0.0000000E+0
9.5070000E+0	6.1523225E+1	6.0074933E+1	0.0000000E+0	0.0000000E+0	1.0000000E+2	0.0000000E+0
9.5570000E+0	6.1521020E+1	6.0090759E+1	0.0000000E+0	0.0000000E+0	1.0000000E+2	0.0000000E+0
9.6070000E+0	6.1496006E+1	6.0063141E+1	0.0000000E+0	0.0000000E+0	1.0000000E+2	0.0000000E+0
9.6570000E+0	6.1473081E+1	6.0028200E+1	0.0000000E+0	0.0000000E+0	1.0000000E+2	0.0000000E+0
9.7070000E+0	6.1463228E+1	6.0013473E+1	0.0000000E+0	0.0000000E+0	1.0000000E+2	0.0000000E+0
9.7580000E+0	6.1481950E+1	6.0009147E+1	0.0000000E+0	0.0000000E+0	1.0000000E+2	0.0000000E+0
9.8080000E+0	6.1477479E+1	5.9995834E+1	0.0000000E+0	0.0000000E+0	1.0000000E+2	0.0000000E+0
9.8580000E+0	6.1478294E+1	5.9983793E+1	0.0000000E+0	0.0000000E+0	1.0000000E+2	0.0000000E+0
9.9080000E+0	6.1483538E+1	5.9975967E+1	0.0000000E+0	0.0000000E+0	1.0000000E+2	0.0000000E+0
9.9580000E+0	6.1491861E+1	5.9964719E+1	0.0000000E+0	0.0000000E+0	1.0000000E+2	0.0000000E+0
1.0008000E+1	6.1507768E+1	5.9952859E+1	0.0000000E+0	0.0000000E+0	1.0000000E+2	0.0000000E+0
1.0059000E+1	6.1512317E+1	5.9935229E+1	0.0000000E+0	0.0000000E+0	1.0000000E+2	0.0000000E+0
1.0109000E+1	6.1509384E+1	5.9942824E+1	0.0000000E+0	0.0000000E+0	1.0000000E+2	0.0000000E+0
1.0159000E+1	6.1470210E+1	5.9922760E+1	0.0000000E+0	0.0000000E+0	1.0000000E+2	0.0000000E+0
1.0209000E+1	6.1467678E+1	5.9909945E+1	0.0000000E+0	0.0000000E+0	1.0000000E+2	0.0000000E+0
1.0259000E+1	6.1480690E+1	5.9910093E+1	0.0000000E+0	0.0000000E+0	1.0000000E+2	0.0000000E+0
1.0309000E+1	6.1484031E+1	5.9898105E+1	0.0000000E+0	0.0000000E+0	1.0000000E+2	0.0000000E+0
1.0360000E+1	6.1485590E+1	5.9907987E+1	0.0000000E+0	0.0000000E+0	1.0000000E+2	0.0000000E+0
1.0411000E+1	6.1490708E+1	5.9903482E+1	0.0000000E+0	0.0000000E+0	1.0000000E+2	0.0000000E+0
1.0461000E+1	6.1489224E+1	5.9881735E+1	0.0000000E+0	0.0000000E+0	1.0000000E+2	0.0000000E+0
1.0511000E+1	6.1512250E+1	5.9905583E+1	0.0000000E+0	0.0000000E+0	1.0000000E+2	0.0000000E+0
1.0561000E+1	6.1506067E+1	5.9884961E+1	0.0000000E+0	0.0000000E+0	1.0000000E+2	0.0000000E+0
1.0611000E+1	6.1510454E+1	5.9886273E+1	0.0000000E+0	0.0000000E+0	1.0000000E+2	0.0000000E+0
1.0661000E+1	6.1524673E+1	5.9880680E+1	0.0000000E+0	0.0000000E+0	1.0000000E+2	0.0000000E+0
1.0711000E+1	6.1543771E+1	5.9883744E+1	0.0000000E+0	0.0000000E+0	1.0000000E+2	0.0000000E+0
1.0761000E+1	6.1546426E+1	5.9898059E+1	0.0000000E+0	0.0000000E+0	1.0000000E+2	0.0000000E+0
1.0811000E+1	6.1538812E+1	5.9882208E+1	0.0000000E+0	0.0000000E+0	1.0000000E+2	0.0000000E+0
1.0861000E+1	6.1543462E+1	5.9866383E+1	0.0000000E+0	0.0000000E+0	1.0000000E+2	0.0000000E+0
1.0911000E+1	6.1554499E+1	5.9866559E+1	0.0000000E+0	0.0000000E+0	1.0000000E+2	0.0000000E+0
1.0962000E+1	6.1572306E+1	5.9872291E+1	0.0000000E+0	0.0000000E+0	1.0000000E+2	0.0000000E+0
1.1012000E+1	6.1588243E+1	5.9885631E+1	0.0000000E+0	0.0000000E+0	1.0000000E+2	0.0000000E+0
1.1062000E+1	6.1591830E+1	5.9876969E+1	0.0000000E+0	0.0000000E+0	1.0000000E+2	0.0000000E+0
1.1112000E+1	6.1579976E+1	5.9868561E+1	0.0000000E+0	0.0000000E+0	1.0000000E+2	0.0000000E+0
1.1162000E+1	6.1593810E+1	5.9888155E+1	0.0000000E+0	0.0000000E+0	1.0000000E+2	0.0000000E+0
1.1212000E+1	6.1567899E+1	5.9875489E+1	0.0000000E+0	0.0000000E+0	1.0000000E+2	0.0000000E+0
1.1262000E+1	6.1558100E+1	5.9875937E+1	0.0000000E+0	0.0000000E+0	1.0000000E+2	0.0000000E+0
1.1312000E+1	6.1562958E+1	5.9870956E+1	0.0000000E+0	0.0000000E+0	1.0000000E+2	0.0000000E+0
1.1362000E+1	6.1563397E+1	5.9872415E+1	0.0000000E+0	0.0000000E+0	1.0000000E+2	0.0000000E+0
1.1412000E+1	6.1574243E+1	5.9878164E+1	0.0000000E+0	0.0000000E+0	1.0000000E+2	0.0000000E+0
1.1462000E+1	6.1591659E+1	5.9900166E+1	0.0000000E+0	0.0000000E+0	1.0000000E+2	0.0000000E+0
1.1512000E+1	6.1599160E+1	5.9891426E+1	0.0000000E+0	0.0000000E+0	1.0000000E+2	0.0000000E+0
1.1563000E+1	6.1592389E+1	5.9891241E+1	0.0000000E+0	0.0000000E+0	1.0000000E+2	0.0000000E+0
1.1613000E+1	6.1613138E+1	5.9897629E+1	0.0000000E+0	0.0000000E+0	1.0000000E+2	0.0000000E+0
1.1663000E+1	6.1637698E+1	5.9907707E+1	0.0000000E+0	0.0000000E+0	1.0000000E+2	0.0000000E+0
1.1713000E+1	6.1664676E+1	5.9899451E+1	0.0000000E+0	0.0000000E+0	1.0000000E+2	0.0000000E+0
1.1764000E+1	6.1678304E+1	5.9893509E+1	0.0000000E+0	0.0000000E+0	1.0000000E+2	0.0000000E+0
1.1814000E+1	6.1712251E+1	5.9917901E+1	0.0000000E+0	0.0000000E+0	1.0000000E+2	0.0000000E+0
1.1864000E+1	6.1712968E+1	5.9906807E+1	0.0000000E+0	0.0000000E+0	1.0000000E+2	0.0000000E+0
1.1914000E+1	6.1723262E+1	5.9905957E+1	0.0000000E+0	0.0000000E+0	1.0000000E+2	0.0000000E+0
1.1964000E+1	6.1771561E+1	5.9916480E+1	0.0000000E+0	0.0000000E+0	1.0000000E+2	0.0000000E+0
1.2015000E+1	6.1801050E+1	5.9934359E+1	0.0000000E+0	0.0000000E+0	1.0000000E+2	0.0000000E+0
1.2066000E+1	6.1821806E+1	5.9940858E+1	0.0000000E+0	0.0000000E+0	1.0000000E+2	0.0000000E+0
1.2117000E+1	6.1834685E+1	5.9932365E+1	0.0000000E+0	0.0000000E+0	1.0000000E+2	0.0000000E+0
1.2168000E+1	6.1852730E+1	5.9936757E+1	0.0000000E+0	0.0000000E+0	1.0000000E+2	0.0000000E+0
1.2219000E+1	6.1861760E+1	5.9921530E+1	0.0000000E+0	0.0000000E+0	1.0000000E+2	0.0000000E+0
1.2269000E+1	6.1862845E+1	5.9917835E+1	0.0000000E+0	0.0000000E+0	1.0000000E+2	0.0000000E+0
1.2319000E+1	6.1859420E+1	5.9918856E+1	0.0000000E+0	0.0000000E+0	1.0000000E+2	0.0000000E+0
1.2370000E+1	6.1844611E+1	5.9915973E+1	0.0000000E+0	0.0000000E+0	1.0000000E+2	0.0000000E+0
1.2420000E+1	6.1874825E+1	5.9926826E+1	0.0000000E+0	0.0000000E+0	1.0000000E+2	0.0000000E+0
1.2470000E+1	6.1907270E+1	5.9945341E+1	0.0000000E+0	0.0000000E+0	1.0000000E+2	0.0000000E+0
1.2520000E+1	6.1927004E+1	5.9953744E+1	0.0000000E+0	0.0000000E+0	1.0000000E+2	0.0000000E+0
1.2570000E+1	6.1951121E+1	5.9963380E+1	0.0000000E+0	0.0000000E+0	1.0000000E+2	0.0000000E+0
1.2620000E+1	6.1956385E+1	5.9957636E+1	0.0000000E+0	0.0000000E+0	1.0000000E+2	0.0000000E+0
1.2670000E+1	6.1953985E+1	5.9945430E+1	0.0000000E+0	0.0000000E+0	1.0000000E+2	0.0000000E+0
1.2721000E+1	6.1987902E+1	5.9941345E+1	0.0000000E+0	0.0000000E+0	1.0000000E+2	0.0000000E+0
1.2771000E+1	6.2000260E+1	5.9956652E+1	0.0000000E+0	0.0000000E+0	1.0000000E+2	0.0000000E+0
1.2821000E+1	6.2020614E+1	5.9968035E+1	0.0000000E+0	0.0000000E+0	1.0000000E+2	0.0000000E+0
1.2871000E+1	6.2009958E+1	5.9965855E+1	0.0000000E+0	0.0000000E+0	1.0000000E+2	0.0000000E+0
1.2922000E+1	6.2001228E+1	5.9955867E+1	0.0000000E+0	0.0000000E+0	1.0000000E+2	0.0000000E+0
1.2972000E+1	6.2027189E+1	5.9982354E+1	0.0000000E+0	0.0000000E+0	1.0000000E+2	0.0000000E+0
1.3023000E+1	6.2011495E+1	5.9973348E+1	0.0000000E+0	0.0000000E+0	1.0000000E+2	0.0000000E+0
1.3074000E+1	6.2013117E+1	5.9968438E+1	0.0000000E+0	0.0000000E+0	1.0000000E+2	0.0000000E+0
1.3125000E+1	6.2026748E+1	5.9975453E+1	0.0000000E+0	0.0000000E+0	1.0000000E+2	0.0000000E+0
1.3176000E+1	6.2049927E+1	5.9993502E+1	0.0000000E+0	0.0000000E+0	1.0000000E+2	0.0000000E+0
1.3226000E+1	6.2035726E+1	5.9994942E+1	0.0000000E+0	0.0000000E+0	1.0000000E+2	0.0000000E+0
1.3276000E+1	6.2016238E+1	6.0013055E+1	0.0000000E+0	0.0000000E+0	1.0000000E+2	0.0000000E+0
1.3326000E+1	6.2005176E+1	6.0004848E+1	0.0000000E+0	0.0000000E+0	1.0000000E+2	0.0000000E+0
1.3376000E+1	6.2001025E+1	6.0008715E+1	0.0000000E+0	0.0000000E+0	1.0000000E+2	0.0000000E+0
1.3426000E+1	6.2022906E+1	6.0015845E+1	0.0000000E+0	0.0000000E+0	1.0000000E+2	0.0000000E+0
1.3476000E+1	6.2037759E+1	6.0019833E+1	0.0000000E+0	0.0000000E+0	1.0000000E+2	0.0000000E+0
1.3526000E+1	6.2049078E+1	6.0021786E+1	0.0000000E+0	0.0000000E+0	1.0000000E+2	0.0000000E+0
1.3576000E+1	6.2042463E+1	6.0032819E+1	0.0000000E+0	0.0000000E+0	1.0000000E+2	0.0000000E+0
1.3626000E+1	6.2030118E+1	6.0026877E+1	0.0000000E+0	0.0000000E+0	1.0000000E+2	0.0000000E+0
1.3676000E+1	6.2055652E+1	6.0038192E+1	0.0000000E+0	0.0000000E+0	1.0000000E+2	0.0000000E+0
1.3726000E+1	6.2089140E+1	6.0047115E+1	0.0000000E+0	0.0000000E+0	1.0000000E+2	0.0000000E+0
1.3776000E+1	6.2115133E+1	6.0037620E+1	0.0000000E+0	0.0000000E+0	1.0000000E+2	0.0000000E+0
1.3826000E+1	6.2124063E+1	6.0036469E+1	0.0000000E+0	0.0000000E+0	1.0000000E+2	0.0000000E+0
1.3876000E+1	6.2149031E+1	6.0051319E+1	0.0000000E+0	0.0000000E+0	1.0000000E+2	0.0000000E+0
1.3926000E+1	6.2182103E+1	6.0065076E+1	0.0000000E+0	0.0000000E+0	1.0000000E+2	0.0000000E+0
1.3976000E+1	6.2194340E+1	6.0057853E+1	0.0000000E+0	0.0000000E+0	1.0000000E+2	0.0000000E+0
1.4026000E+1	6.2194583E+1	6.0074191E+1	0.0000000E+0	0.0000000E+0	1.0000000E+2	0.0000000E+0
1.4077000E+1	6.2212559E+1	6.0081849E+1	0.0000000E+0	0.0000000E+0	1.0000000E+2	0.0000000E+0
1.4127000E+1	6.2194002E+1	6.0075501E+1	0.0000000E+0	0.0000000E+0	1.0000000E+2	0.0000000E+0
1.4177000E+1	6.2195080E+1	6.0077627E+1	0.0000000E+0	0.0000000E+0	1.0000000E+2	0.0000000E+0
1.4227000E+1	6.2192431E+1	6.0065545E+1	0.0000000E+0	0.0000000E+0	1.0000000E+2	0.0000000E+0
1.4277000E+1	6.2191452E+1	6.0063926E+1	0.0000000E+0	0.0000000E+0	1.0000000E+2	0.0000000E+0
1.4327000E+1	6.2210632E+1	6.0078715E+1	0.0000000E+0	0.0000000E+0	1.0000000E+2	0.0000000E+0
1.4377000E+1	6.2218043E+1	6.0090086E+1	0.0000000E+0	0.0000000E+0	1.0000000E+2	0.0000000E+0
1.4427000E+1	6.2233283E+1	6.0087958E+1	0.0000000E+0	0.0000000E+0	1.0000000E+2	0.0000000E+0
1.4477000E+1	6.2257312E+1	6.0097075E+1	0.0000000E+0	0.0000000E+0	1.0000000E+2	0.0000000E+0
1.4527000E+1	6.2281681E+1	6.0108205E+1	0.0000000E+0	0.0000000E+0	1.0000000E+2	0.0000000E+0
1.4577000E+1	6.2288962E+1	6.0109882E+1	0.0000000E+0	0.0000000E+0	1.0000000E+2	0.0000000E+0
1.4627000E+1	6.2293608E+1	6.0119663E+1	0.0000000E+0	0.0000000E+0	1.0000000E+2	0.0000000E+0
1.4677000E+1	6.2286578E+1	6.0121696E+1	0.0000000E+0	0.0000000E+0	1.0000000E+2	0.0000000E+0
1.4727000E+1	6.2302145E+1	6.0117684E+1	0.0000000E+0	0.0000000E+0	1.0000000E+2	0.0000000E+0
1.4777000E+1	6.2318825E+1	6.0139818E+1	0.0000000E+0	0.0000000E+0	1.0000000E+2	0.0000000E+0
1.4827000E+1	6.2307989E+1	6.0131890E+1	0.0000000E+0	0.0000000E+0	1.0000000E+2	0.0000000E+0
1.4878000E+1	6.2327567E+1	6.0154051E+1	0.0000000E+0	0.0000000E+0	1.0000000E+2	0.0000000E+0
1.4929000E+1	6.2325955E+1	6.0152077E+1	0.0000000E+0	0.0000000E+0	1.0000000E+2	0.0000000E+0
1.4979000E+1	6.2340659E+1	6.0155162E+1	0.0000000E+0	0.0000000E+0	1.0000000E+2	0.0000000E+0
1.5029000E+1	6.2336723E+1	6.0151731E+1	0.0000000E+0	0.0000000E+0	1.0000000E+2	0.0000000E+0
1.5079000E+1	6.2349781E+1	6.0150809E+1	0.0000000E+0	0.0000000E+0	1.0000000E+2	0.0000000E+0
1.5129000E+1	6.2363113E+1	6.0148830E+1	0.0000000E+0	0.0000000E+0	1.0000000E+2	0.0000000E+0
1.5179000E+1	6.2364546E+1	6.0155994E+1	0.0000000E+0	0.0000000E+0	1.0000000E+2	0.0000000E+0
1.5229000E+1	6.2373162E+1	6.0150943E+1	0.0000000E+0	0.0000000E+0	1.0000000E+2	0.0000000E+0
1.5279000E+1	6.2389150E+1	6.0172221E+1	0.0000000E+0	0.0000000E+0	1.0000000E+2	0.0000000E+0
1.5329000E+1	6.2414402E+1	6.0176193E+1	0.0000000E+0	0.0000000E+0	1.0000000E+2	0.0000000E+0
1.5380000E+1	6.2426579E+1	6.0168271E+1	0.0000000E+0	0.0000000E+0	1.0000000E+2	0.0000000E+0
1.5430000E+1	6.2454562E+1	6.0181892E+1	0.0000000E+0	0.0000000E+0	1.0000000E+2	0.0000000E+0
1.5480000E+1	6.2474734E+1	6.0191766E+1	0.0000000E+0	0.0000000E+0	1.0000000E+2	0.0000000E+0
1.5530000E+1	6.2467039E+1	6.0173763E+1	0.0000000E+0	0.0000000E+0	1.0000000E+2	0.0000000E+0
1.5580000E+1	6.2460506E+1	6.0184835E+1	0.0000000E+0	0.0000000E+0	1.0000000E+2	0.0000000E+0
1.5630000E+1	6.2454722E+1	6.0168204E+1	0.0000000E+0	0.0000000E+0	1.0000000E+2	0.0000000E+0
1.5680000E+1	6.2447253E+1	6.0190979E+1	0.0000000E+0	0.0000000E+0	1.0000000E+2	0.0000000E+0
1.5730000E+1	6.2427342E+1	6.0216014E+1	0.0000000E+0	0.0000000E+0	1.0000000E+2	0.0000000E+0
1.5780000E+1	6.2436331E+1	6.0197032E+1	0.0000000E+0	0.0000000E+0	1.0000000E+2	0.0000000E+0
1.5830000E+1	6.2455533E+1	6.0205407E+1	0.0000000E+0	0.0000000E+0	1.0000000E+2	0.0000000E+0
1.5880000E+1	6.2463662E+1	6.0219100E+1	0.0000000E+0	0.0000000E+0	1.0000000E+2	0.0000000E+0
1.5930000E+1	6.2457790E+1	6.0228200E+1	0.0000000E+0	0.0000000E+0	1.0000000E+2	0.0000000E+0
1.5980000E+1	6.2462141E+1	6.0215482E+1	0.0000000E+0	0.0000000E+0	1.0000000E+2	0.0000000E+0
1.6030000E+1	6.2496009E+1	6.0244232E+1	0.0000000E+0	0.0000000E+0	1.0000000E+2	0.0000000E+0
1.6080000E+1	6.2511051E+1	6.0252628E+1	0.0000000E+0	0.0000000E+0	1.0000000E+2	0.0000000E+0
1.6130000E+1	6.2499885E+1	6.0242046E+1	0.0000000E+0	0.0000000E+0	1.0000000E+2	0.0000000E+0
1.6180000E+1	6.2515019E+1	6.0251938E+1	0.0000000E+0	0.0000000E+0	1.0000000E+2	0.0000000E+0
1.6230000E+1	6.2530943E+1	6.0265317E+1	0.0000000E+0	0.0000000E+0	1.0000000E+2	0.0000000E+0
1.6280000E+1	6.2532414E+1	6.0253338E+1	0.0000000E+0	0.0000000E+0	1.0000000E+2	0.0000000E+0
1.6330000E+1	6.2521936E+1	6.0250477E+1	0.0000000E+0	0.0000000E+0	1.0000000E+2	0.0000000E+0
1.6380000E+1	6.2523162E+1	6.0266137E+1	0.0000000E+0	0.0000000E+0	1.0000000E+2	0.0000000E+0
1.6431000E+1	6.2512409E+1	6.0261001E+1	0.0000000E+0	0.0000000E+0	1.0000000E+2	0.0000000E+0
1.6481000E+1	6.2507937E+1	6.0263952E+1	0.0000000E+0	0.0000000E+0	1.0000000E+2	0.0000000E+0
1.6531000E+1	6.2511639E+1	6.0276487E+1	0.0000000E+0	0.0000000E+0	1.0000000E+2	0.0000000E+0
1.6581000E+1	6.2502004E+1	6.0278691E+1	0.0000000E+0	0.0000000E+0	1.0000000E+2	0.0000000E+0
1.6631000E+1	6.2516350E+1	6.0282392E+1	0.0000000E+0	0.0000000E+0	1.0000000E+2	0.0000000E+0
1.6681000E+1	6.2524087E+1	6.0299739E+1	0.0000000E+0	0.0000000E+0	1.0000000E+2	0.0000000E+0
1.6732000E+1	6.2535123E+1	6.0301208E+1	0.0000000E+0	0.0000000E+0	1.0000000E+2	0.0000000E+0
1.6782000E+1	6.2497940E+1	6.0292098E+1	0.0000000E+0	0.0000000E+0	1.0000000E+2	0.0000000E+0
1.6832000E+1	6.2501715E+1	6.0303485E+1	0.0000000E+0	0.0000000E+0	1.0000000E+2	0.0000000E+0
1.6882000E+1	6.2516380E+1	6.0294899E+1	0.0000000E+0	0.0000000E+0	1.0000000E+2	0.0000000E+0
1.6933000E+1	6.2529693E+1	6.0306921E+1	0.0000000E+0	0.0000000E+0	1.0000000E+2	0.0000000E+0
1.6983000E+1	6.2527693E+1	6.0276964E+1	0.0000000E+0	0.0000000E+0	1.0000000E+2	0.0000000E+0
1.7033000E+1	6.2537347E+1	6.0280546E+1	0.0000000E+0	0.0000000E+0	1.0000000E+2	0.0000000E+0
1.7084000E+1	6.2552317E+1	6.0280594E+1	0.0000000E+0	0.0000000E+0	1.0000000E+2	0.0000000E+0
1.7134000E+1	6.2579857E+1	6.0288046E+1	0.0000000E+0	0.0000000E+0	1.0000000E+2	0.0000000E+0
1.7184000E+1	6.2588723E+1	6.0280997E+1	0.0000000E+0	0.0000000E+0	1.0000000E+2	0.0000000E+0
1.7234000E+1	6.2586425E+1	6.0281314E+1	0.0000000E+0	0.0000000E+0	1.0000000E+2	0.0000000E+0
1.7285000E+1	6.2609216E+1	6.0285811E+1	0.0000000E+0	0.0000000E+0	1.0000000E+2	0.0000000E+0
1.7335000E+1	6.2613467E+1	6.0282622E+1	0.0000000E+0	0.0000000E+0	1.0000000E+2	0.0000000E+0
1.7385000E+1	6.2615064E+1	6.0276565E+1	0.0000000E+0	0.0000000E+0	1.0000000E+2	0.0000000E+0
1.7435000E+1	6.2624827E+1	6.0280842E+1	0.0000000E+0	0.0000000E+0	1.0000000E+2	0.0000000E+0
1.7485000E+1	6.2638823E+1	6.0278177E+1	0.0000000E+0	0.0000000E+0	1.0000000E+2	0.0000000E+0
1.7535000E+1	6.2635774E+1	6.0262615E+1	0.0000000E+0	0.0000000E+0	1.0000000E+2	0.0000000E+0
1.7585000E+1	6.2656088E+1	6.0260280E+1	0.0000000E+0	0.0000000E+0	1.0000000E+2	0.0000000E+0
1.7635000E+1	6.2669475E+1	6.0259483E+1	0.0000000E+0	0.0000000E+0	1.0000000E+2	0.0000000E+0
1.7685000E+1	6.2670371E+1	6.0264500E+1	0.0000000E+0	0.0000000E+0	1.0000000E+2	0.0000000E+0
1.7735000E+1	6.2677894E+1	6.0238994E+1	0.0000000E+0	0.0000000E+0	1.0000000E+2	0.0000000E+0
1.7785000E+1	6.2692710E+1	6.0238054E+1	0.0000000E+0	0.0000000E+0	1.0000000E+2	0.0000000E+0
1.7835000E+1	6.2699239E+1	6.0229748E+1	0.0000000E+0	0.0000000E+0	1.0000000E+2	0.0000000E+0
1.7885000E+1	6.2717226E+1	6.0229941E+1	0.0000000E+0	0.0000000E+0	1.0000000E+2	0.0000000E+0
1.7936000E+1	6.2733259E+1	6.0216081E+1	0.0000000E+0	0.0000000E+0	1.0000000E+2	0.0000000E+0
1.7987000E+1	6.2730189E+1	6.0210529E+1	0.0000000E+0	0.0000000E+0	1.0000000E+2	0.0000000E+0
1.8037000E+1	6.2708773E+1	6.0196498E+1	0.0000000E+0	0.0000000E+0	1.0000000E+2	0.0000000E+0
1.8087000E+1	6.2705873E+1	6.0197569E+1	0.0000000E+0	0.0000000E+0	1.0000000E+2	0.0000000E+0
1.8137000E+1	6.2703142E+1	6.0197602E+1	0.0000000E+0	0.0000000E+0	1.0000000E+2	0.0000000E+0
1.8187000E+1	6.2721038E+1	6.0190231E+1	0.0000000E+0	0.0000000E+0	1.0000000E+2	0.0000000E+0
1.8237000E+1	6.2719668E+1	6.0189398E+1	0.0000000E+0	0.0000000E+0	1.0000000E+2	0.0000000E+0
1.8288000E+1	6.2711923E+1	6.0183749E+1	0.0000000E+0	0.0000000E+0	1.0000000E+2	0.0000000E+0
1.8339000E+1	6.2741053E+1	6.0179092E+1	0.0000000E+0	0.0000000E+0	1.0000000E+2	0.0000000E+0
1.8389000E+1	6.2730064E+1	6.0152191E+1	0.0000000E+0	0.0000000E+0	1.0000000E+2	0.0000000E+0
1.8439000E+1	6.2739912E+1	6.0152339E+1	0.0000000E+0	0.0000000E+0	1.0000000E+2	0.0000000E+0
1.8489000E+1	6.2739712E+1	6.0158738E+1	0.0000000E+0	0.0000000E+0	1.0000000E+2	0.0000000E+0
1.8539000E+1	6.2703613E+1	6.0161928E+1	0.0000000E+0	0.0000000E+0	1.0000000E+2	0.0000000E+0
1.8590000E+1	6.2710996E+1	6.0148693E+1	0.0000000E+0	0.0000000E+0	1.0000000E+2	0.0000000E+0
1.8641000E+1	6.2710394E+1	6.0134475E+1	0.0000000E+0	0.0000000E+0	1.0000000E+2	0.0000000E+0
1.8692000E+1	6.2740193E+1	6.0138561E+1	0.0000000E+0	0.0000000E+0	1.0000000E+2	0.0000000E+0
1.8742000E+1	6.2766365E+1	6.0156832E+1	0.0000000E+0	0.0000000E+0	1.0000000E+2	0.0000000E+0
1.8792000E+1	6.2790822E+1	6.0161111E+1	0.0000000E+0	0.0000000E+0	1.0000000E+2	0.0000000E+0
1.8842000E+1	6.2786624E+1	6.0144804E+1	0.0000000E+0	0.0000000E+0	1.0000000E+2	0.0000000E+0
1.8892000E+1	6.2782584E+1	6.0141056E+1	0.0000000E+0	0.0000000E+0	1.0000000E+2	0.0000000E+0
1.8942000E+1	6.2784530E+1	6.0134007E+1	0.0000000E+0	0.0000000E+0	1.0000000E+2	0.0000000E+0
1.8992000E+1	6.2779727E+1	6.0128349E+1	0.0000000E+0	0.0000000E+0	1.0000000E+2	0.0000000E+0
1.9042000E+1	6.2809641E+1	6.0131149E+1	0.0000000E+0	0.0000000E+0	1.0000000E+2	0.0000000E+0
1.9092000E+1	6.2810169E+1	6.0127775E+1	0.0000000E+0	0.0000000E+0	1.0000000E+2	0.0000000E+0
1.9142000E+1	6.2815928E+1	6.0108737E+1	0.0000000E+0	0.0000000E+0	1.0000000E+2	0.0000000E+0
1.9193000E+1	6.2844220E+1	6.0117904E+1	0.0000000E+0	0.0000000E+0	1.0000000E+2	0.0000000E+0
1.9243000E+1	6.2845803E+1	6.0115034E+1	0.0000000E+0	0.0000000E+0	1.0000000E+2	0.0000000E+0
1.9295000E+1	6.2862320E+1	6.0124329E+1	0.0000000E+0	0.0000000E+0	1.0000000E+2	0.0000000E+0
1.9345000E+1	6.2869589E+1	6.0114364E+1	0.0000000E+0	0.0000000E+0	1.0000000E+2	0.0000000E+0
1.9395000E+1	6.2885016E+1	6.0114936E+1	0.0000000E+0	0.0000000E+0	1.0000000E+2	0.0000000E+0
1.9446000E+1	6.2893779E+1	6.0118939E+1	0.0000000E+0	0.0000000E+0	1.0000000E+2	0.0000000E+0
1.9496000E+1	6.2900623E+1	6.0113604E+1	0.0000000E+0	0.0000000E+0	1.0000000E+2	0.0000000E+0
1.9546000E+1	6.2897807E+1	6.0120705E+1	0.0000000E+0	0.0000000E+0	1.0000000E+2	0.0000000E+0
1.9596000E+1	6.2874292E+1	6.0107666E+1	0.0000000E+0	0.0000000E+0	1.0000000E+2	0.0000000E+0
1.9646000E+1	6.2845083E+1	6.0095595E+1	0.0000000E+0	0.0000000E+0	1.0000000E+2	0.0000000E+0
1.9696000E+1	6.2859058E+1	6.0103395E+1	0.0000000E+0	0.0000000E+0	1.0000000E+2	0.0000000E+0
1.9746000E+1	6.2857919E+1	6.0093086E+1	0.0000000E+0	0.0000000E+0	1.0000000E+2	0.0000000E+0
1.9796000E+1	6.2863942E+1	6.0094533E+1	0.0000000E+0	0.0000000E+0	1.0000000E+2	0.0000000E+0
1.9846000E+1	6.2876068E+1	6.0091055E+1	0.0000000E+0	0.0000000E+0	1.0000000E+2	0.0000000E+0
1.9896000E+1	6.2888536E+1	6.0092561E+1	0.0000000E+0	0.0000000E+0	1.0000000E+2	0.0000000E+0
1.9946000E+1	6.2893826E+1	6.0090571E+1	0.0000000E+0	0.0000000E+0	1.0000000E+2	0.0000000E+0
1.9996000E+1	6.2898337E+1	6.0081929E+1	0.0000000E+0	0.0000000E+0	1.0000000E+2	0.0000000E+0
2.0046000E+1	6.2910648E+1	6.0073105E+1	0.0000000E+0	0.0000000E+0	1.0000000E+2	0.0000000E+0
2.0096000E+1	6.2907612E+1	6.0076252E+1	0.0000000E+0	0.0000000E+0	1.0000000E+2	0.0000000E+0
2.0146000E+1	6.2909988E+1	6.0069191E+1	0.0000000E+0	0.0000000E+0	1.0000000E+2	0.0000000E+0
2.0197000E+1	6.2932482E+1	6.0075076E+1	0.0000000E+0	0.0000000E+0	1.0000000E+2	0.0000000E+0
2.0248000E+1	6.2926232E+1	6.0070019E+1	0.0000000E+0	0.0000000E+0	1.0000000E+2	0.0000000E+0
2.0298000E+1	6.2913817E+1	6.0058036E+1	0.0000000E+0	0.0000000E+0	1.0000000E+2	0.0000000E+0
2.0348000E+1	6.2947766E+1	6.0063720E+1	0.0000000E+0	0.0000000E+0	1.0000000E+2	0.0000000E+0
2.0398000E+1	6.2954665E+1	6.0057202E+1	0.0000000E+0	0.0000000E+0	1.0000000E+2	0.0000000E+0
2.0448000E+1	6.2923076E+1	6.0043894E+1	0.0000000E+0	0.0000000E+0	1.0000000E+2	0.0000000E+0
2.0498000E+1	6.2945639E+1	6.0041805E+1	0.0000000E+0	0.0000000E+0	1.0000000E+2	0.0000000E+0
2.0548000E+1	6.2920601E+1	6.0032733E+1	0.0000000E+0	0.0000000E+0	1.0000000E+2	0.0000000E+0
2.0598000E+1	6.2905427E+1	6.0045316E+1	0.0000000E+0	0.0000000E+0	1.0000000E+2	0.0000000E+0
2.0648000E+1	6.2902562E+1	6.0018245E+1	0.0000000E+0	0.0000000E+0	1.0000000E+2	0.0000000E+0
2.0698000E+1	6.2920998E+1	6.0033991E+1	0.0000000E+0	0.0000000E+0	1.0000000E+2	0.0000000E+0
2.0748000E+1	6.2902830E+1	6.0017525E+1	0.0000000E+0	0.0000000E+0	1.0000000E+2	0.0000000E+0
2.0798000E+1	6.2911277E+1	6.0017425E+1	0.0000000E+0	0.0000000E+0	1.0000000E+2	0.0000000E+0
2.0848000E+1	6.2918367E+1	6.0024951E+1	0.0000000E+0	0.0000000E+0	1.0000000E+2	0.0000000E+0
2.0898000E+1	6.2928591E+1	6.0022573E+1	0.0000000E+0	0.0000000E+0	1.0000000E+2	0.0000000E+0
2.0948000E+1	6.2933414E+1	6.0024428E+1	0.0000000E+0	0.0000000E+0	1.0000000E+2	0.0000000E+0
2.0998000E+1	6.2935919E+1	6.0018385E+1	0.0000000E+0	0.0000000E+0	1.0000000E+2	0.0000000E+0
2.1048000E+1	6.2930080E+1	6.0032829E+1	0.0000000E+0	0.0000000E+0	1.0000000E+2	0.0000000E+0
2.1098000E+1	6.2928141E+1	6.0016607E+1	0.0000000E+0	0.0000000E+0	1.0000000E+2	0.0000000E+0
2.1148000E+1	6.2936498E+1	6.0011367E+1	0.0000000E+0	0.0000000E+0	1.0000000E+2	0.0000000E+0
2.1200000E+1	6.2934262E+1	6.0002557E+1	0.0000000E+0	0.0000000E+0	1.0000000E+2	0.0000000E+0
2.1250000E+1	6.2958557E+1	6.0008404E+1	0.0000000E+0	0.0000000E+0	1.0000000E+2	0.0000000E+0
2.1301000E+1	6.2979292E+1	6.0000115E+1	0.0000000E+0	0.0000000E+0	1.0000000E+2	0.0000000E+0
2.1351000E+1	6.3009348E+1	6.0011383E+1	0.0000000E+0	0.0000000E+0	1.0000000E+2	0.0000000E+0
2.1402000E+1	6.3011587E+1	6.0009617E+1	0.0000000E+0	0.0000000E+0	1.0000000E+2	0.0000000E+0
2.1452000E+1	6.3038360E+1	6.0012099E+1	0.0000000E+0	0.0000000E+0	1.0000000E+2	0.0000000E+0
2.1502000E+1	6.3060982E+1	5.9993718E+1	0.0000000E+0	0.0000000E+0	1.0000000E+2	0.0000000E+0
2.1552000E+1	6.3067857E+1	6.0005003E+1	0.0000000E+0	0.0000000E+0	1.0000000E+2	0.0000000E+0
2.1603000E+1	6.3073543E+1	5.9998893E+1	0.0000000E+0	0.0000000E+0	1.0000000E+2	0.0000000E+0
2.1653000E+1	6.3103340E+1	6.0016622E+1	0.0000000E+0	0.0000000E+0	1.0000000E+2	0.0000000E+0
2.1703000E+1	6.3118319E+1	6.0007756E+1	0.0000000E+0	0.0000000E+0	1.0000000E+2	0.0000000E+0
2.1753000E+1	6.3135981E+1	6.0019652E+1	0.0000000E+0	0.0000000E+0	1.0000000E+2	0.0000000E+0
2.1804000E+1	6.3134837E+1	6.0000133E+1	0.0000000E+0	0.0000000E+0	1.0000000E+2	0.0000000E+0
2.1854000E+1	6.3147556E+1	6.0006111E+1	0.0000000E+0	0.0000000E+0	1.0000000E+2	0.0000000E+0
2.1904000E+1	6.3118722E+1	5.9990377E+1	0.0000000E+0	0.0000000E+0	1.0000000E+2	0.0000000E+0
2.1954000E+1	6.3117796E+1	6.0005494E+1	0.0000000E+0	0.0000000E+0	1.0000000E+2	0.0000000E+0
2.2004000E+1	6.3125799E+1	5.9984438E+1	0.0000000E+0	0.0000000E+0	1.0000000E+2	0.0000000E+0
2.2054000E+1	6.3134652E+1	5.9989644E+1	0.0000000E+0	0.0000000E+0	1.0000000E+2	0.0000000E+0
2.2104000E+1	6.3173550E+1	5.9977992E+1	0.0000000E+0	0.0000000E+0	1.0000000E+2	0.0000000E+0
2.2154000E+1	6.3200999E+1	5.9968331E+1	0.0000000E+0	0.0000000E+0	1.0000000E+2	0.0000000E+0
2.2204000E+1	6.3218221E+1	5.9966180E+1	0.0000000E+0	0.0000000E+0	1.0000000E+2	0.0000000E+0
2.2254000E+1	6.3239313E+1	5.9976113E+1	0.0000000E+0	0.0000000E+0	1.0000000E+2	0.0000000E+0
2.2304000E+1	6.3263675E+1	5.9962611E+1	0.0000000E+0	0.0000000E+0	1.0000000E+2	0.0000000E+0
2.2355000E+1	6.3286628E+1	5.9968038E+1	0.0000000E+0	0.0000000E+0	1.0000000E+2	0.0000000E+0
2.2405000E+1	6.3302439E+1	5.9950171E+1	0.0000000E+0	0.0000000E+0	1.0000000E+2	0.0000000E+0
2.2455000E+1	6.3330126E+1	5.9958795E+1	0.0000000E+0	0.0000000E+0	1.0000000E+2	0.0000000E+0
2.2505000E+1	6.3376592E+1	5.9954366E+1	0.0000000E+0	0.0000000E+0	1.0000000E+2	0.0000000E+0
2.2555000E+1	6.3417236E+1	5.9960445E+1	0.0000000E+0	0.0000000E+0	1.0000000E+2	0.0000000E+0
2.2605000E+1	6.3450851E+1	5.9963971E+1	0.0000000E+0	0.0000000E+0	1.0000000E+2	0.0000000E+0
2.2655000E+1	6.3482220E+1	5.9969592E+1	0.0000000E+0	0.0000000E+0	1.0000000E+2	0.0000000E+0
2.2705000E+1	6.3512138E+1	5.9953541E+1	0.0000000E+0	0.0000000E+0	1.0000000E+2	0.0000000E+0
2.2756000E+1	6.3561733E+1	5.9965470E+1	0.0000000E+0	0.0000000E+0	1.0000000E+2	0.0000000E+0
2.2806000E+1	6.3592085E+1	5.9963383E+1	0.0000000E+0	0.0000000E+0	1.0000000E+2	0.0000000E+0
2.2856000E+1	6.3621691E+1	5.9966487E+1	0.0000000E+0	0.0000000E+0	1.0000000E+2	0.0000000E+0
2.2906000E+1	6.3646250E+1	5.9957497E+1	0.0000000E+0	0.0000000E+0	1.0000000E+2	0.0000000E+0
2.2956000E+1	6.3690714E+1	5.9961951E+1	0.0000000E+0	0.0000000E+0	1.0000000E+2	0.0000000E+0
2.3008000E+1	6.3705202E+1	5.9960086E+1	0.0000000E+0	0.0000000E+0	1.0000000E+2	0.0000000E+0
2.3058000E+1	6.3734738E+1	5.9967621E+1	0.0000000E+0	0.0000000E+0	1.0000000E+2	0.0000000E+0
2.3108000E+1	6.3757237E+1	5.9968586E+1	0.0000000E+0	0.0000000E+0	1.0000000E+2	0.0000000E+0
2.3159000E+1	6.3774452E+1	5.9941275E+1	0.0000000E+0	0.0000000E+0	1.0000000E+2	0.0000000E+0
2.3209000E+1	6.3791707E+1	5.9948044E+1	0.0000000E+0	0.0000000E+0	1.0000000E+2	0.0000000E+0
2.3259000E+1	6.3799602E+1	5.9956268E+1	0.0000000E+0	0.0000000E+0	1.0000000E+2	0.0000000E+0
2.3309000E+1	6.3815760E+1	5.9939976E+1	0.0000000E+0	0.0000000E+0	1.0000000E+2	0.0000000E+0
2.3359000E+1	6.3853874E+1	5.9944002E+1	0.0000000E+0	0.0000000E+0	1.0000000E+2	0.0000000E+0
2.3409000E+1	6.3890257E+1	5.9946259E+1	0.0000000E+0	0.0000000E+0	1.0000000E+2	0.0000000E+0
2.3459000E+1	6.3914088E+1	5.9935964E+1	0.0000000E+0	0.0000000E+0	1.0000000E+2	0.0000000E+0
2.3509000E+1	6.3963587E+1	5.9933314E+1	0.0000000E+0	0.0000000E+0	1.0000000E+2	0.0000000E+0
2.3560000E+1	6.4021100E+1	5.9947734E+1	0.0000000E+0	0.0000000E+0	1.0000000E+2	0.0000000E+0
2.3610000E+1	6.4061358E+1	5.9947112E+1	0.0000000E+0	0.0000000E+0	1.0000000E+2	0.0000000E+0
2.3660000E+1	6.4111837E+1	5.9940908E+1	0.0000000E+0	0.0000000E+0	1.0000000E+2	0.0000000E+0
2.3710000E+1	6.4143636E+1	5.9938566E+1	0.0000000E+0	0.0000000E+0	1.0000000E+2	0.0000000E+0
2.3760000E+1	6.4212979E+1	5.9941154E+1	0.0000000E+0	0.0000000E+0	1.0000000E+2	0.0000000E+0
2.3810000E+1	6.4263511E+1	5.9951339E+1	0.0000000E+0	0.0000000E+0	1.0000000E+2	0.0000000E+0
2.3860000E+1	6.4303210E+1	5.9958370E+1	0.0000000E+0	0.0000000E+0	1.0000000E+2	0.0000000E+0
2.3910000E+1	6.4318927E+1	5.9946228E+1	0.0000000E+0	0.0000000E+0	1.0000000E+2	0.0000000E+0
2.3961000E+1	6.4356839E+1	5.9951032E+1	0.0000000E+0	0.0000000E+0	1.0000000E+2	0.0000000E+0
2.4011000E+1	6.4388625E+1	5.9947053E+1	0.0000000E+0	0.0000000E+0	1.0000000E+2	0.0000000E+0
2.4061000E+1	6.4428468E+1	5.9948859E+1	0.0000000E+0	0.0000000E+0	1.0000000E+2	0.0000000E+0
2.4112000E+1	6.4477058E+1	5.9941878E+1	0.0000000E+0	0.0000000E+0	1.0000000E+2	0.0000000E+0
2.4162000E+1	6.4535353E+1	5.9941334E+1	0.0000000E+0	0.0000000E+0	1.0000000E+2	0.0000000E+0
2.4212000E+1	6.4577235E+1	5.9946477E+1	0.0000000E+0	0.0000000E+0	1.0000000E+2	0.0000000E+0
2.4264000E+1	6.4616250E+1	5.9934389E+1	0.0000000E+0	0.0000000E+0	1.0000000E+2	0.0000000E+0
2.4315000E+1	6.4651776E+1	5.9949854E+1	0.0000000E+0	0.0000000E+0	1.0000000E+2	0.0000000E+0
2.4366000E+1	6.4673354E+1	5.9937469E+1	0.0000000E+0	0.0000000E+0	1.0000000E+2	0.0000000E+0
2.4416000E+1	6.4723963E+1	5.9932521E+1	0.0000000E+0	0.0000000E+0	1.0000000E+2	0.0000000E+0
2.4466000E+1	6.4763898E+1	5.9941110E+1	0.0000000E+0	0.0000000E+0	1.0000000E+2	0.0000000E+0
2.4518000E+1	6.4854142E+1	5.9964971E+1	0.0000000E+0	0.0000000E+0	1.0000000E+2	0.0000000E+0
2.4568000E+1	6.4884602E+1	5.9950707E+1	0.0000000E+0	0.0000000E+0	1.0000000E+2	0.0000000E+0
2.4618000E+1	6.4905387E+1	5.9949619E+1	0.0000000E+0	0.0000000E+0	1.0000000E+2	0.0000000E+0
2.4668000E+1	6.4916378E+1	5.9950011E+1	0.0000000E+0	0.0000000E+0	1.0000000E+2	0.0000000E+0
2.4718000E+1	6.4957186E+1	5.9947447E+1	0.0000000E+0	0.0000000E+0	1.0000000E+2	0.0000000E+0
2.4768000E+1	6.5002711E+1	5.9949833E+1	0.0000000E+0	0.0000000E+0	1.0000000E+2	0.0000000E+0
2.4818000E+1	6.5052167E+1	5.9938686E+1	0.0000000E+0	0.0000000E+0	1.0000000E+2	0.0000000E+0
2.4868000E+1	6.5121458E+1	5.9954551E+1	0.0000000E+0	0.0000000E+0	1.0000000E+2	0.0000000E+0
2.4918000E+1	6.5175539E+1	5.9956590E+1	0.0000000E+0	0.0000000E+0	1.0000000E+2	0.0000000E+0
2.4968000E+1	6.5233887E+1	5.9958144E+1	0.0000000E+0	0.0000000E+0	1.0000000E+2	0.0000000E+0
2.5018000E+1	6.5304746E+1	5.9957737E+1	0.0000000E+0	0.0000000E+0	1.0000000E+2	0.0000000E+0
2.5068000E+1	6.5367846E+1	5.9976626E+1	0.0000000E+0	0.0000000E+0	1.0000000E+2	0.0000000E+0
2.5118000E+1	6.5404193E+1	5.9963938E+1	0.0000000E+0	0.0000000E+0	1.0000000E+2	0.0000000E+0
2.5168000E+1	6.5457067E+1	5.9976234E+1	0.0000000E+0	0.0000000E+0	1.0000000E+2	0.0000000E+0
2.5218000E+1	6.5518553E+1	5.9969426E+1	0.0000000E+0	0.0000000E+0	1.0000000E+2	0.0000000E+0
2.5268000E+1	6.5574087E+1	5.9978218E+1	0.0000000E+0	0.0000000E+0	1.0000000E+2	0.0000000E+0
2.5318000E+1	6.5627797E+1	5.9966810E+1	0.0000000E+0	0.0000000E+0	1.0000000E+2	0.0000000E+0
2.5368000E+1	6.5690612E+1	5.9964121E+1	0.0000000E+0	0.0000000E+0	1.0000000E+2	0.0000000E+0
2.5418000E+1	6.5758796E+1	5.9973196E+1	0.0000000E+0	0.0000000E+0	1.0000000E+2	0.0000000E+0
2.5469000E+1	6.5792382E+1	5.9969592E+1	0.0000000E+0	0.0000000E+0	1.0000000E+2	0.0000000E+0
2.5520000E+1	6.5830920E+1	5.9987357E+1	0.0000000E+0	0.0000000E+0	1.0000000E+2	0.0000000E+0
2.5571000E+1	6.5900843E+1	5.9986799E+1	0.0000000E+0	0.0000000E+0	1.0000000E+2	0.0000000E+0
2.5622000E+1	6.5964983E+1	5.9981459E+1	0.0000000E+0	0.0000000E+0	1.0000000E+2	0.0000000E+0
2.5672000E+1	6.6041736E+1	5.9983506E+1	0.0000000E+0	0.0000000E+0	1.0000000E+2	0.0000000E+0
2.5722000E+1	6.6112039E+1	5.9974949E+1	0.0000000E+0	0.0000000E+0	1.0000000E+2	0.0000000E+0
2.5772000E+1	6.6182516E+1	5.9975135E+1	0.0000000E+0	0.0000000E+0	1.0000000E+2	0.0000000E+0
2.5823000E+1	6.6245400E+1	5.9982238E+1	0.0000000E+0	0.0000000E+0	1.0000000E+2	0.0000000E+0
2.5874000E+1	6.6295451E+1	5.9973063E+1	0.0000000E+0	0.0000000E+0	1.0000000E+2	0.0000000E+0
2.5924000E+1	6.6363759E+1	5.9985735E+1	0.0000000E+0	0.0000000E+0	1.0000000E+2	0.0000000E+0
2.5975000E+1	6.6413323E+1	5.9985907E+1	0.0000000E+0	0.0000000E+0	1.0000000E+2	0.0000000E+0
2.6026000E+1	6.6472938E+1	5.9985448E+1	0.0000000E+0	0.0000000E+0	1.0000000E+2	0.0000000E+0
2.6077000E+1	6.6523583E+1	5.9981312E+1	0.0000000E+0	0.0000000E+0	1.0000000E+2	0.0000000E+0
2.6127000E+1	6.6593338E+1	5.9984788E+1	0.0000000E+0	0.0000000E+0	1.0000000E+2	0.0000000E+0
2.6177000E+1	6.6680194E+1	6.0005862E+1	0.0000000E+0	0.0000000E+0	1.0000000E+2	0.0000000E+0
2.6227000E+1	6.6745166E+1	6.0014254E+1	0.0000000E+0	0.0000000E+0	1.0000000E+2	0.0000000E+0
2.6277000E+1	6.6784160E+1	6.0009973E+1	0.0000000E+0	0.0000000E+0	1.0000000E+2	0.0000000E+0
2.6328000E+1	6.6853666E+1	6.0017935E+1	0.0000000E+0	0.0000000E+0	1.0000000E+2	0.0000000E+0
2.6378000E+1	6.6935002E+1	6.0020842E+1	0.0000000E+0	0.0000000E+0	1.0000000E+2	0.0000000E+0
2.6428000E+1	6.7006140E+1	6.0023300E+1	0.0000000E+0	0.0000000E+0	1.0000000E+2	0.0000000E+0
2.6479000E+1	6.7061599E+1	6.0038227E+1	0.0000000E+0	0.0000000E+0	1.0000000E+2	0.0000000E+0
2.6529000E+1	6.7120279E+1	6.0027185E+1	0.0000000E+0	0.0000000E+0	1.0000000E+2	0.0000000E+0
2.6579000E+1	6.7158308E+1	6.0023925E+1	0.0000000E+0	0.0000000E+0	1.0000000E+2	0.0000000E+0
2.6629000E+1	6.7242247E+1	6.0023656E+1	0.0000000E+0	0.0000000E+0	1.0000000E+2	0.0000000E+0
2.6679000E+1	6.7325025E+1	6.0032962E+1	0.0000000E+0	0.0000000E+0	1.0000000E+2	0.0000000E+0
2.6729000E+1	6.7404029E+1	6.0027971E+1	0.0000000E+0	0.0000000E+0	1.0000000E+2	0.0000000E+0
2.6779000E+1	6.7496051E+1	6.0039234E+1	0.0000000E+0	0.0000000E+0	1.0000000E+2	0.0000000E+0
2.6829000E+1	6.7589363E+1	6.0036281E+1	0.0000000E+0	0.0000000E+0	1.0000000E+2	0.0000000E+0
2.6879000E+1	6.7688218E+1	6.0035567E+1	0.0000000E+0	0.0000000E+0	1.0000000E+2	0.0000000E+0
2.6929000E+1	6.7777100E+1	6.0044988E+1	0.0000000E+0	0.0000000E+0	1.0000000E+2	0.0000000E+0
2.6980000E+1	6.7871647E+1	6.0045720E+1	0.0000000E+0	0.0000000E+0	1.0000000E+2	0.0000000E+0
2.7031000E+1	6.7959658E+1	6.0037672E+1	0.0000000E+0	0.0000000E+0	1.0000000E+2	0.0000000E+0
2.7081000E+1	6.8086269E+1	6.0050620E+1	0.0000000E+0	0.0000000E+0	1.0000000E+2	0.0000000E+0
2.7131000E+1	6.8173817E+1	6.0054249E+1	0.0000000E+0	0.0000000E+0	1.0000000E+2	0.0000000E+0
2.7181000E+1	6.8299044E+1	6.0056452E+1	0.0000000E+0	0.0000000E+0	1.0000000E+2	0.0000000E+0
2.7232000E+1	6.8366736E+1	6.0070497E+1	0.0000000E+0	0.0000000E+0	1.0000000E+2	0.0000000E+0
2.7283000E+1	6.8446184E+1	6.0064743E+1	0.0000000E+0	0.0000000E+0	1.0000000E+2	0.0000000E+0
2.7333000E+1	6.8539748E+1	6.0050803E+1	0.0000000E+0	0.0000000E+0	1.0000000E+2	0.0000000E+0
2.7383000E+1	6.8648622E+1	6.0063266E+1	0.0000000E+0	0.0000000E+0	1.0000000E+2	0.0000000E+0
2.7433000E+1	6.8757014E+1	6.0050892E+1	0.0000000E+0	0.0000000E+0	1.0000000E+2	0.0000000E+0
2.7483000E+1	6.8860950E+1	6.0058567E+1	0.0000000E+0	0.0000000E+0	1.0000000E+2	0.0000000E+0
2.7533000E+1	6.8924684E+1	6.0056759E+1	0.0000000E+0	0.0000000E+0	1.0000000E+2	0.0000000E+0
2.7583000E+1	6.9012891E+1	6.0048326E+1	0.0000000E+0	0.0000000E+0	1.0000000E+2	0.0000000E+0
2.7633000E+1	6.9119724E+1	6.0061786E+1	0.0000000E+0	0.0000000E+0	1.0000000E+2	0.0000000E+0
2.7683000E+1	6.9235783E+1	6.0068146E+1	0.0000000E+0	0.0000000E+0	1.0000000E+2	0.0000000E+0
2.7733000E+1	6.9362033E+1	6.0079043E+1	0.0000000E+0	0.0000000E+0	1.0000000E+2	0.0000000E+0
2.7783000E+1	6.9487929E+1	6.0078959E+1	0.0000000E+0	0.0000000E+0	1.0000000E+2	0.0000000E+0
2.7833000E+1	6.9631275E+1	6.0091474E+1	0.0000000E+0	0.0000000E+0	1.0000000E+2	0.0000000E+0
2.7883000E+1	6.9738013E+1	6.0075022E+1	0.0000000E+0	0.0000000E+0	1.0000000E+2	0.0000000E+0
2.7933000E+1	6.9883737E+1	6.0086981E+1	0.0000000E+0	0.0000000E+0	1.0000000E+2	0.0000000E+0
2.7984000E+1	7.0002972E+1	6.0072734E+1	0.0000000E+0	0.0000000E+0	1.0000000E+2	0.0000000E+0
2.8034000E+1	7.0137028E+1	6.0077170E+1	0.0000000E+0	0.0000000E+0	1.0000000E+2	0.0000000E+0
2.8084000E+1	7.0277789E+1	6.0096258E+1	0.0000000E+0	0.0000000E+0	1.0000000E+2	0.0000000E+0
2.8134000E+1	7.0418413E+1	6.0096313E+1	0.0000000E+0	0.0000000E+0	1.0000000E+2	0.0000000E+0
2.8185000E+1	7.0532897E+1	6.0085030E+1	0.0000000E+0	0.0000000E+0	1.0000000E+2	0.0000000E+0
2.8235000E+1	7.0666431E+1	6.0090555E+1	0.0000000E+0	0.0000000E+0	1.0000000E+2	0.0000000E+0
2.8285000E+1	7.0801183E+1	6.0092991E+1	0.0000000E+0	0.0000000E+0	1.0000000E+2	0.0000000E+0
2.8335000E+1	7.0937179E+1	6.0085830E+1	0.0000000E+0	0.0000000E+0	1.0000000E+2	0.0000000E+0
2.8385000E+1	7.1057455E+1	6.0087832E+1	0.0000000E+0	0.0000000E+0	1.0000000E+2	0.0000000E+0
2.8435000E+1	7.1179796E+1	6.0104370E+1	0.0000000E+0	0.0000000E+0	1.0000000E+2	0.0000000E+0
2.8485000E+1	7.1305539E+1	6.0094349E+1	0.0000000E+0	0.0000000E+0	1.0000000E+2	0.0000000E+0
2.8535000E+1	7.1459446E+1	6.0101717E+1	0.0000000E+0	0.0000000E+0	1.0000000E+2	0.0000000E+0
2.8585000E+1	7.1587205E+1	6.0094828E+1	0.0000000E+0	0.0000000E+0	1.0000000E+2	0.0000000E+0
2.8635000E+1	7.1736622E+1	6.0097116E+1	0.0000000E+0	0.0000000E+0	1.0000000E+2	0.0000000E+0
2.8685000E+1	7.1880934E+1	6.0106218E+1	0.0000000E+0	0.0000000E+0	1.0000000E+2	0.0000000E+0
2.8735000E+1	7.2032833E+1	6.0099753E+1	0.0000000E+0	0.0000000E+0	1.0000000E+2	0.0000000E+0
2.8785000E+1	7.2173789E+1	6.0117134E+1	0.0000000E+0	0.0000000E+0	1.0000000E+2	0.0000000E+0
2.8835000E+1	7.2323272E+1	6.0120272E+1	0.0000000E+0	0.0000000E+0	1.0000000E+2	0.0000000E+0
2.8885000E+1	7.2193522E+1	6.0146800E+1	0.0000000E+0	0.0000000E+0	1.0000000E+2	0.0000000E+0
2.8935000E+1	7.2189143E+1	6.0125483E+1	0.0000000E+0	0.0000000E+0	1.0000000E+2	0.0000000E+0
2.8986000E+1	7.2310811E+1	6.0121644E+1	0.0000000E+0	0.0000000E+0	1.0000000E+2	0.0000000E+0
2.9036000E+1	7.2409216E+1	6.0122892E+1	0.0000000E+0	0.0000000E+0	1.0000000E+2	0.0000000E+0
2.9086000E+1	7.2492506E+1	6.0107527E+1	0.0000000E+0	0.0000000E+0	1.0000000E+2	0.0000000E+0
2.9136000E+1	7.2638627E+1	6.0115757E+1	0.0000000E+0	0.0000000E+0	1.0000000E+2	0.0000000E+0
2.9187000E+1	7.2788005E+1	6.0128410E+1	0.0000000E+0	0.0000000E+0	1.0000000E+2	0.0000000E+0
2.9237000E+1	7.2927301E+1	6.0130926E+1	0.0000000E+0	0.0000000E+0	1.0000000E+2	0.0000000E+0
2.9287000E+1	7.3057944E+1	6.0115943E+1	0.0000000E+0	0.0000000E+0	1.0000000E+2	0.0000000E+0
2.9337000E+1	7.3194390E+1	6.0116705E+1	0.0000000E+0	0.0000000E+0	1.0000000E+2	0.0000000E+0
2.9387000E+1	7.3356183E+1	6.0131073E+1	0.0000000E+0	0.0000000E+0	1.0000000E+2	0.0000000E+0
2.9437000E+1	7.3496405E+1	6.0125154E+1	0.0000000E+0	0.0000000E+0	1.0000000E+2	0.0000000E+0
2.9487000E+1	7.3640938E+1	6.0141200E+1	0.0000000E+0	0.0000000E+0	1.0000000E+2	0.0000000E+0
2.9537000E+1	7.3549219E+1	6.0147450E+1	0.0000000E+0	0.0000000E+0	1.0000000E+2	0.0000000E+0
2.9587000E+1	7.3052285E+1	6.0128316E+1	0.0000000E+0	0.0000000E+0	1.0000000E+2	0.0000000E+0
2.9637000E+1	7.3130016E+1	6.0128094E+1	0.0000000E+0	0.0000000E+0	1.0000000E+2	0.0000000E+0
2.9688000E+1	7.3247482E+1	6.0126181E+1	0.0000000E+0	0.0000000E+0	1.0000000E+2	0.0000000E+0
2.9738000E+1	7.3384759E+1	6.0120348E+1	0.0000000E+0	0.0000000E+0	1.0000000E+2	0.0000000E+0
2.9788000E+1	7.3547743E+1	6.0129204E+1	0.0000000E+0	0.0000000E+0	1.0000000E+2	0.0000000E+0
2.9838000E+1	7.3693146E+1	6.0137337E+1	0.0000000E+0	0.0000000E+0	1.0000000E+2	0.0000000E+0
2.9888000E+1	7.3823553E+1	6.0135576E+1	0.0000000E+0	0.0000000E+0	1.0000000E+2	0.0000000E+0
2.9938000E+1	7.3958233E+1	6.0146846E+1	0.0000000E+0	0.0000000E+0	1.0000000E+2	0.0000000E+0
2.9988000E+1	7.3997885E+1	6.0142821E+1	0.0000000E+0	0.0000000E+0	1.0000000E+2	0.0000000E+0
3.0038000E+1	7.3979286E+1	6.0146099E+1	0.0000000E+0	0.0000000E+0	1.0000000E+2	0.0000000E+0
3.0088000E+1	7.4065791E+1	6.0123918E+1	0.0000000E+0	0.0000000E+0	1.0000000E+2	0.0000000E+0
3.0139000E+1	7.4203549E+1	6.0133163E+1	0.0000000E+0	0.0000000E+0	1.0000000E+2	0.0000000E+0
3.0189000E+1	7.4252248E+1	6.0154214E+1	0.0000000E+0	0.0000000E+0	1.0000000E+2	0.0000000E+0
3.0239000E+1	7.4052514E+1	6.0163280E+1	0.0000000E+0	0.0000000E+0	1.0000000E+2	0.0000000E+0
3.0289000E+1	7.3871529E+1	6.0150611E+1	0.0000000E+0	0.0000000E+0	1.0000000E+2	0.0000000E+0
3.0339000E+1	7.3908539E+1	6.0146310E+1	0.0000000E+0	0.0000000E+0	1.0000000E+2	0.0000000E+0
3.0389000E+1	7.4020403E+1	6.0140823E+1	0.0000000E+0	0.0000000E+0	1.0000000E+2	0.0000000E+0
3.0439000E+1	7.4142422E+1	6.0128890E+1	0.0000000E+0	0.0000000E+0	1.0000000E+2	0.0000000E+0
3.0489000E+1	7.4195447E+1	6.0145882E+1	0.0000000E+0	0.0000000E+0	1.0000000E+2	0.0000000E+0
3.0539000E+1	7.3757413E+1	6.0155857E+1	0.0000000E+0	0.0000000E+0	1.0000000E+2	0.0000000E+0
3.0589000E+1	7.3829214E+1	6.0139185E+1	0.0000000E+0	0.0000000E+0	1.0000000E+2	0.0000000E+0
3.0639000E+1	7.3924787E+1	6.0143750E+1	0.0000000E+0	0.0000000E+0	1.0000000E+2	0.0000000E+0
3.0689000E+1	7.3966958E+1	6.0145033E+1	0.0000000E+0	0.0000000E+0	1.0000000E+2	0.0000000E+0
3.0739000E+1	7.3826463E+1	6.0146599E+1	0.0000000E+0	0.0000000E+0	1.0000000E+2	0.0000000E+0
3.0789000E+1	7.3806881E+1	6.0138902E+1	0.0000000E+0	0.0000000E+0	1.0000000E+2	0.0000000E+0
3.0839000E+1	7.3751314E+1	6.0148108E+1	0.0000000E+0	0.0000000E+0	1.0000000E+2	0.0000000E+0
3.0889000E+1	7.3680002E+1	6.0127294E+1	0.0000000E+0	0.0000000E+0	1.0000000E+2	0.0000000E+0
3.0939000E+1	7.3430193E+1	6.0156630E+1	0.0000000E+0	0.0000000E+0	1.0000000E+2	0.0000000E+0
3.0989000E+1	7.3247660E+1	6.0137926E+1	0.0000000E+0	0.0000000E+0	1.0000000E+2	0.0000000E+0
3.1040000E+1	7.3355429E+1	6.0136690E+1	0.0000000E+0	0.0000000E+0	1.0000000E+2	0.0000000E+0
3.1090000E+1	7.3425050E+1	6.0134725E+1	0.0000000E+0	0.0000000E+0	1.0000000E+2	0.0000000E+0
3.1140000E+1	7.3145021E+1	6.0172963E+1	0.0000000E+0	0.0000000E+0	1.0000000E+2	0.0000000E+0
3.1190000E+1	7.2695741E+1	6.0125922E+1	0.0000000E+0	0.0000000E+0	1.0000000E+2	0.0000000E+0
3.1240000E+1	7.2606016E+1	6.0109781E+1	0.0000000E+0	0.0000000E+0	1.0000000E+2	0.0000000E+0
3.1290000E+1	7.2688595E+1	6.0109363E+1	0.0000000E+0	0.0000000E+0	1.0000000E+2	0.0000000E+0
3.1340000E+1	7.2581150E+1	6.0146951E+1	0.0000000E+0	0.0000000E+0	1.0000000E+2	0.0000000E+0
3.1390000E+1	7.2631599E+1	6.0123648E+1	0.0000000E+0	0.0000000E+0	1.0000000E+2	0.0000000E+0
3.1440000E+1	7.2520989E+1	6.0155117E+1	0.0000000E+0	0.0000000E+0	1.0000000E+2	0.0000000E+0
3.1490000E+1	7.2374276E+1	6.0155014E+1	0.0000000E+0	0.0000000E+0	1.0000000E+2	0.0000000E+0
3.1541000E+1	7.2380881E+1	6.0141865E+1	0.0000000E+0	0.0000000E+0	1.0000000E+2	0.0000000E+0
3.1591000E+1	7.2428781E+1	6.0126488E+1	0.0000000E+0	0.0000000E+0	1.0000000E+2	0.0000000E+0
3.1642000E+1	7.2559395E+1	6.0130212E+1	0.0000000E+0	0.0000000E+0	1.0000000E+2	0.0000000E+0
3.1692000E+1	7.2659005E+1	6.0139698E+1	0.0000000E+0	0.0000000E+0	1.0000000E+2	0.0000000E+0
3.1742000E+1	7.2725870E+1	6.0134610E+1	0.0000000E+0	0.0000000E+0	1.0000000E+2	0.0000000E+0
3.1792000E+1	7.2764583E+1	6.0146813E+1	0.0000000E+0	0.0000000E+0	1.0000000E+2	0.0000000E+0
3.1843000E+1	7.2771875E+1	6.0140020E+1	0.0000000E+0	0.0000000E+0	1.0000000E+2	0.0000000E+0
3.1894000E+1	7.2759214E+1	6.0156350E+1	0.0000000E+0	0.0000000E+0	1.0000000E+2	0.0000000E+0
3.1945000E+1	7.2162957E+1	6.0152779E+1	0.0000000E+0	0.0000000E+0	1.0000000E+2	0.0000000E+0
3.1995000E+1	7.1447384E+1	6.0161917E+1	0.0000000E+0	0.0000000E+0	1.0000000E+2	0.0000000E+0
3.2046000E+1	7.1382129E+1	6.0140079E+1	0.0000000E+0	0.0000000E+0	1.0000000E+2	0.0000000E+0
3.2097000E+1	7.1438972E+1	6.0144913E+1	0.0000000E+0	0.0000000E+0	1.0000000E+2	0.0000000E+0
3.2147000E+1	7.1477378E+1	6.0147849E+1	0.0000000E+0	0.0000000E+0	1.0000000E+2	0.0000000E+0
3.2197000E+1	7.1538997E+1	6.0163529E+1	0.0000000E+0	0.0000000E+0	1.0000000E+2	0.0000000E+0
3.2247000E+1	7.1591687E+1	6.0161412E+1	0.0000000E+0	0.0000000E+0	1.0000000E+2	0.0000000E+0
3.2297000E+1	7.1626974E+1	6.0145248E+1	0.0000000E+0	0.0000000E+0	1.0000000E+2	0.0000000E+0
3.2347000E+1	7.1674821E+1	6.0144408E+1	0.0000000E+0	0.0000000E+0	1.0000000E+2	0.0000000E+0
3.2397000E+1	7.1701596E+1	6.0158651E+1	0.0000000E+0	0.0000000E+0	1.0000000E+2	0.0000000E+0
3.2447000E+1	7.1580310E+1	6.0156060E+1	0.0000000E+0	0.0000000E+0	1.0000000E+2	0.0000000E+0
3.2497000E+1	7.1480914E+1	6.0145466E+1	0.0000000E+0	0.0000000E+0	1.0000000E+2	0.0000000E+0
3.2547000E+1	7.1479484E+1	6.0148195E+1	0.0000000E+0	0.0000000E+0	1.0000000E+2	0.0000000E+0
3.2597000E+1	7.1455451E+1	6.0136656E+1	0.0000000E+0	0.0000000E+0	1.0000000E+2	0.0000000E+0
3.2647000E+1	7.1393432E+1	6.0127443E+1	0.0000000E+0	0.0000000E+0	1.0000000E+2	0.0000000E+0
3.2697000E+1	7.1308606E+1	6.0146806E+1	0.0000000E+0	0.0000000E+0	1.0000000E+2	0.0000000E+0
3.2747000E+1	7.1066514E+1	6.0133371E+1	0.0000000E+0	0.0000000E+0	1.0000000E+2	0.0000000E+0
3.2797000E+1	7.0953042E+1	6.0132093E+1	0.0000000E+0	0.0000000E+0	1.0000000E+2	0.0000000E+0
3.2847000E+1	7.0962130E+1	6.0130633E+1	0.0000000E+0	0.0000000E+0	1.0000000E+2	0.0000000E+0
3.2897000E+1	7.1037674E+1	6.0145827E+1	0.0000000E+0	0.0000000E+0	1.0000000E+2	0.0000000E+0
3.2947000E+1	7.1004741E+1	6.0164611E+1	0.0000000E+0	0.0000000E+0	1.0000000E+2	0.0000000E+0
3.2997000E+1	7.0680790E+1	6.0140017E+1	0.0000000E+0	0.0000000E+0	1.0000000E+2	0.0000000E+0
3.3048000E+1	7.0619280E+1	6.0153840E+1	0.0000000E+0	0.0000000E+0	1.0000000E+2	0.0000000E+0
3.3098000E+1	7.0569392E+1	6.0141865E+1	0.0000000E+0	0.0000000E+0	1.0000000E+2	0.0000000E+0
3.3148000E+1	7.0638233E+1	6.0160064E+1	0.0000000E+0	0.0000000E+0	1.0000000E+2	0.0000000E+0
3.3199000E+1	7.0725875E+1	6.0165969E+1	0.0000000E+0	0.0000000E+0	1.0000000E+2	0.0000000E+0
3.3249000E+1	7.0792087E+1	6.0171478E+1	0.0000000E+0	0.0000000E+0	1.0000000E+2	0.0000000E+0
3.3300000E+1	7.0820504E+1	6.0154339E+1	0.0000000E+0	0.0000000E+0	1.0000000E+2	0.0000000E+0
3.3350000E+1	7.0711598E+1	6.0176643E+1	0.0000000E+0	0.0000000E+0	1.0000000E+2	0.0000000E+0
3.3401000E+1	7.0673943E+1	6.0148160E+1	0.0000000E+0	0.0000000E+0	1.0000000E+2	0.0000000E+0
3.3451000E+1	7.0677909E+1	6.0144900E+1	0.0000000E+0	0.0000000E+0	1.0000000E+2	0.0000000E+0
3.3501000E+1	7.0340485E+1	6.0167253E+1	0.0000000E+0	0.0000000E+0	1.0000000E+2	0.0000000E+0
3.3551000E+1	7.0073096E+1	6.0124319E+1	0.0000000E+0	0.0000000E+0	1.0000000E+2	0.0000000E+0
3.3601000E+1	7.0089687E+1	6.0159071E+1	0.0000000E+0	0.0000000E+0	1.0000000E+2	0.0000000E+0
3.3651000E+1	7.0080853E+1	6.0145947E+1	0.0000000E+0	0.0000000E+0	1.0000000E+2	0.0000000E+0
3.3701000E+1	7.0095241E+1	6.0147446E+1	0.0000000E+0	0.0000000E+0	1.0000000E+2	0.0000000E+0
3.3751000E+1	7.0105466E+1	6.0155842E+1	0.0000000E+0	0.0000000E+0	1.0000000E+2	0.0000000E+0
3.3801000E+1	7.0133238E+1	6.0154793E+1	0.0000000E+0	0.0000000E+0	1.0000000E+2	0.0000000E+0
3.3851000E+1	7.0132590E+1	6.0155549E+1	0.0000000E+0	0.0000000E+0	1.0000000E+2	0.0000000E+0
3.3901000E+1	7.0185898E+1	6.0174598E+1	0.0000000E+0	0.0000000E+0	1.0000000E+2	0.0000000E+0
3.3951000E+1	7.0207217E+1	6.0166258E+1	0.0000000E+0	0.0000000E+0	1.0000000E+2	0.0000000E+0
3.4001000E+1	7.0240589E+1	6.0162158E+1	0.0000000E+0	0.0000000E+0	1.0000000E+2	0.0000000E+0
3.4051000E+1	7.0305619E+1	6.0176833E+1	0.0000000E+0	0.0000000E+0	1.0000000E+2	0.0000000E+0
3.4101000E+1	7.0381114E+1	6.0170491E+1	0.0000000E+0	0.0000000E+0	1.0000000E+2	0.0000000E+0
3.4151000E+1	7.0446812E+1	6.0183509E+1	0.0000000E+0	0.0000000E+0	1.0000000E+2	0.0000000E+0
3.4201000E+1	7.0493460E+1	6.0181227E+1	0.0000000E+0	0.0000000E+0	1.0000000E+2	0.0000000E+0
3.4251000E+1	7.0541419E+1	6.0190491E+1	0.0000000E+0	0.0000000E+0	1.0000000E+2	0.0000000E+0
3.4302000E+1	7.0594862E+1	6.0190346E+1	0.0000000E+0	0.0000000E+0	1.0000000E+2	0.0000000E+0
3.4353000E+1	7.0646388E+1	6.0181249E+1	0.0000000E+0	0.0000000E+0	1.0000000E+2	0.0000000E+0
3.4403000E+1	7.0727391E+1	6.0185922E+1	0.0000000E+0	0.0000000E+0	1.0000000E+2	0.0000000E+0
3.4453000E+1	7.0785051E+1	6.0174324E+1	0.0000000E+0	0.0000000E+0	1.0000000E+2	0.0000000E+0
3.4503000E+1	7.0843005E+1	6.0179156E+1	0.0000000E+0	0.0000000E+0	1.0000000E+2	0.0000000E+0
3.4553000E+1	7.0870383E+1	6.0174132E+1	0.0000000E+0	0.0000000E+0	1.0000000E+2	0.0000000E+0
3.4603000E+1	7.0873055E+1	6.0173086E+1	0.0000000E+0	0.0000000E+0	1.0000000E+2	0.0000000E+0
3.4653000E+1	7.0929439E+1	6.0164680E+1	0.0000000E+0	0.0000000E+0	1.0000000E+2	0.0000000E+0
3.4703000E+1	7.1019136E+1	6.0177593E+1	0.0000000E+0	0.0000000E+0	1.0000000E+2	0.0000000E+0
3.4753000E+1	7.1094326E+1	6.0189821E+1	0.0000000E+0	0.0000000E+0	1.0000000E+2	0.0000000E+0
3.4803000E+1	7.1143232E+1	6.0183037E+1	0.0000000E+0	0.0000000E+0	1.0000000E+2	0.0000000E+0
3.4853000E+1	7.1140658E+1	6.0179138E+1	0.0000000E+0	0.0000000E+0	1.0000000E+2	0.0000000E+0
3.4903000E+1	7.1152454E+1	6.0178567E+1	0.0000000E+0	0.0000000E+0	1.0000000E+2	0.0000000E+0
3.4953000E+1	7.1190524E+1	6.0160866E+1	0.0000000E+0	0.0000000E+0	1.0000000E+2	0.0000000E+0
3.5003000E+1	7.1209832E+1	6.0166077E+1	0.0000000E+0	0.0000000E+0	1.0000000E+2	0.0000000E+0
3.5053000E+1	7.1085709E+1	6.0154114E+1	0.0000000E+0	0.0000000E+0	1.0000000E+2	0.0000000E+0
3.5105000E+1	7.0783417E+1	6.0155770E+1	0.0000000E+0	0.0000000E+0	1.0000000E+2	0.0000000E+0
3.5155000E+1	7.0371378E+1	6.0147097E+1	0.0000000E+0	0.0000000E+0	1.0000000E+2	0.0000000E+0
3.5205000E+1	7.0334943E+1	6.0149475E+1	0.0000000E+0	0.0000000E+0	1.0000000E+2	0.0000000E+0
3.5255000E+1	7.0393281E+1	6.0164721E+1	0.0000000E+0	0.0000000E+0	1.0000000E+2	0.0000000E+0
3.5305000E+1	7.0423019E+1	6.0159580E+1	0.0000000E+0	0.0000000E+0	1.0000000E+2	0.0000000E+0
3.5355000E+1	7.0434537E+1	6.0175404E+1	0.0000000E+0	0.0000000E+0	1.0000000E+2	0.0000000E+0
3.5405000E+1	7.0269294E+1	6.0174409E+1	0.0000000E+0	0.0000000E+0	1.0000000E+2	0.0000000E+0
3.5455000E+1	7.0024015E+1	6.0151526E+1	0.0000000E+0	0.0000000E+0	1.0000000E+2	0.0000000E+0
3.5505000E+1	6.9969464E+1	6.0152038E+1	0.0000000E+0	0.0000000E+0	1.0000000E+2	0.0000000E+0
3.5555000E+1	6.9933913E+1	6.0157151E+1	0.0000000E+0	0.0000000E+0	1.0000000E+2	0.0000000E+0
3.5605000E+1	6.9900980E+1	6.0161202E+1	0.0000000E+0	0.0000000E+0	1.0000000E+2	0.0000000E+0
3.5655000E+1	6.9907946E+1	6.0163672E+1	0.0000000E+0	0.0000000E+0	1.0000000E+2	0.0000000E+0
3.5705000E+1	6.9941978E+1	6.0169055E+1	0.0000000E+0	0.0000000E+0	1.0000000E+2	0.0000000E+0
3.5755000E+1	6.9988687E+1	6.0170217E+1	0.0000000E+0	0.0000000E+0	1.0000000E+2	0.0000000E+0
3.5805000E+1	7.0001576E+1	6.0146926E+1	0.0000000E+0	0.0000000E+0	1.0000000E+2	0.0000000E+0
3.5855000E+1	7.0017255E+1	6.0145027E+1	0.0000000E+0	0.0000000E+0	1.0000000E+2	0.0000000E+0
3.5905000E+1	7.0035592E+1	6.0154077E+1	0.0000000E+0	0.0000000E+0	1.0000000E+2	0.0000000E+0
3.5955000E+1	7.0041597E+1	6.0153028E+1	0.0000000E+0	0.0000000E+0	1.0000000E+2	0.0000000E+0
3.6005000E+1	6.9820538E+1	6.0174978E+1	0.0000000E+0	0.0000000E+0	1.0000000E+2	0.0000000E+0
3.6055000E+1	6.9572517E+1	6.0163720E+1	0.0000000E+0	0.0000000E+0	1.0000000E+2	0.0000000E+0
3.6105000E+1	6.5356473E+1	5.9841499E+1	0.0000000E+0	0.0000000E+0	1.0000000E+2	0.0000000E+0
3.6155000E+1	6.4302882E+1	6.0146547E+1	0.0000000E+0	0.0000000E+0	1.0000000E+2	0.0000000E+0
3.6205000E+1	6.4061182E+1	6.0171970E+1	0.0000000E+0	0.0000000E+0	1.0000000E+2	0.0000000E+0
3.6255000E+1	6.3975723E+1	6.0163027E+1	0.0000000E+0	0.0000000E+0	1.0000000E+2	0.0000000E+0
3.6305000E+1	6.3950454E+1	6.0145663E+1	0.0000000E+0	0.0000000E+0	1.0000000E+2	0.0000000E+0
3.6357000E+1	6.3952305E+1	6.0137971E+1	0.0000000E+0	0.0000000E+0	1.0000000E+2	0.0000000E+0
3.6407000E+1	6.4029835E+1	6.0151791E+1	0.0000000E+0	0.0000000E+0	1.0000000E+2	0.0000000E+0
3.6457000E+1	6.4062402E+1	6.0177384E+1	0.0000000E+0	0.0000000E+0	1.0000000E+2	0.0000000E+0
3.6507000E+1	6.4088859E+1	6.0148456E+1	0.0000000E+0	0.0000000E+0	1.0000000E+2	0.0000000E+0
3.6557000E+1	6.4129804E+1	6.0146758E+1	0.0000000E+0	0.0000000E+0	1.0000000E+2	0.0000000E+0
3.6607000E+1	6.4199364E+1	6.0163620E+1	0.0000000E+0	0.0000000E+0	1.0000000E+2	0.0000000E+0
3.6657000E+1	6.4251428E+1	6.0170052E+1	0.0000000E+0	0.0000000E+0	1.0000000E+2	0.0000000E+0
3.6707000E+1	6.4300118E+1	6.0172863E+1	0.0000000E+0	0.0000000E+0	1.0000000E+2	0.0000000E+0
3.6757000E+1	6.4331118E+1	6.0176544E+1	0.0000000E+0	0.0000000E+0	1.0000000E+2	0.0000000E+0
3.6807000E+1	6.4338361E+1	6.0162698E+1	0.0000000E+0	0.0000000E+0	1.0000000E+2	0.0000000E+0
3.6857000E+1	6.4337558E+1	6.0168282E+1	0.0000000E+0	0.0000000E+0	1.0000000E+2	0.0000000E+0
3.6907000E+1	6.4363092E+1	6.0164305E+1	0.0000000E+0	0.0000000E+0	1.0000000E+2	0.0000000E+0
3.6957000E+1	6.4385056E+1	6.0158573E+1	0.0000000E+0	0.0000000E+0	1.0000000E+2	0.0000000E+0
3.7007000E+1	6.4385736E+1	6.0155499E+1	0.0000000E+0	0.0000000E+0	1.0000000E+2	0.0000000E+0
3.7057000E+1	6.4402575E+1	6.0166942E+1	0.0000000E+0	0.0000000E+0	1.0000000E+2	0.0000000E+0
3.7107000E+1	6.4406553E+1	6.0164215E+1	0.0000000E+0	0.0000000E+0	1.0000000E+2	0.0000000E+0
3.7157000E+1	6.4427216E+1	6.0175731E+1	0.0000000E+0	0.0000000E+0	1.0000000E+2	0.0000000E+0
3.7207000E+1	6.4408845E+1	6.0167090E+1	0.0000000E+0	0.0000000E+0	1.0000000E+2	0.0000000E+0
3.7257000E+1	6.4427414E+1	6.0168282E+1	0.0000000E+0	0.0000000E+0	1.0000000E+2	0.0000000E+0
3.7307000E+1	6.4414597E+1	6.0156441E+1	0.0000000E+0	0.0000000E+0	1.0000000E+2	0.0000000E+0
3.7357000E+1	6.4412682E+1	6.0153541E+1	0.0000000E+0	0.0000000E+0	1.0000000E+2	0.0000000E+0
3.7407000E+1	6.4383936E+1	6.0143713E+1	0.0000000E+0	0.0000000E+0	1.0000000E+2	0.0000000E+0
3.7457000E+1	6.4351432E+1	6.0142347E+1	0.0000000E+0	0.0000000E+0	1.0000000E+2	0.0000000E+0
3.7507000E+1	6.4361891E+1	6.0151567E+1	0.0000000E+0	0.0000000E+0	1.0000000E+2	0.0000000E+0
3.7557000E+1	6.4334485E+1	6.0155184E+1	0.0000000E+0	0.0000000E+0	1.0000000E+2	0.0000000E+0
3.7607000E+1	6.4345162E+1	6.0164730E+1	0.0000000E+0	0.0000000E+0	1.0000000E+2	0.0000000E+0
3.7657000E+1	6.4319956E+1	6.0163028E+1	0.0000000E+0	0.0000000E+0	1.0000000E+2	0.0000000E+0
3.7707000E+1	6.4328145E+1	6.0151387E+1	0.0000000E+0	0.0000000E+0	1.0000000E+2	0.0000000E+0
3.7757000E+1	6.4332405E+1	6.0161936E+1	0.0000000E+0	0.0000000E+0	1.0000000E+2	0.0000000E+0
3.7807000E+1	6.4336435E+1	6.0170435E+1	0.0000000E+0	0.0000000E+0	1.0000000E+2	0.0000000E+0
3.7857000E+1	6.4351217E+1	6.0170210E+1	0.0000000E+0	0.0000000E+0	1.0000000E+2	0.0000000E+0
3.7907000E+1	6.4385778E+1	6.0171955E+1	0.0000000E+0	0.0000000E+0	1.0000000E+2	0.0000000E+0
3.7957000E+1	6.4404897E+1	6.0183109E+1	0.0000000E+0	0.0000000E+0	1.0000000E+2	0.0000000E+0
3.8008000E+1	6.4259056E+1	6.0173517E+1	0.0000000E+0	0.0000000E+0	1.0000000E+2	0.0000000E+0
3.8059000E+1	6.4174514E+1	6.0168284E+1	0.0000000E+0	0.0000000E+0	1.0000000E+2	0.0000000E+0
3.8109000E+1	6.4157038E+1	6.0179415E+1	0.0000000E+0	0.0000000E+0	1.0000000E+2	0.0000000E+0
3.8160000E+1	6.4143365E+1	6.0173884E+1	0.0000000E+0	0.0000000E+0	1.0000000E+2	0.0000000E+0
3.8211000E+1	6.4117152E+1	6.0166264E+1	0.0000000E+0	0.0000000E+0	1.0000000E+2	0.0000000E+0
3.8261000E+1	6.4141580E+1	6.0173416E+1	0.0000000E+0	0.0000000E+0	1.0000000E+2	0.0000000E+0
3.8311000E+1	6.4154545E+1	6.0174233E+1	0.0000000E+0	0.0000000E+0	1.0000000E+2	0.0000000E+0
3.8361000E+1	6.4163580E+1	6.0172027E+1	0.0000000E+0	0.0000000E+0	1.0000000E+2	0.0000000E+0
3.8411000E+1	6.4177245E+1	6.0167164E+1	0.0000000E+0	0.0000000E+0	1.0000000E+2	0.0000000E+0
3.8461000E+1	6.4167870E+1	6.0168537E+1	0.0000000E+0	0.0000000E+0	1.0000000E+2	0.0000000E+0
3.8511000E+1	6.4187351E+1	6.0176315E+1	0.0000000E+0	0.0000000E+0	1.0000000E+2	0.0000000E+0
3.8562000E+1	6.4176086E+1	6.0164709E+1	0.0000000E+0	0.0000000E+0	1.0000000E+2	0.0000000E+0
3.8612000E+1	6.4186470E+1	6.0174764E+1	0.0000000E+0	0.0000000E+0	1.0000000E+2	0.0000000E+0
3.8662000E+1	6.4222873E+1	6.0169081E+1	0.0000000E+0	0.0000000E+0	1.0000000E+2	0.0000000E+0
3.8713000E+1	6.4230033E+1	6.0161873E+1	0.0000000E+0	0.0000000E+0	1.0000000E+2	0.0000000E+0
3.8763000E+1	6.4261220E+1	6.0173156E+1	0.0000000E+0	0.0000000E+0	1.0000000E+2	0.0000000E+0
3.8813000E+1	6.4256539E+1	6.0175830E+1	0.0000000E+0	0.0000000E+0	1.0000000E+2	0.0000000E+0
3.8863000E+1	6.4261501E+1	6.0174188E+1	0.0000000E+0	0.0000000E+0	1.0000000E+2	0.0000000E+0
3.8913000E+1	6.4290076E+1	6.0172175E+1	0.0000000E+0	0.0000000E+0	1.0000000E+2	0.0000000E+0
3.8963000E+1	6.4309938E+1	6.0177777E+1	0.0000000E+0	0.0000000E+0	1.0000000E+2	0.0000000E+0
3.9013000E+1	6.4317315E+1	6.0170287E+1	0.0000000E+0	0.0000000E+0	1.0000000E+2	0.0000000E+0
3.9063000E+1	6.4348476E+1	6.0186851E+1	0.0000000E+0	0.0000000E+0	1.0000000E+2	0.0000000E+0
3.9113000E+1	6.4321485E+1	6.0175008E+1	0.0000000E+0	0.0000000E+0	1.0000000E+2	0.0000000E+0
3.9163000E+1	6.4330824E+1	6.0181096E+1	0.0000000E+0	0.0000000E+0	1.0000000E+2	0.0000000E+0
3.9213000E+1	6.4312150E+1	6.0189961E+1	0.0000000E+0	0.0000000E+0	1.0000000E+2	0.0000000E+0
3.9263000E+1	6.4305881E+1	6.0185680E+1	0.0000000E+0	0.0000000E+0	1.0000000E+2	0.0000000E+0
3.9313000E+1	6.4265215E+1	6.0171397E+1	0.0000000E+0	0.0000000E+0	1.0000000E+2	0.0000000E+0
3.9363000E+1	6.4263355E+1	6.0182058E+1	0.0000000E+0	0.0000000E+0	1.0000000E+2	0.0000000E+0
3.9414000E+1	6.4249981E+1	6.0183288E+1	0.0000000E+0	0.0000000E+0	1.0000000E+2	0.0000000E+0
3.9464000E+1	6.4237024E+1	6.0175934E+1	0.0000000E+0	0.0000000E+0	1.0000000E+2	0.0000000E+0
3.9515000E+1	6.4210449E+1	6.0177575E+1	0.0000000E+0	0.0000000E+0	1.0000000E+2	0.0000000E+0
3.9565000E+1	6.4213302E+1	6.0182718E+1	0.0000000E+0	0.0000000E+0	1.0000000E+2	0.0000000E+0
3.9616000E+1	6.4219028E+1	6.0189816E+1	0.0000000E+0	0.0000000E+0	1.0000000E+2	0.0000000E+0
3.9666000E+1	6.4228735E+1	6.0185351E+1	0.0000000E+0	0.0000000E+0	1.0000000E+2	0.0000000E+0
3.9716000E+1	6.4243476E+1	6.0189228E+1	0.0000000E+0	0.0000000E+0	1.0000000E+2	0.0000000E+0
3.9766000E+1	6.4225408E+1	6.0186150E+1	0.0000000E+0	0.0000000E+0	1.0000000E+2	0.0000000E+0
3.9816000E+1	6.4218085E+1	6.0172783E+1	0.0000000E+0	0.0000000E+0	1.0000000E+2	0.0000000E+0
3.9866000E+1	6.4202001E+1	6.0185730E+1	0.0000000E+0	0.0000000E+0	1.0000000E+2	0.0000000E+0
3.9916000E+1	6.4211753E+1	6.0190657E+1	0.0000000E+0	0.0000000E+0	1.0000000E+2	0.0000000E+0
3.9966000E+1	6.4197272E+1	6.0187802E+1	0.0000000E+0	0.0000000E+0	1.0000000E+2	0.0000000E+0
4.0016000E+1	6.4194551E+1	6.0211498E+1	0.0000000E+0	0.0000000E+0	1.0000000E+2	0.0000000E+0
4.0066000E+1	6.4191930E+1	6.0203987E+1	0.0000000E+0	0.0000000E+0	1.0000000E+2	0.0000000E+0
4.0116000E+1	6.4182629E+1	6.0213772E+1	0.0000000E+0	0.0000000E+0	1.0000000E+2	0.0000000E+0
4.0166000E+1	6.4185933E+1	6.0222689E+1	0.0000000E+0	0.0000000E+0	1.0000000E+2	0.0000000E+0
4.0216000E+1	6.4178198E+1	6.0210953E+1	0.0000000E+0	0.0000000E+0	1.0000000E+2	0.0000000E+0
4.0266000E+1	6.4201254E+1	6.0216207E+1	0.0000000E+0	0.0000000E+0	1.0000000E+2	0.0000000E+0
4.0316000E+1	6.4256596E+1	6.0232093E+1	0.0000000E+0	0.0000000E+0	1.0000000E+2	0.0000000E+0
4.0366000E+1	6.4286582E+1	6.0226616E+1	0.0000000E+0	0.0000000E+0	1.0000000E+2	0.0000000E+0
4.0416000E+1	6.4307649E+1	6.0223607E+1	0.0000000E+0	0.0000000E+0	1.0000000E+2	0.0000000E+0
4.0466000E+1	6.4346814E+1	6.0231419E+1	0.0000000E+0	0.0000000E+0	1.0000000E+2	0.0000000E+0
4.0516000E+1	6.4375824E+1	6.0236904E+1	0.0000000E+0	0.0000000E+0	1.0000000E+2	0.0000000E+0
4.0566000E+1	6.4381378E+1	6.0238136E+1	0.0000000E+0	0.0000000E+0	1.0000000E+2	0.0000000E+0
4.0617000E+1	6.4396314E+1	6.0230190E+1	0.0000000E+0	0.0000000E+0	1.0000000E+2	0.0000000E+0
4.0667000E+1	6.4412071E+1	6.0230671E+1	0.0000000E+0	0.0000000E+0	1.0000000E+2	0.0000000E+0
4.0717000E+1	6.4405230E+1	6.0229773E+1	0.0000000E+0	0.0000000E+0	1.0000000E+2	0.0000000E+0
4.0767000E+1	6.4381649E+1	6.0241122E+1	0.0000000E+0	0.0000000E+0	1.0000000E+2	0.0000000E+0
4.0817000E+1	6.4366624E+1	6.0245709E+1	0.0000000E+0	0.0000000E+0	1.0000000E+2	0.0000000E+0
4.0867000E+1	6.4340173E+1	6.0237308E+1	0.0000000E+0	0.0000000E+0	1.0000000E+2	0.0000000E+0
4.0917000E+1	6.4323729E+1	6.0232384E+1	0.0000000E+0	0.0000000E+0	1.0000000E+2	0.0000000E+0
4.0967000E+1	6.4293090E+1	6.0224906E+1	0.0000000E+0	0.0000000E+0	1.0000000E+2	0.0000000E+0
4.1017000E+1	6.4313029E+1	6.0247388E+1	0.0000000E+0	0.0000000E+0	1.0000000E+2	0.0000000E+0
4.1067000E+1	6.4318656E+1	6.0255920E+1	0.0000000E+0	0.0000000E+0	1.0000000E+2	0.0000000E+0
4.1117000E+1	6.4296613E+1	6.0261579E+1	0.0000000E+0	0.0000000E+0	1.0000000E+2	0.0000000E+0
4.1167000E+1	6.4271153E+1	6.0255559E+1	0.0000000E+0	0.0000000E+0	1.0000000E+2	0.0000000E+0
4.1217000E+1	6.4257037E+1	6.0252092E+1	0.0000000E+0	0.0000000E+0	1.0000000E+2	0.0000000E+0
4.1267000E+1	6.4267994E+1	6.0266004E+1	0.0000000E+0	0.0000000E+0	1.0000000E+2	0.0000000E+0
4.1317000E+1	6.4239982E+1	6.0255340E+1	0.0000000E+0	0.0000000E+0	1.0000000E+2	0.0000000E+0
4.1367000E+1	6.4248241E+1	6.0283817E+1	0.0000000E+0	0.0000000E+0	1.0000000E+2	0.0000000E+0
4.1417000E+1	6.4213398E+1	6.0285501E+1	0.0000000E+0	0.0000000E+0	1.0000000E+2	0.0000000E+0
4.1467000E+1	6.4202625E+1	6.0275144E+1	0.0000000E+0	0.0000000E+0	1.0000000E+2	0.0000000E+0
4.1517000E+1	6.4210362E+1	6.0283306E+1	0.0000000E+0	0.0000000E+0	1.0000000E+2	0.0000000E+0
4.1567000E+1	6.4225349E+1	6.0284794E+1	0.0000000E+0	0.0000000E+0	1.0000000E+2	0.0000000E+0
4.1617000E+1	6.4238868E+1	6.0271734E+1	0.0000000E+0	0.0000000E+0	1.0000000E+2	0.0000000E+0
4.1667000E+1	6.4262492E+1	6.0275133E+1	0.0000000E+0	0.0000000E+0	1.0000000E+2	0.0000000E+0
4.1717000E+1	6.4287464E+1	6.0270348E+1	0.0000000E+0	0.0000000E+0	1.0000000E+2	0.0000000E+0
4.1768000E+1	6.4342671E+1	6.0295989E+1	0.0000000E+0	0.0000000E+0	1.0000000E+2	0.0000000E+0
4.1818000E+1	6.4374180E+1	6.0299791E+1	0.0000000E+0	0.0000000E+0	1.0000000E+2	0.0000000E+0
4.1868000E+1	6.4392616E+1	6.0275363E+1	0.0000000E+0	0.0000000E+0	1.0000000E+2	0.0000000E+0
4.1918000E+1	6.4418716E+1	6.0286470E+1	0.0000000E+0	0.0000000E+0	1.0000000E+2	0.0000000E+0
4.1968000E+1	6.4436746E+1	6.0291328E+1	0.0000000E+0	0.0000000E+0	1.0000000E+2	0.0000000E+0
4.2018000E+1	6.4425061E+1	6.0282543E+1	0.0000000E+0	0.0000000E+0	1.0000000E+2	0.0000000E+0
4.2069000E+1	6.4430131E+1	6.0271765E+1	0.0000000E+0	0.0000000E+0	1.0000000E+2	0.0000000E+0
4.2119000E+1	6.4446778E+1	6.0261138E+1	0.0000000E+0	0.0000000E+0	1.0000000E+2	0.0000000E+0
4.2170000E+1	6.4464326E+1	6.0252114E+1	0.0000000E+0	0.0000000E+0	1.0000000E+2	0.0000000E+0
4.2222000E+1	6.4498771E+1	6.0269496E+1	0.0000000E+0	0.0000000E+0	1.0000000E+2	0.0000000E+0
4.2272000E+1	6.4508967E+1	6.0260404E+1	0.0000000E+0	0.0000000E+0	1.0000000E+2	0.0000000E+0
4.2322000E+1	6.4538273E+1	6.0257391E+1	0.0000000E+0	0.0000000E+0	1.0000000E+2	0.0000000E+0
4.2373000E+1	6.4539843E+1	6.0267410E+1	0.0000000E+0	0.0000000E+0	1.0000000E+2	0.0000000E+0
4.2423000E+1	6.4539546E+1	6.0255559E+1	0.0000000E+0	0.0000000E+0	1.0000000E+2	0.0000000E+0
4.2474000E+1	6.4554521E+1	6.0267795E+1	0.0000000E+0	0.0000000E+0	1.0000000E+2	0.0000000E+0
4.2524000E+1	6.4543124E+1	6.0267413E+1	0.0000000E+0	0.0000000E+0	1.0000000E+2	0.0000000E+0
4.2574000E+1	6.4529102E+1	6.0289796E+1	0.0000000E+0	0.0000000E+0	1.0000000E+2	0.0000000E+0
4.2624000E+1	6.4474499E+1	6.0292897E+1	0.0000000E+0	0.0000000E+0	1.0000000E+2	0.0000000E+0
4.2674000E+1	6.4407431E+1	6.0277579E+1	0.0000000E+0	0.0000000E+0	1.0000000E+2	0.0000000E+0
4.2724000E+1	6.4404589E+1	6.0282311E+1	0.0000000E+0	0.0000000E+0	1.0000000E+2	0.0000000E+0
4.2774000E+1	6.4388806E+1	6.0285149E+1	0.0000000E+0	0.0000000E+0	1.0000000E+2	0.0000000E+0
4.2825000E+1	6.4371418E+1	6.0285753E+1	0.0000000E+0	0.0000000E+0	1.0000000E+2	0.0000000E+0
4.2876000E+1	6.4362050E+1	6.0285341E+1	0.0000000E+0	0.0000000E+0	1.0000000E+2	0.0000000E+0
4.2927000E+1	6.4373635E+1	6.0290583E+1	0.0000000E+0	0.0000000E+0	1.0000000E+2	0.0000000E+0
4.2977000E+1	6.4378662E+1	6.0304872E+1	0.0000000E+0	0.0000000E+0	1.0000000E+2	0.0000000E+0
4.3027000E+1	6.4367438E+1	6.0294821E+1	0.0000000E+0	0.0000000E+0	1.0000000E+2	0.0000000E+0
4.3077000E+1	6.4389147E+1	6.0297462E+1	0.0000000E+0	0.0000000E+0	1.0000000E+2	0.0000000E+0
4.3127000E+1	6.4395414E+1	6.0285338E+1	0.0000000E+0	0.0000000E+0	1.0000000E+2	0.0000000E+0
4.3177000E+1	6.4413276E+1	6.0290429E+1	0.0000000E+0	0.0000000E+0	1.0000000E+2	0.0000000E+0
4.3227000E+1	6.4421520E+1	6.0280096E+1	0.0000000E+0	0.0000000E+0	1.0000000E+2	0.0000000E+0
4.3278000E+1	6.4417278E+1	6.0278766E+1	0.0000000E+0	0.0000000E+0	1.0000000E+2	0.0000000E+0
4.3328000E+1	6.4415822E+1	6.0266705E+1	0.0000000E+0	0.0000000E+0	1.0000000E+2	0.0000000E+0
4.3378000E+1	6.4446074E+1	6.0267242E+1	0.0000000E+0	0.0000000E+0	1.0000000E+2	0.0000000E+0
4.3428000E+1	6.4447673E+1	6.0260409E+1	0.0000000E+0	0.0000000E+0	1.0000000E+2	0.0000000E+0
4.3478000E+1	6.4469625E+1	6.0263891E+1	0.0000000E+0	0.0000000E+0	1.0000000E+2	0.0000000E+0
4.3529000E+1	6.4483274E+1	6.0268220E+1	0.0000000E+0	0.0000000E+0	1.0000000E+2	0.0000000E+0
4.3580000E+1	6.4514068E+1	6.0278097E+1	0.0000000E+0	0.0000000E+0	1.0000000E+2	0.0000000E+0
4.3631000E+1	6.4516872E+1	6.0275870E+1	0.0000000E+0	0.0000000E+0	1.0000000E+2	0.0000000E+0
4.3682000E+1	6.4540474E+1	6.0282469E+1	0.0000000E+0	0.0000000E+0	1.0000000E+2	0.0000000E+0
4.3732000E+1	6.4534594E+1	6.0265644E+1	0.0000000E+0	0.0000000E+0	1.0000000E+2	0.0000000E+0
4.3782000E+1	6.4501149E+1	6.0276533E+1	0.0000000E+0	0.0000000E+0	1.0000000E+2	0.0000000E+0
4.3832000E+1	6.4475842E+1	6.0262749E+1	0.0000000E+0	0.0000000E+0	1.0000000E+2	0.0000000E+0
4.3882000E+1	6.4462674E+1	6.0278210E+1	0.0000000E+0	0.0000000E+0	1.0000000E+2	0.0000000E+0
4.3932000E+1	6.4431823E+1	6.0283118E+1	0.0000000E+0	0.0000000E+0	1.0000000E+2	0.0000000E+0
4.3982000E+1	6.4409148E+1	6.0287147E+1	0.0000000E+0	0.0000000E+0	1.0000000E+2	0.0000000E+0
4.4032000E+1	6.4367177E+1	6.0283035E+1	0.0000000E+0	0.0000000E+0	1.0000000E+2	0.0000000E+0
4.4082000E+1	6.4305599E+1	6.0264755E+1	0.0000000E+0	0.0000000E+0	1.0000000E+2	0.0000000E+0
4.4132000E+1	6.4226512E+1	6.0254040E+1	0.0000000E+0	0.0000000E+0	1.0000000E+2	0.0000000E+0
4.4182000E+1	6.4176315E+1	6.0273788E+1	0.0000000E+0	0.0000000E+0	1.0000000E+2	0.0000000E+0
4.4232000E+1	6.4118261E+1	6.0273960E+1	0.0000000E+0	0.0000000E+0	1.0000000E+2	0.0000000E+0
4.4283000E+1	6.4072046E+1	6.0280346E+1	0.0000000E+0	0.0000000E+0	1.0000000E+2	0.0000000E+0
4.4334000E+1	6.3993322E+1	6.0258360E+1	0.0000000E+0	0.0000000E+0	1.0000000E+2	0.0000000E+0
4.4384000E+1	6.3964169E+1	6.0283286E+1	0.0000000E+0	0.0000000E+0	1.0000000E+2	0.0000000E+0
4.4434000E+1	6.3946933E+1	6.0273682E+1	0.0000000E+0	0.0000000E+0	1.0000000E+2	0.0000000E+0
4.4484000E+1	6.3916736E+1	6.0281906E+1	0.0000000E+0	0.0000000E+0	1.0000000E+2	0.0000000E+0
4.4534000E+1	6.3893837E+1	6.0274796E+1	0.0000000E+0	0.0000000E+0	1.0000000E+2	0.0000000E+0
4.4584000E+1	6.3856160E+1	6.0271759E+1	0.0000000E+0	0.0000000E+0	1.0000000E+2	0.0000000E+0
4.4634000E+1	6.3865173E+1	6.0285345E+1	0.0000000E+0	0.0000000E+0	1.0000000E+2	0.0000000E+0
4.4684000E+1	6.3856694E+1	6.0281378E+1	0.0000000E+0	0.0000000E+0	1.0000000E+2	0.0000000E+0
4.4734000E+1	6.3849729E+1	6.0293656E+1	0.0000000E+0	0.0000000E+0	1.0000000E+2	0.0000000E+0
4.4784000E+1	6.3849892E+1	6.0292718E+1	0.0000000E+0	0.0000000E+0	1.0000000E+2	0.0000000E+0
4.4834000E+1	6.3833247E+1	6.0276972E+1	0.0000000E+0	0.0000000E+0	1.0000000E+2	0.0000000E+0
4.4884000E+1	6.3837693E+1	6.0281438E+1	0.0000000E+0	0.0000000E+0	1.0000000E+2	0.0000000E+0
4.4935000E+1	6.3809373E+1	6.0268879E+1	0.0000000E+0	0.0000000E+0	1.0000000E+2	0.0000000E+0
4.4985000E+1	6.3819308E+1	6.0287421E+1	0.0000000E+0	0.0000000E+0	1.0000000E+2	0.0000000E+0
4.5035000E+1	6.3818400E+1	6.0298233E+1	0.0000000E+0	0.0000000E+0	1.0000000E+2	0.0000000E+0
4.5085000E+1	6.3819654E+1	6.0289410E+1	0.0000000E+0	0.0000000E+0	1.0000000E+2	0.0000000E+0
4.5135000E+1	6.3840893E+1	6.0305183E+1	0.0000000E+0	0.0000000E+0	1.0000000E+2	0.0000000E+0
4.5186000E+1	6.3807340E+1	6.0297156E+1	0.0000000E+0	0.0000000E+0	1.0000000E+2	0.0000000E+0
4.5237000E+1	6.3799649E+1	6.0292125E+1	0.0000000E+0	0.0000000E+0	1.0000000E+2	0.0000000E+0
4.5287000E+1	6.3767774E+1	6.0294874E+1	0.0000000E+0	0.0000000E+0	1.0000000E+2	0.0000000E+0
4.5337000E+1	6.3761874E+1	6.0293645E+1	0.0000000E+0	0.0000000E+0	1.0000000E+2	0.0000000E+0
4.5387000E+1	6.3733047E+1	6.0299058E+1	0.0000000E+0	0.0000000E+0	1.0000000E+2	0.0000000E+0
4.5437000E+1	6.3742319E+1	6.0290343E+1	0.0000000E+0	0.0000000E+0	1.0000000E+2	0.0000000E+0
4.5487000E+1	6.3759363E+1	6.0307124E+1	0.0000000E+0	0.0000000E+0	1.0000000E+2	0.0000000E+0
4.5537000E+1	6.3766016E+1	6.0302910E+1	0.0000000E+0	0.0000000E+0	1.0000000E+2	0.0000000E+0
4.5587000E+1	6.3773187E+1	6.0294325E+1	0.0000000E+0	0.0000000E+0	1.0000000E+2	0.0000000E+0
4.5637000E+1	6.3818796E+1	6.0308904E+1	0.0000000E+0	0.0000000E+0	1.0000000E+2	0.0000000E+0
4.5687000E+1	6.3829846E+1	6.0293770E+1	0.0000000E+0	0.0000000E+0	1.0000000E+2	0.0000000E+0
4.5737000E+1	6.3854673E+1	6.0304711E+1	0.0000000E+0	0.0000000E+0	1.0000000E+2	0.0000000E+0
4.5788000E+1	6.3822085E+1	6.0303680E+1	0.0000000E+0	0.0000000E+0	1.0000000E+2	0.0000000E+0
4.5839000E+1	6.3836353E+1	6.0312853E+1	0.0000000E+0	0.0000000E+0	1.0000000E+2	0.0000000E+0
4.5889000E+1	6.3848026E+1	6.0299560E+1	0.0000000E+0	0.0000000E+0	1.0000000E+2	0.0000000E+0
4.5939000E+1	6.3852858E+1	6.0290888E+1	0.0000000E+0	0.0000000E+0	1.0000000E+2	0.0000000E+0
4.5990000E+1	6.3881295E+1	6.0291294E+1	0.0000000E+0	0.0000000E+0	1.0000000E+2	0.0000000E+0
4.6040000E+1	6.3885556E+1	6.0288111E+1	0.0000000E+0	0.0000000E+0	1.0000000E+2	0.0000000E+0
4.6090000E+1	6.3922864E+1	6.0300634E+1	0.0000000E+0	0.0000000E+0	1.0000000E+2	0.0000000E+0
4.6141000E+1	6.3935119E+1	6.0301938E+1	0.0000000E+0	0.0000000E+0	1.0000000E+2	0.0000000E+0
4.6191000E+1	6.3945769E+1	6.0304816E+1	0.0000000E+0	0.0000000E+0	1.0000000E+2	0.0000000E+0
4.6241000E+1	6.3962028E+1	6.0297663E+1	0.0000000E+0	0.0000000E+0	1.0000000E+2	0.0000000E+0
4.6291000E+1	6.3981073E+1	6.0282285E+1	0.0000000E+0	0.0000000E+0	1.0000000E+2	0.0000000E+0
4.6341000E+1	6.4004643E+1	6.0270134E+1	0.0000000E+0	0.0000000E+0	1.0000000E+2	0.0000000E+0
4.6391000E+1	6.4038775E+1	6.0271933E+1	0.0000000E+0	0.0000000E+0	1.0000000E+2	0.0000000E+0
4.6441000E+1	6.4089376E+1	6.0286285E+1	0.0000000E+0	0.0000000E+0	1.0000000E+2	0.0000000E+0
4.6492000E+1	6.4087479E+1	6.0270459E+1	0.0000000E+0	0.0000000E+0	1.0000000E+2	0.0000000E+0
4.6542000E+1	6.4095662E+1	6.0277209E+1	0.0000000E+0	0.0000000E+0	1.0000000E+2	0.0000000E+0
4.6592000E+1	6.4089299E+1	6.0269824E+1	0.0000000E+0	0.0000000E+0	1.0000000E+2	0.0000000E+0
4.6642000E+1	6.4071119E+1	6.0253930E+1	0.0000000E+0	0.0000000E+0	1.0000000E+2	0.0000000E+0
4.6692000E+1	6.4047136E+1	6.0238782E+1	0.0000000E+0	0.0000000E+0	1.0000000E+2	0.0000000E+0
4.6742000E+1	6.4029052E+1	6.0251276E+1	0.0000000E+0	0.0000000E+0	1.0000000E+2	0.0000000E+0
4.6793000E+1	6.3984215E+1	6.0230687E+1	0.0000000E+0	0.0000000E+0	1.0000000E+2	0.0000000E+0
4.6843000E+1	6.3964788E+1	6.0220332E+1	0.0000000E+0	0.0000000E+0	1.0000000E+2	0.0000000E+0
4.6894000E+1	6.3929122E+1	6.0219385E+1	0.0000000E+0	0.0000000E+0	1.0000000E+2	0.0000000E+0
4.6944000E+1	6.3921435E+1	6.0217628E+1	0.0000000E+0	0.0000000E+0	1.0000000E+2	0.0000000E+0
4.6994000E+1	6.3863605E+1	6.0216893E+1	0.0000000E+0	0.0000000E+0	1.0000000E+2	0.0000000E+0
4.7044000E+1	6.3796212E+1	6.0212651E+1	0.0000000E+0	0.0000000E+0	1.0000000E+2	0.0000000E+0
4.7094000E+1	6.3764032E+1	6.0209306E+1	0.0000000E+0	0.0000000E+0	1.0000000E+2	0.0000000E+0
4.7144000E+1	6.3739916E+1	6.0224469E+1	0.0000000E+0	0.0000000E+0	1.0000000E+2	0.0000000E+0
4.7195000E+1	6.3751435E+1	6.0219632E+1	0.0000000E+0	0.0000000E+0	1.0000000E+2	0.0000000E+0
4.7245000E+1	6.3731731E+1	6.0240490E+1	0.0000000E+0	0.0000000E+0	1.0000000E+2	0.0000000E+0
4.7295000E+1	6.3702873E+1	6.0226083E+1	0.0000000E+0	0.0000000E+0	1.0000000E+2	0.0000000E+0
4.7345000E+1	6.3668231E+1	6.0226597E+1	0.0000000E+0	0.0000000E+0	1.0000000E+2	0.0000000E+0
4.7395000E+1	6.3645874E+1	6.0230379E+1	0.0000000E+0	0.0000000E+0	1.0000000E+2	0.0000000E+0
4.7445000E+1	6.3610692E+1	6.0224410E+1	0.0000000E+0	0.0000000E+0	1.0000000E+2	0.0000000E+0
4.7495000E+1	6.3605076E+1	6.0225477E+1	0.0000000E+0	0.0000000E+0	1.0000000E+2	0.0000000E+0
4.7545000E+1	6.3604616E+1	6.0241735E+1	0.0000000E+0	0.0000000E+0	1.0000000E+2	0.0000000E+0
4.7595000E+1	6.3609576E+1	6.0243766E+1	0.0000000E+0	0.0000000E+0	1.0000000E+2	0.0000000E+0
4.7645000E+1	6.3626262E+1	6.0248360E+1	0.0000000E+0	0.0000000E+0	1.0000000E+2	0.0000000E+0
4.7695000E+1	6.3641889E+1	6.0247536E+1	0.0000000E+0	0.0000000E+0	1.0000000E+2	0.0000000E+0
4.7745000E+1	6.3627275E+1	6.0252391E+1	0.0000000E+0	0.0000000E+0	1.0000000E+2	0.0000000E+0
4.7795000E+1	6.3619372E+1	6.0260263E+1	0.0000000E+0	0.0000000E+0	1.0000000E+2	0.0000000E+0
4.7845000E+1	6.3616358E+1	6.0245516E+1	0.0000000E+0	0.0000000E+0	1.0000000E+2	0.0000000E+0
4.7895000E+1	6.3631325E+1	6.0248461E+1	0.0000000E+0	0.0000000E+0	1.0000000E+2	0.0000000E+0
4.7946000E+1	6.3663290E+1	6.0266692E+1	0.0000000E+0	0.0000000E+0	1.0000000E+2	0.0000000E+0
4.7996000E+1	6.3686496E+1	6.0266690E+1	0.0000000E+0	0.0000000E+0	1.0000000E+2	0.0000000E+0
4.8046000E+1	6.3715840E+1	6.0266572E+1	0.0000000E+0	0.0000000E+0	1.0000000E+2	0.0000000E+0
4.8097000E+1	6.3708209E+1	6.0278252E+1	0.0000000E+0	0.0000000E+0	1.0000000E+2	0.0000000E+0
4.8147000E+1	6.3708272E+1	6.0270435E+1	0.0000000E+0	0.0000000E+0	1.0000000E+2	0.0000000E+0
4.8197000E+1	6.3706513E+1	6.0281737E+1	0.0000000E+0	0.0000000E+0	1.0000000E+2	0.0000000E+0
4.8247000E+1	6.3702022E+1	6.0278736E+1	0.0000000E+0	0.0000000E+0	1.0000000E+2	0.0000000E+0
4.8297000E+1	6.3718577E+1	6.0289340E+1	0.0000000E+0	0.0000000E+0	1.0000000E+2	0.0000000E+0
4.8347000E+1	6.3707933E+1	6.0301193E+1	0.0000000E+0	0.0000000E+0	1.0000000E+2	0.0000000E+0
4.8398000E+1	6.3691135E+1	6.0304962E+1	0.0000000E+0	0.0000000E+0	1.0000000E+2	0.0000000E+0
4.8448000E+1	6.3644422E+1	6.0298602E+1	0.0000000E+0	0.0000000E+0	1.0000000E+2	0.0000000E+0
4.8498000E+1	6.3623506E+1	6.0298562E+1	0.0000000E+0	0.0000000E+0	1.0000000E+2	0.0000000E+0
4.8548000E+1	6.3622457E+1	6.0297259E+1	0.0000000E+0	0.0000000E+0	1.0000000E+2	0.0000000E+0
4.8598000E+1	6.3610074E+1	6.0298943E+1	0.0000000E+0	0.0000000E+0	1.0000000E+2	0.0000000E+0
4.8648000E+1	6.3587762E+1	6.0296357E+1	0.0000000E+0	0.0000000E+0	1.0000000E+2	0.0000000E+0
4.8698000E+1	6.3556100E+1	6.0278026E+1	0.0000000E+0	0.0000000E+0	1.0000000E+2	0.0000000E+0
4.8748000E+1	6.3545341E+1	6.0280239E+1	0.0000000E+0	0.0000000E+0	1.0000000E+2	0.0000000E+0
4.8799000E+1	6.3550682E+1	6.0301219E+1	0.0000000E+0	0.0000000E+0	1.0000000E+2	0.0000000E+0
4.8849000E+1	6.3526753E+1	6.0286072E+1	0.0000000E+0	0.0000000E+0	1.0000000E+2	0.0000000E+0
4.8900000E+1	6.3504748E+1	6.0296986E+1	0.0000000E+0	0.0000000E+0	1.0000000E+2	0.0000000E+0
4.8950000E+1	6.3498600E+1	6.0296731E+1	0.0000000E+0	0.0000000E+0	1.0000000E+2	0.0000000E+0
4.9000000E+1	6.3478825E+1	6.0307873E+1	0.0000000E+0	0.0000000E+0	1.0000000E+2	0.0000000E+0
4.9050000E+1	6.3471493E+1	6.0309300E+1	0.0000000E+0	0.0000000E+0	1.0000000E+2	0.0000000E+0
4.9100000E+1	6.3443818E+1	6.0293726E+1	0.0000000E+0	0.0000000E+0	1.0000000E+2	0.0000000E+0
4.9150000E+1	6.3441870E+1	6.0291051E+1	0.0000000E+0	0.0000000E+0	1.0000000E+2	0.0000000E+0
4.9200000E+1	6.3434208E+1	6.0284412E+1	0.0000000E+0	0.0000000E+0	1.0000000E+2	0.0000000E+0
4.9250000E+1	6.3444594E+1	6.0297611E+1	0.0000000E+0	0.0000000E+0	1.0000000E+2	0.0000000E+0
4.9300000E+1	6.3459092E+1	6.0288705E+1	0.0000000E+0	0.0000000E+0	1.0000000E+2	0.0000000E+0
4.9350000E+1	6.3464395E+1	6.0289219E+1	0.0000000E+0	0.0000000E+0	1.0000000E+2	0.0000000E+0
4.9400000E+1	6.3443855E+1	6.0281670E+1	0.0000000E+0	0.0000000E+0	1.0000000E+2	0.0000000E+0
4.9450000E+1	6.3423999E+1	6.0280006E+1	0.0000000E+0	0.0000000E+0	1.0000000E+2	0.0000000E+0
4.9500000E+1	6.3370300E+1	6.0278337E+1	0.0000000E+0	0.0000000E+0	1.0000000E+2	0.0000000E+0
4.9551000E+1	6.3317833E+1	6.0278111E+1	0.0000000E+0	0.0000000E+0	1.0000000E+2	0.0000000E+0
4.9602000E+1	6.3302870E+1	6.0275577E+1	0.0000000E+0	0.0000000E+0	1.0000000E+2	0.0000000E+0
4.9653000E+1	6.3290490E+1	6.0282052E+1	0.0000000E+0	0.0000000E+0	1.0000000E+2	0.0000000E+0
4.9703000E+1	6.3261233E+1	6.0274870E+1	0.0000000E+0	0.0000000E+0	1.0000000E+2	0.0000000E+0
4.9753000E+1	6.3224679E+1	6.0255743E+1	0.0000000E+0	0.0000000E+0	1.0000000E+2	0.0000000E+0
4.9803000E+1	6.3207158E+1	6.0265484E+1	0.0000000E+0	0.0000000E+0	1.0000000E+2	0.0000000E+0
4.9853000E+1	6.3202758E+1	6.0285204E+1	0.0000000E+0	0.0000000E+0	1.0000000E+2	0.0000000E+0
4.9903000E+1	6.3160481E+1	6.0279206E+1	0.0000000E+0	0.0000000E+0	1.0000000E+2	0.0000000E+0
4.9953000E+1	6.3112065E+1	6.0275281E+1	0.0000000E+0	0.0000000E+0	1.0000000E+2	0.0000000E+0
5.0004000E+1	6.3060971E+1	6.0275507E+1	0.0000000E+0	0.0000000E+0	1.0000000E+2	0.0000000E+0
5.0054000E+1	6.3009931E+1	6.0278470E+1	0.0000000E+0	0.0000000E+0	1.0000000E+2	0.0000000E+0
5.0104000E+1	6.2994867E+1	6.0291990E+1	0.0000000E+0	0.0000000E+0	1.0000000E+2	0.0000000E+0
5.0154000E+1	6.2999062E+1	6.0301477E+1	0.0000000E+0	0.0000000E+0	1.0000000E+2	0.0000000E+0
5.0204000E+1	6.3004735E+1	6.0305185E+1	0.0000000E+0	0.0000000E+0	1.0000000E+2	0.0000000E+0
5.0254000E+1	6.3010841E+1	6.0317843E+1	0.0000000E+0	0.0000000E+0	1.0000000E+2	0.0000000E+0
5.0305000E+1	6.3028032E+1	6.0325555E+1	0.0000000E+0	0.0000000E+0	1.0000000E+2	0.0000000E+0
5.0355000E+1	6.3017679E+1	6.0321366E+1	0.0000000E+0	0.0000000E+0	1.0000000E+2	0.0000000E+0
5.0405000E+1	6.3040617E+1	6.0323057E+1	0.0000000E+0	0.0000000E+0	1.0000000E+2	0.0000000E+0
5.0455000E+1	6.3065317E+1	6.0326315E+1	0.0000000E+0	0.0000000E+0	1.0000000E+2	0.0000000E+0
5.0505000E+1	6.3069131E+1	6.0330705E+1	0.0000000E+0	0.0000000E+0	1.0000000E+2	0.0000000E+0
5.0555000E+1	6.3049606E+1	6.0317718E+1	0.0000000E+0	0.0000000E+0	1.0000000E+2	0.0000000E+0
5.0605000E+1	6.3063593E+1	6.0322873E+1	0.0000000E+0	0.0000000E+0	1.0000000E+2	0.0000000E+0
5.0655000E+1	6.3067899E+1	6.0326361E+1	0.0000000E+0	0.0000000E+0	1.0000000E+2	0.0000000E+0
5.0705000E+1	6.3062594E+1	6.0328570E+1	0.0000000E+0	0.0000000E+0	1.0000000E+2	0.0000000E+0
5.0755000E+1	6.3063751E+1	6.0337200E+1	0.0000000E+0	0.0000000E+0	1.0000000E+2	0.0000000E+0
5.0805000E+1	6.3049142E+1	6.0326976E+1	0.0000000E+0	0.0000000E+0	1.0000000E+2	0.0000000E+0
5.0856000E+1	6.3037843E+1	6.0328345E+1	0.0000000E+0	0.0000000E+0	1.0000000E+2	0.0000000E+0
5.0908000E+1	6.2997802E+1	6.0324871E+1	0.0000000E+0	0.0000000E+0	1.0000000E+2	0.0000000E+0
5.0958000E+1	6.2960229E+1	6.0324690E+1	0.0000000E+0	0.0000000E+0	1.0000000E+2	0.0000000E+0
5.1008000E+1	6.2897703E+1	6.0319509E+1	0.0000000E+0	0.0000000E+0	1.0000000E+2	0.0000000E+0
5.1058000E+1	6.2827767E+1	6.0325163E+1	0.0000000E+0	0.0000000E+0	1.0000000E+2	0.0000000E+0
5.1108000E+1	6.2798125E+1	6.0317877E+1	0.0000000E+0	0.0000000E+0	1.0000000E+2	0.0000000E+0
5.1160000E+1	6.2742485E+1	6.0309203E+1	0.0000000E+0	0.0000000E+0	1.0000000E+2	0.0000000E+0
5.1211000E+1	6.2733157E+1	6.0311503E+1	0.0000000E+0	0.0000000E+0	1.0000000E+2	0.0000000E+0
5.1261000E+1	6.2704988E+1	6.0313149E+1	0.0000000E+0	0.0000000E+0	1.0000000E+2	0.0000000E+0
5.1311000E+1	6.2682077E+1	6.0303974E+1	0.0000000E+0	0.0000000E+0	1.0000000E+2	0.0000000E+0
5.1361000E+1	6.2663293E+1	6.0321461E+1	0.0000000E+0	0.0000000E+0	1.0000000E+2	0.0000000E+0
5.1412000E+1	6.2641003E+1	6.0303650E+1	0.0000000E+0	0.0000000E+0	1.0000000E+2	0.0000000E+0
5.1463000E+1	6.2650767E+1	6.0324791E+1	0.0000000E+0	0.0000000E+0	1.0000000E+2	0.0000000E+0
5.1513000E+1	6.2685281E+1	6.0320697E+1	0.0000000E+0	0.0000000E+0	1.0000000E+2	0.0000000E+0
5.1563000E+1	6.2710012E+1	6.0330270E+1	0.0000000E+0	0.0000000E+0	1.0000000E+2	0.0000000E+0
5.1613000E+1	6.2721099E+1	6.0332000E+1	0.0000000E+0	0.0000000E+0	1.0000000E+2	0.0000000E+0
5.1663000E+1	6.2749590E+1	6.0327394E+1	0.0000000E+0	0.0000000E+0	1.0000000E+2	0.0000000E+0
5.1713000E+1	6.2780121E+1	6.0351449E+1	0.0000000E+0	0.0000000E+0	1.0000000E+2	0.0000000E+0
5.1764000E+1	6.2800354E+1	6.0347531E+1	0.0000000E+0	0.0000000E+0	1.0000000E+2	0.0000000E+0
5.1814000E+1	6.2814779E+1	6.0320828E+1	0.0000000E+0	0.0000000E+0	1.0000000E+2	0.0000000E+0
5.1864000E+1	6.2843541E+1	6.0343620E+1	0.0000000E+0	0.0000000E+0	1.0000000E+2	0.0000000E+0
5.1914000E+1	6.2858323E+1	6.0322135E+1	0.0000000E+0	0.0000000E+0	1.0000000E+2	0.0000000E+0
5.1964000E+1	6.2893361E+1	6.0348716E+1	0.0000000E+0	0.0000000E+0	1.0000000E+2	0.0000000E+0
5.2014000E+1	6.2893179E+1	6.0332993E+1	0.0000000E+0	0.0000000E+0	1.0000000E+2	0.0000000E+0
5.2064000E+1	6.2890682E+1	6.0337788E+1	0.0000000E+0	0.0000000E+0	1.0000000E+2	0.0000000E+0
5.2114000E+1	6.2906173E+1	6.0349559E+1	0.0000000E+0	0.0000000E+0	1.0000000E+2	0.0000000E+0
5.2164000E+1	6.2891095E+1	6.0327416E+1	0.0000000E+0	0.0000000E+0	1.0000000E+2	0.0000000E+0
5.2214000E+1	6.2898345E+1	6.0334352E+1	0.0000000E+0	0.0000000E+0	1.0000000E+2	0.0000000E+0
5.2264000E+1	6.2870527E+1	6.0319626E+1	0.0000000E+0	0.0000000E+0	1.0000000E+2	0.0000000E+0
5.2314000E+1	6.2861446E+1	6.0309974E+1	0.0000000E+0	0.0000000E+0	1.0000000E+2	0.0000000E+0
5.2364000E+1	6.2861989E+1	6.0305497E+1	0.0000000E+0	0.0000000E+0	1.0000000E+2	0.0000000E+0
5.2414000E+1	6.2866896E+1	6.0316413E+1	0.0000000E+0	0.0000000E+0	1.0000000E+2	0.0000000E+0
5.2464000E+1	6.2843805E+1	6.0311862E+1	0.0000000E+0	0.0000000E+0	1.0000000E+2	0.0000000E+0
5.2514000E+1	6.2807091E+1	6.0318775E+1	0.0000000E+0	0.0000000E+0	1.0000000E+2	0.0000000E+0
5.2564000E+1	6.2739867E+1	6.0316059E+1	0.0000000E+0	0.0000000E+0	1.0000000E+2	0.0000000E+0
5.2614000E+1	6.2666523E+1	6.0309461E+1	0.0000000E+0	0.0000000E+0	1.0000000E+2	0.0000000E+0
5.2665000E+1	6.2616754E+1	6.0314744E+1	0.0000000E+0	0.0000000E+0	1.0000000E+2	0.0000000E+0
5.2715000E+1	6.2583446E+1	6.0320596E+1	0.0000000E+0	0.0000000E+0	1.0000000E+2	0.0000000E+0
5.2765000E+1	6.2555038E+1	6.0313533E+1	0.0000000E+0	0.0000000E+0	1.0000000E+2	0.0000000E+0
5.2815000E+1	6.2544794E+1	6.0314125E+1	0.0000000E+0	0.0000000E+0	1.0000000E+2	0.0000000E+0
5.2865000E+1	6.2539231E+1	6.0296779E+1	0.0000000E+0	0.0000000E+0	1.0000000E+2	0.0000000E+0
5.2916000E+1	6.2547335E+1	6.0302840E+1	0.0000000E+0	0.0000000E+0	1.0000000E+2	0.0000000E+0
5.2967000E+1	6.2552038E+1	6.0303113E+1	0.0000000E+0	0.0000000E+0	1.0000000E+2	0.0000000E+0
5.3017000E+1	6.2558038E+1	6.0321468E+1	0.0000000E+0	0.0000000E+0	1.0000000E+2	0.0000000E+0
5.3067000E+1	6.2579801E+1	6.0312257E+1	0.0000000E+0	0.0000000E+0	1.0000000E+2	0.0000000E+0
5.3117000E+1	6.2609885E+1	6.0317248E+1	0.0000000E+0	0.0000000E+0	1.0000000E+2	0.0000000E+0
5.3167000E+1	6.2635522E+1	6.0315703E+1	0.0000000E+0	0.0000000E+0	1.0000000E+2	0.0000000E+0
5.3217000E+1	6.2660631E+1	6.0321163E+1	0.0000000E+0	0.0000000E+0	1.0000000E+2	0.0000000E+0
5.3268000E+1	6.2686551E+1	6.0307741E+1	0.0000000E+0	0.0000000E+0	1.0000000E+2	0.0000000E+0
5.3318000E+1	6.2691308E+1	6.0309733E+1	0.0000000E+0	0.0000000E+0	1.0000000E+2	0.0000000E+0
5.3368000E+1	6.2689484E+1	6.0305168E+1	0.0000000E+0	0.0000000E+0	1.0000000E+2	0.0000000E+0
5.3418000E+1	6.2702208E+1	6.0309722E+1	0.0000000E+0	0.0000000E+0	1.0000000E+2	0.0000000E+0
5.3468000E+1	6.2698994E+1	6.0315916E+1	0.0000000E+0	0.0000000E+0	1.0000000E+2	0.0000000E+0
5.3518000E+1	6.2731017E+1	6.0324415E+1	0.0000000E+0	0.0000000E+0	1.0000000E+2	0.0000000E+0
5.3568000E+1	6.2758638E+1	6.0320772E+1	0.0000000E+0	0.0000000E+0	1.0000000E+2	0.0000000E+0
5.3618000E+1	6.2757872E+1	6.0320760E+1	0.0000000E+0	0.0000000E+0	1.0000000E+2	0.0000000E+0
5.3668000E+1	6.2782227E+1	6.0332578E+1	0.0000000E+0	0.0000000E+0	1.0000000E+2	0.0000000E+0
5.3718000E+1	6.2781459E+1	6.0331104E+1	0.0000000E+0	0.0000000E+0	1.0000000E+2	0.0000000E+0
5.3768000E+1	6.2759617E+1	6.0320397E+1	0.0000000E+0	0.0000000E+0	1.0000000E+2	0.0000000E+0
5.3818000E+1	6.2765848E+1	6.0326174E+1	0.0000000E+0	0.0000000E+0	1.0000000E+2	0.0000000E+0
5.3868000E+1	6.2775243E+1	6.0320608E+1	0.0000000E+0	0.0000000E+0	1.0000000E+2	0.0000000E+0
5.3919000E+1	6.2758728E+1	6.0308634E+1	0.0000000E+0	0.0000000E+0	1.0000000E+2	0.0000000E+0
5.3969000E+1	6.2776750E+1	6.0313040E+1	0.0000000E+0	0.0000000E+0	1.0000000E+2	0.0000000E+0
5.4019000E+1	6.2796495E+1	6.0326325E+1	0.0000000E+0	0.0000000E+0	1.0000000E+2	0.0000000E+0
5.4069000E+1	6.2805693E+1	6.0328082E+1	0.0000000E+0	0.0000000E+0	1.0000000E+2	0.0000000E+0
5.4119000E+1	6.2815717E+1	6.0333191E+1	0.0000000E+0	0.0000000E+0	1.0000000E+2	0.0000000E+0
5.4169000E+1	6.2830326E+1	6.0328808E+1	0.0000000E+0	0.0000000E+0	1.0000000E+2	0.0000000E+0
5.4219000E+1	6.2825505E+1	6.0338839E+1	0.0000000E+0	0.0000000E+0	1.0000000E+2	0.0000000E+0
5.4269000E+1	6.2796791E+1	6.0337225E+1	0.0000000E+0	0.0000000E+0	1.0000000E+2	0.0000000E+0
5.4319000E+1	6.2796215E+1	6.0347266E+1	0.0000000E+0	0.0000000E+0	1.0000000E+2	0.0000000E+0
5.4369000E+1	6.2770041E+1	6.0340868E+1	0.0000000E+0	0.0000000E+0	1.0000000E+2	0.0000000E+0
5.4420000E+1	6.2722768E+1	6.0324845E+1	0.0000000E+0	0.0000000E+0	1.0000000E+2	0.0000000E+0
5.4471000E+1	6.2694546E+1	6.0321037E+1	0.0000000E+0	0.0000000E+0	1.0000000E+2	0.0000000E+0
5.4521000E+1	6.2666936E+1	6.0328255E+1	0.0000000E+0	0.0000000E+0	1.0000000E+2	0.0000000E+0
5.4571000E+1	6.2642593E+1	6.0330513E+1	0.0000000E+0	0.0000000E+0	1.0000000E+2	0.0000000E+0
5.4621000E+1	6.2616355E+1	6.0334450E+1	0.0000000E+0	0.0000000E+0	1.0000000E+2	0.0000000E+0
5.4671000E+1	6.2609264E+1	6.0336456E+1	0.0000000E+0	0.0000000E+0	1.0000000E+2	0.0000000E+0
5.4722000E+1	6.2599188E+1	6.0327654E+1	0.0000000E+0	0.0000000E+0	1.0000000E+2	0.0000000E+0
5.4772000E+1	6.2604085E+1	6.0327028E+1	0.0000000E+0	0.0000000E+0	1.0000000E+2	0.0000000E+0
5.4822000E+1	6.2630881E+1	6.0324515E+1	0.0000000E+0	0.0000000E+0	1.0000000E+2	0.0000000E+0
5.4872000E+1	6.2648449E+1	6.0329614E+1	0.0000000E+0	0.0000000E+0	1.0000000E+2	0.0000000E+0
5.4922000E+1	6.2655732E+1	6.0326357E+1	0.0000000E+0	0.0000000E+0	1.0000000E+2	0.0000000E+0
5.4972000E+1	6.2629035E+1	6.0325011E+1	0.0000000E+0	0.0000000E+0	1.0000000E+2	0.0000000E+0
5.5022000E+1	6.2629592E+1	6.0327732E+1	0.0000000E+0	0.0000000E+0	1.0000000E+2	0.0000000E+0
5.5072000E+1	6.2651106E+1	6.0337980E+1	0.0000000E+0	0.0000000E+0	1.0000000E+2	0.0000000E+0
5.5122000E+1	6.2665945E+1	6.0331569E+1	0.0000000E+0	0.0000000E+0	1.0000000E+2	0.0000000E+0
5.5172000E+1	6.2676233E+1	6.0336465E+1	0.0000000E+0	0.0000000E+0	1.0000000E+2	0.0000000E+0
5.5222000E+1	6.2702141E+1	6.0334218E+1	0.0000000E+0	0.0000000E+0	1.0000000E+2	0.0000000E+0
5.5272000E+1	6.2728330E+1	6.0331979E+1	0.0000000E+0	0.0000000E+0	1.0000000E+2	0.0000000E+0
5.5322000E+1	6.2733982E+1	6.0341670E+1	0.0000000E+0	0.0000000E+0	1.0000000E+2	0.0000000E+0
5.5373000E+1	6.2755755E+1	6.0337777E+1	0.0000000E+0	0.0000000E+0	1.0000000E+2	0.0000000E+0
5.5424000E+1	6.2768349E+1	6.0346236E+1	0.0000000E+0	0.0000000E+0	1.0000000E+2	0.0000000E+0
5.5474000E+1	6.2774067E+1	6.0347534E+1	0.0000000E+0	0.0000000E+0	1.0000000E+2	0.0000000E+0
5.5524000E+1	6.2749807E+1	6.0342196E+1	0.0000000E+0	0.0000000E+0	1.0000000E+2	0.0000000E+0
5.5574000E+1	6.2742368E+1	6.0347210E+1	0.0000000E+0	0.0000000E+0	1.0000000E+2	0.0000000E+0
5.5624000E+1	6.2685315E+1	6.0353943E+1	0.0000000E+0	0.0000000E+0	1.0000000E+2	0.0000000E+0
5.5675000E+1	6.2657141E+1	6.0338325E+1	0.0000000E+0	0.0000000E+0	1.0000000E+2	0.0000000E+0
5.5725000E+1	6.2650131E+1	6.0354060E+1	0.0000000E+0	0.0000000E+0	1.0000000E+2	0.0000000E+0
5.5775000E+1	6.2617650E+1	6.0330730E+1	0.0000000E+0	0.0000000E+0	1.0000000E+2	0.0000000E+0
5.5825000E+1	6.2607130E+1	6.0346260E+1	0.0000000E+0	0.0000000E+0	1.0000000E+2	0.0000000E+0
5.5875000E+1	6.2593771E+1	6.0349462E+1	0.0000000E+0	0.0000000E+0	1.0000000E+2	0.0000000E+0
5.5925000E+1	6.2581501E+1	6.0357144E+1	0.0000000E+0	0.0000000E+0	1.0000000E+2	0.0000000E+0
5.5975000E+1	6.2562827E+1	6.0352729E+1	0.0000000E+0	0.0000000E+0	1.0000000E+2	0.0000000E+0
5.6025000E+1	6.2538044E+1	6.0346106E+1	0.0000000E+0	0.0000000E+0	1.0000000E+2	0.0000000E+0
5.6075000E+1	6.2520466E+1	6.0348562E+1	0.0000000E+0	0.0000000E+0	1.0000000E+2	0.0000000E+0
5.6125000E+1	6.2517132E+1	6.0357906E+1	0.0000000E+0	0.0000000E+0	1.0000000E+2	0.0000000E+0
5.6175000E+1	6.2493487E+1	6.0348389E+1	0.0000000E+0	0.0000000E+0	1.0000000E+2	0.0000000E+0
5.6225000E+1	6.2461233E+1	6.0336786E+1	0.0000000E+0	0.0000000E+0	1.0000000E+2	0.0000000E+0
5.6275000E+1	6.2474518E+1	6.0352222E+1	0.0000000E+0	0.0000000E+0	1.0000000E+2	0.0000000E+0
5.6325000E+1	6.2480572E+1	6.0364415E+1	0.0000000E+0	0.0000000E+0	1.0000000E+2	0.0000000E+0
5.6375000E+1	6.2497359E+1	6.0369827E+1	0.0000000E+0	0.0000000E+0	1.0000000E+2	0.0000000E+0
5.6425000E+1	6.2494677E+1	6.0351194E+1	0.0000000E+0	0.0000000E+0	1.0000000E+2	0.0000000E+0
5.6475000E+1	6.2521034E+1	6.0362213E+1	0.0000000E+0	0.0000000E+0	1.0000000E+2	0.0000000E+0
5.6525000E+1	6.2526924E+1	6.0350465E+1	0.0000000E+0	0.0000000E+0	1.0000000E+2	0.0000000E+0
5.6575000E+1	6.2518421E+1	6.0353028E+1	0.0000000E+0	0.0000000E+0	1.0000000E+2	0.0000000E+0
5.6625000E+1	6.2518261E+1	6.0340972E+1	0.0000000E+0	0.0000000E+0	1.0000000E+2	0.0000000E+0
5.6675000E+1	6.2539122E+1	6.0354422E+1	0.0000000E+0	0.0000000E+0	1.0000000E+2	0.0000000E+0
5.6725000E+1	6.2549673E+1	6.0338949E+1	0.0000000E+0	0.0000000E+0	1.0000000E+2	0.0000000E+0
5.6775000E+1	6.2579688E+1	6.0336863E+1	0.0000000E+0	0.0000000E+0	1.0000000E+2	0.0000000E+0
5.6825000E+1	6.2590339E+1	6.0338436E+1	0.0000000E+0	0.0000000E+0	1.0000000E+2	0.0000000E+0
5.6876000E+1	6.2613477E+1	6.0339890E+1	0.0000000E+0	0.0000000E+0	1.0000000E+2	0.0000000E+0
5.6927000E+1	6.2621821E+1	6.0353633E+1	0.0000000E+0	0.0000000E+0	1.0000000E+2	0.0000000E+0
5.6977000E+1	6.2629843E+1	6.0347645E+1	0.0000000E+0	0.0000000E+0	1.0000000E+2	0.0000000E+0
5.7027000E+1	6.2651467E+1	6.0340238E+1	0.0000000E+0	0.0000000E+0	1.0000000E+2	0.0000000E+0
5.7077000E+1	6.2654752E+1	6.0345103E+1	0.0000000E+0	0.0000000E+0	1.0000000E+2	0.0000000E+0
5.7127000E+1	6.2670806E+1	6.0340226E+1	0.0000000E+0	0.0000000E+0	1.0000000E+2	0.0000000E+0
5.7177000E+1	6.2678977E+1	6.0335083E+1	0.0000000E+0	0.0000000E+0	1.0000000E+2	0.0000000E+0
5.7227000E+1	6.2658976E+1	6.0330235E+1	0.0000000E+0	0.0000000E+0	1.0000000E+2	0.0000000E+0
5.7278000E+1	6.2596722E+1	6.0334410E+1	0.0000000E+0	0.0000000E+0	1.0000000E+2	0.0000000E+0
5.7328000E+1	6.2612352E+1	6.0331635E+1	0.0000000E+0	0.0000000E+0	1.0000000E+2	0.0000000E+0
5.7378000E+1	6.2621974E+1	6.0342513E+1	0.0000000E+0	0.0000000E+0	1.0000000E+2	0.0000000E+0
5.7428000E+1	6.2617459E+1	6.0351824E+1	0.0000000E+0	0.0000000E+0	1.0000000E+2	0.0000000E+0
5.7478000E+1	6.2616392E+1	6.0343828E+1	0.0000000E+0	0.0000000E+0	1.0000000E+2	0.0000000E+0
5.7529000E+1	6.2589064E+1	6.0336618E+1	0.0000000E+0	0.0000000E+0	1.0000000E+2	0.0000000E+0
5.7579000E+1	6.2562426E+1	6.0330836E+1	0.0000000E+0	0.0000000E+0	1.0000000E+2	0.0000000E+0
5.7629000E+1	6.2541735E+1	6.0325862E+1	0.0000000E+0	0.0000000E+0	1.0000000E+2	0.0000000E+0
5.7679000E+1	6.2513603E+1	6.0331588E+1	0.0000000E+0	0.0000000E+0	1.0000000E+2	0.0000000E+0
5.7729000E+1	6.2480069E+1	6.0325687E+1	0.0000000E+0	0.0000000E+0	1.0000000E+2	0.0000000E+0
5.7779000E+1	6.2467543E+1	6.0323905E+1	0.0000000E+0	0.0000000E+0	1.0000000E+2	0.0000000E+0
5.7829000E+1	6.2434467E+1	6.0327812E+1	0.0000000E+0	0.0000000E+0	1.0000000E+2	0.0000000E+0
5.7879000E+1	6.2422754E+1	6.0324378E+1	0.0000000E+0	0.0000000E+0	1.0000000E+2	0.0000000E+0
5.7930000E+1	6.2407714E+1	6.0311184E+1	0.0000000E+0	0.0000000E+0	1.0000000E+2	0.0000000E+0
5.7980000E+1	6.2376978E+1	6.0315982E+1	0.0000000E+0	0.0000000E+0	1.0000000E+2	0.0000000E+0
5.8031000E+1	6.2341288E+1	6.0330347E+1	0.0000000E+0	0.0000000E+0	1.0000000E+2	0.0000000E+0
5.8081000E+1	6.2296765E+1	6.0317574E+1	0.0000000E+0	0.0000000E+0	1.0000000E+2	0.0000000E+0
5.8132000E+1	6.2303026E+1	6.0319689E+1	0.0000000E+0	0.0000000E+0	1.0000000E+2	0.0000000E+0
5.8182000E+1	6.2318745E+1	6.0313752E+1	0.0000000E+0	0.0000000E+0	1.0000000E+2	0.0000000E+0
5.8232000E+1	6.2353795E+1	6.0336947E+1	0.0000000E+0	0.0000000E+0	1.0000000E+2	0.0000000E+0
5.8283000E+1	6.2370857E+1	6.0346397E+1	0.0000000E+0	0.0000000E+0	1.0000000E+2	0.0000000E+0
5.8333000E+1	6.2377654E+1	6.0345398E+1	0.0000000E+0	0.0000000E+0	1.0000000E+2	0.0000000E+0
5.8383000E+1	6.2357930E+1	6.0350028E+1	0.0000000E+0	0.0000000E+0	1.0000000E+2	0.0000000E+0
5.8433000E+1	6.2338423E+1	6.0330132E+1	0.0000000E+0	0.0000000E+0	1.0000000E+2	0.0000000E+0
5.8483000E+1	6.2334702E+1	6.0343304E+1	0.0000000E+0	0.0000000E+0	1.0000000E+2	0.0000000E+0
5.8534000E+1	6.2326667E+1	6.0351078E+1	0.0000000E+0	0.0000000E+0	1.0000000E+2	0.0000000E+0
5.8584000E+1	6.2334389E+1	6.0345636E+1	0.0000000E+0	0.0000000E+0	1.0000000E+2	0.0000000E+0
5.8635000E+1	6.2353703E+1	6.0364583E+1	0.0000000E+0	0.0000000E+0	1.0000000E+2	0.0000000E+0
5.8686000E+1	6.2360031E+1	6.0343015E+1	0.0000000E+0	0.0000000E+0	1.0000000E+2	0.0000000E+0
5.8736000E+1	6.2376853E+1	6.0350321E+1	0.0000000E+0	0.0000000E+0	1.0000000E+2	0.0000000E+0
5.8786000E+1	6.2395929E+1	6.0374287E+1	0.0000000E+0	0.0000000E+0	1.0000000E+2	0.0000000E+0
5.8837000E+1	6.2389977E+1	6.0378523E+1	0.0000000E+0	0.0000000E+0	1.0000000E+2	0.0000000E+0
5.8887000E+1	6.2375927E+1	6.0361563E+1	0.0000000E+0	0.0000000E+0	1.0000000E+2	0.0000000E+0
5.8937000E+1	6.2396282E+1	6.0375956E+1	0.0000000E+0	0.0000000E+0	1.0000000E+2	0.0000000E+0
5.8987000E+1	6.2362049E+1	6.0361316E+1	0.0000000E+0	0.0000000E+0	1.0000000E+2	0.0000000E+0
5.9037000E+1	6.2347684E+1	6.0369987E+1	0.0000000E+0	0.0000000E+0	1.0000000E+2	0.0000000E+0
5.9087000E+1	6.2342453E+1	6.0358875E+1	0.0000000E+0	0.0000000E+0	1.0000000E+2	0.0000000E+0
5.9137000E+1	6.2345518E+1	6.0378035E+1	0.0000000E+0	0.0000000E+0	1.0000000E+2	0.0000000E+0
5.9187000E+1	6.2345380E+1	6.0364526E+1	0.0000000E+0	0.0000000E+0	1.0000000E+2	0.0000000E+0
5.9237000E+1	6.2343506E+1	6.0373425E+1	0.0000000E+0	0.0000000E+0	1.0000000E+2	0.0000000E+0
5.9287000E+1	6.2345399E+1	6.0372078E+1	0.0000000E+0	0.0000000E+0	1.0000000E+2	0.0000000E+0
5.9337000E+1	6.2363978E+1	6.0378602E+1	0.0000000E+0	0.0000000E+0	1.0000000E+2	0.0000000E+0
5.9387000E+1	6.2366767E+1	6.0376796E+1	0.0000000E+0	0.0000000E+0	1.0000000E+2	0.0000000E+0
5.9437000E+1	6.2378428E+1	6.0373301E+1	0.0000000E+0	0.0000000E+0	1.0000000E+2	0.0000000E+0
5.9487000E+1	6.2409464E+1	6.0384115E+1	0.0000000E+0	0.0000000E+0	1.0000000E+2	0.0000000E+0
5.9537000E+1	6.2425734E+1	6.0385276E+1	0.0000000E+0	0.0000000E+0	1.0000000E+2	0.0000000E+0
5.9587000E+1	6.2460766E+1	6.0394146E+1	0.0000000E+0	0.0000000E+0	1.0000000E+2	0.0000000E+0
5.9637000E+1	6.2466144E+1	6.0384129E+1	0.0000000E+0	0.0000000E+0	1.0000000E+2	0.0000000E+0
5.9687000E+1	6.2501084E+1	6.0400140E+1	0.0000000E+0	0.0000000E+0	1.0000000E+2	0.0000000E+0
5.9737000E+1	6.2549956E+1	6.0396525E+1	0.0000000E+0	0.0000000E+0	1.0000000E+2	0.0000000E+0
5.9787000E+1	6.2595666E+1	6.0399878E+1	0.0000000E+0	0.0000000E+0	1.0000000E+2	0.0000000E+0
5.9837000E+1	6.2614140E+1	6.0389869E+1	0.0000000E+0	0.0000000E+0	1.0000000E+2	0.0000000E+0
5.9887000E+1	6.2675382E+1	6.0401732E+1	0.0000000E+0	0.0000000E+0	1.0000000E+2	0.0000000E+0
5.9937000E+1	6.2721313E+1	6.0406138E+1	0.0000000E+0	0.0000000E+0	1.0000000E+2	0.0000000E+0
5.9987000E+1	6.2762967E+1	6.0398068E+1	0.0000000E+0	0.0000000E+0	1.0000000E+2	0.0000000E+0
6.0037000E+1	6.2776356E+1	6.0400066E+1	0.0000000E+0	0.0000000E+0	1.0000000E+2	0.0000000E+0
6.0087000E+1	6.2793601E+1	6.0404673E+1	0.0000000E+0	0.0000000E+0	1.0000000E+2	0.0000000E+0
6.0137000E+1	6.2837764E+1	6.0403274E+1	0.0000000E+0	0.0000000E+0	1.0000000E+2	0.0000000E+0
6.0187000E+1	6.2848948E+1	6.0399148E+1	0.0000000E+0	0.0000000E+0	1.0000000E+2	0.0000000E+0
6.0237000E+1	6.2888294E+1	6.0408073E+1	0.0000000E+0	0.0000000E+0	1.0000000E+2	0.0000000E+0
6.0287000E+1	6.2929503E+1	6.0421469E+1	0.0000000E+0	0.0000000E+0	1.0000000E+2	0.0000000E+0
6.0337000E+1	6.2969879E+1	6.0427307E+1	0.0000000E+0	0.0000000E+0	1.0000000E+2	0.0000000E+0
6.0388000E+1	6.2996243E+1	6.0430659E+1	0.0000000E+0	0.0000000E+0	1.0000000E+2	0.0000000E+0
6.0439000E+1	6.3016688E+1	6.0424165E+1	0.0000000E+0	0.0000000E+0	1.0000000E+2	0.0000000E+0
6.0489000E+1	6.3036734E+1	6.0411279E+1	0.0000000E+0	0.0000000E+0	1.0000000E+2	0.0000000E+0
6.0540000E+1	6.3022810E+1	6.0421053E+1	0.0000000E+0	0.0000000E+0	1.0000000E+2	0.0000000E+0
6.0590000E+1	6.3019546E+1	6.0438760E+1	0.0000000E+0	0.0000000E+0	1.0000000E+2	0.0000000E+0
6.0640000E+1	6.2961251E+1	6.0433460E+1	0.0000000E+0	0.0000000E+0	1.0000000E+2	0.0000000E+0
6.0690000E+1	6.2919731E+1	6.0435094E+1	0.0000000E+0	0.0000000E+0	1.0000000E+2	0.0000000E+0
6.0740000E+1	6.2912509E+1	6.0442543E+1	0.0000000E+0	0.0000000E+0	1.0000000E+2	0.0000000E+0
6.0790000E+1	6.2876733E+1	6.0422993E+1	0.0000000E+0	0.0000000E+0	1.0000000E+2	0.0000000E+0
6.0840000E+1	6.2881377E+1	6.0431225E+1	0.0000000E+0	0.0000000E+0	1.0000000E+2	0.0000000E+0
6.0891000E+1	6.2880240E+1	6.0433116E+1	0.0000000E+0	0.0000000E+0	1.0000000E+2	0.0000000E+0
6.0941000E+1	6.2866778E+1	6.0431425E+1	0.0000000E+0	0.0000000E+0	1.0000000E+2	0.0000000E+0
6.0991000E+1	6.2858889E+1	6.0436388E+1	0.0000000E+0	0.0000000E+0	1.0000000E+2	0.0000000E+0
6.1041000E+1	6.2865441E+1	6.0438360E+1	0.0000000E+0	0.0000000E+0	1.0000000E+2	0.0000000E+0
6.1091000E+1	6.2857461E+1	6.0444332E+1	0.0000000E+0	0.0000000E+0	1.0000000E+2	0.0000000E+0
6.1141000E+1	6.2838970E+1	6.0449712E+1	0.0000000E+0	0.0000000E+0	1.0000000E+2	0.0000000E+0
6.1191000E+1	6.2810892E+1	6.0455453E+1	0.0000000E+0	0.0000000E+0	1.0000000E+2	0.0000000E+0
6.1241000E+1	6.2801916E+1	6.0437612E+1	0.0000000E+0	0.0000000E+0	1.0000000E+2	0.0000000E+0
6.1291000E+1	6.2793311E+1	6.0433882E+1	0.0000000E+0	0.0000000E+0	1.0000000E+2	0.0000000E+0
6.1342000E+1	6.2815002E+1	6.0442213E+1	0.0000000E+0	0.0000000E+0	1.0000000E+2	0.0000000E+0
6.1393000E+1	6.2806097E+1	6.0424198E+1	0.0000000E+0	0.0000000E+0	1.0000000E+2	0.0000000E+0
6.1443000E+1	6.2822986E+1	6.0431542E+1	0.0000000E+0	0.0000000E+0	1.0000000E+2	0.0000000E+0
6.1493000E+1	6.2851219E+1	6.0436346E+1	0.0000000E+0	0.0000000E+0	1.0000000E+2	0.0000000E+0
6.1543000E+1	6.2873322E+1	6.0432613E+1	0.0000000E+0	0.0000000E+0	1.0000000E+2	0.0000000E+0
6.1593000E+1	6.2884177E+1	6.0427564E+1	0.0000000E+0	0.0000000E+0	1.0000000E+2	0.0000000E+0
6.1643000E+1	6.2883204E+1	6.0429834E+1	0.0000000E+0	0.0000000E+0	1.0000000E+2	0.0000000E+0
6.1693000E+1	6.2905350E+1	6.0426018E+1	0.0000000E+0	0.0000000E+0	1.0000000E+2	0.0000000E+0
6.1743000E+1	6.2894837E+1	6.0419459E+1	0.0000000E+0	0.0000000E+0	1.0000000E+2	0.0000000E+0
6.1794000E+1	6.2882163E+1	6.0414921E+1	0.0000000E+0	0.0000000E+0	1.0000000E+2	0.0000000E+0
6.1844000E+1	6.2893410E+1	6.0411363E+1	0.0000000E+0	0.0000000E+0	1.0000000E+2	0.0000000E+0
6.1894000E+1	6.2902521E+1	6.0421945E+1	0.0000000E+0	0.0000000E+0	1.0000000E+2	0.0000000E+0
6.1944000E+1	6.2917240E+1	6.0412787E+1	0.0000000E+0	0.0000000E+0	1.0000000E+2	0.0000000E+0
6.1994000E+1	6.2897712E+1	6.0405576E+1	0.0000000E+0	0.0000000E+0	1.0000000E+2	0.0000000E+0
6.2044000E+1	6.2908102E+1	6.0406430E+1	0.0000000E+0	0.0000000E+0	1.0000000E+2	0.0000000E+0
6.2095000E+1	6.2908158E+1	6.0393404E+1	0.0000000E+0	0.0000000E+0	1.0000000E+2	0.0000000E+0
6.2145000E+1	6.2925451E+1	6.0405442E+1	0.0000000E+0	0.0000000E+0	1.0000000E+2	0.0000000E+0
6.2195000E+1	6.2917368E+1	6.0398323E+1	0.0000000E+0	0.0000000E+0	1.0000000E+2	0.0000000E+0
6.2245000E+1	6.2940262E+1	6.0401991E+1	0.0000000E+0	0.0000000E+0	1.0000000E+2	0.0000000E+0
6.2295000E+1	6.2961259E+1	6.0413054E+1	0.0000000E+0	0.0000000E+0	1.0000000E+2	0.0000000E+0
6.2345000E+1	6.2992214E+1	6.0403471E+1	0.0000000E+0	0.0000000E+0	1.0000000E+2	0.0000000E+0
6.2395000E+1	6.3013861E+1	6.0399106E+1	0.0000000E+0	0.0000000E+0	1.0000000E+2	0.0000000E+0
6.2445000E+1	6.3070964E+1	6.0406553E+1	0.0000000E+0	0.0000000E+0	1.0000000E+2	0.0000000E+0
6.2495000E+1	6.3112053E+1	6.0412365E+1	0.0000000E+0	0.0000000E+0	1.0000000E+2	0.0000000E+0
6.2545000E+1	6.3140565E+1	6.0417779E+1	0.0000000E+0	0.0000000E+0	1.0000000E+2	0.0000000E+0
6.2595000E+1	6.3136230E+1	6.0396469E+1	0.0000000E+0	0.0000000E+0	1.0000000E+2	0.0000000E+0
6.2645000E+1	6.3157944E+1	6.0407703E+1	0.0000000E+0	0.0000000E+0	1.0000000E+2	0.0000000E+0
6.2696000E+1	6.3196151E+1	6.0414345E+1	0.0000000E+0	0.0000000E+0	1.0000000E+2	0.0000000E+0
6.2746000E+1	6.3225383E+1	6.0401165E+1	0.0000000E+0	0.0000000E+0	1.0000000E+2	0.0000000E+0
6.2796000E+1	6.3258634E+1	6.0396240E+1	0.0000000E+0	0.0000000E+0	1.0000000E+2	0.0000000E+0
6.2847000E+1	6.3284172E+1	6.0385338E+1	0.0000000E+0	0.0000000E+0	1.0000000E+2	0.0000000E+0
6.2897000E+1	6.3292726E+1	6.0400832E+1	0.0000000E+0	0.0000000E+0	1.0000000E+2	0.0000000E+0
6.2947000E+1	6.3295412E+1	6.0391116E+1	0.0000000E+0	0.0000000E+0	1.0000000E+2	0.0000000E+0
6.2997000E+1	6.3310756E+1	6.0403193E+1	0.0000000E+0	0.0000000E+0	1.0000000E+2	0.0000000E+0
6.3047000E+1	6.3296302E+1	6.0384866E+1	0.0000000E+0	0.0000000E+0	1.0000000E+2	0.0000000E+0
6.3097000E+1	6.3302039E+1	6.0383604E+1	0.0000000E+0	0.0000000E+0	1.0000000E+2	0.0000000E+0
6.3147000E+1	6.3328258E+1	6.0408165E+1	0.0000000E+0	0.0000000E+0	1.0000000E+2	0.0000000E+0
6.3197000E+1	6.3312605E+1	6.0408203E+1	0.0000000E+0	0.0000000E+0	1.0000000E+2	0.0000000E+0
6.3247000E+1	6.3296388E+1	6.0403268E+1	0.0000000E+0	0.0000000E+0	1.0000000E+2	0.0000000E+0
6.3297000E+1	6.3306299E+1	6.0385476E+1	0.0000000E+0	0.0000000E+0	1.0000000E+2	0.0000000E+0
6.3347000E+1	6.3323967E+1	6.0381917E+1	0.0000000E+0	0.0000000E+0	1.0000000E+2	0.0000000E+0
6.3397000E+1	6.3339263E+1	6.0373632E+1	0.0000000E+0	0.0000000E+0	1.0000000E+2	0.0000000E+0
6.3447000E+1	6.3330643E+1	6.0358076E+1	0.0000000E+0	0.0000000E+0	1.0000000E+2	0.0000000E+0
6.3497000E+1	6.3356073E+1	6.0347079E+1	0.0000000E+0	0.0000000E+0	1.0000000E+2	0.0000000E+0
6.3547000E+1	6.3390050E+1	6.0357895E+1	0.0000000E+0	0.0000000E+0	1.0000000E+2	0.0000000E+0
6.3597000E+1	6.3417083E+1	6.0364452E+1	0.0000000E+0	0.0000000E+0	1.0000000E+2	0.0000000E+0
6.3647000E+1	6.3412554E+1	6.0338983E+1	0.0000000E+0	0.0000000E+0	1.0000000E+2	0.0000000E+0
6.3699000E+1	6.3448269E+1	6.0344112E+1	0.0000000E+0	0.0000000E+0	1.0000000E+2	0.0000000E+0
6.3749000E+1	6.3446917E+1	6.0318975E+1	0.0000000E+0	0.0000000E+0	1.0000000E+2	0.0000000E+0
6.3799000E+1	6.3429983E+1	6.0317874E+1	0.0000000E+0	0.0000000E+0	1.0000000E+2	0.0000000E+0
6.3849000E+1	6.3425358E+1	6.0322317E+1	0.0000000E+0	0.0000000E+0	1.0000000E+2	0.0000000E+0
6.3899000E+1	6.3427133E+1	6.0298510E+1	0.0000000E+0	0.0000000E+0	1.0000000E+2	0.0000000E+0
6.3949000E+1	6.3419223E+1	6.0289219E+1	0.0000000E+0	0.0000000E+0	1.0000000E+2	0.0000000E+0
6.3999000E+1	6.3404353E+1	6.0297259E+1	0.0000000E+0	0.0000000E+0	1.0000000E+2	0.0000000E+0
6.4049000E+1	6.3385882E+1	6.0276446E+1	0.0000000E+0	0.0000000E+0	1.0000000E+2	0.0000000E+0
6.4099000E+1	6.3361018E+1	6.0258767E+1	0.0000000E+0	0.0000000E+0	1.0000000E+2	0.0000000E+0
6.4149000E+1	6.3323391E+1	6.0261417E+1	0.0000000E+0	0.0000000E+0	1.0000000E+2	0.0000000E+0
6.4199000E+1	6.3301535E+1	6.0249185E+1	0.0000000E+0	0.0000000E+0	1.0000000E+2	0.0000000E+0
6.4249000E+1	6.3296340E+1	6.0240331E+1	0.0000000E+0	0.0000000E+0	1.0000000E+2	0.0000000E+0
6.4299000E+1	6.3306463E+1	6.0245564E+1	0.0000000E+0	0.0000000E+0	1.0000000E+2	0.0000000E+0
6.4349000E+1	6.3317740E+1	6.0257583E+1	0.0000000E+0	0.0000000E+0	1.0000000E+2	0.0000000E+0
6.4399000E+1	6.3311582E+1	6.0234848E+1	0.0000000E+0	0.0000000E+0	1.0000000E+2	0.0000000E+0
6.4449000E+1	6.3310688E+1	6.0229669E+1	0.0000000E+0	0.0000000E+0	1.0000000E+2	0.0000000E+0
6.4499000E+1	6.3324850E+1	6.0241109E+1	0.0000000E+0	0.0000000E+0	1.0000000E+2	0.0000000E+0
6.4549000E+1	6.3338236E+1	6.0249061E+1	0.0000000E+0	0.0000000E+0	1.0000000E+2	0.0000000E+0
6.4599000E+1	6.3346054E+1	6.0252215E+1	0.0000000E+0	0.0000000E+0	1.0000000E+2	0.0000000E+0
6.4650000E+1	6.3369925E+1	6.0265360E+1	0.0000000E+0	0.0000000E+0	1.0000000E+2	0.0000000E+0
6.4700000E+1	6.3411472E+1	6.0276408E+1	0.0000000E+0	0.0000000E+0	1.0000000E+2	0.0000000E+0
6.4750000E+1	6.3429811E+1	6.0272557E+1	0.0000000E+0	0.0000000E+0	1.0000000E+2	0.0000000E+0
6.4800000E+1	6.3449050E+1	6.0282981E+1	0.0000000E+0	0.0000000E+0	1.0000000E+2	0.0000000E+0
6.4850000E+1	6.3483003E+1	6.0287458E+1	0.0000000E+0	0.0000000E+0	1.0000000E+2	0.0000000E+0
6.4901000E+1	6.3524399E+1	6.0278539E+1	0.0000000E+0	0.0000000E+0	1.0000000E+2	0.0000000E+0
6.4952000E+1	6.3545606E+1	6.0277863E+1	0.0000000E+0	0.0000000E+0	1.0000000E+2	0.0000000E+0
6.5002000E+1	6.3602582E+1	6.0286544E+1	0.0000000E+0	0.0000000E+0	1.0000000E+2	0.0000000E+0
6.5052000E+1	6.3660678E+1	6.0284020E+1	0.0000000E+0	0.0000000E+0	1.0000000E+2	0.0000000E+0
6.5103000E+1	6.3724166E+1	6.0301278E+1	0.0000000E+0	0.0000000E+0	1.0000000E+2	0.0000000E+0
6.5153000E+1	6.3745898E+1	6.0281830E+1	0.0000000E+0	0.0000000E+0	1.0000000E+2	0.0000000E+0
6.5203000E+1	6.3810998E+1	6.0294044E+1	0.0000000E+0	0.0000000E+0	1.0000000E+2	0.0000000E+0
6.5253000E+1	6.3864120E+1	6.0293282E+1	0.0000000E+0	0.0000000E+0	1.0000000E+2	0.0000000E+0
6.5303000E+1	6.3883512E+1	6.0297360E+1	0.0000000E+0	0.0000000E+0	1.0000000E+2	0.0000000E+0
6.5353000E+1	6.3904088E+1	6.0288931E+1	0.0000000E+0	0.0000000E+0	1.0000000E+2	0.0000000E+0
6.5404000E+1	6.3924334E+1	6.0306726E+1	0.0000000E+0	0.0000000E+0	1.0000000E+2	0.0000000E+0
6.5454000E+1	6.3915723E+1	6.0289994E+1	0.0000000E+0	0.0000000E+0	1.0000000E+2	0.0000000E+0
6.5504000E+1	6.3945305E+1	6.0306055E+1	0.0000000E+0	0.0000000E+0	1.0000000E+2	0.0000000E+0
6.5554000E+1	6.3979538E+1	6.0301086E+1	0.0000000E+0	0.0000000E+0	1.0000000E+2	0.0000000E+0
6.5604000E+1	6.4000971E+1	6.0301992E+1	0.0000000E+0	0.0000000E+0	1.0000000E+2	0.0000000E+0
6.5654000E+1	6.4002874E+1	6.0293269E+1	0.0000000E+0	0.0000000E+0	1.0000000E+2	0.0000000E+0
6.5705000E+1	6.4005056E+1	6.0299454E+1	0.0000000E+0	0.0000000E+0	1.0000000E+2	0.0000000E+0
6.5755000E+1	6.4036224E+1	6.0327723E+1	0.0000000E+0	0.0000000E+0	1.0000000E+2	0.0000000E+0
6.5805000E+1	6.4028314E+1	6.0334243E+1	0.0000000E+0	0.0000000E+0	1.0000000E+2	0.0000000E+0
6.5855000E+1	6.4002917E+1	6.0332611E+1	0.0000000E+0	0.0000000E+0	1.0000000E+2	0.0000000E+0
6.5905000E+1	6.3967501E+1	6.0328276E+1	0.0000000E+0	0.0000000E+0	1.0000000E+2	0.0000000E+0
6.5955000E+1	6.3956401E+1	6.0331278E+1	0.0000000E+0	0.0000000E+0	1.0000000E+2	0.0000000E+0
6.6005000E+1	6.3930956E+1	6.0327332E+1	0.0000000E+0	0.0000000E+0	1.0000000E+2	0.0000000E+0
6.6055000E+1	6.3928370E+1	6.0332554E+1	0.0000000E+0	0.0000000E+0	1.0000000E+2	0.0000000E+0
6.6105000E+1	6.3932953E+1	6.0316572E+1	0.0000000E+0	0.0000000E+0	1.0000000E+2	0.0000000E+0
6.6155000E+1	6.3946356E+1	6.0307657E+1	0.0000000E+0	0.0000000E+0	1.0000000E+2	0.0000000E+0
6.6205000E+1	6.3953612E+1	6.0304127E+1	0.0000000E+0	0.0000000E+0	1.0000000E+2	0.0000000E+0
6.6255000E+1	6.3956437E+1	6.0304250E+1	0.0000000E+0	0.0000000E+0	1.0000000E+2	0.0000000E+0
6.6305000E+1	6.3961421E+1	6.0301983E+1	0.0000000E+0	0.0000000E+0	1.0000000E+2	0.0000000E+0
6.6355000E+1	6.3966861E+1	6.0310954E+1	0.0000000E+0	0.0000000E+0	1.0000000E+2	0.0000000E+0
6.6406000E+1	6.3996009E+1	6.0318822E+1	0.0000000E+0	0.0000000E+0	1.0000000E+2	0.0000000E+0
6.6456000E+1	6.4020776E+1	6.0313008E+1	0.0000000E+0	0.0000000E+0	1.0000000E+2	0.0000000E+0
6.6506000E+1	6.4049244E+1	6.0306340E+1	0.0000000E+0	0.0000000E+0	1.0000000E+2	0.0000000E+0
6.6556000E+1	6.4085540E+1	6.0322004E+1	0.0000000E+0	0.0000000E+0	1.0000000E+2	0.0000000E+0
6.6606000E+1	6.4132118E+1	6.0334787E+1	0.0000000E+0	0.0000000E+0	1.0000000E+2	0.0000000E+0
6.6656000E+1	6.4146940E+1	6.0343722E+1	0.0000000E+0	0.0000000E+0	1.0000000E+2	0.0000000E+0
6.6706000E+1	6.4173067E+1	6.0328922E+1	0.0000000E+0	0.0000000E+0	1.0000000E+2	0.0000000E+0
6.6756000E+1	6.4161768E+1	6.0330436E+1	0.0000000E+0	0.0000000E+0	1.0000000E+2	0.0000000E+0
6.6807000E+1	6.4168262E+1	6.0331052E+1	0.0000000E+0	0.0000000E+0	1.0000000E+2	0.0000000E+0
6.6857000E+1	6.4198844E+1	6.0323460E+1	0.0000000E+0	0.0000000E+0	1.0000000E+2	0.0000000E+0
6.6907000E+1	6.4234275E+1	6.0333647E+1	0.0000000E+0	0.0000000E+0	1.0000000E+2	0.0000000E+0
6.6957000E+1	6.4256118E+1	6.0322569E+1	0.0000000E+0	0.0000000E+0	1.0000000E+2	0.0000000E+0
6.7007000E+1	6.4287289E+1	6.0329093E+1	0.0000000E+0	0.0000000E+0	1.0000000E+2	0.0000000E+0
6.7057000E+1	6.4300498E+1	6.0320120E+1	0.0000000E+0	0.0000000E+0	1.0000000E+2	0.0000000E+0
6.7107000E+1	6.4301536E+1	6.0303280E+1	0.0000000E+0	0.0000000E+0	1.0000000E+2	0.0000000E+0
6.7157000E+1	6.4320004E+1	6.0295243E+1	0.0000000E+0	0.0000000E+0	1.0000000E+2	0.0000000E+0
6.7207000E+1	6.4330684E+1	6.0322611E+1	0.0000000E+0	0.0000000E+0	1.0000000E+2	0.0000000E+0
6.7257000E+1	6.4340066E+1	6.0320756E+1	0.0000000E+0	0.0000000E+0	1.0000000E+2	0.0000000E+0
6.7307000E+1	6.4359168E+1	6.0327938E+1	0.0000000E+0	0.0000000E+0	1.0000000E+2	0.0000000E+0
6.7357000E+1	6.4350454E+1	6.0329999E+1	0.0000000E+0	0.0000000E+0	1.0000000E+2	0.0000000E+0
6.7407000E+1	6.4363853E+1	6.0329411E+1	0.0000000E+0	0.0000000E+0	1.0000000E+2	0.0000000E+0
6.7457000E+1	6.4364737E+1	6.0327694E+1	0.0000000E+0	0.0000000E+0	1.0000000E+2	0.0000000E+0
6.7508000E+1	6.4369418E+1	6.0343634E+1	0.0000000E+0	0.0000000E+0	1.0000000E+2	0.0000000E+0
6.7558000E+1	6.4356496E+1	6.0347235E+1	0.0000000E+0	0.0000000E+0	1.0000000E+2	0.0000000E+0
6.7609000E+1	6.4358647E+1	6.0357932E+1	0.0000000E+0	0.0000000E+0	1.0000000E+2	0.0000000E+0
6.7659000E+1	6.4350146E+1	6.0338420E+1	0.0000000E+0	0.0000000E+0	1.0000000E+2	0.0000000E+0
6.7709000E+1	6.4355812E+1	6.0349828E+1	0.0000000E+0	0.0000000E+0	1.0000000E+2	0.0000000E+0
6.7760000E+1	6.4327267E+1	6.0356925E+1	0.0000000E+0	0.0000000E+0	1.0000000E+2	0.0000000E+0
6.7810000E+1	6.4341707E+1	6.0364543E+1	0.0000000E+0	0.0000000E+0	1.0000000E+2	0.0000000E+0
6.7860000E+1	6.4378626E+1	6.0353136E+1	0.0000000E+0	0.0000000E+0	1.0000000E+2	0.0000000E+0
6.7910000E+1	6.4403629E+1	6.0347790E+1	0.0000000E+0	0.0000000E+0	1.0000000E+2	0.0000000E+0
6.7960000E+1	6.4419263E+1	6.0344075E+1	0.0000000E+0	0.0000000E+0	1.0000000E+2	0.0000000E+0
6.8011000E+1	6.4459129E+1	6.0350095E+1	0.0000000E+0	0.0000000E+0	1.0000000E+2	0.0000000E+0
6.8061000E+1	6.4470632E+1	6.0356898E+1	0.0000000E+0	0.0000000E+0	1.0000000E+2	0.0000000E+0
6.8111000E+1	6.4509089E+1	6.0365839E+1	0.0000000E+0	0.0000000E+0	1.0000000E+2	0.0000000E+0
6.8161000E+1	6.4533038E+1	6.0355808E+1	0.0000000E+0	0.0000000E+0	1.0000000E+2	0.0000000E+0
6.8211000E+1	6.4566157E+1	6.0364261E+1	0.0000000E+0	0.0000000E+0	1.0000000E+2	0.0000000E+0
6.8261000E+1	6.4573114E+1	6.0373418E+1	0.0000000E+0	0.0000000E+0	1.0000000E+2	0.0000000E+0
6.8311000E+1	6.4598020E+1	6.0368921E+1	0.0000000E+0	0.0000000E+0	1.0000000E+2	0.0000000E+0
6.8362000E+1	6.4617533E+1	6.0356666E+1	0.0000000E+0	0.0000000E+0	1.0000000E+2	0.0000000E+0
6.8412000E+1	6.4640264E+1	6.0365132E+1	0.0000000E+0	0.0000000E+0	1.0000000E+2	0.0000000E+0
6.8463000E+1	6.4635716E+1	6.0350043E+1	0.0000000E+0	0.0000000E+0	1.0000000E+2	0.0000000E+0
6.8513000E+1	6.4672349E+1	6.0334754E+1	0.0000000E+0	0.0000000E+0	1.0000000E+2	0.0000000E+0
6.8564000E+1	6.4729473E+1	6.0365879E+1	0.0000000E+0	0.0000000E+0	1.0000000E+2	0.0000000E+0
6.8614000E+1	6.4754848E+1	6.0369815E+1	0.0000000E+0	0.0000000E+0	1.0000000E+2	0.0000000E+0
6.8664000E+1	6.4773681E+1	6.0365331E+1	0.0000000E+0	0.0000000E+0	1.0000000E+2	0.0000000E+0
6.8714000E+1	6.4784274E+1	6.0382563E+1	0.0000000E+0	0.0000000E+0	1.0000000E+2	0.0000000E+0
6.8764000E+1	6.4777801E+1	6.0379870E+1	0.0000000E+0	0.0000000E+0	1.0000000E+2	0.0000000E+0
6.8814000E+1	6.4762096E+1	6.0378055E+1	0.0000000E+0	0.0000000E+0	1.0000000E+2	0.0000000E+0
6.8864000E+1	6.4779357E+1	6.0381084E+1	0.0000000E+0	0.0000000E+0	1.0000000E+2	0.0000000E+0
6.8914000E+1	6.4754084E+1	6.0389451E+1	0.0000000E+0	0.0000000E+0	1.0000000E+2	0.0000000E+0
6.8964000E+1	6.4756933E+1	6.0377506E+1	0.0000000E+0	0.0000000E+0	1.0000000E+2	0.0000000E+0
6.9014000E+1	6.4765140E+1	6.0377927E+1	0.0000000E+0	0.0000000E+0	1.0000000E+2	0.0000000E+0
6.9064000E+1	6.4785546E+1	6.0380250E+1	0.0000000E+0	0.0000000E+0	1.0000000E+2	0.0000000E+0
6.9114000E+1	6.4810158E+1	6.0382281E+1	0.0000000E+0	0.0000000E+0	1.0000000E+2	0.0000000E+0
6.9164000E+1	6.4805802E+1	6.0387305E+1	0.0000000E+0	0.0000000E+0	1.0000000E+2	0.0000000E+0
6.9214000E+1	6.4803720E+1	6.0390000E+1	0.0000000E+0	0.0000000E+0	1.0000000E+2	0.0000000E+0
6.9264000E+1	6.4798991E+1	6.0387264E+1	0.0000000E+0	0.0000000E+0	1.0000000E+2	0.0000000E+0
6.9314000E+1	6.4785934E+1	6.0381134E+1	0.0000000E+0	0.0000000E+0	1.0000000E+2	0.0000000E+0
6.9364000E+1	6.4792572E+1	6.0389483E+1	0.0000000E+0	0.0000000E+0	1.0000000E+2	0.0000000E+0
6.9414000E+1	6.4813367E+1	6.0379270E+1	0.0000000E+0	0.0000000E+0	1.0000000E+2	0.0000000E+0
6.9464000E+1	6.4833773E+1	6.0383165E+1	0.0000000E+0	0.0000000E+0	1.0000000E+2	0.0000000E+0
6.9514000E+1	6.4866181E+1	6.0383749E+1	0.0000000E+0	0.0000000E+0	1.0000000E+2	0.0000000E+0
6.9564000E+1	6.4913585E+1	6.0381273E+1	0.0000000E+0	0.0000000E+0	1.0000000E+2	0.0000000E+0
6.9614000E+1	6.4973665E+1	6.0403907E+1	0.0000000E+0	0.0000000E+0	1.0000000E+2	0.0000000E+0
6.9664000E+1	6.5019789E+1	6.0390853E+1	0.0000000E+0	0.0000000E+0	1.0000000E+2	0.0000000E+0
6.9714000E+1	6.5063928E+1	6.0395858E+1	0.0000000E+0	0.0000000E+0	1.0000000E+2	0.0000000E+0
6.9764000E+1	6.5094486E+1	6.0377193E+1	0.0000000E+0	0.0000000E+0	1.0000000E+2	0.0000000E+0
6.9814000E+1	6.5156853E+1	6.0386865E+1	0.0000000E+0	0.0000000E+0	1.0000000E+2	0.0000000E+0
6.9864000E+1	6.5227450E+1	6.0382779E+1	0.0000000E+0	0.0000000E+0	1.0000000E+2	0.0000000E+0
6.9914000E+1	6.5289540E+1	6.0398464E+1	0.0000000E+0	0.0000000E+0	1.0000000E+2	0.0000000E+0
6.9964000E+1	6.5299956E+1	6.0394434E+1	0.0000000E+0	0.0000000E+0	1.0000000E+2	0.0000000E+0
7.0014000E+1	6.5302965E+1	6.0386653E+1	0.0000000E+0	0.0000000E+0	1.0000000E+2	0.0000000E+0
7.0064000E+1	6.5330533E+1	6.0377658E+1	0.0000000E+0	0.0000000E+0	1.0000000E+2	0.0000000E+0
7.0114000E+1	6.5378257E+1	6.0368459E+1	0.0000000E+0	0.0000000E+0	1.0000000E+2	0.0000000E+0
7.0164000E+1	6.5433348E+1	6.0379726E+1	0.0000000E+0	0.0000000E+0	1.0000000E+2	0.0000000E+0
7.0214000E+1	6.5441267E+1	6.0375110E+1	0.0000000E+0	0.0000000E+0	1.0000000E+2	0.0000000E+0
7.0264000E+1	6.5462510E+1	6.0391829E+1	0.0000000E+0	0.0000000E+0	1.0000000E+2	0.0000000E+0
7.0314000E+1	6.5466350E+1	6.0372033E+1	0.0000000E+0	0.0000000E+0	1.0000000E+2	0.0000000E+0
7.0364000E+1	6.5483383E+1	6.0378141E+1	0.0000000E+0	0.0000000E+0	1.0000000E+2	0.0000000E+0
7.0414000E+1	6.5500686E+1	6.0373465E+1	0.0000000E+0	0.0000000E+0	1.0000000E+2	0.0000000E+0
7.0464000E+1	6.5513842E+1	6.0370395E+1	0.0000000E+0	0.0000000E+0	1.0000000E+2	0.0000000E+0
7.0514000E+1	6.5528189E+1	6.0379924E+1	0.0000000E+0	0.0000000E+0	1.0000000E+2	0.0000000E+0
7.0564000E+1	6.5526573E+1	6.0354542E+1	0.0000000E+0	0.0000000E+0	1.0000000E+2	0.0000000E+0
7.0614000E+1	6.5556202E+1	6.0370945E+1	0.0000000E+0	0.0000000E+0	1.0000000E+2	0.0000000E+0
7.0665000E+1	6.5603279E+1	6.0374868E+1	0.0000000E+0	0.0000000E+0	1.0000000E+2	0.0000000E+0
7.0716000E+1	6.5624635E+1	6.0374880E+1	0.0000000E+0	0.0000000E+0	1.0000000E+2	0.0000000E+0
7.0766000E+1	6.5615572E+1	6.0387881E+1	0.0000000E+0	0.0000000E+0	1.0000000E+2	0.0000000E+0
7.0816000E+1	6.5627451E+1	6.0388351E+1	0.0000000E+0	0.0000000E+0	1.0000000E+2	0.0000000E+0
7.0866000E+1	6.5654266E+1	6.0397624E+1	0.0000000E+0	0.0000000E+0	1.0000000E+2	0.0000000E+0
7.0917000E+1	6.5703454E+1	6.0393869E+1	0.0000000E+0	0.0000000E+0	1.0000000E+2	0.0000000E+0
7.0967000E+1	6.5729985E+1	6.0384178E+1	0.0000000E+0	0.0000000E+0	1.0000000E+2	0.0000000E+0
7.1017000E+1	6.5768477E+1	6.0394112E+1	0.0000000E+0	0.0000000E+0	1.0000000E+2	0.0000000E+0
7.1067000E+1	6.5782024E+1	6.0383435E+1	0.0000000E+0	0.0000000E+0	1.0000000E+2	0.0000000E+0
7.1117000E+1	6.5805966E+1	6.0369388E+1	0.0000000E+0	0.0000000E+0	1.0000000E+2	0.0000000E+0
7.1167000E+1	6.5821346E+1	6.0352589E+1	0.0000000E+0	0.0000000E+0	1.0000000E+2	0.0000000E+0
7.1217000E+1	6.5820524E+1	6.0318262E+1	0.0000000E+0	0.0000000E+0	1.0000000E+2	0.0000000E+0
7.1268000E+1	6.5850276E+1	6.0305153E+1	0.0000000E+0	0.0000000E+0	1.0000000E+2	0.0000000E+0
7.1318000E+1	6.5862363E+1	6.0286171E+1	0.0000000E+0	0.0000000E+0	1.0000000E+2	0.0000000E+0
7.1368000E+1	6.5885966E+1	6.0289168E+1	0.0000000E+0	0.0000000E+0	1.0000000E+2	0.0000000E+0
7.1419000E+1	6.5890404E+1	6.0261990E+1	0.0000000E+0	0.0000000E+0	1.0000000E+2	0.0000000E+0
7.1469000E+1	6.5922722E+1	6.0270826E+1	0.0000000E+0	0.0000000E+0	1.0000000E+2	0.0000000E+0
7.1519000E+1	6.5953105E+1	6.0270878E+1	0.0000000E+0	0.0000000E+0	1.0000000E+2	0.0000000E+0
7.1569000E+1	6.5999246E+1	6.0268314E+1	0.0000000E+0	0.0000000E+0	1.0000000E+2	0.0000000E+0
7.1620000E+1	6.6042714E+1	6.0274130E+1	0.0000000E+0	0.0000000E+0	1.0000000E+2	0.0000000E+0
7.1670000E+1	6.6065537E+1	6.0263353E+1	0.0000000E+0	0.0000000E+0	1.0000000E+2	0.0000000E+0
7.1720000E+1	6.6097909E+1	6.0269693E+1	0.0000000E+0	0.0000000E+0	1.0000000E+2	0.0000000E+0
7.1770000E+1	6.6087739E+1	6.0251931E+1	0.0000000E+0	0.0000000E+0	1.0000000E+2	0.0000000E+0
7.1820000E+1	6.6080249E+1	6.0240300E+1	0.0000000E+0	0.0000000E+0	1.0000000E+2	0.0000000E+0
7.1870000E+1	6.6132349E+1	6.0249877E+1	0.0000000E+0	0.0000000E+0	1.0000000E+2	0.0000000E+0
7.1920000E+1	6.6174743E+1	6.0254904E+1	0.0000000E+0	0.0000000E+0	1.0000000E+2	0.0000000E+0
7.1970000E+1	6.6233790E+1	6.0264740E+1	0.0000000E+0	0.0000000E+0	1.0000000E+2	0.0000000E+0
7.2020000E+1	6.6272301E+1	6.0258652E+1	0.0000000E+0	0.0000000E+0	1.0000000E+2	0.0000000E+0
7.2070000E+1	6.6290975E+1	6.0265436E+1	0.0000000E+0	0.0000000E+0	1.0000000E+2	0.0000000E+0
7.2120000E+1	6.6305335E+1	6.0261799E+1	0.0000000E+0	0.0000000E+0	1.0000000E+2	0.0000000E+0
7.2170000E+1	6.6277375E+1	6.0265834E+1	0.0000000E+0	0.0000000E+0	1.0000000E+2	0.0000000E+0
7.2220000E+1	6.6261601E+1	6.0255962E+1	0.0000000E+0	0.0000000E+0	1.0000000E+2	0.0000000E+0
7.2270000E+1	6.6269035E+1	6.0260622E+1	0.0000000E+0	0.0000000E+0	1.0000000E+2	0.0000000E+0
7.2321000E+1	6.6269673E+1	6.0275593E+1	0.0000000E+0	0.0000000E+0	1.0000000E+2	0.0000000E+0
7.2371000E+1	6.6269085E+1	6.0269829E+1	0.0000000E+0	0.0000000E+0	1.0000000E+2	0.0000000E+0
7.2422000E+1	6.6297899E+1	6.0266013E+1	0.0000000E+0	0.0000000E+0	1.0000000E+2	0.0000000E+0
7.2472000E+1	6.6317925E+1	6.0279676E+1	0.0000000E+0	0.0000000E+0	1.0000000E+2	0.0000000E+0
7.2522000E+1	6.6324261E+1	6.0266803E+1	0.0000000E+0	0.0000000E+0	1.0000000E+2	0.0000000E+0
7.2572000E+1	6.6332805E+1	6.0264178E+1	0.0000000E+0	0.0000000E+0	1.0000000E+2	0.0000000E+0
7.2623000E+1	6.6361190E+1	6.0276413E+1	0.0000000E+0	0.0000000E+0	1.0000000E+2	0.0000000E+0
7.2673000E+1	6.6375498E+1	6.0267326E+1	0.0000000E+0	0.0000000E+0	1.0000000E+2	0.0000000E+0
7.2724000E+1	6.6421561E+1	6.0276601E+1	0.0000000E+0	0.0000000E+0	1.0000000E+2	0.0000000E+0
7.2774000E+1	6.6417717E+1	6.0265957E+1	0.0000000E+0	0.0000000E+0	1.0000000E+2	0.0000000E+0
7.2824000E+1	6.6400624E+1	6.0275537E+1	0.0000000E+0	0.0000000E+0	1.0000000E+2	0.0000000E+0
7.2874000E+1	6.6412623E+1	6.0277534E+1	0.0000000E+0	0.0000000E+0	1.0000000E+2	0.0000000E+0
7.2924000E+1	6.6443661E+1	6.0284194E+1	0.0000000E+0	0.0000000E+0	1.0000000E+2	0.0000000E+0
7.2974000E+1	6.6468827E+1	6.0300657E+1	0.0000000E+0	0.0000000E+0	1.0000000E+2	0.0000000E+0
7.3024000E+1	6.6495009E+1	6.0297519E+1	0.0000000E+0	0.0000000E+0	1.0000000E+2	0.0000000E+0
7.3074000E+1	6.6530358E+1	6.0314976E+1	0.0000000E+0	0.0000000E+0	1.0000000E+2	0.0000000E+0
7.3124000E+1	6.6550091E+1	6.0308993E+1	0.0000000E+0	0.0000000E+0	1.0000000E+2	0.0000000E+0
7.3175000E+1	6.6583361E+1	6.0310321E+1	0.0000000E+0	0.0000000E+0	1.0000000E+2	0.0000000E+0
7.3225000E+1	6.6601741E+1	6.0313906E+1	0.0000000E+0	0.0000000E+0	1.0000000E+2	0.0000000E+0
7.3276000E+1	6.6598954E+1	6.0320871E+1	0.0000000E+0	0.0000000E+0	1.0000000E+2	0.0000000E+0
7.3326000E+1	6.6618287E+1	6.0303997E+1	0.0000000E+0	0.0000000E+0	1.0000000E+2	0.0000000E+0
7.3376000E+1	6.6642396E+1	6.0303920E+1	0.0000000E+0	0.0000000E+0	1.0000000E+2	0.0000000E+0
7.3426000E+1	6.6660225E+1	6.0307021E+1	0.0000000E+0	0.0000000E+0	1.0000000E+2	0.0000000E+0
7.3476000E+1	6.6709407E+1	6.0315537E+1	0.0000000E+0	0.0000000E+0	1.0000000E+2	0.0000000E+0
7.3527000E+1	6.6741712E+1	6.0305963E+1	0.0000000E+0	0.0000000E+0	1.0000000E+2	0.0000000E+0
7.3577000E+1	6.6760469E+1	6.0318414E+1	0.0000000E+0	0.0000000E+0	1.0000000E+2	0.0000000E+0
7.3627000E+1	6.6738161E+1	6.0285597E+1	0.0000000E+0	0.0000000E+0	1.0000000E+2	0.0000000E+0
7.3678000E+1	6.6745966E+1	6.0300101E+1	0.0000000E+0	0.0000000E+0	1.0000000E+2	0.0000000E+0
7.3728000E+1	6.6776027E+1	6.0306994E+1	0.0000000E+0	0.0000000E+0	1.0000000E+2	0.0000000E+0
7.3778000E+1	6.6784326E+1	6.0320878E+1	0.0000000E+0	0.0000000E+0	1.0000000E+2	0.0000000E+0
7.3828000E+1	6.6758293E+1	6.0322255E+1	0.0000000E+0	0.0000000E+0	1.0000000E+2	0.0000000E+0
7.3878000E+1	6.6747380E+1	6.0331568E+1	0.0000000E+0	0.0000000E+0	1.0000000E+2	0.0000000E+0
7.3928000E+1	6.6711459E+1	6.0323042E+1	0.0000000E+0	0.0000000E+0	1.0000000E+2	0.0000000E+0
7.3978000E+1	6.6670993E+1	6.0310913E+1	0.0000000E+0	0.0000000E+0	1.0000000E+2	0.0000000E+0
7.4028000E+1	6.6657866E+1	6.0322351E+1	0.0000000E+0	0.0000000E+0	1.0000000E+2	0.0000000E+0
7.4078000E+1	6.6633755E+1	6.0321221E+1	0.0000000E+0	0.0000000E+0	1.0000000E+2	0.0000000E+0
7.4128000E+1	6.6615697E+1	6.0315128E+1	0.0000000E+0	0.0000000E+0	1.0000000E+2	0.0000000E+0
7.4178000E+1	6.6586539E+1	6.0326972E+1	0.0000000E+0	0.0000000E+0	1.0000000E+2	0.0000000E+0
7.4228000E+1	6.6573547E+1	6.0320602E+1	0.0000000E+0	0.0000000E+0	1.0000000E+2	0.0000000E+0
7.4278000E+1	6.6536780E+1	6.0306410E+1	0.0000000E+0	0.0000000E+0	1.0000000E+2	0.0000000E+0
7.4328000E+1	6.6487549E+1	6.0315443E+1	0.0000000E+0	0.0000000E+0	1.0000000E+2	0.0000000E+0
7.4378000E+1	6.6473124E+1	6.0321533E+1	0.0000000E+0	0.0000000E+0	1.0000000E+2	0.0000000E+0
7.4428000E+1	6.6505032E+1	6.0345207E+1	0.0000000E+0	0.0000000E+0	1.0000000E+2	0.0000000E+0
7.4478000E+1	6.6498870E+1	6.0338204E+1	0.0000000E+0	0.0000000E+0	1.0000000E+2	0.0000000E+0
7.4528000E+1	6.6533450E+1	6.0351209E+1	0.0000000E+0	0.0000000E+0	1.0000000E+2	0.0000000E+0
7.4578000E+1	6.6520450E+1	6.0338262E+1	0.0000000E+0	0.0000000E+0	1.0000000E+2	0.0000000E+0
7.4628000E+1	6.6523653E+1	6.0346600E+1	0.0000000E+0	0.0000000E+0	1.0000000E+2	0.0000000E+0
7.4678000E+1	6.6516052E+1	6.0336504E+1	0.0000000E+0	0.0000000E+0	1.0000000E+2	0.0000000E+0
7.4728000E+1	6.6514887E+1	6.0331958E+1	0.0000000E+0	0.0000000E+0	1.0000000E+2	0.0000000E+0
7.4778000E+1	6.6535835E+1	6.0337692E+1	0.0000000E+0	0.0000000E+0	1.0000000E+2	0.0000000E+0
7.4828000E+1	6.6558727E+1	6.0341503E+1	0.0000000E+0	0.0000000E+0	1.0000000E+2	0.0000000E+0
7.4878000E+1	6.6582714E+1	6.0330591E+1	0.0000000E+0	0.0000000E+0	1.0000000E+2	0.0000000E+0
7.4928000E+1	6.6612594E+1	6.0340526E+1	0.0000000E+0	0.0000000E+0	1.0000000E+2	0.0000000E+0
7.4978000E+1	6.6650164E+1	6.0343074E+1	0.0000000E+0	0.0000000E+0	1.0000000E+2	0.0000000E+0
7.5028000E+1	6.6675227E+1	6.0347589E+1	0.0000000E+0	0.0000000E+0	1.0000000E+2	0.0000000E+0
7.5078000E+1	6.6692851E+1	6.0331801E+1	0.0000000E+0	0.0000000E+0	1.0000000E+2	0.0000000E+0
7.5128000E+1	6.6732360E+1	6.0335098E+1	0.0000000E+0	0.0000000E+0	1.0000000E+2	0.0000000E+0
7.5178000E+1	6.6727284E+1	6.0336323E+1	0.0000000E+0	0.0000000E+0	1.0000000E+2	0.0000000E+0
7.5228000E+1	6.6742216E+1	6.0346583E+1	0.0000000E+0	0.0000000E+0	1.0000000E+2	0.0000000E+0
7.5278000E+1	6.6725741E+1	6.0337029E+1	0.0000000E+0	0.0000000E+0	1.0000000E+2	0.0000000E+0
7.5328000E+1	6.6714265E+1	6.0352219E+1	0.0000000E+0	0.0000000E+0	1.0000000E+2	0.0000000E+0
7.5378000E+1	6.6691560E+1	6.0345159E+1	0.0000000E+0	0.0000000E+0	1.0000000E+2	0.0000000E+0
7.5428000E+1	6.6700806E+1	6.0337314E+1	0.0000000E+0	0.0000000E+0	1.0000000E+2	0.0000000E+0
7.5478000E+1	6.6721370E+1	6.0338129E+1	0.0000000E+0	0.0000000E+0	1.0000000E+2	0.0000000E+0
7.5528000E+1	6.6727025E+1	6.0342891E+1	0.0000000E+0	0.0000000E+0	1.0000000E+2	0.0000000E+0
7.5578000E+1	6.6736527E+1	6.0349403E+1	0.0000000E+0	0.0000000E+0	1.0000000E+2	0.0000000E+0
7.5628000E+1	6.6745445E+1	6.0357239E+1	0.0000000E+0	0.0000000E+0	1.0000000E+2	0.0000000E+0
7.5678000E+1	6.6747786E+1	6.0342854E+1	0.0000000E+0	0.0000000E+0	1.0000000E+2	0.0000000E+0
7.5728000E+1	6.6740858E+1	6.0338162E+1	0.0000000E+0	0.0000000E+0	1.0000000E+2	0.0000000E+0
7.5778000E+1	6.6732716E+1	6.0348761E+1	0.0000000E+0	0.0000000E+0	1.0000000E+2	0.0000000E+0
7.5828000E+1	6.6724421E+1	6.0325694E+1	0.0000000E+0	0.0000000E+0	1.0000000E+2	0.0000000E+0
7.5878000E+1	6.6729231E+1	6.0331165E+1	0.0000000E+0	0.0000000E+0	1.0000000E+2	0.0000000E+0
7.5928000E+1	6.6769690E+1	6.0344505E+1	0.0000000E+0	0.0000000E+0	1.0000000E+2	0.0000000E+0
7.5978000E+1	6.6769038E+1	6.0341107E+1	0.0000000E+0	0.0000000E+0	1.0000000E+2	0.0000000E+0
7.6028000E+1	6.6777710E+1	6.0347719E+1	0.0000000E+0	0.0000000E+0	1.0000000E+2	0.0000000E+0
7.6078000E+1	6.6782092E+1	6.0342362E+1	0.0000000E+0	0.0000000E+0	1.0000000E+2	0.0000000E+0
7.6128000E+1	6.6775043E+1	6.0346598E+1	0.0000000E+0	0.0000000E+0	1.0000000E+2	0.0000000E+0
7.6178000E+1	6.6757869E+1	6.0349638E+1	0.0000000E+0	0.0000000E+0	1.0000000E+2	0.0000000E+0
7.6228000E+1	6.6737282E+1	6.0346469E+1	0.0000000E+0	0.0000000E+0	1.0000000E+2	0.0000000E+0
7.6278000E+1	6.6765306E+1	6.0356285E+1	0.0000000E+0	0.0000000E+0	1.0000000E+2	0.0000000E+0
7.6328000E+1	6.6779135E+1	6.0351062E+1	0.0000000E+0	0.0000000E+0	1.0000000E+2	0.0000000E+0
7.6378000E+1	6.6820728E+1	6.0362265E+1	0.0000000E+0	0.0000000E+0	1.0000000E+2	0.0000000E+0
7.6428000E+1	6.6809207E+1	6.0339676E+1	0.0000000E+0	0.0000000E+0	1.0000000E+2	0.0000000E+0
7.6478000E+1	6.6836543E+1	6.0343695E+1	0.0000000E+0	0.0000000E+0	1.0000000E+2	0.0000000E+0
7.6528000E+1	6.6852748E+1	6.0347458E+1	0.0000000E+0	0.0000000E+0	1.0000000E+2	0.0000000E+0
7.6578000E+1	6.6874503E+1	6.0342501E+1	0.0000000E+0	0.0000000E+0	1.0000000E+2	0.0000000E+0
7.6628000E+1	6.6877422E+1	6.0354539E+1	0.0000000E+0	0.0000000E+0	1.0000000E+2	0.0000000E+0
7.6678000E+1	6.6905442E+1	6.0359248E+1	0.0000000E+0	0.0000000E+0	1.0000000E+2	0.0000000E+0
7.6728000E+1	6.6900542E+1	6.0341499E+1	0.0000000E+0	0.0000000E+0	1.0000000E+2	0.0000000E+0
7.6778000E+1	6.6894589E+1	6.0348411E+1	0.0000000E+0	0.0000000E+0	1.0000000E+2	0.0000000E+0
7.6828000E+1	6.6902897E+1	6.0346532E+1	0.0000000E+0	0.0000000E+0	1.0000000E+2	0.0000000E+0
7.6878000E+1	6.6925615E+1	6.0353817E+1	0.0000000E+0	0.0000000E+0	1.0000000E+2	0.0000000E+0
7.6928000E+1	6.6923158E+1	6.0348248E+1	0.0000000E+0	0.0000000E+0	1.0000000E+2	0.0000000E+0
7.6978000E+1	6.6924246E+1	6.0358568E+1	0.0000000E+0	0.0000000E+0	1.0000000E+2	0.0000000E+0
7.7028000E+1	6.6899203E+1	6.0359184E+1	0.0000000E+0	0.0000000E+0	1.0000000E+2	0.0000000E+0
7.7078000E+1	6.6898663E+1	6.0367915E+1	0.0000000E+0	0.0000000E+0	1.0000000E+2	0.0000000E+0
7.7128000E+1	6.6879915E+1	6.0365895E+1	0.0000000E+0	0.0000000E+0	1.0000000E+2	0.0000000E+0
7.7178000E+1	6.6809938E+1	6.0356607E+1	0.0000000E+0	0.0000000E+0	1.0000000E+2	0.0000000E+0
7.7228000E+1	6.6776925E+1	6.0371460E+1	0.0000000E+0	0.0000000E+0	1.0000000E+2	0.0000000E+0
7.7278000E+1	6.6770689E+1	6.0368569E+1	0.0000000E+0	0.0000000E+0	1.0000000E+2	0.0000000E+0
7.7328000E+1	6.6776844E+1	6.0376451E+1	0.0000000E+0	0.0000000E+0	1.0000000E+2	0.0000000E+0
7.7378000E+1	6.6769458E+1	6.0383933E+1	0.0000000E+0	0.0000000E+0	1.0000000E+2	0.0000000E+0
7.7428000E+1	6.6774820E+1	6.0384666E+1	0.0000000E+0	0.0000000E+0	1.0000000E+2	0.0000000E+0
7.7478000E+1	6.6784136E+1	6.0373399E+1	0.0000000E+0	0.0000000E+0	1.0000000E+2	0.0000000E+0
7.7528000E+1	6.6774640E+1	6.0362496E+1	0.0000000E+0	0.0000000E+0	1.0000000E+2	0.0000000E+0
7.7578000E+1	6.6777484E+1	6.0351945E+1	0.0000000E+0	0.0000000E+0	1.0000000E+2	0.0000000E+0
7.7628000E+1	6.6774267E+1	6.0354209E+1	0.0000000E+0	0.0000000E+0	1.0000000E+2	0.0000000E+0
7.7679000E+1	6.6760625E+1	6.0347175E+1	0.0000000E+0	0.0000000E+0	1.0000000E+2	0.0000000E+0
7.7729000E+1	6.6771404E+1	6.0368193E+1	0.0000000E+0	0.0000000E+0	1.0000000E+2	0.0000000E+0
7.7779000E+1	6.6757607E+1	6.0355771E+1	0.0000000E+0	0.0000000E+0	1.0000000E+2	0.0000000E+0
7.7829000E+1	6.6750746E+1	6.0348252E+1	0.0000000E+0	0.0000000E+0	1.0000000E+2	0.0000000E+0
7.7880000E+1	6.6769164E+1	6.0352755E+1	0.0000000E+0	0.0000000E+0	1.0000000E+2	0.0000000E+0
7.7930000E+1	6.6784987E+1	6.0351557E+1	0.0000000E+0	0.0000000E+0	1.0000000E+2	0.0000000E+0
7.7980000E+1	6.6794761E+1	6.0357948E+1	0.0000000E+0	0.0000000E+0	1.0000000E+2	0.0000000E+0
7.8031000E+1	6.6782907E+1	6.0362237E+1	0.0000000E+0	0.0000000E+0	1.0000000E+2	0.0000000E+0
7.8081000E+1	6.6775939E+1	6.0354631E+1	0.0000000E+0	0.0000000E+0	1.0000000E+2	0.0000000E+0
7.8131000E+1	6.6805885E+1	6.0358116E+1	0.0000000E+0	0.0000000E+0	1.0000000E+2	0.0000000E+0
7.8181000E+1	6.6829769E+1	6.0350465E+1	0.0000000E+0	0.0000000E+0	1.0000000E+2	0.0000000E+0
7.8231000E+1	6.6840182E+1	6.0362855E+1	0.0000000E+0	0.0000000E+0	1.0000000E+2	0.0000000E+0
7.8281000E+1	6.6838952E+1	6.0353175E+1	0.0000000E+0	0.0000000E+0	1.0000000E+2	0.0000000E+0
7.8331000E+1	6.6855618E+1	6.0349698E+1	0.0000000E+0	0.0000000E+0	1.0000000E+2	0.0000000E+0
7.8381000E+1	6.6840414E+1	6.0330273E+1	0.0000000E+0	0.0000000E+0	1.0000000E+2	0.0000000E+0
7.8431000E+1	6.6831268E+1	6.0334114E+1	0.0000000E+0	0.0000000E+0	1.0000000E+2	0.0000000E+0
7.8481000E+1	6.6823688E+1	6.0346821E+1	0.0000000E+0	0.0000000E+0	1.0000000E+2	0.0000000E+0
7.8531000E+1	6.6830602E+1	6.0357569E+1	0.0000000E+0	0.0000000E+0	1.0000000E+2	0.0000000E+0
7.8581000E+1	6.6817115E+1	6.0350346E+1	0.0000000E+0	0.0000000E+0	1.0000000E+2	0.0000000E+0
7.8631000E+1	6.6774180E+1	6.0347738E+1	0.0000000E+0	0.0000000E+0	1.0000000E+2	0.0000000E+0
7.8681000E+1	6.6745099E+1	6.0354450E+1	0.0000000E+0	0.0000000E+0	1.0000000E+2	0.0000000E+0
7.8731000E+1	6.6726768E+1	6.0349919E+1	0.0000000E+0	0.0000000E+0	1.0000000E+2	0.0000000E+0
7.8781000E+1	6.6718858E+1	6.0360670E+1	0.0000000E+0	0.0000000E+0	1.0000000E+2	0.0000000E+0
7.8831000E+1	6.6725920E+1	6.0372237E+1	0.0000000E+0	0.0000000E+0	1.0000000E+2	0.0000000E+0
7.8881000E+1	6.6736807E+1	6.0366328E+1	0.0000000E+0	0.0000000E+0	1.0000000E+2	0.0000000E+0
7.8931000E+1	6.6722410E+1	6.0356505E+1	0.0000000E+0	0.0000000E+0	1.0000000E+2	0.0000000E+0
7.8981000E+1	6.6711212E+1	6.0349925E+1	0.0000000E+0	0.0000000E+0	1.0000000E+2	0.0000000E+0
7.9032000E+1	6.6716663E+1	6.0355172E+1	0.0000000E+0	0.0000000E+0	1.0000000E+2	0.0000000E+0
7.9083000E+1	6.6693312E+1	6.0352163E+1	0.0000000E+0	0.0000000E+0	1.0000000E+2	0.0000000E+0
7.9134000E+1	6.6690967E+1	6.0354551E+1	0.0000000E+0	0.0000000E+0	1.0000000E+2	0.0000000E+0
7.9184000E+1	6.6691335E+1	6.0343534E+1	0.0000000E+0	0.0000000E+0	1.0000000E+2	0.0000000E+0
7.9234000E+1	6.6719024E+1	6.0367778E+1	0.0000000E+0	0.0000000E+0	1.0000000E+2	0.0000000E+0
7.9284000E+1	6.6713082E+1	6.0355842E+1	0.0000000E+0	0.0000000E+0	1.0000000E+2	0.0000000E+0
7.9334000E+1	6.6743306E+1	6.0358457E+1	0.0000000E+0	0.0000000E+0	1.0000000E+2	0.0000000E+0
7.9385000E+1	6.6740880E+1	6.0347412E+1	0.0000000E+0	0.0000000E+0	1.0000000E+2	0.0000000E+0
7.9435000E+1	6.6747949E+1	6.0356452E+1	0.0000000E+0	0.0000000E+0	1.0000000E+2	0.0000000E+0
7.9485000E+1	6.6735313E+1	6.0345310E+1	0.0000000E+0	0.0000000E+0	1.0000000E+2	0.0000000E+0
7.9536000E+1	6.6778125E+1	6.0369367E+1	0.0000000E+0	0.0000000E+0	1.0000000E+2	0.0000000E+0
7.9588000E+1	6.6836635E+1	6.0377292E+1	0.0000000E+0	0.0000000E+0	1.0000000E+2	0.0000000E+0
7.9638000E+1	6.6831459E+1	6.0375798E+1	0.0000000E+0	0.0000000E+0	1.0000000E+2	0.0000000E+0
7.9688000E+1	6.6836723E+1	6.0372219E+1	0.0000000E+0	0.0000000E+0	1.0000000E+2	0.0000000E+0
7.9738000E+1	6.6842575E+1	6.0371937E+1	0.0000000E+0	0.0000000E+0	1.0000000E+2	0.0000000E+0
7.9788000E+1	6.6850035E+1	6.0354711E+1	0.0000000E+0	0.0000000E+0	1.0000000E+2	0.0000000E+0
7.9838000E+1	6.6867459E+1	6.0369473E+1	0.0000000E+0	0.0000000E+0	1.0000000E+2	0.0000000E+0
7.9888000E+1	6.6886700E+1	6.0369693E+1	0.0000000E+0	0.0000000E+0	1.0000000E+2	0.0000000E+0
7.9940000E+1	6.6915469E+1	6.0381561E+1	0.0000000E+0	0.0000000E+0	1.0000000E+2	0.0000000E+0
7.9990000E+1	6.6920029E+1	6.0384681E+1	0.0000000E+0	0.0000000E+0	1.0000000E+2	0.0000000E+0
8.0040000E+1	6.6946886E+1	6.0386879E+1	0.0000000E+0	0.0000000E+0	1.0000000E+2	0.0000000E+0
8.0090000E+1	6.6910294E+1	6.0383352E+1	0.0000000E+0	0.0000000E+0	1.0000000E+2	0.0000000E+0
8.0141000E+1	6.6894547E+1	6.0366036E+1	0.0000000E+0	0.0000000E+0	1.0000000E+2	0.0000000E+0
8.0192000E+1	6.6898974E+1	6.0362716E+1	0.0000000E+0	0.0000000E+0	1.0000000E+2	0.0000000E+0
8.0243000E+1	6.6890536E+1	6.0359338E+1	0.0000000E+0	0.0000000E+0	1.0000000E+2	0.0000000E+0
8.0294000E+1	6.6899772E+1	6.0357486E+1	0.0000000E+0	0.0000000E+0	1.0000000E+2	0.0000000E+0
8.0344000E+1	6.6911294E+1	6.0367654E+1	0.0000000E+0	0.0000000E+0	1.0000000E+2	0.0000000E+0
8.0394000E+1	6.6898603E+1	6.0360563E+1	0.0000000E+0	0.0000000E+0	1.0000000E+2	0.0000000E+0
8.0444000E+1	6.6879694E+1	6.0352624E+1	0.0000000E+0	0.0000000E+0	1.0000000E+2	0.0000000E+0
8.0494000E+1	6.6882617E+1	6.0355962E+1	0.0000000E+0	0.0000000E+0	1.0000000E+2	0.0000000E+0
8.0544000E+1	6.6876611E+1	6.0352467E+1	0.0000000E+0	0.0000000E+0	1.0000000E+2	0.0000000E+0
8.0594000E+1	6.6868355E+1	6.0358997E+1	0.0000000E+0	0.0000000E+0	1.0000000E+2	0.0000000E+0
8.0645000E+1	6.6863115E+1	6.0363459E+1	0.0000000E+0	0.0000000E+0	1.0000000E+2	0.0000000E+0
8.0696000E+1	6.6859183E+1	6.0354159E+1	0.0000000E+0	0.0000000E+0	1.0000000E+2	0.0000000E+0
8.0746000E+1	6.6847584E+1	6.0358326E+1	0.0000000E+0	0.0000000E+0	1.0000000E+2	0.0000000E+0
8.0796000E+1	6.6844677E+1	6.0363531E+1	0.0000000E+0	0.0000000E+0	1.0000000E+2	0.0000000E+0
8.0846000E+1	6.6816199E+1	6.0343767E+1	0.0000000E+0	0.0000000E+0	1.0000000E+2	0.0000000E+0
8.0896000E+1	6.6830736E+1	6.0330400E+1	0.0000000E+0	0.0000000E+0	1.0000000E+2	0.0000000E+0
8.0946000E+1	6.6878228E+1	6.0354689E+1	0.0000000E+0	0.0000000E+0	1.0000000E+2	0.0000000E+0
8.0996000E+1	6.6903310E+1	6.0356914E+1	0.0000000E+0	0.0000000E+0	1.0000000E+2	0.0000000E+0
8.1046000E+1	6.6928004E+1	6.0366520E+1	0.0000000E+0	0.0000000E+0	1.0000000E+2	0.0000000E+0
8.1096000E+1	6.6961433E+1	6.0363519E+1	0.0000000E+0	0.0000000E+0	1.0000000E+2	0.0000000E+0
8.1147000E+1	6.6984366E+1	6.0356730E+1	0.0000000E+0	0.0000000E+0	1.0000000E+2	0.0000000E+0
8.1197000E+1	6.7003900E+1	6.0344638E+1	0.0000000E+0	0.0000000E+0	1.0000000E+2	0.0000000E+0
8.1247000E+1	6.7041901E+1	6.0349518E+1	0.0000000E+0	0.0000000E+0	1.0000000E+2	0.0000000E+0
8.1297000E+1	6.7069807E+1	6.0366209E+1	0.0000000E+0	0.0000000E+0	1.0000000E+2	0.0000000E+0
8.1347000E+1	6.7091646E+1	6.0362301E+1	0.0000000E+0	0.0000000E+0	1.0000000E+2	0.0000000E+0
8.1397000E+1	6.7115161E+1	6.0359793E+1	0.0000000E+0	0.0000000E+0	1.0000000E+2	0.0000000E+0
8.1447000E+1	6.7127696E+1	6.0355860E+1	0.0000000E+0	0.0000000E+0	1.0000000E+2	0.0000000E+0
8.1497000E+1	6.7154082E+1	6.0376803E+1	0.0000000E+0	0.0000000E+0	1.0000000E+2	0.0000000E+0
8.1547000E+1	6.7173615E+1	6.0370457E+1	0.0000000E+0	0.0000000E+0	1.0000000E+2	0.0000000E+0
8.1597000E+1	6.7181030E+1	6.0357932E+1	0.0000000E+0	0.0000000E+0	1.0000000E+2	0.0000000E+0
8.1647000E+1	6.7176432E+1	6.0359289E+1	0.0000000E+0	0.0000000E+0	1.0000000E+2	0.0000000E+0
8.1698000E+1	6.7171673E+1	6.0353688E+1	0.0000000E+0	0.0000000E+0	1.0000000E+2	0.0000000E+0
8.1748000E+1	6.7151169E+1	6.0360992E+1	0.0000000E+0	0.0000000E+0	1.0000000E+2	0.0000000E+0
8.1798000E+1	6.7133407E+1	6.0374901E+1	0.0000000E+0	0.0000000E+0	1.0000000E+2	0.0000000E+0
8.1848000E+1	6.7129221E+1	6.0380414E+1	0.0000000E+0	0.0000000E+0	1.0000000E+2	0.0000000E+0
8.1898000E+1	6.7134854E+1	6.0374568E+1	0.0000000E+0	0.0000000E+0	1.0000000E+2	0.0000000E+0
8.1948000E+1	6.7116664E+1	6.0362746E+1	0.0000000E+0	0.0000000E+0	1.0000000E+2	0.0000000E+0
8.1998000E+1	6.7116859E+1	6.0372135E+1	0.0000000E+0	0.0000000E+0	1.0000000E+2	0.0000000E+0
8.2048000E+1	6.7090769E+1	6.0369129E+1	0.0000000E+0	0.0000000E+0	1.0000000E+2	0.0000000E+0
8.2099000E+1	6.7076642E+1	6.0380932E+1	0.0000000E+0	0.0000000E+0	1.0000000E+2	0.0000000E+0
8.2149000E+1	6.7083823E+1	6.0392687E+1	0.0000000E+0	0.0000000E+0	1.0000000E+2	0.0000000E+0
8.2199000E+1	6.7062998E+1	6.0378187E+1	0.0000000E+0	0.0000000E+0	1.0000000E+2	0.0000000E+0
8.2250000E+1	6.7053924E+1	6.0364426E+1	0.0000000E+0	0.0000000E+0	1.0000000E+2	0.0000000E+0
8.2300000E+1	6.7051121E+1	6.0368187E+1	0.0000000E+0	0.0000000E+0	1.0000000E+2	0.0000000E+0
8.2350000E+1	6.7013101E+1	6.0350291E+1	0.0000000E+0	0.0000000E+0	1.0000000E+2	0.0000000E+0
8.2400000E+1	6.6995133E+1	6.0356250E+1	0.0000000E+0	0.0000000E+0	1.0000000E+2	0.0000000E+0
8.2450000E+1	6.6998357E+1	6.0384729E+1	0.0000000E+0	0.0000000E+0	1.0000000E+2	0.0000000E+0
8.2501000E+1	6.6992515E+1	6.0397237E+1	0.0000000E+0	0.0000000E+0	1.0000000E+2	0.0000000E+0
8.2551000E+1	6.6984471E+1	6.0383053E+1	0.0000000E+0	0.0000000E+0	1.0000000E+2	0.0000000E+0
8.2601000E+1	6.6974391E+1	6.0395318E+1	0.0000000E+0	0.0000000E+0	1.0000000E+2	0.0000000E+0
8.2651000E+1	6.6933397E+1	6.0399571E+1	0.0000000E+0	0.0000000E+0	1.0000000E+2	0.0000000E+0
8.2701000E+1	6.6930467E+1	6.0382560E+1	0.0000000E+0	0.0000000E+0	1.0000000E+2	0.0000000E+0
8.2751000E+1	6.6924272E+1	6.0385761E+1	0.0000000E+0	0.0000000E+0	1.0000000E+2	0.0000000E+0
8.2801000E+1	6.6923723E+1	6.0377452E+1	0.0000000E+0	0.0000000E+0	1.0000000E+2	0.0000000E+0
8.2851000E+1	6.6944889E+1	6.0390798E+1	0.0000000E+0	0.0000000E+0	1.0000000E+2	0.0000000E+0
8.2902000E+1	6.6947427E+1	6.0373450E+1	0.0000000E+0	0.0000000E+0	1.0000000E+2	0.0000000E+0
8.2952000E+1	6.6974070E+1	6.0375783E+1	0.0000000E+0	0.0000000E+0	1.0000000E+2	0.0000000E+0
8.3002000E+1	6.6988708E+1	6.0378118E+1	0.0000000E+0	0.0000000E+0	1.0000000E+2	0.0000000E+0
8.3052000E+1	6.7004155E+1	6.0382288E+1	0.0000000E+0	0.0000000E+0	1.0000000E+2	0.0000000E+0
8.3103000E+1	6.7009734E+1	6.0369543E+1	0.0000000E+0	0.0000000E+0	1.0000000E+2	0.0000000E+0
8.3153000E+1	6.7007728E+1	6.0367800E+1	0.0000000E+0	0.0000000E+0	1.0000000E+2	0.0000000E+0
8.3203000E+1	6.7004859E+1	6.0361836E+1	0.0000000E+0	0.0000000E+0	1.0000000E+2	0.0000000E+0
8.3253000E+1	6.7034303E+1	6.0359554E+1	0.0000000E+0	0.0000000E+0	1.0000000E+2	0.0000000E+0
8.3304000E+1	6.7060729E+1	6.0363271E+1	0.0000000E+0	0.0000000E+0	1.0000000E+2	0.0000000E+0
8.3354000E+1	6.7054599E+1	6.0358714E+1	0.0000000E+0	0.0000000E+0	1.0000000E+2	0.0000000E+0
8.3404000E+1	6.7066109E+1	6.0353152E+1	0.0000000E+0	0.0000000E+0	1.0000000E+2	0.0000000E+0
8.3454000E+1	6.7051937E+1	6.0351190E+1	0.0000000E+0	0.0000000E+0	1.0000000E+2	0.0000000E+0
8.3504000E+1	6.7017187E+1	6.0345385E+1	0.0000000E+0	0.0000000E+0	1.0000000E+2	0.0000000E+0
8.3554000E+1	6.7027647E+1	6.0340171E+1	0.0000000E+0	0.0000000E+0	1.0000000E+2	0.0000000E+0
8.3604000E+1	6.7015828E+1	6.0331958E+1	0.0000000E+0	0.0000000E+0	1.0000000E+2	0.0000000E+0
8.3654000E+1	6.7009074E+1	6.0328887E+1	0.0000000E+0	0.0000000E+0	1.0000000E+2	0.0000000E+0
8.3704000E+1	6.6982232E+1	6.0312131E+1	0.0000000E+0	0.0000000E+0	1.0000000E+2	0.0000000E+0
8.3754000E+1	6.6963647E+1	6.0287839E+1	0.0000000E+0	0.0000000E+0	1.0000000E+2	0.0000000E+0
8.3804000E+1	6.6935417E+1	6.0290463E+1	0.0000000E+0	0.0000000E+0	1.0000000E+2	0.0000000E+0
8.3854000E+1	6.6905431E+1	6.0263144E+1	0.0000000E+0	0.0000000E+0	1.0000000E+2	0.0000000E+0
8.3904000E+1	6.6890426E+1	6.0257595E+1	0.0000000E+0	0.0000000E+0	1.0000000E+2	0.0000000E+0
8.3954000E+1	6.6871295E+1	6.0250918E+1	0.0000000E+0	0.0000000E+0	1.0000000E+2	0.0000000E+0
8.4004000E+1	6.6849871E+1	6.0245801E+1	0.0000000E+0	0.0000000E+0	1.0000000E+2	0.0000000E+0
8.4054000E+1	6.6832801E+1	6.0249590E+1	0.0000000E+0	0.0000000E+0	1.0000000E+2	0.0000000E+0
8.4105000E+1	6.6815250E+1	6.0249537E+1	0.0000000E+0	0.0000000E+0	1.0000000E+2	0.0000000E+0
8.4155000E+1	6.6832184E+1	6.0243571E+1	0.0000000E+0	0.0000000E+0	1.0000000E+2	0.0000000E+0
8.4205000E+1	6.6845284E+1	6.0235907E+1	0.0000000E+0	0.0000000E+0	1.0000000E+2	0.0000000E+0
8.4255000E+1	6.6820821E+1	6.0228972E+1	0.0000000E+0	0.0000000E+0	1.0000000E+2	0.0000000E+0
8.4305000E+1	6.6828138E+1	6.0224572E+1	0.0000000E+0	0.0000000E+0	1.0000000E+2	0.0000000E+0
8.4355000E+1	6.6777482E+1	6.0200184E+1	0.0000000E+0	0.0000000E+0	1.0000000E+2	0.0000000E+0
8.4405000E+1	6.6789302E+1	6.0198566E+1	0.0000000E+0	0.0000000E+0	1.0000000E+2	0.0000000E+0
8.4455000E+1	6.6784940E+1	6.0207482E+1	0.0000000E+0	0.0000000E+0	1.0000000E+2	0.0000000E+0
8.4505000E+1	6.6791754E+1	6.0212949E+1	0.0000000E+0	0.0000000E+0	1.0000000E+2	0.0000000E+0
8.4556000E+1	6.6800317E+1	6.0215286E+1	0.0000000E+0	0.0000000E+0	1.0000000E+2	0.0000000E+0
8.4606000E+1	6.6824984E+1	6.0229783E+1	0.0000000E+0	0.0000000E+0	1.0000000E+2	0.0000000E+0
8.4656000E+1	6.6818786E+1	6.0226556E+1	0.0000000E+0	0.0000000E+0	1.0000000E+2	0.0000000E+0
8.4706000E+1	6.6818250E+1	6.0213820E+1	0.0000000E+0	0.0000000E+0	1.0000000E+2	0.0000000E+0
8.4756000E+1	6.6835171E+1	6.0209458E+1	0.0000000E+0	0.0000000E+0	1.0000000E+2	0.0000000E+0
8.4806000E+1	6.6832351E+1	6.0204910E+1	0.0000000E+0	0.0000000E+0	1.0000000E+2	0.0000000E+0
8.4857000E+1	6.6834627E+1	6.0210799E+1	0.0000000E+0	0.0000000E+0	1.0000000E+2	0.0000000E+0
8.4907000E+1	6.6839946E+1	6.0198088E+1	0.0000000E+0	0.0000000E+0	1.0000000E+2	0.0000000E+0
8.4957000E+1	6.6871598E+1	6.0222011E+1	0.0000000E+0	0.0000000E+0	1.0000000E+2	0.0000000E+0
8.5007000E+1	6.6886333E+1	6.0215041E+1	0.0000000E+0	0.0000000E+0	1.0000000E+2	0.0000000E+0
8.5057000E+1	6.6878553E+1	6.0221876E+1	0.0000000E+0	0.0000000E+0	1.0000000E+2	0.0000000E+0
8.5107000E+1	6.6864084E+1	6.0212477E+1	0.0000000E+0	0.0000000E+0	1.0000000E+2	0.0000000E+0
8.5157000E+1	6.6841471E+1	6.0209540E+1	0.0000000E+0	0.0000000E+0	1.0000000E+2	0.0000000E+0
8.5207000E+1	6.6848484E+1	6.0202479E+1	0.0000000E+0	0.0000000E+0	1.0000000E+2	0.0000000E+0
8.5257000E+1	6.6859913E+1	6.0225291E+1	0.0000000E+0	0.0000000E+0	1.0000000E+2	0.0000000E+0
8.5307000E+1	6.6835596E+1	6.0235881E+1	0.0000000E+0	0.0000000E+0	1.0000000E+2	0.0000000E+0
8.5357000E+1	6.6795681E+1	6.0223400E+1	0.0000000E+0	0.0000000E+0	1.0000000E+2	0.0000000E+0
8.5407000E+1	6.6803282E+1	6.0237583E+1	0.0000000E+0	0.0000000E+0	1.0000000E+2	0.0000000E+0
8.5458000E+1	6.6808914E+1	6.0243939E+1	0.0000000E+0	0.0000000E+0	1.0000000E+2	0.0000000E+0
8.5508000E+1	6.6793010E+1	6.0253188E+1	0.0000000E+0	0.0000000E+0	1.0000000E+2	0.0000000E+0
8.5559000E+1	6.6758255E+1	6.0236292E+1	0.0000000E+0	0.0000000E+0	1.0000000E+2	0.0000000E+0
8.5609000E+1	6.6725735E+1	6.0240008E+1	0.0000000E+0	0.0000000E+0	1.0000000E+2	0.0000000E+0
8.5660000E+1	6.6695162E+1	6.0253668E+1	0.0000000E+0	0.0000000E+0	1.0000000E+2	0.0000000E+0
8.5710000E+1	6.6665848E+1	6.0254478E+1	0.0000000E+0	0.0000000E+0	1.0000000E+2	0.0000000E+0
8.5760000E+1	6.6683937E+1	6.0270078E+1	0.0000000E+0	0.0000000E+0	1.0000000E+2	0.0000000E+0
8.5811000E+1	6.6701947E+1	6.0268737E+1	0.0000000E+0	0.0000000E+0	1.0000000E+2	0.0000000E+0
8.5861000E+1	6.6726191E+1	6.0267348E+1	0.0000000E+0	0.0000000E+0	1.0000000E+2	0.0000000E+0
8.5912000E+1	6.6763264E+1	6.0274600E+1	0.0000000E+0	0.0000000E+0	1.0000000E+2	0.0000000E+0
8.5963000E+1	6.6790132E+1	6.0291834E+1	0.0000000E+0	0.0000000E+0	1.0000000E+2	0.0000000E+0
8.6013000E+1	6.6802966E+1	6.0272942E+1	0.0000000E+0	0.0000000E+0	1.0000000E+2	0.0000000E+0
8.6063000E+1	6.6831078E+1	6.0272000E+1	0.0000000E+0	0.0000000E+0	1.0000000E+2	0.0000000E+0
8.6113000E+1	6.6831117E+1	6.0274683E+1	0.0000000E+0	0.0000000E+0	1.0000000E+2	0.0000000E+0
8.6163000E+1	6.6859102E+1	6.0274944E+1	0.0000000E+0	0.0000000E+0	1.0000000E+2	0.0000000E+0
8.6213000E+1	6.6870094E+1	6.0277812E+1	0.0000000E+0	0.0000000E+0	1.0000000E+2	0.0000000E+0
8.6263000E+1	6.6893839E+1	6.0278748E+1	0.0000000E+0	0.0000000E+0	1.0000000E+2	0.0000000E+0
8.6313000E+1	6.6925581E+1	6.0286525E+1	0.0000000E+0	0.0000000E+0	1.0000000E+2	0.0000000E+0
8.6363000E+1	6.6945323E+1	6.0273257E+1	0.0000000E+0	0.0000000E+0	1.0000000E+2	0.0000000E+0
8.6413000E+1	6.6970571E+1	6.0283378E+1	0.0000000E+0	0.0000000E+0	1.0000000E+2	0.0000000E+0
8.6464000E+1	6.6983917E+1	6.0297770E+1	0.0000000E+0	0.0000000E+0	1.0000000E+2	0.0000000E+0
8.6514000E+1	6.6957594E+1	6.0295199E+1	0.0000000E+0	0.0000000E+0	1.0000000E+2	0.0000000E+0
8.6564000E+1	6.6957127E+1	6.0292264E+1	0.0000000E+0	0.0000000E+0	1.0000000E+2	0.0000000E+0
8.6614000E+1	6.6960091E+1	6.0299319E+1	0.0000000E+0	0.0000000E+0	1.0000000E+2	0.0000000E+0
8.6665000E+1	6.6975344E+1	6.0293063E+1	0.0000000E+0	0.0000000E+0	1.0000000E+2	0.0000000E+0
8.6715000E+1	6.6965250E+1	6.0274987E+1	0.0000000E+0	0.0000000E+0	1.0000000E+2	0.0000000E+0
8.6765000E+1	6.6970178E+1	6.0277377E+1	0.0000000E+0	0.0000000E+0	1.0000000E+2	0.0000000E+0
8.6815000E+1	6.6962811E+1	6.0281659E+1	0.0000000E+0	0.0000000E+0	1.0000000E+2	0.0000000E+0
8.6865000E+1	6.6964525E+1	6.0278886E+1	0.0000000E+0	0.0000000E+0	1.0000000E+2	0.0000000E+0
8.6915000E+1	6.6975237E+1	6.0283447E+1	0.0000000E+0	0.0000000E+0	1.0000000E+2	0.0000000E+0
8.6965000E+1	6.6988188E+1	6.0278056E+1	0.0000000E+0	0.0000000E+0	1.0000000E+2	0.0000000E+0
8.7015000E+1	6.6990699E+1	6.0286274E+1	0.0000000E+0	0.0000000E+0	1.0000000E+2	0.0000000E+0
8.7065000E+1	6.6977737E+1	6.0293282E+1	0.0000000E+0	0.0000000E+0	1.0000000E+2	0.0000000E+0
8.7115000E+1	6.6965325E+1	6.0307983E+1	0.0000000E+0	0.0000000E+0	1.0000000E+2	0.0000000E+0
8.7166000E+1	6.6937368E+1	6.0299286E+1	0.0000000E+0	0.0000000E+0	1.0000000E+2	0.0000000E+0
8.7217000E+1	6.6942595E+1	6.0298317E+1	0.0000000E+0	0.0000000E+0	1.0000000E+2	0.0000000E+0
8.7268000E+1	6.6963004E+1	6.0295923E+1	0.0000000E+0	0.0000000E+0	1.0000000E+2	0.0000000E+0
8.7318000E+1	6.6993748E+1	6.0309972E+1	0.0000000E+0	0.0000000E+0	1.0000000E+2	0.0000000E+0
8.7368000E+1	6.7025134E+1	6.0300200E+1	0.0000000E+0	0.0000000E+0	1.0000000E+2	0.0000000E+0
8.7418000E+1	6.7066320E+1	6.0312601E+1	0.0000000E+0	0.0000000E+0	1.0000000E+2	0.0000000E+0
8.7468000E+1	6.7082334E+1	6.0304286E+1	0.0000000E+0	0.0000000E+0	1.0000000E+2	0.0000000E+0
8.7518000E+1	6.7092250E+1	6.0295284E+1	0.0000000E+0	0.0000000E+0	1.0000000E+2	0.0000000E+0
8.7568000E+1	6.7135230E+1	6.0304997E+1	0.0000000E+0	0.0000000E+0	1.0000000E+2	0.0000000E+0
8.7618000E+1	6.7155231E+1	6.0316265E+1	0.0000000E+0	0.0000000E+0	1.0000000E+2	0.0000000E+0
8.7668000E+1	6.7175566E+1	6.0312151E+1	0.0000000E+0	0.0000000E+0	1.0000000E+2	0.0000000E+0
8.7718000E+1	6.7189186E+1	6.0307776E+1	0.0000000E+0	0.0000000E+0	1.0000000E+2	0.0000000E+0
8.7769000E+1	6.7179442E+1	6.0301451E+1	0.0000000E+0	0.0000000E+0	1.0000000E+2	0.0000000E+0
8.7819000E+1	6.7174903E+1	6.0323673E+1	0.0000000E+0	0.0000000E+0	1.0000000E+2	0.0000000E+0
8.7869000E+1	6.7153859E+1	6.0321777E+1	0.0000000E+0	0.0000000E+0	1.0000000E+2	0.0000000E+0
8.7919000E+1	6.7136469E+1	6.0311454E+1	0.0000000E+0	0.0000000E+0	1.0000000E+2	0.0000000E+0
8.7969000E+1	6.7157683E+1	6.0315631E+1	0.0000000E+0	0.0000000E+0	1.0000000E+2	0.0000000E+0
8.8019000E+1	6.7172642E+1	6.0293416E+1	0.0000000E+0	0.0000000E+0	1.0000000E+2	0.0000000E+0
8.8069000E+1	6.7193723E+1	6.0291291E+1	0.0000000E+0	0.0000000E+0	1.0000000E+2	0.0000000E+0
8.8119000E+1	6.7207542E+1	6.0296579E+1	0.0000000E+0	0.0000000E+0	1.0000000E+2	0.0000000E+0
8.8169000E+1	6.7223478E+1	6.0299315E+1	0.0000000E+0	0.0000000E+0	1.0000000E+2	0.0000000E+0
8.8219000E+1	6.7236472E+1	6.0304662E+1	0.0000000E+0	0.0000000E+0	1.0000000E+2	0.0000000E+0
8.8269000E+1	6.7263762E+1	6.0318547E+1	0.0000000E+0	0.0000000E+0	1.0000000E+2	0.0000000E+0
8.8320000E+1	6.7269502E+1	6.0326151E+1	0.0000000E+0	0.0000000E+0	1.0000000E+2	0.0000000E+0
8.8370000E+1	6.7283645E+1	6.0330087E+1	0.0000000E+0	0.0000000E+0	1.0000000E+2	0.0000000E+0
8.8420000E+1	6.7270363E+1	6.0321600E+1	0.0000000E+0	0.0000000E+0	1.0000000E+2	0.0000000E+0
8.8471000E+1	6.7271935E+1	6.0317749E+1	0.0000000E+0	0.0000000E+0	1.0000000E+2	0.0000000E+0
8.8521000E+1	6.7274096E+1	6.0325489E+1	0.0000000E+0	0.0000000E+0	1.0000000E+2	0.0000000E+0
8.8571000E+1	6.7220284E+1	6.0328987E+1	0.0000000E+0	0.0000000E+0	1.0000000E+2	0.0000000E+0
8.8621000E+1	6.7211417E+1	6.0335705E+1	0.0000000E+0	0.0000000E+0	1.0000000E+2	0.0000000E+0
8.8671000E+1	6.7202120E+1	6.0326811E+1	0.0000000E+0	0.0000000E+0	1.0000000E+2	0.0000000E+0
8.8721000E+1	6.7164086E+1	6.0311621E+1	0.0000000E+0	0.0000000E+0	1.0000000E+2	0.0000000E+0
8.8772000E+1	6.7110813E+1	6.0313204E+1	0.0000000E+0	0.0000000E+0	1.0000000E+2	0.0000000E+0
8.8822000E+1	6.7068374E+1	6.0313245E+1	0.0000000E+0	0.0000000E+0	1.0000000E+2	0.0000000E+0
8.8872000E+1	6.7064822E+1	6.0299428E+1	0.0000000E+0	0.0000000E+0	1.0000000E+2	0.0000000E+0
8.8922000E+1	6.7100231E+1	6.0300687E+1	0.0000000E+0	0.0000000E+0	1.0000000E+2	0.0000000E+0
8.8972000E+1	6.7131163E+1	6.0305992E+1	0.0000000E+0	0.0000000E+0	1.0000000E+2	0.0000000E+0
8.9022000E+1	6.7142351E+1	6.0316088E+1	0.0000000E+0	0.0000000E+0	1.0000000E+2	0.0000000E+0
8.9073000E+1	6.7147305E+1	6.0303845E+1	0.0000000E+0	0.0000000E+0	1.0000000E+2	0.0000000E+0
8.9123000E+1	6.7178853E+1	6.0299638E+1	0.0000000E+0	0.0000000E+0	1.0000000E+2	0.0000000E+0
8.9173000E+1	6.7184736E+1	6.0316079E+1	0.0000000E+0	0.0000000E+0	1.0000000E+2	0.0000000E+0
8.9223000E+1	6.7188345E+1	6.0299228E+1	0.0000000E+0	0.0000000E+0	1.0000000E+2	0.0000000E+0
8.9274000E+1	6.7207718E+1	6.0313927E+1	0.0000000E+0	0.0000000E+0	1.0000000E+2	0.0000000E+0
8.9325000E+1	6.7208244E+1	6.0310795E+1	0.0000000E+0	0.0000000E+0	1.0000000E+2	0.0000000E+0
8.9376000E+1	6.7186535E+1	6.0314794E+1	0.0000000E+0	0.0000000E+0	1.0000000E+2	0.0000000E+0
8.9426000E+1	6.7175972E+1	6.0314443E+1	0.0000000E+0	0.0000000E+0	1.0000000E+2	0.0000000E+0
8.9476000E+1	6.7154024E+1	6.0316793E+1	0.0000000E+0	0.0000000E+0	1.0000000E+2	0.0000000E+0
8.9527000E+1	6.7146585E+1	6.0309892E+1	0.0000000E+0	0.0000000E+0	1.0000000E+2	0.0000000E+0
8.9577000E+1	6.7162914E+1	6.0310156E+1	0.0000000E+0	0.0000000E+0	1.0000000E+2	0.0000000E+0
8.9627000E+1	6.7184133E+1	6.0321215E+1	0.0000000E+0	0.0000000E+0	1.0000000E+2	0.0000000E+0
8.9677000E+1	6.7208462E+1	6.0326121E+1	0.0000000E+0	0.0000000E+0	1.0000000E+2	0.0000000E+0
8.9728000E+1	6.7235478E+1	6.0336046E+1	0.0000000E+0	0.0000000E+0	1.0000000E+2	0.0000000E+0
8.9779000E+1	6.7284876E+1	6.0366027E+1	0.0000000E+0	0.0000000E+0	1.0000000E+2	0.0000000E+0
8.9829000E+1	6.7280469E+1	6.0351720E+1	0.0000000E+0	0.0000000E+0	1.0000000E+2	0.0000000E+0
8.9879000E+1	6.7287520E+1	6.0362192E+1	0.0000000E+0	0.0000000E+0	1.0000000E+2	0.0000000E+0
8.9929000E+1	6.7286207E+1	6.0358933E+1	0.0000000E+0	0.0000000E+0	1.0000000E+2	0.0000000E+0
8.9979000E+1	6.7292877E+1	6.0360038E+1	0.0000000E+0	0.0000000E+0	1.0000000E+2	0.0000000E+0
9.0029000E+1	6.7300447E+1	6.0363852E+1	0.0000000E+0	0.0000000E+0	1.0000000E+2	0.0000000E+0
9.0079000E+1	6.7312225E+1	6.0367355E+1	0.0000000E+0	0.0000000E+0	1.0000000E+2	0.0000000E+0
9.0129000E+1	6.7289486E+1	6.0370379E+1	0.0000000E+0	0.0000000E+0	1.0000000E+2	0.0000000E+0
9.0179000E+1	6.7300108E+1	6.0385746E+1	0.0000000E+0	0.0000000E+0	1.0000000E+2	0.0000000E+0
9.0229000E+1	6.7320735E+1	6.0379407E+1	0.0000000E+0	0.0000000E+0	1.0000000E+2	0.0000000E+0
9.0279000E+1	6.7340989E+1	6.0372285E+1	0.0000000E+0	0.0000000E+0	1.0000000E+2	0.0000000E+0
9.0329000E+1	6.7355998E+1	6.0369148E+1	0.0000000E+0	0.0000000E+0	1.0000000E+2	0.0000000E+0
9.0379000E+1	6.7357301E+1	6.0366768E+1	0.0000000E+0	0.0000000E+0	1.0000000E+2	0.0000000E+0
9.0429000E+1	6.7369170E+1	6.0378561E+1	0.0000000E+0	0.0000000E+0	1.0000000E+2	0.0000000E+0
9.0479000E+1	6.7334032E+1	6.0363697E+1	0.0000000E+0	0.0000000E+0	1.0000000E+2	0.0000000E+0
9.0529000E+1	6.7341303E+1	6.0377403E+1	0.0000000E+0	0.0000000E+0	1.0000000E+2	0.0000000E+0
9.0579000E+1	6.7337883E+1	6.0375623E+1	0.0000000E+0	0.0000000E+0	1.0000000E+2	0.0000000E+0
9.0629000E+1	6.7365297E+1	6.0381151E+1	0.0000000E+0	0.0000000E+0	1.0000000E+2	0.0000000E+0
9.0679000E+1	6.7383479E+1	6.0364669E+1	0.0000000E+0	0.0000000E+0	1.0000000E+2	0.0000000E+0
9.0729000E+1	6.7367552E+1	6.0359195E+1	0.0000000E+0	0.0000000E+0	1.0000000E+2	0.0000000E+0
9.0779000E+1	6.7377422E+1	6.0363195E+1	0.0000000E+0	0.0000000E+0	1.0000000E+2	0.0000000E+0
9.0829000E+1	6.7385551E+1	6.0375301E+1	0.0000000E+0	0.0000000E+0	1.0000000E+2	0.0000000E+0
9.0880000E+1	6.7393775E+1	6.0379171E+1	0.0000000E+0	0.0000000E+0	1.0000000E+2	0.0000000E+0
9.0930000E+1	6.7395185E+1	6.0360039E+1	0.0000000E+0	0.0000000E+0	1.0000000E+2	0.0000000E+0
9.0980000E+1	6.7387148E+1	6.0350494E+1	0.0000000E+0	0.0000000E+0	1.0000000E+2	0.0000000E+0
9.1030000E+1	6.7394916E+1	6.0342114E+1	0.0000000E+0	0.0000000E+0	1.0000000E+2	0.0000000E+0
9.1080000E+1	6.7418562E+1	6.0353939E+1	0.0000000E+0	0.0000000E+0	1.0000000E+2	0.0000000E+0
9.1130000E+1	6.7430112E+1	6.0338073E+1	0.0000000E+0	0.0000000E+0	1.0000000E+2	0.0000000E+0
9.1181000E+1	6.7360986E+1	6.0344363E+1	0.0000000E+0	0.0000000E+0	1.0000000E+2	0.0000000E+0
9.1231000E+1	6.7328836E+1	6.0365875E+1	0.0000000E+0	0.0000000E+0	1.0000000E+2	0.0000000E+0
9.1281000E+1	6.7346880E+1	6.0366531E+1	0.0000000E+0	0.0000000E+0	1.0000000E+2	0.0000000E+0
9.1331000E+1	6.7373440E+1	6.0354572E+1	0.0000000E+0	0.0000000E+0	1.0000000E+2	0.0000000E+0
9.1381000E+1	6.7408054E+1	6.0345163E+1	0.0000000E+0	0.0000000E+0	1.0000000E+2	0.0000000E+0
9.1431000E+1	6.7389458E+1	6.0343685E+1	0.0000000E+0	0.0000000E+0	1.0000000E+2	0.0000000E+0
9.1482000E+1	6.7400210E+1	6.0363986E+1	0.0000000E+0	0.0000000E+0	1.0000000E+2	0.0000000E+0
9.1533000E+1	6.7424835E+1	6.0354490E+1	0.0000000E+0	0.0000000E+0	1.0000000E+2	0.0000000E+0
9.1583000E+1	6.7455219E+1	6.0367381E+1	0.0000000E+0	0.0000000E+0	1.0000000E+2	0.0000000E+0
9.1633000E+1	6.7457396E+1	6.0363245E+1	0.0000000E+0	0.0000000E+0	1.0000000E+2	0.0000000E+0
9.1683000E+1	6.7450554E+1	6.0343834E+1	0.0000000E+0	0.0000000E+0	1.0000000E+2	0.0000000E+0
9.1733000E+1	6.7445087E+1	6.0337012E+1	0.0000000E+0	0.0000000E+0	1.0000000E+2	0.0000000E+0
9.1783000E+1	6.7467025E+1	6.0338487E+1	0.0000000E+0	0.0000000E+0	1.0000000E+2	0.0000000E+0
9.1833000E+1	6.7492254E+1	6.0328449E+1	0.0000000E+0	0.0000000E+0	1.0000000E+2	0.0000000E+0
9.1883000E+1	6.7492586E+1	6.0326549E+1	0.0000000E+0	0.0000000E+0	1.0000000E+2	0.0000000E+0
9.1933000E+1	6.7513655E+1	6.0346896E+1	0.0000000E+0	0.0000000E+0	1.0000000E+2	0.0000000E+0
9.1983000E+1	6.7524942E+1	6.0352920E+1	0.0000000E+0	0.0000000E+0	1.0000000E+2	0.0000000E+0
9.2033000E+1	6.7529579E+1	6.0351339E+1	0.0000000E+0	0.0000000E+0	1.0000000E+2	0.0000000E+0
9.2083000E+1	6.7508947E+1	6.0339594E+1	0.0000000E+0	0.0000000E+0	1.0000000E+2	0.0000000E+0
9.2133000E+1	6.7512990E+1	6.0332839E+1	0.0000000E+0	0.0000000E+0	1.0000000E+2	0.0000000E+0
9.2183000E+1	6.7514194E+1	6.0319681E+1	0.0000000E+0	0.0000000E+0	1.0000000E+2	0.0000000E+0
9.2233000E+1	6.7527145E+1	6.0336263E+1	0.0000000E+0	0.0000000E+0	1.0000000E+2	0.0000000E+0
9.2283000E+1	6.7519668E+1	6.0329585E+1	0.0000000E+0	0.0000000E+0	1.0000000E+2	0.0000000E+0
9.2333000E+1	6.7558261E+1	6.0339546E+1	0.0000000E+0	0.0000000E+0	1.0000000E+2	0.0000000E+0
9.2383000E+1	6.7564534E+1	6.0358542E+1	0.0000000E+0	0.0000000E+0	1.0000000E+2	0.0000000E+0
9.2433000E+1	6.7582627E+1	6.0342183E+1	0.0000000E+0	0.0000000E+0	1.0000000E+2	0.0000000E+0
9.2484000E+1	6.7619354E+1	6.0346106E+1	0.0000000E+0	0.0000000E+0	1.0000000E+2	0.0000000E+0
9.2535000E+1	6.7627741E+1	6.0344360E+1	0.0000000E+0	0.0000000E+0	1.0000000E+2	0.0000000E+0
9.2585000E+1	6.7603852E+1	6.0337222E+1	0.0000000E+0	0.0000000E+0	1.0000000E+2	0.0000000E+0
9.2635000E+1	6.7446629E+1	6.0319331E+1	0.0000000E+0	0.0000000E+0	1.0000000E+2	0.0000000E+0
9.2685000E+1	6.7456859E+1	6.0336656E+1	0.0000000E+0	0.0000000E+0	1.0000000E+2	0.0000000E+0
9.2735000E+1	6.7466426E+1	6.0342165E+1	0.0000000E+0	0.0000000E+0	1.0000000E+2	0.0000000E+0
9.2786000E+1	6.7488407E+1	6.0329418E+1	0.0000000E+0	0.0000000E+0	1.0000000E+2	0.0000000E+0
9.2836000E+1	6.7500830E+1	6.0327674E+1	0.0000000E+0	0.0000000E+0	1.0000000E+2	0.0000000E+0
9.2886000E+1	6.7524870E+1	6.0323113E+1	0.0000000E+0	0.0000000E+0	1.0000000E+2	0.0000000E+0
9.2936000E+1	6.7564237E+1	6.0334228E+1	0.0000000E+0	0.0000000E+0	1.0000000E+2	0.0000000E+0
9.2986000E+1	6.7580928E+1	6.0333641E+1	0.0000000E+0	0.0000000E+0	1.0000000E+2	0.0000000E+0
9.3036000E+1	6.7609937E+1	6.0347423E+1	0.0000000E+0	0.0000000E+0	1.0000000E+2	0.0000000E+0
9.3087000E+1	6.7554031E+1	6.0321360E+1	0.0000000E+0	0.0000000E+0	1.0000000E+2	0.0000000E+0
9.3138000E+1	6.7562286E+1	6.0335328E+1	0.0000000E+0	0.0000000E+0	1.0000000E+2	0.0000000E+0
9.3188000E+1	6.7535208E+1	6.0326576E+1	0.0000000E+0	0.0000000E+0	1.0000000E+2	0.0000000E+0
9.3238000E+1	6.7533218E+1	6.0328070E+1	0.0000000E+0	0.0000000E+0	1.0000000E+2	0.0000000E+0
9.3289000E+1	6.7556271E+1	6.0348023E+1	0.0000000E+0	0.0000000E+0	1.0000000E+2	0.0000000E+0
9.3340000E+1	6.7579397E+1	6.0347368E+1	0.0000000E+0	0.0000000E+0	1.0000000E+2	0.0000000E+0
9.3390000E+1	6.7596909E+1	6.0350597E+1	0.0000000E+0	0.0000000E+0	1.0000000E+2	0.0000000E+0
9.3441000E+1	6.7548938E+1	6.0336400E+1	0.0000000E+0	0.0000000E+0	1.0000000E+2	0.0000000E+0
9.3492000E+1	6.7531317E+1	6.0355434E+1	0.0000000E+0	0.0000000E+0	1.0000000E+2	0.0000000E+0
9.3543000E+1	6.7527496E+1	6.0336001E+1	0.0000000E+0	0.0000000E+0	1.0000000E+2	0.0000000E+0
9.3593000E+1	6.7548004E+1	6.0342909E+1	0.0000000E+0	0.0000000E+0	1.0000000E+2	0.0000000E+0
9.3643000E+1	6.7533702E+1	6.0347612E+1	0.0000000E+0	0.0000000E+0	1.0000000E+2	0.0000000E+0
9.3694000E+1	6.7545109E+1	6.0356840E+1	0.0000000E+0	0.0000000E+0	1.0000000E+2	0.0000000E+0
9.3744000E+1	6.7536143E+1	6.0352045E+1	0.0000000E+0	0.0000000E+0	1.0000000E+2	0.0000000E+0
9.3794000E+1	6.7509620E+1	6.0348845E+1	0.0000000E+0	0.0000000E+0	1.0000000E+2	0.0000000E+0
9.3844000E+1	6.7504396E+1	6.0357401E+1	0.0000000E+0	0.0000000E+0	1.0000000E+2	0.0000000E+0
9.3894000E+1	6.7479950E+1	6.0345621E+1	0.0000000E+0	0.0000000E+0	1.0000000E+2	0.0000000E+0
9.3945000E+1	6.7482381E+1	6.0352804E+1	0.0000000E+0	0.0000000E+0	1.0000000E+2	0.0000000E+0
9.3995000E+1	6.7487521E+1	6.0352445E+1	0.0000000E+0	0.0000000E+0	1.0000000E+2	0.0000000E+0
9.4045000E+1	6.7456605E+1	6.0347617E+1	0.0000000E+0	0.0000000E+0	1.0000000E+2	0.0000000E+0
9.4095000E+1	6.7455231E+1	6.0347300E+1	0.0000000E+0	0.0000000E+0	1.0000000E+2	0.0000000E+0
9.4146000E+1	6.7480049E+1	6.0369854E+1	0.0000000E+0	0.0000000E+0	1.0000000E+2	0.0000000E+0
9.4197000E+1	6.7483687E+1	6.0358264E+1	0.0000000E+0	0.0000000E+0	1.0000000E+2	0.0000000E+0
9.4247000E+1	6.7448740E+1	6.0341290E+1	0.0000000E+0	0.0000000E+0	1.0000000E+2	0.0000000E+0
9.4298000E+1	6.7477928E+1	6.0362474E+1	0.0000000E+0	0.0000000E+0	1.0000000E+2	0.0000000E+0
9.4348000E+1	6.7436240E+1	6.0349393E+1	0.0000000E+0	0.0000000E+0	1.0000000E+2	0.0000000E+0
9.4398000E+1	6.7414181E+1	6.0350254E+1	0.0000000E+0	0.0000000E+0	1.0000000E+2	0.0000000E+0
9.4448000E+1	6.7404134E+1	6.0351762E+1	0.0000000E+0	0.0000000E+0	1.0000000E+2	0.0000000E+0
9.4498000E+1	6.7414692E+1	6.0350818E+1	0.0000000E+0	0.0000000E+0	1.0000000E+2	0.0000000E+0
9.4549000E+1	6.7414734E+1	6.0348134E+1	0.0000000E+0	0.0000000E+0	1.0000000E+2	0.0000000E+0
9.4599000E+1	6.7429076E+1	6.0355627E+1	0.0000000E+0	0.0000000E+0	1.0000000E+2	0.0000000E+0
9.4649000E+1	6.7433725E+1	6.0335937E+1	0.0000000E+0	0.0000000E+0	1.0000000E+2	0.0000000E+0
9.4699000E+1	6.7493929E+1	6.0347753E+1	0.0000000E+0	0.0000000E+0	1.0000000E+2	0.0000000E+0
9.4749000E+1	6.7523835E+1	6.0349647E+1	0.0000000E+0	0.0000000E+0	1.0000000E+2	0.0000000E+0
9.4799000E+1	6.7568282E+1	6.0376612E+1	0.0000000E+0	0.0000000E+0	1.0000000E+2	0.0000000E+0
9.4849000E+1	6.7584594E+1	6.0370641E+1	0.0000000E+0	0.0000000E+0	1.0000000E+2	0.0000000E+0
9.4899000E+1	6.7606678E+1	6.0367793E+1	0.0000000E+0	0.0000000E+0	1.0000000E+2	0.0000000E+0
9.4949000E+1	6.7606919E+1	6.0362021E+1	0.0000000E+0	0.0000000E+0	1.0000000E+2	0.0000000E+0
9.4999000E+1	6.7601614E+1	6.0364618E+1	0.0000000E+0	0.0000000E+0	1.0000000E+2	0.0000000E+0
9.5049000E+1	6.7613171E+1	6.0352613E+1	0.0000000E+0	0.0000000E+0	1.0000000E+2	0.0000000E+0
9.5099000E+1	6.7622259E+1	6.0353159E+1	0.0000000E+0	0.0000000E+0	1.0000000E+2	0.0000000E+0
9.5149000E+1	6.7598116E+1	6.0350054E+1	0.0000000E+0	0.0000000E+0	1.0000000E+2	0.0000000E+0
9.5199000E+1	6.7553406E+1	6.0357917E+1	0.0000000E+0	0.0000000E+0	1.0000000E+2	0.0000000E+0
9.5249000E+1	6.7539999E+1	6.0339410E+1	0.0000000E+0	0.0000000E+0	1.0000000E+2	0.0000000E+0
9.5300000E+1	6.7524646E+1	6.0336763E+1	0.0000000E+0	0.0000000E+0	1.0000000E+2	0.0000000E+0
9.5350000E+1	6.7519910E+1	6.0344100E+1	0.0000000E+0	0.0000000E+0	1.0000000E+2	0.0000000E+0
9.5400000E+1	6.7524181E+1	6.0332588E+1	0.0000000E+0	0.0000000E+0	1.0000000E+2	0.0000000E+0
9.5450000E+1	6.7533068E+1	6.0324856E+1	0.0000000E+0	0.0000000E+0	1.0000000E+2	0.0000000E+0
9.5501000E+1	6.7554984E+1	6.0346869E+1	0.0000000E+0	0.0000000E+0	1.0000000E+2	0.0000000E+0
9.5551000E+1	6.7566380E+1	6.0340071E+1	0.0000000E+0	0.0000000E+0	1.0000000E+2	0.0000000E+0
9.5601000E+1	6.7605238E+1	6.0355571E+1	0.0000000E+0	0.0000000E+0	1.0000000E+2	0.0000000E+0
9.5651000E+1	6.7628938E+1	6.0364392E+1	0.0000000E+0	0.0000000E+0	1.0000000E+2	0.0000000E+0
9.5701000E+1	6.7639266E+1	6.0355382E+1	0.0000000E+0	0.0000000E+0	1.0000000E+2	0.0000000E+0
9.5751000E+1	6.7661831E+1	6.0346120E+1	0.0000000E+0	0.0000000E+0	1.0000000E+2	0.0000000E+0
9.5801000E+1	6.7660124E+1	6.0333844E+1	0.0000000E+0	0.0000000E+0	1.0000000E+2	0.0000000E+0
9.5851000E+1	6.7647664E+1	6.0335816E+1	0.0000000E+0	0.0000000E+0	1.0000000E+2	0.0000000E+0
9.5901000E+1	6.7684241E+1	6.0351875E+1	0.0000000E+0	0.0000000E+0	1.0000000E+2	0.0000000E+0
9.5951000E+1	6.7692430E+1	6.0354228E+1	0.0000000E+0	0.0000000E+0	1.0000000E+2	0.0000000E+0
9.6001000E+1	6.7672412E+1	6.0340545E+1	0.0000000E+0	0.0000000E+0	1.0000000E+2	0.0000000E+0
9.6051000E+1	6.7668875E+1	6.0329833E+1	0.0000000E+0	0.0000000E+0	1.0000000E+2	0.0000000E+0
9.6101000E+1	6.7664496E+1	6.0325085E+1	0.0000000E+0	0.0000000E+0	1.0000000E+2	0.0000000E+0
9.6151000E+1	6.7677686E+1	6.0317872E+1	0.0000000E+0	0.0000000E+0	1.0000000E+2	0.0000000E+0
9.6201000E+1	6.7646868E+1	6.0327163E+1	0.0000000E+0	0.0000000E+0	1.0000000E+2	0.0000000E+0
9.6251000E+1	6.7629355E+1	6.0337086E+1	0.0000000E+0	0.0000000E+0	1.0000000E+2	0.0000000E+0
9.6301000E+1	6.7630428E+1	6.0335750E+1	0.0000000E+0	0.0000000E+0	1.0000000E+2	0.0000000E+0
9.6351000E+1	6.7667439E+1	6.0325692E+1	0.0000000E+0	0.0000000E+0	1.0000000E+2	0.0000000E+0
9.6401000E+1	6.7663763E+1	6.0303875E+1	0.0000000E+0	0.0000000E+0	1.0000000E+2	0.0000000E+0
9.6451000E+1	6.7703967E+1	6.0311565E+1	0.0000000E+0	0.0000000E+0	1.0000000E+2	0.0000000E+0
9.6501000E+1	6.7730328E+1	6.0316302E+1	0.0000000E+0	0.0000000E+0	1.0000000E+2	0.0000000E+0
9.6551000E+1	6.7754761E+1	6.0299720E+1	0.0000000E+0	0.0000000E+0	1.0000000E+2	0.0000000E+0
9.6602000E+1	6.7766564E+1	6.0305183E+1	0.0000000E+0	0.0000000E+0	1.0000000E+2	0.0000000E+0
9.6653000E+1	6.7791125E+1	6.0318553E+1	0.0000000E+0	0.0000000E+0	1.0000000E+2	0.0000000E+0
9.6703000E+1	6.7788341E+1	6.0323765E+1	0.0000000E+0	0.0000000E+0	1.0000000E+2	0.0000000E+0
9.6754000E+1	6.7812538E+1	6.0320382E+1	0.0000000E+0	0.0000000E+0	1.0000000E+2	0.0000000E+0
9.6804000E+1	6.7798887E+1	6.0308636E+1	0.0000000E+0	0.0000000E+0	1.0000000E+2	0.0000000E+0
9.6854000E+1	6.7784924E+1	6.0322528E+1	0.0000000E+0	0.0000000E+0	1.0000000E+2	0.0000000E+0
9.6904000E+1	6.7794255E+1	6.0313259E+1	0.0000000E+0	0.0000000E+0	1.0000000E+2	0.0000000E+0
9.6954000E+1	6.7803308E+1	6.0329265E+1	0.0000000E+0	0.0000000E+0	1.0000000E+2	0.0000000E+0
9.7004000E+1	6.7805479E+1	6.0327159E+1	0.0000000E+0	0.0000000E+0	1.0000000E+2	0.0000000E+0
9.7054000E+1	6.7815280E+1	6.0324694E+1	0.0000000E+0	0.0000000E+0	1.0000000E+2	0.0000000E+0
9.7104000E+1	6.7829281E+1	6.0317455E+1	0.0000000E+0	0.0000000E+0	1.0000000E+2	0.0000000E+0
9.7154000E+1	6.7845985E+1	6.0308666E+1	0.0000000E+0	0.0000000E+0	1.0000000E+2	0.0000000E+0
9.7204000E+1	6.7859585E+1	6.0307043E+1	0.0000000E+0	0.0000000E+0	1.0000000E+2	0.0000000E+0
9.7254000E+1	6.7881699E+1	6.0318559E+1	0.0000000E+0	0.0000000E+0	1.0000000E+2	0.0000000E+0
9.7304000E+1	6.7630055E+1	6.0284794E+1	0.0000000E+0	0.0000000E+0	1.0000000E+2	0.0000000E+0
9.7354000E+1	6.7474018E+1	6.0328081E+1	0.0000000E+0	0.0000000E+0	1.0000000E+2	0.0000000E+0
9.7404000E+1	6.7443591E+1	6.0338878E+1	0.0000000E+0	0.0000000E+0	1.0000000E+2	0.0000000E+0
9.7454000E+1	6.7452318E+1	6.0321492E+1	0.0000000E+0	0.0000000E+0	1.0000000E+2	0.0000000E+0
9.7504000E+1	6.7441186E+1	6.0311931E+1	0.0000000E+0	0.0000000E+0	1.0000000E+2	0.0000000E+0
9.7554000E+1	6.7470143E+1	6.0341203E+1	0.0000000E+0	0.0000000E+0	1.0000000E+2	0.0000000E+0
9.7604000E+1	6.7524345E+1	6.0350350E+1	0.0000000E+0	0.0000000E+0	1.0000000E+2	0.0000000E+0
9.7654000E+1	6.7566551E+1	6.0333629E+1	0.0000000E+0	0.0000000E+0	1.0000000E+2	0.0000000E+0
9.7704000E+1	6.7615620E+1	6.0338260E+1	0.0000000E+0	0.0000000E+0	1.0000000E+2	0.0000000E+0
9.7754000E+1	6.7637571E+1	6.0343044E+1	0.0000000E+0	0.0000000E+0	1.0000000E+2	0.0000000E+0
9.7804000E+1	6.7663476E+1	6.0341174E+1	0.0000000E+0	0.0000000E+0	1.0000000E+2	0.0000000E+0
9.7854000E+1	6.7683459E+1	6.0341192E+1	0.0000000E+0	0.0000000E+0	1.0000000E+2	0.0000000E+0
9.7904000E+1	6.7745332E+1	6.0355808E+1	0.0000000E+0	0.0000000E+0	1.0000000E+2	0.0000000E+0
9.7954000E+1	6.7794627E+1	6.0367878E+1	0.0000000E+0	0.0000000E+0	1.0000000E+2	0.0000000E+0
9.8004000E+1	6.7826260E+1	6.0353847E+1	0.0000000E+0	0.0000000E+0	1.0000000E+2	0.0000000E+0
9.8055000E+1	6.7846749E+1	6.0354006E+1	0.0000000E+0	0.0000000E+0	1.0000000E+2	0.0000000E+0
9.8105000E+1	6.7876146E+1	6.0351210E+1	0.0000000E+0	0.0000000E+0	1.0000000E+2	0.0000000E+0
9.8155000E+1	6.7897840E+1	6.0358723E+1	0.0000000E+0	0.0000000E+0	1.0000000E+2	0.0000000E+0
9.8206000E+1	6.7932111E+1	6.0363767E+1	0.0000000E+0	0.0000000E+0	1.0000000E+2	0.0000000E+0
9.8256000E+1	6.7900285E+1	6.0352693E+1	0.0000000E+0	0.0000000E+0	1.0000000E+2	0.0000000E+0
9.8306000E+1	6.7799537E+1	6.0361507E+1	0.0000000E+0	0.0000000E+0	1.0000000E+2	0.0000000E+0
9.8357000E+1	6.7781491E+1	6.0356063E+1	0.0000000E+0	0.0000000E+0	1.0000000E+2	0.0000000E+0
9.8407000E+1	6.7787751E+1	6.0366257E+1	0.0000000E+0	0.0000000E+0	1.0000000E+2	0.0000000E+0
9.8457000E+1	6.7734949E+1	6.0352789E+1	0.0000000E+0	0.0000000E+0	1.0000000E+2	0.0000000E+0
9.8507000E+1	6.7754233E+1	6.0368078E+1	0.0000000E+0	0.0000000E+0	1.0000000E+2	0.0000000E+0
9.8557000E+1	6.7756807E+1	6.0366549E+1	0.0000000E+0	0.0000000E+0	1.0000000E+2	0.0000000E+0
9.8607000E+1	6.7747822E+1	6.0351538E+1	0.0000000E+0	0.0000000E+0	1.0000000E+2	0.0000000E+0
9.8657000E+1	6.7779529E+1	6.0357258E+1	0.0000000E+0	0.0000000E+0	1.0000000E+2	0.0000000E+0
9.8708000E+1	6.7789441E+1	6.0363445E+1	0.0000000E+0	0.0000000E+0	1.0000000E+2	0.0000000E+0
9.8758000E+1	6.7819081E+1	6.0365925E+1	0.0000000E+0	0.0000000E+0	1.0000000E+2	0.0000000E+0
9.8808000E+1	6.7848795E+1	6.0368389E+1	0.0000000E+0	0.0000000E+0	1.0000000E+2	0.0000000E+0
9.8858000E+1	6.7835837E+1	6.0369794E+1	0.0000000E+0	0.0000000E+0	1.0000000E+2	0.0000000E+0
9.8908000E+1	6.7862286E+1	6.0367075E+1	0.0000000E+0	0.0000000E+0	1.0000000E+2	0.0000000E+0
9.8958000E+1	6.7905057E+1	6.0368749E+1	0.0000000E+0	0.0000000E+0	1.0000000E+2	0.0000000E+0
9.9008000E+1	6.7954918E+1	6.0379086E+1	0.0000000E+0	0.0000000E+0	1.0000000E+2	0.0000000E+0
9.9059000E+1	6.7966254E+1	6.0372233E+1	0.0000000E+0	0.0000000E+0	1.0000000E+2	0.0000000E+0
9.9109000E+1	6.7981617E+1	6.0362040E+1	0.0000000E+0	0.0000000E+0	1.0000000E+2	0.0000000E+0
9.9159000E+1	6.7996330E+1	6.0368531E+1	0.0000000E+0	0.0000000E+0	1.0000000E+2	0.0000000E+0
9.9209000E+1	6.7952265E+1	6.0367786E+1	0.0000000E+0	0.0000000E+0	1.0000000E+2	0.0000000E+0
9.9259000E+1	6.7989028E+1	6.0363493E+1	0.0000000E+0	0.0000000E+0	1.0000000E+2	0.0000000E+0
9.9309000E+1	6.8030457E+1	6.0376888E+1	0.0000000E+0	0.0000000E+0	1.0000000E+2	0.0000000E+0
9.9359000E+1	6.8078099E+1	6.0371079E+1	0.0000000E+0	0.0000000E+0	1.0000000E+2	0.0000000E+0
9.9410000E+1	6.8129735E+1	6.0364684E+1	0.0000000E+0	0.0000000E+0	1.0000000E+2	0.0000000E+0
9.9461000E+1	6.8187316E+1	6.0361330E+1	0.0000000E+0	0.0000000E+0	1.0000000E+2	0.0000000E+0
9.9512000E+1	6.8255124E+1	6.0360830E+1	0.0000000E+0	0.0000000E+0	1.0000000E+2	0.0000000E+0
9.9563000E+1	6.8317382E+1	6.0356721E+1	0.0000000E+0	0.0000000E+0	1.0000000E+2	0.0000000E+0
9.9614000E+1	6.8372055E+1	6.0366082E+1	0.0000000E+0	0.0000000E+0	1.0000000E+2	0.0000000E+0
9.9665000E+1	6.8413137E+1	6.0357808E+1	0.0000000E+0	0.0000000E+0	1.0000000E+2	0.0000000E+0
9.9715000E+1	6.8454104E+1	6.0367409E+1	0.0000000E+0	0.0000000E+0	1.0000000E+2	0.0000000E+0
9.9765000E+1	6.8473889E+1	6.0368444E+1	0.0000000E+0	0.0000000E+0	1.0000000E+2	0.0000000E+0
9.9815000E+1	6.8471839E+1	6.0362516E+1	0.0000000E+0	0.0000000E+0	1.0000000E+2	0.0000000E+0
9.9865000E+1	6.8450312E+1	6.0364950E+1	0.0000000E+0	0.0000000E+0	1.0000000E+2	0.0000000E+0
9.9915000E+1	6.8481646E+1	6.0360615E+1	0.0000000E+0	0.0000000E+0	1.0000000E+2	0.0000000E+0
9.9965000E+1	6.8502753E+1	6.0364807E+1	0.0000000E+0	0.0000000E+0	1.0000000E+2	0.0000000E+0
1.0001600E+2	6.8534786E+1	6.0358516E+1	0.0000000E+0	0.0000000E+0	1.0000000E+2	0.0000000E+0
1.0006600E+2	6.8549167E+1	6.0358258E+1	0.0000000E+0	0.0000000E+0	1.0000000E+2	0.0000000E+0
1.0011600E+2	6.8559998E+1	6.0346110E+1	0.0000000E+0	0.0000000E+0	1.0000000E+2	0.0000000E+0
1.0016600E+2	6.8562859E+1	6.0371730E+1	0.0000000E+0	0.0000000E+0	1.0000000E+2	0.0000000E+0
1.0021600E+2	6.8537790E+1	6.0354813E+1	0.0000000E+0	0.0000000E+0	1.0000000E+2	0.0000000E+0
1.0026600E+2	6.8516224E+1	6.0367325E+1	0.0000000E+0	0.0000000E+0	1.0000000E+2	0.0000000E+0
1.0031700E+2	6.8494556E+1	6.0356209E+1	0.0000000E+0	0.0000000E+0	1.0000000E+2	0.0000000E+0
1.0036700E+2	6.8492903E+1	6.0357939E+1	0.0000000E+0	0.0000000E+0	1.0000000E+2	0.0000000E+0
1.0041800E+2	6.8477382E+1	6.0366846E+1	0.0000000E+0	0.0000000E+0	1.0000000E+2	0.0000000E+0
1.0046800E+2	6.8456222E+1	6.0349986E+1	0.0000000E+0	0.0000000E+0	1.0000000E+2	0.0000000E+0
1.0051800E+2	6.8448891E+1	6.0347154E+1	0.0000000E+0	0.0000000E+0	1.0000000E+2	0.0000000E+0
1.0056800E+2	6.8437907E+1	6.0352174E+1	0.0000000E+0	0.0000000E+0	1.0000000E+2	0.0000000E+0
1.0061800E+2	6.8440161E+1	6.0345096E+1	0.0000000E+0	0.0000000E+0	1.0000000E+2	0.0000000E+0
1.0066800E+2	6.8445839E+1	6.0347005E+1	0.0000000E+0	0.0000000E+0	1.0000000E+2	0.0000000E+0
1.0071800E+2	6.8185469E+1	6.0349447E+1	0.0000000E+0	0.0000000E+0	1.0000000E+2	0.0000000E+0
1.0076800E+2	6.8082352E+1	6.0374376E+1	0.0000000E+0	0.0000000E+0	1.0000000E+2	0.0000000E+0
1.0081800E+2	6.8060936E+1	6.0361762E+1	0.0000000E+0	0.0000000E+0	1.0000000E+2	0.0000000E+0
1.0086800E+2	6.8099481E+1	6.0379448E+1	0.0000000E+0	0.0000000E+0	1.0000000E+2	0.0000000E+0
1.0091800E+2	6.8110937E+1	6.0354202E+1	0.0000000E+0	0.0000000E+0	1.0000000E+2	0.0000000E+0
1.0096800E+2	6.8156093E+1	6.0357161E+1	0.0000000E+0	0.0000000E+0	1.0000000E+2	0.0000000E+0
1.0101800E+2	6.8190071E+1	6.0368400E+1	0.0000000E+0	0.0000000E+0	1.0000000E+2	0.0000000E+0
1.0106800E+2	6.8219318E+1	6.0372074E+1	0.0000000E+0	0.0000000E+0	1.0000000E+2	0.0000000E+0
1.0111800E+2	6.8256517E+1	6.0364242E+1	0.0000000E+0	0.0000000E+0	1.0000000E+2	0.0000000E+0
1.0116800E+2	6.8275975E+1	6.0364130E+1	0.0000000E+0	0.0000000E+0	1.0000000E+2	0.0000000E+0
1.0121800E+2	6.8280916E+1	6.0359678E+1	0.0000000E+0	0.0000000E+0	1.0000000E+2	0.0000000E+0
1.0126800E+2	6.8305442E+1	6.0368163E+1	0.0000000E+0	0.0000000E+0	1.0000000E+2	0.0000000E+0
1.0131800E+2	6.8298923E+1	6.0352399E+1	0.0000000E+0	0.0000000E+0	1.0000000E+2	0.0000000E+0
1.0136800E+2	6.8295320E+1	6.0357094E+1	0.0000000E+0	0.0000000E+0	1.0000000E+2	0.0000000E+0
1.0141800E+2	6.8290157E+1	6.0357723E+1	0.0000000E+0	0.0000000E+0	1.0000000E+2	0.0000000E+0
1.0146800E+2	6.8291933E+1	6.0360241E+1	0.0000000E+0	0.0000000E+0	1.0000000E+2	0.0000000E+0
1.0151800E+2	6.8304817E+1	6.0354202E+1	0.0000000E+0	0.0000000E+0	1.0000000E+2	0.0000000E+0
1.0156800E+2	6.8311705E+1	6.0363185E+1	0.0000000E+0	0.0000000E+0	1.0000000E+2	0.0000000E+0
1.0161800E+2	6.8320931E+1	6.0349118E+1	0.0000000E+0	0.0000000E+0	1.0000000E+2	0.0000000E+0
1.0166800E+2	6.8293732E+1	6.0349499E+1	0.0000000E+0	0.0000000E+0	1.0000000E+2	0.0000000E+0
1.0171800E+2	6.8298701E+1	6.0357725E+1	0.0000000E+0	0.0000000E+0	1.0000000E+2	0.0000000E+0
1.0176800E+2	6.8325202E+1	6.0365856E+1	0.0000000E+0	0.0000000E+0	1.0000000E+2	0.0000000E+0
1.0181800E+2	6.8319056E+1	6.0351105E+1	0.0000000E+0	0.0000000E+0	1.0000000E+2	0.0000000E+0
1.0186800E+2	6.8329355E+1	6.0350746E+1	0.0000000E+0	0.0000000E+0	1.0000000E+2	0.0000000E+0
1.0191800E+2	6.8340446E+1	6.0353651E+1	0.0000000E+0	0.0000000E+0	1.0000000E+2	0.0000000E+0
1.0196800E+2	6.8368481E+1	6.0356526E+1	0.0000000E+0	0.0000000E+0	1.0000000E+2	0.0000000E+0
1.0201800E+2	6.8384385E+1	6.0349433E+1	0.0000000E+0	0.0000000E+0	1.0000000E+2	0.0000000E+0
1.0206800E+2	6.8418660E+1	6.0356234E+1	0.0000000E+0	0.0000000E+0	1.0000000E+2	0.0000000E+0
1.0211800E+2	6.8424676E+1	6.0354156E+1	0.0000000E+0	0.0000000E+0	1.0000000E+2	0.0000000E+0
1.0216800E+2	6.8423917E+1	6.0351978E+1	0.0000000E+0	0.0000000E+0	1.0000000E+2	0.0000000E+0
1.0221800E+2	6.8407532E+1	6.0348278E+1	0.0000000E+0	0.0000000E+0	1.0000000E+2	0.0000000E+0
1.0226800E+2	6.8432505E+1	6.0362343E+1	0.0000000E+0	0.0000000E+0	1.0000000E+2	0.0000000E+0
1.0231800E+2	6.8451956E+1	6.0368870E+1	0.0000000E+0	0.0000000E+0	1.0000000E+2	0.0000000E+0
1.0236900E+2	6.8458094E+1	6.0373286E+1	0.0000000E+0	0.0000000E+0	1.0000000E+2	0.0000000E+0
1.0242000E+2	6.8468140E+1	6.0361846E+1	0.0000000E+0	0.0000000E+0	1.0000000E+2	0.0000000E+0
1.0247000E+2	6.8504484E+1	6.0374079E+1	0.0000000E+0	0.0000000E+0	1.0000000E+2	0.0000000E+0
1.0252000E+2	6.8505603E+1	6.0374257E+1	0.0000000E+0	0.0000000E+0	1.0000000E+2	0.0000000E+0
1.0257000E+2	6.8490337E+1	6.0388277E+1	0.0000000E+0	0.0000000E+0	1.0000000E+2	0.0000000E+0
1.0262000E+2	6.8432474E+1	6.0364571E+1	0.0000000E+0	0.0000000E+0	1.0000000E+2	0.0000000E+0
1.0267000E+2	6.8421184E+1	6.0365182E+1	0.0000000E+0	0.0000000E+0	1.0000000E+2	0.0000000E+0
1.0272000E+2	6.8432940E+1	6.0356626E+1	0.0000000E+0	0.0000000E+0	1.0000000E+2	0.0000000E+0
1.0277000E+2	6.8437984E+1	6.0365848E+1	0.0000000E+0	0.0000000E+0	1.0000000E+2	0.0000000E+0
1.0282000E+2	6.8433912E+1	6.0362376E+1	0.0000000E+0	0.0000000E+0	1.0000000E+2	0.0000000E+0
1.0287100E+2	6.8424249E+1	6.0363719E+1	0.0000000E+0	0.0000000E+0	1.0000000E+2	0.0000000E+0
1.0292100E+2	6.8429851E+1	6.0359433E+1	0.0000000E+0	0.0000000E+0	1.0000000E+2	0.0000000E+0
1.0297100E+2	6.8420134E+1	6.0357240E+1	0.0000000E+0	0.0000000E+0	1.0000000E+2	0.0000000E+0
1.0302100E+2	6.8443610E+1	6.0362679E+1	0.0000000E+0	0.0000000E+0	1.0000000E+2	0.0000000E+0
1.0307100E+2	6.8451770E+1	6.0353636E+1	0.0000000E+0	0.0000000E+0	1.0000000E+2	0.0000000E+0
1.0312100E+2	6.8459541E+1	6.0345708E+1	0.0000000E+0	0.0000000E+0	1.0000000E+2	0.0000000E+0
1.0317200E+2	6.8469505E+1	6.0339287E+1	0.0000000E+0	0.0000000E+0	1.0000000E+2	0.0000000E+0
1.0322200E+2	6.8505715E+1	6.0351637E+1	0.0000000E+0	0.0000000E+0	1.0000000E+2	0.0000000E+0
1.0327200E+2	6.8550276E+1	6.0350624E+1	0.0000000E+0	0.0000000E+0	1.0000000E+2	0.0000000E+0
1.0332200E+2	6.8577059E+1	6.0343093E+1	0.0000000E+0	0.0000000E+0	1.0000000E+2	0.0000000E+0
1.0337200E+2	6.8565999E+1	6.0339520E+1	0.0000000E+0	0.0000000E+0	1.0000000E+2	0.0000000E+0
1.0342200E+2	6.8579561E+1	6.0341602E+1	0.0000000E+0	0.0000000E+0	1.0000000E+2	0.0000000E+0
1.0347200E+2	6.8562552E+1	6.0332539E+1	0.0000000E+0	0.0000000E+0	1.0000000E+2	0.0000000E+0
1.0352200E+2	6.8548637E+1	6.0336952E+1	0.0000000E+0	0.0000000E+0	1.0000000E+2	0.0000000E+0
1.0357200E+2	6.8543352E+1	6.0344685E+1	0.0000000E+0	0.0000000E+0	1.0000000E+2	0.0000000E+0
1.0362200E+2	6.8536880E+1	6.0320461E+1	0.0000000E+0	0.0000000E+0	1.0000000E+2	0.0000000E+0
1.0367200E+2	6.8559746E+1	6.0337188E+1	0.0000000E+0	0.0000000E+0	1.0000000E+2	0.0000000E+0
1.0372200E+2	6.8531930E+1	6.0341608E+1	0.0000000E+0	0.0000000E+0	1.0000000E+2	0.0000000E+0
1.0377200E+2	6.8475306E+1	6.0346247E+1	0.0000000E+0	0.0000000E+0	1.0000000E+2	0.0000000E+0
1.0382200E+2	6.8439187E+1	6.0339912E+1	0.0000000E+0	0.0000000E+0	1.0000000E+2	0.0000000E+0
1.0387200E+2	6.8380695E+1	6.0337207E+1	0.0000000E+0	0.0000000E+0	1.0000000E+2	0.0000000E+0
1.0392200E+2	6.8360805E+1	6.0342768E+1	0.0000000E+0	0.0000000E+0	1.0000000E+2	0.0000000E+0
1.0397200E+2	6.8332393E+1	6.0342955E+1	0.0000000E+0	0.0000000E+0	1.0000000E+2	0.0000000E+0
1.0402300E+2	6.8277832E+1	6.0341703E+1	0.0000000E+0	0.0000000E+0	1.0000000E+2	0.0000000E+0
1.0407400E+2	6.7718236E+1	6.0285612E+1	0.0000000E+0	0.0000000E+0	1.0000000E+2	0.0000000E+0
1.0412400E+2	6.7526989E+1	6.0324294E+1	0.0000000E+0	0.0000000E+0	1.0000000E+2	0.0000000E+0
1.0417400E+2	6.7504107E+1	6.0335153E+1	0.0000000E+0	0.0000000E+0	1.0000000E+2	0.0000000E+0
1.0422400E+2	6.7519122E+1	6.0321817E+1	0.0000000E+0	0.0000000E+0	1.0000000E+2	0.0000000E+0
1.0427400E+2	6.7515102E+1	6.0295476E+1	0.0000000E+0	0.0000000E+0	1.0000000E+2	0.0000000E+0
1.0432400E+2	6.7503238E+1	6.0280287E+1	0.0000000E+0	0.0000000E+0	1.0000000E+2	0.0000000E+0
1.0437400E+2	6.7520151E+1	6.0291813E+1	0.0000000E+0	0.0000000E+0	1.0000000E+2	0.0000000E+0
1.0442400E+2	6.7524154E+1	6.0273349E+1	0.0000000E+0	0.0000000E+0	1.0000000E+2	0.0000000E+0
1.0447400E+2	6.7524371E+1	6.0270344E+1	0.0000000E+0	0.0000000E+0	1.0000000E+2	0.0000000E+0
1.0452400E+2	6.7531935E+1	6.0274896E+1	0.0000000E+0	0.0000000E+0	1.0000000E+2	0.0000000E+0
1.0457400E+2	6.7518692E+1	6.0268381E+1	0.0000000E+0	0.0000000E+0	1.0000000E+2	0.0000000E+0
1.0462400E+2	6.7492492E+1	6.0266152E+1	0.0000000E+0	0.0000000E+0	1.0000000E+2	0.0000000E+0
1.0467400E+2	6.7477190E+1	6.0281134E+1	0.0000000E+0	0.0000000E+0	1.0000000E+2	0.0000000E+0
1.0472400E+2	6.7474310E+1	6.0278289E+1	0.0000000E+0	0.0000000E+0	1.0000000E+2	0.0000000E+0
1.0477400E+2	6.7456196E+1	6.0274836E+1	0.0000000E+0	0.0000000E+0	1.0000000E+2	0.0000000E+0
1.0482400E+2	6.7441723E+1	6.0282397E+1	0.0000000E+0	0.0000000E+0	1.0000000E+2	0.0000000E+0
1.0487400E+2	6.7437554E+1	6.0299839E+1	0.0000000E+0	0.0000000E+0	1.0000000E+2	0.0000000E+0
1.0492400E+2	6.7434633E+1	6.0311750E+1	0.0000000E+0	0.0000000E+0	1.0000000E+2	0.0000000E+0
1.0497400E+2	6.7423730E+1	6.0311260E+1	0.0000000E+0	0.0000000E+0	1.0000000E+2	0.0000000E+0
1.0502400E+2	6.7387959E+1	6.0313252E+1	0.0000000E+0	0.0000000E+0	1.0000000E+2	0.0000000E+0
1.0507500E+2	6.7347267E+1	6.0305422E+1	0.0000000E+0	0.0000000E+0	1.0000000E+2	0.0000000E+0
1.0512500E+2	6.7300324E+1	6.0295639E+1	0.0000000E+0	0.0000000E+0	1.0000000E+2	0.0000000E+0
1.0517500E+2	6.7264159E+1	6.0286811E+1	0.0000000E+0	0.0000000E+0	1.0000000E+2	0.0000000E+0
1.0522500E+2	6.7243908E+1	6.0286184E+1	0.0000000E+0	0.0000000E+0	1.0000000E+2	0.0000000E+0
1.0527500E+2	6.7246387E+1	6.0288440E+1	0.0000000E+0	0.0000000E+0	1.0000000E+2	0.0000000E+0
1.0532500E+2	6.7258839E+1	6.0313085E+1	0.0000000E+0	0.0000000E+0	1.0000000E+2	0.0000000E+0
1.0537500E+2	6.7269636E+1	6.0326954E+1	0.0000000E+0	0.0000000E+0	1.0000000E+2	0.0000000E+0
1.0542500E+2	6.7244470E+1	6.0327450E+1	0.0000000E+0	0.0000000E+0	1.0000000E+2	0.0000000E+0
1.0547600E+2	6.7262627E+1	6.0336720E+1	0.0000000E+0	0.0000000E+0	1.0000000E+2	0.0000000E+0
1.0552600E+2	6.7266172E+1	6.0327649E+1	0.0000000E+0	0.0000000E+0	1.0000000E+2	0.0000000E+0
1.0557600E+2	6.7269705E+1	6.0320598E+1	0.0000000E+0	0.0000000E+0	1.0000000E+2	0.0000000E+0
1.0562600E+2	6.7267534E+1	6.0325925E+1	0.0000000E+0	0.0000000E+0	1.0000000E+2	0.0000000E+0
1.0567600E+2	6.7292749E+1	6.0327433E+1	0.0000000E+0	0.0000000E+0	1.0000000E+2	0.0000000E+0
1.0572600E+2	6.7300994E+1	6.0326051E+1	0.0000000E+0	0.0000000E+0	1.0000000E+2	0.0000000E+0
1.0577600E+2	6.7304578E+1	6.0357367E+1	0.0000000E+0	0.0000000E+0	1.0000000E+2	0.0000000E+0
1.0582600E+2	6.7298261E+1	6.0343205E+1	0.0000000E+0	0.0000000E+0	1.0000000E+2	0.0000000E+0
1.0587600E+2	6.7302351E+1	6.0348513E+1	0.0000000E+0	0.0000000E+0	1.0000000E+2	0.0000000E+0
1.0592600E+2	6.7277736E+1	6.0349429E+1	0.0000000E+0	0.0000000E+0	1.0000000E+2	0.0000000E+0
1.0597600E+2	6.7283874E+1	6.0344018E+1	0.0000000E+0	0.0000000E+0	1.0000000E+2	0.0000000E+0
1.0602600E+2	6.7278235E+1	6.0341418E+1	0.0000000E+0	0.0000000E+0	1.0000000E+2	0.0000000E+0
1.0607600E+2	6.7290551E+1	6.0350548E+1	0.0000000E+0	0.0000000E+0	1.0000000E+2	0.0000000E+0
1.0612600E+2	6.7289743E+1	6.0345755E+1	0.0000000E+0	0.0000000E+0	1.0000000E+2	0.0000000E+0
1.0617600E+2	6.7293843E+1	6.0360145E+1	0.0000000E+0	0.0000000E+0	1.0000000E+2	0.0000000E+0
1.0622600E+2	6.7296391E+1	6.0351747E+1	0.0000000E+0	0.0000000E+0	1.0000000E+2	0.0000000E+0
1.0627600E+2	6.7288583E+1	6.0343752E+1	0.0000000E+0	0.0000000E+0	1.0000000E+2	0.0000000E+0
1.0632600E+2	6.7287015E+1	6.0344130E+1	0.0000000E+0	0.0000000E+0	1.0000000E+2	0.0000000E+0
1.0637600E+2	6.7285098E+1	6.0365789E+1	0.0000000E+0	0.0000000E+0	1.0000000E+2	0.0000000E+0
1.0642600E+2	6.7280223E+1	6.0381670E+1	0.0000000E+0	0.0000000E+0	1.0000000E+2	0.0000000E+0
1.0647600E+2	6.7246974E+1	6.0367840E+1	0.0000000E+0	0.0000000E+0	1.0000000E+2	0.0000000E+0
1.0652600E+2	6.7246553E+1	6.0368011E+1	0.0000000E+0	0.0000000E+0	1.0000000E+2	0.0000000E+0
1.0657600E+2	6.7250915E+1	6.0384457E+1	0.0000000E+0	0.0000000E+0	1.0000000E+2	0.0000000E+0
1.0662600E+2	6.7256147E+1	6.0403620E+1	0.0000000E+0	0.0000000E+0	1.0000000E+2	0.0000000E+0
1.0667600E+2	6.7240835E+1	6.0404318E+1	0.0000000E+0	0.0000000E+0	1.0000000E+2	0.0000000E+0
1.0672600E+2	6.7223724E+1	6.0391524E+1	0.0000000E+0	0.0000000E+0	1.0000000E+2	0.0000000E+0
1.0677600E+2	6.7228469E+1	6.0410020E+1	0.0000000E+0	0.0000000E+0	1.0000000E+2	0.0000000E+0
1.0682600E+2	6.7217930E+1	6.0418442E+1	0.0000000E+0	0.0000000E+0	1.0000000E+2	0.0000000E+0
1.0687600E+2	6.7195701E+1	6.0417644E+1	0.0000000E+0	0.0000000E+0	1.0000000E+2	0.0000000E+0
1.0692600E+2	6.7167273E+1	6.0407432E+1	0.0000000E+0	0.0000000E+0	1.0000000E+2	0.0000000E+0
1.0697600E+2	6.7143858E+1	6.0410345E+1	0.0000000E+0	0.0000000E+0	1.0000000E+2	0.0000000E+0
1.0702600E+2	6.7148981E+1	6.0420343E+1	0.0000000E+0	0.0000000E+0	1.0000000E+2	0.0000000E+0
1.0707600E+2	6.7185345E+1	6.0406348E+1	0.0000000E+0	0.0000000E+0	1.0000000E+2	0.0000000E+0
1.0712600E+2	6.7233364E+1	6.0418889E+1	0.0000000E+0	0.0000000E+0	1.0000000E+2	0.0000000E+0
1.0717600E+2	6.7269856E+1	6.0430041E+1	0.0000000E+0	0.0000000E+0	1.0000000E+2	0.0000000E+0
1.0722600E+2	6.7297759E+1	6.0423304E+1	0.0000000E+0	0.0000000E+0	1.0000000E+2	0.0000000E+0
1.0727600E+2	6.7303395E+1	6.0433525E+1	0.0000000E+0	0.0000000E+0	1.0000000E+2	0.0000000E+0
1.0732600E+2	6.7309971E+1	6.0429261E+1	0.0000000E+0	0.0000000E+0	1.0000000E+2	0.0000000E+0
1.0737600E+2	6.7292677E+1	6.0410645E+1	0.0000000E+0	0.0000000E+0	1.0000000E+2	0.0000000E+0
1.0742600E+2	6.7306619E+1	6.0410527E+1	0.0000000E+0	0.0000000E+0	1.0000000E+2	0.0000000E+0
1.0747600E+2	6.7300871E+1	6.0428006E+1	0.0000000E+0	0.0000000E+0	1.0000000E+2	0.0000000E+0
1.0752600E+2	6.7306966E+1	6.0433735E+1	0.0000000E+0	0.0000000E+0	1.0000000E+2	0.0000000E+0
1.0757600E+2	6.7322636E+1	6.0429442E+1	0.0000000E+0	0.0000000E+0	1.0000000E+2	0.0000000E+0
1.0762600E+2	6.7352288E+1	6.0430535E+1	0.0000000E+0	0.0000000E+0	1.0000000E+2	0.0000000E+0
1.0767600E+2	6.7378467E+1	6.0431555E+1	0.0000000E+0	0.0000000E+0	1.0000000E+2	0.0000000E+0
1.0772600E+2	6.7379781E+1	6.0424195E+1	0.0000000E+0	0.0000000E+0	1.0000000E+2	0.0000000E+0
1.0777800E+2	6.7366287E+1	6.0419113E+1	0.0000000E+0	0.0000000E+0	1.0000000E+2	0.0000000E+0
1.0782800E+2	6.7355411E+1	6.0435285E+1	0.0000000E+0	0.0000000E+0	1.0000000E+2	0.0000000E+0
1.0787800E+2	6.7359489E+1	6.0442426E+1	0.0000000E+0	0.0000000E+0	1.0000000E+2	0.0000000E+0
1.0792800E+2	6.7361530E+1	6.0434114E+1	0.0000000E+0	0.0000000E+0	1.0000000E+2	0.0000000E+0
1.0797800E+2	6.7358278E+1	6.0428298E+1	0.0000000E+0	0.0000000E+0	1.0000000E+2	0.0000000E+0
1.0802900E+2	6.7350303E+1	6.0439890E+1	0.0000000E+0	0.0000000E+0	1.0000000E+2	0.0000000E+0
1.0808000E+2	6.7342180E+1	6.0434824E+1	0.0000000E+0	0.0000000E+0	1.0000000E+2	0.0000000E+0
1.0813000E+2	6.7342685E+1	6.0444971E+1	0.0000000E+0	0.0000000E+0	1.0000000E+2	0.0000000E+0
1.0818000E+2	6.7338629E+1	6.0428613E+1	0.0000000E+0	0.0000000E+0	1.0000000E+2	0.0000000E+0
1.0823000E+2	6.7328102E+1	6.0432010E+1	0.0000000E+0	0.0000000E+0	1.0000000E+2	0.0000000E+0
1.0828100E+2	6.7304860E+1	6.0421870E+1	0.0000000E+0	0.0000000E+0	1.0000000E+2	0.0000000E+0
1.0833100E+2	6.7307928E+1	6.0428099E+1	0.0000000E+0	0.0000000E+0	1.0000000E+2	0.0000000E+0
1.0838200E+2	6.7323164E+1	6.0438614E+1	0.0000000E+0	0.0000000E+0	1.0000000E+2	0.0000000E+0
1.0843200E+2	6.7301911E+1	6.0437836E+1	0.0000000E+0	0.0000000E+0	1.0000000E+2	0.0000000E+0
1.0848200E+2	6.7301285E+1	6.0424664E+1	0.0000000E+0	0.0000000E+0	1.0000000E+2	0.0000000E+0
1.0853200E+2	6.7320486E+1	6.0426807E+1	0.0000000E+0	0.0000000E+0	1.0000000E+2	0.0000000E+0
1.0858300E+2	6.7344495E+1	6.0443947E+1	0.0000000E+0	0.0000000E+0	1.0000000E+2	0.0000000E+0
1.0863300E+2	6.7362295E+1	6.0456249E+1	0.0000000E+0	0.0000000E+0	1.0000000E+2	0.0000000E+0
1.0868300E+2	6.7370081E+1	6.0453823E+1	0.0000000E+0	0.0000000E+0	1.0000000E+2	0.0000000E+0
1.0873300E+2	6.7370308E+1	6.0449937E+1	0.0000000E+0	0.0000000E+0	1.0000000E+2	0.0000000E+0
1.0878300E+2	6.7369136E+1	6.0435137E+1	0.0000000E+0	0.0000000E+0	1.0000000E+2	0.0000000E+0
1.0883300E+2	6.7366671E+1	6.0436571E+1	0.0000000E+0	0.0000000E+0	1.0000000E+2	0.0000000E+0
1.0888300E+2	6.7388550E+1	6.0434567E+1	0.0000000E+0	0.0000000E+0	1.0000000E+2	0.0000000E+0
1.0893300E+2	6.7400258E+1	6.0441123E+1	0.0000000E+0	0.0000000E+0	1.0000000E+2	0.0000000E+0
1.0898300E+2	6.7391902E+1	6.0423474E+1	0.0000000E+0	0.0000000E+0	1.0000000E+2	0.0000000E+0
1.0903400E+2	6.7422661E+1	6.0434375E+1	0.0000000E+0	0.0000000E+0	1.0000000E+2	0.0000000E+0
1.0908400E+2	6.7409613E+1	6.0434023E+1	0.0000000E+0	0.0000000E+0	1.0000000E+2	0.0000000E+0
1.0913400E+2	6.7407430E+1	6.0444553E+1	0.0000000E+0	0.0000000E+0	1.0000000E+2	0.0000000E+0
1.0918400E+2	6.7423628E+1	6.0438086E+1	0.0000000E+0	0.0000000E+0	1.0000000E+2	0.0000000E+0
1.0923400E+2	6.7445320E+1	6.0443850E+1	0.0000000E+0	0.0000000E+0	1.0000000E+2	0.0000000E+0
1.0928400E+2	6.7474303E+1	6.0439847E+1	0.0000000E+0	0.0000000E+0	1.0000000E+2	0.0000000E+0
1.0933400E+2	6.7487994E+1	6.0444116E+1	0.0000000E+0	0.0000000E+0	1.0000000E+2	0.0000000E+0
1.0938400E+2	6.7522053E+1	6.0453142E+1	0.0000000E+0	0.0000000E+0	1.0000000E+2	0.0000000E+0
1.0943500E+2	6.7539740E+1	6.0451358E+1	0.0000000E+0	0.0000000E+0	1.0000000E+2	0.0000000E+0
1.0948500E+2	6.7560609E+1	6.0458233E+1	0.0000000E+0	0.0000000E+0	1.0000000E+2	0.0000000E+0
1.0953500E+2	6.7562355E+1	6.0456216E+1	0.0000000E+0	0.0000000E+0	1.0000000E+2	0.0000000E+0
1.0958500E+2	6.7565781E+1	6.0454250E+1	0.0000000E+0	0.0000000E+0	1.0000000E+2	0.0000000E+0
1.0963500E+2	6.7565111E+1	6.0460498E+1	0.0000000E+0	0.0000000E+0	1.0000000E+2	0.0000000E+0
1.0968500E+2	6.7544756E+1	6.0453567E+1	0.0000000E+0	0.0000000E+0	1.0000000E+2	0.0000000E+0
1.0973500E+2	6.7543575E+1	6.0450838E+1	0.0000000E+0	0.0000000E+0	1.0000000E+2	0.0000000E+0
1.0978500E+2	6.7547155E+1	6.0458044E+1	0.0000000E+0	0.0000000E+0	1.0000000E+2	0.0000000E+0
1.0983500E+2	6.7520192E+1	6.0443425E+1	0.0000000E+0	0.0000000E+0	1.0000000E+2	0.0000000E+0
1.0988500E+2	6.7493048E+1	6.0442157E+1	0.0000000E+0	0.0000000E+0	1.0000000E+2	0.0000000E+0
1.0993500E+2	6.7470192E+1	6.0452620E+1	0.0000000E+0	0.0000000E+0	1.0000000E+2	0.0000000E+0
1.0998500E+2	6.7442744E+1	6.0437889E+1	0.0000000E+0	0.0000000E+0	1.0000000E+2	0.0000000E+0
1.1003500E+2	6.7392090E+1	6.0425092E+1	0.0000000E+0	0.0000000E+0	1.0000000E+2	0.0000000E+0
1.1008500E+2	6.7383674E+1	6.0424344E+1	0.0000000E+0	0.0000000E+0	1.0000000E+2	0.0000000E+0
1.1013500E+2	6.7377964E+1	6.0433311E+1	0.0000000E+0	0.0000000E+0	1.0000000E+2	0.0000000E+0
1.1018500E+2	6.7370215E+1	6.0430330E+1	0.0000000E+0	0.0000000E+0	1.0000000E+2	0.0000000E+0
1.1023500E+2	6.7348148E+1	6.0434645E+1	0.0000000E+0	0.0000000E+0	1.0000000E+2	0.0000000E+0
1.1028500E+2	6.7312576E+1	6.0415274E+1	0.0000000E+0	0.0000000E+0	1.0000000E+2	0.0000000E+0
1.1033500E+2	6.7305782E+1	6.0398127E+1	0.0000000E+0	0.0000000E+0	1.0000000E+2	0.0000000E+0
1.1038600E+2	6.7321501E+1	6.0405269E+1	0.0000000E+0	0.0000000E+0	1.0000000E+2	0.0000000E+0
1.1043600E+2	6.7331934E+1	6.0413720E+1	0.0000000E+0	0.0000000E+0	1.0000000E+2	0.0000000E+0
1.1048600E+2	6.7364679E+1	6.0402408E+1	0.0000000E+0	0.0000000E+0	1.0000000E+2	0.0000000E+0
1.1053600E+2	6.7360121E+1	6.0391515E+1	0.0000000E+0	0.0000000E+0	1.0000000E+2	0.0000000E+0
1.1058700E+2	6.7362101E+1	6.0386724E+1	0.0000000E+0	0.0000000E+0	1.0000000E+2	0.0000000E+0
1.1063700E+2	6.7385162E+1	6.0388360E+1	0.0000000E+0	0.0000000E+0	1.0000000E+2	0.0000000E+0
1.1068700E+2	6.7381403E+1	6.0381236E+1	0.0000000E+0	0.0000000E+0	1.0000000E+2	0.0000000E+0
1.1073700E+2	6.7373307E+1	6.0381217E+1	0.0000000E+0	0.0000000E+0	1.0000000E+2	0.0000000E+0
1.1078700E+2	6.7375911E+1	6.0391940E+1	0.0000000E+0	0.0000000E+0	1.0000000E+2	0.0000000E+0
1.1083700E+2	6.7382297E+1	6.0381168E+1	0.0000000E+0	0.0000000E+0	1.0000000E+2	0.0000000E+0
1.1088700E+2	6.7383096E+1	6.0397158E+1	0.0000000E+0	0.0000000E+0	1.0000000E+2	0.0000000E+0
1.1093700E+2	6.7378460E+1	6.0386305E+1	0.0000000E+0	0.0000000E+0	1.0000000E+2	0.0000000E+0
1.1098700E+2	6.7344968E+1	6.0378980E+1	0.0000000E+0	0.0000000E+0	1.0000000E+2	0.0000000E+0
1.1103700E+2	6.7345321E+1	6.0389132E+1	0.0000000E+0	0.0000000E+0	1.0000000E+2	0.0000000E+0
1.1108700E+2	6.7348020E+1	6.0395761E+1	0.0000000E+0	0.0000000E+0	1.0000000E+2	0.0000000E+0
1.1113700E+2	6.7345295E+1	6.0382742E+1	0.0000000E+0	0.0000000E+0	1.0000000E+2	0.0000000E+0
1.1118700E+2	6.7334773E+1	6.0373828E+1	0.0000000E+0	0.0000000E+0	1.0000000E+2	0.0000000E+0
1.1123700E+2	6.7360635E+1	6.0378235E+1	0.0000000E+0	0.0000000E+0	1.0000000E+2	0.0000000E+0
1.1128700E+2	6.7355060E+1	6.0372514E+1	0.0000000E+0	0.0000000E+0	1.0000000E+2	0.0000000E+0
1.1133700E+2	6.7362748E+1	6.0396518E+1	0.0000000E+0	0.0000000E+0	1.0000000E+2	0.0000000E+0
1.1138700E+2	6.7379969E+1	6.0390583E+1	0.0000000E+0	0.0000000E+0	1.0000000E+2	0.0000000E+0
1.1143700E+2	6.7376295E+1	6.0384618E+1	0.0000000E+0	0.0000000E+0	1.0000000E+2	0.0000000E+0
1.1148700E+2	6.7391337E+1	6.0407607E+1	0.0000000E+0	0.0000000E+0	1.0000000E+2	0.0000000E+0
1.1153700E+2	6.7367499E+1	6.0388575E+1	0.0000000E+0	0.0000000E+0	1.0000000E+2	0.0000000E+0
1.1158700E+2	6.7392658E+1	6.0396077E+1	0.0000000E+0	0.0000000E+0	1.0000000E+2	0.0000000E+0
1.1163700E+2	6.7411744E+1	6.0396599E+1	0.0000000E+0	0.0000000E+0	1.0000000E+2	0.0000000E+0
1.1168700E+2	6.7389590E+1	6.0399361E+1	0.0000000E+0	0.0000000E+0	1.0000000E+2	0.0000000E+0
1.1173700E+2	6.7396773E+1	6.0390897E+1	0.0000000E+0	0.0000000E+0	1.0000000E+2	0.0000000E+0
1.1178900E+2	6.7415655E+1	6.0405176E+1	0.0000000E+0	0.0000000E+0	1.0000000E+2	0.0000000E+0
1.1183900E+2	6.7413307E+1	6.0389903E+1	0.0000000E+0	0.0000000E+0	1.0000000E+2	0.0000000E+0
1.1188900E+2	6.7416038E+1	6.0400780E+1	0.0000000E+0	0.0000000E+0	1.0000000E+2	0.0000000E+0
1.1193900E+2	6.7436833E+1	6.0412601E+1	0.0000000E+0	0.0000000E+0	1.0000000E+2	0.0000000E+0
1.1198900E+2	6.7472529E+1	6.0417783E+1	0.0000000E+0	0.0000000E+0	1.0000000E+2	0.0000000E+0
1.1203900E+2	6.7494138E+1	6.0406786E+1	0.0000000E+0	0.0000000E+0	1.0000000E+2	0.0000000E+0
1.1208900E+2	6.7504975E+1	6.0414012E+1	0.0000000E+0	0.0000000E+0	1.0000000E+2	0.0000000E+0
1.1213900E+2	6.7507922E+1	6.0421154E+1	0.0000000E+0	0.0000000E+0	1.0000000E+2	0.0000000E+0
1.1218900E+2	6.7490394E+1	6.0416558E+1	0.0000000E+0	0.0000000E+0	1.0000000E+2	0.0000000E+0
1.1223900E+2	6.7501122E+1	6.0413601E+1	0.0000000E+0	0.0000000E+0	1.0000000E+2	0.0000000E+0
1.1228900E+2	6.7513358E+1	6.0420898E+1	0.0000000E+0	0.0000000E+0	1.0000000E+2	0.0000000E+0
1.1233900E+2	6.7497158E+1	6.0413017E+1	0.0000000E+0	0.0000000E+0	1.0000000E+2	0.0000000E+0
1.1239000E+2	6.7502977E+1	6.0397694E+1	0.0000000E+0	0.0000000E+0	1.0000000E+2	0.0000000E+0
1.1244000E+2	6.7511233E+1	6.0405735E+1	0.0000000E+0	0.0000000E+0	1.0000000E+2	0.0000000E+0
1.1249000E+2	6.7499755E+1	6.0405257E+1	0.0000000E+0	0.0000000E+0	1.0000000E+2	0.0000000E+0
1.1254100E+2	6.7508709E+1	6.0411151E+1	0.0000000E+0	0.0000000E+0	1.0000000E+2	0.0000000E+0
1.1259100E+2	6.7510854E+1	6.0426641E+1	0.0000000E+0	0.0000000E+0	1.0000000E+2	0.0000000E+0
1.1264100E+2	6.7502041E+1	6.0428682E+1	0.0000000E+0	0.0000000E+0	1.0000000E+2	0.0000000E+0
1.1269100E+2	6.7483406E+1	6.0408255E+1	0.0000000E+0	0.0000000E+0	1.0000000E+2	0.0000000E+0
1.1274100E+2	6.7486454E+1	6.0414423E+1	0.0000000E+0	0.0000000E+0	1.0000000E+2	0.0000000E+0
1.1279100E+2	6.7456031E+1	6.0414715E+1	0.0000000E+0	0.0000000E+0	1.0000000E+2	0.0000000E+0
1.1284100E+2	6.7418654E+1	6.0396695E+1	0.0000000E+0	0.0000000E+0	1.0000000E+2	0.0000000E+0
1.1289100E+2	6.7393896E+1	6.0394573E+1	0.0000000E+0	0.0000000E+0	1.0000000E+2	0.0000000E+0
1.1294200E+2	6.7384553E+1	6.0423023E+1	0.0000000E+0	0.0000000E+0	1.0000000E+2	0.0000000E+0
1.1299200E+2	6.7358359E+1	6.0423587E+1	0.0000000E+0	0.0000000E+0	1.0000000E+2	0.0000000E+0
1.1304300E+2	6.7331750E+1	6.0416010E+1	0.0000000E+0	0.0000000E+0	1.0000000E+2	0.0000000E+0
1.1309300E+2	6.7324675E+1	6.0416617E+1	0.0000000E+0	0.0000000E+0	1.0000000E+2	0.0000000E+0
1.1314300E+2	6.7334137E+1	6.0416010E+1	0.0000000E+0	0.0000000E+0	1.0000000E+2	0.0000000E+0
1.1319300E+2	6.7311567E+1	6.0405679E+1	0.0000000E+0	0.0000000E+0	1.0000000E+2	0.0000000E+0
1.1324300E+2	6.7259036E+1	6.0398797E+1	0.0000000E+0	0.0000000E+0	1.0000000E+2	0.0000000E+0
1.1329300E+2	6.7223528E+1	6.0419108E+1	0.0000000E+0	0.0000000E+0	1.0000000E+2	0.0000000E+0
1.1334300E+2	6.7246805E+1	6.0417692E+1	0.0000000E+0	0.0000000E+0	1.0000000E+2	0.0000000E+0
1.1339300E+2	6.7245666E+1	6.0410695E+1	0.0000000E+0	0.0000000E+0	1.0000000E+2	0.0000000E+0
1.1344300E+2	6.7242848E+1	6.0402470E+1	0.0000000E+0	0.0000000E+0	1.0000000E+2	0.0000000E+0
1.1349400E+2	6.7266541E+1	6.0395476E+1	0.0000000E+0	0.0000000E+0	1.0000000E+2	0.0000000E+0
1.1354400E+2	6.7265666E+1	6.0423192E+1	0.0000000E+0	0.0000000E+0	1.0000000E+2	0.0000000E+0
1.1359400E+2	6.7268386E+1	6.0425908E+1	0.0000000E+0	0.0000000E+0	1.0000000E+2	0.0000000E+0
1.1364400E+2	6.7293578E+1	6.0442370E+1	0.0000000E+0	0.0000000E+0	1.0000000E+2	0.0000000E+0
1.1369600E+2	6.7304695E+1	6.0440324E+1	0.0000000E+0	0.0000000E+0	1.0000000E+2	0.0000000E+0
1.1374600E+2	6.7318949E+1	6.0437319E+1	0.0000000E+0	0.0000000E+0	1.0000000E+2	0.0000000E+0
1.1379600E+2	6.7335815E+1	6.0442755E+1	0.0000000E+0	0.0000000E+0	1.0000000E+2	0.0000000E+0
1.1384700E+2	6.7391062E+1	6.0457197E+1	0.0000000E+0	0.0000000E+0	1.0000000E+2	0.0000000E+0
1.1389700E+2	6.7401399E+1	6.0456094E+1	0.0000000E+0	0.0000000E+0	1.0000000E+2	0.0000000E+0
1.1394700E+2	6.7386173E+1	6.0452207E+1	0.0000000E+0	0.0000000E+0	1.0000000E+2	0.0000000E+0
1.1399700E+2	6.7414836E+1	6.0462403E+1	0.0000000E+0	0.0000000E+0	1.0000000E+2	0.0000000E+0
1.1404700E+2	6.7442570E+1	6.0471065E+1	0.0000000E+0	0.0000000E+0	1.0000000E+2	0.0000000E+0
1.1409700E+2	6.7482449E+1	6.0478729E+1	0.0000000E+0	0.0000000E+0	1.0000000E+2	0.0000000E+0
1.1414700E+2	6.7523984E+1	6.0471354E+1	0.0000000E+0	0.0000000E+0	1.0000000E+2	0.0000000E+0
1.1419700E+2	6.7562424E+1	6.0488320E+1	0.0000000E+0	0.0000000E+0	1.0000000E+2	0.0000000E+0
1.1424700E+2	6.7571328E+1	6.0500567E+1	0.0000000E+0	0.0000000E+0	1.0000000E+2	0.0000000E+0
1.1429700E+2	6.7569323E+1	6.0502314E+1	0.0000000E+0	0.0000000E+0	1.0000000E+2	0.0000000E+0
1.1434700E+2	6.7591431E+1	6.0486543E+1	0.0000000E+0	0.0000000E+0	1.0000000E+2	0.0000000E+0
1.1439800E+2	6.7600358E+1	6.0477698E+1	0.0000000E+0	0.0000000E+0	1.0000000E+2	0.0000000E+0
1.1444800E+2	6.7605431E+1	6.0477998E+1	0.0000000E+0	0.0000000E+0	1.0000000E+2	0.0000000E+0
1.1449900E+2	6.7603526E+1	6.0496075E+1	0.0000000E+0	0.0000000E+0	1.0000000E+2	0.0000000E+0
1.1455000E+2	6.7612019E+1	6.0499956E+1	0.0000000E+0	0.0000000E+0	1.0000000E+2	0.0000000E+0
1.1460000E+2	6.7631766E+1	6.0508367E+1	0.0000000E+0	0.0000000E+0	1.0000000E+2	0.0000000E+0
1.1465000E+2	6.7608437E+1	6.0481511E+1	0.0000000E+0	0.0000000E+0	1.0000000E+2	0.0000000E+0
1.1470100E+2	6.7619200E+1	6.0493944E+1	0.0000000E+0	0.0000000E+0	1.0000000E+2	0.0000000E+0
1.1475100E+2	6.7633269E+1	6.0513092E+1	0.0000000E+0	0.0000000E+0	1.0000000E+2	0.0000000E+0
1.1480100E+2	6.7598582E+1	6.0494747E+1	0.0000000E+0	0.0000000E+0	1.0000000E+2	0.0000000E+0
1.1485100E+2	6.7600520E+1	6.0506613E+1	0.0000000E+0	0.0000000E+0	1.0000000E+2	0.0000000E+0
1.1490200E+2	6.7622559E+1	6.0504153E+1	0.0000000E+0	0.0000000E+0	1.0000000E+2	0.0000000E+0
1.1495200E+2	6.7617756E+1	6.0502047E+1	0.0000000E+0	0.0000000E+0	1.0000000E+2	0.0000000E+0
1.1500200E+2	6.7625499E+1	6.0502972E+1	0.0000000E+0	0.0000000E+0	1.0000000E+2	0.0000000E+0
1.1505200E+2	6.7634998E+1	6.0510155E+1	0.0000000E+0	0.0000000E+0	1.0000000E+2	0.0000000E+0
1.1510200E+2	6.7653445E+1	6.0517988E+1	0.0000000E+0	0.0000000E+0	1.0000000E+2	0.0000000E+0
1.1515200E+2	6.7664071E+1	6.0523068E+1	0.0000000E+0	0.0000000E+0	1.0000000E+2	0.0000000E+0
1.1520200E+2	6.7671467E+1	6.0531195E+1	0.0000000E+0	0.0000000E+0	1.0000000E+2	0.0000000E+0
1.1525300E+2	6.7670962E+1	6.0530315E+1	0.0000000E+0	0.0000000E+0	1.0000000E+2	0.0000000E+0
1.1530300E+2	6.7645074E+1	6.0525549E+1	0.0000000E+0	0.0000000E+0	1.0000000E+2	0.0000000E+0
1.1535300E+2	6.7638915E+1	6.0538103E+1	0.0000000E+0	0.0000000E+0	1.0000000E+2	0.0000000E+0
1.1540300E+2	6.7633477E+1	6.0524885E+1	0.0000000E+0	0.0000000E+0	1.0000000E+2	0.0000000E+0
1.1545300E+2	6.7638719E+1	6.0543301E+1	0.0000000E+0	0.0000000E+0	1.0000000E+2	0.0000000E+0
1.1550300E+2	6.7646713E+1	6.0530779E+1	0.0000000E+0	0.0000000E+0	1.0000000E+2	0.0000000E+0
1.1555300E+2	6.7667489E+1	6.0544806E+1	0.0000000E+0	0.0000000E+0	1.0000000E+2	0.0000000E+0
1.1560300E+2	6.7666642E+1	6.0537802E+1	0.0000000E+0	0.0000000E+0	1.0000000E+2	0.0000000E+0
1.1565300E+2	6.7666028E+1	6.0537410E+1	0.0000000E+0	0.0000000E+0	1.0000000E+2	0.0000000E+0
1.1570300E+2	6.7673799E+1	6.0530367E+1	0.0000000E+0	0.0000000E+0	1.0000000E+2	0.0000000E+0
1.1575300E+2	6.7663184E+1	6.0544907E+1	0.0000000E+0	0.0000000E+0	1.0000000E+2	0.0000000E+0
1.1580300E+2	6.7643433E+1	6.0534535E+1	0.0000000E+0	0.0000000E+0	1.0000000E+2	0.0000000E+0
1.1585400E+2	6.7649663E+1	6.0543251E+1	0.0000000E+0	0.0000000E+0	1.0000000E+2	0.0000000E+0
1.1590400E+2	6.7627929E+1	6.0522340E+1	0.0000000E+0	0.0000000E+0	1.0000000E+2	0.0000000E+0
1.1595400E+2	6.7606778E+1	6.0509712E+1	0.0000000E+0	0.0000000E+0	1.0000000E+2	0.0000000E+0
1.1600400E+2	6.7621120E+1	6.0535705E+1	0.0000000E+0	0.0000000E+0	1.0000000E+2	0.0000000E+0
1.1605500E+2	6.7609905E+1	6.0532682E+1	0.0000000E+0	0.0000000E+0	1.0000000E+2	0.0000000E+0
1.1610500E+2	6.7615949E+1	6.0530340E+1	0.0000000E+0	0.0000000E+0	1.0000000E+2	0.0000000E+0
1.1615500E+2	6.7581471E+1	6.0518206E+1	0.0000000E+0	0.0000000E+0	1.0000000E+2	0.0000000E+0
1.1620600E+2	6.7584511E+1	6.0538740E+1	0.0000000E+0	0.0000000E+0	1.0000000E+2	0.0000000E+0
1.1625600E+2	6.7550529E+1	6.0532571E+1	0.0000000E+0	0.0000000E+0	1.0000000E+2	0.0000000E+0
1.1630700E+2	6.7527110E+1	6.0549070E+1	0.0000000E+0	0.0000000E+0	1.0000000E+2	0.0000000E+0
1.1635700E+2	6.7514455E+1	6.0546716E+1	0.0000000E+0	0.0000000E+0	1.0000000E+2	0.0000000E+0
1.1640700E+2	6.7476501E+1	6.0539778E+1	0.0000000E+0	0.0000000E+0	1.0000000E+2	0.0000000E+0
1.1645800E+2	6.7426262E+1	6.0523563E+1	0.0000000E+0	0.0000000E+0	1.0000000E+2	0.0000000E+0
1.1650800E+2	6.7416175E+1	6.0515718E+1	0.0000000E+0	0.0000000E+0	1.0000000E+2	0.0000000E+0
1.1655800E+2	6.7400213E+1	6.0521791E+1	0.0000000E+0	0.0000000E+0	1.0000000E+2	0.0000000E+0
1.1660800E+2	6.7387683E+1	6.0521624E+1	0.0000000E+0	0.0000000E+0	1.0000000E+2	0.0000000E+0
1.1665800E+2	6.7402477E+1	6.0528642E+1	0.0000000E+0	0.0000000E+0	1.0000000E+2	0.0000000E+0
1.1670800E+2	6.7407421E+1	6.0528992E+1	0.0000000E+0	0.0000000E+0	1.0000000E+2	0.0000000E+0
1.1675800E+2	6.7406753E+1	6.0517348E+1	0.0000000E+0	0.0000000E+0	1.0000000E+2	0.0000000E+0
1.1680800E+2	6.7433335E+1	6.0535412E+1	0.0000000E+0	0.0000000E+0	1.0000000E+2	0.0000000E+0
1.1685800E+2	6.7434175E+1	6.0524723E+1	0.0000000E+0	0.0000000E+0	1.0000000E+2	0.0000000E+0
1.1690900E+2	6.7421309E+1	6.0517599E+1	0.0000000E+0	0.0000000E+0	1.0000000E+2	0.0000000E+0
1.1695900E+2	6.7436398E+1	6.0531255E+1	0.0000000E+0	0.0000000E+0	1.0000000E+2	0.0000000E+0
1.1700900E+2	6.7423912E+1	6.0512582E+1	0.0000000E+0	0.0000000E+0	1.0000000E+2	0.0000000E+0
1.1705900E+2	6.7434472E+1	6.0520249E+1	0.0000000E+0	0.0000000E+0	1.0000000E+2	0.0000000E+0
1.1710900E+2	6.7453702E+1	6.0529221E+1	0.0000000E+0	0.0000000E+0	1.0000000E+2	0.0000000E+0
1.1715900E+2	6.7459462E+1	6.0517393E+1	0.0000000E+0	0.0000000E+0	1.0000000E+2	0.0000000E+0
1.1720900E+2	6.7469979E+1	6.0528944E+1	0.0000000E+0	0.0000000E+0	1.0000000E+2	0.0000000E+0
1.1725900E+2	6.7476952E+1	6.0535471E+1	0.0000000E+0	0.0000000E+0	1.0000000E+2	0.0000000E+0
1.1730900E+2	6.7457099E+1	6.0530073E+1	0.0000000E+0	0.0000000E+0	1.0000000E+2	0.0000000E+0
1.1735900E+2	6.7470488E+1	6.0530498E+1	0.0000000E+0	0.0000000E+0	1.0000000E+2	0.0000000E+0
1.1740900E+2	6.7459643E+1	6.0525003E+1	0.0000000E+0	0.0000000E+0	1.0000000E+2	0.0000000E+0
1.1745900E+2	6.7462408E+1	6.0530591E+1	0.0000000E+0	0.0000000E+0	1.0000000E+2	0.0000000E+0
1.1750900E+2	6.7473852E+1	6.0523057E+1	0.0000000E+0	0.0000000E+0	1.0000000E+2	0.0000000E+0
1.1755900E+2	6.7458720E+1	6.0523241E+1	0.0000000E+0	0.0000000E+0	1.0000000E+2	0.0000000E+0
1.1760900E+2	6.7439102E+1	6.0525296E+1	0.0000000E+0	0.0000000E+0	1.0000000E+2	0.0000000E+0
1.1765900E+2	6.7415240E+1	6.0535353E+1	0.0000000E+0	0.0000000E+0	1.0000000E+2	0.0000000E+0
1.1770900E+2	6.7414384E+1	6.0513838E+1	0.0000000E+0	0.0000000E+0	1.0000000E+2	0.0000000E+0
1.1775900E+2	6.7411183E+1	6.0508978E+1	0.0000000E+0	0.0000000E+0	1.0000000E+2	0.0000000E+0
1.1780900E+2	6.7428015E+1	6.0515172E+1	0.0000000E+0	0.0000000E+0	1.0000000E+2	0.0000000E+0
1.1785900E+2	6.7428372E+1	6.0532038E+1	0.0000000E+0	0.0000000E+0	1.0000000E+2	0.0000000E+0
1.1790900E+2	6.7412595E+1	6.0521087E+1	0.0000000E+0	0.0000000E+0	1.0000000E+2	0.0000000E+0
1.1795900E+2	6.7397845E+1	6.0513561E+1	0.0000000E+0	0.0000000E+0	1.0000000E+2	0.0000000E+0
1.1800900E+2	6.7412560E+1	6.0520759E+1	0.0000000E+0	0.0000000E+0	1.0000000E+2	0.0000000E+0
1.1806000E+2	6.7396047E+1	6.0527960E+1	0.0000000E+0	0.0000000E+0	1.0000000E+2	0.0000000E+0
1.1811000E+2	6.7358476E+1	6.0527563E+1	0.0000000E+0	0.0000000E+0	1.0000000E+2	0.0000000E+0
1.1816000E+2	6.7345194E+1	6.0520929E+1	0.0000000E+0	0.0000000E+0	1.0000000E+2	0.0000000E+0
1.1821100E+2	6.7329787E+1	6.0510295E+1	0.0000000E+0	0.0000000E+0	1.0000000E+2	0.0000000E+0
1.1826100E+2	6.7332735E+1	6.0520465E+1	0.0000000E+0	0.0000000E+0	1.0000000E+2	0.0000000E+0
1.1831200E+2	6.7323578E+1	6.0509696E+1	0.0000000E+0	0.0000000E+0	1.0000000E+2	0.0000000E+0
1.1836200E+2	6.7336022E+1	6.0530574E+1	0.0000000E+0	0.0000000E+0	1.0000000E+2	0.0000000E+0
1.1841300E+2	6.7324396E+1	6.0531614E+1	0.0000000E+0	0.0000000E+0	1.0000000E+2	0.0000000E+0
1.1846300E+2	6.7300922E+1	6.0527318E+1	0.0000000E+0	0.0000000E+0	1.0000000E+2	0.0000000E+0
1.1851300E+2	6.7298895E+1	6.0511357E+1	0.0000000E+0	0.0000000E+0	1.0000000E+2	0.0000000E+0
1.1856400E+2	6.7304431E+1	6.0521724E+1	0.0000000E+0	0.0000000E+0	1.0000000E+2	0.0000000E+0
1.1861500E+2	6.7290377E+1	6.0511475E+1	0.0000000E+0	0.0000000E+0	1.0000000E+2	0.0000000E+0
1.1866500E+2	6.7298688E+1	6.0504971E+1	0.0000000E+0	0.0000000E+0	1.0000000E+2	0.0000000E+0
1.1871500E+2	6.7313784E+1	6.0505412E+1	0.0000000E+0	0.0000000E+0	1.0000000E+2	0.0000000E+0
1.1876500E+2	6.7304891E+1	6.0497829E+1	0.0000000E+0	0.0000000E+0	1.0000000E+2	0.0000000E+0
1.1881500E+2	6.7309640E+1	6.0497255E+1	0.0000000E+0	0.0000000E+0	1.0000000E+2	0.0000000E+0
1.1886500E+2	6.7337276E+1	6.0507858E+1	0.0000000E+0	0.0000000E+0	1.0000000E+2	0.0000000E+0
1.1891500E+2	6.7328962E+1	6.0496499E+1	0.0000000E+0	0.0000000E+0	1.0000000E+2	0.0000000E+0
1.1896500E+2	6.7345756E+1	6.0495260E+1	0.0000000E+0	0.0000000E+0	1.0000000E+2	0.0000000E+0
1.1901500E+2	6.7305911E+1	6.0481419E+1	0.0000000E+0	0.0000000E+0	1.0000000E+2	0.0000000E+0
1.1906500E+2	6.7353723E+1	6.0495967E+1	0.0000000E+0	0.0000000E+0	1.0000000E+2	0.0000000E+0
1.1911500E+2	6.7387757E+1	6.0501510E+1	0.0000000E+0	0.0000000E+0	1.0000000E+2	0.0000000E+0
1.1916600E+2	6.7393024E+1	6.0490400E+1	0.0000000E+0	0.0000000E+0	1.0000000E+2	0.0000000E+0
1.1921600E+2	6.7394618E+1	6.0488278E+1	0.0000000E+0	0.0000000E+0	1.0000000E+2	0.0000000E+0
1.1926600E+2	6.7394537E+1	6.0483017E+1	0.0000000E+0	0.0000000E+0	1.0000000E+2	0.0000000E+0
1.1931700E+2	6.7401732E+1	6.0489788E+1	0.0000000E+0	0.0000000E+0	1.0000000E+2	0.0000000E+0
1.1936700E+2	6.7429886E+1	6.0507460E+1	0.0000000E+0	0.0000000E+0	1.0000000E+2	0.0000000E+0
1.1941700E+2	6.7437934E+1	6.0508959E+1	0.0000000E+0	0.0000000E+0	1.0000000E+2	0.0000000E+0
1.1946700E+2	6.7440996E+1	6.0495154E+1	0.0000000E+0	0.0000000E+0	1.0000000E+2	0.0000000E+0
1.1951700E+2	6.7420710E+1	6.0495911E+1	0.0000000E+0	0.0000000E+0	1.0000000E+2	0.0000000E+0
1.1956700E+2	6.7446837E+1	6.0502706E+1	0.0000000E+0	0.0000000E+0	1.0000000E+2	0.0000000E+0
1.1961700E+2	6.7432090E+1	6.0499181E+1	0.0000000E+0	0.0000000E+0	1.0000000E+2	0.0000000E+0
1.1966700E+2	6.7402081E+1	6.0500148E+1	0.0000000E+0	0.0000000E+0	1.0000000E+2	0.0000000E+0
1.1971700E+2	6.7383321E+1	6.0502592E+1	0.0000000E+0	0.0000000E+0	1.0000000E+2	0.0000000E+0
1.1976700E+2	6.7337712E+1	6.0496049E+1	0.0000000E+0	0.0000000E+0	1.0000000E+2	0.0000000E+0
1.1981800E+2	6.7288405E+1	6.0499316E+1	0.0000000E+0	0.0000000E+0	1.0000000E+2	0.0000000E+0
1.1986900E+2	6.7236676E+1	6.0489251E+1	0.0000000E+0	0.0000000E+0	1.0000000E+2	0.0000000E+0
1.1991900E+2	6.7231353E+1	6.0506669E+1	0.0000000E+0	0.0000000E+0	1.0000000E+2	0.0000000E+0
1.1997000E+2	6.7211884E+1	6.0491014E+1	0.0000000E+0	0.0000000E+0	1.0000000E+2	0.0000000E+0
1.2002000E+2	6.7167546E+1	6.0486418E+1	0.0000000E+0	0.0000000E+0	1.0000000E+2	0.0000000E+0
1.2007000E+2	6.7145722E+1	6.0471724E+1	0.0000000E+0	0.0000000E+0	1.0000000E+2	0.0000000E+0
1.2012100E+2	6.7143564E+1	6.0470173E+1	0.0000000E+0	0.0000000E+0	1.0000000E+2	0.0000000E+0
1.2017100E+2	6.7122759E+1	6.0467053E+1	0.0000000E+0	0.0000000E+0	1.0000000E+2	0.0000000E+0
1.2022100E+2	6.7135513E+1	6.0480571E+1	0.0000000E+0	0.0000000E+0	1.0000000E+2	0.0000000E+0
1.2027100E+2	6.7108613E+1	6.0478299E+1	0.0000000E+0	0.0000000E+0	1.0000000E+2	0.0000000E+0
1.2032200E+2	6.7109394E+1	6.0469963E+1	0.0000000E+0	0.0000000E+0	1.0000000E+2	0.0000000E+0
1.2037300E+2	6.7066362E+1	6.0471663E+1	0.0000000E+0	0.0000000E+0	1.0000000E+2	0.0000000E+0
1.2042300E+2	6.7055447E+1	6.0477306E+1	0.0000000E+0	0.0000000E+0	1.0000000E+2	0.0000000E+0
1.2047300E+2	6.7038622E+1	6.0477090E+1	0.0000000E+0	0.0000000E+0	1.0000000E+2	0.0000000E+0
1.2052300E+2	6.7043773E+1	6.0467925E+1	0.0000000E+0	0.0000000E+0	1.0000000E+2	0.0000000E+0
1.2057300E+2	6.7042382E+1	6.0467110E+1	0.0000000E+0	0.0000000E+0	1.0000000E+2	0.0000000E+0
1.2062300E+2	6.7054854E+1	6.0482917E+1	0.0000000E+0	0.0000000E+0	1.0000000E+2	0.0000000E+0
1.2067300E+2	6.7061113E+1	6.0472184E+1	0.0000000E+0	0.0000000E+0	1.0000000E+2	0.0000000E+0
1.2072400E+2	6.7078348E+1	6.0467003E+1	0.0000000E+0	0.0000000E+0	1.0000000E+2	0.0000000E+0
1.2077400E+2	6.7082478E+1	6.0471154E+1	0.0000000E+0	0.0000000E+0	1.0000000E+2	0.0000000E+0
1.2082400E+2	6.7073970E+1	6.0469201E+1	0.0000000E+0	0.0000000E+0	1.0000000E+2	0.0000000E+0
1.2087400E+2	6.7086363E+1	6.0474481E+1	0.0000000E+0	0.0000000E+0	1.0000000E+2	0.0000000E+0
1.2092400E+2	6.7092460E+1	6.0475298E+1	0.0000000E+0	0.0000000E+0	1.0000000E+2	0.0000000E+0
1.2097400E+2	6.7102646E+1	6.0481389E+1	0.0000000E+0	0.0000000E+0	1.0000000E+2	0.0000000E+0
1.2102400E+2	6.7128406E+1	6.0491302E+1	0.0000000E+0	0.0000000E+0	1.0000000E+2	0.0000000E+0
1.2107400E+2	6.7142515E+1	6.0490973E+1	0.0000000E+0	0.0000000E+0	1.0000000E+2	0.0000000E+0
1.2112400E+2	6.7131671E+1	6.0483795E+1	0.0000000E+0	0.0000000E+0	1.0000000E+2	0.0000000E+0
1.2117400E+2	6.7124827E+1	6.0488057E+1	0.0000000E+0	0.0000000E+0	1.0000000E+2	0.0000000E+0
1.2122500E+2	6.7127053E+1	6.0491861E+1	0.0000000E+0	0.0000000E+0	1.0000000E+2	0.0000000E+0
1.2127500E+2	6.7132196E+1	6.0489258E+1	0.0000000E+0	0.0000000E+0	1.0000000E+2	0.0000000E+0
1.2132500E+2	6.7155553E+1	6.0491988E+1	0.0000000E+0	0.0000000E+0	1.0000000E+2	0.0000000E+0
1.2137500E+2	6.7121496E+1	6.0477336E+1	0.0000000E+0	0.0000000E+0	1.0000000E+2	0.0000000E+0
1.2142500E+2	6.7128679E+1	6.0491254E+1	0.0000000E+0	0.0000000E+0	1.0000000E+2	0.0000000E+0
1.2147600E+2	6.7135458E+1	6.0487877E+1	0.0000000E+0	0.0000000E+0	1.0000000E+2	0.0000000E+0
1.2152600E+2	6.7147896E+1	6.0479182E+1	0.0000000E+0	0.0000000E+0	1.0000000E+2	0.0000000E+0
1.2157700E+2	6.7166286E+1	6.0464468E+1	0.0000000E+0	0.0000000E+0	1.0000000E+2	0.0000000E+0
1.2162700E+2	6.7203373E+1	6.0467902E+1	0.0000000E+0	0.0000000E+0	1.0000000E+2	0.0000000E+0
1.2167700E+2	6.7242863E+1	6.0479927E+1	0.0000000E+0	0.0000000E+0	1.0000000E+2	0.0000000E+0
1.2172700E+2	6.7263784E+1	6.0476497E+1	0.0000000E+0	0.0000000E+0	1.0000000E+2	0.0000000E+0
1.2177700E+2	6.7278365E+1	6.0486477E+1	0.0000000E+0	0.0000000E+0	1.0000000E+2	0.0000000E+0
1.2182700E+2	6.7289716E+1	6.0493267E+1	0.0000000E+0	0.0000000E+0	1.0000000E+2	0.0000000E+0
1.2187700E+2	6.7291039E+1	6.0488365E+1	0.0000000E+0	0.0000000E+0	1.0000000E+2	0.0000000E+0
1.2192700E+2	6.7268409E+1	6.0487468E+1	0.0000000E+0	0.0000000E+0	1.0000000E+2	0.0000000E+0
1.2197700E+2	6.7273908E+1	6.0488442E+1	0.0000000E+0	0.0000000E+0	1.0000000E+2	0.0000000E+0
1.2202700E+2	6.7226842E+1	6.0474910E+1	0.0000000E+0	0.0000000E+0	1.0000000E+2	0.0000000E+0
1.2207700E+2	6.7202414E+1	6.0485893E+1	0.0000000E+0	0.0000000E+0	1.0000000E+2	0.0000000E+0
1.2212800E+2	6.7206390E+1	6.0475998E+1	0.0000000E+0	0.0000000E+0	1.0000000E+2	0.0000000E+0
1.2217800E+2	6.7213165E+1	6.0462455E+1	0.0000000E+0	0.0000000E+0	1.0000000E+2	0.0000000E+0
1.2222900E+2	6.7234247E+1	6.0473191E+1	0.0000000E+0	0.0000000E+0	1.0000000E+2	0.0000000E+0
1.2227900E+2	6.7232698E+1	6.0468472E+1	0.0000000E+0	0.0000000E+0	1.0000000E+2	0.0000000E+0
1.2233100E+2	6.7264292E+1	6.0468498E+1	0.0000000E+0	0.0000000E+0	1.0000000E+2	0.0000000E+0
1.2238100E+2	6.7272488E+1	6.0476896E+1	0.0000000E+0	0.0000000E+0	1.0000000E+2	0.0000000E+0
1.2243100E+2	6.7271891E+1	6.0474758E+1	0.0000000E+0	0.0000000E+0	1.0000000E+2	0.0000000E+0
1.2248100E+2	6.7267675E+1	6.0472791E+1	0.0000000E+0	0.0000000E+0	1.0000000E+2	0.0000000E+0
1.2253100E+2	6.7253828E+1	6.0473326E+1	0.0000000E+0	0.0000000E+0	1.0000000E+2	0.0000000E+0
1.2258100E+2	6.7251707E+1	6.0460461E+1	0.0000000E+0	0.0000000E+0	1.0000000E+2	0.0000000E+0
1.2263100E+2	6.7264948E+1	6.0474949E+1	0.0000000E+0	0.0000000E+0	1.0000000E+2	0.0000000E+0
1.2268100E+2	6.7273322E+1	6.0465291E+1	0.0000000E+0	0.0000000E+0	1.0000000E+2	0.0000000E+0
1.2273200E+2	6.7323418E+1	6.0487829E+1	0.0000000E+0	0.0000000E+0	1.0000000E+2	0.0000000E+0
1.2278200E+2	6.7330282E+1	6.0489441E+1	0.0000000E+0	0.0000000E+0	1.0000000E+2	0.0000000E+0
1.2283200E+2	6.7324310E+1	6.0476642E+1	0.0000000E+0	0.0000000E+0	1.0000000E+2	0.0000000E+0
1.2288200E+2	6.7316485E+1	6.0471881E+1	0.0000000E+0	0.0000000E+0	1.0000000E+2	0.0000000E+0
1.2293200E+2	6.7304274E+1	6.0464020E+1	0.0000000E+0	0.0000000E+0	1.0000000E+2	0.0000000E+0
1.2298300E+2	6.7280596E+1	6.0468738E+1	0.0000000E+0	0.0000000E+0	1.0000000E+2	0.0000000E+0
1.2303300E+2	6.7263622E+1	6.0469524E+1	0.0000000E+0	0.0000000E+0	1.0000000E+2	0.0000000E+0
1.2308400E+2	6.7225596E+1	6.0465005E+1	0.0000000E+0	0.0000000E+0	1.0000000E+2	0.0000000E+0
1.2313500E+2	6.7171091E+1	6.0433591E+1	0.0000000E+0	0.0000000E+0	1.0000000E+2	0.0000000E+0
1.2318500E+2	6.7126582E+1	6.0433654E+1	0.0000000E+0	0.0000000E+0	1.0000000E+2	0.0000000E+0
1.2323600E+2	6.7098927E+1	6.0458972E+1	0.0000000E+0	0.0000000E+0	1.0000000E+2	0.0000000E+0
1.2328600E+2	6.7125973E+1	6.0468964E+1	0.0000000E+0	0.0000000E+0	1.0000000E+2	0.0000000E+0
1.2333600E+2	6.7134531E+1	6.0461799E+1	0.0000000E+0	0.0000000E+0	1.0000000E+2	0.0000000E+0
1.2338600E+2	6.7148751E+1	6.0458319E+1	0.0000000E+0	0.0000000E+0	1.0000000E+2	0.0000000E+0
1.2343600E+2	6.7169318E+1	6.0458270E+1	0.0000000E+0	0.0000000E+0	1.0000000E+2	0.0000000E+0
1.2348700E+2	6.7173660E+1	6.0461134E+1	0.0000000E+0	0.0000000E+0	1.0000000E+2	0.0000000E+0
1.2353700E+2	6.7155858E+1	6.0450883E+1	0.0000000E+0	0.0000000E+0	1.0000000E+2	0.0000000E+0
1.2358700E+2	6.7155794E+1	6.0459761E+1	0.0000000E+0	0.0000000E+0	1.0000000E+2	0.0000000E+0
1.2363700E+2	6.7167346E+1	6.0456516E+1	0.0000000E+0	0.0000000E+0	1.0000000E+2	0.0000000E+0
1.2368700E+2	6.7161300E+1	6.0444479E+1	0.0000000E+0	0.0000000E+0	1.0000000E+2	0.0000000E+0
1.2373700E+2	6.7177872E+1	6.0454396E+1	0.0000000E+0	0.0000000E+0	1.0000000E+2	0.0000000E+0
1.2378800E+2	6.7193165E+1	6.0449747E+1	0.0000000E+0	0.0000000E+0	1.0000000E+2	0.0000000E+0
1.2383800E+2	6.7210297E+1	6.0459343E+1	0.0000000E+0	0.0000000E+0	1.0000000E+2	0.0000000E+0
1.2388800E+2	6.7247893E+1	6.0455917E+1	0.0000000E+0	0.0000000E+0	1.0000000E+2	0.0000000E+0
1.2393800E+2	6.7271058E+1	6.0449230E+1	0.0000000E+0	0.0000000E+0	1.0000000E+2	0.0000000E+0
1.2398800E+2	6.7293061E+1	6.0453978E+1	0.0000000E+0	0.0000000E+0	1.0000000E+2	0.0000000E+0
1.2403800E+2	6.7332966E+1	6.0463774E+1	0.0000000E+0	0.0000000E+0	1.0000000E+2	0.0000000E+0
1.2408900E+2	6.7340034E+1	6.0463465E+1	0.0000000E+0	0.0000000E+0	1.0000000E+2	0.0000000E+0
1.2414000E+2	6.7332625E+1	6.0468939E+1	0.0000000E+0	0.0000000E+0	1.0000000E+2	0.0000000E+0
1.2419000E+2	6.7325096E+1	6.0461347E+1	0.0000000E+0	0.0000000E+0	1.0000000E+2	0.0000000E+0
1.2424000E+2	6.7299982E+1	6.0461455E+1	0.0000000E+0	0.0000000E+0	1.0000000E+2	0.0000000E+0
1.2429000E+2	6.7272950E+1	6.0469294E+1	0.0000000E+0	0.0000000E+0	1.0000000E+2	0.0000000E+0
1.2434000E+2	6.7236028E+1	6.0425189E+1	0.0000000E+0	0.0000000E+0	1.0000000E+2	0.0000000E+0
1.2439000E+2	6.7229597E+1	6.0436331E+1	0.0000000E+0	0.0000000E+0	1.0000000E+2	0.0000000E+0
1.2444000E+2	6.7206557E+1	6.0428572E+1	0.0000000E+0	0.0000000E+0	1.0000000E+2	0.0000000E+0
1.2449000E+2	6.7191578E+1	6.0432920E+1	0.0000000E+0	0.0000000E+0	1.0000000E+2	0.0000000E+0
1.2454000E+2	6.7169806E+1	6.0426931E+1	0.0000000E+0	0.0000000E+0	1.0000000E+2	0.0000000E+0
1.2459000E+2	6.7167558E+1	6.0426452E+1	0.0000000E+0	0.0000000E+0	1.0000000E+2	0.0000000E+0
1.2464000E+2	6.7142526E+1	6.0418682E+1	0.0000000E+0	0.0000000E+0	1.0000000E+2	0.0000000E+0
1.2469100E+2	6.7127294E+1	6.0405378E+1	0.0000000E+0	0.0000000E+0	1.0000000E+2	0.0000000E+0
1.2474100E+2	6.7111388E+1	6.0398453E+1	0.0000000E+0	0.0000000E+0	1.0000000E+2	0.0000000E+0
1.2479200E+2	6.7079864E+1	6.0384610E+1	0.0000000E+0	0.0000000E+0	1.0000000E+2	0.0000000E+0
1.2484200E+2	6.7096683E+1	6.0382014E+1	0.0000000E+0	0.0000000E+0	1.0000000E+2	0.0000000E+0
1.2489200E+2	6.7124781E+1	6.0397694E+1	0.0000000E+0	0.0000000E+0	1.0000000E+2	0.0000000E+0
1.2494200E+2	6.7103411E+1	6.0380751E+1	0.0000000E+0	0.0000000E+0	1.0000000E+2	0.0000000E+0
1.2499200E+2	6.7111423E+1	6.0379546E+1	0.0000000E+0	0.0000000E+0	1.0000000E+2	0.0000000E+0
1.2504200E+2	6.7096170E+1	6.0379752E+1	0.0000000E+0	0.0000000E+0	1.0000000E+2	0.0000000E+0
1.2509200E+2	6.7077094E+1	6.0373067E+1	0.0000000E+0	0.0000000E+0	1.0000000E+2	0.0000000E+0
1.2514200E+2	6.7096396E+1	6.0389388E+1	0.0000000E+0	0.0000000E+0	1.0000000E+2	0.0000000E+0
1.2519200E+2	6.7097179E+1	6.0384466E+1	0.0000000E+0	0.0000000E+0	1.0000000E+2	0.0000000E+0
1.2524200E+2	6.7104743E+1	6.0385276E+1	0.0000000E+0	0.0000000E+0	1.0000000E+2	0.0000000E+0
1.2529200E+2	6.7107551E+1	6.0385915E+1	0.0000000E+0	0.0000000E+0	1.0000000E+2	0.0000000E+0
1.2534200E+2	6.7119293E+1	6.0389066E+1	0.0000000E+0	0.0000000E+0	1.0000000E+2	0.0000000E+0
1.2539200E+2	6.7135431E+1	6.0380249E+1	0.0000000E+0	0.0000000E+0	1.0000000E+2	0.0000000E+0
1.2544200E+2	6.7162042E+1	6.0386121E+1	0.0000000E+0	0.0000000E+0	1.0000000E+2	0.0000000E+0
1.2549200E+2	6.7192408E+1	6.0391859E+1	0.0000000E+0	0.0000000E+0	1.0000000E+2	0.0000000E+0
1.2554200E+2	6.7237922E+1	6.0394730E+1	0.0000000E+0	0.0000000E+0	1.0000000E+2	0.0000000E+0
1.2559200E+2	6.7262009E+1	6.0394764E+1	0.0000000E+0	0.0000000E+0	1.0000000E+2	0.0000000E+0
1.2564200E+2	6.7274261E+1	6.0392048E+1	0.0000000E+0	0.0000000E+0	1.0000000E+2	0.0000000E+0
1.2569300E+2	6.7288530E+1	6.0397192E+1	0.0000000E+0	0.0000000E+0	1.0000000E+2	0.0000000E+0
1.2574300E+2	6.7285931E+1	6.0404621E+1	0.0000000E+0	0.0000000E+0	1.0000000E+2	0.0000000E+0
1.2579300E+2	6.7273640E+1	6.0389872E+1	0.0000000E+0	0.0000000E+0	1.0000000E+2	0.0000000E+0
1.2584400E+2	6.7251653E+1	6.0395116E+1	0.0000000E+0	0.0000000E+0	1.0000000E+2	0.0000000E+0
1.2589400E+2	6.7243041E+1	6.0409841E+1	0.0000000E+0	0.0000000E+0	1.0000000E+2	0.0000000E+0
1.2594400E+2	6.7240608E+1	6.0416210E+1	0.0000000E+0	0.0000000E+0	1.0000000E+2	0.0000000E+0
1.2599400E+2	6.7203926E+1	6.0403082E+1	0.0000000E+0	0.0000000E+0	1.0000000E+2	0.0000000E+0
1.2604400E+2	6.7198325E+1	6.0425024E+1	0.0000000E+0	0.0000000E+0	1.0000000E+2	0.0000000E+0
1.2609400E+2	6.7180930E+1	6.0414165E+1	0.0000000E+0	0.0000000E+0	1.0000000E+2	0.0000000E+0
1.2614400E+2	6.7154538E+1	6.0418861E+1	0.0000000E+0	0.0000000E+0	1.0000000E+2	0.0000000E+0
1.2619400E+2	6.7141282E+1	6.0411116E+1	0.0000000E+0	0.0000000E+0	1.0000000E+2	0.0000000E+0
1.2624400E+2	6.7137010E+1	6.0419754E+1	0.0000000E+0	0.0000000E+0	1.0000000E+2	0.0000000E+0
1.2629400E+2	6.7116422E+1	6.0430756E+1	0.0000000E+0	0.0000000E+0	1.0000000E+2	0.0000000E+0
1.2634400E+2	6.7084704E+1	6.0433634E+1	0.0000000E+0	0.0000000E+0	1.0000000E+2	0.0000000E+0
1.2639400E+2	6.7056495E+1	6.0428624E+1	0.0000000E+0	0.0000000E+0	1.0000000E+2	0.0000000E+0
1.2644400E+2	6.7039826E+1	6.0440238E+1	0.0000000E+0	0.0000000E+0	1.0000000E+2	0.0000000E+0
1.2649400E+2	6.6998584E+1	6.0430548E+1	0.0000000E+0	0.0000000E+0	1.0000000E+2	0.0000000E+0
1.2654400E+2	6.6967688E+1	6.0420584E+1	0.0000000E+0	0.0000000E+0	1.0000000E+2	0.0000000E+0
1.2659400E+2	6.6958701E+1	6.0424204E+1	0.0000000E+0	0.0000000E+0	1.0000000E+2	0.0000000E+0
1.2664400E+2	6.6945658E+1	6.0421705E+1	0.0000000E+0	0.0000000E+0	1.0000000E+2	0.0000000E+0
1.2669400E+2	6.6937004E+1	6.0425390E+1	0.0000000E+0	0.0000000E+0	1.0000000E+2	0.0000000E+0
1.2674400E+2	6.6928948E+1	6.0422495E+1	0.0000000E+0	0.0000000E+0	1.0000000E+2	0.0000000E+0
1.2679400E+2	6.6946432E+1	6.0437090E+1	0.0000000E+0	0.0000000E+0	1.0000000E+2	0.0000000E+0
1.2684400E+2	6.6965670E+1	6.0437500E+1	0.0000000E+0	0.0000000E+0	1.0000000E+2	0.0000000E+0
1.2689400E+2	6.6999142E+1	6.0439821E+1	0.0000000E+0	0.0000000E+0	1.0000000E+2	0.0000000E+0
1.2694400E+2	6.7022552E+1	6.0435229E+1	0.0000000E+0	0.0000000E+0	1.0000000E+2	0.0000000E+0
1.2699500E+2	6.7046668E+1	6.0442973E+1	0.0000000E+0	0.0000000E+0	1.0000000E+2	0.0000000E+0
1.2704500E+2	6.7058847E+1	6.0439739E+1	0.0000000E+0	0.0000000E+0	1.0000000E+2	0.0000000E+0
1.2709600E+2	6.7089195E+1	6.0443151E+1	0.0000000E+0	0.0000000E+0	1.0000000E+2	0.0000000E+0
1.2714600E+2	6.7111935E+1	6.0466878E+1	0.0000000E+0	0.0000000E+0	1.0000000E+2	0.0000000E+0
1.2719600E+2	6.7118400E+1	6.0456812E+1	0.0000000E+0	0.0000000E+0	1.0000000E+2	0.0000000E+0
1.2724600E+2	6.7148601E+1	6.0439223E+1	0.0000000E+0	0.0000000E+0	1.0000000E+2	0.0000000E+0
1.2729600E+2	6.7166253E+1	6.0438406E+1	0.0000000E+0	0.0000000E+0	1.0000000E+2	0.0000000E+0
1.2734600E+2	6.7191649E+1	6.0434533E+1	0.0000000E+0	0.0000000E+0	1.0000000E+2	0.0000000E+0
1.2739600E+2	6.7209381E+1	6.0453242E+1	0.0000000E+0	0.0000000E+0	1.0000000E+2	0.0000000E+0
1.2744600E+2	6.7207522E+1	6.0454688E+1	0.0000000E+0	0.0000000E+0	1.0000000E+2	0.0000000E+0
1.2749600E+2	6.7210806E+1	6.0474018E+1	0.0000000E+0	0.0000000E+0	1.0000000E+2	0.0000000E+0
1.2754600E+2	6.7235184E+1	6.0474336E+1	0.0000000E+0	0.0000000E+0	1.0000000E+2	0.0000000E+0
1.2759600E+2	6.7230513E+1	6.0474189E+1	0.0000000E+0	0.0000000E+0	1.0000000E+2	0.0000000E+0
1.2764600E+2	6.7206750E+1	6.0461552E+1	0.0000000E+0	0.0000000E+0	1.0000000E+2	0.0000000E+0
1.2769700E+2	6.7203242E+1	6.0464722E+1	0.0000000E+0	0.0000000E+0	1.0000000E+2	0.0000000E+0
1.2774700E+2	6.7204972E+1	6.0471569E+1	0.0000000E+0	0.0000000E+0	1.0000000E+2	0.0000000E+0
1.2779700E+2	6.7206539E+1	6.0492956E+1	0.0000000E+0	0.0000000E+0	1.0000000E+2	0.0000000E+0
1.2784700E+2	6.7202934E+1	6.0483861E+1	0.0000000E+0	0.0000000E+0	1.0000000E+2	0.0000000E+0
1.2789700E+2	6.7199415E+1	6.0469704E+1	0.0000000E+0	0.0000000E+0	1.0000000E+2	0.0000000E+0
1.2794700E+2	6.7183721E+1	6.0487447E+1	0.0000000E+0	0.0000000E+0	1.0000000E+2	0.0000000E+0
1.2799700E+2	6.7146265E+1	6.0470492E+1	0.0000000E+0	0.0000000E+0	1.0000000E+2	0.0000000E+0
1.2804700E+2	6.7104341E+1	6.0474510E+1	0.0000000E+0	0.0000000E+0	1.0000000E+2	0.0000000E+0
1.2809800E+2	6.7075184E+1	6.0471072E+1	0.0000000E+0	0.0000000E+0	1.0000000E+2	0.0000000E+0
1.2814800E+2	6.7044472E+1	6.0444877E+1	0.0000000E+0	0.0000000E+0	1.0000000E+2	0.0000000E+0
1.2819900E+2	6.7085487E+1	6.0471851E+1	0.0000000E+0	0.0000000E+0	1.0000000E+2	0.0000000E+0
1.2824900E+2	6.7118389E+1	6.0480642E+1	0.0000000E+0	0.0000000E+0	1.0000000E+2	0.0000000E+0
1.2829900E+2	6.7128620E+1	6.0474466E+1	0.0000000E+0	0.0000000E+0	1.0000000E+2	0.0000000E+0
1.2834900E+2	6.7119711E+1	6.0480307E+1	0.0000000E+0	0.0000000E+0	1.0000000E+2	0.0000000E+0
1.2840000E+2	6.7124608E+1	6.0469863E+1	0.0000000E+0	0.0000000E+0	1.0000000E+2	0.0000000E+0
1.2845000E+2	6.7117202E+1	6.0471684E+1	0.0000000E+0	0.0000000E+0	1.0000000E+2	0.0000000E+0
1.2850000E+2	6.7096439E+1	6.0456109E+1	0.0000000E+0	0.0000000E+0	1.0000000E+2	0.0000000E+0
1.2855000E+2	6.7081173E+1	6.0453012E+1	0.0000000E+0	0.0000000E+0	1.0000000E+2	0.0000000E+0
1.2860000E+2	6.7081471E+1	6.0473335E+1	0.0000000E+0	0.0000000E+0	1.0000000E+2	0.0000000E+0
1.2865000E+2	6.7070588E+1	6.0452650E+1	0.0000000E+0	0.0000000E+0	1.0000000E+2	0.0000000E+0
1.2870000E+2	6.7074264E+1	6.0465067E+1	0.0000000E+0	0.0000000E+0	1.0000000E+2	0.0000000E+0
1.2875000E+2	6.7080974E+1	6.0472855E+1	0.0000000E+0	0.0000000E+0	1.0000000E+2	0.0000000E+0
1.2880000E+2	6.7089020E+1	6.0452287E+1	0.0000000E+0	0.0000000E+0	1.0000000E+2	0.0000000E+0
1.2885000E+2	6.7111496E+1	6.0460427E+1	0.0000000E+0	0.0000000E+0	1.0000000E+2	0.0000000E+0
1.2890000E+2	6.7142547E+1	6.0465647E+1	0.0000000E+0	0.0000000E+0	1.0000000E+2	0.0000000E+0
1.2895000E+2	6.7147991E+1	6.0470218E+1	0.0000000E+0	0.0000000E+0	1.0000000E+2	0.0000000E+0
1.2900000E+2	6.7109513E+1	6.0466633E+1	0.0000000E+0	0.0000000E+0	1.0000000E+2	0.0000000E+0
1.2905000E+2	6.7095756E+1	6.0464126E+1	0.0000000E+0	0.0000000E+0	1.0000000E+2	0.0000000E+0
1.2910000E+2	6.7110986E+1	6.0460516E+1	0.0000000E+0	0.0000000E+0	1.0000000E+2	0.0000000E+0
1.2915000E+2	6.7100933E+1	6.0453190E+1	0.0000000E+0	0.0000000E+0	1.0000000E+2	0.0000000E+0
1.2920000E+2	6.7123997E+1	6.0461726E+1	0.0000000E+0	0.0000000E+0	1.0000000E+2	0.0000000E+0
1.2925000E+2	6.7110297E+1	6.0450125E+1	0.0000000E+0	0.0000000E+0	1.0000000E+2	0.0000000E+0
1.2930000E+2	6.7124977E+1	6.0442928E+1	0.0000000E+0	0.0000000E+0	1.0000000E+2	0.0000000E+0
1.2935000E+2	6.7134527E+1	6.0450785E+1	0.0000000E+0	0.0000000E+0	1.0000000E+2	0.0000000E+0
1.2940000E+2	6.7127463E+1	6.0438684E+1	0.0000000E+0	0.0000000E+0	1.0000000E+2	0.0000000E+0
1.2945100E+2	6.7136267E+1	6.0444566E+1	0.0000000E+0	0.0000000E+0	1.0000000E+2	0.0000000E+0
1.2950100E+2	6.7147305E+1	6.0451256E+1	0.0000000E+0	0.0000000E+0	1.0000000E+2	0.0000000E+0
1.2955200E+2	6.7118100E+1	6.0443055E+1	0.0000000E+0	0.0000000E+0	1.0000000E+2	0.0000000E+0
1.2960200E+2	6.7113361E+1	6.0438829E+1	0.0000000E+0	0.0000000E+0	1.0000000E+2	0.0000000E+0
1.2965200E+2	6.7108870E+1	6.0454688E+1	0.0000000E+0	0.0000000E+0	1.0000000E+2	0.0000000E+0
1.2970200E+2	6.7068312E+1	6.0451504E+1	0.0000000E+0	0.0000000E+0	1.0000000E+2	0.0000000E+0
1.2975200E+2	6.7068113E+1	6.0473282E+1	0.0000000E+0	0.0000000E+0	1.0000000E+2	0.0000000E+0
1.2980200E+2	6.7047457E+1	6.0474225E+1	0.0000000E+0	0.0000000E+0	1.0000000E+2	0.0000000E+0
1.2985200E+2	6.7043528E+1	6.0463654E+1	0.0000000E+0	0.0000000E+0	1.0000000E+2	0.0000000E+0
1.2990200E+2	6.7051198E+1	6.0463834E+1	0.0000000E+0	0.0000000E+0	1.0000000E+2	0.0000000E+0
1.2995200E+2	6.7054461E+1	6.0464909E+1	0.0000000E+0	0.0000000E+0	1.0000000E+2	0.0000000E+0
1.3000200E+2	6.7064033E+1	6.0468457E+1	0.0000000E+0	0.0000000E+0	1.0000000E+2	0.0000000E+0
1.3005300E+2	6.7053020E+1	6.0482432E+1	0.0000000E+0	0.0000000E+0	1.0000000E+2	0.0000000E+0
1.3010300E+2	6.7093004E+1	6.0494437E+1	0.0000000E+0	0.0000000E+0	1.0000000E+2	0.0000000E+0
1.3015400E+2	6.7124913E+1	6.0478325E+1	0.0000000E+0	0.0000000E+0	1.0000000E+2	0.0000000E+0
1.3020400E+2	6.7129815E+1	6.0472346E+1	0.0000000E+0	0.0000000E+0	1.0000000E+2	0.0000000E+0
1.3025400E+2	6.7149826E+1	6.0470451E+1	0.0000000E+0	0.0000000E+0	1.0000000E+2	0.0000000E+0
1.3030400E+2	6.7172934E+1	6.0469304E+1	0.0000000E+0	0.0000000E+0	1.0000000E+2	0.0000000E+0
1.3035400E+2	6.7157208E+1	6.0450841E+1	0.0000000E+0	0.0000000E+0	1.0000000E+2	0.0000000E+0
1.3040400E+2	6.7159562E+1	6.0457378E+1	0.0000000E+0	0.0000000E+0	1.0000000E+2	0.0000000E+0
1.3045400E+2	6.7150862E+1	6.0455523E+1	0.0000000E+0	0.0000000E+0	1.0000000E+2	0.0000000E+0
1.3050400E+2	6.7165865E+1	6.0457741E+1	0.0000000E+0	0.0000000E+0	1.0000000E+2	0.0000000E+0
1.3055400E+2	6.7164509E+1	6.0455003E+1	0.0000000E+0	0.0000000E+0	1.0000000E+2	0.0000000E+0
1.3060400E+2	6.7147410E+1	6.0448844E+1	0.0000000E+0	0.0000000E+0	1.0000000E+2	0.0000000E+0
1.3065400E+2	6.7163338E+1	6.0464073E+1	0.0000000E+0	0.0000000E+0	1.0000000E+2	0.0000000E+0
1.3070400E+2	6.7143627E+1	6.0441090E+1	0.0000000E+0	0.0000000E+0	1.0000000E+2	0.0000000E+0
1.3075400E+2	6.7149727E+1	6.0440950E+1	0.0000000E+0	0.0000000E+0	1.0000000E+2	0.0000000E+0
1.3080400E+2	6.7186689E+1	6.0448003E+1	0.0000000E+0	0.0000000E+0	1.0000000E+2	0.0000000E+0
1.3085500E+2	6.7166445E+1	6.0450549E+1	0.0000000E+0	0.0000000E+0	1.0000000E+2	0.0000000E+0
1.3090500E+2	6.7155641E+1	6.0444450E+1	0.0000000E+0	0.0000000E+0	1.0000000E+2	0.0000000E+0
1.3095500E+2	6.7168734E+1	6.0445552E+1	0.0000000E+0	0.0000000E+0	1.0000000E+2	0.0000000E+0
1.3100500E+2	6.7154006E+1	6.0450474E+1	0.0000000E+0	0.0000000E+0	1.0000000E+2	0.0000000E+0
1.3105600E+2	6.7146890E+1	6.0448769E+1	0.0000000E+0	0.0000000E+0	1.0000000E+2	0.0000000E+0
1.3110600E+2	6.7129528E+1	6.0444107E+1	0.0000000E+0	0.0000000E+0	1.0000000E+2	0.0000000E+0
1.3115800E+2	6.7120506E+1	6.0442923E+1	0.0000000E+0	0.0000000E+0	1.0000000E+2	0.0000000E+0
1.3120800E+2	6.7080126E+1	6.0455408E+1	0.0000000E+0	0.0000000E+0	1.0000000E+2	0.0000000E+0
1.3125800E+2	6.7024512E+1	6.0443843E+1	0.0000000E+0	0.0000000E+0	1.0000000E+2	0.0000000E+0
1.3130800E+2	6.7004761E+1	6.0437492E+1	0.0000000E+0	0.0000000E+0	1.0000000E+2	0.0000000E+0
1.3135800E+2	6.7008562E+1	6.0445774E+1	0.0000000E+0	0.0000000E+0	1.0000000E+2	0.0000000E+0
1.3140800E+2	6.7020606E+1	6.0443070E+1	0.0000000E+0	0.0000000E+0	1.0000000E+2	0.0000000E+0
1.3145800E+2	6.7025518E+1	6.0452658E+1	0.0000000E+0	0.0000000E+0	1.0000000E+2	0.0000000E+0
1.3150800E+2	6.7025318E+1	6.0454662E+1	0.0000000E+0	0.0000000E+0	1.0000000E+2	0.0000000E+0
1.3155800E+2	6.7016178E+1	6.0453915E+1	0.0000000E+0	0.0000000E+0	1.0000000E+2	0.0000000E+0
1.3160800E+2	6.7018228E+1	6.0458851E+1	0.0000000E+0	0.0000000E+0	1.0000000E+2	0.0000000E+0
1.3165800E+2	6.7012566E+1	6.0451103E+1	0.0000000E+0	0.0000000E+0	1.0000000E+2	0.0000000E+0
1.3170800E+2	6.6998316E+1	6.0441344E+1	0.0000000E+0	0.0000000E+0	1.0000000E+2	0.0000000E+0
1.3175800E+2	6.7008473E+1	6.0447036E+1	0.0000000E+0	0.0000000E+0	1.0000000E+2	0.0000000E+0
1.3180800E+2	6.7016537E+1	6.0451171E+1	0.0000000E+0	0.0000000E+0	1.0000000E+2	0.0000000E+0
1.3185800E+2	6.7011510E+1	6.0443431E+1	0.0000000E+0	0.0000000E+0	1.0000000E+2	0.0000000E+0
1.3190800E+2	6.7031094E+1	6.0459025E+1	0.0000000E+0	0.0000000E+0	1.0000000E+2	0.0000000E+0
1.3195800E+2	6.7035313E+1	6.0450376E+1	0.0000000E+0	0.0000000E+0	1.0000000E+2	0.0000000E+0
1.3200800E+2	6.7037121E+1	6.0440938E+1	0.0000000E+0	0.0000000E+0	1.0000000E+2	0.0000000E+0
1.3205800E+2	6.7024123E+1	6.0432096E+1	0.0000000E+0	0.0000000E+0	1.0000000E+2	0.0000000E+0
1.3210800E+2	6.7024060E+1	6.0432491E+1	0.0000000E+0	0.0000000E+0	1.0000000E+2	0.0000000E+0
1.3215800E+2	6.7032574E+1	6.0444359E+1	0.0000000E+0	0.0000000E+0	1.0000000E+2	0.0000000E+0
1.3220800E+2	6.7042866E+1	6.0444764E+1	0.0000000E+0	0.0000000E+0	1.0000000E+2	0.0000000E+0
1.3225800E+2	6.7046040E+1	6.0457452E+1	0.0000000E+0	0.0000000E+0	1.0000000E+2	0.0000000E+0
1.3230800E+2	6.7057525E+1	6.0449549E+1	0.0000000E+0	0.0000000E+0	1.0000000E+2	0.0000000E+0
1.3235800E+2	6.7053388E+1	6.0454411E+1	0.0000000E+0	0.0000000E+0	1.0000000E+2	0.0000000E+0
1.3240800E+2	6.7033486E+1	6.0462219E+1	0.0000000E+0	0.0000000E+0	1.0000000E+2	0.0000000E+0
1.3245800E+2	6.6996941E+1	6.0446424E+1	0.0000000E+0	0.0000000E+0	1.0000000E+2	0.0000000E+0
1.3250900E+2	6.7033963E+1	6.0481038E+1	0.0000000E+0	0.0000000E+0	1.0000000E+2	0.0000000E+0
1.3255900E+2	6.7040408E+1	6.0470296E+1	0.0000000E+0	0.0000000E+0	1.0000000E+2	0.0000000E+0
1.3260900E+2	6.7040702E+1	6.0473505E+1	0.0000000E+0	0.0000000E+0	1.0000000E+2	0.0000000E+0
1.3265900E+2	6.7017514E+1	6.0459809E+1	0.0000000E+0	0.0000000E+0	1.0000000E+2	0.0000000E+0
1.3270900E+2	6.7020680E+1	6.0464368E+1	0.0000000E+0	0.0000000E+0	1.0000000E+2	0.0000000E+0
1.3276000E+2	6.7008607E+1	6.0461167E+1	0.0000000E+0	0.0000000E+0	1.0000000E+2	0.0000000E+0
1.3281000E+2	6.6985926E+1	6.0464783E+1	0.0000000E+0	0.0000000E+0	1.0000000E+2	0.0000000E+0
1.3286000E+2	6.6956998E+1	6.0464820E+1	0.0000000E+0	0.0000000E+0	1.0000000E+2	0.0000000E+0
1.3291000E+2	6.6955285E+1	6.0471700E+1	0.0000000E+0	0.0000000E+0	1.0000000E+2	0.0000000E+0
1.3296000E+2	6.6935914E+1	6.0471831E+1	0.0000000E+0	0.0000000E+0	1.0000000E+2	0.0000000E+0
1.3301100E+2	6.6918831E+1	6.0469981E+1	0.0000000E+0	0.0000000E+0	1.0000000E+2	0.0000000E+0
1.3306200E+2	6.6892219E+1	6.0475014E+1	0.0000000E+0	0.0000000E+0	1.0000000E+2	0.0000000E+0
1.3311200E+2	6.6892157E+1	6.0485985E+1	0.0000000E+0	0.0000000E+0	1.0000000E+2	0.0000000E+0
1.3316300E+2	6.6877471E+1	6.0472986E+1	0.0000000E+0	0.0000000E+0	1.0000000E+2	0.0000000E+0
1.3321300E+2	6.6868495E+1	6.0455663E+1	0.0000000E+0	0.0000000E+0	1.0000000E+2	0.0000000E+0
1.3326500E+2	6.6885683E+1	6.0453501E+1	0.0000000E+0	0.0000000E+0	1.0000000E+2	0.0000000E+0
1.3331600E+2	6.6890640E+1	6.0453475E+1	0.0000000E+0	0.0000000E+0	1.0000000E+2	0.0000000E+0
1.3336600E+2	6.6911098E+1	6.0464219E+1	0.0000000E+0	0.0000000E+0	1.0000000E+2	0.0000000E+0
1.3341600E+2	6.6959298E+1	6.0483313E+1	0.0000000E+0	0.0000000E+0	1.0000000E+2	0.0000000E+0
1.3346600E+2	6.6951539E+1	6.0483928E+1	0.0000000E+0	0.0000000E+0	1.0000000E+2	0.0000000E+0
1.3351600E+2	6.6937336E+1	6.0478826E+1	0.0000000E+0	0.0000000E+0	1.0000000E+2	0.0000000E+0
1.3356600E+2	6.6955826E+1	6.0475480E+1	0.0000000E+0	0.0000000E+0	1.0000000E+2	0.0000000E+0
1.3361600E+2	6.6956004E+1	6.0461949E+1	0.0000000E+0	0.0000000E+0	1.0000000E+2	0.0000000E+0
1.3366600E+2	6.6966503E+1	6.0472470E+1	0.0000000E+0	0.0000000E+0	1.0000000E+2	0.0000000E+0
1.3371600E+2	6.6967531E+1	6.0464143E+1	0.0000000E+0	0.0000000E+0	1.0000000E+2	0.0000000E+0
1.3376600E+2	6.6979605E+1	6.0475946E+1	0.0000000E+0	0.0000000E+0	1.0000000E+2	0.0000000E+0
1.3381700E+2	6.7014132E+1	6.0465550E+1	0.0000000E+0	0.0000000E+0	1.0000000E+2	0.0000000E+0
1.3386700E+2	6.7040492E+1	6.0478761E+1	0.0000000E+0	0.0000000E+0	1.0000000E+2	0.0000000E+0
1.3391700E+2	6.7034763E+1	6.0476183E+1	0.0000000E+0	0.0000000E+0	1.0000000E+2	0.0000000E+0
1.3396700E+2	6.7051070E+1	6.0476298E+1	0.0000000E+0	0.0000000E+0	1.0000000E+2	0.0000000E+0
1.3401700E+2	6.7086195E+1	6.0482468E+1	0.0000000E+0	0.0000000E+0	1.0000000E+2	0.0000000E+0
1.3406700E+2	6.7093820E+1	6.0483872E+1	0.0000000E+0	0.0000000E+0	1.0000000E+2	0.0000000E+0
1.3411700E+2	6.7083789E+1	6.0467288E+1	0.0000000E+0	0.0000000E+0	1.0000000E+2	0.0000000E+0
1.3416700E+2	6.7087223E+1	6.0474058E+1	0.0000000E+0	0.0000000E+0	1.0000000E+2	0.0000000E+0
1.3421700E+2	6.7104885E+1	6.0483613E+1	0.0000000E+0	0.0000000E+0	1.0000000E+2	0.0000000E+0
1.3426700E+2	6.7088685E+1	6.0473484E+1	0.0000000E+0	0.0000000E+0	1.0000000E+2	0.0000000E+0
1.3431700E+2	6.7100643E+1	6.0490495E+1	0.0000000E+0	0.0000000E+0	1.0000000E+2	0.0000000E+0
1.3436700E+2	6.7111779E+1	6.0485855E+1	0.0000000E+0	0.0000000E+0	1.0000000E+2	0.0000000E+0
1.3441700E+2	6.7113747E+1	6.0488079E+1	0.0000000E+0	0.0000000E+0	1.0000000E+2	0.0000000E+0
1.3446700E+2	6.7109967E+1	6.0504075E+1	0.0000000E+0	0.0000000E+0	1.0000000E+2	0.0000000E+0
1.3451700E+2	6.7096633E+1	6.0504539E+1	0.0000000E+0	0.0000000E+0	1.0000000E+2	0.0000000E+0
1.3456700E+2	6.7083767E+1	6.0509492E+1	0.0000000E+0	0.0000000E+0	1.0000000E+2	0.0000000E+0
1.3461700E+2	6.7067917E+1	6.0517496E+1	0.0000000E+0	0.0000000E+0	1.0000000E+2	0.0000000E+0
1.3466700E+2	6.7035041E+1	6.0511811E+1	0.0000000E+0	0.0000000E+0	1.0000000E+2	0.0000000E+0
1.3471700E+2	6.6983333E+1	6.0521954E+1	0.0000000E+0	0.0000000E+0	1.0000000E+2	0.0000000E+0
1.3476700E+2	6.6958189E+1	6.0512994E+1	0.0000000E+0	0.0000000E+0	1.0000000E+2	0.0000000E+0
1.3481700E+2	6.6954487E+1	6.0515930E+1	0.0000000E+0	0.0000000E+0	1.0000000E+2	0.0000000E+0
1.3486700E+2	6.6947492E+1	6.0505266E+1	0.0000000E+0	0.0000000E+0	1.0000000E+2	0.0000000E+0
1.3491700E+2	6.6956113E+1	6.0523507E+1	0.0000000E+0	0.0000000E+0	1.0000000E+2	0.0000000E+0
1.3496700E+2	6.6960444E+1	6.0515723E+1	0.0000000E+0	0.0000000E+0	1.0000000E+2	0.0000000E+0
1.3501700E+2	6.6988270E+1	6.0520844E+1	0.0000000E+0	0.0000000E+0	1.0000000E+2	0.0000000E+0
1.3506700E+2	6.7012944E+1	6.0518914E+1	0.0000000E+0	0.0000000E+0	1.0000000E+2	0.0000000E+0
1.3511700E+2	6.7034015E+1	6.0510454E+1	0.0000000E+0	0.0000000E+0	1.0000000E+2	0.0000000E+0
1.3516700E+2	6.7071556E+1	6.0514528E+1	0.0000000E+0	0.0000000E+0	1.0000000E+2	0.0000000E+0
1.3521700E+2	6.7081011E+1	6.0522158E+1	0.0000000E+0	0.0000000E+0	1.0000000E+2	0.0000000E+0
1.3526700E+2	6.7104643E+1	6.0524038E+1	0.0000000E+0	0.0000000E+0	1.0000000E+2	0.0000000E+0
1.3531700E+2	6.7116633E+1	6.0517355E+1	0.0000000E+0	0.0000000E+0	1.0000000E+2	0.0000000E+0
1.3536700E+2	6.7108096E+1	6.0502365E+1	0.0000000E+0	0.0000000E+0	1.0000000E+2	0.0000000E+0
1.3541800E+2	6.7113316E+1	6.0513322E+1	0.0000000E+0	0.0000000E+0	1.0000000E+2	0.0000000E+0
1.3546800E+2	6.7125426E+1	6.0509918E+1	0.0000000E+0	0.0000000E+0	1.0000000E+2	0.0000000E+0
1.3551800E+2	6.7135929E+1	6.0501799E+1	0.0000000E+0	0.0000000E+0	1.0000000E+2	0.0000000E+0
1.3556800E+2	6.7151414E+1	6.0499720E+1	0.0000000E+0	0.0000000E+0	1.0000000E+2	0.0000000E+0
1.3561800E+2	6.7159648E+1	6.0514968E+1	0.0000000E+0	0.0000000E+0	1.0000000E+2	0.0000000E+0
1.3566800E+2	6.7170858E+1	6.0513396E+1	0.0000000E+0	0.0000000E+0	1.0000000E+2	0.0000000E+0
1.3571800E+2	6.7157620E+1	6.0506206E+1	0.0000000E+0	0.0000000E+0	1.0000000E+2	0.0000000E+0
1.3576800E+2	6.7123847E+1	6.0515988E+1	0.0000000E+0	0.0000000E+0	1.0000000E+2	0.0000000E+0
1.3581800E+2	6.7137329E+1	6.0500627E+1	0.0000000E+0	0.0000000E+0	1.0000000E+2	0.0000000E+0
1.3586800E+2	6.7158420E+1	6.0500267E+1	0.0000000E+0	0.0000000E+0	1.0000000E+2	0.0000000E+0
1.3591800E+2	6.7189644E+1	6.0512145E+1	0.0000000E+0	0.0000000E+0	1.0000000E+2	0.0000000E+0
1.3596800E+2	6.7193787E+1	6.0521353E+1	0.0000000E+0	0.0000000E+0	1.0000000E+2	0.0000000E+0
1.3601800E+2	6.7146395E+1	6.0511013E+1	0.0000000E+0	0.0000000E+0	1.0000000E+2	0.0000000E+0
1.3606800E+2	6.7116374E+1	6.0505511E+1	0.0000000E+0	0.0000000E+0	1.0000000E+2	0.0000000E+0
1.3611800E+2	6.7104183E+1	6.0509919E+1	0.0000000E+0	0.0000000E+0	1.0000000E+2	0.0000000E+0
1.3616800E+2	6.7086114E+1	6.0528041E+1	0.0000000E+0	0.0000000E+0	1.0000000E+2	0.0000000E+0
1.3621800E+2	6.7063803E+1	6.0506749E+1	0.0000000E+0	0.0000000E+0	1.0000000E+2	0.0000000E+0
1.3626800E+2	6.7038342E+1	6.0505125E+1	0.0000000E+0	0.0000000E+0	1.0000000E+2	0.0000000E+0
1.3631800E+2	6.7027518E+1	6.0495014E+1	0.0000000E+0	0.0000000E+0	1.0000000E+2	0.0000000E+0
1.3636800E+2	6.7007971E+1	6.0499535E+1	0.0000000E+0	0.0000000E+0	1.0000000E+2	0.0000000E+0
1.3641800E+2	6.7002379E+1	6.0490906E+1	0.0000000E+0	0.0000000E+0	1.0000000E+2	0.0000000E+0
1.3646800E+2	6.7006192E+1	6.0516541E+1	0.0000000E+0	0.0000000E+0	1.0000000E+2	0.0000000E+0
1.3651800E+2	6.7001024E+1	6.0504415E+1	0.0000000E+0	0.0000000E+0	1.0000000E+2	0.0000000E+0
1.3656800E+2	6.7004410E+1	6.0499749E+1	0.0000000E+0	0.0000000E+0	1.0000000E+2	0.0000000E+0
1.3661800E+2	6.7011341E+1	6.0501141E+1	0.0000000E+0	0.0000000E+0	1.0000000E+2	0.0000000E+0
1.3666800E+2	6.6999916E+1	6.0491761E+1	0.0000000E+0	0.0000000E+0	1.0000000E+2	0.0000000E+0
1.3671900E+2	6.6995528E+1	6.0501545E+1	0.0000000E+0	0.0000000E+0	1.0000000E+2	0.0000000E+0
1.3676900E+2	6.6985169E+1	6.0479441E+1	0.0000000E+0	0.0000000E+0	1.0000000E+2	0.0000000E+0
1.3681900E+2	6.6974071E+1	6.0482566E+1	0.0000000E+0	0.0000000E+0	1.0000000E+2	0.0000000E+0
1.3686900E+2	6.6988795E+1	6.0481604E+1	0.0000000E+0	0.0000000E+0	1.0000000E+2	0.0000000E+0
1.3691900E+2	6.6985250E+1	6.0493103E+1	0.0000000E+0	0.0000000E+0	1.0000000E+2	0.0000000E+0
1.3696900E+2	6.6973882E+1	6.0485076E+1	0.0000000E+0	0.0000000E+0	1.0000000E+2	0.0000000E+0
1.3702000E+2	6.6999328E+1	6.0510339E+1	0.0000000E+0	0.0000000E+0	1.0000000E+2	0.0000000E+0
1.3707000E+2	6.6993089E+1	6.0512574E+1	0.0000000E+0	0.0000000E+0	1.0000000E+2	0.0000000E+0
1.3712000E+2	6.6971423E+1	6.0498928E+1	0.0000000E+0	0.0000000E+0	1.0000000E+2	0.0000000E+0
1.3717100E+2	6.6970967E+1	6.0500433E+1	0.0000000E+0	0.0000000E+0	1.0000000E+2	0.0000000E+0
1.3722100E+2	6.6961368E+1	6.0512296E+1	0.0000000E+0	0.0000000E+0	1.0000000E+2	0.0000000E+0
1.3727100E+2	6.6988601E+1	6.0513240E+1	0.0000000E+0	0.0000000E+0	1.0000000E+2	0.0000000E+0
1.3732200E+2	6.7011587E+1	6.0515025E+1	0.0000000E+0	0.0000000E+0	1.0000000E+2	0.0000000E+0
1.3737200E+2	6.7008477E+1	6.0497756E+1	0.0000000E+0	0.0000000E+0	1.0000000E+2	0.0000000E+0
1.3742200E+2	6.7013920E+1	6.0517910E+1	0.0000000E+0	0.0000000E+0	1.0000000E+2	0.0000000E+0
1.3747300E+2	6.7001318E+1	6.0512260E+1	0.0000000E+0	0.0000000E+0	1.0000000E+2	0.0000000E+0
1.3752300E+2	6.6996937E+1	6.0509467E+1	0.0000000E+0	0.0000000E+0	1.0000000E+2	0.0000000E+0
1.3757300E+2	6.7015249E+1	6.0504906E+1	0.0000000E+0	0.0000000E+0	1.0000000E+2	0.0000000E+0
1.3762300E+2	6.7034744E+1	6.0521123E+1	0.0000000E+0	0.0000000E+0	1.0000000E+2	0.0000000E+0
1.3767300E+2	6.6997596E+1	6.0513403E+1	0.0000000E+0	0.0000000E+0	1.0000000E+2	0.0000000E+0
1.3772300E+2	6.6993264E+1	6.0515673E+1	0.0000000E+0	0.0000000E+0	1.0000000E+2	0.0000000E+0
1.3777300E+2	6.6992417E+1	6.0509741E+1	0.0000000E+0	0.0000000E+0	1.0000000E+2	0.0000000E+0
1.3782300E+2	6.6980952E+1	6.0524452E+1	0.0000000E+0	0.0000000E+0	1.0000000E+2	0.0000000E+0
1.3787300E+2	6.6961651E+1	6.0518562E+1	0.0000000E+0	0.0000000E+0	1.0000000E+2	0.0000000E+0
1.3792400E+2	6.6950530E+1	6.0502497E+1	0.0000000E+0	0.0000000E+0	1.0000000E+2	0.0000000E+0
1.3797400E+2	6.6960299E+1	6.0523857E+1	0.0000000E+0	0.0000000E+0	1.0000000E+2	0.0000000E+0
1.3802400E+2	6.6941791E+1	6.0523872E+1	0.0000000E+0	0.0000000E+0	1.0000000E+2	0.0000000E+0
1.3807500E+2	6.6944556E+1	6.0524271E+1	0.0000000E+0	0.0000000E+0	1.0000000E+2	0.0000000E+0
1.3812600E+2	6.6934629E+1	6.0527223E+1	0.0000000E+0	0.0000000E+0	1.0000000E+2	0.0000000E+0
1.3817600E+2	6.6917940E+1	6.0530628E+1	0.0000000E+0	0.0000000E+0	1.0000000E+2	0.0000000E+0
1.3822700E+2	6.6920687E+1	6.0532491E+1	0.0000000E+0	0.0000000E+0	1.0000000E+2	0.0000000E+0
1.3827700E+2	6.6935525E+1	6.0517094E+1	0.0000000E+0	0.0000000E+0	1.0000000E+2	0.0000000E+0
1.3832800E+2	6.6961240E+1	6.0523619E+1	0.0000000E+0	0.0000000E+0	1.0000000E+2	0.0000000E+0
1.3837800E+2	6.6974536E+1	6.0508701E+1	0.0000000E+0	0.0000000E+0	1.0000000E+2	0.0000000E+0
1.3842800E+2	6.7005726E+1	6.0529644E+1	0.0000000E+0	0.0000000E+0	1.0000000E+2	0.0000000E+0
1.3847900E+2	6.7046685E+1	6.0540947E+1	0.0000000E+0	0.0000000E+0	1.0000000E+2	0.0000000E+0
1.3852900E+2	6.7049949E+1	6.0540137E+1	0.0000000E+0	0.0000000E+0	1.0000000E+2	0.0000000E+0
1.3857900E+2	6.7071109E+1	6.0539989E+1	0.0000000E+0	0.0000000E+0	1.0000000E+2	0.0000000E+0
1.3862900E+2	6.7074150E+1	6.0534950E+1	0.0000000E+0	0.0000000E+0	1.0000000E+2	0.0000000E+0
1.3867900E+2	6.7115289E+1	6.0558804E+1	0.0000000E+0	0.0000000E+0	1.0000000E+2	0.0000000E+0
1.3872900E+2	6.7122939E+1	6.0544654E+1	0.0000000E+0	0.0000000E+0	1.0000000E+2	0.0000000E+0
1.3878000E+2	6.7145851E+1	6.0554494E+1	0.0000000E+0	0.0000000E+0	1.0000000E+2	0.0000000E+0
1.3883100E+2	6.7169349E+1	6.0559878E+1	0.0000000E+0	0.0000000E+0	1.0000000E+2	0.0000000E+0
1.3888100E+2	6.7190004E+1	6.0568968E+1	0.0000000E+0	0.0000000E+0	1.0000000E+2	0.0000000E+0
1.3893200E+2	6.7194789E+1	6.0560440E+1	0.0000000E+0	0.0000000E+0	1.0000000E+2	0.0000000E+0
1.3898300E+2	6.7227300E+1	6.0567012E+1	0.0000000E+0	0.0000000E+0	1.0000000E+2	0.0000000E+0
1.3903300E+2	6.7219509E+1	6.0572076E+1	0.0000000E+0	0.0000000E+0	1.0000000E+2	0.0000000E+0
1.3908300E+2	6.7215755E+1	6.0575322E+1	0.0000000E+0	0.0000000E+0	1.0000000E+2	0.0000000E+0
1.3913300E+2	6.7212027E+1	6.0583404E+1	0.0000000E+0	0.0000000E+0	1.0000000E+2	0.0000000E+0
1.3918300E+2	6.7183981E+1	6.0568356E+1	0.0000000E+0	0.0000000E+0	1.0000000E+2	0.0000000E+0
1.3923400E+2	6.7138889E+1	6.0561552E+1	0.0000000E+0	0.0000000E+0	1.0000000E+2	0.0000000E+0
1.3928400E+2	6.7127353E+1	6.0562623E+1	0.0000000E+0	0.0000000E+0	1.0000000E+2	0.0000000E+0
1.3933400E+2	6.7100384E+1	6.0558178E+1	0.0000000E+0	0.0000000E+0	1.0000000E+2	0.0000000E+0
1.3938400E+2	6.7087223E+1	6.0543782E+1	0.0000000E+0	0.0000000E+0	1.0000000E+2	0.0000000E+0
1.3943400E+2	6.7072505E+1	6.0553572E+1	0.0000000E+0	0.0000000E+0	1.0000000E+2	0.0000000E+0
1.3948400E+2	6.7063713E+1	6.0543082E+1	0.0000000E+0	0.0000000E+0	1.0000000E+2	0.0000000E+0
1.3953400E+2	6.7029195E+1	6.0539775E+1	0.0000000E+0	0.0000000E+0	1.0000000E+2	0.0000000E+0
1.3958400E+2	6.6997683E+1	6.0541696E+1	0.0000000E+0	0.0000000E+0	1.0000000E+2	0.0000000E+0
1.3963400E+2	6.6981249E+1	6.0544615E+1	0.0000000E+0	0.0000000E+0	1.0000000E+2	0.0000000E+0
1.3968400E+2	6.6951088E+1	6.0530538E+1	0.0000000E+0	0.0000000E+0	1.0000000E+2	0.0000000E+0
1.3973500E+2	6.6927645E+1	6.0523316E+1	0.0000000E+0	0.0000000E+0	1.0000000E+2	0.0000000E+0
1.3978500E+2	6.6913105E+1	6.0513681E+1	0.0000000E+0	0.0000000E+0	1.0000000E+2	0.0000000E+0
1.3983500E+2	6.6917964E+1	6.0516381E+1	0.0000000E+0	0.0000000E+0	1.0000000E+2	0.0000000E+0
1.3988500E+2	6.6922503E+1	6.0523126E+1	0.0000000E+0	0.0000000E+0	1.0000000E+2	0.0000000E+0
1.3993500E+2	6.6926131E+1	6.0520772E+1	0.0000000E+0	0.0000000E+0	1.0000000E+2	0.0000000E+0
1.3998600E+2	6.6947441E+1	6.0528220E+1	0.0000000E+0	0.0000000E+0	1.0000000E+2	0.0000000E+0
1.4003700E+2	6.6964206E+1	6.0533857E+1	0.0000000E+0	0.0000000E+0	1.0000000E+2	0.0000000E+0
1.4008700E+2	6.6976835E+1	6.0522507E+1	0.0000000E+0	0.0000000E+0	1.0000000E+2	0.0000000E+0
1.4013700E+2	6.6999540E+1	6.0538051E+1	0.0000000E+0	0.0000000E+0	1.0000000E+2	0.0000000E+0
1.4018700E+2	6.7006062E+1	6.0538239E+1	0.0000000E+0	0.0000000E+0	1.0000000E+2	0.0000000E+0
1.4023700E+2	6.7018362E+1	6.0531597E+1	0.0000000E+0	0.0000000E+0	1.0000000E+2	0.0000000E+0
1.4028700E+2	6.7075771E+1	6.0547990E+1	0.0000000E+0	0.0000000E+0	1.0000000E+2	0.0000000E+0
1.4033700E+2	6.7110354E+1	6.0564166E+1	0.0000000E+0	0.0000000E+0	1.0000000E+2	0.0000000E+0
1.4038700E+2	6.7110547E+1	6.0550076E+1	0.0000000E+0	0.0000000E+0	1.0000000E+2	0.0000000E+0
1.4043700E+2	6.7133796E+1	6.0565370E+1	0.0000000E+0	0.0000000E+0	1.0000000E+2	0.0000000E+0
1.4048700E+2	6.7127342E+1	6.0561184E+1	0.0000000E+0	0.0000000E+0	1.0000000E+2	0.0000000E+0
1.4053700E+2	6.7137254E+1	6.0577550E+1	0.0000000E+0	0.0000000E+0	1.0000000E+2	0.0000000E+0
1.4058700E+2	6.7176078E+1	6.0587019E+1	0.0000000E+0	0.0000000E+0	1.0000000E+2	0.0000000E+0
1.4063700E+2	6.7161529E+1	6.0564044E+1	0.0000000E+0	0.0000000E+0	1.0000000E+2	0.0000000E+0
1.4068700E+2	6.7165632E+1	6.0563972E+1	0.0000000E+0	0.0000000E+0	1.0000000E+2	0.0000000E+0
1.4073700E+2	6.7162167E+1	6.0546927E+1	0.0000000E+0	0.0000000E+0	1.0000000E+2	0.0000000E+0
1.4078700E+2	6.7176904E+1	6.0542328E+1	0.0000000E+0	0.0000000E+0	1.0000000E+2	0.0000000E+0
1.4083700E+2	6.7178511E+1	6.0540314E+1	0.0000000E+0	0.0000000E+0	1.0000000E+2	0.0000000E+0
1.4088700E+2	6.7165512E+1	6.0537739E+1	0.0000000E+0	0.0000000E+0	1.0000000E+2	0.0000000E+0
1.4093700E+2	6.7149543E+1	6.0542831E+1	0.0000000E+0	0.0000000E+0	1.0000000E+2	0.0000000E+0
1.4098700E+2	6.7116523E+1	6.0531756E+1	0.0000000E+0	0.0000000E+0	1.0000000E+2	0.0000000E+0
1.4103700E+2	6.7115913E+1	6.0542946E+1	0.0000000E+0	0.0000000E+0	1.0000000E+2	0.0000000E+0
1.4108700E+2	6.7112143E+1	6.0542104E+1	0.0000000E+0	0.0000000E+0	1.0000000E+2	0.0000000E+0
1.4113700E+2	6.7079622E+1	6.0536071E+1	0.0000000E+0	0.0000000E+0	1.0000000E+2	0.0000000E+0
1.4118700E+2	6.7057930E+1	6.0533124E+1	0.0000000E+0	0.0000000E+0	1.0000000E+2	0.0000000E+0
1.4123700E+2	6.7048518E+1	6.0542912E+1	0.0000000E+0	0.0000000E+0	1.0000000E+2	0.0000000E+0
1.4128700E+2	6.7039469E+1	6.0531667E+1	0.0000000E+0	0.0000000E+0	1.0000000E+2	0.0000000E+0
1.4133700E+2	6.7054679E+1	6.0554224E+1	0.0000000E+0	0.0000000E+0	1.0000000E+2	0.0000000E+0
1.4138700E+2	6.7034059E+1	6.0545565E+1	0.0000000E+0	0.0000000E+0	1.0000000E+2	0.0000000E+0
1.4143700E+2	6.7047397E+1	6.0565598E+1	0.0000000E+0	0.0000000E+0	1.0000000E+2	0.0000000E+0
1.4148700E+2	6.7003115E+1	6.0552011E+1	0.0000000E+0	0.0000000E+0	1.0000000E+2	0.0000000E+0
1.4153700E+2	6.6984256E+1	6.0541232E+1	0.0000000E+0	0.0000000E+0	1.0000000E+2	0.0000000E+0
1.4158700E+2	6.6981722E+1	6.0527291E+1	0.0000000E+0	0.0000000E+0	1.0000000E+2	0.0000000E+0
1.4163700E+2	6.7004484E+1	6.0533754E+1	0.0000000E+0	0.0000000E+0	1.0000000E+2	0.0000000E+0
1.4168700E+2	6.7031608E+1	6.0543323E+1	0.0000000E+0	0.0000000E+0	1.0000000E+2	0.0000000E+0
1.4173700E+2	6.7057037E+1	6.0536886E+1	0.0000000E+0	0.0000000E+0	1.0000000E+2	0.0000000E+0
1.4178700E+2	6.7092633E+1	6.0536307E+1	0.0000000E+0	0.0000000E+0	1.0000000E+2	0.0000000E+0
1.4183700E+2	6.7136520E+1	6.0542906E+1	0.0000000E+0	0.0000000E+0	1.0000000E+2	0.0000000E+0
1.4188700E+2	6.7144211E+1	6.0547726E+1	0.0000000E+0	0.0000000E+0	1.0000000E+2	0.0000000E+0
1.4193700E+2	6.7154566E+1	6.0554335E+1	0.0000000E+0	0.0000000E+0	1.0000000E+2	0.0000000E+0
1.4198700E+2	6.7158376E+1	6.0550051E+1	0.0000000E+0	0.0000000E+0	1.0000000E+2	0.0000000E+0
1.4203700E+2	6.7173362E+1	6.0555119E+1	0.0000000E+0	0.0000000E+0	1.0000000E+2	0.0000000E+0
1.4208700E+2	6.7148977E+1	6.0535712E+1	0.0000000E+0	0.0000000E+0	1.0000000E+2	0.0000000E+0
1.4213700E+2	6.7155766E+1	6.0548593E+1	0.0000000E+0	0.0000000E+0	1.0000000E+2	0.0000000E+0
1.4218700E+2	6.7131959E+1	6.0539615E+1	0.0000000E+0	0.0000000E+0	1.0000000E+2	0.0000000E+0
1.4223700E+2	6.7119581E+1	6.0538320E+1	0.0000000E+0	0.0000000E+0	1.0000000E+2	0.0000000E+0
1.4228700E+2	6.7127576E+1	6.0543457E+1	0.0000000E+0	0.0000000E+0	1.0000000E+2	0.0000000E+0
1.4233700E+2	6.7132023E+1	6.0543782E+1	0.0000000E+0	0.0000000E+0	1.0000000E+2	0.0000000E+0
1.4238700E+2	6.7131208E+1	6.0539889E+1	0.0000000E+0	0.0000000E+0	1.0000000E+2	0.0000000E+0
1.4243700E+2	6.7159359E+1	6.0549264E+1	0.0000000E+0	0.0000000E+0	1.0000000E+2	0.0000000E+0
1.4248700E+2	6.7159302E+1	6.0549565E+1	0.0000000E+0	0.0000000E+0	1.0000000E+2	0.0000000E+0
1.4253700E+2	6.7145986E+1	6.0548380E+1	0.0000000E+0	0.0000000E+0	1.0000000E+2	0.0000000E+0
1.4258700E+2	6.7132886E+1	6.0545180E+1	0.0000000E+0	0.0000000E+0	1.0000000E+2	0.0000000E+0
1.4263700E+2	6.7108702E+1	6.0544133E+1	0.0000000E+0	0.0000000E+0	1.0000000E+2	0.0000000E+0
1.4268700E+2	6.7078713E+1	6.0535926E+1	0.0000000E+0	0.0000000E+0	1.0000000E+2	0.0000000E+0
1.4273700E+2	6.7069744E+1	6.0553809E+1	0.0000000E+0	0.0000000E+0	1.0000000E+2	0.0000000E+0
1.4278700E+2	6.7077512E+1	6.0556100E+1	0.0000000E+0	0.0000000E+0	1.0000000E+2	0.0000000E+0
1.4283700E+2	6.7051496E+1	6.0544139E+1	0.0000000E+0	0.0000000E+0	1.0000000E+2	0.0000000E+0
1.4288800E+2	6.7047665E+1	6.0541112E+1	0.0000000E+0	0.0000000E+0	1.0000000E+2	0.0000000E+0
1.4293800E+2	6.7026067E+1	6.0533261E+1	0.0000000E+0	0.0000000E+0	1.0000000E+2	0.0000000E+0
1.4298800E+2	6.7006958E+1	6.0554606E+1	0.0000000E+0	0.0000000E+0	1.0000000E+2	0.0000000E+0
1.4303900E+2	6.6962879E+1	6.0540930E+1	0.0000000E+0	0.0000000E+0	1.0000000E+2	0.0000000E+0
1.4309000E+2	6.6946440E+1	6.0543664E+1	0.0000000E+0	0.0000000E+0	1.0000000E+2	0.0000000E+0
1.4314000E+2	6.6943588E+1	6.0529106E+1	0.0000000E+0	0.0000000E+0	1.0000000E+2	0.0000000E+0
1.4319100E+2	6.6967677E+1	6.0532755E+1	0.0000000E+0	0.0000000E+0	1.0000000E+2	0.0000000E+0
1.4324100E+2	6.6997915E+1	6.0536383E+1	0.0000000E+0	0.0000000E+0	1.0000000E+2	0.0000000E+0
1.4329100E+2	6.7008645E+1	6.0536316E+1	0.0000000E+0	0.0000000E+0	1.0000000E+2	0.0000000E+0
1.4334100E+2	6.7050679E+1	6.0535241E+1	0.0000000E+0	0.0000000E+0	1.0000000E+2	0.0000000E+0
1.4339100E+2	6.7074007E+1	6.0536207E+1	0.0000000E+0	0.0000000E+0	1.0000000E+2	0.0000000E+0
1.4344100E+2	6.7115295E+1	6.0533536E+1	0.0000000E+0	0.0000000E+0	1.0000000E+2	0.0000000E+0
1.4349200E+2	6.7156579E+1	6.0546184E+1	0.0000000E+0	0.0000000E+0	1.0000000E+2	0.0000000E+0
1.4354200E+2	6.7194311E+1	6.0541646E+1	0.0000000E+0	0.0000000E+0	1.0000000E+2	0.0000000E+0
1.4359200E+2	6.7221178E+1	6.0521435E+1	0.0000000E+0	0.0000000E+0	1.0000000E+2	0.0000000E+0
1.4364300E+2	6.7264431E+1	6.0539110E+1	0.0000000E+0	0.0000000E+0	1.0000000E+2	0.0000000E+0
1.4369300E+2	6.7310379E+1	6.0539636E+1	0.0000000E+0	0.0000000E+0	1.0000000E+2	0.0000000E+0
1.4374300E+2	6.7353662E+1	6.0552981E+1	0.0000000E+0	0.0000000E+0	1.0000000E+2	0.0000000E+0
1.4379400E+2	6.7358223E+1	6.0548922E+1	0.0000000E+0	0.0000000E+0	1.0000000E+2	0.0000000E+0
1.4384500E+2	6.7369412E+1	6.0540595E+1	0.0000000E+0	0.0000000E+0	1.0000000E+2	0.0000000E+0
1.4389500E+2	6.7358683E+1	6.0537558E+1	0.0000000E+0	0.0000000E+0	1.0000000E+2	0.0000000E+0
1.4394500E+2	6.7341668E+1	6.0536432E+1	0.0000000E+0	0.0000000E+0	1.0000000E+2	0.0000000E+0
1.4399500E+2	6.7314882E+1	6.0537980E+1	0.0000000E+0	0.0000000E+0	1.0000000E+2	0.0000000E+0
1.4404500E+2	6.7325428E+1	6.0541797E+1	0.0000000E+0	0.0000000E+0	1.0000000E+2	0.0000000E+0
1.4409600E+2	6.7297265E+1	6.0541043E+1	0.0000000E+0	0.0000000E+0	1.0000000E+2	0.0000000E+0
1.4414600E+2	6.7292362E+1	6.0541932E+1	0.0000000E+0	0.0000000E+0	1.0000000E+2	0.0000000E+0
1.4419700E+2	6.7292811E+1	6.0552732E+1	0.0000000E+0	0.0000000E+0	1.0000000E+2	0.0000000E+0
1.4424700E+2	6.7243369E+1	6.0563985E+1	0.0000000E+0	0.0000000E+0	1.0000000E+2	0.0000000E+0
1.4429700E+2	6.7169681E+1	6.0561410E+1	0.0000000E+0	0.0000000E+0	1.0000000E+2	0.0000000E+0
1.4434700E+2	6.7132270E+1	6.0550502E+1	0.0000000E+0	0.0000000E+0	1.0000000E+2	0.0000000E+0
1.4439700E+2	6.7114203E+1	6.0548683E+1	0.0000000E+0	0.0000000E+0	1.0000000E+2	0.0000000E+0
1.4444700E+2	6.7106016E+1	6.0557606E+1	0.0000000E+0	0.0000000E+0	1.0000000E+2	0.0000000E+0
1.4449700E+2	6.7073892E+1	6.0546916E+1	0.0000000E+0	0.0000000E+0	1.0000000E+2	0.0000000E+0
1.4454700E+2	6.7057957E+1	6.0557004E+1	0.0000000E+0	0.0000000E+0	1.0000000E+2	0.0000000E+0
1.4459700E+2	6.7035987E+1	6.0548111E+1	0.0000000E+0	0.0000000E+0	1.0000000E+2	0.0000000E+0
1.4464700E+2	6.7034651E+1	6.0542394E+1	0.0000000E+0	0.0000000E+0	1.0000000E+2	0.0000000E+0
1.4469700E+2	6.7033832E+1	6.0543637E+1	0.0000000E+0	0.0000000E+0	1.0000000E+2	0.0000000E+0
1.4474700E+2	6.7040325E+1	6.0543356E+1	0.0000000E+0	0.0000000E+0	1.0000000E+2	0.0000000E+0
1.4479700E+2	6.7024858E+1	6.0538076E+1	0.0000000E+0	0.0000000E+0	1.0000000E+2	0.0000000E+0
1.4484700E+2	6.7045962E+1	6.0549336E+1	0.0000000E+0	0.0000000E+0	1.0000000E+2	0.0000000E+0
1.4489700E+2	6.7065606E+1	6.0547756E+1	0.0000000E+0	0.0000000E+0	1.0000000E+2	0.0000000E+0
1.4494700E+2	6.7085291E+1	6.0540827E+1	0.0000000E+0	0.0000000E+0	1.0000000E+2	0.0000000E+0
1.4499700E+2	6.7120136E+1	6.0555045E+1	0.0000000E+0	0.0000000E+0	1.0000000E+2	0.0000000E+0
1.4504700E+2	6.7108017E+1	6.0549669E+1	0.0000000E+0	0.0000000E+0	1.0000000E+2	0.0000000E+0
1.4509700E+2	6.7089129E+1	6.0542472E+1	0.0000000E+0	0.0000000E+0	1.0000000E+2	0.0000000E+0
1.4514700E+2	6.7057250E+1	6.0537025E+1	0.0000000E+0	0.0000000E+0	1.0000000E+2	0.0000000E+0
1.4519700E+2	6.7054560E+1	6.0538191E+1	0.0000000E+0	0.0000000E+0	1.0000000E+2	0.0000000E+0
1.4524700E+2	6.7050814E+1	6.0540407E+1	0.0000000E+0	0.0000000E+0	1.0000000E+2	0.0000000E+0
1.4529700E+2	6.7050542E+1	6.0543956E+1	0.0000000E+0	0.0000000E+0	1.0000000E+2	0.0000000E+0
1.4534700E+2	6.7060230E+1	6.0527460E+1	0.0000000E+0	0.0000000E+0	1.0000000E+2	0.0000000E+0
1.4539700E+2	6.7055045E+1	6.0523338E+1	0.0000000E+0	0.0000000E+0	1.0000000E+2	0.0000000E+0
1.4544700E+2	6.7059207E+1	6.0525081E+1	0.0000000E+0	0.0000000E+0	1.0000000E+2	0.0000000E+0
1.4549700E+2	6.7038788E+1	6.0518076E+1	0.0000000E+0	0.0000000E+0	1.0000000E+2	0.0000000E+0
1.4554700E+2	6.7057798E+1	6.0525856E+1	0.0000000E+0	0.0000000E+0	1.0000000E+2	0.0000000E+0
1.4559700E+2	6.6978094E+1	6.0538750E+1	0.0000000E+0	0.0000000E+0	1.0000000E+2	0.0000000E+0
1.4564700E+2	6.6898145E+1	6.0548537E+1	0.0000000E+0	0.0000000E+0	1.0000000E+2	0.0000000E+0
1.4569700E+2	6.6875607E+1	6.0554220E+1	0.0000000E+0	0.0000000E+0	1.0000000E+2	0.0000000E+0
1.4574700E+2	6.6840845E+1	6.0545554E+1	0.0000000E+0	0.0000000E+0	1.0000000E+2	0.0000000E+0
1.4579700E+2	6.6825432E+1	6.0540471E+1	0.0000000E+0	0.0000000E+0	1.0000000E+2	0.0000000E+0
1.4584700E+2	6.6830063E+1	6.0545018E+1	0.0000000E+0	0.0000000E+0	1.0000000E+2	0.0000000E+0
1.4589700E+2	6.6853562E+1	6.0563041E+1	0.0000000E+0	0.0000000E+0	1.0000000E+2	0.0000000E+0
1.4594700E+2	6.6865557E+1	6.0563829E+1	0.0000000E+0	0.0000000E+0	1.0000000E+2	0.0000000E+0
1.4599700E+2	6.6860367E+1	6.0571807E+1	0.0000000E+0	0.0000000E+0	1.0000000E+2	0.0000000E+0
1.4604700E+2	6.6869990E+1	6.0575216E+1	0.0000000E+0	0.0000000E+0	1.0000000E+2	0.0000000E+0
1.4609700E+2	6.6858146E+1	6.0577661E+1	0.0000000E+0	0.0000000E+0	1.0000000E+2	0.0000000E+0
1.4614700E+2	6.6833984E+1	6.0568951E+1	0.0000000E+0	0.0000000E+0	1.0000000E+2	0.0000000E+0
1.4619700E+2	6.6820716E+1	6.0575774E+1	0.0000000E+0	0.0000000E+0	1.0000000E+2	0.0000000E+0
1.4624700E+2	6.6787760E+1	6.0576355E+1	0.0000000E+0	0.0000000E+0	1.0000000E+2	0.0000000E+0
1.4629700E+2	6.6763040E+1	6.0574767E+1	0.0000000E+0	0.0000000E+0	1.0000000E+2	0.0000000E+0
1.4634800E+2	6.6746421E+1	6.0564283E+1	0.0000000E+0	0.0000000E+0	1.0000000E+2	0.0000000E+0
1.4639800E+2	6.6728992E+1	6.0564292E+1	0.0000000E+0	0.0000000E+0	1.0000000E+2	0.0000000E+0
1.4644800E+2	6.6731149E+1	6.0566419E+1	0.0000000E+0	0.0000000E+0	1.0000000E+2	0.0000000E+0
1.4649800E+2	6.6745031E+1	6.0545109E+1	0.0000000E+0	0.0000000E+0	1.0000000E+2	0.0000000E+0
1.4654800E+2	6.6761559E+1	6.0563567E+1	0.0000000E+0	0.0000000E+0	1.0000000E+2	0.0000000E+0
1.4659900E+2	6.6769428E+1	6.0565683E+1	0.0000000E+0	0.0000000E+0	1.0000000E+2	0.0000000E+0
1.4664900E+2	6.6786942E+1	6.0572360E+1	0.0000000E+0	0.0000000E+0	1.0000000E+2	0.0000000E+0
1.4669900E+2	6.6799245E+1	6.0564196E+1	0.0000000E+0	0.0000000E+0	1.0000000E+2	0.0000000E+0
1.4674900E+2	6.6815962E+1	6.0572014E+1	0.0000000E+0	0.0000000E+0	1.0000000E+2	0.0000000E+0
1.4679900E+2	6.6854909E+1	6.0589775E+1	0.0000000E+0	0.0000000E+0	1.0000000E+2	0.0000000E+0
1.4684900E+2	6.6839677E+1	6.0583566E+1	0.0000000E+0	0.0000000E+0	1.0000000E+2	0.0000000E+0
1.4689900E+2	6.6817071E+1	6.0579189E+1	0.0000000E+0	0.0000000E+0	1.0000000E+2	0.0000000E+0
1.4695000E+2	6.6856002E+1	6.0588306E+1	0.0000000E+0	0.0000000E+0	1.0000000E+2	0.0000000E+0
1.4700000E+2	6.6905806E+1	6.0611465E+1	0.0000000E+0	0.0000000E+0	1.0000000E+2	0.0000000E+0
1.4705000E+2	6.6939798E+1	6.0606389E+1	0.0000000E+0	0.0000000E+0	1.0000000E+2	0.0000000E+0
1.4710000E+2	6.6978046E+1	6.0610208E+1	0.0000000E+0	0.0000000E+0	1.0000000E+2	0.0000000E+0
1.4715000E+2	6.6987617E+1	6.0608705E+1	0.0000000E+0	0.0000000E+0	1.0000000E+2	0.0000000E+0
1.4720100E+2	6.7017235E+1	6.0605020E+1	0.0000000E+0	0.0000000E+0	1.0000000E+2	0.0000000E+0
1.4725100E+2	6.7013559E+1	6.0592240E+1	0.0000000E+0	0.0000000E+0	1.0000000E+2	0.0000000E+0
1.4730100E+2	6.7018861E+1	6.0597601E+1	0.0000000E+0	0.0000000E+0	1.0000000E+2	0.0000000E+0
1.4735100E+2	6.7028665E+1	6.0591534E+1	0.0000000E+0	0.0000000E+0	1.0000000E+2	0.0000000E+0
1.4740100E+2	6.7046672E+1	6.0611186E+1	0.0000000E+0	0.0000000E+0	1.0000000E+2	0.0000000E+0
1.4745100E+2	6.7057056E+1	6.0605109E+1	0.0000000E+0	0.0000000E+0	1.0000000E+2	0.0000000E+0
1.4750100E+2	6.7062213E+1	6.0613125E+1	0.0000000E+0	0.0000000E+0	1.0000000E+2	0.0000000E+0
1.4755100E+2	6.7061799E+1	6.0606817E+1	0.0000000E+0	0.0000000E+0	1.0000000E+2	0.0000000E+0
1.4760200E+2	6.7054856E+1	6.0608184E+1	0.0000000E+0	0.0000000E+0	1.0000000E+2	0.0000000E+0
1.4765300E+2	6.7039103E+1	6.0607072E+1	0.0000000E+0	0.0000000E+0	1.0000000E+2	0.0000000E+0
1.4770300E+2	6.7022537E+1	6.0595168E+1	0.0000000E+0	0.0000000E+0	1.0000000E+2	0.0000000E+0
1.4775300E+2	6.7014221E+1	6.0600202E+1	0.0000000E+0	0.0000000E+0	1.0000000E+2	0.0000000E+0
1.4780300E+2	6.6990515E+1	6.0593643E+1	0.0000000E+0	0.0000000E+0	1.0000000E+2	0.0000000E+0
1.4785300E+2	6.6982488E+1	6.0594082E+1	0.0000000E+0	0.0000000E+0	1.0000000E+2	0.0000000E+0
1.4790400E+2	6.6975923E+1	6.0591769E+1	0.0000000E+0	0.0000000E+0	1.0000000E+2	0.0000000E+0
1.4795500E+2	6.6957928E+1	6.0603925E+1	0.0000000E+0	0.0000000E+0	1.0000000E+2	0.0000000E+0
1.4800500E+2	6.6960655E+1	6.0595288E+1	0.0000000E+0	0.0000000E+0	1.0000000E+2	0.0000000E+0
1.4805600E+2	6.6974355E+1	6.0602134E+1	0.0000000E+0	0.0000000E+0	1.0000000E+2	0.0000000E+0
1.4810600E+2	6.6957973E+1	6.0593530E+1	0.0000000E+0	0.0000000E+0	1.0000000E+2	0.0000000E+0
1.4815600E+2	6.6942644E+1	6.0576225E+1	0.0000000E+0	0.0000000E+0	1.0000000E+2	0.0000000E+0
1.4820700E+2	6.6956015E+1	6.0582293E+1	0.0000000E+0	0.0000000E+0	1.0000000E+2	0.0000000E+0
1.4825700E+2	6.6982846E+1	6.0587631E+1	0.0000000E+0	0.0000000E+0	1.0000000E+2	0.0000000E+0
1.4830800E+2	6.7009091E+1	6.0587570E+1	0.0000000E+0	0.0000000E+0	1.0000000E+2	0.0000000E+0
1.4835800E+2	6.7024509E+1	6.0587788E+1	0.0000000E+0	0.0000000E+0	1.0000000E+2	0.0000000E+0
1.4840900E+2	6.7049432E+1	6.0577965E+1	0.0000000E+0	0.0000000E+0	1.0000000E+2	0.0000000E+0
1.4845900E+2	6.7095551E+1	6.0582938E+1	0.0000000E+0	0.0000000E+0	1.0000000E+2	0.0000000E+0
1.4850900E+2	6.7112222E+1	6.0595370E+1	0.0000000E+0	0.0000000E+0	1.0000000E+2	0.0000000E+0
1.4855900E+2	6.7126494E+1	6.0581687E+1	0.0000000E+0	0.0000000E+0	1.0000000E+2	0.0000000E+0
1.4860900E+2	6.7133103E+1	6.0575946E+1	0.0000000E+0	0.0000000E+0	1.0000000E+2	0.0000000E+0
1.4865900E+2	6.7143977E+1	6.0575285E+1	0.0000000E+0	0.0000000E+0	1.0000000E+2	0.0000000E+0
1.4870900E+2	6.7149082E+1	6.0582819E+1	0.0000000E+0	0.0000000E+0	1.0000000E+2	0.0000000E+0
1.4875900E+2	6.7134225E+1	6.0579468E+1	0.0000000E+0	0.0000000E+0	1.0000000E+2	0.0000000E+0
1.4880900E+2	6.7146206E+1	6.0590970E+1	0.0000000E+0	0.0000000E+0	1.0000000E+2	0.0000000E+0
1.4885900E+2	6.7140364E+1	6.0570271E+1	0.0000000E+0	0.0000000E+0	1.0000000E+2	0.0000000E+0
1.4890900E+2	6.7143760E+1	6.0586346E+1	0.0000000E+0	0.0000000E+0	1.0000000E+2	0.0000000E+0
1.4895900E+2	6.7144792E+1	6.0610167E+1	0.0000000E+0	0.0000000E+0	1.0000000E+2	0.0000000E+0
1.4901000E+2	6.7087189E+1	6.0581023E+1	0.0000000E+0	0.0000000E+0	1.0000000E+2	0.0000000E+0
1.4906100E+2	6.7080778E+1	6.0582530E+1	0.0000000E+0	0.0000000E+0	1.0000000E+2	0.0000000E+0
1.4911100E+2	6.7068920E+1	6.0572462E+1	0.0000000E+0	0.0000000E+0	1.0000000E+2	0.0000000E+0
1.4916200E+2	6.7087525E+1	6.0566157E+1	0.0000000E+0	0.0000000E+0	1.0000000E+2	0.0000000E+0
1.4921200E+2	6.7097058E+1	6.0562553E+1	0.0000000E+0	0.0000000E+0	1.0000000E+2	0.0000000E+0
1.4926300E+2	6.7098998E+1	6.0563610E+1	0.0000000E+0	0.0000000E+0	1.0000000E+2	0.0000000E+0
1.4931300E+2	6.7098545E+1	6.0562582E+1	0.0000000E+0	0.0000000E+0	1.0000000E+2	0.0000000E+0
1.4936300E+2	6.7075271E+1	6.0571274E+1	0.0000000E+0	0.0000000E+0	1.0000000E+2	0.0000000E+0
1.4941300E+2	6.7064353E+1	6.0564868E+1	0.0000000E+0	0.0000000E+0	1.0000000E+2	0.0000000E+0
1.4946300E+2	6.7030168E+1	6.0558087E+1	0.0000000E+0	0.0000000E+0	1.0000000E+2	0.0000000E+0
1.4951300E+2	6.7023303E+1	6.0561336E+1	0.0000000E+0	0.0000000E+0	1.0000000E+2	0.0000000E+0
1.4956300E+2	6.7021804E+1	6.0573597E+1	0.0000000E+0	0.0000000E+0	1.0000000E+2	0.0000000E+0
1.4961300E+2	6.7063645E+1	6.0589418E+1	0.0000000E+0	0.0000000E+0	1.0000000E+2	0.0000000E+0
1.4966400E+2	6.7090358E+1	6.0566563E+1	0.0000000E+0	0.0000000E+0	1.0000000E+2	0.0000000E+0
1.4971400E+2	6.7124879E+1	6.0583511E+1	0.0000000E+0	0.0000000E+0	1.0000000E+2	0.0000000E+0
1.4976400E+2	6.7118972E+1	6.0563470E+1	0.0000000E+0	0.0000000E+0	1.0000000E+2	0.0000000E+0
1.4981400E+2	6.7151712E+1	6.0579915E+1	0.0000000E+0	0.0000000E+0	1.0000000E+2	0.0000000E+0
1.4986400E+2	6.7148088E+1	6.0576920E+1	0.0000000E+0	0.0000000E+0	1.0000000E+2	0.0000000E+0
1.4991400E+2	6.7129932E+1	6.0594874E+1	0.0000000E+0	0.0000000E+0	1.0000000E+2	0.0000000E+0
1.4996400E+2	6.7068936E+1	6.0575759E+1	0.0000000E+0	0.0000000E+0	1.0000000E+2	0.0000000E+0
1.5001400E+2	6.7049224E+1	6.0567925E+1	0.0000000E+0	0.0000000E+0	1.0000000E+2	0.0000000E+0
1.5006400E+2	6.7057593E+1	6.0583778E+1	0.0000000E+0	0.0000000E+0	1.0000000E+2	0.0000000E+0
1.5011400E+2	6.7048481E+1	6.0565557E+1	0.0000000E+0	0.0000000E+0	1.0000000E+2	0.0000000E+0
1.5016400E+2	6.7062537E+1	6.0563630E+1	0.0000000E+0	0.0000000E+0	1.0000000E+2	0.0000000E+0
1.5021400E+2	6.7064553E+1	6.0579659E+1	0.0000000E+0	0.0000000E+0	1.0000000E+2	0.0000000E+0
1.5026400E+2	6.7075636E+1	6.0574740E+1	0.0000000E+0	0.0000000E+0	1.0000000E+2	0.0000000E+0
1.5031400E+2	6.7082011E+1	6.0559666E+1	0.0000000E+0	0.0000000E+0	1.0000000E+2	0.0000000E+0
1.5036400E+2	6.7087479E+1	6.0550725E+1	0.0000000E+0	0.0000000E+0	1.0000000E+2	0.0000000E+0
1.5041400E+2	6.7099170E+1	6.0573739E+1	0.0000000E+0	0.0000000E+0	1.0000000E+2	0.0000000E+0
1.5046400E+2	6.7080686E+1	6.0568962E+1	0.0000000E+0	0.0000000E+0	1.0000000E+2	0.0000000E+0
1.5051400E+2	6.7057335E+1	6.0564133E+1	0.0000000E+0	0.0000000E+0	1.0000000E+2	0.0000000E+0
1.5056400E+2	6.7055124E+1	6.0558548E+1	0.0000000E+0	0.0000000E+0	1.0000000E+2	0.0000000E+0
1.5061500E+2	6.7060631E+1	6.0555071E+1	0.0000000E+0	0.0000000E+0	1.0000000E+2	0.0000000E+0
1.5066500E+2	6.7059615E+1	6.0569655E+1	0.0000000E+0	0.0000000E+0	1.0000000E+2	0.0000000E+0
1.5071500E+2	6.7027779E+1	6.0552966E+1	0.0000000E+0	0.0000000E+0	1.0000000E+2	0.0000000E+0
1.5076500E+2	6.7042903E+1	6.0576980E+1	0.0000000E+0	0.0000000E+0	1.0000000E+2	0.0000000E+0
1.5081500E+2	6.6971890E+1	6.0555135E+1	0.0000000E+0	0.0000000E+0	1.0000000E+2	0.0000000E+0
1.5086500E+2	6.6928417E+1	6.0549932E+1	0.0000000E+0	0.0000000E+0	1.0000000E+2	0.0000000E+0
1.5091500E+2	6.6915402E+1	6.0549225E+1	0.0000000E+0	0.0000000E+0	1.0000000E+2	0.0000000E+0
1.5096600E+2	6.6888226E+1	6.0538897E+1	0.0000000E+0	0.0000000E+0	1.0000000E+2	0.0000000E+0
1.5101600E+2	6.6879417E+1	6.0561958E+1	0.0000000E+0	0.0000000E+0	1.0000000E+2	0.0000000E+0
1.5106600E+2	6.6874345E+1	6.0568477E+1	0.0000000E+0	0.0000000E+0	1.0000000E+2	0.0000000E+0
1.5111700E+2	6.6864894E+1	6.0578137E+1	0.0000000E+0	0.0000000E+0	1.0000000E+2	0.0000000E+0
1.5116700E+2	6.6865928E+1	6.0580212E+1	0.0000000E+0	0.0000000E+0	1.0000000E+2	0.0000000E+0
1.5121700E+2	6.6861902E+1	6.0572634E+1	0.0000000E+0	0.0000000E+0	1.0000000E+2	0.0000000E+0
1.5126700E+2	6.6854778E+1	6.0582113E+1	0.0000000E+0	0.0000000E+0	1.0000000E+2	0.0000000E+0
1.5131700E+2	6.6822253E+1	6.0569472E+1	0.0000000E+0	0.0000000E+0	1.0000000E+2	0.0000000E+0
1.5136700E+2	6.6845383E+1	6.0588763E+1	0.0000000E+0	0.0000000E+0	1.0000000E+2	0.0000000E+0
1.5141700E+2	6.6842408E+1	6.0568862E+1	0.0000000E+0	0.0000000E+0	1.0000000E+2	0.0000000E+0
1.5146800E+2	6.6829769E+1	6.0565972E+1	0.0000000E+0	0.0000000E+0	1.0000000E+2	0.0000000E+0
1.5151900E+2	6.6837062E+1	6.0562438E+1	0.0000000E+0	0.0000000E+0	1.0000000E+2	0.0000000E+0
1.5156900E+2	6.6839230E+1	6.0565361E+1	0.0000000E+0	0.0000000E+0	1.0000000E+2	0.0000000E+0
1.5161900E+2	6.6850537E+1	6.0556351E+1	0.0000000E+0	0.0000000E+0	1.0000000E+2	0.0000000E+0
1.5166900E+2	6.6819891E+1	6.0561949E+1	0.0000000E+0	0.0000000E+0	1.0000000E+2	0.0000000E+0
1.5171900E+2	6.6808681E+1	6.0560422E+1	0.0000000E+0	0.0000000E+0	1.0000000E+2	0.0000000E+0
1.5176900E+2	6.6787778E+1	6.0556492E+1	0.0000000E+0	0.0000000E+0	1.0000000E+2	0.0000000E+0
1.5181900E+2	6.6792262E+1	6.0538502E+1	0.0000000E+0	0.0000000E+0	1.0000000E+2	0.0000000E+0
1.5186900E+2	6.6790974E+1	6.0543005E+1	0.0000000E+0	0.0000000E+0	1.0000000E+2	0.0000000E+0
1.5191900E+2	6.6806344E+1	6.0552062E+1	0.0000000E+0	0.0000000E+0	1.0000000E+2	0.0000000E+0
1.5197000E+2	6.6804751E+1	6.0556850E+1	0.0000000E+0	0.0000000E+0	1.0000000E+2	0.0000000E+0
1.5202000E+2	6.6792857E+1	6.0558729E+1	0.0000000E+0	0.0000000E+0	1.0000000E+2	0.0000000E+0
1.5207000E+2	6.6777730E+1	6.0548276E+1	0.0000000E+0	0.0000000E+0	1.0000000E+2	0.0000000E+0
1.5212100E+2	6.6791849E+1	6.0567765E+1	0.0000000E+0	0.0000000E+0	1.0000000E+2	0.0000000E+0
1.5217100E+2	6.6782365E+1	6.0560769E+1	0.0000000E+0	0.0000000E+0	1.0000000E+2	0.0000000E+0
1.5222200E+2	6.6772621E+1	6.0545610E+1	0.0000000E+0	0.0000000E+0	1.0000000E+2	0.0000000E+0
1.5227200E+2	6.6754685E+1	6.0555517E+1	0.0000000E+0	0.0000000E+0	1.0000000E+2	0.0000000E+0
1.5232200E+2	6.6761388E+1	6.0548566E+1	0.0000000E+0	0.0000000E+0	1.0000000E+2	0.0000000E+0
1.5237200E+2	6.6763185E+1	6.0535567E+1	0.0000000E+0	0.0000000E+0	1.0000000E+2	0.0000000E+0
1.5242200E+2	6.6763818E+1	6.0540907E+1	0.0000000E+0	0.0000000E+0	1.0000000E+2	0.0000000E+0
1.5247300E+2	6.6772350E+1	6.0544768E+1	0.0000000E+0	0.0000000E+0	1.0000000E+2	0.0000000E+0
1.5252400E+2	6.6770999E+1	6.0554198E+1	0.0000000E+0	0.0000000E+0	1.0000000E+2	0.0000000E+0
1.5257500E+2	6.6781831E+1	6.0552862E+1	0.0000000E+0	0.0000000E+0	1.0000000E+2	0.0000000E+0
1.5262500E+2	6.6739484E+1	6.0563800E+1	0.0000000E+0	0.0000000E+0	1.0000000E+2	0.0000000E+0
1.5267500E+2	6.6715834E+1	6.0542578E+1	0.0000000E+0	0.0000000E+0	1.0000000E+2	0.0000000E+0
1.5272500E+2	6.6734227E+1	6.0551583E+1	0.0000000E+0	0.0000000E+0	1.0000000E+2	0.0000000E+0
1.5277500E+2	6.6723963E+1	6.0561798E+1	0.0000000E+0	0.0000000E+0	1.0000000E+2	0.0000000E+0
1.5282500E+2	6.6733278E+1	6.0554202E+1	0.0000000E+0	0.0000000E+0	1.0000000E+2	0.0000000E+0
1.5287500E+2	6.6731750E+1	6.0544714E+1	0.0000000E+0	0.0000000E+0	1.0000000E+2	0.0000000E+0
1.5292500E+2	6.6749690E+1	6.0548090E+1	0.0000000E+0	0.0000000E+0	1.0000000E+2	0.0000000E+0
1.5297500E+2	6.6741057E+1	6.0536964E+1	0.0000000E+0	0.0000000E+0	1.0000000E+2	0.0000000E+0
1.5302600E+2	6.6768334E+1	6.0551456E+1	0.0000000E+0	0.0000000E+0	1.0000000E+2	0.0000000E+0
1.5307600E+2	6.6769379E+1	6.0555590E+1	0.0000000E+0	0.0000000E+0	1.0000000E+2	0.0000000E+0
1.5312600E+2	6.6800826E+1	6.0552194E+1	0.0000000E+0	0.0000000E+0	1.0000000E+2	0.0000000E+0
1.5317600E+2	6.6819262E+1	6.0564611E+1	0.0000000E+0	0.0000000E+0	1.0000000E+2	0.0000000E+0
1.5322600E+2	6.6827238E+1	6.0543837E+1	0.0000000E+0	0.0000000E+0	1.0000000E+2	0.0000000E+0
1.5327600E+2	6.6821559E+1	6.0532998E+1	0.0000000E+0	0.0000000E+0	1.0000000E+2	0.0000000E+0
1.5332600E+2	6.6848826E+1	6.0541188E+1	0.0000000E+0	0.0000000E+0	1.0000000E+2	0.0000000E+0
1.5337600E+2	6.6875594E+1	6.0542615E+1	0.0000000E+0	0.0000000E+0	1.0000000E+2	0.0000000E+0
1.5342700E+2	6.6874613E+1	6.0540577E+1	0.0000000E+0	0.0000000E+0	1.0000000E+2	0.0000000E+0
1.5347700E+2	6.6882717E+1	6.0538035E+1	0.0000000E+0	0.0000000E+0	1.0000000E+2	0.0000000E+0
1.5352700E+2	6.6891794E+1	6.0530408E+1	0.0000000E+0	0.0000000E+0	1.0000000E+2	0.0000000E+0
1.5357700E+2	6.6897772E+1	6.0530989E+1	0.0000000E+0	0.0000000E+0	1.0000000E+2	0.0000000E+0
1.5362700E+2	6.6916265E+1	6.0546627E+1	0.0000000E+0	0.0000000E+0	1.0000000E+2	0.0000000E+0
1.5367700E+2	6.6896662E+1	6.0540156E+1	0.0000000E+0	0.0000000E+0	1.0000000E+2	0.0000000E+0
1.5372700E+2	6.6847423E+1	6.0529284E+1	0.0000000E+0	0.0000000E+0	1.0000000E+2	0.0000000E+0
1.5377700E+2	6.6814575E+1	6.0523814E+1	0.0000000E+0	0.0000000E+0	1.0000000E+2	0.0000000E+0
1.5382700E+2	6.6801604E+1	6.0530269E+1	0.0000000E+0	0.0000000E+0	1.0000000E+2	0.0000000E+0
1.5387700E+2	6.6821506E+1	6.0534372E+1	0.0000000E+0	0.0000000E+0	1.0000000E+2	0.0000000E+0
1.5392700E+2	6.6837491E+1	6.0543344E+1	0.0000000E+0	0.0000000E+0	1.0000000E+2	0.0000000E+0
1.5397700E+2	6.6824545E+1	6.0540755E+1	0.0000000E+0	0.0000000E+0	1.0000000E+2	0.0000000E+0
1.5402800E+2	6.6810980E+1	6.0546831E+1	0.0000000E+0	0.0000000E+0	1.0000000E+2	0.0000000E+0
1.5407800E+2	6.6789304E+1	6.0548936E+1	0.0000000E+0	0.0000000E+0	1.0000000E+2	0.0000000E+0
1.5412800E+2	6.6761084E+1	6.0532304E+1	0.0000000E+0	0.0000000E+0	1.0000000E+2	0.0000000E+0
1.5417800E+2	6.6732196E+1	6.0524441E+1	0.0000000E+0	0.0000000E+0	1.0000000E+2	0.0000000E+0
1.5422900E+2	6.6725661E+1	6.0539358E+1	0.0000000E+0	0.0000000E+0	1.0000000E+2	0.0000000E+0
1.5427900E+2	6.6724497E+1	6.0549077E+1	0.0000000E+0	0.0000000E+0	1.0000000E+2	0.0000000E+0
1.5432900E+2	6.6717671E+1	6.0538809E+1	0.0000000E+0	0.0000000E+0	1.0000000E+2	0.0000000E+0
1.5437900E+2	6.6719342E+1	6.0548181E+1	0.0000000E+0	0.0000000E+0	1.0000000E+2	0.0000000E+0
1.5443000E+2	6.6702783E+1	6.0534885E+1	0.0000000E+0	0.0000000E+0	1.0000000E+2	0.0000000E+0
1.5448000E+2	6.6716665E+1	6.0559344E+1	0.0000000E+0	0.0000000E+0	1.0000000E+2	0.0000000E+0
1.5453000E+2	6.6724938E+1	6.0545902E+1	0.0000000E+0	0.0000000E+0	1.0000000E+2	0.0000000E+0
1.5458000E+2	6.6742206E+1	6.0541722E+1	0.0000000E+0	0.0000000E+0	1.0000000E+2	0.0000000E+0
1.5463000E+2	6.6772124E+1	6.0544512E+1	0.0000000E+0	0.0000000E+0	1.0000000E+2	0.0000000E+0
1.5468000E+2	6.6806288E+1	6.0558173E+1	0.0000000E+0	0.0000000E+0	1.0000000E+2	0.0000000E+0
1.5473000E+2	6.6820672E+1	6.0567337E+1	0.0000000E+0	0.0000000E+0	1.0000000E+2	0.0000000E+0
1.5478000E+2	6.6830122E+1	6.0561657E+1	0.0000000E+0	0.0000000E+0	1.0000000E+2	0.0000000E+0
1.5483000E+2	6.6857595E+1	6.0578581E+1	0.0000000E+0	0.0000000E+0	1.0000000E+2	0.0000000E+0
1.5488000E+2	6.6856070E+1	6.0561814E+1	0.0000000E+0	0.0000000E+0	1.0000000E+2	0.0000000E+0
1.5493000E+2	6.6845466E+1	6.0567574E+1	0.0000000E+0	0.0000000E+0	1.0000000E+2	0.0000000E+0
1.5498000E+2	6.6825602E+1	6.0575751E+1	0.0000000E+0	0.0000000E+0	1.0000000E+2	0.0000000E+0
1.5503000E+2	6.6806988E+1	6.0563171E+1	0.0000000E+0	0.0000000E+0	1.0000000E+2	0.0000000E+0
1.5508000E+2	6.6828843E+1	6.0566423E+1	0.0000000E+0	0.0000000E+0	1.0000000E+2	0.0000000E+0
1.5513100E+2	6.6833094E+1	6.0563303E+1	0.0000000E+0	0.0000000E+0	1.0000000E+2	0.0000000E+0
1.5518200E+2	6.6855474E+1	6.0563709E+1	0.0000000E+0	0.0000000E+0	1.0000000E+2	0.0000000E+0
1.5523200E+2	6.6891800E+1	6.0573771E+1	0.0000000E+0	0.0000000E+0	1.0000000E+2	0.0000000E+0
1.5528200E+2	6.6885146E+1	6.0571748E+1	0.0000000E+0	0.0000000E+0	1.0000000E+2	0.0000000E+0
1.5533200E+2	6.6890641E+1	6.0570502E+1	0.0000000E+0	0.0000000E+0	1.0000000E+2	0.0000000E+0
1.5538200E+2	6.6887453E+1	6.0568344E+1	0.0000000E+0	0.0000000E+0	1.0000000E+2	0.0000000E+0
1.5543200E+2	6.6882784E+1	6.0574889E+1	0.0000000E+0	0.0000000E+0	1.0000000E+2	0.0000000E+0
1.5548200E+2	6.6874510E+1	6.0563954E+1	0.0000000E+0	0.0000000E+0	1.0000000E+2	0.0000000E+0
1.5553200E+2	6.6857889E+1	6.0554870E+1	0.0000000E+0	0.0000000E+0	1.0000000E+2	0.0000000E+0
1.5558200E+2	6.6855614E+1	6.0559072E+1	0.0000000E+0	0.0000000E+0	1.0000000E+2	0.0000000E+0
1.5563200E+2	6.6816829E+1	6.0555260E+1	0.0000000E+0	0.0000000E+0	1.0000000E+2	0.0000000E+0
1.5568200E+2	6.6805072E+1	6.0564225E+1	0.0000000E+0	0.0000000E+0	1.0000000E+2	0.0000000E+0
1.5573200E+2	6.6795352E+1	6.0569453E+1	0.0000000E+0	0.0000000E+0	1.0000000E+2	0.0000000E+0
1.5578300E+2	6.6769659E+1	6.0558116E+1	0.0000000E+0	0.0000000E+0	1.0000000E+2	0.0000000E+0
1.5583400E+2	6.6744344E+1	6.0558509E+1	0.0000000E+0	0.0000000E+0	1.0000000E+2	0.0000000E+0
1.5588400E+2	6.6752304E+1	6.0553945E+1	0.0000000E+0	0.0000000E+0	1.0000000E+2	0.0000000E+0
1.5593400E+2	6.6734258E+1	6.0563411E+1	0.0000000E+0	0.0000000E+0	1.0000000E+2	0.0000000E+0
1.5598400E+2	6.6725318E+1	6.0560132E+1	0.0000000E+0	0.0000000E+0	1.0000000E+2	0.0000000E+0
1.5603400E+2	6.6691876E+1	6.0547401E+1	0.0000000E+0	0.0000000E+0	1.0000000E+2	0.0000000E+0
1.5608400E+2	6.6692024E+1	6.0550998E+1	0.0000000E+0	0.0000000E+0	1.0000000E+2	0.0000000E+0
1.5613400E+2	6.6649680E+1	6.0556420E+1	0.0000000E+0	0.0000000E+0	1.0000000E+2	0.0000000E+0
1.5618400E+2	6.6634116E+1	6.0540074E+1	0.0000000E+0	0.0000000E+0	1.0000000E+2	0.0000000E+0
1.5623400E+2	6.6639616E+1	6.0543506E+1	0.0000000E+0	0.0000000E+0	1.0000000E+2	0.0000000E+0
1.5628400E+2	6.6668604E+1	6.0551486E+1	0.0000000E+0	0.0000000E+0	1.0000000E+2	0.0000000E+0
1.5633400E+2	6.6686321E+1	6.0542775E+1	0.0000000E+0	0.0000000E+0	1.0000000E+2	0.0000000E+0
1.5638400E+2	6.6701826E+1	6.0543562E+1	0.0000000E+0	0.0000000E+0	1.0000000E+2	0.0000000E+0
1.5643400E+2	6.6717504E+1	6.0548755E+1	0.0000000E+0	0.0000000E+0	1.0000000E+2	0.0000000E+0
1.5648400E+2	6.6751350E+1	6.0566198E+1	0.0000000E+0	0.0000000E+0	1.0000000E+2	0.0000000E+0
1.5653400E+2	6.6762360E+1	6.0559012E+1	0.0000000E+0	0.0000000E+0	1.0000000E+2	0.0000000E+0
1.5658400E+2	6.6757790E+1	6.0568599E+1	0.0000000E+0	0.0000000E+0	1.0000000E+2	0.0000000E+0
1.5663400E+2	6.6767624E+1	6.0581257E+1	0.0000000E+0	0.0000000E+0	1.0000000E+2	0.0000000E+0
1.5668400E+2	6.6750948E+1	6.0564884E+1	0.0000000E+0	0.0000000E+0	1.0000000E+2	0.0000000E+0
1.5673400E+2	6.6746628E+1	6.0557772E+1	0.0000000E+0	0.0000000E+0	1.0000000E+2	0.0000000E+0
1.5678400E+2	6.6734388E+1	6.0551878E+1	0.0000000E+0	0.0000000E+0	1.0000000E+2	0.0000000E+0
1.5683400E+2	6.6715223E+1	6.0543042E+1	0.0000000E+0	0.0000000E+0	1.0000000E+2	0.0000000E+0
1.5688400E+2	6.6731802E+1	6.0558627E+1	0.0000000E+0	0.0000000E+0	1.0000000E+2	0.0000000E+0
1.5693400E+2	6.6752757E+1	6.0564122E+1	0.0000000E+0	0.0000000E+0	1.0000000E+2	0.0000000E+0
1.5698400E+2	6.6722018E+1	6.0570787E+1	0.0000000E+0	0.0000000E+0	1.0000000E+2	0.0000000E+0
1.5703400E+2	6.6699391E+1	6.0559278E+1	0.0000000E+0	0.0000000E+0	1.0000000E+2	0.0000000E+0
1.5708400E+2	6.6707168E+1	6.0564812E+1	0.0000000E+0	0.0000000E+0	1.0000000E+2	0.0000000E+0
1.5713400E+2	6.6748222E+1	6.0581094E+1	0.0000000E+0	0.0000000E+0	1.0000000E+2	0.0000000E+0
1.5718400E+2	6.6759450E+1	6.0578560E+1	0.0000000E+0	0.0000000E+0	1.0000000E+2	0.0000000E+0
1.5723400E+2	6.6777059E+1	6.0573613E+1	0.0000000E+0	0.0000000E+0	1.0000000E+2	0.0000000E+0
1.5728400E+2	6.6770636E+1	6.0566805E+1	0.0000000E+0	0.0000000E+0	1.0000000E+2	0.0000000E+0
1.5733400E+2	6.6764384E+1	6.0564871E+1	0.0000000E+0	0.0000000E+0	1.0000000E+2	0.0000000E+0
1.5738500E+2	6.6763437E+1	6.0553295E+1	0.0000000E+0	0.0000000E+0	1.0000000E+2	0.0000000E+0
1.5743500E+2	6.6787123E+1	6.0577247E+1	0.0000000E+0	0.0000000E+0	1.0000000E+2	0.0000000E+0
1.5748600E+2	6.6761817E+1	6.0554820E+1	0.0000000E+0	0.0000000E+0	1.0000000E+2	0.0000000E+0
1.5753600E+2	6.6773738E+1	6.0573547E+1	0.0000000E+0	0.0000000E+0	1.0000000E+2	0.0000000E+0
1.5758600E+2	6.6767262E+1	6.0566756E+1	0.0000000E+0	0.0000000E+0	1.0000000E+2	0.0000000E+0
1.5763600E+2	6.6756109E+1	6.0569716E+1	0.0000000E+0	0.0000000E+0	1.0000000E+2	0.0000000E+0
1.5768600E+2	6.6760887E+1	6.0575511E+1	0.0000000E+0	0.0000000E+0	1.0000000E+2	0.0000000E+0
1.5773600E+2	6.6759762E+1	6.0579263E+1	0.0000000E+0	0.0000000E+0	1.0000000E+2	0.0000000E+0
1.5778600E+2	6.6741509E+1	6.0579892E+1	0.0000000E+0	0.0000000E+0	1.0000000E+2	0.0000000E+0
1.5783600E+2	6.6717935E+1	6.0563848E+1	0.0000000E+0	0.0000000E+0	1.0000000E+2	0.0000000E+0
1.5788600E+2	6.6700133E+1	6.0570174E+1	0.0000000E+0	0.0000000E+0	1.0000000E+2	0.0000000E+0
1.5793700E+2	6.6724052E+1	6.0567156E+1	0.0000000E+0	0.0000000E+0	1.0000000E+2	0.0000000E+0
1.5798700E+2	6.6731311E+1	6.0570262E+1	0.0000000E+0	0.0000000E+0	1.0000000E+2	0.0000000E+0
1.5803700E+2	6.6739068E+1	6.0554387E+1	0.0000000E+0	0.0000000E+0	1.0000000E+2	0.0000000E+0
1.5808800E+2	6.6743119E+1	6.0560452E+1	0.0000000E+0	0.0000000E+0	1.0000000E+2	0.0000000E+0
1.5813900E+2	6.6751488E+1	6.0549249E+1	0.0000000E+0	0.0000000E+0	1.0000000E+2	0.0000000E+0
1.5818900E+2	6.6747765E+1	6.0543777E+1	0.0000000E+0	0.0000000E+0	1.0000000E+2	0.0000000E+0
1.5823900E+2	6.6765715E+1	6.0543364E+1	0.0000000E+0	0.0000000E+0	1.0000000E+2	0.0000000E+0
1.5829000E+2	6.6779285E+1	6.0549800E+1	0.0000000E+0	0.0000000E+0	1.0000000E+2	0.0000000E+0
1.5834000E+2	6.6780640E+1	6.0544480E+1	0.0000000E+0	0.0000000E+0	1.0000000E+2	0.0000000E+0
1.5839100E+2	6.6795713E+1	6.0553098E+1	0.0000000E+0	0.0000000E+0	1.0000000E+2	0.0000000E+0
1.5844100E+2	6.6788914E+1	6.0552510E+1	0.0000000E+0	0.0000000E+0	1.0000000E+2	0.0000000E+0
1.5849100E+2	6.6759892E+1	6.0544963E+1	0.0000000E+0	0.0000000E+0	1.0000000E+2	0.0000000E+0
1.5854100E+2	6.6753462E+1	6.0538163E+1	0.0000000E+0	0.0000000E+0	1.0000000E+2	0.0000000E+0
1.5859100E+2	6.6759733E+1	6.0534664E+1	0.0000000E+0	0.0000000E+0	1.0000000E+2	0.0000000E+0
1.5864100E+2	6.6774946E+1	6.0552921E+1	0.0000000E+0	0.0000000E+0	1.0000000E+2	0.0000000E+0
1.5869200E+2	6.6772331E+1	6.0556498E+1	0.0000000E+0	0.0000000E+0	1.0000000E+2	0.0000000E+0
1.5874200E+2	6.6754614E+1	6.0557137E+1	0.0000000E+0	0.0000000E+0	1.0000000E+2	0.0000000E+0
1.5879300E+2	6.6764517E+1	6.0562342E+1	0.0000000E+0	0.0000000E+0	1.0000000E+2	0.0000000E+0
1.5884300E+2	6.6753471E+1	6.0549317E+1	0.0000000E+0	0.0000000E+0	1.0000000E+2	0.0000000E+0
1.5889300E+2	6.6723670E+1	6.0551537E+1	0.0000000E+0	0.0000000E+0	1.0000000E+2	0.0000000E+0
1.5894300E+2	6.6701115E+1	6.0546139E+1	0.0000000E+0	0.0000000E+0	1.0000000E+2	0.0000000E+0
1.5899300E+2	6.6688871E+1	6.0544753E+1	0.0000000E+0	0.0000000E+0	1.0000000E+2	0.0000000E+0
1.5904400E+2	6.6717441E+1	6.0553424E+1	0.0000000E+0	0.0000000E+0	1.0000000E+2	0.0000000E+0
1.5909400E+2	6.6724871E+1	6.0554220E+1	0.0000000E+0	0.0000000E+0	1.0000000E+2	0.0000000E+0
1.5914400E+2	6.6724684E+1	6.0567148E+1	0.0000000E+0	0.0000000E+0	1.0000000E+2	0.0000000E+0
1.5919400E+2	6.6737406E+1	6.0554887E+1	0.0000000E+0	0.0000000E+0	1.0000000E+2	0.0000000E+0
1.5924600E+2	6.6747853E+1	6.0555599E+1	0.0000000E+0	0.0000000E+0	1.0000000E+2	0.0000000E+0
1.5929600E+2	6.6747954E+1	6.0554686E+1	0.0000000E+0	0.0000000E+0	1.0000000E+2	0.0000000E+0
1.5934600E+2	6.6777007E+1	6.0558967E+1	0.0000000E+0	0.0000000E+0	1.0000000E+2	0.0000000E+0
1.5939700E+2	6.6801425E+1	6.0570577E+1	0.0000000E+0	0.0000000E+0	1.0000000E+2	0.0000000E+0
1.5944700E+2	6.6800497E+1	6.0570247E+1	0.0000000E+0	0.0000000E+0	1.0000000E+2	0.0000000E+0
1.5949700E+2	6.6774890E+1	6.0560888E+1	0.0000000E+0	0.0000000E+0	1.0000000E+2	0.0000000E+0
1.5954700E+2	6.6809261E+1	6.0569931E+1	0.0000000E+0	0.0000000E+0	1.0000000E+2	0.0000000E+0
1.5959800E+2	6.6778451E+1	6.0567056E+1	0.0000000E+0	0.0000000E+0	1.0000000E+2	0.0000000E+0
1.5964800E+2	6.6754222E+1	6.0549501E+1	0.0000000E+0	0.0000000E+0	1.0000000E+2	0.0000000E+0
1.5969800E+2	6.6771720E+1	6.0555585E+1	0.0000000E+0	0.0000000E+0	1.0000000E+2	0.0000000E+0
1.5974800E+2	6.6803414E+1	6.0558177E+1	0.0000000E+0	0.0000000E+0	1.0000000E+2	0.0000000E+0
1.5979800E+2	6.6806109E+1	6.0544110E+1	0.0000000E+0	0.0000000E+0	1.0000000E+2	0.0000000E+0
1.5984800E+2	6.6817634E+1	6.0542374E+1	0.0000000E+0	0.0000000E+0	1.0000000E+2	0.0000000E+0
1.5989800E+2	6.6825108E+1	6.0543359E+1	0.0000000E+0	0.0000000E+0	1.0000000E+2	0.0000000E+0
1.5994800E+2	6.6825444E+1	6.0556811E+1	0.0000000E+0	0.0000000E+0	1.0000000E+2	0.0000000E+0
1.5999800E+2	6.6827726E+1	6.0568823E+1	0.0000000E+0	0.0000000E+0	1.0000000E+2	0.0000000E+0
1.6004800E+2	6.6826793E+1	6.0551149E+1	0.0000000E+0	0.0000000E+0	1.0000000E+2	0.0000000E+0
1.6009800E+2	6.6833983E+1	6.0549179E+1	0.0000000E+0	0.0000000E+0	1.0000000E+2	0.0000000E+0
1.6014800E+2	6.6833467E+1	6.0549258E+1	0.0000000E+0	0.0000000E+0	1.0000000E+2	0.0000000E+0
1.6019800E+2	6.6868348E+1	6.0575629E+1	0.0000000E+0	0.0000000E+0	1.0000000E+2	0.0000000E+0
1.6024800E+2	6.6885163E+1	6.0567693E+1	0.0000000E+0	0.0000000E+0	1.0000000E+2	0.0000000E+0
1.6029800E+2	6.6881219E+1	6.0552655E+1	0.0000000E+0	0.0000000E+0	1.0000000E+2	0.0000000E+0
1.6034800E+2	6.6876186E+1	6.0552104E+1	0.0000000E+0	0.0000000E+0	1.0000000E+2	0.0000000E+0
1.6039800E+2	6.6889883E+1	6.0560773E+1	0.0000000E+0	0.0000000E+0	1.0000000E+2	0.0000000E+0
1.6044800E+2	6.6899593E+1	6.0569191E+1	0.0000000E+0	0.0000000E+0	1.0000000E+2	0.0000000E+0
1.6049800E+2	6.6910394E+1	6.0576662E+1	0.0000000E+0	0.0000000E+0	1.0000000E+2	0.0000000E+0
1.6054800E+2	6.6845338E+1	6.0567762E+1	0.0000000E+0	0.0000000E+0	1.0000000E+2	0.0000000E+0
1.6059800E+2	6.6811023E+1	6.0585451E+1	0.0000000E+0	0.0000000E+0	1.0000000E+2	0.0000000E+0
1.6064800E+2	6.6808018E+1	6.0587311E+1	0.0000000E+0	0.0000000E+0	1.0000000E+2	0.0000000E+0
1.6069800E+2	6.6811121E+1	6.0586097E+1	0.0000000E+0	0.0000000E+0	1.0000000E+2	0.0000000E+0
1.6074800E+2	6.6813110E+1	6.0576336E+1	0.0000000E+0	0.0000000E+0	1.0000000E+2	0.0000000E+0
1.6079800E+2	6.6836931E+1	6.0590845E+1	0.0000000E+0	0.0000000E+0	1.0000000E+2	0.0000000E+0
1.6084800E+2	6.6813950E+1	6.0581052E+1	0.0000000E+0	0.0000000E+0	1.0000000E+2	0.0000000E+0
1.6089800E+2	6.6806500E+1	6.0579770E+1	0.0000000E+0	0.0000000E+0	1.0000000E+2	0.0000000E+0
1.6094800E+2	6.6821107E+1	6.0596062E+1	0.0000000E+0	0.0000000E+0	1.0000000E+2	0.0000000E+0
1.6099800E+2	6.6805607E+1	6.0583589E+1	0.0000000E+0	0.0000000E+0	1.0000000E+2	0.0000000E+0
1.6104800E+2	6.6813408E+1	6.0575186E+1	0.0000000E+0	0.0000000E+0	1.0000000E+2	0.0000000E+0
1.6109800E+2	6.6827704E+1	6.0579256E+1	0.0000000E+0	0.0000000E+0	1.0000000E+2	0.0000000E+0
1.6114800E+2	6.6840466E+1	6.0588869E+1	0.0000000E+0	0.0000000E+0	1.0000000E+2	0.0000000E+0
1.6119900E+2	6.6844413E+1	6.0588232E+1	0.0000000E+0	0.0000000E+0	1.0000000E+2	0.0000000E+0
1.6124900E+2	6.6837892E+1	6.0591816E+1	0.0000000E+0	0.0000000E+0	1.0000000E+2	0.0000000E+0
1.6129900E+2	6.6854164E+1	6.0602299E+1	0.0000000E+0	0.0000000E+0	1.0000000E+2	0.0000000E+0
1.6134900E+2	6.6853086E+1	6.0603906E+1	0.0000000E+0	0.0000000E+0	1.0000000E+2	0.0000000E+0
1.6139900E+2	6.6870085E+1	6.0586682E+1	0.0000000E+0	0.0000000E+0	1.0000000E+2	0.0000000E+0
1.6145000E+2	6.6881392E+1	6.0591400E+1	0.0000000E+0	0.0000000E+0	1.0000000E+2	0.0000000E+0
1.6150000E+2	6.6923491E+1	6.0610197E+1	0.0000000E+0	0.0000000E+0	1.0000000E+2	0.0000000E+0
1.6155000E+2	6.6935081E+1	6.0608720E+1	0.0000000E+0	0.0000000E+0	1.0000000E+2	0.0000000E+0
1.6160100E+2	6.6941078E+1	6.0590083E+1	0.0000000E+0	0.0000000E+0	1.0000000E+2	0.0000000E+0
1.6165200E+2	6.6964132E+1	6.0586881E+1	0.0000000E+0	0.0000000E+0	1.0000000E+2	0.0000000E+0
1.6170300E+2	6.6983132E+1	6.0579951E+1	0.0000000E+0	0.0000000E+0	1.0000000E+2	0.0000000E+0
1.6175400E+2	6.6977768E+1	6.0572589E+1	0.0000000E+0	0.0000000E+0	1.0000000E+2	0.0000000E+0
1.6180400E+2	6.7025828E+1	6.0582152E+1	0.0000000E+0	0.0000000E+0	1.0000000E+2	0.0000000E+0
1.6185400E+2	6.7063371E+1	6.0605413E+1	0.0000000E+0	0.0000000E+0	1.0000000E+2	0.0000000E+0
1.6190400E+2	6.7064341E+1	6.0600313E+1	0.0000000E+0	0.0000000E+0	1.0000000E+2	0.0000000E+0
1.6195500E+2	6.7086097E+1	6.0593952E+1	0.0000000E+0	0.0000000E+0	1.0000000E+2	0.0000000E+0
1.6200500E+2	6.7089180E+1	6.0599436E+1	0.0000000E+0	0.0000000E+0	1.0000000E+2	0.0000000E+0
1.6205500E+2	6.7088480E+1	6.0605405E+1	0.0000000E+0	0.0000000E+0	1.0000000E+2	0.0000000E+0
1.6210600E+2	6.7074450E+1	6.0602563E+1	0.0000000E+0	0.0000000E+0	1.0000000E+2	0.0000000E+0
1.6215700E+2	6.7061205E+1	6.0594330E+1	0.0000000E+0	0.0000000E+0	1.0000000E+2	0.0000000E+0
1.6220800E+2	6.7059795E+1	6.0604122E+1	0.0000000E+0	0.0000000E+0	1.0000000E+2	0.0000000E+0
1.6225800E+2	6.7046839E+1	6.0600109E+1	0.0000000E+0	0.0000000E+0	1.0000000E+2	0.0000000E+0
1.6230800E+2	6.7005452E+1	6.0597801E+1	0.0000000E+0	0.0000000E+0	1.0000000E+2	0.0000000E+0
1.6235800E+2	6.7003413E+1	6.0598301E+1	0.0000000E+0	0.0000000E+0	1.0000000E+2	0.0000000E+0
1.6240800E+2	6.7010140E+1	6.0595906E+1	0.0000000E+0	0.0000000E+0	1.0000000E+2	0.0000000E+0
1.6245800E+2	6.6986423E+1	6.0591400E+1	0.0000000E+0	0.0000000E+0	1.0000000E+2	0.0000000E+0
1.6250800E+2	6.6978265E+1	6.0597372E+1	0.0000000E+0	0.0000000E+0	1.0000000E+2	0.0000000E+0
1.6255800E+2	6.6974933E+1	6.0599249E+1	0.0000000E+0	0.0000000E+0	1.0000000E+2	0.0000000E+0
1.6260800E+2	6.6968424E+1	6.0609538E+1	0.0000000E+0	0.0000000E+0	1.0000000E+2	0.0000000E+0
1.6265900E+2	6.6966765E+1	6.0606974E+1	0.0000000E+0	0.0000000E+0	1.0000000E+2	0.0000000E+0
1.6270900E+2	6.6946455E+1	6.0602824E+1	0.0000000E+0	0.0000000E+0	1.0000000E+2	0.0000000E+0
1.6276000E+2	6.6927224E+1	6.0599372E+1	0.0000000E+0	0.0000000E+0	1.0000000E+2	0.0000000E+0
1.6281000E+2	6.6910926E+1	6.0596439E+1	0.0000000E+0	0.0000000E+0	1.0000000E+2	0.0000000E+0
1.6286000E+2	6.6940821E+1	6.0610060E+1	0.0000000E+0	0.0000000E+0	1.0000000E+2	0.0000000E+0
1.6291000E+2	6.6920827E+1	6.0592698E+1	0.0000000E+0	0.0000000E+0	1.0000000E+2	0.0000000E+0
1.6296000E+2	6.6919022E+1	6.0586560E+1	0.0000000E+0	0.0000000E+0	1.0000000E+2	0.0000000E+0
1.6301100E+2	6.6964481E+1	6.0612180E+1	0.0000000E+0	0.0000000E+0	1.0000000E+2	0.0000000E+0
1.6306100E+2	6.6983335E+1	6.0606696E+1	0.0000000E+0	0.0000000E+0	1.0000000E+2	0.0000000E+0
1.6311100E+2	6.6997579E+1	6.0598904E+1	0.0000000E+0	0.0000000E+0	1.0000000E+2	0.0000000E+0
1.6316100E+2	6.7010932E+1	6.0597446E+1	0.0000000E+0	0.0000000E+0	1.0000000E+2	0.0000000E+0
1.6321200E+2	6.7014537E+1	6.0596765E+1	0.0000000E+0	0.0000000E+0	1.0000000E+2	0.0000000E+0
1.6326200E+2	6.7041011E+1	6.0600489E+1	0.0000000E+0	0.0000000E+0	1.0000000E+2	0.0000000E+0
1.6331300E+2	6.7033870E+1	6.0600084E+1	0.0000000E+0	0.0000000E+0	1.0000000E+2	0.0000000E+0
1.6336300E+2	6.7041749E+1	6.0624280E+1	0.0000000E+0	0.0000000E+0	1.0000000E+2	0.0000000E+0
1.6341300E+2	6.7048983E+1	6.0591888E+1	0.0000000E+0	0.0000000E+0	1.0000000E+2	0.0000000E+0
1.6346300E+2	6.7047495E+1	6.0600743E+1	0.0000000E+0	0.0000000E+0	1.0000000E+2	0.0000000E+0
1.6351400E+2	6.7041121E+1	6.0590115E+1	0.0000000E+0	0.0000000E+0	1.0000000E+2	0.0000000E+0
1.6356400E+2	6.7053521E+1	6.0591801E+1	0.0000000E+0	0.0000000E+0	1.0000000E+2	0.0000000E+0
1.6361400E+2	6.7031995E+1	6.0584966E+1	0.0000000E+0	0.0000000E+0	1.0000000E+2	0.0000000E+0
1.6366400E+2	6.7044508E+1	6.0585125E+1	0.0000000E+0	0.0000000E+0	1.0000000E+2	0.0000000E+0
1.6371500E+2	6.7047593E+1	6.0585342E+1	0.0000000E+0	0.0000000E+0	1.0000000E+2	0.0000000E+0
1.6376500E+2	6.7012586E+1	6.0587061E+1	0.0000000E+0	0.0000000E+0	1.0000000E+2	0.0000000E+0
1.6381500E+2	6.7007298E+1	6.0571848E+1	0.0000000E+0	0.0000000E+0	1.0000000E+2	0.0000000E+0
1.6386500E+2	6.7025040E+1	6.0577400E+1	0.0000000E+0	0.0000000E+0	1.0000000E+2	0.0000000E+0
1.6391500E+2	6.7012443E+1	6.0572795E+1	0.0000000E+0	0.0000000E+0	1.0000000E+2	0.0000000E+0
1.6396500E+2	6.7004968E+1	6.0586364E+1	0.0000000E+0	0.0000000E+0	1.0000000E+2	0.0000000E+0
1.6401500E+2	6.6984955E+1	6.0580036E+1	0.0000000E+0	0.0000000E+0	1.0000000E+2	0.0000000E+0
1.6406500E+2	6.6985022E+1	6.0606030E+1	0.0000000E+0	0.0000000E+0	1.0000000E+2	0.0000000E+0
1.6411500E+2	6.6963907E+1	6.0591988E+1	0.0000000E+0	0.0000000E+0	1.0000000E+2	0.0000000E+0
1.6416500E+2	6.6947009E+1	6.0582231E+1	0.0000000E+0	0.0000000E+0	1.0000000E+2	0.0000000E+0
1.6421500E+2	6.6885228E+1	6.0573346E+1	0.0000000E+0	0.0000000E+0	1.0000000E+2	0.0000000E+0
1.6426500E+2	6.6833438E+1	6.0594508E+1	0.0000000E+0	0.0000000E+0	1.0000000E+2	0.0000000E+0
1.6431500E+2	6.6782856E+1	6.0586415E+1	0.0000000E+0	0.0000000E+0	1.0000000E+2	0.0000000E+0
1.6436600E+2	6.6782574E+1	6.0580558E+1	0.0000000E+0	0.0000000E+0	1.0000000E+2	0.0000000E+0
1.6441700E+2	6.6770083E+1	6.0589427E+1	0.0000000E+0	0.0000000E+0	1.0000000E+2	0.0000000E+0
1.6446700E+2	6.6791493E+1	6.0578413E+1	0.0000000E+0	0.0000000E+0	1.0000000E+2	0.0000000E+0
1.6451700E+2	6.6825189E+1	6.0591640E+1	0.0000000E+0	0.0000000E+0	1.0000000E+2	0.0000000E+0
1.6456700E+2	6.6864731E+1	6.0584791E+1	0.0000000E+0	0.0000000E+0	1.0000000E+2	0.0000000E+0
1.6461700E+2	6.6894690E+1	6.0575381E+1	0.0000000E+0	0.0000000E+0	1.0000000E+2	0.0000000E+0
1.6466700E+2	6.6911150E+1	6.0588125E+1	0.0000000E+0	0.0000000E+0	1.0000000E+2	0.0000000E+0
1.6471800E+2	6.6902526E+1	6.0570903E+1	0.0000000E+0	0.0000000E+0	1.0000000E+2	0.0000000E+0
1.6476800E+2	6.6901718E+1	6.0575611E+1	0.0000000E+0	0.0000000E+0	1.0000000E+2	0.0000000E+0
1.6481900E+2	6.6909160E+1	6.0599590E+1	0.0000000E+0	0.0000000E+0	1.0000000E+2	0.0000000E+0
1.6486900E+2	6.6898908E+1	6.0596465E+1	0.0000000E+0	0.0000000E+0	1.0000000E+2	0.0000000E+0
1.6491900E+2	6.6869669E+1	6.0594893E+1	0.0000000E+0	0.0000000E+0	1.0000000E+2	0.0000000E+0
1.6497000E+2	6.6839766E+1	6.0593509E+1	0.0000000E+0	0.0000000E+0	1.0000000E+2	0.0000000E+0
1.6502000E+2	6.6830939E+1	6.0595193E+1	0.0000000E+0	0.0000000E+0	1.0000000E+2	0.0000000E+0
1.6507000E+2	6.6804598E+1	6.0583318E+1	0.0000000E+0	0.0000000E+0	1.0000000E+2	0.0000000E+0
1.6512000E+2	6.6823515E+1	6.0601999E+1	0.0000000E+0	0.0000000E+0	1.0000000E+2	0.0000000E+0
1.6517000E+2	6.6832165E+1	6.0609597E+1	0.0000000E+0	0.0000000E+0	1.0000000E+2	0.0000000E+0
1.6522000E+2	6.6827549E+1	6.0616355E+1	0.0000000E+0	0.0000000E+0	1.0000000E+2	0.0000000E+0
1.6527100E+2	6.6798125E+1	6.0608106E+1	0.0000000E+0	0.0000000E+0	1.0000000E+2	0.0000000E+0
1.6532100E+2	6.6765311E+1	6.0620556E+1	0.0000000E+0	0.0000000E+0	1.0000000E+2	0.0000000E+0
1.6537100E+2	6.6736476E+1	6.0601261E+1	0.0000000E+0	0.0000000E+0	1.0000000E+2	0.0000000E+0
1.6542100E+2	6.6725968E+1	6.0601361E+1	0.0000000E+0	0.0000000E+0	1.0000000E+2	0.0000000E+0
1.6547100E+2	6.6724685E+1	6.0619614E+1	0.0000000E+0	0.0000000E+0	1.0000000E+2	0.0000000E+0
1.6552100E+2	6.6710291E+1	6.0600219E+1	0.0000000E+0	0.0000000E+0	1.0000000E+2	0.0000000E+0
1.6557200E+2	6.6687278E+1	6.0589759E+1	0.0000000E+0	0.0000000E+0	1.0000000E+2	0.0000000E+0
1.6562300E+2	6.6688663E+1	6.0586366E+1	0.0000000E+0	0.0000000E+0	1.0000000E+2	0.0000000E+0
1.6567300E+2	6.6687304E+1	6.0585708E+1	0.0000000E+0	0.0000000E+0	1.0000000E+2	0.0000000E+0
1.6572300E+2	6.6693816E+1	6.0582974E+1	0.0000000E+0	0.0000000E+0	1.0000000E+2	0.0000000E+0
1.6577300E+2	6.6694443E+1	6.0576587E+1	0.0000000E+0	0.0000000E+0	1.0000000E+2	0.0000000E+0
1.6582300E+2	6.6721417E+1	6.0578537E+1	0.0000000E+0	0.0000000E+0	1.0000000E+2	0.0000000E+0
1.6587400E+2	6.6745705E+1	6.0595173E+1	0.0000000E+0	0.0000000E+0	1.0000000E+2	0.0000000E+0
1.6592400E+2	6.6749032E+1	6.0589638E+1	0.0000000E+0	0.0000000E+0	1.0000000E+2	0.0000000E+0
1.6597400E+2	6.6765064E+1	6.0586107E+1	0.0000000E+0	0.0000000E+0	1.0000000E+2	0.0000000E+0
1.6602400E+2	6.6770606E+1	6.0580629E+1	0.0000000E+0	0.0000000E+0	1.0000000E+2	0.0000000E+0
1.6607400E+2	6.6785836E+1	6.0588724E+1	0.0000000E+0	0.0000000E+0	1.0000000E+2	0.0000000E+0
1.6612500E+2	6.6795687E+1	6.0598013E+1	0.0000000E+0	0.0000000E+0	1.0000000E+2	0.0000000E+0
1.6617500E+2	6.6779618E+1	6.0587437E+1	0.0000000E+0	0.0000000E+0	1.0000000E+2	0.0000000E+0
1.6622500E+2	6.6742527E+1	6.0574494E+1	0.0000000E+0	0.0000000E+0	1.0000000E+2	0.0000000E+0
1.6627500E+2	6.6747107E+1	6.0593985E+1	0.0000000E+0	0.0000000E+0	1.0000000E+2	0.0000000E+0
1.6632500E+2	6.6766809E+1	6.0588587E+1	0.0000000E+0	0.0000000E+0	1.0000000E+2	0.0000000E+0
1.6637500E+2	6.6795737E+1	6.0582883E+1	0.0000000E+0	0.0000000E+0	1.0000000E+2	0.0000000E+0
1.6642500E+2	6.6802359E+1	6.0587144E+1	0.0000000E+0	0.0000000E+0	1.0000000E+2	0.0000000E+0
1.6647500E+2	6.6824772E+1	6.0593916E+1	0.0000000E+0	0.0000000E+0	1.0000000E+2	0.0000000E+0
1.6652500E+2	6.6801180E+1	6.0581132E+1	0.0000000E+0	0.0000000E+0	1.0000000E+2	0.0000000E+0
1.6657500E+2	6.6802005E+1	6.0573904E+1	0.0000000E+0	0.0000000E+0	1.0000000E+2	0.0000000E+0
1.6662500E+2	6.6853599E+1	6.0600972E+1	0.0000000E+0	0.0000000E+0	1.0000000E+2	0.0000000E+0
1.6667500E+2	6.6869697E+1	6.0605073E+1	0.0000000E+0	0.0000000E+0	1.0000000E+2	0.0000000E+0
1.6672500E+2	6.6880398E+1	6.0614587E+1	0.0000000E+0	0.0000000E+0	1.0000000E+2	0.0000000E+0
1.6677500E+2	6.6869215E+1	6.0618822E+1	0.0000000E+0	0.0000000E+0	1.0000000E+2	0.0000000E+0
1.6682600E+2	6.6880531E+1	6.0624810E+1	0.0000000E+0	0.0000000E+0	1.0000000E+2	0.0000000E+0
1.6687600E+2	6.6879707E+1	6.0607265E+1	0.0000000E+0	0.0000000E+0	1.0000000E+2	0.0000000E+0
1.6692700E+2	6.6922323E+1	6.0618282E+1	0.0000000E+0	0.0000000E+0	1.0000000E+2	0.0000000E+0
1.6697700E+2	6.6936620E+1	6.0619028E+1	0.0000000E+0	0.0000000E+0	1.0000000E+2	0.0000000E+0
1.6702700E+2	6.6931535E+1	6.0617016E+1	0.0000000E+0	0.0000000E+0	1.0000000E+2	0.0000000E+0
1.6707700E+2	6.6920028E+1	6.0607364E+1	0.0000000E+0	0.0000000E+0	1.0000000E+2	0.0000000E+0
1.6712700E+2	6.6932666E+1	6.0600080E+1	0.0000000E+0	0.0000000E+0	1.0000000E+2	0.0000000E+0
1.6717700E+2	6.6957144E+1	6.0597905E+1	0.0000000E+0	0.0000000E+0	1.0000000E+2	0.0000000E+0
1.6722800E+2	6.6977893E+1	6.0591936E+1	0.0000000E+0	0.0000000E+0	1.0000000E+2	0.0000000E+0
1.6727800E+2	6.6974749E+1	6.0599862E+1	0.0000000E+0	0.0000000E+0	1.0000000E+2	0.0000000E+0
1.6732800E+2	6.7006300E+1	6.0605405E+1	0.0000000E+0	0.0000000E+0	1.0000000E+2	0.0000000E+0
1.6737800E+2	6.6990242E+1	6.0621775E+1	0.0000000E+0	0.0000000E+0	1.0000000E+2	0.0000000E+0
1.6742900E+2	6.6961463E+1	6.0603303E+1	0.0000000E+0	0.0000000E+0	1.0000000E+2	0.0000000E+0
1.6747900E+2	6.6985823E+1	6.0602763E+1	0.0000000E+0	0.0000000E+0	1.0000000E+2	0.0000000E+0
1.6752900E+2	6.7025168E+1	6.0613317E+1	0.0000000E+0	0.0000000E+0	1.0000000E+2	0.0000000E+0
1.6757900E+2	6.7071864E+1	6.0621020E+1	0.0000000E+0	0.0000000E+0	1.0000000E+2	0.0000000E+0
1.6762900E+2	6.7078491E+1	6.0602224E+1	0.0000000E+0	0.0000000E+0	1.0000000E+2	0.0000000E+0
1.6767900E+2	6.7093929E+1	6.0617367E+1	0.0000000E+0	0.0000000E+0	1.0000000E+2	0.0000000E+0
1.6772900E+2	6.7155206E+1	6.0619233E+1	0.0000000E+0	0.0000000E+0	1.0000000E+2	0.0000000E+0
1.6777900E+2	6.7171238E+1	6.0618426E+1	0.0000000E+0	0.0000000E+0	1.0000000E+2	0.0000000E+0
1.6782900E+2	6.7189357E+1	6.0610019E+1	0.0000000E+0	0.0000000E+0	1.0000000E+2	0.0000000E+0
1.6787900E+2	6.7222549E+1	6.0613467E+1	0.0000000E+0	0.0000000E+0	1.0000000E+2	0.0000000E+0
1.6792900E+2	6.7227145E+1	6.0615486E+1	0.0000000E+0	0.0000000E+0	1.0000000E+2	0.0000000E+0
1.6797900E+2	6.7240483E+1	6.0591732E+1	0.0000000E+0	0.0000000E+0	1.0000000E+2	0.0000000E+0
1.6803000E+2	6.7251394E+1	6.0608094E+1	0.0000000E+0	0.0000000E+0	1.0000000E+2	0.0000000E+0
1.6808000E+2	6.7298137E+1	6.0622562E+1	0.0000000E+0	0.0000000E+0	1.0000000E+2	0.0000000E+0
1.6813000E+2	6.7306657E+1	6.0621840E+1	0.0000000E+0	0.0000000E+0	1.0000000E+2	0.0000000E+0
1.6818000E+2	6.7330788E+1	6.0630592E+1	0.0000000E+0	0.0000000E+0	1.0000000E+2	0.0000000E+0
1.6823000E+2	6.7329354E+1	6.0635286E+1	0.0000000E+0	0.0000000E+0	1.0000000E+2	0.0000000E+0
1.6828100E+2	6.7329719E+1	6.0623706E+1	0.0000000E+0	0.0000000E+0	1.0000000E+2	0.0000000E+0
1.6833100E+2	6.7280238E+1	6.0616586E+1	0.0000000E+0	0.0000000E+0	1.0000000E+2	0.0000000E+0
1.6838100E+2	6.7267735E+1	6.0625888E+1	0.0000000E+0	0.0000000E+0	1.0000000E+2	0.0000000E+0
1.6843100E+2	6.7280474E+1	6.0636731E+1	0.0000000E+0	0.0000000E+0	1.0000000E+2	0.0000000E+0
1.6848100E+2	6.7288583E+1	6.0630508E+1	0.0000000E+0	0.0000000E+0	1.0000000E+2	0.0000000E+0
1.6853100E+2	6.7310129E+1	6.0643948E+1	0.0000000E+0	0.0000000E+0	1.0000000E+2	0.0000000E+0
1.6858100E+2	6.7290481E+1	6.0625253E+1	0.0000000E+0	0.0000000E+0	1.0000000E+2	0.0000000E+0
1.6863200E+2	6.7290771E+1	6.0623181E+1	0.0000000E+0	0.0000000E+0	1.0000000E+2	0.0000000E+0
1.6868200E+2	6.7290577E+1	6.0626086E+1	0.0000000E+0	0.0000000E+0	1.0000000E+2	0.0000000E+0
1.6873300E+2	6.7284623E+1	6.0604047E+1	0.0000000E+0	0.0000000E+0	1.0000000E+2	0.0000000E+0
1.6878400E+2	6.7292332E+1	6.0621834E+1	0.0000000E+0	0.0000000E+0	1.0000000E+2	0.0000000E+0
1.6883400E+2	6.7287124E+1	6.0625165E+1	0.0000000E+0	0.0000000E+0	1.0000000E+2	0.0000000E+0
1.6888400E+2	6.7264085E+1	6.0613176E+1	0.0000000E+0	0.0000000E+0	1.0000000E+2	0.0000000E+0
1.6893400E+2	6.7246270E+1	6.0617165E+1	0.0000000E+0	0.0000000E+0	1.0000000E+2	0.0000000E+0
1.6898400E+2	6.7266236E+1	6.0631164E+1	0.0000000E+0	0.0000000E+0	1.0000000E+2	0.0000000E+0
1.6903400E+2	6.7233005E+1	6.0633388E+1	0.0000000E+0	0.0000000E+0	1.0000000E+2	0.0000000E+0
1.6908400E+2	6.7195686E+1	6.0634986E+1	0.0000000E+0	0.0000000E+0	1.0000000E+2	0.0000000E+0
1.6913400E+2	6.7183706E+1	6.0625096E+1	0.0000000E+0	0.0000000E+0	1.0000000E+2	0.0000000E+0
1.6918400E+2	6.7169221E+1	6.0633871E+1	0.0000000E+0	0.0000000E+0	1.0000000E+2	0.0000000E+0
1.6923400E+2	6.7138232E+1	6.0619529E+1	0.0000000E+0	0.0000000E+0	1.0000000E+2	0.0000000E+0
1.6928400E+2	6.7144815E+1	6.0630903E+1	0.0000000E+0	0.0000000E+0	1.0000000E+2	0.0000000E+0
1.6933400E+2	6.7127177E+1	6.0625748E+1	0.0000000E+0	0.0000000E+0	1.0000000E+2	0.0000000E+0
1.6938400E+2	6.7160147E+1	6.0638999E+1	0.0000000E+0	0.0000000E+0	1.0000000E+2	0.0000000E+0
1.6943400E+2	6.7171723E+1	6.0639153E+1	0.0000000E+0	0.0000000E+0	1.0000000E+2	0.0000000E+0
1.6948400E+2	6.7187714E+1	6.0638163E+1	0.0000000E+0	0.0000000E+0	1.0000000E+2	0.0000000E+0
1.6953400E+2	6.7188498E+1	6.0647308E+1	0.0000000E+0	0.0000000E+0	1.0000000E+2	0.0000000E+0
1.6958400E+2	6.7200594E+1	6.0637676E+1	0.0000000E+0	0.0000000E+0	1.0000000E+2	0.0000000E+0
1.6963400E+2	6.7198602E+1	6.0641328E+1	0.0000000E+0	0.0000000E+0	1.0000000E+2	0.0000000E+0
1.6968500E+2	6.7183188E+1	6.0627583E+1	0.0000000E+0	0.0000000E+0	1.0000000E+2	0.0000000E+0
1.6973500E+2	6.7180783E+1	6.0633352E+1	0.0000000E+0	0.0000000E+0	1.0000000E+2	0.0000000E+0
1.6978500E+2	6.7136372E+1	6.0624704E+1	0.0000000E+0	0.0000000E+0	1.0000000E+2	0.0000000E+0
1.6983600E+2	6.7127592E+1	6.0615711E+1	0.0000000E+0	0.0000000E+0	1.0000000E+2	0.0000000E+0
1.6988600E+2	6.7136838E+1	6.0640713E+1	0.0000000E+0	0.0000000E+0	1.0000000E+2	0.0000000E+0
1.6993700E+2	6.7113323E+1	6.0628664E+1	0.0000000E+0	0.0000000E+0	1.0000000E+2	0.0000000E+0
1.6998800E+2	6.7107947E+1	6.0625143E+1	0.0000000E+0	0.0000000E+0	1.0000000E+2	0.0000000E+0
1.7003800E+2	6.7087044E+1	6.0628391E+1	0.0000000E+0	0.0000000E+0	1.0000000E+2	0.0000000E+0
1.7008800E+2	6.7036634E+1	6.0634500E+1	0.0000000E+0	0.0000000E+0	1.0000000E+2	0.0000000E+0
1.7013900E+2	6.6993383E+1	6.0634851E+1	0.0000000E+0	0.0000000E+0	1.0000000E+2	0.0000000E+0
1.7018900E+2	6.6973824E+1	6.0631239E+1	0.0000000E+0	0.0000000E+0	1.0000000E+2	0.0000000E+0
1.7023900E+2	6.6938611E+1	6.0629056E+1	0.0000000E+0	0.0000000E+0	1.0000000E+2	0.0000000E+0
1.7028900E+2	6.6912470E+1	6.0625471E+1	0.0000000E+0	0.0000000E+0	1.0000000E+2	0.0000000E+0
1.7033900E+2	6.6895709E+1	6.0621978E+1	0.0000000E+0	0.0000000E+0	1.0000000E+2	0.0000000E+0
1.7038900E+2	6.6900134E+1	6.0622102E+1	0.0000000E+0	0.0000000E+0	1.0000000E+2	0.0000000E+0
1.7043900E+2	6.6889589E+1	6.0634762E+1	0.0000000E+0	0.0000000E+0	1.0000000E+2	0.0000000E+0
1.7048900E+2	6.6913709E+1	6.0653219E+1	0.0000000E+0	0.0000000E+0	1.0000000E+2	0.0000000E+0
1.7053900E+2	6.6924443E+1	6.0635106E+1	0.0000000E+0	0.0000000E+0	1.0000000E+2	0.0000000E+0
1.7058900E+2	6.6936212E+1	6.0652627E+1	0.0000000E+0	0.0000000E+0	1.0000000E+2	0.0000000E+0
1.7063900E+2	6.6918498E+1	6.0615325E+1	0.0000000E+0	0.0000000E+0	1.0000000E+2	0.0000000E+0
1.7068900E+2	6.6935136E+1	6.0625993E+1	0.0000000E+0	0.0000000E+0	1.0000000E+2	0.0000000E+0
1.7073900E+2	6.6978742E+1	6.0637156E+1	0.0000000E+0	0.0000000E+0	1.0000000E+2	0.0000000E+0
1.7078900E+2	6.6963090E+1	6.0622905E+1	0.0000000E+0	0.0000000E+0	1.0000000E+2	0.0000000E+0
1.7083900E+2	6.6947794E+1	6.0618060E+1	0.0000000E+0	0.0000000E+0	1.0000000E+2	0.0000000E+0
1.7088900E+2	6.6970876E+1	6.0632690E+1	0.0000000E+0	0.0000000E+0	1.0000000E+2	0.0000000E+0
1.7093900E+2	6.6987772E+1	6.0627662E+1	0.0000000E+0	0.0000000E+0	1.0000000E+2	0.0000000E+0
1.7098900E+2	6.7010171E+1	6.0627505E+1	0.0000000E+0	0.0000000E+0	1.0000000E+2	0.0000000E+0
1.7103900E+2	6.7018745E+1	6.0628317E+1	0.0000000E+0	0.0000000E+0	1.0000000E+2	0.0000000E+0
1.7108900E+2	6.7042063E+1	6.0627598E+1	0.0000000E+0	0.0000000E+0	1.0000000E+2	0.0000000E+0
1.7114000E+2	6.7060655E+1	6.0652523E+1	0.0000000E+0	0.0000000E+0	1.0000000E+2	0.0000000E+0
1.7119000E+2	6.7040775E+1	6.0620824E+1	0.0000000E+0	0.0000000E+0	1.0000000E+2	0.0000000E+0
1.7124000E+2	6.7037676E+1	6.0629711E+1	0.0000000E+0	0.0000000E+0	1.0000000E+2	0.0000000E+0
1.7129100E+2	6.7008928E+1	6.0631191E+1	0.0000000E+0	0.0000000E+0	1.0000000E+2	0.0000000E+0
1.7134100E+2	6.6950637E+1	6.0640357E+1	0.0000000E+0	0.0000000E+0	1.0000000E+2	0.0000000E+0
1.7139100E+2	6.6923686E+1	6.0641029E+1	0.0000000E+0	0.0000000E+0	1.0000000E+2	0.0000000E+0
1.7144100E+2	6.6919953E+1	6.0647269E+1	0.0000000E+0	0.0000000E+0	1.0000000E+2	0.0000000E+0
1.7149100E+2	6.6925042E+1	6.0637682E+1	0.0000000E+0	0.0000000E+0	1.0000000E+2	0.0000000E+0
1.7154100E+2	6.6910305E+1	6.0626333E+1	0.0000000E+0	0.0000000E+0	1.0000000E+2	0.0000000E+0
1.7159100E+2	6.6909325E+1	6.0624392E+1	0.0000000E+0	0.0000000E+0	1.0000000E+2	0.0000000E+0
1.7164100E+2	6.6947031E+1	6.0634672E+1	0.0000000E+0	0.0000000E+0	1.0000000E+2	0.0000000E+0
1.7169100E+2	6.6951027E+1	6.0645127E+1	0.0000000E+0	0.0000000E+0	1.0000000E+2	0.0000000E+0
1.7174100E+2	6.6947140E+1	6.0638894E+1	0.0000000E+0	0.0000000E+0	1.0000000E+2	0.0000000E+0
1.7179200E+2	6.6939441E+1	6.0633878E+1	0.0000000E+0	0.0000000E+0	1.0000000E+2	0.0000000E+0
1.7184200E+2	6.6943779E+1	6.0643455E+1	0.0000000E+0	0.0000000E+0	1.0000000E+2	0.0000000E+0
1.7189200E+2	6.6942284E+1	6.0640992E+1	0.0000000E+0	0.0000000E+0	1.0000000E+2	0.0000000E+0
1.7194200E+2	6.6925768E+1	6.0610433E+1	0.0000000E+0	0.0000000E+0	1.0000000E+2	0.0000000E+0
1.7199200E+2	6.6942946E+1	6.0628013E+1	0.0000000E+0	0.0000000E+0	1.0000000E+2	0.0000000E+0
1.7204200E+2	6.6983463E+1	6.0649989E+1	0.0000000E+0	0.0000000E+0	1.0000000E+2	0.0000000E+0
1.7209300E+2	6.7018652E+1	6.0649367E+1	0.0000000E+0	0.0000000E+0	1.0000000E+2	0.0000000E+0
1.7214300E+2	6.6998677E+1	6.0641138E+1	0.0000000E+0	0.0000000E+0	1.0000000E+2	0.0000000E+0
1.7219300E+2	6.7022995E+1	6.0653462E+1	0.0000000E+0	0.0000000E+0	1.0000000E+2	0.0000000E+0
1.7224300E+2	6.7033595E+1	6.0642804E+1	0.0000000E+0	0.0000000E+0	1.0000000E+2	0.0000000E+0
1.7229300E+2	6.7042738E+1	6.0637373E+1	0.0000000E+0	0.0000000E+0	1.0000000E+2	0.0000000E+0
1.7234300E+2	6.7041344E+1	6.0638452E+1	0.0000000E+0	0.0000000E+0	1.0000000E+2	0.0000000E+0
1.7239300E+2	6.7056197E+1	6.0636712E+1	0.0000000E+0	0.0000000E+0	1.0000000E+2	0.0000000E+0
1.7244300E+2	6.7079849E+1	6.0642303E+1	0.0000000E+0	0.0000000E+0	1.0000000E+2	0.0000000E+0
1.7249300E+2	6.7053451E+1	6.0649946E+1	0.0000000E+0	0.0000000E+0	1.0000000E+2	0.0000000E+0
1.7254300E+2	6.6989312E+1	6.0627525E+1	0.0000000E+0	0.0000000E+0	1.0000000E+2	0.0000000E+0
1.7259400E+2	6.7009331E+1	6.0639613E+1	0.0000000E+0	0.0000000E+0	1.0000000E+2	0.0000000E+0
1.7264500E+2	6.7014406E+1	6.0654303E+1	0.0000000E+0	0.0000000E+0	1.0000000E+2	0.0000000E+0
1.7269500E+2	6.7003046E+1	6.0646667E+1	0.0000000E+0	0.0000000E+0	1.0000000E+2	0.0000000E+0
1.7274500E+2	6.7007217E+1	6.0654427E+1	0.0000000E+0	0.0000000E+0	1.0000000E+2	0.0000000E+0
1.7279500E+2	6.6998003E+1	6.0654708E+1	0.0000000E+0	0.0000000E+0	1.0000000E+2	0.0000000E+0
1.7284500E+2	6.7014374E+1	6.0664220E+1	0.0000000E+0	0.0000000E+0	1.0000000E+2	0.0000000E+0
1.7289500E+2	6.7017411E+1	6.0664194E+1	0.0000000E+0	0.0000000E+0	1.0000000E+2	0.0000000E+0
1.7294500E+2	6.7006974E+1	6.0650222E+1	0.0000000E+0	0.0000000E+0	1.0000000E+2	0.0000000E+0
1.7299500E+2	6.7002026E+1	6.0672016E+1	0.0000000E+0	0.0000000E+0	1.0000000E+2	0.0000000E+0
1.7304600E+2	6.7024207E+1	6.0665988E+1	0.0000000E+0	0.0000000E+0	1.0000000E+2	0.0000000E+0
1.7309700E+2	6.7054605E+1	6.0673905E+1	0.0000000E+0	0.0000000E+0	1.0000000E+2	0.0000000E+0
1.7314700E+2	6.7040860E+1	6.0673306E+1	0.0000000E+0	0.0000000E+0	1.0000000E+2	0.0000000E+0
1.7319700E+2	6.7044325E+1	6.0682957E+1	0.0000000E+0	0.0000000E+0	1.0000000E+2	0.0000000E+0
1.7324700E+2	6.7041957E+1	6.0689165E+1	0.0000000E+0	0.0000000E+0	1.0000000E+2	0.0000000E+0
1.7329700E+2	6.7031874E+1	6.0670970E+1	0.0000000E+0	0.0000000E+0	1.0000000E+2	0.0000000E+0
1.7334800E+2	6.7028238E+1	6.0668832E+1	0.0000000E+0	0.0000000E+0	1.0000000E+2	0.0000000E+0
1.7339900E+2	6.7039174E+1	6.0668480E+1	0.0000000E+0	0.0000000E+0	1.0000000E+2	0.0000000E+0
1.7344900E+2	6.7038695E+1	6.0664334E+1	0.0000000E+0	0.0000000E+0	1.0000000E+2	0.0000000E+0
1.7349900E+2	6.7029643E+1	6.0669137E+1	0.0000000E+0	0.0000000E+0	1.0000000E+2	0.0000000E+0
1.7354900E+2	6.7040963E+1	6.0679442E+1	0.0000000E+0	0.0000000E+0	1.0000000E+2	0.0000000E+0
1.7359900E+2	6.7049357E+1	6.0679512E+1	0.0000000E+0	0.0000000E+0	1.0000000E+2	0.0000000E+0
1.7365000E+2	6.7023504E+1	6.0664205E+1	0.0000000E+0	0.0000000E+0	1.0000000E+2	0.0000000E+0
1.7370000E+2	6.6976900E+1	6.0652198E+1	0.0000000E+0	0.0000000E+0	1.0000000E+2	0.0000000E+0
1.7375100E+2	6.6957480E+1	6.0648674E+1	0.0000000E+0	0.0000000E+0	1.0000000E+2	0.0000000E+0
1.7380100E+2	6.6955998E+1	6.0651387E+1	0.0000000E+0	0.0000000E+0	1.0000000E+2	0.0000000E+0
1.7385100E+2	6.6942023E+1	6.0650514E+1	0.0000000E+0	0.0000000E+0	1.0000000E+2	0.0000000E+0
1.7390100E+2	6.6947339E+1	6.0657945E+1	0.0000000E+0	0.0000000E+0	1.0000000E+2	0.0000000E+0
1.7395200E+2	6.6946142E+1	6.0643750E+1	0.0000000E+0	0.0000000E+0	1.0000000E+2	0.0000000E+0
1.7400200E+2	6.6944088E+1	6.0636916E+1	0.0000000E+0	0.0000000E+0	1.0000000E+2	0.0000000E+0
1.7405300E+2	6.6936634E+1	6.0644979E+1	0.0000000E+0	0.0000000E+0	1.0000000E+2	0.0000000E+0
1.7410400E+2	6.6950930E+1	6.0660194E+1	0.0000000E+0	0.0000000E+0	1.0000000E+2	0.0000000E+0
1.7415500E+2	6.6979873E+1	6.0668254E+1	0.0000000E+0	0.0000000E+0	1.0000000E+2	0.0000000E+0
1.7420500E+2	6.7006083E+1	6.0670983E+1	0.0000000E+0	0.0000000E+0	1.0000000E+2	0.0000000E+0
1.7425500E+2	6.7015692E+1	6.0677810E+1	0.0000000E+0	0.0000000E+0	1.0000000E+2	0.0000000E+0
1.7430500E+2	6.7008286E+1	6.0654080E+1	0.0000000E+0	0.0000000E+0	1.0000000E+2	0.0000000E+0
1.7435500E+2	6.7017741E+1	6.0662717E+1	0.0000000E+0	0.0000000E+0	1.0000000E+2	0.0000000E+0
1.7440500E+2	6.7017230E+1	6.0663147E+1	0.0000000E+0	0.0000000E+0	1.0000000E+2	0.0000000E+0
1.7445500E+2	6.7008335E+1	6.0643310E+1	0.0000000E+0	0.0000000E+0	1.0000000E+2	0.0000000E+0
1.7450500E+2	6.7029465E+1	6.0657985E+1	0.0000000E+0	0.0000000E+0	1.0000000E+2	0.0000000E+0
1.7455500E+2	6.7032765E+1	6.0654040E+1	0.0000000E+0	0.0000000E+0	1.0000000E+2	0.0000000E+0
1.7460500E+2	6.7036720E+1	6.0643809E+1	0.0000000E+0	0.0000000E+0	1.0000000E+2	0.0000000E+0
1.7465500E+2	6.7072392E+1	6.0651126E+1	0.0000000E+0	0.0000000E+0	1.0000000E+2	0.0000000E+0
1.7470500E+2	6.7107965E+1	6.0670062E+1	0.0000000E+0	0.0000000E+0	1.0000000E+2	0.0000000E+0
1.7475500E+2	6.7102725E+1	6.0671788E+1	0.0000000E+0	0.0000000E+0	1.0000000E+2	0.0000000E+0
1.7480500E+2	6.7059449E+1	6.0666628E+1	0.0000000E+0	0.0000000E+0	1.0000000E+2	0.0000000E+0
1.7485500E+2	6.7061505E+1	6.0672132E+1	0.0000000E+0	0.0000000E+0	1.0000000E+2	0.0000000E+0
1.7490500E+2	6.7055937E+1	6.0659690E+1	0.0000000E+0	0.0000000E+0	1.0000000E+2	0.0000000E+0
1.7495500E+2	6.7063966E+1	6.0664318E+1	0.0000000E+0	0.0000000E+0	1.0000000E+2	0.0000000E+0
1.7500500E+2	6.7079872E+1	6.0674282E+1	0.0000000E+0	0.0000000E+0	1.0000000E+2	0.0000000E+0
1.7505500E+2	6.7105446E+1	6.0678765E+1	0.0000000E+0	0.0000000E+0	1.0000000E+2	0.0000000E+0
1.7510500E+2	6.7109138E+1	6.0666957E+1	0.0000000E+0	0.0000000E+0	1.0000000E+2	0.0000000E+0
1.7515500E+2	6.7118200E+1	6.0663542E+1	0.0000000E+0	0.0000000E+0	1.0000000E+2	0.0000000E+0
1.7520500E+2	6.7116303E+1	6.0665581E+1	0.0000000E+0	0.0000000E+0	1.0000000E+2	0.0000000E+0
1.7525500E+2	6.7108895E+1	6.0668573E+1	0.0000000E+0	0.0000000E+0	1.0000000E+2	0.0000000E+0
1.7530500E+2	6.7117925E+1	6.0672989E+1	0.0000000E+0	0.0000000E+0	1.0000000E+2	0.0000000E+0
1.7535500E+2	6.7080530E+1	6.0656364E+1	0.0000000E+0	0.0000000E+0	1.0000000E+2	0.0000000E+0
1.7540500E+2	6.7088793E+1	6.0663376E+1	0.0000000E+0	0.0000000E+0	1.0000000E+2	0.0000000E+0
1.7545500E+2	6.7100009E+1	6.0654509E+1	0.0000000E+0	0.0000000E+0	1.0000000E+2	0.0000000E+0
1.7550500E+2	6.7098073E+1	6.0648316E+1	0.0000000E+0	0.0000000E+0	1.0000000E+2	0.0000000E+0
1.7555600E+2	6.7119300E+1	6.0672590E+1	0.0000000E+0	0.0000000E+0	1.0000000E+2	0.0000000E+0
1.7560600E+2	6.7099157E+1	6.0676392E+1	0.0000000E+0	0.0000000E+0	1.0000000E+2	0.0000000E+0
1.7565600E+2	6.7084756E+1	6.0673289E+1	0.0000000E+0	0.0000000E+0	1.0000000E+2	0.0000000E+0
1.7570700E+2	6.7048503E+1	6.0656094E+1	0.0000000E+0	0.0000000E+0	1.0000000E+2	0.0000000E+0
1.7575700E+2	6.7027147E+1	6.0676885E+1	0.0000000E+0	0.0000000E+0	1.0000000E+2	0.0000000E+0
1.7580700E+2	6.7009323E+1	6.0686288E+1	0.0000000E+0	0.0000000E+0	1.0000000E+2	0.0000000E+0
1.7585700E+2	6.6986475E+1	6.0686335E+1	0.0000000E+0	0.0000000E+0	1.0000000E+2	0.0000000E+0
1.7590700E+2	6.6994765E+1	6.0679994E+1	0.0000000E+0	0.0000000E+0	1.0000000E+2	0.0000000E+0
1.7595700E+2	6.7022685E+1	6.0684814E+1	0.0000000E+0	0.0000000E+0	1.0000000E+2	0.0000000E+0
1.7600700E+2	6.7034435E+1	6.0689407E+1	0.0000000E+0	0.0000000E+0	1.0000000E+2	0.0000000E+0
1.7605700E+2	6.7029301E+1	6.0671873E+1	0.0000000E+0	0.0000000E+0	1.0000000E+2	0.0000000E+0
1.7610700E+2	6.7039358E+1	6.0684747E+1	0.0000000E+0	0.0000000E+0	1.0000000E+2	0.0000000E+0
1.7615700E+2	6.7057425E+1	6.0692551E+1	0.0000000E+0	0.0000000E+0	1.0000000E+2	0.0000000E+0
1.7620700E+2	6.7065361E+1	6.0688992E+1	0.0000000E+0	0.0000000E+0	1.0000000E+2	0.0000000E+0
1.7625700E+2	6.7075299E+1	6.0692763E+1	0.0000000E+0	0.0000000E+0	1.0000000E+2	0.0000000E+0
1.7630700E+2	6.7113915E+1	6.0683035E+1	0.0000000E+0	0.0000000E+0	1.0000000E+2	0.0000000E+0
1.7635700E+2	6.7125343E+1	6.0671061E+1	0.0000000E+0	0.0000000E+0	1.0000000E+2	0.0000000E+0
1.7640700E+2	6.7171234E+1	6.0686310E+1	0.0000000E+0	0.0000000E+0	1.0000000E+2	0.0000000E+0
1.7645700E+2	6.7200318E+1	6.0691275E+1	0.0000000E+0	0.0000000E+0	1.0000000E+2	0.0000000E+0
1.7650700E+2	6.7240299E+1	6.0698024E+1	0.0000000E+0	0.0000000E+0	1.0000000E+2	0.0000000E+0
1.7655700E+2	6.7252734E+1	6.0696692E+1	0.0000000E+0	0.0000000E+0	1.0000000E+2	0.0000000E+0
1.7660700E+2	6.7240895E+1	6.0681071E+1	0.0000000E+0	0.0000000E+0	1.0000000E+2	0.0000000E+0
1.7665700E+2	6.7243637E+1	6.0679712E+1	0.0000000E+0	0.0000000E+0	1.0000000E+2	0.0000000E+0
1.7670700E+2	6.7259026E+1	6.0684732E+1	0.0000000E+0	0.0000000E+0	1.0000000E+2	0.0000000E+0
1.7675700E+2	6.7261090E+1	6.0699031E+1	0.0000000E+0	0.0000000E+0	1.0000000E+2	0.0000000E+0
1.7680700E+2	6.7225338E+1	6.0700540E+1	0.0000000E+0	0.0000000E+0	1.0000000E+2	0.0000000E+0
1.7685700E+2	6.7159544E+1	6.0689617E+1	0.0000000E+0	0.0000000E+0	1.0000000E+2	0.0000000E+0
1.7690700E+2	6.7124420E+1	6.0678419E+1	0.0000000E+0	0.0000000E+0	1.0000000E+2	0.0000000E+0
1.7695700E+2	6.7121772E+1	6.0682299E+1	0.0000000E+0	0.0000000E+0	1.0000000E+2	0.0000000E+0
1.7700700E+2	6.7120143E+1	6.0690572E+1	0.0000000E+0	0.0000000E+0	1.0000000E+2	0.0000000E+0
1.7705700E+2	6.7084485E+1	6.0681094E+1	0.0000000E+0	0.0000000E+0	1.0000000E+2	0.0000000E+0
1.7710700E+2	6.7056342E+1	6.0667176E+1	0.0000000E+0	0.0000000E+0	1.0000000E+2	0.0000000E+0
1.7715700E+2	6.7054498E+1	6.0673114E+1	0.0000000E+0	0.0000000E+0	1.0000000E+2	0.0000000E+0
1.7720700E+2	6.7061070E+1	6.0700313E+1	0.0000000E+0	0.0000000E+0	1.0000000E+2	0.0000000E+0
1.7725700E+2	6.7062504E+1	6.0683319E+1	0.0000000E+0	0.0000000E+0	1.0000000E+2	0.0000000E+0
1.7730800E+2	6.7066625E+1	6.0687662E+1	0.0000000E+0	0.0000000E+0	1.0000000E+2	0.0000000E+0
1.7735800E+2	6.7072574E+1	6.0697305E+1	0.0000000E+0	0.0000000E+0	1.0000000E+2	0.0000000E+0
1.7740800E+2	6.7068653E+1	6.0688152E+1	0.0000000E+0	0.0000000E+0	1.0000000E+2	0.0000000E+0
1.7745800E+2	6.7089388E+1	6.0719271E+1	0.0000000E+0	0.0000000E+0	1.0000000E+2	0.0000000E+0
1.7750800E+2	6.7061942E+1	6.0696796E+1	0.0000000E+0	0.0000000E+0	1.0000000E+2	0.0000000E+0
1.7755900E+2	6.7082424E+1	6.0708361E+1	0.0000000E+0	0.0000000E+0	1.0000000E+2	0.0000000E+0
1.7760900E+2	6.7107051E+1	6.0715427E+1	0.0000000E+0	0.0000000E+0	1.0000000E+2	0.0000000E+0
1.7765900E+2	6.7104164E+1	6.0689228E+1	0.0000000E+0	0.0000000E+0	1.0000000E+2	0.0000000E+0
1.7770900E+2	6.7107221E+1	6.0690532E+1	0.0000000E+0	0.0000000E+0	1.0000000E+2	0.0000000E+0
1.7775900E+2	6.7061875E+1	6.0697122E+1	0.0000000E+0	0.0000000E+0	1.0000000E+2	0.0000000E+0
1.7780900E+2	6.7043924E+1	6.0686410E+1	0.0000000E+0	0.0000000E+0	1.0000000E+2	0.0000000E+0
1.7785900E+2	6.7067117E+1	6.0694339E+1	0.0000000E+0	0.0000000E+0	1.0000000E+2	0.0000000E+0
1.7790900E+2	6.7102627E+1	6.0702299E+1	0.0000000E+0	0.0000000E+0	1.0000000E+2	0.0000000E+0
1.7795900E+2	6.7085664E+1	6.0703782E+1	0.0000000E+0	0.0000000E+0	1.0000000E+2	0.0000000E+0
1.7801000E+2	6.7093206E+1	6.0703852E+1	0.0000000E+0	0.0000000E+0	1.0000000E+2	0.0000000E+0
1.7806000E+2	6.7051772E+1	6.0694823E+1	0.0000000E+0	0.0000000E+0	1.0000000E+2	0.0000000E+0
1.7811000E+2	6.7033143E+1	6.0696777E+1	0.0000000E+0	0.0000000E+0	1.0000000E+2	0.0000000E+0
1.7816000E+2	6.7048730E+1	6.0711678E+1	0.0000000E+0	0.0000000E+0	1.0000000E+2	0.0000000E+0
1.7821100E+2	6.7006886E+1	6.0696009E+1	0.0000000E+0	0.0000000E+0	1.0000000E+2	0.0000000E+0
1.7826100E+2	6.6976276E+1	6.0691031E+1	0.0000000E+0	0.0000000E+0	1.0000000E+2	0.0000000E+0
1.7831200E+2	6.6953755E+1	6.0686159E+1	0.0000000E+0	0.0000000E+0	1.0000000E+2	0.0000000E+0
1.7836200E+2	6.6972552E+1	6.0695639E+1	0.0000000E+0	0.0000000E+0	1.0000000E+2	0.0000000E+0
1.7841200E+2	6.6940901E+1	6.0652808E+1	0.0000000E+0	0.0000000E+0	1.0000000E+2	0.0000000E+0
1.7846200E+2	6.6914807E+1	6.0638965E+1	0.0000000E+0	0.0000000E+0	1.0000000E+2	0.0000000E+0
1.7851200E+2	6.6901435E+1	6.0641093E+1	0.0000000E+0	0.0000000E+0	1.0000000E+2	0.0000000E+0
1.7856200E+2	6.6859218E+1	6.0642821E+1	0.0000000E+0	0.0000000E+0	1.0000000E+2	0.0000000E+0
1.7861200E+2	6.6825754E+1	6.0639954E+1	0.0000000E+0	0.0000000E+0	1.0000000E+2	0.0000000E+0
1.7866200E+2	6.6833851E+1	6.0647395E+1	0.0000000E+0	0.0000000E+0	1.0000000E+2	0.0000000E+0
1.7871200E+2	6.6806054E+1	6.0648118E+1	0.0000000E+0	0.0000000E+0	1.0000000E+2	0.0000000E+0
1.7876200E+2	6.6780371E+1	6.0640087E+1	0.0000000E+0	0.0000000E+0	1.0000000E+2	0.0000000E+0
1.7881300E+2	6.6756700E+1	6.0629419E+1	0.0000000E+0	0.0000000E+0	1.0000000E+2	0.0000000E+0
1.7886400E+2	6.6766270E+1	6.0647273E+1	0.0000000E+0	0.0000000E+0	1.0000000E+2	0.0000000E+0
1.7891400E+2	6.6765688E+1	6.0645156E+1	0.0000000E+0	0.0000000E+0	1.0000000E+2	0.0000000E+0
1.7896400E+2	6.6778901E+1	6.0642485E+1	0.0000000E+0	0.0000000E+0	1.0000000E+2	0.0000000E+0
1.7901400E+2	6.6770248E+1	6.0644233E+1	0.0000000E+0	0.0000000E+0	1.0000000E+2	0.0000000E+0
1.7906400E+2	6.6768588E+1	6.0636187E+1	0.0000000E+0	0.0000000E+0	1.0000000E+2	0.0000000E+0
1.7911400E+2	6.6806214E+1	6.0648642E+1	0.0000000E+0	0.0000000E+0	1.0000000E+2	0.0000000E+0
1.7916400E+2	6.6814632E+1	6.0639602E+1	0.0000000E+0	0.0000000E+0	1.0000000E+2	0.0000000E+0
1.7921400E+2	6.6823541E+1	6.0652834E+1	0.0000000E+0	0.0000000E+0	1.0000000E+2	0.0000000E+0
1.7926400E+2	6.6819716E+1	6.0628294E+1	0.0000000E+0	0.0000000E+0	1.0000000E+2	0.0000000E+0
1.7931500E+2	6.6845133E+1	6.0649140E+1	0.0000000E+0	0.0000000E+0	1.0000000E+2	0.0000000E+0
1.7936500E+2	6.6855676E+1	6.0643287E+1	0.0000000E+0	0.0000000E+0	1.0000000E+2	0.0000000E+0
1.7941500E+2	6.6827631E+1	6.0639416E+1	0.0000000E+0	0.0000000E+0	1.0000000E+2	0.0000000E+0
1.7946500E+2	6.6803922E+1	6.0645574E+1	0.0000000E+0	0.0000000E+0	1.0000000E+2	0.0000000E+0
1.7951500E+2	6.6798170E+1	6.0634422E+1	0.0000000E+0	0.0000000E+0	1.0000000E+2	0.0000000E+0
1.7956500E+2	6.6797605E+1	6.0630232E+1	0.0000000E+0	0.0000000E+0	1.0000000E+2	0.0000000E+0
1.7961600E+2	6.6809741E+1	6.0641519E+1	0.0000000E+0	0.0000000E+0	1.0000000E+2	0.0000000E+0
1.7966700E+2	6.6837293E+1	6.0649200E+1	0.0000000E+0	0.0000000E+0	1.0000000E+2	0.0000000E+0
1.7971700E+2	6.6832831E+1	6.0656269E+1	0.0000000E+0	0.0000000E+0	1.0000000E+2	0.0000000E+0
1.7976700E+2	6.6842743E+1	6.0667905E+1	0.0000000E+0	0.0000000E+0	1.0000000E+2	0.0000000E+0
1.7981700E+2	6.6832437E+1	6.0673777E+1	0.0000000E+0	0.0000000E+0	1.0000000E+2	0.0000000E+0
1.7986700E+2	6.6828333E+1	6.0675699E+1	0.0000000E+0	0.0000000E+0	1.0000000E+2	0.0000000E+0
1.7991800E+2	6.6820375E+1	6.0678058E+1	0.0000000E+0	0.0000000E+0	1.0000000E+2	0.0000000E+0
1.7996800E+2	6.6808196E+1	6.0684903E+1	0.0000000E+0	0.0000000E+0	1.0000000E+2	0.0000000E+0
1.8001900E+2	6.6813279E+1	6.0682147E+1	0.0000000E+0	0.0000000E+0	1.0000000E+2	0.0000000E+0
1.8006900E+2	6.6796759E+1	6.0684446E+1	0.0000000E+0	0.0000000E+0	1.0000000E+2	0.0000000E+0
1.8011900E+2	6.6815560E+1	6.0686591E+1	0.0000000E+0	0.0000000E+0	1.0000000E+2	0.0000000E+0
1.8016900E+2	6.6817510E+1	6.0682354E+1	0.0000000E+0	0.0000000E+0	1.0000000E+2	0.0000000E+0
1.8021900E+2	6.6822641E+1	6.0684477E+1	0.0000000E+0	0.0000000E+0	1.0000000E+2	0.0000000E+0
1.8026900E+2	6.6807457E+1	6.0679509E+1	0.0000000E+0	0.0000000E+0	1.0000000E+2	0.0000000E+0
1.8031900E+2	6.6765064E+1	6.0689954E+1	0.0000000E+0	0.0000000E+0	1.0000000E+2	0.0000000E+0
1.8036900E+2	6.6752769E+1	6.0677460E+1	0.0000000E+0	0.0000000E+0	1.0000000E+2	0.0000000E+0
1.8041900E+2	6.6760276E+1	6.0687838E+1	0.0000000E+0	0.0000000E+0	1.0000000E+2	0.0000000E+0
1.8046900E+2	6.6762813E+1	6.0692563E+1	0.0000000E+0	0.0000000E+0	1.0000000E+2	0.0000000E+0
1.8051900E+2	6.6757157E+1	6.0693858E+1	0.0000000E+0	0.0000000E+0	1.0000000E+2	0.0000000E+0
1.8056900E+2	6.6750342E+1	6.0681444E+1	0.0000000E+0	0.0000000E+0	1.0000000E+2	0.0000000E+0
1.8061900E+2	6.6770222E+1	6.0697425E+1	0.0000000E+0	0.0000000E+0	1.0000000E+2	0.0000000E+0
1.8066900E+2	6.6783663E+1	6.0693048E+1	0.0000000E+0	0.0000000E+0	1.0000000E+2	0.0000000E+0
1.8071900E+2	6.6788400E+1	6.0673940E+1	0.0000000E+0	0.0000000E+0	1.0000000E+2	0.0000000E+0
1.8076900E+2	6.6811300E+1	6.0683749E+1	0.0000000E+0	0.0000000E+0	1.0000000E+2	0.0000000E+0
1.8081900E+2	6.6840083E+1	6.0680045E+1	0.0000000E+0	0.0000000E+0	1.0000000E+2	0.0000000E+0
1.8087000E+2	6.6845686E+1	6.0691242E+1	0.0000000E+0	0.0000000E+0	1.0000000E+2	0.0000000E+0
1.8092000E+2	6.6860315E+1	6.0685152E+1	0.0000000E+0	0.0000000E+0	1.0000000E+2	0.0000000E+0
1.8097000E+2	6.6885604E+1	6.0695238E+1	0.0000000E+0	0.0000000E+0	1.0000000E+2	0.0000000E+0
1.8102100E+2	6.6867278E+1	6.0688543E+1	0.0000000E+0	0.0000000E+0	1.0000000E+2	0.0000000E+0
1.8107100E+2	6.6858826E+1	6.0692031E+1	0.0000000E+0	0.0000000E+0	1.0000000E+2	0.0000000E+0
1.8112100E+2	6.6878803E+1	6.0702517E+1	0.0000000E+0	0.0000000E+0	1.0000000E+2	0.0000000E+0
1.8117100E+2	6.6856542E+1	6.0687238E+1	0.0000000E+0	0.0000000E+0	1.0000000E+2	0.0000000E+0
1.8122100E+2	6.6861260E+1	6.0696641E+1	0.0000000E+0	0.0000000E+0	1.0000000E+2	0.0000000E+0
1.8127200E+2	6.6878424E+1	6.0701201E+1	0.0000000E+0	0.0000000E+0	1.0000000E+2	0.0000000E+0
1.8132300E+2	6.6862766E+1	6.0685583E+1	0.0000000E+0	0.0000000E+0	1.0000000E+2	0.0000000E+0
1.8137400E+2	6.6866474E+1	6.0680616E+1	0.0000000E+0	0.0000000E+0	1.0000000E+2	0.0000000E+0
1.8142500E+2	6.6868507E+1	6.0669764E+1	0.0000000E+0	0.0000000E+0	1.0000000E+2	0.0000000E+0
1.8147500E+2	6.6822422E+1	6.0658069E+1	0.0000000E+0	0.0000000E+0	1.0000000E+2	0.0000000E+0
1.8152500E+2	6.6802430E+1	6.0659582E+1	0.0000000E+0	0.0000000E+0	1.0000000E+2	0.0000000E+0
1.8157500E+2	6.6786286E+1	6.0669674E+1	0.0000000E+0	0.0000000E+0	1.0000000E+2	0.0000000E+0
1.8162500E+2	6.6784969E+1	6.0678824E+1	0.0000000E+0	0.0000000E+0	1.0000000E+2	0.0000000E+0
1.8167500E+2	6.6783672E+1	6.0679512E+1	0.0000000E+0	0.0000000E+0	1.0000000E+2	0.0000000E+0
1.8172500E+2	6.6793378E+1	6.0662912E+1	0.0000000E+0	0.0000000E+0	1.0000000E+2	0.0000000E+0
1.8177600E+2	6.6777387E+1	6.0652640E+1	0.0000000E+0	0.0000000E+0	1.0000000E+2	0.0000000E+0
1.8182600E+2	6.6795645E+1	6.0648433E+1	0.0000000E+0	0.0000000E+0	1.0000000E+2	0.0000000E+0
1.8187600E+2	6.6803703E+1	6.0678443E+1	0.0000000E+0	0.0000000E+0	1.0000000E+2	0.0000000E+0
1.8192600E+2	6.6797782E+1	6.0671316E+1	0.0000000E+0	0.0000000E+0	1.0000000E+2	0.0000000E+0
1.8197600E+2	6.6805399E+1	6.0673082E+1	0.0000000E+0	0.0000000E+0	1.0000000E+2	0.0000000E+0
1.8202600E+2	6.6836373E+1	6.0678451E+1	0.0000000E+0	0.0000000E+0	1.0000000E+2	0.0000000E+0
1.8207700E+2	6.6864844E+1	6.0674081E+1	0.0000000E+0	0.0000000E+0	1.0000000E+2	0.0000000E+0
1.8212700E+2	6.6897004E+1	6.0682984E+1	0.0000000E+0	0.0000000E+0	1.0000000E+2	0.0000000E+0
1.8217700E+2	6.6905621E+1	6.0669100E+1	0.0000000E+0	0.0000000E+0	1.0000000E+2	0.0000000E+0
1.8222700E+2	6.6931118E+1	6.0670776E+1	0.0000000E+0	0.0000000E+0	1.0000000E+2	0.0000000E+0
1.8227700E+2	6.6921738E+1	6.0681757E+1	0.0000000E+0	0.0000000E+0	1.0000000E+2	0.0000000E+0
1.8232700E+2	6.6906536E+1	6.0682265E+1	0.0000000E+0	0.0000000E+0	1.0000000E+2	0.0000000E+0
1.8237700E+2	6.6920295E+1	6.0691934E+1	0.0000000E+0	0.0000000E+0	1.0000000E+2	0.0000000E+0
1.8242700E+2	6.6938502E+1	6.0683278E+1	0.0000000E+0	0.0000000E+0	1.0000000E+2	0.0000000E+0
1.8247700E+2	6.6983482E+1	6.0697314E+1	0.0000000E+0	0.0000000E+0	1.0000000E+2	0.0000000E+0
1.8252900E+2	6.7001816E+1	6.0697305E+1	0.0000000E+0	0.0000000E+0	1.0000000E+2	0.0000000E+0
1.8258000E+2	6.7031652E+1	6.0685245E+1	0.0000000E+0	0.0000000E+0	1.0000000E+2	0.0000000E+0
1.8263000E+2	6.7061850E+1	6.0688514E+1	0.0000000E+0	0.0000000E+0	1.0000000E+2	0.0000000E+0
1.8268000E+2	6.7099520E+1	6.0700452E+1	0.0000000E+0	0.0000000E+0	1.0000000E+2	0.0000000E+0
1.8273000E+2	6.7110432E+1	6.0695844E+1	0.0000000E+0	0.0000000E+0	1.0000000E+2	0.0000000E+0
1.8278000E+2	6.7122840E+1	6.0702931E+1	0.0000000E+0	0.0000000E+0	1.0000000E+2	0.0000000E+0
1.8283000E+2	6.7125858E+1	6.0698654E+1	0.0000000E+0	0.0000000E+0	1.0000000E+2	0.0000000E+0
1.8288000E+2	6.7131747E+1	6.0691264E+1	0.0000000E+0	0.0000000E+0	1.0000000E+2	0.0000000E+0
1.8293000E+2	6.7127145E+1	6.0690694E+1	0.0000000E+0	0.0000000E+0	1.0000000E+2	0.0000000E+0
1.8298100E+2	6.7145456E+1	6.0691692E+1	0.0000000E+0	0.0000000E+0	1.0000000E+2	0.0000000E+0
1.8303100E+2	6.7166884E+1	6.0705793E+1	0.0000000E+0	0.0000000E+0	1.0000000E+2	0.0000000E+0
1.8308200E+2	6.7150881E+1	6.0685982E+1	0.0000000E+0	0.0000000E+0	1.0000000E+2	0.0000000E+0
1.8313200E+2	6.7163864E+1	6.0694631E+1	0.0000000E+0	0.0000000E+0	1.0000000E+2	0.0000000E+0
1.8318300E+2	6.7155369E+1	6.0707819E+1	0.0000000E+0	0.0000000E+0	1.0000000E+2	0.0000000E+0
1.8323300E+2	6.7105114E+1	6.0695163E+1	0.0000000E+0	0.0000000E+0	1.0000000E+2	0.0000000E+0
1.8328300E+2	6.7092949E+1	6.0687272E+1	0.0000000E+0	0.0000000E+0	1.0000000E+2	0.0000000E+0
1.8333300E+2	6.7069256E+1	6.0683660E+1	0.0000000E+0	0.0000000E+0	1.0000000E+2	0.0000000E+0
1.8338300E+2	6.7079828E+1	6.0694461E+1	0.0000000E+0	0.0000000E+0	1.0000000E+2	0.0000000E+0
1.8343300E+2	6.7070776E+1	6.0675360E+1	0.0000000E+0	0.0000000E+0	1.0000000E+2	0.0000000E+0
1.8348300E+2	6.7064758E+1	6.0694780E+1	0.0000000E+0	0.0000000E+0	1.0000000E+2	0.0000000E+0
1.8353300E+2	6.6982777E+1	6.0683671E+1	0.0000000E+0	0.0000000E+0	1.0000000E+2	0.0000000E+0
1.8358300E+2	6.6975596E+1	6.0682881E+1	0.0000000E+0	0.0000000E+0	1.0000000E+2	0.0000000E+0
1.8363300E+2	6.6979932E+1	6.0687781E+1	0.0000000E+0	0.0000000E+0	1.0000000E+2	0.0000000E+0
1.8368300E+2	6.7013403E+1	6.0712577E+1	0.0000000E+0	0.0000000E+0	1.0000000E+2	0.0000000E+0
1.8373300E+2	6.7005366E+1	6.0701181E+1	0.0000000E+0	0.0000000E+0	1.0000000E+2	0.0000000E+0
1.8378300E+2	6.7029628E+1	6.0719101E+1	0.0000000E+0	0.0000000E+0	1.0000000E+2	0.0000000E+0
1.8383300E+2	6.7033237E+1	6.0703764E+1	0.0000000E+0	0.0000000E+0	1.0000000E+2	0.0000000E+0
1.8388300E+2	6.7033144E+1	6.0702835E+1	0.0000000E+0	0.0000000E+0	1.0000000E+2	0.0000000E+0
1.8393400E+2	6.7060586E+1	6.0701430E+1	0.0000000E+0	0.0000000E+0	1.0000000E+2	0.0000000E+0
1.8398400E+2	6.7083722E+1	6.0725213E+1	0.0000000E+0	0.0000000E+0	1.0000000E+2	0.0000000E+0
1.8403500E+2	6.7092242E+1	6.0716033E+1	0.0000000E+0	0.0000000E+0	1.0000000E+2	0.0000000E+0
1.8408500E+2	6.7089206E+1	6.0727930E+1	0.0000000E+0	0.0000000E+0	1.0000000E+2	0.0000000E+0
1.8413500E+2	6.7076214E+1	6.0739737E+1	0.0000000E+0	0.0000000E+0	1.0000000E+2	0.0000000E+0
1.8418500E+2	6.7082265E+1	6.0718179E+1	0.0000000E+0	0.0000000E+0	1.0000000E+2	0.0000000E+0
1.8423500E+2	6.7101892E+1	6.0715764E+1	0.0000000E+0	0.0000000E+0	1.0000000E+2	0.0000000E+0
1.8428500E+2	6.7103024E+1	6.0736843E+1	0.0000000E+0	0.0000000E+0	1.0000000E+2	0.0000000E+0
1.8433500E+2	6.7109562E+1	6.0733158E+1	0.0000000E+0	0.0000000E+0	1.0000000E+2	0.0000000E+0
1.8438500E+2	6.7103370E+1	6.0733017E+1	0.0000000E+0	0.0000000E+0	1.0000000E+2	0.0000000E+0
1.8443500E+2	6.7094281E+1	6.0740780E+1	0.0000000E+0	0.0000000E+0	1.0000000E+2	0.0000000E+0
1.8448500E+2	6.7100770E+1	6.0753812E+1	0.0000000E+0	0.0000000E+0	1.0000000E+2	0.0000000E+0
1.8453600E+2	6.7089196E+1	6.0735185E+1	0.0000000E+0	0.0000000E+0	1.0000000E+2	0.0000000E+0
1.8458600E+2	6.7090719E+1	6.0748883E+1	0.0000000E+0	0.0000000E+0	1.0000000E+2	0.0000000E+0
1.8463600E+2	6.7048361E+1	6.0747489E+1	0.0000000E+0	0.0000000E+0	1.0000000E+2	0.0000000E+0
1.8468600E+2	6.7067970E+1	6.0739897E+1	0.0000000E+0	0.0000000E+0	1.0000000E+2	0.0000000E+0
1.8473600E+2	6.7044232E+1	6.0733620E+1	0.0000000E+0	0.0000000E+0	1.0000000E+2	0.0000000E+0
1.8478700E+2	6.7049368E+1	6.0725969E+1	0.0000000E+0	0.0000000E+0	1.0000000E+2	0.0000000E+0
1.8483700E+2	6.7022866E+1	6.0733395E+1	0.0000000E+0	0.0000000E+0	1.0000000E+2	0.0000000E+0
1.8488700E+2	6.7011914E+1	6.0732373E+1	0.0000000E+0	0.0000000E+0	1.0000000E+2	0.0000000E+0
1.8493700E+2	6.6972714E+1	6.0720995E+1	0.0000000E+0	0.0000000E+0	1.0000000E+2	0.0000000E+0
1.8498700E+2	6.6956478E+1	6.0739153E+1	0.0000000E+0	0.0000000E+0	1.0000000E+2	0.0000000E+0
1.8503700E+2	6.6925850E+1	6.0708204E+1	0.0000000E+0	0.0000000E+0	1.0000000E+2	0.0000000E+0
1.8508700E+2	6.6929827E+1	6.0725395E+1	0.0000000E+0	0.0000000E+0	1.0000000E+2	0.0000000E+0
1.8513700E+2	6.6910456E+1	6.0727629E+1	0.0000000E+0	0.0000000E+0	1.0000000E+2	0.0000000E+0
1.8518700E+2	6.6923721E+1	6.0723123E+1	0.0000000E+0	0.0000000E+0	1.0000000E+2	0.0000000E+0
1.8523800E+2	6.6931280E+1	6.0710770E+1	0.0000000E+0	0.0000000E+0	1.0000000E+2	0.0000000E+0
1.8528800E+2	6.6916666E+1	6.0718424E+1	0.0000000E+0	0.0000000E+0	1.0000000E+2	0.0000000E+0
1.8533800E+2	6.6901132E+1	6.0723380E+1	0.0000000E+0	0.0000000E+0	1.0000000E+2	0.0000000E+0
1.8538800E+2	6.6896472E+1	6.0713958E+1	0.0000000E+0	0.0000000E+0	1.0000000E+2	0.0000000E+0
1.8543800E+2	6.6877810E+1	6.0717307E+1	0.0000000E+0	0.0000000E+0	1.0000000E+2	0.0000000E+0
1.8548800E+2	6.6876831E+1	6.0717147E+1	0.0000000E+0	0.0000000E+0	1.0000000E+2	0.0000000E+0
1.8553900E+2	6.6860638E+1	6.0723205E+1	0.0000000E+0	0.0000000E+0	1.0000000E+2	0.0000000E+0
1.8558900E+2	6.6818071E+1	6.0714194E+1	0.0000000E+0	0.0000000E+0	1.0000000E+2	0.0000000E+0
1.8563900E+2	6.6783636E+1	6.0713141E+1	0.0000000E+0	0.0000000E+0	1.0000000E+2	0.0000000E+0
1.8568900E+2	6.6792429E+1	6.0724407E+1	0.0000000E+0	0.0000000E+0	1.0000000E+2	0.0000000E+0
1.8573900E+2	6.6790286E+1	6.0712555E+1	0.0000000E+0	0.0000000E+0	1.0000000E+2	0.0000000E+0
1.8579000E+2	6.6797478E+1	6.0714006E+1	0.0000000E+0	0.0000000E+0	1.0000000E+2	0.0000000E+0
1.8584000E+2	6.6774656E+1	6.0696048E+1	0.0000000E+0	0.0000000E+0	1.0000000E+2	0.0000000E+0
1.8589000E+2	6.6773149E+1	6.0692129E+1	0.0000000E+0	0.0000000E+0	1.0000000E+2	0.0000000E+0
1.8594000E+2	6.6787171E+1	6.0718055E+1	0.0000000E+0	0.0000000E+0	1.0000000E+2	0.0000000E+0
1.8599000E+2	6.6770440E+1	6.0708152E+1	0.0000000E+0	0.0000000E+0	1.0000000E+2	0.0000000E+0
1.8604000E+2	6.6787261E+1	6.0713514E+1	0.0000000E+0	0.0000000E+0	1.0000000E+2	0.0000000E+0
1.8609000E+2	6.6794319E+1	6.0707083E+1	0.0000000E+0	0.0000000E+0	1.0000000E+2	0.0000000E+0
1.8614000E+2	6.6791451E+1	6.0700548E+1	0.0000000E+0	0.0000000E+0	1.0000000E+2	0.0000000E+0
1.8619000E+2	6.6800542E+1	6.0727692E+1	0.0000000E+0	0.0000000E+0	1.0000000E+2	0.0000000E+0
1.8624000E+2	6.6808599E+1	6.0724055E+1	0.0000000E+0	0.0000000E+0	1.0000000E+2	0.0000000E+0
1.8629000E+2	6.6806504E+1	6.0711982E+1	0.0000000E+0	0.0000000E+0	1.0000000E+2	0.0000000E+0
1.8634000E+2	6.6833543E+1	6.0723200E+1	0.0000000E+0	0.0000000E+0	1.0000000E+2	0.0000000E+0
1.8639000E+2	6.6836579E+1	6.0733294E+1	0.0000000E+0	0.0000000E+0	1.0000000E+2	0.0000000E+0
1.8644000E+2	6.6838183E+1	6.0714459E+1	0.0000000E+0	0.0000000E+0	1.0000000E+2	0.0000000E+0
1.8649000E+2	6.6859720E+1	6.0716526E+1	0.0000000E+0	0.0000000E+0	1.0000000E+2	0.0000000E+0
1.8654000E+2	6.6885630E+1	6.0723549E+1	0.0000000E+0	0.0000000E+0	1.0000000E+2	0.0000000E+0
1.8659000E+2	6.6901275E+1	6.0727003E+1	0.0000000E+0	0.0000000E+0	1.0000000E+2	0.0000000E+0
1.8664000E+2	6.6894269E+1	6.0714294E+1	0.0000000E+0	0.0000000E+0	1.0000000E+2	0.0000000E+0
1.8669000E+2	6.6898386E+1	6.0716052E+1	0.0000000E+0	0.0000000E+0	1.0000000E+2	0.0000000E+0
1.8674100E+2	6.6855028E+1	6.0709810E+1	0.0000000E+0	0.0000000E+0	1.0000000E+2	0.0000000E+0
1.8679100E+2	6.6845344E+1	6.0699878E+1	0.0000000E+0	0.0000000E+0	1.0000000E+2	0.0000000E+0
1.8684100E+2	6.6857551E+1	6.0714816E+1	0.0000000E+0	0.0000000E+0	1.0000000E+2	0.0000000E+0
1.8689100E+2	6.6865473E+1	6.0705262E+1	0.0000000E+0	0.0000000E+0	1.0000000E+2	0.0000000E+0
1.8694100E+2	6.6875194E+1	6.0714328E+1	0.0000000E+0	0.0000000E+0	1.0000000E+2	0.0000000E+0
1.8699100E+2	6.6879242E+1	6.0708970E+1	0.0000000E+0	0.0000000E+0	1.0000000E+2	0.0000000E+0
1.8704200E+2	6.6897857E+1	6.0707770E+1	0.0000000E+0	0.0000000E+0	1.0000000E+2	0.0000000E+0
1.8709200E+2	6.6916242E+1	6.0704774E+1	0.0000000E+0	0.0000000E+0	1.0000000E+2	0.0000000E+0
1.8714200E+2	6.6958746E+1	6.0706083E+1	0.0000000E+0	0.0000000E+0	1.0000000E+2	0.0000000E+0
1.8719200E+2	6.6969584E+1	6.0707308E+1	0.0000000E+0	0.0000000E+0	1.0000000E+2	0.0000000E+0
1.8724300E+2	6.7019782E+1	6.0715412E+1	0.0000000E+0	0.0000000E+0	1.0000000E+2	0.0000000E+0
1.8729400E+2	6.6996243E+1	6.0691362E+1	0.0000000E+0	0.0000000E+0	1.0000000E+2	0.0000000E+0
1.8734400E+2	6.7013222E+1	6.0696906E+1	0.0000000E+0	0.0000000E+0	1.0000000E+2	0.0000000E+0
1.8739400E+2	6.7007655E+1	6.0697024E+1	0.0000000E+0	0.0000000E+0	1.0000000E+2	0.0000000E+0
1.8744400E+2	6.7047663E+1	6.0713416E+1	0.0000000E+0	0.0000000E+0	1.0000000E+2	0.0000000E+0
1.8749400E+2	6.7072350E+1	6.0721083E+1	0.0000000E+0	0.0000000E+0	1.0000000E+2	0.0000000E+0
1.8754400E+2	6.7092305E+1	6.0723763E+1	0.0000000E+0	0.0000000E+0	1.0000000E+2	0.0000000E+0
1.8759400E+2	6.7124797E+1	6.0735866E+1	0.0000000E+0	0.0000000E+0	1.0000000E+2	0.0000000E+0
1.8764400E+2	6.7143538E+1	6.0715370E+1	0.0000000E+0	0.0000000E+0	1.0000000E+2	0.0000000E+0
1.8769400E+2	6.7146265E+1	6.0709332E+1	0.0000000E+0	0.0000000E+0	1.0000000E+2	0.0000000E+0
1.8774400E+2	6.7135635E+1	6.0722797E+1	0.0000000E+0	0.0000000E+0	1.0000000E+2	0.0000000E+0
1.8779400E+2	6.7120355E+1	6.0726394E+1	0.0000000E+0	0.0000000E+0	1.0000000E+2	0.0000000E+0
1.8784400E+2	6.7139445E+1	6.0724962E+1	0.0000000E+0	0.0000000E+0	1.0000000E+2	0.0000000E+0
1.8789400E+2	6.7153652E+1	6.0723062E+1	0.0000000E+0	0.0000000E+0	1.0000000E+2	0.0000000E+0
1.8794400E+2	6.7160591E+1	6.0716232E+1	0.0000000E+0	0.0000000E+0	1.0000000E+2	0.0000000E+0
1.8799400E+2	6.7169708E+1	6.0706832E+1	0.0000000E+0	0.0000000E+0	1.0000000E+2	0.0000000E+0
1.8804500E+2	6.7184502E+1	6.0718025E+1	0.0000000E+0	0.0000000E+0	1.0000000E+2	0.0000000E+0
1.8809500E+2	6.7186303E+1	6.0718168E+1	0.0000000E+0	0.0000000E+0	1.0000000E+2	0.0000000E+0
1.8814600E+2	6.7186810E+1	6.0730113E+1	0.0000000E+0	0.0000000E+0	1.0000000E+2	0.0000000E+0
1.8819600E+2	6.7213968E+1	6.0737396E+1	0.0000000E+0	0.0000000E+0	1.0000000E+2	0.0000000E+0
1.8824700E+2	6.7216842E+1	6.0730803E+1	0.0000000E+0	0.0000000E+0	1.0000000E+2	0.0000000E+0
1.8829700E+2	6.7231596E+1	6.0723352E+1	0.0000000E+0	0.0000000E+0	1.0000000E+2	0.0000000E+0
1.8834700E+2	6.7243456E+1	6.0716449E+1	0.0000000E+0	0.0000000E+0	1.0000000E+2	0.0000000E+0
1.8839700E+2	6.7276675E+1	6.0739917E+1	0.0000000E+0	0.0000000E+0	1.0000000E+2	0.0000000E+0
1.8844700E+2	6.7289835E+1	6.0736492E+1	0.0000000E+0	0.0000000E+0	1.0000000E+2	0.0000000E+0
1.8849700E+2	6.7267724E+1	6.0725538E+1	0.0000000E+0	0.0000000E+0	1.0000000E+2	0.0000000E+0
1.8854700E+2	6.7246059E+1	6.0729104E+1	0.0000000E+0	0.0000000E+0	1.0000000E+2	0.0000000E+0
1.8859700E+2	6.7234943E+1	6.0723350E+1	0.0000000E+0	0.0000000E+0	1.0000000E+2	0.0000000E+0
1.8864700E+2	6.7246837E+1	6.0730997E+1	0.0000000E+0	0.0000000E+0	1.0000000E+2	0.0000000E+0
1.8869700E+2	6.7248775E+1	6.0732999E+1	0.0000000E+0	0.0000000E+0	1.0000000E+2	0.0000000E+0
1.8874700E+2	6.7213745E+1	6.0727396E+1	0.0000000E+0	0.0000000E+0	1.0000000E+2	0.0000000E+0
1.8879700E+2	6.7205147E+1	6.0732455E+1	0.0000000E+0	0.0000000E+0	1.0000000E+2	0.0000000E+0
1.8884700E+2	6.7259669E+1	6.0746723E+1	0.0000000E+0	0.0000000E+0	1.0000000E+2	0.0000000E+0
1.8889700E+2	6.7267609E+1	6.0747100E+1	0.0000000E+0	0.0000000E+0	1.0000000E+2	0.0000000E+0
1.8894700E+2	6.7251382E+1	6.0736864E+1	0.0000000E+0	0.0000000E+0	1.0000000E+2	0.0000000E+0
1.8899700E+2	6.7253377E+1	6.0739063E+1	0.0000000E+0	0.0000000E+0	1.0000000E+2	0.0000000E+0
1.8904700E+2	6.7278464E+1	6.0747215E+1	0.0000000E+0	0.0000000E+0	1.0000000E+2	0.0000000E+0
1.8909700E+2	6.7287614E+1	6.0748247E+1	0.0000000E+0	0.0000000E+0	1.0000000E+2	0.0000000E+0
1.8914700E+2	6.7287908E+1	6.0748151E+1	0.0000000E+0	0.0000000E+0	1.0000000E+2	0.0000000E+0
1.8919700E+2	6.7283625E+1	6.0751224E+1	0.0000000E+0	0.0000000E+0	1.0000000E+2	0.0000000E+0
1.8924700E+2	6.7300647E+1	6.0758304E+1	0.0000000E+0	0.0000000E+0	1.0000000E+2	0.0000000E+0
1.8929700E+2	6.7306329E+1	6.0757139E+1	0.0000000E+0	0.0000000E+0	1.0000000E+2	0.0000000E+0
1.8934700E+2	6.7303702E+1	6.0757431E+1	0.0000000E+0	0.0000000E+0	1.0000000E+2	0.0000000E+0
1.8939700E+2	6.7317870E+1	6.0759307E+1	0.0000000E+0	0.0000000E+0	1.0000000E+2	0.0000000E+0
1.8944700E+2	6.7319247E+1	6.0754626E+1	0.0000000E+0	0.0000000E+0	1.0000000E+2	0.0000000E+0
1.8949700E+2	6.7293770E+1	6.0752029E+1	0.0000000E+0	0.0000000E+0	1.0000000E+2	0.0000000E+0
1.8954700E+2	6.7295796E+1	6.0772288E+1	0.0000000E+0	0.0000000E+0	1.0000000E+2	0.0000000E+0
1.8959700E+2	6.7294199E+1	6.0766487E+1	0.0000000E+0	0.0000000E+0	1.0000000E+2	0.0000000E+0
1.8964700E+2	6.7295294E+1	6.0771840E+1	0.0000000E+0	0.0000000E+0	1.0000000E+2	0.0000000E+0
1.8969700E+2	6.7285523E+1	6.0770049E+1	0.0000000E+0	0.0000000E+0	1.0000000E+2	0.0000000E+0
1.8974700E+2	6.7229575E+1	6.0746241E+1	0.0000000E+0	0.0000000E+0	1.0000000E+2	0.0000000E+0
1.8979700E+2	6.7186924E+1	6.0754556E+1	0.0000000E+0	0.0000000E+0	1.0000000E+2	0.0000000E+0
1.8984700E+2	6.7184181E+1	6.0763580E+1	0.0000000E+0	0.0000000E+0	1.0000000E+2	0.0000000E+0
1.8989700E+2	6.7159830E+1	6.0760366E+1	0.0000000E+0	0.0000000E+0	1.0000000E+2	0.0000000E+0
1.8994700E+2	6.7168506E+1	6.0759507E+1	0.0000000E+0	0.0000000E+0	1.0000000E+2	0.0000000E+0
1.8999700E+2	6.7144822E+1	6.0755611E+1	0.0000000E+0	0.0000000E+0	1.0000000E+2	0.0000000E+0
1.9004700E+2	6.7156500E+1	6.0756375E+1	0.0000000E+0	0.0000000E+0	1.0000000E+2	0.0000000E+0
1.9009700E+2	6.7160854E+1	6.0761276E+1	0.0000000E+0	0.0000000E+0	1.0000000E+2	0.0000000E+0
1.9014700E+2	6.7187947E+1	6.0769009E+1	0.0000000E+0	0.0000000E+0	1.0000000E+2	0.0000000E+0
1.9019700E+2	6.7188242E+1	6.0769450E+1	0.0000000E+0	0.0000000E+0	1.0000000E+2	0.0000000E+0
1.9024800E+2	6.7165188E+1	6.0760003E+1	0.0000000E+0	0.0000000E+0	1.0000000E+2	0.0000000E+0
1.9029800E+2	6.7181845E+1	6.0772030E+1	0.0000000E+0	0.0000000E+0	1.0000000E+2	0.0000000E+0
1.9034800E+2	6.7184348E+1	6.0764565E+1	0.0000000E+0	0.0000000E+0	1.0000000E+2	0.0000000E+0
1.9039800E+2	6.7194741E+1	6.0759045E+1	0.0000000E+0	0.0000000E+0	1.0000000E+2	0.0000000E+0
1.9044800E+2	6.7181670E+1	6.0757217E+1	0.0000000E+0	0.0000000E+0	1.0000000E+2	0.0000000E+0
1.9049800E+2	6.7190801E+1	6.0761583E+1	0.0000000E+0	0.0000000E+0	1.0000000E+2	0.0000000E+0
1.9054800E+2	6.7189142E+1	6.0760627E+1	0.0000000E+0	0.0000000E+0	1.0000000E+2	0.0000000E+0
1.9059900E+2	6.7194789E+1	6.0755663E+1	0.0000000E+0	0.0000000E+0	1.0000000E+2	0.0000000E+0
1.9065000E+2	6.7224206E+1	6.0752822E+1	0.0000000E+0	0.0000000E+0	1.0000000E+2	0.0000000E+0
1.9070000E+2	6.7227098E+1	6.0751265E+1	0.0000000E+0	0.0000000E+0	1.0000000E+2	0.0000000E+0
1.9075000E+2	6.7247025E+1	6.0752336E+1	0.0000000E+0	0.0000000E+0	1.0000000E+2	0.0000000E+0
1.9080100E+2	6.7246440E+1	6.0750418E+1	0.0000000E+0	0.0000000E+0	1.0000000E+2	0.0000000E+0
1.9085100E+2	6.7267196E+1	6.0744199E+1	0.0000000E+0	0.0000000E+0	1.0000000E+2	0.0000000E+0
1.9090100E+2	6.7286931E+1	6.0752153E+1	0.0000000E+0	0.0000000E+0	1.0000000E+2	0.0000000E+0
1.9095200E+2	6.7303858E+1	6.0757494E+1	0.0000000E+0	0.0000000E+0	1.0000000E+2	0.0000000E+0
1.9100300E+2	6.7310057E+1	6.0745731E+1	0.0000000E+0	0.0000000E+0	1.0000000E+2	0.0000000E+0
1.9105300E+2	6.7319475E+1	6.0749094E+1	0.0000000E+0	0.0000000E+0	1.0000000E+2	0.0000000E+0
1.9110300E+2	6.7273681E+1	6.0769005E+1	0.0000000E+0	0.0000000E+0	1.0000000E+2	0.0000000E+0
1.9115300E+2	6.7266581E+1	6.0760388E+1	0.0000000E+0	0.0000000E+0	1.0000000E+2	0.0000000E+0
1.9120400E+2	6.7287904E+1	6.0758353E+1	0.0000000E+0	0.0000000E+0	1.0000000E+2	0.0000000E+0
1.9125400E+2	6.7276832E+1	6.0762293E+1	0.0000000E+0	0.0000000E+0	1.0000000E+2	0.0000000E+0
1.9130400E+2	6.7244236E+1	6.0760560E+1	0.0000000E+0	0.0000000E+0	1.0000000E+2	0.0000000E+0
1.9135500E+2	6.7232648E+1	6.0766067E+1	0.0000000E+0	0.0000000E+0	1.0000000E+2	0.0000000E+0
1.9140500E+2	6.7207795E+1	6.0759973E+1	0.0000000E+0	0.0000000E+0	1.0000000E+2	0.0000000E+0
1.9145500E+2	6.7206105E+1	6.0754007E+1	0.0000000E+0	0.0000000E+0	1.0000000E+2	0.0000000E+0
1.9150600E+2	6.7226154E+1	6.0764661E+1	0.0000000E+0	0.0000000E+0	1.0000000E+2	0.0000000E+0
1.9155600E+2	6.7210449E+1	6.0762541E+1	0.0000000E+0	0.0000000E+0	1.0000000E+2	0.0000000E+0
1.9160600E+2	6.7196847E+1	6.0747896E+1	0.0000000E+0	0.0000000E+0	1.0000000E+2	0.0000000E+0
1.9165700E+2	6.7168190E+1	6.0747309E+1	0.0000000E+0	0.0000000E+0	1.0000000E+2	0.0000000E+0
1.9170700E+2	6.7150869E+1	6.0755184E+1	0.0000000E+0	0.0000000E+0	1.0000000E+2	0.0000000E+0
1.9175700E+2	6.7146099E+1	6.0751205E+1	0.0000000E+0	0.0000000E+0	1.0000000E+2	0.0000000E+0
1.9180700E+2	6.7142098E+1	6.0758612E+1	0.0000000E+0	0.0000000E+0	1.0000000E+2	0.0000000E+0
1.9185700E+2	6.7123195E+1	6.0761931E+1	0.0000000E+0	0.0000000E+0	1.0000000E+2	0.0000000E+0
1.9190700E+2	6.7074253E+1	6.0748599E+1	0.0000000E+0	0.0000000E+0	1.0000000E+2	0.0000000E+0
1.9195700E+2	6.7064152E+1	6.0752728E+1	0.0000000E+0	0.0000000E+0	1.0000000E+2	0.0000000E+0
1.9200700E+2	6.7030464E+1	6.0764760E+1	0.0000000E+0	0.0000000E+0	1.0000000E+2	0.0000000E+0
1.9205700E+2	6.7017313E+1	6.0758889E+1	0.0000000E+0	0.0000000E+0	1.0000000E+2	0.0000000E+0
1.9210700E+2	6.7027467E+1	6.0760306E+1	0.0000000E+0	0.0000000E+0	1.0000000E+2	0.0000000E+0
1.9215700E+2	6.7026200E+1	6.0744525E+1	0.0000000E+0	0.0000000E+0	1.0000000E+2	0.0000000E+0
1.9220700E+2	6.7036712E+1	6.0754849E+1	0.0000000E+0	0.0000000E+0	1.0000000E+2	0.0000000E+0
1.9225800E+2	6.7002442E+1	6.0758545E+1	0.0000000E+0	0.0000000E+0	1.0000000E+2	0.0000000E+0
1.9230800E+2	6.6971777E+1	6.0748410E+1	0.0000000E+0	0.0000000E+0	1.0000000E+2	0.0000000E+0
1.9235900E+2	6.6995837E+1	6.0767161E+1	0.0000000E+0	0.0000000E+0	1.0000000E+2	0.0000000E+0
1.9241000E+2	6.7012041E+1	6.0764998E+1	0.0000000E+0	0.0000000E+0	1.0000000E+2	0.0000000E+0
1.9246000E+2	6.7030899E+1	6.0767971E+1	0.0000000E+0	0.0000000E+0	1.0000000E+2	0.0000000E+0
1.9251000E+2	6.7032426E+1	6.0748858E+1	0.0000000E+0	0.0000000E+0	1.0000000E+2	0.0000000E+0
1.9256000E+2	6.7065156E+1	6.0767393E+1	0.0000000E+0	0.0000000E+0	1.0000000E+2	0.0000000E+0
1.9261000E+2	6.7044331E+1	6.0754509E+1	0.0000000E+0	0.0000000E+0	1.0000000E+2	0.0000000E+0
1.9266000E+2	6.7080998E+1	6.0774526E+1	0.0000000E+0	0.0000000E+0	1.0000000E+2	0.0000000E+0
1.9271100E+2	6.7101131E+1	6.0771560E+1	0.0000000E+0	0.0000000E+0	1.0000000E+2	0.0000000E+0
1.9276100E+2	6.7080429E+1	6.0761858E+1	0.0000000E+0	0.0000000E+0	1.0000000E+2	0.0000000E+0
1.9281100E+2	6.7068088E+1	6.0756514E+1	0.0000000E+0	0.0000000E+0	1.0000000E+2	0.0000000E+0
1.9286200E+2	6.7072128E+1	6.0761796E+1	0.0000000E+0	0.0000000E+0	1.0000000E+2	0.0000000E+0
1.9291300E+2	6.7062332E+1	6.0747691E+1	0.0000000E+0	0.0000000E+0	1.0000000E+2	0.0000000E+0
1.9296300E+2	6.7069964E+1	6.0747065E+1	0.0000000E+0	0.0000000E+0	1.0000000E+2	0.0000000E+0
1.9301400E+2	6.7046810E+1	6.0749583E+1	0.0000000E+0	0.0000000E+0	1.0000000E+2	0.0000000E+0
1.9306400E+2	6.7020194E+1	6.0733168E+1	0.0000000E+0	0.0000000E+0	1.0000000E+2	0.0000000E+0
1.9311500E+2	6.7021954E+1	6.0750561E+1	0.0000000E+0	0.0000000E+0	1.0000000E+2	0.0000000E+0
1.9316500E+2	6.6990672E+1	6.0745453E+1	0.0000000E+0	0.0000000E+0	1.0000000E+2	0.0000000E+0
1.9321500E+2	6.6982795E+1	6.0733683E+1	0.0000000E+0	0.0000000E+0	1.0000000E+2	0.0000000E+0
1.9326600E+2	6.6971355E+1	6.0741749E+1	0.0000000E+0	0.0000000E+0	1.0000000E+2	0.0000000E+0
1.9331600E+2	6.6983802E+1	6.0741347E+1	0.0000000E+0	0.0000000E+0	1.0000000E+2	0.0000000E+0
1.9336600E+2	6.6983869E+1	6.0739337E+1	0.0000000E+0	0.0000000E+0	1.0000000E+2	0.0000000E+0
1.9341700E+2	6.6954820E+1	6.0739366E+1	0.0000000E+0	0.0000000E+0	1.0000000E+2	0.0000000E+0
1.9346700E+2	6.6956534E+1	6.0751498E+1	0.0000000E+0	0.0000000E+0	1.0000000E+2	0.0000000E+0
1.9351700E+2	6.6940851E+1	6.0730875E+1	0.0000000E+0	0.0000000E+0	1.0000000E+2	0.0000000E+0
1.9356700E+2	6.6961824E+1	6.0754322E+1	0.0000000E+0	0.0000000E+0	1.0000000E+2	0.0000000E+0
1.9361700E+2	6.6969076E+1	6.0747666E+1	0.0000000E+0	0.0000000E+0	1.0000000E+2	0.0000000E+0
1.9366700E+2	6.6994376E+1	6.0759936E+1	0.0000000E+0	0.0000000E+0	1.0000000E+2	0.0000000E+0
1.9371700E+2	6.6968593E+1	6.0754948E+1	0.0000000E+0	0.0000000E+0	1.0000000E+2	0.0000000E+0
1.9376700E+2	6.6907495E+1	6.0736234E+1	0.0000000E+0	0.0000000E+0	1.0000000E+2	0.0000000E+0
1.9381700E+2	6.6893414E+1	6.0747836E+1	0.0000000E+0	0.0000000E+0	1.0000000E+2	0.0000000E+0
1.9386700E+2	6.6900104E+1	6.0752205E+1	0.0000000E+0	0.0000000E+0	1.0000000E+2	0.0000000E+0
1.9391700E+2	6.6875640E+1	6.0735989E+1	0.0000000E+0	0.0000000E+0	1.0000000E+2	0.0000000E+0
1.9396700E+2	6.6874528E+1	6.0718897E+1	0.0000000E+0	0.0000000E+0	1.0000000E+2	0.0000000E+0
1.9401700E+2	6.6881084E+1	6.0748781E+1	0.0000000E+0	0.0000000E+0	1.0000000E+2	0.0000000E+0
1.9406700E+2	6.6913572E+1	6.0761690E+1	0.0000000E+0	0.0000000E+0	1.0000000E+2	0.0000000E+0
1.9411700E+2	6.6926590E+1	6.0743559E+1	0.0000000E+0	0.0000000E+0	1.0000000E+2	0.0000000E+0
1.9416700E+2	6.6932267E+1	6.0768787E+1	0.0000000E+0	0.0000000E+0	1.0000000E+2	0.0000000E+0
1.9421700E+2	6.6923353E+1	6.0763444E+1	0.0000000E+0	0.0000000E+0	1.0000000E+2	0.0000000E+0
1.9426700E+2	6.6915368E+1	6.0769626E+1	0.0000000E+0	0.0000000E+0	1.0000000E+2	0.0000000E+0
1.9431700E+2	6.6895519E+1	6.0744429E+1	0.0000000E+0	0.0000000E+0	1.0000000E+2	0.0000000E+0
1.9436700E+2	6.6891081E+1	6.0733317E+1	0.0000000E+0	0.0000000E+0	1.0000000E+2	0.0000000E+0
1.9441700E+2	6.6914340E+1	6.0749793E+1	0.0000000E+0	0.0000000E+0	1.0000000E+2	0.0000000E+0
1.9446700E+2	6.6932666E+1	6.0740310E+1	0.0000000E+0	0.0000000E+0	1.0000000E+2	0.0000000E+0
1.9451700E+2	6.6929209E+1	6.0740129E+1	0.0000000E+0	0.0000000E+0	1.0000000E+2	0.0000000E+0
1.9456800E+2	6.6908712E+1	6.0736238E+1	0.0000000E+0	0.0000000E+0	1.0000000E+2	0.0000000E+0
1.9461800E+2	6.6890712E+1	6.0749479E+1	0.0000000E+0	0.0000000E+0	1.0000000E+2	0.0000000E+0
1.9466800E+2	6.6863440E+1	6.0731141E+1	0.0000000E+0	0.0000000E+0	1.0000000E+2	0.0000000E+0
1.9471800E+2	6.6840779E+1	6.0734500E+1	0.0000000E+0	0.0000000E+0	1.0000000E+2	0.0000000E+0
1.9476800E+2	6.6823861E+1	6.0742309E+1	0.0000000E+0	0.0000000E+0	1.0000000E+2	0.0000000E+0
1.9481800E+2	6.6808818E+1	6.0740329E+1	0.0000000E+0	0.0000000E+0	1.0000000E+2	0.0000000E+0
1.9486800E+2	6.6783998E+1	6.0745728E+1	0.0000000E+0	0.0000000E+0	1.0000000E+2	0.0000000E+0
1.9491800E+2	6.6784888E+1	6.0765640E+1	0.0000000E+0	0.0000000E+0	1.0000000E+2	0.0000000E+0
1.9496800E+2	6.6756298E+1	6.0757783E+1	0.0000000E+0	0.0000000E+0	1.0000000E+2	0.0000000E+0
1.9501800E+2	6.6764782E+1	6.0750830E+1	0.0000000E+0	0.0000000E+0	1.0000000E+2	0.0000000E+0
1.9506800E+2	6.6776356E+1	6.0758064E+1	0.0000000E+0	0.0000000E+0	1.0000000E+2	0.0000000E+0
1.9511900E+2	6.6799462E+1	6.0762411E+1	0.0000000E+0	0.0000000E+0	1.0000000E+2	0.0000000E+0
1.9517000E+2	6.6813315E+1	6.0763681E+1	0.0000000E+0	0.0000000E+0	1.0000000E+2	0.0000000E+0
1.9522000E+2	6.6804904E+1	6.0759396E+1	0.0000000E+0	0.0000000E+0	1.0000000E+2	0.0000000E+0
1.9527000E+2	6.6808057E+1	6.0756557E+1	0.0000000E+0	0.0000000E+0	1.0000000E+2	0.0000000E+0
1.9532000E+2	6.6799435E+1	6.0768042E+1	0.0000000E+0	0.0000000E+0	1.0000000E+2	0.0000000E+0
1.9537000E+2	6.6784750E+1	6.0778911E+1	0.0000000E+0	0.0000000E+0	1.0000000E+2	0.0000000E+0
1.9542100E+2	6.6752139E+1	6.0766759E+1	0.0000000E+0	0.0000000E+0	1.0000000E+2	0.0000000E+0
1.9547200E+2	6.6735560E+1	6.0756573E+1	0.0000000E+0	0.0000000E+0	1.0000000E+2	0.0000000E+0
1.9552200E+2	6.6742134E+1	6.0750749E+1	0.0000000E+0	0.0000000E+0	1.0000000E+2	0.0000000E+0
1.9557200E+2	6.6736739E+1	6.0747419E+1	0.0000000E+0	0.0000000E+0	1.0000000E+2	0.0000000E+0
1.9562200E+2	6.6747789E+1	6.0750860E+1	0.0000000E+0	0.0000000E+0	1.0000000E+2	0.0000000E+0
1.9567200E+2	6.6775746E+1	6.0752776E+1	0.0000000E+0	0.0000000E+0	1.0000000E+2	0.0000000E+0
1.9572200E+2	6.6811792E+1	6.0764733E+1	0.0000000E+0	0.0000000E+0	1.0000000E+2	0.0000000E+0
1.9577200E+2	6.6817335E+1	6.0785971E+1	0.0000000E+0	0.0000000E+0	1.0000000E+2	0.0000000E+0
1.9582200E+2	6.6835973E+1	6.0775370E+1	0.0000000E+0	0.0000000E+0	1.0000000E+2	0.0000000E+0
1.9587200E+2	6.6830238E+1	6.0764554E+1	0.0000000E+0	0.0000000E+0	1.0000000E+2	0.0000000E+0
1.9592200E+2	6.6835935E+1	6.0751524E+1	0.0000000E+0	0.0000000E+0	1.0000000E+2	0.0000000E+0
1.9597200E+2	6.6862626E+1	6.0740251E+1	0.0000000E+0	0.0000000E+0	1.0000000E+2	0.0000000E+0
1.9602200E+2	6.6893365E+1	6.0754449E+1	0.0000000E+0	0.0000000E+0	1.0000000E+2	0.0000000E+0
1.9607300E+2	6.6918387E+1	6.0762756E+1	0.0000000E+0	0.0000000E+0	1.0000000E+2	0.0000000E+0
1.9612300E+2	6.6924555E+1	6.0758771E+1	0.0000000E+0	0.0000000E+0	1.0000000E+2	0.0000000E+0
1.9617300E+2	6.6952463E+1	6.0757502E+1	0.0000000E+0	0.0000000E+0	1.0000000E+2	0.0000000E+0
1.9622300E+2	6.6933665E+1	6.0750190E+1	0.0000000E+0	0.0000000E+0	1.0000000E+2	0.0000000E+0
1.9627300E+2	6.6919089E+1	6.0755862E+1	0.0000000E+0	0.0000000E+0	1.0000000E+2	0.0000000E+0
1.9632300E+2	6.6929284E+1	6.0751293E+1	0.0000000E+0	0.0000000E+0	1.0000000E+2	0.0000000E+0
1.9637300E+2	6.6925035E+1	6.0760835E+1	0.0000000E+0	0.0000000E+0	1.0000000E+2	0.0000000E+0
1.9642300E+2	6.6910456E+1	6.0752573E+1	0.0000000E+0	0.0000000E+0	1.0000000E+2	0.0000000E+0
1.9647300E+2	6.6885210E+1	6.0752540E+1	0.0000000E+0	0.0000000E+0	1.0000000E+2	0.0000000E+0
1.9652300E+2	6.6901030E+1	6.0769739E+1	0.0000000E+0	0.0000000E+0	1.0000000E+2	0.0000000E+0
1.9657300E+2	6.6895240E+1	6.0756721E+1	0.0000000E+0	0.0000000E+0	1.0000000E+2	0.0000000E+0
1.9662300E+2	6.6888700E+1	6.0759348E+1	0.0000000E+0	0.0000000E+0	1.0000000E+2	0.0000000E+0
1.9667300E+2	6.6874518E+1	6.0737647E+1	0.0000000E+0	0.0000000E+0	1.0000000E+2	0.0000000E+0
1.9672300E+2	6.6871481E+1	6.0740157E+1	0.0000000E+0	0.0000000E+0	1.0000000E+2	0.0000000E+0
1.9677300E+2	6.6870190E+1	6.0745541E+1	0.0000000E+0	0.0000000E+0	1.0000000E+2	0.0000000E+0
1.9682300E+2	6.6893444E+1	6.0754030E+1	0.0000000E+0	0.0000000E+0	1.0000000E+2	0.0000000E+0
1.9687300E+2	6.6900661E+1	6.0762016E+1	0.0000000E+0	0.0000000E+0	1.0000000E+2	0.0000000E+0
1.9692300E+2	6.6910525E+1	6.0755318E+1	0.0000000E+0	0.0000000E+0	1.0000000E+2	0.0000000E+0
1.9697300E+2	6.6875101E+1	6.0750556E+1	0.0000000E+0	0.0000000E+0	1.0000000E+2	0.0000000E+0
1.9702300E+2	6.6850393E+1	6.0747560E+1	0.0000000E+0	0.0000000E+0	1.0000000E+2	0.0000000E+0
1.9707300E+2	6.6879826E+1	6.0764069E+1	0.0000000E+0	0.0000000E+0	1.0000000E+2	0.0000000E+0
1.9712300E+2	6.6876966E+1	6.0769596E+1	0.0000000E+0	0.0000000E+0	1.0000000E+2	0.0000000E+0
1.9717300E+2	6.6882395E+1	6.0762804E+1	0.0000000E+0	0.0000000E+0	1.0000000E+2	0.0000000E+0
1.9722300E+2	6.6877246E+1	6.0765540E+1	0.0000000E+0	0.0000000E+0	1.0000000E+2	0.0000000E+0
1.9727300E+2	6.6883840E+1	6.0770604E+1	0.0000000E+0	0.0000000E+0	1.0000000E+2	0.0000000E+0
1.9732300E+2	6.6889970E+1	6.0745567E+1	0.0000000E+0	0.0000000E+0	1.0000000E+2	0.0000000E+0
1.9737300E+2	6.6895586E+1	6.0736692E+1	0.0000000E+0	0.0000000E+0	1.0000000E+2	0.0000000E+0
1.9742300E+2	6.6903217E+1	6.0740997E+1	0.0000000E+0	0.0000000E+0	1.0000000E+2	0.0000000E+0
1.9747300E+2	6.6920276E+1	6.0751049E+1	0.0000000E+0	0.0000000E+0	1.0000000E+2	0.0000000E+0
1.9752300E+2	6.6933416E+1	6.0759522E+1	0.0000000E+0	0.0000000E+0	1.0000000E+2	0.0000000E+0
1.9757300E+2	6.6944140E+1	6.0759385E+1	0.0000000E+0	0.0000000E+0	1.0000000E+2	0.0000000E+0
1.9762300E+2	6.6976658E+1	6.0762693E+1	0.0000000E+0	0.0000000E+0	1.0000000E+2	0.0000000E+0
1.9767300E+2	6.6988088E+1	6.0763381E+1	0.0000000E+0	0.0000000E+0	1.0000000E+2	0.0000000E+0
1.9772300E+2	6.6980769E+1	6.0753439E+1	0.0000000E+0	0.0000000E+0	1.0000000E+2	0.0000000E+0
1.9777300E+2	6.6971431E+1	6.0742253E+1	0.0000000E+0	0.0000000E+0	1.0000000E+2	0.0000000E+0
1.9782300E+2	6.7002961E+1	6.0751482E+1	0.0000000E+0	0.0000000E+0	1.0000000E+2	0.0000000E+0
1.9787300E+2	6.6934705E+1	6.0756950E+1	0.0000000E+0	0.0000000E+0	1.0000000E+2	0.0000000E+0
1.9792300E+2	6.6901456E+1	6.0738081E+1	0.0000000E+0	0.0000000E+0	1.0000000E+2	0.0000000E+0
1.9797300E+2	6.6917951E+1	6.0756162E+1	0.0000000E+0	0.0000000E+0	1.0000000E+2	0.0000000E+0
1.9802300E+2	6.6916016E+1	6.0760129E+1	0.0000000E+0	0.0000000E+0	1.0000000E+2	0.0000000E+0
1.9807400E+2	6.6906078E+1	6.0737683E+1	0.0000000E+0	0.0000000E+0	1.0000000E+2	0.0000000E+0
1.9812400E+2	6.6911559E+1	6.0748048E+1	0.0000000E+0	0.0000000E+0	1.0000000E+2	0.0000000E+0
1.9817400E+2	6.6923956E+1	6.0765120E+1	0.0000000E+0	0.0000000E+0	1.0000000E+2	0.0000000E+0
1.9822500E+2	6.6912528E+1	6.0766828E+1	0.0000000E+0	0.0000000E+0	1.0000000E+2	0.0000000E+0
1.9827500E+2	6.6904180E+1	6.0778959E+1	0.0000000E+0	0.0000000E+0	1.0000000E+2	0.0000000E+0
1.9832500E+2	6.6891509E+1	6.0765438E+1	0.0000000E+0	0.0000000E+0	1.0000000E+2	0.0000000E+0
1.9837500E+2	6.6884007E+1	6.0752235E+1	0.0000000E+0	0.0000000E+0	1.0000000E+2	0.0000000E+0
1.9842500E+2	6.6874465E+1	6.0764395E+1	0.0000000E+0	0.0000000E+0	1.0000000E+2	0.0000000E+0
1.9847500E+2	6.6870822E+1	6.0757916E+1	0.0000000E+0	0.0000000E+0	1.0000000E+2	0.0000000E+0
1.9852500E+2	6.6857803E+1	6.0754442E+1	0.0000000E+0	0.0000000E+0	1.0000000E+2	0.0000000E+0
1.9857500E+2	6.6858548E+1	6.0762212E+1	0.0000000E+0	0.0000000E+0	1.0000000E+2	0.0000000E+0
1.9862500E+2	6.6854805E+1	6.0763215E+1	0.0000000E+0	0.0000000E+0	1.0000000E+2	0.0000000E+0
1.9867500E+2	6.6800969E+1	6.0750156E+1	0.0000000E+0	0.0000000E+0	1.0000000E+2	0.0000000E+0
1.9872500E+2	6.6748974E+1	6.0764533E+1	0.0000000E+0	0.0000000E+0	1.0000000E+2	0.0000000E+0
1.9877500E+2	6.6718330E+1	6.0739567E+1	0.0000000E+0	0.0000000E+0	1.0000000E+2	0.0000000E+0
1.9882500E+2	6.6711756E+1	6.0750681E+1	0.0000000E+0	0.0000000E+0	1.0000000E+2	0.0000000E+0
1.9887500E+2	6.6707437E+1	6.0742528E+1	0.0000000E+0	0.0000000E+0	1.0000000E+2	0.0000000E+0
1.9892500E+2	6.6717825E+1	6.0750261E+1	0.0000000E+0	0.0000000E+0	1.0000000E+2	0.0000000E+0
1.9897500E+2	6.6707503E+1	6.0756120E+1	0.0000000E+0	0.0000000E+0	1.0000000E+2	0.0000000E+0
1.9902500E+2	6.6702975E+1	6.0749733E+1	0.0000000E+0	0.0000000E+0	1.0000000E+2	0.0000000E+0
1.9907500E+2	6.6715865E+1	6.0752599E+1	0.0000000E+0	0.0000000E+0	1.0000000E+2	0.0000000E+0
1.9912500E+2	6.6714032E+1	6.0746739E+1	0.0000000E+0	0.0000000E+0	1.0000000E+2	0.0000000E+0
1.9917500E+2	6.6701144E+1	6.0743637E+1	0.0000000E+0	0.0000000E+0	1.0000000E+2	0.0000000E+0
1.9922600E+2	6.6705755E+1	6.0755686E+1	0.0000000E+0	0.0000000E+0	1.0000000E+2	0.0000000E+0
1.9927600E+2	6.6697583E+1	6.0743154E+1	0.0000000E+0	0.0000000E+0	1.0000000E+2	0.0000000E+0
1.9932700E+2	6.6711628E+1	6.0761193E+1	0.0000000E+0	0.0000000E+0	1.0000000E+2	0.0000000E+0
1.9937700E+2	6.6714692E+1	6.0750848E+1	0.0000000E+0	0.0000000E+0	1.0000000E+2	0.0000000E+0
1.9942700E+2	6.6727099E+1	6.0762600E+1	0.0000000E+0	0.0000000E+0	1.0000000E+2	0.0000000E+0
1.9947700E+2	6.6727017E+1	6.0763840E+1	0.0000000E+0	0.0000000E+0	1.0000000E+2	0.0000000E+0
1.9952700E+2	6.6751130E+1	6.0766876E+1	0.0000000E+0	0.0000000E+0	1.0000000E+2	0.0000000E+0
1.9957700E+2	6.6748500E+1	6.0754268E+1	0.0000000E+0	0.0000000E+0	1.0000000E+2	0.0000000E+0
1.9962700E+2	6.6744017E+1	6.0750035E+1	0.0000000E+0	0.0000000E+0	1.0000000E+2	0.0000000E+0
1.9967700E+2	6.6751927E+1	6.0760295E+1	0.0000000E+0	0.0000000E+0	1.0000000E+2	0.0000000E+0
1.9972700E+2	6.6772486E+1	6.0779498E+1	0.0000000E+0	0.0000000E+0	1.0000000E+2	0.0000000E+0
1.9977700E+2	6.6767289E+1	6.0781490E+1	0.0000000E+0	0.0000000E+0	1.0000000E+2	0.0000000E+0
1.9982700E+2	6.6788775E+1	6.0781046E+1	0.0000000E+0	0.0000000E+0	1.0000000E+2	0.0000000E+0
1.9987700E+2	6.6808041E+1	6.0784676E+1	0.0000000E+0	0.0000000E+0	1.0000000E+2	0.0000000E+0
1.9992700E+2	6.6818365E+1	6.0784136E+1	0.0000000E+0	0.0000000E+0	1.0000000E+2	0.0000000E+0
1.9997700E+2	6.6832205E+1	6.0766509E+1	0.0000000E+0	0.0000000E+0	1.0000000E+2	0.0000000E+0
2.0002700E+2	6.6864459E+1	6.0777513E+1	0.0000000E+0	0.0000000E+0	1.0000000E+2	0.0000000E+0
2.0007700E+2	6.6880075E+1	6.0783418E+1	0.0000000E+0	0.0000000E+0	1.0000000E+2	0.0000000E+0
2.0012700E+2	6.6885693E+1	6.0780217E+1	0.0000000E+0	0.0000000E+0	1.0000000E+2	0.0000000E+0
2.0017700E+2	6.6877623E+1	6.0778101E+1	0.0000000E+0	0.0000000E+0	1.0000000E+2	0.0000000E+0
2.0022700E+2	6.6879234E+1	6.0755944E+1	0.0000000E+0	0.0000000E+0	1.0000000E+2	0.0000000E+0
2.0027700E+2	6.6884823E+1	6.0758993E+1	0.0000000E+0	0.0000000E+0	1.0000000E+2	0.0000000E+0
2.0032700E+2	6.6889540E+1	6.0768994E+1	0.0000000E+0	0.0000000E+0	1.0000000E+2	0.0000000E+0
2.0037700E+2	6.6896818E+1	6.0766556E+1	0.0000000E+0	0.0000000E+0	1.0000000E+2	0.0000000E+0
2.0042700E+2	6.6863864E+1	6.0776771E+1	0.0000000E+0	0.0000000E+0	1.0000000E+2	0.0000000E+0
2.0047700E+2	6.6835901E+1	6.0771288E+1	0.0000000E+0	0.0000000E+0	1.0000000E+2	0.0000000E+0
2.0052700E+2	6.6835468E+1	6.0765127E+1	0.0000000E+0	0.0000000E+0	1.0000000E+2	0.0000000E+0
2.0057700E+2	6.6838870E+1	6.0776502E+1	0.0000000E+0	0.0000000E+0	1.0000000E+2	0.0000000E+0
2.0062700E+2	6.6845040E+1	6.0770754E+1	0.0000000E+0	0.0000000E+0	1.0000000E+2	0.0000000E+0
2.0067700E+2	6.6818403E+1	6.0757986E+1	0.0000000E+0	0.0000000E+0	1.0000000E+2	0.0000000E+0
2.0072700E+2	6.6820605E+1	6.0773224E+1	0.0000000E+0	0.0000000E+0	1.0000000E+2	0.0000000E+0
2.0077700E+2	6.6828627E+1	6.0753565E+1	0.0000000E+0	0.0000000E+0	1.0000000E+2	0.0000000E+0
2.0082700E+2	6.6829629E+1	6.0744049E+1	0.0000000E+0	0.0000000E+0	1.0000000E+2	0.0000000E+0
2.0087700E+2	6.6842665E+1	6.0753653E+1	0.0000000E+0	0.0000000E+0	1.0000000E+2	0.0000000E+0
2.0092700E+2	6.6856605E+1	6.0764003E+1	0.0000000E+0	0.0000000E+0	1.0000000E+2	0.0000000E+0
2.0097700E+2	6.6857067E+1	6.0761775E+1	0.0000000E+0	0.0000000E+0	1.0000000E+2	0.0000000E+0
2.0102700E+2	6.6848138E+1	6.0741502E+1	0.0000000E+0	0.0000000E+0	1.0000000E+2	0.0000000E+0
2.0107800E+2	6.6864474E+1	6.0740209E+1	0.0000000E+0	0.0000000E+0	1.0000000E+2	0.0000000E+0
2.0112800E+2	6.6879239E+1	6.0747058E+1	0.0000000E+0	0.0000000E+0	1.0000000E+2	0.0000000E+0
2.0117900E+2	6.6876849E+1	6.0758665E+1	0.0000000E+0	0.0000000E+0	1.0000000E+2	0.0000000E+0
2.0122900E+2	6.6870704E+1	6.0769427E+1	0.0000000E+0	0.0000000E+0	1.0000000E+2	0.0000000E+0
2.0127900E+2	6.6861022E+1	6.0748677E+1	0.0000000E+0	0.0000000E+0	1.0000000E+2	0.0000000E+0
2.0132900E+2	6.6880384E+1	6.0755740E+1	0.0000000E+0	0.0000000E+0	1.0000000E+2	0.0000000E+0
2.0137900E+2	6.6868593E+1	6.0764795E+1	0.0000000E+0	0.0000000E+0	1.0000000E+2	0.0000000E+0
2.0142900E+2	6.6867420E+1	6.0782814E+1	0.0000000E+0	0.0000000E+0	1.0000000E+2	0.0000000E+0
2.0147900E+2	6.6853361E+1	6.0765553E+1	0.0000000E+0	0.0000000E+0	1.0000000E+2	0.0000000E+0
2.0152900E+2	6.6850020E+1	6.0769787E+1	0.0000000E+0	0.0000000E+0	1.0000000E+2	0.0000000E+0
2.0157900E+2	6.6855342E+1	6.0766729E+1	0.0000000E+0	0.0000000E+0	1.0000000E+2	0.0000000E+0
2.0162900E+2	6.6863788E+1	6.0776041E+1	0.0000000E+0	0.0000000E+0	1.0000000E+2	0.0000000E+0
2.0167900E+2	6.6870778E+1	6.0777724E+1	0.0000000E+0	0.0000000E+0	1.0000000E+2	0.0000000E+0
2.0172900E+2	6.6880375E+1	6.0786935E+1	0.0000000E+0	0.0000000E+0	1.0000000E+2	0.0000000E+0
2.0177900E+2	6.6883439E+1	6.0788095E+1	0.0000000E+0	0.0000000E+0	1.0000000E+2	0.0000000E+0
2.0182900E+2	6.6876340E+1	6.0769590E+1	0.0000000E+0	0.0000000E+0	1.0000000E+2	0.0000000E+0
2.0187900E+2	6.6890449E+1	6.0778221E+1	0.0000000E+0	0.0000000E+0	1.0000000E+2	0.0000000E+0
2.0192900E+2	6.6882255E+1	6.0767899E+1	0.0000000E+0	0.0000000E+0	1.0000000E+2	0.0000000E+0
2.0197900E+2	6.6877467E+1	6.0769290E+1	0.0000000E+0	0.0000000E+0	1.0000000E+2	0.0000000E+0
2.0202900E+2	6.6883483E+1	6.0771320E+1	0.0000000E+0	0.0000000E+0	1.0000000E+2	0.0000000E+0
2.0207900E+2	6.6909247E+1	6.0774262E+1	0.0000000E+0	0.0000000E+0	1.0000000E+2	0.0000000E+0
2.0212900E+2	6.6907058E+1	6.0772174E+1	0.0000000E+0	0.0000000E+0	1.0000000E+2	0.0000000E+0
2.0217900E+2	6.6910927E+1	6.0784758E+1	0.0000000E+0	0.0000000E+0	1.0000000E+2	0.0000000E+0
2.0222900E+2	6.6894042E+1	6.0771284E+1	0.0000000E+0	0.0000000E+0	1.0000000E+2	0.0000000E+0
2.0227900E+2	6.6861393E+1	6.0780341E+1	0.0000000E+0	0.0000000E+0	1.0000000E+2	0.0000000E+0
2.0232900E+2	6.6826186E+1	6.0771758E+1	0.0000000E+0	0.0000000E+0	1.0000000E+2	0.0000000E+0
2.0237900E+2	6.6865439E+1	6.0791041E+1	0.0000000E+0	0.0000000E+0	1.0000000E+2	0.0000000E+0
2.0243000E+2	6.6851604E+1	6.0776404E+1	0.0000000E+0	0.0000000E+0	1.0000000E+2	0.0000000E+0
2.0248000E+2	6.6866757E+1	6.0775476E+1	0.0000000E+0	0.0000000E+0	1.0000000E+2	0.0000000E+0
2.0253000E+2	6.6879136E+1	6.0791678E+1	0.0000000E+0	0.0000000E+0	1.0000000E+2	0.0000000E+0
2.0258000E+2	6.6872273E+1	6.0787181E+1	0.0000000E+0	0.0000000E+0	1.0000000E+2	0.0000000E+0
2.0263000E+2	6.6879324E+1	6.0787381E+1	0.0000000E+0	0.0000000E+0	1.0000000E+2	0.0000000E+0
2.0268000E+2	6.6886326E+1	6.0784206E+1	0.0000000E+0	0.0000000E+0	1.0000000E+2	0.0000000E+0
2.0273000E+2	6.6899445E+1	6.0790906E+1	0.0000000E+0	0.0000000E+0	1.0000000E+2	0.0000000E+0
2.0278100E+2	6.6863020E+1	6.0789993E+1	0.0000000E+0	0.0000000E+0	1.0000000E+2	0.0000000E+0
2.0283100E+2	6.6835793E+1	6.0789675E+1	0.0000000E+0	0.0000000E+0	1.0000000E+2	0.0000000E+0
2.0288100E+2	6.6844305E+1	6.0804176E+1	0.0000000E+0	0.0000000E+0	1.0000000E+2	0.0000000E+0
2.0293100E+2	6.6840319E+1	6.0809188E+1	0.0000000E+0	0.0000000E+0	1.0000000E+2	0.0000000E+0
2.0298100E+2	6.6822227E+1	6.0807417E+1	0.0000000E+0	0.0000000E+0	1.0000000E+2	0.0000000E+0
2.0303200E+2	6.6784013E+1	6.0800295E+1	0.0000000E+0	0.0000000E+0	1.0000000E+2	0.0000000E+0
2.0308300E+2	6.6760478E+1	6.0791537E+1	0.0000000E+0	0.0000000E+0	1.0000000E+2	0.0000000E+0
2.0313300E+2	6.6784337E+1	6.0818054E+1	0.0000000E+0	0.0000000E+0	1.0000000E+2	0.0000000E+0
2.0318400E+2	6.6785467E+1	6.0785073E+1	0.0000000E+0	0.0000000E+0	1.0000000E+2	0.0000000E+0
2.0323400E+2	6.6782995E+1	6.0782592E+1	0.0000000E+0	0.0000000E+0	1.0000000E+2	0.0000000E+0
2.0328400E+2	6.6823928E+1	6.0783188E+1	0.0000000E+0	0.0000000E+0	1.0000000E+2	0.0000000E+0
2.0333400E+2	6.6843925E+1	6.0792817E+1	0.0000000E+0	0.0000000E+0	1.0000000E+2	0.0000000E+0
2.0338400E+2	6.6873899E+1	6.0794899E+1	0.0000000E+0	0.0000000E+0	1.0000000E+2	0.0000000E+0
2.0343400E+2	6.6907507E+1	6.0801271E+1	0.0000000E+0	0.0000000E+0	1.0000000E+2	0.0000000E+0
2.0348400E+2	6.6906596E+1	6.0793393E+1	0.0000000E+0	0.0000000E+0	1.0000000E+2	0.0000000E+0
2.0353400E+2	6.6903234E+1	6.0792008E+1	0.0000000E+0	0.0000000E+0	1.0000000E+2	0.0000000E+0
2.0358500E+2	6.6893028E+1	6.0786141E+1	0.0000000E+0	0.0000000E+0	1.0000000E+2	0.0000000E+0
2.0363500E+2	6.6925667E+1	6.0816150E+1	0.0000000E+0	0.0000000E+0	1.0000000E+2	0.0000000E+0
2.0368500E+2	6.6909504E+1	6.0808503E+1	0.0000000E+0	0.0000000E+0	1.0000000E+2	0.0000000E+0
2.0373500E+2	6.6908708E+1	6.0807170E+1	0.0000000E+0	0.0000000E+0	1.0000000E+2	0.0000000E+0
2.0378500E+2	6.6900526E+1	6.0801404E+1	0.0000000E+0	0.0000000E+0	1.0000000E+2	0.0000000E+0
2.0383500E+2	6.6876173E+1	6.0807217E+1	0.0000000E+0	0.0000000E+0	1.0000000E+2	0.0000000E+0
2.0388500E+2	6.6868543E+1	6.0794997E+1	0.0000000E+0	0.0000000E+0	1.0000000E+2	0.0000000E+0
2.0393500E+2	6.6866727E+1	6.0790172E+1	0.0000000E+0	0.0000000E+0	1.0000000E+2	0.0000000E+0
2.0398500E+2	6.6872252E+1	6.0795049E+1	0.0000000E+0	0.0000000E+0	1.0000000E+2	0.0000000E+0
2.0403500E+2	6.6863729E+1	6.0789973E+1	0.0000000E+0	0.0000000E+0	1.0000000E+2	0.0000000E+0
2.0408500E+2	6.6853448E+1	6.0793207E+1	0.0000000E+0	0.0000000E+0	1.0000000E+2	0.0000000E+0
2.0413500E+2	6.6852714E+1	6.0787596E+1	0.0000000E+0	0.0000000E+0	1.0000000E+2	0.0000000E+0
2.0418500E+2	6.6803504E+1	6.0806589E+1	0.0000000E+0	0.0000000E+0	1.0000000E+2	0.0000000E+0
2.0423600E+2	6.6781026E+1	6.0812519E+1	0.0000000E+0	0.0000000E+0	1.0000000E+2	0.0000000E+0
2.0428600E+2	6.6765394E+1	6.0786322E+1	0.0000000E+0	0.0000000E+0	1.0000000E+2	0.0000000E+0
2.0433600E+2	6.6780959E+1	6.0786854E+1	0.0000000E+0	0.0000000E+0	1.0000000E+2	0.0000000E+0
2.0438600E+2	6.6770558E+1	6.0777559E+1	0.0000000E+0	0.0000000E+0	1.0000000E+2	0.0000000E+0
2.0443600E+2	6.6771411E+1	6.0791598E+1	0.0000000E+0	0.0000000E+0	1.0000000E+2	0.0000000E+0
2.0448600E+2	6.6755816E+1	6.0786883E+1	0.0000000E+0	0.0000000E+0	1.0000000E+2	0.0000000E+0
2.0453600E+2	6.6726831E+1	6.0785453E+1	0.0000000E+0	0.0000000E+0	1.0000000E+2	0.0000000E+0
2.0458700E+2	6.6726538E+1	6.0776093E+1	0.0000000E+0	0.0000000E+0	1.0000000E+2	0.0000000E+0
2.0463700E+2	6.6723284E+1	6.0785089E+1	0.0000000E+0	0.0000000E+0	1.0000000E+2	0.0000000E+0
2.0468700E+2	6.6707722E+1	6.0801619E+1	0.0000000E+0	0.0000000E+0	1.0000000E+2	0.0000000E+0
2.0473700E+2	6.6690250E+1	6.0786870E+1	0.0000000E+0	0.0000000E+0	1.0000000E+2	0.0000000E+0
2.0478700E+2	6.6705623E+1	6.0783728E+1	0.0000000E+0	0.0000000E+0	1.0000000E+2	0.0000000E+0
2.0483700E+2	6.6756406E+1	6.0817263E+1	0.0000000E+0	0.0000000E+0	1.0000000E+2	0.0000000E+0
2.0488700E+2	6.6755562E+1	6.0800161E+1	0.0000000E+0	0.0000000E+0	1.0000000E+2	0.0000000E+0
2.0493700E+2	6.6764253E+1	6.0803514E+1	0.0000000E+0	0.0000000E+0	1.0000000E+2	0.0000000E+0
2.0498700E+2	6.6795815E+1	6.0793315E+1	0.0000000E+0	0.0000000E+0	1.0000000E+2	0.0000000E+0
2.0503700E+2	6.6816591E+1	6.0805589E+1	0.0000000E+0	0.0000000E+0	1.0000000E+2	0.0000000E+0
2.0508700E+2	6.6843550E+1	6.0808413E+1	0.0000000E+0	0.0000000E+0	1.0000000E+2	0.0000000E+0
2.0513700E+2	6.6826958E+1	6.0790030E+1	0.0000000E+0	0.0000000E+0	1.0000000E+2	0.0000000E+0
2.0518700E+2	6.6832239E+1	6.0792746E+1	0.0000000E+0	0.0000000E+0	1.0000000E+2	0.0000000E+0
2.0523700E+2	6.6840138E+1	6.0788372E+1	0.0000000E+0	0.0000000E+0	1.0000000E+2	0.0000000E+0
2.0528700E+2	6.6844614E+1	6.0788483E+1	0.0000000E+0	0.0000000E+0	1.0000000E+2	0.0000000E+0
2.0533700E+2	6.6847854E+1	6.0781521E+1	0.0000000E+0	0.0000000E+0	1.0000000E+2	0.0000000E+0
2.0538700E+2	6.6849745E+1	6.0796357E+1	0.0000000E+0	0.0000000E+0	1.0000000E+2	0.0000000E+0
2.0543800E+2	6.6857291E+1	6.0790678E+1	0.0000000E+0	0.0000000E+0	1.0000000E+2	0.0000000E+0
2.0548800E+2	6.6877393E+1	6.0788455E+1	0.0000000E+0	0.0000000E+0	1.0000000E+2	0.0000000E+0
2.0553800E+2	6.6886145E+1	6.0789175E+1	0.0000000E+0	0.0000000E+0	1.0000000E+2	0.0000000E+0
2.0558900E+2	6.6907951E+1	6.0792630E+1	0.0000000E+0	0.0000000E+0	1.0000000E+2	0.0000000E+0
2.0563900E+2	6.6903057E+1	6.0791569E+1	0.0000000E+0	0.0000000E+0	1.0000000E+2	0.0000000E+0
2.0568900E+2	6.6909503E+1	6.0802655E+1	0.0000000E+0	0.0000000E+0	1.0000000E+2	0.0000000E+0
2.0573900E+2	6.6935657E+1	6.0813959E+1	0.0000000E+0	0.0000000E+0	1.0000000E+2	0.0000000E+0
2.0578900E+2	6.6943448E+1	6.0820349E+1	0.0000000E+0	0.0000000E+0	1.0000000E+2	0.0000000E+0
2.0583900E+2	6.6922077E+1	6.0813643E+1	0.0000000E+0	0.0000000E+0	1.0000000E+2	0.0000000E+0
2.0588900E+2	6.6853008E+1	6.0798492E+1	0.0000000E+0	0.0000000E+0	1.0000000E+2	0.0000000E+0
2.0593900E+2	6.6837553E+1	6.0798973E+1	0.0000000E+0	0.0000000E+0	1.0000000E+2	0.0000000E+0
2.0598900E+2	6.6840621E+1	6.0800872E+1	0.0000000E+0	0.0000000E+0	1.0000000E+2	0.0000000E+0
2.0603900E+2	6.6828084E+1	6.0800636E+1	0.0000000E+0	0.0000000E+0	1.0000000E+2	0.0000000E+0
2.0609000E+2	6.6797623E+1	6.0803079E+1	0.0000000E+0	0.0000000E+0	1.0000000E+2	0.0000000E+0
2.0614000E+2	6.6780281E+1	6.0796568E+1	0.0000000E+0	0.0000000E+0	1.0000000E+2	0.0000000E+0
2.0619000E+2	6.6796611E+1	6.0806048E+1	0.0000000E+0	0.0000000E+0	1.0000000E+2	0.0000000E+0
2.0624000E+2	6.6803489E+1	6.0806285E+1	0.0000000E+0	0.0000000E+0	1.0000000E+2	0.0000000E+0
2.0629000E+2	6.6827635E+1	6.0827817E+1	0.0000000E+0	0.0000000E+0	1.0000000E+2	0.0000000E+0
2.0634000E+2	6.6787648E+1	6.0803940E+1	0.0000000E+0	0.0000000E+0	1.0000000E+2	0.0000000E+0
2.0639000E+2	6.6802797E+1	6.0817586E+1	0.0000000E+0	0.0000000E+0	1.0000000E+2	0.0000000E+0
2.0644000E+2	6.6802845E+1	6.0812707E+1	0.0000000E+0	0.0000000E+0	1.0000000E+2	0.0000000E+0
2.0649000E+2	6.6823723E+1	6.0811824E+1	0.0000000E+0	0.0000000E+0	1.0000000E+2	0.0000000E+0
2.0654000E+2	6.6835505E+1	6.0812381E+1	0.0000000E+0	0.0000000E+0	1.0000000E+2	0.0000000E+0
2.0659100E+2	6.6844402E+1	6.0815114E+1	0.0000000E+0	0.0000000E+0	1.0000000E+2	0.0000000E+0
2.0664100E+2	6.6860627E+1	6.0815451E+1	0.0000000E+0	0.0000000E+0	1.0000000E+2	0.0000000E+0
2.0669100E+2	6.6869669E+1	6.0819203E+1	0.0000000E+0	0.0000000E+0	1.0000000E+2	0.0000000E+0
2.0674100E+2	6.6869731E+1	6.0814600E+1	0.0000000E+0	0.0000000E+0	1.0000000E+2	0.0000000E+0
2.0679100E+2	6.6848864E+1	6.0814018E+1	0.0000000E+0	0.0000000E+0	1.0000000E+2	0.0000000E+0
2.0684100E+2	6.6847220E+1	6.0827897E+1	0.0000000E+0	0.0000000E+0	1.0000000E+2	0.0000000E+0
2.0689100E+2	6.6847278E+1	6.0831364E+1	0.0000000E+0	0.0000000E+0	1.0000000E+2	0.0000000E+0
2.0694100E+2	6.6855347E+1	6.0825374E+1	0.0000000E+0	0.0000000E+0	1.0000000E+2	0.0000000E+0
2.0699100E+2	6.6856540E+1	6.0809856E+1	0.0000000E+0	0.0000000E+0	1.0000000E+2	0.0000000E+0
2.0704100E+2	6.6833807E+1	6.0817823E+1	0.0000000E+0	0.0000000E+0	1.0000000E+2	0.0000000E+0
2.0709100E+2	6.6831812E+1	6.0812568E+1	0.0000000E+0	0.0000000E+0	1.0000000E+2	0.0000000E+0
2.0714100E+2	6.6840575E+1	6.0821351E+1	0.0000000E+0	0.0000000E+0	1.0000000E+2	0.0000000E+0
2.0719200E+2	6.6831007E+1	6.0803372E+1	0.0000000E+0	0.0000000E+0	1.0000000E+2	0.0000000E+0
2.0724200E+2	6.6829649E+1	6.0799431E+1	0.0000000E+0	0.0000000E+0	1.0000000E+2	0.0000000E+0
2.0729200E+2	6.6834831E+1	6.0802863E+1	0.0000000E+0	0.0000000E+0	1.0000000E+2	0.0000000E+0
2.0734200E+2	6.6827644E+1	6.0808102E+1	0.0000000E+0	0.0000000E+0	1.0000000E+2	0.0000000E+0
2.0739200E+2	6.6829363E+1	6.0815783E+1	0.0000000E+0	0.0000000E+0	1.0000000E+2	0.0000000E+0
2.0744200E+2	6.6825218E+1	6.0815573E+1	0.0000000E+0	0.0000000E+0	1.0000000E+2	0.0000000E+0
2.0749200E+2	6.6848672E+1	6.0838457E+1	0.0000000E+0	0.0000000E+0	1.0000000E+2	0.0000000E+0
2.0754300E+2	6.6853878E+1	6.0838201E+1	0.0000000E+0	0.0000000E+0	1.0000000E+2	0.0000000E+0
2.0759300E+2	6.6840781E+1	6.0822451E+1	0.0000000E+0	0.0000000E+0	1.0000000E+2	0.0000000E+0
2.0764300E+2	6.6892279E+1	6.0840601E+1	0.0000000E+0	0.0000000E+0	1.0000000E+2	0.0000000E+0
2.0769300E+2	6.6916604E+1	6.0840989E+1	0.0000000E+0	0.0000000E+0	1.0000000E+2	0.0000000E+0
2.0774400E+2	6.6873764E+1	6.0848088E+1	0.0000000E+0	0.0000000E+0	1.0000000E+2	0.0000000E+0
2.0779400E+2	6.6855075E+1	6.0843915E+1	0.0000000E+0	0.0000000E+0	1.0000000E+2	0.0000000E+0
2.0784400E+2	6.6872980E+1	6.0819558E+1	0.0000000E+0	0.0000000E+0	1.0000000E+2	0.0000000E+0
2.0789400E+2	6.6888437E+1	6.0839101E+1	0.0000000E+0	0.0000000E+0	1.0000000E+2	0.0000000E+0
2.0794400E+2	6.6888720E+1	6.0829506E+1	0.0000000E+0	0.0000000E+0	1.0000000E+2	0.0000000E+0
2.0799400E+2	6.6889569E+1	6.0831179E+1	0.0000000E+0	0.0000000E+0	1.0000000E+2	0.0000000E+0
2.0804500E+2	6.6906142E+1	6.0826044E+1	0.0000000E+0	0.0000000E+0	1.0000000E+2	0.0000000E+0
2.0809500E+2	6.6919629E+1	6.0825137E+1	0.0000000E+0	0.0000000E+0	1.0000000E+2	0.0000000E+0
2.0814500E+2	6.6925219E+1	6.0813093E+1	0.0000000E+0	0.0000000E+0	1.0000000E+2	0.0000000E+0
2.0819500E+2	6.6918909E+1	6.0808313E+1	0.0000000E+0	0.0000000E+0	1.0000000E+2	0.0000000E+0
2.0824600E+2	6.6911995E+1	6.0816089E+1	0.0000000E+0	0.0000000E+0	1.0000000E+2	0.0000000E+0
2.0829600E+2	6.6922948E+1	6.0809748E+1	0.0000000E+0	0.0000000E+0	1.0000000E+2	0.0000000E+0
2.0834600E+2	6.6930657E+1	6.0823373E+1	0.0000000E+0	0.0000000E+0	1.0000000E+2	0.0000000E+0
2.0839600E+2	6.6929049E+1	6.0809549E+1	0.0000000E+0	0.0000000E+0	1.0000000E+2	0.0000000E+0
2.0844600E+2	6.6941781E+1	6.0810026E+1	0.0000000E+0	0.0000000E+0	1.0000000E+2	0.0000000E+0
2.0849700E+2	6.6957516E+1	6.0813486E+1	0.0000000E+0	0.0000000E+0	1.0000000E+2	0.0000000E+0
2.0854700E+2	6.6940754E+1	6.0805427E+1	0.0000000E+0	0.0000000E+0	1.0000000E+2	0.0000000E+0
2.0859700E+2	6.6952013E+1	6.0822015E+1	0.0000000E+0	0.0000000E+0	1.0000000E+2	0.0000000E+0
2.0864700E+2	6.6960016E+1	6.0812790E+1	0.0000000E+0	0.0000000E+0	1.0000000E+2	0.0000000E+0
2.0869700E+2	6.6960200E+1	6.0809238E+1	0.0000000E+0	0.0000000E+0	1.0000000E+2	0.0000000E+0
2.0874700E+2	6.6967377E+1	6.0812973E+1	0.0000000E+0	0.0000000E+0	1.0000000E+2	0.0000000E+0
2.0879700E+2	6.6948963E+1	6.0811351E+1	0.0000000E+0	0.0000000E+0	1.0000000E+2	0.0000000E+0
2.0884700E+2	6.6950150E+1	6.0817618E+1	0.0000000E+0	0.0000000E+0	1.0000000E+2	0.0000000E+0
2.0889700E+2	6.6898418E+1	6.0808313E+1	0.0000000E+0	0.0000000E+0	1.0000000E+2	0.0000000E+0
2.0894700E+2	6.6872634E+1	6.0814170E+1	0.0000000E+0	0.0000000E+0	1.0000000E+2	0.0000000E+0
2.0899700E+2	6.6814903E+1	6.0797710E+1	0.0000000E+0	0.0000000E+0	1.0000000E+2	0.0000000E+0
2.0904700E+2	6.6797820E+1	6.0823598E+1	0.0000000E+0	0.0000000E+0	1.0000000E+2	0.0000000E+0
2.0909700E+2	6.6815739E+1	6.0827131E+1	0.0000000E+0	0.0000000E+0	1.0000000E+2	0.0000000E+0
2.0914700E+2	6.6803411E+1	6.0817740E+1	0.0000000E+0	0.0000000E+0	1.0000000E+2	0.0000000E+0
2.0919700E+2	6.6812812E+1	6.0816865E+1	0.0000000E+0	0.0000000E+0	1.0000000E+2	0.0000000E+0
2.0924700E+2	6.6805700E+1	6.0807865E+1	0.0000000E+0	0.0000000E+0	1.0000000E+2	0.0000000E+0
2.0929700E+2	6.6812665E+1	6.0814918E+1	0.0000000E+0	0.0000000E+0	1.0000000E+2	0.0000000E+0
2.0934700E+2	6.6834341E+1	6.0822234E+1	0.0000000E+0	0.0000000E+0	1.0000000E+2	0.0000000E+0
2.0939700E+2	6.6829128E+1	6.0823545E+1	0.0000000E+0	0.0000000E+0	1.0000000E+2	0.0000000E+0
2.0944700E+2	6.6835744E+1	6.0830022E+1	0.0000000E+0	0.0000000E+0	1.0000000E+2	0.0000000E+0
2.0949700E+2	6.6837947E+1	6.0823676E+1	0.0000000E+0	0.0000000E+0	1.0000000E+2	0.0000000E+0
2.0954700E+2	6.6804770E+1	6.0810493E+1	0.0000000E+0	0.0000000E+0	1.0000000E+2	0.0000000E+0
2.0959700E+2	6.6799956E+1	6.0814585E+1	0.0000000E+0	0.0000000E+0	1.0000000E+2	0.0000000E+0
2.0964700E+2	6.6808993E+1	6.0812901E+1	0.0000000E+0	0.0000000E+0	1.0000000E+2	0.0000000E+0
2.0969700E+2	6.6765272E+1	6.0803978E+1	0.0000000E+0	0.0000000E+0	1.0000000E+2	0.0000000E+0
2.0974700E+2	6.6731419E+1	6.0809097E+1	0.0000000E+0	0.0000000E+0	1.0000000E+2	0.0000000E+0
2.0979700E+2	6.6764138E+1	6.0820616E+1	0.0000000E+0	0.0000000E+0	1.0000000E+2	0.0000000E+0
2.0984700E+2	6.6789382E+1	6.0843379E+1	0.0000000E+0	0.0000000E+0	1.0000000E+2	0.0000000E+0
2.0989700E+2	6.6787313E+1	6.0830622E+1	0.0000000E+0	0.0000000E+0	1.0000000E+2	0.0000000E+0
2.0994700E+2	6.6782596E+1	6.0842355E+1	0.0000000E+0	0.0000000E+0	1.0000000E+2	0.0000000E+0
2.0999700E+2	6.6744381E+1	6.0820039E+1	0.0000000E+0	0.0000000E+0	1.0000000E+2	0.0000000E+0
2.1004700E+2	6.6748372E+1	6.0824879E+1	0.0000000E+0	0.0000000E+0	1.0000000E+2	0.0000000E+0
2.1009700E+2	6.6758401E+1	6.0828608E+1	0.0000000E+0	0.0000000E+0	1.0000000E+2	0.0000000E+0
2.1014700E+2	6.6757131E+1	6.0820233E+1	0.0000000E+0	0.0000000E+0	1.0000000E+2	0.0000000E+0
2.1019700E+2	6.6757776E+1	6.0823550E+1	0.0000000E+0	0.0000000E+0	1.0000000E+2	0.0000000E+0
2.1024700E+2	6.6779199E+1	6.0821393E+1	0.0000000E+0	0.0000000E+0	1.0000000E+2	0.0000000E+0
2.1029700E+2	6.6801887E+1	6.0829585E+1	0.0000000E+0	0.0000000E+0	1.0000000E+2	0.0000000E+0
2.1034700E+2	6.6828111E+1	6.0831188E+1	0.0000000E+0	0.0000000E+0	1.0000000E+2	0.0000000E+0
2.1039700E+2	6.6838903E+1	6.0837770E+1	0.0000000E+0	0.0000000E+0	1.0000000E+2	0.0000000E+0
2.1044700E+2	6.6860504E+1	6.0826539E+1	0.0000000E+0	0.0000000E+0	1.0000000E+2	0.0000000E+0
2.1049700E+2	6.6880514E+1	6.0835583E+1	0.0000000E+0	0.0000000E+0	1.0000000E+2	0.0000000E+0
2.1054700E+2	6.6914234E+1	6.0845692E+1	0.0000000E+0	0.0000000E+0	1.0000000E+2	0.0000000E+0
2.1059700E+2	6.6935537E+1	6.0846567E+1	0.0000000E+0	0.0000000E+0	1.0000000E+2	0.0000000E+0
2.1064700E+2	6.6923052E+1	6.0843923E+1	0.0000000E+0	0.0000000E+0	1.0000000E+2	0.0000000E+0
2.1069700E+2	6.6917884E+1	6.0845612E+1	0.0000000E+0	0.0000000E+0	1.0000000E+2	0.0000000E+0
2.1074800E+2	6.6896182E+1	6.0832727E+1	0.0000000E+0	0.0000000E+0	1.0000000E+2	0.0000000E+0
2.1079900E+2	6.6884634E+1	6.0827294E+1	0.0000000E+0	0.0000000E+0	1.0000000E+2	0.0000000E+0
2.1084900E+2	6.6896046E+1	6.0826239E+1	0.0000000E+0	0.0000000E+0	1.0000000E+2	0.0000000E+0
2.1089900E+2	6.6906011E+1	6.0836749E+1	0.0000000E+0	0.0000000E+0	1.0000000E+2	0.0000000E+0
2.1094900E+2	6.6916537E+1	6.0844308E+1	0.0000000E+0	0.0000000E+0	1.0000000E+2	0.0000000E+0
2.1099900E+2	6.6892788E+1	6.0830581E+1	0.0000000E+0	0.0000000E+0	1.0000000E+2	0.0000000E+0
2.1104900E+2	6.6888301E+1	6.0822551E+1	0.0000000E+0	0.0000000E+0	1.0000000E+2	0.0000000E+0
2.1110000E+2	6.6882118E+1	6.0819842E+1	0.0000000E+0	0.0000000E+0	1.0000000E+2	0.0000000E+0
2.1115000E+2	6.6894954E+1	6.0829678E+1	0.0000000E+0	0.0000000E+0	1.0000000E+2	0.0000000E+0
2.1120000E+2	6.6925426E+1	6.0837633E+1	0.0000000E+0	0.0000000E+0	1.0000000E+2	0.0000000E+0
2.1125000E+2	6.6936844E+1	6.0838482E+1	0.0000000E+0	0.0000000E+0	1.0000000E+2	0.0000000E+0
2.1130000E+2	6.6902289E+1	6.0828672E+1	0.0000000E+0	0.0000000E+0	1.0000000E+2	0.0000000E+0
2.1135000E+2	6.6879339E+1	6.0829053E+1	0.0000000E+0	0.0000000E+0	1.0000000E+2	0.0000000E+0
2.1140000E+2	6.6874930E+1	6.0820298E+1	0.0000000E+0	0.0000000E+0	1.0000000E+2	0.0000000E+0
2.1145000E+2	6.6898307E+1	6.0819975E+1	0.0000000E+0	0.0000000E+0	1.0000000E+2	0.0000000E+0
2.1150000E+2	6.6901584E+1	6.0814958E+1	0.0000000E+0	0.0000000E+0	1.0000000E+2	0.0000000E+0
2.1155000E+2	6.6927293E+1	6.0824993E+1	0.0000000E+0	0.0000000E+0	1.0000000E+2	0.0000000E+0
2.1160000E+2	6.6939259E+1	6.0834662E+1	0.0000000E+0	0.0000000E+0	1.0000000E+2	0.0000000E+0
2.1165000E+2	6.6934531E+1	6.0844881E+1	0.0000000E+0	0.0000000E+0	1.0000000E+2	0.0000000E+0
2.1170000E+2	6.6886233E+1	6.0855054E+1	0.0000000E+0	0.0000000E+0	1.0000000E+2	0.0000000E+0
2.1175000E+2	6.6886376E+1	6.0851490E+1	0.0000000E+0	0.0000000E+0	1.0000000E+2	0.0000000E+0
2.1180000E+2	6.6903571E+1	6.0858484E+1	0.0000000E+0	0.0000000E+0	1.0000000E+2	0.0000000E+0
2.1185000E+2	6.6929193E+1	6.0854506E+1	0.0000000E+0	0.0000000E+0	1.0000000E+2	0.0000000E+0
2.1190000E+2	6.6918203E+1	6.0848384E+1	0.0000000E+0	0.0000000E+0	1.0000000E+2	0.0000000E+0
2.1195000E+2	6.6927626E+1	6.0842311E+1	0.0000000E+0	0.0000000E+0	1.0000000E+2	0.0000000E+0
2.1200000E+2	6.6936437E+1	6.0843533E+1	0.0000000E+0	0.0000000E+0	1.0000000E+2	0.0000000E+0
2.1205000E+2	6.6970665E+1	6.0845061E+1	0.0000000E+0	0.0000000E+0	1.0000000E+2	0.0000000E+0
2.1210000E+2	6.6979998E+1	6.0845650E+1	0.0000000E+0	0.0000000E+0	1.0000000E+2	0.0000000E+0
2.1215000E+2	6.6978180E+1	6.0837985E+1	0.0000000E+0	0.0000000E+0	1.0000000E+2	0.0000000E+0
2.1220000E+2	6.6999627E+1	6.0845129E+1	0.0000000E+0	0.0000000E+0	1.0000000E+2	0.0000000E+0
2.1225000E+2	6.6996188E+1	6.0839320E+1	0.0000000E+0	0.0000000E+0	1.0000000E+2	0.0000000E+0
2.1230000E+2	6.7010374E+1	6.0848834E+1	0.0000000E+0	0.0000000E+0	1.0000000E+2	0.0000000E+0
2.1235000E+2	6.7045854E+1	6.0862062E+1	0.0000000E+0	0.0000000E+0	1.0000000E+2	0.0000000E+0
2.1240000E+2	6.7050184E+1	6.0878498E+1	0.0000000E+0	0.0000000E+0	1.0000000E+2	0.0000000E+0
2.1245000E+2	6.7025571E+1	6.0857215E+1	0.0000000E+0	0.0000000E+0	1.0000000E+2	0.0000000E+0
2.1250100E+2	6.7012469E+1	6.0868653E+1	0.0000000E+0	0.0000000E+0	1.0000000E+2	0.0000000E+0
2.1255100E+2	6.6992960E+1	6.0868643E+1	0.0000000E+0	0.0000000E+0	1.0000000E+2	0.0000000E+0
2.1260100E+2	6.6953561E+1	6.0844138E+1	0.0000000E+0	0.0000000E+0	1.0000000E+2	0.0000000E+0
2.1265100E+2	6.6929966E+1	6.0855098E+1	0.0000000E+0	0.0000000E+0	1.0000000E+2	0.0000000E+0
2.1270100E+2	6.6891047E+1	6.0847601E+1	0.0000000E+0	0.0000000E+0	1.0000000E+2	0.0000000E+0
2.1275100E+2	6.6895397E+1	6.0850177E+1	0.0000000E+0	0.0000000E+0	1.0000000E+2	0.0000000E+0
2.1280200E+2	6.6904003E+1	6.0849666E+1	0.0000000E+0	0.0000000E+0	1.0000000E+2	0.0000000E+0
2.1285200E+2	6.6914932E+1	6.0848175E+1	0.0000000E+0	0.0000000E+0	1.0000000E+2	0.0000000E+0
2.1290300E+2	6.6890679E+1	6.0837515E+1	0.0000000E+0	0.0000000E+0	1.0000000E+2	0.0000000E+0
2.1295300E+2	6.6866436E+1	6.0832291E+1	0.0000000E+0	0.0000000E+0	1.0000000E+2	0.0000000E+0
2.1300300E+2	6.6866019E+1	6.0842559E+1	0.0000000E+0	0.0000000E+0	1.0000000E+2	0.0000000E+0
2.1305400E+2	6.6855984E+1	6.0832386E+1	0.0000000E+0	0.0000000E+0	1.0000000E+2	0.0000000E+0
2.1310400E+2	6.6852637E+1	6.0840562E+1	0.0000000E+0	0.0000000E+0	1.0000000E+2	0.0000000E+0
2.1315400E+2	6.6845402E+1	6.0838052E+1	0.0000000E+0	0.0000000E+0	1.0000000E+2	0.0000000E+0
2.1320500E+2	6.6834602E+1	6.0835069E+1	0.0000000E+0	0.0000000E+0	1.0000000E+2	0.0000000E+0
2.1325500E+2	6.6815414E+1	6.0834176E+1	0.0000000E+0	0.0000000E+0	1.0000000E+2	0.0000000E+0
2.1330600E+2	6.6817378E+1	6.0826190E+1	0.0000000E+0	0.0000000E+0	1.0000000E+2	0.0000000E+0
2.1335700E+2	6.6817836E+1	6.0824628E+1	0.0000000E+0	0.0000000E+0	1.0000000E+2	0.0000000E+0
2.1340700E+2	6.6831229E+1	6.0832491E+1	0.0000000E+0	0.0000000E+0	1.0000000E+2	0.0000000E+0
2.1345700E+2	6.6777963E+1	6.0844035E+1	0.0000000E+0	0.0000000E+0	1.0000000E+2	0.0000000E+0
2.1350700E+2	6.6762047E+1	6.0845153E+1	0.0000000E+0	0.0000000E+0	1.0000000E+2	0.0000000E+0
2.1355800E+2	6.6757641E+1	6.0831936E+1	0.0000000E+0	0.0000000E+0	1.0000000E+2	0.0000000E+0
2.1360800E+2	6.6775538E+1	6.0832071E+1	0.0000000E+0	0.0000000E+0	1.0000000E+2	0.0000000E+0
2.1365800E+2	6.6745288E+1	6.0837963E+1	0.0000000E+0	0.0000000E+0	1.0000000E+2	0.0000000E+0
2.1370800E+2	6.6731436E+1	6.0820567E+1	0.0000000E+0	0.0000000E+0	1.0000000E+2	0.0000000E+0
2.1375800E+2	6.6705729E+1	6.0797545E+1	0.0000000E+0	0.0000000E+0	1.0000000E+2	0.0000000E+0
2.1380800E+2	6.6721801E+1	6.0797834E+1	0.0000000E+0	0.0000000E+0	1.0000000E+2	0.0000000E+0
2.1385800E+2	6.6738250E+1	6.0816664E+1	0.0000000E+0	0.0000000E+0	1.0000000E+2	0.0000000E+0
2.1390800E+2	6.6730889E+1	6.0822560E+1	0.0000000E+0	0.0000000E+0	1.0000000E+2	0.0000000E+0
2.1395900E+2	6.6718531E+1	6.0799958E+1	0.0000000E+0	0.0000000E+0	1.0000000E+2	0.0000000E+0
2.1400900E+2	6.6725635E+1	6.0820609E+1	0.0000000E+0	0.0000000E+0	1.0000000E+2	0.0000000E+0
2.1406000E+2	6.6720153E+1	6.0819188E+1	0.0000000E+0	0.0000000E+0	1.0000000E+2	0.0000000E+0
2.1411000E+2	6.6717054E+1	6.0815119E+1	0.0000000E+0	0.0000000E+0	1.0000000E+2	0.0000000E+0
2.1416000E+2	6.6726478E+1	6.0808028E+1	0.0000000E+0	0.0000000E+0	1.0000000E+2	0.0000000E+0
2.1421000E+2	6.6758555E+1	6.0830735E+1	0.0000000E+0	0.0000000E+0	1.0000000E+2	0.0000000E+0
2.1426000E+2	6.6770045E+1	6.0831001E+1	0.0000000E+0	0.0000000E+0	1.0000000E+2	0.0000000E+0
2.1431000E+2	6.6759223E+1	6.0816501E+1	0.0000000E+0	0.0000000E+0	1.0000000E+2	0.0000000E+0
2.1436000E+2	6.6774309E+1	6.0820769E+1	0.0000000E+0	0.0000000E+0	1.0000000E+2	0.0000000E+0
2.1441000E+2	6.6773370E+1	6.0818971E+1	0.0000000E+0	0.0000000E+0	1.0000000E+2	0.0000000E+0
2.1446000E+2	6.6768421E+1	6.0812587E+1	0.0000000E+0	0.0000000E+0	1.0000000E+2	0.0000000E+0
2.1451000E+2	6.6755571E+1	6.0807413E+1	0.0000000E+0	0.0000000E+0	1.0000000E+2	0.0000000E+0
2.1456000E+2	6.6753039E+1	6.0811169E+1	0.0000000E+0	0.0000000E+0	1.0000000E+2	0.0000000E+0
2.1461000E+2	6.6765986E+1	6.0825620E+1	0.0000000E+0	0.0000000E+0	1.0000000E+2	0.0000000E+0
2.1466000E+2	6.6759186E+1	6.0820767E+1	0.0000000E+0	0.0000000E+0	1.0000000E+2	0.0000000E+0
2.1471000E+2	6.6751335E+1	6.0825778E+1	0.0000000E+0	0.0000000E+0	1.0000000E+2	0.0000000E+0
2.1476000E+2	6.6729012E+1	6.0807606E+1	0.0000000E+0	0.0000000E+0	1.0000000E+2	0.0000000E+0
2.1481000E+2	6.6738544E+1	6.0804903E+1	0.0000000E+0	0.0000000E+0	1.0000000E+2	0.0000000E+0
2.1486000E+2	6.6763029E+1	6.0812435E+1	0.0000000E+0	0.0000000E+0	1.0000000E+2	0.0000000E+0
2.1491000E+2	6.6791952E+1	6.0819070E+1	0.0000000E+0	0.0000000E+0	1.0000000E+2	0.0000000E+0
2.1496200E+2	6.6824562E+1	6.0823399E+1	0.0000000E+0	0.0000000E+0	1.0000000E+2	0.0000000E+0
2.1501200E+2	6.6852439E+1	6.0823404E+1	0.0000000E+0	0.0000000E+0	1.0000000E+2	0.0000000E+0
2.1506200E+2	6.6875138E+1	6.0815147E+1	0.0000000E+0	0.0000000E+0	1.0000000E+2	0.0000000E+0
2.1511200E+2	6.6896528E+1	6.0819458E+1	0.0000000E+0	0.0000000E+0	1.0000000E+2	0.0000000E+0
2.1516200E+2	6.6917244E+1	6.0815674E+1	0.0000000E+0	0.0000000E+0	1.0000000E+2	0.0000000E+0
2.1521200E+2	6.6934329E+1	6.0817955E+1	0.0000000E+0	0.0000000E+0	1.0000000E+2	0.0000000E+0
2.1526200E+2	6.6954734E+1	6.0813505E+1	0.0000000E+0	0.0000000E+0	1.0000000E+2	0.0000000E+0
2.1531200E+2	6.6960920E+1	6.0805122E+1	0.0000000E+0	0.0000000E+0	1.0000000E+2	0.0000000E+0
2.1536200E+2	6.6978569E+1	6.0807848E+1	0.0000000E+0	0.0000000E+0	1.0000000E+2	0.0000000E+0
2.1541200E+2	6.6984230E+1	6.0803954E+1	0.0000000E+0	0.0000000E+0	1.0000000E+2	0.0000000E+0
2.1546200E+2	6.6983330E+1	6.0805105E+1	0.0000000E+0	0.0000000E+0	1.0000000E+2	0.0000000E+0
2.1551200E+2	6.6938061E+1	6.0810245E+1	0.0000000E+0	0.0000000E+0	1.0000000E+2	0.0000000E+0
2.1556200E+2	6.6889305E+1	6.0803784E+1	0.0000000E+0	0.0000000E+0	1.0000000E+2	0.0000000E+0
2.1561200E+2	6.6881988E+1	6.0811347E+1	0.0000000E+0	0.0000000E+0	1.0000000E+2	0.0000000E+0
2.1566200E+2	6.6865767E+1	6.0783200E+1	0.0000000E+0	0.0000000E+0	1.0000000E+2	0.0000000E+0
2.1571200E+2	6.6836538E+1	6.0776771E+1	0.0000000E+0	0.0000000E+0	1.0000000E+2	0.0000000E+0
2.1576200E+2	6.6835430E+1	6.0784687E+1	0.0000000E+0	0.0000000E+0	1.0000000E+2	0.0000000E+0
2.1581200E+2	6.6829605E+1	6.0792653E+1	0.0000000E+0	0.0000000E+0	1.0000000E+2	0.0000000E+0
2.1586200E+2	6.6824823E+1	6.0787655E+1	0.0000000E+0	0.0000000E+0	1.0000000E+2	0.0000000E+0
2.1591200E+2	6.6841130E+1	6.0803022E+1	0.0000000E+0	0.0000000E+0	1.0000000E+2	0.0000000E+0
2.1596300E+2	6.6831957E+1	6.0797369E+1	0.0000000E+0	0.0000000E+0	1.0000000E+2	0.0000000E+0
2.1601300E+2	6.6819711E+1	6.0801193E+1	0.0000000E+0	0.0000000E+0	1.0000000E+2	0.0000000E+0
2.1606400E+2	6.6799556E+1	6.0796646E+1	0.0000000E+0	0.0000000E+0	1.0000000E+2	0.0000000E+0
2.1611400E+2	6.6799681E+1	6.0806895E+1	0.0000000E+0	0.0000000E+0	1.0000000E+2	0.0000000E+0
2.1616400E+2	6.6789320E+1	6.0794014E+1	0.0000000E+0	0.0000000E+0	1.0000000E+2	0.0000000E+0
2.1621400E+2	6.6781781E+1	6.0788924E+1	0.0000000E+0	0.0000000E+0	1.0000000E+2	0.0000000E+0
2.1626400E+2	6.6776916E+1	6.0789715E+1	0.0000000E+0	0.0000000E+0	1.0000000E+2	0.0000000E+0
2.1631400E+2	6.6794550E+1	6.0802610E+1	0.0000000E+0	0.0000000E+0	1.0000000E+2	0.0000000E+0
2.1636400E+2	6.6810787E+1	6.0800113E+1	0.0000000E+0	0.0000000E+0	1.0000000E+2	0.0000000E+0
2.1641400E+2	6.6803312E+1	6.0780750E+1	0.0000000E+0	0.0000000E+0	1.0000000E+2	0.0000000E+0
2.1646400E+2	6.6813140E+1	6.0783552E+1	0.0000000E+0	0.0000000E+0	1.0000000E+2	0.0000000E+0
2.1651400E+2	6.6833074E+1	6.0794417E+1	0.0000000E+0	0.0000000E+0	1.0000000E+2	0.0000000E+0
2.1656400E+2	6.6839099E+1	6.0786853E+1	0.0000000E+0	0.0000000E+0	1.0000000E+2	0.0000000E+0
2.1661400E+2	6.6851342E+1	6.0786081E+1	0.0000000E+0	0.0000000E+0	1.0000000E+2	0.0000000E+0
2.1666400E+2	6.6861973E+1	6.0768649E+1	0.0000000E+0	0.0000000E+0	1.0000000E+2	0.0000000E+0
2.1671400E+2	6.6891062E+1	6.0778500E+1	0.0000000E+0	0.0000000E+0	1.0000000E+2	0.0000000E+0
2.1676400E+2	6.6907883E+1	6.0773820E+1	0.0000000E+0	0.0000000E+0	1.0000000E+2	0.0000000E+0
2.1681400E+2	6.6920326E+1	6.0786178E+1	0.0000000E+0	0.0000000E+0	1.0000000E+2	0.0000000E+0
2.1686400E+2	6.6942442E+1	6.0785508E+1	0.0000000E+0	0.0000000E+0	1.0000000E+2	0.0000000E+0
2.1691400E+2	6.6943617E+1	6.0798229E+1	0.0000000E+0	0.0000000E+0	1.0000000E+2	0.0000000E+0
2.1696400E+2	6.6960671E+1	6.0795035E+1	0.0000000E+0	0.0000000E+0	1.0000000E+2	0.0000000E+0
2.1701400E+2	6.6968213E+1	6.0800654E+1	0.0000000E+0	0.0000000E+0	1.0000000E+2	0.0000000E+0
2.1706400E+2	6.6975441E+1	6.0805228E+1	0.0000000E+0	0.0000000E+0	1.0000000E+2	0.0000000E+0
2.1711500E+2	6.6978277E+1	6.0806388E+1	0.0000000E+0	0.0000000E+0	1.0000000E+2	0.0000000E+0
2.1716600E+2	6.6954922E+1	6.0790213E+1	0.0000000E+0	0.0000000E+0	1.0000000E+2	0.0000000E+0
2.1721600E+2	6.6958419E+1	6.0786019E+1	0.0000000E+0	0.0000000E+0	1.0000000E+2	0.0000000E+0
2.1726600E+2	6.6969230E+1	6.0780805E+1	0.0000000E+0	0.0000000E+0	1.0000000E+2	0.0000000E+0
2.1731800E+2	6.6958566E+1	6.0768374E+1	0.0000000E+0	0.0000000E+0	1.0000000E+2	0.0000000E+0
2.1736800E+2	6.6905878E+1	6.0768652E+1	0.0000000E+0	0.0000000E+0	1.0000000E+2	0.0000000E+0
2.1741800E+2	6.6862711E+1	6.0764029E+1	0.0000000E+0	0.0000000E+0	1.0000000E+2	0.0000000E+0
2.1746800E+2	6.6856394E+1	6.0775040E+1	0.0000000E+0	0.0000000E+0	1.0000000E+2	0.0000000E+0
2.1751800E+2	6.6842467E+1	6.0764613E+1	0.0000000E+0	0.0000000E+0	1.0000000E+2	0.0000000E+0
2.1756800E+2	6.6825771E+1	6.0767442E+1	0.0000000E+0	0.0000000E+0	1.0000000E+2	0.0000000E+0
2.1761800E+2	6.6807966E+1	6.0768062E+1	0.0000000E+0	0.0000000E+0	1.0000000E+2	0.0000000E+0
2.1766900E+2	6.6787931E+1	6.0760310E+1	0.0000000E+0	0.0000000E+0	1.0000000E+2	0.0000000E+0
2.1771900E+2	6.6810973E+1	6.0774656E+1	0.0000000E+0	0.0000000E+0	1.0000000E+2	0.0000000E+0
2.1776900E+2	6.6788361E+1	6.0758736E+1	0.0000000E+0	0.0000000E+0	1.0000000E+2	0.0000000E+0
2.1782000E+2	6.6782678E+1	6.0763722E+1	0.0000000E+0	0.0000000E+0	1.0000000E+2	0.0000000E+0
2.1787000E+2	6.6772511E+1	6.0761677E+1	0.0000000E+0	0.0000000E+0	1.0000000E+2	0.0000000E+0
2.1792000E+2	6.6780600E+1	6.0775040E+1	0.0000000E+0	0.0000000E+0	1.0000000E+2	0.0000000E+0
2.1797100E+2	6.6770139E+1	6.0756262E+1	0.0000000E+0	0.0000000E+0	1.0000000E+2	0.0000000E+0
2.1802200E+2	6.6763637E+1	6.0751422E+1	0.0000000E+0	0.0000000E+0	1.0000000E+2	0.0000000E+0
2.1807200E+2	6.6765023E+1	6.0754481E+1	0.0000000E+0	0.0000000E+0	1.0000000E+2	0.0000000E+0
2.1812300E+2	6.6759122E+1	6.0760828E+1	0.0000000E+0	0.0000000E+0	1.0000000E+2	0.0000000E+0
2.1817300E+2	6.6757170E+1	6.0755238E+1	0.0000000E+0	0.0000000E+0	1.0000000E+2	0.0000000E+0
2.1822400E+2	6.6764130E+1	6.0740872E+1	0.0000000E+0	0.0000000E+0	1.0000000E+2	0.0000000E+0
2.1827400E+2	6.6768528E+1	6.0759702E+1	0.0000000E+0	0.0000000E+0	1.0000000E+2	0.0000000E+0
2.1832400E+2	6.6784326E+1	6.0760980E+1	0.0000000E+0	0.0000000E+0	1.0000000E+2	0.0000000E+0
2.1837400E+2	6.6780381E+1	6.0742390E+1	0.0000000E+0	0.0000000E+0	1.0000000E+2	0.0000000E+0
2.1842400E+2	6.6773648E+1	6.0753261E+1	0.0000000E+0	0.0000000E+0	1.0000000E+2	0.0000000E+0
2.1847400E+2	6.6783250E+1	6.0755970E+1	0.0000000E+0	0.0000000E+0	1.0000000E+2	0.0000000E+0
2.1852400E+2	6.6787735E+1	6.0745421E+1	0.0000000E+0	0.0000000E+0	1.0000000E+2	0.0000000E+0
2.1857400E+2	6.6782793E+1	6.0738875E+1	0.0000000E+0	0.0000000E+0	1.0000000E+2	0.0000000E+0
2.1862400E+2	6.6785271E+1	6.0749013E+1	0.0000000E+0	0.0000000E+0	1.0000000E+2	0.0000000E+0
2.1867400E+2	6.6789426E+1	6.0753191E+1	0.0000000E+0	0.0000000E+0	1.0000000E+2	0.0000000E+0
2.1872400E+2	6.6780620E+1	6.0740003E+1	0.0000000E+0	0.0000000E+0	1.0000000E+2	0.0000000E+0
2.1877400E+2	6.6795580E+1	6.0742264E+1	0.0000000E+0	0.0000000E+0	1.0000000E+2	0.0000000E+0
2.1882400E+2	6.6794064E+1	6.0724763E+1	0.0000000E+0	0.0000000E+0	1.0000000E+2	0.0000000E+0
2.1887400E+2	6.6787704E+1	6.0724189E+1	0.0000000E+0	0.0000000E+0	1.0000000E+2	0.0000000E+0
2.1892400E+2	6.6740862E+1	6.0709347E+1	0.0000000E+0	0.0000000E+0	1.0000000E+2	0.0000000E+0
2.1897400E+2	6.6691082E+1	6.0713261E+1	0.0000000E+0	0.0000000E+0	1.0000000E+2	0.0000000E+0
2.1902400E+2	6.6667384E+1	6.0710287E+1	0.0000000E+0	0.0000000E+0	1.0000000E+2	0.0000000E+0
2.1907400E+2	6.6668028E+1	6.0710657E+1	0.0000000E+0	0.0000000E+0	1.0000000E+2	0.0000000E+0
2.1912400E+2	6.6660259E+1	6.0703131E+1	0.0000000E+0	0.0000000E+0	1.0000000E+2	0.0000000E+0
2.1917400E+2	6.6650526E+1	6.0706946E+1	0.0000000E+0	0.0000000E+0	1.0000000E+2	0.0000000E+0
2.1922500E+2	6.6642854E+1	6.0694765E+1	0.0000000E+0	0.0000000E+0	1.0000000E+2	0.0000000E+0
2.1927500E+2	6.6648509E+1	6.0695571E+1	0.0000000E+0	0.0000000E+0	1.0000000E+2	0.0000000E+0
2.1932600E+2	6.6667123E+1	6.0711453E+1	0.0000000E+0	0.0000000E+0	1.0000000E+2	0.0000000E+0
2.1937700E+2	6.6691861E+1	6.0711260E+1	0.0000000E+0	0.0000000E+0	1.0000000E+2	0.0000000E+0
2.1942700E+2	6.6680651E+1	6.0713829E+1	0.0000000E+0	0.0000000E+0	1.0000000E+2	0.0000000E+0
2.1947700E+2	6.6669735E+1	6.0697566E+1	0.0000000E+0	0.0000000E+0	1.0000000E+2	0.0000000E+0
2.1952700E+2	6.6676280E+1	6.0704581E+1	0.0000000E+0	0.0000000E+0	1.0000000E+2	0.0000000E+0
2.1957700E+2	6.6690935E+1	6.0703190E+1	0.0000000E+0	0.0000000E+0	1.0000000E+2	0.0000000E+0
2.1962700E+2	6.6700945E+1	6.0727625E+1	0.0000000E+0	0.0000000E+0	1.0000000E+2	0.0000000E+0
2.1967700E+2	6.6714788E+1	6.0717321E+1	0.0000000E+0	0.0000000E+0	1.0000000E+2	0.0000000E+0
2.1972700E+2	6.6734313E+1	6.0721787E+1	0.0000000E+0	0.0000000E+0	1.0000000E+2	0.0000000E+0
2.1977700E+2	6.6753037E+1	6.0717839E+1	0.0000000E+0	0.0000000E+0	1.0000000E+2	0.0000000E+0
2.1982700E+2	6.6783940E+1	6.0704491E+1	0.0000000E+0	0.0000000E+0	1.0000000E+2	0.0000000E+0
2.1987700E+2	6.6817619E+1	6.0721567E+1	0.0000000E+0	0.0000000E+0	1.0000000E+2	0.0000000E+0
2.1992700E+2	6.6816587E+1	6.0711038E+1	0.0000000E+0	0.0000000E+0	1.0000000E+2	0.0000000E+0
2.1997700E+2	6.6818821E+1	6.0709945E+1	0.0000000E+0	0.0000000E+0	1.0000000E+2	0.0000000E+0
2.2002700E+2	6.6818674E+1	6.0710916E+1	0.0000000E+0	0.0000000E+0	1.0000000E+2	0.0000000E+0
2.2007700E+2	6.6833129E+1	6.0720767E+1	0.0000000E+0	0.0000000E+0	1.0000000E+2	0.0000000E+0
2.2012700E+2	6.6838395E+1	6.0710080E+1	0.0000000E+0	0.0000000E+0	1.0000000E+2	0.0000000E+0
2.2017700E+2	6.6850408E+1	6.0721743E+1	0.0000000E+0	0.0000000E+0	1.0000000E+2	0.0000000E+0
2.2022700E+2	6.6869661E+1	6.0713791E+1	0.0000000E+0	0.0000000E+0	1.0000000E+2	0.0000000E+0
2.2027700E+2	6.6892558E+1	6.0717708E+1	0.0000000E+0	0.0000000E+0	1.0000000E+2	0.0000000E+0
2.2032700E+2	6.6908269E+1	6.0711607E+1	0.0000000E+0	0.0000000E+0	1.0000000E+2	0.0000000E+0
2.2037800E+2	6.6935447E+1	6.0727475E+1	0.0000000E+0	0.0000000E+0	1.0000000E+2	0.0000000E+0
2.2042900E+2	6.6954426E+1	6.0720580E+1	0.0000000E+0	0.0000000E+0	1.0000000E+2	0.0000000E+0
2.2047900E+2	6.6951115E+1	6.0707250E+1	0.0000000E+0	0.0000000E+0	1.0000000E+2	0.0000000E+0
2.2052900E+2	6.6970192E+1	6.0717058E+1	0.0000000E+0	0.0000000E+0	1.0000000E+2	0.0000000E+0
2.2057900E+2	6.6984948E+1	6.0716600E+1	0.0000000E+0	0.0000000E+0	1.0000000E+2	0.0000000E+0
2.2062900E+2	6.7014786E+1	6.0730704E+1	0.0000000E+0	0.0000000E+0	1.0000000E+2	0.0000000E+0
2.2067900E+2	6.7022023E+1	6.0736163E+1	0.0000000E+0	0.0000000E+0	1.0000000E+2	0.0000000E+0
2.2072900E+2	6.7030224E+1	6.0725606E+1	0.0000000E+0	0.0000000E+0	1.0000000E+2	0.0000000E+0
2.2077900E+2	6.7051406E+1	6.0731960E+1	0.0000000E+0	0.0000000E+0	1.0000000E+2	0.0000000E+0
2.2082900E+2	6.7048806E+1	6.0734170E+1	0.0000000E+0	0.0000000E+0	1.0000000E+2	0.0000000E+0
2.2087900E+2	6.7032999E+1	6.0731985E+1	0.0000000E+0	0.0000000E+0	1.0000000E+2	0.0000000E+0
2.2092900E+2	6.6991516E+1	6.0740812E+1	0.0000000E+0	0.0000000E+0	1.0000000E+2	0.0000000E+0
2.2097900E+2	6.6918818E+1	6.0734738E+1	0.0000000E+0	0.0000000E+0	1.0000000E+2	0.0000000E+0
2.2102900E+2	6.6882773E+1	6.0742564E+1	0.0000000E+0	0.0000000E+0	1.0000000E+2	0.0000000E+0
2.2107900E+2	6.6863344E+1	6.0727696E+1	0.0000000E+0	0.0000000E+0	1.0000000E+2	0.0000000E+0
2.2112900E+2	6.6848160E+1	6.0726931E+1	0.0000000E+0	0.0000000E+0	1.0000000E+2	0.0000000E+0
2.2117900E+2	6.6852326E+1	6.0735204E+1	0.0000000E+0	0.0000000E+0	1.0000000E+2	0.0000000E+0
2.2122900E+2	6.6872306E+1	6.0744188E+1	0.0000000E+0	0.0000000E+0	1.0000000E+2	0.0000000E+0
2.2128000E+2	6.6879573E+1	6.0737061E+1	0.0000000E+0	0.0000000E+0	1.0000000E+2	0.0000000E+0
2.2133000E+2	6.6909886E+1	6.0732423E+1	0.0000000E+0	0.0000000E+0	1.0000000E+2	0.0000000E+0
2.2138000E+2	6.6936517E+1	6.0756439E+1	0.0000000E+0	0.0000000E+0	1.0000000E+2	0.0000000E+0
2.2143000E+2	6.6923212E+1	6.0746915E+1	0.0000000E+0	0.0000000E+0	1.0000000E+2	0.0000000E+0
2.2148000E+2	6.6922759E+1	6.0750231E+1	0.0000000E+0	0.0000000E+0	1.0000000E+2	0.0000000E+0
2.2153100E+2	6.6931133E+1	6.0759166E+1	0.0000000E+0	0.0000000E+0	1.0000000E+2	0.0000000E+0
2.2158200E+2	6.6943606E+1	6.0762157E+1	0.0000000E+0	0.0000000E+0	1.0000000E+2	0.0000000E+0
2.2163200E+2	6.6936535E+1	6.0767771E+1	0.0000000E+0	0.0000000E+0	1.0000000E+2	0.0000000E+0
2.2168200E+2	6.6921908E+1	6.0750947E+1	0.0000000E+0	0.0000000E+0	1.0000000E+2	0.0000000E+0
2.2173200E+2	6.6913575E+1	6.0747672E+1	0.0000000E+0	0.0000000E+0	1.0000000E+2	0.0000000E+0
2.2178200E+2	6.6918841E+1	6.0748691E+1	0.0000000E+0	0.0000000E+0	1.0000000E+2	0.0000000E+0
2.2183300E+2	6.6932327E+1	6.0747933E+1	0.0000000E+0	0.0000000E+0	1.0000000E+2	0.0000000E+0
2.2188300E+2	6.6938204E+1	6.0758633E+1	0.0000000E+0	0.0000000E+0	1.0000000E+2	0.0000000E+0
2.2193400E+2	6.6941123E+1	6.0748924E+1	0.0000000E+0	0.0000000E+0	1.0000000E+2	0.0000000E+0
2.2198400E+2	6.6928420E+1	6.0743351E+1	0.0000000E+0	0.0000000E+0	1.0000000E+2	0.0000000E+0
2.2203500E+2	6.6934537E+1	6.0760784E+1	0.0000000E+0	0.0000000E+0	1.0000000E+2	0.0000000E+0
2.2208500E+2	6.6954236E+1	6.0766631E+1	0.0000000E+0	0.0000000E+0	1.0000000E+2	0.0000000E+0
2.2213500E+2	6.6932768E+1	6.0753753E+1	0.0000000E+0	0.0000000E+0	1.0000000E+2	0.0000000E+0
2.2218500E+2	6.6938325E+1	6.0761749E+1	0.0000000E+0	0.0000000E+0	1.0000000E+2	0.0000000E+0
2.2223500E+2	6.6928592E+1	6.0750523E+1	0.0000000E+0	0.0000000E+0	1.0000000E+2	0.0000000E+0
2.2228500E+2	6.6919945E+1	6.0762815E+1	0.0000000E+0	0.0000000E+0	1.0000000E+2	0.0000000E+0
2.2233500E+2	6.6890366E+1	6.0773779E+1	0.0000000E+0	0.0000000E+0	1.0000000E+2	0.0000000E+0
2.2238500E+2	6.6862613E+1	6.0771579E+1	0.0000000E+0	0.0000000E+0	1.0000000E+2	0.0000000E+0
2.2243500E+2	6.6842188E+1	6.0769010E+1	0.0000000E+0	0.0000000E+0	1.0000000E+2	0.0000000E+0
2.2248500E+2	6.6800521E+1	6.0767433E+1	0.0000000E+0	0.0000000E+0	1.0000000E+2	0.0000000E+0
2.2253500E+2	6.6777971E+1	6.0754258E+1	0.0000000E+0	0.0000000E+0	1.0000000E+2	0.0000000E+0
2.2258500E+2	6.6752414E+1	6.0743818E+1	0.0000000E+0	0.0000000E+0	1.0000000E+2	0.0000000E+0
2.2263500E+2	6.6755134E+1	6.0750785E+1	0.0000000E+0	0.0000000E+0	1.0000000E+2	0.0000000E+0
2.2268500E+2	6.6764688E+1	6.0770574E+1	0.0000000E+0	0.0000000E+0	1.0000000E+2	0.0000000E+0
2.2273500E+2	6.6726963E+1	6.0762091E+1	0.0000000E+0	0.0000000E+0	1.0000000E+2	0.0000000E+0
2.2278500E+2	6.6692186E+1	6.0744664E+1	0.0000000E+0	0.0000000E+0	1.0000000E+2	0.0000000E+0
2.2283500E+2	6.6715444E+1	6.0761272E+1	0.0000000E+0	0.0000000E+0	1.0000000E+2	0.0000000E+0
2.2288500E+2	6.6723348E+1	6.0762901E+1	0.0000000E+0	0.0000000E+0	1.0000000E+2	0.0000000E+0
2.2293500E+2	6.6717966E+1	6.0749185E+1	0.0000000E+0	0.0000000E+0	1.0000000E+2	0.0000000E+0
2.2298500E+2	6.6723081E+1	6.0762748E+1	0.0000000E+0	0.0000000E+0	1.0000000E+2	0.0000000E+0
2.2303600E+2	6.6696246E+1	6.0745906E+1	0.0000000E+0	0.0000000E+0	1.0000000E+2	0.0000000E+0
2.2308600E+2	6.6703080E+1	6.0751108E+1	0.0000000E+0	0.0000000E+0	1.0000000E+2	0.0000000E+0
2.2313700E+2	6.6713139E+1	6.0763182E+1	0.0000000E+0	0.0000000E+0	1.0000000E+2	0.0000000E+0
2.2318700E+2	6.6715861E+1	6.0754971E+1	0.0000000E+0	0.0000000E+0	1.0000000E+2	0.0000000E+0
2.2323800E+2	6.6714548E+1	6.0764078E+1	0.0000000E+0	0.0000000E+0	1.0000000E+2	0.0000000E+0
2.2328800E+2	6.6711605E+1	6.0754238E+1	0.0000000E+0	0.0000000E+0	1.0000000E+2	0.0000000E+0
2.2333800E+2	6.6706908E+1	6.0757518E+1	0.0000000E+0	0.0000000E+0	1.0000000E+2	0.0000000E+0
2.2338800E+2	6.6721261E+1	6.0767240E+1	0.0000000E+0	0.0000000E+0	1.0000000E+2	0.0000000E+0
2.2343800E+2	6.6734165E+1	6.0782900E+1	0.0000000E+0	0.0000000E+0	1.0000000E+2	0.0000000E+0
2.2348800E+2	6.6750437E+1	6.0787329E+1	0.0000000E+0	0.0000000E+0	1.0000000E+2	0.0000000E+0
2.2353800E+2	6.6753145E+1	6.0781210E+1	0.0000000E+0	0.0000000E+0	1.0000000E+2	0.0000000E+0
2.2358800E+2	6.6732487E+1	6.0779832E+1	0.0000000E+0	0.0000000E+0	1.0000000E+2	0.0000000E+0
2.2363800E+2	6.6718988E+1	6.0769986E+1	0.0000000E+0	0.0000000E+0	1.0000000E+2	0.0000000E+0
2.2368800E+2	6.6714977E+1	6.0777719E+1	0.0000000E+0	0.0000000E+0	1.0000000E+2	0.0000000E+0
2.2373800E+2	6.6706576E+1	6.0768199E+1	0.0000000E+0	0.0000000E+0	1.0000000E+2	0.0000000E+0
2.2378800E+2	6.6711764E+1	6.0762677E+1	0.0000000E+0	0.0000000E+0	1.0000000E+2	0.0000000E+0
2.2383800E+2	6.6719993E+1	6.0761631E+1	0.0000000E+0	0.0000000E+0	1.0000000E+2	0.0000000E+0
2.2388800E+2	6.6760258E+1	6.0766247E+1	0.0000000E+0	0.0000000E+0	1.0000000E+2	0.0000000E+0
2.2393800E+2	6.6794319E+1	6.0753032E+1	0.0000000E+0	0.0000000E+0	1.0000000E+2	0.0000000E+0
2.2398900E+2	6.6819375E+1	6.0764561E+1	0.0000000E+0	0.0000000E+0	1.0000000E+2	0.0000000E+0
2.2403900E+2	6.6843964E+1	6.0766006E+1	0.0000000E+0	0.0000000E+0	1.0000000E+2	0.0000000E+0
2.2408900E+2	6.6839379E+1	6.0744111E+1	0.0000000E+0	0.0000000E+0	1.0000000E+2	0.0000000E+0
2.2413900E+2	6.6854266E+1	6.0754611E+1	0.0000000E+0	0.0000000E+0	1.0000000E+2	0.0000000E+0
2.2418900E+2	6.6868872E+1	6.0759770E+1	0.0000000E+0	0.0000000E+0	1.0000000E+2	0.0000000E+0
2.2423900E+2	6.6886259E+1	6.0776983E+1	0.0000000E+0	0.0000000E+0	1.0000000E+2	0.0000000E+0
2.2428900E+2	6.6906246E+1	6.0783440E+1	0.0000000E+0	0.0000000E+0	1.0000000E+2	0.0000000E+0
2.2433900E+2	6.6856567E+1	6.0772916E+1	0.0000000E+0	0.0000000E+0	1.0000000E+2	0.0000000E+0
2.2438900E+2	6.6865394E+1	6.0768103E+1	0.0000000E+0	0.0000000E+0	1.0000000E+2	0.0000000E+0
2.2444000E+2	6.6898800E+1	6.0763014E+1	0.0000000E+0	0.0000000E+0	1.0000000E+2	0.0000000E+0
2.2449100E+2	6.6937707E+1	6.0770004E+1	0.0000000E+0	0.0000000E+0	1.0000000E+2	0.0000000E+0
2.2454100E+2	6.6956602E+1	6.0751912E+1	0.0000000E+0	0.0000000E+0	1.0000000E+2	0.0000000E+0
2.2459200E+2	6.6977569E+1	6.0753761E+1	0.0000000E+0	0.0000000E+0	1.0000000E+2	0.0000000E+0
2.2464200E+2	6.7029528E+1	6.0769916E+1	0.0000000E+0	0.0000000E+0	1.0000000E+2	0.0000000E+0
2.2469200E+2	6.7070772E+1	6.0777037E+1	0.0000000E+0	0.0000000E+0	1.0000000E+2	0.0000000E+0
2.2474200E+2	6.7106899E+1	6.0782818E+1	0.0000000E+0	0.0000000E+0	1.0000000E+2	0.0000000E+0
2.2479200E+2	6.7111846E+1	6.0781331E+1	0.0000000E+0	0.0000000E+0	1.0000000E+2	0.0000000E+0
2.2484300E+2	6.7121293E+1	6.0781821E+1	0.0000000E+0	0.0000000E+0	1.0000000E+2	0.0000000E+0
2.2489300E+2	6.7123793E+1	6.0766776E+1	0.0000000E+0	0.0000000E+0	1.0000000E+2	0.0000000E+0
2.2494300E+2	6.7136227E+1	6.0785564E+1	0.0000000E+0	0.0000000E+0	1.0000000E+2	0.0000000E+0
2.2499300E+2	6.7128669E+1	6.0764074E+1	0.0000000E+0	0.0000000E+0	1.0000000E+2	0.0000000E+0
2.2504300E+2	6.7151578E+1	6.0777416E+1	0.0000000E+0	0.0000000E+0	1.0000000E+2	0.0000000E+0
2.2509300E+2	6.7142697E+1	6.0765113E+1	0.0000000E+0	0.0000000E+0	1.0000000E+2	0.0000000E+0
2.2514300E+2	6.7141571E+1	6.0771132E+1	0.0000000E+0	0.0000000E+0	1.0000000E+2	0.0000000E+0
2.2519300E+2	6.7156612E+1	6.0783817E+1	0.0000000E+0	0.0000000E+0	1.0000000E+2	0.0000000E+0
2.2524300E+2	6.7163369E+1	6.0778249E+1	0.0000000E+0	0.0000000E+0	1.0000000E+2	0.0000000E+0
2.2529300E+2	6.7159962E+1	6.0788381E+1	0.0000000E+0	0.0000000E+0	1.0000000E+2	0.0000000E+0
2.2534300E+2	6.7149863E+1	6.0773742E+1	0.0000000E+0	0.0000000E+0	1.0000000E+2	0.0000000E+0
2.2539400E+2	6.7148367E+1	6.0772616E+1	0.0000000E+0	0.0000000E+0	1.0000000E+2	0.0000000E+0
2.2544400E+2	6.7167677E+1	6.0776423E+1	0.0000000E+0	0.0000000E+0	1.0000000E+2	0.0000000E+0
2.2549400E+2	6.7167015E+1	6.0781342E+1	0.0000000E+0	0.0000000E+0	1.0000000E+2	0.0000000E+0
2.2554400E+2	6.7166639E+1	6.0764517E+1	0.0000000E+0	0.0000000E+0	1.0000000E+2	0.0000000E+0
2.2559400E+2	6.7126952E+1	6.0765982E+1	0.0000000E+0	0.0000000E+0	1.0000000E+2	0.0000000E+0
2.2564400E+2	6.7147915E+1	6.0759627E+1	0.0000000E+0	0.0000000E+0	1.0000000E+2	0.0000000E+0
2.2569500E+2	6.7164317E+1	6.0756615E+1	0.0000000E+0	0.0000000E+0	1.0000000E+2	0.0000000E+0
2.2574500E+2	6.7170952E+1	6.0756645E+1	0.0000000E+0	0.0000000E+0	1.0000000E+2	0.0000000E+0
2.2579500E+2	6.7178905E+1	6.0758304E+1	0.0000000E+0	0.0000000E+0	1.0000000E+2	0.0000000E+0
2.2584500E+2	6.7182697E+1	6.0781046E+1	0.0000000E+0	0.0000000E+0	1.0000000E+2	0.0000000E+0
2.2589500E+2	6.7176517E+1	6.0766874E+1	0.0000000E+0	0.0000000E+0	1.0000000E+2	0.0000000E+0
2.2594500E+2	6.7165455E+1	6.0782450E+1	0.0000000E+0	0.0000000E+0	1.0000000E+2	0.0000000E+0
2.2599500E+2	6.7173359E+1	6.0768935E+1	0.0000000E+0	0.0000000E+0	1.0000000E+2	0.0000000E+0
2.2604500E+2	6.7176019E+1	6.0765694E+1	0.0000000E+0	0.0000000E+0	1.0000000E+2	0.0000000E+0
2.2609500E+2	6.7127744E+1	6.0756488E+1	0.0000000E+0	0.0000000E+0	1.0000000E+2	0.0000000E+0
2.2614500E+2	6.7133834E+1	6.0768341E+1	0.0000000E+0	0.0000000E+0	1.0000000E+2	0.0000000E+0
2.2619500E+2	6.7142731E+1	6.0751315E+1	0.0000000E+0	0.0000000E+0	1.0000000E+2	0.0000000E+0
2.2624500E+2	6.7151629E+1	6.0743967E+1	0.0000000E+0	0.0000000E+0	1.0000000E+2	0.0000000E+0
2.2629600E+2	6.7170838E+1	6.0755821E+1	0.0000000E+0	0.0000000E+0	1.0000000E+2	0.0000000E+0
2.2634700E+2	6.7211208E+1	6.0749529E+1	0.0000000E+0	0.0000000E+0	1.0000000E+2	0.0000000E+0
2.2639700E+2	6.7262527E+1	6.0748436E+1	0.0000000E+0	0.0000000E+0	1.0000000E+2	0.0000000E+0
2.2644700E+2	6.7297425E+1	6.0767407E+1	0.0000000E+0	0.0000000E+0	1.0000000E+2	0.0000000E+0
2.2649800E+2	6.7345582E+1	6.0775830E+1	0.0000000E+0	0.0000000E+0	1.0000000E+2	0.0000000E+0
2.2654800E+2	6.7348204E+1	6.0778338E+1	0.0000000E+0	0.0000000E+0	1.0000000E+2	0.0000000E+0
2.2659800E+2	6.7357389E+1	6.0766082E+1	0.0000000E+0	0.0000000E+0	1.0000000E+2	0.0000000E+0
2.2664800E+2	6.7353584E+1	6.0766715E+1	0.0000000E+0	0.0000000E+0	1.0000000E+2	0.0000000E+0
2.2669900E+2	6.7369955E+1	6.0772140E+1	0.0000000E+0	0.0000000E+0	1.0000000E+2	0.0000000E+0
2.2674900E+2	6.7355191E+1	6.0760962E+1	0.0000000E+0	0.0000000E+0	1.0000000E+2	0.0000000E+0
2.2679900E+2	6.7347021E+1	6.0771200E+1	0.0000000E+0	0.0000000E+0	1.0000000E+2	0.0000000E+0
2.2684900E+2	6.7338971E+1	6.0761107E+1	0.0000000E+0	0.0000000E+0	1.0000000E+2	0.0000000E+0
2.2689900E+2	6.7301972E+1	6.0745657E+1	0.0000000E+0	0.0000000E+0	1.0000000E+2	0.0000000E+0
2.2694900E+2	6.7292297E+1	6.0756630E+1	0.0000000E+0	0.0000000E+0	1.0000000E+2	0.0000000E+0
2.2699900E+2	6.7274867E+1	6.0749646E+1	0.0000000E+0	0.0000000E+0	1.0000000E+2	0.0000000E+0
2.2704900E+2	6.7236977E+1	6.0748355E+1	0.0000000E+0	0.0000000E+0	1.0000000E+2	0.0000000E+0
2.2710000E+2	6.7210397E+1	6.0751559E+1	0.0000000E+0	0.0000000E+0	1.0000000E+2	0.0000000E+0
2.2715000E+2	6.7202158E+1	6.0750775E+1	0.0000000E+0	0.0000000E+0	1.0000000E+2	0.0000000E+0
2.2720000E+2	6.7198993E+1	6.0767806E+1	0.0000000E+0	0.0000000E+0	1.0000000E+2	0.0000000E+0
2.2725100E+2	6.7193233E+1	6.0774253E+1	0.0000000E+0	0.0000000E+0	1.0000000E+2	0.0000000E+0
2.2730100E+2	6.7171635E+1	6.0760594E+1	0.0000000E+0	0.0000000E+0	1.0000000E+2	0.0000000E+0
2.2735100E+2	6.7151887E+1	6.0758922E+1	0.0000000E+0	0.0000000E+0	1.0000000E+2	0.0000000E+0
2.2740100E+2	6.7136098E+1	6.0758027E+1	0.0000000E+0	0.0000000E+0	1.0000000E+2	0.0000000E+0
2.2745100E+2	6.7125221E+1	6.0749448E+1	0.0000000E+0	0.0000000E+0	1.0000000E+2	0.0000000E+0
2.2750100E+2	6.7117503E+1	6.0738137E+1	0.0000000E+0	0.0000000E+0	1.0000000E+2	0.0000000E+0
2.2755100E+2	6.7114625E+1	6.0767622E+1	0.0000000E+0	0.0000000E+0	1.0000000E+2	0.0000000E+0
2.2760100E+2	6.7069755E+1	6.0741816E+1	0.0000000E+0	0.0000000E+0	1.0000000E+2	0.0000000E+0
2.2765100E+2	6.7077587E+1	6.0760305E+1	0.0000000E+0	0.0000000E+0	1.0000000E+2	0.0000000E+0
2.2770100E+2	6.7085588E+1	6.0755899E+1	0.0000000E+0	0.0000000E+0	1.0000000E+2	0.0000000E+0
2.2775100E+2	6.7074760E+1	6.0747244E+1	0.0000000E+0	0.0000000E+0	1.0000000E+2	0.0000000E+0
2.2780100E+2	6.7081934E+1	6.0749298E+1	0.0000000E+0	0.0000000E+0	1.0000000E+2	0.0000000E+0
2.2785100E+2	6.7085336E+1	6.0761395E+1	0.0000000E+0	0.0000000E+0	1.0000000E+2	0.0000000E+0
2.2790100E+2	6.7105391E+1	6.0771004E+1	0.0000000E+0	0.0000000E+0	1.0000000E+2	0.0000000E+0
2.2795100E+2	6.7092454E+1	6.0754645E+1	0.0000000E+0	0.0000000E+0	1.0000000E+2	0.0000000E+0
2.2800100E+2	6.7115098E+1	6.0765538E+1	0.0000000E+0	0.0000000E+0	1.0000000E+2	0.0000000E+0
2.2805200E+2	6.7135985E+1	6.0790082E+1	0.0000000E+0	0.0000000E+0	1.0000000E+2	0.0000000E+0
2.2810200E+2	6.7110931E+1	6.0780824E+1	0.0000000E+0	0.0000000E+0	1.0000000E+2	0.0000000E+0
2.2815200E+2	6.7062920E+1	6.0763725E+1	0.0000000E+0	0.0000000E+0	1.0000000E+2	0.0000000E+0
2.2820200E+2	6.7088327E+1	6.0770053E+1	0.0000000E+0	0.0000000E+0	1.0000000E+2	0.0000000E+0
2.2825200E+2	6.7113788E+1	6.0762330E+1	0.0000000E+0	0.0000000E+0	1.0000000E+2	0.0000000E+0
2.2830300E+2	6.7131313E+1	6.0773744E+1	0.0000000E+0	0.0000000E+0	1.0000000E+2	0.0000000E+0
2.2835300E+2	6.7119767E+1	6.0764309E+1	0.0000000E+0	0.0000000E+0	1.0000000E+2	0.0000000E+0
2.2840300E+2	6.7141676E+1	6.0781941E+1	0.0000000E+0	0.0000000E+0	1.0000000E+2	0.0000000E+0
2.2845300E+2	6.7145878E+1	6.0781253E+1	0.0000000E+0	0.0000000E+0	1.0000000E+2	0.0000000E+0
2.2850300E+2	6.7146228E+1	6.0763463E+1	0.0000000E+0	0.0000000E+0	1.0000000E+2	0.0000000E+0
2.2855300E+2	6.7159066E+1	6.0767139E+1	0.0000000E+0	0.0000000E+0	1.0000000E+2	0.0000000E+0
2.2860300E+2	6.7144363E+1	6.0766881E+1	0.0000000E+0	0.0000000E+0	1.0000000E+2	0.0000000E+0
2.2865300E+2	6.7141277E+1	6.0773126E+1	0.0000000E+0	0.0000000E+0	1.0000000E+2	0.0000000E+0
2.2870300E+2	6.7141704E+1	6.0783484E+1	0.0000000E+0	0.0000000E+0	1.0000000E+2	0.0000000E+0
2.2875300E+2	6.7159590E+1	6.0795735E+1	0.0000000E+0	0.0000000E+0	1.0000000E+2	0.0000000E+0
2.2880300E+2	6.7144130E+1	6.0768521E+1	0.0000000E+0	0.0000000E+0	1.0000000E+2	0.0000000E+0
2.2885300E+2	6.7141266E+1	6.0781697E+1	0.0000000E+0	0.0000000E+0	1.0000000E+2	0.0000000E+0
2.2890300E+2	6.7130182E+1	6.0756433E+1	0.0000000E+0	0.0000000E+0	1.0000000E+2	0.0000000E+0
2.2895300E+2	6.7152292E+1	6.0762256E+1	0.0000000E+0	0.0000000E+0	1.0000000E+2	0.0000000E+0
2.2900300E+2	6.7158998E+1	6.0775463E+1	0.0000000E+0	0.0000000E+0	1.0000000E+2	0.0000000E+0
2.2905300E+2	6.7176502E+1	6.0788753E+1	0.0000000E+0	0.0000000E+0	1.0000000E+2	0.0000000E+0
2.2910300E+2	6.7161601E+1	6.0779124E+1	0.0000000E+0	0.0000000E+0	1.0000000E+2	0.0000000E+0
2.2915300E+2	6.7174237E+1	6.0783265E+1	0.0000000E+0	0.0000000E+0	1.0000000E+2	0.0000000E+0
2.2920300E+2	6.7189216E+1	6.0781982E+1	0.0000000E+0	0.0000000E+0	1.0000000E+2	0.0000000E+0
2.2925400E+2	6.7186857E+1	6.0767492E+1	0.0000000E+0	0.0000000E+0	1.0000000E+2	0.0000000E+0
2.2930500E+2	6.7176027E+1	6.0758772E+1	0.0000000E+0	0.0000000E+0	1.0000000E+2	0.0000000E+0
2.2935500E+2	6.7178251E+1	6.0762128E+1	0.0000000E+0	0.0000000E+0	1.0000000E+2	0.0000000E+0
2.2940500E+2	6.7196134E+1	6.0772344E+1	0.0000000E+0	0.0000000E+0	1.0000000E+2	0.0000000E+0
2.2945500E+2	6.7202790E+1	6.0779918E+1	0.0000000E+0	0.0000000E+0	1.0000000E+2	0.0000000E+0
2.2950500E+2	6.7197155E+1	6.0798141E+1	0.0000000E+0	0.0000000E+0	1.0000000E+2	0.0000000E+0
2.2955500E+2	6.7200984E+1	6.0794404E+1	0.0000000E+0	0.0000000E+0	1.0000000E+2	0.0000000E+0
2.2960500E+2	6.7195485E+1	6.0797923E+1	0.0000000E+0	0.0000000E+0	1.0000000E+2	0.0000000E+0
2.2965500E+2	6.7192737E+1	6.0800675E+1	0.0000000E+0	0.0000000E+0	1.0000000E+2	0.0000000E+0
2.2970500E+2	6.7188676E+1	6.0794282E+1	0.0000000E+0	0.0000000E+0	1.0000000E+2	0.0000000E+0
2.2975500E+2	6.7178798E+1	6.0796723E+1	0.0000000E+0	0.0000000E+0	1.0000000E+2	0.0000000E+0
2.2980600E+2	6.7176287E+1	6.0786334E+1	0.0000000E+0	0.0000000E+0	1.0000000E+2	0.0000000E+0
2.2985700E+2	6.7183787E+1	6.0797907E+1	0.0000000E+0	0.0000000E+0	1.0000000E+2	0.0000000E+0
2.2990700E+2	6.7181746E+1	6.0800886E+1	0.0000000E+0	0.0000000E+0	1.0000000E+2	0.0000000E+0
2.2995700E+2	6.7196993E+1	6.0804075E+1	0.0000000E+0	0.0000000E+0	1.0000000E+2	0.0000000E+0
2.3000700E+2	6.7190336E+1	6.0805456E+1	0.0000000E+0	0.0000000E+0	1.0000000E+2	0.0000000E+0
2.3005800E+2	6.7192438E+1	6.0821656E+1	0.0000000E+0	0.0000000E+0	1.0000000E+2	0.0000000E+0
2.3010800E+2	6.7189550E+1	6.0821339E+1	0.0000000E+0	0.0000000E+0	1.0000000E+2	0.0000000E+0
2.3015800E+2	6.7172341E+1	6.0808211E+1	0.0000000E+0	0.0000000E+0	1.0000000E+2	0.0000000E+0
2.3020800E+2	6.7122416E+1	6.0809163E+1	0.0000000E+0	0.0000000E+0	1.0000000E+2	0.0000000E+0
2.3025900E+2	6.7120764E+1	6.0808002E+1	0.0000000E+0	0.0000000E+0	1.0000000E+2	0.0000000E+0
2.3030900E+2	6.7124203E+1	6.0804888E+1	0.0000000E+0	0.0000000E+0	1.0000000E+2	0.0000000E+0
2.3035900E+2	6.7143635E+1	6.0804520E+1	0.0000000E+0	0.0000000E+0	1.0000000E+2	0.0000000E+0
2.3040900E+2	6.7135702E+1	6.0792345E+1	0.0000000E+0	0.0000000E+0	1.0000000E+2	0.0000000E+0
2.3045900E+2	6.7156739E+1	6.0813005E+1	0.0000000E+0	0.0000000E+0	1.0000000E+2	0.0000000E+0
2.3050900E+2	6.7149527E+1	6.0809522E+1	0.0000000E+0	0.0000000E+0	1.0000000E+2	0.0000000E+0
2.3055900E+2	6.7140684E+1	6.0803055E+1	0.0000000E+0	0.0000000E+0	1.0000000E+2	0.0000000E+0
2.3060900E+2	6.7135662E+1	6.0821398E+1	0.0000000E+0	0.0000000E+0	1.0000000E+2	0.0000000E+0
2.3065900E+2	6.7129697E+1	6.0812902E+1	0.0000000E+0	0.0000000E+0	1.0000000E+2	0.0000000E+0
2.3070900E+2	6.7109144E+1	6.0800909E+1	0.0000000E+0	0.0000000E+0	1.0000000E+2	0.0000000E+0
2.3075900E+2	6.7121464E+1	6.0815754E+1	0.0000000E+0	0.0000000E+0	1.0000000E+2	0.0000000E+0
2.3080900E+2	6.7143692E+1	6.0807960E+1	0.0000000E+0	0.0000000E+0	1.0000000E+2	0.0000000E+0
2.3085900E+2	6.7151752E+1	6.0813386E+1	0.0000000E+0	0.0000000E+0	1.0000000E+2	0.0000000E+0
2.3090900E+2	6.7144012E+1	6.0812062E+1	0.0000000E+0	0.0000000E+0	1.0000000E+2	0.0000000E+0
2.3095900E+2	6.7137906E+1	6.0809665E+1	0.0000000E+0	0.0000000E+0	1.0000000E+2	0.0000000E+0
2.3100900E+2	6.7113691E+1	6.0800820E+1	0.0000000E+0	0.0000000E+0	1.0000000E+2	0.0000000E+0
2.3105900E+2	6.7115669E+1	6.0793862E+1	0.0000000E+0	0.0000000E+0	1.0000000E+2	0.0000000E+0
2.3110900E+2	6.7150205E+1	6.0798711E+1	0.0000000E+0	0.0000000E+0	1.0000000E+2	0.0000000E+0
2.3115900E+2	6.7117527E+1	6.0787196E+1	0.0000000E+0	0.0000000E+0	1.0000000E+2	0.0000000E+0
2.3120900E+2	6.7129500E+1	6.0796446E+1	0.0000000E+0	0.0000000E+0	1.0000000E+2	0.0000000E+0
2.3125900E+2	6.7121591E+1	6.0796106E+1	0.0000000E+0	0.0000000E+0	1.0000000E+2	0.0000000E+0
2.3130900E+2	6.7130172E+1	6.0800329E+1	0.0000000E+0	0.0000000E+0	1.0000000E+2	0.0000000E+0
2.3136000E+2	6.7105368E+1	6.0767984E+1	0.0000000E+0	0.0000000E+0	1.0000000E+2	0.0000000E+0
2.3141100E+2	6.7123920E+1	6.0778949E+1	0.0000000E+0	0.0000000E+0	1.0000000E+2	0.0000000E+0
2.3146100E+2	6.7145486E+1	6.0798327E+1	0.0000000E+0	0.0000000E+0	1.0000000E+2	0.0000000E+0
2.3151200E+2	6.7162766E+1	6.0819887E+1	0.0000000E+0	0.0000000E+0	1.0000000E+2	0.0000000E+0
2.3156300E+2	6.7178118E+1	6.0806380E+1	0.0000000E+0	0.0000000E+0	1.0000000E+2	0.0000000E+0
2.3161300E+2	6.7188130E+1	6.0821142E+1	0.0000000E+0	0.0000000E+0	1.0000000E+2	0.0000000E+0
2.3166300E+2	6.7190195E+1	6.0827824E+1	0.0000000E+0	0.0000000E+0	1.0000000E+2	0.0000000E+0
2.3171300E+2	6.7190711E+1	6.0824895E+1	0.0000000E+0	0.0000000E+0	1.0000000E+2	0.0000000E+0
2.3176400E+2	6.7192047E+1	6.0811829E+1	0.0000000E+0	0.0000000E+0	1.0000000E+2	0.0000000E+0
2.3181400E+2	6.7190956E+1	6.0800835E+1	0.0000000E+0	0.0000000E+0	1.0000000E+2	0.0000000E+0
2.3186400E+2	6.7227713E+1	6.0816013E+1	0.0000000E+0	0.0000000E+0	1.0000000E+2	0.0000000E+0
2.3191400E+2	6.7230735E+1	6.0816015E+1	0.0000000E+0	0.0000000E+0	1.0000000E+2	0.0000000E+0
2.3196400E+2	6.7167197E+1	6.0809900E+1	0.0000000E+0	0.0000000E+0	1.0000000E+2	0.0000000E+0
2.3201400E+2	6.7145851E+1	6.0798197E+1	0.0000000E+0	0.0000000E+0	1.0000000E+2	0.0000000E+0
2.3206400E+2	6.7162584E+1	6.0815987E+1	0.0000000E+0	0.0000000E+0	1.0000000E+2	0.0000000E+0
2.3211400E+2	6.7164783E+1	6.0804520E+1	0.0000000E+0	0.0000000E+0	1.0000000E+2	0.0000000E+0
2.3216500E+2	6.7149108E+1	6.0793146E+1	0.0000000E+0	0.0000000E+0	1.0000000E+2	0.0000000E+0
2.3221500E+2	6.7147738E+1	6.0787037E+1	0.0000000E+0	0.0000000E+0	1.0000000E+2	0.0000000E+0
2.3226500E+2	6.7150352E+1	6.0799504E+1	0.0000000E+0	0.0000000E+0	1.0000000E+2	0.0000000E+0
2.3231500E+2	6.7147162E+1	6.0795121E+1	0.0000000E+0	0.0000000E+0	1.0000000E+2	0.0000000E+0
2.3236600E+2	6.7139398E+1	6.0787178E+1	0.0000000E+0	0.0000000E+0	1.0000000E+2	0.0000000E+0
2.3241600E+2	6.7137998E+1	6.0821039E+1	0.0000000E+0	0.0000000E+0	1.0000000E+2	0.0000000E+0
2.3246600E+2	6.7115560E+1	6.0808775E+1	0.0000000E+0	0.0000000E+0	1.0000000E+2	0.0000000E+0
2.3251700E+2	6.7095573E+1	6.0797428E+1	0.0000000E+0	0.0000000E+0	1.0000000E+2	0.0000000E+0
2.3256700E+2	6.7095496E+1	6.0807337E+1	0.0000000E+0	0.0000000E+0	1.0000000E+2	0.0000000E+0
2.3261700E+2	6.7070995E+1	6.0813760E+1	0.0000000E+0	0.0000000E+0	1.0000000E+2	0.0000000E+0
2.3266700E+2	6.7029639E+1	6.0787954E+1	0.0000000E+0	0.0000000E+0	1.0000000E+2	0.0000000E+0
2.3271700E+2	6.7016665E+1	6.0789838E+1	0.0000000E+0	0.0000000E+0	1.0000000E+2	0.0000000E+0
2.3276700E+2	6.7013671E+1	6.0786193E+1	0.0000000E+0	0.0000000E+0	1.0000000E+2	0.0000000E+0
2.3281700E+2	6.7027944E+1	6.0791198E+1	0.0000000E+0	0.0000000E+0	1.0000000E+2	0.0000000E+0
2.3286700E+2	6.7056963E+1	6.0796124E+1	0.0000000E+0	0.0000000E+0	1.0000000E+2	0.0000000E+0
2.3291700E+2	6.7068591E+1	6.0794754E+1	0.0000000E+0	0.0000000E+0	1.0000000E+2	0.0000000E+0
2.3296700E+2	6.7101246E+1	6.0802559E+1	0.0000000E+0	0.0000000E+0	1.0000000E+2	0.0000000E+0
2.3301700E+2	6.7103430E+1	6.0794896E+1	0.0000000E+0	0.0000000E+0	1.0000000E+2	0.0000000E+0
2.3306700E+2	6.7096219E+1	6.0800679E+1	0.0000000E+0	0.0000000E+0	1.0000000E+2	0.0000000E+0
2.3311700E+2	6.7101489E+1	6.0805285E+1	0.0000000E+0	0.0000000E+0	1.0000000E+2	0.0000000E+0
2.3316800E+2	6.7125655E+1	6.0800490E+1	0.0000000E+0	0.0000000E+0	1.0000000E+2	0.0000000E+0
2.3321800E+2	6.7151810E+1	6.0802706E+1	0.0000000E+0	0.0000000E+0	1.0000000E+2	0.0000000E+0
2.3326800E+2	6.7152526E+1	6.0793701E+1	0.0000000E+0	0.0000000E+0	1.0000000E+2	0.0000000E+0
2.3331900E+2	6.7156802E+1	6.0802533E+1	0.0000000E+0	0.0000000E+0	1.0000000E+2	0.0000000E+0
2.3336900E+2	6.7155692E+1	6.0796975E+1	0.0000000E+0	0.0000000E+0	1.0000000E+2	0.0000000E+0
2.3341900E+2	6.7159073E+1	6.0800542E+1	0.0000000E+0	0.0000000E+0	1.0000000E+2	0.0000000E+0
2.3346900E+2	6.7137450E+1	6.0797328E+1	0.0000000E+0	0.0000000E+0	1.0000000E+2	0.0000000E+0
2.3351900E+2	6.7127000E+1	6.0814525E+1	0.0000000E+0	0.0000000E+0	1.0000000E+2	0.0000000E+0
2.3356900E+2	6.7135239E+1	6.0823414E+1	0.0000000E+0	0.0000000E+0	1.0000000E+2	0.0000000E+0
2.3361900E+2	6.7119719E+1	6.0809415E+1	0.0000000E+0	0.0000000E+0	1.0000000E+2	0.0000000E+0
2.3366900E+2	6.7108687E+1	6.0823757E+1	0.0000000E+0	0.0000000E+0	1.0000000E+2	0.0000000E+0
2.3371900E+2	6.7089099E+1	6.0808559E+1	0.0000000E+0	0.0000000E+0	1.0000000E+2	0.0000000E+0
2.3376900E+2	6.7081638E+1	6.0821075E+1	0.0000000E+0	0.0000000E+0	1.0000000E+2	0.0000000E+0
2.3381900E+2	6.7067493E+1	6.0812213E+1	0.0000000E+0	0.0000000E+0	1.0000000E+2	0.0000000E+0
2.3386900E+2	6.7060425E+1	6.0815444E+1	0.0000000E+0	0.0000000E+0	1.0000000E+2	0.0000000E+0
2.3391900E+2	6.7056435E+1	6.0808213E+1	0.0000000E+0	0.0000000E+0	1.0000000E+2	0.0000000E+0
2.3396900E+2	6.7047900E+1	6.0801963E+1	0.0000000E+0	0.0000000E+0	1.0000000E+2	0.0000000E+0
2.3401900E+2	6.6968443E+1	6.0808242E+1	0.0000000E+0	0.0000000E+0	1.0000000E+2	0.0000000E+0
2.3406900E+2	6.6950982E+1	6.0805985E+1	0.0000000E+0	0.0000000E+0	1.0000000E+2	0.0000000E+0
2.3411900E+2	6.6956810E+1	6.0812268E+1	0.0000000E+0	0.0000000E+0	1.0000000E+2	0.0000000E+0
2.3416900E+2	6.6952270E+1	6.0784420E+1	0.0000000E+0	0.0000000E+0	1.0000000E+2	0.0000000E+0
2.3421900E+2	6.6960150E+1	6.0794071E+1	0.0000000E+0	0.0000000E+0	1.0000000E+2	0.0000000E+0
2.3427000E+2	6.6978771E+1	6.0810751E+1	0.0000000E+0	0.0000000E+0	1.0000000E+2	0.0000000E+0
2.3432100E+2	6.6993196E+1	6.0798481E+1	0.0000000E+0	0.0000000E+0	1.0000000E+2	0.0000000E+0
2.3437100E+2	6.6998732E+1	6.0795314E+1	0.0000000E+0	0.0000000E+0	1.0000000E+2	0.0000000E+0
2.3442100E+2	6.6966238E+1	6.0797447E+1	0.0000000E+0	0.0000000E+0	1.0000000E+2	0.0000000E+0
2.3447100E+2	6.6959628E+1	6.0796784E+1	0.0000000E+0	0.0000000E+0	1.0000000E+2	0.0000000E+0
2.3452100E+2	6.6970177E+1	6.0805160E+1	0.0000000E+0	0.0000000E+0	1.0000000E+2	0.0000000E+0
2.3457100E+2	6.7008648E+1	6.0799887E+1	0.0000000E+0	0.0000000E+0	1.0000000E+2	0.0000000E+0
2.3462100E+2	6.7021533E+1	6.0803595E+1	0.0000000E+0	0.0000000E+0	1.0000000E+2	0.0000000E+0
2.3467200E+2	6.7049775E+1	6.0823051E+1	0.0000000E+0	0.0000000E+0	1.0000000E+2	0.0000000E+0
2.3472200E+2	6.7062648E+1	6.0812805E+1	0.0000000E+0	0.0000000E+0	1.0000000E+2	0.0000000E+0
2.3477200E+2	6.7056123E+1	6.0807509E+1	0.0000000E+0	0.0000000E+0	1.0000000E+2	0.0000000E+0
2.3482300E+2	6.7051398E+1	6.0800606E+1	0.0000000E+0	0.0000000E+0	1.0000000E+2	0.0000000E+0
2.3487300E+2	6.7058600E+1	6.0808894E+1	0.0000000E+0	0.0000000E+0	1.0000000E+2	0.0000000E+0
2.3492300E+2	6.7063652E+1	6.0826741E+1	0.0000000E+0	0.0000000E+0	1.0000000E+2	0.0000000E+0
2.3497400E+2	6.7091813E+1	6.0839041E+1	0.0000000E+0	0.0000000E+0	1.0000000E+2	0.0000000E+0
2.3502400E+2	6.7091585E+1	6.0830302E+1	0.0000000E+0	0.0000000E+0	1.0000000E+2	0.0000000E+0
2.3507400E+2	6.7084036E+1	6.0817581E+1	0.0000000E+0	0.0000000E+0	1.0000000E+2	0.0000000E+0
2.3512400E+2	6.7097980E+1	6.0818167E+1	0.0000000E+0	0.0000000E+0	1.0000000E+2	0.0000000E+0
2.3517400E+2	6.7103734E+1	6.0837149E+1	0.0000000E+0	0.0000000E+0	1.0000000E+2	0.0000000E+0
2.3522400E+2	6.7076731E+1	6.0829833E+1	0.0000000E+0	0.0000000E+0	1.0000000E+2	0.0000000E+0
2.3527400E+2	6.7044466E+1	6.0824679E+1	0.0000000E+0	0.0000000E+0	1.0000000E+2	0.0000000E+0
2.3532400E+2	6.7024806E+1	6.0823373E+1	0.0000000E+0	0.0000000E+0	1.0000000E+2	0.0000000E+0
2.3537500E+2	6.7011629E+1	6.0821387E+1	0.0000000E+0	0.0000000E+0	1.0000000E+2	0.0000000E+0
2.3542500E+2	6.7004225E+1	6.0825996E+1	0.0000000E+0	0.0000000E+0	1.0000000E+2	0.0000000E+0
2.3547600E+2	6.6999389E+1	6.0822597E+1	0.0000000E+0	0.0000000E+0	1.0000000E+2	0.0000000E+0
2.3552600E+2	6.6964399E+1	6.0806463E+1	0.0000000E+0	0.0000000E+0	1.0000000E+2	0.0000000E+0
2.3557600E+2	6.6950949E+1	6.0809121E+1	0.0000000E+0	0.0000000E+0	1.0000000E+2	0.0000000E+0
2.3562600E+2	6.6964683E+1	6.0821994E+1	0.0000000E+0	0.0000000E+0	1.0000000E+2	0.0000000E+0
2.3567600E+2	6.6936468E+1	6.0796505E+1	0.0000000E+0	0.0000000E+0	1.0000000E+2	0.0000000E+0
2.3572600E+2	6.6944869E+1	6.0813060E+1	0.0000000E+0	0.0000000E+0	1.0000000E+2	0.0000000E+0
2.3577600E+2	6.6954026E+1	6.0812576E+1	0.0000000E+0	0.0000000E+0	1.0000000E+2	0.0000000E+0
2.3582600E+2	6.6940664E+1	6.0803768E+1	0.0000000E+0	0.0000000E+0	1.0000000E+2	0.0000000E+0
2.3587600E+2	6.6896100E+1	6.0794029E+1	0.0000000E+0	0.0000000E+0	1.0000000E+2	0.0000000E+0
2.3592600E+2	6.6866182E+1	6.0793845E+1	0.0000000E+0	0.0000000E+0	1.0000000E+2	0.0000000E+0
2.3597700E+2	6.6847647E+1	6.0802879E+1	0.0000000E+0	0.0000000E+0	1.0000000E+2	0.0000000E+0
2.3602700E+2	6.6854475E+1	6.0798686E+1	0.0000000E+0	0.0000000E+0	1.0000000E+2	0.0000000E+0
2.3607700E+2	6.6851761E+1	6.0800927E+1	0.0000000E+0	0.0000000E+0	1.0000000E+2	0.0000000E+0
2.3612700E+2	6.6870949E+1	6.0800664E+1	0.0000000E+0	0.0000000E+0	1.0000000E+2	0.0000000E+0
2.3617700E+2	6.6886056E+1	6.0790828E+1	0.0000000E+0	0.0000000E+0	1.0000000E+2	0.0000000E+0
2.3622700E+2	6.6911068E+1	6.0803569E+1	0.0000000E+0	0.0000000E+0	1.0000000E+2	0.0000000E+0
2.3627700E+2	6.6943783E+1	6.0810666E+1	0.0000000E+0	0.0000000E+0	1.0000000E+2	0.0000000E+0
2.3632700E+2	6.6942001E+1	6.0808498E+1	0.0000000E+0	0.0000000E+0	1.0000000E+2	0.0000000E+0
2.3637700E+2	6.6937300E+1	6.0817476E+1	0.0000000E+0	0.0000000E+0	1.0000000E+2	0.0000000E+0
2.3642700E+2	6.6945442E+1	6.0798851E+1	0.0000000E+0	0.0000000E+0	1.0000000E+2	0.0000000E+0
2.3647700E+2	6.6955495E+1	6.0817374E+1	0.0000000E+0	0.0000000E+0	1.0000000E+2	0.0000000E+0
2.3652800E+2	6.6974481E+1	6.0830649E+1	0.0000000E+0	0.0000000E+0	1.0000000E+2	0.0000000E+0
2.3657800E+2	6.6969257E+1	6.0820837E+1	0.0000000E+0	0.0000000E+0	1.0000000E+2	0.0000000E+0
2.3662800E+2	6.6977341E+1	6.0813317E+1	0.0000000E+0	0.0000000E+0	1.0000000E+2	0.0000000E+0
2.3667800E+2	6.6958461E+1	6.0816616E+1	0.0000000E+0	0.0000000E+0	1.0000000E+2	0.0000000E+0
2.3672800E+2	6.6959923E+1	6.0811735E+1	0.0000000E+0	0.0000000E+0	1.0000000E+2	0.0000000E+0
2.3677800E+2	6.6968522E+1	6.0819106E+1	0.0000000E+0	0.0000000E+0	1.0000000E+2	0.0000000E+0
2.3682800E+2	6.6945930E+1	6.0792609E+1	0.0000000E+0	0.0000000E+0	1.0000000E+2	0.0000000E+0
2.3687800E+2	6.6932331E+1	6.0795743E+1	0.0000000E+0	0.0000000E+0	1.0000000E+2	0.0000000E+0
2.3692800E+2	6.6916879E+1	6.0794776E+1	0.0000000E+0	0.0000000E+0	1.0000000E+2	0.0000000E+0
2.3697800E+2	6.6929656E+1	6.0813571E+1	0.0000000E+0	0.0000000E+0	1.0000000E+2	0.0000000E+0
2.3702800E+2	6.6913754E+1	6.0806851E+1	0.0000000E+0	0.0000000E+0	1.0000000E+2	0.0000000E+0
2.3707800E+2	6.6918199E+1	6.0808057E+1	0.0000000E+0	0.0000000E+0	1.0000000E+2	0.0000000E+0
2.3712800E+2	6.6924972E+1	6.0823754E+1	0.0000000E+0	0.0000000E+0	1.0000000E+2	0.0000000E+0
2.3717800E+2	6.6922138E+1	6.0836628E+1	0.0000000E+0	0.0000000E+0	1.0000000E+2	0.0000000E+0
2.3722900E+2	6.6896528E+1	6.0824719E+1	0.0000000E+0	0.0000000E+0	1.0000000E+2	0.0000000E+0
2.3728000E+2	6.6888412E+1	6.0831187E+1	0.0000000E+0	0.0000000E+0	1.0000000E+2	0.0000000E+0
2.3733000E+2	6.6913697E+1	6.0836051E+1	0.0000000E+0	0.0000000E+0	1.0000000E+2	0.0000000E+0
2.3738000E+2	6.6898526E+1	6.0825423E+1	0.0000000E+0	0.0000000E+0	1.0000000E+2	0.0000000E+0
2.3743000E+2	6.6901147E+1	6.0837913E+1	0.0000000E+0	0.0000000E+0	1.0000000E+2	0.0000000E+0
2.3748100E+2	6.6896308E+1	6.0842184E+1	0.0000000E+0	0.0000000E+0	1.0000000E+2	0.0000000E+0
2.3753200E+2	6.6883446E+1	6.0827409E+1	0.0000000E+0	0.0000000E+0	1.0000000E+2	0.0000000E+0
2.3758200E+2	6.6869003E+1	6.0829578E+1	0.0000000E+0	0.0000000E+0	1.0000000E+2	0.0000000E+0
2.3763200E+2	6.6884093E+1	6.0831530E+1	0.0000000E+0	0.0000000E+0	1.0000000E+2	0.0000000E+0
2.3768200E+2	6.6899124E+1	6.0829221E+1	0.0000000E+0	0.0000000E+0	1.0000000E+2	0.0000000E+0
2.3773200E+2	6.6837393E+1	6.0819931E+1	0.0000000E+0	0.0000000E+0	1.0000000E+2	0.0000000E+0
2.3778200E+2	6.6823887E+1	6.0810969E+1	0.0000000E+0	0.0000000E+0	1.0000000E+2	0.0000000E+0
2.3783200E+2	6.6827583E+1	6.0813295E+1	0.0000000E+0	0.0000000E+0	1.0000000E+2	0.0000000E+0
2.3788200E+2	6.6850329E+1	6.0815524E+1	0.0000000E+0	0.0000000E+0	1.0000000E+2	0.0000000E+0
2.3793200E+2	6.6845384E+1	6.0803565E+1	0.0000000E+0	0.0000000E+0	1.0000000E+2	0.0000000E+0
2.3798200E+2	6.6872167E+1	6.0811785E+1	0.0000000E+0	0.0000000E+0	1.0000000E+2	0.0000000E+0
2.3803200E+2	6.6895977E+1	6.0814555E+1	0.0000000E+0	0.0000000E+0	1.0000000E+2	0.0000000E+0
2.3808200E+2	6.6922572E+1	6.0826040E+1	0.0000000E+0	0.0000000E+0	1.0000000E+2	0.0000000E+0
2.3813200E+2	6.6931337E+1	6.0831701E+1	0.0000000E+0	0.0000000E+0	1.0000000E+2	0.0000000E+0
2.3818200E+2	6.6923384E+1	6.0843068E+1	0.0000000E+0	0.0000000E+0	1.0000000E+2	0.0000000E+0
2.3823200E+2	6.6925910E+1	6.0828749E+1	0.0000000E+0	0.0000000E+0	1.0000000E+2	0.0000000E+0
2.3828200E+2	6.6923344E+1	6.0823783E+1	0.0000000E+0	0.0000000E+0	1.0000000E+2	0.0000000E+0
2.3833200E+2	6.6949347E+1	6.0826026E+1	0.0000000E+0	0.0000000E+0	1.0000000E+2	0.0000000E+0
2.3838200E+2	6.6933277E+1	6.0822725E+1	0.0000000E+0	0.0000000E+0	1.0000000E+2	0.0000000E+0
2.3843200E+2	6.6899949E+1	6.0800643E+1	0.0000000E+0	0.0000000E+0	1.0000000E+2	0.0000000E+0
2.3848200E+2	6.6887193E+1	6.0799980E+1	0.0000000E+0	0.0000000E+0	1.0000000E+2	0.0000000E+0
2.3853200E+2	6.6889606E+1	6.0822360E+1	0.0000000E+0	0.0000000E+0	1.0000000E+2	0.0000000E+0
2.3858200E+2	6.6907378E+1	6.0817049E+1	0.0000000E+0	0.0000000E+0	1.0000000E+2	0.0000000E+0
2.3863200E+2	6.6906250E+1	6.0821796E+1	0.0000000E+0	0.0000000E+0	1.0000000E+2	0.0000000E+0
2.3868200E+2	6.6921215E+1	6.0823028E+1	0.0000000E+0	0.0000000E+0	1.0000000E+2	0.0000000E+0
2.3873300E+2	6.6909107E+1	6.0831383E+1	0.0000000E+0	0.0000000E+0	1.0000000E+2	0.0000000E+0
2.3878400E+2	6.6909820E+1	6.0829227E+1	0.0000000E+0	0.0000000E+0	1.0000000E+2	0.0000000E+0
2.3883400E+2	6.6912483E+1	6.0836917E+1	0.0000000E+0	0.0000000E+0	1.0000000E+2	0.0000000E+0
2.3888500E+2	6.6895729E+1	6.0845902E+1	0.0000000E+0	0.0000000E+0	1.0000000E+2	0.0000000E+0
2.3893500E+2	6.6897774E+1	6.0833115E+1	0.0000000E+0	0.0000000E+0	1.0000000E+2	0.0000000E+0
2.3898500E+2	6.6902562E+1	6.0836664E+1	0.0000000E+0	0.0000000E+0	1.0000000E+2	0.0000000E+0
2.3903500E+2	6.6922646E+1	6.0819543E+1	0.0000000E+0	0.0000000E+0	1.0000000E+2	0.0000000E+0
2.3908500E+2	6.6950089E+1	6.0830278E+1	0.0000000E+0	0.0000000E+0	1.0000000E+2	0.0000000E+0
2.3913600E+2	6.6984238E+1	6.0829408E+1	0.0000000E+0	0.0000000E+0	1.0000000E+2	0.0000000E+0
2.3918600E+2	6.6992468E+1	6.0819918E+1	0.0000000E+0	0.0000000E+0	1.0000000E+2	0.0000000E+0
2.3923600E+2	6.7014747E+1	6.0814366E+1	0.0000000E+0	0.0000000E+0	1.0000000E+2	0.0000000E+0
2.3928600E+2	6.7033131E+1	6.0822496E+1	0.0000000E+0	0.0000000E+0	1.0000000E+2	0.0000000E+0
2.3933700E+2	6.7054701E+1	6.0828997E+1	0.0000000E+0	0.0000000E+0	1.0000000E+2	0.0000000E+0
2.3938700E+2	6.7049889E+1	6.0829568E+1	0.0000000E+0	0.0000000E+0	1.0000000E+2	0.0000000E+0
2.3943700E+2	6.7057674E+1	6.0815664E+1	0.0000000E+0	0.0000000E+0	1.0000000E+2	0.0000000E+0
2.3948700E+2	6.7078602E+1	6.0830492E+1	0.0000000E+0	0.0000000E+0	1.0000000E+2	0.0000000E+0
2.3953700E+2	6.7110908E+1	6.0840712E+1	0.0000000E+0	0.0000000E+0	1.0000000E+2	0.0000000E+0
2.3958700E+2	6.7133058E+1	6.0833462E+1	0.0000000E+0	0.0000000E+0	1.0000000E+2	0.0000000E+0
2.3963700E+2	6.7149900E+1	6.0843468E+1	0.0000000E+0	0.0000000E+0	1.0000000E+2	0.0000000E+0
2.3968700E+2	6.7151548E+1	6.0813674E+1	0.0000000E+0	0.0000000E+0	1.0000000E+2	0.0000000E+0
2.3973700E+2	6.7106436E+1	6.0806333E+1	0.0000000E+0	0.0000000E+0	1.0000000E+2	0.0000000E+0
2.3978700E+2	6.7102133E+1	6.0808282E+1	0.0000000E+0	0.0000000E+0	1.0000000E+2	0.0000000E+0
2.3983700E+2	6.7115800E+1	6.0803524E+1	0.0000000E+0	0.0000000E+0	1.0000000E+2	0.0000000E+0
2.3988700E+2	6.7130285E+1	6.0800857E+1	0.0000000E+0	0.0000000E+0	1.0000000E+2	0.0000000E+0
2.3993700E+2	6.7116869E+1	6.0800257E+1	0.0000000E+0	0.0000000E+0	1.0000000E+2	0.0000000E+0
2.3998700E+2	6.7123756E+1	6.0799366E+1	0.0000000E+0	0.0000000E+0	1.0000000E+2	0.0000000E+0
2.4003700E+2	6.7154964E+1	6.0805959E+1	0.0000000E+0	0.0000000E+0	1.0000000E+2	0.0000000E+0
2.4008700E+2	6.7181838E+1	6.0806821E+1	0.0000000E+0	0.0000000E+0	1.0000000E+2	0.0000000E+0
2.4013700E+2	6.7200203E+1	6.0815857E+1	0.0000000E+0	0.0000000E+0	1.0000000E+2	0.0000000E+0
2.4018700E+2	6.7181390E+1	6.0823586E+1	0.0000000E+0	0.0000000E+0	1.0000000E+2	0.0000000E+0
2.4023700E+2	6.7177886E+1	6.0817008E+1	0.0000000E+0	0.0000000E+0	1.0000000E+2	0.0000000E+0
2.4028700E+2	6.7199871E+1	6.0817793E+1	0.0000000E+0	0.0000000E+0	1.0000000E+2	0.0000000E+0
2.4033700E+2	6.7206467E+1	6.0824006E+1	0.0000000E+0	0.0000000E+0	1.0000000E+2	0.0000000E+0
2.4038700E+2	6.7208626E+1	6.0811713E+1	0.0000000E+0	0.0000000E+0	1.0000000E+2	0.0000000E+0
2.4043700E+2	6.7222688E+1	6.0815408E+1	0.0000000E+0	0.0000000E+0	1.0000000E+2	0.0000000E+0
2.4048700E+2	6.7213961E+1	6.0822829E+1	0.0000000E+0	0.0000000E+0	1.0000000E+2	0.0000000E+0
2.4053700E+2	6.7236791E+1	6.0831894E+1	0.0000000E+0	0.0000000E+0	1.0000000E+2	0.0000000E+0
2.4058700E+2	6.7205017E+1	6.0806225E+1	0.0000000E+0	0.0000000E+0	1.0000000E+2	0.0000000E+0
2.4063700E+2	6.7194715E+1	6.0810659E+1	0.0000000E+0	0.0000000E+0	1.0000000E+2	0.0000000E+0
2.4068700E+2	6.7169768E+1	6.0809845E+1	0.0000000E+0	0.0000000E+0	1.0000000E+2	0.0000000E+0
2.4073700E+2	6.7166159E+1	6.0810618E+1	0.0000000E+0	0.0000000E+0	1.0000000E+2	0.0000000E+0
2.4078700E+2	6.7166890E+1	6.0821178E+1	0.0000000E+0	0.0000000E+0	1.0000000E+2	0.0000000E+0
2.4083700E+2	6.7193532E+1	6.0831657E+1	0.0000000E+0	0.0000000E+0	1.0000000E+2	0.0000000E+0
2.4088700E+2	6.7178485E+1	6.0821522E+1	0.0000000E+0	0.0000000E+0	1.0000000E+2	0.0000000E+0
2.4093700E+2	6.7227523E+1	6.0829060E+1	0.0000000E+0	0.0000000E+0	1.0000000E+2	0.0000000E+0
2.4098700E+2	6.7297107E+1	6.0843267E+1	0.0000000E+0	0.0000000E+0	1.0000000E+2	0.0000000E+0
2.4103700E+2	6.7299176E+1	6.0839323E+1	0.0000000E+0	0.0000000E+0	1.0000000E+2	0.0000000E+0
2.4108700E+2	6.7249917E+1	6.0825381E+1	0.0000000E+0	0.0000000E+0	1.0000000E+2	0.0000000E+0
2.4113700E+2	6.7228193E+1	6.0839172E+1	0.0000000E+0	0.0000000E+0	1.0000000E+2	0.0000000E+0
2.4118700E+2	6.7217946E+1	6.0822536E+1	0.0000000E+0	0.0000000E+0	1.0000000E+2	0.0000000E+0
2.4123700E+2	6.7226862E+1	6.0828176E+1	0.0000000E+0	0.0000000E+0	1.0000000E+2	0.0000000E+0
2.4128700E+2	6.7197494E+1	6.0808998E+1	0.0000000E+0	0.0000000E+0	1.0000000E+2	0.0000000E+0
2.4133700E+2	6.7198242E+1	6.0802389E+1	0.0000000E+0	0.0000000E+0	1.0000000E+2	0.0000000E+0
2.4138700E+2	6.7220818E+1	6.0808553E+1	0.0000000E+0	0.0000000E+0	1.0000000E+2	0.0000000E+0
2.4143800E+2	6.7207986E+1	6.0814966E+1	0.0000000E+0	0.0000000E+0	1.0000000E+2	0.0000000E+0
2.4148800E+2	6.7212395E+1	6.0827791E+1	0.0000000E+0	0.0000000E+0	1.0000000E+2	0.0000000E+0
2.4153800E+2	6.7223412E+1	6.0821363E+1	0.0000000E+0	0.0000000E+0	1.0000000E+2	0.0000000E+0
2.4158800E+2	6.7234644E+1	6.0824390E+1	0.0000000E+0	0.0000000E+0	1.0000000E+2	0.0000000E+0
2.4163800E+2	6.7230976E+1	6.0816367E+1	0.0000000E+0	0.0000000E+0	1.0000000E+2	0.0000000E+0
2.4168800E+2	6.7228913E+1	6.0818634E+1	0.0000000E+0	0.0000000E+0	1.0000000E+2	0.0000000E+0
2.4173800E+2	6.7231857E+1	6.0808012E+1	0.0000000E+0	0.0000000E+0	1.0000000E+2	0.0000000E+0
2.4178800E+2	6.7228632E+1	6.0808549E+1	0.0000000E+0	0.0000000E+0	1.0000000E+2	0.0000000E+0
2.4183800E+2	6.7217147E+1	6.0808132E+1	0.0000000E+0	0.0000000E+0	1.0000000E+2	0.0000000E+0
2.4188800E+2	6.7205869E+1	6.0813959E+1	0.0000000E+0	0.0000000E+0	1.0000000E+2	0.0000000E+0
2.4193800E+2	6.7194921E+1	6.0804723E+1	0.0000000E+0	0.0000000E+0	1.0000000E+2	0.0000000E+0
2.4198800E+2	6.7192148E+1	6.0800753E+1	0.0000000E+0	0.0000000E+0	1.0000000E+2	0.0000000E+0
2.4203800E+2	6.7191299E+1	6.0787832E+1	0.0000000E+0	0.0000000E+0	1.0000000E+2	0.0000000E+0
2.4208800E+2	6.7210397E+1	6.0802056E+1	0.0000000E+0	0.0000000E+0	1.0000000E+2	0.0000000E+0
2.4213800E+2	6.7188999E+1	6.0798489E+1	0.0000000E+0	0.0000000E+0	1.0000000E+2	0.0000000E+0
2.4219000E+2	6.7178701E+1	6.0795099E+1	0.0000000E+0	0.0000000E+0	1.0000000E+2	0.0000000E+0
2.4224000E+2	6.7182422E+1	6.0789153E+1	0.0000000E+0	0.0000000E+0	1.0000000E+2	0.0000000E+0
2.4229000E+2	6.7220071E+1	6.0805445E+1	0.0000000E+0	0.0000000E+0	1.0000000E+2	0.0000000E+0
2.4234000E+2	6.7198655E+1	6.0805408E+1	0.0000000E+0	0.0000000E+0	1.0000000E+2	0.0000000E+0
2.4239100E+2	6.7195976E+1	6.0812403E+1	0.0000000E+0	0.0000000E+0	1.0000000E+2	0.0000000E+0
2.4244100E+2	6.7181235E+1	6.0825316E+1	0.0000000E+0	0.0000000E+0	1.0000000E+2	0.0000000E+0
2.4249100E+2	6.7175257E+1	6.0824306E+1	0.0000000E+0	0.0000000E+0	1.0000000E+2	0.0000000E+0
2.4254100E+2	6.7165702E+1	6.0823443E+1	0.0000000E+0	0.0000000E+0	1.0000000E+2	0.0000000E+0
2.4259100E+2	6.7160537E+1	6.0813793E+1	0.0000000E+0	0.0000000E+0	1.0000000E+2	0.0000000E+0
2.4264200E+2	6.7152635E+1	6.0812587E+1	0.0000000E+0	0.0000000E+0	1.0000000E+2	0.0000000E+0
2.4269200E+2	6.7135993E+1	6.0808020E+1	0.0000000E+0	0.0000000E+0	1.0000000E+2	0.0000000E+0
2.4274200E+2	6.7142857E+1	6.0808246E+1	0.0000000E+0	0.0000000E+0	1.0000000E+2	0.0000000E+0
2.4279200E+2	6.7145104E+1	6.0799299E+1	0.0000000E+0	0.0000000E+0	1.0000000E+2	0.0000000E+0
2.4284200E+2	6.7101644E+1	6.0823321E+1	0.0000000E+0	0.0000000E+0	1.0000000E+2	0.0000000E+0
2.4289200E+2	6.7062797E+1	6.0805156E+1	0.0000000E+0	0.0000000E+0	1.0000000E+2	0.0000000E+0
2.4294200E+2	6.7081821E+1	6.0823234E+1	0.0000000E+0	0.0000000E+0	1.0000000E+2	0.0000000E+0
2.4299200E+2	6.7090576E+1	6.0818930E+1	0.0000000E+0	0.0000000E+0	1.0000000E+2	0.0000000E+0
2.4304200E+2	6.7086161E+1	6.0826822E+1	0.0000000E+0	0.0000000E+0	1.0000000E+2	0.0000000E+0
2.4309200E+2	6.7073937E+1	6.0840397E+1	0.0000000E+0	0.0000000E+0	1.0000000E+2	0.0000000E+0
2.4314200E+2	6.7078600E+1	6.0817971E+1	0.0000000E+0	0.0000000E+0	1.0000000E+2	0.0000000E+0
2.4319200E+2	6.7096208E+1	6.0834991E+1	0.0000000E+0	0.0000000E+0	1.0000000E+2	0.0000000E+0
2.4324200E+2	6.7108059E+1	6.0833837E+1	0.0000000E+0	0.0000000E+0	1.0000000E+2	0.0000000E+0
2.4329200E+2	6.7101387E+1	6.0851794E+1	0.0000000E+0	0.0000000E+0	1.0000000E+2	0.0000000E+0
2.4334300E+2	6.7095494E+1	6.0828941E+1	0.0000000E+0	0.0000000E+0	1.0000000E+2	0.0000000E+0
2.4339400E+2	6.7117812E+1	6.0846198E+1	0.0000000E+0	0.0000000E+0	1.0000000E+2	0.0000000E+0
2.4344400E+2	6.7126842E+1	6.0833500E+1	0.0000000E+0	0.0000000E+0	1.0000000E+2	0.0000000E+0
2.4349400E+2	6.7105184E+1	6.0828178E+1	0.0000000E+0	0.0000000E+0	1.0000000E+2	0.0000000E+0
2.4354400E+2	6.7088787E+1	6.0834283E+1	0.0000000E+0	0.0000000E+0	1.0000000E+2	0.0000000E+0
2.4359400E+2	6.7083667E+1	6.0845840E+1	0.0000000E+0	0.0000000E+0	1.0000000E+2	0.0000000E+0
2.4364400E+2	6.7077542E+1	6.0852313E+1	0.0000000E+0	0.0000000E+0	1.0000000E+2	0.0000000E+0
2.4369400E+2	6.7073639E+1	6.0846669E+1	0.0000000E+0	0.0000000E+0	1.0000000E+2	0.0000000E+0
2.4374400E+2	6.7101540E+1	6.0840651E+1	0.0000000E+0	0.0000000E+0	1.0000000E+2	0.0000000E+0
2.4379400E+2	6.7113691E+1	6.0849851E+1	0.0000000E+0	0.0000000E+0	1.0000000E+2	0.0000000E+0
2.4384400E+2	6.7091205E+1	6.0839625E+1	0.0000000E+0	0.0000000E+0	1.0000000E+2	0.0000000E+0
2.4389400E+2	6.7093675E+1	6.0833245E+1	0.0000000E+0	0.0000000E+0	1.0000000E+2	0.0000000E+0
2.4394400E+2	6.7104382E+1	6.0838606E+1	0.0000000E+0	0.0000000E+0	1.0000000E+2	0.0000000E+0
2.4399400E+2	6.7124781E+1	6.0833679E+1	0.0000000E+0	0.0000000E+0	1.0000000E+2	0.0000000E+0
2.4404400E+2	6.7165334E+1	6.0848036E+1	0.0000000E+0	0.0000000E+0	1.0000000E+2	0.0000000E+0
2.4409400E+2	6.7164623E+1	6.0835788E+1	0.0000000E+0	0.0000000E+0	1.0000000E+2	0.0000000E+0
2.4414400E+2	6.7168148E+1	6.0821500E+1	0.0000000E+0	0.0000000E+0	1.0000000E+2	0.0000000E+0
2.4419400E+2	6.7189350E+1	6.0836194E+1	0.0000000E+0	0.0000000E+0	1.0000000E+2	0.0000000E+0
2.4424400E+2	6.7205054E+1	6.0825063E+1	0.0000000E+0	0.0000000E+0	1.0000000E+2	0.0000000E+0
2.4429500E+2	6.7230836E+1	6.0839936E+1	0.0000000E+0	0.0000000E+0	1.0000000E+2	0.0000000E+0
2.4434500E+2	6.7250829E+1	6.0845889E+1	0.0000000E+0	0.0000000E+0	1.0000000E+2	0.0000000E+0
2.4439500E+2	6.7266232E+1	6.0845012E+1	0.0000000E+0	0.0000000E+0	1.0000000E+2	0.0000000E+0
2.4444500E+2	6.7288768E+1	6.0847224E+1	0.0000000E+0	0.0000000E+0	1.0000000E+2	0.0000000E+0
2.4449500E+2	6.7290074E+1	6.0840745E+1	0.0000000E+0	0.0000000E+0	1.0000000E+2	0.0000000E+0
2.4454500E+2	6.7272029E+1	6.0857448E+1	0.0000000E+0	0.0000000E+0	1.0000000E+2	0.0000000E+0
2.4459600E+2	6.7286970E+1	6.0854049E+1	0.0000000E+0	0.0000000E+0	1.0000000E+2	0.0000000E+0
2.4464600E+2	6.7258095E+1	6.0839838E+1	0.0000000E+0	0.0000000E+0	1.0000000E+2	0.0000000E+0
2.4469600E+2	6.7286729E+1	6.0854948E+1	0.0000000E+0	0.0000000E+0	1.0000000E+2	0.0000000E+0
2.4474600E+2	6.7270839E+1	6.0866023E+1	0.0000000E+0	0.0000000E+0	1.0000000E+2	0.0000000E+0
2.4479600E+2	6.7241350E+1	6.0846447E+1	0.0000000E+0	0.0000000E+0	1.0000000E+2	0.0000000E+0
2.4484700E+2	6.7244030E+1	6.0852068E+1	0.0000000E+0	0.0000000E+0	1.0000000E+2	0.0000000E+0
2.4489700E+2	6.7212269E+1	6.0849703E+1	0.0000000E+0	0.0000000E+0	1.0000000E+2	0.0000000E+0
2.4494700E+2	6.7179841E+1	6.0842971E+1	0.0000000E+0	0.0000000E+0	1.0000000E+2	0.0000000E+0
2.4499700E+2	6.7164321E+1	6.0843615E+1	0.0000000E+0	0.0000000E+0	1.0000000E+2	0.0000000E+0
2.4504800E+2	6.7176216E+1	6.0831428E+1	0.0000000E+0	0.0000000E+0	1.0000000E+2	0.0000000E+0
2.4509800E+2	6.7201985E+1	6.0845675E+1	0.0000000E+0	0.0000000E+0	1.0000000E+2	0.0000000E+0
2.4514800E+2	6.7198867E+1	6.0842721E+1	0.0000000E+0	0.0000000E+0	1.0000000E+2	0.0000000E+0
2.4519800E+2	6.7187850E+1	6.0842073E+1	0.0000000E+0	0.0000000E+0	1.0000000E+2	0.0000000E+0
2.4524800E+2	6.7180833E+1	6.0847209E+1	0.0000000E+0	0.0000000E+0	1.0000000E+2	0.0000000E+0
2.4529800E+2	6.7162697E+1	6.0838486E+1	0.0000000E+0	0.0000000E+0	1.0000000E+2	0.0000000E+0
2.4534800E+2	6.7143132E+1	6.0849511E+1	0.0000000E+0	0.0000000E+0	1.0000000E+2	0.0000000E+0
2.4539900E+2	6.7147885E+1	6.0857203E+1	0.0000000E+0	0.0000000E+0	1.0000000E+2	0.0000000E+0
2.4544900E+2	6.7136750E+1	6.0850109E+1	0.0000000E+0	0.0000000E+0	1.0000000E+2	0.0000000E+0
2.4549900E+2	6.7118238E+1	6.0822286E+1	0.0000000E+0	0.0000000E+0	1.0000000E+2	0.0000000E+0
2.4555000E+2	6.7095089E+1	6.0833279E+1	0.0000000E+0	0.0000000E+0	1.0000000E+2	0.0000000E+0
2.4560100E+2	6.7110766E+1	6.0849575E+1	0.0000000E+0	0.0000000E+0	1.0000000E+2	0.0000000E+0
2.4565100E+2	6.7095018E+1	6.0844941E+1	0.0000000E+0	0.0000000E+0	1.0000000E+2	0.0000000E+0
2.4570100E+2	6.7101042E+1	6.0838818E+1	0.0000000E+0	0.0000000E+0	1.0000000E+2	0.0000000E+0
2.4575200E+2	6.7106014E+1	6.0848159E+1	0.0000000E+0	0.0000000E+0	1.0000000E+2	0.0000000E+0
2.4580200E+2	6.7089712E+1	6.0871738E+1	0.0000000E+0	0.0000000E+0	1.0000000E+2	0.0000000E+0
2.4585200E+2	6.7069890E+1	6.0872639E+1	0.0000000E+0	0.0000000E+0	1.0000000E+2	0.0000000E+0
2.4590300E+2	6.7031576E+1	6.0866319E+1	0.0000000E+0	0.0000000E+0	1.0000000E+2	0.0000000E+0
2.4595300E+2	6.7037721E+1	6.0875110E+1	0.0000000E+0	0.0000000E+0	1.0000000E+2	0.0000000E+0
2.4600400E+2	6.7027935E+1	6.0878150E+1	0.0000000E+0	0.0000000E+0	1.0000000E+2	0.0000000E+0
2.4605400E+2	6.7022124E+1	6.0876221E+1	0.0000000E+0	0.0000000E+0	1.0000000E+2	0.0000000E+0
2.4610400E+2	6.7014024E+1	6.0861007E+1	0.0000000E+0	0.0000000E+0	1.0000000E+2	0.0000000E+0
2.4615500E+2	6.7039614E+1	6.0874687E+1	0.0000000E+0	0.0000000E+0	1.0000000E+2	0.0000000E+0
2.4620600E+2	6.7051268E+1	6.0871926E+1	0.0000000E+0	0.0000000E+0	1.0000000E+2	0.0000000E+0
2.4625800E+2	6.7045832E+1	6.0864232E+1	0.0000000E+0	0.0000000E+0	1.0000000E+2	0.0000000E+0
2.4630800E+2	6.7036640E+1	6.0854629E+1	0.0000000E+0	0.0000000E+0	1.0000000E+2	0.0000000E+0
2.4635800E+2	6.7045832E+1	6.0862584E+1	0.0000000E+0	0.0000000E+0	1.0000000E+2	0.0000000E+0
2.4640800E+2	6.7028274E+1	6.0845540E+1	0.0000000E+0	0.0000000E+0	1.0000000E+2	0.0000000E+0
2.4645800E+2	6.7037584E+1	6.0858016E+1	0.0000000E+0	0.0000000E+0	1.0000000E+2	0.0000000E+0
2.4650800E+2	6.7041196E+1	6.0867982E+1	0.0000000E+0	0.0000000E+0	1.0000000E+2	0.0000000E+0
2.4655800E+2	6.7047266E+1	6.0866633E+1	0.0000000E+0	0.0000000E+0	1.0000000E+2	0.0000000E+0
2.4660800E+2	6.6985297E+1	6.0857511E+1	0.0000000E+0	0.0000000E+0	1.0000000E+2	0.0000000E+0
2.4665800E+2	6.6982533E+1	6.0850876E+1	0.0000000E+0	0.0000000E+0	1.0000000E+2	0.0000000E+0
2.4670800E+2	6.6979783E+1	6.0857011E+1	0.0000000E+0	0.0000000E+0	1.0000000E+2	0.0000000E+0
2.4675800E+2	6.6953495E+1	6.0847466E+1	0.0000000E+0	0.0000000E+0	1.0000000E+2	0.0000000E+0
2.4680800E+2	6.6948344E+1	6.0841485E+1	0.0000000E+0	0.0000000E+0	1.0000000E+2	0.0000000E+0
2.4685800E+2	6.6939199E+1	6.0830124E+1	0.0000000E+0	0.0000000E+0	1.0000000E+2	0.0000000E+0
2.4690800E+2	6.6948415E+1	6.0854310E+1	0.0000000E+0	0.0000000E+0	1.0000000E+2	0.0000000E+0
2.4695800E+2	6.6942585E+1	6.0853148E+1	0.0000000E+0	0.0000000E+0	1.0000000E+2	0.0000000E+0
2.4700800E+2	6.6901162E+1	6.0825104E+1	0.0000000E+0	0.0000000E+0	1.0000000E+2	0.0000000E+0
2.4705800E+2	6.6920450E+1	6.0828648E+1	0.0000000E+0	0.0000000E+0	1.0000000E+2	0.0000000E+0
2.4710800E+2	6.6911238E+1	6.0828701E+1	0.0000000E+0	0.0000000E+0	1.0000000E+2	0.0000000E+0
2.4715800E+2	6.6905901E+1	6.0833601E+1	0.0000000E+0	0.0000000E+0	1.0000000E+2	0.0000000E+0
2.4720800E+2	6.6911012E+1	6.0826817E+1	0.0000000E+0	0.0000000E+0	1.0000000E+2	0.0000000E+0
2.4725900E+2	6.6884276E+1	6.0830236E+1	0.0000000E+0	0.0000000E+0	1.0000000E+2	0.0000000E+0
2.4730900E+2	6.6884797E+1	6.0840367E+1	0.0000000E+0	0.0000000E+0	1.0000000E+2	0.0000000E+0
2.4735900E+2	6.6868694E+1	6.0831373E+1	0.0000000E+0	0.0000000E+0	1.0000000E+2	0.0000000E+0
2.4740900E+2	6.6867370E+1	6.0815869E+1	0.0000000E+0	0.0000000E+0	1.0000000E+2	0.0000000E+0
2.4745900E+2	6.6887037E+1	6.0839052E+1	0.0000000E+0	0.0000000E+0	1.0000000E+2	0.0000000E+0
2.4750900E+2	6.6905099E+1	6.0833803E+1	0.0000000E+0	0.0000000E+0	1.0000000E+2	0.0000000E+0
2.4755900E+2	6.6933533E+1	6.0853423E+1	0.0000000E+0	0.0000000E+0	1.0000000E+2	0.0000000E+0
2.4760900E+2	6.6929104E+1	6.0846447E+1	0.0000000E+0	0.0000000E+0	1.0000000E+2	0.0000000E+0
2.4765900E+2	6.6939460E+1	6.0842732E+1	0.0000000E+0	0.0000000E+0	1.0000000E+2	0.0000000E+0
2.4770900E+2	6.6938954E+1	6.0844881E+1	0.0000000E+0	0.0000000E+0	1.0000000E+2	0.0000000E+0
2.4775900E+2	6.6913133E+1	6.0842018E+1	0.0000000E+0	0.0000000E+0	1.0000000E+2	0.0000000E+0
2.4780900E+2	6.6916042E+1	6.0848920E+1	0.0000000E+0	0.0000000E+0	1.0000000E+2	0.0000000E+0
2.4785900E+2	6.6902387E+1	6.0837647E+1	0.0000000E+0	0.0000000E+0	1.0000000E+2	0.0000000E+0
2.4790900E+2	6.6918251E+1	6.0859543E+1	0.0000000E+0	0.0000000E+0	1.0000000E+2	0.0000000E+0
2.4796000E+2	6.6924254E+1	6.0855431E+1	0.0000000E+0	0.0000000E+0	1.0000000E+2	0.0000000E+0
2.4801100E+2	6.6923000E+1	6.0862299E+1	0.0000000E+0	0.0000000E+0	1.0000000E+2	0.0000000E+0
2.4806100E+2	6.6905586E+1	6.0853355E+1	0.0000000E+0	0.0000000E+0	1.0000000E+2	0.0000000E+0
2.4811200E+2	6.6914420E+1	6.0848256E+1	0.0000000E+0	0.0000000E+0	1.0000000E+2	0.0000000E+0
2.4816200E+2	6.6896696E+1	6.0834348E+1	0.0000000E+0	0.0000000E+0	1.0000000E+2	0.0000000E+0
2.4821200E+2	6.6914491E+1	6.0841285E+1	0.0000000E+0	0.0000000E+0	1.0000000E+2	0.0000000E+0
2.4826300E+2	6.6949321E+1	6.0847107E+1	0.0000000E+0	0.0000000E+0	1.0000000E+2	0.0000000E+0
2.4831300E+2	6.6957264E+1	6.0842311E+1	0.0000000E+0	0.0000000E+0	1.0000000E+2	0.0000000E+0
2.4836300E+2	6.6952694E+1	6.0830129E+1	0.0000000E+0	0.0000000E+0	1.0000000E+2	0.0000000E+0
2.4841300E+2	6.6964149E+1	6.0844286E+1	0.0000000E+0	0.0000000E+0	1.0000000E+2	0.0000000E+0
2.4846300E+2	6.6938253E+1	6.0836673E+1	0.0000000E+0	0.0000000E+0	1.0000000E+2	0.0000000E+0
2.4851300E+2	6.6936576E+1	6.0831065E+1	0.0000000E+0	0.0000000E+0	1.0000000E+2	0.0000000E+0
2.4856300E+2	6.6899396E+1	6.0813718E+1	0.0000000E+0	0.0000000E+0	1.0000000E+2	0.0000000E+0
2.4861300E+2	6.6911308E+1	6.0838398E+1	0.0000000E+0	0.0000000E+0	1.0000000E+2	0.0000000E+0
2.4866300E+2	6.6920834E+1	6.0834616E+1	0.0000000E+0	0.0000000E+0	1.0000000E+2	0.0000000E+0
2.4871300E+2	6.6942124E+1	6.0845004E+1	0.0000000E+0	0.0000000E+0	1.0000000E+2	0.0000000E+0
2.4876300E+2	6.6941978E+1	6.0846835E+1	0.0000000E+0	0.0000000E+0	1.0000000E+2	0.0000000E+0
2.4881300E+2	6.6916894E+1	6.0830768E+1	0.0000000E+0	0.0000000E+0	1.0000000E+2	0.0000000E+0
2.4886300E+2	6.6920231E+1	6.0826449E+1	0.0000000E+0	0.0000000E+0	1.0000000E+2	0.0000000E+0
2.4891300E+2	6.6925902E+1	6.0828179E+1	0.0000000E+0	0.0000000E+0	1.0000000E+2	0.0000000E+0
2.4896300E+2	6.6919670E+1	6.0839798E+1	0.0000000E+0	0.0000000E+0	1.0000000E+2	0.0000000E+0
2.4901300E+2	6.6911261E+1	6.0854343E+1	0.0000000E+0	0.0000000E+0	1.0000000E+2	0.0000000E+0
2.4906300E+2	6.6911966E+1	6.0854768E+1	0.0000000E+0	0.0000000E+0	1.0000000E+2	0.0000000E+0
2.4911400E+2	6.6909386E+1	6.0846814E+1	0.0000000E+0	0.0000000E+0	1.0000000E+2	0.0000000E+0
2.4916400E+2	6.6929721E+1	6.0852755E+1	0.0000000E+0	0.0000000E+0	1.0000000E+2	0.0000000E+0
2.4921500E+2	6.6940933E+1	6.0849766E+1	0.0000000E+0	0.0000000E+0	1.0000000E+2	0.0000000E+0
2.4926500E+2	6.6945852E+1	6.0850975E+1	0.0000000E+0	0.0000000E+0	1.0000000E+2	0.0000000E+0
2.4931500E+2	6.6968653E+1	6.0848552E+1	0.0000000E+0	0.0000000E+0	1.0000000E+2	0.0000000E+0
2.4936500E+2	6.6978614E+1	6.0839824E+1	0.0000000E+0	0.0000000E+0	1.0000000E+2	0.0000000E+0
2.4941500E+2	6.7012949E+1	6.0852704E+1	0.0000000E+0	0.0000000E+0	1.0000000E+2	0.0000000E+0
2.4946500E+2	6.7031615E+1	6.0845298E+1	0.0000000E+0	0.0000000E+0	1.0000000E+2	0.0000000E+0
2.4951500E+2	6.7041169E+1	6.0857821E+1	0.0000000E+0	0.0000000E+0	1.0000000E+2	0.0000000E+0
2.4956500E+2	6.7037742E+1	6.0844600E+1	0.0000000E+0	0.0000000E+0	1.0000000E+2	0.0000000E+0
2.4961500E+2	6.7058180E+1	6.0841959E+1	0.0000000E+0	0.0000000E+0	1.0000000E+2	0.0000000E+0
2.4966500E+2	6.7058031E+1	6.0836578E+1	0.0000000E+0	0.0000000E+0	1.0000000E+2	0.0000000E+0
2.4971500E+2	6.7053214E+1	6.0845106E+1	0.0000000E+0	0.0000000E+0	1.0000000E+2	0.0000000E+0
2.4976500E+2	6.7048140E+1	6.0829162E+1	0.0000000E+0	0.0000000E+0	1.0000000E+2	0.0000000E+0
2.4981500E+2	6.7070572E+1	6.0840890E+1	0.0000000E+0	0.0000000E+0	1.0000000E+2	0.0000000E+0
2.4986500E+2	6.7102427E+1	6.0846823E+1	0.0000000E+0	0.0000000E+0	1.0000000E+2	0.0000000E+0
2.4991500E+2	6.7126676E+1	6.0857941E+1	0.0000000E+0	0.0000000E+0	1.0000000E+2	0.0000000E+0
2.4996500E+2	6.7106008E+1	6.0858177E+1	0.0000000E+0	0.0000000E+0	1.0000000E+2	0.0000000E+0
2.5001500E+2	6.7070588E+1	6.0848036E+1	0.0000000E+0	0.0000000E+0	1.0000000E+2	0.0000000E+0
2.5006500E+2	6.7069056E+1	6.0857083E+1	0.0000000E+0	0.0000000E+0	1.0000000E+2	0.0000000E+0
2.5011500E+2	6.7072716E+1	6.0860249E+1	0.0000000E+0	0.0000000E+0	1.0000000E+2	0.0000000E+0
2.5016500E+2	6.7086963E+1	6.0846908E+1	0.0000000E+0	0.0000000E+0	1.0000000E+2	0.0000000E+0
2.5021500E+2	6.7086899E+1	6.0843391E+1	0.0000000E+0	0.0000000E+0	1.0000000E+2	0.0000000E+0
2.5026500E+2	6.7098552E+1	6.0863335E+1	0.0000000E+0	0.0000000E+0	1.0000000E+2	0.0000000E+0
2.5031500E+2	6.7096923E+1	6.0847894E+1	0.0000000E+0	0.0000000E+0	1.0000000E+2	0.0000000E+0
2.5036500E+2	6.7083068E+1	6.0830469E+1	0.0000000E+0	0.0000000E+0	1.0000000E+2	0.0000000E+0
2.5041500E+2	6.7098890E+1	6.0849126E+1	0.0000000E+0	0.0000000E+0	1.0000000E+2	0.0000000E+0
2.5046500E+2	6.7085652E+1	6.0841322E+1	0.0000000E+0	0.0000000E+0	1.0000000E+2	0.0000000E+0
2.5051500E+2	6.7079578E+1	6.0836019E+1	0.0000000E+0	0.0000000E+0	1.0000000E+2	0.0000000E+0
2.5056600E+2	6.7087468E+1	6.0850025E+1	0.0000000E+0	0.0000000E+0	1.0000000E+2	0.0000000E+0
2.5061600E+2	6.7071922E+1	6.0851874E+1	0.0000000E+0	0.0000000E+0	1.0000000E+2	0.0000000E+0
2.5066700E+2	6.7053029E+1	6.0845840E+1	0.0000000E+0	0.0000000E+0	1.0000000E+2	0.0000000E+0
2.5071700E+2	6.7008355E+1	6.0845742E+1	0.0000000E+0	0.0000000E+0	1.0000000E+2	0.0000000E+0
2.5076700E+2	6.7008153E+1	6.0845714E+1	0.0000000E+0	0.0000000E+0	1.0000000E+2	0.0000000E+0
2.5081700E+2	6.7005579E+1	6.0846417E+1	0.0000000E+0	0.0000000E+0	1.0000000E+2	0.0000000E+0
2.5086700E+2	6.7010534E+1	6.0852241E+1	0.0000000E+0	0.0000000E+0	1.0000000E+2	0.0000000E+0
2.5091700E+2	6.7005809E+1	6.0838366E+1	0.0000000E+0	0.0000000E+0	1.0000000E+2	0.0000000E+0
2.5096700E+2	6.7019583E+1	6.0823369E+1	0.0000000E+0	0.0000000E+0	1.0000000E+2	0.0000000E+0
2.5101700E+2	6.7044723E+1	6.0840513E+1	0.0000000E+0	0.0000000E+0	1.0000000E+2	0.0000000E+0
2.5106700E+2	6.7073423E+1	6.0843613E+1	0.0000000E+0	0.0000000E+0	1.0000000E+2	0.0000000E+0
2.5111700E+2	6.7092227E+1	6.0852290E+1	0.0000000E+0	0.0000000E+0	1.0000000E+2	0.0000000E+0
2.5116700E+2	6.7105625E+1	6.0852512E+1	0.0000000E+0	0.0000000E+0	1.0000000E+2	0.0000000E+0
2.5121700E+2	6.7098227E+1	6.0851509E+1	0.0000000E+0	0.0000000E+0	1.0000000E+2	0.0000000E+0
2.5126700E+2	6.7095189E+1	6.0842669E+1	0.0000000E+0	0.0000000E+0	1.0000000E+2	0.0000000E+0
2.5131700E+2	6.7101168E+1	6.0852312E+1	0.0000000E+0	0.0000000E+0	1.0000000E+2	0.0000000E+0
2.5136700E+2	6.7102277E+1	6.0853165E+1	0.0000000E+0	0.0000000E+0	1.0000000E+2	0.0000000E+0
2.5141700E+2	6.7031098E+1	6.0845070E+1	0.0000000E+0	0.0000000E+0	1.0000000E+2	0.0000000E+0
2.5146700E+2	6.7009493E+1	6.0847890E+1	0.0000000E+0	0.0000000E+0	1.0000000E+2	0.0000000E+0
2.5151800E+2	6.7026908E+1	6.0865055E+1	0.0000000E+0	0.0000000E+0	1.0000000E+2	0.0000000E+0
2.5156800E+2	6.6996765E+1	6.0848058E+1	0.0000000E+0	0.0000000E+0	1.0000000E+2	0.0000000E+0
2.5161800E+2	6.7021432E+1	6.0853807E+1	0.0000000E+0	0.0000000E+0	1.0000000E+2	0.0000000E+0
2.5166800E+2	6.7026339E+1	6.0865929E+1	0.0000000E+0	0.0000000E+0	1.0000000E+2	0.0000000E+0
2.5171800E+2	6.7031433E+1	6.0863697E+1	0.0000000E+0	0.0000000E+0	1.0000000E+2	0.0000000E+0
2.5176900E+2	6.7054333E+1	6.0866384E+1	0.0000000E+0	0.0000000E+0	1.0000000E+2	0.0000000E+0
2.5181900E+2	6.7060497E+1	6.0864375E+1	0.0000000E+0	0.0000000E+0	1.0000000E+2	0.0000000E+0
2.5186900E+2	6.7025353E+1	6.0843524E+1	0.0000000E+0	0.0000000E+0	1.0000000E+2	0.0000000E+0
2.5191900E+2	6.7039211E+1	6.0862955E+1	0.0000000E+0	0.0000000E+0	1.0000000E+2	0.0000000E+0
2.5196900E+2	6.7048464E+1	6.0864514E+1	0.0000000E+0	0.0000000E+0	1.0000000E+2	0.0000000E+0
2.5201900E+2	6.7047089E+1	6.0861962E+1	0.0000000E+0	0.0000000E+0	1.0000000E+2	0.0000000E+0
2.5206900E+2	6.7049375E+1	6.0874647E+1	0.0000000E+0	0.0000000E+0	1.0000000E+2	0.0000000E+0
2.5211900E+2	6.7039745E+1	6.0859638E+1	0.0000000E+0	0.0000000E+0	1.0000000E+2	0.0000000E+0
2.5216900E+2	6.7025484E+1	6.0851595E+1	0.0000000E+0	0.0000000E+0	1.0000000E+2	0.0000000E+0
2.5222000E+2	6.7033888E+1	6.0854151E+1	0.0000000E+0	0.0000000E+0	1.0000000E+2	0.0000000E+0
2.5227000E+2	6.7059012E+1	6.0871849E+1	0.0000000E+0	0.0000000E+0	1.0000000E+2	0.0000000E+0
2.5232000E+2	6.7068475E+1	6.0874167E+1	0.0000000E+0	0.0000000E+0	1.0000000E+2	0.0000000E+0
2.5237100E+2	6.7062725E+1	6.0871328E+1	0.0000000E+0	0.0000000E+0	1.0000000E+2	0.0000000E+0
2.5242100E+2	6.7093382E+1	6.0894153E+1	0.0000000E+0	0.0000000E+0	1.0000000E+2	0.0000000E+0
2.5247200E+2	6.7083272E+1	6.0894150E+1	0.0000000E+0	0.0000000E+0	1.0000000E+2	0.0000000E+0
2.5252200E+2	6.7080460E+1	6.0881108E+1	0.0000000E+0	0.0000000E+0	1.0000000E+2	0.0000000E+0
2.5257200E+2	6.7079968E+1	6.0880985E+1	0.0000000E+0	0.0000000E+0	1.0000000E+2	0.0000000E+0
2.5262300E+2	6.7097358E+1	6.0891519E+1	0.0000000E+0	0.0000000E+0	1.0000000E+2	0.0000000E+0
2.5267300E+2	6.7110178E+1	6.0891477E+1	0.0000000E+0	0.0000000E+0	1.0000000E+2	0.0000000E+0
2.5272300E+2	6.7114406E+1	6.0882124E+1	0.0000000E+0	0.0000000E+0	1.0000000E+2	0.0000000E+0
2.5277400E+2	6.7120362E+1	6.0870609E+1	0.0000000E+0	0.0000000E+0	1.0000000E+2	0.0000000E+0
2.5282400E+2	6.7152550E+1	6.0876444E+1	0.0000000E+0	0.0000000E+0	1.0000000E+2	0.0000000E+0
2.5287400E+2	6.7144412E+1	6.0875612E+1	0.0000000E+0	0.0000000E+0	1.0000000E+2	0.0000000E+0
2.5292400E+2	6.7138162E+1	6.0864362E+1	0.0000000E+0	0.0000000E+0	1.0000000E+2	0.0000000E+0
2.5297400E+2	6.7146779E+1	6.0867819E+1	0.0000000E+0	0.0000000E+0	1.0000000E+2	0.0000000E+0
2.5302400E+2	6.7180837E+1	6.0871161E+1	0.0000000E+0	0.0000000E+0	1.0000000E+2	0.0000000E+0
2.5307500E+2	6.7210192E+1	6.0866454E+1	0.0000000E+0	0.0000000E+0	1.0000000E+2	0.0000000E+0
2.5312500E+2	6.7248415E+1	6.0885965E+1	0.0000000E+0	0.0000000E+0	1.0000000E+2	0.0000000E+0
2.5317500E+2	6.7264556E+1	6.0868596E+1	0.0000000E+0	0.0000000E+0	1.0000000E+2	0.0000000E+0
2.5322500E+2	6.7274149E+1	6.0873943E+1	0.0000000E+0	0.0000000E+0	1.0000000E+2	0.0000000E+0
2.5327500E+2	6.7302784E+1	6.0869754E+1	0.0000000E+0	0.0000000E+0	1.0000000E+2	0.0000000E+0
2.5332500E+2	6.7322112E+1	6.0879423E+1	0.0000000E+0	0.0000000E+0	1.0000000E+2	0.0000000E+0
2.5337500E+2	6.7297755E+1	6.0874598E+1	0.0000000E+0	0.0000000E+0	1.0000000E+2	0.0000000E+0
2.5342500E+2	6.7294178E+1	6.0883670E+1	0.0000000E+0	0.0000000E+0	1.0000000E+2	0.0000000E+0
2.5347500E+2	6.7302121E+1	6.0869843E+1	0.0000000E+0	0.0000000E+0	1.0000000E+2	0.0000000E+0
2.5352500E+2	6.7322991E+1	6.0886546E+1	0.0000000E+0	0.0000000E+0	1.0000000E+2	0.0000000E+0
2.5357600E+2	6.7308390E+1	6.0895129E+1	0.0000000E+0	0.0000000E+0	1.0000000E+2	0.0000000E+0
2.5362700E+2	6.7275328E+1	6.0883414E+1	0.0000000E+0	0.0000000E+0	1.0000000E+2	0.0000000E+0
2.5367800E+2	6.7285686E+1	6.0894292E+1	0.0000000E+0	0.0000000E+0	1.0000000E+2	0.0000000E+0
2.5372800E+2	6.7292834E+1	6.0887197E+1	0.0000000E+0	0.0000000E+0	1.0000000E+2	0.0000000E+0
2.5377800E+2	6.7267095E+1	6.0877203E+1	0.0000000E+0	0.0000000E+0	1.0000000E+2	0.0000000E+0
2.5382800E+2	6.7258336E+1	6.0881863E+1	0.0000000E+0	0.0000000E+0	1.0000000E+2	0.0000000E+0
2.5387800E+2	6.7241174E+1	6.0884344E+1	0.0000000E+0	0.0000000E+0	1.0000000E+2	0.0000000E+0
2.5392800E+2	6.7216540E+1	6.0889447E+1	0.0000000E+0	0.0000000E+0	1.0000000E+2	0.0000000E+0
2.5397800E+2	6.7210788E+1	6.0888033E+1	0.0000000E+0	0.0000000E+0	1.0000000E+2	0.0000000E+0
2.5402800E+2	6.7214446E+1	6.0900546E+1	0.0000000E+0	0.0000000E+0	1.0000000E+2	0.0000000E+0
2.5407800E+2	6.7194320E+1	6.0900925E+1	0.0000000E+0	0.0000000E+0	1.0000000E+2	0.0000000E+0
2.5412800E+2	6.7177827E+1	6.0890568E+1	0.0000000E+0	0.0000000E+0	1.0000000E+2	0.0000000E+0
2.5417800E+2	6.7172235E+1	6.0885314E+1	0.0000000E+0	0.0000000E+0	1.0000000E+2	0.0000000E+0
2.5422800E+2	6.7163688E+1	6.0883814E+1	0.0000000E+0	0.0000000E+0	1.0000000E+2	0.0000000E+0
2.5427800E+2	6.7145223E+1	6.0871212E+1	0.0000000E+0	0.0000000E+0	1.0000000E+2	0.0000000E+0
2.5432800E+2	6.7172024E+1	6.0891259E+1	0.0000000E+0	0.0000000E+0	1.0000000E+2	0.0000000E+0
2.5437800E+2	6.7174237E+1	6.0888204E+1	0.0000000E+0	0.0000000E+0	1.0000000E+2	0.0000000E+0
2.5442800E+2	6.7205828E+1	6.0900958E+1	0.0000000E+0	0.0000000E+0	1.0000000E+2	0.0000000E+0
2.5447800E+2	6.7203551E+1	6.0888070E+1	0.0000000E+0	0.0000000E+0	1.0000000E+2	0.0000000E+0
2.5452800E+2	6.7185770E+1	6.0882672E+1	0.0000000E+0	0.0000000E+0	1.0000000E+2	0.0000000E+0
2.5457800E+2	6.7167398E+1	6.0893540E+1	0.0000000E+0	0.0000000E+0	1.0000000E+2	0.0000000E+0
2.5462800E+2	6.7159708E+1	6.0884718E+1	0.0000000E+0	0.0000000E+0	1.0000000E+2	0.0000000E+0
2.5467800E+2	6.7131999E+1	6.0877221E+1	0.0000000E+0	0.0000000E+0	1.0000000E+2	0.0000000E+0
2.5472800E+2	6.7129642E+1	6.0893502E+1	0.0000000E+0	0.0000000E+0	1.0000000E+2	0.0000000E+0
2.5477900E+2	6.7129596E+1	6.0900243E+1	0.0000000E+0	0.0000000E+0	1.0000000E+2	0.0000000E+0
2.5482900E+2	6.7073069E+1	6.0885236E+1	0.0000000E+0	0.0000000E+0	1.0000000E+2	0.0000000E+0
2.5487900E+2	6.7038243E+1	6.0880072E+1	0.0000000E+0	0.0000000E+0	1.0000000E+2	0.0000000E+0
2.5492900E+2	6.7053615E+1	6.0891001E+1	0.0000000E+0	0.0000000E+0	1.0000000E+2	0.0000000E+0
2.5497900E+2	6.7043457E+1	6.0890292E+1	0.0000000E+0	0.0000000E+0	1.0000000E+2	0.0000000E+0
2.5502900E+2	6.7014433E+1	6.0874776E+1	0.0000000E+0	0.0000000E+0	1.0000000E+2	0.0000000E+0
2.5507900E+2	6.7017373E+1	6.0888126E+1	0.0000000E+0	0.0000000E+0	1.0000000E+2	0.0000000E+0
2.5512900E+2	6.7021156E+1	6.0899276E+1	0.0000000E+0	0.0000000E+0	1.0000000E+2	0.0000000E+0
2.5518000E+2	6.7000090E+1	6.0891049E+1	0.0000000E+0	0.0000000E+0	1.0000000E+2	0.0000000E+0
2.5523100E+2	6.6990164E+1	6.0901496E+1	0.0000000E+0	0.0000000E+0	1.0000000E+2	0.0000000E+0
2.5528100E+2	6.6984217E+1	6.0897987E+1	0.0000000E+0	0.0000000E+0	1.0000000E+2	0.0000000E+0
2.5533100E+2	6.6966999E+1	6.0887438E+1	0.0000000E+0	0.0000000E+0	1.0000000E+2	0.0000000E+0
2.5538100E+2	6.6986838E+1	6.0883290E+1	0.0000000E+0	0.0000000E+0	1.0000000E+2	0.0000000E+0
2.5543100E+2	6.6989979E+1	6.0870039E+1	0.0000000E+0	0.0000000E+0	1.0000000E+2	0.0000000E+0
2.5548100E+2	6.6991490E+1	6.0875040E+1	0.0000000E+0	0.0000000E+0	1.0000000E+2	0.0000000E+0
2.5553100E+2	6.6999367E+1	6.0888060E+1	0.0000000E+0	0.0000000E+0	1.0000000E+2	0.0000000E+0
2.5558100E+2	6.7006468E+1	6.0881323E+1	0.0000000E+0	0.0000000E+0	1.0000000E+2	0.0000000E+0
2.5563100E+2	6.7032781E+1	6.0879933E+1	0.0000000E+0	0.0000000E+0	1.0000000E+2	0.0000000E+0
2.5568100E+2	6.7053771E+1	6.0890889E+1	0.0000000E+0	0.0000000E+0	1.0000000E+2	0.0000000E+0
2.5573100E+2	6.7079884E+1	6.0875919E+1	0.0000000E+0	0.0000000E+0	1.0000000E+2	0.0000000E+0
2.5578100E+2	6.7109707E+1	6.0871516E+1	0.0000000E+0	0.0000000E+0	1.0000000E+2	0.0000000E+0
2.5583100E+2	6.7125813E+1	6.0886115E+1	0.0000000E+0	0.0000000E+0	1.0000000E+2	0.0000000E+0
2.5588100E+2	6.7154661E+1	6.0879215E+1	0.0000000E+0	0.0000000E+0	1.0000000E+2	0.0000000E+0
2.5593100E+2	6.7155898E+1	6.0880215E+1	0.0000000E+0	0.0000000E+0	1.0000000E+2	0.0000000E+0
2.5598100E+2	6.7170445E+1	6.0870620E+1	0.0000000E+0	0.0000000E+0	1.0000000E+2	0.0000000E+0
2.5603100E+2	6.7195158E+1	6.0874692E+1	0.0000000E+0	0.0000000E+0	1.0000000E+2	0.0000000E+0
2.5608100E+2	6.7246453E+1	6.0874787E+1	0.0000000E+0	0.0000000E+0	1.0000000E+2	0.0000000E+0
2.5613100E+2	6.7255338E+1	6.0877138E+1	0.0000000E+0	0.0000000E+0	1.0000000E+2	0.0000000E+0
2.5618100E+2	6.7262902E+1	6.0862635E+1	0.0000000E+0	0.0000000E+0	1.0000000E+2	0.0000000E+0
2.5623100E+2	6.7278965E+1	6.0854113E+1	0.0000000E+0	0.0000000E+0	1.0000000E+2	0.0000000E+0
2.5628100E+2	6.7320162E+1	6.0871642E+1	0.0000000E+0	0.0000000E+0	1.0000000E+2	0.0000000E+0
2.5633100E+2	6.7354394E+1	6.0893626E+1	0.0000000E+0	0.0000000E+0	1.0000000E+2	0.0000000E+0
2.5638100E+2	6.7368318E+1	6.0892514E+1	0.0000000E+0	0.0000000E+0	1.0000000E+2	0.0000000E+0
2.5643100E+2	6.7375941E+1	6.0880348E+1	0.0000000E+0	0.0000000E+0	1.0000000E+2	0.0000000E+0
2.5648100E+2	6.7404696E+1	6.0898021E+1	0.0000000E+0	0.0000000E+0	1.0000000E+2	0.0000000E+0
2.5653100E+2	6.7397772E+1	6.0888944E+1	0.0000000E+0	0.0000000E+0	1.0000000E+2	0.0000000E+0
2.5658100E+2	6.7366674E+1	6.0870338E+1	0.0000000E+0	0.0000000E+0	1.0000000E+2	0.0000000E+0
2.5663100E+2	6.7384983E+1	6.0878528E+1	0.0000000E+0	0.0000000E+0	1.0000000E+2	0.0000000E+0
2.5668100E+2	6.7415915E+1	6.0887475E+1	0.0000000E+0	0.0000000E+0	1.0000000E+2	0.0000000E+0
2.5673100E+2	6.7450786E+1	6.0882263E+1	0.0000000E+0	0.0000000E+0	1.0000000E+2	0.0000000E+0
2.5678100E+2	6.7452850E+1	6.0888570E+1	0.0000000E+0	0.0000000E+0	1.0000000E+2	0.0000000E+0
2.5683100E+2	6.7452682E+1	6.0879863E+1	0.0000000E+0	0.0000000E+0	1.0000000E+2	0.0000000E+0
2.5688200E+2	6.7472145E+1	6.0881843E+1	0.0000000E+0	0.0000000E+0	1.0000000E+2	0.0000000E+0
2.5693200E+2	6.7475113E+1	6.0865420E+1	0.0000000E+0	0.0000000E+0	1.0000000E+2	0.0000000E+0
2.5698200E+2	6.7507539E+1	6.0876944E+1	0.0000000E+0	0.0000000E+0	1.0000000E+2	0.0000000E+0
2.5703200E+2	6.7496306E+1	6.0880692E+1	0.0000000E+0	0.0000000E+0	1.0000000E+2	0.0000000E+0
2.5708200E+2	6.7510985E+1	6.0886579E+1	0.0000000E+0	0.0000000E+0	1.0000000E+2	0.0000000E+0
2.5713200E+2	6.7487287E+1	6.0892037E+1	0.0000000E+0	0.0000000E+0	1.0000000E+2	0.0000000E+0
2.5718400E+2	6.7451140E+1	6.0869810E+1	0.0000000E+0	0.0000000E+0	1.0000000E+2	0.0000000E+0
2.5723400E+2	6.7422998E+1	6.0871900E+1	0.0000000E+0	0.0000000E+0	1.0000000E+2	0.0000000E+0
2.5728400E+2	6.7412171E+1	6.0887906E+1	0.0000000E+0	0.0000000E+0	1.0000000E+2	0.0000000E+0
2.5733400E+2	6.7395199E+1	6.0873905E+1	0.0000000E+0	0.0000000E+0	1.0000000E+2	0.0000000E+0
2.5738400E+2	6.7391947E+1	6.0887867E+1	0.0000000E+0	0.0000000E+0	1.0000000E+2	0.0000000E+0
2.5743500E+2	6.7403121E+1	6.0893979E+1	0.0000000E+0	0.0000000E+0	1.0000000E+2	0.0000000E+0
2.5748500E+2	6.7392557E+1	6.0898166E+1	0.0000000E+0	0.0000000E+0	1.0000000E+2	0.0000000E+0
2.5753500E+2	6.7385537E+1	6.0891163E+1	0.0000000E+0	0.0000000E+0	1.0000000E+2	0.0000000E+0
2.5758500E+2	6.7360655E+1	6.0870964E+1	0.0000000E+0	0.0000000E+0	1.0000000E+2	0.0000000E+0
2.5763500E+2	6.7369055E+1	6.0869788E+1	0.0000000E+0	0.0000000E+0	1.0000000E+2	0.0000000E+0
2.5768500E+2	6.7382553E+1	6.0884022E+1	0.0000000E+0	0.0000000E+0	1.0000000E+2	0.0000000E+0
2.5773500E+2	6.7388245E+1	6.0885590E+1	0.0000000E+0	0.0000000E+0	1.0000000E+2	0.0000000E+0
2.5778500E+2	6.7390502E+1	6.0880113E+1	0.0000000E+0	0.0000000E+0	1.0000000E+2	0.0000000E+0
2.5783500E+2	6.7391518E+1	6.0879371E+1	0.0000000E+0	0.0000000E+0	1.0000000E+2	0.0000000E+0
2.5788500E+2	6.7396472E+1	6.0879390E+1	0.0000000E+0	0.0000000E+0	1.0000000E+2	0.0000000E+0
2.5793700E+2	6.7414711E+1	6.0871210E+1	0.0000000E+0	0.0000000E+0	1.0000000E+2	0.0000000E+0
2.5798700E+2	6.7439725E+1	6.0865057E+1	0.0000000E+0	0.0000000E+0	1.0000000E+2	0.0000000E+0
2.5803700E+2	6.7427970E+1	6.0870835E+1	0.0000000E+0	0.0000000E+0	1.0000000E+2	0.0000000E+0
2.5808800E+2	6.7423840E+1	6.0884032E+1	0.0000000E+0	0.0000000E+0	1.0000000E+2	0.0000000E+0
2.5813800E+2	6.7441555E+1	6.0891169E+1	0.0000000E+0	0.0000000E+0	1.0000000E+2	0.0000000E+0
2.5818900E+2	6.7413839E+1	6.0892189E+1	0.0000000E+0	0.0000000E+0	1.0000000E+2	0.0000000E+0
2.5823900E+2	6.7413799E+1	6.0886696E+1	0.0000000E+0	0.0000000E+0	1.0000000E+2	0.0000000E+0
2.5829000E+2	6.7414558E+1	6.0878588E+1	0.0000000E+0	0.0000000E+0	1.0000000E+2	0.0000000E+0
2.5834000E+2	6.7425565E+1	6.0882762E+1	0.0000000E+0	0.0000000E+0	1.0000000E+2	0.0000000E+0
2.5839000E+2	6.7417902E+1	6.0879516E+1	0.0000000E+0	0.0000000E+0	1.0000000E+2	0.0000000E+0
2.5844100E+2	6.7444185E+1	6.0901284E+1	0.0000000E+0	0.0000000E+0	1.0000000E+2	0.0000000E+0
2.5849300E+2	6.7462114E+1	6.0905667E+1	0.0000000E+0	0.0000000E+0	1.0000000E+2	0.0000000E+0
2.5854300E+2	6.7488946E+1	6.0928832E+1	0.0000000E+0	0.0000000E+0	1.0000000E+2	0.0000000E+0
2.5859300E+2	6.7443846E+1	6.0897680E+1	0.0000000E+0	0.0000000E+0	1.0000000E+2	0.0000000E+0
2.5864300E+2	6.7461883E+1	6.0908888E+1	0.0000000E+0	0.0000000E+0	1.0000000E+2	0.0000000E+0
2.5869300E+2	6.7453374E+1	6.0913023E+1	0.0000000E+0	0.0000000E+0	1.0000000E+2	0.0000000E+0
2.5874300E+2	6.7425023E+1	6.0908082E+1	0.0000000E+0	0.0000000E+0	1.0000000E+2	0.0000000E+0
2.5879300E+2	6.7416098E+1	6.0917646E+1	0.0000000E+0	0.0000000E+0	1.0000000E+2	0.0000000E+0
2.5884400E+2	6.7397372E+1	6.0918416E+1	0.0000000E+0	0.0000000E+0	1.0000000E+2	0.0000000E+0
2.5889400E+2	6.7409791E+1	6.0920784E+1	0.0000000E+0	0.0000000E+0	1.0000000E+2	0.0000000E+0
2.5894400E+2	6.7405550E+1	6.0906919E+1	0.0000000E+0	0.0000000E+0	1.0000000E+2	0.0000000E+0
2.5899400E+2	6.7394641E+1	6.0909854E+1	0.0000000E+0	0.0000000E+0	1.0000000E+2	0.0000000E+0
2.5904400E+2	6.7409720E+1	6.0909632E+1	0.0000000E+0	0.0000000E+0	1.0000000E+2	0.0000000E+0
2.5909400E+2	6.7421000E+1	6.0914134E+1	0.0000000E+0	0.0000000E+0	1.0000000E+2	0.0000000E+0
2.5914400E+2	6.7432069E+1	6.0920104E+1	0.0000000E+0	0.0000000E+0	1.0000000E+2	0.0000000E+0
2.5919500E+2	6.7430535E+1	6.0908288E+1	0.0000000E+0	0.0000000E+0	1.0000000E+2	0.0000000E+0
2.5924500E+2	6.7425461E+1	6.0899292E+1	0.0000000E+0	0.0000000E+0	1.0000000E+2	0.0000000E+0
2.5929500E+2	6.7437792E+1	6.0910616E+1	0.0000000E+0	0.0000000E+0	1.0000000E+2	0.0000000E+0
2.5934500E+2	6.7461321E+1	6.0909639E+1	0.0000000E+0	0.0000000E+0	1.0000000E+2	0.0000000E+0
2.5939700E+2	6.7448470E+1	6.0904766E+1	0.0000000E+0	0.0000000E+0	1.0000000E+2	0.0000000E+0
2.5944800E+2	6.7434511E+1	6.0915937E+1	0.0000000E+0	0.0000000E+0	1.0000000E+2	0.0000000E+0
2.5949800E+2	6.7427894E+1	6.0913897E+1	0.0000000E+0	0.0000000E+0	1.0000000E+2	0.0000000E+0
2.5954800E+2	6.7420365E+1	6.0913421E+1	0.0000000E+0	0.0000000E+0	1.0000000E+2	0.0000000E+0
2.5959800E+2	6.7436791E+1	6.0914299E+1	0.0000000E+0	0.0000000E+0	1.0000000E+2	0.0000000E+0
2.5964800E+2	6.7446002E+1	6.0923871E+1	0.0000000E+0	0.0000000E+0	1.0000000E+2	0.0000000E+0
2.5969800E+2	6.7449521E+1	6.0919248E+1	0.0000000E+0	0.0000000E+0	1.0000000E+2	0.0000000E+0
2.5974800E+2	6.7442860E+1	6.0909920E+1	0.0000000E+0	0.0000000E+0	1.0000000E+2	0.0000000E+0
2.5979900E+2	6.7408218E+1	6.0909541E+1	0.0000000E+0	0.0000000E+0	1.0000000E+2	0.0000000E+0
2.5984900E+2	6.7404332E+1	6.0913389E+1	0.0000000E+0	0.0000000E+0	1.0000000E+2	0.0000000E+0
2.5989900E+2	6.7408727E+1	6.0898757E+1	0.0000000E+0	0.0000000E+0	1.0000000E+2	0.0000000E+0
2.5994900E+2	6.7413164E+1	6.0901011E+1	0.0000000E+0	0.0000000E+0	1.0000000E+2	0.0000000E+0
2.5999900E+2	6.7406658E+1	6.0902220E+1	0.0000000E+0	0.0000000E+0	1.0000000E+2	0.0000000E+0
2.6005000E+2	6.7403276E+1	6.0914871E+1	0.0000000E+0	0.0000000E+0	1.0000000E+2	0.0000000E+0
2.6010000E+2	6.7394890E+1	6.0903891E+1	0.0000000E+0	0.0000000E+0	1.0000000E+2	0.0000000E+0
2.6015000E+2	6.7394660E+1	6.0903345E+1	0.0000000E+0	0.0000000E+0	1.0000000E+2	0.0000000E+0
2.6020000E+2	6.7372563E+1	6.0915352E+1	0.0000000E+0	0.0000000E+0	1.0000000E+2	0.0000000E+0
2.6025000E+2	6.7363243E+1	6.0922586E+1	0.0000000E+0	0.0000000E+0	1.0000000E+2	0.0000000E+0
2.6030000E+2	6.7355314E+1	6.0915493E+1	0.0000000E+0	0.0000000E+0	1.0000000E+2	0.0000000E+0
2.6035000E+2	6.7359634E+1	6.0917510E+1	0.0000000E+0	0.0000000E+0	1.0000000E+2	0.0000000E+0
2.6040000E+2	6.7347470E+1	6.0925737E+1	0.0000000E+0	0.0000000E+0	1.0000000E+2	0.0000000E+0
2.6045100E+2	6.7327056E+1	6.0914337E+1	0.0000000E+0	0.0000000E+0	1.0000000E+2	0.0000000E+0
2.6050100E+2	6.7345165E+1	6.0933927E+1	0.0000000E+0	0.0000000E+0	1.0000000E+2	0.0000000E+0
2.6055100E+2	6.7353350E+1	6.0916902E+1	0.0000000E+0	0.0000000E+0	1.0000000E+2	0.0000000E+0
2.6060100E+2	6.7348565E+1	6.0927626E+1	0.0000000E+0	0.0000000E+0	1.0000000E+2	0.0000000E+0
2.6065100E+2	6.7335773E+1	6.0937366E+1	0.0000000E+0	0.0000000E+0	1.0000000E+2	0.0000000E+0
2.6070100E+2	6.7341046E+1	6.0939433E+1	0.0000000E+0	0.0000000E+0	1.0000000E+2	0.0000000E+0
2.6075200E+2	6.7346607E+1	6.0933878E+1	0.0000000E+0	0.0000000E+0	1.0000000E+2	0.0000000E+0
2.6080300E+2	6.7349472E+1	6.0950963E+1	0.0000000E+0	0.0000000E+0	1.0000000E+2	0.0000000E+0
2.6085400E+2	6.7328244E+1	6.0927611E+1	0.0000000E+0	0.0000000E+0	1.0000000E+2	0.0000000E+0
2.6090400E+2	6.7357973E+1	6.0925820E+1	0.0000000E+0	0.0000000E+0	1.0000000E+2	0.0000000E+0
2.6095400E+2	6.7363592E+1	6.0931370E+1	0.0000000E+0	0.0000000E+0	1.0000000E+2	0.0000000E+0
2.6100400E+2	6.7350905E+1	6.0916974E+1	0.0000000E+0	0.0000000E+0	1.0000000E+2	0.0000000E+0
2.6105400E+2	6.7371187E+1	6.0921860E+1	0.0000000E+0	0.0000000E+0	1.0000000E+2	0.0000000E+0
2.6110400E+2	6.7413504E+1	6.0945916E+1	0.0000000E+0	0.0000000E+0	1.0000000E+2	0.0000000E+0
2.6115400E+2	6.7416168E+1	6.0927492E+1	0.0000000E+0	0.0000000E+0	1.0000000E+2	0.0000000E+0
2.6120400E+2	6.7443666E+1	6.0936111E+1	0.0000000E+0	0.0000000E+0	1.0000000E+2	0.0000000E+0
2.6125400E+2	6.7446439E+1	6.0948054E+1	0.0000000E+0	0.0000000E+0	1.0000000E+2	0.0000000E+0
2.6130400E+2	6.7406815E+1	6.0930434E+1	0.0000000E+0	0.0000000E+0	1.0000000E+2	0.0000000E+0
2.6135500E+2	6.7395474E+1	6.0930926E+1	0.0000000E+0	0.0000000E+0	1.0000000E+2	0.0000000E+0
2.6140500E+2	6.7386976E+1	6.0935189E+1	0.0000000E+0	0.0000000E+0	1.0000000E+2	0.0000000E+0
2.6145500E+2	6.7398216E+1	6.0934011E+1	0.0000000E+0	0.0000000E+0	1.0000000E+2	0.0000000E+0
2.6150600E+2	6.7417221E+1	6.0936407E+1	0.0000000E+0	0.0000000E+0	1.0000000E+2	0.0000000E+0
2.6155600E+2	6.7429886E+1	6.0954178E+1	0.0000000E+0	0.0000000E+0	1.0000000E+2	0.0000000E+0
2.6160600E+2	6.7456233E+1	6.0947531E+1	0.0000000E+0	0.0000000E+0	1.0000000E+2	0.0000000E+0
2.6165700E+2	6.7449298E+1	6.0941150E+1	0.0000000E+0	0.0000000E+0	1.0000000E+2	0.0000000E+0
2.6170700E+2	6.7458619E+1	6.0951501E+1	0.0000000E+0	0.0000000E+0	1.0000000E+2	0.0000000E+0
2.6175700E+2	6.7470255E+1	6.0949823E+1	0.0000000E+0	0.0000000E+0	1.0000000E+2	0.0000000E+0
2.6180700E+2	6.7440218E+1	6.0943629E+1	0.0000000E+0	0.0000000E+0	1.0000000E+2	0.0000000E+0
2.6185700E+2	6.7425991E+1	6.0938926E+1	0.0000000E+0	0.0000000E+0	1.0000000E+2	0.0000000E+0
2.6190700E+2	6.7435767E+1	6.0942072E+1	0.0000000E+0	0.0000000E+0	1.0000000E+2	0.0000000E+0
2.6195700E+2	6.7431549E+1	6.0935522E+1	0.0000000E+0	0.0000000E+0	1.0000000E+2	0.0000000E+0
2.6200700E+2	6.7432117E+1	6.0949306E+1	0.0000000E+0	0.0000000E+0	1.0000000E+2	0.0000000E+0
2.6205700E+2	6.7404895E+1	6.0944117E+1	0.0000000E+0	0.0000000E+0	1.0000000E+2	0.0000000E+0
2.6210700E+2	6.7375282E+1	6.0935441E+1	0.0000000E+0	0.0000000E+0	1.0000000E+2	0.0000000E+0
2.6215700E+2	6.7349730E+1	6.0923811E+1	0.0000000E+0	0.0000000E+0	1.0000000E+2	0.0000000E+0
2.6220700E+2	6.7342825E+1	6.0917038E+1	0.0000000E+0	0.0000000E+0	1.0000000E+2	0.0000000E+0
2.6225700E+2	6.7342515E+1	6.0943803E+1	0.0000000E+0	0.0000000E+0	1.0000000E+2	0.0000000E+0
2.6230700E+2	6.7346498E+1	6.0940127E+1	0.0000000E+0	0.0000000E+0	1.0000000E+2	0.0000000E+0
2.6235700E+2	6.7353755E+1	6.0935015E+1	0.0000000E+0	0.0000000E+0	1.0000000E+2	0.0000000E+0
2.6240700E+2	6.7363217E+1	6.0942493E+1	0.0000000E+0	0.0000000E+0	1.0000000E+2	0.0000000E+0
2.6245700E+2	6.7389224E+1	6.0941708E+1	0.0000000E+0	0.0000000E+0	1.0000000E+2	0.0000000E+0
2.6250700E+2	6.7374922E+1	6.0936621E+1	0.0000000E+0	0.0000000E+0	1.0000000E+2	0.0000000E+0
2.6255700E+2	6.7357863E+1	6.0932280E+1	0.0000000E+0	0.0000000E+0	1.0000000E+2	0.0000000E+0
2.6260700E+2	6.7347572E+1	6.0932639E+1	0.0000000E+0	0.0000000E+0	1.0000000E+2	0.0000000E+0
2.6265700E+2	6.7342226E+1	6.0921631E+1	0.0000000E+0	0.0000000E+0	1.0000000E+2	0.0000000E+0
2.6270700E+2	6.7367179E+1	6.0921987E+1	0.0000000E+0	0.0000000E+0	1.0000000E+2	0.0000000E+0
2.6275700E+2	6.7392494E+1	6.0933879E+1	0.0000000E+0	0.0000000E+0	1.0000000E+2	0.0000000E+0
2.6280700E+2	6.7383800E+1	6.0942297E+1	0.0000000E+0	0.0000000E+0	1.0000000E+2	0.0000000E+0
2.6285700E+2	6.7366163E+1	6.0935970E+1	0.0000000E+0	0.0000000E+0	1.0000000E+2	0.0000000E+0
2.6290700E+2	6.7366338E+1	6.0930094E+1	0.0000000E+0	0.0000000E+0	1.0000000E+2	0.0000000E+0
2.6295700E+2	6.7365597E+1	6.0935302E+1	0.0000000E+0	0.0000000E+0	1.0000000E+2	0.0000000E+0
2.6300700E+2	6.7391687E+1	6.0937046E+1	0.0000000E+0	0.0000000E+0	1.0000000E+2	0.0000000E+0
2.6305700E+2	6.7389622E+1	6.0950907E+1	0.0000000E+0	0.0000000E+0	1.0000000E+2	0.0000000E+0
2.6310700E+2	6.7310831E+1	6.0930113E+1	0.0000000E+0	0.0000000E+0	1.0000000E+2	0.0000000E+0
2.6315700E+2	6.7271456E+1	6.0923426E+1	0.0000000E+0	0.0000000E+0	1.0000000E+2	0.0000000E+0
2.6320700E+2	6.7287980E+1	6.0934747E+1	0.0000000E+0	0.0000000E+0	1.0000000E+2	0.0000000E+0
2.6325700E+2	6.7294925E+1	6.0931822E+1	0.0000000E+0	0.0000000E+0	1.0000000E+2	0.0000000E+0
2.6330800E+2	6.7296975E+1	6.0935429E+1	0.0000000E+0	0.0000000E+0	1.0000000E+2	0.0000000E+0
2.6335800E+2	6.7292348E+1	6.0922037E+1	0.0000000E+0	0.0000000E+0	1.0000000E+2	0.0000000E+0
2.6340800E+2	6.7280534E+1	6.0928858E+1	0.0000000E+0	0.0000000E+0	1.0000000E+2	0.0000000E+0
2.6345800E+2	6.7273536E+1	6.0925812E+1	0.0000000E+0	0.0000000E+0	1.0000000E+2	0.0000000E+0
2.6350800E+2	6.7307222E+1	6.0940701E+1	0.0000000E+0	0.0000000E+0	1.0000000E+2	0.0000000E+0
2.6355800E+2	6.7323124E+1	6.0938049E+1	0.0000000E+0	0.0000000E+0	1.0000000E+2	0.0000000E+0
2.6360800E+2	6.7318738E+1	6.0944391E+1	0.0000000E+0	0.0000000E+0	1.0000000E+2	0.0000000E+0
2.6365800E+2	6.7277301E+1	6.0939470E+1	0.0000000E+0	0.0000000E+0	1.0000000E+2	0.0000000E+0
2.6370800E+2	6.7266427E+1	6.0939296E+1	0.0000000E+0	0.0000000E+0	1.0000000E+2	0.0000000E+0
2.6375800E+2	6.7253933E+1	6.0921579E+1	0.0000000E+0	0.0000000E+0	1.0000000E+2	0.0000000E+0
2.6380800E+2	6.7244507E+1	6.0919792E+1	0.0000000E+0	0.0000000E+0	1.0000000E+2	0.0000000E+0
2.6385900E+2	6.7240273E+1	6.0914930E+1	0.0000000E+0	0.0000000E+0	1.0000000E+2	0.0000000E+0
2.6390900E+2	6.7267338E+1	6.0926891E+1	0.0000000E+0	0.0000000E+0	1.0000000E+2	0.0000000E+0
2.6395900E+2	6.7299234E+1	6.0942722E+1	0.0000000E+0	0.0000000E+0	1.0000000E+2	0.0000000E+0
2.6400900E+2	6.7293540E+1	6.0950138E+1	0.0000000E+0	0.0000000E+0	1.0000000E+2	0.0000000E+0
2.6406000E+2	6.7300141E+1	6.0929354E+1	0.0000000E+0	0.0000000E+0	1.0000000E+2	0.0000000E+0
2.6411000E+2	6.7352412E+1	6.0926489E+1	0.0000000E+0	0.0000000E+0	1.0000000E+2	0.0000000E+0
2.6416000E+2	6.7388867E+1	6.0925360E+1	0.0000000E+0	0.0000000E+0	1.0000000E+2	0.0000000E+0
2.6421000E+2	6.7420887E+1	6.0925797E+1	0.0000000E+0	0.0000000E+0	1.0000000E+2	0.0000000E+0
2.6426100E+2	6.7426477E+1	6.0935935E+1	0.0000000E+0	0.0000000E+0	1.0000000E+2	0.0000000E+0
2.6431100E+2	6.7458933E+1	6.0952405E+1	0.0000000E+0	0.0000000E+0	1.0000000E+2	0.0000000E+0
2.6436100E+2	6.7474775E+1	6.0950933E+1	0.0000000E+0	0.0000000E+0	1.0000000E+2	0.0000000E+0
2.6441100E+2	6.7507044E+1	6.0943806E+1	0.0000000E+0	0.0000000E+0	1.0000000E+2	0.0000000E+0
2.6446100E+2	6.7522797E+1	6.0942989E+1	0.0000000E+0	0.0000000E+0	1.0000000E+2	0.0000000E+0
2.6451200E+2	6.7518101E+1	6.0929383E+1	0.0000000E+0	0.0000000E+0	1.0000000E+2	0.0000000E+0
2.6456200E+2	6.7491486E+1	6.0921503E+1	0.0000000E+0	0.0000000E+0	1.0000000E+2	0.0000000E+0
2.6461300E+2	6.7515728E+1	6.0939570E+1	0.0000000E+0	0.0000000E+0	1.0000000E+2	0.0000000E+0
2.6466300E+2	6.7517171E+1	6.0936447E+1	0.0000000E+0	0.0000000E+0	1.0000000E+2	0.0000000E+0
2.6471300E+2	6.7521863E+1	6.0937490E+1	0.0000000E+0	0.0000000E+0	1.0000000E+2	0.0000000E+0
2.6476300E+2	6.7508067E+1	6.0945564E+1	0.0000000E+0	0.0000000E+0	1.0000000E+2	0.0000000E+0
2.6481300E+2	6.7478444E+1	6.0932084E+1	0.0000000E+0	0.0000000E+0	1.0000000E+2	0.0000000E+0
2.6486400E+2	6.7456046E+1	6.0923233E+1	0.0000000E+0	0.0000000E+0	1.0000000E+2	0.0000000E+0
2.6491400E+2	6.7454852E+1	6.0927567E+1	0.0000000E+0	0.0000000E+0	1.0000000E+2	0.0000000E+0
2.6496400E+2	6.7434803E+1	6.0919416E+1	0.0000000E+0	0.0000000E+0	1.0000000E+2	0.0000000E+0
2.6501400E+2	6.7459783E+1	6.0923240E+1	0.0000000E+0	0.0000000E+0	1.0000000E+2	0.0000000E+0
2.6506400E+2	6.7406450E+1	6.0935292E+1	0.0000000E+0	0.0000000E+0	1.0000000E+2	0.0000000E+0
2.6511400E+2	6.7399310E+1	6.0941646E+1	0.0000000E+0	0.0000000E+0	1.0000000E+2	0.0000000E+0
2.6516400E+2	6.7409299E+1	6.0929697E+1	0.0000000E+0	0.0000000E+0	1.0000000E+2	0.0000000E+0
2.6521400E+2	6.7414416E+1	6.0925676E+1	0.0000000E+0	0.0000000E+0	1.0000000E+2	0.0000000E+0
2.6526400E+2	6.7420062E+1	6.0933170E+1	0.0000000E+0	0.0000000E+0	1.0000000E+2	0.0000000E+0
2.6531400E+2	6.7423196E+1	6.0937679E+1	0.0000000E+0	0.0000000E+0	1.0000000E+2	0.0000000E+0
2.6536500E+2	6.7415316E+1	6.0929487E+1	0.0000000E+0	0.0000000E+0	1.0000000E+2	0.0000000E+0
2.6541500E+2	6.7434561E+1	6.0938905E+1	0.0000000E+0	0.0000000E+0	1.0000000E+2	0.0000000E+0
2.6546500E+2	6.7441176E+1	6.0930956E+1	0.0000000E+0	0.0000000E+0	1.0000000E+2	0.0000000E+0
2.6551500E+2	6.7446454E+1	6.0952410E+1	0.0000000E+0	0.0000000E+0	1.0000000E+2	0.0000000E+0
2.6556500E+2	6.7436401E+1	6.0947732E+1	0.0000000E+0	0.0000000E+0	1.0000000E+2	0.0000000E+0
2.6561500E+2	6.7438228E+1	6.0958737E+1	0.0000000E+0	0.0000000E+0	1.0000000E+2	0.0000000E+0
2.6566500E+2	6.7447106E+1	6.0954577E+1	0.0000000E+0	0.0000000E+0	1.0000000E+2	0.0000000E+0
2.6571500E+2	6.7433276E+1	6.0951851E+1	0.0000000E+0	0.0000000E+0	1.0000000E+2	0.0000000E+0
2.6576500E+2	6.7426003E+1	6.0957889E+1	0.0000000E+0	0.0000000E+0	1.0000000E+2	0.0000000E+0
2.6581500E+2	6.7413134E+1	6.0944366E+1	0.0000000E+0	0.0000000E+0	1.0000000E+2	0.0000000E+0
2.6586500E+2	6.7413225E+1	6.0938157E+1	0.0000000E+0	0.0000000E+0	1.0000000E+2	0.0000000E+0
2.6591500E+2	6.7404673E+1	6.0934219E+1	0.0000000E+0	0.0000000E+0	1.0000000E+2	0.0000000E+0
2.6596500E+2	6.7410680E+1	6.0933679E+1	0.0000000E+0	0.0000000E+0	1.0000000E+2	0.0000000E+0
2.6601500E+2	6.7399470E+1	6.0934355E+1	0.0000000E+0	0.0000000E+0	1.0000000E+2	0.0000000E+0
2.6606500E+2	6.7398661E+1	6.0937482E+1	0.0000000E+0	0.0000000E+0	1.0000000E+2	0.0000000E+0
2.6611500E+2	6.7430932E+1	6.0929091E+1	0.0000000E+0	0.0000000E+0	1.0000000E+2	0.0000000E+0
2.6616600E+2	6.7444833E+1	6.0944648E+1	0.0000000E+0	0.0000000E+0	1.0000000E+2	0.0000000E+0
2.6621700E+2	6.7461395E+1	6.0939557E+1	0.0000000E+0	0.0000000E+0	1.0000000E+2	0.0000000E+0
2.6626800E+2	6.7450265E+1	6.0936869E+1	0.0000000E+0	0.0000000E+0	1.0000000E+2	0.0000000E+0
2.6631800E+2	6.7425229E+1	6.0938620E+1	0.0000000E+0	0.0000000E+0	1.0000000E+2	0.0000000E+0
2.6636800E+2	6.7416708E+1	6.0937690E+1	0.0000000E+0	0.0000000E+0	1.0000000E+2	0.0000000E+0
2.6641800E+2	6.7396501E+1	6.0951085E+1	0.0000000E+0	0.0000000E+0	1.0000000E+2	0.0000000E+0
2.6646800E+2	6.7349930E+1	6.0953832E+1	0.0000000E+0	0.0000000E+0	1.0000000E+2	0.0000000E+0
2.6651800E+2	6.7316918E+1	6.0951814E+1	0.0000000E+0	0.0000000E+0	1.0000000E+2	0.0000000E+0
2.6656800E+2	6.7321591E+1	6.0953264E+1	0.0000000E+0	0.0000000E+0	1.0000000E+2	0.0000000E+0
2.6661800E+2	6.7319054E+1	6.0951359E+1	0.0000000E+0	0.0000000E+0	1.0000000E+2	0.0000000E+0
2.6666800E+2	6.7306720E+1	6.0947573E+1	0.0000000E+0	0.0000000E+0	1.0000000E+2	0.0000000E+0
2.6671900E+2	6.7305722E+1	6.0952650E+1	0.0000000E+0	0.0000000E+0	1.0000000E+2	0.0000000E+0
2.6676900E+2	6.7325083E+1	6.0963164E+1	0.0000000E+0	0.0000000E+0	1.0000000E+2	0.0000000E+0
2.6681900E+2	6.7320998E+1	6.0961505E+1	0.0000000E+0	0.0000000E+0	1.0000000E+2	0.0000000E+0
2.6686900E+2	6.7312591E+1	6.0949099E+1	0.0000000E+0	0.0000000E+0	1.0000000E+2	0.0000000E+0
2.6691900E+2	6.7329067E+1	6.0956544E+1	0.0000000E+0	0.0000000E+0	1.0000000E+2	0.0000000E+0
2.6696900E+2	6.7329150E+1	6.0949415E+1	0.0000000E+0	0.0000000E+0	1.0000000E+2	0.0000000E+0
2.6701900E+2	6.7359318E+1	6.0951274E+1	0.0000000E+0	0.0000000E+0	1.0000000E+2	0.0000000E+0
2.6707000E+2	6.7370739E+1	6.0947748E+1	0.0000000E+0	0.0000000E+0	1.0000000E+2	0.0000000E+0
2.6712000E+2	6.7383214E+1	6.0961728E+1	0.0000000E+0	0.0000000E+0	1.0000000E+2	0.0000000E+0
2.6717100E+2	6.7393153E+1	6.0975273E+1	0.0000000E+0	0.0000000E+0	1.0000000E+2	0.0000000E+0
2.6722100E+2	6.7415423E+1	6.0971666E+1	0.0000000E+0	0.0000000E+0	1.0000000E+2	0.0000000E+0
2.6727100E+2	6.7445669E+1	6.0983088E+1	0.0000000E+0	0.0000000E+0	1.0000000E+2	0.0000000E+0
2.6732200E+2	6.7448999E+1	6.0972165E+1	0.0000000E+0	0.0000000E+0	1.0000000E+2	0.0000000E+0
2.6737200E+2	6.7459585E+1	6.0995742E+1	0.0000000E+0	0.0000000E+0	1.0000000E+2	0.0000000E+0
2.6742300E+2	6.7447923E+1	6.0988288E+1	0.0000000E+0	0.0000000E+0	1.0000000E+2	0.0000000E+0
2.6747300E+2	6.7427857E+1	6.0978833E+1	0.0000000E+0	0.0000000E+0	1.0000000E+2	0.0000000E+0
2.6752300E+2	6.7427315E+1	6.0979110E+1	0.0000000E+0	0.0000000E+0	1.0000000E+2	0.0000000E+0
2.6757300E+2	6.7418186E+1	6.0969473E+1	0.0000000E+0	0.0000000E+0	1.0000000E+2	0.0000000E+0
2.6762300E+2	6.7430991E+1	6.0973216E+1	0.0000000E+0	0.0000000E+0	1.0000000E+2	0.0000000E+0
2.6767300E+2	6.7459056E+1	6.0994085E+1	0.0000000E+0	0.0000000E+0	1.0000000E+2	0.0000000E+0
2.6772400E+2	6.7468972E+1	6.0988830E+1	0.0000000E+0	0.0000000E+0	1.0000000E+2	0.0000000E+0
2.6777400E+2	6.7440572E+1	6.0971910E+1	0.0000000E+0	0.0000000E+0	1.0000000E+2	0.0000000E+0
2.6782400E+2	6.7433646E+1	6.0976389E+1	0.0000000E+0	0.0000000E+0	1.0000000E+2	0.0000000E+0
2.6787400E+2	6.7455675E+1	6.0973899E+1	0.0000000E+0	0.0000000E+0	1.0000000E+2	0.0000000E+0
2.6792400E+2	6.7468454E+1	6.0977007E+1	0.0000000E+0	0.0000000E+0	1.0000000E+2	0.0000000E+0
2.6797500E+2	6.7477081E+1	6.0979881E+1	0.0000000E+0	0.0000000E+0	1.0000000E+2	0.0000000E+0
2.6802500E+2	6.7472794E+1	6.0984685E+1	0.0000000E+0	0.0000000E+0	1.0000000E+2	0.0000000E+0
2.6807500E+2	6.7453040E+1	6.0991465E+1	0.0000000E+0	0.0000000E+0	1.0000000E+2	0.0000000E+0
2.6812600E+2	6.7439353E+1	6.0971665E+1	0.0000000E+0	0.0000000E+0	1.0000000E+2	0.0000000E+0
2.6817700E+2	6.7483276E+1	6.1007142E+1	0.0000000E+0	0.0000000E+0	1.0000000E+2	0.0000000E+0
2.6822800E+2	6.7478083E+1	6.0999729E+1	0.0000000E+0	0.0000000E+0	1.0000000E+2	0.0000000E+0
2.6827800E+2	6.7444340E+1	6.0992112E+1	0.0000000E+0	0.0000000E+0	1.0000000E+2	0.0000000E+0
2.6832800E+2	6.7440590E+1	6.1003339E+1	0.0000000E+0	0.0000000E+0	1.0000000E+2	0.0000000E+0
2.6837800E+2	6.7444249E+1	6.0981897E+1	0.0000000E+0	0.0000000E+0	1.0000000E+2	0.0000000E+0
2.6842800E+2	6.7440066E+1	6.0982755E+1	0.0000000E+0	0.0000000E+0	1.0000000E+2	0.0000000E+0
2.6847800E+2	6.7435597E+1	6.0978181E+1	0.0000000E+0	0.0000000E+0	1.0000000E+2	0.0000000E+0
2.6852800E+2	6.7464470E+1	6.0989195E+1	0.0000000E+0	0.0000000E+0	1.0000000E+2	0.0000000E+0
2.6857800E+2	6.7478453E+1	6.0988570E+1	0.0000000E+0	0.0000000E+0	1.0000000E+2	0.0000000E+0
2.6862800E+2	6.7502997E+1	6.1001429E+1	0.0000000E+0	0.0000000E+0	1.0000000E+2	0.0000000E+0
2.6867800E+2	6.7509274E+1	6.1007661E+1	0.0000000E+0	0.0000000E+0	1.0000000E+2	0.0000000E+0
2.6872800E+2	6.7506523E+1	6.0998821E+1	0.0000000E+0	0.0000000E+0	1.0000000E+2	0.0000000E+0
2.6877800E+2	6.7514337E+1	6.0991210E+1	0.0000000E+0	0.0000000E+0	1.0000000E+2	0.0000000E+0
2.6882800E+2	6.7528564E+1	6.0993593E+1	0.0000000E+0	0.0000000E+0	1.0000000E+2	0.0000000E+0
2.6887800E+2	6.7565651E+1	6.0991565E+1	0.0000000E+0	0.0000000E+0	1.0000000E+2	0.0000000E+0
2.6892800E+2	6.7585693E+1	6.0996904E+1	0.0000000E+0	0.0000000E+0	1.0000000E+2	0.0000000E+0
2.6897800E+2	6.7600005E+1	6.0983339E+1	0.0000000E+0	0.0000000E+0	1.0000000E+2	0.0000000E+0
2.6902800E+2	6.7604017E+1	6.1000512E+1	0.0000000E+0	0.0000000E+0	1.0000000E+2	0.0000000E+0
2.6907800E+2	6.7619952E+1	6.0995324E+1	0.0000000E+0	0.0000000E+0	1.0000000E+2	0.0000000E+0
2.6912800E+2	6.7627528E+1	6.0992013E+1	0.0000000E+0	0.0000000E+0	1.0000000E+2	0.0000000E+0
2.6917800E+2	6.7647106E+1	6.1002525E+1	0.0000000E+0	0.0000000E+0	1.0000000E+2	0.0000000E+0
2.6922800E+2	6.7633076E+1	6.1005398E+1	0.0000000E+0	0.0000000E+0	1.0000000E+2	0.0000000E+0
2.6927800E+2	6.7594753E+1	6.1002569E+1	0.0000000E+0	0.0000000E+0	1.0000000E+2	0.0000000E+0
2.6932800E+2	6.7620558E+1	6.1007863E+1	0.0000000E+0	0.0000000E+0	1.0000000E+2	0.0000000E+0
2.6937800E+2	6.7622866E+1	6.1001648E+1	0.0000000E+0	0.0000000E+0	1.0000000E+2	0.0000000E+0
2.6942900E+2	6.7605725E+1	6.0983783E+1	0.0000000E+0	0.0000000E+0	1.0000000E+2	0.0000000E+0
2.6948000E+2	6.7612228E+1	6.0984773E+1	0.0000000E+0	0.0000000E+0	1.0000000E+2	0.0000000E+0
2.6953000E+2	6.7614566E+1	6.1000146E+1	0.0000000E+0	0.0000000E+0	1.0000000E+2	0.0000000E+0
2.6958000E+2	6.7597517E+1	6.0997123E+1	0.0000000E+0	0.0000000E+0	1.0000000E+2	0.0000000E+0
2.6963100E+2	6.7589001E+1	6.0996339E+1	0.0000000E+0	0.0000000E+0	1.0000000E+2	0.0000000E+0
2.6968100E+2	6.7587986E+1	6.0996045E+1	0.0000000E+0	0.0000000E+0	1.0000000E+2	0.0000000E+0
2.6973100E+2	6.7569978E+1	6.0977671E+1	0.0000000E+0	0.0000000E+0	1.0000000E+2	0.0000000E+0
2.6978100E+2	6.7578514E+1	6.0985737E+1	0.0000000E+0	0.0000000E+0	1.0000000E+2	0.0000000E+0
2.6983100E+2	6.7602646E+1	6.0996313E+1	0.0000000E+0	0.0000000E+0	1.0000000E+2	0.0000000E+0
2.6988100E+2	6.7631530E+1	6.0987554E+1	0.0000000E+0	0.0000000E+0	1.0000000E+2	0.0000000E+0
2.6993200E+2	6.7640501E+1	6.1001820E+1	0.0000000E+0	0.0000000E+0	1.0000000E+2	0.0000000E+0
2.6998200E+2	6.7639623E+1	6.1000161E+1	0.0000000E+0	0.0000000E+0	1.0000000E+2	0.0000000E+0
2.7003200E+2	6.7648728E+1	6.0994847E+1	0.0000000E+0	0.0000000E+0	1.0000000E+2	0.0000000E+0
2.7008200E+2	6.7665323E+1	6.1008965E+1	0.0000000E+0	0.0000000E+0	1.0000000E+2	0.0000000E+0
2.7013400E+2	6.7645614E+1	6.0997642E+1	0.0000000E+0	0.0000000E+0	1.0000000E+2	0.0000000E+0
2.7018400E+2	6.7630070E+1	6.1008650E+1	0.0000000E+0	0.0000000E+0	1.0000000E+2	0.0000000E+0
2.7023400E+2	6.7594761E+1	6.1002939E+1	0.0000000E+0	0.0000000E+0	1.0000000E+2	0.0000000E+0
2.7028400E+2	6.7535023E+1	6.0986770E+1	0.0000000E+0	0.0000000E+0	1.0000000E+2	0.0000000E+0
2.7033400E+2	6.7529715E+1	6.1002955E+1	0.0000000E+0	0.0000000E+0	1.0000000E+2	0.0000000E+0
2.7038400E+2	6.7527228E+1	6.1000682E+1	0.0000000E+0	0.0000000E+0	1.0000000E+2	0.0000000E+0
2.7043400E+2	6.7527051E+1	6.1009028E+1	0.0000000E+0	0.0000000E+0	1.0000000E+2	0.0000000E+0
2.7048500E+2	6.7532318E+1	6.1017478E+1	0.0000000E+0	0.0000000E+0	1.0000000E+2	0.0000000E+0
2.7053500E+2	6.7542359E+1	6.1019178E+1	0.0000000E+0	0.0000000E+0	1.0000000E+2	0.0000000E+0
2.7058500E+2	6.7557551E+1	6.1011128E+1	0.0000000E+0	0.0000000E+0	1.0000000E+2	0.0000000E+0
2.7063600E+2	6.7524463E+1	6.1004323E+1	0.0000000E+0	0.0000000E+0	1.0000000E+2	0.0000000E+0
2.7068600E+2	6.7474073E+1	6.1008147E+1	0.0000000E+0	0.0000000E+0	1.0000000E+2	0.0000000E+0
2.7073600E+2	6.7466704E+1	6.1019427E+1	0.0000000E+0	0.0000000E+0	1.0000000E+2	0.0000000E+0
2.7078600E+2	6.7452847E+1	6.1014202E+1	0.0000000E+0	0.0000000E+0	1.0000000E+2	0.0000000E+0
2.7083600E+2	6.7462133E+1	6.1018818E+1	0.0000000E+0	0.0000000E+0	1.0000000E+2	0.0000000E+0
2.7088600E+2	6.7473782E+1	6.1007746E+1	0.0000000E+0	0.0000000E+0	1.0000000E+2	0.0000000E+0
2.7093700E+2	6.7473438E+1	6.1012962E+1	0.0000000E+0	0.0000000E+0	1.0000000E+2	0.0000000E+0
2.7098700E+2	6.7458526E+1	6.1006904E+1	0.0000000E+0	0.0000000E+0	1.0000000E+2	0.0000000E+0
2.7103700E+2	6.7483481E+1	6.1013858E+1	0.0000000E+0	0.0000000E+0	1.0000000E+2	0.0000000E+0
2.7108800E+2	6.7487343E+1	6.1014943E+1	0.0000000E+0	0.0000000E+0	1.0000000E+2	0.0000000E+0
2.7113800E+2	6.7461338E+1	6.1000552E+1	0.0000000E+0	0.0000000E+0	1.0000000E+2	0.0000000E+0
2.7118800E+2	6.7475698E+1	6.1010564E+1	0.0000000E+0	0.0000000E+0	1.0000000E+2	0.0000000E+0
2.7123800E+2	6.7506590E+1	6.1030865E+1	0.0000000E+0	0.0000000E+0	1.0000000E+2	0.0000000E+0
2.7128800E+2	6.7506027E+1	6.1001861E+1	0.0000000E+0	0.0000000E+0	1.0000000E+2	0.0000000E+0
2.7133900E+2	6.7505399E+1	6.1013814E+1	0.0000000E+0	0.0000000E+0	1.0000000E+2	0.0000000E+0
2.7139000E+2	6.7489145E+1	6.1015062E+1	0.0000000E+0	0.0000000E+0	1.0000000E+2	0.0000000E+0
2.7144000E+2	6.7510741E+1	6.1032603E+1	0.0000000E+0	0.0000000E+0	1.0000000E+2	0.0000000E+0
2.7149000E+2	6.7530071E+1	6.1023590E+1	0.0000000E+0	0.0000000E+0	1.0000000E+2	0.0000000E+0
2.7154000E+2	6.7515233E+1	6.0994514E+1	0.0000000E+0	0.0000000E+0	1.0000000E+2	0.0000000E+0
2.7159000E+2	6.7509161E+1	6.1009881E+1	0.0000000E+0	0.0000000E+0	1.0000000E+2	0.0000000E+0
2.7164000E+2	6.7495558E+1	6.1030029E+1	0.0000000E+0	0.0000000E+0	1.0000000E+2	0.0000000E+0
2.7169000E+2	6.7486924E+1	6.1029997E+1	0.0000000E+0	0.0000000E+0	1.0000000E+2	0.0000000E+0
2.7174000E+2	6.7466672E+1	6.1016881E+1	0.0000000E+0	0.0000000E+0	1.0000000E+2	0.0000000E+0
2.7179000E+2	6.7474276E+1	6.1020660E+1	0.0000000E+0	0.0000000E+0	1.0000000E+2	0.0000000E+0
2.7184000E+2	6.7452143E+1	6.1010836E+1	0.0000000E+0	0.0000000E+0	1.0000000E+2	0.0000000E+0
2.7189000E+2	6.7473427E+1	6.1026255E+1	0.0000000E+0	0.0000000E+0	1.0000000E+2	0.0000000E+0
2.7194000E+2	6.7475212E+1	6.1013421E+1	0.0000000E+0	0.0000000E+0	1.0000000E+2	0.0000000E+0
2.7199000E+2	6.7485760E+1	6.1029499E+1	0.0000000E+0	0.0000000E+0	1.0000000E+2	0.0000000E+0
2.7204000E+2	6.7453144E+1	6.1017603E+1	0.0000000E+0	0.0000000E+0	1.0000000E+2	0.0000000E+0
2.7209000E+2	6.7428967E+1	6.1018503E+1	0.0000000E+0	0.0000000E+0	1.0000000E+2	0.0000000E+0
2.7214000E+2	6.7409231E+1	6.0998834E+1	0.0000000E+0	0.0000000E+0	1.0000000E+2	0.0000000E+0
2.7219000E+2	6.7430768E+1	6.1013033E+1	0.0000000E+0	0.0000000E+0	1.0000000E+2	0.0000000E+0
2.7224000E+2	6.7459461E+1	6.1011361E+1	0.0000000E+0	0.0000000E+0	1.0000000E+2	0.0000000E+0
2.7229000E+2	6.7467275E+1	6.0996710E+1	0.0000000E+0	0.0000000E+0	1.0000000E+2	0.0000000E+0
2.7234100E+2	6.7494835E+1	6.0999325E+1	0.0000000E+0	0.0000000E+0	1.0000000E+2	0.0000000E+0
2.7239200E+2	6.7502607E+1	6.1007811E+1	0.0000000E+0	0.0000000E+0	1.0000000E+2	0.0000000E+0
2.7244200E+2	6.7519991E+1	6.0999927E+1	0.0000000E+0	0.0000000E+0	1.0000000E+2	0.0000000E+0
2.7249200E+2	6.7551646E+1	6.0997759E+1	0.0000000E+0	0.0000000E+0	1.0000000E+2	0.0000000E+0
2.7254200E+2	6.7571455E+1	6.1016834E+1	0.0000000E+0	0.0000000E+0	1.0000000E+2	0.0000000E+0
2.7259200E+2	6.7577278E+1	6.1007129E+1	0.0000000E+0	0.0000000E+0	1.0000000E+2	0.0000000E+0
2.7264300E+2	6.7583748E+1	6.1009892E+1	0.0000000E+0	0.0000000E+0	1.0000000E+2	0.0000000E+0
2.7269300E+2	6.7601890E+1	6.0993957E+1	0.0000000E+0	0.0000000E+0	1.0000000E+2	0.0000000E+0
2.7274400E+2	6.7628936E+1	6.1013487E+1	0.0000000E+0	0.0000000E+0	1.0000000E+2	0.0000000E+0
2.7279400E+2	6.7619994E+1	6.1009459E+1	0.0000000E+0	0.0000000E+0	1.0000000E+2	0.0000000E+0
2.7284500E+2	6.7631628E+1	6.0998662E+1	0.0000000E+0	0.0000000E+0	1.0000000E+2	0.0000000E+0
2.7289500E+2	6.7657599E+1	6.1013977E+1	0.0000000E+0	0.0000000E+0	1.0000000E+2	0.0000000E+0
2.7294600E+2	6.7664159E+1	6.1020428E+1	0.0000000E+0	0.0000000E+0	1.0000000E+2	0.0000000E+0
2.7299600E+2	6.7670411E+1	6.1015165E+1	0.0000000E+0	0.0000000E+0	1.0000000E+2	0.0000000E+0
2.7304700E+2	6.7646562E+1	6.1017585E+1	0.0000000E+0	0.0000000E+0	1.0000000E+2	0.0000000E+0
2.7309800E+2	6.7645451E+1	6.1022203E+1	0.0000000E+0	0.0000000E+0	1.0000000E+2	0.0000000E+0
2.7314900E+2	6.7628807E+1	6.1009635E+1	0.0000000E+0	0.0000000E+0	1.0000000E+2	0.0000000E+0
2.7319900E+2	6.7620475E+1	6.1032790E+1	0.0000000E+0	0.0000000E+0	1.0000000E+2	0.0000000E+0
2.7324900E+2	6.7580947E+1	6.1017417E+1	0.0000000E+0	0.0000000E+0	1.0000000E+2	0.0000000E+0
2.7329900E+2	6.7547190E+1	6.1021186E+1	0.0000000E+0	0.0000000E+0	1.0000000E+2	0.0000000E+0
2.7334900E+2	6.7543678E+1	6.1016780E+1	0.0000000E+0	0.0000000E+0	1.0000000E+2	0.0000000E+0
2.7340000E+2	6.7548212E+1	6.1016734E+1	0.0000000E+0	0.0000000E+0	1.0000000E+2	0.0000000E+0
2.7345100E+2	6.7509410E+1	6.1017407E+1	0.0000000E+0	0.0000000E+0	1.0000000E+2	0.0000000E+0
2.7350200E+2	6.7460813E+1	6.1018948E+1	0.0000000E+0	0.0000000E+0	1.0000000E+2	0.0000000E+0
2.7355300E+2	6.7452496E+1	6.1022373E+1	0.0000000E+0	0.0000000E+0	1.0000000E+2	0.0000000E+0
2.7360400E+2	6.7459365E+1	6.1012207E+1	0.0000000E+0	0.0000000E+0	1.0000000E+2	0.0000000E+0
2.7365400E+2	6.7466822E+1	6.1018045E+1	0.0000000E+0	0.0000000E+0	1.0000000E+2	0.0000000E+0
2.7370400E+2	6.7475363E+1	6.1030858E+1	0.0000000E+0	0.0000000E+0	1.0000000E+2	0.0000000E+0
2.7375400E+2	6.7474722E+1	6.1044698E+1	0.0000000E+0	0.0000000E+0	1.0000000E+2	0.0000000E+0
2.7380500E+2	6.7457932E+1	6.1040394E+1	0.0000000E+0	0.0000000E+0	1.0000000E+2	0.0000000E+0
2.7385600E+2	6.7481071E+1	6.1044775E+1	0.0000000E+0	0.0000000E+0	1.0000000E+2	0.0000000E+0
2.7390600E+2	6.7470106E+1	6.1041340E+1	0.0000000E+0	0.0000000E+0	1.0000000E+2	0.0000000E+0
2.7395600E+2	6.7462470E+1	6.1020758E+1	0.0000000E+0	0.0000000E+0	1.0000000E+2	0.0000000E+0
2.7400600E+2	6.7469825E+1	6.1027221E+1	0.0000000E+0	0.0000000E+0	1.0000000E+2	0.0000000E+0
2.7405700E+2	6.7478760E+1	6.1018465E+1	0.0000000E+0	0.0000000E+0	1.0000000E+2	0.0000000E+0
2.7410700E+2	6.7501898E+1	6.1027298E+1	0.0000000E+0	0.0000000E+0	1.0000000E+2	0.0000000E+0
2.7415700E+2	6.7505210E+1	6.1022865E+1	0.0000000E+0	0.0000000E+0	1.0000000E+2	0.0000000E+0
2.7420700E+2	6.7516654E+1	6.1030510E+1	0.0000000E+0	0.0000000E+0	1.0000000E+2	0.0000000E+0
2.7425700E+2	6.7536804E+1	6.1026412E+1	0.0000000E+0	0.0000000E+0	1.0000000E+2	0.0000000E+0
2.7430700E+2	6.7566145E+1	6.1034021E+1	0.0000000E+0	0.0000000E+0	1.0000000E+2	0.0000000E+0
2.7435700E+2	6.7563747E+1	6.1036306E+1	0.0000000E+0	0.0000000E+0	1.0000000E+2	0.0000000E+0
2.7440700E+2	6.7554263E+1	6.1015121E+1	0.0000000E+0	0.0000000E+0	1.0000000E+2	0.0000000E+0
2.7445700E+2	6.7564888E+1	6.1027146E+1	0.0000000E+0	0.0000000E+0	1.0000000E+2	0.0000000E+0
2.7450700E+2	6.7564832E+1	6.1019150E+1	0.0000000E+0	0.0000000E+0	1.0000000E+2	0.0000000E+0
2.7455800E+2	6.7551289E+1	6.1006338E+1	0.0000000E+0	0.0000000E+0	1.0000000E+2	0.0000000E+0
2.7460800E+2	6.7570360E+1	6.1008900E+1	0.0000000E+0	0.0000000E+0	1.0000000E+2	0.0000000E+0
2.7465800E+2	6.7584060E+1	6.1024504E+1	0.0000000E+0	0.0000000E+0	1.0000000E+2	0.0000000E+0
2.7470800E+2	6.7605200E+1	6.1019857E+1	0.0000000E+0	0.0000000E+0	1.0000000E+2	0.0000000E+0
2.7475900E+2	6.7582341E+1	6.0995968E+1	0.0000000E+0	0.0000000E+0	1.0000000E+2	0.0000000E+0
2.7480900E+2	6.7612979E+1	6.1010636E+1	0.0000000E+0	0.0000000E+0	1.0000000E+2	0.0000000E+0
2.7485900E+2	6.7614233E+1	6.0996699E+1	0.0000000E+0	0.0000000E+0	1.0000000E+2	0.0000000E+0
2.7490900E+2	6.7614309E+1	6.0989693E+1	0.0000000E+0	0.0000000E+0	1.0000000E+2	0.0000000E+0
2.7495900E+2	6.7644032E+1	6.1000042E+1	0.0000000E+0	0.0000000E+0	1.0000000E+2	0.0000000E+0
2.7500900E+2	6.7641575E+1	6.1010006E+1	0.0000000E+0	0.0000000E+0	1.0000000E+2	0.0000000E+0
2.7505900E+2	6.7607425E+1	6.1005430E+1	0.0000000E+0	0.0000000E+0	1.0000000E+2	0.0000000E+0
2.7510900E+2	6.7610184E+1	6.1014734E+1	0.0000000E+0	0.0000000E+0	1.0000000E+2	0.0000000E+0
2.7515900E+2	6.7631589E+1	6.1006590E+1	0.0000000E+0	0.0000000E+0	1.0000000E+2	0.0000000E+0
2.7520900E+2	6.7630311E+1	6.1010280E+1	0.0000000E+0	0.0000000E+0	1.0000000E+2	0.0000000E+0
2.7525900E+2	6.7640394E+1	6.1017437E+1	0.0000000E+0	0.0000000E+0	1.0000000E+2	0.0000000E+0
2.7531000E+2	6.7623364E+1	6.1013344E+1	0.0000000E+0	0.0000000E+0	1.0000000E+2	0.0000000E+0
2.7536000E+2	6.7628577E+1	6.1014602E+1	0.0000000E+0	0.0000000E+0	1.0000000E+2	0.0000000E+0
2.7541000E+2	6.7621240E+1	6.1004753E+1	0.0000000E+0	0.0000000E+0	1.0000000E+2	0.0000000E+0
2.7546000E+2	6.7624417E+1	6.1021648E+1	0.0000000E+0	0.0000000E+0	1.0000000E+2	0.0000000E+0
2.7551000E+2	6.7628305E+1	6.1023638E+1	0.0000000E+0	0.0000000E+0	1.0000000E+2	0.0000000E+0
2.7556000E+2	6.7603716E+1	6.1029555E+1	0.0000000E+0	0.0000000E+0	1.0000000E+2	0.0000000E+0
2.7561000E+2	6.7571927E+1	6.1007672E+1	0.0000000E+0	0.0000000E+0	1.0000000E+2	0.0000000E+0
2.7566000E+2	6.7588116E+1	6.1023790E+1	0.0000000E+0	0.0000000E+0	1.0000000E+2	0.0000000E+0
2.7571000E+2	6.7594189E+1	6.1018136E+1	0.0000000E+0	0.0000000E+0	1.0000000E+2	0.0000000E+0
2.7576000E+2	6.7608349E+1	6.1027940E+1	0.0000000E+0	0.0000000E+0	1.0000000E+2	0.0000000E+0
2.7581000E+2	6.7616801E+1	6.1030606E+1	0.0000000E+0	0.0000000E+0	1.0000000E+2	0.0000000E+0
2.7586000E+2	6.7628209E+1	6.1033755E+1	0.0000000E+0	0.0000000E+0	1.0000000E+2	0.0000000E+0
2.7591000E+2	6.7615841E+1	6.1029488E+1	0.0000000E+0	0.0000000E+0	1.0000000E+2	0.0000000E+0
2.7596000E+2	6.7599832E+1	6.1023106E+1	0.0000000E+0	0.0000000E+0	1.0000000E+2	0.0000000E+0
2.7601000E+2	6.7609329E+1	6.1013296E+1	0.0000000E+0	0.0000000E+0	1.0000000E+2	0.0000000E+0
2.7606000E+2	6.7632048E+1	6.1016323E+1	0.0000000E+0	0.0000000E+0	1.0000000E+2	0.0000000E+0
2.7611000E+2	6.7636022E+1	6.1027472E+1	0.0000000E+0	0.0000000E+0	1.0000000E+2	0.0000000E+0
2.7616100E+2	6.7623112E+1	6.1028517E+1	0.0000000E+0	0.0000000E+0	1.0000000E+2	0.0000000E+0
2.7621100E+2	6.7611643E+1	6.1026102E+1	0.0000000E+0	0.0000000E+0	1.0000000E+2	0.0000000E+0
2.7626100E+2	6.7596068E+1	6.1036883E+1	0.0000000E+0	0.0000000E+0	1.0000000E+2	0.0000000E+0
2.7631100E+2	6.7601201E+1	6.1034325E+1	0.0000000E+0	0.0000000E+0	1.0000000E+2	0.0000000E+0
2.7636100E+2	6.7619696E+1	6.1027603E+1	0.0000000E+0	0.0000000E+0	1.0000000E+2	0.0000000E+0
2.7641100E+2	6.7630292E+1	6.1039934E+1	0.0000000E+0	0.0000000E+0	1.0000000E+2	0.0000000E+0
2.7646100E+2	6.7600628E+1	6.1035608E+1	0.0000000E+0	0.0000000E+0	1.0000000E+2	0.0000000E+0
2.7651100E+2	6.7600521E+1	6.1023227E+1	0.0000000E+0	0.0000000E+0	1.0000000E+2	0.0000000E+0
2.7656100E+2	6.7610223E+1	6.1026765E+1	0.0000000E+0	0.0000000E+0	1.0000000E+2	0.0000000E+0
2.7661100E+2	6.7607247E+1	6.1036674E+1	0.0000000E+0	0.0000000E+0	1.0000000E+2	0.0000000E+0
2.7666200E+2	6.7616192E+1	6.1044185E+1	0.0000000E+0	0.0000000E+0	1.0000000E+2	0.0000000E+0
2.7671200E+2	6.7639605E+1	6.1037271E+1	0.0000000E+0	0.0000000E+0	1.0000000E+2	0.0000000E+0
2.7676200E+2	6.7650413E+1	6.1043897E+1	0.0000000E+0	0.0000000E+0	1.0000000E+2	0.0000000E+0
2.7681300E+2	6.7663789E+1	6.1040448E+1	0.0000000E+0	0.0000000E+0	1.0000000E+2	0.0000000E+0
2.7686400E+2	6.7649118E+1	6.1023239E+1	0.0000000E+0	0.0000000E+0	1.0000000E+2	0.0000000E+0
2.7691400E+2	6.7651586E+1	6.1028513E+1	0.0000000E+0	0.0000000E+0	1.0000000E+2	0.0000000E+0
2.7696400E+2	6.7652512E+1	6.1039264E+1	0.0000000E+0	0.0000000E+0	1.0000000E+2	0.0000000E+0
2.7701400E+2	6.7664816E+1	6.1059597E+1	0.0000000E+0	0.0000000E+0	1.0000000E+2	0.0000000E+0
2.7706400E+2	6.7689870E+1	6.1076425E+1	0.0000000E+0	0.0000000E+0	1.0000000E+2	0.0000000E+0
2.7711400E+2	6.7698133E+1	6.1068653E+1	0.0000000E+0	0.0000000E+0	1.0000000E+2	0.0000000E+0
2.7716400E+2	6.7702409E+1	6.1062348E+1	0.0000000E+0	0.0000000E+0	1.0000000E+2	0.0000000E+0
2.7721400E+2	6.7719552E+1	6.1068558E+1	0.0000000E+0	0.0000000E+0	1.0000000E+2	0.0000000E+0
2.7726400E+2	6.7723167E+1	6.1068822E+1	0.0000000E+0	0.0000000E+0	1.0000000E+2	0.0000000E+0
2.7731400E+2	6.7726704E+1	6.1064786E+1	0.0000000E+0	0.0000000E+0	1.0000000E+2	0.0000000E+0
2.7736400E+2	6.7713365E+1	6.1051610E+1	0.0000000E+0	0.0000000E+0	1.0000000E+2	0.0000000E+0
2.7741400E+2	6.7704342E+1	6.1057170E+1	0.0000000E+0	0.0000000E+0	1.0000000E+2	0.0000000E+0
2.7746400E+2	6.7672313E+1	6.1047512E+1	0.0000000E+0	0.0000000E+0	1.0000000E+2	0.0000000E+0
2.7751400E+2	6.7674974E+1	6.1047017E+1	0.0000000E+0	0.0000000E+0	1.0000000E+2	0.0000000E+0
2.7756400E+2	6.7646205E+1	6.1034332E+1	0.0000000E+0	0.0000000E+0	1.0000000E+2	0.0000000E+0
2.7761400E+2	6.7612716E+1	6.1038657E+1	0.0000000E+0	0.0000000E+0	1.0000000E+2	0.0000000E+0
2.7766400E+2	6.7605814E+1	6.1042162E+1	0.0000000E+0	0.0000000E+0	1.0000000E+2	0.0000000E+0
2.7771400E+2	6.7589981E+1	6.1014434E+1	0.0000000E+0	0.0000000E+0	1.0000000E+2	0.0000000E+0
2.7776500E+2	6.7593433E+1	6.1016334E+1	0.0000000E+0	0.0000000E+0	1.0000000E+2	0.0000000E+0
2.7781500E+2	6.7625852E+1	6.1036671E+1	0.0000000E+0	0.0000000E+0	1.0000000E+2	0.0000000E+0
2.7786500E+2	6.7642230E+1	6.1035055E+1	0.0000000E+0	0.0000000E+0	1.0000000E+2	0.0000000E+0
2.7791500E+2	6.7658476E+1	6.1030084E+1	0.0000000E+0	0.0000000E+0	1.0000000E+2	0.0000000E+0
2.7796500E+2	6.7677800E+1	6.1026495E+1	0.0000000E+0	0.0000000E+0	1.0000000E+2	0.0000000E+0
2.7801500E+2	6.7688012E+1	6.1034107E+1	0.0000000E+0	0.0000000E+0	1.0000000E+2	0.0000000E+0
