Time [s]	Channel 1	Channel 2	Channel 3	Channel 4	Solar 1\t	Solar 2
1.5800000E-1	6.2833813E+1	6.0823561E+1	0.0000000E+0	0.0000000E+0	1.0000000E+2	0.0000000E+0
2.0900000E-1	6.9214593E+0	7.2273549E+0	0.0000000E+0	0.0000000E+0	1.0000000E+2	0.0000000E+0
2.6000000E-1	6.9426285E+0	7.2306299E+0	0.0000000E+0	0.0000000E+0	1.0000000E+2	0.0000000E+0
3.1000000E-1	6.9490103E+0	7.2434304E+0	0.0000000E+0	0.0000000E+0	1.0000000E+2	0.0000000E+0
3.6000000E-1	6.9401218E+0	7.2269016E+0	0.0000000E+0	0.0000000E+0	1.0000000E+2	0.0000000E+0
4.1000000E-1	6.9350766E+0	7.2299506E+0	0.0000000E+0	0.0000000E+0	1.0000000E+2	0.0000000E+0
4.6000000E-1	6.9306938E+0	7.2265871E+0	0.0000000E+0	0.0000000E+0	1.0000000E+2	0.0000000E+0
5.1100000E-1	6.9364825E+0	7.2372231E+0	0.0000000E+0	0.0000000E+0	1.0000000E+2	0.0000000E+0
5.6100000E-1	7.0038744E+0	7.1995842E+0	0.0000000E+0	0.0000000E+0	1.0000000E+2	0.0000000E+0
6.1100000E-1	7.4042360E+0	7.2135979E+0	0.0000000E+0	0.0000000E+0	1.0000000E+2	0.0000000E+0
6.6100000E-1	7.8822173E+0	7.5411262E+0	0.0000000E+0	0.0000000E+0	1.0000000E+2	0.0000000E+0
7.1100000E-1	8.3817220E+0	7.9290291E+0	0.0000000E+0	0.0000000E+0	1.0000000E+2	0.0000000E+0
7.6100000E-1	8.9034108E+0	8.3438161E+0	0.0000000E+0	0.0000000E+0	1.0000000E+2	0.0000000E+0
8.1100000E-1	9.4490869E+0	8.8546447E+0	0.0000000E+0	0.0000000E+0	1.0000000E+2	0.0000000E+0
8.6200000E-1	1.0083809E+1	9.4955156E+0	0.0000000E+0	0.0000000E+0	1.0000000E+2	0.0000000E+0
9.1200000E-1	1.0790545E+1	1.0134857E+1	0.0000000E+0	0.0000000E+0	1.0000000E+2	0.0000000E+0
9.6300000E-1	1.1560092E+1	1.0834192E+1	0.0000000E+0	0.0000000E+0	1.0000000E+2	0.0000000E+0
1.0130000E+0	1.2363174E+1	1.1625192E+1	0.0000000E+0	0.0000000E+0	1.0000000E+2	0.0000000E+0
1.0630000E+0	1.3162930E+1	1.2389335E+1	0.0000000E+0	0.0000000E+0	1.0000000E+2	0.0000000E+0
1.1130000E+0	1.3573343E+1	1.2678142E+1	0.0000000E+0	0.0000000E+0	1.0000000E+2	0.0000000E+0
1.1630000E+0	1.3232645E+1	1.2261644E+1	0.0000000E+0	0.0000000E+0	1.0000000E+2	0.0000000E+0
1.2130000E+0	1.3246691E+1	1.2267815E+1	0.0000000E+0	0.0000000E+0	1.0000000E+2	0.0000000E+0
1.2630000E+0	1.3252093E+1	1.2241924E+1	0.0000000E+0	0.0000000E+0	1.0000000E+2	0.0000000E+0
1.3130000E+0	1.3307406E+1	1.2250743E+1	0.0000000E+0	0.0000000E+0	1.0000000E+2	0.0000000E+0
1.3640000E+0	1.3342145E+1	1.2258469E+1	0.0000000E+0	0.0000000E+0	1.0000000E+2	0.0000000E+0
1.4150000E+0	1.3333361E+1	1.2254964E+1	0.0000000E+0	0.0000000E+0	1.0000000E+2	0.0000000E+0
1.4650000E+0	1.3345975E+1	1.2257333E+1	0.0000000E+0	0.0000000E+0	1.0000000E+2	0.0000000E+0
1.5160000E+0	1.3376604E+1	1.2260450E+1	0.0000000E+0	0.0000000E+0	1.0000000E+2	0.0000000E+0
1.5660000E+0	1.3395282E+1	1.2271969E+1	0.0000000E+0	0.0000000E+0	1.0000000E+2	0.0000000E+0
1.6170000E+0	1.3419293E+1	1.2271894E+1	0.0000000E+0	0.0000000E+0	1.0000000E+2	0.0000000E+0
1.6670000E+0	1.3418863E+1	1.2278411E+1	0.0000000E+0	0.0000000E+0	1.0000000E+2	0.0000000E+0
1.7170000E+0	1.3428967E+1	1.2283586E+1	0.0000000E+0	0.0000000E+0	1.0000000E+2	0.0000000E+0
1.7680000E+0	1.3428447E+1	1.2291044E+1	0.0000000E+0	0.0000000E+0	1.0000000E+2	0.0000000E+0
1.8180000E+0	1.3419208E+1	1.2284896E+1	0.0000000E+0	0.0000000E+0	1.0000000E+2	0.0000000E+0
1.8690000E+0	1.3401398E+1	1.2281291E+1	0.0000000E+0	0.0000000E+0	1.0000000E+2	0.0000000E+0
1.9200000E+0	1.3419969E+1	1.2301231E+1	0.0000000E+0	0.0000000E+0	1.0000000E+2	0.0000000E+0
1.9710000E+0	1.3417450E+1	1.2307607E+1	0.0000000E+0	0.0000000E+0	1.0000000E+2	0.0000000E+0
2.0210000E+0	1.3409714E+1	1.2303654E+1	0.0000000E+0	0.0000000E+0	1.0000000E+2	0.0000000E+0
2.0710000E+0	1.3431585E+1	1.2308233E+1	0.0000000E+0	0.0000000E+0	1.0000000E+2	0.0000000E+0
2.1210000E+0	1.3461417E+1	1.2326704E+1	0.0000000E+0	0.0000000E+0	1.0000000E+2	0.0000000E+0
2.1720000E+0	1.3451974E+1	1.2317853E+1	0.0000000E+0	0.0000000E+0	1.0000000E+2	0.0000000E+0
2.2220000E+0	1.3468646E+1	1.2324392E+1	0.0000000E+0	0.0000000E+0	1.0000000E+2	0.0000000E+0
2.2720000E+0	1.3489841E+1	1.2325814E+1	0.0000000E+0	0.0000000E+0	1.0000000E+2	0.0000000E+0
2.3220000E+0	1.3496977E+1	1.2323877E+1	0.0000000E+0	0.0000000E+0	1.0000000E+2	0.0000000E+0
2.3730000E+0	1.3513758E+1	1.2333350E+1	0.0000000E+0	0.0000000E+0	1.0000000E+2	0.0000000E+0
2.4230000E+0	1.3515722E+1	1.2334385E+1	0.0000000E+0	0.0000000E+0	1.0000000E+2	0.0000000E+0
2.4730000E+0	1.3514286E+1	1.2346345E+1	0.0000000E+0	0.0000000E+0	1.0000000E+2	0.0000000E+0
2.5230000E+0	1.3515953E+1	1.2339733E+1	0.0000000E+0	0.0000000E+0	1.0000000E+2	0.0000000E+0
2.5730000E+0	1.3517924E+1	1.2337296E+1	0.0000000E+0	0.0000000E+0	1.0000000E+2	0.0000000E+0
2.6230000E+0	1.3506188E+1	1.2336060E+1	0.0000000E+0	0.0000000E+0	1.0000000E+2	0.0000000E+0
2.6730000E+0	1.3526348E+1	1.2382307E+1	0.0000000E+0	0.0000000E+0	1.0000000E+2	0.0000000E+0
2.7230000E+0	1.4185630E+1	1.3058762E+1	0.0000000E+0	0.0000000E+0	1.0000000E+2	0.0000000E+0
2.7730000E+0	1.5321649E+1	1.4194928E+1	0.0000000E+0	0.0000000E+0	1.0000000E+2	0.0000000E+0
2.8230000E+0	1.6545671E+1	1.5414044E+1	0.0000000E+0	0.0000000E+0	1.0000000E+2	0.0000000E+0
2.8730000E+0	1.7888124E+1	1.6743295E+1	0.0000000E+0	0.0000000E+0	1.0000000E+2	0.0000000E+0
2.9230000E+0	1.9308528E+1	1.8149807E+1	0.0000000E+0	0.0000000E+0	1.0000000E+2	0.0000000E+0
2.9740000E+0	2.0682917E+1	1.9509316E+1	0.0000000E+0	0.0000000E+0	1.0000000E+2	0.0000000E+0
3.0240000E+0	2.1697111E+1	2.0512314E+1	0.0000000E+0	0.0000000E+0	1.0000000E+2	0.0000000E+0
3.0750000E+0	2.1822752E+1	2.0626219E+1	0.0000000E+0	0.0000000E+0	1.0000000E+2	0.0000000E+0
3.1250000E+0	2.1984447E+1	2.0759033E+1	0.0000000E+0	0.0000000E+0	1.0000000E+2	0.0000000E+0
3.1750000E+0	2.2114763E+1	2.0883525E+1	0.0000000E+0	0.0000000E+0	1.0000000E+2	0.0000000E+0
3.2250000E+0	2.2213978E+1	2.0964518E+1	0.0000000E+0	0.0000000E+0	1.0000000E+2	0.0000000E+0
3.2750000E+0	2.2305765E+1	2.1037782E+1	0.0000000E+0	0.0000000E+0	1.0000000E+2	0.0000000E+0
3.3250000E+0	2.2522438E+1	2.1237345E+1	0.0000000E+0	0.0000000E+0	1.0000000E+2	0.0000000E+0
3.3750000E+0	2.3199537E+1	2.1918928E+1	0.0000000E+0	0.0000000E+0	1.0000000E+2	0.0000000E+0
3.4250000E+0	2.4495605E+1	2.3193852E+1	0.0000000E+0	0.0000000E+0	1.0000000E+2	0.0000000E+0
3.4750000E+0	2.6111330E+1	2.4794495E+1	0.0000000E+0	0.0000000E+0	1.0000000E+2	0.0000000E+0
3.5250000E+0	2.7837847E+1	2.6513007E+1	0.0000000E+0	0.0000000E+0	1.0000000E+2	0.0000000E+0
3.5760000E+0	2.9559247E+1	2.8226924E+1	0.0000000E+0	0.0000000E+0	1.0000000E+2	0.0000000E+0
3.6270000E+0	3.0992258E+1	2.9633734E+1	0.0000000E+0	0.0000000E+0	1.0000000E+2	0.0000000E+0
3.6770000E+0	3.1699311E+1	3.0335922E+1	0.0000000E+0	0.0000000E+0	1.0000000E+2	0.0000000E+0
3.7270000E+0	3.2028553E+1	3.0682311E+1	0.0000000E+0	0.0000000E+0	1.0000000E+2	0.0000000E+0
3.7780000E+0	3.2245118E+1	3.0914863E+1	0.0000000E+0	0.0000000E+0	1.0000000E+2	0.0000000E+0
3.8290000E+0	3.2420110E+1	3.1092461E+1	0.0000000E+0	0.0000000E+0	1.0000000E+2	0.0000000E+0
3.8790000E+0	3.2542142E+1	3.1230197E+1	0.0000000E+0	0.0000000E+0	1.0000000E+2	0.0000000E+0
3.9290000E+0	3.2634360E+1	3.1336436E+1	0.0000000E+0	0.0000000E+0	1.0000000E+2	0.0000000E+0
3.9790000E+0	3.2700079E+1	3.1419490E+1	0.0000000E+0	0.0000000E+0	1.0000000E+2	0.0000000E+0
4.0290000E+0	3.2788832E+1	3.1512396E+1	0.0000000E+0	0.0000000E+0	1.0000000E+2	0.0000000E+0
4.0790000E+0	3.3030936E+1	3.1759859E+1	0.0000000E+0	0.0000000E+0	1.0000000E+2	0.0000000E+0
4.1290000E+0	3.3530875E+1	3.2277041E+1	0.0000000E+0	0.0000000E+0	1.0000000E+2	0.0000000E+0
4.1790000E+0	3.4419719E+1	3.3166591E+1	0.0000000E+0	0.0000000E+0	1.0000000E+2	0.0000000E+0
4.2290000E+0	3.5532847E+1	3.4271326E+1	0.0000000E+0	0.0000000E+0	1.0000000E+2	0.0000000E+0
4.2790000E+0	3.6740910E+1	3.5472056E+1	0.0000000E+0	0.0000000E+0	1.0000000E+2	0.0000000E+0
4.3300000E+0	3.7898729E+1	3.6632928E+1	0.0000000E+0	0.0000000E+0	1.0000000E+2	0.0000000E+0
4.3800000E+0	3.9034112E+1	3.7764721E+1	0.0000000E+0	0.0000000E+0	1.0000000E+2	0.0000000E+0
4.4300000E+0	4.0155542E+1	3.8865002E+1	0.0000000E+0	0.0000000E+0	1.0000000E+2	0.0000000E+0
4.4810000E+0	4.1203411E+1	3.9909709E+1	0.0000000E+0	0.0000000E+0	1.0000000E+2	0.0000000E+0
4.5310000E+0	4.2088317E+1	4.0792235E+1	0.0000000E+0	0.0000000E+0	1.0000000E+2	0.0000000E+0
4.5810000E+0	4.2719497E+1	4.1420858E+1	0.0000000E+0	0.0000000E+0	1.0000000E+2	0.0000000E+0
4.6310000E+0	4.3096754E+1	4.1791164E+1	0.0000000E+0	0.0000000E+0	1.0000000E+2	0.0000000E+0
4.6810000E+0	4.3362717E+1	4.2033716E+1	0.0000000E+0	0.0000000E+0	1.0000000E+2	0.0000000E+0
4.7310000E+0	4.3545070E+1	4.2216180E+1	0.0000000E+0	0.0000000E+0	1.0000000E+2	0.0000000E+0
4.7810000E+0	4.3694363E+1	4.2365092E+1	0.0000000E+0	0.0000000E+0	1.0000000E+2	0.0000000E+0
4.8310000E+0	4.3796911E+1	4.2469018E+1	0.0000000E+0	0.0000000E+0	1.0000000E+2	0.0000000E+0
4.8810000E+0	4.3858925E+1	4.2553760E+1	0.0000000E+0	0.0000000E+0	1.0000000E+2	0.0000000E+0
4.9310000E+0	4.3943910E+1	4.2615782E+1	0.0000000E+0	0.0000000E+0	1.0000000E+2	0.0000000E+0
4.9820000E+0	4.4082105E+1	4.2746511E+1	0.0000000E+0	0.0000000E+0	1.0000000E+2	0.0000000E+0
5.0320000E+0	4.4386970E+1	4.3055984E+1	0.0000000E+0	0.0000000E+0	1.0000000E+2	0.0000000E+0
5.0820000E+0	4.4925975E+1	4.3583865E+1	0.0000000E+0	0.0000000E+0	1.0000000E+2	0.0000000E+0
5.1320000E+0	4.5668049E+1	4.4317843E+1	0.0000000E+0	0.0000000E+0	1.0000000E+2	0.0000000E+0
5.1830000E+0	4.6516363E+1	4.5172505E+1	0.0000000E+0	0.0000000E+0	1.0000000E+2	0.0000000E+0
5.2330000E+0	4.7391385E+1	4.6035434E+1	0.0000000E+0	0.0000000E+0	1.0000000E+2	0.0000000E+0
5.2830000E+0	4.8211604E+1	4.6862830E+1	0.0000000E+0	0.0000000E+0	1.0000000E+2	0.0000000E+0
5.3330000E+0	4.8980807E+1	4.7638092E+1	0.0000000E+0	0.0000000E+0	1.0000000E+2	0.0000000E+0
5.3830000E+0	4.9695353E+1	4.8360964E+1	0.0000000E+0	0.0000000E+0	1.0000000E+2	0.0000000E+0
5.4340000E+0	5.0365940E+1	4.9036656E+1	0.0000000E+0	0.0000000E+0	1.0000000E+2	0.0000000E+0
5.4840000E+0	5.0973677E+1	4.9637237E+1	0.0000000E+0	0.0000000E+0	1.0000000E+2	0.0000000E+0
5.5350000E+0	5.1495594E+1	5.0162164E+1	0.0000000E+0	0.0000000E+0	1.0000000E+2	0.0000000E+0
5.5870000E+0	5.1951576E+1	5.0621661E+1	0.0000000E+0	0.0000000E+0	1.0000000E+2	0.0000000E+0
5.6370000E+0	5.2299064E+1	5.0986671E+1	0.0000000E+0	0.0000000E+0	1.0000000E+2	0.0000000E+0
5.6870000E+0	5.2590675E+1	5.1290105E+1	0.0000000E+0	0.0000000E+0	1.0000000E+2	0.0000000E+0
5.7380000E+0	5.2835046E+1	5.1544884E+1	0.0000000E+0	0.0000000E+0	1.0000000E+2	0.0000000E+0
5.7880000E+0	5.3060206E+1	5.1772609E+1	0.0000000E+0	0.0000000E+0	1.0000000E+2	0.0000000E+0
5.8390000E+0	5.3296378E+1	5.2012357E+1	0.0000000E+0	0.0000000E+0	1.0000000E+2	0.0000000E+0
5.8890000E+0	5.3514421E+1	5.2234982E+1	0.0000000E+0	0.0000000E+0	1.0000000E+2	0.0000000E+0
5.9390000E+0	5.3731910E+1	5.2447407E+1	0.0000000E+0	0.0000000E+0	1.0000000E+2	0.0000000E+0
5.9890000E+0	5.3901149E+1	5.2604551E+1	0.0000000E+0	0.0000000E+0	1.0000000E+2	0.0000000E+0
6.0390000E+0	5.4025551E+1	5.2735068E+1	0.0000000E+0	0.0000000E+0	1.0000000E+2	0.0000000E+0
6.0890000E+0	5.4129126E+1	5.2831987E+1	0.0000000E+0	0.0000000E+0	1.0000000E+2	0.0000000E+0
6.1390000E+0	5.4215894E+1	5.2909407E+1	0.0000000E+0	0.0000000E+0	1.0000000E+2	0.0000000E+0
6.1890000E+0	5.4282938E+1	5.2969462E+1	0.0000000E+0	0.0000000E+0	1.0000000E+2	0.0000000E+0
6.2390000E+0	5.4337191E+1	5.3020037E+1	0.0000000E+0	0.0000000E+0	1.0000000E+2	0.0000000E+0
6.2890000E+0	5.4379710E+1	5.3061365E+1	0.0000000E+0	0.0000000E+0	1.0000000E+2	0.0000000E+0
6.3390000E+0	5.4418680E+1	5.3099060E+1	0.0000000E+0	0.0000000E+0	1.0000000E+2	0.0000000E+0
6.3890000E+0	5.4482040E+1	5.3153702E+1	0.0000000E+0	0.0000000E+0	1.0000000E+2	0.0000000E+0
6.4390000E+0	5.4559337E+1	5.3240726E+1	0.0000000E+0	0.0000000E+0	1.0000000E+2	0.0000000E+0
6.4900000E+0	5.4675134E+1	5.3363260E+1	0.0000000E+0	0.0000000E+0	1.0000000E+2	0.0000000E+0
6.5410000E+0	5.4822319E+1	5.3534695E+1	0.0000000E+0	0.0000000E+0	1.0000000E+2	0.0000000E+0
6.5920000E+0	5.5021907E+1	5.3748190E+1	0.0000000E+0	0.0000000E+0	1.0000000E+2	0.0000000E+0
6.6430000E+0	5.5298872E+1	5.4030168E+1	0.0000000E+0	0.0000000E+0	1.0000000E+2	0.0000000E+0
6.6930000E+0	5.5668960E+1	5.4406750E+1	0.0000000E+0	0.0000000E+0	1.0000000E+2	0.0000000E+0
6.7430000E+0	5.6092012E+1	5.4845449E+1	0.0000000E+0	0.0000000E+0	1.0000000E+2	0.0000000E+0
6.7930000E+0	5.6546146E+1	5.5301359E+1	0.0000000E+0	0.0000000E+0	1.0000000E+2	0.0000000E+0
6.8440000E+0	5.7014029E+1	5.5763947E+1	0.0000000E+0	0.0000000E+0	1.0000000E+2	0.0000000E+0
6.8950000E+0	5.7444102E+1	5.6197124E+1	0.0000000E+0	0.0000000E+0	1.0000000E+2	0.0000000E+0
6.9450000E+0	5.7878725E+1	5.6629268E+1	0.0000000E+0	0.0000000E+0	1.0000000E+2	0.0000000E+0
6.9960000E+0	5.8311545E+1	5.7061207E+1	0.0000000E+0	0.0000000E+0	1.0000000E+2	0.0000000E+0
7.0460000E+0	5.8744342E+1	5.7504485E+1	0.0000000E+0	0.0000000E+0	1.0000000E+2	0.0000000E+0
7.0960000E+0	5.9225081E+1	5.7989310E+1	0.0000000E+0	0.0000000E+0	1.0000000E+2	0.0000000E+0
7.1460000E+0	5.9784793E+1	5.8542056E+1	0.0000000E+0	0.0000000E+0	1.0000000E+2	0.0000000E+0
7.1960000E+0	6.0364421E+1	5.9123564E+1	0.0000000E+0	0.0000000E+0	1.0000000E+2	0.0000000E+0
7.2460000E+0	6.0898714E+1	5.9652622E+1	0.0000000E+0	0.0000000E+0	1.0000000E+2	0.0000000E+0
7.2970000E+0	6.1403233E+1	6.0162846E+1	0.0000000E+0	0.0000000E+0	1.0000000E+2	0.0000000E+0
7.3470000E+0	6.1865171E+1	6.0633119E+1	0.0000000E+0	0.0000000E+0	1.0000000E+2	0.0000000E+0
7.3970000E+0	6.2272730E+1	6.1036072E+1	0.0000000E+0	0.0000000E+0	1.0000000E+2	0.0000000E+0
7.4470000E+0	6.2610908E+1	6.1380719E+1	0.0000000E+0	0.0000000E+0	1.0000000E+2	0.0000000E+0
7.4970000E+0	6.2893116E+1	6.1664942E+1	0.0000000E+0	0.0000000E+0	1.0000000E+2	0.0000000E+0
7.5470000E+0	6.3143035E+1	6.1909018E+1	0.0000000E+0	0.0000000E+0	1.0000000E+2	0.0000000E+0
7.5970000E+0	6.3386001E+1	6.2148832E+1	0.0000000E+0	0.0000000E+0	1.0000000E+2	0.0000000E+0
7.6470000E+0	6.3599501E+1	6.2351895E+1	0.0000000E+0	0.0000000E+0	1.0000000E+2	0.0000000E+0
7.6970000E+0	6.3774361E+1	6.2523077E+1	0.0000000E+0	0.0000000E+0	1.0000000E+2	0.0000000E+0
7.7470000E+0	6.3921347E+1	6.2661246E+1	0.0000000E+0	0.0000000E+0	1.0000000E+2	0.0000000E+0
7.7970000E+0	6.4053990E+1	6.2780826E+1	0.0000000E+0	0.0000000E+0	1.0000000E+2	0.0000000E+0
7.8480000E+0	6.4130994E+1	6.2860790E+1	0.0000000E+0	0.0000000E+0	1.0000000E+2	0.0000000E+0
7.8980000E+0	6.4197483E+1	6.2931120E+1	0.0000000E+0	0.0000000E+0	1.0000000E+2	0.0000000E+0
7.9480000E+0	6.4245972E+1	6.2986039E+1	0.0000000E+0	0.0000000E+0	1.0000000E+2	0.0000000E+0
7.9990000E+0	6.4300815E+1	6.3038120E+1	0.0000000E+0	0.0000000E+0	1.0000000E+2	0.0000000E+0
8.0490000E+0	6.4342401E+1	6.3077493E+1	0.0000000E+0	0.0000000E+0	1.0000000E+2	0.0000000E+0
8.0990000E+0	6.4384858E+1	6.3120530E+1	0.0000000E+0	0.0000000E+0	1.0000000E+2	0.0000000E+0
8.1490000E+0	6.4407491E+1	6.3144925E+1	0.0000000E+0	0.0000000E+0	1.0000000E+2	0.0000000E+0
8.1990000E+0	6.4436208E+1	6.3169890E+1	0.0000000E+0	0.0000000E+0	1.0000000E+2	0.0000000E+0
8.2490000E+0	6.4447963E+1	6.3186187E+1	0.0000000E+0	0.0000000E+0	1.0000000E+2	0.0000000E+0
8.2990000E+0	6.4457823E+1	6.3202937E+1	0.0000000E+0	0.0000000E+0	1.0000000E+2	0.0000000E+0
8.3510000E+0	6.4488455E+1	6.3223717E+1	0.0000000E+0	0.0000000E+0	1.0000000E+2	0.0000000E+0
8.4010000E+0	6.4497188E+1	6.3231283E+1	0.0000000E+0	0.0000000E+0	1.0000000E+2	0.0000000E+0
8.4510000E+0	6.4517192E+1	6.3253226E+1	0.0000000E+0	0.0000000E+0	1.0000000E+2	0.0000000E+0
8.5010000E+0	6.4528715E+1	6.3264653E+1	0.0000000E+0	0.0000000E+0	1.0000000E+2	0.0000000E+0
8.5520000E+0	6.4537652E+1	6.3276934E+1	0.0000000E+0	0.0000000E+0	1.0000000E+2	0.0000000E+0
8.6020000E+0	6.4552261E+1	6.3284213E+1	0.0000000E+0	0.0000000E+0	1.0000000E+2	0.0000000E+0
8.6520000E+0	6.4557450E+1	6.3306900E+1	0.0000000E+0	0.0000000E+0	1.0000000E+2	0.0000000E+0
8.7020000E+0	6.4566233E+1	6.3314481E+1	0.0000000E+0	0.0000000E+0	1.0000000E+2	0.0000000E+0
8.7520000E+0	6.4571550E+1	6.3332377E+1	0.0000000E+0	0.0000000E+0	1.0000000E+2	0.0000000E+0
8.8020000E+0	6.4569590E+1	6.3338142E+1	0.0000000E+0	0.0000000E+0	1.0000000E+2	0.0000000E+0
8.8530000E+0	6.4592851E+1	6.3374423E+1	0.0000000E+0	0.0000000E+0	1.0000000E+2	0.0000000E+0
8.9030000E+0	6.4620458E+1	6.3398953E+1	0.0000000E+0	0.0000000E+0	1.0000000E+2	0.0000000E+0
8.9530000E+0	6.4657608E+1	6.3452887E+1	0.0000000E+0	0.0000000E+0	1.0000000E+2	0.0000000E+0
9.0030000E+0	6.4703293E+1	6.3501543E+1	0.0000000E+0	0.0000000E+0	1.0000000E+2	0.0000000E+0
9.0530000E+0	6.4735253E+1	6.3538711E+1	0.0000000E+0	0.0000000E+0	1.0000000E+2	0.0000000E+0
9.1030000E+0	6.4789287E+1	6.3589056E+1	0.0000000E+0	0.0000000E+0	1.0000000E+2	0.0000000E+0
9.1530000E+0	6.4878652E+1	6.3678967E+1	0.0000000E+0	0.0000000E+0	1.0000000E+2	0.0000000E+0
9.2030000E+0	6.4945494E+1	6.3763595E+1	0.0000000E+0	0.0000000E+0	1.0000000E+2	0.0000000E+0
9.2530000E+0	6.5008728E+1	6.3821429E+1	0.0000000E+0	0.0000000E+0	1.0000000E+2	0.0000000E+0
9.3030000E+0	6.5066582E+1	6.3880849E+1	0.0000000E+0	0.0000000E+0	1.0000000E+2	0.0000000E+0
9.3530000E+0	6.5129695E+1	6.3945156E+1	0.0000000E+0	0.0000000E+0	1.0000000E+2	0.0000000E+0
9.4030000E+0	6.5204519E+1	6.4025100E+1	0.0000000E+0	0.0000000E+0	1.0000000E+2	0.0000000E+0
9.4530000E+0	6.5257194E+1	6.4077649E+1	0.0000000E+0	0.0000000E+0	1.0000000E+2	0.0000000E+0
9.5040000E+0	6.5347607E+1	6.4154891E+1	0.0000000E+0	0.0000000E+0	1.0000000E+2	0.0000000E+0
9.5540000E+0	6.5443590E+1	6.4225486E+1	0.0000000E+0	0.0000000E+0	1.0000000E+2	0.0000000E+0
9.6050000E+0	6.5517234E+1	6.4303950E+1	0.0000000E+0	0.0000000E+0	1.0000000E+2	0.0000000E+0
9.6550000E+0	6.5595656E+1	6.4386550E+1	0.0000000E+0	0.0000000E+0	1.0000000E+2	0.0000000E+0
9.7050000E+0	6.5681192E+1	6.4458337E+1	0.0000000E+0	0.0000000E+0	1.0000000E+2	0.0000000E+0
9.7570000E+0	6.5747727E+1	6.4520803E+1	0.0000000E+0	0.0000000E+0	1.0000000E+2	0.0000000E+0
9.8070000E+0	6.5805224E+1	6.4571639E+1	0.0000000E+0	0.0000000E+0	1.0000000E+2	0.0000000E+0
9.8570000E+0	6.5867766E+1	6.4642113E+1	0.0000000E+0	0.0000000E+0	1.0000000E+2	0.0000000E+0
9.9070000E+0	6.5915138E+1	6.4711425E+1	0.0000000E+0	0.0000000E+0	1.0000000E+2	0.0000000E+0
9.9570000E+0	6.5949201E+1	6.4753501E+1	0.0000000E+0	0.0000000E+0	1.0000000E+2	0.0000000E+0
1.0007000E+1	6.5990563E+1	6.4805859E+1	0.0000000E+0	0.0000000E+0	1.0000000E+2	0.0000000E+0
1.0057000E+1	6.6030310E+1	6.4854732E+1	0.0000000E+0	0.0000000E+0	1.0000000E+2	0.0000000E+0
1.0107000E+1	6.6059396E+1	6.4903281E+1	0.0000000E+0	0.0000000E+0	1.0000000E+2	0.0000000E+0
1.0157000E+1	6.6098728E+1	6.4946700E+1	0.0000000E+0	0.0000000E+0	1.0000000E+2	0.0000000E+0
1.0207000E+1	6.6144119E+1	6.4998525E+1	0.0000000E+0	0.0000000E+0	1.0000000E+2	0.0000000E+0
1.0257000E+1	6.6161997E+1	6.5029544E+1	0.0000000E+0	0.0000000E+0	1.0000000E+2	0.0000000E+0
1.0307000E+1	6.6177329E+1	6.5059064E+1	0.0000000E+0	0.0000000E+0	1.0000000E+2	0.0000000E+0
1.0357000E+1	6.6227007E+1	6.5104791E+1	0.0000000E+0	0.0000000E+0	1.0000000E+2	0.0000000E+0
1.0407000E+1	6.6266609E+1	6.5142788E+1	0.0000000E+0	0.0000000E+0	1.0000000E+2	0.0000000E+0
1.0459000E+1	6.6301705E+1	6.5168997E+1	0.0000000E+0	0.0000000E+0	1.0000000E+2	0.0000000E+0
1.0509000E+1	6.6325240E+1	6.5197248E+1	0.0000000E+0	0.0000000E+0	1.0000000E+2	0.0000000E+0
1.0559000E+1	6.6351661E+1	6.5236437E+1	0.0000000E+0	0.0000000E+0	1.0000000E+2	0.0000000E+0
1.0609000E+1	6.6375949E+1	6.5274619E+1	0.0000000E+0	0.0000000E+0	1.0000000E+2	0.0000000E+0
1.0660000E+1	6.6384462E+1	6.5302088E+1	0.0000000E+0	0.0000000E+0	1.0000000E+2	0.0000000E+0
1.0710000E+1	6.6402842E+1	6.5319913E+1	0.0000000E+0	0.0000000E+0	1.0000000E+2	0.0000000E+0
1.0761000E+1	6.6377639E+1	6.5314000E+1	0.0000000E+0	0.0000000E+0	1.0000000E+2	0.0000000E+0
1.0811000E+1	6.6362906E+1	6.5319238E+1	0.0000000E+0	0.0000000E+0	1.0000000E+2	0.0000000E+0
1.0861000E+1	6.6351137E+1	6.5312609E+1	0.0000000E+0	0.0000000E+0	1.0000000E+2	0.0000000E+0
1.0911000E+1	6.6338952E+1	6.5308265E+1	0.0000000E+0	0.0000000E+0	1.0000000E+2	0.0000000E+0
1.0961000E+1	6.6326364E+1	6.5303465E+1	0.0000000E+0	0.0000000E+0	1.0000000E+2	0.0000000E+0
1.1011000E+1	6.6307065E+1	6.5307885E+1	0.0000000E+0	0.0000000E+0	1.0000000E+2	0.0000000E+0
1.1062000E+1	6.6303075E+1	6.5305563E+1	0.0000000E+0	0.0000000E+0	1.0000000E+2	0.0000000E+0
1.1113000E+1	6.6297238E+1	6.5309764E+1	0.0000000E+0	0.0000000E+0	1.0000000E+2	0.0000000E+0
1.1163000E+1	6.6295852E+1	6.5309645E+1	0.0000000E+0	0.0000000E+0	1.0000000E+2	0.0000000E+0
1.1213000E+1	6.6302472E+1	6.5312895E+1	0.0000000E+0	0.0000000E+0	1.0000000E+2	0.0000000E+0
1.1263000E+1	6.6287262E+1	6.5316357E+1	0.0000000E+0	0.0000000E+0	1.0000000E+2	0.0000000E+0
1.1313000E+1	6.6292203E+1	6.5308886E+1	0.0000000E+0	0.0000000E+0	1.0000000E+2	0.0000000E+0
1.1364000E+1	6.6307773E+1	6.5308465E+1	0.0000000E+0	0.0000000E+0	1.0000000E+2	0.0000000E+0
1.1414000E+1	6.6313771E+1	6.5307913E+1	0.0000000E+0	0.0000000E+0	1.0000000E+2	0.0000000E+0
1.1464000E+1	6.6323430E+1	6.5320509E+1	0.0000000E+0	0.0000000E+0	1.0000000E+2	0.0000000E+0
1.1514000E+1	6.6313778E+1	6.5319643E+1	0.0000000E+0	0.0000000E+0	1.0000000E+2	0.0000000E+0
1.1564000E+1	6.6325279E+1	6.5325363E+1	0.0000000E+0	0.0000000E+0	1.0000000E+2	0.0000000E+0
1.1614000E+1	6.6335027E+1	6.5327184E+1	0.0000000E+0	0.0000000E+0	1.0000000E+2	0.0000000E+0
1.1664000E+1	6.6341465E+1	6.5327282E+1	0.0000000E+0	0.0000000E+0	1.0000000E+2	0.0000000E+0
1.1714000E+1	6.6338494E+1	6.5330285E+1	0.0000000E+0	0.0000000E+0	1.0000000E+2	0.0000000E+0
1.1765000E+1	6.6355892E+1	6.5352738E+1	0.0000000E+0	0.0000000E+0	1.0000000E+2	0.0000000E+0
1.1816000E+1	6.6363274E+1	6.5351843E+1	0.0000000E+0	0.0000000E+0	1.0000000E+2	0.0000000E+0
1.1866000E+1	6.6365961E+1	6.5346676E+1	0.0000000E+0	0.0000000E+0	1.0000000E+2	0.0000000E+0
1.1916000E+1	6.6360998E+1	6.5358407E+1	0.0000000E+0	0.0000000E+0	1.0000000E+2	0.0000000E+0
1.1966000E+1	6.6368999E+1	6.5360408E+1	0.0000000E+0	0.0000000E+0	1.0000000E+2	0.0000000E+0
1.2017000E+1	6.6360829E+1	6.5375120E+1	0.0000000E+0	0.0000000E+0	1.0000000E+2	0.0000000E+0
1.2068000E+1	6.6361231E+1	6.5386177E+1	0.0000000E+0	0.0000000E+0	1.0000000E+2	0.0000000E+0
1.2118000E+1	6.6349716E+1	6.5388345E+1	0.0000000E+0	0.0000000E+0	1.0000000E+2	0.0000000E+0
1.2168000E+1	6.6325215E+1	6.5387375E+1	0.0000000E+0	0.0000000E+0	1.0000000E+2	0.0000000E+0
1.2218000E+1	6.6303569E+1	6.5385736E+1	0.0000000E+0	0.0000000E+0	1.0000000E+2	0.0000000E+0
1.2268000E+1	6.6298464E+1	6.5385551E+1	0.0000000E+0	0.0000000E+0	1.0000000E+2	0.0000000E+0
1.2319000E+1	6.6272625E+1	6.5378110E+1	0.0000000E+0	0.0000000E+0	1.0000000E+2	0.0000000E+0
1.2370000E+1	6.6266218E+1	6.5384678E+1	0.0000000E+0	0.0000000E+0	1.0000000E+2	0.0000000E+0
1.2421000E+1	6.6258618E+1	6.5375990E+1	0.0000000E+0	0.0000000E+0	1.0000000E+2	0.0000000E+0
1.2471000E+1	6.6261857E+1	6.5375413E+1	0.0000000E+0	0.0000000E+0	1.0000000E+2	0.0000000E+0
1.2522000E+1	6.6251886E+1	6.5374558E+1	0.0000000E+0	0.0000000E+0	1.0000000E+2	0.0000000E+0
1.2573000E+1	6.6242752E+1	6.5386417E+1	0.0000000E+0	0.0000000E+0	1.0000000E+2	0.0000000E+0
1.2624000E+1	6.6250062E+1	6.5398421E+1	0.0000000E+0	0.0000000E+0	1.0000000E+2	0.0000000E+0
1.2674000E+1	6.6255553E+1	6.5394682E+1	0.0000000E+0	0.0000000E+0	1.0000000E+2	0.0000000E+0
1.2724000E+1	6.6259239E+1	6.5411207E+1	0.0000000E+0	0.0000000E+0	1.0000000E+2	0.0000000E+0
1.2774000E+1	6.6268387E+1	6.5426001E+1	0.0000000E+0	0.0000000E+0	1.0000000E+2	0.0000000E+0
1.2824000E+1	6.6256585E+1	6.5428677E+1	0.0000000E+0	0.0000000E+0	1.0000000E+2	0.0000000E+0
1.2874000E+1	6.6243147E+1	6.5424862E+1	0.0000000E+0	0.0000000E+0	1.0000000E+2	0.0000000E+0
1.2925000E+1	6.6239939E+1	6.5424125E+1	0.0000000E+0	0.0000000E+0	1.0000000E+2	0.0000000E+0
1.2976000E+1	6.6245424E+1	6.5439592E+1	0.0000000E+0	0.0000000E+0	1.0000000E+2	0.0000000E+0
1.3027000E+1	6.6249656E+1	6.5445607E+1	0.0000000E+0	0.0000000E+0	1.0000000E+2	0.0000000E+0
1.3077000E+1	6.6260883E+1	6.5456010E+1	0.0000000E+0	0.0000000E+0	1.0000000E+2	0.0000000E+0
1.3127000E+1	6.6245660E+1	6.5461644E+1	0.0000000E+0	0.0000000E+0	1.0000000E+2	0.0000000E+0
1.3178000E+1	6.6248367E+1	6.5467521E+1	0.0000000E+0	0.0000000E+0	1.0000000E+2	0.0000000E+0
1.3228000E+1	6.6246286E+1	6.5463132E+1	0.0000000E+0	0.0000000E+0	1.0000000E+2	0.0000000E+0
1.3278000E+1	6.6235933E+1	6.5458257E+1	0.0000000E+0	0.0000000E+0	1.0000000E+2	0.0000000E+0
1.3329000E+1	6.6237741E+1	6.5469890E+1	0.0000000E+0	0.0000000E+0	1.0000000E+2	0.0000000E+0
1.3380000E+1	6.6242242E+1	6.5469693E+1	0.0000000E+0	0.0000000E+0	1.0000000E+2	0.0000000E+0
1.3431000E+1	6.6236718E+1	6.5471318E+1	0.0000000E+0	0.0000000E+0	1.0000000E+2	0.0000000E+0
1.3481000E+1	6.6251205E+1	6.5478529E+1	0.0000000E+0	0.0000000E+0	1.0000000E+2	0.0000000E+0
1.3531000E+1	6.6289321E+1	6.5491373E+1	0.0000000E+0	0.0000000E+0	1.0000000E+2	0.0000000E+0
1.3581000E+1	6.6287907E+1	6.5491599E+1	0.0000000E+0	0.0000000E+0	1.0000000E+2	0.0000000E+0
1.3631000E+1	6.6303636E+1	6.5494855E+1	0.0000000E+0	0.0000000E+0	1.0000000E+2	0.0000000E+0
1.3681000E+1	6.6301504E+1	6.5489145E+1	0.0000000E+0	0.0000000E+0	1.0000000E+2	0.0000000E+0
1.3731000E+1	6.6290485E+1	6.5488956E+1	0.0000000E+0	0.0000000E+0	1.0000000E+2	0.0000000E+0
1.3782000E+1	6.6289012E+1	6.5490397E+1	0.0000000E+0	0.0000000E+0	1.0000000E+2	0.0000000E+0
1.3833000E+1	6.6300130E+1	6.5501081E+1	0.0000000E+0	0.0000000E+0	1.0000000E+2	0.0000000E+0
1.3884000E+1	6.6317186E+1	6.5500424E+1	0.0000000E+0	0.0000000E+0	1.0000000E+2	0.0000000E+0
1.3934000E+1	6.6358496E+1	6.5517712E+1	0.0000000E+0	0.0000000E+0	1.0000000E+2	0.0000000E+0
1.3984000E+1	6.6361436E+1	6.5519254E+1	0.0000000E+0	0.0000000E+0	1.0000000E+2	0.0000000E+0
1.4034000E+1	6.6379178E+1	6.5529444E+1	0.0000000E+0	0.0000000E+0	1.0000000E+2	0.0000000E+0
1.4085000E+1	6.6400544E+1	6.5536272E+1	0.0000000E+0	0.0000000E+0	1.0000000E+2	0.0000000E+0
1.4136000E+1	6.6434865E+1	6.5538006E+1	0.0000000E+0	0.0000000E+0	1.0000000E+2	0.0000000E+0
1.4186000E+1	6.6441263E+1	6.5539101E+1	0.0000000E+0	0.0000000E+0	1.0000000E+2	0.0000000E+0
1.4236000E+1	6.6437767E+1	6.5545422E+1	0.0000000E+0	0.0000000E+0	1.0000000E+2	0.0000000E+0
1.4286000E+1	6.6432733E+1	6.5543268E+1	0.0000000E+0	0.0000000E+0	1.0000000E+2	0.0000000E+0
1.4337000E+1	6.6428602E+1	6.5541253E+1	0.0000000E+0	0.0000000E+0	1.0000000E+2	0.0000000E+0
1.4388000E+1	6.6415425E+1	6.5541367E+1	0.0000000E+0	0.0000000E+0	1.0000000E+2	0.0000000E+0
1.4438000E+1	6.6417615E+1	6.5551971E+1	0.0000000E+0	0.0000000E+0	1.0000000E+2	0.0000000E+0
1.4489000E+1	6.6424865E+1	6.5544538E+1	0.0000000E+0	0.0000000E+0	1.0000000E+2	0.0000000E+0
1.4539000E+1	6.6421584E+1	6.5553755E+1	0.0000000E+0	0.0000000E+0	1.0000000E+2	0.0000000E+0
1.4589000E+1	6.6419889E+1	6.5562173E+1	0.0000000E+0	0.0000000E+0	1.0000000E+2	0.0000000E+0
1.4639000E+1	6.6426985E+1	6.5560992E+1	0.0000000E+0	0.0000000E+0	1.0000000E+2	0.0000000E+0
1.4691000E+1	6.6435267E+1	6.5573536E+1	0.0000000E+0	0.0000000E+0	1.0000000E+2	0.0000000E+0
1.4741000E+1	6.6456227E+1	6.5586268E+1	0.0000000E+0	0.0000000E+0	1.0000000E+2	0.0000000E+0
1.4791000E+1	6.6476827E+1	6.5600905E+1	0.0000000E+0	0.0000000E+0	1.0000000E+2	0.0000000E+0
1.4842000E+1	6.6465180E+1	6.5597393E+1	0.0000000E+0	0.0000000E+0	1.0000000E+2	0.0000000E+0
1.4893000E+1	6.6482197E+1	6.5606278E+1	0.0000000E+0	0.0000000E+0	1.0000000E+2	0.0000000E+0
1.4943000E+1	6.6484795E+1	6.5611441E+1	0.0000000E+0	0.0000000E+0	1.0000000E+2	0.0000000E+0
1.4993000E+1	6.6459967E+1	6.5617868E+1	0.0000000E+0	0.0000000E+0	1.0000000E+2	0.0000000E+0
1.5044000E+1	6.6454711E+1	6.5619833E+1	0.0000000E+0	0.0000000E+0	1.0000000E+2	0.0000000E+0
1.5095000E+1	6.6452512E+1	6.5622527E+1	0.0000000E+0	0.0000000E+0	1.0000000E+2	0.0000000E+0
1.5145000E+1	6.6459829E+1	6.5626001E+1	0.0000000E+0	0.0000000E+0	1.0000000E+2	0.0000000E+0
1.5195000E+1	6.6443783E+1	6.5620767E+1	0.0000000E+0	0.0000000E+0	1.0000000E+2	0.0000000E+0
1.5245000E+1	6.6453993E+1	6.5627503E+1	0.0000000E+0	0.0000000E+0	1.0000000E+2	0.0000000E+0
1.5295000E+1	6.6433085E+1	6.5613252E+1	0.0000000E+0	0.0000000E+0	1.0000000E+2	0.0000000E+0
1.5345000E+1	6.6373429E+1	6.5565856E+1	0.0000000E+0	0.0000000E+0	1.0000000E+2	0.0000000E+0
1.5395000E+1	6.6285881E+1	6.5478056E+1	0.0000000E+0	0.0000000E+0	1.0000000E+2	0.0000000E+0
1.5446000E+1	6.6208307E+1	6.5400996E+1	0.0000000E+0	0.0000000E+0	1.0000000E+2	0.0000000E+0
1.5496000E+1	6.6126392E+1	6.5324125E+1	0.0000000E+0	0.0000000E+0	1.0000000E+2	0.0000000E+0
1.5546000E+1	6.6046007E+1	6.5242919E+1	0.0000000E+0	0.0000000E+0	1.0000000E+2	0.0000000E+0
1.5596000E+1	6.5964307E+1	6.5166274E+1	0.0000000E+0	0.0000000E+0	1.0000000E+2	0.0000000E+0
1.5646000E+1	6.5898095E+1	6.5107189E+1	0.0000000E+0	0.0000000E+0	1.0000000E+2	0.0000000E+0
1.5696000E+1	6.5801944E+1	6.5028495E+1	0.0000000E+0	0.0000000E+0	1.0000000E+2	0.0000000E+0
1.5746000E+1	6.5733979E+1	6.4963477E+1	0.0000000E+0	0.0000000E+0	1.0000000E+2	0.0000000E+0
1.5796000E+1	6.5651769E+1	6.4876153E+1	0.0000000E+0	0.0000000E+0	1.0000000E+2	0.0000000E+0
1.5846000E+1	6.5559931E+1	6.4800351E+1	0.0000000E+0	0.0000000E+0	1.0000000E+2	0.0000000E+0
1.5896000E+1	6.5456747E+1	6.4697612E+1	0.0000000E+0	0.0000000E+0	1.0000000E+2	0.0000000E+0
1.5946000E+1	6.5352582E+1	6.4606790E+1	0.0000000E+0	0.0000000E+0	1.0000000E+2	0.0000000E+0
1.5996000E+1	6.5253089E+1	6.4526494E+1	0.0000000E+0	0.0000000E+0	1.0000000E+2	0.0000000E+0
1.6046000E+1	6.5161830E+1	6.4455809E+1	0.0000000E+0	0.0000000E+0	1.0000000E+2	0.0000000E+0
1.6096000E+1	6.5088356E+1	6.4390586E+1	0.0000000E+0	0.0000000E+0	1.0000000E+2	0.0000000E+0
1.6146000E+1	6.5001872E+1	6.4311386E+1	0.0000000E+0	0.0000000E+0	1.0000000E+2	0.0000000E+0
1.6196000E+1	6.4928939E+1	6.4243140E+1	0.0000000E+0	0.0000000E+0	1.0000000E+2	0.0000000E+0
1.6247000E+1	6.4864421E+1	6.4172822E+1	0.0000000E+0	0.0000000E+0	1.0000000E+2	0.0000000E+0
1.6297000E+1	6.4796390E+1	6.4124394E+1	0.0000000E+0	0.0000000E+0	1.0000000E+2	0.0000000E+0
1.6348000E+1	6.4724843E+1	6.4050016E+1	0.0000000E+0	0.0000000E+0	1.0000000E+2	0.0000000E+0
1.6398000E+1	6.4647890E+1	6.3971542E+1	0.0000000E+0	0.0000000E+0	1.0000000E+2	0.0000000E+0
1.6448000E+1	6.4519299E+1	6.3854428E+1	0.0000000E+0	0.0000000E+0	1.0000000E+2	0.0000000E+0
1.6498000E+1	6.4363358E+1	6.3727979E+1	0.0000000E+0	0.0000000E+0	1.0000000E+2	0.0000000E+0
1.6548000E+1	6.4205179E+1	6.3594477E+1	0.0000000E+0	0.0000000E+0	1.0000000E+2	0.0000000E+0
1.6598000E+1	6.4075684E+1	6.3461144E+1	0.0000000E+0	0.0000000E+0	1.0000000E+2	0.0000000E+0
1.6648000E+1	6.3920253E+1	6.3336492E+1	0.0000000E+0	0.0000000E+0	1.0000000E+2	0.0000000E+0
1.6699000E+1	6.3743178E+1	6.3174402E+1	0.0000000E+0	0.0000000E+0	1.0000000E+2	0.0000000E+0
1.6750000E+1	6.3598120E+1	6.3037280E+1	0.0000000E+0	0.0000000E+0	1.0000000E+2	0.0000000E+0
1.6800000E+1	6.3477900E+1	6.2920467E+1	0.0000000E+0	0.0000000E+0	1.0000000E+2	0.0000000E+0
1.6850000E+1	6.3353532E+1	6.2797068E+1	0.0000000E+0	0.0000000E+0	1.0000000E+2	0.0000000E+0
1.6900000E+1	6.3245804E+1	6.2702473E+1	0.0000000E+0	0.0000000E+0	1.0000000E+2	0.0000000E+0
1.6950000E+1	6.3144974E+1	6.2604698E+1	0.0000000E+0	0.0000000E+0	1.0000000E+2	0.0000000E+0
1.7001000E+1	6.3029602E+1	6.2497463E+1	0.0000000E+0	0.0000000E+0	1.0000000E+2	0.0000000E+0
1.7052000E+1	6.2932848E+1	6.2398425E+1	0.0000000E+0	0.0000000E+0	1.0000000E+2	0.0000000E+0
1.7102000E+1	6.2820470E+1	6.2301759E+1	0.0000000E+0	0.0000000E+0	1.0000000E+2	0.0000000E+0
1.7153000E+1	6.2706664E+1	6.2211047E+1	0.0000000E+0	0.0000000E+0	1.0000000E+2	0.0000000E+0
1.7204000E+1	6.2605055E+1	6.2120554E+1	0.0000000E+0	0.0000000E+0	1.0000000E+2	0.0000000E+0
1.7254000E+1	6.2536196E+1	6.2052576E+1	0.0000000E+0	0.0000000E+0	1.0000000E+2	0.0000000E+0
1.7304000E+1	6.2456039E+1	6.1987303E+1	0.0000000E+0	0.0000000E+0	1.0000000E+2	0.0000000E+0
1.7354000E+1	6.2384953E+1	6.1923408E+1	0.0000000E+0	0.0000000E+0	1.0000000E+2	0.0000000E+0
1.7405000E+1	6.2303941E+1	6.1848331E+1	0.0000000E+0	0.0000000E+0	1.0000000E+2	0.0000000E+0
1.7457000E+1	6.2228340E+1	6.1773804E+1	0.0000000E+0	0.0000000E+0	1.0000000E+2	0.0000000E+0
1.7508000E+1	6.2143149E+1	6.1707100E+1	0.0000000E+0	0.0000000E+0	1.0000000E+2	0.0000000E+0
1.7559000E+1	6.2063295E+1	6.1634082E+1	0.0000000E+0	0.0000000E+0	1.0000000E+2	0.0000000E+0
1.7610000E+1	6.1990317E+1	6.1576493E+1	0.0000000E+0	0.0000000E+0	1.0000000E+2	0.0000000E+0
1.7660000E+1	6.1908545E+1	6.1505851E+1	0.0000000E+0	0.0000000E+0	1.0000000E+2	0.0000000E+0
1.7711000E+1	6.1859616E+1	6.1446438E+1	0.0000000E+0	0.0000000E+0	1.0000000E+2	0.0000000E+0
1.7761000E+1	6.1814643E+1	6.1393841E+1	0.0000000E+0	0.0000000E+0	1.0000000E+2	0.0000000E+0
1.7811000E+1	6.1731785E+1	6.1335313E+1	0.0000000E+0	0.0000000E+0	1.0000000E+2	0.0000000E+0
1.7862000E+1	6.1654629E+1	6.1267848E+1	0.0000000E+0	0.0000000E+0	1.0000000E+2	0.0000000E+0
1.7912000E+1	6.1598694E+1	6.1204025E+1	0.0000000E+0	0.0000000E+0	1.0000000E+2	0.0000000E+0
1.7963000E+1	6.1544513E+1	6.1153686E+1	0.0000000E+0	0.0000000E+0	1.0000000E+2	0.0000000E+0
1.8014000E+1	6.1491858E+1	6.1109405E+1	0.0000000E+0	0.0000000E+0	1.0000000E+2	0.0000000E+0
1.8064000E+1	6.1437995E+1	6.1061208E+1	0.0000000E+0	0.0000000E+0	1.0000000E+2	0.0000000E+0
1.8115000E+1	6.1385262E+1	6.1006709E+1	0.0000000E+0	0.0000000E+0	1.0000000E+2	0.0000000E+0
1.8166000E+1	6.1327942E+1	6.0955532E+1	0.0000000E+0	0.0000000E+0	1.0000000E+2	0.0000000E+0
1.8217000E+1	6.1257334E+1	6.0906379E+1	0.0000000E+0	0.0000000E+0	1.0000000E+2	0.0000000E+0
1.8267000E+1	6.1184868E+1	6.0859904E+1	0.0000000E+0	0.0000000E+0	1.0000000E+2	0.0000000E+0
1.8318000E+1	6.1116303E+1	6.0791997E+1	0.0000000E+0	0.0000000E+0	1.0000000E+2	0.0000000E+0
1.8368000E+1	6.1062078E+1	6.0747840E+1	0.0000000E+0	0.0000000E+0	1.0000000E+2	0.0000000E+0
1.8418000E+1	6.1012759E+1	6.0696795E+1	0.0000000E+0	0.0000000E+0	1.0000000E+2	0.0000000E+0
1.8468000E+1	6.0968637E+1	6.0653199E+1	0.0000000E+0	0.0000000E+0	1.0000000E+2	0.0000000E+0
1.8518000E+1	6.0912758E+1	6.0597065E+1	0.0000000E+0	0.0000000E+0	1.0000000E+2	0.0000000E+0
1.8568000E+1	6.0869153E+1	6.0563711E+1	0.0000000E+0	0.0000000E+0	1.0000000E+2	0.0000000E+0
1.8618000E+1	6.0819473E+1	6.0522331E+1	0.0000000E+0	0.0000000E+0	1.0000000E+2	0.0000000E+0
1.8668000E+1	6.0763415E+1	6.0479782E+1	0.0000000E+0	0.0000000E+0	1.0000000E+2	0.0000000E+0
1.8718000E+1	6.0719666E+1	6.0451954E+1	0.0000000E+0	0.0000000E+0	1.0000000E+2	0.0000000E+0
1.8768000E+1	6.0672663E+1	6.0411674E+1	0.0000000E+0	0.0000000E+0	1.0000000E+2	0.0000000E+0
1.8818000E+1	6.0624504E+1	6.0371397E+1	0.0000000E+0	0.0000000E+0	1.0000000E+2	0.0000000E+0
1.8868000E+1	6.0581065E+1	6.0337061E+1	0.0000000E+0	0.0000000E+0	1.0000000E+2	0.0000000E+0
1.8919000E+1	6.0557957E+1	6.0313766E+1	0.0000000E+0	0.0000000E+0	1.0000000E+2	0.0000000E+0
1.8970000E+1	6.0524252E+1	6.0281570E+1	0.0000000E+0	0.0000000E+0	1.0000000E+2	0.0000000E+0
1.9020000E+1	6.0479240E+1	6.0245685E+1	0.0000000E+0	0.0000000E+0	1.0000000E+2	0.0000000E+0
1.9070000E+1	6.0438357E+1	6.0209305E+1	0.0000000E+0	0.0000000E+0	1.0000000E+2	0.0000000E+0
1.9121000E+1	6.0417845E+1	6.0190579E+1	0.0000000E+0	0.0000000E+0	1.0000000E+2	0.0000000E+0
1.9171000E+1	6.0373716E+1	6.0161923E+1	0.0000000E+0	0.0000000E+0	1.0000000E+2	0.0000000E+0
1.9222000E+1	6.0353787E+1	6.0144675E+1	0.0000000E+0	0.0000000E+0	1.0000000E+2	0.0000000E+0
1.9272000E+1	6.0336149E+1	6.0116426E+1	0.0000000E+0	0.0000000E+0	1.0000000E+2	0.0000000E+0
1.9322000E+1	6.0295733E+1	6.0086603E+1	0.0000000E+0	0.0000000E+0	1.0000000E+2	0.0000000E+0
1.9372000E+1	6.0270405E+1	6.0064288E+1	0.0000000E+0	0.0000000E+0	1.0000000E+2	0.0000000E+0
1.9422000E+1	6.0241223E+1	6.0037367E+1	0.0000000E+0	0.0000000E+0	1.0000000E+2	0.0000000E+0
1.9472000E+1	6.0220915E+1	6.0016931E+1	0.0000000E+0	0.0000000E+0	1.0000000E+2	0.0000000E+0
1.9522000E+1	6.0185981E+1	5.9984075E+1	0.0000000E+0	0.0000000E+0	1.0000000E+2	0.0000000E+0
1.9573000E+1	6.0162545E+1	5.9951232E+1	0.0000000E+0	0.0000000E+0	1.0000000E+2	0.0000000E+0
1.9623000E+1	6.0156902E+1	5.9941000E+1	0.0000000E+0	0.0000000E+0	1.0000000E+2	0.0000000E+0
1.9673000E+1	6.0140136E+1	5.9926000E+1	0.0000000E+0	0.0000000E+0	1.0000000E+2	0.0000000E+0
1.9723000E+1	6.0109887E+1	5.9906474E+1	0.0000000E+0	0.0000000E+0	1.0000000E+2	0.0000000E+0
1.9773000E+1	6.0109839E+1	5.9885357E+1	0.0000000E+0	0.0000000E+0	1.0000000E+2	0.0000000E+0
1.9823000E+1	6.0065345E+1	5.9857984E+1	0.0000000E+0	0.0000000E+0	1.0000000E+2	0.0000000E+0
1.9874000E+1	6.0034775E+1	5.9838116E+1	0.0000000E+0	0.0000000E+0	1.0000000E+2	0.0000000E+0
1.9924000E+1	6.0030628E+1	5.9830128E+1	0.0000000E+0	0.0000000E+0	1.0000000E+2	0.0000000E+0
1.9974000E+1	6.0028511E+1	5.9821222E+1	0.0000000E+0	0.0000000E+0	1.0000000E+2	0.0000000E+0
2.0024000E+1	5.9996852E+1	5.9807831E+1	0.0000000E+0	0.0000000E+0	1.0000000E+2	0.0000000E+0
2.0074000E+1	6.0005413E+1	5.9789030E+1	0.0000000E+0	0.0000000E+0	1.0000000E+2	0.0000000E+0
2.0125000E+1	6.0019277E+1	5.9769080E+1	0.0000000E+0	0.0000000E+0	1.0000000E+2	0.0000000E+0
2.0175000E+1	6.0022582E+1	5.9772065E+1	0.0000000E+0	0.0000000E+0	1.0000000E+2	0.0000000E+0
2.0225000E+1	6.0000419E+1	5.9762374E+1	0.0000000E+0	0.0000000E+0	1.0000000E+2	0.0000000E+0
2.0275000E+1	6.0004483E+1	5.9733353E+1	0.0000000E+0	0.0000000E+0	1.0000000E+2	0.0000000E+0
2.0326000E+1	6.0016943E+1	5.9726985E+1	0.0000000E+0	0.0000000E+0	1.0000000E+2	0.0000000E+0
2.0376000E+1	6.0002613E+1	5.9715599E+1	0.0000000E+0	0.0000000E+0	1.0000000E+2	0.0000000E+0
2.0426000E+1	6.0008490E+1	5.9708506E+1	0.0000000E+0	0.0000000E+0	1.0000000E+2	0.0000000E+0
2.0476000E+1	6.0034421E+1	5.9712310E+1	0.0000000E+0	0.0000000E+0	1.0000000E+2	0.0000000E+0
2.0527000E+1	6.0022234E+1	5.9686819E+1	0.0000000E+0	0.0000000E+0	1.0000000E+2	0.0000000E+0
2.0577000E+1	6.0031389E+1	5.9680419E+1	0.0000000E+0	0.0000000E+0	1.0000000E+2	0.0000000E+0
2.0628000E+1	6.0043520E+1	5.9675597E+1	0.0000000E+0	0.0000000E+0	1.0000000E+2	0.0000000E+0
2.0679000E+1	6.0028820E+1	5.9659220E+1	0.0000000E+0	0.0000000E+0	1.0000000E+2	0.0000000E+0
2.0730000E+1	6.0015038E+1	5.9658430E+1	0.0000000E+0	0.0000000E+0	1.0000000E+2	0.0000000E+0
2.0780000E+1	6.0002858E+1	5.9640557E+1	0.0000000E+0	0.0000000E+0	1.0000000E+2	0.0000000E+0
2.0830000E+1	5.9994940E+1	5.9633059E+1	0.0000000E+0	0.0000000E+0	1.0000000E+2	0.0000000E+0
2.0880000E+1	5.9993713E+1	5.9623875E+1	0.0000000E+0	0.0000000E+0	1.0000000E+2	0.0000000E+0
2.0931000E+1	6.0001934E+1	5.9613796E+1	0.0000000E+0	0.0000000E+0	1.0000000E+2	0.0000000E+0
2.0981000E+1	6.0016835E+1	5.9620673E+1	0.0000000E+0	0.0000000E+0	1.0000000E+2	0.0000000E+0
2.1032000E+1	6.0030698E+1	5.9614414E+1	0.0000000E+0	0.0000000E+0	1.0000000E+2	0.0000000E+0
2.1082000E+1	6.0043246E+1	5.9608918E+1	0.0000000E+0	0.0000000E+0	1.0000000E+2	0.0000000E+0
2.1132000E+1	6.0041695E+1	5.9615142E+1	0.0000000E+0	0.0000000E+0	1.0000000E+2	0.0000000E+0
2.1182000E+1	6.0060474E+1	5.9623051E+1	0.0000000E+0	0.0000000E+0	1.0000000E+2	0.0000000E+0
2.1232000E+1	6.0078329E+1	5.9619446E+1	0.0000000E+0	0.0000000E+0	1.0000000E+2	0.0000000E+0
2.1283000E+1	6.0073531E+1	5.9603356E+1	0.0000000E+0	0.0000000E+0	1.0000000E+2	0.0000000E+0
2.1333000E+1	6.0082127E+1	5.9603737E+1	0.0000000E+0	0.0000000E+0	1.0000000E+2	0.0000000E+0
2.1384000E+1	6.0105961E+1	5.9602782E+1	0.0000000E+0	0.0000000E+0	1.0000000E+2	0.0000000E+0
2.1435000E+1	6.0100252E+1	5.9597511E+1	0.0000000E+0	0.0000000E+0	1.0000000E+2	0.0000000E+0
2.1486000E+1	6.0114758E+1	5.9588776E+1	0.0000000E+0	0.0000000E+0	1.0000000E+2	0.0000000E+0
2.1537000E+1	6.0135104E+1	5.9596053E+1	0.0000000E+0	0.0000000E+0	1.0000000E+2	0.0000000E+0
2.1587000E+1	6.0136322E+1	5.9577531E+1	0.0000000E+0	0.0000000E+0	1.0000000E+2	0.0000000E+0
2.1637000E+1	6.0155718E+1	5.9580533E+1	0.0000000E+0	0.0000000E+0	1.0000000E+2	0.0000000E+0
2.1687000E+1	6.0192808E+1	5.9579406E+1	0.0000000E+0	0.0000000E+0	1.0000000E+2	0.0000000E+0
2.1737000E+1	6.0212672E+1	5.9571950E+1	0.0000000E+0	0.0000000E+0	1.0000000E+2	0.0000000E+0
2.1788000E+1	6.0251929E+1	5.9578048E+1	0.0000000E+0	0.0000000E+0	1.0000000E+2	0.0000000E+0
2.1838000E+1	6.0283219E+1	5.9574813E+1	0.0000000E+0	0.0000000E+0	1.0000000E+2	0.0000000E+0
2.1888000E+1	6.0293856E+1	5.9577331E+1	0.0000000E+0	0.0000000E+0	1.0000000E+2	0.0000000E+0
2.1938000E+1	6.0288233E+1	5.9568964E+1	0.0000000E+0	0.0000000E+0	1.0000000E+2	0.0000000E+0
2.1988000E+1	6.0294336E+1	5.9573033E+1	0.0000000E+0	0.0000000E+0	1.0000000E+2	0.0000000E+0
2.2038000E+1	6.0306899E+1	5.9566161E+1	0.0000000E+0	0.0000000E+0	1.0000000E+2	0.0000000E+0
2.2088000E+1	6.0316630E+1	5.9561246E+1	0.0000000E+0	0.0000000E+0	1.0000000E+2	0.0000000E+0
2.2139000E+1	6.0323811E+1	5.9555337E+1	0.0000000E+0	0.0000000E+0	1.0000000E+2	0.0000000E+0
2.2190000E+1	6.0351526E+1	5.9553044E+1	0.0000000E+0	0.0000000E+0	1.0000000E+2	0.0000000E+0
2.2241000E+1	6.0365500E+1	5.9559615E+1	0.0000000E+0	0.0000000E+0	1.0000000E+2	0.0000000E+0
2.2291000E+1	6.0402105E+1	5.9563983E+1	0.0000000E+0	0.0000000E+0	1.0000000E+2	0.0000000E+0
2.2341000E+1	6.0428467E+1	5.9562894E+1	0.0000000E+0	0.0000000E+0	1.0000000E+2	0.0000000E+0
2.2391000E+1	6.0444586E+1	5.9556492E+1	0.0000000E+0	0.0000000E+0	1.0000000E+2	0.0000000E+0
2.2441000E+1	6.0446196E+1	5.9552998E+1	0.0000000E+0	0.0000000E+0	1.0000000E+2	0.0000000E+0
2.2491000E+1	6.0441038E+1	5.9552333E+1	0.0000000E+0	0.0000000E+0	1.0000000E+2	0.0000000E+0
2.2541000E+1	6.0438245E+1	5.9550933E+1	0.0000000E+0	0.0000000E+0	1.0000000E+2	0.0000000E+0
2.2591000E+1	6.0446515E+1	5.9549355E+1	0.0000000E+0	0.0000000E+0	1.0000000E+2	0.0000000E+0
2.2641000E+1	6.0442837E+1	5.9549772E+1	0.0000000E+0	0.0000000E+0	1.0000000E+2	0.0000000E+0
2.2692000E+1	6.0438250E+1	5.9549681E+1	0.0000000E+0	0.0000000E+0	1.0000000E+2	0.0000000E+0
2.2743000E+1	6.0447606E+1	5.9563917E+1	0.0000000E+0	0.0000000E+0	1.0000000E+2	0.0000000E+0
2.2793000E+1	6.0446292E+1	5.9555648E+1	0.0000000E+0	0.0000000E+0	1.0000000E+2	0.0000000E+0
2.2843000E+1	6.0435655E+1	5.9552539E+1	0.0000000E+0	0.0000000E+0	1.0000000E+2	0.0000000E+0
2.2894000E+1	6.0445862E+1	5.9557846E+1	0.0000000E+0	0.0000000E+0	1.0000000E+2	0.0000000E+0
2.2945000E+1	6.0446932E+1	5.9550672E+1	0.0000000E+0	0.0000000E+0	1.0000000E+2	0.0000000E+0
2.2996000E+1	6.0435854E+1	5.9549261E+1	0.0000000E+0	0.0000000E+0	1.0000000E+2	0.0000000E+0
2.3046000E+1	6.0413535E+1	5.9552766E+1	0.0000000E+0	0.0000000E+0	1.0000000E+2	0.0000000E+0
2.3096000E+1	6.0403401E+1	5.9547508E+1	0.0000000E+0	0.0000000E+0	1.0000000E+2	0.0000000E+0
2.3146000E+1	6.0390256E+1	5.9552609E+1	0.0000000E+0	0.0000000E+0	1.0000000E+2	0.0000000E+0
2.3196000E+1	6.0388875E+1	5.9552813E+1	0.0000000E+0	0.0000000E+0	1.0000000E+2	0.0000000E+0
2.3246000E+1	6.0395692E+1	5.9555488E+1	0.0000000E+0	0.0000000E+0	1.0000000E+2	0.0000000E+0
2.3296000E+1	6.0388042E+1	5.9550651E+1	0.0000000E+0	0.0000000E+0	1.0000000E+2	0.0000000E+0
2.3346000E+1	6.0412338E+1	5.9557871E+1	0.0000000E+0	0.0000000E+0	1.0000000E+2	0.0000000E+0
2.3396000E+1	6.0423061E+1	5.9568594E+1	0.0000000E+0	0.0000000E+0	1.0000000E+2	0.0000000E+0
2.3446000E+1	6.0412623E+1	5.9550479E+1	0.0000000E+0	0.0000000E+0	1.0000000E+2	0.0000000E+0
2.3497000E+1	6.0423726E+1	5.9559031E+1	0.0000000E+0	0.0000000E+0	1.0000000E+2	0.0000000E+0
2.3547000E+1	6.0416740E+1	5.9544958E+1	0.0000000E+0	0.0000000E+0	1.0000000E+2	0.0000000E+0
2.3597000E+1	6.0416323E+1	5.9563484E+1	0.0000000E+0	0.0000000E+0	1.0000000E+2	0.0000000E+0
2.3647000E+1	6.0416922E+1	5.9571133E+1	0.0000000E+0	0.0000000E+0	1.0000000E+2	0.0000000E+0
2.3697000E+1	6.0407970E+1	5.9564018E+1	0.0000000E+0	0.0000000E+0	1.0000000E+2	0.0000000E+0
2.3747000E+1	6.0431064E+1	5.9585871E+1	0.0000000E+0	0.0000000E+0	1.0000000E+2	0.0000000E+0
2.3797000E+1	6.0423567E+1	5.9576102E+1	0.0000000E+0	0.0000000E+0	1.0000000E+2	0.0000000E+0
2.3847000E+1	6.0426753E+1	5.9583279E+1	0.0000000E+0	0.0000000E+0	1.0000000E+2	0.0000000E+0
2.3897000E+1	6.0416453E+1	5.9566807E+1	0.0000000E+0	0.0000000E+0	1.0000000E+2	0.0000000E+0
2.3947000E+1	6.0419192E+1	5.9570970E+1	0.0000000E+0	0.0000000E+0	1.0000000E+2	0.0000000E+0
2.3997000E+1	6.0428992E+1	5.9570352E+1	0.0000000E+0	0.0000000E+0	1.0000000E+2	0.0000000E+0
2.4047000E+1	6.0434635E+1	5.9563894E+1	0.0000000E+0	0.0000000E+0	1.0000000E+2	0.0000000E+0
2.4097000E+1	6.0437251E+1	5.9574839E+1	0.0000000E+0	0.0000000E+0	1.0000000E+2	0.0000000E+0
2.4148000E+1	6.0443459E+1	5.9574642E+1	0.0000000E+0	0.0000000E+0	1.0000000E+2	0.0000000E+0
2.4198000E+1	6.0440667E+1	5.9577668E+1	0.0000000E+0	0.0000000E+0	1.0000000E+2	0.0000000E+0
2.4248000E+1	6.0436429E+1	5.9575159E+1	0.0000000E+0	0.0000000E+0	1.0000000E+2	0.0000000E+0
2.4298000E+1	6.0438115E+1	5.9580503E+1	0.0000000E+0	0.0000000E+0	1.0000000E+2	0.0000000E+0
2.4348000E+1	6.0439203E+1	5.9579218E+1	0.0000000E+0	0.0000000E+0	1.0000000E+2	0.0000000E+0
2.4398000E+1	6.0431655E+1	5.9583302E+1	0.0000000E+0	0.0000000E+0	1.0000000E+2	0.0000000E+0
2.4448000E+1	6.0416420E+1	5.9582739E+1	0.0000000E+0	0.0000000E+0	1.0000000E+2	0.0000000E+0
2.4498000E+1	6.0431403E+1	5.9598607E+1	0.0000000E+0	0.0000000E+0	1.0000000E+2	0.0000000E+0
2.4548000E+1	6.0405593E+1	5.9591427E+1	0.0000000E+0	0.0000000E+0	1.0000000E+2	0.0000000E+0
2.4598000E+1	6.0412268E+1	5.9596968E+1	0.0000000E+0	0.0000000E+0	1.0000000E+2	0.0000000E+0
2.4648000E+1	6.0407051E+1	5.9592250E+1	0.0000000E+0	0.0000000E+0	1.0000000E+2	0.0000000E+0
2.4699000E+1	6.0412465E+1	5.9605471E+1	0.0000000E+0	0.0000000E+0	1.0000000E+2	0.0000000E+0
2.4749000E+1	6.0432984E+1	5.9606057E+1	0.0000000E+0	0.0000000E+0	1.0000000E+2	0.0000000E+0
2.4800000E+1	6.0434295E+1	5.9620402E+1	0.0000000E+0	0.0000000E+0	1.0000000E+2	0.0000000E+0
2.4850000E+1	6.0422774E+1	5.9610171E+1	0.0000000E+0	0.0000000E+0	1.0000000E+2	0.0000000E+0
2.4900000E+1	6.0429435E+1	5.9617737E+1	0.0000000E+0	0.0000000E+0	1.0000000E+2	0.0000000E+0
2.4950000E+1	6.0444116E+1	5.9627524E+1	0.0000000E+0	0.0000000E+0	1.0000000E+2	0.0000000E+0
2.5000000E+1	6.0437659E+1	5.9627296E+1	0.0000000E+0	0.0000000E+0	1.0000000E+2	0.0000000E+0
2.5050000E+1	6.0421543E+1	5.9619135E+1	0.0000000E+0	0.0000000E+0	1.0000000E+2	0.0000000E+0
2.5100000E+1	6.0420907E+1	5.9621970E+1	0.0000000E+0	0.0000000E+0	1.0000000E+2	0.0000000E+0
2.5150000E+1	6.0429178E+1	5.9629311E+1	0.0000000E+0	0.0000000E+0	1.0000000E+2	0.0000000E+0
2.5201000E+1	6.0422894E+1	5.9624668E+1	0.0000000E+0	0.0000000E+0	1.0000000E+2	0.0000000E+0
2.5251000E+1	6.0421961E+1	5.9616527E+1	0.0000000E+0	0.0000000E+0	1.0000000E+2	0.0000000E+0
2.5301000E+1	6.0449883E+1	5.9625984E+1	0.0000000E+0	0.0000000E+0	1.0000000E+2	0.0000000E+0
2.5351000E+1	6.0454306E+1	5.9626813E+1	0.0000000E+0	0.0000000E+0	1.0000000E+2	0.0000000E+0
2.5401000E+1	6.0451386E+1	5.9622307E+1	0.0000000E+0	0.0000000E+0	1.0000000E+2	0.0000000E+0
2.5451000E+1	6.0447983E+1	5.9615005E+1	0.0000000E+0	0.0000000E+0	1.0000000E+2	0.0000000E+0
2.5501000E+1	6.0451147E+1	5.9623217E+1	0.0000000E+0	0.0000000E+0	1.0000000E+2	0.0000000E+0
2.5552000E+1	6.0468471E+1	5.9635205E+1	0.0000000E+0	0.0000000E+0	1.0000000E+2	0.0000000E+0
2.5602000E+1	6.0464143E+1	5.9637787E+1	0.0000000E+0	0.0000000E+0	1.0000000E+2	0.0000000E+0
2.5652000E+1	6.0459354E+1	5.9624497E+1	0.0000000E+0	0.0000000E+0	1.0000000E+2	0.0000000E+0
2.5702000E+1	6.0479547E+1	5.9638069E+1	0.0000000E+0	0.0000000E+0	1.0000000E+2	0.0000000E+0
2.5752000E+1	6.0485324E+1	5.9647980E+1	0.0000000E+0	0.0000000E+0	1.0000000E+2	0.0000000E+0
2.5802000E+1	6.0484254E+1	5.9638125E+1	0.0000000E+0	0.0000000E+0	1.0000000E+2	0.0000000E+0
2.5852000E+1	6.0501052E+1	5.9649074E+1	0.0000000E+0	0.0000000E+0	1.0000000E+2	0.0000000E+0
2.5902000E+1	6.0490017E+1	5.9655438E+1	0.0000000E+0	0.0000000E+0	1.0000000E+2	0.0000000E+0
2.5952000E+1	6.0492644E+1	5.9660876E+1	0.0000000E+0	0.0000000E+0	1.0000000E+2	0.0000000E+0
2.6002000E+1	6.0510692E+1	5.9675614E+1	0.0000000E+0	0.0000000E+0	1.0000000E+2	0.0000000E+0
2.6052000E+1	6.0528269E+1	5.9680492E+1	0.0000000E+0	0.0000000E+0	1.0000000E+2	0.0000000E+0
2.6104000E+1	6.0525258E+1	5.9681920E+1	0.0000000E+0	0.0000000E+0	1.0000000E+2	0.0000000E+0
2.6154000E+1	6.0517738E+1	5.9675640E+1	0.0000000E+0	0.0000000E+0	1.0000000E+2	0.0000000E+0
2.6204000E+1	6.0545342E+1	5.9684451E+1	0.0000000E+0	0.0000000E+0	1.0000000E+2	0.0000000E+0
2.6255000E+1	6.0539709E+1	5.9684625E+1	0.0000000E+0	0.0000000E+0	1.0000000E+2	0.0000000E+0
2.6305000E+1	6.0522957E+1	5.9684063E+1	0.0000000E+0	0.0000000E+0	1.0000000E+2	0.0000000E+0
2.6355000E+1	6.0527187E+1	5.9693399E+1	0.0000000E+0	0.0000000E+0	1.0000000E+2	0.0000000E+0
2.6406000E+1	6.0510127E+1	5.9685909E+1	0.0000000E+0	0.0000000E+0	1.0000000E+2	0.0000000E+0
2.6457000E+1	6.0508642E+1	5.9698737E+1	0.0000000E+0	0.0000000E+0	1.0000000E+2	0.0000000E+0
2.6507000E+1	6.0500084E+1	5.9696515E+1	0.0000000E+0	0.0000000E+0	1.0000000E+2	0.0000000E+0
2.6557000E+1	6.0490365E+1	5.9698293E+1	0.0000000E+0	0.0000000E+0	1.0000000E+2	0.0000000E+0
2.6607000E+1	6.0486214E+1	5.9691519E+1	0.0000000E+0	0.0000000E+0	1.0000000E+2	0.0000000E+0
2.6658000E+1	6.0495287E+1	5.9705797E+1	0.0000000E+0	0.0000000E+0	1.0000000E+2	0.0000000E+0
2.6709000E+1	6.0490444E+1	5.9705929E+1	0.0000000E+0	0.0000000E+0	1.0000000E+2	0.0000000E+0
2.6759000E+1	6.0492193E+1	5.9708436E+1	0.0000000E+0	0.0000000E+0	1.0000000E+2	0.0000000E+0
2.6809000E+1	6.0481318E+1	5.9715204E+1	0.0000000E+0	0.0000000E+0	1.0000000E+2	0.0000000E+0
2.6859000E+1	6.0477780E+1	5.9712628E+1	0.0000000E+0	0.0000000E+0	1.0000000E+2	0.0000000E+0
2.6910000E+1	6.0512024E+1	5.9730967E+1	0.0000000E+0	0.0000000E+0	1.0000000E+2	0.0000000E+0
2.6961000E+1	6.0502927E+1	5.9729235E+1	0.0000000E+0	0.0000000E+0	1.0000000E+2	0.0000000E+0
2.7012000E+1	6.0485931E+1	5.9721139E+1	0.0000000E+0	0.0000000E+0	1.0000000E+2	0.0000000E+0
2.7062000E+1	6.0505147E+1	5.9740129E+1	0.0000000E+0	0.0000000E+0	1.0000000E+2	0.0000000E+0
2.7113000E+1	6.0495683E+1	5.9737305E+1	0.0000000E+0	0.0000000E+0	1.0000000E+2	0.0000000E+0
2.7163000E+1	6.0496286E+1	5.9740706E+1	0.0000000E+0	0.0000000E+0	1.0000000E+2	0.0000000E+0
2.7214000E+1	6.0499061E+1	5.9751532E+1	0.0000000E+0	0.0000000E+0	1.0000000E+2	0.0000000E+0
2.7264000E+1	6.0506763E+1	5.9766818E+1	0.0000000E+0	0.0000000E+0	1.0000000E+2	0.0000000E+0
2.7315000E+1	6.0494028E+1	5.9750326E+1	0.0000000E+0	0.0000000E+0	1.0000000E+2	0.0000000E+0
2.7366000E+1	6.0497012E+1	5.9756953E+1	0.0000000E+0	0.0000000E+0	1.0000000E+2	0.0000000E+0
2.7417000E+1	6.0499672E+1	5.9747706E+1	0.0000000E+0	0.0000000E+0	1.0000000E+2	0.0000000E+0
2.7467000E+1	6.0495110E+1	5.9760282E+1	0.0000000E+0	0.0000000E+0	1.0000000E+2	0.0000000E+0
2.7517000E+1	6.0490063E+1	5.9762970E+1	0.0000000E+0	0.0000000E+0	1.0000000E+2	0.0000000E+0
2.7568000E+1	6.0489909E+1	5.9759839E+1	0.0000000E+0	0.0000000E+0	1.0000000E+2	0.0000000E+0
2.7619000E+1	6.0485007E+1	5.9756968E+1	0.0000000E+0	0.0000000E+0	1.0000000E+2	0.0000000E+0
2.7670000E+1	6.0478353E+1	5.9758029E+1	0.0000000E+0	0.0000000E+0	1.0000000E+2	0.0000000E+0
2.7720000E+1	6.0492778E+1	5.9768916E+1	0.0000000E+0	0.0000000E+0	1.0000000E+2	0.0000000E+0
2.7770000E+1	6.0495345E+1	5.9786497E+1	0.0000000E+0	0.0000000E+0	1.0000000E+2	0.0000000E+0
2.7820000E+1	6.0477698E+1	5.9782199E+1	0.0000000E+0	0.0000000E+0	1.0000000E+2	0.0000000E+0
2.7871000E+1	6.0461715E+1	5.9789780E+1	0.0000000E+0	0.0000000E+0	1.0000000E+2	0.0000000E+0
2.7921000E+1	6.0446660E+1	5.9795817E+1	0.0000000E+0	0.0000000E+0	1.0000000E+2	0.0000000E+0
2.7972000E+1	6.0447412E+1	5.9798576E+1	0.0000000E+0	0.0000000E+0	1.0000000E+2	0.0000000E+0
2.8022000E+1	6.0445155E+1	5.9799494E+1	0.0000000E+0	0.0000000E+0	1.0000000E+2	0.0000000E+0
2.8072000E+1	6.0453266E+1	5.9809587E+1	0.0000000E+0	0.0000000E+0	1.0000000E+2	0.0000000E+0
2.8122000E+1	6.0463839E+1	5.9818480E+1	0.0000000E+0	0.0000000E+0	1.0000000E+2	0.0000000E+0
2.8173000E+1	6.0463904E+1	5.9806444E+1	0.0000000E+0	0.0000000E+0	1.0000000E+2	0.0000000E+0
2.8223000E+1	6.0465869E+1	5.9804037E+1	0.0000000E+0	0.0000000E+0	1.0000000E+2	0.0000000E+0
2.8273000E+1	6.0463558E+1	5.9806032E+1	0.0000000E+0	0.0000000E+0	1.0000000E+2	0.0000000E+0
2.8323000E+1	6.0462744E+1	5.9798764E+1	0.0000000E+0	0.0000000E+0	1.0000000E+2	0.0000000E+0
2.8373000E+1	6.0471447E+1	5.9806203E+1	0.0000000E+0	0.0000000E+0	1.0000000E+2	0.0000000E+0
2.8424000E+1	6.0484650E+1	5.9811131E+1	0.0000000E+0	0.0000000E+0	1.0000000E+2	0.0000000E+0
2.8475000E+1	6.0480100E+1	5.9795993E+1	0.0000000E+0	0.0000000E+0	1.0000000E+2	0.0000000E+0
2.8526000E+1	6.0506220E+1	5.9810110E+1	0.0000000E+0	0.0000000E+0	1.0000000E+2	0.0000000E+0
2.8576000E+1	6.0519931E+1	5.9809574E+1	0.0000000E+0	0.0000000E+0	1.0000000E+2	0.0000000E+0
2.8627000E+1	6.0536491E+1	5.9810169E+1	0.0000000E+0	0.0000000E+0	1.0000000E+2	0.0000000E+0
2.8677000E+1	6.0558056E+1	5.9822700E+1	0.0000000E+0	0.0000000E+0	1.0000000E+2	0.0000000E+0
2.8727000E+1	6.0573954E+1	5.9824611E+1	0.0000000E+0	0.0000000E+0	1.0000000E+2	0.0000000E+0
2.8777000E+1	6.0586893E+1	5.9841241E+1	0.0000000E+0	0.0000000E+0	1.0000000E+2	0.0000000E+0
2.8827000E+1	6.0595053E+1	5.9824811E+1	0.0000000E+0	0.0000000E+0	1.0000000E+2	0.0000000E+0
2.8877000E+1	6.0591213E+1	5.9830065E+1	0.0000000E+0	0.0000000E+0	1.0000000E+2	0.0000000E+0
2.8927000E+1	6.0601605E+1	5.9821425E+1	0.0000000E+0	0.0000000E+0	1.0000000E+2	0.0000000E+0
2.8977000E+1	6.0602401E+1	5.9815560E+1	0.0000000E+0	0.0000000E+0	1.0000000E+2	0.0000000E+0
2.9028000E+1	6.0609668E+1	5.9816153E+1	0.0000000E+0	0.0000000E+0	1.0000000E+2	0.0000000E+0
2.9078000E+1	6.0625334E+1	5.9823629E+1	0.0000000E+0	0.0000000E+0	1.0000000E+2	0.0000000E+0
2.9128000E+1	6.0642026E+1	5.9831338E+1	0.0000000E+0	0.0000000E+0	1.0000000E+2	0.0000000E+0
2.9178000E+1	6.0654765E+1	5.9822047E+1	0.0000000E+0	0.0000000E+0	1.0000000E+2	0.0000000E+0
2.9228000E+1	6.0671769E+1	5.9813948E+1	0.0000000E+0	0.0000000E+0	1.0000000E+2	0.0000000E+0
2.9279000E+1	6.0702935E+1	5.9839623E+1	0.0000000E+0	0.0000000E+0	1.0000000E+2	0.0000000E+0
2.9329000E+1	6.0716777E+1	5.9841802E+1	0.0000000E+0	0.0000000E+0	1.0000000E+2	0.0000000E+0
2.9379000E+1	6.0748308E+1	5.9845891E+1	0.0000000E+0	0.0000000E+0	1.0000000E+2	0.0000000E+0
2.9429000E+1	6.0758130E+1	5.9855653E+1	0.0000000E+0	0.0000000E+0	1.0000000E+2	0.0000000E+0
2.9480000E+1	6.0776759E+1	5.9860659E+1	0.0000000E+0	0.0000000E+0	1.0000000E+2	0.0000000E+0
2.9530000E+1	6.0802958E+1	5.9864997E+1	0.0000000E+0	0.0000000E+0	1.0000000E+2	0.0000000E+0
2.9580000E+1	6.0799873E+1	5.9851618E+1	0.0000000E+0	0.0000000E+0	1.0000000E+2	0.0000000E+0
2.9630000E+1	6.0841687E+1	5.9876587E+1	0.0000000E+0	0.0000000E+0	1.0000000E+2	0.0000000E+0
2.9681000E+1	6.0854372E+1	5.9876622E+1	0.0000000E+0	0.0000000E+0	1.0000000E+2	0.0000000E+0
2.9731000E+1	6.0855804E+1	5.9872210E+1	0.0000000E+0	0.0000000E+0	1.0000000E+2	0.0000000E+0
2.9782000E+1	6.0871079E+1	5.9879080E+1	0.0000000E+0	0.0000000E+0	1.0000000E+2	0.0000000E+0
2.9833000E+1	6.0881671E+1	5.9872900E+1	0.0000000E+0	0.0000000E+0	1.0000000E+2	0.0000000E+0
2.9883000E+1	6.0912561E+1	5.9887922E+1	0.0000000E+0	0.0000000E+0	1.0000000E+2	0.0000000E+0
2.9934000E+1	6.0918968E+1	5.9896747E+1	0.0000000E+0	0.0000000E+0	1.0000000E+2	0.0000000E+0
2.9984000E+1	6.0936567E+1	5.9907696E+1	0.0000000E+0	0.0000000E+0	1.0000000E+2	0.0000000E+0
3.0034000E+1	6.0948097E+1	5.9907943E+1	0.0000000E+0	0.0000000E+0	1.0000000E+2	0.0000000E+0
3.0085000E+1	6.0958581E+1	5.9914217E+1	0.0000000E+0	0.0000000E+0	1.0000000E+2	0.0000000E+0
3.0135000E+1	6.0965171E+1	5.9920627E+1	0.0000000E+0	0.0000000E+0	1.0000000E+2	0.0000000E+0
3.0185000E+1	6.0968884E+1	5.9915589E+1	0.0000000E+0	0.0000000E+0	1.0000000E+2	0.0000000E+0
3.0236000E+1	6.0989965E+1	5.9922719E+1	0.0000000E+0	0.0000000E+0	1.0000000E+2	0.0000000E+0
3.0287000E+1	6.0970022E+1	5.9918204E+1	0.0000000E+0	0.0000000E+0	1.0000000E+2	0.0000000E+0
3.0337000E+1	6.0983514E+1	5.9926161E+1	0.0000000E+0	0.0000000E+0	1.0000000E+2	0.0000000E+0
3.0387000E+1	6.0996271E+1	5.9944638E+1	0.0000000E+0	0.0000000E+0	1.0000000E+2	0.0000000E+0
3.0437000E+1	6.0986375E+1	5.9933714E+1	0.0000000E+0	0.0000000E+0	1.0000000E+2	0.0000000E+0
3.0487000E+1	6.1009267E+1	5.9939628E+1	0.0000000E+0	0.0000000E+0	1.0000000E+2	0.0000000E+0
3.0538000E+1	6.1038295E+1	5.9948464E+1	0.0000000E+0	0.0000000E+0	1.0000000E+2	0.0000000E+0
3.0589000E+1	6.1072076E+1	5.9953647E+1	0.0000000E+0	0.0000000E+0	1.0000000E+2	0.0000000E+0
3.0639000E+1	6.1085372E+1	5.9958862E+1	0.0000000E+0	0.0000000E+0	1.0000000E+2	0.0000000E+0
3.0689000E+1	6.1119541E+1	5.9956999E+1	0.0000000E+0	0.0000000E+0	1.0000000E+2	0.0000000E+0
3.0741000E+1	6.1141195E+1	5.9961641E+1	0.0000000E+0	0.0000000E+0	1.0000000E+2	0.0000000E+0
3.0791000E+1	6.1174026E+1	5.9961469E+1	0.0000000E+0	0.0000000E+0	1.0000000E+2	0.0000000E+0
3.0841000E+1	6.1181783E+1	5.9966628E+1	0.0000000E+0	0.0000000E+0	1.0000000E+2	0.0000000E+0
3.0891000E+1	6.1192853E+1	5.9983603E+1	0.0000000E+0	0.0000000E+0	1.0000000E+2	0.0000000E+0
3.0942000E+1	6.1187011E+1	5.9985423E+1	0.0000000E+0	0.0000000E+0	1.0000000E+2	0.0000000E+0
3.0992000E+1	6.1191557E+1	5.9991220E+1	0.0000000E+0	0.0000000E+0	1.0000000E+2	0.0000000E+0
3.1042000E+1	6.1194225E+1	5.9996565E+1	0.0000000E+0	0.0000000E+0	1.0000000E+2	0.0000000E+0
3.1092000E+1	6.1178070E+1	5.9998580E+1	0.0000000E+0	0.0000000E+0	1.0000000E+2	0.0000000E+0
3.1142000E+1	6.1179161E+1	5.9989240E+1	0.0000000E+0	0.0000000E+0	1.0000000E+2	0.0000000E+0
3.1192000E+1	6.1177763E+1	6.0003222E+1	0.0000000E+0	0.0000000E+0	1.0000000E+2	0.0000000E+0
3.1243000E+1	6.1173103E+1	6.0010194E+1	0.0000000E+0	0.0000000E+0	1.0000000E+2	0.0000000E+0
3.1293000E+1	6.1157741E+1	6.0011065E+1	0.0000000E+0	0.0000000E+0	1.0000000E+2	0.0000000E+0
3.1343000E+1	6.1153723E+1	5.9996804E+1	0.0000000E+0	0.0000000E+0	1.0000000E+2	0.0000000E+0
3.1394000E+1	6.1156015E+1	6.0020621E+1	0.0000000E+0	0.0000000E+0	1.0000000E+2	0.0000000E+0
3.1445000E+1	6.1162381E+1	6.0023814E+1	0.0000000E+0	0.0000000E+0	1.0000000E+2	0.0000000E+0
3.1495000E+1	6.1178874E+1	6.0034077E+1	0.0000000E+0	0.0000000E+0	1.0000000E+2	0.0000000E+0
3.1546000E+1	6.1173472E+1	6.0034157E+1	0.0000000E+0	0.0000000E+0	1.0000000E+2	0.0000000E+0
3.1596000E+1	6.1182141E+1	6.0043829E+1	0.0000000E+0	0.0000000E+0	1.0000000E+2	0.0000000E+0
3.1646000E+1	6.1186453E+1	6.0047622E+1	0.0000000E+0	0.0000000E+0	1.0000000E+2	0.0000000E+0
3.1697000E+1	6.1193094E+1	6.0051666E+1	0.0000000E+0	0.0000000E+0	1.0000000E+2	0.0000000E+0
3.1748000E+1	6.1203502E+1	6.0058405E+1	0.0000000E+0	0.0000000E+0	1.0000000E+2	0.0000000E+0
3.1798000E+1	6.1199844E+1	6.0070174E+1	0.0000000E+0	0.0000000E+0	1.0000000E+2	0.0000000E+0
3.1849000E+1	6.1201183E+1	6.0066268E+1	0.0000000E+0	0.0000000E+0	1.0000000E+2	0.0000000E+0
3.1900000E+1	6.1216725E+1	6.0081980E+1	0.0000000E+0	0.0000000E+0	1.0000000E+2	0.0000000E+0
3.1951000E+1	6.1194868E+1	6.0069485E+1	0.0000000E+0	0.0000000E+0	1.0000000E+2	0.0000000E+0
3.2001000E+1	6.1200139E+1	6.0081666E+1	0.0000000E+0	0.0000000E+0	1.0000000E+2	0.0000000E+0
3.2051000E+1	6.1198685E+1	6.0087473E+1	0.0000000E+0	0.0000000E+0	1.0000000E+2	0.0000000E+0
3.2101000E+1	6.1200528E+1	6.0096206E+1	0.0000000E+0	0.0000000E+0	1.0000000E+2	0.0000000E+0
3.2151000E+1	6.1194949E+1	6.0108486E+1	0.0000000E+0	0.0000000E+0	1.0000000E+2	0.0000000E+0
3.2201000E+1	6.1196379E+1	6.0119953E+1	0.0000000E+0	0.0000000E+0	1.0000000E+2	0.0000000E+0
3.2252000E+1	6.1191048E+1	6.0113737E+1	0.0000000E+0	0.0000000E+0	1.0000000E+2	0.0000000E+0
3.2303000E+1	6.1180969E+1	6.0110336E+1	0.0000000E+0	0.0000000E+0	1.0000000E+2	0.0000000E+0
3.2354000E+1	6.1175819E+1	6.0109393E+1	0.0000000E+0	0.0000000E+0	1.0000000E+2	0.0000000E+0
3.2404000E+1	6.1185286E+1	6.0120267E+1	0.0000000E+0	0.0000000E+0	1.0000000E+2	0.0000000E+0
3.2454000E+1	6.1175175E+1	6.0114728E+1	0.0000000E+0	0.0000000E+0	1.0000000E+2	0.0000000E+0
3.2504000E+1	6.1177144E+1	6.0127280E+1	0.0000000E+0	0.0000000E+0	1.0000000E+2	0.0000000E+0
3.2554000E+1	6.1186434E+1	6.0130840E+1	0.0000000E+0	0.0000000E+0	1.0000000E+2	0.0000000E+0
3.2605000E+1	6.1188555E+1	6.0136532E+1	0.0000000E+0	0.0000000E+0	1.0000000E+2	0.0000000E+0
3.2655000E+1	6.1159333E+1	6.0131847E+1	0.0000000E+0	0.0000000E+0	1.0000000E+2	0.0000000E+0
3.2705000E+1	6.1159170E+1	6.0136886E+1	0.0000000E+0	0.0000000E+0	1.0000000E+2	0.0000000E+0
3.2755000E+1	6.1175629E+1	6.0146602E+1	0.0000000E+0	0.0000000E+0	1.0000000E+2	0.0000000E+0
3.2805000E+1	6.1191230E+1	6.0160223E+1	0.0000000E+0	0.0000000E+0	1.0000000E+2	0.0000000E+0
3.2855000E+1	6.1207519E+1	6.0162569E+1	0.0000000E+0	0.0000000E+0	1.0000000E+2	0.0000000E+0
3.2905000E+1	6.1213768E+1	6.0170269E+1	0.0000000E+0	0.0000000E+0	1.0000000E+2	0.0000000E+0
3.2955000E+1	6.1228122E+1	6.0170203E+1	0.0000000E+0	0.0000000E+0	1.0000000E+2	0.0000000E+0
3.3005000E+1	6.1222003E+1	6.0171194E+1	0.0000000E+0	0.0000000E+0	1.0000000E+2	0.0000000E+0
3.3055000E+1	6.1213090E+1	6.0169607E+1	0.0000000E+0	0.0000000E+0	1.0000000E+2	0.0000000E+0
3.3105000E+1	6.1205131E+1	6.0172124E+1	0.0000000E+0	0.0000000E+0	1.0000000E+2	0.0000000E+0
3.3156000E+1	6.1195041E+1	6.0163512E+1	0.0000000E+0	0.0000000E+0	1.0000000E+2	0.0000000E+0
3.3207000E+1	6.1196436E+1	6.0182757E+1	0.0000000E+0	0.0000000E+0	1.0000000E+2	0.0000000E+0
3.3257000E+1	6.1197030E+1	6.0188999E+1	0.0000000E+0	0.0000000E+0	1.0000000E+2	0.0000000E+0
3.3307000E+1	6.1190344E+1	6.0195090E+1	0.0000000E+0	0.0000000E+0	1.0000000E+2	0.0000000E+0
3.3357000E+1	6.1172858E+1	6.0189206E+1	0.0000000E+0	0.0000000E+0	1.0000000E+2	0.0000000E+0
3.3407000E+1	6.1181628E+1	6.0197229E+1	0.0000000E+0	0.0000000E+0	1.0000000E+2	0.0000000E+0
3.3457000E+1	6.1177627E+1	6.0203714E+1	0.0000000E+0	0.0000000E+0	1.0000000E+2	0.0000000E+0
3.3507000E+1	6.1188038E+1	6.0209225E+1	0.0000000E+0	0.0000000E+0	1.0000000E+2	0.0000000E+0
3.3557000E+1	6.1186315E+1	6.0215493E+1	0.0000000E+0	0.0000000E+0	1.0000000E+2	0.0000000E+0
3.3608000E+1	6.1187011E+1	6.0218096E+1	0.0000000E+0	0.0000000E+0	1.0000000E+2	0.0000000E+0
3.3658000E+1	6.1200798E+1	6.0224326E+1	0.0000000E+0	0.0000000E+0	1.0000000E+2	0.0000000E+0
3.3708000E+1	6.1198775E+1	6.0221058E+1	0.0000000E+0	0.0000000E+0	1.0000000E+2	0.0000000E+0
3.3758000E+1	6.1210133E+1	6.0226069E+1	0.0000000E+0	0.0000000E+0	1.0000000E+2	0.0000000E+0
3.3808000E+1	6.1219652E+1	6.0237294E+1	0.0000000E+0	0.0000000E+0	1.0000000E+2	0.0000000E+0
3.3858000E+1	6.1222580E+1	6.0233588E+1	0.0000000E+0	0.0000000E+0	1.0000000E+2	0.0000000E+0
3.3908000E+1	6.1229327E+1	6.0244218E+1	0.0000000E+0	0.0000000E+0	1.0000000E+2	0.0000000E+0
3.3958000E+1	6.1237015E+1	6.0239297E+1	0.0000000E+0	0.0000000E+0	1.0000000E+2	0.0000000E+0
3.4008000E+1	6.1245945E+1	6.0246711E+1	0.0000000E+0	0.0000000E+0	1.0000000E+2	0.0000000E+0
3.4058000E+1	6.1254385E+1	6.0239163E+1	0.0000000E+0	0.0000000E+0	1.0000000E+2	0.0000000E+0
3.4109000E+1	6.1287396E+1	6.0248937E+1	0.0000000E+0	0.0000000E+0	1.0000000E+2	0.0000000E+0
3.4159000E+1	6.1313324E+1	6.0264394E+1	0.0000000E+0	0.0000000E+0	1.0000000E+2	0.0000000E+0
3.4209000E+1	6.1334968E+1	6.0270792E+1	0.0000000E+0	0.0000000E+0	1.0000000E+2	0.0000000E+0
3.4259000E+1	6.1357129E+1	6.0275788E+1	0.0000000E+0	0.0000000E+0	1.0000000E+2	0.0000000E+0
3.4309000E+1	6.1378919E+1	6.0290873E+1	0.0000000E+0	0.0000000E+0	1.0000000E+2	0.0000000E+0
3.4359000E+1	6.1387978E+1	6.0293752E+1	0.0000000E+0	0.0000000E+0	1.0000000E+2	0.0000000E+0
3.4409000E+1	6.1401362E+1	6.0293996E+1	0.0000000E+0	0.0000000E+0	1.0000000E+2	0.0000000E+0
3.4459000E+1	6.1424877E+1	6.0297633E+1	0.0000000E+0	0.0000000E+0	1.0000000E+2	0.0000000E+0
3.4509000E+1	6.1436904E+1	6.0302762E+1	0.0000000E+0	0.0000000E+0	1.0000000E+2	0.0000000E+0
3.4559000E+1	6.1435398E+1	6.0294254E+1	0.0000000E+0	0.0000000E+0	1.0000000E+2	0.0000000E+0
3.4609000E+1	6.1451469E+1	6.0293201E+1	0.0000000E+0	0.0000000E+0	1.0000000E+2	0.0000000E+0
3.4660000E+1	6.1474817E+1	6.0301121E+1	0.0000000E+0	0.0000000E+0	1.0000000E+2	0.0000000E+0
3.4710000E+1	6.1488882E+1	6.0315213E+1	0.0000000E+0	0.0000000E+0	1.0000000E+2	0.0000000E+0
3.4760000E+1	6.1499522E+1	6.0329186E+1	0.0000000E+0	0.0000000E+0	1.0000000E+2	0.0000000E+0
3.4811000E+1	6.1485094E+1	6.0308109E+1	0.0000000E+0	0.0000000E+0	1.0000000E+2	0.0000000E+0
3.4861000E+1	6.1516171E+1	6.0332265E+1	0.0000000E+0	0.0000000E+0	1.0000000E+2	0.0000000E+0
3.4911000E+1	6.1523628E+1	6.0340701E+1	0.0000000E+0	0.0000000E+0	1.0000000E+2	0.0000000E+0
3.4961000E+1	6.1555004E+1	6.0342059E+1	0.0000000E+0	0.0000000E+0	1.0000000E+2	0.0000000E+0
3.5011000E+1	6.1574518E+1	6.0356045E+1	0.0000000E+0	0.0000000E+0	1.0000000E+2	0.0000000E+0
3.5061000E+1	6.1574959E+1	6.0347527E+1	0.0000000E+0	0.0000000E+0	1.0000000E+2	0.0000000E+0
3.5111000E+1	6.1579374E+1	6.0353286E+1	0.0000000E+0	0.0000000E+0	1.0000000E+2	0.0000000E+0
3.5161000E+1	6.1583909E+1	6.0359278E+1	0.0000000E+0	0.0000000E+0	1.0000000E+2	0.0000000E+0
3.5211000E+1	6.1594619E+1	6.0363940E+1	0.0000000E+0	0.0000000E+0	1.0000000E+2	0.0000000E+0
3.5261000E+1	6.1592279E+1	6.0371285E+1	0.0000000E+0	0.0000000E+0	1.0000000E+2	0.0000000E+0
3.5311000E+1	6.1604011E+1	6.0373010E+1	0.0000000E+0	0.0000000E+0	1.0000000E+2	0.0000000E+0
3.5361000E+1	6.1607684E+1	6.0387807E+1	0.0000000E+0	0.0000000E+0	1.0000000E+2	0.0000000E+0
3.5411000E+1	6.1611989E+1	6.0395169E+1	0.0000000E+0	0.0000000E+0	1.0000000E+2	0.0000000E+0
3.5461000E+1	6.1604648E+1	6.0385776E+1	0.0000000E+0	0.0000000E+0	1.0000000E+2	0.0000000E+0
3.5512000E+1	6.1604685E+1	6.0385691E+1	0.0000000E+0	0.0000000E+0	1.0000000E+2	0.0000000E+0
3.5562000E+1	6.1638519E+1	6.0403411E+1	0.0000000E+0	0.0000000E+0	1.0000000E+2	0.0000000E+0
3.5613000E+1	6.1643714E+1	6.0401591E+1	0.0000000E+0	0.0000000E+0	1.0000000E+2	0.0000000E+0
3.5663000E+1	6.1650603E+1	6.0407827E+1	0.0000000E+0	0.0000000E+0	1.0000000E+2	0.0000000E+0
3.5713000E+1	6.1647916E+1	6.0406472E+1	0.0000000E+0	0.0000000E+0	1.0000000E+2	0.0000000E+0
3.5764000E+1	6.1655709E+1	6.0416695E+1	0.0000000E+0	0.0000000E+0	1.0000000E+2	0.0000000E+0
3.5814000E+1	6.1657744E+1	6.0420126E+1	0.0000000E+0	0.0000000E+0	1.0000000E+2	0.0000000E+0
3.5864000E+1	6.1666625E+1	6.0420950E+1	0.0000000E+0	0.0000000E+0	1.0000000E+2	0.0000000E+0
3.5914000E+1	6.1676719E+1	6.0422285E+1	0.0000000E+0	0.0000000E+0	1.0000000E+2	0.0000000E+0
3.5965000E+1	6.1682556E+1	6.0425429E+1	0.0000000E+0	0.0000000E+0	1.0000000E+2	0.0000000E+0
3.6016000E+1	6.1675127E+1	6.0424576E+1	0.0000000E+0	0.0000000E+0	1.0000000E+2	0.0000000E+0
3.6066000E+1	6.1690807E+1	6.0439023E+1	0.0000000E+0	0.0000000E+0	1.0000000E+2	0.0000000E+0
3.6116000E+1	6.1702123E+1	6.0442959E+1	0.0000000E+0	0.0000000E+0	1.0000000E+2	0.0000000E+0
3.6166000E+1	6.1712266E+1	6.0454696E+1	0.0000000E+0	0.0000000E+0	1.0000000E+2	0.0000000E+0
3.6216000E+1	6.1726015E+1	6.0463350E+1	0.0000000E+0	0.0000000E+0	1.0000000E+2	0.0000000E+0
3.6266000E+1	6.1738872E+1	6.0472859E+1	0.0000000E+0	0.0000000E+0	1.0000000E+2	0.0000000E+0
3.6316000E+1	6.1736457E+1	6.0473297E+1	0.0000000E+0	0.0000000E+0	1.0000000E+2	0.0000000E+0
3.6368000E+1	6.1743348E+1	6.0475253E+1	0.0000000E+0	0.0000000E+0	1.0000000E+2	0.0000000E+0
3.6418000E+1	6.1756324E+1	6.0486066E+1	0.0000000E+0	0.0000000E+0	1.0000000E+2	0.0000000E+0
3.6468000E+1	6.1767475E+1	6.0484218E+1	0.0000000E+0	0.0000000E+0	1.0000000E+2	0.0000000E+0
3.6518000E+1	6.1782085E+1	6.0491085E+1	0.0000000E+0	0.0000000E+0	1.0000000E+2	0.0000000E+0
3.6568000E+1	6.1782153E+1	6.0483583E+1	0.0000000E+0	0.0000000E+0	1.0000000E+2	0.0000000E+0
3.6618000E+1	6.1793217E+1	6.0490913E+1	0.0000000E+0	0.0000000E+0	1.0000000E+2	0.0000000E+0
3.6668000E+1	6.1802702E+1	6.0490464E+1	0.0000000E+0	0.0000000E+0	1.0000000E+2	0.0000000E+0
3.6718000E+1	6.1807245E+1	6.0499799E+1	0.0000000E+0	0.0000000E+0	1.0000000E+2	0.0000000E+0
3.6768000E+1	6.1804905E+1	6.0504959E+1	0.0000000E+0	0.0000000E+0	1.0000000E+2	0.0000000E+0
3.6818000E+1	6.1812086E+1	6.0499174E+1	0.0000000E+0	0.0000000E+0	1.0000000E+2	0.0000000E+0
3.6868000E+1	6.1816439E+1	6.0498558E+1	0.0000000E+0	0.0000000E+0	1.0000000E+2	0.0000000E+0
3.6919000E+1	6.1810996E+1	6.0494625E+1	0.0000000E+0	0.0000000E+0	1.0000000E+2	0.0000000E+0
3.6969000E+1	6.1824918E+1	6.0499561E+1	0.0000000E+0	0.0000000E+0	1.0000000E+2	0.0000000E+0
3.7019000E+1	6.1827098E+1	6.0492294E+1	0.0000000E+0	0.0000000E+0	1.0000000E+2	0.0000000E+0
3.7070000E+1	6.1839562E+1	6.0499205E+1	0.0000000E+0	0.0000000E+0	1.0000000E+2	0.0000000E+0
3.7120000E+1	6.1847051E+1	6.0504105E+1	0.0000000E+0	0.0000000E+0	1.0000000E+2	0.0000000E+0
3.7171000E+1	6.1851219E+1	6.0502251E+1	0.0000000E+0	0.0000000E+0	1.0000000E+2	0.0000000E+0
3.7221000E+1	6.1878271E+1	6.0508782E+1	0.0000000E+0	0.0000000E+0	1.0000000E+2	0.0000000E+0
3.7272000E+1	6.1880176E+1	6.0515571E+1	0.0000000E+0	0.0000000E+0	1.0000000E+2	0.0000000E+0
3.7322000E+1	6.1886946E+1	6.0503588E+1	0.0000000E+0	0.0000000E+0	1.0000000E+2	0.0000000E+0
3.7373000E+1	6.1895817E+1	6.0511927E+1	0.0000000E+0	0.0000000E+0	1.0000000E+2	0.0000000E+0
3.7423000E+1	6.1888509E+1	6.0514281E+1	0.0000000E+0	0.0000000E+0	1.0000000E+2	0.0000000E+0
3.7473000E+1	6.1886795E+1	6.0519835E+1	0.0000000E+0	0.0000000E+0	1.0000000E+2	0.0000000E+0
3.7524000E+1	6.1902548E+1	6.0523390E+1	0.0000000E+0	0.0000000E+0	1.0000000E+2	0.0000000E+0
3.7574000E+1	6.1918336E+1	6.0538430E+1	0.0000000E+0	0.0000000E+0	1.0000000E+2	0.0000000E+0
3.7624000E+1	6.1904951E+1	6.0523181E+1	0.0000000E+0	0.0000000E+0	1.0000000E+2	0.0000000E+0
3.7675000E+1	6.1909029E+1	6.0515669E+1	0.0000000E+0	0.0000000E+0	1.0000000E+2	0.0000000E+0
3.7725000E+1	6.1929207E+1	6.0525641E+1	0.0000000E+0	0.0000000E+0	1.0000000E+2	0.0000000E+0
3.7775000E+1	6.1957888E+1	6.0530363E+1	0.0000000E+0	0.0000000E+0	1.0000000E+2	0.0000000E+0
3.7825000E+1	6.1990518E+1	6.0532714E+1	0.0000000E+0	0.0000000E+0	1.0000000E+2	0.0000000E+0
3.7877000E+1	6.2011769E+1	6.0530326E+1	0.0000000E+0	0.0000000E+0	1.0000000E+2	0.0000000E+0
3.7927000E+1	6.2027710E+1	6.0531298E+1	0.0000000E+0	0.0000000E+0	1.0000000E+2	0.0000000E+0
3.7977000E+1	6.2047645E+1	6.0527706E+1	0.0000000E+0	0.0000000E+0	1.0000000E+2	0.0000000E+0
3.8027000E+1	6.2046976E+1	6.0526077E+1	0.0000000E+0	0.0000000E+0	1.0000000E+2	0.0000000E+0
3.8078000E+1	6.2059516E+1	6.0521114E+1	0.0000000E+0	0.0000000E+0	1.0000000E+2	0.0000000E+0
3.8128000E+1	6.2055649E+1	6.0523630E+1	0.0000000E+0	0.0000000E+0	1.0000000E+2	0.0000000E+0
3.8178000E+1	6.2044226E+1	6.0509975E+1	0.0000000E+0	0.0000000E+0	1.0000000E+2	0.0000000E+0
3.8228000E+1	6.2049995E+1	6.0523575E+1	0.0000000E+0	0.0000000E+0	1.0000000E+2	0.0000000E+0
3.8278000E+1	6.2026084E+1	6.0516265E+1	0.0000000E+0	0.0000000E+0	1.0000000E+2	0.0000000E+0
3.8328000E+1	6.2015223E+1	6.0514117E+1	0.0000000E+0	0.0000000E+0	1.0000000E+2	0.0000000E+0
3.8379000E+1	6.2014240E+1	6.0526761E+1	0.0000000E+0	0.0000000E+0	1.0000000E+2	0.0000000E+0
3.8429000E+1	6.1985012E+1	6.0507519E+1	0.0000000E+0	0.0000000E+0	1.0000000E+2	0.0000000E+0
3.8479000E+1	6.1962271E+1	6.0507546E+1	0.0000000E+0	0.0000000E+0	1.0000000E+2	0.0000000E+0
3.8529000E+1	6.1936122E+1	6.0495828E+1	0.0000000E+0	0.0000000E+0	1.0000000E+2	0.0000000E+0
3.8579000E+1	6.1936340E+1	6.0514227E+1	0.0000000E+0	0.0000000E+0	1.0000000E+2	0.0000000E+0
3.8629000E+1	6.1913156E+1	6.0510595E+1	0.0000000E+0	0.0000000E+0	1.0000000E+2	0.0000000E+0
3.8679000E+1	6.1898020E+1	6.0497966E+1	0.0000000E+0	0.0000000E+0	1.0000000E+2	0.0000000E+0
3.8729000E+1	6.1903735E+1	6.0491960E+1	0.0000000E+0	0.0000000E+0	1.0000000E+2	0.0000000E+0
3.8780000E+1	6.1923381E+1	6.0498934E+1	0.0000000E+0	0.0000000E+0	1.0000000E+2	0.0000000E+0
3.8830000E+1	6.1939360E+1	6.0495146E+1	0.0000000E+0	0.0000000E+0	1.0000000E+2	0.0000000E+0
3.8880000E+1	6.1966280E+1	6.0491299E+1	0.0000000E+0	0.0000000E+0	1.0000000E+2	0.0000000E+0
3.8931000E+1	6.2003686E+1	6.0488560E+1	0.0000000E+0	0.0000000E+0	1.0000000E+2	0.0000000E+0
3.8982000E+1	6.2016321E+1	6.0476557E+1	0.0000000E+0	0.0000000E+0	1.0000000E+2	0.0000000E+0
3.9033000E+1	6.2032091E+1	6.0484506E+1	0.0000000E+0	0.0000000E+0	1.0000000E+2	0.0000000E+0
3.9083000E+1	6.2029622E+1	6.0472675E+1	0.0000000E+0	0.0000000E+0	1.0000000E+2	0.0000000E+0
3.9133000E+1	6.2021990E+1	6.0451691E+1	0.0000000E+0	0.0000000E+0	1.0000000E+2	0.0000000E+0
3.9183000E+1	6.2033796E+1	6.0439936E+1	0.0000000E+0	0.0000000E+0	1.0000000E+2	0.0000000E+0
3.9233000E+1	6.2040806E+1	6.0448720E+1	0.0000000E+0	0.0000000E+0	1.0000000E+2	0.0000000E+0
3.9283000E+1	6.2067802E+1	6.0455791E+1	0.0000000E+0	0.0000000E+0	1.0000000E+2	0.0000000E+0
3.9333000E+1	6.2060967E+1	6.0458407E+1	0.0000000E+0	0.0000000E+0	1.0000000E+2	0.0000000E+0
3.9384000E+1	6.2056914E+1	6.0455929E+1	0.0000000E+0	0.0000000E+0	1.0000000E+2	0.0000000E+0
3.9434000E+1	6.2062943E+1	6.0430307E+1	0.0000000E+0	0.0000000E+0	1.0000000E+2	0.0000000E+0
3.9484000E+1	6.2074096E+1	6.0427246E+1	0.0000000E+0	0.0000000E+0	1.0000000E+2	0.0000000E+0
3.9534000E+1	6.2097511E+1	6.0427810E+1	0.0000000E+0	0.0000000E+0	1.0000000E+2	0.0000000E+0
3.9585000E+1	6.2108338E+1	6.0421858E+1	0.0000000E+0	0.0000000E+0	1.0000000E+2	0.0000000E+0
3.9636000E+1	6.2116307E+1	6.0419109E+1	0.0000000E+0	0.0000000E+0	1.0000000E+2	0.0000000E+0
3.9687000E+1	6.2120356E+1	6.0409015E+1	0.0000000E+0	0.0000000E+0	1.0000000E+2	0.0000000E+0
3.9737000E+1	6.2144930E+1	6.0410663E+1	0.0000000E+0	0.0000000E+0	1.0000000E+2	0.0000000E+0
3.9787000E+1	6.2141970E+1	6.0406886E+1	0.0000000E+0	0.0000000E+0	1.0000000E+2	0.0000000E+0
3.9837000E+1	6.2146002E+1	6.0403296E+1	0.0000000E+0	0.0000000E+0	1.0000000E+2	0.0000000E+0
3.9887000E+1	6.2159861E+1	6.0394664E+1	0.0000000E+0	0.0000000E+0	1.0000000E+2	0.0000000E+0
3.9937000E+1	6.2168507E+1	6.0395622E+1	0.0000000E+0	0.0000000E+0	1.0000000E+2	0.0000000E+0
3.9987000E+1	6.2173016E+1	6.0396963E+1	0.0000000E+0	0.0000000E+0	1.0000000E+2	0.0000000E+0
4.0037000E+1	6.2184071E+1	6.0392688E+1	0.0000000E+0	0.0000000E+0	1.0000000E+2	0.0000000E+0
4.0087000E+1	6.2192840E+1	6.0399189E+1	0.0000000E+0	0.0000000E+0	1.0000000E+2	0.0000000E+0
4.0137000E+1	6.2219144E+1	6.0403549E+1	0.0000000E+0	0.0000000E+0	1.0000000E+2	0.0000000E+0
4.0187000E+1	6.2218028E+1	6.0399011E+1	0.0000000E+0	0.0000000E+0	1.0000000E+2	0.0000000E+0
4.0237000E+1	6.2229512E+1	6.0386820E+1	0.0000000E+0	0.0000000E+0	1.0000000E+2	0.0000000E+0
4.0288000E+1	6.2227352E+1	6.0362535E+1	0.0000000E+0	0.0000000E+0	1.0000000E+2	0.0000000E+0
4.0338000E+1	6.2243060E+1	6.0374452E+1	0.0000000E+0	0.0000000E+0	1.0000000E+2	0.0000000E+0
4.0388000E+1	6.2243633E+1	6.0369200E+1	0.0000000E+0	0.0000000E+0	1.0000000E+2	0.0000000E+0
4.0438000E+1	6.2262259E+1	6.0378220E+1	0.0000000E+0	0.0000000E+0	1.0000000E+2	0.0000000E+0
4.0488000E+1	6.2266973E+1	6.0376523E+1	0.0000000E+0	0.0000000E+0	1.0000000E+2	0.0000000E+0
4.0538000E+1	6.2281565E+1	6.0352489E+1	0.0000000E+0	0.0000000E+0	1.0000000E+2	0.0000000E+0
4.0588000E+1	6.2271951E+1	6.0348980E+1	0.0000000E+0	0.0000000E+0	1.0000000E+2	0.0000000E+0
4.0638000E+1	6.2276547E+1	6.0342482E+1	0.0000000E+0	0.0000000E+0	1.0000000E+2	0.0000000E+0
4.0688000E+1	6.2288779E+1	6.0342791E+1	0.0000000E+0	0.0000000E+0	1.0000000E+2	0.0000000E+0
4.0738000E+1	6.2307253E+1	6.0349830E+1	0.0000000E+0	0.0000000E+0	1.0000000E+2	0.0000000E+0
4.0788000E+1	6.2306270E+1	6.0345592E+1	0.0000000E+0	0.0000000E+0	1.0000000E+2	0.0000000E+0
4.0838000E+1	6.2310288E+1	6.0334317E+1	0.0000000E+0	0.0000000E+0	1.0000000E+2	0.0000000E+0
4.0888000E+1	6.2302531E+1	6.0325148E+1	0.0000000E+0	0.0000000E+0	1.0000000E+2	0.0000000E+0
4.0938000E+1	6.2297978E+1	6.0316958E+1	0.0000000E+0	0.0000000E+0	1.0000000E+2	0.0000000E+0
4.0988000E+1	6.2303532E+1	6.0327505E+1	0.0000000E+0	0.0000000E+0	1.0000000E+2	0.0000000E+0
4.1038000E+1	6.2290911E+1	6.0317906E+1	0.0000000E+0	0.0000000E+0	1.0000000E+2	0.0000000E+0
4.1088000E+1	6.2291384E+1	6.0310225E+1	0.0000000E+0	0.0000000E+0	1.0000000E+2	0.0000000E+0
4.1138000E+1	6.2293538E+1	6.0317618E+1	0.0000000E+0	0.0000000E+0	1.0000000E+2	0.0000000E+0
4.1189000E+1	6.2298364E+1	6.0303039E+1	0.0000000E+0	0.0000000E+0	1.0000000E+2	0.0000000E+0
4.1240000E+1	6.2318994E+1	6.0298324E+1	0.0000000E+0	0.0000000E+0	1.0000000E+2	0.0000000E+0
4.1290000E+1	6.2340612E+1	6.0297794E+1	0.0000000E+0	0.0000000E+0	1.0000000E+2	0.0000000E+0
4.1340000E+1	6.2357722E+1	6.0295169E+1	0.0000000E+0	0.0000000E+0	1.0000000E+2	0.0000000E+0
4.1390000E+1	6.2371422E+1	6.0290171E+1	0.0000000E+0	0.0000000E+0	1.0000000E+2	0.0000000E+0
4.1440000E+1	6.2376470E+1	6.0293404E+1	0.0000000E+0	0.0000000E+0	1.0000000E+2	0.0000000E+0
4.1491000E+1	6.2366804E+1	6.0292964E+1	0.0000000E+0	0.0000000E+0	1.0000000E+2	0.0000000E+0
4.1541000E+1	6.2374007E+1	6.0293212E+1	0.0000000E+0	0.0000000E+0	1.0000000E+2	0.0000000E+0
4.1591000E+1	6.2359162E+1	6.0291491E+1	0.0000000E+0	0.0000000E+0	1.0000000E+2	0.0000000E+0
4.1641000E+1	6.2342319E+1	6.0274740E+1	0.0000000E+0	0.0000000E+0	1.0000000E+2	0.0000000E+0
4.1691000E+1	6.2339104E+1	6.0276250E+1	0.0000000E+0	0.0000000E+0	1.0000000E+2	0.0000000E+0
4.1741000E+1	6.2332143E+1	6.0266715E+1	0.0000000E+0	0.0000000E+0	1.0000000E+2	0.0000000E+0
4.1792000E+1	6.2339243E+1	6.0273592E+1	0.0000000E+0	0.0000000E+0	1.0000000E+2	0.0000000E+0
4.1842000E+1	6.2344562E+1	6.0270842E+1	0.0000000E+0	0.0000000E+0	1.0000000E+2	0.0000000E+0
4.1892000E+1	6.2356496E+1	6.0267636E+1	0.0000000E+0	0.0000000E+0	1.0000000E+2	0.0000000E+0
4.1942000E+1	6.2354556E+1	6.0264672E+1	0.0000000E+0	0.0000000E+0	1.0000000E+2	0.0000000E+0
4.1992000E+1	6.2350439E+1	6.0263713E+1	0.0000000E+0	0.0000000E+0	1.0000000E+2	0.0000000E+0
4.2042000E+1	6.2338471E+1	6.0258112E+1	0.0000000E+0	0.0000000E+0	1.0000000E+2	0.0000000E+0
4.2092000E+1	6.2336701E+1	6.0254667E+1	0.0000000E+0	0.0000000E+0	1.0000000E+2	0.0000000E+0
4.2142000E+1	6.2315733E+1	6.0247000E+1	0.0000000E+0	0.0000000E+0	1.0000000E+2	0.0000000E+0
4.2193000E+1	6.2324679E+1	6.0245760E+1	0.0000000E+0	0.0000000E+0	1.0000000E+2	0.0000000E+0
4.2244000E+1	6.2330501E+1	6.0242709E+1	0.0000000E+0	0.0000000E+0	1.0000000E+2	0.0000000E+0
4.2294000E+1	6.2347576E+1	6.0239265E+1	0.0000000E+0	0.0000000E+0	1.0000000E+2	0.0000000E+0
4.2346000E+1	6.2352226E+1	6.0239648E+1	0.0000000E+0	0.0000000E+0	1.0000000E+2	0.0000000E+0
4.2396000E+1	6.2345338E+1	6.0234918E+1	0.0000000E+0	0.0000000E+0	1.0000000E+2	0.0000000E+0
4.2447000E+1	6.2337840E+1	6.0221261E+1	0.0000000E+0	0.0000000E+0	1.0000000E+2	0.0000000E+0
4.2497000E+1	6.2344975E+1	6.0223422E+1	0.0000000E+0	0.0000000E+0	1.0000000E+2	0.0000000E+0
4.2547000E+1	6.2345926E+1	6.0211736E+1	0.0000000E+0	0.0000000E+0	1.0000000E+2	0.0000000E+0
4.2597000E+1	6.2357220E+1	6.0202627E+1	0.0000000E+0	0.0000000E+0	1.0000000E+2	0.0000000E+0
4.2647000E+1	6.2369829E+1	6.0210986E+1	0.0000000E+0	0.0000000E+0	1.0000000E+2	0.0000000E+0
4.2697000E+1	6.2393666E+1	6.0220693E+1	0.0000000E+0	0.0000000E+0	1.0000000E+2	0.0000000E+0
4.2748000E+1	6.2404576E+1	6.0219853E+1	0.0000000E+0	0.0000000E+0	1.0000000E+2	0.0000000E+0
4.2798000E+1	6.2418917E+1	6.0209614E+1	0.0000000E+0	0.0000000E+0	1.0000000E+2	0.0000000E+0
4.2848000E+1	6.2438619E+1	6.0208281E+1	0.0000000E+0	0.0000000E+0	1.0000000E+2	0.0000000E+0
4.2898000E+1	6.2453709E+1	6.0215383E+1	0.0000000E+0	0.0000000E+0	1.0000000E+2	0.0000000E+0
4.2948000E+1	6.2457278E+1	6.0214298E+1	0.0000000E+0	0.0000000E+0	1.0000000E+2	0.0000000E+0
4.2998000E+1	6.2448402E+1	6.0210128E+1	0.0000000E+0	0.0000000E+0	1.0000000E+2	0.0000000E+0
4.3048000E+1	6.2476750E+1	6.0207715E+1	0.0000000E+0	0.0000000E+0	1.0000000E+2	0.0000000E+0
4.3099000E+1	6.2495920E+1	6.0208070E+1	0.0000000E+0	0.0000000E+0	1.0000000E+2	0.0000000E+0
4.3149000E+1	6.2500513E+1	6.0192437E+1	0.0000000E+0	0.0000000E+0	1.0000000E+2	0.0000000E+0
4.3199000E+1	6.2499823E+1	6.0193395E+1	0.0000000E+0	0.0000000E+0	1.0000000E+2	0.0000000E+0
4.3250000E+1	6.2514029E+1	6.0190901E+1	0.0000000E+0	0.0000000E+0	1.0000000E+2	0.0000000E+0
4.3300000E+1	6.2532043E+1	6.0200583E+1	0.0000000E+0	0.0000000E+0	1.0000000E+2	0.0000000E+0
4.3350000E+1	6.2518381E+1	6.0187016E+1	0.0000000E+0	0.0000000E+0	1.0000000E+2	0.0000000E+0
4.3400000E+1	6.2532791E+1	6.0192104E+1	0.0000000E+0	0.0000000E+0	1.0000000E+2	0.0000000E+0
4.3451000E+1	6.2551598E+1	6.0198139E+1	0.0000000E+0	0.0000000E+0	1.0000000E+2	0.0000000E+0
4.3501000E+1	6.2568174E+1	6.0195317E+1	0.0000000E+0	0.0000000E+0	1.0000000E+2	0.0000000E+0
4.3552000E+1	6.2565588E+1	6.0180500E+1	0.0000000E+0	0.0000000E+0	1.0000000E+2	0.0000000E+0
4.3602000E+1	6.2575708E+1	6.0185686E+1	0.0000000E+0	0.0000000E+0	1.0000000E+2	0.0000000E+0
4.3652000E+1	6.2573651E+1	6.0178908E+1	0.0000000E+0	0.0000000E+0	1.0000000E+2	0.0000000E+0
4.3702000E+1	6.2585476E+1	6.0170969E+1	0.0000000E+0	0.0000000E+0	1.0000000E+2	0.0000000E+0
4.3752000E+1	6.2577607E+1	6.0164954E+1	0.0000000E+0	0.0000000E+0	1.0000000E+2	0.0000000E+0
4.3802000E+1	6.2573275E+1	6.0162721E+1	0.0000000E+0	0.0000000E+0	1.0000000E+2	0.0000000E+0
4.3852000E+1	6.2582937E+1	6.0151305E+1	0.0000000E+0	0.0000000E+0	1.0000000E+2	0.0000000E+0
4.3902000E+1	6.2585575E+1	6.0148852E+1	0.0000000E+0	0.0000000E+0	1.0000000E+2	0.0000000E+0
4.3952000E+1	6.2604260E+1	6.0148375E+1	0.0000000E+0	0.0000000E+0	1.0000000E+2	0.0000000E+0
4.4003000E+1	6.2623750E+1	6.0150177E+1	0.0000000E+0	0.0000000E+0	1.0000000E+2	0.0000000E+0
4.4053000E+1	6.2622914E+1	6.0136260E+1	0.0000000E+0	0.0000000E+0	1.0000000E+2	0.0000000E+0
4.4103000E+1	6.2617877E+1	6.0121164E+1	0.0000000E+0	0.0000000E+0	1.0000000E+2	0.0000000E+0
4.4154000E+1	6.2638366E+1	6.0138020E+1	0.0000000E+0	0.0000000E+0	1.0000000E+2	0.0000000E+0
4.4205000E+1	6.2655389E+1	6.0149166E+1	0.0000000E+0	0.0000000E+0	1.0000000E+2	0.0000000E+0
4.4256000E+1	6.2649139E+1	6.0136858E+1	0.0000000E+0	0.0000000E+0	1.0000000E+2	0.0000000E+0
4.4306000E+1	6.2648267E+1	6.0136549E+1	0.0000000E+0	0.0000000E+0	1.0000000E+2	0.0000000E+0
4.4356000E+1	6.2652017E+1	6.0142070E+1	0.0000000E+0	0.0000000E+0	1.0000000E+2	0.0000000E+0
4.4406000E+1	6.2653920E+1	6.0134996E+1	0.0000000E+0	0.0000000E+0	1.0000000E+2	0.0000000E+0
4.4456000E+1	6.2647475E+1	6.0125679E+1	0.0000000E+0	0.0000000E+0	1.0000000E+2	0.0000000E+0
4.4507000E+1	6.2664840E+1	6.0123933E+1	0.0000000E+0	0.0000000E+0	1.0000000E+2	0.0000000E+0
4.4558000E+1	6.2680687E+1	6.0120245E+1	0.0000000E+0	0.0000000E+0	1.0000000E+2	0.0000000E+0
4.4608000E+1	6.2687115E+1	6.0116704E+1	0.0000000E+0	0.0000000E+0	1.0000000E+2	0.0000000E+0
4.4658000E+1	6.2681963E+1	6.0111349E+1	0.0000000E+0	0.0000000E+0	1.0000000E+2	0.0000000E+0
4.4708000E+1	6.2679258E+1	6.0110567E+1	0.0000000E+0	0.0000000E+0	1.0000000E+2	0.0000000E+0
4.4758000E+1	6.2676738E+1	6.0107815E+1	0.0000000E+0	0.0000000E+0	1.0000000E+2	0.0000000E+0
4.4809000E+1	6.2669459E+1	6.0103858E+1	0.0000000E+0	0.0000000E+0	1.0000000E+2	0.0000000E+0
4.4860000E+1	6.2675955E+1	6.0104486E+1	0.0000000E+0	0.0000000E+0	1.0000000E+2	0.0000000E+0
4.4910000E+1	6.2683613E+1	6.0109704E+1	0.0000000E+0	0.0000000E+0	1.0000000E+2	0.0000000E+0
4.4960000E+1	6.2681378E+1	6.0091476E+1	0.0000000E+0	0.0000000E+0	1.0000000E+2	0.0000000E+0
4.5010000E+1	6.2687323E+1	6.0095546E+1	0.0000000E+0	0.0000000E+0	1.0000000E+2	0.0000000E+0
4.5060000E+1	6.2681363E+1	6.0089115E+1	0.0000000E+0	0.0000000E+0	1.0000000E+2	0.0000000E+0
4.5110000E+1	6.2696865E+1	6.0102852E+1	0.0000000E+0	0.0000000E+0	1.0000000E+2	0.0000000E+0
4.5161000E+1	6.2674256E+1	6.0092573E+1	0.0000000E+0	0.0000000E+0	1.0000000E+2	0.0000000E+0
4.5211000E+1	6.2683252E+1	6.0099477E+1	0.0000000E+0	0.0000000E+0	1.0000000E+2	0.0000000E+0
4.5262000E+1	6.2680874E+1	6.0089990E+1	0.0000000E+0	0.0000000E+0	1.0000000E+2	0.0000000E+0
4.5313000E+1	6.2668606E+1	6.0085637E+1	0.0000000E+0	0.0000000E+0	1.0000000E+2	0.0000000E+0
4.5363000E+1	6.2671506E+1	6.0085482E+1	0.0000000E+0	0.0000000E+0	1.0000000E+2	0.0000000E+0
4.5414000E+1	6.2668842E+1	6.0088319E+1	0.0000000E+0	0.0000000E+0	1.0000000E+2	0.0000000E+0
4.5464000E+1	6.2658015E+1	6.0086304E+1	0.0000000E+0	0.0000000E+0	1.0000000E+2	0.0000000E+0
4.5514000E+1	6.2647709E+1	6.0071818E+1	0.0000000E+0	0.0000000E+0	1.0000000E+2	0.0000000E+0
4.5564000E+1	6.2648602E+1	6.0078915E+1	0.0000000E+0	0.0000000E+0	1.0000000E+2	0.0000000E+0
4.5614000E+1	6.2655969E+1	6.0078041E+1	0.0000000E+0	0.0000000E+0	1.0000000E+2	0.0000000E+0
4.5664000E+1	6.2681684E+1	6.0086079E+1	0.0000000E+0	0.0000000E+0	1.0000000E+2	0.0000000E+0
4.5714000E+1	6.2678103E+1	6.0084576E+1	0.0000000E+0	0.0000000E+0	1.0000000E+2	0.0000000E+0
4.5764000E+1	6.2696209E+1	6.0081159E+1	0.0000000E+0	0.0000000E+0	1.0000000E+2	0.0000000E+0
4.5814000E+1	6.2683081E+1	6.0074375E+1	0.0000000E+0	0.0000000E+0	1.0000000E+2	0.0000000E+0
4.5864000E+1	6.2686438E+1	6.0072123E+1	0.0000000E+0	0.0000000E+0	1.0000000E+2	0.0000000E+0
4.5914000E+1	6.2696106E+1	6.0072399E+1	0.0000000E+0	0.0000000E+0	1.0000000E+2	0.0000000E+0
4.5965000E+1	6.2696560E+1	6.0057553E+1	0.0000000E+0	0.0000000E+0	1.0000000E+2	0.0000000E+0
4.6015000E+1	6.2700231E+1	6.0054575E+1	0.0000000E+0	0.0000000E+0	1.0000000E+2	0.0000000E+0
4.6065000E+1	6.2716759E+1	6.0065881E+1	0.0000000E+0	0.0000000E+0	1.0000000E+2	0.0000000E+0
4.6115000E+1	6.2704206E+1	6.0058830E+1	0.0000000E+0	0.0000000E+0	1.0000000E+2	0.0000000E+0
4.6165000E+1	6.2710300E+1	6.0058971E+1	0.0000000E+0	0.0000000E+0	1.0000000E+2	0.0000000E+0
4.6215000E+1	6.2720886E+1	6.0067736E+1	0.0000000E+0	0.0000000E+0	1.0000000E+2	0.0000000E+0
4.6265000E+1	6.2729968E+1	6.0067137E+1	0.0000000E+0	0.0000000E+0	1.0000000E+2	0.0000000E+0
4.6315000E+1	6.2744655E+1	6.0076379E+1	0.0000000E+0	0.0000000E+0	1.0000000E+2	0.0000000E+0
4.6366000E+1	6.2738028E+1	6.0067327E+1	0.0000000E+0	0.0000000E+0	1.0000000E+2	0.0000000E+0
4.6416000E+1	6.2737914E+1	6.0058314E+1	0.0000000E+0	0.0000000E+0	1.0000000E+2	0.0000000E+0
4.6466000E+1	6.2745687E+1	6.0051689E+1	0.0000000E+0	0.0000000E+0	1.0000000E+2	0.0000000E+0
4.6516000E+1	6.2763576E+1	6.0055655E+1	0.0000000E+0	0.0000000E+0	1.0000000E+2	0.0000000E+0
4.6566000E+1	6.2757146E+1	6.0054253E+1	0.0000000E+0	0.0000000E+0	1.0000000E+2	0.0000000E+0
4.6616000E+1	6.2759912E+1	6.0041204E+1	0.0000000E+0	0.0000000E+0	1.0000000E+2	0.0000000E+0
4.6666000E+1	6.2775673E+1	6.0050975E+1	0.0000000E+0	0.0000000E+0	1.0000000E+2	0.0000000E+0
4.6717000E+1	6.2781096E+1	6.0042690E+1	0.0000000E+0	0.0000000E+0	1.0000000E+2	0.0000000E+0
4.6767000E+1	6.2794678E+1	6.0044227E+1	0.0000000E+0	0.0000000E+0	1.0000000E+2	0.0000000E+0
4.6817000E+1	6.2782439E+1	6.0021295E+1	0.0000000E+0	0.0000000E+0	1.0000000E+2	0.0000000E+0
4.6867000E+1	6.2816486E+1	6.0037641E+1	0.0000000E+0	0.0000000E+0	1.0000000E+2	0.0000000E+0
4.6917000E+1	6.2828474E+1	6.0028847E+1	0.0000000E+0	0.0000000E+0	1.0000000E+2	0.0000000E+0
4.6967000E+1	6.2840506E+1	6.0031319E+1	0.0000000E+0	0.0000000E+0	1.0000000E+2	0.0000000E+0
4.7017000E+1	6.2841774E+1	6.0017867E+1	0.0000000E+0	0.0000000E+0	1.0000000E+2	0.0000000E+0
4.7067000E+1	6.2866893E+1	6.0030639E+1	0.0000000E+0	0.0000000E+0	1.0000000E+2	0.0000000E+0
4.7117000E+1	6.2889387E+1	6.0030092E+1	0.0000000E+0	0.0000000E+0	1.0000000E+2	0.0000000E+0
4.7168000E+1	6.2895144E+1	6.0030546E+1	0.0000000E+0	0.0000000E+0	1.0000000E+2	0.0000000E+0
4.7218000E+1	6.2890270E+1	6.0035144E+1	0.0000000E+0	0.0000000E+0	1.0000000E+2	0.0000000E+0
4.7268000E+1	6.2912612E+1	6.0035060E+1	0.0000000E+0	0.0000000E+0	1.0000000E+2	0.0000000E+0
4.7318000E+1	6.2928182E+1	6.0042782E+1	0.0000000E+0	0.0000000E+0	1.0000000E+2	0.0000000E+0
4.7368000E+1	6.2939504E+1	6.0048944E+1	0.0000000E+0	0.0000000E+0	1.0000000E+2	0.0000000E+0
4.7418000E+1	6.2946759E+1	6.0050308E+1	0.0000000E+0	0.0000000E+0	1.0000000E+2	0.0000000E+0
4.7468000E+1	6.2938205E+1	6.0049961E+1	0.0000000E+0	0.0000000E+0	1.0000000E+2	0.0000000E+0
4.7518000E+1	6.2926311E+1	6.0038472E+1	0.0000000E+0	0.0000000E+0	1.0000000E+2	0.0000000E+0
4.7568000E+1	6.2935726E+1	6.0037716E+1	0.0000000E+0	0.0000000E+0	1.0000000E+2	0.0000000E+0
4.7618000E+1	6.2954639E+1	6.0043607E+1	0.0000000E+0	0.0000000E+0	1.0000000E+2	0.0000000E+0
4.7668000E+1	6.2962216E+1	6.0046262E+1	0.0000000E+0	0.0000000E+0	1.0000000E+2	0.0000000E+0
4.7718000E+1	6.2941476E+1	6.0031904E+1	0.0000000E+0	0.0000000E+0	1.0000000E+2	0.0000000E+0
4.7768000E+1	6.2941885E+1	6.0027093E+1	0.0000000E+0	0.0000000E+0	1.0000000E+2	0.0000000E+0
4.7818000E+1	6.2943445E+1	6.0037544E+1	0.0000000E+0	0.0000000E+0	1.0000000E+2	0.0000000E+0
4.7868000E+1	6.2936278E+1	6.0028329E+1	0.0000000E+0	0.0000000E+0	1.0000000E+2	0.0000000E+0
4.7918000E+1	6.2930979E+1	6.0031729E+1	0.0000000E+0	0.0000000E+0	1.0000000E+2	0.0000000E+0
4.7968000E+1	6.2917277E+1	6.0018764E+1	0.0000000E+0	0.0000000E+0	1.0000000E+2	0.0000000E+0
4.8019000E+1	6.2934134E+1	6.0036054E+1	0.0000000E+0	0.0000000E+0	1.0000000E+2	0.0000000E+0
4.8069000E+1	6.2940331E+1	6.0039289E+1	0.0000000E+0	0.0000000E+0	1.0000000E+2	0.0000000E+0
4.8119000E+1	6.2940348E+1	6.0039953E+1	0.0000000E+0	0.0000000E+0	1.0000000E+2	0.0000000E+0
4.8169000E+1	6.2941253E+1	6.0026822E+1	0.0000000E+0	0.0000000E+0	1.0000000E+2	0.0000000E+0
4.8219000E+1	6.2942695E+1	6.0024596E+1	0.0000000E+0	0.0000000E+0	1.0000000E+2	0.0000000E+0
4.8269000E+1	6.2961575E+1	6.0030786E+1	0.0000000E+0	0.0000000E+0	1.0000000E+2	0.0000000E+0
4.8319000E+1	6.2978196E+1	6.0033085E+1	0.0000000E+0	0.0000000E+0	1.0000000E+2	0.0000000E+0
4.8369000E+1	6.2996954E+1	6.0024385E+1	0.0000000E+0	0.0000000E+0	1.0000000E+2	0.0000000E+0
4.8419000E+1	6.3012599E+1	6.0029265E+1	0.0000000E+0	0.0000000E+0	1.0000000E+2	0.0000000E+0
4.8469000E+1	6.3008228E+1	6.0019268E+1	0.0000000E+0	0.0000000E+0	1.0000000E+2	0.0000000E+0
4.8519000E+1	6.3023515E+1	6.0034845E+1	0.0000000E+0	0.0000000E+0	1.0000000E+2	0.0000000E+0
4.8570000E+1	6.3030476E+1	6.0033839E+1	0.0000000E+0	0.0000000E+0	1.0000000E+2	0.0000000E+0
4.8620000E+1	6.3036276E+1	6.0039220E+1	0.0000000E+0	0.0000000E+0	1.0000000E+2	0.0000000E+0
4.8670000E+1	6.3013317E+1	6.0023434E+1	0.0000000E+0	0.0000000E+0	1.0000000E+2	0.0000000E+0
4.8720000E+1	6.3007613E+1	6.0026934E+1	0.0000000E+0	0.0000000E+0	1.0000000E+2	0.0000000E+0
4.8770000E+1	6.3006333E+1	6.0026250E+1	0.0000000E+0	0.0000000E+0	1.0000000E+2	0.0000000E+0
4.8820000E+1	6.3021290E+1	6.0028470E+1	0.0000000E+0	0.0000000E+0	1.0000000E+2	0.0000000E+0
4.8870000E+1	6.3014820E+1	6.0015099E+1	0.0000000E+0	0.0000000E+0	1.0000000E+2	0.0000000E+0
4.8920000E+1	6.3026201E+1	6.0020862E+1	0.0000000E+0	0.0000000E+0	1.0000000E+2	0.0000000E+0
4.8970000E+1	6.3046698E+1	6.0019534E+1	0.0000000E+0	0.0000000E+0	1.0000000E+2	0.0000000E+0
4.9021000E+1	6.3054604E+1	6.0018778E+1	0.0000000E+0	0.0000000E+0	1.0000000E+2	0.0000000E+0
4.9072000E+1	6.3071365E+1	6.0024621E+1	0.0000000E+0	0.0000000E+0	1.0000000E+2	0.0000000E+0
4.9122000E+1	6.3070461E+1	6.0021954E+1	0.0000000E+0	0.0000000E+0	1.0000000E+2	0.0000000E+0
4.9173000E+1	6.3055661E+1	6.0015123E+1	0.0000000E+0	0.0000000E+0	1.0000000E+2	0.0000000E+0
4.9223000E+1	6.3069182E+1	6.0027109E+1	0.0000000E+0	0.0000000E+0	1.0000000E+2	0.0000000E+0
4.9274000E+1	6.3064806E+1	6.0032535E+1	0.0000000E+0	0.0000000E+0	1.0000000E+2	0.0000000E+0
4.9324000E+1	6.3075045E+1	6.0032869E+1	0.0000000E+0	0.0000000E+0	1.0000000E+2	0.0000000E+0
4.9374000E+1	6.3090566E+1	6.0038960E+1	0.0000000E+0	0.0000000E+0	1.0000000E+2	0.0000000E+0
4.9424000E+1	6.3095462E+1	6.0042384E+1	0.0000000E+0	0.0000000E+0	1.0000000E+2	0.0000000E+0
4.9474000E+1	6.3095185E+1	6.0032770E+1	0.0000000E+0	0.0000000E+0	1.0000000E+2	0.0000000E+0
4.9524000E+1	6.3112392E+1	6.0035344E+1	0.0000000E+0	0.0000000E+0	1.0000000E+2	0.0000000E+0
4.9574000E+1	6.3115745E+1	6.0039770E+1	0.0000000E+0	0.0000000E+0	1.0000000E+2	0.0000000E+0
4.9624000E+1	6.3116054E+1	6.0029373E+1	0.0000000E+0	0.0000000E+0	1.0000000E+2	0.0000000E+0
4.9676000E+1	6.3125965E+1	6.0026361E+1	0.0000000E+0	0.0000000E+0	1.0000000E+2	0.0000000E+0
4.9726000E+1	6.3120927E+1	6.0030673E+1	0.0000000E+0	0.0000000E+0	1.0000000E+2	0.0000000E+0
4.9776000E+1	6.3132056E+1	6.0033657E+1	0.0000000E+0	0.0000000E+0	1.0000000E+2	0.0000000E+0
4.9827000E+1	6.3136983E+1	6.0030549E+1	0.0000000E+0	0.0000000E+0	1.0000000E+2	0.0000000E+0
4.9877000E+1	6.3149829E+1	6.0043602E+1	0.0000000E+0	0.0000000E+0	1.0000000E+2	0.0000000E+0
4.9927000E+1	6.3166256E+1	6.0044273E+1	0.0000000E+0	0.0000000E+0	1.0000000E+2	0.0000000E+0
4.9977000E+1	6.3182117E+1	6.0056546E+1	0.0000000E+0	0.0000000E+0	1.0000000E+2	0.0000000E+0
5.0027000E+1	6.3173098E+1	6.0040070E+1	0.0000000E+0	0.0000000E+0	1.0000000E+2	0.0000000E+0
5.0078000E+1	6.3185216E+1	6.0046923E+1	0.0000000E+0	0.0000000E+0	1.0000000E+2	0.0000000E+0
5.0128000E+1	6.3201433E+1	6.0049801E+1	0.0000000E+0	0.0000000E+0	1.0000000E+2	0.0000000E+0
5.0179000E+1	6.3204057E+1	6.0050592E+1	0.0000000E+0	0.0000000E+0	1.0000000E+2	0.0000000E+0
5.0230000E+1	6.3217760E+1	6.0048909E+1	0.0000000E+0	0.0000000E+0	1.0000000E+2	0.0000000E+0
5.0280000E+1	6.3227760E+1	6.0050519E+1	0.0000000E+0	0.0000000E+0	1.0000000E+2	0.0000000E+0
5.0330000E+1	6.3233523E+1	6.0039409E+1	0.0000000E+0	0.0000000E+0	1.0000000E+2	0.0000000E+0
5.0380000E+1	6.3229803E+1	6.0043001E+1	0.0000000E+0	0.0000000E+0	1.0000000E+2	0.0000000E+0
5.0430000E+1	6.3251726E+1	6.0053384E+1	0.0000000E+0	0.0000000E+0	1.0000000E+2	0.0000000E+0
5.0480000E+1	6.3271798E+1	6.0057701E+1	0.0000000E+0	0.0000000E+0	1.0000000E+2	0.0000000E+0
5.0532000E+1	6.3284708E+1	6.0057846E+1	0.0000000E+0	0.0000000E+0	1.0000000E+2	0.0000000E+0
5.0583000E+1	6.3294740E+1	6.0066867E+1	0.0000000E+0	0.0000000E+0	1.0000000E+2	0.0000000E+0
5.0633000E+1	6.3292523E+1	6.0059440E+1	0.0000000E+0	0.0000000E+0	1.0000000E+2	0.0000000E+0
5.0683000E+1	6.3316218E+1	6.0062497E+1	0.0000000E+0	0.0000000E+0	1.0000000E+2	0.0000000E+0
5.0733000E+1	6.3316377E+1	6.0061854E+1	0.0000000E+0	0.0000000E+0	1.0000000E+2	0.0000000E+0
5.0784000E+1	6.3347328E+1	6.0071172E+1	0.0000000E+0	0.0000000E+0	1.0000000E+2	0.0000000E+0
5.0834000E+1	6.3360374E+1	6.0063070E+1	0.0000000E+0	0.0000000E+0	1.0000000E+2	0.0000000E+0
5.0884000E+1	6.3367324E+1	6.0070005E+1	0.0000000E+0	0.0000000E+0	1.0000000E+2	0.0000000E+0
5.0935000E+1	6.3386675E+1	6.0062556E+1	0.0000000E+0	0.0000000E+0	1.0000000E+2	0.0000000E+0
5.0986000E+1	6.3390916E+1	6.0059633E+1	0.0000000E+0	0.0000000E+0	1.0000000E+2	0.0000000E+0
5.1036000E+1	6.3402758E+1	6.0057342E+1	0.0000000E+0	0.0000000E+0	1.0000000E+2	0.0000000E+0
5.1086000E+1	6.3429628E+1	6.0068559E+1	0.0000000E+0	0.0000000E+0	1.0000000E+2	0.0000000E+0
5.1136000E+1	6.3450832E+1	6.0067695E+1	0.0000000E+0	0.0000000E+0	1.0000000E+2	0.0000000E+0
5.1187000E+1	6.3452031E+1	6.0066134E+1	0.0000000E+0	0.0000000E+0	1.0000000E+2	0.0000000E+0
5.1237000E+1	6.3462895E+1	6.0061376E+1	0.0000000E+0	0.0000000E+0	1.0000000E+2	0.0000000E+0
5.1287000E+1	6.3446398E+1	6.0056907E+1	0.0000000E+0	0.0000000E+0	1.0000000E+2	0.0000000E+0
5.1337000E+1	6.3455281E+1	6.0053316E+1	0.0000000E+0	0.0000000E+0	1.0000000E+2	0.0000000E+0
5.1388000E+1	6.3472286E+1	6.0070900E+1	0.0000000E+0	0.0000000E+0	1.0000000E+2	0.0000000E+0
5.1439000E+1	6.3464358E+1	6.0072945E+1	0.0000000E+0	0.0000000E+0	1.0000000E+2	0.0000000E+0
5.1490000E+1	6.3459552E+1	6.0065353E+1	0.0000000E+0	0.0000000E+0	1.0000000E+2	0.0000000E+0
5.1540000E+1	6.3466325E+1	6.0061664E+1	0.0000000E+0	0.0000000E+0	1.0000000E+2	0.0000000E+0
5.1590000E+1	6.3474512E+1	6.0071752E+1	0.0000000E+0	0.0000000E+0	1.0000000E+2	0.0000000E+0
5.1640000E+1	6.3470213E+1	6.0073859E+1	0.0000000E+0	0.0000000E+0	1.0000000E+2	0.0000000E+0
5.1690000E+1	6.3472120E+1	6.0069639E+1	0.0000000E+0	0.0000000E+0	1.0000000E+2	0.0000000E+0
5.1740000E+1	6.3476324E+1	6.0084861E+1	0.0000000E+0	0.0000000E+0	1.0000000E+2	0.0000000E+0
5.1791000E+1	6.3461931E+1	6.0071159E+1	0.0000000E+0	0.0000000E+0	1.0000000E+2	0.0000000E+0
5.1841000E+1	6.3454759E+1	6.0070824E+1	0.0000000E+0	0.0000000E+0	1.0000000E+2	0.0000000E+0
5.1891000E+1	6.3464055E+1	6.0087731E+1	0.0000000E+0	0.0000000E+0	1.0000000E+2	0.0000000E+0
5.1941000E+1	6.3465094E+1	6.0083821E+1	0.0000000E+0	0.0000000E+0	1.0000000E+2	0.0000000E+0
5.1991000E+1	6.3466448E+1	6.0087954E+1	0.0000000E+0	0.0000000E+0	1.0000000E+2	0.0000000E+0
5.2041000E+1	6.3486913E+1	6.0103331E+1	0.0000000E+0	0.0000000E+0	1.0000000E+2	0.0000000E+0
5.2092000E+1	6.3493556E+1	6.0093294E+1	0.0000000E+0	0.0000000E+0	1.0000000E+2	0.0000000E+0
5.2143000E+1	6.3499486E+1	6.0096590E+1	0.0000000E+0	0.0000000E+0	1.0000000E+2	0.0000000E+0
5.2194000E+1	6.3531960E+1	6.0109470E+1	0.0000000E+0	0.0000000E+0	1.0000000E+2	0.0000000E+0
5.2244000E+1	6.3541358E+1	6.0092438E+1	0.0000000E+0	0.0000000E+0	1.0000000E+2	0.0000000E+0
5.2294000E+1	6.3574375E+1	6.0095325E+1	0.0000000E+0	0.0000000E+0	1.0000000E+2	0.0000000E+0
5.2344000E+1	6.3612467E+1	6.0118133E+1	0.0000000E+0	0.0000000E+0	1.0000000E+2	0.0000000E+0
5.2394000E+1	6.3632727E+1	6.0101357E+1	0.0000000E+0	0.0000000E+0	1.0000000E+2	0.0000000E+0
5.2445000E+1	6.3653631E+1	6.0097823E+1	0.0000000E+0	0.0000000E+0	1.0000000E+2	0.0000000E+0
5.2495000E+1	6.3661138E+1	6.0088724E+1	0.0000000E+0	0.0000000E+0	1.0000000E+2	0.0000000E+0
5.2545000E+1	6.3708127E+1	6.0103721E+1	0.0000000E+0	0.0000000E+0	1.0000000E+2	0.0000000E+0
5.2595000E+1	6.3728660E+1	6.0113005E+1	0.0000000E+0	0.0000000E+0	1.0000000E+2	0.0000000E+0
5.2646000E+1	6.3758480E+1	6.0126705E+1	0.0000000E+0	0.0000000E+0	1.0000000E+2	0.0000000E+0
5.2697000E+1	6.3762227E+1	6.0121072E+1	0.0000000E+0	0.0000000E+0	1.0000000E+2	0.0000000E+0
5.2747000E+1	6.3772082E+1	6.0123914E+1	0.0000000E+0	0.0000000E+0	1.0000000E+2	0.0000000E+0
5.2797000E+1	6.3766655E+1	6.0131065E+1	0.0000000E+0	0.0000000E+0	1.0000000E+2	0.0000000E+0
5.2847000E+1	6.3758089E+1	6.0118187E+1	0.0000000E+0	0.0000000E+0	1.0000000E+2	0.0000000E+0
5.2897000E+1	6.3767013E+1	6.0133038E+1	0.0000000E+0	0.0000000E+0	1.0000000E+2	0.0000000E+0
5.2947000E+1	6.3779445E+1	6.0130494E+1	0.0000000E+0	0.0000000E+0	1.0000000E+2	0.0000000E+0
5.2997000E+1	6.3802072E+1	6.0130799E+1	0.0000000E+0	0.0000000E+0	1.0000000E+2	0.0000000E+0
5.3048000E+1	6.3801049E+1	6.0129112E+1	0.0000000E+0	0.0000000E+0	1.0000000E+2	0.0000000E+0
5.3099000E+1	6.3801994E+1	6.0124003E+1	0.0000000E+0	0.0000000E+0	1.0000000E+2	0.0000000E+0
5.3149000E+1	6.3804288E+1	6.0120646E+1	0.0000000E+0	0.0000000E+0	1.0000000E+2	0.0000000E+0
5.3199000E+1	6.3797053E+1	6.0107898E+1	0.0000000E+0	0.0000000E+0	1.0000000E+2	0.0000000E+0
5.3250000E+1	6.3809461E+1	6.0113796E+1	0.0000000E+0	0.0000000E+0	1.0000000E+2	0.0000000E+0
5.3300000E+1	6.3811485E+1	6.0117704E+1	0.0000000E+0	0.0000000E+0	1.0000000E+2	0.0000000E+0
5.3350000E+1	6.3820749E+1	6.0125071E+1	0.0000000E+0	0.0000000E+0	1.0000000E+2	0.0000000E+0
5.3401000E+1	6.3835230E+1	6.0122999E+1	0.0000000E+0	0.0000000E+0	1.0000000E+2	0.0000000E+0
5.3451000E+1	6.3826910E+1	6.0123176E+1	0.0000000E+0	0.0000000E+0	1.0000000E+2	0.0000000E+0
5.3501000E+1	6.3828161E+1	6.0133189E+1	0.0000000E+0	0.0000000E+0	1.0000000E+2	0.0000000E+0
5.3551000E+1	6.3839654E+1	6.0129452E+1	0.0000000E+0	0.0000000E+0	1.0000000E+2	0.0000000E+0
5.3601000E+1	6.3831877E+1	6.0138928E+1	0.0000000E+0	0.0000000E+0	1.0000000E+2	0.0000000E+0
5.3651000E+1	6.3826740E+1	6.0137001E+1	0.0000000E+0	0.0000000E+0	1.0000000E+2	0.0000000E+0
5.3702000E+1	6.3820798E+1	6.0131446E+1	0.0000000E+0	0.0000000E+0	1.0000000E+2	0.0000000E+0
5.3752000E+1	6.3816492E+1	6.0125830E+1	0.0000000E+0	0.0000000E+0	1.0000000E+2	0.0000000E+0
5.3802000E+1	6.3828228E+1	6.0138761E+1	0.0000000E+0	0.0000000E+0	1.0000000E+2	0.0000000E+0
5.3853000E+1	6.3824209E+1	6.0138495E+1	0.0000000E+0	0.0000000E+0	1.0000000E+2	0.0000000E+0
5.3903000E+1	6.3821317E+1	6.0133411E+1	0.0000000E+0	0.0000000E+0	1.0000000E+2	0.0000000E+0
5.3953000E+1	6.3831848E+1	6.0138780E+1	0.0000000E+0	0.0000000E+0	1.0000000E+2	0.0000000E+0
5.4003000E+1	6.3848494E+1	6.0151335E+1	0.0000000E+0	0.0000000E+0	1.0000000E+2	0.0000000E+0
5.4054000E+1	6.3870028E+1	6.0156677E+1	0.0000000E+0	0.0000000E+0	1.0000000E+2	0.0000000E+0
5.4104000E+1	6.3887520E+1	6.0145259E+1	0.0000000E+0	0.0000000E+0	1.0000000E+2	0.0000000E+0
5.4155000E+1	6.3911829E+1	6.0161477E+1	0.0000000E+0	0.0000000E+0	1.0000000E+2	0.0000000E+0
5.4206000E+1	6.3941160E+1	6.0163671E+1	0.0000000E+0	0.0000000E+0	1.0000000E+2	0.0000000E+0
5.4256000E+1	6.3951491E+1	6.0167421E+1	0.0000000E+0	0.0000000E+0	1.0000000E+2	0.0000000E+0
5.4306000E+1	6.3967053E+1	6.0168137E+1	0.0000000E+0	0.0000000E+0	1.0000000E+2	0.0000000E+0
5.4356000E+1	6.3968283E+1	6.0168087E+1	0.0000000E+0	0.0000000E+0	1.0000000E+2	0.0000000E+0
5.4407000E+1	6.3986669E+1	6.0186624E+1	0.0000000E+0	0.0000000E+0	1.0000000E+2	0.0000000E+0
5.4457000E+1	6.3989445E+1	6.0176906E+1	0.0000000E+0	0.0000000E+0	1.0000000E+2	0.0000000E+0
5.4507000E+1	6.3993570E+1	6.0172172E+1	0.0000000E+0	0.0000000E+0	1.0000000E+2	0.0000000E+0
5.4557000E+1	6.4033541E+1	6.0186709E+1	0.0000000E+0	0.0000000E+0	1.0000000E+2	0.0000000E+0
5.4607000E+1	6.4041856E+1	6.0196532E+1	0.0000000E+0	0.0000000E+0	1.0000000E+2	0.0000000E+0
5.4657000E+1	6.4031335E+1	6.0178582E+1	0.0000000E+0	0.0000000E+0	1.0000000E+2	0.0000000E+0
5.4707000E+1	6.4034021E+1	6.0174984E+1	0.0000000E+0	0.0000000E+0	1.0000000E+2	0.0000000E+0
5.4757000E+1	6.4037835E+1	6.0170828E+1	0.0000000E+0	0.0000000E+0	1.0000000E+2	0.0000000E+0
5.4807000E+1	6.4045816E+1	6.0175982E+1	0.0000000E+0	0.0000000E+0	1.0000000E+2	0.0000000E+0
5.4857000E+1	6.4057415E+1	6.0179485E+1	0.0000000E+0	0.0000000E+0	1.0000000E+2	0.0000000E+0
5.4907000E+1	6.4069734E+1	6.0193997E+1	0.0000000E+0	0.0000000E+0	1.0000000E+2	0.0000000E+0
5.4957000E+1	6.4065122E+1	6.0185517E+1	0.0000000E+0	0.0000000E+0	1.0000000E+2	0.0000000E+0
5.5007000E+1	6.4058533E+1	6.0178009E+1	0.0000000E+0	0.0000000E+0	1.0000000E+2	0.0000000E+0
5.5057000E+1	6.4081202E+1	6.0192692E+1	0.0000000E+0	0.0000000E+0	1.0000000E+2	0.0000000E+0
5.5107000E+1	6.4086195E+1	6.0188689E+1	0.0000000E+0	0.0000000E+0	1.0000000E+2	0.0000000E+0
5.5157000E+1	6.4089778E+1	6.0191927E+1	0.0000000E+0	0.0000000E+0	1.0000000E+2	0.0000000E+0
5.5207000E+1	6.4091605E+1	6.0186861E+1	0.0000000E+0	0.0000000E+0	1.0000000E+2	0.0000000E+0
5.5258000E+1	6.4098283E+1	6.0193647E+1	0.0000000E+0	0.0000000E+0	1.0000000E+2	0.0000000E+0
5.5309000E+1	6.4116447E+1	6.0198723E+1	0.0000000E+0	0.0000000E+0	1.0000000E+2	0.0000000E+0
5.5360000E+1	6.4105784E+1	6.0187995E+1	0.0000000E+0	0.0000000E+0	1.0000000E+2	0.0000000E+0
5.5410000E+1	6.4124612E+1	6.0191081E+1	0.0000000E+0	0.0000000E+0	1.0000000E+2	0.0000000E+0
5.5460000E+1	6.4134064E+1	6.0188361E+1	0.0000000E+0	0.0000000E+0	1.0000000E+2	0.0000000E+0
5.5510000E+1	6.4150673E+1	6.0203549E+1	0.0000000E+0	0.0000000E+0	1.0000000E+2	0.0000000E+0
5.5560000E+1	6.4158847E+1	6.0199648E+1	0.0000000E+0	0.0000000E+0	1.0000000E+2	0.0000000E+0
5.5611000E+1	6.4153701E+1	6.0192951E+1	0.0000000E+0	0.0000000E+0	1.0000000E+2	0.0000000E+0
5.5661000E+1	6.4157466E+1	6.0191711E+1	0.0000000E+0	0.0000000E+0	1.0000000E+2	0.0000000E+0
5.5711000E+1	6.4167305E+1	6.0198517E+1	0.0000000E+0	0.0000000E+0	1.0000000E+2	0.0000000E+0
5.5761000E+1	6.4166858E+1	6.0189614E+1	0.0000000E+0	0.0000000E+0	1.0000000E+2	0.0000000E+0
5.5811000E+1	6.4182271E+1	6.0197933E+1	0.0000000E+0	0.0000000E+0	1.0000000E+2	0.0000000E+0
5.5861000E+1	6.4180105E+1	6.0204841E+1	0.0000000E+0	0.0000000E+0	1.0000000E+2	0.0000000E+0
5.5912000E+1	6.4169358E+1	6.0192104E+1	0.0000000E+0	0.0000000E+0	1.0000000E+2	0.0000000E+0
5.5962000E+1	6.4171372E+1	6.0203036E+1	0.0000000E+0	0.0000000E+0	1.0000000E+2	0.0000000E+0
5.6012000E+1	6.4185803E+1	6.0212843E+1	0.0000000E+0	0.0000000E+0	1.0000000E+2	0.0000000E+0
5.6063000E+1	6.4195837E+1	6.0220569E+1	0.0000000E+0	0.0000000E+0	1.0000000E+2	0.0000000E+0
5.6113000E+1	6.4206606E+1	6.0221853E+1	0.0000000E+0	0.0000000E+0	1.0000000E+2	0.0000000E+0
5.6163000E+1	6.4215590E+1	6.0220558E+1	0.0000000E+0	0.0000000E+0	1.0000000E+2	0.0000000E+0
5.6213000E+1	6.4218910E+1	6.0218010E+1	0.0000000E+0	0.0000000E+0	1.0000000E+2	0.0000000E+0
5.6263000E+1	6.4228597E+1	6.0214505E+1	0.0000000E+0	0.0000000E+0	1.0000000E+2	0.0000000E+0
5.6313000E+1	6.4229776E+1	6.0207804E+1	0.0000000E+0	0.0000000E+0	1.0000000E+2	0.0000000E+0
5.6363000E+1	6.4239238E+1	6.0214183E+1	0.0000000E+0	0.0000000E+0	1.0000000E+2	0.0000000E+0
5.6413000E+1	6.4239037E+1	6.0217187E+1	0.0000000E+0	0.0000000E+0	1.0000000E+2	0.0000000E+0
5.6463000E+1	6.4237591E+1	6.0217325E+1	0.0000000E+0	0.0000000E+0	1.0000000E+2	0.0000000E+0
5.6513000E+1	6.4253665E+1	6.0230347E+1	0.0000000E+0	0.0000000E+0	1.0000000E+2	0.0000000E+0
5.6563000E+1	6.4250515E+1	6.0230183E+1	0.0000000E+0	0.0000000E+0	1.0000000E+2	0.0000000E+0
5.6613000E+1	6.4238791E+1	6.0235626E+1	0.0000000E+0	0.0000000E+0	1.0000000E+2	0.0000000E+0
5.6663000E+1	6.4244203E+1	6.0248210E+1	0.0000000E+0	0.0000000E+0	1.0000000E+2	0.0000000E+0
5.6713000E+1	6.4241929E+1	6.0248838E+1	0.0000000E+0	0.0000000E+0	1.0000000E+2	0.0000000E+0
5.6763000E+1	6.4248731E+1	6.0247742E+1	0.0000000E+0	0.0000000E+0	1.0000000E+2	0.0000000E+0
5.6813000E+1	6.4254234E+1	6.0255317E+1	0.0000000E+0	0.0000000E+0	1.0000000E+2	0.0000000E+0
5.6863000E+1	6.4245433E+1	6.0251159E+1	0.0000000E+0	0.0000000E+0	1.0000000E+2	0.0000000E+0
5.6913000E+1	6.4251202E+1	6.0247495E+1	0.0000000E+0	0.0000000E+0	1.0000000E+2	0.0000000E+0
5.6963000E+1	6.4239725E+1	6.0250341E+1	0.0000000E+0	0.0000000E+0	1.0000000E+2	0.0000000E+0
5.7013000E+1	6.4230916E+1	6.0249735E+1	0.0000000E+0	0.0000000E+0	1.0000000E+2	0.0000000E+0
5.7063000E+1	6.4239452E+1	6.0256057E+1	0.0000000E+0	0.0000000E+0	1.0000000E+2	0.0000000E+0
5.7113000E+1	6.4227880E+1	6.0254827E+1	0.0000000E+0	0.0000000E+0	1.0000000E+2	0.0000000E+0
5.7163000E+1	6.4220877E+1	6.0254859E+1	0.0000000E+0	0.0000000E+0	1.0000000E+2	0.0000000E+0
5.7213000E+1	6.4223054E+1	6.0260454E+1	0.0000000E+0	0.0000000E+0	1.0000000E+2	0.0000000E+0
5.7263000E+1	6.4225554E+1	6.0261523E+1	0.0000000E+0	0.0000000E+0	1.0000000E+2	0.0000000E+0
5.7313000E+1	6.4215878E+1	6.0252639E+1	0.0000000E+0	0.0000000E+0	1.0000000E+2	0.0000000E+0
5.7363000E+1	6.4226993E+1	6.0259877E+1	0.0000000E+0	0.0000000E+0	1.0000000E+2	0.0000000E+0
5.7413000E+1	6.4227955E+1	6.0271255E+1	0.0000000E+0	0.0000000E+0	1.0000000E+2	0.0000000E+0
5.7463000E+1	6.4208290E+1	6.0269453E+1	0.0000000E+0	0.0000000E+0	1.0000000E+2	0.0000000E+0
5.7513000E+1	6.4200109E+1	6.0259348E+1	0.0000000E+0	0.0000000E+0	1.0000000E+2	0.0000000E+0
5.7563000E+1	6.4217439E+1	6.0262563E+1	0.0000000E+0	0.0000000E+0	1.0000000E+2	0.0000000E+0
5.7613000E+1	6.4211003E+1	6.0253575E+1	0.0000000E+0	0.0000000E+0	1.0000000E+2	0.0000000E+0
5.7663000E+1	6.4205827E+1	6.0266306E+1	0.0000000E+0	0.0000000E+0	1.0000000E+2	0.0000000E+0
5.7713000E+1	6.4171970E+1	6.0257113E+1	0.0000000E+0	0.0000000E+0	1.0000000E+2	0.0000000E+0
5.7763000E+1	6.4151816E+1	6.0266891E+1	0.0000000E+0	0.0000000E+0	1.0000000E+2	0.0000000E+0
5.7813000E+1	6.4130858E+1	6.0264882E+1	0.0000000E+0	0.0000000E+0	1.0000000E+2	0.0000000E+0
5.7863000E+1	6.4110353E+1	6.0277079E+1	0.0000000E+0	0.0000000E+0	1.0000000E+2	0.0000000E+0
5.7913000E+1	6.4076639E+1	6.0259471E+1	0.0000000E+0	0.0000000E+0	1.0000000E+2	0.0000000E+0
5.7963000E+1	6.4055090E+1	6.0255033E+1	0.0000000E+0	0.0000000E+0	1.0000000E+2	0.0000000E+0
5.8014000E+1	6.4046475E+1	6.0259502E+1	0.0000000E+0	0.0000000E+0	1.0000000E+2	0.0000000E+0
5.8064000E+1	6.4026393E+1	6.0250408E+1	0.0000000E+0	0.0000000E+0	1.0000000E+2	0.0000000E+0
5.8115000E+1	6.4023126E+1	6.0252486E+1	0.0000000E+0	0.0000000E+0	1.0000000E+2	0.0000000E+0
5.8165000E+1	6.4005435E+1	6.0245021E+1	0.0000000E+0	0.0000000E+0	1.0000000E+2	0.0000000E+0
5.8215000E+1	6.3990944E+1	6.0235406E+1	0.0000000E+0	0.0000000E+0	1.0000000E+2	0.0000000E+0
5.8265000E+1	6.4002268E+1	6.0247094E+1	0.0000000E+0	0.0000000E+0	1.0000000E+2	0.0000000E+0
5.8315000E+1	6.4007400E+1	6.0245120E+1	0.0000000E+0	0.0000000E+0	1.0000000E+2	0.0000000E+0
5.8365000E+1	6.3989765E+1	6.0236016E+1	0.0000000E+0	0.0000000E+0	1.0000000E+2	0.0000000E+0
5.8415000E+1	6.3979570E+1	6.0226505E+1	0.0000000E+0	0.0000000E+0	1.0000000E+2	0.0000000E+0
5.8465000E+1	6.3971672E+1	6.0224188E+1	0.0000000E+0	0.0000000E+0	1.0000000E+2	0.0000000E+0
5.8515000E+1	6.3960223E+1	6.0222365E+1	0.0000000E+0	0.0000000E+0	1.0000000E+2	0.0000000E+0
5.8566000E+1	6.3953375E+1	6.0222349E+1	0.0000000E+0	0.0000000E+0	1.0000000E+2	0.0000000E+0
5.8617000E+1	6.3959399E+1	6.0218032E+1	0.0000000E+0	0.0000000E+0	1.0000000E+2	0.0000000E+0
5.8667000E+1	6.3972207E+1	6.0217524E+1	0.0000000E+0	0.0000000E+0	1.0000000E+2	0.0000000E+0
5.8717000E+1	6.3971311E+1	6.0215950E+1	0.0000000E+0	0.0000000E+0	1.0000000E+2	0.0000000E+0
5.8767000E+1	6.3982305E+1	6.0229983E+1	0.0000000E+0	0.0000000E+0	1.0000000E+2	0.0000000E+0
5.8817000E+1	6.3968940E+1	6.0225431E+1	0.0000000E+0	0.0000000E+0	1.0000000E+2	0.0000000E+0
5.8867000E+1	6.3973415E+1	6.0238555E+1	0.0000000E+0	0.0000000E+0	1.0000000E+2	0.0000000E+0
5.8917000E+1	6.3965439E+1	6.0231467E+1	0.0000000E+0	0.0000000E+0	1.0000000E+2	0.0000000E+0
5.8967000E+1	6.3951484E+1	6.0231299E+1	0.0000000E+0	0.0000000E+0	1.0000000E+2	0.0000000E+0
5.9017000E+1	6.3938000E+1	6.0221609E+1	0.0000000E+0	0.0000000E+0	1.0000000E+2	0.0000000E+0
5.9067000E+1	6.3956536E+1	6.0235500E+1	0.0000000E+0	0.0000000E+0	1.0000000E+2	0.0000000E+0
5.9117000E+1	6.3962322E+1	6.0232107E+1	0.0000000E+0	0.0000000E+0	1.0000000E+2	0.0000000E+0
5.9167000E+1	6.3974162E+1	6.0242089E+1	0.0000000E+0	0.0000000E+0	1.0000000E+2	0.0000000E+0
5.9217000E+1	6.3969711E+1	6.0231444E+1	0.0000000E+0	0.0000000E+0	1.0000000E+2	0.0000000E+0
5.9267000E+1	6.3961470E+1	6.0243492E+1	0.0000000E+0	0.0000000E+0	1.0000000E+2	0.0000000E+0
5.9317000E+1	6.3957823E+1	6.0250571E+1	0.0000000E+0	0.0000000E+0	1.0000000E+2	0.0000000E+0
5.9367000E+1	6.3958807E+1	6.0250728E+1	0.0000000E+0	0.0000000E+0	1.0000000E+2	0.0000000E+0
5.9417000E+1	6.3950772E+1	6.0255572E+1	0.0000000E+0	0.0000000E+0	1.0000000E+2	0.0000000E+0
5.9467000E+1	6.3948667E+1	6.0258478E+1	0.0000000E+0	0.0000000E+0	1.0000000E+2	0.0000000E+0
5.9518000E+1	6.3936235E+1	6.0244942E+1	0.0000000E+0	0.0000000E+0	1.0000000E+2	0.0000000E+0
5.9569000E+1	6.3943376E+1	6.0249908E+1	0.0000000E+0	0.0000000E+0	1.0000000E+2	0.0000000E+0
5.9619000E+1	6.3941784E+1	6.0248392E+1	0.0000000E+0	0.0000000E+0	1.0000000E+2	0.0000000E+0
5.9670000E+1	6.3937107E+1	6.0258493E+1	0.0000000E+0	0.0000000E+0	1.0000000E+2	0.0000000E+0
5.9721000E+1	6.3927740E+1	6.0268918E+1	0.0000000E+0	0.0000000E+0	1.0000000E+2	0.0000000E+0
5.9771000E+1	6.3909152E+1	6.0261002E+1	0.0000000E+0	0.0000000E+0	1.0000000E+2	0.0000000E+0
5.9821000E+1	6.3913749E+1	6.0276919E+1	0.0000000E+0	0.0000000E+0	1.0000000E+2	0.0000000E+0
5.9871000E+1	6.3887404E+1	6.0263433E+1	0.0000000E+0	0.0000000E+0	1.0000000E+2	0.0000000E+0
5.9921000E+1	6.3874126E+1	6.0262597E+1	0.0000000E+0	0.0000000E+0	1.0000000E+2	0.0000000E+0
5.9971000E+1	6.3855718E+1	6.0267081E+1	0.0000000E+0	0.0000000E+0	1.0000000E+2	0.0000000E+0
6.0021000E+1	6.3854649E+1	6.0270963E+1	0.0000000E+0	0.0000000E+0	1.0000000E+2	0.0000000E+0
6.0071000E+1	6.3858372E+1	6.0284083E+1	0.0000000E+0	0.0000000E+0	1.0000000E+2	0.0000000E+0
6.0121000E+1	6.3842169E+1	6.0272431E+1	0.0000000E+0	0.0000000E+0	1.0000000E+2	0.0000000E+0
6.0171000E+1	6.3830873E+1	6.0269704E+1	0.0000000E+0	0.0000000E+0	1.0000000E+2	0.0000000E+0
6.0221000E+1	6.3814007E+1	6.0266909E+1	0.0000000E+0	0.0000000E+0	1.0000000E+2	0.0000000E+0
6.0271000E+1	6.3813208E+1	6.0280368E+1	0.0000000E+0	0.0000000E+0	1.0000000E+2	0.0000000E+0
6.0321000E+1	6.3800323E+1	6.0289330E+1	0.0000000E+0	0.0000000E+0	1.0000000E+2	0.0000000E+0
6.0371000E+1	6.3790114E+1	6.0281575E+1	0.0000000E+0	0.0000000E+0	1.0000000E+2	0.0000000E+0
6.0421000E+1	6.3798518E+1	6.0286536E+1	0.0000000E+0	0.0000000E+0	1.0000000E+2	0.0000000E+0
6.0471000E+1	6.3807939E+1	6.0290784E+1	0.0000000E+0	0.0000000E+0	1.0000000E+2	0.0000000E+0
6.0522000E+1	6.3815574E+1	6.0295002E+1	0.0000000E+0	0.0000000E+0	1.0000000E+2	0.0000000E+0
6.0573000E+1	6.3813589E+1	6.0284950E+1	0.0000000E+0	0.0000000E+0	1.0000000E+2	0.0000000E+0
6.0623000E+1	6.3810670E+1	6.0282818E+1	0.0000000E+0	0.0000000E+0	1.0000000E+2	0.0000000E+0
6.0673000E+1	6.3808576E+1	6.0276895E+1	0.0000000E+0	0.0000000E+0	1.0000000E+2	0.0000000E+0
6.0723000E+1	6.3803369E+1	6.0285353E+1	0.0000000E+0	0.0000000E+0	1.0000000E+2	0.0000000E+0
6.0774000E+1	6.3810179E+1	6.0290403E+1	0.0000000E+0	0.0000000E+0	1.0000000E+2	0.0000000E+0
6.0825000E+1	6.3791148E+1	6.0289483E+1	0.0000000E+0	0.0000000E+0	1.0000000E+2	0.0000000E+0
6.0875000E+1	6.3765723E+1	6.0273181E+1	0.0000000E+0	0.0000000E+0	1.0000000E+2	0.0000000E+0
6.0925000E+1	6.3753336E+1	6.0268628E+1	0.0000000E+0	0.0000000E+0	1.0000000E+2	0.0000000E+0
6.0976000E+1	6.3768448E+1	6.0272899E+1	0.0000000E+0	0.0000000E+0	1.0000000E+2	0.0000000E+0
6.1026000E+1	6.3752143E+1	6.0267983E+1	0.0000000E+0	0.0000000E+0	1.0000000E+2	0.0000000E+0
6.1078000E+1	6.3748715E+1	6.0277201E+1	0.0000000E+0	0.0000000E+0	1.0000000E+2	0.0000000E+0
6.1129000E+1	6.3739894E+1	6.0270523E+1	0.0000000E+0	0.0000000E+0	1.0000000E+2	0.0000000E+0
6.1179000E+1	6.3752035E+1	6.0286479E+1	0.0000000E+0	0.0000000E+0	1.0000000E+2	0.0000000E+0
6.1230000E+1	6.3746139E+1	6.0270891E+1	0.0000000E+0	0.0000000E+0	1.0000000E+2	0.0000000E+0
6.1281000E+1	6.3754837E+1	6.0277775E+1	0.0000000E+0	0.0000000E+0	1.0000000E+2	0.0000000E+0
6.1331000E+1	6.3754583E+1	6.0283108E+1	0.0000000E+0	0.0000000E+0	1.0000000E+2	0.0000000E+0
6.1382000E+1	6.3744252E+1	6.0278181E+1	0.0000000E+0	0.0000000E+0	1.0000000E+2	0.0000000E+0
6.1432000E+1	6.3737427E+1	6.0281650E+1	0.0000000E+0	0.0000000E+0	1.0000000E+2	0.0000000E+0
6.1483000E+1	6.3757957E+1	6.0292945E+1	0.0000000E+0	0.0000000E+0	1.0000000E+2	0.0000000E+0
6.1533000E+1	6.3755546E+1	6.0293985E+1	0.0000000E+0	0.0000000E+0	1.0000000E+2	0.0000000E+0
6.1583000E+1	6.3748250E+1	6.0294100E+1	0.0000000E+0	0.0000000E+0	1.0000000E+2	0.0000000E+0
6.1634000E+1	6.3741151E+1	6.0295291E+1	0.0000000E+0	0.0000000E+0	1.0000000E+2	0.0000000E+0
6.1684000E+1	6.3733719E+1	6.0299859E+1	0.0000000E+0	0.0000000E+0	1.0000000E+2	0.0000000E+0
6.1735000E+1	6.3727295E+1	6.0294803E+1	0.0000000E+0	0.0000000E+0	1.0000000E+2	0.0000000E+0
6.1785000E+1	6.3731205E+1	6.0297904E+1	0.0000000E+0	0.0000000E+0	1.0000000E+2	0.0000000E+0
6.1835000E+1	6.3748019E+1	6.0305411E+1	0.0000000E+0	0.0000000E+0	1.0000000E+2	0.0000000E+0
6.1885000E+1	6.3750534E+1	6.0306636E+1	0.0000000E+0	0.0000000E+0	1.0000000E+2	0.0000000E+0
6.1935000E+1	6.3737878E+1	6.0309881E+1	0.0000000E+0	0.0000000E+0	1.0000000E+2	0.0000000E+0
6.1985000E+1	6.3746296E+1	6.0312131E+1	0.0000000E+0	0.0000000E+0	1.0000000E+2	0.0000000E+0
6.2035000E+1	6.3756977E+1	6.0317617E+1	0.0000000E+0	0.0000000E+0	1.0000000E+2	0.0000000E+0
6.2085000E+1	6.3759857E+1	6.0311669E+1	0.0000000E+0	0.0000000E+0	1.0000000E+2	0.0000000E+0
6.2135000E+1	6.3762808E+1	6.0309270E+1	0.0000000E+0	0.0000000E+0	1.0000000E+2	0.0000000E+0
6.2185000E+1	6.3770802E+1	6.0324222E+1	0.0000000E+0	0.0000000E+0	1.0000000E+2	0.0000000E+0
6.2235000E+1	6.3750385E+1	6.0319513E+1	0.0000000E+0	0.0000000E+0	1.0000000E+2	0.0000000E+0
6.2285000E+1	6.3750538E+1	6.0319916E+1	0.0000000E+0	0.0000000E+0	1.0000000E+2	0.0000000E+0
6.2335000E+1	6.3753865E+1	6.0319756E+1	0.0000000E+0	0.0000000E+0	1.0000000E+2	0.0000000E+0
6.2385000E+1	6.3760625E+1	6.0328830E+1	0.0000000E+0	0.0000000E+0	1.0000000E+2	0.0000000E+0
6.2436000E+1	6.3745638E+1	6.0311731E+1	0.0000000E+0	0.0000000E+0	1.0000000E+2	0.0000000E+0
6.2486000E+1	6.3739779E+1	6.0314984E+1	0.0000000E+0	0.0000000E+0	1.0000000E+2	0.0000000E+0
6.2536000E+1	6.3740184E+1	6.0321636E+1	0.0000000E+0	0.0000000E+0	1.0000000E+2	0.0000000E+0
6.2586000E+1	6.3719490E+1	6.0306209E+1	0.0000000E+0	0.0000000E+0	1.0000000E+2	0.0000000E+0
6.2637000E+1	6.3731470E+1	6.0314658E+1	0.0000000E+0	0.0000000E+0	1.0000000E+2	0.0000000E+0
6.2687000E+1	6.3737670E+1	6.0315854E+1	0.0000000E+0	0.0000000E+0	1.0000000E+2	0.0000000E+0
6.2737000E+1	6.3733021E+1	6.0309863E+1	0.0000000E+0	0.0000000E+0	1.0000000E+2	0.0000000E+0
6.2787000E+1	6.3747198E+1	6.0318132E+1	0.0000000E+0	0.0000000E+0	1.0000000E+2	0.0000000E+0
6.2837000E+1	6.3719885E+1	6.0306084E+1	0.0000000E+0	0.0000000E+0	1.0000000E+2	0.0000000E+0
6.2887000E+1	6.3720836E+1	6.0306621E+1	0.0000000E+0	0.0000000E+0	1.0000000E+2	0.0000000E+0
6.2938000E+1	6.3719026E+1	6.0306917E+1	0.0000000E+0	0.0000000E+0	1.0000000E+2	0.0000000E+0
6.2988000E+1	6.3722328E+1	6.0307471E+1	0.0000000E+0	0.0000000E+0	1.0000000E+2	0.0000000E+0
6.3038000E+1	6.3718989E+1	6.0313691E+1	0.0000000E+0	0.0000000E+0	1.0000000E+2	0.0000000E+0
6.3088000E+1	6.3732084E+1	6.0314369E+1	0.0000000E+0	0.0000000E+0	1.0000000E+2	0.0000000E+0
6.3139000E+1	6.3732039E+1	6.0319535E+1	0.0000000E+0	0.0000000E+0	1.0000000E+2	0.0000000E+0
6.3189000E+1	6.3728314E+1	6.0323243E+1	0.0000000E+0	0.0000000E+0	1.0000000E+2	0.0000000E+0
6.3240000E+1	6.3730924E+1	6.0312211E+1	0.0000000E+0	0.0000000E+0	1.0000000E+2	0.0000000E+0
6.3290000E+1	6.3731124E+1	6.0306603E+1	0.0000000E+0	0.0000000E+0	1.0000000E+2	0.0000000E+0
6.3340000E+1	6.3733164E+1	6.0312349E+1	0.0000000E+0	0.0000000E+0	1.0000000E+2	0.0000000E+0
6.3390000E+1	6.3728456E+1	6.0308636E+1	0.0000000E+0	0.0000000E+0	1.0000000E+2	0.0000000E+0
6.3440000E+1	6.3704347E+1	6.0310328E+1	0.0000000E+0	0.0000000E+0	1.0000000E+2	0.0000000E+0
6.3490000E+1	6.3714156E+1	6.0320663E+1	0.0000000E+0	0.0000000E+0	1.0000000E+2	0.0000000E+0
6.3541000E+1	6.3696308E+1	6.0316624E+1	0.0000000E+0	0.0000000E+0	1.0000000E+2	0.0000000E+0
6.3591000E+1	6.3692546E+1	6.0320832E+1	0.0000000E+0	0.0000000E+0	1.0000000E+2	0.0000000E+0
6.3641000E+1	6.3684093E+1	6.0320328E+1	0.0000000E+0	0.0000000E+0	1.0000000E+2	0.0000000E+0
6.3691000E+1	6.3672251E+1	6.0315171E+1	0.0000000E+0	0.0000000E+0	1.0000000E+2	0.0000000E+0
6.3741000E+1	6.3662802E+1	6.0310780E+1	0.0000000E+0	0.0000000E+0	1.0000000E+2	0.0000000E+0
6.3792000E+1	6.3657475E+1	6.0322388E+1	0.0000000E+0	0.0000000E+0	1.0000000E+2	0.0000000E+0
6.3842000E+1	6.3650990E+1	6.0306738E+1	0.0000000E+0	0.0000000E+0	1.0000000E+2	0.0000000E+0
6.3892000E+1	6.3632316E+1	6.0310416E+1	0.0000000E+0	0.0000000E+0	1.0000000E+2	0.0000000E+0
6.3942000E+1	6.3649081E+1	6.0319883E+1	0.0000000E+0	0.0000000E+0	1.0000000E+2	0.0000000E+0
6.3992000E+1	6.3645807E+1	6.0318362E+1	0.0000000E+0	0.0000000E+0	1.0000000E+2	0.0000000E+0
6.4043000E+1	6.3602386E+1	6.0305220E+1	0.0000000E+0	0.0000000E+0	1.0000000E+2	0.0000000E+0
6.4093000E+1	6.3596751E+1	6.0314308E+1	0.0000000E+0	0.0000000E+0	1.0000000E+2	0.0000000E+0
6.4143000E+1	6.3578235E+1	6.0318592E+1	0.0000000E+0	0.0000000E+0	1.0000000E+2	0.0000000E+0
6.4193000E+1	6.3545980E+1	6.0302266E+1	0.0000000E+0	0.0000000E+0	1.0000000E+2	0.0000000E+0
6.4243000E+1	6.3519351E+1	6.0291069E+1	0.0000000E+0	0.0000000E+0	1.0000000E+2	0.0000000E+0
6.4294000E+1	6.3515277E+1	6.0308420E+1	0.0000000E+0	0.0000000E+0	1.0000000E+2	0.0000000E+0
6.4344000E+1	6.3514394E+1	6.0310929E+1	0.0000000E+0	0.0000000E+0	1.0000000E+2	0.0000000E+0
6.4394000E+1	6.3508866E+1	6.0312782E+1	0.0000000E+0	0.0000000E+0	1.0000000E+2	0.0000000E+0
6.4444000E+1	6.3497127E+1	6.0315536E+1	0.0000000E+0	0.0000000E+0	1.0000000E+2	0.0000000E+0
6.4494000E+1	6.3500950E+1	6.0322427E+1	0.0000000E+0	0.0000000E+0	1.0000000E+2	0.0000000E+0
6.4544000E+1	6.3499658E+1	6.0327901E+1	0.0000000E+0	0.0000000E+0	1.0000000E+2	0.0000000E+0
6.4594000E+1	6.3481066E+1	6.0307894E+1	0.0000000E+0	0.0000000E+0	1.0000000E+2	0.0000000E+0
6.4644000E+1	6.3492357E+1	6.0327388E+1	0.0000000E+0	0.0000000E+0	1.0000000E+2	0.0000000E+0
6.4694000E+1	6.3468785E+1	6.0321966E+1	0.0000000E+0	0.0000000E+0	1.0000000E+2	0.0000000E+0
6.4744000E+1	6.3464402E+1	6.0333548E+1	0.0000000E+0	0.0000000E+0	1.0000000E+2	0.0000000E+0
6.4794000E+1	6.3444989E+1	6.0328096E+1	0.0000000E+0	0.0000000E+0	1.0000000E+2	0.0000000E+0
6.4844000E+1	6.3427806E+1	6.0329592E+1	0.0000000E+0	0.0000000E+0	1.0000000E+2	0.0000000E+0
6.4894000E+1	6.3402246E+1	6.0331542E+1	0.0000000E+0	0.0000000E+0	1.0000000E+2	0.0000000E+0
6.4945000E+1	6.3377790E+1	6.0323231E+1	0.0000000E+0	0.0000000E+0	1.0000000E+2	0.0000000E+0
6.4996000E+1	6.3348457E+1	6.0309137E+1	0.0000000E+0	0.0000000E+0	1.0000000E+2	0.0000000E+0
6.5046000E+1	6.3350507E+1	6.0316179E+1	0.0000000E+0	0.0000000E+0	1.0000000E+2	0.0000000E+0
6.5096000E+1	6.3366353E+1	6.0314092E+1	0.0000000E+0	0.0000000E+0	1.0000000E+2	0.0000000E+0
6.5146000E+1	6.3357091E+1	6.0310274E+1	0.0000000E+0	0.0000000E+0	1.0000000E+2	0.0000000E+0
6.5196000E+1	6.3359838E+1	6.0308434E+1	0.0000000E+0	0.0000000E+0	1.0000000E+2	0.0000000E+0
6.5247000E+1	6.3370993E+1	6.0335142E+1	0.0000000E+0	0.0000000E+0	1.0000000E+2	0.0000000E+0
6.5297000E+1	6.3352138E+1	6.0330934E+1	0.0000000E+0	0.0000000E+0	1.0000000E+2	0.0000000E+0
6.5347000E+1	6.3337220E+1	6.0334577E+1	0.0000000E+0	0.0000000E+0	1.0000000E+2	0.0000000E+0
6.5397000E+1	6.3326011E+1	6.0336278E+1	0.0000000E+0	0.0000000E+0	1.0000000E+2	0.0000000E+0
6.5447000E+1	6.3323975E+1	6.0336203E+1	0.0000000E+0	0.0000000E+0	1.0000000E+2	0.0000000E+0
6.5497000E+1	6.3316724E+1	6.0328042E+1	0.0000000E+0	0.0000000E+0	1.0000000E+2	0.0000000E+0
6.5547000E+1	6.3318173E+1	6.0338713E+1	0.0000000E+0	0.0000000E+0	1.0000000E+2	0.0000000E+0
6.5597000E+1	6.3310576E+1	6.0331977E+1	0.0000000E+0	0.0000000E+0	1.0000000E+2	0.0000000E+0
6.5647000E+1	6.3293395E+1	6.0330363E+1	0.0000000E+0	0.0000000E+0	1.0000000E+2	0.0000000E+0
6.5697000E+1	6.3289880E+1	6.0332386E+1	0.0000000E+0	0.0000000E+0	1.0000000E+2	0.0000000E+0
6.5747000E+1	6.3273416E+1	6.0322177E+1	0.0000000E+0	0.0000000E+0	1.0000000E+2	0.0000000E+0
6.5798000E+1	6.3256848E+1	6.0316012E+1	0.0000000E+0	0.0000000E+0	1.0000000E+2	0.0000000E+0
6.5848000E+1	6.3262442E+1	6.0314235E+1	0.0000000E+0	0.0000000E+0	1.0000000E+2	0.0000000E+0
6.5899000E+1	6.3246327E+1	6.0317219E+1	0.0000000E+0	0.0000000E+0	1.0000000E+2	0.0000000E+0
6.5950000E+1	6.3244935E+1	6.0332452E+1	0.0000000E+0	0.0000000E+0	1.0000000E+2	0.0000000E+0
6.6000000E+1	6.3246928E+1	6.0327952E+1	0.0000000E+0	0.0000000E+0	1.0000000E+2	0.0000000E+0
6.6050000E+1	6.3233744E+1	6.0324301E+1	0.0000000E+0	0.0000000E+0	1.0000000E+2	0.0000000E+0
6.6101000E+1	6.3221354E+1	6.0327790E+1	0.0000000E+0	0.0000000E+0	1.0000000E+2	0.0000000E+0
6.6152000E+1	6.3206134E+1	6.0325394E+1	0.0000000E+0	0.0000000E+0	1.0000000E+2	0.0000000E+0
6.6202000E+1	6.3189364E+1	6.0331439E+1	0.0000000E+0	0.0000000E+0	1.0000000E+2	0.0000000E+0
6.6252000E+1	6.3161196E+1	6.0318055E+1	0.0000000E+0	0.0000000E+0	1.0000000E+2	0.0000000E+0
6.6302000E+1	6.3141866E+1	6.0320592E+1	0.0000000E+0	0.0000000E+0	1.0000000E+2	0.0000000E+0
6.6352000E+1	6.3118174E+1	6.0315787E+1	0.0000000E+0	0.0000000E+0	1.0000000E+2	0.0000000E+0
6.6403000E+1	6.3114190E+1	6.0322110E+1	0.0000000E+0	0.0000000E+0	1.0000000E+2	0.0000000E+0
6.6453000E+1	6.3109275E+1	6.0320412E+1	0.0000000E+0	0.0000000E+0	1.0000000E+2	0.0000000E+0
6.6503000E+1	6.3113263E+1	6.0328367E+1	0.0000000E+0	0.0000000E+0	1.0000000E+2	0.0000000E+0
6.6554000E+1	6.3107498E+1	6.0321092E+1	0.0000000E+0	0.0000000E+0	1.0000000E+2	0.0000000E+0
6.6605000E+1	6.3106849E+1	6.0320749E+1	0.0000000E+0	0.0000000E+0	1.0000000E+2	0.0000000E+0
6.6655000E+1	6.3122924E+1	6.0319451E+1	0.0000000E+0	0.0000000E+0	1.0000000E+2	0.0000000E+0
6.6706000E+1	6.3134765E+1	6.0327721E+1	0.0000000E+0	0.0000000E+0	1.0000000E+2	0.0000000E+0
6.6756000E+1	6.3151795E+1	6.0326984E+1	0.0000000E+0	0.0000000E+0	1.0000000E+2	0.0000000E+0
6.6806000E+1	6.3192475E+1	6.0335409E+1	0.0000000E+0	0.0000000E+0	1.0000000E+2	0.0000000E+0
6.6856000E+1	6.3212009E+1	6.0334259E+1	0.0000000E+0	0.0000000E+0	1.0000000E+2	0.0000000E+0
6.6906000E+1	6.3225212E+1	6.0328475E+1	0.0000000E+0	0.0000000E+0	1.0000000E+2	0.0000000E+0
6.6956000E+1	6.3234127E+1	6.0330380E+1	0.0000000E+0	0.0000000E+0	1.0000000E+2	0.0000000E+0
6.7006000E+1	6.3249005E+1	6.0341422E+1	0.0000000E+0	0.0000000E+0	1.0000000E+2	0.0000000E+0
6.7056000E+1	6.3236544E+1	6.0333187E+1	0.0000000E+0	0.0000000E+0	1.0000000E+2	0.0000000E+0
6.7106000E+1	6.3224732E+1	6.0324911E+1	0.0000000E+0	0.0000000E+0	1.0000000E+2	0.0000000E+0
6.7156000E+1	6.3234830E+1	6.0345140E+1	0.0000000E+0	0.0000000E+0	1.0000000E+2	0.0000000E+0
6.7206000E+1	6.3214281E+1	6.0344367E+1	0.0000000E+0	0.0000000E+0	1.0000000E+2	0.0000000E+0
6.7256000E+1	6.3191912E+1	6.0352099E+1	0.0000000E+0	0.0000000E+0	1.0000000E+2	0.0000000E+0
6.7307000E+1	6.3155845E+1	6.0336415E+1	0.0000000E+0	0.0000000E+0	1.0000000E+2	0.0000000E+0
6.7357000E+1	6.3128781E+1	6.0340844E+1	0.0000000E+0	0.0000000E+0	1.0000000E+2	0.0000000E+0
6.7408000E+1	6.3097172E+1	6.0337522E+1	0.0000000E+0	0.0000000E+0	1.0000000E+2	0.0000000E+0
6.7458000E+1	6.3065662E+1	6.0330365E+1	0.0000000E+0	0.0000000E+0	1.0000000E+2	0.0000000E+0
6.7508000E+1	6.3021897E+1	6.0334447E+1	0.0000000E+0	0.0000000E+0	1.0000000E+2	0.0000000E+0
6.7559000E+1	6.2989207E+1	6.0343435E+1	0.0000000E+0	0.0000000E+0	1.0000000E+2	0.0000000E+0
6.7609000E+1	6.2940081E+1	6.0338519E+1	0.0000000E+0	0.0000000E+0	1.0000000E+2	0.0000000E+0
6.7659000E+1	6.2916808E+1	6.0339238E+1	0.0000000E+0	0.0000000E+0	1.0000000E+2	0.0000000E+0
6.7709000E+1	6.2895255E+1	6.0345137E+1	0.0000000E+0	0.0000000E+0	1.0000000E+2	0.0000000E+0
6.7759000E+1	6.2890517E+1	6.0334956E+1	0.0000000E+0	0.0000000E+0	1.0000000E+2	0.0000000E+0
6.7809000E+1	6.2902008E+1	6.0350591E+1	0.0000000E+0	0.0000000E+0	1.0000000E+2	0.0000000E+0
6.7859000E+1	6.2896492E+1	6.0343344E+1	0.0000000E+0	0.0000000E+0	1.0000000E+2	0.0000000E+0
6.7909000E+1	6.2907406E+1	6.0348489E+1	0.0000000E+0	0.0000000E+0	1.0000000E+2	0.0000000E+0
6.7960000E+1	6.2907646E+1	6.0344895E+1	0.0000000E+0	0.0000000E+0	1.0000000E+2	0.0000000E+0
6.8010000E+1	6.2895374E+1	6.0345246E+1	0.0000000E+0	0.0000000E+0	1.0000000E+2	0.0000000E+0
6.8060000E+1	6.2874868E+1	6.0334248E+1	0.0000000E+0	0.0000000E+0	1.0000000E+2	0.0000000E+0
6.8110000E+1	6.2858280E+1	6.0334924E+1	0.0000000E+0	0.0000000E+0	1.0000000E+2	0.0000000E+0
6.8160000E+1	6.2841669E+1	6.0328692E+1	0.0000000E+0	0.0000000E+0	1.0000000E+2	0.0000000E+0
6.8210000E+1	6.2843978E+1	6.0345529E+1	0.0000000E+0	0.0000000E+0	1.0000000E+2	0.0000000E+0
6.8260000E+1	6.2822547E+1	6.0334913E+1	0.0000000E+0	0.0000000E+0	1.0000000E+2	0.0000000E+0
6.8310000E+1	6.2802954E+1	6.0338657E+1	0.0000000E+0	0.0000000E+0	1.0000000E+2	0.0000000E+0
6.8360000E+1	6.2776828E+1	6.0340663E+1	0.0000000E+0	0.0000000E+0	1.0000000E+2	0.0000000E+0
6.8410000E+1	6.2762210E+1	6.0354916E+1	0.0000000E+0	0.0000000E+0	1.0000000E+2	0.0000000E+0
6.8460000E+1	6.2732826E+1	6.0341785E+1	0.0000000E+0	0.0000000E+0	1.0000000E+2	0.0000000E+0
6.8510000E+1	6.2711297E+1	6.0340066E+1	0.0000000E+0	0.0000000E+0	1.0000000E+2	0.0000000E+0
6.8561000E+1	6.2699168E+1	6.0338905E+1	0.0000000E+0	0.0000000E+0	1.0000000E+2	0.0000000E+0
6.8611000E+1	6.2691121E+1	6.0336567E+1	0.0000000E+0	0.0000000E+0	1.0000000E+2	0.0000000E+0
6.8662000E+1	6.2682578E+1	6.0332648E+1	0.0000000E+0	0.0000000E+0	1.0000000E+2	0.0000000E+0
6.8712000E+1	6.2689890E+1	6.0339824E+1	0.0000000E+0	0.0000000E+0	1.0000000E+2	0.0000000E+0
6.8762000E+1	6.2683646E+1	6.0343394E+1	0.0000000E+0	0.0000000E+0	1.0000000E+2	0.0000000E+0
6.8812000E+1	6.2681518E+1	6.0340388E+1	0.0000000E+0	0.0000000E+0	1.0000000E+2	0.0000000E+0
6.8863000E+1	6.2667302E+1	6.0331333E+1	0.0000000E+0	0.0000000E+0	1.0000000E+2	0.0000000E+0
6.8914000E+1	6.2655773E+1	6.0321059E+1	0.0000000E+0	0.0000000E+0	1.0000000E+2	0.0000000E+0
6.8964000E+1	6.2667552E+1	6.0328815E+1	0.0000000E+0	0.0000000E+0	1.0000000E+2	0.0000000E+0
6.9015000E+1	6.2666104E+1	6.0328882E+1	0.0000000E+0	0.0000000E+0	1.0000000E+2	0.0000000E+0
6.9066000E+1	6.2647921E+1	6.0319868E+1	0.0000000E+0	0.0000000E+0	1.0000000E+2	0.0000000E+0
6.9116000E+1	6.2647147E+1	6.0324533E+1	0.0000000E+0	0.0000000E+0	1.0000000E+2	0.0000000E+0
6.9166000E+1	6.2623644E+1	6.0313419E+1	0.0000000E+0	0.0000000E+0	1.0000000E+2	0.0000000E+0
6.9217000E+1	6.2646605E+1	6.0324555E+1	0.0000000E+0	0.0000000E+0	1.0000000E+2	0.0000000E+0
6.9267000E+1	6.2653530E+1	6.0319634E+1	0.0000000E+0	0.0000000E+0	1.0000000E+2	0.0000000E+0
6.9317000E+1	6.2667083E+1	6.0328296E+1	0.0000000E+0	0.0000000E+0	1.0000000E+2	0.0000000E+0
6.9368000E+1	6.2657196E+1	6.0329784E+1	0.0000000E+0	0.0000000E+0	1.0000000E+2	0.0000000E+0
6.9418000E+1	6.2655767E+1	6.0337106E+1	0.0000000E+0	0.0000000E+0	1.0000000E+2	0.0000000E+0
6.9468000E+1	6.2648077E+1	6.0339771E+1	0.0000000E+0	0.0000000E+0	1.0000000E+2	0.0000000E+0
6.9518000E+1	6.2629847E+1	6.0333178E+1	0.0000000E+0	0.0000000E+0	1.0000000E+2	0.0000000E+0
6.9568000E+1	6.2605856E+1	6.0339723E+1	0.0000000E+0	0.0000000E+0	1.0000000E+2	0.0000000E+0
6.9618000E+1	6.2580714E+1	6.0341553E+1	0.0000000E+0	0.0000000E+0	1.0000000E+2	0.0000000E+0
6.9668000E+1	6.2560625E+1	6.0333369E+1	0.0000000E+0	0.0000000E+0	1.0000000E+2	0.0000000E+0
6.9718000E+1	6.2558284E+1	6.0344940E+1	0.0000000E+0	0.0000000E+0	1.0000000E+2	0.0000000E+0
6.9768000E+1	6.2550754E+1	6.0338788E+1	0.0000000E+0	0.0000000E+0	1.0000000E+2	0.0000000E+0
6.9818000E+1	6.2540079E+1	6.0349938E+1	0.0000000E+0	0.0000000E+0	1.0000000E+2	0.0000000E+0
6.9868000E+1	6.2534770E+1	6.0353569E+1	0.0000000E+0	0.0000000E+0	1.0000000E+2	0.0000000E+0
6.9918000E+1	6.2527184E+1	6.0352030E+1	0.0000000E+0	0.0000000E+0	1.0000000E+2	0.0000000E+0
6.9969000E+1	6.2513626E+1	6.0354984E+1	0.0000000E+0	0.0000000E+0	1.0000000E+2	0.0000000E+0
7.0020000E+1	6.2506797E+1	6.0355706E+1	0.0000000E+0	0.0000000E+0	1.0000000E+2	0.0000000E+0
7.0070000E+1	6.2497676E+1	6.0365799E+1	0.0000000E+0	0.0000000E+0	1.0000000E+2	0.0000000E+0
7.0121000E+1	6.2490827E+1	6.0364081E+1	0.0000000E+0	0.0000000E+0	1.0000000E+2	0.0000000E+0
7.0171000E+1	6.2475922E+1	6.0355027E+1	0.0000000E+0	0.0000000E+0	1.0000000E+2	0.0000000E+0
7.0222000E+1	6.2475118E+1	6.0356944E+1	0.0000000E+0	0.0000000E+0	1.0000000E+2	0.0000000E+0
7.0272000E+1	6.2477854E+1	6.0366695E+1	0.0000000E+0	0.0000000E+0	1.0000000E+2	0.0000000E+0
7.0322000E+1	6.2458336E+1	6.0351728E+1	0.0000000E+0	0.0000000E+0	1.0000000E+2	0.0000000E+0
7.0372000E+1	6.2461404E+1	6.0362946E+1	0.0000000E+0	0.0000000E+0	1.0000000E+2	0.0000000E+0
7.0422000E+1	6.2464168E+1	6.0365329E+1	0.0000000E+0	0.0000000E+0	1.0000000E+2	0.0000000E+0
7.0472000E+1	6.2443765E+1	6.0362931E+1	0.0000000E+0	0.0000000E+0	1.0000000E+2	0.0000000E+0
7.0522000E+1	6.2430188E+1	6.0351691E+1	0.0000000E+0	0.0000000E+0	1.0000000E+2	0.0000000E+0
7.0572000E+1	6.2414855E+1	6.0361081E+1	0.0000000E+0	0.0000000E+0	1.0000000E+2	0.0000000E+0
7.0623000E+1	6.2398270E+1	6.0359352E+1	0.0000000E+0	0.0000000E+0	1.0000000E+2	0.0000000E+0
7.0673000E+1	6.2367652E+1	6.0354356E+1	0.0000000E+0	0.0000000E+0	1.0000000E+2	0.0000000E+0
7.0723000E+1	6.2369561E+1	6.0361050E+1	0.0000000E+0	0.0000000E+0	1.0000000E+2	0.0000000E+0
7.0774000E+1	6.2378143E+1	6.0366499E+1	0.0000000E+0	0.0000000E+0	1.0000000E+2	0.0000000E+0
7.0824000E+1	6.2369723E+1	6.0356634E+1	0.0000000E+0	0.0000000E+0	1.0000000E+2	0.0000000E+0
7.0875000E+1	6.2370883E+1	6.0359922E+1	0.0000000E+0	0.0000000E+0	1.0000000E+2	0.0000000E+0
7.0926000E+1	6.2386709E+1	6.0368851E+1	0.0000000E+0	0.0000000E+0	1.0000000E+2	0.0000000E+0
7.0977000E+1	6.2380020E+1	6.0374314E+1	0.0000000E+0	0.0000000E+0	1.0000000E+2	0.0000000E+0
7.1027000E+1	6.2373240E+1	6.0364280E+1	0.0000000E+0	0.0000000E+0	1.0000000E+2	0.0000000E+0
7.1077000E+1	6.2364874E+1	6.0366437E+1	0.0000000E+0	0.0000000E+0	1.0000000E+2	0.0000000E+0
7.1127000E+1	6.2354831E+1	6.0375728E+1	0.0000000E+0	0.0000000E+0	1.0000000E+2	0.0000000E+0
7.1177000E+1	6.2360376E+1	6.0390463E+1	0.0000000E+0	0.0000000E+0	1.0000000E+2	0.0000000E+0
7.1227000E+1	6.2339499E+1	6.0383734E+1	0.0000000E+0	0.0000000E+0	1.0000000E+2	0.0000000E+0
7.1277000E+1	6.2313737E+1	6.0375771E+1	0.0000000E+0	0.0000000E+0	1.0000000E+2	0.0000000E+0
7.1327000E+1	6.2294167E+1	6.0377554E+1	0.0000000E+0	0.0000000E+0	1.0000000E+2	0.0000000E+0
7.1377000E+1	6.2290308E+1	6.0386679E+1	0.0000000E+0	0.0000000E+0	1.0000000E+2	0.0000000E+0
7.1427000E+1	6.2273049E+1	6.0388070E+1	0.0000000E+0	0.0000000E+0	1.0000000E+2	0.0000000E+0
7.1478000E+1	6.2255922E+1	6.0390291E+1	0.0000000E+0	0.0000000E+0	1.0000000E+2	0.0000000E+0
7.1528000E+1	6.2245938E+1	6.0386609E+1	0.0000000E+0	0.0000000E+0	1.0000000E+2	0.0000000E+0
7.1578000E+1	6.2240032E+1	6.0390509E+1	0.0000000E+0	0.0000000E+0	1.0000000E+2	0.0000000E+0
7.1628000E+1	6.2245297E+1	6.0398068E+1	0.0000000E+0	0.0000000E+0	1.0000000E+2	0.0000000E+0
7.1678000E+1	6.2243423E+1	6.0396581E+1	0.0000000E+0	0.0000000E+0	1.0000000E+2	0.0000000E+0
7.1729000E+1	6.2229934E+1	6.0390849E+1	0.0000000E+0	0.0000000E+0	1.0000000E+2	0.0000000E+0
7.1780000E+1	6.2205757E+1	6.0387841E+1	0.0000000E+0	0.0000000E+0	1.0000000E+2	0.0000000E+0
7.1831000E+1	6.2193387E+1	6.0390501E+1	0.0000000E+0	0.0000000E+0	1.0000000E+2	0.0000000E+0
7.1881000E+1	6.2184685E+1	6.0387653E+1	0.0000000E+0	0.0000000E+0	1.0000000E+2	0.0000000E+0
7.1932000E+1	6.2182843E+1	6.0386427E+1	0.0000000E+0	0.0000000E+0	1.0000000E+2	0.0000000E+0
7.1982000E+1	6.2174267E+1	6.0392251E+1	0.0000000E+0	0.0000000E+0	1.0000000E+2	0.0000000E+0
7.2032000E+1	6.2172959E+1	6.0383232E+1	0.0000000E+0	0.0000000E+0	1.0000000E+2	0.0000000E+0
7.2082000E+1	6.2173660E+1	6.0384351E+1	0.0000000E+0	0.0000000E+0	1.0000000E+2	0.0000000E+0
7.2132000E+1	6.2186027E+1	6.0399050E+1	0.0000000E+0	0.0000000E+0	1.0000000E+2	0.0000000E+0
7.2184000E+1	6.2176968E+1	6.0396701E+1	0.0000000E+0	0.0000000E+0	1.0000000E+2	0.0000000E+0
7.2234000E+1	6.2160610E+1	6.0391798E+1	0.0000000E+0	0.0000000E+0	1.0000000E+2	0.0000000E+0
7.2284000E+1	6.2149808E+1	6.0395282E+1	0.0000000E+0	0.0000000E+0	1.0000000E+2	0.0000000E+0
7.2335000E+1	6.2157251E+1	6.0398469E+1	0.0000000E+0	0.0000000E+0	1.0000000E+2	0.0000000E+0
7.2385000E+1	6.2147072E+1	6.0402372E+1	0.0000000E+0	0.0000000E+0	1.0000000E+2	0.0000000E+0
7.2435000E+1	6.2133642E+1	6.0396947E+1	0.0000000E+0	0.0000000E+0	1.0000000E+2	0.0000000E+0
7.2486000E+1	6.2135345E+1	6.0394801E+1	0.0000000E+0	0.0000000E+0	1.0000000E+2	0.0000000E+0
7.2536000E+1	6.2124124E+1	6.0384201E+1	0.0000000E+0	0.0000000E+0	1.0000000E+2	0.0000000E+0
7.2586000E+1	6.2127332E+1	6.0390354E+1	0.0000000E+0	0.0000000E+0	1.0000000E+2	0.0000000E+0
7.2636000E+1	6.2115571E+1	6.0378864E+1	0.0000000E+0	0.0000000E+0	1.0000000E+2	0.0000000E+0
7.2686000E+1	6.2107970E+1	6.0379952E+1	0.0000000E+0	0.0000000E+0	1.0000000E+2	0.0000000E+0
7.2736000E+1	6.2094535E+1	6.0379319E+1	0.0000000E+0	0.0000000E+0	1.0000000E+2	0.0000000E+0
7.2786000E+1	6.2069037E+1	6.0370897E+1	0.0000000E+0	0.0000000E+0	1.0000000E+2	0.0000000E+0
7.2838000E+1	6.2052608E+1	6.0379329E+1	0.0000000E+0	0.0000000E+0	1.0000000E+2	0.0000000E+0
7.2890000E+1	6.2038968E+1	6.0378727E+1	0.0000000E+0	0.0000000E+0	1.0000000E+2	0.0000000E+0
7.2940000E+1	6.2035246E+1	6.0379149E+1	0.0000000E+0	0.0000000E+0	1.0000000E+2	0.0000000E+0
7.2991000E+1	6.2026255E+1	6.0386963E+1	0.0000000E+0	0.0000000E+0	1.0000000E+2	0.0000000E+0
7.3041000E+1	6.2014971E+1	6.0380741E+1	0.0000000E+0	0.0000000E+0	1.0000000E+2	0.0000000E+0
7.3092000E+1	6.2001227E+1	6.0384919E+1	0.0000000E+0	0.0000000E+0	1.0000000E+2	0.0000000E+0
7.3142000E+1	6.1969479E+1	6.0370956E+1	0.0000000E+0	0.0000000E+0	1.0000000E+2	0.0000000E+0
7.3192000E+1	6.1939869E+1	6.0371811E+1	0.0000000E+0	0.0000000E+0	1.0000000E+2	0.0000000E+0
7.3243000E+1	6.1934836E+1	6.0382205E+1	0.0000000E+0	0.0000000E+0	1.0000000E+2	0.0000000E+0
7.3293000E+1	6.1912558E+1	6.0376828E+1	0.0000000E+0	0.0000000E+0	1.0000000E+2	0.0000000E+0
7.3343000E+1	6.1894493E+1	6.0372619E+1	0.0000000E+0	0.0000000E+0	1.0000000E+2	0.0000000E+0
7.3393000E+1	6.1883462E+1	6.0372891E+1	0.0000000E+0	0.0000000E+0	1.0000000E+2	0.0000000E+0
7.3444000E+1	6.1883569E+1	6.0382638E+1	0.0000000E+0	0.0000000E+0	1.0000000E+2	0.0000000E+0
7.3494000E+1	6.1888220E+1	6.0392851E+1	0.0000000E+0	0.0000000E+0	1.0000000E+2	0.0000000E+0
7.3545000E+1	6.1876696E+1	6.0384237E+1	0.0000000E+0	0.0000000E+0	1.0000000E+2	0.0000000E+0
7.3596000E+1	6.1871072E+1	6.0382320E+1	0.0000000E+0	0.0000000E+0	1.0000000E+2	0.0000000E+0
7.3646000E+1	6.1861981E+1	6.0375469E+1	0.0000000E+0	0.0000000E+0	1.0000000E+2	0.0000000E+0
7.3696000E+1	6.1857890E+1	6.0389524E+1	0.0000000E+0	0.0000000E+0	1.0000000E+2	0.0000000E+0
7.3746000E+1	6.1854236E+1	6.0387630E+1	0.0000000E+0	0.0000000E+0	1.0000000E+2	0.0000000E+0
7.3796000E+1	6.1829479E+1	6.0381914E+1	0.0000000E+0	0.0000000E+0	1.0000000E+2	0.0000000E+0
7.3846000E+1	6.1832700E+1	6.0388148E+1	0.0000000E+0	0.0000000E+0	1.0000000E+2	0.0000000E+0
7.3896000E+1	6.1845916E+1	6.0406913E+1	0.0000000E+0	0.0000000E+0	1.0000000E+2	0.0000000E+0
7.3948000E+1	6.1830817E+1	6.0388557E+1	0.0000000E+0	0.0000000E+0	1.0000000E+2	0.0000000E+0
7.4000000E+1	6.1817000E+1	6.0389132E+1	0.0000000E+0	0.0000000E+0	1.0000000E+2	0.0000000E+0
7.4050000E+1	6.1809523E+1	6.0382653E+1	0.0000000E+0	0.0000000E+0	1.0000000E+2	0.0000000E+0
7.4100000E+1	6.1801045E+1	6.0386525E+1	0.0000000E+0	0.0000000E+0	1.0000000E+2	0.0000000E+0
7.4150000E+1	6.1797029E+1	6.0391486E+1	0.0000000E+0	0.0000000E+0	1.0000000E+2	0.0000000E+0
7.4200000E+1	6.1796795E+1	6.0401062E+1	0.0000000E+0	0.0000000E+0	1.0000000E+2	0.0000000E+0
7.4250000E+1	6.1781866E+1	6.0391845E+1	0.0000000E+0	0.0000000E+0	1.0000000E+2	0.0000000E+0
7.4300000E+1	6.1761437E+1	6.0386167E+1	0.0000000E+0	0.0000000E+0	1.0000000E+2	0.0000000E+0
7.4350000E+1	6.1768815E+1	6.0398135E+1	0.0000000E+0	0.0000000E+0	1.0000000E+2	0.0000000E+0
7.4400000E+1	6.1759435E+1	6.0392200E+1	0.0000000E+0	0.0000000E+0	1.0000000E+2	0.0000000E+0
7.4450000E+1	6.1767718E+1	6.0392775E+1	0.0000000E+0	0.0000000E+0	1.0000000E+2	0.0000000E+0
7.4500000E+1	6.1747510E+1	6.0385068E+1	0.0000000E+0	0.0000000E+0	1.0000000E+2	0.0000000E+0
7.4550000E+1	6.1762694E+1	6.0396156E+1	0.0000000E+0	0.0000000E+0	1.0000000E+2	0.0000000E+0
7.4600000E+1	6.1732212E+1	6.0385667E+1	0.0000000E+0	0.0000000E+0	1.0000000E+2	0.0000000E+0
7.4650000E+1	6.1712482E+1	6.0379071E+1	0.0000000E+0	0.0000000E+0	1.0000000E+2	0.0000000E+0
7.4700000E+1	6.1692822E+1	6.0373229E+1	0.0000000E+0	0.0000000E+0	1.0000000E+2	0.0000000E+0
7.4750000E+1	6.1681154E+1	6.0359815E+1	0.0000000E+0	0.0000000E+0	1.0000000E+2	0.0000000E+0
7.4800000E+1	6.1672428E+1	6.0355835E+1	0.0000000E+0	0.0000000E+0	1.0000000E+2	0.0000000E+0
7.4850000E+1	6.1675732E+1	6.0362987E+1	0.0000000E+0	0.0000000E+0	1.0000000E+2	0.0000000E+0
7.4900000E+1	6.1669828E+1	6.0375881E+1	0.0000000E+0	0.0000000E+0	1.0000000E+2	0.0000000E+0
7.4950000E+1	6.1636626E+1	6.0357011E+1	0.0000000E+0	0.0000000E+0	1.0000000E+2	0.0000000E+0
7.5000000E+1	6.1633851E+1	6.0359412E+1	0.0000000E+0	0.0000000E+0	1.0000000E+2	0.0000000E+0
7.5050000E+1	6.1639156E+1	6.0373417E+1	0.0000000E+0	0.0000000E+0	1.0000000E+2	0.0000000E+0
7.5100000E+1	6.1620782E+1	6.0354883E+1	0.0000000E+0	0.0000000E+0	1.0000000E+2	0.0000000E+0
7.5151000E+1	6.1605960E+1	6.0355420E+1	0.0000000E+0	0.0000000E+0	1.0000000E+2	0.0000000E+0
7.5201000E+1	6.1604715E+1	6.0362724E+1	0.0000000E+0	0.0000000E+0	1.0000000E+2	0.0000000E+0
7.5251000E+1	6.1593017E+1	6.0365440E+1	0.0000000E+0	0.0000000E+0	1.0000000E+2	0.0000000E+0
7.5301000E+1	6.1572721E+1	6.0354909E+1	0.0000000E+0	0.0000000E+0	1.0000000E+2	0.0000000E+0
7.5351000E+1	6.1576431E+1	6.0366089E+1	0.0000000E+0	0.0000000E+0	1.0000000E+2	0.0000000E+0
7.5402000E+1	6.1560149E+1	6.0364859E+1	0.0000000E+0	0.0000000E+0	1.0000000E+2	0.0000000E+0
7.5452000E+1	6.1532165E+1	6.0349235E+1	0.0000000E+0	0.0000000E+0	1.0000000E+2	0.0000000E+0
7.5503000E+1	6.1517083E+1	6.0349014E+1	0.0000000E+0	0.0000000E+0	1.0000000E+2	0.0000000E+0
7.5554000E+1	6.1497534E+1	6.0341465E+1	0.0000000E+0	0.0000000E+0	1.0000000E+2	0.0000000E+0
7.5604000E+1	6.1499645E+1	6.0347771E+1	0.0000000E+0	0.0000000E+0	1.0000000E+2	0.0000000E+0
7.5654000E+1	6.1504340E+1	6.0349869E+1	0.0000000E+0	0.0000000E+0	1.0000000E+2	0.0000000E+0
7.5705000E+1	6.1508366E+1	6.0344559E+1	0.0000000E+0	0.0000000E+0	1.0000000E+2	0.0000000E+0
7.5756000E+1	6.1510783E+1	6.0347902E+1	0.0000000E+0	0.0000000E+0	1.0000000E+2	0.0000000E+0
7.5806000E+1	6.1525289E+1	6.0358494E+1	0.0000000E+0	0.0000000E+0	1.0000000E+2	0.0000000E+0
7.5856000E+1	6.1533055E+1	6.0359905E+1	0.0000000E+0	0.0000000E+0	1.0000000E+2	0.0000000E+0
7.5906000E+1	6.1548012E+1	6.0376129E+1	0.0000000E+0	0.0000000E+0	1.0000000E+2	0.0000000E+0
7.5956000E+1	6.1523918E+1	6.0377010E+1	0.0000000E+0	0.0000000E+0	1.0000000E+2	0.0000000E+0
7.6006000E+1	6.1506088E+1	6.0384042E+1	0.0000000E+0	0.0000000E+0	1.0000000E+2	0.0000000E+0
7.6056000E+1	6.1474933E+1	6.0374623E+1	0.0000000E+0	0.0000000E+0	1.0000000E+2	0.0000000E+0
7.6106000E+1	6.1447817E+1	6.0367704E+1	0.0000000E+0	0.0000000E+0	1.0000000E+2	0.0000000E+0
7.6156000E+1	6.1425988E+1	6.0361837E+1	0.0000000E+0	0.0000000E+0	1.0000000E+2	0.0000000E+0
7.6206000E+1	6.1391541E+1	6.0362654E+1	0.0000000E+0	0.0000000E+0	1.0000000E+2	0.0000000E+0
7.6256000E+1	6.1382474E+1	6.0369824E+1	0.0000000E+0	0.0000000E+0	1.0000000E+2	0.0000000E+0
7.6306000E+1	6.1356555E+1	6.0360763E+1	0.0000000E+0	0.0000000E+0	1.0000000E+2	0.0000000E+0
7.6356000E+1	6.1356681E+1	6.0371517E+1	0.0000000E+0	0.0000000E+0	1.0000000E+2	0.0000000E+0
7.6407000E+1	6.1341296E+1	6.0374827E+1	0.0000000E+0	0.0000000E+0	1.0000000E+2	0.0000000E+0
7.6457000E+1	6.1300296E+1	6.0373667E+1	0.0000000E+0	0.0000000E+0	1.0000000E+2	0.0000000E+0
7.6507000E+1	6.1282437E+1	6.0365362E+1	0.0000000E+0	0.0000000E+0	1.0000000E+2	0.0000000E+0
7.6557000E+1	6.1266497E+1	6.0371045E+1	0.0000000E+0	0.0000000E+0	1.0000000E+2	0.0000000E+0
7.6607000E+1	6.1238165E+1	6.0355371E+1	0.0000000E+0	0.0000000E+0	1.0000000E+2	0.0000000E+0
7.6657000E+1	6.1227899E+1	6.0364358E+1	0.0000000E+0	0.0000000E+0	1.0000000E+2	0.0000000E+0
7.6708000E+1	6.1224076E+1	6.0365768E+1	0.0000000E+0	0.0000000E+0	1.0000000E+2	0.0000000E+0
7.6758000E+1	6.1200193E+1	6.0357810E+1	0.0000000E+0	0.0000000E+0	1.0000000E+2	0.0000000E+0
7.6808000E+1	6.1192198E+1	6.0378002E+1	0.0000000E+0	0.0000000E+0	1.0000000E+2	0.0000000E+0
7.6858000E+1	6.1187863E+1	6.0368637E+1	0.0000000E+0	0.0000000E+0	1.0000000E+2	0.0000000E+0
7.6909000E+1	6.1187082E+1	6.0365377E+1	0.0000000E+0	0.0000000E+0	1.0000000E+2	0.0000000E+0
7.6959000E+1	6.1197392E+1	6.0376856E+1	0.0000000E+0	0.0000000E+0	1.0000000E+2	0.0000000E+0
7.7010000E+1	6.1202882E+1	6.0382359E+1	0.0000000E+0	0.0000000E+0	1.0000000E+2	0.0000000E+0
7.7060000E+1	6.1182487E+1	6.0379186E+1	0.0000000E+0	0.0000000E+0	1.0000000E+2	0.0000000E+0
7.7111000E+1	6.1184960E+1	6.0383509E+1	0.0000000E+0	0.0000000E+0	1.0000000E+2	0.0000000E+0
7.7161000E+1	6.1182472E+1	6.0387075E+1	0.0000000E+0	0.0000000E+0	1.0000000E+2	0.0000000E+0
7.7211000E+1	6.1156831E+1	6.0370389E+1	0.0000000E+0	0.0000000E+0	1.0000000E+2	0.0000000E+0
7.7262000E+1	6.1144733E+1	6.0367681E+1	0.0000000E+0	0.0000000E+0	1.0000000E+2	0.0000000E+0
7.7313000E+1	6.1138866E+1	6.0368315E+1	0.0000000E+0	0.0000000E+0	1.0000000E+2	0.0000000E+0
7.7363000E+1	6.1117228E+1	6.0359451E+1	0.0000000E+0	0.0000000E+0	1.0000000E+2	0.0000000E+0
7.7413000E+1	6.1121633E+1	6.0360522E+1	0.0000000E+0	0.0000000E+0	1.0000000E+2	0.0000000E+0
7.7463000E+1	6.1142167E+1	6.0381966E+1	0.0000000E+0	0.0000000E+0	1.0000000E+2	0.0000000E+0
7.7514000E+1	6.1150449E+1	6.0382172E+1	0.0000000E+0	0.0000000E+0	1.0000000E+2	0.0000000E+0
7.7565000E+1	6.1161197E+1	6.0379067E+1	0.0000000E+0	0.0000000E+0	1.0000000E+2	0.0000000E+0
7.7616000E+1	6.1148203E+1	6.0374361E+1	0.0000000E+0	0.0000000E+0	1.0000000E+2	0.0000000E+0
7.7666000E+1	6.1162180E+1	6.0381325E+1	0.0000000E+0	0.0000000E+0	1.0000000E+2	0.0000000E+0
7.7716000E+1	6.1169066E+1	6.0379911E+1	0.0000000E+0	0.0000000E+0	1.0000000E+2	0.0000000E+0
7.7766000E+1	6.1176556E+1	6.0385169E+1	0.0000000E+0	0.0000000E+0	1.0000000E+2	0.0000000E+0
7.7816000E+1	6.1184075E+1	6.0373062E+1	0.0000000E+0	0.0000000E+0	1.0000000E+2	0.0000000E+0
7.7867000E+1	6.1196364E+1	6.0373484E+1	0.0000000E+0	0.0000000E+0	1.0000000E+2	0.0000000E+0
7.7917000E+1	6.1195872E+1	6.0361502E+1	0.0000000E+0	0.0000000E+0	1.0000000E+2	0.0000000E+0
7.7967000E+1	6.1215645E+1	6.0362975E+1	0.0000000E+0	0.0000000E+0	1.0000000E+2	0.0000000E+0
7.8017000E+1	6.1228991E+1	6.0378665E+1	0.0000000E+0	0.0000000E+0	1.0000000E+2	0.0000000E+0
7.8067000E+1	6.1221676E+1	6.0365055E+1	0.0000000E+0	0.0000000E+0	1.0000000E+2	0.0000000E+0
7.8117000E+1	6.1217237E+1	6.0378235E+1	0.0000000E+0	0.0000000E+0	1.0000000E+2	0.0000000E+0
7.8167000E+1	6.1190612E+1	6.0369760E+1	0.0000000E+0	0.0000000E+0	1.0000000E+2	0.0000000E+0
7.8217000E+1	6.1165491E+1	6.0366109E+1	0.0000000E+0	0.0000000E+0	1.0000000E+2	0.0000000E+0
7.8268000E+1	6.1145452E+1	6.0366486E+1	0.0000000E+0	0.0000000E+0	1.0000000E+2	0.0000000E+0
7.8318000E+1	6.1135509E+1	6.0366522E+1	0.0000000E+0	0.0000000E+0	1.0000000E+2	0.0000000E+0
7.8368000E+1	6.1120958E+1	6.0361990E+1	0.0000000E+0	0.0000000E+0	1.0000000E+2	0.0000000E+0
7.8418000E+1	6.1128750E+1	6.0368799E+1	0.0000000E+0	0.0000000E+0	1.0000000E+2	0.0000000E+0
7.8468000E+1	6.1133081E+1	6.0373686E+1	0.0000000E+0	0.0000000E+0	1.0000000E+2	0.0000000E+0
7.8518000E+1	6.1143454E+1	6.0369551E+1	0.0000000E+0	0.0000000E+0	1.0000000E+2	0.0000000E+0
7.8568000E+1	6.1167972E+1	6.0383337E+1	0.0000000E+0	0.0000000E+0	1.0000000E+2	0.0000000E+0
7.8618000E+1	6.1170665E+1	6.0385877E+1	0.0000000E+0	0.0000000E+0	1.0000000E+2	0.0000000E+0
7.8669000E+1	6.1184362E+1	6.0395130E+1	0.0000000E+0	0.0000000E+0	1.0000000E+2	0.0000000E+0
7.8719000E+1	6.1179368E+1	6.0385541E+1	0.0000000E+0	0.0000000E+0	1.0000000E+2	0.0000000E+0
7.8769000E+1	6.1159653E+1	6.0374986E+1	0.0000000E+0	0.0000000E+0	1.0000000E+2	0.0000000E+0
7.8819000E+1	6.1154516E+1	6.0364807E+1	0.0000000E+0	0.0000000E+0	1.0000000E+2	0.0000000E+0
7.8869000E+1	6.1136154E+1	6.0368577E+1	0.0000000E+0	0.0000000E+0	1.0000000E+2	0.0000000E+0
7.8919000E+1	6.1129788E+1	6.0374831E+1	0.0000000E+0	0.0000000E+0	1.0000000E+2	0.0000000E+0
7.8970000E+1	6.1132169E+1	6.0384769E+1	0.0000000E+0	0.0000000E+0	1.0000000E+2	0.0000000E+0
7.9020000E+1	6.1130651E+1	6.0376221E+1	0.0000000E+0	0.0000000E+0	1.0000000E+2	0.0000000E+0
7.9070000E+1	6.1121132E+1	6.0371836E+1	0.0000000E+0	0.0000000E+0	1.0000000E+2	0.0000000E+0
7.9121000E+1	6.1124386E+1	6.0376699E+1	0.0000000E+0	0.0000000E+0	1.0000000E+2	0.0000000E+0
7.9171000E+1	6.1132441E+1	6.0380702E+1	0.0000000E+0	0.0000000E+0	1.0000000E+2	0.0000000E+0
7.9221000E+1	6.1143409E+1	6.0389162E+1	0.0000000E+0	0.0000000E+0	1.0000000E+2	0.0000000E+0
7.9271000E+1	6.1144142E+1	6.0400373E+1	0.0000000E+0	0.0000000E+0	1.0000000E+2	0.0000000E+0
7.9321000E+1	6.1118107E+1	6.0384855E+1	0.0000000E+0	0.0000000E+0	1.0000000E+2	0.0000000E+0
7.9372000E+1	6.1103780E+1	6.0391392E+1	0.0000000E+0	0.0000000E+0	1.0000000E+2	0.0000000E+0
7.9424000E+1	6.1077153E+1	6.0387819E+1	0.0000000E+0	0.0000000E+0	1.0000000E+2	0.0000000E+0
7.9474000E+1	6.1060378E+1	6.0375827E+1	0.0000000E+0	0.0000000E+0	1.0000000E+2	0.0000000E+0
7.9524000E+1	6.1031382E+1	6.0370017E+1	0.0000000E+0	0.0000000E+0	1.0000000E+2	0.0000000E+0
7.9574000E+1	6.1025388E+1	6.0386779E+1	0.0000000E+0	0.0000000E+0	1.0000000E+2	0.0000000E+0
7.9624000E+1	6.1014752E+1	6.0390302E+1	0.0000000E+0	0.0000000E+0	1.0000000E+2	0.0000000E+0
7.9674000E+1	6.0989365E+1	6.0392699E+1	0.0000000E+0	0.0000000E+0	1.0000000E+2	0.0000000E+0
7.9725000E+1	6.0966074E+1	6.0395903E+1	0.0000000E+0	0.0000000E+0	1.0000000E+2	0.0000000E+0
7.9775000E+1	6.0950007E+1	6.0395459E+1	0.0000000E+0	0.0000000E+0	1.0000000E+2	0.0000000E+0
7.9825000E+1	6.0918729E+1	6.0386132E+1	0.0000000E+0	0.0000000E+0	1.0000000E+2	0.0000000E+0
7.9875000E+1	6.0907840E+1	6.0396366E+1	0.0000000E+0	0.0000000E+0	1.0000000E+2	0.0000000E+0
7.9925000E+1	6.0883416E+1	6.0381618E+1	0.0000000E+0	0.0000000E+0	1.0000000E+2	0.0000000E+0
7.9975000E+1	6.0881818E+1	6.0394397E+1	0.0000000E+0	0.0000000E+0	1.0000000E+2	0.0000000E+0
8.0025000E+1	6.0864357E+1	6.0402079E+1	0.0000000E+0	0.0000000E+0	1.0000000E+2	0.0000000E+0
8.0076000E+1	6.0851569E+1	6.0397750E+1	0.0000000E+0	0.0000000E+0	1.0000000E+2	0.0000000E+0
8.0126000E+1	6.0827523E+1	6.0391777E+1	0.0000000E+0	0.0000000E+0	1.0000000E+2	0.0000000E+0
8.0176000E+1	6.0822561E+1	6.0388718E+1	0.0000000E+0	0.0000000E+0	1.0000000E+2	0.0000000E+0
8.0226000E+1	6.0812591E+1	6.0385844E+1	0.0000000E+0	0.0000000E+0	1.0000000E+2	0.0000000E+0
8.0276000E+1	6.0795388E+1	6.0388758E+1	0.0000000E+0	0.0000000E+0	1.0000000E+2	0.0000000E+0
8.0327000E+1	6.0793066E+1	6.0398214E+1	0.0000000E+0	0.0000000E+0	1.0000000E+2	0.0000000E+0
8.0378000E+1	6.0772475E+1	6.0391554E+1	0.0000000E+0	0.0000000E+0	1.0000000E+2	0.0000000E+0
8.0428000E+1	6.0765684E+1	6.0394303E+1	0.0000000E+0	0.0000000E+0	1.0000000E+2	0.0000000E+0
8.0478000E+1	6.0761018E+1	6.0396839E+1	0.0000000E+0	0.0000000E+0	1.0000000E+2	0.0000000E+0
8.0528000E+1	6.0761371E+1	6.0390864E+1	0.0000000E+0	0.0000000E+0	1.0000000E+2	0.0000000E+0
8.0578000E+1	6.0768628E+1	6.0398645E+1	0.0000000E+0	0.0000000E+0	1.0000000E+2	0.0000000E+0
8.0628000E+1	6.0759847E+1	6.0394584E+1	0.0000000E+0	0.0000000E+0	1.0000000E+2	0.0000000E+0
8.0678000E+1	6.0763633E+1	6.0393502E+1	0.0000000E+0	0.0000000E+0	1.0000000E+2	0.0000000E+0
8.0729000E+1	6.0771759E+1	6.0400954E+1	0.0000000E+0	0.0000000E+0	1.0000000E+2	0.0000000E+0
8.0779000E+1	6.0747750E+1	6.0389698E+1	0.0000000E+0	0.0000000E+0	1.0000000E+2	0.0000000E+0
8.0830000E+1	6.0755437E+1	6.0384478E+1	0.0000000E+0	0.0000000E+0	1.0000000E+2	0.0000000E+0
8.0881000E+1	6.0757999E+1	6.0394182E+1	0.0000000E+0	0.0000000E+0	1.0000000E+2	0.0000000E+0
8.0931000E+1	6.0742111E+1	6.0390922E+1	0.0000000E+0	0.0000000E+0	1.0000000E+2	0.0000000E+0
8.0982000E+1	6.0741261E+1	6.0393629E+1	0.0000000E+0	0.0000000E+0	1.0000000E+2	0.0000000E+0
8.1032000E+1	6.0726248E+1	6.0391755E+1	0.0000000E+0	0.0000000E+0	1.0000000E+2	0.0000000E+0
8.1083000E+1	6.0709655E+1	6.0388773E+1	0.0000000E+0	0.0000000E+0	1.0000000E+2	0.0000000E+0
8.1133000E+1	6.0705633E+1	6.0386035E+1	0.0000000E+0	0.0000000E+0	1.0000000E+2	0.0000000E+0
8.1183000E+1	6.0715984E+1	6.0380531E+1	0.0000000E+0	0.0000000E+0	1.0000000E+2	0.0000000E+0
8.1233000E+1	6.0709831E+1	6.0385008E+1	0.0000000E+0	0.0000000E+0	1.0000000E+2	0.0000000E+0
8.1283000E+1	6.0709193E+1	6.0395441E+1	0.0000000E+0	0.0000000E+0	1.0000000E+2	0.0000000E+0
8.1334000E+1	6.0687514E+1	6.0395074E+1	0.0000000E+0	0.0000000E+0	1.0000000E+2	0.0000000E+0
8.1384000E+1	6.0660766E+1	6.0387278E+1	0.0000000E+0	0.0000000E+0	1.0000000E+2	0.0000000E+0
8.1435000E+1	6.0656398E+1	6.0383785E+1	0.0000000E+0	0.0000000E+0	1.0000000E+2	0.0000000E+0
8.1485000E+1	6.0656202E+1	6.0397742E+1	0.0000000E+0	0.0000000E+0	1.0000000E+2	0.0000000E+0
8.1535000E+1	6.0655148E+1	6.0399304E+1	0.0000000E+0	0.0000000E+0	1.0000000E+2	0.0000000E+0
8.1585000E+1	6.0648321E+1	6.0397676E+1	0.0000000E+0	0.0000000E+0	1.0000000E+2	0.0000000E+0
8.1636000E+1	6.0647584E+1	6.0403632E+1	0.0000000E+0	0.0000000E+0	1.0000000E+2	0.0000000E+0
8.1686000E+1	6.0631836E+1	6.0405754E+1	0.0000000E+0	0.0000000E+0	1.0000000E+2	0.0000000E+0
8.1738000E+1	6.0623441E+1	6.0400680E+1	0.0000000E+0	0.0000000E+0	1.0000000E+2	0.0000000E+0
8.1788000E+1	6.0623687E+1	6.0402002E+1	0.0000000E+0	0.0000000E+0	1.0000000E+2	0.0000000E+0
8.1838000E+1	6.0610388E+1	6.0395191E+1	0.0000000E+0	0.0000000E+0	1.0000000E+2	0.0000000E+0
8.1889000E+1	6.0609310E+1	6.0397221E+1	0.0000000E+0	0.0000000E+0	1.0000000E+2	0.0000000E+0
8.1939000E+1	6.0629531E+1	6.0402951E+1	0.0000000E+0	0.0000000E+0	1.0000000E+2	0.0000000E+0
8.1989000E+1	6.0626131E+1	6.0393317E+1	0.0000000E+0	0.0000000E+0	1.0000000E+2	0.0000000E+0
8.2039000E+1	6.0636400E+1	6.0404943E+1	0.0000000E+0	0.0000000E+0	1.0000000E+2	0.0000000E+0
8.2089000E+1	6.0609485E+1	6.0388544E+1	0.0000000E+0	0.0000000E+0	1.0000000E+2	0.0000000E+0
8.2139000E+1	6.0601471E+1	6.0375458E+1	0.0000000E+0	0.0000000E+0	1.0000000E+2	0.0000000E+0
8.2189000E+1	6.0591669E+1	6.0367036E+1	0.0000000E+0	0.0000000E+0	1.0000000E+2	0.0000000E+0
8.2239000E+1	6.0600475E+1	6.0381777E+1	0.0000000E+0	0.0000000E+0	1.0000000E+2	0.0000000E+0
8.2289000E+1	6.0586693E+1	6.0364110E+1	0.0000000E+0	0.0000000E+0	1.0000000E+2	0.0000000E+0
8.2339000E+1	6.0579747E+1	6.0364459E+1	0.0000000E+0	0.0000000E+0	1.0000000E+2	0.0000000E+0
8.2389000E+1	6.0571632E+1	6.0357643E+1	0.0000000E+0	0.0000000E+0	1.0000000E+2	0.0000000E+0
8.2440000E+1	6.0566765E+1	6.0353292E+1	0.0000000E+0	0.0000000E+0	1.0000000E+2	0.0000000E+0
8.2490000E+1	6.0578422E+1	6.0351038E+1	0.0000000E+0	0.0000000E+0	1.0000000E+2	0.0000000E+0
8.2540000E+1	6.0600857E+1	6.0357506E+1	0.0000000E+0	0.0000000E+0	1.0000000E+2	0.0000000E+0
8.2591000E+1	6.0606052E+1	6.0355984E+1	0.0000000E+0	0.0000000E+0	1.0000000E+2	0.0000000E+0
8.2641000E+1	6.0591482E+1	6.0344516E+1	0.0000000E+0	0.0000000E+0	1.0000000E+2	0.0000000E+0
8.2691000E+1	6.0594781E+1	6.0336087E+1	0.0000000E+0	0.0000000E+0	1.0000000E+2	0.0000000E+0
8.2741000E+1	6.0614347E+1	6.0349260E+1	0.0000000E+0	0.0000000E+0	1.0000000E+2	0.0000000E+0
8.2792000E+1	6.0601254E+1	6.0330248E+1	0.0000000E+0	0.0000000E+0	1.0000000E+2	0.0000000E+0
8.2842000E+1	6.0602469E+1	6.0338323E+1	0.0000000E+0	0.0000000E+0	1.0000000E+2	0.0000000E+0
8.2892000E+1	6.0601872E+1	6.0359155E+1	0.0000000E+0	0.0000000E+0	1.0000000E+2	0.0000000E+0
8.2943000E+1	6.0595723E+1	6.0358557E+1	0.0000000E+0	0.0000000E+0	1.0000000E+2	0.0000000E+0
8.2994000E+1	6.0573179E+1	6.0359375E+1	0.0000000E+0	0.0000000E+0	1.0000000E+2	0.0000000E+0
8.3044000E+1	6.0565711E+1	6.0350775E+1	0.0000000E+0	0.0000000E+0	1.0000000E+2	0.0000000E+0
8.3095000E+1	6.0559566E+1	6.0354557E+1	0.0000000E+0	0.0000000E+0	1.0000000E+2	0.0000000E+0
8.3145000E+1	6.0570548E+1	6.0362580E+1	0.0000000E+0	0.0000000E+0	1.0000000E+2	0.0000000E+0
8.3196000E+1	6.0566665E+1	6.0353606E+1	0.0000000E+0	0.0000000E+0	1.0000000E+2	0.0000000E+0
8.3246000E+1	6.0582003E+1	6.0353691E+1	0.0000000E+0	0.0000000E+0	1.0000000E+2	0.0000000E+0
8.3296000E+1	6.0607848E+1	6.0357199E+1	0.0000000E+0	0.0000000E+0	1.0000000E+2	0.0000000E+0
8.3347000E+1	6.0611383E+1	6.0354642E+1	0.0000000E+0	0.0000000E+0	1.0000000E+2	0.0000000E+0
8.3397000E+1	6.0605102E+1	6.0350994E+1	0.0000000E+0	0.0000000E+0	1.0000000E+2	0.0000000E+0
8.3447000E+1	6.0593137E+1	6.0342280E+1	0.0000000E+0	0.0000000E+0	1.0000000E+2	0.0000000E+0
8.3497000E+1	6.0589387E+1	6.0340870E+1	0.0000000E+0	0.0000000E+0	1.0000000E+2	0.0000000E+0
8.3547000E+1	6.0580074E+1	6.0333535E+1	0.0000000E+0	0.0000000E+0	1.0000000E+2	0.0000000E+0
8.3598000E+1	6.0586744E+1	6.0331863E+1	0.0000000E+0	0.0000000E+0	1.0000000E+2	0.0000000E+0
8.3648000E+1	6.0587194E+1	6.0343421E+1	0.0000000E+0	0.0000000E+0	1.0000000E+2	0.0000000E+0
8.3698000E+1	6.0595994E+1	6.0354475E+1	0.0000000E+0	0.0000000E+0	1.0000000E+2	0.0000000E+0
8.3748000E+1	6.0610665E+1	6.0355249E+1	0.0000000E+0	0.0000000E+0	1.0000000E+2	0.0000000E+0
8.3799000E+1	6.0595806E+1	6.0345577E+1	0.0000000E+0	0.0000000E+0	1.0000000E+2	0.0000000E+0
8.3850000E+1	6.0581602E+1	6.0343244E+1	0.0000000E+0	0.0000000E+0	1.0000000E+2	0.0000000E+0
8.3900000E+1	6.0566706E+1	6.0348045E+1	0.0000000E+0	0.0000000E+0	1.0000000E+2	0.0000000E+0
8.3950000E+1	6.0558807E+1	6.0350006E+1	0.0000000E+0	0.0000000E+0	1.0000000E+2	0.0000000E+0
8.4000000E+1	6.0554808E+1	6.0358502E+1	0.0000000E+0	0.0000000E+0	1.0000000E+2	0.0000000E+0
8.4050000E+1	6.0538307E+1	6.0351423E+1	0.0000000E+0	0.0000000E+0	1.0000000E+2	0.0000000E+0
8.4100000E+1	6.0554275E+1	6.0361836E+1	0.0000000E+0	0.0000000E+0	1.0000000E+2	0.0000000E+0
8.4150000E+1	6.0540719E+1	6.0353051E+1	0.0000000E+0	0.0000000E+0	1.0000000E+2	0.0000000E+0
8.4200000E+1	6.0549989E+1	6.0359523E+1	0.0000000E+0	0.0000000E+0	1.0000000E+2	0.0000000E+0
8.4251000E+1	6.0555097E+1	6.0358567E+1	0.0000000E+0	0.0000000E+0	1.0000000E+2	0.0000000E+0
8.4301000E+1	6.0570371E+1	6.0354509E+1	0.0000000E+0	0.0000000E+0	1.0000000E+2	0.0000000E+0
8.4351000E+1	6.0585697E+1	6.0357500E+1	0.0000000E+0	0.0000000E+0	1.0000000E+2	0.0000000E+0
8.4401000E+1	6.0590584E+1	6.0370795E+1	0.0000000E+0	0.0000000E+0	1.0000000E+2	0.0000000E+0
8.4451000E+1	6.0584055E+1	6.0369958E+1	0.0000000E+0	0.0000000E+0	1.0000000E+2	0.0000000E+0
8.4502000E+1	6.0592698E+1	6.0365377E+1	0.0000000E+0	0.0000000E+0	1.0000000E+2	0.0000000E+0
8.4553000E+1	6.0601010E+1	6.0373129E+1	0.0000000E+0	0.0000000E+0	1.0000000E+2	0.0000000E+0
8.4604000E+1	6.0604154E+1	6.0373703E+1	0.0000000E+0	0.0000000E+0	1.0000000E+2	0.0000000E+0
8.4655000E+1	6.0601776E+1	6.0365318E+1	0.0000000E+0	0.0000000E+0	1.0000000E+2	0.0000000E+0
8.4705000E+1	6.0604570E+1	6.0364600E+1	0.0000000E+0	0.0000000E+0	1.0000000E+2	0.0000000E+0
8.4755000E+1	6.0629584E+1	6.0377406E+1	0.0000000E+0	0.0000000E+0	1.0000000E+2	0.0000000E+0
8.4805000E+1	6.0639816E+1	6.0382105E+1	0.0000000E+0	0.0000000E+0	1.0000000E+2	0.0000000E+0
8.4855000E+1	6.0641706E+1	6.0383759E+1	0.0000000E+0	0.0000000E+0	1.0000000E+2	0.0000000E+0
8.4905000E+1	6.0653779E+1	6.0385657E+1	0.0000000E+0	0.0000000E+0	1.0000000E+2	0.0000000E+0
8.4956000E+1	6.0655409E+1	6.0380561E+1	0.0000000E+0	0.0000000E+0	1.0000000E+2	0.0000000E+0
8.5007000E+1	6.0661367E+1	6.0383345E+1	0.0000000E+0	0.0000000E+0	1.0000000E+2	0.0000000E+0
8.5058000E+1	6.0657022E+1	6.0383550E+1	0.0000000E+0	0.0000000E+0	1.0000000E+2	0.0000000E+0
8.5108000E+1	6.0668434E+1	6.0377358E+1	0.0000000E+0	0.0000000E+0	1.0000000E+2	0.0000000E+0
8.5159000E+1	6.0678126E+1	6.0379756E+1	0.0000000E+0	0.0000000E+0	1.0000000E+2	0.0000000E+0
8.5209000E+1	6.0691196E+1	6.0398688E+1	0.0000000E+0	0.0000000E+0	1.0000000E+2	0.0000000E+0
8.5259000E+1	6.0677023E+1	6.0392541E+1	0.0000000E+0	0.0000000E+0	1.0000000E+2	0.0000000E+0
8.5310000E+1	6.0676320E+1	6.0390163E+1	0.0000000E+0	0.0000000E+0	1.0000000E+2	0.0000000E+0
8.5360000E+1	6.0682994E+1	6.0392090E+1	0.0000000E+0	0.0000000E+0	1.0000000E+2	0.0000000E+0
8.5412000E+1	6.0690360E+1	6.0393767E+1	0.0000000E+0	0.0000000E+0	1.0000000E+2	0.0000000E+0
8.5462000E+1	6.0674079E+1	6.0378138E+1	0.0000000E+0	0.0000000E+0	1.0000000E+2	0.0000000E+0
8.5512000E+1	6.0681999E+1	6.0386704E+1	0.0000000E+0	0.0000000E+0	1.0000000E+2	0.0000000E+0
8.5563000E+1	6.0664638E+1	6.0385222E+1	0.0000000E+0	0.0000000E+0	1.0000000E+2	0.0000000E+0
8.5613000E+1	6.0674235E+1	6.0386053E+1	0.0000000E+0	0.0000000E+0	1.0000000E+2	0.0000000E+0
8.5663000E+1	6.0671392E+1	6.0388264E+1	0.0000000E+0	0.0000000E+0	1.0000000E+2	0.0000000E+0
8.5713000E+1	6.0651547E+1	6.0386975E+1	0.0000000E+0	0.0000000E+0	1.0000000E+2	0.0000000E+0
8.5763000E+1	6.0659278E+1	6.0396503E+1	0.0000000E+0	0.0000000E+0	1.0000000E+2	0.0000000E+0
8.5813000E+1	6.0660789E+1	6.0400070E+1	0.0000000E+0	0.0000000E+0	1.0000000E+2	0.0000000E+0
8.5863000E+1	6.0682513E+1	6.0402719E+1	0.0000000E+0	0.0000000E+0	1.0000000E+2	0.0000000E+0
8.5914000E+1	6.0674938E+1	6.0402926E+1	0.0000000E+0	0.0000000E+0	1.0000000E+2	0.0000000E+0
8.5965000E+1	6.0700610E+1	6.0413470E+1	0.0000000E+0	0.0000000E+0	1.0000000E+2	0.0000000E+0
8.6015000E+1	6.0703244E+1	6.0401065E+1	0.0000000E+0	0.0000000E+0	1.0000000E+2	0.0000000E+0
8.6065000E+1	6.0713455E+1	6.0405710E+1	0.0000000E+0	0.0000000E+0	1.0000000E+2	0.0000000E+0
8.6115000E+1	6.0705470E+1	6.0406445E+1	0.0000000E+0	0.0000000E+0	1.0000000E+2	0.0000000E+0
8.6165000E+1	6.0712069E+1	6.0408935E+1	0.0000000E+0	0.0000000E+0	1.0000000E+2	0.0000000E+0
8.6216000E+1	6.0709078E+1	6.0408907E+1	0.0000000E+0	0.0000000E+0	1.0000000E+2	0.0000000E+0
8.6267000E+1	6.0709578E+1	6.0399912E+1	0.0000000E+0	0.0000000E+0	1.0000000E+2	0.0000000E+0
8.6317000E+1	6.0713488E+1	6.0410436E+1	0.0000000E+0	0.0000000E+0	1.0000000E+2	0.0000000E+0
8.6367000E+1	6.0723047E+1	6.0406704E+1	0.0000000E+0	0.0000000E+0	1.0000000E+2	0.0000000E+0
8.6417000E+1	6.0723451E+1	6.0410723E+1	0.0000000E+0	0.0000000E+0	1.0000000E+2	0.0000000E+0
8.6467000E+1	6.0724020E+1	6.0407663E+1	0.0000000E+0	0.0000000E+0	1.0000000E+2	0.0000000E+0
8.6517000E+1	6.0710653E+1	6.0401511E+1	0.0000000E+0	0.0000000E+0	1.0000000E+2	0.0000000E+0
8.6567000E+1	6.0706027E+1	6.0401594E+1	0.0000000E+0	0.0000000E+0	1.0000000E+2	0.0000000E+0
8.6617000E+1	6.0699197E+1	6.0397548E+1	0.0000000E+0	0.0000000E+0	1.0000000E+2	0.0000000E+0
8.6667000E+1	6.0687804E+1	6.0396503E+1	0.0000000E+0	0.0000000E+0	1.0000000E+2	0.0000000E+0
8.6717000E+1	6.0670935E+1	6.0380444E+1	0.0000000E+0	0.0000000E+0	1.0000000E+2	0.0000000E+0
8.6767000E+1	6.0670830E+1	6.0374905E+1	0.0000000E+0	0.0000000E+0	1.0000000E+2	0.0000000E+0
8.6817000E+1	6.0686077E+1	6.0379284E+1	0.0000000E+0	0.0000000E+0	1.0000000E+2	0.0000000E+0
8.6867000E+1	6.0710012E+1	6.0395911E+1	0.0000000E+0	0.0000000E+0	1.0000000E+2	0.0000000E+0
8.6917000E+1	6.0741793E+1	6.0400281E+1	0.0000000E+0	0.0000000E+0	1.0000000E+2	0.0000000E+0
8.6968000E+1	6.0740604E+1	6.0401536E+1	0.0000000E+0	0.0000000E+0	1.0000000E+2	0.0000000E+0
8.7018000E+1	6.0767607E+1	6.0409431E+1	0.0000000E+0	0.0000000E+0	1.0000000E+2	0.0000000E+0
8.7068000E+1	6.0773831E+1	6.0408675E+1	0.0000000E+0	0.0000000E+0	1.0000000E+2	0.0000000E+0
8.7118000E+1	6.0770379E+1	6.0399855E+1	0.0000000E+0	0.0000000E+0	1.0000000E+2	0.0000000E+0
8.7168000E+1	6.0784562E+1	6.0407570E+1	0.0000000E+0	0.0000000E+0	1.0000000E+2	0.0000000E+0
8.7219000E+1	6.0767653E+1	6.0404909E+1	0.0000000E+0	0.0000000E+0	1.0000000E+2	0.0000000E+0
8.7269000E+1	6.0775386E+1	6.0406368E+1	0.0000000E+0	0.0000000E+0	1.0000000E+2	0.0000000E+0
8.7319000E+1	6.0773776E+1	6.0404847E+1	0.0000000E+0	0.0000000E+0	1.0000000E+2	0.0000000E+0
8.7369000E+1	6.0773310E+1	6.0415673E+1	0.0000000E+0	0.0000000E+0	1.0000000E+2	0.0000000E+0
8.7419000E+1	6.0770833E+1	6.0413279E+1	0.0000000E+0	0.0000000E+0	1.0000000E+2	0.0000000E+0
8.7469000E+1	6.0761178E+1	6.0405787E+1	0.0000000E+0	0.0000000E+0	1.0000000E+2	0.0000000E+0
8.7519000E+1	6.0753775E+1	6.0405247E+1	0.0000000E+0	0.0000000E+0	1.0000000E+2	0.0000000E+0
8.7569000E+1	6.0752326E+1	6.0412221E+1	0.0000000E+0	0.0000000E+0	1.0000000E+2	0.0000000E+0
8.7619000E+1	6.0759072E+1	6.0423433E+1	0.0000000E+0	0.0000000E+0	1.0000000E+2	0.0000000E+0
8.7669000E+1	6.0761594E+1	6.0411910E+1	0.0000000E+0	0.0000000E+0	1.0000000E+2	0.0000000E+0
8.7721000E+1	6.0750008E+1	6.0396865E+1	0.0000000E+0	0.0000000E+0	1.0000000E+2	0.0000000E+0
8.7771000E+1	6.0758759E+1	6.0408159E+1	0.0000000E+0	0.0000000E+0	1.0000000E+2	0.0000000E+0
8.7821000E+1	6.0749189E+1	6.0409300E+1	0.0000000E+0	0.0000000E+0	1.0000000E+2	0.0000000E+0
8.7871000E+1	6.0748998E+1	6.0413298E+1	0.0000000E+0	0.0000000E+0	1.0000000E+2	0.0000000E+0
8.7922000E+1	6.0741406E+1	6.0410856E+1	0.0000000E+0	0.0000000E+0	1.0000000E+2	0.0000000E+0
8.7973000E+1	6.0725947E+1	6.0410619E+1	0.0000000E+0	0.0000000E+0	1.0000000E+2	0.0000000E+0
8.8024000E+1	6.0730042E+1	6.0409980E+1	0.0000000E+0	0.0000000E+0	1.0000000E+2	0.0000000E+0
8.8075000E+1	6.0733628E+1	6.0418138E+1	0.0000000E+0	0.0000000E+0	1.0000000E+2	0.0000000E+0
8.8125000E+1	6.0728122E+1	6.0403137E+1	0.0000000E+0	0.0000000E+0	1.0000000E+2	0.0000000E+0
8.8175000E+1	6.0747154E+1	6.0415938E+1	0.0000000E+0	0.0000000E+0	1.0000000E+2	0.0000000E+0
8.8225000E+1	6.0756732E+1	6.0419174E+1	0.0000000E+0	0.0000000E+0	1.0000000E+2	0.0000000E+0
8.8275000E+1	6.0782006E+1	6.0424602E+1	0.0000000E+0	0.0000000E+0	1.0000000E+2	0.0000000E+0
8.8325000E+1	6.0794053E+1	6.0432281E+1	0.0000000E+0	0.0000000E+0	1.0000000E+2	0.0000000E+0
8.8375000E+1	6.0796014E+1	6.0433871E+1	0.0000000E+0	0.0000000E+0	1.0000000E+2	0.0000000E+0
8.8425000E+1	6.0804288E+1	6.0430552E+1	0.0000000E+0	0.0000000E+0	1.0000000E+2	0.0000000E+0
8.8475000E+1	6.0810353E+1	6.0438914E+1	0.0000000E+0	0.0000000E+0	1.0000000E+2	0.0000000E+0
8.8525000E+1	6.0797226E+1	6.0419618E+1	0.0000000E+0	0.0000000E+0	1.0000000E+2	0.0000000E+0
8.8575000E+1	6.0807543E+1	6.0421825E+1	0.0000000E+0	0.0000000E+0	1.0000000E+2	0.0000000E+0
8.8625000E+1	6.0825538E+1	6.0430112E+1	0.0000000E+0	0.0000000E+0	1.0000000E+2	0.0000000E+0
8.8675000E+1	6.0825316E+1	6.0419449E+1	0.0000000E+0	0.0000000E+0	1.0000000E+2	0.0000000E+0
8.8726000E+1	6.0833852E+1	6.0416854E+1	0.0000000E+0	0.0000000E+0	1.0000000E+2	0.0000000E+0
8.8776000E+1	6.0847401E+1	6.0423379E+1	0.0000000E+0	0.0000000E+0	1.0000000E+2	0.0000000E+0
8.8826000E+1	6.0848687E+1	6.0427943E+1	0.0000000E+0	0.0000000E+0	1.0000000E+2	0.0000000E+0
8.8876000E+1	6.0839352E+1	6.0417471E+1	0.0000000E+0	0.0000000E+0	1.0000000E+2	0.0000000E+0
8.8926000E+1	6.0851588E+1	6.0424798E+1	0.0000000E+0	0.0000000E+0	1.0000000E+2	0.0000000E+0
8.8976000E+1	6.0837284E+1	6.0419438E+1	0.0000000E+0	0.0000000E+0	1.0000000E+2	0.0000000E+0
8.9026000E+1	6.0857258E+1	6.0434596E+1	0.0000000E+0	0.0000000E+0	1.0000000E+2	0.0000000E+0
8.9076000E+1	6.0847293E+1	6.0422941E+1	0.0000000E+0	0.0000000E+0	1.0000000E+2	0.0000000E+0
8.9127000E+1	6.0843090E+1	6.0423714E+1	0.0000000E+0	0.0000000E+0	1.0000000E+2	0.0000000E+0
8.9178000E+1	6.0857498E+1	6.0407947E+1	0.0000000E+0	0.0000000E+0	1.0000000E+2	0.0000000E+0
8.9228000E+1	6.0868899E+1	6.0416482E+1	0.0000000E+0	0.0000000E+0	1.0000000E+2	0.0000000E+0
8.9278000E+1	6.0912660E+1	6.0432337E+1	0.0000000E+0	0.0000000E+0	1.0000000E+2	0.0000000E+0
8.9328000E+1	6.0902956E+1	6.0424766E+1	0.0000000E+0	0.0000000E+0	1.0000000E+2	0.0000000E+0
8.9378000E+1	6.0892295E+1	6.0426716E+1	0.0000000E+0	0.0000000E+0	1.0000000E+2	0.0000000E+0
8.9428000E+1	6.0902664E+1	6.0433287E+1	0.0000000E+0	0.0000000E+0	1.0000000E+2	0.0000000E+0
8.9479000E+1	6.0899435E+1	6.0437216E+1	0.0000000E+0	0.0000000E+0	1.0000000E+2	0.0000000E+0
8.9530000E+1	6.0896398E+1	6.0439125E+1	0.0000000E+0	0.0000000E+0	1.0000000E+2	0.0000000E+0
8.9581000E+1	6.0881677E+1	6.0430148E+1	0.0000000E+0	0.0000000E+0	1.0000000E+2	0.0000000E+0
8.9631000E+1	6.0890862E+1	6.0423916E+1	0.0000000E+0	0.0000000E+0	1.0000000E+2	0.0000000E+0
8.9682000E+1	6.0903035E+1	6.0435244E+1	0.0000000E+0	0.0000000E+0	1.0000000E+2	0.0000000E+0
8.9732000E+1	6.0911449E+1	6.0436523E+1	0.0000000E+0	0.0000000E+0	1.0000000E+2	0.0000000E+0
8.9782000E+1	6.0929341E+1	6.0439327E+1	0.0000000E+0	0.0000000E+0	1.0000000E+2	0.0000000E+0
8.9833000E+1	6.0938044E+1	6.0437331E+1	0.0000000E+0	0.0000000E+0	1.0000000E+2	0.0000000E+0
8.9884000E+1	6.0930517E+1	6.0437221E+1	0.0000000E+0	0.0000000E+0	1.0000000E+2	0.0000000E+0
8.9934000E+1	6.0948963E+1	6.0436944E+1	0.0000000E+0	0.0000000E+0	1.0000000E+2	0.0000000E+0
8.9984000E+1	6.0927755E+1	6.0427025E+1	0.0000000E+0	0.0000000E+0	1.0000000E+2	0.0000000E+0
9.0034000E+1	6.0930647E+1	6.0433079E+1	0.0000000E+0	0.0000000E+0	1.0000000E+2	0.0000000E+0
9.0084000E+1	6.0939825E+1	6.0443738E+1	0.0000000E+0	0.0000000E+0	1.0000000E+2	0.0000000E+0
9.0134000E+1	6.0966781E+1	6.0446135E+1	0.0000000E+0	0.0000000E+0	1.0000000E+2	0.0000000E+0
9.0184000E+1	6.0960585E+1	6.0442291E+1	0.0000000E+0	0.0000000E+0	1.0000000E+2	0.0000000E+0
9.0234000E+1	6.0988019E+1	6.0446185E+1	0.0000000E+0	0.0000000E+0	1.0000000E+2	0.0000000E+0
9.0284000E+1	6.0990176E+1	6.0443041E+1	0.0000000E+0	0.0000000E+0	1.0000000E+2	0.0000000E+0
9.0335000E+1	6.1000181E+1	6.0443098E+1	0.0000000E+0	0.0000000E+0	1.0000000E+2	0.0000000E+0
9.0385000E+1	6.1002451E+1	6.0438382E+1	0.0000000E+0	0.0000000E+0	1.0000000E+2	0.0000000E+0
9.0435000E+1	6.0993540E+1	6.0440191E+1	0.0000000E+0	0.0000000E+0	1.0000000E+2	0.0000000E+0
9.0485000E+1	6.1011101E+1	6.0448809E+1	0.0000000E+0	0.0000000E+0	1.0000000E+2	0.0000000E+0
9.0537000E+1	6.1017065E+1	6.0450249E+1	0.0000000E+0	0.0000000E+0	1.0000000E+2	0.0000000E+0
9.0587000E+1	6.1020380E+1	6.0447874E+1	0.0000000E+0	0.0000000E+0	1.0000000E+2	0.0000000E+0
9.0638000E+1	6.1012381E+1	6.0439092E+1	0.0000000E+0	0.0000000E+0	1.0000000E+2	0.0000000E+0
9.0688000E+1	6.1009479E+1	6.0440376E+1	0.0000000E+0	0.0000000E+0	1.0000000E+2	0.0000000E+0
9.0738000E+1	6.1018527E+1	6.0446529E+1	0.0000000E+0	0.0000000E+0	1.0000000E+2	0.0000000E+0
9.0788000E+1	6.1012820E+1	6.0450792E+1	0.0000000E+0	0.0000000E+0	1.0000000E+2	0.0000000E+0
9.0839000E+1	6.0998995E+1	6.0450110E+1	0.0000000E+0	0.0000000E+0	1.0000000E+2	0.0000000E+0
9.0891000E+1	6.0990126E+1	6.0458936E+1	0.0000000E+0	0.0000000E+0	1.0000000E+2	0.0000000E+0
9.0941000E+1	6.0991986E+1	6.0460369E+1	0.0000000E+0	0.0000000E+0	1.0000000E+2	0.0000000E+0
9.0992000E+1	6.0993951E+1	6.0455370E+1	0.0000000E+0	0.0000000E+0	1.0000000E+2	0.0000000E+0
9.1042000E+1	6.0988054E+1	6.0455602E+1	0.0000000E+0	0.0000000E+0	1.0000000E+2	0.0000000E+0
9.1092000E+1	6.0986839E+1	6.0454130E+1	0.0000000E+0	0.0000000E+0	1.0000000E+2	0.0000000E+0
9.1142000E+1	6.0965162E+1	6.0434540E+1	0.0000000E+0	0.0000000E+0	1.0000000E+2	0.0000000E+0
9.1192000E+1	6.1000294E+1	6.0448293E+1	0.0000000E+0	0.0000000E+0	1.0000000E+2	0.0000000E+0
9.1242000E+1	6.0995797E+1	6.0439827E+1	0.0000000E+0	0.0000000E+0	1.0000000E+2	0.0000000E+0
9.1293000E+1	6.1012180E+1	6.0452768E+1	0.0000000E+0	0.0000000E+0	1.0000000E+2	0.0000000E+0
9.1343000E+1	6.1020946E+1	6.0463771E+1	0.0000000E+0	0.0000000E+0	1.0000000E+2	0.0000000E+0
9.1394000E+1	6.1011494E+1	6.0450125E+1	0.0000000E+0	0.0000000E+0	1.0000000E+2	0.0000000E+0
9.1445000E+1	6.1012923E+1	6.0448420E+1	0.0000000E+0	0.0000000E+0	1.0000000E+2	0.0000000E+0
9.1496000E+1	6.1016826E+1	6.0452758E+1	0.0000000E+0	0.0000000E+0	1.0000000E+2	0.0000000E+0
9.1546000E+1	6.1028292E+1	6.0458079E+1	0.0000000E+0	0.0000000E+0	1.0000000E+2	0.0000000E+0
9.1597000E+1	6.1018487E+1	6.0446185E+1	0.0000000E+0	0.0000000E+0	1.0000000E+2	0.0000000E+0
9.1649000E+1	6.1023219E+1	6.0453959E+1	0.0000000E+0	0.0000000E+0	1.0000000E+2	0.0000000E+0
9.1699000E+1	6.1026098E+1	6.0443574E+1	0.0000000E+0	0.0000000E+0	1.0000000E+2	0.0000000E+0
9.1749000E+1	6.1031196E+1	6.0444461E+1	0.0000000E+0	0.0000000E+0	1.0000000E+2	0.0000000E+0
9.1799000E+1	6.1040814E+1	6.0446100E+1	0.0000000E+0	0.0000000E+0	1.0000000E+2	0.0000000E+0
9.1849000E+1	6.1037049E+1	6.0435884E+1	0.0000000E+0	0.0000000E+0	1.0000000E+2	0.0000000E+0
9.1899000E+1	6.1043420E+1	6.0446870E+1	0.0000000E+0	0.0000000E+0	1.0000000E+2	0.0000000E+0
9.1949000E+1	6.1052683E+1	6.0458592E+1	0.0000000E+0	0.0000000E+0	1.0000000E+2	0.0000000E+0
9.1999000E+1	6.1057426E+1	6.0453379E+1	0.0000000E+0	0.0000000E+0	1.0000000E+2	0.0000000E+0
9.2050000E+1	6.1047835E+1	6.0454422E+1	0.0000000E+0	0.0000000E+0	1.0000000E+2	0.0000000E+0
9.2100000E+1	6.1055458E+1	6.0449416E+1	0.0000000E+0	0.0000000E+0	1.0000000E+2	0.0000000E+0
9.2151000E+1	6.1053122E+1	6.0445771E+1	0.0000000E+0	0.0000000E+0	1.0000000E+2	0.0000000E+0
9.2201000E+1	6.1057151E+1	6.0442404E+1	0.0000000E+0	0.0000000E+0	1.0000000E+2	0.0000000E+0
9.2251000E+1	6.1075304E+1	6.0449497E+1	0.0000000E+0	0.0000000E+0	1.0000000E+2	0.0000000E+0
9.2302000E+1	6.1091251E+1	6.0448192E+1	0.0000000E+0	0.0000000E+0	1.0000000E+2	0.0000000E+0
9.2352000E+1	6.1107994E+1	6.0452533E+1	0.0000000E+0	0.0000000E+0	1.0000000E+2	0.0000000E+0
9.2402000E+1	6.1114571E+1	6.0449005E+1	0.0000000E+0	0.0000000E+0	1.0000000E+2	0.0000000E+0
9.2453000E+1	6.1131258E+1	6.0450844E+1	0.0000000E+0	0.0000000E+0	1.0000000E+2	0.0000000E+0
9.2503000E+1	6.1128817E+1	6.0442893E+1	0.0000000E+0	0.0000000E+0	1.0000000E+2	0.0000000E+0
9.2553000E+1	6.1139191E+1	6.0447728E+1	0.0000000E+0	0.0000000E+0	1.0000000E+2	0.0000000E+0
9.2603000E+1	6.1141983E+1	6.0442486E+1	0.0000000E+0	0.0000000E+0	1.0000000E+2	0.0000000E+0
9.2653000E+1	6.1143796E+1	6.0438141E+1	0.0000000E+0	0.0000000E+0	1.0000000E+2	0.0000000E+0
9.2703000E+1	6.1169322E+1	6.0453482E+1	0.0000000E+0	0.0000000E+0	1.0000000E+2	0.0000000E+0
9.2754000E+1	6.1170615E+1	6.0471848E+1	0.0000000E+0	0.0000000E+0	1.0000000E+2	0.0000000E+0
9.2805000E+1	6.1193750E+1	6.0479467E+1	0.0000000E+0	0.0000000E+0	1.0000000E+2	0.0000000E+0
9.2856000E+1	6.1191146E+1	6.0467510E+1	0.0000000E+0	0.0000000E+0	1.0000000E+2	0.0000000E+0
9.2906000E+1	6.1193784E+1	6.0469239E+1	0.0000000E+0	0.0000000E+0	1.0000000E+2	0.0000000E+0
9.2957000E+1	6.1207511E+1	6.0470411E+1	0.0000000E+0	0.0000000E+0	1.0000000E+2	0.0000000E+0
9.3007000E+1	6.1236211E+1	6.0472887E+1	0.0000000E+0	0.0000000E+0	1.0000000E+2	0.0000000E+0
9.3057000E+1	6.1238076E+1	6.0472605E+1	0.0000000E+0	0.0000000E+0	1.0000000E+2	0.0000000E+0
9.3108000E+1	6.1244208E+1	6.0471376E+1	0.0000000E+0	0.0000000E+0	1.0000000E+2	0.0000000E+0
9.3158000E+1	6.1249565E+1	6.0476631E+1	0.0000000E+0	0.0000000E+0	1.0000000E+2	0.0000000E+0
9.3208000E+1	6.1248866E+1	6.0460986E+1	0.0000000E+0	0.0000000E+0	1.0000000E+2	0.0000000E+0
9.3258000E+1	6.1248724E+1	6.0468313E+1	0.0000000E+0	0.0000000E+0	1.0000000E+2	0.0000000E+0
9.3308000E+1	6.1248836E+1	6.0468417E+1	0.0000000E+0	0.0000000E+0	1.0000000E+2	0.0000000E+0
9.3358000E+1	6.1250111E+1	6.0470107E+1	0.0000000E+0	0.0000000E+0	1.0000000E+2	0.0000000E+0
9.3408000E+1	6.1263718E+1	6.0462651E+1	0.0000000E+0	0.0000000E+0	1.0000000E+2	0.0000000E+0
9.3458000E+1	6.1275632E+1	6.0465343E+1	0.0000000E+0	0.0000000E+0	1.0000000E+2	0.0000000E+0
9.3508000E+1	6.1298234E+1	6.0468007E+1	0.0000000E+0	0.0000000E+0	1.0000000E+2	0.0000000E+0
9.3558000E+1	6.1311674E+1	6.0476985E+1	0.0000000E+0	0.0000000E+0	1.0000000E+2	0.0000000E+0
9.3608000E+1	6.1335470E+1	6.0485078E+1	0.0000000E+0	0.0000000E+0	1.0000000E+2	0.0000000E+0
9.3658000E+1	6.1330014E+1	6.0465189E+1	0.0000000E+0	0.0000000E+0	1.0000000E+2	0.0000000E+0
9.3708000E+1	6.1333422E+1	6.0465865E+1	0.0000000E+0	0.0000000E+0	1.0000000E+2	0.0000000E+0
9.3758000E+1	6.1344476E+1	6.0464992E+1	0.0000000E+0	0.0000000E+0	1.0000000E+2	0.0000000E+0
9.3808000E+1	6.1347256E+1	6.0455415E+1	0.0000000E+0	0.0000000E+0	1.0000000E+2	0.0000000E+0
9.3858000E+1	6.1368014E+1	6.0465330E+1	0.0000000E+0	0.0000000E+0	1.0000000E+2	0.0000000E+0
9.3909000E+1	6.1376929E+1	6.0463234E+1	0.0000000E+0	0.0000000E+0	1.0000000E+2	0.0000000E+0
9.3959000E+1	6.1373652E+1	6.0467522E+1	0.0000000E+0	0.0000000E+0	1.0000000E+2	0.0000000E+0
9.4009000E+1	6.1374579E+1	6.0466306E+1	0.0000000E+0	0.0000000E+0	1.0000000E+2	0.0000000E+0
9.4059000E+1	6.1371072E+1	6.0464483E+1	0.0000000E+0	0.0000000E+0	1.0000000E+2	0.0000000E+0
9.4109000E+1	6.1363185E+1	6.0448420E+1	0.0000000E+0	0.0000000E+0	1.0000000E+2	0.0000000E+0
9.4160000E+1	6.1365628E+1	6.0457101E+1	0.0000000E+0	0.0000000E+0	1.0000000E+2	0.0000000E+0
9.4210000E+1	6.1368808E+1	6.0458767E+1	0.0000000E+0	0.0000000E+0	1.0000000E+2	0.0000000E+0
9.4260000E+1	6.1365187E+1	6.0461320E+1	0.0000000E+0	0.0000000E+0	1.0000000E+2	0.0000000E+0
9.4311000E+1	6.1369369E+1	6.0454782E+1	0.0000000E+0	0.0000000E+0	1.0000000E+2	0.0000000E+0
9.4361000E+1	6.1354711E+1	6.0449494E+1	0.0000000E+0	0.0000000E+0	1.0000000E+2	0.0000000E+0
9.4411000E+1	6.1356212E+1	6.0445112E+1	0.0000000E+0	0.0000000E+0	1.0000000E+2	0.0000000E+0
9.4462000E+1	6.1338733E+1	6.0431237E+1	0.0000000E+0	0.0000000E+0	1.0000000E+2	0.0000000E+0
9.4513000E+1	6.1347956E+1	6.0426343E+1	0.0000000E+0	0.0000000E+0	1.0000000E+2	0.0000000E+0
9.4564000E+1	6.1362991E+1	6.0435063E+1	0.0000000E+0	0.0000000E+0	1.0000000E+2	0.0000000E+0
9.4614000E+1	6.1368032E+1	6.0421933E+1	0.0000000E+0	0.0000000E+0	1.0000000E+2	0.0000000E+0
9.4665000E+1	6.1377546E+1	6.0419762E+1	0.0000000E+0	0.0000000E+0	1.0000000E+2	0.0000000E+0
9.4716000E+1	6.1381738E+1	6.0428739E+1	0.0000000E+0	0.0000000E+0	1.0000000E+2	0.0000000E+0
9.4766000E+1	6.1363785E+1	6.0400001E+1	0.0000000E+0	0.0000000E+0	1.0000000E+2	0.0000000E+0
9.4816000E+1	6.1378545E+1	6.0411316E+1	0.0000000E+0	0.0000000E+0	1.0000000E+2	0.0000000E+0
9.4866000E+1	6.1369551E+1	6.0403896E+1	0.0000000E+0	0.0000000E+0	1.0000000E+2	0.0000000E+0
9.4916000E+1	6.1368299E+1	6.0403321E+1	0.0000000E+0	0.0000000E+0	1.0000000E+2	0.0000000E+0
9.4966000E+1	6.1352254E+1	6.0397513E+1	0.0000000E+0	0.0000000E+0	1.0000000E+2	0.0000000E+0
9.5016000E+1	6.1347011E+1	6.0397672E+1	0.0000000E+0	0.0000000E+0	1.0000000E+2	0.0000000E+0
9.5066000E+1	6.1349906E+1	6.0401657E+1	0.0000000E+0	0.0000000E+0	1.0000000E+2	0.0000000E+0
9.5116000E+1	6.1347472E+1	6.0401449E+1	0.0000000E+0	0.0000000E+0	1.0000000E+2	0.0000000E+0
9.5166000E+1	6.1345707E+1	6.0404409E+1	0.0000000E+0	0.0000000E+0	1.0000000E+2	0.0000000E+0
9.5216000E+1	6.1342875E+1	6.0398593E+1	0.0000000E+0	0.0000000E+0	1.0000000E+2	0.0000000E+0
9.5266000E+1	6.1361691E+1	6.0405812E+1	0.0000000E+0	0.0000000E+0	1.0000000E+2	0.0000000E+0
9.5316000E+1	6.1369346E+1	6.0401412E+1	0.0000000E+0	0.0000000E+0	1.0000000E+2	0.0000000E+0
9.5366000E+1	6.1349362E+1	6.0384383E+1	0.0000000E+0	0.0000000E+0	1.0000000E+2	0.0000000E+0
9.5416000E+1	6.1351576E+1	6.0383885E+1	0.0000000E+0	0.0000000E+0	1.0000000E+2	0.0000000E+0
9.5467000E+1	6.1349783E+1	6.0395881E+1	0.0000000E+0	0.0000000E+0	1.0000000E+2	0.0000000E+0
9.5517000E+1	6.1352127E+1	6.0389147E+1	0.0000000E+0	0.0000000E+0	1.0000000E+2	0.0000000E+0
9.5568000E+1	6.1361621E+1	6.0392771E+1	0.0000000E+0	0.0000000E+0	1.0000000E+2	0.0000000E+0
9.5619000E+1	6.1361719E+1	6.0396114E+1	0.0000000E+0	0.0000000E+0	1.0000000E+2	0.0000000E+0
9.5670000E+1	6.1358166E+1	6.0387716E+1	0.0000000E+0	0.0000000E+0	1.0000000E+2	0.0000000E+0
9.5720000E+1	6.1365199E+1	6.0387563E+1	0.0000000E+0	0.0000000E+0	1.0000000E+2	0.0000000E+0
9.5771000E+1	6.1353541E+1	6.0393050E+1	0.0000000E+0	0.0000000E+0	1.0000000E+2	0.0000000E+0
9.5821000E+1	6.1337011E+1	6.0384606E+1	0.0000000E+0	0.0000000E+0	1.0000000E+2	0.0000000E+0
9.5871000E+1	6.1342521E+1	6.0390797E+1	0.0000000E+0	0.0000000E+0	1.0000000E+2	0.0000000E+0
9.5921000E+1	6.1332270E+1	6.0380595E+1	0.0000000E+0	0.0000000E+0	1.0000000E+2	0.0000000E+0
9.5971000E+1	6.1327043E+1	6.0376755E+1	0.0000000E+0	0.0000000E+0	1.0000000E+2	0.0000000E+0
9.6023000E+1	6.1334774E+1	6.0390705E+1	0.0000000E+0	0.0000000E+0	1.0000000E+2	0.0000000E+0
9.6073000E+1	6.1337757E+1	6.0395760E+1	0.0000000E+0	0.0000000E+0	1.0000000E+2	0.0000000E+0
9.6124000E+1	6.1318095E+1	6.0387043E+1	0.0000000E+0	0.0000000E+0	1.0000000E+2	0.0000000E+0
9.6174000E+1	6.1316094E+1	6.0379998E+1	0.0000000E+0	0.0000000E+0	1.0000000E+2	0.0000000E+0
9.6225000E+1	6.1330402E+1	6.0398293E+1	0.0000000E+0	0.0000000E+0	1.0000000E+2	0.0000000E+0
9.6275000E+1	6.1331502E+1	6.0389920E+1	0.0000000E+0	0.0000000E+0	1.0000000E+2	0.0000000E+0
9.6325000E+1	6.1341741E+1	6.0402271E+1	0.0000000E+0	0.0000000E+0	1.0000000E+2	0.0000000E+0
9.6375000E+1	6.1363564E+1	6.0407648E+1	0.0000000E+0	0.0000000E+0	1.0000000E+2	0.0000000E+0
9.6425000E+1	6.1375641E+1	6.0398698E+1	0.0000000E+0	0.0000000E+0	1.0000000E+2	0.0000000E+0
9.6475000E+1	6.1395738E+1	6.0412410E+1	0.0000000E+0	0.0000000E+0	1.0000000E+2	0.0000000E+0
9.6525000E+1	6.1413856E+1	6.0419529E+1	0.0000000E+0	0.0000000E+0	1.0000000E+2	0.0000000E+0
9.6575000E+1	6.1417684E+1	6.0422112E+1	0.0000000E+0	0.0000000E+0	1.0000000E+2	0.0000000E+0
9.6625000E+1	6.1424598E+1	6.0409765E+1	0.0000000E+0	0.0000000E+0	1.0000000E+2	0.0000000E+0
9.6675000E+1	6.1447110E+1	6.0416221E+1	0.0000000E+0	0.0000000E+0	1.0000000E+2	0.0000000E+0
9.6725000E+1	6.1456925E+1	6.0418904E+1	0.0000000E+0	0.0000000E+0	1.0000000E+2	0.0000000E+0
9.6775000E+1	6.1472953E+1	6.0426249E+1	0.0000000E+0	0.0000000E+0	1.0000000E+2	0.0000000E+0
9.6825000E+1	6.1473759E+1	6.0432596E+1	0.0000000E+0	0.0000000E+0	1.0000000E+2	0.0000000E+0
9.6876000E+1	6.1478177E+1	6.0423270E+1	0.0000000E+0	0.0000000E+0	1.0000000E+2	0.0000000E+0
9.6926000E+1	6.1484167E+1	6.0428898E+1	0.0000000E+0	0.0000000E+0	1.0000000E+2	0.0000000E+0
9.6976000E+1	6.1487059E+1	6.0427338E+1	0.0000000E+0	0.0000000E+0	1.0000000E+2	0.0000000E+0
9.7026000E+1	6.1477703E+1	6.0422856E+1	0.0000000E+0	0.0000000E+0	1.0000000E+2	0.0000000E+0
9.7076000E+1	6.1486712E+1	6.0425568E+1	0.0000000E+0	0.0000000E+0	1.0000000E+2	0.0000000E+0
9.7126000E+1	6.1490703E+1	6.0424934E+1	0.0000000E+0	0.0000000E+0	1.0000000E+2	0.0000000E+0
9.7176000E+1	6.1499202E+1	6.0430797E+1	0.0000000E+0	0.0000000E+0	1.0000000E+2	0.0000000E+0
9.7227000E+1	6.1501996E+1	6.0427462E+1	0.0000000E+0	0.0000000E+0	1.0000000E+2	0.0000000E+0
9.7277000E+1	6.1512554E+1	6.0421528E+1	0.0000000E+0	0.0000000E+0	1.0000000E+2	0.0000000E+0
9.7327000E+1	6.1531362E+1	6.0425151E+1	0.0000000E+0	0.0000000E+0	1.0000000E+2	0.0000000E+0
9.7377000E+1	6.1534206E+1	6.0425271E+1	0.0000000E+0	0.0000000E+0	1.0000000E+2	0.0000000E+0
9.7428000E+1	6.1545873E+1	6.0427755E+1	0.0000000E+0	0.0000000E+0	1.0000000E+2	0.0000000E+0
9.7478000E+1	6.1543116E+1	6.0424504E+1	0.0000000E+0	0.0000000E+0	1.0000000E+2	0.0000000E+0
9.7528000E+1	6.1561958E+1	6.0443888E+1	0.0000000E+0	0.0000000E+0	1.0000000E+2	0.0000000E+0
9.7579000E+1	6.1558998E+1	6.0426481E+1	0.0000000E+0	0.0000000E+0	1.0000000E+2	0.0000000E+0
9.7630000E+1	6.1563794E+1	6.0437944E+1	0.0000000E+0	0.0000000E+0	1.0000000E+2	0.0000000E+0
9.7681000E+1	6.1560998E+1	6.0445166E+1	0.0000000E+0	0.0000000E+0	1.0000000E+2	0.0000000E+0
9.7731000E+1	6.1556289E+1	6.0433795E+1	0.0000000E+0	0.0000000E+0	1.0000000E+2	0.0000000E+0
9.7782000E+1	6.1558743E+1	6.0424258E+1	0.0000000E+0	0.0000000E+0	1.0000000E+2	0.0000000E+0
9.7832000E+1	6.1583446E+1	6.0430430E+1	0.0000000E+0	0.0000000E+0	1.0000000E+2	0.0000000E+0
9.7882000E+1	6.1583396E+1	6.0439484E+1	0.0000000E+0	0.0000000E+0	1.0000000E+2	0.0000000E+0
9.7932000E+1	6.1577437E+1	6.0423277E+1	0.0000000E+0	0.0000000E+0	1.0000000E+2	0.0000000E+0
9.7982000E+1	6.1585853E+1	6.0439976E+1	0.0000000E+0	0.0000000E+0	1.0000000E+2	0.0000000E+0
9.8033000E+1	6.1587388E+1	6.0446385E+1	0.0000000E+0	0.0000000E+0	1.0000000E+2	0.0000000E+0
9.8084000E+1	6.1592237E+1	6.0442776E+1	0.0000000E+0	0.0000000E+0	1.0000000E+2	0.0000000E+0
9.8134000E+1	6.1582391E+1	6.0441450E+1	0.0000000E+0	0.0000000E+0	1.0000000E+2	0.0000000E+0
9.8185000E+1	6.1586592E+1	6.0439569E+1	0.0000000E+0	0.0000000E+0	1.0000000E+2	0.0000000E+0
9.8236000E+1	6.1594642E+1	6.0441411E+1	0.0000000E+0	0.0000000E+0	1.0000000E+2	0.0000000E+0
9.8286000E+1	6.1598207E+1	6.0437131E+1	0.0000000E+0	0.0000000E+0	1.0000000E+2	0.0000000E+0
9.8337000E+1	6.1614250E+1	6.0449190E+1	0.0000000E+0	0.0000000E+0	1.0000000E+2	0.0000000E+0
9.8388000E+1	6.1619050E+1	6.0448905E+1	0.0000000E+0	0.0000000E+0	1.0000000E+2	0.0000000E+0
9.8438000E+1	6.1616299E+1	6.0457900E+1	0.0000000E+0	0.0000000E+0	1.0000000E+2	0.0000000E+0
9.8489000E+1	6.1626259E+1	6.0458304E+1	0.0000000E+0	0.0000000E+0	1.0000000E+2	0.0000000E+0
9.8540000E+1	6.1633069E+1	6.0458173E+1	0.0000000E+0	0.0000000E+0	1.0000000E+2	0.0000000E+0
9.8590000E+1	6.1640835E+1	6.0447828E+1	0.0000000E+0	0.0000000E+0	1.0000000E+2	0.0000000E+0
9.8640000E+1	6.1661521E+1	6.0460598E+1	0.0000000E+0	0.0000000E+0	1.0000000E+2	0.0000000E+0
9.8690000E+1	6.1669682E+1	6.0457393E+1	0.0000000E+0	0.0000000E+0	1.0000000E+2	0.0000000E+0
9.8740000E+1	6.1668680E+1	6.0449747E+1	0.0000000E+0	0.0000000E+0	1.0000000E+2	0.0000000E+0
9.8791000E+1	6.1675031E+1	6.0448615E+1	0.0000000E+0	0.0000000E+0	1.0000000E+2	0.0000000E+0
9.8841000E+1	6.1680781E+1	6.0451709E+1	0.0000000E+0	0.0000000E+0	1.0000000E+2	0.0000000E+0
9.8892000E+1	6.1702671E+1	6.0463418E+1	0.0000000E+0	0.0000000E+0	1.0000000E+2	0.0000000E+0
9.8942000E+1	6.1696048E+1	6.0459692E+1	0.0000000E+0	0.0000000E+0	1.0000000E+2	0.0000000E+0
9.8992000E+1	6.1695493E+1	6.0462618E+1	0.0000000E+0	0.0000000E+0	1.0000000E+2	0.0000000E+0
9.9042000E+1	6.1688435E+1	6.0457094E+1	0.0000000E+0	0.0000000E+0	1.0000000E+2	0.0000000E+0
9.9092000E+1	6.1669147E+1	6.0444386E+1	0.0000000E+0	0.0000000E+0	1.0000000E+2	0.0000000E+0
9.9142000E+1	6.1666409E+1	6.0444542E+1	0.0000000E+0	0.0000000E+0	1.0000000E+2	0.0000000E+0
9.9192000E+1	6.1662464E+1	6.0438991E+1	0.0000000E+0	0.0000000E+0	1.0000000E+2	0.0000000E+0
9.9242000E+1	6.1669171E+1	6.0444867E+1	0.0000000E+0	0.0000000E+0	1.0000000E+2	0.0000000E+0
9.9292000E+1	6.1667470E+1	6.0448243E+1	0.0000000E+0	0.0000000E+0	1.0000000E+2	0.0000000E+0
9.9342000E+1	6.1672021E+1	6.0456539E+1	0.0000000E+0	0.0000000E+0	1.0000000E+2	0.0000000E+0
9.9392000E+1	6.1674524E+1	6.0449923E+1	0.0000000E+0	0.0000000E+0	1.0000000E+2	0.0000000E+0
9.9442000E+1	6.1693140E+1	6.0452673E+1	0.0000000E+0	0.0000000E+0	1.0000000E+2	0.0000000E+0
9.9492000E+1	6.1690932E+1	6.0450259E+1	0.0000000E+0	0.0000000E+0	1.0000000E+2	0.0000000E+0
9.9542000E+1	6.1689083E+1	6.0455168E+1	0.0000000E+0	0.0000000E+0	1.0000000E+2	0.0000000E+0
9.9593000E+1	6.1694778E+1	6.0452302E+1	0.0000000E+0	0.0000000E+0	1.0000000E+2	0.0000000E+0
9.9644000E+1	6.1708170E+1	6.0452565E+1	0.0000000E+0	0.0000000E+0	1.0000000E+2	0.0000000E+0
9.9696000E+1	6.1714854E+1	6.0448884E+1	0.0000000E+0	0.0000000E+0	1.0000000E+2	0.0000000E+0
9.9746000E+1	6.1712648E+1	6.0435167E+1	0.0000000E+0	0.0000000E+0	1.0000000E+2	0.0000000E+0
9.9796000E+1	6.1714509E+1	6.0437793E+1	0.0000000E+0	0.0000000E+0	1.0000000E+2	0.0000000E+0
9.9846000E+1	6.1708077E+1	6.0427487E+1	0.0000000E+0	0.0000000E+0	1.0000000E+2	0.0000000E+0
9.9897000E+1	6.1705161E+1	6.0419135E+1	0.0000000E+0	0.0000000E+0	1.0000000E+2	0.0000000E+0
9.9948000E+1	6.1697643E+1	6.0423529E+1	0.0000000E+0	0.0000000E+0	1.0000000E+2	0.0000000E+0
9.9998000E+1	6.1689076E+1	6.0424951E+1	0.0000000E+0	0.0000000E+0	1.0000000E+2	0.0000000E+0
1.0004800E+2	6.1689023E+1	6.0437560E+1	0.0000000E+0	0.0000000E+0	1.0000000E+2	0.0000000E+0
1.0009800E+2	6.1690119E+1	6.0447705E+1	0.0000000E+0	0.0000000E+0	1.0000000E+2	0.0000000E+0
1.0014900E+2	6.1695306E+1	6.0449822E+1	0.0000000E+0	0.0000000E+0	1.0000000E+2	0.0000000E+0
1.0019900E+2	6.1703345E+1	6.0450337E+1	0.0000000E+0	0.0000000E+0	1.0000000E+2	0.0000000E+0
1.0024900E+2	6.1716961E+1	6.0450263E+1	0.0000000E+0	0.0000000E+0	1.0000000E+2	0.0000000E+0
1.0030000E+2	6.1741008E+1	6.0455292E+1	0.0000000E+0	0.0000000E+0	1.0000000E+2	0.0000000E+0
1.0035100E+2	6.1748795E+1	6.0456335E+1	0.0000000E+0	0.0000000E+0	1.0000000E+2	0.0000000E+0
1.0040100E+2	6.1752773E+1	6.0463098E+1	0.0000000E+0	0.0000000E+0	1.0000000E+2	0.0000000E+0
1.0045200E+2	6.1750819E+1	6.0461545E+1	0.0000000E+0	0.0000000E+0	1.0000000E+2	0.0000000E+0
1.0050200E+2	6.1752793E+1	6.0466779E+1	0.0000000E+0	0.0000000E+0	1.0000000E+2	0.0000000E+0
1.0055200E+2	6.1762397E+1	6.0462370E+1	0.0000000E+0	0.0000000E+0	1.0000000E+2	0.0000000E+0
1.0060200E+2	6.1760963E+1	6.0455805E+1	0.0000000E+0	0.0000000E+0	1.0000000E+2	0.0000000E+0
1.0065200E+2	6.1765604E+1	6.0457186E+1	0.0000000E+0	0.0000000E+0	1.0000000E+2	0.0000000E+0
1.0070200E+2	6.1778128E+1	6.0467983E+1	0.0000000E+0	0.0000000E+0	1.0000000E+2	0.0000000E+0
1.0075300E+2	6.1783659E+1	6.0457716E+1	0.0000000E+0	0.0000000E+0	1.0000000E+2	0.0000000E+0
1.0080300E+2	6.1797204E+1	6.0482211E+1	0.0000000E+0	0.0000000E+0	1.0000000E+2	0.0000000E+0
1.0085400E+2	6.1797092E+1	6.0494258E+1	0.0000000E+0	0.0000000E+0	1.0000000E+2	0.0000000E+0
1.0090400E+2	6.1811696E+1	6.0491561E+1	0.0000000E+0	0.0000000E+0	1.0000000E+2	0.0000000E+0
1.0095400E+2	6.1819099E+1	6.0500090E+1	0.0000000E+0	0.0000000E+0	1.0000000E+2	0.0000000E+0
1.0100400E+2	6.1833873E+1	6.0508478E+1	0.0000000E+0	0.0000000E+0	1.0000000E+2	0.0000000E+0
1.0105400E+2	6.1860817E+1	6.0519603E+1	0.0000000E+0	0.0000000E+0	1.0000000E+2	0.0000000E+0
1.0110500E+2	6.1857198E+1	6.0510928E+1	0.0000000E+0	0.0000000E+0	1.0000000E+2	0.0000000E+0
1.0115600E+2	6.1873644E+1	6.0521449E+1	0.0000000E+0	0.0000000E+0	1.0000000E+2	0.0000000E+0
1.0120600E+2	6.1888423E+1	6.0521726E+1	0.0000000E+0	0.0000000E+0	1.0000000E+2	0.0000000E+0
1.0125600E+2	6.1887048E+1	6.0518017E+1	0.0000000E+0	0.0000000E+0	1.0000000E+2	0.0000000E+0
1.0130600E+2	6.1893827E+1	6.0523679E+1	0.0000000E+0	0.0000000E+0	1.0000000E+2	0.0000000E+0
1.0135600E+2	6.1896855E+1	6.0531928E+1	0.0000000E+0	0.0000000E+0	1.0000000E+2	0.0000000E+0
1.0140600E+2	6.1891349E+1	6.0523960E+1	0.0000000E+0	0.0000000E+0	1.0000000E+2	0.0000000E+0
1.0145600E+2	6.1905525E+1	6.0512759E+1	0.0000000E+0	0.0000000E+0	1.0000000E+2	0.0000000E+0
1.0150600E+2	6.1932584E+1	6.0516681E+1	0.0000000E+0	0.0000000E+0	1.0000000E+2	0.0000000E+0
1.0155600E+2	6.1946063E+1	6.0515965E+1	0.0000000E+0	0.0000000E+0	1.0000000E+2	0.0000000E+0
1.0160600E+2	6.1964839E+1	6.0517256E+1	0.0000000E+0	0.0000000E+0	1.0000000E+2	0.0000000E+0
1.0165600E+2	6.1967301E+1	6.0509385E+1	0.0000000E+0	0.0000000E+0	1.0000000E+2	0.0000000E+0
1.0170600E+2	6.1969803E+1	6.0516865E+1	0.0000000E+0	0.0000000E+0	1.0000000E+2	0.0000000E+0
1.0175600E+2	6.1979542E+1	6.0518894E+1	0.0000000E+0	0.0000000E+0	1.0000000E+2	0.0000000E+0
1.0180600E+2	6.1983904E+1	6.0513747E+1	0.0000000E+0	0.0000000E+0	1.0000000E+2	0.0000000E+0
1.0185600E+2	6.1965423E+1	6.0509344E+1	0.0000000E+0	0.0000000E+0	1.0000000E+2	0.0000000E+0
1.0190600E+2	6.1975237E+1	6.0505551E+1	0.0000000E+0	0.0000000E+0	1.0000000E+2	0.0000000E+0
1.0195600E+2	6.1975013E+1	6.0508697E+1	0.0000000E+0	0.0000000E+0	1.0000000E+2	0.0000000E+0
1.0200600E+2	6.1964563E+1	6.0490884E+1	0.0000000E+0	0.0000000E+0	1.0000000E+2	0.0000000E+0
1.0205600E+2	6.1958769E+1	6.0487830E+1	0.0000000E+0	0.0000000E+0	1.0000000E+2	0.0000000E+0
1.0210600E+2	6.1948965E+1	6.0490713E+1	0.0000000E+0	0.0000000E+0	1.0000000E+2	0.0000000E+0
1.0215600E+2	6.1941235E+1	6.0486114E+1	0.0000000E+0	0.0000000E+0	1.0000000E+2	0.0000000E+0
1.0220700E+2	6.1945645E+1	6.0499241E+1	0.0000000E+0	0.0000000E+0	1.0000000E+2	0.0000000E+0
1.0225700E+2	6.1958315E+1	6.0498198E+1	0.0000000E+0	0.0000000E+0	1.0000000E+2	0.0000000E+0
1.0230700E+2	6.1947762E+1	6.0493944E+1	0.0000000E+0	0.0000000E+0	1.0000000E+2	0.0000000E+0
1.0235700E+2	6.1930266E+1	6.0477017E+1	0.0000000E+0	0.0000000E+0	1.0000000E+2	0.0000000E+0
1.0240800E+2	6.1923400E+1	6.0481131E+1	0.0000000E+0	0.0000000E+0	1.0000000E+2	0.0000000E+0
1.0245800E+2	6.1927629E+1	6.0479839E+1	0.0000000E+0	0.0000000E+0	1.0000000E+2	0.0000000E+0
1.0250800E+2	6.1923257E+1	6.0497964E+1	0.0000000E+0	0.0000000E+0	1.0000000E+2	0.0000000E+0
1.0255800E+2	6.1923004E+1	6.0492053E+1	0.0000000E+0	0.0000000E+0	1.0000000E+2	0.0000000E+0
1.0260800E+2	6.1896646E+1	6.0475328E+1	0.0000000E+0	0.0000000E+0	1.0000000E+2	0.0000000E+0
1.0265900E+2	6.1900238E+1	6.0485126E+1	0.0000000E+0	0.0000000E+0	1.0000000E+2	0.0000000E+0
1.0270900E+2	6.1902052E+1	6.0493305E+1	0.0000000E+0	0.0000000E+0	1.0000000E+2	0.0000000E+0
1.0276000E+2	6.1895667E+1	6.0491868E+1	0.0000000E+0	0.0000000E+0	1.0000000E+2	0.0000000E+0
1.0281000E+2	6.1876244E+1	6.0485884E+1	0.0000000E+0	0.0000000E+0	1.0000000E+2	0.0000000E+0
1.0286000E+2	6.1882075E+1	6.0481131E+1	0.0000000E+0	0.0000000E+0	1.0000000E+2	0.0000000E+0
1.0291000E+2	6.1872969E+1	6.0481807E+1	0.0000000E+0	0.0000000E+0	1.0000000E+2	0.0000000E+0
1.0296000E+2	6.1868229E+1	6.0474695E+1	0.0000000E+0	0.0000000E+0	1.0000000E+2	0.0000000E+0
1.0301000E+2	6.1889470E+1	6.0482779E+1	0.0000000E+0	0.0000000E+0	1.0000000E+2	0.0000000E+0
1.0306000E+2	6.1897741E+1	6.0467968E+1	0.0000000E+0	0.0000000E+0	1.0000000E+2	0.0000000E+0
1.0311100E+2	6.1904987E+1	6.0471266E+1	0.0000000E+0	0.0000000E+0	1.0000000E+2	0.0000000E+0
1.0316200E+2	6.1911232E+1	6.0469798E+1	0.0000000E+0	0.0000000E+0	1.0000000E+2	0.0000000E+0
1.0321300E+2	6.1902976E+1	6.0466541E+1	0.0000000E+0	0.0000000E+0	1.0000000E+2	0.0000000E+0
1.0326400E+2	6.1896648E+1	6.0459937E+1	0.0000000E+0	0.0000000E+0	1.0000000E+2	0.0000000E+0
1.0331400E+2	6.1889798E+1	6.0466581E+1	0.0000000E+0	0.0000000E+0	1.0000000E+2	0.0000000E+0
1.0336400E+2	6.1898552E+1	6.0477245E+1	0.0000000E+0	0.0000000E+0	1.0000000E+2	0.0000000E+0
1.0341500E+2	6.1901242E+1	6.0474931E+1	0.0000000E+0	0.0000000E+0	1.0000000E+2	0.0000000E+0
1.0346600E+2	6.1912386E+1	6.0481830E+1	0.0000000E+0	0.0000000E+0	1.0000000E+2	0.0000000E+0
1.0351600E+2	6.1908869E+1	6.0474206E+1	0.0000000E+0	0.0000000E+0	1.0000000E+2	0.0000000E+0
1.0356600E+2	6.1912653E+1	6.0469234E+1	0.0000000E+0	0.0000000E+0	1.0000000E+2	0.0000000E+0
1.0361700E+2	6.1911236E+1	6.0476111E+1	0.0000000E+0	0.0000000E+0	1.0000000E+2	0.0000000E+0
1.0366700E+2	6.1910192E+1	6.0477273E+1	0.0000000E+0	0.0000000E+0	1.0000000E+2	0.0000000E+0
1.0371700E+2	6.1905045E+1	6.0476760E+1	0.0000000E+0	0.0000000E+0	1.0000000E+2	0.0000000E+0
1.0376800E+2	6.1908750E+1	6.0480716E+1	0.0000000E+0	0.0000000E+0	1.0000000E+2	0.0000000E+0
1.0381800E+2	6.1898642E+1	6.0469567E+1	0.0000000E+0	0.0000000E+0	1.0000000E+2	0.0000000E+0
1.0386800E+2	6.1895762E+1	6.0468845E+1	0.0000000E+0	0.0000000E+0	1.0000000E+2	0.0000000E+0
1.0391900E+2	6.1889403E+1	6.0465930E+1	0.0000000E+0	0.0000000E+0	1.0000000E+2	0.0000000E+0
1.0396900E+2	6.1874704E+1	6.0461134E+1	0.0000000E+0	0.0000000E+0	1.0000000E+2	0.0000000E+0
1.0401900E+2	6.1865033E+1	6.0461863E+1	0.0000000E+0	0.0000000E+0	1.0000000E+2	0.0000000E+0
1.0406900E+2	6.1864509E+1	6.0480468E+1	0.0000000E+0	0.0000000E+0	1.0000000E+2	0.0000000E+0
1.0411900E+2	6.1840675E+1	6.0473690E+1	0.0000000E+0	0.0000000E+0	1.0000000E+2	0.0000000E+0
1.0416900E+2	6.1837170E+1	6.0480494E+1	0.0000000E+0	0.0000000E+0	1.0000000E+2	0.0000000E+0
1.0421900E+2	6.1823188E+1	6.0479115E+1	0.0000000E+0	0.0000000E+0	1.0000000E+2	0.0000000E+0
1.0427000E+2	6.1818161E+1	6.0466485E+1	0.0000000E+0	0.0000000E+0	1.0000000E+2	0.0000000E+0
1.0432000E+2	6.1822473E+1	6.0471956E+1	0.0000000E+0	0.0000000E+0	1.0000000E+2	0.0000000E+0
1.0437000E+2	6.1818426E+1	6.0470720E+1	0.0000000E+0	0.0000000E+0	1.0000000E+2	0.0000000E+0
1.0442100E+2	6.1824770E+1	6.0480149E+1	0.0000000E+0	0.0000000E+0	1.0000000E+2	0.0000000E+0
1.0447200E+2	6.1827277E+1	6.0479478E+1	0.0000000E+0	0.0000000E+0	1.0000000E+2	0.0000000E+0
1.0452200E+2	6.1815349E+1	6.0470606E+1	0.0000000E+0	0.0000000E+0	1.0000000E+2	0.0000000E+0
1.0457200E+2	6.1818794E+1	6.0479417E+1	0.0000000E+0	0.0000000E+0	1.0000000E+2	0.0000000E+0
1.0462200E+2	6.1817156E+1	6.0479466E+1	0.0000000E+0	0.0000000E+0	1.0000000E+2	0.0000000E+0
1.0467300E+2	6.1822402E+1	6.0486769E+1	0.0000000E+0	0.0000000E+0	1.0000000E+2	0.0000000E+0
1.0472300E+2	6.1809553E+1	6.0472149E+1	0.0000000E+0	0.0000000E+0	1.0000000E+2	0.0000000E+0
1.0477300E+2	6.1813086E+1	6.0469955E+1	0.0000000E+0	0.0000000E+0	1.0000000E+2	0.0000000E+0
1.0482300E+2	6.1820051E+1	6.0485378E+1	0.0000000E+0	0.0000000E+0	1.0000000E+2	0.0000000E+0
1.0487300E+2	6.1816448E+1	6.0483154E+1	0.0000000E+0	0.0000000E+0	1.0000000E+2	0.0000000E+0
1.0492300E+2	6.1809314E+1	6.0478170E+1	0.0000000E+0	0.0000000E+0	1.0000000E+2	0.0000000E+0
1.0497300E+2	6.1817160E+1	6.0481640E+1	0.0000000E+0	0.0000000E+0	1.0000000E+2	0.0000000E+0
1.0502300E+2	6.1821648E+1	6.0487502E+1	0.0000000E+0	0.0000000E+0	1.0000000E+2	0.0000000E+0
1.0507300E+2	6.1830551E+1	6.0490458E+1	0.0000000E+0	0.0000000E+0	1.0000000E+2	0.0000000E+0
1.0512300E+2	6.1811944E+1	6.0471506E+1	0.0000000E+0	0.0000000E+0	1.0000000E+2	0.0000000E+0
1.0517400E+2	6.1824529E+1	6.0483109E+1	0.0000000E+0	0.0000000E+0	1.0000000E+2	0.0000000E+0
1.0522400E+2	6.1817896E+1	6.0478011E+1	0.0000000E+0	0.0000000E+0	1.0000000E+2	0.0000000E+0
1.0527500E+2	6.1826172E+1	6.0478769E+1	0.0000000E+0	0.0000000E+0	1.0000000E+2	0.0000000E+0
1.0532600E+2	6.1818555E+1	6.0474690E+1	0.0000000E+0	0.0000000E+0	1.0000000E+2	0.0000000E+0
1.0537700E+2	6.1817187E+1	6.0486488E+1	0.0000000E+0	0.0000000E+0	1.0000000E+2	0.0000000E+0
1.0542700E+2	6.1807735E+1	6.0495854E+1	0.0000000E+0	0.0000000E+0	1.0000000E+2	0.0000000E+0
1.0547800E+2	6.1799711E+1	6.0484184E+1	0.0000000E+0	0.0000000E+0	1.0000000E+2	0.0000000E+0
1.0552800E+2	6.1788342E+1	6.0481804E+1	0.0000000E+0	0.0000000E+0	1.0000000E+2	0.0000000E+0
1.0557800E+2	6.1779917E+1	6.0478873E+1	0.0000000E+0	0.0000000E+0	1.0000000E+2	0.0000000E+0
1.0562800E+2	6.1786978E+1	6.0478512E+1	0.0000000E+0	0.0000000E+0	1.0000000E+2	0.0000000E+0
1.0567800E+2	6.1779595E+1	6.0474803E+1	0.0000000E+0	0.0000000E+0	1.0000000E+2	0.0000000E+0
1.0572900E+2	6.1797393E+1	6.0478902E+1	0.0000000E+0	0.0000000E+0	1.0000000E+2	0.0000000E+0
1.0578000E+2	6.1800931E+1	6.0476856E+1	0.0000000E+0	0.0000000E+0	1.0000000E+2	0.0000000E+0
1.0583100E+2	6.1814754E+1	6.0483717E+1	0.0000000E+0	0.0000000E+0	1.0000000E+2	0.0000000E+0
1.0588100E+2	6.1811508E+1	6.0492394E+1	0.0000000E+0	0.0000000E+0	1.0000000E+2	0.0000000E+0
1.0593100E+2	6.1818905E+1	6.0488912E+1	0.0000000E+0	0.0000000E+0	1.0000000E+2	0.0000000E+0
1.0598200E+2	6.1806658E+1	6.0488605E+1	0.0000000E+0	0.0000000E+0	1.0000000E+2	0.0000000E+0
1.0603200E+2	6.1811337E+1	6.0485924E+1	0.0000000E+0	0.0000000E+0	1.0000000E+2	0.0000000E+0
1.0608200E+2	6.1801026E+1	6.0468974E+1	0.0000000E+0	0.0000000E+0	1.0000000E+2	0.0000000E+0
1.0613200E+2	6.1812134E+1	6.0487043E+1	0.0000000E+0	0.0000000E+0	1.0000000E+2	0.0000000E+0
1.0618200E+2	6.1814425E+1	6.0487762E+1	0.0000000E+0	0.0000000E+0	1.0000000E+2	0.0000000E+0
1.0623200E+2	6.1815817E+1	6.0484482E+1	0.0000000E+0	0.0000000E+0	1.0000000E+2	0.0000000E+0
1.0628200E+2	6.1811657E+1	6.0478651E+1	0.0000000E+0	0.0000000E+0	1.0000000E+2	0.0000000E+0
1.0633200E+2	6.1801210E+1	6.0462392E+1	0.0000000E+0	0.0000000E+0	1.0000000E+2	0.0000000E+0
1.0638200E+2	6.1814285E+1	6.0472279E+1	0.0000000E+0	0.0000000E+0	1.0000000E+2	0.0000000E+0
1.0643300E+2	6.1804465E+1	6.0468056E+1	0.0000000E+0	0.0000000E+0	1.0000000E+2	0.0000000E+0
1.0648400E+2	6.1810520E+1	6.0468907E+1	0.0000000E+0	0.0000000E+0	1.0000000E+2	0.0000000E+0
1.0653400E+2	6.1791864E+1	6.0462133E+1	0.0000000E+0	0.0000000E+0	1.0000000E+2	0.0000000E+0
1.0658400E+2	6.1774215E+1	6.0463489E+1	0.0000000E+0	0.0000000E+0	1.0000000E+2	0.0000000E+0
1.0663400E+2	6.1790279E+1	6.0480323E+1	0.0000000E+0	0.0000000E+0	1.0000000E+2	0.0000000E+0
1.0668500E+2	6.1791890E+1	6.0486895E+1	0.0000000E+0	0.0000000E+0	1.0000000E+2	0.0000000E+0
1.0673600E+2	6.1787914E+1	6.0486852E+1	0.0000000E+0	0.0000000E+0	1.0000000E+2	0.0000000E+0
1.0678600E+2	6.1783043E+1	6.0486780E+1	0.0000000E+0	0.0000000E+0	1.0000000E+2	0.0000000E+0
1.0683600E+2	6.1782645E+1	6.0480971E+1	0.0000000E+0	0.0000000E+0	1.0000000E+2	0.0000000E+0
1.0688700E+2	6.1773875E+1	6.0470488E+1	0.0000000E+0	0.0000000E+0	1.0000000E+2	0.0000000E+0
1.0693700E+2	6.1782985E+1	6.0480603E+1	0.0000000E+0	0.0000000E+0	1.0000000E+2	0.0000000E+0
1.0698700E+2	6.1780371E+1	6.0486335E+1	0.0000000E+0	0.0000000E+0	1.0000000E+2	0.0000000E+0
1.0703700E+2	6.1774686E+1	6.0480804E+1	0.0000000E+0	0.0000000E+0	1.0000000E+2	0.0000000E+0
1.0708800E+2	6.1767896E+1	6.0483539E+1	0.0000000E+0	0.0000000E+0	1.0000000E+2	0.0000000E+0
1.0713800E+2	6.1778738E+1	6.0481030E+1	0.0000000E+0	0.0000000E+0	1.0000000E+2	0.0000000E+0
1.0718800E+2	6.1764920E+1	6.0479028E+1	0.0000000E+0	0.0000000E+0	1.0000000E+2	0.0000000E+0
1.0723800E+2	6.1754837E+1	6.0479569E+1	0.0000000E+0	0.0000000E+0	1.0000000E+2	0.0000000E+0
1.0728800E+2	6.1746633E+1	6.0480708E+1	0.0000000E+0	0.0000000E+0	1.0000000E+2	0.0000000E+0
1.0733900E+2	6.1755834E+1	6.0476616E+1	0.0000000E+0	0.0000000E+0	1.0000000E+2	0.0000000E+0
1.0738900E+2	6.1769640E+1	6.0476831E+1	0.0000000E+0	0.0000000E+0	1.0000000E+2	0.0000000E+0
1.0743900E+2	6.1770337E+1	6.0469678E+1	0.0000000E+0	0.0000000E+0	1.0000000E+2	0.0000000E+0
1.0748900E+2	6.1778762E+1	6.0470922E+1	0.0000000E+0	0.0000000E+0	1.0000000E+2	0.0000000E+0
1.0753900E+2	6.1791761E+1	6.0482131E+1	0.0000000E+0	0.0000000E+0	1.0000000E+2	0.0000000E+0
1.0758900E+2	6.1796110E+1	6.0474638E+1	0.0000000E+0	0.0000000E+0	1.0000000E+2	0.0000000E+0
1.0763900E+2	6.1795101E+1	6.0482680E+1	0.0000000E+0	0.0000000E+0	1.0000000E+2	0.0000000E+0
1.0769000E+2	6.1799063E+1	6.0487088E+1	0.0000000E+0	0.0000000E+0	1.0000000E+2	0.0000000E+0
1.0774000E+2	6.1801170E+1	6.0486917E+1	0.0000000E+0	0.0000000E+0	1.0000000E+2	0.0000000E+0
1.0779000E+2	6.1819059E+1	6.0485477E+1	0.0000000E+0	0.0000000E+0	1.0000000E+2	0.0000000E+0
1.0784000E+2	6.1825727E+1	6.0492430E+1	0.0000000E+0	0.0000000E+0	1.0000000E+2	0.0000000E+0
1.0789000E+2	6.1811888E+1	6.0486184E+1	0.0000000E+0	0.0000000E+0	1.0000000E+2	0.0000000E+0
1.0794000E+2	6.1815156E+1	6.0493296E+1	0.0000000E+0	0.0000000E+0	1.0000000E+2	0.0000000E+0
1.0799000E+2	6.1820643E+1	6.0490455E+1	0.0000000E+0	0.0000000E+0	1.0000000E+2	0.0000000E+0
1.0804000E+2	6.1822421E+1	6.0491335E+1	0.0000000E+0	0.0000000E+0	1.0000000E+2	0.0000000E+0
1.0809100E+2	6.1805377E+1	6.0479683E+1	0.0000000E+0	0.0000000E+0	1.0000000E+2	0.0000000E+0
1.0814200E+2	6.1830109E+1	6.0493271E+1	0.0000000E+0	0.0000000E+0	1.0000000E+2	0.0000000E+0
1.0819200E+2	6.1838580E+1	6.0496020E+1	0.0000000E+0	0.0000000E+0	1.0000000E+2	0.0000000E+0
1.0824300E+2	6.1834463E+1	6.0496791E+1	0.0000000E+0	0.0000000E+0	1.0000000E+2	0.0000000E+0
1.0829400E+2	6.1834501E+1	6.0500713E+1	0.0000000E+0	0.0000000E+0	1.0000000E+2	0.0000000E+0
1.0834500E+2	6.1842082E+1	6.0502968E+1	0.0000000E+0	0.0000000E+0	1.0000000E+2	0.0000000E+0
1.0839500E+2	6.1840870E+1	6.0502347E+1	0.0000000E+0	0.0000000E+0	1.0000000E+2	0.0000000E+0
1.0844600E+2	6.1839521E+1	6.0500353E+1	0.0000000E+0	0.0000000E+0	1.0000000E+2	0.0000000E+0
1.0849600E+2	6.1841534E+1	6.0493459E+1	0.0000000E+0	0.0000000E+0	1.0000000E+2	0.0000000E+0
1.0854600E+2	6.1853209E+1	6.0502325E+1	0.0000000E+0	0.0000000E+0	1.0000000E+2	0.0000000E+0
1.0859700E+2	6.1844347E+1	6.0488112E+1	0.0000000E+0	0.0000000E+0	1.0000000E+2	0.0000000E+0
1.0864700E+2	6.1843817E+1	6.0495022E+1	0.0000000E+0	0.0000000E+0	1.0000000E+2	0.0000000E+0
1.0869700E+2	6.1829788E+1	6.0493108E+1	0.0000000E+0	0.0000000E+0	1.0000000E+2	0.0000000E+0
1.0874700E+2	6.1813540E+1	6.0488068E+1	0.0000000E+0	0.0000000E+0	1.0000000E+2	0.0000000E+0
1.0879800E+2	6.1805045E+1	6.0489508E+1	0.0000000E+0	0.0000000E+0	1.0000000E+2	0.0000000E+0
1.0884800E+2	6.1806176E+1	6.0494196E+1	0.0000000E+0	0.0000000E+0	1.0000000E+2	0.0000000E+0
1.0889900E+2	6.1794731E+1	6.0496360E+1	0.0000000E+0	0.0000000E+0	1.0000000E+2	0.0000000E+0
1.0894900E+2	6.1789644E+1	6.0498030E+1	0.0000000E+0	0.0000000E+0	1.0000000E+2	0.0000000E+0
1.0899900E+2	6.1808978E+1	6.0516565E+1	0.0000000E+0	0.0000000E+0	1.0000000E+2	0.0000000E+0
1.0904900E+2	6.1793703E+1	6.0508701E+1	0.0000000E+0	0.0000000E+0	1.0000000E+2	0.0000000E+0
1.0909900E+2	6.1782650E+1	6.0499384E+1	0.0000000E+0	0.0000000E+0	1.0000000E+2	0.0000000E+0
1.0915000E+2	6.1788958E+1	6.0500896E+1	0.0000000E+0	0.0000000E+0	1.0000000E+2	0.0000000E+0
1.0920000E+2	6.1812717E+1	6.0514086E+1	0.0000000E+0	0.0000000E+0	1.0000000E+2	0.0000000E+0
1.0925000E+2	6.1812133E+1	6.0509547E+1	0.0000000E+0	0.0000000E+0	1.0000000E+2	0.0000000E+0
1.0930100E+2	6.1811137E+1	6.0504802E+1	0.0000000E+0	0.0000000E+0	1.0000000E+2	0.0000000E+0
1.0935100E+2	6.1815077E+1	6.0506446E+1	0.0000000E+0	0.0000000E+0	1.0000000E+2	0.0000000E+0
1.0940200E+2	6.1817675E+1	6.0508588E+1	0.0000000E+0	0.0000000E+0	1.0000000E+2	0.0000000E+0
1.0945200E+2	6.1813070E+1	6.0503363E+1	0.0000000E+0	0.0000000E+0	1.0000000E+2	0.0000000E+0
1.0950200E+2	6.1800087E+1	6.0501611E+1	0.0000000E+0	0.0000000E+0	1.0000000E+2	0.0000000E+0
1.0955300E+2	6.1803573E+1	6.0502851E+1	0.0000000E+0	0.0000000E+0	1.0000000E+2	0.0000000E+0
1.0960400E+2	6.1794023E+1	6.0494030E+1	0.0000000E+0	0.0000000E+0	1.0000000E+2	0.0000000E+0
1.0965400E+2	6.1791556E+1	6.0493955E+1	0.0000000E+0	0.0000000E+0	1.0000000E+2	0.0000000E+0
1.0970400E+2	6.1792061E+1	6.0492201E+1	0.0000000E+0	0.0000000E+0	1.0000000E+2	0.0000000E+0
1.0975400E+2	6.1802668E+1	6.0501051E+1	0.0000000E+0	0.0000000E+0	1.0000000E+2	0.0000000E+0
1.0980400E+2	6.1809185E+1	6.0502227E+1	0.0000000E+0	0.0000000E+0	1.0000000E+2	0.0000000E+0
1.0985400E+2	6.1808748E+1	6.0506702E+1	0.0000000E+0	0.0000000E+0	1.0000000E+2	0.0000000E+0
1.0990400E+2	6.1802468E+1	6.0501263E+1	0.0000000E+0	0.0000000E+0	1.0000000E+2	0.0000000E+0
1.0995400E+2	6.1811434E+1	6.0511597E+1	0.0000000E+0	0.0000000E+0	1.0000000E+2	0.0000000E+0
1.1000500E+2	6.1795066E+1	6.0509349E+1	0.0000000E+0	0.0000000E+0	1.0000000E+2	0.0000000E+0
1.1005500E+2	6.1789747E+1	6.0499174E+1	0.0000000E+0	0.0000000E+0	1.0000000E+2	0.0000000E+0
1.1010500E+2	6.1806495E+1	6.0523005E+1	0.0000000E+0	0.0000000E+0	1.0000000E+2	0.0000000E+0
1.1015600E+2	6.1798969E+1	6.0520663E+1	0.0000000E+0	0.0000000E+0	1.0000000E+2	0.0000000E+0
1.1020600E+2	6.1795554E+1	6.0517402E+1	0.0000000E+0	0.0000000E+0	1.0000000E+2	0.0000000E+0
1.1025700E+2	6.1784043E+1	6.0514193E+1	0.0000000E+0	0.0000000E+0	1.0000000E+2	0.0000000E+0
1.1030700E+2	6.1797174E+1	6.0522332E+1	0.0000000E+0	0.0000000E+0	1.0000000E+2	0.0000000E+0
1.1035700E+2	6.1804894E+1	6.0524940E+1	0.0000000E+0	0.0000000E+0	1.0000000E+2	0.0000000E+0
1.1040800E+2	6.1810136E+1	6.0520693E+1	0.0000000E+0	0.0000000E+0	1.0000000E+2	0.0000000E+0
1.1045900E+2	6.1817451E+1	6.0523331E+1	0.0000000E+0	0.0000000E+0	1.0000000E+2	0.0000000E+0
1.1050900E+2	6.1814725E+1	6.0517968E+1	0.0000000E+0	0.0000000E+0	1.0000000E+2	0.0000000E+0
1.1055900E+2	6.1824085E+1	6.0524977E+1	0.0000000E+0	0.0000000E+0	1.0000000E+2	0.0000000E+0
1.1060900E+2	6.1826559E+1	6.0526234E+1	0.0000000E+0	0.0000000E+0	1.0000000E+2	0.0000000E+0
1.1065900E+2	6.1821903E+1	6.0524256E+1	0.0000000E+0	0.0000000E+0	1.0000000E+2	0.0000000E+0
1.1070900E+2	6.1834141E+1	6.0535401E+1	0.0000000E+0	0.0000000E+0	1.0000000E+2	0.0000000E+0
1.1075900E+2	6.1827210E+1	6.0519668E+1	0.0000000E+0	0.0000000E+0	1.0000000E+2	0.0000000E+0
1.1080900E+2	6.1842010E+1	6.0532544E+1	0.0000000E+0	0.0000000E+0	1.0000000E+2	0.0000000E+0
1.1085900E+2	6.1851317E+1	6.0537725E+1	0.0000000E+0	0.0000000E+0	1.0000000E+2	0.0000000E+0
1.1091000E+2	6.1866126E+1	6.0531547E+1	0.0000000E+0	0.0000000E+0	1.0000000E+2	0.0000000E+0
1.1096000E+2	6.1863865E+1	6.0535837E+1	0.0000000E+0	0.0000000E+0	1.0000000E+2	0.0000000E+0
1.1101000E+2	6.1857243E+1	6.0530005E+1	0.0000000E+0	0.0000000E+0	1.0000000E+2	0.0000000E+0
1.1106200E+2	6.1854087E+1	6.0530816E+1	0.0000000E+0	0.0000000E+0	1.0000000E+2	0.0000000E+0
1.1111200E+2	6.1852410E+1	6.0533828E+1	0.0000000E+0	0.0000000E+0	1.0000000E+2	0.0000000E+0
1.1116200E+2	6.1854907E+1	6.0529625E+1	0.0000000E+0	0.0000000E+0	1.0000000E+2	0.0000000E+0
1.1121300E+2	6.1866451E+1	6.0538376E+1	0.0000000E+0	0.0000000E+0	1.0000000E+2	0.0000000E+0
1.1126300E+2	6.1865994E+1	6.0535861E+1	0.0000000E+0	0.0000000E+0	1.0000000E+2	0.0000000E+0
1.1131300E+2	6.1875147E+1	6.0550144E+1	0.0000000E+0	0.0000000E+0	1.0000000E+2	0.0000000E+0
1.1136300E+2	6.1849645E+1	6.0528237E+1	0.0000000E+0	0.0000000E+0	1.0000000E+2	0.0000000E+0
1.1141300E+2	6.1842396E+1	6.0529277E+1	0.0000000E+0	0.0000000E+0	1.0000000E+2	0.0000000E+0
1.1146300E+2	6.1854696E+1	6.0541036E+1	0.0000000E+0	0.0000000E+0	1.0000000E+2	0.0000000E+0
1.1151300E+2	6.1866524E+1	6.0542805E+1	0.0000000E+0	0.0000000E+0	1.0000000E+2	0.0000000E+0
1.1156300E+2	6.1871535E+1	6.0543772E+1	0.0000000E+0	0.0000000E+0	1.0000000E+2	0.0000000E+0
1.1161300E+2	6.1874804E+1	6.0542069E+1	0.0000000E+0	0.0000000E+0	1.0000000E+2	0.0000000E+0
1.1166300E+2	6.1871734E+1	6.0534739E+1	0.0000000E+0	0.0000000E+0	1.0000000E+2	0.0000000E+0
1.1171300E+2	6.1865618E+1	6.0545269E+1	0.0000000E+0	0.0000000E+0	1.0000000E+2	0.0000000E+0
1.1176300E+2	6.1857365E+1	6.0533536E+1	0.0000000E+0	0.0000000E+0	1.0000000E+2	0.0000000E+0
1.1181400E+2	6.1867425E+1	6.0545229E+1	0.0000000E+0	0.0000000E+0	1.0000000E+2	0.0000000E+0
1.1186500E+2	6.1871723E+1	6.0550337E+1	0.0000000E+0	0.0000000E+0	1.0000000E+2	0.0000000E+0
1.1191500E+2	6.1885171E+1	6.0549684E+1	0.0000000E+0	0.0000000E+0	1.0000000E+2	0.0000000E+0
1.1196500E+2	6.1902935E+1	6.0543319E+1	0.0000000E+0	0.0000000E+0	1.0000000E+2	0.0000000E+0
1.1201500E+2	6.1917724E+1	6.0545447E+1	0.0000000E+0	0.0000000E+0	1.0000000E+2	0.0000000E+0
1.1206600E+2	6.1928146E+1	6.0548366E+1	0.0000000E+0	0.0000000E+0	1.0000000E+2	0.0000000E+0
1.1211600E+2	6.1922025E+1	6.0549883E+1	0.0000000E+0	0.0000000E+0	1.0000000E+2	0.0000000E+0
1.1216600E+2	6.1922033E+1	6.0548784E+1	0.0000000E+0	0.0000000E+0	1.0000000E+2	0.0000000E+0
1.1221700E+2	6.1910808E+1	6.0547319E+1	0.0000000E+0	0.0000000E+0	1.0000000E+2	0.0000000E+0
1.1226700E+2	6.1907910E+1	6.0541835E+1	0.0000000E+0	0.0000000E+0	1.0000000E+2	0.0000000E+0
1.1231700E+2	6.1910418E+1	6.0544899E+1	0.0000000E+0	0.0000000E+0	1.0000000E+2	0.0000000E+0
1.1236700E+2	6.1928014E+1	6.0551933E+1	0.0000000E+0	0.0000000E+0	1.0000000E+2	0.0000000E+0
1.1241700E+2	6.1928417E+1	6.0540725E+1	0.0000000E+0	0.0000000E+0	1.0000000E+2	0.0000000E+0
1.1246800E+2	6.1933061E+1	6.0535971E+1	0.0000000E+0	0.0000000E+0	1.0000000E+2	0.0000000E+0
1.1251900E+2	6.1925088E+1	6.0545125E+1	0.0000000E+0	0.0000000E+0	1.0000000E+2	0.0000000E+0
1.1256900E+2	6.1905723E+1	6.0532192E+1	0.0000000E+0	0.0000000E+0	1.0000000E+2	0.0000000E+0
1.1261900E+2	6.1878189E+1	6.0524896E+1	0.0000000E+0	0.0000000E+0	1.0000000E+2	0.0000000E+0
1.1267000E+2	6.1889768E+1	6.0546150E+1	0.0000000E+0	0.0000000E+0	1.0000000E+2	0.0000000E+0
1.1272100E+2	6.1885951E+1	6.0544278E+1	0.0000000E+0	0.0000000E+0	1.0000000E+2	0.0000000E+0
1.1277200E+2	6.1891196E+1	6.0551381E+1	0.0000000E+0	0.0000000E+0	1.0000000E+2	0.0000000E+0
1.1282300E+2	6.1871734E+1	6.0535399E+1	0.0000000E+0	0.0000000E+0	1.0000000E+2	0.0000000E+0
1.1287300E+2	6.1863634E+1	6.0529877E+1	0.0000000E+0	0.0000000E+0	1.0000000E+2	0.0000000E+0
1.1292300E+2	6.1873283E+1	6.0535125E+1	0.0000000E+0	0.0000000E+0	1.0000000E+2	0.0000000E+0
1.1297300E+2	6.1871660E+1	6.0556207E+1	0.0000000E+0	0.0000000E+0	1.0000000E+2	0.0000000E+0
1.1302300E+2	6.1851836E+1	6.0539660E+1	0.0000000E+0	0.0000000E+0	1.0000000E+2	0.0000000E+0
1.1307300E+2	6.1871862E+1	6.0543760E+1	0.0000000E+0	0.0000000E+0	1.0000000E+2	0.0000000E+0
1.1312300E+2	6.1868773E+1	6.0534173E+1	0.0000000E+0	0.0000000E+0	1.0000000E+2	0.0000000E+0
1.1317400E+2	6.1869688E+1	6.0534894E+1	0.0000000E+0	0.0000000E+0	1.0000000E+2	0.0000000E+0
1.1322500E+2	6.1879141E+1	6.0540223E+1	0.0000000E+0	0.0000000E+0	1.0000000E+2	0.0000000E+0
1.1327500E+2	6.1872495E+1	6.0537085E+1	0.0000000E+0	0.0000000E+0	1.0000000E+2	0.0000000E+0
1.1332600E+2	6.1874450E+1	6.0541021E+1	0.0000000E+0	0.0000000E+0	1.0000000E+2	0.0000000E+0
1.1337700E+2	6.1884704E+1	6.0538864E+1	0.0000000E+0	0.0000000E+0	1.0000000E+2	0.0000000E+0
1.1342800E+2	6.1899936E+1	6.0541660E+1	0.0000000E+0	0.0000000E+0	1.0000000E+2	0.0000000E+0
1.1347800E+2	6.1927425E+1	6.0554187E+1	0.0000000E+0	0.0000000E+0	1.0000000E+2	0.0000000E+0
1.1352900E+2	6.1934934E+1	6.0542786E+1	0.0000000E+0	0.0000000E+0	1.0000000E+2	0.0000000E+0
1.1357900E+2	6.1959748E+1	6.0548646E+1	0.0000000E+0	0.0000000E+0	1.0000000E+2	0.0000000E+0
1.1362900E+2	6.1974575E+1	6.0540052E+1	0.0000000E+0	0.0000000E+0	1.0000000E+2	0.0000000E+0
1.1367900E+2	6.2001613E+1	6.0552280E+1	0.0000000E+0	0.0000000E+0	1.0000000E+2	0.0000000E+0
1.1372900E+2	6.1997804E+1	6.0538126E+1	0.0000000E+0	0.0000000E+0	1.0000000E+2	0.0000000E+0
1.1377900E+2	6.2012603E+1	6.0536540E+1	0.0000000E+0	0.0000000E+0	1.0000000E+2	0.0000000E+0
1.1382900E+2	6.2017232E+1	6.0543826E+1	0.0000000E+0	0.0000000E+0	1.0000000E+2	0.0000000E+0
1.1388000E+2	6.2021856E+1	6.0552629E+1	0.0000000E+0	0.0000000E+0	1.0000000E+2	0.0000000E+0
1.1393000E+2	6.2028817E+1	6.0549205E+1	0.0000000E+0	0.0000000E+0	1.0000000E+2	0.0000000E+0
1.1398000E+2	6.2028770E+1	6.0552141E+1	0.0000000E+0	0.0000000E+0	1.0000000E+2	0.0000000E+0
1.1403000E+2	6.2020776E+1	6.0547083E+1	0.0000000E+0	0.0000000E+0	1.0000000E+2	0.0000000E+0
1.1408000E+2	6.2014700E+1	6.0549304E+1	0.0000000E+0	0.0000000E+0	1.0000000E+2	0.0000000E+0
1.1413100E+2	6.2001394E+1	6.0554640E+1	0.0000000E+0	0.0000000E+0	1.0000000E+2	0.0000000E+0
1.1418100E+2	6.1992432E+1	6.0555254E+1	0.0000000E+0	0.0000000E+0	1.0000000E+2	0.0000000E+0
1.1423100E+2	6.1983862E+1	6.0543884E+1	0.0000000E+0	0.0000000E+0	1.0000000E+2	0.0000000E+0
1.1428100E+2	6.1972871E+1	6.0551574E+1	0.0000000E+0	0.0000000E+0	1.0000000E+2	0.0000000E+0
1.1433100E+2	6.1963942E+1	6.0541565E+1	0.0000000E+0	0.0000000E+0	1.0000000E+2	0.0000000E+0
1.1438100E+2	6.1950917E+1	6.0537370E+1	0.0000000E+0	0.0000000E+0	1.0000000E+2	0.0000000E+0
1.1443100E+2	6.1936439E+1	6.0531797E+1	0.0000000E+0	0.0000000E+0	1.0000000E+2	0.0000000E+0
1.1448100E+2	6.1931243E+1	6.0523672E+1	0.0000000E+0	0.0000000E+0	1.0000000E+2	0.0000000E+0
1.1453100E+2	6.1930434E+1	6.0529529E+1	0.0000000E+0	0.0000000E+0	1.0000000E+2	0.0000000E+0
1.1458100E+2	6.1930627E+1	6.0529139E+1	0.0000000E+0	0.0000000E+0	1.0000000E+2	0.0000000E+0
1.1463100E+2	6.1931245E+1	6.0527606E+1	0.0000000E+0	0.0000000E+0	1.0000000E+2	0.0000000E+0
1.1468100E+2	6.1916619E+1	6.0525275E+1	0.0000000E+0	0.0000000E+0	1.0000000E+2	0.0000000E+0
1.1473300E+2	6.1916951E+1	6.0522620E+1	0.0000000E+0	0.0000000E+0	1.0000000E+2	0.0000000E+0
1.1478300E+2	6.1928333E+1	6.0528960E+1	0.0000000E+0	0.0000000E+0	1.0000000E+2	0.0000000E+0
1.1483300E+2	6.1925143E+1	6.0540922E+1	0.0000000E+0	0.0000000E+0	1.0000000E+2	0.0000000E+0
1.1488400E+2	6.1900152E+1	6.0538842E+1	0.0000000E+0	0.0000000E+0	1.0000000E+2	0.0000000E+0
1.1493500E+2	6.1889838E+1	6.0528174E+1	0.0000000E+0	0.0000000E+0	1.0000000E+2	0.0000000E+0
1.1498500E+2	6.1894903E+1	6.0531036E+1	0.0000000E+0	0.0000000E+0	1.0000000E+2	0.0000000E+0
1.1503600E+2	6.1879425E+1	6.0522513E+1	0.0000000E+0	0.0000000E+0	1.0000000E+2	0.0000000E+0
1.1508600E+2	6.1884171E+1	6.0534493E+1	0.0000000E+0	0.0000000E+0	1.0000000E+2	0.0000000E+0
1.1513600E+2	6.1866089E+1	6.0522570E+1	0.0000000E+0	0.0000000E+0	1.0000000E+2	0.0000000E+0
1.1518600E+2	6.1866197E+1	6.0529674E+1	0.0000000E+0	0.0000000E+0	1.0000000E+2	0.0000000E+0
1.1523700E+2	6.1864260E+1	6.0528632E+1	0.0000000E+0	0.0000000E+0	1.0000000E+2	0.0000000E+0
1.1528700E+2	6.1862336E+1	6.0530198E+1	0.0000000E+0	0.0000000E+0	1.0000000E+2	0.0000000E+0
1.1533700E+2	6.1849277E+1	6.0514769E+1	0.0000000E+0	0.0000000E+0	1.0000000E+2	0.0000000E+0
1.1538700E+2	6.1850598E+1	6.0520537E+1	0.0000000E+0	0.0000000E+0	1.0000000E+2	0.0000000E+0
1.1543700E+2	6.1851357E+1	6.0515838E+1	0.0000000E+0	0.0000000E+0	1.0000000E+2	0.0000000E+0
1.1548900E+2	6.1842848E+1	6.0507979E+1	0.0000000E+0	0.0000000E+0	1.0000000E+2	0.0000000E+0
1.1553900E+2	6.1834760E+1	6.0505701E+1	0.0000000E+0	0.0000000E+0	1.0000000E+2	0.0000000E+0
1.1558900E+2	6.1847964E+1	6.0511297E+1	0.0000000E+0	0.0000000E+0	1.0000000E+2	0.0000000E+0
1.1563900E+2	6.1839701E+1	6.0505399E+1	0.0000000E+0	0.0000000E+0	1.0000000E+2	0.0000000E+0
1.1568900E+2	6.1830891E+1	6.0487713E+1	0.0000000E+0	0.0000000E+0	1.0000000E+2	0.0000000E+0
1.1573900E+2	6.1835066E+1	6.0498140E+1	0.0000000E+0	0.0000000E+0	1.0000000E+2	0.0000000E+0
1.1579000E+2	6.1844558E+1	6.0497098E+1	0.0000000E+0	0.0000000E+0	1.0000000E+2	0.0000000E+0
1.1584000E+2	6.1841524E+1	6.0505976E+1	0.0000000E+0	0.0000000E+0	1.0000000E+2	0.0000000E+0
1.1589000E+2	6.1842249E+1	6.0503124E+1	0.0000000E+0	0.0000000E+0	1.0000000E+2	0.0000000E+0
1.1594100E+2	6.1850199E+1	6.0509340E+1	0.0000000E+0	0.0000000E+0	1.0000000E+2	0.0000000E+0
1.1599100E+2	6.1850128E+1	6.0522486E+1	0.0000000E+0	0.0000000E+0	1.0000000E+2	0.0000000E+0
1.1604100E+2	6.1841594E+1	6.0513836E+1	0.0000000E+0	0.0000000E+0	1.0000000E+2	0.0000000E+0
1.1609300E+2	6.1852386E+1	6.0519180E+1	0.0000000E+0	0.0000000E+0	1.0000000E+2	0.0000000E+0
1.1614300E+2	6.1857915E+1	6.0520146E+1	0.0000000E+0	0.0000000E+0	1.0000000E+2	0.0000000E+0
1.1619300E+2	6.1863951E+1	6.0509936E+1	0.0000000E+0	0.0000000E+0	1.0000000E+2	0.0000000E+0
1.1624300E+2	6.1879768E+1	6.0520608E+1	0.0000000E+0	0.0000000E+0	1.0000000E+2	0.0000000E+0
1.1629300E+2	6.1887448E+1	6.0524997E+1	0.0000000E+0	0.0000000E+0	1.0000000E+2	0.0000000E+0
1.1634300E+2	6.1883324E+1	6.0519379E+1	0.0000000E+0	0.0000000E+0	1.0000000E+2	0.0000000E+0
1.1639300E+2	6.1876318E+1	6.0512234E+1	0.0000000E+0	0.0000000E+0	1.0000000E+2	0.0000000E+0
1.1644400E+2	6.1880150E+1	6.0508741E+1	0.0000000E+0	0.0000000E+0	1.0000000E+2	0.0000000E+0
1.1649500E+2	6.1895034E+1	6.0518846E+1	0.0000000E+0	0.0000000E+0	1.0000000E+2	0.0000000E+0
1.1654500E+2	6.1904475E+1	6.0525103E+1	0.0000000E+0	0.0000000E+0	1.0000000E+2	0.0000000E+0
1.1659500E+2	6.1901544E+1	6.0514717E+1	0.0000000E+0	0.0000000E+0	1.0000000E+2	0.0000000E+0
1.1664500E+2	6.1903117E+1	6.0512304E+1	0.0000000E+0	0.0000000E+0	1.0000000E+2	0.0000000E+0
1.1669600E+2	6.1904557E+1	6.0519487E+1	0.0000000E+0	0.0000000E+0	1.0000000E+2	0.0000000E+0
1.1674700E+2	6.1899739E+1	6.0495522E+1	0.0000000E+0	0.0000000E+0	1.0000000E+2	0.0000000E+0
1.1679700E+2	6.1920706E+1	6.0526141E+1	0.0000000E+0	0.0000000E+0	1.0000000E+2	0.0000000E+0
1.1684700E+2	6.1916118E+1	6.0525777E+1	0.0000000E+0	0.0000000E+0	1.0000000E+2	0.0000000E+0
1.1689700E+2	6.1932164E+1	6.0543160E+1	0.0000000E+0	0.0000000E+0	1.0000000E+2	0.0000000E+0
1.1694700E+2	6.1926501E+1	6.0538398E+1	0.0000000E+0	0.0000000E+0	1.0000000E+2	0.0000000E+0
1.1699800E+2	6.1923276E+1	6.0529970E+1	0.0000000E+0	0.0000000E+0	1.0000000E+2	0.0000000E+0
1.1704800E+2	6.1922157E+1	6.0527053E+1	0.0000000E+0	0.0000000E+0	1.0000000E+2	0.0000000E+0
1.1709800E+2	6.1921970E+1	6.0531497E+1	0.0000000E+0	0.0000000E+0	1.0000000E+2	0.0000000E+0
1.1714800E+2	6.1919366E+1	6.0527486E+1	0.0000000E+0	0.0000000E+0	1.0000000E+2	0.0000000E+0
1.1719900E+2	6.1916148E+1	6.0532113E+1	0.0000000E+0	0.0000000E+0	1.0000000E+2	0.0000000E+0
1.1724900E+2	6.1918075E+1	6.0535137E+1	0.0000000E+0	0.0000000E+0	1.0000000E+2	0.0000000E+0
1.1729900E+2	6.1925601E+1	6.0535997E+1	0.0000000E+0	0.0000000E+0	1.0000000E+2	0.0000000E+0
1.1734900E+2	6.1921601E+1	6.0533836E+1	0.0000000E+0	0.0000000E+0	1.0000000E+2	0.0000000E+0
1.1739900E+2	6.1919124E+1	6.0542082E+1	0.0000000E+0	0.0000000E+0	1.0000000E+2	0.0000000E+0
1.1744900E+2	6.1911128E+1	6.0527061E+1	0.0000000E+0	0.0000000E+0	1.0000000E+2	0.0000000E+0
1.1749900E+2	6.1910406E+1	6.0544696E+1	0.0000000E+0	0.0000000E+0	1.0000000E+2	0.0000000E+0
1.1754900E+2	6.1900881E+1	6.0540144E+1	0.0000000E+0	0.0000000E+0	1.0000000E+2	0.0000000E+0
1.1759900E+2	6.1903757E+1	6.0544977E+1	0.0000000E+0	0.0000000E+0	1.0000000E+2	0.0000000E+0
1.1765000E+2	6.1909840E+1	6.0551523E+1	0.0000000E+0	0.0000000E+0	1.0000000E+2	0.0000000E+0
1.1770000E+2	6.1911834E+1	6.0553418E+1	0.0000000E+0	0.0000000E+0	1.0000000E+2	0.0000000E+0
1.1775100E+2	6.1930569E+1	6.0577182E+1	0.0000000E+0	0.0000000E+0	1.0000000E+2	0.0000000E+0
1.1780100E+2	6.1928873E+1	6.0565609E+1	0.0000000E+0	0.0000000E+0	1.0000000E+2	0.0000000E+0
1.1785100E+2	6.1939233E+1	6.0564582E+1	0.0000000E+0	0.0000000E+0	1.0000000E+2	0.0000000E+0
1.1790200E+2	6.1946124E+1	6.0580676E+1	0.0000000E+0	0.0000000E+0	1.0000000E+2	0.0000000E+0
1.1795300E+2	6.1942500E+1	6.0580965E+1	0.0000000E+0	0.0000000E+0	1.0000000E+2	0.0000000E+0
1.1800300E+2	6.1948293E+1	6.0584973E+1	0.0000000E+0	0.0000000E+0	1.0000000E+2	0.0000000E+0
1.1805400E+2	6.1940238E+1	6.0579089E+1	0.0000000E+0	0.0000000E+0	1.0000000E+2	0.0000000E+0
1.1810400E+2	6.1933322E+1	6.0585003E+1	0.0000000E+0	0.0000000E+0	1.0000000E+2	0.0000000E+0
1.1815400E+2	6.1928132E+1	6.0582574E+1	0.0000000E+0	0.0000000E+0	1.0000000E+2	0.0000000E+0
1.1820400E+2	6.1914766E+1	6.0579835E+1	0.0000000E+0	0.0000000E+0	1.0000000E+2	0.0000000E+0
1.1825400E+2	6.1937284E+1	6.0586956E+1	0.0000000E+0	0.0000000E+0	1.0000000E+2	0.0000000E+0
1.1830500E+2	6.1937587E+1	6.0587137E+1	0.0000000E+0	0.0000000E+0	1.0000000E+2	0.0000000E+0
1.1835500E+2	6.1925545E+1	6.0580288E+1	0.0000000E+0	0.0000000E+0	1.0000000E+2	0.0000000E+0
1.1840500E+2	6.1928965E+1	6.0596154E+1	0.0000000E+0	0.0000000E+0	1.0000000E+2	0.0000000E+0
1.1845600E+2	6.1933978E+1	6.0598803E+1	0.0000000E+0	0.0000000E+0	1.0000000E+2	0.0000000E+0
1.1850600E+2	6.1936528E+1	6.0608085E+1	0.0000000E+0	0.0000000E+0	1.0000000E+2	0.0000000E+0
1.1855600E+2	6.1939290E+1	6.0607877E+1	0.0000000E+0	0.0000000E+0	1.0000000E+2	0.0000000E+0
1.1860600E+2	6.1944451E+1	6.0606319E+1	0.0000000E+0	0.0000000E+0	1.0000000E+2	0.0000000E+0
1.1865600E+2	6.1941542E+1	6.0607109E+1	0.0000000E+0	0.0000000E+0	1.0000000E+2	0.0000000E+0
1.1870600E+2	6.1942969E+1	6.0596354E+1	0.0000000E+0	0.0000000E+0	1.0000000E+2	0.0000000E+0
1.1875700E+2	6.1959895E+1	6.0599535E+1	0.0000000E+0	0.0000000E+0	1.0000000E+2	0.0000000E+0
1.1880700E+2	6.1971294E+1	6.0604284E+1	0.0000000E+0	0.0000000E+0	1.0000000E+2	0.0000000E+0
1.1885900E+2	6.1964876E+1	6.0598241E+1	0.0000000E+0	0.0000000E+0	1.0000000E+2	0.0000000E+0
1.1891100E+2	6.1968408E+1	6.0608118E+1	0.0000000E+0	0.0000000E+0	1.0000000E+2	0.0000000E+0
1.1896100E+2	6.1944339E+1	6.0601747E+1	0.0000000E+0	0.0000000E+0	1.0000000E+2	0.0000000E+0
1.1901100E+2	6.1931590E+1	6.0604033E+1	0.0000000E+0	0.0000000E+0	1.0000000E+2	0.0000000E+0
1.1906100E+2	6.1933247E+1	6.0600557E+1	0.0000000E+0	0.0000000E+0	1.0000000E+2	0.0000000E+0
1.1911100E+2	6.1950626E+1	6.0616827E+1	0.0000000E+0	0.0000000E+0	1.0000000E+2	0.0000000E+0
1.1916100E+2	6.1935743E+1	6.0608480E+1	0.0000000E+0	0.0000000E+0	1.0000000E+2	0.0000000E+0
1.1921200E+2	6.1959473E+1	6.0604632E+1	0.0000000E+0	0.0000000E+0	1.0000000E+2	0.0000000E+0
1.1926200E+2	6.1977092E+1	6.0614627E+1	0.0000000E+0	0.0000000E+0	1.0000000E+2	0.0000000E+0
1.1931200E+2	6.1973604E+1	6.0612602E+1	0.0000000E+0	0.0000000E+0	1.0000000E+2	0.0000000E+0
1.1936200E+2	6.1962576E+1	6.0607207E+1	0.0000000E+0	0.0000000E+0	1.0000000E+2	0.0000000E+0
1.1941200E+2	6.1936649E+1	6.0597720E+1	0.0000000E+0	0.0000000E+0	1.0000000E+2	0.0000000E+0
1.1946200E+2	6.1920455E+1	6.0601453E+1	0.0000000E+0	0.0000000E+0	1.0000000E+2	0.0000000E+0
1.1951200E+2	6.1898229E+1	6.0603188E+1	0.0000000E+0	0.0000000E+0	1.0000000E+2	0.0000000E+0
1.1956300E+2	6.1892990E+1	6.0606323E+1	0.0000000E+0	0.0000000E+0	1.0000000E+2	0.0000000E+0
1.1961300E+2	6.1880068E+1	6.0601727E+1	0.0000000E+0	0.0000000E+0	1.0000000E+2	0.0000000E+0
1.1966400E+2	6.1882874E+1	6.0613904E+1	0.0000000E+0	0.0000000E+0	1.0000000E+2	0.0000000E+0
1.1971400E+2	6.1862337E+1	6.0600917E+1	0.0000000E+0	0.0000000E+0	1.0000000E+2	0.0000000E+0
1.1976400E+2	6.1853703E+1	6.0600709E+1	0.0000000E+0	0.0000000E+0	1.0000000E+2	0.0000000E+0
1.1981400E+2	6.1864852E+1	6.0613467E+1	0.0000000E+0	0.0000000E+0	1.0000000E+2	0.0000000E+0
1.1986400E+2	6.1851614E+1	6.0598560E+1	0.0000000E+0	0.0000000E+0	1.0000000E+2	0.0000000E+0
1.1991400E+2	6.1857637E+1	6.0602963E+1	0.0000000E+0	0.0000000E+0	1.0000000E+2	0.0000000E+0
1.1996500E+2	6.1844139E+1	6.0594467E+1	0.0000000E+0	0.0000000E+0	1.0000000E+2	0.0000000E+0
1.2001500E+2	6.1845346E+1	6.0601889E+1	0.0000000E+0	0.0000000E+0	1.0000000E+2	0.0000000E+0
1.2006600E+2	6.1840147E+1	6.0604591E+1	0.0000000E+0	0.0000000E+0	1.0000000E+2	0.0000000E+0
1.2011600E+2	6.1834121E+1	6.0600838E+1	0.0000000E+0	0.0000000E+0	1.0000000E+2	0.0000000E+0
1.2016600E+2	6.1834964E+1	6.0605927E+1	0.0000000E+0	0.0000000E+0	1.0000000E+2	0.0000000E+0
1.2021600E+2	6.1847557E+1	6.0613886E+1	0.0000000E+0	0.0000000E+0	1.0000000E+2	0.0000000E+0
1.2026600E+2	6.1866399E+1	6.0602134E+1	0.0000000E+0	0.0000000E+0	1.0000000E+2	0.0000000E+0
1.2031600E+2	6.1870284E+1	6.0608102E+1	0.0000000E+0	0.0000000E+0	1.0000000E+2	0.0000000E+0
1.2036600E+2	6.1870990E+1	6.0618555E+1	0.0000000E+0	0.0000000E+0	1.0000000E+2	0.0000000E+0
1.2041600E+2	6.1851693E+1	6.0609630E+1	0.0000000E+0	0.0000000E+0	1.0000000E+2	0.0000000E+0
1.2046600E+2	6.1832538E+1	6.0600781E+1	0.0000000E+0	0.0000000E+0	1.0000000E+2	0.0000000E+0
1.2051600E+2	6.1835739E+1	6.0614832E+1	0.0000000E+0	0.0000000E+0	1.0000000E+2	0.0000000E+0
1.2056600E+2	6.1850724E+1	6.0613771E+1	0.0000000E+0	0.0000000E+0	1.0000000E+2	0.0000000E+0
1.2061600E+2	6.1860896E+1	6.0614924E+1	0.0000000E+0	0.0000000E+0	1.0000000E+2	0.0000000E+0
1.2066700E+2	6.1876180E+1	6.0619621E+1	0.0000000E+0	0.0000000E+0	1.0000000E+2	0.0000000E+0
1.2071800E+2	6.1872642E+1	6.0624975E+1	0.0000000E+0	0.0000000E+0	1.0000000E+2	0.0000000E+0
1.2076900E+2	6.1866440E+1	6.0608208E+1	0.0000000E+0	0.0000000E+0	1.0000000E+2	0.0000000E+0
1.2082000E+2	6.1864564E+1	6.0609053E+1	0.0000000E+0	0.0000000E+0	1.0000000E+2	0.0000000E+0
1.2087000E+2	6.1872144E+1	6.0619308E+1	0.0000000E+0	0.0000000E+0	1.0000000E+2	0.0000000E+0
1.2092000E+2	6.1857536E+1	6.0605393E+1	0.0000000E+0	0.0000000E+0	1.0000000E+2	0.0000000E+0
1.2097000E+2	6.1873908E+1	6.0614130E+1	0.0000000E+0	0.0000000E+0	1.0000000E+2	0.0000000E+0
1.2102000E+2	6.1868974E+1	6.0604128E+1	0.0000000E+0	0.0000000E+0	1.0000000E+2	0.0000000E+0
1.2107100E+2	6.1874319E+1	6.0606877E+1	0.0000000E+0	0.0000000E+0	1.0000000E+2	0.0000000E+0
1.2112100E+2	6.1874835E+1	6.0606760E+1	0.0000000E+0	0.0000000E+0	1.0000000E+2	0.0000000E+0
1.2117200E+2	6.1874861E+1	6.0606637E+1	0.0000000E+0	0.0000000E+0	1.0000000E+2	0.0000000E+0
1.2122200E+2	6.1859875E+1	6.0599480E+1	0.0000000E+0	0.0000000E+0	1.0000000E+2	0.0000000E+0
1.2127200E+2	6.1852510E+1	6.0605893E+1	0.0000000E+0	0.0000000E+0	1.0000000E+2	0.0000000E+0
1.2132200E+2	6.1832843E+1	6.0607251E+1	0.0000000E+0	0.0000000E+0	1.0000000E+2	0.0000000E+0
1.2137200E+2	6.1818370E+1	6.0586782E+1	0.0000000E+0	0.0000000E+0	1.0000000E+2	0.0000000E+0
1.2142200E+2	6.1814324E+1	6.0589433E+1	0.0000000E+0	0.0000000E+0	1.0000000E+2	0.0000000E+0
1.2147200E+2	6.1794617E+1	6.0578726E+1	0.0000000E+0	0.0000000E+0	1.0000000E+2	0.0000000E+0
1.2152200E+2	6.1793148E+1	6.0575067E+1	0.0000000E+0	0.0000000E+0	1.0000000E+2	0.0000000E+0
1.2157200E+2	6.1789634E+1	6.0578741E+1	0.0000000E+0	0.0000000E+0	1.0000000E+2	0.0000000E+0
1.2162300E+2	6.1780885E+1	6.0577949E+1	0.0000000E+0	0.0000000E+0	1.0000000E+2	0.0000000E+0
1.2167300E+2	6.1779784E+1	6.0558869E+1	0.0000000E+0	0.0000000E+0	1.0000000E+2	0.0000000E+0
1.2172300E+2	6.1791619E+1	6.0572143E+1	0.0000000E+0	0.0000000E+0	1.0000000E+2	0.0000000E+0
1.2177300E+2	6.1807330E+1	6.0572660E+1	0.0000000E+0	0.0000000E+0	1.0000000E+2	0.0000000E+0
1.2182300E+2	6.1813746E+1	6.0560397E+1	0.0000000E+0	0.0000000E+0	1.0000000E+2	0.0000000E+0
1.2187300E+2	6.1834386E+1	6.0571079E+1	0.0000000E+0	0.0000000E+0	1.0000000E+2	0.0000000E+0
1.2192300E+2	6.1853561E+1	6.0578904E+1	0.0000000E+0	0.0000000E+0	1.0000000E+2	0.0000000E+0
1.2197300E+2	6.1868795E+1	6.0573753E+1	0.0000000E+0	0.0000000E+0	1.0000000E+2	0.0000000E+0
1.2202400E+2	6.1870970E+1	6.0564452E+1	0.0000000E+0	0.0000000E+0	1.0000000E+2	0.0000000E+0
1.2207400E+2	6.1880673E+1	6.0562926E+1	0.0000000E+0	0.0000000E+0	1.0000000E+2	0.0000000E+0
1.2212400E+2	6.1881167E+1	6.0553696E+1	0.0000000E+0	0.0000000E+0	1.0000000E+2	0.0000000E+0
1.2217400E+2	6.1888853E+1	6.0564766E+1	0.0000000E+0	0.0000000E+0	1.0000000E+2	0.0000000E+0
1.2222400E+2	6.1909189E+1	6.0567208E+1	0.0000000E+0	0.0000000E+0	1.0000000E+2	0.0000000E+0
1.2227400E+2	6.1899584E+1	6.0560758E+1	0.0000000E+0	0.0000000E+0	1.0000000E+2	0.0000000E+0
1.2232400E+2	6.1887569E+1	6.0553728E+1	0.0000000E+0	0.0000000E+0	1.0000000E+2	0.0000000E+0
1.2237400E+2	6.1890630E+1	6.0558147E+1	0.0000000E+0	0.0000000E+0	1.0000000E+2	0.0000000E+0
1.2242400E+2	6.1891483E+1	6.0569975E+1	0.0000000E+0	0.0000000E+0	1.0000000E+2	0.0000000E+0
1.2247400E+2	6.1894530E+1	6.0568092E+1	0.0000000E+0	0.0000000E+0	1.0000000E+2	0.0000000E+0
1.2252400E+2	6.1870354E+1	6.0565791E+1	0.0000000E+0	0.0000000E+0	1.0000000E+2	0.0000000E+0
1.2257400E+2	6.1869625E+1	6.0560688E+1	0.0000000E+0	0.0000000E+0	1.0000000E+2	0.0000000E+0
1.2262400E+2	6.1862739E+1	6.0572458E+1	0.0000000E+0	0.0000000E+0	1.0000000E+2	0.0000000E+0
1.2267400E+2	6.1838952E+1	6.0557014E+1	0.0000000E+0	0.0000000E+0	1.0000000E+2	0.0000000E+0
1.2272400E+2	6.1844745E+1	6.0564170E+1	0.0000000E+0	0.0000000E+0	1.0000000E+2	0.0000000E+0
1.2277500E+2	6.1841730E+1	6.0577565E+1	0.0000000E+0	0.0000000E+0	1.0000000E+2	0.0000000E+0
1.2282500E+2	6.1828201E+1	6.0580554E+1	0.0000000E+0	0.0000000E+0	1.0000000E+2	0.0000000E+0
1.2287600E+2	6.1828082E+1	6.0581427E+1	0.0000000E+0	0.0000000E+0	1.0000000E+2	0.0000000E+0
1.2292700E+2	6.1821249E+1	6.0585271E+1	0.0000000E+0	0.0000000E+0	1.0000000E+2	0.0000000E+0
1.2297800E+2	6.1808675E+1	6.0579187E+1	0.0000000E+0	0.0000000E+0	1.0000000E+2	0.0000000E+0
1.2302800E+2	6.1807307E+1	6.0579633E+1	0.0000000E+0	0.0000000E+0	1.0000000E+2	0.0000000E+0
1.2307900E+2	6.1806326E+1	6.0581272E+1	0.0000000E+0	0.0000000E+0	1.0000000E+2	0.0000000E+0
1.2312900E+2	6.1787380E+1	6.0586607E+1	0.0000000E+0	0.0000000E+0	1.0000000E+2	0.0000000E+0
1.2317900E+2	6.1754230E+1	6.0576125E+1	0.0000000E+0	0.0000000E+0	1.0000000E+2	0.0000000E+0
1.2322900E+2	6.1747876E+1	6.0583967E+1	0.0000000E+0	0.0000000E+0	1.0000000E+2	0.0000000E+0
1.2327900E+2	6.1720572E+1	6.0586677E+1	0.0000000E+0	0.0000000E+0	1.0000000E+2	0.0000000E+0
1.2332900E+2	6.1719257E+1	6.0581000E+1	0.0000000E+0	0.0000000E+0	1.0000000E+2	0.0000000E+0
1.2337900E+2	6.1713858E+1	6.0577568E+1	0.0000000E+0	0.0000000E+0	1.0000000E+2	0.0000000E+0
1.2342900E+2	6.1712092E+1	6.0587163E+1	0.0000000E+0	0.0000000E+0	1.0000000E+2	0.0000000E+0
1.2347900E+2	6.1720605E+1	6.0584491E+1	0.0000000E+0	0.0000000E+0	1.0000000E+2	0.0000000E+0
1.2352900E+2	6.1732083E+1	6.0585661E+1	0.0000000E+0	0.0000000E+0	1.0000000E+2	0.0000000E+0
1.2358000E+2	6.1708440E+1	6.0578259E+1	0.0000000E+0	0.0000000E+0	1.0000000E+2	0.0000000E+0
1.2363000E+2	6.1727316E+1	6.0585672E+1	0.0000000E+0	0.0000000E+0	1.0000000E+2	0.0000000E+0
1.2368000E+2	6.1725571E+1	6.0588834E+1	0.0000000E+0	0.0000000E+0	1.0000000E+2	0.0000000E+0
1.2373000E+2	6.1718915E+1	6.0587844E+1	0.0000000E+0	0.0000000E+0	1.0000000E+2	0.0000000E+0
1.2378000E+2	6.1713572E+1	6.0584776E+1	0.0000000E+0	0.0000000E+0	1.0000000E+2	0.0000000E+0
1.2383000E+2	6.1717034E+1	6.0580030E+1	0.0000000E+0	0.0000000E+0	1.0000000E+2	0.0000000E+0
1.2388000E+2	6.1720834E+1	6.0577084E+1	0.0000000E+0	0.0000000E+0	1.0000000E+2	0.0000000E+0
1.2393000E+2	6.1715927E+1	6.0579295E+1	0.0000000E+0	0.0000000E+0	1.0000000E+2	0.0000000E+0
1.2398000E+2	6.1720180E+1	6.0583078E+1	0.0000000E+0	0.0000000E+0	1.0000000E+2	0.0000000E+0
1.2403000E+2	6.1717287E+1	6.0583832E+1	0.0000000E+0	0.0000000E+0	1.0000000E+2	0.0000000E+0
1.2408100E+2	6.1713475E+1	6.0581594E+1	0.0000000E+0	0.0000000E+0	1.0000000E+2	0.0000000E+0
1.2413100E+2	6.1735991E+1	6.0578843E+1	0.0000000E+0	0.0000000E+0	1.0000000E+2	0.0000000E+0
1.2418200E+2	6.1734545E+1	6.0594056E+1	0.0000000E+0	0.0000000E+0	1.0000000E+2	0.0000000E+0
1.2423200E+2	6.1742399E+1	6.0590412E+1	0.0000000E+0	0.0000000E+0	1.0000000E+2	0.0000000E+0
1.2428200E+2	6.1740168E+1	6.0586766E+1	0.0000000E+0	0.0000000E+0	1.0000000E+2	0.0000000E+0
1.2433200E+2	6.1741383E+1	6.0583678E+1	0.0000000E+0	0.0000000E+0	1.0000000E+2	0.0000000E+0
1.2438200E+2	6.1742455E+1	6.0584342E+1	0.0000000E+0	0.0000000E+0	1.0000000E+2	0.0000000E+0
1.2443300E+2	6.1743502E+1	6.0586571E+1	0.0000000E+0	0.0000000E+0	1.0000000E+2	0.0000000E+0
1.2448400E+2	6.1739150E+1	6.0582393E+1	0.0000000E+0	0.0000000E+0	1.0000000E+2	0.0000000E+0
1.2453400E+2	6.1747827E+1	6.0583600E+1	0.0000000E+0	0.0000000E+0	1.0000000E+2	0.0000000E+0
1.2458400E+2	6.1753793E+1	6.0572583E+1	0.0000000E+0	0.0000000E+0	1.0000000E+2	0.0000000E+0
1.2463400E+2	6.1776946E+1	6.0594824E+1	0.0000000E+0	0.0000000E+0	1.0000000E+2	0.0000000E+0
1.2468400E+2	6.1784538E+1	6.0588055E+1	0.0000000E+0	0.0000000E+0	1.0000000E+2	0.0000000E+0
1.2473400E+2	6.1782168E+1	6.0604506E+1	0.0000000E+0	0.0000000E+0	1.0000000E+2	0.0000000E+0
1.2478400E+2	6.1775899E+1	6.0603430E+1	0.0000000E+0	0.0000000E+0	1.0000000E+2	0.0000000E+0
1.2483400E+2	6.1780989E+1	6.0601904E+1	0.0000000E+0	0.0000000E+0	1.0000000E+2	0.0000000E+0
1.2488400E+2	6.1775203E+1	6.0610755E+1	0.0000000E+0	0.0000000E+0	1.0000000E+2	0.0000000E+0
1.2493500E+2	6.1769676E+1	6.0610792E+1	0.0000000E+0	0.0000000E+0	1.0000000E+2	0.0000000E+0
1.2498500E+2	6.1789105E+1	6.0633529E+1	0.0000000E+0	0.0000000E+0	1.0000000E+2	0.0000000E+0
1.2503500E+2	6.1779229E+1	6.0626929E+1	0.0000000E+0	0.0000000E+0	1.0000000E+2	0.0000000E+0
1.2508600E+2	6.1783637E+1	6.0634754E+1	0.0000000E+0	0.0000000E+0	1.0000000E+2	0.0000000E+0
1.2513600E+2	6.1798608E+1	6.0636576E+1	0.0000000E+0	0.0000000E+0	1.0000000E+2	0.0000000E+0
1.2518600E+2	6.1815213E+1	6.0648256E+1	0.0000000E+0	0.0000000E+0	1.0000000E+2	0.0000000E+0
1.2523700E+2	6.1806282E+1	6.0639399E+1	0.0000000E+0	0.0000000E+0	1.0000000E+2	0.0000000E+0
1.2528800E+2	6.1826321E+1	6.0651391E+1	0.0000000E+0	0.0000000E+0	1.0000000E+2	0.0000000E+0
1.2533800E+2	6.1827099E+1	6.0651847E+1	0.0000000E+0	0.0000000E+0	1.0000000E+2	0.0000000E+0
1.2538800E+2	6.1824500E+1	6.0650213E+1	0.0000000E+0	0.0000000E+0	1.0000000E+2	0.0000000E+0
1.2543900E+2	6.1814803E+1	6.0655976E+1	0.0000000E+0	0.0000000E+0	1.0000000E+2	0.0000000E+0
1.2549000E+2	6.1802405E+1	6.0645308E+1	0.0000000E+0	0.0000000E+0	1.0000000E+2	0.0000000E+0
1.2554000E+2	6.1802376E+1	6.0650764E+1	0.0000000E+0	0.0000000E+0	1.0000000E+2	0.0000000E+0
1.2559100E+2	6.1819560E+1	6.0659032E+1	0.0000000E+0	0.0000000E+0	1.0000000E+2	0.0000000E+0
1.2564200E+2	6.1828499E+1	6.0656255E+1	0.0000000E+0	0.0000000E+0	1.0000000E+2	0.0000000E+0
1.2569200E+2	6.1861536E+1	6.0676238E+1	0.0000000E+0	0.0000000E+0	1.0000000E+2	0.0000000E+0
1.2574200E+2	6.1862046E+1	6.0657677E+1	0.0000000E+0	0.0000000E+0	1.0000000E+2	0.0000000E+0
1.2579200E+2	6.1871682E+1	6.0662388E+1	0.0000000E+0	0.0000000E+0	1.0000000E+2	0.0000000E+0
1.2584200E+2	6.1881195E+1	6.0664171E+1	0.0000000E+0	0.0000000E+0	1.0000000E+2	0.0000000E+0
1.2589300E+2	6.1882755E+1	6.0672582E+1	0.0000000E+0	0.0000000E+0	1.0000000E+2	0.0000000E+0
1.2594300E+2	6.1878357E+1	6.0656177E+1	0.0000000E+0	0.0000000E+0	1.0000000E+2	0.0000000E+0
1.2599300E+2	6.1889593E+1	6.0658925E+1	0.0000000E+0	0.0000000E+0	1.0000000E+2	0.0000000E+0
1.2604300E+2	6.1903578E+1	6.0671559E+1	0.0000000E+0	0.0000000E+0	1.0000000E+2	0.0000000E+0
1.2609300E+2	6.1912806E+1	6.0672464E+1	0.0000000E+0	0.0000000E+0	1.0000000E+2	0.0000000E+0
1.2614400E+2	6.1919765E+1	6.0673462E+1	0.0000000E+0	0.0000000E+0	1.0000000E+2	0.0000000E+0
1.2619500E+2	6.1935363E+1	6.0682389E+1	0.0000000E+0	0.0000000E+0	1.0000000E+2	0.0000000E+0
1.2624600E+2	6.1936477E+1	6.0683238E+1	0.0000000E+0	0.0000000E+0	1.0000000E+2	0.0000000E+0
1.2629600E+2	6.1943880E+1	6.0679942E+1	0.0000000E+0	0.0000000E+0	1.0000000E+2	0.0000000E+0
1.2634600E+2	6.1945062E+1	6.0689845E+1	0.0000000E+0	0.0000000E+0	1.0000000E+2	0.0000000E+0
1.2639600E+2	6.1931506E+1	6.0687608E+1	0.0000000E+0	0.0000000E+0	1.0000000E+2	0.0000000E+0
1.2644600E+2	6.1950983E+1	6.0699887E+1	0.0000000E+0	0.0000000E+0	1.0000000E+2	0.0000000E+0
1.2649600E+2	6.1954469E+1	6.0694957E+1	0.0000000E+0	0.0000000E+0	1.0000000E+2	0.0000000E+0
1.2654600E+2	6.1947344E+1	6.0690635E+1	0.0000000E+0	0.0000000E+0	1.0000000E+2	0.0000000E+0
1.2659600E+2	6.1947169E+1	6.0691594E+1	0.0000000E+0	0.0000000E+0	1.0000000E+2	0.0000000E+0
1.2664600E+2	6.1962089E+1	6.0694902E+1	0.0000000E+0	0.0000000E+0	1.0000000E+2	0.0000000E+0
1.2669700E+2	6.1953209E+1	6.0691543E+1	0.0000000E+0	0.0000000E+0	1.0000000E+2	0.0000000E+0
1.2674700E+2	6.1957079E+1	6.0691291E+1	0.0000000E+0	0.0000000E+0	1.0000000E+2	0.0000000E+0
1.2679800E+2	6.1959982E+1	6.0688336E+1	0.0000000E+0	0.0000000E+0	1.0000000E+2	0.0000000E+0
1.2684800E+2	6.1971625E+1	6.0692298E+1	0.0000000E+0	0.0000000E+0	1.0000000E+2	0.0000000E+0
1.2689800E+2	6.1973097E+1	6.0694370E+1	0.0000000E+0	0.0000000E+0	1.0000000E+2	0.0000000E+0
1.2694800E+2	6.1971656E+1	6.0695788E+1	0.0000000E+0	0.0000000E+0	1.0000000E+2	0.0000000E+0
1.2699800E+2	6.1971103E+1	6.0689647E+1	0.0000000E+0	0.0000000E+0	1.0000000E+2	0.0000000E+0
1.2704800E+2	6.1963211E+1	6.0683327E+1	0.0000000E+0	0.0000000E+0	1.0000000E+2	0.0000000E+0
1.2709900E+2	6.1969936E+1	6.0694509E+1	0.0000000E+0	0.0000000E+0	1.0000000E+2	0.0000000E+0
1.2714900E+2	6.1974254E+1	6.0688795E+1	0.0000000E+0	0.0000000E+0	1.0000000E+2	0.0000000E+0
1.2720000E+2	6.1958911E+1	6.0690709E+1	0.0000000E+0	0.0000000E+0	1.0000000E+2	0.0000000E+0
1.2725000E+2	6.1955026E+1	6.0690415E+1	0.0000000E+0	0.0000000E+0	1.0000000E+2	0.0000000E+0
1.2730100E+2	6.1951420E+1	6.0683885E+1	0.0000000E+0	0.0000000E+0	1.0000000E+2	0.0000000E+0
1.2735100E+2	6.1963361E+1	6.0702738E+1	0.0000000E+0	0.0000000E+0	1.0000000E+2	0.0000000E+0
1.2740200E+2	6.1949900E+1	6.0690865E+1	0.0000000E+0	0.0000000E+0	1.0000000E+2	0.0000000E+0
1.2745300E+2	6.1938058E+1	6.0683128E+1	0.0000000E+0	0.0000000E+0	1.0000000E+2	0.0000000E+0
1.2750400E+2	6.1941572E+1	6.0676099E+1	0.0000000E+0	0.0000000E+0	1.0000000E+2	0.0000000E+0
1.2755500E+2	6.1948653E+1	6.0690517E+1	0.0000000E+0	0.0000000E+0	1.0000000E+2	0.0000000E+0
1.2760500E+2	6.1949300E+1	6.0680641E+1	0.0000000E+0	0.0000000E+0	1.0000000E+2	0.0000000E+0
1.2765600E+2	6.1946712E+1	6.0686328E+1	0.0000000E+0	0.0000000E+0	1.0000000E+2	0.0000000E+0
1.2770600E+2	6.1939656E+1	6.0671986E+1	0.0000000E+0	0.0000000E+0	1.0000000E+2	0.0000000E+0
1.2775600E+2	6.1933349E+1	6.0679850E+1	0.0000000E+0	0.0000000E+0	1.0000000E+2	0.0000000E+0
1.2780600E+2	6.1927465E+1	6.0689466E+1	0.0000000E+0	0.0000000E+0	1.0000000E+2	0.0000000E+0
1.2785700E+2	6.1912676E+1	6.0685000E+1	0.0000000E+0	0.0000000E+0	1.0000000E+2	0.0000000E+0
1.2790700E+2	6.1921559E+1	6.0696545E+1	0.0000000E+0	0.0000000E+0	1.0000000E+2	0.0000000E+0
1.2795700E+2	6.1902403E+1	6.0686961E+1	0.0000000E+0	0.0000000E+0	1.0000000E+2	0.0000000E+0
1.2800700E+2	6.1879726E+1	6.0682243E+1	0.0000000E+0	0.0000000E+0	1.0000000E+2	0.0000000E+0
1.2805700E+2	6.1866585E+1	6.0674174E+1	0.0000000E+0	0.0000000E+0	1.0000000E+2	0.0000000E+0
1.2810700E+2	6.1844072E+1	6.0670721E+1	0.0000000E+0	0.0000000E+0	1.0000000E+2	0.0000000E+0
1.2815700E+2	6.1838926E+1	6.0665655E+1	0.0000000E+0	0.0000000E+0	1.0000000E+2	0.0000000E+0
1.2820700E+2	6.1830224E+1	6.0664708E+1	0.0000000E+0	0.0000000E+0	1.0000000E+2	0.0000000E+0
1.2825700E+2	6.1834617E+1	6.0671091E+1	0.0000000E+0	0.0000000E+0	1.0000000E+2	0.0000000E+0
1.2830800E+2	6.1845850E+1	6.0676364E+1	0.0000000E+0	0.0000000E+0	1.0000000E+2	0.0000000E+0
1.2835800E+2	6.1851961E+1	6.0677165E+1	0.0000000E+0	0.0000000E+0	1.0000000E+2	0.0000000E+0
1.2840800E+2	6.1844796E+1	6.0666655E+1	0.0000000E+0	0.0000000E+0	1.0000000E+2	0.0000000E+0
1.2845800E+2	6.1866537E+1	6.0670895E+1	0.0000000E+0	0.0000000E+0	1.0000000E+2	0.0000000E+0
1.2850800E+2	6.1891550E+1	6.0687109E+1	0.0000000E+0	0.0000000E+0	1.0000000E+2	0.0000000E+0
1.2855800E+2	6.1891779E+1	6.0693420E+1	0.0000000E+0	0.0000000E+0	1.0000000E+2	0.0000000E+0
1.2860800E+2	6.1899419E+1	6.0688352E+1	0.0000000E+0	0.0000000E+0	1.0000000E+2	0.0000000E+0
1.2865900E+2	6.1887614E+1	6.0682439E+1	0.0000000E+0	0.0000000E+0	1.0000000E+2	0.0000000E+0
1.2871000E+2	6.1879320E+1	6.0685733E+1	0.0000000E+0	0.0000000E+0	1.0000000E+2	0.0000000E+0
1.2876000E+2	6.1882190E+1	6.0678229E+1	0.0000000E+0	0.0000000E+0	1.0000000E+2	0.0000000E+0
1.2881000E+2	6.1856873E+1	6.0669776E+1	0.0000000E+0	0.0000000E+0	1.0000000E+2	0.0000000E+0
1.2886000E+2	6.1863951E+1	6.0668219E+1	0.0000000E+0	0.0000000E+0	1.0000000E+2	0.0000000E+0
1.2891000E+2	6.1858255E+1	6.0663050E+1	0.0000000E+0	0.0000000E+0	1.0000000E+2	0.0000000E+0
1.2896000E+2	6.1857678E+1	6.0665037E+1	0.0000000E+0	0.0000000E+0	1.0000000E+2	0.0000000E+0
1.2901000E+2	6.1866700E+1	6.0667761E+1	0.0000000E+0	0.0000000E+0	1.0000000E+2	0.0000000E+0
1.2906000E+2	6.1870118E+1	6.0660073E+1	0.0000000E+0	0.0000000E+0	1.0000000E+2	0.0000000E+0
1.2911000E+2	6.1892008E+1	6.0668819E+1	0.0000000E+0	0.0000000E+0	1.0000000E+2	0.0000000E+0
1.2916000E+2	6.1910675E+1	6.0674676E+1	0.0000000E+0	0.0000000E+0	1.0000000E+2	0.0000000E+0
1.2921000E+2	6.1907503E+1	6.0668397E+1	0.0000000E+0	0.0000000E+0	1.0000000E+2	0.0000000E+0
1.2926000E+2	6.1909284E+1	6.0674293E+1	0.0000000E+0	0.0000000E+0	1.0000000E+2	0.0000000E+0
1.2931000E+2	6.1914306E+1	6.0680547E+1	0.0000000E+0	0.0000000E+0	1.0000000E+2	0.0000000E+0
1.2936000E+2	6.1902079E+1	6.0666107E+1	0.0000000E+0	0.0000000E+0	1.0000000E+2	0.0000000E+0
1.2941100E+2	6.1906591E+1	6.0674924E+1	0.0000000E+0	0.0000000E+0	1.0000000E+2	0.0000000E+0
1.2946100E+2	6.1892631E+1	6.0661661E+1	0.0000000E+0	0.0000000E+0	1.0000000E+2	0.0000000E+0
1.2951200E+2	6.1887108E+1	6.0660019E+1	0.0000000E+0	0.0000000E+0	1.0000000E+2	0.0000000E+0
1.2956200E+2	6.1885672E+1	6.0667032E+1	0.0000000E+0	0.0000000E+0	1.0000000E+2	0.0000000E+0
1.2961200E+2	6.1877151E+1	6.0658788E+1	0.0000000E+0	0.0000000E+0	1.0000000E+2	0.0000000E+0
1.2966300E+2	6.1870547E+1	6.0648719E+1	0.0000000E+0	0.0000000E+0	1.0000000E+2	0.0000000E+0
1.2971400E+2	6.1869824E+1	6.0659373E+1	0.0000000E+0	0.0000000E+0	1.0000000E+2	0.0000000E+0
1.2976400E+2	6.1847829E+1	6.0639928E+1	0.0000000E+0	0.0000000E+0	1.0000000E+2	0.0000000E+0
1.2981400E+2	6.1824018E+1	6.0637708E+1	0.0000000E+0	0.0000000E+0	1.0000000E+2	0.0000000E+0
1.2986400E+2	6.1824661E+1	6.0637894E+1	0.0000000E+0	0.0000000E+0	1.0000000E+2	0.0000000E+0
1.2991500E+2	6.1833365E+1	6.0654193E+1	0.0000000E+0	0.0000000E+0	1.0000000E+2	0.0000000E+0
1.2996500E+2	6.1833971E+1	6.0650260E+1	0.0000000E+0	0.0000000E+0	1.0000000E+2	0.0000000E+0
1.3001600E+2	6.1827320E+1	6.0639669E+1	0.0000000E+0	0.0000000E+0	1.0000000E+2	0.0000000E+0
1.3006600E+2	6.1828300E+1	6.0652296E+1	0.0000000E+0	0.0000000E+0	1.0000000E+2	0.0000000E+0
1.3011600E+2	6.1833241E+1	6.0657892E+1	0.0000000E+0	0.0000000E+0	1.0000000E+2	0.0000000E+0
1.3016600E+2	6.1823095E+1	6.0647558E+1	0.0000000E+0	0.0000000E+0	1.0000000E+2	0.0000000E+0
1.3021600E+2	6.1827150E+1	6.0649685E+1	0.0000000E+0	0.0000000E+0	1.0000000E+2	0.0000000E+0
1.3026600E+2	6.1835322E+1	6.0642779E+1	0.0000000E+0	0.0000000E+0	1.0000000E+2	0.0000000E+0
1.3031600E+2	6.1836169E+1	6.0647132E+1	0.0000000E+0	0.0000000E+0	1.0000000E+2	0.0000000E+0
1.3036700E+2	6.1831197E+1	6.0641835E+1	0.0000000E+0	0.0000000E+0	1.0000000E+2	0.0000000E+0
1.3041800E+2	6.1828771E+1	6.0644958E+1	0.0000000E+0	0.0000000E+0	1.0000000E+2	0.0000000E+0
1.3046900E+2	6.1820379E+1	6.0653948E+1	0.0000000E+0	0.0000000E+0	1.0000000E+2	0.0000000E+0
1.3051900E+2	6.1823798E+1	6.0657109E+1	0.0000000E+0	0.0000000E+0	1.0000000E+2	0.0000000E+0
1.3056900E+2	6.1825048E+1	6.0657152E+1	0.0000000E+0	0.0000000E+0	1.0000000E+2	0.0000000E+0
1.3061900E+2	6.1825188E+1	6.0662099E+1	0.0000000E+0	0.0000000E+0	1.0000000E+2	0.0000000E+0
1.3067000E+2	6.1822268E+1	6.0668195E+1	0.0000000E+0	0.0000000E+0	1.0000000E+2	0.0000000E+0
1.3072000E+2	6.1804163E+1	6.0659737E+1	0.0000000E+0	0.0000000E+0	1.0000000E+2	0.0000000E+0
1.3077000E+2	6.1801448E+1	6.0663459E+1	0.0000000E+0	0.0000000E+0	1.0000000E+2	0.0000000E+0
1.3082000E+2	6.1795961E+1	6.0664726E+1	0.0000000E+0	0.0000000E+0	1.0000000E+2	0.0000000E+0
1.3087000E+2	6.1793235E+1	6.0657529E+1	0.0000000E+0	0.0000000E+0	1.0000000E+2	0.0000000E+0
1.3092000E+2	6.1787532E+1	6.0655880E+1	0.0000000E+0	0.0000000E+0	1.0000000E+2	0.0000000E+0
1.3097000E+2	6.1800403E+1	6.0659868E+1	0.0000000E+0	0.0000000E+0	1.0000000E+2	0.0000000E+0
1.3102000E+2	6.1811368E+1	6.0663657E+1	0.0000000E+0	0.0000000E+0	1.0000000E+2	0.0000000E+0
1.3107100E+2	6.1801708E+1	6.0658154E+1	0.0000000E+0	0.0000000E+0	1.0000000E+2	0.0000000E+0
1.3112100E+2	6.1779319E+1	6.0652851E+1	0.0000000E+0	0.0000000E+0	1.0000000E+2	0.0000000E+0
1.3117100E+2	6.1768067E+1	6.0655768E+1	0.0000000E+0	0.0000000E+0	1.0000000E+2	0.0000000E+0
1.3122100E+2	6.1753990E+1	6.0654239E+1	0.0000000E+0	0.0000000E+0	1.0000000E+2	0.0000000E+0
1.3127100E+2	6.1747366E+1	6.0644157E+1	0.0000000E+0	0.0000000E+0	1.0000000E+2	0.0000000E+0
1.3132100E+2	6.1745312E+1	6.0634977E+1	0.0000000E+0	0.0000000E+0	1.0000000E+2	0.0000000E+0
1.3137100E+2	6.1738693E+1	6.0638144E+1	0.0000000E+0	0.0000000E+0	1.0000000E+2	0.0000000E+0
1.3142200E+2	6.1739007E+1	6.0628816E+1	0.0000000E+0	0.0000000E+0	1.0000000E+2	0.0000000E+0
1.3147300E+2	6.1749673E+1	6.0634735E+1	0.0000000E+0	0.0000000E+0	1.0000000E+2	0.0000000E+0
1.3152300E+2	6.1754572E+1	6.0645527E+1	0.0000000E+0	0.0000000E+0	1.0000000E+2	0.0000000E+0
1.3157300E+2	6.1744274E+1	6.0643506E+1	0.0000000E+0	0.0000000E+0	1.0000000E+2	0.0000000E+0
1.3162400E+2	6.1745018E+1	6.0641967E+1	0.0000000E+0	0.0000000E+0	1.0000000E+2	0.0000000E+0
1.3167400E+2	6.1746784E+1	6.0643162E+1	0.0000000E+0	0.0000000E+0	1.0000000E+2	0.0000000E+0
1.3172500E+2	6.1746841E+1	6.0642858E+1	0.0000000E+0	0.0000000E+0	1.0000000E+2	0.0000000E+0
1.3177600E+2	6.1754811E+1	6.0637179E+1	0.0000000E+0	0.0000000E+0	1.0000000E+2	0.0000000E+0
1.3182600E+2	6.1763458E+1	6.0626747E+1	0.0000000E+0	0.0000000E+0	1.0000000E+2	0.0000000E+0
1.3187800E+2	6.1787801E+1	6.0635628E+1	0.0000000E+0	0.0000000E+0	1.0000000E+2	0.0000000E+0
1.3192900E+2	6.1808519E+1	6.0649829E+1	0.0000000E+0	0.0000000E+0	1.0000000E+2	0.0000000E+0
1.3198000E+2	6.1796897E+1	6.0638674E+1	0.0000000E+0	0.0000000E+0	1.0000000E+2	0.0000000E+0
1.3203000E+2	6.1812490E+1	6.0656777E+1	0.0000000E+0	0.0000000E+0	1.0000000E+2	0.0000000E+0
1.3208000E+2	6.1818000E+1	6.0661534E+1	0.0000000E+0	0.0000000E+0	1.0000000E+2	0.0000000E+0
1.3213000E+2	6.1822067E+1	6.0669369E+1	0.0000000E+0	0.0000000E+0	1.0000000E+2	0.0000000E+0
1.3218000E+2	6.1816644E+1	6.0664962E+1	0.0000000E+0	0.0000000E+0	1.0000000E+2	0.0000000E+0
1.3223000E+2	6.1819609E+1	6.0661085E+1	0.0000000E+0	0.0000000E+0	1.0000000E+2	0.0000000E+0
1.3228000E+2	6.1814410E+1	6.0656558E+1	0.0000000E+0	0.0000000E+0	1.0000000E+2	0.0000000E+0
1.3233000E+2	6.1809158E+1	6.0656505E+1	0.0000000E+0	0.0000000E+0	1.0000000E+2	0.0000000E+0
1.3238000E+2	6.1802288E+1	6.0659623E+1	0.0000000E+0	0.0000000E+0	1.0000000E+2	0.0000000E+0
1.3243000E+2	6.1778198E+1	6.0640442E+1	0.0000000E+0	0.0000000E+0	1.0000000E+2	0.0000000E+0
1.3248000E+2	6.1801627E+1	6.0649252E+1	0.0000000E+0	0.0000000E+0	1.0000000E+2	0.0000000E+0
1.3253000E+2	6.1796268E+1	6.0647796E+1	0.0000000E+0	0.0000000E+0	1.0000000E+2	0.0000000E+0
1.3258000E+2	6.1794350E+1	6.0648768E+1	0.0000000E+0	0.0000000E+0	1.0000000E+2	0.0000000E+0
1.3263100E+2	6.1808000E+1	6.0648727E+1	0.0000000E+0	0.0000000E+0	1.0000000E+2	0.0000000E+0
1.3268100E+2	6.1823184E+1	6.0656459E+1	0.0000000E+0	0.0000000E+0	1.0000000E+2	0.0000000E+0
1.3273200E+2	6.1813898E+1	6.0654248E+1	0.0000000E+0	0.0000000E+0	1.0000000E+2	0.0000000E+0
1.3278200E+2	6.1803919E+1	6.0656877E+1	0.0000000E+0	0.0000000E+0	1.0000000E+2	0.0000000E+0
1.3283300E+2	6.1780481E+1	6.0652129E+1	0.0000000E+0	0.0000000E+0	1.0000000E+2	0.0000000E+0
1.3288300E+2	6.1769621E+1	6.0645987E+1	0.0000000E+0	0.0000000E+0	1.0000000E+2	0.0000000E+0
1.3293400E+2	6.1755610E+1	6.0647451E+1	0.0000000E+0	0.0000000E+0	1.0000000E+2	0.0000000E+0
1.3298400E+2	6.1756034E+1	6.0667415E+1	0.0000000E+0	0.0000000E+0	1.0000000E+2	0.0000000E+0
1.3303400E+2	6.1741065E+1	6.0659200E+1	0.0000000E+0	0.0000000E+0	1.0000000E+2	0.0000000E+0
1.3308400E+2	6.1723260E+1	6.0648523E+1	0.0000000E+0	0.0000000E+0	1.0000000E+2	0.0000000E+0
1.3313400E+2	6.1721612E+1	6.0646810E+1	0.0000000E+0	0.0000000E+0	1.0000000E+2	0.0000000E+0
1.3318400E+2	6.1718792E+1	6.0656161E+1	0.0000000E+0	0.0000000E+0	1.0000000E+2	0.0000000E+0
1.3323400E+2	6.1694686E+1	6.0630803E+1	0.0000000E+0	0.0000000E+0	1.0000000E+2	0.0000000E+0
1.3328400E+2	6.1687225E+1	6.0635867E+1	0.0000000E+0	0.0000000E+0	1.0000000E+2	0.0000000E+0
1.3333500E+2	6.1692844E+1	6.0649226E+1	0.0000000E+0	0.0000000E+0	1.0000000E+2	0.0000000E+0
1.3338600E+2	6.1675131E+1	6.0638232E+1	0.0000000E+0	0.0000000E+0	1.0000000E+2	0.0000000E+0
1.3343700E+2	6.1631096E+1	6.0627287E+1	0.0000000E+0	0.0000000E+0	1.0000000E+2	0.0000000E+0
1.3348700E+2	6.1610692E+1	6.0622283E+1	0.0000000E+0	0.0000000E+0	1.0000000E+2	0.0000000E+0
1.3353700E+2	6.1601219E+1	6.0623631E+1	0.0000000E+0	0.0000000E+0	1.0000000E+2	0.0000000E+0
1.3358700E+2	6.1598345E+1	6.0622252E+1	0.0000000E+0	0.0000000E+0	1.0000000E+2	0.0000000E+0
1.3363800E+2	6.1615391E+1	6.0631255E+1	0.0000000E+0	0.0000000E+0	1.0000000E+2	0.0000000E+0
1.3368800E+2	6.1617045E+1	6.0636682E+1	0.0000000E+0	0.0000000E+0	1.0000000E+2	0.0000000E+0
1.3373800E+2	6.1613317E+1	6.0633919E+1	0.0000000E+0	0.0000000E+0	1.0000000E+2	0.0000000E+0
1.3378900E+2	6.1627359E+1	6.0647511E+1	0.0000000E+0	0.0000000E+0	1.0000000E+2	0.0000000E+0
1.3383900E+2	6.1633477E+1	6.0664654E+1	0.0000000E+0	0.0000000E+0	1.0000000E+2	0.0000000E+0
1.3388900E+2	6.1616735E+1	6.0645877E+1	0.0000000E+0	0.0000000E+0	1.0000000E+2	0.0000000E+0
1.3393900E+2	6.1615742E+1	6.0644827E+1	0.0000000E+0	0.0000000E+0	1.0000000E+2	0.0000000E+0
1.3398900E+2	6.1624094E+1	6.0648287E+1	0.0000000E+0	0.0000000E+0	1.0000000E+2	0.0000000E+0
1.3403900E+2	6.1621538E+1	6.0649724E+1	0.0000000E+0	0.0000000E+0	1.0000000E+2	0.0000000E+0
1.3408900E+2	6.1631157E+1	6.0660590E+1	0.0000000E+0	0.0000000E+0	1.0000000E+2	0.0000000E+0
1.3414000E+2	6.1616014E+1	6.0645907E+1	0.0000000E+0	0.0000000E+0	1.0000000E+2	0.0000000E+0
1.3419000E+2	6.1598195E+1	6.0634390E+1	0.0000000E+0	0.0000000E+0	1.0000000E+2	0.0000000E+0
1.3424000E+2	6.1585840E+1	6.0622622E+1	0.0000000E+0	0.0000000E+0	1.0000000E+2	0.0000000E+0
1.3429000E+2	6.1585532E+1	6.0622818E+1	0.0000000E+0	0.0000000E+0	1.0000000E+2	0.0000000E+0
1.3434000E+2	6.1600012E+1	6.0627743E+1	0.0000000E+0	0.0000000E+0	1.0000000E+2	0.0000000E+0
1.3439000E+2	6.1606726E+1	6.0634743E+1	0.0000000E+0	0.0000000E+0	1.0000000E+2	0.0000000E+0
1.3444100E+2	6.1611240E+1	6.0617042E+1	0.0000000E+0	0.0000000E+0	1.0000000E+2	0.0000000E+0
1.3449200E+2	6.1616604E+1	6.0629437E+1	0.0000000E+0	0.0000000E+0	1.0000000E+2	0.0000000E+0
1.3454300E+2	6.1622423E+1	6.0638960E+1	0.0000000E+0	0.0000000E+0	1.0000000E+2	0.0000000E+0
1.3459300E+2	6.1633586E+1	6.0632849E+1	0.0000000E+0	0.0000000E+0	1.0000000E+2	0.0000000E+0
1.3464300E+2	6.1625149E+1	6.0639489E+1	0.0000000E+0	0.0000000E+0	1.0000000E+2	0.0000000E+0
1.3469300E+2	6.1620081E+1	6.0635721E+1	0.0000000E+0	0.0000000E+0	1.0000000E+2	0.0000000E+0
1.3474300E+2	6.1608169E+1	6.0625912E+1	0.0000000E+0	0.0000000E+0	1.0000000E+2	0.0000000E+0
1.3479300E+2	6.1630145E+1	6.0638481E+1	0.0000000E+0	0.0000000E+0	1.0000000E+2	0.0000000E+0
1.3484300E+2	6.1624594E+1	6.0634207E+1	0.0000000E+0	0.0000000E+0	1.0000000E+2	0.0000000E+0
1.3489300E+2	6.1642121E+1	6.0643517E+1	0.0000000E+0	0.0000000E+0	1.0000000E+2	0.0000000E+0
1.3494300E+2	6.1644005E+1	6.0643716E+1	0.0000000E+0	0.0000000E+0	1.0000000E+2	0.0000000E+0
1.3499300E+2	6.1640246E+1	6.0629804E+1	0.0000000E+0	0.0000000E+0	1.0000000E+2	0.0000000E+0
1.3504300E+2	6.1664192E+1	6.0636231E+1	0.0000000E+0	0.0000000E+0	1.0000000E+2	0.0000000E+0
1.3509300E+2	6.1694396E+1	6.0642732E+1	0.0000000E+0	0.0000000E+0	1.0000000E+2	0.0000000E+0
1.3514300E+2	6.1709455E+1	6.0638654E+1	0.0000000E+0	0.0000000E+0	1.0000000E+2	0.0000000E+0
1.3519400E+2	6.1720946E+1	6.0637023E+1	0.0000000E+0	0.0000000E+0	1.0000000E+2	0.0000000E+0
1.3524500E+2	6.1739452E+1	6.0642552E+1	0.0000000E+0	0.0000000E+0	1.0000000E+2	0.0000000E+0
1.3529500E+2	6.1735131E+1	6.0631535E+1	0.0000000E+0	0.0000000E+0	1.0000000E+2	0.0000000E+0
1.3534500E+2	6.1749255E+1	6.0627621E+1	0.0000000E+0	0.0000000E+0	1.0000000E+2	0.0000000E+0
1.3539500E+2	6.1775392E+1	6.0622639E+1	0.0000000E+0	0.0000000E+0	1.0000000E+2	0.0000000E+0
1.3544500E+2	6.1778208E+1	6.0610661E+1	0.0000000E+0	0.0000000E+0	1.0000000E+2	0.0000000E+0
1.3549500E+2	6.1796789E+1	6.0616220E+1	0.0000000E+0	0.0000000E+0	1.0000000E+2	0.0000000E+0
1.3554500E+2	6.1796098E+1	6.0615643E+1	0.0000000E+0	0.0000000E+0	1.0000000E+2	0.0000000E+0
1.3559500E+2	6.1798822E+1	6.0614437E+1	0.0000000E+0	0.0000000E+0	1.0000000E+2	0.0000000E+0
1.3564600E+2	6.1790584E+1	6.0603895E+1	0.0000000E+0	0.0000000E+0	1.0000000E+2	0.0000000E+0
1.3569600E+2	6.1796835E+1	6.0618337E+1	0.0000000E+0	0.0000000E+0	1.0000000E+2	0.0000000E+0
1.3574600E+2	6.1797319E+1	6.0610644E+1	0.0000000E+0	0.0000000E+0	1.0000000E+2	0.0000000E+0
1.3579600E+2	6.1781778E+1	6.0592965E+1	0.0000000E+0	0.0000000E+0	1.0000000E+2	0.0000000E+0
1.3584600E+2	6.1782130E+1	6.0584791E+1	0.0000000E+0	0.0000000E+0	1.0000000E+2	0.0000000E+0
1.3589600E+2	6.1782287E+1	6.0581728E+1	0.0000000E+0	0.0000000E+0	1.0000000E+2	0.0000000E+0
1.3594600E+2	6.1782605E+1	6.0574916E+1	0.0000000E+0	0.0000000E+0	1.0000000E+2	0.0000000E+0
1.3599700E+2	6.1792086E+1	6.0571656E+1	0.0000000E+0	0.0000000E+0	1.0000000E+2	0.0000000E+0
1.3604700E+2	6.1790833E+1	6.0573914E+1	0.0000000E+0	0.0000000E+0	1.0000000E+2	0.0000000E+0
1.3609700E+2	6.1792288E+1	6.0572007E+1	0.0000000E+0	0.0000000E+0	1.0000000E+2	0.0000000E+0
1.3614700E+2	6.1800736E+1	6.0573200E+1	0.0000000E+0	0.0000000E+0	1.0000000E+2	0.0000000E+0
1.3619700E+2	6.1822524E+1	6.0577948E+1	0.0000000E+0	0.0000000E+0	1.0000000E+2	0.0000000E+0
1.3624700E+2	6.1833152E+1	6.0581139E+1	0.0000000E+0	0.0000000E+0	1.0000000E+2	0.0000000E+0
1.3629700E+2	6.1824978E+1	6.0568188E+1	0.0000000E+0	0.0000000E+0	1.0000000E+2	0.0000000E+0
1.3634800E+2	6.1837996E+1	6.0580529E+1	0.0000000E+0	0.0000000E+0	1.0000000E+2	0.0000000E+0
1.3639900E+2	6.1830670E+1	6.0568292E+1	0.0000000E+0	0.0000000E+0	1.0000000E+2	0.0000000E+0
1.3644900E+2	6.1842168E+1	6.0578086E+1	0.0000000E+0	0.0000000E+0	1.0000000E+2	0.0000000E+0
1.3649900E+2	6.1842094E+1	6.0572287E+1	0.0000000E+0	0.0000000E+0	1.0000000E+2	0.0000000E+0
1.3654900E+2	6.1862833E+1	6.0576939E+1	0.0000000E+0	0.0000000E+0	1.0000000E+2	0.0000000E+0
1.3659900E+2	6.1878361E+1	6.0590841E+1	0.0000000E+0	0.0000000E+0	1.0000000E+2	0.0000000E+0
1.3664900E+2	6.1857140E+1	6.0577766E+1	0.0000000E+0	0.0000000E+0	1.0000000E+2	0.0000000E+0
1.3670100E+2	6.1853630E+1	6.0573189E+1	0.0000000E+0	0.0000000E+0	1.0000000E+2	0.0000000E+0
1.3675200E+2	6.1867453E+1	6.0588044E+1	0.0000000E+0	0.0000000E+0	1.0000000E+2	0.0000000E+0
1.3680200E+2	6.1863059E+1	6.0592932E+1	0.0000000E+0	0.0000000E+0	1.0000000E+2	0.0000000E+0
1.3685200E+2	6.1870254E+1	6.0583946E+1	0.0000000E+0	0.0000000E+0	1.0000000E+2	0.0000000E+0
1.3690300E+2	6.1891286E+1	6.0604154E+1	0.0000000E+0	0.0000000E+0	1.0000000E+2	0.0000000E+0
1.3695300E+2	6.1893643E+1	6.0606081E+1	0.0000000E+0	0.0000000E+0	1.0000000E+2	0.0000000E+0
1.3700300E+2	6.1903988E+1	6.0613190E+1	0.0000000E+0	0.0000000E+0	1.0000000E+2	0.0000000E+0
1.3705300E+2	6.1896703E+1	6.0612650E+1	0.0000000E+0	0.0000000E+0	1.0000000E+2	0.0000000E+0
1.3710300E+2	6.1914510E+1	6.0613864E+1	0.0000000E+0	0.0000000E+0	1.0000000E+2	0.0000000E+0
1.3715300E+2	6.1925873E+1	6.0631225E+1	0.0000000E+0	0.0000000E+0	1.0000000E+2	0.0000000E+0
1.3720300E+2	6.1920004E+1	6.0617950E+1	0.0000000E+0	0.0000000E+0	1.0000000E+2	0.0000000E+0
1.3725300E+2	6.1920432E+1	6.0622316E+1	0.0000000E+0	0.0000000E+0	1.0000000E+2	0.0000000E+0
1.3730300E+2	6.1931322E+1	6.0636612E+1	0.0000000E+0	0.0000000E+0	1.0000000E+2	0.0000000E+0
1.3735300E+2	6.1919291E+1	6.0631358E+1	0.0000000E+0	0.0000000E+0	1.0000000E+2	0.0000000E+0
1.3740300E+2	6.1905676E+1	6.0625590E+1	0.0000000E+0	0.0000000E+0	1.0000000E+2	0.0000000E+0
1.3745300E+2	6.1906417E+1	6.0629057E+1	0.0000000E+0	0.0000000E+0	1.0000000E+2	0.0000000E+0
1.3750300E+2	6.1914061E+1	6.0630850E+1	0.0000000E+0	0.0000000E+0	1.0000000E+2	0.0000000E+0
1.3755300E+2	6.1907695E+1	6.0633375E+1	0.0000000E+0	0.0000000E+0	1.0000000E+2	0.0000000E+0
1.3760300E+2	6.1901287E+1	6.0638648E+1	0.0000000E+0	0.0000000E+0	1.0000000E+2	0.0000000E+0
1.3765300E+2	6.1893811E+1	6.0626923E+1	0.0000000E+0	0.0000000E+0	1.0000000E+2	0.0000000E+0
1.3770300E+2	6.1906213E+1	6.0641293E+1	0.0000000E+0	0.0000000E+0	1.0000000E+2	0.0000000E+0
1.3775300E+2	6.1898390E+1	6.0641116E+1	0.0000000E+0	0.0000000E+0	1.0000000E+2	0.0000000E+0
1.3780300E+2	6.1899088E+1	6.0650166E+1	0.0000000E+0	0.0000000E+0	1.0000000E+2	0.0000000E+0
1.3785300E+2	6.1888183E+1	6.0640590E+1	0.0000000E+0	0.0000000E+0	1.0000000E+2	0.0000000E+0
1.3790300E+2	6.1891018E+1	6.0639506E+1	0.0000000E+0	0.0000000E+0	1.0000000E+2	0.0000000E+0
1.3795300E+2	6.1881810E+1	6.0641104E+1	0.0000000E+0	0.0000000E+0	1.0000000E+2	0.0000000E+0
1.3800300E+2	6.1885240E+1	6.0634285E+1	0.0000000E+0	0.0000000E+0	1.0000000E+2	0.0000000E+0
1.3805400E+2	6.1901781E+1	6.0629442E+1	0.0000000E+0	0.0000000E+0	1.0000000E+2	0.0000000E+0
1.3810500E+2	6.1907092E+1	6.0633594E+1	0.0000000E+0	0.0000000E+0	1.0000000E+2	0.0000000E+0
1.3815500E+2	6.1913159E+1	6.0625667E+1	0.0000000E+0	0.0000000E+0	1.0000000E+2	0.0000000E+0
1.3820600E+2	6.1923489E+1	6.0640428E+1	0.0000000E+0	0.0000000E+0	1.0000000E+2	0.0000000E+0
1.3825700E+2	6.1941574E+1	6.0651150E+1	0.0000000E+0	0.0000000E+0	1.0000000E+2	0.0000000E+0
1.3830800E+2	6.1953312E+1	6.0654022E+1	0.0000000E+0	0.0000000E+0	1.0000000E+2	0.0000000E+0
1.3835800E+2	6.1947367E+1	6.0639874E+1	0.0000000E+0	0.0000000E+0	1.0000000E+2	0.0000000E+0
1.3840900E+2	6.1952107E+1	6.0642718E+1	0.0000000E+0	0.0000000E+0	1.0000000E+2	0.0000000E+0
1.3845900E+2	6.1948668E+1	6.0645809E+1	0.0000000E+0	0.0000000E+0	1.0000000E+2	0.0000000E+0
1.3850900E+2	6.1972149E+1	6.0658373E+1	0.0000000E+0	0.0000000E+0	1.0000000E+2	0.0000000E+0
1.3855900E+2	6.1977952E+1	6.0652587E+1	0.0000000E+0	0.0000000E+0	1.0000000E+2	0.0000000E+0
1.3860900E+2	6.1990607E+1	6.0654285E+1	0.0000000E+0	0.0000000E+0	1.0000000E+2	0.0000000E+0
1.3865900E+2	6.2006394E+1	6.0661918E+1	0.0000000E+0	0.0000000E+0	1.0000000E+2	0.0000000E+0
1.3870900E+2	6.2015370E+1	6.0658405E+1	0.0000000E+0	0.0000000E+0	1.0000000E+2	0.0000000E+0
1.3875900E+2	6.2025469E+1	6.0661489E+1	0.0000000E+0	0.0000000E+0	1.0000000E+2	0.0000000E+0
1.3880900E+2	6.2051904E+1	6.0673496E+1	0.0000000E+0	0.0000000E+0	1.0000000E+2	0.0000000E+0
1.3886000E+2	6.2057859E+1	6.0677220E+1	0.0000000E+0	0.0000000E+0	1.0000000E+2	0.0000000E+0
1.3891000E+2	6.2050273E+1	6.0672670E+1	0.0000000E+0	0.0000000E+0	1.0000000E+2	0.0000000E+0
1.3896100E+2	6.2049404E+1	6.0675679E+1	0.0000000E+0	0.0000000E+0	1.0000000E+2	0.0000000E+0
1.3901200E+2	6.2052904E+1	6.0670289E+1	0.0000000E+0	0.0000000E+0	1.0000000E+2	0.0000000E+0
1.3906300E+2	6.2048273E+1	6.0668693E+1	0.0000000E+0	0.0000000E+0	1.0000000E+2	0.0000000E+0
1.3911400E+2	6.2059913E+1	6.0673993E+1	0.0000000E+0	0.0000000E+0	1.0000000E+2	0.0000000E+0
1.3916400E+2	6.2053860E+1	6.0666646E+1	0.0000000E+0	0.0000000E+0	1.0000000E+2	0.0000000E+0
1.3921400E+2	6.2037103E+1	6.0651650E+1	0.0000000E+0	0.0000000E+0	1.0000000E+2	0.0000000E+0
1.3926500E+2	6.2051952E+1	6.0653434E+1	0.0000000E+0	0.0000000E+0	1.0000000E+2	0.0000000E+0
1.3931500E+2	6.2065401E+1	6.0670184E+1	0.0000000E+0	0.0000000E+0	1.0000000E+2	0.0000000E+0
1.3936500E+2	6.2066169E+1	6.0656061E+1	0.0000000E+0	0.0000000E+0	1.0000000E+2	0.0000000E+0
1.3941500E+2	6.2074423E+1	6.0665696E+1	0.0000000E+0	0.0000000E+0	1.0000000E+2	0.0000000E+0
1.3946500E+2	6.2079079E+1	6.0657260E+1	0.0000000E+0	0.0000000E+0	1.0000000E+2	0.0000000E+0
1.3951500E+2	6.2077606E+1	6.0655417E+1	0.0000000E+0	0.0000000E+0	1.0000000E+2	0.0000000E+0
1.3956500E+2	6.2082414E+1	6.0642311E+1	0.0000000E+0	0.0000000E+0	1.0000000E+2	0.0000000E+0
1.3961500E+2	6.2089980E+1	6.0638645E+1	0.0000000E+0	0.0000000E+0	1.0000000E+2	0.0000000E+0
1.3966500E+2	6.2085034E+1	6.0637952E+1	0.0000000E+0	0.0000000E+0	1.0000000E+2	0.0000000E+0
1.3971500E+2	6.2083124E+1	6.0634555E+1	0.0000000E+0	0.0000000E+0	1.0000000E+2	0.0000000E+0
1.3976500E+2	6.2084601E+1	6.0627876E+1	0.0000000E+0	0.0000000E+0	1.0000000E+2	0.0000000E+0
1.3981600E+2	6.2101667E+1	6.0643547E+1	0.0000000E+0	0.0000000E+0	1.0000000E+2	0.0000000E+0
1.3986700E+2	6.2103802E+1	6.0643239E+1	0.0000000E+0	0.0000000E+0	1.0000000E+2	0.0000000E+0
1.3991700E+2	6.2093659E+1	6.0636441E+1	0.0000000E+0	0.0000000E+0	1.0000000E+2	0.0000000E+0
1.3996700E+2	6.2079272E+1	6.0631626E+1	0.0000000E+0	0.0000000E+0	1.0000000E+2	0.0000000E+0
1.4001700E+2	6.2078458E+1	6.0625726E+1	0.0000000E+0	0.0000000E+0	1.0000000E+2	0.0000000E+0
1.4006700E+2	6.2084545E+1	6.0631587E+1	0.0000000E+0	0.0000000E+0	1.0000000E+2	0.0000000E+0
1.4011700E+2	6.2097097E+1	6.0632225E+1	0.0000000E+0	0.0000000E+0	1.0000000E+2	0.0000000E+0
1.4016700E+2	6.2103788E+1	6.0637471E+1	0.0000000E+0	0.0000000E+0	1.0000000E+2	0.0000000E+0
1.4021800E+2	6.2104833E+1	6.0634870E+1	0.0000000E+0	0.0000000E+0	1.0000000E+2	0.0000000E+0
1.4026800E+2	6.2108466E+1	6.0639949E+1	0.0000000E+0	0.0000000E+0	1.0000000E+2	0.0000000E+0
1.4031900E+2	6.2115628E+1	6.0642011E+1	0.0000000E+0	0.0000000E+0	1.0000000E+2	0.0000000E+0
1.4036900E+2	6.2105712E+1	6.0624230E+1	0.0000000E+0	0.0000000E+0	1.0000000E+2	0.0000000E+0
1.4041900E+2	6.2121054E+1	6.0635641E+1	0.0000000E+0	0.0000000E+0	1.0000000E+2	0.0000000E+0
1.4046900E+2	6.2115170E+1	6.0627844E+1	0.0000000E+0	0.0000000E+0	1.0000000E+2	0.0000000E+0
1.4051900E+2	6.2129046E+1	6.0635327E+1	0.0000000E+0	0.0000000E+0	1.0000000E+2	0.0000000E+0
1.4056900E+2	6.2134884E+1	6.0642738E+1	0.0000000E+0	0.0000000E+0	1.0000000E+2	0.0000000E+0
1.4061900E+2	6.2133837E+1	6.0635099E+1	0.0000000E+0	0.0000000E+0	1.0000000E+2	0.0000000E+0
1.4066900E+2	6.2127462E+1	6.0630877E+1	0.0000000E+0	0.0000000E+0	1.0000000E+2	0.0000000E+0
1.4071900E+2	6.2142556E+1	6.0627602E+1	0.0000000E+0	0.0000000E+0	1.0000000E+2	0.0000000E+0
1.4076900E+2	6.2164713E+1	6.0638216E+1	0.0000000E+0	0.0000000E+0	1.0000000E+2	0.0000000E+0
1.4081900E+2	6.2160702E+1	6.0628176E+1	0.0000000E+0	0.0000000E+0	1.0000000E+2	0.0000000E+0
1.4086900E+2	6.2195139E+1	6.0635839E+1	0.0000000E+0	0.0000000E+0	1.0000000E+2	0.0000000E+0
1.4091900E+2	6.2188561E+1	6.0630725E+1	0.0000000E+0	0.0000000E+0	1.0000000E+2	0.0000000E+0
1.4096900E+2	6.2203236E+1	6.0633323E+1	0.0000000E+0	0.0000000E+0	1.0000000E+2	0.0000000E+0
1.4102000E+2	6.2209270E+1	6.0642640E+1	0.0000000E+0	0.0000000E+0	1.0000000E+2	0.0000000E+0
1.4107000E+2	6.2223361E+1	6.0644354E+1	0.0000000E+0	0.0000000E+0	1.0000000E+2	0.0000000E+0
1.4112000E+2	6.2232966E+1	6.0652362E+1	0.0000000E+0	0.0000000E+0	1.0000000E+2	0.0000000E+0
1.4117000E+2	6.2245163E+1	6.0654540E+1	0.0000000E+0	0.0000000E+0	1.0000000E+2	0.0000000E+0
1.4122000E+2	6.2244708E+1	6.0654989E+1	0.0000000E+0	0.0000000E+0	1.0000000E+2	0.0000000E+0
1.4127000E+2	6.2224610E+1	6.0641826E+1	0.0000000E+0	0.0000000E+0	1.0000000E+2	0.0000000E+0
1.4132000E+2	6.2206890E+1	6.0634143E+1	0.0000000E+0	0.0000000E+0	1.0000000E+2	0.0000000E+0
1.4137000E+2	6.2193856E+1	6.0634295E+1	0.0000000E+0	0.0000000E+0	1.0000000E+2	0.0000000E+0
1.4142000E+2	6.2184999E+1	6.0628333E+1	0.0000000E+0	0.0000000E+0	1.0000000E+2	0.0000000E+0
1.4147000E+2	6.2182363E+1	6.0635184E+1	0.0000000E+0	0.0000000E+0	1.0000000E+2	0.0000000E+0
1.4152000E+2	6.2187319E+1	6.0634921E+1	0.0000000E+0	0.0000000E+0	1.0000000E+2	0.0000000E+0
1.4157000E+2	6.2197623E+1	6.0636099E+1	0.0000000E+0	0.0000000E+0	1.0000000E+2	0.0000000E+0
1.4162000E+2	6.2209327E+1	6.0642622E+1	0.0000000E+0	0.0000000E+0	1.0000000E+2	0.0000000E+0
1.4167000E+2	6.2203221E+1	6.0640055E+1	0.0000000E+0	0.0000000E+0	1.0000000E+2	0.0000000E+0
1.4172100E+2	6.2191919E+1	6.0625126E+1	0.0000000E+0	0.0000000E+0	1.0000000E+2	0.0000000E+0
1.4177100E+2	6.2209116E+1	6.0633688E+1	0.0000000E+0	0.0000000E+0	1.0000000E+2	0.0000000E+0
1.4182100E+2	6.2207150E+1	6.0627786E+1	0.0000000E+0	0.0000000E+0	1.0000000E+2	0.0000000E+0
1.4187200E+2	6.2214574E+1	6.0627029E+1	0.0000000E+0	0.0000000E+0	1.0000000E+2	0.0000000E+0
1.4192200E+2	6.2218478E+1	6.0630708E+1	0.0000000E+0	0.0000000E+0	1.0000000E+2	0.0000000E+0
1.4197300E+2	6.2199292E+1	6.0612924E+1	0.0000000E+0	0.0000000E+0	1.0000000E+2	0.0000000E+0
1.4202300E+2	6.2209620E+1	6.0626422E+1	0.0000000E+0	0.0000000E+0	1.0000000E+2	0.0000000E+0
1.4207300E+2	6.2210394E+1	6.0627051E+1	0.0000000E+0	0.0000000E+0	1.0000000E+2	0.0000000E+0
1.4212300E+2	6.2201710E+1	6.0627632E+1	0.0000000E+0	0.0000000E+0	1.0000000E+2	0.0000000E+0
1.4217300E+2	6.2222369E+1	6.0625264E+1	0.0000000E+0	0.0000000E+0	1.0000000E+2	0.0000000E+0
1.4222300E+2	6.2235851E+1	6.0620596E+1	0.0000000E+0	0.0000000E+0	1.0000000E+2	0.0000000E+0
1.4227300E+2	6.2273524E+1	6.0637592E+1	0.0000000E+0	0.0000000E+0	1.0000000E+2	0.0000000E+0
1.4232300E+2	6.2287042E+1	6.0652243E+1	0.0000000E+0	0.0000000E+0	1.0000000E+2	0.0000000E+0
1.4237400E+2	6.2285911E+1	6.0643691E+1	0.0000000E+0	0.0000000E+0	1.0000000E+2	0.0000000E+0
1.4242500E+2	6.2293047E+1	6.0637710E+1	0.0000000E+0	0.0000000E+0	1.0000000E+2	0.0000000E+0
1.4247500E+2	6.2307103E+1	6.0651498E+1	0.0000000E+0	0.0000000E+0	1.0000000E+2	0.0000000E+0
1.4252500E+2	6.2302484E+1	6.0645480E+1	0.0000000E+0	0.0000000E+0	1.0000000E+2	0.0000000E+0
1.4257500E+2	6.2301586E+1	6.0649219E+1	0.0000000E+0	0.0000000E+0	1.0000000E+2	0.0000000E+0
1.4262500E+2	6.2293315E+1	6.0627743E+1	0.0000000E+0	0.0000000E+0	1.0000000E+2	0.0000000E+0
1.4267500E+2	6.2308179E+1	6.0636228E+1	0.0000000E+0	0.0000000E+0	1.0000000E+2	0.0000000E+0
1.4272600E+2	6.2323611E+1	6.0634416E+1	0.0000000E+0	0.0000000E+0	1.0000000E+2	0.0000000E+0
1.4277600E+2	6.2337046E+1	6.0640345E+1	0.0000000E+0	0.0000000E+0	1.0000000E+2	0.0000000E+0
1.4282600E+2	6.2343376E+1	6.0637939E+1	0.0000000E+0	0.0000000E+0	1.0000000E+2	0.0000000E+0
1.4287700E+2	6.2347817E+1	6.0641220E+1	0.0000000E+0	0.0000000E+0	1.0000000E+2	0.0000000E+0
1.4292800E+2	6.2344416E+1	6.0628659E+1	0.0000000E+0	0.0000000E+0	1.0000000E+2	0.0000000E+0
1.4297800E+2	6.2332581E+1	6.0618183E+1	0.0000000E+0	0.0000000E+0	1.0000000E+2	0.0000000E+0
1.4302900E+2	6.2342569E+1	6.0633514E+1	0.0000000E+0	0.0000000E+0	1.0000000E+2	0.0000000E+0
1.4307900E+2	6.2344986E+1	6.0624864E+1	0.0000000E+0	0.0000000E+0	1.0000000E+2	0.0000000E+0
1.4312900E+2	6.2352376E+1	6.0630069E+1	0.0000000E+0	0.0000000E+0	1.0000000E+2	0.0000000E+0
1.4317900E+2	6.2354617E+1	6.0628617E+1	0.0000000E+0	0.0000000E+0	1.0000000E+2	0.0000000E+0
1.4322900E+2	6.2364196E+1	6.0637097E+1	0.0000000E+0	0.0000000E+0	1.0000000E+2	0.0000000E+0
1.4327900E+2	6.2364908E+1	6.0638429E+1	0.0000000E+0	0.0000000E+0	1.0000000E+2	0.0000000E+0
1.4332900E+2	6.2363407E+1	6.0640605E+1	0.0000000E+0	0.0000000E+0	1.0000000E+2	0.0000000E+0
1.4337900E+2	6.2364241E+1	6.0643277E+1	0.0000000E+0	0.0000000E+0	1.0000000E+2	0.0000000E+0
1.4342900E+2	6.2365933E+1	6.0645511E+1	0.0000000E+0	0.0000000E+0	1.0000000E+2	0.0000000E+0
1.4347900E+2	6.2356096E+1	6.0629700E+1	0.0000000E+0	0.0000000E+0	1.0000000E+2	0.0000000E+0
1.4352900E+2	6.2359864E+1	6.0641427E+1	0.0000000E+0	0.0000000E+0	1.0000000E+2	0.0000000E+0
1.4357900E+2	6.2381653E+1	6.0654708E+1	0.0000000E+0	0.0000000E+0	1.0000000E+2	0.0000000E+0
1.4363000E+2	6.2379930E+1	6.0654273E+1	0.0000000E+0	0.0000000E+0	1.0000000E+2	0.0000000E+0
1.4368000E+2	6.2382539E+1	6.0647084E+1	0.0000000E+0	0.0000000E+0	1.0000000E+2	0.0000000E+0
1.4373100E+2	6.2370473E+1	6.0629127E+1	0.0000000E+0	0.0000000E+0	1.0000000E+2	0.0000000E+0
1.4378100E+2	6.2364285E+1	6.0639998E+1	0.0000000E+0	0.0000000E+0	1.0000000E+2	0.0000000E+0
1.4383100E+2	6.2374401E+1	6.0647247E+1	0.0000000E+0	0.0000000E+0	1.0000000E+2	0.0000000E+0
1.4388100E+2	6.2377207E+1	6.0648039E+1	0.0000000E+0	0.0000000E+0	1.0000000E+2	0.0000000E+0
1.4393100E+2	6.2370145E+1	6.0643251E+1	0.0000000E+0	0.0000000E+0	1.0000000E+2	0.0000000E+0
1.4398100E+2	6.2354291E+1	6.0647903E+1	0.0000000E+0	0.0000000E+0	1.0000000E+2	0.0000000E+0
1.4403200E+2	6.2364366E+1	6.0652351E+1	0.0000000E+0	0.0000000E+0	1.0000000E+2	0.0000000E+0
1.4408200E+2	6.2364140E+1	6.0658751E+1	0.0000000E+0	0.0000000E+0	1.0000000E+2	0.0000000E+0
1.4413200E+2	6.2376132E+1	6.0664664E+1	0.0000000E+0	0.0000000E+0	1.0000000E+2	0.0000000E+0
1.4418200E+2	6.2383338E+1	6.0657777E+1	0.0000000E+0	0.0000000E+0	1.0000000E+2	0.0000000E+0
1.4423200E+2	6.2393507E+1	6.0664874E+1	0.0000000E+0	0.0000000E+0	1.0000000E+2	0.0000000E+0
1.4428200E+2	6.2383360E+1	6.0655311E+1	0.0000000E+0	0.0000000E+0	1.0000000E+2	0.0000000E+0
1.4433200E+2	6.2384166E+1	6.0656558E+1	0.0000000E+0	0.0000000E+0	1.0000000E+2	0.0000000E+0
1.4438300E+2	6.2391840E+1	6.0656568E+1	0.0000000E+0	0.0000000E+0	1.0000000E+2	0.0000000E+0
1.4443300E+2	6.2396497E+1	6.0655644E+1	0.0000000E+0	0.0000000E+0	1.0000000E+2	0.0000000E+0
1.4448300E+2	6.2405286E+1	6.0663010E+1	0.0000000E+0	0.0000000E+0	1.0000000E+2	0.0000000E+0
1.4453300E+2	6.2421637E+1	6.0673507E+1	0.0000000E+0	0.0000000E+0	1.0000000E+2	0.0000000E+0
1.4458400E+2	6.2446373E+1	6.0676264E+1	0.0000000E+0	0.0000000E+0	1.0000000E+2	0.0000000E+0
1.4463400E+2	6.2437831E+1	6.0666671E+1	0.0000000E+0	0.0000000E+0	1.0000000E+2	0.0000000E+0
1.4468400E+2	6.2438058E+1	6.0658181E+1	0.0000000E+0	0.0000000E+0	1.0000000E+2	0.0000000E+0
1.4473400E+2	6.2458208E+1	6.0672971E+1	0.0000000E+0	0.0000000E+0	1.0000000E+2	0.0000000E+0
1.4478400E+2	6.2449698E+1	6.0665808E+1	0.0000000E+0	0.0000000E+0	1.0000000E+2	0.0000000E+0
1.4483400E+2	6.2430236E+1	6.0653226E+1	0.0000000E+0	0.0000000E+0	1.0000000E+2	0.0000000E+0
1.4488400E+2	6.2441139E+1	6.0652894E+1	0.0000000E+0	0.0000000E+0	1.0000000E+2	0.0000000E+0
1.4493500E+2	6.2433771E+1	6.0650118E+1	0.0000000E+0	0.0000000E+0	1.0000000E+2	0.0000000E+0
1.4498500E+2	6.2432386E+1	6.0647161E+1	0.0000000E+0	0.0000000E+0	1.0000000E+2	0.0000000E+0
1.4503500E+2	6.2448278E+1	6.0658392E+1	0.0000000E+0	0.0000000E+0	1.0000000E+2	0.0000000E+0
1.4508600E+2	6.2447760E+1	6.0663853E+1	0.0000000E+0	0.0000000E+0	1.0000000E+2	0.0000000E+0
1.4513600E+2	6.2447105E+1	6.0664950E+1	0.0000000E+0	0.0000000E+0	1.0000000E+2	0.0000000E+0
1.4518600E+2	6.2436971E+1	6.0646477E+1	0.0000000E+0	0.0000000E+0	1.0000000E+2	0.0000000E+0
1.4523600E+2	6.2433700E+1	6.0642647E+1	0.0000000E+0	0.0000000E+0	1.0000000E+2	0.0000000E+0
1.4528700E+2	6.2451390E+1	6.0654269E+1	0.0000000E+0	0.0000000E+0	1.0000000E+2	0.0000000E+0
1.4533700E+2	6.2454882E+1	6.0660094E+1	0.0000000E+0	0.0000000E+0	1.0000000E+2	0.0000000E+0
1.4538800E+2	6.2449898E+1	6.0659848E+1	0.0000000E+0	0.0000000E+0	1.0000000E+2	0.0000000E+0
1.4543800E+2	6.2465582E+1	6.0666884E+1	0.0000000E+0	0.0000000E+0	1.0000000E+2	0.0000000E+0
1.4548800E+2	6.2455689E+1	6.0662747E+1	0.0000000E+0	0.0000000E+0	1.0000000E+2	0.0000000E+0
1.4553800E+2	6.2461365E+1	6.0660837E+1	0.0000000E+0	0.0000000E+0	1.0000000E+2	0.0000000E+0
1.4558800E+2	6.2477552E+1	6.0671754E+1	0.0000000E+0	0.0000000E+0	1.0000000E+2	0.0000000E+0
1.4563800E+2	6.2482075E+1	6.0669833E+1	0.0000000E+0	0.0000000E+0	1.0000000E+2	0.0000000E+0
1.4568800E+2	6.2503685E+1	6.0678306E+1	0.0000000E+0	0.0000000E+0	1.0000000E+2	0.0000000E+0
1.4573800E+2	6.2509460E+1	6.0669168E+1	0.0000000E+0	0.0000000E+0	1.0000000E+2	0.0000000E+0
1.4578900E+2	6.2530727E+1	6.0677509E+1	0.0000000E+0	0.0000000E+0	1.0000000E+2	0.0000000E+0
1.4584000E+2	6.2547574E+1	6.0681281E+1	0.0000000E+0	0.0000000E+0	1.0000000E+2	0.0000000E+0
1.4589000E+2	6.2552624E+1	6.0677429E+1	0.0000000E+0	0.0000000E+0	1.0000000E+2	0.0000000E+0
1.4594000E+2	6.2567586E+1	6.0679091E+1	0.0000000E+0	0.0000000E+0	1.0000000E+2	0.0000000E+0
1.4599000E+2	6.2554152E+1	6.0668023E+1	0.0000000E+0	0.0000000E+0	1.0000000E+2	0.0000000E+0
1.4604000E+2	6.2563359E+1	6.0679938E+1	0.0000000E+0	0.0000000E+0	1.0000000E+2	0.0000000E+0
1.4609000E+2	6.2565882E+1	6.0671601E+1	0.0000000E+0	0.0000000E+0	1.0000000E+2	0.0000000E+0
1.4614100E+2	6.2568735E+1	6.0664033E+1	0.0000000E+0	0.0000000E+0	1.0000000E+2	0.0000000E+0
1.4619200E+2	6.2576729E+1	6.0680519E+1	0.0000000E+0	0.0000000E+0	1.0000000E+2	0.0000000E+0
1.4624300E+2	6.2570578E+1	6.0666080E+1	0.0000000E+0	0.0000000E+0	1.0000000E+2	0.0000000E+0
1.4629300E+2	6.2571919E+1	6.0661690E+1	0.0000000E+0	0.0000000E+0	1.0000000E+2	0.0000000E+0
1.4634300E+2	6.2594129E+1	6.0678490E+1	0.0000000E+0	0.0000000E+0	1.0000000E+2	0.0000000E+0
1.4639400E+2	6.2598738E+1	6.0682950E+1	0.0000000E+0	0.0000000E+0	1.0000000E+2	0.0000000E+0
1.4644400E+2	6.2600163E+1	6.0683245E+1	0.0000000E+0	0.0000000E+0	1.0000000E+2	0.0000000E+0
1.4649400E+2	6.2594189E+1	6.0677471E+1	0.0000000E+0	0.0000000E+0	1.0000000E+2	0.0000000E+0
1.4654400E+2	6.2592704E+1	6.0671997E+1	0.0000000E+0	0.0000000E+0	1.0000000E+2	0.0000000E+0
1.4659400E+2	6.2610060E+1	6.0670347E+1	0.0000000E+0	0.0000000E+0	1.0000000E+2	0.0000000E+0
1.4664400E+2	6.2606967E+1	6.0669461E+1	0.0000000E+0	0.0000000E+0	1.0000000E+2	0.0000000E+0
1.4669400E+2	6.2615099E+1	6.0673203E+1	0.0000000E+0	0.0000000E+0	1.0000000E+2	0.0000000E+0
1.4674400E+2	6.2597312E+1	6.0659443E+1	0.0000000E+0	0.0000000E+0	1.0000000E+2	0.0000000E+0
1.4679500E+2	6.2613051E+1	6.0668648E+1	0.0000000E+0	0.0000000E+0	1.0000000E+2	0.0000000E+0
1.4684500E+2	6.2616334E+1	6.0667172E+1	0.0000000E+0	0.0000000E+0	1.0000000E+2	0.0000000E+0
1.4689500E+2	6.2608635E+1	6.0672053E+1	0.0000000E+0	0.0000000E+0	1.0000000E+2	0.0000000E+0
1.4694500E+2	6.2606645E+1	6.0652797E+1	0.0000000E+0	0.0000000E+0	1.0000000E+2	0.0000000E+0
1.4699600E+2	6.2616856E+1	6.0662766E+1	0.0000000E+0	0.0000000E+0	1.0000000E+2	0.0000000E+0
1.4704600E+2	6.2639504E+1	6.0664136E+1	0.0000000E+0	0.0000000E+0	1.0000000E+2	0.0000000E+0
1.4709600E+2	6.2624492E+1	6.0659602E+1	0.0000000E+0	0.0000000E+0	1.0000000E+2	0.0000000E+0
1.4714600E+2	6.2646944E+1	6.0654674E+1	0.0000000E+0	0.0000000E+0	1.0000000E+2	0.0000000E+0
1.4719600E+2	6.2651887E+1	6.0658203E+1	0.0000000E+0	0.0000000E+0	1.0000000E+2	0.0000000E+0
1.4724600E+2	6.2668751E+1	6.0652703E+1	0.0000000E+0	0.0000000E+0	1.0000000E+2	0.0000000E+0
1.4729700E+2	6.2700840E+1	6.0665453E+1	0.0000000E+0	0.0000000E+0	1.0000000E+2	0.0000000E+0
1.4734800E+2	6.2712185E+1	6.0669632E+1	0.0000000E+0	0.0000000E+0	1.0000000E+2	0.0000000E+0
1.4739800E+2	6.2714258E+1	6.0669209E+1	0.0000000E+0	0.0000000E+0	1.0000000E+2	0.0000000E+0
1.4744800E+2	6.2733900E+1	6.0673122E+1	0.0000000E+0	0.0000000E+0	1.0000000E+2	0.0000000E+0
1.4749800E+2	6.2727906E+1	6.0670018E+1	0.0000000E+0	0.0000000E+0	1.0000000E+2	0.0000000E+0
1.4754800E+2	6.2737241E+1	6.0677377E+1	0.0000000E+0	0.0000000E+0	1.0000000E+2	0.0000000E+0
1.4759800E+2	6.2732207E+1	6.0677344E+1	0.0000000E+0	0.0000000E+0	1.0000000E+2	0.0000000E+0
1.4764800E+2	6.2715688E+1	6.0667283E+1	0.0000000E+0	0.0000000E+0	1.0000000E+2	0.0000000E+0
1.4769800E+2	6.2704418E+1	6.0660991E+1	0.0000000E+0	0.0000000E+0	1.0000000E+2	0.0000000E+0
1.4774800E+2	6.2694466E+1	6.0651972E+1	0.0000000E+0	0.0000000E+0	1.0000000E+2	0.0000000E+0
1.4779800E+2	6.2718746E+1	6.0659354E+1	0.0000000E+0	0.0000000E+0	1.0000000E+2	0.0000000E+0
1.4784800E+2	6.2718941E+1	6.0660792E+1	0.0000000E+0	0.0000000E+0	1.0000000E+2	0.0000000E+0
1.4789800E+2	6.2714929E+1	6.0640960E+1	0.0000000E+0	0.0000000E+0	1.0000000E+2	0.0000000E+0
1.4794800E+2	6.2725800E+1	6.0643480E+1	0.0000000E+0	0.0000000E+0	1.0000000E+2	0.0000000E+0
1.4799800E+2	6.2717340E+1	6.0645973E+1	0.0000000E+0	0.0000000E+0	1.0000000E+2	0.0000000E+0
1.4804800E+2	6.2703868E+1	6.0642888E+1	0.0000000E+0	0.0000000E+0	1.0000000E+2	0.0000000E+0
1.4809800E+2	6.2694910E+1	6.0653842E+1	0.0000000E+0	0.0000000E+0	1.0000000E+2	0.0000000E+0
1.4814800E+2	6.2705356E+1	6.0670947E+1	0.0000000E+0	0.0000000E+0	1.0000000E+2	0.0000000E+0
1.4819800E+2	6.2685540E+1	6.0658299E+1	0.0000000E+0	0.0000000E+0	1.0000000E+2	0.0000000E+0
1.4824800E+2	6.2671837E+1	6.0657926E+1	0.0000000E+0	0.0000000E+0	1.0000000E+2	0.0000000E+0
1.4829800E+2	6.2663331E+1	6.0649691E+1	0.0000000E+0	0.0000000E+0	1.0000000E+2	0.0000000E+0
1.4834800E+2	6.2676365E+1	6.0661144E+1	0.0000000E+0	0.0000000E+0	1.0000000E+2	0.0000000E+0
1.4839800E+2	6.2685923E+1	6.0658388E+1	0.0000000E+0	0.0000000E+0	1.0000000E+2	0.0000000E+0
1.4844800E+2	6.2685014E+1	6.0655011E+1	0.0000000E+0	0.0000000E+0	1.0000000E+2	0.0000000E+0
1.4849800E+2	6.2678620E+1	6.0657840E+1	0.0000000E+0	0.0000000E+0	1.0000000E+2	0.0000000E+0
1.4854800E+2	6.2680205E+1	6.0671383E+1	0.0000000E+0	0.0000000E+0	1.0000000E+2	0.0000000E+0
1.4859800E+2	6.2674245E+1	6.0675568E+1	0.0000000E+0	0.0000000E+0	1.0000000E+2	0.0000000E+0
1.4864800E+2	6.2676086E+1	6.0672957E+1	0.0000000E+0	0.0000000E+0	1.0000000E+2	0.0000000E+0
1.4870000E+2	6.2672470E+1	6.0666101E+1	0.0000000E+0	0.0000000E+0	1.0000000E+2	0.0000000E+0
1.4875000E+2	6.2713732E+1	6.0681827E+1	0.0000000E+0	0.0000000E+0	1.0000000E+2	0.0000000E+0
1.4880000E+2	6.2730615E+1	6.0680123E+1	0.0000000E+0	0.0000000E+0	1.0000000E+2	0.0000000E+0
1.4885000E+2	6.2728569E+1	6.0679068E+1	0.0000000E+0	0.0000000E+0	1.0000000E+2	0.0000000E+0
1.4890100E+2	6.2734947E+1	6.0680850E+1	0.0000000E+0	0.0000000E+0	1.0000000E+2	0.0000000E+0
1.4895100E+2	6.2742895E+1	6.0684571E+1	0.0000000E+0	0.0000000E+0	1.0000000E+2	0.0000000E+0
1.4900100E+2	6.2742460E+1	6.0680231E+1	0.0000000E+0	0.0000000E+0	1.0000000E+2	0.0000000E+0
1.4905100E+2	6.2736475E+1	6.0667986E+1	0.0000000E+0	0.0000000E+0	1.0000000E+2	0.0000000E+0
1.4910100E+2	6.2725972E+1	6.0669526E+1	0.0000000E+0	0.0000000E+0	1.0000000E+2	0.0000000E+0
1.4915100E+2	6.2724056E+1	6.0673829E+1	0.0000000E+0	0.0000000E+0	1.0000000E+2	0.0000000E+0
1.4920100E+2	6.2714141E+1	6.0668809E+1	0.0000000E+0	0.0000000E+0	1.0000000E+2	0.0000000E+0
1.4925200E+2	6.2709631E+1	6.0667365E+1	0.0000000E+0	0.0000000E+0	1.0000000E+2	0.0000000E+0
1.4930200E+2	6.2724653E+1	6.0678396E+1	0.0000000E+0	0.0000000E+0	1.0000000E+2	0.0000000E+0
1.4935200E+2	6.2743973E+1	6.0682600E+1	0.0000000E+0	0.0000000E+0	1.0000000E+2	0.0000000E+0
1.4940300E+2	6.2733037E+1	6.0679923E+1	0.0000000E+0	0.0000000E+0	1.0000000E+2	0.0000000E+0
1.4945400E+2	6.2733912E+1	6.0685104E+1	0.0000000E+0	0.0000000E+0	1.0000000E+2	0.0000000E+0
1.4950400E+2	6.2727598E+1	6.0680534E+1	0.0000000E+0	0.0000000E+0	1.0000000E+2	0.0000000E+0
1.4955400E+2	6.2727304E+1	6.0683299E+1	0.0000000E+0	0.0000000E+0	1.0000000E+2	0.0000000E+0
1.4960500E+2	6.2728373E+1	6.0686197E+1	0.0000000E+0	0.0000000E+0	1.0000000E+2	0.0000000E+0
1.4965500E+2	6.2735095E+1	6.0686870E+1	0.0000000E+0	0.0000000E+0	1.0000000E+2	0.0000000E+0
1.4970500E+2	6.2742052E+1	6.0690558E+1	0.0000000E+0	0.0000000E+0	1.0000000E+2	0.0000000E+0
1.4975500E+2	6.2739548E+1	6.0679764E+1	0.0000000E+0	0.0000000E+0	1.0000000E+2	0.0000000E+0
1.4980500E+2	6.2745702E+1	6.0679322E+1	0.0000000E+0	0.0000000E+0	1.0000000E+2	0.0000000E+0
1.4985500E+2	6.2763338E+1	6.0686081E+1	0.0000000E+0	0.0000000E+0	1.0000000E+2	0.0000000E+0
1.4990500E+2	6.2787562E+1	6.0696852E+1	0.0000000E+0	0.0000000E+0	1.0000000E+2	0.0000000E+0
1.4995500E+2	6.2793559E+1	6.0701557E+1	0.0000000E+0	0.0000000E+0	1.0000000E+2	0.0000000E+0
1.5000500E+2	6.2804880E+1	6.0692904E+1	0.0000000E+0	0.0000000E+0	1.0000000E+2	0.0000000E+0
1.5005600E+2	6.2812324E+1	6.0699412E+1	0.0000000E+0	0.0000000E+0	1.0000000E+2	0.0000000E+0
1.5010600E+2	6.2821356E+1	6.0697841E+1	0.0000000E+0	0.0000000E+0	1.0000000E+2	0.0000000E+0
1.5015600E+2	6.2842324E+1	6.0713703E+1	0.0000000E+0	0.0000000E+0	1.0000000E+2	0.0000000E+0
1.5020600E+2	6.2837895E+1	6.0702338E+1	0.0000000E+0	0.0000000E+0	1.0000000E+2	0.0000000E+0
1.5025600E+2	6.2834835E+1	6.0711170E+1	0.0000000E+0	0.0000000E+0	1.0000000E+2	0.0000000E+0
1.5030700E+2	6.2840172E+1	6.0717073E+1	0.0000000E+0	0.0000000E+0	1.0000000E+2	0.0000000E+0
1.5035700E+2	6.2843256E+1	6.0703834E+1	0.0000000E+0	0.0000000E+0	1.0000000E+2	0.0000000E+0
1.5040700E+2	6.2842597E+1	6.0700071E+1	0.0000000E+0	0.0000000E+0	1.0000000E+2	0.0000000E+0
1.5045700E+2	6.2856752E+1	6.0701201E+1	0.0000000E+0	0.0000000E+0	1.0000000E+2	0.0000000E+0
1.5050800E+2	6.2853043E+1	6.0695338E+1	0.0000000E+0	0.0000000E+0	1.0000000E+2	0.0000000E+0
1.5055800E+2	6.2842914E+1	6.0685120E+1	0.0000000E+0	0.0000000E+0	1.0000000E+2	0.0000000E+0
1.5060800E+2	6.2838599E+1	6.0675332E+1	0.0000000E+0	0.0000000E+0	1.0000000E+2	0.0000000E+0
1.5065900E+2	6.2841020E+1	6.0683775E+1	0.0000000E+0	0.0000000E+0	1.0000000E+2	0.0000000E+0
1.5070900E+2	6.2832871E+1	6.0683167E+1	0.0000000E+0	0.0000000E+0	1.0000000E+2	0.0000000E+0
1.5075900E+2	6.2839149E+1	6.0684897E+1	0.0000000E+0	0.0000000E+0	1.0000000E+2	0.0000000E+0
1.5081000E+2	6.2810783E+1	6.0653996E+1	0.0000000E+0	0.0000000E+0	1.0000000E+2	0.0000000E+0
1.5086000E+2	6.2816064E+1	6.0656511E+1	0.0000000E+0	0.0000000E+0	1.0000000E+2	0.0000000E+0
1.5091100E+2	6.2824314E+1	6.0663853E+1	0.0000000E+0	0.0000000E+0	1.0000000E+2	0.0000000E+0
1.5096200E+2	6.2832761E+1	6.0662832E+1	0.0000000E+0	0.0000000E+0	1.0000000E+2	0.0000000E+0
1.5101200E+2	6.2855540E+1	6.0672553E+1	0.0000000E+0	0.0000000E+0	1.0000000E+2	0.0000000E+0
1.5106200E+2	6.2863141E+1	6.0683582E+1	0.0000000E+0	0.0000000E+0	1.0000000E+2	0.0000000E+0
1.5111200E+2	6.2878767E+1	6.0703176E+1	0.0000000E+0	0.0000000E+0	1.0000000E+2	0.0000000E+0
1.5116200E+2	6.2858090E+1	6.0686098E+1	0.0000000E+0	0.0000000E+0	1.0000000E+2	0.0000000E+0
1.5121200E+2	6.2842355E+1	6.0684953E+1	0.0000000E+0	0.0000000E+0	1.0000000E+2	0.0000000E+0
1.5126200E+2	6.2831626E+1	6.0680547E+1	0.0000000E+0	0.0000000E+0	1.0000000E+2	0.0000000E+0
1.5131200E+2	6.2823302E+1	6.0684689E+1	0.0000000E+0	0.0000000E+0	1.0000000E+2	0.0000000E+0
1.5136300E+2	6.2820607E+1	6.0685386E+1	0.0000000E+0	0.0000000E+0	1.0000000E+2	0.0000000E+0
1.5141300E+2	6.2833977E+1	6.0698968E+1	0.0000000E+0	0.0000000E+0	1.0000000E+2	0.0000000E+0
1.5146300E+2	6.2833300E+1	6.0694828E+1	0.0000000E+0	0.0000000E+0	1.0000000E+2	0.0000000E+0
1.5151400E+2	6.2836432E+1	6.0701666E+1	0.0000000E+0	0.0000000E+0	1.0000000E+2	0.0000000E+0
1.5156500E+2	6.2839011E+1	6.0701954E+1	0.0000000E+0	0.0000000E+0	1.0000000E+2	0.0000000E+0
1.5161500E+2	6.2845436E+1	6.0707188E+1	0.0000000E+0	0.0000000E+0	1.0000000E+2	0.0000000E+0
1.5166500E+2	6.2844976E+1	6.0701359E+1	0.0000000E+0	0.0000000E+0	1.0000000E+2	0.0000000E+0
1.5171500E+2	6.2846206E+1	6.0698169E+1	0.0000000E+0	0.0000000E+0	1.0000000E+2	0.0000000E+0
1.5176500E+2	6.2847188E+1	6.0698953E+1	0.0000000E+0	0.0000000E+0	1.0000000E+2	0.0000000E+0
1.5181500E+2	6.2840704E+1	6.0694691E+1	0.0000000E+0	0.0000000E+0	1.0000000E+2	0.0000000E+0
1.5186500E+2	6.2825990E+1	6.0685365E+1	0.0000000E+0	0.0000000E+0	1.0000000E+2	0.0000000E+0
1.5191500E+2	6.2829196E+1	6.0681626E+1	0.0000000E+0	0.0000000E+0	1.0000000E+2	0.0000000E+0
1.5196600E+2	6.2836228E+1	6.0685163E+1	0.0000000E+0	0.0000000E+0	1.0000000E+2	0.0000000E+0
1.5201600E+2	6.2839351E+1	6.0694161E+1	0.0000000E+0	0.0000000E+0	1.0000000E+2	0.0000000E+0
1.5206600E+2	6.2837541E+1	6.0691557E+1	0.0000000E+0	0.0000000E+0	1.0000000E+2	0.0000000E+0
1.5211700E+2	6.2845417E+1	6.0686051E+1	0.0000000E+0	0.0000000E+0	1.0000000E+2	0.0000000E+0
1.5216800E+2	6.2848628E+1	6.0687355E+1	0.0000000E+0	0.0000000E+0	1.0000000E+2	0.0000000E+0
1.5221800E+2	6.2843319E+1	6.0688628E+1	0.0000000E+0	0.0000000E+0	1.0000000E+2	0.0000000E+0
1.5226800E+2	6.2847798E+1	6.0677336E+1	0.0000000E+0	0.0000000E+0	1.0000000E+2	0.0000000E+0
1.5231800E+2	6.2865119E+1	6.0683754E+1	0.0000000E+0	0.0000000E+0	1.0000000E+2	0.0000000E+0
1.5236800E+2	6.2866424E+1	6.0685755E+1	0.0000000E+0	0.0000000E+0	1.0000000E+2	0.0000000E+0
1.5241800E+2	6.2880678E+1	6.0699412E+1	0.0000000E+0	0.0000000E+0	1.0000000E+2	0.0000000E+0
1.5246800E+2	6.2880142E+1	6.0708363E+1	0.0000000E+0	0.0000000E+0	1.0000000E+2	0.0000000E+0
1.5251800E+2	6.2874654E+1	6.0710435E+1	0.0000000E+0	0.0000000E+0	1.0000000E+2	0.0000000E+0
1.5256800E+2	6.2878037E+1	6.0711380E+1	0.0000000E+0	0.0000000E+0	1.0000000E+2	0.0000000E+0
1.5261800E+2	6.2885070E+1	6.0715734E+1	0.0000000E+0	0.0000000E+0	1.0000000E+2	0.0000000E+0
1.5266800E+2	6.2873845E+1	6.0697986E+1	0.0000000E+0	0.0000000E+0	1.0000000E+2	0.0000000E+0
1.5271800E+2	6.2880939E+1	6.0702638E+1	0.0000000E+0	0.0000000E+0	1.0000000E+2	0.0000000E+0
1.5276800E+2	6.2883794E+1	6.0700873E+1	0.0000000E+0	0.0000000E+0	1.0000000E+2	0.0000000E+0
1.5281800E+2	6.2870911E+1	6.0703879E+1	0.0000000E+0	0.0000000E+0	1.0000000E+2	0.0000000E+0
1.5286800E+2	6.2865490E+1	6.0687500E+1	0.0000000E+0	0.0000000E+0	1.0000000E+2	0.0000000E+0
1.5291800E+2	6.2875287E+1	6.0703397E+1	0.0000000E+0	0.0000000E+0	1.0000000E+2	0.0000000E+0
1.5296800E+2	6.2876742E+1	6.0708829E+1	0.0000000E+0	0.0000000E+0	1.0000000E+2	0.0000000E+0
1.5301800E+2	6.2887535E+1	6.0710376E+1	0.0000000E+0	0.0000000E+0	1.0000000E+2	0.0000000E+0
1.5306800E+2	6.2894333E+1	6.0708825E+1	0.0000000E+0	0.0000000E+0	1.0000000E+2	0.0000000E+0
1.5311800E+2	6.2893521E+1	6.0701529E+1	0.0000000E+0	0.0000000E+0	1.0000000E+2	0.0000000E+0
1.5316800E+2	6.2895415E+1	6.0704811E+1	0.0000000E+0	0.0000000E+0	1.0000000E+2	0.0000000E+0
1.5321800E+2	6.2905977E+1	6.0702910E+1	0.0000000E+0	0.0000000E+0	1.0000000E+2	0.0000000E+0
1.5326800E+2	6.2917520E+1	6.0703584E+1	0.0000000E+0	0.0000000E+0	1.0000000E+2	0.0000000E+0
1.5331900E+2	6.2920385E+1	6.0706658E+1	0.0000000E+0	0.0000000E+0	1.0000000E+2	0.0000000E+0
1.5336900E+2	6.2937019E+1	6.0715672E+1	0.0000000E+0	0.0000000E+0	1.0000000E+2	0.0000000E+0
1.5341900E+2	6.2927899E+1	6.0710779E+1	0.0000000E+0	0.0000000E+0	1.0000000E+2	0.0000000E+0
1.5347000E+2	6.2923940E+1	6.0706397E+1	0.0000000E+0	0.0000000E+0	1.0000000E+2	0.0000000E+0
1.5352000E+2	6.2921330E+1	6.0713881E+1	0.0000000E+0	0.0000000E+0	1.0000000E+2	0.0000000E+0
1.5357000E+2	6.2935114E+1	6.0712644E+1	0.0000000E+0	0.0000000E+0	1.0000000E+2	0.0000000E+0
1.5362000E+2	6.2935802E+1	6.0714342E+1	0.0000000E+0	0.0000000E+0	1.0000000E+2	0.0000000E+0
1.5367000E+2	6.2923723E+1	6.0697618E+1	0.0000000E+0	0.0000000E+0	1.0000000E+2	0.0000000E+0
1.5372000E+2	6.2933912E+1	6.0701388E+1	0.0000000E+0	0.0000000E+0	1.0000000E+2	0.0000000E+0
1.5377000E+2	6.2938302E+1	6.0694249E+1	0.0000000E+0	0.0000000E+0	1.0000000E+2	0.0000000E+0
1.5382000E+2	6.2932196E+1	6.0681099E+1	0.0000000E+0	0.0000000E+0	1.0000000E+2	0.0000000E+0
1.5387000E+2	6.2949687E+1	6.0684807E+1	0.0000000E+0	0.0000000E+0	1.0000000E+2	0.0000000E+0
1.5392000E+2	6.2960201E+1	6.0689426E+1	0.0000000E+0	0.0000000E+0	1.0000000E+2	0.0000000E+0
1.5397000E+2	6.2975434E+1	6.0705862E+1	0.0000000E+0	0.0000000E+0	1.0000000E+2	0.0000000E+0
1.5402000E+2	6.2971189E+1	6.0697303E+1	0.0000000E+0	0.0000000E+0	1.0000000E+2	0.0000000E+0
1.5407000E+2	6.2961173E+1	6.0698021E+1	0.0000000E+0	0.0000000E+0	1.0000000E+2	0.0000000E+0
1.5412100E+2	6.2956712E+1	6.0693532E+1	0.0000000E+0	0.0000000E+0	1.0000000E+2	0.0000000E+0
1.5417200E+2	6.2965568E+1	6.0699129E+1	0.0000000E+0	0.0000000E+0	1.0000000E+2	0.0000000E+0
1.5422200E+2	6.2963214E+1	6.0704512E+1	0.0000000E+0	0.0000000E+0	1.0000000E+2	0.0000000E+0
1.5427300E+2	6.2953177E+1	6.0700782E+1	0.0000000E+0	0.0000000E+0	1.0000000E+2	0.0000000E+0
1.5432400E+2	6.2939951E+1	6.0688560E+1	0.0000000E+0	0.0000000E+0	1.0000000E+2	0.0000000E+0
1.5437600E+2	6.2948328E+1	6.0688511E+1	0.0000000E+0	0.0000000E+0	1.0000000E+2	0.0000000E+0
1.5442600E+2	6.2948159E+1	6.0703197E+1	0.0000000E+0	0.0000000E+0	1.0000000E+2	0.0000000E+0
1.5447600E+2	6.2937795E+1	6.0701241E+1	0.0000000E+0	0.0000000E+0	1.0000000E+2	0.0000000E+0
1.5452600E+2	6.2911549E+1	6.0685863E+1	0.0000000E+0	0.0000000E+0	1.0000000E+2	0.0000000E+0
1.5457600E+2	6.2916209E+1	6.0696938E+1	0.0000000E+0	0.0000000E+0	1.0000000E+2	0.0000000E+0
1.5462600E+2	6.2921524E+1	6.0703383E+1	0.0000000E+0	0.0000000E+0	1.0000000E+2	0.0000000E+0
1.5467600E+2	6.2919238E+1	6.0701725E+1	0.0000000E+0	0.0000000E+0	1.0000000E+2	0.0000000E+0
1.5472700E+2	6.2912027E+1	6.0691105E+1	0.0000000E+0	0.0000000E+0	1.0000000E+2	0.0000000E+0
1.5477700E+2	6.2919573E+1	6.0695627E+1	0.0000000E+0	0.0000000E+0	1.0000000E+2	0.0000000E+0
1.5482700E+2	6.2918548E+1	6.0693472E+1	0.0000000E+0	0.0000000E+0	1.0000000E+2	0.0000000E+0
1.5487700E+2	6.2924194E+1	6.0683838E+1	0.0000000E+0	0.0000000E+0	1.0000000E+2	0.0000000E+0
1.5492700E+2	6.2927273E+1	6.0686440E+1	0.0000000E+0	0.0000000E+0	1.0000000E+2	0.0000000E+0
1.5497700E+2	6.2941323E+1	6.0684874E+1	0.0000000E+0	0.0000000E+0	1.0000000E+2	0.0000000E+0
1.5502800E+2	6.2940177E+1	6.0684223E+1	0.0000000E+0	0.0000000E+0	1.0000000E+2	0.0000000E+0
1.5507800E+2	6.2943976E+1	6.0681277E+1	0.0000000E+0	0.0000000E+0	1.0000000E+2	0.0000000E+0
1.5512800E+2	6.2958193E+1	6.0684034E+1	0.0000000E+0	0.0000000E+0	1.0000000E+2	0.0000000E+0
1.5517800E+2	6.2963576E+1	6.0683413E+1	0.0000000E+0	0.0000000E+0	1.0000000E+2	0.0000000E+0
1.5522800E+2	6.2977874E+1	6.0686402E+1	0.0000000E+0	0.0000000E+0	1.0000000E+2	0.0000000E+0
1.5527800E+2	6.2972591E+1	6.0677385E+1	0.0000000E+0	0.0000000E+0	1.0000000E+2	0.0000000E+0
1.5532800E+2	6.2985755E+1	6.0687682E+1	0.0000000E+0	0.0000000E+0	1.0000000E+2	0.0000000E+0
1.5537800E+2	6.3003548E+1	6.0691088E+1	0.0000000E+0	0.0000000E+0	1.0000000E+2	0.0000000E+0
1.5542800E+2	6.3012658E+1	6.0687327E+1	0.0000000E+0	0.0000000E+0	1.0000000E+2	0.0000000E+0
1.5547800E+2	6.3022761E+1	6.0692779E+1	0.0000000E+0	0.0000000E+0	1.0000000E+2	0.0000000E+0
1.5552900E+2	6.3031622E+1	6.0697407E+1	0.0000000E+0	0.0000000E+0	1.0000000E+2	0.0000000E+0
1.5557900E+2	6.3034986E+1	6.0697328E+1	0.0000000E+0	0.0000000E+0	1.0000000E+2	0.0000000E+0
1.5562900E+2	6.3044129E+1	6.0701158E+1	0.0000000E+0	0.0000000E+0	1.0000000E+2	0.0000000E+0
1.5568000E+2	6.3041776E+1	6.0704119E+1	0.0000000E+0	0.0000000E+0	1.0000000E+2	0.0000000E+0
1.5573000E+2	6.3024885E+1	6.0697292E+1	0.0000000E+0	0.0000000E+0	1.0000000E+2	0.0000000E+0
1.5578000E+2	6.3019235E+1	6.0696080E+1	0.0000000E+0	0.0000000E+0	1.0000000E+2	0.0000000E+0
1.5583000E+2	6.3021279E+1	6.0703575E+1	0.0000000E+0	0.0000000E+0	1.0000000E+2	0.0000000E+0
1.5588000E+2	6.3017532E+1	6.0700966E+1	0.0000000E+0	0.0000000E+0	1.0000000E+2	0.0000000E+0
1.5593100E+2	6.3005436E+1	6.0687527E+1	0.0000000E+0	0.0000000E+0	1.0000000E+2	0.0000000E+0
1.5598100E+2	6.3018808E+1	6.0693208E+1	0.0000000E+0	0.0000000E+0	1.0000000E+2	0.0000000E+0
1.5603200E+2	6.3010858E+1	6.0677403E+1	0.0000000E+0	0.0000000E+0	1.0000000E+2	0.0000000E+0
1.5608300E+2	6.3015754E+1	6.0667431E+1	0.0000000E+0	0.0000000E+0	1.0000000E+2	0.0000000E+0
1.5613400E+2	6.3037849E+1	6.0684888E+1	0.0000000E+0	0.0000000E+0	1.0000000E+2	0.0000000E+0
1.5618400E+2	6.3026665E+1	6.0674380E+1	0.0000000E+0	0.0000000E+0	1.0000000E+2	0.0000000E+0
1.5623400E+2	6.3019188E+1	6.0665389E+1	0.0000000E+0	0.0000000E+0	1.0000000E+2	0.0000000E+0
1.5628500E+2	6.3016455E+1	6.0663013E+1	0.0000000E+0	0.0000000E+0	1.0000000E+2	0.0000000E+0
1.5633600E+2	6.3025107E+1	6.0671124E+1	0.0000000E+0	0.0000000E+0	1.0000000E+2	0.0000000E+0
1.5638600E+2	6.3019518E+1	6.0662114E+1	0.0000000E+0	0.0000000E+0	1.0000000E+2	0.0000000E+0
1.5643600E+2	6.3054732E+1	6.0669873E+1	0.0000000E+0	0.0000000E+0	1.0000000E+2	0.0000000E+0
1.5648700E+2	6.3043204E+1	6.0666103E+1	0.0000000E+0	0.0000000E+0	1.0000000E+2	0.0000000E+0
1.5653700E+2	6.3051862E+1	6.0671990E+1	0.0000000E+0	0.0000000E+0	1.0000000E+2	0.0000000E+0
1.5658700E+2	6.3048970E+1	6.0667048E+1	0.0000000E+0	0.0000000E+0	1.0000000E+2	0.0000000E+0
1.5663700E+2	6.3062924E+1	6.0679638E+1	0.0000000E+0	0.0000000E+0	1.0000000E+2	0.0000000E+0
1.5668700E+2	6.3072347E+1	6.0683218E+1	0.0000000E+0	0.0000000E+0	1.0000000E+2	0.0000000E+0
1.5673700E+2	6.3080455E+1	6.0679409E+1	0.0000000E+0	0.0000000E+0	1.0000000E+2	0.0000000E+0
1.5678700E+2	6.3076727E+1	6.0678414E+1	0.0000000E+0	0.0000000E+0	1.0000000E+2	0.0000000E+0
1.5683700E+2	6.3077319E+1	6.0682920E+1	0.0000000E+0	0.0000000E+0	1.0000000E+2	0.0000000E+0
1.5688800E+2	6.3067842E+1	6.0679506E+1	0.0000000E+0	0.0000000E+0	1.0000000E+2	0.0000000E+0
1.5693800E+2	6.3072800E+1	6.0691797E+1	0.0000000E+0	0.0000000E+0	1.0000000E+2	0.0000000E+0
1.5699000E+2	6.3072292E+1	6.0703412E+1	0.0000000E+0	0.0000000E+0	1.0000000E+2	0.0000000E+0
1.5704000E+2	6.3059964E+1	6.0694054E+1	0.0000000E+0	0.0000000E+0	1.0000000E+2	0.0000000E+0
1.5709000E+2	6.3071368E+1	6.0700411E+1	0.0000000E+0	0.0000000E+0	1.0000000E+2	0.0000000E+0
1.5714000E+2	6.3075821E+1	6.0706709E+1	0.0000000E+0	0.0000000E+0	1.0000000E+2	0.0000000E+0
1.5719100E+2	6.3065352E+1	6.0701681E+1	0.0000000E+0	0.0000000E+0	1.0000000E+2	0.0000000E+0
1.5724100E+2	6.3071756E+1	6.0705280E+1	0.0000000E+0	0.0000000E+0	1.0000000E+2	0.0000000E+0
1.5729200E+2	6.3077099E+1	6.0704052E+1	0.0000000E+0	0.0000000E+0	1.0000000E+2	0.0000000E+0
1.5734300E+2	6.3068673E+1	6.0703774E+1	0.0000000E+0	0.0000000E+0	1.0000000E+2	0.0000000E+0
1.5739400E+2	6.3069520E+1	6.0696993E+1	0.0000000E+0	0.0000000E+0	1.0000000E+2	0.0000000E+0
1.5744500E+2	6.3071433E+1	6.0698350E+1	0.0000000E+0	0.0000000E+0	1.0000000E+2	0.0000000E+0
1.5749600E+2	6.3059702E+1	6.0692500E+1	0.0000000E+0	0.0000000E+0	1.0000000E+2	0.0000000E+0
1.5754700E+2	6.3063020E+1	6.0687557E+1	0.0000000E+0	0.0000000E+0	1.0000000E+2	0.0000000E+0
1.5759700E+2	6.3055990E+1	6.0677257E+1	0.0000000E+0	0.0000000E+0	1.0000000E+2	0.0000000E+0
1.5764700E+2	6.3067928E+1	6.0685973E+1	0.0000000E+0	0.0000000E+0	1.0000000E+2	0.0000000E+0
1.5769700E+2	6.3065294E+1	6.0693137E+1	0.0000000E+0	0.0000000E+0	1.0000000E+2	0.0000000E+0
1.5774700E+2	6.3068041E+1	6.0696227E+1	0.0000000E+0	0.0000000E+0	1.0000000E+2	0.0000000E+0
1.5779700E+2	6.3057042E+1	6.0695503E+1	0.0000000E+0	0.0000000E+0	1.0000000E+2	0.0000000E+0
1.5784700E+2	6.3045381E+1	6.0688323E+1	0.0000000E+0	0.0000000E+0	1.0000000E+2	0.0000000E+0
1.5789700E+2	6.3032808E+1	6.0696732E+1	0.0000000E+0	0.0000000E+0	1.0000000E+2	0.0000000E+0
1.5794700E+2	6.3030874E+1	6.0704933E+1	0.0000000E+0	0.0000000E+0	1.0000000E+2	0.0000000E+0
1.5799700E+2	6.3015679E+1	6.0691978E+1	0.0000000E+0	0.0000000E+0	1.0000000E+2	0.0000000E+0
1.5804700E+2	6.3016451E+1	6.0708271E+1	0.0000000E+0	0.0000000E+0	1.0000000E+2	0.0000000E+0
1.5809700E+2	6.3019590E+1	6.0707745E+1	0.0000000E+0	0.0000000E+0	1.0000000E+2	0.0000000E+0
1.5814700E+2	6.3020471E+1	6.0720679E+1	0.0000000E+0	0.0000000E+0	1.0000000E+2	0.0000000E+0
1.5819800E+2	6.3011594E+1	6.0710009E+1	0.0000000E+0	0.0000000E+0	1.0000000E+2	0.0000000E+0
1.5824800E+2	6.3003169E+1	6.0709495E+1	0.0000000E+0	0.0000000E+0	1.0000000E+2	0.0000000E+0
1.5829800E+2	6.3008884E+1	6.0705723E+1	0.0000000E+0	0.0000000E+0	1.0000000E+2	0.0000000E+0
1.5834900E+2	6.3010715E+1	6.0711056E+1	0.0000000E+0	0.0000000E+0	1.0000000E+2	0.0000000E+0
1.5839900E+2	6.3034329E+1	6.0735533E+1	0.0000000E+0	0.0000000E+0	1.0000000E+2	0.0000000E+0
1.5845000E+2	6.3042557E+1	6.0735508E+1	0.0000000E+0	0.0000000E+0	1.0000000E+2	0.0000000E+0
1.5850000E+2	6.3030454E+1	6.0741670E+1	0.0000000E+0	0.0000000E+0	1.0000000E+2	0.0000000E+0
1.5855000E+2	6.3005124E+1	6.0725857E+1	0.0000000E+0	0.0000000E+0	1.0000000E+2	0.0000000E+0
1.5860000E+2	6.2994699E+1	6.0722860E+1	0.0000000E+0	0.0000000E+0	1.0000000E+2	0.0000000E+0
1.5865000E+2	6.2990792E+1	6.0721240E+1	0.0000000E+0	0.0000000E+0	1.0000000E+2	0.0000000E+0
1.5870000E+2	6.2989893E+1	6.0729127E+1	0.0000000E+0	0.0000000E+0	1.0000000E+2	0.0000000E+0
1.5875000E+2	6.2966597E+1	6.0718516E+1	0.0000000E+0	0.0000000E+0	1.0000000E+2	0.0000000E+0
1.5880000E+2	6.2964000E+1	6.0712959E+1	0.0000000E+0	0.0000000E+0	1.0000000E+2	0.0000000E+0
1.5885000E+2	6.2968179E+1	6.0711978E+1	0.0000000E+0	0.0000000E+0	1.0000000E+2	0.0000000E+0
1.5890000E+2	6.2972877E+1	6.0707821E+1	0.0000000E+0	0.0000000E+0	1.0000000E+2	0.0000000E+0
1.5895100E+2	6.2971892E+1	6.0703937E+1	0.0000000E+0	0.0000000E+0	1.0000000E+2	0.0000000E+0
1.5900100E+2	6.2970773E+1	6.0707259E+1	0.0000000E+0	0.0000000E+0	1.0000000E+2	0.0000000E+0
1.5905200E+2	6.2987742E+1	6.0702812E+1	0.0000000E+0	0.0000000E+0	1.0000000E+2	0.0000000E+0
1.5910300E+2	6.2994208E+1	6.0712089E+1	0.0000000E+0	0.0000000E+0	1.0000000E+2	0.0000000E+0
1.5915400E+2	6.2997323E+1	6.0704455E+1	0.0000000E+0	0.0000000E+0	1.0000000E+2	0.0000000E+0
1.5920400E+2	6.3003212E+1	6.0712185E+1	0.0000000E+0	0.0000000E+0	1.0000000E+2	0.0000000E+0
1.5925500E+2	6.2995468E+1	6.0708170E+1	0.0000000E+0	0.0000000E+0	1.0000000E+2	0.0000000E+0
1.5930500E+2	6.2977841E+1	6.0695578E+1	0.0000000E+0	0.0000000E+0	1.0000000E+2	0.0000000E+0
1.5935500E+2	6.2977521E+1	6.0692097E+1	0.0000000E+0	0.0000000E+0	1.0000000E+2	0.0000000E+0
1.5940500E+2	6.2962588E+1	6.0696468E+1	0.0000000E+0	0.0000000E+0	1.0000000E+2	0.0000000E+0
1.5945500E+2	6.2950989E+1	6.0701007E+1	0.0000000E+0	0.0000000E+0	1.0000000E+2	0.0000000E+0
1.5950500E+2	6.2929417E+1	6.0694021E+1	0.0000000E+0	0.0000000E+0	1.0000000E+2	0.0000000E+0
1.5955500E+2	6.2916994E+1	6.0690879E+1	0.0000000E+0	0.0000000E+0	1.0000000E+2	0.0000000E+0
1.5960500E+2	6.2918598E+1	6.0702964E+1	0.0000000E+0	0.0000000E+0	1.0000000E+2	0.0000000E+0
1.5965600E+2	6.2914117E+1	6.0706913E+1	0.0000000E+0	0.0000000E+0	1.0000000E+2	0.0000000E+0
1.5970600E+2	6.2915688E+1	6.0713000E+1	0.0000000E+0	0.0000000E+0	1.0000000E+2	0.0000000E+0
1.5975600E+2	6.2910323E+1	6.0707345E+1	0.0000000E+0	0.0000000E+0	1.0000000E+2	0.0000000E+0
1.5980700E+2	6.2899253E+1	6.0697672E+1	0.0000000E+0	0.0000000E+0	1.0000000E+2	0.0000000E+0
1.5985700E+2	6.2880557E+1	6.0691694E+1	0.0000000E+0	0.0000000E+0	1.0000000E+2	0.0000000E+0
1.5990700E+2	6.2868441E+1	6.0686835E+1	0.0000000E+0	0.0000000E+0	1.0000000E+2	0.0000000E+0
1.5995700E+2	6.2839152E+1	6.0675820E+1	0.0000000E+0	0.0000000E+0	1.0000000E+2	0.0000000E+0
1.6000700E+2	6.2836794E+1	6.0690100E+1	0.0000000E+0	0.0000000E+0	1.0000000E+2	0.0000000E+0
1.6005700E+2	6.2827503E+1	6.0703053E+1	0.0000000E+0	0.0000000E+0	1.0000000E+2	0.0000000E+0
1.6010800E+2	6.2814937E+1	6.0692568E+1	0.0000000E+0	0.0000000E+0	1.0000000E+2	0.0000000E+0
1.6015800E+2	6.2802824E+1	6.0685390E+1	0.0000000E+0	0.0000000E+0	1.0000000E+2	0.0000000E+0
1.6020800E+2	6.2789423E+1	6.0692711E+1	0.0000000E+0	0.0000000E+0	1.0000000E+2	0.0000000E+0
1.6025900E+2	6.2782134E+1	6.0690339E+1	0.0000000E+0	0.0000000E+0	1.0000000E+2	0.0000000E+0
1.6031000E+2	6.2781612E+1	6.0683017E+1	0.0000000E+0	0.0000000E+0	1.0000000E+2	0.0000000E+0
1.6036100E+2	6.2784435E+1	6.0679351E+1	0.0000000E+0	0.0000000E+0	1.0000000E+2	0.0000000E+0
1.6041100E+2	6.2778522E+1	6.0677692E+1	0.0000000E+0	0.0000000E+0	1.0000000E+2	0.0000000E+0
1.6046200E+2	6.2772222E+1	6.0671745E+1	0.0000000E+0	0.0000000E+0	1.0000000E+2	0.0000000E+0
1.6051300E+2	6.2795603E+1	6.0686569E+1	0.0000000E+0	0.0000000E+0	1.0000000E+2	0.0000000E+0
1.6056300E+2	6.2809353E+1	6.0680846E+1	0.0000000E+0	0.0000000E+0	1.0000000E+2	0.0000000E+0
1.6061300E+2	6.2813947E+1	6.0684323E+1	0.0000000E+0	0.0000000E+0	1.0000000E+2	0.0000000E+0
1.6066400E+2	6.2818752E+1	6.0681414E+1	0.0000000E+0	0.0000000E+0	1.0000000E+2	0.0000000E+0
1.6071500E+2	6.2807479E+1	6.0681476E+1	0.0000000E+0	0.0000000E+0	1.0000000E+2	0.0000000E+0
1.6076500E+2	6.2797725E+1	6.0680513E+1	0.0000000E+0	0.0000000E+0	1.0000000E+2	0.0000000E+0
1.6081500E+2	6.2782845E+1	6.0677363E+1	0.0000000E+0	0.0000000E+0	1.0000000E+2	0.0000000E+0
1.6086500E+2	6.2763769E+1	6.0667719E+1	0.0000000E+0	0.0000000E+0	1.0000000E+2	0.0000000E+0
1.6091500E+2	6.2761008E+1	6.0681714E+1	0.0000000E+0	0.0000000E+0	1.0000000E+2	0.0000000E+0
1.6096500E+2	6.2743551E+1	6.0678528E+1	0.0000000E+0	0.0000000E+0	1.0000000E+2	0.0000000E+0
1.6101500E+2	6.2726299E+1	6.0672649E+1	0.0000000E+0	0.0000000E+0	1.0000000E+2	0.0000000E+0
1.6106500E+2	6.2711305E+1	6.0675424E+1	0.0000000E+0	0.0000000E+0	1.0000000E+2	0.0000000E+0
1.6111500E+2	6.2700538E+1	6.0664893E+1	0.0000000E+0	0.0000000E+0	1.0000000E+2	0.0000000E+0
1.6116500E+2	6.2691709E+1	6.0664630E+1	0.0000000E+0	0.0000000E+0	1.0000000E+2	0.0000000E+0
1.6121500E+2	6.2697275E+1	6.0663472E+1	0.0000000E+0	0.0000000E+0	1.0000000E+2	0.0000000E+0
1.6126600E+2	6.2686713E+1	6.0660582E+1	0.0000000E+0	0.0000000E+0	1.0000000E+2	0.0000000E+0
1.6131700E+2	6.2703091E+1	6.0676288E+1	0.0000000E+0	0.0000000E+0	1.0000000E+2	0.0000000E+0
1.6136700E+2	6.2695204E+1	6.0661807E+1	0.0000000E+0	0.0000000E+0	1.0000000E+2	0.0000000E+0
1.6141700E+2	6.2679572E+1	6.0658347E+1	0.0000000E+0	0.0000000E+0	1.0000000E+2	0.0000000E+0
1.6146800E+2	6.2658022E+1	6.0646899E+1	0.0000000E+0	0.0000000E+0	1.0000000E+2	0.0000000E+0
1.6151800E+2	6.2671764E+1	6.0666800E+1	0.0000000E+0	0.0000000E+0	1.0000000E+2	0.0000000E+0
1.6156800E+2	6.2664642E+1	6.0670994E+1	0.0000000E+0	0.0000000E+0	1.0000000E+2	0.0000000E+0
1.6161900E+2	6.2668942E+1	6.0669585E+1	0.0000000E+0	0.0000000E+0	1.0000000E+2	0.0000000E+0
1.6167000E+2	6.2664847E+1	6.0664705E+1	0.0000000E+0	0.0000000E+0	1.0000000E+2	0.0000000E+0
1.6172000E+2	6.2660459E+1	6.0667955E+1	0.0000000E+0	0.0000000E+0	1.0000000E+2	0.0000000E+0
1.6177000E+2	6.2653297E+1	6.0671313E+1	0.0000000E+0	0.0000000E+0	1.0000000E+2	0.0000000E+0
1.6182000E+2	6.2655117E+1	6.0665396E+1	0.0000000E+0	0.0000000E+0	1.0000000E+2	0.0000000E+0
1.6187000E+2	6.2658618E+1	6.0660593E+1	0.0000000E+0	0.0000000E+0	1.0000000E+2	0.0000000E+0
1.6192100E+2	6.2667372E+1	6.0655354E+1	0.0000000E+0	0.0000000E+0	1.0000000E+2	0.0000000E+0
1.6197100E+2	6.2685836E+1	6.0657088E+1	0.0000000E+0	0.0000000E+0	1.0000000E+2	0.0000000E+0
1.6202100E+2	6.2704279E+1	6.0652494E+1	0.0000000E+0	0.0000000E+0	1.0000000E+2	0.0000000E+0
1.6207100E+2	6.2713604E+1	6.0663121E+1	0.0000000E+0	0.0000000E+0	1.0000000E+2	0.0000000E+0
1.6212100E+2	6.2696598E+1	6.0661250E+1	0.0000000E+0	0.0000000E+0	1.0000000E+2	0.0000000E+0
1.6217100E+2	6.2691681E+1	6.0659311E+1	0.0000000E+0	0.0000000E+0	1.0000000E+2	0.0000000E+0
1.6222100E+2	6.2691535E+1	6.0679037E+1	0.0000000E+0	0.0000000E+0	1.0000000E+2	0.0000000E+0
1.6227100E+2	6.2685376E+1	6.0679768E+1	0.0000000E+0	0.0000000E+0	1.0000000E+2	0.0000000E+0
1.6232100E+2	6.2666040E+1	6.0675353E+1	0.0000000E+0	0.0000000E+0	1.0000000E+2	0.0000000E+0
1.6237100E+2	6.2670134E+1	6.0674631E+1	0.0000000E+0	0.0000000E+0	1.0000000E+2	0.0000000E+0
1.6242100E+2	6.2666766E+1	6.0663794E+1	0.0000000E+0	0.0000000E+0	1.0000000E+2	0.0000000E+0
1.6247100E+2	6.2678226E+1	6.0675733E+1	0.0000000E+0	0.0000000E+0	1.0000000E+2	0.0000000E+0
1.6252100E+2	6.2685812E+1	6.0674077E+1	0.0000000E+0	0.0000000E+0	1.0000000E+2	0.0000000E+0
1.6257100E+2	6.2677912E+1	6.0663174E+1	0.0000000E+0	0.0000000E+0	1.0000000E+2	0.0000000E+0
1.6262100E+2	6.2684099E+1	6.0656386E+1	0.0000000E+0	0.0000000E+0	1.0000000E+2	0.0000000E+0
1.6267200E+2	6.2687248E+1	6.0670821E+1	0.0000000E+0	0.0000000E+0	1.0000000E+2	0.0000000E+0
1.6272200E+2	6.2690124E+1	6.0674887E+1	0.0000000E+0	0.0000000E+0	1.0000000E+2	0.0000000E+0
1.6277200E+2	6.2689335E+1	6.0665592E+1	0.0000000E+0	0.0000000E+0	1.0000000E+2	0.0000000E+0
1.6282200E+2	6.2677053E+1	6.0662669E+1	0.0000000E+0	0.0000000E+0	1.0000000E+2	0.0000000E+0
1.6287300E+2	6.2682053E+1	6.0662609E+1	0.0000000E+0	0.0000000E+0	1.0000000E+2	0.0000000E+0
1.6292500E+2	6.2648636E+1	6.0650612E+1	0.0000000E+0	0.0000000E+0	1.0000000E+2	0.0000000E+0
1.6297500E+2	6.2661279E+1	6.0666038E+1	0.0000000E+0	0.0000000E+0	1.0000000E+2	0.0000000E+0
1.6302600E+2	6.2649915E+1	6.0651535E+1	0.0000000E+0	0.0000000E+0	1.0000000E+2	0.0000000E+0
1.6307700E+2	6.2682264E+1	6.0670308E+1	0.0000000E+0	0.0000000E+0	1.0000000E+2	0.0000000E+0
1.6312700E+2	6.2690235E+1	6.0656437E+1	0.0000000E+0	0.0000000E+0	1.0000000E+2	0.0000000E+0
1.6317700E+2	6.2691631E+1	6.0657389E+1	0.0000000E+0	0.0000000E+0	1.0000000E+2	0.0000000E+0
1.6322700E+2	6.2695539E+1	6.0652748E+1	0.0000000E+0	0.0000000E+0	1.0000000E+2	0.0000000E+0
1.6327800E+2	6.2691433E+1	6.0652857E+1	0.0000000E+0	0.0000000E+0	1.0000000E+2	0.0000000E+0
1.6332800E+2	6.2693712E+1	6.0649161E+1	0.0000000E+0	0.0000000E+0	1.0000000E+2	0.0000000E+0
1.6337800E+2	6.2692394E+1	6.0652550E+1	0.0000000E+0	0.0000000E+0	1.0000000E+2	0.0000000E+0
1.6342800E+2	6.2681734E+1	6.0649167E+1	0.0000000E+0	0.0000000E+0	1.0000000E+2	0.0000000E+0
1.6347800E+2	6.2684688E+1	6.0648109E+1	0.0000000E+0	0.0000000E+0	1.0000000E+2	0.0000000E+0
1.6352900E+2	6.2665463E+1	6.0639003E+1	0.0000000E+0	0.0000000E+0	1.0000000E+2	0.0000000E+0
1.6357900E+2	6.2666858E+1	6.0642500E+1	0.0000000E+0	0.0000000E+0	1.0000000E+2	0.0000000E+0
1.6362900E+2	6.2668416E+1	6.0649980E+1	0.0000000E+0	0.0000000E+0	1.0000000E+2	0.0000000E+0
1.6367900E+2	6.2674990E+1	6.0642097E+1	0.0000000E+0	0.0000000E+0	1.0000000E+2	0.0000000E+0
1.6372900E+2	6.2691360E+1	6.0641196E+1	0.0000000E+0	0.0000000E+0	1.0000000E+2	0.0000000E+0
1.6378000E+2	6.2689415E+1	6.0640641E+1	0.0000000E+0	0.0000000E+0	1.0000000E+2	0.0000000E+0
1.6383000E+2	6.2707180E+1	6.0651637E+1	0.0000000E+0	0.0000000E+0	1.0000000E+2	0.0000000E+0
1.6388000E+2	6.2697071E+1	6.0649811E+1	0.0000000E+0	0.0000000E+0	1.0000000E+2	0.0000000E+0
1.6393000E+2	6.2688234E+1	6.0650477E+1	0.0000000E+0	0.0000000E+0	1.0000000E+2	0.0000000E+0
1.6398000E+2	6.2682264E+1	6.0655165E+1	0.0000000E+0	0.0000000E+0	1.0000000E+2	0.0000000E+0
1.6403000E+2	6.2665356E+1	6.0648960E+1	0.0000000E+0	0.0000000E+0	1.0000000E+2	0.0000000E+0
1.6408000E+2	6.2668860E+1	6.0647483E+1	0.0000000E+0	0.0000000E+0	1.0000000E+2	0.0000000E+0
1.6413100E+2	6.2673494E+1	6.0667787E+1	0.0000000E+0	0.0000000E+0	1.0000000E+2	0.0000000E+0
1.6418200E+2	6.2664027E+1	6.0654054E+1	0.0000000E+0	0.0000000E+0	1.0000000E+2	0.0000000E+0
1.6423200E+2	6.2654130E+1	6.0648974E+1	0.0000000E+0	0.0000000E+0	1.0000000E+2	0.0000000E+0
1.6428300E+2	6.2652992E+1	6.0659480E+1	0.0000000E+0	0.0000000E+0	1.0000000E+2	0.0000000E+0
1.6433300E+2	6.2627400E+1	6.0645812E+1	0.0000000E+0	0.0000000E+0	1.0000000E+2	0.0000000E+0
1.6438300E+2	6.2617195E+1	6.0654554E+1	0.0000000E+0	0.0000000E+0	1.0000000E+2	0.0000000E+0
1.6443400E+2	6.2594728E+1	6.0653985E+1	0.0000000E+0	0.0000000E+0	1.0000000E+2	0.0000000E+0
1.6448500E+2	6.2567568E+1	6.0642318E+1	0.0000000E+0	0.0000000E+0	1.0000000E+2	0.0000000E+0
1.6453500E+2	6.2552382E+1	6.0638027E+1	0.0000000E+0	0.0000000E+0	1.0000000E+2	0.0000000E+0
1.6458500E+2	6.2548581E+1	6.0632329E+1	0.0000000E+0	0.0000000E+0	1.0000000E+2	0.0000000E+0
1.6463500E+2	6.2532568E+1	6.0631539E+1	0.0000000E+0	0.0000000E+0	1.0000000E+2	0.0000000E+0
1.6468600E+2	6.2521227E+1	6.0650820E+1	0.0000000E+0	0.0000000E+0	1.0000000E+2	0.0000000E+0
1.6473600E+2	6.2506272E+1	6.0646883E+1	0.0000000E+0	0.0000000E+0	1.0000000E+2	0.0000000E+0
1.6478600E+2	6.2502219E+1	6.0639099E+1	0.0000000E+0	0.0000000E+0	1.0000000E+2	0.0000000E+0
1.6483600E+2	6.2500461E+1	6.0638483E+1	0.0000000E+0	0.0000000E+0	1.0000000E+2	0.0000000E+0
1.6488700E+2	6.2499168E+1	6.0648298E+1	0.0000000E+0	0.0000000E+0	1.0000000E+2	0.0000000E+0
1.6493700E+2	6.2490935E+1	6.0647585E+1	0.0000000E+0	0.0000000E+0	1.0000000E+2	0.0000000E+0
1.6498700E+2	6.2487266E+1	6.0657685E+1	0.0000000E+0	0.0000000E+0	1.0000000E+2	0.0000000E+0
1.6503700E+2	6.2465068E+1	6.0645847E+1	0.0000000E+0	0.0000000E+0	1.0000000E+2	0.0000000E+0
1.6508800E+2	6.2435036E+1	6.0638825E+1	0.0000000E+0	0.0000000E+0	1.0000000E+2	0.0000000E+0
1.6513800E+2	6.2427461E+1	6.0642742E+1	0.0000000E+0	0.0000000E+0	1.0000000E+2	0.0000000E+0
1.6518800E+2	6.2394303E+1	6.0637571E+1	0.0000000E+0	0.0000000E+0	1.0000000E+2	0.0000000E+0
1.6523900E+2	6.2367511E+1	6.0628835E+1	0.0000000E+0	0.0000000E+0	1.0000000E+2	0.0000000E+0
1.6528900E+2	6.2362293E+1	6.0631382E+1	0.0000000E+0	0.0000000E+0	1.0000000E+2	0.0000000E+0
1.6533900E+2	6.2355465E+1	6.0639868E+1	0.0000000E+0	0.0000000E+0	1.0000000E+2	0.0000000E+0
1.6539000E+2	6.2344856E+1	6.0639894E+1	0.0000000E+0	0.0000000E+0	1.0000000E+2	0.0000000E+0
1.6544100E+2	6.2362147E+1	6.0639241E+1	0.0000000E+0	0.0000000E+0	1.0000000E+2	0.0000000E+0
1.6549200E+2	6.2357128E+1	6.0630984E+1	0.0000000E+0	0.0000000E+0	1.0000000E+2	0.0000000E+0
1.6554200E+2	6.2334113E+1	6.0628549E+1	0.0000000E+0	0.0000000E+0	1.0000000E+2	0.0000000E+0
1.6559200E+2	6.2327094E+1	6.0638253E+1	0.0000000E+0	0.0000000E+0	1.0000000E+2	0.0000000E+0
1.6564200E+2	6.2303461E+1	6.0632705E+1	0.0000000E+0	0.0000000E+0	1.0000000E+2	0.0000000E+0
1.6569300E+2	6.2295532E+1	6.0629057E+1	0.0000000E+0	0.0000000E+0	1.0000000E+2	0.0000000E+0
1.6574300E+2	6.2290640E+1	6.0630479E+1	0.0000000E+0	0.0000000E+0	1.0000000E+2	0.0000000E+0
1.6579300E+2	6.2285177E+1	6.0640953E+1	0.0000000E+0	0.0000000E+0	1.0000000E+2	0.0000000E+0
1.6584400E+2	6.2292793E+1	6.0648469E+1	0.0000000E+0	0.0000000E+0	1.0000000E+2	0.0000000E+0
1.6589500E+2	6.2289345E+1	6.0645289E+1	0.0000000E+0	0.0000000E+0	1.0000000E+2	0.0000000E+0
1.6594500E+2	6.2298090E+1	6.0661770E+1	0.0000000E+0	0.0000000E+0	1.0000000E+2	0.0000000E+0
1.6599500E+2	6.2278068E+1	6.0663879E+1	0.0000000E+0	0.0000000E+0	1.0000000E+2	0.0000000E+0
1.6604500E+2	6.2290045E+1	6.0675422E+1	0.0000000E+0	0.0000000E+0	1.0000000E+2	0.0000000E+0
1.6609500E+2	6.2279720E+1	6.0666577E+1	0.0000000E+0	0.0000000E+0	1.0000000E+2	0.0000000E+0
1.6614500E+2	6.2260831E+1	6.0664110E+1	0.0000000E+0	0.0000000E+0	1.0000000E+2	0.0000000E+0
1.6619600E+2	6.2232758E+1	6.0666240E+1	0.0000000E+0	0.0000000E+0	1.0000000E+2	0.0000000E+0
1.6624600E+2	6.2217331E+1	6.0659416E+1	0.0000000E+0	0.0000000E+0	1.0000000E+2	0.0000000E+0
1.6629600E+2	6.2210789E+1	6.0664111E+1	0.0000000E+0	0.0000000E+0	1.0000000E+2	0.0000000E+0
1.6634600E+2	6.2214855E+1	6.0657452E+1	0.0000000E+0	0.0000000E+0	1.0000000E+2	0.0000000E+0
1.6639600E+2	6.2215904E+1	6.0659829E+1	0.0000000E+0	0.0000000E+0	1.0000000E+2	0.0000000E+0
1.6644600E+2	6.2214379E+1	6.0663579E+1	0.0000000E+0	0.0000000E+0	1.0000000E+2	0.0000000E+0
1.6649700E+2	6.2173453E+1	6.0660488E+1	0.0000000E+0	0.0000000E+0	1.0000000E+2	0.0000000E+0
1.6654800E+2	6.2151197E+1	6.0656152E+1	0.0000000E+0	0.0000000E+0	1.0000000E+2	0.0000000E+0
1.6659800E+2	6.2114876E+1	6.0636544E+1	0.0000000E+0	0.0000000E+0	1.0000000E+2	0.0000000E+0
1.6664900E+2	6.2102698E+1	6.0634318E+1	0.0000000E+0	0.0000000E+0	1.0000000E+2	0.0000000E+0
1.6669900E+2	6.2075180E+1	6.0636989E+1	0.0000000E+0	0.0000000E+0	1.0000000E+2	0.0000000E+0
1.6674900E+2	6.2066231E+1	6.0642610E+1	0.0000000E+0	0.0000000E+0	1.0000000E+2	0.0000000E+0
1.6679900E+2	6.2049012E+1	6.0645074E+1	0.0000000E+0	0.0000000E+0	1.0000000E+2	0.0000000E+0
1.6684900E+2	6.2038391E+1	6.0643043E+1	0.0000000E+0	0.0000000E+0	1.0000000E+2	0.0000000E+0
1.6689900E+2	6.2032819E+1	6.0650617E+1	0.0000000E+0	0.0000000E+0	1.0000000E+2	0.0000000E+0
1.6694900E+2	6.2006565E+1	6.0637275E+1	0.0000000E+0	0.0000000E+0	1.0000000E+2	0.0000000E+0
1.6699900E+2	6.1991370E+1	6.0632963E+1	0.0000000E+0	0.0000000E+0	1.0000000E+2	0.0000000E+0
1.6704900E+2	6.1984909E+1	6.0633451E+1	0.0000000E+0	0.0000000E+0	1.0000000E+2	0.0000000E+0
1.6709900E+2	6.1968956E+1	6.0623148E+1	0.0000000E+0	0.0000000E+0	1.0000000E+2	0.0000000E+0
1.6715100E+2	6.1967030E+1	6.0627436E+1	0.0000000E+0	0.0000000E+0	1.0000000E+2	0.0000000E+0
1.6720100E+2	6.1966625E+1	6.0634171E+1	0.0000000E+0	0.0000000E+0	1.0000000E+2	0.0000000E+0
1.6725100E+2	6.1958412E+1	6.0636226E+1	0.0000000E+0	0.0000000E+0	1.0000000E+2	0.0000000E+0
1.6730100E+2	6.1937131E+1	6.0625978E+1	0.0000000E+0	0.0000000E+0	1.0000000E+2	0.0000000E+0
1.6735100E+2	6.1919097E+1	6.0629308E+1	0.0000000E+0	0.0000000E+0	1.0000000E+2	0.0000000E+0
1.6740200E+2	6.1905223E+1	6.0612573E+1	0.0000000E+0	0.0000000E+0	1.0000000E+2	0.0000000E+0
1.6745200E+2	6.1909435E+1	6.0613778E+1	0.0000000E+0	0.0000000E+0	1.0000000E+2	0.0000000E+0
1.6750300E+2	6.1931089E+1	6.0625353E+1	0.0000000E+0	0.0000000E+0	1.0000000E+2	0.0000000E+0
1.6755300E+2	6.1928494E+1	6.0635337E+1	0.0000000E+0	0.0000000E+0	1.0000000E+2	0.0000000E+0
1.6760300E+2	6.1934924E+1	6.0626872E+1	0.0000000E+0	0.0000000E+0	1.0000000E+2	0.0000000E+0
1.6765300E+2	6.1902169E+1	6.0614526E+1	0.0000000E+0	0.0000000E+0	1.0000000E+2	0.0000000E+0
1.6770300E+2	6.1918337E+1	6.0618817E+1	0.0000000E+0	0.0000000E+0	1.0000000E+2	0.0000000E+0
1.6775300E+2	6.1925832E+1	6.0632224E+1	0.0000000E+0	0.0000000E+0	1.0000000E+2	0.0000000E+0
1.6780300E+2	6.1935866E+1	6.0641212E+1	0.0000000E+0	0.0000000E+0	1.0000000E+2	0.0000000E+0
1.6785300E+2	6.1932358E+1	6.0628143E+1	0.0000000E+0	0.0000000E+0	1.0000000E+2	0.0000000E+0
1.6790300E+2	6.1939892E+1	6.0634994E+1	0.0000000E+0	0.0000000E+0	1.0000000E+2	0.0000000E+0
1.6795300E+2	6.1938403E+1	6.0640633E+1	0.0000000E+0	0.0000000E+0	1.0000000E+2	0.0000000E+0
1.6800300E+2	6.1917550E+1	6.0632177E+1	0.0000000E+0	0.0000000E+0	1.0000000E+2	0.0000000E+0
1.6805300E+2	6.1900666E+1	6.0633900E+1	0.0000000E+0	0.0000000E+0	1.0000000E+2	0.0000000E+0
1.6810300E+2	6.1892320E+1	6.0627162E+1	0.0000000E+0	0.0000000E+0	1.0000000E+2	0.0000000E+0
1.6815300E+2	6.1912996E+1	6.0628132E+1	0.0000000E+0	0.0000000E+0	1.0000000E+2	0.0000000E+0
1.6820300E+2	6.1917771E+1	6.0637637E+1	0.0000000E+0	0.0000000E+0	1.0000000E+2	0.0000000E+0
1.6825400E+2	6.1906829E+1	6.0622113E+1	0.0000000E+0	0.0000000E+0	1.0000000E+2	0.0000000E+0
1.6830400E+2	6.1894126E+1	6.0618980E+1	0.0000000E+0	0.0000000E+0	1.0000000E+2	0.0000000E+0
1.6835500E+2	6.1872077E+1	6.0626021E+1	0.0000000E+0	0.0000000E+0	1.0000000E+2	0.0000000E+0
1.6840600E+2	6.1856791E+1	6.0610066E+1	0.0000000E+0	0.0000000E+0	1.0000000E+2	0.0000000E+0
1.6845700E+2	6.1846713E+1	6.0612248E+1	0.0000000E+0	0.0000000E+0	1.0000000E+2	0.0000000E+0
1.6850700E+2	6.1849905E+1	6.0626462E+1	0.0000000E+0	0.0000000E+0	1.0000000E+2	0.0000000E+0
1.6855700E+2	6.1823907E+1	6.0619203E+1	0.0000000E+0	0.0000000E+0	1.0000000E+2	0.0000000E+0
1.6860700E+2	6.1816651E+1	6.0622267E+1	0.0000000E+0	0.0000000E+0	1.0000000E+2	0.0000000E+0
1.6865900E+2	6.1781738E+1	6.0621866E+1	0.0000000E+0	0.0000000E+0	1.0000000E+2	0.0000000E+0
1.6870900E+2	6.1761620E+1	6.0620296E+1	0.0000000E+0	0.0000000E+0	1.0000000E+2	0.0000000E+0
1.6875900E+2	6.1753445E+1	6.0619699E+1	0.0000000E+0	0.0000000E+0	1.0000000E+2	0.0000000E+0
1.6881000E+2	6.1746138E+1	6.0624709E+1	0.0000000E+0	0.0000000E+0	1.0000000E+2	0.0000000E+0
1.6886100E+2	6.1723182E+1	6.0611880E+1	0.0000000E+0	0.0000000E+0	1.0000000E+2	0.0000000E+0
1.6891100E+2	6.1725287E+1	6.0607832E+1	0.0000000E+0	0.0000000E+0	1.0000000E+2	0.0000000E+0
1.6896100E+2	6.1733919E+1	6.0602921E+1	0.0000000E+0	0.0000000E+0	1.0000000E+2	0.0000000E+0
1.6901100E+2	6.1724207E+1	6.0603903E+1	0.0000000E+0	0.0000000E+0	1.0000000E+2	0.0000000E+0
1.6906100E+2	6.1719050E+1	6.0603636E+1	0.0000000E+0	0.0000000E+0	1.0000000E+2	0.0000000E+0
1.6911200E+2	6.1709635E+1	6.0608117E+1	0.0000000E+0	0.0000000E+0	1.0000000E+2	0.0000000E+0
1.6916200E+2	6.1683559E+1	6.0595054E+1	0.0000000E+0	0.0000000E+0	1.0000000E+2	0.0000000E+0
1.6921200E+2	6.1684566E+1	6.0608550E+1	0.0000000E+0	0.0000000E+0	1.0000000E+2	0.0000000E+0
1.6926300E+2	6.1692853E+1	6.0622072E+1	0.0000000E+0	0.0000000E+0	1.0000000E+2	0.0000000E+0
1.6931300E+2	6.1690994E+1	6.0628929E+1	0.0000000E+0	0.0000000E+0	1.0000000E+2	0.0000000E+0
1.6936400E+2	6.1687216E+1	6.0624101E+1	0.0000000E+0	0.0000000E+0	1.0000000E+2	0.0000000E+0
1.6941500E+2	6.1681472E+1	6.0615237E+1	0.0000000E+0	0.0000000E+0	1.0000000E+2	0.0000000E+0
1.6946500E+2	6.1691605E+1	6.0614348E+1	0.0000000E+0	0.0000000E+0	1.0000000E+2	0.0000000E+0
1.6951500E+2	6.1689822E+1	6.0616857E+1	0.0000000E+0	0.0000000E+0	1.0000000E+2	0.0000000E+0
1.6956600E+2	6.1685730E+1	6.0598852E+1	0.0000000E+0	0.0000000E+0	1.0000000E+2	0.0000000E+0
1.6961600E+2	6.1664003E+1	6.0596173E+1	0.0000000E+0	0.0000000E+0	1.0000000E+2	0.0000000E+0
1.6966700E+2	6.1677113E+1	6.0611378E+1	0.0000000E+0	0.0000000E+0	1.0000000E+2	0.0000000E+0
1.6971800E+2	6.1682590E+1	6.0614493E+1	0.0000000E+0	0.0000000E+0	1.0000000E+2	0.0000000E+0
1.6976800E+2	6.1668601E+1	6.0606392E+1	0.0000000E+0	0.0000000E+0	1.0000000E+2	0.0000000E+0
1.6981900E+2	6.1665161E+1	6.0613680E+1	0.0000000E+0	0.0000000E+0	1.0000000E+2	0.0000000E+0
1.6987000E+2	6.1658410E+1	6.0615490E+1	0.0000000E+0	0.0000000E+0	1.0000000E+2	0.0000000E+0
1.6992000E+2	6.1647567E+1	6.0617683E+1	0.0000000E+0	0.0000000E+0	1.0000000E+2	0.0000000E+0
1.6997000E+2	6.1648624E+1	6.0614909E+1	0.0000000E+0	0.0000000E+0	1.0000000E+2	0.0000000E+0
1.7002000E+2	6.1662354E+1	6.0621726E+1	0.0000000E+0	0.0000000E+0	1.0000000E+2	0.0000000E+0
1.7007100E+2	6.1661428E+1	6.0622296E+1	0.0000000E+0	0.0000000E+0	1.0000000E+2	0.0000000E+0
1.7012100E+2	6.1661483E+1	6.0609501E+1	0.0000000E+0	0.0000000E+0	1.0000000E+2	0.0000000E+0
1.7017200E+2	6.1671652E+1	6.0607325E+1	0.0000000E+0	0.0000000E+0	1.0000000E+2	0.0000000E+0
1.7022200E+2	6.1690457E+1	6.0622843E+1	0.0000000E+0	0.0000000E+0	1.0000000E+2	0.0000000E+0
1.7027300E+2	6.1703212E+1	6.0615048E+1	0.0000000E+0	0.0000000E+0	1.0000000E+2	0.0000000E+0
1.7032300E+2	6.1713341E+1	6.0620803E+1	0.0000000E+0	0.0000000E+0	1.0000000E+2	0.0000000E+0
1.7037300E+2	6.1715464E+1	6.0615673E+1	0.0000000E+0	0.0000000E+0	1.0000000E+2	0.0000000E+0
1.7042300E+2	6.1734534E+1	6.0626566E+1	0.0000000E+0	0.0000000E+0	1.0000000E+2	0.0000000E+0
1.7047400E+2	6.1749602E+1	6.0634414E+1	0.0000000E+0	0.0000000E+0	1.0000000E+2	0.0000000E+0
1.7052400E+2	6.1758242E+1	6.0621637E+1	0.0000000E+0	0.0000000E+0	1.0000000E+2	0.0000000E+0
1.7057400E+2	6.1743756E+1	6.0611364E+1	0.0000000E+0	0.0000000E+0	1.0000000E+2	0.0000000E+0
1.7062400E+2	6.1766741E+1	6.0622350E+1	0.0000000E+0	0.0000000E+0	1.0000000E+2	0.0000000E+0
1.7067400E+2	6.1754866E+1	6.0612540E+1	0.0000000E+0	0.0000000E+0	1.0000000E+2	0.0000000E+0
1.7072400E+2	6.1743638E+1	6.0614527E+1	0.0000000E+0	0.0000000E+0	1.0000000E+2	0.0000000E+0
1.7077400E+2	6.1754575E+1	6.0620881E+1	0.0000000E+0	0.0000000E+0	1.0000000E+2	0.0000000E+0
1.7082500E+2	6.1763543E+1	6.0623307E+1	0.0000000E+0	0.0000000E+0	1.0000000E+2	0.0000000E+0
1.7087500E+2	6.1750083E+1	6.0618517E+1	0.0000000E+0	0.0000000E+0	1.0000000E+2	0.0000000E+0
1.7092500E+2	6.1754610E+1	6.0621227E+1	0.0000000E+0	0.0000000E+0	1.0000000E+2	0.0000000E+0
1.7097700E+2	6.1777748E+1	6.0623062E+1	0.0000000E+0	0.0000000E+0	1.0000000E+2	0.0000000E+0
1.7102800E+2	6.1781783E+1	6.0616140E+1	0.0000000E+0	0.0000000E+0	1.0000000E+2	0.0000000E+0
1.7107800E+2	6.1786033E+1	6.0609013E+1	0.0000000E+0	0.0000000E+0	1.0000000E+2	0.0000000E+0
1.7112800E+2	6.1795019E+1	6.0610215E+1	0.0000000E+0	0.0000000E+0	1.0000000E+2	0.0000000E+0
1.7117900E+2	6.1791533E+1	6.0600891E+1	0.0000000E+0	0.0000000E+0	1.0000000E+2	0.0000000E+0
1.7122900E+2	6.1803365E+1	6.0609181E+1	0.0000000E+0	0.0000000E+0	1.0000000E+2	0.0000000E+0
1.7127900E+2	6.1808752E+1	6.0617160E+1	0.0000000E+0	0.0000000E+0	1.0000000E+2	0.0000000E+0
1.7132900E+2	6.1794196E+1	6.0603145E+1	0.0000000E+0	0.0000000E+0	1.0000000E+2	0.0000000E+0
1.7137900E+2	6.1799253E+1	6.0613934E+1	0.0000000E+0	0.0000000E+0	1.0000000E+2	0.0000000E+0
1.7142900E+2	6.1785886E+1	6.0612860E+1	0.0000000E+0	0.0000000E+0	1.0000000E+2	0.0000000E+0
1.7147900E+2	6.1777629E+1	6.0609227E+1	0.0000000E+0	0.0000000E+0	1.0000000E+2	0.0000000E+0
1.7152900E+2	6.1762765E+1	6.0610641E+1	0.0000000E+0	0.0000000E+0	1.0000000E+2	0.0000000E+0
1.7157900E+2	6.1768305E+1	6.0619723E+1	0.0000000E+0	0.0000000E+0	1.0000000E+2	0.0000000E+0
1.7162900E+2	6.1770099E+1	6.0612665E+1	0.0000000E+0	0.0000000E+0	1.0000000E+2	0.0000000E+0
1.7167900E+2	6.1793100E+1	6.0623346E+1	0.0000000E+0	0.0000000E+0	1.0000000E+2	0.0000000E+0
1.7173000E+2	6.1800971E+1	6.0628162E+1	0.0000000E+0	0.0000000E+0	1.0000000E+2	0.0000000E+0
1.7178000E+2	6.1798651E+1	6.0625475E+1	0.0000000E+0	0.0000000E+0	1.0000000E+2	0.0000000E+0
1.7183000E+2	6.1790778E+1	6.0629175E+1	0.0000000E+0	0.0000000E+0	1.0000000E+2	0.0000000E+0
1.7188000E+2	6.1780587E+1	6.0623506E+1	0.0000000E+0	0.0000000E+0	1.0000000E+2	0.0000000E+0
1.7193000E+2	6.1778257E+1	6.0625268E+1	0.0000000E+0	0.0000000E+0	1.0000000E+2	0.0000000E+0
1.7198000E+2	6.1779931E+1	6.0629459E+1	0.0000000E+0	0.0000000E+0	1.0000000E+2	0.0000000E+0
1.7203100E+2	6.1758435E+1	6.0620851E+1	0.0000000E+0	0.0000000E+0	1.0000000E+2	0.0000000E+0
1.7208100E+2	6.1756376E+1	6.0617120E+1	0.0000000E+0	0.0000000E+0	1.0000000E+2	0.0000000E+0
1.7213100E+2	6.1752117E+1	6.0618315E+1	0.0000000E+0	0.0000000E+0	1.0000000E+2	0.0000000E+0
1.7218200E+2	6.1741026E+1	6.0606237E+1	0.0000000E+0	0.0000000E+0	1.0000000E+2	0.0000000E+0
1.7223200E+2	6.1743761E+1	6.0611129E+1	0.0000000E+0	0.0000000E+0	1.0000000E+2	0.0000000E+0
1.7228200E+2	6.1743598E+1	6.0623991E+1	0.0000000E+0	0.0000000E+0	1.0000000E+2	0.0000000E+0
1.7233200E+2	6.1742120E+1	6.0627464E+1	0.0000000E+0	0.0000000E+0	1.0000000E+2	0.0000000E+0
1.7238200E+2	6.1746610E+1	6.0622923E+1	0.0000000E+0	0.0000000E+0	1.0000000E+2	0.0000000E+0
1.7243200E+2	6.1753367E+1	6.0621701E+1	0.0000000E+0	0.0000000E+0	1.0000000E+2	0.0000000E+0
1.7248300E+2	6.1761865E+1	6.0620898E+1	0.0000000E+0	0.0000000E+0	1.0000000E+2	0.0000000E+0
1.7253400E+2	6.1763374E+1	6.0636031E+1	0.0000000E+0	0.0000000E+0	1.0000000E+2	0.0000000E+0
1.7258400E+2	6.1759182E+1	6.0636876E+1	0.0000000E+0	0.0000000E+0	1.0000000E+2	0.0000000E+0
1.7263400E+2	6.1755757E+1	6.0641363E+1	0.0000000E+0	0.0000000E+0	1.0000000E+2	0.0000000E+0
1.7268400E+2	6.1737991E+1	6.0637770E+1	0.0000000E+0	0.0000000E+0	1.0000000E+2	0.0000000E+0
1.7273400E+2	6.1707854E+1	6.0617341E+1	0.0000000E+0	0.0000000E+0	1.0000000E+2	0.0000000E+0
1.7278500E+2	6.1710208E+1	6.0615407E+1	0.0000000E+0	0.0000000E+0	1.0000000E+2	0.0000000E+0
1.7283500E+2	6.1725685E+1	6.0625580E+1	0.0000000E+0	0.0000000E+0	1.0000000E+2	0.0000000E+0
1.7288500E+2	6.1754408E+1	6.0646038E+1	0.0000000E+0	0.0000000E+0	1.0000000E+2	0.0000000E+0
1.7293500E+2	6.1757960E+1	6.0643333E+1	0.0000000E+0	0.0000000E+0	1.0000000E+2	0.0000000E+0
1.7298500E+2	6.1752418E+1	6.0636305E+1	0.0000000E+0	0.0000000E+0	1.0000000E+2	0.0000000E+0
1.7303500E+2	6.1766821E+1	6.0650129E+1	0.0000000E+0	0.0000000E+0	1.0000000E+2	0.0000000E+0
1.7308500E+2	6.1774019E+1	6.0648867E+1	0.0000000E+0	0.0000000E+0	1.0000000E+2	0.0000000E+0
1.7313500E+2	6.1762816E+1	6.0640055E+1	0.0000000E+0	0.0000000E+0	1.0000000E+2	0.0000000E+0
1.7318500E+2	6.1768011E+1	6.0638696E+1	0.0000000E+0	0.0000000E+0	1.0000000E+2	0.0000000E+0
1.7323500E+2	6.1778991E+1	6.0631451E+1	0.0000000E+0	0.0000000E+0	1.0000000E+2	0.0000000E+0
1.7328500E+2	6.1793572E+1	6.0635199E+1	0.0000000E+0	0.0000000E+0	1.0000000E+2	0.0000000E+0
1.7333600E+2	6.1799112E+1	6.0634844E+1	0.0000000E+0	0.0000000E+0	1.0000000E+2	0.0000000E+0
1.7338700E+2	6.1801545E+1	6.0620143E+1	0.0000000E+0	0.0000000E+0	1.0000000E+2	0.0000000E+0
1.7343800E+2	6.1817587E+1	6.0624554E+1	0.0000000E+0	0.0000000E+0	1.0000000E+2	0.0000000E+0
1.7348800E+2	6.1831795E+1	6.0635911E+1	0.0000000E+0	0.0000000E+0	1.0000000E+2	0.0000000E+0
1.7353900E+2	6.1846974E+1	6.0637702E+1	0.0000000E+0	0.0000000E+0	1.0000000E+2	0.0000000E+0
1.7358900E+2	6.1863988E+1	6.0643343E+1	0.0000000E+0	0.0000000E+0	1.0000000E+2	0.0000000E+0
1.7363900E+2	6.1877010E+1	6.0633660E+1	0.0000000E+0	0.0000000E+0	1.0000000E+2	0.0000000E+0
1.7368900E+2	6.1883927E+1	6.0626981E+1	0.0000000E+0	0.0000000E+0	1.0000000E+2	0.0000000E+0
1.7374000E+2	6.1898096E+1	6.0630629E+1	0.0000000E+0	0.0000000E+0	1.0000000E+2	0.0000000E+0
1.7379000E+2	6.1917678E+1	6.0631005E+1	0.0000000E+0	0.0000000E+0	1.0000000E+2	0.0000000E+0
1.7384000E+2	6.1930107E+1	6.0635661E+1	0.0000000E+0	0.0000000E+0	1.0000000E+2	0.0000000E+0
1.7389100E+2	6.1958476E+1	6.0643495E+1	0.0000000E+0	0.0000000E+0	1.0000000E+2	0.0000000E+0
1.7394100E+2	6.1979054E+1	6.0636799E+1	0.0000000E+0	0.0000000E+0	1.0000000E+2	0.0000000E+0
1.7399200E+2	6.2003019E+1	6.0641452E+1	0.0000000E+0	0.0000000E+0	1.0000000E+2	0.0000000E+0
1.7404200E+2	6.2033256E+1	6.0644445E+1	0.0000000E+0	0.0000000E+0	1.0000000E+2	0.0000000E+0
1.7409200E+2	6.2046621E+1	6.0636024E+1	0.0000000E+0	0.0000000E+0	1.0000000E+2	0.0000000E+0
1.7414200E+2	6.2066779E+1	6.0636061E+1	0.0000000E+0	0.0000000E+0	1.0000000E+2	0.0000000E+0
1.7419200E+2	6.2097817E+1	6.0640745E+1	0.0000000E+0	0.0000000E+0	1.0000000E+2	0.0000000E+0
1.7424200E+2	6.2116017E+1	6.0633719E+1	0.0000000E+0	0.0000000E+0	1.0000000E+2	0.0000000E+0
1.7429400E+2	6.2149249E+1	6.0636129E+1	0.0000000E+0	0.0000000E+0	1.0000000E+2	0.0000000E+0
1.7434400E+2	6.2193796E+1	6.0639788E+1	0.0000000E+0	0.0000000E+0	1.0000000E+2	0.0000000E+0
1.7439400E+2	6.2219332E+1	6.0637275E+1	0.0000000E+0	0.0000000E+0	1.0000000E+2	0.0000000E+0
1.7444400E+2	6.2237197E+1	6.0636257E+1	0.0000000E+0	0.0000000E+0	1.0000000E+2	0.0000000E+0
1.7449400E+2	6.2254230E+1	6.0634999E+1	0.0000000E+0	0.0000000E+0	1.0000000E+2	0.0000000E+0
1.7454400E+2	6.2264971E+1	6.0624047E+1	0.0000000E+0	0.0000000E+0	1.0000000E+2	0.0000000E+0
1.7459400E+2	6.2278868E+1	6.0622409E+1	0.0000000E+0	0.0000000E+0	1.0000000E+2	0.0000000E+0
1.7464400E+2	6.2285446E+1	6.0606567E+1	0.0000000E+0	0.0000000E+0	1.0000000E+2	0.0000000E+0
1.7469400E+2	6.2296588E+1	6.0609200E+1	0.0000000E+0	0.0000000E+0	1.0000000E+2	0.0000000E+0
1.7474500E+2	6.2304702E+1	6.0605730E+1	0.0000000E+0	0.0000000E+0	1.0000000E+2	0.0000000E+0
1.7479600E+2	6.2320967E+1	6.0607770E+1	0.0000000E+0	0.0000000E+0	1.0000000E+2	0.0000000E+0
1.7484600E+2	6.2329623E+1	6.0621795E+1	0.0000000E+0	0.0000000E+0	1.0000000E+2	0.0000000E+0
1.7489600E+2	6.2317535E+1	6.0620709E+1	0.0000000E+0	0.0000000E+0	1.0000000E+2	0.0000000E+0
1.7494600E+2	6.2309261E+1	6.0619233E+1	0.0000000E+0	0.0000000E+0	1.0000000E+2	0.0000000E+0
1.7499600E+2	6.2305885E+1	6.0624403E+1	0.0000000E+0	0.0000000E+0	1.0000000E+2	0.0000000E+0
1.7504700E+2	6.2290249E+1	6.0624461E+1	0.0000000E+0	0.0000000E+0	1.0000000E+2	0.0000000E+0
1.7509700E+2	6.2286104E+1	6.0633130E+1	0.0000000E+0	0.0000000E+0	1.0000000E+2	0.0000000E+0
1.7514700E+2	6.2284586E+1	6.0624502E+1	0.0000000E+0	0.0000000E+0	1.0000000E+2	0.0000000E+0
1.7519700E+2	6.2266735E+1	6.0614100E+1	0.0000000E+0	0.0000000E+0	1.0000000E+2	0.0000000E+0
1.7524700E+2	6.2257244E+1	6.0606386E+1	0.0000000E+0	0.0000000E+0	1.0000000E+2	0.0000000E+0
1.7529700E+2	6.2250000E+1	6.0618079E+1	0.0000000E+0	0.0000000E+0	1.0000000E+2	0.0000000E+0
1.7534700E+2	6.2227966E+1	6.0613952E+1	0.0000000E+0	0.0000000E+0	1.0000000E+2	0.0000000E+0
1.7539800E+2	6.2215979E+1	6.0610803E+1	0.0000000E+0	0.0000000E+0	1.0000000E+2	0.0000000E+0
1.7544900E+2	6.2204459E+1	6.0610107E+1	0.0000000E+0	0.0000000E+0	1.0000000E+2	0.0000000E+0
1.7549900E+2	6.2216595E+1	6.0618787E+1	0.0000000E+0	0.0000000E+0	1.0000000E+2	0.0000000E+0
1.7554900E+2	6.2215479E+1	6.0615902E+1	0.0000000E+0	0.0000000E+0	1.0000000E+2	0.0000000E+0
1.7559900E+2	6.2227985E+1	6.0623362E+1	0.0000000E+0	0.0000000E+0	1.0000000E+2	0.0000000E+0
1.7565000E+2	6.2231668E+1	6.0619843E+1	0.0000000E+0	0.0000000E+0	1.0000000E+2	0.0000000E+0
1.7570000E+2	6.2231016E+1	6.0620921E+1	0.0000000E+0	0.0000000E+0	1.0000000E+2	0.0000000E+0
1.7575000E+2	6.2238236E+1	6.0622320E+1	0.0000000E+0	0.0000000E+0	1.0000000E+2	0.0000000E+0
1.7580100E+2	6.2257601E+1	6.0635684E+1	0.0000000E+0	0.0000000E+0	1.0000000E+2	0.0000000E+0
1.7585200E+2	6.2278526E+1	6.0647150E+1	0.0000000E+0	0.0000000E+0	1.0000000E+2	0.0000000E+0
1.7590200E+2	6.2291544E+1	6.0649067E+1	0.0000000E+0	0.0000000E+0	1.0000000E+2	0.0000000E+0
1.7595200E+2	6.2298246E+1	6.0633608E+1	0.0000000E+0	0.0000000E+0	1.0000000E+2	0.0000000E+0
1.7600300E+2	6.2333581E+1	6.0650937E+1	0.0000000E+0	0.0000000E+0	1.0000000E+2	0.0000000E+0
1.7605400E+2	6.2334654E+1	6.0634426E+1	0.0000000E+0	0.0000000E+0	1.0000000E+2	0.0000000E+0
1.7610400E+2	6.2345327E+1	6.0631196E+1	0.0000000E+0	0.0000000E+0	1.0000000E+2	0.0000000E+0
1.7615400E+2	6.2359902E+1	6.0644527E+1	0.0000000E+0	0.0000000E+0	1.0000000E+2	0.0000000E+0
1.7620500E+2	6.2341914E+1	6.0646919E+1	0.0000000E+0	0.0000000E+0	1.0000000E+2	0.0000000E+0
1.7625500E+2	6.2344057E+1	6.0645772E+1	0.0000000E+0	0.0000000E+0	1.0000000E+2	0.0000000E+0
1.7630500E+2	6.2348838E+1	6.0639499E+1	0.0000000E+0	0.0000000E+0	1.0000000E+2	0.0000000E+0
1.7635500E+2	6.2368724E+1	6.0648919E+1	0.0000000E+0	0.0000000E+0	1.0000000E+2	0.0000000E+0
1.7640600E+2	6.2357328E+1	6.0639991E+1	0.0000000E+0	0.0000000E+0	1.0000000E+2	0.0000000E+0
1.7645600E+2	6.2376646E+1	6.0642686E+1	0.0000000E+0	0.0000000E+0	1.0000000E+2	0.0000000E+0
1.7650700E+2	6.2398104E+1	6.0646263E+1	0.0000000E+0	0.0000000E+0	1.0000000E+2	0.0000000E+0
1.7655700E+2	6.2391627E+1	6.0635381E+1	0.0000000E+0	0.0000000E+0	1.0000000E+2	0.0000000E+0
1.7660700E+2	6.2398868E+1	6.0629730E+1	0.0000000E+0	0.0000000E+0	1.0000000E+2	0.0000000E+0
1.7665800E+2	6.2398291E+1	6.0625171E+1	0.0000000E+0	0.0000000E+0	1.0000000E+2	0.0000000E+0
1.7670800E+2	6.2407480E+1	6.0634247E+1	0.0000000E+0	0.0000000E+0	1.0000000E+2	0.0000000E+0
1.7675800E+2	6.2387379E+1	6.0615973E+1	0.0000000E+0	0.0000000E+0	1.0000000E+2	0.0000000E+0
1.7680800E+2	6.2368415E+1	6.0604640E+1	0.0000000E+0	0.0000000E+0	1.0000000E+2	0.0000000E+0
1.7685800E+2	6.2365948E+1	6.0609042E+1	0.0000000E+0	0.0000000E+0	1.0000000E+2	0.0000000E+0
1.7690800E+2	6.2374342E+1	6.0614818E+1	0.0000000E+0	0.0000000E+0	1.0000000E+2	0.0000000E+0
1.7695900E+2	6.2377438E+1	6.0614497E+1	0.0000000E+0	0.0000000E+0	1.0000000E+2	0.0000000E+0
1.7701000E+2	6.2393359E+1	6.0636641E+1	0.0000000E+0	0.0000000E+0	1.0000000E+2	0.0000000E+0
1.7706000E+2	6.2406137E+1	6.0640501E+1	0.0000000E+0	0.0000000E+0	1.0000000E+2	0.0000000E+0
1.7711000E+2	6.2399895E+1	6.0639754E+1	0.0000000E+0	0.0000000E+0	1.0000000E+2	0.0000000E+0
1.7716000E+2	6.2389846E+1	6.0629547E+1	0.0000000E+0	0.0000000E+0	1.0000000E+2	0.0000000E+0
1.7721100E+2	6.2394407E+1	6.0638181E+1	0.0000000E+0	0.0000000E+0	1.0000000E+2	0.0000000E+0
1.7726100E+2	6.2388846E+1	6.0625064E+1	0.0000000E+0	0.0000000E+0	1.0000000E+2	0.0000000E+0
1.7731100E+2	6.2386422E+1	6.0628363E+1	0.0000000E+0	0.0000000E+0	1.0000000E+2	0.0000000E+0
1.7736100E+2	6.2386456E+1	6.0613849E+1	0.0000000E+0	0.0000000E+0	1.0000000E+2	0.0000000E+0
1.7741100E+2	6.2384514E+1	6.0612139E+1	0.0000000E+0	0.0000000E+0	1.0000000E+2	0.0000000E+0
1.7746100E+2	6.2396145E+1	6.0621553E+1	0.0000000E+0	0.0000000E+0	1.0000000E+2	0.0000000E+0
1.7751100E+2	6.2413165E+1	6.0627801E+1	0.0000000E+0	0.0000000E+0	1.0000000E+2	0.0000000E+0
1.7756100E+2	6.2397720E+1	6.0620139E+1	0.0000000E+0	0.0000000E+0	1.0000000E+2	0.0000000E+0
1.7761100E+2	6.2401714E+1	6.0622707E+1	0.0000000E+0	0.0000000E+0	1.0000000E+2	0.0000000E+0
1.7766100E+2	6.2417788E+1	6.0634350E+1	0.0000000E+0	0.0000000E+0	1.0000000E+2	0.0000000E+0
1.7771100E+2	6.2410188E+1	6.0633065E+1	0.0000000E+0	0.0000000E+0	1.0000000E+2	0.0000000E+0
1.7776200E+2	6.2422338E+1	6.0636072E+1	0.0000000E+0	0.0000000E+0	1.0000000E+2	0.0000000E+0
1.7781300E+2	6.2421081E+1	6.0636298E+1	0.0000000E+0	0.0000000E+0	1.0000000E+2	0.0000000E+0
1.7786300E+2	6.2427580E+1	6.0643062E+1	0.0000000E+0	0.0000000E+0	1.0000000E+2	0.0000000E+0
1.7791300E+2	6.2417890E+1	6.0640990E+1	0.0000000E+0	0.0000000E+0	1.0000000E+2	0.0000000E+0
1.7796400E+2	6.2428986E+1	6.0643228E+1	0.0000000E+0	0.0000000E+0	1.0000000E+2	0.0000000E+0
1.7801500E+2	6.2420578E+1	6.0634714E+1	0.0000000E+0	0.0000000E+0	1.0000000E+2	0.0000000E+0
1.7806600E+2	6.2414767E+1	6.0630293E+1	0.0000000E+0	0.0000000E+0	1.0000000E+2	0.0000000E+0
1.7811600E+2	6.2384325E+1	6.0619120E+1	0.0000000E+0	0.0000000E+0	1.0000000E+2	0.0000000E+0
1.7816600E+2	6.2381725E+1	6.0617359E+1	0.0000000E+0	0.0000000E+0	1.0000000E+2	0.0000000E+0
1.7821600E+2	6.2372654E+1	6.0619240E+1	0.0000000E+0	0.0000000E+0	1.0000000E+2	0.0000000E+0
1.7826600E+2	6.2374926E+1	6.0623454E+1	0.0000000E+0	0.0000000E+0	1.0000000E+2	0.0000000E+0
1.7831600E+2	6.2385452E+1	6.0622415E+1	0.0000000E+0	0.0000000E+0	1.0000000E+2	0.0000000E+0
1.7836600E+2	6.2402642E+1	6.0642855E+1	0.0000000E+0	0.0000000E+0	1.0000000E+2	0.0000000E+0
1.7841600E+2	6.2384451E+1	6.0625460E+1	0.0000000E+0	0.0000000E+0	1.0000000E+2	0.0000000E+0
1.7846600E+2	6.2377381E+1	6.0622361E+1	0.0000000E+0	0.0000000E+0	1.0000000E+2	0.0000000E+0
1.7851700E+2	6.2374213E+1	6.0622357E+1	0.0000000E+0	0.0000000E+0	1.0000000E+2	0.0000000E+0
1.7856700E+2	6.2363828E+1	6.0631109E+1	0.0000000E+0	0.0000000E+0	1.0000000E+2	0.0000000E+0
1.7861700E+2	6.2351716E+1	6.0620536E+1	0.0000000E+0	0.0000000E+0	1.0000000E+2	0.0000000E+0
1.7866700E+2	6.2373539E+1	6.0635312E+1	0.0000000E+0	0.0000000E+0	1.0000000E+2	0.0000000E+0
1.7871700E+2	6.2366848E+1	6.0630963E+1	0.0000000E+0	0.0000000E+0	1.0000000E+2	0.0000000E+0
1.7876800E+2	6.2352968E+1	6.0632759E+1	0.0000000E+0	0.0000000E+0	1.0000000E+2	0.0000000E+0
1.7881800E+2	6.2342017E+1	6.0633549E+1	0.0000000E+0	0.0000000E+0	1.0000000E+2	0.0000000E+0
1.7886800E+2	6.2318663E+1	6.0619325E+1	0.0000000E+0	0.0000000E+0	1.0000000E+2	0.0000000E+0
1.7891800E+2	6.2309615E+1	6.0618470E+1	0.0000000E+0	0.0000000E+0	1.0000000E+2	0.0000000E+0
1.7896800E+2	6.2303011E+1	6.0620428E+1	0.0000000E+0	0.0000000E+0	1.0000000E+2	0.0000000E+0
1.7901900E+2	6.2304861E+1	6.0620825E+1	0.0000000E+0	0.0000000E+0	1.0000000E+2	0.0000000E+0
1.7906900E+2	6.2326161E+1	6.0633612E+1	0.0000000E+0	0.0000000E+0	1.0000000E+2	0.0000000E+0
1.7911900E+2	6.2336684E+1	6.0629518E+1	0.0000000E+0	0.0000000E+0	1.0000000E+2	0.0000000E+0
1.7916900E+2	6.2326098E+1	6.0623030E+1	0.0000000E+0	0.0000000E+0	1.0000000E+2	0.0000000E+0
1.7922000E+2	6.2319526E+1	6.0628289E+1	0.0000000E+0	0.0000000E+0	1.0000000E+2	0.0000000E+0
1.7927000E+2	6.2312345E+1	6.0631032E+1	0.0000000E+0	0.0000000E+0	1.0000000E+2	0.0000000E+0
1.7932000E+2	6.2292106E+1	6.0616235E+1	0.0000000E+0	0.0000000E+0	1.0000000E+2	0.0000000E+0
1.7937000E+2	6.2296562E+1	6.0621331E+1	0.0000000E+0	0.0000000E+0	1.0000000E+2	0.0000000E+0
1.7942000E+2	6.2302288E+1	6.0639078E+1	0.0000000E+0	0.0000000E+0	1.0000000E+2	0.0000000E+0
1.7947000E+2	6.2294502E+1	6.0630921E+1	0.0000000E+0	0.0000000E+0	1.0000000E+2	0.0000000E+0
1.7952000E+2	6.2265623E+1	6.0637094E+1	0.0000000E+0	0.0000000E+0	1.0000000E+2	0.0000000E+0
1.7957000E+2	6.2248106E+1	6.0640805E+1	0.0000000E+0	0.0000000E+0	1.0000000E+2	0.0000000E+0
1.7962000E+2	6.2233354E+1	6.0630063E+1	0.0000000E+0	0.0000000E+0	1.0000000E+2	0.0000000E+0
1.7967100E+2	6.2212269E+1	6.0619636E+1	0.0000000E+0	0.0000000E+0	1.0000000E+2	0.0000000E+0
1.7972200E+2	6.2183446E+1	6.0612095E+1	0.0000000E+0	0.0000000E+0	1.0000000E+2	0.0000000E+0
1.7977200E+2	6.2184698E+1	6.0610490E+1	0.0000000E+0	0.0000000E+0	1.0000000E+2	0.0000000E+0
1.7982200E+2	6.2172823E+1	6.0624272E+1	0.0000000E+0	0.0000000E+0	1.0000000E+2	0.0000000E+0
1.7987300E+2	6.2167369E+1	6.0622585E+1	0.0000000E+0	0.0000000E+0	1.0000000E+2	0.0000000E+0
1.7992400E+2	6.2153359E+1	6.0621524E+1	0.0000000E+0	0.0000000E+0	1.0000000E+2	0.0000000E+0
1.7997400E+2	6.2152330E+1	6.0626418E+1	0.0000000E+0	0.0000000E+0	1.0000000E+2	0.0000000E+0
1.8002500E+2	6.2150083E+1	6.0646137E+1	0.0000000E+0	0.0000000E+0	1.0000000E+2	0.0000000E+0
1.8007500E+2	6.2148765E+1	6.0643484E+1	0.0000000E+0	0.0000000E+0	1.0000000E+2	0.0000000E+0
1.8012500E+2	6.2138347E+1	6.0637703E+1	0.0000000E+0	0.0000000E+0	1.0000000E+2	0.0000000E+0
1.8017500E+2	6.2131947E+1	6.0629207E+1	0.0000000E+0	0.0000000E+0	1.0000000E+2	0.0000000E+0
1.8022500E+2	6.2130026E+1	6.0641827E+1	0.0000000E+0	0.0000000E+0	1.0000000E+2	0.0000000E+0
1.8027600E+2	6.2117759E+1	6.0634988E+1	0.0000000E+0	0.0000000E+0	1.0000000E+2	0.0000000E+0
1.8032600E+2	6.2116014E+1	6.0639857E+1	0.0000000E+0	0.0000000E+0	1.0000000E+2	0.0000000E+0
1.8037600E+2	6.2114060E+1	6.0644964E+1	0.0000000E+0	0.0000000E+0	1.0000000E+2	0.0000000E+0
1.8042600E+2	6.2096599E+1	6.0648287E+1	0.0000000E+0	0.0000000E+0	1.0000000E+2	0.0000000E+0
1.8047600E+2	6.2090626E+1	6.0649013E+1	0.0000000E+0	0.0000000E+0	1.0000000E+2	0.0000000E+0
1.8052600E+2	6.2075584E+1	6.0657117E+1	0.0000000E+0	0.0000000E+0	1.0000000E+2	0.0000000E+0
1.8057600E+2	6.2060547E+1	6.0646455E+1	0.0000000E+0	0.0000000E+0	1.0000000E+2	0.0000000E+0
1.8062600E+2	6.2048042E+1	6.0647091E+1	0.0000000E+0	0.0000000E+0	1.0000000E+2	0.0000000E+0
1.8067600E+2	6.2045240E+1	6.0646761E+1	0.0000000E+0	0.0000000E+0	1.0000000E+2	0.0000000E+0
1.8072600E+2	6.2033565E+1	6.0636327E+1	0.0000000E+0	0.0000000E+0	1.0000000E+2	0.0000000E+0
1.8077600E+2	6.2024106E+1	6.0626789E+1	0.0000000E+0	0.0000000E+0	1.0000000E+2	0.0000000E+0
1.8082600E+2	6.2016465E+1	6.0619588E+1	0.0000000E+0	0.0000000E+0	1.0000000E+2	0.0000000E+0
1.8087600E+2	6.2050654E+1	6.0643432E+1	0.0000000E+0	0.0000000E+0	1.0000000E+2	0.0000000E+0
1.8092600E+2	6.2049202E+1	6.0647874E+1	0.0000000E+0	0.0000000E+0	1.0000000E+2	0.0000000E+0
1.8097600E+2	6.2043775E+1	6.0638082E+1	0.0000000E+0	0.0000000E+0	1.0000000E+2	0.0000000E+0
1.8102600E+2	6.2038387E+1	6.0640460E+1	0.0000000E+0	0.0000000E+0	1.0000000E+2	0.0000000E+0
1.8107600E+2	6.2045706E+1	6.0637441E+1	0.0000000E+0	0.0000000E+0	1.0000000E+2	0.0000000E+0
1.8112600E+2	6.2053011E+1	6.0640801E+1	0.0000000E+0	0.0000000E+0	1.0000000E+2	0.0000000E+0
1.8117600E+2	6.2038383E+1	6.0626770E+1	0.0000000E+0	0.0000000E+0	1.0000000E+2	0.0000000E+0
1.8122600E+2	6.2048389E+1	6.0628441E+1	0.0000000E+0	0.0000000E+0	1.0000000E+2	0.0000000E+0
1.8127600E+2	6.2044004E+1	6.0634582E+1	0.0000000E+0	0.0000000E+0	1.0000000E+2	0.0000000E+0
1.8132600E+2	6.2037567E+1	6.0635446E+1	0.0000000E+0	0.0000000E+0	1.0000000E+2	0.0000000E+0
1.8137700E+2	6.2039389E+1	6.0636965E+1	0.0000000E+0	0.0000000E+0	1.0000000E+2	0.0000000E+0
1.8142800E+2	6.2026586E+1	6.0635132E+1	0.0000000E+0	0.0000000E+0	1.0000000E+2	0.0000000E+0
1.8147800E+2	6.2034287E+1	6.0625408E+1	0.0000000E+0	0.0000000E+0	1.0000000E+2	0.0000000E+0
1.8152900E+2	6.2054371E+1	6.0631798E+1	0.0000000E+0	0.0000000E+0	1.0000000E+2	0.0000000E+0
1.8158000E+2	6.2054421E+1	6.0640855E+1	0.0000000E+0	0.0000000E+0	1.0000000E+2	0.0000000E+0
1.8163000E+2	6.2036702E+1	6.0621708E+1	0.0000000E+0	0.0000000E+0	1.0000000E+2	0.0000000E+0
1.8168100E+2	6.2026501E+1	6.0625187E+1	0.0000000E+0	0.0000000E+0	1.0000000E+2	0.0000000E+0
1.8173200E+2	6.2024048E+1	6.0630091E+1	0.0000000E+0	0.0000000E+0	1.0000000E+2	0.0000000E+0
1.8178200E+2	6.2009697E+1	6.0624639E+1	0.0000000E+0	0.0000000E+0	1.0000000E+2	0.0000000E+0
1.8183200E+2	6.2024788E+1	6.0631321E+1	0.0000000E+0	0.0000000E+0	1.0000000E+2	0.0000000E+0
1.8188200E+2	6.2011629E+1	6.0624735E+1	0.0000000E+0	0.0000000E+0	1.0000000E+2	0.0000000E+0
1.8193200E+2	6.2013480E+1	6.0620501E+1	0.0000000E+0	0.0000000E+0	1.0000000E+2	0.0000000E+0
1.8198300E+2	6.2015788E+1	6.0621563E+1	0.0000000E+0	0.0000000E+0	1.0000000E+2	0.0000000E+0
1.8203300E+2	6.2007795E+1	6.0622007E+1	0.0000000E+0	0.0000000E+0	1.0000000E+2	0.0000000E+0
1.8208300E+2	6.1985413E+1	6.0625293E+1	0.0000000E+0	0.0000000E+0	1.0000000E+2	0.0000000E+0
1.8213400E+2	6.1984009E+1	6.0629940E+1	0.0000000E+0	0.0000000E+0	1.0000000E+2	0.0000000E+0
1.8218500E+2	6.1970587E+1	6.0618074E+1	0.0000000E+0	0.0000000E+0	1.0000000E+2	0.0000000E+0
1.8223500E+2	6.1972576E+1	6.0630755E+1	0.0000000E+0	0.0000000E+0	1.0000000E+2	0.0000000E+0
1.8228600E+2	6.1984009E+1	6.0623170E+1	0.0000000E+0	0.0000000E+0	1.0000000E+2	0.0000000E+0
1.8233600E+2	6.2001495E+1	6.0627040E+1	0.0000000E+0	0.0000000E+0	1.0000000E+2	0.0000000E+0
1.8238700E+2	6.1995939E+1	6.0630688E+1	0.0000000E+0	0.0000000E+0	1.0000000E+2	0.0000000E+0
1.8243800E+2	6.1994082E+1	6.0635545E+1	0.0000000E+0	0.0000000E+0	1.0000000E+2	0.0000000E+0
1.8248800E+2	6.2009499E+1	6.0638555E+1	0.0000000E+0	0.0000000E+0	1.0000000E+2	0.0000000E+0
1.8254000E+2	6.2005240E+1	6.0622852E+1	0.0000000E+0	0.0000000E+0	1.0000000E+2	0.0000000E+0
1.8259000E+2	6.2026202E+1	6.0626621E+1	0.0000000E+0	0.0000000E+0	1.0000000E+2	0.0000000E+0
1.8264000E+2	6.2040649E+1	6.0631199E+1	0.0000000E+0	0.0000000E+0	1.0000000E+2	0.0000000E+0
1.8269000E+2	6.2030678E+1	6.0630844E+1	0.0000000E+0	0.0000000E+0	1.0000000E+2	0.0000000E+0
1.8274000E+2	6.2037792E+1	6.0633515E+1	0.0000000E+0	0.0000000E+0	1.0000000E+2	0.0000000E+0
1.8279000E+2	6.2031020E+1	6.0624006E+1	0.0000000E+0	0.0000000E+0	1.0000000E+2	0.0000000E+0
1.8284000E+2	6.2036735E+1	6.0625959E+1	0.0000000E+0	0.0000000E+0	1.0000000E+2	0.0000000E+0
1.8289000E+2	6.2028054E+1	6.0635129E+1	0.0000000E+0	0.0000000E+0	1.0000000E+2	0.0000000E+0
1.8294100E+2	6.2018324E+1	6.0630479E+1	0.0000000E+0	0.0000000E+0	1.0000000E+2	0.0000000E+0
1.8299200E+2	6.2018983E+1	6.0624876E+1	0.0000000E+0	0.0000000E+0	1.0000000E+2	0.0000000E+0
1.8304200E+2	6.2028329E+1	6.0639028E+1	0.0000000E+0	0.0000000E+0	1.0000000E+2	0.0000000E+0
1.8309200E+2	6.2044125E+1	6.0646192E+1	0.0000000E+0	0.0000000E+0	1.0000000E+2	0.0000000E+0
1.8314300E+2	6.2033554E+1	6.0639164E+1	0.0000000E+0	0.0000000E+0	1.0000000E+2	0.0000000E+0
1.8319300E+2	6.2047711E+1	6.0651798E+1	0.0000000E+0	0.0000000E+0	1.0000000E+2	0.0000000E+0
1.8324300E+2	6.2036132E+1	6.0651350E+1	0.0000000E+0	0.0000000E+0	1.0000000E+2	0.0000000E+0
1.8329300E+2	6.2029165E+1	6.0646923E+1	0.0000000E+0	0.0000000E+0	1.0000000E+2	0.0000000E+0
1.8334300E+2	6.2015230E+1	6.0632945E+1	0.0000000E+0	0.0000000E+0	1.0000000E+2	0.0000000E+0
1.8339300E+2	6.2011825E+1	6.0643536E+1	0.0000000E+0	0.0000000E+0	1.0000000E+2	0.0000000E+0
1.8344300E+2	6.2011565E+1	6.0630600E+1	0.0000000E+0	0.0000000E+0	1.0000000E+2	0.0000000E+0
1.8349300E+2	6.2025797E+1	6.0644199E+1	0.0000000E+0	0.0000000E+0	1.0000000E+2	0.0000000E+0
1.8354300E+2	6.2040936E+1	6.0638000E+1	0.0000000E+0	0.0000000E+0	1.0000000E+2	0.0000000E+0
1.8359400E+2	6.2062644E+1	6.0648069E+1	0.0000000E+0	0.0000000E+0	1.0000000E+2	0.0000000E+0
1.8364400E+2	6.2075297E+1	6.0653075E+1	0.0000000E+0	0.0000000E+0	1.0000000E+2	0.0000000E+0
1.8369500E+2	6.2071628E+1	6.0645518E+1	0.0000000E+0	0.0000000E+0	1.0000000E+2	0.0000000E+0
1.8374500E+2	6.2058168E+1	6.0649746E+1	0.0000000E+0	0.0000000E+0	1.0000000E+2	0.0000000E+0
1.8379500E+2	6.2057795E+1	6.0652591E+1	0.0000000E+0	0.0000000E+0	1.0000000E+2	0.0000000E+0
1.8384600E+2	6.2065220E+1	6.0649234E+1	0.0000000E+0	0.0000000E+0	1.0000000E+2	0.0000000E+0
1.8389600E+2	6.2059758E+1	6.0646423E+1	0.0000000E+0	0.0000000E+0	1.0000000E+2	0.0000000E+0
1.8394600E+2	6.2062353E+1	6.0645162E+1	0.0000000E+0	0.0000000E+0	1.0000000E+2	0.0000000E+0
1.8399600E+2	6.2066790E+1	6.0645456E+1	0.0000000E+0	0.0000000E+0	1.0000000E+2	0.0000000E+0
1.8404600E+2	6.2073350E+1	6.0645330E+1	0.0000000E+0	0.0000000E+0	1.0000000E+2	0.0000000E+0
1.8409600E+2	6.2073836E+1	6.0648736E+1	0.0000000E+0	0.0000000E+0	1.0000000E+2	0.0000000E+0
1.8414600E+2	6.2072572E+1	6.0654362E+1	0.0000000E+0	0.0000000E+0	1.0000000E+2	0.0000000E+0
1.8419600E+2	6.2080348E+1	6.0662614E+1	0.0000000E+0	0.0000000E+0	1.0000000E+2	0.0000000E+0
1.8424600E+2	6.2073889E+1	6.0660375E+1	0.0000000E+0	0.0000000E+0	1.0000000E+2	0.0000000E+0
1.8429600E+2	6.2056300E+1	6.0647676E+1	0.0000000E+0	0.0000000E+0	1.0000000E+2	0.0000000E+0
1.8434600E+2	6.2065209E+1	6.0665123E+1	0.0000000E+0	0.0000000E+0	1.0000000E+2	0.0000000E+0
1.8439600E+2	6.2064063E+1	6.0654836E+1	0.0000000E+0	0.0000000E+0	1.0000000E+2	0.0000000E+0
1.8444600E+2	6.2054672E+1	6.0658703E+1	0.0000000E+0	0.0000000E+0	1.0000000E+2	0.0000000E+0
1.8449600E+2	6.2032914E+1	6.0652025E+1	0.0000000E+0	0.0000000E+0	1.0000000E+2	0.0000000E+0
1.8454700E+2	6.2042037E+1	6.0655813E+1	0.0000000E+0	0.0000000E+0	1.0000000E+2	0.0000000E+0
1.8459700E+2	6.2024315E+1	6.0649595E+1	0.0000000E+0	0.0000000E+0	1.0000000E+2	0.0000000E+0
1.8464700E+2	6.2011026E+1	6.0649889E+1	0.0000000E+0	0.0000000E+0	1.0000000E+2	0.0000000E+0
1.8469700E+2	6.2004522E+1	6.0645574E+1	0.0000000E+0	0.0000000E+0	1.0000000E+2	0.0000000E+0
1.8474700E+2	6.1997583E+1	6.0653700E+1	0.0000000E+0	0.0000000E+0	1.0000000E+2	0.0000000E+0
1.8479700E+2	6.1995759E+1	6.0641846E+1	0.0000000E+0	0.0000000E+0	1.0000000E+2	0.0000000E+0
1.8484700E+2	6.1978247E+1	6.0641767E+1	0.0000000E+0	0.0000000E+0	1.0000000E+2	0.0000000E+0
1.8489700E+2	6.1981123E+1	6.0650396E+1	0.0000000E+0	0.0000000E+0	1.0000000E+2	0.0000000E+0
1.8494700E+2	6.1975200E+1	6.0650314E+1	0.0000000E+0	0.0000000E+0	1.0000000E+2	0.0000000E+0
1.8499700E+2	6.1946221E+1	6.0642503E+1	0.0000000E+0	0.0000000E+0	1.0000000E+2	0.0000000E+0
1.8504700E+2	6.1940804E+1	6.0648803E+1	0.0000000E+0	0.0000000E+0	1.0000000E+2	0.0000000E+0
1.8509700E+2	6.1946782E+1	6.0646000E+1	0.0000000E+0	0.0000000E+0	1.0000000E+2	0.0000000E+0
1.8514700E+2	6.1944952E+1	6.0651354E+1	0.0000000E+0	0.0000000E+0	1.0000000E+2	0.0000000E+0
1.8519700E+2	6.1935982E+1	6.0650751E+1	0.0000000E+0	0.0000000E+0	1.0000000E+2	0.0000000E+0
1.8524700E+2	6.1942161E+1	6.0669374E+1	0.0000000E+0	0.0000000E+0	1.0000000E+2	0.0000000E+0
1.8529700E+2	6.1911165E+1	6.0652682E+1	0.0000000E+0	0.0000000E+0	1.0000000E+2	0.0000000E+0
1.8534700E+2	6.1891466E+1	6.0647556E+1	0.0000000E+0	0.0000000E+0	1.0000000E+2	0.0000000E+0
1.8539700E+2	6.1878033E+1	6.0653396E+1	0.0000000E+0	0.0000000E+0	1.0000000E+2	0.0000000E+0
1.8544700E+2	6.1870789E+1	6.0658373E+1	0.0000000E+0	0.0000000E+0	1.0000000E+2	0.0000000E+0
1.8549700E+2	6.1861376E+1	6.0656246E+1	0.0000000E+0	0.0000000E+0	1.0000000E+2	0.0000000E+0
1.8554700E+2	6.1855841E+1	6.0652685E+1	0.0000000E+0	0.0000000E+0	1.0000000E+2	0.0000000E+0
1.8559700E+2	6.1858670E+1	6.0652048E+1	0.0000000E+0	0.0000000E+0	1.0000000E+2	0.0000000E+0
1.8564700E+2	6.1858888E+1	6.0666355E+1	0.0000000E+0	0.0000000E+0	1.0000000E+2	0.0000000E+0
1.8569700E+2	6.1845041E+1	6.0662209E+1	0.0000000E+0	0.0000000E+0	1.0000000E+2	0.0000000E+0
1.8574700E+2	6.1843963E+1	6.0658252E+1	0.0000000E+0	0.0000000E+0	1.0000000E+2	0.0000000E+0
1.8579700E+2	6.1831472E+1	6.0656302E+1	0.0000000E+0	0.0000000E+0	1.0000000E+2	0.0000000E+0
1.8584700E+2	6.1836742E+1	6.0658072E+1	0.0000000E+0	0.0000000E+0	1.0000000E+2	0.0000000E+0
1.8589700E+2	6.1812454E+1	6.0654684E+1	0.0000000E+0	0.0000000E+0	1.0000000E+2	0.0000000E+0
1.8594800E+2	6.1809204E+1	6.0656390E+1	0.0000000E+0	0.0000000E+0	1.0000000E+2	0.0000000E+0
1.8599800E+2	6.1806749E+1	6.0663846E+1	0.0000000E+0	0.0000000E+0	1.0000000E+2	0.0000000E+0
1.8604800E+2	6.1776837E+1	6.0656915E+1	0.0000000E+0	0.0000000E+0	1.0000000E+2	0.0000000E+0
1.8609800E+2	6.1773656E+1	6.0651443E+1	0.0000000E+0	0.0000000E+0	1.0000000E+2	0.0000000E+0
1.8614800E+2	6.1772550E+1	6.0665025E+1	0.0000000E+0	0.0000000E+0	1.0000000E+2	0.0000000E+0
1.8619800E+2	6.1773063E+1	6.0675767E+1	0.0000000E+0	0.0000000E+0	1.0000000E+2	0.0000000E+0
1.8624800E+2	6.1755198E+1	6.0661474E+1	0.0000000E+0	0.0000000E+0	1.0000000E+2	0.0000000E+0
1.8629800E+2	6.1756656E+1	6.0667576E+1	0.0000000E+0	0.0000000E+0	1.0000000E+2	0.0000000E+0
1.8634800E+2	6.1751948E+1	6.0671604E+1	0.0000000E+0	0.0000000E+0	1.0000000E+2	0.0000000E+0
1.8639900E+2	6.1750834E+1	6.0677436E+1	0.0000000E+0	0.0000000E+0	1.0000000E+2	0.0000000E+0
1.8645000E+2	6.1735075E+1	6.0668269E+1	0.0000000E+0	0.0000000E+0	1.0000000E+2	0.0000000E+0
1.8650100E+2	6.1724161E+1	6.0657855E+1	0.0000000E+0	0.0000000E+0	1.0000000E+2	0.0000000E+0
1.8655100E+2	6.1726690E+1	6.0672521E+1	0.0000000E+0	0.0000000E+0	1.0000000E+2	0.0000000E+0
1.8660100E+2	6.1728848E+1	6.0670945E+1	0.0000000E+0	0.0000000E+0	1.0000000E+2	0.0000000E+0
1.8665200E+2	6.1717042E+1	6.0670971E+1	0.0000000E+0	0.0000000E+0	1.0000000E+2	0.0000000E+0
1.8670300E+2	6.1707687E+1	6.0677783E+1	0.0000000E+0	0.0000000E+0	1.0000000E+2	0.0000000E+0
1.8675300E+2	6.1701294E+1	6.0672387E+1	0.0000000E+0	0.0000000E+0	1.0000000E+2	0.0000000E+0
1.8680300E+2	6.1702603E+1	6.0684286E+1	0.0000000E+0	0.0000000E+0	1.0000000E+2	0.0000000E+0
1.8685500E+2	6.1708873E+1	6.0696896E+1	0.0000000E+0	0.0000000E+0	1.0000000E+2	0.0000000E+0
1.8690500E+2	6.1697670E+1	6.0694143E+1	0.0000000E+0	0.0000000E+0	1.0000000E+2	0.0000000E+0
1.8695500E+2	6.1679011E+1	6.0685914E+1	0.0000000E+0	0.0000000E+0	1.0000000E+2	0.0000000E+0
1.8700500E+2	6.1685478E+1	6.0705221E+1	0.0000000E+0	0.0000000E+0	1.0000000E+2	0.0000000E+0
1.8705500E+2	6.1670666E+1	6.0701958E+1	0.0000000E+0	0.0000000E+0	1.0000000E+2	0.0000000E+0
1.8710500E+2	6.1666800E+1	6.0710024E+1	0.0000000E+0	0.0000000E+0	1.0000000E+2	0.0000000E+0
1.8715600E+2	6.1663280E+1	6.0720004E+1	0.0000000E+0	0.0000000E+0	1.0000000E+2	0.0000000E+0
1.8720600E+2	6.1668616E+1	6.0723892E+1	0.0000000E+0	0.0000000E+0	1.0000000E+2	0.0000000E+0
1.8725600E+2	6.1650504E+1	6.0704474E+1	0.0000000E+0	0.0000000E+0	1.0000000E+2	0.0000000E+0
1.8730700E+2	6.1646564E+1	6.0709998E+1	0.0000000E+0	0.0000000E+0	1.0000000E+2	0.0000000E+0
1.8735700E+2	6.1639405E+1	6.0704381E+1	0.0000000E+0	0.0000000E+0	1.0000000E+2	0.0000000E+0
1.8740700E+2	6.1647678E+1	6.0710762E+1	0.0000000E+0	0.0000000E+0	1.0000000E+2	0.0000000E+0
1.8745700E+2	6.1655527E+1	6.0718220E+1	0.0000000E+0	0.0000000E+0	1.0000000E+2	0.0000000E+0
1.8750700E+2	6.1645120E+1	6.0719142E+1	0.0000000E+0	0.0000000E+0	1.0000000E+2	0.0000000E+0
1.8755700E+2	6.1634433E+1	6.0711654E+1	0.0000000E+0	0.0000000E+0	1.0000000E+2	0.0000000E+0
1.8760700E+2	6.1632214E+1	6.0695454E+1	0.0000000E+0	0.0000000E+0	1.0000000E+2	0.0000000E+0
1.8765700E+2	6.1640659E+1	6.0697599E+1	0.0000000E+0	0.0000000E+0	1.0000000E+2	0.0000000E+0
1.8770700E+2	6.1650310E+1	6.0708707E+1	0.0000000E+0	0.0000000E+0	1.0000000E+2	0.0000000E+0
1.8775700E+2	6.1655285E+1	6.0707053E+1	0.0000000E+0	0.0000000E+0	1.0000000E+2	0.0000000E+0
1.8780700E+2	6.1676500E+1	6.0725217E+1	0.0000000E+0	0.0000000E+0	1.0000000E+2	0.0000000E+0
1.8785700E+2	6.1664163E+1	6.0718334E+1	0.0000000E+0	0.0000000E+0	1.0000000E+2	0.0000000E+0
1.8790800E+2	6.1670647E+1	6.0704004E+1	0.0000000E+0	0.0000000E+0	1.0000000E+2	0.0000000E+0
1.8795800E+2	6.1680815E+1	6.0711137E+1	0.0000000E+0	0.0000000E+0	1.0000000E+2	0.0000000E+0
1.8800800E+2	6.1676883E+1	6.0710331E+1	0.0000000E+0	0.0000000E+0	1.0000000E+2	0.0000000E+0
1.8805800E+2	6.1675647E+1	6.0702618E+1	0.0000000E+0	0.0000000E+0	1.0000000E+2	0.0000000E+0
1.8810800E+2	6.1668765E+1	6.0693817E+1	0.0000000E+0	0.0000000E+0	1.0000000E+2	0.0000000E+0
1.8815800E+2	6.1675024E+1	6.0702868E+1	0.0000000E+0	0.0000000E+0	1.0000000E+2	0.0000000E+0
1.8820800E+2	6.1673627E+1	6.0694210E+1	0.0000000E+0	0.0000000E+0	1.0000000E+2	0.0000000E+0
1.8825800E+2	6.1686735E+1	6.0692204E+1	0.0000000E+0	0.0000000E+0	1.0000000E+2	0.0000000E+0
1.8830800E+2	6.1700444E+1	6.0699440E+1	0.0000000E+0	0.0000000E+0	1.0000000E+2	0.0000000E+0
1.8835800E+2	6.1706209E+1	6.0702468E+1	0.0000000E+0	0.0000000E+0	1.0000000E+2	0.0000000E+0
1.8840800E+2	6.1702581E+1	6.0706487E+1	0.0000000E+0	0.0000000E+0	1.0000000E+2	0.0000000E+0
1.8845800E+2	6.1703128E+1	6.0701669E+1	0.0000000E+0	0.0000000E+0	1.0000000E+2	0.0000000E+0
1.8850800E+2	6.1706185E+1	6.0709402E+1	0.0000000E+0	0.0000000E+0	1.0000000E+2	0.0000000E+0
1.8855800E+2	6.1723707E+1	6.0713458E+1	0.0000000E+0	0.0000000E+0	1.0000000E+2	0.0000000E+0
1.8860900E+2	6.1713494E+1	6.0704063E+1	0.0000000E+0	0.0000000E+0	1.0000000E+2	0.0000000E+0
1.8865900E+2	6.1736468E+1	6.0691267E+1	0.0000000E+0	0.0000000E+0	1.0000000E+2	0.0000000E+0
1.8870900E+2	6.1752072E+1	6.0697050E+1	0.0000000E+0	0.0000000E+0	1.0000000E+2	0.0000000E+0
1.8875900E+2	6.1770839E+1	6.0686165E+1	0.0000000E+0	0.0000000E+0	1.0000000E+2	0.0000000E+0
1.8880900E+2	6.1794145E+1	6.0693484E+1	0.0000000E+0	0.0000000E+0	1.0000000E+2	0.0000000E+0
1.8885900E+2	6.1833645E+1	6.0696897E+1	0.0000000E+0	0.0000000E+0	1.0000000E+2	0.0000000E+0
1.8891000E+2	6.1874979E+1	6.0697517E+1	0.0000000E+0	0.0000000E+0	1.0000000E+2	0.0000000E+0
1.8896000E+2	6.1924771E+1	6.0706250E+1	0.0000000E+0	0.0000000E+0	1.0000000E+2	0.0000000E+0
1.8901100E+2	6.1940357E+1	6.0691420E+1	0.0000000E+0	0.0000000E+0	1.0000000E+2	0.0000000E+0
1.8906100E+2	6.1950239E+1	6.0679827E+1	0.0000000E+0	0.0000000E+0	1.0000000E+2	0.0000000E+0
1.8911300E+2	6.1989543E+1	6.0699001E+1	0.0000000E+0	0.0000000E+0	1.0000000E+2	0.0000000E+0
1.8916300E+2	6.2015679E+1	6.0700719E+1	0.0000000E+0	0.0000000E+0	1.0000000E+2	0.0000000E+0
1.8921400E+2	6.2017812E+1	6.0696618E+1	0.0000000E+0	0.0000000E+0	1.0000000E+2	0.0000000E+0
1.8926500E+2	6.2003737E+1	6.0686544E+1	0.0000000E+0	0.0000000E+0	1.0000000E+2	0.0000000E+0
1.8931500E+2	6.1998715E+1	6.0686560E+1	0.0000000E+0	0.0000000E+0	1.0000000E+2	0.0000000E+0
1.8936500E+2	6.1976722E+1	6.0683024E+1	0.0000000E+0	0.0000000E+0	1.0000000E+2	0.0000000E+0
1.8941500E+2	6.1941893E+1	6.0661646E+1	0.0000000E+0	0.0000000E+0	1.0000000E+2	0.0000000E+0
1.8946500E+2	6.1930170E+1	6.0685547E+1	0.0000000E+0	0.0000000E+0	1.0000000E+2	0.0000000E+0
1.8951500E+2	6.1899784E+1	6.0674543E+1	0.0000000E+0	0.0000000E+0	1.0000000E+2	0.0000000E+0
1.8956500E+2	6.1908343E+1	6.0679966E+1	0.0000000E+0	0.0000000E+0	1.0000000E+2	0.0000000E+0
1.8961500E+2	6.1906851E+1	6.0690250E+1	0.0000000E+0	0.0000000E+0	1.0000000E+2	0.0000000E+0
1.8966600E+2	6.1883543E+1	6.0684352E+1	0.0000000E+0	0.0000000E+0	1.0000000E+2	0.0000000E+0
1.8971600E+2	6.1854883E+1	6.0681917E+1	0.0000000E+0	0.0000000E+0	1.0000000E+2	0.0000000E+0
1.8976600E+2	6.1841996E+1	6.0683109E+1	0.0000000E+0	0.0000000E+0	1.0000000E+2	0.0000000E+0
1.8981600E+2	6.1821700E+1	6.0677056E+1	0.0000000E+0	0.0000000E+0	1.0000000E+2	0.0000000E+0
1.8986600E+2	6.1800703E+1	6.0664342E+1	0.0000000E+0	0.0000000E+0	1.0000000E+2	0.0000000E+0
1.8991600E+2	6.1811643E+1	6.0671032E+1	0.0000000E+0	0.0000000E+0	1.0000000E+2	0.0000000E+0
1.8996600E+2	6.1817291E+1	6.0668593E+1	0.0000000E+0	0.0000000E+0	1.0000000E+2	0.0000000E+0
1.9001700E+2	6.1818840E+1	6.0665637E+1	0.0000000E+0	0.0000000E+0	1.0000000E+2	0.0000000E+0
1.9006700E+2	6.1804373E+1	6.0663646E+1	0.0000000E+0	0.0000000E+0	1.0000000E+2	0.0000000E+0
1.9011700E+2	6.1804458E+1	6.0662514E+1	0.0000000E+0	0.0000000E+0	1.0000000E+2	0.0000000E+0
1.9016700E+2	6.1805050E+1	6.0660819E+1	0.0000000E+0	0.0000000E+0	1.0000000E+2	0.0000000E+0
1.9021700E+2	6.1817679E+1	6.0665544E+1	0.0000000E+0	0.0000000E+0	1.0000000E+2	0.0000000E+0
1.9026700E+2	6.1810270E+1	6.0659683E+1	0.0000000E+0	0.0000000E+0	1.0000000E+2	0.0000000E+0
1.9031700E+2	6.1818760E+1	6.0659287E+1	0.0000000E+0	0.0000000E+0	1.0000000E+2	0.0000000E+0
1.9036700E+2	6.1813484E+1	6.0670121E+1	0.0000000E+0	0.0000000E+0	1.0000000E+2	0.0000000E+0
1.9041700E+2	6.1816863E+1	6.0658392E+1	0.0000000E+0	0.0000000E+0	1.0000000E+2	0.0000000E+0
1.9046700E+2	6.1802248E+1	6.0661626E+1	0.0000000E+0	0.0000000E+0	1.0000000E+2	0.0000000E+0
1.9051700E+2	6.1785257E+1	6.0644817E+1	0.0000000E+0	0.0000000E+0	1.0000000E+2	0.0000000E+0
1.9056800E+2	6.1770337E+1	6.0652886E+1	0.0000000E+0	0.0000000E+0	1.0000000E+2	0.0000000E+0
1.9061800E+2	6.1772121E+1	6.0661591E+1	0.0000000E+0	0.0000000E+0	1.0000000E+2	0.0000000E+0
1.9067000E+2	6.1768264E+1	6.0661137E+1	0.0000000E+0	0.0000000E+0	1.0000000E+2	0.0000000E+0
1.9072100E+2	6.1767827E+1	6.0675200E+1	0.0000000E+0	0.0000000E+0	1.0000000E+2	0.0000000E+0
1.9077100E+2	6.1732825E+1	6.0659377E+1	0.0000000E+0	0.0000000E+0	1.0000000E+2	0.0000000E+0
1.9082200E+2	6.1721796E+1	6.0667322E+1	0.0000000E+0	0.0000000E+0	1.0000000E+2	0.0000000E+0
1.9087200E+2	6.1735913E+1	6.0683511E+1	0.0000000E+0	0.0000000E+0	1.0000000E+2	0.0000000E+0
1.9092200E+2	6.1710956E+1	6.0675202E+1	0.0000000E+0	0.0000000E+0	1.0000000E+2	0.0000000E+0
1.9097200E+2	6.1709327E+1	6.0689773E+1	0.0000000E+0	0.0000000E+0	1.0000000E+2	0.0000000E+0
1.9102300E+2	6.1700455E+1	6.0685732E+1	0.0000000E+0	0.0000000E+0	1.0000000E+2	0.0000000E+0
1.9107300E+2	6.1689105E+1	6.0677662E+1	0.0000000E+0	0.0000000E+0	1.0000000E+2	0.0000000E+0
1.9112300E+2	6.1706147E+1	6.0699355E+1	0.0000000E+0	0.0000000E+0	1.0000000E+2	0.0000000E+0
1.9117300E+2	6.1686035E+1	6.0681626E+1	0.0000000E+0	0.0000000E+0	1.0000000E+2	0.0000000E+0
1.9122300E+2	6.1678919E+1	6.0675493E+1	0.0000000E+0	0.0000000E+0	1.0000000E+2	0.0000000E+0
1.9127400E+2	6.1668500E+1	6.0681710E+1	0.0000000E+0	0.0000000E+0	1.0000000E+2	0.0000000E+0
1.9132500E+2	6.1673089E+1	6.0684524E+1	0.0000000E+0	0.0000000E+0	1.0000000E+2	0.0000000E+0
1.9137500E+2	6.1679167E+1	6.0688617E+1	0.0000000E+0	0.0000000E+0	1.0000000E+2	0.0000000E+0
1.9142500E+2	6.1673606E+1	6.0689321E+1	0.0000000E+0	0.0000000E+0	1.0000000E+2	0.0000000E+0
1.9147600E+2	6.1665874E+1	6.0693482E+1	0.0000000E+0	0.0000000E+0	1.0000000E+2	0.0000000E+0
1.9152700E+2	6.1656271E+1	6.0678755E+1	0.0000000E+0	0.0000000E+0	1.0000000E+2	0.0000000E+0
1.9157700E+2	6.1643689E+1	6.0674716E+1	0.0000000E+0	0.0000000E+0	1.0000000E+2	0.0000000E+0
1.9162700E+2	6.1638893E+1	6.0681626E+1	0.0000000E+0	0.0000000E+0	1.0000000E+2	0.0000000E+0
1.9167700E+2	6.1630855E+1	6.0674658E+1	0.0000000E+0	0.0000000E+0	1.0000000E+2	0.0000000E+0
1.9172800E+2	6.1616341E+1	6.0673370E+1	0.0000000E+0	0.0000000E+0	1.0000000E+2	0.0000000E+0
1.9177800E+2	6.1638328E+1	6.0677392E+1	0.0000000E+0	0.0000000E+0	1.0000000E+2	0.0000000E+0
1.9182800E+2	6.1645265E+1	6.0680171E+1	0.0000000E+0	0.0000000E+0	1.0000000E+2	0.0000000E+0
1.9187800E+2	6.1652368E+1	6.0675564E+1	0.0000000E+0	0.0000000E+0	1.0000000E+2	0.0000000E+0
1.9192800E+2	6.1651907E+1	6.0681910E+1	0.0000000E+0	0.0000000E+0	1.0000000E+2	0.0000000E+0
1.9197800E+2	6.1636202E+1	6.0677414E+1	0.0000000E+0	0.0000000E+0	1.0000000E+2	0.0000000E+0
1.9202800E+2	6.1618642E+1	6.0669765E+1	0.0000000E+0	0.0000000E+0	1.0000000E+2	0.0000000E+0
1.9207800E+2	6.1620845E+1	6.0686197E+1	0.0000000E+0	0.0000000E+0	1.0000000E+2	0.0000000E+0
1.9212800E+2	6.1606931E+1	6.0672629E+1	0.0000000E+0	0.0000000E+0	1.0000000E+2	0.0000000E+0
1.9217900E+2	6.1599230E+1	6.0674875E+1	0.0000000E+0	0.0000000E+0	1.0000000E+2	0.0000000E+0
1.9222900E+2	6.1572014E+1	6.0657044E+1	0.0000000E+0	0.0000000E+0	1.0000000E+2	0.0000000E+0
1.9227900E+2	6.1568806E+1	6.0653127E+1	0.0000000E+0	0.0000000E+0	1.0000000E+2	0.0000000E+0
1.9232900E+2	6.1574150E+1	6.0659968E+1	0.0000000E+0	0.0000000E+0	1.0000000E+2	0.0000000E+0
1.9237900E+2	6.1574872E+1	6.0645130E+1	0.0000000E+0	0.0000000E+0	1.0000000E+2	0.0000000E+0
1.9242900E+2	6.1592362E+1	6.0645986E+1	0.0000000E+0	0.0000000E+0	1.0000000E+2	0.0000000E+0
1.9247900E+2	6.1601377E+1	6.0659554E+1	0.0000000E+0	0.0000000E+0	1.0000000E+2	0.0000000E+0
1.9253000E+2	6.1587734E+1	6.0658310E+1	0.0000000E+0	0.0000000E+0	1.0000000E+2	0.0000000E+0
1.9258000E+2	6.1587338E+1	6.0660294E+1	0.0000000E+0	0.0000000E+0	1.0000000E+2	0.0000000E+0
1.9263000E+2	6.1602081E+1	6.0663355E+1	0.0000000E+0	0.0000000E+0	1.0000000E+2	0.0000000E+0
1.9268000E+2	6.1601995E+1	6.0660294E+1	0.0000000E+0	0.0000000E+0	1.0000000E+2	0.0000000E+0
1.9273100E+2	6.1609246E+1	6.0656183E+1	0.0000000E+0	0.0000000E+0	1.0000000E+2	0.0000000E+0
1.9278100E+2	6.1608963E+1	6.0647746E+1	0.0000000E+0	0.0000000E+0	1.0000000E+2	0.0000000E+0
1.9283100E+2	6.1634668E+1	6.0666554E+1	0.0000000E+0	0.0000000E+0	1.0000000E+2	0.0000000E+0
1.9288100E+2	6.1640683E+1	6.0672405E+1	0.0000000E+0	0.0000000E+0	1.0000000E+2	0.0000000E+0
1.9293100E+2	6.1636263E+1	6.0682681E+1	0.0000000E+0	0.0000000E+0	1.0000000E+2	0.0000000E+0
1.9298100E+2	6.1625924E+1	6.0664537E+1	0.0000000E+0	0.0000000E+0	1.0000000E+2	0.0000000E+0
1.9303200E+2	6.1612271E+1	6.0655043E+1	0.0000000E+0	0.0000000E+0	1.0000000E+2	0.0000000E+0
1.9308300E+2	6.1617440E+1	6.0664606E+1	0.0000000E+0	0.0000000E+0	1.0000000E+2	0.0000000E+0
1.9313300E+2	6.1622372E+1	6.0671585E+1	0.0000000E+0	0.0000000E+0	1.0000000E+2	0.0000000E+0
1.9318300E+2	6.1617019E+1	6.0676597E+1	0.0000000E+0	0.0000000E+0	1.0000000E+2	0.0000000E+0
1.9323300E+2	6.1616054E+1	6.0666104E+1	0.0000000E+0	0.0000000E+0	1.0000000E+2	0.0000000E+0
1.9328400E+2	6.1610855E+1	6.0672649E+1	0.0000000E+0	0.0000000E+0	1.0000000E+2	0.0000000E+0
1.9333400E+2	6.1603182E+1	6.0666277E+1	0.0000000E+0	0.0000000E+0	1.0000000E+2	0.0000000E+0
1.9338400E+2	6.1618909E+1	6.0674470E+1	0.0000000E+0	0.0000000E+0	1.0000000E+2	0.0000000E+0
1.9343400E+2	6.1638628E+1	6.0677570E+1	0.0000000E+0	0.0000000E+0	1.0000000E+2	0.0000000E+0
1.9348400E+2	6.1656543E+1	6.0680462E+1	0.0000000E+0	0.0000000E+0	1.0000000E+2	0.0000000E+0
1.9353500E+2	6.1672251E+1	6.0676418E+1	0.0000000E+0	0.0000000E+0	1.0000000E+2	0.0000000E+0
1.9358500E+2	6.1677758E+1	6.0679641E+1	0.0000000E+0	0.0000000E+0	1.0000000E+2	0.0000000E+0
1.9363500E+2	6.1684253E+1	6.0682769E+1	0.0000000E+0	0.0000000E+0	1.0000000E+2	0.0000000E+0
1.9368500E+2	6.1674584E+1	6.0674724E+1	0.0000000E+0	0.0000000E+0	1.0000000E+2	0.0000000E+0
1.9373500E+2	6.1671498E+1	6.0668090E+1	0.0000000E+0	0.0000000E+0	1.0000000E+2	0.0000000E+0
1.9378500E+2	6.1662472E+1	6.0659203E+1	0.0000000E+0	0.0000000E+0	1.0000000E+2	0.0000000E+0
1.9383500E+2	6.1689671E+1	6.0679046E+1	0.0000000E+0	0.0000000E+0	1.0000000E+2	0.0000000E+0
1.9388500E+2	6.1696097E+1	6.0680075E+1	0.0000000E+0	0.0000000E+0	1.0000000E+2	0.0000000E+0
1.9393500E+2	6.1696249E+1	6.0685788E+1	0.0000000E+0	0.0000000E+0	1.0000000E+2	0.0000000E+0
1.9398500E+2	6.1707481E+1	6.0696439E+1	0.0000000E+0	0.0000000E+0	1.0000000E+2	0.0000000E+0
1.9403500E+2	6.1720734E+1	6.0691078E+1	0.0000000E+0	0.0000000E+0	1.0000000E+2	0.0000000E+0
1.9408500E+2	6.1713343E+1	6.0670188E+1	0.0000000E+0	0.0000000E+0	1.0000000E+2	0.0000000E+0
1.9413500E+2	6.1726021E+1	6.0677315E+1	0.0000000E+0	0.0000000E+0	1.0000000E+2	0.0000000E+0
1.9418500E+2	6.1730192E+1	6.0678273E+1	0.0000000E+0	0.0000000E+0	1.0000000E+2	0.0000000E+0
1.9423500E+2	6.1727025E+1	6.0670943E+1	0.0000000E+0	0.0000000E+0	1.0000000E+2	0.0000000E+0
1.9428700E+2	6.1728636E+1	6.0665411E+1	0.0000000E+0	0.0000000E+0	1.0000000E+2	0.0000000E+0
1.9433700E+2	6.1734409E+1	6.0663905E+1	0.0000000E+0	0.0000000E+0	1.0000000E+2	0.0000000E+0
1.9438700E+2	6.1735556E+1	6.0669153E+1	0.0000000E+0	0.0000000E+0	1.0000000E+2	0.0000000E+0
1.9443700E+2	6.1745495E+1	6.0670019E+1	0.0000000E+0	0.0000000E+0	1.0000000E+2	0.0000000E+0
1.9448700E+2	6.1738257E+1	6.0663452E+1	0.0000000E+0	0.0000000E+0	1.0000000E+2	0.0000000E+0
1.9453900E+2	6.1749239E+1	6.0666423E+1	0.0000000E+0	0.0000000E+0	1.0000000E+2	0.0000000E+0
1.9458900E+2	6.1737070E+1	6.0666468E+1	0.0000000E+0	0.0000000E+0	1.0000000E+2	0.0000000E+0
1.9463900E+2	6.1757802E+1	6.0677951E+1	0.0000000E+0	0.0000000E+0	1.0000000E+2	0.0000000E+0
1.9468900E+2	6.1745840E+1	6.0675468E+1	0.0000000E+0	0.0000000E+0	1.0000000E+2	0.0000000E+0
1.9473900E+2	6.1759328E+1	6.0681906E+1	0.0000000E+0	0.0000000E+0	1.0000000E+2	0.0000000E+0
1.9478900E+2	6.1757516E+1	6.0678661E+1	0.0000000E+0	0.0000000E+0	1.0000000E+2	0.0000000E+0
1.9483900E+2	6.1753078E+1	6.0679637E+1	0.0000000E+0	0.0000000E+0	1.0000000E+2	0.0000000E+0
1.9488900E+2	6.1750149E+1	6.0678687E+1	0.0000000E+0	0.0000000E+0	1.0000000E+2	0.0000000E+0
1.9493900E+2	6.1759342E+1	6.0676401E+1	0.0000000E+0	0.0000000E+0	1.0000000E+2	0.0000000E+0
1.9498900E+2	6.1773194E+1	6.0689168E+1	0.0000000E+0	0.0000000E+0	1.0000000E+2	0.0000000E+0
1.9503900E+2	6.1794999E+1	6.0690039E+1	0.0000000E+0	0.0000000E+0	1.0000000E+2	0.0000000E+0
1.9508900E+2	6.1799471E+1	6.0697804E+1	0.0000000E+0	0.0000000E+0	1.0000000E+2	0.0000000E+0
1.9513900E+2	6.1807613E+1	6.0697614E+1	0.0000000E+0	0.0000000E+0	1.0000000E+2	0.0000000E+0
1.9518900E+2	6.1788967E+1	6.0680341E+1	0.0000000E+0	0.0000000E+0	1.0000000E+2	0.0000000E+0
1.9523900E+2	6.1771706E+1	6.0679239E+1	0.0000000E+0	0.0000000E+0	1.0000000E+2	0.0000000E+0
1.9528900E+2	6.1771695E+1	6.0680798E+1	0.0000000E+0	0.0000000E+0	1.0000000E+2	0.0000000E+0
1.9533900E+2	6.1772926E+1	6.0683777E+1	0.0000000E+0	0.0000000E+0	1.0000000E+2	0.0000000E+0
1.9538900E+2	6.1772181E+1	6.0682836E+1	0.0000000E+0	0.0000000E+0	1.0000000E+2	0.0000000E+0
1.9543900E+2	6.1773432E+1	6.0679194E+1	0.0000000E+0	0.0000000E+0	1.0000000E+2	0.0000000E+0
1.9548900E+2	6.1781793E+1	6.0689066E+1	0.0000000E+0	0.0000000E+0	1.0000000E+2	0.0000000E+0
1.9553900E+2	6.1795187E+1	6.0694650E+1	0.0000000E+0	0.0000000E+0	1.0000000E+2	0.0000000E+0
1.9558900E+2	6.1791341E+1	6.0691123E+1	0.0000000E+0	0.0000000E+0	1.0000000E+2	0.0000000E+0
1.9564000E+2	6.1779945E+1	6.0695316E+1	0.0000000E+0	0.0000000E+0	1.0000000E+2	0.0000000E+0
1.9569000E+2	6.1766869E+1	6.0691868E+1	0.0000000E+0	0.0000000E+0	1.0000000E+2	0.0000000E+0
1.9574100E+2	6.1767830E+1	6.0682727E+1	0.0000000E+0	0.0000000E+0	1.0000000E+2	0.0000000E+0
1.9579100E+2	6.1764894E+1	6.0678620E+1	0.0000000E+0	0.0000000E+0	1.0000000E+2	0.0000000E+0
1.9584100E+2	6.1772249E+1	6.0691513E+1	0.0000000E+0	0.0000000E+0	1.0000000E+2	0.0000000E+0
1.9589100E+2	6.1764964E+1	6.0678525E+1	0.0000000E+0	0.0000000E+0	1.0000000E+2	0.0000000E+0
1.9594100E+2	6.1769816E+1	6.0686110E+1	0.0000000E+0	0.0000000E+0	1.0000000E+2	0.0000000E+0
1.9599100E+2	6.1761953E+1	6.0676722E+1	0.0000000E+0	0.0000000E+0	1.0000000E+2	0.0000000E+0
1.9604100E+2	6.1763297E+1	6.0673666E+1	0.0000000E+0	0.0000000E+0	1.0000000E+2	0.0000000E+0
1.9609100E+2	6.1771341E+1	6.0679964E+1	0.0000000E+0	0.0000000E+0	1.0000000E+2	0.0000000E+0
1.9614100E+2	6.1791276E+1	6.0691893E+1	0.0000000E+0	0.0000000E+0	1.0000000E+2	0.0000000E+0
1.9619200E+2	6.1792589E+1	6.0680124E+1	0.0000000E+0	0.0000000E+0	1.0000000E+2	0.0000000E+0
1.9624200E+2	6.1790543E+1	6.0673145E+1	0.0000000E+0	0.0000000E+0	1.0000000E+2	0.0000000E+0
1.9629200E+2	6.1784209E+1	6.0674695E+1	0.0000000E+0	0.0000000E+0	1.0000000E+2	0.0000000E+0
1.9634300E+2	6.1774191E+1	6.0671165E+1	0.0000000E+0	0.0000000E+0	1.0000000E+2	0.0000000E+0
1.9639500E+2	6.1790445E+1	6.0677009E+1	0.0000000E+0	0.0000000E+0	1.0000000E+2	0.0000000E+0
1.9644600E+2	6.1800060E+1	6.0677703E+1	0.0000000E+0	0.0000000E+0	1.0000000E+2	0.0000000E+0
1.9649700E+2	6.1794787E+1	6.0677060E+1	0.0000000E+0	0.0000000E+0	1.0000000E+2	0.0000000E+0
1.9654700E+2	6.1804062E+1	6.0684889E+1	0.0000000E+0	0.0000000E+0	1.0000000E+2	0.0000000E+0
1.9659700E+2	6.1800965E+1	6.0679350E+1	0.0000000E+0	0.0000000E+0	1.0000000E+2	0.0000000E+0
1.9664700E+2	6.1820419E+1	6.0684953E+1	0.0000000E+0	0.0000000E+0	1.0000000E+2	0.0000000E+0
1.9669800E+2	6.1837757E+1	6.0691574E+1	0.0000000E+0	0.0000000E+0	1.0000000E+2	0.0000000E+0
1.9674900E+2	6.1829664E+1	6.0676592E+1	0.0000000E+0	0.0000000E+0	1.0000000E+2	0.0000000E+0
1.9679900E+2	6.1836801E+1	6.0667498E+1	0.0000000E+0	0.0000000E+0	1.0000000E+2	0.0000000E+0
1.9684900E+2	6.1847406E+1	6.0675205E+1	0.0000000E+0	0.0000000E+0	1.0000000E+2	0.0000000E+0
1.9689900E+2	6.1846237E+1	6.0674847E+1	0.0000000E+0	0.0000000E+0	1.0000000E+2	0.0000000E+0
1.9694900E+2	6.1848481E+1	6.0676985E+1	0.0000000E+0	0.0000000E+0	1.0000000E+2	0.0000000E+0
1.9699900E+2	6.1857994E+1	6.0678987E+1	0.0000000E+0	0.0000000E+0	1.0000000E+2	0.0000000E+0
1.9705000E+2	6.1854385E+1	6.0674728E+1	0.0000000E+0	0.0000000E+0	1.0000000E+2	0.0000000E+0
1.9710000E+2	6.1836198E+1	6.0667348E+1	0.0000000E+0	0.0000000E+0	1.0000000E+2	0.0000000E+0
1.9715100E+2	6.1830669E+1	6.0655037E+1	0.0000000E+0	0.0000000E+0	1.0000000E+2	0.0000000E+0
1.9720100E+2	6.1855159E+1	6.0664320E+1	0.0000000E+0	0.0000000E+0	1.0000000E+2	0.0000000E+0
1.9725100E+2	6.1867297E+1	6.0661504E+1	0.0000000E+0	0.0000000E+0	1.0000000E+2	0.0000000E+0
1.9730100E+2	6.1885765E+1	6.0675013E+1	0.0000000E+0	0.0000000E+0	1.0000000E+2	0.0000000E+0
1.9735100E+2	6.1895899E+1	6.0683675E+1	0.0000000E+0	0.0000000E+0	1.0000000E+2	0.0000000E+0
1.9740200E+2	6.1894207E+1	6.0667398E+1	0.0000000E+0	0.0000000E+0	1.0000000E+2	0.0000000E+0
1.9745200E+2	6.1892025E+1	6.0661935E+1	0.0000000E+0	0.0000000E+0	1.0000000E+2	0.0000000E+0
1.9750200E+2	6.1893407E+1	6.0676434E+1	0.0000000E+0	0.0000000E+0	1.0000000E+2	0.0000000E+0
1.9755200E+2	6.1909222E+1	6.0677514E+1	0.0000000E+0	0.0000000E+0	1.0000000E+2	0.0000000E+0
1.9760300E+2	6.1934867E+1	6.0680155E+1	0.0000000E+0	0.0000000E+0	1.0000000E+2	0.0000000E+0
1.9765300E+2	6.1940016E+1	6.0668835E+1	0.0000000E+0	0.0000000E+0	1.0000000E+2	0.0000000E+0
1.9770300E+2	6.1961966E+1	6.0674118E+1	0.0000000E+0	0.0000000E+0	1.0000000E+2	0.0000000E+0
1.9775300E+2	6.1969965E+1	6.0665078E+1	0.0000000E+0	0.0000000E+0	1.0000000E+2	0.0000000E+0
1.9780300E+2	6.1989439E+1	6.0663568E+1	0.0000000E+0	0.0000000E+0	1.0000000E+2	0.0000000E+0
1.9785300E+2	6.2002961E+1	6.0664947E+1	0.0000000E+0	0.0000000E+0	1.0000000E+2	0.0000000E+0
1.9790300E+2	6.2026886E+1	6.0675426E+1	0.0000000E+0	0.0000000E+0	1.0000000E+2	0.0000000E+0
1.9795300E+2	6.2039137E+1	6.0677187E+1	0.0000000E+0	0.0000000E+0	1.0000000E+2	0.0000000E+0
1.9800300E+2	6.2046249E+1	6.0674069E+1	0.0000000E+0	0.0000000E+0	1.0000000E+2	0.0000000E+0
1.9805300E+2	6.2045232E+1	6.0664168E+1	0.0000000E+0	0.0000000E+0	1.0000000E+2	0.0000000E+0
1.9810300E+2	6.2047328E+1	6.0668819E+1	0.0000000E+0	0.0000000E+0	1.0000000E+2	0.0000000E+0
1.9815300E+2	6.2028885E+1	6.0661052E+1	0.0000000E+0	0.0000000E+0	1.0000000E+2	0.0000000E+0
1.9820300E+2	6.2041491E+1	6.0672001E+1	0.0000000E+0	0.0000000E+0	1.0000000E+2	0.0000000E+0
1.9825300E+2	6.2045546E+1	6.0680423E+1	0.0000000E+0	0.0000000E+0	1.0000000E+2	0.0000000E+0
1.9830300E+2	6.2035731E+1	6.0663727E+1	0.0000000E+0	0.0000000E+0	1.0000000E+2	0.0000000E+0
1.9835400E+2	6.2048807E+1	6.0669113E+1	0.0000000E+0	0.0000000E+0	1.0000000E+2	0.0000000E+0
1.9840400E+2	6.2065558E+1	6.0669468E+1	0.0000000E+0	0.0000000E+0	1.0000000E+2	0.0000000E+0
1.9845500E+2	6.2091086E+1	6.0672253E+1	0.0000000E+0	0.0000000E+0	1.0000000E+2	0.0000000E+0
1.9850500E+2	6.2108677E+1	6.0684719E+1	0.0000000E+0	0.0000000E+0	1.0000000E+2	0.0000000E+0
1.9855600E+2	6.2131078E+1	6.0686310E+1	0.0000000E+0	0.0000000E+0	1.0000000E+2	0.0000000E+0
1.9860700E+2	6.2129338E+1	6.0685422E+1	0.0000000E+0	0.0000000E+0	1.0000000E+2	0.0000000E+0
1.9865800E+2	6.2145932E+1	6.0673405E+1	0.0000000E+0	0.0000000E+0	1.0000000E+2	0.0000000E+0
1.9870800E+2	6.2120374E+1	6.0662818E+1	0.0000000E+0	0.0000000E+0	1.0000000E+2	0.0000000E+0
1.9875800E+2	6.2129811E+1	6.0668528E+1	0.0000000E+0	0.0000000E+0	1.0000000E+2	0.0000000E+0
1.9880800E+2	6.2126827E+1	6.0677913E+1	0.0000000E+0	0.0000000E+0	1.0000000E+2	0.0000000E+0
1.9885800E+2	6.2128310E+1	6.0680874E+1	0.0000000E+0	0.0000000E+0	1.0000000E+2	0.0000000E+0
1.9890800E+2	6.2131962E+1	6.0681049E+1	0.0000000E+0	0.0000000E+0	1.0000000E+2	0.0000000E+0
1.9895800E+2	6.2115761E+1	6.0677739E+1	0.0000000E+0	0.0000000E+0	1.0000000E+2	0.0000000E+0
1.9900900E+2	6.2102173E+1	6.0669899E+1	0.0000000E+0	0.0000000E+0	1.0000000E+2	0.0000000E+0
1.9905900E+2	6.2108788E+1	6.0688937E+1	0.0000000E+0	0.0000000E+0	1.0000000E+2	0.0000000E+0
1.9911000E+2	6.2109841E+1	6.0673818E+1	0.0000000E+0	0.0000000E+0	1.0000000E+2	0.0000000E+0
1.9916200E+2	6.2112152E+1	6.0680729E+1	0.0000000E+0	0.0000000E+0	1.0000000E+2	0.0000000E+0
1.9921200E+2	6.2127649E+1	6.0692827E+1	0.0000000E+0	0.0000000E+0	1.0000000E+2	0.0000000E+0
1.9926200E+2	6.2128678E+1	6.0686421E+1	0.0000000E+0	0.0000000E+0	1.0000000E+2	0.0000000E+0
1.9931200E+2	6.2114441E+1	6.0669547E+1	0.0000000E+0	0.0000000E+0	1.0000000E+2	0.0000000E+0
1.9936200E+2	6.2131608E+1	6.0691783E+1	0.0000000E+0	0.0000000E+0	1.0000000E+2	0.0000000E+0
1.9941300E+2	6.2149283E+1	6.0702613E+1	0.0000000E+0	0.0000000E+0	1.0000000E+2	0.0000000E+0
1.9946300E+2	6.2121176E+1	6.0688702E+1	0.0000000E+0	0.0000000E+0	1.0000000E+2	0.0000000E+0
1.9951300E+2	6.2124695E+1	6.0687253E+1	0.0000000E+0	0.0000000E+0	1.0000000E+2	0.0000000E+0
1.9956400E+2	6.2142891E+1	6.0692585E+1	0.0000000E+0	0.0000000E+0	1.0000000E+2	0.0000000E+0
1.9961400E+2	6.2153782E+1	6.0698556E+1	0.0000000E+0	0.0000000E+0	1.0000000E+2	0.0000000E+0
1.9966400E+2	6.2164423E+1	6.0691093E+1	0.0000000E+0	0.0000000E+0	1.0000000E+2	0.0000000E+0
1.9971400E+2	6.2168478E+1	6.0680660E+1	0.0000000E+0	0.0000000E+0	1.0000000E+2	0.0000000E+0
1.9976500E+2	6.2183522E+1	6.0693450E+1	0.0000000E+0	0.0000000E+0	1.0000000E+2	0.0000000E+0
1.9981500E+2	6.2183356E+1	6.0694306E+1	0.0000000E+0	0.0000000E+0	1.0000000E+2	0.0000000E+0
1.9986600E+2	6.2190834E+1	6.0697342E+1	0.0000000E+0	0.0000000E+0	1.0000000E+2	0.0000000E+0
1.9991600E+2	6.2194645E+1	6.0689648E+1	0.0000000E+0	0.0000000E+0	1.0000000E+2	0.0000000E+0
1.9996600E+2	6.2199578E+1	6.0686661E+1	0.0000000E+0	0.0000000E+0	1.0000000E+2	0.0000000E+0
2.0001700E+2	6.2214058E+1	6.0687680E+1	0.0000000E+0	0.0000000E+0	1.0000000E+2	0.0000000E+0
2.0006800E+2	6.2232582E+1	6.0695627E+1	0.0000000E+0	0.0000000E+0	1.0000000E+2	0.0000000E+0
2.0011900E+2	6.2237663E+1	6.0693134E+1	0.0000000E+0	0.0000000E+0	1.0000000E+2	0.0000000E+0
2.0016900E+2	6.2242498E+1	6.0695766E+1	0.0000000E+0	0.0000000E+0	1.0000000E+2	0.0000000E+0
2.0022000E+2	6.2243559E+1	6.0683814E+1	0.0000000E+0	0.0000000E+0	1.0000000E+2	0.0000000E+0
2.0027000E+2	6.2253622E+1	6.0686701E+1	0.0000000E+0	0.0000000E+0	1.0000000E+2	0.0000000E+0
2.0032100E+2	6.2276457E+1	6.0696825E+1	0.0000000E+0	0.0000000E+0	1.0000000E+2	0.0000000E+0
2.0037200E+2	6.2285141E+1	6.0699560E+1	0.0000000E+0	0.0000000E+0	1.0000000E+2	0.0000000E+0
2.0042200E+2	6.2291045E+1	6.0699285E+1	0.0000000E+0	0.0000000E+0	1.0000000E+2	0.0000000E+0
2.0047200E+2	6.2311482E+1	6.0704363E+1	0.0000000E+0	0.0000000E+0	1.0000000E+2	0.0000000E+0
2.0052200E+2	6.2322626E+1	6.0704195E+1	0.0000000E+0	0.0000000E+0	1.0000000E+2	0.0000000E+0
2.0057200E+2	6.2329471E+1	6.0707907E+1	0.0000000E+0	0.0000000E+0	1.0000000E+2	0.0000000E+0
2.0062200E+2	6.2332753E+1	6.0710024E+1	0.0000000E+0	0.0000000E+0	1.0000000E+2	0.0000000E+0
2.0067200E+2	6.2335698E+1	6.0695923E+1	0.0000000E+0	0.0000000E+0	1.0000000E+2	0.0000000E+0
2.0072200E+2	6.2329042E+1	6.0688594E+1	0.0000000E+0	0.0000000E+0	1.0000000E+2	0.0000000E+0
2.0077200E+2	6.2336704E+1	6.0683239E+1	0.0000000E+0	0.0000000E+0	1.0000000E+2	0.0000000E+0
2.0082200E+2	6.2338310E+1	6.0690299E+1	0.0000000E+0	0.0000000E+0	1.0000000E+2	0.0000000E+0
2.0087300E+2	6.2342903E+1	6.0702024E+1	0.0000000E+0	0.0000000E+0	1.0000000E+2	0.0000000E+0
2.0092500E+2	6.2337326E+1	6.0697014E+1	0.0000000E+0	0.0000000E+0	1.0000000E+2	0.0000000E+0
2.0097500E+2	6.2353001E+1	6.0697411E+1	0.0000000E+0	0.0000000E+0	1.0000000E+2	0.0000000E+0
2.0102500E+2	6.2371674E+1	6.0701821E+1	0.0000000E+0	0.0000000E+0	1.0000000E+2	0.0000000E+0
2.0107600E+2	6.2384045E+1	6.0700071E+1	0.0000000E+0	0.0000000E+0	1.0000000E+2	0.0000000E+0
2.0112600E+2	6.2401363E+1	6.0693920E+1	0.0000000E+0	0.0000000E+0	1.0000000E+2	0.0000000E+0
2.0117600E+2	6.2417731E+1	6.0694990E+1	0.0000000E+0	0.0000000E+0	1.0000000E+2	0.0000000E+0
2.0122600E+2	6.2432253E+1	6.0700320E+1	0.0000000E+0	0.0000000E+0	1.0000000E+2	0.0000000E+0
2.0127600E+2	6.2426968E+1	6.0701651E+1	0.0000000E+0	0.0000000E+0	1.0000000E+2	0.0000000E+0
2.0132600E+2	6.2425790E+1	6.0693640E+1	0.0000000E+0	0.0000000E+0	1.0000000E+2	0.0000000E+0
2.0137600E+2	6.2441368E+1	6.0696341E+1	0.0000000E+0	0.0000000E+0	1.0000000E+2	0.0000000E+0
2.0142600E+2	6.2436926E+1	6.0696607E+1	0.0000000E+0	0.0000000E+0	1.0000000E+2	0.0000000E+0
2.0147600E+2	6.2443281E+1	6.0690922E+1	0.0000000E+0	0.0000000E+0	1.0000000E+2	0.0000000E+0
2.0152600E+2	6.2445629E+1	6.0690680E+1	0.0000000E+0	0.0000000E+0	1.0000000E+2	0.0000000E+0
2.0157600E+2	6.2443885E+1	6.0680959E+1	0.0000000E+0	0.0000000E+0	1.0000000E+2	0.0000000E+0
2.0162600E+2	6.2448595E+1	6.0682105E+1	0.0000000E+0	0.0000000E+0	1.0000000E+2	0.0000000E+0
2.0167700E+2	6.2455388E+1	6.0682817E+1	0.0000000E+0	0.0000000E+0	1.0000000E+2	0.0000000E+0
2.0172800E+2	6.2461628E+1	6.0691919E+1	0.0000000E+0	0.0000000E+0	1.0000000E+2	0.0000000E+0
2.0177900E+2	6.2480373E+1	6.0705065E+1	0.0000000E+0	0.0000000E+0	1.0000000E+2	0.0000000E+0
2.0182900E+2	6.2486430E+1	6.0698760E+1	0.0000000E+0	0.0000000E+0	1.0000000E+2	0.0000000E+0
2.0188000E+2	6.2493260E+1	6.0702679E+1	0.0000000E+0	0.0000000E+0	1.0000000E+2	0.0000000E+0
2.0193000E+2	6.2506066E+1	6.0697089E+1	0.0000000E+0	0.0000000E+0	1.0000000E+2	0.0000000E+0
2.0198000E+2	6.2505794E+1	6.0683035E+1	0.0000000E+0	0.0000000E+0	1.0000000E+2	0.0000000E+0
2.0203000E+2	6.2521315E+1	6.0689037E+1	0.0000000E+0	0.0000000E+0	1.0000000E+2	0.0000000E+0
2.0208000E+2	6.2527523E+1	6.0691790E+1	0.0000000E+0	0.0000000E+0	1.0000000E+2	0.0000000E+0
2.0213000E+2	6.2545842E+1	6.0702614E+1	0.0000000E+0	0.0000000E+0	1.0000000E+2	0.0000000E+0
2.0218100E+2	6.2544410E+1	6.0694816E+1	0.0000000E+0	0.0000000E+0	1.0000000E+2	0.0000000E+0
2.0223200E+2	6.2564811E+1	6.0701307E+1	0.0000000E+0	0.0000000E+0	1.0000000E+2	0.0000000E+0
2.0228300E+2	6.2578235E+1	6.0704594E+1	0.0000000E+0	0.0000000E+0	1.0000000E+2	0.0000000E+0
2.0233400E+2	6.2602195E+1	6.0707897E+1	0.0000000E+0	0.0000000E+0	1.0000000E+2	0.0000000E+0
2.0238500E+2	6.2608089E+1	6.0705702E+1	0.0000000E+0	0.0000000E+0	1.0000000E+2	0.0000000E+0
2.0243500E+2	6.2620939E+1	6.0702339E+1	0.0000000E+0	0.0000000E+0	1.0000000E+2	0.0000000E+0
2.0248600E+2	6.2638344E+1	6.0707641E+1	0.0000000E+0	0.0000000E+0	1.0000000E+2	0.0000000E+0
2.0253600E+2	6.2659757E+1	6.0709601E+1	0.0000000E+0	0.0000000E+0	1.0000000E+2	0.0000000E+0
2.0258600E+2	6.2675543E+1	6.0703072E+1	0.0000000E+0	0.0000000E+0	1.0000000E+2	0.0000000E+0
2.0263600E+2	6.2672066E+1	6.0700197E+1	0.0000000E+0	0.0000000E+0	1.0000000E+2	0.0000000E+0
2.0268700E+2	6.2669724E+1	6.0701651E+1	0.0000000E+0	0.0000000E+0	1.0000000E+2	0.0000000E+0
2.0273800E+2	6.2659827E+1	6.0688859E+1	0.0000000E+0	0.0000000E+0	1.0000000E+2	0.0000000E+0
2.0278800E+2	6.2653843E+1	6.0688832E+1	0.0000000E+0	0.0000000E+0	1.0000000E+2	0.0000000E+0
2.0283800E+2	6.2667502E+1	6.0702783E+1	0.0000000E+0	0.0000000E+0	1.0000000E+2	0.0000000E+0
2.0288900E+2	6.2693268E+1	6.0707397E+1	0.0000000E+0	0.0000000E+0	1.0000000E+2	0.0000000E+0
2.0293900E+2	6.2712967E+1	6.0712568E+1	0.0000000E+0	0.0000000E+0	1.0000000E+2	0.0000000E+0
2.0298900E+2	6.2745129E+1	6.0707886E+1	0.0000000E+0	0.0000000E+0	1.0000000E+2	0.0000000E+0
2.0304000E+2	6.2732084E+1	6.0702497E+1	0.0000000E+0	0.0000000E+0	1.0000000E+2	0.0000000E+0
2.0309000E+2	6.2746139E+1	6.0697605E+1	0.0000000E+0	0.0000000E+0	1.0000000E+2	0.0000000E+0
2.0314000E+2	6.2765707E+1	6.0707524E+1	0.0000000E+0	0.0000000E+0	1.0000000E+2	0.0000000E+0
2.0319000E+2	6.2759513E+1	6.0705627E+1	0.0000000E+0	0.0000000E+0	1.0000000E+2	0.0000000E+0
2.0324000E+2	6.2766146E+1	6.0710136E+1	0.0000000E+0	0.0000000E+0	1.0000000E+2	0.0000000E+0
2.0329000E+2	6.2762013E+1	6.0717158E+1	0.0000000E+0	0.0000000E+0	1.0000000E+2	0.0000000E+0
2.0334000E+2	6.2770701E+1	6.0713750E+1	0.0000000E+0	0.0000000E+0	1.0000000E+2	0.0000000E+0
2.0339100E+2	6.2784571E+1	6.0724640E+1	0.0000000E+0	0.0000000E+0	1.0000000E+2	0.0000000E+0
2.0344100E+2	6.2774194E+1	6.0715482E+1	0.0000000E+0	0.0000000E+0	1.0000000E+2	0.0000000E+0
2.0349100E+2	6.2782638E+1	6.0724527E+1	0.0000000E+0	0.0000000E+0	1.0000000E+2	0.0000000E+0
2.0354100E+2	6.2778603E+1	6.0719678E+1	0.0000000E+0	0.0000000E+0	1.0000000E+2	0.0000000E+0
2.0359200E+2	6.2777130E+1	6.0725998E+1	0.0000000E+0	0.0000000E+0	1.0000000E+2	0.0000000E+0
2.0364200E+2	6.2762026E+1	6.0715763E+1	0.0000000E+0	0.0000000E+0	1.0000000E+2	0.0000000E+0
2.0369200E+2	6.2776543E+1	6.0728093E+1	0.0000000E+0	0.0000000E+0	1.0000000E+2	0.0000000E+0
2.0374200E+2	6.2789883E+1	6.0736886E+1	0.0000000E+0	0.0000000E+0	1.0000000E+2	0.0000000E+0
2.0379200E+2	6.2778046E+1	6.0718502E+1	0.0000000E+0	0.0000000E+0	1.0000000E+2	0.0000000E+0
2.0384200E+2	6.2773126E+1	6.0711058E+1	0.0000000E+0	0.0000000E+0	1.0000000E+2	0.0000000E+0
2.0389200E+2	6.2785332E+1	6.0711107E+1	0.0000000E+0	0.0000000E+0	1.0000000E+2	0.0000000E+0
2.0394300E+2	6.2787569E+1	6.0706799E+1	0.0000000E+0	0.0000000E+0	1.0000000E+2	0.0000000E+0
2.0399400E+2	6.2787563E+1	6.0699286E+1	0.0000000E+0	0.0000000E+0	1.0000000E+2	0.0000000E+0
2.0404500E+2	6.2805571E+1	6.0707565E+1	0.0000000E+0	0.0000000E+0	1.0000000E+2	0.0000000E+0
2.0409500E+2	6.2807105E+1	6.0712137E+1	0.0000000E+0	0.0000000E+0	1.0000000E+2	0.0000000E+0
2.0414500E+2	6.2808320E+1	6.0713473E+1	0.0000000E+0	0.0000000E+0	1.0000000E+2	0.0000000E+0
2.0419500E+2	6.2808763E+1	6.0700321E+1	0.0000000E+0	0.0000000E+0	1.0000000E+2	0.0000000E+0
2.0424500E+2	6.2835461E+1	6.0716862E+1	0.0000000E+0	0.0000000E+0	1.0000000E+2	0.0000000E+0
2.0429500E+2	6.2839778E+1	6.0723474E+1	0.0000000E+0	0.0000000E+0	1.0000000E+2	0.0000000E+0
2.0434500E+2	6.2850028E+1	6.0721327E+1	0.0000000E+0	0.0000000E+0	1.0000000E+2	0.0000000E+0
2.0439500E+2	6.2846028E+1	6.0707223E+1	0.0000000E+0	0.0000000E+0	1.0000000E+2	0.0000000E+0
2.0444600E+2	6.2843788E+1	6.0703209E+1	0.0000000E+0	0.0000000E+0	1.0000000E+2	0.0000000E+0
2.0449600E+2	6.2857622E+1	6.0716005E+1	0.0000000E+0	0.0000000E+0	1.0000000E+2	0.0000000E+0
2.0454600E+2	6.2858886E+1	6.0696504E+1	0.0000000E+0	0.0000000E+0	1.0000000E+2	0.0000000E+0
2.0459600E+2	6.2882538E+1	6.0710972E+1	0.0000000E+0	0.0000000E+0	1.0000000E+2	0.0000000E+0
2.0464600E+2	6.2888271E+1	6.0704348E+1	0.0000000E+0	0.0000000E+0	1.0000000E+2	0.0000000E+0
2.0469600E+2	6.2906369E+1	6.0706791E+1	0.0000000E+0	0.0000000E+0	1.0000000E+2	0.0000000E+0
2.0474600E+2	6.2917980E+1	6.0707819E+1	0.0000000E+0	0.0000000E+0	1.0000000E+2	0.0000000E+0
2.0479600E+2	6.2927449E+1	6.0706790E+1	0.0000000E+0	0.0000000E+0	1.0000000E+2	0.0000000E+0
2.0484600E+2	6.2937802E+1	6.0714831E+1	0.0000000E+0	0.0000000E+0	1.0000000E+2	0.0000000E+0
2.0489600E+2	6.2959063E+1	6.0726694E+1	0.0000000E+0	0.0000000E+0	1.0000000E+2	0.0000000E+0
2.0494600E+2	6.2959324E+1	6.0718572E+1	0.0000000E+0	0.0000000E+0	1.0000000E+2	0.0000000E+0
2.0499600E+2	6.2966936E+1	6.0713681E+1	0.0000000E+0	0.0000000E+0	1.0000000E+2	0.0000000E+0
2.0504600E+2	6.2969336E+1	6.0713890E+1	0.0000000E+0	0.0000000E+0	1.0000000E+2	0.0000000E+0
2.0509600E+2	6.2994084E+1	6.0716527E+1	0.0000000E+0	0.0000000E+0	1.0000000E+2	0.0000000E+0
2.0514700E+2	6.3012805E+1	6.0710410E+1	0.0000000E+0	0.0000000E+0	1.0000000E+2	0.0000000E+0
2.0519700E+2	6.3045549E+1	6.0730463E+1	0.0000000E+0	0.0000000E+0	1.0000000E+2	0.0000000E+0
2.0524700E+2	6.3042000E+1	6.0721676E+1	0.0000000E+0	0.0000000E+0	1.0000000E+2	0.0000000E+0
2.0529700E+2	6.3020859E+1	6.0704715E+1	0.0000000E+0	0.0000000E+0	1.0000000E+2	0.0000000E+0
2.0534700E+2	6.3016241E+1	6.0692996E+1	0.0000000E+0	0.0000000E+0	1.0000000E+2	0.0000000E+0
2.0539800E+2	6.3032151E+1	6.0698983E+1	0.0000000E+0	0.0000000E+0	1.0000000E+2	0.0000000E+0
2.0544800E+2	6.3034496E+1	6.0707862E+1	0.0000000E+0	0.0000000E+0	1.0000000E+2	0.0000000E+0
2.0549800E+2	6.3042111E+1	6.0711430E+1	0.0000000E+0	0.0000000E+0	1.0000000E+2	0.0000000E+0
2.0554800E+2	6.3019970E+1	6.0701310E+1	0.0000000E+0	0.0000000E+0	1.0000000E+2	0.0000000E+0
2.0559800E+2	6.3007275E+1	6.0693427E+1	0.0000000E+0	0.0000000E+0	1.0000000E+2	0.0000000E+0
2.0564800E+2	6.3010861E+1	6.0699198E+1	0.0000000E+0	0.0000000E+0	1.0000000E+2	0.0000000E+0
2.0569800E+2	6.3015114E+1	6.0706959E+1	0.0000000E+0	0.0000000E+0	1.0000000E+2	0.0000000E+0
2.0574900E+2	6.3012480E+1	6.0703027E+1	0.0000000E+0	0.0000000E+0	1.0000000E+2	0.0000000E+0
2.0579900E+2	6.3023142E+1	6.0717568E+1	0.0000000E+0	0.0000000E+0	1.0000000E+2	0.0000000E+0
2.0584900E+2	6.3020319E+1	6.0713073E+1	0.0000000E+0	0.0000000E+0	1.0000000E+2	0.0000000E+0
2.0590000E+2	6.3026104E+1	6.0725336E+1	0.0000000E+0	0.0000000E+0	1.0000000E+2	0.0000000E+0
2.0595100E+2	6.3024851E+1	6.0721428E+1	0.0000000E+0	0.0000000E+0	1.0000000E+2	0.0000000E+0
2.0600100E+2	6.3016833E+1	6.0720984E+1	0.0000000E+0	0.0000000E+0	1.0000000E+2	0.0000000E+0
2.0605100E+2	6.3028318E+1	6.0721267E+1	0.0000000E+0	0.0000000E+0	1.0000000E+2	0.0000000E+0
2.0610200E+2	6.3038561E+1	6.0719116E+1	0.0000000E+0	0.0000000E+0	1.0000000E+2	0.0000000E+0
2.0615200E+2	6.3037441E+1	6.0713504E+1	0.0000000E+0	0.0000000E+0	1.0000000E+2	0.0000000E+0
2.0620300E+2	6.3045381E+1	6.0713169E+1	0.0000000E+0	0.0000000E+0	1.0000000E+2	0.0000000E+0
2.0625400E+2	6.3040491E+1	6.0727777E+1	0.0000000E+0	0.0000000E+0	1.0000000E+2	0.0000000E+0
2.0630400E+2	6.3034041E+1	6.0723742E+1	0.0000000E+0	0.0000000E+0	1.0000000E+2	0.0000000E+0
2.0635400E+2	6.3036473E+1	6.0720825E+1	0.0000000E+0	0.0000000E+0	1.0000000E+2	0.0000000E+0
2.0640500E+2	6.3054876E+1	6.0734528E+1	0.0000000E+0	0.0000000E+0	1.0000000E+2	0.0000000E+0
2.0645500E+2	6.3046908E+1	6.0726958E+1	0.0000000E+0	0.0000000E+0	1.0000000E+2	0.0000000E+0
2.0650600E+2	6.3033791E+1	6.0716815E+1	0.0000000E+0	0.0000000E+0	1.0000000E+2	0.0000000E+0
2.0655600E+2	6.3026163E+1	6.0720605E+1	0.0000000E+0	0.0000000E+0	1.0000000E+2	0.0000000E+0
2.0660600E+2	6.3020535E+1	6.0716940E+1	0.0000000E+0	0.0000000E+0	1.0000000E+2	0.0000000E+0
2.0665600E+2	6.3024553E+1	6.0727038E+1	0.0000000E+0	0.0000000E+0	1.0000000E+2	0.0000000E+0
2.0670600E+2	6.3024980E+1	6.0730011E+1	0.0000000E+0	0.0000000E+0	1.0000000E+2	0.0000000E+0
2.0675700E+2	6.3029480E+1	6.0728972E+1	0.0000000E+0	0.0000000E+0	1.0000000E+2	0.0000000E+0
2.0680800E+2	6.3016282E+1	6.0723748E+1	0.0000000E+0	0.0000000E+0	1.0000000E+2	0.0000000E+0
2.0685900E+2	6.3027345E+1	6.0735595E+1	0.0000000E+0	0.0000000E+0	1.0000000E+2	0.0000000E+0
2.0690900E+2	6.3017071E+1	6.0731344E+1	0.0000000E+0	0.0000000E+0	1.0000000E+2	0.0000000E+0
2.0696000E+2	6.3003532E+1	6.0727841E+1	0.0000000E+0	0.0000000E+0	1.0000000E+2	0.0000000E+0
2.0701000E+2	6.2988387E+1	6.0732160E+1	0.0000000E+0	0.0000000E+0	1.0000000E+2	0.0000000E+0
2.0706000E+2	6.2989008E+1	6.0739467E+1	0.0000000E+0	0.0000000E+0	1.0000000E+2	0.0000000E+0
2.0711100E+2	6.2968379E+1	6.0731057E+1	0.0000000E+0	0.0000000E+0	1.0000000E+2	0.0000000E+0
2.0716100E+2	6.2962901E+1	6.0737458E+1	0.0000000E+0	0.0000000E+0	1.0000000E+2	0.0000000E+0
2.0721100E+2	6.2968191E+1	6.0749725E+1	0.0000000E+0	0.0000000E+0	1.0000000E+2	0.0000000E+0
2.0726200E+2	6.2966973E+1	6.0736618E+1	0.0000000E+0	0.0000000E+0	1.0000000E+2	0.0000000E+0
2.0731200E+2	6.2952403E+1	6.0726472E+1	0.0000000E+0	0.0000000E+0	1.0000000E+2	0.0000000E+0
2.0736200E+2	6.2945616E+1	6.0727763E+1	0.0000000E+0	0.0000000E+0	1.0000000E+2	0.0000000E+0
2.0741200E+2	6.2943232E+1	6.0735064E+1	0.0000000E+0	0.0000000E+0	1.0000000E+2	0.0000000E+0
2.0746200E+2	6.2934411E+1	6.0740146E+1	0.0000000E+0	0.0000000E+0	1.0000000E+2	0.0000000E+0
2.0751300E+2	6.2925139E+1	6.0743715E+1	0.0000000E+0	0.0000000E+0	1.0000000E+2	0.0000000E+0
2.0756400E+2	6.2915486E+1	6.0743282E+1	0.0000000E+0	0.0000000E+0	1.0000000E+2	0.0000000E+0
2.0761500E+2	6.2911741E+1	6.0752160E+1	0.0000000E+0	0.0000000E+0	1.0000000E+2	0.0000000E+0
2.0766600E+2	6.2866049E+1	6.0725588E+1	0.0000000E+0	0.0000000E+0	1.0000000E+2	0.0000000E+0
2.0771600E+2	6.2860990E+1	6.0730021E+1	0.0000000E+0	0.0000000E+0	1.0000000E+2	0.0000000E+0
2.0776600E+2	6.2854334E+1	6.0728329E+1	0.0000000E+0	0.0000000E+0	1.0000000E+2	0.0000000E+0
2.0781600E+2	6.2839413E+1	6.0716910E+1	0.0000000E+0	0.0000000E+0	1.0000000E+2	0.0000000E+0
2.0786600E+2	6.2853592E+1	6.0726383E+1	0.0000000E+0	0.0000000E+0	1.0000000E+2	0.0000000E+0
2.0791700E+2	6.2861876E+1	6.0726160E+1	0.0000000E+0	0.0000000E+0	1.0000000E+2	0.0000000E+0
2.0796700E+2	6.2854321E+1	6.0722241E+1	0.0000000E+0	0.0000000E+0	1.0000000E+2	0.0000000E+0
2.0801700E+2	6.2844361E+1	6.0724792E+1	0.0000000E+0	0.0000000E+0	1.0000000E+2	0.0000000E+0
2.0806800E+2	6.2848683E+1	6.0727767E+1	0.0000000E+0	0.0000000E+0	1.0000000E+2	0.0000000E+0
2.0811800E+2	6.2848479E+1	6.0737916E+1	0.0000000E+0	0.0000000E+0	1.0000000E+2	0.0000000E+0
2.0816800E+2	6.2849134E+1	6.0734738E+1	0.0000000E+0	0.0000000E+0	1.0000000E+2	0.0000000E+0
2.0821800E+2	6.2851688E+1	6.0740811E+1	0.0000000E+0	0.0000000E+0	1.0000000E+2	0.0000000E+0
2.0826800E+2	6.2856903E+1	6.0742785E+1	0.0000000E+0	0.0000000E+0	1.0000000E+2	0.0000000E+0
2.0831900E+2	6.2837947E+1	6.0732951E+1	0.0000000E+0	0.0000000E+0	1.0000000E+2	0.0000000E+0
2.0837000E+2	6.2824613E+1	6.0718932E+1	0.0000000E+0	0.0000000E+0	1.0000000E+2	0.0000000E+0
2.0842000E+2	6.2817255E+1	6.0723870E+1	0.0000000E+0	0.0000000E+0	1.0000000E+2	0.0000000E+0
2.0847000E+2	6.2806783E+1	6.0729125E+1	0.0000000E+0	0.0000000E+0	1.0000000E+2	0.0000000E+0
2.0852000E+2	6.2794772E+1	6.0732900E+1	0.0000000E+0	0.0000000E+0	1.0000000E+2	0.0000000E+0
2.0857000E+2	6.2778073E+1	6.0732548E+1	0.0000000E+0	0.0000000E+0	1.0000000E+2	0.0000000E+0
2.0862000E+2	6.2760259E+1	6.0734704E+1	0.0000000E+0	0.0000000E+0	1.0000000E+2	0.0000000E+0
2.0867000E+2	6.2727341E+1	6.0725100E+1	0.0000000E+0	0.0000000E+0	1.0000000E+2	0.0000000E+0
2.0872000E+2	6.2713601E+1	6.0719763E+1	0.0000000E+0	0.0000000E+0	1.0000000E+2	0.0000000E+0
2.0877000E+2	6.2711305E+1	6.0719473E+1	0.0000000E+0	0.0000000E+0	1.0000000E+2	0.0000000E+0
2.0882000E+2	6.2708909E+1	6.0721499E+1	0.0000000E+0	0.0000000E+0	1.0000000E+2	0.0000000E+0
2.0887000E+2	6.2704109E+1	6.0727900E+1	0.0000000E+0	0.0000000E+0	1.0000000E+2	0.0000000E+0
2.0892000E+2	6.2706267E+1	6.0736396E+1	0.0000000E+0	0.0000000E+0	1.0000000E+2	0.0000000E+0
2.0897000E+2	6.2699064E+1	6.0735948E+1	0.0000000E+0	0.0000000E+0	1.0000000E+2	0.0000000E+0
2.0902000E+2	6.2684856E+1	6.0725609E+1	0.0000000E+0	0.0000000E+0	1.0000000E+2	0.0000000E+0
2.0907000E+2	6.2677499E+1	6.0731798E+1	0.0000000E+0	0.0000000E+0	1.0000000E+2	0.0000000E+0
2.0912000E+2	6.2680026E+1	6.0735619E+1	0.0000000E+0	0.0000000E+0	1.0000000E+2	0.0000000E+0
2.0917000E+2	6.2666465E+1	6.0735316E+1	0.0000000E+0	0.0000000E+0	1.0000000E+2	0.0000000E+0
2.0922100E+2	6.2656572E+1	6.0727820E+1	0.0000000E+0	0.0000000E+0	1.0000000E+2	0.0000000E+0
2.0927200E+2	6.2677266E+1	6.0748257E+1	0.0000000E+0	0.0000000E+0	1.0000000E+2	0.0000000E+0
2.0932200E+2	6.2666258E+1	6.0742781E+1	0.0000000E+0	0.0000000E+0	1.0000000E+2	0.0000000E+0
2.0937300E+2	6.2643052E+1	6.0724343E+1	0.0000000E+0	0.0000000E+0	1.0000000E+2	0.0000000E+0
2.0942300E+2	6.2633437E+1	6.0726899E+1	0.0000000E+0	0.0000000E+0	1.0000000E+2	0.0000000E+0
2.0947300E+2	6.2615827E+1	6.0725772E+1	0.0000000E+0	0.0000000E+0	1.0000000E+2	0.0000000E+0
2.0952400E+2	6.2595453E+1	6.0727187E+1	0.0000000E+0	0.0000000E+0	1.0000000E+2	0.0000000E+0
2.0957400E+2	6.2586981E+1	6.0731640E+1	0.0000000E+0	0.0000000E+0	1.0000000E+2	0.0000000E+0
2.0962400E+2	6.2579320E+1	6.0731757E+1	0.0000000E+0	0.0000000E+0	1.0000000E+2	0.0000000E+0
2.0967500E+2	6.2577449E+1	6.0720007E+1	0.0000000E+0	0.0000000E+0	1.0000000E+2	0.0000000E+0
2.0972500E+2	6.2590321E+1	6.0733567E+1	0.0000000E+0	0.0000000E+0	1.0000000E+2	0.0000000E+0
2.0977500E+2	6.2573963E+1	6.0729051E+1	0.0000000E+0	0.0000000E+0	1.0000000E+2	0.0000000E+0
2.0982500E+2	6.2579249E+1	6.0728101E+1	0.0000000E+0	0.0000000E+0	1.0000000E+2	0.0000000E+0
2.0987600E+2	6.2577505E+1	6.0732581E+1	0.0000000E+0	0.0000000E+0	1.0000000E+2	0.0000000E+0
2.0992700E+2	6.2562198E+1	6.0722331E+1	0.0000000E+0	0.0000000E+0	1.0000000E+2	0.0000000E+0
2.0997800E+2	6.2574038E+1	6.0744517E+1	0.0000000E+0	0.0000000E+0	1.0000000E+2	0.0000000E+0
2.1002900E+2	6.2551272E+1	6.0733603E+1	0.0000000E+0	0.0000000E+0	1.0000000E+2	0.0000000E+0
2.1007900E+2	6.2532162E+1	6.0726206E+1	0.0000000E+0	0.0000000E+0	1.0000000E+2	0.0000000E+0
2.1012900E+2	6.2514828E+1	6.0740861E+1	0.0000000E+0	0.0000000E+0	1.0000000E+2	0.0000000E+0
2.1018000E+2	6.2492932E+1	6.0726057E+1	0.0000000E+0	0.0000000E+0	1.0000000E+2	0.0000000E+0
2.1023000E+2	6.2491965E+1	6.0719418E+1	0.0000000E+0	0.0000000E+0	1.0000000E+2	0.0000000E+0
2.1028000E+2	6.2493096E+1	6.0729043E+1	0.0000000E+0	0.0000000E+0	1.0000000E+2	0.0000000E+0
2.1033100E+2	6.2489927E+1	6.0718933E+1	0.0000000E+0	0.0000000E+0	1.0000000E+2	0.0000000E+0
2.1038200E+2	6.2510763E+1	6.0727792E+1	0.0000000E+0	0.0000000E+0	1.0000000E+2	0.0000000E+0
2.1043200E+2	6.2514920E+1	6.0728713E+1	0.0000000E+0	0.0000000E+0	1.0000000E+2	0.0000000E+0
2.1048300E+2	6.2501289E+1	6.0730161E+1	0.0000000E+0	0.0000000E+0	1.0000000E+2	0.0000000E+0
2.1053400E+2	6.2499005E+1	6.0731344E+1	0.0000000E+0	0.0000000E+0	1.0000000E+2	0.0000000E+0
2.1058500E+2	6.2500726E+1	6.0740022E+1	0.0000000E+0	0.0000000E+0	1.0000000E+2	0.0000000E+0
2.1063500E+2	6.2501999E+1	6.0745036E+1	0.0000000E+0	0.0000000E+0	1.0000000E+2	0.0000000E+0
2.1068500E+2	6.2497874E+1	6.0741999E+1	0.0000000E+0	0.0000000E+0	1.0000000E+2	0.0000000E+0
2.1073500E+2	6.2492029E+1	6.0745353E+1	0.0000000E+0	0.0000000E+0	1.0000000E+2	0.0000000E+0
2.1078500E+2	6.2491174E+1	6.0756109E+1	0.0000000E+0	0.0000000E+0	1.0000000E+2	0.0000000E+0
2.1083500E+2	6.2484788E+1	6.0748221E+1	0.0000000E+0	0.0000000E+0	1.0000000E+2	0.0000000E+0
2.1088600E+2	6.2479624E+1	6.0747912E+1	0.0000000E+0	0.0000000E+0	1.0000000E+2	0.0000000E+0
2.1093600E+2	6.2471315E+1	6.0748233E+1	0.0000000E+0	0.0000000E+0	1.0000000E+2	0.0000000E+0
2.1098600E+2	6.2451051E+1	6.0739928E+1	0.0000000E+0	0.0000000E+0	1.0000000E+2	0.0000000E+0
2.1103600E+2	6.2443791E+1	6.0735981E+1	0.0000000E+0	0.0000000E+0	1.0000000E+2	0.0000000E+0
2.1108600E+2	6.2441711E+1	6.0737495E+1	0.0000000E+0	0.0000000E+0	1.0000000E+2	0.0000000E+0
2.1113600E+2	6.2439419E+1	6.0743829E+1	0.0000000E+0	0.0000000E+0	1.0000000E+2	0.0000000E+0
2.1118600E+2	6.2433914E+1	6.0724047E+1	0.0000000E+0	0.0000000E+0	1.0000000E+2	0.0000000E+0
2.1123600E+2	6.2452936E+1	6.0733210E+1	0.0000000E+0	0.0000000E+0	1.0000000E+2	0.0000000E+0
2.1128600E+2	6.2474919E+1	6.0737426E+1	0.0000000E+0	0.0000000E+0	1.0000000E+2	0.0000000E+0
2.1133600E+2	6.2483664E+1	6.0737979E+1	0.0000000E+0	0.0000000E+0	1.0000000E+2	0.0000000E+0
2.1138600E+2	6.2489732E+1	6.0732829E+1	0.0000000E+0	0.0000000E+0	1.0000000E+2	0.0000000E+0
2.1143600E+2	6.2498362E+1	6.0740123E+1	0.0000000E+0	0.0000000E+0	1.0000000E+2	0.0000000E+0
2.1148600E+2	6.2487731E+1	6.0734205E+1	0.0000000E+0	0.0000000E+0	1.0000000E+2	0.0000000E+0
2.1153700E+2	6.2494794E+1	6.0751857E+1	0.0000000E+0	0.0000000E+0	1.0000000E+2	0.0000000E+0
2.1158700E+2	6.2485239E+1	6.0729576E+1	0.0000000E+0	0.0000000E+0	1.0000000E+2	0.0000000E+0
2.1163700E+2	6.2472703E+1	6.0719345E+1	0.0000000E+0	0.0000000E+0	1.0000000E+2	0.0000000E+0
2.1168700E+2	6.2479632E+1	6.0724440E+1	0.0000000E+0	0.0000000E+0	1.0000000E+2	0.0000000E+0
2.1173700E+2	6.2493081E+1	6.0732821E+1	0.0000000E+0	0.0000000E+0	1.0000000E+2	0.0000000E+0
2.1178700E+2	6.2508917E+1	6.0746473E+1	0.0000000E+0	0.0000000E+0	1.0000000E+2	0.0000000E+0
2.1183700E+2	6.2512904E+1	6.0748603E+1	0.0000000E+0	0.0000000E+0	1.0000000E+2	0.0000000E+0
2.1188700E+2	6.2511803E+1	6.0751219E+1	0.0000000E+0	0.0000000E+0	1.0000000E+2	0.0000000E+0
2.1193800E+2	6.2519145E+1	6.0748796E+1	0.0000000E+0	0.0000000E+0	1.0000000E+2	0.0000000E+0
2.1198900E+2	6.2515085E+1	6.0743955E+1	0.0000000E+0	0.0000000E+0	1.0000000E+2	0.0000000E+0
2.1203900E+2	6.2519004E+1	6.0749302E+1	0.0000000E+0	0.0000000E+0	1.0000000E+2	0.0000000E+0
2.1208900E+2	6.2511732E+1	6.0734261E+1	0.0000000E+0	0.0000000E+0	1.0000000E+2	0.0000000E+0
2.1213900E+2	6.2506977E+1	6.0732392E+1	0.0000000E+0	0.0000000E+0	1.0000000E+2	0.0000000E+0
2.1218900E+2	6.2537743E+1	6.0746904E+1	0.0000000E+0	0.0000000E+0	1.0000000E+2	0.0000000E+0
2.1223900E+2	6.2534770E+1	6.0746079E+1	0.0000000E+0	0.0000000E+0	1.0000000E+2	0.0000000E+0
2.1228900E+2	6.2525843E+1	6.0729547E+1	0.0000000E+0	0.0000000E+0	1.0000000E+2	0.0000000E+0
2.1233900E+2	6.2540876E+1	6.0753361E+1	0.0000000E+0	0.0000000E+0	1.0000000E+2	0.0000000E+0
2.1238900E+2	6.2536344E+1	6.0754071E+1	0.0000000E+0	0.0000000E+0	1.0000000E+2	0.0000000E+0
2.1243900E+2	6.2537732E+1	6.0754564E+1	0.0000000E+0	0.0000000E+0	1.0000000E+2	0.0000000E+0
2.1248900E+2	6.2534227E+1	6.0747766E+1	0.0000000E+0	0.0000000E+0	1.0000000E+2	0.0000000E+0
2.1253900E+2	6.2538540E+1	6.0757531E+1	0.0000000E+0	0.0000000E+0	1.0000000E+2	0.0000000E+0
2.1258900E+2	6.2521087E+1	6.0751214E+1	0.0000000E+0	0.0000000E+0	1.0000000E+2	0.0000000E+0
2.1263900E+2	6.2511863E+1	6.0756288E+1	0.0000000E+0	0.0000000E+0	1.0000000E+2	0.0000000E+0
2.1269000E+2	6.2518108E+1	6.0761894E+1	0.0000000E+0	0.0000000E+0	1.0000000E+2	0.0000000E+0
2.1274000E+2	6.2518859E+1	6.0776255E+1	0.0000000E+0	0.0000000E+0	1.0000000E+2	0.0000000E+0
2.1279000E+2	6.2510608E+1	6.0762609E+1	0.0000000E+0	0.0000000E+0	1.0000000E+2	0.0000000E+0
2.1284000E+2	6.2523817E+1	6.0774793E+1	0.0000000E+0	0.0000000E+0	1.0000000E+2	0.0000000E+0
2.1289100E+2	6.2520978E+1	6.0751751E+1	0.0000000E+0	0.0000000E+0	1.0000000E+2	0.0000000E+0
2.1294100E+2	6.2506618E+1	6.0751575E+1	0.0000000E+0	0.0000000E+0	1.0000000E+2	0.0000000E+0
2.1299100E+2	6.2509768E+1	6.0756395E+1	0.0000000E+0	0.0000000E+0	1.0000000E+2	0.0000000E+0
2.1304100E+2	6.2517826E+1	6.0766569E+1	0.0000000E+0	0.0000000E+0	1.0000000E+2	0.0000000E+0
2.1309100E+2	6.2522207E+1	6.0754993E+1	0.0000000E+0	0.0000000E+0	1.0000000E+2	0.0000000E+0
2.1314200E+2	6.2528605E+1	6.0764595E+1	0.0000000E+0	0.0000000E+0	1.0000000E+2	0.0000000E+0
2.1319200E+2	6.2516088E+1	6.0764071E+1	0.0000000E+0	0.0000000E+0	1.0000000E+2	0.0000000E+0
2.1324200E+2	6.2514097E+1	6.0773680E+1	0.0000000E+0	0.0000000E+0	1.0000000E+2	0.0000000E+0
2.1329300E+2	6.2511829E+1	6.0758119E+1	0.0000000E+0	0.0000000E+0	1.0000000E+2	0.0000000E+0
2.1334300E+2	6.2513413E+1	6.0762658E+1	0.0000000E+0	0.0000000E+0	1.0000000E+2	0.0000000E+0
2.1339300E+2	6.2504998E+1	6.0746808E+1	0.0000000E+0	0.0000000E+0	1.0000000E+2	0.0000000E+0
2.1344300E+2	6.2538383E+1	6.0775973E+1	0.0000000E+0	0.0000000E+0	1.0000000E+2	0.0000000E+0
2.1349300E+2	6.2540192E+1	6.0774538E+1	0.0000000E+0	0.0000000E+0	1.0000000E+2	0.0000000E+0
2.1354400E+2	6.2535671E+1	6.0764095E+1	0.0000000E+0	0.0000000E+0	1.0000000E+2	0.0000000E+0
2.1359500E+2	6.2542066E+1	6.0766563E+1	0.0000000E+0	0.0000000E+0	1.0000000E+2	0.0000000E+0
2.1364600E+2	6.2551459E+1	6.0767231E+1	0.0000000E+0	0.0000000E+0	1.0000000E+2	0.0000000E+0
2.1369600E+2	6.2565149E+1	6.0777490E+1	0.0000000E+0	0.0000000E+0	1.0000000E+2	0.0000000E+0
2.1374600E+2	6.2585106E+1	6.0783011E+1	0.0000000E+0	0.0000000E+0	1.0000000E+2	0.0000000E+0
2.1379700E+2	6.2575768E+1	6.0772133E+1	0.0000000E+0	0.0000000E+0	1.0000000E+2	0.0000000E+0
2.1384700E+2	6.2580973E+1	6.0781231E+1	0.0000000E+0	0.0000000E+0	1.0000000E+2	0.0000000E+0
2.1389700E+2	6.2585616E+1	6.0782163E+1	0.0000000E+0	0.0000000E+0	1.0000000E+2	0.0000000E+0
2.1394700E+2	6.2615831E+1	6.0782229E+1	0.0000000E+0	0.0000000E+0	1.0000000E+2	0.0000000E+0
2.1399800E+2	6.2642546E+1	6.0789892E+1	0.0000000E+0	0.0000000E+0	1.0000000E+2	0.0000000E+0
2.1404800E+2	6.2647270E+1	6.0790474E+1	0.0000000E+0	0.0000000E+0	1.0000000E+2	0.0000000E+0
2.1409800E+2	6.2656633E+1	6.0791985E+1	0.0000000E+0	0.0000000E+0	1.0000000E+2	0.0000000E+0
2.1414800E+2	6.2651336E+1	6.0775636E+1	0.0000000E+0	0.0000000E+0	1.0000000E+2	0.0000000E+0
2.1419900E+2	6.2653059E+1	6.0774944E+1	0.0000000E+0	0.0000000E+0	1.0000000E+2	0.0000000E+0
2.1424900E+2	6.2666326E+1	6.0769217E+1	0.0000000E+0	0.0000000E+0	1.0000000E+2	0.0000000E+0
2.1429900E+2	6.2692616E+1	6.0765101E+1	0.0000000E+0	0.0000000E+0	1.0000000E+2	0.0000000E+0
2.1434900E+2	6.2711774E+1	6.0765464E+1	0.0000000E+0	0.0000000E+0	1.0000000E+2	0.0000000E+0
2.1440000E+2	6.2720659E+1	6.0752973E+1	0.0000000E+0	0.0000000E+0	1.0000000E+2	0.0000000E+0
2.1445000E+2	6.2735250E+1	6.0756773E+1	0.0000000E+0	0.0000000E+0	1.0000000E+2	0.0000000E+0
2.1450100E+2	6.2755220E+1	6.0761351E+1	0.0000000E+0	0.0000000E+0	1.0000000E+2	0.0000000E+0
2.1455100E+2	6.2772059E+1	6.0766794E+1	0.0000000E+0	0.0000000E+0	1.0000000E+2	0.0000000E+0
2.1460200E+2	6.2791340E+1	6.0778580E+1	0.0000000E+0	0.0000000E+0	1.0000000E+2	0.0000000E+0
2.1465200E+2	6.2800041E+1	6.0778995E+1	0.0000000E+0	0.0000000E+0	1.0000000E+2	0.0000000E+0
2.1470200E+2	6.2818840E+1	6.0777052E+1	0.0000000E+0	0.0000000E+0	1.0000000E+2	0.0000000E+0
2.1475200E+2	6.2831365E+1	6.0777557E+1	0.0000000E+0	0.0000000E+0	1.0000000E+2	0.0000000E+0
2.1480200E+2	6.2837582E+1	6.0785098E+1	0.0000000E+0	0.0000000E+0	1.0000000E+2	0.0000000E+0
2.1485200E+2	6.2847109E+1	6.0780559E+1	0.0000000E+0	0.0000000E+0	1.0000000E+2	0.0000000E+0
2.1490200E+2	6.2841887E+1	6.0772384E+1	0.0000000E+0	0.0000000E+0	1.0000000E+2	0.0000000E+0
2.1495200E+2	6.2834732E+1	6.0763670E+1	0.0000000E+0	0.0000000E+0	1.0000000E+2	0.0000000E+0
2.1500200E+2	6.2861898E+1	6.0766292E+1	0.0000000E+0	0.0000000E+0	1.0000000E+2	0.0000000E+0
2.1505300E+2	6.2883137E+1	6.0774023E+1	0.0000000E+0	0.0000000E+0	1.0000000E+2	0.0000000E+0
2.1510400E+2	6.2875813E+1	6.0771622E+1	0.0000000E+0	0.0000000E+0	1.0000000E+2	0.0000000E+0
2.1515400E+2	6.2887080E+1	6.0770947E+1	0.0000000E+0	0.0000000E+0	1.0000000E+2	0.0000000E+0
2.1520500E+2	6.2892627E+1	6.0775467E+1	0.0000000E+0	0.0000000E+0	1.0000000E+2	0.0000000E+0
2.1525500E+2	6.2887991E+1	6.0777219E+1	0.0000000E+0	0.0000000E+0	1.0000000E+2	0.0000000E+0
2.1530500E+2	6.2882772E+1	6.0776469E+1	0.0000000E+0	0.0000000E+0	1.0000000E+2	0.0000000E+0
2.1535600E+2	6.2864672E+1	6.0777087E+1	0.0000000E+0	0.0000000E+0	1.0000000E+2	0.0000000E+0
2.1540600E+2	6.2865107E+1	6.0780894E+1	0.0000000E+0	0.0000000E+0	1.0000000E+2	0.0000000E+0
2.1545600E+2	6.2864211E+1	6.0782964E+1	0.0000000E+0	0.0000000E+0	1.0000000E+2	0.0000000E+0
2.1550600E+2	6.2861275E+1	6.0773686E+1	0.0000000E+0	0.0000000E+0	1.0000000E+2	0.0000000E+0
2.1555600E+2	6.2861492E+1	6.0778898E+1	0.0000000E+0	0.0000000E+0	1.0000000E+2	0.0000000E+0
2.1560600E+2	6.2859718E+1	6.0780457E+1	0.0000000E+0	0.0000000E+0	1.0000000E+2	0.0000000E+0
2.1565700E+2	6.2861729E+1	6.0792502E+1	0.0000000E+0	0.0000000E+0	1.0000000E+2	0.0000000E+0
2.1570700E+2	6.2856547E+1	6.0787903E+1	0.0000000E+0	0.0000000E+0	1.0000000E+2	0.0000000E+0
2.1575700E+2	6.2861833E+1	6.0793094E+1	0.0000000E+0	0.0000000E+0	1.0000000E+2	0.0000000E+0
2.1580700E+2	6.2841913E+1	6.0796346E+1	0.0000000E+0	0.0000000E+0	1.0000000E+2	0.0000000E+0
2.1585700E+2	6.2823387E+1	6.0796309E+1	0.0000000E+0	0.0000000E+0	1.0000000E+2	0.0000000E+0
2.1590800E+2	6.2805279E+1	6.0787845E+1	0.0000000E+0	0.0000000E+0	1.0000000E+2	0.0000000E+0
2.1595800E+2	6.2804149E+1	6.0789092E+1	0.0000000E+0	0.0000000E+0	1.0000000E+2	0.0000000E+0
2.1600800E+2	6.2772803E+1	6.0778404E+1	0.0000000E+0	0.0000000E+0	1.0000000E+2	0.0000000E+0
2.1605900E+2	6.2763226E+1	6.0776225E+1	0.0000000E+0	0.0000000E+0	1.0000000E+2	0.0000000E+0
2.1610900E+2	6.2773328E+1	6.0788821E+1	0.0000000E+0	0.0000000E+0	1.0000000E+2	0.0000000E+0
2.1615900E+2	6.2785976E+1	6.0798549E+1	0.0000000E+0	0.0000000E+0	1.0000000E+2	0.0000000E+0
2.1620900E+2	6.2766366E+1	6.0776154E+1	0.0000000E+0	0.0000000E+0	1.0000000E+2	0.0000000E+0
2.1625900E+2	6.2759341E+1	6.0774818E+1	0.0000000E+0	0.0000000E+0	1.0000000E+2	0.0000000E+0
2.1630900E+2	6.2757757E+1	6.0786972E+1	0.0000000E+0	0.0000000E+0	1.0000000E+2	0.0000000E+0
2.1635900E+2	6.2760774E+1	6.0783751E+1	0.0000000E+0	0.0000000E+0	1.0000000E+2	0.0000000E+0
2.1641000E+2	6.2743656E+1	6.0782648E+1	0.0000000E+0	0.0000000E+0	1.0000000E+2	0.0000000E+0
2.1646000E+2	6.2727504E+1	6.0786197E+1	0.0000000E+0	0.0000000E+0	1.0000000E+2	0.0000000E+0
2.1651000E+2	6.2701256E+1	6.0794400E+1	0.0000000E+0	0.0000000E+0	1.0000000E+2	0.0000000E+0
2.1656100E+2	6.2664199E+1	6.0786104E+1	0.0000000E+0	0.0000000E+0	1.0000000E+2	0.0000000E+0
2.1661100E+2	6.2638389E+1	6.0784197E+1	0.0000000E+0	0.0000000E+0	1.0000000E+2	0.0000000E+0
2.1666100E+2	6.2617129E+1	6.0784757E+1	0.0000000E+0	0.0000000E+0	1.0000000E+2	0.0000000E+0
2.1671100E+2	6.2610407E+1	6.0798437E+1	0.0000000E+0	0.0000000E+0	1.0000000E+2	0.0000000E+0
2.1676100E+2	6.2607793E+1	6.0799168E+1	0.0000000E+0	0.0000000E+0	1.0000000E+2	0.0000000E+0
2.1681100E+2	6.2576107E+1	6.0784474E+1	0.0000000E+0	0.0000000E+0	1.0000000E+2	0.0000000E+0
2.1686100E+2	6.2567462E+1	6.0792858E+1	0.0000000E+0	0.0000000E+0	1.0000000E+2	0.0000000E+0
2.1691100E+2	6.2560850E+1	6.0796058E+1	0.0000000E+0	0.0000000E+0	1.0000000E+2	0.0000000E+0
2.1696100E+2	6.2546310E+1	6.0791672E+1	0.0000000E+0	0.0000000E+0	1.0000000E+2	0.0000000E+0
2.1701100E+2	6.2545467E+1	6.0800287E+1	0.0000000E+0	0.0000000E+0	1.0000000E+2	0.0000000E+0
2.1706100E+2	6.2518184E+1	6.0788195E+1	0.0000000E+0	0.0000000E+0	1.0000000E+2	0.0000000E+0
2.1711100E+2	6.2533005E+1	6.0796065E+1	0.0000000E+0	0.0000000E+0	1.0000000E+2	0.0000000E+0
2.1716100E+2	6.2537493E+1	6.0796021E+1	0.0000000E+0	0.0000000E+0	1.0000000E+2	0.0000000E+0
2.1721100E+2	6.2547707E+1	6.0801033E+1	0.0000000E+0	0.0000000E+0	1.0000000E+2	0.0000000E+0
2.1726200E+2	6.2535566E+1	6.0787100E+1	0.0000000E+0	0.0000000E+0	1.0000000E+2	0.0000000E+0
2.1731300E+2	6.2538386E+1	6.0797054E+1	0.0000000E+0	0.0000000E+0	1.0000000E+2	0.0000000E+0
2.1736300E+2	6.2506967E+1	6.0793237E+1	0.0000000E+0	0.0000000E+0	1.0000000E+2	0.0000000E+0
2.1741300E+2	6.2510582E+1	6.0796874E+1	0.0000000E+0	0.0000000E+0	1.0000000E+2	0.0000000E+0
2.1746300E+2	6.2504206E+1	6.0786914E+1	0.0000000E+0	0.0000000E+0	1.0000000E+2	0.0000000E+0
2.1751300E+2	6.2502095E+1	6.0794031E+1	0.0000000E+0	0.0000000E+0	1.0000000E+2	0.0000000E+0
2.1756300E+2	6.2501048E+1	6.0793551E+1	0.0000000E+0	0.0000000E+0	1.0000000E+2	0.0000000E+0
2.1761400E+2	6.2488077E+1	6.0799007E+1	0.0000000E+0	0.0000000E+0	1.0000000E+2	0.0000000E+0
2.1766600E+2	6.2474892E+1	6.0787648E+1	0.0000000E+0	0.0000000E+0	1.0000000E+2	0.0000000E+0
2.1771600E+2	6.2474692E+1	6.0790959E+1	0.0000000E+0	0.0000000E+0	1.0000000E+2	0.0000000E+0
2.1776600E+2	6.2490634E+1	6.0808342E+1	0.0000000E+0	0.0000000E+0	1.0000000E+2	0.0000000E+0
2.1781600E+2	6.2505050E+1	6.0811453E+1	0.0000000E+0	0.0000000E+0	1.0000000E+2	0.0000000E+0
2.1786600E+2	6.2499064E+1	6.0802015E+1	0.0000000E+0	0.0000000E+0	1.0000000E+2	0.0000000E+0
2.1791700E+2	6.2483059E+1	6.0792852E+1	0.0000000E+0	0.0000000E+0	1.0000000E+2	0.0000000E+0
2.1796700E+2	6.2478772E+1	6.0795225E+1	0.0000000E+0	0.0000000E+0	1.0000000E+2	0.0000000E+0
2.1801800E+2	6.2462085E+1	6.0786193E+1	0.0000000E+0	0.0000000E+0	1.0000000E+2	0.0000000E+0
2.1806900E+2	6.2448222E+1	6.0783148E+1	0.0000000E+0	0.0000000E+0	1.0000000E+2	0.0000000E+0
2.1811900E+2	6.2442253E+1	6.0776700E+1	0.0000000E+0	0.0000000E+0	1.0000000E+2	0.0000000E+0
2.1816900E+2	6.2431375E+1	6.0777003E+1	0.0000000E+0	0.0000000E+0	1.0000000E+2	0.0000000E+0
2.1822000E+2	6.2426296E+1	6.0780591E+1	0.0000000E+0	0.0000000E+0	1.0000000E+2	0.0000000E+0
2.1827000E+2	6.2404200E+1	6.0786489E+1	0.0000000E+0	0.0000000E+0	1.0000000E+2	0.0000000E+0
2.1832000E+2	6.2391649E+1	6.0790893E+1	0.0000000E+0	0.0000000E+0	1.0000000E+2	0.0000000E+0
2.1837100E+2	6.2383755E+1	6.0795657E+1	0.0000000E+0	0.0000000E+0	1.0000000E+2	0.0000000E+0
2.1842100E+2	6.2384670E+1	6.0806676E+1	0.0000000E+0	0.0000000E+0	1.0000000E+2	0.0000000E+0
2.1847100E+2	6.2375838E+1	6.0805042E+1	0.0000000E+0	0.0000000E+0	1.0000000E+2	0.0000000E+0
2.1852200E+2	6.2366915E+1	6.0797103E+1	0.0000000E+0	0.0000000E+0	1.0000000E+2	0.0000000E+0
2.1857200E+2	6.2379956E+1	6.0807728E+1	0.0000000E+0	0.0000000E+0	1.0000000E+2	0.0000000E+0
2.1862300E+2	6.2353652E+1	6.0802164E+1	0.0000000E+0	0.0000000E+0	1.0000000E+2	0.0000000E+0
2.1867300E+2	6.2351821E+1	6.0793246E+1	0.0000000E+0	0.0000000E+0	1.0000000E+2	0.0000000E+0
2.1872300E+2	6.2349033E+1	6.0807162E+1	0.0000000E+0	0.0000000E+0	1.0000000E+2	0.0000000E+0
2.1877400E+2	6.2331425E+1	6.0796239E+1	0.0000000E+0	0.0000000E+0	1.0000000E+2	0.0000000E+0
2.1882500E+2	6.2326437E+1	6.0800355E+1	0.0000000E+0	0.0000000E+0	1.0000000E+2	0.0000000E+0
2.1887500E+2	6.2317972E+1	6.0794183E+1	0.0000000E+0	0.0000000E+0	1.0000000E+2	0.0000000E+0
2.1892500E+2	6.2317371E+1	6.0804236E+1	0.0000000E+0	0.0000000E+0	1.0000000E+2	0.0000000E+0
2.1897600E+2	6.2299670E+1	6.0795491E+1	0.0000000E+0	0.0000000E+0	1.0000000E+2	0.0000000E+0
2.1902700E+2	6.2284140E+1	6.0796152E+1	0.0000000E+0	0.0000000E+0	1.0000000E+2	0.0000000E+0
2.1907700E+2	6.2256756E+1	6.0780328E+1	0.0000000E+0	0.0000000E+0	1.0000000E+2	0.0000000E+0
2.1912700E+2	6.2268640E+1	6.0791987E+1	0.0000000E+0	0.0000000E+0	1.0000000E+2	0.0000000E+0
2.1917700E+2	6.2266321E+1	6.0785505E+1	0.0000000E+0	0.0000000E+0	1.0000000E+2	0.0000000E+0
2.1922700E+2	6.2290728E+1	6.0800580E+1	0.0000000E+0	0.0000000E+0	1.0000000E+2	0.0000000E+0
2.1927700E+2	6.2293758E+1	6.0803521E+1	0.0000000E+0	0.0000000E+0	1.0000000E+2	0.0000000E+0
2.1932700E+2	6.2299316E+1	6.0796713E+1	0.0000000E+0	0.0000000E+0	1.0000000E+2	0.0000000E+0
2.1937800E+2	6.2293222E+1	6.0798785E+1	0.0000000E+0	0.0000000E+0	1.0000000E+2	0.0000000E+0
2.1942800E+2	6.2303163E+1	6.0801275E+1	0.0000000E+0	0.0000000E+0	1.0000000E+2	0.0000000E+0
2.1948000E+2	6.2286626E+1	6.0796529E+1	0.0000000E+0	0.0000000E+0	1.0000000E+2	0.0000000E+0
2.1953000E+2	6.2288684E+1	6.0792830E+1	0.0000000E+0	0.0000000E+0	1.0000000E+2	0.0000000E+0
2.1958100E+2	6.2279253E+1	6.0800369E+1	0.0000000E+0	0.0000000E+0	1.0000000E+2	0.0000000E+0
2.1963100E+2	6.2252924E+1	6.0787150E+1	0.0000000E+0	0.0000000E+0	1.0000000E+2	0.0000000E+0
2.1968100E+2	6.2247276E+1	6.0789138E+1	0.0000000E+0	0.0000000E+0	1.0000000E+2	0.0000000E+0
2.1973200E+2	6.2228317E+1	6.0782027E+1	0.0000000E+0	0.0000000E+0	1.0000000E+2	0.0000000E+0
2.1978200E+2	6.2210911E+1	6.0774497E+1	0.0000000E+0	0.0000000E+0	1.0000000E+2	0.0000000E+0
2.1983300E+2	6.2215996E+1	6.0787834E+1	0.0000000E+0	0.0000000E+0	1.0000000E+2	0.0000000E+0
2.1988300E+2	6.2214732E+1	6.0798258E+1	0.0000000E+0	0.0000000E+0	1.0000000E+2	0.0000000E+0
2.1993300E+2	6.2208317E+1	6.0794922E+1	0.0000000E+0	0.0000000E+0	1.0000000E+2	0.0000000E+0
2.1998300E+2	6.2200501E+1	6.0797094E+1	0.0000000E+0	0.0000000E+0	1.0000000E+2	0.0000000E+0
2.2003300E+2	6.2175071E+1	6.0792620E+1	0.0000000E+0	0.0000000E+0	1.0000000E+2	0.0000000E+0
2.2008300E+2	6.2166781E+1	6.0796402E+1	0.0000000E+0	0.0000000E+0	1.0000000E+2	0.0000000E+0
2.2013400E+2	6.2168081E+1	6.0793971E+1	0.0000000E+0	0.0000000E+0	1.0000000E+2	0.0000000E+0
2.2018400E+2	6.2173545E+1	6.0786911E+1	0.0000000E+0	0.0000000E+0	1.0000000E+2	0.0000000E+0
2.2023500E+2	6.2169505E+1	6.0796235E+1	0.0000000E+0	0.0000000E+0	1.0000000E+2	0.0000000E+0
2.2028500E+2	6.2162368E+1	6.0785246E+1	0.0000000E+0	0.0000000E+0	1.0000000E+2	0.0000000E+0
2.2033500E+2	6.2147219E+1	6.0783889E+1	0.0000000E+0	0.0000000E+0	1.0000000E+2	0.0000000E+0
2.2038500E+2	6.2164061E+1	6.0785436E+1	0.0000000E+0	0.0000000E+0	1.0000000E+2	0.0000000E+0
2.2043600E+2	6.2161139E+1	6.0788185E+1	0.0000000E+0	0.0000000E+0	1.0000000E+2	0.0000000E+0
2.2048700E+2	6.2164838E+1	6.0787236E+1	0.0000000E+0	0.0000000E+0	1.0000000E+2	0.0000000E+0
2.2053700E+2	6.2156402E+1	6.0795020E+1	0.0000000E+0	0.0000000E+0	1.0000000E+2	0.0000000E+0
2.2058700E+2	6.2128161E+1	6.0783377E+1	0.0000000E+0	0.0000000E+0	1.0000000E+2	0.0000000E+0
2.2063700E+2	6.2119113E+1	6.0787614E+1	0.0000000E+0	0.0000000E+0	1.0000000E+2	0.0000000E+0
2.2068800E+2	6.2111061E+1	6.0801675E+1	0.0000000E+0	0.0000000E+0	1.0000000E+2	0.0000000E+0
2.2073800E+2	6.2094655E+1	6.0805243E+1	0.0000000E+0	0.0000000E+0	1.0000000E+2	0.0000000E+0
2.2078800E+2	6.2089590E+1	6.0808657E+1	0.0000000E+0	0.0000000E+0	1.0000000E+2	0.0000000E+0
2.2083800E+2	6.2091937E+1	6.0810616E+1	0.0000000E+0	0.0000000E+0	1.0000000E+2	0.0000000E+0
2.2088800E+2	6.2077163E+1	6.0798592E+1	0.0000000E+0	0.0000000E+0	1.0000000E+2	0.0000000E+0
2.2093900E+2	6.2078677E+1	6.0804383E+1	0.0000000E+0	0.0000000E+0	1.0000000E+2	0.0000000E+0
2.2098900E+2	6.2059896E+1	6.0806870E+1	0.0000000E+0	0.0000000E+0	1.0000000E+2	0.0000000E+0
2.2103900E+2	6.2055469E+1	6.0801580E+1	0.0000000E+0	0.0000000E+0	1.0000000E+2	0.0000000E+0
2.2109000E+2	6.2054043E+1	6.0807698E+1	0.0000000E+0	0.0000000E+0	1.0000000E+2	0.0000000E+0
2.2114100E+2	6.2030739E+1	6.0799559E+1	0.0000000E+0	0.0000000E+0	1.0000000E+2	0.0000000E+0
2.2119100E+2	6.2034528E+1	6.0810232E+1	0.0000000E+0	0.0000000E+0	1.0000000E+2	0.0000000E+0
2.2124100E+2	6.2012513E+1	6.0812005E+1	0.0000000E+0	0.0000000E+0	1.0000000E+2	0.0000000E+0
2.2129100E+2	6.2010776E+1	6.0819652E+1	0.0000000E+0	0.0000000E+0	1.0000000E+2	0.0000000E+0
2.2134100E+2	6.2002465E+1	6.0820002E+1	0.0000000E+0	0.0000000E+0	1.0000000E+2	0.0000000E+0
2.2139100E+2	6.1990974E+1	6.0814187E+1	0.0000000E+0	0.0000000E+0	1.0000000E+2	0.0000000E+0
2.2144100E+2	6.1976860E+1	6.0808401E+1	0.0000000E+0	0.0000000E+0	1.0000000E+2	0.0000000E+0
2.2149100E+2	6.1986637E+1	6.0812472E+1	0.0000000E+0	0.0000000E+0	1.0000000E+2	0.0000000E+0
2.2154100E+2	6.1969969E+1	6.0806724E+1	0.0000000E+0	0.0000000E+0	1.0000000E+2	0.0000000E+0
2.2159100E+2	6.1971988E+1	6.0820308E+1	0.0000000E+0	0.0000000E+0	1.0000000E+2	0.0000000E+0
2.2164100E+2	6.1963748E+1	6.0818988E+1	0.0000000E+0	0.0000000E+0	1.0000000E+2	0.0000000E+0
2.2169100E+2	6.1940149E+1	6.0808475E+1	0.0000000E+0	0.0000000E+0	1.0000000E+2	0.0000000E+0
2.2174100E+2	6.1924269E+1	6.0803269E+1	0.0000000E+0	0.0000000E+0	1.0000000E+2	0.0000000E+0
2.2179100E+2	6.1925016E+1	6.0801790E+1	0.0000000E+0	0.0000000E+0	1.0000000E+2	0.0000000E+0
2.2184100E+2	6.1943019E+1	6.0816310E+1	0.0000000E+0	0.0000000E+0	1.0000000E+2	0.0000000E+0
2.2189100E+2	6.1938566E+1	6.0813902E+1	0.0000000E+0	0.0000000E+0	1.0000000E+2	0.0000000E+0
2.2194200E+2	6.1945856E+1	6.0812010E+1	0.0000000E+0	0.0000000E+0	1.0000000E+2	0.0000000E+0
2.2199200E+2	6.1956520E+1	6.0817551E+1	0.0000000E+0	0.0000000E+0	1.0000000E+2	0.0000000E+0
2.2204300E+2	6.1949841E+1	6.0805475E+1	0.0000000E+0	0.0000000E+0	1.0000000E+2	0.0000000E+0
2.2209300E+2	6.1961516E+1	6.0813679E+1	0.0000000E+0	0.0000000E+0	1.0000000E+2	0.0000000E+0
2.2214400E+2	6.1950633E+1	6.0816242E+1	0.0000000E+0	0.0000000E+0	1.0000000E+2	0.0000000E+0
2.2219500E+2	6.1943287E+1	6.0817915E+1	0.0000000E+0	0.0000000E+0	1.0000000E+2	0.0000000E+0
2.2224500E+2	6.1938741E+1	6.0821194E+1	0.0000000E+0	0.0000000E+0	1.0000000E+2	0.0000000E+0
2.2229500E+2	6.1932793E+1	6.0828904E+1	0.0000000E+0	0.0000000E+0	1.0000000E+2	0.0000000E+0
2.2234500E+2	6.1920673E+1	6.0815303E+1	0.0000000E+0	0.0000000E+0	1.0000000E+2	0.0000000E+0
2.2239500E+2	6.1920697E+1	6.0811506E+1	0.0000000E+0	0.0000000E+0	1.0000000E+2	0.0000000E+0
2.2244500E+2	6.1920759E+1	6.0821024E+1	0.0000000E+0	0.0000000E+0	1.0000000E+2	0.0000000E+0
2.2249500E+2	6.1919990E+1	6.0823517E+1	0.0000000E+0	0.0000000E+0	1.0000000E+2	0.0000000E+0
2.2254600E+2	6.1908918E+1	6.0824849E+1	0.0000000E+0	0.0000000E+0	1.0000000E+2	0.0000000E+0
2.2259700E+2	6.1907638E+1	6.0824094E+1	0.0000000E+0	0.0000000E+0	1.0000000E+2	0.0000000E+0
2.2264800E+2	6.1906682E+1	6.0820718E+1	0.0000000E+0	0.0000000E+0	1.0000000E+2	0.0000000E+0
2.2269800E+2	6.1905418E+1	6.0833363E+1	0.0000000E+0	0.0000000E+0	1.0000000E+2	0.0000000E+0
2.2274900E+2	6.1902507E+1	6.0834362E+1	0.0000000E+0	0.0000000E+0	1.0000000E+2	0.0000000E+0
2.2279900E+2	6.1885380E+1	6.0832393E+1	0.0000000E+0	0.0000000E+0	1.0000000E+2	0.0000000E+0
2.2284900E+2	6.1883484E+1	6.0827639E+1	0.0000000E+0	0.0000000E+0	1.0000000E+2	0.0000000E+0
2.2289900E+2	6.1883008E+1	6.0823476E+1	0.0000000E+0	0.0000000E+0	1.0000000E+2	0.0000000E+0
2.2294900E+2	6.1909634E+1	6.0832980E+1	0.0000000E+0	0.0000000E+0	1.0000000E+2	0.0000000E+0
2.2299900E+2	6.1901540E+1	6.0834929E+1	0.0000000E+0	0.0000000E+0	1.0000000E+2	0.0000000E+0
2.2304900E+2	6.1900297E+1	6.0834440E+1	0.0000000E+0	0.0000000E+0	1.0000000E+2	0.0000000E+0
2.2309900E+2	6.1906106E+1	6.0836933E+1	0.0000000E+0	0.0000000E+0	1.0000000E+2	0.0000000E+0
2.2315000E+2	6.1905557E+1	6.0834191E+1	0.0000000E+0	0.0000000E+0	1.0000000E+2	0.0000000E+0
2.2320100E+2	6.1887563E+1	6.0825426E+1	0.0000000E+0	0.0000000E+0	1.0000000E+2	0.0000000E+0
2.2325100E+2	6.1884274E+1	6.0838365E+1	0.0000000E+0	0.0000000E+0	1.0000000E+2	0.0000000E+0
2.2330100E+2	6.1891252E+1	6.0831746E+1	0.0000000E+0	0.0000000E+0	1.0000000E+2	0.0000000E+0
2.2335200E+2	6.1906908E+1	6.0836811E+1	0.0000000E+0	0.0000000E+0	1.0000000E+2	0.0000000E+0
2.2340200E+2	6.1904590E+1	6.0834336E+1	0.0000000E+0	0.0000000E+0	1.0000000E+2	0.0000000E+0
2.2345300E+2	6.1902344E+1	6.0843757E+1	0.0000000E+0	0.0000000E+0	1.0000000E+2	0.0000000E+0
2.2350300E+2	6.1884381E+1	6.0840168E+1	0.0000000E+0	0.0000000E+0	1.0000000E+2	0.0000000E+0
2.2355300E+2	6.1861733E+1	6.0824939E+1	0.0000000E+0	0.0000000E+0	1.0000000E+2	0.0000000E+0
2.2360300E+2	6.1864545E+1	6.0828186E+1	0.0000000E+0	0.0000000E+0	1.0000000E+2	0.0000000E+0
2.2365300E+2	6.1864411E+1	6.0815614E+1	0.0000000E+0	0.0000000E+0	1.0000000E+2	0.0000000E+0
2.2370300E+2	6.1870648E+1	6.0824645E+1	0.0000000E+0	0.0000000E+0	1.0000000E+2	0.0000000E+0
2.2375300E+2	6.1879499E+1	6.0831901E+1	0.0000000E+0	0.0000000E+0	1.0000000E+2	0.0000000E+0
2.2380300E+2	6.1866317E+1	6.0834785E+1	0.0000000E+0	0.0000000E+0	1.0000000E+2	0.0000000E+0
2.2385300E+2	6.1858139E+1	6.0820690E+1	0.0000000E+0	0.0000000E+0	1.0000000E+2	0.0000000E+0
2.2390400E+2	6.1860364E+1	6.0822755E+1	0.0000000E+0	0.0000000E+0	1.0000000E+2	0.0000000E+0
2.2395500E+2	6.1862318E+1	6.0827466E+1	0.0000000E+0	0.0000000E+0	1.0000000E+2	0.0000000E+0
2.2400500E+2	6.1855471E+1	6.0819841E+1	0.0000000E+0	0.0000000E+0	1.0000000E+2	0.0000000E+0
2.2405600E+2	6.1852518E+1	6.0827378E+1	0.0000000E+0	0.0000000E+0	1.0000000E+2	0.0000000E+0
2.2410600E+2	6.1852799E+1	6.0813481E+1	0.0000000E+0	0.0000000E+0	1.0000000E+2	0.0000000E+0
2.2415600E+2	6.1858346E+1	6.0822676E+1	0.0000000E+0	0.0000000E+0	1.0000000E+2	0.0000000E+0
2.2420600E+2	6.1845597E+1	6.0811832E+1	0.0000000E+0	0.0000000E+0	1.0000000E+2	0.0000000E+0
2.2425600E+2	6.1824832E+1	6.0817352E+1	0.0000000E+0	0.0000000E+0	1.0000000E+2	0.0000000E+0
2.2430600E+2	6.1811758E+1	6.0805445E+1	0.0000000E+0	0.0000000E+0	1.0000000E+2	0.0000000E+0
2.2435600E+2	6.1807607E+1	6.0814464E+1	0.0000000E+0	0.0000000E+0	1.0000000E+2	0.0000000E+0
2.2440600E+2	6.1808703E+1	6.0826280E+1	0.0000000E+0	0.0000000E+0	1.0000000E+2	0.0000000E+0
2.2445600E+2	6.1810314E+1	6.0831654E+1	0.0000000E+0	0.0000000E+0	1.0000000E+2	0.0000000E+0
2.2450600E+2	6.1803203E+1	6.0823021E+1	0.0000000E+0	0.0000000E+0	1.0000000E+2	0.0000000E+0
2.2455700E+2	6.1802766E+1	6.0826640E+1	0.0000000E+0	0.0000000E+0	1.0000000E+2	0.0000000E+0
2.2460700E+2	6.1798673E+1	6.0820745E+1	0.0000000E+0	0.0000000E+0	1.0000000E+2	0.0000000E+0
2.2465700E+2	6.1794863E+1	6.0809274E+1	0.0000000E+0	0.0000000E+0	1.0000000E+2	0.0000000E+0
2.2470700E+2	6.1795345E+1	6.0808679E+1	0.0000000E+0	0.0000000E+0	1.0000000E+2	0.0000000E+0
2.2475700E+2	6.1801623E+1	6.0829811E+1	0.0000000E+0	0.0000000E+0	1.0000000E+2	0.0000000E+0
2.2480700E+2	6.1798639E+1	6.0805871E+1	0.0000000E+0	0.0000000E+0	1.0000000E+2	0.0000000E+0
2.2485700E+2	6.1799398E+1	6.0819012E+1	0.0000000E+0	0.0000000E+0	1.0000000E+2	0.0000000E+0
2.2490700E+2	6.1803141E+1	6.0830773E+1	0.0000000E+0	0.0000000E+0	1.0000000E+2	0.0000000E+0
2.2495800E+2	6.1807630E+1	6.0834522E+1	0.0000000E+0	0.0000000E+0	1.0000000E+2	0.0000000E+0
2.2500800E+2	6.1769105E+1	6.0815258E+1	0.0000000E+0	0.0000000E+0	1.0000000E+2	0.0000000E+0
2.2505800E+2	6.1773979E+1	6.0823990E+1	0.0000000E+0	0.0000000E+0	1.0000000E+2	0.0000000E+0
2.2510800E+2	6.1778741E+1	6.0830570E+1	0.0000000E+0	0.0000000E+0	1.0000000E+2	0.0000000E+0
2.2515800E+2	6.1788880E+1	6.0835909E+1	0.0000000E+0	0.0000000E+0	1.0000000E+2	0.0000000E+0
2.2520800E+2	6.1791603E+1	6.0841845E+1	0.0000000E+0	0.0000000E+0	1.0000000E+2	0.0000000E+0
2.2525800E+2	6.1777617E+1	6.0836145E+1	0.0000000E+0	0.0000000E+0	1.0000000E+2	0.0000000E+0
2.2530800E+2	6.1776840E+1	6.0832201E+1	0.0000000E+0	0.0000000E+0	1.0000000E+2	0.0000000E+0
2.2535800E+2	6.1755613E+1	6.0818697E+1	0.0000000E+0	0.0000000E+0	1.0000000E+2	0.0000000E+0
2.2540800E+2	6.1741606E+1	6.0816631E+1	0.0000000E+0	0.0000000E+0	1.0000000E+2	0.0000000E+0
2.2545800E+2	6.1746090E+1	6.0824193E+1	0.0000000E+0	0.0000000E+0	1.0000000E+2	0.0000000E+0
2.2550900E+2	6.1743555E+1	6.0814752E+1	0.0000000E+0	0.0000000E+0	1.0000000E+2	0.0000000E+0
2.2555900E+2	6.1742397E+1	6.0811490E+1	0.0000000E+0	0.0000000E+0	1.0000000E+2	0.0000000E+0
2.2560900E+2	6.1737186E+1	6.0818958E+1	0.0000000E+0	0.0000000E+0	1.0000000E+2	0.0000000E+0
2.2565900E+2	6.1721111E+1	6.0816912E+1	0.0000000E+0	0.0000000E+0	1.0000000E+2	0.0000000E+0
2.2570900E+2	6.1698231E+1	6.0801482E+1	0.0000000E+0	0.0000000E+0	1.0000000E+2	0.0000000E+0
2.2575900E+2	6.1702392E+1	6.0820099E+1	0.0000000E+0	0.0000000E+0	1.0000000E+2	0.0000000E+0
2.2581000E+2	6.1687553E+1	6.0810152E+1	0.0000000E+0	0.0000000E+0	1.0000000E+2	0.0000000E+0
2.2586000E+2	6.1689355E+1	6.0820869E+1	0.0000000E+0	0.0000000E+0	1.0000000E+2	0.0000000E+0
2.2591000E+2	6.1680752E+1	6.0825467E+1	0.0000000E+0	0.0000000E+0	1.0000000E+2	0.0000000E+0
2.2596000E+2	6.1665339E+1	6.0818619E+1	0.0000000E+0	0.0000000E+0	1.0000000E+2	0.0000000E+0
2.2601000E+2	6.1650909E+1	6.0821515E+1	0.0000000E+0	0.0000000E+0	1.0000000E+2	0.0000000E+0
2.2606000E+2	6.1631766E+1	6.0811504E+1	0.0000000E+0	0.0000000E+0	1.0000000E+2	0.0000000E+0
2.2611000E+2	6.1637244E+1	6.0811771E+1	0.0000000E+0	0.0000000E+0	1.0000000E+2	0.0000000E+0
2.2616000E+2	6.1601318E+1	6.0802455E+1	0.0000000E+0	0.0000000E+0	1.0000000E+2	0.0000000E+0
2.2621100E+2	6.1592261E+1	6.0801235E+1	0.0000000E+0	0.0000000E+0	1.0000000E+2	0.0000000E+0
2.2626100E+2	6.1574820E+1	6.0797197E+1	0.0000000E+0	0.0000000E+0	1.0000000E+2	0.0000000E+0
2.2631100E+2	6.1569730E+1	6.0789686E+1	0.0000000E+0	0.0000000E+0	1.0000000E+2	0.0000000E+0
2.2636100E+2	6.1582990E+1	6.0799491E+1	0.0000000E+0	0.0000000E+0	1.0000000E+2	0.0000000E+0
2.2641200E+2	6.1589427E+1	6.0808964E+1	0.0000000E+0	0.0000000E+0	1.0000000E+2	0.0000000E+0
2.2646200E+2	6.1588956E+1	6.0816388E+1	0.0000000E+0	0.0000000E+0	1.0000000E+2	0.0000000E+0
2.2651200E+2	6.1551689E+1	6.0799437E+1	0.0000000E+0	0.0000000E+0	1.0000000E+2	0.0000000E+0
2.2656200E+2	6.1539764E+1	6.0786578E+1	0.0000000E+0	0.0000000E+0	1.0000000E+2	0.0000000E+0
2.2661200E+2	6.1557294E+1	6.0796297E+1	0.0000000E+0	0.0000000E+0	1.0000000E+2	0.0000000E+0
2.2666200E+2	6.1553021E+1	6.0800890E+1	0.0000000E+0	0.0000000E+0	1.0000000E+2	0.0000000E+0
2.2671200E+2	6.1559353E+1	6.0803880E+1	0.0000000E+0	0.0000000E+0	1.0000000E+2	0.0000000E+0
2.2676200E+2	6.1549775E+1	6.0797650E+1	0.0000000E+0	0.0000000E+0	1.0000000E+2	0.0000000E+0
2.2681200E+2	6.1555397E+1	6.0795765E+1	0.0000000E+0	0.0000000E+0	1.0000000E+2	0.0000000E+0
2.2686200E+2	6.1575899E+1	6.0809808E+1	0.0000000E+0	0.0000000E+0	1.0000000E+2	0.0000000E+0
2.2691200E+2	6.1568967E+1	6.0801578E+1	0.0000000E+0	0.0000000E+0	1.0000000E+2	0.0000000E+0
2.2696200E+2	6.1586456E+1	6.0800524E+1	0.0000000E+0	0.0000000E+0	1.0000000E+2	0.0000000E+0
2.2701200E+2	6.1581622E+1	6.0811804E+1	0.0000000E+0	0.0000000E+0	1.0000000E+2	0.0000000E+0
2.2706300E+2	6.1585227E+1	6.0806364E+1	0.0000000E+0	0.0000000E+0	1.0000000E+2	0.0000000E+0
2.2711400E+2	6.1592167E+1	6.0803379E+1	0.0000000E+0	0.0000000E+0	1.0000000E+2	0.0000000E+0
2.2716400E+2	6.1593255E+1	6.0804186E+1	0.0000000E+0	0.0000000E+0	1.0000000E+2	0.0000000E+0
2.2721400E+2	6.1585254E+1	6.0798755E+1	0.0000000E+0	0.0000000E+0	1.0000000E+2	0.0000000E+0
2.2726400E+2	6.1582815E+1	6.0805804E+1	0.0000000E+0	0.0000000E+0	1.0000000E+2	0.0000000E+0
2.2731400E+2	6.1559911E+1	6.0803158E+1	0.0000000E+0	0.0000000E+0	1.0000000E+2	0.0000000E+0
2.2736400E+2	6.1544906E+1	6.0791714E+1	0.0000000E+0	0.0000000E+0	1.0000000E+2	0.0000000E+0
2.2741400E+2	6.1540303E+1	6.0795232E+1	0.0000000E+0	0.0000000E+0	1.0000000E+2	0.0000000E+0
2.2746500E+2	6.1536104E+1	6.0789018E+1	0.0000000E+0	0.0000000E+0	1.0000000E+2	0.0000000E+0
2.2751500E+2	6.1518974E+1	6.0779913E+1	0.0000000E+0	0.0000000E+0	1.0000000E+2	0.0000000E+0
2.2756500E+2	6.1519684E+1	6.0771691E+1	0.0000000E+0	0.0000000E+0	1.0000000E+2	0.0000000E+0
2.2761500E+2	6.1526785E+1	6.0768731E+1	0.0000000E+0	0.0000000E+0	1.0000000E+2	0.0000000E+0
2.2766600E+2	6.1557452E+1	6.0771984E+1	0.0000000E+0	0.0000000E+0	1.0000000E+2	0.0000000E+0
2.2771600E+2	6.1598709E+1	6.0791174E+1	0.0000000E+0	0.0000000E+0	1.0000000E+2	0.0000000E+0
2.2776600E+2	6.1614777E+1	6.0795118E+1	0.0000000E+0	0.0000000E+0	1.0000000E+2	0.0000000E+0
2.2781700E+2	6.1606047E+1	6.0787854E+1	0.0000000E+0	0.0000000E+0	1.0000000E+2	0.0000000E+0
2.2786800E+2	6.1607203E+1	6.0799080E+1	0.0000000E+0	0.0000000E+0	1.0000000E+2	0.0000000E+0
2.2791800E+2	6.1604804E+1	6.0801404E+1	0.0000000E+0	0.0000000E+0	1.0000000E+2	0.0000000E+0
2.2796800E+2	6.1594442E+1	6.0795247E+1	0.0000000E+0	0.0000000E+0	1.0000000E+2	0.0000000E+0
2.2801800E+2	6.1602460E+1	6.0800398E+1	0.0000000E+0	0.0000000E+0	1.0000000E+2	0.0000000E+0
2.2806800E+2	6.1594993E+1	6.0803784E+1	0.0000000E+0	0.0000000E+0	1.0000000E+2	0.0000000E+0
2.2811900E+2	6.1576917E+1	6.0800535E+1	0.0000000E+0	0.0000000E+0	1.0000000E+2	0.0000000E+0
2.2816900E+2	6.1560513E+1	6.0799643E+1	0.0000000E+0	0.0000000E+0	1.0000000E+2	0.0000000E+0
2.2821900E+2	6.1558470E+1	6.0801550E+1	0.0000000E+0	0.0000000E+0	1.0000000E+2	0.0000000E+0
2.2826900E+2	6.1532870E+1	6.0789704E+1	0.0000000E+0	0.0000000E+0	1.0000000E+2	0.0000000E+0
2.2831900E+2	6.1509343E+1	6.0770031E+1	0.0000000E+0	0.0000000E+0	1.0000000E+2	0.0000000E+0
2.2836900E+2	6.1525484E+1	6.0781997E+1	0.0000000E+0	0.0000000E+0	1.0000000E+2	0.0000000E+0
2.2841900E+2	6.1535147E+1	6.0793817E+1	0.0000000E+0	0.0000000E+0	1.0000000E+2	0.0000000E+0
2.2846900E+2	6.1542387E+1	6.0808446E+1	0.0000000E+0	0.0000000E+0	1.0000000E+2	0.0000000E+0
2.2851900E+2	6.1543797E+1	6.0808559E+1	0.0000000E+0	0.0000000E+0	1.0000000E+2	0.0000000E+0
2.2857000E+2	6.1544285E+1	6.0810851E+1	0.0000000E+0	0.0000000E+0	1.0000000E+2	0.0000000E+0
2.2862000E+2	6.1559976E+1	6.0820627E+1	0.0000000E+0	0.0000000E+0	1.0000000E+2	0.0000000E+0
2.2867000E+2	6.1534220E+1	6.0805656E+1	0.0000000E+0	0.0000000E+0	1.0000000E+2	0.0000000E+0
2.2872000E+2	6.1533718E+1	6.0800857E+1	0.0000000E+0	0.0000000E+0	1.0000000E+2	0.0000000E+0
2.2877000E+2	6.1528807E+1	6.0804365E+1	0.0000000E+0	0.0000000E+0	1.0000000E+2	0.0000000E+0
2.2882000E+2	6.1523786E+1	6.0805012E+1	0.0000000E+0	0.0000000E+0	1.0000000E+2	0.0000000E+0
2.2887000E+2	6.1508288E+1	6.0798707E+1	0.0000000E+0	0.0000000E+0	1.0000000E+2	0.0000000E+0
2.2892000E+2	6.1509028E+1	6.0801038E+1	0.0000000E+0	0.0000000E+0	1.0000000E+2	0.0000000E+0
2.2897000E+2	6.1505180E+1	6.0793338E+1	0.0000000E+0	0.0000000E+0	1.0000000E+2	0.0000000E+0
2.2902000E+2	6.1507838E+1	6.0794729E+1	0.0000000E+0	0.0000000E+0	1.0000000E+2	0.0000000E+0
2.2907000E+2	6.1506680E+1	6.0792622E+1	0.0000000E+0	0.0000000E+0	1.0000000E+2	0.0000000E+0
2.2912000E+2	6.1484506E+1	6.0788456E+1	0.0000000E+0	0.0000000E+0	1.0000000E+2	0.0000000E+0
2.2917000E+2	6.1483462E+1	6.0796259E+1	0.0000000E+0	0.0000000E+0	1.0000000E+2	0.0000000E+0
2.2922000E+2	6.1474915E+1	6.0806765E+1	0.0000000E+0	0.0000000E+0	1.0000000E+2	0.0000000E+0
2.2927000E+2	6.1455072E+1	6.0799036E+1	0.0000000E+0	0.0000000E+0	1.0000000E+2	0.0000000E+0
2.2932100E+2	6.1434758E+1	6.0799561E+1	0.0000000E+0	0.0000000E+0	1.0000000E+2	0.0000000E+0
2.2937200E+2	6.1420023E+1	6.0807562E+1	0.0000000E+0	0.0000000E+0	1.0000000E+2	0.0000000E+0
2.2942200E+2	6.1395155E+1	6.0807833E+1	0.0000000E+0	0.0000000E+0	1.0000000E+2	0.0000000E+0
2.2947300E+2	6.1379879E+1	6.0799582E+1	0.0000000E+0	0.0000000E+0	1.0000000E+2	0.0000000E+0
2.2952300E+2	6.1363940E+1	6.0805981E+1	0.0000000E+0	0.0000000E+0	1.0000000E+2	0.0000000E+0
2.2957400E+2	6.1338226E+1	6.0803974E+1	0.0000000E+0	0.0000000E+0	1.0000000E+2	0.0000000E+0
2.2962400E+2	6.1314490E+1	6.0799022E+1	0.0000000E+0	0.0000000E+0	1.0000000E+2	0.0000000E+0
2.2967400E+2	6.1291965E+1	6.0796017E+1	0.0000000E+0	0.0000000E+0	1.0000000E+2	0.0000000E+0
2.2972400E+2	6.1261411E+1	6.0805956E+1	0.0000000E+0	0.0000000E+0	1.0000000E+2	0.0000000E+0
2.2977400E+2	6.1235341E+1	6.0783710E+1	0.0000000E+0	0.0000000E+0	1.0000000E+2	0.0000000E+0
2.2982500E+2	6.1231446E+1	6.0786185E+1	0.0000000E+0	0.0000000E+0	1.0000000E+2	0.0000000E+0
2.2987500E+2	6.1214098E+1	6.0783979E+1	0.0000000E+0	0.0000000E+0	1.0000000E+2	0.0000000E+0
2.2992600E+2	6.1208587E+1	6.0786455E+1	0.0000000E+0	0.0000000E+0	1.0000000E+2	0.0000000E+0
2.2997600E+2	6.1183343E+1	6.0776430E+1	0.0000000E+0	0.0000000E+0	1.0000000E+2	0.0000000E+0
2.3002600E+2	6.1178405E+1	6.0775673E+1	0.0000000E+0	0.0000000E+0	1.0000000E+2	0.0000000E+0
2.3007600E+2	6.1192840E+1	6.0792446E+1	0.0000000E+0	0.0000000E+0	1.0000000E+2	0.0000000E+0
2.3012600E+2	6.1185325E+1	6.0802748E+1	0.0000000E+0	0.0000000E+0	1.0000000E+2	0.0000000E+0
2.3017600E+2	6.1159903E+1	6.0793994E+1	0.0000000E+0	0.0000000E+0	1.0000000E+2	0.0000000E+0
2.3022700E+2	6.1136785E+1	6.0781997E+1	0.0000000E+0	0.0000000E+0	1.0000000E+2	0.0000000E+0
2.3027800E+2	6.1129799E+1	6.0785279E+1	0.0000000E+0	0.0000000E+0	1.0000000E+2	0.0000000E+0
2.3032800E+2	6.1137114E+1	6.0793519E+1	0.0000000E+0	0.0000000E+0	1.0000000E+2	0.0000000E+0
2.3037800E+2	6.1125781E+1	6.0797486E+1	0.0000000E+0	0.0000000E+0	1.0000000E+2	0.0000000E+0
2.3042800E+2	6.1115561E+1	6.0787425E+1	0.0000000E+0	0.0000000E+0	1.0000000E+2	0.0000000E+0
2.3047800E+2	6.1112175E+1	6.0788842E+1	0.0000000E+0	0.0000000E+0	1.0000000E+2	0.0000000E+0
2.3052800E+2	6.1111586E+1	6.0792483E+1	0.0000000E+0	0.0000000E+0	1.0000000E+2	0.0000000E+0
2.3057900E+2	6.1111449E+1	6.0793190E+1	0.0000000E+0	0.0000000E+0	1.0000000E+2	0.0000000E+0
2.3062900E+2	6.1092450E+1	6.0786434E+1	0.0000000E+0	0.0000000E+0	1.0000000E+2	0.0000000E+0
2.3067900E+2	6.1082677E+1	6.0780304E+1	0.0000000E+0	0.0000000E+0	1.0000000E+2	0.0000000E+0
2.3073000E+2	6.1074314E+1	6.0775812E+1	0.0000000E+0	0.0000000E+0	1.0000000E+2	0.0000000E+0
2.3078000E+2	6.1060948E+1	6.0782697E+1	0.0000000E+0	0.0000000E+0	1.0000000E+2	0.0000000E+0
2.3083000E+2	6.1062103E+1	6.0792513E+1	0.0000000E+0	0.0000000E+0	1.0000000E+2	0.0000000E+0
2.3088000E+2	6.1071059E+1	6.0791221E+1	0.0000000E+0	0.0000000E+0	1.0000000E+2	0.0000000E+0
2.3093100E+2	6.1068778E+1	6.0787499E+1	0.0000000E+0	0.0000000E+0	1.0000000E+2	0.0000000E+0
2.3098100E+2	6.1067334E+1	6.0790230E+1	0.0000000E+0	0.0000000E+0	1.0000000E+2	0.0000000E+0
2.3103200E+2	6.1064659E+1	6.0789397E+1	0.0000000E+0	0.0000000E+0	1.0000000E+2	0.0000000E+0
2.3108200E+2	6.1064688E+1	6.0778501E+1	0.0000000E+0	0.0000000E+0	1.0000000E+2	0.0000000E+0
2.3113200E+2	6.1094159E+1	6.0788977E+1	0.0000000E+0	0.0000000E+0	1.0000000E+2	0.0000000E+0
2.3118200E+2	6.1107487E+1	6.0790533E+1	0.0000000E+0	0.0000000E+0	1.0000000E+2	0.0000000E+0
2.3123200E+2	6.1113507E+1	6.0789687E+1	0.0000000E+0	0.0000000E+0	1.0000000E+2	0.0000000E+0
2.3128200E+2	6.1118531E+1	6.0787525E+1	0.0000000E+0	0.0000000E+0	1.0000000E+2	0.0000000E+0
2.3133200E+2	6.1125435E+1	6.0790163E+1	0.0000000E+0	0.0000000E+0	1.0000000E+2	0.0000000E+0
2.3138300E+2	6.1116476E+1	6.0788491E+1	0.0000000E+0	0.0000000E+0	1.0000000E+2	0.0000000E+0
2.3143300E+2	6.1122499E+1	6.0785568E+1	0.0000000E+0	0.0000000E+0	1.0000000E+2	0.0000000E+0
2.3148300E+2	6.1126149E+1	6.0785841E+1	0.0000000E+0	0.0000000E+0	1.0000000E+2	0.0000000E+0
2.3153400E+2	6.1130357E+1	6.0780573E+1	0.0000000E+0	0.0000000E+0	1.0000000E+2	0.0000000E+0
2.3158400E+2	6.1149148E+1	6.0782856E+1	0.0000000E+0	0.0000000E+0	1.0000000E+2	0.0000000E+0
2.3163500E+2	6.1158306E+1	6.0781830E+1	0.0000000E+0	0.0000000E+0	1.0000000E+2	0.0000000E+0
2.3168600E+2	6.1166060E+1	6.0777219E+1	0.0000000E+0	0.0000000E+0	1.0000000E+2	0.0000000E+0
2.3173600E+2	6.1171321E+1	6.0782815E+1	0.0000000E+0	0.0000000E+0	1.0000000E+2	0.0000000E+0
2.3178700E+2	6.1187777E+1	6.0783680E+1	0.0000000E+0	0.0000000E+0	1.0000000E+2	0.0000000E+0
2.3183700E+2	6.1188944E+1	6.0788338E+1	0.0000000E+0	0.0000000E+0	1.0000000E+2	0.0000000E+0
2.3188700E+2	6.1191653E+1	6.0785918E+1	0.0000000E+0	0.0000000E+0	1.0000000E+2	0.0000000E+0
2.3193700E+2	6.1209892E+1	6.0786875E+1	0.0000000E+0	0.0000000E+0	1.0000000E+2	0.0000000E+0
2.3198700E+2	6.1202667E+1	6.0780191E+1	0.0000000E+0	0.0000000E+0	1.0000000E+2	0.0000000E+0
2.3203700E+2	6.1193263E+1	6.0766431E+1	0.0000000E+0	0.0000000E+0	1.0000000E+2	0.0000000E+0
2.3208800E+2	6.1197801E+1	6.0767015E+1	0.0000000E+0	0.0000000E+0	1.0000000E+2	0.0000000E+0
2.3213800E+2	6.1215434E+1	6.0777678E+1	0.0000000E+0	0.0000000E+0	1.0000000E+2	0.0000000E+0
2.3218800E+2	6.1212266E+1	6.0767907E+1	0.0000000E+0	0.0000000E+0	1.0000000E+2	0.0000000E+0
2.3223800E+2	6.1226381E+1	6.0770031E+1	0.0000000E+0	0.0000000E+0	1.0000000E+2	0.0000000E+0
2.3228800E+2	6.1226364E+1	6.0768994E+1	0.0000000E+0	0.0000000E+0	1.0000000E+2	0.0000000E+0
2.3233800E+2	6.1247482E+1	6.0786737E+1	0.0000000E+0	0.0000000E+0	1.0000000E+2	0.0000000E+0
2.3238800E+2	6.1249560E+1	6.0781555E+1	0.0000000E+0	0.0000000E+0	1.0000000E+2	0.0000000E+0
2.3243800E+2	6.1238232E+1	6.0779847E+1	0.0000000E+0	0.0000000E+0	1.0000000E+2	0.0000000E+0
2.3248800E+2	6.1257851E+1	6.0796143E+1	0.0000000E+0	0.0000000E+0	1.0000000E+2	0.0000000E+0
2.3253900E+2	6.1262247E+1	6.0791034E+1	0.0000000E+0	0.0000000E+0	1.0000000E+2	0.0000000E+0
2.3259000E+2	6.1262455E+1	6.0788937E+1	0.0000000E+0	0.0000000E+0	1.0000000E+2	0.0000000E+0
2.3264000E+2	6.1261914E+1	6.0795417E+1	0.0000000E+0	0.0000000E+0	1.0000000E+2	0.0000000E+0
2.3269000E+2	6.1261486E+1	6.0794907E+1	0.0000000E+0	0.0000000E+0	1.0000000E+2	0.0000000E+0
2.3274100E+2	6.1260571E+1	6.0794348E+1	0.0000000E+0	0.0000000E+0	1.0000000E+2	0.0000000E+0
2.3279200E+2	6.1254586E+1	6.0787998E+1	0.0000000E+0	0.0000000E+0	1.0000000E+2	0.0000000E+0
2.3284300E+2	6.1249413E+1	6.0796262E+1	0.0000000E+0	0.0000000E+0	1.0000000E+2	0.0000000E+0
2.3289400E+2	6.1225310E+1	6.0797512E+1	0.0000000E+0	0.0000000E+0	1.0000000E+2	0.0000000E+0
2.3294600E+2	6.1202802E+1	6.0787969E+1	0.0000000E+0	0.0000000E+0	1.0000000E+2	0.0000000E+0
2.3299600E+2	6.1179885E+1	6.0771064E+1	0.0000000E+0	0.0000000E+0	1.0000000E+2	0.0000000E+0
2.3304600E+2	6.1157510E+1	6.0785345E+1	0.0000000E+0	0.0000000E+0	1.0000000E+2	0.0000000E+0
2.3309600E+2	6.1128677E+1	6.0788973E+1	0.0000000E+0	0.0000000E+0	1.0000000E+2	0.0000000E+0
2.3314600E+2	6.1097698E+1	6.0773890E+1	0.0000000E+0	0.0000000E+0	1.0000000E+2	0.0000000E+0
2.3319600E+2	6.1086812E+1	6.0796542E+1	0.0000000E+0	0.0000000E+0	1.0000000E+2	0.0000000E+0
2.3324600E+2	6.1063544E+1	6.0784766E+1	0.0000000E+0	0.0000000E+0	1.0000000E+2	0.0000000E+0
2.3329600E+2	6.1058146E+1	6.0800587E+1	0.0000000E+0	0.0000000E+0	1.0000000E+2	0.0000000E+0
2.3334600E+2	6.1047540E+1	6.0793693E+1	0.0000000E+0	0.0000000E+0	1.0000000E+2	0.0000000E+0
2.3339600E+2	6.1028101E+1	6.0785845E+1	0.0000000E+0	0.0000000E+0	1.0000000E+2	0.0000000E+0
2.3344600E+2	6.1021394E+1	6.0782222E+1	0.0000000E+0	0.0000000E+0	1.0000000E+2	0.0000000E+0
2.3349600E+2	6.1021040E+1	6.0787969E+1	0.0000000E+0	0.0000000E+0	1.0000000E+2	0.0000000E+0
2.3354600E+2	6.1024215E+1	6.0787381E+1	0.0000000E+0	0.0000000E+0	1.0000000E+2	0.0000000E+0
2.3359600E+2	6.1012758E+1	6.0783228E+1	0.0000000E+0	0.0000000E+0	1.0000000E+2	0.0000000E+0
2.3364600E+2	6.1002845E+1	6.0785571E+1	0.0000000E+0	0.0000000E+0	1.0000000E+2	0.0000000E+0
2.3369700E+2	6.0982922E+1	6.0769226E+1	0.0000000E+0	0.0000000E+0	1.0000000E+2	0.0000000E+0
2.3374700E+2	6.0984352E+1	6.0780454E+1	0.0000000E+0	0.0000000E+0	1.0000000E+2	0.0000000E+0
2.3379700E+2	6.0978283E+1	6.0775748E+1	0.0000000E+0	0.0000000E+0	1.0000000E+2	0.0000000E+0
2.3384800E+2	6.0957141E+1	6.0763070E+1	0.0000000E+0	0.0000000E+0	1.0000000E+2	0.0000000E+0
2.3389800E+2	6.0958603E+1	6.0772526E+1	0.0000000E+0	0.0000000E+0	1.0000000E+2	0.0000000E+0
2.3394800E+2	6.0940752E+1	6.0770045E+1	0.0000000E+0	0.0000000E+0	1.0000000E+2	0.0000000E+0
2.3399800E+2	6.0921456E+1	6.0764303E+1	0.0000000E+0	0.0000000E+0	1.0000000E+2	0.0000000E+0
2.3404800E+2	6.0905901E+1	6.0760166E+1	0.0000000E+0	0.0000000E+0	1.0000000E+2	0.0000000E+0
2.3409800E+2	6.0895086E+1	6.0766726E+1	0.0000000E+0	0.0000000E+0	1.0000000E+2	0.0000000E+0
2.3414800E+2	6.0884270E+1	6.0769264E+1	0.0000000E+0	0.0000000E+0	1.0000000E+2	0.0000000E+0
2.3419800E+2	6.0852306E+1	6.0777919E+1	0.0000000E+0	0.0000000E+0	1.0000000E+2	0.0000000E+0
2.3424800E+2	6.0809687E+1	6.0755455E+1	0.0000000E+0	0.0000000E+0	1.0000000E+2	0.0000000E+0
2.3429800E+2	6.0803279E+1	6.0757877E+1	0.0000000E+0	0.0000000E+0	1.0000000E+2	0.0000000E+0
2.3434800E+2	6.0759139E+1	6.0750138E+1	0.0000000E+0	0.0000000E+0	1.0000000E+2	0.0000000E+0
2.3439800E+2	6.0773654E+1	6.0758990E+1	0.0000000E+0	0.0000000E+0	1.0000000E+2	0.0000000E+0
2.3444800E+2	6.0750161E+1	6.0753498E+1	0.0000000E+0	0.0000000E+0	1.0000000E+2	0.0000000E+0
2.3449800E+2	6.0732938E+1	6.0748776E+1	0.0000000E+0	0.0000000E+0	1.0000000E+2	0.0000000E+0
2.3454800E+2	6.0718287E+1	6.0737824E+1	0.0000000E+0	0.0000000E+0	1.0000000E+2	0.0000000E+0
2.3459800E+2	6.0719112E+1	6.0745652E+1	0.0000000E+0	0.0000000E+0	1.0000000E+2	0.0000000E+0
2.3464800E+2	6.0728354E+1	6.0756894E+1	0.0000000E+0	0.0000000E+0	1.0000000E+2	0.0000000E+0
2.3469800E+2	6.0732645E+1	6.0761710E+1	0.0000000E+0	0.0000000E+0	1.0000000E+2	0.0000000E+0
2.3474900E+2	6.0703996E+1	6.0740721E+1	0.0000000E+0	0.0000000E+0	1.0000000E+2	0.0000000E+0
2.3479900E+2	6.0700429E+1	6.0749313E+1	0.0000000E+0	0.0000000E+0	1.0000000E+2	0.0000000E+0
2.3485000E+2	6.0707248E+1	6.0757154E+1	0.0000000E+0	0.0000000E+0	1.0000000E+2	0.0000000E+0
2.3490100E+2	6.0707979E+1	6.0753056E+1	0.0000000E+0	0.0000000E+0	1.0000000E+2	0.0000000E+0
2.3495100E+2	6.0710864E+1	6.0757362E+1	0.0000000E+0	0.0000000E+0	1.0000000E+2	0.0000000E+0
2.3500200E+2	6.0723205E+1	6.0758432E+1	0.0000000E+0	0.0000000E+0	1.0000000E+2	0.0000000E+0
2.3505200E+2	6.0715228E+1	6.0758160E+1	0.0000000E+0	0.0000000E+0	1.0000000E+2	0.0000000E+0
2.3510200E+2	6.0734940E+1	6.0790453E+1	0.0000000E+0	0.0000000E+0	1.0000000E+2	0.0000000E+0
2.3515200E+2	6.0744097E+1	6.0785729E+1	0.0000000E+0	0.0000000E+0	1.0000000E+2	0.0000000E+0
2.3520300E+2	6.0759570E+1	6.0781024E+1	0.0000000E+0	0.0000000E+0	1.0000000E+2	0.0000000E+0
2.3525300E+2	6.0776099E+1	6.0786591E+1	0.0000000E+0	0.0000000E+0	1.0000000E+2	0.0000000E+0
2.3530300E+2	6.0796802E+1	6.0790234E+1	0.0000000E+0	0.0000000E+0	1.0000000E+2	0.0000000E+0
2.3535400E+2	6.0788944E+1	6.0776154E+1	0.0000000E+0	0.0000000E+0	1.0000000E+2	0.0000000E+0
2.3540500E+2	6.0813634E+1	6.0789379E+1	0.0000000E+0	0.0000000E+0	1.0000000E+2	0.0000000E+0
2.3545600E+2	6.0815550E+1	6.0785147E+1	0.0000000E+0	0.0000000E+0	1.0000000E+2	0.0000000E+0
2.3550600E+2	6.0831657E+1	6.0788905E+1	0.0000000E+0	0.0000000E+0	1.0000000E+2	0.0000000E+0
2.3555600E+2	6.0868190E+1	6.0805832E+1	0.0000000E+0	0.0000000E+0	1.0000000E+2	0.0000000E+0
2.3560600E+2	6.0887873E+1	6.0812486E+1	0.0000000E+0	0.0000000E+0	1.0000000E+2	0.0000000E+0
2.3565600E+2	6.0891402E+1	6.0802944E+1	0.0000000E+0	0.0000000E+0	1.0000000E+2	0.0000000E+0
2.3570600E+2	6.0899018E+1	6.0796528E+1	0.0000000E+0	0.0000000E+0	1.0000000E+2	0.0000000E+0
2.3575600E+2	6.0908620E+1	6.0801383E+1	0.0000000E+0	0.0000000E+0	1.0000000E+2	0.0000000E+0
2.3580600E+2	6.0901890E+1	6.0804543E+1	0.0000000E+0	0.0000000E+0	1.0000000E+2	0.0000000E+0
2.3585600E+2	6.0895848E+1	6.0808668E+1	0.0000000E+0	0.0000000E+0	1.0000000E+2	0.0000000E+0
2.3590600E+2	6.0888622E+1	6.0793649E+1	0.0000000E+0	0.0000000E+0	1.0000000E+2	0.0000000E+0
2.3595600E+2	6.0876963E+1	6.0799103E+1	0.0000000E+0	0.0000000E+0	1.0000000E+2	0.0000000E+0
2.3600600E+2	6.0861673E+1	6.0801299E+1	0.0000000E+0	0.0000000E+0	1.0000000E+2	0.0000000E+0
2.3605600E+2	6.0856417E+1	6.0807964E+1	0.0000000E+0	0.0000000E+0	1.0000000E+2	0.0000000E+0
2.3610600E+2	6.0851997E+1	6.0820479E+1	0.0000000E+0	0.0000000E+0	1.0000000E+2	0.0000000E+0
2.3615600E+2	6.0839438E+1	6.0816245E+1	0.0000000E+0	0.0000000E+0	1.0000000E+2	0.0000000E+0
2.3620600E+2	6.0823210E+1	6.0809837E+1	0.0000000E+0	0.0000000E+0	1.0000000E+2	0.0000000E+0
2.3625600E+2	6.0810866E+1	6.0807018E+1	0.0000000E+0	0.0000000E+0	1.0000000E+2	0.0000000E+0
2.3630700E+2	6.0801405E+1	6.0809227E+1	0.0000000E+0	0.0000000E+0	1.0000000E+2	0.0000000E+0
2.3635700E+2	6.0779877E+1	6.0800287E+1	0.0000000E+0	0.0000000E+0	1.0000000E+2	0.0000000E+0
2.3640800E+2	6.0782590E+1	6.0813408E+1	0.0000000E+0	0.0000000E+0	1.0000000E+2	0.0000000E+0
2.3645800E+2	6.0779818E+1	6.0817937E+1	0.0000000E+0	0.0000000E+0	1.0000000E+2	0.0000000E+0
2.3650800E+2	6.0753993E+1	6.0802827E+1	0.0000000E+0	0.0000000E+0	1.0000000E+2	0.0000000E+0
2.3655800E+2	6.0738430E+1	6.0804567E+1	0.0000000E+0	0.0000000E+0	1.0000000E+2	0.0000000E+0
2.3660800E+2	6.0746536E+1	6.0815905E+1	0.0000000E+0	0.0000000E+0	1.0000000E+2	0.0000000E+0
2.3665800E+2	6.0762131E+1	6.0816809E+1	0.0000000E+0	0.0000000E+0	1.0000000E+2	0.0000000E+0
2.3670800E+2	6.0778988E+1	6.0825030E+1	0.0000000E+0	0.0000000E+0	1.0000000E+2	0.0000000E+0
2.3675800E+2	6.0786411E+1	6.0813541E+1	0.0000000E+0	0.0000000E+0	1.0000000E+2	0.0000000E+0
2.3680800E+2	6.0804251E+1	6.0821260E+1	0.0000000E+0	0.0000000E+0	1.0000000E+2	0.0000000E+0
2.3685800E+2	6.0805988E+1	6.0821900E+1	0.0000000E+0	0.0000000E+0	1.0000000E+2	0.0000000E+0
2.3690800E+2	6.0810014E+1	6.0820327E+1	0.0000000E+0	0.0000000E+0	1.0000000E+2	0.0000000E+0
2.3695800E+2	6.0796520E+1	6.0815060E+1	0.0000000E+0	0.0000000E+0	1.0000000E+2	0.0000000E+0
2.3700800E+2	6.0805590E+1	6.0816916E+1	0.0000000E+0	0.0000000E+0	1.0000000E+2	0.0000000E+0
2.3705800E+2	6.0805442E+1	6.0821149E+1	0.0000000E+0	0.0000000E+0	1.0000000E+2	0.0000000E+0
2.3710800E+2	6.0797569E+1	6.0822758E+1	0.0000000E+0	0.0000000E+0	1.0000000E+2	0.0000000E+0
2.3715900E+2	6.0787103E+1	6.0815617E+1	0.0000000E+0	0.0000000E+0	1.0000000E+2	0.0000000E+0
2.3720900E+2	6.0789087E+1	6.0814911E+1	0.0000000E+0	0.0000000E+0	1.0000000E+2	0.0000000E+0
2.3726000E+2	6.0794324E+1	6.0816880E+1	0.0000000E+0	0.0000000E+0	1.0000000E+2	0.0000000E+0
2.3731000E+2	6.0798698E+1	6.0819044E+1	0.0000000E+0	0.0000000E+0	1.0000000E+2	0.0000000E+0
2.3736000E+2	6.0805170E+1	6.0826196E+1	0.0000000E+0	0.0000000E+0	1.0000000E+2	0.0000000E+0
2.3741100E+2	6.0804134E+1	6.0830484E+1	0.0000000E+0	0.0000000E+0	1.0000000E+2	0.0000000E+0
2.3746200E+2	6.0804368E+1	6.0837794E+1	0.0000000E+0	0.0000000E+0	1.0000000E+2	0.0000000E+0
2.3751300E+2	6.0771667E+1	6.0815112E+1	0.0000000E+0	0.0000000E+0	1.0000000E+2	0.0000000E+0
2.3756400E+2	6.0766963E+1	6.0811354E+1	0.0000000E+0	0.0000000E+0	1.0000000E+2	0.0000000E+0
2.3761400E+2	6.0749847E+1	6.0800634E+1	0.0000000E+0	0.0000000E+0	1.0000000E+2	0.0000000E+0
2.3766400E+2	6.0748498E+1	6.0812623E+1	0.0000000E+0	0.0000000E+0	1.0000000E+2	0.0000000E+0
2.3771400E+2	6.0740636E+1	6.0810369E+1	0.0000000E+0	0.0000000E+0	1.0000000E+2	0.0000000E+0
2.3776400E+2	6.0726855E+1	6.0801319E+1	0.0000000E+0	0.0000000E+0	1.0000000E+2	0.0000000E+0
2.3781400E+2	6.0712966E+1	6.0794526E+1	0.0000000E+0	0.0000000E+0	1.0000000E+2	0.0000000E+0
2.3786400E+2	6.0692752E+1	6.0794147E+1	0.0000000E+0	0.0000000E+0	1.0000000E+2	0.0000000E+0
2.3791400E+2	6.0684269E+1	6.0800409E+1	0.0000000E+0	0.0000000E+0	1.0000000E+2	0.0000000E+0
2.3796400E+2	6.0674819E+1	6.0810226E+1	0.0000000E+0	0.0000000E+0	1.0000000E+2	0.0000000E+0
2.3801400E+2	6.0671698E+1	6.0801585E+1	0.0000000E+0	0.0000000E+0	1.0000000E+2	0.0000000E+0
2.3806500E+2	6.0668750E+1	6.0806204E+1	0.0000000E+0	0.0000000E+0	1.0000000E+2	0.0000000E+0
2.3811500E+2	6.0667566E+1	6.0812034E+1	0.0000000E+0	0.0000000E+0	1.0000000E+2	0.0000000E+0
2.3816500E+2	6.0659713E+1	6.0800009E+1	0.0000000E+0	0.0000000E+0	1.0000000E+2	0.0000000E+0
2.3821500E+2	6.0650707E+1	6.0798425E+1	0.0000000E+0	0.0000000E+0	1.0000000E+2	0.0000000E+0
2.3826500E+2	6.0665328E+1	6.0806022E+1	0.0000000E+0	0.0000000E+0	1.0000000E+2	0.0000000E+0
2.3831500E+2	6.0649459E+1	6.0800568E+1	0.0000000E+0	0.0000000E+0	1.0000000E+2	0.0000000E+0
2.3836500E+2	6.0638298E+1	6.0802888E+1	0.0000000E+0	0.0000000E+0	1.0000000E+2	0.0000000E+0
2.3841500E+2	6.0618446E+1	6.0801130E+1	0.0000000E+0	0.0000000E+0	1.0000000E+2	0.0000000E+0
2.3846500E+2	6.0608830E+1	6.0806814E+1	0.0000000E+0	0.0000000E+0	1.0000000E+2	0.0000000E+0
2.3851500E+2	6.0589881E+1	6.0790481E+1	0.0000000E+0	0.0000000E+0	1.0000000E+2	0.0000000E+0
2.3856600E+2	6.0618841E+1	6.0805176E+1	0.0000000E+0	0.0000000E+0	1.0000000E+2	0.0000000E+0
2.3861600E+2	6.0602283E+1	6.0787848E+1	0.0000000E+0	0.0000000E+0	1.0000000E+2	0.0000000E+0
2.3866700E+2	6.0625370E+1	6.0801201E+1	0.0000000E+0	0.0000000E+0	1.0000000E+2	0.0000000E+0
2.3871700E+2	6.0625236E+1	6.0802694E+1	0.0000000E+0	0.0000000E+0	1.0000000E+2	0.0000000E+0
2.3876700E+2	6.0641030E+1	6.0810834E+1	0.0000000E+0	0.0000000E+0	1.0000000E+2	0.0000000E+0
2.3881700E+2	6.0631307E+1	6.0800531E+1	0.0000000E+0	0.0000000E+0	1.0000000E+2	0.0000000E+0
2.3886700E+2	6.0630633E+1	6.0797538E+1	0.0000000E+0	0.0000000E+0	1.0000000E+2	0.0000000E+0
2.3891700E+2	6.0640864E+1	6.0803944E+1	0.0000000E+0	0.0000000E+0	1.0000000E+2	0.0000000E+0
2.3896700E+2	6.0653638E+1	6.0816686E+1	0.0000000E+0	0.0000000E+0	1.0000000E+2	0.0000000E+0
2.3901700E+2	6.0632560E+1	6.0796121E+1	0.0000000E+0	0.0000000E+0	1.0000000E+2	0.0000000E+0
2.3906700E+2	6.0623158E+1	6.0786980E+1	0.0000000E+0	0.0000000E+0	1.0000000E+2	0.0000000E+0
2.3911700E+2	6.0626979E+1	6.0785749E+1	0.0000000E+0	0.0000000E+0	1.0000000E+2	0.0000000E+0
2.3916800E+2	6.0636370E+1	6.0793199E+1	0.0000000E+0	0.0000000E+0	1.0000000E+2	0.0000000E+0
2.3921800E+2	6.0650387E+1	6.0801853E+1	0.0000000E+0	0.0000000E+0	1.0000000E+2	0.0000000E+0
2.3926900E+2	6.0641187E+1	6.0798478E+1	0.0000000E+0	0.0000000E+0	1.0000000E+2	0.0000000E+0
2.3931900E+2	6.0655114E+1	6.0808396E+1	0.0000000E+0	0.0000000E+0	1.0000000E+2	0.0000000E+0
2.3937000E+2	6.0656257E+1	6.0798729E+1	0.0000000E+0	0.0000000E+0	1.0000000E+2	0.0000000E+0
2.3942100E+2	6.0665666E+1	6.0796639E+1	0.0000000E+0	0.0000000E+0	1.0000000E+2	0.0000000E+0
2.3947100E+2	6.0653769E+1	6.0790056E+1	0.0000000E+0	0.0000000E+0	1.0000000E+2	0.0000000E+0
2.3952200E+2	6.0639917E+1	6.0790268E+1	0.0000000E+0	0.0000000E+0	1.0000000E+2	0.0000000E+0
2.3957200E+2	6.0629022E+1	6.0797638E+1	0.0000000E+0	0.0000000E+0	1.0000000E+2	0.0000000E+0
2.3962300E+2	6.0624684E+1	6.0790831E+1	0.0000000E+0	0.0000000E+0	1.0000000E+2	0.0000000E+0
2.3967300E+2	6.0630167E+1	6.0788492E+1	0.0000000E+0	0.0000000E+0	1.0000000E+2	0.0000000E+0
2.3972400E+2	6.0624639E+1	6.0792454E+1	0.0000000E+0	0.0000000E+0	1.0000000E+2	0.0000000E+0
2.3977400E+2	6.0602874E+1	6.0783018E+1	0.0000000E+0	0.0000000E+0	1.0000000E+2	0.0000000E+0
2.3982500E+2	6.0596567E+1	6.0790444E+1	0.0000000E+0	0.0000000E+0	1.0000000E+2	0.0000000E+0
2.3987500E+2	6.0617899E+1	6.0802790E+1	0.0000000E+0	0.0000000E+0	1.0000000E+2	0.0000000E+0
2.3992500E+2	6.0621637E+1	6.0817685E+1	0.0000000E+0	0.0000000E+0	1.0000000E+2	0.0000000E+0
2.3997500E+2	6.0616205E+1	6.0799791E+1	0.0000000E+0	0.0000000E+0	1.0000000E+2	0.0000000E+0
2.4002500E+2	6.0618401E+1	6.0793918E+1	0.0000000E+0	0.0000000E+0	1.0000000E+2	0.0000000E+0
2.4007500E+2	6.0635138E+1	6.0799377E+1	0.0000000E+0	0.0000000E+0	1.0000000E+2	0.0000000E+0
2.4012500E+2	6.0623456E+1	6.0794874E+1	0.0000000E+0	0.0000000E+0	1.0000000E+2	0.0000000E+0
2.4017500E+2	6.0620501E+1	6.0793086E+1	0.0000000E+0	0.0000000E+0	1.0000000E+2	0.0000000E+0
2.4022500E+2	6.0637658E+1	6.0795090E+1	0.0000000E+0	0.0000000E+0	1.0000000E+2	0.0000000E+0
2.4027600E+2	6.0638324E+1	6.0795281E+1	0.0000000E+0	0.0000000E+0	1.0000000E+2	0.0000000E+0
2.4032600E+2	6.0653394E+1	6.0804113E+1	0.0000000E+0	0.0000000E+0	1.0000000E+2	0.0000000E+0
2.4037600E+2	6.0662775E+1	6.0801608E+1	0.0000000E+0	0.0000000E+0	1.0000000E+2	0.0000000E+0
2.4042600E+2	6.0691230E+1	6.0812697E+1	0.0000000E+0	0.0000000E+0	1.0000000E+2	0.0000000E+0
2.4047700E+2	6.0699318E+1	6.0817124E+1	0.0000000E+0	0.0000000E+0	1.0000000E+2	0.0000000E+0
2.4052700E+2	6.0717130E+1	6.0823496E+1	0.0000000E+0	0.0000000E+0	1.0000000E+2	0.0000000E+0
2.4057700E+2	6.0728124E+1	6.0821589E+1	0.0000000E+0	0.0000000E+0	1.0000000E+2	0.0000000E+0
2.4062700E+2	6.0731350E+1	6.0822806E+1	0.0000000E+0	0.0000000E+0	1.0000000E+2	0.0000000E+0
2.4067700E+2	6.0748848E+1	6.0827726E+1	0.0000000E+0	0.0000000E+0	1.0000000E+2	0.0000000E+0
2.4072700E+2	6.0754853E+1	6.0825441E+1	0.0000000E+0	0.0000000E+0	1.0000000E+2	0.0000000E+0
2.4077700E+2	6.0769238E+1	6.0822766E+1	0.0000000E+0	0.0000000E+0	1.0000000E+2	0.0000000E+0
2.4082700E+2	6.0770704E+1	6.0812615E+1	0.0000000E+0	0.0000000E+0	1.0000000E+2	0.0000000E+0
2.4087700E+2	6.0799278E+1	6.0822822E+1	0.0000000E+0	0.0000000E+0	1.0000000E+2	0.0000000E+0
2.4092700E+2	6.0842473E+1	6.0840186E+1	0.0000000E+0	0.0000000E+0	1.0000000E+2	0.0000000E+0
2.4097700E+2	6.0859518E+1	6.0835804E+1	0.0000000E+0	0.0000000E+0	1.0000000E+2	0.0000000E+0
2.4102700E+2	6.0863446E+1	6.0821382E+1	0.0000000E+0	0.0000000E+0	1.0000000E+2	0.0000000E+0
2.4107700E+2	6.0885541E+1	6.0834815E+1	0.0000000E+0	0.0000000E+0	1.0000000E+2	0.0000000E+0
2.4112700E+2	6.0897139E+1	6.0835624E+1	0.0000000E+0	0.0000000E+0	1.0000000E+2	0.0000000E+0
2.4117700E+2	6.0897505E+1	6.0833893E+1	0.0000000E+0	0.0000000E+0	1.0000000E+2	0.0000000E+0
2.4122700E+2	6.0890114E+1	6.0824014E+1	0.0000000E+0	0.0000000E+0	1.0000000E+2	0.0000000E+0
2.4127700E+2	6.0902437E+1	6.0826625E+1	0.0000000E+0	0.0000000E+0	1.0000000E+2	0.0000000E+0
2.4132700E+2	6.0923170E+1	6.0835770E+1	0.0000000E+0	0.0000000E+0	1.0000000E+2	0.0000000E+0
2.4137700E+2	6.0922833E+1	6.0821734E+1	0.0000000E+0	0.0000000E+0	1.0000000E+2	0.0000000E+0
2.4142700E+2	6.0932816E+1	6.0828790E+1	0.0000000E+0	0.0000000E+0	1.0000000E+2	0.0000000E+0
2.4147700E+2	6.0938215E+1	6.0830447E+1	0.0000000E+0	0.0000000E+0	1.0000000E+2	0.0000000E+0
2.4152800E+2	6.0940695E+1	6.0835995E+1	0.0000000E+0	0.0000000E+0	1.0000000E+2	0.0000000E+0
2.4157800E+2	6.0926999E+1	6.0828142E+1	0.0000000E+0	0.0000000E+0	1.0000000E+2	0.0000000E+0
2.4162800E+2	6.0906365E+1	6.0825033E+1	0.0000000E+0	0.0000000E+0	1.0000000E+2	0.0000000E+0
2.4167800E+2	6.0909979E+1	6.0823110E+1	0.0000000E+0	0.0000000E+0	1.0000000E+2	0.0000000E+0
2.4172800E+2	6.0898620E+1	6.0815371E+1	0.0000000E+0	0.0000000E+0	1.0000000E+2	0.0000000E+0
2.4177800E+2	6.0892780E+1	6.0825444E+1	0.0000000E+0	0.0000000E+0	1.0000000E+2	0.0000000E+0
2.4182800E+2	6.0895045E+1	6.0830375E+1	0.0000000E+0	0.0000000E+0	1.0000000E+2	0.0000000E+0
2.4187800E+2	6.0886509E+1	6.0831214E+1	0.0000000E+0	0.0000000E+0	1.0000000E+2	0.0000000E+0
2.4192800E+2	6.0879597E+1	6.0831735E+1	0.0000000E+0	0.0000000E+0	1.0000000E+2	0.0000000E+0
2.4197900E+2	6.0876003E+1	6.0837208E+1	0.0000000E+0	0.0000000E+0	1.0000000E+2	0.0000000E+0
2.4203000E+2	6.0847854E+1	6.0828339E+1	0.0000000E+0	0.0000000E+0	1.0000000E+2	0.0000000E+0
2.4208100E+2	6.0830860E+1	6.0827338E+1	0.0000000E+0	0.0000000E+0	1.0000000E+2	0.0000000E+0
2.4213200E+2	6.0812251E+1	6.0810199E+1	0.0000000E+0	0.0000000E+0	1.0000000E+2	0.0000000E+0
2.4218300E+2	6.0820033E+1	6.0827067E+1	0.0000000E+0	0.0000000E+0	1.0000000E+2	0.0000000E+0
2.4223300E+2	6.0812598E+1	6.0832440E+1	0.0000000E+0	0.0000000E+0	1.0000000E+2	0.0000000E+0
2.4228300E+2	6.0790544E+1	6.0810655E+1	0.0000000E+0	0.0000000E+0	1.0000000E+2	0.0000000E+0
2.4233300E+2	6.0789168E+1	6.0816982E+1	0.0000000E+0	0.0000000E+0	1.0000000E+2	0.0000000E+0
2.4238300E+2	6.0820722E+1	6.0832767E+1	0.0000000E+0	0.0000000E+0	1.0000000E+2	0.0000000E+0
2.4243300E+2	6.0812711E+1	6.0828378E+1	0.0000000E+0	0.0000000E+0	1.0000000E+2	0.0000000E+0
2.4248300E+2	6.0820057E+1	6.0837628E+1	0.0000000E+0	0.0000000E+0	1.0000000E+2	0.0000000E+0
2.4253400E+2	6.0818199E+1	6.0837009E+1	0.0000000E+0	0.0000000E+0	1.0000000E+2	0.0000000E+0
2.4258400E+2	6.0841133E+1	6.0856615E+1	0.0000000E+0	0.0000000E+0	1.0000000E+2	0.0000000E+0
2.4263500E+2	6.0835050E+1	6.0846317E+1	0.0000000E+0	0.0000000E+0	1.0000000E+2	0.0000000E+0
2.4268500E+2	6.0831161E+1	6.0839966E+1	0.0000000E+0	0.0000000E+0	1.0000000E+2	0.0000000E+0
2.4273500E+2	6.0828865E+1	6.0830191E+1	0.0000000E+0	0.0000000E+0	1.0000000E+2	0.0000000E+0
2.4278500E+2	6.0820639E+1	6.0815799E+1	0.0000000E+0	0.0000000E+0	1.0000000E+2	0.0000000E+0
2.4283500E+2	6.0804480E+1	6.0825478E+1	0.0000000E+0	0.0000000E+0	1.0000000E+2	0.0000000E+0
2.4288500E+2	6.0809176E+1	6.0833475E+1	0.0000000E+0	0.0000000E+0	1.0000000E+2	0.0000000E+0
2.4293500E+2	6.0819925E+1	6.0835324E+1	0.0000000E+0	0.0000000E+0	1.0000000E+2	0.0000000E+0
2.4298500E+2	6.0835080E+1	6.0822026E+1	0.0000000E+0	0.0000000E+0	1.0000000E+2	0.0000000E+0
2.4303500E+2	6.0838145E+1	6.0831974E+1	0.0000000E+0	0.0000000E+0	1.0000000E+2	0.0000000E+0
2.4308500E+2	6.0836557E+1	6.0830580E+1	0.0000000E+0	0.0000000E+0	1.0000000E+2	0.0000000E+0
2.4313500E+2	6.0830801E+1	6.0815831E+1	0.0000000E+0	0.0000000E+0	1.0000000E+2	0.0000000E+0
2.4318500E+2	6.0839669E+1	6.0832835E+1	0.0000000E+0	0.0000000E+0	1.0000000E+2	0.0000000E+0
2.4323600E+2	6.0840073E+1	6.0824986E+1	0.0000000E+0	0.0000000E+0	1.0000000E+2	0.0000000E+0
2.4328600E+2	6.0854451E+1	6.0833921E+1	0.0000000E+0	0.0000000E+0	1.0000000E+2	0.0000000E+0
2.4333700E+2	6.0846717E+1	6.0829446E+1	0.0000000E+0	0.0000000E+0	1.0000000E+2	0.0000000E+0
2.4338700E+2	6.0871493E+1	6.0839169E+1	0.0000000E+0	0.0000000E+0	1.0000000E+2	0.0000000E+0
2.4343700E+2	6.0874764E+1	6.0842466E+1	0.0000000E+0	0.0000000E+0	1.0000000E+2	0.0000000E+0
2.4348700E+2	6.0868815E+1	6.0836988E+1	0.0000000E+0	0.0000000E+0	1.0000000E+2	0.0000000E+0
2.4353700E+2	6.0876088E+1	6.0840934E+1	0.0000000E+0	0.0000000E+0	1.0000000E+2	0.0000000E+0
2.4358700E+2	6.0857080E+1	6.0831611E+1	0.0000000E+0	0.0000000E+0	1.0000000E+2	0.0000000E+0
2.4363700E+2	6.0869177E+1	6.0830338E+1	0.0000000E+0	0.0000000E+0	1.0000000E+2	0.0000000E+0
2.4368700E+2	6.0868081E+1	6.0830081E+1	0.0000000E+0	0.0000000E+0	1.0000000E+2	0.0000000E+0
2.4373700E+2	6.0864815E+1	6.0829674E+1	0.0000000E+0	0.0000000E+0	1.0000000E+2	0.0000000E+0
2.4378700E+2	6.0886111E+1	6.0844179E+1	0.0000000E+0	0.0000000E+0	1.0000000E+2	0.0000000E+0
2.4383700E+2	6.0900860E+1	6.0842917E+1	0.0000000E+0	0.0000000E+0	1.0000000E+2	0.0000000E+0
2.4388700E+2	6.0883744E+1	6.0825917E+1	0.0000000E+0	0.0000000E+0	1.0000000E+2	0.0000000E+0
2.4393800E+2	6.0898951E+1	6.0840582E+1	0.0000000E+0	0.0000000E+0	1.0000000E+2	0.0000000E+0
2.4398800E+2	6.0911285E+1	6.0844112E+1	0.0000000E+0	0.0000000E+0	1.0000000E+2	0.0000000E+0
2.4403800E+2	6.0932723E+1	6.0846983E+1	0.0000000E+0	0.0000000E+0	1.0000000E+2	0.0000000E+0
2.4408800E+2	6.0946843E+1	6.0857825E+1	0.0000000E+0	0.0000000E+0	1.0000000E+2	0.0000000E+0
2.4413900E+2	6.0923096E+1	6.0840582E+1	0.0000000E+0	0.0000000E+0	1.0000000E+2	0.0000000E+0
2.4418900E+2	6.0939003E+1	6.0844824E+1	0.0000000E+0	0.0000000E+0	1.0000000E+2	0.0000000E+0
2.4423900E+2	6.0952102E+1	6.0855182E+1	0.0000000E+0	0.0000000E+0	1.0000000E+2	0.0000000E+0
2.4428900E+2	6.0950541E+1	6.0846269E+1	0.0000000E+0	0.0000000E+0	1.0000000E+2	0.0000000E+0
2.4433900E+2	6.0958116E+1	6.0854425E+1	0.0000000E+0	0.0000000E+0	1.0000000E+2	0.0000000E+0
2.4438900E+2	6.0960325E+1	6.0854581E+1	0.0000000E+0	0.0000000E+0	1.0000000E+2	0.0000000E+0
2.4443900E+2	6.0980931E+1	6.0854113E+1	0.0000000E+0	0.0000000E+0	1.0000000E+2	0.0000000E+0
2.4448900E+2	6.0974051E+1	6.0842325E+1	0.0000000E+0	0.0000000E+0	1.0000000E+2	0.0000000E+0
2.4453900E+2	6.0985983E+1	6.0846908E+1	0.0000000E+0	0.0000000E+0	1.0000000E+2	0.0000000E+0
2.4458900E+2	6.1003048E+1	6.0854557E+1	0.0000000E+0	0.0000000E+0	1.0000000E+2	0.0000000E+0
2.4463900E+2	6.0989001E+1	6.0847827E+1	0.0000000E+0	0.0000000E+0	1.0000000E+2	0.0000000E+0
2.4469000E+2	6.0998587E+1	6.0843621E+1	0.0000000E+0	0.0000000E+0	1.0000000E+2	0.0000000E+0
2.4474100E+2	6.1000221E+1	6.0847306E+1	0.0000000E+0	0.0000000E+0	1.0000000E+2	0.0000000E+0
2.4479100E+2	6.1019741E+1	6.0867237E+1	0.0000000E+0	0.0000000E+0	1.0000000E+2	0.0000000E+0
2.4484200E+2	6.1004788E+1	6.0858721E+1	0.0000000E+0	0.0000000E+0	1.0000000E+2	0.0000000E+0
2.4489300E+2	6.0988817E+1	6.0841337E+1	0.0000000E+0	0.0000000E+0	1.0000000E+2	0.0000000E+0
2.4494300E+2	6.0992141E+1	6.0855084E+1	0.0000000E+0	0.0000000E+0	1.0000000E+2	0.0000000E+0
2.4499300E+2	6.0986883E+1	6.0840764E+1	0.0000000E+0	0.0000000E+0	1.0000000E+2	0.0000000E+0
2.4504400E+2	6.0983674E+1	6.0839640E+1	0.0000000E+0	0.0000000E+0	1.0000000E+2	0.0000000E+0
2.4509500E+2	6.1005165E+1	6.0836022E+1	0.0000000E+0	0.0000000E+0	1.0000000E+2	0.0000000E+0
2.4514500E+2	6.1016172E+1	6.0843066E+1	0.0000000E+0	0.0000000E+0	1.0000000E+2	0.0000000E+0
2.4519500E+2	6.1014837E+1	6.0839054E+1	0.0000000E+0	0.0000000E+0	1.0000000E+2	0.0000000E+0
2.4524500E+2	6.1009931E+1	6.0847541E+1	0.0000000E+0	0.0000000E+0	1.0000000E+2	0.0000000E+0
2.4529500E+2	6.0994143E+1	6.0831639E+1	0.0000000E+0	0.0000000E+0	1.0000000E+2	0.0000000E+0
2.4534500E+2	6.1008854E+1	6.0832675E+1	0.0000000E+0	0.0000000E+0	1.0000000E+2	0.0000000E+0
2.4539600E+2	6.1014116E+1	6.0836699E+1	0.0000000E+0	0.0000000E+0	1.0000000E+2	0.0000000E+0
2.4544600E+2	6.1036448E+1	6.0851805E+1	0.0000000E+0	0.0000000E+0	1.0000000E+2	0.0000000E+0
2.4549600E+2	6.1034298E+1	6.0840522E+1	0.0000000E+0	0.0000000E+0	1.0000000E+2	0.0000000E+0
2.4554600E+2	6.1044810E+1	6.0846003E+1	0.0000000E+0	0.0000000E+0	1.0000000E+2	0.0000000E+0
2.4559700E+2	6.1051060E+1	6.0844700E+1	0.0000000E+0	0.0000000E+0	1.0000000E+2	0.0000000E+0
2.4564700E+2	6.1074968E+1	6.0855782E+1	0.0000000E+0	0.0000000E+0	1.0000000E+2	0.0000000E+0
2.4569700E+2	6.1077147E+1	6.0851932E+1	0.0000000E+0	0.0000000E+0	1.0000000E+2	0.0000000E+0
2.4574800E+2	6.1071771E+1	6.0852547E+1	0.0000000E+0	0.0000000E+0	1.0000000E+2	0.0000000E+0
2.4579800E+2	6.1067338E+1	6.0854444E+1	0.0000000E+0	0.0000000E+0	1.0000000E+2	0.0000000E+0
2.4584800E+2	6.1077373E+1	6.0857267E+1	0.0000000E+0	0.0000000E+0	1.0000000E+2	0.0000000E+0
2.4589800E+2	6.1070223E+1	6.0853742E+1	0.0000000E+0	0.0000000E+0	1.0000000E+2	0.0000000E+0
2.4594800E+2	6.1086113E+1	6.0857353E+1	0.0000000E+0	0.0000000E+0	1.0000000E+2	0.0000000E+0
2.4599800E+2	6.1095226E+1	6.0860021E+1	0.0000000E+0	0.0000000E+0	1.0000000E+2	0.0000000E+0
2.4604900E+2	6.1102788E+1	6.0865459E+1	0.0000000E+0	0.0000000E+0	1.0000000E+2	0.0000000E+0
2.4609900E+2	6.1099966E+1	6.0858836E+1	0.0000000E+0	0.0000000E+0	1.0000000E+2	0.0000000E+0
2.4614900E+2	6.1109054E+1	6.0861025E+1	0.0000000E+0	0.0000000E+0	1.0000000E+2	0.0000000E+0
2.4619900E+2	6.1125349E+1	6.0872311E+1	0.0000000E+0	0.0000000E+0	1.0000000E+2	0.0000000E+0
2.4624900E+2	6.1106500E+1	6.0862662E+1	0.0000000E+0	0.0000000E+0	1.0000000E+2	0.0000000E+0
2.4630000E+2	6.1109515E+1	6.0857980E+1	0.0000000E+0	0.0000000E+0	1.0000000E+2	0.0000000E+0
2.4635000E+2	6.1111121E+1	6.0857857E+1	0.0000000E+0	0.0000000E+0	1.0000000E+2	0.0000000E+0
2.4640000E+2	6.1103044E+1	6.0852301E+1	0.0000000E+0	0.0000000E+0	1.0000000E+2	0.0000000E+0
2.4645000E+2	6.1092246E+1	6.0857709E+1	0.0000000E+0	0.0000000E+0	1.0000000E+2	0.0000000E+0
2.4650000E+2	6.1102702E+1	6.0853525E+1	0.0000000E+0	0.0000000E+0	1.0000000E+2	0.0000000E+0
2.4655000E+2	6.1110998E+1	6.0855873E+1	0.0000000E+0	0.0000000E+0	1.0000000E+2	0.0000000E+0
2.4660000E+2	6.1114754E+1	6.0855948E+1	0.0000000E+0	0.0000000E+0	1.0000000E+2	0.0000000E+0
2.4665100E+2	6.1099915E+1	6.0855690E+1	0.0000000E+0	0.0000000E+0	1.0000000E+2	0.0000000E+0
2.4670100E+2	6.1089803E+1	6.0844980E+1	0.0000000E+0	0.0000000E+0	1.0000000E+2	0.0000000E+0
2.4675100E+2	6.1107137E+1	6.0842421E+1	0.0000000E+0	0.0000000E+0	1.0000000E+2	0.0000000E+0
2.4680100E+2	6.1113514E+1	6.0835661E+1	0.0000000E+0	0.0000000E+0	1.0000000E+2	0.0000000E+0
2.4685100E+2	6.1116677E+1	6.0830543E+1	0.0000000E+0	0.0000000E+0	1.0000000E+2	0.0000000E+0
2.4690100E+2	6.1123965E+1	6.0837744E+1	0.0000000E+0	0.0000000E+0	1.0000000E+2	0.0000000E+0
2.4695100E+2	6.1127227E+1	6.0839471E+1	0.0000000E+0	0.0000000E+0	1.0000000E+2	0.0000000E+0
2.4700100E+2	6.1128698E+1	6.0835468E+1	0.0000000E+0	0.0000000E+0	1.0000000E+2	0.0000000E+0
2.4705100E+2	6.1143949E+1	6.0831042E+1	0.0000000E+0	0.0000000E+0	1.0000000E+2	0.0000000E+0
2.4710100E+2	6.1141695E+1	6.0822681E+1	0.0000000E+0	0.0000000E+0	1.0000000E+2	0.0000000E+0
2.4715100E+2	6.1147967E+1	6.0818707E+1	0.0000000E+0	0.0000000E+0	1.0000000E+2	0.0000000E+0
2.4720100E+2	6.1159888E+1	6.0822399E+1	0.0000000E+0	0.0000000E+0	1.0000000E+2	0.0000000E+0
2.4725100E+2	6.1157663E+1	6.0815861E+1	0.0000000E+0	0.0000000E+0	1.0000000E+2	0.0000000E+0
2.4730100E+2	6.1165184E+1	6.0819555E+1	0.0000000E+0	0.0000000E+0	1.0000000E+2	0.0000000E+0
2.4735100E+2	6.1159702E+1	6.0809075E+1	0.0000000E+0	0.0000000E+0	1.0000000E+2	0.0000000E+0
2.4740100E+2	6.1187606E+1	6.0821667E+1	0.0000000E+0	0.0000000E+0	1.0000000E+2	0.0000000E+0
2.4745100E+2	6.1194952E+1	6.0836197E+1	0.0000000E+0	0.0000000E+0	1.0000000E+2	0.0000000E+0
2.4750100E+2	6.1197879E+1	6.0842832E+1	0.0000000E+0	0.0000000E+0	1.0000000E+2	0.0000000E+0
2.4755300E+2	6.1195946E+1	6.0834339E+1	0.0000000E+0	0.0000000E+0	1.0000000E+2	0.0000000E+0
2.4760500E+2	6.1216595E+1	6.0839806E+1	0.0000000E+0	0.0000000E+0	1.0000000E+2	0.0000000E+0
2.4765600E+2	6.1218511E+1	6.0829130E+1	0.0000000E+0	0.0000000E+0	1.0000000E+2	0.0000000E+0
2.4770600E+2	6.1204755E+1	6.0821895E+1	0.0000000E+0	0.0000000E+0	1.0000000E+2	0.0000000E+0
2.4775700E+2	6.1217563E+1	6.0816903E+1	0.0000000E+0	0.0000000E+0	1.0000000E+2	0.0000000E+0
2.4780700E+2	6.1251253E+1	6.0821711E+1	0.0000000E+0	0.0000000E+0	1.0000000E+2	0.0000000E+0
2.4785700E+2	6.1271221E+1	6.0831765E+1	0.0000000E+0	0.0000000E+0	1.0000000E+2	0.0000000E+0
2.4790700E+2	6.1276727E+1	6.0824625E+1	0.0000000E+0	0.0000000E+0	1.0000000E+2	0.0000000E+0
2.4795700E+2	6.1294633E+1	6.0823720E+1	0.0000000E+0	0.0000000E+0	1.0000000E+2	0.0000000E+0
2.4800900E+2	6.1302872E+1	6.0831779E+1	0.0000000E+0	0.0000000E+0	1.0000000E+2	0.0000000E+0
2.4805900E+2	6.1286426E+1	6.0834600E+1	0.0000000E+0	0.0000000E+0	1.0000000E+2	0.0000000E+0
2.4810900E+2	6.1298893E+1	6.0825667E+1	0.0000000E+0	0.0000000E+0	1.0000000E+2	0.0000000E+0
2.4816000E+2	6.1328118E+1	6.0832741E+1	0.0000000E+0	0.0000000E+0	1.0000000E+2	0.0000000E+0
2.4821100E+2	6.1323596E+1	6.0836017E+1	0.0000000E+0	0.0000000E+0	1.0000000E+2	0.0000000E+0
2.4826100E+2	6.1313924E+1	6.0829483E+1	0.0000000E+0	0.0000000E+0	1.0000000E+2	0.0000000E+0
2.4831300E+2	6.1343782E+1	6.0838775E+1	0.0000000E+0	0.0000000E+0	1.0000000E+2	0.0000000E+0
2.4836300E+2	6.1356398E+1	6.0834211E+1	0.0000000E+0	0.0000000E+0	1.0000000E+2	0.0000000E+0
2.4841300E+2	6.1347175E+1	6.0851668E+1	0.0000000E+0	0.0000000E+0	1.0000000E+2	0.0000000E+0
2.4846300E+2	6.1347837E+1	6.0837703E+1	0.0000000E+0	0.0000000E+0	1.0000000E+2	0.0000000E+0
2.4851300E+2	6.1368653E+1	6.0851464E+1	0.0000000E+0	0.0000000E+0	1.0000000E+2	0.0000000E+0
2.4856300E+2	6.1366454E+1	6.0849696E+1	0.0000000E+0	0.0000000E+0	1.0000000E+2	0.0000000E+0
2.4861300E+2	6.1352164E+1	6.0838317E+1	0.0000000E+0	0.0000000E+0	1.0000000E+2	0.0000000E+0
2.4866300E+2	6.1367872E+1	6.0831998E+1	0.0000000E+0	0.0000000E+0	1.0000000E+2	0.0000000E+0
2.4871300E+2	6.1366871E+1	6.0835215E+1	0.0000000E+0	0.0000000E+0	1.0000000E+2	0.0000000E+0
2.4876300E+2	6.1353649E+1	6.0826868E+1	0.0000000E+0	0.0000000E+0	1.0000000E+2	0.0000000E+0
2.4881400E+2	6.1363706E+1	6.0831028E+1	0.0000000E+0	0.0000000E+0	1.0000000E+2	0.0000000E+0
2.4886500E+2	6.1381858E+1	6.0836111E+1	0.0000000E+0	0.0000000E+0	1.0000000E+2	0.0000000E+0
2.4891500E+2	6.1391614E+1	6.0836505E+1	0.0000000E+0	0.0000000E+0	1.0000000E+2	0.0000000E+0
2.4896500E+2	6.1397008E+1	6.0840888E+1	0.0000000E+0	0.0000000E+0	1.0000000E+2	0.0000000E+0
2.4901500E+2	6.1412293E+1	6.0845318E+1	0.0000000E+0	0.0000000E+0	1.0000000E+2	0.0000000E+0
2.4906500E+2	6.1426937E+1	6.0849191E+1	0.0000000E+0	0.0000000E+0	1.0000000E+2	0.0000000E+0
2.4911500E+2	6.1432595E+1	6.0847988E+1	0.0000000E+0	0.0000000E+0	1.0000000E+2	0.0000000E+0
2.4916500E+2	6.1431473E+1	6.0834717E+1	0.0000000E+0	0.0000000E+0	1.0000000E+2	0.0000000E+0
2.4921500E+2	6.1461516E+1	6.0838333E+1	0.0000000E+0	0.0000000E+0	1.0000000E+2	0.0000000E+0
2.4926500E+2	6.1495101E+1	6.0847938E+1	0.0000000E+0	0.0000000E+0	1.0000000E+2	0.0000000E+0
2.4931500E+2	6.1530966E+1	6.0842536E+1	0.0000000E+0	0.0000000E+0	1.0000000E+2	0.0000000E+0
2.4936500E+2	6.1565880E+1	6.0837235E+1	0.0000000E+0	0.0000000E+0	1.0000000E+2	0.0000000E+0
2.4941500E+2	6.1604285E+1	6.0847379E+1	0.0000000E+0	0.0000000E+0	1.0000000E+2	0.0000000E+0
2.4946500E+2	6.1616285E+1	6.0850792E+1	0.0000000E+0	0.0000000E+0	1.0000000E+2	0.0000000E+0
2.4951500E+2	6.1650912E+1	6.0847558E+1	0.0000000E+0	0.0000000E+0	1.0000000E+2	0.0000000E+0
2.4956500E+2	6.1677787E+1	6.0860102E+1	0.0000000E+0	0.0000000E+0	1.0000000E+2	0.0000000E+0
2.4961600E+2	6.1689374E+1	6.0861035E+1	0.0000000E+0	0.0000000E+0	1.0000000E+2	0.0000000E+0
2.4966600E+2	6.1696602E+1	6.0861070E+1	0.0000000E+0	0.0000000E+0	1.0000000E+2	0.0000000E+0
2.4971600E+2	6.1717676E+1	6.0864915E+1	0.0000000E+0	0.0000000E+0	1.0000000E+2	0.0000000E+0
2.4976600E+2	6.1728096E+1	6.0865117E+1	0.0000000E+0	0.0000000E+0	1.0000000E+2	0.0000000E+0
2.4981600E+2	6.1732223E+1	6.0861509E+1	0.0000000E+0	0.0000000E+0	1.0000000E+2	0.0000000E+0
2.4986600E+2	6.1736703E+1	6.0847361E+1	0.0000000E+0	0.0000000E+0	1.0000000E+2	0.0000000E+0
2.4991600E+2	6.1740420E+1	6.0849907E+1	0.0000000E+0	0.0000000E+0	1.0000000E+2	0.0000000E+0
2.4996600E+2	6.1728317E+1	6.0849902E+1	0.0000000E+0	0.0000000E+0	1.0000000E+2	0.0000000E+0
2.5001700E+2	6.1698407E+1	6.0841378E+1	0.0000000E+0	0.0000000E+0	1.0000000E+2	0.0000000E+0
2.5006700E+2	6.1690742E+1	6.0847834E+1	0.0000000E+0	0.0000000E+0	1.0000000E+2	0.0000000E+0
2.5011700E+2	6.1688019E+1	6.0849485E+1	0.0000000E+0	0.0000000E+0	1.0000000E+2	0.0000000E+0
2.5016700E+2	6.1684856E+1	6.0841081E+1	0.0000000E+0	0.0000000E+0	1.0000000E+2	0.0000000E+0
2.5021700E+2	6.1711674E+1	6.0846664E+1	0.0000000E+0	0.0000000E+0	1.0000000E+2	0.0000000E+0
2.5026700E+2	6.1722144E+1	6.0855028E+1	0.0000000E+0	0.0000000E+0	1.0000000E+2	0.0000000E+0
2.5031700E+2	6.1733895E+1	6.0854725E+1	0.0000000E+0	0.0000000E+0	1.0000000E+2	0.0000000E+0
2.5036700E+2	6.1743483E+1	6.0856675E+1	0.0000000E+0	0.0000000E+0	1.0000000E+2	0.0000000E+0
2.5041700E+2	6.1769578E+1	6.0860575E+1	0.0000000E+0	0.0000000E+0	1.0000000E+2	0.0000000E+0
2.5046700E+2	6.1774547E+1	6.0858118E+1	0.0000000E+0	0.0000000E+0	1.0000000E+2	0.0000000E+0
2.5051700E+2	6.1782147E+1	6.0855014E+1	0.0000000E+0	0.0000000E+0	1.0000000E+2	0.0000000E+0
2.5056700E+2	6.1793959E+1	6.0859178E+1	0.0000000E+0	0.0000000E+0	1.0000000E+2	0.0000000E+0
2.5061900E+2	6.1821290E+1	6.0858062E+1	0.0000000E+0	0.0000000E+0	1.0000000E+2	0.0000000E+0
2.5066900E+2	6.1844673E+1	6.0858409E+1	0.0000000E+0	0.0000000E+0	1.0000000E+2	0.0000000E+0
2.5071900E+2	6.1849007E+1	6.0848618E+1	0.0000000E+0	0.0000000E+0	1.0000000E+2	0.0000000E+0
2.5076900E+2	6.1865059E+1	6.0841895E+1	0.0000000E+0	0.0000000E+0	1.0000000E+2	0.0000000E+0
2.5081900E+2	6.1880489E+1	6.0835513E+1	0.0000000E+0	0.0000000E+0	1.0000000E+2	0.0000000E+0
2.5086900E+2	6.1900055E+1	6.0851741E+1	0.0000000E+0	0.0000000E+0	1.0000000E+2	0.0000000E+0
2.5091900E+2	6.1912497E+1	6.0844930E+1	0.0000000E+0	0.0000000E+0	1.0000000E+2	0.0000000E+0
2.5096900E+2	6.1919868E+1	6.0823546E+1	0.0000000E+0	0.0000000E+0	1.0000000E+2	0.0000000E+0
2.5101900E+2	6.1959184E+1	6.0847702E+1	0.0000000E+0	0.0000000E+0	1.0000000E+2	0.0000000E+0
2.5107000E+2	6.1980989E+1	6.0857422E+1	0.0000000E+0	0.0000000E+0	1.0000000E+2	0.0000000E+0
2.5112000E+2	6.1986408E+1	6.0844524E+1	0.0000000E+0	0.0000000E+0	1.0000000E+2	0.0000000E+0
2.5117000E+2	6.1997289E+1	6.0845792E+1	0.0000000E+0	0.0000000E+0	1.0000000E+2	0.0000000E+0
2.5122100E+2	6.1993215E+1	6.0845962E+1	0.0000000E+0	0.0000000E+0	1.0000000E+2	0.0000000E+0
2.5127100E+2	6.2010218E+1	6.0832897E+1	0.0000000E+0	0.0000000E+0	1.0000000E+2	0.0000000E+0
2.5132100E+2	6.2038795E+1	6.0848559E+1	0.0000000E+0	0.0000000E+0	1.0000000E+2	0.0000000E+0
2.5137200E+2	6.2043121E+1	6.0842521E+1	0.0000000E+0	0.0000000E+0	1.0000000E+2	0.0000000E+0
2.5142200E+2	6.2051568E+1	6.0850306E+1	0.0000000E+0	0.0000000E+0	1.0000000E+2	0.0000000E+0
2.5147200E+2	6.2044889E+1	6.0832454E+1	0.0000000E+0	0.0000000E+0	1.0000000E+2	0.0000000E+0
2.5152200E+2	6.2051379E+1	6.0842795E+1	0.0000000E+0	0.0000000E+0	1.0000000E+2	0.0000000E+0
2.5157300E+2	6.2047959E+1	6.0838494E+1	0.0000000E+0	0.0000000E+0	1.0000000E+2	0.0000000E+0
2.5162400E+2	6.2060376E+1	6.0848801E+1	0.0000000E+0	0.0000000E+0	1.0000000E+2	0.0000000E+0
2.5167400E+2	6.2067028E+1	6.0844506E+1	0.0000000E+0	0.0000000E+0	1.0000000E+2	0.0000000E+0
2.5172400E+2	6.2066234E+1	6.0846279E+1	0.0000000E+0	0.0000000E+0	1.0000000E+2	0.0000000E+0
2.5177400E+2	6.2080783E+1	6.0856038E+1	0.0000000E+0	0.0000000E+0	1.0000000E+2	0.0000000E+0
2.5182400E+2	6.2099029E+1	6.0858680E+1	0.0000000E+0	0.0000000E+0	1.0000000E+2	0.0000000E+0
2.5187400E+2	6.2102355E+1	6.0859316E+1	0.0000000E+0	0.0000000E+0	1.0000000E+2	0.0000000E+0
2.5192400E+2	6.2105261E+1	6.0844746E+1	0.0000000E+0	0.0000000E+0	1.0000000E+2	0.0000000E+0
2.5197500E+2	6.2121051E+1	6.0852500E+1	0.0000000E+0	0.0000000E+0	1.0000000E+2	0.0000000E+0
2.5202500E+2	6.2142304E+1	6.0866279E+1	0.0000000E+0	0.0000000E+0	1.0000000E+2	0.0000000E+0
2.5207500E+2	6.2129940E+1	6.0853270E+1	0.0000000E+0	0.0000000E+0	1.0000000E+2	0.0000000E+0
2.5212500E+2	6.2129521E+1	6.0855379E+1	0.0000000E+0	0.0000000E+0	1.0000000E+2	0.0000000E+0
2.5217600E+2	6.2130222E+1	6.0848433E+1	0.0000000E+0	0.0000000E+0	1.0000000E+2	0.0000000E+0
2.5222700E+2	6.2118368E+1	6.0848340E+1	0.0000000E+0	0.0000000E+0	1.0000000E+2	0.0000000E+0
2.5227700E+2	6.2123730E+1	6.0852360E+1	0.0000000E+0	0.0000000E+0	1.0000000E+2	0.0000000E+0
2.5232700E+2	6.2141031E+1	6.0854154E+1	0.0000000E+0	0.0000000E+0	1.0000000E+2	0.0000000E+0
2.5237900E+2	6.2157792E+1	6.0857618E+1	0.0000000E+0	0.0000000E+0	1.0000000E+2	0.0000000E+0
2.5242900E+2	6.2157072E+1	6.0856051E+1	0.0000000E+0	0.0000000E+0	1.0000000E+2	0.0000000E+0
2.5247900E+2	6.2159522E+1	6.0852615E+1	0.0000000E+0	0.0000000E+0	1.0000000E+2	0.0000000E+0
2.5253000E+2	6.2160605E+1	6.0860837E+1	0.0000000E+0	0.0000000E+0	1.0000000E+2	0.0000000E+0
2.5258100E+2	6.2163165E+1	6.0857291E+1	0.0000000E+0	0.0000000E+0	1.0000000E+2	0.0000000E+0
2.5263100E+2	6.2162453E+1	6.0844417E+1	0.0000000E+0	0.0000000E+0	1.0000000E+2	0.0000000E+0
2.5268100E+2	6.2161477E+1	6.0852749E+1	0.0000000E+0	0.0000000E+0	1.0000000E+2	0.0000000E+0
2.5273100E+2	6.2164102E+1	6.0848434E+1	0.0000000E+0	0.0000000E+0	1.0000000E+2	0.0000000E+0
2.5278200E+2	6.2158840E+1	6.0851213E+1	0.0000000E+0	0.0000000E+0	1.0000000E+2	0.0000000E+0
2.5283300E+2	6.2170346E+1	6.0858341E+1	0.0000000E+0	0.0000000E+0	1.0000000E+2	0.0000000E+0
2.5288300E+2	6.2169668E+1	6.0856782E+1	0.0000000E+0	0.0000000E+0	1.0000000E+2	0.0000000E+0
2.5293300E+2	6.2156222E+1	6.0855845E+1	0.0000000E+0	0.0000000E+0	1.0000000E+2	0.0000000E+0
2.5298300E+2	6.2157175E+1	6.0852293E+1	0.0000000E+0	0.0000000E+0	1.0000000E+2	0.0000000E+0
2.5303400E+2	6.2160452E+1	6.0844767E+1	0.0000000E+0	0.0000000E+0	1.0000000E+2	0.0000000E+0
2.5308400E+2	6.2153542E+1	6.0847439E+1	0.0000000E+0	0.0000000E+0	1.0000000E+2	0.0000000E+0
2.5313400E+2	6.2152640E+1	6.0848898E+1	0.0000000E+0	0.0000000E+0	1.0000000E+2	0.0000000E+0
2.5318400E+2	6.2161755E+1	6.0859083E+1	0.0000000E+0	0.0000000E+0	1.0000000E+2	0.0000000E+0
2.5323400E+2	6.2168740E+1	6.0868012E+1	0.0000000E+0	0.0000000E+0	1.0000000E+2	0.0000000E+0
2.5328500E+2	6.2161383E+1	6.0868411E+1	0.0000000E+0	0.0000000E+0	1.0000000E+2	0.0000000E+0
2.5333500E+2	6.2155002E+1	6.0873103E+1	0.0000000E+0	0.0000000E+0	1.0000000E+2	0.0000000E+0
2.5338500E+2	6.2152210E+1	6.0861875E+1	0.0000000E+0	0.0000000E+0	1.0000000E+2	0.0000000E+0
2.5343700E+2	6.2141596E+1	6.0861988E+1	0.0000000E+0	0.0000000E+0	1.0000000E+2	0.0000000E+0
2.5348800E+2	6.2149014E+1	6.0869931E+1	0.0000000E+0	0.0000000E+0	1.0000000E+2	0.0000000E+0
2.5353800E+2	6.2160975E+1	6.0884499E+1	0.0000000E+0	0.0000000E+0	1.0000000E+2	0.0000000E+0
2.5358800E+2	6.2159998E+1	6.0881765E+1	0.0000000E+0	0.0000000E+0	1.0000000E+2	0.0000000E+0
2.5363900E+2	6.2146382E+1	6.0877213E+1	0.0000000E+0	0.0000000E+0	1.0000000E+2	0.0000000E+0
2.5369000E+2	6.2137324E+1	6.0874700E+1	0.0000000E+0	0.0000000E+0	1.0000000E+2	0.0000000E+0
2.5374000E+2	6.2133652E+1	6.0874890E+1	0.0000000E+0	0.0000000E+0	1.0000000E+2	0.0000000E+0
2.5379000E+2	6.2128824E+1	6.0870365E+1	0.0000000E+0	0.0000000E+0	1.0000000E+2	0.0000000E+0
2.5384100E+2	6.2130357E+1	6.0875415E+1	0.0000000E+0	0.0000000E+0	1.0000000E+2	0.0000000E+0
2.5389100E+2	6.2136402E+1	6.0891536E+1	0.0000000E+0	0.0000000E+0	1.0000000E+2	0.0000000E+0
2.5394100E+2	6.2145031E+1	6.0885021E+1	0.0000000E+0	0.0000000E+0	1.0000000E+2	0.0000000E+0
2.5399200E+2	6.2140845E+1	6.0891326E+1	0.0000000E+0	0.0000000E+0	1.0000000E+2	0.0000000E+0
2.5404200E+2	6.2140668E+1	6.0894237E+1	0.0000000E+0	0.0000000E+0	1.0000000E+2	0.0000000E+0
2.5409200E+2	6.2135666E+1	6.0886564E+1	0.0000000E+0	0.0000000E+0	1.0000000E+2	0.0000000E+0
2.5414200E+2	6.2141106E+1	6.0884975E+1	0.0000000E+0	0.0000000E+0	1.0000000E+2	0.0000000E+0
2.5419200E+2	6.2142716E+1	6.0877332E+1	0.0000000E+0	0.0000000E+0	1.0000000E+2	0.0000000E+0
2.5424200E+2	6.2146864E+1	6.0885805E+1	0.0000000E+0	0.0000000E+0	1.0000000E+2	0.0000000E+0
2.5429200E+2	6.2166018E+1	6.0896655E+1	0.0000000E+0	0.0000000E+0	1.0000000E+2	0.0000000E+0
