Time [s]	Channel 1	Channel 2	Channel 3	Channel 4	Solar 1\t	Solar 2
1.7000000E-1	6.7688012E+1	6.1034107E+1	0.0000000E+0	0.0000000E+0	1.0000000E+2	0.0000000E+0
2.2000000E-1	8.4109715E+0	8.8555626E+0	0.0000000E+0	0.0000000E+0	1.0000000E+2	0.0000000E+0
2.7000000E-1	8.3964837E+0	8.8501750E+0	0.0000000E+0	0.0000000E+0	1.0000000E+2	0.0000000E+0
3.2000000E-1	8.3983215E+0	8.8710054E+0	0.0000000E+0	0.0000000E+0	1.0000000E+2	0.0000000E+0
3.7000000E-1	8.3937023E+0	8.8501566E+0	0.0000000E+0	0.0000000E+0	1.0000000E+2	0.0000000E+0
4.2000000E-1	8.4019191E+0	8.8628944E+0	0.0000000E+0	0.0000000E+0	1.0000000E+2	0.0000000E+0
4.7000000E-1	8.3975941E+0	8.8480364E+0	0.0000000E+0	0.0000000E+0	1.0000000E+2	0.0000000E+0
5.2000000E-1	8.3879866E+0	8.8839260E+0	0.0000000E+0	0.0000000E+0	1.0000000E+2	0.0000000E+0
5.7000000E-1	8.3970914E+0	8.8567994E+0	0.0000000E+0	0.0000000E+0	1.0000000E+2	0.0000000E+0
6.2000000E-1	9.0079093E+0	9.1957958E+0	0.0000000E+0	0.0000000E+0	1.0000000E+2	0.0000000E+0
6.7000000E-1	1.0090545E+1	1.0084975E+1	0.0000000E+0	0.0000000E+0	1.0000000E+2	0.0000000E+0
7.2000000E-1	1.1127439E+1	1.1064696E+1	0.0000000E+0	0.0000000E+0	1.0000000E+2	0.0000000E+0
7.7000000E-1	1.2126225E+1	1.2056142E+1	0.0000000E+0	0.0000000E+0	1.0000000E+2	0.0000000E+0
8.2000000E-1	1.2905219E+1	1.2729689E+1	0.0000000E+0	0.0000000E+0	1.0000000E+2	0.0000000E+0
8.7000000E-1	1.1858848E+1	1.1664435E+1	0.0000000E+0	0.0000000E+0	1.0000000E+2	0.0000000E+0
9.2000000E-1	1.1639672E+1	1.1450538E+1	0.0000000E+0	0.0000000E+0	1.0000000E+2	0.0000000E+0
9.7100000E-1	1.1613166E+1	1.1399363E+1	0.0000000E+0	0.0000000E+0	1.0000000E+2	0.0000000E+0
1.0210000E+0	1.1667541E+1	1.1394772E+1	0.0000000E+0	0.0000000E+0	1.0000000E+2	0.0000000E+0
1.0710000E+0	1.1679381E+1	1.1404494E+1	0.0000000E+0	0.0000000E+0	1.0000000E+2	0.0000000E+0
1.1220000E+0	1.1624793E+1	1.1348290E+1	0.0000000E+0	0.0000000E+0	1.0000000E+2	0.0000000E+0
1.1720000E+0	1.1667056E+1	1.1347990E+1	0.0000000E+0	0.0000000E+0	1.0000000E+2	0.0000000E+0
1.2220000E+0	1.1730272E+1	1.1359654E+1	0.0000000E+0	0.0000000E+0	1.0000000E+2	0.0000000E+0
1.2720000E+0	1.1700500E+1	1.1356161E+1	0.0000000E+0	0.0000000E+0	1.0000000E+2	0.0000000E+0
1.3220000E+0	1.1698996E+1	1.1332600E+1	0.0000000E+0	0.0000000E+0	1.0000000E+2	0.0000000E+0
1.3730000E+0	1.1751506E+1	1.1359488E+1	0.0000000E+0	0.0000000E+0	1.0000000E+2	0.0000000E+0
1.4240000E+0	1.1760241E+1	1.1351866E+1	0.0000000E+0	0.0000000E+0	1.0000000E+2	0.0000000E+0
1.4740000E+0	1.1763940E+1	1.1359642E+1	0.0000000E+0	0.0000000E+0	1.0000000E+2	0.0000000E+0
1.5240000E+0	1.1776627E+1	1.1340035E+1	0.0000000E+0	0.0000000E+0	1.0000000E+2	0.0000000E+0
1.5760000E+0	1.1804546E+1	1.1352918E+1	0.0000000E+0	0.0000000E+0	1.0000000E+2	0.0000000E+0
1.6260000E+0	1.1787434E+1	1.1354906E+1	0.0000000E+0	0.0000000E+0	1.0000000E+2	0.0000000E+0
1.6760000E+0	1.1777544E+1	1.1341729E+1	0.0000000E+0	0.0000000E+0	1.0000000E+2	0.0000000E+0
1.7260000E+0	1.1840835E+1	1.1353846E+1	0.0000000E+0	0.0000000E+0	1.0000000E+2	0.0000000E+0
1.7760000E+0	1.1852341E+1	1.1371424E+1	0.0000000E+0	0.0000000E+0	1.0000000E+2	0.0000000E+0
1.8260000E+0	1.1842351E+1	1.1358159E+1	0.0000000E+0	0.0000000E+0	1.0000000E+2	0.0000000E+0
1.8770000E+0	1.1861012E+1	1.1357098E+1	0.0000000E+0	0.0000000E+0	1.0000000E+2	0.0000000E+0
1.9270000E+0	1.1917743E+1	1.1361778E+1	0.0000000E+0	0.0000000E+0	1.0000000E+2	0.0000000E+0
1.9780000E+0	1.1919819E+1	1.1365195E+1	0.0000000E+0	0.0000000E+0	1.0000000E+2	0.0000000E+0
2.0280000E+0	1.1919822E+1	1.1363010E+1	0.0000000E+0	0.0000000E+0	1.0000000E+2	0.0000000E+0
2.0780000E+0	1.1965328E+1	1.1357774E+1	0.0000000E+0	0.0000000E+0	1.0000000E+2	0.0000000E+0
2.1290000E+0	1.1984060E+1	1.1355375E+1	0.0000000E+0	0.0000000E+0	1.0000000E+2	0.0000000E+0
2.1790000E+0	1.1971304E+1	1.1373514E+1	0.0000000E+0	0.0000000E+0	1.0000000E+2	0.0000000E+0
2.2290000E+0	1.1971188E+1	1.1363119E+1	0.0000000E+0	0.0000000E+0	1.0000000E+2	0.0000000E+0
2.2800000E+0	1.2437224E+1	1.1844800E+1	0.0000000E+0	0.0000000E+0	1.0000000E+2	0.0000000E+0
2.3300000E+0	1.3771006E+1	1.3183318E+1	0.0000000E+0	0.0000000E+0	1.0000000E+2	0.0000000E+0
2.3800000E+0	1.5316737E+1	1.4742346E+1	0.0000000E+0	0.0000000E+0	1.0000000E+2	0.0000000E+0
2.4300000E+0	1.7065367E+1	1.6490090E+1	0.0000000E+0	0.0000000E+0	1.0000000E+2	0.0000000E+0
2.4800000E+0	1.8905082E+1	1.8311134E+1	0.0000000E+0	0.0000000E+0	1.0000000E+2	0.0000000E+0
2.5310000E+0	2.0716375E+1	2.0121572E+1	0.0000000E+0	0.0000000E+0	1.0000000E+2	0.0000000E+0
2.5810000E+0	2.2497748E+1	2.1882556E+1	0.0000000E+0	0.0000000E+0	1.0000000E+2	0.0000000E+0
2.6310000E+0	2.4209002E+1	2.3577491E+1	0.0000000E+0	0.0000000E+0	1.0000000E+2	0.0000000E+0
2.6810000E+0	2.5836200E+1	2.5214119E+1	0.0000000E+0	0.0000000E+0	1.0000000E+2	0.0000000E+0
2.7310000E+0	2.7369019E+1	2.6742971E+1	0.0000000E+0	0.0000000E+0	1.0000000E+2	0.0000000E+0
2.7810000E+0	2.8232687E+1	2.7576396E+1	0.0000000E+0	0.0000000E+0	1.0000000E+2	0.0000000E+0
2.8310000E+0	2.8018024E+1	2.7347760E+1	0.0000000E+0	0.0000000E+0	1.0000000E+2	0.0000000E+0
2.8820000E+0	2.8356809E+1	2.7681637E+1	0.0000000E+0	0.0000000E+0	1.0000000E+2	0.0000000E+0
2.9330000E+0	2.9641970E+1	2.8946866E+1	0.0000000E+0	0.0000000E+0	1.0000000E+2	0.0000000E+0
2.9840000E+0	3.1579440E+1	3.0867900E+1	0.0000000E+0	0.0000000E+0	1.0000000E+2	0.0000000E+0
3.0340000E+0	3.3709400E+1	3.2995420E+1	0.0000000E+0	0.0000000E+0	1.0000000E+2	0.0000000E+0
3.0840000E+0	3.5868630E+1	3.5144041E+1	0.0000000E+0	0.0000000E+0	1.0000000E+2	0.0000000E+0
3.1340000E+0	3.7662042E+1	3.6914698E+1	0.0000000E+0	0.0000000E+0	1.0000000E+2	0.0000000E+0
3.1840000E+0	3.8637911E+1	3.7886026E+1	0.0000000E+0	0.0000000E+0	1.0000000E+2	0.0000000E+0
3.2340000E+0	3.9023540E+1	3.8254592E+1	0.0000000E+0	0.0000000E+0	1.0000000E+2	0.0000000E+0
3.2840000E+0	3.9273702E+1	3.8497851E+1	0.0000000E+0	0.0000000E+0	1.0000000E+2	0.0000000E+0
3.3340000E+0	3.9422257E+1	3.8628301E+1	0.0000000E+0	0.0000000E+0	1.0000000E+2	0.0000000E+0
3.3840000E+0	3.9527917E+1	3.8736444E+1	0.0000000E+0	0.0000000E+0	1.0000000E+2	0.0000000E+0
3.4340000E+0	3.9660657E+1	3.8843857E+1	0.0000000E+0	0.0000000E+0	1.0000000E+2	0.0000000E+0
3.4840000E+0	3.9818355E+1	3.8982588E+1	0.0000000E+0	0.0000000E+0	1.0000000E+2	0.0000000E+0
3.5340000E+0	4.0312521E+1	3.9467180E+1	0.0000000E+0	0.0000000E+0	1.0000000E+2	0.0000000E+0
3.5840000E+0	4.1355140E+1	4.0505180E+1	0.0000000E+0	0.0000000E+0	1.0000000E+2	0.0000000E+0
3.6340000E+0	4.2867363E+1	4.1994021E+1	0.0000000E+0	0.0000000E+0	1.0000000E+2	0.0000000E+0
3.6850000E+0	4.4483537E+1	4.3587682E+1	0.0000000E+0	0.0000000E+0	1.0000000E+2	0.0000000E+0
3.7350000E+0	4.6110197E+1	4.5199627E+1	0.0000000E+0	0.0000000E+0	1.0000000E+2	0.0000000E+0
3.7860000E+0	4.7597254E+1	4.6673181E+1	0.0000000E+0	0.0000000E+0	1.0000000E+2	0.0000000E+0
3.8360000E+0	4.8741983E+1	4.7798665E+1	0.0000000E+0	0.0000000E+0	1.0000000E+2	0.0000000E+0
3.8860000E+0	4.9501750E+1	4.8535198E+1	0.0000000E+0	0.0000000E+0	1.0000000E+2	0.0000000E+0
3.9360000E+0	4.9942291E+1	4.8960373E+1	0.0000000E+0	0.0000000E+0	1.0000000E+2	0.0000000E+0
3.9870000E+0	5.0225128E+1	4.9244509E+1	0.0000000E+0	0.0000000E+0	1.0000000E+2	0.0000000E+0
4.0370000E+0	5.0454570E+1	4.9445060E+1	0.0000000E+0	0.0000000E+0	1.0000000E+2	0.0000000E+0
4.0870000E+0	5.0627610E+1	4.9598460E+1	0.0000000E+0	0.0000000E+0	1.0000000E+2	0.0000000E+0
4.1380000E+0	5.0738712E+1	4.9709072E+1	0.0000000E+0	0.0000000E+0	1.0000000E+2	0.0000000E+0
4.1880000E+0	5.0823588E+1	4.9807384E+1	0.0000000E+0	0.0000000E+0	1.0000000E+2	0.0000000E+0
4.2380000E+0	5.0911663E+1	4.9882870E+1	0.0000000E+0	0.0000000E+0	1.0000000E+2	0.0000000E+0
4.2880000E+0	5.0997143E+1	4.9962322E+1	0.0000000E+0	0.0000000E+0	1.0000000E+2	0.0000000E+0
4.3380000E+0	5.1176334E+1	5.0125865E+1	0.0000000E+0	0.0000000E+0	1.0000000E+2	0.0000000E+0
4.3880000E+0	5.1635199E+1	5.0582729E+1	0.0000000E+0	0.0000000E+0	1.0000000E+2	0.0000000E+0
4.4380000E+0	5.2543128E+1	5.1489063E+1	0.0000000E+0	0.0000000E+0	1.0000000E+2	0.0000000E+0
4.4880000E+0	5.3742845E+1	5.2689200E+1	0.0000000E+0	0.0000000E+0	1.0000000E+2	0.0000000E+0
4.5380000E+0	5.4952939E+1	5.3913866E+1	0.0000000E+0	0.0000000E+0	1.0000000E+2	0.0000000E+0
4.5880000E+0	5.6113007E+1	5.5060773E+1	0.0000000E+0	0.0000000E+0	1.0000000E+2	0.0000000E+0
4.6380000E+0	5.7091244E+1	5.6034768E+1	0.0000000E+0	0.0000000E+0	1.0000000E+2	0.0000000E+0
4.6900000E+0	5.7912058E+1	5.6844517E+1	0.0000000E+0	0.0000000E+0	1.0000000E+2	0.0000000E+0
4.7400000E+0	5.8523657E+1	5.7439075E+1	0.0000000E+0	0.0000000E+0	1.0000000E+2	0.0000000E+0
4.7900000E+0	5.8932048E+1	5.7833986E+1	0.0000000E+0	0.0000000E+0	1.0000000E+2	0.0000000E+0
4.8400000E+0	5.9216439E+1	5.8116207E+1	0.0000000E+0	0.0000000E+0	1.0000000E+2	0.0000000E+0
4.8910000E+0	5.9415595E+1	5.8333864E+1	0.0000000E+0	0.0000000E+0	1.0000000E+2	0.0000000E+0
4.9420000E+0	5.9576503E+1	5.8488865E+1	0.0000000E+0	0.0000000E+0	1.0000000E+2	0.0000000E+0
4.9920000E+0	5.9712291E+1	5.8618065E+1	0.0000000E+0	0.0000000E+0	1.0000000E+2	0.0000000E+0
5.0420000E+0	6.0011451E+1	5.8901870E+1	0.0000000E+0	0.0000000E+0	1.0000000E+2	0.0000000E+0
5.0920000E+0	6.0588738E+1	5.9495642E+1	0.0000000E+0	0.0000000E+0	1.0000000E+2	0.0000000E+0
5.1420000E+0	6.1481142E+1	6.0394878E+1	0.0000000E+0	0.0000000E+0	1.0000000E+2	0.0000000E+0
5.1920000E+0	6.2518675E+1	6.1443060E+1	0.0000000E+0	0.0000000E+0	1.0000000E+2	0.0000000E+0
5.2420000E+0	6.3464620E+1	6.2404536E+1	0.0000000E+0	0.0000000E+0	1.0000000E+2	0.0000000E+0
5.2920000E+0	6.4275726E+1	6.3231070E+1	0.0000000E+0	0.0000000E+0	1.0000000E+2	0.0000000E+0
5.3440000E+0	6.4944186E+1	6.3901135E+1	0.0000000E+0	0.0000000E+0	1.0000000E+2	0.0000000E+0
5.3940000E+0	6.5500719E+1	6.4462145E+1	0.0000000E+0	0.0000000E+0	1.0000000E+2	0.0000000E+0
5.4440000E+0	6.5916102E+1	6.4871071E+1	0.0000000E+0	0.0000000E+0	1.0000000E+2	0.0000000E+0
5.4940000E+0	6.6221701E+1	6.5196073E+1	0.0000000E+0	0.0000000E+0	1.0000000E+2	0.0000000E+0
5.5450000E+0	6.6415954E+1	6.5411158E+1	0.0000000E+0	0.0000000E+0	1.0000000E+2	0.0000000E+0
5.5950000E+0	6.6585014E+1	6.5599258E+1	0.0000000E+0	0.0000000E+0	1.0000000E+2	0.0000000E+0
5.6450000E+0	6.6691794E+1	6.5713807E+1	0.0000000E+0	0.0000000E+0	1.0000000E+2	0.0000000E+0
5.6950000E+0	6.6803885E+1	6.5809838E+1	0.0000000E+0	0.0000000E+0	1.0000000E+2	0.0000000E+0
5.7450000E+0	6.6867083E+1	6.5895564E+1	0.0000000E+0	0.0000000E+0	1.0000000E+2	0.0000000E+0
5.7950000E+0	6.6913647E+1	6.5949076E+1	0.0000000E+0	0.0000000E+0	1.0000000E+2	0.0000000E+0
5.8450000E+0	6.6980487E+1	6.5998135E+1	0.0000000E+0	0.0000000E+0	1.0000000E+2	0.0000000E+0
5.8950000E+0	6.6956932E+1	6.5962071E+1	0.0000000E+0	0.0000000E+0	1.0000000E+2	0.0000000E+0
5.9460000E+0	6.6894773E+1	6.5905749E+1	0.0000000E+0	0.0000000E+0	1.0000000E+2	0.0000000E+0
5.9960000E+0	6.6835580E+1	6.5850729E+1	0.0000000E+0	0.0000000E+0	1.0000000E+2	0.0000000E+0
6.0460000E+0	6.6804736E+1	6.5796817E+1	0.0000000E+0	0.0000000E+0	1.0000000E+2	0.0000000E+0
6.0960000E+0	6.6770882E+1	6.5762086E+1	0.0000000E+0	0.0000000E+0	1.0000000E+2	0.0000000E+0
6.1460000E+0	6.6755993E+1	6.5727507E+1	0.0000000E+0	0.0000000E+0	1.0000000E+2	0.0000000E+0
6.1960000E+0	6.6725324E+1	6.5683802E+1	0.0000000E+0	0.0000000E+0	1.0000000E+2	0.0000000E+0
6.2470000E+0	6.6757914E+1	6.5688286E+1	0.0000000E+0	0.0000000E+0	1.0000000E+2	0.0000000E+0
6.2970000E+0	6.6770626E+1	6.5670709E+1	0.0000000E+0	0.0000000E+0	1.0000000E+2	0.0000000E+0
6.3470000E+0	6.6749449E+1	6.5634630E+1	0.0000000E+0	0.0000000E+0	1.0000000E+2	0.0000000E+0
6.3970000E+0	6.6747073E+1	6.5618729E+1	0.0000000E+0	0.0000000E+0	1.0000000E+2	0.0000000E+0
6.4470000E+0	6.6758795E+1	6.5622175E+1	0.0000000E+0	0.0000000E+0	1.0000000E+2	0.0000000E+0
6.4970000E+0	6.6743198E+1	6.5598860E+1	0.0000000E+0	0.0000000E+0	1.0000000E+2	0.0000000E+0
6.5470000E+0	6.6736521E+1	6.5592051E+1	0.0000000E+0	0.0000000E+0	1.0000000E+2	0.0000000E+0
6.5970000E+0	6.6755247E+1	6.5589361E+1	0.0000000E+0	0.0000000E+0	1.0000000E+2	0.0000000E+0
6.6470000E+0	6.6754196E+1	6.5574311E+1	0.0000000E+0	0.0000000E+0	1.0000000E+2	0.0000000E+0
6.6970000E+0	6.6735831E+1	6.5562187E+1	0.0000000E+0	0.0000000E+0	1.0000000E+2	0.0000000E+0
6.7470000E+0	6.6727781E+1	6.5550784E+1	0.0000000E+0	0.0000000E+0	1.0000000E+2	0.0000000E+0
6.7970000E+0	6.6725793E+1	6.5533259E+1	0.0000000E+0	0.0000000E+0	1.0000000E+2	0.0000000E+0
6.8480000E+0	6.6711010E+1	6.5537439E+1	0.0000000E+0	0.0000000E+0	1.0000000E+2	0.0000000E+0
6.8980000E+0	6.6730859E+1	6.5548148E+1	0.0000000E+0	0.0000000E+0	1.0000000E+2	0.0000000E+0
6.9480000E+0	6.6762143E+1	6.5542280E+1	0.0000000E+0	0.0000000E+0	1.0000000E+2	0.0000000E+0
6.9980000E+0	6.6800355E+1	6.5549030E+1	0.0000000E+0	0.0000000E+0	1.0000000E+2	0.0000000E+0
7.0480000E+0	6.6813852E+1	6.5539250E+1	0.0000000E+0	0.0000000E+0	1.0000000E+2	0.0000000E+0
7.0980000E+0	6.6863865E+1	6.5555464E+1	0.0000000E+0	0.0000000E+0	1.0000000E+2	0.0000000E+0
7.1480000E+0	6.6889311E+1	6.5543714E+1	0.0000000E+0	0.0000000E+0	1.0000000E+2	0.0000000E+0
7.1980000E+0	6.6923096E+1	6.5549455E+1	0.0000000E+0	0.0000000E+0	1.0000000E+2	0.0000000E+0
7.2480000E+0	6.6952690E+1	6.5554210E+1	0.0000000E+0	0.0000000E+0	1.0000000E+2	0.0000000E+0
7.2980000E+0	6.7013689E+1	6.5555987E+1	0.0000000E+0	0.0000000E+0	1.0000000E+2	0.0000000E+0
7.3490000E+0	6.7051647E+1	6.5555801E+1	0.0000000E+0	0.0000000E+0	1.0000000E+2	0.0000000E+0
7.3990000E+0	6.7068040E+1	6.5555629E+1	0.0000000E+0	0.0000000E+0	1.0000000E+2	0.0000000E+0
7.4490000E+0	6.7087611E+1	6.5540087E+1	0.0000000E+0	0.0000000E+0	1.0000000E+2	0.0000000E+0
7.5000000E+0	6.7065580E+1	6.5481430E+1	0.0000000E+0	0.0000000E+0	1.0000000E+2	0.0000000E+0
7.5500000E+0	6.7016989E+1	6.5428086E+1	0.0000000E+0	0.0000000E+0	1.0000000E+2	0.0000000E+0
7.6000000E+0	6.6951626E+1	6.5331003E+1	0.0000000E+0	0.0000000E+0	1.0000000E+2	0.0000000E+0
7.6510000E+0	6.6890211E+1	6.5241664E+1	0.0000000E+0	0.0000000E+0	1.0000000E+2	0.0000000E+0
7.7010000E+0	6.6770900E+1	6.5104188E+1	0.0000000E+0	0.0000000E+0	1.0000000E+2	0.0000000E+0
7.7510000E+0	6.6673869E+1	6.4953771E+1	0.0000000E+0	0.0000000E+0	1.0000000E+2	0.0000000E+0
7.8010000E+0	6.6533837E+1	6.4778674E+1	0.0000000E+0	0.0000000E+0	1.0000000E+2	0.0000000E+0
7.8520000E+0	6.6386788E+1	6.4582904E+1	0.0000000E+0	0.0000000E+0	1.0000000E+2	0.0000000E+0
7.9020000E+0	6.6229658E+1	6.4397830E+1	0.0000000E+0	0.0000000E+0	1.0000000E+2	0.0000000E+0
7.9520000E+0	6.6099342E+1	6.4198023E+1	0.0000000E+0	0.0000000E+0	1.0000000E+2	0.0000000E+0
8.0030000E+0	6.5992773E+1	6.4038198E+1	0.0000000E+0	0.0000000E+0	1.0000000E+2	0.0000000E+0
8.0530000E+0	6.5875180E+1	6.3879481E+1	0.0000000E+0	0.0000000E+0	1.0000000E+2	0.0000000E+0
8.1030000E+0	6.5758891E+1	6.3717771E+1	0.0000000E+0	0.0000000E+0	1.0000000E+2	0.0000000E+0
8.1530000E+0	6.5654604E+1	6.3603746E+1	0.0000000E+0	0.0000000E+0	1.0000000E+2	0.0000000E+0
8.2030000E+0	6.5586116E+1	6.3495458E+1	0.0000000E+0	0.0000000E+0	1.0000000E+2	0.0000000E+0
8.2530000E+0	6.5537856E+1	6.3415721E+1	0.0000000E+0	0.0000000E+0	1.0000000E+2	0.0000000E+0
8.3030000E+0	6.5469207E+1	6.3308330E+1	0.0000000E+0	0.0000000E+0	1.0000000E+2	0.0000000E+0
8.3530000E+0	6.5418280E+1	6.3218663E+1	0.0000000E+0	0.0000000E+0	1.0000000E+2	0.0000000E+0
8.4030000E+0	6.5354066E+1	6.3116478E+1	0.0000000E+0	0.0000000E+0	1.0000000E+2	0.0000000E+0
8.4530000E+0	6.5319164E+1	6.3040613E+1	0.0000000E+0	0.0000000E+0	1.0000000E+2	0.0000000E+0
8.5030000E+0	6.5271833E+1	6.2953692E+1	0.0000000E+0	0.0000000E+0	1.0000000E+2	0.0000000E+0
8.5540000E+0	6.5233351E+1	6.2884231E+1	0.0000000E+0	0.0000000E+0	1.0000000E+2	0.0000000E+0
8.6040000E+0	6.5182072E+1	6.2810121E+1	0.0000000E+0	0.0000000E+0	1.0000000E+2	0.0000000E+0
8.6550000E+0	6.5106308E+1	6.2738222E+1	0.0000000E+0	0.0000000E+0	1.0000000E+2	0.0000000E+0
8.7050000E+0	6.5024695E+1	6.2655919E+1	0.0000000E+0	0.0000000E+0	1.0000000E+2	0.0000000E+0
8.7560000E+0	6.4966288E+1	6.2595137E+1	0.0000000E+0	0.0000000E+0	1.0000000E+2	0.0000000E+0
8.8070000E+0	6.4926387E+1	6.2535968E+1	0.0000000E+0	0.0000000E+0	1.0000000E+2	0.0000000E+0
8.8570000E+0	6.4888191E+1	6.2486796E+1	0.0000000E+0	0.0000000E+0	1.0000000E+2	0.0000000E+0
8.9070000E+0	6.4861123E+1	6.2442197E+1	0.0000000E+0	0.0000000E+0	1.0000000E+2	0.0000000E+0
8.9570000E+0	6.4835340E+1	6.2399850E+1	0.0000000E+0	0.0000000E+0	1.0000000E+2	0.0000000E+0
9.0070000E+0	6.4796780E+1	6.2332979E+1	0.0000000E+0	0.0000000E+0	1.0000000E+2	0.0000000E+0
9.0570000E+0	6.4747128E+1	6.2280270E+1	0.0000000E+0	0.0000000E+0	1.0000000E+2	0.0000000E+0
9.1070000E+0	6.4711715E+1	6.2222084E+1	0.0000000E+0	0.0000000E+0	1.0000000E+2	0.0000000E+0
9.1570000E+0	6.4646691E+1	6.2145507E+1	0.0000000E+0	0.0000000E+0	1.0000000E+2	0.0000000E+0
9.2070000E+0	6.4560129E+1	6.2036539E+1	0.0000000E+0	0.0000000E+0	1.0000000E+2	0.0000000E+0
9.2570000E+0	6.4462555E+1	6.1924712E+1	0.0000000E+0	0.0000000E+0	1.0000000E+2	0.0000000E+0
9.3070000E+0	6.4349337E+1	6.1810933E+1	0.0000000E+0	0.0000000E+0	1.0000000E+2	0.0000000E+0
9.3570000E+0	6.4243833E+1	6.1698345E+1	0.0000000E+0	0.0000000E+0	1.0000000E+2	0.0000000E+0
9.4070000E+0	6.4097260E+1	6.1551597E+1	0.0000000E+0	0.0000000E+0	1.0000000E+2	0.0000000E+0
9.4580000E+0	6.3961365E+1	6.1398868E+1	0.0000000E+0	0.0000000E+0	1.0000000E+2	0.0000000E+0
9.5080000E+0	6.3804960E+1	6.1259294E+1	0.0000000E+0	0.0000000E+0	1.0000000E+2	0.0000000E+0
9.5580000E+0	6.3659513E+1	6.1119651E+1	0.0000000E+0	0.0000000E+0	1.0000000E+2	0.0000000E+0
9.6090000E+0	6.3535102E+1	6.1004866E+1	0.0000000E+0	0.0000000E+0	1.0000000E+2	0.0000000E+0
9.6590000E+0	6.3416863E+1	6.0859528E+1	0.0000000E+0	0.0000000E+0	1.0000000E+2	0.0000000E+0
9.7100000E+0	6.3313952E+1	6.0758193E+1	0.0000000E+0	0.0000000E+0	1.0000000E+2	0.0000000E+0
9.7600000E+0	6.3232180E+1	6.0660359E+1	0.0000000E+0	0.0000000E+0	1.0000000E+2	0.0000000E+0
9.8100000E+0	6.3117322E+1	6.0557539E+1	0.0000000E+0	0.0000000E+0	1.0000000E+2	0.0000000E+0
9.8600000E+0	6.3015144E+1	6.0472761E+1	0.0000000E+0	0.0000000E+0	1.0000000E+2	0.0000000E+0
9.9100000E+0	6.2935295E+1	6.0411120E+1	0.0000000E+0	0.0000000E+0	1.0000000E+2	0.0000000E+0
9.9600000E+0	6.2830032E+1	6.0324181E+1	0.0000000E+0	0.0000000E+0	1.0000000E+2	0.0000000E+0
1.0010000E+1	6.2736274E+1	6.0249076E+1	0.0000000E+0	0.0000000E+0	1.0000000E+2	0.0000000E+0
1.0061000E+1	6.2643293E+1	6.0158760E+1	0.0000000E+0	0.0000000E+0	1.0000000E+2	0.0000000E+0
1.0112000E+1	6.2567093E+1	6.0107544E+1	0.0000000E+0	0.0000000E+0	1.0000000E+2	0.0000000E+0
1.0163000E+1	6.2479630E+1	6.0039026E+1	0.0000000E+0	0.0000000E+0	1.0000000E+2	0.0000000E+0
1.0214000E+1	6.2416711E+1	5.9982497E+1	0.0000000E+0	0.0000000E+0	1.0000000E+2	0.0000000E+0
1.0264000E+1	6.2351970E+1	5.9933941E+1	0.0000000E+0	0.0000000E+0	1.0000000E+2	0.0000000E+0
1.0314000E+1	6.2285112E+1	5.9872208E+1	0.0000000E+0	0.0000000E+0	1.0000000E+2	0.0000000E+0
1.0364000E+1	6.2227276E+1	5.9831518E+1	0.0000000E+0	0.0000000E+0	1.0000000E+2	0.0000000E+0
1.0415000E+1	6.2176700E+1	5.9797936E+1	0.0000000E+0	0.0000000E+0	1.0000000E+2	0.0000000E+0
1.0465000E+1	6.2131425E+1	5.9747333E+1	0.0000000E+0	0.0000000E+0	1.0000000E+2	0.0000000E+0
1.0516000E+1	6.2082048E+1	5.9708651E+1	0.0000000E+0	0.0000000E+0	1.0000000E+2	0.0000000E+0
1.0566000E+1	6.2026630E+1	5.9655461E+1	0.0000000E+0	0.0000000E+0	1.0000000E+2	0.0000000E+0
1.0617000E+1	6.2011298E+1	5.9630177E+1	0.0000000E+0	0.0000000E+0	1.0000000E+2	0.0000000E+0
1.0667000E+1	6.1975963E+1	5.9592222E+1	0.0000000E+0	0.0000000E+0	1.0000000E+2	0.0000000E+0
1.0717000E+1	6.1955623E+1	5.9571541E+1	0.0000000E+0	0.0000000E+0	1.0000000E+2	0.0000000E+0
1.0767000E+1	6.1927789E+1	5.9551989E+1	0.0000000E+0	0.0000000E+0	1.0000000E+2	0.0000000E+0
1.0817000E+1	6.1928041E+1	5.9523838E+1	0.0000000E+0	0.0000000E+0	1.0000000E+2	0.0000000E+0
1.0867000E+1	6.1918818E+1	5.9504599E+1	0.0000000E+0	0.0000000E+0	1.0000000E+2	0.0000000E+0
1.0918000E+1	6.1874867E+1	5.9476844E+1	0.0000000E+0	0.0000000E+0	1.0000000E+2	0.0000000E+0
1.0968000E+1	6.1859996E+1	5.9473259E+1	0.0000000E+0	0.0000000E+0	1.0000000E+2	0.0000000E+0
1.1018000E+1	6.1830428E+1	5.9430192E+1	0.0000000E+0	0.0000000E+0	1.0000000E+2	0.0000000E+0
1.1068000E+1	6.1800972E+1	5.9408232E+1	0.0000000E+0	0.0000000E+0	1.0000000E+2	0.0000000E+0
1.1118000E+1	6.1793292E+1	5.9396361E+1	0.0000000E+0	0.0000000E+0	1.0000000E+2	0.0000000E+0
1.1168000E+1	6.1794577E+1	5.9394115E+1	0.0000000E+0	0.0000000E+0	1.0000000E+2	0.0000000E+0
1.1218000E+1	6.1756202E+1	5.9368173E+1	0.0000000E+0	0.0000000E+0	1.0000000E+2	0.0000000E+0
1.1268000E+1	6.1721205E+1	5.9346739E+1	0.0000000E+0	0.0000000E+0	1.0000000E+2	0.0000000E+0
1.1318000E+1	6.1720440E+1	5.9341347E+1	0.0000000E+0	0.0000000E+0	1.0000000E+2	0.0000000E+0
1.1368000E+1	6.1707403E+1	5.9333639E+1	0.0000000E+0	0.0000000E+0	1.0000000E+2	0.0000000E+0
1.1418000E+1	6.1706181E+1	5.9325594E+1	0.0000000E+0	0.0000000E+0	1.0000000E+2	0.0000000E+0
1.1468000E+1	6.1681813E+1	5.9321895E+1	0.0000000E+0	0.0000000E+0	1.0000000E+2	0.0000000E+0
1.1518000E+1	6.1689369E+1	5.9319094E+1	0.0000000E+0	0.0000000E+0	1.0000000E+2	0.0000000E+0
1.1568000E+1	6.1687305E+1	5.9301265E+1	0.0000000E+0	0.0000000E+0	1.0000000E+2	0.0000000E+0
1.1618000E+1	6.1668891E+1	5.9290653E+1	0.0000000E+0	0.0000000E+0	1.0000000E+2	0.0000000E+0
1.1668000E+1	6.1637411E+1	5.9264341E+1	0.0000000E+0	0.0000000E+0	1.0000000E+2	0.0000000E+0
1.1718000E+1	6.1632336E+1	5.9268808E+1	0.0000000E+0	0.0000000E+0	1.0000000E+2	0.0000000E+0
1.1768000E+1	6.1642200E+1	5.9264283E+1	0.0000000E+0	0.0000000E+0	1.0000000E+2	0.0000000E+0
1.1818000E+1	6.1648089E+1	5.9254985E+1	0.0000000E+0	0.0000000E+0	1.0000000E+2	0.0000000E+0
1.1868000E+1	6.1644026E+1	5.9250440E+1	0.0000000E+0	0.0000000E+0	1.0000000E+2	0.0000000E+0
1.1918000E+1	6.1643049E+1	5.9250336E+1	0.0000000E+0	0.0000000E+0	1.0000000E+2	0.0000000E+0
1.1968000E+1	6.1636254E+1	5.9236661E+1	0.0000000E+0	0.0000000E+0	1.0000000E+2	0.0000000E+0
1.2018000E+1	6.1623559E+1	5.9221860E+1	0.0000000E+0	0.0000000E+0	1.0000000E+2	0.0000000E+0
1.2068000E+1	6.1628445E+1	5.9220939E+1	0.0000000E+0	0.0000000E+0	1.0000000E+2	0.0000000E+0
1.2118000E+1	6.1637816E+1	5.9234484E+1	0.0000000E+0	0.0000000E+0	1.0000000E+2	0.0000000E+0
1.2168000E+1	6.1634792E+1	5.9227233E+1	0.0000000E+0	0.0000000E+0	1.0000000E+2	0.0000000E+0
1.2218000E+1	6.1623723E+1	5.9233742E+1	0.0000000E+0	0.0000000E+0	1.0000000E+2	0.0000000E+0
1.2268000E+1	6.1595647E+1	5.9214652E+1	0.0000000E+0	0.0000000E+0	1.0000000E+2	0.0000000E+0
1.2318000E+1	6.1568189E+1	5.9214193E+1	0.0000000E+0	0.0000000E+0	1.0000000E+2	0.0000000E+0
1.2368000E+1	6.1533115E+1	5.9204391E+1	0.0000000E+0	0.0000000E+0	1.0000000E+2	0.0000000E+0
1.2418000E+1	6.1536918E+1	5.9201413E+1	0.0000000E+0	0.0000000E+0	1.0000000E+2	0.0000000E+0
1.2468000E+1	6.1523085E+1	5.9206682E+1	0.0000000E+0	0.0000000E+0	1.0000000E+2	0.0000000E+0
1.2518000E+1	6.1531674E+1	5.9208874E+1	0.0000000E+0	0.0000000E+0	1.0000000E+2	0.0000000E+0
1.2568000E+1	6.1537379E+1	5.9216994E+1	0.0000000E+0	0.0000000E+0	1.0000000E+2	0.0000000E+0
1.2618000E+1	6.1525503E+1	5.9213213E+1	0.0000000E+0	0.0000000E+0	1.0000000E+2	0.0000000E+0
1.2668000E+1	6.1514447E+1	5.9209537E+1	0.0000000E+0	0.0000000E+0	1.0000000E+2	0.0000000E+0
1.2718000E+1	6.1502450E+1	5.9202186E+1	0.0000000E+0	0.0000000E+0	1.0000000E+2	0.0000000E+0
1.2770000E+1	6.1493726E+1	5.9191585E+1	0.0000000E+0	0.0000000E+0	1.0000000E+2	0.0000000E+0
1.2820000E+1	6.1512452E+1	5.9211000E+1	0.0000000E+0	0.0000000E+0	1.0000000E+2	0.0000000E+0
1.2870000E+1	6.1516796E+1	5.9221740E+1	0.0000000E+0	0.0000000E+0	1.0000000E+2	0.0000000E+0
1.2920000E+1	6.1529607E+1	5.9212680E+1	0.0000000E+0	0.0000000E+0	1.0000000E+2	0.0000000E+0
1.2970000E+1	6.1542232E+1	5.9211011E+1	0.0000000E+0	0.0000000E+0	1.0000000E+2	0.0000000E+0
1.3020000E+1	6.1549081E+1	5.9218741E+1	0.0000000E+0	0.0000000E+0	1.0000000E+2	0.0000000E+0
1.3070000E+1	6.1548407E+1	5.9222548E+1	0.0000000E+0	0.0000000E+0	1.0000000E+2	0.0000000E+0
1.3120000E+1	6.1560466E+1	5.9221786E+1	0.0000000E+0	0.0000000E+0	1.0000000E+2	0.0000000E+0
1.3170000E+1	6.1555283E+1	5.9214737E+1	0.0000000E+0	0.0000000E+0	1.0000000E+2	0.0000000E+0
1.3220000E+1	6.1558014E+1	5.9218852E+1	0.0000000E+0	0.0000000E+0	1.0000000E+2	0.0000000E+0
1.3270000E+1	6.1560733E+1	5.9216620E+1	0.0000000E+0	0.0000000E+0	1.0000000E+2	0.0000000E+0
1.3320000E+1	6.1590626E+1	5.9228726E+1	0.0000000E+0	0.0000000E+0	1.0000000E+2	0.0000000E+0
1.3370000E+1	6.1591361E+1	5.9216010E+1	0.0000000E+0	0.0000000E+0	1.0000000E+2	0.0000000E+0
1.3421000E+1	6.1594159E+1	5.9221334E+1	0.0000000E+0	0.0000000E+0	1.0000000E+2	0.0000000E+0
1.3471000E+1	6.1586882E+1	5.9219303E+1	0.0000000E+0	0.0000000E+0	1.0000000E+2	0.0000000E+0
1.3521000E+1	6.1603134E+1	5.9224251E+1	0.0000000E+0	0.0000000E+0	1.0000000E+2	0.0000000E+0
1.3571000E+1	6.1616386E+1	5.9226759E+1	0.0000000E+0	0.0000000E+0	1.0000000E+2	0.0000000E+0
1.3621000E+1	6.1622574E+1	5.9222383E+1	0.0000000E+0	0.0000000E+0	1.0000000E+2	0.0000000E+0
1.3671000E+1	6.1643158E+1	5.9230757E+1	0.0000000E+0	0.0000000E+0	1.0000000E+2	0.0000000E+0
1.3722000E+1	6.1664155E+1	5.9242167E+1	0.0000000E+0	0.0000000E+0	1.0000000E+2	0.0000000E+0
1.3774000E+1	6.1670394E+1	5.9244694E+1	0.0000000E+0	0.0000000E+0	1.0000000E+2	0.0000000E+0
1.3824000E+1	6.1665475E+1	5.9250404E+1	0.0000000E+0	0.0000000E+0	1.0000000E+2	0.0000000E+0
1.3874000E+1	6.1674494E+1	5.9239958E+1	0.0000000E+0	0.0000000E+0	1.0000000E+2	0.0000000E+0
1.3924000E+1	6.1678304E+1	5.9267420E+1	0.0000000E+0	0.0000000E+0	1.0000000E+2	0.0000000E+0
1.3974000E+1	6.1704296E+1	5.9270754E+1	0.0000000E+0	0.0000000E+0	1.0000000E+2	0.0000000E+0
1.4025000E+1	6.1699497E+1	5.9264912E+1	0.0000000E+0	0.0000000E+0	1.0000000E+2	0.0000000E+0
1.4076000E+1	6.1707611E+1	5.9270011E+1	0.0000000E+0	0.0000000E+0	1.0000000E+2	0.0000000E+0
1.4126000E+1	6.1731580E+1	5.9267141E+1	0.0000000E+0	0.0000000E+0	1.0000000E+2	0.0000000E+0
1.4176000E+1	6.1744724E+1	5.9277670E+1	0.0000000E+0	0.0000000E+0	1.0000000E+2	0.0000000E+0
1.4226000E+1	6.1739043E+1	5.9281000E+1	0.0000000E+0	0.0000000E+0	1.0000000E+2	0.0000000E+0
1.4277000E+1	6.1745785E+1	5.9273159E+1	0.0000000E+0	0.0000000E+0	1.0000000E+2	0.0000000E+0
1.4327000E+1	6.1763624E+1	5.9294893E+1	0.0000000E+0	0.0000000E+0	1.0000000E+2	0.0000000E+0
1.4377000E+1	6.1761064E+1	5.9295862E+1	0.0000000E+0	0.0000000E+0	1.0000000E+2	0.0000000E+0
1.4427000E+1	6.1751466E+1	5.9283391E+1	0.0000000E+0	0.0000000E+0	1.0000000E+2	0.0000000E+0
1.4478000E+1	6.1765758E+1	5.9286478E+1	0.0000000E+0	0.0000000E+0	1.0000000E+2	0.0000000E+0
1.4529000E+1	6.1766720E+1	5.9289533E+1	0.0000000E+0	0.0000000E+0	1.0000000E+2	0.0000000E+0
1.4579000E+1	6.1760660E+1	5.9295808E+1	0.0000000E+0	0.0000000E+0	1.0000000E+2	0.0000000E+0
1.4629000E+1	6.1753249E+1	5.9299371E+1	0.0000000E+0	0.0000000E+0	1.0000000E+2	0.0000000E+0
1.4680000E+1	6.1756627E+1	5.9296765E+1	0.0000000E+0	0.0000000E+0	1.0000000E+2	0.0000000E+0
1.4731000E+1	6.1751441E+1	5.9298438E+1	0.0000000E+0	0.0000000E+0	1.0000000E+2	0.0000000E+0
1.4781000E+1	6.1766435E+1	5.9304963E+1	0.0000000E+0	0.0000000E+0	1.0000000E+2	0.0000000E+0
1.4831000E+1	6.1760665E+1	5.9292663E+1	0.0000000E+0	0.0000000E+0	1.0000000E+2	0.0000000E+0
1.4881000E+1	6.1788430E+1	5.9314561E+1	0.0000000E+0	0.0000000E+0	1.0000000E+2	0.0000000E+0
1.4931000E+1	6.1792761E+1	5.9314066E+1	0.0000000E+0	0.0000000E+0	1.0000000E+2	0.0000000E+0
1.4981000E+1	6.1825602E+1	5.9315134E+1	0.0000000E+0	0.0000000E+0	1.0000000E+2	0.0000000E+0
1.5031000E+1	6.1843301E+1	5.9328537E+1	0.0000000E+0	0.0000000E+0	1.0000000E+2	0.0000000E+0
1.5081000E+1	6.1834861E+1	5.9316352E+1	0.0000000E+0	0.0000000E+0	1.0000000E+2	0.0000000E+0
1.5132000E+1	6.1848668E+1	5.9318652E+1	0.0000000E+0	0.0000000E+0	1.0000000E+2	0.0000000E+0
1.5183000E+1	6.1850241E+1	5.9338995E+1	0.0000000E+0	0.0000000E+0	1.0000000E+2	0.0000000E+0
1.5233000E+1	6.1845341E+1	5.9341355E+1	0.0000000E+0	0.0000000E+0	1.0000000E+2	0.0000000E+0
1.5284000E+1	6.1832978E+1	5.9340239E+1	0.0000000E+0	0.0000000E+0	1.0000000E+2	0.0000000E+0
1.5334000E+1	6.1827444E+1	5.9346363E+1	0.0000000E+0	0.0000000E+0	1.0000000E+2	0.0000000E+0
1.5384000E+1	6.1857071E+1	5.9351448E+1	0.0000000E+0	0.0000000E+0	1.0000000E+2	0.0000000E+0
1.5434000E+1	6.1861231E+1	5.9349757E+1	0.0000000E+0	0.0000000E+0	1.0000000E+2	0.0000000E+0
1.5485000E+1	6.1862784E+1	5.9365041E+1	0.0000000E+0	0.0000000E+0	1.0000000E+2	0.0000000E+0
1.5535000E+1	6.1853572E+1	5.9346916E+1	0.0000000E+0	0.0000000E+0	1.0000000E+2	0.0000000E+0
1.5585000E+1	6.1856273E+1	5.9348725E+1	0.0000000E+0	0.0000000E+0	1.0000000E+2	0.0000000E+0
1.5635000E+1	6.1863072E+1	5.9354873E+1	0.0000000E+0	0.0000000E+0	1.0000000E+2	0.0000000E+0
1.5685000E+1	6.1857480E+1	5.9370342E+1	0.0000000E+0	0.0000000E+0	1.0000000E+2	0.0000000E+0
1.5736000E+1	6.1853999E+1	5.9388171E+1	0.0000000E+0	0.0000000E+0	1.0000000E+2	0.0000000E+0
1.5787000E+1	6.1872424E+1	5.9387103E+1	0.0000000E+0	0.0000000E+0	1.0000000E+2	0.0000000E+0
1.5837000E+1	6.1880812E+1	5.9403125E+1	0.0000000E+0	0.0000000E+0	1.0000000E+2	0.0000000E+0
1.5887000E+1	6.1894866E+1	5.9404015E+1	0.0000000E+0	0.0000000E+0	1.0000000E+2	0.0000000E+0
1.5937000E+1	6.1893649E+1	5.9395777E+1	0.0000000E+0	0.0000000E+0	1.0000000E+2	0.0000000E+0
1.5987000E+1	6.1911711E+1	5.9400134E+1	0.0000000E+0	0.0000000E+0	1.0000000E+2	0.0000000E+0
1.6037000E+1	6.1924003E+1	5.9405030E+1	0.0000000E+0	0.0000000E+0	1.0000000E+2	0.0000000E+0
1.6087000E+1	6.1943489E+1	5.9413259E+1	0.0000000E+0	0.0000000E+0	1.0000000E+2	0.0000000E+0
1.6137000E+1	6.1959907E+1	5.9416884E+1	0.0000000E+0	0.0000000E+0	1.0000000E+2	0.0000000E+0
1.6187000E+1	6.1973484E+1	5.9414430E+1	0.0000000E+0	0.0000000E+0	1.0000000E+2	0.0000000E+0
1.6237000E+1	6.1995258E+1	5.9439294E+1	0.0000000E+0	0.0000000E+0	1.0000000E+2	0.0000000E+0
1.6288000E+1	6.2018776E+1	5.9459144E+1	0.0000000E+0	0.0000000E+0	1.0000000E+2	0.0000000E+0
1.6338000E+1	6.2034774E+1	5.9461226E+1	0.0000000E+0	0.0000000E+0	1.0000000E+2	0.0000000E+0
1.6388000E+1	6.2036075E+1	5.9476704E+1	0.0000000E+0	0.0000000E+0	1.0000000E+2	0.0000000E+0
1.6438000E+1	6.2044571E+1	5.9473318E+1	0.0000000E+0	0.0000000E+0	1.0000000E+2	0.0000000E+0
1.6488000E+1	6.2030141E+1	5.9476797E+1	0.0000000E+0	0.0000000E+0	1.0000000E+2	0.0000000E+0
1.6538000E+1	6.2022604E+1	5.9486150E+1	0.0000000E+0	0.0000000E+0	1.0000000E+2	0.0000000E+0
1.6588000E+1	6.2031024E+1	5.9500559E+1	0.0000000E+0	0.0000000E+0	1.0000000E+2	0.0000000E+0
1.6638000E+1	6.2021409E+1	5.9506282E+1	0.0000000E+0	0.0000000E+0	1.0000000E+2	0.0000000E+0
1.6688000E+1	6.1994168E+1	5.9497773E+1	0.0000000E+0	0.0000000E+0	1.0000000E+2	0.0000000E+0
1.6738000E+1	6.1990564E+1	5.9509324E+1	0.0000000E+0	0.0000000E+0	1.0000000E+2	0.0000000E+0
1.6788000E+1	6.2034733E+1	5.9530675E+1	0.0000000E+0	0.0000000E+0	1.0000000E+2	0.0000000E+0
1.6838000E+1	6.2049884E+1	5.9551496E+1	0.0000000E+0	0.0000000E+0	1.0000000E+2	0.0000000E+0
1.6888000E+1	6.2046859E+1	5.9559433E+1	0.0000000E+0	0.0000000E+0	1.0000000E+2	0.0000000E+0
1.6938000E+1	6.2046297E+1	5.9566937E+1	0.0000000E+0	0.0000000E+0	1.0000000E+2	0.0000000E+0
1.6988000E+1	6.2048262E+1	5.9578788E+1	0.0000000E+0	0.0000000E+0	1.0000000E+2	0.0000000E+0
1.7038000E+1	6.2038082E+1	5.9599557E+1	0.0000000E+0	0.0000000E+0	1.0000000E+2	0.0000000E+0
1.7088000E+1	6.2056644E+1	5.9604483E+1	0.0000000E+0	0.0000000E+0	1.0000000E+2	0.0000000E+0
1.7139000E+1	6.2045795E+1	5.9607669E+1	0.0000000E+0	0.0000000E+0	1.0000000E+2	0.0000000E+0
1.7189000E+1	6.2056164E+1	5.9599706E+1	0.0000000E+0	0.0000000E+0	1.0000000E+2	0.0000000E+0
1.7239000E+1	6.2061890E+1	5.9621848E+1	0.0000000E+0	0.0000000E+0	1.0000000E+2	0.0000000E+0
1.7289000E+1	6.2062764E+1	5.9625881E+1	0.0000000E+0	0.0000000E+0	1.0000000E+2	0.0000000E+0
1.7339000E+1	6.2043682E+1	5.9615335E+1	0.0000000E+0	0.0000000E+0	1.0000000E+2	0.0000000E+0
1.7389000E+1	6.2042840E+1	5.9606365E+1	0.0000000E+0	0.0000000E+0	1.0000000E+2	0.0000000E+0
1.7440000E+1	6.2046435E+1	5.9608483E+1	0.0000000E+0	0.0000000E+0	1.0000000E+2	0.0000000E+0
1.7491000E+1	6.2039920E+1	5.9612958E+1	0.0000000E+0	0.0000000E+0	1.0000000E+2	0.0000000E+0
1.7542000E+1	6.2060214E+1	5.9629263E+1	0.0000000E+0	0.0000000E+0	1.0000000E+2	0.0000000E+0
1.7592000E+1	6.2050445E+1	5.9620038E+1	0.0000000E+0	0.0000000E+0	1.0000000E+2	0.0000000E+0
1.7643000E+1	6.2057550E+1	5.9630308E+1	0.0000000E+0	0.0000000E+0	1.0000000E+2	0.0000000E+0
1.7693000E+1	6.2048844E+1	5.9628317E+1	0.0000000E+0	0.0000000E+0	1.0000000E+2	0.0000000E+0
1.7743000E+1	6.2074752E+1	5.9645929E+1	0.0000000E+0	0.0000000E+0	1.0000000E+2	0.0000000E+0
1.7793000E+1	6.2095431E+1	5.9664581E+1	0.0000000E+0	0.0000000E+0	1.0000000E+2	0.0000000E+0
1.7843000E+1	6.2098397E+1	5.9672845E+1	0.0000000E+0	0.0000000E+0	1.0000000E+2	0.0000000E+0
1.7893000E+1	6.2077848E+1	5.9673336E+1	0.0000000E+0	0.0000000E+0	1.0000000E+2	0.0000000E+0
1.7943000E+1	6.2072528E+1	5.9676101E+1	0.0000000E+0	0.0000000E+0	1.0000000E+2	0.0000000E+0
1.7994000E+1	6.2080958E+1	5.9693654E+1	0.0000000E+0	0.0000000E+0	1.0000000E+2	0.0000000E+0
1.8044000E+1	6.2088414E+1	5.9677031E+1	0.0000000E+0	0.0000000E+0	1.0000000E+2	0.0000000E+0
1.8095000E+1	6.2111430E+1	5.9702109E+1	0.0000000E+0	0.0000000E+0	1.0000000E+2	0.0000000E+0
1.8145000E+1	6.2113023E+1	5.9694404E+1	0.0000000E+0	0.0000000E+0	1.0000000E+2	0.0000000E+0
1.8195000E+1	6.2124615E+1	5.9689736E+1	0.0000000E+0	0.0000000E+0	1.0000000E+2	0.0000000E+0
1.8245000E+1	6.2144081E+1	5.9707241E+1	0.0000000E+0	0.0000000E+0	1.0000000E+2	0.0000000E+0
1.8295000E+1	6.2140618E+1	5.9691663E+1	0.0000000E+0	0.0000000E+0	1.0000000E+2	0.0000000E+0
1.8346000E+1	6.2136739E+1	5.9705848E+1	0.0000000E+0	0.0000000E+0	1.0000000E+2	0.0000000E+0
1.8396000E+1	6.2137030E+1	5.9718874E+1	0.0000000E+0	0.0000000E+0	1.0000000E+2	0.0000000E+0
1.8446000E+1	6.2128570E+1	5.9723326E+1	0.0000000E+0	0.0000000E+0	1.0000000E+2	0.0000000E+0
1.8496000E+1	6.2117466E+1	5.9726330E+1	0.0000000E+0	0.0000000E+0	1.0000000E+2	0.0000000E+0
1.8546000E+1	6.2119143E+1	5.9723981E+1	0.0000000E+0	0.0000000E+0	1.0000000E+2	0.0000000E+0
1.8596000E+1	6.2145525E+1	5.9746234E+1	0.0000000E+0	0.0000000E+0	1.0000000E+2	0.0000000E+0
1.8647000E+1	6.2140672E+1	5.9737277E+1	0.0000000E+0	0.0000000E+0	1.0000000E+2	0.0000000E+0
1.8697000E+1	6.2162852E+1	5.9750666E+1	0.0000000E+0	0.0000000E+0	1.0000000E+2	0.0000000E+0
1.8747000E+1	6.2184701E+1	5.9752311E+1	0.0000000E+0	0.0000000E+0	1.0000000E+2	0.0000000E+0
1.8798000E+1	6.2206068E+1	5.9761175E+1	0.0000000E+0	0.0000000E+0	1.0000000E+2	0.0000000E+0
1.8848000E+1	6.2206312E+1	5.9761295E+1	0.0000000E+0	0.0000000E+0	1.0000000E+2	0.0000000E+0
1.8898000E+1	6.2196572E+1	5.9731244E+1	0.0000000E+0	0.0000000E+0	1.0000000E+2	0.0000000E+0
1.8948000E+1	6.2209047E+1	5.9762681E+1	0.0000000E+0	0.0000000E+0	1.0000000E+2	0.0000000E+0
1.8998000E+1	6.2219889E+1	5.9760613E+1	0.0000000E+0	0.0000000E+0	1.0000000E+2	0.0000000E+0
1.9048000E+1	6.2244843E+1	5.9775281E+1	0.0000000E+0	0.0000000E+0	1.0000000E+2	0.0000000E+0
1.9099000E+1	6.2224607E+1	5.9766958E+1	0.0000000E+0	0.0000000E+0	1.0000000E+2	0.0000000E+0
1.9149000E+1	6.2231564E+1	5.9760376E+1	0.0000000E+0	0.0000000E+0	1.0000000E+2	0.0000000E+0
1.9199000E+1	6.2225440E+1	5.9762400E+1	0.0000000E+0	0.0000000E+0	1.0000000E+2	0.0000000E+0
1.9249000E+1	6.2234087E+1	5.9750333E+1	0.0000000E+0	0.0000000E+0	1.0000000E+2	0.0000000E+0
1.9299000E+1	6.2252909E+1	5.9766899E+1	0.0000000E+0	0.0000000E+0	1.0000000E+2	0.0000000E+0
1.9349000E+1	6.2273581E+1	5.9782218E+1	0.0000000E+0	0.0000000E+0	1.0000000E+2	0.0000000E+0
1.9399000E+1	6.2275703E+1	5.9782084E+1	0.0000000E+0	0.0000000E+0	1.0000000E+2	0.0000000E+0
1.9449000E+1	6.2288404E+1	5.9790780E+1	0.0000000E+0	0.0000000E+0	1.0000000E+2	0.0000000E+0
1.9499000E+1	6.2279552E+1	5.9773249E+1	0.0000000E+0	0.0000000E+0	1.0000000E+2	0.0000000E+0
1.9549000E+1	6.2287750E+1	5.9798055E+1	0.0000000E+0	0.0000000E+0	1.0000000E+2	0.0000000E+0
1.9601000E+1	6.2294379E+1	5.9792667E+1	0.0000000E+0	0.0000000E+0	1.0000000E+2	0.0000000E+0
1.9651000E+1	6.2273763E+1	5.9787600E+1	0.0000000E+0	0.0000000E+0	1.0000000E+2	0.0000000E+0
1.9702000E+1	6.2296142E+1	5.9812730E+1	0.0000000E+0	0.0000000E+0	1.0000000E+2	0.0000000E+0
1.9752000E+1	6.2310254E+1	5.9823920E+1	0.0000000E+0	0.0000000E+0	1.0000000E+2	0.0000000E+0
1.9802000E+1	6.2314361E+1	5.9820575E+1	0.0000000E+0	0.0000000E+0	1.0000000E+2	0.0000000E+0
1.9852000E+1	6.2296280E+1	5.9824863E+1	0.0000000E+0	0.0000000E+0	1.0000000E+2	0.0000000E+0
1.9902000E+1	6.2301697E+1	5.9829199E+1	0.0000000E+0	0.0000000E+0	1.0000000E+2	0.0000000E+0
1.9952000E+1	6.2293100E+1	5.9822568E+1	0.0000000E+0	0.0000000E+0	1.0000000E+2	0.0000000E+0
2.0002000E+1	6.2299923E+1	5.9835001E+1	0.0000000E+0	0.0000000E+0	1.0000000E+2	0.0000000E+0
2.0052000E+1	6.2295221E+1	5.9845909E+1	0.0000000E+0	0.0000000E+0	1.0000000E+2	0.0000000E+0
2.0102000E+1	6.2277592E+1	5.9838898E+1	0.0000000E+0	0.0000000E+0	1.0000000E+2	0.0000000E+0
2.0152000E+1	6.2270433E+1	5.9833886E+1	0.0000000E+0	0.0000000E+0	1.0000000E+2	0.0000000E+0
2.0202000E+1	6.2229447E+1	5.9834972E+1	0.0000000E+0	0.0000000E+0	1.0000000E+2	0.0000000E+0
2.0252000E+1	6.2197673E+1	5.9838635E+1	0.0000000E+0	0.0000000E+0	1.0000000E+2	0.0000000E+0
2.0302000E+1	6.2193923E+1	5.9830469E+1	0.0000000E+0	0.0000000E+0	1.0000000E+2	0.0000000E+0
2.0352000E+1	6.2213795E+1	5.9840089E+1	0.0000000E+0	0.0000000E+0	1.0000000E+2	0.0000000E+0
2.0403000E+1	6.2231282E+1	5.9845444E+1	0.0000000E+0	0.0000000E+0	1.0000000E+2	0.0000000E+0
2.0454000E+1	6.2258062E+1	5.9871956E+1	0.0000000E+0	0.0000000E+0	1.0000000E+2	0.0000000E+0
2.0504000E+1	6.2255129E+1	5.9861626E+1	0.0000000E+0	0.0000000E+0	1.0000000E+2	0.0000000E+0
2.0554000E+1	6.2275430E+1	5.9872431E+1	0.0000000E+0	0.0000000E+0	1.0000000E+2	0.0000000E+0
2.0605000E+1	6.2283506E+1	5.9883239E+1	0.0000000E+0	0.0000000E+0	1.0000000E+2	0.0000000E+0
2.0656000E+1	6.2283571E+1	5.9883467E+1	0.0000000E+0	0.0000000E+0	1.0000000E+2	0.0000000E+0
2.0706000E+1	6.2277423E+1	5.9895393E+1	0.0000000E+0	0.0000000E+0	1.0000000E+2	0.0000000E+0
2.0756000E+1	6.2269849E+1	5.9899468E+1	0.0000000E+0	0.0000000E+0	1.0000000E+2	0.0000000E+0
2.0806000E+1	6.2278634E+1	5.9900671E+1	0.0000000E+0	0.0000000E+0	1.0000000E+2	0.0000000E+0
2.0856000E+1	6.2275586E+1	5.9911203E+1	0.0000000E+0	0.0000000E+0	1.0000000E+2	0.0000000E+0
2.0906000E+1	6.2298264E+1	5.9917822E+1	0.0000000E+0	0.0000000E+0	1.0000000E+2	0.0000000E+0
2.0956000E+1	6.2311788E+1	5.9916176E+1	0.0000000E+0	0.0000000E+0	1.0000000E+2	0.0000000E+0
2.1006000E+1	6.2298878E+1	5.9919088E+1	0.0000000E+0	0.0000000E+0	1.0000000E+2	0.0000000E+0
2.1056000E+1	6.2317101E+1	5.9930256E+1	0.0000000E+0	0.0000000E+0	1.0000000E+2	0.0000000E+0
2.1106000E+1	6.2308055E+1	5.9928762E+1	0.0000000E+0	0.0000000E+0	1.0000000E+2	0.0000000E+0
2.1156000E+1	6.2317711E+1	5.9968107E+1	0.0000000E+0	0.0000000E+0	1.0000000E+2	0.0000000E+0
2.1206000E+1	6.2334960E+1	5.9961670E+1	0.0000000E+0	0.0000000E+0	1.0000000E+2	0.0000000E+0
2.1257000E+1	6.2335638E+1	5.9954653E+1	0.0000000E+0	0.0000000E+0	1.0000000E+2	0.0000000E+0
2.1307000E+1	6.2337925E+1	5.9962701E+1	0.0000000E+0	0.0000000E+0	1.0000000E+2	0.0000000E+0
2.1358000E+1	6.2330306E+1	5.9953329E+1	0.0000000E+0	0.0000000E+0	1.0000000E+2	0.0000000E+0
2.1408000E+1	6.2350006E+1	5.9963728E+1	0.0000000E+0	0.0000000E+0	1.0000000E+2	0.0000000E+0
2.1458000E+1	6.2360152E+1	5.9975465E+1	0.0000000E+0	0.0000000E+0	1.0000000E+2	0.0000000E+0
2.1508000E+1	6.2349206E+1	5.9991094E+1	0.0000000E+0	0.0000000E+0	1.0000000E+2	0.0000000E+0
2.1558000E+1	6.2368574E+1	6.0007059E+1	0.0000000E+0	0.0000000E+0	1.0000000E+2	0.0000000E+0
2.1608000E+1	6.2387141E+1	5.9998483E+1	0.0000000E+0	0.0000000E+0	1.0000000E+2	0.0000000E+0
2.1658000E+1	6.2393771E+1	6.0007756E+1	0.0000000E+0	0.0000000E+0	1.0000000E+2	0.0000000E+0
2.1708000E+1	6.2398384E+1	6.0001965E+1	0.0000000E+0	0.0000000E+0	1.0000000E+2	0.0000000E+0
2.1758000E+1	6.2414319E+1	6.0006962E+1	0.0000000E+0	0.0000000E+0	1.0000000E+2	0.0000000E+0
2.1808000E+1	6.2412139E+1	6.0025520E+1	0.0000000E+0	0.0000000E+0	1.0000000E+2	0.0000000E+0
2.1858000E+1	6.2405561E+1	6.0028884E+1	0.0000000E+0	0.0000000E+0	1.0000000E+2	0.0000000E+0
2.1908000E+1	6.2403163E+1	6.0031793E+1	0.0000000E+0	0.0000000E+0	1.0000000E+2	0.0000000E+0
2.1958000E+1	6.2389782E+1	6.0043137E+1	0.0000000E+0	0.0000000E+0	1.0000000E+2	0.0000000E+0
2.2010000E+1	6.2349968E+1	6.0046426E+1	0.0000000E+0	0.0000000E+0	1.0000000E+2	0.0000000E+0
2.2060000E+1	6.2272080E+1	6.0022558E+1	0.0000000E+0	0.0000000E+0	1.0000000E+2	0.0000000E+0
2.2110000E+1	6.2266402E+1	6.0034565E+1	0.0000000E+0	0.0000000E+0	1.0000000E+2	0.0000000E+0
2.2160000E+1	6.2248537E+1	6.0038235E+1	0.0000000E+0	0.0000000E+0	1.0000000E+2	0.0000000E+0
2.2211000E+1	6.2249222E+1	6.0023630E+1	0.0000000E+0	0.0000000E+0	1.0000000E+2	0.0000000E+0
2.2261000E+1	6.2215356E+1	6.0032173E+1	0.0000000E+0	0.0000000E+0	1.0000000E+2	0.0000000E+0
2.2311000E+1	6.2195188E+1	6.0016899E+1	0.0000000E+0	0.0000000E+0	1.0000000E+2	0.0000000E+0
2.2362000E+1	6.2198410E+1	6.0014735E+1	0.0000000E+0	0.0000000E+0	1.0000000E+2	0.0000000E+0
2.2412000E+1	6.2220127E+1	6.0036084E+1	0.0000000E+0	0.0000000E+0	1.0000000E+2	0.0000000E+0
2.2463000E+1	6.2206753E+1	6.0020988E+1	0.0000000E+0	0.0000000E+0	1.0000000E+2	0.0000000E+0
2.2514000E+1	6.2204076E+1	6.0029354E+1	0.0000000E+0	0.0000000E+0	1.0000000E+2	0.0000000E+0
2.2565000E+1	6.2183937E+1	6.0026362E+1	0.0000000E+0	0.0000000E+0	1.0000000E+2	0.0000000E+0
2.2615000E+1	6.2181405E+1	6.0019676E+1	0.0000000E+0	0.0000000E+0	1.0000000E+2	0.0000000E+0
2.2665000E+1	6.2204017E+1	6.0037099E+1	0.0000000E+0	0.0000000E+0	1.0000000E+2	0.0000000E+0
2.2715000E+1	6.2216931E+1	6.0064077E+1	0.0000000E+0	0.0000000E+0	1.0000000E+2	0.0000000E+0
2.2765000E+1	6.2229240E+1	6.0073352E+1	0.0000000E+0	0.0000000E+0	1.0000000E+2	0.0000000E+0
2.2815000E+1	6.2220495E+1	6.0065357E+1	0.0000000E+0	0.0000000E+0	1.0000000E+2	0.0000000E+0
2.2865000E+1	6.2236465E+1	6.0072401E+1	0.0000000E+0	0.0000000E+0	1.0000000E+2	0.0000000E+0
2.2915000E+1	6.2236505E+1	6.0075744E+1	0.0000000E+0	0.0000000E+0	1.0000000E+2	0.0000000E+0
2.2965000E+1	6.2260135E+1	6.0080328E+1	0.0000000E+0	0.0000000E+0	1.0000000E+2	0.0000000E+0
2.3015000E+1	6.2298312E+1	6.0109926E+1	0.0000000E+0	0.0000000E+0	1.0000000E+2	0.0000000E+0
2.3065000E+1	6.2292595E+1	6.0110075E+1	0.0000000E+0	0.0000000E+0	1.0000000E+2	0.0000000E+0
2.3115000E+1	6.2305169E+1	6.0121282E+1	0.0000000E+0	0.0000000E+0	1.0000000E+2	0.0000000E+0
2.3165000E+1	6.2302114E+1	6.0130932E+1	0.0000000E+0	0.0000000E+0	1.0000000E+2	0.0000000E+0
2.3215000E+1	6.2298566E+1	6.0121337E+1	0.0000000E+0	0.0000000E+0	1.0000000E+2	0.0000000E+0
2.3265000E+1	6.2285712E+1	6.0134063E+1	0.0000000E+0	0.0000000E+0	1.0000000E+2	0.0000000E+0
2.3315000E+1	6.2276960E+1	6.0138758E+1	0.0000000E+0	0.0000000E+0	1.0000000E+2	0.0000000E+0
2.3365000E+1	6.2287935E+1	6.0141182E+1	0.0000000E+0	0.0000000E+0	1.0000000E+2	0.0000000E+0
2.3415000E+1	6.2291746E+1	6.0133144E+1	0.0000000E+0	0.0000000E+0	1.0000000E+2	0.0000000E+0
2.3465000E+1	6.2306695E+1	6.0151162E+1	0.0000000E+0	0.0000000E+0	1.0000000E+2	0.0000000E+0
2.3515000E+1	6.2316676E+1	6.0153681E+1	0.0000000E+0	0.0000000E+0	1.0000000E+2	0.0000000E+0
2.3565000E+1	6.2331554E+1	6.0154871E+1	0.0000000E+0	0.0000000E+0	1.0000000E+2	0.0000000E+0
2.3615000E+1	6.2330707E+1	6.0165862E+1	0.0000000E+0	0.0000000E+0	1.0000000E+2	0.0000000E+0
2.3665000E+1	6.2325915E+1	6.0163760E+1	0.0000000E+0	0.0000000E+0	1.0000000E+2	0.0000000E+0
2.3715000E+1	6.2321304E+1	6.0163308E+1	0.0000000E+0	0.0000000E+0	1.0000000E+2	0.0000000E+0
2.3765000E+1	6.2331415E+1	6.0176852E+1	0.0000000E+0	0.0000000E+0	1.0000000E+2	0.0000000E+0
2.3815000E+1	6.2322086E+1	6.0174217E+1	0.0000000E+0	0.0000000E+0	1.0000000E+2	0.0000000E+0
2.3865000E+1	6.2319989E+1	6.0183490E+1	0.0000000E+0	0.0000000E+0	1.0000000E+2	0.0000000E+0
2.3915000E+1	6.2325848E+1	6.0184776E+1	0.0000000E+0	0.0000000E+0	1.0000000E+2	0.0000000E+0
2.3965000E+1	6.2330379E+1	6.0192429E+1	0.0000000E+0	0.0000000E+0	1.0000000E+2	0.0000000E+0
2.4015000E+1	6.2341850E+1	6.0203623E+1	0.0000000E+0	0.0000000E+0	1.0000000E+2	0.0000000E+0
2.4065000E+1	6.2340479E+1	6.0199648E+1	0.0000000E+0	0.0000000E+0	1.0000000E+2	0.0000000E+0
2.4115000E+1	6.2362656E+1	6.0202039E+1	0.0000000E+0	0.0000000E+0	1.0000000E+2	0.0000000E+0
2.4166000E+1	6.2375607E+1	6.0210597E+1	0.0000000E+0	0.0000000E+0	1.0000000E+2	0.0000000E+0
2.4216000E+1	6.2382487E+1	6.0223099E+1	0.0000000E+0	0.0000000E+0	1.0000000E+2	0.0000000E+0
2.4267000E+1	6.2371041E+1	6.0217096E+1	0.0000000E+0	0.0000000E+0	1.0000000E+2	0.0000000E+0
2.4317000E+1	6.2385556E+1	6.0225449E+1	0.0000000E+0	0.0000000E+0	1.0000000E+2	0.0000000E+0
2.4367000E+1	6.2398693E+1	6.0234663E+1	0.0000000E+0	0.0000000E+0	1.0000000E+2	0.0000000E+0
2.4417000E+1	6.2401517E+1	6.0237814E+1	0.0000000E+0	0.0000000E+0	1.0000000E+2	0.0000000E+0
2.4467000E+1	6.2369197E+1	6.0247669E+1	0.0000000E+0	0.0000000E+0	1.0000000E+2	0.0000000E+0
2.4518000E+1	6.2355253E+1	6.0252050E+1	0.0000000E+0	0.0000000E+0	1.0000000E+2	0.0000000E+0
2.4568000E+1	6.2372865E+1	6.0257420E+1	0.0000000E+0	0.0000000E+0	1.0000000E+2	0.0000000E+0
2.4618000E+1	6.2358853E+1	6.0259991E+1	0.0000000E+0	0.0000000E+0	1.0000000E+2	0.0000000E+0
2.4668000E+1	6.2352543E+1	6.0249087E+1	0.0000000E+0	0.0000000E+0	1.0000000E+2	0.0000000E+0
2.4718000E+1	6.2350978E+1	6.0262664E+1	0.0000000E+0	0.0000000E+0	1.0000000E+2	0.0000000E+0
2.4768000E+1	6.2342438E+1	6.0276701E+1	0.0000000E+0	0.0000000E+0	1.0000000E+2	0.0000000E+0
2.4819000E+1	6.2357544E+1	6.0270652E+1	0.0000000E+0	0.0000000E+0	1.0000000E+2	0.0000000E+0
2.4869000E+1	6.2359653E+1	6.0267918E+1	0.0000000E+0	0.0000000E+0	1.0000000E+2	0.0000000E+0
2.4919000E+1	6.2355724E+1	6.0256839E+1	0.0000000E+0	0.0000000E+0	1.0000000E+2	0.0000000E+0
2.4969000E+1	6.2348819E+1	6.0268186E+1	0.0000000E+0	0.0000000E+0	1.0000000E+2	0.0000000E+0
2.5019000E+1	6.2351995E+1	6.0262510E+1	0.0000000E+0	0.0000000E+0	1.0000000E+2	0.0000000E+0
2.5069000E+1	6.2328032E+1	6.0258607E+1	0.0000000E+0	0.0000000E+0	1.0000000E+2	0.0000000E+0
2.5119000E+1	6.2299082E+1	6.0265164E+1	0.0000000E+0	0.0000000E+0	1.0000000E+2	0.0000000E+0
2.5170000E+1	6.2290885E+1	6.0262659E+1	0.0000000E+0	0.0000000E+0	1.0000000E+2	0.0000000E+0
2.5220000E+1	6.2286891E+1	6.0262004E+1	0.0000000E+0	0.0000000E+0	1.0000000E+2	0.0000000E+0
2.5270000E+1	6.2276494E+1	6.0257723E+1	0.0000000E+0	0.0000000E+0	1.0000000E+2	0.0000000E+0
2.5320000E+1	6.2273759E+1	6.0247120E+1	0.0000000E+0	0.0000000E+0	1.0000000E+2	0.0000000E+0
2.5370000E+1	6.2289604E+1	6.0255861E+1	0.0000000E+0	0.0000000E+0	1.0000000E+2	0.0000000E+0
2.5420000E+1	6.2297780E+1	6.0257779E+1	0.0000000E+0	0.0000000E+0	1.0000000E+2	0.0000000E+0
2.5470000E+1	6.2277811E+1	6.0253967E+1	0.0000000E+0	0.0000000E+0	1.0000000E+2	0.0000000E+0
2.5521000E+1	6.2281693E+1	6.0260798E+1	0.0000000E+0	0.0000000E+0	1.0000000E+2	0.0000000E+0
2.5572000E+1	6.2276549E+1	6.0252826E+1	0.0000000E+0	0.0000000E+0	1.0000000E+2	0.0000000E+0
2.5622000E+1	6.2307148E+1	6.0256154E+1	0.0000000E+0	0.0000000E+0	1.0000000E+2	0.0000000E+0
2.5672000E+1	6.2313925E+1	6.0258172E+1	0.0000000E+0	0.0000000E+0	1.0000000E+2	0.0000000E+0
2.5722000E+1	6.2280992E+1	6.0244959E+1	0.0000000E+0	0.0000000E+0	1.0000000E+2	0.0000000E+0
2.5772000E+1	6.2246450E+1	6.0234223E+1	0.0000000E+0	0.0000000E+0	1.0000000E+2	0.0000000E+0
2.5822000E+1	6.2199478E+1	6.0209794E+1	0.0000000E+0	0.0000000E+0	1.0000000E+2	0.0000000E+0
2.5873000E+1	6.2206106E+1	6.0221183E+1	0.0000000E+0	0.0000000E+0	1.0000000E+2	0.0000000E+0
2.5923000E+1	6.2183308E+1	6.0219349E+1	0.0000000E+0	0.0000000E+0	1.0000000E+2	0.0000000E+0
2.5973000E+1	6.2166873E+1	6.0212127E+1	0.0000000E+0	0.0000000E+0	1.0000000E+2	0.0000000E+0
2.6023000E+1	6.2152384E+1	6.0191098E+1	0.0000000E+0	0.0000000E+0	1.0000000E+2	0.0000000E+0
2.6073000E+1	6.2148052E+1	6.0191059E+1	0.0000000E+0	0.0000000E+0	1.0000000E+2	0.0000000E+0
2.6124000E+1	6.2159040E+1	6.0180879E+1	0.0000000E+0	0.0000000E+0	1.0000000E+2	0.0000000E+0
2.6175000E+1	6.2156832E+1	6.0168514E+1	0.0000000E+0	0.0000000E+0	1.0000000E+2	0.0000000E+0
2.6225000E+1	6.2168060E+1	6.0165707E+1	0.0000000E+0	0.0000000E+0	1.0000000E+2	0.0000000E+0
2.6275000E+1	6.2165226E+1	6.0168818E+1	0.0000000E+0	0.0000000E+0	1.0000000E+2	0.0000000E+0
2.6325000E+1	6.2172533E+1	6.0160762E+1	0.0000000E+0	0.0000000E+0	1.0000000E+2	0.0000000E+0
2.6375000E+1	6.2155849E+1	6.0149933E+1	0.0000000E+0	0.0000000E+0	1.0000000E+2	0.0000000E+0
2.6425000E+1	6.2142794E+1	6.0134928E+1	0.0000000E+0	0.0000000E+0	1.0000000E+2	0.0000000E+0
2.6476000E+1	6.2132614E+1	6.0121153E+1	0.0000000E+0	0.0000000E+0	1.0000000E+2	0.0000000E+0
2.6527000E+1	6.2114545E+1	6.0105139E+1	0.0000000E+0	0.0000000E+0	1.0000000E+2	0.0000000E+0
2.6577000E+1	6.2115666E+1	6.0101389E+1	0.0000000E+0	0.0000000E+0	1.0000000E+2	0.0000000E+0
2.6628000E+1	6.2108315E+1	6.0091546E+1	0.0000000E+0	0.0000000E+0	1.0000000E+2	0.0000000E+0
2.6678000E+1	6.2105507E+1	6.0080569E+1	0.0000000E+0	0.0000000E+0	1.0000000E+2	0.0000000E+0
2.6728000E+1	6.2082167E+1	6.0055134E+1	0.0000000E+0	0.0000000E+0	1.0000000E+2	0.0000000E+0
2.6778000E+1	6.2069268E+1	6.0042449E+1	0.0000000E+0	0.0000000E+0	1.0000000E+2	0.0000000E+0
2.6828000E+1	6.2076013E+1	6.0049139E+1	0.0000000E+0	0.0000000E+0	1.0000000E+2	0.0000000E+0
2.6878000E+1	6.2010966E+1	6.0031338E+1	0.0000000E+0	0.0000000E+0	1.0000000E+2	0.0000000E+0
2.6929000E+1	6.2011394E+1	6.0022809E+1	0.0000000E+0	0.0000000E+0	1.0000000E+2	0.0000000E+0
2.6979000E+1	6.2003994E+1	6.0018572E+1	0.0000000E+0	0.0000000E+0	1.0000000E+2	0.0000000E+0
2.7029000E+1	6.1990048E+1	6.0014361E+1	0.0000000E+0	0.0000000E+0	1.0000000E+2	0.0000000E+0
2.7079000E+1	6.1995076E+1	6.0010021E+1	0.0000000E+0	0.0000000E+0	1.0000000E+2	0.0000000E+0
2.7129000E+1	6.1984137E+1	6.0012374E+1	0.0000000E+0	0.0000000E+0	1.0000000E+2	0.0000000E+0
2.7179000E+1	6.1941230E+1	5.9977136E+1	0.0000000E+0	0.0000000E+0	1.0000000E+2	0.0000000E+0
2.7229000E+1	6.1942548E+1	5.9966292E+1	0.0000000E+0	0.0000000E+0	1.0000000E+2	0.0000000E+0
2.7280000E+1	6.1930836E+1	5.9963446E+1	0.0000000E+0	0.0000000E+0	1.0000000E+2	0.0000000E+0
2.7330000E+1	6.1916703E+1	5.9970062E+1	0.0000000E+0	0.0000000E+0	1.0000000E+2	0.0000000E+0
2.7380000E+1	6.1904172E+1	5.9955529E+1	0.0000000E+0	0.0000000E+0	1.0000000E+2	0.0000000E+0
2.7430000E+1	6.1864563E+1	5.9935197E+1	0.0000000E+0	0.0000000E+0	1.0000000E+2	0.0000000E+0
2.7480000E+1	6.1830298E+1	5.9940342E+1	0.0000000E+0	0.0000000E+0	1.0000000E+2	0.0000000E+0
2.7530000E+1	6.1805437E+1	5.9909099E+1	0.0000000E+0	0.0000000E+0	1.0000000E+2	0.0000000E+0
2.7580000E+1	6.1790870E+1	5.9929290E+1	0.0000000E+0	0.0000000E+0	1.0000000E+2	0.0000000E+0
2.7630000E+1	6.1782345E+1	5.9919868E+1	0.0000000E+0	0.0000000E+0	1.0000000E+2	0.0000000E+0
2.7680000E+1	6.1800521E+1	5.9923966E+1	0.0000000E+0	0.0000000E+0	1.0000000E+2	0.0000000E+0
2.7730000E+1	6.1787766E+1	5.9914805E+1	0.0000000E+0	0.0000000E+0	1.0000000E+2	0.0000000E+0
2.7780000E+1	6.1772348E+1	5.9904285E+1	0.0000000E+0	0.0000000E+0	1.0000000E+2	0.0000000E+0
2.7831000E+1	6.1740129E+1	5.9902127E+1	0.0000000E+0	0.0000000E+0	1.0000000E+2	0.0000000E+0
2.7881000E+1	6.1731734E+1	5.9893057E+1	0.0000000E+0	0.0000000E+0	1.0000000E+2	0.0000000E+0
2.7931000E+1	6.1717463E+1	5.9895566E+1	0.0000000E+0	0.0000000E+0	1.0000000E+2	0.0000000E+0
2.7982000E+1	6.1717445E+1	5.9893287E+1	0.0000000E+0	0.0000000E+0	1.0000000E+2	0.0000000E+0
2.8032000E+1	6.1726974E+1	5.9898053E+1	0.0000000E+0	0.0000000E+0	1.0000000E+2	0.0000000E+0
2.8082000E+1	6.1733535E+1	5.9883378E+1	0.0000000E+0	0.0000000E+0	1.0000000E+2	0.0000000E+0
2.8132000E+1	6.1745129E+1	5.9893328E+1	0.0000000E+0	0.0000000E+0	1.0000000E+2	0.0000000E+0
2.8182000E+1	6.1748240E+1	5.9885483E+1	0.0000000E+0	0.0000000E+0	1.0000000E+2	0.0000000E+0
2.8232000E+1	6.1749614E+1	5.9880045E+1	0.0000000E+0	0.0000000E+0	1.0000000E+2	0.0000000E+0
2.8282000E+1	6.1756917E+1	5.9874910E+1	0.0000000E+0	0.0000000E+0	1.0000000E+2	0.0000000E+0
2.8332000E+1	6.1750995E+1	5.9877394E+1	0.0000000E+0	0.0000000E+0	1.0000000E+2	0.0000000E+0
2.8382000E+1	6.1756619E+1	5.9870187E+1	0.0000000E+0	0.0000000E+0	1.0000000E+2	0.0000000E+0
2.8432000E+1	6.1757817E+1	5.9853604E+1	0.0000000E+0	0.0000000E+0	1.0000000E+2	0.0000000E+0
2.8482000E+1	6.1761091E+1	5.9872473E+1	0.0000000E+0	0.0000000E+0	1.0000000E+2	0.0000000E+0
2.8533000E+1	6.1725793E+1	5.9847359E+1	0.0000000E+0	0.0000000E+0	1.0000000E+2	0.0000000E+0
2.8583000E+1	6.1715446E+1	5.9837462E+1	0.0000000E+0	0.0000000E+0	1.0000000E+2	0.0000000E+0
2.8633000E+1	6.1709670E+1	5.9830249E+1	0.0000000E+0	0.0000000E+0	1.0000000E+2	0.0000000E+0
2.8683000E+1	6.1693023E+1	5.9817042E+1	0.0000000E+0	0.0000000E+0	1.0000000E+2	0.0000000E+0
2.8734000E+1	6.1686370E+1	5.9821085E+1	0.0000000E+0	0.0000000E+0	1.0000000E+2	0.0000000E+0
2.8784000E+1	6.1697662E+1	5.9823804E+1	0.0000000E+0	0.0000000E+0	1.0000000E+2	0.0000000E+0
2.8834000E+1	6.1741438E+1	5.9825288E+1	0.0000000E+0	0.0000000E+0	1.0000000E+2	0.0000000E+0
2.8884000E+1	6.1733309E+1	5.9836596E+1	0.0000000E+0	0.0000000E+0	1.0000000E+2	0.0000000E+0
2.8935000E+1	6.1733295E+1	5.9828193E+1	0.0000000E+0	0.0000000E+0	1.0000000E+2	0.0000000E+0
2.8986000E+1	6.1734240E+1	5.9819389E+1	0.0000000E+0	0.0000000E+0	1.0000000E+2	0.0000000E+0
2.9036000E+1	6.1726714E+1	5.9814477E+1	0.0000000E+0	0.0000000E+0	1.0000000E+2	0.0000000E+0
2.9086000E+1	6.1693629E+1	5.9819782E+1	0.0000000E+0	0.0000000E+0	1.0000000E+2	0.0000000E+0
2.9136000E+1	6.1680663E+1	5.9820478E+1	0.0000000E+0	0.0000000E+0	1.0000000E+2	0.0000000E+0
2.9186000E+1	6.1653547E+1	5.9810517E+1	0.0000000E+0	0.0000000E+0	1.0000000E+2	0.0000000E+0
2.9236000E+1	6.1649468E+1	5.9813135E+1	0.0000000E+0	0.0000000E+0	1.0000000E+2	0.0000000E+0
2.9288000E+1	6.1639548E+1	5.9815102E+1	0.0000000E+0	0.0000000E+0	1.0000000E+2	0.0000000E+0
2.9339000E+1	6.1646686E+1	5.9804882E+1	0.0000000E+0	0.0000000E+0	1.0000000E+2	0.0000000E+0
2.9390000E+1	6.1638831E+1	5.9793486E+1	0.0000000E+0	0.0000000E+0	1.0000000E+2	0.0000000E+0
2.9440000E+1	6.1636704E+1	5.9800057E+1	0.0000000E+0	0.0000000E+0	1.0000000E+2	0.0000000E+0
2.9490000E+1	6.1643496E+1	5.9805978E+1	0.0000000E+0	0.0000000E+0	1.0000000E+2	0.0000000E+0
2.9540000E+1	6.1619158E+1	5.9796767E+1	0.0000000E+0	0.0000000E+0	1.0000000E+2	0.0000000E+0
2.9590000E+1	6.1587823E+1	5.9795198E+1	0.0000000E+0	0.0000000E+0	1.0000000E+2	0.0000000E+0
2.9640000E+1	6.1566060E+1	5.9784291E+1	0.0000000E+0	0.0000000E+0	1.0000000E+2	0.0000000E+0
2.9690000E+1	6.1563909E+1	5.9802727E+1	0.0000000E+0	0.0000000E+0	1.0000000E+2	0.0000000E+0
2.9740000E+1	6.1546971E+1	5.9793507E+1	0.0000000E+0	0.0000000E+0	1.0000000E+2	0.0000000E+0
2.9790000E+1	6.1549907E+1	5.9784433E+1	0.0000000E+0	0.0000000E+0	1.0000000E+2	0.0000000E+0
2.9840000E+1	6.1532714E+1	5.9781752E+1	0.0000000E+0	0.0000000E+0	1.0000000E+2	0.0000000E+0
2.9890000E+1	6.1563879E+1	5.9785868E+1	0.0000000E+0	0.0000000E+0	1.0000000E+2	0.0000000E+0
2.9940000E+1	6.1549952E+1	5.9766068E+1	0.0000000E+0	0.0000000E+0	1.0000000E+2	0.0000000E+0
2.9990000E+1	6.1557938E+1	5.9786985E+1	0.0000000E+0	0.0000000E+0	1.0000000E+2	0.0000000E+0
3.0040000E+1	6.1520736E+1	5.9793387E+1	0.0000000E+0	0.0000000E+0	1.0000000E+2	0.0000000E+0
3.0091000E+1	6.1520141E+1	5.9782695E+1	0.0000000E+0	0.0000000E+0	1.0000000E+2	0.0000000E+0
3.0142000E+1	6.1510283E+1	5.9766237E+1	0.0000000E+0	0.0000000E+0	1.0000000E+2	0.0000000E+0
3.0193000E+1	6.1518454E+1	5.9782562E+1	0.0000000E+0	0.0000000E+0	1.0000000E+2	0.0000000E+0
3.0244000E+1	6.1522426E+1	5.9775572E+1	0.0000000E+0	0.0000000E+0	1.0000000E+2	0.0000000E+0
3.0294000E+1	6.1495164E+1	5.9761072E+1	0.0000000E+0	0.0000000E+0	1.0000000E+2	0.0000000E+0
3.0344000E+1	6.1496788E+1	5.9776372E+1	0.0000000E+0	0.0000000E+0	1.0000000E+2	0.0000000E+0
3.0395000E+1	6.1512265E+1	5.9783680E+1	0.0000000E+0	0.0000000E+0	1.0000000E+2	0.0000000E+0
3.0445000E+1	6.1498774E+1	5.9758703E+1	0.0000000E+0	0.0000000E+0	1.0000000E+2	0.0000000E+0
3.0496000E+1	6.1497115E+1	5.9759135E+1	0.0000000E+0	0.0000000E+0	1.0000000E+2	0.0000000E+0
3.0546000E+1	6.1494983E+1	5.9760017E+1	0.0000000E+0	0.0000000E+0	1.0000000E+2	0.0000000E+0
3.0596000E+1	6.1501148E+1	5.9750988E+1	0.0000000E+0	0.0000000E+0	1.0000000E+2	0.0000000E+0
3.0646000E+1	6.1497018E+1	5.9766030E+1	0.0000000E+0	0.0000000E+0	1.0000000E+2	0.0000000E+0
3.0698000E+1	6.1491415E+1	5.9756354E+1	0.0000000E+0	0.0000000E+0	1.0000000E+2	0.0000000E+0
3.0748000E+1	6.1498335E+1	5.9761478E+1	0.0000000E+0	0.0000000E+0	1.0000000E+2	0.0000000E+0
3.0798000E+1	6.1503771E+1	5.9768601E+1	0.0000000E+0	0.0000000E+0	1.0000000E+2	0.0000000E+0
3.0848000E+1	6.1518676E+1	5.9761719E+1	0.0000000E+0	0.0000000E+0	1.0000000E+2	0.0000000E+0
3.0898000E+1	6.1531847E+1	5.9772967E+1	0.0000000E+0	0.0000000E+0	1.0000000E+2	0.0000000E+0
3.0948000E+1	6.1534310E+1	5.9769944E+1	0.0000000E+0	0.0000000E+0	1.0000000E+2	0.0000000E+0
3.0998000E+1	6.1538583E+1	5.9768414E+1	0.0000000E+0	0.0000000E+0	1.0000000E+2	0.0000000E+0
3.1048000E+1	6.1513742E+1	5.9774374E+1	0.0000000E+0	0.0000000E+0	1.0000000E+2	0.0000000E+0
3.1099000E+1	6.1500923E+1	5.9779795E+1	0.0000000E+0	0.0000000E+0	1.0000000E+2	0.0000000E+0
3.1149000E+1	6.1485602E+1	5.9775900E+1	0.0000000E+0	0.0000000E+0	1.0000000E+2	0.0000000E+0
3.1199000E+1	6.1481738E+1	5.9771051E+1	0.0000000E+0	0.0000000E+0	1.0000000E+2	0.0000000E+0
3.1249000E+1	6.1496557E+1	5.9773619E+1	0.0000000E+0	0.0000000E+0	1.0000000E+2	0.0000000E+0
3.1299000E+1	6.1504287E+1	5.9781875E+1	0.0000000E+0	0.0000000E+0	1.0000000E+2	0.0000000E+0
3.1350000E+1	6.1497837E+1	5.9761449E+1	0.0000000E+0	0.0000000E+0	1.0000000E+2	0.0000000E+0
3.1401000E+1	6.1519935E+1	5.9772319E+1	0.0000000E+0	0.0000000E+0	1.0000000E+2	0.0000000E+0
3.1452000E+1	6.1495452E+1	5.9760438E+1	0.0000000E+0	0.0000000E+0	1.0000000E+2	0.0000000E+0
3.1502000E+1	6.1508349E+1	5.9757700E+1	0.0000000E+0	0.0000000E+0	1.0000000E+2	0.0000000E+0
3.1552000E+1	6.1513359E+1	5.9755927E+1	0.0000000E+0	0.0000000E+0	1.0000000E+2	0.0000000E+0
3.1603000E+1	6.1511186E+1	5.9762359E+1	0.0000000E+0	0.0000000E+0	1.0000000E+2	0.0000000E+0
3.1653000E+1	6.1524707E+1	5.9761797E+1	0.0000000E+0	0.0000000E+0	1.0000000E+2	0.0000000E+0
3.1704000E+1	6.1527974E+1	5.9765904E+1	0.0000000E+0	0.0000000E+0	1.0000000E+2	0.0000000E+0
3.1754000E+1	6.1527469E+1	5.9775086E+1	0.0000000E+0	0.0000000E+0	1.0000000E+2	0.0000000E+0
3.1804000E+1	6.1509795E+1	5.9755352E+1	0.0000000E+0	0.0000000E+0	1.0000000E+2	0.0000000E+0
3.1854000E+1	6.1500834E+1	5.9751232E+1	0.0000000E+0	0.0000000E+0	1.0000000E+2	0.0000000E+0
3.1904000E+1	6.1480349E+1	5.9750505E+1	0.0000000E+0	0.0000000E+0	1.0000000E+2	0.0000000E+0
3.1954000E+1	6.1466515E+1	5.9751453E+1	0.0000000E+0	0.0000000E+0	1.0000000E+2	0.0000000E+0
3.2005000E+1	6.1476268E+1	5.9779780E+1	0.0000000E+0	0.0000000E+0	1.0000000E+2	0.0000000E+0
3.2055000E+1	6.1478289E+1	5.9772161E+1	0.0000000E+0	0.0000000E+0	1.0000000E+2	0.0000000E+0
3.2105000E+1	6.1472621E+1	5.9769563E+1	0.0000000E+0	0.0000000E+0	1.0000000E+2	0.0000000E+0
3.2155000E+1	6.1450384E+1	5.9776783E+1	0.0000000E+0	0.0000000E+0	1.0000000E+2	0.0000000E+0
3.2205000E+1	6.1382487E+1	5.9762563E+1	0.0000000E+0	0.0000000E+0	1.0000000E+2	0.0000000E+0
3.2255000E+1	6.1381800E+1	5.9763498E+1	0.0000000E+0	0.0000000E+0	1.0000000E+2	0.0000000E+0
3.2305000E+1	6.1382245E+1	5.9765467E+1	0.0000000E+0	0.0000000E+0	1.0000000E+2	0.0000000E+0
3.2355000E+1	6.1392811E+1	5.9762779E+1	0.0000000E+0	0.0000000E+0	1.0000000E+2	0.0000000E+0
3.2405000E+1	6.1382463E+1	5.9763794E+1	0.0000000E+0	0.0000000E+0	1.0000000E+2	0.0000000E+0
3.2456000E+1	6.1396369E+1	5.9769708E+1	0.0000000E+0	0.0000000E+0	1.0000000E+2	0.0000000E+0
3.2506000E+1	6.1387918E+1	5.9761373E+1	0.0000000E+0	0.0000000E+0	1.0000000E+2	0.0000000E+0
3.2556000E+1	6.1382052E+1	5.9775048E+1	0.0000000E+0	0.0000000E+0	1.0000000E+2	0.0000000E+0
3.2606000E+1	6.1382908E+1	5.9768919E+1	0.0000000E+0	0.0000000E+0	1.0000000E+2	0.0000000E+0
3.2656000E+1	6.1375716E+1	5.9756976E+1	0.0000000E+0	0.0000000E+0	1.0000000E+2	0.0000000E+0
3.2706000E+1	6.1355568E+1	5.9756891E+1	0.0000000E+0	0.0000000E+0	1.0000000E+2	0.0000000E+0
3.2756000E+1	6.1359363E+1	5.9763649E+1	0.0000000E+0	0.0000000E+0	1.0000000E+2	0.0000000E+0
3.2806000E+1	6.1349033E+1	5.9775254E+1	0.0000000E+0	0.0000000E+0	1.0000000E+2	0.0000000E+0
3.2856000E+1	6.1338093E+1	5.9764894E+1	0.0000000E+0	0.0000000E+0	1.0000000E+2	0.0000000E+0
3.2906000E+1	6.1329524E+1	5.9780170E+1	0.0000000E+0	0.0000000E+0	1.0000000E+2	0.0000000E+0
3.2956000E+1	6.1334289E+1	5.9789071E+1	0.0000000E+0	0.0000000E+0	1.0000000E+2	0.0000000E+0
3.3006000E+1	6.1318830E+1	5.9777290E+1	0.0000000E+0	0.0000000E+0	1.0000000E+2	0.0000000E+0
3.3057000E+1	6.1309400E+1	5.9778540E+1	0.0000000E+0	0.0000000E+0	1.0000000E+2	0.0000000E+0
3.3108000E+1	6.1319123E+1	5.9780681E+1	0.0000000E+0	0.0000000E+0	1.0000000E+2	0.0000000E+0
3.3158000E+1	6.1318906E+1	5.9781089E+1	0.0000000E+0	0.0000000E+0	1.0000000E+2	0.0000000E+0
3.3208000E+1	6.1314870E+1	5.9766806E+1	0.0000000E+0	0.0000000E+0	1.0000000E+2	0.0000000E+0
3.3258000E+1	6.1290042E+1	5.9748413E+1	0.0000000E+0	0.0000000E+0	1.0000000E+2	0.0000000E+0
3.3308000E+1	6.1235873E+1	5.9745059E+1	0.0000000E+0	0.0000000E+0	1.0000000E+2	0.0000000E+0
3.3358000E+1	6.1232981E+1	5.9743683E+1	0.0000000E+0	0.0000000E+0	1.0000000E+2	0.0000000E+0
3.3408000E+1	6.1242749E+1	5.9743703E+1	0.0000000E+0	0.0000000E+0	1.0000000E+2	0.0000000E+0
3.3459000E+1	6.1232242E+1	5.9731324E+1	0.0000000E+0	0.0000000E+0	1.0000000E+2	0.0000000E+0
3.3510000E+1	6.1228489E+1	5.9717785E+1	0.0000000E+0	0.0000000E+0	1.0000000E+2	0.0000000E+0
3.3561000E+1	6.1233552E+1	5.9715094E+1	0.0000000E+0	0.0000000E+0	1.0000000E+2	0.0000000E+0
3.3611000E+1	6.1243051E+1	5.9723622E+1	0.0000000E+0	0.0000000E+0	1.0000000E+2	0.0000000E+0
3.3662000E+1	6.1276186E+1	5.9749345E+1	0.0000000E+0	0.0000000E+0	1.0000000E+2	0.0000000E+0
3.3712000E+1	6.1269461E+1	5.9745838E+1	0.0000000E+0	0.0000000E+0	1.0000000E+2	0.0000000E+0
3.3762000E+1	6.1278751E+1	5.9745939E+1	0.0000000E+0	0.0000000E+0	1.0000000E+2	0.0000000E+0
3.3812000E+1	6.1278448E+1	5.9741730E+1	0.0000000E+0	0.0000000E+0	1.0000000E+2	0.0000000E+0
3.3863000E+1	6.1275960E+1	5.9745092E+1	0.0000000E+0	0.0000000E+0	1.0000000E+2	0.0000000E+0
3.3913000E+1	6.1299687E+1	5.9756314E+1	0.0000000E+0	0.0000000E+0	1.0000000E+2	0.0000000E+0
3.3963000E+1	6.1279644E+1	5.9740622E+1	0.0000000E+0	0.0000000E+0	1.0000000E+2	0.0000000E+0
3.4013000E+1	6.1277369E+1	5.9740620E+1	0.0000000E+0	0.0000000E+0	1.0000000E+2	0.0000000E+0
3.4063000E+1	6.1281550E+1	5.9749441E+1	0.0000000E+0	0.0000000E+0	1.0000000E+2	0.0000000E+0
3.4113000E+1	6.1265099E+1	5.9741525E+1	0.0000000E+0	0.0000000E+0	1.0000000E+2	0.0000000E+0
3.4164000E+1	6.1261048E+1	5.9739624E+1	0.0000000E+0	0.0000000E+0	1.0000000E+2	0.0000000E+0
3.4215000E+1	6.1263320E+1	5.9752972E+1	0.0000000E+0	0.0000000E+0	1.0000000E+2	0.0000000E+0
3.4265000E+1	6.1228137E+1	5.9725406E+1	0.0000000E+0	0.0000000E+0	1.0000000E+2	0.0000000E+0
3.4315000E+1	6.1176072E+1	5.9730708E+1	0.0000000E+0	0.0000000E+0	1.0000000E+2	0.0000000E+0
3.4365000E+1	6.1154587E+1	5.9740645E+1	0.0000000E+0	0.0000000E+0	1.0000000E+2	0.0000000E+0
3.4416000E+1	6.1142539E+1	5.9735121E+1	0.0000000E+0	0.0000000E+0	1.0000000E+2	0.0000000E+0
3.4466000E+1	6.1134815E+1	5.9735433E+1	0.0000000E+0	0.0000000E+0	1.0000000E+2	0.0000000E+0
3.4516000E+1	6.1142780E+1	5.9737050E+1	0.0000000E+0	0.0000000E+0	1.0000000E+2	0.0000000E+0
3.4566000E+1	6.1144351E+1	5.9738408E+1	0.0000000E+0	0.0000000E+0	1.0000000E+2	0.0000000E+0
3.4616000E+1	6.1155085E+1	5.9748524E+1	0.0000000E+0	0.0000000E+0	1.0000000E+2	0.0000000E+0
3.4666000E+1	6.1149399E+1	5.9754196E+1	0.0000000E+0	0.0000000E+0	1.0000000E+2	0.0000000E+0
3.4716000E+1	6.1164525E+1	5.9752259E+1	0.0000000E+0	0.0000000E+0	1.0000000E+2	0.0000000E+0
3.4767000E+1	6.1157562E+1	5.9751532E+1	0.0000000E+0	0.0000000E+0	1.0000000E+2	0.0000000E+0
3.4817000E+1	6.1179625E+1	5.9764975E+1	0.0000000E+0	0.0000000E+0	1.0000000E+2	0.0000000E+0
3.4867000E+1	6.1189301E+1	5.9764848E+1	0.0000000E+0	0.0000000E+0	1.0000000E+2	0.0000000E+0
3.4918000E+1	6.1187290E+1	5.9784696E+1	0.0000000E+0	0.0000000E+0	1.0000000E+2	0.0000000E+0
3.4968000E+1	6.1176257E+1	5.9768013E+1	0.0000000E+0	0.0000000E+0	1.0000000E+2	0.0000000E+0
3.5018000E+1	6.1172013E+1	5.9777763E+1	0.0000000E+0	0.0000000E+0	1.0000000E+2	0.0000000E+0
3.5068000E+1	6.1175410E+1	5.9785500E+1	0.0000000E+0	0.0000000E+0	1.0000000E+2	0.0000000E+0
3.5118000E+1	6.1170648E+1	5.9791413E+1	0.0000000E+0	0.0000000E+0	1.0000000E+2	0.0000000E+0
3.5168000E+1	6.1163113E+1	5.9781656E+1	0.0000000E+0	0.0000000E+0	1.0000000E+2	0.0000000E+0
3.5219000E+1	6.1146511E+1	5.9781343E+1	0.0000000E+0	0.0000000E+0	1.0000000E+2	0.0000000E+0
3.5269000E+1	6.1171027E+1	5.9779476E+1	0.0000000E+0	0.0000000E+0	1.0000000E+2	0.0000000E+0
3.5319000E+1	6.1196590E+1	5.9792799E+1	0.0000000E+0	0.0000000E+0	1.0000000E+2	0.0000000E+0
3.5369000E+1	6.1168758E+1	5.9779099E+1	0.0000000E+0	0.0000000E+0	1.0000000E+2	0.0000000E+0
3.5419000E+1	6.1160580E+1	5.9808541E+1	0.0000000E+0	0.0000000E+0	1.0000000E+2	0.0000000E+0
3.5469000E+1	6.1151933E+1	5.9806195E+1	0.0000000E+0	0.0000000E+0	1.0000000E+2	0.0000000E+0
3.5519000E+1	6.1174171E+1	5.9810517E+1	0.0000000E+0	0.0000000E+0	1.0000000E+2	0.0000000E+0
3.5569000E+1	6.1178233E+1	5.9801926E+1	0.0000000E+0	0.0000000E+0	1.0000000E+2	0.0000000E+0
3.5619000E+1	6.1195330E+1	5.9818302E+1	0.0000000E+0	0.0000000E+0	1.0000000E+2	0.0000000E+0
3.5669000E+1	6.1191091E+1	5.9837996E+1	0.0000000E+0	0.0000000E+0	1.0000000E+2	0.0000000E+0
3.5719000E+1	6.1194850E+1	5.9840907E+1	0.0000000E+0	0.0000000E+0	1.0000000E+2	0.0000000E+0
3.5770000E+1	6.1197235E+1	5.9853121E+1	0.0000000E+0	0.0000000E+0	1.0000000E+2	0.0000000E+0
3.5821000E+1	6.1186196E+1	5.9846675E+1	0.0000000E+0	0.0000000E+0	1.0000000E+2	0.0000000E+0
3.5871000E+1	6.1166129E+1	5.9842516E+1	0.0000000E+0	0.0000000E+0	1.0000000E+2	0.0000000E+0
3.5922000E+1	6.1160611E+1	5.9833321E+1	0.0000000E+0	0.0000000E+0	1.0000000E+2	0.0000000E+0
3.5972000E+1	6.1161064E+1	5.9837511E+1	0.0000000E+0	0.0000000E+0	1.0000000E+2	0.0000000E+0
3.6022000E+1	6.1175507E+1	5.9841769E+1	0.0000000E+0	0.0000000E+0	1.0000000E+2	0.0000000E+0
3.6072000E+1	6.1177201E+1	5.9854683E+1	0.0000000E+0	0.0000000E+0	1.0000000E+2	0.0000000E+0
3.6123000E+1	6.1161067E+1	5.9830531E+1	0.0000000E+0	0.0000000E+0	1.0000000E+2	0.0000000E+0
3.6173000E+1	6.1161957E+1	5.9857336E+1	0.0000000E+0	0.0000000E+0	1.0000000E+2	0.0000000E+0
3.6223000E+1	6.1178683E+1	5.9854821E+1	0.0000000E+0	0.0000000E+0	1.0000000E+2	0.0000000E+0
3.6273000E+1	6.1182728E+1	5.9853495E+1	0.0000000E+0	0.0000000E+0	1.0000000E+2	0.0000000E+0
3.6323000E+1	6.1161655E+1	5.9842694E+1	0.0000000E+0	0.0000000E+0	1.0000000E+2	0.0000000E+0
3.6373000E+1	6.1166968E+1	5.9838954E+1	0.0000000E+0	0.0000000E+0	1.0000000E+2	0.0000000E+0
3.6423000E+1	6.1172027E+1	5.9844879E+1	0.0000000E+0	0.0000000E+0	1.0000000E+2	0.0000000E+0
3.6473000E+1	6.1173137E+1	5.9860192E+1	0.0000000E+0	0.0000000E+0	1.0000000E+2	0.0000000E+0
3.6523000E+1	6.1146646E+1	5.9863240E+1	0.0000000E+0	0.0000000E+0	1.0000000E+2	0.0000000E+0
3.6573000E+1	6.1135842E+1	5.9855719E+1	0.0000000E+0	0.0000000E+0	1.0000000E+2	0.0000000E+0
3.6623000E+1	6.1145851E+1	5.9871325E+1	0.0000000E+0	0.0000000E+0	1.0000000E+2	0.0000000E+0
3.6673000E+1	6.1142088E+1	5.9873265E+1	0.0000000E+0	0.0000000E+0	1.0000000E+2	0.0000000E+0
3.6723000E+1	6.1136135E+1	5.9869221E+1	0.0000000E+0	0.0000000E+0	1.0000000E+2	0.0000000E+0
3.6773000E+1	6.1146899E+1	5.9871029E+1	0.0000000E+0	0.0000000E+0	1.0000000E+2	0.0000000E+0
3.6823000E+1	6.1159136E+1	5.9872547E+1	0.0000000E+0	0.0000000E+0	1.0000000E+2	0.0000000E+0
3.6873000E+1	6.1165926E+1	5.9875739E+1	0.0000000E+0	0.0000000E+0	1.0000000E+2	0.0000000E+0
3.6923000E+1	6.1184766E+1	5.9888708E+1	0.0000000E+0	0.0000000E+0	1.0000000E+2	0.0000000E+0
3.6973000E+1	6.1197615E+1	5.9883840E+1	0.0000000E+0	0.0000000E+0	1.0000000E+2	0.0000000E+0
3.7023000E+1	6.1231934E+1	5.9896811E+1	0.0000000E+0	0.0000000E+0	1.0000000E+2	0.0000000E+0
3.7073000E+1	6.1240310E+1	5.9913195E+1	0.0000000E+0	0.0000000E+0	1.0000000E+2	0.0000000E+0
3.7124000E+1	6.1243458E+1	5.9914467E+1	0.0000000E+0	0.0000000E+0	1.0000000E+2	0.0000000E+0
3.7174000E+1	6.1255179E+1	5.9924089E+1	0.0000000E+0	0.0000000E+0	1.0000000E+2	0.0000000E+0
3.7224000E+1	6.1250173E+1	5.9928570E+1	0.0000000E+0	0.0000000E+0	1.0000000E+2	0.0000000E+0
3.7275000E+1	6.1246557E+1	5.9929470E+1	0.0000000E+0	0.0000000E+0	1.0000000E+2	0.0000000E+0
3.7325000E+1	6.1235013E+1	5.9928025E+1	0.0000000E+0	0.0000000E+0	1.0000000E+2	0.0000000E+0
3.7376000E+1	6.1222241E+1	5.9931268E+1	0.0000000E+0	0.0000000E+0	1.0000000E+2	0.0000000E+0
3.7426000E+1	6.1222140E+1	5.9929012E+1	0.0000000E+0	0.0000000E+0	1.0000000E+2	0.0000000E+0
3.7476000E+1	6.1224247E+1	5.9935391E+1	0.0000000E+0	0.0000000E+0	1.0000000E+2	0.0000000E+0
3.7526000E+1	6.1231997E+1	5.9933490E+1	0.0000000E+0	0.0000000E+0	1.0000000E+2	0.0000000E+0
3.7576000E+1	6.1206310E+1	5.9945999E+1	0.0000000E+0	0.0000000E+0	1.0000000E+2	0.0000000E+0
3.7626000E+1	6.1164207E+1	5.9947243E+1	0.0000000E+0	0.0000000E+0	1.0000000E+2	0.0000000E+0
3.7676000E+1	6.1158874E+1	5.9951473E+1	0.0000000E+0	0.0000000E+0	1.0000000E+2	0.0000000E+0
3.7726000E+1	6.1152164E+1	5.9949656E+1	0.0000000E+0	0.0000000E+0	1.0000000E+2	0.0000000E+0
3.7776000E+1	6.1153436E+1	5.9956187E+1	0.0000000E+0	0.0000000E+0	1.0000000E+2	0.0000000E+0
3.7826000E+1	6.1166405E+1	5.9967901E+1	0.0000000E+0	0.0000000E+0	1.0000000E+2	0.0000000E+0
3.7876000E+1	6.1172906E+1	5.9987598E+1	0.0000000E+0	0.0000000E+0	1.0000000E+2	0.0000000E+0
3.7926000E+1	6.1188139E+1	5.9984522E+1	0.0000000E+0	0.0000000E+0	1.0000000E+2	0.0000000E+0
3.7976000E+1	6.1177008E+1	5.9986820E+1	0.0000000E+0	0.0000000E+0	1.0000000E+2	0.0000000E+0
3.8026000E+1	6.1166030E+1	5.9982758E+1	0.0000000E+0	0.0000000E+0	1.0000000E+2	0.0000000E+0
3.8076000E+1	6.1178297E+1	5.9979125E+1	0.0000000E+0	0.0000000E+0	1.0000000E+2	0.0000000E+0
3.8126000E+1	6.1190333E+1	5.9992044E+1	0.0000000E+0	0.0000000E+0	1.0000000E+2	0.0000000E+0
3.8176000E+1	6.1179989E+1	5.9989507E+1	0.0000000E+0	0.0000000E+0	1.0000000E+2	0.0000000E+0
3.8227000E+1	6.1177958E+1	5.9974109E+1	0.0000000E+0	0.0000000E+0	1.0000000E+2	0.0000000E+0
3.8278000E+1	6.1182200E+1	5.9974953E+1	0.0000000E+0	0.0000000E+0	1.0000000E+2	0.0000000E+0
3.8328000E+1	6.1199563E+1	5.9985665E+1	0.0000000E+0	0.0000000E+0	1.0000000E+2	0.0000000E+0
3.8378000E+1	6.1209369E+1	5.9987334E+1	0.0000000E+0	0.0000000E+0	1.0000000E+2	0.0000000E+0
3.8428000E+1	6.1213598E+1	5.9983857E+1	0.0000000E+0	0.0000000E+0	1.0000000E+2	0.0000000E+0
3.8478000E+1	6.1224611E+1	5.9985821E+1	0.0000000E+0	0.0000000E+0	1.0000000E+2	0.0000000E+0
3.8528000E+1	6.1219404E+1	5.9991013E+1	0.0000000E+0	0.0000000E+0	1.0000000E+2	0.0000000E+0
3.8579000E+1	6.1243099E+1	5.9987570E+1	0.0000000E+0	0.0000000E+0	1.0000000E+2	0.0000000E+0
3.8629000E+1	6.1251701E+1	5.9998510E+1	0.0000000E+0	0.0000000E+0	1.0000000E+2	0.0000000E+0
3.8680000E+1	6.1244207E+1	6.0009767E+1	0.0000000E+0	0.0000000E+0	1.0000000E+2	0.0000000E+0
3.8731000E+1	6.1189657E+1	6.0002124E+1	0.0000000E+0	0.0000000E+0	1.0000000E+2	0.0000000E+0
3.8781000E+1	6.1198964E+1	5.9996462E+1	0.0000000E+0	0.0000000E+0	1.0000000E+2	0.0000000E+0
3.8831000E+1	6.1212224E+1	6.0004991E+1	0.0000000E+0	0.0000000E+0	1.0000000E+2	0.0000000E+0
3.8881000E+1	6.1237209E+1	6.0006413E+1	0.0000000E+0	0.0000000E+0	1.0000000E+2	0.0000000E+0
3.8931000E+1	6.1243936E+1	5.9997695E+1	0.0000000E+0	0.0000000E+0	1.0000000E+2	0.0000000E+0
3.8981000E+1	6.1278992E+1	6.0019276E+1	0.0000000E+0	0.0000000E+0	1.0000000E+2	0.0000000E+0
3.9031000E+1	6.1268369E+1	6.0005555E+1	0.0000000E+0	0.0000000E+0	1.0000000E+2	0.0000000E+0
3.9081000E+1	6.1259868E+1	5.9988571E+1	0.0000000E+0	0.0000000E+0	1.0000000E+2	0.0000000E+0
3.9131000E+1	6.1278563E+1	5.9992013E+1	0.0000000E+0	0.0000000E+0	1.0000000E+2	0.0000000E+0
3.9181000E+1	6.1304794E+1	6.0012555E+1	0.0000000E+0	0.0000000E+0	1.0000000E+2	0.0000000E+0
3.9231000E+1	6.1327501E+1	6.0009288E+1	0.0000000E+0	0.0000000E+0	1.0000000E+2	0.0000000E+0
3.9281000E+1	6.1326410E+1	6.0012478E+1	0.0000000E+0	0.0000000E+0	1.0000000E+2	0.0000000E+0
3.9331000E+1	6.1363322E+1	6.0021591E+1	0.0000000E+0	0.0000000E+0	1.0000000E+2	0.0000000E+0
3.9381000E+1	6.1369449E+1	6.0007673E+1	0.0000000E+0	0.0000000E+0	1.0000000E+2	0.0000000E+0
3.9431000E+1	6.1385383E+1	6.0005688E+1	0.0000000E+0	0.0000000E+0	1.0000000E+2	0.0000000E+0
3.9481000E+1	6.1394300E+1	6.0006661E+1	0.0000000E+0	0.0000000E+0	1.0000000E+2	0.0000000E+0
3.9532000E+1	6.1398398E+1	6.0007160E+1	0.0000000E+0	0.0000000E+0	1.0000000E+2	0.0000000E+0
3.9583000E+1	6.1404308E+1	5.9998910E+1	0.0000000E+0	0.0000000E+0	1.0000000E+2	0.0000000E+0
3.9633000E+1	6.1387292E+1	6.0004895E+1	0.0000000E+0	0.0000000E+0	1.0000000E+2	0.0000000E+0
3.9683000E+1	6.1346239E+1	5.9985854E+1	0.0000000E+0	0.0000000E+0	1.0000000E+2	0.0000000E+0
3.9733000E+1	6.1360658E+1	5.9982110E+1	0.0000000E+0	0.0000000E+0	1.0000000E+2	0.0000000E+0
3.9783000E+1	6.1371043E+1	5.9995986E+1	0.0000000E+0	0.0000000E+0	1.0000000E+2	0.0000000E+0
3.9833000E+1	6.1401302E+1	6.0012225E+1	0.0000000E+0	0.0000000E+0	1.0000000E+2	0.0000000E+0
3.9883000E+1	6.1428310E+1	6.0018117E+1	0.0000000E+0	0.0000000E+0	1.0000000E+2	0.0000000E+0
3.9934000E+1	6.1453960E+1	6.0011775E+1	0.0000000E+0	0.0000000E+0	1.0000000E+2	0.0000000E+0
3.9985000E+1	6.1469289E+1	6.0014431E+1	0.0000000E+0	0.0000000E+0	1.0000000E+2	0.0000000E+0
4.0035000E+1	6.1490391E+1	6.0024025E+1	0.0000000E+0	0.0000000E+0	1.0000000E+2	0.0000000E+0
4.0085000E+1	6.1518810E+1	6.0021869E+1	0.0000000E+0	0.0000000E+0	1.0000000E+2	0.0000000E+0
4.0135000E+1	6.1516998E+1	6.0031036E+1	0.0000000E+0	0.0000000E+0	1.0000000E+2	0.0000000E+0
4.0185000E+1	6.1546841E+1	6.0024367E+1	0.0000000E+0	0.0000000E+0	1.0000000E+2	0.0000000E+0
4.0235000E+1	6.1550863E+1	6.0017699E+1	0.0000000E+0	0.0000000E+0	1.0000000E+2	0.0000000E+0
4.0285000E+1	6.1577019E+1	6.0018298E+1	0.0000000E+0	0.0000000E+0	1.0000000E+2	0.0000000E+0
4.0335000E+1	6.1607222E+1	6.0016592E+1	0.0000000E+0	0.0000000E+0	1.0000000E+2	0.0000000E+0
4.0385000E+1	6.1635929E+1	6.0012645E+1	0.0000000E+0	0.0000000E+0	1.0000000E+2	0.0000000E+0
4.0435000E+1	6.1664088E+1	6.0020587E+1	0.0000000E+0	0.0000000E+0	1.0000000E+2	0.0000000E+0
4.0485000E+1	6.1684314E+1	6.0020282E+1	0.0000000E+0	0.0000000E+0	1.0000000E+2	0.0000000E+0
4.0535000E+1	6.1702235E+1	6.0015941E+1	0.0000000E+0	0.0000000E+0	1.0000000E+2	0.0000000E+0
4.0585000E+1	6.1702154E+1	6.0010063E+1	0.0000000E+0	0.0000000E+0	1.0000000E+2	0.0000000E+0
4.0635000E+1	6.1684783E+1	6.0007548E+1	0.0000000E+0	0.0000000E+0	1.0000000E+2	0.0000000E+0
4.0685000E+1	6.1706336E+1	5.9998835E+1	0.0000000E+0	0.0000000E+0	1.0000000E+2	0.0000000E+0
4.0735000E+1	6.1742524E+1	6.0009261E+1	0.0000000E+0	0.0000000E+0	1.0000000E+2	0.0000000E+0
4.0785000E+1	6.1775572E+1	6.0003115E+1	0.0000000E+0	0.0000000E+0	1.0000000E+2	0.0000000E+0
4.0835000E+1	6.1799003E+1	6.0003031E+1	0.0000000E+0	0.0000000E+0	1.0000000E+2	0.0000000E+0
4.0885000E+1	6.1827187E+1	6.0005001E+1	0.0000000E+0	0.0000000E+0	1.0000000E+2	0.0000000E+0
4.0935000E+1	6.1845874E+1	5.9998209E+1	0.0000000E+0	0.0000000E+0	1.0000000E+2	0.0000000E+0
4.0985000E+1	6.1865309E+1	6.0000345E+1	0.0000000E+0	0.0000000E+0	1.0000000E+2	0.0000000E+0
4.1035000E+1	6.1877166E+1	5.9985059E+1	0.0000000E+0	0.0000000E+0	1.0000000E+2	0.0000000E+0
4.1085000E+1	6.1930949E+1	5.9996175E+1	0.0000000E+0	0.0000000E+0	1.0000000E+2	0.0000000E+0
4.1135000E+1	6.1957990E+1	5.9992691E+1	0.0000000E+0	0.0000000E+0	1.0000000E+2	0.0000000E+0
4.1185000E+1	6.1989606E+1	5.9995046E+1	0.0000000E+0	0.0000000E+0	1.0000000E+2	0.0000000E+0
4.1235000E+1	6.2012399E+1	5.9992212E+1	0.0000000E+0	0.0000000E+0	1.0000000E+2	0.0000000E+0
4.1285000E+1	6.2026581E+1	5.9992163E+1	0.0000000E+0	0.0000000E+0	1.0000000E+2	0.0000000E+0
4.1335000E+1	6.2048262E+1	5.9984663E+1	0.0000000E+0	0.0000000E+0	1.0000000E+2	0.0000000E+0
4.1385000E+1	6.2073368E+1	6.0007759E+1	0.0000000E+0	0.0000000E+0	1.0000000E+2	0.0000000E+0
4.1435000E+1	6.2104078E+1	6.0011277E+1	0.0000000E+0	0.0000000E+0	1.0000000E+2	0.0000000E+0
4.1485000E+1	6.2126135E+1	6.0011268E+1	0.0000000E+0	0.0000000E+0	1.0000000E+2	0.0000000E+0
4.1535000E+1	6.2133293E+1	6.0006526E+1	0.0000000E+0	0.0000000E+0	1.0000000E+2	0.0000000E+0
4.1585000E+1	6.2133230E+1	5.9990755E+1	0.0000000E+0	0.0000000E+0	1.0000000E+2	0.0000000E+0
4.1635000E+1	6.2159027E+1	5.9998620E+1	0.0000000E+0	0.0000000E+0	1.0000000E+2	0.0000000E+0
4.1685000E+1	6.2191851E+1	5.9995995E+1	0.0000000E+0	0.0000000E+0	1.0000000E+2	0.0000000E+0
4.1735000E+1	6.2221649E+1	6.0007708E+1	0.0000000E+0	0.0000000E+0	1.0000000E+2	0.0000000E+0
4.1785000E+1	6.2270828E+1	6.0009910E+1	0.0000000E+0	0.0000000E+0	1.0000000E+2	0.0000000E+0
4.1836000E+1	6.2297639E+1	6.0006167E+1	0.0000000E+0	0.0000000E+0	1.0000000E+2	0.0000000E+0
4.1887000E+1	6.2345823E+1	6.0015359E+1	0.0000000E+0	0.0000000E+0	1.0000000E+2	0.0000000E+0
4.1937000E+1	6.2371491E+1	5.9993681E+1	0.0000000E+0	0.0000000E+0	1.0000000E+2	0.0000000E+0
4.1987000E+1	6.2425813E+1	5.9998602E+1	0.0000000E+0	0.0000000E+0	1.0000000E+2	0.0000000E+0
4.2037000E+1	6.2448435E+1	5.9984456E+1	0.0000000E+0	0.0000000E+0	1.0000000E+2	0.0000000E+0
4.2087000E+1	6.2475273E+1	5.9985944E+1	0.0000000E+0	0.0000000E+0	1.0000000E+2	0.0000000E+0
4.2137000E+1	6.2515592E+1	5.9984468E+1	0.0000000E+0	0.0000000E+0	1.0000000E+2	0.0000000E+0
4.2187000E+1	6.2565532E+1	5.9987272E+1	0.0000000E+0	0.0000000E+0	1.0000000E+2	0.0000000E+0
4.2237000E+1	6.2629080E+1	5.9996748E+1	0.0000000E+0	0.0000000E+0	1.0000000E+2	0.0000000E+0
4.2287000E+1	6.2665616E+1	6.0002069E+1	0.0000000E+0	0.0000000E+0	1.0000000E+2	0.0000000E+0
4.2337000E+1	6.2710034E+1	5.9988968E+1	0.0000000E+0	0.0000000E+0	1.0000000E+2	0.0000000E+0
4.2387000E+1	6.2750568E+1	5.9994204E+1	0.0000000E+0	0.0000000E+0	1.0000000E+2	0.0000000E+0
4.2437000E+1	6.2797891E+1	6.0002731E+1	0.0000000E+0	0.0000000E+0	1.0000000E+2	0.0000000E+0
4.2487000E+1	6.2836598E+1	6.0003402E+1	0.0000000E+0	0.0000000E+0	1.0000000E+2	0.0000000E+0
4.2537000E+1	6.2822302E+1	5.9999296E+1	0.0000000E+0	0.0000000E+0	1.0000000E+2	0.0000000E+0
4.2587000E+1	6.2850707E+1	6.0000154E+1	0.0000000E+0	0.0000000E+0	1.0000000E+2	0.0000000E+0
4.2637000E+1	6.2908686E+1	6.0027327E+1	0.0000000E+0	0.0000000E+0	1.0000000E+2	0.0000000E+0
4.2687000E+1	6.2941371E+1	6.0018108E+1	0.0000000E+0	0.0000000E+0	1.0000000E+2	0.0000000E+0
4.2737000E+1	6.2975432E+1	6.0022278E+1	0.0000000E+0	0.0000000E+0	1.0000000E+2	0.0000000E+0
4.2787000E+1	6.2998322E+1	5.9996927E+1	0.0000000E+0	0.0000000E+0	1.0000000E+2	0.0000000E+0
4.2837000E+1	6.3043804E+1	6.0012697E+1	0.0000000E+0	0.0000000E+0	1.0000000E+2	0.0000000E+0
4.2887000E+1	6.3105070E+1	6.0032951E+1	0.0000000E+0	0.0000000E+0	1.0000000E+2	0.0000000E+0
4.2937000E+1	6.3128349E+1	6.0021779E+1	0.0000000E+0	0.0000000E+0	1.0000000E+2	0.0000000E+0
4.2987000E+1	6.3179467E+1	6.0027264E+1	0.0000000E+0	0.0000000E+0	1.0000000E+2	0.0000000E+0
4.3037000E+1	6.3225387E+1	6.0031382E+1	0.0000000E+0	0.0000000E+0	1.0000000E+2	0.0000000E+0
4.3087000E+1	6.3271483E+1	6.0033807E+1	0.0000000E+0	0.0000000E+0	1.0000000E+2	0.0000000E+0
4.3137000E+1	6.3320212E+1	6.0041011E+1	0.0000000E+0	0.0000000E+0	1.0000000E+2	0.0000000E+0
4.3187000E+1	6.3343402E+1	6.0033943E+1	0.0000000E+0	0.0000000E+0	1.0000000E+2	0.0000000E+0
4.3237000E+1	6.3379784E+1	6.0023145E+1	0.0000000E+0	0.0000000E+0	1.0000000E+2	0.0000000E+0
4.3287000E+1	6.3437376E+1	6.0039083E+1	0.0000000E+0	0.0000000E+0	1.0000000E+2	0.0000000E+0
4.3337000E+1	6.3473864E+1	6.0044010E+1	0.0000000E+0	0.0000000E+0	1.0000000E+2	0.0000000E+0
4.3387000E+1	6.3512792E+1	6.0047826E+1	0.0000000E+0	0.0000000E+0	1.0000000E+2	0.0000000E+0
4.3437000E+1	6.3571541E+1	6.0068928E+1	0.0000000E+0	0.0000000E+0	1.0000000E+2	0.0000000E+0
4.3487000E+1	6.3608195E+1	6.0057383E+1	0.0000000E+0	0.0000000E+0	1.0000000E+2	0.0000000E+0
4.3537000E+1	6.3630493E+1	6.0051444E+1	0.0000000E+0	0.0000000E+0	1.0000000E+2	0.0000000E+0
4.3587000E+1	6.3660034E+1	6.0055534E+1	0.0000000E+0	0.0000000E+0	1.0000000E+2	0.0000000E+0
4.3637000E+1	6.3672052E+1	6.0046338E+1	0.0000000E+0	0.0000000E+0	1.0000000E+2	0.0000000E+0
4.3687000E+1	6.3686204E+1	6.0039679E+1	0.0000000E+0	0.0000000E+0	1.0000000E+2	0.0000000E+0
4.3737000E+1	6.3734286E+1	6.0050590E+1	0.0000000E+0	0.0000000E+0	1.0000000E+2	0.0000000E+0
4.3788000E+1	6.3770557E+1	6.0056680E+1	0.0000000E+0	0.0000000E+0	1.0000000E+2	0.0000000E+0
4.3838000E+1	6.3812046E+1	6.0054828E+1	0.0000000E+0	0.0000000E+0	1.0000000E+2	0.0000000E+0
4.3888000E+1	6.3849537E+1	6.0054306E+1	0.0000000E+0	0.0000000E+0	1.0000000E+2	0.0000000E+0
4.3938000E+1	6.3888308E+1	6.0055951E+1	0.0000000E+0	0.0000000E+0	1.0000000E+2	0.0000000E+0
4.3989000E+1	6.3947714E+1	6.0058364E+1	0.0000000E+0	0.0000000E+0	1.0000000E+2	0.0000000E+0
4.4039000E+1	6.4015308E+1	6.0060063E+1	0.0000000E+0	0.0000000E+0	1.0000000E+2	0.0000000E+0
4.4089000E+1	6.4085687E+1	6.0068253E+1	0.0000000E+0	0.0000000E+0	1.0000000E+2	0.0000000E+0
4.4139000E+1	6.4146625E+1	6.0076317E+1	0.0000000E+0	0.0000000E+0	1.0000000E+2	0.0000000E+0
4.4189000E+1	6.4193341E+1	6.0067374E+1	0.0000000E+0	0.0000000E+0	1.0000000E+2	0.0000000E+0
4.4240000E+1	6.4256072E+1	6.0061624E+1	0.0000000E+0	0.0000000E+0	1.0000000E+2	0.0000000E+0
4.4290000E+1	6.4343567E+1	6.0068466E+1	0.0000000E+0	0.0000000E+0	1.0000000E+2	0.0000000E+0
4.4340000E+1	6.4402881E+1	6.0076906E+1	0.0000000E+0	0.0000000E+0	1.0000000E+2	0.0000000E+0
4.4391000E+1	6.4485471E+1	6.0080484E+1	0.0000000E+0	0.0000000E+0	1.0000000E+2	0.0000000E+0
4.4441000E+1	6.4556798E+1	6.0083107E+1	0.0000000E+0	0.0000000E+0	1.0000000E+2	0.0000000E+0
4.4491000E+1	6.4621540E+1	6.0077364E+1	0.0000000E+0	0.0000000E+0	1.0000000E+2	0.0000000E+0
4.4541000E+1	6.4693344E+1	6.0067733E+1	0.0000000E+0	0.0000000E+0	1.0000000E+2	0.0000000E+0
4.4591000E+1	6.4768641E+1	6.0078263E+1	0.0000000E+0	0.0000000E+0	1.0000000E+2	0.0000000E+0
4.4641000E+1	6.4807320E+1	6.0079777E+1	0.0000000E+0	0.0000000E+0	1.0000000E+2	0.0000000E+0
4.4691000E+1	6.4860266E+1	6.0077068E+1	0.0000000E+0	0.0000000E+0	1.0000000E+2	0.0000000E+0
4.4741000E+1	6.4932222E+1	6.0069771E+1	0.0000000E+0	0.0000000E+0	1.0000000E+2	0.0000000E+0
4.4792000E+1	6.5020481E+1	6.0077738E+1	0.0000000E+0	0.0000000E+0	1.0000000E+2	0.0000000E+0
4.4842000E+1	6.5089674E+1	6.0065353E+1	0.0000000E+0	0.0000000E+0	1.0000000E+2	0.0000000E+0
4.4893000E+1	6.5184015E+1	6.0088743E+1	0.0000000E+0	0.0000000E+0	1.0000000E+2	0.0000000E+0
4.4944000E+1	6.5267143E+1	6.0070796E+1	0.0000000E+0	0.0000000E+0	1.0000000E+2	0.0000000E+0
4.4994000E+1	6.5355016E+1	6.0068246E+1	0.0000000E+0	0.0000000E+0	1.0000000E+2	0.0000000E+0
4.5045000E+1	6.5455330E+1	6.0077739E+1	0.0000000E+0	0.0000000E+0	1.0000000E+2	0.0000000E+0
4.5095000E+1	6.5536525E+1	6.0081352E+1	0.0000000E+0	0.0000000E+0	1.0000000E+2	0.0000000E+0
4.5145000E+1	6.5645011E+1	6.0097547E+1	0.0000000E+0	0.0000000E+0	1.0000000E+2	0.0000000E+0
4.5195000E+1	6.5732020E+1	6.0083827E+1	0.0000000E+0	0.0000000E+0	1.0000000E+2	0.0000000E+0
4.5245000E+1	6.5814120E+1	6.0086240E+1	0.0000000E+0	0.0000000E+0	1.0000000E+2	0.0000000E+0
4.5295000E+1	6.5906523E+1	6.0084816E+1	0.0000000E+0	0.0000000E+0	1.0000000E+2	0.0000000E+0
4.5345000E+1	6.5981143E+1	6.0061981E+1	0.0000000E+0	0.0000000E+0	1.0000000E+2	0.0000000E+0
4.5395000E+1	6.6081855E+1	6.0073513E+1	0.0000000E+0	0.0000000E+0	1.0000000E+2	0.0000000E+0
4.5446000E+1	6.6182878E+1	6.0076690E+1	0.0000000E+0	0.0000000E+0	1.0000000E+2	0.0000000E+0
4.5497000E+1	6.6278604E+1	6.0070675E+1	0.0000000E+0	0.0000000E+0	1.0000000E+2	0.0000000E+0
4.5547000E+1	6.6378721E+1	6.0075807E+1	0.0000000E+0	0.0000000E+0	1.0000000E+2	0.0000000E+0
4.5597000E+1	6.6475589E+1	6.0071176E+1	0.0000000E+0	0.0000000E+0	1.0000000E+2	0.0000000E+0
4.5647000E+1	6.6550897E+1	6.0086547E+1	0.0000000E+0	0.0000000E+0	1.0000000E+2	0.0000000E+0
4.5697000E+1	6.6645783E+1	6.0081362E+1	0.0000000E+0	0.0000000E+0	1.0000000E+2	0.0000000E+0
4.5748000E+1	6.6746780E+1	6.0076483E+1	0.0000000E+0	0.0000000E+0	1.0000000E+2	0.0000000E+0
4.5798000E+1	6.6840792E+1	6.0075957E+1	0.0000000E+0	0.0000000E+0	1.0000000E+2	0.0000000E+0
4.5848000E+1	6.6971607E+1	6.0084206E+1	0.0000000E+0	0.0000000E+0	1.0000000E+2	0.0000000E+0
4.5898000E+1	6.7080414E+1	6.0082341E+1	0.0000000E+0	0.0000000E+0	1.0000000E+2	0.0000000E+0
4.5948000E+1	6.7193572E+1	6.0080538E+1	0.0000000E+0	0.0000000E+0	1.0000000E+2	0.0000000E+0
4.5998000E+1	6.7310143E+1	6.0064816E+1	0.0000000E+0	0.0000000E+0	1.0000000E+2	0.0000000E+0
4.6048000E+1	6.7447867E+1	6.0075926E+1	0.0000000E+0	0.0000000E+0	1.0000000E+2	0.0000000E+0
4.6099000E+1	6.7582281E+1	6.0089844E+1	0.0000000E+0	0.0000000E+0	1.0000000E+2	0.0000000E+0
4.6149000E+1	6.7698313E+1	6.0088538E+1	0.0000000E+0	0.0000000E+0	1.0000000E+2	0.0000000E+0
4.6199000E+1	6.7837217E+1	6.0102618E+1	0.0000000E+0	0.0000000E+0	1.0000000E+2	0.0000000E+0
4.6249000E+1	6.7956685E+1	6.0097423E+1	0.0000000E+0	0.0000000E+0	1.0000000E+2	0.0000000E+0
4.6299000E+1	6.8082709E+1	6.0088221E+1	0.0000000E+0	0.0000000E+0	1.0000000E+2	0.0000000E+0
4.6349000E+1	6.8207149E+1	6.0079474E+1	0.0000000E+0	0.0000000E+0	1.0000000E+2	0.0000000E+0
4.6399000E+1	6.8351823E+1	6.0093253E+1	0.0000000E+0	0.0000000E+0	1.0000000E+2	0.0000000E+0
4.6449000E+1	6.8470887E+1	6.0083393E+1	0.0000000E+0	0.0000000E+0	1.0000000E+2	0.0000000E+0
4.6499000E+1	6.8607421E+1	6.0087011E+1	0.0000000E+0	0.0000000E+0	1.0000000E+2	0.0000000E+0
4.6549000E+1	6.8702400E+1	6.0088890E+1	0.0000000E+0	0.0000000E+0	1.0000000E+2	0.0000000E+0
4.6600000E+1	6.8805018E+1	6.0093586E+1	0.0000000E+0	0.0000000E+0	1.0000000E+2	0.0000000E+0
4.6651000E+1	6.8930784E+1	6.0090844E+1	0.0000000E+0	0.0000000E+0	1.0000000E+2	0.0000000E+0
4.6701000E+1	6.9080248E+1	6.0080939E+1	0.0000000E+0	0.0000000E+0	1.0000000E+2	0.0000000E+0
4.6751000E+1	6.9216032E+1	6.0088794E+1	0.0000000E+0	0.0000000E+0	1.0000000E+2	0.0000000E+0
4.6801000E+1	6.9348902E+1	6.0084073E+1	0.0000000E+0	0.0000000E+0	1.0000000E+2	0.0000000E+0
4.6851000E+1	6.9487976E+1	6.0078898E+1	0.0000000E+0	0.0000000E+0	1.0000000E+2	0.0000000E+0
4.6901000E+1	6.9638297E+1	6.0090442E+1	0.0000000E+0	0.0000000E+0	1.0000000E+2	0.0000000E+0
4.6951000E+1	6.9769336E+1	6.0087180E+1	0.0000000E+0	0.0000000E+0	1.0000000E+2	0.0000000E+0
4.7001000E+1	6.9911322E+1	6.0085375E+1	0.0000000E+0	0.0000000E+0	1.0000000E+2	0.0000000E+0
4.7051000E+1	7.0049661E+1	6.0077827E+1	0.0000000E+0	0.0000000E+0	1.0000000E+2	0.0000000E+0
4.7101000E+1	7.0202254E+1	6.0098833E+1	0.0000000E+0	0.0000000E+0	1.0000000E+2	0.0000000E+0
4.7151000E+1	7.0342647E+1	6.0080769E+1	0.0000000E+0	0.0000000E+0	1.0000000E+2	0.0000000E+0
4.7201000E+1	7.0484547E+1	6.0082853E+1	0.0000000E+0	0.0000000E+0	1.0000000E+2	0.0000000E+0
4.7251000E+1	7.0622607E+1	6.0079092E+1	0.0000000E+0	0.0000000E+0	1.0000000E+2	0.0000000E+0
4.7301000E+1	7.0786488E+1	6.0095688E+1	0.0000000E+0	0.0000000E+0	1.0000000E+2	0.0000000E+0
4.7351000E+1	7.0941347E+1	6.0085526E+1	0.0000000E+0	0.0000000E+0	1.0000000E+2	0.0000000E+0
4.7401000E+1	7.1093231E+1	6.0081295E+1	0.0000000E+0	0.0000000E+0	1.0000000E+2	0.0000000E+0
4.7452000E+1	7.1248443E+1	6.0096767E+1	0.0000000E+0	0.0000000E+0	1.0000000E+2	0.0000000E+0
4.7503000E+1	7.1356730E+1	6.0101173E+1	0.0000000E+0	0.0000000E+0	1.0000000E+2	0.0000000E+0
4.7554000E+1	7.0617911E+1	6.0140294E+1	0.0000000E+0	0.0000000E+0	1.0000000E+2	0.0000000E+0
4.7604000E+1	7.0593656E+1	6.0070430E+1	0.0000000E+0	0.0000000E+0	1.0000000E+2	0.0000000E+0
4.7654000E+1	7.0694228E+1	6.0062227E+1	0.0000000E+0	0.0000000E+0	1.0000000E+2	0.0000000E+0
4.7704000E+1	7.0805980E+1	6.0070389E+1	0.0000000E+0	0.0000000E+0	1.0000000E+2	0.0000000E+0
4.7754000E+1	7.0942496E+1	6.0079714E+1	0.0000000E+0	0.0000000E+0	1.0000000E+2	0.0000000E+0
4.7804000E+1	7.1080013E+1	6.0082615E+1	0.0000000E+0	0.0000000E+0	1.0000000E+2	0.0000000E+0
4.7854000E+1	7.1199505E+1	6.0075368E+1	0.0000000E+0	0.0000000E+0	1.0000000E+2	0.0000000E+0
4.7904000E+1	7.1313257E+1	6.0071126E+1	0.0000000E+0	0.0000000E+0	1.0000000E+2	0.0000000E+0
4.7954000E+1	7.1428826E+1	6.0082793E+1	0.0000000E+0	0.0000000E+0	1.0000000E+2	0.0000000E+0
4.8004000E+1	7.1557128E+1	6.0089972E+1	0.0000000E+0	0.0000000E+0	1.0000000E+2	0.0000000E+0
4.8054000E+1	7.1647381E+1	6.0079695E+1	0.0000000E+0	0.0000000E+0	1.0000000E+2	0.0000000E+0
4.8104000E+1	7.1761634E+1	6.0092664E+1	0.0000000E+0	0.0000000E+0	1.0000000E+2	0.0000000E+0
4.8154000E+1	7.1862579E+1	6.0098671E+1	0.0000000E+0	0.0000000E+0	1.0000000E+2	0.0000000E+0
4.8204000E+1	7.1973938E+1	6.0099233E+1	0.0000000E+0	0.0000000E+0	1.0000000E+2	0.0000000E+0
4.8254000E+1	7.2048022E+1	6.0096925E+1	0.0000000E+0	0.0000000E+0	1.0000000E+2	0.0000000E+0
4.8304000E+1	7.2104851E+1	6.0096391E+1	0.0000000E+0	0.0000000E+0	1.0000000E+2	0.0000000E+0
4.8354000E+1	7.2163126E+1	6.0110877E+1	0.0000000E+0	0.0000000E+0	1.0000000E+2	0.0000000E+0
4.8404000E+1	7.2202274E+1	6.0098899E+1	0.0000000E+0	0.0000000E+0	1.0000000E+2	0.0000000E+0
4.8454000E+1	7.2236251E+1	6.0096065E+1	0.0000000E+0	0.0000000E+0	1.0000000E+2	0.0000000E+0
4.8504000E+1	7.2275083E+1	6.0092565E+1	0.0000000E+0	0.0000000E+0	1.0000000E+2	0.0000000E+0
4.8555000E+1	7.2321088E+1	6.0108685E+1	0.0000000E+0	0.0000000E+0	1.0000000E+2	0.0000000E+0
4.8606000E+1	7.2364939E+1	6.0098655E+1	0.0000000E+0	0.0000000E+0	1.0000000E+2	0.0000000E+0
4.8656000E+1	7.2441079E+1	6.0094755E+1	0.0000000E+0	0.0000000E+0	1.0000000E+2	0.0000000E+0
4.8706000E+1	7.2552007E+1	6.0098803E+1	0.0000000E+0	0.0000000E+0	1.0000000E+2	0.0000000E+0
4.8756000E+1	7.2646004E+1	6.0099150E+1	0.0000000E+0	0.0000000E+0	1.0000000E+2	0.0000000E+0
4.8806000E+1	7.2575895E+1	6.0116155E+1	0.0000000E+0	0.0000000E+0	1.0000000E+2	0.0000000E+0
4.8856000E+1	7.2465830E+1	6.0093201E+1	0.0000000E+0	0.0000000E+0	1.0000000E+2	0.0000000E+0
4.8907000E+1	7.2269904E+1	6.0108971E+1	0.0000000E+0	0.0000000E+0	1.0000000E+2	0.0000000E+0
4.8957000E+1	7.2257561E+1	6.0066249E+1	0.0000000E+0	0.0000000E+0	1.0000000E+2	0.0000000E+0
4.9007000E+1	7.2115437E+1	6.0083782E+1	0.0000000E+0	0.0000000E+0	1.0000000E+2	0.0000000E+0
4.9057000E+1	7.1468133E+1	6.0137008E+1	0.0000000E+0	0.0000000E+0	1.0000000E+2	0.0000000E+0
4.9107000E+1	7.0925852E+1	6.0092098E+1	0.0000000E+0	0.0000000E+0	1.0000000E+2	0.0000000E+0
4.9157000E+1	7.0799605E+1	6.0061352E+1	0.0000000E+0	0.0000000E+0	1.0000000E+2	0.0000000E+0
4.9207000E+1	7.0615420E+1	6.0073315E+1	0.0000000E+0	0.0000000E+0	1.0000000E+2	0.0000000E+0
4.9257000E+1	7.0073360E+1	6.0129504E+1	0.0000000E+0	0.0000000E+0	1.0000000E+2	0.0000000E+0
4.9307000E+1	6.9760816E+1	6.0074075E+1	0.0000000E+0	0.0000000E+0	1.0000000E+2	0.0000000E+0
4.9357000E+1	6.9444986E+1	6.0075906E+1	0.0000000E+0	0.0000000E+0	1.0000000E+2	0.0000000E+0
4.9408000E+1	6.9236965E+1	6.0106823E+1	0.0000000E+0	0.0000000E+0	1.0000000E+2	0.0000000E+0
4.9458000E+1	6.8898315E+1	6.0069311E+1	0.0000000E+0	0.0000000E+0	1.0000000E+2	0.0000000E+0
4.9508000E+1	6.8930662E+1	6.0076098E+1	0.0000000E+0	0.0000000E+0	1.0000000E+2	0.0000000E+0
4.9558000E+1	6.8945109E+1	6.0099144E+1	0.0000000E+0	0.0000000E+0	1.0000000E+2	0.0000000E+0
4.9608000E+1	6.8631253E+1	6.0090185E+1	0.0000000E+0	0.0000000E+0	1.0000000E+2	0.0000000E+0
4.9658000E+1	6.8718536E+1	6.0065387E+1	0.0000000E+0	0.0000000E+0	1.0000000E+2	0.0000000E+0
4.9708000E+1	6.8864213E+1	6.0064195E+1	0.0000000E+0	0.0000000E+0	1.0000000E+2	0.0000000E+0
4.9758000E+1	6.9015935E+1	6.0065435E+1	0.0000000E+0	0.0000000E+0	1.0000000E+2	0.0000000E+0
4.9808000E+1	6.9164528E+1	6.0066695E+1	0.0000000E+0	0.0000000E+0	1.0000000E+2	0.0000000E+0
4.9858000E+1	6.9298979E+1	6.0067285E+1	0.0000000E+0	0.0000000E+0	1.0000000E+2	0.0000000E+0
4.9908000E+1	6.9438211E+1	6.0068314E+1	0.0000000E+0	0.0000000E+0	1.0000000E+2	0.0000000E+0
4.9958000E+1	6.9602800E+1	6.0079635E+1	0.0000000E+0	0.0000000E+0	1.0000000E+2	0.0000000E+0
5.0008000E+1	6.9760069E+1	6.0075215E+1	0.0000000E+0	0.0000000E+0	1.0000000E+2	0.0000000E+0
5.0058000E+1	6.9894423E+1	6.0080165E+1	0.0000000E+0	0.0000000E+0	1.0000000E+2	0.0000000E+0
5.0108000E+1	7.0035661E+1	6.0084953E+1	0.0000000E+0	0.0000000E+0	1.0000000E+2	0.0000000E+0
5.0158000E+1	7.0016679E+1	6.0105011E+1	0.0000000E+0	0.0000000E+0	1.0000000E+2	0.0000000E+0
5.0208000E+1	6.9902009E+1	6.0090086E+1	0.0000000E+0	0.0000000E+0	1.0000000E+2	0.0000000E+0
5.0258000E+1	6.9976866E+1	6.0105047E+1	0.0000000E+0	0.0000000E+0	1.0000000E+2	0.0000000E+0
5.0308000E+1	6.9997703E+1	6.0092716E+1	0.0000000E+0	0.0000000E+0	1.0000000E+2	0.0000000E+0
5.0358000E+1	7.0026120E+1	6.0087877E+1	0.0000000E+0	0.0000000E+0	1.0000000E+2	0.0000000E+0
5.0408000E+1	7.0119493E+1	6.0092568E+1	0.0000000E+0	0.0000000E+0	1.0000000E+2	0.0000000E+0
5.0458000E+1	7.0230169E+1	6.0093845E+1	0.0000000E+0	0.0000000E+0	1.0000000E+2	0.0000000E+0
5.0508000E+1	7.0348547E+1	6.0097195E+1	0.0000000E+0	0.0000000E+0	1.0000000E+2	0.0000000E+0
5.0558000E+1	7.0462506E+1	6.0098948E+1	0.0000000E+0	0.0000000E+0	1.0000000E+2	0.0000000E+0
5.0608000E+1	7.0575046E+1	6.0098293E+1	0.0000000E+0	0.0000000E+0	1.0000000E+2	0.0000000E+0
5.0658000E+1	7.0686288E+1	6.0099029E+1	0.0000000E+0	0.0000000E+0	1.0000000E+2	0.0000000E+0
5.0708000E+1	7.0769871E+1	6.0116807E+1	0.0000000E+0	0.0000000E+0	1.0000000E+2	0.0000000E+0
5.0758000E+1	7.0777458E+1	6.0120705E+1	0.0000000E+0	0.0000000E+0	1.0000000E+2	0.0000000E+0
5.0808000E+1	7.0892569E+1	6.0105549E+1	0.0000000E+0	0.0000000E+0	1.0000000E+2	0.0000000E+0
5.0858000E+1	7.0970389E+1	6.0105216E+1	0.0000000E+0	0.0000000E+0	1.0000000E+2	0.0000000E+0
5.0908000E+1	7.1076240E+1	6.0094174E+1	0.0000000E+0	0.0000000E+0	1.0000000E+2	0.0000000E+0
5.0958000E+1	7.1170589E+1	6.0100832E+1	0.0000000E+0	0.0000000E+0	1.0000000E+2	0.0000000E+0
5.1008000E+1	7.1242063E+1	6.0095481E+1	0.0000000E+0	0.0000000E+0	1.0000000E+2	0.0000000E+0
5.1058000E+1	7.1058597E+1	6.0096468E+1	0.0000000E+0	0.0000000E+0	1.0000000E+2	0.0000000E+0
5.1108000E+1	7.0395088E+1	6.0127247E+1	0.0000000E+0	0.0000000E+0	1.0000000E+2	0.0000000E+0
5.1158000E+1	6.9625803E+1	6.0103421E+1	0.0000000E+0	0.0000000E+0	1.0000000E+2	0.0000000E+0
5.1208000E+1	6.9076499E+1	6.0116046E+1	0.0000000E+0	0.0000000E+0	1.0000000E+2	0.0000000E+0
5.1258000E+1	6.8675968E+1	6.0106703E+1	0.0000000E+0	0.0000000E+0	1.0000000E+2	0.0000000E+0
5.1308000E+1	6.8237743E+1	6.0125126E+1	0.0000000E+0	0.0000000E+0	1.0000000E+2	0.0000000E+0
5.1358000E+1	6.7281097E+1	6.0090410E+1	0.0000000E+0	0.0000000E+0	1.0000000E+2	0.0000000E+0
5.1408000E+1	6.7014341E+1	6.0078357E+1	0.0000000E+0	0.0000000E+0	1.0000000E+2	0.0000000E+0
5.1458000E+1	6.6937097E+1	6.0067572E+1	0.0000000E+0	0.0000000E+0	1.0000000E+2	0.0000000E+0
5.1508000E+1	6.6905197E+1	6.0073240E+1	0.0000000E+0	0.0000000E+0	1.0000000E+2	0.0000000E+0
5.1558000E+1	6.6853082E+1	6.0081172E+1	0.0000000E+0	0.0000000E+0	1.0000000E+2	0.0000000E+0
5.1608000E+1	6.6810145E+1	6.0084809E+1	0.0000000E+0	0.0000000E+0	1.0000000E+2	0.0000000E+0
5.1658000E+1	6.6735965E+1	6.0101682E+1	0.0000000E+0	0.0000000E+0	1.0000000E+2	0.0000000E+0
5.1708000E+1	6.6644978E+1	6.0092265E+1	0.0000000E+0	0.0000000E+0	1.0000000E+2	0.0000000E+0
5.1758000E+1	6.6624835E+1	6.0085327E+1	0.0000000E+0	0.0000000E+0	1.0000000E+2	0.0000000E+0
5.1808000E+1	6.6645986E+1	6.0087424E+1	0.0000000E+0	0.0000000E+0	1.0000000E+2	0.0000000E+0
5.1858000E+1	6.6682750E+1	6.0086593E+1	0.0000000E+0	0.0000000E+0	1.0000000E+2	0.0000000E+0
5.1908000E+1	6.6722131E+1	6.0084932E+1	0.0000000E+0	0.0000000E+0	1.0000000E+2	0.0000000E+0
5.1958000E+1	6.6744076E+1	6.0089875E+1	0.0000000E+0	0.0000000E+0	1.0000000E+2	0.0000000E+0
5.2008000E+1	6.6779862E+1	6.0074030E+1	0.0000000E+0	0.0000000E+0	1.0000000E+2	0.0000000E+0
5.2058000E+1	6.6828384E+1	6.0090917E+1	0.0000000E+0	0.0000000E+0	1.0000000E+2	0.0000000E+0
5.2108000E+1	6.6887345E+1	6.0093946E+1	0.0000000E+0	0.0000000E+0	1.0000000E+2	0.0000000E+0
5.2158000E+1	6.6920265E+1	6.0087625E+1	0.0000000E+0	0.0000000E+0	1.0000000E+2	0.0000000E+0
5.2209000E+1	6.6925841E+1	6.0065870E+1	0.0000000E+0	0.0000000E+0	1.0000000E+2	0.0000000E+0
5.2260000E+1	6.6946859E+1	6.0077181E+1	0.0000000E+0	0.0000000E+0	1.0000000E+2	0.0000000E+0
5.2310000E+1	6.6822806E+1	6.0084658E+1	0.0000000E+0	0.0000000E+0	1.0000000E+2	0.0000000E+0
5.2360000E+1	6.6824341E+1	6.0078234E+1	0.0000000E+0	0.0000000E+0	1.0000000E+2	0.0000000E+0
5.2410000E+1	6.6866558E+1	6.0089098E+1	0.0000000E+0	0.0000000E+0	1.0000000E+2	0.0000000E+0
5.2461000E+1	6.6886497E+1	6.0091365E+1	0.0000000E+0	0.0000000E+0	1.0000000E+2	0.0000000E+0
5.2511000E+1	6.6903822E+1	6.0097648E+1	0.0000000E+0	0.0000000E+0	1.0000000E+2	0.0000000E+0
5.2561000E+1	6.6819638E+1	6.0091047E+1	0.0000000E+0	0.0000000E+0	1.0000000E+2	0.0000000E+0
5.2612000E+1	6.6766722E+1	6.0083764E+1	0.0000000E+0	0.0000000E+0	1.0000000E+2	0.0000000E+0
5.2663000E+1	6.6799306E+1	6.0065909E+1	0.0000000E+0	0.0000000E+0	1.0000000E+2	0.0000000E+0
5.2713000E+1	6.6851726E+1	6.0080065E+1	0.0000000E+0	0.0000000E+0	1.0000000E+2	0.0000000E+0
5.2763000E+1	6.6929901E+1	6.0083118E+1	0.0000000E+0	0.0000000E+0	1.0000000E+2	0.0000000E+0
5.2813000E+1	6.6976847E+1	6.0077290E+1	0.0000000E+0	0.0000000E+0	1.0000000E+2	0.0000000E+0
5.2863000E+1	6.7039023E+1	6.0082064E+1	0.0000000E+0	0.0000000E+0	1.0000000E+2	0.0000000E+0
5.2913000E+1	6.7078286E+1	6.0072813E+1	0.0000000E+0	0.0000000E+0	1.0000000E+2	0.0000000E+0
5.2963000E+1	6.7121651E+1	6.0070771E+1	0.0000000E+0	0.0000000E+0	1.0000000E+2	0.0000000E+0
5.3013000E+1	6.7188233E+1	6.0084875E+1	0.0000000E+0	0.0000000E+0	1.0000000E+2	0.0000000E+0
5.3063000E+1	6.7254761E+1	6.0079036E+1	0.0000000E+0	0.0000000E+0	1.0000000E+2	0.0000000E+0
5.3113000E+1	6.7299420E+1	6.0085549E+1	0.0000000E+0	0.0000000E+0	1.0000000E+2	0.0000000E+0
5.3163000E+1	6.7325379E+1	6.0073768E+1	0.0000000E+0	0.0000000E+0	1.0000000E+2	0.0000000E+0
5.3213000E+1	6.7353930E+1	6.0074769E+1	0.0000000E+0	0.0000000E+0	1.0000000E+2	0.0000000E+0
5.3263000E+1	6.7404711E+1	6.0091140E+1	0.0000000E+0	0.0000000E+0	1.0000000E+2	0.0000000E+0
5.3313000E+1	6.7369062E+1	6.0104442E+1	0.0000000E+0	0.0000000E+0	1.0000000E+2	0.0000000E+0
5.3363000E+1	6.7284224E+1	6.0081032E+1	0.0000000E+0	0.0000000E+0	1.0000000E+2	0.0000000E+0
5.3413000E+1	6.7295197E+1	6.0066845E+1	0.0000000E+0	0.0000000E+0	1.0000000E+2	0.0000000E+0
5.3464000E+1	6.7352952E+1	6.0084872E+1	0.0000000E+0	0.0000000E+0	1.0000000E+2	0.0000000E+0
5.3515000E+1	6.7399364E+1	6.0084943E+1	0.0000000E+0	0.0000000E+0	1.0000000E+2	0.0000000E+0
5.3565000E+1	6.7455190E+1	6.0103549E+1	0.0000000E+0	0.0000000E+0	1.0000000E+2	0.0000000E+0
5.3616000E+1	6.7491961E+1	6.0095348E+1	0.0000000E+0	0.0000000E+0	1.0000000E+2	0.0000000E+0
5.3666000E+1	6.7549993E+1	6.0078285E+1	0.0000000E+0	0.0000000E+0	1.0000000E+2	0.0000000E+0
5.3717000E+1	6.7635073E+1	6.0081444E+1	0.0000000E+0	0.0000000E+0	1.0000000E+2	0.0000000E+0
5.3767000E+1	6.7662447E+1	6.0068860E+1	0.0000000E+0	0.0000000E+0	1.0000000E+2	0.0000000E+0
5.3817000E+1	6.7655272E+1	6.0062930E+1	0.0000000E+0	0.0000000E+0	1.0000000E+2	0.0000000E+0
5.3867000E+1	6.7644404E+1	6.0064083E+1	0.0000000E+0	0.0000000E+0	1.0000000E+2	0.0000000E+0
5.3917000E+1	6.7701757E+1	6.0079616E+1	0.0000000E+0	0.0000000E+0	1.0000000E+2	0.0000000E+0
5.3967000E+1	6.7760664E+1	6.0075184E+1	0.0000000E+0	0.0000000E+0	1.0000000E+2	0.0000000E+0
5.4017000E+1	6.7819318E+1	6.0066927E+1	0.0000000E+0	0.0000000E+0	1.0000000E+2	0.0000000E+0
5.4067000E+1	6.7896739E+1	6.0080302E+1	0.0000000E+0	0.0000000E+0	1.0000000E+2	0.0000000E+0
5.4118000E+1	6.7965571E+1	6.0073793E+1	0.0000000E+0	0.0000000E+0	1.0000000E+2	0.0000000E+0
5.4168000E+1	6.8013231E+1	6.0078896E+1	0.0000000E+0	0.0000000E+0	1.0000000E+2	0.0000000E+0
5.4218000E+1	6.8046363E+1	6.0076654E+1	0.0000000E+0	0.0000000E+0	1.0000000E+2	0.0000000E+0
5.4268000E+1	6.8097915E+1	6.0080554E+1	0.0000000E+0	0.0000000E+0	1.0000000E+2	0.0000000E+0
5.4318000E+1	6.8141771E+1	6.0081092E+1	0.0000000E+0	0.0000000E+0	1.0000000E+2	0.0000000E+0
5.4369000E+1	6.8150402E+1	6.0075969E+1	0.0000000E+0	0.0000000E+0	1.0000000E+2	0.0000000E+0
5.4419000E+1	6.8088435E+1	6.0086852E+1	0.0000000E+0	0.0000000E+0	1.0000000E+2	0.0000000E+0
5.4470000E+1	6.8037794E+1	6.0091814E+1	0.0000000E+0	0.0000000E+0	1.0000000E+2	0.0000000E+0
5.4520000E+1	6.7987258E+1	6.0083083E+1	0.0000000E+0	0.0000000E+0	1.0000000E+2	0.0000000E+0
5.4570000E+1	6.7934151E+1	6.0076956E+1	0.0000000E+0	0.0000000E+0	1.0000000E+2	0.0000000E+0
5.4620000E+1	6.7908956E+1	6.0082962E+1	0.0000000E+0	0.0000000E+0	1.0000000E+2	0.0000000E+0
5.4670000E+1	6.7941832E+1	6.0087037E+1	0.0000000E+0	0.0000000E+0	1.0000000E+2	0.0000000E+0
5.4720000E+1	6.7967331E+1	6.0085768E+1	0.0000000E+0	0.0000000E+0	1.0000000E+2	0.0000000E+0
5.4770000E+1	6.8007869E+1	6.0092036E+1	0.0000000E+0	0.0000000E+0	1.0000000E+2	0.0000000E+0
5.4820000E+1	6.8013441E+1	6.0098341E+1	0.0000000E+0	0.0000000E+0	1.0000000E+2	0.0000000E+0
5.4870000E+1	6.7980663E+1	6.0096857E+1	0.0000000E+0	0.0000000E+0	1.0000000E+2	0.0000000E+0
5.4920000E+1	6.7870821E+1	6.0097923E+1	0.0000000E+0	0.0000000E+0	1.0000000E+2	0.0000000E+0
5.4971000E+1	6.7826338E+1	6.0084680E+1	0.0000000E+0	0.0000000E+0	1.0000000E+2	0.0000000E+0
5.5022000E+1	6.7779575E+1	6.0076005E+1	0.0000000E+0	0.0000000E+0	1.0000000E+2	0.0000000E+0
5.5072000E+1	6.7806283E+1	6.0086334E+1	0.0000000E+0	0.0000000E+0	1.0000000E+2	0.0000000E+0
5.5122000E+1	6.7815924E+1	6.0076621E+1	0.0000000E+0	0.0000000E+0	1.0000000E+2	0.0000000E+0
5.5172000E+1	6.7820883E+1	6.0082249E+1	0.0000000E+0	0.0000000E+0	1.0000000E+2	0.0000000E+0
5.5222000E+1	6.7662803E+1	6.0125952E+1	0.0000000E+0	0.0000000E+0	1.0000000E+2	0.0000000E+0
5.5272000E+1	6.6805987E+1	6.0097900E+1	0.0000000E+0	0.0000000E+0	1.0000000E+2	0.0000000E+0
5.5322000E+1	6.6678553E+1	6.0071606E+1	0.0000000E+0	0.0000000E+0	1.0000000E+2	0.0000000E+0
5.5372000E+1	6.6665480E+1	6.0079970E+1	0.0000000E+0	0.0000000E+0	1.0000000E+2	0.0000000E+0
5.5424000E+1	6.6704002E+1	6.0077094E+1	0.0000000E+0	0.0000000E+0	1.0000000E+2	0.0000000E+0
5.5474000E+1	6.6762712E+1	6.0089707E+1	0.0000000E+0	0.0000000E+0	1.0000000E+2	0.0000000E+0
5.5525000E+1	6.6841542E+1	6.0088549E+1	0.0000000E+0	0.0000000E+0	1.0000000E+2	0.0000000E+0
5.5575000E+1	6.6892201E+1	6.0100450E+1	0.0000000E+0	0.0000000E+0	1.0000000E+2	0.0000000E+0
5.5625000E+1	6.6960272E+1	6.0108625E+1	0.0000000E+0	0.0000000E+0	1.0000000E+2	0.0000000E+0
5.5676000E+1	6.7014002E+1	6.0116505E+1	0.0000000E+0	0.0000000E+0	1.0000000E+2	0.0000000E+0
5.5726000E+1	6.7021903E+1	6.0115783E+1	0.0000000E+0	0.0000000E+0	1.0000000E+2	0.0000000E+0
5.5776000E+1	6.7052413E+1	6.0104157E+1	0.0000000E+0	0.0000000E+0	1.0000000E+2	0.0000000E+0
5.5826000E+1	6.7107053E+1	6.0110228E+1	0.0000000E+0	0.0000000E+0	1.0000000E+2	0.0000000E+0
5.5876000E+1	6.7180878E+1	6.0117412E+1	0.0000000E+0	0.0000000E+0	1.0000000E+2	0.0000000E+0
5.5926000E+1	6.7224933E+1	6.0099634E+1	0.0000000E+0	0.0000000E+0	1.0000000E+2	0.0000000E+0
5.5976000E+1	6.7272064E+1	6.0096779E+1	0.0000000E+0	0.0000000E+0	1.0000000E+2	0.0000000E+0
5.6026000E+1	6.7340529E+1	6.0110822E+1	0.0000000E+0	0.0000000E+0	1.0000000E+2	0.0000000E+0
5.6076000E+1	6.7391443E+1	6.0103994E+1	0.0000000E+0	0.0000000E+0	1.0000000E+2	0.0000000E+0
5.6126000E+1	6.7439470E+1	6.0113012E+1	0.0000000E+0	0.0000000E+0	1.0000000E+2	0.0000000E+0
5.6176000E+1	6.7455940E+1	6.0089571E+1	0.0000000E+0	0.0000000E+0	1.0000000E+2	0.0000000E+0
5.6226000E+1	6.7443822E+1	6.0073950E+1	0.0000000E+0	0.0000000E+0	1.0000000E+2	0.0000000E+0
5.6276000E+1	6.7454128E+1	6.0080208E+1	0.0000000E+0	0.0000000E+0	1.0000000E+2	0.0000000E+0
5.6326000E+1	6.7511158E+1	6.0098832E+1	0.0000000E+0	0.0000000E+0	1.0000000E+2	0.0000000E+0
5.6376000E+1	6.7539707E+1	6.0099802E+1	0.0000000E+0	0.0000000E+0	1.0000000E+2	0.0000000E+0
5.6426000E+1	6.7462012E+1	6.0126256E+1	0.0000000E+0	0.0000000E+0	1.0000000E+2	0.0000000E+0
5.6477000E+1	6.7349235E+1	6.0103473E+1	0.0000000E+0	0.0000000E+0	1.0000000E+2	0.0000000E+0
5.6527000E+1	6.7389437E+1	6.0108281E+1	0.0000000E+0	0.0000000E+0	1.0000000E+2	0.0000000E+0
5.6577000E+1	6.7401234E+1	6.0111150E+1	0.0000000E+0	0.0000000E+0	1.0000000E+2	0.0000000E+0
5.6628000E+1	6.7433465E+1	6.0116738E+1	0.0000000E+0	0.0000000E+0	1.0000000E+2	0.0000000E+0
5.6678000E+1	6.7479964E+1	6.0108703E+1	0.0000000E+0	0.0000000E+0	1.0000000E+2	0.0000000E+0
5.6728000E+1	6.7547819E+1	6.0142849E+1	0.0000000E+0	0.0000000E+0	1.0000000E+2	0.0000000E+0
5.6778000E+1	6.7550924E+1	6.0140375E+1	0.0000000E+0	0.0000000E+0	1.0000000E+2	0.0000000E+0
5.6828000E+1	6.7611698E+1	6.0136615E+1	0.0000000E+0	0.0000000E+0	1.0000000E+2	0.0000000E+0
5.6878000E+1	6.7663874E+1	6.0125881E+1	0.0000000E+0	0.0000000E+0	1.0000000E+2	0.0000000E+0
5.6928000E+1	6.7764781E+1	6.0131594E+1	0.0000000E+0	0.0000000E+0	1.0000000E+2	0.0000000E+0
5.6978000E+1	6.7818759E+1	6.0123284E+1	0.0000000E+0	0.0000000E+0	1.0000000E+2	0.0000000E+0
5.7028000E+1	6.7482246E+1	6.0108860E+1	0.0000000E+0	0.0000000E+0	1.0000000E+2	0.0000000E+0
5.7078000E+1	6.7028008E+1	6.0106340E+1	0.0000000E+0	0.0000000E+0	1.0000000E+2	0.0000000E+0
5.7128000E+1	6.6974210E+1	6.0117755E+1	0.0000000E+0	0.0000000E+0	1.0000000E+2	0.0000000E+0
5.7178000E+1	6.7008890E+1	6.0123040E+1	0.0000000E+0	0.0000000E+0	1.0000000E+2	0.0000000E+0
5.7228000E+1	6.7075052E+1	6.0135985E+1	0.0000000E+0	0.0000000E+0	1.0000000E+2	0.0000000E+0
5.7278000E+1	6.7161550E+1	6.0132344E+1	0.0000000E+0	0.0000000E+0	1.0000000E+2	0.0000000E+0
5.7328000E+1	6.7243837E+1	6.0135352E+1	0.0000000E+0	0.0000000E+0	1.0000000E+2	0.0000000E+0
5.7378000E+1	6.7315783E+1	6.0155202E+1	0.0000000E+0	0.0000000E+0	1.0000000E+2	0.0000000E+0
5.7428000E+1	6.7374205E+1	6.0164619E+1	0.0000000E+0	0.0000000E+0	1.0000000E+2	0.0000000E+0
5.7478000E+1	6.7453017E+1	6.0161440E+1	0.0000000E+0	0.0000000E+0	1.0000000E+2	0.0000000E+0
5.7528000E+1	6.7504144E+1	6.0170108E+1	0.0000000E+0	0.0000000E+0	1.0000000E+2	0.0000000E+0
5.7578000E+1	6.7545476E+1	6.0166968E+1	0.0000000E+0	0.0000000E+0	1.0000000E+2	0.0000000E+0
5.7629000E+1	6.7597383E+1	6.0160405E+1	0.0000000E+0	0.0000000E+0	1.0000000E+2	0.0000000E+0
5.7680000E+1	6.7641003E+1	6.0167539E+1	0.0000000E+0	0.0000000E+0	1.0000000E+2	0.0000000E+0
5.7730000E+1	6.7686276E+1	6.0171679E+1	0.0000000E+0	0.0000000E+0	1.0000000E+2	0.0000000E+0
5.7780000E+1	6.7705136E+1	6.0173207E+1	0.0000000E+0	0.0000000E+0	1.0000000E+2	0.0000000E+0
5.7830000E+1	6.7655875E+1	6.0175465E+1	0.0000000E+0	0.0000000E+0	1.0000000E+2	0.0000000E+0
5.7880000E+1	6.7680185E+1	6.0177606E+1	0.0000000E+0	0.0000000E+0	1.0000000E+2	0.0000000E+0
5.7930000E+1	6.7729115E+1	6.0173182E+1	0.0000000E+0	0.0000000E+0	1.0000000E+2	0.0000000E+0
5.7980000E+1	6.7763648E+1	6.0168737E+1	0.0000000E+0	0.0000000E+0	1.0000000E+2	0.0000000E+0
5.8030000E+1	6.7816082E+1	6.0180422E+1	0.0000000E+0	0.0000000E+0	1.0000000E+2	0.0000000E+0
5.8080000E+1	6.7827640E+1	6.0193021E+1	0.0000000E+0	0.0000000E+0	1.0000000E+2	0.0000000E+0
5.8130000E+1	6.7688266E+1	6.0167560E+1	0.0000000E+0	0.0000000E+0	1.0000000E+2	0.0000000E+0
5.8180000E+1	6.7657841E+1	6.0163087E+1	0.0000000E+0	0.0000000E+0	1.0000000E+2	0.0000000E+0
5.8230000E+1	6.7703521E+1	6.0173917E+1	0.0000000E+0	0.0000000E+0	1.0000000E+2	0.0000000E+0
5.8282000E+1	6.7747288E+1	6.0162116E+1	0.0000000E+0	0.0000000E+0	1.0000000E+2	0.0000000E+0
5.8332000E+1	6.7796227E+1	6.0174593E+1	0.0000000E+0	0.0000000E+0	1.0000000E+2	0.0000000E+0
5.8382000E+1	6.7819140E+1	6.0181055E+1	0.0000000E+0	0.0000000E+0	1.0000000E+2	0.0000000E+0
5.8433000E+1	6.7840568E+1	6.0174302E+1	0.0000000E+0	0.0000000E+0	1.0000000E+2	0.0000000E+0
5.8484000E+1	6.7874455E+1	6.0180002E+1	0.0000000E+0	0.0000000E+0	1.0000000E+2	0.0000000E+0
5.8534000E+1	6.7683518E+1	6.0171532E+1	0.0000000E+0	0.0000000E+0	1.0000000E+2	0.0000000E+0
5.8585000E+1	6.7530900E+1	6.0151738E+1	0.0000000E+0	0.0000000E+0	1.0000000E+2	0.0000000E+0
5.8636000E+1	6.7541940E+1	6.0157919E+1	0.0000000E+0	0.0000000E+0	1.0000000E+2	0.0000000E+0
5.8686000E+1	6.7552017E+1	6.0153580E+1	0.0000000E+0	0.0000000E+0	1.0000000E+2	0.0000000E+0
5.8736000E+1	6.7561697E+1	6.0166260E+1	0.0000000E+0	0.0000000E+0	1.0000000E+2	0.0000000E+0
5.8786000E+1	6.7617296E+1	6.0169831E+1	0.0000000E+0	0.0000000E+0	1.0000000E+2	0.0000000E+0
5.8838000E+1	6.7657289E+1	6.0174839E+1	0.0000000E+0	0.0000000E+0	1.0000000E+2	0.0000000E+0
5.8888000E+1	6.7718578E+1	6.0182207E+1	0.0000000E+0	0.0000000E+0	1.0000000E+2	0.0000000E+0
5.8938000E+1	6.7777486E+1	6.0187423E+1	0.0000000E+0	0.0000000E+0	1.0000000E+2	0.0000000E+0
5.8988000E+1	6.7830194E+1	6.0192564E+1	0.0000000E+0	0.0000000E+0	1.0000000E+2	0.0000000E+0
5.9038000E+1	6.7888844E+1	6.0193599E+1	0.0000000E+0	0.0000000E+0	1.0000000E+2	0.0000000E+0
5.9088000E+1	6.7940051E+1	6.0181793E+1	0.0000000E+0	0.0000000E+0	1.0000000E+2	0.0000000E+0
5.9138000E+1	6.8012931E+1	6.0178726E+1	0.0000000E+0	0.0000000E+0	1.0000000E+2	0.0000000E+0
5.9188000E+1	6.8092357E+1	6.0184252E+1	0.0000000E+0	0.0000000E+0	1.0000000E+2	0.0000000E+0
5.9238000E+1	6.8178619E+1	6.0188685E+1	0.0000000E+0	0.0000000E+0	1.0000000E+2	0.0000000E+0
5.9288000E+1	6.8250580E+1	6.0192115E+1	0.0000000E+0	0.0000000E+0	1.0000000E+2	0.0000000E+0
5.9338000E+1	6.8328395E+1	6.0178154E+1	0.0000000E+0	0.0000000E+0	1.0000000E+2	0.0000000E+0
5.9388000E+1	6.8414121E+1	6.0188411E+1	0.0000000E+0	0.0000000E+0	1.0000000E+2	0.0000000E+0
5.9438000E+1	6.8487240E+1	6.0186945E+1	0.0000000E+0	0.0000000E+0	1.0000000E+2	0.0000000E+0
5.9488000E+1	6.8506284E+1	6.0180208E+1	0.0000000E+0	0.0000000E+0	1.0000000E+2	0.0000000E+0
5.9538000E+1	6.8537414E+1	6.0172648E+1	0.0000000E+0	0.0000000E+0	1.0000000E+2	0.0000000E+0
5.9588000E+1	6.8585972E+1	6.0166141E+1	0.0000000E+0	0.0000000E+0	1.0000000E+2	0.0000000E+0
5.9638000E+1	6.8625071E+1	6.0167727E+1	0.0000000E+0	0.0000000E+0	1.0000000E+2	0.0000000E+0
5.9688000E+1	6.8675437E+1	6.0179127E+1	0.0000000E+0	0.0000000E+0	1.0000000E+2	0.0000000E+0
5.9738000E+1	6.8646035E+1	6.0159299E+1	0.0000000E+0	0.0000000E+0	1.0000000E+2	0.0000000E+0
5.9788000E+1	6.8690990E+1	6.0155436E+1	0.0000000E+0	0.0000000E+0	1.0000000E+2	0.0000000E+0
5.9838000E+1	6.8772881E+1	6.0156141E+1	0.0000000E+0	0.0000000E+0	1.0000000E+2	0.0000000E+0
5.9888000E+1	6.8855776E+1	6.0175698E+1	0.0000000E+0	0.0000000E+0	1.0000000E+2	0.0000000E+0
5.9938000E+1	6.8945147E+1	6.0173370E+1	0.0000000E+0	0.0000000E+0	1.0000000E+2	0.0000000E+0
5.9988000E+1	6.9010763E+1	6.0179556E+1	0.0000000E+0	0.0000000E+0	1.0000000E+2	0.0000000E+0
6.0038000E+1	6.9076008E+1	6.0191541E+1	0.0000000E+0	0.0000000E+0	1.0000000E+2	0.0000000E+0
6.0088000E+1	6.9125101E+1	6.0194912E+1	0.0000000E+0	0.0000000E+0	1.0000000E+2	0.0000000E+0
6.0138000E+1	6.9130688E+1	6.0165050E+1	0.0000000E+0	0.0000000E+0	1.0000000E+2	0.0000000E+0
6.0188000E+1	6.9195323E+1	6.0179653E+1	0.0000000E+0	0.0000000E+0	1.0000000E+2	0.0000000E+0
6.0238000E+1	6.9255891E+1	6.0175571E+1	0.0000000E+0	0.0000000E+0	1.0000000E+2	0.0000000E+0
6.0288000E+1	6.9212739E+1	6.0184859E+1	0.0000000E+0	0.0000000E+0	1.0000000E+2	0.0000000E+0
6.0339000E+1	6.8627490E+1	6.0203991E+1	0.0000000E+0	0.0000000E+0	1.0000000E+2	0.0000000E+0
6.0390000E+1	6.8463468E+1	6.0176307E+1	0.0000000E+0	0.0000000E+0	1.0000000E+2	0.0000000E+0
6.0441000E+1	6.8258126E+1	6.0178383E+1	0.0000000E+0	0.0000000E+0	1.0000000E+2	0.0000000E+0
6.0491000E+1	6.8192358E+1	6.0161898E+1	0.0000000E+0	0.0000000E+0	1.0000000E+2	0.0000000E+0
6.0542000E+1	6.7784645E+1	6.0166676E+1	0.0000000E+0	0.0000000E+0	1.0000000E+2	0.0000000E+0
6.0592000E+1	6.7514493E+1	6.0145696E+1	0.0000000E+0	0.0000000E+0	1.0000000E+2	0.0000000E+0
6.0642000E+1	6.7194205E+1	6.0149656E+1	0.0000000E+0	0.0000000E+0	1.0000000E+2	0.0000000E+0
6.0693000E+1	6.6942957E+1	6.0168482E+1	0.0000000E+0	0.0000000E+0	1.0000000E+2	0.0000000E+0
6.0743000E+1	6.6832508E+1	6.0162553E+1	0.0000000E+0	0.0000000E+0	1.0000000E+2	0.0000000E+0
6.0794000E+1	6.6885176E+1	6.0169222E+1	0.0000000E+0	0.0000000E+0	1.0000000E+2	0.0000000E+0
6.0844000E+1	6.6969998E+1	6.0183113E+1	0.0000000E+0	0.0000000E+0	1.0000000E+2	0.0000000E+0
6.0894000E+1	6.7057202E+1	6.0180555E+1	0.0000000E+0	0.0000000E+0	1.0000000E+2	0.0000000E+0
6.0944000E+1	6.7141213E+1	6.0166939E+1	0.0000000E+0	0.0000000E+0	1.0000000E+2	0.0000000E+0
6.0994000E+1	6.7216699E+1	6.0178380E+1	0.0000000E+0	0.0000000E+0	1.0000000E+2	0.0000000E+0
6.1044000E+1	6.7152070E+1	6.0191489E+1	0.0000000E+0	0.0000000E+0	1.0000000E+2	0.0000000E+0
6.1094000E+1	6.7114280E+1	6.0195346E+1	0.0000000E+0	0.0000000E+0	1.0000000E+2	0.0000000E+0
6.1144000E+1	6.7171045E+1	6.0194512E+1	0.0000000E+0	0.0000000E+0	1.0000000E+2	0.0000000E+0
6.1195000E+1	6.7214265E+1	6.0208663E+1	0.0000000E+0	0.0000000E+0	1.0000000E+2	0.0000000E+0
6.1246000E+1	6.7264678E+1	6.0191671E+1	0.0000000E+0	0.0000000E+0	1.0000000E+2	0.0000000E+0
6.1297000E+1	6.7322654E+1	6.0194827E+1	0.0000000E+0	0.0000000E+0	1.0000000E+2	0.0000000E+0
6.1347000E+1	6.7401289E+1	6.0189589E+1	0.0000000E+0	0.0000000E+0	1.0000000E+2	0.0000000E+0
6.1397000E+1	6.7516635E+1	6.0198409E+1	0.0000000E+0	0.0000000E+0	1.0000000E+2	0.0000000E+0
6.1447000E+1	6.7602220E+1	6.0209937E+1	0.0000000E+0	0.0000000E+0	1.0000000E+2	0.0000000E+0
6.1497000E+1	6.7673409E+1	6.0207116E+1	0.0000000E+0	0.0000000E+0	1.0000000E+2	0.0000000E+0
6.1547000E+1	6.7752264E+1	6.0224233E+1	0.0000000E+0	0.0000000E+0	1.0000000E+2	0.0000000E+0
6.1597000E+1	6.7833388E+1	6.0206430E+1	0.0000000E+0	0.0000000E+0	1.0000000E+2	0.0000000E+0
6.1648000E+1	6.7912098E+1	6.0203717E+1	0.0000000E+0	0.0000000E+0	1.0000000E+2	0.0000000E+0
6.1698000E+1	6.7997358E+1	6.0195595E+1	0.0000000E+0	0.0000000E+0	1.0000000E+2	0.0000000E+0
6.1748000E+1	6.8032122E+1	6.0193040E+1	0.0000000E+0	0.0000000E+0	1.0000000E+2	0.0000000E+0
6.1798000E+1	6.8076694E+1	6.0185854E+1	0.0000000E+0	0.0000000E+0	1.0000000E+2	0.0000000E+0
6.1848000E+1	6.8194554E+1	6.0206409E+1	0.0000000E+0	0.0000000E+0	1.0000000E+2	0.0000000E+0
6.1898000E+1	6.8284016E+1	6.0207141E+1	0.0000000E+0	0.0000000E+0	1.0000000E+2	0.0000000E+0
6.1948000E+1	6.8367066E+1	6.0192085E+1	0.0000000E+0	0.0000000E+0	1.0000000E+2	0.0000000E+0
6.1998000E+1	6.8475124E+1	6.0196829E+1	0.0000000E+0	0.0000000E+0	1.0000000E+2	0.0000000E+0
6.2048000E+1	6.8582616E+1	6.0206718E+1	0.0000000E+0	0.0000000E+0	1.0000000E+2	0.0000000E+0
6.2098000E+1	6.8643898E+1	6.0202372E+1	0.0000000E+0	0.0000000E+0	1.0000000E+2	0.0000000E+0
6.2148000E+1	6.8678289E+1	6.0201773E+1	0.0000000E+0	0.0000000E+0	1.0000000E+2	0.0000000E+0
6.2198000E+1	6.8736827E+1	6.0212218E+1	0.0000000E+0	0.0000000E+0	1.0000000E+2	0.0000000E+0
6.2248000E+1	6.8744737E+1	6.0201739E+1	0.0000000E+0	0.0000000E+0	1.0000000E+2	0.0000000E+0
6.2298000E+1	6.8709748E+1	6.0184390E+1	0.0000000E+0	0.0000000E+0	1.0000000E+2	0.0000000E+0
6.2348000E+1	6.8688902E+1	6.0193299E+1	0.0000000E+0	0.0000000E+0	1.0000000E+2	0.0000000E+0
6.2398000E+1	6.8638745E+1	6.0188048E+1	0.0000000E+0	0.0000000E+0	1.0000000E+2	0.0000000E+0
6.2448000E+1	6.8602919E+1	6.0200030E+1	0.0000000E+0	0.0000000E+0	1.0000000E+2	0.0000000E+0
6.2498000E+1	6.8429359E+1	6.0198124E+1	0.0000000E+0	0.0000000E+0	1.0000000E+2	0.0000000E+0
6.2548000E+1	6.8011311E+1	6.0201710E+1	0.0000000E+0	0.0000000E+0	1.0000000E+2	0.0000000E+0
6.2598000E+1	6.7528826E+1	6.0138473E+1	0.0000000E+0	0.0000000E+0	1.0000000E+2	0.0000000E+0
6.2648000E+1	6.7251807E+1	6.0105497E+1	0.0000000E+0	0.0000000E+0	1.0000000E+2	0.0000000E+0
6.2698000E+1	6.7054757E+1	6.0115950E+1	0.0000000E+0	0.0000000E+0	1.0000000E+2	0.0000000E+0
6.2749000E+1	6.6236412E+1	5.9943272E+1	0.0000000E+0	0.0000000E+0	1.0000000E+2	0.0000000E+0
6.2799000E+1	6.3738489E+1	5.9472069E+1	0.0000000E+0	0.0000000E+0	1.0000000E+2	0.0000000E+0
6.2849000E+1	6.4076763E+1	6.0135169E+1	0.0000000E+0	0.0000000E+0	1.0000000E+2	0.0000000E+0
6.2899000E+1	6.4047233E+1	6.0223093E+1	0.0000000E+0	0.0000000E+0	1.0000000E+2	0.0000000E+0
6.2949000E+1	6.3943696E+1	6.0177259E+1	0.0000000E+0	0.0000000E+0	1.0000000E+2	0.0000000E+0
6.2999000E+1	6.3836696E+1	6.0164784E+1	0.0000000E+0	0.0000000E+0	1.0000000E+2	0.0000000E+0
6.3049000E+1	6.3723869E+1	6.0151635E+1	0.0000000E+0	0.0000000E+0	1.0000000E+2	0.0000000E+0
6.3099000E+1	6.3677084E+1	6.0136476E+1	0.0000000E+0	0.0000000E+0	1.0000000E+2	0.0000000E+0
6.3149000E+1	6.3612530E+1	6.0134129E+1	0.0000000E+0	0.0000000E+0	1.0000000E+2	0.0000000E+0
6.3199000E+1	6.3592673E+1	6.0135335E+1	0.0000000E+0	0.0000000E+0	1.0000000E+2	0.0000000E+0
6.3249000E+1	6.3500886E+1	6.0133334E+1	0.0000000E+0	0.0000000E+0	1.0000000E+2	0.0000000E+0
6.3299000E+1	6.3450041E+1	6.0125814E+1	0.0000000E+0	0.0000000E+0	1.0000000E+2	0.0000000E+0
6.3349000E+1	6.3418880E+1	6.0113704E+1	0.0000000E+0	0.0000000E+0	1.0000000E+2	0.0000000E+0
6.3399000E+1	6.3390656E+1	6.0101964E+1	0.0000000E+0	0.0000000E+0	1.0000000E+2	0.0000000E+0
6.3449000E+1	6.3418259E+1	6.0099566E+1	0.0000000E+0	0.0000000E+0	1.0000000E+2	0.0000000E+0
6.3499000E+1	6.3414055E+1	6.0101897E+1	0.0000000E+0	0.0000000E+0	1.0000000E+2	0.0000000E+0
6.3550000E+1	6.3415982E+1	6.0113630E+1	0.0000000E+0	0.0000000E+0	1.0000000E+2	0.0000000E+0
6.3601000E+1	6.3419829E+1	6.0105834E+1	0.0000000E+0	0.0000000E+0	1.0000000E+2	0.0000000E+0
6.3651000E+1	6.3418524E+1	6.0105194E+1	0.0000000E+0	0.0000000E+0	1.0000000E+2	0.0000000E+0
6.3701000E+1	6.3420610E+1	6.0115332E+1	0.0000000E+0	0.0000000E+0	1.0000000E+2	0.0000000E+0
6.3751000E+1	6.3412969E+1	6.0107344E+1	0.0000000E+0	0.0000000E+0	1.0000000E+2	0.0000000E+0
6.3802000E+1	6.3410714E+1	6.0107373E+1	0.0000000E+0	0.0000000E+0	1.0000000E+2	0.0000000E+0
6.3852000E+1	6.3412838E+1	6.0114068E+1	0.0000000E+0	0.0000000E+0	1.0000000E+2	0.0000000E+0
6.3902000E+1	6.3413900E+1	6.0117003E+1	0.0000000E+0	0.0000000E+0	1.0000000E+2	0.0000000E+0
6.3952000E+1	6.3407157E+1	6.0123880E+1	0.0000000E+0	0.0000000E+0	1.0000000E+2	0.0000000E+0
6.4002000E+1	6.3417868E+1	6.0116224E+1	0.0000000E+0	0.0000000E+0	1.0000000E+2	0.0000000E+0
6.4052000E+1	6.3429659E+1	6.0123491E+1	0.0000000E+0	0.0000000E+0	1.0000000E+2	0.0000000E+0
6.4102000E+1	6.3420202E+1	6.0131883E+1	0.0000000E+0	0.0000000E+0	1.0000000E+2	0.0000000E+0
6.4153000E+1	6.3446387E+1	6.0122978E+1	0.0000000E+0	0.0000000E+0	1.0000000E+2	0.0000000E+0
6.4203000E+1	6.3468136E+1	6.0137321E+1	0.0000000E+0	0.0000000E+0	1.0000000E+2	0.0000000E+0
6.4253000E+1	6.3476781E+1	6.0137713E+1	0.0000000E+0	0.0000000E+0	1.0000000E+2	0.0000000E+0
6.4303000E+1	6.3485923E+1	6.0143347E+1	0.0000000E+0	0.0000000E+0	1.0000000E+2	0.0000000E+0
6.4354000E+1	6.3504008E+1	6.0154901E+1	0.0000000E+0	0.0000000E+0	1.0000000E+2	0.0000000E+0
6.4404000E+1	6.3494808E+1	6.0149460E+1	0.0000000E+0	0.0000000E+0	1.0000000E+2	0.0000000E+0
6.4454000E+1	6.3517483E+1	6.0149581E+1	0.0000000E+0	0.0000000E+0	1.0000000E+2	0.0000000E+0
6.4505000E+1	6.3537675E+1	6.0165940E+1	0.0000000E+0	0.0000000E+0	1.0000000E+2	0.0000000E+0
6.4555000E+1	6.3536499E+1	6.0158686E+1	0.0000000E+0	0.0000000E+0	1.0000000E+2	0.0000000E+0
6.4605000E+1	6.3548885E+1	6.0175109E+1	0.0000000E+0	0.0000000E+0	1.0000000E+2	0.0000000E+0
6.4655000E+1	6.3570383E+1	6.0190879E+1	0.0000000E+0	0.0000000E+0	1.0000000E+2	0.0000000E+0
6.4705000E+1	6.3576194E+1	6.0201518E+1	0.0000000E+0	0.0000000E+0	1.0000000E+2	0.0000000E+0
6.4755000E+1	6.3577173E+1	6.0216703E+1	0.0000000E+0	0.0000000E+0	1.0000000E+2	0.0000000E+0
6.4805000E+1	6.3556360E+1	6.0192396E+1	0.0000000E+0	0.0000000E+0	1.0000000E+2	0.0000000E+0
6.4855000E+1	6.3549027E+1	6.0184441E+1	0.0000000E+0	0.0000000E+0	1.0000000E+2	0.0000000E+0
6.4905000E+1	6.3560118E+1	6.0198801E+1	0.0000000E+0	0.0000000E+0	1.0000000E+2	0.0000000E+0
6.4956000E+1	6.3573086E+1	6.0201204E+1	0.0000000E+0	0.0000000E+0	1.0000000E+2	0.0000000E+0
6.5007000E+1	6.3538264E+1	6.0190068E+1	0.0000000E+0	0.0000000E+0	1.0000000E+2	0.0000000E+0
6.5057000E+1	6.3528236E+1	6.0191112E+1	0.0000000E+0	0.0000000E+0	1.0000000E+2	0.0000000E+0
6.5107000E+1	6.3539468E+1	6.0192074E+1	0.0000000E+0	0.0000000E+0	1.0000000E+2	0.0000000E+0
6.5157000E+1	6.3566856E+1	6.0184045E+1	0.0000000E+0	0.0000000E+0	1.0000000E+2	0.0000000E+0
6.5207000E+1	6.3589347E+1	6.0195734E+1	0.0000000E+0	0.0000000E+0	1.0000000E+2	0.0000000E+0
6.5257000E+1	6.3583312E+1	6.0178557E+1	0.0000000E+0	0.0000000E+0	1.0000000E+2	0.0000000E+0
6.5307000E+1	6.3571082E+1	6.0194048E+1	0.0000000E+0	0.0000000E+0	1.0000000E+2	0.0000000E+0
6.5357000E+1	6.3555243E+1	6.0193610E+1	0.0000000E+0	0.0000000E+0	1.0000000E+2	0.0000000E+0
6.5407000E+1	6.3538163E+1	6.0170770E+1	0.0000000E+0	0.0000000E+0	1.0000000E+2	0.0000000E+0
6.5457000E+1	6.3551040E+1	6.0186931E+1	0.0000000E+0	0.0000000E+0	1.0000000E+2	0.0000000E+0
6.5507000E+1	6.3537728E+1	6.0200765E+1	0.0000000E+0	0.0000000E+0	1.0000000E+2	0.0000000E+0
6.5558000E+1	6.3515653E+1	6.0205117E+1	0.0000000E+0	0.0000000E+0	1.0000000E+2	0.0000000E+0
6.5608000E+1	6.3472995E+1	6.0184615E+1	0.0000000E+0	0.0000000E+0	1.0000000E+2	0.0000000E+0
6.5658000E+1	6.3466768E+1	6.0186246E+1	0.0000000E+0	0.0000000E+0	1.0000000E+2	0.0000000E+0
6.5708000E+1	6.3468394E+1	6.0199349E+1	0.0000000E+0	0.0000000E+0	1.0000000E+2	0.0000000E+0
6.5759000E+1	6.3463546E+1	6.0183383E+1	0.0000000E+0	0.0000000E+0	1.0000000E+2	0.0000000E+0
6.5809000E+1	6.3459167E+1	6.0181484E+1	0.0000000E+0	0.0000000E+0	1.0000000E+2	0.0000000E+0
6.5859000E+1	6.3448176E+1	6.0186065E+1	0.0000000E+0	0.0000000E+0	1.0000000E+2	0.0000000E+0
6.5909000E+1	6.3431608E+1	6.0180932E+1	0.0000000E+0	0.0000000E+0	1.0000000E+2	0.0000000E+0
6.5959000E+1	6.3406982E+1	6.0170661E+1	0.0000000E+0	0.0000000E+0	1.0000000E+2	0.0000000E+0
6.6009000E+1	6.3381566E+1	6.0161544E+1	0.0000000E+0	0.0000000E+0	1.0000000E+2	0.0000000E+0
6.6059000E+1	6.3352166E+1	6.0186021E+1	0.0000000E+0	0.0000000E+0	1.0000000E+2	0.0000000E+0
6.6109000E+1	6.3316605E+1	6.0172311E+1	0.0000000E+0	0.0000000E+0	1.0000000E+2	0.0000000E+0
6.6159000E+1	6.3306164E+1	6.0179549E+1	0.0000000E+0	0.0000000E+0	1.0000000E+2	0.0000000E+0
6.6209000E+1	6.3296424E+1	6.0176385E+1	0.0000000E+0	0.0000000E+0	1.0000000E+2	0.0000000E+0
6.6260000E+1	6.3244730E+1	6.0184745E+1	0.0000000E+0	0.0000000E+0	1.0000000E+2	0.0000000E+0
6.6311000E+1	6.3227259E+1	6.0177769E+1	0.0000000E+0	0.0000000E+0	1.0000000E+2	0.0000000E+0
6.6362000E+1	6.3221364E+1	6.0179677E+1	0.0000000E+0	0.0000000E+0	1.0000000E+2	0.0000000E+0
6.6412000E+1	6.3215876E+1	6.0179112E+1	0.0000000E+0	0.0000000E+0	1.0000000E+2	0.0000000E+0
6.6462000E+1	6.3243354E+1	6.0175756E+1	0.0000000E+0	0.0000000E+0	1.0000000E+2	0.0000000E+0
6.6512000E+1	6.3274091E+1	6.0196393E+1	0.0000000E+0	0.0000000E+0	1.0000000E+2	0.0000000E+0
6.6562000E+1	6.3287837E+1	6.0198033E+1	0.0000000E+0	0.0000000E+0	1.0000000E+2	0.0000000E+0
6.6612000E+1	6.3291529E+1	6.0189631E+1	0.0000000E+0	0.0000000E+0	1.0000000E+2	0.0000000E+0
6.6663000E+1	6.3278859E+1	6.0208666E+1	0.0000000E+0	0.0000000E+0	1.0000000E+2	0.0000000E+0
6.6714000E+1	6.3261879E+1	6.0182683E+1	0.0000000E+0	0.0000000E+0	1.0000000E+2	0.0000000E+0
6.6764000E+1	6.3244547E+1	6.0185276E+1	0.0000000E+0	0.0000000E+0	1.0000000E+2	0.0000000E+0
6.6815000E+1	6.3226827E+1	6.0183741E+1	0.0000000E+0	0.0000000E+0	1.0000000E+2	0.0000000E+0
6.6865000E+1	6.3237270E+1	6.0196498E+1	0.0000000E+0	0.0000000E+0	1.0000000E+2	0.0000000E+0
6.6916000E+1	6.3234503E+1	6.0204140E+1	0.0000000E+0	0.0000000E+0	1.0000000E+2	0.0000000E+0
6.6967000E+1	6.3256837E+1	6.0217472E+1	0.0000000E+0	0.0000000E+0	1.0000000E+2	0.0000000E+0
6.7017000E+1	6.3276876E+1	6.0208065E+1	0.0000000E+0	0.0000000E+0	1.0000000E+2	0.0000000E+0
6.7068000E+1	6.3277687E+1	6.0216299E+1	0.0000000E+0	0.0000000E+0	1.0000000E+2	0.0000000E+0
6.7118000E+1	6.3279001E+1	6.0204030E+1	0.0000000E+0	0.0000000E+0	1.0000000E+2	0.0000000E+0
6.7168000E+1	6.3281282E+1	6.0204710E+1	0.0000000E+0	0.0000000E+0	1.0000000E+2	0.0000000E+0
6.7218000E+1	6.3288658E+1	6.0202575E+1	0.0000000E+0	0.0000000E+0	1.0000000E+2	0.0000000E+0
6.7268000E+1	6.3280225E+1	6.0202575E+1	0.0000000E+0	0.0000000E+0	1.0000000E+2	0.0000000E+0
6.7318000E+1	6.3295420E+1	6.0202549E+1	0.0000000E+0	0.0000000E+0	1.0000000E+2	0.0000000E+0
6.7368000E+1	6.3297704E+1	6.0199293E+1	0.0000000E+0	0.0000000E+0	1.0000000E+2	0.0000000E+0
6.7418000E+1	6.3305056E+1	6.0191942E+1	0.0000000E+0	0.0000000E+0	1.0000000E+2	0.0000000E+0
6.7468000E+1	6.3313171E+1	6.0203682E+1	0.0000000E+0	0.0000000E+0	1.0000000E+2	0.0000000E+0
6.7518000E+1	6.3293303E+1	6.0179375E+1	0.0000000E+0	0.0000000E+0	1.0000000E+2	0.0000000E+0
6.7568000E+1	6.3308036E+1	6.0189717E+1	0.0000000E+0	0.0000000E+0	1.0000000E+2	0.0000000E+0
6.7618000E+1	6.3298850E+1	6.0198860E+1	0.0000000E+0	0.0000000E+0	1.0000000E+2	0.0000000E+0
6.7668000E+1	6.3267939E+1	6.0196030E+1	0.0000000E+0	0.0000000E+0	1.0000000E+2	0.0000000E+0
6.7718000E+1	6.3254351E+1	6.0190961E+1	0.0000000E+0	0.0000000E+0	1.0000000E+2	0.0000000E+0
6.7768000E+1	6.3231180E+1	6.0199230E+1	0.0000000E+0	0.0000000E+0	1.0000000E+2	0.0000000E+0
6.7818000E+1	6.3217486E+1	6.0193598E+1	0.0000000E+0	0.0000000E+0	1.0000000E+2	0.0000000E+0
6.7868000E+1	6.3201687E+1	6.0197029E+1	0.0000000E+0	0.0000000E+0	1.0000000E+2	0.0000000E+0
6.7918000E+1	6.3232928E+1	6.0201717E+1	0.0000000E+0	0.0000000E+0	1.0000000E+2	0.0000000E+0
6.7968000E+1	6.3228077E+1	6.0220514E+1	0.0000000E+0	0.0000000E+0	1.0000000E+2	0.0000000E+0
6.8018000E+1	6.3229483E+1	6.0217617E+1	0.0000000E+0	0.0000000E+0	1.0000000E+2	0.0000000E+0
6.8068000E+1	6.3257827E+1	6.0221554E+1	0.0000000E+0	0.0000000E+0	1.0000000E+2	0.0000000E+0
6.8118000E+1	6.3264775E+1	6.0221108E+1	0.0000000E+0	0.0000000E+0	1.0000000E+2	0.0000000E+0
6.8169000E+1	6.3260394E+1	6.0215071E+1	0.0000000E+0	0.0000000E+0	1.0000000E+2	0.0000000E+0
6.8219000E+1	6.3260598E+1	6.0207802E+1	0.0000000E+0	0.0000000E+0	1.0000000E+2	0.0000000E+0
6.8269000E+1	6.3267495E+1	6.0215047E+1	0.0000000E+0	0.0000000E+0	1.0000000E+2	0.0000000E+0
6.8319000E+1	6.3272051E+1	6.0216514E+1	0.0000000E+0	0.0000000E+0	1.0000000E+2	0.0000000E+0
6.8369000E+1	6.3261366E+1	6.0218748E+1	0.0000000E+0	0.0000000E+0	1.0000000E+2	0.0000000E+0
6.8419000E+1	6.3244150E+1	6.0223478E+1	0.0000000E+0	0.0000000E+0	1.0000000E+2	0.0000000E+0
6.8469000E+1	6.3234008E+1	6.0219652E+1	0.0000000E+0	0.0000000E+0	1.0000000E+2	0.0000000E+0
6.8519000E+1	6.3209624E+1	6.0213522E+1	0.0000000E+0	0.0000000E+0	1.0000000E+2	0.0000000E+0
6.8571000E+1	6.3206189E+1	6.0216229E+1	0.0000000E+0	0.0000000E+0	1.0000000E+2	0.0000000E+0
6.8621000E+1	6.3178971E+1	6.0211532E+1	0.0000000E+0	0.0000000E+0	1.0000000E+2	0.0000000E+0
6.8671000E+1	6.3167227E+1	6.0200189E+1	0.0000000E+0	0.0000000E+0	1.0000000E+2	0.0000000E+0
6.8722000E+1	6.3152296E+1	6.0211238E+1	0.0000000E+0	0.0000000E+0	1.0000000E+2	0.0000000E+0
6.8772000E+1	6.3110205E+1	6.0188356E+1	0.0000000E+0	0.0000000E+0	1.0000000E+2	0.0000000E+0
6.8822000E+1	6.3111529E+1	6.0195415E+1	0.0000000E+0	0.0000000E+0	1.0000000E+2	0.0000000E+0
6.8872000E+1	6.3100574E+1	6.0200664E+1	0.0000000E+0	0.0000000E+0	1.0000000E+2	0.0000000E+0
6.8922000E+1	6.3072314E+1	6.0218053E+1	0.0000000E+0	0.0000000E+0	1.0000000E+2	0.0000000E+0
6.8972000E+1	6.3039205E+1	6.0214934E+1	0.0000000E+0	0.0000000E+0	1.0000000E+2	0.0000000E+0
6.9022000E+1	6.3023153E+1	6.0207112E+1	0.0000000E+0	0.0000000E+0	1.0000000E+2	0.0000000E+0
6.9072000E+1	6.3045695E+1	6.0209918E+1	0.0000000E+0	0.0000000E+0	1.0000000E+2	0.0000000E+0
6.9122000E+1	6.3051929E+1	6.0205954E+1	0.0000000E+0	0.0000000E+0	1.0000000E+2	0.0000000E+0
6.9172000E+1	6.3052539E+1	6.0204925E+1	0.0000000E+0	0.0000000E+0	1.0000000E+2	0.0000000E+0
6.9222000E+1	6.3070151E+1	6.0208734E+1	0.0000000E+0	0.0000000E+0	1.0000000E+2	0.0000000E+0
6.9272000E+1	6.3054757E+1	6.0195057E+1	0.0000000E+0	0.0000000E+0	1.0000000E+2	0.0000000E+0
6.9322000E+1	6.3067920E+1	6.0197073E+1	0.0000000E+0	0.0000000E+0	1.0000000E+2	0.0000000E+0
6.9372000E+1	6.3094136E+1	6.0208603E+1	0.0000000E+0	0.0000000E+0	1.0000000E+2	0.0000000E+0
6.9422000E+1	6.3112809E+1	6.0227578E+1	0.0000000E+0	0.0000000E+0	1.0000000E+2	0.0000000E+0
6.9472000E+1	6.3103459E+1	6.0223933E+1	0.0000000E+0	0.0000000E+0	1.0000000E+2	0.0000000E+0
6.9522000E+1	6.3105431E+1	6.0225383E+1	0.0000000E+0	0.0000000E+0	1.0000000E+2	0.0000000E+0
6.9572000E+1	6.3085824E+1	6.0212336E+1	0.0000000E+0	0.0000000E+0	1.0000000E+2	0.0000000E+0
6.9623000E+1	6.3073026E+1	6.0219378E+1	0.0000000E+0	0.0000000E+0	1.0000000E+2	0.0000000E+0
6.9673000E+1	6.3078528E+1	6.0223126E+1	0.0000000E+0	0.0000000E+0	1.0000000E+2	0.0000000E+0
6.9723000E+1	6.3080604E+1	6.0226712E+1	0.0000000E+0	0.0000000E+0	1.0000000E+2	0.0000000E+0
6.9773000E+1	6.3077423E+1	6.0225924E+1	0.0000000E+0	0.0000000E+0	1.0000000E+2	0.0000000E+0
6.9823000E+1	6.3062816E+1	6.0212792E+1	0.0000000E+0	0.0000000E+0	1.0000000E+2	0.0000000E+0
6.9873000E+1	6.3058053E+1	6.0216625E+1	0.0000000E+0	0.0000000E+0	1.0000000E+2	0.0000000E+0
6.9923000E+1	6.3045480E+1	6.0220318E+1	0.0000000E+0	0.0000000E+0	1.0000000E+2	0.0000000E+0
6.9973000E+1	6.2990245E+1	6.0218353E+1	0.0000000E+0	0.0000000E+0	1.0000000E+2	0.0000000E+0
7.0023000E+1	6.2970742E+1	6.0225450E+1	0.0000000E+0	0.0000000E+0	1.0000000E+2	0.0000000E+0
7.0073000E+1	6.2961873E+1	6.0222112E+1	0.0000000E+0	0.0000000E+0	1.0000000E+2	0.0000000E+0
7.0123000E+1	6.2936464E+1	6.0216999E+1	0.0000000E+0	0.0000000E+0	1.0000000E+2	0.0000000E+0
7.0173000E+1	6.2920082E+1	6.0210882E+1	0.0000000E+0	0.0000000E+0	1.0000000E+2	0.0000000E+0
7.0223000E+1	6.2908758E+1	6.0219677E+1	0.0000000E+0	0.0000000E+0	1.0000000E+2	0.0000000E+0
7.0273000E+1	6.2901773E+1	6.0217099E+1	0.0000000E+0	0.0000000E+0	1.0000000E+2	0.0000000E+0
7.0323000E+1	6.2881174E+1	6.0219243E+1	0.0000000E+0	0.0000000E+0	1.0000000E+2	0.0000000E+0
7.0373000E+1	6.2887198E+1	6.0230579E+1	0.0000000E+0	0.0000000E+0	1.0000000E+2	0.0000000E+0
7.0423000E+1	6.2884030E+1	6.0218752E+1	0.0000000E+0	0.0000000E+0	1.0000000E+2	0.0000000E+0
7.0473000E+1	6.2888249E+1	6.0215789E+1	0.0000000E+0	0.0000000E+0	1.0000000E+2	0.0000000E+0
7.0524000E+1	6.2869794E+1	6.0215384E+1	0.0000000E+0	0.0000000E+0	1.0000000E+2	0.0000000E+0
7.0575000E+1	6.2894920E+1	6.0232007E+1	0.0000000E+0	0.0000000E+0	1.0000000E+2	0.0000000E+0
7.0625000E+1	6.2914014E+1	6.0237495E+1	0.0000000E+0	0.0000000E+0	1.0000000E+2	0.0000000E+0
7.0675000E+1	6.2914435E+1	6.0237847E+1	0.0000000E+0	0.0000000E+0	1.0000000E+2	0.0000000E+0
7.0725000E+1	6.2954007E+1	6.0247625E+1	0.0000000E+0	0.0000000E+0	1.0000000E+2	0.0000000E+0
7.0775000E+1	6.2986307E+1	6.0240848E+1	0.0000000E+0	0.0000000E+0	1.0000000E+2	0.0000000E+0
7.0825000E+1	6.2987595E+1	6.0235071E+1	0.0000000E+0	0.0000000E+0	1.0000000E+2	0.0000000E+0
7.0875000E+1	6.2996629E+1	6.0232786E+1	0.0000000E+0	0.0000000E+0	1.0000000E+2	0.0000000E+0
7.0925000E+1	6.3007115E+1	6.0230508E+1	0.0000000E+0	0.0000000E+0	1.0000000E+2	0.0000000E+0
7.0975000E+1	6.3037095E+1	6.0245453E+1	0.0000000E+0	0.0000000E+0	1.0000000E+2	0.0000000E+0
7.1025000E+1	6.3023315E+1	6.0237593E+1	0.0000000E+0	0.0000000E+0	1.0000000E+2	0.0000000E+0
7.1075000E+1	6.3008410E+1	6.0241108E+1	0.0000000E+0	0.0000000E+0	1.0000000E+2	0.0000000E+0
7.1125000E+1	6.2984185E+1	6.0241346E+1	0.0000000E+0	0.0000000E+0	1.0000000E+2	0.0000000E+0
7.1175000E+1	6.2956867E+1	6.0238601E+1	0.0000000E+0	0.0000000E+0	1.0000000E+2	0.0000000E+0
7.1226000E+1	6.2918394E+1	6.0232125E+1	0.0000000E+0	0.0000000E+0	1.0000000E+2	0.0000000E+0
7.1276000E+1	6.2917334E+1	6.0235207E+1	0.0000000E+0	0.0000000E+0	1.0000000E+2	0.0000000E+0
7.1326000E+1	6.2935342E+1	6.0225866E+1	0.0000000E+0	0.0000000E+0	1.0000000E+2	0.0000000E+0
7.1376000E+1	6.2935928E+1	6.0239810E+1	0.0000000E+0	0.0000000E+0	1.0000000E+2	0.0000000E+0
7.1427000E+1	6.2938020E+1	6.0234671E+1	0.0000000E+0	0.0000000E+0	1.0000000E+2	0.0000000E+0
7.1477000E+1	6.2951705E+1	6.0242120E+1	0.0000000E+0	0.0000000E+0	1.0000000E+2	0.0000000E+0
7.1527000E+1	6.2944403E+1	6.0233231E+1	0.0000000E+0	0.0000000E+0	1.0000000E+2	0.0000000E+0
7.1577000E+1	6.2922914E+1	6.0230969E+1	0.0000000E+0	0.0000000E+0	1.0000000E+2	0.0000000E+0
7.1627000E+1	6.2911704E+1	6.0234127E+1	0.0000000E+0	0.0000000E+0	1.0000000E+2	0.0000000E+0
7.1677000E+1	6.2909869E+1	6.0248521E+1	0.0000000E+0	0.0000000E+0	1.0000000E+2	0.0000000E+0
7.1727000E+1	6.2905212E+1	6.0241695E+1	0.0000000E+0	0.0000000E+0	1.0000000E+2	0.0000000E+0
7.1777000E+1	6.2916935E+1	6.0253150E+1	0.0000000E+0	0.0000000E+0	1.0000000E+2	0.0000000E+0
7.1827000E+1	6.2911006E+1	6.0245404E+1	0.0000000E+0	0.0000000E+0	1.0000000E+2	0.0000000E+0
7.1877000E+1	6.2879208E+1	6.0239041E+1	0.0000000E+0	0.0000000E+0	1.0000000E+2	0.0000000E+0
7.1928000E+1	6.2834485E+1	6.0251477E+1	0.0000000E+0	0.0000000E+0	1.0000000E+2	0.0000000E+0
7.1978000E+1	6.2815974E+1	6.0260369E+1	0.0000000E+0	0.0000000E+0	1.0000000E+2	0.0000000E+0
7.2028000E+1	6.2800955E+1	6.0241264E+1	0.0000000E+0	0.0000000E+0	1.0000000E+2	0.0000000E+0
7.2078000E+1	6.2796834E+1	6.0254397E+1	0.0000000E+0	0.0000000E+0	1.0000000E+2	0.0000000E+0
7.2128000E+1	6.2751915E+1	6.0238745E+1	0.0000000E+0	0.0000000E+0	1.0000000E+2	0.0000000E+0
7.2178000E+1	6.2756834E+1	6.0247115E+1	0.0000000E+0	0.0000000E+0	1.0000000E+2	0.0000000E+0
7.2228000E+1	6.2751854E+1	6.0249244E+1	0.0000000E+0	0.0000000E+0	1.0000000E+2	0.0000000E+0
7.2278000E+1	6.2739124E+1	6.0248746E+1	0.0000000E+0	0.0000000E+0	1.0000000E+2	0.0000000E+0
7.2328000E+1	6.2737040E+1	6.0246985E+1	0.0000000E+0	0.0000000E+0	1.0000000E+2	0.0000000E+0
7.2379000E+1	6.2717437E+1	6.0240717E+1	0.0000000E+0	0.0000000E+0	1.0000000E+2	0.0000000E+0
7.2429000E+1	6.2714557E+1	6.0248961E+1	0.0000000E+0	0.0000000E+0	1.0000000E+2	0.0000000E+0
7.2480000E+1	6.2729057E+1	6.0245209E+1	0.0000000E+0	0.0000000E+0	1.0000000E+2	0.0000000E+0
7.2530000E+1	6.2721401E+1	6.0236985E+1	0.0000000E+0	0.0000000E+0	1.0000000E+2	0.0000000E+0
7.2580000E+1	6.2744478E+1	6.0256702E+1	0.0000000E+0	0.0000000E+0	1.0000000E+2	0.0000000E+0
7.2631000E+1	6.2767534E+1	6.0257660E+1	0.0000000E+0	0.0000000E+0	1.0000000E+2	0.0000000E+0
7.2681000E+1	6.2757720E+1	6.0263667E+1	0.0000000E+0	0.0000000E+0	1.0000000E+2	0.0000000E+0
7.2731000E+1	6.2741728E+1	6.0282692E+1	0.0000000E+0	0.0000000E+0	1.0000000E+2	0.0000000E+0
7.2782000E+1	6.2718440E+1	6.0253969E+1	0.0000000E+0	0.0000000E+0	1.0000000E+2	0.0000000E+0
7.2833000E+1	6.2732341E+1	6.0277811E+1	0.0000000E+0	0.0000000E+0	1.0000000E+2	0.0000000E+0
7.2883000E+1	6.2673417E+1	6.0252416E+1	0.0000000E+0	0.0000000E+0	1.0000000E+2	0.0000000E+0
7.2933000E+1	6.2677567E+1	6.0260639E+1	0.0000000E+0	0.0000000E+0	1.0000000E+2	0.0000000E+0
7.2983000E+1	6.2700798E+1	6.0279647E+1	0.0000000E+0	0.0000000E+0	1.0000000E+2	0.0000000E+0
7.3033000E+1	6.2703088E+1	6.0263301E+1	0.0000000E+0	0.0000000E+0	1.0000000E+2	0.0000000E+0
7.3083000E+1	6.2697027E+1	6.0253774E+1	0.0000000E+0	0.0000000E+0	1.0000000E+2	0.0000000E+0
7.3133000E+1	6.2719400E+1	6.0265953E+1	0.0000000E+0	0.0000000E+0	1.0000000E+2	0.0000000E+0
7.3183000E+1	6.2728245E+1	6.0256898E+1	0.0000000E+0	0.0000000E+0	1.0000000E+2	0.0000000E+0
7.3233000E+1	6.2748539E+1	6.0252706E+1	0.0000000E+0	0.0000000E+0	1.0000000E+2	0.0000000E+0
7.3283000E+1	6.2741677E+1	6.0243509E+1	0.0000000E+0	0.0000000E+0	1.0000000E+2	0.0000000E+0
7.3333000E+1	6.2760661E+1	6.0253939E+1	0.0000000E+0	0.0000000E+0	1.0000000E+2	0.0000000E+0
7.3383000E+1	6.2777394E+1	6.0251851E+1	0.0000000E+0	0.0000000E+0	1.0000000E+2	0.0000000E+0
7.3433000E+1	6.2798845E+1	6.0249360E+1	0.0000000E+0	0.0000000E+0	1.0000000E+2	0.0000000E+0
7.3484000E+1	6.2831874E+1	6.0253826E+1	0.0000000E+0	0.0000000E+0	1.0000000E+2	0.0000000E+0
7.3534000E+1	6.2832249E+1	6.0243905E+1	0.0000000E+0	0.0000000E+0	1.0000000E+2	0.0000000E+0
7.3584000E+1	6.2865092E+1	6.0231596E+1	0.0000000E+0	0.0000000E+0	1.0000000E+2	0.0000000E+0
7.3635000E+1	6.2877385E+1	6.0244966E+1	0.0000000E+0	0.0000000E+0	1.0000000E+2	0.0000000E+0
7.3685000E+1	6.2889393E+1	6.0224387E+1	0.0000000E+0	0.0000000E+0	1.0000000E+2	0.0000000E+0
7.3735000E+1	6.2871011E+1	6.0227770E+1	0.0000000E+0	0.0000000E+0	1.0000000E+2	0.0000000E+0
7.3786000E+1	6.2846549E+1	6.0234053E+1	0.0000000E+0	0.0000000E+0	1.0000000E+2	0.0000000E+0
7.3836000E+1	6.2872403E+1	6.0237228E+1	0.0000000E+0	0.0000000E+0	1.0000000E+2	0.0000000E+0
7.3886000E+1	6.2870621E+1	6.0237645E+1	0.0000000E+0	0.0000000E+0	1.0000000E+2	0.0000000E+0
7.3937000E+1	6.2860380E+1	6.0220913E+1	0.0000000E+0	0.0000000E+0	1.0000000E+2	0.0000000E+0
7.3987000E+1	6.2858656E+1	6.0222332E+1	0.0000000E+0	0.0000000E+0	1.0000000E+2	0.0000000E+0
7.4037000E+1	6.2876380E+1	6.0224987E+1	0.0000000E+0	0.0000000E+0	1.0000000E+2	0.0000000E+0
7.4088000E+1	6.2844570E+1	6.0228429E+1	0.0000000E+0	0.0000000E+0	1.0000000E+2	0.0000000E+0
7.4138000E+1	6.2865224E+1	6.0224261E+1	0.0000000E+0	0.0000000E+0	1.0000000E+2	0.0000000E+0
7.4188000E+1	6.2846095E+1	6.0224059E+1	0.0000000E+0	0.0000000E+0	1.0000000E+2	0.0000000E+0
7.4238000E+1	6.2856643E+1	6.0240743E+1	0.0000000E+0	0.0000000E+0	1.0000000E+2	0.0000000E+0
7.4288000E+1	6.2856780E+1	6.0236636E+1	0.0000000E+0	0.0000000E+0	1.0000000E+2	0.0000000E+0
7.4338000E+1	6.2832334E+1	6.0232561E+1	0.0000000E+0	0.0000000E+0	1.0000000E+2	0.0000000E+0
7.4388000E+1	6.2819277E+1	6.0224999E+1	0.0000000E+0	0.0000000E+0	1.0000000E+2	0.0000000E+0
7.4438000E+1	6.2791975E+1	6.0227063E+1	0.0000000E+0	0.0000000E+0	1.0000000E+2	0.0000000E+0
7.4488000E+1	6.2798189E+1	6.0228272E+1	0.0000000E+0	0.0000000E+0	1.0000000E+2	0.0000000E+0
7.4538000E+1	6.2809108E+1	6.0233550E+1	0.0000000E+0	0.0000000E+0	1.0000000E+2	0.0000000E+0
7.4588000E+1	6.2812500E+1	6.0240916E+1	0.0000000E+0	0.0000000E+0	1.0000000E+2	0.0000000E+0
7.4638000E+1	6.2804387E+1	6.0246730E+1	0.0000000E+0	0.0000000E+0	1.0000000E+2	0.0000000E+0
7.4688000E+1	6.2779530E+1	6.0247240E+1	0.0000000E+0	0.0000000E+0	1.0000000E+2	0.0000000E+0
7.4738000E+1	6.2765581E+1	6.0236334E+1	0.0000000E+0	0.0000000E+0	1.0000000E+2	0.0000000E+0
7.4788000E+1	6.2745661E+1	6.0241779E+1	0.0000000E+0	0.0000000E+0	1.0000000E+2	0.0000000E+0
7.4838000E+1	6.2740954E+1	6.0253312E+1	0.0000000E+0	0.0000000E+0	1.0000000E+2	0.0000000E+0
7.4888000E+1	6.2705759E+1	6.0234082E+1	0.0000000E+0	0.0000000E+0	1.0000000E+2	0.0000000E+0
7.4938000E+1	6.2695656E+1	6.0226031E+1	0.0000000E+0	0.0000000E+0	1.0000000E+2	0.0000000E+0
7.4988000E+1	6.2728362E+1	6.0249600E+1	0.0000000E+0	0.0000000E+0	1.0000000E+2	0.0000000E+0
7.5038000E+1	6.2722701E+1	6.0245623E+1	0.0000000E+0	0.0000000E+0	1.0000000E+2	0.0000000E+0
7.5088000E+1	6.2712860E+1	6.0256160E+1	0.0000000E+0	0.0000000E+0	1.0000000E+2	0.0000000E+0
7.5138000E+1	6.2720935E+1	6.0259226E+1	0.0000000E+0	0.0000000E+0	1.0000000E+2	0.0000000E+0
7.5188000E+1	6.2700647E+1	6.0257453E+1	0.0000000E+0	0.0000000E+0	1.0000000E+2	0.0000000E+0
7.5238000E+1	6.2686745E+1	6.0262811E+1	0.0000000E+0	0.0000000E+0	1.0000000E+2	0.0000000E+0
7.5288000E+1	6.2663590E+1	6.0268261E+1	0.0000000E+0	0.0000000E+0	1.0000000E+2	0.0000000E+0
7.5338000E+1	6.2662978E+1	6.0265138E+1	0.0000000E+0	0.0000000E+0	1.0000000E+2	0.0000000E+0
7.5388000E+1	6.2660448E+1	6.0266041E+1	0.0000000E+0	0.0000000E+0	1.0000000E+2	0.0000000E+0
7.5438000E+1	6.2663692E+1	6.0261993E+1	0.0000000E+0	0.0000000E+0	1.0000000E+2	0.0000000E+0
7.5488000E+1	6.2667715E+1	6.0263024E+1	0.0000000E+0	0.0000000E+0	1.0000000E+2	0.0000000E+0
7.5538000E+1	6.2664818E+1	6.0262289E+1	0.0000000E+0	0.0000000E+0	1.0000000E+2	0.0000000E+0
7.5588000E+1	6.2666604E+1	6.0258446E+1	0.0000000E+0	0.0000000E+0	1.0000000E+2	0.0000000E+0
7.5638000E+1	6.2662256E+1	6.0260924E+1	0.0000000E+0	0.0000000E+0	1.0000000E+2	0.0000000E+0
7.5688000E+1	6.2690552E+1	6.0283898E+1	0.0000000E+0	0.0000000E+0	1.0000000E+2	0.0000000E+0
7.5738000E+1	6.2692533E+1	6.0274701E+1	0.0000000E+0	0.0000000E+0	1.0000000E+2	0.0000000E+0
7.5788000E+1	6.2698067E+1	6.0278496E+1	0.0000000E+0	0.0000000E+0	1.0000000E+2	0.0000000E+0
7.5838000E+1	6.2721306E+1	6.0295015E+1	0.0000000E+0	0.0000000E+0	1.0000000E+2	0.0000000E+0
7.5888000E+1	6.2728442E+1	6.0287373E+1	0.0000000E+0	0.0000000E+0	1.0000000E+2	0.0000000E+0
7.5938000E+1	6.2725853E+1	6.0285016E+1	0.0000000E+0	0.0000000E+0	1.0000000E+2	0.0000000E+0
7.5988000E+1	6.2691017E+1	6.0285863E+1	0.0000000E+0	0.0000000E+0	1.0000000E+2	0.0000000E+0
7.6038000E+1	6.2704701E+1	6.0293673E+1	0.0000000E+0	0.0000000E+0	1.0000000E+2	0.0000000E+0
7.6089000E+1	6.2717615E+1	6.0285064E+1	0.0000000E+0	0.0000000E+0	1.0000000E+2	0.0000000E+0
7.6139000E+1	6.2711007E+1	6.0293086E+1	0.0000000E+0	0.0000000E+0	1.0000000E+2	0.0000000E+0
7.6189000E+1	6.2697450E+1	6.0273356E+1	0.0000000E+0	0.0000000E+0	1.0000000E+2	0.0000000E+0
7.6239000E+1	6.2701710E+1	6.0281460E+1	0.0000000E+0	0.0000000E+0	1.0000000E+2	0.0000000E+0
7.6289000E+1	6.2697219E+1	6.0298940E+1	0.0000000E+0	0.0000000E+0	1.0000000E+2	0.0000000E+0
7.6339000E+1	6.2703239E+1	6.0295761E+1	0.0000000E+0	0.0000000E+0	1.0000000E+2	0.0000000E+0
7.6389000E+1	6.2701661E+1	6.0296817E+1	0.0000000E+0	0.0000000E+0	1.0000000E+2	0.0000000E+0
7.6440000E+1	6.2708708E+1	6.0293171E+1	0.0000000E+0	0.0000000E+0	1.0000000E+2	0.0000000E+0
7.6490000E+1	6.2723165E+1	6.0292929E+1	0.0000000E+0	0.0000000E+0	1.0000000E+2	0.0000000E+0
7.6540000E+1	6.2718389E+1	6.0296771E+1	0.0000000E+0	0.0000000E+0	1.0000000E+2	0.0000000E+0
7.6590000E+1	6.2701576E+1	6.0315058E+1	0.0000000E+0	0.0000000E+0	1.0000000E+2	0.0000000E+0
7.6640000E+1	6.2700429E+1	6.0305066E+1	0.0000000E+0	0.0000000E+0	1.0000000E+2	0.0000000E+0
7.6690000E+1	6.2720502E+1	6.0310691E+1	0.0000000E+0	0.0000000E+0	1.0000000E+2	0.0000000E+0
7.6740000E+1	6.2735655E+1	6.0306486E+1	0.0000000E+0	0.0000000E+0	1.0000000E+2	0.0000000E+0
7.6790000E+1	6.2777171E+1	6.0315428E+1	0.0000000E+0	0.0000000E+0	1.0000000E+2	0.0000000E+0
7.6840000E+1	6.2788976E+1	6.0321892E+1	0.0000000E+0	0.0000000E+0	1.0000000E+2	0.0000000E+0
7.6890000E+1	6.2817472E+1	6.0329844E+1	0.0000000E+0	0.0000000E+0	1.0000000E+2	0.0000000E+0
7.6940000E+1	6.2815830E+1	6.0322469E+1	0.0000000E+0	0.0000000E+0	1.0000000E+2	0.0000000E+0
7.6990000E+1	6.2829754E+1	6.0327084E+1	0.0000000E+0	0.0000000E+0	1.0000000E+2	0.0000000E+0
7.7041000E+1	6.2851776E+1	6.0331919E+1	0.0000000E+0	0.0000000E+0	1.0000000E+2	0.0000000E+0
7.7092000E+1	6.2863901E+1	6.0322035E+1	0.0000000E+0	0.0000000E+0	1.0000000E+2	0.0000000E+0
7.7143000E+1	6.2881285E+1	6.0320708E+1	0.0000000E+0	0.0000000E+0	1.0000000E+2	0.0000000E+0
7.7194000E+1	6.2879256E+1	6.0326961E+1	0.0000000E+0	0.0000000E+0	1.0000000E+2	0.0000000E+0
7.7244000E+1	6.2864577E+1	6.0324334E+1	0.0000000E+0	0.0000000E+0	1.0000000E+2	0.0000000E+0
7.7295000E+1	6.2880789E+1	6.0321337E+1	0.0000000E+0	0.0000000E+0	1.0000000E+2	0.0000000E+0
7.7345000E+1	6.2895416E+1	6.0336308E+1	0.0000000E+0	0.0000000E+0	1.0000000E+2	0.0000000E+0
7.7395000E+1	6.2886617E+1	6.0343994E+1	0.0000000E+0	0.0000000E+0	1.0000000E+2	0.0000000E+0
7.7445000E+1	6.2870755E+1	6.0342469E+1	0.0000000E+0	0.0000000E+0	1.0000000E+2	0.0000000E+0
7.7495000E+1	6.2863548E+1	6.0338118E+1	0.0000000E+0	0.0000000E+0	1.0000000E+2	0.0000000E+0
7.7545000E+1	6.2867581E+1	6.0341351E+1	0.0000000E+0	0.0000000E+0	1.0000000E+2	0.0000000E+0
7.7595000E+1	6.2829988E+1	6.0331124E+1	0.0000000E+0	0.0000000E+0	1.0000000E+2	0.0000000E+0
7.7646000E+1	6.2819176E+1	6.0334365E+1	0.0000000E+0	0.0000000E+0	1.0000000E+2	0.0000000E+0
7.7696000E+1	6.2794137E+1	6.0311742E+1	0.0000000E+0	0.0000000E+0	1.0000000E+2	0.0000000E+0
7.7746000E+1	6.2793936E+1	6.0317041E+1	0.0000000E+0	0.0000000E+0	1.0000000E+2	0.0000000E+0
7.7796000E+1	6.2821726E+1	6.0331250E+1	0.0000000E+0	0.0000000E+0	1.0000000E+2	0.0000000E+0
7.7846000E+1	6.2850894E+1	6.0324393E+1	0.0000000E+0	0.0000000E+0	1.0000000E+2	0.0000000E+0
7.7896000E+1	6.2846430E+1	6.0322155E+1	0.0000000E+0	0.0000000E+0	1.0000000E+2	0.0000000E+0
7.7946000E+1	6.2864117E+1	6.0313151E+1	0.0000000E+0	0.0000000E+0	1.0000000E+2	0.0000000E+0
7.7996000E+1	6.2898580E+1	6.0319853E+1	0.0000000E+0	0.0000000E+0	1.0000000E+2	0.0000000E+0
7.8046000E+1	6.2909948E+1	6.0312443E+1	0.0000000E+0	0.0000000E+0	1.0000000E+2	0.0000000E+0
7.8096000E+1	6.2915629E+1	6.0312408E+1	0.0000000E+0	0.0000000E+0	1.0000000E+2	0.0000000E+0
7.8146000E+1	6.2937297E+1	6.0311042E+1	0.0000000E+0	0.0000000E+0	1.0000000E+2	0.0000000E+0
7.8196000E+1	6.2943105E+1	6.0304004E+1	0.0000000E+0	0.0000000E+0	1.0000000E+2	0.0000000E+0
7.8246000E+1	6.2940480E+1	6.0322596E+1	0.0000000E+0	0.0000000E+0	1.0000000E+2	0.0000000E+0
7.8296000E+1	6.2922654E+1	6.0301002E+1	0.0000000E+0	0.0000000E+0	1.0000000E+2	0.0000000E+0
7.8346000E+1	6.2958588E+1	6.0303602E+1	0.0000000E+0	0.0000000E+0	1.0000000E+2	0.0000000E+0
7.8396000E+1	6.2949390E+1	6.0287369E+1	0.0000000E+0	0.0000000E+0	1.0000000E+2	0.0000000E+0
7.8446000E+1	6.2957448E+1	6.0297019E+1	0.0000000E+0	0.0000000E+0	1.0000000E+2	0.0000000E+0
7.8496000E+1	6.2950335E+1	6.0287698E+1	0.0000000E+0	0.0000000E+0	1.0000000E+2	0.0000000E+0
7.8547000E+1	6.2943125E+1	6.0301616E+1	0.0000000E+0	0.0000000E+0	1.0000000E+2	0.0000000E+0
7.8598000E+1	6.2923720E+1	6.0301822E+1	0.0000000E+0	0.0000000E+0	1.0000000E+2	0.0000000E+0
7.8648000E+1	6.2923028E+1	6.0295334E+1	0.0000000E+0	0.0000000E+0	1.0000000E+2	0.0000000E+0
7.8698000E+1	6.2924251E+1	6.0308120E+1	0.0000000E+0	0.0000000E+0	1.0000000E+2	0.0000000E+0
7.8748000E+1	6.2928572E+1	6.0309150E+1	0.0000000E+0	0.0000000E+0	1.0000000E+2	0.0000000E+0
7.8799000E+1	6.2897830E+1	6.0301693E+1	0.0000000E+0	0.0000000E+0	1.0000000E+2	0.0000000E+0
7.8849000E+1	6.2890071E+1	6.0307496E+1	0.0000000E+0	0.0000000E+0	1.0000000E+2	0.0000000E+0
7.8899000E+1	6.2851376E+1	6.0289947E+1	0.0000000E+0	0.0000000E+0	1.0000000E+2	0.0000000E+0
7.8949000E+1	6.2827183E+1	6.0290884E+1	0.0000000E+0	0.0000000E+0	1.0000000E+2	0.0000000E+0
7.9000000E+1	6.2838933E+1	6.0289053E+1	0.0000000E+0	0.0000000E+0	1.0000000E+2	0.0000000E+0
7.9051000E+1	6.2841397E+1	6.0287282E+1	0.0000000E+0	0.0000000E+0	1.0000000E+2	0.0000000E+0
7.9102000E+1	6.2851611E+1	6.0268616E+1	0.0000000E+0	0.0000000E+0	1.0000000E+2	0.0000000E+0
7.9152000E+1	6.2862405E+1	6.0265377E+1	0.0000000E+0	0.0000000E+0	1.0000000E+2	0.0000000E+0
7.9202000E+1	6.2847432E+1	6.0269226E+1	0.0000000E+0	0.0000000E+0	1.0000000E+2	0.0000000E+0
7.9252000E+1	6.2857672E+1	6.0284461E+1	0.0000000E+0	0.0000000E+0	1.0000000E+2	0.0000000E+0
7.9302000E+1	6.2880674E+1	6.0285053E+1	0.0000000E+0	0.0000000E+0	1.0000000E+2	0.0000000E+0
7.9353000E+1	6.2858403E+1	6.0270304E+1	0.0000000E+0	0.0000000E+0	1.0000000E+2	0.0000000E+0
7.9404000E+1	6.2845183E+1	6.0274992E+1	0.0000000E+0	0.0000000E+0	1.0000000E+2	0.0000000E+0
7.9454000E+1	6.2858792E+1	6.0296606E+1	0.0000000E+0	0.0000000E+0	1.0000000E+2	0.0000000E+0
7.9504000E+1	6.2855121E+1	6.0291380E+1	0.0000000E+0	0.0000000E+0	1.0000000E+2	0.0000000E+0
7.9554000E+1	6.2850360E+1	6.0277204E+1	0.0000000E+0	0.0000000E+0	1.0000000E+2	0.0000000E+0
7.9604000E+1	6.2854812E+1	6.0269368E+1	0.0000000E+0	0.0000000E+0	1.0000000E+2	0.0000000E+0
7.9654000E+1	6.2887025E+1	6.0280764E+1	0.0000000E+0	0.0000000E+0	1.0000000E+2	0.0000000E+0
7.9704000E+1	6.2885613E+1	6.0267085E+1	0.0000000E+0	0.0000000E+0	1.0000000E+2	0.0000000E+0
7.9754000E+1	6.2882019E+1	6.0254814E+1	0.0000000E+0	0.0000000E+0	1.0000000E+2	0.0000000E+0
7.9804000E+1	6.2869896E+1	6.0258288E+1	0.0000000E+0	0.0000000E+0	1.0000000E+2	0.0000000E+0
7.9854000E+1	6.2873940E+1	6.0248214E+1	0.0000000E+0	0.0000000E+0	1.0000000E+2	0.0000000E+0
7.9904000E+1	6.2857383E+1	6.0241165E+1	0.0000000E+0	0.0000000E+0	1.0000000E+2	0.0000000E+0
7.9954000E+1	6.2812684E+1	6.0238319E+1	0.0000000E+0	0.0000000E+0	1.0000000E+2	0.0000000E+0
8.0004000E+1	6.2799433E+1	6.0229955E+1	0.0000000E+0	0.0000000E+0	1.0000000E+2	0.0000000E+0
8.0054000E+1	6.2779760E+1	6.0211798E+1	0.0000000E+0	0.0000000E+0	1.0000000E+2	0.0000000E+0
8.0105000E+1	6.2799485E+1	6.0209146E+1	0.0000000E+0	0.0000000E+0	1.0000000E+2	0.0000000E+0
8.0156000E+1	6.2793042E+1	6.0198230E+1	0.0000000E+0	0.0000000E+0	1.0000000E+2	0.0000000E+0
8.0206000E+1	6.2812165E+1	6.0182320E+1	0.0000000E+0	0.0000000E+0	1.0000000E+2	0.0000000E+0
8.0256000E+1	6.2806292E+1	6.0176011E+1	0.0000000E+0	0.0000000E+0	1.0000000E+2	0.0000000E+0
8.0307000E+1	6.2828748E+1	6.0178515E+1	0.0000000E+0	0.0000000E+0	1.0000000E+2	0.0000000E+0
8.0357000E+1	6.2853331E+1	6.0175415E+1	0.0000000E+0	0.0000000E+0	1.0000000E+2	0.0000000E+0
8.0408000E+1	6.2861200E+1	6.0167723E+1	0.0000000E+0	0.0000000E+0	1.0000000E+2	0.0000000E+0
8.0458000E+1	6.2859987E+1	6.0160144E+1	0.0000000E+0	0.0000000E+0	1.0000000E+2	0.0000000E+0
8.0508000E+1	6.2854387E+1	6.0156111E+1	0.0000000E+0	0.0000000E+0	1.0000000E+2	0.0000000E+0
8.0558000E+1	6.2854901E+1	6.0149489E+1	0.0000000E+0	0.0000000E+0	1.0000000E+2	0.0000000E+0
8.0608000E+1	6.2849019E+1	6.0152267E+1	0.0000000E+0	0.0000000E+0	1.0000000E+2	0.0000000E+0
8.0658000E+1	6.2845983E+1	6.0146432E+1	0.0000000E+0	0.0000000E+0	1.0000000E+2	0.0000000E+0
8.0708000E+1	6.2854251E+1	6.0161173E+1	0.0000000E+0	0.0000000E+0	1.0000000E+2	0.0000000E+0
8.0758000E+1	6.2831134E+1	6.0158732E+1	0.0000000E+0	0.0000000E+0	1.0000000E+2	0.0000000E+0
8.0808000E+1	6.2830736E+1	6.0146972E+1	0.0000000E+0	0.0000000E+0	1.0000000E+2	0.0000000E+0
8.0858000E+1	6.2832741E+1	6.0149023E+1	0.0000000E+0	0.0000000E+0	1.0000000E+2	0.0000000E+0
8.0908000E+1	6.2831514E+1	6.0168112E+1	0.0000000E+0	0.0000000E+0	1.0000000E+2	0.0000000E+0
8.0958000E+1	6.2814000E+1	6.0176807E+1	0.0000000E+0	0.0000000E+0	1.0000000E+2	0.0000000E+0
8.1008000E+1	6.2799122E+1	6.0179834E+1	0.0000000E+0	0.0000000E+0	1.0000000E+2	0.0000000E+0
8.1058000E+1	6.2799386E+1	6.0182050E+1	0.0000000E+0	0.0000000E+0	1.0000000E+2	0.0000000E+0
8.1108000E+1	6.2798200E+1	6.0193040E+1	0.0000000E+0	0.0000000E+0	1.0000000E+2	0.0000000E+0
8.1158000E+1	6.2776776E+1	6.0188270E+1	0.0000000E+0	0.0000000E+0	1.0000000E+2	0.0000000E+0
8.1208000E+1	6.2750754E+1	6.0201813E+1	0.0000000E+0	0.0000000E+0	1.0000000E+2	0.0000000E+0
8.1258000E+1	6.2718229E+1	6.0181898E+1	0.0000000E+0	0.0000000E+0	1.0000000E+2	0.0000000E+0
8.1308000E+1	6.2698142E+1	6.0188296E+1	0.0000000E+0	0.0000000E+0	1.0000000E+2	0.0000000E+0
8.1358000E+1	6.2683134E+1	6.0192628E+1	0.0000000E+0	0.0000000E+0	1.0000000E+2	0.0000000E+0
8.1408000E+1	6.2690373E+1	6.0189580E+1	0.0000000E+0	0.0000000E+0	1.0000000E+2	0.0000000E+0
8.1459000E+1	6.2684647E+1	6.0204255E+1	0.0000000E+0	0.0000000E+0	1.0000000E+2	0.0000000E+0
8.1509000E+1	6.2705642E+1	6.0227767E+1	0.0000000E+0	0.0000000E+0	1.0000000E+2	0.0000000E+0
8.1559000E+1	6.2699397E+1	6.0226166E+1	0.0000000E+0	0.0000000E+0	1.0000000E+2	0.0000000E+0
8.1609000E+1	6.2692230E+1	6.0211519E+1	0.0000000E+0	0.0000000E+0	1.0000000E+2	0.0000000E+0
8.1659000E+1	6.2688025E+1	6.0212625E+1	0.0000000E+0	0.0000000E+0	1.0000000E+2	0.0000000E+0
8.1709000E+1	6.2681492E+1	6.0211491E+1	0.0000000E+0	0.0000000E+0	1.0000000E+2	0.0000000E+0
8.1760000E+1	6.2651582E+1	6.0214279E+1	0.0000000E+0	0.0000000E+0	1.0000000E+2	0.0000000E+0
8.1811000E+1	6.2644005E+1	6.0216783E+1	0.0000000E+0	0.0000000E+0	1.0000000E+2	0.0000000E+0
8.1861000E+1	6.2650738E+1	6.0224810E+1	0.0000000E+0	0.0000000E+0	1.0000000E+2	0.0000000E+0
8.1911000E+1	6.2664693E+1	6.0230982E+1	0.0000000E+0	0.0000000E+0	1.0000000E+2	0.0000000E+0
8.1961000E+1	6.2671532E+1	6.0228063E+1	0.0000000E+0	0.0000000E+0	1.0000000E+2	0.0000000E+0
8.2011000E+1	6.2684494E+1	6.0230121E+1	0.0000000E+0	0.0000000E+0	1.0000000E+2	0.0000000E+0
8.2062000E+1	6.2709620E+1	6.0237498E+1	0.0000000E+0	0.0000000E+0	1.0000000E+2	0.0000000E+0
8.2113000E+1	6.2717583E+1	6.0247566E+1	0.0000000E+0	0.0000000E+0	1.0000000E+2	0.0000000E+0
8.2164000E+1	6.2726352E+1	6.0245118E+1	0.0000000E+0	0.0000000E+0	1.0000000E+2	0.0000000E+0
8.2214000E+1	6.2703779E+1	6.0235621E+1	0.0000000E+0	0.0000000E+0	1.0000000E+2	0.0000000E+0
8.2264000E+1	6.2704500E+1	6.0233920E+1	0.0000000E+0	0.0000000E+0	1.0000000E+2	0.0000000E+0
8.2314000E+1	6.2711156E+1	6.0236107E+1	0.0000000E+0	0.0000000E+0	1.0000000E+2	0.0000000E+0
8.2364000E+1	6.2706390E+1	6.0240247E+1	0.0000000E+0	0.0000000E+0	1.0000000E+2	0.0000000E+0
8.2414000E+1	6.2699326E+1	6.0230000E+1	0.0000000E+0	0.0000000E+0	1.0000000E+2	0.0000000E+0
8.2464000E+1	6.2655718E+1	6.0217244E+1	0.0000000E+0	0.0000000E+0	1.0000000E+2	0.0000000E+0
8.2514000E+1	6.2656322E+1	6.0219482E+1	0.0000000E+0	0.0000000E+0	1.0000000E+2	0.0000000E+0
8.2564000E+1	6.2668328E+1	6.0230460E+1	0.0000000E+0	0.0000000E+0	1.0000000E+2	0.0000000E+0
8.2614000E+1	6.2677925E+1	6.0247000E+1	0.0000000E+0	0.0000000E+0	1.0000000E+2	0.0000000E+0
8.2664000E+1	6.2698238E+1	6.0236551E+1	0.0000000E+0	0.0000000E+0	1.0000000E+2	0.0000000E+0
8.2714000E+1	6.2696583E+1	6.0233502E+1	0.0000000E+0	0.0000000E+0	1.0000000E+2	0.0000000E+0
8.2764000E+1	6.2688160E+1	6.0219595E+1	0.0000000E+0	0.0000000E+0	1.0000000E+2	0.0000000E+0
8.2814000E+1	6.2699496E+1	6.0227259E+1	0.0000000E+0	0.0000000E+0	1.0000000E+2	0.0000000E+0
8.2864000E+1	6.2705944E+1	6.0244780E+1	0.0000000E+0	0.0000000E+0	1.0000000E+2	0.0000000E+0
8.2914000E+1	6.2703990E+1	6.0241513E+1	0.0000000E+0	0.0000000E+0	1.0000000E+2	0.0000000E+0
8.2964000E+1	6.2708347E+1	6.0252861E+1	0.0000000E+0	0.0000000E+0	1.0000000E+2	0.0000000E+0
8.3014000E+1	6.2687633E+1	6.0244371E+1	0.0000000E+0	0.0000000E+0	1.0000000E+2	0.0000000E+0
8.3064000E+1	6.2673984E+1	6.0242723E+1	0.0000000E+0	0.0000000E+0	1.0000000E+2	0.0000000E+0
8.3114000E+1	6.2667625E+1	6.0252650E+1	0.0000000E+0	0.0000000E+0	1.0000000E+2	0.0000000E+0
8.3164000E+1	6.2663652E+1	6.0252273E+1	0.0000000E+0	0.0000000E+0	1.0000000E+2	0.0000000E+0
8.3214000E+1	6.2672462E+1	6.0239642E+1	0.0000000E+0	0.0000000E+0	1.0000000E+2	0.0000000E+0
8.3264000E+1	6.2677921E+1	6.0253969E+1	0.0000000E+0	0.0000000E+0	1.0000000E+2	0.0000000E+0
8.3314000E+1	6.2667287E+1	6.0238955E+1	0.0000000E+0	0.0000000E+0	1.0000000E+2	0.0000000E+0
8.3364000E+1	6.2683432E+1	6.0237664E+1	0.0000000E+0	0.0000000E+0	1.0000000E+2	0.0000000E+0
8.3414000E+1	6.2699381E+1	6.0238900E+1	0.0000000E+0	0.0000000E+0	1.0000000E+2	0.0000000E+0
8.3464000E+1	6.2719758E+1	6.0242047E+1	0.0000000E+0	0.0000000E+0	1.0000000E+2	0.0000000E+0
8.3515000E+1	6.2710317E+1	6.0231656E+1	0.0000000E+0	0.0000000E+0	1.0000000E+2	0.0000000E+0
8.3565000E+1	6.2737431E+1	6.0241161E+1	0.0000000E+0	0.0000000E+0	1.0000000E+2	0.0000000E+0
8.3616000E+1	6.2773353E+1	6.0244745E+1	0.0000000E+0	0.0000000E+0	1.0000000E+2	0.0000000E+0
8.3667000E+1	6.2803256E+1	6.0246833E+1	0.0000000E+0	0.0000000E+0	1.0000000E+2	0.0000000E+0
8.3717000E+1	6.2843841E+1	6.0243341E+1	0.0000000E+0	0.0000000E+0	1.0000000E+2	0.0000000E+0
8.3767000E+1	6.2889615E+1	6.0254426E+1	0.0000000E+0	0.0000000E+0	1.0000000E+2	0.0000000E+0
8.3817000E+1	6.2932855E+1	6.0265105E+1	0.0000000E+0	0.0000000E+0	1.0000000E+2	0.0000000E+0
8.3868000E+1	6.2974674E+1	6.0268100E+1	0.0000000E+0	0.0000000E+0	1.0000000E+2	0.0000000E+0
8.3918000E+1	6.3006617E+1	6.0252789E+1	0.0000000E+0	0.0000000E+0	1.0000000E+2	0.0000000E+0
8.3968000E+1	6.3066745E+1	6.0266570E+1	0.0000000E+0	0.0000000E+0	1.0000000E+2	0.0000000E+0
8.4018000E+1	6.3115190E+1	6.0267540E+1	0.0000000E+0	0.0000000E+0	1.0000000E+2	0.0000000E+0
8.4068000E+1	6.3161066E+1	6.0275099E+1	0.0000000E+0	0.0000000E+0	1.0000000E+2	0.0000000E+0
8.4118000E+1	6.3173916E+1	6.0257194E+1	0.0000000E+0	0.0000000E+0	1.0000000E+2	0.0000000E+0
8.4168000E+1	6.3201808E+1	6.0252522E+1	0.0000000E+0	0.0000000E+0	1.0000000E+2	0.0000000E+0
8.4218000E+1	6.3227255E+1	6.0249535E+1	0.0000000E+0	0.0000000E+0	1.0000000E+2	0.0000000E+0
8.4268000E+1	6.3261711E+1	6.0255599E+1	0.0000000E+0	0.0000000E+0	1.0000000E+2	0.0000000E+0
8.4318000E+1	6.3322059E+1	6.0263902E+1	0.0000000E+0	0.0000000E+0	1.0000000E+2	0.0000000E+0
8.4368000E+1	6.3366068E+1	6.0265721E+1	0.0000000E+0	0.0000000E+0	1.0000000E+2	0.0000000E+0
8.4418000E+1	6.3437513E+1	6.0260835E+1	0.0000000E+0	0.0000000E+0	1.0000000E+2	0.0000000E+0
8.4468000E+1	6.3511784E+1	6.0280949E+1	0.0000000E+0	0.0000000E+0	1.0000000E+2	0.0000000E+0
8.4518000E+1	6.3530301E+1	6.0255877E+1	0.0000000E+0	0.0000000E+0	1.0000000E+2	0.0000000E+0
8.4568000E+1	6.3581528E+1	6.0273821E+1	0.0000000E+0	0.0000000E+0	1.0000000E+2	0.0000000E+0
8.4618000E+1	6.3600036E+1	6.0256996E+1	0.0000000E+0	0.0000000E+0	1.0000000E+2	0.0000000E+0
8.4668000E+1	6.3637800E+1	6.0271492E+1	0.0000000E+0	0.0000000E+0	1.0000000E+2	0.0000000E+0
8.4718000E+1	6.3673146E+1	6.0254933E+1	0.0000000E+0	0.0000000E+0	1.0000000E+2	0.0000000E+0
8.4768000E+1	6.3731568E+1	6.0275938E+1	0.0000000E+0	0.0000000E+0	1.0000000E+2	0.0000000E+0
8.4819000E+1	6.3789987E+1	6.0286936E+1	0.0000000E+0	0.0000000E+0	1.0000000E+2	0.0000000E+0
8.4869000E+1	6.3801067E+1	6.0286350E+1	0.0000000E+0	0.0000000E+0	1.0000000E+2	0.0000000E+0
8.4919000E+1	6.3806935E+1	6.0275059E+1	0.0000000E+0	0.0000000E+0	1.0000000E+2	0.0000000E+0
8.4970000E+1	6.3824295E+1	6.0278137E+1	0.0000000E+0	0.0000000E+0	1.0000000E+2	0.0000000E+0
8.5020000E+1	6.3844145E+1	6.0284026E+1	0.0000000E+0	0.0000000E+0	1.0000000E+2	0.0000000E+0
8.5070000E+1	6.3884798E+1	6.0277077E+1	0.0000000E+0	0.0000000E+0	1.0000000E+2	0.0000000E+0
8.5120000E+1	6.3931729E+1	6.0300905E+1	0.0000000E+0	0.0000000E+0	1.0000000E+2	0.0000000E+0
8.5170000E+1	6.3957605E+1	6.0274214E+1	0.0000000E+0	0.0000000E+0	1.0000000E+2	0.0000000E+0
8.5220000E+1	6.3984404E+1	6.0283303E+1	0.0000000E+0	0.0000000E+0	1.0000000E+2	0.0000000E+0
8.5270000E+1	6.4023617E+1	6.0286496E+1	0.0000000E+0	0.0000000E+0	1.0000000E+2	0.0000000E+0
8.5320000E+1	6.4073477E+1	6.0279468E+1	0.0000000E+0	0.0000000E+0	1.0000000E+2	0.0000000E+0
8.5370000E+1	6.4122914E+1	6.0277597E+1	0.0000000E+0	0.0000000E+0	1.0000000E+2	0.0000000E+0
8.5420000E+1	6.4174176E+1	6.0286434E+1	0.0000000E+0	0.0000000E+0	1.0000000E+2	0.0000000E+0
8.5470000E+1	6.4208453E+1	6.0293010E+1	0.0000000E+0	0.0000000E+0	1.0000000E+2	0.0000000E+0
8.5520000E+1	6.4245540E+1	6.0300616E+1	0.0000000E+0	0.0000000E+0	1.0000000E+2	0.0000000E+0
8.5570000E+1	6.4250635E+1	6.0296698E+1	0.0000000E+0	0.0000000E+0	1.0000000E+2	0.0000000E+0
8.5620000E+1	6.4283132E+1	6.0303189E+1	0.0000000E+0	0.0000000E+0	1.0000000E+2	0.0000000E+0
8.5670000E+1	6.4315361E+1	6.0289822E+1	0.0000000E+0	0.0000000E+0	1.0000000E+2	0.0000000E+0
8.5720000E+1	6.4350294E+1	6.0296475E+1	0.0000000E+0	0.0000000E+0	1.0000000E+2	0.0000000E+0
8.5770000E+1	6.4355136E+1	6.0290620E+1	0.0000000E+0	0.0000000E+0	1.0000000E+2	0.0000000E+0
8.5820000E+1	6.4368023E+1	6.0294281E+1	0.0000000E+0	0.0000000E+0	1.0000000E+2	0.0000000E+0
8.5871000E+1	6.4389796E+1	6.0300904E+1	0.0000000E+0	0.0000000E+0	1.0000000E+2	0.0000000E+0
8.5922000E+1	6.4435683E+1	6.0305609E+1	0.0000000E+0	0.0000000E+0	1.0000000E+2	0.0000000E+0
8.5973000E+1	6.4473423E+1	6.0307073E+1	0.0000000E+0	0.0000000E+0	1.0000000E+2	0.0000000E+0
8.6024000E+1	6.4481916E+1	6.0273335E+1	0.0000000E+0	0.0000000E+0	1.0000000E+2	0.0000000E+0
8.6074000E+1	6.4500584E+1	6.0275229E+1	0.0000000E+0	0.0000000E+0	1.0000000E+2	0.0000000E+0
8.6124000E+1	6.4503564E+1	6.0282074E+1	0.0000000E+0	0.0000000E+0	1.0000000E+2	0.0000000E+0
8.6174000E+1	6.4524470E+1	6.0314810E+1	0.0000000E+0	0.0000000E+0	1.0000000E+2	0.0000000E+0
8.6224000E+1	6.4508501E+1	6.0300009E+1	0.0000000E+0	0.0000000E+0	1.0000000E+2	0.0000000E+0
8.6275000E+1	6.4480166E+1	6.0289567E+1	0.0000000E+0	0.0000000E+0	1.0000000E+2	0.0000000E+0
8.6326000E+1	6.4503962E+1	6.0289915E+1	0.0000000E+0	0.0000000E+0	1.0000000E+2	0.0000000E+0
8.6376000E+1	6.4491963E+1	6.0284135E+1	0.0000000E+0	0.0000000E+0	1.0000000E+2	0.0000000E+0
8.6426000E+1	6.4497963E+1	6.0286343E+1	0.0000000E+0	0.0000000E+0	1.0000000E+2	0.0000000E+0
8.6476000E+1	6.4469425E+1	6.0282841E+1	0.0000000E+0	0.0000000E+0	1.0000000E+2	0.0000000E+0
8.6526000E+1	6.4462861E+1	6.0285316E+1	0.0000000E+0	0.0000000E+0	1.0000000E+2	0.0000000E+0
8.6576000E+1	6.4501051E+1	6.0295247E+1	0.0000000E+0	0.0000000E+0	1.0000000E+2	0.0000000E+0
8.6626000E+1	6.4515434E+1	6.0289489E+1	0.0000000E+0	0.0000000E+0	1.0000000E+2	0.0000000E+0
8.6676000E+1	6.4525906E+1	6.0291095E+1	0.0000000E+0	0.0000000E+0	1.0000000E+2	0.0000000E+0
8.6726000E+1	6.4508834E+1	6.0292441E+1	0.0000000E+0	0.0000000E+0	1.0000000E+2	0.0000000E+0
8.6776000E+1	6.4509692E+1	6.0279869E+1	0.0000000E+0	0.0000000E+0	1.0000000E+2	0.0000000E+0
8.6826000E+1	6.4494430E+1	6.0270241E+1	0.0000000E+0	0.0000000E+0	1.0000000E+2	0.0000000E+0
8.6876000E+1	6.4503403E+1	6.0291002E+1	0.0000000E+0	0.0000000E+0	1.0000000E+2	0.0000000E+0
8.6927000E+1	6.4486959E+1	6.0280773E+1	0.0000000E+0	0.0000000E+0	1.0000000E+2	0.0000000E+0
8.6977000E+1	6.4487679E+1	6.0292022E+1	0.0000000E+0	0.0000000E+0	1.0000000E+2	0.0000000E+0
8.7027000E+1	6.4487286E+1	6.0291456E+1	0.0000000E+0	0.0000000E+0	1.0000000E+2	0.0000000E+0
8.7077000E+1	6.4485018E+1	6.0287810E+1	0.0000000E+0	0.0000000E+0	1.0000000E+2	0.0000000E+0
8.7127000E+1	6.4474707E+1	6.0299624E+1	0.0000000E+0	0.0000000E+0	1.0000000E+2	0.0000000E+0
8.7178000E+1	6.4472380E+1	6.0292306E+1	0.0000000E+0	0.0000000E+0	1.0000000E+2	0.0000000E+0
8.7228000E+1	6.4474504E+1	6.0293785E+1	0.0000000E+0	0.0000000E+0	1.0000000E+2	0.0000000E+0
8.7278000E+1	6.4469008E+1	6.0285394E+1	0.0000000E+0	0.0000000E+0	1.0000000E+2	0.0000000E+0
8.7328000E+1	6.4438318E+1	6.0276957E+1	0.0000000E+0	0.0000000E+0	1.0000000E+2	0.0000000E+0
8.7378000E+1	6.4422496E+1	6.0249117E+1	0.0000000E+0	0.0000000E+0	1.0000000E+2	0.0000000E+0
8.7428000E+1	6.4406791E+1	6.0221387E+1	0.0000000E+0	0.0000000E+0	1.0000000E+2	0.0000000E+0
8.7478000E+1	6.4388017E+1	6.0199937E+1	0.0000000E+0	0.0000000E+0	1.0000000E+2	0.0000000E+0
8.7528000E+1	6.4399800E+1	6.0181847E+1	0.0000000E+0	0.0000000E+0	1.0000000E+2	0.0000000E+0
8.7578000E+1	6.4400760E+1	6.0183595E+1	0.0000000E+0	0.0000000E+0	1.0000000E+2	0.0000000E+0
8.7628000E+1	6.4391243E+1	6.0184611E+1	0.0000000E+0	0.0000000E+0	1.0000000E+2	0.0000000E+0
8.7678000E+1	6.4392076E+1	6.0163068E+1	0.0000000E+0	0.0000000E+0	1.0000000E+2	0.0000000E+0
8.7728000E+1	6.4416759E+1	6.0157755E+1	0.0000000E+0	0.0000000E+0	1.0000000E+2	0.0000000E+0
8.7778000E+1	6.4441448E+1	6.0176398E+1	0.0000000E+0	0.0000000E+0	1.0000000E+2	0.0000000E+0
8.7828000E+1	6.4475317E+1	6.0178025E+1	0.0000000E+0	0.0000000E+0	1.0000000E+2	0.0000000E+0
8.7878000E+1	6.4489716E+1	6.0166755E+1	0.0000000E+0	0.0000000E+0	1.0000000E+2	0.0000000E+0
8.7928000E+1	6.4461832E+1	6.0154746E+1	0.0000000E+0	0.0000000E+0	1.0000000E+2	0.0000000E+0
8.7978000E+1	6.4464405E+1	6.0170790E+1	0.0000000E+0	0.0000000E+0	1.0000000E+2	0.0000000E+0
8.8028000E+1	6.4441550E+1	6.0142849E+1	0.0000000E+0	0.0000000E+0	1.0000000E+2	0.0000000E+0
8.8078000E+1	6.4482542E+1	6.0151493E+1	0.0000000E+0	0.0000000E+0	1.0000000E+2	0.0000000E+0
8.8128000E+1	6.4505240E+1	6.0154560E+1	0.0000000E+0	0.0000000E+0	1.0000000E+2	0.0000000E+0
8.8178000E+1	6.4527752E+1	6.0169640E+1	0.0000000E+0	0.0000000E+0	1.0000000E+2	0.0000000E+0
8.8229000E+1	6.4561866E+1	6.0177399E+1	0.0000000E+0	0.0000000E+0	1.0000000E+2	0.0000000E+0
8.8280000E+1	6.4586598E+1	6.0173500E+1	0.0000000E+0	0.0000000E+0	1.0000000E+2	0.0000000E+0
8.8330000E+1	6.4612623E+1	6.0175862E+1	0.0000000E+0	0.0000000E+0	1.0000000E+2	0.0000000E+0
8.8380000E+1	6.4635057E+1	6.0188367E+1	0.0000000E+0	0.0000000E+0	1.0000000E+2	0.0000000E+0
8.8430000E+1	6.4661150E+1	6.0174076E+1	0.0000000E+0	0.0000000E+0	1.0000000E+2	0.0000000E+0
8.8480000E+1	6.4669904E+1	6.0175956E+1	0.0000000E+0	0.0000000E+0	1.0000000E+2	0.0000000E+0
8.8530000E+1	6.4699589E+1	6.0186630E+1	0.0000000E+0	0.0000000E+0	1.0000000E+2	0.0000000E+0
8.8580000E+1	6.4701470E+1	6.0181902E+1	0.0000000E+0	0.0000000E+0	1.0000000E+2	0.0000000E+0
8.8630000E+1	6.4723879E+1	6.0189832E+1	0.0000000E+0	0.0000000E+0	1.0000000E+2	0.0000000E+0
8.8681000E+1	6.4743875E+1	6.0184045E+1	0.0000000E+0	0.0000000E+0	1.0000000E+2	0.0000000E+0
8.8731000E+1	6.4772024E+1	6.0174023E+1	0.0000000E+0	0.0000000E+0	1.0000000E+2	0.0000000E+0
8.8782000E+1	6.4776987E+1	6.0177433E+1	0.0000000E+0	0.0000000E+0	1.0000000E+2	0.0000000E+0
8.8833000E+1	6.4814402E+1	6.0186619E+1	0.0000000E+0	0.0000000E+0	1.0000000E+2	0.0000000E+0
8.8883000E+1	6.4859480E+1	6.0181111E+1	0.0000000E+0	0.0000000E+0	1.0000000E+2	0.0000000E+0
8.8934000E+1	6.4875776E+1	6.0188607E+1	0.0000000E+0	0.0000000E+0	1.0000000E+2	0.0000000E+0
8.8985000E+1	6.4841111E+1	6.0180828E+1	0.0000000E+0	0.0000000E+0	1.0000000E+2	0.0000000E+0
8.9035000E+1	6.4821077E+1	6.0180192E+1	0.0000000E+0	0.0000000E+0	1.0000000E+2	0.0000000E+0
8.9085000E+1	6.4841258E+1	6.0195818E+1	0.0000000E+0	0.0000000E+0	1.0000000E+2	0.0000000E+0
8.9135000E+1	6.4872604E+1	6.0208906E+1	0.0000000E+0	0.0000000E+0	1.0000000E+2	0.0000000E+0
8.9185000E+1	6.4897411E+1	6.0207471E+1	0.0000000E+0	0.0000000E+0	1.0000000E+2	0.0000000E+0
8.9235000E+1	6.4896410E+1	6.0194631E+1	0.0000000E+0	0.0000000E+0	1.0000000E+2	0.0000000E+0
8.9285000E+1	6.4896604E+1	6.0193460E+1	0.0000000E+0	0.0000000E+0	1.0000000E+2	0.0000000E+0
8.9335000E+1	6.4890969E+1	6.0191905E+1	0.0000000E+0	0.0000000E+0	1.0000000E+2	0.0000000E+0
8.9385000E+1	6.4885570E+1	6.0203186E+1	0.0000000E+0	0.0000000E+0	1.0000000E+2	0.0000000E+0
8.9435000E+1	6.4895436E+1	6.0223644E+1	0.0000000E+0	0.0000000E+0	1.0000000E+2	0.0000000E+0
8.9485000E+1	6.4910749E+1	6.0225006E+1	0.0000000E+0	0.0000000E+0	1.0000000E+2	0.0000000E+0
8.9535000E+1	6.4890019E+1	6.0213380E+1	0.0000000E+0	0.0000000E+0	1.0000000E+2	0.0000000E+0
8.9586000E+1	6.4895757E+1	6.0197348E+1	0.0000000E+0	0.0000000E+0	1.0000000E+2	0.0000000E+0
8.9636000E+1	6.4927155E+1	6.0224514E+1	0.0000000E+0	0.0000000E+0	1.0000000E+2	0.0000000E+0
8.9686000E+1	6.4931286E+1	6.0211271E+1	0.0000000E+0	0.0000000E+0	1.0000000E+2	0.0000000E+0
8.9736000E+1	6.4945724E+1	6.0210836E+1	0.0000000E+0	0.0000000E+0	1.0000000E+2	0.0000000E+0
8.9786000E+1	6.4956611E+1	6.0222390E+1	0.0000000E+0	0.0000000E+0	1.0000000E+2	0.0000000E+0
8.9836000E+1	6.4988767E+1	6.0219217E+1	0.0000000E+0	0.0000000E+0	1.0000000E+2	0.0000000E+0
8.9886000E+1	6.4995762E+1	6.0214500E+1	0.0000000E+0	0.0000000E+0	1.0000000E+2	0.0000000E+0
8.9936000E+1	6.4998020E+1	6.0212521E+1	0.0000000E+0	0.0000000E+0	1.0000000E+2	0.0000000E+0
8.9986000E+1	6.4998339E+1	6.0231835E+1	0.0000000E+0	0.0000000E+0	1.0000000E+2	0.0000000E+0
9.0036000E+1	6.5027730E+1	6.0239211E+1	0.0000000E+0	0.0000000E+0	1.0000000E+2	0.0000000E+0
9.0086000E+1	6.5057531E+1	6.0247392E+1	0.0000000E+0	0.0000000E+0	1.0000000E+2	0.0000000E+0
9.0136000E+1	6.5056203E+1	6.0251309E+1	0.0000000E+0	0.0000000E+0	1.0000000E+2	0.0000000E+0
9.0186000E+1	6.5050070E+1	6.0245771E+1	0.0000000E+0	0.0000000E+0	1.0000000E+2	0.0000000E+0
9.0236000E+1	6.5067420E+1	6.0239385E+1	0.0000000E+0	0.0000000E+0	1.0000000E+2	0.0000000E+0
9.0286000E+1	6.5083230E+1	6.0245723E+1	0.0000000E+0	0.0000000E+0	1.0000000E+2	0.0000000E+0
9.0337000E+1	6.5085818E+1	6.0245327E+1	0.0000000E+0	0.0000000E+0	1.0000000E+2	0.0000000E+0
9.0387000E+1	6.5103379E+1	6.0249653E+1	0.0000000E+0	0.0000000E+0	1.0000000E+2	0.0000000E+0
9.0437000E+1	6.5121564E+1	6.0250311E+1	0.0000000E+0	0.0000000E+0	1.0000000E+2	0.0000000E+0
9.0487000E+1	6.5137119E+1	6.0247517E+1	0.0000000E+0	0.0000000E+0	1.0000000E+2	0.0000000E+0
9.0537000E+1	6.5135314E+1	6.0249289E+1	0.0000000E+0	0.0000000E+0	1.0000000E+2	0.0000000E+0
9.0587000E+1	6.5141821E+1	6.0240541E+1	0.0000000E+0	0.0000000E+0	1.0000000E+2	0.0000000E+0
9.0637000E+1	6.5160889E+1	6.0266326E+1	0.0000000E+0	0.0000000E+0	1.0000000E+2	0.0000000E+0
9.0687000E+1	6.5159789E+1	6.0239466E+1	0.0000000E+0	0.0000000E+0	1.0000000E+2	0.0000000E+0
9.0737000E+1	6.5190453E+1	6.0245573E+1	0.0000000E+0	0.0000000E+0	1.0000000E+2	0.0000000E+0
9.0787000E+1	6.5190200E+1	6.0240188E+1	0.0000000E+0	0.0000000E+0	1.0000000E+2	0.0000000E+0
9.0837000E+1	6.5200145E+1	6.0244632E+1	0.0000000E+0	0.0000000E+0	1.0000000E+2	0.0000000E+0
9.0887000E+1	6.5200060E+1	6.0239994E+1	0.0000000E+0	0.0000000E+0	1.0000000E+2	0.0000000E+0
9.0937000E+1	6.5190051E+1	6.0239156E+1	0.0000000E+0	0.0000000E+0	1.0000000E+2	0.0000000E+0
9.0987000E+1	6.5201767E+1	6.0243255E+1	0.0000000E+0	0.0000000E+0	1.0000000E+2	0.0000000E+0
9.1037000E+1	6.5199521E+1	6.0237409E+1	0.0000000E+0	0.0000000E+0	1.0000000E+2	0.0000000E+0
9.1087000E+1	6.5192770E+1	6.0238698E+1	0.0000000E+0	0.0000000E+0	1.0000000E+2	0.0000000E+0
9.1138000E+1	6.5203106E+1	6.0240168E+1	0.0000000E+0	0.0000000E+0	1.0000000E+2	0.0000000E+0
9.1188000E+1	6.5247582E+1	6.0244780E+1	0.0000000E+0	0.0000000E+0	1.0000000E+2	0.0000000E+0
9.1238000E+1	6.5263663E+1	6.0256173E+1	0.0000000E+0	0.0000000E+0	1.0000000E+2	0.0000000E+0
9.1288000E+1	6.5258830E+1	6.0256524E+1	0.0000000E+0	0.0000000E+0	1.0000000E+2	0.0000000E+0
9.1338000E+1	6.5299085E+1	6.0268542E+1	0.0000000E+0	0.0000000E+0	1.0000000E+2	0.0000000E+0
9.1388000E+1	6.5316253E+1	6.0257764E+1	0.0000000E+0	0.0000000E+0	1.0000000E+2	0.0000000E+0
9.1438000E+1	6.5291597E+1	6.0248025E+1	0.0000000E+0	0.0000000E+0	1.0000000E+2	0.0000000E+0
9.1488000E+1	6.5302668E+1	6.0258007E+1	0.0000000E+0	0.0000000E+0	1.0000000E+2	0.0000000E+0
9.1538000E+1	6.5308306E+1	6.0249342E+1	0.0000000E+0	0.0000000E+0	1.0000000E+2	0.0000000E+0
9.1588000E+1	6.5332661E+1	6.0250833E+1	0.0000000E+0	0.0000000E+0	1.0000000E+2	0.0000000E+0
9.1638000E+1	6.5372182E+1	6.0246940E+1	0.0000000E+0	0.0000000E+0	1.0000000E+2	0.0000000E+0
9.1688000E+1	6.5388079E+1	6.0255769E+1	0.0000000E+0	0.0000000E+0	1.0000000E+2	0.0000000E+0
9.1738000E+1	6.5374650E+1	6.0259588E+1	0.0000000E+0	0.0000000E+0	1.0000000E+2	0.0000000E+0
9.1788000E+1	6.5371736E+1	6.0252523E+1	0.0000000E+0	0.0000000E+0	1.0000000E+2	0.0000000E+0
9.1838000E+1	6.5413112E+1	6.0254654E+1	0.0000000E+0	0.0000000E+0	1.0000000E+2	0.0000000E+0
9.1888000E+1	6.5430104E+1	6.0251044E+1	0.0000000E+0	0.0000000E+0	1.0000000E+2	0.0000000E+0
9.1938000E+1	6.5454734E+1	6.0247274E+1	0.0000000E+0	0.0000000E+0	1.0000000E+2	0.0000000E+0
9.1988000E+1	6.5468988E+1	6.0250297E+1	0.0000000E+0	0.0000000E+0	1.0000000E+2	0.0000000E+0
9.2038000E+1	6.5496519E+1	6.0243876E+1	0.0000000E+0	0.0000000E+0	1.0000000E+2	0.0000000E+0
9.2088000E+1	6.5508835E+1	6.0241572E+1	0.0000000E+0	0.0000000E+0	1.0000000E+2	0.0000000E+0
9.2138000E+1	6.5546882E+1	6.0249142E+1	0.0000000E+0	0.0000000E+0	1.0000000E+2	0.0000000E+0
9.2188000E+1	6.5578970E+1	6.0247746E+1	0.0000000E+0	0.0000000E+0	1.0000000E+2	0.0000000E+0
9.2238000E+1	6.5567501E+1	6.0244639E+1	0.0000000E+0	0.0000000E+0	1.0000000E+2	0.0000000E+0
9.2288000E+1	6.5591476E+1	6.0261840E+1	0.0000000E+0	0.0000000E+0	1.0000000E+2	0.0000000E+0
9.2338000E+1	6.5591190E+1	6.0256776E+1	0.0000000E+0	0.0000000E+0	1.0000000E+2	0.0000000E+0
9.2388000E+1	6.5626544E+1	6.0273397E+1	0.0000000E+0	0.0000000E+0	1.0000000E+2	0.0000000E+0
9.2438000E+1	6.5636827E+1	6.0260058E+1	0.0000000E+0	0.0000000E+0	1.0000000E+2	0.0000000E+0
9.2488000E+1	6.5638377E+1	6.0260206E+1	0.0000000E+0	0.0000000E+0	1.0000000E+2	0.0000000E+0
9.2538000E+1	6.5609358E+1	6.0260284E+1	0.0000000E+0	0.0000000E+0	1.0000000E+2	0.0000000E+0
9.2588000E+1	6.5605445E+1	6.0248428E+1	0.0000000E+0	0.0000000E+0	1.0000000E+2	0.0000000E+0
9.2638000E+1	6.5592355E+1	6.0255855E+1	0.0000000E+0	0.0000000E+0	1.0000000E+2	0.0000000E+0
9.2688000E+1	6.5560890E+1	6.0263666E+1	0.0000000E+0	0.0000000E+0	1.0000000E+2	0.0000000E+0
9.2738000E+1	6.5567299E+1	6.0271330E+1	0.0000000E+0	0.0000000E+0	1.0000000E+2	0.0000000E+0
9.2789000E+1	6.5558922E+1	6.0259548E+1	0.0000000E+0	0.0000000E+0	1.0000000E+2	0.0000000E+0
9.2839000E+1	6.5566181E+1	6.0257483E+1	0.0000000E+0	0.0000000E+0	1.0000000E+2	0.0000000E+0
9.2889000E+1	6.5571735E+1	6.0263899E+1	0.0000000E+0	0.0000000E+0	1.0000000E+2	0.0000000E+0
9.2939000E+1	6.5576483E+1	6.0248462E+1	0.0000000E+0	0.0000000E+0	1.0000000E+2	0.0000000E+0
9.2989000E+1	6.5579411E+1	6.0240687E+1	0.0000000E+0	0.0000000E+0	1.0000000E+2	0.0000000E+0
9.3039000E+1	6.5553399E+1	6.0243021E+1	0.0000000E+0	0.0000000E+0	1.0000000E+2	0.0000000E+0
9.3089000E+1	6.5530876E+1	6.0251433E+1	0.0000000E+0	0.0000000E+0	1.0000000E+2	0.0000000E+0
9.3139000E+1	6.5543507E+1	6.0257224E+1	0.0000000E+0	0.0000000E+0	1.0000000E+2	0.0000000E+0
9.3189000E+1	6.5547737E+1	6.0253354E+1	0.0000000E+0	0.0000000E+0	1.0000000E+2	0.0000000E+0
9.3239000E+1	6.5542198E+1	6.0249745E+1	0.0000000E+0	0.0000000E+0	1.0000000E+2	0.0000000E+0
9.3289000E+1	6.5563777E+1	6.0258082E+1	0.0000000E+0	0.0000000E+0	1.0000000E+2	0.0000000E+0
9.3339000E+1	6.5563639E+1	6.0252210E+1	0.0000000E+0	0.0000000E+0	1.0000000E+2	0.0000000E+0
9.3390000E+1	6.5565262E+1	6.0253150E+1	0.0000000E+0	0.0000000E+0	1.0000000E+2	0.0000000E+0
9.3441000E+1	6.5591481E+1	6.0268265E+1	0.0000000E+0	0.0000000E+0	1.0000000E+2	0.0000000E+0
9.3491000E+1	6.5602176E+1	6.0269771E+1	0.0000000E+0	0.0000000E+0	1.0000000E+2	0.0000000E+0
9.3542000E+1	6.5609280E+1	6.0279110E+1	0.0000000E+0	0.0000000E+0	1.0000000E+2	0.0000000E+0
9.3592000E+1	6.5605954E+1	6.0283511E+1	0.0000000E+0	0.0000000E+0	1.0000000E+2	0.0000000E+0
9.3643000E+1	6.5621033E+1	6.0291696E+1	0.0000000E+0	0.0000000E+0	1.0000000E+2	0.0000000E+0
9.3693000E+1	6.5617374E+1	6.0273970E+1	0.0000000E+0	0.0000000E+0	1.0000000E+2	0.0000000E+0
9.3743000E+1	6.5611977E+1	6.0273993E+1	0.0000000E+0	0.0000000E+0	1.0000000E+2	0.0000000E+0
9.3794000E+1	6.5582959E+1	6.0249818E+1	0.0000000E+0	0.0000000E+0	1.0000000E+2	0.0000000E+0
9.3844000E+1	6.5610025E+1	6.0262874E+1	0.0000000E+0	0.0000000E+0	1.0000000E+2	0.0000000E+0
9.3894000E+1	6.5598643E+1	6.0256898E+1	0.0000000E+0	0.0000000E+0	1.0000000E+2	0.0000000E+0
9.3944000E+1	6.5573176E+1	6.0257067E+1	0.0000000E+0	0.0000000E+0	1.0000000E+2	0.0000000E+0
9.3994000E+1	6.5584315E+1	6.0270992E+1	0.0000000E+0	0.0000000E+0	1.0000000E+2	0.0000000E+0
9.4044000E+1	6.5593494E+1	6.0257782E+1	0.0000000E+0	0.0000000E+0	1.0000000E+2	0.0000000E+0
9.4094000E+1	6.5594807E+1	6.0246869E+1	0.0000000E+0	0.0000000E+0	1.0000000E+2	0.0000000E+0
9.4144000E+1	6.5609208E+1	6.0259039E+1	0.0000000E+0	0.0000000E+0	1.0000000E+2	0.0000000E+0
9.4195000E+1	6.5616387E+1	6.0269574E+1	0.0000000E+0	0.0000000E+0	1.0000000E+2	0.0000000E+0
9.4245000E+1	6.5589111E+1	6.0259741E+1	0.0000000E+0	0.0000000E+0	1.0000000E+2	0.0000000E+0
9.4297000E+1	6.5586373E+1	6.0252537E+1	0.0000000E+0	0.0000000E+0	1.0000000E+2	0.0000000E+0
9.4347000E+1	6.5580566E+1	6.0248403E+1	0.0000000E+0	0.0000000E+0	1.0000000E+2	0.0000000E+0
9.4398000E+1	6.5591804E+1	6.0253305E+1	0.0000000E+0	0.0000000E+0	1.0000000E+2	0.0000000E+0
9.4448000E+1	6.5591568E+1	6.0243613E+1	0.0000000E+0	0.0000000E+0	1.0000000E+2	0.0000000E+0
9.4498000E+1	6.5624649E+1	6.0243070E+1	0.0000000E+0	0.0000000E+0	1.0000000E+2	0.0000000E+0
9.4548000E+1	6.5617830E+1	6.0238778E+1	0.0000000E+0	0.0000000E+0	1.0000000E+2	0.0000000E+0
9.4598000E+1	6.5630496E+1	6.0227991E+1	0.0000000E+0	0.0000000E+0	1.0000000E+2	0.0000000E+0
9.4648000E+1	6.5642006E+1	6.0240595E+1	0.0000000E+0	0.0000000E+0	1.0000000E+2	0.0000000E+0
9.4698000E+1	6.5673341E+1	6.0255999E+1	0.0000000E+0	0.0000000E+0	1.0000000E+2	0.0000000E+0
9.4748000E+1	6.5696112E+1	6.0255505E+1	0.0000000E+0	0.0000000E+0	1.0000000E+2	0.0000000E+0
9.4798000E+1	6.5710517E+1	6.0243677E+1	0.0000000E+0	0.0000000E+0	1.0000000E+2	0.0000000E+0
9.4849000E+1	6.5718918E+1	6.0241324E+1	0.0000000E+0	0.0000000E+0	1.0000000E+2	0.0000000E+0
9.4899000E+1	6.5735252E+1	6.0257197E+1	0.0000000E+0	0.0000000E+0	1.0000000E+2	0.0000000E+0
9.4949000E+1	6.5736335E+1	6.0258089E+1	0.0000000E+0	0.0000000E+0	1.0000000E+2	0.0000000E+0
9.4999000E+1	6.5751360E+1	6.0262863E+1	0.0000000E+0	0.0000000E+0	1.0000000E+2	0.0000000E+0
9.5049000E+1	6.5748207E+1	6.0258619E+1	0.0000000E+0	0.0000000E+0	1.0000000E+2	0.0000000E+0
9.5099000E+1	6.5736331E+1	6.0256842E+1	0.0000000E+0	0.0000000E+0	1.0000000E+2	0.0000000E+0
9.5149000E+1	6.5740427E+1	6.0262075E+1	0.0000000E+0	0.0000000E+0	1.0000000E+2	0.0000000E+0
9.5199000E+1	6.5703839E+1	6.0242508E+1	0.0000000E+0	0.0000000E+0	1.0000000E+2	0.0000000E+0
9.5249000E+1	6.5691658E+1	6.0244106E+1	0.0000000E+0	0.0000000E+0	1.0000000E+2	0.0000000E+0
9.5299000E+1	6.5724745E+1	6.0262402E+1	0.0000000E+0	0.0000000E+0	1.0000000E+2	0.0000000E+0
9.5349000E+1	6.5715987E+1	6.0258226E+1	0.0000000E+0	0.0000000E+0	1.0000000E+2	0.0000000E+0
9.5399000E+1	6.5716772E+1	6.0255059E+1	0.0000000E+0	0.0000000E+0	1.0000000E+2	0.0000000E+0
9.5449000E+1	6.5718865E+1	6.0262537E+1	0.0000000E+0	0.0000000E+0	1.0000000E+2	0.0000000E+0
9.5499000E+1	6.5711879E+1	6.0266274E+1	0.0000000E+0	0.0000000E+0	1.0000000E+2	0.0000000E+0
9.5549000E+1	6.5714774E+1	6.0263780E+1	0.0000000E+0	0.0000000E+0	1.0000000E+2	0.0000000E+0
9.5599000E+1	6.5720971E+1	6.0250327E+1	0.0000000E+0	0.0000000E+0	1.0000000E+2	0.0000000E+0
9.5649000E+1	6.5735676E+1	6.0262815E+1	0.0000000E+0	0.0000000E+0	1.0000000E+2	0.0000000E+0
9.5699000E+1	6.5723257E+1	6.0245430E+1	0.0000000E+0	0.0000000E+0	1.0000000E+2	0.0000000E+0
9.5749000E+1	6.5731818E+1	6.0254127E+1	0.0000000E+0	0.0000000E+0	1.0000000E+2	0.0000000E+0
9.5799000E+1	6.5714469E+1	6.0258622E+1	0.0000000E+0	0.0000000E+0	1.0000000E+2	0.0000000E+0
9.5849000E+1	6.5724549E+1	6.0254399E+1	0.0000000E+0	0.0000000E+0	1.0000000E+2	0.0000000E+0
9.5899000E+1	6.5751276E+1	6.0250815E+1	0.0000000E+0	0.0000000E+0	1.0000000E+2	0.0000000E+0
9.5949000E+1	6.5784282E+1	6.0269949E+1	0.0000000E+0	0.0000000E+0	1.0000000E+2	0.0000000E+0
9.6000000E+1	6.5803308E+1	6.0260716E+1	0.0000000E+0	0.0000000E+0	1.0000000E+2	0.0000000E+0
9.6050000E+1	6.5807276E+1	6.0249950E+1	0.0000000E+0	0.0000000E+0	1.0000000E+2	0.0000000E+0
9.6101000E+1	6.5823085E+1	6.0255430E+1	0.0000000E+0	0.0000000E+0	1.0000000E+2	0.0000000E+0
9.6151000E+1	6.5840720E+1	6.0261854E+1	0.0000000E+0	0.0000000E+0	1.0000000E+2	0.0000000E+0
9.6201000E+1	6.5860115E+1	6.0271406E+1	0.0000000E+0	0.0000000E+0	1.0000000E+2	0.0000000E+0
9.6251000E+1	6.5867737E+1	6.0269018E+1	0.0000000E+0	0.0000000E+0	1.0000000E+2	0.0000000E+0
9.6301000E+1	6.5893370E+1	6.0284746E+1	0.0000000E+0	0.0000000E+0	1.0000000E+2	0.0000000E+0
9.6351000E+1	6.5880648E+1	6.0275096E+1	0.0000000E+0	0.0000000E+0	1.0000000E+2	0.0000000E+0
9.6401000E+1	6.5834789E+1	6.0255718E+1	0.0000000E+0	0.0000000E+0	1.0000000E+2	0.0000000E+0
9.6451000E+1	6.5857988E+1	6.0264801E+1	0.0000000E+0	0.0000000E+0	1.0000000E+2	0.0000000E+0
9.6501000E+1	6.5879771E+1	6.0237698E+1	0.0000000E+0	0.0000000E+0	1.0000000E+2	0.0000000E+0
9.6552000E+1	6.5910173E+1	6.0252747E+1	0.0000000E+0	0.0000000E+0	1.0000000E+2	0.0000000E+0
9.6603000E+1	6.5944787E+1	6.0270462E+1	0.0000000E+0	0.0000000E+0	1.0000000E+2	0.0000000E+0
9.6653000E+1	6.5959423E+1	6.0256352E+1	0.0000000E+0	0.0000000E+0	1.0000000E+2	0.0000000E+0
9.6703000E+1	6.5954866E+1	6.0254366E+1	0.0000000E+0	0.0000000E+0	1.0000000E+2	0.0000000E+0
9.6753000E+1	6.5965988E+1	6.0250323E+1	0.0000000E+0	0.0000000E+0	1.0000000E+2	0.0000000E+0
9.6803000E+1	6.5982484E+1	6.0257705E+1	0.0000000E+0	0.0000000E+0	1.0000000E+2	0.0000000E+0
9.6853000E+1	6.6013339E+1	6.0260143E+1	0.0000000E+0	0.0000000E+0	1.0000000E+2	0.0000000E+0
9.6903000E+1	6.6036985E+1	6.0261664E+1	0.0000000E+0	0.0000000E+0	1.0000000E+2	0.0000000E+0
9.6953000E+1	6.6056191E+1	6.0254577E+1	0.0000000E+0	0.0000000E+0	1.0000000E+2	0.0000000E+0
9.7003000E+1	6.6075612E+1	6.0244717E+1	0.0000000E+0	0.0000000E+0	1.0000000E+2	0.0000000E+0
9.7053000E+1	6.6107407E+1	6.0261186E+1	0.0000000E+0	0.0000000E+0	1.0000000E+2	0.0000000E+0
9.7103000E+1	6.6110327E+1	6.0257018E+1	0.0000000E+0	0.0000000E+0	1.0000000E+2	0.0000000E+0
9.7154000E+1	6.6116479E+1	6.0242317E+1	0.0000000E+0	0.0000000E+0	1.0000000E+2	0.0000000E+0
9.7204000E+1	6.6130554E+1	6.0257642E+1	0.0000000E+0	0.0000000E+0	1.0000000E+2	0.0000000E+0
9.7255000E+1	6.6124586E+1	6.0255451E+1	0.0000000E+0	0.0000000E+0	1.0000000E+2	0.0000000E+0
9.7305000E+1	6.6121540E+1	6.0248703E+1	0.0000000E+0	0.0000000E+0	1.0000000E+2	0.0000000E+0
9.7355000E+1	6.6110797E+1	6.0253102E+1	0.0000000E+0	0.0000000E+0	1.0000000E+2	0.0000000E+0
9.7406000E+1	6.6114245E+1	6.0226204E+1	0.0000000E+0	0.0000000E+0	1.0000000E+2	0.0000000E+0
9.7457000E+1	6.6139067E+1	6.0243696E+1	0.0000000E+0	0.0000000E+0	1.0000000E+2	0.0000000E+0
9.7507000E+1	6.6150310E+1	6.0249631E+1	0.0000000E+0	0.0000000E+0	1.0000000E+2	0.0000000E+0
9.7557000E+1	6.6111268E+1	6.0246645E+1	0.0000000E+0	0.0000000E+0	1.0000000E+2	0.0000000E+0
9.7607000E+1	6.6089649E+1	6.0237770E+1	0.0000000E+0	0.0000000E+0	1.0000000E+2	0.0000000E+0
9.7657000E+1	6.6089132E+1	6.0222525E+1	0.0000000E+0	0.0000000E+0	1.0000000E+2	0.0000000E+0
9.7707000E+1	6.6131781E+1	6.0240893E+1	0.0000000E+0	0.0000000E+0	1.0000000E+2	0.0000000E+0
9.7757000E+1	6.6173795E+1	6.0256520E+1	0.0000000E+0	0.0000000E+0	1.0000000E+2	0.0000000E+0
9.7807000E+1	6.6178449E+1	6.0247081E+1	0.0000000E+0	0.0000000E+0	1.0000000E+2	0.0000000E+0
9.7857000E+1	6.6174779E+1	6.0247855E+1	0.0000000E+0	0.0000000E+0	1.0000000E+2	0.0000000E+0
9.7907000E+1	6.6155227E+1	6.0249574E+1	0.0000000E+0	0.0000000E+0	1.0000000E+2	0.0000000E+0
9.7957000E+1	6.6124657E+1	6.0248169E+1	0.0000000E+0	0.0000000E+0	1.0000000E+2	0.0000000E+0
9.8007000E+1	6.6139224E+1	6.0256445E+1	0.0000000E+0	0.0000000E+0	1.0000000E+2	0.0000000E+0
9.8057000E+1	6.6146906E+1	6.0273313E+1	0.0000000E+0	0.0000000E+0	1.0000000E+2	0.0000000E+0
9.8107000E+1	6.6131653E+1	6.0257974E+1	0.0000000E+0	0.0000000E+0	1.0000000E+2	0.0000000E+0
9.8157000E+1	6.6161846E+1	6.0255143E+1	0.0000000E+0	0.0000000E+0	1.0000000E+2	0.0000000E+0
9.8207000E+1	6.6187737E+1	6.0268254E+1	0.0000000E+0	0.0000000E+0	1.0000000E+2	0.0000000E+0
9.8257000E+1	6.6194740E+1	6.0266118E+1	0.0000000E+0	0.0000000E+0	1.0000000E+2	0.0000000E+0
9.8307000E+1	6.6197871E+1	6.0255240E+1	0.0000000E+0	0.0000000E+0	1.0000000E+2	0.0000000E+0
9.8357000E+1	6.6231978E+1	6.0258048E+1	0.0000000E+0	0.0000000E+0	1.0000000E+2	0.0000000E+0
9.8407000E+1	6.6239834E+1	6.0262958E+1	0.0000000E+0	0.0000000E+0	1.0000000E+2	0.0000000E+0
9.8457000E+1	6.6258713E+1	6.0256055E+1	0.0000000E+0	0.0000000E+0	1.0000000E+2	0.0000000E+0
9.8507000E+1	6.6253836E+1	6.0260509E+1	0.0000000E+0	0.0000000E+0	1.0000000E+2	0.0000000E+0
9.8558000E+1	6.6248388E+1	6.0262679E+1	0.0000000E+0	0.0000000E+0	1.0000000E+2	0.0000000E+0
9.8609000E+1	6.6259524E+1	6.0268207E+1	0.0000000E+0	0.0000000E+0	1.0000000E+2	0.0000000E+0
9.8659000E+1	6.6242675E+1	6.0260132E+1	0.0000000E+0	0.0000000E+0	1.0000000E+2	0.0000000E+0
9.8710000E+1	6.6259097E+1	6.0265152E+1	0.0000000E+0	0.0000000E+0	1.0000000E+2	0.0000000E+0
9.8761000E+1	6.6291607E+1	6.0265726E+1	0.0000000E+0	0.0000000E+0	1.0000000E+2	0.0000000E+0
9.8813000E+1	6.6316213E+1	6.0276387E+1	0.0000000E+0	0.0000000E+0	1.0000000E+2	0.0000000E+0
9.8863000E+1	6.6294704E+1	6.0280864E+1	0.0000000E+0	0.0000000E+0	1.0000000E+2	0.0000000E+0
9.8913000E+1	6.6292717E+1	6.0270780E+1	0.0000000E+0	0.0000000E+0	1.0000000E+2	0.0000000E+0
9.8964000E+1	6.6304254E+1	6.0275762E+1	0.0000000E+0	0.0000000E+0	1.0000000E+2	0.0000000E+0
9.9014000E+1	6.6320346E+1	6.0272418E+1	0.0000000E+0	0.0000000E+0	1.0000000E+2	0.0000000E+0
9.9064000E+1	6.6332247E+1	6.0259064E+1	0.0000000E+0	0.0000000E+0	1.0000000E+2	0.0000000E+0
9.9115000E+1	6.6348919E+1	6.0255174E+1	0.0000000E+0	0.0000000E+0	1.0000000E+2	0.0000000E+0
9.9165000E+1	6.6347000E+1	6.0266171E+1	0.0000000E+0	0.0000000E+0	1.0000000E+2	0.0000000E+0
9.9215000E+1	6.6364367E+1	6.0269804E+1	0.0000000E+0	0.0000000E+0	1.0000000E+2	0.0000000E+0
9.9265000E+1	6.6362113E+1	6.0266434E+1	0.0000000E+0	0.0000000E+0	1.0000000E+2	0.0000000E+0
9.9315000E+1	6.6363525E+1	6.0261008E+1	0.0000000E+0	0.0000000E+0	1.0000000E+2	0.0000000E+0
9.9365000E+1	6.6352066E+1	6.0260922E+1	0.0000000E+0	0.0000000E+0	1.0000000E+2	0.0000000E+0
9.9415000E+1	6.6330714E+1	6.0263495E+1	0.0000000E+0	0.0000000E+0	1.0000000E+2	0.0000000E+0
9.9465000E+1	6.6324366E+1	6.0263945E+1	0.0000000E+0	0.0000000E+0	1.0000000E+2	0.0000000E+0
9.9516000E+1	6.6331964E+1	6.0252601E+1	0.0000000E+0	0.0000000E+0	1.0000000E+2	0.0000000E+0
9.9567000E+1	6.6354539E+1	6.0260108E+1	0.0000000E+0	0.0000000E+0	1.0000000E+2	0.0000000E+0
9.9617000E+1	6.6330499E+1	6.0239407E+1	0.0000000E+0	0.0000000E+0	1.0000000E+2	0.0000000E+0
9.9667000E+1	6.6337323E+1	6.0253016E+1	0.0000000E+0	0.0000000E+0	1.0000000E+2	0.0000000E+0
9.9717000E+1	6.6342557E+1	6.0245919E+1	0.0000000E+0	0.0000000E+0	1.0000000E+2	0.0000000E+0
9.9767000E+1	6.6327821E+1	6.0237810E+1	0.0000000E+0	0.0000000E+0	1.0000000E+2	0.0000000E+0
9.9817000E+1	6.6330055E+1	6.0229748E+1	0.0000000E+0	0.0000000E+0	1.0000000E+2	0.0000000E+0
9.9867000E+1	6.6309663E+1	6.0222277E+1	0.0000000E+0	0.0000000E+0	1.0000000E+2	0.0000000E+0
9.9917000E+1	6.6295495E+1	6.0211885E+1	0.0000000E+0	0.0000000E+0	1.0000000E+2	0.0000000E+0
9.9967000E+1	6.6306043E+1	6.0212954E+1	0.0000000E+0	0.0000000E+0	1.0000000E+2	0.0000000E+0
1.0001700E+2	6.6277752E+1	6.0183835E+1	0.0000000E+0	0.0000000E+0	1.0000000E+2	0.0000000E+0
1.0006700E+2	6.6296504E+1	6.0178443E+1	0.0000000E+0	0.0000000E+0	1.0000000E+2	0.0000000E+0
1.0011800E+2	6.6281640E+1	6.0158415E+1	0.0000000E+0	0.0000000E+0	1.0000000E+2	0.0000000E+0
1.0016800E+2	6.6274863E+1	6.0144946E+1	0.0000000E+0	0.0000000E+0	1.0000000E+2	0.0000000E+0
1.0021800E+2	6.6288211E+1	6.0139025E+1	0.0000000E+0	0.0000000E+0	1.0000000E+2	0.0000000E+0
1.0026800E+2	6.6308639E+1	6.0133400E+1	0.0000000E+0	0.0000000E+0	1.0000000E+2	0.0000000E+0
1.0031800E+2	6.6340651E+1	6.0137922E+1	0.0000000E+0	0.0000000E+0	1.0000000E+2	0.0000000E+0
1.0036900E+2	6.6323355E+1	6.0140279E+1	0.0000000E+0	0.0000000E+0	1.0000000E+2	0.0000000E+0
1.0041900E+2	6.6308266E+1	6.0126647E+1	0.0000000E+0	0.0000000E+0	1.0000000E+2	0.0000000E+0
1.0046900E+2	6.6266698E+1	6.0113896E+1	0.0000000E+0	0.0000000E+0	1.0000000E+2	0.0000000E+0
1.0051900E+2	6.6269344E+1	6.0109026E+1	0.0000000E+0	0.0000000E+0	1.0000000E+2	0.0000000E+0
1.0056900E+2	6.6280992E+1	6.0109067E+1	0.0000000E+0	0.0000000E+0	1.0000000E+2	0.0000000E+0
1.0061900E+2	6.6275062E+1	6.0105714E+1	0.0000000E+0	0.0000000E+0	1.0000000E+2	0.0000000E+0
1.0066900E+2	6.6284926E+1	6.0106034E+1	0.0000000E+0	0.0000000E+0	1.0000000E+2	0.0000000E+0
1.0071900E+2	6.6294182E+1	6.0118503E+1	0.0000000E+0	0.0000000E+0	1.0000000E+2	0.0000000E+0
1.0076900E+2	6.6284310E+1	6.0117561E+1	0.0000000E+0	0.0000000E+0	1.0000000E+2	0.0000000E+0
1.0081900E+2	6.6268056E+1	6.0119814E+1	0.0000000E+0	0.0000000E+0	1.0000000E+2	0.0000000E+0
1.0086900E+2	6.6257780E+1	6.0124050E+1	0.0000000E+0	0.0000000E+0	1.0000000E+2	0.0000000E+0
1.0091900E+2	6.6244025E+1	6.0128796E+1	0.0000000E+0	0.0000000E+0	1.0000000E+2	0.0000000E+0
1.0096900E+2	6.6226022E+1	6.0119613E+1	0.0000000E+0	0.0000000E+0	1.0000000E+2	0.0000000E+0
1.0101900E+2	6.6223682E+1	6.0110731E+1	0.0000000E+0	0.0000000E+0	1.0000000E+2	0.0000000E+0
1.0106900E+2	6.6235632E+1	6.0115395E+1	0.0000000E+0	0.0000000E+0	1.0000000E+2	0.0000000E+0
1.0111900E+2	6.6215452E+1	6.0122577E+1	0.0000000E+0	0.0000000E+0	1.0000000E+2	0.0000000E+0
1.0116900E+2	6.6207723E+1	6.0089168E+1	0.0000000E+0	0.0000000E+0	1.0000000E+2	0.0000000E+0
1.0121900E+2	6.6236784E+1	6.0103144E+1	0.0000000E+0	0.0000000E+0	1.0000000E+2	0.0000000E+0
1.0126900E+2	6.6256437E+1	6.0103073E+1	0.0000000E+0	0.0000000E+0	1.0000000E+2	0.0000000E+0
1.0131900E+2	6.6284303E+1	6.0121146E+1	0.0000000E+0	0.0000000E+0	1.0000000E+2	0.0000000E+0
1.0136900E+2	6.6292716E+1	6.0129485E+1	0.0000000E+0	0.0000000E+0	1.0000000E+2	0.0000000E+0
1.0141900E+2	6.6298457E+1	6.0120882E+1	0.0000000E+0	0.0000000E+0	1.0000000E+2	0.0000000E+0
1.0146900E+2	6.6314913E+1	6.0132349E+1	0.0000000E+0	0.0000000E+0	1.0000000E+2	0.0000000E+0
1.0151900E+2	6.6350657E+1	6.0143086E+1	0.0000000E+0	0.0000000E+0	1.0000000E+2	0.0000000E+0
1.0156900E+2	6.6358816E+1	6.0149420E+1	0.0000000E+0	0.0000000E+0	1.0000000E+2	0.0000000E+0
1.0161900E+2	6.6369933E+1	6.0132876E+1	0.0000000E+0	0.0000000E+0	1.0000000E+2	0.0000000E+0
1.0166900E+2	6.6414186E+1	6.0154754E+1	0.0000000E+0	0.0000000E+0	1.0000000E+2	0.0000000E+0
1.0172000E+2	6.6427201E+1	6.0159108E+1	0.0000000E+0	0.0000000E+0	1.0000000E+2	0.0000000E+0
1.0177000E+2	6.6431453E+1	6.0161756E+1	0.0000000E+0	0.0000000E+0	1.0000000E+2	0.0000000E+0
1.0182100E+2	6.6425590E+1	6.0157725E+1	0.0000000E+0	0.0000000E+0	1.0000000E+2	0.0000000E+0
1.0187100E+2	6.6437672E+1	6.0159634E+1	0.0000000E+0	0.0000000E+0	1.0000000E+2	0.0000000E+0
1.0192100E+2	6.6436777E+1	6.0149948E+1	0.0000000E+0	0.0000000E+0	1.0000000E+2	0.0000000E+0
1.0197100E+2	6.6408697E+1	6.0150338E+1	0.0000000E+0	0.0000000E+0	1.0000000E+2	0.0000000E+0
1.0202100E+2	6.6392959E+1	6.0168942E+1	0.0000000E+0	0.0000000E+0	1.0000000E+2	0.0000000E+0
1.0207100E+2	6.6394495E+1	6.0166635E+1	0.0000000E+0	0.0000000E+0	1.0000000E+2	0.0000000E+0
1.0212200E+2	6.6388207E+1	6.0175439E+1	0.0000000E+0	0.0000000E+0	1.0000000E+2	0.0000000E+0
1.0217200E+2	6.6385366E+1	6.0177681E+1	0.0000000E+0	0.0000000E+0	1.0000000E+2	0.0000000E+0
1.0222200E+2	6.6406744E+1	6.0182572E+1	0.0000000E+0	0.0000000E+0	1.0000000E+2	0.0000000E+0
1.0227200E+2	6.6420470E+1	6.0192637E+1	0.0000000E+0	0.0000000E+0	1.0000000E+2	0.0000000E+0
1.0232200E+2	6.6435247E+1	6.0182561E+1	0.0000000E+0	0.0000000E+0	1.0000000E+2	0.0000000E+0
1.0237200E+2	6.6410425E+1	6.0176544E+1	0.0000000E+0	0.0000000E+0	1.0000000E+2	0.0000000E+0
1.0242300E+2	6.6415038E+1	6.0191863E+1	0.0000000E+0	0.0000000E+0	1.0000000E+2	0.0000000E+0
1.0247300E+2	6.6390291E+1	6.0185581E+1	0.0000000E+0	0.0000000E+0	1.0000000E+2	0.0000000E+0
1.0252300E+2	6.6391353E+1	6.0196347E+1	0.0000000E+0	0.0000000E+0	1.0000000E+2	0.0000000E+0
1.0257300E+2	6.6390298E+1	6.0182861E+1	0.0000000E+0	0.0000000E+0	1.0000000E+2	0.0000000E+0
1.0262300E+2	6.6388450E+1	6.0188992E+1	0.0000000E+0	0.0000000E+0	1.0000000E+2	0.0000000E+0
1.0267300E+2	6.6370646E+1	6.0191680E+1	0.0000000E+0	0.0000000E+0	1.0000000E+2	0.0000000E+0
1.0272400E+2	6.6341653E+1	6.0190005E+1	0.0000000E+0	0.0000000E+0	1.0000000E+2	0.0000000E+0
1.0277500E+2	6.6343116E+1	6.0198324E+1	0.0000000E+0	0.0000000E+0	1.0000000E+2	0.0000000E+0
1.0282500E+2	6.6335963E+1	6.0197378E+1	0.0000000E+0	0.0000000E+0	1.0000000E+2	0.0000000E+0
1.0287500E+2	6.6325368E+1	6.0191841E+1	0.0000000E+0	0.0000000E+0	1.0000000E+2	0.0000000E+0
1.0292500E+2	6.6326737E+1	6.0200422E+1	0.0000000E+0	0.0000000E+0	1.0000000E+2	0.0000000E+0
1.0297500E+2	6.6303760E+1	6.0197086E+1	0.0000000E+0	0.0000000E+0	1.0000000E+2	0.0000000E+0
1.0302500E+2	6.6307520E+1	6.0191054E+1	0.0000000E+0	0.0000000E+0	1.0000000E+2	0.0000000E+0
1.0307500E+2	6.6300924E+1	6.0188837E+1	0.0000000E+0	0.0000000E+0	1.0000000E+2	0.0000000E+0
1.0312500E+2	6.6306250E+1	6.0185060E+1	0.0000000E+0	0.0000000E+0	1.0000000E+2	0.0000000E+0
1.0317500E+2	6.6295883E+1	6.0175117E+1	0.0000000E+0	0.0000000E+0	1.0000000E+2	0.0000000E+0
1.0322500E+2	6.6308102E+1	6.0183650E+1	0.0000000E+0	0.0000000E+0	1.0000000E+2	0.0000000E+0
1.0327500E+2	6.6301327E+1	6.0185240E+1	0.0000000E+0	0.0000000E+0	1.0000000E+2	0.0000000E+0
1.0332500E+2	6.6309697E+1	6.0190135E+1	0.0000000E+0	0.0000000E+0	1.0000000E+2	0.0000000E+0
1.0337500E+2	6.6310240E+1	6.0194102E+1	0.0000000E+0	0.0000000E+0	1.0000000E+2	0.0000000E+0
1.0342600E+2	6.6317461E+1	6.0189451E+1	0.0000000E+0	0.0000000E+0	1.0000000E+2	0.0000000E+0
1.0347600E+2	6.6353124E+1	6.0195930E+1	0.0000000E+0	0.0000000E+0	1.0000000E+2	0.0000000E+0
1.0352700E+2	6.6363815E+1	6.0198630E+1	0.0000000E+0	0.0000000E+0	1.0000000E+2	0.0000000E+0
1.0357700E+2	6.6397365E+1	6.0198305E+1	0.0000000E+0	0.0000000E+0	1.0000000E+2	0.0000000E+0
1.0362700E+2	6.6360368E+1	6.0192111E+1	0.0000000E+0	0.0000000E+0	1.0000000E+2	0.0000000E+0
1.0367800E+2	6.6352879E+1	6.0205325E+1	0.0000000E+0	0.0000000E+0	1.0000000E+2	0.0000000E+0
1.0372900E+2	6.6353715E+1	6.0197722E+1	0.0000000E+0	0.0000000E+0	1.0000000E+2	0.0000000E+0
1.0378000E+2	6.6360740E+1	6.0208892E+1	0.0000000E+0	0.0000000E+0	1.0000000E+2	0.0000000E+0
1.0383000E+2	6.6336746E+1	6.0193530E+1	0.0000000E+0	0.0000000E+0	1.0000000E+2	0.0000000E+0
1.0388000E+2	6.6335525E+1	6.0199789E+1	0.0000000E+0	0.0000000E+0	1.0000000E+2	0.0000000E+0
1.0393000E+2	6.6349444E+1	6.0215537E+1	0.0000000E+0	0.0000000E+0	1.0000000E+2	0.0000000E+0
1.0398000E+2	6.6363096E+1	6.0219044E+1	0.0000000E+0	0.0000000E+0	1.0000000E+2	0.0000000E+0
1.0403000E+2	6.6334722E+1	6.0203793E+1	0.0000000E+0	0.0000000E+0	1.0000000E+2	0.0000000E+0
1.0408000E+2	6.6349561E+1	6.0220318E+1	0.0000000E+0	0.0000000E+0	1.0000000E+2	0.0000000E+0
1.0413000E+2	6.6361454E+1	6.0213102E+1	0.0000000E+0	0.0000000E+0	1.0000000E+2	0.0000000E+0
1.0418000E+2	6.6381031E+1	6.0217699E+1	0.0000000E+0	0.0000000E+0	1.0000000E+2	0.0000000E+0
1.0423000E+2	6.6416366E+1	6.0227204E+1	0.0000000E+0	0.0000000E+0	1.0000000E+2	0.0000000E+0
1.0428100E+2	6.6421516E+1	6.0223422E+1	0.0000000E+0	0.0000000E+0	1.0000000E+2	0.0000000E+0
1.0433100E+2	6.6384054E+1	6.0203530E+1	0.0000000E+0	0.0000000E+0	1.0000000E+2	0.0000000E+0
1.0438200E+2	6.6408278E+1	6.0213920E+1	0.0000000E+0	0.0000000E+0	1.0000000E+2	0.0000000E+0
1.0443200E+2	6.6414146E+1	6.0195229E+1	0.0000000E+0	0.0000000E+0	1.0000000E+2	0.0000000E+0
1.0448300E+2	6.6432135E+1	6.0219093E+1	0.0000000E+0	0.0000000E+0	1.0000000E+2	0.0000000E+0
1.0453300E+2	6.6434522E+1	6.0227982E+1	0.0000000E+0	0.0000000E+0	1.0000000E+2	0.0000000E+0
1.0458400E+2	6.6431822E+1	6.0209088E+1	0.0000000E+0	0.0000000E+0	1.0000000E+2	0.0000000E+0
1.0463400E+2	6.6431968E+1	6.0215391E+1	0.0000000E+0	0.0000000E+0	1.0000000E+2	0.0000000E+0
1.0468400E+2	6.6404602E+1	6.0215888E+1	0.0000000E+0	0.0000000E+0	1.0000000E+2	0.0000000E+0
1.0473400E+2	6.6372468E+1	6.0222195E+1	0.0000000E+0	0.0000000E+0	1.0000000E+2	0.0000000E+0
1.0478400E+2	6.6353767E+1	6.0217006E+1	0.0000000E+0	0.0000000E+0	1.0000000E+2	0.0000000E+0
1.0483400E+2	6.6353286E+1	6.0221049E+1	0.0000000E+0	0.0000000E+0	1.0000000E+2	0.0000000E+0
1.0488400E+2	6.6385061E+1	6.0229942E+1	0.0000000E+0	0.0000000E+0	1.0000000E+2	0.0000000E+0
1.0493500E+2	6.6372935E+1	6.0220221E+1	0.0000000E+0	0.0000000E+0	1.0000000E+2	0.0000000E+0
1.0498500E+2	6.6389423E+1	6.0214842E+1	0.0000000E+0	0.0000000E+0	1.0000000E+2	0.0000000E+0
1.0503500E+2	6.6371212E+1	6.0222021E+1	0.0000000E+0	0.0000000E+0	1.0000000E+2	0.0000000E+0
1.0508600E+2	6.6367330E+1	6.0212278E+1	0.0000000E+0	0.0000000E+0	1.0000000E+2	0.0000000E+0
1.0513600E+2	6.6350492E+1	6.0206874E+1	0.0000000E+0	0.0000000E+0	1.0000000E+2	0.0000000E+0
1.0518700E+2	6.6329829E+1	6.0197747E+1	0.0000000E+0	0.0000000E+0	1.0000000E+2	0.0000000E+0
1.0523700E+2	6.6343751E+1	6.0216798E+1	0.0000000E+0	0.0000000E+0	1.0000000E+2	0.0000000E+0
1.0528800E+2	6.6335231E+1	6.0205376E+1	0.0000000E+0	0.0000000E+0	1.0000000E+2	0.0000000E+0
1.0533800E+2	6.6353965E+1	6.0222818E+1	0.0000000E+0	0.0000000E+0	1.0000000E+2	0.0000000E+0
1.0538800E+2	6.6344023E+1	6.0210738E+1	0.0000000E+0	0.0000000E+0	1.0000000E+2	0.0000000E+0
1.0543800E+2	6.6338766E+1	6.0205813E+1	0.0000000E+0	0.0000000E+0	1.0000000E+2	0.0000000E+0
1.0548800E+2	6.6347509E+1	6.0206335E+1	0.0000000E+0	0.0000000E+0	1.0000000E+2	0.0000000E+0
1.0553800E+2	6.6339676E+1	6.0216669E+1	0.0000000E+0	0.0000000E+0	1.0000000E+2	0.0000000E+0
1.0558800E+2	6.6339410E+1	6.0217680E+1	0.0000000E+0	0.0000000E+0	1.0000000E+2	0.0000000E+0
1.0563800E+2	6.6319352E+1	6.0213898E+1	0.0000000E+0	0.0000000E+0	1.0000000E+2	0.0000000E+0
1.0568800E+2	6.6307524E+1	6.0224113E+1	0.0000000E+0	0.0000000E+0	1.0000000E+2	0.0000000E+0
1.0573800E+2	6.6287243E+1	6.0215922E+1	0.0000000E+0	0.0000000E+0	1.0000000E+2	0.0000000E+0
1.0578800E+2	6.6283324E+1	6.0217111E+1	0.0000000E+0	0.0000000E+0	1.0000000E+2	0.0000000E+0
1.0583800E+2	6.6300641E+1	6.0222923E+1	0.0000000E+0	0.0000000E+0	1.0000000E+2	0.0000000E+0
1.0588800E+2	6.6308330E+1	6.0219737E+1	0.0000000E+0	0.0000000E+0	1.0000000E+2	0.0000000E+0
1.0593900E+2	6.6343670E+1	6.0238134E+1	0.0000000E+0	0.0000000E+0	1.0000000E+2	0.0000000E+0
1.0598900E+2	6.6324162E+1	6.0234839E+1	0.0000000E+0	0.0000000E+0	1.0000000E+2	0.0000000E+0
1.0603900E+2	6.6321473E+1	6.0245046E+1	0.0000000E+0	0.0000000E+0	1.0000000E+2	0.0000000E+0
1.0608900E+2	6.6309117E+1	6.0253631E+1	0.0000000E+0	0.0000000E+0	1.0000000E+2	0.0000000E+0
1.0613900E+2	6.6323936E+1	6.0260069E+1	0.0000000E+0	0.0000000E+0	1.0000000E+2	0.0000000E+0
1.0618900E+2	6.6324765E+1	6.0246230E+1	0.0000000E+0	0.0000000E+0	1.0000000E+2	0.0000000E+0
1.0623900E+2	6.6335381E+1	6.0259270E+1	0.0000000E+0	0.0000000E+0	1.0000000E+2	0.0000000E+0
1.0629000E+2	6.6332314E+1	6.0265231E+1	0.0000000E+0	0.0000000E+0	1.0000000E+2	0.0000000E+0
1.0634100E+2	6.6329457E+1	6.0270544E+1	0.0000000E+0	0.0000000E+0	1.0000000E+2	0.0000000E+0
1.0639200E+2	6.6339543E+1	6.0263725E+1	0.0000000E+0	0.0000000E+0	1.0000000E+2	0.0000000E+0
1.0644200E+2	6.6353874E+1	6.0261581E+1	0.0000000E+0	0.0000000E+0	1.0000000E+2	0.0000000E+0
1.0649200E+2	6.6376928E+1	6.0277708E+1	0.0000000E+0	0.0000000E+0	1.0000000E+2	0.0000000E+0
1.0654200E+2	6.6374695E+1	6.0272435E+1	0.0000000E+0	0.0000000E+0	1.0000000E+2	0.0000000E+0
1.0659200E+2	6.6361086E+1	6.0269146E+1	0.0000000E+0	0.0000000E+0	1.0000000E+2	0.0000000E+0
1.0664200E+2	6.6356167E+1	6.0277382E+1	0.0000000E+0	0.0000000E+0	1.0000000E+2	0.0000000E+0
1.0669300E+2	6.6356066E+1	6.0268583E+1	0.0000000E+0	0.0000000E+0	1.0000000E+2	0.0000000E+0
1.0674400E+2	6.6355313E+1	6.0264431E+1	0.0000000E+0	0.0000000E+0	1.0000000E+2	0.0000000E+0
1.0679400E+2	6.6362304E+1	6.0268557E+1	0.0000000E+0	0.0000000E+0	1.0000000E+2	0.0000000E+0
1.0684400E+2	6.6366901E+1	6.0259094E+1	0.0000000E+0	0.0000000E+0	1.0000000E+2	0.0000000E+0
1.0689400E+2	6.6392919E+1	6.0271273E+1	0.0000000E+0	0.0000000E+0	1.0000000E+2	0.0000000E+0
1.0694500E+2	6.6426609E+1	6.0267917E+1	0.0000000E+0	0.0000000E+0	1.0000000E+2	0.0000000E+0
1.0699600E+2	6.6438642E+1	6.0266105E+1	0.0000000E+0	0.0000000E+0	1.0000000E+2	0.0000000E+0
1.0704600E+2	6.6441201E+1	6.0265227E+1	0.0000000E+0	0.0000000E+0	1.0000000E+2	0.0000000E+0
1.0709700E+2	6.6437049E+1	6.0268924E+1	0.0000000E+0	0.0000000E+0	1.0000000E+2	0.0000000E+0
1.0714700E+2	6.6377883E+1	6.0266496E+1	0.0000000E+0	0.0000000E+0	1.0000000E+2	0.0000000E+0
1.0719700E+2	6.6347160E+1	6.0247346E+1	0.0000000E+0	0.0000000E+0	1.0000000E+2	0.0000000E+0
1.0724700E+2	6.6350798E+1	6.0249861E+1	0.0000000E+0	0.0000000E+0	1.0000000E+2	0.0000000E+0
1.0729800E+2	6.6345999E+1	6.0244721E+1	0.0000000E+0	0.0000000E+0	1.0000000E+2	0.0000000E+0
1.0734800E+2	6.6380022E+1	6.0256898E+1	0.0000000E+0	0.0000000E+0	1.0000000E+2	0.0000000E+0
1.0739800E+2	6.6379302E+1	6.0259710E+1	0.0000000E+0	0.0000000E+0	1.0000000E+2	0.0000000E+0
1.0744800E+2	6.6382814E+1	6.0261364E+1	0.0000000E+0	0.0000000E+0	1.0000000E+2	0.0000000E+0
1.0749800E+2	6.6371218E+1	6.0262765E+1	0.0000000E+0	0.0000000E+0	1.0000000E+2	0.0000000E+0
1.0754800E+2	6.6379908E+1	6.0256154E+1	0.0000000E+0	0.0000000E+0	1.0000000E+2	0.0000000E+0
1.0759800E+2	6.6373896E+1	6.0255114E+1	0.0000000E+0	0.0000000E+0	1.0000000E+2	0.0000000E+0
1.0764800E+2	6.6396751E+1	6.0262840E+1	0.0000000E+0	0.0000000E+0	1.0000000E+2	0.0000000E+0
1.0769800E+2	6.6372274E+1	6.0256302E+1	0.0000000E+0	0.0000000E+0	1.0000000E+2	0.0000000E+0
1.0774800E+2	6.6386143E+1	6.0269722E+1	0.0000000E+0	0.0000000E+0	1.0000000E+2	0.0000000E+0
1.0779800E+2	6.6379298E+1	6.0252646E+1	0.0000000E+0	0.0000000E+0	1.0000000E+2	0.0000000E+0
1.0784800E+2	6.6394203E+1	6.0267196E+1	0.0000000E+0	0.0000000E+0	1.0000000E+2	0.0000000E+0
1.0789800E+2	6.6412675E+1	6.0270445E+1	0.0000000E+0	0.0000000E+0	1.0000000E+2	0.0000000E+0
1.0794800E+2	6.6438764E+1	6.0269638E+1	0.0000000E+0	0.0000000E+0	1.0000000E+2	0.0000000E+0
1.0799800E+2	6.6437793E+1	6.0256480E+1	0.0000000E+0	0.0000000E+0	1.0000000E+2	0.0000000E+0
1.0804800E+2	6.6458253E+1	6.0247798E+1	0.0000000E+0	0.0000000E+0	1.0000000E+2	0.0000000E+0
1.0809800E+2	6.6448583E+1	6.0238408E+1	0.0000000E+0	0.0000000E+0	1.0000000E+2	0.0000000E+0
1.0814800E+2	6.6436398E+1	6.0246685E+1	0.0000000E+0	0.0000000E+0	1.0000000E+2	0.0000000E+0
1.0819800E+2	6.6416404E+1	6.0237833E+1	0.0000000E+0	0.0000000E+0	1.0000000E+2	0.0000000E+0
1.0824800E+2	6.6432852E+1	6.0265793E+1	0.0000000E+0	0.0000000E+0	1.0000000E+2	0.0000000E+0
1.0829800E+2	6.6449885E+1	6.0259703E+1	0.0000000E+0	0.0000000E+0	1.0000000E+2	0.0000000E+0
1.0834800E+2	6.6456957E+1	6.0265406E+1	0.0000000E+0	0.0000000E+0	1.0000000E+2	0.0000000E+0
1.0839900E+2	6.6453066E+1	6.0253290E+1	0.0000000E+0	0.0000000E+0	1.0000000E+2	0.0000000E+0
1.0844900E+2	6.6483009E+1	6.0243842E+1	0.0000000E+0	0.0000000E+0	1.0000000E+2	0.0000000E+0
1.0849900E+2	6.6490324E+1	6.0245239E+1	0.0000000E+0	0.0000000E+0	1.0000000E+2	0.0000000E+0
1.0854900E+2	6.6497480E+1	6.0242066E+1	0.0000000E+0	0.0000000E+0	1.0000000E+2	0.0000000E+0
1.0859900E+2	6.6499949E+1	6.0271310E+1	0.0000000E+0	0.0000000E+0	1.0000000E+2	0.0000000E+0
1.0864900E+2	6.6484044E+1	6.0279876E+1	0.0000000E+0	0.0000000E+0	1.0000000E+2	0.0000000E+0
1.0870000E+2	6.6456897E+1	6.0272896E+1	0.0000000E+0	0.0000000E+0	1.0000000E+2	0.0000000E+0
1.0875000E+2	6.6434492E+1	6.0263538E+1	0.0000000E+0	0.0000000E+0	1.0000000E+2	0.0000000E+0
1.0880000E+2	6.6433846E+1	6.0261723E+1	0.0000000E+0	0.0000000E+0	1.0000000E+2	0.0000000E+0
1.0885000E+2	6.6431809E+1	6.0262062E+1	0.0000000E+0	0.0000000E+0	1.0000000E+2	0.0000000E+0
1.0890000E+2	6.6408887E+1	6.0255143E+1	0.0000000E+0	0.0000000E+0	1.0000000E+2	0.0000000E+0
1.0895100E+2	6.6418209E+1	6.0264028E+1	0.0000000E+0	0.0000000E+0	1.0000000E+2	0.0000000E+0
1.0900100E+2	6.6403077E+1	6.0258784E+1	0.0000000E+0	0.0000000E+0	1.0000000E+2	0.0000000E+0
1.0905100E+2	6.6412118E+1	6.0242124E+1	0.0000000E+0	0.0000000E+0	1.0000000E+2	0.0000000E+0
1.0910100E+2	6.6419748E+1	6.0265993E+1	0.0000000E+0	0.0000000E+0	1.0000000E+2	0.0000000E+0
1.0915100E+2	6.6437359E+1	6.0249288E+1	0.0000000E+0	0.0000000E+0	1.0000000E+2	0.0000000E+0
1.0920100E+2	6.6450778E+1	6.0244961E+1	0.0000000E+0	0.0000000E+0	1.0000000E+2	0.0000000E+0
1.0925200E+2	6.6482660E+1	6.0267767E+1	0.0000000E+0	0.0000000E+0	1.0000000E+2	0.0000000E+0
1.0930200E+2	6.6466364E+1	6.0259573E+1	0.0000000E+0	0.0000000E+0	1.0000000E+2	0.0000000E+0
1.0935200E+2	6.6438035E+1	6.0259533E+1	0.0000000E+0	0.0000000E+0	1.0000000E+2	0.0000000E+0
1.0940200E+2	6.6431800E+1	6.0267707E+1	0.0000000E+0	0.0000000E+0	1.0000000E+2	0.0000000E+0
1.0945200E+2	6.6441592E+1	6.0268620E+1	0.0000000E+0	0.0000000E+0	1.0000000E+2	0.0000000E+0
1.0950200E+2	6.6439221E+1	6.0263983E+1	0.0000000E+0	0.0000000E+0	1.0000000E+2	0.0000000E+0
1.0955200E+2	6.6441689E+1	6.0271092E+1	0.0000000E+0	0.0000000E+0	1.0000000E+2	0.0000000E+0
1.0960200E+2	6.6457617E+1	6.0274692E+1	0.0000000E+0	0.0000000E+0	1.0000000E+2	0.0000000E+0
1.0965200E+2	6.6462969E+1	6.0269610E+1	0.0000000E+0	0.0000000E+0	1.0000000E+2	0.0000000E+0
1.0970200E+2	6.6447180E+1	6.0253897E+1	0.0000000E+0	0.0000000E+0	1.0000000E+2	0.0000000E+0
1.0975300E+2	6.6471096E+1	6.0278185E+1	0.0000000E+0	0.0000000E+0	1.0000000E+2	0.0000000E+0
1.0980400E+2	6.6467175E+1	6.0261327E+1	0.0000000E+0	0.0000000E+0	1.0000000E+2	0.0000000E+0
1.0985400E+2	6.6498724E+1	6.0274201E+1	0.0000000E+0	0.0000000E+0	1.0000000E+2	0.0000000E+0
1.0990400E+2	6.6513937E+1	6.0268258E+1	0.0000000E+0	0.0000000E+0	1.0000000E+2	0.0000000E+0
1.0995400E+2	6.6517702E+1	6.0263750E+1	0.0000000E+0	0.0000000E+0	1.0000000E+2	0.0000000E+0
1.1000500E+2	6.6524385E+1	6.0264588E+1	0.0000000E+0	0.0000000E+0	1.0000000E+2	0.0000000E+0
1.1005500E+2	6.6550672E+1	6.0276709E+1	0.0000000E+0	0.0000000E+0	1.0000000E+2	0.0000000E+0
1.1010600E+2	6.6566422E+1	6.0284154E+1	0.0000000E+0	0.0000000E+0	1.0000000E+2	0.0000000E+0
1.1015600E+2	6.6561335E+1	6.0280184E+1	0.0000000E+0	0.0000000E+0	1.0000000E+2	0.0000000E+0
1.1020600E+2	6.6567076E+1	6.0291047E+1	0.0000000E+0	0.0000000E+0	1.0000000E+2	0.0000000E+0
1.1025600E+2	6.6568599E+1	6.0290815E+1	0.0000000E+0	0.0000000E+0	1.0000000E+2	0.0000000E+0
1.1030600E+2	6.6566347E+1	6.0284864E+1	0.0000000E+0	0.0000000E+0	1.0000000E+2	0.0000000E+0
1.1035600E+2	6.6569326E+1	6.0281479E+1	0.0000000E+0	0.0000000E+0	1.0000000E+2	0.0000000E+0
1.1040600E+2	6.6590177E+1	6.0285945E+1	0.0000000E+0	0.0000000E+0	1.0000000E+2	0.0000000E+0
1.1045600E+2	6.6611576E+1	6.0295799E+1	0.0000000E+0	0.0000000E+0	1.0000000E+2	0.0000000E+0
1.1050600E+2	6.6603230E+1	6.0290281E+1	0.0000000E+0	0.0000000E+0	1.0000000E+2	0.0000000E+0
1.1055600E+2	6.6571353E+1	6.0287829E+1	0.0000000E+0	0.0000000E+0	1.0000000E+2	0.0000000E+0
1.1060600E+2	6.6543426E+1	6.0265078E+1	0.0000000E+0	0.0000000E+0	1.0000000E+2	0.0000000E+0
1.1065600E+2	6.6554598E+1	6.0270496E+1	0.0000000E+0	0.0000000E+0	1.0000000E+2	0.0000000E+0
1.1070600E+2	6.6562258E+1	6.0276200E+1	0.0000000E+0	0.0000000E+0	1.0000000E+2	0.0000000E+0
1.1075600E+2	6.6578983E+1	6.0261797E+1	0.0000000E+0	0.0000000E+0	1.0000000E+2	0.0000000E+0
1.1080600E+2	6.6586410E+1	6.0270176E+1	0.0000000E+0	0.0000000E+0	1.0000000E+2	0.0000000E+0
1.1085600E+2	6.6605852E+1	6.0276372E+1	0.0000000E+0	0.0000000E+0	1.0000000E+2	0.0000000E+0
1.1090600E+2	6.6622897E+1	6.0285038E+1	0.0000000E+0	0.0000000E+0	1.0000000E+2	0.0000000E+0
1.1095600E+2	6.6652382E+1	6.0280313E+1	0.0000000E+0	0.0000000E+0	1.0000000E+2	0.0000000E+0
1.1100600E+2	6.6674582E+1	6.0281891E+1	0.0000000E+0	0.0000000E+0	1.0000000E+2	0.0000000E+0
1.1105700E+2	6.6712510E+1	6.0291774E+1	0.0000000E+0	0.0000000E+0	1.0000000E+2	0.0000000E+0
1.1110700E+2	6.6737022E+1	6.0296360E+1	0.0000000E+0	0.0000000E+0	1.0000000E+2	0.0000000E+0
1.1115700E+2	6.6739191E+1	6.0285737E+1	0.0000000E+0	0.0000000E+0	1.0000000E+2	0.0000000E+0
1.1120800E+2	6.6748045E+1	6.0295408E+1	0.0000000E+0	0.0000000E+0	1.0000000E+2	0.0000000E+0
1.1125800E+2	6.6738279E+1	6.0279380E+1	0.0000000E+0	0.0000000E+0	1.0000000E+2	0.0000000E+0
1.1131000E+2	6.6739429E+1	6.0278826E+1	0.0000000E+0	0.0000000E+0	1.0000000E+2	0.0000000E+0
1.1136000E+2	6.6732592E+1	6.0277242E+1	0.0000000E+0	0.0000000E+0	1.0000000E+2	0.0000000E+0
1.1141000E+2	6.6702190E+1	6.0286207E+1	0.0000000E+0	0.0000000E+0	1.0000000E+2	0.0000000E+0
1.1146000E+2	6.6661699E+1	6.0282026E+1	0.0000000E+0	0.0000000E+0	1.0000000E+2	0.0000000E+0
1.1151000E+2	6.6661742E+1	6.0272216E+1	0.0000000E+0	0.0000000E+0	1.0000000E+2	0.0000000E+0
1.1156000E+2	6.6675453E+1	6.0266463E+1	0.0000000E+0	0.0000000E+0	1.0000000E+2	0.0000000E+0
1.1161000E+2	6.6700244E+1	6.0258281E+1	0.0000000E+0	0.0000000E+0	1.0000000E+2	0.0000000E+0
1.1166000E+2	6.6712578E+1	6.0255843E+1	0.0000000E+0	0.0000000E+0	1.0000000E+2	0.0000000E+0
1.1171000E+2	6.6725125E+1	6.0266445E+1	0.0000000E+0	0.0000000E+0	1.0000000E+2	0.0000000E+0
1.1176000E+2	6.6697318E+1	6.0252839E+1	0.0000000E+0	0.0000000E+0	1.0000000E+2	0.0000000E+0
1.1181000E+2	6.6676587E+1	6.0258034E+1	0.0000000E+0	0.0000000E+0	1.0000000E+2	0.0000000E+0
1.1186000E+2	6.6688696E+1	6.0286988E+1	0.0000000E+0	0.0000000E+0	1.0000000E+2	0.0000000E+0
1.1191000E+2	6.6671778E+1	6.0272624E+1	0.0000000E+0	0.0000000E+0	1.0000000E+2	0.0000000E+0
1.1196000E+2	6.6644321E+1	6.0281602E+1	0.0000000E+0	0.0000000E+0	1.0000000E+2	0.0000000E+0
1.1201000E+2	6.6602435E+1	6.0259003E+1	0.0000000E+0	0.0000000E+0	1.0000000E+2	0.0000000E+0
1.1206000E+2	6.6545706E+1	6.0250237E+1	0.0000000E+0	0.0000000E+0	1.0000000E+2	0.0000000E+0
1.1211000E+2	6.6556666E+1	6.0265479E+1	0.0000000E+0	0.0000000E+0	1.0000000E+2	0.0000000E+0
1.1216000E+2	6.6563746E+1	6.0264720E+1	0.0000000E+0	0.0000000E+0	1.0000000E+2	0.0000000E+0
1.1221000E+2	6.6561588E+1	6.0259109E+1	0.0000000E+0	0.0000000E+0	1.0000000E+2	0.0000000E+0
1.1226000E+2	6.6566873E+1	6.0271288E+1	0.0000000E+0	0.0000000E+0	1.0000000E+2	0.0000000E+0
1.1231000E+2	6.6586440E+1	6.0264608E+1	0.0000000E+0	0.0000000E+0	1.0000000E+2	0.0000000E+0
1.1236000E+2	6.6590791E+1	6.0260705E+1	0.0000000E+0	0.0000000E+0	1.0000000E+2	0.0000000E+0
1.1241000E+2	6.6598880E+1	6.0258940E+1	0.0000000E+0	0.0000000E+0	1.0000000E+2	0.0000000E+0
1.1246000E+2	6.6592026E+1	6.0246341E+1	0.0000000E+0	0.0000000E+0	1.0000000E+2	0.0000000E+0
1.1251000E+2	6.6571954E+1	6.0258733E+1	0.0000000E+0	0.0000000E+0	1.0000000E+2	0.0000000E+0
1.1256000E+2	6.6550615E+1	6.0239740E+1	0.0000000E+0	0.0000000E+0	1.0000000E+2	0.0000000E+0
1.1261000E+2	6.6553864E+1	6.0228483E+1	0.0000000E+0	0.0000000E+0	1.0000000E+2	0.0000000E+0
1.1266000E+2	6.6563438E+1	6.0228983E+1	0.0000000E+0	0.0000000E+0	1.0000000E+2	0.0000000E+0
1.1271000E+2	6.6577052E+1	6.0233123E+1	0.0000000E+0	0.0000000E+0	1.0000000E+2	0.0000000E+0
1.1276000E+2	6.6572027E+1	6.0239913E+1	0.0000000E+0	0.0000000E+0	1.0000000E+2	0.0000000E+0
1.1281000E+2	6.6565513E+1	6.0224870E+1	0.0000000E+0	0.0000000E+0	1.0000000E+2	0.0000000E+0
1.1286000E+2	6.6580887E+1	6.0236118E+1	0.0000000E+0	0.0000000E+0	1.0000000E+2	0.0000000E+0
1.1291000E+2	6.6556126E+1	6.0234472E+1	0.0000000E+0	0.0000000E+0	1.0000000E+2	0.0000000E+0
1.1296000E+2	6.6588176E+1	6.0233187E+1	0.0000000E+0	0.0000000E+0	1.0000000E+2	0.0000000E+0
1.1301000E+2	6.6601135E+1	6.0227260E+1	0.0000000E+0	0.0000000E+0	1.0000000E+2	0.0000000E+0
1.1306000E+2	6.6621933E+1	6.0216688E+1	0.0000000E+0	0.0000000E+0	1.0000000E+2	0.0000000E+0
1.1311100E+2	6.6640633E+1	6.0223977E+1	0.0000000E+0	0.0000000E+0	1.0000000E+2	0.0000000E+0
1.1316200E+2	6.6629009E+1	6.0217638E+1	0.0000000E+0	0.0000000E+0	1.0000000E+2	0.0000000E+0
1.1321200E+2	6.6633266E+1	6.0230860E+1	0.0000000E+0	0.0000000E+0	1.0000000E+2	0.0000000E+0
1.1326200E+2	6.6633009E+1	6.0224372E+1	0.0000000E+0	0.0000000E+0	1.0000000E+2	0.0000000E+0
1.1331200E+2	6.6631922E+1	6.0228458E+1	0.0000000E+0	0.0000000E+0	1.0000000E+2	0.0000000E+0
1.1336200E+2	6.6624522E+1	6.0233561E+1	0.0000000E+0	0.0000000E+0	1.0000000E+2	0.0000000E+0
1.1341200E+2	6.6623662E+1	6.0222723E+1	0.0000000E+0	0.0000000E+0	1.0000000E+2	0.0000000E+0
1.1346200E+2	6.6631406E+1	6.0227848E+1	0.0000000E+0	0.0000000E+0	1.0000000E+2	0.0000000E+0
1.1351200E+2	6.6636719E+1	6.0238874E+1	0.0000000E+0	0.0000000E+0	1.0000000E+2	0.0000000E+0
1.1356300E+2	6.6626011E+1	6.0236377E+1	0.0000000E+0	0.0000000E+0	1.0000000E+2	0.0000000E+0
1.1361400E+2	6.6604464E+1	6.0241415E+1	0.0000000E+0	0.0000000E+0	1.0000000E+2	0.0000000E+0
1.1366400E+2	6.6576552E+1	6.0240900E+1	0.0000000E+0	0.0000000E+0	1.0000000E+2	0.0000000E+0
1.1371500E+2	6.6557929E+1	6.0233688E+1	0.0000000E+0	0.0000000E+0	1.0000000E+2	0.0000000E+0
1.1376500E+2	6.6546080E+1	6.0234665E+1	0.0000000E+0	0.0000000E+0	1.0000000E+2	0.0000000E+0
1.1381500E+2	6.6538534E+1	6.0232629E+1	0.0000000E+0	0.0000000E+0	1.0000000E+2	0.0000000E+0
1.1386500E+2	6.6553169E+1	6.0240073E+1	0.0000000E+0	0.0000000E+0	1.0000000E+2	0.0000000E+0
1.1391600E+2	6.6541088E+1	6.0233269E+1	0.0000000E+0	0.0000000E+0	1.0000000E+2	0.0000000E+0
1.1396600E+2	6.6537450E+1	6.0224682E+1	0.0000000E+0	0.0000000E+0	1.0000000E+2	0.0000000E+0
1.1401600E+2	6.6564342E+1	6.0253460E+1	0.0000000E+0	0.0000000E+0	1.0000000E+2	0.0000000E+0
1.1406600E+2	6.6524181E+1	6.0253335E+1	0.0000000E+0	0.0000000E+0	1.0000000E+2	0.0000000E+0
1.1411600E+2	6.6482083E+1	6.0260121E+1	0.0000000E+0	0.0000000E+0	1.0000000E+2	0.0000000E+0
1.1416600E+2	6.6474828E+1	6.0259747E+1	0.0000000E+0	0.0000000E+0	1.0000000E+2	0.0000000E+0
1.1421600E+2	6.6473356E+1	6.0276039E+1	0.0000000E+0	0.0000000E+0	1.0000000E+2	0.0000000E+0
1.1426600E+2	6.6433691E+1	6.0253674E+1	0.0000000E+0	0.0000000E+0	1.0000000E+2	0.0000000E+0
1.1431600E+2	6.6424507E+1	6.0247985E+1	0.0000000E+0	0.0000000E+0	1.0000000E+2	0.0000000E+0
1.1436600E+2	6.6440967E+1	6.0261941E+1	0.0000000E+0	0.0000000E+0	1.0000000E+2	0.0000000E+0
1.1441600E+2	6.6464916E+1	6.0263651E+1	0.0000000E+0	0.0000000E+0	1.0000000E+2	0.0000000E+0
1.1446600E+2	6.6474726E+1	6.0265242E+1	0.0000000E+0	0.0000000E+0	1.0000000E+2	0.0000000E+0
1.1451700E+2	6.6487463E+1	6.0268853E+1	0.0000000E+0	0.0000000E+0	1.0000000E+2	0.0000000E+0
1.1456700E+2	6.6495251E+1	6.0257501E+1	0.0000000E+0	0.0000000E+0	1.0000000E+2	0.0000000E+0
1.1461700E+2	6.6510415E+1	6.0261035E+1	0.0000000E+0	0.0000000E+0	1.0000000E+2	0.0000000E+0
1.1466700E+2	6.6505165E+1	6.0255872E+1	0.0000000E+0	0.0000000E+0	1.0000000E+2	0.0000000E+0
1.1471800E+2	6.6538930E+1	6.0259459E+1	0.0000000E+0	0.0000000E+0	1.0000000E+2	0.0000000E+0
1.1476800E+2	6.6539767E+1	6.0258537E+1	0.0000000E+0	0.0000000E+0	1.0000000E+2	0.0000000E+0
1.1481800E+2	6.6519000E+1	6.0249832E+1	0.0000000E+0	0.0000000E+0	1.0000000E+2	0.0000000E+0
1.1486800E+2	6.6485811E+1	6.0237909E+1	0.0000000E+0	0.0000000E+0	1.0000000E+2	0.0000000E+0
1.1491900E+2	6.6481149E+1	6.0248225E+1	0.0000000E+0	0.0000000E+0	1.0000000E+2	0.0000000E+0
1.1496900E+2	6.6486280E+1	6.0259390E+1	0.0000000E+0	0.0000000E+0	1.0000000E+2	0.0000000E+0
1.1502000E+2	6.6455331E+1	6.0242548E+1	0.0000000E+0	0.0000000E+0	1.0000000E+2	0.0000000E+0
1.1507000E+2	6.6436085E+1	6.0243481E+1	0.0000000E+0	0.0000000E+0	1.0000000E+2	0.0000000E+0
1.1512000E+2	6.6451239E+1	6.0261497E+1	0.0000000E+0	0.0000000E+0	1.0000000E+2	0.0000000E+0
1.1517100E+2	6.6431892E+1	6.0253386E+1	0.0000000E+0	0.0000000E+0	1.0000000E+2	0.0000000E+0
1.1522100E+2	6.6459822E+1	6.0259518E+1	0.0000000E+0	0.0000000E+0	1.0000000E+2	0.0000000E+0
1.1527100E+2	6.6445041E+1	6.0273386E+1	0.0000000E+0	0.0000000E+0	1.0000000E+2	0.0000000E+0
1.1532100E+2	6.6432517E+1	6.0275562E+1	0.0000000E+0	0.0000000E+0	1.0000000E+2	0.0000000E+0
1.1537200E+2	6.6431442E+1	6.0263530E+1	0.0000000E+0	0.0000000E+0	1.0000000E+2	0.0000000E+0
1.1542200E+2	6.6436904E+1	6.0270067E+1	0.0000000E+0	0.0000000E+0	1.0000000E+2	0.0000000E+0
1.1547300E+2	6.6433314E+1	6.0260191E+1	0.0000000E+0	0.0000000E+0	1.0000000E+2	0.0000000E+0
1.1552400E+2	6.6441968E+1	6.0273038E+1	0.0000000E+0	0.0000000E+0	1.0000000E+2	0.0000000E+0
1.1557400E+2	6.6452595E+1	6.0275087E+1	0.0000000E+0	0.0000000E+0	1.0000000E+2	0.0000000E+0
1.1562400E+2	6.6475423E+1	6.0272630E+1	0.0000000E+0	0.0000000E+0	1.0000000E+2	0.0000000E+0
1.1567600E+2	6.6493114E+1	6.0251507E+1	0.0000000E+0	0.0000000E+0	1.0000000E+2	0.0000000E+0
1.1572700E+2	6.6538420E+1	6.0268458E+1	0.0000000E+0	0.0000000E+0	1.0000000E+2	0.0000000E+0
1.1577700E+2	6.6522407E+1	6.0265260E+1	0.0000000E+0	0.0000000E+0	1.0000000E+2	0.0000000E+0
1.1582700E+2	6.6535017E+1	6.0268002E+1	0.0000000E+0	0.0000000E+0	1.0000000E+2	0.0000000E+0
1.1587800E+2	6.6541581E+1	6.0261252E+1	0.0000000E+0	0.0000000E+0	1.0000000E+2	0.0000000E+0
1.1592800E+2	6.6545771E+1	6.0261624E+1	0.0000000E+0	0.0000000E+0	1.0000000E+2	0.0000000E+0
1.1597800E+2	6.6538685E+1	6.0254463E+1	0.0000000E+0	0.0000000E+0	1.0000000E+2	0.0000000E+0
1.1602800E+2	6.6556295E+1	6.0262012E+1	0.0000000E+0	0.0000000E+0	1.0000000E+2	0.0000000E+0
1.1607800E+2	6.6547303E+1	6.0252369E+1	0.0000000E+0	0.0000000E+0	1.0000000E+2	0.0000000E+0
1.1612800E+2	6.6564147E+1	6.0262322E+1	0.0000000E+0	0.0000000E+0	1.0000000E+2	0.0000000E+0
1.1617800E+2	6.6572631E+1	6.0261416E+1	0.0000000E+0	0.0000000E+0	1.0000000E+2	0.0000000E+0
1.1622800E+2	6.6539091E+1	6.0250608E+1	0.0000000E+0	0.0000000E+0	1.0000000E+2	0.0000000E+0
1.1627800E+2	6.6545597E+1	6.0254060E+1	0.0000000E+0	0.0000000E+0	1.0000000E+2	0.0000000E+0
1.1632800E+2	6.6553314E+1	6.0251899E+1	0.0000000E+0	0.0000000E+0	1.0000000E+2	0.0000000E+0
1.1637900E+2	6.6541675E+1	6.0253778E+1	0.0000000E+0	0.0000000E+0	1.0000000E+2	0.0000000E+0
1.1642900E+2	6.6546293E+1	6.0257230E+1	0.0000000E+0	0.0000000E+0	1.0000000E+2	0.0000000E+0
1.1647900E+2	6.6529141E+1	6.0257982E+1	0.0000000E+0	0.0000000E+0	1.0000000E+2	0.0000000E+0
1.1652900E+2	6.6546557E+1	6.0256767E+1	0.0000000E+0	0.0000000E+0	1.0000000E+2	0.0000000E+0
1.1657900E+2	6.6568427E+1	6.0271051E+1	0.0000000E+0	0.0000000E+0	1.0000000E+2	0.0000000E+0
1.1662900E+2	6.6598746E+1	6.0271765E+1	0.0000000E+0	0.0000000E+0	1.0000000E+2	0.0000000E+0
1.1667900E+2	6.6592600E+1	6.0267962E+1	0.0000000E+0	0.0000000E+0	1.0000000E+2	0.0000000E+0
1.1673000E+2	6.6592760E+1	6.0260487E+1	0.0000000E+0	0.0000000E+0	1.0000000E+2	0.0000000E+0
1.1678000E+2	6.6603907E+1	6.0264779E+1	0.0000000E+0	0.0000000E+0	1.0000000E+2	0.0000000E+0
1.1683000E+2	6.6600017E+1	6.0267973E+1	0.0000000E+0	0.0000000E+0	1.0000000E+2	0.0000000E+0
1.1688000E+2	6.6578970E+1	6.0264342E+1	0.0000000E+0	0.0000000E+0	1.0000000E+2	0.0000000E+0
1.1693000E+2	6.6574157E+1	6.0259932E+1	0.0000000E+0	0.0000000E+0	1.0000000E+2	0.0000000E+0
1.1698000E+2	6.6600201E+1	6.0289496E+1	0.0000000E+0	0.0000000E+0	1.0000000E+2	0.0000000E+0
1.1703100E+2	6.6604253E+1	6.0282537E+1	0.0000000E+0	0.0000000E+0	1.0000000E+2	0.0000000E+0
1.1708100E+2	6.6588777E+1	6.0279604E+1	0.0000000E+0	0.0000000E+0	1.0000000E+2	0.0000000E+0
1.1713100E+2	6.6566937E+1	6.0279988E+1	0.0000000E+0	0.0000000E+0	1.0000000E+2	0.0000000E+0
1.1718100E+2	6.6572925E+1	6.0279003E+1	0.0000000E+0	0.0000000E+0	1.0000000E+2	0.0000000E+0
1.1723100E+2	6.6567962E+1	6.0272113E+1	0.0000000E+0	0.0000000E+0	1.0000000E+2	0.0000000E+0
1.1728100E+2	6.6588090E+1	6.0290259E+1	0.0000000E+0	0.0000000E+0	1.0000000E+2	0.0000000E+0
1.1733100E+2	6.6587994E+1	6.0281445E+1	0.0000000E+0	0.0000000E+0	1.0000000E+2	0.0000000E+0
1.1738100E+2	6.6563697E+1	6.0285455E+1	0.0000000E+0	0.0000000E+0	1.0000000E+2	0.0000000E+0
1.1743100E+2	6.6538861E+1	6.0274764E+1	0.0000000E+0	0.0000000E+0	1.0000000E+2	0.0000000E+0
1.1748100E+2	6.6531222E+1	6.0277245E+1	0.0000000E+0	0.0000000E+0	1.0000000E+2	0.0000000E+0
1.1753200E+2	6.6531320E+1	6.0268527E+1	0.0000000E+0	0.0000000E+0	1.0000000E+2	0.0000000E+0
1.1758300E+2	6.6517724E+1	6.0263141E+1	0.0000000E+0	0.0000000E+0	1.0000000E+2	0.0000000E+0
1.1763300E+2	6.6524472E+1	6.0269701E+1	0.0000000E+0	0.0000000E+0	1.0000000E+2	0.0000000E+0
1.1768300E+2	6.6490253E+1	6.0262369E+1	0.0000000E+0	0.0000000E+0	1.0000000E+2	0.0000000E+0
1.1773300E+2	6.6468827E+1	6.0261439E+1	0.0000000E+0	0.0000000E+0	1.0000000E+2	0.0000000E+0
1.1778300E+2	6.6450388E+1	6.0258901E+1	0.0000000E+0	0.0000000E+0	1.0000000E+2	0.0000000E+0
1.1783300E+2	6.6457311E+1	6.0257475E+1	0.0000000E+0	0.0000000E+0	1.0000000E+2	0.0000000E+0
1.1788300E+2	6.6470624E+1	6.0260520E+1	0.0000000E+0	0.0000000E+0	1.0000000E+2	0.0000000E+0
1.1793300E+2	6.6476727E+1	6.0268849E+1	0.0000000E+0	0.0000000E+0	1.0000000E+2	0.0000000E+0
1.1798300E+2	6.6487832E+1	6.0266377E+1	0.0000000E+0	0.0000000E+0	1.0000000E+2	0.0000000E+0
1.1803400E+2	6.6498071E+1	6.0259451E+1	0.0000000E+0	0.0000000E+0	1.0000000E+2	0.0000000E+0
1.1808500E+2	6.6490231E+1	6.0261858E+1	0.0000000E+0	0.0000000E+0	1.0000000E+2	0.0000000E+0
1.1813500E+2	6.6482013E+1	6.0270867E+1	0.0000000E+0	0.0000000E+0	1.0000000E+2	0.0000000E+0
1.1818500E+2	6.6462509E+1	6.0252606E+1	0.0000000E+0	0.0000000E+0	1.0000000E+2	0.0000000E+0
1.1823500E+2	6.6471219E+1	6.0266386E+1	0.0000000E+0	0.0000000E+0	1.0000000E+2	0.0000000E+0
1.1828500E+2	6.6467222E+1	6.0261506E+1	0.0000000E+0	0.0000000E+0	1.0000000E+2	0.0000000E+0
1.1833500E+2	6.6465716E+1	6.0264876E+1	0.0000000E+0	0.0000000E+0	1.0000000E+2	0.0000000E+0
1.1838500E+2	6.6505067E+1	6.0250020E+1	0.0000000E+0	0.0000000E+0	1.0000000E+2	0.0000000E+0
1.1843500E+2	6.6534004E+1	6.0268476E+1	0.0000000E+0	0.0000000E+0	1.0000000E+2	0.0000000E+0
1.1848500E+2	6.6543120E+1	6.0268080E+1	0.0000000E+0	0.0000000E+0	1.0000000E+2	0.0000000E+0
1.1853600E+2	6.6563234E+1	6.0265328E+1	0.0000000E+0	0.0000000E+0	1.0000000E+2	0.0000000E+0
1.1858700E+2	6.6589087E+1	6.0281558E+1	0.0000000E+0	0.0000000E+0	1.0000000E+2	0.0000000E+0
1.1863700E+2	6.6580968E+1	6.0276854E+1	0.0000000E+0	0.0000000E+0	1.0000000E+2	0.0000000E+0
1.1868700E+2	6.6584036E+1	6.0271813E+1	0.0000000E+0	0.0000000E+0	1.0000000E+2	0.0000000E+0
1.1873700E+2	6.6580500E+1	6.0273527E+1	0.0000000E+0	0.0000000E+0	1.0000000E+2	0.0000000E+0
1.1878800E+2	6.6582323E+1	6.0270840E+1	0.0000000E+0	0.0000000E+0	1.0000000E+2	0.0000000E+0
1.1883900E+2	6.6586490E+1	6.0277227E+1	0.0000000E+0	0.0000000E+0	1.0000000E+2	0.0000000E+0
1.1888900E+2	6.6551978E+1	6.0249634E+1	0.0000000E+0	0.0000000E+0	1.0000000E+2	0.0000000E+0
1.1893900E+2	6.6552111E+1	6.0272943E+1	0.0000000E+0	0.0000000E+0	1.0000000E+2	0.0000000E+0
1.1898900E+2	6.6473987E+1	6.0258167E+1	0.0000000E+0	0.0000000E+0	1.0000000E+2	0.0000000E+0
1.1903900E+2	6.6445934E+1	6.0239683E+1	0.0000000E+0	0.0000000E+0	1.0000000E+2	0.0000000E+0
1.1908900E+2	6.6464373E+1	6.0251903E+1	0.0000000E+0	0.0000000E+0	1.0000000E+2	0.0000000E+0
1.1913900E+2	6.6473370E+1	6.0257183E+1	0.0000000E+0	0.0000000E+0	1.0000000E+2	0.0000000E+0
1.1918900E+2	6.6480331E+1	6.0258167E+1	0.0000000E+0	0.0000000E+0	1.0000000E+2	0.0000000E+0
1.1923900E+2	6.6474817E+1	6.0260987E+1	0.0000000E+0	0.0000000E+0	1.0000000E+2	0.0000000E+0
1.1928900E+2	6.6467791E+1	6.0251211E+1	0.0000000E+0	0.0000000E+0	1.0000000E+2	0.0000000E+0
1.1933900E+2	6.6480148E+1	6.0267592E+1	0.0000000E+0	0.0000000E+0	1.0000000E+2	0.0000000E+0
1.1938900E+2	6.6475505E+1	6.0257975E+1	0.0000000E+0	0.0000000E+0	1.0000000E+2	0.0000000E+0
1.1943900E+2	6.6483367E+1	6.0248576E+1	0.0000000E+0	0.0000000E+0	1.0000000E+2	0.0000000E+0
1.1948900E+2	6.6506513E+1	6.0240627E+1	0.0000000E+0	0.0000000E+0	1.0000000E+2	0.0000000E+0
1.1953900E+2	6.6511840E+1	6.0252897E+1	0.0000000E+0	0.0000000E+0	1.0000000E+2	0.0000000E+0
1.1958900E+2	6.6509813E+1	6.0262400E+1	0.0000000E+0	0.0000000E+0	1.0000000E+2	0.0000000E+0
1.1963900E+2	6.6498766E+1	6.0246907E+1	0.0000000E+0	0.0000000E+0	1.0000000E+2	0.0000000E+0
1.1968900E+2	6.6489467E+1	6.0260053E+1	0.0000000E+0	0.0000000E+0	1.0000000E+2	0.0000000E+0
1.1973900E+2	6.6417006E+1	6.0244269E+1	0.0000000E+0	0.0000000E+0	1.0000000E+2	0.0000000E+0
1.1978900E+2	6.6391379E+1	6.0225864E+1	0.0000000E+0	0.0000000E+0	1.0000000E+2	0.0000000E+0
1.1984000E+2	6.6388987E+1	6.0251916E+1	0.0000000E+0	0.0000000E+0	1.0000000E+2	0.0000000E+0
1.1989100E+2	6.6351171E+1	6.0245052E+1	0.0000000E+0	0.0000000E+0	1.0000000E+2	0.0000000E+0
1.1994100E+2	6.6369967E+1	6.0262336E+1	0.0000000E+0	0.0000000E+0	1.0000000E+2	0.0000000E+0
1.1999100E+2	6.6353674E+1	6.0245103E+1	0.0000000E+0	0.0000000E+0	1.0000000E+2	0.0000000E+0
1.2004100E+2	6.6353938E+1	6.0253845E+1	0.0000000E+0	0.0000000E+0	1.0000000E+2	0.0000000E+0
1.2009100E+2	6.6320673E+1	6.0247536E+1	0.0000000E+0	0.0000000E+0	1.0000000E+2	0.0000000E+0
1.2014100E+2	6.6296761E+1	6.0235431E+1	0.0000000E+0	0.0000000E+0	1.0000000E+2	0.0000000E+0
1.2019100E+2	6.6232969E+1	6.0216761E+1	0.0000000E+0	0.0000000E+0	1.0000000E+2	0.0000000E+0
1.2024200E+2	6.6202166E+1	6.0227955E+1	0.0000000E+0	0.0000000E+0	1.0000000E+2	0.0000000E+0
1.2029300E+2	6.6183695E+1	6.0237242E+1	0.0000000E+0	0.0000000E+0	1.0000000E+2	0.0000000E+0
1.2034300E+2	6.6176323E+1	6.0248922E+1	0.0000000E+0	0.0000000E+0	1.0000000E+2	0.0000000E+0
1.2039300E+2	6.6096124E+1	6.0230467E+1	0.0000000E+0	0.0000000E+0	1.0000000E+2	0.0000000E+0
1.2044300E+2	6.6045133E+1	6.0220262E+1	0.0000000E+0	0.0000000E+0	1.0000000E+2	0.0000000E+0
1.2049300E+2	6.6020504E+1	6.0206849E+1	0.0000000E+0	0.0000000E+0	1.0000000E+2	0.0000000E+0
1.2054300E+2	6.5985644E+1	6.0181247E+1	0.0000000E+0	0.0000000E+0	1.0000000E+2	0.0000000E+0
1.2059300E+2	6.5969229E+1	6.0165100E+1	0.0000000E+0	0.0000000E+0	1.0000000E+2	0.0000000E+0
1.2064300E+2	6.5965011E+1	6.0169138E+1	0.0000000E+0	0.0000000E+0	1.0000000E+2	0.0000000E+0
1.2069300E+2	6.5961445E+1	6.0158957E+1	0.0000000E+0	0.0000000E+0	1.0000000E+2	0.0000000E+0
1.2074300E+2	6.5937150E+1	6.0163087E+1	0.0000000E+0	0.0000000E+0	1.0000000E+2	0.0000000E+0
1.2079300E+2	6.5910377E+1	6.0156156E+1	0.0000000E+0	0.0000000E+0	1.0000000E+2	0.0000000E+0
1.2084300E+2	6.5871519E+1	6.0146221E+1	0.0000000E+0	0.0000000E+0	1.0000000E+2	0.0000000E+0
1.2089300E+2	6.5875038E+1	6.0161113E+1	0.0000000E+0	0.0000000E+0	1.0000000E+2	0.0000000E+0
1.2094300E+2	6.5863932E+1	6.0160889E+1	0.0000000E+0	0.0000000E+0	1.0000000E+2	0.0000000E+0
1.2099300E+2	6.5865119E+1	6.0160471E+1	0.0000000E+0	0.0000000E+0	1.0000000E+2	0.0000000E+0
1.2104300E+2	6.5876035E+1	6.0171864E+1	0.0000000E+0	0.0000000E+0	1.0000000E+2	0.0000000E+0
1.2109300E+2	6.5897034E+1	6.0173708E+1	0.0000000E+0	0.0000000E+0	1.0000000E+2	0.0000000E+0
1.2114300E+2	6.5929649E+1	6.0203597E+1	0.0000000E+0	0.0000000E+0	1.0000000E+2	0.0000000E+0
1.2119400E+2	6.5947227E+1	6.0190833E+1	0.0000000E+0	0.0000000E+0	1.0000000E+2	0.0000000E+0
1.2124400E+2	6.5959132E+1	6.0195960E+1	0.0000000E+0	0.0000000E+0	1.0000000E+2	0.0000000E+0
1.2129500E+2	6.5943181E+1	6.0192163E+1	0.0000000E+0	0.0000000E+0	1.0000000E+2	0.0000000E+0
1.2134500E+2	6.5953181E+1	6.0188201E+1	0.0000000E+0	0.0000000E+0	1.0000000E+2	0.0000000E+0
1.2139500E+2	6.5972235E+1	6.0192452E+1	0.0000000E+0	0.0000000E+0	1.0000000E+2	0.0000000E+0
1.2144600E+2	6.5999262E+1	6.0202945E+1	0.0000000E+0	0.0000000E+0	1.0000000E+2	0.0000000E+0
1.2149700E+2	6.5977203E+1	6.0197982E+1	0.0000000E+0	0.0000000E+0	1.0000000E+2	0.0000000E+0
1.2154700E+2	6.5961539E+1	6.0194261E+1	0.0000000E+0	0.0000000E+0	1.0000000E+2	0.0000000E+0
1.2159700E+2	6.5979178E+1	6.0192922E+1	0.0000000E+0	0.0000000E+0	1.0000000E+2	0.0000000E+0
1.2164700E+2	6.6003903E+1	6.0200949E+1	0.0000000E+0	0.0000000E+0	1.0000000E+2	0.0000000E+0
1.2169700E+2	6.6030429E+1	6.0197439E+1	0.0000000E+0	0.0000000E+0	1.0000000E+2	0.0000000E+0
1.2174700E+2	6.6051923E+1	6.0208185E+1	0.0000000E+0	0.0000000E+0	1.0000000E+2	0.0000000E+0
1.2179700E+2	6.6089534E+1	6.0209376E+1	0.0000000E+0	0.0000000E+0	1.0000000E+2	0.0000000E+0
1.2184800E+2	6.6114588E+1	6.0216328E+1	0.0000000E+0	0.0000000E+0	1.0000000E+2	0.0000000E+0
1.2189800E+2	6.6134969E+1	6.0217481E+1	0.0000000E+0	0.0000000E+0	1.0000000E+2	0.0000000E+0
1.2194800E+2	6.6160580E+1	6.0215212E+1	0.0000000E+0	0.0000000E+0	1.0000000E+2	0.0000000E+0
1.2199800E+2	6.6162492E+1	6.0206745E+1	0.0000000E+0	0.0000000E+0	1.0000000E+2	0.0000000E+0
1.2204800E+2	6.6213792E+1	6.0212825E+1	0.0000000E+0	0.0000000E+0	1.0000000E+2	0.0000000E+0
1.2209800E+2	6.6246229E+1	6.0227582E+1	0.0000000E+0	0.0000000E+0	1.0000000E+2	0.0000000E+0
1.2214800E+2	6.6270738E+1	6.0233633E+1	0.0000000E+0	0.0000000E+0	1.0000000E+2	0.0000000E+0
1.2219800E+2	6.6278622E+1	6.0218965E+1	0.0000000E+0	0.0000000E+0	1.0000000E+2	0.0000000E+0
1.2224900E+2	6.6313648E+1	6.0218064E+1	0.0000000E+0	0.0000000E+0	1.0000000E+2	0.0000000E+0
1.2229900E+2	6.6335981E+1	6.0223091E+1	0.0000000E+0	0.0000000E+0	1.0000000E+2	0.0000000E+0
1.2234900E+2	6.6363958E+1	6.0224906E+1	0.0000000E+0	0.0000000E+0	1.0000000E+2	0.0000000E+0
1.2239900E+2	6.6390031E+1	6.0219722E+1	0.0000000E+0	0.0000000E+0	1.0000000E+2	0.0000000E+0
1.2244900E+2	6.6433526E+1	6.0218386E+1	0.0000000E+0	0.0000000E+0	1.0000000E+2	0.0000000E+0
1.2249900E+2	6.6467632E+1	6.0215478E+1	0.0000000E+0	0.0000000E+0	1.0000000E+2	0.0000000E+0
1.2254900E+2	6.6513957E+1	6.0219524E+1	0.0000000E+0	0.0000000E+0	1.0000000E+2	0.0000000E+0
1.2259900E+2	6.6534589E+1	6.0230827E+1	0.0000000E+0	0.0000000E+0	1.0000000E+2	0.0000000E+0
1.2264900E+2	6.6572023E+1	6.0236967E+1	0.0000000E+0	0.0000000E+0	1.0000000E+2	0.0000000E+0
1.2269900E+2	6.6609246E+1	6.0247525E+1	0.0000000E+0	0.0000000E+0	1.0000000E+2	0.0000000E+0
1.2274900E+2	6.6630446E+1	6.0251192E+1	0.0000000E+0	0.0000000E+0	1.0000000E+2	0.0000000E+0
1.2279900E+2	6.6677035E+1	6.0257967E+1	0.0000000E+0	0.0000000E+0	1.0000000E+2	0.0000000E+0
1.2284900E+2	6.6708012E+1	6.0280696E+1	0.0000000E+0	0.0000000E+0	1.0000000E+2	0.0000000E+0
1.2289900E+2	6.6704610E+1	6.0290096E+1	0.0000000E+0	0.0000000E+0	1.0000000E+2	0.0000000E+0
1.2294900E+2	6.6664489E+1	6.0283765E+1	0.0000000E+0	0.0000000E+0	1.0000000E+2	0.0000000E+0
1.2299900E+2	6.6682091E+1	6.0287495E+1	0.0000000E+0	0.0000000E+0	1.0000000E+2	0.0000000E+0
1.2305000E+2	6.6709743E+1	6.0287798E+1	0.0000000E+0	0.0000000E+0	1.0000000E+2	0.0000000E+0
1.2310000E+2	6.6719318E+1	6.0290524E+1	0.0000000E+0	0.0000000E+0	1.0000000E+2	0.0000000E+0
1.2315000E+2	6.6725663E+1	6.0293955E+1	0.0000000E+0	0.0000000E+0	1.0000000E+2	0.0000000E+0
1.2320000E+2	6.6717336E+1	6.0287247E+1	0.0000000E+0	0.0000000E+0	1.0000000E+2	0.0000000E+0
1.2325000E+2	6.6741007E+1	6.0293678E+1	0.0000000E+0	0.0000000E+0	1.0000000E+2	0.0000000E+0
1.2330100E+2	6.6755428E+1	6.0285765E+1	0.0000000E+0	0.0000000E+0	1.0000000E+2	0.0000000E+0
1.2335100E+2	6.6764303E+1	6.0302740E+1	0.0000000E+0	0.0000000E+0	1.0000000E+2	0.0000000E+0
1.2340100E+2	6.6800484E+1	6.0303946E+1	0.0000000E+0	0.0000000E+0	1.0000000E+2	0.0000000E+0
1.2345100E+2	6.6833988E+1	6.0297393E+1	0.0000000E+0	0.0000000E+0	1.0000000E+2	0.0000000E+0
1.2350100E+2	6.6858558E+1	6.0308492E+1	0.0000000E+0	0.0000000E+0	1.0000000E+2	0.0000000E+0
1.2355100E+2	6.6906994E+1	6.0318436E+1	0.0000000E+0	0.0000000E+0	1.0000000E+2	0.0000000E+0
1.2360200E+2	6.6901134E+1	6.0315313E+1	0.0000000E+0	0.0000000E+0	1.0000000E+2	0.0000000E+0
1.2365200E+2	6.6897875E+1	6.0309220E+1	0.0000000E+0	0.0000000E+0	1.0000000E+2	0.0000000E+0
1.2370300E+2	6.6905397E+1	6.0302084E+1	0.0000000E+0	0.0000000E+0	1.0000000E+2	0.0000000E+0
1.2375300E+2	6.6919855E+1	6.0295600E+1	0.0000000E+0	0.0000000E+0	1.0000000E+2	0.0000000E+0
1.2380400E+2	6.6924691E+1	6.0295812E+1	0.0000000E+0	0.0000000E+0	1.0000000E+2	0.0000000E+0
1.2385400E+2	6.6949648E+1	6.0303503E+1	0.0000000E+0	0.0000000E+0	1.0000000E+2	0.0000000E+0
1.2390500E+2	6.6969068E+1	6.0289467E+1	0.0000000E+0	0.0000000E+0	1.0000000E+2	0.0000000E+0
1.2395500E+2	6.6992701E+1	6.0285885E+1	0.0000000E+0	0.0000000E+0	1.0000000E+2	0.0000000E+0
1.2400500E+2	6.7014993E+1	6.0292860E+1	0.0000000E+0	0.0000000E+0	1.0000000E+2	0.0000000E+0
1.2405500E+2	6.7052871E+1	6.0314092E+1	0.0000000E+0	0.0000000E+0	1.0000000E+2	0.0000000E+0
1.2410500E+2	6.7065826E+1	6.0314044E+1	0.0000000E+0	0.0000000E+0	1.0000000E+2	0.0000000E+0
1.2415600E+2	6.7089404E+1	6.0309214E+1	0.0000000E+0	0.0000000E+0	1.0000000E+2	0.0000000E+0
1.2420600E+2	6.7119476E+1	6.0312385E+1	0.0000000E+0	0.0000000E+0	1.0000000E+2	0.0000000E+0
1.2425700E+2	6.7101689E+1	6.0309337E+1	0.0000000E+0	0.0000000E+0	1.0000000E+2	0.0000000E+0
1.2430700E+2	6.7110192E+1	6.0313648E+1	0.0000000E+0	0.0000000E+0	1.0000000E+2	0.0000000E+0
1.2435700E+2	6.7140802E+1	6.0317680E+1	0.0000000E+0	0.0000000E+0	1.0000000E+2	0.0000000E+0
1.2440700E+2	6.7165424E+1	6.0316611E+1	0.0000000E+0	0.0000000E+0	1.0000000E+2	0.0000000E+0
1.2445700E+2	6.7174845E+1	6.0294082E+1	0.0000000E+0	0.0000000E+0	1.0000000E+2	0.0000000E+0
1.2450700E+2	6.7149106E+1	6.0278660E+1	0.0000000E+0	0.0000000E+0	1.0000000E+2	0.0000000E+0
1.2455800E+2	6.7166732E+1	6.0288327E+1	0.0000000E+0	0.0000000E+0	1.0000000E+2	0.0000000E+0
1.2460900E+2	6.7187391E+1	6.0289947E+1	0.0000000E+0	0.0000000E+0	1.0000000E+2	0.0000000E+0
1.2465900E+2	6.7227417E+1	6.0305715E+1	0.0000000E+0	0.0000000E+0	1.0000000E+2	0.0000000E+0
1.2470900E+2	6.7234871E+1	6.0302603E+1	0.0000000E+0	0.0000000E+0	1.0000000E+2	0.0000000E+0
1.2475900E+2	6.7245553E+1	6.0302678E+1	0.0000000E+0	0.0000000E+0	1.0000000E+2	0.0000000E+0
1.2480900E+2	6.7251593E+1	6.0303358E+1	0.0000000E+0	0.0000000E+0	1.0000000E+2	0.0000000E+0
1.2485900E+2	6.7245385E+1	6.0302294E+1	0.0000000E+0	0.0000000E+0	1.0000000E+2	0.0000000E+0
1.2490900E+2	6.7222304E+1	6.0298244E+1	0.0000000E+0	0.0000000E+0	1.0000000E+2	0.0000000E+0
1.2495900E+2	6.7194119E+1	6.0298229E+1	0.0000000E+0	0.0000000E+0	1.0000000E+2	0.0000000E+0
1.2500900E+2	6.7165556E+1	6.0295247E+1	0.0000000E+0	0.0000000E+0	1.0000000E+2	0.0000000E+0
1.2505900E+2	6.7137577E+1	6.0306760E+1	0.0000000E+0	0.0000000E+0	1.0000000E+2	0.0000000E+0
1.2510900E+2	6.7111703E+1	6.0303021E+1	0.0000000E+0	0.0000000E+0	1.0000000E+2	0.0000000E+0
1.2515900E+2	6.7089385E+1	6.0302999E+1	0.0000000E+0	0.0000000E+0	1.0000000E+2	0.0000000E+0
1.2520900E+2	6.7059869E+1	6.0293375E+1	0.0000000E+0	0.0000000E+0	1.0000000E+2	0.0000000E+0
1.2525900E+2	6.7032099E+1	6.0289646E+1	0.0000000E+0	0.0000000E+0	1.0000000E+2	0.0000000E+0
1.2530900E+2	6.7040623E+1	6.0293164E+1	0.0000000E+0	0.0000000E+0	1.0000000E+2	0.0000000E+0
1.2535900E+2	6.7019062E+1	6.0297645E+1	0.0000000E+0	0.0000000E+0	1.0000000E+2	0.0000000E+0
1.2540900E+2	6.7007658E+1	6.0293934E+1	0.0000000E+0	0.0000000E+0	1.0000000E+2	0.0000000E+0
1.2545900E+2	6.6983783E+1	6.0298803E+1	0.0000000E+0	0.0000000E+0	1.0000000E+2	0.0000000E+0
1.2550900E+2	6.6961013E+1	6.0300002E+1	0.0000000E+0	0.0000000E+0	1.0000000E+2	0.0000000E+0
1.2555900E+2	6.6935092E+1	6.0302899E+1	0.0000000E+0	0.0000000E+0	1.0000000E+2	0.0000000E+0
1.2560900E+2	6.6894393E+1	6.0292587E+1	0.0000000E+0	0.0000000E+0	1.0000000E+2	0.0000000E+0
1.2565900E+2	6.6864843E+1	6.0299809E+1	0.0000000E+0	0.0000000E+0	1.0000000E+2	0.0000000E+0
1.2570900E+2	6.6853425E+1	6.0295032E+1	0.0000000E+0	0.0000000E+0	1.0000000E+2	0.0000000E+0
1.2575900E+2	6.6848569E+1	6.0297171E+1	0.0000000E+0	0.0000000E+0	1.0000000E+2	0.0000000E+0
1.2580900E+2	6.6863529E+1	6.0304235E+1	0.0000000E+0	0.0000000E+0	1.0000000E+2	0.0000000E+0
1.2585900E+2	6.6855315E+1	6.0310699E+1	0.0000000E+0	0.0000000E+0	1.0000000E+2	0.0000000E+0
1.2590900E+2	6.6841209E+1	6.0309989E+1	0.0000000E+0	0.0000000E+0	1.0000000E+2	0.0000000E+0
1.2595900E+2	6.6827552E+1	6.0301263E+1	0.0000000E+0	0.0000000E+0	1.0000000E+2	0.0000000E+0
1.2600900E+2	6.6832307E+1	6.0318505E+1	0.0000000E+0	0.0000000E+0	1.0000000E+2	0.0000000E+0
1.2606100E+2	6.6823749E+1	6.0307809E+1	0.0000000E+0	0.0000000E+0	1.0000000E+2	0.0000000E+0
1.2611100E+2	6.6813476E+1	6.0311888E+1	0.0000000E+0	0.0000000E+0	1.0000000E+2	0.0000000E+0
1.2616100E+2	6.6794364E+1	6.0311827E+1	0.0000000E+0	0.0000000E+0	1.0000000E+2	0.0000000E+0
1.2621100E+2	6.6784389E+1	6.0304923E+1	0.0000000E+0	0.0000000E+0	1.0000000E+2	0.0000000E+0
1.2626100E+2	6.6763923E+1	6.0297581E+1	0.0000000E+0	0.0000000E+0	1.0000000E+2	0.0000000E+0
1.2631100E+2	6.6758522E+1	6.0301332E+1	0.0000000E+0	0.0000000E+0	1.0000000E+2	0.0000000E+0
1.2636100E+2	6.6751578E+1	6.0306134E+1	0.0000000E+0	0.0000000E+0	1.0000000E+2	0.0000000E+0
1.2641100E+2	6.6726369E+1	6.0295719E+1	0.0000000E+0	0.0000000E+0	1.0000000E+2	0.0000000E+0
1.2646100E+2	6.6737517E+1	6.0303853E+1	0.0000000E+0	0.0000000E+0	1.0000000E+2	0.0000000E+0
1.2651100E+2	6.6711786E+1	6.0291583E+1	0.0000000E+0	0.0000000E+0	1.0000000E+2	0.0000000E+0
1.2656200E+2	6.6664619E+1	6.0268913E+1	0.0000000E+0	0.0000000E+0	1.0000000E+2	0.0000000E+0
1.2661300E+2	6.6624718E+1	6.0258769E+1	0.0000000E+0	0.0000000E+0	1.0000000E+2	0.0000000E+0
1.2666300E+2	6.6625266E+1	6.0258627E+1	0.0000000E+0	0.0000000E+0	1.0000000E+2	0.0000000E+0
1.2671400E+2	6.6660221E+1	6.0281807E+1	0.0000000E+0	0.0000000E+0	1.0000000E+2	0.0000000E+0
1.2676500E+2	6.6646634E+1	6.0281131E+1	0.0000000E+0	0.0000000E+0	1.0000000E+2	0.0000000E+0
1.2681500E+2	6.6623248E+1	6.0255114E+1	0.0000000E+0	0.0000000E+0	1.0000000E+2	0.0000000E+0
1.2686500E+2	6.6635405E+1	6.0274707E+1	0.0000000E+0	0.0000000E+0	1.0000000E+2	0.0000000E+0
1.2691500E+2	6.6639126E+1	6.0276154E+1	0.0000000E+0	0.0000000E+0	1.0000000E+2	0.0000000E+0
1.2696500E+2	6.6614696E+1	6.0263100E+1	0.0000000E+0	0.0000000E+0	1.0000000E+2	0.0000000E+0
1.2701500E+2	6.6566587E+1	6.0279006E+1	0.0000000E+0	0.0000000E+0	1.0000000E+2	0.0000000E+0
1.2706500E+2	6.6508235E+1	6.0270513E+1	0.0000000E+0	0.0000000E+0	1.0000000E+2	0.0000000E+0
1.2711500E+2	6.6526076E+1	6.0292669E+1	0.0000000E+0	0.0000000E+0	1.0000000E+2	0.0000000E+0
1.2716500E+2	6.6523806E+1	6.0277715E+1	0.0000000E+0	0.0000000E+0	1.0000000E+2	0.0000000E+0
1.2721500E+2	6.6527099E+1	6.0278089E+1	0.0000000E+0	0.0000000E+0	1.0000000E+2	0.0000000E+0
1.2726500E+2	6.6516834E+1	6.0260165E+1	0.0000000E+0	0.0000000E+0	1.0000000E+2	0.0000000E+0
1.2731500E+2	6.6514854E+1	6.0269127E+1	0.0000000E+0	0.0000000E+0	1.0000000E+2	0.0000000E+0
1.2736500E+2	6.6534718E+1	6.0281630E+1	0.0000000E+0	0.0000000E+0	1.0000000E+2	0.0000000E+0
1.2741500E+2	6.6525206E+1	6.0260240E+1	0.0000000E+0	0.0000000E+0	1.0000000E+2	0.0000000E+0
1.2746600E+2	6.6530079E+1	6.0264927E+1	0.0000000E+0	0.0000000E+0	1.0000000E+2	0.0000000E+0
1.2751700E+2	6.6530243E+1	6.0252515E+1	0.0000000E+0	0.0000000E+0	1.0000000E+2	0.0000000E+0
1.2756700E+2	6.6547031E+1	6.0271427E+1	0.0000000E+0	0.0000000E+0	1.0000000E+2	0.0000000E+0
1.2761700E+2	6.6558138E+1	6.0276884E+1	0.0000000E+0	0.0000000E+0	1.0000000E+2	0.0000000E+0
1.2766700E+2	6.6548823E+1	6.0261124E+1	0.0000000E+0	0.0000000E+0	1.0000000E+2	0.0000000E+0
1.2771700E+2	6.6570774E+1	6.0279597E+1	0.0000000E+0	0.0000000E+0	1.0000000E+2	0.0000000E+0
1.2776700E+2	6.6560946E+1	6.0274292E+1	0.0000000E+0	0.0000000E+0	1.0000000E+2	0.0000000E+0
1.2781700E+2	6.6563069E+1	6.0263713E+1	0.0000000E+0	0.0000000E+0	1.0000000E+2	0.0000000E+0
1.2786700E+2	6.6576672E+1	6.0265527E+1	0.0000000E+0	0.0000000E+0	1.0000000E+2	0.0000000E+0
1.2791700E+2	6.6597775E+1	6.0278980E+1	0.0000000E+0	0.0000000E+0	1.0000000E+2	0.0000000E+0
1.2796700E+2	6.6584586E+1	6.0272542E+1	0.0000000E+0	0.0000000E+0	1.0000000E+2	0.0000000E+0
1.2801700E+2	6.6595732E+1	6.0286781E+1	0.0000000E+0	0.0000000E+0	1.0000000E+2	0.0000000E+0
1.2806700E+2	6.6568432E+1	6.0286908E+1	0.0000000E+0	0.0000000E+0	1.0000000E+2	0.0000000E+0
1.2811700E+2	6.6579246E+1	6.0270496E+1	0.0000000E+0	0.0000000E+0	1.0000000E+2	0.0000000E+0
1.2816700E+2	6.6576801E+1	6.0272326E+1	0.0000000E+0	0.0000000E+0	1.0000000E+2	0.0000000E+0
1.2821700E+2	6.6578796E+1	6.0276028E+1	0.0000000E+0	0.0000000E+0	1.0000000E+2	0.0000000E+0
1.2826700E+2	6.6568896E+1	6.0268587E+1	0.0000000E+0	0.0000000E+0	1.0000000E+2	0.0000000E+0
1.2831700E+2	6.6567751E+1	6.0279782E+1	0.0000000E+0	0.0000000E+0	1.0000000E+2	0.0000000E+0
1.2836700E+2	6.6513183E+1	6.0282172E+1	0.0000000E+0	0.0000000E+0	1.0000000E+2	0.0000000E+0
1.2841700E+2	6.6482434E+1	6.0275593E+1	0.0000000E+0	0.0000000E+0	1.0000000E+2	0.0000000E+0
1.2846800E+2	6.6480675E+1	6.0289339E+1	0.0000000E+0	0.0000000E+0	1.0000000E+2	0.0000000E+0
1.2851800E+2	6.6483310E+1	6.0289534E+1	0.0000000E+0	0.0000000E+0	1.0000000E+2	0.0000000E+0
1.2856800E+2	6.6497144E+1	6.0299776E+1	0.0000000E+0	0.0000000E+0	1.0000000E+2	0.0000000E+0
1.2861800E+2	6.6497029E+1	6.0284683E+1	0.0000000E+0	0.0000000E+0	1.0000000E+2	0.0000000E+0
1.2866800E+2	6.6495123E+1	6.0284336E+1	0.0000000E+0	0.0000000E+0	1.0000000E+2	0.0000000E+0
1.2871800E+2	6.6478561E+1	6.0288949E+1	0.0000000E+0	0.0000000E+0	1.0000000E+2	0.0000000E+0
1.2876800E+2	6.6486109E+1	6.0284509E+1	0.0000000E+0	0.0000000E+0	1.0000000E+2	0.0000000E+0
1.2881800E+2	6.6481827E+1	6.0275597E+1	0.0000000E+0	0.0000000E+0	1.0000000E+2	0.0000000E+0
1.2886800E+2	6.6482727E+1	6.0279384E+1	0.0000000E+0	0.0000000E+0	1.0000000E+2	0.0000000E+0
1.2891900E+2	6.6489275E+1	6.0284661E+1	0.0000000E+0	0.0000000E+0	1.0000000E+2	0.0000000E+0
1.2896900E+2	6.6489085E+1	6.0285390E+1	0.0000000E+0	0.0000000E+0	1.0000000E+2	0.0000000E+0
1.2901900E+2	6.6486797E+1	6.0280502E+1	0.0000000E+0	0.0000000E+0	1.0000000E+2	0.0000000E+0
1.2906900E+2	6.6457459E+1	6.0278075E+1	0.0000000E+0	0.0000000E+0	1.0000000E+2	0.0000000E+0
1.2911900E+2	6.6476422E+1	6.0273476E+1	0.0000000E+0	0.0000000E+0	1.0000000E+2	0.0000000E+0
1.2916900E+2	6.6484275E+1	6.0277989E+1	0.0000000E+0	0.0000000E+0	1.0000000E+2	0.0000000E+0
1.2921900E+2	6.6477916E+1	6.0280239E+1	0.0000000E+0	0.0000000E+0	1.0000000E+2	0.0000000E+0
1.2926900E+2	6.6496843E+1	6.0291856E+1	0.0000000E+0	0.0000000E+0	1.0000000E+2	0.0000000E+0
1.2931900E+2	6.6507420E+1	6.0295295E+1	0.0000000E+0	0.0000000E+0	1.0000000E+2	0.0000000E+0
1.2936900E+2	6.6483206E+1	6.0280389E+1	0.0000000E+0	0.0000000E+0	1.0000000E+2	0.0000000E+0
1.2941900E+2	6.6486447E+1	6.0276187E+1	0.0000000E+0	0.0000000E+0	1.0000000E+2	0.0000000E+0
1.2947000E+2	6.6499961E+1	6.0284365E+1	0.0000000E+0	0.0000000E+0	1.0000000E+2	0.0000000E+0
1.2952100E+2	6.6503811E+1	6.0274640E+1	0.0000000E+0	0.0000000E+0	1.0000000E+2	0.0000000E+0
1.2957100E+2	6.6522313E+1	6.0269305E+1	0.0000000E+0	0.0000000E+0	1.0000000E+2	0.0000000E+0
1.2962100E+2	6.6543633E+1	6.0271395E+1	0.0000000E+0	0.0000000E+0	1.0000000E+2	0.0000000E+0
1.2967100E+2	6.6509776E+1	6.0271810E+1	0.0000000E+0	0.0000000E+0	1.0000000E+2	0.0000000E+0
1.2972100E+2	6.6503302E+1	6.0259444E+1	0.0000000E+0	0.0000000E+0	1.0000000E+2	0.0000000E+0
1.2977100E+2	6.6557392E+1	6.0289946E+1	0.0000000E+0	0.0000000E+0	1.0000000E+2	0.0000000E+0
1.2982100E+2	6.6582788E+1	6.0280698E+1	0.0000000E+0	0.0000000E+0	1.0000000E+2	0.0000000E+0
1.2987100E+2	6.6629407E+1	6.0292572E+1	0.0000000E+0	0.0000000E+0	1.0000000E+2	0.0000000E+0
1.2992100E+2	6.6649354E+1	6.0305580E+1	0.0000000E+0	0.0000000E+0	1.0000000E+2	0.0000000E+0
1.2997100E+2	6.6690769E+1	6.0300499E+1	0.0000000E+0	0.0000000E+0	1.0000000E+2	0.0000000E+0
1.3002200E+2	6.6729450E+1	6.0315234E+1	0.0000000E+0	0.0000000E+0	1.0000000E+2	0.0000000E+0
1.3007200E+2	6.6736052E+1	6.0302884E+1	0.0000000E+0	0.0000000E+0	1.0000000E+2	0.0000000E+0
1.3012200E+2	6.6766809E+1	6.0325308E+1	0.0000000E+0	0.0000000E+0	1.0000000E+2	0.0000000E+0
1.3017200E+2	6.6754204E+1	6.0335531E+1	0.0000000E+0	0.0000000E+0	1.0000000E+2	0.0000000E+0
1.3022200E+2	6.6726787E+1	6.0314418E+1	0.0000000E+0	0.0000000E+0	1.0000000E+2	0.0000000E+0
1.3027200E+2	6.6731151E+1	6.0323758E+1	0.0000000E+0	0.0000000E+0	1.0000000E+2	0.0000000E+0
1.3032300E+2	6.6727691E+1	6.0334323E+1	0.0000000E+0	0.0000000E+0	1.0000000E+2	0.0000000E+0
1.3037300E+2	6.6702718E+1	6.0331616E+1	0.0000000E+0	0.0000000E+0	1.0000000E+2	0.0000000E+0
1.3042300E+2	6.6701990E+1	6.0328775E+1	0.0000000E+0	0.0000000E+0	1.0000000E+2	0.0000000E+0
1.3047400E+2	6.6710129E+1	6.0345581E+1	0.0000000E+0	0.0000000E+0	1.0000000E+2	0.0000000E+0
1.3052400E+2	6.6738736E+1	6.0340475E+1	0.0000000E+0	0.0000000E+0	1.0000000E+2	0.0000000E+0
1.3057400E+2	6.6752113E+1	6.0352515E+1	0.0000000E+0	0.0000000E+0	1.0000000E+2	0.0000000E+0
1.3062400E+2	6.6772851E+1	6.0345214E+1	0.0000000E+0	0.0000000E+0	1.0000000E+2	0.0000000E+0
1.3067400E+2	6.6775838E+1	6.0347158E+1	0.0000000E+0	0.0000000E+0	1.0000000E+2	0.0000000E+0
1.3072400E+2	6.6806095E+1	6.0350243E+1	0.0000000E+0	0.0000000E+0	1.0000000E+2	0.0000000E+0
1.3077400E+2	6.6826428E+1	6.0348844E+1	0.0000000E+0	0.0000000E+0	1.0000000E+2	0.0000000E+0
1.3082400E+2	6.6876111E+1	6.0373233E+1	0.0000000E+0	0.0000000E+0	1.0000000E+2	0.0000000E+0
1.3087400E+2	6.6889284E+1	6.0358998E+1	0.0000000E+0	0.0000000E+0	1.0000000E+2	0.0000000E+0
1.3092400E+2	6.6910904E+1	6.0353984E+1	0.0000000E+0	0.0000000E+0	1.0000000E+2	0.0000000E+0
1.3097400E+2	6.6917080E+1	6.0354322E+1	0.0000000E+0	0.0000000E+0	1.0000000E+2	0.0000000E+0
1.3102400E+2	6.6915116E+1	6.0361077E+1	0.0000000E+0	0.0000000E+0	1.0000000E+2	0.0000000E+0
1.3107400E+2	6.6901510E+1	6.0353070E+1	0.0000000E+0	0.0000000E+0	1.0000000E+2	0.0000000E+0
1.3112400E+2	6.6924897E+1	6.0357895E+1	0.0000000E+0	0.0000000E+0	1.0000000E+2	0.0000000E+0
1.3117400E+2	6.6949796E+1	6.0353639E+1	0.0000000E+0	0.0000000E+0	1.0000000E+2	0.0000000E+0
1.3122400E+2	6.6990577E+1	6.0372899E+1	0.0000000E+0	0.0000000E+0	1.0000000E+2	0.0000000E+0
1.3127400E+2	6.7017867E+1	6.0366050E+1	0.0000000E+0	0.0000000E+0	1.0000000E+2	0.0000000E+0
1.3132400E+2	6.7051822E+1	6.0370698E+1	0.0000000E+0	0.0000000E+0	1.0000000E+2	0.0000000E+0
1.3137400E+2	6.7062046E+1	6.0355308E+1	0.0000000E+0	0.0000000E+0	1.0000000E+2	0.0000000E+0
1.3142400E+2	6.7072403E+1	6.0365823E+1	0.0000000E+0	0.0000000E+0	1.0000000E+2	0.0000000E+0
1.3147400E+2	6.7088138E+1	6.0376063E+1	0.0000000E+0	0.0000000E+0	1.0000000E+2	0.0000000E+0
1.3152400E+2	6.7110652E+1	6.0384381E+1	0.0000000E+0	0.0000000E+0	1.0000000E+2	0.0000000E+0
1.3157400E+2	6.7109581E+1	6.0376987E+1	0.0000000E+0	0.0000000E+0	1.0000000E+2	0.0000000E+0
1.3162400E+2	6.7097842E+1	6.0384307E+1	0.0000000E+0	0.0000000E+0	1.0000000E+2	0.0000000E+0
1.3167500E+2	6.7035840E+1	6.0392374E+1	0.0000000E+0	0.0000000E+0	1.0000000E+2	0.0000000E+0
1.3172600E+2	6.6998944E+1	6.0392921E+1	0.0000000E+0	0.0000000E+0	1.0000000E+2	0.0000000E+0
1.3177600E+2	6.6986144E+1	6.0380171E+1	0.0000000E+0	0.0000000E+0	1.0000000E+2	0.0000000E+0
1.3182600E+2	6.6972104E+1	6.0402901E+1	0.0000000E+0	0.0000000E+0	1.0000000E+2	0.0000000E+0
1.3187600E+2	6.6951168E+1	6.0387985E+1	0.0000000E+0	0.0000000E+0	1.0000000E+2	0.0000000E+0
1.3192600E+2	6.6941781E+1	6.0388433E+1	0.0000000E+0	0.0000000E+0	1.0000000E+2	0.0000000E+0
1.3197600E+2	6.6911055E+1	6.0381962E+1	0.0000000E+0	0.0000000E+0	1.0000000E+2	0.0000000E+0
1.3202600E+2	6.6901621E+1	6.0382679E+1	0.0000000E+0	0.0000000E+0	1.0000000E+2	0.0000000E+0
1.3207600E+2	6.6904018E+1	6.0384742E+1	0.0000000E+0	0.0000000E+0	1.0000000E+2	0.0000000E+0
1.3212600E+2	6.6915692E+1	6.0392040E+1	0.0000000E+0	0.0000000E+0	1.0000000E+2	0.0000000E+0
1.3217600E+2	6.6892256E+1	6.0374174E+1	0.0000000E+0	0.0000000E+0	1.0000000E+2	0.0000000E+0
1.3222600E+2	6.6862376E+1	6.0376672E+1	0.0000000E+0	0.0000000E+0	1.0000000E+2	0.0000000E+0
1.3227600E+2	6.6856085E+1	6.0387852E+1	0.0000000E+0	0.0000000E+0	1.0000000E+2	0.0000000E+0
1.3232600E+2	6.6866688E+1	6.0387826E+1	0.0000000E+0	0.0000000E+0	1.0000000E+2	0.0000000E+0
1.3237600E+2	6.6872506E+1	6.0384589E+1	0.0000000E+0	0.0000000E+0	1.0000000E+2	0.0000000E+0
1.3242600E+2	6.6863935E+1	6.0377121E+1	0.0000000E+0	0.0000000E+0	1.0000000E+2	0.0000000E+0
1.3247600E+2	6.6904685E+1	6.0380940E+1	0.0000000E+0	0.0000000E+0	1.0000000E+2	0.0000000E+0
1.3252600E+2	6.6920570E+1	6.0382939E+1	0.0000000E+0	0.0000000E+0	1.0000000E+2	0.0000000E+0
1.3257600E+2	6.6929559E+1	6.0385077E+1	0.0000000E+0	0.0000000E+0	1.0000000E+2	0.0000000E+0
1.3262600E+2	6.6900386E+1	6.0392074E+1	0.0000000E+0	0.0000000E+0	1.0000000E+2	0.0000000E+0
1.3267600E+2	6.6875802E+1	6.0380033E+1	0.0000000E+0	0.0000000E+0	1.0000000E+2	0.0000000E+0
1.3272600E+2	6.6874358E+1	6.0372285E+1	0.0000000E+0	0.0000000E+0	1.0000000E+2	0.0000000E+0
1.3277600E+2	6.6897531E+1	6.0376515E+1	0.0000000E+0	0.0000000E+0	1.0000000E+2	0.0000000E+0
1.3282600E+2	6.6928184E+1	6.0376571E+1	0.0000000E+0	0.0000000E+0	1.0000000E+2	0.0000000E+0
1.3287600E+2	6.6934961E+1	6.0372888E+1	0.0000000E+0	0.0000000E+0	1.0000000E+2	0.0000000E+0
1.3292700E+2	6.6940532E+1	6.0375391E+1	0.0000000E+0	0.0000000E+0	1.0000000E+2	0.0000000E+0
1.3297700E+2	6.6951214E+1	6.0384299E+1	0.0000000E+0	0.0000000E+0	1.0000000E+2	0.0000000E+0
1.3302700E+2	6.6962427E+1	6.0379952E+1	0.0000000E+0	0.0000000E+0	1.0000000E+2	0.0000000E+0
1.3307800E+2	6.6992046E+1	6.0385561E+1	0.0000000E+0	0.0000000E+0	1.0000000E+2	0.0000000E+0
1.3312800E+2	6.6977811E+1	6.0378341E+1	0.0000000E+0	0.0000000E+0	1.0000000E+2	0.0000000E+0
1.3317800E+2	6.6992273E+1	6.0371556E+1	0.0000000E+0	0.0000000E+0	1.0000000E+2	0.0000000E+0
1.3322800E+2	6.7003123E+1	6.0364511E+1	0.0000000E+0	0.0000000E+0	1.0000000E+2	0.0000000E+0
1.3327800E+2	6.7006464E+1	6.0373769E+1	0.0000000E+0	0.0000000E+0	1.0000000E+2	0.0000000E+0
1.3332800E+2	6.7030566E+1	6.0389025E+1	0.0000000E+0	0.0000000E+0	1.0000000E+2	0.0000000E+0
1.3337800E+2	6.7045876E+1	6.0390105E+1	0.0000000E+0	0.0000000E+0	1.0000000E+2	0.0000000E+0
1.3342800E+2	6.7043593E+1	6.0380389E+1	0.0000000E+0	0.0000000E+0	1.0000000E+2	0.0000000E+0
1.3347800E+2	6.7076351E+1	6.0398915E+1	0.0000000E+0	0.0000000E+0	1.0000000E+2	0.0000000E+0
1.3352900E+2	6.7083514E+1	6.0387052E+1	0.0000000E+0	0.0000000E+0	1.0000000E+2	0.0000000E+0
1.3358000E+2	6.7061772E+1	6.0377870E+1	0.0000000E+0	0.0000000E+0	1.0000000E+2	0.0000000E+0
1.3363000E+2	6.7060096E+1	6.0389526E+1	0.0000000E+0	0.0000000E+0	1.0000000E+2	0.0000000E+0
1.3368100E+2	6.7042933E+1	6.0392853E+1	0.0000000E+0	0.0000000E+0	1.0000000E+2	0.0000000E+0
1.3373100E+2	6.7033492E+1	6.0395883E+1	0.0000000E+0	0.0000000E+0	1.0000000E+2	0.0000000E+0
1.3378200E+2	6.7039419E+1	6.0401200E+1	0.0000000E+0	0.0000000E+0	1.0000000E+2	0.0000000E+0
1.3383200E+2	6.7040191E+1	6.0383085E+1	0.0000000E+0	0.0000000E+0	1.0000000E+2	0.0000000E+0
1.3388200E+2	6.7047394E+1	6.0388459E+1	0.0000000E+0	0.0000000E+0	1.0000000E+2	0.0000000E+0
1.3393300E+2	6.7046508E+1	6.0375571E+1	0.0000000E+0	0.0000000E+0	1.0000000E+2	0.0000000E+0
1.3398300E+2	6.7051933E+1	6.0370259E+1	0.0000000E+0	0.0000000E+0	1.0000000E+2	0.0000000E+0
1.3403300E+2	6.7077451E+1	6.0377571E+1	0.0000000E+0	0.0000000E+0	1.0000000E+2	0.0000000E+0
1.3408400E+2	6.7083644E+1	6.0372814E+1	0.0000000E+0	0.0000000E+0	1.0000000E+2	0.0000000E+0
1.3413500E+2	6.7022822E+1	6.0380154E+1	0.0000000E+0	0.0000000E+0	1.0000000E+2	0.0000000E+0
1.3418600E+2	6.7032893E+1	6.0381673E+1	0.0000000E+0	0.0000000E+0	1.0000000E+2	0.0000000E+0
1.3423600E+2	6.7031470E+1	6.0370351E+1	0.0000000E+0	0.0000000E+0	1.0000000E+2	0.0000000E+0
1.3428600E+2	6.7053146E+1	6.0385849E+1	0.0000000E+0	0.0000000E+0	1.0000000E+2	0.0000000E+0
1.3433600E+2	6.7031093E+1	6.0387432E+1	0.0000000E+0	0.0000000E+0	1.0000000E+2	0.0000000E+0
1.3438700E+2	6.7017797E+1	6.0388677E+1	0.0000000E+0	0.0000000E+0	1.0000000E+2	0.0000000E+0
1.3443800E+2	6.7010545E+1	6.0376485E+1	0.0000000E+0	0.0000000E+0	1.0000000E+2	0.0000000E+0
1.3448800E+2	6.7010811E+1	6.0391463E+1	0.0000000E+0	0.0000000E+0	1.0000000E+2	0.0000000E+0
1.3453800E+2	6.6999697E+1	6.0379054E+1	0.0000000E+0	0.0000000E+0	1.0000000E+2	0.0000000E+0
1.3458800E+2	6.6955989E+1	6.0368213E+1	0.0000000E+0	0.0000000E+0	1.0000000E+2	0.0000000E+0
1.3463800E+2	6.6940300E+1	6.0367349E+1	0.0000000E+0	0.0000000E+0	1.0000000E+2	0.0000000E+0
1.3468800E+2	6.6928282E+1	6.0362267E+1	0.0000000E+0	0.0000000E+0	1.0000000E+2	0.0000000E+0
1.3473800E+2	6.6892617E+1	6.0358846E+1	0.0000000E+0	0.0000000E+0	1.0000000E+2	0.0000000E+0
1.3478800E+2	6.6887353E+1	6.0375567E+1	0.0000000E+0	0.0000000E+0	1.0000000E+2	0.0000000E+0
1.3483800E+2	6.6883453E+1	6.0382509E+1	0.0000000E+0	0.0000000E+0	1.0000000E+2	0.0000000E+0
1.3488800E+2	6.6849328E+1	6.0362727E+1	0.0000000E+0	0.0000000E+0	1.0000000E+2	0.0000000E+0
1.3493800E+2	6.6838055E+1	6.0382283E+1	0.0000000E+0	0.0000000E+0	1.0000000E+2	0.0000000E+0
1.3498800E+2	6.6826419E+1	6.0368771E+1	0.0000000E+0	0.0000000E+0	1.0000000E+2	0.0000000E+0
1.3503800E+2	6.6828050E+1	6.0368773E+1	0.0000000E+0	0.0000000E+0	1.0000000E+2	0.0000000E+0
1.3508800E+2	6.6801269E+1	6.0377432E+1	0.0000000E+0	0.0000000E+0	1.0000000E+2	0.0000000E+0
1.3513800E+2	6.6781741E+1	6.0365587E+1	0.0000000E+0	0.0000000E+0	1.0000000E+2	0.0000000E+0
1.3518800E+2	6.6772546E+1	6.0344511E+1	0.0000000E+0	0.0000000E+0	1.0000000E+2	0.0000000E+0
1.3523800E+2	6.6785629E+1	6.0364466E+1	0.0000000E+0	0.0000000E+0	1.0000000E+2	0.0000000E+0
1.3528800E+2	6.6788392E+1	6.0360718E+1	0.0000000E+0	0.0000000E+0	1.0000000E+2	0.0000000E+0
1.3533800E+2	6.6781145E+1	6.0341225E+1	0.0000000E+0	0.0000000E+0	1.0000000E+2	0.0000000E+0
1.3538800E+2	6.6792327E+1	6.0353369E+1	0.0000000E+0	0.0000000E+0	1.0000000E+2	0.0000000E+0
1.3543800E+2	6.6787138E+1	6.0339956E+1	0.0000000E+0	0.0000000E+0	1.0000000E+2	0.0000000E+0
1.3548800E+2	6.6787697E+1	6.0368215E+1	0.0000000E+0	0.0000000E+0	1.0000000E+2	0.0000000E+0
1.3553800E+2	6.6796827E+1	6.0358772E+1	0.0000000E+0	0.0000000E+0	1.0000000E+2	0.0000000E+0
1.3558800E+2	6.6780400E+1	6.0341403E+1	0.0000000E+0	0.0000000E+0	1.0000000E+2	0.0000000E+0
1.3563800E+2	6.6817250E+1	6.0357037E+1	0.0000000E+0	0.0000000E+0	1.0000000E+2	0.0000000E+0
1.3568800E+2	6.6759971E+1	6.0366172E+1	0.0000000E+0	0.0000000E+0	1.0000000E+2	0.0000000E+0
1.3573800E+2	6.6726790E+1	6.0351993E+1	0.0000000E+0	0.0000000E+0	1.0000000E+2	0.0000000E+0
1.3578800E+2	6.6750282E+1	6.0357536E+1	0.0000000E+0	0.0000000E+0	1.0000000E+2	0.0000000E+0
1.3583800E+2	6.6786495E+1	6.0373619E+1	0.0000000E+0	0.0000000E+0	1.0000000E+2	0.0000000E+0
1.3588800E+2	6.6782841E+1	6.0361665E+1	0.0000000E+0	0.0000000E+0	1.0000000E+2	0.0000000E+0
1.3593800E+2	6.6798784E+1	6.0351391E+1	0.0000000E+0	0.0000000E+0	1.0000000E+2	0.0000000E+0
1.3598800E+2	6.6802002E+1	6.0356470E+1	0.0000000E+0	0.0000000E+0	1.0000000E+2	0.0000000E+0
1.3603800E+2	6.6795695E+1	6.0367078E+1	0.0000000E+0	0.0000000E+0	1.0000000E+2	0.0000000E+0
1.3608800E+2	6.6765927E+1	6.0351390E+1	0.0000000E+0	0.0000000E+0	1.0000000E+2	0.0000000E+0
1.3613900E+2	6.6764097E+1	6.0349203E+1	0.0000000E+0	0.0000000E+0	1.0000000E+2	0.0000000E+0
1.3618900E+2	6.6776549E+1	6.0353329E+1	0.0000000E+0	0.0000000E+0	1.0000000E+2	0.0000000E+0
1.3623900E+2	6.6803755E+1	6.0360259E+1	0.0000000E+0	0.0000000E+0	1.0000000E+2	0.0000000E+0
1.3628900E+2	6.6793888E+1	6.0350565E+1	0.0000000E+0	0.0000000E+0	1.0000000E+2	0.0000000E+0
1.3633900E+2	6.6804279E+1	6.0341507E+1	0.0000000E+0	0.0000000E+0	1.0000000E+2	0.0000000E+0
1.3638900E+2	6.6771288E+1	6.0330849E+1	0.0000000E+0	0.0000000E+0	1.0000000E+2	0.0000000E+0
1.3643900E+2	6.6753813E+1	6.0313618E+1	0.0000000E+0	0.0000000E+0	1.0000000E+2	0.0000000E+0
1.3648900E+2	6.6701412E+1	6.0318812E+1	0.0000000E+0	0.0000000E+0	1.0000000E+2	0.0000000E+0
1.3654000E+2	6.6725071E+1	6.0320120E+1	0.0000000E+0	0.0000000E+0	1.0000000E+2	0.0000000E+0
1.3659000E+2	6.6754171E+1	6.0323098E+1	0.0000000E+0	0.0000000E+0	1.0000000E+2	0.0000000E+0
1.3664000E+2	6.6764247E+1	6.0331333E+1	0.0000000E+0	0.0000000E+0	1.0000000E+2	0.0000000E+0
1.3669000E+2	6.6773197E+1	6.0334576E+1	0.0000000E+0	0.0000000E+0	1.0000000E+2	0.0000000E+0
1.3674000E+2	6.6792071E+1	6.0345251E+1	0.0000000E+0	0.0000000E+0	1.0000000E+2	0.0000000E+0
1.3679000E+2	6.6785362E+1	6.0322742E+1	0.0000000E+0	0.0000000E+0	1.0000000E+2	0.0000000E+0
1.3684000E+2	6.6778172E+1	6.0319435E+1	0.0000000E+0	0.0000000E+0	1.0000000E+2	0.0000000E+0
1.3689000E+2	6.6790801E+1	6.0325598E+1	0.0000000E+0	0.0000000E+0	1.0000000E+2	0.0000000E+0
1.3694000E+2	6.6798980E+1	6.0315174E+1	0.0000000E+0	0.0000000E+0	1.0000000E+2	0.0000000E+0
1.3699000E+2	6.6789494E+1	6.0332419E+1	0.0000000E+0	0.0000000E+0	1.0000000E+2	0.0000000E+0
1.3704000E+2	6.6790944E+1	6.0323540E+1	0.0000000E+0	0.0000000E+0	1.0000000E+2	0.0000000E+0
1.3709100E+2	6.6806122E+1	6.0335997E+1	0.0000000E+0	0.0000000E+0	1.0000000E+2	0.0000000E+0
1.3714200E+2	6.6779097E+1	6.0348697E+1	0.0000000E+0	0.0000000E+0	1.0000000E+2	0.0000000E+0
1.3719300E+2	6.6743741E+1	6.0343930E+1	0.0000000E+0	0.0000000E+0	1.0000000E+2	0.0000000E+0
1.3724300E+2	6.6738812E+1	6.0338887E+1	0.0000000E+0	0.0000000E+0	1.0000000E+2	0.0000000E+0
1.3729300E+2	6.6731989E+1	6.0338159E+1	0.0000000E+0	0.0000000E+0	1.0000000E+2	0.0000000E+0
1.3734300E+2	6.6686217E+1	6.0349070E+1	0.0000000E+0	0.0000000E+0	1.0000000E+2	0.0000000E+0
1.3739300E+2	6.6686054E+1	6.0353714E+1	0.0000000E+0	0.0000000E+0	1.0000000E+2	0.0000000E+0
1.3744300E+2	6.6701784E+1	6.0352178E+1	0.0000000E+0	0.0000000E+0	1.0000000E+2	0.0000000E+0
1.3749300E+2	6.6706011E+1	6.0347094E+1	0.0000000E+0	0.0000000E+0	1.0000000E+2	0.0000000E+0
1.3754300E+2	6.6694202E+1	6.0334321E+1	0.0000000E+0	0.0000000E+0	1.0000000E+2	0.0000000E+0
1.3759300E+2	6.6685488E+1	6.0323282E+1	0.0000000E+0	0.0000000E+0	1.0000000E+2	0.0000000E+0
1.3764300E+2	6.6701638E+1	6.0339545E+1	0.0000000E+0	0.0000000E+0	1.0000000E+2	0.0000000E+0
1.3769400E+2	6.6716088E+1	6.0350742E+1	0.0000000E+0	0.0000000E+0	1.0000000E+2	0.0000000E+0
1.3774400E+2	6.6725868E+1	6.0347272E+1	0.0000000E+0	0.0000000E+0	1.0000000E+2	0.0000000E+0
1.3779400E+2	6.6733841E+1	6.0358801E+1	0.0000000E+0	0.0000000E+0	1.0000000E+2	0.0000000E+0
1.3784400E+2	6.6731884E+1	6.0348589E+1	0.0000000E+0	0.0000000E+0	1.0000000E+2	0.0000000E+0
1.3789400E+2	6.6741639E+1	6.0334006E+1	0.0000000E+0	0.0000000E+0	1.0000000E+2	0.0000000E+0
1.3794400E+2	6.6769320E+1	6.0346367E+1	0.0000000E+0	0.0000000E+0	1.0000000E+2	0.0000000E+0
1.3799400E+2	6.6800630E+1	6.0356985E+1	0.0000000E+0	0.0000000E+0	1.0000000E+2	0.0000000E+0
1.3804400E+2	6.6831354E+1	6.0362822E+1	0.0000000E+0	0.0000000E+0	1.0000000E+2	0.0000000E+0
1.3809400E+2	6.6831201E+1	6.0363867E+1	0.0000000E+0	0.0000000E+0	1.0000000E+2	0.0000000E+0
1.3814400E+2	6.6815860E+1	6.0357712E+1	0.0000000E+0	0.0000000E+0	1.0000000E+2	0.0000000E+0
1.3819400E+2	6.6790227E+1	6.0347838E+1	0.0000000E+0	0.0000000E+0	1.0000000E+2	0.0000000E+0
1.3824500E+2	6.6791934E+1	6.0352970E+1	0.0000000E+0	0.0000000E+0	1.0000000E+2	0.0000000E+0
1.3829500E+2	6.6754248E+1	6.0343020E+1	0.0000000E+0	0.0000000E+0	1.0000000E+2	0.0000000E+0
1.3834600E+2	6.6726950E+1	6.0327316E+1	0.0000000E+0	0.0000000E+0	1.0000000E+2	0.0000000E+0
1.3839600E+2	6.6708348E+1	6.0331415E+1	0.0000000E+0	0.0000000E+0	1.0000000E+2	0.0000000E+0
1.3844600E+2	6.6725481E+1	6.0335401E+1	0.0000000E+0	0.0000000E+0	1.0000000E+2	0.0000000E+0
1.3849600E+2	6.6755893E+1	6.0362627E+1	0.0000000E+0	0.0000000E+0	1.0000000E+2	0.0000000E+0
1.3854700E+2	6.6753160E+1	6.0355074E+1	0.0000000E+0	0.0000000E+0	1.0000000E+2	0.0000000E+0
1.3859700E+2	6.6737592E+1	6.0347342E+1	0.0000000E+0	0.0000000E+0	1.0000000E+2	0.0000000E+0
1.3864700E+2	6.6721258E+1	6.0337540E+1	0.0000000E+0	0.0000000E+0	1.0000000E+2	0.0000000E+0
1.3869800E+2	6.6699619E+1	6.0333746E+1	0.0000000E+0	0.0000000E+0	1.0000000E+2	0.0000000E+0
1.3874800E+2	6.6673263E+1	6.0347744E+1	0.0000000E+0	0.0000000E+0	1.0000000E+2	0.0000000E+0
1.3879900E+2	6.6599507E+1	6.0342193E+1	0.0000000E+0	0.0000000E+0	1.0000000E+2	0.0000000E+0
1.3884900E+2	6.6592749E+1	6.0340853E+1	0.0000000E+0	0.0000000E+0	1.0000000E+2	0.0000000E+0
1.3889900E+2	6.6588866E+1	6.0345715E+1	0.0000000E+0	0.0000000E+0	1.0000000E+2	0.0000000E+0
1.3894900E+2	6.6588583E+1	6.0344801E+1	0.0000000E+0	0.0000000E+0	1.0000000E+2	0.0000000E+0
1.3899900E+2	6.6581925E+1	6.0336197E+1	0.0000000E+0	0.0000000E+0	1.0000000E+2	0.0000000E+0
1.3905000E+2	6.6593675E+1	6.0343290E+1	0.0000000E+0	0.0000000E+0	1.0000000E+2	0.0000000E+0
1.3910000E+2	6.6590020E+1	6.0332617E+1	0.0000000E+0	0.0000000E+0	1.0000000E+2	0.0000000E+0
1.3915000E+2	6.6599387E+1	6.0348507E+1	0.0000000E+0	0.0000000E+0	1.0000000E+2	0.0000000E+0
1.3920100E+2	6.6586959E+1	6.0345954E+1	0.0000000E+0	0.0000000E+0	1.0000000E+2	0.0000000E+0
1.3925100E+2	6.6610502E+1	6.0348885E+1	0.0000000E+0	0.0000000E+0	1.0000000E+2	0.0000000E+0
1.3930100E+2	6.6601188E+1	6.0339182E+1	0.0000000E+0	0.0000000E+0	1.0000000E+2	0.0000000E+0
1.3935100E+2	6.6583287E+1	6.0341533E+1	0.0000000E+0	0.0000000E+0	1.0000000E+2	0.0000000E+0
1.3940100E+2	6.6569089E+1	6.0328364E+1	0.0000000E+0	0.0000000E+0	1.0000000E+2	0.0000000E+0
1.3945100E+2	6.6561592E+1	6.0326451E+1	0.0000000E+0	0.0000000E+0	1.0000000E+2	0.0000000E+0
1.3950100E+2	6.6556261E+1	6.0317842E+1	0.0000000E+0	0.0000000E+0	1.0000000E+2	0.0000000E+0
1.3955100E+2	6.6568468E+1	6.0327716E+1	0.0000000E+0	0.0000000E+0	1.0000000E+2	0.0000000E+0
1.3960100E+2	6.6574186E+1	6.0330943E+1	0.0000000E+0	0.0000000E+0	1.0000000E+2	0.0000000E+0
1.3965100E+2	6.6571304E+1	6.0322161E+1	0.0000000E+0	0.0000000E+0	1.0000000E+2	0.0000000E+0
1.3970100E+2	6.6549575E+1	6.0322425E+1	0.0000000E+0	0.0000000E+0	1.0000000E+2	0.0000000E+0
1.3975100E+2	6.6538176E+1	6.0318700E+1	0.0000000E+0	0.0000000E+0	1.0000000E+2	0.0000000E+0
1.3980100E+2	6.6550870E+1	6.0323568E+1	0.0000000E+0	0.0000000E+0	1.0000000E+2	0.0000000E+0
1.3985200E+2	6.6521092E+1	6.0326601E+1	0.0000000E+0	0.0000000E+0	1.0000000E+2	0.0000000E+0
1.3990200E+2	6.6514881E+1	6.0325735E+1	0.0000000E+0	0.0000000E+0	1.0000000E+2	0.0000000E+0
1.3995200E+2	6.6525089E+1	6.0319007E+1	0.0000000E+0	0.0000000E+0	1.0000000E+2	0.0000000E+0
1.4000200E+2	6.6534297E+1	6.0330441E+1	0.0000000E+0	0.0000000E+0	1.0000000E+2	0.0000000E+0
1.4005200E+2	6.6553651E+1	6.0325616E+1	0.0000000E+0	0.0000000E+0	1.0000000E+2	0.0000000E+0
1.4010200E+2	6.6564651E+1	6.0321817E+1	0.0000000E+0	0.0000000E+0	1.0000000E+2	0.0000000E+0
1.4015200E+2	6.6605879E+1	6.0322221E+1	0.0000000E+0	0.0000000E+0	1.0000000E+2	0.0000000E+0
1.4020200E+2	6.6582111E+1	6.0317598E+1	0.0000000E+0	0.0000000E+0	1.0000000E+2	0.0000000E+0
1.4025200E+2	6.6548005E+1	6.0318247E+1	0.0000000E+0	0.0000000E+0	1.0000000E+2	0.0000000E+0
1.4030200E+2	6.6558690E+1	6.0330373E+1	0.0000000E+0	0.0000000E+0	1.0000000E+2	0.0000000E+0
1.4035200E+2	6.6568471E+1	6.0322843E+1	0.0000000E+0	0.0000000E+0	1.0000000E+2	0.0000000E+0
1.4040200E+2	6.6568708E+1	6.0326605E+1	0.0000000E+0	0.0000000E+0	1.0000000E+2	0.0000000E+0
1.4045200E+2	6.6561501E+1	6.0320569E+1	0.0000000E+0	0.0000000E+0	1.0000000E+2	0.0000000E+0
1.4050200E+2	6.6560518E+1	6.0316302E+1	0.0000000E+0	0.0000000E+0	1.0000000E+2	0.0000000E+0
1.4055200E+2	6.6577824E+1	6.0332209E+1	0.0000000E+0	0.0000000E+0	1.0000000E+2	0.0000000E+0
1.4060200E+2	6.6576999E+1	6.0317640E+1	0.0000000E+0	0.0000000E+0	1.0000000E+2	0.0000000E+0
1.4065200E+2	6.6577624E+1	6.0317155E+1	0.0000000E+0	0.0000000E+0	1.0000000E+2	0.0000000E+0
1.4070200E+2	6.6599226E+1	6.0321766E+1	0.0000000E+0	0.0000000E+0	1.0000000E+2	0.0000000E+0
1.4075200E+2	6.6594652E+1	6.0307060E+1	0.0000000E+0	0.0000000E+0	1.0000000E+2	0.0000000E+0
1.4080200E+2	6.6600337E+1	6.0321015E+1	0.0000000E+0	0.0000000E+0	1.0000000E+2	0.0000000E+0
1.4085200E+2	6.6603602E+1	6.0301038E+1	0.0000000E+0	0.0000000E+0	1.0000000E+2	0.0000000E+0
1.4090200E+2	6.6597444E+1	6.0307520E+1	0.0000000E+0	0.0000000E+0	1.0000000E+2	0.0000000E+0
1.4095200E+2	6.6614890E+1	6.0307221E+1	0.0000000E+0	0.0000000E+0	1.0000000E+2	0.0000000E+0
1.4100200E+2	6.6625128E+1	6.0285390E+1	0.0000000E+0	0.0000000E+0	1.0000000E+2	0.0000000E+0
1.4105200E+2	6.6601685E+1	6.0274082E+1	0.0000000E+0	0.0000000E+0	1.0000000E+2	0.0000000E+0
1.4110200E+2	6.6619741E+1	6.0266452E+1	0.0000000E+0	0.0000000E+0	1.0000000E+2	0.0000000E+0
1.4115200E+2	6.6646023E+1	6.0270425E+1	0.0000000E+0	0.0000000E+0	1.0000000E+2	0.0000000E+0
1.4120200E+2	6.6652119E+1	6.0269071E+1	0.0000000E+0	0.0000000E+0	1.0000000E+2	0.0000000E+0
1.4125200E+2	6.6668276E+1	6.0275410E+1	0.0000000E+0	0.0000000E+0	1.0000000E+2	0.0000000E+0
1.4130200E+2	6.6674451E+1	6.0264698E+1	0.0000000E+0	0.0000000E+0	1.0000000E+2	0.0000000E+0
1.4135200E+2	6.6686303E+1	6.0261619E+1	0.0000000E+0	0.0000000E+0	1.0000000E+2	0.0000000E+0
1.4140200E+2	6.6695247E+1	6.0261042E+1	0.0000000E+0	0.0000000E+0	1.0000000E+2	0.0000000E+0
1.4145300E+2	6.6725953E+1	6.0270555E+1	0.0000000E+0	0.0000000E+0	1.0000000E+2	0.0000000E+0
1.4150300E+2	6.6714372E+1	6.0251335E+1	0.0000000E+0	0.0000000E+0	1.0000000E+2	0.0000000E+0
1.4155400E+2	6.6714289E+1	6.0256657E+1	0.0000000E+0	0.0000000E+0	1.0000000E+2	0.0000000E+0
1.4160400E+2	6.6729554E+1	6.0253948E+1	0.0000000E+0	0.0000000E+0	1.0000000E+2	0.0000000E+0
1.4165500E+2	6.6710048E+1	6.0247044E+1	0.0000000E+0	0.0000000E+0	1.0000000E+2	0.0000000E+0
1.4170500E+2	6.6703181E+1	6.0255575E+1	0.0000000E+0	0.0000000E+0	1.0000000E+2	0.0000000E+0
1.4175500E+2	6.6678218E+1	6.0238542E+1	0.0000000E+0	0.0000000E+0	1.0000000E+2	0.0000000E+0
1.4180500E+2	6.6627652E+1	6.0239979E+1	0.0000000E+0	0.0000000E+0	1.0000000E+2	0.0000000E+0
1.4185600E+2	6.6631547E+1	6.0254253E+1	0.0000000E+0	0.0000000E+0	1.0000000E+2	0.0000000E+0
1.4190600E+2	6.6643756E+1	6.0242599E+1	0.0000000E+0	0.0000000E+0	1.0000000E+2	0.0000000E+0
1.4195600E+2	6.6670554E+1	6.0257638E+1	0.0000000E+0	0.0000000E+0	1.0000000E+2	0.0000000E+0
1.4200600E+2	6.6690485E+1	6.0267418E+1	0.0000000E+0	0.0000000E+0	1.0000000E+2	0.0000000E+0
1.4205600E+2	6.6673251E+1	6.0262152E+1	0.0000000E+0	0.0000000E+0	1.0000000E+2	0.0000000E+0
1.4210600E+2	6.6668178E+1	6.0277961E+1	0.0000000E+0	0.0000000E+0	1.0000000E+2	0.0000000E+0
1.4215600E+2	6.6671674E+1	6.0277364E+1	0.0000000E+0	0.0000000E+0	1.0000000E+2	0.0000000E+0
1.4220600E+2	6.6680131E+1	6.0275054E+1	0.0000000E+0	0.0000000E+0	1.0000000E+2	0.0000000E+0
1.4225600E+2	6.6687877E+1	6.0269848E+1	0.0000000E+0	0.0000000E+0	1.0000000E+2	0.0000000E+0
1.4230600E+2	6.6701568E+1	6.0279901E+1	0.0000000E+0	0.0000000E+0	1.0000000E+2	0.0000000E+0
1.4235600E+2	6.6721020E+1	6.0305188E+1	0.0000000E+0	0.0000000E+0	1.0000000E+2	0.0000000E+0
1.4240600E+2	6.6706335E+1	6.0295598E+1	0.0000000E+0	0.0000000E+0	1.0000000E+2	0.0000000E+0
1.4245700E+2	6.6680813E+1	6.0288080E+1	0.0000000E+0	0.0000000E+0	1.0000000E+2	0.0000000E+0
1.4250700E+2	6.6691512E+1	6.0289731E+1	0.0000000E+0	0.0000000E+0	1.0000000E+2	0.0000000E+0
1.4255800E+2	6.6688656E+1	6.0290755E+1	0.0000000E+0	0.0000000E+0	1.0000000E+2	0.0000000E+0
1.4260800E+2	6.6668154E+1	6.0299796E+1	0.0000000E+0	0.0000000E+0	1.0000000E+2	0.0000000E+0
1.4265800E+2	6.6675245E+1	6.0300574E+1	0.0000000E+0	0.0000000E+0	1.0000000E+2	0.0000000E+0
1.4271000E+2	6.6684309E+1	6.0315868E+1	0.0000000E+0	0.0000000E+0	1.0000000E+2	0.0000000E+0
1.4276000E+2	6.6679715E+1	6.0319556E+1	0.0000000E+0	0.0000000E+0	1.0000000E+2	0.0000000E+0
1.4281000E+2	6.6665932E+1	6.0313131E+1	0.0000000E+0	0.0000000E+0	1.0000000E+2	0.0000000E+0
1.4286000E+2	6.6675550E+1	6.0308427E+1	0.0000000E+0	0.0000000E+0	1.0000000E+2	0.0000000E+0
1.4291000E+2	6.6684011E+1	6.0316122E+1	0.0000000E+0	0.0000000E+0	1.0000000E+2	0.0000000E+0
1.4296000E+2	6.6694616E+1	6.0300417E+1	0.0000000E+0	0.0000000E+0	1.0000000E+2	0.0000000E+0
1.4301000E+2	6.6703165E+1	6.0307276E+1	0.0000000E+0	0.0000000E+0	1.0000000E+2	0.0000000E+0
1.4306000E+2	6.6708686E+1	6.0316364E+1	0.0000000E+0	0.0000000E+0	1.0000000E+2	0.0000000E+0
1.4311000E+2	6.6715335E+1	6.0319738E+1	0.0000000E+0	0.0000000E+0	1.0000000E+2	0.0000000E+0
1.4316000E+2	6.6702045E+1	6.0308038E+1	0.0000000E+0	0.0000000E+0	1.0000000E+2	0.0000000E+0
1.4321000E+2	6.6707588E+1	6.0311683E+1	0.0000000E+0	0.0000000E+0	1.0000000E+2	0.0000000E+0
1.4326000E+2	6.6715828E+1	6.0302601E+1	0.0000000E+0	0.0000000E+0	1.0000000E+2	0.0000000E+0
1.4331000E+2	6.6732330E+1	6.0299206E+1	0.0000000E+0	0.0000000E+0	1.0000000E+2	0.0000000E+0
1.4336100E+2	6.6733244E+1	6.0311128E+1	0.0000000E+0	0.0000000E+0	1.0000000E+2	0.0000000E+0
1.4341200E+2	6.6726636E+1	6.0334659E+1	0.0000000E+0	0.0000000E+0	1.0000000E+2	0.0000000E+0
1.4346200E+2	6.6672420E+1	6.0327360E+1	0.0000000E+0	0.0000000E+0	1.0000000E+2	0.0000000E+0
1.4351300E+2	6.6662007E+1	6.0313970E+1	0.0000000E+0	0.0000000E+0	1.0000000E+2	0.0000000E+0
1.4356300E+2	6.6669299E+1	6.0309311E+1	0.0000000E+0	0.0000000E+0	1.0000000E+2	0.0000000E+0
1.4361400E+2	6.6686626E+1	6.0326672E+1	0.0000000E+0	0.0000000E+0	1.0000000E+2	0.0000000E+0
1.4366400E+2	6.6656734E+1	6.0312645E+1	0.0000000E+0	0.0000000E+0	1.0000000E+2	0.0000000E+0
1.4371400E+2	6.6679235E+1	6.0325275E+1	0.0000000E+0	0.0000000E+0	1.0000000E+2	0.0000000E+0
1.4376500E+2	6.6675810E+1	6.0331711E+1	0.0000000E+0	0.0000000E+0	1.0000000E+2	0.0000000E+0
1.4381500E+2	6.6672351E+1	6.0352709E+1	0.0000000E+0	0.0000000E+0	1.0000000E+2	0.0000000E+0
1.4386500E+2	6.6669802E+1	6.0355323E+1	0.0000000E+0	0.0000000E+0	1.0000000E+2	0.0000000E+0
1.4391500E+2	6.6659781E+1	6.0344517E+1	0.0000000E+0	0.0000000E+0	1.0000000E+2	0.0000000E+0
1.4396500E+2	6.6646064E+1	6.0343790E+1	0.0000000E+0	0.0000000E+0	1.0000000E+2	0.0000000E+0
1.4401500E+2	6.6634293E+1	6.0331831E+1	0.0000000E+0	0.0000000E+0	1.0000000E+2	0.0000000E+0
1.4406500E+2	6.6653536E+1	6.0350728E+1	0.0000000E+0	0.0000000E+0	1.0000000E+2	0.0000000E+0
1.4411600E+2	6.6665937E+1	6.0349297E+1	0.0000000E+0	0.0000000E+0	1.0000000E+2	0.0000000E+0
1.4416600E+2	6.6637243E+1	6.0337353E+1	0.0000000E+0	0.0000000E+0	1.0000000E+2	0.0000000E+0
1.4421600E+2	6.6660776E+1	6.0354654E+1	0.0000000E+0	0.0000000E+0	1.0000000E+2	0.0000000E+0
1.4426600E+2	6.6662134E+1	6.0343886E+1	0.0000000E+0	0.0000000E+0	1.0000000E+2	0.0000000E+0
1.4431600E+2	6.6662424E+1	6.0351253E+1	0.0000000E+0	0.0000000E+0	1.0000000E+2	0.0000000E+0
1.4436600E+2	6.6663903E+1	6.0343550E+1	0.0000000E+0	0.0000000E+0	1.0000000E+2	0.0000000E+0
1.4441600E+2	6.6662748E+1	6.0316749E+1	0.0000000E+0	0.0000000E+0	1.0000000E+2	0.0000000E+0
1.4446600E+2	6.6683533E+1	6.0345123E+1	0.0000000E+0	0.0000000E+0	1.0000000E+2	0.0000000E+0
1.4451600E+2	6.6716944E+1	6.0361203E+1	0.0000000E+0	0.0000000E+0	1.0000000E+2	0.0000000E+0
1.4456600E+2	6.6687839E+1	6.0334828E+1	0.0000000E+0	0.0000000E+0	1.0000000E+2	0.0000000E+0
1.4461600E+2	6.6678353E+1	6.0337702E+1	0.0000000E+0	0.0000000E+0	1.0000000E+2	0.0000000E+0
1.4466700E+2	6.6668946E+1	6.0350805E+1	0.0000000E+0	0.0000000E+0	1.0000000E+2	0.0000000E+0
1.4471700E+2	6.6662610E+1	6.0331622E+1	0.0000000E+0	0.0000000E+0	1.0000000E+2	0.0000000E+0
1.4476700E+2	6.6646336E+1	6.0335708E+1	0.0000000E+0	0.0000000E+0	1.0000000E+2	0.0000000E+0
1.4481700E+2	6.6636972E+1	6.0326470E+1	0.0000000E+0	0.0000000E+0	1.0000000E+2	0.0000000E+0
1.4486700E+2	6.6602776E+1	6.0335808E+1	0.0000000E+0	0.0000000E+0	1.0000000E+2	0.0000000E+0
1.4491700E+2	6.6548235E+1	6.0338358E+1	0.0000000E+0	0.0000000E+0	1.0000000E+2	0.0000000E+0
1.4496700E+2	6.6532457E+1	6.0336128E+1	0.0000000E+0	0.0000000E+0	1.0000000E+2	0.0000000E+0
1.4501800E+2	6.6537841E+1	6.0350137E+1	0.0000000E+0	0.0000000E+0	1.0000000E+2	0.0000000E+0
1.4506800E+2	6.6565296E+1	6.0338381E+1	0.0000000E+0	0.0000000E+0	1.0000000E+2	0.0000000E+0
1.4511800E+2	6.6579840E+1	6.0334304E+1	0.0000000E+0	0.0000000E+0	1.0000000E+2	0.0000000E+0
1.4516800E+2	6.6594125E+1	6.0332663E+1	0.0000000E+0	0.0000000E+0	1.0000000E+2	0.0000000E+0
1.4521800E+2	6.6629746E+1	6.0342835E+1	0.0000000E+0	0.0000000E+0	1.0000000E+2	0.0000000E+0
1.4526800E+2	6.6608505E+1	6.0336167E+1	0.0000000E+0	0.0000000E+0	1.0000000E+2	0.0000000E+0
1.4531800E+2	6.6610235E+1	6.0337692E+1	0.0000000E+0	0.0000000E+0	1.0000000E+2	0.0000000E+0
1.4536800E+2	6.6630692E+1	6.0334697E+1	0.0000000E+0	0.0000000E+0	1.0000000E+2	0.0000000E+0
1.4541800E+2	6.6641961E+1	6.0317378E+1	0.0000000E+0	0.0000000E+0	1.0000000E+2	0.0000000E+0
1.4546800E+2	6.6636596E+1	6.0320527E+1	0.0000000E+0	0.0000000E+0	1.0000000E+2	0.0000000E+0
1.4551800E+2	6.6641805E+1	6.0324274E+1	0.0000000E+0	0.0000000E+0	1.0000000E+2	0.0000000E+0
1.4556900E+2	6.6652576E+1	6.0311650E+1	0.0000000E+0	0.0000000E+0	1.0000000E+2	0.0000000E+0
1.4561900E+2	6.6682978E+1	6.0317992E+1	0.0000000E+0	0.0000000E+0	1.0000000E+2	0.0000000E+0
1.4566900E+2	6.6694987E+1	6.0340293E+1	0.0000000E+0	0.0000000E+0	1.0000000E+2	0.0000000E+0
1.4571900E+2	6.6696765E+1	6.0314358E+1	0.0000000E+0	0.0000000E+0	1.0000000E+2	0.0000000E+0
1.4576900E+2	6.6709089E+1	6.0329834E+1	0.0000000E+0	0.0000000E+0	1.0000000E+2	0.0000000E+0
1.4581900E+2	6.6729421E+1	6.0305589E+1	0.0000000E+0	0.0000000E+0	1.0000000E+2	0.0000000E+0
1.4586900E+2	6.6733978E+1	6.0310806E+1	0.0000000E+0	0.0000000E+0	1.0000000E+2	0.0000000E+0
1.4591900E+2	6.6760726E+1	6.0315446E+1	0.0000000E+0	0.0000000E+0	1.0000000E+2	0.0000000E+0
1.4596900E+2	6.6742268E+1	6.0315406E+1	0.0000000E+0	0.0000000E+0	1.0000000E+2	0.0000000E+0
1.4601900E+2	6.6753426E+1	6.0318447E+1	0.0000000E+0	0.0000000E+0	1.0000000E+2	0.0000000E+0
1.4607000E+2	6.6762910E+1	6.0325410E+1	0.0000000E+0	0.0000000E+0	1.0000000E+2	0.0000000E+0
1.4612000E+2	6.6752116E+1	6.0325661E+1	0.0000000E+0	0.0000000E+0	1.0000000E+2	0.0000000E+0
1.4617100E+2	6.6747028E+1	6.0332082E+1	0.0000000E+0	0.0000000E+0	1.0000000E+2	0.0000000E+0
1.4622100E+2	6.6729057E+1	6.0335191E+1	0.0000000E+0	0.0000000E+0	1.0000000E+2	0.0000000E+0
1.4627100E+2	6.6752094E+1	6.0346379E+1	0.0000000E+0	0.0000000E+0	1.0000000E+2	0.0000000E+0
1.4632100E+2	6.6761034E+1	6.0357906E+1	0.0000000E+0	0.0000000E+0	1.0000000E+2	0.0000000E+0
1.4637100E+2	6.6741740E+1	6.0368625E+1	0.0000000E+0	0.0000000E+0	1.0000000E+2	0.0000000E+0
1.4642100E+2	6.6676663E+1	6.0346258E+1	0.0000000E+0	0.0000000E+0	1.0000000E+2	0.0000000E+0
1.4647100E+2	6.6647996E+1	6.0344045E+1	0.0000000E+0	0.0000000E+0	1.0000000E+2	0.0000000E+0
1.4652100E+2	6.6638569E+1	6.0329932E+1	0.0000000E+0	0.0000000E+0	1.0000000E+2	0.0000000E+0
1.4657100E+2	6.6650552E+1	6.0333755E+1	0.0000000E+0	0.0000000E+0	1.0000000E+2	0.0000000E+0
1.4662100E+2	6.6631737E+1	6.0315409E+1	0.0000000E+0	0.0000000E+0	1.0000000E+2	0.0000000E+0
1.4667200E+2	6.6637382E+1	6.0328512E+1	0.0000000E+0	0.0000000E+0	1.0000000E+2	0.0000000E+0
1.4672200E+2	6.6632745E+1	6.0337547E+1	0.0000000E+0	0.0000000E+0	1.0000000E+2	0.0000000E+0
1.4677200E+2	6.6644178E+1	6.0347742E+1	0.0000000E+0	0.0000000E+0	1.0000000E+2	0.0000000E+0
1.4682200E+2	6.6632963E+1	6.0332633E+1	0.0000000E+0	0.0000000E+0	1.0000000E+2	0.0000000E+0
1.4687200E+2	6.6606574E+1	6.0335697E+1	0.0000000E+0	0.0000000E+0	1.0000000E+2	0.0000000E+0
1.4692300E+2	6.6587343E+1	6.0334998E+1	0.0000000E+0	0.0000000E+0	1.0000000E+2	0.0000000E+0
1.4697300E+2	6.6599054E+1	6.0333651E+1	0.0000000E+0	0.0000000E+0	1.0000000E+2	0.0000000E+0
1.4702400E+2	6.6590557E+1	6.0324634E+1	0.0000000E+0	0.0000000E+0	1.0000000E+2	0.0000000E+0
1.4707400E+2	6.6609892E+1	6.0348084E+1	0.0000000E+0	0.0000000E+0	1.0000000E+2	0.0000000E+0
1.4712500E+2	6.6607822E+1	6.0349177E+1	0.0000000E+0	0.0000000E+0	1.0000000E+2	0.0000000E+0
1.4717500E+2	6.6601189E+1	6.0332236E+1	0.0000000E+0	0.0000000E+0	1.0000000E+2	0.0000000E+0
1.4722600E+2	6.6612957E+1	6.0335529E+1	0.0000000E+0	0.0000000E+0	1.0000000E+2	0.0000000E+0
1.4727600E+2	6.6599877E+1	6.0332931E+1	0.0000000E+0	0.0000000E+0	1.0000000E+2	0.0000000E+0
1.4732600E+2	6.6602593E+1	6.0336559E+1	0.0000000E+0	0.0000000E+0	1.0000000E+2	0.0000000E+0
1.4737700E+2	6.6593590E+1	6.0337177E+1	0.0000000E+0	0.0000000E+0	1.0000000E+2	0.0000000E+0
1.4742700E+2	6.6591526E+1	6.0324058E+1	0.0000000E+0	0.0000000E+0	1.0000000E+2	0.0000000E+0
1.4747700E+2	6.6589013E+1	6.0323289E+1	0.0000000E+0	0.0000000E+0	1.0000000E+2	0.0000000E+0
1.4752700E+2	6.6612661E+1	6.0327357E+1	0.0000000E+0	0.0000000E+0	1.0000000E+2	0.0000000E+0
1.4757700E+2	6.6617494E+1	6.0315361E+1	0.0000000E+0	0.0000000E+0	1.0000000E+2	0.0000000E+0
1.4762700E+2	6.6611615E+1	6.0324650E+1	0.0000000E+0	0.0000000E+0	1.0000000E+2	0.0000000E+0
1.4767700E+2	6.6642576E+1	6.0341154E+1	0.0000000E+0	0.0000000E+0	1.0000000E+2	0.0000000E+0
1.4772700E+2	6.6653841E+1	6.0344183E+1	0.0000000E+0	0.0000000E+0	1.0000000E+2	0.0000000E+0
1.4777800E+2	6.6620184E+1	6.0332552E+1	0.0000000E+0	0.0000000E+0	1.0000000E+2	0.0000000E+0
1.4782800E+2	6.6604641E+1	6.0319459E+1	0.0000000E+0	0.0000000E+0	1.0000000E+2	0.0000000E+0
1.4787800E+2	6.6613525E+1	6.0324301E+1	0.0000000E+0	0.0000000E+0	1.0000000E+2	0.0000000E+0
1.4792800E+2	6.6635043E+1	6.0326923E+1	0.0000000E+0	0.0000000E+0	1.0000000E+2	0.0000000E+0
1.4797800E+2	6.6618424E+1	6.0313740E+1	0.0000000E+0	0.0000000E+0	1.0000000E+2	0.0000000E+0
1.4802800E+2	6.6622744E+1	6.0314699E+1	0.0000000E+0	0.0000000E+0	1.0000000E+2	0.0000000E+0
1.4807800E+2	6.6613013E+1	6.0317242E+1	0.0000000E+0	0.0000000E+0	1.0000000E+2	0.0000000E+0
1.4812800E+2	6.6630398E+1	6.0337552E+1	0.0000000E+0	0.0000000E+0	1.0000000E+2	0.0000000E+0
1.4817800E+2	6.6630524E+1	6.0324001E+1	0.0000000E+0	0.0000000E+0	1.0000000E+2	0.0000000E+0
1.4822800E+2	6.6634933E+1	6.0338461E+1	0.0000000E+0	0.0000000E+0	1.0000000E+2	0.0000000E+0
1.4827800E+2	6.6605551E+1	6.0324675E+1	0.0000000E+0	0.0000000E+0	1.0000000E+2	0.0000000E+0
1.4832800E+2	6.6578815E+1	6.0311987E+1	0.0000000E+0	0.0000000E+0	1.0000000E+2	0.0000000E+0
1.4837900E+2	6.6552984E+1	6.0316193E+1	0.0000000E+0	0.0000000E+0	1.0000000E+2	0.0000000E+0
1.4842900E+2	6.6558421E+1	6.0325686E+1	0.0000000E+0	0.0000000E+0	1.0000000E+2	0.0000000E+0
1.4847900E+2	6.6559122E+1	6.0333651E+1	0.0000000E+0	0.0000000E+0	1.0000000E+2	0.0000000E+0
1.4852900E+2	6.6558854E+1	6.0331442E+1	0.0000000E+0	0.0000000E+0	1.0000000E+2	0.0000000E+0
1.4857900E+2	6.6561547E+1	6.0334412E+1	0.0000000E+0	0.0000000E+0	1.0000000E+2	0.0000000E+0
1.4862900E+2	6.6567248E+1	6.0343194E+1	0.0000000E+0	0.0000000E+0	1.0000000E+2	0.0000000E+0
1.4867900E+2	6.6563551E+1	6.0330655E+1	0.0000000E+0	0.0000000E+0	1.0000000E+2	0.0000000E+0
1.4872900E+2	6.6565350E+1	6.0329685E+1	0.0000000E+0	0.0000000E+0	1.0000000E+2	0.0000000E+0
1.4878000E+2	6.6586304E+1	6.0343127E+1	0.0000000E+0	0.0000000E+0	1.0000000E+2	0.0000000E+0
1.4883000E+2	6.6592946E+1	6.0344728E+1	0.0000000E+0	0.0000000E+0	1.0000000E+2	0.0000000E+0
1.4888000E+2	6.6603734E+1	6.0346681E+1	0.0000000E+0	0.0000000E+0	1.0000000E+2	0.0000000E+0
1.4893000E+2	6.6589359E+1	6.0344552E+1	0.0000000E+0	0.0000000E+0	1.0000000E+2	0.0000000E+0
1.4898000E+2	6.6584294E+1	6.0348245E+1	0.0000000E+0	0.0000000E+0	1.0000000E+2	0.0000000E+0
1.4903000E+2	6.6581558E+1	6.0345768E+1	0.0000000E+0	0.0000000E+0	1.0000000E+2	0.0000000E+0
1.4908000E+2	6.6534696E+1	6.0357192E+1	0.0000000E+0	0.0000000E+0	1.0000000E+2	0.0000000E+0
1.4913000E+2	6.6517302E+1	6.0343767E+1	0.0000000E+0	0.0000000E+0	1.0000000E+2	0.0000000E+0
1.4918000E+2	6.6539976E+1	6.0351196E+1	0.0000000E+0	0.0000000E+0	1.0000000E+2	0.0000000E+0
1.4923000E+2	6.6564543E+1	6.0364244E+1	0.0000000E+0	0.0000000E+0	1.0000000E+2	0.0000000E+0
1.4928000E+2	6.6575613E+1	6.0356157E+1	0.0000000E+0	0.0000000E+0	1.0000000E+2	0.0000000E+0
1.4933000E+2	6.6573312E+1	6.0360378E+1	0.0000000E+0	0.0000000E+0	1.0000000E+2	0.0000000E+0
1.4938100E+2	6.6584052E+1	6.0383784E+1	0.0000000E+0	0.0000000E+0	1.0000000E+2	0.0000000E+0
1.4943100E+2	6.6592399E+1	6.0370742E+1	0.0000000E+0	0.0000000E+0	1.0000000E+2	0.0000000E+0
1.4948100E+2	6.6584277E+1	6.0361880E+1	0.0000000E+0	0.0000000E+0	1.0000000E+2	0.0000000E+0
1.4953100E+2	6.6577461E+1	6.0364111E+1	0.0000000E+0	0.0000000E+0	1.0000000E+2	0.0000000E+0
1.4958100E+2	6.6564527E+1	6.0341572E+1	0.0000000E+0	0.0000000E+0	1.0000000E+2	0.0000000E+0
1.4963200E+2	6.6581457E+1	6.0360774E+1	0.0000000E+0	0.0000000E+0	1.0000000E+2	0.0000000E+0
1.4968300E+2	6.6598560E+1	6.0360026E+1	0.0000000E+0	0.0000000E+0	1.0000000E+2	0.0000000E+0
1.4973300E+2	6.6602267E+1	6.0349766E+1	0.0000000E+0	0.0000000E+0	1.0000000E+2	0.0000000E+0
1.4978300E+2	6.6604346E+1	6.0348943E+1	0.0000000E+0	0.0000000E+0	1.0000000E+2	0.0000000E+0
1.4983300E+2	6.6629215E+1	6.0370922E+1	0.0000000E+0	0.0000000E+0	1.0000000E+2	0.0000000E+0
1.4988300E+2	6.6608732E+1	6.0362343E+1	0.0000000E+0	0.0000000E+0	1.0000000E+2	0.0000000E+0
1.4993400E+2	6.6610327E+1	6.0358626E+1	0.0000000E+0	0.0000000E+0	1.0000000E+2	0.0000000E+0
1.4998500E+2	6.6603814E+1	6.0352291E+1	0.0000000E+0	0.0000000E+0	1.0000000E+2	0.0000000E+0
1.5003600E+2	6.6576073E+1	6.0354346E+1	0.0000000E+0	0.0000000E+0	1.0000000E+2	0.0000000E+0
1.5008600E+2	6.6573673E+1	6.0347024E+1	0.0000000E+0	0.0000000E+0	1.0000000E+2	0.0000000E+0
1.5013700E+2	6.6574449E+1	6.0347302E+1	0.0000000E+0	0.0000000E+0	1.0000000E+2	0.0000000E+0
1.5018700E+2	6.6559913E+1	6.0348099E+1	0.0000000E+0	0.0000000E+0	1.0000000E+2	0.0000000E+0
1.5023700E+2	6.6559633E+1	6.0348814E+1	0.0000000E+0	0.0000000E+0	1.0000000E+2	0.0000000E+0
1.5028700E+2	6.6558105E+1	6.0349605E+1	0.0000000E+0	0.0000000E+0	1.0000000E+2	0.0000000E+0
1.5033700E+2	6.6569458E+1	6.0363226E+1	0.0000000E+0	0.0000000E+0	1.0000000E+2	0.0000000E+0
1.5038700E+2	6.6549567E+1	6.0351094E+1	0.0000000E+0	0.0000000E+0	1.0000000E+2	0.0000000E+0
1.5043700E+2	6.6525315E+1	6.0345629E+1	0.0000000E+0	0.0000000E+0	1.0000000E+2	0.0000000E+0
1.5048700E+2	6.6527337E+1	6.0363971E+1	0.0000000E+0	0.0000000E+0	1.0000000E+2	0.0000000E+0
1.5053700E+2	6.6513909E+1	6.0345225E+1	0.0000000E+0	0.0000000E+0	1.0000000E+2	0.0000000E+0
1.5058700E+2	6.6518873E+1	6.0347188E+1	0.0000000E+0	0.0000000E+0	1.0000000E+2	0.0000000E+0
1.5063800E+2	6.6546576E+1	6.0367245E+1	0.0000000E+0	0.0000000E+0	1.0000000E+2	0.0000000E+0
1.5068900E+2	6.6577396E+1	6.0369748E+1	0.0000000E+0	0.0000000E+0	1.0000000E+2	0.0000000E+0
1.5073900E+2	6.6540617E+1	6.0361585E+1	0.0000000E+0	0.0000000E+0	1.0000000E+2	0.0000000E+0
1.5078900E+2	6.6528743E+1	6.0370772E+1	0.0000000E+0	0.0000000E+0	1.0000000E+2	0.0000000E+0
1.5083900E+2	6.6524647E+1	6.0374261E+1	0.0000000E+0	0.0000000E+0	1.0000000E+2	0.0000000E+0
1.5088900E+2	6.6557159E+1	6.0381732E+1	0.0000000E+0	0.0000000E+0	1.0000000E+2	0.0000000E+0
1.5093900E+2	6.6591770E+1	6.0385300E+1	0.0000000E+0	0.0000000E+0	1.0000000E+2	0.0000000E+0
1.5098900E+2	6.6604658E+1	6.0399459E+1	0.0000000E+0	0.0000000E+0	1.0000000E+2	0.0000000E+0
1.5103900E+2	6.6618149E+1	6.0385835E+1	0.0000000E+0	0.0000000E+0	1.0000000E+2	0.0000000E+0
1.5108900E+2	6.6621185E+1	6.0380585E+1	0.0000000E+0	0.0000000E+0	1.0000000E+2	0.0000000E+0
1.5113900E+2	6.6642483E+1	6.0384562E+1	0.0000000E+0	0.0000000E+0	1.0000000E+2	0.0000000E+0
1.5118900E+2	6.6663488E+1	6.0386527E+1	0.0000000E+0	0.0000000E+0	1.0000000E+2	0.0000000E+0
1.5123900E+2	6.6668332E+1	6.0376052E+1	0.0000000E+0	0.0000000E+0	1.0000000E+2	0.0000000E+0
1.5128900E+2	6.6654029E+1	6.0372885E+1	0.0000000E+0	0.0000000E+0	1.0000000E+2	0.0000000E+0
1.5133900E+2	6.6660501E+1	6.0388121E+1	0.0000000E+0	0.0000000E+0	1.0000000E+2	0.0000000E+0
1.5138900E+2	6.6661356E+1	6.0391256E+1	0.0000000E+0	0.0000000E+0	1.0000000E+2	0.0000000E+0
1.5143900E+2	6.6661297E+1	6.0393128E+1	0.0000000E+0	0.0000000E+0	1.0000000E+2	0.0000000E+0
1.5148900E+2	6.6659059E+1	6.0385505E+1	0.0000000E+0	0.0000000E+0	1.0000000E+2	0.0000000E+0
1.5153900E+2	6.6646169E+1	6.0407728E+1	0.0000000E+0	0.0000000E+0	1.0000000E+2	0.0000000E+0
1.5158900E+2	6.6614534E+1	6.0387227E+1	0.0000000E+0	0.0000000E+0	1.0000000E+2	0.0000000E+0
1.5163900E+2	6.6575251E+1	6.0379786E+1	0.0000000E+0	0.0000000E+0	1.0000000E+2	0.0000000E+0
1.5168900E+2	6.6564412E+1	6.0384477E+1	0.0000000E+0	0.0000000E+0	1.0000000E+2	0.0000000E+0
1.5173900E+2	6.6540982E+1	6.0379351E+1	0.0000000E+0	0.0000000E+0	1.0000000E+2	0.0000000E+0
1.5178900E+2	6.6537219E+1	6.0376333E+1	0.0000000E+0	0.0000000E+0	1.0000000E+2	0.0000000E+0
1.5184000E+2	6.6534970E+1	6.0379261E+1	0.0000000E+0	0.0000000E+0	1.0000000E+2	0.0000000E+0
1.5189000E+2	6.6492612E+1	6.0367767E+1	0.0000000E+0	0.0000000E+0	1.0000000E+2	0.0000000E+0
1.5194000E+2	6.6458335E+1	6.0378623E+1	0.0000000E+0	0.0000000E+0	1.0000000E+2	0.0000000E+0
1.5199000E+2	6.6438682E+1	6.0372018E+1	0.0000000E+0	0.0000000E+0	1.0000000E+2	0.0000000E+0
1.5204000E+2	6.6426745E+1	6.0353017E+1	0.0000000E+0	0.0000000E+0	1.0000000E+2	0.0000000E+0
1.5209100E+2	6.6476983E+1	6.0372559E+1	0.0000000E+0	0.0000000E+0	1.0000000E+2	0.0000000E+0
1.5214100E+2	6.6499908E+1	6.0366082E+1	0.0000000E+0	0.0000000E+0	1.0000000E+2	0.0000000E+0
1.5219100E+2	6.6517721E+1	6.0369299E+1	0.0000000E+0	0.0000000E+0	1.0000000E+2	0.0000000E+0
1.5224100E+2	6.6533256E+1	6.0369696E+1	0.0000000E+0	0.0000000E+0	1.0000000E+2	0.0000000E+0
1.5229100E+2	6.6554227E+1	6.0388698E+1	0.0000000E+0	0.0000000E+0	1.0000000E+2	0.0000000E+0
1.5234100E+2	6.6549872E+1	6.0375637E+1	0.0000000E+0	0.0000000E+0	1.0000000E+2	0.0000000E+0
1.5239100E+2	6.6517336E+1	6.0371689E+1	0.0000000E+0	0.0000000E+0	1.0000000E+2	0.0000000E+0
1.5244100E+2	6.6509898E+1	6.0366350E+1	0.0000000E+0	0.0000000E+0	1.0000000E+2	0.0000000E+0
1.5249100E+2	6.6512917E+1	6.0367126E+1	0.0000000E+0	0.0000000E+0	1.0000000E+2	0.0000000E+0
1.5254100E+2	6.6505967E+1	6.0384311E+1	0.0000000E+0	0.0000000E+0	1.0000000E+2	0.0000000E+0
1.5259100E+2	6.6495597E+1	6.0372840E+1	0.0000000E+0	0.0000000E+0	1.0000000E+2	0.0000000E+0
1.5264100E+2	6.6482984E+1	6.0364995E+1	0.0000000E+0	0.0000000E+0	1.0000000E+2	0.0000000E+0
1.5269100E+2	6.6475071E+1	6.0349594E+1	0.0000000E+0	0.0000000E+0	1.0000000E+2	0.0000000E+0
1.5274100E+2	6.6494329E+1	6.0367323E+1	0.0000000E+0	0.0000000E+0	1.0000000E+2	0.0000000E+0
1.5279100E+2	6.6490522E+1	6.0362323E+1	0.0000000E+0	0.0000000E+0	1.0000000E+2	0.0000000E+0
1.5284100E+2	6.6494990E+1	6.0365486E+1	0.0000000E+0	0.0000000E+0	1.0000000E+2	0.0000000E+0
1.5289200E+2	6.6489026E+1	6.0359008E+1	0.0000000E+0	0.0000000E+0	1.0000000E+2	0.0000000E+0
1.5294200E+2	6.6465573E+1	6.0356241E+1	0.0000000E+0	0.0000000E+0	1.0000000E+2	0.0000000E+0
1.5299200E+2	6.6470665E+1	6.0357682E+1	0.0000000E+0	0.0000000E+0	1.0000000E+2	0.0000000E+0
1.5304200E+2	6.6475274E+1	6.0353418E+1	0.0000000E+0	0.0000000E+0	1.0000000E+2	0.0000000E+0
1.5309200E+2	6.6444673E+1	6.0329241E+1	0.0000000E+0	0.0000000E+0	1.0000000E+2	0.0000000E+0
1.5314200E+2	6.6403932E+1	6.0329307E+1	0.0000000E+0	0.0000000E+0	1.0000000E+2	0.0000000E+0
1.5319200E+2	6.6409043E+1	6.0342688E+1	0.0000000E+0	0.0000000E+0	1.0000000E+2	0.0000000E+0
1.5324200E+2	6.6401882E+1	6.0334217E+1	0.0000000E+0	0.0000000E+0	1.0000000E+2	0.0000000E+0
1.5329200E+2	6.6391409E+1	6.0325282E+1	0.0000000E+0	0.0000000E+0	1.0000000E+2	0.0000000E+0
1.5334200E+2	6.6414450E+1	6.0363519E+1	0.0000000E+0	0.0000000E+0	1.0000000E+2	0.0000000E+0
1.5339300E+2	6.6356591E+1	6.0349218E+1	0.0000000E+0	0.0000000E+0	1.0000000E+2	0.0000000E+0
1.5344300E+2	6.6339631E+1	6.0357584E+1	0.0000000E+0	0.0000000E+0	1.0000000E+2	0.0000000E+0
1.5349300E+2	6.6327836E+1	6.0346903E+1	0.0000000E+0	0.0000000E+0	1.0000000E+2	0.0000000E+0
1.5354300E+2	6.6344735E+1	6.0357030E+1	0.0000000E+0	0.0000000E+0	1.0000000E+2	0.0000000E+0
1.5359300E+2	6.6355846E+1	6.0376949E+1	0.0000000E+0	0.0000000E+0	1.0000000E+2	0.0000000E+0
1.5364300E+2	6.6363490E+1	6.0356010E+1	0.0000000E+0	0.0000000E+0	1.0000000E+2	0.0000000E+0
1.5369300E+2	6.6373366E+1	6.0354609E+1	0.0000000E+0	0.0000000E+0	1.0000000E+2	0.0000000E+0
1.5374300E+2	6.6400077E+1	6.0373188E+1	0.0000000E+0	0.0000000E+0	1.0000000E+2	0.0000000E+0
1.5379300E+2	6.6412608E+1	6.0370994E+1	0.0000000E+0	0.0000000E+0	1.0000000E+2	0.0000000E+0
1.5384300E+2	6.6411989E+1	6.0361383E+1	0.0000000E+0	0.0000000E+0	1.0000000E+2	0.0000000E+0
1.5389300E+2	6.6462159E+1	6.0368940E+1	0.0000000E+0	0.0000000E+0	1.0000000E+2	0.0000000E+0
1.5394300E+2	6.6501503E+1	6.0365928E+1	0.0000000E+0	0.0000000E+0	1.0000000E+2	0.0000000E+0
1.5399400E+2	6.6523638E+1	6.0376633E+1	0.0000000E+0	0.0000000E+0	1.0000000E+2	0.0000000E+0
1.5404500E+2	6.6510259E+1	6.0366687E+1	0.0000000E+0	0.0000000E+0	1.0000000E+2	0.0000000E+0
1.5409500E+2	6.6501073E+1	6.0370607E+1	0.0000000E+0	0.0000000E+0	1.0000000E+2	0.0000000E+0
1.5414500E+2	6.6502822E+1	6.0375303E+1	0.0000000E+0	0.0000000E+0	1.0000000E+2	0.0000000E+0
1.5419500E+2	6.6490089E+1	6.0366295E+1	0.0000000E+0	0.0000000E+0	1.0000000E+2	0.0000000E+0
1.5424500E+2	6.6488668E+1	6.0373349E+1	0.0000000E+0	0.0000000E+0	1.0000000E+2	0.0000000E+0
1.5429500E+2	6.6499801E+1	6.0377273E+1	0.0000000E+0	0.0000000E+0	1.0000000E+2	0.0000000E+0
1.5434500E+2	6.6492415E+1	6.0380444E+1	0.0000000E+0	0.0000000E+0	1.0000000E+2	0.0000000E+0
1.5439500E+2	6.6492435E+1	6.0382180E+1	0.0000000E+0	0.0000000E+0	1.0000000E+2	0.0000000E+0
1.5444500E+2	6.6493595E+1	6.0377536E+1	0.0000000E+0	0.0000000E+0	1.0000000E+2	0.0000000E+0
1.5449500E+2	6.6498617E+1	6.0371562E+1	0.0000000E+0	0.0000000E+0	1.0000000E+2	0.0000000E+0
1.5454500E+2	6.6525869E+1	6.0369474E+1	0.0000000E+0	0.0000000E+0	1.0000000E+2	0.0000000E+0
1.5459500E+2	6.6551269E+1	6.0373424E+1	0.0000000E+0	0.0000000E+0	1.0000000E+2	0.0000000E+0
1.5464500E+2	6.6568083E+1	6.0368933E+1	0.0000000E+0	0.0000000E+0	1.0000000E+2	0.0000000E+0
1.5469500E+2	6.6581414E+1	6.0364538E+1	0.0000000E+0	0.0000000E+0	1.0000000E+2	0.0000000E+0
1.5474500E+2	6.6598792E+1	6.0368404E+1	0.0000000E+0	0.0000000E+0	1.0000000E+2	0.0000000E+0
1.5479500E+2	6.6628279E+1	6.0371232E+1	0.0000000E+0	0.0000000E+0	1.0000000E+2	0.0000000E+0
1.5484600E+2	6.6654217E+1	6.0390276E+1	0.0000000E+0	0.0000000E+0	1.0000000E+2	0.0000000E+0
1.5489600E+2	6.6599650E+1	6.0387340E+1	0.0000000E+0	0.0000000E+0	1.0000000E+2	0.0000000E+0
1.5494600E+2	6.6591919E+1	6.0380747E+1	0.0000000E+0	0.0000000E+0	1.0000000E+2	0.0000000E+0
1.5499600E+2	6.6632395E+1	6.0390343E+1	0.0000000E+0	0.0000000E+0	1.0000000E+2	0.0000000E+0
1.5504600E+2	6.6644182E+1	6.0382612E+1	0.0000000E+0	0.0000000E+0	1.0000000E+2	0.0000000E+0
1.5509600E+2	6.6657986E+1	6.0400144E+1	0.0000000E+0	0.0000000E+0	1.0000000E+2	0.0000000E+0
1.5514600E+2	6.6669760E+1	6.0408122E+1	0.0000000E+0	0.0000000E+0	1.0000000E+2	0.0000000E+0
1.5519600E+2	6.6658808E+1	6.0405968E+1	0.0000000E+0	0.0000000E+0	1.0000000E+2	0.0000000E+0
1.5524600E+2	6.6656225E+1	6.0399987E+1	0.0000000E+0	0.0000000E+0	1.0000000E+2	0.0000000E+0
1.5529600E+2	6.6663098E+1	6.0416177E+1	0.0000000E+0	0.0000000E+0	1.0000000E+2	0.0000000E+0
1.5534700E+2	6.6683047E+1	6.0419244E+1	0.0000000E+0	0.0000000E+0	1.0000000E+2	0.0000000E+0
1.5539800E+2	6.6675903E+1	6.0416453E+1	0.0000000E+0	0.0000000E+0	1.0000000E+2	0.0000000E+0
1.5544800E+2	6.6670459E+1	6.0412771E+1	0.0000000E+0	0.0000000E+0	1.0000000E+2	0.0000000E+0
1.5549800E+2	6.6683981E+1	6.0418910E+1	0.0000000E+0	0.0000000E+0	1.0000000E+2	0.0000000E+0
1.5554800E+2	6.6678147E+1	6.0402035E+1	0.0000000E+0	0.0000000E+0	1.0000000E+2	0.0000000E+0
1.5559800E+2	6.6673057E+1	6.0397353E+1	0.0000000E+0	0.0000000E+0	1.0000000E+2	0.0000000E+0
1.5564800E+2	6.6672292E+1	6.0396379E+1	0.0000000E+0	0.0000000E+0	1.0000000E+2	0.0000000E+0
1.5569800E+2	6.6691776E+1	6.0399234E+1	0.0000000E+0	0.0000000E+0	1.0000000E+2	0.0000000E+0
1.5574800E+2	6.6677653E+1	6.0388170E+1	0.0000000E+0	0.0000000E+0	1.0000000E+2	0.0000000E+0
1.5579800E+2	6.6689599E+1	6.0386919E+1	0.0000000E+0	0.0000000E+0	1.0000000E+2	0.0000000E+0
1.5584800E+2	6.6690139E+1	6.0390150E+1	0.0000000E+0	0.0000000E+0	1.0000000E+2	0.0000000E+0
1.5589800E+2	6.6686603E+1	6.0389523E+1	0.0000000E+0	0.0000000E+0	1.0000000E+2	0.0000000E+0
1.5594800E+2	6.6680975E+1	6.0380684E+1	0.0000000E+0	0.0000000E+0	1.0000000E+2	0.0000000E+0
1.5599800E+2	6.6662435E+1	6.0361340E+1	0.0000000E+0	0.0000000E+0	1.0000000E+2	0.0000000E+0
1.5604800E+2	6.6624525E+1	6.0355999E+1	0.0000000E+0	0.0000000E+0	1.0000000E+2	0.0000000E+0
1.5609800E+2	6.6601436E+1	6.0356530E+1	0.0000000E+0	0.0000000E+0	1.0000000E+2	0.0000000E+0
1.5614800E+2	6.6571303E+1	6.0363641E+1	0.0000000E+0	0.0000000E+0	1.0000000E+2	0.0000000E+0
1.5619800E+2	6.6511644E+1	6.0359300E+1	0.0000000E+0	0.0000000E+0	1.0000000E+2	0.0000000E+0
1.5624800E+2	6.6484204E+1	6.0369188E+1	0.0000000E+0	0.0000000E+0	1.0000000E+2	0.0000000E+0
1.5629800E+2	6.6477815E+1	6.0378381E+1	0.0000000E+0	0.0000000E+0	1.0000000E+2	0.0000000E+0
1.5634800E+2	6.6466568E+1	6.0365295E+1	0.0000000E+0	0.0000000E+0	1.0000000E+2	0.0000000E+0
1.5639900E+2	6.6449811E+1	6.0375463E+1	0.0000000E+0	0.0000000E+0	1.0000000E+2	0.0000000E+0
1.5644900E+2	6.6460671E+1	6.0385984E+1	0.0000000E+0	0.0000000E+0	1.0000000E+2	0.0000000E+0
1.5649900E+2	6.6456344E+1	6.0386220E+1	0.0000000E+0	0.0000000E+0	1.0000000E+2	0.0000000E+0
1.5654900E+2	6.6438280E+1	6.0381479E+1	0.0000000E+0	0.0000000E+0	1.0000000E+2	0.0000000E+0
1.5659900E+2	6.6462204E+1	6.0396950E+1	0.0000000E+0	0.0000000E+0	1.0000000E+2	0.0000000E+0
1.5664900E+2	6.6450142E+1	6.0389174E+1	0.0000000E+0	0.0000000E+0	1.0000000E+2	0.0000000E+0
1.5669900E+2	6.6480855E+1	6.0402186E+1	0.0000000E+0	0.0000000E+0	1.0000000E+2	0.0000000E+0
1.5674900E+2	6.6483162E+1	6.0404973E+1	0.0000000E+0	0.0000000E+0	1.0000000E+2	0.0000000E+0
1.5679900E+2	6.6487459E+1	6.0413753E+1	0.0000000E+0	0.0000000E+0	1.0000000E+2	0.0000000E+0
1.5684900E+2	6.6473223E+1	6.0415384E+1	0.0000000E+0	0.0000000E+0	1.0000000E+2	0.0000000E+0
1.5690000E+2	6.6481097E+1	6.0407466E+1	0.0000000E+0	0.0000000E+0	1.0000000E+2	0.0000000E+0
1.5695000E+2	6.6476997E+1	6.0395630E+1	0.0000000E+0	0.0000000E+0	1.0000000E+2	0.0000000E+0
1.5700000E+2	6.6458922E+1	6.0396803E+1	0.0000000E+0	0.0000000E+0	1.0000000E+2	0.0000000E+0
1.5705100E+2	6.6459116E+1	6.0378486E+1	0.0000000E+0	0.0000000E+0	1.0000000E+2	0.0000000E+0
1.5710100E+2	6.6454156E+1	6.0366405E+1	0.0000000E+0	0.0000000E+0	1.0000000E+2	0.0000000E+0
1.5715100E+2	6.6458900E+1	6.0382797E+1	0.0000000E+0	0.0000000E+0	1.0000000E+2	0.0000000E+0
1.5720100E+2	6.6476171E+1	6.0381846E+1	0.0000000E+0	0.0000000E+0	1.0000000E+2	0.0000000E+0
1.5725100E+2	6.6472074E+1	6.0387413E+1	0.0000000E+0	0.0000000E+0	1.0000000E+2	0.0000000E+0
1.5730100E+2	6.6482178E+1	6.0389833E+1	0.0000000E+0	0.0000000E+0	1.0000000E+2	0.0000000E+0
1.5735100E+2	6.6477356E+1	6.0381172E+1	0.0000000E+0	0.0000000E+0	1.0000000E+2	0.0000000E+0
1.5740200E+2	6.6491720E+1	6.0404100E+1	0.0000000E+0	0.0000000E+0	1.0000000E+2	0.0000000E+0
1.5745200E+2	6.6423955E+1	6.0391535E+1	0.0000000E+0	0.0000000E+0	1.0000000E+2	0.0000000E+0
1.5750200E+2	6.6368490E+1	6.0382601E+1	0.0000000E+0	0.0000000E+0	1.0000000E+2	0.0000000E+0
1.5755300E+2	6.6361458E+1	6.0370738E+1	0.0000000E+0	0.0000000E+0	1.0000000E+2	0.0000000E+0
1.5760500E+2	6.6375443E+1	6.0385376E+1	0.0000000E+0	0.0000000E+0	1.0000000E+2	0.0000000E+0
1.5765600E+2	6.6360638E+1	6.0386234E+1	0.0000000E+0	0.0000000E+0	1.0000000E+2	0.0000000E+0
1.5770600E+2	6.6359854E+1	6.0398331E+1	0.0000000E+0	0.0000000E+0	1.0000000E+2	0.0000000E+0
1.5775600E+2	6.6345612E+1	6.0402271E+1	0.0000000E+0	0.0000000E+0	1.0000000E+2	0.0000000E+0
1.5780700E+2	6.6333323E+1	6.0404421E+1	0.0000000E+0	0.0000000E+0	1.0000000E+2	0.0000000E+0
1.5785700E+2	6.6262555E+1	6.0393024E+1	0.0000000E+0	0.0000000E+0	1.0000000E+2	0.0000000E+0
1.5790800E+2	6.6245743E+1	6.0393400E+1	0.0000000E+0	0.0000000E+0	1.0000000E+2	0.0000000E+0
1.5795800E+2	6.6247797E+1	6.0402563E+1	0.0000000E+0	0.0000000E+0	1.0000000E+2	0.0000000E+0
1.5800800E+2	6.6247780E+1	6.0392090E+1	0.0000000E+0	0.0000000E+0	1.0000000E+2	0.0000000E+0
1.5805800E+2	6.6247745E+1	6.0400691E+1	0.0000000E+0	0.0000000E+0	1.0000000E+2	0.0000000E+0
1.5810800E+2	6.6266296E+1	6.0394908E+1	0.0000000E+0	0.0000000E+0	1.0000000E+2	0.0000000E+0
1.5815800E+2	6.6271710E+1	6.0402527E+1	0.0000000E+0	0.0000000E+0	1.0000000E+2	0.0000000E+0
1.5820800E+2	6.6259220E+1	6.0402105E+1	0.0000000E+0	0.0000000E+0	1.0000000E+2	0.0000000E+0
1.5825800E+2	6.6265582E+1	6.0400214E+1	0.0000000E+0	0.0000000E+0	1.0000000E+2	0.0000000E+0
1.5830800E+2	6.6251600E+1	6.0396580E+1	0.0000000E+0	0.0000000E+0	1.0000000E+2	0.0000000E+0
1.5835800E+2	6.6228719E+1	6.0379317E+1	0.0000000E+0	0.0000000E+0	1.0000000E+2	0.0000000E+0
1.5840800E+2	6.6223866E+1	6.0396458E+1	0.0000000E+0	0.0000000E+0	1.0000000E+2	0.0000000E+0
1.5845900E+2	6.6235363E+1	6.0400517E+1	0.0000000E+0	0.0000000E+0	1.0000000E+2	0.0000000E+0
1.5850900E+2	6.6231754E+1	6.0395667E+1	0.0000000E+0	0.0000000E+0	1.0000000E+2	0.0000000E+0
1.5856000E+2	6.6238269E+1	6.0404369E+1	0.0000000E+0	0.0000000E+0	1.0000000E+2	0.0000000E+0
1.5861000E+2	6.6232701E+1	6.0402052E+1	0.0000000E+0	0.0000000E+0	1.0000000E+2	0.0000000E+0
1.5866100E+2	6.6234005E+1	6.0395315E+1	0.0000000E+0	0.0000000E+0	1.0000000E+2	0.0000000E+0
1.5871100E+2	6.6260046E+1	6.0407886E+1	0.0000000E+0	0.0000000E+0	1.0000000E+2	0.0000000E+0
1.5876200E+2	6.6246425E+1	6.0408904E+1	0.0000000E+0	0.0000000E+0	1.0000000E+2	0.0000000E+0
1.5881200E+2	6.6179280E+1	6.0406123E+1	0.0000000E+0	0.0000000E+0	1.0000000E+2	0.0000000E+0
1.5886200E+2	6.6169196E+1	6.0406333E+1	0.0000000E+0	0.0000000E+0	1.0000000E+2	0.0000000E+0
1.5891200E+2	6.6147524E+1	6.0402658E+1	0.0000000E+0	0.0000000E+0	1.0000000E+2	0.0000000E+0
1.5896200E+2	6.6121474E+1	6.0384173E+1	0.0000000E+0	0.0000000E+0	1.0000000E+2	0.0000000E+0
1.5901200E+2	6.6107065E+1	6.0390178E+1	0.0000000E+0	0.0000000E+0	1.0000000E+2	0.0000000E+0
1.5906200E+2	6.6133429E+1	6.0411928E+1	0.0000000E+0	0.0000000E+0	1.0000000E+2	0.0000000E+0
1.5911200E+2	6.6146906E+1	6.0403748E+1	0.0000000E+0	0.0000000E+0	1.0000000E+2	0.0000000E+0
1.5916200E+2	6.6143832E+1	6.0397180E+1	0.0000000E+0	0.0000000E+0	1.0000000E+2	0.0000000E+0
1.5921200E+2	6.6142860E+1	6.0392130E+1	0.0000000E+0	0.0000000E+0	1.0000000E+2	0.0000000E+0
1.5926200E+2	6.6164962E+1	6.0390505E+1	0.0000000E+0	0.0000000E+0	1.0000000E+2	0.0000000E+0
1.5931200E+2	6.6190556E+1	6.0396310E+1	0.0000000E+0	0.0000000E+0	1.0000000E+2	0.0000000E+0
1.5936200E+2	6.6178073E+1	6.0385047E+1	0.0000000E+0	0.0000000E+0	1.0000000E+2	0.0000000E+0
1.5941200E+2	6.6160694E+1	6.0393705E+1	0.0000000E+0	0.0000000E+0	1.0000000E+2	0.0000000E+0
1.5946200E+2	6.6161650E+1	6.0386679E+1	0.0000000E+0	0.0000000E+0	1.0000000E+2	0.0000000E+0
1.5951300E+2	6.6171216E+1	6.0383707E+1	0.0000000E+0	0.0000000E+0	1.0000000E+2	0.0000000E+0
1.5956400E+2	6.6176957E+1	6.0384562E+1	0.0000000E+0	0.0000000E+0	1.0000000E+2	0.0000000E+0
1.5961400E+2	6.6182008E+1	6.0382614E+1	0.0000000E+0	0.0000000E+0	1.0000000E+2	0.0000000E+0
1.5966400E+2	6.6174298E+1	6.0381305E+1	0.0000000E+0	0.0000000E+0	1.0000000E+2	0.0000000E+0
1.5971400E+2	6.6195962E+1	6.0382908E+1	0.0000000E+0	0.0000000E+0	1.0000000E+2	0.0000000E+0
1.5976400E+2	6.6205006E+1	6.0382494E+1	0.0000000E+0	0.0000000E+0	1.0000000E+2	0.0000000E+0
1.5981400E+2	6.6209304E+1	6.0385982E+1	0.0000000E+0	0.0000000E+0	1.0000000E+2	0.0000000E+0
1.5986400E+2	6.6209996E+1	6.0379615E+1	0.0000000E+0	0.0000000E+0	1.0000000E+2	0.0000000E+0
1.5991400E+2	6.6205409E+1	6.0376603E+1	0.0000000E+0	0.0000000E+0	1.0000000E+2	0.0000000E+0
1.5996400E+2	6.6209468E+1	6.0381350E+1	0.0000000E+0	0.0000000E+0	1.0000000E+2	0.0000000E+0
1.6001400E+2	6.6216311E+1	6.0372990E+1	0.0000000E+0	0.0000000E+0	1.0000000E+2	0.0000000E+0
1.6006400E+2	6.6236918E+1	6.0391511E+1	0.0000000E+0	0.0000000E+0	1.0000000E+2	0.0000000E+0
1.6011400E+2	6.6245494E+1	6.0397001E+1	0.0000000E+0	0.0000000E+0	1.0000000E+2	0.0000000E+0
1.6016400E+2	6.6186338E+1	6.0385834E+1	0.0000000E+0	0.0000000E+0	1.0000000E+2	0.0000000E+0
1.6021500E+2	6.6161484E+1	6.0379404E+1	0.0000000E+0	0.0000000E+0	1.0000000E+2	0.0000000E+0
1.6026600E+2	6.6172004E+1	6.0379101E+1	0.0000000E+0	0.0000000E+0	1.0000000E+2	0.0000000E+0
1.6031700E+2	6.6183614E+1	6.0376210E+1	0.0000000E+0	0.0000000E+0	1.0000000E+2	0.0000000E+0
1.6036800E+2	6.6204773E+1	6.0385761E+1	0.0000000E+0	0.0000000E+0	1.0000000E+2	0.0000000E+0
1.6041800E+2	6.6223987E+1	6.0382501E+1	0.0000000E+0	0.0000000E+0	1.0000000E+2	0.0000000E+0
1.6046800E+2	6.6238588E+1	6.0385118E+1	0.0000000E+0	0.0000000E+0	1.0000000E+2	0.0000000E+0
1.6051800E+2	6.6269649E+1	6.0395199E+1	0.0000000E+0	0.0000000E+0	1.0000000E+2	0.0000000E+0
1.6056800E+2	6.6283653E+1	6.0392969E+1	0.0000000E+0	0.0000000E+0	1.0000000E+2	0.0000000E+0
1.6061800E+2	6.6294290E+1	6.0395435E+1	0.0000000E+0	0.0000000E+0	1.0000000E+2	0.0000000E+0
1.6066800E+2	6.6309987E+1	6.0392618E+1	0.0000000E+0	0.0000000E+0	1.0000000E+2	0.0000000E+0
1.6071800E+2	6.6307041E+1	6.0394060E+1	0.0000000E+0	0.0000000E+0	1.0000000E+2	0.0000000E+0
1.6076800E+2	6.6326328E+1	6.0394812E+1	0.0000000E+0	0.0000000E+0	1.0000000E+2	0.0000000E+0
1.6081800E+2	6.6352625E+1	6.0388666E+1	0.0000000E+0	0.0000000E+0	1.0000000E+2	0.0000000E+0
1.6086800E+2	6.6361212E+1	6.0385919E+1	0.0000000E+0	0.0000000E+0	1.0000000E+2	0.0000000E+0
1.6091800E+2	6.6382650E+1	6.0388984E+1	0.0000000E+0	0.0000000E+0	1.0000000E+2	0.0000000E+0
1.6096800E+2	6.6421380E+1	6.0390085E+1	0.0000000E+0	0.0000000E+0	1.0000000E+2	0.0000000E+0
1.6101800E+2	6.6439747E+1	6.0380066E+1	0.0000000E+0	0.0000000E+0	1.0000000E+2	0.0000000E+0
1.6106800E+2	6.6460359E+1	6.0368474E+1	0.0000000E+0	0.0000000E+0	1.0000000E+2	0.0000000E+0
1.6111800E+2	6.6484818E+1	6.0363560E+1	0.0000000E+0	0.0000000E+0	1.0000000E+2	0.0000000E+0
1.6116800E+2	6.6536780E+1	6.0374834E+1	0.0000000E+0	0.0000000E+0	1.0000000E+2	0.0000000E+0
1.6121800E+2	6.6583181E+1	6.0387807E+1	0.0000000E+0	0.0000000E+0	1.0000000E+2	0.0000000E+0
1.6126800E+2	6.6629880E+1	6.0377709E+1	0.0000000E+0	0.0000000E+0	1.0000000E+2	0.0000000E+0
1.6131800E+2	6.6670397E+1	6.0371424E+1	0.0000000E+0	0.0000000E+0	1.0000000E+2	0.0000000E+0
1.6136800E+2	6.6716741E+1	6.0369780E+1	0.0000000E+0	0.0000000E+0	1.0000000E+2	0.0000000E+0
1.6141800E+2	6.6748701E+1	6.0364925E+1	0.0000000E+0	0.0000000E+0	1.0000000E+2	0.0000000E+0
1.6146800E+2	6.6785188E+1	6.0370258E+1	0.0000000E+0	0.0000000E+0	1.0000000E+2	0.0000000E+0
1.6151800E+2	6.6790699E+1	6.0376929E+1	0.0000000E+0	0.0000000E+0	1.0000000E+2	0.0000000E+0
1.6156800E+2	6.6769276E+1	6.0362912E+1	0.0000000E+0	0.0000000E+0	1.0000000E+2	0.0000000E+0
1.6161800E+2	6.6804298E+1	6.0370365E+1	0.0000000E+0	0.0000000E+0	1.0000000E+2	0.0000000E+0
1.6166800E+2	6.6832465E+1	6.0380704E+1	0.0000000E+0	0.0000000E+0	1.0000000E+2	0.0000000E+0
1.6171800E+2	6.6871606E+1	6.0366894E+1	0.0000000E+0	0.0000000E+0	1.0000000E+2	0.0000000E+0
1.6176800E+2	6.6906997E+1	6.0366283E+1	0.0000000E+0	0.0000000E+0	1.0000000E+2	0.0000000E+0
1.6181800E+2	6.6934995E+1	6.0362405E+1	0.0000000E+0	0.0000000E+0	1.0000000E+2	0.0000000E+0
1.6186800E+2	6.6988899E+1	6.0371641E+1	0.0000000E+0	0.0000000E+0	1.0000000E+2	0.0000000E+0
1.6191800E+2	6.7021389E+1	6.0391197E+1	0.0000000E+0	0.0000000E+0	1.0000000E+2	0.0000000E+0
1.6196800E+2	6.7025729E+1	6.0386608E+1	0.0000000E+0	0.0000000E+0	1.0000000E+2	0.0000000E+0
1.6201800E+2	6.7044135E+1	6.0390187E+1	0.0000000E+0	0.0000000E+0	1.0000000E+2	0.0000000E+0
1.6206800E+2	6.7042382E+1	6.0385513E+1	0.0000000E+0	0.0000000E+0	1.0000000E+2	0.0000000E+0
1.6211800E+2	6.7065123E+1	6.0373273E+1	0.0000000E+0	0.0000000E+0	1.0000000E+2	0.0000000E+0
1.6216800E+2	6.7077331E+1	6.0388095E+1	0.0000000E+0	0.0000000E+0	1.0000000E+2	0.0000000E+0
1.6221800E+2	6.7105956E+1	6.0386531E+1	0.0000000E+0	0.0000000E+0	1.0000000E+2	0.0000000E+0
1.6226800E+2	6.7118443E+1	6.0390964E+1	0.0000000E+0	0.0000000E+0	1.0000000E+2	0.0000000E+0
1.6231900E+2	6.7124461E+1	6.0397409E+1	0.0000000E+0	0.0000000E+0	1.0000000E+2	0.0000000E+0
1.6236900E+2	6.7137026E+1	6.0398656E+1	0.0000000E+0	0.0000000E+0	1.0000000E+2	0.0000000E+0
1.6241900E+2	6.7142762E+1	6.0407221E+1	0.0000000E+0	0.0000000E+0	1.0000000E+2	0.0000000E+0
1.6246900E+2	6.7149676E+1	6.0388162E+1	0.0000000E+0	0.0000000E+0	1.0000000E+2	0.0000000E+0
1.6251900E+2	6.7151143E+1	6.0389817E+1	0.0000000E+0	0.0000000E+0	1.0000000E+2	0.0000000E+0
1.6256900E+2	6.7150710E+1	6.0369063E+1	0.0000000E+0	0.0000000E+0	1.0000000E+2	0.0000000E+0
1.6261900E+2	6.7167259E+1	6.0382468E+1	0.0000000E+0	0.0000000E+0	1.0000000E+2	0.0000000E+0
1.6266900E+2	6.7165322E+1	6.0391992E+1	0.0000000E+0	0.0000000E+0	1.0000000E+2	0.0000000E+0
1.6271900E+2	6.7141640E+1	6.0383245E+1	0.0000000E+0	0.0000000E+0	1.0000000E+2	0.0000000E+0
1.6277000E+2	6.7137801E+1	6.0382764E+1	0.0000000E+0	0.0000000E+0	1.0000000E+2	0.0000000E+0
1.6282000E+2	6.7128045E+1	6.0372333E+1	0.0000000E+0	0.0000000E+0	1.0000000E+2	0.0000000E+0
1.6287000E+2	6.7075587E+1	6.0380933E+1	0.0000000E+0	0.0000000E+0	1.0000000E+2	0.0000000E+0
1.6292000E+2	6.7058288E+1	6.0367978E+1	0.0000000E+0	0.0000000E+0	1.0000000E+2	0.0000000E+0
1.6297100E+2	6.7068192E+1	6.0388983E+1	0.0000000E+0	0.0000000E+0	1.0000000E+2	0.0000000E+0
1.6302100E+2	6.7061804E+1	6.0392447E+1	0.0000000E+0	0.0000000E+0	1.0000000E+2	0.0000000E+0
1.6307200E+2	6.7029284E+1	6.0385313E+1	0.0000000E+0	0.0000000E+0	1.0000000E+2	0.0000000E+0
1.6312200E+2	6.7036005E+1	6.0393613E+1	0.0000000E+0	0.0000000E+0	1.0000000E+2	0.0000000E+0
1.6317300E+2	6.7009291E+1	6.0386712E+1	0.0000000E+0	0.0000000E+0	1.0000000E+2	0.0000000E+0
1.6322300E+2	6.6999011E+1	6.0383948E+1	0.0000000E+0	0.0000000E+0	1.0000000E+2	0.0000000E+0
1.6327300E+2	6.7003270E+1	6.0412348E+1	0.0000000E+0	0.0000000E+0	1.0000000E+2	0.0000000E+0
1.6332300E+2	6.7004577E+1	6.0414886E+1	0.0000000E+0	0.0000000E+0	1.0000000E+2	0.0000000E+0
1.6337400E+2	6.6983411E+1	6.0416980E+1	0.0000000E+0	0.0000000E+0	1.0000000E+2	0.0000000E+0
1.6342400E+2	6.6953548E+1	6.0416274E+1	0.0000000E+0	0.0000000E+0	1.0000000E+2	0.0000000E+0
1.6347400E+2	6.6911968E+1	6.0407851E+1	0.0000000E+0	0.0000000E+0	1.0000000E+2	0.0000000E+0
1.6352400E+2	6.6883302E+1	6.0405932E+1	0.0000000E+0	0.0000000E+0	1.0000000E+2	0.0000000E+0
1.6357500E+2	6.6843174E+1	6.0420399E+1	0.0000000E+0	0.0000000E+0	1.0000000E+2	0.0000000E+0
1.6362500E+2	6.6793000E+1	6.0409276E+1	0.0000000E+0	0.0000000E+0	1.0000000E+2	0.0000000E+0
1.6367500E+2	6.6772286E+1	6.0424589E+1	0.0000000E+0	0.0000000E+0	1.0000000E+2	0.0000000E+0
1.6372500E+2	6.6713798E+1	6.0416210E+1	0.0000000E+0	0.0000000E+0	1.0000000E+2	0.0000000E+0
1.6377600E+2	6.6658335E+1	6.0408255E+1	0.0000000E+0	0.0000000E+0	1.0000000E+2	0.0000000E+0
1.6382600E+2	6.6637382E+1	6.0410258E+1	0.0000000E+0	0.0000000E+0	1.0000000E+2	0.0000000E+0
1.6387700E+2	6.6591194E+1	6.0411097E+1	0.0000000E+0	0.0000000E+0	1.0000000E+2	0.0000000E+0
1.6392700E+2	6.6576647E+1	6.0420622E+1	0.0000000E+0	0.0000000E+0	1.0000000E+2	0.0000000E+0
1.6397700E+2	6.6556157E+1	6.0408496E+1	0.0000000E+0	0.0000000E+0	1.0000000E+2	0.0000000E+0
1.6402700E+2	6.6503985E+1	6.0388929E+1	0.0000000E+0	0.0000000E+0	1.0000000E+2	0.0000000E+0
1.6407800E+2	6.6496802E+1	6.0391659E+1	0.0000000E+0	0.0000000E+0	1.0000000E+2	0.0000000E+0
1.6412800E+2	6.6509732E+1	6.0395568E+1	0.0000000E+0	0.0000000E+0	1.0000000E+2	0.0000000E+0
1.6417800E+2	6.6504991E+1	6.0403918E+1	0.0000000E+0	0.0000000E+0	1.0000000E+2	0.0000000E+0
1.6422800E+2	6.6493185E+1	6.0394941E+1	0.0000000E+0	0.0000000E+0	1.0000000E+2	0.0000000E+0
1.6427800E+2	6.6433959E+1	6.0403149E+1	0.0000000E+0	0.0000000E+0	1.0000000E+2	0.0000000E+0
1.6432800E+2	6.6421017E+1	6.0398586E+1	0.0000000E+0	0.0000000E+0	1.0000000E+2	0.0000000E+0
1.6437800E+2	6.6415682E+1	6.0409065E+1	0.0000000E+0	0.0000000E+0	1.0000000E+2	0.0000000E+0
1.6442900E+2	6.6421591E+1	6.0419809E+1	0.0000000E+0	0.0000000E+0	1.0000000E+2	0.0000000E+0
1.6447900E+2	6.6425414E+1	6.0394391E+1	0.0000000E+0	0.0000000E+0	1.0000000E+2	0.0000000E+0
1.6452900E+2	6.6456889E+1	6.0399537E+1	0.0000000E+0	0.0000000E+0	1.0000000E+2	0.0000000E+0
1.6458000E+2	6.6467422E+1	6.0395311E+1	0.0000000E+0	0.0000000E+0	1.0000000E+2	0.0000000E+0
1.6463000E+2	6.6467756E+1	6.0395319E+1	0.0000000E+0	0.0000000E+0	1.0000000E+2	0.0000000E+0
1.6468000E+2	6.6470940E+1	6.0381685E+1	0.0000000E+0	0.0000000E+0	1.0000000E+2	0.0000000E+0
1.6473000E+2	6.6466115E+1	6.0384045E+1	0.0000000E+0	0.0000000E+0	1.0000000E+2	0.0000000E+0
1.6478000E+2	6.6475911E+1	6.0389332E+1	0.0000000E+0	0.0000000E+0	1.0000000E+2	0.0000000E+0
1.6483000E+2	6.6472562E+1	6.0403936E+1	0.0000000E+0	0.0000000E+0	1.0000000E+2	0.0000000E+0
1.6488000E+2	6.6471803E+1	6.0398675E+1	0.0000000E+0	0.0000000E+0	1.0000000E+2	0.0000000E+0
1.6493000E+2	6.6463293E+1	6.0397016E+1	0.0000000E+0	0.0000000E+0	1.0000000E+2	0.0000000E+0
1.6498000E+2	6.6469577E+1	6.0391467E+1	0.0000000E+0	0.0000000E+0	1.0000000E+2	0.0000000E+0
1.6503000E+2	6.6471632E+1	6.0387367E+1	0.0000000E+0	0.0000000E+0	1.0000000E+2	0.0000000E+0
1.6508000E+2	6.6481987E+1	6.0380863E+1	0.0000000E+0	0.0000000E+0	1.0000000E+2	0.0000000E+0
1.6513000E+2	6.6485433E+1	6.0396437E+1	0.0000000E+0	0.0000000E+0	1.0000000E+2	0.0000000E+0
1.6518000E+2	6.6488196E+1	6.0387867E+1	0.0000000E+0	0.0000000E+0	1.0000000E+2	0.0000000E+0
1.6523000E+2	6.6531593E+1	6.0409409E+1	0.0000000E+0	0.0000000E+0	1.0000000E+2	0.0000000E+0
1.6528000E+2	6.6557373E+1	6.0393406E+1	0.0000000E+0	0.0000000E+0	1.0000000E+2	0.0000000E+0
1.6533000E+2	6.6577554E+1	6.0402815E+1	0.0000000E+0	0.0000000E+0	1.0000000E+2	0.0000000E+0
1.6538000E+2	6.6581188E+1	6.0391377E+1	0.0000000E+0	0.0000000E+0	1.0000000E+2	0.0000000E+0
1.6543000E+2	6.6588858E+1	6.0379377E+1	0.0000000E+0	0.0000000E+0	1.0000000E+2	0.0000000E+0
1.6548000E+2	6.6597422E+1	6.0370760E+1	0.0000000E+0	0.0000000E+0	1.0000000E+2	0.0000000E+0
1.6553000E+2	6.6596686E+1	6.0373162E+1	0.0000000E+0	0.0000000E+0	1.0000000E+2	0.0000000E+0
1.6558000E+2	6.6532246E+1	6.0373177E+1	0.0000000E+0	0.0000000E+0	1.0000000E+2	0.0000000E+0
1.6563000E+2	6.6494462E+1	6.0363623E+1	0.0000000E+0	0.0000000E+0	1.0000000E+2	0.0000000E+0
1.6568000E+2	6.6490970E+1	6.0366366E+1	0.0000000E+0	0.0000000E+0	1.0000000E+2	0.0000000E+0
1.6573000E+2	6.6497859E+1	6.0368117E+1	0.0000000E+0	0.0000000E+0	1.0000000E+2	0.0000000E+0
1.6578000E+2	6.6501062E+1	6.0356347E+1	0.0000000E+0	0.0000000E+0	1.0000000E+2	0.0000000E+0
1.6583000E+2	6.6536040E+1	6.0358644E+1	0.0000000E+0	0.0000000E+0	1.0000000E+2	0.0000000E+0
1.6588000E+2	6.6539369E+1	6.0369007E+1	0.0000000E+0	0.0000000E+0	1.0000000E+2	0.0000000E+0
1.6593000E+2	6.6558218E+1	6.0362494E+1	0.0000000E+0	0.0000000E+0	1.0000000E+2	0.0000000E+0
1.6598000E+2	6.6561720E+1	6.0367250E+1	0.0000000E+0	0.0000000E+0	1.0000000E+2	0.0000000E+0
1.6603000E+2	6.6589649E+1	6.0376642E+1	0.0000000E+0	0.0000000E+0	1.0000000E+2	0.0000000E+0
1.6608000E+2	6.6584907E+1	6.0369513E+1	0.0000000E+0	0.0000000E+0	1.0000000E+2	0.0000000E+0
1.6613000E+2	6.6616117E+1	6.0391385E+1	0.0000000E+0	0.0000000E+0	1.0000000E+2	0.0000000E+0
1.6618000E+2	6.6605935E+1	6.0388313E+1	0.0000000E+0	0.0000000E+0	1.0000000E+2	0.0000000E+0
1.6623000E+2	6.6603304E+1	6.0387981E+1	0.0000000E+0	0.0000000E+0	1.0000000E+2	0.0000000E+0
1.6628000E+2	6.6580995E+1	6.0372033E+1	0.0000000E+0	0.0000000E+0	1.0000000E+2	0.0000000E+0
1.6633000E+2	6.6554627E+1	6.0357887E+1	0.0000000E+0	0.0000000E+0	1.0000000E+2	0.0000000E+0
1.6638000E+2	6.6548656E+1	6.0370371E+1	0.0000000E+0	0.0000000E+0	1.0000000E+2	0.0000000E+0
1.6643000E+2	6.6539817E+1	6.0352394E+1	0.0000000E+0	0.0000000E+0	1.0000000E+2	0.0000000E+0
1.6648000E+2	6.6554080E+1	6.0359169E+1	0.0000000E+0	0.0000000E+0	1.0000000E+2	0.0000000E+0
1.6653000E+2	6.6590695E+1	6.0365676E+1	0.0000000E+0	0.0000000E+0	1.0000000E+2	0.0000000E+0
1.6658000E+2	6.6579859E+1	6.0367479E+1	0.0000000E+0	0.0000000E+0	1.0000000E+2	0.0000000E+0
1.6663000E+2	6.6548581E+1	6.0360256E+1	0.0000000E+0	0.0000000E+0	1.0000000E+2	0.0000000E+0
1.6668000E+2	6.6561927E+1	6.0365759E+1	0.0000000E+0	0.0000000E+0	1.0000000E+2	0.0000000E+0
1.6673000E+2	6.6578320E+1	6.0363171E+1	0.0000000E+0	0.0000000E+0	1.0000000E+2	0.0000000E+0
1.6678000E+2	6.6572765E+1	6.0354036E+1	0.0000000E+0	0.0000000E+0	1.0000000E+2	0.0000000E+0
1.6683000E+2	6.6579983E+1	6.0362917E+1	0.0000000E+0	0.0000000E+0	1.0000000E+2	0.0000000E+0
1.6688000E+2	6.6557124E+1	6.0347864E+1	0.0000000E+0	0.0000000E+0	1.0000000E+2	0.0000000E+0
1.6693000E+2	6.6573346E+1	6.0364962E+1	0.0000000E+0	0.0000000E+0	1.0000000E+2	0.0000000E+0
1.6698000E+2	6.6562036E+1	6.0355902E+1	0.0000000E+0	0.0000000E+0	1.0000000E+2	0.0000000E+0
1.6703000E+2	6.6556119E+1	6.0345203E+1	0.0000000E+0	0.0000000E+0	1.0000000E+2	0.0000000E+0
1.6708000E+2	6.6566346E+1	6.0347836E+1	0.0000000E+0	0.0000000E+0	1.0000000E+2	0.0000000E+0
1.6713000E+2	6.6554352E+1	6.0342968E+1	0.0000000E+0	0.0000000E+0	1.0000000E+2	0.0000000E+0
1.6718000E+2	6.6557648E+1	6.0351072E+1	0.0000000E+0	0.0000000E+0	1.0000000E+2	0.0000000E+0
1.6723000E+2	6.6541345E+1	6.0353103E+1	0.0000000E+0	0.0000000E+0	1.0000000E+2	0.0000000E+0
1.6728000E+2	6.6510672E+1	6.0348008E+1	0.0000000E+0	0.0000000E+0	1.0000000E+2	0.0000000E+0
1.6733000E+2	6.6501047E+1	6.0355156E+1	0.0000000E+0	0.0000000E+0	1.0000000E+2	0.0000000E+0
1.6738000E+2	6.6512684E+1	6.0361989E+1	0.0000000E+0	0.0000000E+0	1.0000000E+2	0.0000000E+0
1.6743000E+2	6.6509535E+1	6.0366580E+1	0.0000000E+0	0.0000000E+0	1.0000000E+2	0.0000000E+0
1.6748000E+2	6.6464660E+1	6.0367478E+1	0.0000000E+0	0.0000000E+0	1.0000000E+2	0.0000000E+0
1.6753000E+2	6.6459270E+1	6.0371041E+1	0.0000000E+0	0.0000000E+0	1.0000000E+2	0.0000000E+0
1.6758100E+2	6.6456802E+1	6.0372855E+1	0.0000000E+0	0.0000000E+0	1.0000000E+2	0.0000000E+0
1.6763100E+2	6.6465598E+1	6.0357526E+1	0.0000000E+0	0.0000000E+0	1.0000000E+2	0.0000000E+0
1.6768200E+2	6.6493227E+1	6.0372892E+1	0.0000000E+0	0.0000000E+0	1.0000000E+2	0.0000000E+0
1.6773200E+2	6.6489246E+1	6.0362526E+1	0.0000000E+0	0.0000000E+0	1.0000000E+2	0.0000000E+0
1.6778200E+2	6.6485719E+1	6.0343157E+1	0.0000000E+0	0.0000000E+0	1.0000000E+2	0.0000000E+0
1.6783200E+2	6.6510561E+1	6.0359408E+1	0.0000000E+0	0.0000000E+0	1.0000000E+2	0.0000000E+0
1.6788200E+2	6.6532095E+1	6.0366379E+1	0.0000000E+0	0.0000000E+0	1.0000000E+2	0.0000000E+0
1.6793200E+2	6.6536624E+1	6.0369532E+1	0.0000000E+0	0.0000000E+0	1.0000000E+2	0.0000000E+0
1.6798200E+2	6.6516435E+1	6.0355445E+1	0.0000000E+0	0.0000000E+0	1.0000000E+2	0.0000000E+0
1.6803200E+2	6.6509592E+1	6.0355376E+1	0.0000000E+0	0.0000000E+0	1.0000000E+2	0.0000000E+0
1.6808200E+2	6.6503394E+1	6.0348196E+1	0.0000000E+0	0.0000000E+0	1.0000000E+2	0.0000000E+0
1.6813200E+2	6.6493516E+1	6.0345080E+1	0.0000000E+0	0.0000000E+0	1.0000000E+2	0.0000000E+0
1.6818200E+2	6.6512009E+1	6.0354677E+1	0.0000000E+0	0.0000000E+0	1.0000000E+2	0.0000000E+0
1.6823200E+2	6.6497229E+1	6.0349416E+1	0.0000000E+0	0.0000000E+0	1.0000000E+2	0.0000000E+0
1.6828200E+2	6.6514197E+1	6.0372208E+1	0.0000000E+0	0.0000000E+0	1.0000000E+2	0.0000000E+0
1.6833200E+2	6.6510250E+1	6.0376238E+1	0.0000000E+0	0.0000000E+0	1.0000000E+2	0.0000000E+0
1.6838200E+2	6.6488800E+1	6.0362552E+1	0.0000000E+0	0.0000000E+0	1.0000000E+2	0.0000000E+0
1.6843200E+2	6.6490352E+1	6.0363209E+1	0.0000000E+0	0.0000000E+0	1.0000000E+2	0.0000000E+0
1.6848200E+2	6.6492134E+1	6.0356708E+1	0.0000000E+0	0.0000000E+0	1.0000000E+2	0.0000000E+0
1.6853200E+2	6.6494195E+1	6.0348653E+1	0.0000000E+0	0.0000000E+0	1.0000000E+2	0.0000000E+0
1.6858200E+2	6.6512719E+1	6.0373510E+1	0.0000000E+0	0.0000000E+0	1.0000000E+2	0.0000000E+0
1.6863200E+2	6.6518410E+1	6.0367302E+1	0.0000000E+0	0.0000000E+0	1.0000000E+2	0.0000000E+0
1.6868200E+2	6.6449498E+1	6.0351454E+1	0.0000000E+0	0.0000000E+0	1.0000000E+2	0.0000000E+0
1.6873200E+2	6.6450319E+1	6.0354505E+1	0.0000000E+0	0.0000000E+0	1.0000000E+2	0.0000000E+0
1.6878300E+2	6.6434925E+1	6.0356763E+1	0.0000000E+0	0.0000000E+0	1.0000000E+2	0.0000000E+0
1.6883300E+2	6.6434845E+1	6.0370969E+1	0.0000000E+0	0.0000000E+0	1.0000000E+2	0.0000000E+0
1.6888300E+2	6.6413721E+1	6.0360337E+1	0.0000000E+0	0.0000000E+0	1.0000000E+2	0.0000000E+0
1.6893300E+2	6.6399438E+1	6.0359386E+1	0.0000000E+0	0.0000000E+0	1.0000000E+2	0.0000000E+0
1.6898300E+2	6.6409956E+1	6.0362054E+1	0.0000000E+0	0.0000000E+0	1.0000000E+2	0.0000000E+0
1.6903300E+2	6.6423565E+1	6.0366905E+1	0.0000000E+0	0.0000000E+0	1.0000000E+2	0.0000000E+0
1.6908300E+2	6.6406648E+1	6.0368130E+1	0.0000000E+0	0.0000000E+0	1.0000000E+2	0.0000000E+0
1.6913300E+2	6.6413952E+1	6.0368973E+1	0.0000000E+0	0.0000000E+0	1.0000000E+2	0.0000000E+0
1.6918300E+2	6.6433128E+1	6.0354143E+1	0.0000000E+0	0.0000000E+0	1.0000000E+2	0.0000000E+0
1.6923300E+2	6.6445770E+1	6.0361251E+1	0.0000000E+0	0.0000000E+0	1.0000000E+2	0.0000000E+0
1.6928300E+2	6.6424366E+1	6.0358113E+1	0.0000000E+0	0.0000000E+0	1.0000000E+2	0.0000000E+0
1.6933400E+2	6.6444597E+1	6.0362185E+1	0.0000000E+0	0.0000000E+0	1.0000000E+2	0.0000000E+0
1.6938400E+2	6.6451310E+1	6.0363316E+1	0.0000000E+0	0.0000000E+0	1.0000000E+2	0.0000000E+0
1.6943400E+2	6.6429759E+1	6.0358640E+1	0.0000000E+0	0.0000000E+0	1.0000000E+2	0.0000000E+0
1.6948400E+2	6.6440985E+1	6.0374912E+1	0.0000000E+0	0.0000000E+0	1.0000000E+2	0.0000000E+0
1.6953400E+2	6.6448669E+1	6.0367512E+1	0.0000000E+0	0.0000000E+0	1.0000000E+2	0.0000000E+0
1.6958400E+2	6.6427405E+1	6.0360274E+1	0.0000000E+0	0.0000000E+0	1.0000000E+2	0.0000000E+0
1.6963400E+2	6.6431525E+1	6.0363762E+1	0.0000000E+0	0.0000000E+0	1.0000000E+2	0.0000000E+0
1.6968400E+2	6.6432554E+1	6.0355741E+1	0.0000000E+0	0.0000000E+0	1.0000000E+2	0.0000000E+0
1.6973400E+2	6.6443894E+1	6.0361407E+1	0.0000000E+0	0.0000000E+0	1.0000000E+2	0.0000000E+0
1.6978400E+2	6.6449280E+1	6.0356764E+1	0.0000000E+0	0.0000000E+0	1.0000000E+2	0.0000000E+0
1.6983400E+2	6.6446961E+1	6.0350920E+1	0.0000000E+0	0.0000000E+0	1.0000000E+2	0.0000000E+0
1.6988400E+2	6.6417393E+1	6.0353444E+1	0.0000000E+0	0.0000000E+0	1.0000000E+2	0.0000000E+0
1.6993500E+2	6.6446172E+1	6.0369262E+1	0.0000000E+0	0.0000000E+0	1.0000000E+2	0.0000000E+0
1.6998600E+2	6.6433676E+1	6.0351908E+1	0.0000000E+0	0.0000000E+0	1.0000000E+2	0.0000000E+0
1.7003600E+2	6.6421916E+1	6.0360300E+1	0.0000000E+0	0.0000000E+0	1.0000000E+2	0.0000000E+0
1.7008600E+2	6.6366475E+1	6.0360435E+1	0.0000000E+0	0.0000000E+0	1.0000000E+2	0.0000000E+0
1.7013600E+2	6.6328341E+1	6.0360363E+1	0.0000000E+0	0.0000000E+0	1.0000000E+2	0.0000000E+0
1.7018600E+2	6.6351050E+1	6.0365874E+1	0.0000000E+0	0.0000000E+0	1.0000000E+2	0.0000000E+0
1.7023600E+2	6.6355639E+1	6.0366679E+1	0.0000000E+0	0.0000000E+0	1.0000000E+2	0.0000000E+0
1.7028600E+2	6.6365178E+1	6.0355604E+1	0.0000000E+0	0.0000000E+0	1.0000000E+2	0.0000000E+0
1.7033600E+2	6.6397748E+1	6.0374409E+1	0.0000000E+0	0.0000000E+0	1.0000000E+2	0.0000000E+0
1.7038600E+2	6.6420567E+1	6.0367295E+1	0.0000000E+0	0.0000000E+0	1.0000000E+2	0.0000000E+0
1.7043600E+2	6.6427044E+1	6.0367460E+1	0.0000000E+0	0.0000000E+0	1.0000000E+2	0.0000000E+0
1.7048600E+2	6.6418957E+1	6.0365199E+1	0.0000000E+0	0.0000000E+0	1.0000000E+2	0.0000000E+0
1.7053600E+2	6.6417848E+1	6.0370641E+1	0.0000000E+0	0.0000000E+0	1.0000000E+2	0.0000000E+0
1.7058600E+2	6.6414517E+1	6.0365118E+1	0.0000000E+0	0.0000000E+0	1.0000000E+2	0.0000000E+0
1.7063600E+2	6.6414238E+1	6.0359877E+1	0.0000000E+0	0.0000000E+0	1.0000000E+2	0.0000000E+0
1.7068600E+2	6.6401177E+1	6.0358315E+1	0.0000000E+0	0.0000000E+0	1.0000000E+2	0.0000000E+0
1.7073600E+2	6.6402347E+1	6.0357914E+1	0.0000000E+0	0.0000000E+0	1.0000000E+2	0.0000000E+0
1.7078700E+2	6.6425229E+1	6.0371959E+1	0.0000000E+0	0.0000000E+0	1.0000000E+2	0.0000000E+0
1.7083700E+2	6.6421744E+1	6.0373140E+1	0.0000000E+0	0.0000000E+0	1.0000000E+2	0.0000000E+0
1.7088700E+2	6.6419819E+1	6.0359763E+1	0.0000000E+0	0.0000000E+0	1.0000000E+2	0.0000000E+0
1.7093700E+2	6.6443840E+1	6.0380786E+1	0.0000000E+0	0.0000000E+0	1.0000000E+2	0.0000000E+0
1.7098700E+2	6.6444695E+1	6.0373915E+1	0.0000000E+0	0.0000000E+0	1.0000000E+2	0.0000000E+0
1.7103700E+2	6.6421240E+1	6.0382424E+1	0.0000000E+0	0.0000000E+0	1.0000000E+2	0.0000000E+0
1.7108800E+2	6.6417315E+1	6.0387212E+1	0.0000000E+0	0.0000000E+0	1.0000000E+2	0.0000000E+0
1.7113900E+2	6.6422137E+1	6.0390960E+1	0.0000000E+0	0.0000000E+0	1.0000000E+2	0.0000000E+0
1.7119000E+2	6.6422143E+1	6.0402689E+1	0.0000000E+0	0.0000000E+0	1.0000000E+2	0.0000000E+0
1.7124000E+2	6.6406965E+1	6.0392388E+1	0.0000000E+0	0.0000000E+0	1.0000000E+2	0.0000000E+0
1.7129000E+2	6.6406131E+1	6.0404247E+1	0.0000000E+0	0.0000000E+0	1.0000000E+2	0.0000000E+0
1.7134000E+2	6.6408339E+1	6.0385802E+1	0.0000000E+0	0.0000000E+0	1.0000000E+2	0.0000000E+0
1.7139100E+2	6.6392073E+1	6.0388115E+1	0.0000000E+0	0.0000000E+0	1.0000000E+2	0.0000000E+0
1.7144200E+2	6.6358641E+1	6.0390867E+1	0.0000000E+0	0.0000000E+0	1.0000000E+2	0.0000000E+0
1.7149200E+2	6.6312391E+1	6.0386499E+1	0.0000000E+0	0.0000000E+0	1.0000000E+2	0.0000000E+0
1.7154200E+2	6.6327187E+1	6.0391609E+1	0.0000000E+0	0.0000000E+0	1.0000000E+2	0.0000000E+0
1.7159300E+2	6.6312903E+1	6.0385840E+1	0.0000000E+0	0.0000000E+0	1.0000000E+2	0.0000000E+0
1.7164400E+2	6.6346574E+1	6.0378846E+1	0.0000000E+0	0.0000000E+0	1.0000000E+2	0.0000000E+0
1.7169500E+2	6.6363237E+1	6.0398923E+1	0.0000000E+0	0.0000000E+0	1.0000000E+2	0.0000000E+0
1.7174500E+2	6.6336634E+1	6.0384753E+1	0.0000000E+0	0.0000000E+0	1.0000000E+2	0.0000000E+0
1.7179500E+2	6.6345643E+1	6.0382521E+1	0.0000000E+0	0.0000000E+0	1.0000000E+2	0.0000000E+0
1.7184500E+2	6.6345485E+1	6.0367179E+1	0.0000000E+0	0.0000000E+0	1.0000000E+2	0.0000000E+0
1.7189600E+2	6.6375563E+1	6.0386109E+1	0.0000000E+0	0.0000000E+0	1.0000000E+2	0.0000000E+0
1.7194700E+2	6.6369684E+1	6.0345625E+1	0.0000000E+0	0.0000000E+0	1.0000000E+2	0.0000000E+0
1.7199700E+2	6.6385873E+1	6.0358966E+1	0.0000000E+0	0.0000000E+0	1.0000000E+2	0.0000000E+0
1.7204800E+2	6.6411823E+1	6.0374842E+1	0.0000000E+0	0.0000000E+0	1.0000000E+2	0.0000000E+0
1.7209800E+2	6.6421379E+1	6.0359678E+1	0.0000000E+0	0.0000000E+0	1.0000000E+2	0.0000000E+0
1.7214800E+2	6.6426977E+1	6.0353606E+1	0.0000000E+0	0.0000000E+0	1.0000000E+2	0.0000000E+0
1.7219800E+2	6.6442958E+1	6.0352373E+1	0.0000000E+0	0.0000000E+0	1.0000000E+2	0.0000000E+0
1.7224900E+2	6.6449256E+1	6.0370024E+1	0.0000000E+0	0.0000000E+0	1.0000000E+2	0.0000000E+0
1.7229900E+2	6.6453213E+1	6.0363957E+1	0.0000000E+0	0.0000000E+0	1.0000000E+2	0.0000000E+0
1.7235000E+2	6.6464826E+1	6.0366362E+1	0.0000000E+0	0.0000000E+0	1.0000000E+2	0.0000000E+0
1.7240000E+2	6.6466941E+1	6.0366513E+1	0.0000000E+0	0.0000000E+0	1.0000000E+2	0.0000000E+0
1.7245000E+2	6.6484866E+1	6.0376200E+1	0.0000000E+0	0.0000000E+0	1.0000000E+2	0.0000000E+0
1.7250000E+2	6.6480776E+1	6.0358663E+1	0.0000000E+0	0.0000000E+0	1.0000000E+2	0.0000000E+0
1.7255000E+2	6.6481726E+1	6.0373480E+1	0.0000000E+0	0.0000000E+0	1.0000000E+2	0.0000000E+0
1.7260000E+2	6.6518832E+1	6.0370738E+1	0.0000000E+0	0.0000000E+0	1.0000000E+2	0.0000000E+0
1.7265000E+2	6.6515090E+1	6.0356327E+1	0.0000000E+0	0.0000000E+0	1.0000000E+2	0.0000000E+0
1.7270000E+2	6.6521897E+1	6.0349917E+1	0.0000000E+0	0.0000000E+0	1.0000000E+2	0.0000000E+0
1.7275000E+2	6.6491934E+1	6.0370030E+1	0.0000000E+0	0.0000000E+0	1.0000000E+2	0.0000000E+0
1.7280100E+2	6.6507335E+1	6.0381883E+1	0.0000000E+0	0.0000000E+0	1.0000000E+2	0.0000000E+0
1.7285100E+2	6.6523562E+1	6.0390805E+1	0.0000000E+0	0.0000000E+0	1.0000000E+2	0.0000000E+0
1.7290100E+2	6.6509335E+1	6.0374679E+1	0.0000000E+0	0.0000000E+0	1.0000000E+2	0.0000000E+0
1.7295100E+2	6.6523672E+1	6.0385919E+1	0.0000000E+0	0.0000000E+0	1.0000000E+2	0.0000000E+0
1.7300100E+2	6.6531939E+1	6.0378879E+1	0.0000000E+0	0.0000000E+0	1.0000000E+2	0.0000000E+0
1.7305100E+2	6.6537520E+1	6.0380122E+1	0.0000000E+0	0.0000000E+0	1.0000000E+2	0.0000000E+0
1.7310100E+2	6.6560515E+1	6.0382513E+1	0.0000000E+0	0.0000000E+0	1.0000000E+2	0.0000000E+0
1.7315100E+2	6.6565052E+1	6.0367571E+1	0.0000000E+0	0.0000000E+0	1.0000000E+2	0.0000000E+0
1.7320100E+2	6.6564945E+1	6.0363312E+1	0.0000000E+0	0.0000000E+0	1.0000000E+2	0.0000000E+0
1.7325100E+2	6.6588320E+1	6.0389856E+1	0.0000000E+0	0.0000000E+0	1.0000000E+2	0.0000000E+0
1.7330100E+2	6.6581409E+1	6.0394683E+1	0.0000000E+0	0.0000000E+0	1.0000000E+2	0.0000000E+0
1.7335100E+2	6.6570776E+1	6.0382063E+1	0.0000000E+0	0.0000000E+0	1.0000000E+2	0.0000000E+0
1.7340100E+2	6.6584954E+1	6.0391940E+1	0.0000000E+0	0.0000000E+0	1.0000000E+2	0.0000000E+0
1.7345100E+2	6.6570801E+1	6.0376396E+1	0.0000000E+0	0.0000000E+0	1.0000000E+2	0.0000000E+0
1.7350200E+2	6.6574629E+1	6.0376592E+1	0.0000000E+0	0.0000000E+0	1.0000000E+2	0.0000000E+0
1.7355200E+2	6.6571344E+1	6.0373088E+1	0.0000000E+0	0.0000000E+0	1.0000000E+2	0.0000000E+0
1.7360200E+2	6.6562963E+1	6.0370143E+1	0.0000000E+0	0.0000000E+0	1.0000000E+2	0.0000000E+0
1.7365200E+2	6.6531996E+1	6.0358081E+1	0.0000000E+0	0.0000000E+0	1.0000000E+2	0.0000000E+0
1.7370200E+2	6.6523397E+1	6.0363730E+1	0.0000000E+0	0.0000000E+0	1.0000000E+2	0.0000000E+0
1.7375300E+2	6.6547627E+1	6.0376137E+1	0.0000000E+0	0.0000000E+0	1.0000000E+2	0.0000000E+0
1.7380300E+2	6.6568234E+1	6.0375417E+1	0.0000000E+0	0.0000000E+0	1.0000000E+2	0.0000000E+0
1.7385300E+2	6.6568369E+1	6.0381228E+1	0.0000000E+0	0.0000000E+0	1.0000000E+2	0.0000000E+0
1.7390300E+2	6.6557881E+1	6.0382858E+1	0.0000000E+0	0.0000000E+0	1.0000000E+2	0.0000000E+0
1.7395300E+2	6.6524010E+1	6.0385045E+1	0.0000000E+0	0.0000000E+0	1.0000000E+2	0.0000000E+0
1.7400300E+2	6.6541355E+1	6.0379995E+1	0.0000000E+0	0.0000000E+0	1.0000000E+2	0.0000000E+0
1.7405300E+2	6.6545642E+1	6.0389213E+1	0.0000000E+0	0.0000000E+0	1.0000000E+2	0.0000000E+0
1.7410300E+2	6.6561250E+1	6.0383685E+1	0.0000000E+0	0.0000000E+0	1.0000000E+2	0.0000000E+0
1.7415400E+2	6.6553350E+1	6.0362162E+1	0.0000000E+0	0.0000000E+0	1.0000000E+2	0.0000000E+0
1.7420400E+2	6.6551372E+1	6.0353454E+1	0.0000000E+0	0.0000000E+0	1.0000000E+2	0.0000000E+0
1.7425400E+2	6.6563551E+1	6.0367515E+1	0.0000000E+0	0.0000000E+0	1.0000000E+2	0.0000000E+0
1.7430400E+2	6.6561735E+1	6.0361773E+1	0.0000000E+0	0.0000000E+0	1.0000000E+2	0.0000000E+0
1.7435500E+2	6.6543423E+1	6.0343385E+1	0.0000000E+0	0.0000000E+0	1.0000000E+2	0.0000000E+0
1.7440500E+2	6.6567782E+1	6.0353249E+1	0.0000000E+0	0.0000000E+0	1.0000000E+2	0.0000000E+0
1.7445500E+2	6.6576444E+1	6.0354408E+1	0.0000000E+0	0.0000000E+0	1.0000000E+2	0.0000000E+0
1.7450500E+2	6.6553485E+1	6.0335289E+1	0.0000000E+0	0.0000000E+0	1.0000000E+2	0.0000000E+0
1.7455500E+2	6.6539554E+1	6.0332640E+1	0.0000000E+0	0.0000000E+0	1.0000000E+2	0.0000000E+0
1.7460500E+2	6.6535619E+1	6.0350287E+1	0.0000000E+0	0.0000000E+0	1.0000000E+2	0.0000000E+0
1.7465500E+2	6.6497758E+1	6.0338051E+1	0.0000000E+0	0.0000000E+0	1.0000000E+2	0.0000000E+0
1.7470500E+2	6.6487974E+1	6.0343133E+1	0.0000000E+0	0.0000000E+0	1.0000000E+2	0.0000000E+0
1.7475500E+2	6.6506122E+1	6.0358330E+1	0.0000000E+0	0.0000000E+0	1.0000000E+2	0.0000000E+0
1.7480500E+2	6.6496791E+1	6.0358135E+1	0.0000000E+0	0.0000000E+0	1.0000000E+2	0.0000000E+0
1.7485500E+2	6.6485334E+1	6.0344775E+1	0.0000000E+0	0.0000000E+0	1.0000000E+2	0.0000000E+0
1.7490500E+2	6.6447973E+1	6.0339327E+1	0.0000000E+0	0.0000000E+0	1.0000000E+2	0.0000000E+0
1.7495500E+2	6.6463165E+1	6.0355793E+1	0.0000000E+0	0.0000000E+0	1.0000000E+2	0.0000000E+0
1.7500500E+2	6.6449911E+1	6.0354113E+1	0.0000000E+0	0.0000000E+0	1.0000000E+2	0.0000000E+0
1.7505500E+2	6.6427149E+1	6.0362106E+1	0.0000000E+0	0.0000000E+0	1.0000000E+2	0.0000000E+0
1.7510500E+2	6.6400851E+1	6.0367401E+1	0.0000000E+0	0.0000000E+0	1.0000000E+2	0.0000000E+0
1.7515500E+2	6.6393952E+1	6.0350957E+1	0.0000000E+0	0.0000000E+0	1.0000000E+2	0.0000000E+0
1.7520500E+2	6.6403582E+1	6.0360159E+1	0.0000000E+0	0.0000000E+0	1.0000000E+2	0.0000000E+0
1.7525600E+2	6.6408599E+1	6.0347158E+1	0.0000000E+0	0.0000000E+0	1.0000000E+2	0.0000000E+0
1.7530600E+2	6.6406138E+1	6.0360950E+1	0.0000000E+0	0.0000000E+0	1.0000000E+2	0.0000000E+0
1.7535600E+2	6.6400680E+1	6.0358857E+1	0.0000000E+0	0.0000000E+0	1.0000000E+2	0.0000000E+0
1.7540700E+2	6.6413007E+1	6.0357662E+1	0.0000000E+0	0.0000000E+0	1.0000000E+2	0.0000000E+0
1.7545800E+2	6.6434287E+1	6.0367153E+1	0.0000000E+0	0.0000000E+0	1.0000000E+2	0.0000000E+0
1.7550800E+2	6.6431273E+1	6.0372617E+1	0.0000000E+0	0.0000000E+0	1.0000000E+2	0.0000000E+0
1.7555800E+2	6.6415172E+1	6.0358113E+1	0.0000000E+0	0.0000000E+0	1.0000000E+2	0.0000000E+0
1.7560800E+2	6.6404319E+1	6.0370661E+1	0.0000000E+0	0.0000000E+0	1.0000000E+2	0.0000000E+0
1.7565800E+2	6.6384949E+1	6.0361361E+1	0.0000000E+0	0.0000000E+0	1.0000000E+2	0.0000000E+0
1.7570800E+2	6.6394433E+1	6.0375671E+1	0.0000000E+0	0.0000000E+0	1.0000000E+2	0.0000000E+0
1.7575800E+2	6.6336858E+1	6.0355816E+1	0.0000000E+0	0.0000000E+0	1.0000000E+2	0.0000000E+0
1.7580800E+2	6.6310054E+1	6.0347989E+1	0.0000000E+0	0.0000000E+0	1.0000000E+2	0.0000000E+0
1.7585800E+2	6.6313477E+1	6.0347124E+1	0.0000000E+0	0.0000000E+0	1.0000000E+2	0.0000000E+0
1.7590800E+2	6.6364004E+1	6.0368333E+1	0.0000000E+0	0.0000000E+0	1.0000000E+2	0.0000000E+0
1.7595800E+2	6.6363039E+1	6.0355223E+1	0.0000000E+0	0.0000000E+0	1.0000000E+2	0.0000000E+0
1.7600800E+2	6.6361574E+1	6.0354456E+1	0.0000000E+0	0.0000000E+0	1.0000000E+2	0.0000000E+0
1.7605800E+2	6.6391970E+1	6.0367119E+1	0.0000000E+0	0.0000000E+0	1.0000000E+2	0.0000000E+0
1.7610800E+2	6.6398184E+1	6.0350517E+1	0.0000000E+0	0.0000000E+0	1.0000000E+2	0.0000000E+0
1.7615800E+2	6.6411303E+1	6.0353388E+1	0.0000000E+0	0.0000000E+0	1.0000000E+2	0.0000000E+0
1.7620900E+2	6.6434750E+1	6.0350515E+1	0.0000000E+0	0.0000000E+0	1.0000000E+2	0.0000000E+0
1.7625900E+2	6.6388868E+1	6.0374014E+1	0.0000000E+0	0.0000000E+0	1.0000000E+2	0.0000000E+0
1.7630900E+2	6.6342862E+1	6.0367090E+1	0.0000000E+0	0.0000000E+0	1.0000000E+2	0.0000000E+0
1.7635900E+2	6.6339968E+1	6.0357514E+1	0.0000000E+0	0.0000000E+0	1.0000000E+2	0.0000000E+0
1.7640900E+2	6.6347334E+1	6.0359212E+1	0.0000000E+0	0.0000000E+0	1.0000000E+2	0.0000000E+0
1.7645900E+2	6.6327862E+1	6.0356782E+1	0.0000000E+0	0.0000000E+0	1.0000000E+2	0.0000000E+0
1.7650900E+2	6.6330398E+1	6.0369099E+1	0.0000000E+0	0.0000000E+0	1.0000000E+2	0.0000000E+0
1.7655900E+2	6.6318576E+1	6.0367340E+1	0.0000000E+0	0.0000000E+0	1.0000000E+2	0.0000000E+0
1.7660900E+2	6.6332876E+1	6.0365015E+1	0.0000000E+0	0.0000000E+0	1.0000000E+2	0.0000000E+0
1.7665900E+2	6.6354407E+1	6.0362150E+1	0.0000000E+0	0.0000000E+0	1.0000000E+2	0.0000000E+0
1.7670900E+2	6.6376571E+1	6.0370464E+1	0.0000000E+0	0.0000000E+0	1.0000000E+2	0.0000000E+0
1.7675900E+2	6.6399962E+1	6.0373506E+1	0.0000000E+0	0.0000000E+0	1.0000000E+2	0.0000000E+0
1.7680900E+2	6.6426779E+1	6.0376343E+1	0.0000000E+0	0.0000000E+0	1.0000000E+2	0.0000000E+0
1.7685900E+2	6.6446875E+1	6.0384044E+1	0.0000000E+0	0.0000000E+0	1.0000000E+2	0.0000000E+0
1.7690900E+2	6.6473667E+1	6.0380562E+1	0.0000000E+0	0.0000000E+0	1.0000000E+2	0.0000000E+0
1.7696000E+2	6.6517393E+1	6.0399147E+1	0.0000000E+0	0.0000000E+0	1.0000000E+2	0.0000000E+0
1.7701000E+2	6.6532823E+1	6.0389522E+1	0.0000000E+0	0.0000000E+0	1.0000000E+2	0.0000000E+0
1.7706000E+2	6.6529115E+1	6.0393746E+1	0.0000000E+0	0.0000000E+0	1.0000000E+2	0.0000000E+0
1.7711100E+2	6.6551530E+1	6.0394712E+1	0.0000000E+0	0.0000000E+0	1.0000000E+2	0.0000000E+0
1.7716200E+2	6.6558158E+1	6.0386790E+1	0.0000000E+0	0.0000000E+0	1.0000000E+2	0.0000000E+0
1.7721200E+2	6.6578499E+1	6.0397278E+1	0.0000000E+0	0.0000000E+0	1.0000000E+2	0.0000000E+0
1.7726300E+2	6.6586970E+1	6.0391900E+1	0.0000000E+0	0.0000000E+0	1.0000000E+2	0.0000000E+0
1.7731300E+2	6.6588885E+1	6.0403302E+1	0.0000000E+0	0.0000000E+0	1.0000000E+2	0.0000000E+0
1.7736300E+2	6.6591248E+1	6.0393374E+1	0.0000000E+0	0.0000000E+0	1.0000000E+2	0.0000000E+0
1.7741300E+2	6.6603441E+1	6.0393513E+1	0.0000000E+0	0.0000000E+0	1.0000000E+2	0.0000000E+0
1.7746300E+2	6.6598716E+1	6.0378697E+1	0.0000000E+0	0.0000000E+0	1.0000000E+2	0.0000000E+0
1.7751400E+2	6.6592105E+1	6.0387781E+1	0.0000000E+0	0.0000000E+0	1.0000000E+2	0.0000000E+0
1.7756400E+2	6.6564536E+1	6.0374408E+1	0.0000000E+0	0.0000000E+0	1.0000000E+2	0.0000000E+0
1.7761400E+2	6.6593846E+1	6.0383111E+1	0.0000000E+0	0.0000000E+0	1.0000000E+2	0.0000000E+0
1.7766400E+2	6.6586752E+1	6.0385600E+1	0.0000000E+0	0.0000000E+0	1.0000000E+2	0.0000000E+0
1.7771500E+2	6.6553969E+1	6.0382779E+1	0.0000000E+0	0.0000000E+0	1.0000000E+2	0.0000000E+0
1.7776500E+2	6.6543985E+1	6.0385436E+1	0.0000000E+0	0.0000000E+0	1.0000000E+2	0.0000000E+0
1.7781500E+2	6.6552355E+1	6.0393584E+1	0.0000000E+0	0.0000000E+0	1.0000000E+2	0.0000000E+0
1.7786500E+2	6.6554058E+1	6.0398620E+1	0.0000000E+0	0.0000000E+0	1.0000000E+2	0.0000000E+0
1.7791500E+2	6.6545303E+1	6.0401474E+1	0.0000000E+0	0.0000000E+0	1.0000000E+2	0.0000000E+0
1.7796600E+2	6.6542692E+1	6.0398549E+1	0.0000000E+0	0.0000000E+0	1.0000000E+2	0.0000000E+0
1.7801600E+2	6.6539012E+1	6.0385813E+1	0.0000000E+0	0.0000000E+0	1.0000000E+2	0.0000000E+0
1.7806600E+2	6.6532159E+1	6.0399189E+1	0.0000000E+0	0.0000000E+0	1.0000000E+2	0.0000000E+0
1.7811600E+2	6.6542139E+1	6.0400148E+1	0.0000000E+0	0.0000000E+0	1.0000000E+2	0.0000000E+0
1.7816600E+2	6.6581869E+1	6.0419786E+1	0.0000000E+0	0.0000000E+0	1.0000000E+2	0.0000000E+0
1.7821700E+2	6.6574114E+1	6.0409113E+1	0.0000000E+0	0.0000000E+0	1.0000000E+2	0.0000000E+0
1.7826700E+2	6.6565271E+1	6.0399299E+1	0.0000000E+0	0.0000000E+0	1.0000000E+2	0.0000000E+0
1.7831700E+2	6.6553824E+1	6.0402005E+1	0.0000000E+0	0.0000000E+0	1.0000000E+2	0.0000000E+0
1.7836700E+2	6.6537018E+1	6.0413616E+1	0.0000000E+0	0.0000000E+0	1.0000000E+2	0.0000000E+0
1.7841700E+2	6.6542350E+1	6.0400088E+1	0.0000000E+0	0.0000000E+0	1.0000000E+2	0.0000000E+0
1.7846700E+2	6.6554512E+1	6.0400621E+1	0.0000000E+0	0.0000000E+0	1.0000000E+2	0.0000000E+0
1.7851700E+2	6.6546066E+1	6.0408743E+1	0.0000000E+0	0.0000000E+0	1.0000000E+2	0.0000000E+0
1.7856800E+2	6.6563977E+1	6.0395397E+1	0.0000000E+0	0.0000000E+0	1.0000000E+2	0.0000000E+0
1.7861900E+2	6.6563147E+1	6.0421127E+1	0.0000000E+0	0.0000000E+0	1.0000000E+2	0.0000000E+0
1.7866900E+2	6.6571468E+1	6.0407713E+1	0.0000000E+0	0.0000000E+0	1.0000000E+2	0.0000000E+0
1.7871900E+2	6.6586022E+1	6.0410862E+1	0.0000000E+0	0.0000000E+0	1.0000000E+2	0.0000000E+0
1.7876900E+2	6.6575950E+1	6.0415718E+1	0.0000000E+0	0.0000000E+0	1.0000000E+2	0.0000000E+0
1.7881900E+2	6.6578287E+1	6.0406238E+1	0.0000000E+0	0.0000000E+0	1.0000000E+2	0.0000000E+0
1.7886900E+2	6.6563958E+1	6.0415673E+1	0.0000000E+0	0.0000000E+0	1.0000000E+2	0.0000000E+0
1.7891900E+2	6.6564986E+1	6.0406621E+1	0.0000000E+0	0.0000000E+0	1.0000000E+2	0.0000000E+0
1.7896900E+2	6.6587227E+1	6.0432619E+1	0.0000000E+0	0.0000000E+0	1.0000000E+2	0.0000000E+0
1.7901900E+2	6.6593057E+1	6.0419444E+1	0.0000000E+0	0.0000000E+0	1.0000000E+2	0.0000000E+0
1.7906900E+2	6.6601482E+1	6.0411421E+1	0.0000000E+0	0.0000000E+0	1.0000000E+2	0.0000000E+0
1.7911900E+2	6.6613005E+1	6.0409375E+1	0.0000000E+0	0.0000000E+0	1.0000000E+2	0.0000000E+0
1.7916900E+2	6.6627276E+1	6.0419462E+1	0.0000000E+0	0.0000000E+0	1.0000000E+2	0.0000000E+0
1.7921900E+2	6.6633136E+1	6.0398715E+1	0.0000000E+0	0.0000000E+0	1.0000000E+2	0.0000000E+0
1.7926900E+2	6.6651437E+1	6.0407470E+1	0.0000000E+0	0.0000000E+0	1.0000000E+2	0.0000000E+0
1.7931900E+2	6.6664852E+1	6.0402684E+1	0.0000000E+0	0.0000000E+0	1.0000000E+2	0.0000000E+0
1.7936900E+2	6.6685897E+1	6.0408765E+1	0.0000000E+0	0.0000000E+0	1.0000000E+2	0.0000000E+0
1.7941900E+2	6.6697904E+1	6.0416673E+1	0.0000000E+0	0.0000000E+0	1.0000000E+2	0.0000000E+0
1.7946900E+2	6.6669858E+1	6.0412492E+1	0.0000000E+0	0.0000000E+0	1.0000000E+2	0.0000000E+0
1.7951900E+2	6.6634661E+1	6.0409220E+1	0.0000000E+0	0.0000000E+0	1.0000000E+2	0.0000000E+0
1.7956900E+2	6.6641712E+1	6.0408906E+1	0.0000000E+0	0.0000000E+0	1.0000000E+2	0.0000000E+0
1.7961900E+2	6.6635695E+1	6.0400614E+1	0.0000000E+0	0.0000000E+0	1.0000000E+2	0.0000000E+0
1.7966900E+2	6.6640138E+1	6.0410744E+1	0.0000000E+0	0.0000000E+0	1.0000000E+2	0.0000000E+0
1.7971900E+2	6.6647229E+1	6.0408821E+1	0.0000000E+0	0.0000000E+0	1.0000000E+2	0.0000000E+0
1.7976900E+2	6.6642615E+1	6.0401665E+1	0.0000000E+0	0.0000000E+0	1.0000000E+2	0.0000000E+0
1.7981900E+2	6.6634739E+1	6.0391411E+1	0.0000000E+0	0.0000000E+0	1.0000000E+2	0.0000000E+0
1.7987000E+2	6.6643850E+1	6.0398229E+1	0.0000000E+0	0.0000000E+0	1.0000000E+2	0.0000000E+0
1.7992000E+2	6.6654934E+1	6.0391784E+1	0.0000000E+0	0.0000000E+0	1.0000000E+2	0.0000000E+0
1.7997000E+2	6.6624099E+1	6.0379703E+1	0.0000000E+0	0.0000000E+0	1.0000000E+2	0.0000000E+0
1.8002100E+2	6.6586274E+1	6.0366006E+1	0.0000000E+0	0.0000000E+0	1.0000000E+2	0.0000000E+0
1.8007100E+2	6.6562944E+1	6.0379810E+1	0.0000000E+0	0.0000000E+0	1.0000000E+2	0.0000000E+0
1.8012100E+2	6.6560491E+1	6.0375097E+1	0.0000000E+0	0.0000000E+0	1.0000000E+2	0.0000000E+0
1.8017100E+2	6.6560249E+1	6.0394915E+1	0.0000000E+0	0.0000000E+0	1.0000000E+2	0.0000000E+0
1.8022100E+2	6.6554315E+1	6.0384436E+1	0.0000000E+0	0.0000000E+0	1.0000000E+2	0.0000000E+0
1.8027100E+2	6.6557410E+1	6.0383704E+1	0.0000000E+0	0.0000000E+0	1.0000000E+2	0.0000000E+0
1.8032100E+2	6.6549921E+1	6.0394307E+1	0.0000000E+0	0.0000000E+0	1.0000000E+2	0.0000000E+0
1.8037100E+2	6.6565480E+1	6.0393284E+1	0.0000000E+0	0.0000000E+0	1.0000000E+2	0.0000000E+0
1.8042100E+2	6.6560142E+1	6.0405490E+1	0.0000000E+0	0.0000000E+0	1.0000000E+2	0.0000000E+0
1.8047100E+2	6.6518526E+1	6.0395505E+1	0.0000000E+0	0.0000000E+0	1.0000000E+2	0.0000000E+0
1.8052100E+2	6.6470540E+1	6.0394453E+1	0.0000000E+0	0.0000000E+0	1.0000000E+2	0.0000000E+0
1.8057100E+2	6.6473189E+1	6.0389950E+1	0.0000000E+0	0.0000000E+0	1.0000000E+2	0.0000000E+0
1.8062100E+2	6.6479563E+1	6.0402819E+1	0.0000000E+0	0.0000000E+0	1.0000000E+2	0.0000000E+0
1.8067100E+2	6.6459572E+1	6.0395454E+1	0.0000000E+0	0.0000000E+0	1.0000000E+2	0.0000000E+0
1.8072100E+2	6.6435304E+1	6.0389422E+1	0.0000000E+0	0.0000000E+0	1.0000000E+2	0.0000000E+0
1.8077300E+2	6.6440709E+1	6.0393752E+1	0.0000000E+0	0.0000000E+0	1.0000000E+2	0.0000000E+0
1.8082300E+2	6.6463242E+1	6.0406669E+1	0.0000000E+0	0.0000000E+0	1.0000000E+2	0.0000000E+0
1.8087300E+2	6.6478669E+1	6.0394025E+1	0.0000000E+0	0.0000000E+0	1.0000000E+2	0.0000000E+0
1.8092300E+2	6.6485756E+1	6.0385870E+1	0.0000000E+0	0.0000000E+0	1.0000000E+2	0.0000000E+0
1.8097300E+2	6.6503238E+1	6.0394941E+1	0.0000000E+0	0.0000000E+0	1.0000000E+2	0.0000000E+0
1.8102300E+2	6.6496337E+1	6.0401628E+1	0.0000000E+0	0.0000000E+0	1.0000000E+2	0.0000000E+0
1.8107300E+2	6.6504306E+1	6.0393318E+1	0.0000000E+0	0.0000000E+0	1.0000000E+2	0.0000000E+0
1.8112300E+2	6.6501985E+1	6.0411355E+1	0.0000000E+0	0.0000000E+0	1.0000000E+2	0.0000000E+0
1.8117300E+2	6.6517031E+1	6.0414534E+1	0.0000000E+0	0.0000000E+0	1.0000000E+2	0.0000000E+0
1.8122300E+2	6.6523243E+1	6.0422109E+1	0.0000000E+0	0.0000000E+0	1.0000000E+2	0.0000000E+0
1.8127300E+2	6.6522525E+1	6.0407626E+1	0.0000000E+0	0.0000000E+0	1.0000000E+2	0.0000000E+0
1.8132300E+2	6.6529792E+1	6.0425623E+1	0.0000000E+0	0.0000000E+0	1.0000000E+2	0.0000000E+0
1.8137300E+2	6.6522150E+1	6.0410423E+1	0.0000000E+0	0.0000000E+0	1.0000000E+2	0.0000000E+0
1.8142300E+2	6.6511640E+1	6.0423319E+1	0.0000000E+0	0.0000000E+0	1.0000000E+2	0.0000000E+0
1.8147300E+2	6.6496451E+1	6.0422525E+1	0.0000000E+0	0.0000000E+0	1.0000000E+2	0.0000000E+0
1.8152300E+2	6.6437737E+1	6.0408040E+1	0.0000000E+0	0.0000000E+0	1.0000000E+2	0.0000000E+0
1.8157300E+2	6.6375844E+1	6.0410522E+1	0.0000000E+0	0.0000000E+0	1.0000000E+2	0.0000000E+0
1.8162300E+2	6.6393414E+1	6.0423346E+1	0.0000000E+0	0.0000000E+0	1.0000000E+2	0.0000000E+0
1.8167300E+2	6.6404760E+1	6.0432918E+1	0.0000000E+0	0.0000000E+0	1.0000000E+2	0.0000000E+0
1.8172300E+2	6.6384131E+1	6.0425968E+1	0.0000000E+0	0.0000000E+0	1.0000000E+2	0.0000000E+0
1.8177300E+2	6.6383150E+1	6.0435803E+1	0.0000000E+0	0.0000000E+0	1.0000000E+2	0.0000000E+0
1.8182300E+2	6.6383103E+1	6.0434049E+1	0.0000000E+0	0.0000000E+0	1.0000000E+2	0.0000000E+0
1.8187300E+2	6.6357008E+1	6.0417201E+1	0.0000000E+0	0.0000000E+0	1.0000000E+2	0.0000000E+0
1.8192300E+2	6.6343353E+1	6.0423133E+1	0.0000000E+0	0.0000000E+0	1.0000000E+2	0.0000000E+0
1.8197300E+2	6.6328910E+1	6.0403407E+1	0.0000000E+0	0.0000000E+0	1.0000000E+2	0.0000000E+0
1.8202300E+2	6.6338003E+1	6.0410761E+1	0.0000000E+0	0.0000000E+0	1.0000000E+2	0.0000000E+0
1.8207300E+2	6.6328899E+1	6.0408725E+1	0.0000000E+0	0.0000000E+0	1.0000000E+2	0.0000000E+0
1.8212300E+2	6.6330985E+1	6.0395892E+1	0.0000000E+0	0.0000000E+0	1.0000000E+2	0.0000000E+0
1.8217300E+2	6.6346096E+1	6.0395860E+1	0.0000000E+0	0.0000000E+0	1.0000000E+2	0.0000000E+0
1.8222300E+2	6.6397979E+1	6.0405314E+1	0.0000000E+0	0.0000000E+0	1.0000000E+2	0.0000000E+0
1.8227300E+2	6.6394917E+1	6.0401761E+1	0.0000000E+0	0.0000000E+0	1.0000000E+2	0.0000000E+0
1.8232300E+2	6.6396386E+1	6.0409023E+1	0.0000000E+0	0.0000000E+0	1.0000000E+2	0.0000000E+0
1.8237300E+2	6.6390654E+1	6.0412077E+1	0.0000000E+0	0.0000000E+0	1.0000000E+2	0.0000000E+0
1.8242300E+2	6.6407141E+1	6.0424005E+1	0.0000000E+0	0.0000000E+0	1.0000000E+2	0.0000000E+0
1.8247300E+2	6.6405623E+1	6.0423713E+1	0.0000000E+0	0.0000000E+0	1.0000000E+2	0.0000000E+0
1.8252300E+2	6.6379807E+1	6.0418565E+1	0.0000000E+0	0.0000000E+0	1.0000000E+2	0.0000000E+0
1.8257400E+2	6.6367720E+1	6.0407071E+1	0.0000000E+0	0.0000000E+0	1.0000000E+2	0.0000000E+0
1.8262400E+2	6.6365644E+1	6.0401222E+1	0.0000000E+0	0.0000000E+0	1.0000000E+2	0.0000000E+0
1.8267400E+2	6.6353983E+1	6.0418167E+1	0.0000000E+0	0.0000000E+0	1.0000000E+2	0.0000000E+0
1.8272400E+2	6.6336054E+1	6.0407618E+1	0.0000000E+0	0.0000000E+0	1.0000000E+2	0.0000000E+0
1.8277400E+2	6.6334782E+1	6.0418655E+1	0.0000000E+0	0.0000000E+0	1.0000000E+2	0.0000000E+0
1.8282500E+2	6.6338937E+1	6.0399689E+1	0.0000000E+0	0.0000000E+0	1.0000000E+2	0.0000000E+0
1.8287500E+2	6.6341179E+1	6.0394581E+1	0.0000000E+0	0.0000000E+0	1.0000000E+2	0.0000000E+0
1.8292500E+2	6.6329963E+1	6.0371138E+1	0.0000000E+0	0.0000000E+0	1.0000000E+2	0.0000000E+0
1.8297500E+2	6.6358733E+1	6.0400282E+1	0.0000000E+0	0.0000000E+0	1.0000000E+2	0.0000000E+0
1.8302500E+2	6.6377268E+1	6.0403381E+1	0.0000000E+0	0.0000000E+0	1.0000000E+2	0.0000000E+0
1.8307500E+2	6.6418446E+1	6.0426027E+1	0.0000000E+0	0.0000000E+0	1.0000000E+2	0.0000000E+0
1.8312500E+2	6.6426251E+1	6.0433862E+1	0.0000000E+0	0.0000000E+0	1.0000000E+2	0.0000000E+0
1.8317500E+2	6.6436312E+1	6.0431000E+1	0.0000000E+0	0.0000000E+0	1.0000000E+2	0.0000000E+0
1.8322500E+2	6.6455433E+1	6.0436058E+1	0.0000000E+0	0.0000000E+0	1.0000000E+2	0.0000000E+0
1.8327500E+2	6.6471163E+1	6.0423780E+1	0.0000000E+0	0.0000000E+0	1.0000000E+2	0.0000000E+0
1.8332500E+2	6.6473212E+1	6.0420367E+1	0.0000000E+0	0.0000000E+0	1.0000000E+2	0.0000000E+0
1.8337500E+2	6.6490235E+1	6.0437878E+1	0.0000000E+0	0.0000000E+0	1.0000000E+2	0.0000000E+0
1.8342500E+2	6.6474936E+1	6.0421046E+1	0.0000000E+0	0.0000000E+0	1.0000000E+2	0.0000000E+0
1.8347500E+2	6.6461452E+1	6.0412798E+1	0.0000000E+0	0.0000000E+0	1.0000000E+2	0.0000000E+0
1.8352600E+2	6.6493669E+1	6.0421705E+1	0.0000000E+0	0.0000000E+0	1.0000000E+2	0.0000000E+0
1.8357700E+2	6.6492609E+1	6.0410400E+1	0.0000000E+0	0.0000000E+0	1.0000000E+2	0.0000000E+0
1.8362800E+2	6.6512127E+1	6.0415307E+1	0.0000000E+0	0.0000000E+0	1.0000000E+2	0.0000000E+0
1.8367800E+2	6.6523548E+1	6.0426497E+1	0.0000000E+0	0.0000000E+0	1.0000000E+2	0.0000000E+0
1.8372800E+2	6.6515908E+1	6.0431831E+1	0.0000000E+0	0.0000000E+0	1.0000000E+2	0.0000000E+0
1.8377900E+2	6.6459068E+1	6.0416772E+1	0.0000000E+0	0.0000000E+0	1.0000000E+2	0.0000000E+0
1.8382900E+2	6.6437543E+1	6.0424995E+1	0.0000000E+0	0.0000000E+0	1.0000000E+2	0.0000000E+0
1.8387900E+2	6.6453907E+1	6.0429682E+1	0.0000000E+0	0.0000000E+0	1.0000000E+2	0.0000000E+0
1.8392900E+2	6.6467781E+1	6.0435081E+1	0.0000000E+0	0.0000000E+0	1.0000000E+2	0.0000000E+0
1.8397900E+2	6.6457598E+1	6.0420621E+1	0.0000000E+0	0.0000000E+0	1.0000000E+2	0.0000000E+0
1.8402900E+2	6.6471860E+1	6.0427740E+1	0.0000000E+0	0.0000000E+0	1.0000000E+2	0.0000000E+0
1.8407900E+2	6.6503759E+1	6.0423455E+1	0.0000000E+0	0.0000000E+0	1.0000000E+2	0.0000000E+0
1.8413000E+2	6.6517506E+1	6.0416872E+1	0.0000000E+0	0.0000000E+0	1.0000000E+2	0.0000000E+0
1.8418100E+2	6.6517424E+1	6.0421709E+1	0.0000000E+0	0.0000000E+0	1.0000000E+2	0.0000000E+0
1.8423100E+2	6.6527357E+1	6.0426573E+1	0.0000000E+0	0.0000000E+0	1.0000000E+2	0.0000000E+0
1.8428200E+2	6.6539701E+1	6.0418681E+1	0.0000000E+0	0.0000000E+0	1.0000000E+2	0.0000000E+0
1.8433200E+2	6.6545359E+1	6.0427714E+1	0.0000000E+0	0.0000000E+0	1.0000000E+2	0.0000000E+0
1.8438200E+2	6.6554196E+1	6.0431703E+1	0.0000000E+0	0.0000000E+0	1.0000000E+2	0.0000000E+0
1.8443200E+2	6.6570810E+1	6.0432663E+1	0.0000000E+0	0.0000000E+0	1.0000000E+2	0.0000000E+0
1.8448200E+2	6.6572584E+1	6.0427111E+1	0.0000000E+0	0.0000000E+0	1.0000000E+2	0.0000000E+0
1.8453200E+2	6.6594423E+1	6.0447802E+1	0.0000000E+0	0.0000000E+0	1.0000000E+2	0.0000000E+0
1.8458200E+2	6.6585690E+1	6.0440527E+1	0.0000000E+0	0.0000000E+0	1.0000000E+2	0.0000000E+0
1.8463200E+2	6.6557315E+1	6.0443420E+1	0.0000000E+0	0.0000000E+0	1.0000000E+2	0.0000000E+0
1.8468300E+2	6.6528304E+1	6.0435932E+1	0.0000000E+0	0.0000000E+0	1.0000000E+2	0.0000000E+0
1.8473300E+2	6.6521533E+1	6.0432606E+1	0.0000000E+0	0.0000000E+0	1.0000000E+2	0.0000000E+0
1.8478300E+2	6.6509798E+1	6.0440713E+1	0.0000000E+0	0.0000000E+0	1.0000000E+2	0.0000000E+0
1.8483300E+2	6.6514054E+1	6.0438063E+1	0.0000000E+0	0.0000000E+0	1.0000000E+2	0.0000000E+0
1.8488300E+2	6.6509612E+1	6.0455580E+1	0.0000000E+0	0.0000000E+0	1.0000000E+2	0.0000000E+0
1.8493300E+2	6.6496059E+1	6.0447574E+1	0.0000000E+0	0.0000000E+0	1.0000000E+2	0.0000000E+0
1.8498400E+2	6.6487504E+1	6.0445386E+1	0.0000000E+0	0.0000000E+0	1.0000000E+2	0.0000000E+0
1.8503400E+2	6.6423661E+1	6.0429360E+1	0.0000000E+0	0.0000000E+0	1.0000000E+2	0.0000000E+0
1.8508400E+2	6.6407111E+1	6.0417760E+1	0.0000000E+0	0.0000000E+0	1.0000000E+2	0.0000000E+0
1.8513400E+2	6.6410339E+1	6.0432318E+1	0.0000000E+0	0.0000000E+0	1.0000000E+2	0.0000000E+0
1.8518400E+2	6.6423301E+1	6.0434604E+1	0.0000000E+0	0.0000000E+0	1.0000000E+2	0.0000000E+0
1.8523500E+2	6.6431308E+1	6.0440864E+1	0.0000000E+0	0.0000000E+0	1.0000000E+2	0.0000000E+0
1.8528500E+2	6.6441211E+1	6.0441684E+1	0.0000000E+0	0.0000000E+0	1.0000000E+2	0.0000000E+0
1.8533500E+2	6.6426407E+1	6.0450865E+1	0.0000000E+0	0.0000000E+0	1.0000000E+2	0.0000000E+0
1.8538500E+2	6.6424997E+1	6.0442123E+1	0.0000000E+0	0.0000000E+0	1.0000000E+2	0.0000000E+0
1.8543500E+2	6.6399057E+1	6.0438680E+1	0.0000000E+0	0.0000000E+0	1.0000000E+2	0.0000000E+0
1.8548500E+2	6.6380381E+1	6.0431422E+1	0.0000000E+0	0.0000000E+0	1.0000000E+2	0.0000000E+0
1.8553600E+2	6.6370316E+1	6.0437494E+1	0.0000000E+0	0.0000000E+0	1.0000000E+2	0.0000000E+0
1.8558600E+2	6.6384605E+1	6.0436884E+1	0.0000000E+0	0.0000000E+0	1.0000000E+2	0.0000000E+0
1.8563600E+2	6.6387122E+1	6.0440434E+1	0.0000000E+0	0.0000000E+0	1.0000000E+2	0.0000000E+0
1.8568600E+2	6.6389759E+1	6.0433858E+1	0.0000000E+0	0.0000000E+0	1.0000000E+2	0.0000000E+0
1.8573600E+2	6.6401335E+1	6.0448724E+1	0.0000000E+0	0.0000000E+0	1.0000000E+2	0.0000000E+0
1.8578700E+2	6.6384873E+1	6.0435784E+1	0.0000000E+0	0.0000000E+0	1.0000000E+2	0.0000000E+0
1.8583700E+2	6.6407259E+1	6.0441504E+1	0.0000000E+0	0.0000000E+0	1.0000000E+2	0.0000000E+0
1.8588700E+2	6.6417334E+1	6.0439222E+1	0.0000000E+0	0.0000000E+0	1.0000000E+2	0.0000000E+0
1.8593800E+2	6.6424518E+1	6.0450133E+1	0.0000000E+0	0.0000000E+0	1.0000000E+2	0.0000000E+0
1.8598800E+2	6.6413109E+1	6.0444949E+1	0.0000000E+0	0.0000000E+0	1.0000000E+2	0.0000000E+0
1.8603800E+2	6.6407721E+1	6.0446162E+1	0.0000000E+0	0.0000000E+0	1.0000000E+2	0.0000000E+0
1.8608800E+2	6.6381344E+1	6.0446544E+1	0.0000000E+0	0.0000000E+0	1.0000000E+2	0.0000000E+0
1.8613800E+2	6.6336999E+1	6.0426045E+1	0.0000000E+0	0.0000000E+0	1.0000000E+2	0.0000000E+0
1.8618800E+2	6.6340567E+1	6.0427936E+1	0.0000000E+0	0.0000000E+0	1.0000000E+2	0.0000000E+0
1.8623800E+2	6.6352397E+1	6.0457015E+1	0.0000000E+0	0.0000000E+0	1.0000000E+2	0.0000000E+0
1.8628800E+2	6.6338319E+1	6.0443480E+1	0.0000000E+0	0.0000000E+0	1.0000000E+2	0.0000000E+0
1.8633900E+2	6.6341043E+1	6.0446282E+1	0.0000000E+0	0.0000000E+0	1.0000000E+2	0.0000000E+0
1.8638900E+2	6.6341605E+1	6.0452572E+1	0.0000000E+0	0.0000000E+0	1.0000000E+2	0.0000000E+0
1.8643900E+2	6.6334945E+1	6.0443395E+1	0.0000000E+0	0.0000000E+0	1.0000000E+2	0.0000000E+0
1.8648900E+2	6.6348536E+1	6.0440543E+1	0.0000000E+0	0.0000000E+0	1.0000000E+2	0.0000000E+0
1.8653900E+2	6.6349794E+1	6.0442445E+1	0.0000000E+0	0.0000000E+0	1.0000000E+2	0.0000000E+0
1.8659000E+2	6.6342047E+1	6.0441471E+1	0.0000000E+0	0.0000000E+0	1.0000000E+2	0.0000000E+0
1.8664000E+2	6.6339532E+1	6.0441965E+1	0.0000000E+0	0.0000000E+0	1.0000000E+2	0.0000000E+0
1.8669000E+2	6.6349940E+1	6.0432221E+1	0.0000000E+0	0.0000000E+0	1.0000000E+2	0.0000000E+0
1.8674000E+2	6.6360180E+1	6.0442329E+1	0.0000000E+0	0.0000000E+0	1.0000000E+2	0.0000000E+0
1.8679000E+2	6.6366791E+1	6.0444929E+1	0.0000000E+0	0.0000000E+0	1.0000000E+2	0.0000000E+0
1.8684000E+2	6.6399054E+1	6.0445360E+1	0.0000000E+0	0.0000000E+0	1.0000000E+2	0.0000000E+0
1.8689000E+2	6.6400752E+1	6.0436927E+1	0.0000000E+0	0.0000000E+0	1.0000000E+2	0.0000000E+0
1.8694000E+2	6.6423371E+1	6.0448380E+1	0.0000000E+0	0.0000000E+0	1.0000000E+2	0.0000000E+0
1.8699100E+2	6.6420262E+1	6.0439950E+1	0.0000000E+0	0.0000000E+0	1.0000000E+2	0.0000000E+0
1.8704100E+2	6.6422732E+1	6.0443751E+1	0.0000000E+0	0.0000000E+0	1.0000000E+2	0.0000000E+0
1.8709200E+2	6.6421034E+1	6.0448132E+1	0.0000000E+0	0.0000000E+0	1.0000000E+2	0.0000000E+0
1.8714200E+2	6.6386316E+1	6.0436305E+1	0.0000000E+0	0.0000000E+0	1.0000000E+2	0.0000000E+0
1.8719200E+2	6.6358839E+1	6.0421027E+1	0.0000000E+0	0.0000000E+0	1.0000000E+2	0.0000000E+0
1.8724200E+2	6.6356276E+1	6.0430349E+1	0.0000000E+0	0.0000000E+0	1.0000000E+2	0.0000000E+0
1.8729200E+2	6.6340730E+1	6.0420658E+1	0.0000000E+0	0.0000000E+0	1.0000000E+2	0.0000000E+0
1.8734200E+2	6.6311400E+1	6.0422514E+1	0.0000000E+0	0.0000000E+0	1.0000000E+2	0.0000000E+0
1.8739200E+2	6.6302330E+1	6.0422423E+1	0.0000000E+0	0.0000000E+0	1.0000000E+2	0.0000000E+0
1.8744200E+2	6.6318098E+1	6.0435533E+1	0.0000000E+0	0.0000000E+0	1.0000000E+2	0.0000000E+0
1.8749200E+2	6.6306799E+1	6.0427041E+1	0.0000000E+0	0.0000000E+0	1.0000000E+2	0.0000000E+0
1.8754200E+2	6.6293114E+1	6.0417966E+1	0.0000000E+0	0.0000000E+0	1.0000000E+2	0.0000000E+0
1.8759200E+2	6.6309038E+1	6.0435074E+1	0.0000000E+0	0.0000000E+0	1.0000000E+2	0.0000000E+0
1.8764200E+2	6.6288408E+1	6.0428646E+1	0.0000000E+0	0.0000000E+0	1.0000000E+2	0.0000000E+0
1.8769200E+2	6.6269804E+1	6.0432476E+1	0.0000000E+0	0.0000000E+0	1.0000000E+2	0.0000000E+0
1.8774300E+2	6.6273846E+1	6.0445528E+1	0.0000000E+0	0.0000000E+0	1.0000000E+2	0.0000000E+0
1.8779300E+2	6.6265535E+1	6.0432904E+1	0.0000000E+0	0.0000000E+0	1.0000000E+2	0.0000000E+0
1.8784300E+2	6.6281555E+1	6.0453840E+1	0.0000000E+0	0.0000000E+0	1.0000000E+2	0.0000000E+0
1.8789300E+2	6.6262270E+1	6.0437664E+1	0.0000000E+0	0.0000000E+0	1.0000000E+2	0.0000000E+0
1.8794300E+2	6.6264335E+1	6.0431170E+1	0.0000000E+0	0.0000000E+0	1.0000000E+2	0.0000000E+0
1.8799300E+2	6.6281418E+1	6.0449635E+1	0.0000000E+0	0.0000000E+0	1.0000000E+2	0.0000000E+0
1.8804400E+2	6.6291019E+1	6.0448006E+1	0.0000000E+0	0.0000000E+0	1.0000000E+2	0.0000000E+0
1.8809400E+2	6.6288101E+1	6.0451878E+1	0.0000000E+0	0.0000000E+0	1.0000000E+2	0.0000000E+0
1.8814400E+2	6.6294122E+1	6.0446663E+1	0.0000000E+0	0.0000000E+0	1.0000000E+2	0.0000000E+0
1.8819400E+2	6.6320118E+1	6.0454810E+1	0.0000000E+0	0.0000000E+0	1.0000000E+2	0.0000000E+0
1.8824400E+2	6.6313153E+1	6.0449256E+1	0.0000000E+0	0.0000000E+0	1.0000000E+2	0.0000000E+0
1.8829400E+2	6.6294693E+1	6.0449968E+1	0.0000000E+0	0.0000000E+0	1.0000000E+2	0.0000000E+0
1.8834400E+2	6.6298034E+1	6.0434132E+1	0.0000000E+0	0.0000000E+0	1.0000000E+2	0.0000000E+0
1.8839400E+2	6.6282566E+1	6.0444319E+1	0.0000000E+0	0.0000000E+0	1.0000000E+2	0.0000000E+0
1.8844400E+2	6.6260485E+1	6.0448098E+1	0.0000000E+0	0.0000000E+0	1.0000000E+2	0.0000000E+0
1.8849500E+2	6.6256656E+1	6.0441254E+1	0.0000000E+0	0.0000000E+0	1.0000000E+2	0.0000000E+0
1.8854500E+2	6.6276379E+1	6.0457472E+1	0.0000000E+0	0.0000000E+0	1.0000000E+2	0.0000000E+0
1.8859500E+2	6.6283365E+1	6.0451264E+1	0.0000000E+0	0.0000000E+0	1.0000000E+2	0.0000000E+0
1.8864500E+2	6.6287452E+1	6.0452733E+1	0.0000000E+0	0.0000000E+0	1.0000000E+2	0.0000000E+0
1.8869600E+2	6.6296091E+1	6.0439499E+1	0.0000000E+0	0.0000000E+0	1.0000000E+2	0.0000000E+0
1.8874600E+2	6.6297551E+1	6.0430238E+1	0.0000000E+0	0.0000000E+0	1.0000000E+2	0.0000000E+0
1.8879600E+2	6.6312078E+1	6.0454876E+1	0.0000000E+0	0.0000000E+0	1.0000000E+2	0.0000000E+0
1.8884600E+2	6.6327665E+1	6.0446718E+1	0.0000000E+0	0.0000000E+0	1.0000000E+2	0.0000000E+0
1.8889700E+2	6.6330741E+1	6.0451209E+1	0.0000000E+0	0.0000000E+0	1.0000000E+2	0.0000000E+0
1.8894700E+2	6.6348040E+1	6.0454264E+1	0.0000000E+0	0.0000000E+0	1.0000000E+2	0.0000000E+0
1.8899700E+2	6.6347997E+1	6.0448620E+1	0.0000000E+0	0.0000000E+0	1.0000000E+2	0.0000000E+0
1.8904700E+2	6.6351700E+1	6.0443041E+1	0.0000000E+0	0.0000000E+0	1.0000000E+2	0.0000000E+0
1.8909700E+2	6.6348979E+1	6.0437908E+1	0.0000000E+0	0.0000000E+0	1.0000000E+2	0.0000000E+0
1.8914700E+2	6.6349756E+1	6.0438021E+1	0.0000000E+0	0.0000000E+0	1.0000000E+2	0.0000000E+0
1.8919700E+2	6.6373192E+1	6.0457345E+1	0.0000000E+0	0.0000000E+0	1.0000000E+2	0.0000000E+0
1.8924900E+2	6.6370298E+1	6.0449874E+1	0.0000000E+0	0.0000000E+0	1.0000000E+2	0.0000000E+0
1.8929900E+2	6.6392271E+1	6.0451485E+1	0.0000000E+0	0.0000000E+0	1.0000000E+2	0.0000000E+0
1.8934900E+2	6.6415863E+1	6.0448310E+1	0.0000000E+0	0.0000000E+0	1.0000000E+2	0.0000000E+0
1.8939900E+2	6.6390204E+1	6.0466407E+1	0.0000000E+0	0.0000000E+0	1.0000000E+2	0.0000000E+0
1.8944900E+2	6.6361127E+1	6.0468775E+1	0.0000000E+0	0.0000000E+0	1.0000000E+2	0.0000000E+0
1.8950000E+2	6.6365104E+1	6.0467724E+1	0.0000000E+0	0.0000000E+0	1.0000000E+2	0.0000000E+0
1.8955100E+2	6.6376497E+1	6.0474020E+1	0.0000000E+0	0.0000000E+0	1.0000000E+2	0.0000000E+0
1.8960100E+2	6.6377337E+1	6.0474506E+1	0.0000000E+0	0.0000000E+0	1.0000000E+2	0.0000000E+0
1.8965100E+2	6.6372352E+1	6.0461814E+1	0.0000000E+0	0.0000000E+0	1.0000000E+2	0.0000000E+0
1.8970200E+2	6.6380373E+1	6.0464087E+1	0.0000000E+0	0.0000000E+0	1.0000000E+2	0.0000000E+0
1.8975300E+2	6.6363433E+1	6.0457249E+1	0.0000000E+0	0.0000000E+0	1.0000000E+2	0.0000000E+0
1.8980300E+2	6.6358239E+1	6.0458501E+1	0.0000000E+0	0.0000000E+0	1.0000000E+2	0.0000000E+0
1.8985400E+2	6.6358195E+1	6.0457210E+1	0.0000000E+0	0.0000000E+0	1.0000000E+2	0.0000000E+0
1.8990400E+2	6.6384987E+1	6.0467987E+1	0.0000000E+0	0.0000000E+0	1.0000000E+2	0.0000000E+0
1.8995400E+2	6.6401037E+1	6.0461889E+1	0.0000000E+0	0.0000000E+0	1.0000000E+2	0.0000000E+0
1.9000400E+2	6.6403283E+1	6.0455839E+1	0.0000000E+0	0.0000000E+0	1.0000000E+2	0.0000000E+0
1.9005400E+2	6.6401949E+1	6.0452132E+1	0.0000000E+0	0.0000000E+0	1.0000000E+2	0.0000000E+0
1.9010400E+2	6.6402005E+1	6.0451551E+1	0.0000000E+0	0.0000000E+0	1.0000000E+2	0.0000000E+0
1.9015400E+2	6.6403615E+1	6.0455531E+1	0.0000000E+0	0.0000000E+0	1.0000000E+2	0.0000000E+0
1.9020400E+2	6.6384373E+1	6.0440864E+1	0.0000000E+0	0.0000000E+0	1.0000000E+2	0.0000000E+0
1.9025400E+2	6.6416739E+1	6.0451541E+1	0.0000000E+0	0.0000000E+0	1.0000000E+2	0.0000000E+0
1.9030400E+2	6.6423964E+1	6.0459295E+1	0.0000000E+0	0.0000000E+0	1.0000000E+2	0.0000000E+0
1.9035400E+2	6.6410886E+1	6.0458992E+1	0.0000000E+0	0.0000000E+0	1.0000000E+2	0.0000000E+0
1.9040400E+2	6.6419819E+1	6.0453752E+1	0.0000000E+0	0.0000000E+0	1.0000000E+2	0.0000000E+0
1.9045400E+2	6.6431740E+1	6.0468977E+1	0.0000000E+0	0.0000000E+0	1.0000000E+2	0.0000000E+0
1.9050400E+2	6.6444189E+1	6.0461796E+1	0.0000000E+0	0.0000000E+0	1.0000000E+2	0.0000000E+0
1.9055400E+2	6.6449361E+1	6.0473918E+1	0.0000000E+0	0.0000000E+0	1.0000000E+2	0.0000000E+0
1.9060400E+2	6.6422012E+1	6.0460243E+1	0.0000000E+0	0.0000000E+0	1.0000000E+2	0.0000000E+0
1.9065400E+2	6.6370949E+1	6.0451651E+1	0.0000000E+0	0.0000000E+0	1.0000000E+2	0.0000000E+0
1.9070400E+2	6.6328683E+1	6.0446700E+1	0.0000000E+0	0.0000000E+0	1.0000000E+2	0.0000000E+0
1.9075400E+2	6.6321502E+1	6.0446711E+1	0.0000000E+0	0.0000000E+0	1.0000000E+2	0.0000000E+0
1.9080500E+2	6.6331060E+1	6.0466899E+1	0.0000000E+0	0.0000000E+0	1.0000000E+2	0.0000000E+0
1.9085600E+2	6.6342560E+1	6.0465675E+1	0.0000000E+0	0.0000000E+0	1.0000000E+2	0.0000000E+0
1.9090700E+2	6.6347167E+1	6.0460068E+1	0.0000000E+0	0.0000000E+0	1.0000000E+2	0.0000000E+0
1.9095800E+2	6.6348039E+1	6.0462701E+1	0.0000000E+0	0.0000000E+0	1.0000000E+2	0.0000000E+0
1.9100800E+2	6.6330970E+1	6.0462961E+1	0.0000000E+0	0.0000000E+0	1.0000000E+2	0.0000000E+0
1.9105900E+2	6.6318821E+1	6.0473915E+1	0.0000000E+0	0.0000000E+0	1.0000000E+2	0.0000000E+0
1.9110900E+2	6.6307752E+1	6.0476860E+1	0.0000000E+0	0.0000000E+0	1.0000000E+2	0.0000000E+0
1.9115900E+2	6.6287805E+1	6.0463069E+1	0.0000000E+0	0.0000000E+0	1.0000000E+2	0.0000000E+0
1.9120900E+2	6.6281666E+1	6.0460794E+1	0.0000000E+0	0.0000000E+0	1.0000000E+2	0.0000000E+0
1.9126000E+2	6.6266820E+1	6.0448563E+1	0.0000000E+0	0.0000000E+0	1.0000000E+2	0.0000000E+0
1.9131000E+2	6.6253638E+1	6.0458325E+1	0.0000000E+0	0.0000000E+0	1.0000000E+2	0.0000000E+0
1.9136000E+2	6.6256445E+1	6.0455820E+1	0.0000000E+0	0.0000000E+0	1.0000000E+2	0.0000000E+0
1.9141000E+2	6.6277729E+1	6.0468734E+1	0.0000000E+0	0.0000000E+0	1.0000000E+2	0.0000000E+0
1.9146000E+2	6.6292248E+1	6.0463129E+1	0.0000000E+0	0.0000000E+0	1.0000000E+2	0.0000000E+0
1.9151100E+2	6.6291299E+1	6.0456938E+1	0.0000000E+0	0.0000000E+0	1.0000000E+2	0.0000000E+0
1.9156200E+2	6.6296859E+1	6.0463490E+1	0.0000000E+0	0.0000000E+0	1.0000000E+2	0.0000000E+0
1.9161300E+2	6.6311251E+1	6.0450120E+1	0.0000000E+0	0.0000000E+0	1.0000000E+2	0.0000000E+0
1.9166300E+2	6.6323174E+1	6.0460863E+1	0.0000000E+0	0.0000000E+0	1.0000000E+2	0.0000000E+0
1.9171300E+2	6.6341694E+1	6.0452476E+1	0.0000000E+0	0.0000000E+0	1.0000000E+2	0.0000000E+0
1.9176300E+2	6.6385939E+1	6.0463225E+1	0.0000000E+0	0.0000000E+0	1.0000000E+2	0.0000000E+0
1.9181300E+2	6.6417112E+1	6.0456153E+1	0.0000000E+0	0.0000000E+0	1.0000000E+2	0.0000000E+0
1.9186300E+2	6.6427547E+1	6.0447739E+1	0.0000000E+0	0.0000000E+0	1.0000000E+2	0.0000000E+0
1.9191300E+2	6.6440658E+1	6.0457808E+1	0.0000000E+0	0.0000000E+0	1.0000000E+2	0.0000000E+0
1.9196300E+2	6.6411560E+1	6.0468614E+1	0.0000000E+0	0.0000000E+0	1.0000000E+2	0.0000000E+0
1.9201300E+2	6.6377181E+1	6.0472583E+1	0.0000000E+0	0.0000000E+0	1.0000000E+2	0.0000000E+0
1.9206300E+2	6.6352668E+1	6.0460061E+1	0.0000000E+0	0.0000000E+0	1.0000000E+2	0.0000000E+0
1.9211300E+2	6.6358731E+1	6.0461443E+1	0.0000000E+0	0.0000000E+0	1.0000000E+2	0.0000000E+0
1.9216300E+2	6.6367949E+1	6.0459829E+1	0.0000000E+0	0.0000000E+0	1.0000000E+2	0.0000000E+0
1.9221300E+2	6.6372188E+1	6.0475720E+1	0.0000000E+0	0.0000000E+0	1.0000000E+2	0.0000000E+0
1.9226300E+2	6.6367407E+1	6.0486728E+1	0.0000000E+0	0.0000000E+0	1.0000000E+2	0.0000000E+0
1.9231400E+2	6.6372717E+1	6.0487170E+1	0.0000000E+0	0.0000000E+0	1.0000000E+2	0.0000000E+0
1.9236400E+2	6.6387765E+1	6.0494294E+1	0.0000000E+0	0.0000000E+0	1.0000000E+2	0.0000000E+0
1.9241400E+2	6.6380143E+1	6.0470344E+1	0.0000000E+0	0.0000000E+0	1.0000000E+2	0.0000000E+0
1.9246400E+2	6.6401234E+1	6.0494577E+1	0.0000000E+0	0.0000000E+0	1.0000000E+2	0.0000000E+0
1.9251400E+2	6.6390099E+1	6.0501500E+1	0.0000000E+0	0.0000000E+0	1.0000000E+2	0.0000000E+0
1.9256400E+2	6.6366923E+1	6.0499856E+1	0.0000000E+0	0.0000000E+0	1.0000000E+2	0.0000000E+0
1.9261400E+2	6.6357622E+1	6.0497688E+1	0.0000000E+0	0.0000000E+0	1.0000000E+2	0.0000000E+0
1.9266400E+2	6.6363285E+1	6.0487979E+1	0.0000000E+0	0.0000000E+0	1.0000000E+2	0.0000000E+0
1.9271400E+2	6.6371956E+1	6.0484698E+1	0.0000000E+0	0.0000000E+0	1.0000000E+2	0.0000000E+0
1.9276400E+2	6.6365502E+1	6.0495801E+1	0.0000000E+0	0.0000000E+0	1.0000000E+2	0.0000000E+0
1.9281400E+2	6.6387857E+1	6.0483323E+1	0.0000000E+0	0.0000000E+0	1.0000000E+2	0.0000000E+0
1.9286400E+2	6.6404531E+1	6.0496308E+1	0.0000000E+0	0.0000000E+0	1.0000000E+2	0.0000000E+0
1.9291400E+2	6.6421370E+1	6.0496216E+1	0.0000000E+0	0.0000000E+0	1.0000000E+2	0.0000000E+0
1.9296500E+2	6.6435982E+1	6.0499560E+1	0.0000000E+0	0.0000000E+0	1.0000000E+2	0.0000000E+0
1.9301600E+2	6.6446327E+1	6.0486531E+1	0.0000000E+0	0.0000000E+0	1.0000000E+2	0.0000000E+0
1.9306600E+2	6.6452902E+1	6.0474353E+1	0.0000000E+0	0.0000000E+0	1.0000000E+2	0.0000000E+0
1.9311600E+2	6.6498522E+1	6.0487153E+1	0.0000000E+0	0.0000000E+0	1.0000000E+2	0.0000000E+0
1.9316600E+2	6.6518956E+1	6.0494551E+1	0.0000000E+0	0.0000000E+0	1.0000000E+2	0.0000000E+0
1.9321600E+2	6.6525998E+1	6.0493922E+1	0.0000000E+0	0.0000000E+0	1.0000000E+2	0.0000000E+0
1.9326600E+2	6.6554962E+1	6.0485024E+1	0.0000000E+0	0.0000000E+0	1.0000000E+2	0.0000000E+0
1.9331700E+2	6.6575139E+1	6.0498599E+1	0.0000000E+0	0.0000000E+0	1.0000000E+2	0.0000000E+0
1.9336800E+2	6.6576091E+1	6.0484214E+1	0.0000000E+0	0.0000000E+0	1.0000000E+2	0.0000000E+0
1.9341800E+2	6.6589201E+1	6.0475402E+1	0.0000000E+0	0.0000000E+0	1.0000000E+2	0.0000000E+0
1.9346800E+2	6.6596882E+1	6.0482388E+1	0.0000000E+0	0.0000000E+0	1.0000000E+2	0.0000000E+0
1.9351800E+2	6.6630189E+1	6.0484083E+1	0.0000000E+0	0.0000000E+0	1.0000000E+2	0.0000000E+0
1.9356900E+2	6.6542820E+1	6.0483652E+1	0.0000000E+0	0.0000000E+0	1.0000000E+2	0.0000000E+0
1.9361900E+2	6.6549916E+1	6.0491678E+1	0.0000000E+0	0.0000000E+0	1.0000000E+2	0.0000000E+0
1.9367000E+2	6.6558160E+1	6.0483775E+1	0.0000000E+0	0.0000000E+0	1.0000000E+2	0.0000000E+0
1.9372000E+2	6.6585033E+1	6.0487007E+1	0.0000000E+0	0.0000000E+0	1.0000000E+2	0.0000000E+0
1.9377000E+2	6.6599824E+1	6.0487391E+1	0.0000000E+0	0.0000000E+0	1.0000000E+2	0.0000000E+0
1.9382000E+2	6.6619604E+1	6.0500312E+1	0.0000000E+0	0.0000000E+0	1.0000000E+2	0.0000000E+0
1.9387000E+2	6.6610068E+1	6.0496212E+1	0.0000000E+0	0.0000000E+0	1.0000000E+2	0.0000000E+0
1.9392000E+2	6.6651388E+1	6.0513133E+1	0.0000000E+0	0.0000000E+0	1.0000000E+2	0.0000000E+0
1.9397100E+2	6.6650261E+1	6.0506517E+1	0.0000000E+0	0.0000000E+0	1.0000000E+2	0.0000000E+0
1.9402100E+2	6.6646481E+1	6.0486099E+1	0.0000000E+0	0.0000000E+0	1.0000000E+2	0.0000000E+0
1.9407200E+2	6.6646156E+1	6.0489448E+1	0.0000000E+0	0.0000000E+0	1.0000000E+2	0.0000000E+0
1.9412200E+2	6.6657071E+1	6.0490366E+1	0.0000000E+0	0.0000000E+0	1.0000000E+2	0.0000000E+0
1.9417200E+2	6.6653764E+1	6.0494525E+1	0.0000000E+0	0.0000000E+0	1.0000000E+2	0.0000000E+0
1.9422200E+2	6.6694621E+1	6.0493906E+1	0.0000000E+0	0.0000000E+0	1.0000000E+2	0.0000000E+0
1.9427200E+2	6.6710431E+1	6.0482680E+1	0.0000000E+0	0.0000000E+0	1.0000000E+2	0.0000000E+0
1.9432200E+2	6.6740784E+1	6.0491994E+1	0.0000000E+0	0.0000000E+0	1.0000000E+2	0.0000000E+0
1.9437200E+2	6.6738745E+1	6.0496005E+1	0.0000000E+0	0.0000000E+0	1.0000000E+2	0.0000000E+0
1.9442200E+2	6.6734174E+1	6.0497739E+1	0.0000000E+0	0.0000000E+0	1.0000000E+2	0.0000000E+0
1.9447200E+2	6.6730876E+1	6.0503601E+1	0.0000000E+0	0.0000000E+0	1.0000000E+2	0.0000000E+0
1.9452200E+2	6.6755714E+1	6.0509222E+1	0.0000000E+0	0.0000000E+0	1.0000000E+2	0.0000000E+0
1.9457200E+2	6.6766634E+1	6.0510054E+1	0.0000000E+0	0.0000000E+0	1.0000000E+2	0.0000000E+0
1.9462200E+2	6.6775578E+1	6.0497347E+1	0.0000000E+0	0.0000000E+0	1.0000000E+2	0.0000000E+0
1.9467200E+2	6.6779958E+1	6.0497011E+1	0.0000000E+0	0.0000000E+0	1.0000000E+2	0.0000000E+0
1.9472300E+2	6.6793966E+1	6.0498932E+1	0.0000000E+0	0.0000000E+0	1.0000000E+2	0.0000000E+0
1.9477300E+2	6.6781485E+1	6.0472485E+1	0.0000000E+0	0.0000000E+0	1.0000000E+2	0.0000000E+0
1.9482400E+2	6.6816832E+1	6.0467160E+1	0.0000000E+0	0.0000000E+0	1.0000000E+2	0.0000000E+0
1.9487400E+2	6.6823217E+1	6.0456772E+1	0.0000000E+0	0.0000000E+0	1.0000000E+2	0.0000000E+0
1.9492400E+2	6.6839796E+1	6.0452152E+1	0.0000000E+0	0.0000000E+0	1.0000000E+2	0.0000000E+0
1.9497400E+2	6.6847562E+1	6.0454666E+1	0.0000000E+0	0.0000000E+0	1.0000000E+2	0.0000000E+0
1.9502400E+2	6.6851874E+1	6.0451972E+1	0.0000000E+0	0.0000000E+0	1.0000000E+2	0.0000000E+0
1.9507400E+2	6.6842408E+1	6.0467365E+1	0.0000000E+0	0.0000000E+0	1.0000000E+2	0.0000000E+0
1.9512400E+2	6.6841448E+1	6.0456464E+1	0.0000000E+0	0.0000000E+0	1.0000000E+2	0.0000000E+0
1.9517400E+2	6.6851858E+1	6.0447413E+1	0.0000000E+0	0.0000000E+0	1.0000000E+2	0.0000000E+0
1.9522400E+2	6.6841894E+1	6.0450301E+1	0.0000000E+0	0.0000000E+0	1.0000000E+2	0.0000000E+0
1.9527400E+2	6.6817532E+1	6.0443754E+1	0.0000000E+0	0.0000000E+0	1.0000000E+2	0.0000000E+0
1.9532400E+2	6.6813882E+1	6.0445993E+1	0.0000000E+0	0.0000000E+0	1.0000000E+2	0.0000000E+0
1.9537400E+2	6.6809942E+1	6.0434364E+1	0.0000000E+0	0.0000000E+0	1.0000000E+2	0.0000000E+0
1.9542400E+2	6.6789102E+1	6.0438163E+1	0.0000000E+0	0.0000000E+0	1.0000000E+2	0.0000000E+0
1.9547400E+2	6.6788618E+1	6.0438153E+1	0.0000000E+0	0.0000000E+0	1.0000000E+2	0.0000000E+0
1.9552500E+2	6.6760098E+1	6.0439619E+1	0.0000000E+0	0.0000000E+0	1.0000000E+2	0.0000000E+0
1.9557500E+2	6.6754777E+1	6.0451103E+1	0.0000000E+0	0.0000000E+0	1.0000000E+2	0.0000000E+0
1.9562500E+2	6.6725485E+1	6.0436161E+1	0.0000000E+0	0.0000000E+0	1.0000000E+2	0.0000000E+0
1.9567500E+2	6.6717840E+1	6.0439815E+1	0.0000000E+0	0.0000000E+0	1.0000000E+2	0.0000000E+0
1.9572500E+2	6.6702474E+1	6.0432446E+1	0.0000000E+0	0.0000000E+0	1.0000000E+2	0.0000000E+0
1.9577500E+2	6.6678104E+1	6.0413061E+1	0.0000000E+0	0.0000000E+0	1.0000000E+2	0.0000000E+0
1.9582500E+2	6.6675279E+1	6.0436417E+1	0.0000000E+0	0.0000000E+0	1.0000000E+2	0.0000000E+0
1.9587600E+2	6.6669279E+1	6.0437263E+1	0.0000000E+0	0.0000000E+0	1.0000000E+2	0.0000000E+0
1.9592600E+2	6.6648888E+1	6.0423836E+1	0.0000000E+0	0.0000000E+0	1.0000000E+2	0.0000000E+0
1.9597600E+2	6.6647332E+1	6.0441453E+1	0.0000000E+0	0.0000000E+0	1.0000000E+2	0.0000000E+0
1.9602600E+2	6.6632779E+1	6.0436125E+1	0.0000000E+0	0.0000000E+0	1.0000000E+2	0.0000000E+0
1.9607600E+2	6.6646046E+1	6.0446829E+1	0.0000000E+0	0.0000000E+0	1.0000000E+2	0.0000000E+0
1.9612600E+2	6.6668898E+1	6.0458454E+1	0.0000000E+0	0.0000000E+0	1.0000000E+2	0.0000000E+0
1.9617600E+2	6.6661959E+1	6.0451717E+1	0.0000000E+0	0.0000000E+0	1.0000000E+2	0.0000000E+0
1.9622600E+2	6.6669357E+1	6.0450556E+1	0.0000000E+0	0.0000000E+0	1.0000000E+2	0.0000000E+0
1.9627600E+2	6.6662588E+1	6.0457599E+1	0.0000000E+0	0.0000000E+0	1.0000000E+2	0.0000000E+0
1.9632700E+2	6.6642129E+1	6.0456790E+1	0.0000000E+0	0.0000000E+0	1.0000000E+2	0.0000000E+0
1.9637700E+2	6.6652926E+1	6.0471490E+1	0.0000000E+0	0.0000000E+0	1.0000000E+2	0.0000000E+0
1.9642700E+2	6.6651262E+1	6.0462063E+1	0.0000000E+0	0.0000000E+0	1.0000000E+2	0.0000000E+0
1.9647700E+2	6.6660177E+1	6.0473833E+1	0.0000000E+0	0.0000000E+0	1.0000000E+2	0.0000000E+0
1.9652700E+2	6.6641016E+1	6.0472549E+1	0.0000000E+0	0.0000000E+0	1.0000000E+2	0.0000000E+0
1.9657700E+2	6.6638780E+1	6.0480202E+1	0.0000000E+0	0.0000000E+0	1.0000000E+2	0.0000000E+0
1.9662700E+2	6.6620169E+1	6.0469515E+1	0.0000000E+0	0.0000000E+0	1.0000000E+2	0.0000000E+0
1.9667700E+2	6.6606368E+1	6.0469397E+1	0.0000000E+0	0.0000000E+0	1.0000000E+2	0.0000000E+0
1.9672800E+2	6.6598455E+1	6.0478739E+1	0.0000000E+0	0.0000000E+0	1.0000000E+2	0.0000000E+0
1.9677800E+2	6.6603732E+1	6.0482943E+1	0.0000000E+0	0.0000000E+0	1.0000000E+2	0.0000000E+0
1.9682800E+2	6.6587016E+1	6.0484300E+1	0.0000000E+0	0.0000000E+0	1.0000000E+2	0.0000000E+0
1.9687800E+2	6.6587432E+1	6.0476301E+1	0.0000000E+0	0.0000000E+0	1.0000000E+2	0.0000000E+0
1.9692800E+2	6.6578766E+1	6.0459563E+1	0.0000000E+0	0.0000000E+0	1.0000000E+2	0.0000000E+0
1.9697800E+2	6.6595535E+1	6.0468135E+1	0.0000000E+0	0.0000000E+0	1.0000000E+2	0.0000000E+0
1.9702800E+2	6.6576817E+1	6.0468834E+1	0.0000000E+0	0.0000000E+0	1.0000000E+2	0.0000000E+0
1.9707800E+2	6.6495038E+1	6.0460157E+1	0.0000000E+0	0.0000000E+0	1.0000000E+2	0.0000000E+0
1.9712800E+2	6.6467712E+1	6.0464931E+1	0.0000000E+0	0.0000000E+0	1.0000000E+2	0.0000000E+0
1.9717800E+2	6.6483720E+1	6.0475025E+1	0.0000000E+0	0.0000000E+0	1.0000000E+2	0.0000000E+0
1.9722800E+2	6.6441934E+1	6.0448787E+1	0.0000000E+0	0.0000000E+0	1.0000000E+2	0.0000000E+0
1.9727800E+2	6.6463741E+1	6.0466314E+1	0.0000000E+0	0.0000000E+0	1.0000000E+2	0.0000000E+0
1.9732800E+2	6.6472778E+1	6.0486088E+1	0.0000000E+0	0.0000000E+0	1.0000000E+2	0.0000000E+0
1.9737800E+2	6.6464713E+1	6.0474260E+1	0.0000000E+0	0.0000000E+0	1.0000000E+2	0.0000000E+0
1.9742800E+2	6.6466062E+1	6.0474039E+1	0.0000000E+0	0.0000000E+0	1.0000000E+2	0.0000000E+0
1.9747800E+2	6.6501713E+1	6.0488371E+1	0.0000000E+0	0.0000000E+0	1.0000000E+2	0.0000000E+0
1.9752800E+2	6.6467396E+1	6.0475609E+1	0.0000000E+0	0.0000000E+0	1.0000000E+2	0.0000000E+0
1.9757800E+2	6.6456054E+1	6.0482492E+1	0.0000000E+0	0.0000000E+0	1.0000000E+2	0.0000000E+0
1.9762800E+2	6.6451597E+1	6.0485141E+1	0.0000000E+0	0.0000000E+0	1.0000000E+2	0.0000000E+0
1.9767800E+2	6.6437391E+1	6.0471821E+1	0.0000000E+0	0.0000000E+0	1.0000000E+2	0.0000000E+0
1.9772900E+2	6.6435088E+1	6.0468697E+1	0.0000000E+0	0.0000000E+0	1.0000000E+2	0.0000000E+0
1.9777900E+2	6.6414166E+1	6.0448961E+1	0.0000000E+0	0.0000000E+0	1.0000000E+2	0.0000000E+0
1.9782900E+2	6.6392434E+1	6.0451897E+1	0.0000000E+0	0.0000000E+0	1.0000000E+2	0.0000000E+0
1.9787900E+2	6.6385720E+1	6.0448879E+1	0.0000000E+0	0.0000000E+0	1.0000000E+2	0.0000000E+0
1.9793000E+2	6.6383623E+1	6.0460705E+1	0.0000000E+0	0.0000000E+0	1.0000000E+2	0.0000000E+0
1.9798000E+2	6.6374211E+1	6.0464115E+1	0.0000000E+0	0.0000000E+0	1.0000000E+2	0.0000000E+0
1.9803000E+2	6.6371481E+1	6.0467364E+1	0.0000000E+0	0.0000000E+0	1.0000000E+2	0.0000000E+0
1.9808100E+2	6.6378390E+1	6.0475110E+1	0.0000000E+0	0.0000000E+0	1.0000000E+2	0.0000000E+0
1.9813100E+2	6.6381437E+1	6.0469134E+1	0.0000000E+0	0.0000000E+0	1.0000000E+2	0.0000000E+0
1.9818100E+2	6.6392063E+1	6.0459262E+1	0.0000000E+0	0.0000000E+0	1.0000000E+2	0.0000000E+0
1.9823100E+2	6.6422081E+1	6.0472345E+1	0.0000000E+0	0.0000000E+0	1.0000000E+2	0.0000000E+0
1.9828100E+2	6.6458558E+1	6.0477975E+1	0.0000000E+0	0.0000000E+0	1.0000000E+2	0.0000000E+0
1.9833100E+2	6.6480298E+1	6.0500245E+1	0.0000000E+0	0.0000000E+0	1.0000000E+2	0.0000000E+0
1.9838200E+2	6.6481620E+1	6.0480734E+1	0.0000000E+0	0.0000000E+0	1.0000000E+2	0.0000000E+0
1.9843200E+2	6.6498870E+1	6.0480044E+1	0.0000000E+0	0.0000000E+0	1.0000000E+2	0.0000000E+0
1.9848200E+2	6.6507129E+1	6.0478881E+1	0.0000000E+0	0.0000000E+0	1.0000000E+2	0.0000000E+0
1.9853200E+2	6.6544191E+1	6.0483213E+1	0.0000000E+0	0.0000000E+0	1.0000000E+2	0.0000000E+0
1.9858300E+2	6.6558553E+1	6.0459765E+1	0.0000000E+0	0.0000000E+0	1.0000000E+2	0.0000000E+0
1.9863300E+2	6.6594032E+1	6.0476878E+1	0.0000000E+0	0.0000000E+0	1.0000000E+2	0.0000000E+0
1.9868300E+2	6.6624973E+1	6.0482922E+1	0.0000000E+0	0.0000000E+0	1.0000000E+2	0.0000000E+0
1.9873300E+2	6.6659427E+1	6.0471564E+1	0.0000000E+0	0.0000000E+0	1.0000000E+2	0.0000000E+0
1.9878400E+2	6.6681970E+1	6.0482719E+1	0.0000000E+0	0.0000000E+0	1.0000000E+2	0.0000000E+0
1.9883400E+2	6.6703581E+1	6.0498812E+1	0.0000000E+0	0.0000000E+0	1.0000000E+2	0.0000000E+0
1.9888400E+2	6.6653592E+1	6.0480112E+1	0.0000000E+0	0.0000000E+0	1.0000000E+2	0.0000000E+0
1.9893400E+2	6.6665201E+1	6.0505677E+1	0.0000000E+0	0.0000000E+0	1.0000000E+2	0.0000000E+0
1.9898500E+2	6.6678884E+1	6.0499717E+1	0.0000000E+0	0.0000000E+0	1.0000000E+2	0.0000000E+0
1.9903500E+2	6.6707858E+1	6.0492864E+1	0.0000000E+0	0.0000000E+0	1.0000000E+2	0.0000000E+0
1.9908600E+2	6.6729038E+1	6.0507816E+1	0.0000000E+0	0.0000000E+0	1.0000000E+2	0.0000000E+0
1.9913600E+2	6.6740731E+1	6.0490099E+1	0.0000000E+0	0.0000000E+0	1.0000000E+2	0.0000000E+0
1.9918600E+2	6.6724842E+1	6.0482982E+1	0.0000000E+0	0.0000000E+0	1.0000000E+2	0.0000000E+0
1.9923600E+2	6.6728460E+1	6.0494731E+1	0.0000000E+0	0.0000000E+0	1.0000000E+2	0.0000000E+0
1.9928600E+2	6.6738856E+1	6.0491990E+1	0.0000000E+0	0.0000000E+0	1.0000000E+2	0.0000000E+0
1.9933800E+2	6.6750230E+1	6.0498248E+1	0.0000000E+0	0.0000000E+0	1.0000000E+2	0.0000000E+0
1.9938800E+2	6.6761701E+1	6.0502491E+1	0.0000000E+0	0.0000000E+0	1.0000000E+2	0.0000000E+0
1.9943800E+2	6.6760376E+1	6.0506066E+1	0.0000000E+0	0.0000000E+0	1.0000000E+2	0.0000000E+0
1.9948800E+2	6.6779640E+1	6.0500925E+1	0.0000000E+0	0.0000000E+0	1.0000000E+2	0.0000000E+0
1.9953800E+2	6.6782419E+1	6.0489965E+1	0.0000000E+0	0.0000000E+0	1.0000000E+2	0.0000000E+0
1.9958800E+2	6.6767547E+1	6.0497739E+1	0.0000000E+0	0.0000000E+0	1.0000000E+2	0.0000000E+0
1.9963800E+2	6.6743607E+1	6.0475202E+1	0.0000000E+0	0.0000000E+0	1.0000000E+2	0.0000000E+0
1.9968800E+2	6.6739251E+1	6.0480346E+1	0.0000000E+0	0.0000000E+0	1.0000000E+2	0.0000000E+0
1.9973800E+2	6.6752045E+1	6.0481948E+1	0.0000000E+0	0.0000000E+0	1.0000000E+2	0.0000000E+0
1.9978800E+2	6.6750725E+1	6.0476057E+1	0.0000000E+0	0.0000000E+0	1.0000000E+2	0.0000000E+0
1.9983900E+2	6.6765712E+1	6.0486928E+1	0.0000000E+0	0.0000000E+0	1.0000000E+2	0.0000000E+0
1.9989000E+2	6.6778585E+1	6.0484536E+1	0.0000000E+0	0.0000000E+0	1.0000000E+2	0.0000000E+0
1.9994100E+2	6.6792995E+1	6.0492134E+1	0.0000000E+0	0.0000000E+0	1.0000000E+2	0.0000000E+0
1.9999100E+2	6.6789936E+1	6.0480511E+1	0.0000000E+0	0.0000000E+0	1.0000000E+2	0.0000000E+0
2.0004100E+2	6.6808156E+1	6.0500238E+1	0.0000000E+0	0.0000000E+0	1.0000000E+2	0.0000000E+0
2.0009200E+2	6.6820889E+1	6.0510061E+1	0.0000000E+0	0.0000000E+0	1.0000000E+2	0.0000000E+0
2.0014300E+2	6.6827752E+1	6.0517091E+1	0.0000000E+0	0.0000000E+0	1.0000000E+2	0.0000000E+0
2.0019400E+2	6.6832243E+1	6.0511404E+1	0.0000000E+0	0.0000000E+0	1.0000000E+2	0.0000000E+0
2.0024500E+2	6.6854515E+1	6.0512797E+1	0.0000000E+0	0.0000000E+0	1.0000000E+2	0.0000000E+0
2.0029600E+2	6.6877371E+1	6.0514734E+1	0.0000000E+0	0.0000000E+0	1.0000000E+2	0.0000000E+0
2.0034600E+2	6.6879992E+1	6.0515037E+1	0.0000000E+0	0.0000000E+0	1.0000000E+2	0.0000000E+0
2.0039700E+2	6.6904780E+1	6.0535097E+1	0.0000000E+0	0.0000000E+0	1.0000000E+2	0.0000000E+0
2.0044700E+2	6.6942173E+1	6.0536847E+1	0.0000000E+0	0.0000000E+0	1.0000000E+2	0.0000000E+0
2.0049700E+2	6.6982726E+1	6.0538021E+1	0.0000000E+0	0.0000000E+0	1.0000000E+2	0.0000000E+0
2.0054700E+2	6.7022726E+1	6.0538547E+1	0.0000000E+0	0.0000000E+0	1.0000000E+2	0.0000000E+0
2.0059700E+2	6.7001039E+1	6.0550897E+1	0.0000000E+0	0.0000000E+0	1.0000000E+2	0.0000000E+0
2.0064700E+2	6.6973513E+1	6.0538006E+1	0.0000000E+0	0.0000000E+0	1.0000000E+2	0.0000000E+0
2.0069700E+2	6.6963813E+1	6.0530136E+1	0.0000000E+0	0.0000000E+0	1.0000000E+2	0.0000000E+0
2.0074700E+2	6.6989610E+1	6.0539680E+1	0.0000000E+0	0.0000000E+0	1.0000000E+2	0.0000000E+0
2.0079700E+2	6.7030886E+1	6.0541647E+1	0.0000000E+0	0.0000000E+0	1.0000000E+2	0.0000000E+0
2.0084800E+2	6.7071375E+1	6.0540580E+1	0.0000000E+0	0.0000000E+0	1.0000000E+2	0.0000000E+0
2.0089800E+2	6.7113060E+1	6.0531661E+1	0.0000000E+0	0.0000000E+0	1.0000000E+2	0.0000000E+0
2.0094800E+2	6.7179159E+1	6.0544807E+1	0.0000000E+0	0.0000000E+0	1.0000000E+2	0.0000000E+0
2.0099800E+2	6.7205865E+1	6.0538009E+1	0.0000000E+0	0.0000000E+0	1.0000000E+2	0.0000000E+0
2.0104900E+2	6.7248990E+1	6.0543846E+1	0.0000000E+0	0.0000000E+0	1.0000000E+2	0.0000000E+0
2.0109900E+2	6.7235844E+1	6.0527155E+1	0.0000000E+0	0.0000000E+0	1.0000000E+2	0.0000000E+0
2.0114900E+2	6.7230629E+1	6.0527452E+1	0.0000000E+0	0.0000000E+0	1.0000000E+2	0.0000000E+0
2.0119900E+2	6.7235928E+1	6.0519653E+1	0.0000000E+0	0.0000000E+0	1.0000000E+2	0.0000000E+0
2.0124900E+2	6.7257417E+1	6.0518929E+1	0.0000000E+0	0.0000000E+0	1.0000000E+2	0.0000000E+0
2.0129900E+2	6.7247015E+1	6.0524267E+1	0.0000000E+0	0.0000000E+0	1.0000000E+2	0.0000000E+0
2.0134900E+2	6.7246617E+1	6.0539945E+1	0.0000000E+0	0.0000000E+0	1.0000000E+2	0.0000000E+0
2.0139900E+2	6.7211893E+1	6.0519834E+1	0.0000000E+0	0.0000000E+0	1.0000000E+2	0.0000000E+0
2.0144900E+2	6.7206512E+1	6.0516254E+1	0.0000000E+0	0.0000000E+0	1.0000000E+2	0.0000000E+0
2.0149900E+2	6.7227757E+1	6.0532333E+1	0.0000000E+0	0.0000000E+0	1.0000000E+2	0.0000000E+0
2.0155100E+2	6.7234611E+1	6.0532465E+1	0.0000000E+0	0.0000000E+0	1.0000000E+2	0.0000000E+0
2.0160100E+2	6.7238000E+1	6.0523170E+1	0.0000000E+0	0.0000000E+0	1.0000000E+2	0.0000000E+0
2.0165100E+2	6.7215926E+1	6.0520841E+1	0.0000000E+0	0.0000000E+0	1.0000000E+2	0.0000000E+0
2.0170100E+2	6.7199808E+1	6.0523164E+1	0.0000000E+0	0.0000000E+0	1.0000000E+2	0.0000000E+0
2.0175200E+2	6.7187370E+1	6.0536859E+1	0.0000000E+0	0.0000000E+0	1.0000000E+2	0.0000000E+0
2.0180300E+2	6.7146060E+1	6.0529236E+1	0.0000000E+0	0.0000000E+0	1.0000000E+2	0.0000000E+0
2.0185300E+2	6.7137059E+1	6.0532048E+1	0.0000000E+0	0.0000000E+0	1.0000000E+2	0.0000000E+0
2.0190300E+2	6.7112728E+1	6.0531556E+1	0.0000000E+0	0.0000000E+0	1.0000000E+2	0.0000000E+0
2.0195400E+2	6.7087701E+1	6.0527395E+1	0.0000000E+0	0.0000000E+0	1.0000000E+2	0.0000000E+0
2.0200400E+2	6.7089121E+1	6.0535164E+1	0.0000000E+0	0.0000000E+0	1.0000000E+2	0.0000000E+0
2.0205400E+2	6.7074792E+1	6.0527984E+1	0.0000000E+0	0.0000000E+0	1.0000000E+2	0.0000000E+0
2.0210500E+2	6.7078175E+1	6.0543489E+1	0.0000000E+0	0.0000000E+0	1.0000000E+2	0.0000000E+0
2.0215500E+2	6.7057523E+1	6.0533235E+1	0.0000000E+0	0.0000000E+0	1.0000000E+2	0.0000000E+0
2.0220500E+2	6.7065830E+1	6.0530932E+1	0.0000000E+0	0.0000000E+0	1.0000000E+2	0.0000000E+0
2.0225500E+2	6.7062044E+1	6.0534488E+1	0.0000000E+0	0.0000000E+0	1.0000000E+2	0.0000000E+0
2.0230500E+2	6.7059256E+1	6.0530550E+1	0.0000000E+0	0.0000000E+0	1.0000000E+2	0.0000000E+0
2.0235500E+2	6.7041694E+1	6.0535392E+1	0.0000000E+0	0.0000000E+0	1.0000000E+2	0.0000000E+0
2.0240500E+2	6.7019656E+1	6.0541014E+1	0.0000000E+0	0.0000000E+0	1.0000000E+2	0.0000000E+0
2.0245500E+2	6.6935657E+1	6.0529234E+1	0.0000000E+0	0.0000000E+0	1.0000000E+2	0.0000000E+0
2.0250500E+2	6.6910978E+1	6.0519109E+1	0.0000000E+0	0.0000000E+0	1.0000000E+2	0.0000000E+0
2.0255600E+2	6.6935361E+1	6.0533502E+1	0.0000000E+0	0.0000000E+0	1.0000000E+2	0.0000000E+0
2.0260600E+2	6.6923729E+1	6.0518549E+1	0.0000000E+0	0.0000000E+0	1.0000000E+2	0.0000000E+0
2.0265600E+2	6.6922503E+1	6.0525579E+1	0.0000000E+0	0.0000000E+0	1.0000000E+2	0.0000000E+0
2.0270600E+2	6.6916086E+1	6.0528550E+1	0.0000000E+0	0.0000000E+0	1.0000000E+2	0.0000000E+0
2.0275700E+2	6.6915579E+1	6.0515246E+1	0.0000000E+0	0.0000000E+0	1.0000000E+2	0.0000000E+0
2.0280700E+2	6.6933808E+1	6.0515381E+1	0.0000000E+0	0.0000000E+0	1.0000000E+2	0.0000000E+0
2.0285700E+2	6.6950394E+1	6.0517709E+1	0.0000000E+0	0.0000000E+0	1.0000000E+2	0.0000000E+0
2.0290700E+2	6.6965519E+1	6.0532888E+1	0.0000000E+0	0.0000000E+0	1.0000000E+2	0.0000000E+0
2.0295800E+2	6.6979262E+1	6.0539369E+1	0.0000000E+0	0.0000000E+0	1.0000000E+2	0.0000000E+0
2.0300800E+2	6.6970773E+1	6.0538064E+1	0.0000000E+0	0.0000000E+0	1.0000000E+2	0.0000000E+0
2.0305800E+2	6.6964443E+1	6.0522158E+1	0.0000000E+0	0.0000000E+0	1.0000000E+2	0.0000000E+0
2.0310800E+2	6.6972669E+1	6.0530741E+1	0.0000000E+0	0.0000000E+0	1.0000000E+2	0.0000000E+0
2.0315800E+2	6.6977108E+1	6.0519938E+1	0.0000000E+0	0.0000000E+0	1.0000000E+2	0.0000000E+0
2.0320800E+2	6.6987626E+1	6.0527619E+1	0.0000000E+0	0.0000000E+0	1.0000000E+2	0.0000000E+0
2.0325800E+2	6.6993021E+1	6.0526913E+1	0.0000000E+0	0.0000000E+0	1.0000000E+2	0.0000000E+0
2.0330800E+2	6.6977111E+1	6.0536222E+1	0.0000000E+0	0.0000000E+0	1.0000000E+2	0.0000000E+0
2.0335800E+2	6.6987202E+1	6.0524393E+1	0.0000000E+0	0.0000000E+0	1.0000000E+2	0.0000000E+0
2.0340900E+2	6.6984585E+1	6.0532588E+1	0.0000000E+0	0.0000000E+0	1.0000000E+2	0.0000000E+0
2.0345900E+2	6.6979384E+1	6.0529155E+1	0.0000000E+0	0.0000000E+0	1.0000000E+2	0.0000000E+0
2.0350900E+2	6.6977066E+1	6.0509241E+1	0.0000000E+0	0.0000000E+0	1.0000000E+2	0.0000000E+0
2.0355900E+2	6.6979811E+1	6.0527121E+1	0.0000000E+0	0.0000000E+0	1.0000000E+2	0.0000000E+0
2.0361000E+2	6.7007590E+1	6.0529329E+1	0.0000000E+0	0.0000000E+0	1.0000000E+2	0.0000000E+0
2.0366100E+2	6.7011158E+1	6.0519521E+1	0.0000000E+0	0.0000000E+0	1.0000000E+2	0.0000000E+0
2.0371100E+2	6.7025398E+1	6.0527073E+1	0.0000000E+0	0.0000000E+0	1.0000000E+2	0.0000000E+0
2.0376200E+2	6.7040296E+1	6.0534690E+1	0.0000000E+0	0.0000000E+0	1.0000000E+2	0.0000000E+0
2.0381300E+2	6.7027291E+1	6.0525520E+1	0.0000000E+0	0.0000000E+0	1.0000000E+2	0.0000000E+0
2.0386400E+2	6.7044366E+1	6.0528938E+1	0.0000000E+0	0.0000000E+0	1.0000000E+2	0.0000000E+0
2.0391400E+2	6.7033215E+1	6.0535963E+1	0.0000000E+0	0.0000000E+0	1.0000000E+2	0.0000000E+0
2.0396500E+2	6.7039045E+1	6.0540981E+1	0.0000000E+0	0.0000000E+0	1.0000000E+2	0.0000000E+0
2.0401500E+2	6.6987789E+1	6.0525307E+1	0.0000000E+0	0.0000000E+0	1.0000000E+2	0.0000000E+0
2.0406500E+2	6.6970316E+1	6.0533100E+1	0.0000000E+0	0.0000000E+0	1.0000000E+2	0.0000000E+0
2.0411500E+2	6.6950822E+1	6.0526794E+1	0.0000000E+0	0.0000000E+0	1.0000000E+2	0.0000000E+0
2.0416500E+2	6.6895372E+1	6.0530037E+1	0.0000000E+0	0.0000000E+0	1.0000000E+2	0.0000000E+0
2.0421500E+2	6.6834353E+1	6.0522798E+1	0.0000000E+0	0.0000000E+0	1.0000000E+2	0.0000000E+0
2.0426500E+2	6.6809458E+1	6.0523697E+1	0.0000000E+0	0.0000000E+0	1.0000000E+2	0.0000000E+0
2.0431600E+2	6.6803316E+1	6.0526036E+1	0.0000000E+0	0.0000000E+0	1.0000000E+2	0.0000000E+0
2.0436600E+2	6.6810035E+1	6.0522191E+1	0.0000000E+0	0.0000000E+0	1.0000000E+2	0.0000000E+0
2.0441600E+2	6.6826984E+1	6.0535038E+1	0.0000000E+0	0.0000000E+0	1.0000000E+2	0.0000000E+0
2.0446600E+2	6.6794382E+1	6.0518672E+1	0.0000000E+0	0.0000000E+0	1.0000000E+2	0.0000000E+0
2.0451700E+2	6.6775435E+1	6.0528793E+1	0.0000000E+0	0.0000000E+0	1.0000000E+2	0.0000000E+0
2.0456700E+2	6.6795649E+1	6.0550937E+1	0.0000000E+0	0.0000000E+0	1.0000000E+2	0.0000000E+0
2.0461700E+2	6.6784627E+1	6.0541984E+1	0.0000000E+0	0.0000000E+0	1.0000000E+2	0.0000000E+0
2.0466900E+2	6.6746600E+1	6.0529848E+1	0.0000000E+0	0.0000000E+0	1.0000000E+2	0.0000000E+0
2.0471900E+2	6.6750474E+1	6.0553356E+1	0.0000000E+0	0.0000000E+0	1.0000000E+2	0.0000000E+0
2.0476900E+2	6.6761187E+1	6.0561624E+1	0.0000000E+0	0.0000000E+0	1.0000000E+2	0.0000000E+0
2.0481900E+2	6.6775861E+1	6.0543016E+1	0.0000000E+0	0.0000000E+0	1.0000000E+2	0.0000000E+0
2.0486900E+2	6.6772708E+1	6.0553969E+1	0.0000000E+0	0.0000000E+0	1.0000000E+2	0.0000000E+0
2.0491900E+2	6.6783667E+1	6.0556958E+1	0.0000000E+0	0.0000000E+0	1.0000000E+2	0.0000000E+0
2.0496900E+2	6.6787305E+1	6.0556989E+1	0.0000000E+0	0.0000000E+0	1.0000000E+2	0.0000000E+0
2.0501900E+2	6.6787001E+1	6.0543730E+1	0.0000000E+0	0.0000000E+0	1.0000000E+2	0.0000000E+0
2.0506900E+2	6.6784501E+1	6.0548229E+1	0.0000000E+0	0.0000000E+0	1.0000000E+2	0.0000000E+0
2.0511900E+2	6.6802992E+1	6.0552209E+1	0.0000000E+0	0.0000000E+0	1.0000000E+2	0.0000000E+0
2.0516900E+2	6.6803900E+1	6.0560370E+1	0.0000000E+0	0.0000000E+0	1.0000000E+2	0.0000000E+0
2.0521900E+2	6.6832523E+1	6.0569564E+1	0.0000000E+0	0.0000000E+0	1.0000000E+2	0.0000000E+0
2.0526900E+2	6.6836519E+1	6.0561110E+1	0.0000000E+0	0.0000000E+0	1.0000000E+2	0.0000000E+0
2.0531900E+2	6.6839331E+1	6.0566242E+1	0.0000000E+0	0.0000000E+0	1.0000000E+2	0.0000000E+0
2.0536900E+2	6.6877311E+1	6.0566490E+1	0.0000000E+0	0.0000000E+0	1.0000000E+2	0.0000000E+0
2.0541900E+2	6.6897384E+1	6.0575444E+1	0.0000000E+0	0.0000000E+0	1.0000000E+2	0.0000000E+0
2.0546900E+2	6.6908028E+1	6.0579740E+1	0.0000000E+0	0.0000000E+0	1.0000000E+2	0.0000000E+0
2.0551900E+2	6.6892189E+1	6.0565021E+1	0.0000000E+0	0.0000000E+0	1.0000000E+2	0.0000000E+0
2.0556900E+2	6.6902149E+1	6.0565128E+1	0.0000000E+0	0.0000000E+0	1.0000000E+2	0.0000000E+0
2.0561900E+2	6.6936893E+1	6.0581970E+1	0.0000000E+0	0.0000000E+0	1.0000000E+2	0.0000000E+0
2.0566900E+2	6.6937078E+1	6.0574449E+1	0.0000000E+0	0.0000000E+0	1.0000000E+2	0.0000000E+0
2.0571900E+2	6.6947064E+1	6.0565145E+1	0.0000000E+0	0.0000000E+0	1.0000000E+2	0.0000000E+0
2.0576900E+2	6.6950566E+1	6.0569065E+1	0.0000000E+0	0.0000000E+0	1.0000000E+2	0.0000000E+0
2.0581900E+2	6.6960091E+1	6.0579827E+1	0.0000000E+0	0.0000000E+0	1.0000000E+2	0.0000000E+0
2.0586900E+2	6.6951191E+1	6.0575563E+1	0.0000000E+0	0.0000000E+0	1.0000000E+2	0.0000000E+0
2.0591900E+2	6.6938745E+1	6.0591093E+1	0.0000000E+0	0.0000000E+0	1.0000000E+2	0.0000000E+0
2.0596900E+2	6.6922423E+1	6.0589949E+1	0.0000000E+0	0.0000000E+0	1.0000000E+2	0.0000000E+0
2.0601900E+2	6.6889869E+1	6.0591588E+1	0.0000000E+0	0.0000000E+0	1.0000000E+2	0.0000000E+0
2.0606900E+2	6.6849205E+1	6.0585820E+1	0.0000000E+0	0.0000000E+0	1.0000000E+2	0.0000000E+0
2.0611900E+2	6.6835060E+1	6.0585072E+1	0.0000000E+0	0.0000000E+0	1.0000000E+2	0.0000000E+0
2.0616900E+2	6.6829124E+1	6.0580326E+1	0.0000000E+0	0.0000000E+0	1.0000000E+2	0.0000000E+0
2.0621900E+2	6.6837943E+1	6.0593745E+1	0.0000000E+0	0.0000000E+0	1.0000000E+2	0.0000000E+0
2.0626900E+2	6.6816542E+1	6.0587687E+1	0.0000000E+0	0.0000000E+0	1.0000000E+2	0.0000000E+0
2.0631900E+2	6.6829682E+1	6.0591520E+1	0.0000000E+0	0.0000000E+0	1.0000000E+2	0.0000000E+0
2.0636900E+2	6.6799854E+1	6.0568626E+1	0.0000000E+0	0.0000000E+0	1.0000000E+2	0.0000000E+0
2.0641900E+2	6.6841377E+1	6.0586571E+1	0.0000000E+0	0.0000000E+0	1.0000000E+2	0.0000000E+0
2.0647000E+2	6.6838218E+1	6.0579770E+1	0.0000000E+0	0.0000000E+0	1.0000000E+2	0.0000000E+0
2.0652100E+2	6.6826550E+1	6.0585098E+1	0.0000000E+0	0.0000000E+0	1.0000000E+2	0.0000000E+0
2.0657100E+2	6.6838947E+1	6.0578091E+1	0.0000000E+0	0.0000000E+0	1.0000000E+2	0.0000000E+0
2.0662100E+2	6.6830560E+1	6.0570130E+1	0.0000000E+0	0.0000000E+0	1.0000000E+2	0.0000000E+0
2.0667100E+2	6.6862813E+1	6.0579869E+1	0.0000000E+0	0.0000000E+0	1.0000000E+2	0.0000000E+0
2.0672100E+2	6.6875832E+1	6.0581521E+1	0.0000000E+0	0.0000000E+0	1.0000000E+2	0.0000000E+0
2.0677100E+2	6.6853299E+1	6.0570953E+1	0.0000000E+0	0.0000000E+0	1.0000000E+2	0.0000000E+0
2.0682100E+2	6.6841982E+1	6.0564976E+1	0.0000000E+0	0.0000000E+0	1.0000000E+2	0.0000000E+0
2.0687100E+2	6.6854329E+1	6.0578837E+1	0.0000000E+0	0.0000000E+0	1.0000000E+2	0.0000000E+0
2.0692100E+2	6.6843681E+1	6.0560689E+1	0.0000000E+0	0.0000000E+0	1.0000000E+2	0.0000000E+0
2.0697100E+2	6.6835043E+1	6.0566012E+1	0.0000000E+0	0.0000000E+0	1.0000000E+2	0.0000000E+0
2.0702100E+2	6.6850340E+1	6.0566701E+1	0.0000000E+0	0.0000000E+0	1.0000000E+2	0.0000000E+0
2.0707100E+2	6.6829014E+1	6.0566323E+1	0.0000000E+0	0.0000000E+0	1.0000000E+2	0.0000000E+0
2.0712100E+2	6.6823764E+1	6.0573694E+1	0.0000000E+0	0.0000000E+0	1.0000000E+2	0.0000000E+0
2.0717100E+2	6.6820535E+1	6.0566063E+1	0.0000000E+0	0.0000000E+0	1.0000000E+2	0.0000000E+0
2.0722100E+2	6.6823578E+1	6.0565158E+1	0.0000000E+0	0.0000000E+0	1.0000000E+2	0.0000000E+0
2.0727100E+2	6.6816599E+1	6.0568964E+1	0.0000000E+0	0.0000000E+0	1.0000000E+2	0.0000000E+0
2.0732100E+2	6.6807749E+1	6.0567902E+1	0.0000000E+0	0.0000000E+0	1.0000000E+2	0.0000000E+0
2.0737100E+2	6.6790688E+1	6.0567142E+1	0.0000000E+0	0.0000000E+0	1.0000000E+2	0.0000000E+0
2.0742100E+2	6.6797281E+1	6.0566938E+1	0.0000000E+0	0.0000000E+0	1.0000000E+2	0.0000000E+0
2.0747100E+2	6.6784951E+1	6.0577124E+1	0.0000000E+0	0.0000000E+0	1.0000000E+2	0.0000000E+0
2.0752100E+2	6.6761448E+1	6.0574882E+1	0.0000000E+0	0.0000000E+0	1.0000000E+2	0.0000000E+0
2.0757100E+2	6.6746203E+1	6.0574069E+1	0.0000000E+0	0.0000000E+0	1.0000000E+2	0.0000000E+0
2.0762200E+2	6.6719956E+1	6.0568888E+1	0.0000000E+0	0.0000000E+0	1.0000000E+2	0.0000000E+0
2.0767300E+2	6.6690801E+1	6.0573165E+1	0.0000000E+0	0.0000000E+0	1.0000000E+2	0.0000000E+0
2.0772300E+2	6.6673611E+1	6.0577529E+1	0.0000000E+0	0.0000000E+0	1.0000000E+2	0.0000000E+0
2.0777300E+2	6.6615277E+1	6.0577466E+1	0.0000000E+0	0.0000000E+0	1.0000000E+2	0.0000000E+0
2.0782300E+2	6.6534953E+1	6.0567981E+1	0.0000000E+0	0.0000000E+0	1.0000000E+2	0.0000000E+0
2.0787300E+2	6.6513080E+1	6.0568416E+1	0.0000000E+0	0.0000000E+0	1.0000000E+2	0.0000000E+0
2.0792300E+2	6.6502980E+1	6.0548368E+1	0.0000000E+0	0.0000000E+0	1.0000000E+2	0.0000000E+0
2.0797300E+2	6.6523529E+1	6.0569989E+1	0.0000000E+0	0.0000000E+0	1.0000000E+2	0.0000000E+0
2.0802300E+2	6.6505571E+1	6.0540674E+1	0.0000000E+0	0.0000000E+0	1.0000000E+2	0.0000000E+0
2.0807300E+2	6.6498798E+1	6.0552647E+1	0.0000000E+0	0.0000000E+0	1.0000000E+2	0.0000000E+0
2.0812300E+2	6.6510374E+1	6.0563646E+1	0.0000000E+0	0.0000000E+0	1.0000000E+2	0.0000000E+0
2.0817300E+2	6.6547908E+1	6.0574638E+1	0.0000000E+0	0.0000000E+0	1.0000000E+2	0.0000000E+0
2.0822300E+2	6.6535157E+1	6.0560327E+1	0.0000000E+0	0.0000000E+0	1.0000000E+2	0.0000000E+0
2.0827300E+2	6.6558439E+1	6.0573635E+1	0.0000000E+0	0.0000000E+0	1.0000000E+2	0.0000000E+0
2.0832300E+2	6.6550773E+1	6.0561650E+1	0.0000000E+0	0.0000000E+0	1.0000000E+2	0.0000000E+0
2.0837300E+2	6.6560085E+1	6.0570585E+1	0.0000000E+0	0.0000000E+0	1.0000000E+2	0.0000000E+0
2.0842300E+2	6.6566650E+1	6.0570554E+1	0.0000000E+0	0.0000000E+0	1.0000000E+2	0.0000000E+0
2.0847300E+2	6.6568882E+1	6.0562120E+1	0.0000000E+0	0.0000000E+0	1.0000000E+2	0.0000000E+0
2.0852400E+2	6.6564401E+1	6.0558627E+1	0.0000000E+0	0.0000000E+0	1.0000000E+2	0.0000000E+0
2.0857500E+2	6.6570772E+1	6.0564894E+1	0.0000000E+0	0.0000000E+0	1.0000000E+2	0.0000000E+0
2.0862500E+2	6.6578201E+1	6.0575571E+1	0.0000000E+0	0.0000000E+0	1.0000000E+2	0.0000000E+0
2.0867600E+2	6.6573334E+1	6.0571604E+1	0.0000000E+0	0.0000000E+0	1.0000000E+2	0.0000000E+0
2.0872700E+2	6.6598654E+1	6.0572015E+1	0.0000000E+0	0.0000000E+0	1.0000000E+2	0.0000000E+0
2.0877700E+2	6.6625294E+1	6.0572986E+1	0.0000000E+0	0.0000000E+0	1.0000000E+2	0.0000000E+0
2.0882800E+2	6.6632316E+1	6.0575231E+1	0.0000000E+0	0.0000000E+0	1.0000000E+2	0.0000000E+0
2.0887800E+2	6.6633791E+1	6.0574929E+1	0.0000000E+0	0.0000000E+0	1.0000000E+2	0.0000000E+0
2.0892800E+2	6.6653257E+1	6.0571855E+1	0.0000000E+0	0.0000000E+0	1.0000000E+2	0.0000000E+0
2.0897800E+2	6.6662544E+1	6.0562791E+1	0.0000000E+0	0.0000000E+0	1.0000000E+2	0.0000000E+0
2.0902900E+2	6.6671874E+1	6.0589021E+1	0.0000000E+0	0.0000000E+0	1.0000000E+2	0.0000000E+0
2.0907900E+2	6.6681078E+1	6.0588237E+1	0.0000000E+0	0.0000000E+0	1.0000000E+2	0.0000000E+0
2.0912900E+2	6.6663458E+1	6.0575722E+1	0.0000000E+0	0.0000000E+0	1.0000000E+2	0.0000000E+0
2.0917900E+2	6.6658986E+1	6.0579559E+1	0.0000000E+0	0.0000000E+0	1.0000000E+2	0.0000000E+0
2.0922900E+2	6.6652119E+1	6.0555831E+1	0.0000000E+0	0.0000000E+0	1.0000000E+2	0.0000000E+0
2.0927900E+2	6.6667812E+1	6.0549898E+1	0.0000000E+0	0.0000000E+0	1.0000000E+2	0.0000000E+0
2.0932900E+2	6.6686682E+1	6.0552921E+1	0.0000000E+0	0.0000000E+0	1.0000000E+2	0.0000000E+0
2.0937900E+2	6.6691745E+1	6.0545634E+1	0.0000000E+0	0.0000000E+0	1.0000000E+2	0.0000000E+0
2.0942900E+2	6.6700199E+1	6.0555567E+1	0.0000000E+0	0.0000000E+0	1.0000000E+2	0.0000000E+0
2.0947900E+2	6.6702240E+1	6.0564197E+1	0.0000000E+0	0.0000000E+0	1.0000000E+2	0.0000000E+0
2.0952900E+2	6.6671212E+1	6.0551445E+1	0.0000000E+0	0.0000000E+0	1.0000000E+2	0.0000000E+0
2.0957900E+2	6.6653780E+1	6.0559020E+1	0.0000000E+0	0.0000000E+0	1.0000000E+2	0.0000000E+0
2.0962900E+2	6.6648044E+1	6.0559182E+1	0.0000000E+0	0.0000000E+0	1.0000000E+2	0.0000000E+0
2.0967900E+2	6.6624329E+1	6.0549238E+1	0.0000000E+0	0.0000000E+0	1.0000000E+2	0.0000000E+0
2.0972900E+2	6.6635457E+1	6.0525822E+1	0.0000000E+0	0.0000000E+0	1.0000000E+2	0.0000000E+0
2.0977900E+2	6.6616951E+1	6.0542405E+1	0.0000000E+0	0.0000000E+0	1.0000000E+2	0.0000000E+0
2.0982900E+2	6.6595146E+1	6.0554700E+1	0.0000000E+0	0.0000000E+0	1.0000000E+2	0.0000000E+0
2.0987900E+2	6.6571095E+1	6.0527571E+1	0.0000000E+0	0.0000000E+0	1.0000000E+2	0.0000000E+0
2.0993000E+2	6.6591454E+1	6.0563004E+1	0.0000000E+0	0.0000000E+0	1.0000000E+2	0.0000000E+0
2.0998100E+2	6.6605075E+1	6.0567215E+1	0.0000000E+0	0.0000000E+0	1.0000000E+2	0.0000000E+0
2.1003200E+2	6.6610076E+1	6.0560700E+1	0.0000000E+0	0.0000000E+0	1.0000000E+2	0.0000000E+0
2.1008200E+2	6.6609844E+1	6.0556191E+1	0.0000000E+0	0.0000000E+0	1.0000000E+2	0.0000000E+0
2.1013200E+2	6.6604204E+1	6.0546431E+1	0.0000000E+0	0.0000000E+0	1.0000000E+2	0.0000000E+0
2.1018200E+2	6.6605599E+1	6.0560399E+1	0.0000000E+0	0.0000000E+0	1.0000000E+2	0.0000000E+0
2.1023200E+2	6.6580459E+1	6.0565328E+1	0.0000000E+0	0.0000000E+0	1.0000000E+2	0.0000000E+0
2.1028200E+2	6.6552758E+1	6.0552025E+1	0.0000000E+0	0.0000000E+0	1.0000000E+2	0.0000000E+0
2.1033200E+2	6.6532501E+1	6.0551326E+1	0.0000000E+0	0.0000000E+0	1.0000000E+2	0.0000000E+0
2.1038300E+2	6.6548607E+1	6.0564362E+1	0.0000000E+0	0.0000000E+0	1.0000000E+2	0.0000000E+0
2.1043300E+2	6.6532702E+1	6.0559049E+1	0.0000000E+0	0.0000000E+0	1.0000000E+2	0.0000000E+0
2.1048300E+2	6.6507813E+1	6.0555093E+1	0.0000000E+0	0.0000000E+0	1.0000000E+2	0.0000000E+0
2.1053300E+2	6.6506016E+1	6.0577729E+1	0.0000000E+0	0.0000000E+0	1.0000000E+2	0.0000000E+0
2.1058400E+2	6.6486932E+1	6.0560331E+1	0.0000000E+0	0.0000000E+0	1.0000000E+2	0.0000000E+0
2.1063500E+2	6.6472836E+1	6.0551369E+1	0.0000000E+0	0.0000000E+0	1.0000000E+2	0.0000000E+0
2.1068500E+2	6.6464166E+1	6.0551921E+1	0.0000000E+0	0.0000000E+0	1.0000000E+2	0.0000000E+0
2.1073500E+2	6.6470929E+1	6.0546220E+1	0.0000000E+0	0.0000000E+0	1.0000000E+2	0.0000000E+0
2.1078600E+2	6.6482671E+1	6.0541192E+1	0.0000000E+0	0.0000000E+0	1.0000000E+2	0.0000000E+0
2.1083600E+2	6.6492506E+1	6.0550491E+1	0.0000000E+0	0.0000000E+0	1.0000000E+2	0.0000000E+0
2.1088600E+2	6.6487173E+1	6.0541047E+1	0.0000000E+0	0.0000000E+0	1.0000000E+2	0.0000000E+0
2.1093600E+2	6.6510084E+1	6.0543597E+1	0.0000000E+0	0.0000000E+0	1.0000000E+2	0.0000000E+0
2.1098600E+2	6.6515200E+1	6.0550178E+1	0.0000000E+0	0.0000000E+0	1.0000000E+2	0.0000000E+0
2.1103600E+2	6.6509912E+1	6.0530688E+1	0.0000000E+0	0.0000000E+0	1.0000000E+2	0.0000000E+0
2.1108700E+2	6.6511666E+1	6.0549421E+1	0.0000000E+0	0.0000000E+0	1.0000000E+2	0.0000000E+0
2.1113700E+2	6.6502494E+1	6.0548747E+1	0.0000000E+0	0.0000000E+0	1.0000000E+2	0.0000000E+0
2.1118700E+2	6.6468443E+1	6.0547881E+1	0.0000000E+0	0.0000000E+0	1.0000000E+2	0.0000000E+0
2.1123700E+2	6.6481958E+1	6.0555225E+1	0.0000000E+0	0.0000000E+0	1.0000000E+2	0.0000000E+0
2.1128900E+2	6.6477333E+1	6.0555026E+1	0.0000000E+0	0.0000000E+0	1.0000000E+2	0.0000000E+0
2.1133900E+2	6.6483825E+1	6.0542664E+1	0.0000000E+0	0.0000000E+0	1.0000000E+2	0.0000000E+0
2.1138900E+2	6.6502543E+1	6.0561028E+1	0.0000000E+0	0.0000000E+0	1.0000000E+2	0.0000000E+0
2.1143900E+2	6.6529450E+1	6.0567711E+1	0.0000000E+0	0.0000000E+0	1.0000000E+2	0.0000000E+0
2.1148900E+2	6.6555569E+1	6.0562072E+1	0.0000000E+0	0.0000000E+0	1.0000000E+2	0.0000000E+0
2.1153900E+2	6.6562098E+1	6.0558645E+1	0.0000000E+0	0.0000000E+0	1.0000000E+2	0.0000000E+0
2.1158900E+2	6.6558202E+1	6.0546181E+1	0.0000000E+0	0.0000000E+0	1.0000000E+2	0.0000000E+0
2.1163900E+2	6.6595725E+1	6.0562705E+1	0.0000000E+0	0.0000000E+0	1.0000000E+2	0.0000000E+0
2.1168900E+2	6.6609811E+1	6.0566945E+1	0.0000000E+0	0.0000000E+0	1.0000000E+2	0.0000000E+0
2.1173900E+2	6.6632741E+1	6.0578752E+1	0.0000000E+0	0.0000000E+0	1.0000000E+2	0.0000000E+0
2.1178900E+2	6.6625252E+1	6.0557017E+1	0.0000000E+0	0.0000000E+0	1.0000000E+2	0.0000000E+0
2.1184000E+2	6.6642871E+1	6.0563463E+1	0.0000000E+0	0.0000000E+0	1.0000000E+2	0.0000000E+0
2.1189000E+2	6.6621489E+1	6.0557834E+1	0.0000000E+0	0.0000000E+0	1.0000000E+2	0.0000000E+0
2.1194000E+2	6.6547086E+1	6.0551060E+1	0.0000000E+0	0.0000000E+0	1.0000000E+2	0.0000000E+0
2.1199000E+2	6.6530999E+1	6.0565984E+1	0.0000000E+0	0.0000000E+0	1.0000000E+2	0.0000000E+0
2.1204100E+2	6.6524018E+1	6.0562771E+1	0.0000000E+0	0.0000000E+0	1.0000000E+2	0.0000000E+0
2.1209100E+2	6.6512350E+1	6.0561014E+1	0.0000000E+0	0.0000000E+0	1.0000000E+2	0.0000000E+0
2.1214200E+2	6.6530146E+1	6.0579892E+1	0.0000000E+0	0.0000000E+0	1.0000000E+2	0.0000000E+0
2.1219200E+2	6.6502663E+1	6.0574878E+1	0.0000000E+0	0.0000000E+0	1.0000000E+2	0.0000000E+0
2.1224200E+2	6.6494357E+1	6.0569184E+1	0.0000000E+0	0.0000000E+0	1.0000000E+2	0.0000000E+0
2.1229200E+2	6.6491304E+1	6.0570225E+1	0.0000000E+0	0.0000000E+0	1.0000000E+2	0.0000000E+0
2.1234200E+2	6.6493616E+1	6.0557563E+1	0.0000000E+0	0.0000000E+0	1.0000000E+2	0.0000000E+0
2.1239200E+2	6.6511452E+1	6.0577897E+1	0.0000000E+0	0.0000000E+0	1.0000000E+2	0.0000000E+0
2.1244200E+2	6.6506110E+1	6.0561541E+1	0.0000000E+0	0.0000000E+0	1.0000000E+2	0.0000000E+0
2.1249300E+2	6.6493392E+1	6.0554329E+1	0.0000000E+0	0.0000000E+0	1.0000000E+2	0.0000000E+0
2.1254300E+2	6.6517876E+1	6.0568211E+1	0.0000000E+0	0.0000000E+0	1.0000000E+2	0.0000000E+0
2.1259300E+2	6.6499459E+1	6.0556654E+1	0.0000000E+0	0.0000000E+0	1.0000000E+2	0.0000000E+0
2.1264300E+2	6.6493852E+1	6.0568135E+1	0.0000000E+0	0.0000000E+0	1.0000000E+2	0.0000000E+0
2.1269300E+2	6.6489617E+1	6.0562760E+1	0.0000000E+0	0.0000000E+0	1.0000000E+2	0.0000000E+0
2.1274400E+2	6.6497920E+1	6.0555700E+1	0.0000000E+0	0.0000000E+0	1.0000000E+2	0.0000000E+0
2.1279400E+2	6.6504230E+1	6.0560938E+1	0.0000000E+0	0.0000000E+0	1.0000000E+2	0.0000000E+0
2.1284400E+2	6.6522757E+1	6.0562137E+1	0.0000000E+0	0.0000000E+0	1.0000000E+2	0.0000000E+0
2.1289400E+2	6.6553003E+1	6.0571293E+1	0.0000000E+0	0.0000000E+0	1.0000000E+2	0.0000000E+0
2.1294400E+2	6.6565264E+1	6.0574475E+1	0.0000000E+0	0.0000000E+0	1.0000000E+2	0.0000000E+0
2.1299400E+2	6.6563671E+1	6.0560623E+1	0.0000000E+0	0.0000000E+0	1.0000000E+2	0.0000000E+0
2.1304500E+2	6.6560818E+1	6.0548792E+1	0.0000000E+0	0.0000000E+0	1.0000000E+2	0.0000000E+0
2.1309500E+2	6.6585548E+1	6.0559680E+1	0.0000000E+0	0.0000000E+0	1.0000000E+2	0.0000000E+0
2.1314500E+2	6.6609807E+1	6.0560980E+1	0.0000000E+0	0.0000000E+0	1.0000000E+2	0.0000000E+0
2.1319500E+2	6.6627317E+1	6.0566565E+1	0.0000000E+0	0.0000000E+0	1.0000000E+2	0.0000000E+0
2.1324500E+2	6.6656791E+1	6.0577343E+1	0.0000000E+0	0.0000000E+0	1.0000000E+2	0.0000000E+0
2.1329500E+2	6.6671380E+1	6.0574345E+1	0.0000000E+0	0.0000000E+0	1.0000000E+2	0.0000000E+0
2.1334500E+2	6.6672624E+1	6.0559263E+1	0.0000000E+0	0.0000000E+0	1.0000000E+2	0.0000000E+0
2.1339500E+2	6.6668195E+1	6.0547752E+1	0.0000000E+0	0.0000000E+0	1.0000000E+2	0.0000000E+0
2.1344500E+2	6.6681973E+1	6.0570169E+1	0.0000000E+0	0.0000000E+0	1.0000000E+2	0.0000000E+0
2.1349500E+2	6.6692341E+1	6.0563807E+1	0.0000000E+0	0.0000000E+0	1.0000000E+2	0.0000000E+0
2.1354600E+2	6.6693644E+1	6.0576991E+1	0.0000000E+0	0.0000000E+0	1.0000000E+2	0.0000000E+0
2.1359600E+2	6.6677042E+1	6.0561532E+1	0.0000000E+0	0.0000000E+0	1.0000000E+2	0.0000000E+0
2.1364600E+2	6.6666781E+1	6.0552699E+1	0.0000000E+0	0.0000000E+0	1.0000000E+2	0.0000000E+0
2.1369700E+2	6.6651984E+1	6.0547855E+1	0.0000000E+0	0.0000000E+0	1.0000000E+2	0.0000000E+0
2.1374700E+2	6.6634706E+1	6.0554710E+1	0.0000000E+0	0.0000000E+0	1.0000000E+2	0.0000000E+0
2.1379700E+2	6.6646120E+1	6.0563408E+1	0.0000000E+0	0.0000000E+0	1.0000000E+2	0.0000000E+0
2.1384800E+2	6.6637697E+1	6.0565379E+1	0.0000000E+0	0.0000000E+0	1.0000000E+2	0.0000000E+0
2.1389800E+2	6.6645292E+1	6.0573423E+1	0.0000000E+0	0.0000000E+0	1.0000000E+2	0.0000000E+0
2.1394800E+2	6.6636993E+1	6.0569110E+1	0.0000000E+0	0.0000000E+0	1.0000000E+2	0.0000000E+0
2.1399800E+2	6.6611206E+1	6.0588336E+1	0.0000000E+0	0.0000000E+0	1.0000000E+2	0.0000000E+0
2.1404900E+2	6.6560921E+1	6.0589100E+1	0.0000000E+0	0.0000000E+0	1.0000000E+2	0.0000000E+0
2.1409900E+2	6.6560233E+1	6.0576157E+1	0.0000000E+0	0.0000000E+0	1.0000000E+2	0.0000000E+0
2.1414900E+2	6.6575082E+1	6.0558915E+1	0.0000000E+0	0.0000000E+0	1.0000000E+2	0.0000000E+0
2.1420000E+2	6.6597619E+1	6.0565528E+1	0.0000000E+0	0.0000000E+0	1.0000000E+2	0.0000000E+0
2.1425000E+2	6.6599293E+1	6.0573762E+1	0.0000000E+0	0.0000000E+0	1.0000000E+2	0.0000000E+0
2.1430100E+2	6.6596257E+1	6.0564532E+1	0.0000000E+0	0.0000000E+0	1.0000000E+2	0.0000000E+0
2.1435100E+2	6.6611245E+1	6.0582678E+1	0.0000000E+0	0.0000000E+0	1.0000000E+2	0.0000000E+0
2.1440100E+2	6.6612968E+1	6.0563197E+1	0.0000000E+0	0.0000000E+0	1.0000000E+2	0.0000000E+0
2.1445100E+2	6.6606664E+1	6.0563907E+1	0.0000000E+0	0.0000000E+0	1.0000000E+2	0.0000000E+0
2.1450100E+2	6.6601153E+1	6.0574678E+1	0.0000000E+0	0.0000000E+0	1.0000000E+2	0.0000000E+0
2.1455200E+2	6.6597072E+1	6.0595144E+1	0.0000000E+0	0.0000000E+0	1.0000000E+2	0.0000000E+0
2.1460200E+2	6.6597775E+1	6.0580357E+1	0.0000000E+0	0.0000000E+0	1.0000000E+2	0.0000000E+0
2.1465200E+2	6.6612974E+1	6.0587748E+1	0.0000000E+0	0.0000000E+0	1.0000000E+2	0.0000000E+0
2.1470200E+2	6.6599725E+1	6.0567071E+1	0.0000000E+0	0.0000000E+0	1.0000000E+2	0.0000000E+0
2.1475200E+2	6.6610749E+1	6.0580048E+1	0.0000000E+0	0.0000000E+0	1.0000000E+2	0.0000000E+0
2.1480200E+2	6.6610898E+1	6.0566201E+1	0.0000000E+0	0.0000000E+0	1.0000000E+2	0.0000000E+0
2.1485200E+2	6.6637466E+1	6.0575093E+1	0.0000000E+0	0.0000000E+0	1.0000000E+2	0.0000000E+0
2.1490200E+2	6.6660331E+1	6.0554468E+1	0.0000000E+0	0.0000000E+0	1.0000000E+2	0.0000000E+0
2.1495200E+2	6.6702294E+1	6.0591803E+1	0.0000000E+0	0.0000000E+0	1.0000000E+2	0.0000000E+0
2.1500200E+2	6.6688008E+1	6.0574410E+1	0.0000000E+0	0.0000000E+0	1.0000000E+2	0.0000000E+0
2.1505200E+2	6.6680201E+1	6.0570390E+1	0.0000000E+0	0.0000000E+0	1.0000000E+2	0.0000000E+0
2.1510200E+2	6.6676504E+1	6.0567322E+1	0.0000000E+0	0.0000000E+0	1.0000000E+2	0.0000000E+0
2.1515300E+2	6.6662272E+1	6.0548163E+1	0.0000000E+0	0.0000000E+0	1.0000000E+2	0.0000000E+0
2.1520400E+2	6.6675175E+1	6.0569506E+1	0.0000000E+0	0.0000000E+0	1.0000000E+2	0.0000000E+0
2.1525400E+2	6.6685591E+1	6.0568577E+1	0.0000000E+0	0.0000000E+0	1.0000000E+2	0.0000000E+0
2.1530400E+2	6.6702408E+1	6.0567028E+1	0.0000000E+0	0.0000000E+0	1.0000000E+2	0.0000000E+0
2.1535400E+2	6.6708008E+1	6.0571222E+1	0.0000000E+0	0.0000000E+0	1.0000000E+2	0.0000000E+0
2.1540400E+2	6.6707778E+1	6.0567112E+1	0.0000000E+0	0.0000000E+0	1.0000000E+2	0.0000000E+0
2.1545400E+2	6.6719351E+1	6.0564838E+1	0.0000000E+0	0.0000000E+0	1.0000000E+2	0.0000000E+0
2.1550400E+2	6.6723349E+1	6.0572070E+1	0.0000000E+0	0.0000000E+0	1.0000000E+2	0.0000000E+0
2.1555400E+2	6.6693246E+1	6.0565010E+1	0.0000000E+0	0.0000000E+0	1.0000000E+2	0.0000000E+0
2.1560400E+2	6.6665153E+1	6.0568195E+1	0.0000000E+0	0.0000000E+0	1.0000000E+2	0.0000000E+0
2.1565400E+2	6.6643010E+1	6.0576869E+1	0.0000000E+0	0.0000000E+0	1.0000000E+2	0.0000000E+0
2.1570500E+2	6.6621334E+1	6.0572751E+1	0.0000000E+0	0.0000000E+0	1.0000000E+2	0.0000000E+0
2.1575500E+2	6.6600157E+1	6.0555956E+1	0.0000000E+0	0.0000000E+0	1.0000000E+2	0.0000000E+0
2.1580600E+2	6.6591491E+1	6.0569970E+1	0.0000000E+0	0.0000000E+0	1.0000000E+2	0.0000000E+0
2.1585600E+2	6.6582615E+1	6.0571490E+1	0.0000000E+0	0.0000000E+0	1.0000000E+2	0.0000000E+0
2.1590600E+2	6.6585834E+1	6.0579060E+1	0.0000000E+0	0.0000000E+0	1.0000000E+2	0.0000000E+0
2.1595600E+2	6.6569386E+1	6.0577722E+1	0.0000000E+0	0.0000000E+0	1.0000000E+2	0.0000000E+0
2.1600600E+2	6.6520934E+1	6.0587560E+1	0.0000000E+0	0.0000000E+0	1.0000000E+2	0.0000000E+0
2.1605600E+2	6.6514586E+1	6.0586440E+1	0.0000000E+0	0.0000000E+0	1.0000000E+2	0.0000000E+0
2.1610600E+2	6.6530280E+1	6.0590928E+1	0.0000000E+0	0.0000000E+0	1.0000000E+2	0.0000000E+0
2.1615600E+2	6.6572408E+1	6.0601035E+1	0.0000000E+0	0.0000000E+0	1.0000000E+2	0.0000000E+0
2.1620600E+2	6.6577564E+1	6.0591917E+1	0.0000000E+0	0.0000000E+0	1.0000000E+2	0.0000000E+0
2.1625600E+2	6.6589337E+1	6.0589908E+1	0.0000000E+0	0.0000000E+0	1.0000000E+2	0.0000000E+0
2.1630600E+2	6.6565164E+1	6.0592210E+1	0.0000000E+0	0.0000000E+0	1.0000000E+2	0.0000000E+0
2.1635600E+2	6.6585362E+1	6.0589261E+1	0.0000000E+0	0.0000000E+0	1.0000000E+2	0.0000000E+0
2.1640600E+2	6.6602851E+1	6.0584542E+1	0.0000000E+0	0.0000000E+0	1.0000000E+2	0.0000000E+0
2.1645600E+2	6.6605588E+1	6.0588538E+1	0.0000000E+0	0.0000000E+0	1.0000000E+2	0.0000000E+0
2.1650600E+2	6.6611180E+1	6.0592495E+1	0.0000000E+0	0.0000000E+0	1.0000000E+2	0.0000000E+0
2.1655600E+2	6.6611099E+1	6.0565957E+1	0.0000000E+0	0.0000000E+0	1.0000000E+2	0.0000000E+0
2.1660600E+2	6.6592904E+1	6.0547518E+1	0.0000000E+0	0.0000000E+0	1.0000000E+2	0.0000000E+0
2.1665700E+2	6.6621892E+1	6.0569034E+1	0.0000000E+0	0.0000000E+0	1.0000000E+2	0.0000000E+0
2.1670800E+2	6.6651023E+1	6.0596205E+1	0.0000000E+0	0.0000000E+0	1.0000000E+2	0.0000000E+0
2.1675800E+2	6.6667503E+1	6.0590290E+1	0.0000000E+0	0.0000000E+0	1.0000000E+2	0.0000000E+0
2.1680800E+2	6.6671141E+1	6.0598097E+1	0.0000000E+0	0.0000000E+0	1.0000000E+2	0.0000000E+0
2.1685800E+2	6.6679885E+1	6.0591307E+1	0.0000000E+0	0.0000000E+0	1.0000000E+2	0.0000000E+0
2.1690800E+2	6.6682188E+1	6.0599066E+1	0.0000000E+0	0.0000000E+0	1.0000000E+2	0.0000000E+0
2.1695800E+2	6.6683732E+1	6.0597483E+1	0.0000000E+0	0.0000000E+0	1.0000000E+2	0.0000000E+0
2.1700800E+2	6.6685240E+1	6.0598961E+1	0.0000000E+0	0.0000000E+0	1.0000000E+2	0.0000000E+0
2.1705800E+2	6.6657844E+1	6.0581132E+1	0.0000000E+0	0.0000000E+0	1.0000000E+2	0.0000000E+0
2.1710800E+2	6.6663027E+1	6.0599314E+1	0.0000000E+0	0.0000000E+0	1.0000000E+2	0.0000000E+0
2.1715800E+2	6.6640046E+1	6.0575343E+1	0.0000000E+0	0.0000000E+0	1.0000000E+2	0.0000000E+0
2.1720800E+2	6.6642102E+1	6.0584232E+1	0.0000000E+0	0.0000000E+0	1.0000000E+2	0.0000000E+0
2.1725800E+2	6.6625244E+1	6.0580377E+1	0.0000000E+0	0.0000000E+0	1.0000000E+2	0.0000000E+0
2.1730800E+2	6.6644625E+1	6.0593320E+1	0.0000000E+0	0.0000000E+0	1.0000000E+2	0.0000000E+0
2.1735800E+2	6.6639002E+1	6.0584057E+1	0.0000000E+0	0.0000000E+0	1.0000000E+2	0.0000000E+0
2.1740800E+2	6.6621133E+1	6.0584617E+1	0.0000000E+0	0.0000000E+0	1.0000000E+2	0.0000000E+0
2.1745800E+2	6.6621602E+1	6.0594169E+1	0.0000000E+0	0.0000000E+0	1.0000000E+2	0.0000000E+0
2.1750800E+2	6.6579499E+1	6.0570734E+1	0.0000000E+0	0.0000000E+0	1.0000000E+2	0.0000000E+0
2.1755800E+2	6.6583786E+1	6.0585239E+1	0.0000000E+0	0.0000000E+0	1.0000000E+2	0.0000000E+0
2.1760800E+2	6.6568606E+1	6.0591584E+1	0.0000000E+0	0.0000000E+0	1.0000000E+2	0.0000000E+0
2.1765800E+2	6.6561234E+1	6.0581180E+1	0.0000000E+0	0.0000000E+0	1.0000000E+2	0.0000000E+0
2.1770800E+2	6.6558274E+1	6.0576896E+1	0.0000000E+0	0.0000000E+0	1.0000000E+2	0.0000000E+0
2.1775800E+2	6.6575485E+1	6.0594173E+1	0.0000000E+0	0.0000000E+0	1.0000000E+2	0.0000000E+0
2.1780800E+2	6.6574745E+1	6.0585712E+1	0.0000000E+0	0.0000000E+0	1.0000000E+2	0.0000000E+0
2.1785800E+2	6.6571337E+1	6.0587519E+1	0.0000000E+0	0.0000000E+0	1.0000000E+2	0.0000000E+0
2.1790800E+2	6.6518802E+1	6.0583829E+1	0.0000000E+0	0.0000000E+0	1.0000000E+2	0.0000000E+0
2.1795800E+2	6.6510123E+1	6.0595601E+1	0.0000000E+0	0.0000000E+0	1.0000000E+2	0.0000000E+0
2.1800800E+2	6.6527869E+1	6.0598212E+1	0.0000000E+0	0.0000000E+0	1.0000000E+2	0.0000000E+0
2.1805800E+2	6.6557011E+1	6.0599178E+1	0.0000000E+0	0.0000000E+0	1.0000000E+2	0.0000000E+0
2.1810900E+2	6.6585897E+1	6.0607971E+1	0.0000000E+0	0.0000000E+0	1.0000000E+2	0.0000000E+0
2.1815900E+2	6.6601269E+1	6.0609701E+1	0.0000000E+0	0.0000000E+0	1.0000000E+2	0.0000000E+0
2.1820900E+2	6.6615872E+1	6.0607167E+1	0.0000000E+0	0.0000000E+0	1.0000000E+2	0.0000000E+0
2.1825900E+2	6.6630142E+1	6.0610166E+1	0.0000000E+0	0.0000000E+0	1.0000000E+2	0.0000000E+0
2.1831000E+2	6.6633895E+1	6.0585827E+1	0.0000000E+0	0.0000000E+0	1.0000000E+2	0.0000000E+0
2.1836000E+2	6.6626857E+1	6.0586191E+1	0.0000000E+0	0.0000000E+0	1.0000000E+2	0.0000000E+0
2.1841000E+2	6.6634647E+1	6.0605805E+1	0.0000000E+0	0.0000000E+0	1.0000000E+2	0.0000000E+0
2.1846000E+2	6.6622406E+1	6.0595325E+1	0.0000000E+0	0.0000000E+0	1.0000000E+2	0.0000000E+0
2.1851000E+2	6.6655559E+1	6.0593813E+1	0.0000000E+0	0.0000000E+0	1.0000000E+2	0.0000000E+0
2.1856100E+2	6.6648096E+1	6.0606922E+1	0.0000000E+0	0.0000000E+0	1.0000000E+2	0.0000000E+0
2.1861200E+2	6.6625397E+1	6.0595084E+1	0.0000000E+0	0.0000000E+0	1.0000000E+2	0.0000000E+0
2.1866200E+2	6.6638620E+1	6.0613301E+1	0.0000000E+0	0.0000000E+0	1.0000000E+2	0.0000000E+0
2.1871200E+2	6.6647312E+1	6.0611938E+1	0.0000000E+0	0.0000000E+0	1.0000000E+2	0.0000000E+0
2.1876200E+2	6.6639089E+1	6.0598859E+1	0.0000000E+0	0.0000000E+0	1.0000000E+2	0.0000000E+0
2.1881300E+2	6.6636316E+1	6.0602591E+1	0.0000000E+0	0.0000000E+0	1.0000000E+2	0.0000000E+0
2.1886300E+2	6.6619535E+1	6.0611525E+1	0.0000000E+0	0.0000000E+0	1.0000000E+2	0.0000000E+0
2.1891300E+2	6.6593727E+1	6.0602653E+1	0.0000000E+0	0.0000000E+0	1.0000000E+2	0.0000000E+0
2.1896400E+2	6.6590943E+1	6.0608830E+1	0.0000000E+0	0.0000000E+0	1.0000000E+2	0.0000000E+0
2.1901500E+2	6.6603017E+1	6.0603092E+1	0.0000000E+0	0.0000000E+0	1.0000000E+2	0.0000000E+0
2.1906500E+2	6.6606717E+1	6.0593468E+1	0.0000000E+0	0.0000000E+0	1.0000000E+2	0.0000000E+0
2.1911500E+2	6.6623949E+1	6.0608646E+1	0.0000000E+0	0.0000000E+0	1.0000000E+2	0.0000000E+0
2.1916500E+2	6.6641008E+1	6.0621545E+1	0.0000000E+0	0.0000000E+0	1.0000000E+2	0.0000000E+0
2.1921500E+2	6.6655076E+1	6.0624715E+1	0.0000000E+0	0.0000000E+0	1.0000000E+2	0.0000000E+0
2.1926500E+2	6.6669802E+1	6.0639962E+1	0.0000000E+0	0.0000000E+0	1.0000000E+2	0.0000000E+0
2.1931600E+2	6.6676873E+1	6.0636545E+1	0.0000000E+0	0.0000000E+0	1.0000000E+2	0.0000000E+0
2.1936600E+2	6.6694875E+1	6.0627837E+1	0.0000000E+0	0.0000000E+0	1.0000000E+2	0.0000000E+0
2.1941600E+2	6.6694639E+1	6.0622983E+1	0.0000000E+0	0.0000000E+0	1.0000000E+2	0.0000000E+0
2.1946600E+2	6.6717019E+1	6.0624714E+1	0.0000000E+0	0.0000000E+0	1.0000000E+2	0.0000000E+0
2.1951600E+2	6.6686474E+1	6.0627662E+1	0.0000000E+0	0.0000000E+0	1.0000000E+2	0.0000000E+0
2.1956600E+2	6.6658222E+1	6.0612362E+1	0.0000000E+0	0.0000000E+0	1.0000000E+2	0.0000000E+0
2.1961600E+2	6.6612884E+1	6.0596987E+1	0.0000000E+0	0.0000000E+0	1.0000000E+2	0.0000000E+0
2.1966600E+2	6.6579697E+1	6.0604029E+1	0.0000000E+0	0.0000000E+0	1.0000000E+2	0.0000000E+0
2.1971600E+2	6.6583659E+1	6.0608432E+1	0.0000000E+0	0.0000000E+0	1.0000000E+2	0.0000000E+0
2.1976600E+2	6.6596339E+1	6.0614722E+1	0.0000000E+0	0.0000000E+0	1.0000000E+2	0.0000000E+0
2.1981600E+2	6.6599632E+1	6.0609271E+1	0.0000000E+0	0.0000000E+0	1.0000000E+2	0.0000000E+0
2.1986600E+2	6.6578406E+1	6.0595633E+1	0.0000000E+0	0.0000000E+0	1.0000000E+2	0.0000000E+0
2.1991600E+2	6.6557827E+1	6.0604410E+1	0.0000000E+0	0.0000000E+0	1.0000000E+2	0.0000000E+0
2.1996600E+2	6.6537272E+1	6.0612927E+1	0.0000000E+0	0.0000000E+0	1.0000000E+2	0.0000000E+0
2.2001600E+2	6.6508205E+1	6.0623558E+1	0.0000000E+0	0.0000000E+0	1.0000000E+2	0.0000000E+0
2.2006600E+2	6.6426483E+1	6.0606382E+1	0.0000000E+0	0.0000000E+0	1.0000000E+2	0.0000000E+0
2.2011600E+2	6.6409326E+1	6.0593622E+1	0.0000000E+0	0.0000000E+0	1.0000000E+2	0.0000000E+0
2.2016600E+2	6.6417073E+1	6.0600817E+1	0.0000000E+0	0.0000000E+0	1.0000000E+2	0.0000000E+0
2.2021700E+2	6.6447577E+1	6.0603988E+1	0.0000000E+0	0.0000000E+0	1.0000000E+2	0.0000000E+0
2.2026700E+2	6.6454442E+1	6.0602741E+1	0.0000000E+0	0.0000000E+0	1.0000000E+2	0.0000000E+0
2.2031700E+2	6.6457282E+1	6.0593690E+1	0.0000000E+0	0.0000000E+0	1.0000000E+2	0.0000000E+0
2.2036700E+2	6.6458439E+1	6.0601790E+1	0.0000000E+0	0.0000000E+0	1.0000000E+2	0.0000000E+0
2.2041700E+2	6.6460359E+1	6.0598726E+1	0.0000000E+0	0.0000000E+0	1.0000000E+2	0.0000000E+0
2.2046800E+2	6.6455819E+1	6.0594562E+1	0.0000000E+0	0.0000000E+0	1.0000000E+2	0.0000000E+0
2.2051800E+2	6.6435229E+1	6.0591294E+1	0.0000000E+0	0.0000000E+0	1.0000000E+2	0.0000000E+0
2.2056800E+2	6.6448033E+1	6.0603985E+1	0.0000000E+0	0.0000000E+0	1.0000000E+2	0.0000000E+0
2.2061900E+2	6.6426855E+1	6.0602789E+1	0.0000000E+0	0.0000000E+0	1.0000000E+2	0.0000000E+0
2.2066900E+2	6.6431743E+1	6.0591770E+1	0.0000000E+0	0.0000000E+0	1.0000000E+2	0.0000000E+0
2.2071900E+2	6.6415353E+1	6.0581746E+1	0.0000000E+0	0.0000000E+0	1.0000000E+2	0.0000000E+0
2.2076900E+2	6.6406779E+1	6.0597368E+1	0.0000000E+0	0.0000000E+0	1.0000000E+2	0.0000000E+0
2.2082000E+2	6.6401904E+1	6.0608228E+1	0.0000000E+0	0.0000000E+0	1.0000000E+2	0.0000000E+0
2.2087000E+2	6.6381491E+1	6.0593233E+1	0.0000000E+0	0.0000000E+0	1.0000000E+2	0.0000000E+0
2.2092000E+2	6.6366490E+1	6.0589928E+1	0.0000000E+0	0.0000000E+0	1.0000000E+2	0.0000000E+0
2.2097000E+2	6.6373256E+1	6.0602542E+1	0.0000000E+0	0.0000000E+0	1.0000000E+2	0.0000000E+0
2.2102000E+2	6.6370718E+1	6.0602471E+1	0.0000000E+0	0.0000000E+0	1.0000000E+2	0.0000000E+0
2.2107000E+2	6.6375421E+1	6.0614789E+1	0.0000000E+0	0.0000000E+0	1.0000000E+2	0.0000000E+0
2.2112000E+2	6.6382580E+1	6.0622489E+1	0.0000000E+0	0.0000000E+0	1.0000000E+2	0.0000000E+0
2.2117000E+2	6.6403814E+1	6.0630202E+1	0.0000000E+0	0.0000000E+0	1.0000000E+2	0.0000000E+0
2.2122000E+2	6.6411697E+1	6.0627769E+1	0.0000000E+0	0.0000000E+0	1.0000000E+2	0.0000000E+0
2.2127000E+2	6.6409706E+1	6.0627838E+1	0.0000000E+0	0.0000000E+0	1.0000000E+2	0.0000000E+0
2.2132000E+2	6.6412821E+1	6.0625800E+1	0.0000000E+0	0.0000000E+0	1.0000000E+2	0.0000000E+0
2.2137000E+2	6.6428311E+1	6.0621462E+1	0.0000000E+0	0.0000000E+0	1.0000000E+2	0.0000000E+0
2.2142000E+2	6.6433571E+1	6.0619642E+1	0.0000000E+0	0.0000000E+0	1.0000000E+2	0.0000000E+0
2.2147000E+2	6.6448337E+1	6.0617456E+1	0.0000000E+0	0.0000000E+0	1.0000000E+2	0.0000000E+0
2.2152000E+2	6.6467787E+1	6.0631892E+1	0.0000000E+0	0.0000000E+0	1.0000000E+2	0.0000000E+0
2.2157000E+2	6.6466435E+1	6.0608746E+1	0.0000000E+0	0.0000000E+0	1.0000000E+2	0.0000000E+0
2.2162000E+2	6.6466978E+1	6.0617512E+1	0.0000000E+0	0.0000000E+0	1.0000000E+2	0.0000000E+0
2.2167000E+2	6.6446179E+1	6.0600279E+1	0.0000000E+0	0.0000000E+0	1.0000000E+2	0.0000000E+0
2.2172000E+2	6.6448055E+1	6.0590397E+1	0.0000000E+0	0.0000000E+0	1.0000000E+2	0.0000000E+0
2.2177000E+2	6.6445324E+1	6.0605612E+1	0.0000000E+0	0.0000000E+0	1.0000000E+2	0.0000000E+0
2.2182000E+2	6.6398137E+1	6.0605723E+1	0.0000000E+0	0.0000000E+0	1.0000000E+2	0.0000000E+0
2.2187000E+2	6.6377125E+1	6.0588195E+1	0.0000000E+0	0.0000000E+0	1.0000000E+2	0.0000000E+0
2.2192000E+2	6.6376035E+1	6.0604073E+1	0.0000000E+0	0.0000000E+0	1.0000000E+2	0.0000000E+0
2.2197000E+2	6.6376574E+1	6.0591576E+1	0.0000000E+0	0.0000000E+0	1.0000000E+2	0.0000000E+0
2.2202000E+2	6.6386432E+1	6.0597339E+1	0.0000000E+0	0.0000000E+0	1.0000000E+2	0.0000000E+0
2.2207000E+2	6.6415549E+1	6.0610811E+1	0.0000000E+0	0.0000000E+0	1.0000000E+2	0.0000000E+0
2.2212000E+2	6.6462728E+1	6.0629311E+1	0.0000000E+0	0.0000000E+0	1.0000000E+2	0.0000000E+0
2.2217000E+2	6.6472447E+1	6.0620143E+1	0.0000000E+0	0.0000000E+0	1.0000000E+2	0.0000000E+0
2.2222000E+2	6.6505380E+1	6.0607803E+1	0.0000000E+0	0.0000000E+0	1.0000000E+2	0.0000000E+0
2.2227000E+2	6.6517005E+1	6.0613459E+1	0.0000000E+0	0.0000000E+0	1.0000000E+2	0.0000000E+0
2.2232000E+2	6.6531865E+1	6.0604250E+1	0.0000000E+0	0.0000000E+0	1.0000000E+2	0.0000000E+0
2.2237000E+2	6.6552310E+1	6.0615807E+1	0.0000000E+0	0.0000000E+0	1.0000000E+2	0.0000000E+0
2.2242000E+2	6.6554880E+1	6.0618566E+1	0.0000000E+0	0.0000000E+0	1.0000000E+2	0.0000000E+0
2.2247000E+2	6.6545477E+1	6.0604016E+1	0.0000000E+0	0.0000000E+0	1.0000000E+2	0.0000000E+0
2.2252000E+2	6.6550006E+1	6.0607303E+1	0.0000000E+0	0.0000000E+0	1.0000000E+2	0.0000000E+0
2.2257000E+2	6.6559814E+1	6.0605847E+1	0.0000000E+0	0.0000000E+0	1.0000000E+2	0.0000000E+0
2.2262000E+2	6.6600510E+1	6.0618596E+1	0.0000000E+0	0.0000000E+0	1.0000000E+2	0.0000000E+0
2.2267000E+2	6.6606982E+1	6.0599642E+1	0.0000000E+0	0.0000000E+0	1.0000000E+2	0.0000000E+0
2.2272000E+2	6.6626016E+1	6.0605409E+1	0.0000000E+0	0.0000000E+0	1.0000000E+2	0.0000000E+0
2.2277000E+2	6.6649290E+1	6.0616310E+1	0.0000000E+0	0.0000000E+0	1.0000000E+2	0.0000000E+0
2.2282000E+2	6.6639217E+1	6.0620165E+1	0.0000000E+0	0.0000000E+0	1.0000000E+2	0.0000000E+0
2.2287000E+2	6.6629117E+1	6.0606792E+1	0.0000000E+0	0.0000000E+0	1.0000000E+2	0.0000000E+0
2.2292000E+2	6.6628309E+1	6.0602865E+1	0.0000000E+0	0.0000000E+0	1.0000000E+2	0.0000000E+0
2.2297000E+2	6.6624567E+1	6.0611575E+1	0.0000000E+0	0.0000000E+0	1.0000000E+2	0.0000000E+0
2.2302000E+2	6.6653260E+1	6.0623432E+1	0.0000000E+0	0.0000000E+0	1.0000000E+2	0.0000000E+0
2.2307000E+2	6.6646665E+1	6.0609372E+1	0.0000000E+0	0.0000000E+0	1.0000000E+2	0.0000000E+0
2.2312100E+2	6.6631216E+1	6.0596983E+1	0.0000000E+0	0.0000000E+0	1.0000000E+2	0.0000000E+0
2.2317200E+2	6.6635159E+1	6.0601684E+1	0.0000000E+0	0.0000000E+0	1.0000000E+2	0.0000000E+0
2.2322200E+2	6.6661059E+1	6.0615354E+1	0.0000000E+0	0.0000000E+0	1.0000000E+2	0.0000000E+0
2.2327200E+2	6.6662317E+1	6.0610706E+1	0.0000000E+0	0.0000000E+0	1.0000000E+2	0.0000000E+0
2.2332200E+2	6.6675008E+1	6.0600283E+1	0.0000000E+0	0.0000000E+0	1.0000000E+2	0.0000000E+0
2.2337200E+2	6.6666313E+1	6.0595555E+1	0.0000000E+0	0.0000000E+0	1.0000000E+2	0.0000000E+0
2.2342200E+2	6.6704569E+1	6.0612084E+1	0.0000000E+0	0.0000000E+0	1.0000000E+2	0.0000000E+0
2.2347200E+2	6.6722999E+1	6.0596828E+1	0.0000000E+0	0.0000000E+0	1.0000000E+2	0.0000000E+0
2.2352300E+2	6.6721179E+1	6.0599948E+1	0.0000000E+0	0.0000000E+0	1.0000000E+2	0.0000000E+0
2.2357300E+2	6.6731365E+1	6.0611454E+1	0.0000000E+0	0.0000000E+0	1.0000000E+2	0.0000000E+0
2.2362300E+2	6.6674767E+1	6.0607495E+1	0.0000000E+0	0.0000000E+0	1.0000000E+2	0.0000000E+0
2.2367400E+2	6.6650221E+1	6.0592166E+1	0.0000000E+0	0.0000000E+0	1.0000000E+2	0.0000000E+0
2.2372400E+2	6.6664425E+1	6.0609385E+1	0.0000000E+0	0.0000000E+0	1.0000000E+2	0.0000000E+0
2.2377400E+2	6.6658237E+1	6.0608615E+1	0.0000000E+0	0.0000000E+0	1.0000000E+2	0.0000000E+0
2.2382400E+2	6.6669188E+1	6.0622444E+1	0.0000000E+0	0.0000000E+0	1.0000000E+2	0.0000000E+0
2.2387400E+2	6.6654010E+1	6.0632967E+1	0.0000000E+0	0.0000000E+0	1.0000000E+2	0.0000000E+0
2.2392400E+2	6.6618040E+1	6.0626948E+1	0.0000000E+0	0.0000000E+0	1.0000000E+2	0.0000000E+0
2.2397400E+2	6.6634425E+1	6.0637302E+1	0.0000000E+0	0.0000000E+0	1.0000000E+2	0.0000000E+0
2.2402400E+2	6.6647501E+1	6.0632357E+1	0.0000000E+0	0.0000000E+0	1.0000000E+2	0.0000000E+0
2.2407500E+2	6.6646112E+1	6.0629256E+1	0.0000000E+0	0.0000000E+0	1.0000000E+2	0.0000000E+0
2.2412600E+2	6.6662544E+1	6.0626354E+1	0.0000000E+0	0.0000000E+0	1.0000000E+2	0.0000000E+0
2.2417600E+2	6.6692870E+1	6.0627314E+1	0.0000000E+0	0.0000000E+0	1.0000000E+2	0.0000000E+0
2.2422600E+2	6.6711159E+1	6.0628458E+1	0.0000000E+0	0.0000000E+0	1.0000000E+2	0.0000000E+0
2.2427600E+2	6.6720558E+1	6.0624997E+1	0.0000000E+0	0.0000000E+0	1.0000000E+2	0.0000000E+0
2.2432600E+2	6.6704373E+1	6.0619843E+1	0.0000000E+0	0.0000000E+0	1.0000000E+2	0.0000000E+0
2.2437600E+2	6.6676052E+1	6.0616082E+1	0.0000000E+0	0.0000000E+0	1.0000000E+2	0.0000000E+0
2.2442700E+2	6.6678962E+1	6.0611336E+1	0.0000000E+0	0.0000000E+0	1.0000000E+2	0.0000000E+0
2.2447800E+2	6.6675161E+1	6.0600471E+1	0.0000000E+0	0.0000000E+0	1.0000000E+2	0.0000000E+0
2.2452800E+2	6.6676936E+1	6.0600193E+1	0.0000000E+0	0.0000000E+0	1.0000000E+2	0.0000000E+0
2.2457800E+2	6.6684990E+1	6.0595285E+1	0.0000000E+0	0.0000000E+0	1.0000000E+2	0.0000000E+0
2.2462900E+2	6.6684445E+1	6.0602377E+1	0.0000000E+0	0.0000000E+0	1.0000000E+2	0.0000000E+0
2.2467900E+2	6.6690793E+1	6.0603932E+1	0.0000000E+0	0.0000000E+0	1.0000000E+2	0.0000000E+0
2.2473000E+2	6.6709929E+1	6.0619617E+1	0.0000000E+0	0.0000000E+0	1.0000000E+2	0.0000000E+0
2.2478000E+2	6.6698030E+1	6.0608128E+1	0.0000000E+0	0.0000000E+0	1.0000000E+2	0.0000000E+0
2.2483000E+2	6.6703135E+1	6.0612432E+1	0.0000000E+0	0.0000000E+0	1.0000000E+2	0.0000000E+0
2.2488000E+2	6.6679214E+1	6.0616736E+1	0.0000000E+0	0.0000000E+0	1.0000000E+2	0.0000000E+0
2.2493100E+2	6.6666197E+1	6.0598970E+1	0.0000000E+0	0.0000000E+0	1.0000000E+2	0.0000000E+0
2.2498100E+2	6.6652385E+1	6.0600880E+1	0.0000000E+0	0.0000000E+0	1.0000000E+2	0.0000000E+0
2.2503100E+2	6.6628970E+1	6.0603378E+1	0.0000000E+0	0.0000000E+0	1.0000000E+2	0.0000000E+0
2.2508100E+2	6.6632652E+1	6.0600961E+1	0.0000000E+0	0.0000000E+0	1.0000000E+2	0.0000000E+0
2.2513100E+2	6.6636143E+1	6.0612729E+1	0.0000000E+0	0.0000000E+0	1.0000000E+2	0.0000000E+0
2.2518100E+2	6.6637180E+1	6.0602641E+1	0.0000000E+0	0.0000000E+0	1.0000000E+2	0.0000000E+0
2.2523200E+2	6.6639769E+1	6.0601042E+1	0.0000000E+0	0.0000000E+0	1.0000000E+2	0.0000000E+0
2.2528300E+2	6.6643933E+1	6.0605856E+1	0.0000000E+0	0.0000000E+0	1.0000000E+2	0.0000000E+0
2.2533300E+2	6.6591831E+1	6.0604077E+1	0.0000000E+0	0.0000000E+0	1.0000000E+2	0.0000000E+0
2.2538300E+2	6.6576597E+1	6.0601198E+1	0.0000000E+0	0.0000000E+0	1.0000000E+2	0.0000000E+0
2.2543300E+2	6.6579001E+1	6.0610974E+1	0.0000000E+0	0.0000000E+0	1.0000000E+2	0.0000000E+0
2.2548300E+2	6.6563660E+1	6.0606993E+1	0.0000000E+0	0.0000000E+0	1.0000000E+2	0.0000000E+0
2.2553400E+2	6.6546066E+1	6.0611566E+1	0.0000000E+0	0.0000000E+0	1.0000000E+2	0.0000000E+0
2.2558400E+2	6.6570756E+1	6.0607133E+1	0.0000000E+0	0.0000000E+0	1.0000000E+2	0.0000000E+0
2.2563400E+2	6.6573078E+1	6.0590869E+1	0.0000000E+0	0.0000000E+0	1.0000000E+2	0.0000000E+0
2.2568400E+2	6.6604827E+1	6.0601014E+1	0.0000000E+0	0.0000000E+0	1.0000000E+2	0.0000000E+0
2.2573400E+2	6.6620973E+1	6.0596706E+1	0.0000000E+0	0.0000000E+0	1.0000000E+2	0.0000000E+0
2.2578400E+2	6.6626137E+1	6.0595533E+1	0.0000000E+0	0.0000000E+0	1.0000000E+2	0.0000000E+0
2.2583500E+2	6.6652168E+1	6.0608799E+1	0.0000000E+0	0.0000000E+0	1.0000000E+2	0.0000000E+0
2.2588500E+2	6.6661702E+1	6.0605146E+1	0.0000000E+0	0.0000000E+0	1.0000000E+2	0.0000000E+0
2.2593500E+2	6.6653720E+1	6.0600129E+1	0.0000000E+0	0.0000000E+0	1.0000000E+2	0.0000000E+0
2.2598500E+2	6.6656282E+1	6.0598563E+1	0.0000000E+0	0.0000000E+0	1.0000000E+2	0.0000000E+0
2.2603500E+2	6.6667141E+1	6.0587645E+1	0.0000000E+0	0.0000000E+0	1.0000000E+2	0.0000000E+0
2.2608500E+2	6.6665571E+1	6.0589132E+1	0.0000000E+0	0.0000000E+0	1.0000000E+2	0.0000000E+0
2.2613600E+2	6.6708835E+1	6.0621708E+1	0.0000000E+0	0.0000000E+0	1.0000000E+2	0.0000000E+0
2.2618800E+2	6.6719848E+1	6.0615742E+1	0.0000000E+0	0.0000000E+0	1.0000000E+2	0.0000000E+0
2.2623800E+2	6.6749557E+1	6.0618098E+1	0.0000000E+0	0.0000000E+0	1.0000000E+2	0.0000000E+0
2.2628800E+2	6.6749334E+1	6.0616213E+1	0.0000000E+0	0.0000000E+0	1.0000000E+2	0.0000000E+0
2.2633800E+2	6.6743155E+1	6.0598938E+1	0.0000000E+0	0.0000000E+0	1.0000000E+2	0.0000000E+0
2.2638800E+2	6.6746774E+1	6.0599903E+1	0.0000000E+0	0.0000000E+0	1.0000000E+2	0.0000000E+0
2.2643800E+2	6.6750915E+1	6.0611017E+1	0.0000000E+0	0.0000000E+0	1.0000000E+2	0.0000000E+0
2.2648800E+2	6.6757593E+1	6.0604595E+1	0.0000000E+0	0.0000000E+0	1.0000000E+2	0.0000000E+0
2.2653800E+2	6.6749111E+1	6.0603258E+1	0.0000000E+0	0.0000000E+0	1.0000000E+2	0.0000000E+0
2.2658800E+2	6.6760713E+1	6.0597024E+1	0.0000000E+0	0.0000000E+0	1.0000000E+2	0.0000000E+0
2.2663800E+2	6.6780691E+1	6.0607083E+1	0.0000000E+0	0.0000000E+0	1.0000000E+2	0.0000000E+0
2.2668800E+2	6.6819345E+1	6.0605464E+1	0.0000000E+0	0.0000000E+0	1.0000000E+2	0.0000000E+0
2.2673800E+2	6.6832503E+1	6.0612837E+1	0.0000000E+0	0.0000000E+0	1.0000000E+2	0.0000000E+0
2.2678800E+2	6.6849060E+1	6.0601742E+1	0.0000000E+0	0.0000000E+0	1.0000000E+2	0.0000000E+0
2.2683800E+2	6.6864110E+1	6.0606892E+1	0.0000000E+0	0.0000000E+0	1.0000000E+2	0.0000000E+0
2.2688800E+2	6.6890861E+1	6.0632868E+1	0.0000000E+0	0.0000000E+0	1.0000000E+2	0.0000000E+0
2.2693800E+2	6.6914939E+1	6.0626531E+1	0.0000000E+0	0.0000000E+0	1.0000000E+2	0.0000000E+0
2.2698800E+2	6.6901152E+1	6.0617479E+1	0.0000000E+0	0.0000000E+0	1.0000000E+2	0.0000000E+0
2.2703900E+2	6.6910186E+1	6.0617512E+1	0.0000000E+0	0.0000000E+0	1.0000000E+2	0.0000000E+0
2.2709000E+2	6.6901322E+1	6.0614390E+1	0.0000000E+0	0.0000000E+0	1.0000000E+2	0.0000000E+0
2.2714000E+2	6.6900914E+1	6.0595041E+1	0.0000000E+0	0.0000000E+0	1.0000000E+2	0.0000000E+0
2.2719100E+2	6.6908122E+1	6.0600807E+1	0.0000000E+0	0.0000000E+0	1.0000000E+2	0.0000000E+0
2.2724100E+2	6.6904121E+1	6.0601472E+1	0.0000000E+0	0.0000000E+0	1.0000000E+2	0.0000000E+0
2.2729200E+2	6.6894411E+1	6.0607610E+1	0.0000000E+0	0.0000000E+0	1.0000000E+2	0.0000000E+0
2.2734200E+2	6.6896640E+1	6.0598263E+1	0.0000000E+0	0.0000000E+0	1.0000000E+2	0.0000000E+0
2.2739200E+2	6.6892342E+1	6.0607488E+1	0.0000000E+0	0.0000000E+0	1.0000000E+2	0.0000000E+0
2.2744200E+2	6.6877545E+1	6.0585835E+1	0.0000000E+0	0.0000000E+0	1.0000000E+2	0.0000000E+0
2.2749200E+2	6.6895760E+1	6.0573773E+1	0.0000000E+0	0.0000000E+0	1.0000000E+2	0.0000000E+0
2.2754300E+2	6.6940604E+1	6.0601733E+1	0.0000000E+0	0.0000000E+0	1.0000000E+2	0.0000000E+0
2.2759400E+2	6.6975162E+1	6.0619437E+1	0.0000000E+0	0.0000000E+0	1.0000000E+2	0.0000000E+0
2.2764400E+2	6.6970125E+1	6.0607998E+1	0.0000000E+0	0.0000000E+0	1.0000000E+2	0.0000000E+0
2.2769400E+2	6.6966797E+1	6.0613498E+1	0.0000000E+0	0.0000000E+0	1.0000000E+2	0.0000000E+0
2.2774400E+2	6.6954132E+1	6.0616277E+1	0.0000000E+0	0.0000000E+0	1.0000000E+2	0.0000000E+0
2.2779400E+2	6.6891051E+1	6.0604131E+1	0.0000000E+0	0.0000000E+0	1.0000000E+2	0.0000000E+0
2.2784400E+2	6.6871518E+1	6.0591844E+1	0.0000000E+0	0.0000000E+0	1.0000000E+2	0.0000000E+0
2.2789400E+2	6.6893086E+1	6.0611429E+1	0.0000000E+0	0.0000000E+0	1.0000000E+2	0.0000000E+0
2.2794400E+2	6.6908839E+1	6.0625731E+1	0.0000000E+0	0.0000000E+0	1.0000000E+2	0.0000000E+0
2.2799400E+2	6.6898601E+1	6.0640730E+1	0.0000000E+0	0.0000000E+0	1.0000000E+2	0.0000000E+0
2.2804400E+2	6.6870305E+1	6.0634781E+1	0.0000000E+0	0.0000000E+0	1.0000000E+2	0.0000000E+0
2.2809500E+2	6.6897217E+1	6.0639962E+1	0.0000000E+0	0.0000000E+0	1.0000000E+2	0.0000000E+0
2.2814500E+2	6.6903838E+1	6.0630651E+1	0.0000000E+0	0.0000000E+0	1.0000000E+2	0.0000000E+0
2.2819500E+2	6.6928648E+1	6.0638349E+1	0.0000000E+0	0.0000000E+0	1.0000000E+2	0.0000000E+0
2.2824600E+2	6.6934540E+1	6.0634143E+1	0.0000000E+0	0.0000000E+0	1.0000000E+2	0.0000000E+0
2.2829600E+2	6.6924594E+1	6.0630234E+1	0.0000000E+0	0.0000000E+0	1.0000000E+2	0.0000000E+0
2.2834600E+2	6.6934117E+1	6.0637404E+1	0.0000000E+0	0.0000000E+0	1.0000000E+2	0.0000000E+0
2.2839700E+2	6.6964164E+1	6.0646621E+1	0.0000000E+0	0.0000000E+0	1.0000000E+2	0.0000000E+0
2.2844700E+2	6.6985526E+1	6.0647859E+1	0.0000000E+0	0.0000000E+0	1.0000000E+2	0.0000000E+0
2.2849700E+2	6.6965367E+1	6.0627921E+1	0.0000000E+0	0.0000000E+0	1.0000000E+2	0.0000000E+0
2.2854700E+2	6.6960867E+1	6.0644236E+1	0.0000000E+0	0.0000000E+0	1.0000000E+2	0.0000000E+0
2.2859800E+2	6.6944728E+1	6.0647073E+1	0.0000000E+0	0.0000000E+0	1.0000000E+2	0.0000000E+0
2.2864900E+2	6.6938468E+1	6.0637274E+1	0.0000000E+0	0.0000000E+0	1.0000000E+2	0.0000000E+0
2.2869900E+2	6.6961740E+1	6.0640556E+1	0.0000000E+0	0.0000000E+0	1.0000000E+2	0.0000000E+0
2.2874900E+2	6.6981063E+1	6.0654314E+1	0.0000000E+0	0.0000000E+0	1.0000000E+2	0.0000000E+0
2.2880000E+2	6.6988471E+1	6.0659391E+1	0.0000000E+0	0.0000000E+0	1.0000000E+2	0.0000000E+0
2.2885100E+2	6.6971983E+1	6.0650765E+1	0.0000000E+0	0.0000000E+0	1.0000000E+2	0.0000000E+0
2.2890100E+2	6.6952805E+1	6.0640805E+1	0.0000000E+0	0.0000000E+0	1.0000000E+2	0.0000000E+0
2.2895100E+2	6.6948534E+1	6.0636462E+1	0.0000000E+0	0.0000000E+0	1.0000000E+2	0.0000000E+0
2.2900100E+2	6.6955606E+1	6.0630190E+1	0.0000000E+0	0.0000000E+0	1.0000000E+2	0.0000000E+0
2.2905100E+2	6.6975095E+1	6.0646814E+1	0.0000000E+0	0.0000000E+0	1.0000000E+2	0.0000000E+0
2.2910100E+2	6.6982990E+1	6.0646222E+1	0.0000000E+0	0.0000000E+0	1.0000000E+2	0.0000000E+0
2.2915100E+2	6.7015727E+1	6.0648624E+1	0.0000000E+0	0.0000000E+0	1.0000000E+2	0.0000000E+0
2.2920100E+2	6.7063510E+1	6.0651912E+1	0.0000000E+0	0.0000000E+0	1.0000000E+2	0.0000000E+0
2.2925100E+2	6.7060334E+1	6.0638522E+1	0.0000000E+0	0.0000000E+0	1.0000000E+2	0.0000000E+0
2.2930100E+2	6.7045228E+1	6.0626486E+1	0.0000000E+0	0.0000000E+0	1.0000000E+2	0.0000000E+0
2.2935200E+2	6.7069571E+1	6.0626673E+1	0.0000000E+0	0.0000000E+0	1.0000000E+2	0.0000000E+0
2.2940200E+2	6.7084892E+1	6.0632424E+1	0.0000000E+0	0.0000000E+0	1.0000000E+2	0.0000000E+0
2.2945300E+2	6.7099135E+1	6.0639786E+1	0.0000000E+0	0.0000000E+0	1.0000000E+2	0.0000000E+0
2.2950300E+2	6.7079060E+1	6.0645681E+1	0.0000000E+0	0.0000000E+0	1.0000000E+2	0.0000000E+0
2.2955300E+2	6.7050958E+1	6.0626614E+1	0.0000000E+0	0.0000000E+0	1.0000000E+2	0.0000000E+0
2.2960300E+2	6.7045244E+1	6.0639132E+1	0.0000000E+0	0.0000000E+0	1.0000000E+2	0.0000000E+0
2.2965300E+2	6.7019895E+1	6.0633745E+1	0.0000000E+0	0.0000000E+0	1.0000000E+2	0.0000000E+0
2.2970300E+2	6.7020926E+1	6.0628080E+1	0.0000000E+0	0.0000000E+0	1.0000000E+2	0.0000000E+0
2.2975400E+2	6.7024648E+1	6.0636818E+1	0.0000000E+0	0.0000000E+0	1.0000000E+2	0.0000000E+0
2.2980500E+2	6.7005596E+1	6.0630552E+1	0.0000000E+0	0.0000000E+0	1.0000000E+2	0.0000000E+0
2.2985500E+2	6.7012755E+1	6.0645783E+1	0.0000000E+0	0.0000000E+0	1.0000000E+2	0.0000000E+0
2.2990500E+2	6.6929152E+1	6.0640830E+1	0.0000000E+0	0.0000000E+0	1.0000000E+2	0.0000000E+0
2.2995500E+2	6.6900691E+1	6.0626362E+1	0.0000000E+0	0.0000000E+0	1.0000000E+2	0.0000000E+0
2.3000500E+2	6.6926088E+1	6.0636672E+1	0.0000000E+0	0.0000000E+0	1.0000000E+2	0.0000000E+0
2.3005500E+2	6.6900884E+1	6.0614489E+1	0.0000000E+0	0.0000000E+0	1.0000000E+2	0.0000000E+0
2.3010500E+2	6.6866011E+1	6.0616947E+1	0.0000000E+0	0.0000000E+0	1.0000000E+2	0.0000000E+0
2.3015500E+2	6.6862994E+1	6.0619229E+1	0.0000000E+0	0.0000000E+0	1.0000000E+2	0.0000000E+0
2.3020500E+2	6.6877448E+1	6.0625145E+1	0.0000000E+0	0.0000000E+0	1.0000000E+2	0.0000000E+0
2.3025500E+2	6.6865920E+1	6.0613151E+1	0.0000000E+0	0.0000000E+0	1.0000000E+2	0.0000000E+0
2.3030500E+2	6.6865170E+1	6.0610501E+1	0.0000000E+0	0.0000000E+0	1.0000000E+2	0.0000000E+0
2.3035500E+2	6.6869266E+1	6.0618595E+1	0.0000000E+0	0.0000000E+0	1.0000000E+2	0.0000000E+0
2.3040500E+2	6.6871844E+1	6.0641700E+1	0.0000000E+0	0.0000000E+0	1.0000000E+2	0.0000000E+0
2.3045500E+2	6.6866994E+1	6.0612805E+1	0.0000000E+0	0.0000000E+0	1.0000000E+2	0.0000000E+0
2.3050600E+2	6.6872502E+1	6.0605876E+1	0.0000000E+0	0.0000000E+0	1.0000000E+2	0.0000000E+0
2.3055600E+2	6.6877162E+1	6.0610336E+1	0.0000000E+0	0.0000000E+0	1.0000000E+2	0.0000000E+0
2.3060600E+2	6.6890448E+1	6.0627548E+1	0.0000000E+0	0.0000000E+0	1.0000000E+2	0.0000000E+0
2.3065700E+2	6.6906387E+1	6.0635631E+1	0.0000000E+0	0.0000000E+0	1.0000000E+2	0.0000000E+0
2.3070800E+2	6.6878736E+1	6.0641752E+1	0.0000000E+0	0.0000000E+0	1.0000000E+2	0.0000000E+0
2.3075800E+2	6.6875651E+1	6.0627708E+1	0.0000000E+0	0.0000000E+0	1.0000000E+2	0.0000000E+0
2.3080800E+2	6.6879513E+1	6.0626474E+1	0.0000000E+0	0.0000000E+0	1.0000000E+2	0.0000000E+0
2.3085800E+2	6.6882081E+1	6.0612561E+1	0.0000000E+0	0.0000000E+0	1.0000000E+2	0.0000000E+0
2.3090900E+2	6.6914242E+1	6.0633881E+1	0.0000000E+0	0.0000000E+0	1.0000000E+2	0.0000000E+0
2.3095900E+2	6.6925849E+1	6.0640209E+1	0.0000000E+0	0.0000000E+0	1.0000000E+2	0.0000000E+0
2.3100900E+2	6.6925310E+1	6.0635458E+1	0.0000000E+0	0.0000000E+0	1.0000000E+2	0.0000000E+0
2.3105900E+2	6.6927543E+1	6.0622877E+1	0.0000000E+0	0.0000000E+0	1.0000000E+2	0.0000000E+0
2.3110900E+2	6.6928881E+1	6.0621941E+1	0.0000000E+0	0.0000000E+0	1.0000000E+2	0.0000000E+0
2.3115900E+2	6.6913951E+1	6.0603655E+1	0.0000000E+0	0.0000000E+0	1.0000000E+2	0.0000000E+0
2.3120900E+2	6.6936297E+1	6.0615999E+1	0.0000000E+0	0.0000000E+0	1.0000000E+2	0.0000000E+0
2.3125900E+2	6.6935854E+1	6.0625025E+1	0.0000000E+0	0.0000000E+0	1.0000000E+2	0.0000000E+0
2.3130900E+2	6.6959134E+1	6.0621997E+1	0.0000000E+0	0.0000000E+0	1.0000000E+2	0.0000000E+0
2.3135900E+2	6.6954101E+1	6.0632064E+1	0.0000000E+0	0.0000000E+0	1.0000000E+2	0.0000000E+0
2.3140900E+2	6.6939013E+1	6.0623924E+1	0.0000000E+0	0.0000000E+0	1.0000000E+2	0.0000000E+0
2.3145900E+2	6.6936174E+1	6.0615477E+1	0.0000000E+0	0.0000000E+0	1.0000000E+2	0.0000000E+0
2.3150900E+2	6.6934034E+1	6.0615842E+1	0.0000000E+0	0.0000000E+0	1.0000000E+2	0.0000000E+0
2.3155900E+2	6.6934377E+1	6.0618385E+1	0.0000000E+0	0.0000000E+0	1.0000000E+2	0.0000000E+0
2.3160900E+2	6.6947019E+1	6.0622099E+1	0.0000000E+0	0.0000000E+0	1.0000000E+2	0.0000000E+0
2.3165900E+2	6.6925917E+1	6.0619466E+1	0.0000000E+0	0.0000000E+0	1.0000000E+2	0.0000000E+0
2.3170900E+2	6.6907423E+1	6.0614077E+1	0.0000000E+0	0.0000000E+0	1.0000000E+2	0.0000000E+0
2.3175900E+2	6.6892521E+1	6.0628028E+1	0.0000000E+0	0.0000000E+0	1.0000000E+2	0.0000000E+0
2.3180900E+2	6.6860813E+1	6.0609784E+1	0.0000000E+0	0.0000000E+0	1.0000000E+2	0.0000000E+0
2.3185900E+2	6.6857082E+1	6.0619388E+1	0.0000000E+0	0.0000000E+0	1.0000000E+2	0.0000000E+0
2.3190900E+2	6.6848975E+1	6.0610840E+1	0.0000000E+0	0.0000000E+0	1.0000000E+2	0.0000000E+0
2.3196000E+2	6.6846822E+1	6.0613396E+1	0.0000000E+0	0.0000000E+0	1.0000000E+2	0.0000000E+0
2.3201100E+2	6.6841729E+1	6.0611180E+1	0.0000000E+0	0.0000000E+0	1.0000000E+2	0.0000000E+0
2.3206100E+2	6.6848583E+1	6.0617851E+1	0.0000000E+0	0.0000000E+0	1.0000000E+2	0.0000000E+0
2.3211100E+2	6.6846922E+1	6.0613797E+1	0.0000000E+0	0.0000000E+0	1.0000000E+2	0.0000000E+0
2.3216100E+2	6.6845334E+1	6.0621143E+1	0.0000000E+0	0.0000000E+0	1.0000000E+2	0.0000000E+0
2.3221100E+2	6.6818577E+1	6.0611347E+1	0.0000000E+0	0.0000000E+0	1.0000000E+2	0.0000000E+0
2.3226100E+2	6.6782310E+1	6.0621158E+1	0.0000000E+0	0.0000000E+0	1.0000000E+2	0.0000000E+0
2.3231100E+2	6.6792946E+1	6.0612506E+1	0.0000000E+0	0.0000000E+0	1.0000000E+2	0.0000000E+0
2.3236100E+2	6.6808808E+1	6.0616801E+1	0.0000000E+0	0.0000000E+0	1.0000000E+2	0.0000000E+0
2.3241100E+2	6.6812234E+1	6.0605616E+1	0.0000000E+0	0.0000000E+0	1.0000000E+2	0.0000000E+0
2.3246100E+2	6.6843163E+1	6.0604606E+1	0.0000000E+0	0.0000000E+0	1.0000000E+2	0.0000000E+0
2.3251100E+2	6.6866871E+1	6.0622985E+1	0.0000000E+0	0.0000000E+0	1.0000000E+2	0.0000000E+0
2.3256100E+2	6.6877057E+1	6.0612785E+1	0.0000000E+0	0.0000000E+0	1.0000000E+2	0.0000000E+0
2.3261100E+2	6.6892435E+1	6.0608202E+1	0.0000000E+0	0.0000000E+0	1.0000000E+2	0.0000000E+0
2.3266100E+2	6.6937890E+1	6.0611558E+1	0.0000000E+0	0.0000000E+0	1.0000000E+2	0.0000000E+0
2.3271100E+2	6.6958935E+1	6.0598106E+1	0.0000000E+0	0.0000000E+0	1.0000000E+2	0.0000000E+0
2.3276100E+2	6.6956504E+1	6.0598630E+1	0.0000000E+0	0.0000000E+0	1.0000000E+2	0.0000000E+0
2.3281100E+2	6.6957247E+1	6.0589834E+1	0.0000000E+0	0.0000000E+0	1.0000000E+2	0.0000000E+0
2.3286200E+2	6.6945323E+1	6.0595840E+1	0.0000000E+0	0.0000000E+0	1.0000000E+2	0.0000000E+0
2.3291300E+2	6.6945937E+1	6.0592724E+1	0.0000000E+0	0.0000000E+0	1.0000000E+2	0.0000000E+0
2.3296400E+2	6.6946789E+1	6.0594608E+1	0.0000000E+0	0.0000000E+0	1.0000000E+2	0.0000000E+0
2.3301500E+2	6.6937686E+1	6.0603044E+1	0.0000000E+0	0.0000000E+0	1.0000000E+2	0.0000000E+0
2.3306500E+2	6.6945238E+1	6.0594417E+1	0.0000000E+0	0.0000000E+0	1.0000000E+2	0.0000000E+0
2.3311500E+2	6.6934976E+1	6.0596199E+1	0.0000000E+0	0.0000000E+0	1.0000000E+2	0.0000000E+0
2.3316500E+2	6.6944471E+1	6.0609294E+1	0.0000000E+0	0.0000000E+0	1.0000000E+2	0.0000000E+0
2.3321500E+2	6.6939333E+1	6.0623347E+1	0.0000000E+0	0.0000000E+0	1.0000000E+2	0.0000000E+0
2.3326500E+2	6.6912913E+1	6.0618237E+1	0.0000000E+0	0.0000000E+0	1.0000000E+2	0.0000000E+0
2.3331500E+2	6.6907879E+1	6.0615426E+1	0.0000000E+0	0.0000000E+0	1.0000000E+2	0.0000000E+0
2.3336500E+2	6.6926103E+1	6.0622411E+1	0.0000000E+0	0.0000000E+0	1.0000000E+2	0.0000000E+0
2.3341500E+2	6.6925016E+1	6.0622581E+1	0.0000000E+0	0.0000000E+0	1.0000000E+2	0.0000000E+0
2.3346500E+2	6.6929581E+1	6.0634633E+1	0.0000000E+0	0.0000000E+0	1.0000000E+2	0.0000000E+0
2.3351600E+2	6.6939779E+1	6.0637036E+1	0.0000000E+0	0.0000000E+0	1.0000000E+2	0.0000000E+0
2.3356700E+2	6.6938648E+1	6.0625622E+1	0.0000000E+0	0.0000000E+0	1.0000000E+2	0.0000000E+0
2.3361700E+2	6.6936807E+1	6.0633189E+1	0.0000000E+0	0.0000000E+0	1.0000000E+2	0.0000000E+0
2.3366800E+2	6.6945546E+1	6.0634769E+1	0.0000000E+0	0.0000000E+0	1.0000000E+2	0.0000000E+0
2.3371800E+2	6.6952253E+1	6.0619388E+1	0.0000000E+0	0.0000000E+0	1.0000000E+2	0.0000000E+0
2.3376900E+2	6.6944103E+1	6.0611096E+1	0.0000000E+0	0.0000000E+0	1.0000000E+2	0.0000000E+0
2.3381900E+2	6.6953628E+1	6.0610570E+1	0.0000000E+0	0.0000000E+0	1.0000000E+2	0.0000000E+0
2.3386900E+2	6.6966051E+1	6.0621499E+1	0.0000000E+0	0.0000000E+0	1.0000000E+2	0.0000000E+0
2.3391900E+2	6.6970787E+1	6.0626441E+1	0.0000000E+0	0.0000000E+0	1.0000000E+2	0.0000000E+0
2.3396900E+2	6.6976044E+1	6.0613172E+1	0.0000000E+0	0.0000000E+0	1.0000000E+2	0.0000000E+0
2.3401900E+2	6.6982714E+1	6.0623918E+1	0.0000000E+0	0.0000000E+0	1.0000000E+2	0.0000000E+0
2.3406900E+2	6.6984259E+1	6.0620579E+1	0.0000000E+0	0.0000000E+0	1.0000000E+2	0.0000000E+0
2.3411900E+2	6.6957413E+1	6.0608919E+1	0.0000000E+0	0.0000000E+0	1.0000000E+2	0.0000000E+0
2.3416900E+2	6.6967171E+1	6.0601553E+1	0.0000000E+0	0.0000000E+0	1.0000000E+2	0.0000000E+0
2.3421900E+2	6.6973726E+1	6.0605997E+1	0.0000000E+0	0.0000000E+0	1.0000000E+2	0.0000000E+0
2.3426900E+2	6.6979010E+1	6.0610896E+1	0.0000000E+0	0.0000000E+0	1.0000000E+2	0.0000000E+0
2.3431900E+2	6.6989929E+1	6.0596251E+1	0.0000000E+0	0.0000000E+0	1.0000000E+2	0.0000000E+0
2.3436900E+2	6.6999032E+1	6.0598743E+1	0.0000000E+0	0.0000000E+0	1.0000000E+2	0.0000000E+0
2.3441900E+2	6.6973168E+1	6.0599769E+1	0.0000000E+0	0.0000000E+0	1.0000000E+2	0.0000000E+0
2.3446900E+2	6.6914453E+1	6.0595344E+1	0.0000000E+0	0.0000000E+0	1.0000000E+2	0.0000000E+0
2.3451900E+2	6.6887006E+1	6.0595945E+1	0.0000000E+0	0.0000000E+0	1.0000000E+2	0.0000000E+0
2.3457000E+2	6.6894098E+1	6.0583033E+1	0.0000000E+0	0.0000000E+0	1.0000000E+2	0.0000000E+0
2.3462000E+2	6.6875526E+1	6.0575547E+1	0.0000000E+0	0.0000000E+0	1.0000000E+2	0.0000000E+0
2.3467000E+2	6.6898466E+1	6.0586438E+1	0.0000000E+0	0.0000000E+0	1.0000000E+2	0.0000000E+0
2.3472100E+2	6.6908614E+1	6.0601242E+1	0.0000000E+0	0.0000000E+0	1.0000000E+2	0.0000000E+0
2.3477100E+2	6.6934146E+1	6.0600043E+1	0.0000000E+0	0.0000000E+0	1.0000000E+2	0.0000000E+0
2.3482100E+2	6.6941919E+1	6.0591243E+1	0.0000000E+0	0.0000000E+0	1.0000000E+2	0.0000000E+0
2.3487100E+2	6.6957006E+1	6.0594563E+1	0.0000000E+0	0.0000000E+0	1.0000000E+2	0.0000000E+0
2.3492100E+2	6.6953457E+1	6.0587024E+1	0.0000000E+0	0.0000000E+0	1.0000000E+2	0.0000000E+0
2.3497100E+2	6.6957661E+1	6.0585379E+1	0.0000000E+0	0.0000000E+0	1.0000000E+2	0.0000000E+0
2.3502100E+2	6.6931486E+1	6.0582427E+1	0.0000000E+0	0.0000000E+0	1.0000000E+2	0.0000000E+0
2.3507100E+2	6.6927710E+1	6.0582205E+1	0.0000000E+0	0.0000000E+0	1.0000000E+2	0.0000000E+0
2.3512100E+2	6.6933111E+1	6.0587657E+1	0.0000000E+0	0.0000000E+0	1.0000000E+2	0.0000000E+0
2.3517100E+2	6.6906248E+1	6.0580602E+1	0.0000000E+0	0.0000000E+0	1.0000000E+2	0.0000000E+0
2.3522100E+2	6.6855098E+1	6.0565485E+1	0.0000000E+0	0.0000000E+0	1.0000000E+2	0.0000000E+0
2.3527100E+2	6.6829382E+1	6.0541954E+1	0.0000000E+0	0.0000000E+0	1.0000000E+2	0.0000000E+0
2.3532200E+2	6.6852907E+1	6.0570109E+1	0.0000000E+0	0.0000000E+0	1.0000000E+2	0.0000000E+0
2.3537300E+2	6.6809231E+1	6.0561654E+1	0.0000000E+0	0.0000000E+0	1.0000000E+2	0.0000000E+0
2.3542300E+2	6.6796784E+1	6.0560279E+1	0.0000000E+0	0.0000000E+0	1.0000000E+2	0.0000000E+0
2.3547300E+2	6.6789746E+1	6.0552733E+1	0.0000000E+0	0.0000000E+0	1.0000000E+2	0.0000000E+0
2.3552300E+2	6.6812141E+1	6.0558793E+1	0.0000000E+0	0.0000000E+0	1.0000000E+2	0.0000000E+0
2.3557300E+2	6.6811034E+1	6.0569878E+1	0.0000000E+0	0.0000000E+0	1.0000000E+2	0.0000000E+0
2.3562300E+2	6.6811219E+1	6.0560739E+1	0.0000000E+0	0.0000000E+0	1.0000000E+2	0.0000000E+0
2.3567300E+2	6.6785740E+1	6.0554912E+1	0.0000000E+0	0.0000000E+0	1.0000000E+2	0.0000000E+0
2.3572300E+2	6.6780663E+1	6.0559646E+1	0.0000000E+0	0.0000000E+0	1.0000000E+2	0.0000000E+0
2.3577300E+2	6.6774032E+1	6.0563095E+1	0.0000000E+0	0.0000000E+0	1.0000000E+2	0.0000000E+0
2.3582400E+2	6.6774777E+1	6.0562271E+1	0.0000000E+0	0.0000000E+0	1.0000000E+2	0.0000000E+0
2.3587500E+2	6.6777585E+1	6.0559578E+1	0.0000000E+0	0.0000000E+0	1.0000000E+2	0.0000000E+0
2.3592500E+2	6.6763112E+1	6.0560802E+1	0.0000000E+0	0.0000000E+0	1.0000000E+2	0.0000000E+0
2.3597500E+2	6.6751557E+1	6.0575832E+1	0.0000000E+0	0.0000000E+0	1.0000000E+2	0.0000000E+0
2.3602500E+2	6.6753477E+1	6.0578127E+1	0.0000000E+0	0.0000000E+0	1.0000000E+2	0.0000000E+0
2.3607500E+2	6.6742316E+1	6.0567803E+1	0.0000000E+0	0.0000000E+0	1.0000000E+2	0.0000000E+0
2.3612500E+2	6.6733037E+1	6.0548115E+1	0.0000000E+0	0.0000000E+0	1.0000000E+2	0.0000000E+0
2.3617500E+2	6.6732370E+1	6.0547758E+1	0.0000000E+0	0.0000000E+0	1.0000000E+2	0.0000000E+0
2.3622500E+2	6.6740981E+1	6.0564529E+1	0.0000000E+0	0.0000000E+0	1.0000000E+2	0.0000000E+0
2.3627500E+2	6.6748730E+1	6.0562845E+1	0.0000000E+0	0.0000000E+0	1.0000000E+2	0.0000000E+0
2.3632600E+2	6.6739321E+1	6.0567426E+1	0.0000000E+0	0.0000000E+0	1.0000000E+2	0.0000000E+0
2.3637600E+2	6.6723261E+1	6.0562608E+1	0.0000000E+0	0.0000000E+0	1.0000000E+2	0.0000000E+0
2.3642600E+2	6.6747648E+1	6.0567012E+1	0.0000000E+0	0.0000000E+0	1.0000000E+2	0.0000000E+0
2.3647600E+2	6.6725574E+1	6.0552834E+1	0.0000000E+0	0.0000000E+0	1.0000000E+2	0.0000000E+0
2.3652600E+2	6.6713433E+1	6.0552444E+1	0.0000000E+0	0.0000000E+0	1.0000000E+2	0.0000000E+0
2.3657600E+2	6.6722700E+1	6.0555719E+1	0.0000000E+0	0.0000000E+0	1.0000000E+2	0.0000000E+0
2.3662600E+2	6.6708277E+1	6.0578874E+1	0.0000000E+0	0.0000000E+0	1.0000000E+2	0.0000000E+0
2.3667600E+2	6.6686407E+1	6.0560111E+1	0.0000000E+0	0.0000000E+0	1.0000000E+2	0.0000000E+0
2.3672700E+2	6.6584583E+1	6.0556910E+1	0.0000000E+0	0.0000000E+0	1.0000000E+2	0.0000000E+0
2.3677700E+2	6.6538402E+1	6.0551843E+1	0.0000000E+0	0.0000000E+0	1.0000000E+2	0.0000000E+0
2.3682700E+2	6.6527149E+1	6.0538470E+1	0.0000000E+0	0.0000000E+0	1.0000000E+2	0.0000000E+0
2.3687800E+2	6.6535166E+1	6.0548091E+1	0.0000000E+0	0.0000000E+0	1.0000000E+2	0.0000000E+0
2.3692900E+2	6.6539586E+1	6.0557386E+1	0.0000000E+0	0.0000000E+0	1.0000000E+2	0.0000000E+0
2.3697900E+2	6.6541482E+1	6.0574049E+1	0.0000000E+0	0.0000000E+0	1.0000000E+2	0.0000000E+0
2.3702900E+2	6.6548697E+1	6.0580092E+1	0.0000000E+0	0.0000000E+0	1.0000000E+2	0.0000000E+0
2.3707900E+2	6.6540236E+1	6.0569635E+1	0.0000000E+0	0.0000000E+0	1.0000000E+2	0.0000000E+0
2.3712900E+2	6.6549095E+1	6.0570297E+1	0.0000000E+0	0.0000000E+0	1.0000000E+2	0.0000000E+0
2.3717900E+2	6.6548057E+1	6.0570434E+1	0.0000000E+0	0.0000000E+0	1.0000000E+2	0.0000000E+0
2.3722900E+2	6.6526102E+1	6.0576044E+1	0.0000000E+0	0.0000000E+0	1.0000000E+2	0.0000000E+0
2.3727900E+2	6.6516008E+1	6.0563722E+1	0.0000000E+0	0.0000000E+0	1.0000000E+2	0.0000000E+0
2.3732900E+2	6.6509433E+1	6.0564478E+1	0.0000000E+0	0.0000000E+0	1.0000000E+2	0.0000000E+0
2.3737900E+2	6.6528095E+1	6.0575302E+1	0.0000000E+0	0.0000000E+0	1.0000000E+2	0.0000000E+0
2.3742900E+2	6.6511372E+1	6.0569990E+1	0.0000000E+0	0.0000000E+0	1.0000000E+2	0.0000000E+0
2.3747900E+2	6.6492775E+1	6.0562661E+1	0.0000000E+0	0.0000000E+0	1.0000000E+2	0.0000000E+0
2.3752900E+2	6.6478731E+1	6.0568891E+1	0.0000000E+0	0.0000000E+0	1.0000000E+2	0.0000000E+0
2.3757900E+2	6.6487365E+1	6.0579374E+1	0.0000000E+0	0.0000000E+0	1.0000000E+2	0.0000000E+0
2.3762900E+2	6.6465679E+1	6.0563374E+1	0.0000000E+0	0.0000000E+0	1.0000000E+2	0.0000000E+0
2.3767900E+2	6.6456322E+1	6.0570120E+1	0.0000000E+0	0.0000000E+0	1.0000000E+2	0.0000000E+0
2.3772900E+2	6.6458151E+1	6.0575418E+1	0.0000000E+0	0.0000000E+0	1.0000000E+2	0.0000000E+0
2.3777900E+2	6.6461013E+1	6.0590756E+1	0.0000000E+0	0.0000000E+0	1.0000000E+2	0.0000000E+0
2.3782900E+2	6.6452702E+1	6.0579185E+1	0.0000000E+0	0.0000000E+0	1.0000000E+2	0.0000000E+0
2.3787900E+2	6.6462249E+1	6.0583341E+1	0.0000000E+0	0.0000000E+0	1.0000000E+2	0.0000000E+0
2.3792900E+2	6.6463417E+1	6.0600171E+1	0.0000000E+0	0.0000000E+0	1.0000000E+2	0.0000000E+0
2.3797900E+2	6.6475509E+1	6.0598989E+1	0.0000000E+0	0.0000000E+0	1.0000000E+2	0.0000000E+0
2.3802900E+2	6.6450436E+1	6.0579711E+1	0.0000000E+0	0.0000000E+0	1.0000000E+2	0.0000000E+0
2.3807900E+2	6.6462509E+1	6.0586741E+1	0.0000000E+0	0.0000000E+0	1.0000000E+2	0.0000000E+0
2.3812900E+2	6.6473794E+1	6.0589599E+1	0.0000000E+0	0.0000000E+0	1.0000000E+2	0.0000000E+0
2.3817900E+2	6.6497981E+1	6.0590641E+1	0.0000000E+0	0.0000000E+0	1.0000000E+2	0.0000000E+0
2.3822900E+2	6.6521827E+1	6.0589043E+1	0.0000000E+0	0.0000000E+0	1.0000000E+2	0.0000000E+0
2.3828000E+2	6.6532706E+1	6.0585357E+1	0.0000000E+0	0.0000000E+0	1.0000000E+2	0.0000000E+0
2.3833100E+2	6.6541948E+1	6.0587011E+1	0.0000000E+0	0.0000000E+0	1.0000000E+2	0.0000000E+0
2.3838200E+2	6.6560722E+1	6.0597876E+1	0.0000000E+0	0.0000000E+0	1.0000000E+2	0.0000000E+0
2.3843300E+2	6.6590964E+1	6.0597566E+1	0.0000000E+0	0.0000000E+0	1.0000000E+2	0.0000000E+0
2.3848300E+2	6.6620786E+1	6.0610259E+1	0.0000000E+0	0.0000000E+0	1.0000000E+2	0.0000000E+0
2.3853300E+2	6.6638277E+1	6.0605671E+1	0.0000000E+0	0.0000000E+0	1.0000000E+2	0.0000000E+0
2.3858400E+2	6.6656092E+1	6.0609660E+1	0.0000000E+0	0.0000000E+0	1.0000000E+2	0.0000000E+0
2.3863400E+2	6.6653602E+1	6.0604111E+1	0.0000000E+0	0.0000000E+0	1.0000000E+2	0.0000000E+0
2.3868500E+2	6.6643051E+1	6.0612679E+1	0.0000000E+0	0.0000000E+0	1.0000000E+2	0.0000000E+0
2.3873600E+2	6.6693037E+1	6.0636466E+1	0.0000000E+0	0.0000000E+0	1.0000000E+2	0.0000000E+0
2.3878600E+2	6.6709140E+1	6.0630044E+1	0.0000000E+0	0.0000000E+0	1.0000000E+2	0.0000000E+0
2.3883700E+2	6.6702655E+1	6.0639861E+1	0.0000000E+0	0.0000000E+0	1.0000000E+2	0.0000000E+0
2.3888700E+2	6.6667090E+1	6.0623370E+1	0.0000000E+0	0.0000000E+0	1.0000000E+2	0.0000000E+0
2.3893800E+2	6.6654670E+1	6.0616757E+1	0.0000000E+0	0.0000000E+0	1.0000000E+2	0.0000000E+0
2.3898800E+2	6.6664895E+1	6.0604713E+1	0.0000000E+0	0.0000000E+0	1.0000000E+2	0.0000000E+0
2.3903800E+2	6.6677421E+1	6.0606769E+1	0.0000000E+0	0.0000000E+0	1.0000000E+2	0.0000000E+0
2.3908800E+2	6.6667060E+1	6.0605221E+1	0.0000000E+0	0.0000000E+0	1.0000000E+2	0.0000000E+0
2.3913800E+2	6.6667986E+1	6.0606789E+1	0.0000000E+0	0.0000000E+0	1.0000000E+2	0.0000000E+0
2.3918800E+2	6.6690078E+1	6.0605581E+1	0.0000000E+0	0.0000000E+0	1.0000000E+2	0.0000000E+0
2.3923800E+2	6.6705130E+1	6.0626703E+1	0.0000000E+0	0.0000000E+0	1.0000000E+2	0.0000000E+0
2.3928800E+2	6.6688340E+1	6.0613714E+1	0.0000000E+0	0.0000000E+0	1.0000000E+2	0.0000000E+0
2.3933900E+2	6.6674851E+1	6.0607932E+1	0.0000000E+0	0.0000000E+0	1.0000000E+2	0.0000000E+0
2.3938900E+2	6.6686425E+1	6.0603252E+1	0.0000000E+0	0.0000000E+0	1.0000000E+2	0.0000000E+0
2.3943900E+2	6.6678315E+1	6.0596280E+1	0.0000000E+0	0.0000000E+0	1.0000000E+2	0.0000000E+0
2.3948900E+2	6.6666513E+1	6.0600658E+1	0.0000000E+0	0.0000000E+0	1.0000000E+2	0.0000000E+0
2.3953900E+2	6.6689573E+1	6.0585701E+1	0.0000000E+0	0.0000000E+0	1.0000000E+2	0.0000000E+0
2.3958900E+2	6.6696207E+1	6.0593701E+1	0.0000000E+0	0.0000000E+0	1.0000000E+2	0.0000000E+0
2.3964000E+2	6.6700398E+1	6.0599863E+1	0.0000000E+0	0.0000000E+0	1.0000000E+2	0.0000000E+0
2.3969000E+2	6.6697602E+1	6.0588764E+1	0.0000000E+0	0.0000000E+0	1.0000000E+2	0.0000000E+0
2.3974000E+2	6.6709545E+1	6.0581816E+1	0.0000000E+0	0.0000000E+0	1.0000000E+2	0.0000000E+0
2.3979000E+2	6.6697306E+1	6.0597499E+1	0.0000000E+0	0.0000000E+0	1.0000000E+2	0.0000000E+0
2.3984000E+2	6.6717277E+1	6.0615876E+1	0.0000000E+0	0.0000000E+0	1.0000000E+2	0.0000000E+0
2.3989100E+2	6.6706841E+1	6.0620227E+1	0.0000000E+0	0.0000000E+0	1.0000000E+2	0.0000000E+0
2.3994200E+2	6.6712366E+1	6.0603780E+1	0.0000000E+0	0.0000000E+0	1.0000000E+2	0.0000000E+0
2.3999200E+2	6.6713616E+1	6.0603519E+1	0.0000000E+0	0.0000000E+0	1.0000000E+2	0.0000000E+0
2.4004200E+2	6.6746737E+1	6.0611279E+1	0.0000000E+0	0.0000000E+0	1.0000000E+2	0.0000000E+0
2.4009300E+2	6.6732532E+1	6.0597983E+1	0.0000000E+0	0.0000000E+0	1.0000000E+2	0.0000000E+0
2.4014300E+2	6.6734549E+1	6.0611718E+1	0.0000000E+0	0.0000000E+0	1.0000000E+2	0.0000000E+0
2.4019300E+2	6.6729400E+1	6.0604510E+1	0.0000000E+0	0.0000000E+0	1.0000000E+2	0.0000000E+0
2.4024300E+2	6.6759294E+1	6.0602541E+1	0.0000000E+0	0.0000000E+0	1.0000000E+2	0.0000000E+0
2.4029300E+2	6.6789319E+1	6.0606371E+1	0.0000000E+0	0.0000000E+0	1.0000000E+2	0.0000000E+0
2.4034300E+2	6.6805760E+1	6.0605464E+1	0.0000000E+0	0.0000000E+0	1.0000000E+2	0.0000000E+0
2.4039300E+2	6.6795917E+1	6.0601725E+1	0.0000000E+0	0.0000000E+0	1.0000000E+2	0.0000000E+0
2.4044400E+2	6.6799861E+1	6.0596973E+1	0.0000000E+0	0.0000000E+0	1.0000000E+2	0.0000000E+0
2.4049500E+2	6.6795870E+1	6.0594115E+1	0.0000000E+0	0.0000000E+0	1.0000000E+2	0.0000000E+0
2.4054500E+2	6.6813354E+1	6.0610522E+1	0.0000000E+0	0.0000000E+0	1.0000000E+2	0.0000000E+0
2.4059500E+2	6.6763057E+1	6.0613381E+1	0.0000000E+0	0.0000000E+0	1.0000000E+2	0.0000000E+0
2.4064500E+2	6.6746270E+1	6.0610934E+1	0.0000000E+0	0.0000000E+0	1.0000000E+2	0.0000000E+0
2.4069500E+2	6.6756709E+1	6.0608611E+1	0.0000000E+0	0.0000000E+0	1.0000000E+2	0.0000000E+0
2.4074500E+2	6.6784778E+1	6.0614605E+1	0.0000000E+0	0.0000000E+0	1.0000000E+2	0.0000000E+0
2.4079500E+2	6.6792704E+1	6.0611522E+1	0.0000000E+0	0.0000000E+0	1.0000000E+2	0.0000000E+0
2.4084500E+2	6.6814896E+1	6.0617086E+1	0.0000000E+0	0.0000000E+0	1.0000000E+2	0.0000000E+0
2.4089500E+2	6.6843028E+1	6.0621473E+1	0.0000000E+0	0.0000000E+0	1.0000000E+2	0.0000000E+0
2.4094500E+2	6.6843901E+1	6.0617887E+1	0.0000000E+0	0.0000000E+0	1.0000000E+2	0.0000000E+0
2.4099500E+2	6.6856970E+1	6.0615186E+1	0.0000000E+0	0.0000000E+0	1.0000000E+2	0.0000000E+0
2.4104500E+2	6.6877307E+1	6.0632564E+1	0.0000000E+0	0.0000000E+0	1.0000000E+2	0.0000000E+0
2.4109500E+2	6.6872362E+1	6.0625712E+1	0.0000000E+0	0.0000000E+0	1.0000000E+2	0.0000000E+0
2.4114600E+2	6.6868277E+1	6.0632916E+1	0.0000000E+0	0.0000000E+0	1.0000000E+2	0.0000000E+0
2.4119600E+2	6.6871395E+1	6.0628012E+1	0.0000000E+0	0.0000000E+0	1.0000000E+2	0.0000000E+0
2.4124600E+2	6.6891255E+1	6.0614227E+1	0.0000000E+0	0.0000000E+0	1.0000000E+2	0.0000000E+0
2.4129600E+2	6.6901848E+1	6.0623354E+1	0.0000000E+0	0.0000000E+0	1.0000000E+2	0.0000000E+0
2.4134600E+2	6.6920765E+1	6.0614404E+1	0.0000000E+0	0.0000000E+0	1.0000000E+2	0.0000000E+0
2.4139600E+2	6.6964060E+1	6.0634104E+1	0.0000000E+0	0.0000000E+0	1.0000000E+2	0.0000000E+0
2.4144600E+2	6.6976580E+1	6.0618703E+1	0.0000000E+0	0.0000000E+0	1.0000000E+2	0.0000000E+0
2.4149600E+2	6.7004400E+1	6.0624635E+1	0.0000000E+0	0.0000000E+0	1.0000000E+2	0.0000000E+0
2.4154600E+2	6.7006148E+1	6.0640509E+1	0.0000000E+0	0.0000000E+0	1.0000000E+2	0.0000000E+0
2.4159600E+2	6.7023566E+1	6.0636426E+1	0.0000000E+0	0.0000000E+0	1.0000000E+2	0.0000000E+0
2.4164600E+2	6.7039055E+1	6.0632022E+1	0.0000000E+0	0.0000000E+0	1.0000000E+2	0.0000000E+0
2.4169600E+2	6.7064766E+1	6.0625116E+1	0.0000000E+0	0.0000000E+0	1.0000000E+2	0.0000000E+0
2.4174600E+2	6.7073507E+1	6.0631708E+1	0.0000000E+0	0.0000000E+0	1.0000000E+2	0.0000000E+0
2.4179600E+2	6.7107705E+1	6.0639077E+1	0.0000000E+0	0.0000000E+0	1.0000000E+2	0.0000000E+0
2.4184600E+2	6.7112052E+1	6.0630637E+1	0.0000000E+0	0.0000000E+0	1.0000000E+2	0.0000000E+0
2.4189600E+2	6.7128983E+1	6.0627077E+1	0.0000000E+0	0.0000000E+0	1.0000000E+2	0.0000000E+0
2.4194700E+2	6.7121609E+1	6.0627486E+1	0.0000000E+0	0.0000000E+0	1.0000000E+2	0.0000000E+0
2.4199800E+2	6.7124409E+1	6.0626597E+1	0.0000000E+0	0.0000000E+0	1.0000000E+2	0.0000000E+0
2.4204800E+2	6.7148967E+1	6.0627350E+1	0.0000000E+0	0.0000000E+0	1.0000000E+2	0.0000000E+0
2.4209800E+2	6.7150680E+1	6.0606367E+1	0.0000000E+0	0.0000000E+0	1.0000000E+2	0.0000000E+0
2.4214800E+2	6.7172205E+1	6.0622745E+1	0.0000000E+0	0.0000000E+0	1.0000000E+2	0.0000000E+0
2.4219800E+2	6.7176722E+1	6.0638809E+1	0.0000000E+0	0.0000000E+0	1.0000000E+2	0.0000000E+0
2.4224800E+2	6.7113513E+1	6.0634400E+1	0.0000000E+0	0.0000000E+0	1.0000000E+2	0.0000000E+0
2.4229800E+2	6.7090612E+1	6.0636161E+1	0.0000000E+0	0.0000000E+0	1.0000000E+2	0.0000000E+0
2.4234800E+2	6.7092622E+1	6.0632357E+1	0.0000000E+0	0.0000000E+0	1.0000000E+2	0.0000000E+0
2.4239800E+2	6.7084380E+1	6.0619673E+1	0.0000000E+0	0.0000000E+0	1.0000000E+2	0.0000000E+0
2.4244800E+2	6.7080348E+1	6.0613257E+1	0.0000000E+0	0.0000000E+0	1.0000000E+2	0.0000000E+0
2.4249800E+2	6.7101573E+1	6.0619462E+1	0.0000000E+0	0.0000000E+0	1.0000000E+2	0.0000000E+0
2.4254800E+2	6.7092380E+1	6.0615340E+1	0.0000000E+0	0.0000000E+0	1.0000000E+2	0.0000000E+0
2.4259800E+2	6.7097685E+1	6.0617597E+1	0.0000000E+0	0.0000000E+0	1.0000000E+2	0.0000000E+0
2.4264800E+2	6.7104219E+1	6.0618566E+1	0.0000000E+0	0.0000000E+0	1.0000000E+2	0.0000000E+0
2.4269800E+2	6.7114908E+1	6.0620267E+1	0.0000000E+0	0.0000000E+0	1.0000000E+2	0.0000000E+0
2.4274800E+2	6.7113587E+1	6.0611540E+1	0.0000000E+0	0.0000000E+0	1.0000000E+2	0.0000000E+0
2.4279800E+2	6.7119726E+1	6.0626411E+1	0.0000000E+0	0.0000000E+0	1.0000000E+2	0.0000000E+0
2.4284800E+2	6.7142678E+1	6.0636956E+1	0.0000000E+0	0.0000000E+0	1.0000000E+2	0.0000000E+0
2.4289800E+2	6.7149264E+1	6.0655343E+1	0.0000000E+0	0.0000000E+0	1.0000000E+2	0.0000000E+0
2.4294900E+2	6.7146113E+1	6.0631969E+1	0.0000000E+0	0.0000000E+0	1.0000000E+2	0.0000000E+0
2.4299900E+2	6.7112233E+1	6.0639650E+1	0.0000000E+0	0.0000000E+0	1.0000000E+2	0.0000000E+0
2.4304900E+2	6.7063363E+1	6.0622711E+1	0.0000000E+0	0.0000000E+0	1.0000000E+2	0.0000000E+0
2.4309900E+2	6.7065231E+1	6.0615951E+1	0.0000000E+0	0.0000000E+0	1.0000000E+2	0.0000000E+0
2.4315000E+2	6.7062094E+1	6.0608535E+1	0.0000000E+0	0.0000000E+0	1.0000000E+2	0.0000000E+0
2.4320100E+2	6.7064392E+1	6.0614214E+1	0.0000000E+0	0.0000000E+0	1.0000000E+2	0.0000000E+0
2.4325200E+2	6.7077237E+1	6.0611937E+1	0.0000000E+0	0.0000000E+0	1.0000000E+2	0.0000000E+0
2.4330200E+2	6.7096146E+1	6.0606637E+1	0.0000000E+0	0.0000000E+0	1.0000000E+2	0.0000000E+0
2.4335200E+2	6.7110603E+1	6.0602926E+1	0.0000000E+0	0.0000000E+0	1.0000000E+2	0.0000000E+0
2.4340200E+2	6.7105369E+1	6.0606787E+1	0.0000000E+0	0.0000000E+0	1.0000000E+2	0.0000000E+0
2.4345200E+2	6.7103888E+1	6.0610415E+1	0.0000000E+0	0.0000000E+0	1.0000000E+2	0.0000000E+0
2.4350200E+2	6.7080749E+1	6.0604676E+1	0.0000000E+0	0.0000000E+0	1.0000000E+2	0.0000000E+0
2.4355300E+2	6.7102786E+1	6.0614848E+1	0.0000000E+0	0.0000000E+0	1.0000000E+2	0.0000000E+0
2.4360400E+2	6.7114974E+1	6.0628107E+1	0.0000000E+0	0.0000000E+0	1.0000000E+2	0.0000000E+0
2.4365400E+2	6.7108583E+1	6.0620309E+1	0.0000000E+0	0.0000000E+0	1.0000000E+2	0.0000000E+0
2.4370500E+2	6.7111489E+1	6.0608158E+1	0.0000000E+0	0.0000000E+0	1.0000000E+2	0.0000000E+0
2.4375600E+2	6.7104342E+1	6.0608035E+1	0.0000000E+0	0.0000000E+0	1.0000000E+2	0.0000000E+0
2.4380700E+2	6.7086190E+1	6.0596516E+1	0.0000000E+0	0.0000000E+0	1.0000000E+2	0.0000000E+0
2.4385700E+2	6.7076623E+1	6.0592532E+1	0.0000000E+0	0.0000000E+0	1.0000000E+2	0.0000000E+0
2.4390700E+2	6.7083606E+1	6.0602368E+1	0.0000000E+0	0.0000000E+0	1.0000000E+2	0.0000000E+0
2.4395800E+2	6.7094313E+1	6.0597020E+1	0.0000000E+0	0.0000000E+0	1.0000000E+2	0.0000000E+0
2.4400900E+2	6.7119800E+1	6.0604923E+1	0.0000000E+0	0.0000000E+0	1.0000000E+2	0.0000000E+0
2.4405900E+2	6.7134683E+1	6.0604366E+1	0.0000000E+0	0.0000000E+0	1.0000000E+2	0.0000000E+0
2.4410900E+2	6.7153242E+1	6.0587729E+1	0.0000000E+0	0.0000000E+0	1.0000000E+2	0.0000000E+0
2.4416000E+2	6.7183698E+1	6.0620069E+1	0.0000000E+0	0.0000000E+0	1.0000000E+2	0.0000000E+0
2.4421000E+2	6.7188383E+1	6.0616981E+1	0.0000000E+0	0.0000000E+0	1.0000000E+2	0.0000000E+0
2.4426100E+2	6.7166852E+1	6.0627392E+1	0.0000000E+0	0.0000000E+0	1.0000000E+2	0.0000000E+0
2.4431100E+2	6.7155797E+1	6.0605612E+1	0.0000000E+0	0.0000000E+0	1.0000000E+2	0.0000000E+0
2.4436100E+2	6.7159653E+1	6.0616779E+1	0.0000000E+0	0.0000000E+0	1.0000000E+2	0.0000000E+0
2.4441100E+2	6.7172639E+1	6.0631292E+1	0.0000000E+0	0.0000000E+0	1.0000000E+2	0.0000000E+0
2.4446100E+2	6.7163524E+1	6.0620592E+1	0.0000000E+0	0.0000000E+0	1.0000000E+2	0.0000000E+0
2.4451100E+2	6.7145474E+1	6.0615902E+1	0.0000000E+0	0.0000000E+0	1.0000000E+2	0.0000000E+0
2.4456100E+2	6.7139687E+1	6.0610963E+1	0.0000000E+0	0.0000000E+0	1.0000000E+2	0.0000000E+0
2.4461200E+2	6.7167301E+1	6.0614362E+1	0.0000000E+0	0.0000000E+0	1.0000000E+2	0.0000000E+0
2.4466200E+2	6.7179380E+1	6.0611916E+1	0.0000000E+0	0.0000000E+0	1.0000000E+2	0.0000000E+0
2.4471200E+2	6.7153494E+1	6.0636695E+1	0.0000000E+0	0.0000000E+0	1.0000000E+2	0.0000000E+0
2.4476300E+2	6.7131450E+1	6.0631314E+1	0.0000000E+0	0.0000000E+0	1.0000000E+2	0.0000000E+0
2.4481400E+2	6.7131381E+1	6.0624638E+1	0.0000000E+0	0.0000000E+0	1.0000000E+2	0.0000000E+0
2.4486400E+2	6.7115417E+1	6.0613444E+1	0.0000000E+0	0.0000000E+0	1.0000000E+2	0.0000000E+0
2.4491500E+2	6.7088628E+1	6.0617123E+1	0.0000000E+0	0.0000000E+0	1.0000000E+2	0.0000000E+0
2.4496600E+2	6.7061140E+1	6.0613121E+1	0.0000000E+0	0.0000000E+0	1.0000000E+2	0.0000000E+0
2.4501700E+2	6.7051250E+1	6.0619061E+1	0.0000000E+0	0.0000000E+0	1.0000000E+2	0.0000000E+0
2.4506700E+2	6.7048231E+1	6.0641212E+1	0.0000000E+0	0.0000000E+0	1.0000000E+2	0.0000000E+0
2.4511700E+2	6.7013712E+1	6.0637826E+1	0.0000000E+0	0.0000000E+0	1.0000000E+2	0.0000000E+0
2.4516700E+2	6.6992456E+1	6.0627317E+1	0.0000000E+0	0.0000000E+0	1.0000000E+2	0.0000000E+0
2.4521700E+2	6.6940615E+1	6.0625174E+1	0.0000000E+0	0.0000000E+0	1.0000000E+2	0.0000000E+0
2.4526800E+2	6.6926929E+1	6.0626216E+1	0.0000000E+0	0.0000000E+0	1.0000000E+2	0.0000000E+0
2.4531800E+2	6.6918943E+1	6.0633377E+1	0.0000000E+0	0.0000000E+0	1.0000000E+2	0.0000000E+0
2.4536800E+2	6.6914885E+1	6.0639214E+1	0.0000000E+0	0.0000000E+0	1.0000000E+2	0.0000000E+0
2.4541800E+2	6.6879550E+1	6.0642633E+1	0.0000000E+0	0.0000000E+0	1.0000000E+2	0.0000000E+0
2.4546800E+2	6.6846724E+1	6.0634078E+1	0.0000000E+0	0.0000000E+0	1.0000000E+2	0.0000000E+0
2.4551800E+2	6.6822462E+1	6.0623129E+1	0.0000000E+0	0.0000000E+0	1.0000000E+2	0.0000000E+0
2.4556800E+2	6.6825613E+1	6.0632435E+1	0.0000000E+0	0.0000000E+0	1.0000000E+2	0.0000000E+0
2.4561800E+2	6.6817789E+1	6.0632764E+1	0.0000000E+0	0.0000000E+0	1.0000000E+2	0.0000000E+0
2.4566800E+2	6.6817126E+1	6.0644046E+1	0.0000000E+0	0.0000000E+0	1.0000000E+2	0.0000000E+0
2.4571800E+2	6.6776098E+1	6.0635335E+1	0.0000000E+0	0.0000000E+0	1.0000000E+2	0.0000000E+0
2.4576800E+2	6.6787395E+1	6.0655021E+1	0.0000000E+0	0.0000000E+0	1.0000000E+2	0.0000000E+0
2.4581800E+2	6.6805971E+1	6.0662916E+1	0.0000000E+0	0.0000000E+0	1.0000000E+2	0.0000000E+0
2.4586800E+2	6.6798680E+1	6.0658765E+1	0.0000000E+0	0.0000000E+0	1.0000000E+2	0.0000000E+0
2.4591800E+2	6.6777063E+1	6.0676475E+1	0.0000000E+0	0.0000000E+0	1.0000000E+2	0.0000000E+0
2.4596800E+2	6.6786477E+1	6.0681899E+1	0.0000000E+0	0.0000000E+0	1.0000000E+2	0.0000000E+0
2.4601800E+2	6.6801801E+1	6.0676397E+1	0.0000000E+0	0.0000000E+0	1.0000000E+2	0.0000000E+0
2.4606800E+2	6.6814712E+1	6.0676615E+1	0.0000000E+0	0.0000000E+0	1.0000000E+2	0.0000000E+0
2.4611800E+2	6.6815001E+1	6.0674496E+1	0.0000000E+0	0.0000000E+0	1.0000000E+2	0.0000000E+0
2.4616800E+2	6.6836753E+1	6.0680267E+1	0.0000000E+0	0.0000000E+0	1.0000000E+2	0.0000000E+0
2.4621800E+2	6.6835961E+1	6.0684889E+1	0.0000000E+0	0.0000000E+0	1.0000000E+2	0.0000000E+0
2.4626800E+2	6.6840998E+1	6.0695756E+1	0.0000000E+0	0.0000000E+0	1.0000000E+2	0.0000000E+0
2.4631800E+2	6.6862038E+1	6.0696800E+1	0.0000000E+0	0.0000000E+0	1.0000000E+2	0.0000000E+0
2.4636800E+2	6.6830571E+1	6.0698751E+1	0.0000000E+0	0.0000000E+0	1.0000000E+2	0.0000000E+0
2.4641800E+2	6.6828845E+1	6.0695297E+1	0.0000000E+0	0.0000000E+0	1.0000000E+2	0.0000000E+0
2.4646800E+2	6.6825760E+1	6.0683138E+1	0.0000000E+0	0.0000000E+0	1.0000000E+2	0.0000000E+0
2.4651800E+2	6.6871957E+1	6.0681503E+1	0.0000000E+0	0.0000000E+0	1.0000000E+2	0.0000000E+0
2.4656800E+2	6.6878880E+1	6.0690689E+1	0.0000000E+0	0.0000000E+0	1.0000000E+2	0.0000000E+0
2.4661800E+2	6.6901271E+1	6.0676538E+1	0.0000000E+0	0.0000000E+0	1.0000000E+2	0.0000000E+0
2.4666800E+2	6.6902797E+1	6.0679198E+1	0.0000000E+0	0.0000000E+0	1.0000000E+2	0.0000000E+0
2.4671800E+2	6.6911094E+1	6.0689281E+1	0.0000000E+0	0.0000000E+0	1.0000000E+2	0.0000000E+0
2.4676800E+2	6.6906637E+1	6.0675180E+1	0.0000000E+0	0.0000000E+0	1.0000000E+2	0.0000000E+0
2.4681800E+2	6.6925385E+1	6.0693903E+1	0.0000000E+0	0.0000000E+0	1.0000000E+2	0.0000000E+0
2.4686800E+2	6.6905349E+1	6.0683057E+1	0.0000000E+0	0.0000000E+0	1.0000000E+2	0.0000000E+0
2.4691800E+2	6.6926698E+1	6.0664445E+1	0.0000000E+0	0.0000000E+0	1.0000000E+2	0.0000000E+0
2.4696800E+2	6.6967599E+1	6.0691022E+1	0.0000000E+0	0.0000000E+0	1.0000000E+2	0.0000000E+0
2.4701800E+2	6.6948110E+1	6.0661200E+1	0.0000000E+0	0.0000000E+0	1.0000000E+2	0.0000000E+0
2.4706800E+2	6.6943984E+1	6.0662525E+1	0.0000000E+0	0.0000000E+0	1.0000000E+2	0.0000000E+0
2.4711800E+2	6.6938724E+1	6.0672975E+1	0.0000000E+0	0.0000000E+0	1.0000000E+2	0.0000000E+0
2.4716800E+2	6.6945736E+1	6.0660638E+1	0.0000000E+0	0.0000000E+0	1.0000000E+2	0.0000000E+0
2.4721800E+2	6.6951425E+1	6.0675816E+1	0.0000000E+0	0.0000000E+0	1.0000000E+2	0.0000000E+0
2.4726800E+2	6.6952621E+1	6.0667603E+1	0.0000000E+0	0.0000000E+0	1.0000000E+2	0.0000000E+0
2.4731800E+2	6.6961747E+1	6.0672107E+1	0.0000000E+0	0.0000000E+0	1.0000000E+2	0.0000000E+0
2.4736800E+2	6.6950791E+1	6.0659709E+1	0.0000000E+0	0.0000000E+0	1.0000000E+2	0.0000000E+0
2.4741800E+2	6.6977608E+1	6.0656787E+1	0.0000000E+0	0.0000000E+0	1.0000000E+2	0.0000000E+0
2.4746800E+2	6.6983438E+1	6.0660995E+1	0.0000000E+0	0.0000000E+0	1.0000000E+2	0.0000000E+0
2.4751800E+2	6.6976685E+1	6.0659020E+1	0.0000000E+0	0.0000000E+0	1.0000000E+2	0.0000000E+0
2.4756800E+2	6.6978972E+1	6.0649726E+1	0.0000000E+0	0.0000000E+0	1.0000000E+2	0.0000000E+0
2.4761800E+2	6.6960120E+1	6.0633086E+1	0.0000000E+0	0.0000000E+0	1.0000000E+2	0.0000000E+0
2.4766800E+2	6.6953464E+1	6.0630285E+1	0.0000000E+0	0.0000000E+0	1.0000000E+2	0.0000000E+0
2.4771800E+2	6.6958305E+1	6.0636654E+1	0.0000000E+0	0.0000000E+0	1.0000000E+2	0.0000000E+0
2.4776800E+2	6.6954227E+1	6.0635573E+1	0.0000000E+0	0.0000000E+0	1.0000000E+2	0.0000000E+0
2.4781800E+2	6.6952267E+1	6.0649313E+1	0.0000000E+0	0.0000000E+0	1.0000000E+2	0.0000000E+0
2.4786800E+2	6.6924004E+1	6.0651380E+1	0.0000000E+0	0.0000000E+0	1.0000000E+2	0.0000000E+0
2.4791800E+2	6.6897083E+1	6.0634481E+1	0.0000000E+0	0.0000000E+0	1.0000000E+2	0.0000000E+0
2.4796800E+2	6.6896695E+1	6.0657143E+1	0.0000000E+0	0.0000000E+0	1.0000000E+2	0.0000000E+0
2.4801800E+2	6.6893693E+1	6.0656283E+1	0.0000000E+0	0.0000000E+0	1.0000000E+2	0.0000000E+0
2.4806800E+2	6.6861033E+1	6.0633271E+1	0.0000000E+0	0.0000000E+0	1.0000000E+2	0.0000000E+0
2.4811800E+2	6.6875495E+1	6.0639613E+1	0.0000000E+0	0.0000000E+0	1.0000000E+2	0.0000000E+0
2.4816800E+2	6.6893533E+1	6.0637678E+1	0.0000000E+0	0.0000000E+0	1.0000000E+2	0.0000000E+0
2.4821800E+2	6.6914430E+1	6.0637369E+1	0.0000000E+0	0.0000000E+0	1.0000000E+2	0.0000000E+0
2.4826800E+2	6.6934128E+1	6.0633160E+1	0.0000000E+0	0.0000000E+0	1.0000000E+2	0.0000000E+0
2.4831800E+2	6.6922748E+1	6.0639531E+1	0.0000000E+0	0.0000000E+0	1.0000000E+2	0.0000000E+0
2.4836800E+2	6.6908895E+1	6.0633060E+1	0.0000000E+0	0.0000000E+0	1.0000000E+2	0.0000000E+0
2.4841800E+2	6.6926668E+1	6.0638707E+1	0.0000000E+0	0.0000000E+0	1.0000000E+2	0.0000000E+0
2.4846800E+2	6.6913006E+1	6.0636425E+1	0.0000000E+0	0.0000000E+0	1.0000000E+2	0.0000000E+0
2.4851900E+2	6.6905159E+1	6.0639602E+1	0.0000000E+0	0.0000000E+0	1.0000000E+2	0.0000000E+0
2.4856900E+2	6.6880252E+1	6.0627011E+1	0.0000000E+0	0.0000000E+0	1.0000000E+2	0.0000000E+0
2.4862000E+2	6.6851233E+1	6.0626295E+1	0.0000000E+0	0.0000000E+0	1.0000000E+2	0.0000000E+0
2.4867000E+2	6.6830569E+1	6.0619308E+1	0.0000000E+0	0.0000000E+0	1.0000000E+2	0.0000000E+0
2.4872000E+2	6.6833780E+1	6.0625025E+1	0.0000000E+0	0.0000000E+0	1.0000000E+2	0.0000000E+0
2.4877000E+2	6.6819627E+1	6.0641056E+1	0.0000000E+0	0.0000000E+0	1.0000000E+2	0.0000000E+0
2.4882000E+2	6.6821161E+1	6.0636263E+1	0.0000000E+0	0.0000000E+0	1.0000000E+2	0.0000000E+0
2.4887000E+2	6.6815240E+1	6.0645574E+1	0.0000000E+0	0.0000000E+0	1.0000000E+2	0.0000000E+0
2.4892000E+2	6.6799229E+1	6.0646163E+1	0.0000000E+0	0.0000000E+0	1.0000000E+2	0.0000000E+0
2.4897000E+2	6.6794077E+1	6.0642314E+1	0.0000000E+0	0.0000000E+0	1.0000000E+2	0.0000000E+0
2.4902000E+2	6.6770512E+1	6.0627883E+1	0.0000000E+0	0.0000000E+0	1.0000000E+2	0.0000000E+0
2.4907000E+2	6.6735115E+1	6.0627413E+1	0.0000000E+0	0.0000000E+0	1.0000000E+2	0.0000000E+0
2.4912000E+2	6.6720703E+1	6.0617629E+1	0.0000000E+0	0.0000000E+0	1.0000000E+2	0.0000000E+0
2.4917000E+2	6.6705033E+1	6.0623958E+1	0.0000000E+0	0.0000000E+0	1.0000000E+2	0.0000000E+0
2.4922000E+2	6.6705241E+1	6.0619946E+1	0.0000000E+0	0.0000000E+0	1.0000000E+2	0.0000000E+0
2.4927000E+2	6.6711651E+1	6.0617886E+1	0.0000000E+0	0.0000000E+0	1.0000000E+2	0.0000000E+0
2.4932000E+2	6.6661896E+1	6.0630096E+1	0.0000000E+0	0.0000000E+0	1.0000000E+2	0.0000000E+0
2.4937000E+2	6.6643929E+1	6.0614302E+1	0.0000000E+0	0.0000000E+0	1.0000000E+2	0.0000000E+0
2.4942000E+2	6.6644379E+1	6.0618689E+1	0.0000000E+0	0.0000000E+0	1.0000000E+2	0.0000000E+0
2.4947000E+2	6.6652797E+1	6.0628944E+1	0.0000000E+0	0.0000000E+0	1.0000000E+2	0.0000000E+0
2.4952000E+2	6.6652699E+1	6.0617097E+1	0.0000000E+0	0.0000000E+0	1.0000000E+2	0.0000000E+0
2.4957000E+2	6.6673842E+1	6.0628046E+1	0.0000000E+0	0.0000000E+0	1.0000000E+2	0.0000000E+0
2.4962000E+2	6.6679667E+1	6.0612559E+1	0.0000000E+0	0.0000000E+0	1.0000000E+2	0.0000000E+0
2.4967000E+2	6.6714595E+1	6.0627807E+1	0.0000000E+0	0.0000000E+0	1.0000000E+2	0.0000000E+0
2.4972000E+2	6.6719421E+1	6.0639153E+1	0.0000000E+0	0.0000000E+0	1.0000000E+2	0.0000000E+0
2.4977000E+2	6.6694003E+1	6.0626062E+1	0.0000000E+0	0.0000000E+0	1.0000000E+2	0.0000000E+0
2.4982000E+2	6.6691434E+1	6.0626385E+1	0.0000000E+0	0.0000000E+0	1.0000000E+2	0.0000000E+0
2.4987000E+2	6.6700103E+1	6.0634929E+1	0.0000000E+0	0.0000000E+0	1.0000000E+2	0.0000000E+0
2.4992000E+2	6.6706358E+1	6.0619214E+1	0.0000000E+0	0.0000000E+0	1.0000000E+2	0.0000000E+0
2.4997000E+2	6.6702554E+1	6.0606496E+1	0.0000000E+0	0.0000000E+0	1.0000000E+2	0.0000000E+0
2.5002000E+2	6.6707495E+1	6.0614755E+1	0.0000000E+0	0.0000000E+0	1.0000000E+2	0.0000000E+0
2.5007000E+2	6.6715520E+1	6.0615452E+1	0.0000000E+0	0.0000000E+0	1.0000000E+2	0.0000000E+0
2.5012000E+2	6.6773250E+1	6.0639433E+1	0.0000000E+0	0.0000000E+0	1.0000000E+2	0.0000000E+0
2.5017000E+2	6.6773082E+1	6.0632394E+1	0.0000000E+0	0.0000000E+0	1.0000000E+2	0.0000000E+0
2.5022000E+2	6.6794661E+1	6.0634625E+1	0.0000000E+0	0.0000000E+0	1.0000000E+2	0.0000000E+0
2.5027100E+2	6.6814455E+1	6.0632705E+1	0.0000000E+0	0.0000000E+0	1.0000000E+2	0.0000000E+0
2.5032200E+2	6.6802125E+1	6.0613682E+1	0.0000000E+0	0.0000000E+0	1.0000000E+2	0.0000000E+0
2.5037200E+2	6.6812316E+1	6.0623564E+1	0.0000000E+0	0.0000000E+0	1.0000000E+2	0.0000000E+0
2.5042200E+2	6.6822136E+1	6.0625490E+1	0.0000000E+0	0.0000000E+0	1.0000000E+2	0.0000000E+0
2.5047200E+2	6.6831384E+1	6.0606175E+1	0.0000000E+0	0.0000000E+0	1.0000000E+2	0.0000000E+0
2.5052200E+2	6.6819710E+1	6.0603130E+1	0.0000000E+0	0.0000000E+0	1.0000000E+2	0.0000000E+0
2.5057200E+2	6.6849734E+1	6.0612528E+1	0.0000000E+0	0.0000000E+0	1.0000000E+2	0.0000000E+0
2.5062200E+2	6.6886523E+1	6.0609559E+1	0.0000000E+0	0.0000000E+0	1.0000000E+2	0.0000000E+0
2.5067200E+2	6.6899637E+1	6.0620413E+1	0.0000000E+0	0.0000000E+0	1.0000000E+2	0.0000000E+0
2.5072200E+2	6.6894193E+1	6.0615441E+1	0.0000000E+0	0.0000000E+0	1.0000000E+2	0.0000000E+0
2.5077200E+2	6.6881493E+1	6.0598833E+1	0.0000000E+0	0.0000000E+0	1.0000000E+2	0.0000000E+0
2.5082200E+2	6.6886335E+1	6.0617749E+1	0.0000000E+0	0.0000000E+0	1.0000000E+2	0.0000000E+0
2.5087200E+2	6.6879324E+1	6.0613309E+1	0.0000000E+0	0.0000000E+0	1.0000000E+2	0.0000000E+0
2.5092200E+2	6.6896668E+1	6.0620072E+1	0.0000000E+0	0.0000000E+0	1.0000000E+2	0.0000000E+0
2.5097200E+2	6.6877311E+1	6.0617830E+1	0.0000000E+0	0.0000000E+0	1.0000000E+2	0.0000000E+0
2.5102300E+2	6.6899985E+1	6.0634481E+1	0.0000000E+0	0.0000000E+0	1.0000000E+2	0.0000000E+0
2.5107300E+2	6.6909412E+1	6.0613549E+1	0.0000000E+0	0.0000000E+0	1.0000000E+2	0.0000000E+0
2.5112400E+2	6.6920463E+1	6.0634131E+1	0.0000000E+0	0.0000000E+0	1.0000000E+2	0.0000000E+0
2.5117400E+2	6.6901683E+1	6.0640004E+1	0.0000000E+0	0.0000000E+0	1.0000000E+2	0.0000000E+0
2.5122400E+2	6.6886738E+1	6.0637212E+1	0.0000000E+0	0.0000000E+0	1.0000000E+2	0.0000000E+0
2.5127500E+2	6.6900687E+1	6.0630577E+1	0.0000000E+0	0.0000000E+0	1.0000000E+2	0.0000000E+0
2.5132600E+2	6.6916285E+1	6.0654595E+1	0.0000000E+0	0.0000000E+0	1.0000000E+2	0.0000000E+0
2.5137600E+2	6.6921804E+1	6.0639747E+1	0.0000000E+0	0.0000000E+0	1.0000000E+2	0.0000000E+0
2.5142600E+2	6.6929846E+1	6.0637223E+1	0.0000000E+0	0.0000000E+0	1.0000000E+2	0.0000000E+0
2.5147600E+2	6.6932960E+1	6.0640205E+1	0.0000000E+0	0.0000000E+0	1.0000000E+2	0.0000000E+0
2.5152700E+2	6.6960517E+1	6.0658870E+1	0.0000000E+0	0.0000000E+0	1.0000000E+2	0.0000000E+0
2.5157700E+2	6.6934313E+1	6.0642722E+1	0.0000000E+0	0.0000000E+0	1.0000000E+2	0.0000000E+0
2.5162700E+2	6.6928357E+1	6.0640310E+1	0.0000000E+0	0.0000000E+0	1.0000000E+2	0.0000000E+0
2.5167700E+2	6.6902978E+1	6.0643491E+1	0.0000000E+0	0.0000000E+0	1.0000000E+2	0.0000000E+0
2.5172700E+2	6.6884506E+1	6.0654000E+1	0.0000000E+0	0.0000000E+0	1.0000000E+2	0.0000000E+0
2.5177700E+2	6.6851047E+1	6.0631044E+1	0.0000000E+0	0.0000000E+0	1.0000000E+2	0.0000000E+0
2.5182700E+2	6.6864128E+1	6.0636646E+1	0.0000000E+0	0.0000000E+0	1.0000000E+2	0.0000000E+0
2.5187700E+2	6.6850839E+1	6.0620724E+1	0.0000000E+0	0.0000000E+0	1.0000000E+2	0.0000000E+0
2.5192800E+2	6.6847918E+1	6.0619976E+1	0.0000000E+0	0.0000000E+0	1.0000000E+2	0.0000000E+0
2.5197800E+2	6.6863380E+1	6.0618198E+1	0.0000000E+0	0.0000000E+0	1.0000000E+2	0.0000000E+0
2.5202800E+2	6.6859102E+1	6.0603410E+1	0.0000000E+0	0.0000000E+0	1.0000000E+2	0.0000000E+0
2.5207800E+2	6.6861574E+1	6.0605865E+1	0.0000000E+0	0.0000000E+0	1.0000000E+2	0.0000000E+0
2.5212800E+2	6.6887528E+1	6.0606474E+1	0.0000000E+0	0.0000000E+0	1.0000000E+2	0.0000000E+0
2.5217800E+2	6.6885284E+1	6.0624957E+1	0.0000000E+0	0.0000000E+0	1.0000000E+2	0.0000000E+0
2.5222800E+2	6.6888647E+1	6.0628339E+1	0.0000000E+0	0.0000000E+0	1.0000000E+2	0.0000000E+0
2.5227800E+2	6.6893575E+1	6.0619986E+1	0.0000000E+0	0.0000000E+0	1.0000000E+2	0.0000000E+0
2.5232800E+2	6.6899173E+1	6.0628494E+1	0.0000000E+0	0.0000000E+0	1.0000000E+2	0.0000000E+0
2.5237800E+2	6.6908244E+1	6.0648394E+1	0.0000000E+0	0.0000000E+0	1.0000000E+2	0.0000000E+0
2.5242800E+2	6.6883847E+1	6.0627723E+1	0.0000000E+0	0.0000000E+0	1.0000000E+2	0.0000000E+0
2.5247800E+2	6.6874198E+1	6.0615697E+1	0.0000000E+0	0.0000000E+0	1.0000000E+2	0.0000000E+0
2.5252800E+2	6.6870230E+1	6.0638048E+1	0.0000000E+0	0.0000000E+0	1.0000000E+2	0.0000000E+0
2.5257800E+2	6.6827890E+1	6.0617701E+1	0.0000000E+0	0.0000000E+0	1.0000000E+2	0.0000000E+0
2.5263000E+2	6.6829278E+1	6.0628797E+1	0.0000000E+0	0.0000000E+0	1.0000000E+2	0.0000000E+0
2.5268000E+2	6.6814620E+1	6.0633241E+1	0.0000000E+0	0.0000000E+0	1.0000000E+2	0.0000000E+0
2.5273000E+2	6.6771103E+1	6.0615103E+1	0.0000000E+0	0.0000000E+0	1.0000000E+2	0.0000000E+0
2.5278000E+2	6.6762836E+1	6.0625467E+1	0.0000000E+0	0.0000000E+0	1.0000000E+2	0.0000000E+0
2.5283000E+2	6.6775853E+1	6.0631697E+1	0.0000000E+0	0.0000000E+0	1.0000000E+2	0.0000000E+0
2.5288000E+2	6.6764985E+1	6.0620094E+1	0.0000000E+0	0.0000000E+0	1.0000000E+2	0.0000000E+0
2.5293100E+2	6.6776974E+1	6.0641837E+1	0.0000000E+0	0.0000000E+0	1.0000000E+2	0.0000000E+0
2.5298200E+2	6.6774506E+1	6.0628655E+1	0.0000000E+0	0.0000000E+0	1.0000000E+2	0.0000000E+0
2.5303300E+2	6.6793940E+1	6.0619550E+1	0.0000000E+0	0.0000000E+0	1.0000000E+2	0.0000000E+0
2.5308400E+2	6.6817972E+1	6.0641006E+1	0.0000000E+0	0.0000000E+0	1.0000000E+2	0.0000000E+0
2.5313400E+2	6.6750606E+1	6.0621787E+1	0.0000000E+0	0.0000000E+0	1.0000000E+2	0.0000000E+0
2.5318400E+2	6.6740787E+1	6.0614242E+1	0.0000000E+0	0.0000000E+0	1.0000000E+2	0.0000000E+0
2.5323400E+2	6.6744082E+1	6.0613332E+1	0.0000000E+0	0.0000000E+0	1.0000000E+2	0.0000000E+0
2.5328400E+2	6.6764221E+1	6.0613047E+1	0.0000000E+0	0.0000000E+0	1.0000000E+2	0.0000000E+0
2.5333500E+2	6.6758608E+1	6.0621926E+1	0.0000000E+0	0.0000000E+0	1.0000000E+2	0.0000000E+0
2.5338500E+2	6.6755500E+1	6.0617987E+1	0.0000000E+0	0.0000000E+0	1.0000000E+2	0.0000000E+0
2.5343500E+2	6.6765179E+1	6.0625530E+1	0.0000000E+0	0.0000000E+0	1.0000000E+2	0.0000000E+0
2.5348500E+2	6.6777044E+1	6.0625179E+1	0.0000000E+0	0.0000000E+0	1.0000000E+2	0.0000000E+0
2.5353500E+2	6.6749909E+1	6.0623991E+1	0.0000000E+0	0.0000000E+0	1.0000000E+2	0.0000000E+0
2.5358500E+2	6.6754204E+1	6.0635269E+1	0.0000000E+0	0.0000000E+0	1.0000000E+2	0.0000000E+0
2.5363600E+2	6.6750847E+1	6.0631881E+1	0.0000000E+0	0.0000000E+0	1.0000000E+2	0.0000000E+0
2.5368600E+2	6.6756985E+1	6.0640288E+1	0.0000000E+0	0.0000000E+0	1.0000000E+2	0.0000000E+0
2.5373700E+2	6.6784661E+1	6.0649398E+1	0.0000000E+0	0.0000000E+0	1.0000000E+2	0.0000000E+0
2.5378800E+2	6.6812105E+1	6.0649400E+1	0.0000000E+0	0.0000000E+0	1.0000000E+2	0.0000000E+0
2.5383800E+2	6.6800955E+1	6.0648085E+1	0.0000000E+0	0.0000000E+0	1.0000000E+2	0.0000000E+0
2.5388800E+2	6.6790105E+1	6.0644701E+1	0.0000000E+0	0.0000000E+0	1.0000000E+2	0.0000000E+0
2.5393800E+2	6.6788444E+1	6.0654099E+1	0.0000000E+0	0.0000000E+0	1.0000000E+2	0.0000000E+0
2.5398800E+2	6.6795454E+1	6.0650629E+1	0.0000000E+0	0.0000000E+0	1.0000000E+2	0.0000000E+0
2.5403800E+2	6.6791212E+1	6.0630367E+1	0.0000000E+0	0.0000000E+0	1.0000000E+2	0.0000000E+0
2.5408800E+2	6.6785743E+1	6.0625393E+1	0.0000000E+0	0.0000000E+0	1.0000000E+2	0.0000000E+0
2.5413800E+2	6.6765816E+1	6.0620953E+1	0.0000000E+0	0.0000000E+0	1.0000000E+2	0.0000000E+0
2.5418800E+2	6.6784084E+1	6.0636509E+1	0.0000000E+0	0.0000000E+0	1.0000000E+2	0.0000000E+0
2.5423800E+2	6.6793875E+1	6.0631817E+1	0.0000000E+0	0.0000000E+0	1.0000000E+2	0.0000000E+0
2.5428800E+2	6.6801426E+1	6.0642740E+1	0.0000000E+0	0.0000000E+0	1.0000000E+2	0.0000000E+0
2.5433800E+2	6.6784947E+1	6.0630366E+1	0.0000000E+0	0.0000000E+0	1.0000000E+2	0.0000000E+0
2.5438800E+2	6.6769408E+1	6.0643948E+1	0.0000000E+0	0.0000000E+0	1.0000000E+2	0.0000000E+0
2.5443800E+2	6.6761176E+1	6.0633375E+1	0.0000000E+0	0.0000000E+0	1.0000000E+2	0.0000000E+0
2.5448800E+2	6.6739870E+1	6.0665067E+1	0.0000000E+0	0.0000000E+0	1.0000000E+2	0.0000000E+0
2.5453800E+2	6.6708820E+1	6.0635650E+1	0.0000000E+0	0.0000000E+0	1.0000000E+2	0.0000000E+0
2.5458800E+2	6.6711994E+1	6.0644797E+1	0.0000000E+0	0.0000000E+0	1.0000000E+2	0.0000000E+0
2.5463800E+2	6.6712532E+1	6.0650028E+1	0.0000000E+0	0.0000000E+0	1.0000000E+2	0.0000000E+0
2.5468800E+2	6.6698622E+1	6.0651979E+1	0.0000000E+0	0.0000000E+0	1.0000000E+2	0.0000000E+0
2.5473800E+2	6.6689517E+1	6.0628927E+1	0.0000000E+0	0.0000000E+0	1.0000000E+2	0.0000000E+0
2.5478800E+2	6.6688185E+1	6.0632534E+1	0.0000000E+0	0.0000000E+0	1.0000000E+2	0.0000000E+0
2.5483800E+2	6.6700141E+1	6.0642219E+1	0.0000000E+0	0.0000000E+0	1.0000000E+2	0.0000000E+0
2.5488800E+2	6.6706697E+1	6.0636935E+1	0.0000000E+0	0.0000000E+0	1.0000000E+2	0.0000000E+0
2.5493800E+2	6.6712053E+1	6.0645049E+1	0.0000000E+0	0.0000000E+0	1.0000000E+2	0.0000000E+0
2.5498800E+2	6.6724342E+1	6.0646392E+1	0.0000000E+0	0.0000000E+0	1.0000000E+2	0.0000000E+0
2.5503900E+2	6.6756254E+1	6.0669914E+1	0.0000000E+0	0.0000000E+0	1.0000000E+2	0.0000000E+0
2.5509000E+2	6.6731653E+1	6.0649874E+1	0.0000000E+0	0.0000000E+0	1.0000000E+2	0.0000000E+0
2.5514000E+2	6.6722204E+1	6.0658087E+1	0.0000000E+0	0.0000000E+0	1.0000000E+2	0.0000000E+0
2.5519000E+2	6.6691809E+1	6.0664638E+1	0.0000000E+0	0.0000000E+0	1.0000000E+2	0.0000000E+0
2.5524000E+2	6.6663891E+1	6.0680026E+1	0.0000000E+0	0.0000000E+0	1.0000000E+2	0.0000000E+0
2.5529000E+2	6.6652628E+1	6.0654444E+1	0.0000000E+0	0.0000000E+0	1.0000000E+2	0.0000000E+0
2.5534000E+2	6.6668514E+1	6.0660455E+1	0.0000000E+0	0.0000000E+0	1.0000000E+2	0.0000000E+0
2.5539100E+2	6.6677746E+1	6.0654366E+1	0.0000000E+0	0.0000000E+0	1.0000000E+2	0.0000000E+0
2.5544100E+2	6.6688413E+1	6.0642607E+1	0.0000000E+0	0.0000000E+0	1.0000000E+2	0.0000000E+0
2.5549100E+2	6.6702517E+1	6.0645008E+1	0.0000000E+0	0.0000000E+0	1.0000000E+2	0.0000000E+0
2.5554100E+2	6.6730801E+1	6.0657755E+1	0.0000000E+0	0.0000000E+0	1.0000000E+2	0.0000000E+0
2.5559100E+2	6.6759011E+1	6.0648170E+1	0.0000000E+0	0.0000000E+0	1.0000000E+2	0.0000000E+0
2.5564200E+2	6.6786435E+1	6.0661715E+1	0.0000000E+0	0.0000000E+0	1.0000000E+2	0.0000000E+0
2.5569200E+2	6.6801654E+1	6.0662538E+1	0.0000000E+0	0.0000000E+0	1.0000000E+2	0.0000000E+0
2.5574200E+2	6.6817327E+1	6.0665019E+1	0.0000000E+0	0.0000000E+0	1.0000000E+2	0.0000000E+0
2.5579200E+2	6.6855553E+1	6.0660416E+1	0.0000000E+0	0.0000000E+0	1.0000000E+2	0.0000000E+0
2.5584200E+2	6.6878025E+1	6.0669922E+1	0.0000000E+0	0.0000000E+0	1.0000000E+2	0.0000000E+0
2.5589300E+2	6.6872077E+1	6.0674909E+1	0.0000000E+0	0.0000000E+0	1.0000000E+2	0.0000000E+0
2.5594300E+2	6.6852250E+1	6.0669473E+1	0.0000000E+0	0.0000000E+0	1.0000000E+2	0.0000000E+0
2.5599300E+2	6.6806759E+1	6.0654358E+1	0.0000000E+0	0.0000000E+0	1.0000000E+2	0.0000000E+0
2.5604300E+2	6.6797944E+1	6.0653146E+1	0.0000000E+0	0.0000000E+0	1.0000000E+2	0.0000000E+0
2.5609300E+2	6.6848852E+1	6.0670536E+1	0.0000000E+0	0.0000000E+0	1.0000000E+2	0.0000000E+0
2.5614300E+2	6.6848536E+1	6.0665211E+1	0.0000000E+0	0.0000000E+0	1.0000000E+2	0.0000000E+0
2.5619300E+2	6.6826525E+1	6.0636620E+1	0.0000000E+0	0.0000000E+0	1.0000000E+2	0.0000000E+0
2.5624400E+2	6.6834409E+1	6.0659687E+1	0.0000000E+0	0.0000000E+0	1.0000000E+2	0.0000000E+0
2.5629500E+2	6.6861623E+1	6.0657348E+1	0.0000000E+0	0.0000000E+0	1.0000000E+2	0.0000000E+0
2.5634500E+2	6.6880241E+1	6.0650020E+1	0.0000000E+0	0.0000000E+0	1.0000000E+2	0.0000000E+0
2.5639600E+2	6.6887808E+1	6.0645222E+1	0.0000000E+0	0.0000000E+0	1.0000000E+2	0.0000000E+0
2.5644600E+2	6.6915886E+1	6.0654377E+1	0.0000000E+0	0.0000000E+0	1.0000000E+2	0.0000000E+0
2.5649600E+2	6.6916612E+1	6.0655750E+1	0.0000000E+0	0.0000000E+0	1.0000000E+2	0.0000000E+0
2.5654600E+2	6.6922806E+1	6.0641164E+1	0.0000000E+0	0.0000000E+0	1.0000000E+2	0.0000000E+0
2.5659600E+2	6.6944729E+1	6.0652085E+1	0.0000000E+0	0.0000000E+0	1.0000000E+2	0.0000000E+0
2.5664600E+2	6.6959402E+1	6.0650821E+1	0.0000000E+0	0.0000000E+0	1.0000000E+2	0.0000000E+0
2.5669600E+2	6.6969489E+1	6.0644868E+1	0.0000000E+0	0.0000000E+0	1.0000000E+2	0.0000000E+0
2.5674600E+2	6.6977322E+1	6.0645956E+1	0.0000000E+0	0.0000000E+0	1.0000000E+2	0.0000000E+0
2.5679600E+2	6.6987984E+1	6.0639069E+1	0.0000000E+0	0.0000000E+0	1.0000000E+2	0.0000000E+0
2.5684700E+2	6.6990171E+1	6.0647024E+1	0.0000000E+0	0.0000000E+0	1.0000000E+2	0.0000000E+0
2.5689800E+2	6.6993030E+1	6.0639713E+1	0.0000000E+0	0.0000000E+0	1.0000000E+2	0.0000000E+0
2.5694800E+2	6.7008168E+1	6.0639743E+1	0.0000000E+0	0.0000000E+0	1.0000000E+2	0.0000000E+0
2.5699900E+2	6.7029818E+1	6.0641323E+1	0.0000000E+0	0.0000000E+0	1.0000000E+2	0.0000000E+0
2.5704900E+2	6.7048756E+1	6.0652168E+1	0.0000000E+0	0.0000000E+0	1.0000000E+2	0.0000000E+0
2.5709900E+2	6.7060254E+1	6.0655162E+1	0.0000000E+0	0.0000000E+0	1.0000000E+2	0.0000000E+0
2.5714900E+2	6.7077222E+1	6.0664553E+1	0.0000000E+0	0.0000000E+0	1.0000000E+2	0.0000000E+0
2.5720000E+2	6.7055311E+1	6.0653861E+1	0.0000000E+0	0.0000000E+0	1.0000000E+2	0.0000000E+0
2.5725000E+2	6.7083796E+1	6.0661330E+1	0.0000000E+0	0.0000000E+0	1.0000000E+2	0.0000000E+0
2.5730000E+2	6.7112696E+1	6.0656065E+1	0.0000000E+0	0.0000000E+0	1.0000000E+2	0.0000000E+0
2.5735000E+2	6.7122365E+1	6.0645824E+1	0.0000000E+0	0.0000000E+0	1.0000000E+2	0.0000000E+0
2.5740100E+2	6.7121546E+1	6.0639199E+1	0.0000000E+0	0.0000000E+0	1.0000000E+2	0.0000000E+0
2.5745200E+2	6.7147013E+1	6.0660490E+1	0.0000000E+0	0.0000000E+0	1.0000000E+2	0.0000000E+0
2.5750300E+2	6.7131273E+1	6.0655736E+1	0.0000000E+0	0.0000000E+0	1.0000000E+2	0.0000000E+0
2.5755300E+2	6.7120943E+1	6.0647797E+1	0.0000000E+0	0.0000000E+0	1.0000000E+2	0.0000000E+0
2.5760300E+2	6.7085906E+1	6.0645966E+1	0.0000000E+0	0.0000000E+0	1.0000000E+2	0.0000000E+0
2.5765300E+2	6.7063668E+1	6.0640616E+1	0.0000000E+0	0.0000000E+0	1.0000000E+2	0.0000000E+0
2.5770300E+2	6.7076537E+1	6.0636091E+1	0.0000000E+0	0.0000000E+0	1.0000000E+2	0.0000000E+0
2.5775300E+2	6.7067563E+1	6.0632383E+1	0.0000000E+0	0.0000000E+0	1.0000000E+2	0.0000000E+0
2.5780300E+2	6.7073997E+1	6.0632383E+1	0.0000000E+0	0.0000000E+0	1.0000000E+2	0.0000000E+0
2.5785400E+2	6.7086163E+1	6.0640853E+1	0.0000000E+0	0.0000000E+0	1.0000000E+2	0.0000000E+0
2.5790400E+2	6.7077958E+1	6.0640644E+1	0.0000000E+0	0.0000000E+0	1.0000000E+2	0.0000000E+0
2.5795500E+2	6.7072961E+1	6.0634784E+1	0.0000000E+0	0.0000000E+0	1.0000000E+2	0.0000000E+0
2.5800500E+2	6.7051220E+1	6.0618838E+1	0.0000000E+0	0.0000000E+0	1.0000000E+2	0.0000000E+0
2.5805500E+2	6.7037512E+1	6.0629771E+1	0.0000000E+0	0.0000000E+0	1.0000000E+2	0.0000000E+0
2.5810500E+2	6.7036292E+1	6.0634876E+1	0.0000000E+0	0.0000000E+0	1.0000000E+2	0.0000000E+0
2.5815500E+2	6.7043525E+1	6.0638870E+1	0.0000000E+0	0.0000000E+0	1.0000000E+2	0.0000000E+0
2.5820500E+2	6.7075686E+1	6.0635706E+1	0.0000000E+0	0.0000000E+0	1.0000000E+2	0.0000000E+0
2.5825500E+2	6.7049944E+1	6.0636234E+1	0.0000000E+0	0.0000000E+0	1.0000000E+2	0.0000000E+0
2.5830500E+2	6.6980096E+1	6.0630951E+1	0.0000000E+0	0.0000000E+0	1.0000000E+2	0.0000000E+0
2.5835600E+2	6.6940724E+1	6.0611223E+1	0.0000000E+0	0.0000000E+0	1.0000000E+2	0.0000000E+0
2.5840600E+2	6.6919298E+1	6.0612898E+1	0.0000000E+0	0.0000000E+0	1.0000000E+2	0.0000000E+0
2.5845600E+2	6.6927465E+1	6.0611370E+1	0.0000000E+0	0.0000000E+0	1.0000000E+2	0.0000000E+0
2.5850700E+2	6.6922661E+1	6.0603719E+1	0.0000000E+0	0.0000000E+0	1.0000000E+2	0.0000000E+0
2.5855800E+2	6.6930595E+1	6.0619857E+1	0.0000000E+0	0.0000000E+0	1.0000000E+2	0.0000000E+0
2.5860800E+2	6.6918574E+1	6.0622972E+1	0.0000000E+0	0.0000000E+0	1.0000000E+2	0.0000000E+0
2.5865800E+2	6.6892282E+1	6.0614393E+1	0.0000000E+0	0.0000000E+0	1.0000000E+2	0.0000000E+0
2.5870800E+2	6.6901035E+1	6.0623216E+1	0.0000000E+0	0.0000000E+0	1.0000000E+2	0.0000000E+0
2.5875900E+2	6.6918304E+1	6.0635854E+1	0.0000000E+0	0.0000000E+0	1.0000000E+2	0.0000000E+0
2.5881000E+2	6.6912476E+1	6.0642025E+1	0.0000000E+0	0.0000000E+0	1.0000000E+2	0.0000000E+0
2.5886000E+2	6.6924429E+1	6.0629357E+1	0.0000000E+0	0.0000000E+0	1.0000000E+2	0.0000000E+0
2.5891100E+2	6.6907529E+1	6.0626377E+1	0.0000000E+0	0.0000000E+0	1.0000000E+2	0.0000000E+0
2.5896100E+2	6.6897758E+1	6.0635432E+1	0.0000000E+0	0.0000000E+0	1.0000000E+2	0.0000000E+0
2.5901100E+2	6.6906201E+1	6.0635125E+1	0.0000000E+0	0.0000000E+0	1.0000000E+2	0.0000000E+0
2.5906100E+2	6.6918167E+1	6.0630400E+1	0.0000000E+0	0.0000000E+0	1.0000000E+2	0.0000000E+0
2.5911100E+2	6.6922944E+1	6.0629774E+1	0.0000000E+0	0.0000000E+0	1.0000000E+2	0.0000000E+0
2.5916100E+2	6.6883879E+1	6.0644885E+1	0.0000000E+0	0.0000000E+0	1.0000000E+2	0.0000000E+0
2.5921200E+2	6.6873322E+1	6.0626629E+1	0.0000000E+0	0.0000000E+0	1.0000000E+2	0.0000000E+0
2.5926200E+2	6.6878702E+1	6.0641053E+1	0.0000000E+0	0.0000000E+0	1.0000000E+2	0.0000000E+0
2.5931300E+2	6.6892967E+1	6.0639373E+1	0.0000000E+0	0.0000000E+0	1.0000000E+2	0.0000000E+0
2.5936300E+2	6.6881917E+1	6.0643728E+1	0.0000000E+0	0.0000000E+0	1.0000000E+2	0.0000000E+0
2.5941300E+2	6.6884700E+1	6.0635706E+1	0.0000000E+0	0.0000000E+0	1.0000000E+2	0.0000000E+0
2.5946300E+2	6.6885868E+1	6.0633776E+1	0.0000000E+0	0.0000000E+0	1.0000000E+2	0.0000000E+0
2.5951300E+2	6.6898660E+1	6.0638274E+1	0.0000000E+0	0.0000000E+0	1.0000000E+2	0.0000000E+0
2.5956300E+2	6.6931130E+1	6.0652868E+1	0.0000000E+0	0.0000000E+0	1.0000000E+2	0.0000000E+0
2.5961400E+2	6.6932044E+1	6.0658118E+1	0.0000000E+0	0.0000000E+0	1.0000000E+2	0.0000000E+0
2.5966500E+2	6.6934072E+1	6.0648501E+1	0.0000000E+0	0.0000000E+0	1.0000000E+2	0.0000000E+0
2.5971500E+2	6.6948346E+1	6.0663991E+1	0.0000000E+0	0.0000000E+0	1.0000000E+2	0.0000000E+0
2.5976600E+2	6.6956546E+1	6.0676928E+1	0.0000000E+0	0.0000000E+0	1.0000000E+2	0.0000000E+0
2.5981700E+2	6.6937083E+1	6.0665508E+1	0.0000000E+0	0.0000000E+0	1.0000000E+2	0.0000000E+0
2.5986700E+2	6.6925113E+1	6.0667546E+1	0.0000000E+0	0.0000000E+0	1.0000000E+2	0.0000000E+0
2.5991700E+2	6.6937005E+1	6.0675009E+1	0.0000000E+0	0.0000000E+0	1.0000000E+2	0.0000000E+0
2.5996700E+2	6.6955090E+1	6.0668971E+1	0.0000000E+0	0.0000000E+0	1.0000000E+2	0.0000000E+0
2.6001700E+2	6.6944434E+1	6.0669925E+1	0.0000000E+0	0.0000000E+0	1.0000000E+2	0.0000000E+0
2.6006700E+2	6.6933382E+1	6.0665883E+1	0.0000000E+0	0.0000000E+0	1.0000000E+2	0.0000000E+0
2.6011700E+2	6.6921512E+1	6.0668274E+1	0.0000000E+0	0.0000000E+0	1.0000000E+2	0.0000000E+0
2.6016700E+2	6.6908742E+1	6.0646331E+1	0.0000000E+0	0.0000000E+0	1.0000000E+2	0.0000000E+0
2.6021700E+2	6.6910992E+1	6.0653298E+1	0.0000000E+0	0.0000000E+0	1.0000000E+2	0.0000000E+0
2.6026700E+2	6.6938830E+1	6.0651561E+1	0.0000000E+0	0.0000000E+0	1.0000000E+2	0.0000000E+0
2.6031700E+2	6.6938764E+1	6.0662625E+1	0.0000000E+0	0.0000000E+0	1.0000000E+2	0.0000000E+0
2.6036800E+2	6.6927859E+1	6.0659568E+1	0.0000000E+0	0.0000000E+0	1.0000000E+2	0.0000000E+0
2.6041800E+2	6.6937847E+1	6.0660085E+1	0.0000000E+0	0.0000000E+0	1.0000000E+2	0.0000000E+0
2.6046800E+2	6.6951457E+1	6.0659792E+1	0.0000000E+0	0.0000000E+0	1.0000000E+2	0.0000000E+0
2.6051800E+2	6.6983377E+1	6.0667405E+1	0.0000000E+0	0.0000000E+0	1.0000000E+2	0.0000000E+0
2.6056800E+2	6.6988823E+1	6.0652954E+1	0.0000000E+0	0.0000000E+0	1.0000000E+2	0.0000000E+0
2.6061800E+2	6.6987120E+1	6.0665381E+1	0.0000000E+0	0.0000000E+0	1.0000000E+2	0.0000000E+0
2.6066800E+2	6.7026302E+1	6.0670736E+1	0.0000000E+0	0.0000000E+0	1.0000000E+2	0.0000000E+0
2.6071800E+2	6.7054572E+1	6.0660984E+1	0.0000000E+0	0.0000000E+0	1.0000000E+2	0.0000000E+0
2.6076800E+2	6.7103036E+1	6.0689347E+1	0.0000000E+0	0.0000000E+0	1.0000000E+2	0.0000000E+0
2.6081800E+2	6.7112080E+1	6.0684034E+1	0.0000000E+0	0.0000000E+0	1.0000000E+2	0.0000000E+0
2.6086800E+2	6.7061904E+1	6.0681466E+1	0.0000000E+0	0.0000000E+0	1.0000000E+2	0.0000000E+0
2.6091800E+2	6.7034906E+1	6.0675883E+1	0.0000000E+0	0.0000000E+0	1.0000000E+2	0.0000000E+0
2.6096800E+2	6.7016232E+1	6.0640984E+1	0.0000000E+0	0.0000000E+0	1.0000000E+2	0.0000000E+0
2.6101800E+2	6.7038915E+1	6.0659439E+1	0.0000000E+0	0.0000000E+0	1.0000000E+2	0.0000000E+0
2.6106800E+2	6.7063084E+1	6.0672249E+1	0.0000000E+0	0.0000000E+0	1.0000000E+2	0.0000000E+0
2.6111800E+2	6.7068707E+1	6.0668671E+1	0.0000000E+0	0.0000000E+0	1.0000000E+2	0.0000000E+0
2.6117000E+2	6.7078434E+1	6.0675985E+1	0.0000000E+0	0.0000000E+0	1.0000000E+2	0.0000000E+0
2.6122100E+2	6.7113815E+1	6.0689273E+1	0.0000000E+0	0.0000000E+0	1.0000000E+2	0.0000000E+0
2.6127100E+2	6.7137331E+1	6.0680799E+1	0.0000000E+0	0.0000000E+0	1.0000000E+2	0.0000000E+0
2.6132100E+2	6.7127960E+1	6.0679916E+1	0.0000000E+0	0.0000000E+0	1.0000000E+2	0.0000000E+0
2.6137100E+2	6.7099817E+1	6.0672953E+1	0.0000000E+0	0.0000000E+0	1.0000000E+2	0.0000000E+0
2.6142100E+2	6.7102655E+1	6.0678076E+1	0.0000000E+0	0.0000000E+0	1.0000000E+2	0.0000000E+0
2.6147100E+2	6.7105362E+1	6.0700740E+1	0.0000000E+0	0.0000000E+0	1.0000000E+2	0.0000000E+0
2.6152100E+2	6.7115706E+1	6.0703698E+1	0.0000000E+0	0.0000000E+0	1.0000000E+2	0.0000000E+0
2.6157200E+2	6.7094823E+1	6.0702330E+1	0.0000000E+0	0.0000000E+0	1.0000000E+2	0.0000000E+0
2.6162300E+2	6.7085595E+1	6.0692100E+1	0.0000000E+0	0.0000000E+0	1.0000000E+2	0.0000000E+0
2.6167300E+2	6.7072626E+1	6.0671347E+1	0.0000000E+0	0.0000000E+0	1.0000000E+2	0.0000000E+0
2.6172300E+2	6.7092395E+1	6.0687208E+1	0.0000000E+0	0.0000000E+0	1.0000000E+2	0.0000000E+0
2.6177300E+2	6.7089147E+1	6.0671627E+1	0.0000000E+0	0.0000000E+0	1.0000000E+2	0.0000000E+0
2.6182300E+2	6.7102034E+1	6.0676815E+1	0.0000000E+0	0.0000000E+0	1.0000000E+2	0.0000000E+0
2.6187300E+2	6.7095204E+1	6.0678690E+1	0.0000000E+0	0.0000000E+0	1.0000000E+2	0.0000000E+0
2.6192300E+2	6.7096885E+1	6.0694180E+1	0.0000000E+0	0.0000000E+0	1.0000000E+2	0.0000000E+0
2.6197300E+2	6.7118573E+1	6.0703468E+1	0.0000000E+0	0.0000000E+0	1.0000000E+2	0.0000000E+0
2.6202300E+2	6.7100052E+1	6.0693159E+1	0.0000000E+0	0.0000000E+0	1.0000000E+2	0.0000000E+0
2.6207300E+2	6.7068278E+1	6.0699991E+1	0.0000000E+0	0.0000000E+0	1.0000000E+2	0.0000000E+0
2.6212300E+2	6.7071396E+1	6.0705821E+1	0.0000000E+0	0.0000000E+0	1.0000000E+2	0.0000000E+0
2.6217300E+2	6.7061402E+1	6.0713747E+1	0.0000000E+0	0.0000000E+0	1.0000000E+2	0.0000000E+0
2.6222300E+2	6.7057900E+1	6.0698215E+1	0.0000000E+0	0.0000000E+0	1.0000000E+2	0.0000000E+0
2.6227300E+2	6.7065756E+1	6.0709513E+1	0.0000000E+0	0.0000000E+0	1.0000000E+2	0.0000000E+0
2.6232300E+2	6.7034640E+1	6.0719383E+1	0.0000000E+0	0.0000000E+0	1.0000000E+2	0.0000000E+0
2.6237300E+2	6.6976550E+1	6.0694794E+1	0.0000000E+0	0.0000000E+0	1.0000000E+2	0.0000000E+0
2.6242300E+2	6.6954740E+1	6.0697606E+1	0.0000000E+0	0.0000000E+0	1.0000000E+2	0.0000000E+0
2.6247300E+2	6.6978305E+1	6.0698965E+1	0.0000000E+0	0.0000000E+0	1.0000000E+2	0.0000000E+0
2.6252300E+2	6.6999837E+1	6.0703716E+1	0.0000000E+0	0.0000000E+0	1.0000000E+2	0.0000000E+0
2.6257300E+2	6.7030608E+1	6.0702759E+1	0.0000000E+0	0.0000000E+0	1.0000000E+2	0.0000000E+0
2.6262300E+2	6.6999837E+1	6.0685053E+1	0.0000000E+0	0.0000000E+0	1.0000000E+2	0.0000000E+0
2.6267300E+2	6.6997050E+1	6.0713104E+1	0.0000000E+0	0.0000000E+0	1.0000000E+2	0.0000000E+0
2.6272300E+2	6.7010471E+1	6.0692585E+1	0.0000000E+0	0.0000000E+0	1.0000000E+2	0.0000000E+0
2.6277300E+2	6.7014366E+1	6.0702994E+1	0.0000000E+0	0.0000000E+0	1.0000000E+2	0.0000000E+0
2.6282300E+2	6.7002245E+1	6.0700950E+1	0.0000000E+0	0.0000000E+0	1.0000000E+2	0.0000000E+0
2.6287300E+2	6.7013384E+1	6.0716445E+1	0.0000000E+0	0.0000000E+0	1.0000000E+2	0.0000000E+0
2.6292300E+2	6.7021429E+1	6.0703921E+1	0.0000000E+0	0.0000000E+0	1.0000000E+2	0.0000000E+0
2.6297300E+2	6.7006129E+1	6.0694945E+1	0.0000000E+0	0.0000000E+0	1.0000000E+2	0.0000000E+0
2.6302300E+2	6.6999687E+1	6.0702647E+1	0.0000000E+0	0.0000000E+0	1.0000000E+2	0.0000000E+0
2.6307300E+2	6.6986184E+1	6.0701987E+1	0.0000000E+0	0.0000000E+0	1.0000000E+2	0.0000000E+0
2.6312300E+2	6.6991027E+1	6.0691022E+1	0.0000000E+0	0.0000000E+0	1.0000000E+2	0.0000000E+0
2.6317400E+2	6.6993321E+1	6.0672904E+1	0.0000000E+0	0.0000000E+0	1.0000000E+2	0.0000000E+0
2.6322400E+2	6.6997893E+1	6.0675572E+1	0.0000000E+0	0.0000000E+0	1.0000000E+2	0.0000000E+0
2.6327400E+2	6.7020505E+1	6.0694831E+1	0.0000000E+0	0.0000000E+0	1.0000000E+2	0.0000000E+0
2.6332500E+2	6.7020105E+1	6.0685320E+1	0.0000000E+0	0.0000000E+0	1.0000000E+2	0.0000000E+0
2.6337500E+2	6.6987771E+1	6.0680407E+1	0.0000000E+0	0.0000000E+0	1.0000000E+2	0.0000000E+0
2.6342500E+2	6.6989631E+1	6.0681588E+1	0.0000000E+0	0.0000000E+0	1.0000000E+2	0.0000000E+0
2.6347500E+2	6.6992769E+1	6.0678998E+1	0.0000000E+0	0.0000000E+0	1.0000000E+2	0.0000000E+0
2.6352500E+2	6.6993233E+1	6.0685485E+1	0.0000000E+0	0.0000000E+0	1.0000000E+2	0.0000000E+0
2.6357500E+2	6.6992247E+1	6.0680467E+1	0.0000000E+0	0.0000000E+0	1.0000000E+2	0.0000000E+0
2.6362600E+2	6.6998610E+1	6.0686871E+1	0.0000000E+0	0.0000000E+0	1.0000000E+2	0.0000000E+0
2.6367700E+2	6.6991420E+1	6.0675153E+1	0.0000000E+0	0.0000000E+0	1.0000000E+2	0.0000000E+0
2.6372700E+2	6.6970612E+1	6.0683876E+1	0.0000000E+0	0.0000000E+0	1.0000000E+2	0.0000000E+0
2.6377700E+2	6.6960760E+1	6.0687046E+1	0.0000000E+0	0.0000000E+0	1.0000000E+2	0.0000000E+0
2.6382700E+2	6.6928956E+1	6.0679749E+1	0.0000000E+0	0.0000000E+0	1.0000000E+2	0.0000000E+0
2.6387700E+2	6.6914972E+1	6.0681212E+1	0.0000000E+0	0.0000000E+0	1.0000000E+2	0.0000000E+0
2.6392700E+2	6.6933013E+1	6.0707641E+1	0.0000000E+0	0.0000000E+0	1.0000000E+2	0.0000000E+0
2.6397700E+2	6.6941405E+1	6.0701771E+1	0.0000000E+0	0.0000000E+0	1.0000000E+2	0.0000000E+0
2.6402700E+2	6.6950982E+1	6.0694356E+1	0.0000000E+0	0.0000000E+0	1.0000000E+2	0.0000000E+0
2.6407700E+2	6.6958040E+1	6.0721802E+1	0.0000000E+0	0.0000000E+0	1.0000000E+2	0.0000000E+0
2.6412700E+2	6.6951976E+1	6.0720115E+1	0.0000000E+0	0.0000000E+0	1.0000000E+2	0.0000000E+0
2.6417700E+2	6.6956380E+1	6.0717232E+1	0.0000000E+0	0.0000000E+0	1.0000000E+2	0.0000000E+0
2.6422700E+2	6.6950294E+1	6.0711649E+1	0.0000000E+0	0.0000000E+0	1.0000000E+2	0.0000000E+0
2.6427700E+2	6.6962777E+1	6.0718068E+1	0.0000000E+0	0.0000000E+0	1.0000000E+2	0.0000000E+0
2.6432700E+2	6.6920016E+1	6.0719967E+1	0.0000000E+0	0.0000000E+0	1.0000000E+2	0.0000000E+0
2.6437700E+2	6.6885961E+1	6.0698827E+1	0.0000000E+0	0.0000000E+0	1.0000000E+2	0.0000000E+0
2.6442700E+2	6.6880321E+1	6.0705440E+1	0.0000000E+0	0.0000000E+0	1.0000000E+2	0.0000000E+0
2.6447700E+2	6.6893482E+1	6.0701541E+1	0.0000000E+0	0.0000000E+0	1.0000000E+2	0.0000000E+0
2.6452700E+2	6.6866728E+1	6.0699703E+1	0.0000000E+0	0.0000000E+0	1.0000000E+2	0.0000000E+0
2.6457700E+2	6.6856267E+1	6.0698709E+1	0.0000000E+0	0.0000000E+0	1.0000000E+2	0.0000000E+0
2.6462700E+2	6.6873206E+1	6.0700547E+1	0.0000000E+0	0.0000000E+0	1.0000000E+2	0.0000000E+0
2.6467700E+2	6.6875769E+1	6.0695335E+1	0.0000000E+0	0.0000000E+0	1.0000000E+2	0.0000000E+0
2.6472800E+2	6.6863795E+1	6.0701689E+1	0.0000000E+0	0.0000000E+0	1.0000000E+2	0.0000000E+0
2.6478000E+2	6.6861984E+1	6.0697689E+1	0.0000000E+0	0.0000000E+0	1.0000000E+2	0.0000000E+0
2.6483000E+2	6.6817527E+1	6.0690612E+1	0.0000000E+0	0.0000000E+0	1.0000000E+2	0.0000000E+0
2.6488000E+2	6.6797564E+1	6.0689052E+1	0.0000000E+0	0.0000000E+0	1.0000000E+2	0.0000000E+0
2.6493000E+2	6.6800562E+1	6.0694483E+1	0.0000000E+0	0.0000000E+0	1.0000000E+2	0.0000000E+0
2.6498100E+2	6.6826297E+1	6.0708570E+1	0.0000000E+0	0.0000000E+0	1.0000000E+2	0.0000000E+0
2.6503100E+2	6.6824434E+1	6.0719567E+1	0.0000000E+0	0.0000000E+0	1.0000000E+2	0.0000000E+0
2.6508100E+2	6.6792286E+1	6.0700865E+1	0.0000000E+0	0.0000000E+0	1.0000000E+2	0.0000000E+0
2.6513100E+2	6.6781049E+1	6.0706291E+1	0.0000000E+0	0.0000000E+0	1.0000000E+2	0.0000000E+0
2.6518100E+2	6.6769622E+1	6.0698469E+1	0.0000000E+0	0.0000000E+0	1.0000000E+2	0.0000000E+0
2.6523100E+2	6.6766172E+1	6.0703472E+1	0.0000000E+0	0.0000000E+0	1.0000000E+2	0.0000000E+0
2.6528100E+2	6.6766798E+1	6.0717983E+1	0.0000000E+0	0.0000000E+0	1.0000000E+2	0.0000000E+0
2.6533100E+2	6.6774332E+1	6.0712311E+1	0.0000000E+0	0.0000000E+0	1.0000000E+2	0.0000000E+0
2.6538100E+2	6.6782273E+1	6.0724264E+1	0.0000000E+0	0.0000000E+0	1.0000000E+2	0.0000000E+0
2.6543100E+2	6.6806649E+1	6.0727463E+1	0.0000000E+0	0.0000000E+0	1.0000000E+2	0.0000000E+0
2.6548100E+2	6.6800038E+1	6.0697351E+1	0.0000000E+0	0.0000000E+0	1.0000000E+2	0.0000000E+0
2.6553100E+2	6.6814907E+1	6.0713115E+1	0.0000000E+0	0.0000000E+0	1.0000000E+2	0.0000000E+0
2.6558100E+2	6.6797590E+1	6.0701085E+1	0.0000000E+0	0.0000000E+0	1.0000000E+2	0.0000000E+0
2.6563200E+2	6.6779374E+1	6.0697877E+1	0.0000000E+0	0.0000000E+0	1.0000000E+2	0.0000000E+0
2.6568300E+2	6.6771486E+1	6.0706835E+1	0.0000000E+0	0.0000000E+0	1.0000000E+2	0.0000000E+0
2.6573400E+2	6.6765445E+1	6.0711224E+1	0.0000000E+0	0.0000000E+0	1.0000000E+2	0.0000000E+0
2.6578400E+2	6.6750598E+1	6.0722342E+1	0.0000000E+0	0.0000000E+0	1.0000000E+2	0.0000000E+0
2.6583400E+2	6.6711218E+1	6.0708950E+1	0.0000000E+0	0.0000000E+0	1.0000000E+2	0.0000000E+0
2.6588400E+2	6.6721299E+1	6.0704959E+1	0.0000000E+0	0.0000000E+0	1.0000000E+2	0.0000000E+0
2.6593500E+2	6.6720613E+1	6.0689389E+1	0.0000000E+0	0.0000000E+0	1.0000000E+2	0.0000000E+0
2.6598500E+2	6.6720198E+1	6.0688145E+1	0.0000000E+0	0.0000000E+0	1.0000000E+2	0.0000000E+0
2.6603500E+2	6.6742781E+1	6.0713347E+1	0.0000000E+0	0.0000000E+0	1.0000000E+2	0.0000000E+0
2.6608500E+2	6.6755180E+1	6.0706529E+1	0.0000000E+0	0.0000000E+0	1.0000000E+2	0.0000000E+0
2.6613500E+2	6.6771521E+1	6.0702606E+1	0.0000000E+0	0.0000000E+0	1.0000000E+2	0.0000000E+0
2.6618500E+2	6.6804401E+1	6.0715394E+1	0.0000000E+0	0.0000000E+0	1.0000000E+2	0.0000000E+0
2.6623500E+2	6.6832522E+1	6.0718169E+1	0.0000000E+0	0.0000000E+0	1.0000000E+2	0.0000000E+0
2.6628500E+2	6.6847873E+1	6.0709290E+1	0.0000000E+0	0.0000000E+0	1.0000000E+2	0.0000000E+0
2.6633500E+2	6.6874597E+1	6.0717494E+1	0.0000000E+0	0.0000000E+0	1.0000000E+2	0.0000000E+0
2.6638500E+2	6.6894042E+1	6.0725880E+1	0.0000000E+0	0.0000000E+0	1.0000000E+2	0.0000000E+0
2.6643500E+2	6.6907555E+1	6.0716674E+1	0.0000000E+0	0.0000000E+0	1.0000000E+2	0.0000000E+0
2.6648500E+2	6.6933382E+1	6.0713256E+1	0.0000000E+0	0.0000000E+0	1.0000000E+2	0.0000000E+0
2.6653500E+2	6.6933993E+1	6.0699159E+1	0.0000000E+0	0.0000000E+0	1.0000000E+2	0.0000000E+0
2.6658500E+2	6.6951698E+1	6.0712190E+1	0.0000000E+0	0.0000000E+0	1.0000000E+2	0.0000000E+0
2.6663500E+2	6.6953165E+1	6.0708157E+1	0.0000000E+0	0.0000000E+0	1.0000000E+2	0.0000000E+0
2.6668500E+2	6.6959089E+1	6.0710432E+1	0.0000000E+0	0.0000000E+0	1.0000000E+2	0.0000000E+0
2.6673500E+2	6.6956377E+1	6.0699871E+1	0.0000000E+0	0.0000000E+0	1.0000000E+2	0.0000000E+0
2.6678500E+2	6.6959005E+1	6.0696417E+1	0.0000000E+0	0.0000000E+0	1.0000000E+2	0.0000000E+0
2.6683500E+2	6.6964864E+1	6.0716408E+1	0.0000000E+0	0.0000000E+0	1.0000000E+2	0.0000000E+0
2.6688500E+2	6.6970065E+1	6.0717595E+1	0.0000000E+0	0.0000000E+0	1.0000000E+2	0.0000000E+0
2.6693500E+2	6.6966259E+1	6.0701096E+1	0.0000000E+0	0.0000000E+0	1.0000000E+2	0.0000000E+0
2.6698600E+2	6.6968661E+1	6.0709796E+1	0.0000000E+0	0.0000000E+0	1.0000000E+2	0.0000000E+0
2.6703600E+2	6.6957068E+1	6.0712759E+1	0.0000000E+0	0.0000000E+0	1.0000000E+2	0.0000000E+0
2.6708700E+2	6.6931506E+1	6.0699807E+1	0.0000000E+0	0.0000000E+0	1.0000000E+2	0.0000000E+0
2.6713700E+2	6.6917508E+1	6.0705532E+1	0.0000000E+0	0.0000000E+0	1.0000000E+2	0.0000000E+0
2.6718800E+2	6.6915888E+1	6.0713910E+1	0.0000000E+0	0.0000000E+0	1.0000000E+2	0.0000000E+0
2.6723800E+2	6.6885115E+1	6.0703760E+1	0.0000000E+0	0.0000000E+0	1.0000000E+2	0.0000000E+0
2.6728900E+2	6.6870276E+1	6.0706146E+1	0.0000000E+0	0.0000000E+0	1.0000000E+2	0.0000000E+0
2.6733900E+2	6.6876397E+1	6.0708087E+1	0.0000000E+0	0.0000000E+0	1.0000000E+2	0.0000000E+0
2.6738900E+2	6.6850178E+1	6.0695499E+1	0.0000000E+0	0.0000000E+0	1.0000000E+2	0.0000000E+0
2.6743900E+2	6.6825449E+1	6.0694935E+1	0.0000000E+0	0.0000000E+0	1.0000000E+2	0.0000000E+0
2.6748900E+2	6.6844275E+1	6.0723886E+1	0.0000000E+0	0.0000000E+0	1.0000000E+2	0.0000000E+0
2.6753900E+2	6.6843190E+1	6.0728835E+1	0.0000000E+0	0.0000000E+0	1.0000000E+2	0.0000000E+0
2.6758900E+2	6.6833657E+1	6.0730938E+1	0.0000000E+0	0.0000000E+0	1.0000000E+2	0.0000000E+0
2.6763900E+2	6.6822815E+1	6.0726168E+1	0.0000000E+0	0.0000000E+0	1.0000000E+2	0.0000000E+0
2.6768900E+2	6.6787730E+1	6.0737713E+1	0.0000000E+0	0.0000000E+0	1.0000000E+2	0.0000000E+0
2.6773900E+2	6.6775364E+1	6.0725467E+1	0.0000000E+0	0.0000000E+0	1.0000000E+2	0.0000000E+0
2.6778900E+2	6.6774031E+1	6.0731001E+1	0.0000000E+0	0.0000000E+0	1.0000000E+2	0.0000000E+0
2.6783900E+2	6.6795081E+1	6.0734058E+1	0.0000000E+0	0.0000000E+0	1.0000000E+2	0.0000000E+0
2.6788900E+2	6.6790736E+1	6.0734523E+1	0.0000000E+0	0.0000000E+0	1.0000000E+2	0.0000000E+0
2.6793900E+2	6.6787760E+1	6.0740544E+1	0.0000000E+0	0.0000000E+0	1.0000000E+2	0.0000000E+0
2.6798900E+2	6.6784761E+1	6.0738172E+1	0.0000000E+0	0.0000000E+0	1.0000000E+2	0.0000000E+0
2.6803900E+2	6.6763946E+1	6.0725931E+1	0.0000000E+0	0.0000000E+0	1.0000000E+2	0.0000000E+0
2.6808900E+2	6.6762114E+1	6.0737735E+1	0.0000000E+0	0.0000000E+0	1.0000000E+2	0.0000000E+0
2.6813900E+2	6.6750658E+1	6.0736862E+1	0.0000000E+0	0.0000000E+0	1.0000000E+2	0.0000000E+0
2.6818900E+2	6.6736596E+1	6.0748995E+1	0.0000000E+0	0.0000000E+0	1.0000000E+2	0.0000000E+0
2.6823900E+2	6.6725205E+1	6.0755622E+1	0.0000000E+0	0.0000000E+0	1.0000000E+2	0.0000000E+0
2.6828900E+2	6.6718816E+1	6.0740689E+1	0.0000000E+0	0.0000000E+0	1.0000000E+2	0.0000000E+0
2.6833900E+2	6.6705963E+1	6.0739637E+1	0.0000000E+0	0.0000000E+0	1.0000000E+2	0.0000000E+0
2.6838900E+2	6.6713892E+1	6.0734537E+1	0.0000000E+0	0.0000000E+0	1.0000000E+2	0.0000000E+0
2.6843900E+2	6.6742618E+1	6.0746778E+1	0.0000000E+0	0.0000000E+0	1.0000000E+2	0.0000000E+0
2.6848900E+2	6.6751986E+1	6.0744969E+1	0.0000000E+0	0.0000000E+0	1.0000000E+2	0.0000000E+0
2.6853900E+2	6.6762880E+1	6.0745864E+1	0.0000000E+0	0.0000000E+0	1.0000000E+2	0.0000000E+0
2.6859000E+2	6.6748760E+1	6.0747301E+1	0.0000000E+0	0.0000000E+0	1.0000000E+2	0.0000000E+0
2.6864000E+2	6.6719401E+1	6.0750060E+1	0.0000000E+0	0.0000000E+0	1.0000000E+2	0.0000000E+0
2.6869000E+2	6.6727175E+1	6.0757791E+1	0.0000000E+0	0.0000000E+0	1.0000000E+2	0.0000000E+0
2.6874000E+2	6.6754694E+1	6.0777217E+1	0.0000000E+0	0.0000000E+0	1.0000000E+2	0.0000000E+0
2.6879100E+2	6.6751811E+1	6.0755785E+1	0.0000000E+0	0.0000000E+0	1.0000000E+2	0.0000000E+0
2.6884100E+2	6.6761370E+1	6.0741363E+1	0.0000000E+0	0.0000000E+0	1.0000000E+2	0.0000000E+0
2.6889100E+2	6.6764744E+1	6.0735992E+1	0.0000000E+0	0.0000000E+0	1.0000000E+2	0.0000000E+0
2.6894100E+2	6.6789616E+1	6.0751374E+1	0.0000000E+0	0.0000000E+0	1.0000000E+2	0.0000000E+0
2.6899200E+2	6.6806416E+1	6.0757316E+1	0.0000000E+0	0.0000000E+0	1.0000000E+2	0.0000000E+0
2.6904200E+2	6.6809082E+1	6.0756206E+1	0.0000000E+0	0.0000000E+0	1.0000000E+2	0.0000000E+0
2.6909200E+2	6.6823948E+1	6.0753648E+1	0.0000000E+0	0.0000000E+0	1.0000000E+2	0.0000000E+0
2.6914200E+2	6.6839766E+1	6.0763130E+1	0.0000000E+0	0.0000000E+0	1.0000000E+2	0.0000000E+0
2.6919200E+2	6.6843703E+1	6.0749065E+1	0.0000000E+0	0.0000000E+0	1.0000000E+2	0.0000000E+0
2.6924200E+2	6.6871678E+1	6.0749013E+1	0.0000000E+0	0.0000000E+0	1.0000000E+2	0.0000000E+0
2.6929300E+2	6.6882445E+1	6.0739711E+1	0.0000000E+0	0.0000000E+0	1.0000000E+2	0.0000000E+0
2.6934300E+2	6.6914398E+1	6.0745435E+1	0.0000000E+0	0.0000000E+0	1.0000000E+2	0.0000000E+0
2.6939300E+2	6.6931297E+1	6.0752569E+1	0.0000000E+0	0.0000000E+0	1.0000000E+2	0.0000000E+0
2.6944300E+2	6.6916461E+1	6.0752670E+1	0.0000000E+0	0.0000000E+0	1.0000000E+2	0.0000000E+0
2.6949300E+2	6.6907383E+1	6.0740365E+1	0.0000000E+0	0.0000000E+0	1.0000000E+2	0.0000000E+0
2.6954300E+2	6.6909495E+1	6.0755480E+1	0.0000000E+0	0.0000000E+0	1.0000000E+2	0.0000000E+0
2.6959300E+2	6.6911511E+1	6.0749028E+1	0.0000000E+0	0.0000000E+0	1.0000000E+2	0.0000000E+0
2.6964300E+2	6.6906387E+1	6.0756317E+1	0.0000000E+0	0.0000000E+0	1.0000000E+2	0.0000000E+0
2.6969300E+2	6.6923052E+1	6.0751733E+1	0.0000000E+0	0.0000000E+0	1.0000000E+2	0.0000000E+0
2.6974300E+2	6.6931540E+1	6.0755577E+1	0.0000000E+0	0.0000000E+0	1.0000000E+2	0.0000000E+0
2.6979400E+2	6.6913458E+1	6.0754734E+1	0.0000000E+0	0.0000000E+0	1.0000000E+2	0.0000000E+0
2.6984400E+2	6.6881631E+1	6.0761060E+1	0.0000000E+0	0.0000000E+0	1.0000000E+2	0.0000000E+0
2.6989400E+2	6.6875920E+1	6.0748836E+1	0.0000000E+0	0.0000000E+0	1.0000000E+2	0.0000000E+0
2.6994400E+2	6.6893575E+1	6.0773380E+1	0.0000000E+0	0.0000000E+0	1.0000000E+2	0.0000000E+0
2.6999400E+2	6.6896235E+1	6.0757480E+1	0.0000000E+0	0.0000000E+0	1.0000000E+2	0.0000000E+0
2.7004400E+2	6.6868612E+1	6.0754771E+1	0.0000000E+0	0.0000000E+0	1.0000000E+2	0.0000000E+0
2.7009400E+2	6.6879490E+1	6.0752891E+1	0.0000000E+0	0.0000000E+0	1.0000000E+2	0.0000000E+0
2.7014500E+2	6.6877448E+1	6.0744909E+1	0.0000000E+0	0.0000000E+0	1.0000000E+2	0.0000000E+0
2.7019600E+2	6.6882785E+1	6.0749214E+1	0.0000000E+0	0.0000000E+0	1.0000000E+2	0.0000000E+0
2.7024600E+2	6.6817357E+1	6.0744743E+1	0.0000000E+0	0.0000000E+0	1.0000000E+2	0.0000000E+0
2.7029600E+2	6.6804800E+1	6.0742387E+1	0.0000000E+0	0.0000000E+0	1.0000000E+2	0.0000000E+0
2.7034600E+2	6.6819251E+1	6.0739145E+1	0.0000000E+0	0.0000000E+0	1.0000000E+2	0.0000000E+0
2.7039600E+2	6.6827836E+1	6.0739760E+1	0.0000000E+0	0.0000000E+0	1.0000000E+2	0.0000000E+0
2.7044600E+2	6.6804249E+1	6.0746556E+1	0.0000000E+0	0.0000000E+0	1.0000000E+2	0.0000000E+0
2.7049600E+2	6.6798877E+1	6.0761857E+1	0.0000000E+0	0.0000000E+0	1.0000000E+2	0.0000000E+0
2.7054600E+2	6.6771870E+1	6.0741566E+1	0.0000000E+0	0.0000000E+0	1.0000000E+2	0.0000000E+0
2.7059600E+2	6.6790559E+1	6.0744159E+1	0.0000000E+0	0.0000000E+0	1.0000000E+2	0.0000000E+0
2.7064600E+2	6.6794472E+1	6.0745124E+1	0.0000000E+0	0.0000000E+0	1.0000000E+2	0.0000000E+0
2.7069600E+2	6.6810183E+1	6.0744323E+1	0.0000000E+0	0.0000000E+0	1.0000000E+2	0.0000000E+0
2.7074600E+2	6.6830175E+1	6.0740029E+1	0.0000000E+0	0.0000000E+0	1.0000000E+2	0.0000000E+0
2.7079600E+2	6.6859144E+1	6.0749257E+1	0.0000000E+0	0.0000000E+0	1.0000000E+2	0.0000000E+0
2.7084600E+2	6.6871792E+1	6.0753885E+1	0.0000000E+0	0.0000000E+0	1.0000000E+2	0.0000000E+0
2.7089600E+2	6.6869319E+1	6.0748935E+1	0.0000000E+0	0.0000000E+0	1.0000000E+2	0.0000000E+0
2.7094600E+2	6.6856217E+1	6.0727499E+1	0.0000000E+0	0.0000000E+0	1.0000000E+2	0.0000000E+0
2.7099600E+2	6.6848178E+1	6.0745173E+1	0.0000000E+0	0.0000000E+0	1.0000000E+2	0.0000000E+0
2.7104600E+2	6.6839661E+1	6.0739677E+1	0.0000000E+0	0.0000000E+0	1.0000000E+2	0.0000000E+0
2.7109600E+2	6.6849012E+1	6.0746164E+1	0.0000000E+0	0.0000000E+0	1.0000000E+2	0.0000000E+0
2.7114600E+2	6.6866904E+1	6.0748968E+1	0.0000000E+0	0.0000000E+0	1.0000000E+2	0.0000000E+0
2.7119700E+2	6.6869096E+1	6.0747537E+1	0.0000000E+0	0.0000000E+0	1.0000000E+2	0.0000000E+0
2.7124700E+2	6.6892660E+1	6.0748607E+1	0.0000000E+0	0.0000000E+0	1.0000000E+2	0.0000000E+0
2.7129800E+2	6.6874424E+1	6.0738631E+1	0.0000000E+0	0.0000000E+0	1.0000000E+2	0.0000000E+0
2.7134800E+2	6.6869936E+1	6.0750660E+1	0.0000000E+0	0.0000000E+0	1.0000000E+2	0.0000000E+0
2.7139800E+2	6.6856292E+1	6.0747369E+1	0.0000000E+0	0.0000000E+0	1.0000000E+2	0.0000000E+0
2.7144800E+2	6.6865465E+1	6.0760433E+1	0.0000000E+0	0.0000000E+0	1.0000000E+2	0.0000000E+0
2.7149800E+2	6.6878899E+1	6.0761683E+1	0.0000000E+0	0.0000000E+0	1.0000000E+2	0.0000000E+0
2.7154800E+2	6.6891862E+1	6.0768872E+1	0.0000000E+0	0.0000000E+0	1.0000000E+2	0.0000000E+0
2.7159800E+2	6.6912031E+1	6.0779873E+1	0.0000000E+0	0.0000000E+0	1.0000000E+2	0.0000000E+0
2.7164800E+2	6.6919689E+1	6.0774463E+1	0.0000000E+0	0.0000000E+0	1.0000000E+2	0.0000000E+0
2.7169900E+2	6.6922194E+1	6.0764876E+1	0.0000000E+0	0.0000000E+0	1.0000000E+2	0.0000000E+0
2.7174900E+2	6.6896678E+1	6.0740206E+1	0.0000000E+0	0.0000000E+0	1.0000000E+2	0.0000000E+0
2.7179900E+2	6.6893626E+1	6.0739655E+1	0.0000000E+0	0.0000000E+0	1.0000000E+2	0.0000000E+0
2.7185000E+2	6.6889744E+1	6.0730180E+1	0.0000000E+0	0.0000000E+0	1.0000000E+2	0.0000000E+0
2.7190000E+2	6.6867095E+1	6.0750336E+1	0.0000000E+0	0.0000000E+0	1.0000000E+2	0.0000000E+0
2.7195000E+2	6.6877437E+1	6.0747474E+1	0.0000000E+0	0.0000000E+0	1.0000000E+2	0.0000000E+0
2.7200000E+2	6.6887661E+1	6.0734691E+1	0.0000000E+0	0.0000000E+0	1.0000000E+2	0.0000000E+0
2.7205000E+2	6.6864884E+1	6.0729720E+1	0.0000000E+0	0.0000000E+0	1.0000000E+2	0.0000000E+0
2.7210000E+2	6.6857211E+1	6.0751047E+1	0.0000000E+0	0.0000000E+0	1.0000000E+2	0.0000000E+0
2.7215000E+2	6.6780812E+1	6.0736981E+1	0.0000000E+0	0.0000000E+0	1.0000000E+2	0.0000000E+0
2.7220000E+2	6.6750471E+1	6.0736054E+1	0.0000000E+0	0.0000000E+0	1.0000000E+2	0.0000000E+0
2.7225000E+2	6.6759881E+1	6.0745135E+1	0.0000000E+0	0.0000000E+0	1.0000000E+2	0.0000000E+0
2.7230000E+2	6.6740486E+1	6.0727104E+1	0.0000000E+0	0.0000000E+0	1.0000000E+2	0.0000000E+0
2.7235000E+2	6.6751921E+1	6.0758372E+1	0.0000000E+0	0.0000000E+0	1.0000000E+2	0.0000000E+0
2.7240000E+2	6.6760826E+1	6.0749972E+1	0.0000000E+0	0.0000000E+0	1.0000000E+2	0.0000000E+0
2.7245000E+2	6.6748403E+1	6.0747559E+1	0.0000000E+0	0.0000000E+0	1.0000000E+2	0.0000000E+0
2.7250000E+2	6.6734062E+1	6.0738391E+1	0.0000000E+0	0.0000000E+0	1.0000000E+2	0.0000000E+0
2.7255000E+2	6.6736805E+1	6.0731330E+1	0.0000000E+0	0.0000000E+0	1.0000000E+2	0.0000000E+0
2.7260000E+2	6.6762989E+1	6.0755034E+1	0.0000000E+0	0.0000000E+0	1.0000000E+2	0.0000000E+0
2.7265000E+2	6.6749107E+1	6.0750493E+1	0.0000000E+0	0.0000000E+0	1.0000000E+2	0.0000000E+0
2.7270000E+2	6.6756750E+1	6.0758350E+1	0.0000000E+0	0.0000000E+0	1.0000000E+2	0.0000000E+0
2.7275000E+2	6.6749209E+1	6.0751020E+1	0.0000000E+0	0.0000000E+0	1.0000000E+2	0.0000000E+0
2.7280100E+2	6.6736612E+1	6.0751340E+1	0.0000000E+0	0.0000000E+0	1.0000000E+2	0.0000000E+0
2.7285100E+2	6.6713085E+1	6.0741590E+1	0.0000000E+0	0.0000000E+0	1.0000000E+2	0.0000000E+0
2.7290200E+2	6.6708318E+1	6.0753169E+1	0.0000000E+0	0.0000000E+0	1.0000000E+2	0.0000000E+0
2.7295200E+2	6.6710163E+1	6.0737639E+1	0.0000000E+0	0.0000000E+0	1.0000000E+2	0.0000000E+0
2.7300200E+2	6.6726802E+1	6.0764325E+1	0.0000000E+0	0.0000000E+0	1.0000000E+2	0.0000000E+0
2.7305300E+2	6.6724026E+1	6.0752136E+1	0.0000000E+0	0.0000000E+0	1.0000000E+2	0.0000000E+0
2.7310400E+2	6.6721716E+1	6.0760436E+1	0.0000000E+0	0.0000000E+0	1.0000000E+2	0.0000000E+0
2.7315400E+2	6.6709877E+1	6.0764847E+1	0.0000000E+0	0.0000000E+0	1.0000000E+2	0.0000000E+0
2.7320400E+2	6.6678397E+1	6.0736666E+1	0.0000000E+0	0.0000000E+0	1.0000000E+2	0.0000000E+0
2.7325400E+2	6.6665730E+1	6.0728881E+1	0.0000000E+0	0.0000000E+0	1.0000000E+2	0.0000000E+0
2.7330500E+2	6.6687922E+1	6.0730071E+1	0.0000000E+0	0.0000000E+0	1.0000000E+2	0.0000000E+0
2.7335500E+2	6.6723842E+1	6.0751068E+1	0.0000000E+0	0.0000000E+0	1.0000000E+2	0.0000000E+0
2.7340500E+2	6.6727672E+1	6.0755573E+1	0.0000000E+0	0.0000000E+0	1.0000000E+2	0.0000000E+0
2.7345500E+2	6.6734444E+1	6.0756280E+1	0.0000000E+0	0.0000000E+0	1.0000000E+2	0.0000000E+0
2.7350500E+2	6.6762676E+1	6.0758046E+1	0.0000000E+0	0.0000000E+0	1.0000000E+2	0.0000000E+0
2.7355500E+2	6.6789512E+1	6.0766941E+1	0.0000000E+0	0.0000000E+0	1.0000000E+2	0.0000000E+0
2.7360500E+2	6.6771152E+1	6.0766416E+1	0.0000000E+0	0.0000000E+0	1.0000000E+2	0.0000000E+0
2.7365600E+2	6.6749913E+1	6.0745717E+1	0.0000000E+0	0.0000000E+0	1.0000000E+2	0.0000000E+0
2.7370700E+2	6.6784918E+1	6.0773518E+1	0.0000000E+0	0.0000000E+0	1.0000000E+2	0.0000000E+0
2.7375700E+2	6.6832643E+1	6.0783780E+1	0.0000000E+0	0.0000000E+0	1.0000000E+2	0.0000000E+0
2.7380800E+2	6.6834842E+1	6.0779554E+1	0.0000000E+0	0.0000000E+0	1.0000000E+2	0.0000000E+0
2.7385800E+2	6.6819731E+1	6.0776049E+1	0.0000000E+0	0.0000000E+0	1.0000000E+2	0.0000000E+0
2.7390800E+2	6.6782706E+1	6.0760286E+1	0.0000000E+0	0.0000000E+0	1.0000000E+2	0.0000000E+0
2.7395800E+2	6.6798933E+1	6.0762449E+1	0.0000000E+0	0.0000000E+0	1.0000000E+2	0.0000000E+0
2.7400800E+2	6.6819119E+1	6.0759159E+1	0.0000000E+0	0.0000000E+0	1.0000000E+2	0.0000000E+0
2.7405800E+2	6.6846973E+1	6.0763611E+1	0.0000000E+0	0.0000000E+0	1.0000000E+2	0.0000000E+0
2.7410800E+2	6.6881861E+1	6.0768117E+1	0.0000000E+0	0.0000000E+0	1.0000000E+2	0.0000000E+0
2.7415800E+2	6.6897199E+1	6.0754850E+1	0.0000000E+0	0.0000000E+0	1.0000000E+2	0.0000000E+0
2.7420800E+2	6.6918103E+1	6.0748181E+1	0.0000000E+0	0.0000000E+0	1.0000000E+2	0.0000000E+0
2.7425800E+2	6.6950979E+1	6.0765031E+1	0.0000000E+0	0.0000000E+0	1.0000000E+2	0.0000000E+0
2.7430800E+2	6.6947848E+1	6.0745267E+1	0.0000000E+0	0.0000000E+0	1.0000000E+2	0.0000000E+0
2.7435800E+2	6.6974325E+1	6.0752454E+1	0.0000000E+0	0.0000000E+0	1.0000000E+2	0.0000000E+0
2.7440800E+2	6.6998832E+1	6.0764771E+1	0.0000000E+0	0.0000000E+0	1.0000000E+2	0.0000000E+0
2.7445900E+2	6.7013734E+1	6.0762686E+1	0.0000000E+0	0.0000000E+0	1.0000000E+2	0.0000000E+0
2.7450900E+2	6.7019352E+1	6.0761857E+1	0.0000000E+0	0.0000000E+0	1.0000000E+2	0.0000000E+0
2.7455900E+2	6.7015151E+1	6.0765997E+1	0.0000000E+0	0.0000000E+0	1.0000000E+2	0.0000000E+0
2.7460900E+2	6.6986931E+1	6.0755322E+1	0.0000000E+0	0.0000000E+0	1.0000000E+2	0.0000000E+0
2.7465900E+2	6.6940988E+1	6.0769480E+1	0.0000000E+0	0.0000000E+0	1.0000000E+2	0.0000000E+0
2.7470900E+2	6.6908925E+1	6.0760007E+1	0.0000000E+0	0.0000000E+0	1.0000000E+2	0.0000000E+0
2.7475900E+2	6.6870950E+1	6.0759646E+1	0.0000000E+0	0.0000000E+0	1.0000000E+2	0.0000000E+0
2.7480900E+2	6.6874331E+1	6.0769235E+1	0.0000000E+0	0.0000000E+0	1.0000000E+2	0.0000000E+0
2.7485900E+2	6.6883413E+1	6.0774082E+1	0.0000000E+0	0.0000000E+0	1.0000000E+2	0.0000000E+0
2.7490900E+2	6.6901339E+1	6.0799467E+1	0.0000000E+0	0.0000000E+0	1.0000000E+2	0.0000000E+0
2.7495900E+2	6.6866138E+1	6.0800923E+1	0.0000000E+0	0.0000000E+0	1.0000000E+2	0.0000000E+0
2.7500900E+2	6.6854604E+1	6.0775251E+1	0.0000000E+0	0.0000000E+0	1.0000000E+2	0.0000000E+0
2.7506000E+2	6.6861428E+1	6.0789723E+1	0.0000000E+0	0.0000000E+0	1.0000000E+2	0.0000000E+0
2.7511000E+2	6.6847170E+1	6.0792702E+1	0.0000000E+0	0.0000000E+0	1.0000000E+2	0.0000000E+0
2.7516100E+2	6.6820688E+1	6.0786273E+1	0.0000000E+0	0.0000000E+0	1.0000000E+2	0.0000000E+0
2.7521100E+2	6.6809153E+1	6.0775603E+1	0.0000000E+0	0.0000000E+0	1.0000000E+2	0.0000000E+0
2.7526200E+2	6.6824218E+1	6.0794607E+1	0.0000000E+0	0.0000000E+0	1.0000000E+2	0.0000000E+0
2.7531200E+2	6.6834801E+1	6.0792322E+1	0.0000000E+0	0.0000000E+0	1.0000000E+2	0.0000000E+0
2.7536200E+2	6.6800500E+1	6.0776445E+1	0.0000000E+0	0.0000000E+0	1.0000000E+2	0.0000000E+0
2.7541200E+2	6.6782295E+1	6.0773519E+1	0.0000000E+0	0.0000000E+0	1.0000000E+2	0.0000000E+0
2.7546300E+2	6.6775710E+1	6.0761422E+1	0.0000000E+0	0.0000000E+0	1.0000000E+2	0.0000000E+0
2.7551300E+2	6.6795789E+1	6.0767431E+1	0.0000000E+0	0.0000000E+0	1.0000000E+2	0.0000000E+0
2.7556400E+2	6.6813250E+1	6.0785782E+1	0.0000000E+0	0.0000000E+0	1.0000000E+2	0.0000000E+0
2.7561400E+2	6.6815484E+1	6.0780432E+1	0.0000000E+0	0.0000000E+0	1.0000000E+2	0.0000000E+0
2.7566400E+2	6.6805105E+1	6.0781686E+1	0.0000000E+0	0.0000000E+0	1.0000000E+2	0.0000000E+0
2.7571400E+2	6.6825464E+1	6.0785889E+1	0.0000000E+0	0.0000000E+0	1.0000000E+2	0.0000000E+0
2.7576400E+2	6.6838297E+1	6.0784687E+1	0.0000000E+0	0.0000000E+0	1.0000000E+2	0.0000000E+0
2.7581400E+2	6.6820411E+1	6.0774208E+1	0.0000000E+0	0.0000000E+0	1.0000000E+2	0.0000000E+0
2.7586500E+2	6.6846274E+1	6.0780384E+1	0.0000000E+0	0.0000000E+0	1.0000000E+2	0.0000000E+0
2.7591500E+2	6.6857503E+1	6.0775480E+1	0.0000000E+0	0.0000000E+0	1.0000000E+2	0.0000000E+0
2.7596500E+2	6.6864851E+1	6.0777675E+1	0.0000000E+0	0.0000000E+0	1.0000000E+2	0.0000000E+0
2.7601500E+2	6.6844904E+1	6.0762583E+1	0.0000000E+0	0.0000000E+0	1.0000000E+2	0.0000000E+0
2.7606500E+2	6.6830684E+1	6.0764550E+1	0.0000000E+0	0.0000000E+0	1.0000000E+2	0.0000000E+0
2.7611600E+2	6.6828835E+1	6.0748899E+1	0.0000000E+0	0.0000000E+0	1.0000000E+2	0.0000000E+0
2.7616600E+2	6.6839552E+1	6.0755123E+1	0.0000000E+0	0.0000000E+0	1.0000000E+2	0.0000000E+0
2.7621600E+2	6.6865458E+1	6.0745072E+1	0.0000000E+0	0.0000000E+0	1.0000000E+2	0.0000000E+0
2.7626600E+2	6.6893551E+1	6.0761964E+1	0.0000000E+0	0.0000000E+0	1.0000000E+2	0.0000000E+0
2.7631600E+2	6.6899820E+1	6.0760636E+1	0.0000000E+0	0.0000000E+0	1.0000000E+2	0.0000000E+0
2.7636600E+2	6.6913605E+1	6.0754899E+1	0.0000000E+0	0.0000000E+0	1.0000000E+2	0.0000000E+0
2.7641600E+2	6.6945755E+1	6.0756166E+1	0.0000000E+0	0.0000000E+0	1.0000000E+2	0.0000000E+0
2.7646600E+2	6.6935238E+1	6.0761850E+1	0.0000000E+0	0.0000000E+0	1.0000000E+2	0.0000000E+0
2.7651600E+2	6.6927882E+1	6.0767352E+1	0.0000000E+0	0.0000000E+0	1.0000000E+2	0.0000000E+0
2.7656600E+2	6.6901471E+1	6.0755244E+1	0.0000000E+0	0.0000000E+0	1.0000000E+2	0.0000000E+0
2.7661600E+2	6.6919912E+1	6.0773142E+1	0.0000000E+0	0.0000000E+0	1.0000000E+2	0.0000000E+0
2.7666600E+2	6.6925552E+1	6.0768147E+1	0.0000000E+0	0.0000000E+0	1.0000000E+2	0.0000000E+0
2.7671600E+2	6.6930828E+1	6.0769771E+1	0.0000000E+0	0.0000000E+0	1.0000000E+2	0.0000000E+0
2.7676600E+2	6.6895802E+1	6.0774673E+1	0.0000000E+0	0.0000000E+0	1.0000000E+2	0.0000000E+0
2.7681600E+2	6.6898574E+1	6.0772217E+1	0.0000000E+0	0.0000000E+0	1.0000000E+2	0.0000000E+0
2.7686600E+2	6.6888908E+1	6.0760519E+1	0.0000000E+0	0.0000000E+0	1.0000000E+2	0.0000000E+0
2.7691700E+2	6.6899957E+1	6.0779805E+1	0.0000000E+0	0.0000000E+0	1.0000000E+2	0.0000000E+0
2.7696800E+2	6.6912672E+1	6.0776739E+1	0.0000000E+0	0.0000000E+0	1.0000000E+2	0.0000000E+0
2.7702000E+2	6.6912189E+1	6.0776594E+1	0.0000000E+0	0.0000000E+0	1.0000000E+2	0.0000000E+0
2.7707000E+2	6.6907524E+1	6.0785333E+1	0.0000000E+0	0.0000000E+0	1.0000000E+2	0.0000000E+0
2.7712000E+2	6.6897808E+1	6.0777553E+1	0.0000000E+0	0.0000000E+0	1.0000000E+2	0.0000000E+0
2.7717000E+2	6.6910525E+1	6.0765216E+1	0.0000000E+0	0.0000000E+0	1.0000000E+2	0.0000000E+0
2.7722000E+2	6.6938894E+1	6.0786263E+1	0.0000000E+0	0.0000000E+0	1.0000000E+2	0.0000000E+0
2.7727000E+2	6.6899087E+1	6.0769656E+1	0.0000000E+0	0.0000000E+0	1.0000000E+2	0.0000000E+0
2.7732000E+2	6.6901693E+1	6.0762658E+1	0.0000000E+0	0.0000000E+0	1.0000000E+2	0.0000000E+0
2.7737000E+2	6.6920665E+1	6.0775422E+1	0.0000000E+0	0.0000000E+0	1.0000000E+2	0.0000000E+0
2.7742000E+2	6.6917783E+1	6.0783188E+1	0.0000000E+0	0.0000000E+0	1.0000000E+2	0.0000000E+0
2.7747000E+2	6.6922631E+1	6.0771866E+1	0.0000000E+0	0.0000000E+0	1.0000000E+2	0.0000000E+0
2.7752000E+2	6.6929265E+1	6.0772852E+1	0.0000000E+0	0.0000000E+0	1.0000000E+2	0.0000000E+0
2.7757000E+2	6.6882911E+1	6.0742135E+1	0.0000000E+0	0.0000000E+0	1.0000000E+2	0.0000000E+0
2.7762000E+2	6.6905119E+1	6.0753050E+1	0.0000000E+0	0.0000000E+0	1.0000000E+2	0.0000000E+0
2.7767000E+2	6.6957189E+1	6.0793592E+1	0.0000000E+0	0.0000000E+0	1.0000000E+2	0.0000000E+0
2.7772000E+2	6.6943533E+1	6.0780794E+1	0.0000000E+0	0.0000000E+0	1.0000000E+2	0.0000000E+0
2.7777000E+2	6.6923833E+1	6.0772841E+1	0.0000000E+0	0.0000000E+0	1.0000000E+2	0.0000000E+0
2.7782000E+2	6.6917229E+1	6.0794492E+1	0.0000000E+0	0.0000000E+0	1.0000000E+2	0.0000000E+0
2.7787000E+2	6.6938724E+1	6.0797875E+1	0.0000000E+0	0.0000000E+0	1.0000000E+2	0.0000000E+0
2.7792000E+2	6.6944389E+1	6.0795713E+1	0.0000000E+0	0.0000000E+0	1.0000000E+2	0.0000000E+0
2.7797000E+2	6.6909434E+1	6.0785494E+1	0.0000000E+0	0.0000000E+0	1.0000000E+2	0.0000000E+0
2.7802000E+2	6.6897791E+1	6.0786470E+1	0.0000000E+0	0.0000000E+0	1.0000000E+2	0.0000000E+0
2.7807100E+2	6.6878496E+1	6.0777194E+1	0.0000000E+0	0.0000000E+0	1.0000000E+2	0.0000000E+0
2.7812100E+2	6.6860804E+1	6.0778833E+1	0.0000000E+0	0.0000000E+0	1.0000000E+2	0.0000000E+0
2.7817200E+2	6.6866543E+1	6.0775370E+1	0.0000000E+0	0.0000000E+0	1.0000000E+2	0.0000000E+0
2.7822200E+2	6.6862387E+1	6.0774548E+1	0.0000000E+0	0.0000000E+0	1.0000000E+2	0.0000000E+0
2.7827200E+2	6.6854901E+1	6.0786788E+1	0.0000000E+0	0.0000000E+0	1.0000000E+2	0.0000000E+0
2.7832200E+2	6.6828981E+1	6.0788242E+1	0.0000000E+0	0.0000000E+0	1.0000000E+2	0.0000000E+0
2.7837200E+2	6.6798040E+1	6.0765779E+1	0.0000000E+0	0.0000000E+0	1.0000000E+2	0.0000000E+0
2.7842200E+2	6.6774301E+1	6.0769559E+1	0.0000000E+0	0.0000000E+0	1.0000000E+2	0.0000000E+0
2.7847200E+2	6.6752102E+1	6.0753905E+1	0.0000000E+0	0.0000000E+0	1.0000000E+2	0.0000000E+0
2.7852300E+2	6.6770960E+1	6.0771706E+1	0.0000000E+0	0.0000000E+0	1.0000000E+2	0.0000000E+0
2.7857300E+2	6.6759004E+1	6.0778815E+1	0.0000000E+0	0.0000000E+0	1.0000000E+2	0.0000000E+0
2.7862400E+2	6.6739554E+1	6.0779127E+1	0.0000000E+0	0.0000000E+0	1.0000000E+2	0.0000000E+0
2.7867500E+2	6.6714572E+1	6.0771718E+1	0.0000000E+0	0.0000000E+0	1.0000000E+2	0.0000000E+0
2.7872600E+2	6.6726011E+1	6.0769258E+1	0.0000000E+0	0.0000000E+0	1.0000000E+2	0.0000000E+0
2.7877700E+2	6.6724813E+1	6.0768645E+1	0.0000000E+0	0.0000000E+0	1.0000000E+2	0.0000000E+0
2.7882800E+2	6.6693647E+1	6.0750380E+1	0.0000000E+0	0.0000000E+0	1.0000000E+2	0.0000000E+0
2.7887800E+2	6.6685433E+1	6.0775706E+1	0.0000000E+0	0.0000000E+0	1.0000000E+2	0.0000000E+0
2.7892800E+2	6.6682000E+1	6.0767240E+1	0.0000000E+0	0.0000000E+0	1.0000000E+2	0.0000000E+0
2.7897800E+2	6.6705728E+1	6.0779362E+1	0.0000000E+0	0.0000000E+0	1.0000000E+2	0.0000000E+0
2.7902800E+2	6.6711729E+1	6.0771055E+1	0.0000000E+0	0.0000000E+0	1.0000000E+2	0.0000000E+0
2.7907800E+2	6.6708902E+1	6.0775658E+1	0.0000000E+0	0.0000000E+0	1.0000000E+2	0.0000000E+0
2.7912800E+2	6.6709737E+1	6.0774272E+1	0.0000000E+0	0.0000000E+0	1.0000000E+2	0.0000000E+0
2.7917800E+2	6.6714423E+1	6.0775788E+1	0.0000000E+0	0.0000000E+0	1.0000000E+2	0.0000000E+0
2.7922800E+2	6.6724562E+1	6.0772591E+1	0.0000000E+0	0.0000000E+0	1.0000000E+2	0.0000000E+0
2.7927800E+2	6.6745943E+1	6.0773968E+1	0.0000000E+0	0.0000000E+0	1.0000000E+2	0.0000000E+0
2.7932800E+2	6.6765953E+1	6.0770197E+1	0.0000000E+0	0.0000000E+0	1.0000000E+2	0.0000000E+0
2.7937800E+2	6.6802325E+1	6.0781536E+1	0.0000000E+0	0.0000000E+0	1.0000000E+2	0.0000000E+0
2.7942800E+2	6.6816088E+1	6.0772646E+1	0.0000000E+0	0.0000000E+0	1.0000000E+2	0.0000000E+0
2.7947800E+2	6.6828046E+1	6.0767507E+1	0.0000000E+0	0.0000000E+0	1.0000000E+2	0.0000000E+0
2.7952800E+2	6.6848061E+1	6.0765659E+1	0.0000000E+0	0.0000000E+0	1.0000000E+2	0.0000000E+0
2.7957900E+2	6.6896126E+1	6.0776894E+1	0.0000000E+0	0.0000000E+0	1.0000000E+2	0.0000000E+0
2.7963000E+2	6.6916430E+1	6.0763984E+1	0.0000000E+0	0.0000000E+0	1.0000000E+2	0.0000000E+0
2.7968100E+2	6.6941926E+1	6.0776336E+1	0.0000000E+0	0.0000000E+0	1.0000000E+2	0.0000000E+0
2.7973100E+2	6.6933422E+1	6.0775955E+1	0.0000000E+0	0.0000000E+0	1.0000000E+2	0.0000000E+0
2.7978200E+2	6.6928519E+1	6.0780995E+1	0.0000000E+0	0.0000000E+0	1.0000000E+2	0.0000000E+0
2.7983300E+2	6.6960722E+1	6.0790769E+1	0.0000000E+0	0.0000000E+0	1.0000000E+2	0.0000000E+0
2.7988400E+2	6.6998398E+1	6.0796491E+1	0.0000000E+0	0.0000000E+0	1.0000000E+2	0.0000000E+0
2.7993400E+2	6.7003900E+1	6.0779183E+1	0.0000000E+0	0.0000000E+0	1.0000000E+2	0.0000000E+0
2.7998400E+2	6.7020984E+1	6.0793298E+1	0.0000000E+0	0.0000000E+0	1.0000000E+2	0.0000000E+0
2.8003500E+2	6.7050724E+1	6.0792116E+1	0.0000000E+0	0.0000000E+0	1.0000000E+2	0.0000000E+0
2.8008500E+2	6.7056605E+1	6.0792615E+1	0.0000000E+0	0.0000000E+0	1.0000000E+2	0.0000000E+0
2.8013500E+2	6.7089292E+1	6.0787592E+1	0.0000000E+0	0.0000000E+0	1.0000000E+2	0.0000000E+0
2.8018500E+2	6.7101294E+1	6.0797319E+1	0.0000000E+0	0.0000000E+0	1.0000000E+2	0.0000000E+0
2.8023600E+2	6.7111223E+1	6.0797968E+1	0.0000000E+0	0.0000000E+0	1.0000000E+2	0.0000000E+0
2.8028600E+2	6.7124005E+1	6.0794041E+1	0.0000000E+0	0.0000000E+0	1.0000000E+2	0.0000000E+0
2.8033600E+2	6.7164289E+1	6.0797625E+1	0.0000000E+0	0.0000000E+0	1.0000000E+2	0.0000000E+0
