Time [s]	Channel 1	Channel 2	Channel 3	Channel 4	Solar 1\t	Solar 2
1.7500000E-1	1.1455351E-3	3.1727157E-2	0.0000000E+0	0.0000000E+0	1.0000000E+2	0.0000000E+0
2.2600000E-1	1.0473837E+1	1.0581178E+1	0.0000000E+0	0.0000000E+0	1.0000000E+2	0.0000000E+0
2.7600000E-1	1.0489097E+1	1.0593753E+1	0.0000000E+0	0.0000000E+0	1.0000000E+2	0.0000000E+0
3.2600000E-1	1.0479750E+1	1.0619264E+1	0.0000000E+0	0.0000000E+0	1.0000000E+2	0.0000000E+0
3.7600000E-1	1.0475867E+1	1.0639282E+1	0.0000000E+0	0.0000000E+0	1.0000000E+2	0.0000000E+0
4.2600000E-1	1.0471283E+1	1.0644130E+1	0.0000000E+0	0.0000000E+0	1.0000000E+2	0.0000000E+0
4.7600000E-1	1.0501838E+1	1.0671754E+1	0.0000000E+0	0.0000000E+0	1.0000000E+2	0.0000000E+0
5.2600000E-1	1.1095329E+1	1.1231850E+1	0.0000000E+0	0.0000000E+0	1.0000000E+2	0.0000000E+0
5.7600000E-1	1.1964841E+1	1.1890595E+1	0.0000000E+0	0.0000000E+0	1.0000000E+2	0.0000000E+0
6.2600000E-1	1.2397545E+1	1.2230898E+1	0.0000000E+0	0.0000000E+0	1.0000000E+2	0.0000000E+0
6.7600000E-1	1.1597395E+1	1.1521848E+1	0.0000000E+0	0.0000000E+0	1.0000000E+2	0.0000000E+0
7.2600000E-1	1.1598031E+1	1.1473623E+1	0.0000000E+0	0.0000000E+0	1.0000000E+2	0.0000000E+0
7.7600000E-1	1.1674035E+1	1.1487800E+1	0.0000000E+0	0.0000000E+0	1.0000000E+2	0.0000000E+0
8.2600000E-1	1.1664674E+1	1.1476176E+1	0.0000000E+0	0.0000000E+0	1.0000000E+2	0.0000000E+0
8.7700000E-1	1.1609268E+1	1.1451951E+1	0.0000000E+0	0.0000000E+0	1.0000000E+2	0.0000000E+0
9.2700000E-1	1.1644716E+1	1.1437227E+1	0.0000000E+0	0.0000000E+0	1.0000000E+2	0.0000000E+0
9.7800000E-1	1.1690186E+1	1.1443556E+1	0.0000000E+0	0.0000000E+0	1.0000000E+2	0.0000000E+0
1.0280000E+0	1.1668493E+1	1.1450724E+1	0.0000000E+0	0.0000000E+0	1.0000000E+2	0.0000000E+0
1.0780000E+0	1.1667695E+1	1.1408185E+1	0.0000000E+0	0.0000000E+0	1.0000000E+2	0.0000000E+0
1.1290000E+0	1.1721868E+1	1.1440384E+1	0.0000000E+0	0.0000000E+0	1.0000000E+2	0.0000000E+0
1.1800000E+0	1.1724152E+1	1.1457997E+1	0.0000000E+0	0.0000000E+0	1.0000000E+2	0.0000000E+0
1.2300000E+0	1.1671808E+1	1.1434532E+1	0.0000000E+0	0.0000000E+0	1.0000000E+2	0.0000000E+0
1.2810000E+0	1.1700861E+1	1.1426040E+1	0.0000000E+0	0.0000000E+0	1.0000000E+2	0.0000000E+0
1.3320000E+0	1.1758448E+1	1.1437281E+1	0.0000000E+0	0.0000000E+0	1.0000000E+2	0.0000000E+0
1.3820000E+0	1.1745195E+1	1.1446565E+1	0.0000000E+0	0.0000000E+0	1.0000000E+2	0.0000000E+0
1.4320000E+0	1.1706025E+1	1.1422128E+1	0.0000000E+0	0.0000000E+0	1.0000000E+2	0.0000000E+0
1.4820000E+0	1.1772270E+1	1.1414890E+1	0.0000000E+0	0.0000000E+0	1.0000000E+2	0.0000000E+0
1.5320000E+0	1.1817837E+1	1.1437272E+1	0.0000000E+0	0.0000000E+0	1.0000000E+2	0.0000000E+0
1.5830000E+0	1.1781213E+1	1.1422103E+1	0.0000000E+0	0.0000000E+0	1.0000000E+2	0.0000000E+0
1.6340000E+0	1.1774543E+1	1.1408465E+1	0.0000000E+0	0.0000000E+0	1.0000000E+2	0.0000000E+0
1.6840000E+0	1.1850001E+1	1.1421739E+1	0.0000000E+0	0.0000000E+0	1.0000000E+2	0.0000000E+0
1.7340000E+0	1.1844684E+1	1.1432477E+1	0.0000000E+0	0.0000000E+0	1.0000000E+2	0.0000000E+0
1.7840000E+0	1.1844956E+1	1.1412037E+1	0.0000000E+0	0.0000000E+0	1.0000000E+2	0.0000000E+0
1.8350000E+0	1.1874512E+1	1.1418435E+1	0.0000000E+0	0.0000000E+0	1.0000000E+2	0.0000000E+0
1.8850000E+0	1.1911635E+1	1.1436707E+1	0.0000000E+0	0.0000000E+0	1.0000000E+2	0.0000000E+0
1.9350000E+0	1.1893156E+1	1.1416858E+1	0.0000000E+0	0.0000000E+0	1.0000000E+2	0.0000000E+0
1.9850000E+0	1.1973588E+1	1.1491085E+1	0.0000000E+0	0.0000000E+0	1.0000000E+2	0.0000000E+0
2.0360000E+0	1.2662078E+1	1.2170917E+1	0.0000000E+0	0.0000000E+0	1.0000000E+2	0.0000000E+0
2.0860000E+0	1.3801361E+1	1.3310723E+1	0.0000000E+0	0.0000000E+0	1.0000000E+2	0.0000000E+0
2.1360000E+0	1.5039790E+1	1.4532437E+1	0.0000000E+0	0.0000000E+0	1.0000000E+2	0.0000000E+0
2.1860000E+0	1.6339416E+1	1.5795259E+1	0.0000000E+0	0.0000000E+0	1.0000000E+2	0.0000000E+0
2.2370000E+0	1.7621058E+1	1.7062250E+1	0.0000000E+0	0.0000000E+0	1.0000000E+2	0.0000000E+0
2.2870000E+0	1.8975003E+1	1.8435231E+1	0.0000000E+0	0.0000000E+0	1.0000000E+2	0.0000000E+0
2.3380000E+0	2.0426597E+1	1.9877222E+1	0.0000000E+0	0.0000000E+0	1.0000000E+2	0.0000000E+0
2.3880000E+0	2.1937933E+1	2.1367269E+1	0.0000000E+0	0.0000000E+0	1.0000000E+2	0.0000000E+0
2.4380000E+0	2.3322098E+1	2.2743033E+1	0.0000000E+0	0.0000000E+0	1.0000000E+2	0.0000000E+0
2.4890000E+0	2.4161304E+1	2.3565543E+1	0.0000000E+0	0.0000000E+0	1.0000000E+2	0.0000000E+0
2.5400000E+0	2.4092726E+1	2.3496472E+1	0.0000000E+0	0.0000000E+0	1.0000000E+2	0.0000000E+0
2.5900000E+0	2.4092051E+1	2.3491832E+1	0.0000000E+0	0.0000000E+0	1.0000000E+2	0.0000000E+0
2.6400000E+0	2.4588882E+1	2.3999511E+1	0.0000000E+0	0.0000000E+0	1.0000000E+2	0.0000000E+0
2.6900000E+0	2.6050450E+1	2.5452390E+1	0.0000000E+0	0.0000000E+0	1.0000000E+2	0.0000000E+0
2.7400000E+0	2.8030903E+1	2.7459299E+1	0.0000000E+0	0.0000000E+0	1.0000000E+2	0.0000000E+0
2.7900000E+0	3.0136264E+1	2.9574824E+1	0.0000000E+0	0.0000000E+0	1.0000000E+2	0.0000000E+0
2.8400000E+0	3.2057682E+1	3.1475915E+1	0.0000000E+0	0.0000000E+0	1.0000000E+2	0.0000000E+0
2.8900000E+0	3.3298810E+1	3.2725851E+1	0.0000000E+0	0.0000000E+0	1.0000000E+2	0.0000000E+0
2.9410000E+0	3.3528682E+1	3.2977280E+1	0.0000000E+0	0.0000000E+0	1.0000000E+2	0.0000000E+0
2.9910000E+0	3.3611114E+1	3.3058525E+1	0.0000000E+0	0.0000000E+0	1.0000000E+2	0.0000000E+0
3.0410000E+0	3.3737295E+1	3.3166039E+1	0.0000000E+0	0.0000000E+0	1.0000000E+2	0.0000000E+0
3.0910000E+0	3.3792346E+1	3.3256030E+1	0.0000000E+0	0.0000000E+0	1.0000000E+2	0.0000000E+0
3.1410000E+0	3.3829339E+1	3.3309001E+1	0.0000000E+0	0.0000000E+0	1.0000000E+2	0.0000000E+0
3.1910000E+0	3.3873399E+1	3.3351951E+1	0.0000000E+0	0.0000000E+0	1.0000000E+2	0.0000000E+0
3.2410000E+0	3.3992681E+1	3.3449141E+1	0.0000000E+0	0.0000000E+0	1.0000000E+2	0.0000000E+0
3.2910000E+0	3.4302522E+1	3.3782402E+1	0.0000000E+0	0.0000000E+0	1.0000000E+2	0.0000000E+0
3.3410000E+0	3.5051688E+1	3.4534671E+1	0.0000000E+0	0.0000000E+0	1.0000000E+2	0.0000000E+0
3.3910000E+0	3.6291019E+1	3.5744714E+1	0.0000000E+0	0.0000000E+0	1.0000000E+2	0.0000000E+0
3.4410000E+0	3.7712543E+1	3.7148192E+1	0.0000000E+0	0.0000000E+0	1.0000000E+2	0.0000000E+0
3.4910000E+0	3.9116712E+1	3.8531599E+1	0.0000000E+0	0.0000000E+0	1.0000000E+2	0.0000000E+0
3.5410000E+0	4.0237413E+1	3.9630205E+1	0.0000000E+0	0.0000000E+0	1.0000000E+2	0.0000000E+0
3.5910000E+0	4.1008670E+1	4.0382398E+1	0.0000000E+0	0.0000000E+0	1.0000000E+2	0.0000000E+0
3.6410000E+0	4.1464146E+1	4.0820791E+1	0.0000000E+0	0.0000000E+0	1.0000000E+2	0.0000000E+0
3.6910000E+0	4.1802015E+1	4.1146993E+1	0.0000000E+0	0.0000000E+0	1.0000000E+2	0.0000000E+0
3.7410000E+0	4.2023548E+1	4.1374318E+1	0.0000000E+0	0.0000000E+0	1.0000000E+2	0.0000000E+0
3.7910000E+0	4.2200135E+1	4.1544575E+1	0.0000000E+0	0.0000000E+0	1.0000000E+2	0.0000000E+0
3.8410000E+0	4.2338742E+1	4.1659170E+1	0.0000000E+0	0.0000000E+0	1.0000000E+2	0.0000000E+0
3.8910000E+0	4.2525873E+1	4.1843333E+1	0.0000000E+0	0.0000000E+0	1.0000000E+2	0.0000000E+0
3.9410000E+0	4.2911171E+1	4.2201409E+1	0.0000000E+0	0.0000000E+0	1.0000000E+2	0.0000000E+0
3.9910000E+0	4.3602989E+1	4.2879481E+1	0.0000000E+0	0.0000000E+0	1.0000000E+2	0.0000000E+0
4.0420000E+0	4.4635194E+1	4.3896159E+1	0.0000000E+0	0.0000000E+0	1.0000000E+2	0.0000000E+0
4.0930000E+0	4.5859917E+1	4.5083456E+1	0.0000000E+0	0.0000000E+0	1.0000000E+2	0.0000000E+0
4.1430000E+0	4.7102787E+1	4.6331644E+1	0.0000000E+0	0.0000000E+0	1.0000000E+2	0.0000000E+0
4.1940000E+0	4.8287617E+1	4.7519665E+1	0.0000000E+0	0.0000000E+0	1.0000000E+2	0.0000000E+0
4.2440000E+0	4.9335373E+1	4.8572510E+1	0.0000000E+0	0.0000000E+0	1.0000000E+2	0.0000000E+0
4.2940000E+0	5.0180431E+1	4.9403801E+1	0.0000000E+0	0.0000000E+0	1.0000000E+2	0.0000000E+0
4.3440000E+0	5.0780489E+1	5.0005820E+1	0.0000000E+0	0.0000000E+0	1.0000000E+2	0.0000000E+0
4.3940000E+0	5.1159215E+1	5.0399330E+1	0.0000000E+0	0.0000000E+0	1.0000000E+2	0.0000000E+0
4.4440000E+0	5.1433405E+1	5.0682963E+1	0.0000000E+0	0.0000000E+0	1.0000000E+2	0.0000000E+0
4.4940000E+0	5.1654553E+1	5.0894659E+1	0.0000000E+0	0.0000000E+0	1.0000000E+2	0.0000000E+0
4.5440000E+0	5.1819837E+1	5.1056424E+1	0.0000000E+0	0.0000000E+0	1.0000000E+2	0.0000000E+0
4.5940000E+0	5.1927153E+1	5.1170402E+1	0.0000000E+0	0.0000000E+0	1.0000000E+2	0.0000000E+0
4.6440000E+0	5.2016619E+1	5.1266966E+1	0.0000000E+0	0.0000000E+0	1.0000000E+2	0.0000000E+0
4.6940000E+0	5.2078139E+1	5.1323564E+1	0.0000000E+0	0.0000000E+0	1.0000000E+2	0.0000000E+0
4.7440000E+0	5.2187889E+1	5.1439850E+1	0.0000000E+0	0.0000000E+0	1.0000000E+2	0.0000000E+0
4.7940000E+0	5.2425221E+1	5.1682208E+1	0.0000000E+0	0.0000000E+0	1.0000000E+2	0.0000000E+0
4.8440000E+0	5.2955932E+1	5.2217569E+1	0.0000000E+0	0.0000000E+0	1.0000000E+2	0.0000000E+0
4.8940000E+0	5.3923532E+1	5.3180398E+1	0.0000000E+0	0.0000000E+0	1.0000000E+2	0.0000000E+0
4.9440000E+0	5.5101037E+1	5.4359984E+1	0.0000000E+0	0.0000000E+0	1.0000000E+2	0.0000000E+0
4.9940000E+0	5.6344450E+1	5.5608564E+1	0.0000000E+0	0.0000000E+0	1.0000000E+2	0.0000000E+0
5.0440000E+0	5.7647468E+1	5.6914771E+1	0.0000000E+0	0.0000000E+0	1.0000000E+2	0.0000000E+0
5.0940000E+0	5.8946104E+1	5.8193057E+1	0.0000000E+0	0.0000000E+0	1.0000000E+2	0.0000000E+0
5.1440000E+0	6.0172508E+1	5.9438951E+1	0.0000000E+0	0.0000000E+0	1.0000000E+2	0.0000000E+0
5.1940000E+0	6.1330395E+1	6.0581435E+1	0.0000000E+0	0.0000000E+0	1.0000000E+2	0.0000000E+0
5.2440000E+0	6.2304026E+1	6.1547901E+1	0.0000000E+0	0.0000000E+0	1.0000000E+2	0.0000000E+0
5.2940000E+0	6.3088912E+1	6.2335322E+1	0.0000000E+0	0.0000000E+0	1.0000000E+2	0.0000000E+0
5.3440000E+0	6.3696432E+1	6.2926260E+1	0.0000000E+0	0.0000000E+0	1.0000000E+2	0.0000000E+0
5.3940000E+0	6.4168681E+1	6.3385205E+1	0.0000000E+0	0.0000000E+0	1.0000000E+2	0.0000000E+0
5.4440000E+0	6.4504344E+1	6.3691023E+1	0.0000000E+0	0.0000000E+0	1.0000000E+2	0.0000000E+0
5.4940000E+0	6.4724694E+1	6.3937955E+1	0.0000000E+0	0.0000000E+0	1.0000000E+2	0.0000000E+0
5.5440000E+0	6.4908456E+1	6.4106253E+1	0.0000000E+0	0.0000000E+0	1.0000000E+2	0.0000000E+0
5.5940000E+0	6.5052951E+1	6.4247040E+1	0.0000000E+0	0.0000000E+0	1.0000000E+2	0.0000000E+0
5.6440000E+0	6.5186233E+1	6.4372818E+1	0.0000000E+0	0.0000000E+0	1.0000000E+2	0.0000000E+0
5.6940000E+0	6.5270918E+1	6.4444594E+1	0.0000000E+0	0.0000000E+0	1.0000000E+2	0.0000000E+0
5.7440000E+0	6.5344049E+1	6.4524788E+1	0.0000000E+0	0.0000000E+0	1.0000000E+2	0.0000000E+0
5.7940000E+0	6.5415288E+1	6.4601449E+1	0.0000000E+0	0.0000000E+0	1.0000000E+2	0.0000000E+0
5.8440000E+0	6.5479631E+1	6.4653066E+1	0.0000000E+0	0.0000000E+0	1.0000000E+2	0.0000000E+0
5.8940000E+0	6.5530686E+1	6.4686476E+1	0.0000000E+0	0.0000000E+0	1.0000000E+2	0.0000000E+0
5.9440000E+0	6.5576044E+1	6.4738264E+1	0.0000000E+0	0.0000000E+0	1.0000000E+2	0.0000000E+0
5.9940000E+0	6.5609306E+1	6.4762601E+1	0.0000000E+0	0.0000000E+0	1.0000000E+2	0.0000000E+0
6.0440000E+0	6.5647349E+1	6.4799447E+1	0.0000000E+0	0.0000000E+0	1.0000000E+2	0.0000000E+0
6.0940000E+0	6.5692510E+1	6.4833659E+1	0.0000000E+0	0.0000000E+0	1.0000000E+2	0.0000000E+0
6.1440000E+0	6.5738924E+1	6.4867690E+1	0.0000000E+0	0.0000000E+0	1.0000000E+2	0.0000000E+0
6.1940000E+0	6.5741678E+1	6.4862133E+1	0.0000000E+0	0.0000000E+0	1.0000000E+2	0.0000000E+0
6.2440000E+0	6.5731498E+1	6.4825948E+1	0.0000000E+0	0.0000000E+0	1.0000000E+2	0.0000000E+0
6.2940000E+0	6.5708697E+1	6.4790838E+1	0.0000000E+0	0.0000000E+0	1.0000000E+2	0.0000000E+0
6.3440000E+0	6.5702540E+1	6.4776169E+1	0.0000000E+0	0.0000000E+0	1.0000000E+2	0.0000000E+0
6.3940000E+0	6.5680012E+1	6.4747441E+1	0.0000000E+0	0.0000000E+0	1.0000000E+2	0.0000000E+0
6.4440000E+0	6.5657619E+1	6.4730341E+1	0.0000000E+0	0.0000000E+0	1.0000000E+2	0.0000000E+0
6.4940000E+0	6.5640886E+1	6.4704429E+1	0.0000000E+0	0.0000000E+0	1.0000000E+2	0.0000000E+0
6.5440000E+0	6.5631302E+1	6.4689366E+1	0.0000000E+0	0.0000000E+0	1.0000000E+2	0.0000000E+0
6.5950000E+0	6.5602877E+1	6.4657237E+1	0.0000000E+0	0.0000000E+0	1.0000000E+2	0.0000000E+0
6.6450000E+0	6.5608078E+1	6.4645633E+1	0.0000000E+0	0.0000000E+0	1.0000000E+2	0.0000000E+0
6.6950000E+0	6.5607676E+1	6.4637497E+1	0.0000000E+0	0.0000000E+0	1.0000000E+2	0.0000000E+0
6.7450000E+0	6.5600127E+1	6.4620113E+1	0.0000000E+0	0.0000000E+0	1.0000000E+2	0.0000000E+0
6.7950000E+0	6.5591247E+1	6.4613901E+1	0.0000000E+0	0.0000000E+0	1.0000000E+2	0.0000000E+0
6.8450000E+0	6.5592231E+1	6.4607792E+1	0.0000000E+0	0.0000000E+0	1.0000000E+2	0.0000000E+0
6.8950000E+0	6.5597358E+1	6.4621933E+1	0.0000000E+0	0.0000000E+0	1.0000000E+2	0.0000000E+0
6.9450000E+0	6.5597608E+1	6.4586951E+1	0.0000000E+0	0.0000000E+0	1.0000000E+2	0.0000000E+0
6.9950000E+0	6.5609295E+1	6.4604449E+1	0.0000000E+0	0.0000000E+0	1.0000000E+2	0.0000000E+0
7.0450000E+0	6.5638822E+1	6.4595551E+1	0.0000000E+0	0.0000000E+0	1.0000000E+2	0.0000000E+0
7.0950000E+0	6.5646584E+1	6.4584359E+1	0.0000000E+0	0.0000000E+0	1.0000000E+2	0.0000000E+0
7.1450000E+0	6.5654574E+1	6.4584542E+1	0.0000000E+0	0.0000000E+0	1.0000000E+2	0.0000000E+0
7.1950000E+0	6.5661594E+1	6.4557491E+1	0.0000000E+0	0.0000000E+0	1.0000000E+2	0.0000000E+0
7.2450000E+0	6.5638535E+1	6.4542631E+1	0.0000000E+0	0.0000000E+0	1.0000000E+2	0.0000000E+0
7.2950000E+0	6.5541699E+1	6.4450833E+1	0.0000000E+0	0.0000000E+0	1.0000000E+2	0.0000000E+0
7.3450000E+0	6.5335683E+1	6.4232996E+1	0.0000000E+0	0.0000000E+0	1.0000000E+2	0.0000000E+0
7.3950000E+0	6.5093970E+1	6.3988633E+1	0.0000000E+0	0.0000000E+0	1.0000000E+2	0.0000000E+0
7.4450000E+0	6.4804043E+1	6.3691419E+1	0.0000000E+0	0.0000000E+0	1.0000000E+2	0.0000000E+0
7.4950000E+0	6.4470800E+1	6.3367485E+1	0.0000000E+0	0.0000000E+0	1.0000000E+2	0.0000000E+0
7.5450000E+0	6.4133962E+1	6.3022469E+1	0.0000000E+0	0.0000000E+0	1.0000000E+2	0.0000000E+0
7.5950000E+0	6.3776232E+1	6.2669346E+1	0.0000000E+0	0.0000000E+0	1.0000000E+2	0.0000000E+0
7.6450000E+0	6.3419353E+1	6.2298272E+1	0.0000000E+0	0.0000000E+0	1.0000000E+2	0.0000000E+0
7.6950000E+0	6.3093112E+1	6.1964025E+1	0.0000000E+0	0.0000000E+0	1.0000000E+2	0.0000000E+0
7.7450000E+0	6.2807334E+1	6.1674033E+1	0.0000000E+0	0.0000000E+0	1.0000000E+2	0.0000000E+0
7.7950000E+0	6.2545714E+1	6.1420883E+1	0.0000000E+0	0.0000000E+0	1.0000000E+2	0.0000000E+0
7.8450000E+0	6.2312774E+1	6.1192619E+1	0.0000000E+0	0.0000000E+0	1.0000000E+2	0.0000000E+0
7.8950000E+0	6.2127637E+1	6.0995395E+1	0.0000000E+0	0.0000000E+0	1.0000000E+2	0.0000000E+0
7.9450000E+0	6.1952829E+1	6.0821459E+1	0.0000000E+0	0.0000000E+0	1.0000000E+2	0.0000000E+0
7.9950000E+0	6.1786388E+1	6.0655970E+1	0.0000000E+0	0.0000000E+0	1.0000000E+2	0.0000000E+0
8.0450000E+0	6.1653045E+1	6.0522557E+1	0.0000000E+0	0.0000000E+0	1.0000000E+2	0.0000000E+0
8.0950000E+0	6.1533810E+1	6.0400713E+1	0.0000000E+0	0.0000000E+0	1.0000000E+2	0.0000000E+0
8.1450000E+0	6.1446939E+1	6.0303284E+1	0.0000000E+0	0.0000000E+0	1.0000000E+2	0.0000000E+0
8.1950000E+0	6.1354709E+1	6.0196781E+1	0.0000000E+0	0.0000000E+0	1.0000000E+2	0.0000000E+0
8.2450000E+0	6.1287385E+1	6.0129935E+1	0.0000000E+0	0.0000000E+0	1.0000000E+2	0.0000000E+0
8.2950000E+0	6.1221623E+1	6.0045861E+1	0.0000000E+0	0.0000000E+0	1.0000000E+2	0.0000000E+0
8.3450000E+0	6.1172850E+1	5.9980020E+1	0.0000000E+0	0.0000000E+0	1.0000000E+2	0.0000000E+0
8.3950000E+0	6.1130882E+1	5.9927447E+1	0.0000000E+0	0.0000000E+0	1.0000000E+2	0.0000000E+0
8.4450000E+0	6.1085223E+1	5.9881550E+1	0.0000000E+0	0.0000000E+0	1.0000000E+2	0.0000000E+0
8.4950000E+0	6.1022573E+1	5.9814266E+1	0.0000000E+0	0.0000000E+0	1.0000000E+2	0.0000000E+0
8.5450000E+0	6.0990697E+1	5.9765634E+1	0.0000000E+0	0.0000000E+0	1.0000000E+2	0.0000000E+0
8.5950000E+0	6.0946541E+1	5.9716462E+1	0.0000000E+0	0.0000000E+0	1.0000000E+2	0.0000000E+0
8.6450000E+0	6.0915674E+1	5.9682822E+1	0.0000000E+0	0.0000000E+0	1.0000000E+2	0.0000000E+0
8.6950000E+0	6.0860506E+1	5.9650324E+1	0.0000000E+0	0.0000000E+0	1.0000000E+2	0.0000000E+0
8.7450000E+0	6.0816183E+1	5.9608631E+1	0.0000000E+0	0.0000000E+0	1.0000000E+2	0.0000000E+0
8.7950000E+0	6.0796274E+1	5.9585123E+1	0.0000000E+0	0.0000000E+0	1.0000000E+2	0.0000000E+0
8.8450000E+0	6.0754408E+1	5.9552078E+1	0.0000000E+0	0.0000000E+0	1.0000000E+2	0.0000000E+0
8.8960000E+0	6.0726008E+1	5.9541349E+1	0.0000000E+0	0.0000000E+0	1.0000000E+2	0.0000000E+0
8.9460000E+0	6.0707979E+1	5.9526106E+1	0.0000000E+0	0.0000000E+0	1.0000000E+2	0.0000000E+0
8.9960000E+0	6.0679088E+1	5.9496211E+1	0.0000000E+0	0.0000000E+0	1.0000000E+2	0.0000000E+0
9.0460000E+0	6.0658498E+1	5.9483788E+1	0.0000000E+0	0.0000000E+0	1.0000000E+2	0.0000000E+0
9.0970000E+0	6.0650672E+1	5.9470380E+1	0.0000000E+0	0.0000000E+0	1.0000000E+2	0.0000000E+0
9.1470000E+0	6.0667456E+1	5.9457273E+1	0.0000000E+0	0.0000000E+0	1.0000000E+2	0.0000000E+0
9.1970000E+0	6.0660591E+1	5.9446717E+1	0.0000000E+0	0.0000000E+0	1.0000000E+2	0.0000000E+0
9.2470000E+0	6.0663650E+1	5.9454910E+1	0.0000000E+0	0.0000000E+0	1.0000000E+2	0.0000000E+0
9.2970000E+0	6.0660867E+1	5.9443117E+1	0.0000000E+0	0.0000000E+0	1.0000000E+2	0.0000000E+0
9.3470000E+0	6.0649057E+1	5.9432949E+1	0.0000000E+0	0.0000000E+0	1.0000000E+2	0.0000000E+0
9.3970000E+0	6.0646643E+1	5.9414767E+1	0.0000000E+0	0.0000000E+0	1.0000000E+2	0.0000000E+0
9.4470000E+0	6.0651900E+1	5.9423040E+1	0.0000000E+0	0.0000000E+0	1.0000000E+2	0.0000000E+0
9.4970000E+0	6.0653195E+1	5.9406163E+1	0.0000000E+0	0.0000000E+0	1.0000000E+2	0.0000000E+0
9.5470000E+0	6.0660614E+1	5.9423154E+1	0.0000000E+0	0.0000000E+0	1.0000000E+2	0.0000000E+0
9.5970000E+0	6.0683014E+1	5.9408934E+1	0.0000000E+0	0.0000000E+0	1.0000000E+2	0.0000000E+0
9.6470000E+0	6.0687474E+1	5.9408357E+1	0.0000000E+0	0.0000000E+0	1.0000000E+2	0.0000000E+0
9.6970000E+0	6.0690840E+1	5.9402563E+1	0.0000000E+0	0.0000000E+0	1.0000000E+2	0.0000000E+0
9.7480000E+0	6.0678104E+1	5.9402211E+1	0.0000000E+0	0.0000000E+0	1.0000000E+2	0.0000000E+0
9.7980000E+0	6.0693939E+1	5.9412968E+1	0.0000000E+0	0.0000000E+0	1.0000000E+2	0.0000000E+0
9.8490000E+0	6.0692010E+1	5.9412981E+1	0.0000000E+0	0.0000000E+0	1.0000000E+2	0.0000000E+0
9.8990000E+0	6.0696185E+1	5.9399907E+1	0.0000000E+0	0.0000000E+0	1.0000000E+2	0.0000000E+0
9.9490000E+0	6.0700297E+1	5.9402078E+1	0.0000000E+0	0.0000000E+0	1.0000000E+2	0.0000000E+0
1.0000000E+1	6.0719708E+1	5.9396036E+1	0.0000000E+0	0.0000000E+0	1.0000000E+2	0.0000000E+0
1.0050000E+1	6.0713911E+1	5.9394128E+1	0.0000000E+0	0.0000000E+0	1.0000000E+2	0.0000000E+0
1.0101000E+1	6.0727640E+1	5.9412124E+1	0.0000000E+0	0.0000000E+0	1.0000000E+2	0.0000000E+0
1.0151000E+1	6.0753897E+1	5.9410130E+1	0.0000000E+0	0.0000000E+0	1.0000000E+2	0.0000000E+0
1.0201000E+1	6.0776183E+1	5.9428842E+1	0.0000000E+0	0.0000000E+0	1.0000000E+2	0.0000000E+0
1.0251000E+1	6.0755813E+1	5.9415328E+1	0.0000000E+0	0.0000000E+0	1.0000000E+2	0.0000000E+0
1.0301000E+1	6.0761178E+1	5.9409421E+1	0.0000000E+0	0.0000000E+0	1.0000000E+2	0.0000000E+0
1.0351000E+1	6.0768425E+1	5.9406962E+1	0.0000000E+0	0.0000000E+0	1.0000000E+2	0.0000000E+0
1.0401000E+1	6.0786243E+1	5.9433741E+1	0.0000000E+0	0.0000000E+0	1.0000000E+2	0.0000000E+0
1.0452000E+1	6.0738767E+1	5.9424965E+1	0.0000000E+0	0.0000000E+0	1.0000000E+2	0.0000000E+0
1.0502000E+1	6.0729005E+1	5.9424805E+1	0.0000000E+0	0.0000000E+0	1.0000000E+2	0.0000000E+0
1.0553000E+1	6.0712643E+1	5.9431169E+1	0.0000000E+0	0.0000000E+0	1.0000000E+2	0.0000000E+0
1.0603000E+1	6.0710689E+1	5.9435002E+1	0.0000000E+0	0.0000000E+0	1.0000000E+2	0.0000000E+0
1.0654000E+1	6.0689880E+1	5.9436153E+1	0.0000000E+0	0.0000000E+0	1.0000000E+2	0.0000000E+0
1.0704000E+1	6.0690202E+1	5.9428921E+1	0.0000000E+0	0.0000000E+0	1.0000000E+2	0.0000000E+0
1.0754000E+1	6.0690122E+1	5.9432053E+1	0.0000000E+0	0.0000000E+0	1.0000000E+2	0.0000000E+0
1.0804000E+1	6.0705387E+1	5.9446976E+1	0.0000000E+0	0.0000000E+0	1.0000000E+2	0.0000000E+0
1.0854000E+1	6.0704792E+1	5.9453485E+1	0.0000000E+0	0.0000000E+0	1.0000000E+2	0.0000000E+0
1.0905000E+1	6.0676117E+1	5.9463942E+1	0.0000000E+0	0.0000000E+0	1.0000000E+2	0.0000000E+0
1.0955000E+1	6.0661138E+1	5.9462397E+1	0.0000000E+0	0.0000000E+0	1.0000000E+2	0.0000000E+0
1.1005000E+1	6.0675887E+1	5.9464254E+1	0.0000000E+0	0.0000000E+0	1.0000000E+2	0.0000000E+0
1.1055000E+1	6.0673037E+1	5.9468841E+1	0.0000000E+0	0.0000000E+0	1.0000000E+2	0.0000000E+0
1.1105000E+1	6.0665851E+1	5.9464243E+1	0.0000000E+0	0.0000000E+0	1.0000000E+2	0.0000000E+0
1.1155000E+1	6.0667474E+1	5.9479545E+1	0.0000000E+0	0.0000000E+0	1.0000000E+2	0.0000000E+0
1.1205000E+1	6.0663595E+1	5.9479611E+1	0.0000000E+0	0.0000000E+0	1.0000000E+2	0.0000000E+0
1.1255000E+1	6.0668382E+1	5.9468804E+1	0.0000000E+0	0.0000000E+0	1.0000000E+2	0.0000000E+0
1.1305000E+1	6.0680225E+1	5.9477333E+1	0.0000000E+0	0.0000000E+0	1.0000000E+2	0.0000000E+0
1.1355000E+1	6.0730732E+1	5.9504761E+1	0.0000000E+0	0.0000000E+0	1.0000000E+2	0.0000000E+0
1.1405000E+1	6.0751067E+1	5.9511759E+1	0.0000000E+0	0.0000000E+0	1.0000000E+2	0.0000000E+0
1.1455000E+1	6.0766807E+1	5.9509698E+1	0.0000000E+0	0.0000000E+0	1.0000000E+2	0.0000000E+0
1.1505000E+1	6.0772860E+1	5.9513243E+1	0.0000000E+0	0.0000000E+0	1.0000000E+2	0.0000000E+0
1.1555000E+1	6.0787665E+1	5.9522719E+1	0.0000000E+0	0.0000000E+0	1.0000000E+2	0.0000000E+0
1.1605000E+1	6.0765040E+1	5.9517787E+1	0.0000000E+0	0.0000000E+0	1.0000000E+2	0.0000000E+0
1.1655000E+1	6.0773300E+1	5.9517225E+1	0.0000000E+0	0.0000000E+0	1.0000000E+2	0.0000000E+0
1.1705000E+1	6.0783278E+1	5.9522830E+1	0.0000000E+0	0.0000000E+0	1.0000000E+2	0.0000000E+0
1.1755000E+1	6.0765619E+1	5.9539940E+1	0.0000000E+0	0.0000000E+0	1.0000000E+2	0.0000000E+0
1.1805000E+1	6.0763388E+1	5.9526741E+1	0.0000000E+0	0.0000000E+0	1.0000000E+2	0.0000000E+0
1.1856000E+1	6.0784033E+1	5.9523574E+1	0.0000000E+0	0.0000000E+0	1.0000000E+2	0.0000000E+0
1.1906000E+1	6.0782141E+1	5.9532506E+1	0.0000000E+0	0.0000000E+0	1.0000000E+2	0.0000000E+0
1.1956000E+1	6.0794213E+1	5.9536969E+1	0.0000000E+0	0.0000000E+0	1.0000000E+2	0.0000000E+0
1.2007000E+1	6.0815288E+1	5.9549606E+1	0.0000000E+0	0.0000000E+0	1.0000000E+2	0.0000000E+0
1.2057000E+1	6.0818975E+1	5.9547635E+1	0.0000000E+0	0.0000000E+0	1.0000000E+2	0.0000000E+0
1.2107000E+1	6.0856135E+1	5.9575720E+1	0.0000000E+0	0.0000000E+0	1.0000000E+2	0.0000000E+0
1.2157000E+1	6.0869655E+1	5.9573704E+1	0.0000000E+0	0.0000000E+0	1.0000000E+2	0.0000000E+0
1.2207000E+1	6.0888671E+1	5.9575447E+1	0.0000000E+0	0.0000000E+0	1.0000000E+2	0.0000000E+0
1.2257000E+1	6.0891644E+1	5.9580975E+1	0.0000000E+0	0.0000000E+0	1.0000000E+2	0.0000000E+0
1.2307000E+1	6.0897920E+1	5.9584628E+1	0.0000000E+0	0.0000000E+0	1.0000000E+2	0.0000000E+0
1.2357000E+1	6.0916107E+1	5.9595541E+1	0.0000000E+0	0.0000000E+0	1.0000000E+2	0.0000000E+0
1.2408000E+1	6.0926678E+1	5.9607769E+1	0.0000000E+0	0.0000000E+0	1.0000000E+2	0.0000000E+0
1.2459000E+1	6.0932642E+1	5.9603458E+1	0.0000000E+0	0.0000000E+0	1.0000000E+2	0.0000000E+0
1.2509000E+1	6.0932221E+1	5.9616190E+1	0.0000000E+0	0.0000000E+0	1.0000000E+2	0.0000000E+0
1.2559000E+1	6.0937449E+1	5.9612826E+1	0.0000000E+0	0.0000000E+0	1.0000000E+2	0.0000000E+0
1.2609000E+1	6.0952780E+1	5.9627075E+1	0.0000000E+0	0.0000000E+0	1.0000000E+2	0.0000000E+0
1.2659000E+1	6.0937936E+1	5.9634639E+1	0.0000000E+0	0.0000000E+0	1.0000000E+2	0.0000000E+0
1.2709000E+1	6.0963776E+1	5.9628787E+1	0.0000000E+0	0.0000000E+0	1.0000000E+2	0.0000000E+0
1.2759000E+1	6.0965019E+1	5.9628705E+1	0.0000000E+0	0.0000000E+0	1.0000000E+2	0.0000000E+0
1.2809000E+1	6.0960426E+1	5.9621813E+1	0.0000000E+0	0.0000000E+0	1.0000000E+2	0.0000000E+0
1.2859000E+1	6.0960099E+1	5.9627719E+1	0.0000000E+0	0.0000000E+0	1.0000000E+2	0.0000000E+0
1.2909000E+1	6.0979807E+1	5.9649299E+1	0.0000000E+0	0.0000000E+0	1.0000000E+2	0.0000000E+0
1.2959000E+1	6.0980758E+1	5.9641679E+1	0.0000000E+0	0.0000000E+0	1.0000000E+2	0.0000000E+0
1.3009000E+1	6.0964114E+1	5.9627894E+1	0.0000000E+0	0.0000000E+0	1.0000000E+2	0.0000000E+0
1.3059000E+1	6.0981165E+1	5.9644428E+1	0.0000000E+0	0.0000000E+0	1.0000000E+2	0.0000000E+0
1.3109000E+1	6.1017006E+1	5.9666150E+1	0.0000000E+0	0.0000000E+0	1.0000000E+2	0.0000000E+0
1.3159000E+1	6.1013370E+1	5.9664835E+1	0.0000000E+0	0.0000000E+0	1.0000000E+2	0.0000000E+0
1.3209000E+1	6.1004901E+1	5.9667477E+1	0.0000000E+0	0.0000000E+0	1.0000000E+2	0.0000000E+0
1.3259000E+1	6.1022824E+1	5.9663968E+1	0.0000000E+0	0.0000000E+0	1.0000000E+2	0.0000000E+0
1.3309000E+1	6.1030514E+1	5.9679372E+1	0.0000000E+0	0.0000000E+0	1.0000000E+2	0.0000000E+0
1.3359000E+1	6.1032752E+1	5.9672040E+1	0.0000000E+0	0.0000000E+0	1.0000000E+2	0.0000000E+0
1.3409000E+1	6.1049822E+1	5.9677641E+1	0.0000000E+0	0.0000000E+0	1.0000000E+2	0.0000000E+0
1.3459000E+1	6.1078552E+1	5.9696714E+1	0.0000000E+0	0.0000000E+0	1.0000000E+2	0.0000000E+0
1.3509000E+1	6.1073459E+1	5.9702019E+1	0.0000000E+0	0.0000000E+0	1.0000000E+2	0.0000000E+0
1.3559000E+1	6.1068217E+1	5.9693863E+1	0.0000000E+0	0.0000000E+0	1.0000000E+2	0.0000000E+0
1.3609000E+1	6.1078017E+1	5.9706507E+1	0.0000000E+0	0.0000000E+0	1.0000000E+2	0.0000000E+0
1.3660000E+1	6.1099524E+1	5.9722591E+1	0.0000000E+0	0.0000000E+0	1.0000000E+2	0.0000000E+0
1.3711000E+1	6.1098695E+1	5.9724331E+1	0.0000000E+0	0.0000000E+0	1.0000000E+2	0.0000000E+0
1.3761000E+1	6.1083881E+1	5.9710365E+1	0.0000000E+0	0.0000000E+0	1.0000000E+2	0.0000000E+0
1.3811000E+1	6.1083429E+1	5.9721276E+1	0.0000000E+0	0.0000000E+0	1.0000000E+2	0.0000000E+0
1.3861000E+1	6.1090955E+1	5.9726535E+1	0.0000000E+0	0.0000000E+0	1.0000000E+2	0.0000000E+0
1.3911000E+1	6.1094058E+1	5.9735149E+1	0.0000000E+0	0.0000000E+0	1.0000000E+2	0.0000000E+0
1.3961000E+1	6.1078062E+1	5.9726697E+1	0.0000000E+0	0.0000000E+0	1.0000000E+2	0.0000000E+0
1.4011000E+1	6.1061756E+1	5.9733049E+1	0.0000000E+0	0.0000000E+0	1.0000000E+2	0.0000000E+0
1.4061000E+1	6.1056110E+1	5.9749741E+1	0.0000000E+0	0.0000000E+0	1.0000000E+2	0.0000000E+0
1.4111000E+1	6.1042127E+1	5.9745138E+1	0.0000000E+0	0.0000000E+0	1.0000000E+2	0.0000000E+0
1.4161000E+1	6.1028502E+1	5.9752790E+1	0.0000000E+0	0.0000000E+0	1.0000000E+2	0.0000000E+0
1.4212000E+1	6.1028987E+1	5.9758850E+1	0.0000000E+0	0.0000000E+0	1.0000000E+2	0.0000000E+0
1.4262000E+1	6.1016293E+1	5.9771259E+1	0.0000000E+0	0.0000000E+0	1.0000000E+2	0.0000000E+0
1.4312000E+1	6.1012111E+1	5.9784227E+1	0.0000000E+0	0.0000000E+0	1.0000000E+2	0.0000000E+0
1.4362000E+1	6.1008467E+1	5.9780716E+1	0.0000000E+0	0.0000000E+0	1.0000000E+2	0.0000000E+0
1.4412000E+1	6.0989807E+1	5.9758287E+1	0.0000000E+0	0.0000000E+0	1.0000000E+2	0.0000000E+0
1.4462000E+1	6.0997380E+1	5.9774507E+1	0.0000000E+0	0.0000000E+0	1.0000000E+2	0.0000000E+0
1.4512000E+1	6.1013231E+1	5.9775048E+1	0.0000000E+0	0.0000000E+0	1.0000000E+2	0.0000000E+0
1.4563000E+1	6.1036257E+1	5.9783503E+1	0.0000000E+0	0.0000000E+0	1.0000000E+2	0.0000000E+0
1.4613000E+1	6.1025131E+1	5.9789437E+1	0.0000000E+0	0.0000000E+0	1.0000000E+2	0.0000000E+0
1.4663000E+1	6.1033530E+1	5.9795653E+1	0.0000000E+0	0.0000000E+0	1.0000000E+2	0.0000000E+0
1.4713000E+1	6.1023357E+1	5.9795849E+1	0.0000000E+0	0.0000000E+0	1.0000000E+2	0.0000000E+0
1.4763000E+1	6.1019262E+1	5.9800041E+1	0.0000000E+0	0.0000000E+0	1.0000000E+2	0.0000000E+0
1.4813000E+1	6.1023413E+1	5.9798602E+1	0.0000000E+0	0.0000000E+0	1.0000000E+2	0.0000000E+0
1.4863000E+1	6.1023085E+1	5.9804763E+1	0.0000000E+0	0.0000000E+0	1.0000000E+2	0.0000000E+0
1.4913000E+1	6.1032590E+1	5.9811041E+1	0.0000000E+0	0.0000000E+0	1.0000000E+2	0.0000000E+0
1.4964000E+1	6.1031836E+1	5.9809440E+1	0.0000000E+0	0.0000000E+0	1.0000000E+2	0.0000000E+0
1.5014000E+1	6.1011945E+1	5.9807137E+1	0.0000000E+0	0.0000000E+0	1.0000000E+2	0.0000000E+0
1.5065000E+1	6.1008219E+1	5.9803466E+1	0.0000000E+0	0.0000000E+0	1.0000000E+2	0.0000000E+0
1.5115000E+1	6.1034998E+1	5.9823999E+1	0.0000000E+0	0.0000000E+0	1.0000000E+2	0.0000000E+0
1.5165000E+1	6.1042633E+1	5.9822051E+1	0.0000000E+0	0.0000000E+0	1.0000000E+2	0.0000000E+0
1.5216000E+1	6.1049858E+1	5.9844747E+1	0.0000000E+0	0.0000000E+0	1.0000000E+2	0.0000000E+0
1.5266000E+1	6.1049186E+1	5.9847760E+1	0.0000000E+0	0.0000000E+0	1.0000000E+2	0.0000000E+0
1.5316000E+1	6.1057933E+1	5.9842171E+1	0.0000000E+0	0.0000000E+0	1.0000000E+2	0.0000000E+0
1.5366000E+1	6.1058202E+1	5.9832549E+1	0.0000000E+0	0.0000000E+0	1.0000000E+2	0.0000000E+0
1.5416000E+1	6.1067801E+1	5.9843406E+1	0.0000000E+0	0.0000000E+0	1.0000000E+2	0.0000000E+0
1.5466000E+1	6.1087552E+1	5.9860592E+1	0.0000000E+0	0.0000000E+0	1.0000000E+2	0.0000000E+0
1.5516000E+1	6.1077776E+1	5.9863944E+1	0.0000000E+0	0.0000000E+0	1.0000000E+2	0.0000000E+0
1.5566000E+1	6.1086361E+1	5.9872758E+1	0.0000000E+0	0.0000000E+0	1.0000000E+2	0.0000000E+0
1.5617000E+1	6.1090354E+1	5.9872373E+1	0.0000000E+0	0.0000000E+0	1.0000000E+2	0.0000000E+0
1.5667000E+1	6.1063277E+1	5.9852018E+1	0.0000000E+0	0.0000000E+0	1.0000000E+2	0.0000000E+0
1.5717000E+1	6.1075322E+1	5.9881698E+1	0.0000000E+0	0.0000000E+0	1.0000000E+2	0.0000000E+0
1.5767000E+1	6.1050644E+1	5.9874172E+1	0.0000000E+0	0.0000000E+0	1.0000000E+2	0.0000000E+0
1.5818000E+1	6.1053464E+1	5.9874545E+1	0.0000000E+0	0.0000000E+0	1.0000000E+2	0.0000000E+0
1.5868000E+1	6.1061322E+1	5.9888454E+1	0.0000000E+0	0.0000000E+0	1.0000000E+2	0.0000000E+0
1.5918000E+1	6.1064730E+1	5.9886227E+1	0.0000000E+0	0.0000000E+0	1.0000000E+2	0.0000000E+0
1.5968000E+1	6.1099145E+1	5.9907433E+1	0.0000000E+0	0.0000000E+0	1.0000000E+2	0.0000000E+0
1.6018000E+1	6.1085337E+1	5.9891927E+1	0.0000000E+0	0.0000000E+0	1.0000000E+2	0.0000000E+0
1.6068000E+1	6.1097620E+1	5.9914519E+1	0.0000000E+0	0.0000000E+0	1.0000000E+2	0.0000000E+0
1.6118000E+1	6.1117745E+1	5.9920261E+1	0.0000000E+0	0.0000000E+0	1.0000000E+2	0.0000000E+0
1.6168000E+1	6.1144801E+1	5.9927126E+1	0.0000000E+0	0.0000000E+0	1.0000000E+2	0.0000000E+0
1.6218000E+1	6.1155378E+1	5.9938338E+1	0.0000000E+0	0.0000000E+0	1.0000000E+2	0.0000000E+0
1.6269000E+1	6.1151256E+1	5.9956960E+1	0.0000000E+0	0.0000000E+0	1.0000000E+2	0.0000000E+0
1.6319000E+1	6.1138758E+1	5.9950958E+1	0.0000000E+0	0.0000000E+0	1.0000000E+2	0.0000000E+0
1.6370000E+1	6.1131310E+1	5.9946470E+1	0.0000000E+0	0.0000000E+0	1.0000000E+2	0.0000000E+0
1.6420000E+1	6.1152542E+1	5.9965104E+1	0.0000000E+0	0.0000000E+0	1.0000000E+2	0.0000000E+0
1.6470000E+1	6.1151155E+1	5.9953563E+1	0.0000000E+0	0.0000000E+0	1.0000000E+2	0.0000000E+0
1.6520000E+1	6.1143816E+1	5.9955460E+1	0.0000000E+0	0.0000000E+0	1.0000000E+2	0.0000000E+0
1.6571000E+1	6.1125935E+1	5.9945092E+1	0.0000000E+0	0.0000000E+0	1.0000000E+2	0.0000000E+0
1.6621000E+1	6.1150233E+1	5.9964123E+1	0.0000000E+0	0.0000000E+0	1.0000000E+2	0.0000000E+0
1.6671000E+1	6.1181411E+1	5.9987653E+1	0.0000000E+0	0.0000000E+0	1.0000000E+2	0.0000000E+0
1.6722000E+1	6.1200772E+1	5.9980204E+1	0.0000000E+0	0.0000000E+0	1.0000000E+2	0.0000000E+0
1.6772000E+1	6.1174423E+1	5.9982387E+1	0.0000000E+0	0.0000000E+0	1.0000000E+2	0.0000000E+0
1.6822000E+1	6.1203553E+1	5.9999401E+1	0.0000000E+0	0.0000000E+0	1.0000000E+2	0.0000000E+0
1.6873000E+1	6.1218767E+1	6.0008213E+1	0.0000000E+0	0.0000000E+0	1.0000000E+2	0.0000000E+0
1.6923000E+1	6.1229816E+1	6.0013611E+1	0.0000000E+0	0.0000000E+0	1.0000000E+2	0.0000000E+0
1.6974000E+1	6.1233049E+1	6.0022962E+1	0.0000000E+0	0.0000000E+0	1.0000000E+2	0.0000000E+0
1.7024000E+1	6.1236968E+1	6.0034081E+1	0.0000000E+0	0.0000000E+0	1.0000000E+2	0.0000000E+0
1.7074000E+1	6.1219402E+1	6.0045054E+1	0.0000000E+0	0.0000000E+0	1.0000000E+2	0.0000000E+0
1.7124000E+1	6.1219065E+1	6.0043302E+1	0.0000000E+0	0.0000000E+0	1.0000000E+2	0.0000000E+0
1.7175000E+1	6.1216200E+1	6.0045203E+1	0.0000000E+0	0.0000000E+0	1.0000000E+2	0.0000000E+0
1.7225000E+1	6.1218067E+1	6.0056081E+1	0.0000000E+0	0.0000000E+0	1.0000000E+2	0.0000000E+0
1.7275000E+1	6.1198779E+1	6.0056862E+1	0.0000000E+0	0.0000000E+0	1.0000000E+2	0.0000000E+0
1.7325000E+1	6.1211007E+1	6.0046419E+1	0.0000000E+0	0.0000000E+0	1.0000000E+2	0.0000000E+0
1.7375000E+1	6.1236673E+1	6.0065635E+1	0.0000000E+0	0.0000000E+0	1.0000000E+2	0.0000000E+0
1.7425000E+1	6.1249929E+1	6.0067249E+1	0.0000000E+0	0.0000000E+0	1.0000000E+2	0.0000000E+0
1.7475000E+1	6.1268164E+1	6.0083407E+1	0.0000000E+0	0.0000000E+0	1.0000000E+2	0.0000000E+0
1.7525000E+1	6.1259045E+1	6.0082163E+1	0.0000000E+0	0.0000000E+0	1.0000000E+2	0.0000000E+0
1.7575000E+1	6.1257919E+1	6.0091268E+1	0.0000000E+0	0.0000000E+0	1.0000000E+2	0.0000000E+0
1.7625000E+1	6.1270951E+1	6.0093419E+1	0.0000000E+0	0.0000000E+0	1.0000000E+2	0.0000000E+0
1.7675000E+1	6.1293322E+1	6.0104841E+1	0.0000000E+0	0.0000000E+0	1.0000000E+2	0.0000000E+0
1.7726000E+1	6.1302942E+1	6.0094642E+1	0.0000000E+0	0.0000000E+0	1.0000000E+2	0.0000000E+0
1.7776000E+1	6.1325534E+1	6.0109521E+1	0.0000000E+0	0.0000000E+0	1.0000000E+2	0.0000000E+0
1.7826000E+1	6.1333320E+1	6.0103177E+1	0.0000000E+0	0.0000000E+0	1.0000000E+2	0.0000000E+0
1.7876000E+1	6.1336685E+1	6.0108318E+1	0.0000000E+0	0.0000000E+0	1.0000000E+2	0.0000000E+0
1.7926000E+1	6.1340869E+1	6.0110170E+1	0.0000000E+0	0.0000000E+0	1.0000000E+2	0.0000000E+0
1.7976000E+1	6.1361860E+1	6.0132323E+1	0.0000000E+0	0.0000000E+0	1.0000000E+2	0.0000000E+0
1.8026000E+1	6.1362880E+1	6.0142310E+1	0.0000000E+0	0.0000000E+0	1.0000000E+2	0.0000000E+0
1.8077000E+1	6.1355965E+1	6.0143778E+1	0.0000000E+0	0.0000000E+0	1.0000000E+2	0.0000000E+0
1.8127000E+1	6.1356464E+1	6.0151909E+1	0.0000000E+0	0.0000000E+0	1.0000000E+2	0.0000000E+0
1.8177000E+1	6.1365082E+1	6.0154043E+1	0.0000000E+0	0.0000000E+0	1.0000000E+2	0.0000000E+0
1.8227000E+1	6.1367452E+1	6.0169651E+1	0.0000000E+0	0.0000000E+0	1.0000000E+2	0.0000000E+0
1.8277000E+1	6.1366176E+1	6.0166236E+1	0.0000000E+0	0.0000000E+0	1.0000000E+2	0.0000000E+0
1.8327000E+1	6.1389560E+1	6.0187242E+1	0.0000000E+0	0.0000000E+0	1.0000000E+2	0.0000000E+0
1.8378000E+1	6.1411082E+1	6.0186840E+1	0.0000000E+0	0.0000000E+0	1.0000000E+2	0.0000000E+0
1.8428000E+1	6.1432855E+1	6.0197536E+1	0.0000000E+0	0.0000000E+0	1.0000000E+2	0.0000000E+0
1.8479000E+1	6.1444673E+1	6.0209094E+1	0.0000000E+0	0.0000000E+0	1.0000000E+2	0.0000000E+0
1.8530000E+1	6.1444967E+1	6.0219626E+1	0.0000000E+0	0.0000000E+0	1.0000000E+2	0.0000000E+0
1.8580000E+1	6.1461001E+1	6.0230868E+1	0.0000000E+0	0.0000000E+0	1.0000000E+2	0.0000000E+0
1.8630000E+1	6.1472544E+1	6.0233583E+1	0.0000000E+0	0.0000000E+0	1.0000000E+2	0.0000000E+0
1.8680000E+1	6.1476354E+1	6.0253830E+1	0.0000000E+0	0.0000000E+0	1.0000000E+2	0.0000000E+0
1.8730000E+1	6.1469125E+1	6.0247570E+1	0.0000000E+0	0.0000000E+0	1.0000000E+2	0.0000000E+0
1.8780000E+1	6.1456903E+1	6.0233642E+1	0.0000000E+0	0.0000000E+0	1.0000000E+2	0.0000000E+0
1.8830000E+1	6.1468117E+1	6.0257183E+1	0.0000000E+0	0.0000000E+0	1.0000000E+2	0.0000000E+0
1.8881000E+1	6.1487148E+1	6.0268765E+1	0.0000000E+0	0.0000000E+0	1.0000000E+2	0.0000000E+0
1.8932000E+1	6.1491099E+1	6.0278089E+1	0.0000000E+0	0.0000000E+0	1.0000000E+2	0.0000000E+0
1.8982000E+1	6.1517985E+1	6.0286587E+1	0.0000000E+0	0.0000000E+0	1.0000000E+2	0.0000000E+0
1.9032000E+1	6.1540100E+1	6.0296165E+1	0.0000000E+0	0.0000000E+0	1.0000000E+2	0.0000000E+0
1.9082000E+1	6.1577724E+1	6.0309607E+1	0.0000000E+0	0.0000000E+0	1.0000000E+2	0.0000000E+0
1.9132000E+1	6.1600138E+1	6.0307598E+1	0.0000000E+0	0.0000000E+0	1.0000000E+2	0.0000000E+0
1.9182000E+1	6.1626681E+1	6.0332307E+1	0.0000000E+0	0.0000000E+0	1.0000000E+2	0.0000000E+0
1.9232000E+1	6.1650116E+1	6.0344865E+1	0.0000000E+0	0.0000000E+0	1.0000000E+2	0.0000000E+0
1.9282000E+1	6.1664288E+1	6.0348765E+1	0.0000000E+0	0.0000000E+0	1.0000000E+2	0.0000000E+0
1.9333000E+1	6.1691494E+1	6.0362931E+1	0.0000000E+0	0.0000000E+0	1.0000000E+2	0.0000000E+0
1.9383000E+1	6.1703370E+1	6.0359993E+1	0.0000000E+0	0.0000000E+0	1.0000000E+2	0.0000000E+0
1.9433000E+1	6.1714137E+1	6.0369340E+1	0.0000000E+0	0.0000000E+0	1.0000000E+2	0.0000000E+0
1.9484000E+1	6.1729600E+1	6.0373639E+1	0.0000000E+0	0.0000000E+0	1.0000000E+2	0.0000000E+0
1.9534000E+1	6.1742341E+1	6.0368326E+1	0.0000000E+0	0.0000000E+0	1.0000000E+2	0.0000000E+0
1.9584000E+1	6.1758580E+1	6.0398919E+1	0.0000000E+0	0.0000000E+0	1.0000000E+2	0.0000000E+0
1.9634000E+1	6.1737469E+1	6.0386612E+1	0.0000000E+0	0.0000000E+0	1.0000000E+2	0.0000000E+0
1.9684000E+1	6.1701695E+1	6.0383135E+1	0.0000000E+0	0.0000000E+0	1.0000000E+2	0.0000000E+0
1.9735000E+1	6.1728409E+1	6.0386816E+1	0.0000000E+0	0.0000000E+0	1.0000000E+2	0.0000000E+0
1.9785000E+1	6.1766083E+1	6.0397764E+1	0.0000000E+0	0.0000000E+0	1.0000000E+2	0.0000000E+0
1.9835000E+1	6.1769288E+1	6.0408913E+1	0.0000000E+0	0.0000000E+0	1.0000000E+2	0.0000000E+0
1.9885000E+1	6.1781147E+1	6.0402051E+1	0.0000000E+0	0.0000000E+0	1.0000000E+2	0.0000000E+0
1.9935000E+1	6.1806754E+1	6.0423988E+1	0.0000000E+0	0.0000000E+0	1.0000000E+2	0.0000000E+0
1.9985000E+1	6.1815512E+1	6.0411822E+1	0.0000000E+0	0.0000000E+0	1.0000000E+2	0.0000000E+0
2.0035000E+1	6.1836217E+1	6.0430493E+1	0.0000000E+0	0.0000000E+0	1.0000000E+2	0.0000000E+0
2.0085000E+1	6.1845990E+1	6.0437215E+1	0.0000000E+0	0.0000000E+0	1.0000000E+2	0.0000000E+0
2.0135000E+1	6.1866284E+1	6.0441575E+1	0.0000000E+0	0.0000000E+0	1.0000000E+2	0.0000000E+0
2.0185000E+1	6.1876936E+1	6.0439558E+1	0.0000000E+0	0.0000000E+0	1.0000000E+2	0.0000000E+0
2.0235000E+1	6.1892943E+1	6.0446817E+1	0.0000000E+0	0.0000000E+0	1.0000000E+2	0.0000000E+0
2.0285000E+1	6.1902905E+1	6.0464228E+1	0.0000000E+0	0.0000000E+0	1.0000000E+2	0.0000000E+0
2.0336000E+1	6.1907017E+1	6.0452646E+1	0.0000000E+0	0.0000000E+0	1.0000000E+2	0.0000000E+0
2.0386000E+1	6.1937157E+1	6.0469524E+1	0.0000000E+0	0.0000000E+0	1.0000000E+2	0.0000000E+0
2.0436000E+1	6.1922266E+1	6.0467715E+1	0.0000000E+0	0.0000000E+0	1.0000000E+2	0.0000000E+0
2.0486000E+1	6.1905506E+1	6.0467635E+1	0.0000000E+0	0.0000000E+0	1.0000000E+2	0.0000000E+0
2.0537000E+1	6.1910120E+1	6.0465201E+1	0.0000000E+0	0.0000000E+0	1.0000000E+2	0.0000000E+0
2.0587000E+1	6.1944764E+1	6.0499715E+1	0.0000000E+0	0.0000000E+0	1.0000000E+2	0.0000000E+0
2.0638000E+1	6.1954110E+1	6.0494809E+1	0.0000000E+0	0.0000000E+0	1.0000000E+2	0.0000000E+0
2.0689000E+1	6.1964478E+1	6.0495823E+1	0.0000000E+0	0.0000000E+0	1.0000000E+2	0.0000000E+0
2.0740000E+1	6.1995483E+1	6.0511682E+1	0.0000000E+0	0.0000000E+0	1.0000000E+2	0.0000000E+0
2.0790000E+1	6.1996280E+1	6.0514606E+1	0.0000000E+0	0.0000000E+0	1.0000000E+2	0.0000000E+0
2.0840000E+1	6.2025369E+1	6.0517932E+1	0.0000000E+0	0.0000000E+0	1.0000000E+2	0.0000000E+0
2.0890000E+1	6.2034258E+1	6.0518464E+1	0.0000000E+0	0.0000000E+0	1.0000000E+2	0.0000000E+0
2.0940000E+1	6.2033078E+1	6.0518128E+1	0.0000000E+0	0.0000000E+0	1.0000000E+2	0.0000000E+0
2.0990000E+1	6.2034763E+1	6.0517459E+1	0.0000000E+0	0.0000000E+0	1.0000000E+2	0.0000000E+0
2.1041000E+1	6.2065409E+1	6.0531865E+1	0.0000000E+0	0.0000000E+0	1.0000000E+2	0.0000000E+0
2.1091000E+1	6.2060185E+1	6.0516046E+1	0.0000000E+0	0.0000000E+0	1.0000000E+2	0.0000000E+0
2.1141000E+1	6.2063386E+1	6.0508918E+1	0.0000000E+0	0.0000000E+0	1.0000000E+2	0.0000000E+0
2.1191000E+1	6.2067899E+1	6.0527642E+1	0.0000000E+0	0.0000000E+0	1.0000000E+2	0.0000000E+0
2.1241000E+1	6.2069040E+1	6.0531131E+1	0.0000000E+0	0.0000000E+0	1.0000000E+2	0.0000000E+0
2.1291000E+1	6.2106756E+1	6.0539920E+1	0.0000000E+0	0.0000000E+0	1.0000000E+2	0.0000000E+0
2.1341000E+1	6.2114380E+1	6.0524774E+1	0.0000000E+0	0.0000000E+0	1.0000000E+2	0.0000000E+0
2.1392000E+1	6.2141078E+1	6.0534143E+1	0.0000000E+0	0.0000000E+0	1.0000000E+2	0.0000000E+0
2.1442000E+1	6.2155296E+1	6.0530184E+1	0.0000000E+0	0.0000000E+0	1.0000000E+2	0.0000000E+0
2.1492000E+1	6.2174881E+1	6.0539450E+1	0.0000000E+0	0.0000000E+0	1.0000000E+2	0.0000000E+0
2.1542000E+1	6.2171061E+1	6.0526249E+1	0.0000000E+0	0.0000000E+0	1.0000000E+2	0.0000000E+0
2.1592000E+1	6.2190183E+1	6.0524043E+1	0.0000000E+0	0.0000000E+0	1.0000000E+2	0.0000000E+0
2.1642000E+1	6.2203335E+1	6.0526529E+1	0.0000000E+0	0.0000000E+0	1.0000000E+2	0.0000000E+0
2.1692000E+1	6.2217287E+1	6.0517906E+1	0.0000000E+0	0.0000000E+0	1.0000000E+2	0.0000000E+0
2.1742000E+1	6.2232427E+1	6.0523360E+1	0.0000000E+0	0.0000000E+0	1.0000000E+2	0.0000000E+0
2.1793000E+1	6.2254363E+1	6.0508057E+1	0.0000000E+0	0.0000000E+0	1.0000000E+2	0.0000000E+0
2.1844000E+1	6.2277692E+1	6.0515447E+1	0.0000000E+0	0.0000000E+0	1.0000000E+2	0.0000000E+0
2.1895000E+1	6.2275709E+1	6.0520853E+1	0.0000000E+0	0.0000000E+0	1.0000000E+2	0.0000000E+0
2.1945000E+1	6.2261881E+1	6.0513173E+1	0.0000000E+0	0.0000000E+0	1.0000000E+2	0.0000000E+0
2.1996000E+1	6.2266406E+1	6.0514916E+1	0.0000000E+0	0.0000000E+0	1.0000000E+2	0.0000000E+0
2.2047000E+1	6.2260434E+1	6.0507820E+1	0.0000000E+0	0.0000000E+0	1.0000000E+2	0.0000000E+0
2.2097000E+1	6.2244255E+1	6.0503831E+1	0.0000000E+0	0.0000000E+0	1.0000000E+2	0.0000000E+0
2.2147000E+1	6.2243276E+1	6.0486155E+1	0.0000000E+0	0.0000000E+0	1.0000000E+2	0.0000000E+0
2.2197000E+1	6.2251006E+1	6.0473845E+1	0.0000000E+0	0.0000000E+0	1.0000000E+2	0.0000000E+0
2.2247000E+1	6.2255711E+1	6.0471585E+1	0.0000000E+0	0.0000000E+0	1.0000000E+2	0.0000000E+0
2.2297000E+1	6.2273368E+1	6.0483933E+1	0.0000000E+0	0.0000000E+0	1.0000000E+2	0.0000000E+0
2.2347000E+1	6.2282510E+1	6.0476927E+1	0.0000000E+0	0.0000000E+0	1.0000000E+2	0.0000000E+0
2.2397000E+1	6.2270299E+1	6.0460879E+1	0.0000000E+0	0.0000000E+0	1.0000000E+2	0.0000000E+0
2.2447000E+1	6.2276939E+1	6.0459518E+1	0.0000000E+0	0.0000000E+0	1.0000000E+2	0.0000000E+0
2.2497000E+1	6.2294118E+1	6.0452083E+1	0.0000000E+0	0.0000000E+0	1.0000000E+2	0.0000000E+0
2.2547000E+1	6.2306393E+1	6.0461234E+1	0.0000000E+0	0.0000000E+0	1.0000000E+2	0.0000000E+0
2.2599000E+1	6.2313698E+1	6.0451275E+1	0.0000000E+0	0.0000000E+0	1.0000000E+2	0.0000000E+0
2.2649000E+1	6.2301887E+1	6.0450828E+1	0.0000000E+0	0.0000000E+0	1.0000000E+2	0.0000000E+0
2.2700000E+1	6.2307461E+1	6.0438924E+1	0.0000000E+0	0.0000000E+0	1.0000000E+2	0.0000000E+0
2.2750000E+1	6.2325128E+1	6.0434421E+1	0.0000000E+0	0.0000000E+0	1.0000000E+2	0.0000000E+0
2.2800000E+1	6.2328925E+1	6.0435992E+1	0.0000000E+0	0.0000000E+0	1.0000000E+2	0.0000000E+0
2.2850000E+1	6.2333390E+1	6.0432206E+1	0.0000000E+0	0.0000000E+0	1.0000000E+2	0.0000000E+0
2.2900000E+1	6.2339330E+1	6.0431723E+1	0.0000000E+0	0.0000000E+0	1.0000000E+2	0.0000000E+0
2.2950000E+1	6.2340147E+1	6.0418966E+1	0.0000000E+0	0.0000000E+0	1.0000000E+2	0.0000000E+0
2.3001000E+1	6.2336340E+1	6.0389939E+1	0.0000000E+0	0.0000000E+0	1.0000000E+2	0.0000000E+0
2.3051000E+1	6.2359113E+1	6.0385841E+1	0.0000000E+0	0.0000000E+0	1.0000000E+2	0.0000000E+0
2.3102000E+1	6.2361391E+1	6.0393864E+1	0.0000000E+0	0.0000000E+0	1.0000000E+2	0.0000000E+0
2.3152000E+1	6.2370476E+1	6.0388232E+1	0.0000000E+0	0.0000000E+0	1.0000000E+2	0.0000000E+0
2.3203000E+1	6.2394661E+1	6.0368666E+1	0.0000000E+0	0.0000000E+0	1.0000000E+2	0.0000000E+0
2.3253000E+1	6.2415759E+1	6.0357343E+1	0.0000000E+0	0.0000000E+0	1.0000000E+2	0.0000000E+0
2.3303000E+1	6.2448119E+1	6.0348413E+1	0.0000000E+0	0.0000000E+0	1.0000000E+2	0.0000000E+0
2.3354000E+1	6.2467392E+1	6.0324814E+1	0.0000000E+0	0.0000000E+0	1.0000000E+2	0.0000000E+0
2.3404000E+1	6.2477473E+1	6.0292564E+1	0.0000000E+0	0.0000000E+0	1.0000000E+2	0.0000000E+0
2.3454000E+1	6.2492173E+1	6.0298544E+1	0.0000000E+0	0.0000000E+0	1.0000000E+2	0.0000000E+0
2.3504000E+1	6.2496645E+1	6.0277641E+1	0.0000000E+0	0.0000000E+0	1.0000000E+2	0.0000000E+0
2.3554000E+1	6.2513170E+1	6.0277620E+1	0.0000000E+0	0.0000000E+0	1.0000000E+2	0.0000000E+0
2.3604000E+1	6.2497680E+1	6.0262422E+1	0.0000000E+0	0.0000000E+0	1.0000000E+2	0.0000000E+0
2.3654000E+1	6.2506050E+1	6.0253815E+1	0.0000000E+0	0.0000000E+0	1.0000000E+2	0.0000000E+0
2.3704000E+1	6.2504604E+1	6.0241675E+1	0.0000000E+0	0.0000000E+0	1.0000000E+2	0.0000000E+0
2.3754000E+1	6.2532092E+1	6.0237080E+1	0.0000000E+0	0.0000000E+0	1.0000000E+2	0.0000000E+0
2.3804000E+1	6.2565417E+1	6.0231148E+1	0.0000000E+0	0.0000000E+0	1.0000000E+2	0.0000000E+0
2.3854000E+1	6.2588637E+1	6.0238227E+1	0.0000000E+0	0.0000000E+0	1.0000000E+2	0.0000000E+0
2.3904000E+1	6.2594743E+1	6.0224896E+1	0.0000000E+0	0.0000000E+0	1.0000000E+2	0.0000000E+0
2.3954000E+1	6.2605491E+1	6.0219630E+1	0.0000000E+0	0.0000000E+0	1.0000000E+2	0.0000000E+0
2.4004000E+1	6.2654495E+1	6.0228177E+1	0.0000000E+0	0.0000000E+0	1.0000000E+2	0.0000000E+0
2.4055000E+1	6.2677265E+1	6.0217750E+1	0.0000000E+0	0.0000000E+0	1.0000000E+2	0.0000000E+0
2.4105000E+1	6.2685492E+1	6.0218616E+1	0.0000000E+0	0.0000000E+0	1.0000000E+2	0.0000000E+0
2.4155000E+1	6.2686198E+1	6.0199785E+1	0.0000000E+0	0.0000000E+0	1.0000000E+2	0.0000000E+0
2.4205000E+1	6.2718467E+1	6.0191545E+1	0.0000000E+0	0.0000000E+0	1.0000000E+2	0.0000000E+0
2.4255000E+1	6.2746063E+1	6.0205051E+1	0.0000000E+0	0.0000000E+0	1.0000000E+2	0.0000000E+0
2.4305000E+1	6.2768282E+1	6.0196448E+1	0.0000000E+0	0.0000000E+0	1.0000000E+2	0.0000000E+0
2.4355000E+1	6.2775511E+1	6.0159506E+1	0.0000000E+0	0.0000000E+0	1.0000000E+2	0.0000000E+0
2.4406000E+1	6.2815887E+1	6.0172763E+1	0.0000000E+0	0.0000000E+0	1.0000000E+2	0.0000000E+0
2.4456000E+1	6.2852026E+1	6.0176789E+1	0.0000000E+0	0.0000000E+0	1.0000000E+2	0.0000000E+0
2.4506000E+1	6.2884881E+1	6.0154407E+1	0.0000000E+0	0.0000000E+0	1.0000000E+2	0.0000000E+0
2.4556000E+1	6.2914862E+1	6.0167398E+1	0.0000000E+0	0.0000000E+0	1.0000000E+2	0.0000000E+0
2.4606000E+1	6.2893369E+1	6.0147287E+1	0.0000000E+0	0.0000000E+0	1.0000000E+2	0.0000000E+0
2.4656000E+1	6.2941457E+1	6.0151490E+1	0.0000000E+0	0.0000000E+0	1.0000000E+2	0.0000000E+0
2.4706000E+1	6.2967618E+1	6.0139998E+1	0.0000000E+0	0.0000000E+0	1.0000000E+2	0.0000000E+0
2.4756000E+1	6.3012810E+1	6.0143729E+1	0.0000000E+0	0.0000000E+0	1.0000000E+2	0.0000000E+0
2.4807000E+1	6.3050099E+1	6.0136580E+1	0.0000000E+0	0.0000000E+0	1.0000000E+2	0.0000000E+0
2.4857000E+1	6.3114635E+1	6.0156007E+1	0.0000000E+0	0.0000000E+0	1.0000000E+2	0.0000000E+0
2.4907000E+1	6.3147269E+1	6.0141626E+1	0.0000000E+0	0.0000000E+0	1.0000000E+2	0.0000000E+0
2.4957000E+1	6.3176811E+1	6.0128653E+1	0.0000000E+0	0.0000000E+0	1.0000000E+2	0.0000000E+0
2.5008000E+1	6.3226284E+1	6.0137611E+1	0.0000000E+0	0.0000000E+0	1.0000000E+2	0.0000000E+0
2.5058000E+1	6.3257212E+1	6.0116861E+1	0.0000000E+0	0.0000000E+0	1.0000000E+2	0.0000000E+0
2.5108000E+1	6.3273762E+1	6.0095125E+1	0.0000000E+0	0.0000000E+0	1.0000000E+2	0.0000000E+0
2.5158000E+1	6.3302734E+1	6.0091695E+1	0.0000000E+0	0.0000000E+0	1.0000000E+2	0.0000000E+0
2.5208000E+1	6.3352364E+1	6.0107415E+1	0.0000000E+0	0.0000000E+0	1.0000000E+2	0.0000000E+0
2.5258000E+1	6.3381913E+1	6.0108722E+1	0.0000000E+0	0.0000000E+0	1.0000000E+2	0.0000000E+0
2.5308000E+1	6.3412090E+1	6.0101627E+1	0.0000000E+0	0.0000000E+0	1.0000000E+2	0.0000000E+0
2.5358000E+1	6.3441994E+1	6.0101649E+1	0.0000000E+0	0.0000000E+0	1.0000000E+2	0.0000000E+0
2.5409000E+1	6.3476509E+1	6.0099843E+1	0.0000000E+0	0.0000000E+0	1.0000000E+2	0.0000000E+0
2.5459000E+1	6.3540009E+1	6.0097942E+1	0.0000000E+0	0.0000000E+0	1.0000000E+2	0.0000000E+0
2.5510000E+1	6.3576159E+1	6.0097182E+1	0.0000000E+0	0.0000000E+0	1.0000000E+2	0.0000000E+0
2.5560000E+1	6.3623755E+1	6.0092901E+1	0.0000000E+0	0.0000000E+0	1.0000000E+2	0.0000000E+0
2.5610000E+1	6.3660927E+1	6.0082719E+1	0.0000000E+0	0.0000000E+0	1.0000000E+2	0.0000000E+0
2.5660000E+1	6.3700801E+1	6.0082952E+1	0.0000000E+0	0.0000000E+0	1.0000000E+2	0.0000000E+0
2.5710000E+1	6.3727210E+1	6.0091063E+1	0.0000000E+0	0.0000000E+0	1.0000000E+2	0.0000000E+0
2.5760000E+1	6.3720967E+1	6.0084352E+1	0.0000000E+0	0.0000000E+0	1.0000000E+2	0.0000000E+0
2.5810000E+1	6.3762377E+1	6.0082282E+1	0.0000000E+0	0.0000000E+0	1.0000000E+2	0.0000000E+0
2.5860000E+1	6.3798509E+1	6.0083936E+1	0.0000000E+0	0.0000000E+0	1.0000000E+2	0.0000000E+0
2.5910000E+1	6.3854281E+1	6.0079710E+1	0.0000000E+0	0.0000000E+0	1.0000000E+2	0.0000000E+0
2.5960000E+1	6.3884640E+1	6.0073663E+1	0.0000000E+0	0.0000000E+0	1.0000000E+2	0.0000000E+0
2.6010000E+1	6.3922706E+1	6.0072353E+1	0.0000000E+0	0.0000000E+0	1.0000000E+2	0.0000000E+0
2.6060000E+1	6.3957029E+1	6.0070325E+1	0.0000000E+0	0.0000000E+0	1.0000000E+2	0.0000000E+0
2.6110000E+1	6.3984768E+1	6.0055751E+1	0.0000000E+0	0.0000000E+0	1.0000000E+2	0.0000000E+0
2.6160000E+1	6.4022535E+1	6.0067736E+1	0.0000000E+0	0.0000000E+0	1.0000000E+2	0.0000000E+0
2.6210000E+1	6.4051523E+1	6.0052418E+1	0.0000000E+0	0.0000000E+0	1.0000000E+2	0.0000000E+0
2.6260000E+1	6.4097316E+1	6.0055440E+1	0.0000000E+0	0.0000000E+0	1.0000000E+2	0.0000000E+0
2.6310000E+1	6.4133487E+1	6.0051848E+1	0.0000000E+0	0.0000000E+0	1.0000000E+2	0.0000000E+0
2.6360000E+1	6.4170149E+1	6.0051788E+1	0.0000000E+0	0.0000000E+0	1.0000000E+2	0.0000000E+0
2.6410000E+1	6.4206482E+1	6.0067681E+1	0.0000000E+0	0.0000000E+0	1.0000000E+2	0.0000000E+0
2.6460000E+1	6.4257983E+1	6.0059944E+1	0.0000000E+0	0.0000000E+0	1.0000000E+2	0.0000000E+0
2.6510000E+1	6.4296467E+1	6.0064031E+1	0.0000000E+0	0.0000000E+0	1.0000000E+2	0.0000000E+0
2.6560000E+1	6.4338146E+1	6.0056891E+1	0.0000000E+0	0.0000000E+0	1.0000000E+2	0.0000000E+0
2.6610000E+1	6.4358121E+1	6.0035791E+1	0.0000000E+0	0.0000000E+0	1.0000000E+2	0.0000000E+0
2.6660000E+1	6.4369436E+1	6.0016803E+1	0.0000000E+0	0.0000000E+0	1.0000000E+2	0.0000000E+0
2.6710000E+1	6.4423766E+1	6.0032275E+1	0.0000000E+0	0.0000000E+0	1.0000000E+2	0.0000000E+0
2.6760000E+1	6.4485456E+1	6.0038312E+1	0.0000000E+0	0.0000000E+0	1.0000000E+2	0.0000000E+0
2.6810000E+1	6.4544719E+1	6.0038641E+1	0.0000000E+0	0.0000000E+0	1.0000000E+2	0.0000000E+0
2.6861000E+1	6.4569582E+1	6.0031398E+1	0.0000000E+0	0.0000000E+0	1.0000000E+2	0.0000000E+0
2.6911000E+1	6.4610223E+1	6.0029329E+1	0.0000000E+0	0.0000000E+0	1.0000000E+2	0.0000000E+0
2.6962000E+1	6.4645843E+1	6.0018291E+1	0.0000000E+0	0.0000000E+0	1.0000000E+2	0.0000000E+0
2.7013000E+1	6.4709079E+1	6.0024113E+1	0.0000000E+0	0.0000000E+0	1.0000000E+2	0.0000000E+0
2.7063000E+1	6.4767665E+1	6.0017501E+1	0.0000000E+0	0.0000000E+0	1.0000000E+2	0.0000000E+0
2.7114000E+1	6.4807845E+1	6.0016844E+1	0.0000000E+0	0.0000000E+0	1.0000000E+2	0.0000000E+0
2.7164000E+1	6.4847298E+1	6.0007431E+1	0.0000000E+0	0.0000000E+0	1.0000000E+2	0.0000000E+0
2.7214000E+1	6.4888378E+1	5.9998632E+1	0.0000000E+0	0.0000000E+0	1.0000000E+2	0.0000000E+0
2.7264000E+1	6.4930041E+1	5.9989355E+1	0.0000000E+0	0.0000000E+0	1.0000000E+2	0.0000000E+0
2.7314000E+1	6.4976574E+1	5.9990369E+1	0.0000000E+0	0.0000000E+0	1.0000000E+2	0.0000000E+0
2.7364000E+1	6.5010228E+1	5.9989267E+1	0.0000000E+0	0.0000000E+0	1.0000000E+2	0.0000000E+0
2.7414000E+1	6.5073589E+1	6.0004992E+1	0.0000000E+0	0.0000000E+0	1.0000000E+2	0.0000000E+0
2.7464000E+1	6.5114968E+1	6.0000607E+1	0.0000000E+0	0.0000000E+0	1.0000000E+2	0.0000000E+0
2.7514000E+1	6.5179555E+1	6.0007279E+1	0.0000000E+0	0.0000000E+0	1.0000000E+2	0.0000000E+0
2.7564000E+1	6.5234393E+1	5.9997862E+1	0.0000000E+0	0.0000000E+0	1.0000000E+2	0.0000000E+0
2.7614000E+1	6.5275625E+1	5.9990169E+1	0.0000000E+0	0.0000000E+0	1.0000000E+2	0.0000000E+0
2.7664000E+1	6.5327497E+1	5.9990908E+1	0.0000000E+0	0.0000000E+0	1.0000000E+2	0.0000000E+0
2.7714000E+1	6.5365897E+1	5.9976264E+1	0.0000000E+0	0.0000000E+0	1.0000000E+2	0.0000000E+0
2.7764000E+1	6.5418800E+1	5.9979732E+1	0.0000000E+0	0.0000000E+0	1.0000000E+2	0.0000000E+0
2.7814000E+1	6.5457978E+1	5.9970528E+1	0.0000000E+0	0.0000000E+0	1.0000000E+2	0.0000000E+0
2.7864000E+1	6.5528893E+1	5.9979857E+1	0.0000000E+0	0.0000000E+0	1.0000000E+2	0.0000000E+0
2.7914000E+1	6.5594407E+1	5.9985981E+1	0.0000000E+0	0.0000000E+0	1.0000000E+2	0.0000000E+0
2.7964000E+1	6.5658083E+1	5.9989818E+1	0.0000000E+0	0.0000000E+0	1.0000000E+2	0.0000000E+0
2.8014000E+1	6.5700371E+1	5.9977233E+1	0.0000000E+0	0.0000000E+0	1.0000000E+2	0.0000000E+0
2.8064000E+1	6.5751966E+1	5.9959217E+1	0.0000000E+0	0.0000000E+0	1.0000000E+2	0.0000000E+0
2.8114000E+1	6.5811343E+1	5.9965091E+1	0.0000000E+0	0.0000000E+0	1.0000000E+2	0.0000000E+0
2.8164000E+1	6.5877836E+1	5.9959495E+1	0.0000000E+0	0.0000000E+0	1.0000000E+2	0.0000000E+0
2.8214000E+1	6.5947095E+1	5.9962695E+1	0.0000000E+0	0.0000000E+0	1.0000000E+2	0.0000000E+0
2.8264000E+1	6.6013128E+1	5.9967024E+1	0.0000000E+0	0.0000000E+0	1.0000000E+2	0.0000000E+0
2.8314000E+1	6.6066282E+1	5.9957152E+1	0.0000000E+0	0.0000000E+0	1.0000000E+2	0.0000000E+0
2.8364000E+1	6.6147669E+1	5.9946503E+1	0.0000000E+0	0.0000000E+0	1.0000000E+2	0.0000000E+0
2.8414000E+1	6.6188350E+1	5.9932594E+1	0.0000000E+0	0.0000000E+0	1.0000000E+2	0.0000000E+0
2.8464000E+1	6.6265269E+1	5.9936501E+1	0.0000000E+0	0.0000000E+0	1.0000000E+2	0.0000000E+0
2.8514000E+1	6.6346392E+1	5.9932201E+1	0.0000000E+0	0.0000000E+0	1.0000000E+2	0.0000000E+0
2.8564000E+1	6.6431565E+1	5.9946185E+1	0.0000000E+0	0.0000000E+0	1.0000000E+2	0.0000000E+0
2.8614000E+1	6.6500580E+1	5.9945448E+1	0.0000000E+0	0.0000000E+0	1.0000000E+2	0.0000000E+0
2.8664000E+1	6.6588730E+1	5.9962736E+1	0.0000000E+0	0.0000000E+0	1.0000000E+2	0.0000000E+0
2.8714000E+1	6.6663875E+1	5.9935906E+1	0.0000000E+0	0.0000000E+0	1.0000000E+2	0.0000000E+0
2.8764000E+1	6.6748095E+1	5.9943684E+1	0.0000000E+0	0.0000000E+0	1.0000000E+2	0.0000000E+0
2.8814000E+1	6.6833871E+1	5.9945036E+1	0.0000000E+0	0.0000000E+0	1.0000000E+2	0.0000000E+0
2.8864000E+1	6.6889714E+1	5.9924105E+1	0.0000000E+0	0.0000000E+0	1.0000000E+2	0.0000000E+0
2.8914000E+1	6.6989208E+1	5.9939410E+1	0.0000000E+0	0.0000000E+0	1.0000000E+2	0.0000000E+0
2.8964000E+1	6.7064784E+1	5.9930045E+1	0.0000000E+0	0.0000000E+0	1.0000000E+2	0.0000000E+0
2.9014000E+1	6.7145848E+1	5.9929057E+1	0.0000000E+0	0.0000000E+0	1.0000000E+2	0.0000000E+0
2.9064000E+1	6.7231545E+1	5.9942301E+1	0.0000000E+0	0.0000000E+0	1.0000000E+2	0.0000000E+0
2.9114000E+1	6.7303546E+1	5.9938303E+1	0.0000000E+0	0.0000000E+0	1.0000000E+2	0.0000000E+0
2.9165000E+1	6.7378371E+1	5.9936940E+1	0.0000000E+0	0.0000000E+0	1.0000000E+2	0.0000000E+0
2.9215000E+1	6.7443526E+1	5.9929361E+1	0.0000000E+0	0.0000000E+0	1.0000000E+2	0.0000000E+0
2.9266000E+1	6.7515437E+1	5.9929950E+1	0.0000000E+0	0.0000000E+0	1.0000000E+2	0.0000000E+0
2.9316000E+1	6.7607653E+1	5.9926065E+1	0.0000000E+0	0.0000000E+0	1.0000000E+2	0.0000000E+0
2.9366000E+1	6.7689922E+1	5.9937461E+1	0.0000000E+0	0.0000000E+0	1.0000000E+2	0.0000000E+0
2.9416000E+1	6.7780656E+1	5.9936217E+1	0.0000000E+0	0.0000000E+0	1.0000000E+2	0.0000000E+0
2.9466000E+1	6.7880502E+1	5.9934555E+1	0.0000000E+0	0.0000000E+0	1.0000000E+2	0.0000000E+0
2.9516000E+1	6.7990122E+1	5.9949348E+1	0.0000000E+0	0.0000000E+0	1.0000000E+2	0.0000000E+0
2.9566000E+1	6.8101706E+1	5.9943824E+1	0.0000000E+0	0.0000000E+0	1.0000000E+2	0.0000000E+0
2.9616000E+1	6.8230030E+1	5.9936584E+1	0.0000000E+0	0.0000000E+0	1.0000000E+2	0.0000000E+0
2.9666000E+1	6.8362680E+1	5.9938707E+1	0.0000000E+0	0.0000000E+0	1.0000000E+2	0.0000000E+0
2.9716000E+1	6.8498683E+1	5.9946795E+1	0.0000000E+0	0.0000000E+0	1.0000000E+2	0.0000000E+0
2.9766000E+1	6.8634414E+1	5.9931317E+1	0.0000000E+0	0.0000000E+0	1.0000000E+2	0.0000000E+0
2.9816000E+1	6.8768221E+1	5.9928069E+1	0.0000000E+0	0.0000000E+0	1.0000000E+2	0.0000000E+0
2.9866000E+1	6.8924579E+1	5.9928838E+1	0.0000000E+0	0.0000000E+0	1.0000000E+2	0.0000000E+0
2.9917000E+1	6.9065020E+1	5.9930103E+1	0.0000000E+0	0.0000000E+0	1.0000000E+2	0.0000000E+0
2.9968000E+1	6.9227352E+1	5.9937276E+1	0.0000000E+0	0.0000000E+0	1.0000000E+2	0.0000000E+0
3.0019000E+1	6.9368506E+1	5.9949002E+1	0.0000000E+0	0.0000000E+0	1.0000000E+2	0.0000000E+0
3.0070000E+1	6.9534222E+1	5.9939228E+1	0.0000000E+0	0.0000000E+0	1.0000000E+2	0.0000000E+0
3.0121000E+1	6.9700552E+1	5.9938201E+1	0.0000000E+0	0.0000000E+0	1.0000000E+2	0.0000000E+0
3.0171000E+1	6.9860717E+1	5.9948625E+1	0.0000000E+0	0.0000000E+0	1.0000000E+2	0.0000000E+0
3.0222000E+1	7.0003748E+1	5.9936457E+1	0.0000000E+0	0.0000000E+0	1.0000000E+2	0.0000000E+0
3.0272000E+1	7.0177724E+1	5.9947521E+1	0.0000000E+0	0.0000000E+0	1.0000000E+2	0.0000000E+0
3.0322000E+1	7.0260492E+1	5.9953763E+1	0.0000000E+0	0.0000000E+0	1.0000000E+2	0.0000000E+0
3.0372000E+1	7.0353365E+1	5.9922790E+1	0.0000000E+0	0.0000000E+0	1.0000000E+2	0.0000000E+0
3.0422000E+1	7.0507722E+1	5.9931421E+1	0.0000000E+0	0.0000000E+0	1.0000000E+2	0.0000000E+0
3.0472000E+1	7.0659691E+1	5.9939428E+1	0.0000000E+0	0.0000000E+0	1.0000000E+2	0.0000000E+0
3.0522000E+1	7.0787976E+1	5.9937572E+1	0.0000000E+0	0.0000000E+0	1.0000000E+2	0.0000000E+0
3.0572000E+1	7.0915017E+1	5.9939548E+1	0.0000000E+0	0.0000000E+0	1.0000000E+2	0.0000000E+0
3.0623000E+1	7.1059836E+1	5.9935633E+1	0.0000000E+0	0.0000000E+0	1.0000000E+2	0.0000000E+0
3.0673000E+1	7.1217092E+1	5.9940957E+1	0.0000000E+0	0.0000000E+0	1.0000000E+2	0.0000000E+0
3.0723000E+1	7.1390828E+1	5.9942518E+1	0.0000000E+0	0.0000000E+0	1.0000000E+2	0.0000000E+0
3.0773000E+1	7.1559996E+1	5.9950348E+1	0.0000000E+0	0.0000000E+0	1.0000000E+2	0.0000000E+0
3.0823000E+1	7.1686900E+1	5.9928840E+1	0.0000000E+0	0.0000000E+0	1.0000000E+2	0.0000000E+0
3.0873000E+1	7.1841050E+1	5.9937914E+1	0.0000000E+0	0.0000000E+0	1.0000000E+2	0.0000000E+0
3.0923000E+1	7.2007999E+1	5.9944725E+1	0.0000000E+0	0.0000000E+0	1.0000000E+2	0.0000000E+0
3.0973000E+1	7.2168135E+1	5.9954284E+1	0.0000000E+0	0.0000000E+0	1.0000000E+2	0.0000000E+0
3.1023000E+1	7.2320243E+1	5.9947780E+1	0.0000000E+0	0.0000000E+0	1.0000000E+2	0.0000000E+0
3.1074000E+1	7.2462731E+1	5.9949982E+1	0.0000000E+0	0.0000000E+0	1.0000000E+2	0.0000000E+0
3.1124000E+1	7.2608273E+1	5.9952328E+1	0.0000000E+0	0.0000000E+0	1.0000000E+2	0.0000000E+0
3.1174000E+1	7.2708158E+1	5.9938533E+1	0.0000000E+0	0.0000000E+0	1.0000000E+2	0.0000000E+0
3.1224000E+1	7.2837712E+1	5.9936363E+1	0.0000000E+0	0.0000000E+0	1.0000000E+2	0.0000000E+0
3.1274000E+1	7.2985751E+1	5.9922111E+1	0.0000000E+0	0.0000000E+0	1.0000000E+2	0.0000000E+0
3.1324000E+1	7.3141239E+1	5.9928102E+1	0.0000000E+0	0.0000000E+0	1.0000000E+2	0.0000000E+0
3.1374000E+1	7.3283628E+1	5.9918406E+1	0.0000000E+0	0.0000000E+0	1.0000000E+2	0.0000000E+0
3.1424000E+1	7.3431998E+1	5.9910593E+1	0.0000000E+0	0.0000000E+0	1.0000000E+2	0.0000000E+0
3.1474000E+1	7.3610951E+1	5.9939950E+1	0.0000000E+0	0.0000000E+0	1.0000000E+2	0.0000000E+0
3.1524000E+1	7.3764359E+1	5.9950828E+1	0.0000000E+0	0.0000000E+0	1.0000000E+2	0.0000000E+0
3.1574000E+1	7.3893616E+1	5.9937193E+1	0.0000000E+0	0.0000000E+0	1.0000000E+2	0.0000000E+0
3.1624000E+1	7.4049661E+1	5.9947483E+1	0.0000000E+0	0.0000000E+0	1.0000000E+2	0.0000000E+0
3.1674000E+1	7.4159798E+1	5.9954410E+1	0.0000000E+0	0.0000000E+0	1.0000000E+2	0.0000000E+0
3.1724000E+1	7.4262234E+1	5.9926726E+1	0.0000000E+0	0.0000000E+0	1.0000000E+2	0.0000000E+0
3.1774000E+1	7.4395037E+1	5.9947950E+1	0.0000000E+0	0.0000000E+0	1.0000000E+2	0.0000000E+0
3.1824000E+1	7.4513366E+1	5.9975033E+1	0.0000000E+0	0.0000000E+0	1.0000000E+2	0.0000000E+0
3.1875000E+1	7.4613011E+1	5.9970917E+1	0.0000000E+0	0.0000000E+0	1.0000000E+2	0.0000000E+0
3.1926000E+1	7.4718638E+1	5.9961731E+1	0.0000000E+0	0.0000000E+0	1.0000000E+2	0.0000000E+0
3.1976000E+1	7.4830482E+1	5.9978396E+1	0.0000000E+0	0.0000000E+0	1.0000000E+2	0.0000000E+0
3.2026000E+1	7.4819393E+1	5.9971149E+1	0.0000000E+0	0.0000000E+0	1.0000000E+2	0.0000000E+0
3.2077000E+1	7.4855719E+1	5.9959175E+1	0.0000000E+0	0.0000000E+0	1.0000000E+2	0.0000000E+0
3.2127000E+1	7.4853125E+1	5.9974839E+1	0.0000000E+0	0.0000000E+0	1.0000000E+2	0.0000000E+0
3.2177000E+1	7.4964253E+1	5.9986022E+1	0.0000000E+0	0.0000000E+0	1.0000000E+2	0.0000000E+0
3.2227000E+1	7.5039366E+1	5.9972628E+1	0.0000000E+0	0.0000000E+0	1.0000000E+2	0.0000000E+0
3.2277000E+1	7.5059116E+1	5.9977814E+1	0.0000000E+0	0.0000000E+0	1.0000000E+2	0.0000000E+0
3.2327000E+1	7.5139226E+1	5.9972068E+1	0.0000000E+0	0.0000000E+0	1.0000000E+2	0.0000000E+0
3.2377000E+1	7.5140704E+1	5.9969767E+1	0.0000000E+0	0.0000000E+0	1.0000000E+2	0.0000000E+0
3.2427000E+1	7.4875708E+1	5.9961596E+1	0.0000000E+0	0.0000000E+0	1.0000000E+2	0.0000000E+0
3.2477000E+1	7.4208854E+1	5.9986388E+1	0.0000000E+0	0.0000000E+0	1.0000000E+2	0.0000000E+0
3.2527000E+1	7.3910470E+1	5.9984130E+1	0.0000000E+0	0.0000000E+0	1.0000000E+2	0.0000000E+0
3.2577000E+1	7.3604574E+1	5.9975054E+1	0.0000000E+0	0.0000000E+0	1.0000000E+2	0.0000000E+0
3.2627000E+1	7.3586002E+1	5.9981485E+1	0.0000000E+0	0.0000000E+0	1.0000000E+2	0.0000000E+0
3.2677000E+1	7.3485511E+1	5.9981004E+1	0.0000000E+0	0.0000000E+0	1.0000000E+2	0.0000000E+0
3.2727000E+1	7.3186866E+1	6.0002110E+1	0.0000000E+0	0.0000000E+0	1.0000000E+2	0.0000000E+0
3.2777000E+1	7.2844632E+1	5.9973157E+1	0.0000000E+0	0.0000000E+0	1.0000000E+2	0.0000000E+0
3.2827000E+1	7.2673276E+1	5.9973592E+1	0.0000000E+0	0.0000000E+0	1.0000000E+2	0.0000000E+0
3.2878000E+1	7.2647199E+1	5.9964192E+1	0.0000000E+0	0.0000000E+0	1.0000000E+2	0.0000000E+0
3.2928000E+1	7.2740962E+1	5.9975070E+1	0.0000000E+0	0.0000000E+0	1.0000000E+2	0.0000000E+0
3.2978000E+1	7.2718659E+1	5.9971653E+1	0.0000000E+0	0.0000000E+0	1.0000000E+2	0.0000000E+0
3.3028000E+1	7.2721492E+1	5.9980834E+1	0.0000000E+0	0.0000000E+0	1.0000000E+2	0.0000000E+0
3.3078000E+1	7.2495023E+1	5.9995051E+1	0.0000000E+0	0.0000000E+0	1.0000000E+2	0.0000000E+0
3.3128000E+1	7.2399564E+1	5.9973078E+1	0.0000000E+0	0.0000000E+0	1.0000000E+2	0.0000000E+0
3.3178000E+1	7.2415473E+1	5.9960355E+1	0.0000000E+0	0.0000000E+0	1.0000000E+2	0.0000000E+0
3.3228000E+1	7.2489813E+1	5.9972149E+1	0.0000000E+0	0.0000000E+0	1.0000000E+2	0.0000000E+0
3.3278000E+1	7.2577437E+1	5.9973004E+1	0.0000000E+0	0.0000000E+0	1.0000000E+2	0.0000000E+0
3.3328000E+1	7.2689047E+1	5.9980919E+1	0.0000000E+0	0.0000000E+0	1.0000000E+2	0.0000000E+0
3.3378000E+1	7.2777162E+1	5.9979135E+1	0.0000000E+0	0.0000000E+0	1.0000000E+2	0.0000000E+0
3.3428000E+1	7.2875825E+1	5.9986351E+1	0.0000000E+0	0.0000000E+0	1.0000000E+2	0.0000000E+0
3.3479000E+1	7.2989626E+1	5.9986490E+1	0.0000000E+0	0.0000000E+0	1.0000000E+2	0.0000000E+0
3.3529000E+1	7.3091697E+1	5.9978717E+1	0.0000000E+0	0.0000000E+0	1.0000000E+2	0.0000000E+0
3.3579000E+1	7.3184434E+1	5.9971319E+1	0.0000000E+0	0.0000000E+0	1.0000000E+2	0.0000000E+0
3.3629000E+1	7.3306450E+1	5.9974177E+1	0.0000000E+0	0.0000000E+0	1.0000000E+2	0.0000000E+0
3.3679000E+1	7.3333056E+1	5.9989503E+1	0.0000000E+0	0.0000000E+0	1.0000000E+2	0.0000000E+0
3.3730000E+1	7.3312337E+1	5.9990780E+1	0.0000000E+0	0.0000000E+0	1.0000000E+2	0.0000000E+0
3.3780000E+1	7.3269530E+1	6.0006240E+1	0.0000000E+0	0.0000000E+0	1.0000000E+2	0.0000000E+0
3.3830000E+1	7.3339723E+1	5.9992537E+1	0.0000000E+0	0.0000000E+0	1.0000000E+2	0.0000000E+0
3.3880000E+1	7.3425792E+1	5.9985603E+1	0.0000000E+0	0.0000000E+0	1.0000000E+2	0.0000000E+0
3.3931000E+1	7.3493011E+1	5.9974468E+1	0.0000000E+0	0.0000000E+0	1.0000000E+2	0.0000000E+0
3.3981000E+1	7.3560814E+1	5.9984188E+1	0.0000000E+0	0.0000000E+0	1.0000000E+2	0.0000000E+0
3.4031000E+1	7.3621298E+1	5.9990706E+1	0.0000000E+0	0.0000000E+0	1.0000000E+2	0.0000000E+0
3.4081000E+1	7.3705339E+1	5.9984256E+1	0.0000000E+0	0.0000000E+0	1.0000000E+2	0.0000000E+0
3.4131000E+1	7.3705758E+1	5.9980571E+1	0.0000000E+0	0.0000000E+0	1.0000000E+2	0.0000000E+0
3.4181000E+1	7.3711809E+1	5.9992822E+1	0.0000000E+0	0.0000000E+0	1.0000000E+2	0.0000000E+0
3.4232000E+1	7.3674069E+1	5.9972397E+1	0.0000000E+0	0.0000000E+0	1.0000000E+2	0.0000000E+0
3.4283000E+1	7.3598767E+1	5.9982869E+1	0.0000000E+0	0.0000000E+0	1.0000000E+2	0.0000000E+0
3.4333000E+1	7.3401301E+1	5.9976714E+1	0.0000000E+0	0.0000000E+0	1.0000000E+2	0.0000000E+0
3.4384000E+1	7.3165257E+1	5.9968101E+1	0.0000000E+0	0.0000000E+0	1.0000000E+2	0.0000000E+0
3.4434000E+1	7.2934934E+1	5.9981798E+1	0.0000000E+0	0.0000000E+0	1.0000000E+2	0.0000000E+0
3.4485000E+1	7.2668694E+1	5.9974146E+1	0.0000000E+0	0.0000000E+0	1.0000000E+2	0.0000000E+0
3.4535000E+1	7.2354260E+1	5.9987935E+1	0.0000000E+0	0.0000000E+0	1.0000000E+2	0.0000000E+0
3.4585000E+1	7.1818726E+1	5.9999708E+1	0.0000000E+0	0.0000000E+0	1.0000000E+2	0.0000000E+0
3.4635000E+1	7.1416831E+1	5.9996101E+1	0.0000000E+0	0.0000000E+0	1.0000000E+2	0.0000000E+0
3.4685000E+1	7.0401767E+1	5.9936749E+1	0.0000000E+0	0.0000000E+0	1.0000000E+2	0.0000000E+0
3.4735000E+1	6.9463899E+1	5.9970325E+1	0.0000000E+0	0.0000000E+0	1.0000000E+2	0.0000000E+0
3.4785000E+1	6.8957838E+1	6.0002783E+1	0.0000000E+0	0.0000000E+0	1.0000000E+2	0.0000000E+0
3.4835000E+1	6.8464642E+1	6.0007141E+1	0.0000000E+0	0.0000000E+0	1.0000000E+2	0.0000000E+0
3.4885000E+1	6.8165663E+1	6.0035641E+1	0.0000000E+0	0.0000000E+0	1.0000000E+2	0.0000000E+0
3.4935000E+1	6.7996685E+1	6.0038102E+1	0.0000000E+0	0.0000000E+0	1.0000000E+2	0.0000000E+0
3.4985000E+1	6.7918921E+1	6.0032840E+1	0.0000000E+0	0.0000000E+0	1.0000000E+2	0.0000000E+0
3.5035000E+1	6.7851016E+1	6.0034849E+1	0.0000000E+0	0.0000000E+0	1.0000000E+2	0.0000000E+0
3.5085000E+1	6.7814436E+1	6.0020526E+1	0.0000000E+0	0.0000000E+0	1.0000000E+2	0.0000000E+0
3.5135000E+1	6.7781929E+1	6.0030054E+1	0.0000000E+0	0.0000000E+0	1.0000000E+2	0.0000000E+0
3.5185000E+1	6.7765320E+1	6.0020227E+1	0.0000000E+0	0.0000000E+0	1.0000000E+2	0.0000000E+0
3.5235000E+1	6.7802638E+1	6.0036914E+1	0.0000000E+0	0.0000000E+0	1.0000000E+2	0.0000000E+0
3.5286000E+1	6.7819586E+1	6.0033378E+1	0.0000000E+0	0.0000000E+0	1.0000000E+2	0.0000000E+0
3.5336000E+1	6.7747712E+1	6.0031288E+1	0.0000000E+0	0.0000000E+0	1.0000000E+2	0.0000000E+0
3.5386000E+1	6.7720312E+1	6.0020004E+1	0.0000000E+0	0.0000000E+0	1.0000000E+2	0.0000000E+0
3.5436000E+1	6.7765956E+1	6.0046227E+1	0.0000000E+0	0.0000000E+0	1.0000000E+2	0.0000000E+0
3.5486000E+1	6.7787957E+1	6.0042777E+1	0.0000000E+0	0.0000000E+0	1.0000000E+2	0.0000000E+0
3.5536000E+1	6.7828618E+1	6.0038860E+1	0.0000000E+0	0.0000000E+0	1.0000000E+2	0.0000000E+0
3.5586000E+1	6.7866647E+1	6.0047581E+1	0.0000000E+0	0.0000000E+0	1.0000000E+2	0.0000000E+0
3.5636000E+1	6.7906655E+1	6.0040290E+1	0.0000000E+0	0.0000000E+0	1.0000000E+2	0.0000000E+0
3.5686000E+1	6.7801730E+1	6.0055642E+1	0.0000000E+0	0.0000000E+0	1.0000000E+2	0.0000000E+0
3.5736000E+1	6.7531907E+1	6.0054451E+1	0.0000000E+0	0.0000000E+0	1.0000000E+2	0.0000000E+0
3.5786000E+1	6.7488374E+1	6.0043515E+1	0.0000000E+0	0.0000000E+0	1.0000000E+2	0.0000000E+0
3.5836000E+1	6.7481503E+1	6.0053739E+1	0.0000000E+0	0.0000000E+0	1.0000000E+2	0.0000000E+0
3.5886000E+1	6.7449330E+1	6.0044070E+1	0.0000000E+0	0.0000000E+0	1.0000000E+2	0.0000000E+0
3.5936000E+1	6.7424910E+1	6.0044201E+1	0.0000000E+0	0.0000000E+0	1.0000000E+2	0.0000000E+0
3.5987000E+1	6.7407321E+1	6.0045298E+1	0.0000000E+0	0.0000000E+0	1.0000000E+2	0.0000000E+0
3.6037000E+1	6.7408863E+1	6.0046322E+1	0.0000000E+0	0.0000000E+0	1.0000000E+2	0.0000000E+0
3.6087000E+1	6.7250557E+1	6.0070593E+1	0.0000000E+0	0.0000000E+0	1.0000000E+2	0.0000000E+0
3.6138000E+1	6.6866818E+1	6.0056126E+1	0.0000000E+0	0.0000000E+0	1.0000000E+2	0.0000000E+0
3.6188000E+1	6.6580862E+1	6.0051402E+1	0.0000000E+0	0.0000000E+0	1.0000000E+2	0.0000000E+0
3.6239000E+1	6.6409909E+1	6.0071395E+1	0.0000000E+0	0.0000000E+0	1.0000000E+2	0.0000000E+0
3.6289000E+1	6.6175462E+1	6.0074896E+1	0.0000000E+0	0.0000000E+0	1.0000000E+2	0.0000000E+0
3.6340000E+1	6.5794306E+1	6.0050134E+1	0.0000000E+0	0.0000000E+0	1.0000000E+2	0.0000000E+0
3.6390000E+1	6.5532993E+1	6.0057816E+1	0.0000000E+0	0.0000000E+0	1.0000000E+2	0.0000000E+0
3.6441000E+1	6.5421241E+1	6.0069209E+1	0.0000000E+0	0.0000000E+0	1.0000000E+2	0.0000000E+0
3.6491000E+1	6.5360506E+1	6.0064263E+1	0.0000000E+0	0.0000000E+0	1.0000000E+2	0.0000000E+0
3.6541000E+1	6.5335405E+1	6.0084998E+1	0.0000000E+0	0.0000000E+0	1.0000000E+2	0.0000000E+0
3.6591000E+1	6.5315564E+1	6.0087971E+1	0.0000000E+0	0.0000000E+0	1.0000000E+2	0.0000000E+0
3.6642000E+1	6.5313321E+1	6.0090245E+1	0.0000000E+0	0.0000000E+0	1.0000000E+2	0.0000000E+0
3.6692000E+1	6.5344197E+1	6.0084086E+1	0.0000000E+0	0.0000000E+0	1.0000000E+2	0.0000000E+0
3.6742000E+1	6.5394941E+1	6.0093399E+1	0.0000000E+0	0.0000000E+0	1.0000000E+2	0.0000000E+0
3.6792000E+1	6.5426742E+1	6.0103201E+1	0.0000000E+0	0.0000000E+0	1.0000000E+2	0.0000000E+0
3.6843000E+1	6.5470866E+1	6.0118067E+1	0.0000000E+0	0.0000000E+0	1.0000000E+2	0.0000000E+0
3.6893000E+1	6.5496903E+1	6.0106487E+1	0.0000000E+0	0.0000000E+0	1.0000000E+2	0.0000000E+0
3.6943000E+1	6.5564026E+1	6.0106144E+1	0.0000000E+0	0.0000000E+0	1.0000000E+2	0.0000000E+0
3.6993000E+1	6.5620129E+1	6.0112888E+1	0.0000000E+0	0.0000000E+0	1.0000000E+2	0.0000000E+0
3.7044000E+1	6.5679409E+1	6.0129948E+1	0.0000000E+0	0.0000000E+0	1.0000000E+2	0.0000000E+0
3.7094000E+1	6.5682105E+1	6.0113560E+1	0.0000000E+0	0.0000000E+0	1.0000000E+2	0.0000000E+0
3.7144000E+1	6.5662663E+1	6.0113555E+1	0.0000000E+0	0.0000000E+0	1.0000000E+2	0.0000000E+0
3.7194000E+1	6.5668787E+1	6.0101919E+1	0.0000000E+0	0.0000000E+0	1.0000000E+2	0.0000000E+0
3.7244000E+1	6.5718620E+1	6.0130055E+1	0.0000000E+0	0.0000000E+0	1.0000000E+2	0.0000000E+0
3.7294000E+1	6.5750741E+1	6.0112220E+1	0.0000000E+0	0.0000000E+0	1.0000000E+2	0.0000000E+0
3.7344000E+1	6.5825502E+1	6.0121648E+1	0.0000000E+0	0.0000000E+0	1.0000000E+2	0.0000000E+0
3.7394000E+1	6.5850638E+1	6.0110910E+1	0.0000000E+0	0.0000000E+0	1.0000000E+2	0.0000000E+0
3.7444000E+1	6.5897648E+1	6.0115684E+1	0.0000000E+0	0.0000000E+0	1.0000000E+2	0.0000000E+0
3.7494000E+1	6.5927331E+1	6.0128235E+1	0.0000000E+0	0.0000000E+0	1.0000000E+2	0.0000000E+0
3.7544000E+1	6.5936965E+1	6.0110824E+1	0.0000000E+0	0.0000000E+0	1.0000000E+2	0.0000000E+0
3.7594000E+1	6.5922663E+1	6.0119160E+1	0.0000000E+0	0.0000000E+0	1.0000000E+2	0.0000000E+0
3.7644000E+1	6.5906602E+1	6.0122195E+1	0.0000000E+0	0.0000000E+0	1.0000000E+2	0.0000000E+0
3.7694000E+1	6.5912257E+1	6.0127170E+1	0.0000000E+0	0.0000000E+0	1.0000000E+2	0.0000000E+0
3.7745000E+1	6.5863233E+1	6.0128886E+1	0.0000000E+0	0.0000000E+0	1.0000000E+2	0.0000000E+0
3.7796000E+1	6.5800410E+1	6.0139212E+1	0.0000000E+0	0.0000000E+0	1.0000000E+2	0.0000000E+0
3.7846000E+1	6.5700150E+1	6.0144680E+1	0.0000000E+0	0.0000000E+0	1.0000000E+2	0.0000000E+0
3.7896000E+1	6.5563532E+1	6.0146491E+1	0.0000000E+0	0.0000000E+0	1.0000000E+2	0.0000000E+0
3.7947000E+1	6.5514256E+1	6.0148959E+1	0.0000000E+0	0.0000000E+0	1.0000000E+2	0.0000000E+0
3.7997000E+1	6.5508789E+1	6.0148382E+1	0.0000000E+0	0.0000000E+0	1.0000000E+2	0.0000000E+0
3.8047000E+1	6.5527319E+1	6.0148583E+1	0.0000000E+0	0.0000000E+0	1.0000000E+2	0.0000000E+0
3.8097000E+1	6.5553726E+1	6.0165125E+1	0.0000000E+0	0.0000000E+0	1.0000000E+2	0.0000000E+0
3.8147000E+1	6.5550796E+1	6.0172644E+1	0.0000000E+0	0.0000000E+0	1.0000000E+2	0.0000000E+0
3.8197000E+1	6.5536573E+1	6.0158704E+1	0.0000000E+0	0.0000000E+0	1.0000000E+2	0.0000000E+0
3.8247000E+1	6.5547133E+1	6.0153986E+1	0.0000000E+0	0.0000000E+0	1.0000000E+2	0.0000000E+0
3.8297000E+1	6.5598479E+1	6.0193427E+1	0.0000000E+0	0.0000000E+0	1.0000000E+2	0.0000000E+0
3.8347000E+1	6.5598819E+1	6.0190560E+1	0.0000000E+0	0.0000000E+0	1.0000000E+2	0.0000000E+0
3.8397000E+1	6.5612286E+1	6.0185310E+1	0.0000000E+0	0.0000000E+0	1.0000000E+2	0.0000000E+0
3.8447000E+1	6.5621753E+1	6.0169003E+1	0.0000000E+0	0.0000000E+0	1.0000000E+2	0.0000000E+0
3.8497000E+1	6.5632973E+1	6.0181314E+1	0.0000000E+0	0.0000000E+0	1.0000000E+2	0.0000000E+0
3.8547000E+1	6.5663270E+1	6.0180400E+1	0.0000000E+0	0.0000000E+0	1.0000000E+2	0.0000000E+0
3.8598000E+1	6.5692469E+1	6.0189816E+1	0.0000000E+0	0.0000000E+0	1.0000000E+2	0.0000000E+0
3.8648000E+1	6.5704604E+1	6.0193705E+1	0.0000000E+0	0.0000000E+0	1.0000000E+2	0.0000000E+0
3.8698000E+1	6.5729948E+1	6.0186221E+1	0.0000000E+0	0.0000000E+0	1.0000000E+2	0.0000000E+0
3.8748000E+1	6.5757285E+1	6.0182095E+1	0.0000000E+0	0.0000000E+0	1.0000000E+2	0.0000000E+0
3.8798000E+1	6.5812570E+1	6.0189458E+1	0.0000000E+0	0.0000000E+0	1.0000000E+2	0.0000000E+0
3.8848000E+1	6.5852363E+1	6.0189301E+1	0.0000000E+0	0.0000000E+0	1.0000000E+2	0.0000000E+0
3.8898000E+1	6.5879100E+1	6.0201585E+1	0.0000000E+0	0.0000000E+0	1.0000000E+2	0.0000000E+0
3.8948000E+1	6.5882647E+1	6.0201645E+1	0.0000000E+0	0.0000000E+0	1.0000000E+2	0.0000000E+0
3.8999000E+1	6.5914517E+1	6.0205460E+1	0.0000000E+0	0.0000000E+0	1.0000000E+2	0.0000000E+0
3.9049000E+1	6.5981009E+1	6.0222419E+1	0.0000000E+0	0.0000000E+0	1.0000000E+2	0.0000000E+0
3.9099000E+1	6.6024658E+1	6.0224913E+1	0.0000000E+0	0.0000000E+0	1.0000000E+2	0.0000000E+0
3.9149000E+1	6.6063888E+1	6.0238341E+1	0.0000000E+0	0.0000000E+0	1.0000000E+2	0.0000000E+0
3.9199000E+1	6.6094174E+1	6.0234742E+1	0.0000000E+0	0.0000000E+0	1.0000000E+2	0.0000000E+0
3.9249000E+1	6.6112234E+1	6.0238208E+1	0.0000000E+0	0.0000000E+0	1.0000000E+2	0.0000000E+0
3.9299000E+1	6.6142683E+1	6.0238252E+1	0.0000000E+0	0.0000000E+0	1.0000000E+2	0.0000000E+0
3.9349000E+1	6.6161453E+1	6.0233043E+1	0.0000000E+0	0.0000000E+0	1.0000000E+2	0.0000000E+0
3.9399000E+1	6.6181966E+1	6.0236682E+1	0.0000000E+0	0.0000000E+0	1.0000000E+2	0.0000000E+0
3.9449000E+1	6.6205639E+1	6.0248613E+1	0.0000000E+0	0.0000000E+0	1.0000000E+2	0.0000000E+0
3.9500000E+1	6.6195676E+1	6.0233732E+1	0.0000000E+0	0.0000000E+0	1.0000000E+2	0.0000000E+0
3.9550000E+1	6.6007938E+1	6.0253608E+1	0.0000000E+0	0.0000000E+0	1.0000000E+2	0.0000000E+0
3.9600000E+1	6.5642364E+1	6.0229165E+1	0.0000000E+0	0.0000000E+0	1.0000000E+2	0.0000000E+0
3.9650000E+1	6.5541785E+1	6.0218149E+1	0.0000000E+0	0.0000000E+0	1.0000000E+2	0.0000000E+0
3.9701000E+1	6.5512819E+1	6.0236536E+1	0.0000000E+0	0.0000000E+0	1.0000000E+2	0.0000000E+0
3.9751000E+1	6.5489637E+1	6.0242908E+1	0.0000000E+0	0.0000000E+0	1.0000000E+2	0.0000000E+0
3.9801000E+1	6.5483783E+1	6.0236937E+1	0.0000000E+0	0.0000000E+0	1.0000000E+2	0.0000000E+0
3.9851000E+1	6.5490437E+1	6.0242996E+1	0.0000000E+0	0.0000000E+0	1.0000000E+2	0.0000000E+0
3.9901000E+1	6.5491847E+1	6.0218908E+1	0.0000000E+0	0.0000000E+0	1.0000000E+2	0.0000000E+0
3.9951000E+1	6.5507425E+1	6.0214961E+1	0.0000000E+0	0.0000000E+0	1.0000000E+2	0.0000000E+0
4.0001000E+1	6.5540697E+1	6.0234741E+1	0.0000000E+0	0.0000000E+0	1.0000000E+2	0.0000000E+0
4.0051000E+1	6.5550618E+1	6.0231999E+1	0.0000000E+0	0.0000000E+0	1.0000000E+2	0.0000000E+0
4.0101000E+1	6.5590721E+1	6.0248662E+1	0.0000000E+0	0.0000000E+0	1.0000000E+2	0.0000000E+0
4.0151000E+1	6.5613503E+1	6.0233157E+1	0.0000000E+0	0.0000000E+0	1.0000000E+2	0.0000000E+0
4.0201000E+1	6.5626616E+1	6.0235102E+1	0.0000000E+0	0.0000000E+0	1.0000000E+2	0.0000000E+0
4.0251000E+1	6.5666261E+1	6.0245397E+1	0.0000000E+0	0.0000000E+0	1.0000000E+2	0.0000000E+0
4.0301000E+1	6.5709409E+1	6.0236969E+1	0.0000000E+0	0.0000000E+0	1.0000000E+2	0.0000000E+0
4.0351000E+1	6.5722771E+1	6.0241040E+1	0.0000000E+0	0.0000000E+0	1.0000000E+2	0.0000000E+0
4.0401000E+1	6.5769201E+1	6.0249750E+1	0.0000000E+0	0.0000000E+0	1.0000000E+2	0.0000000E+0
4.0451000E+1	6.5783709E+1	6.0247699E+1	0.0000000E+0	0.0000000E+0	1.0000000E+2	0.0000000E+0
4.0501000E+1	6.5785437E+1	6.0247066E+1	0.0000000E+0	0.0000000E+0	1.0000000E+2	0.0000000E+0
4.0551000E+1	6.5779546E+1	6.0236554E+1	0.0000000E+0	0.0000000E+0	1.0000000E+2	0.0000000E+0
4.0601000E+1	6.5771950E+1	6.0240080E+1	0.0000000E+0	0.0000000E+0	1.0000000E+2	0.0000000E+0
4.0651000E+1	6.5782615E+1	6.0221730E+1	0.0000000E+0	0.0000000E+0	1.0000000E+2	0.0000000E+0
4.0701000E+1	6.5803689E+1	6.0236858E+1	0.0000000E+0	0.0000000E+0	1.0000000E+2	0.0000000E+0
4.0751000E+1	6.5834740E+1	6.0251419E+1	0.0000000E+0	0.0000000E+0	1.0000000E+2	0.0000000E+0
4.0801000E+1	6.5838037E+1	6.0243070E+1	0.0000000E+0	0.0000000E+0	1.0000000E+2	0.0000000E+0
4.0851000E+1	6.5828977E+1	6.0251294E+1	0.0000000E+0	0.0000000E+0	1.0000000E+2	0.0000000E+0
4.0901000E+1	6.5817028E+1	6.0247678E+1	0.0000000E+0	0.0000000E+0	1.0000000E+2	0.0000000E+0
4.0951000E+1	6.5766512E+1	6.0249775E+1	0.0000000E+0	0.0000000E+0	1.0000000E+2	0.0000000E+0
4.1001000E+1	6.5699769E+1	6.0242714E+1	0.0000000E+0	0.0000000E+0	1.0000000E+2	0.0000000E+0
4.1051000E+1	6.5546783E+1	6.0234730E+1	0.0000000E+0	0.0000000E+0	1.0000000E+2	0.0000000E+0
4.1101000E+1	6.5446255E+1	6.0232147E+1	0.0000000E+0	0.0000000E+0	1.0000000E+2	0.0000000E+0
4.1151000E+1	6.5386535E+1	6.0228562E+1	0.0000000E+0	0.0000000E+0	1.0000000E+2	0.0000000E+0
4.1201000E+1	6.5323418E+1	6.0235592E+1	0.0000000E+0	0.0000000E+0	1.0000000E+2	0.0000000E+0
4.1251000E+1	6.5301094E+1	6.0244299E+1	0.0000000E+0	0.0000000E+0	1.0000000E+2	0.0000000E+0
4.1301000E+1	6.5286969E+1	6.0245068E+1	0.0000000E+0	0.0000000E+0	1.0000000E+2	0.0000000E+0
4.1351000E+1	6.5269691E+1	6.0250111E+1	0.0000000E+0	0.0000000E+0	1.0000000E+2	0.0000000E+0
4.1401000E+1	6.5250200E+1	6.0242413E+1	0.0000000E+0	0.0000000E+0	1.0000000E+2	0.0000000E+0
4.1451000E+1	6.5186385E+1	6.0244610E+1	0.0000000E+0	0.0000000E+0	1.0000000E+2	0.0000000E+0
4.1501000E+1	6.5147343E+1	6.0243610E+1	0.0000000E+0	0.0000000E+0	1.0000000E+2	0.0000000E+0
4.1551000E+1	6.5144511E+1	6.0252621E+1	0.0000000E+0	0.0000000E+0	1.0000000E+2	0.0000000E+0
4.1601000E+1	6.5147420E+1	6.0248199E+1	0.0000000E+0	0.0000000E+0	1.0000000E+2	0.0000000E+0
4.1651000E+1	6.5148051E+1	6.0250552E+1	0.0000000E+0	0.0000000E+0	1.0000000E+2	0.0000000E+0
4.1701000E+1	6.5160776E+1	6.0239863E+1	0.0000000E+0	0.0000000E+0	1.0000000E+2	0.0000000E+0
4.1751000E+1	6.5179487E+1	6.0257385E+1	0.0000000E+0	0.0000000E+0	1.0000000E+2	0.0000000E+0
4.1801000E+1	6.5164417E+1	6.0250300E+1	0.0000000E+0	0.0000000E+0	1.0000000E+2	0.0000000E+0
4.1851000E+1	6.5130972E+1	6.0250733E+1	0.0000000E+0	0.0000000E+0	1.0000000E+2	0.0000000E+0
4.1902000E+1	6.5128179E+1	6.0235274E+1	0.0000000E+0	0.0000000E+0	1.0000000E+2	0.0000000E+0
4.1953000E+1	6.5158117E+1	6.0237252E+1	0.0000000E+0	0.0000000E+0	1.0000000E+2	0.0000000E+0
4.2003000E+1	6.5179649E+1	6.0253752E+1	0.0000000E+0	0.0000000E+0	1.0000000E+2	0.0000000E+0
4.2053000E+1	6.5186200E+1	6.0246839E+1	0.0000000E+0	0.0000000E+0	1.0000000E+2	0.0000000E+0
4.2104000E+1	6.5212936E+1	6.0253338E+1	0.0000000E+0	0.0000000E+0	1.0000000E+2	0.0000000E+0
4.2155000E+1	6.5214405E+1	6.0235459E+1	0.0000000E+0	0.0000000E+0	1.0000000E+2	0.0000000E+0
4.2205000E+1	6.5253331E+1	6.0240695E+1	0.0000000E+0	0.0000000E+0	1.0000000E+2	0.0000000E+0
4.2255000E+1	6.5287951E+1	6.0242493E+1	0.0000000E+0	0.0000000E+0	1.0000000E+2	0.0000000E+0
4.2307000E+1	6.5339958E+1	6.0271341E+1	0.0000000E+0	0.0000000E+0	1.0000000E+2	0.0000000E+0
4.2357000E+1	6.5367612E+1	6.0265224E+1	0.0000000E+0	0.0000000E+0	1.0000000E+2	0.0000000E+0
4.2407000E+1	6.5408267E+1	6.0276953E+1	0.0000000E+0	0.0000000E+0	1.0000000E+2	0.0000000E+0
4.2457000E+1	6.5424156E+1	6.0265242E+1	0.0000000E+0	0.0000000E+0	1.0000000E+2	0.0000000E+0
4.2507000E+1	6.5443301E+1	6.0267212E+1	0.0000000E+0	0.0000000E+0	1.0000000E+2	0.0000000E+0
4.2557000E+1	6.5379362E+1	6.0276837E+1	0.0000000E+0	0.0000000E+0	1.0000000E+2	0.0000000E+0
4.2607000E+1	6.5255943E+1	6.0249523E+1	0.0000000E+0	0.0000000E+0	1.0000000E+2	0.0000000E+0
4.2658000E+1	6.5181408E+1	6.0252077E+1	0.0000000E+0	0.0000000E+0	1.0000000E+2	0.0000000E+0
4.2709000E+1	6.5099380E+1	6.0256550E+1	0.0000000E+0	0.0000000E+0	1.0000000E+2	0.0000000E+0
4.2760000E+1	6.5028805E+1	6.0268535E+1	0.0000000E+0	0.0000000E+0	1.0000000E+2	0.0000000E+0
4.2810000E+1	6.4796082E+1	6.0247720E+1	0.0000000E+0	0.0000000E+0	1.0000000E+2	0.0000000E+0
4.2860000E+1	6.4663955E+1	6.0264391E+1	0.0000000E+0	0.0000000E+0	1.0000000E+2	0.0000000E+0
4.2911000E+1	6.4594841E+1	6.0265706E+1	0.0000000E+0	0.0000000E+0	1.0000000E+2	0.0000000E+0
4.2961000E+1	6.4548341E+1	6.0270396E+1	0.0000000E+0	0.0000000E+0	1.0000000E+2	0.0000000E+0
4.3011000E+1	6.4530773E+1	6.0281023E+1	0.0000000E+0	0.0000000E+0	1.0000000E+2	0.0000000E+0
4.3061000E+1	6.4527164E+1	6.0279436E+1	0.0000000E+0	0.0000000E+0	1.0000000E+2	0.0000000E+0
4.3111000E+1	6.4524825E+1	6.0287713E+1	0.0000000E+0	0.0000000E+0	1.0000000E+2	0.0000000E+0
4.3161000E+1	6.4541290E+1	6.0297674E+1	0.0000000E+0	0.0000000E+0	1.0000000E+2	0.0000000E+0
4.3211000E+1	6.4560647E+1	6.0296393E+1	0.0000000E+0	0.0000000E+0	1.0000000E+2	0.0000000E+0
4.3261000E+1	6.4603094E+1	6.0302066E+1	0.0000000E+0	0.0000000E+0	1.0000000E+2	0.0000000E+0
4.3311000E+1	6.4620123E+1	6.0311061E+1	0.0000000E+0	0.0000000E+0	1.0000000E+2	0.0000000E+0
4.3361000E+1	6.4639835E+1	6.0295093E+1	0.0000000E+0	0.0000000E+0	1.0000000E+2	0.0000000E+0
4.3411000E+1	6.4673126E+1	6.0308009E+1	0.0000000E+0	0.0000000E+0	1.0000000E+2	0.0000000E+0
4.3461000E+1	6.4710291E+1	6.0305006E+1	0.0000000E+0	0.0000000E+0	1.0000000E+2	0.0000000E+0
4.3511000E+1	6.4766244E+1	6.0321749E+1	0.0000000E+0	0.0000000E+0	1.0000000E+2	0.0000000E+0
4.3561000E+1	6.4739957E+1	6.0300349E+1	0.0000000E+0	0.0000000E+0	1.0000000E+2	0.0000000E+0
4.3611000E+1	6.4740266E+1	6.0317748E+1	0.0000000E+0	0.0000000E+0	1.0000000E+2	0.0000000E+0
4.3662000E+1	6.4733916E+1	6.0306727E+1	0.0000000E+0	0.0000000E+0	1.0000000E+2	0.0000000E+0
4.3712000E+1	6.4738305E+1	6.0300406E+1	0.0000000E+0	0.0000000E+0	1.0000000E+2	0.0000000E+0
4.3762000E+1	6.4779003E+1	6.0320333E+1	0.0000000E+0	0.0000000E+0	1.0000000E+2	0.0000000E+0
4.3812000E+1	6.4771842E+1	6.0312203E+1	0.0000000E+0	0.0000000E+0	1.0000000E+2	0.0000000E+0
4.3862000E+1	6.4782181E+1	6.0325537E+1	0.0000000E+0	0.0000000E+0	1.0000000E+2	0.0000000E+0
4.3913000E+1	6.4773836E+1	6.0319527E+1	0.0000000E+0	0.0000000E+0	1.0000000E+2	0.0000000E+0
4.3963000E+1	6.4754529E+1	6.0317563E+1	0.0000000E+0	0.0000000E+0	1.0000000E+2	0.0000000E+0
4.4014000E+1	6.4747510E+1	6.0302305E+1	0.0000000E+0	0.0000000E+0	1.0000000E+2	0.0000000E+0
4.4064000E+1	6.4726936E+1	6.0296149E+1	0.0000000E+0	0.0000000E+0	1.0000000E+2	0.0000000E+0
4.4114000E+1	6.4662121E+1	6.0299001E+1	0.0000000E+0	0.0000000E+0	1.0000000E+2	0.0000000E+0
4.4164000E+1	6.4626083E+1	6.0309441E+1	0.0000000E+0	0.0000000E+0	1.0000000E+2	0.0000000E+0
4.4214000E+1	6.4588742E+1	6.0308464E+1	0.0000000E+0	0.0000000E+0	1.0000000E+2	0.0000000E+0
4.4264000E+1	6.4545767E+1	6.0291521E+1	0.0000000E+0	0.0000000E+0	1.0000000E+2	0.0000000E+0
4.4314000E+1	6.4496553E+1	6.0288031E+1	0.0000000E+0	0.0000000E+0	1.0000000E+2	0.0000000E+0
4.4364000E+1	6.4440094E+1	6.0289578E+1	0.0000000E+0	0.0000000E+0	1.0000000E+2	0.0000000E+0
4.4414000E+1	6.4405519E+1	6.0270596E+1	0.0000000E+0	0.0000000E+0	1.0000000E+2	0.0000000E+0
4.4464000E+1	6.4412407E+1	6.0267460E+1	0.0000000E+0	0.0000000E+0	1.0000000E+2	0.0000000E+0
4.4514000E+1	6.4422001E+1	6.0273819E+1	0.0000000E+0	0.0000000E+0	1.0000000E+2	0.0000000E+0
4.4564000E+1	6.4412551E+1	6.0275499E+1	0.0000000E+0	0.0000000E+0	1.0000000E+2	0.0000000E+0
4.4614000E+1	6.4426990E+1	6.0264181E+1	0.0000000E+0	0.0000000E+0	1.0000000E+2	0.0000000E+0
4.4664000E+1	6.4416866E+1	6.0245037E+1	0.0000000E+0	0.0000000E+0	1.0000000E+2	0.0000000E+0
4.4714000E+1	6.4423999E+1	6.0238795E+1	0.0000000E+0	0.0000000E+0	1.0000000E+2	0.0000000E+0
4.4764000E+1	6.4421528E+1	6.0247034E+1	0.0000000E+0	0.0000000E+0	1.0000000E+2	0.0000000E+0
4.4814000E+1	6.4459973E+1	6.0251832E+1	0.0000000E+0	0.0000000E+0	1.0000000E+2	0.0000000E+0
4.4864000E+1	6.4466496E+1	6.0247573E+1	0.0000000E+0	0.0000000E+0	1.0000000E+2	0.0000000E+0
4.4914000E+1	6.4468088E+1	6.0251307E+1	0.0000000E+0	0.0000000E+0	1.0000000E+2	0.0000000E+0
4.4964000E+1	6.4481125E+1	6.0250138E+1	0.0000000E+0	0.0000000E+0	1.0000000E+2	0.0000000E+0
4.5014000E+1	6.4490967E+1	6.0246245E+1	0.0000000E+0	0.0000000E+0	1.0000000E+2	0.0000000E+0
4.5064000E+1	6.4493336E+1	6.0247749E+1	0.0000000E+0	0.0000000E+0	1.0000000E+2	0.0000000E+0
4.5115000E+1	6.4484364E+1	6.0230243E+1	0.0000000E+0	0.0000000E+0	1.0000000E+2	0.0000000E+0
4.5165000E+1	6.4470564E+1	6.0251225E+1	0.0000000E+0	0.0000000E+0	1.0000000E+2	0.0000000E+0
4.5215000E+1	6.4457101E+1	6.0240850E+1	0.0000000E+0	0.0000000E+0	1.0000000E+2	0.0000000E+0
4.5265000E+1	6.4411479E+1	6.0229679E+1	0.0000000E+0	0.0000000E+0	1.0000000E+2	0.0000000E+0
4.5316000E+1	6.4392251E+1	6.0235267E+1	0.0000000E+0	0.0000000E+0	1.0000000E+2	0.0000000E+0
4.5366000E+1	6.4344824E+1	6.0242318E+1	0.0000000E+0	0.0000000E+0	1.0000000E+2	0.0000000E+0
4.5416000E+1	6.4296919E+1	6.0231392E+1	0.0000000E+0	0.0000000E+0	1.0000000E+2	0.0000000E+0
4.5467000E+1	6.4266402E+1	6.0239342E+1	0.0000000E+0	0.0000000E+0	1.0000000E+2	0.0000000E+0
4.5518000E+1	6.4222439E+1	6.0234393E+1	0.0000000E+0	0.0000000E+0	1.0000000E+2	0.0000000E+0
4.5569000E+1	6.4171300E+1	6.0258330E+1	0.0000000E+0	0.0000000E+0	1.0000000E+2	0.0000000E+0
4.5620000E+1	6.4101920E+1	6.0253377E+1	0.0000000E+0	0.0000000E+0	1.0000000E+2	0.0000000E+0
4.5670000E+1	6.4065386E+1	6.0258977E+1	0.0000000E+0	0.0000000E+0	1.0000000E+2	0.0000000E+0
4.5720000E+1	6.4024671E+1	6.0278429E+1	0.0000000E+0	0.0000000E+0	1.0000000E+2	0.0000000E+0
4.5770000E+1	6.3999386E+1	6.0257834E+1	0.0000000E+0	0.0000000E+0	1.0000000E+2	0.0000000E+0
4.5820000E+1	6.3978848E+1	6.0279218E+1	0.0000000E+0	0.0000000E+0	1.0000000E+2	0.0000000E+0
4.5871000E+1	6.3963598E+1	6.0271170E+1	0.0000000E+0	0.0000000E+0	1.0000000E+2	0.0000000E+0
4.5923000E+1	6.3980863E+1	6.0284037E+1	0.0000000E+0	0.0000000E+0	1.0000000E+2	0.0000000E+0
4.5973000E+1	6.3988123E+1	6.0287486E+1	0.0000000E+0	0.0000000E+0	1.0000000E+2	0.0000000E+0
4.6023000E+1	6.4000755E+1	6.0303872E+1	0.0000000E+0	0.0000000E+0	1.0000000E+2	0.0000000E+0
4.6073000E+1	6.4039890E+1	6.0307689E+1	0.0000000E+0	0.0000000E+0	1.0000000E+2	0.0000000E+0
4.6124000E+1	6.4071323E+1	6.0316767E+1	0.0000000E+0	0.0000000E+0	1.0000000E+2	0.0000000E+0
4.6174000E+1	6.4094913E+1	6.0305430E+1	0.0000000E+0	0.0000000E+0	1.0000000E+2	0.0000000E+0
4.6224000E+1	6.4106357E+1	6.0308975E+1	0.0000000E+0	0.0000000E+0	1.0000000E+2	0.0000000E+0
4.6274000E+1	6.4141197E+1	6.0324832E+1	0.0000000E+0	0.0000000E+0	1.0000000E+2	0.0000000E+0
4.6324000E+1	6.4165311E+1	6.0321527E+1	0.0000000E+0	0.0000000E+0	1.0000000E+2	0.0000000E+0
4.6374000E+1	6.4185888E+1	6.0305838E+1	0.0000000E+0	0.0000000E+0	1.0000000E+2	0.0000000E+0
4.6424000E+1	6.4216269E+1	6.0320768E+1	0.0000000E+0	0.0000000E+0	1.0000000E+2	0.0000000E+0
4.6474000E+1	6.4233493E+1	6.0323169E+1	0.0000000E+0	0.0000000E+0	1.0000000E+2	0.0000000E+0
4.6524000E+1	6.4227280E+1	6.0303628E+1	0.0000000E+0	0.0000000E+0	1.0000000E+2	0.0000000E+0
4.6574000E+1	6.4255617E+1	6.0310547E+1	0.0000000E+0	0.0000000E+0	1.0000000E+2	0.0000000E+0
4.6624000E+1	6.4260576E+1	6.0287217E+1	0.0000000E+0	0.0000000E+0	1.0000000E+2	0.0000000E+0
4.6674000E+1	6.4268489E+1	6.0308545E+1	0.0000000E+0	0.0000000E+0	1.0000000E+2	0.0000000E+0
4.6724000E+1	6.4270414E+1	6.0309281E+1	0.0000000E+0	0.0000000E+0	1.0000000E+2	0.0000000E+0
4.6774000E+1	6.4251698E+1	6.0293467E+1	0.0000000E+0	0.0000000E+0	1.0000000E+2	0.0000000E+0
4.6825000E+1	6.4229398E+1	6.0290957E+1	0.0000000E+0	0.0000000E+0	1.0000000E+2	0.0000000E+0
4.6875000E+1	6.4181790E+1	6.0287624E+1	0.0000000E+0	0.0000000E+0	1.0000000E+2	0.0000000E+0
4.6926000E+1	6.4108106E+1	6.0281075E+1	0.0000000E+0	0.0000000E+0	1.0000000E+2	0.0000000E+0
4.6977000E+1	6.4051203E+1	6.0271458E+1	0.0000000E+0	0.0000000E+0	1.0000000E+2	0.0000000E+0
4.7028000E+1	6.4009375E+1	6.0266467E+1	0.0000000E+0	0.0000000E+0	1.0000000E+2	0.0000000E+0
4.7078000E+1	6.4028216E+1	6.0288436E+1	0.0000000E+0	0.0000000E+0	1.0000000E+2	0.0000000E+0
4.7129000E+1	6.4032288E+1	6.0294292E+1	0.0000000E+0	0.0000000E+0	1.0000000E+2	0.0000000E+0
4.7179000E+1	6.4010912E+1	6.0281785E+1	0.0000000E+0	0.0000000E+0	1.0000000E+2	0.0000000E+0
4.7229000E+1	6.3994624E+1	6.0279269E+1	0.0000000E+0	0.0000000E+0	1.0000000E+2	0.0000000E+0
4.7279000E+1	6.3985052E+1	6.0282895E+1	0.0000000E+0	0.0000000E+0	1.0000000E+2	0.0000000E+0
4.7329000E+1	6.3967668E+1	6.0281112E+1	0.0000000E+0	0.0000000E+0	1.0000000E+2	0.0000000E+0
4.7379000E+1	6.3970258E+1	6.0282714E+1	0.0000000E+0	0.0000000E+0	1.0000000E+2	0.0000000E+0
4.7430000E+1	6.3970119E+1	6.0282322E+1	0.0000000E+0	0.0000000E+0	1.0000000E+2	0.0000000E+0
4.7480000E+1	6.3981424E+1	6.0289487E+1	0.0000000E+0	0.0000000E+0	1.0000000E+2	0.0000000E+0
4.7530000E+1	6.3988299E+1	6.0270948E+1	0.0000000E+0	0.0000000E+0	1.0000000E+2	0.0000000E+0
4.7580000E+1	6.4026111E+1	6.0281867E+1	0.0000000E+0	0.0000000E+0	1.0000000E+2	0.0000000E+0
4.7630000E+1	6.4026223E+1	6.0271858E+1	0.0000000E+0	0.0000000E+0	1.0000000E+2	0.0000000E+0
4.7680000E+1	6.4030914E+1	6.0270156E+1	0.0000000E+0	0.0000000E+0	1.0000000E+2	0.0000000E+0
4.7731000E+1	6.4040811E+1	6.0283099E+1	0.0000000E+0	0.0000000E+0	1.0000000E+2	0.0000000E+0
4.7782000E+1	6.4063004E+1	6.0281954E+1	0.0000000E+0	0.0000000E+0	1.0000000E+2	0.0000000E+0
4.7832000E+1	6.4090748E+1	6.0276661E+1	0.0000000E+0	0.0000000E+0	1.0000000E+2	0.0000000E+0
4.7882000E+1	6.4123697E+1	6.0286376E+1	0.0000000E+0	0.0000000E+0	1.0000000E+2	0.0000000E+0
4.7932000E+1	6.4147365E+1	6.0289447E+1	0.0000000E+0	0.0000000E+0	1.0000000E+2	0.0000000E+0
4.7982000E+1	6.4162532E+1	6.0285900E+1	0.0000000E+0	0.0000000E+0	1.0000000E+2	0.0000000E+0
4.8033000E+1	6.4169497E+1	6.0295130E+1	0.0000000E+0	0.0000000E+0	1.0000000E+2	0.0000000E+0
4.8084000E+1	6.4175783E+1	6.0290825E+1	0.0000000E+0	0.0000000E+0	1.0000000E+2	0.0000000E+0
4.8134000E+1	6.4166109E+1	6.0284205E+1	0.0000000E+0	0.0000000E+0	1.0000000E+2	0.0000000E+0
4.8184000E+1	6.4147678E+1	6.0276354E+1	0.0000000E+0	0.0000000E+0	1.0000000E+2	0.0000000E+0
4.8234000E+1	6.4107704E+1	6.0292583E+1	0.0000000E+0	0.0000000E+0	1.0000000E+2	0.0000000E+0
4.8284000E+1	6.4053971E+1	6.0265960E+1	0.0000000E+0	0.0000000E+0	1.0000000E+2	0.0000000E+0
4.8334000E+1	6.4016088E+1	6.0267358E+1	0.0000000E+0	0.0000000E+0	1.0000000E+2	0.0000000E+0
4.8384000E+1	6.4002087E+1	6.0292980E+1	0.0000000E+0	0.0000000E+0	1.0000000E+2	0.0000000E+0
4.8434000E+1	6.3970045E+1	6.0286229E+1	0.0000000E+0	0.0000000E+0	1.0000000E+2	0.0000000E+0
4.8484000E+1	6.3927212E+1	6.0287072E+1	0.0000000E+0	0.0000000E+0	1.0000000E+2	0.0000000E+0
4.8534000E+1	6.3874512E+1	6.0294836E+1	0.0000000E+0	0.0000000E+0	1.0000000E+2	0.0000000E+0
4.8584000E+1	6.3831042E+1	6.0289582E+1	0.0000000E+0	0.0000000E+0	1.0000000E+2	0.0000000E+0
4.8634000E+1	6.3771511E+1	6.0281985E+1	0.0000000E+0	0.0000000E+0	1.0000000E+2	0.0000000E+0
4.8684000E+1	6.3692768E+1	6.0284342E+1	0.0000000E+0	0.0000000E+0	1.0000000E+2	0.0000000E+0
4.8735000E+1	6.3688551E+1	6.0294340E+1	0.0000000E+0	0.0000000E+0	1.0000000E+2	0.0000000E+0
4.8786000E+1	6.3691188E+1	6.0286576E+1	0.0000000E+0	0.0000000E+0	1.0000000E+2	0.0000000E+0
4.8836000E+1	6.3703909E+1	6.0296844E+1	0.0000000E+0	0.0000000E+0	1.0000000E+2	0.0000000E+0
4.8886000E+1	6.3698591E+1	6.0293593E+1	0.0000000E+0	0.0000000E+0	1.0000000E+2	0.0000000E+0
4.8937000E+1	6.3711828E+1	6.0280407E+1	0.0000000E+0	0.0000000E+0	1.0000000E+2	0.0000000E+0
4.8988000E+1	6.3754844E+1	6.0280813E+1	0.0000000E+0	0.0000000E+0	1.0000000E+2	0.0000000E+0
4.9038000E+1	6.3751266E+1	6.0282431E+1	0.0000000E+0	0.0000000E+0	1.0000000E+2	0.0000000E+0
4.9088000E+1	6.3761637E+1	6.0273401E+1	0.0000000E+0	0.0000000E+0	1.0000000E+2	0.0000000E+0
4.9138000E+1	6.3761022E+1	6.0269423E+1	0.0000000E+0	0.0000000E+0	1.0000000E+2	0.0000000E+0
4.9188000E+1	6.3750943E+1	6.0281260E+1	0.0000000E+0	0.0000000E+0	1.0000000E+2	0.0000000E+0
4.9239000E+1	6.3762202E+1	6.0281070E+1	0.0000000E+0	0.0000000E+0	1.0000000E+2	0.0000000E+0
4.9289000E+1	6.3762073E+1	6.0278441E+1	0.0000000E+0	0.0000000E+0	1.0000000E+2	0.0000000E+0
4.9340000E+1	6.3778833E+1	6.0289933E+1	0.0000000E+0	0.0000000E+0	1.0000000E+2	0.0000000E+0
4.9390000E+1	6.3770898E+1	6.0281474E+1	0.0000000E+0	0.0000000E+0	1.0000000E+2	0.0000000E+0
4.9440000E+1	6.3780205E+1	6.0296682E+1	0.0000000E+0	0.0000000E+0	1.0000000E+2	0.0000000E+0
4.9490000E+1	6.3773699E+1	6.0293467E+1	0.0000000E+0	0.0000000E+0	1.0000000E+2	0.0000000E+0
4.9540000E+1	6.3750389E+1	6.0292701E+1	0.0000000E+0	0.0000000E+0	1.0000000E+2	0.0000000E+0
4.9590000E+1	6.3714277E+1	6.0283539E+1	0.0000000E+0	0.0000000E+0	1.0000000E+2	0.0000000E+0
4.9640000E+1	6.3700931E+1	6.0289500E+1	0.0000000E+0	0.0000000E+0	1.0000000E+2	0.0000000E+0
4.9690000E+1	6.3703346E+1	6.0290311E+1	0.0000000E+0	0.0000000E+0	1.0000000E+2	0.0000000E+0
4.9741000E+1	6.3671603E+1	6.0291336E+1	0.0000000E+0	0.0000000E+0	1.0000000E+2	0.0000000E+0
4.9791000E+1	6.3652653E+1	6.0298977E+1	0.0000000E+0	0.0000000E+0	1.0000000E+2	0.0000000E+0
4.9842000E+1	6.3614594E+1	6.0295320E+1	0.0000000E+0	0.0000000E+0	1.0000000E+2	0.0000000E+0
4.9892000E+1	6.3591392E+1	6.0293130E+1	0.0000000E+0	0.0000000E+0	1.0000000E+2	0.0000000E+0
4.9942000E+1	6.3576985E+1	6.0294685E+1	0.0000000E+0	0.0000000E+0	1.0000000E+2	0.0000000E+0
4.9992000E+1	6.3532716E+1	6.0283251E+1	0.0000000E+0	0.0000000E+0	1.0000000E+2	0.0000000E+0
5.0043000E+1	6.3510056E+1	6.0278854E+1	0.0000000E+0	0.0000000E+0	1.0000000E+2	0.0000000E+0
5.0093000E+1	6.3514951E+1	6.0280451E+1	0.0000000E+0	0.0000000E+0	1.0000000E+2	0.0000000E+0
5.0143000E+1	6.3522019E+1	6.0286937E+1	0.0000000E+0	0.0000000E+0	1.0000000E+2	0.0000000E+0
5.0193000E+1	6.3510405E+1	6.0286499E+1	0.0000000E+0	0.0000000E+0	1.0000000E+2	0.0000000E+0
5.0243000E+1	6.3526930E+1	6.0275732E+1	0.0000000E+0	0.0000000E+0	1.0000000E+2	0.0000000E+0
5.0293000E+1	6.3548398E+1	6.0291850E+1	0.0000000E+0	0.0000000E+0	1.0000000E+2	0.0000000E+0
5.0344000E+1	6.3553477E+1	6.0286426E+1	0.0000000E+0	0.0000000E+0	1.0000000E+2	0.0000000E+0
5.0394000E+1	6.3562439E+1	6.0282063E+1	0.0000000E+0	0.0000000E+0	1.0000000E+2	0.0000000E+0
5.0444000E+1	6.3578341E+1	6.0287365E+1	0.0000000E+0	0.0000000E+0	1.0000000E+2	0.0000000E+0
5.0494000E+1	6.3553045E+1	6.0289306E+1	0.0000000E+0	0.0000000E+0	1.0000000E+2	0.0000000E+0
5.0544000E+1	6.3570554E+1	6.0270725E+1	0.0000000E+0	0.0000000E+0	1.0000000E+2	0.0000000E+0
5.0594000E+1	6.3577877E+1	6.0256614E+1	0.0000000E+0	0.0000000E+0	1.0000000E+2	0.0000000E+0
5.0644000E+1	6.3590489E+1	6.0285615E+1	0.0000000E+0	0.0000000E+0	1.0000000E+2	0.0000000E+0
5.0694000E+1	6.3607247E+1	6.0278063E+1	0.0000000E+0	0.0000000E+0	1.0000000E+2	0.0000000E+0
5.0744000E+1	6.3650899E+1	6.0286166E+1	0.0000000E+0	0.0000000E+0	1.0000000E+2	0.0000000E+0
5.0794000E+1	6.3673663E+1	6.0286218E+1	0.0000000E+0	0.0000000E+0	1.0000000E+2	0.0000000E+0
5.0844000E+1	6.3695614E+1	6.0284672E+1	0.0000000E+0	0.0000000E+0	1.0000000E+2	0.0000000E+0
5.0894000E+1	6.3713983E+1	6.0288395E+1	0.0000000E+0	0.0000000E+0	1.0000000E+2	0.0000000E+0
5.0944000E+1	6.3730733E+1	6.0300472E+1	0.0000000E+0	0.0000000E+0	1.0000000E+2	0.0000000E+0
5.0994000E+1	6.3736359E+1	6.0289623E+1	0.0000000E+0	0.0000000E+0	1.0000000E+2	0.0000000E+0
5.1044000E+1	6.3746146E+1	6.0284630E+1	0.0000000E+0	0.0000000E+0	1.0000000E+2	0.0000000E+0
5.1094000E+1	6.3726302E+1	6.0290322E+1	0.0000000E+0	0.0000000E+0	1.0000000E+2	0.0000000E+0
5.1144000E+1	6.3687504E+1	6.0283517E+1	0.0000000E+0	0.0000000E+0	1.0000000E+2	0.0000000E+0
5.1194000E+1	6.3669501E+1	6.0283494E+1	0.0000000E+0	0.0000000E+0	1.0000000E+2	0.0000000E+0
5.1244000E+1	6.3649274E+1	6.0292505E+1	0.0000000E+0	0.0000000E+0	1.0000000E+2	0.0000000E+0
5.1294000E+1	6.3672921E+1	6.0304546E+1	0.0000000E+0	0.0000000E+0	1.0000000E+2	0.0000000E+0
5.1344000E+1	6.3674943E+1	6.0306137E+1	0.0000000E+0	0.0000000E+0	1.0000000E+2	0.0000000E+0
5.1394000E+1	6.3675136E+1	6.0305918E+1	0.0000000E+0	0.0000000E+0	1.0000000E+2	0.0000000E+0
5.1444000E+1	6.3666981E+1	6.0300972E+1	0.0000000E+0	0.0000000E+0	1.0000000E+2	0.0000000E+0
5.1494000E+1	6.3662974E+1	6.0291117E+1	0.0000000E+0	0.0000000E+0	1.0000000E+2	0.0000000E+0
5.1544000E+1	6.3658802E+1	6.0285611E+1	0.0000000E+0	0.0000000E+0	1.0000000E+2	0.0000000E+0
5.1594000E+1	6.3673782E+1	6.0281327E+1	0.0000000E+0	0.0000000E+0	1.0000000E+2	0.0000000E+0
5.1644000E+1	6.3672312E+1	6.0286514E+1	0.0000000E+0	0.0000000E+0	1.0000000E+2	0.0000000E+0
5.1694000E+1	6.3664939E+1	6.0291298E+1	0.0000000E+0	0.0000000E+0	1.0000000E+2	0.0000000E+0
5.1744000E+1	6.3658382E+1	6.0295128E+1	0.0000000E+0	0.0000000E+0	1.0000000E+2	0.0000000E+0
5.1795000E+1	6.3674975E+1	6.0296371E+1	0.0000000E+0	0.0000000E+0	1.0000000E+2	0.0000000E+0
5.1846000E+1	6.3683150E+1	6.0298358E+1	0.0000000E+0	0.0000000E+0	1.0000000E+2	0.0000000E+0
5.1896000E+1	6.3672625E+1	6.0296708E+1	0.0000000E+0	0.0000000E+0	1.0000000E+2	0.0000000E+0
5.1947000E+1	6.3685963E+1	6.0300261E+1	0.0000000E+0	0.0000000E+0	1.0000000E+2	0.0000000E+0
5.1997000E+1	6.3716291E+1	6.0310576E+1	0.0000000E+0	0.0000000E+0	1.0000000E+2	0.0000000E+0
5.2047000E+1	6.3716539E+1	6.0306325E+1	0.0000000E+0	0.0000000E+0	1.0000000E+2	0.0000000E+0
5.2097000E+1	6.3749392E+1	6.0316760E+1	0.0000000E+0	0.0000000E+0	1.0000000E+2	0.0000000E+0
5.2147000E+1	6.3767453E+1	6.0301268E+1	0.0000000E+0	0.0000000E+0	1.0000000E+2	0.0000000E+0
5.2198000E+1	6.3781289E+1	6.0307668E+1	0.0000000E+0	0.0000000E+0	1.0000000E+2	0.0000000E+0
5.2248000E+1	6.3759560E+1	6.0304001E+1	0.0000000E+0	0.0000000E+0	1.0000000E+2	0.0000000E+0
5.2298000E+1	6.3761226E+1	6.0307457E+1	0.0000000E+0	0.0000000E+0	1.0000000E+2	0.0000000E+0
5.2348000E+1	6.3767452E+1	6.0305611E+1	0.0000000E+0	0.0000000E+0	1.0000000E+2	0.0000000E+0
5.2398000E+1	6.3769721E+1	6.0306969E+1	0.0000000E+0	0.0000000E+0	1.0000000E+2	0.0000000E+0
5.2448000E+1	6.3798180E+1	6.0307210E+1	0.0000000E+0	0.0000000E+0	1.0000000E+2	0.0000000E+0
5.2499000E+1	6.3787419E+1	6.0309727E+1	0.0000000E+0	0.0000000E+0	1.0000000E+2	0.0000000E+0
5.2549000E+1	6.3797234E+1	6.0305934E+1	0.0000000E+0	0.0000000E+0	1.0000000E+2	0.0000000E+0
5.2599000E+1	6.3784922E+1	6.0305686E+1	0.0000000E+0	0.0000000E+0	1.0000000E+2	0.0000000E+0
5.2649000E+1	6.3743159E+1	6.0295622E+1	0.0000000E+0	0.0000000E+0	1.0000000E+2	0.0000000E+0
5.2699000E+1	6.3731883E+1	6.0301837E+1	0.0000000E+0	0.0000000E+0	1.0000000E+2	0.0000000E+0
5.2749000E+1	6.3711406E+1	6.0294899E+1	0.0000000E+0	0.0000000E+0	1.0000000E+2	0.0000000E+0
5.2799000E+1	6.3694063E+1	6.0294899E+1	0.0000000E+0	0.0000000E+0	1.0000000E+2	0.0000000E+0
5.2850000E+1	6.3680128E+1	6.0302084E+1	0.0000000E+0	0.0000000E+0	1.0000000E+2	0.0000000E+0
5.2901000E+1	6.3680421E+1	6.0302096E+1	0.0000000E+0	0.0000000E+0	1.0000000E+2	0.0000000E+0
5.2952000E+1	6.3663489E+1	6.0289424E+1	0.0000000E+0	0.0000000E+0	1.0000000E+2	0.0000000E+0
5.3002000E+1	6.3654323E+1	6.0309005E+1	0.0000000E+0	0.0000000E+0	1.0000000E+2	0.0000000E+0
5.3052000E+1	6.3599584E+1	6.0308409E+1	0.0000000E+0	0.0000000E+0	1.0000000E+2	0.0000000E+0
5.3102000E+1	6.3570245E+1	6.0301365E+1	0.0000000E+0	0.0000000E+0	1.0000000E+2	0.0000000E+0
5.3152000E+1	6.3561901E+1	6.0306134E+1	0.0000000E+0	0.0000000E+0	1.0000000E+2	0.0000000E+0
5.3202000E+1	6.3572513E+1	6.0320448E+1	0.0000000E+0	0.0000000E+0	1.0000000E+2	0.0000000E+0
5.3252000E+1	6.3526200E+1	6.0318793E+1	0.0000000E+0	0.0000000E+0	1.0000000E+2	0.0000000E+0
5.3302000E+1	6.3478159E+1	6.0301485E+1	0.0000000E+0	0.0000000E+0	1.0000000E+2	0.0000000E+0
5.3352000E+1	6.3441914E+1	6.0309607E+1	0.0000000E+0	0.0000000E+0	1.0000000E+2	0.0000000E+0
5.3402000E+1	6.3404809E+1	6.0314492E+1	0.0000000E+0	0.0000000E+0	1.0000000E+2	0.0000000E+0
5.3452000E+1	6.3397640E+1	6.0316703E+1	0.0000000E+0	0.0000000E+0	1.0000000E+2	0.0000000E+0
5.3502000E+1	6.3359103E+1	6.0303617E+1	0.0000000E+0	0.0000000E+0	1.0000000E+2	0.0000000E+0
5.3552000E+1	6.3353378E+1	6.0299574E+1	0.0000000E+0	0.0000000E+0	1.0000000E+2	0.0000000E+0
5.3602000E+1	6.3357551E+1	6.0318209E+1	0.0000000E+0	0.0000000E+0	1.0000000E+2	0.0000000E+0
5.3652000E+1	6.3342854E+1	6.0319394E+1	0.0000000E+0	0.0000000E+0	1.0000000E+2	0.0000000E+0
5.3702000E+1	6.3327938E+1	6.0311851E+1	0.0000000E+0	0.0000000E+0	1.0000000E+2	0.0000000E+0
5.3752000E+1	6.3306952E+1	6.0302031E+1	0.0000000E+0	0.0000000E+0	1.0000000E+2	0.0000000E+0
5.3802000E+1	6.3308856E+1	6.0292588E+1	0.0000000E+0	0.0000000E+0	1.0000000E+2	0.0000000E+0
5.3852000E+1	6.3337950E+1	6.0312845E+1	0.0000000E+0	0.0000000E+0	1.0000000E+2	0.0000000E+0
5.3902000E+1	6.3343146E+1	6.0305254E+1	0.0000000E+0	0.0000000E+0	1.0000000E+2	0.0000000E+0
5.3952000E+1	6.3372916E+1	6.0318558E+1	0.0000000E+0	0.0000000E+0	1.0000000E+2	0.0000000E+0
5.4004000E+1	6.3376503E+1	6.0303676E+1	0.0000000E+0	0.0000000E+0	1.0000000E+2	0.0000000E+0
5.4054000E+1	6.3375924E+1	6.0320537E+1	0.0000000E+0	0.0000000E+0	1.0000000E+2	0.0000000E+0
5.4104000E+1	6.3384301E+1	6.0325359E+1	0.0000000E+0	0.0000000E+0	1.0000000E+2	0.0000000E+0
5.4154000E+1	6.3400417E+1	6.0308873E+1	0.0000000E+0	0.0000000E+0	1.0000000E+2	0.0000000E+0
5.4205000E+1	6.3405821E+1	6.0306040E+1	0.0000000E+0	0.0000000E+0	1.0000000E+2	0.0000000E+0
5.4255000E+1	6.3401780E+1	6.0312453E+1	0.0000000E+0	0.0000000E+0	1.0000000E+2	0.0000000E+0
5.4306000E+1	6.3404644E+1	6.0315894E+1	0.0000000E+0	0.0000000E+0	1.0000000E+2	0.0000000E+0
5.4357000E+1	6.3392826E+1	6.0321629E+1	0.0000000E+0	0.0000000E+0	1.0000000E+2	0.0000000E+0
5.4407000E+1	6.3369024E+1	6.0323254E+1	0.0000000E+0	0.0000000E+0	1.0000000E+2	0.0000000E+0
5.4458000E+1	6.3347813E+1	6.0307672E+1	0.0000000E+0	0.0000000E+0	1.0000000E+2	0.0000000E+0
5.4508000E+1	6.3325902E+1	6.0311994E+1	0.0000000E+0	0.0000000E+0	1.0000000E+2	0.0000000E+0
5.4558000E+1	6.3295900E+1	6.0293034E+1	0.0000000E+0	0.0000000E+0	1.0000000E+2	0.0000000E+0
5.4609000E+1	6.3281088E+1	6.0302033E+1	0.0000000E+0	0.0000000E+0	1.0000000E+2	0.0000000E+0
5.4659000E+1	6.3262636E+1	6.0303832E+1	0.0000000E+0	0.0000000E+0	1.0000000E+2	0.0000000E+0
5.4709000E+1	6.3249273E+1	6.0313881E+1	0.0000000E+0	0.0000000E+0	1.0000000E+2	0.0000000E+0
5.4760000E+1	6.3244862E+1	6.0302736E+1	0.0000000E+0	0.0000000E+0	1.0000000E+2	0.0000000E+0
5.4810000E+1	6.3240185E+1	6.0315079E+1	0.0000000E+0	0.0000000E+0	1.0000000E+2	0.0000000E+0
5.4860000E+1	6.3249307E+1	6.0315513E+1	0.0000000E+0	0.0000000E+0	1.0000000E+2	0.0000000E+0
5.4911000E+1	6.3240846E+1	6.0300398E+1	0.0000000E+0	0.0000000E+0	1.0000000E+2	0.0000000E+0
5.4962000E+1	6.3221734E+1	6.0298790E+1	0.0000000E+0	0.0000000E+0	1.0000000E+2	0.0000000E+0
5.5012000E+1	6.3216067E+1	6.0294152E+1	0.0000000E+0	0.0000000E+0	1.0000000E+2	0.0000000E+0
5.5062000E+1	6.3244184E+1	6.0315159E+1	0.0000000E+0	0.0000000E+0	1.0000000E+2	0.0000000E+0
5.5112000E+1	6.3247142E+1	6.0293054E+1	0.0000000E+0	0.0000000E+0	1.0000000E+2	0.0000000E+0
5.5162000E+1	6.3284277E+1	6.0317703E+1	0.0000000E+0	0.0000000E+0	1.0000000E+2	0.0000000E+0
5.5212000E+1	6.3302495E+1	6.0314740E+1	0.0000000E+0	0.0000000E+0	1.0000000E+2	0.0000000E+0
5.5262000E+1	6.3302876E+1	6.0291058E+1	0.0000000E+0	0.0000000E+0	1.0000000E+2	0.0000000E+0
5.5312000E+1	6.3312959E+1	6.0292486E+1	0.0000000E+0	0.0000000E+0	1.0000000E+2	0.0000000E+0
5.5362000E+1	6.3303878E+1	6.0299993E+1	0.0000000E+0	0.0000000E+0	1.0000000E+2	0.0000000E+0
5.5412000E+1	6.3313593E+1	6.0292023E+1	0.0000000E+0	0.0000000E+0	1.0000000E+2	0.0000000E+0
5.5464000E+1	6.3329448E+1	6.0281655E+1	0.0000000E+0	0.0000000E+0	1.0000000E+2	0.0000000E+0
5.5514000E+1	6.3355954E+1	6.0290512E+1	0.0000000E+0	0.0000000E+0	1.0000000E+2	0.0000000E+0
5.5564000E+1	6.3342132E+1	6.0285549E+1	0.0000000E+0	0.0000000E+0	1.0000000E+2	0.0000000E+0
5.5614000E+1	6.3355102E+1	6.0290270E+1	0.0000000E+0	0.0000000E+0	1.0000000E+2	0.0000000E+0
5.5664000E+1	6.3368299E+1	6.0294610E+1	0.0000000E+0	0.0000000E+0	1.0000000E+2	0.0000000E+0
5.5714000E+1	6.3386106E+1	6.0292291E+1	0.0000000E+0	0.0000000E+0	1.0000000E+2	0.0000000E+0
5.5764000E+1	6.3400527E+1	6.0280043E+1	0.0000000E+0	0.0000000E+0	1.0000000E+2	0.0000000E+0
5.5814000E+1	6.3441768E+1	6.0280280E+1	0.0000000E+0	0.0000000E+0	1.0000000E+2	0.0000000E+0
5.5864000E+1	6.3480274E+1	6.0292305E+1	0.0000000E+0	0.0000000E+0	1.0000000E+2	0.0000000E+0
5.5914000E+1	6.3486978E+1	6.0293241E+1	0.0000000E+0	0.0000000E+0	1.0000000E+2	0.0000000E+0
5.5964000E+1	6.3511095E+1	6.0303313E+1	0.0000000E+0	0.0000000E+0	1.0000000E+2	0.0000000E+0
5.6014000E+1	6.3505334E+1	6.0304849E+1	0.0000000E+0	0.0000000E+0	1.0000000E+2	0.0000000E+0
5.6064000E+1	6.3496377E+1	6.0302662E+1	0.0000000E+0	0.0000000E+0	1.0000000E+2	0.0000000E+0
5.6114000E+1	6.3466194E+1	6.0302474E+1	0.0000000E+0	0.0000000E+0	1.0000000E+2	0.0000000E+0
5.6164000E+1	6.3427959E+1	6.0304105E+1	0.0000000E+0	0.0000000E+0	1.0000000E+2	0.0000000E+0
5.6214000E+1	6.3386068E+1	6.0306621E+1	0.0000000E+0	0.0000000E+0	1.0000000E+2	0.0000000E+0
5.6264000E+1	6.3373645E+1	6.0309426E+1	0.0000000E+0	0.0000000E+0	1.0000000E+2	0.0000000E+0
5.6314000E+1	6.3364418E+1	6.0311435E+1	0.0000000E+0	0.0000000E+0	1.0000000E+2	0.0000000E+0
5.6365000E+1	6.3358122E+1	6.0317595E+1	0.0000000E+0	0.0000000E+0	1.0000000E+2	0.0000000E+0
5.6416000E+1	6.3345579E+1	6.0320218E+1	0.0000000E+0	0.0000000E+0	1.0000000E+2	0.0000000E+0
5.6466000E+1	6.3350909E+1	6.0331546E+1	0.0000000E+0	0.0000000E+0	1.0000000E+2	0.0000000E+0
5.6516000E+1	6.3335532E+1	6.0339320E+1	0.0000000E+0	0.0000000E+0	1.0000000E+2	0.0000000E+0
5.6566000E+1	6.3346649E+1	6.0327410E+1	0.0000000E+0	0.0000000E+0	1.0000000E+2	0.0000000E+0
5.6616000E+1	6.3351545E+1	6.0336637E+1	0.0000000E+0	0.0000000E+0	1.0000000E+2	0.0000000E+0
5.6666000E+1	6.3365225E+1	6.0322109E+1	0.0000000E+0	0.0000000E+0	1.0000000E+2	0.0000000E+0
5.6716000E+1	6.3377458E+1	6.0325675E+1	0.0000000E+0	0.0000000E+0	1.0000000E+2	0.0000000E+0
5.6767000E+1	6.3383969E+1	6.0328197E+1	0.0000000E+0	0.0000000E+0	1.0000000E+2	0.0000000E+0
5.6817000E+1	6.3413699E+1	6.0343026E+1	0.0000000E+0	0.0000000E+0	1.0000000E+2	0.0000000E+0
5.6868000E+1	6.3413492E+1	6.0325747E+1	0.0000000E+0	0.0000000E+0	1.0000000E+2	0.0000000E+0
5.6918000E+1	6.3422698E+1	6.0330544E+1	0.0000000E+0	0.0000000E+0	1.0000000E+2	0.0000000E+0
5.6968000E+1	6.3461451E+1	6.0333360E+1	0.0000000E+0	0.0000000E+0	1.0000000E+2	0.0000000E+0
5.7018000E+1	6.3484713E+1	6.0329441E+1	0.0000000E+0	0.0000000E+0	1.0000000E+2	0.0000000E+0
5.7068000E+1	6.3459435E+1	6.0330684E+1	0.0000000E+0	0.0000000E+0	1.0000000E+2	0.0000000E+0
5.7119000E+1	6.3464234E+1	6.0338913E+1	0.0000000E+0	0.0000000E+0	1.0000000E+2	0.0000000E+0
5.7170000E+1	6.3461345E+1	6.0350292E+1	0.0000000E+0	0.0000000E+0	1.0000000E+2	0.0000000E+0
5.7220000E+1	6.3492547E+1	6.0350658E+1	0.0000000E+0	0.0000000E+0	1.0000000E+2	0.0000000E+0
5.7270000E+1	6.3524106E+1	6.0359719E+1	0.0000000E+0	0.0000000E+0	1.0000000E+2	0.0000000E+0
5.7320000E+1	6.3556529E+1	6.0352598E+1	0.0000000E+0	0.0000000E+0	1.0000000E+2	0.0000000E+0
5.7370000E+1	6.3594213E+1	6.0367523E+1	0.0000000E+0	0.0000000E+0	1.0000000E+2	0.0000000E+0
5.7420000E+1	6.3603965E+1	6.0357015E+1	0.0000000E+0	0.0000000E+0	1.0000000E+2	0.0000000E+0
5.7470000E+1	6.3609186E+1	6.0356973E+1	0.0000000E+0	0.0000000E+0	1.0000000E+2	0.0000000E+0
5.7520000E+1	6.3616035E+1	6.0366620E+1	0.0000000E+0	0.0000000E+0	1.0000000E+2	0.0000000E+0
5.7570000E+1	6.3641848E+1	6.0365010E+1	0.0000000E+0	0.0000000E+0	1.0000000E+2	0.0000000E+0
5.7620000E+1	6.3662920E+1	6.0383326E+1	0.0000000E+0	0.0000000E+0	1.0000000E+2	0.0000000E+0
5.7670000E+1	6.3666620E+1	6.0374708E+1	0.0000000E+0	0.0000000E+0	1.0000000E+2	0.0000000E+0
5.7721000E+1	6.3683663E+1	6.0396380E+1	0.0000000E+0	0.0000000E+0	1.0000000E+2	0.0000000E+0
5.7771000E+1	6.3649254E+1	6.0394970E+1	0.0000000E+0	0.0000000E+0	1.0000000E+2	0.0000000E+0
5.7821000E+1	6.3629905E+1	6.0385979E+1	0.0000000E+0	0.0000000E+0	1.0000000E+2	0.0000000E+0
5.7871000E+1	6.3595021E+1	6.0378812E+1	0.0000000E+0	0.0000000E+0	1.0000000E+2	0.0000000E+0
5.7921000E+1	6.3578375E+1	6.0380633E+1	0.0000000E+0	0.0000000E+0	1.0000000E+2	0.0000000E+0
5.7971000E+1	6.3559626E+1	6.0390811E+1	0.0000000E+0	0.0000000E+0	1.0000000E+2	0.0000000E+0
5.8021000E+1	6.3557852E+1	6.0399724E+1	0.0000000E+0	0.0000000E+0	1.0000000E+2	0.0000000E+0
5.8071000E+1	6.3551105E+1	6.0391328E+1	0.0000000E+0	0.0000000E+0	1.0000000E+2	0.0000000E+0
5.8121000E+1	6.3557336E+1	6.0404579E+1	0.0000000E+0	0.0000000E+0	1.0000000E+2	0.0000000E+0
5.8171000E+1	6.3547051E+1	6.0413474E+1	0.0000000E+0	0.0000000E+0	1.0000000E+2	0.0000000E+0
5.8221000E+1	6.3543669E+1	6.0401195E+1	0.0000000E+0	0.0000000E+0	1.0000000E+2	0.0000000E+0
5.8271000E+1	6.3544525E+1	6.0418367E+1	0.0000000E+0	0.0000000E+0	1.0000000E+2	0.0000000E+0
5.8322000E+1	6.3519421E+1	6.0426917E+1	0.0000000E+0	0.0000000E+0	1.0000000E+2	0.0000000E+0
5.8372000E+1	6.3512055E+1	6.0417717E+1	0.0000000E+0	0.0000000E+0	1.0000000E+2	0.0000000E+0
5.8422000E+1	6.3501122E+1	6.0412925E+1	0.0000000E+0	0.0000000E+0	1.0000000E+2	0.0000000E+0
5.8473000E+1	6.3494583E+1	6.0408403E+1	0.0000000E+0	0.0000000E+0	1.0000000E+2	0.0000000E+0
5.8523000E+1	6.3513985E+1	6.0412666E+1	0.0000000E+0	0.0000000E+0	1.0000000E+2	0.0000000E+0
5.8573000E+1	6.3562817E+1	6.0424177E+1	0.0000000E+0	0.0000000E+0	1.0000000E+2	0.0000000E+0
5.8623000E+1	6.3562907E+1	6.0421671E+1	0.0000000E+0	0.0000000E+0	1.0000000E+2	0.0000000E+0
5.8673000E+1	6.3563370E+1	6.0431096E+1	0.0000000E+0	0.0000000E+0	1.0000000E+2	0.0000000E+0
5.8724000E+1	6.3550031E+1	6.0417220E+1	0.0000000E+0	0.0000000E+0	1.0000000E+2	0.0000000E+0
5.8774000E+1	6.3559463E+1	6.0430482E+1	0.0000000E+0	0.0000000E+0	1.0000000E+2	0.0000000E+0
5.8824000E+1	6.3576460E+1	6.0435079E+1	0.0000000E+0	0.0000000E+0	1.0000000E+2	0.0000000E+0
5.8874000E+1	6.3590241E+1	6.0425335E+1	0.0000000E+0	0.0000000E+0	1.0000000E+2	0.0000000E+0
5.8924000E+1	6.3605059E+1	6.0428435E+1	0.0000000E+0	0.0000000E+0	1.0000000E+2	0.0000000E+0
5.8975000E+1	6.3610643E+1	6.0435980E+1	0.0000000E+0	0.0000000E+0	1.0000000E+2	0.0000000E+0
5.9025000E+1	6.3600464E+1	6.0413209E+1	0.0000000E+0	0.0000000E+0	1.0000000E+2	0.0000000E+0
5.9075000E+1	6.3604906E+1	6.0407644E+1	0.0000000E+0	0.0000000E+0	1.0000000E+2	0.0000000E+0
5.9125000E+1	6.3594219E+1	6.0398222E+1	0.0000000E+0	0.0000000E+0	1.0000000E+2	0.0000000E+0
5.9176000E+1	6.3617623E+1	6.0403200E+1	0.0000000E+0	0.0000000E+0	1.0000000E+2	0.0000000E+0
5.9226000E+1	6.3631526E+1	6.0416010E+1	0.0000000E+0	0.0000000E+0	1.0000000E+2	0.0000000E+0
5.9276000E+1	6.3627539E+1	6.0415829E+1	0.0000000E+0	0.0000000E+0	1.0000000E+2	0.0000000E+0
5.9326000E+1	6.3609276E+1	6.0403205E+1	0.0000000E+0	0.0000000E+0	1.0000000E+2	0.0000000E+0
5.9376000E+1	6.3619647E+1	6.0416525E+1	0.0000000E+0	0.0000000E+0	1.0000000E+2	0.0000000E+0
5.9426000E+1	6.3616500E+1	6.0408058E+1	0.0000000E+0	0.0000000E+0	1.0000000E+2	0.0000000E+0
5.9476000E+1	6.3605557E+1	6.0400865E+1	0.0000000E+0	0.0000000E+0	1.0000000E+2	0.0000000E+0
5.9526000E+1	6.3601477E+1	6.0407443E+1	0.0000000E+0	0.0000000E+0	1.0000000E+2	0.0000000E+0
5.9577000E+1	6.3588816E+1	6.0401894E+1	0.0000000E+0	0.0000000E+0	1.0000000E+2	0.0000000E+0
5.9627000E+1	6.3597482E+1	6.0412823E+1	0.0000000E+0	0.0000000E+0	1.0000000E+2	0.0000000E+0
5.9677000E+1	6.3588595E+1	6.0406678E+1	0.0000000E+0	0.0000000E+0	1.0000000E+2	0.0000000E+0
5.9728000E+1	6.3564839E+1	6.0391008E+1	0.0000000E+0	0.0000000E+0	1.0000000E+2	0.0000000E+0
5.9778000E+1	6.3548278E+1	6.0403740E+1	0.0000000E+0	0.0000000E+0	1.0000000E+2	0.0000000E+0
5.9828000E+1	6.3500864E+1	6.0389233E+1	0.0000000E+0	0.0000000E+0	1.0000000E+2	0.0000000E+0
5.9878000E+1	6.3474614E+1	6.0394015E+1	0.0000000E+0	0.0000000E+0	1.0000000E+2	0.0000000E+0
5.9928000E+1	6.3456894E+1	6.0404436E+1	0.0000000E+0	0.0000000E+0	1.0000000E+2	0.0000000E+0
5.9978000E+1	6.3423346E+1	6.0386399E+1	0.0000000E+0	0.0000000E+0	1.0000000E+2	0.0000000E+0
6.0028000E+1	6.3435085E+1	6.0400396E+1	0.0000000E+0	0.0000000E+0	1.0000000E+2	0.0000000E+0
6.0078000E+1	6.3434347E+1	6.0386792E+1	0.0000000E+0	0.0000000E+0	1.0000000E+2	0.0000000E+0
6.0128000E+1	6.3440021E+1	6.0403270E+1	0.0000000E+0	0.0000000E+0	1.0000000E+2	0.0000000E+0
6.0178000E+1	6.3433149E+1	6.0402605E+1	0.0000000E+0	0.0000000E+0	1.0000000E+2	0.0000000E+0
6.0228000E+1	6.3408277E+1	6.0398815E+1	0.0000000E+0	0.0000000E+0	1.0000000E+2	0.0000000E+0
6.0278000E+1	6.3395486E+1	6.0387477E+1	0.0000000E+0	0.0000000E+0	1.0000000E+2	0.0000000E+0
6.0328000E+1	6.3420675E+1	6.0398630E+1	0.0000000E+0	0.0000000E+0	1.0000000E+2	0.0000000E+0
6.0378000E+1	6.3424263E+1	6.0390471E+1	0.0000000E+0	0.0000000E+0	1.0000000E+2	0.0000000E+0
6.0428000E+1	6.3442022E+1	6.0390853E+1	0.0000000E+0	0.0000000E+0	1.0000000E+2	0.0000000E+0
6.0478000E+1	6.3457379E+1	6.0387054E+1	0.0000000E+0	0.0000000E+0	1.0000000E+2	0.0000000E+0
6.0528000E+1	6.3480411E+1	6.0377713E+1	0.0000000E+0	0.0000000E+0	1.0000000E+2	0.0000000E+0
6.0580000E+1	6.3490048E+1	6.0388436E+1	0.0000000E+0	0.0000000E+0	1.0000000E+2	0.0000000E+0
6.0630000E+1	6.3501406E+1	6.0391445E+1	0.0000000E+0	0.0000000E+0	1.0000000E+2	0.0000000E+0
6.0681000E+1	6.3512022E+1	6.0386486E+1	0.0000000E+0	0.0000000E+0	1.0000000E+2	0.0000000E+0
6.0731000E+1	6.3530586E+1	6.0376313E+1	0.0000000E+0	0.0000000E+0	1.0000000E+2	0.0000000E+0
6.0781000E+1	6.3570056E+1	6.0389480E+1	0.0000000E+0	0.0000000E+0	1.0000000E+2	0.0000000E+0
6.0831000E+1	6.3596315E+1	6.0386298E+1	0.0000000E+0	0.0000000E+0	1.0000000E+2	0.0000000E+0
6.0882000E+1	6.3608048E+1	6.0384810E+1	0.0000000E+0	0.0000000E+0	1.0000000E+2	0.0000000E+0
6.0932000E+1	6.3591771E+1	6.0370592E+1	0.0000000E+0	0.0000000E+0	1.0000000E+2	0.0000000E+0
6.0982000E+1	6.3582432E+1	6.0369883E+1	0.0000000E+0	0.0000000E+0	1.0000000E+2	0.0000000E+0
6.1032000E+1	6.3592072E+1	6.0382483E+1	0.0000000E+0	0.0000000E+0	1.0000000E+2	0.0000000E+0
6.1082000E+1	6.3590859E+1	6.0365879E+1	0.0000000E+0	0.0000000E+0	1.0000000E+2	0.0000000E+0
6.1132000E+1	6.3568303E+1	6.0360400E+1	0.0000000E+0	0.0000000E+0	1.0000000E+2	0.0000000E+0
6.1183000E+1	6.3551635E+1	6.0347512E+1	0.0000000E+0	0.0000000E+0	1.0000000E+2	0.0000000E+0
6.1233000E+1	6.3508406E+1	6.0347321E+1	0.0000000E+0	0.0000000E+0	1.0000000E+2	0.0000000E+0
6.1283000E+1	6.3456177E+1	6.0337087E+1	0.0000000E+0	0.0000000E+0	1.0000000E+2	0.0000000E+0
6.1333000E+1	6.3446148E+1	6.0336169E+1	0.0000000E+0	0.0000000E+0	1.0000000E+2	0.0000000E+0
6.1383000E+1	6.3413884E+1	6.0313428E+1	0.0000000E+0	0.0000000E+0	1.0000000E+2	0.0000000E+0
6.1433000E+1	6.3372909E+1	6.0285830E+1	0.0000000E+0	0.0000000E+0	1.0000000E+2	0.0000000E+0
6.1483000E+1	6.3369715E+1	6.0289380E+1	0.0000000E+0	0.0000000E+0	1.0000000E+2	0.0000000E+0
6.1533000E+1	6.3374352E+1	6.0299820E+1	0.0000000E+0	0.0000000E+0	1.0000000E+2	0.0000000E+0
6.1583000E+1	6.3353320E+1	6.0277034E+1	0.0000000E+0	0.0000000E+0	1.0000000E+2	0.0000000E+0
6.1634000E+1	6.3381831E+1	6.0271247E+1	0.0000000E+0	0.0000000E+0	1.0000000E+2	0.0000000E+0
6.1684000E+1	6.3411479E+1	6.0273963E+1	0.0000000E+0	0.0000000E+0	1.0000000E+2	0.0000000E+0
6.1734000E+1	6.3422097E+1	6.0266579E+1	0.0000000E+0	0.0000000E+0	1.0000000E+2	0.0000000E+0
6.1785000E+1	6.3413880E+1	6.0271030E+1	0.0000000E+0	0.0000000E+0	1.0000000E+2	0.0000000E+0
6.1835000E+1	6.3402792E+1	6.0263687E+1	0.0000000E+0	0.0000000E+0	1.0000000E+2	0.0000000E+0
6.1885000E+1	6.3406950E+1	6.0249914E+1	0.0000000E+0	0.0000000E+0	1.0000000E+2	0.0000000E+0
6.1936000E+1	6.3444586E+1	6.0264920E+1	0.0000000E+0	0.0000000E+0	1.0000000E+2	0.0000000E+0
6.1986000E+1	6.3447752E+1	6.0248819E+1	0.0000000E+0	0.0000000E+0	1.0000000E+2	0.0000000E+0
6.2036000E+1	6.3464048E+1	6.0252698E+1	0.0000000E+0	0.0000000E+0	1.0000000E+2	0.0000000E+0
6.2087000E+1	6.3455963E+1	6.0249522E+1	0.0000000E+0	0.0000000E+0	1.0000000E+2	0.0000000E+0
6.2137000E+1	6.3470850E+1	6.0251684E+1	0.0000000E+0	0.0000000E+0	1.0000000E+2	0.0000000E+0
6.2187000E+1	6.3487303E+1	6.0259394E+1	0.0000000E+0	0.0000000E+0	1.0000000E+2	0.0000000E+0
6.2237000E+1	6.3499081E+1	6.0261949E+1	0.0000000E+0	0.0000000E+0	1.0000000E+2	0.0000000E+0
6.2287000E+1	6.3535076E+1	6.0266242E+1	0.0000000E+0	0.0000000E+0	1.0000000E+2	0.0000000E+0
6.2337000E+1	6.3583669E+1	6.0283987E+1	0.0000000E+0	0.0000000E+0	1.0000000E+2	0.0000000E+0
6.2387000E+1	6.3602946E+1	6.0288705E+1	0.0000000E+0	0.0000000E+0	1.0000000E+2	0.0000000E+0
6.2437000E+1	6.3619199E+1	6.0282071E+1	0.0000000E+0	0.0000000E+0	1.0000000E+2	0.0000000E+0
6.2487000E+1	6.3604225E+1	6.0268535E+1	0.0000000E+0	0.0000000E+0	1.0000000E+2	0.0000000E+0
6.2537000E+1	6.3593640E+1	6.0282703E+1	0.0000000E+0	0.0000000E+0	1.0000000E+2	0.0000000E+0
6.2587000E+1	6.3609070E+1	6.0277800E+1	0.0000000E+0	0.0000000E+0	1.0000000E+2	0.0000000E+0
6.2637000E+1	6.3625768E+1	6.0277438E+1	0.0000000E+0	0.0000000E+0	1.0000000E+2	0.0000000E+0
6.2687000E+1	6.3647422E+1	6.0273993E+1	0.0000000E+0	0.0000000E+0	1.0000000E+2	0.0000000E+0
6.2737000E+1	6.3651670E+1	6.0286699E+1	0.0000000E+0	0.0000000E+0	1.0000000E+2	0.0000000E+0
6.2788000E+1	6.3631811E+1	6.0274525E+1	0.0000000E+0	0.0000000E+0	1.0000000E+2	0.0000000E+0
6.2838000E+1	6.3633105E+1	6.0281915E+1	0.0000000E+0	0.0000000E+0	1.0000000E+2	0.0000000E+0
6.2888000E+1	6.3664996E+1	6.0294402E+1	0.0000000E+0	0.0000000E+0	1.0000000E+2	0.0000000E+0
6.2938000E+1	6.3673735E+1	6.0298630E+1	0.0000000E+0	0.0000000E+0	1.0000000E+2	0.0000000E+0
6.2988000E+1	6.3662442E+1	6.0303273E+1	0.0000000E+0	0.0000000E+0	1.0000000E+2	0.0000000E+0
6.3038000E+1	6.3665975E+1	6.0303440E+1	0.0000000E+0	0.0000000E+0	1.0000000E+2	0.0000000E+0
6.3089000E+1	6.3639776E+1	6.0283954E+1	0.0000000E+0	0.0000000E+0	1.0000000E+2	0.0000000E+0
6.3139000E+1	6.3644749E+1	6.0298328E+1	0.0000000E+0	0.0000000E+0	1.0000000E+2	0.0000000E+0
6.3189000E+1	6.3637961E+1	6.0307615E+1	0.0000000E+0	0.0000000E+0	1.0000000E+2	0.0000000E+0
6.3239000E+1	6.3640257E+1	6.0310686E+1	0.0000000E+0	0.0000000E+0	1.0000000E+2	0.0000000E+0
6.3289000E+1	6.3646633E+1	6.0308212E+1	0.0000000E+0	0.0000000E+0	1.0000000E+2	0.0000000E+0
6.3339000E+1	6.3658456E+1	6.0306464E+1	0.0000000E+0	0.0000000E+0	1.0000000E+2	0.0000000E+0
6.3389000E+1	6.3694785E+1	6.0327957E+1	0.0000000E+0	0.0000000E+0	1.0000000E+2	0.0000000E+0
6.3439000E+1	6.3703454E+1	6.0325436E+1	0.0000000E+0	0.0000000E+0	1.0000000E+2	0.0000000E+0
6.3489000E+1	6.3716390E+1	6.0338410E+1	0.0000000E+0	0.0000000E+0	1.0000000E+2	0.0000000E+0
6.3540000E+1	6.3711799E+1	6.0316634E+1	0.0000000E+0	0.0000000E+0	1.0000000E+2	0.0000000E+0
6.3591000E+1	6.3736868E+1	6.0320227E+1	0.0000000E+0	0.0000000E+0	1.0000000E+2	0.0000000E+0
6.3642000E+1	6.3767017E+1	6.0322762E+1	0.0000000E+0	0.0000000E+0	1.0000000E+2	0.0000000E+0
6.3692000E+1	6.3752914E+1	6.0312580E+1	0.0000000E+0	0.0000000E+0	1.0000000E+2	0.0000000E+0
6.3742000E+1	6.3753547E+1	6.0313825E+1	0.0000000E+0	0.0000000E+0	1.0000000E+2	0.0000000E+0
6.3792000E+1	6.3759331E+1	6.0290332E+1	0.0000000E+0	0.0000000E+0	1.0000000E+2	0.0000000E+0
6.3842000E+1	6.3772245E+1	6.0300447E+1	0.0000000E+0	0.0000000E+0	1.0000000E+2	0.0000000E+0
6.3892000E+1	6.3773489E+1	6.0307166E+1	0.0000000E+0	0.0000000E+0	1.0000000E+2	0.0000000E+0
6.3942000E+1	6.3787061E+1	6.0302594E+1	0.0000000E+0	0.0000000E+0	1.0000000E+2	0.0000000E+0
6.3993000E+1	6.3771838E+1	6.0297241E+1	0.0000000E+0	0.0000000E+0	1.0000000E+2	0.0000000E+0
6.4044000E+1	6.3777854E+1	6.0307439E+1	0.0000000E+0	0.0000000E+0	1.0000000E+2	0.0000000E+0
6.4094000E+1	6.3772257E+1	6.0302966E+1	0.0000000E+0	0.0000000E+0	1.0000000E+2	0.0000000E+0
6.4144000E+1	6.3766674E+1	6.0314403E+1	0.0000000E+0	0.0000000E+0	1.0000000E+2	0.0000000E+0
6.4194000E+1	6.3805067E+1	6.0326795E+1	0.0000000E+0	0.0000000E+0	1.0000000E+2	0.0000000E+0
6.4244000E+1	6.3802656E+1	6.0323701E+1	0.0000000E+0	0.0000000E+0	1.0000000E+2	0.0000000E+0
6.4294000E+1	6.3786575E+1	6.0326047E+1	0.0000000E+0	0.0000000E+0	1.0000000E+2	0.0000000E+0
6.4344000E+1	6.3770830E+1	6.0314850E+1	0.0000000E+0	0.0000000E+0	1.0000000E+2	0.0000000E+0
6.4394000E+1	6.3748414E+1	6.0321963E+1	0.0000000E+0	0.0000000E+0	1.0000000E+2	0.0000000E+0
6.4444000E+1	6.3727303E+1	6.0319283E+1	0.0000000E+0	0.0000000E+0	1.0000000E+2	0.0000000E+0
6.4494000E+1	6.3721502E+1	6.0325897E+1	0.0000000E+0	0.0000000E+0	1.0000000E+2	0.0000000E+0
6.4544000E+1	6.3722410E+1	6.0308046E+1	0.0000000E+0	0.0000000E+0	1.0000000E+2	0.0000000E+0
6.4594000E+1	6.3710073E+1	6.0322987E+1	0.0000000E+0	0.0000000E+0	1.0000000E+2	0.0000000E+0
6.4644000E+1	6.3734934E+1	6.0317137E+1	0.0000000E+0	0.0000000E+0	1.0000000E+2	0.0000000E+0
6.4694000E+1	6.3713310E+1	6.0315509E+1	0.0000000E+0	0.0000000E+0	1.0000000E+2	0.0000000E+0
6.4744000E+1	6.3698832E+1	6.0301706E+1	0.0000000E+0	0.0000000E+0	1.0000000E+2	0.0000000E+0
6.4794000E+1	6.3723095E+1	6.0317578E+1	0.0000000E+0	0.0000000E+0	1.0000000E+2	0.0000000E+0
6.4844000E+1	6.3745664E+1	6.0317907E+1	0.0000000E+0	0.0000000E+0	1.0000000E+2	0.0000000E+0
6.4894000E+1	6.3768150E+1	6.0328519E+1	0.0000000E+0	0.0000000E+0	1.0000000E+2	0.0000000E+0
6.4944000E+1	6.3784963E+1	6.0310862E+1	0.0000000E+0	0.0000000E+0	1.0000000E+2	0.0000000E+0
6.4994000E+1	6.3800174E+1	6.0317067E+1	0.0000000E+0	0.0000000E+0	1.0000000E+2	0.0000000E+0
6.5044000E+1	6.3815697E+1	6.0314395E+1	0.0000000E+0	0.0000000E+0	1.0000000E+2	0.0000000E+0
6.5094000E+1	6.3847071E+1	6.0327920E+1	0.0000000E+0	0.0000000E+0	1.0000000E+2	0.0000000E+0
6.5144000E+1	6.3860783E+1	6.0337877E+1	0.0000000E+0	0.0000000E+0	1.0000000E+2	0.0000000E+0
6.5194000E+1	6.3864440E+1	6.0332900E+1	0.0000000E+0	0.0000000E+0	1.0000000E+2	0.0000000E+0
6.5244000E+1	6.3877761E+1	6.0318999E+1	0.0000000E+0	0.0000000E+0	1.0000000E+2	0.0000000E+0
6.5294000E+1	6.3897885E+1	6.0319879E+1	0.0000000E+0	0.0000000E+0	1.0000000E+2	0.0000000E+0
6.5344000E+1	6.3946081E+1	6.0327442E+1	0.0000000E+0	0.0000000E+0	1.0000000E+2	0.0000000E+0
6.5394000E+1	6.3971257E+1	6.0338223E+1	0.0000000E+0	0.0000000E+0	1.0000000E+2	0.0000000E+0
6.5444000E+1	6.3998850E+1	6.0323291E+1	0.0000000E+0	0.0000000E+0	1.0000000E+2	0.0000000E+0
6.5494000E+1	6.4033772E+1	6.0339110E+1	0.0000000E+0	0.0000000E+0	1.0000000E+2	0.0000000E+0
6.5544000E+1	6.4035174E+1	6.0321748E+1	0.0000000E+0	0.0000000E+0	1.0000000E+2	0.0000000E+0
6.5594000E+1	6.4066286E+1	6.0323738E+1	0.0000000E+0	0.0000000E+0	1.0000000E+2	0.0000000E+0
6.5644000E+1	6.4109088E+1	6.0337604E+1	0.0000000E+0	0.0000000E+0	1.0000000E+2	0.0000000E+0
6.5694000E+1	6.4133900E+1	6.0345703E+1	0.0000000E+0	0.0000000E+0	1.0000000E+2	0.0000000E+0
6.5744000E+1	6.4163572E+1	6.0336978E+1	0.0000000E+0	0.0000000E+0	1.0000000E+2	0.0000000E+0
6.5794000E+1	6.4214616E+1	6.0345311E+1	0.0000000E+0	0.0000000E+0	1.0000000E+2	0.0000000E+0
6.5844000E+1	6.4230729E+1	6.0342380E+1	0.0000000E+0	0.0000000E+0	1.0000000E+2	0.0000000E+0
6.5894000E+1	6.4255147E+1	6.0344308E+1	0.0000000E+0	0.0000000E+0	1.0000000E+2	0.0000000E+0
6.5945000E+1	6.4257384E+1	6.0341134E+1	0.0000000E+0	0.0000000E+0	1.0000000E+2	0.0000000E+0
6.5995000E+1	6.4284212E+1	6.0338763E+1	0.0000000E+0	0.0000000E+0	1.0000000E+2	0.0000000E+0
6.6045000E+1	6.4289153E+1	6.0329525E+1	0.0000000E+0	0.0000000E+0	1.0000000E+2	0.0000000E+0
6.6095000E+1	6.4304744E+1	6.0340841E+1	0.0000000E+0	0.0000000E+0	1.0000000E+2	0.0000000E+0
6.6145000E+1	6.4299660E+1	6.0348878E+1	0.0000000E+0	0.0000000E+0	1.0000000E+2	0.0000000E+0
6.6195000E+1	6.4286467E+1	6.0359771E+1	0.0000000E+0	0.0000000E+0	1.0000000E+2	0.0000000E+0
6.6245000E+1	6.4271401E+1	6.0350470E+1	0.0000000E+0	0.0000000E+0	1.0000000E+2	0.0000000E+0
6.6295000E+1	6.4270685E+1	6.0370682E+1	0.0000000E+0	0.0000000E+0	1.0000000E+2	0.0000000E+0
6.6345000E+1	6.4236343E+1	6.0364718E+1	0.0000000E+0	0.0000000E+0	1.0000000E+2	0.0000000E+0
6.6395000E+1	6.4223340E+1	6.0359353E+1	0.0000000E+0	0.0000000E+0	1.0000000E+2	0.0000000E+0
6.6445000E+1	6.4209488E+1	6.0369069E+1	0.0000000E+0	0.0000000E+0	1.0000000E+2	0.0000000E+0
6.6495000E+1	6.4181360E+1	6.0350507E+1	0.0000000E+0	0.0000000E+0	1.0000000E+2	0.0000000E+0
6.6545000E+1	6.4189988E+1	6.0357969E+1	0.0000000E+0	0.0000000E+0	1.0000000E+2	0.0000000E+0
6.6595000E+1	6.4179065E+1	6.0353355E+1	0.0000000E+0	0.0000000E+0	1.0000000E+2	0.0000000E+0
6.6645000E+1	6.4175634E+1	6.0351327E+1	0.0000000E+0	0.0000000E+0	1.0000000E+2	0.0000000E+0
6.6695000E+1	6.4195923E+1	6.0372311E+1	0.0000000E+0	0.0000000E+0	1.0000000E+2	0.0000000E+0
6.6745000E+1	6.4218217E+1	6.0371142E+1	0.0000000E+0	0.0000000E+0	1.0000000E+2	0.0000000E+0
6.6796000E+1	6.4225947E+1	6.0379111E+1	0.0000000E+0	0.0000000E+0	1.0000000E+2	0.0000000E+0
6.6847000E+1	6.4251933E+1	6.0374801E+1	0.0000000E+0	0.0000000E+0	1.0000000E+2	0.0000000E+0
6.6899000E+1	6.4241333E+1	6.0370161E+1	0.0000000E+0	0.0000000E+0	1.0000000E+2	0.0000000E+0
6.6949000E+1	6.4268675E+1	6.0373895E+1	0.0000000E+0	0.0000000E+0	1.0000000E+2	0.0000000E+0
6.7000000E+1	6.4265550E+1	6.0371848E+1	0.0000000E+0	0.0000000E+0	1.0000000E+2	0.0000000E+0
6.7050000E+1	6.4292378E+1	6.0364022E+1	0.0000000E+0	0.0000000E+0	1.0000000E+2	0.0000000E+0
6.7100000E+1	6.4316135E+1	6.0372577E+1	0.0000000E+0	0.0000000E+0	1.0000000E+2	0.0000000E+0
6.7150000E+1	6.4372638E+1	6.0385173E+1	0.0000000E+0	0.0000000E+0	1.0000000E+2	0.0000000E+0
6.7201000E+1	6.4394747E+1	6.0380655E+1	0.0000000E+0	0.0000000E+0	1.0000000E+2	0.0000000E+0
6.7251000E+1	6.4412889E+1	6.0389182E+1	0.0000000E+0	0.0000000E+0	1.0000000E+2	0.0000000E+0
6.7302000E+1	6.4423017E+1	6.0377203E+1	0.0000000E+0	0.0000000E+0	1.0000000E+2	0.0000000E+0
6.7352000E+1	6.4429550E+1	6.0371653E+1	0.0000000E+0	0.0000000E+0	1.0000000E+2	0.0000000E+0
6.7402000E+1	6.4468906E+1	6.0380029E+1	0.0000000E+0	0.0000000E+0	1.0000000E+2	0.0000000E+0
6.7452000E+1	6.4497668E+1	6.0387691E+1	0.0000000E+0	0.0000000E+0	1.0000000E+2	0.0000000E+0
6.7503000E+1	6.4532019E+1	6.0395067E+1	0.0000000E+0	0.0000000E+0	1.0000000E+2	0.0000000E+0
6.7553000E+1	6.4502210E+1	6.0374202E+1	0.0000000E+0	0.0000000E+0	1.0000000E+2	0.0000000E+0
6.7603000E+1	6.4469903E+1	6.0351473E+1	0.0000000E+0	0.0000000E+0	1.0000000E+2	0.0000000E+0
6.7653000E+1	6.4452229E+1	6.0361001E+1	0.0000000E+0	0.0000000E+0	1.0000000E+2	0.0000000E+0
6.7703000E+1	6.4439990E+1	6.0364159E+1	0.0000000E+0	0.0000000E+0	1.0000000E+2	0.0000000E+0
6.7753000E+1	6.4407574E+1	6.0351830E+1	0.0000000E+0	0.0000000E+0	1.0000000E+2	0.0000000E+0
6.7804000E+1	6.4390242E+1	6.0356258E+1	0.0000000E+0	0.0000000E+0	1.0000000E+2	0.0000000E+0
6.7854000E+1	6.4395010E+1	6.0363517E+1	0.0000000E+0	0.0000000E+0	1.0000000E+2	0.0000000E+0
6.7906000E+1	6.4394178E+1	6.0360452E+1	0.0000000E+0	0.0000000E+0	1.0000000E+2	0.0000000E+0
6.7956000E+1	6.4373841E+1	6.0352839E+1	0.0000000E+0	0.0000000E+0	1.0000000E+2	0.0000000E+0
6.8006000E+1	6.4368410E+1	6.0372074E+1	0.0000000E+0	0.0000000E+0	1.0000000E+2	0.0000000E+0
6.8056000E+1	6.4375721E+1	6.0375508E+1	0.0000000E+0	0.0000000E+0	1.0000000E+2	0.0000000E+0
6.8107000E+1	6.4376409E+1	6.0368295E+1	0.0000000E+0	0.0000000E+0	1.0000000E+2	0.0000000E+0
6.8158000E+1	6.4406079E+1	6.0365673E+1	0.0000000E+0	0.0000000E+0	1.0000000E+2	0.0000000E+0
6.8209000E+1	6.4419724E+1	6.0364677E+1	0.0000000E+0	0.0000000E+0	1.0000000E+2	0.0000000E+0
6.8259000E+1	6.4413568E+1	6.0368569E+1	0.0000000E+0	0.0000000E+0	1.0000000E+2	0.0000000E+0
6.8309000E+1	6.4427571E+1	6.0368359E+1	0.0000000E+0	0.0000000E+0	1.0000000E+2	0.0000000E+0
6.8359000E+1	6.4441635E+1	6.0365536E+1	0.0000000E+0	0.0000000E+0	1.0000000E+2	0.0000000E+0
6.8409000E+1	6.4460126E+1	6.0378168E+1	0.0000000E+0	0.0000000E+0	1.0000000E+2	0.0000000E+0
6.8460000E+1	6.4495664E+1	6.0372757E+1	0.0000000E+0	0.0000000E+0	1.0000000E+2	0.0000000E+0
6.8511000E+1	6.4511161E+1	6.0367267E+1	0.0000000E+0	0.0000000E+0	1.0000000E+2	0.0000000E+0
6.8561000E+1	6.4534402E+1	6.0364997E+1	0.0000000E+0	0.0000000E+0	1.0000000E+2	0.0000000E+0
6.8611000E+1	6.4576679E+1	6.0376987E+1	0.0000000E+0	0.0000000E+0	1.0000000E+2	0.0000000E+0
6.8661000E+1	6.4582918E+1	6.0359176E+1	0.0000000E+0	0.0000000E+0	1.0000000E+2	0.0000000E+0
6.8711000E+1	6.4572024E+1	6.0330629E+1	0.0000000E+0	0.0000000E+0	1.0000000E+2	0.0000000E+0
6.8761000E+1	6.4606877E+1	6.0307047E+1	0.0000000E+0	0.0000000E+0	1.0000000E+2	0.0000000E+0
6.8811000E+1	6.4631214E+1	6.0298144E+1	0.0000000E+0	0.0000000E+0	1.0000000E+2	0.0000000E+0
6.8861000E+1	6.4645583E+1	6.0280527E+1	0.0000000E+0	0.0000000E+0	1.0000000E+2	0.0000000E+0
6.8911000E+1	6.4709841E+1	6.0290873E+1	0.0000000E+0	0.0000000E+0	1.0000000E+2	0.0000000E+0
6.8962000E+1	6.4751281E+1	6.0289856E+1	0.0000000E+0	0.0000000E+0	1.0000000E+2	0.0000000E+0
6.9013000E+1	6.4759313E+1	6.0281384E+1	0.0000000E+0	0.0000000E+0	1.0000000E+2	0.0000000E+0
6.9063000E+1	6.4770999E+1	6.0272848E+1	0.0000000E+0	0.0000000E+0	1.0000000E+2	0.0000000E+0
6.9113000E+1	6.4816761E+1	6.0273001E+1	0.0000000E+0	0.0000000E+0	1.0000000E+2	0.0000000E+0
6.9163000E+1	6.4839612E+1	6.0276006E+1	0.0000000E+0	0.0000000E+0	1.0000000E+2	0.0000000E+0
6.9213000E+1	6.4861733E+1	6.0283342E+1	0.0000000E+0	0.0000000E+0	1.0000000E+2	0.0000000E+0
6.9264000E+1	6.4849836E+1	6.0266091E+1	0.0000000E+0	0.0000000E+0	1.0000000E+2	0.0000000E+0
6.9314000E+1	6.4857806E+1	6.0267665E+1	0.0000000E+0	0.0000000E+0	1.0000000E+2	0.0000000E+0
6.9364000E+1	6.4832264E+1	6.0261668E+1	0.0000000E+0	0.0000000E+0	1.0000000E+2	0.0000000E+0
6.9414000E+1	6.4853268E+1	6.0261304E+1	0.0000000E+0	0.0000000E+0	1.0000000E+2	0.0000000E+0
6.9465000E+1	6.4877301E+1	6.0272702E+1	0.0000000E+0	0.0000000E+0	1.0000000E+2	0.0000000E+0
6.9515000E+1	6.4915674E+1	6.0286069E+1	0.0000000E+0	0.0000000E+0	1.0000000E+2	0.0000000E+0
6.9565000E+1	6.4939964E+1	6.0292694E+1	0.0000000E+0	0.0000000E+0	1.0000000E+2	0.0000000E+0
6.9615000E+1	6.4943733E+1	6.0283177E+1	0.0000000E+0	0.0000000E+0	1.0000000E+2	0.0000000E+0
6.9665000E+1	6.4964695E+1	6.0274765E+1	0.0000000E+0	0.0000000E+0	1.0000000E+2	0.0000000E+0
6.9715000E+1	6.4980797E+1	6.0276724E+1	0.0000000E+0	0.0000000E+0	1.0000000E+2	0.0000000E+0
6.9765000E+1	6.4985485E+1	6.0275662E+1	0.0000000E+0	0.0000000E+0	1.0000000E+2	0.0000000E+0
6.9815000E+1	6.4985693E+1	6.0261001E+1	0.0000000E+0	0.0000000E+0	1.0000000E+2	0.0000000E+0
6.9865000E+1	6.4988335E+1	6.0276424E+1	0.0000000E+0	0.0000000E+0	1.0000000E+2	0.0000000E+0
6.9915000E+1	6.4987154E+1	6.0280478E+1	0.0000000E+0	0.0000000E+0	1.0000000E+2	0.0000000E+0
6.9965000E+1	6.4982055E+1	6.0277778E+1	0.0000000E+0	0.0000000E+0	1.0000000E+2	0.0000000E+0
7.0015000E+1	6.4971328E+1	6.0281860E+1	0.0000000E+0	0.0000000E+0	1.0000000E+2	0.0000000E+0
7.0065000E+1	6.4983815E+1	6.0274548E+1	0.0000000E+0	0.0000000E+0	1.0000000E+2	0.0000000E+0
7.0115000E+1	6.4986404E+1	6.0278970E+1	0.0000000E+0	0.0000000E+0	1.0000000E+2	0.0000000E+0
7.0165000E+1	6.4986800E+1	6.0271588E+1	0.0000000E+0	0.0000000E+0	1.0000000E+2	0.0000000E+0
7.0215000E+1	6.5018773E+1	6.0285253E+1	0.0000000E+0	0.0000000E+0	1.0000000E+2	0.0000000E+0
7.0266000E+1	6.5034638E+1	6.0286636E+1	0.0000000E+0	0.0000000E+0	1.0000000E+2	0.0000000E+0
7.0317000E+1	6.5073805E+1	6.0304571E+1	0.0000000E+0	0.0000000E+0	1.0000000E+2	0.0000000E+0
7.0367000E+1	6.5091109E+1	6.0304361E+1	0.0000000E+0	0.0000000E+0	1.0000000E+2	0.0000000E+0
7.0417000E+1	6.5108532E+1	6.0305301E+1	0.0000000E+0	0.0000000E+0	1.0000000E+2	0.0000000E+0
7.0467000E+1	6.5091353E+1	6.0313310E+1	0.0000000E+0	0.0000000E+0	1.0000000E+2	0.0000000E+0
7.0517000E+1	6.5069961E+1	6.0309737E+1	0.0000000E+0	0.0000000E+0	1.0000000E+2	0.0000000E+0
7.0568000E+1	6.5084394E+1	6.0305396E+1	0.0000000E+0	0.0000000E+0	1.0000000E+2	0.0000000E+0
7.0619000E+1	6.5112171E+1	6.0301752E+1	0.0000000E+0	0.0000000E+0	1.0000000E+2	0.0000000E+0
7.0670000E+1	6.5132385E+1	6.0293914E+1	0.0000000E+0	0.0000000E+0	1.0000000E+2	0.0000000E+0
7.0720000E+1	6.5190092E+1	6.0311062E+1	0.0000000E+0	0.0000000E+0	1.0000000E+2	0.0000000E+0
7.0771000E+1	6.5222472E+1	6.0316230E+1	0.0000000E+0	0.0000000E+0	1.0000000E+2	0.0000000E+0
7.0821000E+1	6.5234216E+1	6.0325687E+1	0.0000000E+0	0.0000000E+0	1.0000000E+2	0.0000000E+0
7.0871000E+1	6.5238406E+1	6.0301098E+1	0.0000000E+0	0.0000000E+0	1.0000000E+2	0.0000000E+0
7.0923000E+1	6.5242164E+1	6.0299379E+1	0.0000000E+0	0.0000000E+0	1.0000000E+2	0.0000000E+0
7.0974000E+1	6.5270241E+1	6.0315530E+1	0.0000000E+0	0.0000000E+0	1.0000000E+2	0.0000000E+0
7.1024000E+1	6.5288036E+1	6.0307257E+1	0.0000000E+0	0.0000000E+0	1.0000000E+2	0.0000000E+0
7.1074000E+1	6.5325634E+1	6.0315850E+1	0.0000000E+0	0.0000000E+0	1.0000000E+2	0.0000000E+0
7.1124000E+1	6.5324614E+1	6.0305659E+1	0.0000000E+0	0.0000000E+0	1.0000000E+2	0.0000000E+0
7.1174000E+1	6.5368381E+1	6.0328077E+1	0.0000000E+0	0.0000000E+0	1.0000000E+2	0.0000000E+0
7.1224000E+1	6.5368944E+1	6.0306680E+1	0.0000000E+0	0.0000000E+0	1.0000000E+2	0.0000000E+0
7.1274000E+1	6.5389769E+1	6.0319080E+1	0.0000000E+0	0.0000000E+0	1.0000000E+2	0.0000000E+0
7.1324000E+1	6.5403803E+1	6.0331869E+1	0.0000000E+0	0.0000000E+0	1.0000000E+2	0.0000000E+0
7.1374000E+1	6.5441954E+1	6.0335042E+1	0.0000000E+0	0.0000000E+0	1.0000000E+2	0.0000000E+0
7.1425000E+1	6.5486288E+1	6.0334648E+1	0.0000000E+0	0.0000000E+0	1.0000000E+2	0.0000000E+0
7.1475000E+1	6.5534639E+1	6.0343089E+1	0.0000000E+0	0.0000000E+0	1.0000000E+2	0.0000000E+0
7.1525000E+1	6.5581878E+1	6.0343737E+1	0.0000000E+0	0.0000000E+0	1.0000000E+2	0.0000000E+0
7.1575000E+1	6.5606982E+1	6.0328557E+1	0.0000000E+0	0.0000000E+0	1.0000000E+2	0.0000000E+0
7.1625000E+1	6.5628116E+1	6.0315404E+1	0.0000000E+0	0.0000000E+0	1.0000000E+2	0.0000000E+0
7.1676000E+1	6.5672526E+1	6.0323645E+1	0.0000000E+0	0.0000000E+0	1.0000000E+2	0.0000000E+0
7.1726000E+1	6.5722203E+1	6.0331866E+1	0.0000000E+0	0.0000000E+0	1.0000000E+2	0.0000000E+0
7.1778000E+1	6.5778976E+1	6.0342456E+1	0.0000000E+0	0.0000000E+0	1.0000000E+2	0.0000000E+0
7.1829000E+1	6.5801023E+1	6.0340944E+1	0.0000000E+0	0.0000000E+0	1.0000000E+2	0.0000000E+0
7.1880000E+1	6.5856001E+1	6.0341913E+1	0.0000000E+0	0.0000000E+0	1.0000000E+2	0.0000000E+0
7.1930000E+1	6.5891706E+1	6.0344550E+1	0.0000000E+0	0.0000000E+0	1.0000000E+2	0.0000000E+0
7.1981000E+1	6.5912456E+1	6.0339829E+1	0.0000000E+0	0.0000000E+0	1.0000000E+2	0.0000000E+0
7.2032000E+1	6.5942546E+1	6.0340124E+1	0.0000000E+0	0.0000000E+0	1.0000000E+2	0.0000000E+0
7.2082000E+1	6.5971910E+1	6.0338828E+1	0.0000000E+0	0.0000000E+0	1.0000000E+2	0.0000000E+0
7.2132000E+1	6.6017005E+1	6.0349159E+1	0.0000000E+0	0.0000000E+0	1.0000000E+2	0.0000000E+0
7.2182000E+1	6.6063081E+1	6.0332930E+1	0.0000000E+0	0.0000000E+0	1.0000000E+2	0.0000000E+0
7.2232000E+1	6.6105060E+1	6.0352763E+1	0.0000000E+0	0.0000000E+0	1.0000000E+2	0.0000000E+0
7.2282000E+1	6.6130457E+1	6.0338772E+1	0.0000000E+0	0.0000000E+0	1.0000000E+2	0.0000000E+0
7.2332000E+1	6.6137727E+1	6.0332120E+1	0.0000000E+0	0.0000000E+0	1.0000000E+2	0.0000000E+0
7.2382000E+1	6.6163654E+1	6.0335036E+1	0.0000000E+0	0.0000000E+0	1.0000000E+2	0.0000000E+0
7.2432000E+1	6.6192261E+1	6.0343172E+1	0.0000000E+0	0.0000000E+0	1.0000000E+2	0.0000000E+0
7.2482000E+1	6.6216064E+1	6.0341629E+1	0.0000000E+0	0.0000000E+0	1.0000000E+2	0.0000000E+0
7.2533000E+1	6.6229187E+1	6.0339020E+1	0.0000000E+0	0.0000000E+0	1.0000000E+2	0.0000000E+0
7.2583000E+1	6.6245122E+1	6.0342280E+1	0.0000000E+0	0.0000000E+0	1.0000000E+2	0.0000000E+0
7.2634000E+1	6.6241962E+1	6.0341377E+1	0.0000000E+0	0.0000000E+0	1.0000000E+2	0.0000000E+0
7.2684000E+1	6.6233056E+1	6.0340275E+1	0.0000000E+0	0.0000000E+0	1.0000000E+2	0.0000000E+0
7.2734000E+1	6.6207366E+1	6.0333385E+1	0.0000000E+0	0.0000000E+0	1.0000000E+2	0.0000000E+0
7.2784000E+1	6.6168121E+1	6.0343386E+1	0.0000000E+0	0.0000000E+0	1.0000000E+2	0.0000000E+0
7.2834000E+1	6.6152278E+1	6.0343638E+1	0.0000000E+0	0.0000000E+0	1.0000000E+2	0.0000000E+0
7.2884000E+1	6.6133073E+1	6.0337290E+1	0.0000000E+0	0.0000000E+0	1.0000000E+2	0.0000000E+0
7.2934000E+1	6.6106422E+1	6.0343050E+1	0.0000000E+0	0.0000000E+0	1.0000000E+2	0.0000000E+0
7.2984000E+1	6.6065328E+1	6.0333803E+1	0.0000000E+0	0.0000000E+0	1.0000000E+2	0.0000000E+0
7.3034000E+1	6.6042607E+1	6.0335864E+1	0.0000000E+0	0.0000000E+0	1.0000000E+2	0.0000000E+0
7.3084000E+1	6.6009372E+1	6.0331891E+1	0.0000000E+0	0.0000000E+0	1.0000000E+2	0.0000000E+0
7.3135000E+1	6.5988312E+1	6.0322251E+1	0.0000000E+0	0.0000000E+0	1.0000000E+2	0.0000000E+0
7.3185000E+1	6.6007612E+1	6.0329140E+1	0.0000000E+0	0.0000000E+0	1.0000000E+2	0.0000000E+0
7.3235000E+1	6.6042000E+1	6.0347379E+1	0.0000000E+0	0.0000000E+0	1.0000000E+2	0.0000000E+0
7.3286000E+1	6.6044090E+1	6.0336361E+1	0.0000000E+0	0.0000000E+0	1.0000000E+2	0.0000000E+0
7.3336000E+1	6.6041615E+1	6.0314359E+1	0.0000000E+0	0.0000000E+0	1.0000000E+2	0.0000000E+0
7.3386000E+1	6.6060674E+1	6.0305182E+1	0.0000000E+0	0.0000000E+0	1.0000000E+2	0.0000000E+0
7.3436000E+1	6.6063204E+1	6.0304305E+1	0.0000000E+0	0.0000000E+0	1.0000000E+2	0.0000000E+0
7.3486000E+1	6.6104213E+1	6.0310993E+1	0.0000000E+0	0.0000000E+0	1.0000000E+2	0.0000000E+0
7.3536000E+1	6.6160672E+1	6.0332179E+1	0.0000000E+0	0.0000000E+0	1.0000000E+2	0.0000000E+0
7.3586000E+1	6.6189109E+1	6.0340985E+1	0.0000000E+0	0.0000000E+0	1.0000000E+2	0.0000000E+0
7.3636000E+1	6.6202425E+1	6.0351312E+1	0.0000000E+0	0.0000000E+0	1.0000000E+2	0.0000000E+0
7.3686000E+1	6.6241057E+1	6.0344753E+1	0.0000000E+0	0.0000000E+0	1.0000000E+2	0.0000000E+0
7.3736000E+1	6.6277364E+1	6.0343258E+1	0.0000000E+0	0.0000000E+0	1.0000000E+2	0.0000000E+0
7.3786000E+1	6.6323769E+1	6.0334016E+1	0.0000000E+0	0.0000000E+0	1.0000000E+2	0.0000000E+0
7.3836000E+1	6.6350687E+1	6.0330411E+1	0.0000000E+0	0.0000000E+0	1.0000000E+2	0.0000000E+0
7.3886000E+1	6.6411228E+1	6.0341325E+1	0.0000000E+0	0.0000000E+0	1.0000000E+2	0.0000000E+0
7.3936000E+1	6.6444725E+1	6.0343977E+1	0.0000000E+0	0.0000000E+0	1.0000000E+2	0.0000000E+0
7.3986000E+1	6.6496479E+1	6.0349002E+1	0.0000000E+0	0.0000000E+0	1.0000000E+2	0.0000000E+0
7.4036000E+1	6.6527093E+1	6.0348049E+1	0.0000000E+0	0.0000000E+0	1.0000000E+2	0.0000000E+0
7.4086000E+1	6.6553552E+1	6.0338920E+1	0.0000000E+0	0.0000000E+0	1.0000000E+2	0.0000000E+0
7.4136000E+1	6.6573331E+1	6.0321285E+1	0.0000000E+0	0.0000000E+0	1.0000000E+2	0.0000000E+0
7.4187000E+1	6.6619410E+1	6.0322873E+1	0.0000000E+0	0.0000000E+0	1.0000000E+2	0.0000000E+0
7.4237000E+1	6.6629300E+1	6.0320527E+1	0.0000000E+0	0.0000000E+0	1.0000000E+2	0.0000000E+0
7.4288000E+1	6.6659061E+1	6.0336008E+1	0.0000000E+0	0.0000000E+0	1.0000000E+2	0.0000000E+0
7.4338000E+1	6.6660724E+1	6.0326859E+1	0.0000000E+0	0.0000000E+0	1.0000000E+2	0.0000000E+0
7.4388000E+1	6.6648810E+1	6.0326099E+1	0.0000000E+0	0.0000000E+0	1.0000000E+2	0.0000000E+0
7.4439000E+1	6.6633623E+1	6.0328700E+1	0.0000000E+0	0.0000000E+0	1.0000000E+2	0.0000000E+0
7.4490000E+1	6.6593459E+1	6.0339742E+1	0.0000000E+0	0.0000000E+0	1.0000000E+2	0.0000000E+0
7.4540000E+1	6.6586602E+1	6.0349704E+1	0.0000000E+0	0.0000000E+0	1.0000000E+2	0.0000000E+0
7.4590000E+1	6.6572570E+1	6.0335197E+1	0.0000000E+0	0.0000000E+0	1.0000000E+2	0.0000000E+0
7.4640000E+1	6.6572490E+1	6.0340741E+1	0.0000000E+0	0.0000000E+0	1.0000000E+2	0.0000000E+0
7.4690000E+1	6.6576140E+1	6.0344348E+1	0.0000000E+0	0.0000000E+0	1.0000000E+2	0.0000000E+0
7.4740000E+1	6.6534438E+1	6.0338387E+1	0.0000000E+0	0.0000000E+0	1.0000000E+2	0.0000000E+0
7.4791000E+1	6.6516882E+1	6.0343046E+1	0.0000000E+0	0.0000000E+0	1.0000000E+2	0.0000000E+0
7.4841000E+1	6.6497511E+1	6.0353227E+1	0.0000000E+0	0.0000000E+0	1.0000000E+2	0.0000000E+0
7.4892000E+1	6.6513973E+1	6.0347138E+1	0.0000000E+0	0.0000000E+0	1.0000000E+2	0.0000000E+0
7.4942000E+1	6.6514144E+1	6.0353525E+1	0.0000000E+0	0.0000000E+0	1.0000000E+2	0.0000000E+0
7.4992000E+1	6.6542798E+1	6.0353494E+1	0.0000000E+0	0.0000000E+0	1.0000000E+2	0.0000000E+0
7.5042000E+1	6.6536827E+1	6.0349368E+1	0.0000000E+0	0.0000000E+0	1.0000000E+2	0.0000000E+0
7.5092000E+1	6.6561190E+1	6.0344589E+1	0.0000000E+0	0.0000000E+0	1.0000000E+2	0.0000000E+0
7.5142000E+1	6.6578435E+1	6.0342602E+1	0.0000000E+0	0.0000000E+0	1.0000000E+2	0.0000000E+0
7.5192000E+1	6.6581017E+1	6.0338672E+1	0.0000000E+0	0.0000000E+0	1.0000000E+2	0.0000000E+0
7.5242000E+1	6.6588335E+1	6.0332610E+1	0.0000000E+0	0.0000000E+0	1.0000000E+2	0.0000000E+0
7.5292000E+1	6.6603661E+1	6.0333233E+1	0.0000000E+0	0.0000000E+0	1.0000000E+2	0.0000000E+0
7.5342000E+1	6.6626468E+1	6.0323509E+1	0.0000000E+0	0.0000000E+0	1.0000000E+2	0.0000000E+0
7.5392000E+1	6.6655672E+1	6.0336154E+1	0.0000000E+0	0.0000000E+0	1.0000000E+2	0.0000000E+0
7.5442000E+1	6.6704588E+1	6.0331958E+1	0.0000000E+0	0.0000000E+0	1.0000000E+2	0.0000000E+0
7.5493000E+1	6.6722881E+1	6.0329601E+1	0.0000000E+0	0.0000000E+0	1.0000000E+2	0.0000000E+0
7.5544000E+1	6.6745961E+1	6.0338099E+1	0.0000000E+0	0.0000000E+0	1.0000000E+2	0.0000000E+0
7.5594000E+1	6.6753514E+1	6.0335470E+1	0.0000000E+0	0.0000000E+0	1.0000000E+2	0.0000000E+0
7.5644000E+1	6.6758626E+1	6.0334731E+1	0.0000000E+0	0.0000000E+0	1.0000000E+2	0.0000000E+0
7.5694000E+1	6.6743369E+1	6.0319742E+1	0.0000000E+0	0.0000000E+0	1.0000000E+2	0.0000000E+0
7.5744000E+1	6.6736806E+1	6.0325588E+1	0.0000000E+0	0.0000000E+0	1.0000000E+2	0.0000000E+0
7.5794000E+1	6.6718609E+1	6.0317763E+1	0.0000000E+0	0.0000000E+0	1.0000000E+2	0.0000000E+0
7.5844000E+1	6.6721181E+1	6.0322514E+1	0.0000000E+0	0.0000000E+0	1.0000000E+2	0.0000000E+0
7.5894000E+1	6.6720082E+1	6.0316841E+1	0.0000000E+0	0.0000000E+0	1.0000000E+2	0.0000000E+0
7.5944000E+1	6.6701881E+1	6.0315827E+1	0.0000000E+0	0.0000000E+0	1.0000000E+2	0.0000000E+0
7.5994000E+1	6.6726504E+1	6.0321008E+1	0.0000000E+0	0.0000000E+0	1.0000000E+2	0.0000000E+0
7.6044000E+1	6.6721291E+1	6.0329006E+1	0.0000000E+0	0.0000000E+0	1.0000000E+2	0.0000000E+0
7.6094000E+1	6.6676678E+1	6.0332970E+1	0.0000000E+0	0.0000000E+0	1.0000000E+2	0.0000000E+0
7.6144000E+1	6.6637330E+1	6.0323424E+1	0.0000000E+0	0.0000000E+0	1.0000000E+2	0.0000000E+0
7.6194000E+1	6.6625177E+1	6.0320749E+1	0.0000000E+0	0.0000000E+0	1.0000000E+2	0.0000000E+0
7.6244000E+1	6.6591655E+1	6.0313944E+1	0.0000000E+0	0.0000000E+0	1.0000000E+2	0.0000000E+0
7.6294000E+1	6.6567143E+1	6.0319639E+1	0.0000000E+0	0.0000000E+0	1.0000000E+2	0.0000000E+0
7.6344000E+1	6.6576796E+1	6.0317235E+1	0.0000000E+0	0.0000000E+0	1.0000000E+2	0.0000000E+0
7.6394000E+1	6.6599803E+1	6.0335190E+1	0.0000000E+0	0.0000000E+0	1.0000000E+2	0.0000000E+0
7.6444000E+1	6.6593955E+1	6.0337563E+1	0.0000000E+0	0.0000000E+0	1.0000000E+2	0.0000000E+0
7.6494000E+1	6.6611540E+1	6.0335488E+1	0.0000000E+0	0.0000000E+0	1.0000000E+2	0.0000000E+0
7.6544000E+1	6.6616747E+1	6.0335855E+1	0.0000000E+0	0.0000000E+0	1.0000000E+2	0.0000000E+0
7.6594000E+1	6.6597195E+1	6.0322236E+1	0.0000000E+0	0.0000000E+0	1.0000000E+2	0.0000000E+0
7.6644000E+1	6.6630345E+1	6.0334698E+1	0.0000000E+0	0.0000000E+0	1.0000000E+2	0.0000000E+0
7.6694000E+1	6.6639848E+1	6.0327735E+1	0.0000000E+0	0.0000000E+0	1.0000000E+2	0.0000000E+0
7.6744000E+1	6.6620005E+1	6.0324046E+1	0.0000000E+0	0.0000000E+0	1.0000000E+2	0.0000000E+0
7.6794000E+1	6.6630334E+1	6.0336597E+1	0.0000000E+0	0.0000000E+0	1.0000000E+2	0.0000000E+0
7.6844000E+1	6.6666375E+1	6.0336016E+1	0.0000000E+0	0.0000000E+0	1.0000000E+2	0.0000000E+0
7.6895000E+1	6.6673521E+1	6.0339977E+1	0.0000000E+0	0.0000000E+0	1.0000000E+2	0.0000000E+0
7.6946000E+1	6.6675345E+1	6.0344425E+1	0.0000000E+0	0.0000000E+0	1.0000000E+2	0.0000000E+0
7.6996000E+1	6.6689887E+1	6.0343640E+1	0.0000000E+0	0.0000000E+0	1.0000000E+2	0.0000000E+0
7.7046000E+1	6.6711153E+1	6.0343977E+1	0.0000000E+0	0.0000000E+0	1.0000000E+2	0.0000000E+0
7.7096000E+1	6.6722052E+1	6.0340620E+1	0.0000000E+0	0.0000000E+0	1.0000000E+2	0.0000000E+0
7.7147000E+1	6.6737431E+1	6.0336985E+1	0.0000000E+0	0.0000000E+0	1.0000000E+2	0.0000000E+0
7.7198000E+1	6.6756923E+1	6.0358724E+1	0.0000000E+0	0.0000000E+0	1.0000000E+2	0.0000000E+0
7.7248000E+1	6.6785895E+1	6.0356100E+1	0.0000000E+0	0.0000000E+0	1.0000000E+2	0.0000000E+0
7.7299000E+1	6.6822272E+1	6.0360119E+1	0.0000000E+0	0.0000000E+0	1.0000000E+2	0.0000000E+0
7.7350000E+1	6.6843063E+1	6.0350807E+1	0.0000000E+0	0.0000000E+0	1.0000000E+2	0.0000000E+0
7.7400000E+1	6.6856805E+1	6.0352100E+1	0.0000000E+0	0.0000000E+0	1.0000000E+2	0.0000000E+0
7.7450000E+1	6.6876307E+1	6.0345056E+1	0.0000000E+0	0.0000000E+0	1.0000000E+2	0.0000000E+0
7.7501000E+1	6.6899969E+1	6.0354753E+1	0.0000000E+0	0.0000000E+0	1.0000000E+2	0.0000000E+0
7.7552000E+1	6.6897581E+1	6.0356751E+1	0.0000000E+0	0.0000000E+0	1.0000000E+2	0.0000000E+0
7.7602000E+1	6.6877030E+1	6.0363461E+1	0.0000000E+0	0.0000000E+0	1.0000000E+2	0.0000000E+0
7.7652000E+1	6.6867522E+1	6.0369340E+1	0.0000000E+0	0.0000000E+0	1.0000000E+2	0.0000000E+0
7.7702000E+1	6.6826841E+1	6.0358251E+1	0.0000000E+0	0.0000000E+0	1.0000000E+2	0.0000000E+0
7.7752000E+1	6.6779135E+1	6.0348581E+1	0.0000000E+0	0.0000000E+0	1.0000000E+2	0.0000000E+0
7.7803000E+1	6.6750973E+1	6.0359412E+1	0.0000000E+0	0.0000000E+0	1.0000000E+2	0.0000000E+0
7.7853000E+1	6.6704891E+1	6.0328660E+1	0.0000000E+0	0.0000000E+0	1.0000000E+2	0.0000000E+0
7.7903000E+1	6.6713412E+1	6.0354532E+1	0.0000000E+0	0.0000000E+0	1.0000000E+2	0.0000000E+0
7.7954000E+1	6.6710328E+1	6.0353714E+1	0.0000000E+0	0.0000000E+0	1.0000000E+2	0.0000000E+0
7.8004000E+1	6.6680596E+1	6.0339755E+1	0.0000000E+0	0.0000000E+0	1.0000000E+2	0.0000000E+0
7.8055000E+1	6.6671067E+1	6.0339697E+1	0.0000000E+0	0.0000000E+0	1.0000000E+2	0.0000000E+0
7.8106000E+1	6.6656589E+1	6.0341901E+1	0.0000000E+0	0.0000000E+0	1.0000000E+2	0.0000000E+0
7.8156000E+1	6.6647743E+1	6.0337821E+1	0.0000000E+0	0.0000000E+0	1.0000000E+2	0.0000000E+0
7.8206000E+1	6.6654248E+1	6.0340066E+1	0.0000000E+0	0.0000000E+0	1.0000000E+2	0.0000000E+0
7.8256000E+1	6.6653769E+1	6.0335918E+1	0.0000000E+0	0.0000000E+0	1.0000000E+2	0.0000000E+0
7.8306000E+1	6.6631249E+1	6.0327378E+1	0.0000000E+0	0.0000000E+0	1.0000000E+2	0.0000000E+0
7.8356000E+1	6.6629804E+1	6.0323940E+1	0.0000000E+0	0.0000000E+0	1.0000000E+2	0.0000000E+0
7.8406000E+1	6.6644226E+1	6.0342964E+1	0.0000000E+0	0.0000000E+0	1.0000000E+2	0.0000000E+0
7.8456000E+1	6.6641010E+1	6.0347881E+1	0.0000000E+0	0.0000000E+0	1.0000000E+2	0.0000000E+0
7.8506000E+1	6.6615861E+1	6.0325307E+1	0.0000000E+0	0.0000000E+0	1.0000000E+2	0.0000000E+0
7.8556000E+1	6.6625237E+1	6.0337125E+1	0.0000000E+0	0.0000000E+0	1.0000000E+2	0.0000000E+0
7.8607000E+1	6.6645012E+1	6.0337585E+1	0.0000000E+0	0.0000000E+0	1.0000000E+2	0.0000000E+0
7.8657000E+1	6.6671360E+1	6.0333199E+1	0.0000000E+0	0.0000000E+0	1.0000000E+2	0.0000000E+0
7.8708000E+1	6.6709211E+1	6.0346435E+1	0.0000000E+0	0.0000000E+0	1.0000000E+2	0.0000000E+0
7.8759000E+1	6.6708936E+1	6.0335332E+1	0.0000000E+0	0.0000000E+0	1.0000000E+2	0.0000000E+0
7.8809000E+1	6.6727226E+1	6.0324656E+1	0.0000000E+0	0.0000000E+0	1.0000000E+2	0.0000000E+0
7.8859000E+1	6.6740980E+1	6.0331242E+1	0.0000000E+0	0.0000000E+0	1.0000000E+2	0.0000000E+0
7.8909000E+1	6.6744722E+1	6.0337447E+1	0.0000000E+0	0.0000000E+0	1.0000000E+2	0.0000000E+0
7.8959000E+1	6.6744880E+1	6.0328660E+1	0.0000000E+0	0.0000000E+0	1.0000000E+2	0.0000000E+0
7.9009000E+1	6.6768545E+1	6.0343681E+1	0.0000000E+0	0.0000000E+0	1.0000000E+2	0.0000000E+0
7.9059000E+1	6.6765187E+1	6.0339442E+1	0.0000000E+0	0.0000000E+0	1.0000000E+2	0.0000000E+0
7.9109000E+1	6.6757820E+1	6.0354718E+1	0.0000000E+0	0.0000000E+0	1.0000000E+2	0.0000000E+0
7.9160000E+1	6.6753692E+1	6.0331531E+1	0.0000000E+0	0.0000000E+0	1.0000000E+2	0.0000000E+0
7.9211000E+1	6.6734284E+1	6.0336550E+1	0.0000000E+0	0.0000000E+0	1.0000000E+2	0.0000000E+0
7.9261000E+1	6.6732847E+1	6.0338055E+1	0.0000000E+0	0.0000000E+0	1.0000000E+2	0.0000000E+0
7.9311000E+1	6.6715107E+1	6.0332894E+1	0.0000000E+0	0.0000000E+0	1.0000000E+2	0.0000000E+0
7.9361000E+1	6.6691653E+1	6.0343557E+1	0.0000000E+0	0.0000000E+0	1.0000000E+2	0.0000000E+0
7.9412000E+1	6.6696786E+1	6.0357727E+1	0.0000000E+0	0.0000000E+0	1.0000000E+2	0.0000000E+0
7.9463000E+1	6.6675710E+1	6.0355064E+1	0.0000000E+0	0.0000000E+0	1.0000000E+2	0.0000000E+0
7.9513000E+1	6.6640406E+1	6.0347137E+1	0.0000000E+0	0.0000000E+0	1.0000000E+2	0.0000000E+0
7.9563000E+1	6.6610609E+1	6.0355756E+1	0.0000000E+0	0.0000000E+0	1.0000000E+2	0.0000000E+0
7.9613000E+1	6.6578667E+1	6.0352250E+1	0.0000000E+0	0.0000000E+0	1.0000000E+2	0.0000000E+0
7.9664000E+1	6.6564729E+1	6.0355601E+1	0.0000000E+0	0.0000000E+0	1.0000000E+2	0.0000000E+0
7.9714000E+1	6.6571530E+1	6.0353531E+1	0.0000000E+0	0.0000000E+0	1.0000000E+2	0.0000000E+0
7.9764000E+1	6.6559624E+1	6.0367708E+1	0.0000000E+0	0.0000000E+0	1.0000000E+2	0.0000000E+0
7.9814000E+1	6.6551368E+1	6.0362664E+1	0.0000000E+0	0.0000000E+0	1.0000000E+2	0.0000000E+0
7.9864000E+1	6.6544414E+1	6.0351710E+1	0.0000000E+0	0.0000000E+0	1.0000000E+2	0.0000000E+0
7.9914000E+1	6.6560231E+1	6.0366054E+1	0.0000000E+0	0.0000000E+0	1.0000000E+2	0.0000000E+0
7.9964000E+1	6.6569298E+1	6.0358872E+1	0.0000000E+0	0.0000000E+0	1.0000000E+2	0.0000000E+0
8.0014000E+1	6.6575888E+1	6.0359862E+1	0.0000000E+0	0.0000000E+0	1.0000000E+2	0.0000000E+0
8.0064000E+1	6.6589808E+1	6.0361728E+1	0.0000000E+0	0.0000000E+0	1.0000000E+2	0.0000000E+0
8.0114000E+1	6.6617416E+1	6.0370879E+1	0.0000000E+0	0.0000000E+0	1.0000000E+2	0.0000000E+0
8.0165000E+1	6.6646120E+1	6.0380847E+1	0.0000000E+0	0.0000000E+0	1.0000000E+2	0.0000000E+0
8.0215000E+1	6.6650272E+1	6.0365658E+1	0.0000000E+0	0.0000000E+0	1.0000000E+2	0.0000000E+0
8.0265000E+1	6.6672120E+1	6.0359227E+1	0.0000000E+0	0.0000000E+0	1.0000000E+2	0.0000000E+0
8.0315000E+1	6.6678746E+1	6.0354665E+1	0.0000000E+0	0.0000000E+0	1.0000000E+2	0.0000000E+0
8.0365000E+1	6.6670812E+1	6.0351425E+1	0.0000000E+0	0.0000000E+0	1.0000000E+2	0.0000000E+0
8.0415000E+1	6.6680484E+1	6.0361273E+1	0.0000000E+0	0.0000000E+0	1.0000000E+2	0.0000000E+0
8.0466000E+1	6.6715139E+1	6.0370094E+1	0.0000000E+0	0.0000000E+0	1.0000000E+2	0.0000000E+0
8.0516000E+1	6.6741894E+1	6.0361919E+1	0.0000000E+0	0.0000000E+0	1.0000000E+2	0.0000000E+0
8.0566000E+1	6.6773682E+1	6.0364280E+1	0.0000000E+0	0.0000000E+0	1.0000000E+2	0.0000000E+0
8.0616000E+1	6.6760720E+1	6.0351564E+1	0.0000000E+0	0.0000000E+0	1.0000000E+2	0.0000000E+0
8.0666000E+1	6.6764899E+1	6.0360656E+1	0.0000000E+0	0.0000000E+0	1.0000000E+2	0.0000000E+0
8.0716000E+1	6.6781152E+1	6.0355305E+1	0.0000000E+0	0.0000000E+0	1.0000000E+2	0.0000000E+0
8.0766000E+1	6.6768839E+1	6.0348424E+1	0.0000000E+0	0.0000000E+0	1.0000000E+2	0.0000000E+0
8.0816000E+1	6.6755993E+1	6.0347375E+1	0.0000000E+0	0.0000000E+0	1.0000000E+2	0.0000000E+0
8.0866000E+1	6.6760706E+1	6.0353800E+1	0.0000000E+0	0.0000000E+0	1.0000000E+2	0.0000000E+0
8.0916000E+1	6.6767475E+1	6.0352315E+1	0.0000000E+0	0.0000000E+0	1.0000000E+2	0.0000000E+0
8.0966000E+1	6.6734457E+1	6.0328201E+1	0.0000000E+0	0.0000000E+0	1.0000000E+2	0.0000000E+0
8.1016000E+1	6.6743340E+1	6.0335860E+1	0.0000000E+0	0.0000000E+0	1.0000000E+2	0.0000000E+0
8.1066000E+1	6.6712347E+1	6.0339731E+1	0.0000000E+0	0.0000000E+0	1.0000000E+2	0.0000000E+0
8.1116000E+1	6.6678207E+1	6.0324682E+1	0.0000000E+0	0.0000000E+0	1.0000000E+2	0.0000000E+0
8.1167000E+1	6.6658207E+1	6.0323754E+1	0.0000000E+0	0.0000000E+0	1.0000000E+2	0.0000000E+0
8.1217000E+1	6.6653425E+1	6.0333194E+1	0.0000000E+0	0.0000000E+0	1.0000000E+2	0.0000000E+0
8.1267000E+1	6.6620852E+1	6.0318197E+1	0.0000000E+0	0.0000000E+0	1.0000000E+2	0.0000000E+0
8.1318000E+1	6.6591751E+1	6.0307327E+1	0.0000000E+0	0.0000000E+0	1.0000000E+2	0.0000000E+0
8.1368000E+1	6.6534989E+1	6.0266326E+1	0.0000000E+0	0.0000000E+0	1.0000000E+2	0.0000000E+0
8.1418000E+1	6.6497457E+1	6.0263555E+1	0.0000000E+0	0.0000000E+0	1.0000000E+2	0.0000000E+0
8.1468000E+1	6.6502193E+1	6.0261545E+1	0.0000000E+0	0.0000000E+0	1.0000000E+2	0.0000000E+0
8.1520000E+1	6.6505631E+1	6.0243518E+1	0.0000000E+0	0.0000000E+0	1.0000000E+2	0.0000000E+0
8.1570000E+1	6.6525345E+1	6.0230403E+1	0.0000000E+0	0.0000000E+0	1.0000000E+2	0.0000000E+0
8.1620000E+1	6.6539414E+1	6.0226801E+1	0.0000000E+0	0.0000000E+0	1.0000000E+2	0.0000000E+0
8.1670000E+1	6.6562726E+1	6.0230032E+1	0.0000000E+0	0.0000000E+0	1.0000000E+2	0.0000000E+0
8.1720000E+1	6.6573435E+1	6.0235659E+1	0.0000000E+0	0.0000000E+0	1.0000000E+2	0.0000000E+0
8.1771000E+1	6.6584731E+1	6.0239370E+1	0.0000000E+0	0.0000000E+0	1.0000000E+2	0.0000000E+0
8.1821000E+1	6.6607000E+1	6.0229324E+1	0.0000000E+0	0.0000000E+0	1.0000000E+2	0.0000000E+0
8.1872000E+1	6.6625869E+1	6.0224625E+1	0.0000000E+0	0.0000000E+0	1.0000000E+2	0.0000000E+0
8.1922000E+1	6.6633741E+1	6.0224744E+1	0.0000000E+0	0.0000000E+0	1.0000000E+2	0.0000000E+0
8.1972000E+1	6.6615567E+1	6.0211341E+1	0.0000000E+0	0.0000000E+0	1.0000000E+2	0.0000000E+0
8.2023000E+1	6.6613386E+1	6.0227755E+1	0.0000000E+0	0.0000000E+0	1.0000000E+2	0.0000000E+0
8.2073000E+1	6.6616883E+1	6.0226233E+1	0.0000000E+0	0.0000000E+0	1.0000000E+2	0.0000000E+0
8.2123000E+1	6.6612305E+1	6.0224956E+1	0.0000000E+0	0.0000000E+0	1.0000000E+2	0.0000000E+0
8.2173000E+1	6.6613550E+1	6.0226109E+1	0.0000000E+0	0.0000000E+0	1.0000000E+2	0.0000000E+0
8.2223000E+1	6.6610585E+1	6.0238526E+1	0.0000000E+0	0.0000000E+0	1.0000000E+2	0.0000000E+0
8.2273000E+1	6.6607300E+1	6.0227610E+1	0.0000000E+0	0.0000000E+0	1.0000000E+2	0.0000000E+0
8.2323000E+1	6.6604519E+1	6.0225625E+1	0.0000000E+0	0.0000000E+0	1.0000000E+2	0.0000000E+0
8.2373000E+1	6.6601295E+1	6.0226627E+1	0.0000000E+0	0.0000000E+0	1.0000000E+2	0.0000000E+0
8.2423000E+1	6.6596325E+1	6.0224675E+1	0.0000000E+0	0.0000000E+0	1.0000000E+2	0.0000000E+0
8.2473000E+1	6.6543737E+1	6.0230726E+1	0.0000000E+0	0.0000000E+0	1.0000000E+2	0.0000000E+0
8.2524000E+1	6.6523460E+1	6.0233324E+1	0.0000000E+0	0.0000000E+0	1.0000000E+2	0.0000000E+0
8.2575000E+1	6.6528427E+1	6.0234306E+1	0.0000000E+0	0.0000000E+0	1.0000000E+2	0.0000000E+0
8.2626000E+1	6.6530356E+1	6.0233841E+1	0.0000000E+0	0.0000000E+0	1.0000000E+2	0.0000000E+0
8.2676000E+1	6.6513494E+1	6.0228444E+1	0.0000000E+0	0.0000000E+0	1.0000000E+2	0.0000000E+0
8.2726000E+1	6.6516607E+1	6.0222864E+1	0.0000000E+0	0.0000000E+0	1.0000000E+2	0.0000000E+0
8.2776000E+1	6.6510323E+1	6.0232712E+1	0.0000000E+0	0.0000000E+0	1.0000000E+2	0.0000000E+0
8.2826000E+1	6.6501299E+1	6.0238773E+1	0.0000000E+0	0.0000000E+0	1.0000000E+2	0.0000000E+0
8.2876000E+1	6.6507278E+1	6.0247510E+1	0.0000000E+0	0.0000000E+0	1.0000000E+2	0.0000000E+0
8.2926000E+1	6.6530972E+1	6.0253827E+1	0.0000000E+0	0.0000000E+0	1.0000000E+2	0.0000000E+0
8.2976000E+1	6.6520837E+1	6.0246012E+1	0.0000000E+0	0.0000000E+0	1.0000000E+2	0.0000000E+0
8.3026000E+1	6.6555278E+1	6.0267680E+1	0.0000000E+0	0.0000000E+0	1.0000000E+2	0.0000000E+0
8.3076000E+1	6.6570328E+1	6.0268332E+1	0.0000000E+0	0.0000000E+0	1.0000000E+2	0.0000000E+0
8.3126000E+1	6.6575086E+1	6.0268846E+1	0.0000000E+0	0.0000000E+0	1.0000000E+2	0.0000000E+0
8.3176000E+1	6.6558824E+1	6.0247033E+1	0.0000000E+0	0.0000000E+0	1.0000000E+2	0.0000000E+0
8.3226000E+1	6.6604614E+1	6.0263858E+1	0.0000000E+0	0.0000000E+0	1.0000000E+2	0.0000000E+0
8.3276000E+1	6.6616381E+1	6.0256351E+1	0.0000000E+0	0.0000000E+0	1.0000000E+2	0.0000000E+0
8.3326000E+1	6.6661327E+1	6.0278996E+1	0.0000000E+0	0.0000000E+0	1.0000000E+2	0.0000000E+0
8.3376000E+1	6.6703258E+1	6.0279752E+1	0.0000000E+0	0.0000000E+0	1.0000000E+2	0.0000000E+0
8.3426000E+1	6.6730098E+1	6.0268576E+1	0.0000000E+0	0.0000000E+0	1.0000000E+2	0.0000000E+0
8.3476000E+1	6.6747167E+1	6.0275222E+1	0.0000000E+0	0.0000000E+0	1.0000000E+2	0.0000000E+0
8.3526000E+1	6.6788459E+1	6.0293252E+1	0.0000000E+0	0.0000000E+0	1.0000000E+2	0.0000000E+0
8.3576000E+1	6.6791623E+1	6.0285499E+1	0.0000000E+0	0.0000000E+0	1.0000000E+2	0.0000000E+0
8.3626000E+1	6.6756162E+1	6.0291537E+1	0.0000000E+0	0.0000000E+0	1.0000000E+2	0.0000000E+0
8.3677000E+1	6.6750584E+1	6.0293685E+1	0.0000000E+0	0.0000000E+0	1.0000000E+2	0.0000000E+0
8.3728000E+1	6.6742800E+1	6.0289253E+1	0.0000000E+0	0.0000000E+0	1.0000000E+2	0.0000000E+0
8.3778000E+1	6.6736052E+1	6.0302819E+1	0.0000000E+0	0.0000000E+0	1.0000000E+2	0.0000000E+0
8.3828000E+1	6.6728171E+1	6.0298573E+1	0.0000000E+0	0.0000000E+0	1.0000000E+2	0.0000000E+0
8.3879000E+1	6.6685488E+1	6.0295769E+1	0.0000000E+0	0.0000000E+0	1.0000000E+2	0.0000000E+0
8.3929000E+1	6.6620536E+1	6.0288258E+1	0.0000000E+0	0.0000000E+0	1.0000000E+2	0.0000000E+0
8.3980000E+1	6.6606600E+1	6.0293027E+1	0.0000000E+0	0.0000000E+0	1.0000000E+2	0.0000000E+0
8.4031000E+1	6.6569670E+1	6.0297189E+1	0.0000000E+0	0.0000000E+0	1.0000000E+2	0.0000000E+0
8.4081000E+1	6.6561034E+1	6.0292285E+1	0.0000000E+0	0.0000000E+0	1.0000000E+2	0.0000000E+0
8.4131000E+1	6.6563106E+1	6.0293452E+1	0.0000000E+0	0.0000000E+0	1.0000000E+2	0.0000000E+0
8.4181000E+1	6.6564163E+1	6.0308120E+1	0.0000000E+0	0.0000000E+0	1.0000000E+2	0.0000000E+0
8.4231000E+1	6.6540244E+1	6.0293666E+1	0.0000000E+0	0.0000000E+0	1.0000000E+2	0.0000000E+0
8.4281000E+1	6.6528669E+1	6.0301086E+1	0.0000000E+0	0.0000000E+0	1.0000000E+2	0.0000000E+0
8.4331000E+1	6.6493332E+1	6.0292651E+1	0.0000000E+0	0.0000000E+0	1.0000000E+2	0.0000000E+0
8.4382000E+1	6.6468417E+1	6.0298932E+1	0.0000000E+0	0.0000000E+0	1.0000000E+2	0.0000000E+0
8.4432000E+1	6.6461417E+1	6.0288430E+1	0.0000000E+0	0.0000000E+0	1.0000000E+2	0.0000000E+0
8.4482000E+1	6.6469826E+1	6.0295455E+1	0.0000000E+0	0.0000000E+0	1.0000000E+2	0.0000000E+0
8.4532000E+1	6.6488348E+1	6.0292733E+1	0.0000000E+0	0.0000000E+0	1.0000000E+2	0.0000000E+0
8.4582000E+1	6.6505839E+1	6.0300661E+1	0.0000000E+0	0.0000000E+0	1.0000000E+2	0.0000000E+0
8.4632000E+1	6.6522749E+1	6.0293545E+1	0.0000000E+0	0.0000000E+0	1.0000000E+2	0.0000000E+0
8.4683000E+1	6.6561406E+1	6.0307635E+1	0.0000000E+0	0.0000000E+0	1.0000000E+2	0.0000000E+0
8.4734000E+1	6.6593192E+1	6.0303544E+1	0.0000000E+0	0.0000000E+0	1.0000000E+2	0.0000000E+0
8.4784000E+1	6.6618711E+1	6.0308301E+1	0.0000000E+0	0.0000000E+0	1.0000000E+2	0.0000000E+0
8.4834000E+1	6.6630081E+1	6.0308579E+1	0.0000000E+0	0.0000000E+0	1.0000000E+2	0.0000000E+0
8.4884000E+1	6.6620400E+1	6.0303343E+1	0.0000000E+0	0.0000000E+0	1.0000000E+2	0.0000000E+0
8.4936000E+1	6.6618294E+1	6.0300449E+1	0.0000000E+0	0.0000000E+0	1.0000000E+2	0.0000000E+0
8.4986000E+1	6.6631957E+1	6.0291802E+1	0.0000000E+0	0.0000000E+0	1.0000000E+2	0.0000000E+0
8.5036000E+1	6.6665054E+1	6.0298587E+1	0.0000000E+0	0.0000000E+0	1.0000000E+2	0.0000000E+0
8.5086000E+1	6.6680301E+1	6.0299975E+1	0.0000000E+0	0.0000000E+0	1.0000000E+2	0.0000000E+0
8.5137000E+1	6.6703853E+1	6.0303107E+1	0.0000000E+0	0.0000000E+0	1.0000000E+2	0.0000000E+0
8.5188000E+1	6.6751657E+1	6.0316720E+1	0.0000000E+0	0.0000000E+0	1.0000000E+2	0.0000000E+0
8.5238000E+1	6.6770659E+1	6.0320964E+1	0.0000000E+0	0.0000000E+0	1.0000000E+2	0.0000000E+0
8.5288000E+1	6.6768684E+1	6.0330262E+1	0.0000000E+0	0.0000000E+0	1.0000000E+2	0.0000000E+0
8.5339000E+1	6.6766642E+1	6.0319609E+1	0.0000000E+0	0.0000000E+0	1.0000000E+2	0.0000000E+0
8.5389000E+1	6.6791212E+1	6.0314406E+1	0.0000000E+0	0.0000000E+0	1.0000000E+2	0.0000000E+0
8.5439000E+1	6.6815775E+1	6.0325489E+1	0.0000000E+0	0.0000000E+0	1.0000000E+2	0.0000000E+0
8.5489000E+1	6.6836756E+1	6.0327856E+1	0.0000000E+0	0.0000000E+0	1.0000000E+2	0.0000000E+0
8.5539000E+1	6.6864464E+1	6.0335993E+1	0.0000000E+0	0.0000000E+0	1.0000000E+2	0.0000000E+0
8.5589000E+1	6.6910923E+1	6.0348511E+1	0.0000000E+0	0.0000000E+0	1.0000000E+2	0.0000000E+0
8.5640000E+1	6.6906773E+1	6.0335940E+1	0.0000000E+0	0.0000000E+0	1.0000000E+2	0.0000000E+0
8.5691000E+1	6.6908126E+1	6.0331063E+1	0.0000000E+0	0.0000000E+0	1.0000000E+2	0.0000000E+0
8.5741000E+1	6.6902222E+1	6.0330063E+1	0.0000000E+0	0.0000000E+0	1.0000000E+2	0.0000000E+0
8.5791000E+1	6.6886359E+1	6.0317237E+1	0.0000000E+0	0.0000000E+0	1.0000000E+2	0.0000000E+0
8.5841000E+1	6.6893127E+1	6.0309244E+1	0.0000000E+0	0.0000000E+0	1.0000000E+2	0.0000000E+0
8.5891000E+1	6.6891799E+1	6.0328608E+1	0.0000000E+0	0.0000000E+0	1.0000000E+2	0.0000000E+0
8.5941000E+1	6.6876149E+1	6.0329014E+1	0.0000000E+0	0.0000000E+0	1.0000000E+2	0.0000000E+0
8.5991000E+1	6.6856353E+1	6.0331660E+1	0.0000000E+0	0.0000000E+0	1.0000000E+2	0.0000000E+0
8.6041000E+1	6.6829309E+1	6.0312953E+1	0.0000000E+0	0.0000000E+0	1.0000000E+2	0.0000000E+0
8.6091000E+1	6.6826104E+1	6.0319002E+1	0.0000000E+0	0.0000000E+0	1.0000000E+2	0.0000000E+0
8.6141000E+1	6.6800719E+1	6.0318528E+1	0.0000000E+0	0.0000000E+0	1.0000000E+2	0.0000000E+0
8.6192000E+1	6.6765705E+1	6.0336956E+1	0.0000000E+0	0.0000000E+0	1.0000000E+2	0.0000000E+0
8.6242000E+1	6.6739742E+1	6.0323738E+1	0.0000000E+0	0.0000000E+0	1.0000000E+2	0.0000000E+0
8.6292000E+1	6.6726922E+1	6.0313014E+1	0.0000000E+0	0.0000000E+0	1.0000000E+2	0.0000000E+0
8.6342000E+1	6.6726116E+1	6.0303733E+1	0.0000000E+0	0.0000000E+0	1.0000000E+2	0.0000000E+0
8.6392000E+1	6.6729514E+1	6.0313653E+1	0.0000000E+0	0.0000000E+0	1.0000000E+2	0.0000000E+0
8.6442000E+1	6.6715011E+1	6.0299176E+1	0.0000000E+0	0.0000000E+0	1.0000000E+2	0.0000000E+0
8.6493000E+1	6.6709850E+1	6.0276320E+1	0.0000000E+0	0.0000000E+0	1.0000000E+2	0.0000000E+0
8.6543000E+1	6.6747414E+1	6.0292632E+1	0.0000000E+0	0.0000000E+0	1.0000000E+2	0.0000000E+0
8.6593000E+1	6.6778503E+1	6.0319139E+1	0.0000000E+0	0.0000000E+0	1.0000000E+2	0.0000000E+0
8.6643000E+1	6.6791097E+1	6.0315953E+1	0.0000000E+0	0.0000000E+0	1.0000000E+2	0.0000000E+0
8.6693000E+1	6.6817845E+1	6.0328519E+1	0.0000000E+0	0.0000000E+0	1.0000000E+2	0.0000000E+0
8.6743000E+1	6.6819479E+1	6.0312669E+1	0.0000000E+0	0.0000000E+0	1.0000000E+2	0.0000000E+0
8.6794000E+1	6.6825673E+1	6.0316893E+1	0.0000000E+0	0.0000000E+0	1.0000000E+2	0.0000000E+0
8.6844000E+1	6.6828564E+1	6.0319622E+1	0.0000000E+0	0.0000000E+0	1.0000000E+2	0.0000000E+0
8.6894000E+1	6.6829382E+1	6.0314240E+1	0.0000000E+0	0.0000000E+0	1.0000000E+2	0.0000000E+0
8.6944000E+1	6.6828426E+1	6.0319979E+1	0.0000000E+0	0.0000000E+0	1.0000000E+2	0.0000000E+0
8.6995000E+1	6.6820407E+1	6.0309633E+1	0.0000000E+0	0.0000000E+0	1.0000000E+2	0.0000000E+0
8.7045000E+1	6.6815492E+1	6.0316099E+1	0.0000000E+0	0.0000000E+0	1.0000000E+2	0.0000000E+0
8.7095000E+1	6.6793065E+1	6.0316027E+1	0.0000000E+0	0.0000000E+0	1.0000000E+2	0.0000000E+0
8.7145000E+1	6.6802502E+1	6.0315354E+1	0.0000000E+0	0.0000000E+0	1.0000000E+2	0.0000000E+0
8.7196000E+1	6.6802400E+1	6.0315942E+1	0.0000000E+0	0.0000000E+0	1.0000000E+2	0.0000000E+0
8.7246000E+1	6.6837253E+1	6.0342346E+1	0.0000000E+0	0.0000000E+0	1.0000000E+2	0.0000000E+0
8.7296000E+1	6.6839457E+1	6.0342632E+1	0.0000000E+0	0.0000000E+0	1.0000000E+2	0.0000000E+0
8.7346000E+1	6.6851112E+1	6.0347456E+1	0.0000000E+0	0.0000000E+0	1.0000000E+2	0.0000000E+0
8.7396000E+1	6.6855968E+1	6.0368490E+1	0.0000000E+0	0.0000000E+0	1.0000000E+2	0.0000000E+0
8.7446000E+1	6.6863760E+1	6.0384562E+1	0.0000000E+0	0.0000000E+0	1.0000000E+2	0.0000000E+0
8.7496000E+1	6.6858496E+1	6.0379033E+1	0.0000000E+0	0.0000000E+0	1.0000000E+2	0.0000000E+0
8.7546000E+1	6.6838498E+1	6.0380655E+1	0.0000000E+0	0.0000000E+0	1.0000000E+2	0.0000000E+0
8.7596000E+1	6.6823485E+1	6.0373874E+1	0.0000000E+0	0.0000000E+0	1.0000000E+2	0.0000000E+0
8.7647000E+1	6.6824683E+1	6.0374218E+1	0.0000000E+0	0.0000000E+0	1.0000000E+2	0.0000000E+0
8.7698000E+1	6.6841228E+1	6.0390856E+1	0.0000000E+0	0.0000000E+0	1.0000000E+2	0.0000000E+0
8.7748000E+1	6.6860462E+1	6.0404833E+1	0.0000000E+0	0.0000000E+0	1.0000000E+2	0.0000000E+0
8.7798000E+1	6.6863891E+1	6.0392780E+1	0.0000000E+0	0.0000000E+0	1.0000000E+2	0.0000000E+0
8.7849000E+1	6.6861269E+1	6.0395315E+1	0.0000000E+0	0.0000000E+0	1.0000000E+2	0.0000000E+0
8.7900000E+1	6.6862039E+1	6.0395038E+1	0.0000000E+0	0.0000000E+0	1.0000000E+2	0.0000000E+0
8.7951000E+1	6.6819983E+1	6.0391733E+1	0.0000000E+0	0.0000000E+0	1.0000000E+2	0.0000000E+0
8.8001000E+1	6.6810659E+1	6.0386368E+1	0.0000000E+0	0.0000000E+0	1.0000000E+2	0.0000000E+0
8.8051000E+1	6.6852542E+1	6.0392377E+1	0.0000000E+0	0.0000000E+0	1.0000000E+2	0.0000000E+0
8.8102000E+1	6.6865047E+1	6.0400942E+1	0.0000000E+0	0.0000000E+0	1.0000000E+2	0.0000000E+0
8.8153000E+1	6.6883314E+1	6.0398554E+1	0.0000000E+0	0.0000000E+0	1.0000000E+2	0.0000000E+0
8.8203000E+1	6.6910312E+1	6.0407220E+1	0.0000000E+0	0.0000000E+0	1.0000000E+2	0.0000000E+0
8.8253000E+1	6.6933003E+1	6.0403817E+1	0.0000000E+0	0.0000000E+0	1.0000000E+2	0.0000000E+0
8.8303000E+1	6.6928331E+1	6.0397342E+1	0.0000000E+0	0.0000000E+0	1.0000000E+2	0.0000000E+0
8.8353000E+1	6.6925091E+1	6.0389221E+1	0.0000000E+0	0.0000000E+0	1.0000000E+2	0.0000000E+0
8.8403000E+1	6.6952519E+1	6.0398279E+1	0.0000000E+0	0.0000000E+0	1.0000000E+2	0.0000000E+0
8.8453000E+1	6.6984788E+1	6.0405805E+1	0.0000000E+0	0.0000000E+0	1.0000000E+2	0.0000000E+0
8.8503000E+1	6.6945505E+1	6.0380988E+1	0.0000000E+0	0.0000000E+0	1.0000000E+2	0.0000000E+0
8.8553000E+1	6.6936602E+1	6.0380429E+1	0.0000000E+0	0.0000000E+0	1.0000000E+2	0.0000000E+0
8.8603000E+1	6.6949129E+1	6.0372322E+1	0.0000000E+0	0.0000000E+0	1.0000000E+2	0.0000000E+0
8.8653000E+1	6.6962349E+1	6.0377902E+1	0.0000000E+0	0.0000000E+0	1.0000000E+2	0.0000000E+0
8.8703000E+1	6.6976094E+1	6.0365298E+1	0.0000000E+0	0.0000000E+0	1.0000000E+2	0.0000000E+0
8.8753000E+1	6.7007560E+1	6.0396454E+1	0.0000000E+0	0.0000000E+0	1.0000000E+2	0.0000000E+0
8.8803000E+1	6.7022410E+1	6.0383226E+1	0.0000000E+0	0.0000000E+0	1.0000000E+2	0.0000000E+0
8.8853000E+1	6.6996602E+1	6.0385525E+1	0.0000000E+0	0.0000000E+0	1.0000000E+2	0.0000000E+0
8.8903000E+1	6.6983988E+1	6.0372300E+1	0.0000000E+0	0.0000000E+0	1.0000000E+2	0.0000000E+0
8.8953000E+1	6.6981387E+1	6.0371528E+1	0.0000000E+0	0.0000000E+0	1.0000000E+2	0.0000000E+0
8.9003000E+1	6.6952448E+1	6.0362537E+1	0.0000000E+0	0.0000000E+0	1.0000000E+2	0.0000000E+0
8.9053000E+1	6.6934031E+1	6.0359323E+1	0.0000000E+0	0.0000000E+0	1.0000000E+2	0.0000000E+0
8.9103000E+1	6.6924669E+1	6.0371933E+1	0.0000000E+0	0.0000000E+0	1.0000000E+2	0.0000000E+0
8.9153000E+1	6.6938507E+1	6.0366287E+1	0.0000000E+0	0.0000000E+0	1.0000000E+2	0.0000000E+0
8.9203000E+1	6.6940348E+1	6.0369258E+1	0.0000000E+0	0.0000000E+0	1.0000000E+2	0.0000000E+0
8.9253000E+1	6.6934016E+1	6.0382912E+1	0.0000000E+0	0.0000000E+0	1.0000000E+2	0.0000000E+0
8.9303000E+1	6.6904133E+1	6.0368810E+1	0.0000000E+0	0.0000000E+0	1.0000000E+2	0.0000000E+0
8.9353000E+1	6.6890627E+1	6.0367449E+1	0.0000000E+0	0.0000000E+0	1.0000000E+2	0.0000000E+0
8.9403000E+1	6.6896649E+1	6.0366632E+1	0.0000000E+0	0.0000000E+0	1.0000000E+2	0.0000000E+0
8.9454000E+1	6.6884453E+1	6.0354616E+1	0.0000000E+0	0.0000000E+0	1.0000000E+2	0.0000000E+0
8.9504000E+1	6.6885227E+1	6.0352365E+1	0.0000000E+0	0.0000000E+0	1.0000000E+2	0.0000000E+0
8.9554000E+1	6.6902176E+1	6.0368341E+1	0.0000000E+0	0.0000000E+0	1.0000000E+2	0.0000000E+0
8.9604000E+1	6.6904330E+1	6.0367593E+1	0.0000000E+0	0.0000000E+0	1.0000000E+2	0.0000000E+0
8.9654000E+1	6.6897331E+1	6.0368426E+1	0.0000000E+0	0.0000000E+0	1.0000000E+2	0.0000000E+0
8.9704000E+1	6.6889168E+1	6.0366235E+1	0.0000000E+0	0.0000000E+0	1.0000000E+2	0.0000000E+0
8.9754000E+1	6.6881139E+1	6.0350213E+1	0.0000000E+0	0.0000000E+0	1.0000000E+2	0.0000000E+0
8.9804000E+1	6.6878059E+1	6.0355580E+1	0.0000000E+0	0.0000000E+0	1.0000000E+2	0.0000000E+0
8.9854000E+1	6.6886530E+1	6.0350483E+1	0.0000000E+0	0.0000000E+0	1.0000000E+2	0.0000000E+0
8.9904000E+1	6.6909300E+1	6.0359294E+1	0.0000000E+0	0.0000000E+0	1.0000000E+2	0.0000000E+0
8.9954000E+1	6.6905394E+1	6.0363549E+1	0.0000000E+0	0.0000000E+0	1.0000000E+2	0.0000000E+0
9.0004000E+1	6.6924861E+1	6.0376860E+1	0.0000000E+0	0.0000000E+0	1.0000000E+2	0.0000000E+0
9.0054000E+1	6.6902998E+1	6.0358979E+1	0.0000000E+0	0.0000000E+0	1.0000000E+2	0.0000000E+0
9.0104000E+1	6.6867782E+1	6.0375339E+1	0.0000000E+0	0.0000000E+0	1.0000000E+2	0.0000000E+0
9.0154000E+1	6.6862417E+1	6.0362435E+1	0.0000000E+0	0.0000000E+0	1.0000000E+2	0.0000000E+0
9.0204000E+1	6.6838948E+1	6.0357913E+1	0.0000000E+0	0.0000000E+0	1.0000000E+2	0.0000000E+0
9.0254000E+1	6.6831584E+1	6.0360563E+1	0.0000000E+0	0.0000000E+0	1.0000000E+2	0.0000000E+0
9.0304000E+1	6.6835551E+1	6.0358324E+1	0.0000000E+0	0.0000000E+0	1.0000000E+2	0.0000000E+0
9.0354000E+1	6.6816873E+1	6.0356652E+1	0.0000000E+0	0.0000000E+0	1.0000000E+2	0.0000000E+0
9.0404000E+1	6.6811867E+1	6.0363897E+1	0.0000000E+0	0.0000000E+0	1.0000000E+2	0.0000000E+0
9.0454000E+1	6.6794974E+1	6.0351963E+1	0.0000000E+0	0.0000000E+0	1.0000000E+2	0.0000000E+0
9.0504000E+1	6.6801295E+1	6.0358972E+1	0.0000000E+0	0.0000000E+0	1.0000000E+2	0.0000000E+0
9.0554000E+1	6.6788556E+1	6.0346547E+1	0.0000000E+0	0.0000000E+0	1.0000000E+2	0.0000000E+0
9.0604000E+1	6.6790541E+1	6.0370659E+1	0.0000000E+0	0.0000000E+0	1.0000000E+2	0.0000000E+0
9.0654000E+1	6.6773562E+1	6.0363131E+1	0.0000000E+0	0.0000000E+0	1.0000000E+2	0.0000000E+0
9.0704000E+1	6.6750204E+1	6.0360008E+1	0.0000000E+0	0.0000000E+0	1.0000000E+2	0.0000000E+0
9.0754000E+1	6.6730020E+1	6.0382009E+1	0.0000000E+0	0.0000000E+0	1.0000000E+2	0.0000000E+0
9.0804000E+1	6.6703197E+1	6.0360611E+1	0.0000000E+0	0.0000000E+0	1.0000000E+2	0.0000000E+0
9.0854000E+1	6.6682995E+1	6.0366627E+1	0.0000000E+0	0.0000000E+0	1.0000000E+2	0.0000000E+0
9.0904000E+1	6.6654283E+1	6.0357688E+1	0.0000000E+0	0.0000000E+0	1.0000000E+2	0.0000000E+0
9.0954000E+1	6.6650251E+1	6.0368172E+1	0.0000000E+0	0.0000000E+0	1.0000000E+2	0.0000000E+0
9.1004000E+1	6.6634336E+1	6.0355183E+1	0.0000000E+0	0.0000000E+0	1.0000000E+2	0.0000000E+0
9.1054000E+1	6.6621263E+1	6.0351627E+1	0.0000000E+0	0.0000000E+0	1.0000000E+2	0.0000000E+0
9.1104000E+1	6.6624646E+1	6.0368202E+1	0.0000000E+0	0.0000000E+0	1.0000000E+2	0.0000000E+0
9.1154000E+1	6.6586007E+1	6.0349873E+1	0.0000000E+0	0.0000000E+0	1.0000000E+2	0.0000000E+0
9.1204000E+1	6.6594671E+1	6.0364189E+1	0.0000000E+0	0.0000000E+0	1.0000000E+2	0.0000000E+0
9.1254000E+1	6.6596451E+1	6.0358861E+1	0.0000000E+0	0.0000000E+0	1.0000000E+2	0.0000000E+0
9.1304000E+1	6.6607229E+1	6.0366083E+1	0.0000000E+0	0.0000000E+0	1.0000000E+2	0.0000000E+0
9.1354000E+1	6.6614689E+1	6.0363151E+1	0.0000000E+0	0.0000000E+0	1.0000000E+2	0.0000000E+0
9.1404000E+1	6.6652911E+1	6.0367171E+1	0.0000000E+0	0.0000000E+0	1.0000000E+2	0.0000000E+0
9.1454000E+1	6.6638638E+1	6.0368611E+1	0.0000000E+0	0.0000000E+0	1.0000000E+2	0.0000000E+0
9.1504000E+1	6.6643073E+1	6.0371186E+1	0.0000000E+0	0.0000000E+0	1.0000000E+2	0.0000000E+0
9.1554000E+1	6.6661492E+1	6.0382262E+1	0.0000000E+0	0.0000000E+0	1.0000000E+2	0.0000000E+0
9.1605000E+1	6.6674877E+1	6.0386331E+1	0.0000000E+0	0.0000000E+0	1.0000000E+2	0.0000000E+0
9.1655000E+1	6.6683830E+1	6.0360899E+1	0.0000000E+0	0.0000000E+0	1.0000000E+2	0.0000000E+0
9.1706000E+1	6.6718352E+1	6.0371674E+1	0.0000000E+0	0.0000000E+0	1.0000000E+2	0.0000000E+0
9.1757000E+1	6.6731300E+1	6.0390849E+1	0.0000000E+0	0.0000000E+0	1.0000000E+2	0.0000000E+0
9.1808000E+1	6.6738496E+1	6.0367146E+1	0.0000000E+0	0.0000000E+0	1.0000000E+2	0.0000000E+0
9.1858000E+1	6.6759992E+1	6.0370355E+1	0.0000000E+0	0.0000000E+0	1.0000000E+2	0.0000000E+0
9.1909000E+1	6.6752061E+1	6.0383352E+1	0.0000000E+0	0.0000000E+0	1.0000000E+2	0.0000000E+0
9.1959000E+1	6.6748066E+1	6.0371104E+1	0.0000000E+0	0.0000000E+0	1.0000000E+2	0.0000000E+0
9.2010000E+1	6.6773778E+1	6.0369678E+1	0.0000000E+0	0.0000000E+0	1.0000000E+2	0.0000000E+0
9.2060000E+1	6.6796772E+1	6.0366918E+1	0.0000000E+0	0.0000000E+0	1.0000000E+2	0.0000000E+0
9.2110000E+1	6.6802212E+1	6.0363391E+1	0.0000000E+0	0.0000000E+0	1.0000000E+2	0.0000000E+0
9.2160000E+1	6.6792820E+1	6.0373128E+1	0.0000000E+0	0.0000000E+0	1.0000000E+2	0.0000000E+0
9.2210000E+1	6.6775225E+1	6.0363878E+1	0.0000000E+0	0.0000000E+0	1.0000000E+2	0.0000000E+0
9.2260000E+1	6.6781267E+1	6.0372945E+1	0.0000000E+0	0.0000000E+0	1.0000000E+2	0.0000000E+0
9.2310000E+1	6.6799848E+1	6.0376270E+1	0.0000000E+0	0.0000000E+0	1.0000000E+2	0.0000000E+0
9.2360000E+1	6.6813933E+1	6.0371978E+1	0.0000000E+0	0.0000000E+0	1.0000000E+2	0.0000000E+0
9.2410000E+1	6.6797971E+1	6.0379585E+1	0.0000000E+0	0.0000000E+0	1.0000000E+2	0.0000000E+0
9.2460000E+1	6.6787038E+1	6.0384152E+1	0.0000000E+0	0.0000000E+0	1.0000000E+2	0.0000000E+0
9.2510000E+1	6.6761859E+1	6.0377044E+1	0.0000000E+0	0.0000000E+0	1.0000000E+2	0.0000000E+0
9.2560000E+1	6.6739361E+1	6.0378066E+1	0.0000000E+0	0.0000000E+0	1.0000000E+2	0.0000000E+0
9.2610000E+1	6.6721362E+1	6.0365167E+1	0.0000000E+0	0.0000000E+0	1.0000000E+2	0.0000000E+0
9.2660000E+1	6.6688699E+1	6.0367190E+1	0.0000000E+0	0.0000000E+0	1.0000000E+2	0.0000000E+0
9.2710000E+1	6.6654032E+1	6.0357675E+1	0.0000000E+0	0.0000000E+0	1.0000000E+2	0.0000000E+0
9.2761000E+1	6.6648797E+1	6.0369704E+1	0.0000000E+0	0.0000000E+0	1.0000000E+2	0.0000000E+0
9.2811000E+1	6.6627780E+1	6.0364145E+1	0.0000000E+0	0.0000000E+0	1.0000000E+2	0.0000000E+0
9.2861000E+1	6.6611668E+1	6.0347993E+1	0.0000000E+0	0.0000000E+0	1.0000000E+2	0.0000000E+0
9.2912000E+1	6.6623957E+1	6.0356211E+1	0.0000000E+0	0.0000000E+0	1.0000000E+2	0.0000000E+0
9.2963000E+1	6.6654796E+1	6.0362559E+1	0.0000000E+0	0.0000000E+0	1.0000000E+2	0.0000000E+0
9.3014000E+1	6.6673643E+1	6.0364068E+1	0.0000000E+0	0.0000000E+0	1.0000000E+2	0.0000000E+0
9.3064000E+1	6.6707800E+1	6.0354440E+1	0.0000000E+0	0.0000000E+0	1.0000000E+2	0.0000000E+0
9.3114000E+1	6.6728373E+1	6.0351519E+1	0.0000000E+0	0.0000000E+0	1.0000000E+2	0.0000000E+0
9.3164000E+1	6.6778170E+1	6.0386274E+1	0.0000000E+0	0.0000000E+0	1.0000000E+2	0.0000000E+0
9.3214000E+1	6.6773028E+1	6.0377646E+1	0.0000000E+0	0.0000000E+0	1.0000000E+2	0.0000000E+0
9.3264000E+1	6.6777647E+1	6.0363778E+1	0.0000000E+0	0.0000000E+0	1.0000000E+2	0.0000000E+0
9.3314000E+1	6.6759550E+1	6.0356463E+1	0.0000000E+0	0.0000000E+0	1.0000000E+2	0.0000000E+0
9.3364000E+1	6.6758223E+1	6.0349147E+1	0.0000000E+0	0.0000000E+0	1.0000000E+2	0.0000000E+0
9.3414000E+1	6.6772278E+1	6.0352933E+1	0.0000000E+0	0.0000000E+0	1.0000000E+2	0.0000000E+0
9.3465000E+1	6.6772922E+1	6.0353825E+1	0.0000000E+0	0.0000000E+0	1.0000000E+2	0.0000000E+0
9.3515000E+1	6.6801070E+1	6.0359751E+1	0.0000000E+0	0.0000000E+0	1.0000000E+2	0.0000000E+0
9.3565000E+1	6.6813064E+1	6.0353558E+1	0.0000000E+0	0.0000000E+0	1.0000000E+2	0.0000000E+0
9.3615000E+1	6.6807114E+1	6.0349632E+1	0.0000000E+0	0.0000000E+0	1.0000000E+2	0.0000000E+0
9.3665000E+1	6.6810469E+1	6.0334480E+1	0.0000000E+0	0.0000000E+0	1.0000000E+2	0.0000000E+0
9.3715000E+1	6.6813112E+1	6.0338413E+1	0.0000000E+0	0.0000000E+0	1.0000000E+2	0.0000000E+0
9.3765000E+1	6.6810154E+1	6.0341218E+1	0.0000000E+0	0.0000000E+0	1.0000000E+2	0.0000000E+0
9.3815000E+1	6.6799217E+1	6.0352066E+1	0.0000000E+0	0.0000000E+0	1.0000000E+2	0.0000000E+0
9.3865000E+1	6.6766363E+1	6.0342861E+1	0.0000000E+0	0.0000000E+0	1.0000000E+2	0.0000000E+0
9.3915000E+1	6.6727785E+1	6.0345824E+1	0.0000000E+0	0.0000000E+0	1.0000000E+2	0.0000000E+0
9.3965000E+1	6.6685938E+1	6.0323487E+1	0.0000000E+0	0.0000000E+0	1.0000000E+2	0.0000000E+0
9.4016000E+1	6.6649238E+1	6.0326040E+1	0.0000000E+0	0.0000000E+0	1.0000000E+2	0.0000000E+0
9.4067000E+1	6.6599911E+1	6.0330909E+1	0.0000000E+0	0.0000000E+0	1.0000000E+2	0.0000000E+0
9.4117000E+1	6.6552416E+1	6.0315042E+1	0.0000000E+0	0.0000000E+0	1.0000000E+2	0.0000000E+0
9.4167000E+1	6.6518805E+1	6.0313968E+1	0.0000000E+0	0.0000000E+0	1.0000000E+2	0.0000000E+0
9.4217000E+1	6.6521827E+1	6.0329614E+1	0.0000000E+0	0.0000000E+0	1.0000000E+2	0.0000000E+0
9.4267000E+1	6.6533433E+1	6.0341029E+1	0.0000000E+0	0.0000000E+0	1.0000000E+2	0.0000000E+0
9.4318000E+1	6.6510796E+1	6.0319546E+1	0.0000000E+0	0.0000000E+0	1.0000000E+2	0.0000000E+0
9.4368000E+1	6.6487643E+1	6.0329180E+1	0.0000000E+0	0.0000000E+0	1.0000000E+2	0.0000000E+0
9.4419000E+1	6.6495806E+1	6.0345058E+1	0.0000000E+0	0.0000000E+0	1.0000000E+2	0.0000000E+0
9.4469000E+1	6.6495398E+1	6.0334049E+1	0.0000000E+0	0.0000000E+0	1.0000000E+2	0.0000000E+0
9.4519000E+1	6.6520130E+1	6.0335812E+1	0.0000000E+0	0.0000000E+0	1.0000000E+2	0.0000000E+0
9.4569000E+1	6.6544207E+1	6.0331258E+1	0.0000000E+0	0.0000000E+0	1.0000000E+2	0.0000000E+0
9.4619000E+1	6.6570271E+1	6.0339946E+1	0.0000000E+0	0.0000000E+0	1.0000000E+2	0.0000000E+0
9.4669000E+1	6.6588786E+1	6.0329904E+1	0.0000000E+0	0.0000000E+0	1.0000000E+2	0.0000000E+0
9.4719000E+1	6.6617524E+1	6.0337746E+1	0.0000000E+0	0.0000000E+0	1.0000000E+2	0.0000000E+0
9.4769000E+1	6.6629959E+1	6.0335972E+1	0.0000000E+0	0.0000000E+0	1.0000000E+2	0.0000000E+0
9.4819000E+1	6.6654752E+1	6.0347360E+1	0.0000000E+0	0.0000000E+0	1.0000000E+2	0.0000000E+0
9.4869000E+1	6.6652527E+1	6.0335771E+1	0.0000000E+0	0.0000000E+0	1.0000000E+2	0.0000000E+0
9.4919000E+1	6.6683405E+1	6.0343849E+1	0.0000000E+0	0.0000000E+0	1.0000000E+2	0.0000000E+0
9.4969000E+1	6.6700967E+1	6.0340710E+1	0.0000000E+0	0.0000000E+0	1.0000000E+2	0.0000000E+0
9.5019000E+1	6.6737033E+1	6.0355094E+1	0.0000000E+0	0.0000000E+0	1.0000000E+2	0.0000000E+0
9.5069000E+1	6.6760864E+1	6.0356160E+1	0.0000000E+0	0.0000000E+0	1.0000000E+2	0.0000000E+0
9.5119000E+1	6.6769709E+1	6.0348634E+1	0.0000000E+0	0.0000000E+0	1.0000000E+2	0.0000000E+0
9.5169000E+1	6.6775668E+1	6.0350102E+1	0.0000000E+0	0.0000000E+0	1.0000000E+2	0.0000000E+0
9.5219000E+1	6.6814150E+1	6.0362176E+1	0.0000000E+0	0.0000000E+0	1.0000000E+2	0.0000000E+0
9.5269000E+1	6.6826574E+1	6.0347596E+1	0.0000000E+0	0.0000000E+0	1.0000000E+2	0.0000000E+0
9.5319000E+1	6.6839762E+1	6.0344790E+1	0.0000000E+0	0.0000000E+0	1.0000000E+2	0.0000000E+0
9.5369000E+1	6.6874258E+1	6.0368078E+1	0.0000000E+0	0.0000000E+0	1.0000000E+2	0.0000000E+0
9.5419000E+1	6.6913032E+1	6.0361698E+1	0.0000000E+0	0.0000000E+0	1.0000000E+2	0.0000000E+0
9.5469000E+1	6.6943614E+1	6.0367119E+1	0.0000000E+0	0.0000000E+0	1.0000000E+2	0.0000000E+0
9.5519000E+1	6.6960920E+1	6.0384411E+1	0.0000000E+0	0.0000000E+0	1.0000000E+2	0.0000000E+0
9.5569000E+1	6.6964425E+1	6.0377254E+1	0.0000000E+0	0.0000000E+0	1.0000000E+2	0.0000000E+0
9.5619000E+1	6.6944740E+1	6.0367696E+1	0.0000000E+0	0.0000000E+0	1.0000000E+2	0.0000000E+0
9.5669000E+1	6.6966877E+1	6.0373121E+1	0.0000000E+0	0.0000000E+0	1.0000000E+2	0.0000000E+0
9.5719000E+1	6.6967509E+1	6.0378283E+1	0.0000000E+0	0.0000000E+0	1.0000000E+2	0.0000000E+0
9.5769000E+1	6.6972327E+1	6.0393790E+1	0.0000000E+0	0.0000000E+0	1.0000000E+2	0.0000000E+0
9.5819000E+1	6.6941559E+1	6.0376009E+1	0.0000000E+0	0.0000000E+0	1.0000000E+2	0.0000000E+0
9.5869000E+1	6.6916619E+1	6.0383982E+1	0.0000000E+0	0.0000000E+0	1.0000000E+2	0.0000000E+0
9.5919000E+1	6.6925449E+1	6.0374391E+1	0.0000000E+0	0.0000000E+0	1.0000000E+2	0.0000000E+0
9.5969000E+1	6.6907009E+1	6.0370168E+1	0.0000000E+0	0.0000000E+0	1.0000000E+2	0.0000000E+0
9.6019000E+1	6.6906753E+1	6.0381284E+1	0.0000000E+0	0.0000000E+0	1.0000000E+2	0.0000000E+0
9.6069000E+1	6.6885758E+1	6.0371404E+1	0.0000000E+0	0.0000000E+0	1.0000000E+2	0.0000000E+0
9.6119000E+1	6.6870200E+1	6.0377793E+1	0.0000000E+0	0.0000000E+0	1.0000000E+2	0.0000000E+0
9.6169000E+1	6.6821651E+1	6.0380688E+1	0.0000000E+0	0.0000000E+0	1.0000000E+2	0.0000000E+0
9.6219000E+1	6.6787023E+1	6.0365414E+1	0.0000000E+0	0.0000000E+0	1.0000000E+2	0.0000000E+0
9.6269000E+1	6.6783433E+1	6.0378512E+1	0.0000000E+0	0.0000000E+0	1.0000000E+2	0.0000000E+0
9.6319000E+1	6.6768764E+1	6.0374638E+1	0.0000000E+0	0.0000000E+0	1.0000000E+2	0.0000000E+0
9.6369000E+1	6.6768820E+1	6.0378520E+1	0.0000000E+0	0.0000000E+0	1.0000000E+2	0.0000000E+0
9.6419000E+1	6.6745636E+1	6.0356981E+1	0.0000000E+0	0.0000000E+0	1.0000000E+2	0.0000000E+0
9.6469000E+1	6.6782242E+1	6.0387691E+1	0.0000000E+0	0.0000000E+0	1.0000000E+2	0.0000000E+0
9.6519000E+1	6.6804401E+1	6.0360398E+1	0.0000000E+0	0.0000000E+0	1.0000000E+2	0.0000000E+0
9.6569000E+1	6.6827109E+1	6.0373052E+1	0.0000000E+0	0.0000000E+0	1.0000000E+2	0.0000000E+0
9.6619000E+1	6.6854777E+1	6.0386304E+1	0.0000000E+0	0.0000000E+0	1.0000000E+2	0.0000000E+0
9.6670000E+1	6.6867511E+1	6.0389509E+1	0.0000000E+0	0.0000000E+0	1.0000000E+2	0.0000000E+0
9.6721000E+1	6.6850719E+1	6.0383396E+1	0.0000000E+0	0.0000000E+0	1.0000000E+2	0.0000000E+0
9.6771000E+1	6.6869497E+1	6.0384862E+1	0.0000000E+0	0.0000000E+0	1.0000000E+2	0.0000000E+0
9.6821000E+1	6.6848056E+1	6.0388662E+1	0.0000000E+0	0.0000000E+0	1.0000000E+2	0.0000000E+0
9.6871000E+1	6.6837561E+1	6.0395777E+1	0.0000000E+0	0.0000000E+0	1.0000000E+2	0.0000000E+0
9.6921000E+1	6.6839785E+1	6.0385355E+1	0.0000000E+0	0.0000000E+0	1.0000000E+2	0.0000000E+0
9.6972000E+1	6.6824683E+1	6.0385302E+1	0.0000000E+0	0.0000000E+0	1.0000000E+2	0.0000000E+0
9.7023000E+1	6.6841402E+1	6.0392892E+1	0.0000000E+0	0.0000000E+0	1.0000000E+2	0.0000000E+0
9.7074000E+1	6.6844820E+1	6.0387223E+1	0.0000000E+0	0.0000000E+0	1.0000000E+2	0.0000000E+0
9.7126000E+1	6.6833368E+1	6.0376207E+1	0.0000000E+0	0.0000000E+0	1.0000000E+2	0.0000000E+0
9.7176000E+1	6.6840215E+1	6.0394310E+1	0.0000000E+0	0.0000000E+0	1.0000000E+2	0.0000000E+0
9.7226000E+1	6.6827975E+1	6.0399057E+1	0.0000000E+0	0.0000000E+0	1.0000000E+2	0.0000000E+0
9.7276000E+1	6.6801221E+1	6.0396743E+1	0.0000000E+0	0.0000000E+0	1.0000000E+2	0.0000000E+0
9.7326000E+1	6.6788813E+1	6.0407836E+1	0.0000000E+0	0.0000000E+0	1.0000000E+2	0.0000000E+0
9.7377000E+1	6.6718404E+1	6.0376529E+1	0.0000000E+0	0.0000000E+0	1.0000000E+2	0.0000000E+0
9.7427000E+1	6.6677006E+1	6.0383506E+1	0.0000000E+0	0.0000000E+0	1.0000000E+2	0.0000000E+0
9.7477000E+1	6.6678621E+1	6.0393337E+1	0.0000000E+0	0.0000000E+0	1.0000000E+2	0.0000000E+0
9.7527000E+1	6.6672261E+1	6.0389752E+1	0.0000000E+0	0.0000000E+0	1.0000000E+2	0.0000000E+0
9.7577000E+1	6.6669648E+1	6.0382307E+1	0.0000000E+0	0.0000000E+0	1.0000000E+2	0.0000000E+0
9.7627000E+1	6.6671252E+1	6.0379610E+1	0.0000000E+0	0.0000000E+0	1.0000000E+2	0.0000000E+0
9.7677000E+1	6.6654377E+1	6.0398923E+1	0.0000000E+0	0.0000000E+0	1.0000000E+2	0.0000000E+0
9.7727000E+1	6.6597323E+1	6.0392325E+1	0.0000000E+0	0.0000000E+0	1.0000000E+2	0.0000000E+0
9.7777000E+1	6.6588338E+1	6.0387900E+1	0.0000000E+0	0.0000000E+0	1.0000000E+2	0.0000000E+0
9.7827000E+1	6.6579380E+1	6.0381180E+1	0.0000000E+0	0.0000000E+0	1.0000000E+2	0.0000000E+0
9.7877000E+1	6.6590025E+1	6.0392799E+1	0.0000000E+0	0.0000000E+0	1.0000000E+2	0.0000000E+0
9.7927000E+1	6.6593477E+1	6.0382378E+1	0.0000000E+0	0.0000000E+0	1.0000000E+2	0.0000000E+0
9.7977000E+1	6.6605938E+1	6.0400710E+1	0.0000000E+0	0.0000000E+0	1.0000000E+2	0.0000000E+0
9.8027000E+1	6.6631216E+1	6.0396185E+1	0.0000000E+0	0.0000000E+0	1.0000000E+2	0.0000000E+0
9.8077000E+1	6.6659749E+1	6.0393757E+1	0.0000000E+0	0.0000000E+0	1.0000000E+2	0.0000000E+0
9.8127000E+1	6.6697584E+1	6.0408289E+1	0.0000000E+0	0.0000000E+0	1.0000000E+2	0.0000000E+0
9.8177000E+1	6.6718393E+1	6.0402319E+1	0.0000000E+0	0.0000000E+0	1.0000000E+2	0.0000000E+0
9.8227000E+1	6.6696676E+1	6.0403444E+1	0.0000000E+0	0.0000000E+0	1.0000000E+2	0.0000000E+0
9.8277000E+1	6.6715244E+1	6.0402564E+1	0.0000000E+0	0.0000000E+0	1.0000000E+2	0.0000000E+0
9.8327000E+1	6.6748786E+1	6.0413868E+1	0.0000000E+0	0.0000000E+0	1.0000000E+2	0.0000000E+0
9.8377000E+1	6.6757370E+1	6.0419507E+1	0.0000000E+0	0.0000000E+0	1.0000000E+2	0.0000000E+0
9.8429000E+1	6.6759159E+1	6.0412751E+1	0.0000000E+0	0.0000000E+0	1.0000000E+2	0.0000000E+0
9.8481000E+1	6.6753601E+1	6.0404261E+1	0.0000000E+0	0.0000000E+0	1.0000000E+2	0.0000000E+0
9.8531000E+1	6.6769214E+1	6.0401974E+1	0.0000000E+0	0.0000000E+0	1.0000000E+2	0.0000000E+0
9.8581000E+1	6.6761073E+1	6.0418711E+1	0.0000000E+0	0.0000000E+0	1.0000000E+2	0.0000000E+0
9.8632000E+1	6.6742985E+1	6.0404370E+1	0.0000000E+0	0.0000000E+0	1.0000000E+2	0.0000000E+0
9.8683000E+1	6.6724578E+1	6.0400560E+1	0.0000000E+0	0.0000000E+0	1.0000000E+2	0.0000000E+0
9.8733000E+1	6.6698484E+1	6.0403956E+1	0.0000000E+0	0.0000000E+0	1.0000000E+2	0.0000000E+0
9.8783000E+1	6.6683687E+1	6.0400432E+1	0.0000000E+0	0.0000000E+0	1.0000000E+2	0.0000000E+0
9.8833000E+1	6.6688118E+1	6.0409619E+1	0.0000000E+0	0.0000000E+0	1.0000000E+2	0.0000000E+0
9.8883000E+1	6.6655344E+1	6.0395004E+1	0.0000000E+0	0.0000000E+0	1.0000000E+2	0.0000000E+0
9.8933000E+1	6.6644891E+1	6.0401514E+1	0.0000000E+0	0.0000000E+0	1.0000000E+2	0.0000000E+0
9.8983000E+1	6.6610007E+1	6.0405557E+1	0.0000000E+0	0.0000000E+0	1.0000000E+2	0.0000000E+0
9.9034000E+1	6.6587600E+1	6.0423462E+1	0.0000000E+0	0.0000000E+0	1.0000000E+2	0.0000000E+0
9.9084000E+1	6.6562864E+1	6.0410691E+1	0.0000000E+0	0.0000000E+0	1.0000000E+2	0.0000000E+0
9.9134000E+1	6.6532329E+1	6.0400829E+1	0.0000000E+0	0.0000000E+0	1.0000000E+2	0.0000000E+0
9.9184000E+1	6.6500229E+1	6.0400950E+1	0.0000000E+0	0.0000000E+0	1.0000000E+2	0.0000000E+0
9.9234000E+1	6.6450813E+1	6.0403531E+1	0.0000000E+0	0.0000000E+0	1.0000000E+2	0.0000000E+0
9.9284000E+1	6.6428998E+1	6.0398730E+1	0.0000000E+0	0.0000000E+0	1.0000000E+2	0.0000000E+0
9.9335000E+1	6.6389425E+1	6.0394131E+1	0.0000000E+0	0.0000000E+0	1.0000000E+2	0.0000000E+0
9.9385000E+1	6.6362436E+1	6.0383100E+1	0.0000000E+0	0.0000000E+0	1.0000000E+2	0.0000000E+0
9.9435000E+1	6.6341787E+1	6.0404421E+1	0.0000000E+0	0.0000000E+0	1.0000000E+2	0.0000000E+0
9.9485000E+1	6.6342166E+1	6.0406911E+1	0.0000000E+0	0.0000000E+0	1.0000000E+2	0.0000000E+0
9.9535000E+1	6.6346479E+1	6.0409401E+1	0.0000000E+0	0.0000000E+0	1.0000000E+2	0.0000000E+0
9.9585000E+1	6.6351457E+1	6.0395359E+1	0.0000000E+0	0.0000000E+0	1.0000000E+2	0.0000000E+0
9.9635000E+1	6.6337480E+1	6.0378647E+1	0.0000000E+0	0.0000000E+0	1.0000000E+2	0.0000000E+0
9.9685000E+1	6.6349530E+1	6.0380540E+1	0.0000000E+0	0.0000000E+0	1.0000000E+2	0.0000000E+0
9.9735000E+1	6.6382885E+1	6.0394301E+1	0.0000000E+0	0.0000000E+0	1.0000000E+2	0.0000000E+0
9.9785000E+1	6.6406310E+1	6.0389524E+1	0.0000000E+0	0.0000000E+0	1.0000000E+2	0.0000000E+0
9.9835000E+1	6.6415440E+1	6.0382011E+1	0.0000000E+0	0.0000000E+0	1.0000000E+2	0.0000000E+0
9.9885000E+1	6.6456776E+1	6.0392595E+1	0.0000000E+0	0.0000000E+0	1.0000000E+2	0.0000000E+0
9.9935000E+1	6.6488683E+1	6.0415122E+1	0.0000000E+0	0.0000000E+0	1.0000000E+2	0.0000000E+0
9.9985000E+1	6.6510791E+1	6.0406682E+1	0.0000000E+0	0.0000000E+0	1.0000000E+2	0.0000000E+0
1.0003500E+2	6.6542241E+1	6.0419651E+1	0.0000000E+0	0.0000000E+0	1.0000000E+2	0.0000000E+0
1.0008500E+2	6.6542534E+1	6.0401571E+1	0.0000000E+0	0.0000000E+0	1.0000000E+2	0.0000000E+0
1.0013500E+2	6.6577862E+1	6.0412465E+1	0.0000000E+0	0.0000000E+0	1.0000000E+2	0.0000000E+0
1.0018500E+2	6.6556303E+1	6.0407835E+1	0.0000000E+0	0.0000000E+0	1.0000000E+2	0.0000000E+0
1.0023500E+2	6.6549567E+1	6.0393657E+1	0.0000000E+0	0.0000000E+0	1.0000000E+2	0.0000000E+0
1.0028500E+2	6.6561607E+1	6.0403811E+1	0.0000000E+0	0.0000000E+0	1.0000000E+2	0.0000000E+0
1.0033500E+2	6.6593884E+1	6.0398140E+1	0.0000000E+0	0.0000000E+0	1.0000000E+2	0.0000000E+0
1.0038500E+2	6.6599814E+1	6.0384688E+1	0.0000000E+0	0.0000000E+0	1.0000000E+2	0.0000000E+0
1.0043500E+2	6.6599018E+1	6.0395985E+1	0.0000000E+0	0.0000000E+0	1.0000000E+2	0.0000000E+0
1.0048600E+2	6.6619898E+1	6.0382694E+1	0.0000000E+0	0.0000000E+0	1.0000000E+2	0.0000000E+0
1.0053700E+2	6.6649838E+1	6.0393440E+1	0.0000000E+0	0.0000000E+0	1.0000000E+2	0.0000000E+0
1.0058700E+2	6.6671952E+1	6.0385710E+1	0.0000000E+0	0.0000000E+0	1.0000000E+2	0.0000000E+0
1.0063700E+2	6.6708113E+1	6.0396906E+1	0.0000000E+0	0.0000000E+0	1.0000000E+2	0.0000000E+0
1.0068800E+2	6.6720567E+1	6.0403677E+1	0.0000000E+0	0.0000000E+0	1.0000000E+2	0.0000000E+0
1.0073800E+2	6.6729038E+1	6.0392096E+1	0.0000000E+0	0.0000000E+0	1.0000000E+2	0.0000000E+0
1.0078800E+2	6.6742583E+1	6.0401522E+1	0.0000000E+0	0.0000000E+0	1.0000000E+2	0.0000000E+0
1.0083800E+2	6.6755056E+1	6.0396958E+1	0.0000000E+0	0.0000000E+0	1.0000000E+2	0.0000000E+0
1.0088800E+2	6.6769004E+1	6.0398257E+1	0.0000000E+0	0.0000000E+0	1.0000000E+2	0.0000000E+0
1.0093800E+2	6.6757930E+1	6.0393385E+1	0.0000000E+0	0.0000000E+0	1.0000000E+2	0.0000000E+0
1.0098900E+2	6.6758393E+1	6.0382316E+1	0.0000000E+0	0.0000000E+0	1.0000000E+2	0.0000000E+0
1.0103900E+2	6.6773045E+1	6.0391256E+1	0.0000000E+0	0.0000000E+0	1.0000000E+2	0.0000000E+0
1.0109000E+2	6.6757662E+1	6.0389263E+1	0.0000000E+0	0.0000000E+0	1.0000000E+2	0.0000000E+0
1.0114000E+2	6.6769938E+1	6.0382453E+1	0.0000000E+0	0.0000000E+0	1.0000000E+2	0.0000000E+0
1.0119000E+2	6.6780586E+1	6.0379970E+1	0.0000000E+0	0.0000000E+0	1.0000000E+2	0.0000000E+0
1.0124000E+2	6.6792624E+1	6.0380366E+1	0.0000000E+0	0.0000000E+0	1.0000000E+2	0.0000000E+0
1.0129000E+2	6.6826044E+1	6.0383314E+1	0.0000000E+0	0.0000000E+0	1.0000000E+2	0.0000000E+0
1.0134000E+2	6.6844790E+1	6.0381587E+1	0.0000000E+0	0.0000000E+0	1.0000000E+2	0.0000000E+0
1.0139000E+2	6.6877712E+1	6.0376669E+1	0.0000000E+0	0.0000000E+0	1.0000000E+2	0.0000000E+0
1.0144000E+2	6.6915119E+1	6.0394045E+1	0.0000000E+0	0.0000000E+0	1.0000000E+2	0.0000000E+0
1.0149000E+2	6.6947925E+1	6.0379262E+1	0.0000000E+0	0.0000000E+0	1.0000000E+2	0.0000000E+0
1.0154000E+2	6.6981722E+1	6.0390699E+1	0.0000000E+0	0.0000000E+0	1.0000000E+2	0.0000000E+0
1.0159000E+2	6.7018958E+1	6.0384929E+1	0.0000000E+0	0.0000000E+0	1.0000000E+2	0.0000000E+0
1.0164000E+2	6.7038292E+1	6.0393629E+1	0.0000000E+0	0.0000000E+0	1.0000000E+2	0.0000000E+0
1.0169000E+2	6.7046154E+1	6.0384259E+1	0.0000000E+0	0.0000000E+0	1.0000000E+2	0.0000000E+0
1.0174100E+2	6.7020598E+1	6.0384926E+1	0.0000000E+0	0.0000000E+0	1.0000000E+2	0.0000000E+0
1.0179100E+2	6.7038263E+1	6.0376249E+1	0.0000000E+0	0.0000000E+0	1.0000000E+2	0.0000000E+0
1.0184200E+2	6.7061030E+1	6.0369676E+1	0.0000000E+0	0.0000000E+0	1.0000000E+2	0.0000000E+0
1.0189300E+2	6.7044594E+1	6.0338852E+1	0.0000000E+0	0.0000000E+0	1.0000000E+2	0.0000000E+0
1.0194300E+2	6.7060206E+1	6.0330244E+1	0.0000000E+0	0.0000000E+0	1.0000000E+2	0.0000000E+0
1.0199400E+2	6.7019188E+1	6.0315032E+1	0.0000000E+0	0.0000000E+0	1.0000000E+2	0.0000000E+0
1.0204500E+2	6.7023167E+1	6.0297973E+1	0.0000000E+0	0.0000000E+0	1.0000000E+2	0.0000000E+0
1.0209500E+2	6.7018797E+1	6.0306181E+1	0.0000000E+0	0.0000000E+0	1.0000000E+2	0.0000000E+0
1.0214500E+2	6.7018643E+1	6.0287552E+1	0.0000000E+0	0.0000000E+0	1.0000000E+2	0.0000000E+0
1.0219500E+2	6.7014876E+1	6.0297147E+1	0.0000000E+0	0.0000000E+0	1.0000000E+2	0.0000000E+0
1.0224500E+2	6.7025782E+1	6.0310349E+1	0.0000000E+0	0.0000000E+0	1.0000000E+2	0.0000000E+0
1.0229600E+2	6.7043067E+1	6.0325692E+1	0.0000000E+0	0.0000000E+0	1.0000000E+2	0.0000000E+0
1.0234600E+2	6.7019455E+1	6.0311388E+1	0.0000000E+0	0.0000000E+0	1.0000000E+2	0.0000000E+0
1.0239600E+2	6.7007658E+1	6.0324741E+1	0.0000000E+0	0.0000000E+0	1.0000000E+2	0.0000000E+0
1.0244600E+2	6.6981081E+1	6.0340549E+1	0.0000000E+0	0.0000000E+0	1.0000000E+2	0.0000000E+0
1.0249600E+2	6.6960354E+1	6.0340256E+1	0.0000000E+0	0.0000000E+0	1.0000000E+2	0.0000000E+0
1.0254600E+2	6.6951449E+1	6.0342040E+1	0.0000000E+0	0.0000000E+0	1.0000000E+2	0.0000000E+0
1.0259600E+2	6.6956604E+1	6.0329196E+1	0.0000000E+0	0.0000000E+0	1.0000000E+2	0.0000000E+0
1.0264600E+2	6.6962076E+1	6.0324717E+1	0.0000000E+0	0.0000000E+0	1.0000000E+2	0.0000000E+0
1.0269600E+2	6.6964327E+1	6.0328270E+1	0.0000000E+0	0.0000000E+0	1.0000000E+2	0.0000000E+0
1.0274600E+2	6.6985805E+1	6.0345206E+1	0.0000000E+0	0.0000000E+0	1.0000000E+2	0.0000000E+0
1.0279600E+2	6.7005225E+1	6.0358199E+1	0.0000000E+0	0.0000000E+0	1.0000000E+2	0.0000000E+0
1.0284600E+2	6.7010826E+1	6.0347814E+1	0.0000000E+0	0.0000000E+0	1.0000000E+2	0.0000000E+0
1.0289600E+2	6.7004202E+1	6.0341464E+1	0.0000000E+0	0.0000000E+0	1.0000000E+2	0.0000000E+0
1.0294600E+2	6.7041501E+1	6.0352393E+1	0.0000000E+0	0.0000000E+0	1.0000000E+2	0.0000000E+0
1.0299600E+2	6.7061706E+1	6.0357584E+1	0.0000000E+0	0.0000000E+0	1.0000000E+2	0.0000000E+0
1.0304600E+2	6.7057636E+1	6.0353598E+1	0.0000000E+0	0.0000000E+0	1.0000000E+2	0.0000000E+0
1.0309700E+2	6.7077824E+1	6.0349230E+1	0.0000000E+0	0.0000000E+0	1.0000000E+2	0.0000000E+0
1.0314800E+2	6.7087520E+1	6.0353370E+1	0.0000000E+0	0.0000000E+0	1.0000000E+2	0.0000000E+0
1.0319800E+2	6.7088300E+1	6.0356286E+1	0.0000000E+0	0.0000000E+0	1.0000000E+2	0.0000000E+0
1.0324800E+2	6.7064650E+1	6.0355612E+1	0.0000000E+0	0.0000000E+0	1.0000000E+2	0.0000000E+0
1.0329800E+2	6.7057291E+1	6.0362098E+1	0.0000000E+0	0.0000000E+0	1.0000000E+2	0.0000000E+0
1.0334800E+2	6.7050389E+1	6.0365028E+1	0.0000000E+0	0.0000000E+0	1.0000000E+2	0.0000000E+0
1.0339800E+2	6.7057518E+1	6.0374838E+1	0.0000000E+0	0.0000000E+0	1.0000000E+2	0.0000000E+0
1.0344900E+2	6.7065115E+1	6.0371452E+1	0.0000000E+0	0.0000000E+0	1.0000000E+2	0.0000000E+0
1.0350000E+2	6.7063850E+1	6.0367279E+1	0.0000000E+0	0.0000000E+0	1.0000000E+2	0.0000000E+0
1.0355000E+2	6.7079696E+1	6.0369825E+1	0.0000000E+0	0.0000000E+0	1.0000000E+2	0.0000000E+0
1.0360000E+2	6.7072338E+1	6.0377387E+1	0.0000000E+0	0.0000000E+0	1.0000000E+2	0.0000000E+0
1.0365000E+2	6.7078988E+1	6.0374679E+1	0.0000000E+0	0.0000000E+0	1.0000000E+2	0.0000000E+0
1.0370000E+2	6.7052711E+1	6.0381473E+1	0.0000000E+0	0.0000000E+0	1.0000000E+2	0.0000000E+0
1.0375100E+2	6.7048804E+1	6.0377173E+1	0.0000000E+0	0.0000000E+0	1.0000000E+2	0.0000000E+0
1.0380100E+2	6.7033241E+1	6.0374862E+1	0.0000000E+0	0.0000000E+0	1.0000000E+2	0.0000000E+0
1.0385100E+2	6.7023619E+1	6.0379932E+1	0.0000000E+0	0.0000000E+0	1.0000000E+2	0.0000000E+0
1.0390100E+2	6.6977092E+1	6.0358753E+1	0.0000000E+0	0.0000000E+0	1.0000000E+2	0.0000000E+0
1.0395100E+2	6.6950982E+1	6.0380015E+1	0.0000000E+0	0.0000000E+0	1.0000000E+2	0.0000000E+0
1.0400100E+2	6.6928871E+1	6.0387352E+1	0.0000000E+0	0.0000000E+0	1.0000000E+2	0.0000000E+0
1.0405100E+2	6.6935635E+1	6.0394352E+1	0.0000000E+0	0.0000000E+0	1.0000000E+2	0.0000000E+0
1.0410100E+2	6.6905025E+1	6.0387707E+1	0.0000000E+0	0.0000000E+0	1.0000000E+2	0.0000000E+0
1.0415100E+2	6.6904873E+1	6.0404141E+1	0.0000000E+0	0.0000000E+0	1.0000000E+2	0.0000000E+0
1.0420100E+2	6.6903686E+1	6.0419733E+1	0.0000000E+0	0.0000000E+0	1.0000000E+2	0.0000000E+0
1.0425200E+2	6.6906674E+1	6.0427055E+1	0.0000000E+0	0.0000000E+0	1.0000000E+2	0.0000000E+0
1.0430200E+2	6.6889462E+1	6.0425708E+1	0.0000000E+0	0.0000000E+0	1.0000000E+2	0.0000000E+0
1.0435200E+2	6.6900088E+1	6.0433493E+1	0.0000000E+0	0.0000000E+0	1.0000000E+2	0.0000000E+0
1.0440200E+2	6.6910074E+1	6.0447902E+1	0.0000000E+0	0.0000000E+0	1.0000000E+2	0.0000000E+0
1.0445200E+2	6.6898367E+1	6.0446218E+1	0.0000000E+0	0.0000000E+0	1.0000000E+2	0.0000000E+0
1.0450200E+2	6.6899230E+1	6.0435919E+1	0.0000000E+0	0.0000000E+0	1.0000000E+2	0.0000000E+0
1.0455300E+2	6.6912219E+1	6.0445184E+1	0.0000000E+0	0.0000000E+0	1.0000000E+2	0.0000000E+0
1.0460300E+2	6.6912110E+1	6.0439338E+1	0.0000000E+0	0.0000000E+0	1.0000000E+2	0.0000000E+0
1.0465300E+2	6.6926211E+1	6.0431725E+1	0.0000000E+0	0.0000000E+0	1.0000000E+2	0.0000000E+0
1.0470300E+2	6.6944333E+1	6.0441954E+1	0.0000000E+0	0.0000000E+0	1.0000000E+2	0.0000000E+0
1.0475400E+2	6.6952593E+1	6.0445715E+1	0.0000000E+0	0.0000000E+0	1.0000000E+2	0.0000000E+0
1.0480400E+2	6.6979095E+1	6.0448609E+1	0.0000000E+0	0.0000000E+0	1.0000000E+2	0.0000000E+0
1.0485400E+2	6.7007187E+1	6.0451253E+1	0.0000000E+0	0.0000000E+0	1.0000000E+2	0.0000000E+0
1.0490400E+2	6.7009351E+1	6.0459554E+1	0.0000000E+0	0.0000000E+0	1.0000000E+2	0.0000000E+0
1.0495500E+2	6.6999977E+1	6.0455625E+1	0.0000000E+0	0.0000000E+0	1.0000000E+2	0.0000000E+0
1.0500600E+2	6.7013355E+1	6.0459664E+1	0.0000000E+0	0.0000000E+0	1.0000000E+2	0.0000000E+0
1.0505600E+2	6.7012402E+1	6.0459554E+1	0.0000000E+0	0.0000000E+0	1.0000000E+2	0.0000000E+0
1.0510600E+2	6.7007528E+1	6.0456298E+1	0.0000000E+0	0.0000000E+0	1.0000000E+2	0.0000000E+0
1.0515600E+2	6.7021004E+1	6.0456017E+1	0.0000000E+0	0.0000000E+0	1.0000000E+2	0.0000000E+0
1.0520600E+2	6.7038301E+1	6.0445042E+1	0.0000000E+0	0.0000000E+0	1.0000000E+2	0.0000000E+0
1.0525600E+2	6.7061283E+1	6.0451780E+1	0.0000000E+0	0.0000000E+0	1.0000000E+2	0.0000000E+0
1.0530600E+2	6.7064621E+1	6.0443610E+1	0.0000000E+0	0.0000000E+0	1.0000000E+2	0.0000000E+0
1.0535600E+2	6.7087922E+1	6.0458007E+1	0.0000000E+0	0.0000000E+0	1.0000000E+2	0.0000000E+0
1.0540600E+2	6.7104561E+1	6.0459832E+1	0.0000000E+0	0.0000000E+0	1.0000000E+2	0.0000000E+0
1.0545700E+2	6.7099617E+1	6.0466006E+1	0.0000000E+0	0.0000000E+0	1.0000000E+2	0.0000000E+0
1.0550700E+2	6.7088204E+1	6.0472368E+1	0.0000000E+0	0.0000000E+0	1.0000000E+2	0.0000000E+0
1.0555700E+2	6.7094690E+1	6.0469382E+1	0.0000000E+0	0.0000000E+0	1.0000000E+2	0.0000000E+0
1.0560700E+2	6.7064896E+1	6.0472349E+1	0.0000000E+0	0.0000000E+0	1.0000000E+2	0.0000000E+0
1.0565700E+2	6.7049412E+1	6.0458336E+1	0.0000000E+0	0.0000000E+0	1.0000000E+2	0.0000000E+0
1.0570700E+2	6.7048867E+1	6.0464778E+1	0.0000000E+0	0.0000000E+0	1.0000000E+2	0.0000000E+0
1.0575800E+2	6.7041605E+1	6.0441671E+1	0.0000000E+0	0.0000000E+0	1.0000000E+2	0.0000000E+0
1.0580800E+2	6.7042933E+1	6.0457060E+1	0.0000000E+0	0.0000000E+0	1.0000000E+2	0.0000000E+0
1.0585800E+2	6.7042844E+1	6.0436453E+1	0.0000000E+0	0.0000000E+0	1.0000000E+2	0.0000000E+0
1.0590800E+2	6.7038249E+1	6.0437357E+1	0.0000000E+0	0.0000000E+0	1.0000000E+2	0.0000000E+0
1.0595900E+2	6.7025462E+1	6.0443853E+1	0.0000000E+0	0.0000000E+0	1.0000000E+2	0.0000000E+0
1.0600900E+2	6.7024491E+1	6.0451529E+1	0.0000000E+0	0.0000000E+0	1.0000000E+2	0.0000000E+0
1.0605900E+2	6.7037025E+1	6.0459343E+1	0.0000000E+0	0.0000000E+0	1.0000000E+2	0.0000000E+0
1.0610900E+2	6.7026166E+1	6.0444861E+1	0.0000000E+0	0.0000000E+0	1.0000000E+2	0.0000000E+0
1.0615900E+2	6.7011958E+1	6.0448318E+1	0.0000000E+0	0.0000000E+0	1.0000000E+2	0.0000000E+0
1.0620900E+2	6.7021371E+1	6.0460938E+1	0.0000000E+0	0.0000000E+0	1.0000000E+2	0.0000000E+0
1.0626000E+2	6.7011896E+1	6.0451014E+1	0.0000000E+0	0.0000000E+0	1.0000000E+2	0.0000000E+0
1.0631000E+2	6.7000991E+1	6.0444582E+1	0.0000000E+0	0.0000000E+0	1.0000000E+2	0.0000000E+0
1.0636000E+2	6.6988680E+1	6.0452819E+1	0.0000000E+0	0.0000000E+0	1.0000000E+2	0.0000000E+0
1.0641000E+2	6.6950960E+1	6.0436491E+1	0.0000000E+0	0.0000000E+0	1.0000000E+2	0.0000000E+0
1.0646000E+2	6.6938570E+1	6.0436728E+1	0.0000000E+0	0.0000000E+0	1.0000000E+2	0.0000000E+0
1.0651000E+2	6.6966165E+1	6.0451201E+1	0.0000000E+0	0.0000000E+0	1.0000000E+2	0.0000000E+0
1.0656000E+2	6.6966138E+1	6.0440196E+1	0.0000000E+0	0.0000000E+0	1.0000000E+2	0.0000000E+0
1.0661000E+2	6.6983949E+1	6.0448573E+1	0.0000000E+0	0.0000000E+0	1.0000000E+2	0.0000000E+0
1.0666000E+2	6.6991926E+1	6.0447537E+1	0.0000000E+0	0.0000000E+0	1.0000000E+2	0.0000000E+0
1.0671100E+2	6.7004630E+1	6.0448335E+1	0.0000000E+0	0.0000000E+0	1.0000000E+2	0.0000000E+0
1.0676100E+2	6.7022282E+1	6.0448478E+1	0.0000000E+0	0.0000000E+0	1.0000000E+2	0.0000000E+0
1.0681100E+2	6.7041724E+1	6.0454970E+1	0.0000000E+0	0.0000000E+0	1.0000000E+2	0.0000000E+0
1.0686100E+2	6.7038081E+1	6.0444161E+1	0.0000000E+0	0.0000000E+0	1.0000000E+2	0.0000000E+0
1.0691100E+2	6.7056621E+1	6.0444172E+1	0.0000000E+0	0.0000000E+0	1.0000000E+2	0.0000000E+0
1.0696100E+2	6.7096856E+1	6.0452774E+1	0.0000000E+0	0.0000000E+0	1.0000000E+2	0.0000000E+0
1.0701200E+2	6.7118505E+1	6.0464808E+1	0.0000000E+0	0.0000000E+0	1.0000000E+2	0.0000000E+0
1.0706200E+2	6.7141616E+1	6.0461093E+1	0.0000000E+0	0.0000000E+0	1.0000000E+2	0.0000000E+0
1.0711300E+2	6.7147022E+1	6.0470618E+1	0.0000000E+0	0.0000000E+0	1.0000000E+2	0.0000000E+0
1.0716400E+2	6.7138959E+1	6.0462419E+1	0.0000000E+0	0.0000000E+0	1.0000000E+2	0.0000000E+0
1.0721400E+2	6.7141013E+1	6.0452397E+1	0.0000000E+0	0.0000000E+0	1.0000000E+2	0.0000000E+0
1.0726400E+2	6.7125035E+1	6.0451195E+1	0.0000000E+0	0.0000000E+0	1.0000000E+2	0.0000000E+0
1.0731400E+2	6.7160746E+1	6.0447003E+1	0.0000000E+0	0.0000000E+0	1.0000000E+2	0.0000000E+0
1.0736400E+2	6.7155133E+1	6.0453692E+1	0.0000000E+0	0.0000000E+0	1.0000000E+2	0.0000000E+0
1.0741400E+2	6.7137522E+1	6.0459795E+1	0.0000000E+0	0.0000000E+0	1.0000000E+2	0.0000000E+0
1.0746400E+2	6.7114912E+1	6.0454144E+1	0.0000000E+0	0.0000000E+0	1.0000000E+2	0.0000000E+0
1.0751400E+2	6.7116426E+1	6.0453737E+1	0.0000000E+0	0.0000000E+0	1.0000000E+2	0.0000000E+0
1.0756400E+2	6.7088037E+1	6.0438451E+1	0.0000000E+0	0.0000000E+0	1.0000000E+2	0.0000000E+0
1.0761400E+2	6.7089128E+1	6.0445338E+1	0.0000000E+0	0.0000000E+0	1.0000000E+2	0.0000000E+0
1.0766400E+2	6.7088738E+1	6.0448717E+1	0.0000000E+0	0.0000000E+0	1.0000000E+2	0.0000000E+0
1.0771500E+2	6.7072393E+1	6.0448139E+1	0.0000000E+0	0.0000000E+0	1.0000000E+2	0.0000000E+0
1.0776500E+2	6.7079329E+1	6.0443588E+1	0.0000000E+0	0.0000000E+0	1.0000000E+2	0.0000000E+0
1.0781500E+2	6.7065852E+1	6.0438933E+1	0.0000000E+0	0.0000000E+0	1.0000000E+2	0.0000000E+0
1.0786600E+2	6.7053527E+1	6.0422649E+1	0.0000000E+0	0.0000000E+0	1.0000000E+2	0.0000000E+0
1.0791700E+2	6.7043401E+1	6.0415620E+1	0.0000000E+0	0.0000000E+0	1.0000000E+2	0.0000000E+0
1.0796800E+2	6.7063434E+1	6.0410515E+1	0.0000000E+0	0.0000000E+0	1.0000000E+2	0.0000000E+0
1.0801800E+2	6.7106358E+1	6.0425161E+1	0.0000000E+0	0.0000000E+0	1.0000000E+2	0.0000000E+0
1.0806800E+2	6.7108513E+1	6.0410400E+1	0.0000000E+0	0.0000000E+0	1.0000000E+2	0.0000000E+0
1.0811800E+2	6.7130922E+1	6.0414871E+1	0.0000000E+0	0.0000000E+0	1.0000000E+2	0.0000000E+0
1.0816800E+2	6.7142739E+1	6.0410870E+1	0.0000000E+0	0.0000000E+0	1.0000000E+2	0.0000000E+0
1.0821800E+2	6.7174013E+1	6.0426683E+1	0.0000000E+0	0.0000000E+0	1.0000000E+2	0.0000000E+0
1.0826800E+2	6.7188445E+1	6.0393861E+1	0.0000000E+0	0.0000000E+0	1.0000000E+2	0.0000000E+0
1.0831800E+2	6.7214431E+1	6.0423776E+1	0.0000000E+0	0.0000000E+0	1.0000000E+2	0.0000000E+0
1.0836800E+2	6.7224963E+1	6.0423244E+1	0.0000000E+0	0.0000000E+0	1.0000000E+2	0.0000000E+0
1.0841800E+2	6.7203227E+1	6.0430471E+1	0.0000000E+0	0.0000000E+0	1.0000000E+2	0.0000000E+0
1.0846800E+2	6.7218269E+1	6.0412814E+1	0.0000000E+0	0.0000000E+0	1.0000000E+2	0.0000000E+0
1.0851800E+2	6.7238819E+1	6.0430640E+1	0.0000000E+0	0.0000000E+0	1.0000000E+2	0.0000000E+0
1.0856800E+2	6.7224241E+1	6.0416062E+1	0.0000000E+0	0.0000000E+0	1.0000000E+2	0.0000000E+0
1.0861800E+2	6.7213316E+1	6.0419194E+1	0.0000000E+0	0.0000000E+0	1.0000000E+2	0.0000000E+0
1.0866800E+2	6.7199532E+1	6.0426485E+1	0.0000000E+0	0.0000000E+0	1.0000000E+2	0.0000000E+0
1.0871800E+2	6.7182776E+1	6.0416932E+1	0.0000000E+0	0.0000000E+0	1.0000000E+2	0.0000000E+0
1.0876800E+2	6.7176975E+1	6.0402730E+1	0.0000000E+0	0.0000000E+0	1.0000000E+2	0.0000000E+0
1.0881800E+2	6.7159755E+1	6.0402122E+1	0.0000000E+0	0.0000000E+0	1.0000000E+2	0.0000000E+0
1.0886800E+2	6.7157319E+1	6.0412536E+1	0.0000000E+0	0.0000000E+0	1.0000000E+2	0.0000000E+0
1.0891800E+2	6.7135813E+1	6.0423631E+1	0.0000000E+0	0.0000000E+0	1.0000000E+2	0.0000000E+0
1.0896800E+2	6.7130357E+1	6.0399912E+1	0.0000000E+0	0.0000000E+0	1.0000000E+2	0.0000000E+0
1.0901800E+2	6.7128484E+1	6.0413743E+1	0.0000000E+0	0.0000000E+0	1.0000000E+2	0.0000000E+0
1.0906800E+2	6.7137574E+1	6.0432689E+1	0.0000000E+0	0.0000000E+0	1.0000000E+2	0.0000000E+0
1.0911900E+2	6.7111391E+1	6.0427889E+1	0.0000000E+0	0.0000000E+0	1.0000000E+2	0.0000000E+0
1.0917000E+2	6.7064018E+1	6.0420787E+1	0.0000000E+0	0.0000000E+0	1.0000000E+2	0.0000000E+0
1.0922000E+2	6.7045748E+1	6.0438420E+1	0.0000000E+0	0.0000000E+0	1.0000000E+2	0.0000000E+0
1.0927000E+2	6.7033873E+1	6.0445682E+1	0.0000000E+0	0.0000000E+0	1.0000000E+2	0.0000000E+0
1.0932000E+2	6.7014608E+1	6.0431168E+1	0.0000000E+0	0.0000000E+0	1.0000000E+2	0.0000000E+0
1.0937000E+2	6.7029250E+1	6.0437620E+1	0.0000000E+0	0.0000000E+0	1.0000000E+2	0.0000000E+0
1.0942000E+2	6.6999789E+1	6.0426674E+1	0.0000000E+0	0.0000000E+0	1.0000000E+2	0.0000000E+0
1.0947000E+2	6.7022784E+1	6.0419690E+1	0.0000000E+0	0.0000000E+0	1.0000000E+2	0.0000000E+0
1.0952000E+2	6.7050923E+1	6.0430057E+1	0.0000000E+0	0.0000000E+0	1.0000000E+2	0.0000000E+0
1.0957000E+2	6.7062986E+1	6.0416478E+1	0.0000000E+0	0.0000000E+0	1.0000000E+2	0.0000000E+0
1.0962000E+2	6.7072230E+1	6.0421240E+1	0.0000000E+0	0.0000000E+0	1.0000000E+2	0.0000000E+0
1.0967000E+2	6.7071740E+1	6.0425271E+1	0.0000000E+0	0.0000000E+0	1.0000000E+2	0.0000000E+0
1.0972000E+2	6.7075179E+1	6.0422904E+1	0.0000000E+0	0.0000000E+0	1.0000000E+2	0.0000000E+0
1.0977000E+2	6.7100026E+1	6.0434892E+1	0.0000000E+0	0.0000000E+0	1.0000000E+2	0.0000000E+0
1.0982000E+2	6.7112549E+1	6.0430604E+1	0.0000000E+0	0.0000000E+0	1.0000000E+2	0.0000000E+0
1.0987200E+2	6.7130445E+1	6.0449415E+1	0.0000000E+0	0.0000000E+0	1.0000000E+2	0.0000000E+0
1.0992200E+2	6.7161434E+1	6.0448944E+1	0.0000000E+0	0.0000000E+0	1.0000000E+2	0.0000000E+0
1.0997200E+2	6.7169396E+1	6.0449501E+1	0.0000000E+0	0.0000000E+0	1.0000000E+2	0.0000000E+0
1.1002200E+2	6.7161933E+1	6.0443455E+1	0.0000000E+0	0.0000000E+0	1.0000000E+2	0.0000000E+0
1.1007200E+2	6.7165944E+1	6.0444742E+1	0.0000000E+0	0.0000000E+0	1.0000000E+2	0.0000000E+0
1.1012200E+2	6.7158949E+1	6.0436709E+1	0.0000000E+0	0.0000000E+0	1.0000000E+2	0.0000000E+0
1.1017200E+2	6.7164957E+1	6.0446685E+1	0.0000000E+0	0.0000000E+0	1.0000000E+2	0.0000000E+0
1.1022200E+2	6.7189304E+1	6.0456528E+1	0.0000000E+0	0.0000000E+0	1.0000000E+2	0.0000000E+0
1.1027200E+2	6.7199939E+1	6.0450931E+1	0.0000000E+0	0.0000000E+0	1.0000000E+2	0.0000000E+0
1.1032200E+2	6.7190890E+1	6.0459692E+1	0.0000000E+0	0.0000000E+0	1.0000000E+2	0.0000000E+0
1.1037200E+2	6.7158297E+1	6.0437248E+1	0.0000000E+0	0.0000000E+0	1.0000000E+2	0.0000000E+0
1.1042200E+2	6.7138702E+1	6.0434972E+1	0.0000000E+0	0.0000000E+0	1.0000000E+2	0.0000000E+0
1.1047200E+2	6.7121347E+1	6.0424121E+1	0.0000000E+0	0.0000000E+0	1.0000000E+2	0.0000000E+0
1.1052200E+2	6.7104847E+1	6.0442863E+1	0.0000000E+0	0.0000000E+0	1.0000000E+2	0.0000000E+0
1.1057200E+2	6.7084913E+1	6.0446208E+1	0.0000000E+0	0.0000000E+0	1.0000000E+2	0.0000000E+0
1.1062200E+2	6.7082126E+1	6.0448188E+1	0.0000000E+0	0.0000000E+0	1.0000000E+2	0.0000000E+0
1.1067200E+2	6.7072401E+1	6.0436314E+1	0.0000000E+0	0.0000000E+0	1.0000000E+2	0.0000000E+0
1.1072200E+2	6.7070900E+1	6.0443675E+1	0.0000000E+0	0.0000000E+0	1.0000000E+2	0.0000000E+0
1.1077200E+2	6.7054043E+1	6.0435151E+1	0.0000000E+0	0.0000000E+0	1.0000000E+2	0.0000000E+0
1.1082300E+2	6.7019951E+1	6.0434866E+1	0.0000000E+0	0.0000000E+0	1.0000000E+2	0.0000000E+0
1.1087400E+2	6.6990654E+1	6.0434163E+1	0.0000000E+0	0.0000000E+0	1.0000000E+2	0.0000000E+0
1.1092400E+2	6.6976937E+1	6.0441678E+1	0.0000000E+0	0.0000000E+0	1.0000000E+2	0.0000000E+0
1.1097400E+2	6.6952191E+1	6.0441275E+1	0.0000000E+0	0.0000000E+0	1.0000000E+2	0.0000000E+0
1.1102400E+2	6.6935865E+1	6.0421064E+1	0.0000000E+0	0.0000000E+0	1.0000000E+2	0.0000000E+0
1.1107400E+2	6.6937168E+1	6.0443614E+1	0.0000000E+0	0.0000000E+0	1.0000000E+2	0.0000000E+0
1.1112400E+2	6.6944486E+1	6.0444206E+1	0.0000000E+0	0.0000000E+0	1.0000000E+2	0.0000000E+0
1.1117400E+2	6.6935432E+1	6.0458240E+1	0.0000000E+0	0.0000000E+0	1.0000000E+2	0.0000000E+0
1.1122600E+2	6.6955592E+1	6.0456228E+1	0.0000000E+0	0.0000000E+0	1.0000000E+2	0.0000000E+0
1.1127600E+2	6.6968033E+1	6.0453547E+1	0.0000000E+0	0.0000000E+0	1.0000000E+2	0.0000000E+0
1.1132600E+2	6.6998268E+1	6.0469031E+1	0.0000000E+0	0.0000000E+0	1.0000000E+2	0.0000000E+0
1.1137600E+2	6.7006234E+1	6.0471270E+1	0.0000000E+0	0.0000000E+0	1.0000000E+2	0.0000000E+0
1.1142600E+2	6.7039558E+1	6.0497625E+1	0.0000000E+0	0.0000000E+0	1.0000000E+2	0.0000000E+0
1.1147600E+2	6.7019575E+1	6.0492723E+1	0.0000000E+0	0.0000000E+0	1.0000000E+2	0.0000000E+0
1.1152600E+2	6.7011643E+1	6.0489507E+1	0.0000000E+0	0.0000000E+0	1.0000000E+2	0.0000000E+0
1.1157600E+2	6.7025646E+1	6.0505059E+1	0.0000000E+0	0.0000000E+0	1.0000000E+2	0.0000000E+0
1.1162600E+2	6.7036744E+1	6.0509922E+1	0.0000000E+0	0.0000000E+0	1.0000000E+2	0.0000000E+0
1.1167600E+2	6.7040206E+1	6.0517263E+1	0.0000000E+0	0.0000000E+0	1.0000000E+2	0.0000000E+0
1.1172700E+2	6.7033851E+1	6.0507974E+1	0.0000000E+0	0.0000000E+0	1.0000000E+2	0.0000000E+0
1.1177700E+2	6.7040195E+1	6.0504891E+1	0.0000000E+0	0.0000000E+0	1.0000000E+2	0.0000000E+0
1.1182700E+2	6.7045344E+1	6.0518663E+1	0.0000000E+0	0.0000000E+0	1.0000000E+2	0.0000000E+0
1.1187800E+2	6.7017327E+1	6.0510582E+1	0.0000000E+0	0.0000000E+0	1.0000000E+2	0.0000000E+0
1.1192800E+2	6.6999988E+1	6.0524424E+1	0.0000000E+0	0.0000000E+0	1.0000000E+2	0.0000000E+0
1.1197800E+2	6.6969795E+1	6.0508135E+1	0.0000000E+0	0.0000000E+0	1.0000000E+2	0.0000000E+0
1.1202900E+2	6.6970537E+1	6.0519952E+1	0.0000000E+0	0.0000000E+0	1.0000000E+2	0.0000000E+0
1.1208000E+2	6.6981388E+1	6.0523866E+1	0.0000000E+0	0.0000000E+0	1.0000000E+2	0.0000000E+0
1.1213100E+2	6.7005154E+1	6.0528900E+1	0.0000000E+0	0.0000000E+0	1.0000000E+2	0.0000000E+0
1.1218200E+2	6.7025794E+1	6.0535308E+1	0.0000000E+0	0.0000000E+0	1.0000000E+2	0.0000000E+0
1.1223200E+2	6.7021286E+1	6.0517589E+1	0.0000000E+0	0.0000000E+0	1.0000000E+2	0.0000000E+0
1.1228200E+2	6.7041969E+1	6.0521532E+1	0.0000000E+0	0.0000000E+0	1.0000000E+2	0.0000000E+0
1.1233200E+2	6.7070131E+1	6.0531360E+1	0.0000000E+0	0.0000000E+0	1.0000000E+2	0.0000000E+0
1.1238300E+2	6.7088451E+1	6.0531258E+1	0.0000000E+0	0.0000000E+0	1.0000000E+2	0.0000000E+0
1.1243400E+2	6.7104574E+1	6.0519310E+1	0.0000000E+0	0.0000000E+0	1.0000000E+2	0.0000000E+0
1.1248400E+2	6.7150903E+1	6.0523886E+1	0.0000000E+0	0.0000000E+0	1.0000000E+2	0.0000000E+0
1.1253400E+2	6.7163417E+1	6.0536285E+1	0.0000000E+0	0.0000000E+0	1.0000000E+2	0.0000000E+0
1.1258400E+2	6.7156675E+1	6.0538194E+1	0.0000000E+0	0.0000000E+0	1.0000000E+2	0.0000000E+0
1.1263400E+2	6.7197136E+1	6.0552782E+1	0.0000000E+0	0.0000000E+0	1.0000000E+2	0.0000000E+0
1.1268400E+2	6.7200020E+1	6.0550620E+1	0.0000000E+0	0.0000000E+0	1.0000000E+2	0.0000000E+0
1.1273400E+2	6.7220052E+1	6.0545425E+1	0.0000000E+0	0.0000000E+0	1.0000000E+2	0.0000000E+0
1.1278400E+2	6.7225611E+1	6.0560666E+1	0.0000000E+0	0.0000000E+0	1.0000000E+2	0.0000000E+0
1.1283400E+2	6.7246568E+1	6.0560927E+1	0.0000000E+0	0.0000000E+0	1.0000000E+2	0.0000000E+0
1.1288500E+2	6.7276140E+1	6.0558845E+1	0.0000000E+0	0.0000000E+0	1.0000000E+2	0.0000000E+0
1.1293500E+2	6.7315465E+1	6.0572945E+1	0.0000000E+0	0.0000000E+0	1.0000000E+2	0.0000000E+0
1.1298500E+2	6.7300514E+1	6.0569842E+1	0.0000000E+0	0.0000000E+0	1.0000000E+2	0.0000000E+0
1.1303500E+2	6.7276874E+1	6.0564029E+1	0.0000000E+0	0.0000000E+0	1.0000000E+2	0.0000000E+0
1.1308500E+2	6.7268665E+1	6.0566190E+1	0.0000000E+0	0.0000000E+0	1.0000000E+2	0.0000000E+0
1.1313600E+2	6.7288090E+1	6.0572902E+1	0.0000000E+0	0.0000000E+0	1.0000000E+2	0.0000000E+0
1.1318600E+2	6.7276225E+1	6.0564922E+1	0.0000000E+0	0.0000000E+0	1.0000000E+2	0.0000000E+0
1.1323600E+2	6.7282595E+1	6.0567548E+1	0.0000000E+0	0.0000000E+0	1.0000000E+2	0.0000000E+0
1.1328600E+2	6.7271792E+1	6.0582536E+1	0.0000000E+0	0.0000000E+0	1.0000000E+2	0.0000000E+0
1.1333600E+2	6.7265685E+1	6.0568148E+1	0.0000000E+0	0.0000000E+0	1.0000000E+2	0.0000000E+0
1.1338600E+2	6.7274584E+1	6.0576066E+1	0.0000000E+0	0.0000000E+0	1.0000000E+2	0.0000000E+0
1.1343600E+2	6.7284590E+1	6.0579268E+1	0.0000000E+0	0.0000000E+0	1.0000000E+2	0.0000000E+0
1.1348600E+2	6.7277311E+1	6.0577681E+1	0.0000000E+0	0.0000000E+0	1.0000000E+2	0.0000000E+0
1.1353600E+2	6.7260480E+1	6.0569387E+1	0.0000000E+0	0.0000000E+0	1.0000000E+2	0.0000000E+0
1.1358600E+2	6.7252774E+1	6.0573437E+1	0.0000000E+0	0.0000000E+0	1.0000000E+2	0.0000000E+0
1.1363600E+2	6.7248848E+1	6.0577682E+1	0.0000000E+0	0.0000000E+0	1.0000000E+2	0.0000000E+0
1.1368600E+2	6.7237267E+1	6.0570719E+1	0.0000000E+0	0.0000000E+0	1.0000000E+2	0.0000000E+0
1.1373600E+2	6.7216254E+1	6.0571450E+1	0.0000000E+0	0.0000000E+0	1.0000000E+2	0.0000000E+0
1.1378600E+2	6.7218869E+1	6.0569876E+1	0.0000000E+0	0.0000000E+0	1.0000000E+2	0.0000000E+0
1.1383600E+2	6.7213139E+1	6.0579636E+1	0.0000000E+0	0.0000000E+0	1.0000000E+2	0.0000000E+0
1.1388600E+2	6.7205374E+1	6.0577653E+1	0.0000000E+0	0.0000000E+0	1.0000000E+2	0.0000000E+0
1.1393600E+2	6.7176164E+1	6.0570227E+1	0.0000000E+0	0.0000000E+0	1.0000000E+2	0.0000000E+0
1.1398600E+2	6.7155412E+1	6.0564718E+1	0.0000000E+0	0.0000000E+0	1.0000000E+2	0.0000000E+0
1.1403600E+2	6.7134783E+1	6.0561687E+1	0.0000000E+0	0.0000000E+0	1.0000000E+2	0.0000000E+0
1.1408600E+2	6.7104315E+1	6.0560147E+1	0.0000000E+0	0.0000000E+0	1.0000000E+2	0.0000000E+0
1.1413600E+2	6.7102105E+1	6.0564140E+1	0.0000000E+0	0.0000000E+0	1.0000000E+2	0.0000000E+0
1.1418600E+2	6.7094538E+1	6.0554198E+1	0.0000000E+0	0.0000000E+0	1.0000000E+2	0.0000000E+0
1.1423600E+2	6.7077274E+1	6.0566044E+1	0.0000000E+0	0.0000000E+0	1.0000000E+2	0.0000000E+0
1.1428600E+2	6.7061808E+1	6.0562760E+1	0.0000000E+0	0.0000000E+0	1.0000000E+2	0.0000000E+0
1.1433600E+2	6.7082914E+1	6.0559698E+1	0.0000000E+0	0.0000000E+0	1.0000000E+2	0.0000000E+0
1.1438600E+2	6.7104100E+1	6.0563600E+1	0.0000000E+0	0.0000000E+0	1.0000000E+2	0.0000000E+0
1.1443600E+2	6.7113345E+1	6.0544692E+1	0.0000000E+0	0.0000000E+0	1.0000000E+2	0.0000000E+0
1.1448600E+2	6.7153111E+1	6.0553128E+1	0.0000000E+0	0.0000000E+0	1.0000000E+2	0.0000000E+0
1.1453600E+2	6.7185041E+1	6.0556244E+1	0.0000000E+0	0.0000000E+0	1.0000000E+2	0.0000000E+0
1.1458600E+2	6.7222954E+1	6.0550408E+1	0.0000000E+0	0.0000000E+0	1.0000000E+2	0.0000000E+0
1.1463600E+2	6.7250891E+1	6.0550923E+1	0.0000000E+0	0.0000000E+0	1.0000000E+2	0.0000000E+0
1.1468600E+2	6.7276889E+1	6.0574612E+1	0.0000000E+0	0.0000000E+0	1.0000000E+2	0.0000000E+0
1.1473600E+2	6.7311422E+1	6.0568322E+1	0.0000000E+0	0.0000000E+0	1.0000000E+2	0.0000000E+0
1.1478600E+2	6.7329036E+1	6.0569872E+1	0.0000000E+0	0.0000000E+0	1.0000000E+2	0.0000000E+0
1.1483700E+2	6.7350146E+1	6.0581912E+1	0.0000000E+0	0.0000000E+0	1.0000000E+2	0.0000000E+0
1.1488700E+2	6.7360134E+1	6.0562016E+1	0.0000000E+0	0.0000000E+0	1.0000000E+2	0.0000000E+0
1.1493700E+2	6.7381902E+1	6.0559293E+1	0.0000000E+0	0.0000000E+0	1.0000000E+2	0.0000000E+0
1.1498700E+2	6.7396728E+1	6.0564636E+1	0.0000000E+0	0.0000000E+0	1.0000000E+2	0.0000000E+0
1.1503700E+2	6.7399537E+1	6.0574109E+1	0.0000000E+0	0.0000000E+0	1.0000000E+2	0.0000000E+0
1.1508700E+2	6.7394462E+1	6.0569221E+1	0.0000000E+0	0.0000000E+0	1.0000000E+2	0.0000000E+0
1.1513700E+2	6.7377192E+1	6.0564920E+1	0.0000000E+0	0.0000000E+0	1.0000000E+2	0.0000000E+0
1.1518800E+2	6.7349145E+1	6.0561025E+1	0.0000000E+0	0.0000000E+0	1.0000000E+2	0.0000000E+0
1.1523900E+2	6.7319087E+1	6.0563892E+1	0.0000000E+0	0.0000000E+0	1.0000000E+2	0.0000000E+0
1.1528900E+2	6.7300698E+1	6.0547096E+1	0.0000000E+0	0.0000000E+0	1.0000000E+2	0.0000000E+0
1.1533900E+2	6.7290338E+1	6.0545067E+1	0.0000000E+0	0.0000000E+0	1.0000000E+2	0.0000000E+0
1.1538900E+2	6.7264933E+1	6.0551733E+1	0.0000000E+0	0.0000000E+0	1.0000000E+2	0.0000000E+0
1.1543900E+2	6.7253100E+1	6.0556258E+1	0.0000000E+0	0.0000000E+0	1.0000000E+2	0.0000000E+0
1.1548900E+2	6.7237628E+1	6.0547001E+1	0.0000000E+0	0.0000000E+0	1.0000000E+2	0.0000000E+0
1.1553900E+2	6.7212525E+1	6.0545304E+1	0.0000000E+0	0.0000000E+0	1.0000000E+2	0.0000000E+0
1.1558900E+2	6.7230259E+1	6.0548181E+1	0.0000000E+0	0.0000000E+0	1.0000000E+2	0.0000000E+0
1.1563900E+2	6.7234175E+1	6.0554116E+1	0.0000000E+0	0.0000000E+0	1.0000000E+2	0.0000000E+0
1.1568900E+2	6.7193301E+1	6.0540296E+1	0.0000000E+0	0.0000000E+0	1.0000000E+2	0.0000000E+0
1.1574000E+2	6.7194423E+1	6.0546254E+1	0.0000000E+0	0.0000000E+0	1.0000000E+2	0.0000000E+0
1.1579100E+2	6.7183267E+1	6.0552282E+1	0.0000000E+0	0.0000000E+0	1.0000000E+2	0.0000000E+0
1.1584200E+2	6.7179779E+1	6.0565233E+1	0.0000000E+0	0.0000000E+0	1.0000000E+2	0.0000000E+0
1.1589200E+2	6.7173124E+1	6.0531427E+1	0.0000000E+0	0.0000000E+0	1.0000000E+2	0.0000000E+0
1.1594200E+2	6.7174103E+1	6.0563119E+1	0.0000000E+0	0.0000000E+0	1.0000000E+2	0.0000000E+0
1.1599300E+2	6.7173120E+1	6.0552566E+1	0.0000000E+0	0.0000000E+0	1.0000000E+2	0.0000000E+0
1.1604300E+2	6.7163627E+1	6.0545415E+1	0.0000000E+0	0.0000000E+0	1.0000000E+2	0.0000000E+0
1.1609300E+2	6.7185100E+1	6.0550496E+1	0.0000000E+0	0.0000000E+0	1.0000000E+2	0.0000000E+0
1.1614300E+2	6.7193422E+1	6.0542871E+1	0.0000000E+0	0.0000000E+0	1.0000000E+2	0.0000000E+0
1.1619300E+2	6.7187383E+1	6.0538624E+1	0.0000000E+0	0.0000000E+0	1.0000000E+2	0.0000000E+0
1.1624300E+2	6.7168086E+1	6.0523927E+1	0.0000000E+0	0.0000000E+0	1.0000000E+2	0.0000000E+0
1.1629300E+2	6.7165162E+1	6.0535197E+1	0.0000000E+0	0.0000000E+0	1.0000000E+2	0.0000000E+0
1.1634300E+2	6.7193595E+1	6.0533150E+1	0.0000000E+0	0.0000000E+0	1.0000000E+2	0.0000000E+0
1.1639300E+2	6.7207447E+1	6.0512501E+1	0.0000000E+0	0.0000000E+0	1.0000000E+2	0.0000000E+0
1.1644300E+2	6.7243351E+1	6.0528471E+1	0.0000000E+0	0.0000000E+0	1.0000000E+2	0.0000000E+0
1.1649300E+2	6.7254605E+1	6.0519438E+1	0.0000000E+0	0.0000000E+0	1.0000000E+2	0.0000000E+0
1.1654300E+2	6.7258471E+1	6.0526002E+1	0.0000000E+0	0.0000000E+0	1.0000000E+2	0.0000000E+0
1.1659300E+2	6.7243878E+1	6.0519472E+1	0.0000000E+0	0.0000000E+0	1.0000000E+2	0.0000000E+0
1.1664300E+2	6.7260936E+1	6.0529182E+1	0.0000000E+0	0.0000000E+0	1.0000000E+2	0.0000000E+0
1.1669300E+2	6.7287486E+1	6.0527047E+1	0.0000000E+0	0.0000000E+0	1.0000000E+2	0.0000000E+0
1.1674300E+2	6.7320467E+1	6.0528777E+1	0.0000000E+0	0.0000000E+0	1.0000000E+2	0.0000000E+0
1.1679400E+2	6.7305463E+1	6.0522582E+1	0.0000000E+0	0.0000000E+0	1.0000000E+2	0.0000000E+0
1.1684400E+2	6.7305864E+1	6.0534435E+1	0.0000000E+0	0.0000000E+0	1.0000000E+2	0.0000000E+0
1.1689400E+2	6.7285337E+1	6.0534701E+1	0.0000000E+0	0.0000000E+0	1.0000000E+2	0.0000000E+0
1.1694400E+2	6.7270176E+1	6.0524732E+1	0.0000000E+0	0.0000000E+0	1.0000000E+2	0.0000000E+0
1.1699400E+2	6.7281494E+1	6.0529221E+1	0.0000000E+0	0.0000000E+0	1.0000000E+2	0.0000000E+0
1.1704500E+2	6.7272475E+1	6.0519464E+1	0.0000000E+0	0.0000000E+0	1.0000000E+2	0.0000000E+0
1.1709500E+2	6.7253716E+1	6.0533261E+1	0.0000000E+0	0.0000000E+0	1.0000000E+2	0.0000000E+0
1.1714500E+2	6.7237040E+1	6.0529547E+1	0.0000000E+0	0.0000000E+0	1.0000000E+2	0.0000000E+0
1.1719500E+2	6.7258935E+1	6.0536252E+1	0.0000000E+0	0.0000000E+0	1.0000000E+2	0.0000000E+0
1.1724500E+2	6.7229275E+1	6.0531053E+1	0.0000000E+0	0.0000000E+0	1.0000000E+2	0.0000000E+0
1.1729500E+2	6.7209132E+1	6.0535134E+1	0.0000000E+0	0.0000000E+0	1.0000000E+2	0.0000000E+0
1.1734500E+2	6.7204633E+1	6.0540928E+1	0.0000000E+0	0.0000000E+0	1.0000000E+2	0.0000000E+0
1.1739500E+2	6.7173241E+1	6.0548470E+1	0.0000000E+0	0.0000000E+0	1.0000000E+2	0.0000000E+0
1.1744500E+2	6.7141774E+1	6.0529444E+1	0.0000000E+0	0.0000000E+0	1.0000000E+2	0.0000000E+0
1.1749500E+2	6.7130226E+1	6.0531945E+1	0.0000000E+0	0.0000000E+0	1.0000000E+2	0.0000000E+0
1.1754500E+2	6.7132678E+1	6.0548429E+1	0.0000000E+0	0.0000000E+0	1.0000000E+2	0.0000000E+0
1.1759500E+2	6.7143511E+1	6.0543498E+1	0.0000000E+0	0.0000000E+0	1.0000000E+2	0.0000000E+0
1.1764500E+2	6.7118740E+1	6.0513655E+1	0.0000000E+0	0.0000000E+0	1.0000000E+2	0.0000000E+0
1.1769500E+2	6.7104650E+1	6.0517936E+1	0.0000000E+0	0.0000000E+0	1.0000000E+2	0.0000000E+0
1.1774500E+2	6.7071650E+1	6.0511893E+1	0.0000000E+0	0.0000000E+0	1.0000000E+2	0.0000000E+0
1.1779500E+2	6.7078082E+1	6.0513148E+1	0.0000000E+0	0.0000000E+0	1.0000000E+2	0.0000000E+0
1.1784500E+2	6.7082193E+1	6.0515194E+1	0.0000000E+0	0.0000000E+0	1.0000000E+2	0.0000000E+0
1.1789500E+2	6.7085897E+1	6.0500140E+1	0.0000000E+0	0.0000000E+0	1.0000000E+2	0.0000000E+0
1.1794500E+2	6.7100636E+1	6.0509481E+1	0.0000000E+0	0.0000000E+0	1.0000000E+2	0.0000000E+0
1.1799500E+2	6.7106952E+1	6.0508562E+1	0.0000000E+0	0.0000000E+0	1.0000000E+2	0.0000000E+0
1.1804500E+2	6.7128306E+1	6.0510839E+1	0.0000000E+0	0.0000000E+0	1.0000000E+2	0.0000000E+0
1.1809500E+2	6.7113258E+1	6.0519330E+1	0.0000000E+0	0.0000000E+0	1.0000000E+2	0.0000000E+0
1.1814500E+2	6.7127033E+1	6.0507720E+1	0.0000000E+0	0.0000000E+0	1.0000000E+2	0.0000000E+0
1.1819500E+2	6.7130840E+1	6.0508846E+1	0.0000000E+0	0.0000000E+0	1.0000000E+2	0.0000000E+0
1.1824500E+2	6.7137442E+1	6.0513699E+1	0.0000000E+0	0.0000000E+0	1.0000000E+2	0.0000000E+0
1.1829500E+2	6.7140494E+1	6.0496836E+1	0.0000000E+0	0.0000000E+0	1.0000000E+2	0.0000000E+0
1.1834500E+2	6.7147881E+1	6.0498260E+1	0.0000000E+0	0.0000000E+0	1.0000000E+2	0.0000000E+0
1.1839500E+2	6.7174660E+1	6.0501302E+1	0.0000000E+0	0.0000000E+0	1.0000000E+2	0.0000000E+0
1.1844500E+2	6.7167647E+1	6.0514572E+1	0.0000000E+0	0.0000000E+0	1.0000000E+2	0.0000000E+0
1.1849500E+2	6.7159111E+1	6.0510218E+1	0.0000000E+0	0.0000000E+0	1.0000000E+2	0.0000000E+0
1.1854500E+2	6.7190146E+1	6.0522598E+1	0.0000000E+0	0.0000000E+0	1.0000000E+2	0.0000000E+0
1.1859500E+2	6.7205005E+1	6.0526440E+1	0.0000000E+0	0.0000000E+0	1.0000000E+2	0.0000000E+0
1.1864500E+2	6.7195280E+1	6.0521381E+1	0.0000000E+0	0.0000000E+0	1.0000000E+2	0.0000000E+0
1.1869500E+2	6.7207301E+1	6.0525588E+1	0.0000000E+0	0.0000000E+0	1.0000000E+2	0.0000000E+0
1.1874500E+2	6.7193071E+1	6.0531937E+1	0.0000000E+0	0.0000000E+0	1.0000000E+2	0.0000000E+0
1.1879500E+2	6.7168771E+1	6.0531882E+1	0.0000000E+0	0.0000000E+0	1.0000000E+2	0.0000000E+0
1.1884500E+2	6.7135566E+1	6.0520693E+1	0.0000000E+0	0.0000000E+0	1.0000000E+2	0.0000000E+0
1.1889500E+2	6.7116579E+1	6.0528104E+1	0.0000000E+0	0.0000000E+0	1.0000000E+2	0.0000000E+0
1.1894500E+2	6.7112862E+1	6.0530110E+1	0.0000000E+0	0.0000000E+0	1.0000000E+2	0.0000000E+0
1.1899500E+2	6.7091301E+1	6.0532555E+1	0.0000000E+0	0.0000000E+0	1.0000000E+2	0.0000000E+0
1.1904500E+2	6.7100348E+1	6.0532656E+1	0.0000000E+0	0.0000000E+0	1.0000000E+2	0.0000000E+0
1.1909500E+2	6.7095865E+1	6.0536380E+1	0.0000000E+0	0.0000000E+0	1.0000000E+2	0.0000000E+0
1.1914500E+2	6.7087372E+1	6.0526250E+1	0.0000000E+0	0.0000000E+0	1.0000000E+2	0.0000000E+0
1.1919500E+2	6.7078543E+1	6.0534998E+1	0.0000000E+0	0.0000000E+0	1.0000000E+2	0.0000000E+0
1.1924500E+2	6.7093838E+1	6.0516471E+1	0.0000000E+0	0.0000000E+0	1.0000000E+2	0.0000000E+0
1.1929500E+2	6.7118748E+1	6.0538013E+1	0.0000000E+0	0.0000000E+0	1.0000000E+2	0.0000000E+0
1.1934500E+2	6.7153807E+1	6.0545069E+1	0.0000000E+0	0.0000000E+0	1.0000000E+2	0.0000000E+0
1.1939500E+2	6.7156165E+1	6.0520154E+1	0.0000000E+0	0.0000000E+0	1.0000000E+2	0.0000000E+0
1.1944500E+2	6.7167413E+1	6.0522676E+1	0.0000000E+0	0.0000000E+0	1.0000000E+2	0.0000000E+0
1.1949500E+2	6.7169385E+1	6.0516604E+1	0.0000000E+0	0.0000000E+0	1.0000000E+2	0.0000000E+0
1.1954500E+2	6.7162494E+1	6.0517854E+1	0.0000000E+0	0.0000000E+0	1.0000000E+2	0.0000000E+0
1.1959500E+2	6.7179574E+1	6.0528565E+1	0.0000000E+0	0.0000000E+0	1.0000000E+2	0.0000000E+0
1.1964500E+2	6.7205326E+1	6.0518939E+1	0.0000000E+0	0.0000000E+0	1.0000000E+2	0.0000000E+0
1.1969500E+2	6.7210234E+1	6.0532693E+1	0.0000000E+0	0.0000000E+0	1.0000000E+2	0.0000000E+0
1.1974500E+2	6.7203540E+1	6.0516205E+1	0.0000000E+0	0.0000000E+0	1.0000000E+2	0.0000000E+0
1.1979500E+2	6.7223125E+1	6.0509401E+1	0.0000000E+0	0.0000000E+0	1.0000000E+2	0.0000000E+0
1.1984500E+2	6.7251665E+1	6.0513099E+1	0.0000000E+0	0.0000000E+0	1.0000000E+2	0.0000000E+0
1.1989500E+2	6.7233145E+1	6.0488212E+1	0.0000000E+0	0.0000000E+0	1.0000000E+2	0.0000000E+0
1.1994500E+2	6.7221882E+1	6.0497100E+1	0.0000000E+0	0.0000000E+0	1.0000000E+2	0.0000000E+0
1.1999500E+2	6.7217580E+1	6.0491022E+1	0.0000000E+0	0.0000000E+0	1.0000000E+2	0.0000000E+0
1.2004500E+2	6.7212737E+1	6.0510402E+1	0.0000000E+0	0.0000000E+0	1.0000000E+2	0.0000000E+0
1.2009500E+2	6.7184509E+1	6.0494432E+1	0.0000000E+0	0.0000000E+0	1.0000000E+2	0.0000000E+0
1.2014500E+2	6.7173825E+1	6.0509994E+1	0.0000000E+0	0.0000000E+0	1.0000000E+2	0.0000000E+0
1.2019500E+2	6.7152598E+1	6.0506824E+1	0.0000000E+0	0.0000000E+0	1.0000000E+2	0.0000000E+0
1.2024500E+2	6.7134225E+1	6.0505498E+1	0.0000000E+0	0.0000000E+0	1.0000000E+2	0.0000000E+0
1.2029500E+2	6.7118363E+1	6.0508458E+1	0.0000000E+0	0.0000000E+0	1.0000000E+2	0.0000000E+0
1.2034500E+2	6.7121285E+1	6.0502456E+1	0.0000000E+0	0.0000000E+0	1.0000000E+2	0.0000000E+0
1.2039500E+2	6.7128399E+1	6.0512145E+1	0.0000000E+0	0.0000000E+0	1.0000000E+2	0.0000000E+0
1.2044500E+2	6.7139337E+1	6.0505921E+1	0.0000000E+0	0.0000000E+0	1.0000000E+2	0.0000000E+0
1.2049500E+2	6.7090080E+1	6.0503179E+1	0.0000000E+0	0.0000000E+0	1.0000000E+2	0.0000000E+0
1.2054500E+2	6.7065917E+1	6.0512867E+1	0.0000000E+0	0.0000000E+0	1.0000000E+2	0.0000000E+0
1.2059500E+2	6.7067389E+1	6.0519101E+1	0.0000000E+0	0.0000000E+0	1.0000000E+2	0.0000000E+0
1.2064500E+2	6.7062377E+1	6.0512559E+1	0.0000000E+0	0.0000000E+0	1.0000000E+2	0.0000000E+0
1.2069500E+2	6.7054028E+1	6.0510102E+1	0.0000000E+0	0.0000000E+0	1.0000000E+2	0.0000000E+0
1.2074500E+2	6.7019054E+1	6.0501551E+1	0.0000000E+0	0.0000000E+0	1.0000000E+2	0.0000000E+0
1.2079500E+2	6.7009237E+1	6.0491587E+1	0.0000000E+0	0.0000000E+0	1.0000000E+2	0.0000000E+0
1.2084600E+2	6.7051148E+1	6.0503635E+1	0.0000000E+0	0.0000000E+0	1.0000000E+2	0.0000000E+0
1.2089700E+2	6.7105930E+1	6.0510161E+1	0.0000000E+0	0.0000000E+0	1.0000000E+2	0.0000000E+0
1.2094700E+2	6.7113423E+1	6.0516477E+1	0.0000000E+0	0.0000000E+0	1.0000000E+2	0.0000000E+0
1.2099700E+2	6.7122439E+1	6.0505987E+1	0.0000000E+0	0.0000000E+0	1.0000000E+2	0.0000000E+0
1.2104700E+2	6.7152025E+1	6.0505783E+1	0.0000000E+0	0.0000000E+0	1.0000000E+2	0.0000000E+0
1.2109700E+2	6.7198149E+1	6.0516655E+1	0.0000000E+0	0.0000000E+0	1.0000000E+2	0.0000000E+0
1.2114700E+2	6.7205043E+1	6.0507494E+1	0.0000000E+0	0.0000000E+0	1.0000000E+2	0.0000000E+0
1.2119800E+2	6.7219486E+1	6.0510543E+1	0.0000000E+0	0.0000000E+0	1.0000000E+2	0.0000000E+0
1.2124800E+2	6.7206098E+1	6.0509430E+1	0.0000000E+0	0.0000000E+0	1.0000000E+2	0.0000000E+0
1.2129800E+2	6.7208644E+1	6.0487916E+1	0.0000000E+0	0.0000000E+0	1.0000000E+2	0.0000000E+0
1.2134800E+2	6.7244460E+1	6.0514723E+1	0.0000000E+0	0.0000000E+0	1.0000000E+2	0.0000000E+0
1.2139900E+2	6.7233994E+1	6.0497347E+1	0.0000000E+0	0.0000000E+0	1.0000000E+2	0.0000000E+0
1.2144900E+2	6.7224095E+1	6.0503759E+1	0.0000000E+0	0.0000000E+0	1.0000000E+2	0.0000000E+0
1.2149900E+2	6.7218924E+1	6.0509295E+1	0.0000000E+0	0.0000000E+0	1.0000000E+2	0.0000000E+0
1.2154900E+2	6.7246225E+1	6.0517992E+1	0.0000000E+0	0.0000000E+0	1.0000000E+2	0.0000000E+0
1.2159900E+2	6.7236088E+1	6.0510260E+1	0.0000000E+0	0.0000000E+0	1.0000000E+2	0.0000000E+0
1.2164900E+2	6.7227624E+1	6.0509200E+1	0.0000000E+0	0.0000000E+0	1.0000000E+2	0.0000000E+0
1.2169900E+2	6.7223050E+1	6.0511488E+1	0.0000000E+0	0.0000000E+0	1.0000000E+2	0.0000000E+0
1.2174900E+2	6.7199924E+1	6.0511983E+1	0.0000000E+0	0.0000000E+0	1.0000000E+2	0.0000000E+0
1.2179900E+2	6.7207544E+1	6.0508832E+1	0.0000000E+0	0.0000000E+0	1.0000000E+2	0.0000000E+0
1.2184900E+2	6.7196755E+1	6.0506163E+1	0.0000000E+0	0.0000000E+0	1.0000000E+2	0.0000000E+0
1.2189900E+2	6.7208339E+1	6.0498648E+1	0.0000000E+0	0.0000000E+0	1.0000000E+2	0.0000000E+0
1.2194900E+2	6.7159375E+1	6.0479740E+1	0.0000000E+0	0.0000000E+0	1.0000000E+2	0.0000000E+0
1.2199900E+2	6.7134105E+1	6.0474219E+1	0.0000000E+0	0.0000000E+0	1.0000000E+2	0.0000000E+0
1.2204900E+2	6.7137184E+1	6.0479572E+1	0.0000000E+0	0.0000000E+0	1.0000000E+2	0.0000000E+0
1.2209900E+2	6.7131735E+1	6.0483409E+1	0.0000000E+0	0.0000000E+0	1.0000000E+2	0.0000000E+0
1.2214900E+2	6.7109886E+1	6.0470993E+1	0.0000000E+0	0.0000000E+0	1.0000000E+2	0.0000000E+0
1.2219900E+2	6.7099467E+1	6.0491646E+1	0.0000000E+0	0.0000000E+0	1.0000000E+2	0.0000000E+0
1.2224900E+2	6.7091555E+1	6.0478876E+1	0.0000000E+0	0.0000000E+0	1.0000000E+2	0.0000000E+0
1.2229900E+2	6.7083785E+1	6.0478803E+1	0.0000000E+0	0.0000000E+0	1.0000000E+2	0.0000000E+0
1.2234900E+2	6.7055932E+1	6.0471688E+1	0.0000000E+0	0.0000000E+0	1.0000000E+2	0.0000000E+0
1.2239900E+2	6.7028125E+1	6.0459304E+1	0.0000000E+0	0.0000000E+0	1.0000000E+2	0.0000000E+0
1.2244900E+2	6.6995057E+1	6.0448529E+1	0.0000000E+0	0.0000000E+0	1.0000000E+2	0.0000000E+0
1.2249900E+2	6.6969550E+1	6.0446098E+1	0.0000000E+0	0.0000000E+0	1.0000000E+2	0.0000000E+0
1.2254900E+2	6.6959499E+1	6.0443162E+1	0.0000000E+0	0.0000000E+0	1.0000000E+2	0.0000000E+0
1.2259900E+2	6.6952712E+1	6.0456350E+1	0.0000000E+0	0.0000000E+0	1.0000000E+2	0.0000000E+0
1.2264900E+2	6.6953698E+1	6.0452587E+1	0.0000000E+0	0.0000000E+0	1.0000000E+2	0.0000000E+0
1.2269900E+2	6.6931736E+1	6.0441171E+1	0.0000000E+0	0.0000000E+0	1.0000000E+2	0.0000000E+0
1.2274900E+2	6.6913734E+1	6.0453804E+1	0.0000000E+0	0.0000000E+0	1.0000000E+2	0.0000000E+0
1.2279900E+2	6.6895417E+1	6.0438908E+1	0.0000000E+0	0.0000000E+0	1.0000000E+2	0.0000000E+0
1.2284900E+2	6.6892219E+1	6.0432221E+1	0.0000000E+0	0.0000000E+0	1.0000000E+2	0.0000000E+0
1.2289900E+2	6.6882028E+1	6.0431547E+1	0.0000000E+0	0.0000000E+0	1.0000000E+2	0.0000000E+0
1.2294900E+2	6.6880304E+1	6.0433484E+1	0.0000000E+0	0.0000000E+0	1.0000000E+2	0.0000000E+0
1.2299900E+2	6.6884242E+1	6.0441149E+1	0.0000000E+0	0.0000000E+0	1.0000000E+2	0.0000000E+0
1.2304900E+2	6.6891815E+1	6.0432790E+1	0.0000000E+0	0.0000000E+0	1.0000000E+2	0.0000000E+0
1.2310000E+2	6.6894152E+1	6.0435437E+1	0.0000000E+0	0.0000000E+0	1.0000000E+2	0.0000000E+0
1.2315000E+2	6.6886379E+1	6.0439885E+1	0.0000000E+0	0.0000000E+0	1.0000000E+2	0.0000000E+0
1.2320000E+2	6.6866458E+1	6.0440768E+1	0.0000000E+0	0.0000000E+0	1.0000000E+2	0.0000000E+0
1.2325000E+2	6.6916708E+1	6.0431403E+1	0.0000000E+0	0.0000000E+0	1.0000000E+2	0.0000000E+0
1.2330000E+2	6.6956429E+1	6.0453171E+1	0.0000000E+0	0.0000000E+0	1.0000000E+2	0.0000000E+0
1.2335000E+2	6.6965898E+1	6.0451591E+1	0.0000000E+0	0.0000000E+0	1.0000000E+2	0.0000000E+0
1.2340000E+2	6.6978716E+1	6.0449553E+1	0.0000000E+0	0.0000000E+0	1.0000000E+2	0.0000000E+0
1.2345100E+2	6.6975222E+1	6.0445449E+1	0.0000000E+0	0.0000000E+0	1.0000000E+2	0.0000000E+0
1.2350100E+2	6.6982502E+1	6.0446750E+1	0.0000000E+0	0.0000000E+0	1.0000000E+2	0.0000000E+0
1.2355100E+2	6.6988385E+1	6.0457190E+1	0.0000000E+0	0.0000000E+0	1.0000000E+2	0.0000000E+0
1.2360100E+2	6.7000780E+1	6.0448866E+1	0.0000000E+0	0.0000000E+0	1.0000000E+2	0.0000000E+0
1.2365100E+2	6.7019444E+1	6.0468486E+1	0.0000000E+0	0.0000000E+0	1.0000000E+2	0.0000000E+0
1.2370100E+2	6.7022247E+1	6.0485004E+1	0.0000000E+0	0.0000000E+0	1.0000000E+2	0.0000000E+0
1.2375100E+2	6.7018338E+1	6.0471450E+1	0.0000000E+0	0.0000000E+0	1.0000000E+2	0.0000000E+0
1.2380100E+2	6.7007033E+1	6.0482746E+1	0.0000000E+0	0.0000000E+0	1.0000000E+2	0.0000000E+0
1.2385200E+2	6.7014108E+1	6.0483158E+1	0.0000000E+0	0.0000000E+0	1.0000000E+2	0.0000000E+0
1.2390300E+2	6.6960567E+1	6.0484843E+1	0.0000000E+0	0.0000000E+0	1.0000000E+2	0.0000000E+0
1.2395400E+2	6.6978951E+1	6.0484737E+1	0.0000000E+0	0.0000000E+0	1.0000000E+2	0.0000000E+0
1.2400400E+2	6.6989300E+1	6.0484916E+1	0.0000000E+0	0.0000000E+0	1.0000000E+2	0.0000000E+0
1.2405400E+2	6.7000101E+1	6.0497173E+1	0.0000000E+0	0.0000000E+0	1.0000000E+2	0.0000000E+0
1.2410400E+2	6.6991656E+1	6.0487946E+1	0.0000000E+0	0.0000000E+0	1.0000000E+2	0.0000000E+0
1.2415500E+2	6.7012834E+1	6.0493075E+1	0.0000000E+0	0.0000000E+0	1.0000000E+2	0.0000000E+0
1.2420500E+2	6.7033910E+1	6.0503107E+1	0.0000000E+0	0.0000000E+0	1.0000000E+2	0.0000000E+0
1.2425500E+2	6.7033348E+1	6.0486210E+1	0.0000000E+0	0.0000000E+0	1.0000000E+2	0.0000000E+0
1.2430500E+2	6.7065849E+1	6.0485451E+1	0.0000000E+0	0.0000000E+0	1.0000000E+2	0.0000000E+0
1.2435500E+2	6.7075605E+1	6.0501042E+1	0.0000000E+0	0.0000000E+0	1.0000000E+2	0.0000000E+0
1.2440500E+2	6.7095875E+1	6.0489949E+1	0.0000000E+0	0.0000000E+0	1.0000000E+2	0.0000000E+0
1.2445500E+2	6.7090877E+1	6.0499209E+1	0.0000000E+0	0.0000000E+0	1.0000000E+2	0.0000000E+0
1.2450500E+2	6.7110783E+1	6.0492966E+1	0.0000000E+0	0.0000000E+0	1.0000000E+2	0.0000000E+0
1.2455500E+2	6.7094761E+1	6.0485167E+1	0.0000000E+0	0.0000000E+0	1.0000000E+2	0.0000000E+0
1.2460500E+2	6.7074915E+1	6.0477226E+1	0.0000000E+0	0.0000000E+0	1.0000000E+2	0.0000000E+0
1.2465600E+2	6.7088577E+1	6.0483698E+1	0.0000000E+0	0.0000000E+0	1.0000000E+2	0.0000000E+0
1.2470600E+2	6.7084408E+1	6.0483044E+1	0.0000000E+0	0.0000000E+0	1.0000000E+2	0.0000000E+0
1.2475600E+2	6.7091889E+1	6.0488023E+1	0.0000000E+0	0.0000000E+0	1.0000000E+2	0.0000000E+0
1.2480600E+2	6.7082643E+1	6.0495557E+1	0.0000000E+0	0.0000000E+0	1.0000000E+2	0.0000000E+0
1.2485600E+2	6.7079512E+1	6.0490077E+1	0.0000000E+0	0.0000000E+0	1.0000000E+2	0.0000000E+0
1.2490700E+2	6.7098720E+1	6.0502542E+1	0.0000000E+0	0.0000000E+0	1.0000000E+2	0.0000000E+0
1.2495700E+2	6.7066131E+1	6.0489072E+1	0.0000000E+0	0.0000000E+0	1.0000000E+2	0.0000000E+0
1.2500800E+2	6.7055256E+1	6.0486418E+1	0.0000000E+0	0.0000000E+0	1.0000000E+2	0.0000000E+0
1.2505800E+2	6.7069810E+1	6.0488962E+1	0.0000000E+0	0.0000000E+0	1.0000000E+2	0.0000000E+0
1.2510800E+2	6.7070157E+1	6.0513714E+1	0.0000000E+0	0.0000000E+0	1.0000000E+2	0.0000000E+0
1.2515800E+2	6.7089783E+1	6.0513570E+1	0.0000000E+0	0.0000000E+0	1.0000000E+2	0.0000000E+0
1.2520800E+2	6.7100453E+1	6.0518480E+1	0.0000000E+0	0.0000000E+0	1.0000000E+2	0.0000000E+0
1.2525800E+2	6.7105083E+1	6.0527119E+1	0.0000000E+0	0.0000000E+0	1.0000000E+2	0.0000000E+0
1.2530800E+2	6.7108300E+1	6.0531926E+1	0.0000000E+0	0.0000000E+0	1.0000000E+2	0.0000000E+0
1.2535800E+2	6.7093116E+1	6.0532230E+1	0.0000000E+0	0.0000000E+0	1.0000000E+2	0.0000000E+0
1.2540900E+2	6.7072106E+1	6.0542591E+1	0.0000000E+0	0.0000000E+0	1.0000000E+2	0.0000000E+0
1.2546000E+2	6.7051279E+1	6.0549285E+1	0.0000000E+0	0.0000000E+0	1.0000000E+2	0.0000000E+0
1.2551000E+2	6.7039951E+1	6.0535742E+1	0.0000000E+0	0.0000000E+0	1.0000000E+2	0.0000000E+0
1.2556000E+2	6.7030476E+1	6.0531330E+1	0.0000000E+0	0.0000000E+0	1.0000000E+2	0.0000000E+0
1.2561000E+2	6.7031503E+1	6.0528448E+1	0.0000000E+0	0.0000000E+0	1.0000000E+2	0.0000000E+0
1.2566000E+2	6.7028750E+1	6.0537939E+1	0.0000000E+0	0.0000000E+0	1.0000000E+2	0.0000000E+0
1.2571000E+2	6.7010909E+1	6.0514973E+1	0.0000000E+0	0.0000000E+0	1.0000000E+2	0.0000000E+0
1.2576000E+2	6.7007546E+1	6.0511076E+1	0.0000000E+0	0.0000000E+0	1.0000000E+2	0.0000000E+0
1.2581000E+2	6.7006802E+1	6.0528123E+1	0.0000000E+0	0.0000000E+0	1.0000000E+2	0.0000000E+0
1.2586000E+2	6.6998327E+1	6.0532708E+1	0.0000000E+0	0.0000000E+0	1.0000000E+2	0.0000000E+0
1.2591000E+2	6.6970355E+1	6.0518032E+1	0.0000000E+0	0.0000000E+0	1.0000000E+2	0.0000000E+0
1.2596000E+2	6.6982418E+1	6.0530472E+1	0.0000000E+0	0.0000000E+0	1.0000000E+2	0.0000000E+0
1.2601100E+2	6.6971852E+1	6.0530651E+1	0.0000000E+0	0.0000000E+0	1.0000000E+2	0.0000000E+0
1.2606200E+2	6.6974500E+1	6.0516548E+1	0.0000000E+0	0.0000000E+0	1.0000000E+2	0.0000000E+0
1.2611300E+2	6.6926715E+1	6.0509062E+1	0.0000000E+0	0.0000000E+0	1.0000000E+2	0.0000000E+0
1.2616300E+2	6.6887096E+1	6.0508789E+1	0.0000000E+0	0.0000000E+0	1.0000000E+2	0.0000000E+0
1.2621300E+2	6.6881344E+1	6.0508127E+1	0.0000000E+0	0.0000000E+0	1.0000000E+2	0.0000000E+0
1.2626300E+2	6.6882706E+1	6.0515205E+1	0.0000000E+0	0.0000000E+0	1.0000000E+2	0.0000000E+0
1.2631400E+2	6.6864110E+1	6.0505525E+1	0.0000000E+0	0.0000000E+0	1.0000000E+2	0.0000000E+0
1.2636400E+2	6.6882477E+1	6.0535467E+1	0.0000000E+0	0.0000000E+0	1.0000000E+2	0.0000000E+0
1.2641400E+2	6.6888050E+1	6.0530160E+1	0.0000000E+0	0.0000000E+0	1.0000000E+2	0.0000000E+0
1.2646400E+2	6.6900970E+1	6.0515686E+1	0.0000000E+0	0.0000000E+0	1.0000000E+2	0.0000000E+0
1.2651400E+2	6.6925578E+1	6.0531153E+1	0.0000000E+0	0.0000000E+0	1.0000000E+2	0.0000000E+0
1.2656400E+2	6.6932215E+1	6.0517955E+1	0.0000000E+0	0.0000000E+0	1.0000000E+2	0.0000000E+0
1.2661400E+2	6.6931669E+1	6.0514435E+1	0.0000000E+0	0.0000000E+0	1.0000000E+2	0.0000000E+0
1.2666400E+2	6.6940799E+1	6.0521573E+1	0.0000000E+0	0.0000000E+0	1.0000000E+2	0.0000000E+0
1.2671400E+2	6.6958732E+1	6.0521214E+1	0.0000000E+0	0.0000000E+0	1.0000000E+2	0.0000000E+0
1.2676400E+2	6.6950030E+1	6.0513333E+1	0.0000000E+0	0.0000000E+0	1.0000000E+2	0.0000000E+0
1.2681500E+2	6.6964395E+1	6.0534106E+1	0.0000000E+0	0.0000000E+0	1.0000000E+2	0.0000000E+0
1.2686600E+2	6.6930119E+1	6.0506583E+1	0.0000000E+0	0.0000000E+0	1.0000000E+2	0.0000000E+0
1.2691600E+2	6.6910254E+1	6.0507632E+1	0.0000000E+0	0.0000000E+0	1.0000000E+2	0.0000000E+0
1.2696700E+2	6.6912422E+1	6.0507034E+1	0.0000000E+0	0.0000000E+0	1.0000000E+2	0.0000000E+0
1.2701800E+2	6.6919335E+1	6.0513561E+1	0.0000000E+0	0.0000000E+0	1.0000000E+2	0.0000000E+0
1.2706800E+2	6.6935579E+1	6.0503031E+1	0.0000000E+0	0.0000000E+0	1.0000000E+2	0.0000000E+0
1.2711900E+2	6.6955205E+1	6.0503261E+1	0.0000000E+0	0.0000000E+0	1.0000000E+2	0.0000000E+0
1.2717000E+2	6.6954335E+1	6.0497204E+1	0.0000000E+0	0.0000000E+0	1.0000000E+2	0.0000000E+0
1.2722100E+2	6.6966445E+1	6.0507096E+1	0.0000000E+0	0.0000000E+0	1.0000000E+2	0.0000000E+0
1.2727200E+2	6.6984346E+1	6.0506495E+1	0.0000000E+0	0.0000000E+0	1.0000000E+2	0.0000000E+0
1.2732300E+2	6.7013552E+1	6.0509566E+1	0.0000000E+0	0.0000000E+0	1.0000000E+2	0.0000000E+0
1.2737300E+2	6.7036930E+1	6.0520138E+1	0.0000000E+0	0.0000000E+0	1.0000000E+2	0.0000000E+0
1.2742300E+2	6.7047253E+1	6.0523394E+1	0.0000000E+0	0.0000000E+0	1.0000000E+2	0.0000000E+0
1.2747400E+2	6.7059249E+1	6.0522619E+1	0.0000000E+0	0.0000000E+0	1.0000000E+2	0.0000000E+0
1.2752400E+2	6.7066557E+1	6.0521782E+1	0.0000000E+0	0.0000000E+0	1.0000000E+2	0.0000000E+0
1.2757400E+2	6.7083554E+1	6.0541726E+1	0.0000000E+0	0.0000000E+0	1.0000000E+2	0.0000000E+0
1.2762400E+2	6.7097474E+1	6.0543090E+1	0.0000000E+0	0.0000000E+0	1.0000000E+2	0.0000000E+0
1.2767400E+2	6.7106254E+1	6.0556152E+1	0.0000000E+0	0.0000000E+0	1.0000000E+2	0.0000000E+0
1.2772400E+2	6.7108296E+1	6.0552022E+1	0.0000000E+0	0.0000000E+0	1.0000000E+2	0.0000000E+0
1.2777400E+2	6.7112638E+1	6.0547392E+1	0.0000000E+0	0.0000000E+0	1.0000000E+2	0.0000000E+0
1.2782400E+2	6.7123258E+1	6.0516803E+1	0.0000000E+0	0.0000000E+0	1.0000000E+2	0.0000000E+0
1.2787400E+2	6.7127275E+1	6.0529812E+1	0.0000000E+0	0.0000000E+0	1.0000000E+2	0.0000000E+0
1.2792400E+2	6.7130192E+1	6.0527246E+1	0.0000000E+0	0.0000000E+0	1.0000000E+2	0.0000000E+0
1.2797400E+2	6.7148220E+1	6.0526055E+1	0.0000000E+0	0.0000000E+0	1.0000000E+2	0.0000000E+0
1.2802400E+2	6.7170925E+1	6.0532441E+1	0.0000000E+0	0.0000000E+0	1.0000000E+2	0.0000000E+0
1.2807500E+2	6.7178318E+1	6.0519401E+1	0.0000000E+0	0.0000000E+0	1.0000000E+2	0.0000000E+0
1.2812600E+2	6.7204775E+1	6.0537125E+1	0.0000000E+0	0.0000000E+0	1.0000000E+2	0.0000000E+0
1.2817600E+2	6.7202610E+1	6.0525849E+1	0.0000000E+0	0.0000000E+0	1.0000000E+2	0.0000000E+0
1.2822600E+2	6.7220839E+1	6.0503460E+1	0.0000000E+0	0.0000000E+0	1.0000000E+2	0.0000000E+0
1.2827600E+2	6.7222008E+1	6.0510498E+1	0.0000000E+0	0.0000000E+0	1.0000000E+2	0.0000000E+0
1.2832700E+2	6.7206267E+1	6.0507017E+1	0.0000000E+0	0.0000000E+0	1.0000000E+2	0.0000000E+0
1.2837700E+2	6.7205192E+1	6.0525558E+1	0.0000000E+0	0.0000000E+0	1.0000000E+2	0.0000000E+0
1.2842800E+2	6.7176718E+1	6.0534526E+1	0.0000000E+0	0.0000000E+0	1.0000000E+2	0.0000000E+0
1.2847800E+2	6.7178423E+1	6.0506389E+1	0.0000000E+0	0.0000000E+0	1.0000000E+2	0.0000000E+0
1.2852900E+2	6.7194288E+1	6.0508484E+1	0.0000000E+0	0.0000000E+0	1.0000000E+2	0.0000000E+0
1.2858000E+2	6.7190405E+1	6.0516444E+1	0.0000000E+0	0.0000000E+0	1.0000000E+2	0.0000000E+0
1.2863000E+2	6.7160575E+1	6.0513552E+1	0.0000000E+0	0.0000000E+0	1.0000000E+2	0.0000000E+0
1.2868000E+2	6.7125501E+1	6.0501137E+1	0.0000000E+0	0.0000000E+0	1.0000000E+2	0.0000000E+0
1.2873100E+2	6.7147876E+1	6.0524297E+1	0.0000000E+0	0.0000000E+0	1.0000000E+2	0.0000000E+0
1.2878200E+2	6.7130502E+1	6.0521704E+1	0.0000000E+0	0.0000000E+0	1.0000000E+2	0.0000000E+0
1.2883200E+2	6.7118924E+1	6.0527332E+1	0.0000000E+0	0.0000000E+0	1.0000000E+2	0.0000000E+0
1.2888200E+2	6.7098110E+1	6.0514324E+1	0.0000000E+0	0.0000000E+0	1.0000000E+2	0.0000000E+0
1.2893200E+2	6.7067821E+1	6.0518261E+1	0.0000000E+0	0.0000000E+0	1.0000000E+2	0.0000000E+0
1.2898300E+2	6.7098069E+1	6.0529325E+1	0.0000000E+0	0.0000000E+0	1.0000000E+2	0.0000000E+0
1.2903300E+2	6.7080490E+1	6.0540206E+1	0.0000000E+0	0.0000000E+0	1.0000000E+2	0.0000000E+0
1.2908300E+2	6.7082504E+1	6.0534274E+1	0.0000000E+0	0.0000000E+0	1.0000000E+2	0.0000000E+0
1.2913400E+2	6.7046320E+1	6.0514175E+1	0.0000000E+0	0.0000000E+0	1.0000000E+2	0.0000000E+0
1.2918400E+2	6.7024123E+1	6.0522037E+1	0.0000000E+0	0.0000000E+0	1.0000000E+2	0.0000000E+0
1.2923400E+2	6.7055267E+1	6.0531608E+1	0.0000000E+0	0.0000000E+0	1.0000000E+2	0.0000000E+0
1.2928400E+2	6.7052197E+1	6.0519764E+1	0.0000000E+0	0.0000000E+0	1.0000000E+2	0.0000000E+0
1.2933400E+2	6.7042120E+1	6.0512552E+1	0.0000000E+0	0.0000000E+0	1.0000000E+2	0.0000000E+0
1.2938400E+2	6.7048160E+1	6.0514099E+1	0.0000000E+0	0.0000000E+0	1.0000000E+2	0.0000000E+0
1.2943400E+2	6.7054887E+1	6.0513248E+1	0.0000000E+0	0.0000000E+0	1.0000000E+2	0.0000000E+0
1.2948400E+2	6.7037878E+1	6.0523608E+1	0.0000000E+0	0.0000000E+0	1.0000000E+2	0.0000000E+0
1.2953400E+2	6.7059304E+1	6.0539623E+1	0.0000000E+0	0.0000000E+0	1.0000000E+2	0.0000000E+0
1.2958400E+2	6.7031626E+1	6.0505485E+1	0.0000000E+0	0.0000000E+0	1.0000000E+2	0.0000000E+0
1.2963400E+2	6.7045913E+1	6.0521585E+1	0.0000000E+0	0.0000000E+0	1.0000000E+2	0.0000000E+0
1.2968400E+2	6.7059099E+1	6.0527168E+1	0.0000000E+0	0.0000000E+0	1.0000000E+2	0.0000000E+0
1.2973400E+2	6.7054585E+1	6.0508364E+1	0.0000000E+0	0.0000000E+0	1.0000000E+2	0.0000000E+0
1.2978400E+2	6.7072761E+1	6.0524755E+1	0.0000000E+0	0.0000000E+0	1.0000000E+2	0.0000000E+0
1.2983400E+2	6.7090624E+1	6.0539478E+1	0.0000000E+0	0.0000000E+0	1.0000000E+2	0.0000000E+0
1.2988400E+2	6.7082744E+1	6.0530562E+1	0.0000000E+0	0.0000000E+0	1.0000000E+2	0.0000000E+0
1.2993400E+2	6.7085177E+1	6.0535282E+1	0.0000000E+0	0.0000000E+0	1.0000000E+2	0.0000000E+0
1.2998400E+2	6.7061729E+1	6.0529566E+1	0.0000000E+0	0.0000000E+0	1.0000000E+2	0.0000000E+0
1.3003400E+2	6.7012928E+1	6.0520135E+1	0.0000000E+0	0.0000000E+0	1.0000000E+2	0.0000000E+0
1.3008400E+2	6.7002304E+1	6.0521925E+1	0.0000000E+0	0.0000000E+0	1.0000000E+2	0.0000000E+0
1.3013400E+2	6.6994621E+1	6.0529854E+1	0.0000000E+0	0.0000000E+0	1.0000000E+2	0.0000000E+0
1.3018400E+2	6.6987037E+1	6.0545480E+1	0.0000000E+0	0.0000000E+0	1.0000000E+2	0.0000000E+0
1.3023400E+2	6.6996935E+1	6.0540477E+1	0.0000000E+0	0.0000000E+0	1.0000000E+2	0.0000000E+0
1.3028400E+2	6.6991812E+1	6.0534198E+1	0.0000000E+0	0.0000000E+0	1.0000000E+2	0.0000000E+0
1.3033400E+2	6.7010966E+1	6.0537256E+1	0.0000000E+0	0.0000000E+0	1.0000000E+2	0.0000000E+0
1.3038400E+2	6.7025759E+1	6.0562394E+1	0.0000000E+0	0.0000000E+0	1.0000000E+2	0.0000000E+0
1.3043400E+2	6.7024791E+1	6.0554102E+1	0.0000000E+0	0.0000000E+0	1.0000000E+2	0.0000000E+0
1.3048400E+2	6.7018820E+1	6.0557364E+1	0.0000000E+0	0.0000000E+0	1.0000000E+2	0.0000000E+0
1.3053400E+2	6.7026734E+1	6.0552692E+1	0.0000000E+0	0.0000000E+0	1.0000000E+2	0.0000000E+0
1.3058400E+2	6.7020549E+1	6.0550935E+1	0.0000000E+0	0.0000000E+0	1.0000000E+2	0.0000000E+0
1.3063400E+2	6.7018660E+1	6.0569772E+1	0.0000000E+0	0.0000000E+0	1.0000000E+2	0.0000000E+0
1.3068400E+2	6.7010501E+1	6.0567496E+1	0.0000000E+0	0.0000000E+0	1.0000000E+2	0.0000000E+0
1.3073500E+2	6.7005854E+1	6.0577768E+1	0.0000000E+0	0.0000000E+0	1.0000000E+2	0.0000000E+0
1.3078600E+2	6.7005854E+1	6.0558679E+1	0.0000000E+0	0.0000000E+0	1.0000000E+2	0.0000000E+0
1.3083600E+2	6.6960365E+1	6.0559359E+1	0.0000000E+0	0.0000000E+0	1.0000000E+2	0.0000000E+0
1.3088600E+2	6.6952011E+1	6.0557813E+1	0.0000000E+0	0.0000000E+0	1.0000000E+2	0.0000000E+0
1.3093600E+2	6.6983026E+1	6.0569480E+1	0.0000000E+0	0.0000000E+0	1.0000000E+2	0.0000000E+0
1.3098600E+2	6.6997324E+1	6.0578193E+1	0.0000000E+0	0.0000000E+0	1.0000000E+2	0.0000000E+0
1.3103600E+2	6.7011542E+1	6.0569575E+1	0.0000000E+0	0.0000000E+0	1.0000000E+2	0.0000000E+0
1.3108600E+2	6.7003589E+1	6.0565006E+1	0.0000000E+0	0.0000000E+0	1.0000000E+2	0.0000000E+0
1.3113600E+2	6.7020357E+1	6.0589478E+1	0.0000000E+0	0.0000000E+0	1.0000000E+2	0.0000000E+0
1.3118600E+2	6.6986137E+1	6.0562635E+1	0.0000000E+0	0.0000000E+0	1.0000000E+2	0.0000000E+0
1.3123600E+2	6.6990075E+1	6.0572407E+1	0.0000000E+0	0.0000000E+0	1.0000000E+2	0.0000000E+0
1.3128700E+2	6.6980580E+1	6.0563594E+1	0.0000000E+0	0.0000000E+0	1.0000000E+2	0.0000000E+0
1.3133700E+2	6.7000116E+1	6.0569465E+1	0.0000000E+0	0.0000000E+0	1.0000000E+2	0.0000000E+0
1.3138700E+2	6.7000888E+1	6.0569487E+1	0.0000000E+0	0.0000000E+0	1.0000000E+2	0.0000000E+0
1.3143700E+2	6.7019728E+1	6.0571985E+1	0.0000000E+0	0.0000000E+0	1.0000000E+2	0.0000000E+0
1.3148700E+2	6.7037170E+1	6.0570405E+1	0.0000000E+0	0.0000000E+0	1.0000000E+2	0.0000000E+0
1.3153700E+2	6.7041129E+1	6.0573657E+1	0.0000000E+0	0.0000000E+0	1.0000000E+2	0.0000000E+0
1.3158800E+2	6.7055169E+1	6.0585241E+1	0.0000000E+0	0.0000000E+0	1.0000000E+2	0.0000000E+0
1.3163900E+2	6.7081067E+1	6.0586074E+1	0.0000000E+0	0.0000000E+0	1.0000000E+2	0.0000000E+0
1.3169000E+2	6.7113298E+1	6.0573562E+1	0.0000000E+0	0.0000000E+0	1.0000000E+2	0.0000000E+0
1.3174000E+2	6.7122578E+1	6.0564333E+1	0.0000000E+0	0.0000000E+0	1.0000000E+2	0.0000000E+0
1.3179100E+2	6.7134431E+1	6.0588362E+1	0.0000000E+0	0.0000000E+0	1.0000000E+2	0.0000000E+0
1.3184100E+2	6.7126230E+1	6.0577217E+1	0.0000000E+0	0.0000000E+0	1.0000000E+2	0.0000000E+0
1.3189200E+2	6.7133187E+1	6.0571770E+1	0.0000000E+0	0.0000000E+0	1.0000000E+2	0.0000000E+0
1.3194300E+2	6.7166846E+1	6.0594235E+1	0.0000000E+0	0.0000000E+0	1.0000000E+2	0.0000000E+0
1.3199300E+2	6.7123358E+1	6.0586325E+1	0.0000000E+0	0.0000000E+0	1.0000000E+2	0.0000000E+0
1.3204400E+2	6.7102657E+1	6.0591970E+1	0.0000000E+0	0.0000000E+0	1.0000000E+2	0.0000000E+0
1.3209400E+2	6.7084710E+1	6.0595172E+1	0.0000000E+0	0.0000000E+0	1.0000000E+2	0.0000000E+0
1.3214400E+2	6.7077583E+1	6.0594191E+1	0.0000000E+0	0.0000000E+0	1.0000000E+2	0.0000000E+0
1.3219400E+2	6.7044849E+1	6.0597509E+1	0.0000000E+0	0.0000000E+0	1.0000000E+2	0.0000000E+0
1.3224400E+2	6.7005665E+1	6.0591336E+1	0.0000000E+0	0.0000000E+0	1.0000000E+2	0.0000000E+0
1.3229400E+2	6.6996801E+1	6.0592328E+1	0.0000000E+0	0.0000000E+0	1.0000000E+2	0.0000000E+0
1.3234500E+2	6.6997043E+1	6.0612228E+1	0.0000000E+0	0.0000000E+0	1.0000000E+2	0.0000000E+0
1.3239600E+2	6.7001204E+1	6.0620998E+1	0.0000000E+0	0.0000000E+0	1.0000000E+2	0.0000000E+0
1.3244600E+2	6.7000817E+1	6.0612686E+1	0.0000000E+0	0.0000000E+0	1.0000000E+2	0.0000000E+0
1.3249600E+2	6.6996979E+1	6.0611455E+1	0.0000000E+0	0.0000000E+0	1.0000000E+2	0.0000000E+0
1.3254600E+2	6.6980111E+1	6.0623462E+1	0.0000000E+0	0.0000000E+0	1.0000000E+2	0.0000000E+0
1.3259700E+2	6.6959379E+1	6.0603883E+1	0.0000000E+0	0.0000000E+0	1.0000000E+2	0.0000000E+0
1.3264800E+2	6.6978116E+1	6.0602949E+1	0.0000000E+0	0.0000000E+0	1.0000000E+2	0.0000000E+0
1.3269800E+2	6.7004574E+1	6.0608172E+1	0.0000000E+0	0.0000000E+0	1.0000000E+2	0.0000000E+0
1.3274800E+2	6.7026740E+1	6.0610402E+1	0.0000000E+0	0.0000000E+0	1.0000000E+2	0.0000000E+0
1.3279800E+2	6.7030529E+1	6.0623110E+1	0.0000000E+0	0.0000000E+0	1.0000000E+2	0.0000000E+0
1.3284800E+2	6.7021747E+1	6.0629378E+1	0.0000000E+0	0.0000000E+0	1.0000000E+2	0.0000000E+0
1.3289900E+2	6.7003805E+1	6.0613823E+1	0.0000000E+0	0.0000000E+0	1.0000000E+2	0.0000000E+0
1.3294900E+2	6.6990678E+1	6.0590452E+1	0.0000000E+0	0.0000000E+0	1.0000000E+2	0.0000000E+0
1.3300000E+2	6.6990704E+1	6.0595683E+1	0.0000000E+0	0.0000000E+0	1.0000000E+2	0.0000000E+0
1.3305100E+2	6.7013597E+1	6.0613351E+1	0.0000000E+0	0.0000000E+0	1.0000000E+2	0.0000000E+0
1.3310200E+2	6.7017131E+1	6.0611303E+1	0.0000000E+0	0.0000000E+0	1.0000000E+2	0.0000000E+0
1.3315200E+2	6.7035641E+1	6.0616362E+1	0.0000000E+0	0.0000000E+0	1.0000000E+2	0.0000000E+0
1.3320200E+2	6.7056119E+1	6.0624398E+1	0.0000000E+0	0.0000000E+0	1.0000000E+2	0.0000000E+0
1.3325200E+2	6.7037464E+1	6.0612391E+1	0.0000000E+0	0.0000000E+0	1.0000000E+2	0.0000000E+0
1.3330300E+2	6.7019088E+1	6.0596952E+1	0.0000000E+0	0.0000000E+0	1.0000000E+2	0.0000000E+0
1.3335400E+2	6.7021885E+1	6.0606984E+1	0.0000000E+0	0.0000000E+0	1.0000000E+2	0.0000000E+0
1.3340400E+2	6.7047891E+1	6.0615545E+1	0.0000000E+0	0.0000000E+0	1.0000000E+2	0.0000000E+0
1.3345400E+2	6.7065058E+1	6.0611454E+1	0.0000000E+0	0.0000000E+0	1.0000000E+2	0.0000000E+0
1.3350400E+2	6.7044738E+1	6.0608072E+1	0.0000000E+0	0.0000000E+0	1.0000000E+2	0.0000000E+0
1.3355400E+2	6.7043941E+1	6.0615140E+1	0.0000000E+0	0.0000000E+0	1.0000000E+2	0.0000000E+0
1.3360400E+2	6.7000196E+1	6.0605086E+1	0.0000000E+0	0.0000000E+0	1.0000000E+2	0.0000000E+0
1.3365400E+2	6.6987199E+1	6.0620139E+1	0.0000000E+0	0.0000000E+0	1.0000000E+2	0.0000000E+0
1.3370400E+2	6.6985922E+1	6.0602571E+1	0.0000000E+0	0.0000000E+0	1.0000000E+2	0.0000000E+0
1.3375400E+2	6.6984841E+1	6.0601737E+1	0.0000000E+0	0.0000000E+0	1.0000000E+2	0.0000000E+0
1.3380400E+2	6.7013388E+1	6.0621649E+1	0.0000000E+0	0.0000000E+0	1.0000000E+2	0.0000000E+0
1.3385400E+2	6.7027898E+1	6.0615662E+1	0.0000000E+0	0.0000000E+0	1.0000000E+2	0.0000000E+0
1.3390400E+2	6.7012179E+1	6.0613649E+1	0.0000000E+0	0.0000000E+0	1.0000000E+2	0.0000000E+0
1.3395400E+2	6.7004449E+1	6.0602748E+1	0.0000000E+0	0.0000000E+0	1.0000000E+2	0.0000000E+0
1.3400400E+2	6.7013265E+1	6.0607162E+1	0.0000000E+0	0.0000000E+0	1.0000000E+2	0.0000000E+0
1.3405400E+2	6.7006784E+1	6.0620334E+1	0.0000000E+0	0.0000000E+0	1.0000000E+2	0.0000000E+0
1.3410400E+2	6.7010456E+1	6.0614444E+1	0.0000000E+0	0.0000000E+0	1.0000000E+2	0.0000000E+0
1.3415400E+2	6.7028212E+1	6.0615752E+1	0.0000000E+0	0.0000000E+0	1.0000000E+2	0.0000000E+0
1.3420400E+2	6.7018958E+1	6.0611022E+1	0.0000000E+0	0.0000000E+0	1.0000000E+2	0.0000000E+0
1.3425400E+2	6.7000518E+1	6.0598859E+1	0.0000000E+0	0.0000000E+0	1.0000000E+2	0.0000000E+0
1.3430400E+2	6.7005139E+1	6.0603951E+1	0.0000000E+0	0.0000000E+0	1.0000000E+2	0.0000000E+0
1.3435400E+2	6.6993829E+1	6.0589887E+1	0.0000000E+0	0.0000000E+0	1.0000000E+2	0.0000000E+0
1.3440500E+2	6.6970605E+1	6.0563163E+1	0.0000000E+0	0.0000000E+0	1.0000000E+2	0.0000000E+0
1.3445600E+2	6.6963552E+1	6.0565594E+1	0.0000000E+0	0.0000000E+0	1.0000000E+2	0.0000000E+0
1.3450700E+2	6.7003053E+1	6.0586918E+1	0.0000000E+0	0.0000000E+0	1.0000000E+2	0.0000000E+0
1.3455700E+2	6.7029647E+1	6.0586019E+1	0.0000000E+0	0.0000000E+0	1.0000000E+2	0.0000000E+0
1.3460700E+2	6.7046843E+1	6.0591141E+1	0.0000000E+0	0.0000000E+0	1.0000000E+2	0.0000000E+0
1.3465800E+2	6.7071998E+1	6.0616690E+1	0.0000000E+0	0.0000000E+0	1.0000000E+2	0.0000000E+0
1.3470900E+2	6.7088998E+1	6.0614574E+1	0.0000000E+0	0.0000000E+0	1.0000000E+2	0.0000000E+0
1.3475900E+2	6.7089993E+1	6.0608782E+1	0.0000000E+0	0.0000000E+0	1.0000000E+2	0.0000000E+0
1.3480900E+2	6.7088597E+1	6.0600018E+1	0.0000000E+0	0.0000000E+0	1.0000000E+2	0.0000000E+0
1.3485900E+2	6.7105524E+1	6.0612182E+1	0.0000000E+0	0.0000000E+0	1.0000000E+2	0.0000000E+0
1.3490900E+2	6.7106910E+1	6.0623395E+1	0.0000000E+0	0.0000000E+0	1.0000000E+2	0.0000000E+0
1.3496000E+2	6.7103849E+1	6.0599477E+1	0.0000000E+0	0.0000000E+0	1.0000000E+2	0.0000000E+0
1.3501000E+2	6.7119711E+1	6.0613047E+1	0.0000000E+0	0.0000000E+0	1.0000000E+2	0.0000000E+0
1.3506000E+2	6.7126515E+1	6.0610643E+1	0.0000000E+0	0.0000000E+0	1.0000000E+2	0.0000000E+0
1.3511000E+2	6.7120223E+1	6.0609904E+1	0.0000000E+0	0.0000000E+0	1.0000000E+2	0.0000000E+0
1.3516000E+2	6.7071928E+1	6.0607714E+1	0.0000000E+0	0.0000000E+0	1.0000000E+2	0.0000000E+0
1.3521000E+2	6.7072272E+1	6.0618116E+1	0.0000000E+0	0.0000000E+0	1.0000000E+2	0.0000000E+0
1.3526000E+2	6.7056505E+1	6.0618962E+1	0.0000000E+0	0.0000000E+0	1.0000000E+2	0.0000000E+0
1.3531000E+2	6.7030152E+1	6.0617715E+1	0.0000000E+0	0.0000000E+0	1.0000000E+2	0.0000000E+0
1.3536000E+2	6.7021145E+1	6.0619085E+1	0.0000000E+0	0.0000000E+0	1.0000000E+2	0.0000000E+0
1.3541000E+2	6.7000350E+1	6.0619315E+1	0.0000000E+0	0.0000000E+0	1.0000000E+2	0.0000000E+0
1.3546000E+2	6.6995990E+1	6.0629863E+1	0.0000000E+0	0.0000000E+0	1.0000000E+2	0.0000000E+0
1.3551000E+2	6.6984106E+1	6.0636650E+1	0.0000000E+0	0.0000000E+0	1.0000000E+2	0.0000000E+0
1.3556000E+2	6.6971207E+1	6.0632431E+1	0.0000000E+0	0.0000000E+0	1.0000000E+2	0.0000000E+0
1.3561000E+2	6.6965798E+1	6.0624568E+1	0.0000000E+0	0.0000000E+0	1.0000000E+2	0.0000000E+0
1.3566000E+2	6.6973796E+1	6.0637673E+1	0.0000000E+0	0.0000000E+0	1.0000000E+2	0.0000000E+0
1.3571100E+2	6.6967948E+1	6.0639965E+1	0.0000000E+0	0.0000000E+0	1.0000000E+2	0.0000000E+0
1.3576100E+2	6.6975713E+1	6.0645977E+1	0.0000000E+0	0.0000000E+0	1.0000000E+2	0.0000000E+0
1.3581100E+2	6.6991931E+1	6.0629094E+1	0.0000000E+0	0.0000000E+0	1.0000000E+2	0.0000000E+0
1.3586100E+2	6.6992322E+1	6.0631140E+1	0.0000000E+0	0.0000000E+0	1.0000000E+2	0.0000000E+0
1.3591100E+2	6.6992765E+1	6.0633597E+1	0.0000000E+0	0.0000000E+0	1.0000000E+2	0.0000000E+0
1.3596100E+2	6.6976105E+1	6.0613890E+1	0.0000000E+0	0.0000000E+0	1.0000000E+2	0.0000000E+0
1.3601100E+2	6.6962031E+1	6.0624759E+1	0.0000000E+0	0.0000000E+0	1.0000000E+2	0.0000000E+0
1.3606100E+2	6.7000614E+1	6.0632184E+1	0.0000000E+0	0.0000000E+0	1.0000000E+2	0.0000000E+0
1.3611100E+2	6.7028180E+1	6.0640436E+1	0.0000000E+0	0.0000000E+0	1.0000000E+2	0.0000000E+0
1.3616100E+2	6.7054562E+1	6.0642431E+1	0.0000000E+0	0.0000000E+0	1.0000000E+2	0.0000000E+0
1.3621100E+2	6.7063891E+1	6.0640627E+1	0.0000000E+0	0.0000000E+0	1.0000000E+2	0.0000000E+0
1.3626100E+2	6.7070569E+1	6.0632727E+1	0.0000000E+0	0.0000000E+0	1.0000000E+2	0.0000000E+0
1.3631100E+2	6.7095970E+1	6.0645067E+1	0.0000000E+0	0.0000000E+0	1.0000000E+2	0.0000000E+0
1.3636100E+2	6.7110998E+1	6.0651202E+1	0.0000000E+0	0.0000000E+0	1.0000000E+2	0.0000000E+0
1.3641100E+2	6.7123467E+1	6.0655970E+1	0.0000000E+0	0.0000000E+0	1.0000000E+2	0.0000000E+0
1.3646100E+2	6.7133749E+1	6.0660449E+1	0.0000000E+0	0.0000000E+0	1.0000000E+2	0.0000000E+0
1.3651200E+2	6.7131398E+1	6.0657496E+1	0.0000000E+0	0.0000000E+0	1.0000000E+2	0.0000000E+0
1.3656200E+2	6.7108594E+1	6.0661222E+1	0.0000000E+0	0.0000000E+0	1.0000000E+2	0.0000000E+0
1.3661300E+2	6.7113545E+1	6.0669841E+1	0.0000000E+0	0.0000000E+0	1.0000000E+2	0.0000000E+0
1.3666300E+2	6.7100569E+1	6.0661792E+1	0.0000000E+0	0.0000000E+0	1.0000000E+2	0.0000000E+0
1.3671300E+2	6.7090735E+1	6.0663250E+1	0.0000000E+0	0.0000000E+0	1.0000000E+2	0.0000000E+0
1.3676400E+2	6.7082751E+1	6.0676556E+1	0.0000000E+0	0.0000000E+0	1.0000000E+2	0.0000000E+0
1.3681500E+2	6.7050261E+1	6.0672187E+1	0.0000000E+0	0.0000000E+0	1.0000000E+2	0.0000000E+0
1.3686500E+2	6.7044252E+1	6.0661090E+1	0.0000000E+0	0.0000000E+0	1.0000000E+2	0.0000000E+0
1.3691500E+2	6.7013079E+1	6.0653629E+1	0.0000000E+0	0.0000000E+0	1.0000000E+2	0.0000000E+0
1.3696600E+2	6.6991786E+1	6.0646514E+1	0.0000000E+0	0.0000000E+0	1.0000000E+2	0.0000000E+0
1.3701600E+2	6.6979456E+1	6.0642415E+1	0.0000000E+0	0.0000000E+0	1.0000000E+2	0.0000000E+0
1.3706600E+2	6.6966390E+1	6.0641524E+1	0.0000000E+0	0.0000000E+0	1.0000000E+2	0.0000000E+0
1.3711600E+2	6.6927928E+1	6.0636418E+1	0.0000000E+0	0.0000000E+0	1.0000000E+2	0.0000000E+0
1.3716600E+2	6.6912221E+1	6.0645815E+1	0.0000000E+0	0.0000000E+0	1.0000000E+2	0.0000000E+0
1.3721600E+2	6.6909728E+1	6.0640572E+1	0.0000000E+0	0.0000000E+0	1.0000000E+2	0.0000000E+0
1.3726600E+2	6.6897428E+1	6.0623155E+1	0.0000000E+0	0.0000000E+0	1.0000000E+2	0.0000000E+0
1.3731600E+2	6.6876175E+1	6.0621600E+1	0.0000000E+0	0.0000000E+0	1.0000000E+2	0.0000000E+0
1.3736600E+2	6.6869520E+1	6.0620635E+1	0.0000000E+0	0.0000000E+0	1.0000000E+2	0.0000000E+0
1.3741600E+2	6.6880183E+1	6.0615194E+1	0.0000000E+0	0.0000000E+0	1.0000000E+2	0.0000000E+0
1.3746600E+2	6.6896438E+1	6.0628968E+1	0.0000000E+0	0.0000000E+0	1.0000000E+2	0.0000000E+0
1.3751600E+2	6.6905989E+1	6.0625741E+1	0.0000000E+0	0.0000000E+0	1.0000000E+2	0.0000000E+0
1.3756600E+2	6.6902603E+1	6.0631562E+1	0.0000000E+0	0.0000000E+0	1.0000000E+2	0.0000000E+0
1.3761600E+2	6.6888406E+1	6.0634414E+1	0.0000000E+0	0.0000000E+0	1.0000000E+2	0.0000000E+0
1.3766600E+2	6.6872355E+1	6.0624006E+1	0.0000000E+0	0.0000000E+0	1.0000000E+2	0.0000000E+0
1.3771600E+2	6.6880552E+1	6.0635485E+1	0.0000000E+0	0.0000000E+0	1.0000000E+2	0.0000000E+0
1.3776600E+2	6.6885938E+1	6.0633586E+1	0.0000000E+0	0.0000000E+0	1.0000000E+2	0.0000000E+0
1.3781600E+2	6.6883384E+1	6.0645528E+1	0.0000000E+0	0.0000000E+0	1.0000000E+2	0.0000000E+0
1.3786600E+2	6.6888022E+1	6.0633188E+1	0.0000000E+0	0.0000000E+0	1.0000000E+2	0.0000000E+0
1.3791600E+2	6.6896412E+1	6.0643806E+1	0.0000000E+0	0.0000000E+0	1.0000000E+2	0.0000000E+0
1.3796600E+2	6.6882429E+1	6.0631558E+1	0.0000000E+0	0.0000000E+0	1.0000000E+2	0.0000000E+0
1.3801600E+2	6.6903616E+1	6.0638743E+1	0.0000000E+0	0.0000000E+0	1.0000000E+2	0.0000000E+0
1.3806600E+2	6.6930030E+1	6.0642869E+1	0.0000000E+0	0.0000000E+0	1.0000000E+2	0.0000000E+0
1.3811600E+2	6.6944861E+1	6.0652879E+1	0.0000000E+0	0.0000000E+0	1.0000000E+2	0.0000000E+0
1.3816600E+2	6.6962791E+1	6.0662669E+1	0.0000000E+0	0.0000000E+0	1.0000000E+2	0.0000000E+0
1.3821600E+2	6.6981245E+1	6.0659550E+1	0.0000000E+0	0.0000000E+0	1.0000000E+2	0.0000000E+0
1.3826600E+2	6.6981266E+1	6.0655882E+1	0.0000000E+0	0.0000000E+0	1.0000000E+2	0.0000000E+0
1.3831600E+2	6.6960441E+1	6.0654786E+1	0.0000000E+0	0.0000000E+0	1.0000000E+2	0.0000000E+0
1.3836600E+2	6.6950532E+1	6.0646832E+1	0.0000000E+0	0.0000000E+0	1.0000000E+2	0.0000000E+0
1.3841600E+2	6.6943957E+1	6.0637714E+1	0.0000000E+0	0.0000000E+0	1.0000000E+2	0.0000000E+0
1.3846600E+2	6.6952921E+1	6.0639214E+1	0.0000000E+0	0.0000000E+0	1.0000000E+2	0.0000000E+0
1.3851600E+2	6.6962743E+1	6.0647743E+1	0.0000000E+0	0.0000000E+0	1.0000000E+2	0.0000000E+0
1.3856600E+2	6.6944601E+1	6.0655469E+1	0.0000000E+0	0.0000000E+0	1.0000000E+2	0.0000000E+0
1.3861600E+2	6.6880417E+1	6.0638462E+1	0.0000000E+0	0.0000000E+0	1.0000000E+2	0.0000000E+0
1.3866700E+2	6.6849075E+1	6.0649933E+1	0.0000000E+0	0.0000000E+0	1.0000000E+2	0.0000000E+0
1.3871700E+2	6.6857424E+1	6.0651369E+1	0.0000000E+0	0.0000000E+0	1.0000000E+2	0.0000000E+0
1.3876700E+2	6.6830625E+1	6.0651483E+1	0.0000000E+0	0.0000000E+0	1.0000000E+2	0.0000000E+0
1.3881800E+2	6.6805574E+1	6.0639450E+1	0.0000000E+0	0.0000000E+0	1.0000000E+2	0.0000000E+0
1.3886800E+2	6.6798847E+1	6.0638568E+1	0.0000000E+0	0.0000000E+0	1.0000000E+2	0.0000000E+0
1.3891800E+2	6.6809957E+1	6.0648192E+1	0.0000000E+0	0.0000000E+0	1.0000000E+2	0.0000000E+0
1.3896800E+2	6.6811622E+1	6.0651377E+1	0.0000000E+0	0.0000000E+0	1.0000000E+2	0.0000000E+0
1.3901900E+2	6.6807252E+1	6.0655067E+1	0.0000000E+0	0.0000000E+0	1.0000000E+2	0.0000000E+0
1.3907000E+2	6.6794587E+1	6.0656021E+1	0.0000000E+0	0.0000000E+0	1.0000000E+2	0.0000000E+0
1.3912000E+2	6.6800008E+1	6.0659730E+1	0.0000000E+0	0.0000000E+0	1.0000000E+2	0.0000000E+0
1.3917000E+2	6.6790933E+1	6.0644279E+1	0.0000000E+0	0.0000000E+0	1.0000000E+2	0.0000000E+0
1.3922000E+2	6.6795521E+1	6.0653123E+1	0.0000000E+0	0.0000000E+0	1.0000000E+2	0.0000000E+0
1.3927000E+2	6.6778138E+1	6.0645108E+1	0.0000000E+0	0.0000000E+0	1.0000000E+2	0.0000000E+0
1.3932000E+2	6.6775564E+1	6.0633393E+1	0.0000000E+0	0.0000000E+0	1.0000000E+2	0.0000000E+0
1.3937100E+2	6.6781308E+1	6.0641303E+1	0.0000000E+0	0.0000000E+0	1.0000000E+2	0.0000000E+0
1.3942200E+2	6.6763597E+1	6.0640180E+1	0.0000000E+0	0.0000000E+0	1.0000000E+2	0.0000000E+0
1.3947200E+2	6.6772043E+1	6.0635242E+1	0.0000000E+0	0.0000000E+0	1.0000000E+2	0.0000000E+0
1.3952200E+2	6.6794139E+1	6.0639818E+1	0.0000000E+0	0.0000000E+0	1.0000000E+2	0.0000000E+0
1.3957200E+2	6.6826600E+1	6.0658848E+1	0.0000000E+0	0.0000000E+0	1.0000000E+2	0.0000000E+0
1.3962200E+2	6.6822406E+1	6.0642596E+1	0.0000000E+0	0.0000000E+0	1.0000000E+2	0.0000000E+0
1.3967200E+2	6.6822283E+1	6.0634833E+1	0.0000000E+0	0.0000000E+0	1.0000000E+2	0.0000000E+0
1.3972300E+2	6.6839676E+1	6.0642180E+1	0.0000000E+0	0.0000000E+0	1.0000000E+2	0.0000000E+0
1.3977300E+2	6.6850685E+1	6.0647785E+1	0.0000000E+0	0.0000000E+0	1.0000000E+2	0.0000000E+0
1.3982300E+2	6.6837039E+1	6.0637711E+1	0.0000000E+0	0.0000000E+0	1.0000000E+2	0.0000000E+0
1.3987300E+2	6.6832723E+1	6.0644227E+1	0.0000000E+0	0.0000000E+0	1.0000000E+2	0.0000000E+0
1.3992400E+2	6.6848660E+1	6.0652909E+1	0.0000000E+0	0.0000000E+0	1.0000000E+2	0.0000000E+0
1.3997400E+2	6.6855047E+1	6.0640442E+1	0.0000000E+0	0.0000000E+0	1.0000000E+2	0.0000000E+0
1.4002400E+2	6.6885507E+1	6.0652357E+1	0.0000000E+0	0.0000000E+0	1.0000000E+2	0.0000000E+0
1.4007400E+2	6.6883472E+1	6.0643839E+1	0.0000000E+0	0.0000000E+0	1.0000000E+2	0.0000000E+0
1.4012400E+2	6.6873433E+1	6.0642644E+1	0.0000000E+0	0.0000000E+0	1.0000000E+2	0.0000000E+0
1.4017400E+2	6.6847143E+1	6.0638959E+1	0.0000000E+0	0.0000000E+0	1.0000000E+2	0.0000000E+0
1.4022400E+2	6.6822091E+1	6.0637819E+1	0.0000000E+0	0.0000000E+0	1.0000000E+2	0.0000000E+0
1.4027400E+2	6.6781199E+1	6.0630884E+1	0.0000000E+0	0.0000000E+0	1.0000000E+2	0.0000000E+0
1.4032400E+2	6.6770364E+1	6.0644219E+1	0.0000000E+0	0.0000000E+0	1.0000000E+2	0.0000000E+0
1.4037400E+2	6.6786027E+1	6.0647732E+1	0.0000000E+0	0.0000000E+0	1.0000000E+2	0.0000000E+0
1.4042400E+2	6.6766184E+1	6.0637386E+1	0.0000000E+0	0.0000000E+0	1.0000000E+2	0.0000000E+0
1.4047400E+2	6.6760477E+1	6.0633153E+1	0.0000000E+0	0.0000000E+0	1.0000000E+2	0.0000000E+0
1.4052400E+2	6.6741870E+1	6.0634555E+1	0.0000000E+0	0.0000000E+0	1.0000000E+2	0.0000000E+0
1.4057400E+2	6.6731797E+1	6.0642240E+1	0.0000000E+0	0.0000000E+0	1.0000000E+2	0.0000000E+0
1.4062400E+2	6.6733227E+1	6.0636405E+1	0.0000000E+0	0.0000000E+0	1.0000000E+2	0.0000000E+0
1.4067400E+2	6.6727906E+1	6.0641269E+1	0.0000000E+0	0.0000000E+0	1.0000000E+2	0.0000000E+0
1.4072400E+2	6.6737975E+1	6.0650292E+1	0.0000000E+0	0.0000000E+0	1.0000000E+2	0.0000000E+0
1.4077400E+2	6.6729428E+1	6.0634651E+1	0.0000000E+0	0.0000000E+0	1.0000000E+2	0.0000000E+0
1.4082500E+2	6.6742930E+1	6.0643217E+1	0.0000000E+0	0.0000000E+0	1.0000000E+2	0.0000000E+0
1.4087500E+2	6.6764031E+1	6.0649241E+1	0.0000000E+0	0.0000000E+0	1.0000000E+2	0.0000000E+0
1.4092500E+2	6.6769693E+1	6.0637545E+1	0.0000000E+0	0.0000000E+0	1.0000000E+2	0.0000000E+0
1.4097600E+2	6.6779764E+1	6.0626404E+1	0.0000000E+0	0.0000000E+0	1.0000000E+2	0.0000000E+0
1.4102600E+2	6.6812375E+1	6.0628761E+1	0.0000000E+0	0.0000000E+0	1.0000000E+2	0.0000000E+0
1.4107600E+2	6.6860274E+1	6.0637471E+1	0.0000000E+0	0.0000000E+0	1.0000000E+2	0.0000000E+0
1.4112600E+2	6.6878181E+1	6.0642118E+1	0.0000000E+0	0.0000000E+0	1.0000000E+2	0.0000000E+0
1.4117600E+2	6.6890471E+1	6.0641483E+1	0.0000000E+0	0.0000000E+0	1.0000000E+2	0.0000000E+0
1.4122600E+2	6.6918855E+1	6.0631491E+1	0.0000000E+0	0.0000000E+0	1.0000000E+2	0.0000000E+0
1.4127600E+2	6.6932502E+1	6.0627369E+1	0.0000000E+0	0.0000000E+0	1.0000000E+2	0.0000000E+0
1.4132600E+2	6.6967007E+1	6.0636702E+1	0.0000000E+0	0.0000000E+0	1.0000000E+2	0.0000000E+0
1.4137600E+2	6.6983612E+1	6.0643010E+1	0.0000000E+0	0.0000000E+0	1.0000000E+2	0.0000000E+0
1.4142600E+2	6.6993077E+1	6.0639365E+1	0.0000000E+0	0.0000000E+0	1.0000000E+2	0.0000000E+0
1.4147600E+2	6.7008905E+1	6.0637991E+1	0.0000000E+0	0.0000000E+0	1.0000000E+2	0.0000000E+0
1.4152600E+2	6.7013991E+1	6.0632083E+1	0.0000000E+0	0.0000000E+0	1.0000000E+2	0.0000000E+0
1.4157600E+2	6.6991176E+1	6.0632080E+1	0.0000000E+0	0.0000000E+0	1.0000000E+2	0.0000000E+0
1.4162600E+2	6.6992718E+1	6.0630109E+1	0.0000000E+0	0.0000000E+0	1.0000000E+2	0.0000000E+0
1.4167600E+2	6.6990811E+1	6.0636509E+1	0.0000000E+0	0.0000000E+0	1.0000000E+2	0.0000000E+0
1.4172600E+2	6.6971126E+1	6.0631528E+1	0.0000000E+0	0.0000000E+0	1.0000000E+2	0.0000000E+0
1.4177700E+2	6.6988740E+1	6.0645139E+1	0.0000000E+0	0.0000000E+0	1.0000000E+2	0.0000000E+0
1.4182700E+2	6.6977216E+1	6.0648160E+1	0.0000000E+0	0.0000000E+0	1.0000000E+2	0.0000000E+0
1.4187700E+2	6.6962513E+1	6.0656214E+1	0.0000000E+0	0.0000000E+0	1.0000000E+2	0.0000000E+0
1.4192700E+2	6.6974314E+1	6.0666828E+1	0.0000000E+0	0.0000000E+0	1.0000000E+2	0.0000000E+0
1.4197700E+2	6.6989083E+1	6.0654652E+1	0.0000000E+0	0.0000000E+0	1.0000000E+2	0.0000000E+0
1.4202700E+2	6.7011669E+1	6.0657337E+1	0.0000000E+0	0.0000000E+0	1.0000000E+2	0.0000000E+0
1.4207700E+2	6.7010408E+1	6.0650699E+1	0.0000000E+0	0.0000000E+0	1.0000000E+2	0.0000000E+0
1.4212700E+2	6.7020204E+1	6.0650270E+1	0.0000000E+0	0.0000000E+0	1.0000000E+2	0.0000000E+0
1.4217800E+2	6.7014646E+1	6.0648620E+1	0.0000000E+0	0.0000000E+0	1.0000000E+2	0.0000000E+0
1.4222800E+2	6.7008987E+1	6.0648554E+1	0.0000000E+0	0.0000000E+0	1.0000000E+2	0.0000000E+0
1.4227800E+2	6.6997400E+1	6.0638884E+1	0.0000000E+0	0.0000000E+0	1.0000000E+2	0.0000000E+0
1.4232800E+2	6.6997235E+1	6.0632038E+1	0.0000000E+0	0.0000000E+0	1.0000000E+2	0.0000000E+0
1.4237800E+2	6.7010143E+1	6.0633275E+1	0.0000000E+0	0.0000000E+0	1.0000000E+2	0.0000000E+0
1.4242800E+2	6.7021569E+1	6.0638292E+1	0.0000000E+0	0.0000000E+0	1.0000000E+2	0.0000000E+0
1.4247800E+2	6.7056022E+1	6.0648786E+1	0.0000000E+0	0.0000000E+0	1.0000000E+2	0.0000000E+0
1.4252800E+2	6.7098586E+1	6.0638052E+1	0.0000000E+0	0.0000000E+0	1.0000000E+2	0.0000000E+0
1.4257800E+2	6.7123192E+1	6.0649466E+1	0.0000000E+0	0.0000000E+0	1.0000000E+2	0.0000000E+0
1.4262800E+2	6.7147444E+1	6.0649395E+1	0.0000000E+0	0.0000000E+0	1.0000000E+2	0.0000000E+0
1.4267900E+2	6.7136263E+1	6.0650336E+1	0.0000000E+0	0.0000000E+0	1.0000000E+2	0.0000000E+0
1.4272900E+2	6.7132755E+1	6.0633857E+1	0.0000000E+0	0.0000000E+0	1.0000000E+2	0.0000000E+0
1.4277900E+2	6.7139151E+1	6.0630096E+1	0.0000000E+0	0.0000000E+0	1.0000000E+2	0.0000000E+0
1.4282900E+2	6.7127703E+1	6.0623787E+1	0.0000000E+0	0.0000000E+0	1.0000000E+2	0.0000000E+0
1.4287900E+2	6.7117142E+1	6.0626651E+1	0.0000000E+0	0.0000000E+0	1.0000000E+2	0.0000000E+0
1.4292900E+2	6.7143028E+1	6.0636435E+1	0.0000000E+0	0.0000000E+0	1.0000000E+2	0.0000000E+0
1.4297900E+2	6.7157539E+1	6.0640557E+1	0.0000000E+0	0.0000000E+0	1.0000000E+2	0.0000000E+0
1.4302900E+2	6.7166576E+1	6.0628472E+1	0.0000000E+0	0.0000000E+0	1.0000000E+2	0.0000000E+0
1.4307900E+2	6.7166946E+1	6.0617820E+1	0.0000000E+0	0.0000000E+0	1.0000000E+2	0.0000000E+0
1.4312900E+2	6.7197784E+1	6.0628594E+1	0.0000000E+0	0.0000000E+0	1.0000000E+2	0.0000000E+0
1.4317900E+2	6.7235666E+1	6.0647953E+1	0.0000000E+0	0.0000000E+0	1.0000000E+2	0.0000000E+0
1.4323000E+2	6.7255494E+1	6.0644838E+1	0.0000000E+0	0.0000000E+0	1.0000000E+2	0.0000000E+0
1.4328000E+2	6.7269687E+1	6.0658422E+1	0.0000000E+0	0.0000000E+0	1.0000000E+2	0.0000000E+0
1.4333000E+2	6.7229532E+1	6.0643783E+1	0.0000000E+0	0.0000000E+0	1.0000000E+2	0.0000000E+0
1.4338000E+2	6.7200609E+1	6.0645143E+1	0.0000000E+0	0.0000000E+0	1.0000000E+2	0.0000000E+0
1.4343100E+2	6.7207153E+1	6.0648394E+1	0.0000000E+0	0.0000000E+0	1.0000000E+2	0.0000000E+0
1.4348200E+2	6.7212463E+1	6.0656525E+1	0.0000000E+0	0.0000000E+0	1.0000000E+2	0.0000000E+0
1.4353200E+2	6.7223923E+1	6.0657048E+1	0.0000000E+0	0.0000000E+0	1.0000000E+2	0.0000000E+0
1.4358200E+2	6.7199098E+1	6.0651724E+1	0.0000000E+0	0.0000000E+0	1.0000000E+2	0.0000000E+0
1.4363200E+2	6.7177913E+1	6.0661045E+1	0.0000000E+0	0.0000000E+0	1.0000000E+2	0.0000000E+0
1.4368200E+2	6.7150631E+1	6.0667783E+1	0.0000000E+0	0.0000000E+0	1.0000000E+2	0.0000000E+0
1.4373200E+2	6.7117260E+1	6.0658627E+1	0.0000000E+0	0.0000000E+0	1.0000000E+2	0.0000000E+0
1.4378200E+2	6.7084605E+1	6.0658042E+1	0.0000000E+0	0.0000000E+0	1.0000000E+2	0.0000000E+0
1.4383200E+2	6.7065849E+1	6.0653381E+1	0.0000000E+0	0.0000000E+0	1.0000000E+2	0.0000000E+0
1.4388200E+2	6.7034367E+1	6.0665404E+1	0.0000000E+0	0.0000000E+0	1.0000000E+2	0.0000000E+0
1.4393300E+2	6.7019727E+1	6.0660528E+1	0.0000000E+0	0.0000000E+0	1.0000000E+2	0.0000000E+0
1.4398400E+2	6.6999539E+1	6.0653429E+1	0.0000000E+0	0.0000000E+0	1.0000000E+2	0.0000000E+0
1.4403400E+2	6.6977547E+1	6.0648971E+1	0.0000000E+0	0.0000000E+0	1.0000000E+2	0.0000000E+0
1.4408400E+2	6.6946576E+1	6.0628056E+1	0.0000000E+0	0.0000000E+0	1.0000000E+2	0.0000000E+0
1.4413400E+2	6.6948940E+1	6.0640887E+1	0.0000000E+0	0.0000000E+0	1.0000000E+2	0.0000000E+0
1.4418400E+2	6.6955306E+1	6.0632257E+1	0.0000000E+0	0.0000000E+0	1.0000000E+2	0.0000000E+0
1.4423400E+2	6.6946047E+1	6.0651340E+1	0.0000000E+0	0.0000000E+0	1.0000000E+2	0.0000000E+0
1.4428400E+2	6.6957880E+1	6.0657874E+1	0.0000000E+0	0.0000000E+0	1.0000000E+2	0.0000000E+0
1.4433500E+2	6.6946488E+1	6.0660863E+1	0.0000000E+0	0.0000000E+0	1.0000000E+2	0.0000000E+0
1.4438500E+2	6.6969466E+1	6.0668314E+1	0.0000000E+0	0.0000000E+0	1.0000000E+2	0.0000000E+0
1.4443500E+2	6.6976670E+1	6.0667805E+1	0.0000000E+0	0.0000000E+0	1.0000000E+2	0.0000000E+0
1.4448500E+2	6.6983409E+1	6.0659526E+1	0.0000000E+0	0.0000000E+0	1.0000000E+2	0.0000000E+0
1.4453500E+2	6.7016874E+1	6.0665008E+1	0.0000000E+0	0.0000000E+0	1.0000000E+2	0.0000000E+0
1.4458500E+2	6.7028795E+1	6.0671024E+1	0.0000000E+0	0.0000000E+0	1.0000000E+2	0.0000000E+0
1.4463500E+2	6.7057644E+1	6.0682724E+1	0.0000000E+0	0.0000000E+0	1.0000000E+2	0.0000000E+0
1.4468500E+2	6.7081025E+1	6.0698487E+1	0.0000000E+0	0.0000000E+0	1.0000000E+2	0.0000000E+0
1.4473600E+2	6.7088514E+1	6.0690165E+1	0.0000000E+0	0.0000000E+0	1.0000000E+2	0.0000000E+0
1.4478600E+2	6.7072641E+1	6.0690749E+1	0.0000000E+0	0.0000000E+0	1.0000000E+2	0.0000000E+0
1.4483600E+2	6.7070049E+1	6.0691179E+1	0.0000000E+0	0.0000000E+0	1.0000000E+2	0.0000000E+0
1.4488600E+2	6.7044275E+1	6.0692888E+1	0.0000000E+0	0.0000000E+0	1.0000000E+2	0.0000000E+0
1.4493600E+2	6.7015241E+1	6.0702857E+1	0.0000000E+0	0.0000000E+0	1.0000000E+2	0.0000000E+0
1.4498700E+2	6.7004543E+1	6.0699043E+1	0.0000000E+0	0.0000000E+0	1.0000000E+2	0.0000000E+0
1.4503800E+2	6.6991097E+1	6.0689889E+1	0.0000000E+0	0.0000000E+0	1.0000000E+2	0.0000000E+0
1.4508900E+2	6.6980970E+1	6.0683581E+1	0.0000000E+0	0.0000000E+0	1.0000000E+2	0.0000000E+0
1.4513900E+2	6.6973585E+1	6.0683087E+1	0.0000000E+0	0.0000000E+0	1.0000000E+2	0.0000000E+0
1.4518900E+2	6.6979179E+1	6.0710788E+1	0.0000000E+0	0.0000000E+0	1.0000000E+2	0.0000000E+0
1.4523900E+2	6.6987035E+1	6.0690095E+1	0.0000000E+0	0.0000000E+0	1.0000000E+2	0.0000000E+0
1.4528900E+2	6.6969034E+1	6.0686403E+1	0.0000000E+0	0.0000000E+0	1.0000000E+2	0.0000000E+0
1.4534000E+2	6.6957040E+1	6.0682094E+1	0.0000000E+0	0.0000000E+0	1.0000000E+2	0.0000000E+0
1.4539000E+2	6.6962315E+1	6.0695631E+1	0.0000000E+0	0.0000000E+0	1.0000000E+2	0.0000000E+0
1.4544100E+2	6.6945654E+1	6.0677847E+1	0.0000000E+0	0.0000000E+0	1.0000000E+2	0.0000000E+0
1.4549100E+2	6.6940944E+1	6.0671483E+1	0.0000000E+0	0.0000000E+0	1.0000000E+2	0.0000000E+0
1.4554100E+2	6.6922731E+1	6.0666500E+1	0.0000000E+0	0.0000000E+0	1.0000000E+2	0.0000000E+0
1.4559100E+2	6.6921195E+1	6.0666047E+1	0.0000000E+0	0.0000000E+0	1.0000000E+2	0.0000000E+0
1.4564100E+2	6.6907943E+1	6.0672560E+1	0.0000000E+0	0.0000000E+0	1.0000000E+2	0.0000000E+0
1.4569100E+2	6.6872113E+1	6.0670991E+1	0.0000000E+0	0.0000000E+0	1.0000000E+2	0.0000000E+0
1.4574100E+2	6.6858982E+1	6.0681690E+1	0.0000000E+0	0.0000000E+0	1.0000000E+2	0.0000000E+0
1.4579200E+2	6.6875700E+1	6.0654696E+1	0.0000000E+0	0.0000000E+0	1.0000000E+2	0.0000000E+0
1.4584300E+2	6.6892274E+1	6.0666551E+1	0.0000000E+0	0.0000000E+0	1.0000000E+2	0.0000000E+0
1.4589400E+2	6.6915773E+1	6.0664045E+1	0.0000000E+0	0.0000000E+0	1.0000000E+2	0.0000000E+0
1.4594400E+2	6.6949062E+1	6.0669788E+1	0.0000000E+0	0.0000000E+0	1.0000000E+2	0.0000000E+0
1.4599400E+2	6.6965723E+1	6.0656819E+1	0.0000000E+0	0.0000000E+0	1.0000000E+2	0.0000000E+0
1.4604400E+2	6.6970084E+1	6.0666362E+1	0.0000000E+0	0.0000000E+0	1.0000000E+2	0.0000000E+0
1.4609400E+2	6.6982106E+1	6.0670802E+1	0.0000000E+0	0.0000000E+0	1.0000000E+2	0.0000000E+0
1.4614400E+2	6.7016145E+1	6.0670787E+1	0.0000000E+0	0.0000000E+0	1.0000000E+2	0.0000000E+0
1.4619400E+2	6.7020696E+1	6.0663849E+1	0.0000000E+0	0.0000000E+0	1.0000000E+2	0.0000000E+0
1.4624400E+2	6.7040563E+1	6.0662162E+1	0.0000000E+0	0.0000000E+0	1.0000000E+2	0.0000000E+0
1.4629500E+2	6.7065160E+1	6.0679871E+1	0.0000000E+0	0.0000000E+0	1.0000000E+2	0.0000000E+0
1.4634500E+2	6.7063905E+1	6.0664685E+1	0.0000000E+0	0.0000000E+0	1.0000000E+2	0.0000000E+0
1.4639500E+2	6.7087084E+1	6.0665715E+1	0.0000000E+0	0.0000000E+0	1.0000000E+2	0.0000000E+0
1.4644500E+2	6.7088515E+1	6.0659713E+1	0.0000000E+0	0.0000000E+0	1.0000000E+2	0.0000000E+0
1.4649500E+2	6.7076789E+1	6.0676040E+1	0.0000000E+0	0.0000000E+0	1.0000000E+2	0.0000000E+0
1.4654500E+2	6.7083686E+1	6.0691798E+1	0.0000000E+0	0.0000000E+0	1.0000000E+2	0.0000000E+0
1.4659500E+2	6.7098463E+1	6.0673707E+1	0.0000000E+0	0.0000000E+0	1.0000000E+2	0.0000000E+0
1.4664500E+2	6.7112779E+1	6.0673286E+1	0.0000000E+0	0.0000000E+0	1.0000000E+2	0.0000000E+0
1.4669500E+2	6.7132871E+1	6.0668053E+1	0.0000000E+0	0.0000000E+0	1.0000000E+2	0.0000000E+0
1.4674500E+2	6.7137924E+1	6.0664519E+1	0.0000000E+0	0.0000000E+0	1.0000000E+2	0.0000000E+0
1.4679500E+2	6.7149117E+1	6.0661766E+1	0.0000000E+0	0.0000000E+0	1.0000000E+2	0.0000000E+0
1.4684600E+2	6.7138501E+1	6.0656499E+1	0.0000000E+0	0.0000000E+0	1.0000000E+2	0.0000000E+0
1.4689600E+2	6.7111023E+1	6.0662313E+1	0.0000000E+0	0.0000000E+0	1.0000000E+2	0.0000000E+0
1.4694700E+2	6.7082119E+1	6.0657460E+1	0.0000000E+0	0.0000000E+0	1.0000000E+2	0.0000000E+0
1.4699800E+2	6.7071512E+1	6.0665820E+1	0.0000000E+0	0.0000000E+0	1.0000000E+2	0.0000000E+0
1.4704900E+2	6.7043804E+1	6.0644018E+1	0.0000000E+0	0.0000000E+0	1.0000000E+2	0.0000000E+0
1.4709900E+2	6.7051055E+1	6.0640655E+1	0.0000000E+0	0.0000000E+0	1.0000000E+2	0.0000000E+0
1.4715000E+2	6.7047224E+1	6.0669015E+1	0.0000000E+0	0.0000000E+0	1.0000000E+2	0.0000000E+0
1.4720000E+2	6.7034131E+1	6.0671571E+1	0.0000000E+0	0.0000000E+0	1.0000000E+2	0.0000000E+0
1.4725000E+2	6.7001727E+1	6.0655687E+1	0.0000000E+0	0.0000000E+0	1.0000000E+2	0.0000000E+0
1.4730000E+2	6.7032580E+1	6.0656284E+1	0.0000000E+0	0.0000000E+0	1.0000000E+2	0.0000000E+0
1.4735000E+2	6.7047811E+1	6.0654373E+1	0.0000000E+0	0.0000000E+0	1.0000000E+2	0.0000000E+0
1.4740100E+2	6.7041854E+1	6.0653955E+1	0.0000000E+0	0.0000000E+0	1.0000000E+2	0.0000000E+0
1.4745200E+2	6.7039379E+1	6.0661196E+1	0.0000000E+0	0.0000000E+0	1.0000000E+2	0.0000000E+0
1.4750200E+2	6.7012999E+1	6.0653851E+1	0.0000000E+0	0.0000000E+0	1.0000000E+2	0.0000000E+0
1.4755200E+2	6.7006920E+1	6.0665895E+1	0.0000000E+0	0.0000000E+0	1.0000000E+2	0.0000000E+0
1.4760200E+2	6.6956597E+1	6.0659798E+1	0.0000000E+0	0.0000000E+0	1.0000000E+2	0.0000000E+0
1.4765200E+2	6.6960570E+1	6.0653625E+1	0.0000000E+0	0.0000000E+0	1.0000000E+2	0.0000000E+0
1.4770200E+2	6.6948750E+1	6.0649474E+1	0.0000000E+0	0.0000000E+0	1.0000000E+2	0.0000000E+0
1.4775200E+2	6.6931069E+1	6.0636324E+1	0.0000000E+0	0.0000000E+0	1.0000000E+2	0.0000000E+0
1.4780200E+2	6.6940256E+1	6.0644575E+1	0.0000000E+0	0.0000000E+0	1.0000000E+2	0.0000000E+0
1.4785200E+2	6.6975588E+1	6.0658101E+1	0.0000000E+0	0.0000000E+0	1.0000000E+2	0.0000000E+0
1.4790300E+2	6.6968263E+1	6.0664585E+1	0.0000000E+0	0.0000000E+0	1.0000000E+2	0.0000000E+0
1.4795300E+2	6.6933888E+1	6.0644311E+1	0.0000000E+0	0.0000000E+0	1.0000000E+2	0.0000000E+0
1.4800300E+2	6.6942246E+1	6.0653725E+1	0.0000000E+0	0.0000000E+0	1.0000000E+2	0.0000000E+0
1.4805300E+2	6.6967081E+1	6.0659129E+1	0.0000000E+0	0.0000000E+0	1.0000000E+2	0.0000000E+0
1.4810300E+2	6.6956607E+1	6.0652771E+1	0.0000000E+0	0.0000000E+0	1.0000000E+2	0.0000000E+0
1.4815300E+2	6.6960736E+1	6.0646064E+1	0.0000000E+0	0.0000000E+0	1.0000000E+2	0.0000000E+0
1.4820300E+2	6.6962219E+1	6.0642693E+1	0.0000000E+0	0.0000000E+0	1.0000000E+2	0.0000000E+0
1.4825300E+2	6.6974184E+1	6.0659361E+1	0.0000000E+0	0.0000000E+0	1.0000000E+2	0.0000000E+0
1.4830300E+2	6.6968220E+1	6.0641865E+1	0.0000000E+0	0.0000000E+0	1.0000000E+2	0.0000000E+0
1.4835300E+2	6.6969627E+1	6.0670422E+1	0.0000000E+0	0.0000000E+0	1.0000000E+2	0.0000000E+0
1.4840300E+2	6.6957077E+1	6.0653985E+1	0.0000000E+0	0.0000000E+0	1.0000000E+2	0.0000000E+0
1.4845400E+2	6.6947969E+1	6.0640756E+1	0.0000000E+0	0.0000000E+0	1.0000000E+2	0.0000000E+0
1.4850500E+2	6.6930181E+1	6.0644160E+1	0.0000000E+0	0.0000000E+0	1.0000000E+2	0.0000000E+0
1.4855500E+2	6.6875920E+1	6.0626001E+1	0.0000000E+0	0.0000000E+0	1.0000000E+2	0.0000000E+0
1.4860500E+2	6.6872984E+1	6.0645570E+1	0.0000000E+0	0.0000000E+0	1.0000000E+2	0.0000000E+0
1.4865500E+2	6.6862372E+1	6.0643161E+1	0.0000000E+0	0.0000000E+0	1.0000000E+2	0.0000000E+0
1.4870500E+2	6.6881924E+1	6.0646459E+1	0.0000000E+0	0.0000000E+0	1.0000000E+2	0.0000000E+0
1.4875500E+2	6.6881467E+1	6.0649681E+1	0.0000000E+0	0.0000000E+0	1.0000000E+2	0.0000000E+0
1.4880500E+2	6.6898708E+1	6.0643621E+1	0.0000000E+0	0.0000000E+0	1.0000000E+2	0.0000000E+0
1.4885500E+2	6.6915790E+1	6.0663235E+1	0.0000000E+0	0.0000000E+0	1.0000000E+2	0.0000000E+0
1.4890500E+2	6.6917266E+1	6.0653667E+1	0.0000000E+0	0.0000000E+0	1.0000000E+2	0.0000000E+0
1.4895500E+2	6.6931107E+1	6.0661110E+1	0.0000000E+0	0.0000000E+0	1.0000000E+2	0.0000000E+0
1.4900500E+2	6.6954070E+1	6.0666954E+1	0.0000000E+0	0.0000000E+0	1.0000000E+2	0.0000000E+0
1.4905500E+2	6.6950606E+1	6.0668457E+1	0.0000000E+0	0.0000000E+0	1.0000000E+2	0.0000000E+0
1.4910500E+2	6.6950626E+1	6.0653649E+1	0.0000000E+0	0.0000000E+0	1.0000000E+2	0.0000000E+0
1.4915500E+2	6.6950564E+1	6.0651164E+1	0.0000000E+0	0.0000000E+0	1.0000000E+2	0.0000000E+0
1.4920500E+2	6.6954553E+1	6.0658795E+1	0.0000000E+0	0.0000000E+0	1.0000000E+2	0.0000000E+0
1.4925500E+2	6.6966795E+1	6.0641167E+1	0.0000000E+0	0.0000000E+0	1.0000000E+2	0.0000000E+0
1.4930500E+2	6.6980528E+1	6.0644586E+1	0.0000000E+0	0.0000000E+0	1.0000000E+2	0.0000000E+0
1.4935500E+2	6.7041709E+1	6.0662751E+1	0.0000000E+0	0.0000000E+0	1.0000000E+2	0.0000000E+0
1.4940500E+2	6.7063322E+1	6.0651631E+1	0.0000000E+0	0.0000000E+0	1.0000000E+2	0.0000000E+0
1.4945500E+2	6.7099425E+1	6.0643495E+1	0.0000000E+0	0.0000000E+0	1.0000000E+2	0.0000000E+0
1.4950500E+2	6.7117285E+1	6.0649989E+1	0.0000000E+0	0.0000000E+0	1.0000000E+2	0.0000000E+0
1.4955500E+2	6.7144747E+1	6.0654969E+1	0.0000000E+0	0.0000000E+0	1.0000000E+2	0.0000000E+0
1.4960600E+2	6.7142480E+1	6.0654727E+1	0.0000000E+0	0.0000000E+0	1.0000000E+2	0.0000000E+0
1.4965700E+2	6.7157936E+1	6.0645832E+1	0.0000000E+0	0.0000000E+0	1.0000000E+2	0.0000000E+0
1.4970700E+2	6.7175498E+1	6.0645044E+1	0.0000000E+0	0.0000000E+0	1.0000000E+2	0.0000000E+0
1.4975800E+2	6.7196471E+1	6.0655787E+1	0.0000000E+0	0.0000000E+0	1.0000000E+2	0.0000000E+0
1.4980900E+2	6.7181153E+1	6.0637519E+1	0.0000000E+0	0.0000000E+0	1.0000000E+2	0.0000000E+0
1.4985900E+2	6.7166377E+1	6.0655433E+1	0.0000000E+0	0.0000000E+0	1.0000000E+2	0.0000000E+0
1.4990900E+2	6.7176979E+1	6.0663514E+1	0.0000000E+0	0.0000000E+0	1.0000000E+2	0.0000000E+0
1.4995900E+2	6.7163405E+1	6.0653248E+1	0.0000000E+0	0.0000000E+0	1.0000000E+2	0.0000000E+0
1.5000900E+2	6.7128782E+1	6.0654877E+1	0.0000000E+0	0.0000000E+0	1.0000000E+2	0.0000000E+0
1.5005900E+2	6.7105388E+1	6.0654678E+1	0.0000000E+0	0.0000000E+0	1.0000000E+2	0.0000000E+0
1.5010900E+2	6.7102054E+1	6.0651190E+1	0.0000000E+0	0.0000000E+0	1.0000000E+2	0.0000000E+0
1.5015900E+2	6.7085679E+1	6.0659496E+1	0.0000000E+0	0.0000000E+0	1.0000000E+2	0.0000000E+0
1.5020900E+2	6.7073211E+1	6.0657889E+1	0.0000000E+0	0.0000000E+0	1.0000000E+2	0.0000000E+0
1.5025900E+2	6.7077255E+1	6.0659413E+1	0.0000000E+0	0.0000000E+0	1.0000000E+2	0.0000000E+0
1.5030900E+2	6.7043114E+1	6.0649320E+1	0.0000000E+0	0.0000000E+0	1.0000000E+2	0.0000000E+0
1.5035900E+2	6.7057060E+1	6.0651458E+1	0.0000000E+0	0.0000000E+0	1.0000000E+2	0.0000000E+0
1.5040900E+2	6.7052897E+1	6.0657915E+1	0.0000000E+0	0.0000000E+0	1.0000000E+2	0.0000000E+0
1.5045900E+2	6.7070041E+1	6.0669278E+1	0.0000000E+0	0.0000000E+0	1.0000000E+2	0.0000000E+0
1.5050900E+2	6.7068869E+1	6.0664420E+1	0.0000000E+0	0.0000000E+0	1.0000000E+2	0.0000000E+0
1.5055900E+2	6.7075942E+1	6.0657722E+1	0.0000000E+0	0.0000000E+0	1.0000000E+2	0.0000000E+0
1.5060900E+2	6.7067474E+1	6.0655153E+1	0.0000000E+0	0.0000000E+0	1.0000000E+2	0.0000000E+0
1.5065900E+2	6.7088127E+1	6.0664534E+1	0.0000000E+0	0.0000000E+0	1.0000000E+2	0.0000000E+0
1.5070900E+2	6.7091457E+1	6.0656390E+1	0.0000000E+0	0.0000000E+0	1.0000000E+2	0.0000000E+0
1.5075900E+2	6.7103534E+1	6.0661911E+1	0.0000000E+0	0.0000000E+0	1.0000000E+2	0.0000000E+0
1.5080900E+2	6.7096539E+1	6.0675471E+1	0.0000000E+0	0.0000000E+0	1.0000000E+2	0.0000000E+0
1.5085900E+2	6.7096491E+1	6.0655087E+1	0.0000000E+0	0.0000000E+0	1.0000000E+2	0.0000000E+0
1.5090900E+2	6.7145618E+1	6.0660153E+1	0.0000000E+0	0.0000000E+0	1.0000000E+2	0.0000000E+0
1.5095900E+2	6.7157981E+1	6.0661234E+1	0.0000000E+0	0.0000000E+0	1.0000000E+2	0.0000000E+0
1.5100900E+2	6.7192032E+1	6.0653089E+1	0.0000000E+0	0.0000000E+0	1.0000000E+2	0.0000000E+0
1.5105900E+2	6.7220979E+1	6.0651671E+1	0.0000000E+0	0.0000000E+0	1.0000000E+2	0.0000000E+0
1.5110900E+2	6.7231132E+1	6.0648423E+1	0.0000000E+0	0.0000000E+0	1.0000000E+2	0.0000000E+0
1.5115900E+2	6.7271868E+1	6.0649047E+1	0.0000000E+0	0.0000000E+0	1.0000000E+2	0.0000000E+0
1.5120900E+2	6.7297672E+1	6.0665404E+1	0.0000000E+0	0.0000000E+0	1.0000000E+2	0.0000000E+0
1.5125900E+2	6.7293623E+1	6.0661960E+1	0.0000000E+0	0.0000000E+0	1.0000000E+2	0.0000000E+0
1.5130900E+2	6.7299884E+1	6.0656693E+1	0.0000000E+0	0.0000000E+0	1.0000000E+2	0.0000000E+0
1.5135900E+2	6.7295288E+1	6.0656566E+1	0.0000000E+0	0.0000000E+0	1.0000000E+2	0.0000000E+0
1.5140900E+2	6.7272453E+1	6.0660963E+1	0.0000000E+0	0.0000000E+0	1.0000000E+2	0.0000000E+0
1.5145900E+2	6.7245992E+1	6.0672159E+1	0.0000000E+0	0.0000000E+0	1.0000000E+2	0.0000000E+0
1.5150900E+2	6.7229625E+1	6.0669833E+1	0.0000000E+0	0.0000000E+0	1.0000000E+2	0.0000000E+0
1.5155900E+2	6.7232315E+1	6.0653759E+1	0.0000000E+0	0.0000000E+0	1.0000000E+2	0.0000000E+0
1.5160900E+2	6.7261388E+1	6.0660952E+1	0.0000000E+0	0.0000000E+0	1.0000000E+2	0.0000000E+0
1.5165900E+2	6.7277215E+1	6.0653474E+1	0.0000000E+0	0.0000000E+0	1.0000000E+2	0.0000000E+0
1.5170900E+2	6.7279834E+1	6.0671124E+1	0.0000000E+0	0.0000000E+0	1.0000000E+2	0.0000000E+0
1.5175900E+2	6.7281293E+1	6.0669510E+1	0.0000000E+0	0.0000000E+0	1.0000000E+2	0.0000000E+0
1.5181000E+2	6.7255726E+1	6.0654599E+1	0.0000000E+0	0.0000000E+0	1.0000000E+2	0.0000000E+0
1.5186100E+2	6.7229752E+1	6.0638064E+1	0.0000000E+0	0.0000000E+0	1.0000000E+2	0.0000000E+0
1.5191200E+2	6.7246243E+1	6.0654588E+1	0.0000000E+0	0.0000000E+0	1.0000000E+2	0.0000000E+0
1.5196200E+2	6.7256647E+1	6.0660615E+1	0.0000000E+0	0.0000000E+0	1.0000000E+2	0.0000000E+0
1.5201200E+2	6.7280638E+1	6.0662422E+1	0.0000000E+0	0.0000000E+0	1.0000000E+2	0.0000000E+0
1.5206200E+2	6.7266522E+1	6.0669585E+1	0.0000000E+0	0.0000000E+0	1.0000000E+2	0.0000000E+0
1.5211200E+2	6.7314327E+1	6.0679678E+1	0.0000000E+0	0.0000000E+0	1.0000000E+2	0.0000000E+0
1.5216300E+2	6.7288593E+1	6.0676323E+1	0.0000000E+0	0.0000000E+0	1.0000000E+2	0.0000000E+0
1.5221300E+2	6.7279022E+1	6.0668583E+1	0.0000000E+0	0.0000000E+0	1.0000000E+2	0.0000000E+0
1.5226400E+2	6.7268022E+1	6.0679120E+1	0.0000000E+0	0.0000000E+0	1.0000000E+2	0.0000000E+0
1.5231400E+2	6.7284805E+1	6.0666421E+1	0.0000000E+0	0.0000000E+0	1.0000000E+2	0.0000000E+0
1.5236400E+2	6.7309722E+1	6.0682410E+1	0.0000000E+0	0.0000000E+0	1.0000000E+2	0.0000000E+0
1.5241400E+2	6.7318581E+1	6.0686883E+1	0.0000000E+0	0.0000000E+0	1.0000000E+2	0.0000000E+0
1.5246400E+2	6.7329832E+1	6.0692108E+1	0.0000000E+0	0.0000000E+0	1.0000000E+2	0.0000000E+0
1.5251500E+2	6.7344789E+1	6.0687242E+1	0.0000000E+0	0.0000000E+0	1.0000000E+2	0.0000000E+0
1.5256500E+2	6.7353812E+1	6.0696570E+1	0.0000000E+0	0.0000000E+0	1.0000000E+2	0.0000000E+0
1.5261500E+2	6.7337378E+1	6.0687058E+1	0.0000000E+0	0.0000000E+0	1.0000000E+2	0.0000000E+0
1.5266500E+2	6.7309908E+1	6.0678954E+1	0.0000000E+0	0.0000000E+0	1.0000000E+2	0.0000000E+0
1.5271500E+2	6.7295286E+1	6.0675002E+1	0.0000000E+0	0.0000000E+0	1.0000000E+2	0.0000000E+0
1.5276500E+2	6.7282969E+1	6.0665408E+1	0.0000000E+0	0.0000000E+0	1.0000000E+2	0.0000000E+0
1.5281500E+2	6.7282708E+1	6.0675265E+1	0.0000000E+0	0.0000000E+0	1.0000000E+2	0.0000000E+0
1.5286500E+2	6.7266379E+1	6.0674789E+1	0.0000000E+0	0.0000000E+0	1.0000000E+2	0.0000000E+0
1.5291500E+2	6.7263053E+1	6.0683020E+1	0.0000000E+0	0.0000000E+0	1.0000000E+2	0.0000000E+0
1.5296500E+2	6.7285806E+1	6.0694291E+1	0.0000000E+0	0.0000000E+0	1.0000000E+2	0.0000000E+0
1.5301500E+2	6.7278648E+1	6.0689633E+1	0.0000000E+0	0.0000000E+0	1.0000000E+2	0.0000000E+0
1.5306500E+2	6.7275789E+1	6.0687047E+1	0.0000000E+0	0.0000000E+0	1.0000000E+2	0.0000000E+0
1.5311500E+2	6.7269767E+1	6.0671609E+1	0.0000000E+0	0.0000000E+0	1.0000000E+2	0.0000000E+0
1.5316500E+2	6.7273088E+1	6.0681783E+1	0.0000000E+0	0.0000000E+0	1.0000000E+2	0.0000000E+0
1.5321500E+2	6.7224197E+1	6.0656083E+1	0.0000000E+0	0.0000000E+0	1.0000000E+2	0.0000000E+0
1.5326500E+2	6.7185819E+1	6.0652534E+1	0.0000000E+0	0.0000000E+0	1.0000000E+2	0.0000000E+0
1.5331500E+2	6.7165404E+1	6.0660804E+1	0.0000000E+0	0.0000000E+0	1.0000000E+2	0.0000000E+0
1.5336500E+2	6.7120057E+1	6.0652849E+1	0.0000000E+0	0.0000000E+0	1.0000000E+2	0.0000000E+0
1.5341500E+2	6.7098418E+1	6.0649744E+1	0.0000000E+0	0.0000000E+0	1.0000000E+2	0.0000000E+0
1.5346500E+2	6.7087295E+1	6.0645312E+1	0.0000000E+0	0.0000000E+0	1.0000000E+2	0.0000000E+0
1.5351500E+2	6.7086431E+1	6.0670736E+1	0.0000000E+0	0.0000000E+0	1.0000000E+2	0.0000000E+0
1.5356500E+2	6.7082963E+1	6.0677550E+1	0.0000000E+0	0.0000000E+0	1.0000000E+2	0.0000000E+0
1.5361500E+2	6.7078974E+1	6.0665341E+1	0.0000000E+0	0.0000000E+0	1.0000000E+2	0.0000000E+0
1.5366500E+2	6.7066306E+1	6.0659702E+1	0.0000000E+0	0.0000000E+0	1.0000000E+2	0.0000000E+0
1.5371500E+2	6.7035763E+1	6.0659716E+1	0.0000000E+0	0.0000000E+0	1.0000000E+2	0.0000000E+0
1.5376500E+2	6.7024747E+1	6.0657718E+1	0.0000000E+0	0.0000000E+0	1.0000000E+2	0.0000000E+0
1.5381500E+2	6.7015000E+1	6.0657967E+1	0.0000000E+0	0.0000000E+0	1.0000000E+2	0.0000000E+0
1.5386500E+2	6.7047122E+1	6.0650610E+1	0.0000000E+0	0.0000000E+0	1.0000000E+2	0.0000000E+0
1.5391500E+2	6.7048053E+1	6.0646125E+1	0.0000000E+0	0.0000000E+0	1.0000000E+2	0.0000000E+0
1.5396500E+2	6.7077687E+1	6.0641227E+1	0.0000000E+0	0.0000000E+0	1.0000000E+2	0.0000000E+0
1.5401600E+2	6.7116497E+1	6.0650322E+1	0.0000000E+0	0.0000000E+0	1.0000000E+2	0.0000000E+0
1.5406600E+2	6.7140074E+1	6.0666577E+1	0.0000000E+0	0.0000000E+0	1.0000000E+2	0.0000000E+0
1.5411600E+2	6.7157894E+1	6.0668046E+1	0.0000000E+0	0.0000000E+0	1.0000000E+2	0.0000000E+0
1.5416700E+2	6.7167339E+1	6.0673178E+1	0.0000000E+0	0.0000000E+0	1.0000000E+2	0.0000000E+0
1.5421700E+2	6.7169649E+1	6.0669481E+1	0.0000000E+0	0.0000000E+0	1.0000000E+2	0.0000000E+0
1.5426700E+2	6.7174752E+1	6.0673773E+1	0.0000000E+0	0.0000000E+0	1.0000000E+2	0.0000000E+0
1.5431700E+2	6.7166413E+1	6.0677319E+1	0.0000000E+0	0.0000000E+0	1.0000000E+2	0.0000000E+0
1.5436700E+2	6.7174827E+1	6.0671020E+1	0.0000000E+0	0.0000000E+0	1.0000000E+2	0.0000000E+0
1.5441700E+2	6.7164280E+1	6.0669233E+1	0.0000000E+0	0.0000000E+0	1.0000000E+2	0.0000000E+0
1.5446700E+2	6.7160813E+1	6.0648290E+1	0.0000000E+0	0.0000000E+0	1.0000000E+2	0.0000000E+0
1.5451700E+2	6.7184188E+1	6.0686983E+1	0.0000000E+0	0.0000000E+0	1.0000000E+2	0.0000000E+0
1.5456700E+2	6.7188040E+1	6.0676630E+1	0.0000000E+0	0.0000000E+0	1.0000000E+2	0.0000000E+0
1.5461800E+2	6.7169715E+1	6.0664370E+1	0.0000000E+0	0.0000000E+0	1.0000000E+2	0.0000000E+0
1.5466900E+2	6.7170353E+1	6.0667297E+1	0.0000000E+0	0.0000000E+0	1.0000000E+2	0.0000000E+0
1.5471900E+2	6.7164149E+1	6.0662048E+1	0.0000000E+0	0.0000000E+0	1.0000000E+2	0.0000000E+0
1.5476900E+2	6.7155751E+1	6.0666690E+1	0.0000000E+0	0.0000000E+0	1.0000000E+2	0.0000000E+0
1.5481900E+2	6.7124195E+1	6.0668349E+1	0.0000000E+0	0.0000000E+0	1.0000000E+2	0.0000000E+0
1.5486900E+2	6.7102970E+1	6.0676804E+1	0.0000000E+0	0.0000000E+0	1.0000000E+2	0.0000000E+0
1.5491900E+2	6.7078182E+1	6.0667720E+1	0.0000000E+0	0.0000000E+0	1.0000000E+2	0.0000000E+0
1.5496900E+2	6.7055836E+1	6.0663145E+1	0.0000000E+0	0.0000000E+0	1.0000000E+2	0.0000000E+0
1.5501900E+2	6.7009411E+1	6.0646397E+1	0.0000000E+0	0.0000000E+0	1.0000000E+2	0.0000000E+0
1.5506900E+2	6.6987949E+1	6.0646391E+1	0.0000000E+0	0.0000000E+0	1.0000000E+2	0.0000000E+0
1.5511900E+2	6.6994586E+1	6.0654520E+1	0.0000000E+0	0.0000000E+0	1.0000000E+2	0.0000000E+0
1.5517000E+2	6.7024549E+1	6.0664318E+1	0.0000000E+0	0.0000000E+0	1.0000000E+2	0.0000000E+0
1.5522000E+2	6.7018366E+1	6.0649160E+1	0.0000000E+0	0.0000000E+0	1.0000000E+2	0.0000000E+0
1.5527000E+2	6.7019240E+1	6.0662895E+1	0.0000000E+0	0.0000000E+0	1.0000000E+2	0.0000000E+0
1.5532000E+2	6.7014100E+1	6.0674260E+1	0.0000000E+0	0.0000000E+0	1.0000000E+2	0.0000000E+0
1.5537000E+2	6.6985833E+1	6.0667220E+1	0.0000000E+0	0.0000000E+0	1.0000000E+2	0.0000000E+0
1.5542000E+2	6.6973709E+1	6.0651471E+1	0.0000000E+0	0.0000000E+0	1.0000000E+2	0.0000000E+0
1.5547000E+2	6.6980987E+1	6.0651971E+1	0.0000000E+0	0.0000000E+0	1.0000000E+2	0.0000000E+0
1.5552000E+2	6.7014748E+1	6.0657383E+1	0.0000000E+0	0.0000000E+0	1.0000000E+2	0.0000000E+0
1.5557000E+2	6.7033587E+1	6.0670391E+1	0.0000000E+0	0.0000000E+0	1.0000000E+2	0.0000000E+0
1.5562100E+2	6.7029737E+1	6.0649875E+1	0.0000000E+0	0.0000000E+0	1.0000000E+2	0.0000000E+0
1.5567100E+2	6.7028877E+1	6.0654707E+1	0.0000000E+0	0.0000000E+0	1.0000000E+2	0.0000000E+0
1.5572100E+2	6.7053376E+1	6.0648713E+1	0.0000000E+0	0.0000000E+0	1.0000000E+2	0.0000000E+0
1.5577100E+2	6.7048064E+1	6.0635395E+1	0.0000000E+0	0.0000000E+0	1.0000000E+2	0.0000000E+0
1.5582100E+2	6.7030171E+1	6.0634233E+1	0.0000000E+0	0.0000000E+0	1.0000000E+2	0.0000000E+0
1.5587200E+2	6.7031941E+1	6.0648691E+1	0.0000000E+0	0.0000000E+0	1.0000000E+2	0.0000000E+0
1.5592200E+2	6.7005083E+1	6.0634850E+1	0.0000000E+0	0.0000000E+0	1.0000000E+2	0.0000000E+0
1.5597300E+2	6.6993637E+1	6.0633394E+1	0.0000000E+0	0.0000000E+0	1.0000000E+2	0.0000000E+0
1.5602300E+2	6.6990737E+1	6.0641335E+1	0.0000000E+0	0.0000000E+0	1.0000000E+2	0.0000000E+0
1.5607400E+2	6.6995034E+1	6.0640313E+1	0.0000000E+0	0.0000000E+0	1.0000000E+2	0.0000000E+0
1.5612400E+2	6.6977720E+1	6.0627175E+1	0.0000000E+0	0.0000000E+0	1.0000000E+2	0.0000000E+0
1.5617400E+2	6.6989836E+1	6.0625916E+1	0.0000000E+0	0.0000000E+0	1.0000000E+2	0.0000000E+0
1.5622400E+2	6.6999352E+1	6.0639398E+1	0.0000000E+0	0.0000000E+0	1.0000000E+2	0.0000000E+0
1.5627400E+2	6.6989384E+1	6.0626684E+1	0.0000000E+0	0.0000000E+0	1.0000000E+2	0.0000000E+0
1.5632400E+2	6.6976968E+1	6.0640370E+1	0.0000000E+0	0.0000000E+0	1.0000000E+2	0.0000000E+0
1.5637400E+2	6.6955298E+1	6.0656945E+1	0.0000000E+0	0.0000000E+0	1.0000000E+2	0.0000000E+0
1.5642400E+2	6.6936965E+1	6.0640097E+1	0.0000000E+0	0.0000000E+0	1.0000000E+2	0.0000000E+0
1.5647400E+2	6.6938204E+1	6.0637716E+1	0.0000000E+0	0.0000000E+0	1.0000000E+2	0.0000000E+0
1.5652400E+2	6.6925754E+1	6.0628779E+1	0.0000000E+0	0.0000000E+0	1.0000000E+2	0.0000000E+0
1.5657400E+2	6.6919320E+1	6.0639931E+1	0.0000000E+0	0.0000000E+0	1.0000000E+2	0.0000000E+0
1.5662400E+2	6.6890735E+1	6.0627430E+1	0.0000000E+0	0.0000000E+0	1.0000000E+2	0.0000000E+0
1.5667400E+2	6.6907570E+1	6.0638059E+1	0.0000000E+0	0.0000000E+0	1.0000000E+2	0.0000000E+0
1.5672500E+2	6.6920206E+1	6.0642599E+1	0.0000000E+0	0.0000000E+0	1.0000000E+2	0.0000000E+0
1.5677500E+2	6.6929490E+1	6.0651759E+1	0.0000000E+0	0.0000000E+0	1.0000000E+2	0.0000000E+0
1.5682500E+2	6.6953110E+1	6.0652545E+1	0.0000000E+0	0.0000000E+0	1.0000000E+2	0.0000000E+0
1.5687500E+2	6.6965113E+1	6.0651171E+1	0.0000000E+0	0.0000000E+0	1.0000000E+2	0.0000000E+0
1.5692600E+2	6.6953966E+1	6.0651335E+1	0.0000000E+0	0.0000000E+0	1.0000000E+2	0.0000000E+0
1.5697600E+2	6.6947682E+1	6.0641408E+1	0.0000000E+0	0.0000000E+0	1.0000000E+2	0.0000000E+0
1.5702700E+2	6.6939776E+1	6.0642740E+1	0.0000000E+0	0.0000000E+0	1.0000000E+2	0.0000000E+0
1.5707700E+2	6.6972615E+1	6.0649712E+1	0.0000000E+0	0.0000000E+0	1.0000000E+2	0.0000000E+0
1.5712700E+2	6.6997921E+1	6.0650248E+1	0.0000000E+0	0.0000000E+0	1.0000000E+2	0.0000000E+0
1.5717700E+2	6.7043108E+1	6.0653311E+1	0.0000000E+0	0.0000000E+0	1.0000000E+2	0.0000000E+0
1.5722800E+2	6.7061208E+1	6.0649680E+1	0.0000000E+0	0.0000000E+0	1.0000000E+2	0.0000000E+0
1.5727800E+2	6.7084833E+1	6.0641578E+1	0.0000000E+0	0.0000000E+0	1.0000000E+2	0.0000000E+0
1.5732800E+2	6.7113913E+1	6.0648305E+1	0.0000000E+0	0.0000000E+0	1.0000000E+2	0.0000000E+0
1.5737800E+2	6.7116337E+1	6.0637752E+1	0.0000000E+0	0.0000000E+0	1.0000000E+2	0.0000000E+0
1.5742800E+2	6.7125560E+1	6.0630914E+1	0.0000000E+0	0.0000000E+0	1.0000000E+2	0.0000000E+0
1.5747800E+2	6.7132391E+1	6.0623267E+1	0.0000000E+0	0.0000000E+0	1.0000000E+2	0.0000000E+0
1.5752800E+2	6.7152278E+1	6.0644098E+1	0.0000000E+0	0.0000000E+0	1.0000000E+2	0.0000000E+0
1.5757800E+2	6.7163056E+1	6.0644449E+1	0.0000000E+0	0.0000000E+0	1.0000000E+2	0.0000000E+0
1.5762800E+2	6.7153487E+1	6.0637969E+1	0.0000000E+0	0.0000000E+0	1.0000000E+2	0.0000000E+0
1.5767800E+2	6.7139187E+1	6.0631985E+1	0.0000000E+0	0.0000000E+0	1.0000000E+2	0.0000000E+0
1.5772800E+2	6.7136606E+1	6.0642218E+1	0.0000000E+0	0.0000000E+0	1.0000000E+2	0.0000000E+0
1.5777800E+2	6.7104955E+1	6.0631030E+1	0.0000000E+0	0.0000000E+0	1.0000000E+2	0.0000000E+0
1.5782800E+2	6.7122260E+1	6.0651469E+1	0.0000000E+0	0.0000000E+0	1.0000000E+2	0.0000000E+0
1.5787800E+2	6.7116887E+1	6.0635499E+1	0.0000000E+0	0.0000000E+0	1.0000000E+2	0.0000000E+0
1.5792800E+2	6.7148591E+1	6.0644986E+1	0.0000000E+0	0.0000000E+0	1.0000000E+2	0.0000000E+0
1.5797900E+2	6.7133861E+1	6.0627643E+1	0.0000000E+0	0.0000000E+0	1.0000000E+2	0.0000000E+0
1.5802900E+2	6.7101924E+1	6.0623378E+1	0.0000000E+0	0.0000000E+0	1.0000000E+2	0.0000000E+0
1.5808000E+2	6.7123403E+1	6.0625891E+1	0.0000000E+0	0.0000000E+0	1.0000000E+2	0.0000000E+0
1.5813000E+2	6.7167655E+1	6.0651379E+1	0.0000000E+0	0.0000000E+0	1.0000000E+2	0.0000000E+0
1.5818100E+2	6.7145714E+1	6.0648938E+1	0.0000000E+0	0.0000000E+0	1.0000000E+2	0.0000000E+0
1.5823200E+2	6.7142035E+1	6.0656350E+1	0.0000000E+0	0.0000000E+0	1.0000000E+2	0.0000000E+0
1.5828200E+2	6.7156436E+1	6.0660980E+1	0.0000000E+0	0.0000000E+0	1.0000000E+2	0.0000000E+0
1.5833300E+2	6.7172134E+1	6.0652764E+1	0.0000000E+0	0.0000000E+0	1.0000000E+2	0.0000000E+0
1.5838400E+2	6.7173763E+1	6.0667479E+1	0.0000000E+0	0.0000000E+0	1.0000000E+2	0.0000000E+0
1.5843400E+2	6.7175911E+1	6.0671572E+1	0.0000000E+0	0.0000000E+0	1.0000000E+2	0.0000000E+0
1.5848400E+2	6.7193014E+1	6.0654625E+1	0.0000000E+0	0.0000000E+0	1.0000000E+2	0.0000000E+0
1.5853400E+2	6.7201796E+1	6.0671870E+1	0.0000000E+0	0.0000000E+0	1.0000000E+2	0.0000000E+0
1.5858400E+2	6.7161413E+1	6.0672380E+1	0.0000000E+0	0.0000000E+0	1.0000000E+2	0.0000000E+0
1.5863400E+2	6.7115481E+1	6.0668216E+1	0.0000000E+0	0.0000000E+0	1.0000000E+2	0.0000000E+0
1.5868400E+2	6.7131252E+1	6.0671295E+1	0.0000000E+0	0.0000000E+0	1.0000000E+2	0.0000000E+0
1.5873400E+2	6.7106394E+1	6.0661766E+1	0.0000000E+0	0.0000000E+0	1.0000000E+2	0.0000000E+0
1.5878400E+2	6.7085363E+1	6.0659450E+1	0.0000000E+0	0.0000000E+0	1.0000000E+2	0.0000000E+0
1.5883400E+2	6.7102431E+1	6.0660365E+1	0.0000000E+0	0.0000000E+0	1.0000000E+2	0.0000000E+0
1.5888400E+2	6.7093314E+1	6.0655173E+1	0.0000000E+0	0.0000000E+0	1.0000000E+2	0.0000000E+0
1.5893400E+2	6.7126405E+1	6.0672071E+1	0.0000000E+0	0.0000000E+0	1.0000000E+2	0.0000000E+0
1.5898500E+2	6.7113182E+1	6.0661185E+1	0.0000000E+0	0.0000000E+0	1.0000000E+2	0.0000000E+0
1.5903600E+2	6.7119238E+1	6.0654577E+1	0.0000000E+0	0.0000000E+0	1.0000000E+2	0.0000000E+0
1.5908700E+2	6.7124589E+1	6.0660988E+1	0.0000000E+0	0.0000000E+0	1.0000000E+2	0.0000000E+0
1.5913800E+2	6.7133115E+1	6.0669903E+1	0.0000000E+0	0.0000000E+0	1.0000000E+2	0.0000000E+0
1.5918800E+2	6.7174487E+1	6.0670341E+1	0.0000000E+0	0.0000000E+0	1.0000000E+2	0.0000000E+0
1.5923800E+2	6.7178313E+1	6.0668477E+1	0.0000000E+0	0.0000000E+0	1.0000000E+2	0.0000000E+0
1.5928800E+2	6.7163629E+1	6.0649234E+1	0.0000000E+0	0.0000000E+0	1.0000000E+2	0.0000000E+0
1.5933800E+2	6.7131799E+1	6.0650883E+1	0.0000000E+0	0.0000000E+0	1.0000000E+2	0.0000000E+0
1.5938900E+2	6.7130756E+1	6.0654936E+1	0.0000000E+0	0.0000000E+0	1.0000000E+2	0.0000000E+0
1.5944000E+2	6.7146581E+1	6.0653209E+1	0.0000000E+0	0.0000000E+0	1.0000000E+2	0.0000000E+0
1.5949000E+2	6.7158864E+1	6.0662381E+1	0.0000000E+0	0.0000000E+0	1.0000000E+2	0.0000000E+0
1.5954000E+2	6.7147203E+1	6.0654540E+1	0.0000000E+0	0.0000000E+0	1.0000000E+2	0.0000000E+0
1.5959000E+2	6.7176026E+1	6.0650636E+1	0.0000000E+0	0.0000000E+0	1.0000000E+2	0.0000000E+0
1.5964000E+2	6.7194606E+1	6.0667844E+1	0.0000000E+0	0.0000000E+0	1.0000000E+2	0.0000000E+0
1.5969000E+2	6.7199442E+1	6.0659994E+1	0.0000000E+0	0.0000000E+0	1.0000000E+2	0.0000000E+0
1.5974000E+2	6.7192907E+1	6.0662014E+1	0.0000000E+0	0.0000000E+0	1.0000000E+2	0.0000000E+0
1.5979000E+2	6.7197505E+1	6.0666464E+1	0.0000000E+0	0.0000000E+0	1.0000000E+2	0.0000000E+0
1.5984100E+2	6.7176112E+1	6.0664286E+1	0.0000000E+0	0.0000000E+0	1.0000000E+2	0.0000000E+0
1.5989100E+2	6.7178450E+1	6.0668548E+1	0.0000000E+0	0.0000000E+0	1.0000000E+2	0.0000000E+0
1.5994100E+2	6.7158301E+1	6.0655599E+1	0.0000000E+0	0.0000000E+0	1.0000000E+2	0.0000000E+0
1.5999200E+2	6.7171252E+1	6.0666438E+1	0.0000000E+0	0.0000000E+0	1.0000000E+2	0.0000000E+0
1.6004300E+2	6.7172041E+1	6.0666035E+1	0.0000000E+0	0.0000000E+0	1.0000000E+2	0.0000000E+0
1.6009400E+2	6.7191842E+1	6.0671790E+1	0.0000000E+0	0.0000000E+0	1.0000000E+2	0.0000000E+0
1.6014400E+2	6.7182312E+1	6.0674081E+1	0.0000000E+0	0.0000000E+0	1.0000000E+2	0.0000000E+0
1.6019500E+2	6.7137713E+1	6.0672151E+1	0.0000000E+0	0.0000000E+0	1.0000000E+2	0.0000000E+0
1.6024500E+2	6.7118903E+1	6.0667264E+1	0.0000000E+0	0.0000000E+0	1.0000000E+2	0.0000000E+0
1.6029500E+2	6.7114889E+1	6.0665178E+1	0.0000000E+0	0.0000000E+0	1.0000000E+2	0.0000000E+0
1.6034500E+2	6.7127821E+1	6.0656618E+1	0.0000000E+0	0.0000000E+0	1.0000000E+2	0.0000000E+0
1.6039500E+2	6.7124444E+1	6.0646895E+1	0.0000000E+0	0.0000000E+0	1.0000000E+2	0.0000000E+0
1.6044500E+2	6.7139545E+1	6.0660612E+1	0.0000000E+0	0.0000000E+0	1.0000000E+2	0.0000000E+0
1.6049500E+2	6.7139241E+1	6.0643609E+1	0.0000000E+0	0.0000000E+0	1.0000000E+2	0.0000000E+0
1.6054500E+2	6.7165370E+1	6.0642407E+1	0.0000000E+0	0.0000000E+0	1.0000000E+2	0.0000000E+0
1.6059500E+2	6.7190212E+1	6.0653074E+1	0.0000000E+0	0.0000000E+0	1.0000000E+2	0.0000000E+0
1.6064500E+2	6.7216729E+1	6.0672593E+1	0.0000000E+0	0.0000000E+0	1.0000000E+2	0.0000000E+0
1.6069600E+2	6.7201248E+1	6.0658503E+1	0.0000000E+0	0.0000000E+0	1.0000000E+2	0.0000000E+0
1.6074600E+2	6.7228502E+1	6.0658265E+1	0.0000000E+0	0.0000000E+0	1.0000000E+2	0.0000000E+0
1.6079600E+2	6.7235548E+1	6.0657300E+1	0.0000000E+0	0.0000000E+0	1.0000000E+2	0.0000000E+0
1.6084700E+2	6.7242914E+1	6.0660046E+1	0.0000000E+0	0.0000000E+0	1.0000000E+2	0.0000000E+0
1.6089700E+2	6.7239134E+1	6.0667004E+1	0.0000000E+0	0.0000000E+0	1.0000000E+2	0.0000000E+0
1.6094800E+2	6.7249564E+1	6.0657393E+1	0.0000000E+0	0.0000000E+0	1.0000000E+2	0.0000000E+0
1.6099800E+2	6.7283469E+1	6.0671533E+1	0.0000000E+0	0.0000000E+0	1.0000000E+2	0.0000000E+0
1.6104800E+2	6.7300834E+1	6.0655224E+1	0.0000000E+0	0.0000000E+0	1.0000000E+2	0.0000000E+0
1.6109800E+2	6.7278566E+1	6.0645139E+1	0.0000000E+0	0.0000000E+0	1.0000000E+2	0.0000000E+0
1.6114800E+2	6.7263640E+1	6.0649912E+1	0.0000000E+0	0.0000000E+0	1.0000000E+2	0.0000000E+0
1.6119800E+2	6.7248942E+1	6.0650218E+1	0.0000000E+0	0.0000000E+0	1.0000000E+2	0.0000000E+0
1.6124800E+2	6.7224636E+1	6.0640967E+1	0.0000000E+0	0.0000000E+0	1.0000000E+2	0.0000000E+0
1.6129800E+2	6.7203536E+1	6.0645645E+1	0.0000000E+0	0.0000000E+0	1.0000000E+2	0.0000000E+0
1.6134800E+2	6.7160233E+1	6.0638017E+1	0.0000000E+0	0.0000000E+0	1.0000000E+2	0.0000000E+0
1.6139800E+2	6.7136625E+1	6.0636013E+1	0.0000000E+0	0.0000000E+0	1.0000000E+2	0.0000000E+0
1.6144900E+2	6.7123335E+1	6.0646173E+1	0.0000000E+0	0.0000000E+0	1.0000000E+2	0.0000000E+0
1.6149900E+2	6.7113089E+1	6.0637095E+1	0.0000000E+0	0.0000000E+0	1.0000000E+2	0.0000000E+0
1.6154900E+2	6.7109991E+1	6.0641338E+1	0.0000000E+0	0.0000000E+0	1.0000000E+2	0.0000000E+0
1.6159900E+2	6.7090648E+1	6.0642453E+1	0.0000000E+0	0.0000000E+0	1.0000000E+2	0.0000000E+0
1.6165000E+2	6.7071699E+1	6.0650976E+1	0.0000000E+0	0.0000000E+0	1.0000000E+2	0.0000000E+0
1.6170000E+2	6.7081640E+1	6.0671507E+1	0.0000000E+0	0.0000000E+0	1.0000000E+2	0.0000000E+0
1.6175000E+2	6.7036350E+1	6.0638297E+1	0.0000000E+0	0.0000000E+0	1.0000000E+2	0.0000000E+0
1.6180000E+2	6.7027194E+1	6.0651980E+1	0.0000000E+0	0.0000000E+0	1.0000000E+2	0.0000000E+0
1.6185000E+2	6.7017283E+1	6.0663403E+1	0.0000000E+0	0.0000000E+0	1.0000000E+2	0.0000000E+0
1.6190100E+2	6.7003580E+1	6.0649445E+1	0.0000000E+0	0.0000000E+0	1.0000000E+2	0.0000000E+0
1.6195100E+2	6.6974337E+1	6.0650042E+1	0.0000000E+0	0.0000000E+0	1.0000000E+2	0.0000000E+0
1.6200100E+2	6.6981032E+1	6.0651066E+1	0.0000000E+0	0.0000000E+0	1.0000000E+2	0.0000000E+0
1.6205200E+2	6.6953438E+1	6.0648360E+1	0.0000000E+0	0.0000000E+0	1.0000000E+2	0.0000000E+0
1.6210200E+2	6.6961776E+1	6.0656116E+1	0.0000000E+0	0.0000000E+0	1.0000000E+2	0.0000000E+0
1.6215200E+2	6.6973935E+1	6.0648399E+1	0.0000000E+0	0.0000000E+0	1.0000000E+2	0.0000000E+0
1.6220200E+2	6.6988344E+1	6.0644068E+1	0.0000000E+0	0.0000000E+0	1.0000000E+2	0.0000000E+0
1.6225200E+2	6.6997310E+1	6.0634256E+1	0.0000000E+0	0.0000000E+0	1.0000000E+2	0.0000000E+0
1.6230200E+2	6.7011275E+1	6.0644486E+1	0.0000000E+0	0.0000000E+0	1.0000000E+2	0.0000000E+0
1.6235200E+2	6.7014716E+1	6.0654888E+1	0.0000000E+0	0.0000000E+0	1.0000000E+2	0.0000000E+0
1.6240200E+2	6.7015946E+1	6.0651763E+1	0.0000000E+0	0.0000000E+0	1.0000000E+2	0.0000000E+0
1.6245200E+2	6.7032622E+1	6.0674217E+1	0.0000000E+0	0.0000000E+0	1.0000000E+2	0.0000000E+0
1.6250200E+2	6.7043945E+1	6.0673596E+1	0.0000000E+0	0.0000000E+0	1.0000000E+2	0.0000000E+0
1.6255200E+2	6.7039528E+1	6.0665591E+1	0.0000000E+0	0.0000000E+0	1.0000000E+2	0.0000000E+0
1.6260200E+2	6.7070629E+1	6.0683825E+1	0.0000000E+0	0.0000000E+0	1.0000000E+2	0.0000000E+0
1.6265200E+2	6.7067642E+1	6.0674088E+1	0.0000000E+0	0.0000000E+0	1.0000000E+2	0.0000000E+0
1.6270200E+2	6.7066287E+1	6.0666084E+1	0.0000000E+0	0.0000000E+0	1.0000000E+2	0.0000000E+0
1.6275200E+2	6.7070711E+1	6.0670177E+1	0.0000000E+0	0.0000000E+0	1.0000000E+2	0.0000000E+0
1.6280200E+2	6.7076566E+1	6.0669124E+1	0.0000000E+0	0.0000000E+0	1.0000000E+2	0.0000000E+0
1.6285200E+2	6.7062763E+1	6.0677123E+1	0.0000000E+0	0.0000000E+0	1.0000000E+2	0.0000000E+0
1.6290200E+2	6.7041327E+1	6.0671036E+1	0.0000000E+0	0.0000000E+0	1.0000000E+2	0.0000000E+0
1.6295200E+2	6.7066830E+1	6.0683751E+1	0.0000000E+0	0.0000000E+0	1.0000000E+2	0.0000000E+0
1.6300200E+2	6.7048499E+1	6.0665711E+1	0.0000000E+0	0.0000000E+0	1.0000000E+2	0.0000000E+0
1.6305200E+2	6.7062885E+1	6.0682198E+1	0.0000000E+0	0.0000000E+0	1.0000000E+2	0.0000000E+0
1.6310200E+2	6.7056544E+1	6.0678696E+1	0.0000000E+0	0.0000000E+0	1.0000000E+2	0.0000000E+0
1.6315200E+2	6.7038189E+1	6.0679931E+1	0.0000000E+0	0.0000000E+0	1.0000000E+2	0.0000000E+0
1.6320300E+2	6.7020476E+1	6.0665126E+1	0.0000000E+0	0.0000000E+0	1.0000000E+2	0.0000000E+0
1.6325300E+2	6.7000914E+1	6.0661840E+1	0.0000000E+0	0.0000000E+0	1.0000000E+2	0.0000000E+0
1.6330300E+2	6.7001469E+1	6.0667603E+1	0.0000000E+0	0.0000000E+0	1.0000000E+2	0.0000000E+0
1.6335300E+2	6.6982767E+1	6.0657385E+1	0.0000000E+0	0.0000000E+0	1.0000000E+2	0.0000000E+0
1.6340300E+2	6.6972990E+1	6.0648155E+1	0.0000000E+0	0.0000000E+0	1.0000000E+2	0.0000000E+0
1.6345300E+2	6.6981356E+1	6.0640408E+1	0.0000000E+0	0.0000000E+0	1.0000000E+2	0.0000000E+0
1.6350300E+2	6.6976242E+1	6.0662223E+1	0.0000000E+0	0.0000000E+0	1.0000000E+2	0.0000000E+0
1.6355300E+2	6.6934987E+1	6.0656896E+1	0.0000000E+0	0.0000000E+0	1.0000000E+2	0.0000000E+0
1.6360300E+2	6.6927208E+1	6.0658669E+1	0.0000000E+0	0.0000000E+0	1.0000000E+2	0.0000000E+0
1.6365400E+2	6.6900742E+1	6.0661887E+1	0.0000000E+0	0.0000000E+0	1.0000000E+2	0.0000000E+0
1.6370400E+2	6.6872519E+1	6.0644905E+1	0.0000000E+0	0.0000000E+0	1.0000000E+2	0.0000000E+0
1.6375400E+2	6.6851301E+1	6.0641872E+1	0.0000000E+0	0.0000000E+0	1.0000000E+2	0.0000000E+0
1.6380400E+2	6.6862556E+1	6.0650845E+1	0.0000000E+0	0.0000000E+0	1.0000000E+2	0.0000000E+0
1.6385400E+2	6.6859217E+1	6.0657657E+1	0.0000000E+0	0.0000000E+0	1.0000000E+2	0.0000000E+0
1.6390400E+2	6.6866469E+1	6.0657478E+1	0.0000000E+0	0.0000000E+0	1.0000000E+2	0.0000000E+0
1.6395500E+2	6.6872660E+1	6.0654652E+1	0.0000000E+0	0.0000000E+0	1.0000000E+2	0.0000000E+0
1.6400500E+2	6.6888147E+1	6.0662356E+1	0.0000000E+0	0.0000000E+0	1.0000000E+2	0.0000000E+0
1.6405500E+2	6.6920585E+1	6.0674377E+1	0.0000000E+0	0.0000000E+0	1.0000000E+2	0.0000000E+0
1.6410500E+2	6.6934354E+1	6.0671797E+1	0.0000000E+0	0.0000000E+0	1.0000000E+2	0.0000000E+0
1.6415600E+2	6.6939999E+1	6.0658688E+1	0.0000000E+0	0.0000000E+0	1.0000000E+2	0.0000000E+0
1.6420600E+2	6.6948116E+1	6.0654628E+1	0.0000000E+0	0.0000000E+0	1.0000000E+2	0.0000000E+0
1.6425600E+2	6.6976342E+1	6.0685618E+1	0.0000000E+0	0.0000000E+0	1.0000000E+2	0.0000000E+0
1.6430600E+2	6.6993927E+1	6.0684731E+1	0.0000000E+0	0.0000000E+0	1.0000000E+2	0.0000000E+0
1.6435600E+2	6.6990526E+1	6.0673713E+1	0.0000000E+0	0.0000000E+0	1.0000000E+2	0.0000000E+0
1.6440600E+2	6.6998223E+1	6.0690299E+1	0.0000000E+0	0.0000000E+0	1.0000000E+2	0.0000000E+0
1.6445600E+2	6.7014329E+1	6.0684611E+1	0.0000000E+0	0.0000000E+0	1.0000000E+2	0.0000000E+0
1.6450600E+2	6.7046203E+1	6.0681015E+1	0.0000000E+0	0.0000000E+0	1.0000000E+2	0.0000000E+0
1.6455600E+2	6.7059166E+1	6.0688613E+1	0.0000000E+0	0.0000000E+0	1.0000000E+2	0.0000000E+0
1.6460600E+2	6.7073752E+1	6.0680225E+1	0.0000000E+0	0.0000000E+0	1.0000000E+2	0.0000000E+0
1.6465600E+2	6.7072181E+1	6.0693173E+1	0.0000000E+0	0.0000000E+0	1.0000000E+2	0.0000000E+0
1.6470600E+2	6.7062012E+1	6.0677903E+1	0.0000000E+0	0.0000000E+0	1.0000000E+2	0.0000000E+0
1.6475600E+2	6.7047785E+1	6.0660852E+1	0.0000000E+0	0.0000000E+0	1.0000000E+2	0.0000000E+0
1.6480600E+2	6.7059301E+1	6.0663504E+1	0.0000000E+0	0.0000000E+0	1.0000000E+2	0.0000000E+0
1.6485600E+2	6.7064319E+1	6.0664349E+1	0.0000000E+0	0.0000000E+0	1.0000000E+2	0.0000000E+0
1.6490700E+2	6.7061733E+1	6.0656997E+1	0.0000000E+0	0.0000000E+0	1.0000000E+2	0.0000000E+0
1.6495700E+2	6.7079123E+1	6.0669910E+1	0.0000000E+0	0.0000000E+0	1.0000000E+2	0.0000000E+0
1.6500700E+2	6.7085493E+1	6.0670399E+1	0.0000000E+0	0.0000000E+0	1.0000000E+2	0.0000000E+0
1.6505700E+2	6.7081482E+1	6.0661811E+1	0.0000000E+0	0.0000000E+0	1.0000000E+2	0.0000000E+0
1.6510700E+2	6.7074409E+1	6.0659420E+1	0.0000000E+0	0.0000000E+0	1.0000000E+2	0.0000000E+0
1.6515700E+2	6.7023586E+1	6.0660676E+1	0.0000000E+0	0.0000000E+0	1.0000000E+2	0.0000000E+0
1.6520800E+2	6.7005004E+1	6.0655078E+1	0.0000000E+0	0.0000000E+0	1.0000000E+2	0.0000000E+0
1.6525800E+2	6.6996945E+1	6.0657892E+1	0.0000000E+0	0.0000000E+0	1.0000000E+2	0.0000000E+0
1.6530800E+2	6.7020922E+1	6.0656596E+1	0.0000000E+0	0.0000000E+0	1.0000000E+2	0.0000000E+0
1.6535800E+2	6.7041114E+1	6.0668175E+1	0.0000000E+0	0.0000000E+0	1.0000000E+2	0.0000000E+0
1.6540900E+2	6.7042018E+1	6.0673777E+1	0.0000000E+0	0.0000000E+0	1.0000000E+2	0.0000000E+0
1.6545900E+2	6.7069413E+1	6.0669977E+1	0.0000000E+0	0.0000000E+0	1.0000000E+2	0.0000000E+0
1.6551000E+2	6.7058166E+1	6.0666109E+1	0.0000000E+0	0.0000000E+0	1.0000000E+2	0.0000000E+0
1.6556000E+2	6.7047729E+1	6.0658706E+1	0.0000000E+0	0.0000000E+0	1.0000000E+2	0.0000000E+0
1.6561100E+2	6.7068751E+1	6.0669329E+1	0.0000000E+0	0.0000000E+0	1.0000000E+2	0.0000000E+0
1.6566100E+2	6.7096424E+1	6.0676097E+1	0.0000000E+0	0.0000000E+0	1.0000000E+2	0.0000000E+0
1.6571100E+2	6.7105070E+1	6.0679344E+1	0.0000000E+0	0.0000000E+0	1.0000000E+2	0.0000000E+0
1.6576200E+2	6.7121711E+1	6.0676890E+1	0.0000000E+0	0.0000000E+0	1.0000000E+2	0.0000000E+0
1.6581200E+2	6.7114500E+1	6.0678920E+1	0.0000000E+0	0.0000000E+0	1.0000000E+2	0.0000000E+0
1.6586200E+2	6.7079391E+1	6.0678062E+1	0.0000000E+0	0.0000000E+0	1.0000000E+2	0.0000000E+0
1.6591200E+2	6.7069000E+1	6.0681263E+1	0.0000000E+0	0.0000000E+0	1.0000000E+2	0.0000000E+0
1.6596200E+2	6.7064391E+1	6.0671215E+1	0.0000000E+0	0.0000000E+0	1.0000000E+2	0.0000000E+0
1.6601200E+2	6.7076125E+1	6.0689924E+1	0.0000000E+0	0.0000000E+0	1.0000000E+2	0.0000000E+0
1.6606200E+2	6.7069192E+1	6.0687772E+1	0.0000000E+0	0.0000000E+0	1.0000000E+2	0.0000000E+0
1.6611200E+2	6.7058842E+1	6.0684402E+1	0.0000000E+0	0.0000000E+0	1.0000000E+2	0.0000000E+0
1.6616200E+2	6.7041811E+1	6.0690599E+1	0.0000000E+0	0.0000000E+0	1.0000000E+2	0.0000000E+0
1.6621200E+2	6.7014090E+1	6.0685576E+1	0.0000000E+0	0.0000000E+0	1.0000000E+2	0.0000000E+0
1.6626200E+2	6.6991584E+1	6.0684031E+1	0.0000000E+0	0.0000000E+0	1.0000000E+2	0.0000000E+0
1.6631400E+2	6.6976543E+1	6.0671365E+1	0.0000000E+0	0.0000000E+0	1.0000000E+2	0.0000000E+0
1.6636400E+2	6.6950514E+1	6.0655079E+1	0.0000000E+0	0.0000000E+0	1.0000000E+2	0.0000000E+0
1.6641400E+2	6.6971579E+1	6.0677503E+1	0.0000000E+0	0.0000000E+0	1.0000000E+2	0.0000000E+0
1.6646400E+2	6.6948669E+1	6.0678906E+1	0.0000000E+0	0.0000000E+0	1.0000000E+2	0.0000000E+0
1.6651400E+2	6.6935118E+1	6.0687842E+1	0.0000000E+0	0.0000000E+0	1.0000000E+2	0.0000000E+0
1.6656400E+2	6.6926914E+1	6.0694106E+1	0.0000000E+0	0.0000000E+0	1.0000000E+2	0.0000000E+0
1.6661400E+2	6.6903065E+1	6.0680805E+1	0.0000000E+0	0.0000000E+0	1.0000000E+2	0.0000000E+0
1.6666400E+2	6.6891817E+1	6.0678872E+1	0.0000000E+0	0.0000000E+0	1.0000000E+2	0.0000000E+0
1.6671400E+2	6.6875060E+1	6.0675624E+1	0.0000000E+0	0.0000000E+0	1.0000000E+2	0.0000000E+0
1.6676400E+2	6.6871726E+1	6.0683578E+1	0.0000000E+0	0.0000000E+0	1.0000000E+2	0.0000000E+0
1.6681400E+2	6.6903403E+1	6.0697336E+1	0.0000000E+0	0.0000000E+0	1.0000000E+2	0.0000000E+0
1.6686400E+2	6.6902082E+1	6.0694591E+1	0.0000000E+0	0.0000000E+0	1.0000000E+2	0.0000000E+0
1.6691400E+2	6.6899667E+1	6.0689973E+1	0.0000000E+0	0.0000000E+0	1.0000000E+2	0.0000000E+0
1.6696400E+2	6.6902436E+1	6.0704711E+1	0.0000000E+0	0.0000000E+0	1.0000000E+2	0.0000000E+0
1.6701400E+2	6.6930132E+1	6.0706294E+1	0.0000000E+0	0.0000000E+0	1.0000000E+2	0.0000000E+0
1.6706400E+2	6.6951751E+1	6.0712216E+1	0.0000000E+0	0.0000000E+0	1.0000000E+2	0.0000000E+0
1.6711500E+2	6.6972461E+1	6.0707763E+1	0.0000000E+0	0.0000000E+0	1.0000000E+2	0.0000000E+0
1.6716600E+2	6.6976385E+1	6.0697601E+1	0.0000000E+0	0.0000000E+0	1.0000000E+2	0.0000000E+0
1.6721600E+2	6.7008981E+1	6.0707937E+1	0.0000000E+0	0.0000000E+0	1.0000000E+2	0.0000000E+0
1.6726600E+2	6.7025681E+1	6.0712870E+1	0.0000000E+0	0.0000000E+0	1.0000000E+2	0.0000000E+0
1.6731600E+2	6.7003960E+1	6.0701651E+1	0.0000000E+0	0.0000000E+0	1.0000000E+2	0.0000000E+0
1.6736600E+2	6.6957899E+1	6.0692289E+1	0.0000000E+0	0.0000000E+0	1.0000000E+2	0.0000000E+0
1.6741600E+2	6.6939903E+1	6.0692427E+1	0.0000000E+0	0.0000000E+0	1.0000000E+2	0.0000000E+0
1.6746600E+2	6.6942983E+1	6.0672201E+1	0.0000000E+0	0.0000000E+0	1.0000000E+2	0.0000000E+0
1.6751600E+2	6.6963807E+1	6.0697577E+1	0.0000000E+0	0.0000000E+0	1.0000000E+2	0.0000000E+0
1.6756600E+2	6.6956203E+1	6.0694686E+1	0.0000000E+0	0.0000000E+0	1.0000000E+2	0.0000000E+0
1.6761600E+2	6.6949926E+1	6.0690498E+1	0.0000000E+0	0.0000000E+0	1.0000000E+2	0.0000000E+0
1.6766600E+2	6.6939590E+1	6.0709025E+1	0.0000000E+0	0.0000000E+0	1.0000000E+2	0.0000000E+0
1.6771600E+2	6.6945497E+1	6.0694652E+1	0.0000000E+0	0.0000000E+0	1.0000000E+2	0.0000000E+0
1.6776600E+2	6.6914969E+1	6.0697458E+1	0.0000000E+0	0.0000000E+0	1.0000000E+2	0.0000000E+0
1.6781600E+2	6.6937257E+1	6.0695268E+1	0.0000000E+0	0.0000000E+0	1.0000000E+2	0.0000000E+0
1.6786600E+2	6.6944602E+1	6.0696961E+1	0.0000000E+0	0.0000000E+0	1.0000000E+2	0.0000000E+0
1.6791700E+2	6.6947541E+1	6.0690178E+1	0.0000000E+0	0.0000000E+0	1.0000000E+2	0.0000000E+0
1.6796800E+2	6.6938391E+1	6.0695496E+1	0.0000000E+0	0.0000000E+0	1.0000000E+2	0.0000000E+0
1.6801800E+2	6.6920377E+1	6.0706529E+1	0.0000000E+0	0.0000000E+0	1.0000000E+2	0.0000000E+0
1.6806900E+2	6.6911086E+1	6.0702554E+1	0.0000000E+0	0.0000000E+0	1.0000000E+2	0.0000000E+0
1.6812000E+2	6.6890404E+1	6.0705339E+1	0.0000000E+0	0.0000000E+0	1.0000000E+2	0.0000000E+0
1.6817000E+2	6.6874655E+1	6.0688251E+1	0.0000000E+0	0.0000000E+0	1.0000000E+2	0.0000000E+0
1.6822100E+2	6.6866082E+1	6.0709325E+1	0.0000000E+0	0.0000000E+0	1.0000000E+2	0.0000000E+0
1.6827200E+2	6.6835108E+1	6.0687316E+1	0.0000000E+0	0.0000000E+0	1.0000000E+2	0.0000000E+0
1.6832300E+2	6.6848993E+1	6.0688752E+1	0.0000000E+0	0.0000000E+0	1.0000000E+2	0.0000000E+0
1.6837300E+2	6.6845529E+1	6.0700258E+1	0.0000000E+0	0.0000000E+0	1.0000000E+2	0.0000000E+0
1.6842300E+2	6.6807501E+1	6.0697347E+1	0.0000000E+0	0.0000000E+0	1.0000000E+2	0.0000000E+0
1.6847300E+2	6.6756109E+1	6.0694483E+1	0.0000000E+0	0.0000000E+0	1.0000000E+2	0.0000000E+0
1.6852400E+2	6.6723193E+1	6.0679609E+1	0.0000000E+0	0.0000000E+0	1.0000000E+2	0.0000000E+0
1.6857400E+2	6.6730105E+1	6.0691272E+1	0.0000000E+0	0.0000000E+0	1.0000000E+2	0.0000000E+0
1.6862400E+2	6.6723552E+1	6.0685667E+1	0.0000000E+0	0.0000000E+0	1.0000000E+2	0.0000000E+0
1.6867400E+2	6.6742119E+1	6.0693259E+1	0.0000000E+0	0.0000000E+0	1.0000000E+2	0.0000000E+0
1.6872400E+2	6.6760105E+1	6.0698543E+1	0.0000000E+0	0.0000000E+0	1.0000000E+2	0.0000000E+0
1.6877400E+2	6.6772034E+1	6.0700871E+1	0.0000000E+0	0.0000000E+0	1.0000000E+2	0.0000000E+0
1.6882400E+2	6.6776445E+1	6.0697706E+1	0.0000000E+0	0.0000000E+0	1.0000000E+2	0.0000000E+0
1.6887500E+2	6.6797921E+1	6.0696330E+1	0.0000000E+0	0.0000000E+0	1.0000000E+2	0.0000000E+0
1.6892500E+2	6.6776980E+1	6.0686318E+1	0.0000000E+0	0.0000000E+0	1.0000000E+2	0.0000000E+0
1.6897500E+2	6.6773751E+1	6.0691565E+1	0.0000000E+0	0.0000000E+0	1.0000000E+2	0.0000000E+0
1.6902500E+2	6.6780182E+1	6.0692487E+1	0.0000000E+0	0.0000000E+0	1.0000000E+2	0.0000000E+0
1.6907500E+2	6.6764528E+1	6.0709725E+1	0.0000000E+0	0.0000000E+0	1.0000000E+2	0.0000000E+0
1.6912600E+2	6.6726556E+1	6.0701303E+1	0.0000000E+0	0.0000000E+0	1.0000000E+2	0.0000000E+0
1.6917600E+2	6.6739422E+1	6.0697506E+1	0.0000000E+0	0.0000000E+0	1.0000000E+2	0.0000000E+0
1.6922600E+2	6.6779753E+1	6.0706720E+1	0.0000000E+0	0.0000000E+0	1.0000000E+2	0.0000000E+0
1.6927600E+2	6.6791705E+1	6.0710537E+1	0.0000000E+0	0.0000000E+0	1.0000000E+2	0.0000000E+0
1.6932600E+2	6.6807749E+1	6.0705577E+1	0.0000000E+0	0.0000000E+0	1.0000000E+2	0.0000000E+0
1.6937600E+2	6.6810468E+1	6.0697385E+1	0.0000000E+0	0.0000000E+0	1.0000000E+2	0.0000000E+0
1.6942600E+2	6.6801345E+1	6.0703359E+1	0.0000000E+0	0.0000000E+0	1.0000000E+2	0.0000000E+0
1.6947600E+2	6.6823864E+1	6.0707175E+1	0.0000000E+0	0.0000000E+0	1.0000000E+2	0.0000000E+0
1.6952600E+2	6.6820377E+1	6.0715471E+1	0.0000000E+0	0.0000000E+0	1.0000000E+2	0.0000000E+0
1.6957600E+2	6.6783295E+1	6.0700729E+1	0.0000000E+0	0.0000000E+0	1.0000000E+2	0.0000000E+0
1.6962600E+2	6.6775500E+1	6.0689562E+1	0.0000000E+0	0.0000000E+0	1.0000000E+2	0.0000000E+0
1.6967600E+2	6.6812944E+1	6.0709953E+1	0.0000000E+0	0.0000000E+0	1.0000000E+2	0.0000000E+0
1.6972600E+2	6.6822306E+1	6.0726805E+1	0.0000000E+0	0.0000000E+0	1.0000000E+2	0.0000000E+0
1.6977600E+2	6.6795623E+1	6.0707892E+1	0.0000000E+0	0.0000000E+0	1.0000000E+2	0.0000000E+0
1.6982700E+2	6.6805559E+1	6.0725254E+1	0.0000000E+0	0.0000000E+0	1.0000000E+2	0.0000000E+0
1.6987700E+2	6.6798692E+1	6.0716962E+1	0.0000000E+0	0.0000000E+0	1.0000000E+2	0.0000000E+0
1.6992800E+2	6.6796860E+1	6.0705255E+1	0.0000000E+0	0.0000000E+0	1.0000000E+2	0.0000000E+0
1.6997900E+2	6.6774296E+1	6.0708369E+1	0.0000000E+0	0.0000000E+0	1.0000000E+2	0.0000000E+0
1.7003000E+2	6.6780606E+1	6.0716319E+1	0.0000000E+0	0.0000000E+0	1.0000000E+2	0.0000000E+0
1.7008000E+2	6.6776611E+1	6.0721553E+1	0.0000000E+0	0.0000000E+0	1.0000000E+2	0.0000000E+0
1.7013000E+2	6.6792588E+1	6.0708870E+1	0.0000000E+0	0.0000000E+0	1.0000000E+2	0.0000000E+0
1.7018000E+2	6.6787961E+1	6.0705854E+1	0.0000000E+0	0.0000000E+0	1.0000000E+2	0.0000000E+0
1.7023100E+2	6.6803877E+1	6.0718817E+1	0.0000000E+0	0.0000000E+0	1.0000000E+2	0.0000000E+0
1.7028100E+2	6.6801717E+1	6.0726728E+1	0.0000000E+0	0.0000000E+0	1.0000000E+2	0.0000000E+0
1.7033100E+2	6.6818827E+1	6.0723153E+1	0.0000000E+0	0.0000000E+0	1.0000000E+2	0.0000000E+0
1.7038100E+2	6.6846817E+1	6.0724178E+1	0.0000000E+0	0.0000000E+0	1.0000000E+2	0.0000000E+0
1.7043100E+2	6.6874465E+1	6.0734387E+1	0.0000000E+0	0.0000000E+0	1.0000000E+2	0.0000000E+0
1.7048100E+2	6.6914256E+1	6.0738368E+1	0.0000000E+0	0.0000000E+0	1.0000000E+2	0.0000000E+0
1.7053100E+2	6.6930623E+1	6.0724496E+1	0.0000000E+0	0.0000000E+0	1.0000000E+2	0.0000000E+0
1.7058200E+2	6.6949200E+1	6.0730176E+1	0.0000000E+0	0.0000000E+0	1.0000000E+2	0.0000000E+0
1.7063200E+2	6.6971251E+1	6.0729934E+1	0.0000000E+0	0.0000000E+0	1.0000000E+2	0.0000000E+0
1.7068200E+2	6.6979828E+1	6.0730583E+1	0.0000000E+0	0.0000000E+0	1.0000000E+2	0.0000000E+0
1.7073200E+2	6.6983054E+1	6.0742653E+1	0.0000000E+0	0.0000000E+0	1.0000000E+2	0.0000000E+0
1.7078200E+2	6.6959115E+1	6.0742169E+1	0.0000000E+0	0.0000000E+0	1.0000000E+2	0.0000000E+0
1.7083200E+2	6.6951585E+1	6.0757687E+1	0.0000000E+0	0.0000000E+0	1.0000000E+2	0.0000000E+0
1.7088200E+2	6.6916389E+1	6.0748197E+1	0.0000000E+0	0.0000000E+0	1.0000000E+2	0.0000000E+0
1.7093200E+2	6.6918156E+1	6.0750077E+1	0.0000000E+0	0.0000000E+0	1.0000000E+2	0.0000000E+0
1.7098300E+2	6.6919663E+1	6.0747994E+1	0.0000000E+0	0.0000000E+0	1.0000000E+2	0.0000000E+0
1.7103300E+2	6.6897709E+1	6.0738588E+1	0.0000000E+0	0.0000000E+0	1.0000000E+2	0.0000000E+0
1.7108300E+2	6.6897264E+1	6.0734379E+1	0.0000000E+0	0.0000000E+0	1.0000000E+2	0.0000000E+0
1.7113300E+2	6.6881802E+1	6.0726342E+1	0.0000000E+0	0.0000000E+0	1.0000000E+2	0.0000000E+0
1.7118400E+2	6.6888245E+1	6.0741712E+1	0.0000000E+0	0.0000000E+0	1.0000000E+2	0.0000000E+0
1.7123400E+2	6.6881914E+1	6.0743655E+1	0.0000000E+0	0.0000000E+0	1.0000000E+2	0.0000000E+0
1.7128400E+2	6.6874245E+1	6.0735767E+1	0.0000000E+0	0.0000000E+0	1.0000000E+2	0.0000000E+0
1.7133400E+2	6.6866342E+1	6.0727904E+1	0.0000000E+0	0.0000000E+0	1.0000000E+2	0.0000000E+0
1.7138400E+2	6.6856762E+1	6.0721602E+1	0.0000000E+0	0.0000000E+0	1.0000000E+2	0.0000000E+0
1.7143400E+2	6.6833027E+1	6.0726628E+1	0.0000000E+0	0.0000000E+0	1.0000000E+2	0.0000000E+0
1.7148400E+2	6.6802050E+1	6.0726999E+1	0.0000000E+0	0.0000000E+0	1.0000000E+2	0.0000000E+0
1.7153400E+2	6.6815181E+1	6.0732540E+1	0.0000000E+0	0.0000000E+0	1.0000000E+2	0.0000000E+0
1.7158500E+2	6.6799268E+1	6.0738967E+1	0.0000000E+0	0.0000000E+0	1.0000000E+2	0.0000000E+0
1.7163500E+2	6.6772587E+1	6.0732348E+1	0.0000000E+0	0.0000000E+0	1.0000000E+2	0.0000000E+0
1.7168500E+2	6.6778720E+1	6.0725680E+1	0.0000000E+0	0.0000000E+0	1.0000000E+2	0.0000000E+0
1.7173500E+2	6.6772371E+1	6.0726901E+1	0.0000000E+0	0.0000000E+0	1.0000000E+2	0.0000000E+0
1.7178600E+2	6.6783987E+1	6.0732971E+1	0.0000000E+0	0.0000000E+0	1.0000000E+2	0.0000000E+0
1.7183600E+2	6.6783523E+1	6.0735183E+1	0.0000000E+0	0.0000000E+0	1.0000000E+2	0.0000000E+0
1.7188600E+2	6.6805597E+1	6.0737051E+1	0.0000000E+0	0.0000000E+0	1.0000000E+2	0.0000000E+0
1.7193600E+2	6.6828385E+1	6.0745502E+1	0.0000000E+0	0.0000000E+0	1.0000000E+2	0.0000000E+0
1.7198600E+2	6.6839160E+1	6.0745383E+1	0.0000000E+0	0.0000000E+0	1.0000000E+2	0.0000000E+0
1.7203600E+2	6.6843025E+1	6.0731851E+1	0.0000000E+0	0.0000000E+0	1.0000000E+2	0.0000000E+0
1.7208600E+2	6.6865892E+1	6.0750360E+1	0.0000000E+0	0.0000000E+0	1.0000000E+2	0.0000000E+0
1.7213600E+2	6.6863846E+1	6.0741650E+1	0.0000000E+0	0.0000000E+0	1.0000000E+2	0.0000000E+0
1.7218600E+2	6.6840504E+1	6.0748538E+1	0.0000000E+0	0.0000000E+0	1.0000000E+2	0.0000000E+0
1.7223600E+2	6.6844752E+1	6.0756206E+1	0.0000000E+0	0.0000000E+0	1.0000000E+2	0.0000000E+0
1.7228600E+2	6.6864158E+1	6.0753224E+1	0.0000000E+0	0.0000000E+0	1.0000000E+2	0.0000000E+0
1.7233600E+2	6.6906317E+1	6.0759633E+1	0.0000000E+0	0.0000000E+0	1.0000000E+2	0.0000000E+0
1.7238600E+2	6.6912045E+1	6.0756585E+1	0.0000000E+0	0.0000000E+0	1.0000000E+2	0.0000000E+0
1.7243600E+2	6.6934381E+1	6.0760562E+1	0.0000000E+0	0.0000000E+0	1.0000000E+2	0.0000000E+0
1.7248600E+2	6.6935537E+1	6.0756019E+1	0.0000000E+0	0.0000000E+0	1.0000000E+2	0.0000000E+0
1.7253600E+2	6.6911492E+1	6.0754556E+1	0.0000000E+0	0.0000000E+0	1.0000000E+2	0.0000000E+0
1.7258700E+2	6.6922646E+1	6.0762463E+1	0.0000000E+0	0.0000000E+0	1.0000000E+2	0.0000000E+0
1.7263700E+2	6.6899717E+1	6.0752686E+1	0.0000000E+0	0.0000000E+0	1.0000000E+2	0.0000000E+0
1.7268700E+2	6.6904951E+1	6.0755529E+1	0.0000000E+0	0.0000000E+0	1.0000000E+2	0.0000000E+0
1.7273700E+2	6.6890244E+1	6.0760088E+1	0.0000000E+0	0.0000000E+0	1.0000000E+2	0.0000000E+0
1.7278800E+2	6.6881637E+1	6.0758080E+1	0.0000000E+0	0.0000000E+0	1.0000000E+2	0.0000000E+0
1.7283800E+2	6.6892941E+1	6.0757812E+1	0.0000000E+0	0.0000000E+0	1.0000000E+2	0.0000000E+0
1.7288800E+2	6.6868687E+1	6.0745175E+1	0.0000000E+0	0.0000000E+0	1.0000000E+2	0.0000000E+0
1.7293800E+2	6.6847440E+1	6.0761706E+1	0.0000000E+0	0.0000000E+0	1.0000000E+2	0.0000000E+0
1.7298800E+2	6.6839710E+1	6.0748529E+1	0.0000000E+0	0.0000000E+0	1.0000000E+2	0.0000000E+0
1.7303800E+2	6.6856387E+1	6.0759196E+1	0.0000000E+0	0.0000000E+0	1.0000000E+2	0.0000000E+0
1.7308800E+2	6.6854028E+1	6.0761313E+1	0.0000000E+0	0.0000000E+0	1.0000000E+2	0.0000000E+0
1.7313800E+2	6.6861502E+1	6.0733921E+1	0.0000000E+0	0.0000000E+0	1.0000000E+2	0.0000000E+0
1.7318800E+2	6.6879517E+1	6.0763831E+1	0.0000000E+0	0.0000000E+0	1.0000000E+2	0.0000000E+0
1.7323800E+2	6.6885288E+1	6.0750029E+1	0.0000000E+0	0.0000000E+0	1.0000000E+2	0.0000000E+0
1.7328800E+2	6.6900133E+1	6.0757398E+1	0.0000000E+0	0.0000000E+0	1.0000000E+2	0.0000000E+0
1.7333800E+2	6.6893234E+1	6.0745124E+1	0.0000000E+0	0.0000000E+0	1.0000000E+2	0.0000000E+0
1.7338800E+2	6.6920491E+1	6.0755592E+1	0.0000000E+0	0.0000000E+0	1.0000000E+2	0.0000000E+0
1.7343800E+2	6.6905430E+1	6.0768855E+1	0.0000000E+0	0.0000000E+0	1.0000000E+2	0.0000000E+0
1.7348900E+2	6.6860129E+1	6.0772824E+1	0.0000000E+0	0.0000000E+0	1.0000000E+2	0.0000000E+0
1.7354000E+2	6.6839141E+1	6.0771510E+1	0.0000000E+0	0.0000000E+0	1.0000000E+2	0.0000000E+0
1.7359100E+2	6.6856153E+1	6.0779599E+1	0.0000000E+0	0.0000000E+0	1.0000000E+2	0.0000000E+0
1.7364100E+2	6.6864644E+1	6.0777040E+1	0.0000000E+0	0.0000000E+0	1.0000000E+2	0.0000000E+0
1.7369100E+2	6.6840763E+1	6.0755185E+1	0.0000000E+0	0.0000000E+0	1.0000000E+2	0.0000000E+0
1.7374100E+2	6.6862572E+1	6.0768480E+1	0.0000000E+0	0.0000000E+0	1.0000000E+2	0.0000000E+0
1.7379100E+2	6.6870190E+1	6.0774663E+1	0.0000000E+0	0.0000000E+0	1.0000000E+2	0.0000000E+0
1.7384200E+2	6.6903362E+1	6.0805519E+1	0.0000000E+0	0.0000000E+0	1.0000000E+2	0.0000000E+0
1.7389200E+2	6.6897765E+1	6.0779628E+1	0.0000000E+0	0.0000000E+0	1.0000000E+2	0.0000000E+0
1.7394200E+2	6.6923781E+1	6.0788039E+1	0.0000000E+0	0.0000000E+0	1.0000000E+2	0.0000000E+0
1.7399200E+2	6.6949684E+1	6.0787003E+1	0.0000000E+0	0.0000000E+0	1.0000000E+2	0.0000000E+0
1.7404200E+2	6.6985067E+1	6.0796354E+1	0.0000000E+0	0.0000000E+0	1.0000000E+2	0.0000000E+0
1.7409300E+2	6.6997996E+1	6.0796503E+1	0.0000000E+0	0.0000000E+0	1.0000000E+2	0.0000000E+0
1.7414400E+2	6.7002298E+1	6.0799828E+1	0.0000000E+0	0.0000000E+0	1.0000000E+2	0.0000000E+0
1.7419400E+2	6.6980567E+1	6.0797715E+1	0.0000000E+0	0.0000000E+0	1.0000000E+2	0.0000000E+0
1.7424400E+2	6.6946017E+1	6.0786999E+1	0.0000000E+0	0.0000000E+0	1.0000000E+2	0.0000000E+0
1.7429400E+2	6.6948029E+1	6.0770668E+1	0.0000000E+0	0.0000000E+0	1.0000000E+2	0.0000000E+0
1.7434400E+2	6.6977503E+1	6.0781893E+1	0.0000000E+0	0.0000000E+0	1.0000000E+2	0.0000000E+0
1.7439400E+2	6.6994502E+1	6.0788864E+1	0.0000000E+0	0.0000000E+0	1.0000000E+2	0.0000000E+0
1.7444400E+2	6.7019050E+1	6.0791176E+1	0.0000000E+0	0.0000000E+0	1.0000000E+2	0.0000000E+0
1.7449500E+2	6.7024215E+1	6.0796213E+1	0.0000000E+0	0.0000000E+0	1.0000000E+2	0.0000000E+0
1.7454500E+2	6.7040489E+1	6.0795819E+1	0.0000000E+0	0.0000000E+0	1.0000000E+2	0.0000000E+0
1.7459500E+2	6.7064663E+1	6.0807071E+1	0.0000000E+0	0.0000000E+0	1.0000000E+2	0.0000000E+0
1.7464500E+2	6.7064725E+1	6.0785050E+1	0.0000000E+0	0.0000000E+0	1.0000000E+2	0.0000000E+0
1.7469500E+2	6.7062202E+1	6.0794788E+1	0.0000000E+0	0.0000000E+0	1.0000000E+2	0.0000000E+0
1.7474500E+2	6.7079508E+1	6.0787406E+1	0.0000000E+0	0.0000000E+0	1.0000000E+2	0.0000000E+0
1.7479500E+2	6.7072388E+1	6.0783356E+1	0.0000000E+0	0.0000000E+0	1.0000000E+2	0.0000000E+0
1.7484500E+2	6.7067831E+1	6.0796391E+1	0.0000000E+0	0.0000000E+0	1.0000000E+2	0.0000000E+0
1.7489500E+2	6.7043908E+1	6.0778448E+1	0.0000000E+0	0.0000000E+0	1.0000000E+2	0.0000000E+0
1.7494500E+2	6.7054139E+1	6.0801604E+1	0.0000000E+0	0.0000000E+0	1.0000000E+2	0.0000000E+0
1.7499500E+2	6.6998406E+1	6.0799812E+1	0.0000000E+0	0.0000000E+0	1.0000000E+2	0.0000000E+0
1.7504500E+2	6.6968123E+1	6.0797993E+1	0.0000000E+0	0.0000000E+0	1.0000000E+2	0.0000000E+0
1.7509500E+2	6.6976200E+1	6.0803473E+1	0.0000000E+0	0.0000000E+0	1.0000000E+2	0.0000000E+0
1.7514500E+2	6.6987470E+1	6.0787047E+1	0.0000000E+0	0.0000000E+0	1.0000000E+2	0.0000000E+0
1.7519500E+2	6.7005613E+1	6.0794368E+1	0.0000000E+0	0.0000000E+0	1.0000000E+2	0.0000000E+0
1.7524500E+2	6.6996995E+1	6.0796587E+1	0.0000000E+0	0.0000000E+0	1.0000000E+2	0.0000000E+0
1.7529500E+2	6.6993966E+1	6.0781179E+1	0.0000000E+0	0.0000000E+0	1.0000000E+2	0.0000000E+0
1.7534500E+2	6.7002922E+1	6.0792994E+1	0.0000000E+0	0.0000000E+0	1.0000000E+2	0.0000000E+0
1.7539500E+2	6.7028505E+1	6.0777872E+1	0.0000000E+0	0.0000000E+0	1.0000000E+2	0.0000000E+0
1.7544500E+2	6.7038915E+1	6.0783103E+1	0.0000000E+0	0.0000000E+0	1.0000000E+2	0.0000000E+0
1.7549500E+2	6.7066726E+1	6.0794696E+1	0.0000000E+0	0.0000000E+0	1.0000000E+2	0.0000000E+0
1.7554500E+2	6.7076221E+1	6.0793379E+1	0.0000000E+0	0.0000000E+0	1.0000000E+2	0.0000000E+0
1.7559500E+2	6.7085318E+1	6.0799432E+1	0.0000000E+0	0.0000000E+0	1.0000000E+2	0.0000000E+0
1.7564500E+2	6.7066256E+1	6.0791880E+1	0.0000000E+0	0.0000000E+0	1.0000000E+2	0.0000000E+0
1.7569500E+2	6.7042741E+1	6.0797646E+1	0.0000000E+0	0.0000000E+0	1.0000000E+2	0.0000000E+0
1.7574600E+2	6.7052640E+1	6.0786060E+1	0.0000000E+0	0.0000000E+0	1.0000000E+2	0.0000000E+0
1.7579600E+2	6.7097974E+1	6.0798777E+1	0.0000000E+0	0.0000000E+0	1.0000000E+2	0.0000000E+0
1.7584600E+2	6.7099440E+1	6.0784545E+1	0.0000000E+0	0.0000000E+0	1.0000000E+2	0.0000000E+0
1.7589600E+2	6.7102645E+1	6.0779237E+1	0.0000000E+0	0.0000000E+0	1.0000000E+2	0.0000000E+0
1.7594600E+2	6.7106255E+1	6.0782776E+1	0.0000000E+0	0.0000000E+0	1.0000000E+2	0.0000000E+0
1.7599700E+2	6.7119771E+1	6.0787677E+1	0.0000000E+0	0.0000000E+0	1.0000000E+2	0.0000000E+0
1.7604700E+2	6.7092236E+1	6.0765209E+1	0.0000000E+0	0.0000000E+0	1.0000000E+2	0.0000000E+0
1.7609800E+2	6.7080359E+1	6.0767585E+1	0.0000000E+0	0.0000000E+0	1.0000000E+2	0.0000000E+0
1.7614900E+2	6.7068319E+1	6.0769261E+1	0.0000000E+0	0.0000000E+0	1.0000000E+2	0.0000000E+0
1.7619900E+2	6.7046310E+1	6.0774182E+1	0.0000000E+0	0.0000000E+0	1.0000000E+2	0.0000000E+0
1.7624900E+2	6.7003181E+1	6.0752122E+1	0.0000000E+0	0.0000000E+0	1.0000000E+2	0.0000000E+0
1.7629900E+2	6.6925988E+1	6.0747098E+1	0.0000000E+0	0.0000000E+0	1.0000000E+2	0.0000000E+0
1.7634900E+2	6.6843174E+1	6.0730646E+1	0.0000000E+0	0.0000000E+0	1.0000000E+2	0.0000000E+0
1.7639900E+2	6.6778964E+1	6.0715982E+1	0.0000000E+0	0.0000000E+0	1.0000000E+2	0.0000000E+0
1.7644900E+2	6.6736349E+1	6.0694269E+1	0.0000000E+0	0.0000000E+0	1.0000000E+2	0.0000000E+0
1.7649900E+2	6.6702806E+1	6.0680850E+1	0.0000000E+0	0.0000000E+0	1.0000000E+2	0.0000000E+0
1.7654900E+2	6.6695906E+1	6.0695756E+1	0.0000000E+0	0.0000000E+0	1.0000000E+2	0.0000000E+0
1.7659900E+2	6.6686351E+1	6.0688966E+1	0.0000000E+0	0.0000000E+0	1.0000000E+2	0.0000000E+0
1.7664900E+2	6.6670066E+1	6.0688596E+1	0.0000000E+0	0.0000000E+0	1.0000000E+2	0.0000000E+0
1.7669900E+2	6.6673641E+1	6.0678621E+1	0.0000000E+0	0.0000000E+0	1.0000000E+2	0.0000000E+0
1.7675000E+2	6.6675654E+1	6.0689738E+1	0.0000000E+0	0.0000000E+0	1.0000000E+2	0.0000000E+0
1.7680000E+2	6.6662675E+1	6.0695043E+1	0.0000000E+0	0.0000000E+0	1.0000000E+2	0.0000000E+0
1.7685100E+2	6.6642936E+1	6.0691531E+1	0.0000000E+0	0.0000000E+0	1.0000000E+2	0.0000000E+0
1.7690200E+2	6.6637436E+1	6.0693392E+1	0.0000000E+0	0.0000000E+0	1.0000000E+2	0.0000000E+0
1.7695300E+2	6.6650035E+1	6.0686192E+1	0.0000000E+0	0.0000000E+0	1.0000000E+2	0.0000000E+0
1.7700400E+2	6.6650641E+1	6.0699815E+1	0.0000000E+0	0.0000000E+0	1.0000000E+2	0.0000000E+0
1.7705400E+2	6.6647922E+1	6.0693291E+1	0.0000000E+0	0.0000000E+0	1.0000000E+2	0.0000000E+0
1.7710400E+2	6.6669700E+1	6.0698301E+1	0.0000000E+0	0.0000000E+0	1.0000000E+2	0.0000000E+0
1.7715500E+2	6.6667218E+1	6.0682222E+1	0.0000000E+0	0.0000000E+0	1.0000000E+2	0.0000000E+0
1.7720500E+2	6.6685374E+1	6.0689008E+1	0.0000000E+0	0.0000000E+0	1.0000000E+2	0.0000000E+0
1.7725500E+2	6.6696841E+1	6.0689607E+1	0.0000000E+0	0.0000000E+0	1.0000000E+2	0.0000000E+0
1.7730500E+2	6.6721790E+1	6.0682480E+1	0.0000000E+0	0.0000000E+0	1.0000000E+2	0.0000000E+0
1.7735500E+2	6.6775646E+1	6.0694915E+1	0.0000000E+0	0.0000000E+0	1.0000000E+2	0.0000000E+0
1.7740500E+2	6.6790617E+1	6.0709338E+1	0.0000000E+0	0.0000000E+0	1.0000000E+2	0.0000000E+0
1.7745500E+2	6.6766560E+1	6.0708037E+1	0.0000000E+0	0.0000000E+0	1.0000000E+2	0.0000000E+0
1.7750500E+2	6.6771549E+1	6.0724592E+1	0.0000000E+0	0.0000000E+0	1.0000000E+2	0.0000000E+0
1.7755500E+2	6.6778417E+1	6.0721051E+1	0.0000000E+0	0.0000000E+0	1.0000000E+2	0.0000000E+0
1.7760500E+2	6.6790523E+1	6.0718858E+1	0.0000000E+0	0.0000000E+0	1.0000000E+2	0.0000000E+0
1.7765500E+2	6.6768511E+1	6.0737815E+1	0.0000000E+0	0.0000000E+0	1.0000000E+2	0.0000000E+0
1.7770500E+2	6.6748713E+1	6.0729192E+1	0.0000000E+0	0.0000000E+0	1.0000000E+2	0.0000000E+0
1.7775500E+2	6.6750263E+1	6.0739965E+1	0.0000000E+0	0.0000000E+0	1.0000000E+2	0.0000000E+0
1.7780500E+2	6.6738012E+1	6.0746249E+1	0.0000000E+0	0.0000000E+0	1.0000000E+2	0.0000000E+0
1.7785600E+2	6.6727921E+1	6.0731108E+1	0.0000000E+0	0.0000000E+0	1.0000000E+2	0.0000000E+0
1.7790600E+2	6.6729971E+1	6.0720443E+1	0.0000000E+0	0.0000000E+0	1.0000000E+2	0.0000000E+0
1.7795700E+2	6.6714819E+1	6.0715501E+1	0.0000000E+0	0.0000000E+0	1.0000000E+2	0.0000000E+0
1.7800700E+2	6.6733071E+1	6.0731622E+1	0.0000000E+0	0.0000000E+0	1.0000000E+2	0.0000000E+0
1.7805800E+2	6.6739061E+1	6.0739282E+1	0.0000000E+0	0.0000000E+0	1.0000000E+2	0.0000000E+0
1.7810900E+2	6.6745434E+1	6.0746386E+1	0.0000000E+0	0.0000000E+0	1.0000000E+2	0.0000000E+0
1.7815900E+2	6.6734604E+1	6.0741899E+1	0.0000000E+0	0.0000000E+0	1.0000000E+2	0.0000000E+0
1.7821000E+2	6.6748333E+1	6.0735833E+1	0.0000000E+0	0.0000000E+0	1.0000000E+2	0.0000000E+0
1.7826000E+2	6.6767603E+1	6.0750811E+1	0.0000000E+0	0.0000000E+0	1.0000000E+2	0.0000000E+0
1.7831000E+2	6.6754818E+1	6.0727104E+1	0.0000000E+0	0.0000000E+0	1.0000000E+2	0.0000000E+0
1.7836000E+2	6.6735916E+1	6.0724283E+1	0.0000000E+0	0.0000000E+0	1.0000000E+2	0.0000000E+0
1.7841000E+2	6.6738712E+1	6.0724076E+1	0.0000000E+0	0.0000000E+0	1.0000000E+2	0.0000000E+0
1.7846000E+2	6.6718506E+1	6.0758345E+1	0.0000000E+0	0.0000000E+0	1.0000000E+2	0.0000000E+0
1.7851000E+2	6.6677370E+1	6.0738269E+1	0.0000000E+0	0.0000000E+0	1.0000000E+2	0.0000000E+0
1.7856000E+2	6.6700207E+1	6.0750442E+1	0.0000000E+0	0.0000000E+0	1.0000000E+2	0.0000000E+0
1.7861000E+2	6.6700300E+1	6.0744843E+1	0.0000000E+0	0.0000000E+0	1.0000000E+2	0.0000000E+0
1.7866000E+2	6.6690630E+1	6.0738831E+1	0.0000000E+0	0.0000000E+0	1.0000000E+2	0.0000000E+0
1.7871000E+2	6.6705568E+1	6.0741191E+1	0.0000000E+0	0.0000000E+0	1.0000000E+2	0.0000000E+0
1.7876000E+2	6.6728844E+1	6.0749624E+1	0.0000000E+0	0.0000000E+0	1.0000000E+2	0.0000000E+0
1.7881000E+2	6.6733142E+1	6.0735226E+1	0.0000000E+0	0.0000000E+0	1.0000000E+2	0.0000000E+0
1.7886100E+2	6.6749166E+1	6.0739600E+1	0.0000000E+0	0.0000000E+0	1.0000000E+2	0.0000000E+0
1.7891100E+2	6.6735184E+1	6.0731382E+1	0.0000000E+0	0.0000000E+0	1.0000000E+2	0.0000000E+0
1.7896100E+2	6.6710483E+1	6.0710028E+1	0.0000000E+0	0.0000000E+0	1.0000000E+2	0.0000000E+0
1.7901100E+2	6.6723397E+1	6.0731585E+1	0.0000000E+0	0.0000000E+0	1.0000000E+2	0.0000000E+0
1.7906100E+2	6.6733421E+1	6.0716445E+1	0.0000000E+0	0.0000000E+0	1.0000000E+2	0.0000000E+0
1.7911100E+2	6.6745787E+1	6.0715390E+1	0.0000000E+0	0.0000000E+0	1.0000000E+2	0.0000000E+0
1.7916100E+2	6.6764808E+1	6.0719982E+1	0.0000000E+0	0.0000000E+0	1.0000000E+2	0.0000000E+0
1.7921100E+2	6.6768547E+1	6.0726849E+1	0.0000000E+0	0.0000000E+0	1.0000000E+2	0.0000000E+0
1.7926100E+2	6.6767747E+1	6.0730557E+1	0.0000000E+0	0.0000000E+0	1.0000000E+2	0.0000000E+0
1.7931100E+2	6.6788955E+1	6.0749695E+1	0.0000000E+0	0.0000000E+0	1.0000000E+2	0.0000000E+0
1.7936100E+2	6.6776799E+1	6.0731027E+1	0.0000000E+0	0.0000000E+0	1.0000000E+2	0.0000000E+0
1.7941100E+2	6.6780601E+1	6.0732200E+1	0.0000000E+0	0.0000000E+0	1.0000000E+2	0.0000000E+0
1.7946100E+2	6.6766106E+1	6.0724725E+1	0.0000000E+0	0.0000000E+0	1.0000000E+2	0.0000000E+0
1.7951100E+2	6.6771192E+1	6.0744673E+1	0.0000000E+0	0.0000000E+0	1.0000000E+2	0.0000000E+0
1.7956100E+2	6.6758765E+1	6.0739870E+1	0.0000000E+0	0.0000000E+0	1.0000000E+2	0.0000000E+0
1.7961100E+2	6.6776957E+1	6.0753936E+1	0.0000000E+0	0.0000000E+0	1.0000000E+2	0.0000000E+0
1.7966100E+2	6.6786714E+1	6.0748902E+1	0.0000000E+0	0.0000000E+0	1.0000000E+2	0.0000000E+0
1.7971100E+2	6.6789419E+1	6.0743485E+1	0.0000000E+0	0.0000000E+0	1.0000000E+2	0.0000000E+0
1.7976100E+2	6.6796640E+1	6.0736493E+1	0.0000000E+0	0.0000000E+0	1.0000000E+2	0.0000000E+0
1.7981100E+2	6.6803128E+1	6.0741436E+1	0.0000000E+0	0.0000000E+0	1.0000000E+2	0.0000000E+0
1.7986100E+2	6.6806751E+1	6.0727010E+1	0.0000000E+0	0.0000000E+0	1.0000000E+2	0.0000000E+0
1.7991100E+2	6.6814660E+1	6.0751356E+1	0.0000000E+0	0.0000000E+0	1.0000000E+2	0.0000000E+0
1.7996100E+2	6.6818529E+1	6.0749339E+1	0.0000000E+0	0.0000000E+0	1.0000000E+2	0.0000000E+0
1.8001100E+2	6.6836677E+1	6.0737231E+1	0.0000000E+0	0.0000000E+0	1.0000000E+2	0.0000000E+0
1.8006100E+2	6.6872227E+1	6.0750358E+1	0.0000000E+0	0.0000000E+0	1.0000000E+2	0.0000000E+0
1.8011100E+2	6.6910570E+1	6.0746279E+1	0.0000000E+0	0.0000000E+0	1.0000000E+2	0.0000000E+0
1.8016100E+2	6.6940720E+1	6.0753414E+1	0.0000000E+0	0.0000000E+0	1.0000000E+2	0.0000000E+0
1.8021300E+2	6.6987738E+1	6.0769468E+1	0.0000000E+0	0.0000000E+0	1.0000000E+2	0.0000000E+0
1.8026300E+2	6.7020649E+1	6.0760559E+1	0.0000000E+0	0.0000000E+0	1.0000000E+2	0.0000000E+0
1.8031300E+2	6.7066237E+1	6.0766002E+1	0.0000000E+0	0.0000000E+0	1.0000000E+2	0.0000000E+0
1.8036300E+2	6.7092874E+1	6.0756087E+1	0.0000000E+0	0.0000000E+0	1.0000000E+2	0.0000000E+0
1.8041300E+2	6.7111498E+1	6.0764482E+1	0.0000000E+0	0.0000000E+0	1.0000000E+2	0.0000000E+0
1.8046300E+2	6.7104989E+1	6.0758122E+1	0.0000000E+0	0.0000000E+0	1.0000000E+2	0.0000000E+0
1.8051300E+2	6.7105998E+1	6.0761013E+1	0.0000000E+0	0.0000000E+0	1.0000000E+2	0.0000000E+0
1.8056300E+2	6.7101501E+1	6.0762051E+1	0.0000000E+0	0.0000000E+0	1.0000000E+2	0.0000000E+0
1.8061300E+2	6.7108973E+1	6.0765830E+1	0.0000000E+0	0.0000000E+0	1.0000000E+2	0.0000000E+0
1.8066400E+2	6.7162627E+1	6.0783549E+1	0.0000000E+0	0.0000000E+0	1.0000000E+2	0.0000000E+0
1.8071400E+2	6.7190030E+1	6.0785805E+1	0.0000000E+0	0.0000000E+0	1.0000000E+2	0.0000000E+0
1.8076400E+2	6.7206606E+1	6.0779488E+1	0.0000000E+0	0.0000000E+0	1.0000000E+2	0.0000000E+0
1.8081400E+2	6.7229938E+1	6.0786289E+1	0.0000000E+0	0.0000000E+0	1.0000000E+2	0.0000000E+0
1.8086400E+2	6.7230771E+1	6.0759940E+1	0.0000000E+0	0.0000000E+0	1.0000000E+2	0.0000000E+0
1.8091400E+2	6.7245012E+1	6.0764100E+1	0.0000000E+0	0.0000000E+0	1.0000000E+2	0.0000000E+0
1.8096500E+2	6.7275214E+1	6.0762282E+1	0.0000000E+0	0.0000000E+0	1.0000000E+2	0.0000000E+0
1.8101500E+2	6.7318486E+1	6.0755011E+1	0.0000000E+0	0.0000000E+0	1.0000000E+2	0.0000000E+0
1.8106500E+2	6.7341622E+1	6.0753738E+1	0.0000000E+0	0.0000000E+0	1.0000000E+2	0.0000000E+0
1.8111500E+2	6.7383914E+1	6.0764043E+1	0.0000000E+0	0.0000000E+0	1.0000000E+2	0.0000000E+0
1.8116500E+2	6.7403984E+1	6.0761605E+1	0.0000000E+0	0.0000000E+0	1.0000000E+2	0.0000000E+0
1.8121500E+2	6.7421682E+1	6.0763529E+1	0.0000000E+0	0.0000000E+0	1.0000000E+2	0.0000000E+0
1.8126500E+2	6.7432211E+1	6.0761710E+1	0.0000000E+0	0.0000000E+0	1.0000000E+2	0.0000000E+0
1.8131500E+2	6.7449702E+1	6.0789749E+1	0.0000000E+0	0.0000000E+0	1.0000000E+2	0.0000000E+0
1.8136500E+2	6.7432740E+1	6.0780239E+1	0.0000000E+0	0.0000000E+0	1.0000000E+2	0.0000000E+0
1.8141500E+2	6.7443241E+1	6.0789756E+1	0.0000000E+0	0.0000000E+0	1.0000000E+2	0.0000000E+0
1.8146600E+2	6.7433592E+1	6.0781446E+1	0.0000000E+0	0.0000000E+0	1.0000000E+2	0.0000000E+0
1.8151600E+2	6.7448600E+1	6.0791390E+1	0.0000000E+0	0.0000000E+0	1.0000000E+2	0.0000000E+0
1.8156700E+2	6.7449901E+1	6.0787527E+1	0.0000000E+0	0.0000000E+0	1.0000000E+2	0.0000000E+0
1.8161800E+2	6.7430593E+1	6.0797560E+1	0.0000000E+0	0.0000000E+0	1.0000000E+2	0.0000000E+0
1.8166900E+2	6.7412468E+1	6.0794736E+1	0.0000000E+0	0.0000000E+0	1.0000000E+2	0.0000000E+0
1.8172000E+2	6.7427948E+1	6.0816324E+1	0.0000000E+0	0.0000000E+0	1.0000000E+2	0.0000000E+0
1.8177000E+2	6.7436461E+1	6.0816378E+1	0.0000000E+0	0.0000000E+0	1.0000000E+2	0.0000000E+0
1.8182000E+2	6.7424214E+1	6.0816457E+1	0.0000000E+0	0.0000000E+0	1.0000000E+2	0.0000000E+0
1.8187100E+2	6.7415048E+1	6.0810955E+1	0.0000000E+0	0.0000000E+0	1.0000000E+2	0.0000000E+0
1.8192200E+2	6.7397513E+1	6.0797164E+1	0.0000000E+0	0.0000000E+0	1.0000000E+2	0.0000000E+0
1.8197200E+2	6.7364646E+1	6.0791369E+1	0.0000000E+0	0.0000000E+0	1.0000000E+2	0.0000000E+0
1.8202200E+2	6.7373523E+1	6.0824377E+1	0.0000000E+0	0.0000000E+0	1.0000000E+2	0.0000000E+0
1.8207200E+2	6.7363747E+1	6.0816749E+1	0.0000000E+0	0.0000000E+0	1.0000000E+2	0.0000000E+0
1.8212200E+2	6.7336844E+1	6.0823401E+1	0.0000000E+0	0.0000000E+0	1.0000000E+2	0.0000000E+0
1.8217300E+2	6.7316964E+1	6.0822957E+1	0.0000000E+0	0.0000000E+0	1.0000000E+2	0.0000000E+0
1.8222400E+2	6.7343676E+1	6.0839202E+1	0.0000000E+0	0.0000000E+0	1.0000000E+2	0.0000000E+0
1.8227400E+2	6.7346727E+1	6.0825978E+1	0.0000000E+0	0.0000000E+0	1.0000000E+2	0.0000000E+0
1.8232400E+2	6.7350372E+1	6.0834695E+1	0.0000000E+0	0.0000000E+0	1.0000000E+2	0.0000000E+0
1.8237400E+2	6.7326536E+1	6.0813943E+1	0.0000000E+0	0.0000000E+0	1.0000000E+2	0.0000000E+0
1.8242400E+2	6.7337262E+1	6.0828712E+1	0.0000000E+0	0.0000000E+0	1.0000000E+2	0.0000000E+0
1.8247400E+2	6.7341663E+1	6.0825866E+1	0.0000000E+0	0.0000000E+0	1.0000000E+2	0.0000000E+0
1.8252400E+2	6.7352695E+1	6.0827340E+1	0.0000000E+0	0.0000000E+0	1.0000000E+2	0.0000000E+0
1.8257400E+2	6.7343375E+1	6.0827691E+1	0.0000000E+0	0.0000000E+0	1.0000000E+2	0.0000000E+0
1.8262400E+2	6.7325504E+1	6.0824879E+1	0.0000000E+0	0.0000000E+0	1.0000000E+2	0.0000000E+0
1.8267400E+2	6.7296878E+1	6.0814719E+1	0.0000000E+0	0.0000000E+0	1.0000000E+2	0.0000000E+0
1.8272400E+2	6.7294881E+1	6.0808424E+1	0.0000000E+0	0.0000000E+0	1.0000000E+2	0.0000000E+0
1.8277400E+2	6.7283909E+1	6.0823432E+1	0.0000000E+0	0.0000000E+0	1.0000000E+2	0.0000000E+0
1.8282500E+2	6.7241282E+1	6.0813071E+1	0.0000000E+0	0.0000000E+0	1.0000000E+2	0.0000000E+0
1.8287500E+2	6.7193333E+1	6.0806909E+1	0.0000000E+0	0.0000000E+0	1.0000000E+2	0.0000000E+0
1.8292500E+2	6.7163662E+1	6.0809863E+1	0.0000000E+0	0.0000000E+0	1.0000000E+2	0.0000000E+0
1.8297500E+2	6.7165123E+1	6.0816210E+1	0.0000000E+0	0.0000000E+0	1.0000000E+2	0.0000000E+0
1.8302500E+2	6.7123979E+1	6.0821067E+1	0.0000000E+0	0.0000000E+0	1.0000000E+2	0.0000000E+0
1.8307700E+2	6.7087026E+1	6.0806618E+1	0.0000000E+0	0.0000000E+0	1.0000000E+2	0.0000000E+0
1.8312700E+2	6.7075360E+1	6.0821664E+1	0.0000000E+0	0.0000000E+0	1.0000000E+2	0.0000000E+0
1.8317700E+2	6.7054411E+1	6.0824505E+1	0.0000000E+0	0.0000000E+0	1.0000000E+2	0.0000000E+0
1.8322700E+2	6.7056569E+1	6.0820808E+1	0.0000000E+0	0.0000000E+0	1.0000000E+2	0.0000000E+0
1.8327700E+2	6.7062980E+1	6.0821700E+1	0.0000000E+0	0.0000000E+0	1.0000000E+2	0.0000000E+0
1.8332700E+2	6.7070249E+1	6.0818810E+1	0.0000000E+0	0.0000000E+0	1.0000000E+2	0.0000000E+0
1.8337700E+2	6.7076850E+1	6.0818055E+1	0.0000000E+0	0.0000000E+0	1.0000000E+2	0.0000000E+0
1.8342700E+2	6.7092365E+1	6.0805286E+1	0.0000000E+0	0.0000000E+0	1.0000000E+2	0.0000000E+0
1.8347800E+2	6.7093228E+1	6.0793023E+1	0.0000000E+0	0.0000000E+0	1.0000000E+2	0.0000000E+0
1.8352800E+2	6.7075640E+1	6.0815247E+1	0.0000000E+0	0.0000000E+0	1.0000000E+2	0.0000000E+0
1.8357800E+2	6.7070622E+1	6.0821871E+1	0.0000000E+0	0.0000000E+0	1.0000000E+2	0.0000000E+0
1.8362800E+2	6.7090426E+1	6.0832660E+1	0.0000000E+0	0.0000000E+0	1.0000000E+2	0.0000000E+0
1.8367800E+2	6.7087387E+1	6.0830159E+1	0.0000000E+0	0.0000000E+0	1.0000000E+2	0.0000000E+0
1.8372800E+2	6.7090632E+1	6.0810118E+1	0.0000000E+0	0.0000000E+0	1.0000000E+2	0.0000000E+0
1.8377800E+2	6.7087919E+1	6.0821511E+1	0.0000000E+0	0.0000000E+0	1.0000000E+2	0.0000000E+0
1.8382800E+2	6.7096415E+1	6.0817858E+1	0.0000000E+0	0.0000000E+0	1.0000000E+2	0.0000000E+0
1.8387800E+2	6.7104423E+1	6.0819010E+1	0.0000000E+0	0.0000000E+0	1.0000000E+2	0.0000000E+0
1.8392800E+2	6.7116352E+1	6.0822473E+1	0.0000000E+0	0.0000000E+0	1.0000000E+2	0.0000000E+0
1.8397800E+2	6.7128955E+1	6.0827648E+1	0.0000000E+0	0.0000000E+0	1.0000000E+2	0.0000000E+0
1.8402800E+2	6.7104989E+1	6.0818443E+1	0.0000000E+0	0.0000000E+0	1.0000000E+2	0.0000000E+0
1.8407800E+2	6.7118003E+1	6.0823756E+1	0.0000000E+0	0.0000000E+0	1.0000000E+2	0.0000000E+0
1.8412800E+2	6.7126228E+1	6.0817573E+1	0.0000000E+0	0.0000000E+0	1.0000000E+2	0.0000000E+0
1.8417800E+2	6.7147143E+1	6.0833492E+1	0.0000000E+0	0.0000000E+0	1.0000000E+2	0.0000000E+0
1.8422900E+2	6.7149428E+1	6.0830236E+1	0.0000000E+0	0.0000000E+0	1.0000000E+2	0.0000000E+0
1.8427900E+2	6.7128834E+1	6.0828785E+1	0.0000000E+0	0.0000000E+0	1.0000000E+2	0.0000000E+0
1.8432900E+2	6.7088722E+1	6.0829581E+1	0.0000000E+0	0.0000000E+0	1.0000000E+2	0.0000000E+0
1.8437900E+2	6.7094448E+1	6.0818477E+1	0.0000000E+0	0.0000000E+0	1.0000000E+2	0.0000000E+0
1.8442900E+2	6.7106164E+1	6.0820773E+1	0.0000000E+0	0.0000000E+0	1.0000000E+2	0.0000000E+0
1.8447900E+2	6.7108590E+1	6.0829959E+1	0.0000000E+0	0.0000000E+0	1.0000000E+2	0.0000000E+0
1.8452900E+2	6.7107396E+1	6.0823202E+1	0.0000000E+0	0.0000000E+0	1.0000000E+2	0.0000000E+0
1.8457900E+2	6.7092179E+1	6.0812461E+1	0.0000000E+0	0.0000000E+0	1.0000000E+2	0.0000000E+0
1.8462900E+2	6.7094456E+1	6.0817513E+1	0.0000000E+0	0.0000000E+0	1.0000000E+2	0.0000000E+0
1.8467900E+2	6.7123979E+1	6.0827591E+1	0.0000000E+0	0.0000000E+0	1.0000000E+2	0.0000000E+0
1.8473000E+2	6.7133928E+1	6.0810650E+1	0.0000000E+0	0.0000000E+0	1.0000000E+2	0.0000000E+0
1.8478000E+2	6.7188285E+1	6.0807768E+1	0.0000000E+0	0.0000000E+0	1.0000000E+2	0.0000000E+0
1.8483000E+2	6.7222580E+1	6.0812136E+1	0.0000000E+0	0.0000000E+0	1.0000000E+2	0.0000000E+0
1.8488000E+2	6.7257846E+1	6.0830862E+1	0.0000000E+0	0.0000000E+0	1.0000000E+2	0.0000000E+0
1.8493000E+2	6.7264428E+1	6.0814644E+1	0.0000000E+0	0.0000000E+0	1.0000000E+2	0.0000000E+0
1.8498000E+2	6.7275288E+1	6.0818525E+1	0.0000000E+0	0.0000000E+0	1.0000000E+2	0.0000000E+0
1.8503000E+2	6.7275883E+1	6.0823798E+1	0.0000000E+0	0.0000000E+0	1.0000000E+2	0.0000000E+0
1.8508000E+2	6.7248384E+1	6.0829985E+1	0.0000000E+0	0.0000000E+0	1.0000000E+2	0.0000000E+0
1.8513000E+2	6.7231605E+1	6.0846148E+1	0.0000000E+0	0.0000000E+0	1.0000000E+2	0.0000000E+0
1.8518000E+2	6.7245791E+1	6.0846221E+1	0.0000000E+0	0.0000000E+0	1.0000000E+2	0.0000000E+0
1.8523000E+2	6.7234053E+1	6.0828593E+1	0.0000000E+0	0.0000000E+0	1.0000000E+2	0.0000000E+0
1.8528000E+2	6.7236853E+1	6.0826321E+1	0.0000000E+0	0.0000000E+0	1.0000000E+2	0.0000000E+0
1.8533100E+2	6.7239444E+1	6.0836186E+1	0.0000000E+0	0.0000000E+0	1.0000000E+2	0.0000000E+0
1.8538100E+2	6.7224543E+1	6.0830044E+1	0.0000000E+0	0.0000000E+0	1.0000000E+2	0.0000000E+0
1.8543100E+2	6.7207621E+1	6.0829652E+1	0.0000000E+0	0.0000000E+0	1.0000000E+2	0.0000000E+0
1.8548100E+2	6.7201743E+1	6.0846012E+1	0.0000000E+0	0.0000000E+0	1.0000000E+2	0.0000000E+0
1.8553100E+2	6.7187311E+1	6.0844948E+1	0.0000000E+0	0.0000000E+0	1.0000000E+2	0.0000000E+0
1.8558100E+2	6.7191384E+1	6.0836028E+1	0.0000000E+0	0.0000000E+0	1.0000000E+2	0.0000000E+0
1.8563100E+2	6.7197626E+1	6.0833155E+1	0.0000000E+0	0.0000000E+0	1.0000000E+2	0.0000000E+0
1.8568100E+2	6.7203253E+1	6.0839838E+1	0.0000000E+0	0.0000000E+0	1.0000000E+2	0.0000000E+0
1.8573100E+2	6.7197074E+1	6.0845792E+1	0.0000000E+0	0.0000000E+0	1.0000000E+2	0.0000000E+0
1.8578100E+2	6.7163104E+1	6.0843016E+1	0.0000000E+0	0.0000000E+0	1.0000000E+2	0.0000000E+0
1.8583100E+2	6.7154376E+1	6.0842950E+1	0.0000000E+0	0.0000000E+0	1.0000000E+2	0.0000000E+0
1.8588100E+2	6.7143992E+1	6.0830791E+1	0.0000000E+0	0.0000000E+0	1.0000000E+2	0.0000000E+0
1.8593100E+2	6.7150213E+1	6.0828198E+1	0.0000000E+0	0.0000000E+0	1.0000000E+2	0.0000000E+0
1.8598100E+2	6.7150236E+1	6.0830334E+1	0.0000000E+0	0.0000000E+0	1.0000000E+2	0.0000000E+0
1.8603100E+2	6.7157137E+1	6.0845707E+1	0.0000000E+0	0.0000000E+0	1.0000000E+2	0.0000000E+0
1.8608100E+2	6.7144634E+1	6.0830870E+1	0.0000000E+0	0.0000000E+0	1.0000000E+2	0.0000000E+0
1.8613100E+2	6.7141183E+1	6.0837515E+1	0.0000000E+0	0.0000000E+0	1.0000000E+2	0.0000000E+0
1.8618100E+2	6.7123306E+1	6.0830719E+1	0.0000000E+0	0.0000000E+0	1.0000000E+2	0.0000000E+0
1.8623200E+2	6.7110078E+1	6.0819356E+1	0.0000000E+0	0.0000000E+0	1.0000000E+2	0.0000000E+0
1.8628200E+2	6.7085043E+1	6.0821855E+1	0.0000000E+0	0.0000000E+0	1.0000000E+2	0.0000000E+0
1.8633200E+2	6.7082405E+1	6.0822492E+1	0.0000000E+0	0.0000000E+0	1.0000000E+2	0.0000000E+0
1.8638200E+2	6.7114015E+1	6.0833160E+1	0.0000000E+0	0.0000000E+0	1.0000000E+2	0.0000000E+0
1.8643200E+2	6.7133706E+1	6.0852625E+1	0.0000000E+0	0.0000000E+0	1.0000000E+2	0.0000000E+0
1.8648200E+2	6.7124501E+1	6.0845493E+1	0.0000000E+0	0.0000000E+0	1.0000000E+2	0.0000000E+0
1.8653300E+2	6.7078789E+1	6.0842311E+1	0.0000000E+0	0.0000000E+0	1.0000000E+2	0.0000000E+0
1.8658400E+2	6.7065301E+1	6.0838232E+1	0.0000000E+0	0.0000000E+0	1.0000000E+2	0.0000000E+0
1.8663400E+2	6.7090901E+1	6.0854665E+1	0.0000000E+0	0.0000000E+0	1.0000000E+2	0.0000000E+0
1.8668400E+2	6.7075328E+1	6.0832394E+1	0.0000000E+0	0.0000000E+0	1.0000000E+2	0.0000000E+0
1.8673400E+2	6.7041021E+1	6.0841677E+1	0.0000000E+0	0.0000000E+0	1.0000000E+2	0.0000000E+0
1.8678500E+2	6.7010928E+1	6.0837777E+1	0.0000000E+0	0.0000000E+0	1.0000000E+2	0.0000000E+0
1.8683500E+2	6.7023785E+1	6.0834144E+1	0.0000000E+0	0.0000000E+0	1.0000000E+2	0.0000000E+0
1.8688500E+2	6.7038154E+1	6.0856961E+1	0.0000000E+0	0.0000000E+0	1.0000000E+2	0.0000000E+0
1.8693500E+2	6.7054184E+1	6.0855779E+1	0.0000000E+0	0.0000000E+0	1.0000000E+2	0.0000000E+0
1.8698500E+2	6.7072471E+1	6.0855214E+1	0.0000000E+0	0.0000000E+0	1.0000000E+2	0.0000000E+0
1.8703600E+2	6.7088667E+1	6.0854099E+1	0.0000000E+0	0.0000000E+0	1.0000000E+2	0.0000000E+0
1.8708600E+2	6.7115221E+1	6.0850411E+1	0.0000000E+0	0.0000000E+0	1.0000000E+2	0.0000000E+0
1.8713700E+2	6.7126891E+1	6.0840232E+1	0.0000000E+0	0.0000000E+0	1.0000000E+2	0.0000000E+0
1.8718800E+2	6.7155553E+1	6.0868764E+1	0.0000000E+0	0.0000000E+0	1.0000000E+2	0.0000000E+0
1.8723800E+2	6.7161199E+1	6.0863071E+1	0.0000000E+0	0.0000000E+0	1.0000000E+2	0.0000000E+0
1.8728800E+2	6.7177522E+1	6.0869817E+1	0.0000000E+0	0.0000000E+0	1.0000000E+2	0.0000000E+0
1.8733900E+2	6.7194721E+1	6.0858897E+1	0.0000000E+0	0.0000000E+0	1.0000000E+2	0.0000000E+0
1.8739000E+2	6.7176648E+1	6.0851765E+1	0.0000000E+0	0.0000000E+0	1.0000000E+2	0.0000000E+0
1.8744000E+2	6.7158294E+1	6.0844243E+1	0.0000000E+0	0.0000000E+0	1.0000000E+2	0.0000000E+0
1.8749000E+2	6.7215995E+1	6.0865164E+1	0.0000000E+0	0.0000000E+0	1.0000000E+2	0.0000000E+0
1.8754000E+2	6.7217288E+1	6.0871257E+1	0.0000000E+0	0.0000000E+0	1.0000000E+2	0.0000000E+0
1.8759100E+2	6.7212054E+1	6.0856881E+1	0.0000000E+0	0.0000000E+0	1.0000000E+2	0.0000000E+0
1.8764100E+2	6.7229465E+1	6.0856593E+1	0.0000000E+0	0.0000000E+0	1.0000000E+2	0.0000000E+0
1.8769100E+2	6.7230626E+1	6.0856571E+1	0.0000000E+0	0.0000000E+0	1.0000000E+2	0.0000000E+0
1.8774200E+2	6.7231756E+1	6.0853423E+1	0.0000000E+0	0.0000000E+0	1.0000000E+2	0.0000000E+0
1.8779200E+2	6.7221168E+1	6.0863053E+1	0.0000000E+0	0.0000000E+0	1.0000000E+2	0.0000000E+0
1.8784300E+2	6.7225124E+1	6.0862840E+1	0.0000000E+0	0.0000000E+0	1.0000000E+2	0.0000000E+0
1.8789300E+2	6.7232203E+1	6.0869895E+1	0.0000000E+0	0.0000000E+0	1.0000000E+2	0.0000000E+0
1.8794300E+2	6.7248358E+1	6.0866657E+1	0.0000000E+0	0.0000000E+0	1.0000000E+2	0.0000000E+0
1.8799400E+2	6.7232368E+1	6.0855358E+1	0.0000000E+0	0.0000000E+0	1.0000000E+2	0.0000000E+0
1.8804400E+2	6.7214263E+1	6.0850010E+1	0.0000000E+0	0.0000000E+0	1.0000000E+2	0.0000000E+0
1.8809400E+2	6.7211409E+1	6.0858713E+1	0.0000000E+0	0.0000000E+0	1.0000000E+2	0.0000000E+0
1.8814500E+2	6.7199343E+1	6.0861318E+1	0.0000000E+0	0.0000000E+0	1.0000000E+2	0.0000000E+0
1.8819500E+2	6.7170419E+1	6.0849075E+1	0.0000000E+0	0.0000000E+0	1.0000000E+2	0.0000000E+0
1.8824500E+2	6.7148605E+1	6.0864104E+1	0.0000000E+0	0.0000000E+0	1.0000000E+2	0.0000000E+0
1.8829500E+2	6.7147586E+1	6.0854676E+1	0.0000000E+0	0.0000000E+0	1.0000000E+2	0.0000000E+0
1.8834500E+2	6.7132459E+1	6.0863190E+1	0.0000000E+0	0.0000000E+0	1.0000000E+2	0.0000000E+0
1.8839500E+2	6.7131159E+1	6.0868964E+1	0.0000000E+0	0.0000000E+0	1.0000000E+2	0.0000000E+0
1.8844500E+2	6.7135952E+1	6.0851150E+1	0.0000000E+0	0.0000000E+0	1.0000000E+2	0.0000000E+0
1.8849500E+2	6.7153401E+1	6.0869199E+1	0.0000000E+0	0.0000000E+0	1.0000000E+2	0.0000000E+0
1.8854500E+2	6.7142868E+1	6.0861977E+1	0.0000000E+0	0.0000000E+0	1.0000000E+2	0.0000000E+0
1.8859500E+2	6.7155099E+1	6.0862130E+1	0.0000000E+0	0.0000000E+0	1.0000000E+2	0.0000000E+0
1.8864500E+2	6.7180863E+1	6.0870746E+1	0.0000000E+0	0.0000000E+0	1.0000000E+2	0.0000000E+0
1.8869500E+2	6.7183077E+1	6.0867449E+1	0.0000000E+0	0.0000000E+0	1.0000000E+2	0.0000000E+0
1.8874500E+2	6.7197912E+1	6.0853614E+1	0.0000000E+0	0.0000000E+0	1.0000000E+2	0.0000000E+0
1.8879500E+2	6.7195503E+1	6.0857751E+1	0.0000000E+0	0.0000000E+0	1.0000000E+2	0.0000000E+0
1.8884500E+2	6.7194536E+1	6.0858576E+1	0.0000000E+0	0.0000000E+0	1.0000000E+2	0.0000000E+0
1.8889500E+2	6.7216107E+1	6.0881214E+1	0.0000000E+0	0.0000000E+0	1.0000000E+2	0.0000000E+0
1.8894600E+2	6.7160552E+1	6.0873747E+1	0.0000000E+0	0.0000000E+0	1.0000000E+2	0.0000000E+0
1.8899600E+2	6.7172973E+1	6.0878666E+1	0.0000000E+0	0.0000000E+0	1.0000000E+2	0.0000000E+0
1.8904600E+2	6.7166922E+1	6.0872770E+1	0.0000000E+0	0.0000000E+0	1.0000000E+2	0.0000000E+0
1.8909600E+2	6.7168984E+1	6.0869038E+1	0.0000000E+0	0.0000000E+0	1.0000000E+2	0.0000000E+0
1.8914700E+2	6.7194733E+1	6.0866454E+1	0.0000000E+0	0.0000000E+0	1.0000000E+2	0.0000000E+0
1.8919700E+2	6.7184741E+1	6.0868150E+1	0.0000000E+0	0.0000000E+0	1.0000000E+2	0.0000000E+0
1.8924700E+2	6.7188588E+1	6.0849523E+1	0.0000000E+0	0.0000000E+0	1.0000000E+2	0.0000000E+0
1.8929800E+2	6.7187928E+1	6.0859729E+1	0.0000000E+0	0.0000000E+0	1.0000000E+2	0.0000000E+0
1.8934800E+2	6.7186638E+1	6.0861198E+1	0.0000000E+0	0.0000000E+0	1.0000000E+2	0.0000000E+0
1.8940000E+2	6.7208079E+1	6.0859815E+1	0.0000000E+0	0.0000000E+0	1.0000000E+2	0.0000000E+0
1.8945100E+2	6.7188994E+1	6.0875194E+1	0.0000000E+0	0.0000000E+0	1.0000000E+2	0.0000000E+0
1.8950100E+2	6.7185737E+1	6.0886633E+1	0.0000000E+0	0.0000000E+0	1.0000000E+2	0.0000000E+0
1.8955100E+2	6.7170789E+1	6.0875673E+1	0.0000000E+0	0.0000000E+0	1.0000000E+2	0.0000000E+0
1.8960100E+2	6.7127158E+1	6.0867156E+1	0.0000000E+0	0.0000000E+0	1.0000000E+2	0.0000000E+0
1.8965100E+2	6.7133238E+1	6.0846170E+1	0.0000000E+0	0.0000000E+0	1.0000000E+2	0.0000000E+0
1.8970100E+2	6.7150507E+1	6.0858772E+1	0.0000000E+0	0.0000000E+0	1.0000000E+2	0.0000000E+0
1.8975200E+2	6.7162480E+1	6.0863355E+1	0.0000000E+0	0.0000000E+0	1.0000000E+2	0.0000000E+0
1.8980200E+2	6.7178344E+1	6.0865081E+1	0.0000000E+0	0.0000000E+0	1.0000000E+2	0.0000000E+0
1.8985200E+2	6.7170103E+1	6.0863279E+1	0.0000000E+0	0.0000000E+0	1.0000000E+2	0.0000000E+0
1.8990200E+2	6.7184680E+1	6.0877980E+1	0.0000000E+0	0.0000000E+0	1.0000000E+2	0.0000000E+0
1.8995200E+2	6.7173222E+1	6.0863261E+1	0.0000000E+0	0.0000000E+0	1.0000000E+2	0.0000000E+0
1.9000300E+2	6.7182851E+1	6.0875022E+1	0.0000000E+0	0.0000000E+0	1.0000000E+2	0.0000000E+0
1.9005300E+2	6.7190691E+1	6.0877277E+1	0.0000000E+0	0.0000000E+0	1.0000000E+2	0.0000000E+0
1.9010400E+2	6.7172955E+1	6.0882749E+1	0.0000000E+0	0.0000000E+0	1.0000000E+2	0.0000000E+0
1.9015500E+2	6.7153956E+1	6.0882572E+1	0.0000000E+0	0.0000000E+0	1.0000000E+2	0.0000000E+0
1.9020500E+2	6.7148382E+1	6.0888092E+1	0.0000000E+0	0.0000000E+0	1.0000000E+2	0.0000000E+0
1.9025500E+2	6.7150611E+1	6.0875649E+1	0.0000000E+0	0.0000000E+0	1.0000000E+2	0.0000000E+0
1.9030500E+2	6.7180278E+1	6.0893192E+1	0.0000000E+0	0.0000000E+0	1.0000000E+2	0.0000000E+0
1.9035500E+2	6.7192605E+1	6.0887638E+1	0.0000000E+0	0.0000000E+0	1.0000000E+2	0.0000000E+0
1.9040500E+2	6.7152895E+1	6.0868211E+1	0.0000000E+0	0.0000000E+0	1.0000000E+2	0.0000000E+0
1.9045500E+2	6.7133652E+1	6.0878620E+1	0.0000000E+0	0.0000000E+0	1.0000000E+2	0.0000000E+0
1.9050600E+2	6.7139352E+1	6.0877310E+1	0.0000000E+0	0.0000000E+0	1.0000000E+2	0.0000000E+0
1.9055700E+2	6.7128021E+1	6.0861940E+1	0.0000000E+0	0.0000000E+0	1.0000000E+2	0.0000000E+0
1.9060700E+2	6.7113857E+1	6.0866813E+1	0.0000000E+0	0.0000000E+0	1.0000000E+2	0.0000000E+0
1.9065800E+2	6.7059639E+1	6.0840697E+1	0.0000000E+0	0.0000000E+0	1.0000000E+2	0.0000000E+0
1.9070800E+2	6.7043693E+1	6.0848186E+1	0.0000000E+0	0.0000000E+0	1.0000000E+2	0.0000000E+0
1.9075800E+2	6.7036087E+1	6.0872130E+1	0.0000000E+0	0.0000000E+0	1.0000000E+2	0.0000000E+0
1.9080800E+2	6.7005688E+1	6.0854068E+1	0.0000000E+0	0.0000000E+0	1.0000000E+2	0.0000000E+0
1.9085800E+2	6.6993472E+1	6.0872617E+1	0.0000000E+0	0.0000000E+0	1.0000000E+2	0.0000000E+0
1.9090800E+2	6.7001788E+1	6.0861646E+1	0.0000000E+0	0.0000000E+0	1.0000000E+2	0.0000000E+0
1.9095800E+2	6.7017726E+1	6.0861762E+1	0.0000000E+0	0.0000000E+0	1.0000000E+2	0.0000000E+0
1.9100800E+2	6.7004982E+1	6.0840909E+1	0.0000000E+0	0.0000000E+0	1.0000000E+2	0.0000000E+0
1.9105900E+2	6.7019133E+1	6.0862718E+1	0.0000000E+0	0.0000000E+0	1.0000000E+2	0.0000000E+0
1.9110900E+2	6.7012257E+1	6.0858806E+1	0.0000000E+0	0.0000000E+0	1.0000000E+2	0.0000000E+0
1.9115900E+2	6.6987485E+1	6.0831879E+1	0.0000000E+0	0.0000000E+0	1.0000000E+2	0.0000000E+0
1.9121000E+2	6.6998116E+1	6.0847905E+1	0.0000000E+0	0.0000000E+0	1.0000000E+2	0.0000000E+0
1.9126000E+2	6.6983745E+1	6.0856504E+1	0.0000000E+0	0.0000000E+0	1.0000000E+2	0.0000000E+0
1.9131100E+2	6.6984671E+1	6.0871253E+1	0.0000000E+0	0.0000000E+0	1.0000000E+2	0.0000000E+0
1.9136100E+2	6.6994501E+1	6.0854817E+1	0.0000000E+0	0.0000000E+0	1.0000000E+2	0.0000000E+0
1.9141100E+2	6.7003900E+1	6.0860056E+1	0.0000000E+0	0.0000000E+0	1.0000000E+2	0.0000000E+0
1.9146200E+2	6.7036742E+1	6.0871223E+1	0.0000000E+0	0.0000000E+0	1.0000000E+2	0.0000000E+0
1.9151200E+2	6.7057322E+1	6.0870395E+1	0.0000000E+0	0.0000000E+0	1.0000000E+2	0.0000000E+0
1.9156200E+2	6.7059490E+1	6.0867064E+1	0.0000000E+0	0.0000000E+0	1.0000000E+2	0.0000000E+0
1.9161200E+2	6.7064948E+1	6.0864208E+1	0.0000000E+0	0.0000000E+0	1.0000000E+2	0.0000000E+0
1.9166200E+2	6.7088542E+1	6.0886943E+1	0.0000000E+0	0.0000000E+0	1.0000000E+2	0.0000000E+0
1.9171200E+2	6.7079030E+1	6.0879218E+1	0.0000000E+0	0.0000000E+0	1.0000000E+2	0.0000000E+0
1.9176200E+2	6.7092317E+1	6.0867737E+1	0.0000000E+0	0.0000000E+0	1.0000000E+2	0.0000000E+0
1.9181300E+2	6.7117914E+1	6.0870743E+1	0.0000000E+0	0.0000000E+0	1.0000000E+2	0.0000000E+0
1.9186400E+2	6.7138869E+1	6.0873325E+1	0.0000000E+0	0.0000000E+0	1.0000000E+2	0.0000000E+0
1.9191400E+2	6.7156925E+1	6.0870791E+1	0.0000000E+0	0.0000000E+0	1.0000000E+2	0.0000000E+0
1.9196500E+2	6.7178809E+1	6.0873500E+1	0.0000000E+0	0.0000000E+0	1.0000000E+2	0.0000000E+0
1.9201500E+2	6.7204936E+1	6.0856469E+1	0.0000000E+0	0.0000000E+0	1.0000000E+2	0.0000000E+0
1.9206500E+2	6.7229052E+1	6.0862324E+1	0.0000000E+0	0.0000000E+0	1.0000000E+2	0.0000000E+0
1.9211600E+2	6.7236672E+1	6.0859335E+1	0.0000000E+0	0.0000000E+0	1.0000000E+2	0.0000000E+0
1.9216600E+2	6.7230946E+1	6.0848371E+1	0.0000000E+0	0.0000000E+0	1.0000000E+2	0.0000000E+0
1.9221600E+2	6.7248749E+1	6.0848303E+1	0.0000000E+0	0.0000000E+0	1.0000000E+2	0.0000000E+0
1.9226600E+2	6.7265809E+1	6.0863615E+1	0.0000000E+0	0.0000000E+0	1.0000000E+2	0.0000000E+0
1.9231600E+2	6.7267638E+1	6.0866672E+1	0.0000000E+0	0.0000000E+0	1.0000000E+2	0.0000000E+0
1.9236600E+2	6.7263985E+1	6.0860611E+1	0.0000000E+0	0.0000000E+0	1.0000000E+2	0.0000000E+0
1.9241600E+2	6.7258194E+1	6.0873088E+1	0.0000000E+0	0.0000000E+0	1.0000000E+2	0.0000000E+0
1.9246600E+2	6.7228382E+1	6.0865042E+1	0.0000000E+0	0.0000000E+0	1.0000000E+2	0.0000000E+0
1.9251600E+2	6.7237150E+1	6.0877332E+1	0.0000000E+0	0.0000000E+0	1.0000000E+2	0.0000000E+0
1.9256600E+2	6.7212736E+1	6.0867772E+1	0.0000000E+0	0.0000000E+0	1.0000000E+2	0.0000000E+0
1.9261600E+2	6.7185715E+1	6.0863668E+1	0.0000000E+0	0.0000000E+0	1.0000000E+2	0.0000000E+0
1.9266700E+2	6.7178349E+1	6.0851389E+1	0.0000000E+0	0.0000000E+0	1.0000000E+2	0.0000000E+0
1.9271800E+2	6.7194969E+1	6.0868066E+1	0.0000000E+0	0.0000000E+0	1.0000000E+2	0.0000000E+0
1.9276800E+2	6.7199769E+1	6.0884569E+1	0.0000000E+0	0.0000000E+0	1.0000000E+2	0.0000000E+0
1.9281800E+2	6.7175702E+1	6.0876585E+1	0.0000000E+0	0.0000000E+0	1.0000000E+2	0.0000000E+0
1.9286800E+2	6.7145527E+1	6.0866674E+1	0.0000000E+0	0.0000000E+0	1.0000000E+2	0.0000000E+0
1.9291800E+2	6.7138674E+1	6.0876460E+1	0.0000000E+0	0.0000000E+0	1.0000000E+2	0.0000000E+0
1.9296800E+2	6.7144479E+1	6.0891896E+1	0.0000000E+0	0.0000000E+0	1.0000000E+2	0.0000000E+0
1.9301800E+2	6.7153583E+1	6.0891419E+1	0.0000000E+0	0.0000000E+0	1.0000000E+2	0.0000000E+0
1.9306800E+2	6.7134817E+1	6.0885578E+1	0.0000000E+0	0.0000000E+0	1.0000000E+2	0.0000000E+0
1.9311800E+2	6.7145540E+1	6.0879227E+1	0.0000000E+0	0.0000000E+0	1.0000000E+2	0.0000000E+0
1.9316900E+2	6.7161744E+1	6.0869570E+1	0.0000000E+0	0.0000000E+0	1.0000000E+2	0.0000000E+0
1.9321900E+2	6.7179710E+1	6.0875439E+1	0.0000000E+0	0.0000000E+0	1.0000000E+2	0.0000000E+0
1.9326900E+2	6.7195653E+1	6.0886141E+1	0.0000000E+0	0.0000000E+0	1.0000000E+2	0.0000000E+0
1.9331900E+2	6.7207908E+1	6.0894168E+1	0.0000000E+0	0.0000000E+0	1.0000000E+2	0.0000000E+0
1.9336900E+2	6.7213240E+1	6.0881709E+1	0.0000000E+0	0.0000000E+0	1.0000000E+2	0.0000000E+0
1.9341900E+2	6.7261957E+1	6.0903670E+1	0.0000000E+0	0.0000000E+0	1.0000000E+2	0.0000000E+0
1.9346900E+2	6.7277827E+1	6.0899092E+1	0.0000000E+0	0.0000000E+0	1.0000000E+2	0.0000000E+0
1.9352000E+2	6.7307769E+1	6.0899017E+1	0.0000000E+0	0.0000000E+0	1.0000000E+2	0.0000000E+0
1.9357100E+2	6.7329638E+1	6.0879486E+1	0.0000000E+0	0.0000000E+0	1.0000000E+2	0.0000000E+0
1.9362100E+2	6.7359975E+1	6.0881043E+1	0.0000000E+0	0.0000000E+0	1.0000000E+2	0.0000000E+0
1.9367100E+2	6.7373474E+1	6.0887677E+1	0.0000000E+0	0.0000000E+0	1.0000000E+2	0.0000000E+0
1.9372100E+2	6.7388301E+1	6.0895319E+1	0.0000000E+0	0.0000000E+0	1.0000000E+2	0.0000000E+0
1.9377100E+2	6.7350187E+1	6.0887157E+1	0.0000000E+0	0.0000000E+0	1.0000000E+2	0.0000000E+0
1.9382100E+2	6.7337826E+1	6.0905473E+1	0.0000000E+0	0.0000000E+0	1.0000000E+2	0.0000000E+0
1.9387100E+2	6.7319436E+1	6.0881817E+1	0.0000000E+0	0.0000000E+0	1.0000000E+2	0.0000000E+0
1.9392100E+2	6.7324694E+1	6.0876898E+1	0.0000000E+0	0.0000000E+0	1.0000000E+2	0.0000000E+0
1.9397100E+2	6.7305641E+1	6.0879490E+1	0.0000000E+0	0.0000000E+0	1.0000000E+2	0.0000000E+0
1.9402100E+2	6.7292630E+1	6.0876515E+1	0.0000000E+0	0.0000000E+0	1.0000000E+2	0.0000000E+0
1.9407100E+2	6.7281252E+1	6.0878420E+1	0.0000000E+0	0.0000000E+0	1.0000000E+2	0.0000000E+0
1.9412100E+2	6.7265818E+1	6.0874017E+1	0.0000000E+0	0.0000000E+0	1.0000000E+2	0.0000000E+0
1.9417200E+2	6.7263755E+1	6.0877529E+1	0.0000000E+0	0.0000000E+0	1.0000000E+2	0.0000000E+0
1.9422200E+2	6.7267509E+1	6.0893233E+1	0.0000000E+0	0.0000000E+0	1.0000000E+2	0.0000000E+0
1.9427200E+2	6.7240333E+1	6.0876367E+1	0.0000000E+0	0.0000000E+0	1.0000000E+2	0.0000000E+0
1.9432400E+2	6.7218337E+1	6.0873902E+1	0.0000000E+0	0.0000000E+0	1.0000000E+2	0.0000000E+0
1.9437400E+2	6.7225471E+1	6.0878776E+1	0.0000000E+0	0.0000000E+0	1.0000000E+2	0.0000000E+0
1.9442400E+2	6.7238863E+1	6.0882069E+1	0.0000000E+0	0.0000000E+0	1.0000000E+2	0.0000000E+0
1.9447400E+2	6.7251696E+1	6.0870228E+1	0.0000000E+0	0.0000000E+0	1.0000000E+2	0.0000000E+0
1.9452400E+2	6.7267348E+1	6.0907463E+1	0.0000000E+0	0.0000000E+0	1.0000000E+2	0.0000000E+0
1.9457500E+2	6.7248888E+1	6.0878052E+1	0.0000000E+0	0.0000000E+0	1.0000000E+2	0.0000000E+0
1.9462500E+2	6.7244311E+1	6.0874469E+1	0.0000000E+0	0.0000000E+0	1.0000000E+2	0.0000000E+0
1.9467500E+2	6.7262353E+1	6.0866620E+1	0.0000000E+0	0.0000000E+0	1.0000000E+2	0.0000000E+0
1.9472500E+2	6.7281267E+1	6.0883867E+1	0.0000000E+0	0.0000000E+0	1.0000000E+2	0.0000000E+0
1.9477500E+2	6.7273558E+1	6.0885299E+1	0.0000000E+0	0.0000000E+0	1.0000000E+2	0.0000000E+0
1.9482500E+2	6.7251405E+1	6.0888265E+1	0.0000000E+0	0.0000000E+0	1.0000000E+2	0.0000000E+0
1.9487500E+2	6.7266809E+1	6.0887996E+1	0.0000000E+0	0.0000000E+0	1.0000000E+2	0.0000000E+0
1.9492500E+2	6.7270180E+1	6.0904030E+1	0.0000000E+0	0.0000000E+0	1.0000000E+2	0.0000000E+0
1.9497600E+2	6.7253876E+1	6.0884141E+1	0.0000000E+0	0.0000000E+0	1.0000000E+2	0.0000000E+0
1.9502600E+2	6.7234555E+1	6.0873337E+1	0.0000000E+0	0.0000000E+0	1.0000000E+2	0.0000000E+0
1.9507600E+2	6.7224253E+1	6.0874857E+1	0.0000000E+0	0.0000000E+0	1.0000000E+2	0.0000000E+0
1.9512600E+2	6.7209191E+1	6.0867143E+1	0.0000000E+0	0.0000000E+0	1.0000000E+2	0.0000000E+0
1.9517600E+2	6.7210899E+1	6.0904011E+1	0.0000000E+0	0.0000000E+0	1.0000000E+2	0.0000000E+0
1.9522600E+2	6.7178251E+1	6.0888822E+1	0.0000000E+0	0.0000000E+0	1.0000000E+2	0.0000000E+0
1.9527600E+2	6.7171203E+1	6.0896204E+1	0.0000000E+0	0.0000000E+0	1.0000000E+2	0.0000000E+0
1.9532700E+2	6.7147723E+1	6.0884871E+1	0.0000000E+0	0.0000000E+0	1.0000000E+2	0.0000000E+0
1.9537800E+2	6.7156651E+1	6.0874993E+1	0.0000000E+0	0.0000000E+0	1.0000000E+2	0.0000000E+0
1.9542800E+2	6.7154950E+1	6.0864313E+1	0.0000000E+0	0.0000000E+0	1.0000000E+2	0.0000000E+0
1.9547800E+2	6.7171378E+1	6.0866104E+1	0.0000000E+0	0.0000000E+0	1.0000000E+2	0.0000000E+0
1.9553000E+2	6.7178255E+1	6.0873819E+1	0.0000000E+0	0.0000000E+0	1.0000000E+2	0.0000000E+0
1.9558000E+2	6.7198584E+1	6.0886312E+1	0.0000000E+0	0.0000000E+0	1.0000000E+2	0.0000000E+0
1.9563100E+2	6.7205711E+1	6.0890219E+1	0.0000000E+0	0.0000000E+0	1.0000000E+2	0.0000000E+0
1.9568100E+2	6.7192007E+1	6.0882471E+1	0.0000000E+0	0.0000000E+0	1.0000000E+2	0.0000000E+0
1.9573100E+2	6.7167602E+1	6.0866090E+1	0.0000000E+0	0.0000000E+0	1.0000000E+2	0.0000000E+0
1.9578100E+2	6.7159239E+1	6.0875879E+1	0.0000000E+0	0.0000000E+0	1.0000000E+2	0.0000000E+0
1.9583200E+2	6.7143389E+1	6.0877814E+1	0.0000000E+0	0.0000000E+0	1.0000000E+2	0.0000000E+0
1.9588200E+2	6.7154123E+1	6.0890516E+1	0.0000000E+0	0.0000000E+0	1.0000000E+2	0.0000000E+0
1.9593200E+2	6.7172972E+1	6.0895053E+1	0.0000000E+0	0.0000000E+0	1.0000000E+2	0.0000000E+0
1.9598200E+2	6.7164210E+1	6.0871249E+1	0.0000000E+0	0.0000000E+0	1.0000000E+2	0.0000000E+0
1.9603200E+2	6.7180003E+1	6.0868359E+1	0.0000000E+0	0.0000000E+0	1.0000000E+2	0.0000000E+0
1.9608200E+2	6.7188922E+1	6.0869743E+1	0.0000000E+0	0.0000000E+0	1.0000000E+2	0.0000000E+0
1.9613200E+2	6.7207706E+1	6.0882474E+1	0.0000000E+0	0.0000000E+0	1.0000000E+2	0.0000000E+0
1.9618200E+2	6.7212048E+1	6.0882295E+1	0.0000000E+0	0.0000000E+0	1.0000000E+2	0.0000000E+0
1.9623200E+2	6.7209971E+1	6.0897654E+1	0.0000000E+0	0.0000000E+0	1.0000000E+2	0.0000000E+0
1.9628200E+2	6.7195456E+1	6.0886017E+1	0.0000000E+0	0.0000000E+0	1.0000000E+2	0.0000000E+0
1.9633200E+2	6.7170022E+1	6.0878600E+1	0.0000000E+0	0.0000000E+0	1.0000000E+2	0.0000000E+0
1.9638200E+2	6.7169316E+1	6.0889078E+1	0.0000000E+0	0.0000000E+0	1.0000000E+2	0.0000000E+0
1.9643200E+2	6.7145048E+1	6.0886804E+1	0.0000000E+0	0.0000000E+0	1.0000000E+2	0.0000000E+0
1.9648200E+2	6.7120726E+1	6.0867577E+1	0.0000000E+0	0.0000000E+0	1.0000000E+2	0.0000000E+0
1.9653200E+2	6.7110745E+1	6.0861995E+1	0.0000000E+0	0.0000000E+0	1.0000000E+2	0.0000000E+0
1.9658200E+2	6.7114417E+1	6.0871309E+1	0.0000000E+0	0.0000000E+0	1.0000000E+2	0.0000000E+0
1.9663300E+2	6.7134350E+1	6.0887081E+1	0.0000000E+0	0.0000000E+0	1.0000000E+2	0.0000000E+0
1.9668300E+2	6.7114800E+1	6.0891895E+1	0.0000000E+0	0.0000000E+0	1.0000000E+2	0.0000000E+0
1.9673300E+2	6.7129292E+1	6.0884500E+1	0.0000000E+0	0.0000000E+0	1.0000000E+2	0.0000000E+0
1.9678300E+2	6.7114441E+1	6.0887025E+1	0.0000000E+0	0.0000000E+0	1.0000000E+2	0.0000000E+0
1.9683400E+2	6.7088380E+1	6.0886657E+1	0.0000000E+0	0.0000000E+0	1.0000000E+2	0.0000000E+0
1.9688500E+2	6.7064944E+1	6.0873754E+1	0.0000000E+0	0.0000000E+0	1.0000000E+2	0.0000000E+0
1.9693500E+2	6.7075267E+1	6.0890804E+1	0.0000000E+0	0.0000000E+0	1.0000000E+2	0.0000000E+0
1.9698600E+2	6.7092063E+1	6.0892570E+1	0.0000000E+0	0.0000000E+0	1.0000000E+2	0.0000000E+0
1.9703600E+2	6.7094143E+1	6.0896865E+1	0.0000000E+0	0.0000000E+0	1.0000000E+2	0.0000000E+0
1.9708600E+2	6.7105761E+1	6.0894807E+1	0.0000000E+0	0.0000000E+0	1.0000000E+2	0.0000000E+0
1.9713600E+2	6.7097187E+1	6.0895138E+1	0.0000000E+0	0.0000000E+0	1.0000000E+2	0.0000000E+0
1.9718600E+2	6.7095137E+1	6.0885606E+1	0.0000000E+0	0.0000000E+0	1.0000000E+2	0.0000000E+0
1.9723600E+2	6.7081267E+1	6.0874830E+1	0.0000000E+0	0.0000000E+0	1.0000000E+2	0.0000000E+0
1.9728600E+2	6.7092260E+1	6.0871976E+1	0.0000000E+0	0.0000000E+0	1.0000000E+2	0.0000000E+0
1.9733600E+2	6.7124719E+1	6.0887519E+1	0.0000000E+0	0.0000000E+0	1.0000000E+2	0.0000000E+0
1.9738600E+2	6.7158591E+1	6.0912181E+1	0.0000000E+0	0.0000000E+0	1.0000000E+2	0.0000000E+0
1.9743600E+2	6.7153237E+1	6.0903433E+1	0.0000000E+0	0.0000000E+0	1.0000000E+2	0.0000000E+0
1.9748600E+2	6.7153769E+1	6.0904323E+1	0.0000000E+0	0.0000000E+0	1.0000000E+2	0.0000000E+0
1.9753600E+2	6.7149328E+1	6.0898501E+1	0.0000000E+0	0.0000000E+0	1.0000000E+2	0.0000000E+0
1.9758600E+2	6.7156277E+1	6.0897795E+1	0.0000000E+0	0.0000000E+0	1.0000000E+2	0.0000000E+0
1.9763600E+2	6.7179231E+1	6.0907574E+1	0.0000000E+0	0.0000000E+0	1.0000000E+2	0.0000000E+0
1.9768600E+2	6.7185391E+1	6.0905258E+1	0.0000000E+0	0.0000000E+0	1.0000000E+2	0.0000000E+0
1.9773800E+2	6.7192866E+1	6.0899389E+1	0.0000000E+0	0.0000000E+0	1.0000000E+2	0.0000000E+0
1.9778800E+2	6.7193504E+1	6.0894686E+1	0.0000000E+0	0.0000000E+0	1.0000000E+2	0.0000000E+0
1.9783800E+2	6.7190972E+1	6.0902675E+1	0.0000000E+0	0.0000000E+0	1.0000000E+2	0.0000000E+0
1.9788900E+2	6.7182128E+1	6.0876652E+1	0.0000000E+0	0.0000000E+0	1.0000000E+2	0.0000000E+0
1.9794000E+2	6.7167629E+1	6.0884814E+1	0.0000000E+0	0.0000000E+0	1.0000000E+2	0.0000000E+0
1.9799100E+2	6.7153476E+1	6.0883399E+1	0.0000000E+0	0.0000000E+0	1.0000000E+2	0.0000000E+0
1.9804200E+2	6.7147077E+1	6.0888235E+1	0.0000000E+0	0.0000000E+0	1.0000000E+2	0.0000000E+0
1.9809200E+2	6.7168614E+1	6.0900984E+1	0.0000000E+0	0.0000000E+0	1.0000000E+2	0.0000000E+0
1.9814300E+2	6.7163906E+1	6.0878830E+1	0.0000000E+0	0.0000000E+0	1.0000000E+2	0.0000000E+0
1.9819300E+2	6.7169376E+1	6.0894260E+1	0.0000000E+0	0.0000000E+0	1.0000000E+2	0.0000000E+0
1.9824300E+2	6.7189621E+1	6.0896770E+1	0.0000000E+0	0.0000000E+0	1.0000000E+2	0.0000000E+0
1.9829300E+2	6.7186671E+1	6.0894541E+1	0.0000000E+0	0.0000000E+0	1.0000000E+2	0.0000000E+0
1.9834300E+2	6.7201069E+1	6.0895434E+1	0.0000000E+0	0.0000000E+0	1.0000000E+2	0.0000000E+0
1.9839400E+2	6.7212209E+1	6.0905643E+1	0.0000000E+0	0.0000000E+0	1.0000000E+2	0.0000000E+0
1.9844400E+2	6.7210795E+1	6.0901865E+1	0.0000000E+0	0.0000000E+0	1.0000000E+2	0.0000000E+0
1.9849400E+2	6.7194767E+1	6.0898705E+1	0.0000000E+0	0.0000000E+0	1.0000000E+2	0.0000000E+0
1.9854400E+2	6.7191988E+1	6.0901706E+1	0.0000000E+0	0.0000000E+0	1.0000000E+2	0.0000000E+0
1.9859400E+2	6.7193866E+1	6.0899493E+1	0.0000000E+0	0.0000000E+0	1.0000000E+2	0.0000000E+0
1.9864400E+2	6.7193444E+1	6.0886220E+1	0.0000000E+0	0.0000000E+0	1.0000000E+2	0.0000000E+0
1.9869400E+2	6.7211669E+1	6.0885935E+1	0.0000000E+0	0.0000000E+0	1.0000000E+2	0.0000000E+0
1.9874400E+2	6.7211534E+1	6.0887673E+1	0.0000000E+0	0.0000000E+0	1.0000000E+2	0.0000000E+0
1.9879500E+2	6.7220294E+1	6.0882146E+1	0.0000000E+0	0.0000000E+0	1.0000000E+2	0.0000000E+0
1.9884500E+2	6.7238651E+1	6.0895495E+1	0.0000000E+0	0.0000000E+0	1.0000000E+2	0.0000000E+0
1.9889500E+2	6.7249186E+1	6.0901146E+1	0.0000000E+0	0.0000000E+0	1.0000000E+2	0.0000000E+0
1.9894500E+2	6.7254000E+1	6.0902558E+1	0.0000000E+0	0.0000000E+0	1.0000000E+2	0.0000000E+0
1.9899500E+2	6.7236471E+1	6.0896166E+1	0.0000000E+0	0.0000000E+0	1.0000000E+2	0.0000000E+0
1.9904500E+2	6.7195143E+1	6.0906949E+1	0.0000000E+0	0.0000000E+0	1.0000000E+2	0.0000000E+0
1.9909500E+2	6.7150276E+1	6.0916251E+1	0.0000000E+0	0.0000000E+0	1.0000000E+2	0.0000000E+0
1.9914500E+2	6.7121438E+1	6.0911837E+1	0.0000000E+0	0.0000000E+0	1.0000000E+2	0.0000000E+0
1.9919500E+2	6.7109728E+1	6.0918904E+1	0.0000000E+0	0.0000000E+0	1.0000000E+2	0.0000000E+0
1.9924500E+2	6.7082881E+1	6.0925002E+1	0.0000000E+0	0.0000000E+0	1.0000000E+2	0.0000000E+0
1.9929500E+2	6.7076035E+1	6.0927472E+1	0.0000000E+0	0.0000000E+0	1.0000000E+2	0.0000000E+0
1.9934500E+2	6.7085690E+1	6.0924976E+1	0.0000000E+0	0.0000000E+0	1.0000000E+2	0.0000000E+0
1.9939500E+2	6.7095978E+1	6.0922038E+1	0.0000000E+0	0.0000000E+0	1.0000000E+2	0.0000000E+0
1.9944500E+2	6.7106153E+1	6.0933766E+1	0.0000000E+0	0.0000000E+0	1.0000000E+2	0.0000000E+0
1.9949500E+2	6.7094727E+1	6.0921909E+1	0.0000000E+0	0.0000000E+0	1.0000000E+2	0.0000000E+0
1.9954500E+2	6.7091186E+1	6.0925175E+1	0.0000000E+0	0.0000000E+0	1.0000000E+2	0.0000000E+0
1.9959500E+2	6.7066555E+1	6.0902971E+1	0.0000000E+0	0.0000000E+0	1.0000000E+2	0.0000000E+0
1.9964500E+2	6.7089258E+1	6.0927052E+1	0.0000000E+0	0.0000000E+0	1.0000000E+2	0.0000000E+0
1.9969500E+2	6.7092432E+1	6.0914272E+1	0.0000000E+0	0.0000000E+0	1.0000000E+2	0.0000000E+0
1.9974500E+2	6.7077572E+1	6.0916618E+1	0.0000000E+0	0.0000000E+0	1.0000000E+2	0.0000000E+0
1.9979500E+2	6.7073989E+1	6.0921494E+1	0.0000000E+0	0.0000000E+0	1.0000000E+2	0.0000000E+0
1.9984600E+2	6.7076608E+1	6.0918848E+1	0.0000000E+0	0.0000000E+0	1.0000000E+2	0.0000000E+0
1.9989600E+2	6.7085560E+1	6.0934992E+1	0.0000000E+0	0.0000000E+0	1.0000000E+2	0.0000000E+0
1.9994600E+2	6.7080492E+1	6.0930845E+1	0.0000000E+0	0.0000000E+0	1.0000000E+2	0.0000000E+0
1.9999700E+2	6.7083200E+1	6.0928738E+1	0.0000000E+0	0.0000000E+0	1.0000000E+2	0.0000000E+0
2.0004700E+2	6.7061125E+1	6.0920838E+1	0.0000000E+0	0.0000000E+0	1.0000000E+2	0.0000000E+0
2.0009800E+2	6.7063210E+1	6.0921975E+1	0.0000000E+0	0.0000000E+0	1.0000000E+2	0.0000000E+0
2.0014900E+2	6.7070063E+1	6.0919055E+1	0.0000000E+0	0.0000000E+0	1.0000000E+2	0.0000000E+0
2.0019900E+2	6.7058835E+1	6.0916384E+1	0.0000000E+0	0.0000000E+0	1.0000000E+2	0.0000000E+0
2.0024900E+2	6.7008985E+1	6.0928444E+1	0.0000000E+0	0.0000000E+0	1.0000000E+2	0.0000000E+0
2.0029900E+2	6.7002490E+1	6.0918516E+1	0.0000000E+0	0.0000000E+0	1.0000000E+2	0.0000000E+0
2.0034900E+2	6.7027586E+1	6.0925868E+1	0.0000000E+0	0.0000000E+0	1.0000000E+2	0.0000000E+0
2.0039900E+2	6.7041626E+1	6.0918862E+1	0.0000000E+0	0.0000000E+0	1.0000000E+2	0.0000000E+0
2.0044900E+2	6.7045147E+1	6.0928210E+1	0.0000000E+0	0.0000000E+0	1.0000000E+2	0.0000000E+0
2.0049900E+2	6.7067985E+1	6.0940112E+1	0.0000000E+0	0.0000000E+0	1.0000000E+2	0.0000000E+0
2.0054900E+2	6.7071179E+1	6.0953221E+1	0.0000000E+0	0.0000000E+0	1.0000000E+2	0.0000000E+0
2.0059900E+2	6.7074227E+1	6.0942597E+1	0.0000000E+0	0.0000000E+0	1.0000000E+2	0.0000000E+0
2.0064900E+2	6.7063894E+1	6.0940288E+1	0.0000000E+0	0.0000000E+0	1.0000000E+2	0.0000000E+0
2.0069900E+2	6.7040647E+1	6.0936632E+1	0.0000000E+0	0.0000000E+0	1.0000000E+2	0.0000000E+0
2.0074900E+2	6.7036729E+1	6.0944121E+1	0.0000000E+0	0.0000000E+0	1.0000000E+2	0.0000000E+0
2.0079900E+2	6.7025695E+1	6.0942031E+1	0.0000000E+0	0.0000000E+0	1.0000000E+2	0.0000000E+0
2.0084900E+2	6.7026886E+1	6.0927200E+1	0.0000000E+0	0.0000000E+0	1.0000000E+2	0.0000000E+0
2.0090000E+2	6.7013492E+1	6.0929243E+1	0.0000000E+0	0.0000000E+0	1.0000000E+2	0.0000000E+0
2.0095000E+2	6.7018412E+1	6.0937345E+1	0.0000000E+0	0.0000000E+0	1.0000000E+2	0.0000000E+0
2.0100000E+2	6.7025831E+1	6.0936145E+1	0.0000000E+0	0.0000000E+0	1.0000000E+2	0.0000000E+0
2.0105100E+2	6.7041408E+1	6.0933092E+1	0.0000000E+0	0.0000000E+0	1.0000000E+2	0.0000000E+0
2.0110100E+2	6.7046955E+1	6.0932595E+1	0.0000000E+0	0.0000000E+0	1.0000000E+2	0.0000000E+0
2.0115100E+2	6.7061596E+1	6.0928499E+1	0.0000000E+0	0.0000000E+0	1.0000000E+2	0.0000000E+0
2.0120100E+2	6.7047130E+1	6.0927828E+1	0.0000000E+0	0.0000000E+0	1.0000000E+2	0.0000000E+0
2.0125100E+2	6.7064222E+1	6.0925280E+1	0.0000000E+0	0.0000000E+0	1.0000000E+2	0.0000000E+0
2.0130100E+2	6.7080736E+1	6.0930862E+1	0.0000000E+0	0.0000000E+0	1.0000000E+2	0.0000000E+0
2.0135100E+2	6.7091442E+1	6.0932860E+1	0.0000000E+0	0.0000000E+0	1.0000000E+2	0.0000000E+0
2.0140100E+2	6.7098118E+1	6.0926337E+1	0.0000000E+0	0.0000000E+0	1.0000000E+2	0.0000000E+0
2.0145100E+2	6.7084605E+1	6.0919559E+1	0.0000000E+0	0.0000000E+0	1.0000000E+2	0.0000000E+0
2.0150100E+2	6.7098142E+1	6.0924512E+1	0.0000000E+0	0.0000000E+0	1.0000000E+2	0.0000000E+0
2.0155200E+2	6.7132173E+1	6.0921714E+1	0.0000000E+0	0.0000000E+0	1.0000000E+2	0.0000000E+0
2.0160200E+2	6.7165996E+1	6.0919400E+1	0.0000000E+0	0.0000000E+0	1.0000000E+2	0.0000000E+0
2.0165200E+2	6.7191798E+1	6.0917216E+1	0.0000000E+0	0.0000000E+0	1.0000000E+2	0.0000000E+0
2.0170200E+2	6.7216976E+1	6.0920223E+1	0.0000000E+0	0.0000000E+0	1.0000000E+2	0.0000000E+0
2.0175200E+2	6.7223854E+1	6.0918949E+1	0.0000000E+0	0.0000000E+0	1.0000000E+2	0.0000000E+0
2.0180200E+2	6.7241686E+1	6.0929128E+1	0.0000000E+0	0.0000000E+0	1.0000000E+2	0.0000000E+0
2.0185200E+2	6.7235750E+1	6.0938021E+1	0.0000000E+0	0.0000000E+0	1.0000000E+2	0.0000000E+0
2.0190200E+2	6.7222391E+1	6.0931143E+1	0.0000000E+0	0.0000000E+0	1.0000000E+2	0.0000000E+0
2.0195200E+2	6.7233476E+1	6.0923341E+1	0.0000000E+0	0.0000000E+0	1.0000000E+2	0.0000000E+0
2.0200300E+2	6.7239599E+1	6.0904626E+1	0.0000000E+0	0.0000000E+0	1.0000000E+2	0.0000000E+0
2.0205400E+2	6.7253000E+1	6.0910593E+1	0.0000000E+0	0.0000000E+0	1.0000000E+2	0.0000000E+0
2.0210400E+2	6.7293594E+1	6.0919068E+1	0.0000000E+0	0.0000000E+0	1.0000000E+2	0.0000000E+0
2.0215400E+2	6.7291616E+1	6.0910113E+1	0.0000000E+0	0.0000000E+0	1.0000000E+2	0.0000000E+0
2.0220400E+2	6.7300659E+1	6.0906242E+1	0.0000000E+0	0.0000000E+0	1.0000000E+2	0.0000000E+0
2.0225500E+2	6.7305960E+1	6.0926003E+1	0.0000000E+0	0.0000000E+0	1.0000000E+2	0.0000000E+0
2.0230500E+2	6.7323749E+1	6.0937354E+1	0.0000000E+0	0.0000000E+0	1.0000000E+2	0.0000000E+0
2.0235500E+2	6.7281952E+1	6.0922997E+1	0.0000000E+0	0.0000000E+0	1.0000000E+2	0.0000000E+0
2.0240500E+2	6.7262073E+1	6.0944807E+1	0.0000000E+0	0.0000000E+0	1.0000000E+2	0.0000000E+0
2.0245500E+2	6.7248678E+1	6.0941420E+1	0.0000000E+0	0.0000000E+0	1.0000000E+2	0.0000000E+0
2.0250500E+2	6.7234440E+1	6.0930567E+1	0.0000000E+0	0.0000000E+0	1.0000000E+2	0.0000000E+0
2.0255500E+2	6.7249325E+1	6.0927764E+1	0.0000000E+0	0.0000000E+0	1.0000000E+2	0.0000000E+0
2.0260500E+2	6.7236121E+1	6.0931725E+1	0.0000000E+0	0.0000000E+0	1.0000000E+2	0.0000000E+0
2.0265500E+2	6.7285384E+1	6.0942416E+1	0.0000000E+0	0.0000000E+0	1.0000000E+2	0.0000000E+0
2.0270500E+2	6.7272676E+1	6.0954078E+1	0.0000000E+0	0.0000000E+0	1.0000000E+2	0.0000000E+0
2.0275500E+2	6.7224524E+1	6.0924366E+1	0.0000000E+0	0.0000000E+0	1.0000000E+2	0.0000000E+0
2.0280500E+2	6.7187029E+1	6.0920125E+1	0.0000000E+0	0.0000000E+0	1.0000000E+2	0.0000000E+0
2.0285500E+2	6.7185294E+1	6.0932055E+1	0.0000000E+0	0.0000000E+0	1.0000000E+2	0.0000000E+0
2.0290500E+2	6.7189770E+1	6.0913554E+1	0.0000000E+0	0.0000000E+0	1.0000000E+2	0.0000000E+0
2.0295600E+2	6.7188412E+1	6.0923359E+1	0.0000000E+0	0.0000000E+0	1.0000000E+2	0.0000000E+0
2.0300600E+2	6.7190522E+1	6.0927509E+1	0.0000000E+0	0.0000000E+0	1.0000000E+2	0.0000000E+0
2.0305700E+2	6.7160335E+1	6.0924321E+1	0.0000000E+0	0.0000000E+0	1.0000000E+2	0.0000000E+0
2.0310800E+2	6.7160518E+1	6.0931051E+1	0.0000000E+0	0.0000000E+0	1.0000000E+2	0.0000000E+0
2.0315900E+2	6.7163013E+1	6.0930773E+1	0.0000000E+0	0.0000000E+0	1.0000000E+2	0.0000000E+0
2.0320900E+2	6.7173160E+1	6.0948536E+1	0.0000000E+0	0.0000000E+0	1.0000000E+2	0.0000000E+0
2.0325900E+2	6.7158331E+1	6.0942696E+1	0.0000000E+0	0.0000000E+0	1.0000000E+2	0.0000000E+0
2.0331000E+2	6.7184430E+1	6.0945129E+1	0.0000000E+0	0.0000000E+0	1.0000000E+2	0.0000000E+0
2.0336100E+2	6.7181305E+1	6.0946881E+1	0.0000000E+0	0.0000000E+0	1.0000000E+2	0.0000000E+0
2.0341100E+2	6.7208145E+1	6.0948829E+1	0.0000000E+0	0.0000000E+0	1.0000000E+2	0.0000000E+0
2.0346100E+2	6.7216102E+1	6.0954205E+1	0.0000000E+0	0.0000000E+0	1.0000000E+2	0.0000000E+0
2.0351100E+2	6.7215747E+1	6.0941020E+1	0.0000000E+0	0.0000000E+0	1.0000000E+2	0.0000000E+0
2.0356100E+2	6.7226192E+1	6.0947650E+1	0.0000000E+0	0.0000000E+0	1.0000000E+2	0.0000000E+0
2.0361100E+2	6.7238235E+1	6.0943053E+1	0.0000000E+0	0.0000000E+0	1.0000000E+2	0.0000000E+0
2.0366100E+2	6.7242446E+1	6.0935392E+1	0.0000000E+0	0.0000000E+0	1.0000000E+2	0.0000000E+0
2.0371100E+2	6.7238675E+1	6.0953738E+1	0.0000000E+0	0.0000000E+0	1.0000000E+2	0.0000000E+0
2.0376100E+2	6.7239896E+1	6.0945208E+1	0.0000000E+0	0.0000000E+0	1.0000000E+2	0.0000000E+0
2.0381100E+2	6.7230475E+1	6.0943484E+1	0.0000000E+0	0.0000000E+0	1.0000000E+2	0.0000000E+0
2.0386100E+2	6.7235675E+1	6.0949568E+1	0.0000000E+0	0.0000000E+0	1.0000000E+2	0.0000000E+0
2.0391100E+2	6.7238647E+1	6.0967769E+1	0.0000000E+0	0.0000000E+0	1.0000000E+2	0.0000000E+0
2.0396100E+2	6.7216198E+1	6.0934339E+1	0.0000000E+0	0.0000000E+0	1.0000000E+2	0.0000000E+0
2.0401200E+2	6.7238977E+1	6.0947729E+1	0.0000000E+0	0.0000000E+0	1.0000000E+2	0.0000000E+0
2.0406300E+2	6.7236872E+1	6.0933783E+1	0.0000000E+0	0.0000000E+0	1.0000000E+2	0.0000000E+0
2.0411300E+2	6.7236904E+1	6.0951738E+1	0.0000000E+0	0.0000000E+0	1.0000000E+2	0.0000000E+0
2.0416300E+2	6.7214348E+1	6.0934797E+1	0.0000000E+0	0.0000000E+0	1.0000000E+2	0.0000000E+0
2.0421300E+2	6.7218371E+1	6.0948917E+1	0.0000000E+0	0.0000000E+0	1.0000000E+2	0.0000000E+0
2.0426300E+2	6.7230358E+1	6.0961541E+1	0.0000000E+0	0.0000000E+0	1.0000000E+2	0.0000000E+0
2.0431300E+2	6.7260035E+1	6.0980196E+1	0.0000000E+0	0.0000000E+0	1.0000000E+2	0.0000000E+0
2.0436300E+2	6.7244270E+1	6.0958286E+1	0.0000000E+0	0.0000000E+0	1.0000000E+2	0.0000000E+0
2.0441300E+2	6.7250175E+1	6.0955887E+1	0.0000000E+0	0.0000000E+0	1.0000000E+2	0.0000000E+0
2.0446300E+2	6.7248644E+1	6.0969406E+1	0.0000000E+0	0.0000000E+0	1.0000000E+2	0.0000000E+0
2.0451400E+2	6.7244240E+1	6.0977198E+1	0.0000000E+0	0.0000000E+0	1.0000000E+2	0.0000000E+0
2.0456400E+2	6.7249958E+1	6.0973603E+1	0.0000000E+0	0.0000000E+0	1.0000000E+2	0.0000000E+0
2.0461400E+2	6.7216264E+1	6.0949964E+1	0.0000000E+0	0.0000000E+0	1.0000000E+2	0.0000000E+0
2.0466400E+2	6.7208569E+1	6.0956702E+1	0.0000000E+0	0.0000000E+0	1.0000000E+2	0.0000000E+0
2.0471400E+2	6.7199979E+1	6.0956273E+1	0.0000000E+0	0.0000000E+0	1.0000000E+2	0.0000000E+0
2.0476400E+2	6.7200768E+1	6.0963614E+1	0.0000000E+0	0.0000000E+0	1.0000000E+2	0.0000000E+0
2.0481400E+2	6.7199170E+1	6.0966866E+1	0.0000000E+0	0.0000000E+0	1.0000000E+2	0.0000000E+0
2.0486400E+2	6.7202085E+1	6.0955736E+1	0.0000000E+0	0.0000000E+0	1.0000000E+2	0.0000000E+0
2.0491400E+2	6.7221373E+1	6.0961038E+1	0.0000000E+0	0.0000000E+0	1.0000000E+2	0.0000000E+0
2.0496500E+2	6.7220022E+1	6.0947203E+1	0.0000000E+0	0.0000000E+0	1.0000000E+2	0.0000000E+0
2.0501500E+2	6.7219604E+1	6.0952338E+1	0.0000000E+0	0.0000000E+0	1.0000000E+2	0.0000000E+0
2.0506500E+2	6.7165746E+1	6.0963147E+1	0.0000000E+0	0.0000000E+0	1.0000000E+2	0.0000000E+0
2.0511500E+2	6.7152752E+1	6.0971545E+1	0.0000000E+0	0.0000000E+0	1.0000000E+2	0.0000000E+0
2.0516500E+2	6.7163335E+1	6.0971725E+1	0.0000000E+0	0.0000000E+0	1.0000000E+2	0.0000000E+0
2.0521500E+2	6.7158847E+1	6.0957016E+1	0.0000000E+0	0.0000000E+0	1.0000000E+2	0.0000000E+0
2.0526500E+2	6.7190931E+1	6.0984760E+1	0.0000000E+0	0.0000000E+0	1.0000000E+2	0.0000000E+0
2.0531500E+2	6.7185877E+1	6.0981582E+1	0.0000000E+0	0.0000000E+0	1.0000000E+2	0.0000000E+0
2.0536500E+2	6.7189620E+1	6.0981870E+1	0.0000000E+0	0.0000000E+0	1.0000000E+2	0.0000000E+0
2.0541500E+2	6.7180893E+1	6.0970145E+1	0.0000000E+0	0.0000000E+0	1.0000000E+2	0.0000000E+0
2.0546500E+2	6.7201762E+1	6.0975484E+1	0.0000000E+0	0.0000000E+0	1.0000000E+2	0.0000000E+0
2.0551500E+2	6.7226210E+1	6.0974351E+1	0.0000000E+0	0.0000000E+0	1.0000000E+2	0.0000000E+0
2.0556500E+2	6.7211171E+1	6.0974777E+1	0.0000000E+0	0.0000000E+0	1.0000000E+2	0.0000000E+0
2.0561500E+2	6.7208444E+1	6.0967610E+1	0.0000000E+0	0.0000000E+0	1.0000000E+2	0.0000000E+0
2.0566600E+2	6.7179875E+1	6.0955312E+1	0.0000000E+0	0.0000000E+0	1.0000000E+2	0.0000000E+0
2.0571600E+2	6.7180632E+1	6.0966665E+1	0.0000000E+0	0.0000000E+0	1.0000000E+2	0.0000000E+0
2.0576600E+2	6.7156564E+1	6.0954985E+1	0.0000000E+0	0.0000000E+0	1.0000000E+2	0.0000000E+0
2.0581600E+2	6.7144152E+1	6.0951917E+1	0.0000000E+0	0.0000000E+0	1.0000000E+2	0.0000000E+0
2.0586600E+2	6.7152123E+1	6.0957076E+1	0.0000000E+0	0.0000000E+0	1.0000000E+2	0.0000000E+0
2.0591600E+2	6.7155057E+1	6.0964110E+1	0.0000000E+0	0.0000000E+0	1.0000000E+2	0.0000000E+0
2.0596600E+2	6.7144355E+1	6.0959324E+1	0.0000000E+0	0.0000000E+0	1.0000000E+2	0.0000000E+0
2.0601700E+2	6.7136231E+1	6.0960258E+1	0.0000000E+0	0.0000000E+0	1.0000000E+2	0.0000000E+0
2.0606700E+2	6.7114901E+1	6.0944322E+1	0.0000000E+0	0.0000000E+0	1.0000000E+2	0.0000000E+0
2.0611800E+2	6.7121572E+1	6.0976003E+1	0.0000000E+0	0.0000000E+0	1.0000000E+2	0.0000000E+0
2.0616900E+2	6.7121804E+1	6.0956045E+1	0.0000000E+0	0.0000000E+0	1.0000000E+2	0.0000000E+0
2.0621900E+2	6.7132351E+1	6.0969202E+1	0.0000000E+0	0.0000000E+0	1.0000000E+2	0.0000000E+0
2.0626900E+2	6.7133197E+1	6.0970874E+1	0.0000000E+0	0.0000000E+0	1.0000000E+2	0.0000000E+0
2.0631900E+2	6.7127956E+1	6.0968394E+1	0.0000000E+0	0.0000000E+0	1.0000000E+2	0.0000000E+0
2.0636900E+2	6.7117816E+1	6.0957938E+1	0.0000000E+0	0.0000000E+0	1.0000000E+2	0.0000000E+0
2.0641900E+2	6.7107151E+1	6.0964694E+1	0.0000000E+0	0.0000000E+0	1.0000000E+2	0.0000000E+0
2.0646900E+2	6.7063525E+1	6.0962002E+1	0.0000000E+0	0.0000000E+0	1.0000000E+2	0.0000000E+0
2.0651900E+2	6.6999359E+1	6.0952783E+1	0.0000000E+0	0.0000000E+0	1.0000000E+2	0.0000000E+0
2.0656900E+2	6.6987003E+1	6.0947204E+1	0.0000000E+0	0.0000000E+0	1.0000000E+2	0.0000000E+0
2.0661900E+2	6.6990094E+1	6.0947878E+1	0.0000000E+0	0.0000000E+0	1.0000000E+2	0.0000000E+0
2.0666900E+2	6.7007402E+1	6.0955611E+1	0.0000000E+0	0.0000000E+0	1.0000000E+2	0.0000000E+0
2.0671900E+2	6.7031497E+1	6.0976209E+1	0.0000000E+0	0.0000000E+0	1.0000000E+2	0.0000000E+0
2.0677000E+2	6.7036691E+1	6.0951696E+1	0.0000000E+0	0.0000000E+0	1.0000000E+2	0.0000000E+0
2.0682100E+2	6.7066679E+1	6.0967335E+1	0.0000000E+0	0.0000000E+0	1.0000000E+2	0.0000000E+0
2.0687100E+2	6.7063576E+1	6.0958401E+1	0.0000000E+0	0.0000000E+0	1.0000000E+2	0.0000000E+0
2.0692100E+2	6.7086948E+1	6.0966109E+1	0.0000000E+0	0.0000000E+0	1.0000000E+2	0.0000000E+0
2.0697100E+2	6.7107905E+1	6.0970414E+1	0.0000000E+0	0.0000000E+0	1.0000000E+2	0.0000000E+0
2.0702200E+2	6.7096662E+1	6.0957560E+1	0.0000000E+0	0.0000000E+0	1.0000000E+2	0.0000000E+0
2.0707300E+2	6.7101017E+1	6.0949920E+1	0.0000000E+0	0.0000000E+0	1.0000000E+2	0.0000000E+0
2.0712300E+2	6.7097388E+1	6.0953486E+1	0.0000000E+0	0.0000000E+0	1.0000000E+2	0.0000000E+0
2.0717300E+2	6.7097914E+1	6.0964721E+1	0.0000000E+0	0.0000000E+0	1.0000000E+2	0.0000000E+0
2.0722300E+2	6.7070848E+1	6.0948684E+1	0.0000000E+0	0.0000000E+0	1.0000000E+2	0.0000000E+0
2.0727300E+2	6.7068498E+1	6.0954198E+1	0.0000000E+0	0.0000000E+0	1.0000000E+2	0.0000000E+0
2.0732300E+2	6.7058684E+1	6.0955087E+1	0.0000000E+0	0.0000000E+0	1.0000000E+2	0.0000000E+0
2.0737400E+2	6.7066976E+1	6.0953438E+1	0.0000000E+0	0.0000000E+0	1.0000000E+2	0.0000000E+0
2.0742500E+2	6.7084392E+1	6.0961734E+1	0.0000000E+0	0.0000000E+0	1.0000000E+2	0.0000000E+0
2.0747500E+2	6.7090392E+1	6.0974403E+1	0.0000000E+0	0.0000000E+0	1.0000000E+2	0.0000000E+0
2.0752500E+2	6.7080966E+1	6.0960392E+1	0.0000000E+0	0.0000000E+0	1.0000000E+2	0.0000000E+0
2.0757500E+2	6.7070998E+1	6.0976035E+1	0.0000000E+0	0.0000000E+0	1.0000000E+2	0.0000000E+0
2.0762500E+2	6.7057082E+1	6.0962015E+1	0.0000000E+0	0.0000000E+0	1.0000000E+2	0.0000000E+0
2.0767500E+2	6.7048151E+1	6.0966079E+1	0.0000000E+0	0.0000000E+0	1.0000000E+2	0.0000000E+0
2.0772500E+2	6.7034774E+1	6.0959891E+1	0.0000000E+0	0.0000000E+0	1.0000000E+2	0.0000000E+0
2.0777500E+2	6.7047688E+1	6.0966367E+1	0.0000000E+0	0.0000000E+0	1.0000000E+2	0.0000000E+0
2.0782500E+2	6.7054555E+1	6.0950625E+1	0.0000000E+0	0.0000000E+0	1.0000000E+2	0.0000000E+0
2.0787500E+2	6.7047721E+1	6.0943662E+1	0.0000000E+0	0.0000000E+0	1.0000000E+2	0.0000000E+0
2.0792600E+2	6.7075832E+1	6.0955964E+1	0.0000000E+0	0.0000000E+0	1.0000000E+2	0.0000000E+0
2.0797700E+2	6.7059842E+1	6.0931627E+1	0.0000000E+0	0.0000000E+0	1.0000000E+2	0.0000000E+0
2.0802700E+2	6.7042903E+1	6.0945828E+1	0.0000000E+0	0.0000000E+0	1.0000000E+2	0.0000000E+0
2.0807700E+2	6.7011987E+1	6.0949600E+1	0.0000000E+0	0.0000000E+0	1.0000000E+2	0.0000000E+0
2.0812700E+2	6.7045329E+1	6.0946013E+1	0.0000000E+0	0.0000000E+0	1.0000000E+2	0.0000000E+0
2.0817800E+2	6.7048376E+1	6.0956816E+1	0.0000000E+0	0.0000000E+0	1.0000000E+2	0.0000000E+0
2.0822800E+2	6.7053660E+1	6.0957442E+1	0.0000000E+0	0.0000000E+0	1.0000000E+2	0.0000000E+0
2.0827900E+2	6.7050330E+1	6.0962000E+1	0.0000000E+0	0.0000000E+0	1.0000000E+2	0.0000000E+0
2.0832900E+2	6.7065677E+1	6.0960165E+1	0.0000000E+0	0.0000000E+0	1.0000000E+2	0.0000000E+0
2.0838000E+2	6.7090563E+1	6.0955297E+1	0.0000000E+0	0.0000000E+0	1.0000000E+2	0.0000000E+0
2.0843000E+2	6.7121456E+1	6.0965860E+1	0.0000000E+0	0.0000000E+0	1.0000000E+2	0.0000000E+0
2.0848000E+2	6.7129772E+1	6.0952176E+1	0.0000000E+0	0.0000000E+0	1.0000000E+2	0.0000000E+0
2.0853100E+2	6.7130134E+1	6.0957369E+1	0.0000000E+0	0.0000000E+0	1.0000000E+2	0.0000000E+0
2.0858100E+2	6.7150745E+1	6.0964476E+1	0.0000000E+0	0.0000000E+0	1.0000000E+2	0.0000000E+0
2.0863100E+2	6.7171253E+1	6.0964407E+1	0.0000000E+0	0.0000000E+0	1.0000000E+2	0.0000000E+0
2.0868100E+2	6.7193071E+1	6.0952727E+1	0.0000000E+0	0.0000000E+0	1.0000000E+2	0.0000000E+0
2.0873100E+2	6.7203700E+1	6.0947181E+1	0.0000000E+0	0.0000000E+0	1.0000000E+2	0.0000000E+0
2.0878100E+2	6.7218832E+1	6.0959499E+1	0.0000000E+0	0.0000000E+0	1.0000000E+2	0.0000000E+0
2.0883100E+2	6.7215244E+1	6.0968323E+1	0.0000000E+0	0.0000000E+0	1.0000000E+2	0.0000000E+0
2.0888100E+2	6.7216657E+1	6.0962181E+1	0.0000000E+0	0.0000000E+0	1.0000000E+2	0.0000000E+0
2.0893100E+2	6.7225623E+1	6.0964221E+1	0.0000000E+0	0.0000000E+0	1.0000000E+2	0.0000000E+0
2.0898100E+2	6.7228275E+1	6.0958444E+1	0.0000000E+0	0.0000000E+0	1.0000000E+2	0.0000000E+0
2.0903200E+2	6.7222029E+1	6.0947096E+1	0.0000000E+0	0.0000000E+0	1.0000000E+2	0.0000000E+0
2.0908200E+2	6.7234563E+1	6.0940678E+1	0.0000000E+0	0.0000000E+0	1.0000000E+2	0.0000000E+0
2.0913200E+2	6.7242812E+1	6.0946418E+1	0.0000000E+0	0.0000000E+0	1.0000000E+2	0.0000000E+0
2.0918200E+2	6.7276980E+1	6.0958099E+1	0.0000000E+0	0.0000000E+0	1.0000000E+2	0.0000000E+0
2.0923200E+2	6.7285966E+1	6.0957497E+1	0.0000000E+0	0.0000000E+0	1.0000000E+2	0.0000000E+0
2.0928200E+2	6.7305048E+1	6.0965682E+1	0.0000000E+0	0.0000000E+0	1.0000000E+2	0.0000000E+0
2.0933200E+2	6.7304627E+1	6.0965628E+1	0.0000000E+0	0.0000000E+0	1.0000000E+2	0.0000000E+0
2.0938200E+2	6.7303142E+1	6.0967192E+1	0.0000000E+0	0.0000000E+0	1.0000000E+2	0.0000000E+0
2.0943300E+2	6.7303372E+1	6.0968170E+1	0.0000000E+0	0.0000000E+0	1.0000000E+2	0.0000000E+0
2.0948300E+2	6.7284667E+1	6.0978428E+1	0.0000000E+0	0.0000000E+0	1.0000000E+2	0.0000000E+0
2.0953300E+2	6.7269698E+1	6.0954030E+1	0.0000000E+0	0.0000000E+0	1.0000000E+2	0.0000000E+0
2.0958400E+2	6.7311528E+1	6.0972748E+1	0.0000000E+0	0.0000000E+0	1.0000000E+2	0.0000000E+0
2.0963400E+2	6.7326965E+1	6.0963665E+1	0.0000000E+0	0.0000000E+0	1.0000000E+2	0.0000000E+0
2.0968400E+2	6.7358149E+1	6.0990174E+1	0.0000000E+0	0.0000000E+0	1.0000000E+2	0.0000000E+0
2.0973400E+2	6.7370896E+1	6.0968254E+1	0.0000000E+0	0.0000000E+0	1.0000000E+2	0.0000000E+0
2.0978400E+2	6.7403004E+1	6.0962520E+1	0.0000000E+0	0.0000000E+0	1.0000000E+2	0.0000000E+0
2.0983400E+2	6.7450654E+1	6.0980420E+1	0.0000000E+0	0.0000000E+0	1.0000000E+2	0.0000000E+0
2.0988400E+2	6.7473819E+1	6.0973608E+1	0.0000000E+0	0.0000000E+0	1.0000000E+2	0.0000000E+0
2.0993400E+2	6.7516243E+1	6.0979068E+1	0.0000000E+0	0.0000000E+0	1.0000000E+2	0.0000000E+0
2.0998400E+2	6.7548852E+1	6.0981867E+1	0.0000000E+0	0.0000000E+0	1.0000000E+2	0.0000000E+0
2.1003400E+2	6.7594638E+1	6.0994662E+1	0.0000000E+0	0.0000000E+0	1.0000000E+2	0.0000000E+0
2.1008400E+2	6.7633498E+1	6.0987172E+1	0.0000000E+0	0.0000000E+0	1.0000000E+2	0.0000000E+0
2.1013400E+2	6.7641744E+1	6.0990289E+1	0.0000000E+0	0.0000000E+0	1.0000000E+2	0.0000000E+0
2.1018400E+2	6.7626661E+1	6.0987924E+1	0.0000000E+0	0.0000000E+0	1.0000000E+2	0.0000000E+0
2.1023400E+2	6.7612508E+1	6.0984050E+1	0.0000000E+0	0.0000000E+0	1.0000000E+2	0.0000000E+0
2.1028400E+2	6.7611537E+1	6.0969567E+1	0.0000000E+0	0.0000000E+0	1.0000000E+2	0.0000000E+0
2.1033400E+2	6.7625742E+1	6.0966345E+1	0.0000000E+0	0.0000000E+0	1.0000000E+2	0.0000000E+0
2.1038400E+2	6.7643236E+1	6.0977057E+1	0.0000000E+0	0.0000000E+0	1.0000000E+2	0.0000000E+0
2.1043400E+2	6.7652426E+1	6.0986348E+1	0.0000000E+0	0.0000000E+0	1.0000000E+2	0.0000000E+0
2.1048400E+2	6.7633046E+1	6.0971774E+1	0.0000000E+0	0.0000000E+0	1.0000000E+2	0.0000000E+0
2.1053400E+2	6.7610019E+1	6.0951662E+1	0.0000000E+0	0.0000000E+0	1.0000000E+2	0.0000000E+0
2.1058400E+2	6.7610677E+1	6.0955218E+1	0.0000000E+0	0.0000000E+0	1.0000000E+2	0.0000000E+0
2.1063400E+2	6.7606484E+1	6.0962663E+1	0.0000000E+0	0.0000000E+0	1.0000000E+2	0.0000000E+0
2.1068400E+2	6.7596528E+1	6.0976700E+1	0.0000000E+0	0.0000000E+0	1.0000000E+2	0.0000000E+0
2.1073400E+2	6.7583465E+1	6.0988509E+1	0.0000000E+0	0.0000000E+0	1.0000000E+2	0.0000000E+0
2.1078400E+2	6.7551326E+1	6.0960406E+1	0.0000000E+0	0.0000000E+0	1.0000000E+2	0.0000000E+0
2.1083400E+2	6.7540112E+1	6.0963629E+1	0.0000000E+0	0.0000000E+0	1.0000000E+2	0.0000000E+0
2.1088400E+2	6.7543529E+1	6.0968035E+1	0.0000000E+0	0.0000000E+0	1.0000000E+2	0.0000000E+0
2.1093400E+2	6.7544384E+1	6.0966078E+1	0.0000000E+0	0.0000000E+0	1.0000000E+2	0.0000000E+0
2.1098400E+2	6.7508971E+1	6.0950415E+1	0.0000000E+0	0.0000000E+0	1.0000000E+2	0.0000000E+0
2.1103400E+2	6.7468262E+1	6.0940978E+1	0.0000000E+0	0.0000000E+0	1.0000000E+2	0.0000000E+0
2.1108400E+2	6.7480557E+1	6.0954567E+1	0.0000000E+0	0.0000000E+0	1.0000000E+2	0.0000000E+0
2.1113400E+2	6.7474444E+1	6.0954439E+1	0.0000000E+0	0.0000000E+0	1.0000000E+2	0.0000000E+0
2.1118400E+2	6.7476639E+1	6.0964783E+1	0.0000000E+0	0.0000000E+0	1.0000000E+2	0.0000000E+0
2.1123400E+2	6.7474343E+1	6.0966770E+1	0.0000000E+0	0.0000000E+0	1.0000000E+2	0.0000000E+0
2.1128400E+2	6.7472236E+1	6.0968042E+1	0.0000000E+0	0.0000000E+0	1.0000000E+2	0.0000000E+0
2.1133400E+2	6.7480311E+1	6.0965453E+1	0.0000000E+0	0.0000000E+0	1.0000000E+2	0.0000000E+0
2.1138500E+2	6.7507806E+1	6.0955103E+1	0.0000000E+0	0.0000000E+0	1.0000000E+2	0.0000000E+0
2.1143500E+2	6.7509660E+1	6.0960693E+1	0.0000000E+0	0.0000000E+0	1.0000000E+2	0.0000000E+0
2.1148500E+2	6.7504759E+1	6.0952424E+1	0.0000000E+0	0.0000000E+0	1.0000000E+2	0.0000000E+0
2.1153500E+2	6.7487188E+1	6.0939584E+1	0.0000000E+0	0.0000000E+0	1.0000000E+2	0.0000000E+0
2.1158500E+2	6.7494022E+1	6.0938996E+1	0.0000000E+0	0.0000000E+0	1.0000000E+2	0.0000000E+0
2.1163500E+2	6.7513276E+1	6.0953005E+1	0.0000000E+0	0.0000000E+0	1.0000000E+2	0.0000000E+0
2.1168500E+2	6.7508076E+1	6.0963603E+1	0.0000000E+0	0.0000000E+0	1.0000000E+2	0.0000000E+0
2.1173500E+2	6.7470937E+1	6.0953757E+1	0.0000000E+0	0.0000000E+0	1.0000000E+2	0.0000000E+0
2.1178600E+2	6.7474485E+1	6.0943770E+1	0.0000000E+0	0.0000000E+0	1.0000000E+2	0.0000000E+0
2.1183600E+2	6.7473738E+1	6.0961541E+1	0.0000000E+0	0.0000000E+0	1.0000000E+2	0.0000000E+0
2.1188700E+2	6.7467426E+1	6.0954971E+1	0.0000000E+0	0.0000000E+0	1.0000000E+2	0.0000000E+0
2.1193700E+2	6.7456420E+1	6.0947328E+1	0.0000000E+0	0.0000000E+0	1.0000000E+2	0.0000000E+0
2.1198700E+2	6.7434106E+1	6.0957769E+1	0.0000000E+0	0.0000000E+0	1.0000000E+2	0.0000000E+0
2.1203800E+2	6.7433910E+1	6.0942952E+1	0.0000000E+0	0.0000000E+0	1.0000000E+2	0.0000000E+0
2.1208800E+2	6.7424959E+1	6.0938380E+1	0.0000000E+0	0.0000000E+0	1.0000000E+2	0.0000000E+0
2.1213800E+2	6.7424247E+1	6.0927165E+1	0.0000000E+0	0.0000000E+0	1.0000000E+2	0.0000000E+0
2.1218800E+2	6.7447075E+1	6.0939992E+1	0.0000000E+0	0.0000000E+0	1.0000000E+2	0.0000000E+0
2.1223800E+2	6.7449252E+1	6.0938637E+1	0.0000000E+0	0.0000000E+0	1.0000000E+2	0.0000000E+0
2.1228800E+2	6.7451634E+1	6.0940524E+1	0.0000000E+0	0.0000000E+0	1.0000000E+2	0.0000000E+0
2.1233900E+2	6.7449977E+1	6.0934811E+1	0.0000000E+0	0.0000000E+0	1.0000000E+2	0.0000000E+0
2.1238900E+2	6.7428320E+1	6.0946064E+1	0.0000000E+0	0.0000000E+0	1.0000000E+2	0.0000000E+0
2.1243900E+2	6.7381637E+1	6.0928573E+1	0.0000000E+0	0.0000000E+0	1.0000000E+2	0.0000000E+0
2.1248900E+2	6.7375774E+1	6.0932343E+1	0.0000000E+0	0.0000000E+0	1.0000000E+2	0.0000000E+0
2.1254000E+2	6.7394972E+1	6.0933498E+1	0.0000000E+0	0.0000000E+0	1.0000000E+2	0.0000000E+0
2.1259000E+2	6.7419710E+1	6.0930371E+1	0.0000000E+0	0.0000000E+0	1.0000000E+2	0.0000000E+0
2.1264000E+2	6.7438059E+1	6.0933861E+1	0.0000000E+0	0.0000000E+0	1.0000000E+2	0.0000000E+0
2.1269000E+2	6.7451123E+1	6.0942993E+1	0.0000000E+0	0.0000000E+0	1.0000000E+2	0.0000000E+0
2.1274000E+2	6.7451193E+1	6.0937613E+1	0.0000000E+0	0.0000000E+0	1.0000000E+2	0.0000000E+0
2.1279000E+2	6.7465920E+1	6.0939448E+1	0.0000000E+0	0.0000000E+0	1.0000000E+2	0.0000000E+0
2.1284000E+2	6.7486822E+1	6.0949640E+1	0.0000000E+0	0.0000000E+0	1.0000000E+2	0.0000000E+0
2.1289000E+2	6.7471761E+1	6.0927685E+1	0.0000000E+0	0.0000000E+0	1.0000000E+2	0.0000000E+0
2.1294000E+2	6.7473423E+1	6.0926618E+1	0.0000000E+0	0.0000000E+0	1.0000000E+2	0.0000000E+0
2.1299100E+2	6.7474662E+1	6.0930289E+1	0.0000000E+0	0.0000000E+0	1.0000000E+2	0.0000000E+0
2.1304100E+2	6.7472211E+1	6.0936968E+1	0.0000000E+0	0.0000000E+0	1.0000000E+2	0.0000000E+0
2.1309200E+2	6.7444880E+1	6.0923167E+1	0.0000000E+0	0.0000000E+0	1.0000000E+2	0.0000000E+0
2.1314200E+2	6.7461033E+1	6.0935459E+1	0.0000000E+0	0.0000000E+0	1.0000000E+2	0.0000000E+0
2.1319200E+2	6.7464785E+1	6.0932543E+1	0.0000000E+0	0.0000000E+0	1.0000000E+2	0.0000000E+0
2.1324200E+2	6.7448598E+1	6.0928360E+1	0.0000000E+0	0.0000000E+0	1.0000000E+2	0.0000000E+0
2.1329200E+2	6.7461360E+1	6.0918908E+1	0.0000000E+0	0.0000000E+0	1.0000000E+2	0.0000000E+0
2.1334200E+2	6.7435658E+1	6.0913445E+1	0.0000000E+0	0.0000000E+0	1.0000000E+2	0.0000000E+0
2.1339200E+2	6.7428000E+1	6.0918904E+1	0.0000000E+0	0.0000000E+0	1.0000000E+2	0.0000000E+0
2.1344200E+2	6.7424424E+1	6.0911482E+1	0.0000000E+0	0.0000000E+0	1.0000000E+2	0.0000000E+0
2.1349200E+2	6.7423302E+1	6.0903671E+1	0.0000000E+0	0.0000000E+0	1.0000000E+2	0.0000000E+0
2.1354200E+2	6.7454512E+1	6.0917630E+1	0.0000000E+0	0.0000000E+0	1.0000000E+2	0.0000000E+0
2.1359300E+2	6.7463721E+1	6.0917846E+1	0.0000000E+0	0.0000000E+0	1.0000000E+2	0.0000000E+0
2.1364400E+2	6.7454807E+1	6.0925736E+1	0.0000000E+0	0.0000000E+0	1.0000000E+2	0.0000000E+0
2.1369400E+2	6.7424987E+1	6.0908152E+1	0.0000000E+0	0.0000000E+0	1.0000000E+2	0.0000000E+0
2.1374400E+2	6.7427144E+1	6.0923276E+1	0.0000000E+0	0.0000000E+0	1.0000000E+2	0.0000000E+0
2.1379500E+2	6.7409419E+1	6.0922678E+1	0.0000000E+0	0.0000000E+0	1.0000000E+2	0.0000000E+0
2.1384500E+2	6.7355573E+1	6.0912450E+1	0.0000000E+0	0.0000000E+0	1.0000000E+2	0.0000000E+0
2.1389500E+2	6.7339208E+1	6.0913321E+1	0.0000000E+0	0.0000000E+0	1.0000000E+2	0.0000000E+0
2.1394500E+2	6.7357766E+1	6.0906823E+1	0.0000000E+0	0.0000000E+0	1.0000000E+2	0.0000000E+0
2.1399500E+2	6.7389343E+1	6.0919530E+1	0.0000000E+0	0.0000000E+0	1.0000000E+2	0.0000000E+0
2.1404500E+2	6.7369505E+1	6.0912281E+1	0.0000000E+0	0.0000000E+0	1.0000000E+2	0.0000000E+0
2.1409500E+2	6.7374536E+1	6.0908534E+1	0.0000000E+0	0.0000000E+0	1.0000000E+2	0.0000000E+0
2.1414500E+2	6.7353249E+1	6.0897010E+1	0.0000000E+0	0.0000000E+0	1.0000000E+2	0.0000000E+0
2.1419600E+2	6.7388448E+1	6.0892405E+1	0.0000000E+0	0.0000000E+0	1.0000000E+2	0.0000000E+0
2.1424700E+2	6.7415264E+1	6.0911766E+1	0.0000000E+0	0.0000000E+0	1.0000000E+2	0.0000000E+0
2.1429800E+2	6.7411257E+1	6.0912558E+1	0.0000000E+0	0.0000000E+0	1.0000000E+2	0.0000000E+0
2.1434900E+2	6.7406604E+1	6.0905689E+1	0.0000000E+0	0.0000000E+0	1.0000000E+2	0.0000000E+0
2.1440000E+2	6.7420698E+1	6.0908711E+1	0.0000000E+0	0.0000000E+0	1.0000000E+2	0.0000000E+0
2.1445000E+2	6.7438320E+1	6.0928279E+1	0.0000000E+0	0.0000000E+0	1.0000000E+2	0.0000000E+0
2.1450000E+2	6.7422099E+1	6.0919256E+1	0.0000000E+0	0.0000000E+0	1.0000000E+2	0.0000000E+0
2.1455000E+2	6.7402432E+1	6.0916191E+1	0.0000000E+0	0.0000000E+0	1.0000000E+2	0.0000000E+0
2.1460000E+2	6.7375000E+1	6.0918593E+1	0.0000000E+0	0.0000000E+0	1.0000000E+2	0.0000000E+0
2.1465100E+2	6.7351861E+1	6.0917324E+1	0.0000000E+0	0.0000000E+0	1.0000000E+2	0.0000000E+0
2.1470200E+2	6.7359195E+1	6.0926023E+1	0.0000000E+0	0.0000000E+0	1.0000000E+2	0.0000000E+0
2.1475300E+2	6.7338941E+1	6.0927315E+1	0.0000000E+0	0.0000000E+0	1.0000000E+2	0.0000000E+0
2.1480400E+2	6.7339100E+1	6.0918579E+1	0.0000000E+0	0.0000000E+0	1.0000000E+2	0.0000000E+0
2.1485400E+2	6.7325336E+1	6.0911495E+1	0.0000000E+0	0.0000000E+0	1.0000000E+2	0.0000000E+0
2.1490400E+2	6.7325707E+1	6.0911726E+1	0.0000000E+0	0.0000000E+0	1.0000000E+2	0.0000000E+0
2.1495400E+2	6.7338304E+1	6.0927850E+1	0.0000000E+0	0.0000000E+0	1.0000000E+2	0.0000000E+0
2.1500400E+2	6.7345506E+1	6.0918481E+1	0.0000000E+0	0.0000000E+0	1.0000000E+2	0.0000000E+0
2.1505400E+2	6.7350725E+1	6.0926812E+1	0.0000000E+0	0.0000000E+0	1.0000000E+2	0.0000000E+0
2.1510400E+2	6.7365803E+1	6.0927426E+1	0.0000000E+0	0.0000000E+0	1.0000000E+2	0.0000000E+0
2.1515400E+2	6.7377569E+1	6.0914427E+1	0.0000000E+0	0.0000000E+0	1.0000000E+2	0.0000000E+0
2.1520400E+2	6.7384595E+1	6.0919178E+1	0.0000000E+0	0.0000000E+0	1.0000000E+2	0.0000000E+0
2.1525400E+2	6.7342969E+1	6.0905495E+1	0.0000000E+0	0.0000000E+0	1.0000000E+2	0.0000000E+0
2.1530400E+2	6.7353629E+1	6.0913374E+1	0.0000000E+0	0.0000000E+0	1.0000000E+2	0.0000000E+0
2.1535400E+2	6.7380499E+1	6.0907448E+1	0.0000000E+0	0.0000000E+0	1.0000000E+2	0.0000000E+0
2.1540400E+2	6.7375030E+1	6.0905731E+1	0.0000000E+0	0.0000000E+0	1.0000000E+2	0.0000000E+0
2.1545400E+2	6.7391858E+1	6.0898760E+1	0.0000000E+0	0.0000000E+0	1.0000000E+2	0.0000000E+0
2.1550400E+2	6.7417991E+1	6.0893669E+1	0.0000000E+0	0.0000000E+0	1.0000000E+2	0.0000000E+0
2.1555500E+2	6.7440319E+1	6.0899696E+1	0.0000000E+0	0.0000000E+0	1.0000000E+2	0.0000000E+0
2.1560600E+2	6.7441095E+1	6.0899346E+1	0.0000000E+0	0.0000000E+0	1.0000000E+2	0.0000000E+0
2.1565700E+2	6.7450460E+1	6.0898224E+1	0.0000000E+0	0.0000000E+0	1.0000000E+2	0.0000000E+0
2.1570800E+2	6.7429257E+1	6.0899175E+1	0.0000000E+0	0.0000000E+0	1.0000000E+2	0.0000000E+0
2.1575800E+2	6.7411036E+1	6.0891685E+1	0.0000000E+0	0.0000000E+0	1.0000000E+2	0.0000000E+0
2.1580800E+2	6.7396559E+1	6.0887694E+1	0.0000000E+0	0.0000000E+0	1.0000000E+2	0.0000000E+0
2.1585800E+2	6.7378586E+1	6.0875879E+1	0.0000000E+0	0.0000000E+0	1.0000000E+2	0.0000000E+0
2.1590800E+2	6.7403849E+1	6.0891774E+1	0.0000000E+0	0.0000000E+0	1.0000000E+2	0.0000000E+0
2.1595800E+2	6.7410448E+1	6.0896807E+1	0.0000000E+0	0.0000000E+0	1.0000000E+2	0.0000000E+0
2.1600800E+2	6.7394682E+1	6.0887811E+1	0.0000000E+0	0.0000000E+0	1.0000000E+2	0.0000000E+0
2.1605800E+2	6.7399299E+1	6.0883941E+1	0.0000000E+0	0.0000000E+0	1.0000000E+2	0.0000000E+0
2.1610800E+2	6.7407043E+1	6.0881615E+1	0.0000000E+0	0.0000000E+0	1.0000000E+2	0.0000000E+0
2.1615800E+2	6.7394622E+1	6.0880052E+1	0.0000000E+0	0.0000000E+0	1.0000000E+2	0.0000000E+0
2.1620900E+2	6.7384666E+1	6.0880888E+1	0.0000000E+0	0.0000000E+0	1.0000000E+2	0.0000000E+0
2.1626000E+2	6.7403424E+1	6.0887880E+1	0.0000000E+0	0.0000000E+0	1.0000000E+2	0.0000000E+0
2.1631000E+2	6.7379165E+1	6.0875392E+1	0.0000000E+0	0.0000000E+0	1.0000000E+2	0.0000000E+0
2.1636000E+2	6.7384822E+1	6.0884781E+1	0.0000000E+0	0.0000000E+0	1.0000000E+2	0.0000000E+0
2.1641000E+2	6.7363578E+1	6.0876509E+1	0.0000000E+0	0.0000000E+0	1.0000000E+2	0.0000000E+0
2.1646100E+2	6.7344048E+1	6.0881791E+1	0.0000000E+0	0.0000000E+0	1.0000000E+2	0.0000000E+0
2.1651100E+2	6.7290628E+1	6.0874731E+1	0.0000000E+0	0.0000000E+0	1.0000000E+2	0.0000000E+0
2.1656200E+2	6.7279610E+1	6.0866301E+1	0.0000000E+0	0.0000000E+0	1.0000000E+2	0.0000000E+0
2.1661200E+2	6.7293910E+1	6.0865910E+1	0.0000000E+0	0.0000000E+0	1.0000000E+2	0.0000000E+0
2.1666300E+2	6.7276272E+1	6.0857694E+1	0.0000000E+0	0.0000000E+0	1.0000000E+2	0.0000000E+0
2.1671300E+2	6.7282054E+1	6.0872770E+1	0.0000000E+0	0.0000000E+0	1.0000000E+2	0.0000000E+0
2.1676300E+2	6.7283737E+1	6.0866696E+1	0.0000000E+0	0.0000000E+0	1.0000000E+2	0.0000000E+0
2.1681400E+2	6.7287309E+1	6.0861576E+1	0.0000000E+0	0.0000000E+0	1.0000000E+2	0.0000000E+0
2.1686500E+2	6.7287945E+1	6.0852956E+1	0.0000000E+0	0.0000000E+0	1.0000000E+2	0.0000000E+0
2.1691600E+2	6.7264910E+1	6.0863631E+1	0.0000000E+0	0.0000000E+0	1.0000000E+2	0.0000000E+0
2.1696700E+2	6.7246783E+1	6.0863808E+1	0.0000000E+0	0.0000000E+0	1.0000000E+2	0.0000000E+0
2.1701700E+2	6.7256276E+1	6.0861934E+1	0.0000000E+0	0.0000000E+0	1.0000000E+2	0.0000000E+0
2.1706700E+2	6.7274034E+1	6.0865550E+1	0.0000000E+0	0.0000000E+0	1.0000000E+2	0.0000000E+0
2.1711700E+2	6.7274998E+1	6.0858867E+1	0.0000000E+0	0.0000000E+0	1.0000000E+2	0.0000000E+0
2.1716700E+2	6.7285962E+1	6.0868585E+1	0.0000000E+0	0.0000000E+0	1.0000000E+2	0.0000000E+0
2.1721700E+2	6.7275705E+1	6.0864378E+1	0.0000000E+0	0.0000000E+0	1.0000000E+2	0.0000000E+0
2.1726700E+2	6.7281643E+1	6.0886894E+1	0.0000000E+0	0.0000000E+0	1.0000000E+2	0.0000000E+0
2.1731800E+2	6.7272762E+1	6.0882979E+1	0.0000000E+0	0.0000000E+0	1.0000000E+2	0.0000000E+0
2.1736900E+2	6.7249521E+1	6.0871038E+1	0.0000000E+0	0.0000000E+0	1.0000000E+2	0.0000000E+0
2.1741900E+2	6.7242324E+1	6.0856023E+1	0.0000000E+0	0.0000000E+0	1.0000000E+2	0.0000000E+0
2.1747000E+2	6.7258025E+1	6.0867975E+1	0.0000000E+0	0.0000000E+0	1.0000000E+2	0.0000000E+0
2.1752000E+2	6.7229696E+1	6.0850712E+1	0.0000000E+0	0.0000000E+0	1.0000000E+2	0.0000000E+0
2.1757000E+2	6.7210566E+1	6.0835493E+1	0.0000000E+0	0.0000000E+0	1.0000000E+2	0.0000000E+0
2.1762000E+2	6.7213013E+1	6.0845577E+1	0.0000000E+0	0.0000000E+0	1.0000000E+2	0.0000000E+0
2.1767000E+2	6.7225016E+1	6.0848927E+1	0.0000000E+0	0.0000000E+0	1.0000000E+2	0.0000000E+0
2.1772000E+2	6.7195228E+1	6.0851705E+1	0.0000000E+0	0.0000000E+0	1.0000000E+2	0.0000000E+0
2.1777000E+2	6.7164340E+1	6.0846255E+1	0.0000000E+0	0.0000000E+0	1.0000000E+2	0.0000000E+0
2.1782100E+2	6.7144265E+1	6.0852123E+1	0.0000000E+0	0.0000000E+0	1.0000000E+2	0.0000000E+0
2.1787200E+2	6.7139352E+1	6.0847313E+1	0.0000000E+0	0.0000000E+0	1.0000000E+2	0.0000000E+0
2.1792200E+2	6.7138266E+1	6.0855719E+1	0.0000000E+0	0.0000000E+0	1.0000000E+2	0.0000000E+0
2.1797200E+2	6.7145960E+1	6.0861588E+1	0.0000000E+0	0.0000000E+0	1.0000000E+2	0.0000000E+0
2.1802200E+2	6.7138854E+1	6.0877085E+1	0.0000000E+0	0.0000000E+0	1.0000000E+2	0.0000000E+0
2.1807300E+2	6.7144050E+1	6.0865386E+1	0.0000000E+0	0.0000000E+0	1.0000000E+2	0.0000000E+0
2.1812400E+2	6.7142459E+1	6.0855623E+1	0.0000000E+0	0.0000000E+0	1.0000000E+2	0.0000000E+0
2.1817400E+2	6.7131236E+1	6.0872121E+1	0.0000000E+0	0.0000000E+0	1.0000000E+2	0.0000000E+0
2.1822400E+2	6.7119569E+1	6.0870376E+1	0.0000000E+0	0.0000000E+0	1.0000000E+2	0.0000000E+0
2.1827400E+2	6.7150477E+1	6.0879858E+1	0.0000000E+0	0.0000000E+0	1.0000000E+2	0.0000000E+0
2.1832400E+2	6.7165074E+1	6.0869349E+1	0.0000000E+0	0.0000000E+0	1.0000000E+2	0.0000000E+0
2.1837400E+2	6.7180238E+1	6.0857255E+1	0.0000000E+0	0.0000000E+0	1.0000000E+2	0.0000000E+0
2.1842400E+2	6.7206603E+1	6.0850838E+1	0.0000000E+0	0.0000000E+0	1.0000000E+2	0.0000000E+0
2.1847400E+2	6.7234689E+1	6.0860852E+1	0.0000000E+0	0.0000000E+0	1.0000000E+2	0.0000000E+0
2.1852400E+2	6.7263698E+1	6.0862754E+1	0.0000000E+0	0.0000000E+0	1.0000000E+2	0.0000000E+0
2.1857400E+2	6.7285836E+1	6.0857473E+1	0.0000000E+0	0.0000000E+0	1.0000000E+2	0.0000000E+0
2.1862400E+2	6.7303207E+1	6.0850787E+1	0.0000000E+0	0.0000000E+0	1.0000000E+2	0.0000000E+0
2.1867500E+2	6.7320095E+1	6.0839842E+1	0.0000000E+0	0.0000000E+0	1.0000000E+2	0.0000000E+0
2.1872500E+2	6.7341780E+1	6.0839696E+1	0.0000000E+0	0.0000000E+0	1.0000000E+2	0.0000000E+0
2.1877500E+2	6.7398064E+1	6.0840338E+1	0.0000000E+0	0.0000000E+0	1.0000000E+2	0.0000000E+0
2.1882600E+2	6.7443391E+1	6.0848823E+1	0.0000000E+0	0.0000000E+0	1.0000000E+2	0.0000000E+0
2.1887700E+2	6.7453889E+1	6.0843928E+1	0.0000000E+0	0.0000000E+0	1.0000000E+2	0.0000000E+0
2.1892700E+2	6.7463382E+1	6.0842905E+1	0.0000000E+0	0.0000000E+0	1.0000000E+2	0.0000000E+0
2.1897700E+2	6.7465216E+1	6.0834641E+1	0.0000000E+0	0.0000000E+0	1.0000000E+2	0.0000000E+0
2.1902700E+2	6.7461602E+1	6.0853805E+1	0.0000000E+0	0.0000000E+0	1.0000000E+2	0.0000000E+0
2.1907800E+2	6.7463150E+1	6.0847669E+1	0.0000000E+0	0.0000000E+0	1.0000000E+2	0.0000000E+0
2.1912800E+2	6.7508554E+1	6.0850690E+1	0.0000000E+0	0.0000000E+0	1.0000000E+2	0.0000000E+0
2.1917800E+2	6.7543362E+1	6.0861626E+1	0.0000000E+0	0.0000000E+0	1.0000000E+2	0.0000000E+0
2.1922800E+2	6.7556148E+1	6.0846016E+1	0.0000000E+0	0.0000000E+0	1.0000000E+2	0.0000000E+0
2.1927800E+2	6.7558077E+1	6.0842291E+1	0.0000000E+0	0.0000000E+0	1.0000000E+2	0.0000000E+0
2.1932800E+2	6.7549469E+1	6.0834148E+1	0.0000000E+0	0.0000000E+0	1.0000000E+2	0.0000000E+0
2.1937800E+2	6.7564481E+1	6.0843038E+1	0.0000000E+0	0.0000000E+0	1.0000000E+2	0.0000000E+0
2.1942800E+2	6.7573286E+1	6.0847755E+1	0.0000000E+0	0.0000000E+0	1.0000000E+2	0.0000000E+0
2.1947800E+2	6.7552589E+1	6.0849756E+1	0.0000000E+0	0.0000000E+0	1.0000000E+2	0.0000000E+0
2.1952800E+2	6.7525334E+1	6.0841762E+1	0.0000000E+0	0.0000000E+0	1.0000000E+2	0.0000000E+0
2.1957800E+2	6.7530829E+1	6.0843486E+1	0.0000000E+0	0.0000000E+0	1.0000000E+2	0.0000000E+0
2.1962800E+2	6.7540628E+1	6.0832870E+1	0.0000000E+0	0.0000000E+0	1.0000000E+2	0.0000000E+0
2.1967800E+2	6.7578800E+1	6.0853487E+1	0.0000000E+0	0.0000000E+0	1.0000000E+2	0.0000000E+0
2.1972900E+2	6.7591292E+1	6.0851213E+1	0.0000000E+0	0.0000000E+0	1.0000000E+2	0.0000000E+0
2.1977900E+2	6.7575597E+1	6.0849397E+1	0.0000000E+0	0.0000000E+0	1.0000000E+2	0.0000000E+0
2.1982900E+2	6.7580666E+1	6.0840719E+1	0.0000000E+0	0.0000000E+0	1.0000000E+2	0.0000000E+0
2.1987900E+2	6.7565031E+1	6.0843475E+1	0.0000000E+0	0.0000000E+0	1.0000000E+2	0.0000000E+0
2.1992900E+2	6.7551993E+1	6.0847961E+1	0.0000000E+0	0.0000000E+0	1.0000000E+2	0.0000000E+0
2.1997900E+2	6.7549027E+1	6.0857980E+1	0.0000000E+0	0.0000000E+0	1.0000000E+2	0.0000000E+0
2.2002900E+2	6.7534119E+1	6.0854195E+1	0.0000000E+0	0.0000000E+0	1.0000000E+2	0.0000000E+0
2.2007900E+2	6.7503610E+1	6.0862258E+1	0.0000000E+0	0.0000000E+0	1.0000000E+2	0.0000000E+0
2.2013000E+2	6.7483598E+1	6.0854742E+1	0.0000000E+0	0.0000000E+0	1.0000000E+2	0.0000000E+0
2.2018000E+2	6.7468591E+1	6.0842791E+1	0.0000000E+0	0.0000000E+0	1.0000000E+2	0.0000000E+0
2.2023000E+2	6.7440360E+1	6.0846805E+1	0.0000000E+0	0.0000000E+0	1.0000000E+2	0.0000000E+0
2.2028000E+2	6.7415406E+1	6.0853236E+1	0.0000000E+0	0.0000000E+0	1.0000000E+2	0.0000000E+0
2.2033000E+2	6.7407928E+1	6.0849666E+1	0.0000000E+0	0.0000000E+0	1.0000000E+2	0.0000000E+0
2.2038000E+2	6.7384133E+1	6.0843764E+1	0.0000000E+0	0.0000000E+0	1.0000000E+2	0.0000000E+0
2.2043000E+2	6.7401539E+1	6.0854079E+1	0.0000000E+0	0.0000000E+0	1.0000000E+2	0.0000000E+0
2.2048000E+2	6.7409431E+1	6.0871253E+1	0.0000000E+0	0.0000000E+0	1.0000000E+2	0.0000000E+0
2.2053000E+2	6.7386895E+1	6.0854129E+1	0.0000000E+0	0.0000000E+0	1.0000000E+2	0.0000000E+0
2.2058000E+2	6.7372630E+1	6.0837018E+1	0.0000000E+0	0.0000000E+0	1.0000000E+2	0.0000000E+0
2.2063000E+2	6.7367038E+1	6.0843609E+1	0.0000000E+0	0.0000000E+0	1.0000000E+2	0.0000000E+0
2.2068000E+2	6.7365893E+1	6.0841775E+1	0.0000000E+0	0.0000000E+0	1.0000000E+2	0.0000000E+0
2.2073000E+2	6.7347417E+1	6.0849478E+1	0.0000000E+0	0.0000000E+0	1.0000000E+2	0.0000000E+0
2.2078000E+2	6.7326855E+1	6.0829052E+1	0.0000000E+0	0.0000000E+0	1.0000000E+2	0.0000000E+0
2.2083100E+2	6.7323715E+1	6.0834954E+1	0.0000000E+0	0.0000000E+0	1.0000000E+2	0.0000000E+0
2.2088100E+2	6.7319537E+1	6.0845270E+1	0.0000000E+0	0.0000000E+0	1.0000000E+2	0.0000000E+0
2.2093100E+2	6.7293337E+1	6.0836775E+1	0.0000000E+0	0.0000000E+0	1.0000000E+2	0.0000000E+0
2.2098100E+2	6.7268884E+1	6.0831012E+1	0.0000000E+0	0.0000000E+0	1.0000000E+2	0.0000000E+0
2.2103200E+2	6.7280151E+1	6.0852737E+1	0.0000000E+0	0.0000000E+0	1.0000000E+2	0.0000000E+0
2.2108200E+2	6.7273450E+1	6.0855287E+1	0.0000000E+0	0.0000000E+0	1.0000000E+2	0.0000000E+0
2.2113200E+2	6.7256544E+1	6.0855160E+1	0.0000000E+0	0.0000000E+0	1.0000000E+2	0.0000000E+0
2.2118200E+2	6.7249013E+1	6.0856072E+1	0.0000000E+0	0.0000000E+0	1.0000000E+2	0.0000000E+0
2.2123300E+2	6.7236318E+1	6.0845533E+1	0.0000000E+0	0.0000000E+0	1.0000000E+2	0.0000000E+0
2.2128300E+2	6.7230046E+1	6.0849086E+1	0.0000000E+0	0.0000000E+0	1.0000000E+2	0.0000000E+0
2.2133300E+2	6.7240270E+1	6.0853381E+1	0.0000000E+0	0.0000000E+0	1.0000000E+2	0.0000000E+0
2.2138300E+2	6.7274681E+1	6.0848604E+1	0.0000000E+0	0.0000000E+0	1.0000000E+2	0.0000000E+0
2.2143300E+2	6.7304144E+1	6.0850801E+1	0.0000000E+0	0.0000000E+0	1.0000000E+2	0.0000000E+0
2.2148300E+2	6.7292440E+1	6.0844728E+1	0.0000000E+0	0.0000000E+0	1.0000000E+2	0.0000000E+0
2.2153300E+2	6.7321191E+1	6.0850566E+1	0.0000000E+0	0.0000000E+0	1.0000000E+2	0.0000000E+0
2.2158300E+2	6.7357626E+1	6.0852015E+1	0.0000000E+0	0.0000000E+0	1.0000000E+2	0.0000000E+0
2.2163400E+2	6.7383913E+1	6.0850370E+1	0.0000000E+0	0.0000000E+0	1.0000000E+2	0.0000000E+0
2.2168400E+2	6.7405512E+1	6.0850591E+1	0.0000000E+0	0.0000000E+0	1.0000000E+2	0.0000000E+0
2.2173400E+2	6.7428037E+1	6.0851701E+1	0.0000000E+0	0.0000000E+0	1.0000000E+2	0.0000000E+0
2.2178400E+2	6.7452615E+1	6.0855701E+1	0.0000000E+0	0.0000000E+0	1.0000000E+2	0.0000000E+0
2.2183400E+2	6.7483001E+1	6.0865070E+1	0.0000000E+0	0.0000000E+0	1.0000000E+2	0.0000000E+0
2.2188400E+2	6.7486864E+1	6.0873527E+1	0.0000000E+0	0.0000000E+0	1.0000000E+2	0.0000000E+0
2.2193400E+2	6.7514206E+1	6.0882361E+1	0.0000000E+0	0.0000000E+0	1.0000000E+2	0.0000000E+0
2.2198400E+2	6.7535800E+1	6.0875900E+1	0.0000000E+0	0.0000000E+0	1.0000000E+2	0.0000000E+0
2.2203500E+2	6.7538479E+1	6.0876296E+1	0.0000000E+0	0.0000000E+0	1.0000000E+2	0.0000000E+0
2.2208500E+2	6.7550985E+1	6.0866531E+1	0.0000000E+0	0.0000000E+0	1.0000000E+2	0.0000000E+0
2.2213500E+2	6.7560823E+1	6.0883140E+1	0.0000000E+0	0.0000000E+0	1.0000000E+2	0.0000000E+0
2.2218500E+2	6.7541705E+1	6.0875711E+1	0.0000000E+0	0.0000000E+0	1.0000000E+2	0.0000000E+0
2.2223500E+2	6.7515564E+1	6.0873096E+1	0.0000000E+0	0.0000000E+0	1.0000000E+2	0.0000000E+0
2.2228500E+2	6.7524955E+1	6.0892770E+1	0.0000000E+0	0.0000000E+0	1.0000000E+2	0.0000000E+0
2.2233500E+2	6.7529516E+1	6.0899149E+1	0.0000000E+0	0.0000000E+0	1.0000000E+2	0.0000000E+0
2.2238500E+2	6.7517637E+1	6.0893518E+1	0.0000000E+0	0.0000000E+0	1.0000000E+2	0.0000000E+0
2.2243500E+2	6.7509561E+1	6.0895777E+1	0.0000000E+0	0.0000000E+0	1.0000000E+2	0.0000000E+0
2.2248500E+2	6.7510727E+1	6.0898690E+1	0.0000000E+0	0.0000000E+0	1.0000000E+2	0.0000000E+0
2.2253500E+2	6.7509868E+1	6.0891908E+1	0.0000000E+0	0.0000000E+0	1.0000000E+2	0.0000000E+0
2.2258500E+2	6.7510815E+1	6.0895904E+1	0.0000000E+0	0.0000000E+0	1.0000000E+2	0.0000000E+0
2.2263600E+2	6.7508874E+1	6.0879886E+1	0.0000000E+0	0.0000000E+0	1.0000000E+2	0.0000000E+0
2.2268600E+2	6.7520891E+1	6.0886186E+1	0.0000000E+0	0.0000000E+0	1.0000000E+2	0.0000000E+0
2.2273600E+2	6.7544298E+1	6.0891327E+1	0.0000000E+0	0.0000000E+0	1.0000000E+2	0.0000000E+0
2.2278600E+2	6.7533855E+1	6.0907166E+1	0.0000000E+0	0.0000000E+0	1.0000000E+2	0.0000000E+0
2.2283600E+2	6.7553830E+1	6.0901365E+1	0.0000000E+0	0.0000000E+0	1.0000000E+2	0.0000000E+0
2.2288600E+2	6.7594479E+1	6.0912917E+1	0.0000000E+0	0.0000000E+0	1.0000000E+2	0.0000000E+0
2.2293600E+2	6.7588867E+1	6.0897676E+1	0.0000000E+0	0.0000000E+0	1.0000000E+2	0.0000000E+0
2.2298700E+2	6.7572742E+1	6.0886302E+1	0.0000000E+0	0.0000000E+0	1.0000000E+2	0.0000000E+0
2.2303700E+2	6.7583031E+1	6.0902045E+1	0.0000000E+0	0.0000000E+0	1.0000000E+2	0.0000000E+0
2.2308700E+2	6.7586083E+1	6.0904843E+1	0.0000000E+0	0.0000000E+0	1.0000000E+2	0.0000000E+0
2.2313700E+2	6.7612865E+1	6.0901006E+1	0.0000000E+0	0.0000000E+0	1.0000000E+2	0.0000000E+0
2.2318700E+2	6.7629283E+1	6.0893064E+1	0.0000000E+0	0.0000000E+0	1.0000000E+2	0.0000000E+0
2.2323700E+2	6.7645859E+1	6.0896807E+1	0.0000000E+0	0.0000000E+0	1.0000000E+2	0.0000000E+0
2.2328700E+2	6.7645517E+1	6.0885965E+1	0.0000000E+0	0.0000000E+0	1.0000000E+2	0.0000000E+0
2.2333700E+2	6.7627744E+1	6.0899930E+1	0.0000000E+0	0.0000000E+0	1.0000000E+2	0.0000000E+0
2.2338700E+2	6.7612011E+1	6.0895698E+1	0.0000000E+0	0.0000000E+0	1.0000000E+2	0.0000000E+0
2.2343700E+2	6.7619329E+1	6.0908477E+1	0.0000000E+0	0.0000000E+0	1.0000000E+2	0.0000000E+0
2.2348700E+2	6.7600359E+1	6.0911149E+1	0.0000000E+0	0.0000000E+0	1.0000000E+2	0.0000000E+0
2.2353700E+2	6.7564083E+1	6.0910928E+1	0.0000000E+0	0.0000000E+0	1.0000000E+2	0.0000000E+0
2.2358800E+2	6.7547074E+1	6.0902861E+1	0.0000000E+0	0.0000000E+0	1.0000000E+2	0.0000000E+0
2.2363800E+2	6.7536853E+1	6.0893558E+1	0.0000000E+0	0.0000000E+0	1.0000000E+2	0.0000000E+0
2.2368800E+2	6.7518036E+1	6.0893381E+1	0.0000000E+0	0.0000000E+0	1.0000000E+2	0.0000000E+0
2.2373800E+2	6.7496993E+1	6.0904320E+1	0.0000000E+0	0.0000000E+0	1.0000000E+2	0.0000000E+0
2.2378800E+2	6.7505939E+1	6.0904255E+1	0.0000000E+0	0.0000000E+0	1.0000000E+2	0.0000000E+0
2.2383800E+2	6.7496425E+1	6.0899730E+1	0.0000000E+0	0.0000000E+0	1.0000000E+2	0.0000000E+0
2.2388900E+2	6.7501623E+1	6.0895804E+1	0.0000000E+0	0.0000000E+0	1.0000000E+2	0.0000000E+0
2.2393900E+2	6.7503732E+1	6.0899886E+1	0.0000000E+0	0.0000000E+0	1.0000000E+2	0.0000000E+0
2.2398900E+2	6.7509150E+1	6.0897248E+1	0.0000000E+0	0.0000000E+0	1.0000000E+2	0.0000000E+0
2.2404000E+2	6.7510491E+1	6.0907501E+1	0.0000000E+0	0.0000000E+0	1.0000000E+2	0.0000000E+0
2.2409100E+2	6.7510069E+1	6.0914198E+1	0.0000000E+0	0.0000000E+0	1.0000000E+2	0.0000000E+0
2.2414200E+2	6.7516095E+1	6.0913297E+1	0.0000000E+0	0.0000000E+0	1.0000000E+2	0.0000000E+0
2.2419200E+2	6.7499937E+1	6.0919544E+1	0.0000000E+0	0.0000000E+0	1.0000000E+2	0.0000000E+0
2.2424200E+2	6.7461515E+1	6.0916392E+1	0.0000000E+0	0.0000000E+0	1.0000000E+2	0.0000000E+0
2.2429300E+2	6.7441716E+1	6.0906339E+1	0.0000000E+0	0.0000000E+0	1.0000000E+2	0.0000000E+0
2.2434300E+2	6.7434425E+1	6.0900118E+1	0.0000000E+0	0.0000000E+0	1.0000000E+2	0.0000000E+0
2.2439300E+2	6.7442447E+1	6.0903041E+1	0.0000000E+0	0.0000000E+0	1.0000000E+2	0.0000000E+0
2.2444400E+2	6.7456192E+1	6.0897272E+1	0.0000000E+0	0.0000000E+0	1.0000000E+2	0.0000000E+0
2.2449400E+2	6.7441106E+1	6.0882040E+1	0.0000000E+0	0.0000000E+0	1.0000000E+2	0.0000000E+0
2.2454400E+2	6.7462272E+1	6.0899427E+1	0.0000000E+0	0.0000000E+0	1.0000000E+2	0.0000000E+0
2.2459400E+2	6.7491365E+1	6.0890446E+1	0.0000000E+0	0.0000000E+0	1.0000000E+2	0.0000000E+0
2.2464400E+2	6.7520937E+1	6.0900044E+1	0.0000000E+0	0.0000000E+0	1.0000000E+2	0.0000000E+0
2.2469400E+2	6.7508904E+1	6.0903937E+1	0.0000000E+0	0.0000000E+0	1.0000000E+2	0.0000000E+0
2.2474400E+2	6.7506698E+1	6.0892135E+1	0.0000000E+0	0.0000000E+0	1.0000000E+2	0.0000000E+0
2.2479400E+2	6.7531350E+1	6.0894705E+1	0.0000000E+0	0.0000000E+0	1.0000000E+2	0.0000000E+0
2.2484400E+2	6.7529496E+1	6.0911853E+1	0.0000000E+0	0.0000000E+0	1.0000000E+2	0.0000000E+0
2.2489400E+2	6.7488631E+1	6.0898057E+1	0.0000000E+0	0.0000000E+0	1.0000000E+2	0.0000000E+0
2.2494400E+2	6.7500250E+1	6.0893595E+1	0.0000000E+0	0.0000000E+0	1.0000000E+2	0.0000000E+0
2.2499400E+2	6.7471043E+1	6.0871390E+1	0.0000000E+0	0.0000000E+0	1.0000000E+2	0.0000000E+0
2.2504400E+2	6.7488698E+1	6.0894526E+1	0.0000000E+0	0.0000000E+0	1.0000000E+2	0.0000000E+0
2.2509400E+2	6.7475880E+1	6.0883664E+1	0.0000000E+0	0.0000000E+0	1.0000000E+2	0.0000000E+0
2.2514400E+2	6.7480448E+1	6.0887520E+1	0.0000000E+0	0.0000000E+0	1.0000000E+2	0.0000000E+0
2.2519500E+2	6.7479861E+1	6.0880685E+1	0.0000000E+0	0.0000000E+0	1.0000000E+2	0.0000000E+0
2.2524500E+2	6.7488511E+1	6.0896448E+1	0.0000000E+0	0.0000000E+0	1.0000000E+2	0.0000000E+0
2.2529500E+2	6.7478811E+1	6.0896614E+1	0.0000000E+0	0.0000000E+0	1.0000000E+2	0.0000000E+0
2.2534600E+2	6.7433019E+1	6.0888278E+1	0.0000000E+0	0.0000000E+0	1.0000000E+2	0.0000000E+0
2.2539600E+2	6.7425205E+1	6.0888807E+1	0.0000000E+0	0.0000000E+0	1.0000000E+2	0.0000000E+0
2.2544600E+2	6.7419075E+1	6.0905825E+1	0.0000000E+0	0.0000000E+0	1.0000000E+2	0.0000000E+0
2.2549600E+2	6.7425023E+1	6.0903506E+1	0.0000000E+0	0.0000000E+0	1.0000000E+2	0.0000000E+0
2.2554600E+2	6.7418024E+1	6.0908837E+1	0.0000000E+0	0.0000000E+0	1.0000000E+2	0.0000000E+0
2.2559600E+2	6.7425161E+1	6.0899974E+1	0.0000000E+0	0.0000000E+0	1.0000000E+2	0.0000000E+0
2.2564600E+2	6.7446077E+1	6.0911036E+1	0.0000000E+0	0.0000000E+0	1.0000000E+2	0.0000000E+0
2.2569600E+2	6.7435783E+1	6.0923467E+1	0.0000000E+0	0.0000000E+0	1.0000000E+2	0.0000000E+0
2.2574600E+2	6.7396974E+1	6.0907345E+1	0.0000000E+0	0.0000000E+0	1.0000000E+2	0.0000000E+0
2.2579700E+2	6.7361781E+1	6.0885999E+1	0.0000000E+0	0.0000000E+0	1.0000000E+2	0.0000000E+0
2.2584700E+2	6.7385430E+1	6.0905019E+1	0.0000000E+0	0.0000000E+0	1.0000000E+2	0.0000000E+0
2.2589700E+2	6.7385615E+1	6.0908999E+1	0.0000000E+0	0.0000000E+0	1.0000000E+2	0.0000000E+0
2.2594700E+2	6.7370256E+1	6.0898623E+1	0.0000000E+0	0.0000000E+0	1.0000000E+2	0.0000000E+0
2.2599800E+2	6.7362787E+1	6.0906784E+1	0.0000000E+0	0.0000000E+0	1.0000000E+2	0.0000000E+0
2.2604800E+2	6.7395346E+1	6.0923463E+1	0.0000000E+0	0.0000000E+0	1.0000000E+2	0.0000000E+0
2.2609800E+2	6.7401963E+1	6.0897687E+1	0.0000000E+0	0.0000000E+0	1.0000000E+2	0.0000000E+0
2.2614900E+2	6.7407667E+1	6.0905065E+1	0.0000000E+0	0.0000000E+0	1.0000000E+2	0.0000000E+0
2.2619900E+2	6.7384048E+1	6.0894888E+1	0.0000000E+0	0.0000000E+0	1.0000000E+2	0.0000000E+0
2.2624900E+2	6.7383559E+1	6.0892918E+1	0.0000000E+0	0.0000000E+0	1.0000000E+2	0.0000000E+0
2.2629900E+2	6.7370211E+1	6.0901939E+1	0.0000000E+0	0.0000000E+0	1.0000000E+2	0.0000000E+0
2.2634900E+2	6.7375301E+1	6.0900120E+1	0.0000000E+0	0.0000000E+0	1.0000000E+2	0.0000000E+0
2.2639900E+2	6.7365819E+1	6.0903648E+1	0.0000000E+0	0.0000000E+0	1.0000000E+2	0.0000000E+0
2.2644900E+2	6.7342441E+1	6.0886183E+1	0.0000000E+0	0.0000000E+0	1.0000000E+2	0.0000000E+0
2.2649900E+2	6.7346630E+1	6.0885204E+1	0.0000000E+0	0.0000000E+0	1.0000000E+2	0.0000000E+0
2.2654900E+2	6.7350503E+1	6.0886128E+1	0.0000000E+0	0.0000000E+0	1.0000000E+2	0.0000000E+0
2.2659900E+2	6.7349075E+1	6.0885058E+1	0.0000000E+0	0.0000000E+0	1.0000000E+2	0.0000000E+0
2.2664900E+2	6.7368537E+1	6.0902039E+1	0.0000000E+0	0.0000000E+0	1.0000000E+2	0.0000000E+0
2.2669900E+2	6.7362647E+1	6.0895201E+1	0.0000000E+0	0.0000000E+0	1.0000000E+2	0.0000000E+0
2.2674900E+2	6.7360421E+1	6.0892637E+1	0.0000000E+0	0.0000000E+0	1.0000000E+2	0.0000000E+0
2.2680000E+2	6.7374594E+1	6.0909828E+1	0.0000000E+0	0.0000000E+0	1.0000000E+2	0.0000000E+0
2.2685100E+2	6.7378547E+1	6.0900662E+1	0.0000000E+0	0.0000000E+0	1.0000000E+2	0.0000000E+0
2.2690200E+2	6.7383972E+1	6.0917995E+1	0.0000000E+0	0.0000000E+0	1.0000000E+2	0.0000000E+0
2.2695200E+2	6.7385592E+1	6.0896629E+1	0.0000000E+0	0.0000000E+0	1.0000000E+2	0.0000000E+0
2.2700200E+2	6.7385354E+1	6.0908729E+1	0.0000000E+0	0.0000000E+0	1.0000000E+2	0.0000000E+0
2.2705300E+2	6.7381743E+1	6.0917484E+1	0.0000000E+0	0.0000000E+0	1.0000000E+2	0.0000000E+0
2.2710300E+2	6.7380325E+1	6.0927165E+1	0.0000000E+0	0.0000000E+0	1.0000000E+2	0.0000000E+0
2.2715300E+2	6.7361457E+1	6.0915004E+1	0.0000000E+0	0.0000000E+0	1.0000000E+2	0.0000000E+0
2.2720300E+2	6.7374938E+1	6.0935890E+1	0.0000000E+0	0.0000000E+0	1.0000000E+2	0.0000000E+0
2.2725300E+2	6.7356695E+1	6.0920934E+1	0.0000000E+0	0.0000000E+0	1.0000000E+2	0.0000000E+0
2.2730300E+2	6.7349529E+1	6.0935588E+1	0.0000000E+0	0.0000000E+0	1.0000000E+2	0.0000000E+0
2.2735300E+2	6.7345454E+1	6.0930372E+1	0.0000000E+0	0.0000000E+0	1.0000000E+2	0.0000000E+0
2.2740300E+2	6.7361692E+1	6.0928613E+1	0.0000000E+0	0.0000000E+0	1.0000000E+2	0.0000000E+0
2.2745300E+2	6.7367334E+1	6.0935504E+1	0.0000000E+0	0.0000000E+0	1.0000000E+2	0.0000000E+0
2.2750300E+2	6.7387913E+1	6.0941607E+1	0.0000000E+0	0.0000000E+0	1.0000000E+2	0.0000000E+0
2.2755300E+2	6.7426724E+1	6.0940758E+1	0.0000000E+0	0.0000000E+0	1.0000000E+2	0.0000000E+0
2.2760300E+2	6.7450733E+1	6.0939226E+1	0.0000000E+0	0.0000000E+0	1.0000000E+2	0.0000000E+0
2.2765300E+2	6.7445607E+1	6.0953352E+1	0.0000000E+0	0.0000000E+0	1.0000000E+2	0.0000000E+0
2.2770400E+2	6.7442264E+1	6.0938171E+1	0.0000000E+0	0.0000000E+0	1.0000000E+2	0.0000000E+0
2.2775400E+2	6.7459208E+1	6.0940528E+1	0.0000000E+0	0.0000000E+0	1.0000000E+2	0.0000000E+0
2.2780400E+2	6.7458944E+1	6.0932277E+1	0.0000000E+0	0.0000000E+0	1.0000000E+2	0.0000000E+0
2.2785400E+2	6.7454049E+1	6.0936100E+1	0.0000000E+0	0.0000000E+0	1.0000000E+2	0.0000000E+0
2.2790400E+2	6.7368176E+1	6.0938034E+1	0.0000000E+0	0.0000000E+0	1.0000000E+2	0.0000000E+0
2.2795400E+2	6.7313759E+1	6.0926845E+1	0.0000000E+0	0.0000000E+0	1.0000000E+2	0.0000000E+0
2.2800400E+2	6.7288251E+1	6.0924546E+1	0.0000000E+0	0.0000000E+0	1.0000000E+2	0.0000000E+0
2.2805400E+2	6.7288864E+1	6.0932243E+1	0.0000000E+0	0.0000000E+0	1.0000000E+2	0.0000000E+0
2.2810500E+2	6.7287550E+1	6.0929641E+1	0.0000000E+0	0.0000000E+0	1.0000000E+2	0.0000000E+0
2.2815500E+2	6.7290098E+1	6.0925210E+1	0.0000000E+0	0.0000000E+0	1.0000000E+2	0.0000000E+0
2.2820500E+2	6.7281771E+1	6.0931289E+1	0.0000000E+0	0.0000000E+0	1.0000000E+2	0.0000000E+0
2.2825500E+2	6.7259405E+1	6.0928739E+1	0.0000000E+0	0.0000000E+0	1.0000000E+2	0.0000000E+0
2.2830600E+2	6.7260391E+1	6.0920865E+1	0.0000000E+0	0.0000000E+0	1.0000000E+2	0.0000000E+0
2.2835600E+2	6.7253946E+1	6.0920922E+1	0.0000000E+0	0.0000000E+0	1.0000000E+2	0.0000000E+0
2.2840600E+2	6.7252509E+1	6.0932698E+1	0.0000000E+0	0.0000000E+0	1.0000000E+2	0.0000000E+0
2.2845600E+2	6.7244563E+1	6.0921513E+1	0.0000000E+0	0.0000000E+0	1.0000000E+2	0.0000000E+0
2.2850700E+2	6.7229547E+1	6.0925257E+1	0.0000000E+0	0.0000000E+0	1.0000000E+2	0.0000000E+0
2.2855700E+2	6.7249866E+1	6.0938986E+1	0.0000000E+0	0.0000000E+0	1.0000000E+2	0.0000000E+0
2.2860700E+2	6.7244390E+1	6.0928331E+1	0.0000000E+0	0.0000000E+0	1.0000000E+2	0.0000000E+0
2.2865700E+2	6.7253733E+1	6.0928787E+1	0.0000000E+0	0.0000000E+0	1.0000000E+2	0.0000000E+0
2.2870700E+2	6.7276245E+1	6.0933665E+1	0.0000000E+0	0.0000000E+0	1.0000000E+2	0.0000000E+0
2.2875700E+2	6.7307348E+1	6.0919911E+1	0.0000000E+0	0.0000000E+0	1.0000000E+2	0.0000000E+0
2.2880700E+2	6.7330349E+1	6.0925576E+1	0.0000000E+0	0.0000000E+0	1.0000000E+2	0.0000000E+0
2.2885700E+2	6.7338549E+1	6.0931136E+1	0.0000000E+0	0.0000000E+0	1.0000000E+2	0.0000000E+0
2.2890700E+2	6.7364463E+1	6.0946741E+1	0.0000000E+0	0.0000000E+0	1.0000000E+2	0.0000000E+0
2.2895700E+2	6.7394976E+1	6.0944339E+1	0.0000000E+0	0.0000000E+0	1.0000000E+2	0.0000000E+0
2.2900700E+2	6.7390027E+1	6.0940285E+1	0.0000000E+0	0.0000000E+0	1.0000000E+2	0.0000000E+0
2.2905700E+2	6.7367023E+1	6.0936795E+1	0.0000000E+0	0.0000000E+0	1.0000000E+2	0.0000000E+0
2.2910700E+2	6.7396870E+1	6.0950237E+1	0.0000000E+0	0.0000000E+0	1.0000000E+2	0.0000000E+0
2.2915700E+2	6.7388753E+1	6.0927959E+1	0.0000000E+0	0.0000000E+0	1.0000000E+2	0.0000000E+0
2.2920800E+2	6.7412072E+1	6.0932878E+1	0.0000000E+0	0.0000000E+0	1.0000000E+2	0.0000000E+0
2.2925900E+2	6.7434197E+1	6.0953460E+1	0.0000000E+0	0.0000000E+0	1.0000000E+2	0.0000000E+0
2.2930900E+2	6.7445872E+1	6.0943164E+1	0.0000000E+0	0.0000000E+0	1.0000000E+2	0.0000000E+0
2.2935900E+2	6.7447716E+1	6.0930919E+1	0.0000000E+0	0.0000000E+0	1.0000000E+2	0.0000000E+0
2.2940900E+2	6.7403523E+1	6.0930363E+1	0.0000000E+0	0.0000000E+0	1.0000000E+2	0.0000000E+0
2.2945900E+2	6.7383683E+1	6.0925550E+1	0.0000000E+0	0.0000000E+0	1.0000000E+2	0.0000000E+0
2.2951000E+2	6.7404820E+1	6.0930964E+1	0.0000000E+0	0.0000000E+0	1.0000000E+2	0.0000000E+0
2.2956000E+2	6.7436898E+1	6.0929808E+1	0.0000000E+0	0.0000000E+0	1.0000000E+2	0.0000000E+0
2.2961100E+2	6.7434462E+1	6.0929938E+1	0.0000000E+0	0.0000000E+0	1.0000000E+2	0.0000000E+0
2.2966100E+2	6.7457495E+1	6.0928229E+1	0.0000000E+0	0.0000000E+0	1.0000000E+2	0.0000000E+0
2.2971100E+2	6.7450123E+1	6.0926820E+1	0.0000000E+0	0.0000000E+0	1.0000000E+2	0.0000000E+0
2.2976200E+2	6.7466471E+1	6.0940373E+1	0.0000000E+0	0.0000000E+0	1.0000000E+2	0.0000000E+0
2.2981300E+2	6.7455451E+1	6.0923993E+1	0.0000000E+0	0.0000000E+0	1.0000000E+2	0.0000000E+0
2.2986300E+2	6.7470243E+1	6.0926680E+1	0.0000000E+0	0.0000000E+0	1.0000000E+2	0.0000000E+0
2.2991500E+2	6.7441738E+1	6.0910073E+1	0.0000000E+0	0.0000000E+0	1.0000000E+2	0.0000000E+0
2.2996500E+2	6.7452484E+1	6.0920140E+1	0.0000000E+0	0.0000000E+0	1.0000000E+2	0.0000000E+0
2.3001500E+2	6.7475468E+1	6.0938168E+1	0.0000000E+0	0.0000000E+0	1.0000000E+2	0.0000000E+0
2.3006500E+2	6.7490891E+1	6.0941647E+1	0.0000000E+0	0.0000000E+0	1.0000000E+2	0.0000000E+0
2.3011500E+2	6.7470707E+1	6.0949280E+1	0.0000000E+0	0.0000000E+0	1.0000000E+2	0.0000000E+0
2.3016500E+2	6.7467565E+1	6.0950944E+1	0.0000000E+0	0.0000000E+0	1.0000000E+2	0.0000000E+0
2.3021600E+2	6.7474805E+1	6.0951007E+1	0.0000000E+0	0.0000000E+0	1.0000000E+2	0.0000000E+0
2.3026600E+2	6.7450489E+1	6.0940689E+1	0.0000000E+0	0.0000000E+0	1.0000000E+2	0.0000000E+0
2.3031600E+2	6.7418490E+1	6.0933772E+1	0.0000000E+0	0.0000000E+0	1.0000000E+2	0.0000000E+0
2.3036600E+2	6.7414643E+1	6.0934878E+1	0.0000000E+0	0.0000000E+0	1.0000000E+2	0.0000000E+0
2.3041600E+2	6.7407156E+1	6.0937273E+1	0.0000000E+0	0.0000000E+0	1.0000000E+2	0.0000000E+0
2.3046600E+2	6.7403848E+1	6.0938985E+1	0.0000000E+0	0.0000000E+0	1.0000000E+2	0.0000000E+0
2.3051600E+2	6.7393774E+1	6.0948391E+1	0.0000000E+0	0.0000000E+0	1.0000000E+2	0.0000000E+0
2.3056600E+2	6.7396204E+1	6.0932765E+1	0.0000000E+0	0.0000000E+0	1.0000000E+2	0.0000000E+0
2.3061600E+2	6.7389704E+1	6.0937146E+1	0.0000000E+0	0.0000000E+0	1.0000000E+2	0.0000000E+0
2.3066600E+2	6.7387587E+1	6.0936920E+1	0.0000000E+0	0.0000000E+0	1.0000000E+2	0.0000000E+0
2.3071600E+2	6.7391454E+1	6.0932398E+1	0.0000000E+0	0.0000000E+0	1.0000000E+2	0.0000000E+0
2.3076700E+2	6.7410048E+1	6.0945091E+1	0.0000000E+0	0.0000000E+0	1.0000000E+2	0.0000000E+0
2.3081700E+2	6.7435887E+1	6.0945298E+1	0.0000000E+0	0.0000000E+0	1.0000000E+2	0.0000000E+0
2.3086700E+2	6.7441818E+1	6.0936839E+1	0.0000000E+0	0.0000000E+0	1.0000000E+2	0.0000000E+0
2.3091700E+2	6.7476542E+1	6.0942604E+1	0.0000000E+0	0.0000000E+0	1.0000000E+2	0.0000000E+0
2.3096700E+2	6.7486901E+1	6.0929278E+1	0.0000000E+0	0.0000000E+0	1.0000000E+2	0.0000000E+0
2.3101700E+2	6.7501225E+1	6.0939570E+1	0.0000000E+0	0.0000000E+0	1.0000000E+2	0.0000000E+0
2.3106700E+2	6.7506568E+1	6.0936832E+1	0.0000000E+0	0.0000000E+0	1.0000000E+2	0.0000000E+0
2.3111700E+2	6.7497935E+1	6.0936748E+1	0.0000000E+0	0.0000000E+0	1.0000000E+2	0.0000000E+0
2.3116700E+2	6.7466586E+1	6.0944027E+1	0.0000000E+0	0.0000000E+0	1.0000000E+2	0.0000000E+0
2.3121800E+2	6.7451972E+1	6.0930645E+1	0.0000000E+0	0.0000000E+0	1.0000000E+2	0.0000000E+0
2.3126800E+2	6.7496121E+1	6.0940656E+1	0.0000000E+0	0.0000000E+0	1.0000000E+2	0.0000000E+0
2.3131800E+2	6.7498602E+1	6.0957834E+1	0.0000000E+0	0.0000000E+0	1.0000000E+2	0.0000000E+0
2.3136800E+2	6.7515713E+1	6.0949967E+1	0.0000000E+0	0.0000000E+0	1.0000000E+2	0.0000000E+0
2.3141800E+2	6.7525993E+1	6.0952591E+1	0.0000000E+0	0.0000000E+0	1.0000000E+2	0.0000000E+0
2.3146800E+2	6.7531942E+1	6.0958445E+1	0.0000000E+0	0.0000000E+0	1.0000000E+2	0.0000000E+0
2.3151800E+2	6.7527648E+1	6.0950800E+1	0.0000000E+0	0.0000000E+0	1.0000000E+2	0.0000000E+0
2.3156800E+2	6.7495475E+1	6.0943675E+1	0.0000000E+0	0.0000000E+0	1.0000000E+2	0.0000000E+0
2.3161800E+2	6.7476124E+1	6.0936624E+1	0.0000000E+0	0.0000000E+0	1.0000000E+2	0.0000000E+0
2.3166800E+2	6.7492665E+1	6.0940214E+1	0.0000000E+0	0.0000000E+0	1.0000000E+2	0.0000000E+0
2.3171800E+2	6.7500209E+1	6.0936465E+1	0.0000000E+0	0.0000000E+0	1.0000000E+2	0.0000000E+0
2.3176800E+2	6.7498453E+1	6.0933250E+1	0.0000000E+0	0.0000000E+0	1.0000000E+2	0.0000000E+0
2.3181900E+2	6.7506073E+1	6.0946600E+1	0.0000000E+0	0.0000000E+0	1.0000000E+2	0.0000000E+0
2.3186900E+2	6.7516764E+1	6.0953635E+1	0.0000000E+0	0.0000000E+0	1.0000000E+2	0.0000000E+0
2.3192000E+2	6.7494524E+1	6.0957690E+1	0.0000000E+0	0.0000000E+0	1.0000000E+2	0.0000000E+0
2.3197000E+2	6.7486819E+1	6.0963347E+1	0.0000000E+0	0.0000000E+0	1.0000000E+2	0.0000000E+0
2.3202100E+2	6.7463345E+1	6.0951610E+1	0.0000000E+0	0.0000000E+0	1.0000000E+2	0.0000000E+0
2.3207100E+2	6.7445358E+1	6.0944929E+1	0.0000000E+0	0.0000000E+0	1.0000000E+2	0.0000000E+0
2.3212100E+2	6.7453906E+1	6.0957360E+1	0.0000000E+0	0.0000000E+0	1.0000000E+2	0.0000000E+0
2.3217200E+2	6.7462577E+1	6.0954746E+1	0.0000000E+0	0.0000000E+0	1.0000000E+2	0.0000000E+0
2.3222200E+2	6.7475764E+1	6.0958153E+1	0.0000000E+0	0.0000000E+0	1.0000000E+2	0.0000000E+0
2.3227300E+2	6.7512360E+1	6.0963425E+1	0.0000000E+0	0.0000000E+0	1.0000000E+2	0.0000000E+0
2.3232300E+2	6.7512431E+1	6.0974268E+1	0.0000000E+0	0.0000000E+0	1.0000000E+2	0.0000000E+0
2.3237300E+2	6.7480438E+1	6.0968102E+1	0.0000000E+0	0.0000000E+0	1.0000000E+2	0.0000000E+0
2.3242400E+2	6.7455057E+1	6.0969089E+1	0.0000000E+0	0.0000000E+0	1.0000000E+2	0.0000000E+0
2.3247500E+2	6.7461353E+1	6.0972057E+1	0.0000000E+0	0.0000000E+0	1.0000000E+2	0.0000000E+0
2.3252500E+2	6.7421972E+1	6.0987273E+1	0.0000000E+0	0.0000000E+0	1.0000000E+2	0.0000000E+0
2.3257500E+2	6.7415085E+1	6.0987808E+1	0.0000000E+0	0.0000000E+0	1.0000000E+2	0.0000000E+0
2.3262500E+2	6.7437949E+1	6.0979513E+1	0.0000000E+0	0.0000000E+0	1.0000000E+2	0.0000000E+0
2.3267500E+2	6.7454758E+1	6.0980738E+1	0.0000000E+0	0.0000000E+0	1.0000000E+2	0.0000000E+0
2.3272500E+2	6.7458092E+1	6.0989252E+1	0.0000000E+0	0.0000000E+0	1.0000000E+2	0.0000000E+0
2.3277500E+2	6.7453854E+1	6.0986052E+1	0.0000000E+0	0.0000000E+0	1.0000000E+2	0.0000000E+0
2.3282500E+2	6.7436844E+1	6.0968956E+1	0.0000000E+0	0.0000000E+0	1.0000000E+2	0.0000000E+0
2.3287500E+2	6.7452835E+1	6.0983362E+1	0.0000000E+0	0.0000000E+0	1.0000000E+2	0.0000000E+0
2.3292600E+2	6.7458077E+1	6.0976024E+1	0.0000000E+0	0.0000000E+0	1.0000000E+2	0.0000000E+0
2.3297700E+2	6.7452530E+1	6.0966785E+1	0.0000000E+0	0.0000000E+0	1.0000000E+2	0.0000000E+0
2.3302700E+2	6.7458584E+1	6.0978206E+1	0.0000000E+0	0.0000000E+0	1.0000000E+2	0.0000000E+0
2.3307700E+2	6.7473104E+1	6.0975569E+1	0.0000000E+0	0.0000000E+0	1.0000000E+2	0.0000000E+0
2.3312800E+2	6.7483884E+1	6.0976816E+1	0.0000000E+0	0.0000000E+0	1.0000000E+2	0.0000000E+0
2.3317900E+2	6.7472691E+1	6.0966136E+1	0.0000000E+0	0.0000000E+0	1.0000000E+2	0.0000000E+0
2.3322900E+2	6.7439783E+1	6.0970587E+1	0.0000000E+0	0.0000000E+0	1.0000000E+2	0.0000000E+0
2.3327900E+2	6.7426210E+1	6.0963851E+1	0.0000000E+0	0.0000000E+0	1.0000000E+2	0.0000000E+0
2.3333000E+2	6.7430073E+1	6.0955960E+1	0.0000000E+0	0.0000000E+0	1.0000000E+2	0.0000000E+0
2.3338100E+2	6.7448916E+1	6.0973826E+1	0.0000000E+0	0.0000000E+0	1.0000000E+2	0.0000000E+0
2.3343100E+2	6.7441197E+1	6.0970230E+1	0.0000000E+0	0.0000000E+0	1.0000000E+2	0.0000000E+0
2.3348100E+2	6.7438412E+1	6.0955335E+1	0.0000000E+0	0.0000000E+0	1.0000000E+2	0.0000000E+0
2.3353100E+2	6.7428353E+1	6.0969893E+1	0.0000000E+0	0.0000000E+0	1.0000000E+2	0.0000000E+0
2.3358100E+2	6.7402718E+1	6.0964007E+1	0.0000000E+0	0.0000000E+0	1.0000000E+2	0.0000000E+0
2.3363100E+2	6.7404240E+1	6.0977338E+1	0.0000000E+0	0.0000000E+0	1.0000000E+2	0.0000000E+0
2.3368100E+2	6.7394854E+1	6.0966439E+1	0.0000000E+0	0.0000000E+0	1.0000000E+2	0.0000000E+0
2.3373100E+2	6.7380401E+1	6.0959661E+1	0.0000000E+0	0.0000000E+0	1.0000000E+2	0.0000000E+0
2.3378100E+2	6.7375301E+1	6.0952254E+1	0.0000000E+0	0.0000000E+0	1.0000000E+2	0.0000000E+0
2.3383100E+2	6.7340748E+1	6.0921635E+1	0.0000000E+0	0.0000000E+0	1.0000000E+2	0.0000000E+0
2.3388100E+2	6.7361080E+1	6.0952813E+1	0.0000000E+0	0.0000000E+0	1.0000000E+2	0.0000000E+0
2.3393100E+2	6.7311661E+1	6.0956497E+1	0.0000000E+0	0.0000000E+0	1.0000000E+2	0.0000000E+0
2.3398100E+2	6.7276079E+1	6.0958728E+1	0.0000000E+0	0.0000000E+0	1.0000000E+2	0.0000000E+0
2.3403100E+2	6.7289826E+1	6.0950217E+1	0.0000000E+0	0.0000000E+0	1.0000000E+2	0.0000000E+0
2.3408100E+2	6.7332331E+1	6.0967002E+1	0.0000000E+0	0.0000000E+0	1.0000000E+2	0.0000000E+0
2.3413200E+2	6.7332770E+1	6.0967154E+1	0.0000000E+0	0.0000000E+0	1.0000000E+2	0.0000000E+0
2.3418200E+2	6.7322161E+1	6.0969487E+1	0.0000000E+0	0.0000000E+0	1.0000000E+2	0.0000000E+0
2.3423200E+2	6.7369627E+1	6.0968252E+1	0.0000000E+0	0.0000000E+0	1.0000000E+2	0.0000000E+0
2.3428300E+2	6.7367655E+1	6.0963236E+1	0.0000000E+0	0.0000000E+0	1.0000000E+2	0.0000000E+0
2.3433300E+2	6.7379461E+1	6.0962722E+1	0.0000000E+0	0.0000000E+0	1.0000000E+2	0.0000000E+0
2.3438400E+2	6.7413709E+1	6.0974518E+1	0.0000000E+0	0.0000000E+0	1.0000000E+2	0.0000000E+0
2.3443500E+2	6.7420888E+1	6.0966719E+1	0.0000000E+0	0.0000000E+0	1.0000000E+2	0.0000000E+0
2.3448500E+2	6.7422315E+1	6.0966899E+1	0.0000000E+0	0.0000000E+0	1.0000000E+2	0.0000000E+0
2.3453500E+2	6.7418933E+1	6.0967395E+1	0.0000000E+0	0.0000000E+0	1.0000000E+2	0.0000000E+0
2.3458500E+2	6.7410087E+1	6.0959748E+1	0.0000000E+0	0.0000000E+0	1.0000000E+2	0.0000000E+0
2.3463500E+2	6.7401737E+1	6.0951216E+1	0.0000000E+0	0.0000000E+0	1.0000000E+2	0.0000000E+0
2.3468500E+2	6.7405479E+1	6.0964363E+1	0.0000000E+0	0.0000000E+0	1.0000000E+2	0.0000000E+0
2.3473500E+2	6.7409869E+1	6.0959270E+1	0.0000000E+0	0.0000000E+0	1.0000000E+2	0.0000000E+0
2.3478500E+2	6.7424940E+1	6.0971391E+1	0.0000000E+0	0.0000000E+0	1.0000000E+2	0.0000000E+0
2.3483500E+2	6.7413690E+1	6.0959777E+1	0.0000000E+0	0.0000000E+0	1.0000000E+2	0.0000000E+0
2.3488500E+2	6.7424313E+1	6.0963266E+1	0.0000000E+0	0.0000000E+0	1.0000000E+2	0.0000000E+0
2.3493600E+2	6.7424688E+1	6.0968080E+1	0.0000000E+0	0.0000000E+0	1.0000000E+2	0.0000000E+0
2.3498600E+2	6.7440077E+1	6.0973612E+1	0.0000000E+0	0.0000000E+0	1.0000000E+2	0.0000000E+0
2.3503600E+2	6.7448028E+1	6.0979562E+1	0.0000000E+0	0.0000000E+0	1.0000000E+2	0.0000000E+0
2.3508600E+2	6.7464971E+1	6.0983809E+1	0.0000000E+0	0.0000000E+0	1.0000000E+2	0.0000000E+0
2.3513600E+2	6.7464642E+1	6.0978251E+1	0.0000000E+0	0.0000000E+0	1.0000000E+2	0.0000000E+0
2.3518600E+2	6.7470943E+1	6.0982344E+1	0.0000000E+0	0.0000000E+0	1.0000000E+2	0.0000000E+0
2.3523600E+2	6.7468018E+1	6.0976113E+1	0.0000000E+0	0.0000000E+0	1.0000000E+2	0.0000000E+0
2.3528600E+2	6.7441602E+1	6.0971062E+1	0.0000000E+0	0.0000000E+0	1.0000000E+2	0.0000000E+0
2.3533700E+2	6.7417262E+1	6.0974237E+1	0.0000000E+0	0.0000000E+0	1.0000000E+2	0.0000000E+0
2.3538800E+2	6.7407038E+1	6.0968764E+1	0.0000000E+0	0.0000000E+0	1.0000000E+2	0.0000000E+0
2.3543800E+2	6.7357642E+1	6.0961801E+1	0.0000000E+0	0.0000000E+0	1.0000000E+2	0.0000000E+0
2.3548800E+2	6.7334940E+1	6.0966256E+1	0.0000000E+0	0.0000000E+0	1.0000000E+2	0.0000000E+0
2.3553800E+2	6.7354323E+1	6.0966907E+1	0.0000000E+0	0.0000000E+0	1.0000000E+2	0.0000000E+0
2.3558800E+2	6.7344004E+1	6.0968170E+1	0.0000000E+0	0.0000000E+0	1.0000000E+2	0.0000000E+0
2.3563800E+2	6.7271028E+1	6.0959059E+1	0.0000000E+0	0.0000000E+0	1.0000000E+2	0.0000000E+0
2.3568800E+2	6.7253508E+1	6.0972727E+1	0.0000000E+0	0.0000000E+0	1.0000000E+2	0.0000000E+0
2.3573800E+2	6.7252019E+1	6.0963936E+1	0.0000000E+0	0.0000000E+0	1.0000000E+2	0.0000000E+0
2.3578900E+2	6.7263665E+1	6.0970570E+1	0.0000000E+0	0.0000000E+0	1.0000000E+2	0.0000000E+0
2.3583900E+2	6.7277427E+1	6.0967299E+1	0.0000000E+0	0.0000000E+0	1.0000000E+2	0.0000000E+0
2.3588900E+2	6.7302117E+1	6.0975488E+1	0.0000000E+0	0.0000000E+0	1.0000000E+2	0.0000000E+0
2.3593900E+2	6.7318179E+1	6.0977760E+1	0.0000000E+0	0.0000000E+0	1.0000000E+2	0.0000000E+0
2.3598900E+2	6.7314289E+1	6.0963655E+1	0.0000000E+0	0.0000000E+0	1.0000000E+2	0.0000000E+0
2.3604000E+2	6.7310763E+1	6.0939183E+1	0.0000000E+0	0.0000000E+0	1.0000000E+2	0.0000000E+0
2.3609100E+2	6.7328314E+1	6.0946687E+1	0.0000000E+0	0.0000000E+0	1.0000000E+2	0.0000000E+0
2.3614100E+2	6.7354805E+1	6.0969041E+1	0.0000000E+0	0.0000000E+0	1.0000000E+2	0.0000000E+0
2.3619100E+2	6.7393251E+1	6.0972393E+1	0.0000000E+0	0.0000000E+0	1.0000000E+2	0.0000000E+0
2.3624200E+2	6.7406591E+1	6.0961727E+1	0.0000000E+0	0.0000000E+0	1.0000000E+2	0.0000000E+0
2.3629200E+2	6.7428504E+1	6.0972711E+1	0.0000000E+0	0.0000000E+0	1.0000000E+2	0.0000000E+0
2.3634200E+2	6.7426722E+1	6.0976333E+1	0.0000000E+0	0.0000000E+0	1.0000000E+2	0.0000000E+0
2.3639300E+2	6.7417917E+1	6.0969453E+1	0.0000000E+0	0.0000000E+0	1.0000000E+2	0.0000000E+0
2.3644400E+2	6.7436847E+1	6.1002732E+1	0.0000000E+0	0.0000000E+0	1.0000000E+2	0.0000000E+0
2.3649500E+2	6.7443755E+1	6.0992079E+1	0.0000000E+0	0.0000000E+0	1.0000000E+2	0.0000000E+0
2.3654500E+2	6.7450085E+1	6.0983539E+1	0.0000000E+0	0.0000000E+0	1.0000000E+2	0.0000000E+0
2.3659500E+2	6.7451499E+1	6.0963266E+1	0.0000000E+0	0.0000000E+0	1.0000000E+2	0.0000000E+0
2.3664500E+2	6.7485092E+1	6.0957186E+1	0.0000000E+0	0.0000000E+0	1.0000000E+2	0.0000000E+0
2.3669500E+2	6.7503533E+1	6.0948178E+1	0.0000000E+0	0.0000000E+0	1.0000000E+2	0.0000000E+0
2.3674500E+2	6.7523013E+1	6.0963910E+1	0.0000000E+0	0.0000000E+0	1.0000000E+2	0.0000000E+0
2.3679500E+2	6.7476161E+1	6.0942461E+1	0.0000000E+0	0.0000000E+0	1.0000000E+2	0.0000000E+0
2.3684500E+2	6.7493396E+1	6.0962127E+1	0.0000000E+0	0.0000000E+0	1.0000000E+2	0.0000000E+0
2.3689600E+2	6.7493467E+1	6.0965924E+1	0.0000000E+0	0.0000000E+0	1.0000000E+2	0.0000000E+0
2.3694600E+2	6.7518525E+1	6.0981896E+1	0.0000000E+0	0.0000000E+0	1.0000000E+2	0.0000000E+0
2.3699700E+2	6.7512055E+1	6.0959647E+1	0.0000000E+0	0.0000000E+0	1.0000000E+2	0.0000000E+0
2.3704800E+2	6.7543604E+1	6.0978760E+1	0.0000000E+0	0.0000000E+0	1.0000000E+2	0.0000000E+0
2.3709800E+2	6.7568373E+1	6.0971381E+1	0.0000000E+0	0.0000000E+0	1.0000000E+2	0.0000000E+0
2.3714800E+2	6.7559471E+1	6.0963756E+1	0.0000000E+0	0.0000000E+0	1.0000000E+2	0.0000000E+0
2.3719800E+2	6.7556732E+1	6.0968339E+1	0.0000000E+0	0.0000000E+0	1.0000000E+2	0.0000000E+0
2.3724900E+2	6.7560891E+1	6.0970223E+1	0.0000000E+0	0.0000000E+0	1.0000000E+2	0.0000000E+0
2.3729900E+2	6.7568126E+1	6.0963058E+1	0.0000000E+0	0.0000000E+0	1.0000000E+2	0.0000000E+0
2.3735000E+2	6.7590607E+1	6.0963800E+1	0.0000000E+0	0.0000000E+0	1.0000000E+2	0.0000000E+0
2.3740100E+2	6.7599151E+1	6.0967762E+1	0.0000000E+0	0.0000000E+0	1.0000000E+2	0.0000000E+0
2.3745200E+2	6.7620464E+1	6.0964871E+1	0.0000000E+0	0.0000000E+0	1.0000000E+2	0.0000000E+0
2.3750200E+2	6.7610982E+1	6.0959774E+1	0.0000000E+0	0.0000000E+0	1.0000000E+2	0.0000000E+0
2.3755300E+2	6.7595541E+1	6.0961373E+1	0.0000000E+0	0.0000000E+0	1.0000000E+2	0.0000000E+0
2.3760500E+2	6.7600578E+1	6.0959736E+1	0.0000000E+0	0.0000000E+0	1.0000000E+2	0.0000000E+0
2.3765500E+2	6.7592650E+1	6.0951130E+1	0.0000000E+0	0.0000000E+0	1.0000000E+2	0.0000000E+0
2.3770500E+2	6.7581731E+1	6.0947520E+1	0.0000000E+0	0.0000000E+0	1.0000000E+2	0.0000000E+0
2.3775500E+2	6.7616682E+1	6.0968923E+1	0.0000000E+0	0.0000000E+0	1.0000000E+2	0.0000000E+0
2.3780500E+2	6.7599333E+1	6.0963229E+1	0.0000000E+0	0.0000000E+0	1.0000000E+2	0.0000000E+0
2.3785500E+2	6.7585995E+1	6.0950314E+1	0.0000000E+0	0.0000000E+0	1.0000000E+2	0.0000000E+0
2.3790500E+2	6.7570216E+1	6.0949694E+1	0.0000000E+0	0.0000000E+0	1.0000000E+2	0.0000000E+0
2.3795600E+2	6.7561807E+1	6.0949141E+1	0.0000000E+0	0.0000000E+0	1.0000000E+2	0.0000000E+0
2.3800600E+2	6.7532354E+1	6.0945793E+1	0.0000000E+0	0.0000000E+0	1.0000000E+2	0.0000000E+0
2.3805600E+2	6.7512631E+1	6.0954000E+1	0.0000000E+0	0.0000000E+0	1.0000000E+2	0.0000000E+0
2.3810700E+2	6.7493592E+1	6.0944918E+1	0.0000000E+0	0.0000000E+0	1.0000000E+2	0.0000000E+0
2.3815700E+2	6.7501310E+1	6.0955965E+1	0.0000000E+0	0.0000000E+0	1.0000000E+2	0.0000000E+0
2.3820700E+2	6.7477104E+1	6.0938271E+1	0.0000000E+0	0.0000000E+0	1.0000000E+2	0.0000000E+0
2.3825700E+2	6.7437461E+1	6.0949856E+1	0.0000000E+0	0.0000000E+0	1.0000000E+2	0.0000000E+0
2.3830700E+2	6.7382775E+1	6.0948272E+1	0.0000000E+0	0.0000000E+0	1.0000000E+2	0.0000000E+0
2.3835700E+2	6.7366099E+1	6.0936687E+1	0.0000000E+0	0.0000000E+0	1.0000000E+2	0.0000000E+0
2.3840700E+2	6.7392615E+1	6.0951487E+1	0.0000000E+0	0.0000000E+0	1.0000000E+2	0.0000000E+0
2.3845700E+2	6.7400721E+1	6.0962411E+1	0.0000000E+0	0.0000000E+0	1.0000000E+2	0.0000000E+0
2.3850700E+2	6.7391300E+1	6.0949664E+1	0.0000000E+0	0.0000000E+0	1.0000000E+2	0.0000000E+0
2.3855800E+2	6.7414340E+1	6.0962696E+1	0.0000000E+0	0.0000000E+0	1.0000000E+2	0.0000000E+0
2.3860900E+2	6.7435492E+1	6.0967214E+1	0.0000000E+0	0.0000000E+0	1.0000000E+2	0.0000000E+0
2.3865900E+2	6.7451715E+1	6.0957183E+1	0.0000000E+0	0.0000000E+0	1.0000000E+2	0.0000000E+0
2.3871000E+2	6.7471471E+1	6.0966430E+1	0.0000000E+0	0.0000000E+0	1.0000000E+2	0.0000000E+0
2.3876100E+2	6.7503948E+1	6.0975861E+1	0.0000000E+0	0.0000000E+0	1.0000000E+2	0.0000000E+0
2.3881200E+2	6.7506694E+1	6.0958529E+1	0.0000000E+0	0.0000000E+0	1.0000000E+2	0.0000000E+0
2.3886200E+2	6.7491673E+1	6.0942727E+1	0.0000000E+0	0.0000000E+0	1.0000000E+2	0.0000000E+0
2.3891300E+2	6.7483545E+1	6.0949527E+1	0.0000000E+0	0.0000000E+0	1.0000000E+2	0.0000000E+0
2.3896300E+2	6.7473320E+1	6.0934267E+1	0.0000000E+0	0.0000000E+0	1.0000000E+2	0.0000000E+0
2.3901400E+2	6.7470392E+1	6.0939178E+1	0.0000000E+0	0.0000000E+0	1.0000000E+2	0.0000000E+0
2.3906400E+2	6.7472872E+1	6.0932064E+1	0.0000000E+0	0.0000000E+0	1.0000000E+2	0.0000000E+0
2.3911400E+2	6.7470409E+1	6.0941019E+1	0.0000000E+0	0.0000000E+0	1.0000000E+2	0.0000000E+0
2.3916400E+2	6.7483180E+1	6.0944680E+1	0.0000000E+0	0.0000000E+0	1.0000000E+2	0.0000000E+0
2.3921400E+2	6.7512175E+1	6.0954499E+1	0.0000000E+0	0.0000000E+0	1.0000000E+2	0.0000000E+0
2.3926400E+2	6.7515419E+1	6.0944968E+1	0.0000000E+0	0.0000000E+0	1.0000000E+2	0.0000000E+0
2.3931400E+2	6.7544395E+1	6.0956181E+1	0.0000000E+0	0.0000000E+0	1.0000000E+2	0.0000000E+0
2.3936400E+2	6.7555851E+1	6.0954012E+1	0.0000000E+0	0.0000000E+0	1.0000000E+2	0.0000000E+0
2.3941400E+2	6.7555497E+1	6.0950785E+1	0.0000000E+0	0.0000000E+0	1.0000000E+2	0.0000000E+0
2.3946400E+2	6.7549861E+1	6.0946867E+1	0.0000000E+0	0.0000000E+0	1.0000000E+2	0.0000000E+0
2.3951400E+2	6.7525297E+1	6.0939207E+1	0.0000000E+0	0.0000000E+0	1.0000000E+2	0.0000000E+0
2.3956400E+2	6.7525159E+1	6.0943614E+1	0.0000000E+0	0.0000000E+0	1.0000000E+2	0.0000000E+0
2.3961500E+2	6.7532225E+1	6.0927533E+1	0.0000000E+0	0.0000000E+0	1.0000000E+2	0.0000000E+0
2.3966500E+2	6.7550087E+1	6.0917931E+1	0.0000000E+0	0.0000000E+0	1.0000000E+2	0.0000000E+0
2.3971500E+2	6.7545225E+1	6.0922834E+1	0.0000000E+0	0.0000000E+0	1.0000000E+2	0.0000000E+0
2.3976500E+2	6.7534840E+1	6.0922512E+1	0.0000000E+0	0.0000000E+0	1.0000000E+2	0.0000000E+0
2.3981500E+2	6.7570074E+1	6.0932588E+1	0.0000000E+0	0.0000000E+0	1.0000000E+2	0.0000000E+0
2.3986500E+2	6.7579806E+1	6.0926288E+1	0.0000000E+0	0.0000000E+0	1.0000000E+2	0.0000000E+0
2.3991500E+2	6.7579320E+1	6.0925054E+1	0.0000000E+0	0.0000000E+0	1.0000000E+2	0.0000000E+0
2.3996500E+2	6.7587855E+1	6.0928203E+1	0.0000000E+0	0.0000000E+0	1.0000000E+2	0.0000000E+0
2.4001600E+2	6.7601700E+1	6.0937662E+1	0.0000000E+0	0.0000000E+0	1.0000000E+2	0.0000000E+0
2.4006700E+2	6.7580931E+1	6.0941919E+1	0.0000000E+0	0.0000000E+0	1.0000000E+2	0.0000000E+0
2.4011700E+2	6.7590059E+1	6.0944253E+1	0.0000000E+0	0.0000000E+0	1.0000000E+2	0.0000000E+0
2.4016700E+2	6.7582028E+1	6.0924625E+1	0.0000000E+0	0.0000000E+0	1.0000000E+2	0.0000000E+0
2.4021700E+2	6.7576678E+1	6.0944362E+1	0.0000000E+0	0.0000000E+0	1.0000000E+2	0.0000000E+0
2.4026700E+2	6.7571480E+1	6.0940000E+1	0.0000000E+0	0.0000000E+0	1.0000000E+2	0.0000000E+0
2.4031700E+2	6.7563113E+1	6.0941224E+1	0.0000000E+0	0.0000000E+0	1.0000000E+2	0.0000000E+0
2.4036800E+2	6.7563459E+1	6.0931566E+1	0.0000000E+0	0.0000000E+0	1.0000000E+2	0.0000000E+0
2.4041800E+2	6.7549356E+1	6.0936588E+1	0.0000000E+0	0.0000000E+0	1.0000000E+2	0.0000000E+0
2.4046900E+2	6.7556022E+1	6.0940147E+1	0.0000000E+0	0.0000000E+0	1.0000000E+2	0.0000000E+0
2.4052000E+2	6.7555743E+1	6.0947196E+1	0.0000000E+0	0.0000000E+0	1.0000000E+2	0.0000000E+0
2.4057000E+2	6.7569451E+1	6.0939729E+1	0.0000000E+0	0.0000000E+0	1.0000000E+2	0.0000000E+0
2.4062000E+2	6.7571726E+1	6.0943111E+1	0.0000000E+0	0.0000000E+0	1.0000000E+2	0.0000000E+0
2.4067000E+2	6.7601815E+1	6.0957536E+1	0.0000000E+0	0.0000000E+0	1.0000000E+2	0.0000000E+0
2.4072000E+2	6.7594682E+1	6.0968553E+1	0.0000000E+0	0.0000000E+0	1.0000000E+2	0.0000000E+0
2.4077000E+2	6.7590326E+1	6.0967747E+1	0.0000000E+0	0.0000000E+0	1.0000000E+2	0.0000000E+0
2.4082000E+2	6.7576498E+1	6.0954709E+1	0.0000000E+0	0.0000000E+0	1.0000000E+2	0.0000000E+0
2.4087000E+2	6.7555679E+1	6.0956387E+1	0.0000000E+0	0.0000000E+0	1.0000000E+2	0.0000000E+0
2.4092000E+2	6.7535064E+1	6.0945020E+1	0.0000000E+0	0.0000000E+0	1.0000000E+2	0.0000000E+0
2.4097000E+2	6.7539231E+1	6.0949966E+1	0.0000000E+0	0.0000000E+0	1.0000000E+2	0.0000000E+0
2.4102000E+2	6.7584409E+1	6.0979821E+1	0.0000000E+0	0.0000000E+0	1.0000000E+2	0.0000000E+0
2.4107000E+2	6.7558890E+1	6.0966385E+1	0.0000000E+0	0.0000000E+0	1.0000000E+2	0.0000000E+0
2.4112000E+2	6.7548396E+1	6.0972958E+1	0.0000000E+0	0.0000000E+0	1.0000000E+2	0.0000000E+0
2.4117000E+2	6.7565487E+1	6.0971841E+1	0.0000000E+0	0.0000000E+0	1.0000000E+2	0.0000000E+0
2.4122000E+2	6.7582872E+1	6.0977952E+1	0.0000000E+0	0.0000000E+0	1.0000000E+2	0.0000000E+0
2.4127100E+2	6.7586330E+1	6.0990225E+1	0.0000000E+0	0.0000000E+0	1.0000000E+2	0.0000000E+0
2.4132100E+2	6.7585076E+1	6.0982211E+1	0.0000000E+0	0.0000000E+0	1.0000000E+2	0.0000000E+0
2.4137100E+2	6.7593926E+1	6.0975200E+1	0.0000000E+0	0.0000000E+0	1.0000000E+2	0.0000000E+0
2.4142100E+2	6.7597436E+1	6.0956181E+1	0.0000000E+0	0.0000000E+0	1.0000000E+2	0.0000000E+0
2.4147100E+2	6.7642129E+1	6.0961190E+1	0.0000000E+0	0.0000000E+0	1.0000000E+2	0.0000000E+0
2.4152100E+2	6.7669053E+1	6.0956202E+1	0.0000000E+0	0.0000000E+0	1.0000000E+2	0.0000000E+0
2.4157100E+2	6.7680193E+1	6.0958951E+1	0.0000000E+0	0.0000000E+0	1.0000000E+2	0.0000000E+0
2.4162200E+2	6.7712190E+1	6.0973493E+1	0.0000000E+0	0.0000000E+0	1.0000000E+2	0.0000000E+0
2.4167200E+2	6.7734748E+1	6.0981389E+1	0.0000000E+0	0.0000000E+0	1.0000000E+2	0.0000000E+0
2.4172200E+2	6.7732088E+1	6.0980478E+1	0.0000000E+0	0.0000000E+0	1.0000000E+2	0.0000000E+0
2.4177200E+2	6.7741207E+1	6.0970207E+1	0.0000000E+0	0.0000000E+0	1.0000000E+2	0.0000000E+0
2.4182300E+2	6.7716051E+1	6.0972823E+1	0.0000000E+0	0.0000000E+0	1.0000000E+2	0.0000000E+0
2.4187400E+2	6.7698465E+1	6.0977723E+1	0.0000000E+0	0.0000000E+0	1.0000000E+2	0.0000000E+0
2.4192400E+2	6.7709264E+1	6.0986998E+1	0.0000000E+0	0.0000000E+0	1.0000000E+2	0.0000000E+0
2.4197400E+2	6.7710319E+1	6.0996124E+1	0.0000000E+0	0.0000000E+0	1.0000000E+2	0.0000000E+0
2.4202500E+2	6.7713157E+1	6.0994066E+1	0.0000000E+0	0.0000000E+0	1.0000000E+2	0.0000000E+0
2.4207500E+2	6.7678496E+1	6.0998205E+1	0.0000000E+0	0.0000000E+0	1.0000000E+2	0.0000000E+0
2.4212500E+2	6.7664404E+1	6.1006458E+1	0.0000000E+0	0.0000000E+0	1.0000000E+2	0.0000000E+0
2.4217500E+2	6.7685134E+1	6.1017233E+1	0.0000000E+0	0.0000000E+0	1.0000000E+2	0.0000000E+0
2.4222500E+2	6.7666802E+1	6.0997697E+1	0.0000000E+0	0.0000000E+0	1.0000000E+2	0.0000000E+0
2.4227500E+2	6.7643345E+1	6.0995983E+1	0.0000000E+0	0.0000000E+0	1.0000000E+2	0.0000000E+0
2.4232500E+2	6.7644969E+1	6.1012913E+1	0.0000000E+0	0.0000000E+0	1.0000000E+2	0.0000000E+0
2.4237500E+2	6.7613542E+1	6.0986629E+1	0.0000000E+0	0.0000000E+0	1.0000000E+2	0.0000000E+0
2.4242500E+2	6.7638087E+1	6.0985956E+1	0.0000000E+0	0.0000000E+0	1.0000000E+2	0.0000000E+0
2.4247500E+2	6.7669306E+1	6.1001411E+1	0.0000000E+0	0.0000000E+0	1.0000000E+2	0.0000000E+0
2.4252500E+2	6.7653110E+1	6.0996313E+1	0.0000000E+0	0.0000000E+0	1.0000000E+2	0.0000000E+0
2.4257600E+2	6.7660574E+1	6.1001718E+1	0.0000000E+0	0.0000000E+0	1.0000000E+2	0.0000000E+0
2.4262600E+2	6.7688104E+1	6.0983449E+1	0.0000000E+0	0.0000000E+0	1.0000000E+2	0.0000000E+0
2.4267600E+2	6.7712460E+1	6.1000779E+1	0.0000000E+0	0.0000000E+0	1.0000000E+2	0.0000000E+0
2.4272600E+2	6.7746222E+1	6.1008031E+1	0.0000000E+0	0.0000000E+0	1.0000000E+2	0.0000000E+0
2.4277600E+2	6.7759726E+1	6.1013048E+1	0.0000000E+0	0.0000000E+0	1.0000000E+2	0.0000000E+0
2.4282600E+2	6.7748094E+1	6.1005570E+1	0.0000000E+0	0.0000000E+0	1.0000000E+2	0.0000000E+0
2.4287700E+2	6.7727399E+1	6.0997514E+1	0.0000000E+0	0.0000000E+0	1.0000000E+2	0.0000000E+0
2.4292800E+2	6.7709287E+1	6.0991374E+1	0.0000000E+0	0.0000000E+0	1.0000000E+2	0.0000000E+0
2.4297800E+2	6.7693568E+1	6.0998238E+1	0.0000000E+0	0.0000000E+0	1.0000000E+2	0.0000000E+0
2.4302800E+2	6.7699551E+1	6.1009814E+1	0.0000000E+0	0.0000000E+0	1.0000000E+2	0.0000000E+0
2.4307800E+2	6.7694725E+1	6.0993177E+1	0.0000000E+0	0.0000000E+0	1.0000000E+2	0.0000000E+0
2.4312800E+2	6.7686280E+1	6.0993733E+1	0.0000000E+0	0.0000000E+0	1.0000000E+2	0.0000000E+0
2.4317800E+2	6.7714605E+1	6.1009681E+1	0.0000000E+0	0.0000000E+0	1.0000000E+2	0.0000000E+0
2.4322800E+2	6.7699532E+1	6.1009632E+1	0.0000000E+0	0.0000000E+0	1.0000000E+2	0.0000000E+0
2.4327800E+2	6.7699052E+1	6.1014171E+1	0.0000000E+0	0.0000000E+0	1.0000000E+2	0.0000000E+0
2.4332800E+2	6.7678325E+1	6.1016569E+1	0.0000000E+0	0.0000000E+0	1.0000000E+2	0.0000000E+0
2.4337800E+2	6.7672454E+1	6.1023760E+1	0.0000000E+0	0.0000000E+0	1.0000000E+2	0.0000000E+0
2.4342900E+2	6.7678660E+1	6.1033803E+1	0.0000000E+0	0.0000000E+0	1.0000000E+2	0.0000000E+0
2.4347900E+2	6.7670808E+1	6.1021148E+1	0.0000000E+0	0.0000000E+0	1.0000000E+2	0.0000000E+0
2.4353000E+2	6.7685200E+1	6.1018509E+1	0.0000000E+0	0.0000000E+0	1.0000000E+2	0.0000000E+0
2.4358000E+2	6.7671315E+1	6.1024593E+1	0.0000000E+0	0.0000000E+0	1.0000000E+2	0.0000000E+0
2.4363000E+2	6.7676628E+1	6.1034868E+1	0.0000000E+0	0.0000000E+0	1.0000000E+2	0.0000000E+0
2.4368000E+2	6.7680613E+1	6.1024094E+1	0.0000000E+0	0.0000000E+0	1.0000000E+2	0.0000000E+0
2.4373000E+2	6.7684268E+1	6.1022282E+1	0.0000000E+0	0.0000000E+0	1.0000000E+2	0.0000000E+0
2.4378000E+2	6.7701249E+1	6.1035849E+1	0.0000000E+0	0.0000000E+0	1.0000000E+2	0.0000000E+0
2.4383000E+2	6.7694077E+1	6.1033710E+1	0.0000000E+0	0.0000000E+0	1.0000000E+2	0.0000000E+0
2.4388100E+2	6.7616908E+1	6.1010804E+1	0.0000000E+0	0.0000000E+0	1.0000000E+2	0.0000000E+0
2.4393100E+2	6.7581543E+1	6.1019704E+1	0.0000000E+0	0.0000000E+0	1.0000000E+2	0.0000000E+0
2.4398100E+2	6.7601806E+1	6.1025595E+1	0.0000000E+0	0.0000000E+0	1.0000000E+2	0.0000000E+0
2.4403100E+2	6.7608138E+1	6.1028162E+1	0.0000000E+0	0.0000000E+0	1.0000000E+2	0.0000000E+0
2.4408100E+2	6.7604423E+1	6.1020782E+1	0.0000000E+0	0.0000000E+0	1.0000000E+2	0.0000000E+0
2.4413100E+2	6.7591585E+1	6.1028281E+1	0.0000000E+0	0.0000000E+0	1.0000000E+2	0.0000000E+0
2.4418100E+2	6.7579789E+1	6.1018625E+1	0.0000000E+0	0.0000000E+0	1.0000000E+2	0.0000000E+0
2.4423200E+2	6.7569943E+1	6.1022339E+1	0.0000000E+0	0.0000000E+0	1.0000000E+2	0.0000000E+0
2.4428200E+2	6.7559639E+1	6.1013469E+1	0.0000000E+0	0.0000000E+0	1.0000000E+2	0.0000000E+0
2.4433200E+2	6.7518187E+1	6.1019265E+1	0.0000000E+0	0.0000000E+0	1.0000000E+2	0.0000000E+0
2.4438200E+2	6.7504339E+1	6.1013134E+1	0.0000000E+0	0.0000000E+0	1.0000000E+2	0.0000000E+0
2.4443200E+2	6.7499730E+1	6.1007712E+1	0.0000000E+0	0.0000000E+0	1.0000000E+2	0.0000000E+0
2.4448300E+2	6.7524535E+1	6.1026427E+1	0.0000000E+0	0.0000000E+0	1.0000000E+2	0.0000000E+0
2.4453300E+2	6.7540003E+1	6.1025900E+1	0.0000000E+0	0.0000000E+0	1.0000000E+2	0.0000000E+0
2.4458400E+2	6.7555608E+1	6.1029683E+1	0.0000000E+0	0.0000000E+0	1.0000000E+2	0.0000000E+0
2.4463400E+2	6.7550813E+1	6.1015546E+1	0.0000000E+0	0.0000000E+0	1.0000000E+2	0.0000000E+0
2.4468400E+2	6.7553677E+1	6.1014487E+1	0.0000000E+0	0.0000000E+0	1.0000000E+2	0.0000000E+0
2.4473400E+2	6.7570695E+1	6.1014291E+1	0.0000000E+0	0.0000000E+0	1.0000000E+2	0.0000000E+0
2.4478400E+2	6.7573680E+1	6.1026434E+1	0.0000000E+0	0.0000000E+0	1.0000000E+2	0.0000000E+0
2.4483500E+2	6.7559527E+1	6.1002442E+1	0.0000000E+0	0.0000000E+0	1.0000000E+2	0.0000000E+0
2.4488500E+2	6.7549114E+1	6.0998885E+1	0.0000000E+0	0.0000000E+0	1.0000000E+2	0.0000000E+0
2.4493600E+2	6.7561922E+1	6.1023791E+1	0.0000000E+0	0.0000000E+0	1.0000000E+2	0.0000000E+0
2.4498600E+2	6.7558641E+1	6.1017984E+1	0.0000000E+0	0.0000000E+0	1.0000000E+2	0.0000000E+0
2.4503600E+2	6.7537415E+1	6.1007986E+1	0.0000000E+0	0.0000000E+0	1.0000000E+2	0.0000000E+0
2.4508600E+2	6.7531060E+1	6.1012342E+1	0.0000000E+0	0.0000000E+0	1.0000000E+2	0.0000000E+0
2.4513700E+2	6.7564346E+1	6.1022253E+1	0.0000000E+0	0.0000000E+0	1.0000000E+2	0.0000000E+0
2.4518800E+2	6.7597163E+1	6.1029977E+1	0.0000000E+0	0.0000000E+0	1.0000000E+2	0.0000000E+0
2.4523800E+2	6.7601199E+1	6.1029789E+1	0.0000000E+0	0.0000000E+0	1.0000000E+2	0.0000000E+0
2.4528800E+2	6.7614945E+1	6.1031305E+1	0.0000000E+0	0.0000000E+0	1.0000000E+2	0.0000000E+0
2.4533800E+2	6.7617676E+1	6.1029229E+1	0.0000000E+0	0.0000000E+0	1.0000000E+2	0.0000000E+0
2.4538800E+2	6.7633875E+1	6.1032653E+1	0.0000000E+0	0.0000000E+0	1.0000000E+2	0.0000000E+0
2.4543900E+2	6.7634095E+1	6.1031361E+1	0.0000000E+0	0.0000000E+0	1.0000000E+2	0.0000000E+0
2.4549000E+2	6.7619009E+1	6.1022336E+1	0.0000000E+0	0.0000000E+0	1.0000000E+2	0.0000000E+0
2.4554000E+2	6.7596428E+1	6.1027614E+1	0.0000000E+0	0.0000000E+0	1.0000000E+2	0.0000000E+0
2.4559000E+2	6.7609428E+1	6.1044095E+1	0.0000000E+0	0.0000000E+0	1.0000000E+2	0.0000000E+0
2.4564000E+2	6.7609634E+1	6.1040682E+1	0.0000000E+0	0.0000000E+0	1.0000000E+2	0.0000000E+0
2.4569000E+2	6.7580451E+1	6.1034206E+1	0.0000000E+0	0.0000000E+0	1.0000000E+2	0.0000000E+0
2.4574000E+2	6.7561966E+1	6.1024718E+1	0.0000000E+0	0.0000000E+0	1.0000000E+2	0.0000000E+0
2.4579000E+2	6.7556563E+1	6.1016075E+1	0.0000000E+0	0.0000000E+0	1.0000000E+2	0.0000000E+0
2.4584000E+2	6.7586440E+1	6.1025014E+1	0.0000000E+0	0.0000000E+0	1.0000000E+2	0.0000000E+0
2.4589100E+2	6.7601171E+1	6.1030735E+1	0.0000000E+0	0.0000000E+0	1.0000000E+2	0.0000000E+0
2.4594100E+2	6.7600431E+1	6.1018502E+1	0.0000000E+0	0.0000000E+0	1.0000000E+2	0.0000000E+0
2.4599100E+2	6.7614827E+1	6.1016872E+1	0.0000000E+0	0.0000000E+0	1.0000000E+2	0.0000000E+0
2.4604100E+2	6.7633419E+1	6.1029780E+1	0.0000000E+0	0.0000000E+0	1.0000000E+2	0.0000000E+0
2.4609100E+2	6.7629441E+1	6.1024599E+1	0.0000000E+0	0.0000000E+0	1.0000000E+2	0.0000000E+0
2.4614200E+2	6.7620733E+1	6.1016817E+1	0.0000000E+0	0.0000000E+0	1.0000000E+2	0.0000000E+0
2.4619200E+2	6.7629939E+1	6.1019368E+1	0.0000000E+0	0.0000000E+0	1.0000000E+2	0.0000000E+0
2.4624200E+2	6.7642426E+1	6.1020983E+1	0.0000000E+0	0.0000000E+0	1.0000000E+2	0.0000000E+0
2.4629200E+2	6.7660352E+1	6.1025633E+1	0.0000000E+0	0.0000000E+0	1.0000000E+2	0.0000000E+0
2.4634300E+2	6.7660610E+1	6.1008987E+1	0.0000000E+0	0.0000000E+0	1.0000000E+2	0.0000000E+0
2.4639300E+2	6.7639553E+1	6.1013874E+1	0.0000000E+0	0.0000000E+0	1.0000000E+2	0.0000000E+0
2.4644400E+2	6.7609384E+1	6.1023049E+1	0.0000000E+0	0.0000000E+0	1.0000000E+2	0.0000000E+0
2.4649400E+2	6.7580743E+1	6.1019807E+1	0.0000000E+0	0.0000000E+0	1.0000000E+2	0.0000000E+0
2.4654400E+2	6.7563087E+1	6.1016019E+1	0.0000000E+0	0.0000000E+0	1.0000000E+2	0.0000000E+0
2.4659400E+2	6.7550973E+1	6.1026236E+1	0.0000000E+0	0.0000000E+0	1.0000000E+2	0.0000000E+0
2.4664400E+2	6.7544785E+1	6.1032101E+1	0.0000000E+0	0.0000000E+0	1.0000000E+2	0.0000000E+0
2.4669400E+2	6.7507267E+1	6.1033481E+1	0.0000000E+0	0.0000000E+0	1.0000000E+2	0.0000000E+0
2.4674400E+2	6.7496722E+1	6.1021260E+1	0.0000000E+0	0.0000000E+0	1.0000000E+2	0.0000000E+0
2.4679400E+2	6.7507349E+1	6.1026047E+1	0.0000000E+0	0.0000000E+0	1.0000000E+2	0.0000000E+0
2.4684500E+2	6.7505187E+1	6.1021395E+1	0.0000000E+0	0.0000000E+0	1.0000000E+2	0.0000000E+0
2.4689600E+2	6.7505601E+1	6.1016743E+1	0.0000000E+0	0.0000000E+0	1.0000000E+2	0.0000000E+0
2.4694600E+2	6.7466718E+1	6.1014229E+1	0.0000000E+0	0.0000000E+0	1.0000000E+2	0.0000000E+0
2.4699600E+2	6.7456588E+1	6.1013296E+1	0.0000000E+0	0.0000000E+0	1.0000000E+2	0.0000000E+0
2.4704700E+2	6.7438596E+1	6.1014847E+1	0.0000000E+0	0.0000000E+0	1.0000000E+2	0.0000000E+0
2.4709800E+2	6.7423226E+1	6.1004407E+1	0.0000000E+0	0.0000000E+0	1.0000000E+2	0.0000000E+0
2.4714800E+2	6.7397959E+1	6.1002515E+1	0.0000000E+0	0.0000000E+0	1.0000000E+2	0.0000000E+0
2.4719800E+2	6.7412228E+1	6.1016745E+1	0.0000000E+0	0.0000000E+0	1.0000000E+2	0.0000000E+0
2.4724800E+2	6.7408459E+1	6.1028412E+1	0.0000000E+0	0.0000000E+0	1.0000000E+2	0.0000000E+0
2.4729800E+2	6.7384536E+1	6.1036589E+1	0.0000000E+0	0.0000000E+0	1.0000000E+2	0.0000000E+0
2.4734800E+2	6.7344132E+1	6.1027644E+1	0.0000000E+0	0.0000000E+0	1.0000000E+2	0.0000000E+0
2.4739800E+2	6.7336272E+1	6.1043016E+1	0.0000000E+0	0.0000000E+0	1.0000000E+2	0.0000000E+0
2.4744800E+2	6.7318764E+1	6.1025269E+1	0.0000000E+0	0.0000000E+0	1.0000000E+2	0.0000000E+0
2.4749800E+2	6.7314336E+1	6.1024179E+1	0.0000000E+0	0.0000000E+0	1.0000000E+2	0.0000000E+0
2.4754900E+2	6.7326122E+1	6.1039060E+1	0.0000000E+0	0.0000000E+0	1.0000000E+2	0.0000000E+0
2.4759900E+2	6.7325590E+1	6.1014369E+1	0.0000000E+0	0.0000000E+0	1.0000000E+2	0.0000000E+0
2.4764900E+2	6.7339818E+1	6.1030232E+1	0.0000000E+0	0.0000000E+0	1.0000000E+2	0.0000000E+0
2.4769900E+2	6.7361182E+1	6.1031897E+1	0.0000000E+0	0.0000000E+0	1.0000000E+2	0.0000000E+0
2.4774900E+2	6.7393967E+1	6.1032108E+1	0.0000000E+0	0.0000000E+0	1.0000000E+2	0.0000000E+0
2.4780000E+2	6.7415480E+1	6.1038498E+1	0.0000000E+0	0.0000000E+0	1.0000000E+2	0.0000000E+0
2.4785100E+2	6.7423342E+1	6.1029903E+1	0.0000000E+0	0.0000000E+0	1.0000000E+2	0.0000000E+0
2.4790200E+2	6.7429375E+1	6.1029058E+1	0.0000000E+0	0.0000000E+0	1.0000000E+2	0.0000000E+0
2.4795200E+2	6.7396901E+1	6.1013447E+1	0.0000000E+0	0.0000000E+0	1.0000000E+2	0.0000000E+0
2.4800200E+2	6.7395265E+1	6.1012807E+1	0.0000000E+0	0.0000000E+0	1.0000000E+2	0.0000000E+0
2.4805200E+2	6.7416302E+1	6.1026966E+1	0.0000000E+0	0.0000000E+0	1.0000000E+2	0.0000000E+0
2.4810200E+2	6.7396256E+1	6.1020726E+1	0.0000000E+0	0.0000000E+0	1.0000000E+2	0.0000000E+0
2.4815200E+2	6.7380330E+1	6.1016735E+1	0.0000000E+0	0.0000000E+0	1.0000000E+2	0.0000000E+0
2.4820200E+2	6.7378745E+1	6.1015369E+1	0.0000000E+0	0.0000000E+0	1.0000000E+2	0.0000000E+0
2.4825200E+2	6.7424933E+1	6.1011819E+1	0.0000000E+0	0.0000000E+0	1.0000000E+2	0.0000000E+0
2.4830200E+2	6.7443511E+1	6.1020996E+1	0.0000000E+0	0.0000000E+0	1.0000000E+2	0.0000000E+0
2.4835400E+2	6.7439613E+1	6.1014858E+1	0.0000000E+0	0.0000000E+0	1.0000000E+2	0.0000000E+0
2.4840400E+2	6.7457088E+1	6.1023499E+1	0.0000000E+0	0.0000000E+0	1.0000000E+2	0.0000000E+0
2.4845600E+2	6.7469179E+1	6.1030439E+1	0.0000000E+0	0.0000000E+0	1.0000000E+2	0.0000000E+0
2.4850600E+2	6.7473831E+1	6.1033868E+1	0.0000000E+0	0.0000000E+0	1.0000000E+2	0.0000000E+0
2.4855600E+2	6.7497434E+1	6.1010654E+1	0.0000000E+0	0.0000000E+0	1.0000000E+2	0.0000000E+0
2.4860600E+2	6.7500524E+1	6.1023780E+1	0.0000000E+0	0.0000000E+0	1.0000000E+2	0.0000000E+0
2.4865600E+2	6.7519958E+1	6.1020145E+1	0.0000000E+0	0.0000000E+0	1.0000000E+2	0.0000000E+0
2.4870600E+2	6.7519496E+1	6.1017055E+1	0.0000000E+0	0.0000000E+0	1.0000000E+2	0.0000000E+0
2.4875600E+2	6.7526551E+1	6.1017378E+1	0.0000000E+0	0.0000000E+0	1.0000000E+2	0.0000000E+0
2.4880600E+2	6.7540062E+1	6.1037388E+1	0.0000000E+0	0.0000000E+0	1.0000000E+2	0.0000000E+0
2.4885600E+2	6.7519035E+1	6.1017087E+1	0.0000000E+0	0.0000000E+0	1.0000000E+2	0.0000000E+0
2.4890600E+2	6.7514447E+1	6.1008399E+1	0.0000000E+0	0.0000000E+0	1.0000000E+2	0.0000000E+0
2.4895600E+2	6.7553493E+1	6.1035239E+1	0.0000000E+0	0.0000000E+0	1.0000000E+2	0.0000000E+0
2.4900600E+2	6.7568868E+1	6.1030893E+1	0.0000000E+0	0.0000000E+0	1.0000000E+2	0.0000000E+0
2.4905600E+2	6.7573696E+1	6.1026532E+1	0.0000000E+0	0.0000000E+0	1.0000000E+2	0.0000000E+0
2.4910600E+2	6.7595120E+1	6.1025479E+1	0.0000000E+0	0.0000000E+0	1.0000000E+2	0.0000000E+0
2.4915600E+2	6.7613817E+1	6.1032071E+1	0.0000000E+0	0.0000000E+0	1.0000000E+2	0.0000000E+0
2.4920600E+2	6.7627889E+1	6.1045033E+1	0.0000000E+0	0.0000000E+0	1.0000000E+2	0.0000000E+0
2.4925600E+2	6.7635531E+1	6.1044030E+1	0.0000000E+0	0.0000000E+0	1.0000000E+2	0.0000000E+0
2.4930700E+2	6.7618607E+1	6.1043529E+1	0.0000000E+0	0.0000000E+0	1.0000000E+2	0.0000000E+0
2.4935800E+2	6.7534891E+1	6.1044054E+1	0.0000000E+0	0.0000000E+0	1.0000000E+2	0.0000000E+0
2.4940800E+2	6.7505787E+1	6.1060266E+1	0.0000000E+0	0.0000000E+0	1.0000000E+2	0.0000000E+0
2.4945900E+2	6.7474127E+1	6.1032901E+1	0.0000000E+0	0.0000000E+0	1.0000000E+2	0.0000000E+0
2.4951000E+2	6.7469288E+1	6.1054859E+1	0.0000000E+0	0.0000000E+0	1.0000000E+2	0.0000000E+0
2.4956000E+2	6.7457651E+1	6.1043854E+1	0.0000000E+0	0.0000000E+0	1.0000000E+2	0.0000000E+0
2.4961000E+2	6.7459788E+1	6.1044526E+1	0.0000000E+0	0.0000000E+0	1.0000000E+2	0.0000000E+0
2.4966000E+2	6.7469889E+1	6.1041634E+1	0.0000000E+0	0.0000000E+0	1.0000000E+2	0.0000000E+0
2.4971000E+2	6.7482927E+1	6.1057003E+1	0.0000000E+0	0.0000000E+0	1.0000000E+2	0.0000000E+0
2.4976000E+2	6.7498387E+1	6.1058774E+1	0.0000000E+0	0.0000000E+0	1.0000000E+2	0.0000000E+0
2.4981100E+2	6.7517540E+1	6.1048744E+1	0.0000000E+0	0.0000000E+0	1.0000000E+2	0.0000000E+0
2.4986100E+2	6.7522005E+1	6.1056080E+1	0.0000000E+0	0.0000000E+0	1.0000000E+2	0.0000000E+0
2.4991200E+2	6.7539573E+1	6.1059406E+1	0.0000000E+0	0.0000000E+0	1.0000000E+2	0.0000000E+0
2.4996200E+2	6.7560483E+1	6.1061295E+1	0.0000000E+0	0.0000000E+0	1.0000000E+2	0.0000000E+0
2.5001200E+2	6.7580272E+1	6.1071062E+1	0.0000000E+0	0.0000000E+0	1.0000000E+2	0.0000000E+0
2.5006200E+2	6.7581208E+1	6.1073796E+1	0.0000000E+0	0.0000000E+0	1.0000000E+2	0.0000000E+0
2.5011200E+2	6.7571492E+1	6.1062816E+1	0.0000000E+0	0.0000000E+0	1.0000000E+2	0.0000000E+0
2.5016200E+2	6.7603780E+1	6.1056458E+1	0.0000000E+0	0.0000000E+0	1.0000000E+2	0.0000000E+0
2.5021200E+2	6.7644785E+1	6.1066008E+1	0.0000000E+0	0.0000000E+0	1.0000000E+2	0.0000000E+0
2.5026200E+2	6.7664496E+1	6.1074794E+1	0.0000000E+0	0.0000000E+0	1.0000000E+2	0.0000000E+0
2.5031200E+2	6.7671079E+1	6.1064955E+1	0.0000000E+0	0.0000000E+0	1.0000000E+2	0.0000000E+0
2.5036200E+2	6.7693436E+1	6.1073876E+1	0.0000000E+0	0.0000000E+0	1.0000000E+2	0.0000000E+0
2.5041200E+2	6.7706753E+1	6.1081848E+1	0.0000000E+0	0.0000000E+0	1.0000000E+2	0.0000000E+0
2.5046200E+2	6.7697572E+1	6.1071101E+1	0.0000000E+0	0.0000000E+0	1.0000000E+2	0.0000000E+0
2.5051200E+2	6.7707714E+1	6.1080260E+1	0.0000000E+0	0.0000000E+0	1.0000000E+2	0.0000000E+0
2.5056200E+2	6.7676797E+1	6.1067031E+1	0.0000000E+0	0.0000000E+0	1.0000000E+2	0.0000000E+0
2.5061200E+2	6.7674883E+1	6.1079479E+1	0.0000000E+0	0.0000000E+0	1.0000000E+2	0.0000000E+0
2.5066200E+2	6.7680836E+1	6.1085887E+1	0.0000000E+0	0.0000000E+0	1.0000000E+2	0.0000000E+0
2.5071200E+2	6.7710657E+1	6.1091067E+1	0.0000000E+0	0.0000000E+0	1.0000000E+2	0.0000000E+0
2.5076200E+2	6.7704086E+1	6.1083935E+1	0.0000000E+0	0.0000000E+0	1.0000000E+2	0.0000000E+0
2.5081200E+2	6.7697947E+1	6.1077021E+1	0.0000000E+0	0.0000000E+0	1.0000000E+2	0.0000000E+0
2.5086200E+2	6.7706460E+1	6.1073812E+1	0.0000000E+0	0.0000000E+0	1.0000000E+2	0.0000000E+0
2.5091200E+2	6.7714679E+1	6.1072392E+1	0.0000000E+0	0.0000000E+0	1.0000000E+2	0.0000000E+0
2.5096300E+2	6.7748441E+1	6.1082241E+1	0.0000000E+0	0.0000000E+0	1.0000000E+2	0.0000000E+0
2.5101400E+2	6.7760310E+1	6.1081007E+1	0.0000000E+0	0.0000000E+0	1.0000000E+2	0.0000000E+0
2.5106400E+2	6.7777268E+1	6.1072977E+1	0.0000000E+0	0.0000000E+0	1.0000000E+2	0.0000000E+0
2.5111400E+2	6.7780866E+1	6.1075832E+1	0.0000000E+0	0.0000000E+0	1.0000000E+2	0.0000000E+0
2.5116400E+2	6.7797909E+1	6.1085236E+1	0.0000000E+0	0.0000000E+0	1.0000000E+2	0.0000000E+0
2.5121400E+2	6.7818030E+1	6.1092522E+1	0.0000000E+0	0.0000000E+0	1.0000000E+2	0.0000000E+0
2.5126400E+2	6.7825643E+1	6.1092923E+1	0.0000000E+0	0.0000000E+0	1.0000000E+2	0.0000000E+0
2.5131400E+2	6.7825746E+1	6.1099788E+1	0.0000000E+0	0.0000000E+0	1.0000000E+2	0.0000000E+0
2.5136400E+2	6.7862703E+1	6.1086038E+1	0.0000000E+0	0.0000000E+0	1.0000000E+2	0.0000000E+0
2.5141400E+2	6.7901293E+1	6.1087663E+1	0.0000000E+0	0.0000000E+0	1.0000000E+2	0.0000000E+0
2.5146400E+2	6.7884859E+1	6.1080233E+1	0.0000000E+0	0.0000000E+0	1.0000000E+2	0.0000000E+0
2.5151400E+2	6.7887974E+1	6.1085475E+1	0.0000000E+0	0.0000000E+0	1.0000000E+2	0.0000000E+0
2.5156400E+2	6.7880078E+1	6.1085984E+1	0.0000000E+0	0.0000000E+0	1.0000000E+2	0.0000000E+0
2.5161400E+2	6.7853919E+1	6.1083841E+1	0.0000000E+0	0.0000000E+0	1.0000000E+2	0.0000000E+0
2.5166400E+2	6.7842872E+1	6.1090220E+1	0.0000000E+0	0.0000000E+0	1.0000000E+2	0.0000000E+0
2.5171400E+2	6.7811298E+1	6.1075314E+1	0.0000000E+0	0.0000000E+0	1.0000000E+2	0.0000000E+0
2.5176400E+2	6.7805889E+1	6.1065532E+1	0.0000000E+0	0.0000000E+0	1.0000000E+2	0.0000000E+0
2.5181400E+2	6.7812129E+1	6.1074919E+1	0.0000000E+0	0.0000000E+0	1.0000000E+2	0.0000000E+0
2.5186500E+2	6.7766105E+1	6.1066945E+1	0.0000000E+0	0.0000000E+0	1.0000000E+2	0.0000000E+0
2.5191500E+2	6.7798588E+1	6.1090236E+1	0.0000000E+0	0.0000000E+0	1.0000000E+2	0.0000000E+0
2.5196500E+2	6.7792172E+1	6.1074572E+1	0.0000000E+0	0.0000000E+0	1.0000000E+2	0.0000000E+0
2.5201500E+2	6.7770767E+1	6.1076485E+1	0.0000000E+0	0.0000000E+0	1.0000000E+2	0.0000000E+0
2.5206500E+2	6.7724677E+1	6.1059418E+1	0.0000000E+0	0.0000000E+0	1.0000000E+2	0.0000000E+0
2.5211600E+2	6.7721243E+1	6.1052922E+1	0.0000000E+0	0.0000000E+0	1.0000000E+2	0.0000000E+0
2.5216600E+2	6.7726351E+1	6.1061939E+1	0.0000000E+0	0.0000000E+0	1.0000000E+2	0.0000000E+0
2.5221600E+2	6.7697296E+1	6.1064936E+1	0.0000000E+0	0.0000000E+0	1.0000000E+2	0.0000000E+0
2.5226600E+2	6.7671407E+1	6.1054008E+1	0.0000000E+0	0.0000000E+0	1.0000000E+2	0.0000000E+0
2.5231600E+2	6.7686220E+1	6.1061773E+1	0.0000000E+0	0.0000000E+0	1.0000000E+2	0.0000000E+0
2.5236600E+2	6.7684066E+1	6.1059756E+1	0.0000000E+0	0.0000000E+0	1.0000000E+2	0.0000000E+0
2.5241600E+2	6.7674750E+1	6.1058487E+1	0.0000000E+0	0.0000000E+0	1.0000000E+2	0.0000000E+0
2.5246600E+2	6.7644378E+1	6.1060726E+1	0.0000000E+0	0.0000000E+0	1.0000000E+2	0.0000000E+0
2.5251600E+2	6.7632975E+1	6.1060614E+1	0.0000000E+0	0.0000000E+0	1.0000000E+2	0.0000000E+0
2.5256600E+2	6.7616076E+1	6.1064662E+1	0.0000000E+0	0.0000000E+0	1.0000000E+2	0.0000000E+0
2.5261600E+2	6.7604743E+1	6.1058720E+1	0.0000000E+0	0.0000000E+0	1.0000000E+2	0.0000000E+0
2.5266700E+2	6.7608100E+1	6.1062164E+1	0.0000000E+0	0.0000000E+0	1.0000000E+2	0.0000000E+0
2.5271700E+2	6.7625364E+1	6.1062588E+1	0.0000000E+0	0.0000000E+0	1.0000000E+2	0.0000000E+0
2.5276700E+2	6.7616301E+1	6.1085864E+1	0.0000000E+0	0.0000000E+0	1.0000000E+2	0.0000000E+0
2.5281700E+2	6.7628236E+1	6.1080986E+1	0.0000000E+0	0.0000000E+0	1.0000000E+2	0.0000000E+0
2.5286800E+2	6.7639728E+1	6.1084806E+1	0.0000000E+0	0.0000000E+0	1.0000000E+2	0.0000000E+0
2.5291800E+2	6.7656598E+1	6.1091682E+1	0.0000000E+0	0.0000000E+0	1.0000000E+2	0.0000000E+0
2.5296800E+2	6.7644359E+1	6.1066619E+1	0.0000000E+0	0.0000000E+0	1.0000000E+2	0.0000000E+0
2.5301800E+2	6.7656054E+1	6.1068085E+1	0.0000000E+0	0.0000000E+0	1.0000000E+2	0.0000000E+0
2.5306800E+2	6.7644713E+1	6.1064862E+1	0.0000000E+0	0.0000000E+0	1.0000000E+2	0.0000000E+0
2.5311900E+2	6.7674801E+1	6.1079930E+1	0.0000000E+0	0.0000000E+0	1.0000000E+2	0.0000000E+0
2.5316900E+2	6.7695597E+1	6.1073014E+1	0.0000000E+0	0.0000000E+0	1.0000000E+2	0.0000000E+0
2.5322000E+2	6.7689052E+1	6.1066720E+1	0.0000000E+0	0.0000000E+0	1.0000000E+2	0.0000000E+0
2.5327000E+2	6.7690613E+1	6.1052143E+1	0.0000000E+0	0.0000000E+0	1.0000000E+2	0.0000000E+0
2.5332000E+2	6.7659071E+1	6.1047057E+1	0.0000000E+0	0.0000000E+0	1.0000000E+2	0.0000000E+0
2.5337100E+2	6.7660604E+1	6.1053503E+1	0.0000000E+0	0.0000000E+0	1.0000000E+2	0.0000000E+0
2.5342100E+2	6.7641623E+1	6.1073953E+1	0.0000000E+0	0.0000000E+0	1.0000000E+2	0.0000000E+0
2.5347100E+2	6.7553827E+1	6.1054398E+1	0.0000000E+0	0.0000000E+0	1.0000000E+2	0.0000000E+0
2.5352100E+2	6.7519132E+1	6.1072141E+1	0.0000000E+0	0.0000000E+0	1.0000000E+2	0.0000000E+0
2.5357100E+2	6.7487576E+1	6.1055615E+1	0.0000000E+0	0.0000000E+0	1.0000000E+2	0.0000000E+0
2.5362100E+2	6.7463658E+1	6.1054239E+1	0.0000000E+0	0.0000000E+0	1.0000000E+2	0.0000000E+0
2.5367100E+2	6.7477081E+1	6.1067840E+1	0.0000000E+0	0.0000000E+0	1.0000000E+2	0.0000000E+0
2.5372100E+2	6.7481556E+1	6.1064232E+1	0.0000000E+0	0.0000000E+0	1.0000000E+2	0.0000000E+0
2.5377100E+2	6.7465161E+1	6.1043265E+1	0.0000000E+0	0.0000000E+0	1.0000000E+2	0.0000000E+0
2.5382100E+2	6.7475873E+1	6.1047834E+1	0.0000000E+0	0.0000000E+0	1.0000000E+2	0.0000000E+0
2.5387100E+2	6.7496466E+1	6.1056859E+1	0.0000000E+0	0.0000000E+0	1.0000000E+2	0.0000000E+0
2.5392100E+2	6.7520681E+1	6.1069256E+1	0.0000000E+0	0.0000000E+0	1.0000000E+2	0.0000000E+0
2.5397100E+2	6.7538010E+1	6.1062653E+1	0.0000000E+0	0.0000000E+0	1.0000000E+2	0.0000000E+0
2.5402100E+2	6.7556081E+1	6.1065321E+1	0.0000000E+0	0.0000000E+0	1.0000000E+2	0.0000000E+0
2.5407100E+2	6.7559489E+1	6.1055527E+1	0.0000000E+0	0.0000000E+0	1.0000000E+2	0.0000000E+0
2.5412200E+2	6.7516111E+1	6.1053776E+1	0.0000000E+0	0.0000000E+0	1.0000000E+2	0.0000000E+0
2.5417200E+2	6.7492388E+1	6.1046935E+1	0.0000000E+0	0.0000000E+0	1.0000000E+2	0.0000000E+0
2.5422200E+2	6.7483451E+1	6.1052952E+1	0.0000000E+0	0.0000000E+0	1.0000000E+2	0.0000000E+0
2.5427200E+2	6.7499862E+1	6.1051343E+1	0.0000000E+0	0.0000000E+0	1.0000000E+2	0.0000000E+0
2.5432200E+2	6.7512912E+1	6.1058859E+1	0.0000000E+0	0.0000000E+0	1.0000000E+2	0.0000000E+0
2.5437200E+2	6.7534277E+1	6.1069713E+1	0.0000000E+0	0.0000000E+0	1.0000000E+2	0.0000000E+0
2.5442300E+2	6.7541758E+1	6.1073486E+1	0.0000000E+0	0.0000000E+0	1.0000000E+2	0.0000000E+0
2.5447300E+2	6.7529300E+1	6.1062666E+1	0.0000000E+0	0.0000000E+0	1.0000000E+2	0.0000000E+0
2.5452300E+2	6.7511315E+1	6.1050332E+1	0.0000000E+0	0.0000000E+0	1.0000000E+2	0.0000000E+0
2.5457300E+2	6.7505131E+1	6.1045092E+1	0.0000000E+0	0.0000000E+0	1.0000000E+2	0.0000000E+0
2.5462300E+2	6.7500034E+1	6.1054934E+1	0.0000000E+0	0.0000000E+0	1.0000000E+2	0.0000000E+0
2.5467300E+2	6.7512220E+1	6.1062329E+1	0.0000000E+0	0.0000000E+0	1.0000000E+2	0.0000000E+0
2.5472400E+2	6.7500648E+1	6.1065170E+1	0.0000000E+0	0.0000000E+0	1.0000000E+2	0.0000000E+0
2.5477400E+2	6.7475653E+1	6.1035657E+1	0.0000000E+0	0.0000000E+0	1.0000000E+2	0.0000000E+0
2.5482400E+2	6.7473048E+1	6.1043824E+1	0.0000000E+0	0.0000000E+0	1.0000000E+2	0.0000000E+0
2.5487400E+2	6.7505861E+1	6.1073968E+1	0.0000000E+0	0.0000000E+0	1.0000000E+2	0.0000000E+0
2.5492400E+2	6.7491746E+1	6.1069537E+1	0.0000000E+0	0.0000000E+0	1.0000000E+2	0.0000000E+0
2.5497400E+2	6.7501054E+1	6.1064869E+1	0.0000000E+0	0.0000000E+0	1.0000000E+2	0.0000000E+0
2.5502400E+2	6.7520122E+1	6.1063593E+1	0.0000000E+0	0.0000000E+0	1.0000000E+2	0.0000000E+0
2.5507400E+2	6.7548484E+1	6.1083963E+1	0.0000000E+0	0.0000000E+0	1.0000000E+2	0.0000000E+0
2.5512400E+2	6.7496157E+1	6.1070442E+1	0.0000000E+0	0.0000000E+0	1.0000000E+2	0.0000000E+0
2.5517500E+2	6.7479364E+1	6.1063161E+1	0.0000000E+0	0.0000000E+0	1.0000000E+2	0.0000000E+0
2.5522500E+2	6.7467763E+1	6.1053477E+1	0.0000000E+0	0.0000000E+0	1.0000000E+2	0.0000000E+0
2.5527500E+2	6.7488910E+1	6.1057891E+1	0.0000000E+0	0.0000000E+0	1.0000000E+2	0.0000000E+0
2.5532500E+2	6.7503710E+1	6.1068648E+1	0.0000000E+0	0.0000000E+0	1.0000000E+2	0.0000000E+0
2.5537500E+2	6.7496589E+1	6.1065691E+1	0.0000000E+0	0.0000000E+0	1.0000000E+2	0.0000000E+0
2.5542500E+2	6.7512582E+1	6.1061344E+1	0.0000000E+0	0.0000000E+0	1.0000000E+2	0.0000000E+0
2.5547500E+2	6.7522964E+1	6.1051479E+1	0.0000000E+0	0.0000000E+0	1.0000000E+2	0.0000000E+0
2.5552500E+2	6.7547077E+1	6.1053720E+1	0.0000000E+0	0.0000000E+0	1.0000000E+2	0.0000000E+0
2.5557500E+2	6.7570197E+1	6.1064281E+1	0.0000000E+0	0.0000000E+0	1.0000000E+2	0.0000000E+0
2.5562500E+2	6.7566532E+1	6.1065528E+1	0.0000000E+0	0.0000000E+0	1.0000000E+2	0.0000000E+0
2.5567500E+2	6.7565559E+1	6.1065682E+1	0.0000000E+0	0.0000000E+0	1.0000000E+2	0.0000000E+0
2.5572500E+2	6.7584190E+1	6.1065340E+1	0.0000000E+0	0.0000000E+0	1.0000000E+2	0.0000000E+0
2.5577500E+2	6.7594325E+1	6.1070342E+1	0.0000000E+0	0.0000000E+0	1.0000000E+2	0.0000000E+0
2.5582500E+2	6.7588267E+1	6.1074280E+1	0.0000000E+0	0.0000000E+0	1.0000000E+2	0.0000000E+0
2.5587500E+2	6.7600572E+1	6.1077876E+1	0.0000000E+0	0.0000000E+0	1.0000000E+2	0.0000000E+0
2.5592500E+2	6.7608705E+1	6.1059541E+1	0.0000000E+0	0.0000000E+0	1.0000000E+2	0.0000000E+0
2.5597500E+2	6.7643131E+1	6.1065263E+1	0.0000000E+0	0.0000000E+0	1.0000000E+2	0.0000000E+0
2.5602500E+2	6.7687705E+1	6.1085158E+1	0.0000000E+0	0.0000000E+0	1.0000000E+2	0.0000000E+0
2.5607500E+2	6.7716097E+1	6.1082997E+1	0.0000000E+0	0.0000000E+0	1.0000000E+2	0.0000000E+0
2.5612500E+2	6.7743027E+1	6.1106359E+1	0.0000000E+0	0.0000000E+0	1.0000000E+2	0.0000000E+0
2.5617600E+2	6.7740674E+1	6.1089260E+1	0.0000000E+0	0.0000000E+0	1.0000000E+2	0.0000000E+0
2.5622600E+2	6.7750369E+1	6.1090181E+1	0.0000000E+0	0.0000000E+0	1.0000000E+2	0.0000000E+0
2.5627600E+2	6.7715335E+1	6.1096684E+1	0.0000000E+0	0.0000000E+0	1.0000000E+2	0.0000000E+0
2.5632600E+2	6.7687024E+1	6.1082316E+1	0.0000000E+0	0.0000000E+0	1.0000000E+2	0.0000000E+0
2.5637700E+2	6.7715687E+1	6.1090790E+1	0.0000000E+0	0.0000000E+0	1.0000000E+2	0.0000000E+0
2.5642700E+2	6.7727457E+1	6.1105098E+1	0.0000000E+0	0.0000000E+0	1.0000000E+2	0.0000000E+0
2.5647700E+2	6.7741404E+1	6.1098116E+1	0.0000000E+0	0.0000000E+0	1.0000000E+2	0.0000000E+0
2.5652700E+2	6.7758139E+1	6.1083448E+1	0.0000000E+0	0.0000000E+0	1.0000000E+2	0.0000000E+0
2.5657800E+2	6.7763132E+1	6.1075592E+1	0.0000000E+0	0.0000000E+0	1.0000000E+2	0.0000000E+0
2.5662900E+2	6.7792189E+1	6.1077897E+1	0.0000000E+0	0.0000000E+0	1.0000000E+2	0.0000000E+0
2.5667900E+2	6.7799517E+1	6.1061266E+1	0.0000000E+0	0.0000000E+0	1.0000000E+2	0.0000000E+0
2.5672900E+2	6.7821841E+1	6.1080324E+1	0.0000000E+0	0.0000000E+0	1.0000000E+2	0.0000000E+0
2.5678000E+2	6.7820659E+1	6.1074179E+1	0.0000000E+0	0.0000000E+0	1.0000000E+2	0.0000000E+0
2.5683000E+2	6.7840882E+1	6.1076000E+1	0.0000000E+0	0.0000000E+0	1.0000000E+2	0.0000000E+0
2.5688100E+2	6.7869969E+1	6.1081180E+1	0.0000000E+0	0.0000000E+0	1.0000000E+2	0.0000000E+0
2.5693200E+2	6.7876135E+1	6.1096045E+1	0.0000000E+0	0.0000000E+0	1.0000000E+2	0.0000000E+0
2.5698200E+2	6.7895180E+1	6.1088415E+1	0.0000000E+0	0.0000000E+0	1.0000000E+2	0.0000000E+0
2.5703300E+2	6.7922996E+1	6.1104525E+1	0.0000000E+0	0.0000000E+0	1.0000000E+2	0.0000000E+0
2.5708300E+2	6.7932219E+1	6.1103380E+1	0.0000000E+0	0.0000000E+0	1.0000000E+2	0.0000000E+0
2.5713300E+2	6.7924420E+1	6.1102682E+1	0.0000000E+0	0.0000000E+0	1.0000000E+2	0.0000000E+0
2.5718300E+2	6.7934494E+1	6.1115188E+1	0.0000000E+0	0.0000000E+0	1.0000000E+2	0.0000000E+0
2.5723300E+2	6.7931322E+1	6.1091356E+1	0.0000000E+0	0.0000000E+0	1.0000000E+2	0.0000000E+0
2.5728300E+2	6.7944544E+1	6.1107369E+1	0.0000000E+0	0.0000000E+0	1.0000000E+2	0.0000000E+0
2.5733300E+2	6.7941833E+1	6.1106816E+1	0.0000000E+0	0.0000000E+0	1.0000000E+2	0.0000000E+0
2.5738300E+2	6.7905637E+1	6.1071429E+1	0.0000000E+0	0.0000000E+0	1.0000000E+2	0.0000000E+0
2.5743400E+2	6.7921544E+1	6.1079034E+1	0.0000000E+0	0.0000000E+0	1.0000000E+2	0.0000000E+0
2.5748400E+2	6.7930630E+1	6.1086257E+1	0.0000000E+0	0.0000000E+0	1.0000000E+2	0.0000000E+0
2.5753400E+2	6.7943198E+1	6.1083752E+1	0.0000000E+0	0.0000000E+0	1.0000000E+2	0.0000000E+0
2.5758400E+2	6.7956741E+1	6.1082545E+1	0.0000000E+0	0.0000000E+0	1.0000000E+2	0.0000000E+0
2.5763400E+2	6.7956693E+1	6.1089365E+1	0.0000000E+0	0.0000000E+0	1.0000000E+2	0.0000000E+0
2.5768400E+2	6.7930158E+1	6.1086273E+1	0.0000000E+0	0.0000000E+0	1.0000000E+2	0.0000000E+0
2.5773400E+2	6.7881752E+1	6.1077014E+1	0.0000000E+0	0.0000000E+0	1.0000000E+2	0.0000000E+0
2.5778400E+2	6.7856229E+1	6.1090579E+1	0.0000000E+0	0.0000000E+0	1.0000000E+2	0.0000000E+0
2.5783400E+2	6.7859693E+1	6.1090142E+1	0.0000000E+0	0.0000000E+0	1.0000000E+2	0.0000000E+0
2.5788400E+2	6.7835539E+1	6.1089289E+1	0.0000000E+0	0.0000000E+0	1.0000000E+2	0.0000000E+0
2.5793400E+2	6.7808817E+1	6.1092754E+1	0.0000000E+0	0.0000000E+0	1.0000000E+2	0.0000000E+0
2.5798400E+2	6.7776603E+1	6.1096692E+1	0.0000000E+0	0.0000000E+0	1.0000000E+2	0.0000000E+0
2.5803400E+2	6.7785493E+1	6.1106663E+1	0.0000000E+0	0.0000000E+0	1.0000000E+2	0.0000000E+0
2.5808400E+2	6.7774151E+1	6.1101521E+1	0.0000000E+0	0.0000000E+0	1.0000000E+2	0.0000000E+0
2.5813400E+2	6.7783205E+1	6.1098075E+1	0.0000000E+0	0.0000000E+0	1.0000000E+2	0.0000000E+0
2.5818400E+2	6.7758255E+1	6.1083981E+1	0.0000000E+0	0.0000000E+0	1.0000000E+2	0.0000000E+0
2.5823400E+2	6.7764182E+1	6.1081854E+1	0.0000000E+0	0.0000000E+0	1.0000000E+2	0.0000000E+0
2.5828400E+2	6.7768583E+1	6.1076715E+1	0.0000000E+0	0.0000000E+0	1.0000000E+2	0.0000000E+0
2.5833400E+2	6.7778785E+1	6.1101809E+1	0.0000000E+0	0.0000000E+0	1.0000000E+2	0.0000000E+0
2.5838400E+2	6.7773906E+1	6.1117492E+1	0.0000000E+0	0.0000000E+0	1.0000000E+2	0.0000000E+0
2.5843400E+2	6.7713991E+1	6.1106213E+1	0.0000000E+0	0.0000000E+0	1.0000000E+2	0.0000000E+0
2.5848500E+2	6.7698206E+1	6.1095392E+1	0.0000000E+0	0.0000000E+0	1.0000000E+2	0.0000000E+0
2.5853500E+2	6.7703871E+1	6.1114245E+1	0.0000000E+0	0.0000000E+0	1.0000000E+2	0.0000000E+0
2.5858500E+2	6.7705288E+1	6.1113958E+1	0.0000000E+0	0.0000000E+0	1.0000000E+2	0.0000000E+0
2.5863500E+2	6.7701502E+1	6.1116589E+1	0.0000000E+0	0.0000000E+0	1.0000000E+2	0.0000000E+0
2.5868500E+2	6.7709935E+1	6.1110212E+1	0.0000000E+0	0.0000000E+0	1.0000000E+2	0.0000000E+0
2.5873500E+2	6.7680591E+1	6.1109683E+1	0.0000000E+0	0.0000000E+0	1.0000000E+2	0.0000000E+0
2.5878500E+2	6.7657713E+1	6.1098269E+1	0.0000000E+0	0.0000000E+0	1.0000000E+2	0.0000000E+0
2.5883500E+2	6.7653814E+1	6.1101553E+1	0.0000000E+0	0.0000000E+0	1.0000000E+2	0.0000000E+0
2.5888600E+2	6.7619435E+1	6.1085828E+1	0.0000000E+0	0.0000000E+0	1.0000000E+2	0.0000000E+0
2.5893600E+2	6.7590052E+1	6.1093625E+1	0.0000000E+0	0.0000000E+0	1.0000000E+2	0.0000000E+0
2.5898600E+2	6.7584120E+1	6.1097616E+1	0.0000000E+0	0.0000000E+0	1.0000000E+2	0.0000000E+0
2.5903600E+2	6.7557738E+1	6.1093818E+1	0.0000000E+0	0.0000000E+0	1.0000000E+2	0.0000000E+0
2.5908700E+2	6.7539166E+1	6.1087370E+1	0.0000000E+0	0.0000000E+0	1.0000000E+2	0.0000000E+0
2.5913800E+2	6.7497069E+1	6.1102576E+1	0.0000000E+0	0.0000000E+0	1.0000000E+2	0.0000000E+0
2.5918800E+2	6.7447641E+1	6.1106626E+1	0.0000000E+0	0.0000000E+0	1.0000000E+2	0.0000000E+0
2.5923800E+2	6.7414763E+1	6.1086407E+1	0.0000000E+0	0.0000000E+0	1.0000000E+2	0.0000000E+0
2.5928800E+2	6.7409665E+1	6.1102139E+1	0.0000000E+0	0.0000000E+0	1.0000000E+2	0.0000000E+0
2.5933800E+2	6.7394470E+1	6.1100898E+1	0.0000000E+0	0.0000000E+0	1.0000000E+2	0.0000000E+0
2.5938800E+2	6.7376582E+1	6.1088221E+1	0.0000000E+0	0.0000000E+0	1.0000000E+2	0.0000000E+0
2.5943900E+2	6.7387981E+1	6.1083380E+1	0.0000000E+0	0.0000000E+0	1.0000000E+2	0.0000000E+0
2.5948900E+2	6.7386753E+1	6.1084226E+1	0.0000000E+0	0.0000000E+0	1.0000000E+2	0.0000000E+0
2.5954000E+2	6.7361491E+1	6.1091330E+1	0.0000000E+0	0.0000000E+0	1.0000000E+2	0.0000000E+0
2.5959100E+2	6.7369210E+1	6.1101636E+1	0.0000000E+0	0.0000000E+0	1.0000000E+2	0.0000000E+0
2.5964100E+2	6.7397372E+1	6.1100569E+1	0.0000000E+0	0.0000000E+0	1.0000000E+2	0.0000000E+0
2.5969100E+2	6.7394652E+1	6.1090098E+1	0.0000000E+0	0.0000000E+0	1.0000000E+2	0.0000000E+0
2.5974100E+2	6.7395102E+1	6.1090838E+1	0.0000000E+0	0.0000000E+0	1.0000000E+2	0.0000000E+0
2.5979100E+2	6.7398714E+1	6.1073812E+1	0.0000000E+0	0.0000000E+0	1.0000000E+2	0.0000000E+0
2.5984100E+2	6.7397301E+1	6.1072576E+1	0.0000000E+0	0.0000000E+0	1.0000000E+2	0.0000000E+0
2.5989200E+2	6.7398306E+1	6.1081003E+1	0.0000000E+0	0.0000000E+0	1.0000000E+2	0.0000000E+0
2.5994200E+2	6.7427703E+1	6.1075722E+1	0.0000000E+0	0.0000000E+0	1.0000000E+2	0.0000000E+0
2.5999200E+2	6.7450118E+1	6.1092791E+1	0.0000000E+0	0.0000000E+0	1.0000000E+2	0.0000000E+0
2.6004200E+2	6.7458974E+1	6.1092750E+1	0.0000000E+0	0.0000000E+0	1.0000000E+2	0.0000000E+0
2.6009200E+2	6.7447409E+1	6.1080214E+1	0.0000000E+0	0.0000000E+0	1.0000000E+2	0.0000000E+0
2.6014200E+2	6.7445682E+1	6.1081709E+1	0.0000000E+0	0.0000000E+0	1.0000000E+2	0.0000000E+0
2.6019200E+2	6.7458385E+1	6.1080911E+1	0.0000000E+0	0.0000000E+0	1.0000000E+2	0.0000000E+0
2.6024200E+2	6.7475147E+1	6.1078694E+1	0.0000000E+0	0.0000000E+0	1.0000000E+2	0.0000000E+0
2.6029200E+2	6.7515024E+1	6.1099122E+1	0.0000000E+0	0.0000000E+0	1.0000000E+2	0.0000000E+0
2.6034200E+2	6.7487821E+1	6.1092994E+1	0.0000000E+0	0.0000000E+0	1.0000000E+2	0.0000000E+0
2.6039200E+2	6.7515338E+1	6.1100193E+1	0.0000000E+0	0.0000000E+0	1.0000000E+2	0.0000000E+0
2.6044300E+2	6.7531519E+1	6.1090690E+1	0.0000000E+0	0.0000000E+0	1.0000000E+2	0.0000000E+0
2.6049300E+2	6.7572183E+1	6.1085306E+1	0.0000000E+0	0.0000000E+0	1.0000000E+2	0.0000000E+0
2.6054300E+2	6.7587014E+1	6.1084040E+1	0.0000000E+0	0.0000000E+0	1.0000000E+2	0.0000000E+0
2.6059300E+2	6.7594281E+1	6.1083474E+1	0.0000000E+0	0.0000000E+0	1.0000000E+2	0.0000000E+0
2.6064300E+2	6.7625783E+1	6.1083249E+1	0.0000000E+0	0.0000000E+0	1.0000000E+2	0.0000000E+0
2.6069300E+2	6.7606916E+1	6.1072525E+1	0.0000000E+0	0.0000000E+0	1.0000000E+2	0.0000000E+0
2.6074300E+2	6.7600044E+1	6.1054846E+1	0.0000000E+0	0.0000000E+0	1.0000000E+2	0.0000000E+0
2.6079300E+2	6.7593793E+1	6.1043198E+1	0.0000000E+0	0.0000000E+0	1.0000000E+2	0.0000000E+0
2.6084300E+2	6.7642706E+1	6.1070988E+1	0.0000000E+0	0.0000000E+0	1.0000000E+2	0.0000000E+0
2.6089300E+2	6.7668327E+1	6.1086600E+1	0.0000000E+0	0.0000000E+0	1.0000000E+2	0.0000000E+0
2.6094300E+2	6.7664202E+1	6.1079815E+1	0.0000000E+0	0.0000000E+0	1.0000000E+2	0.0000000E+0
2.6099300E+2	6.7654498E+1	6.1090622E+1	0.0000000E+0	0.0000000E+0	1.0000000E+2	0.0000000E+0
2.6104300E+2	6.7660875E+1	6.1099854E+1	0.0000000E+0	0.0000000E+0	1.0000000E+2	0.0000000E+0
2.6109300E+2	6.7680354E+1	6.1119444E+1	0.0000000E+0	0.0000000E+0	1.0000000E+2	0.0000000E+0
2.6114300E+2	6.7675776E+1	6.1103521E+1	0.0000000E+0	0.0000000E+0	1.0000000E+2	0.0000000E+0
2.6119300E+2	6.7640550E+1	6.1106519E+1	0.0000000E+0	0.0000000E+0	1.0000000E+2	0.0000000E+0
2.6124300E+2	6.7609435E+1	6.1106275E+1	0.0000000E+0	0.0000000E+0	1.0000000E+2	0.0000000E+0
2.6129300E+2	6.7579022E+1	6.1100442E+1	0.0000000E+0	0.0000000E+0	1.0000000E+2	0.0000000E+0
2.6134300E+2	6.7571738E+1	6.1090927E+1	0.0000000E+0	0.0000000E+0	1.0000000E+2	0.0000000E+0
2.6139300E+2	6.7567310E+1	6.1096242E+1	0.0000000E+0	0.0000000E+0	1.0000000E+2	0.0000000E+0
2.6144300E+2	6.7566990E+1	6.1094142E+1	0.0000000E+0	0.0000000E+0	1.0000000E+2	0.0000000E+0
2.6149300E+2	6.7550407E+1	6.1090420E+1	0.0000000E+0	0.0000000E+0	1.0000000E+2	0.0000000E+0
2.6154300E+2	6.7540910E+1	6.1108568E+1	0.0000000E+0	0.0000000E+0	1.0000000E+2	0.0000000E+0
2.6159300E+2	6.7553708E+1	6.1111863E+1	0.0000000E+0	0.0000000E+0	1.0000000E+2	0.0000000E+0
2.6164300E+2	6.7577091E+1	6.1092721E+1	0.0000000E+0	0.0000000E+0	1.0000000E+2	0.0000000E+0
2.6169300E+2	6.7591602E+1	6.1109128E+1	0.0000000E+0	0.0000000E+0	1.0000000E+2	0.0000000E+0
2.6174300E+2	6.7603204E+1	6.1100167E+1	0.0000000E+0	0.0000000E+0	1.0000000E+2	0.0000000E+0
2.6179300E+2	6.7637268E+1	6.1100155E+1	0.0000000E+0	0.0000000E+0	1.0000000E+2	0.0000000E+0
2.6184300E+2	6.7638667E+1	6.1105668E+1	0.0000000E+0	0.0000000E+0	1.0000000E+2	0.0000000E+0
2.6189300E+2	6.7663394E+1	6.1123451E+1	0.0000000E+0	0.0000000E+0	1.0000000E+2	0.0000000E+0
2.6194400E+2	6.7651629E+1	6.1119964E+1	0.0000000E+0	0.0000000E+0	1.0000000E+2	0.0000000E+0
2.6199400E+2	6.7610541E+1	6.1120343E+1	0.0000000E+0	0.0000000E+0	1.0000000E+2	0.0000000E+0
2.6204500E+2	6.7615220E+1	6.1106429E+1	0.0000000E+0	0.0000000E+0	1.0000000E+2	0.0000000E+0
2.6209500E+2	6.7609453E+1	6.1090222E+1	0.0000000E+0	0.0000000E+0	1.0000000E+2	0.0000000E+0
2.6214500E+2	6.7595661E+1	6.1089386E+1	0.0000000E+0	0.0000000E+0	1.0000000E+2	0.0000000E+0
2.6219500E+2	6.7565014E+1	6.1087156E+1	0.0000000E+0	0.0000000E+0	1.0000000E+2	0.0000000E+0
2.6224500E+2	6.7574777E+1	6.1112025E+1	0.0000000E+0	0.0000000E+0	1.0000000E+2	0.0000000E+0
2.6229500E+2	6.7553335E+1	6.1104924E+1	0.0000000E+0	0.0000000E+0	1.0000000E+2	0.0000000E+0
2.6234500E+2	6.7564668E+1	6.1092895E+1	0.0000000E+0	0.0000000E+0	1.0000000E+2	0.0000000E+0
2.6239500E+2	6.7567197E+1	6.1089779E+1	0.0000000E+0	0.0000000E+0	1.0000000E+2	0.0000000E+0
2.6244500E+2	6.7547269E+1	6.1077573E+1	0.0000000E+0	0.0000000E+0	1.0000000E+2	0.0000000E+0
2.6249500E+2	6.7553335E+1	6.1089139E+1	0.0000000E+0	0.0000000E+0	1.0000000E+2	0.0000000E+0
2.6254600E+2	6.7542683E+1	6.1090704E+1	0.0000000E+0	0.0000000E+0	1.0000000E+2	0.0000000E+0
2.6259600E+2	6.7521704E+1	6.1079231E+1	0.0000000E+0	0.0000000E+0	1.0000000E+2	0.0000000E+0
2.6264700E+2	6.7504785E+1	6.1092851E+1	0.0000000E+0	0.0000000E+0	1.0000000E+2	0.0000000E+0
2.6269700E+2	6.7464354E+1	6.1079622E+1	0.0000000E+0	0.0000000E+0	1.0000000E+2	0.0000000E+0
