Time [s]	Channel 1	Channel 2	Channel 3	Channel 4	Solar 1\t	Solar 2
1.6900000E-1	6.2181485E+1	6.0470322E+1	0.0000000E+0	0.0000000E+0	1.0000000E+2	0.0000000E+0
2.1900000E-1	1.3338040E+1	1.3937848E+1	0.0000000E+0	0.0000000E+0	1.0000000E+2	0.0000000E+0
2.6900000E-1	1.3349597E+1	1.3939583E+1	0.0000000E+0	0.0000000E+0	1.0000000E+2	0.0000000E+0
3.1900000E-1	1.3353501E+1	1.3939684E+1	0.0000000E+0	0.0000000E+0	1.0000000E+2	0.0000000E+0
3.6900000E-1	1.3349189E+1	1.3931480E+1	0.0000000E+0	0.0000000E+0	1.0000000E+2	0.0000000E+0
4.2000000E-1	1.3353312E+1	1.3920693E+1	0.0000000E+0	0.0000000E+0	1.0000000E+2	0.0000000E+0
4.7200000E-1	1.3349764E+1	1.3966354E+1	0.0000000E+0	0.0000000E+0	1.0000000E+2	0.0000000E+0
5.2200000E-1	1.3369317E+1	1.3884128E+1	0.0000000E+0	0.0000000E+0	1.0000000E+2	0.0000000E+0
5.7200000E-1	1.3557759E+1	1.3964275E+1	0.0000000E+0	0.0000000E+0	1.0000000E+2	0.0000000E+0
6.2200000E-1	1.4629142E+1	1.4692919E+1	0.0000000E+0	0.0000000E+0	1.0000000E+2	0.0000000E+0
6.7200000E-1	1.5798579E+1	1.5749332E+1	0.0000000E+0	0.0000000E+0	1.0000000E+2	0.0000000E+0
7.2200000E-1	1.6997734E+1	1.6964108E+1	0.0000000E+0	0.0000000E+0	1.0000000E+2	0.0000000E+0
7.7200000E-1	1.8240946E+1	1.8215295E+1	0.0000000E+0	0.0000000E+0	1.0000000E+2	0.0000000E+0
8.2200000E-1	1.9521436E+1	1.9421731E+1	0.0000000E+0	0.0000000E+0	1.0000000E+2	0.0000000E+0
8.7400000E-1	2.0321817E+1	2.0134508E+1	0.0000000E+0	0.0000000E+0	1.0000000E+2	0.0000000E+0
9.2400000E-1	1.9785505E+1	1.9620418E+1	0.0000000E+0	0.0000000E+0	1.0000000E+2	0.0000000E+0
9.7400000E-1	1.9822810E+1	1.9618813E+1	0.0000000E+0	0.0000000E+0	1.0000000E+2	0.0000000E+0
1.0240000E+0	1.9890820E+1	1.9619548E+1	0.0000000E+0	0.0000000E+0	1.0000000E+2	0.0000000E+0
1.0740000E+0	1.9932275E+1	1.9620251E+1	0.0000000E+0	0.0000000E+0	1.0000000E+2	0.0000000E+0
1.1250000E+0	1.9937916E+1	1.9619016E+1	0.0000000E+0	0.0000000E+0	1.0000000E+2	0.0000000E+0
1.1750000E+0	1.9943291E+1	1.9610630E+1	0.0000000E+0	0.0000000E+0	1.0000000E+2	0.0000000E+0
1.2250000E+0	2.0005679E+1	1.9626919E+1	0.0000000E+0	0.0000000E+0	1.0000000E+2	0.0000000E+0
1.2760000E+0	2.0010678E+1	1.9633439E+1	0.0000000E+0	0.0000000E+0	1.0000000E+2	0.0000000E+0
1.3270000E+0	1.9999393E+1	1.9629070E+1	0.0000000E+0	0.0000000E+0	1.0000000E+2	0.0000000E+0
1.3780000E+0	2.0053015E+1	1.9638160E+1	0.0000000E+0	0.0000000E+0	1.0000000E+2	0.0000000E+0
1.4290000E+0	2.0086853E+1	1.9642696E+1	0.0000000E+0	0.0000000E+0	1.0000000E+2	0.0000000E+0
1.4790000E+0	2.0112431E+1	1.9644616E+1	0.0000000E+0	0.0000000E+0	1.0000000E+2	0.0000000E+0
1.5290000E+0	2.0114577E+1	1.9648591E+1	0.0000000E+0	0.0000000E+0	1.0000000E+2	0.0000000E+0
1.5790000E+0	2.0129061E+1	1.9646992E+1	0.0000000E+0	0.0000000E+0	1.0000000E+2	0.0000000E+0
1.6290000E+0	2.0153567E+1	1.9656052E+1	0.0000000E+0	0.0000000E+0	1.0000000E+2	0.0000000E+0
1.6790000E+0	2.0170721E+1	1.9668270E+1	0.0000000E+0	0.0000000E+0	1.0000000E+2	0.0000000E+0
1.7290000E+0	2.0168548E+1	1.9659079E+1	0.0000000E+0	0.0000000E+0	1.0000000E+2	0.0000000E+0
1.7790000E+0	2.0199050E+1	1.9681048E+1	0.0000000E+0	0.0000000E+0	1.0000000E+2	0.0000000E+0
1.8290000E+0	2.0202073E+1	1.9678768E+1	0.0000000E+0	0.0000000E+0	1.0000000E+2	0.0000000E+0
1.8790000E+0	2.0209784E+1	1.9686530E+1	0.0000000E+0	0.0000000E+0	1.0000000E+2	0.0000000E+0
1.9290000E+0	2.0218861E+1	1.9686780E+1	0.0000000E+0	0.0000000E+0	1.0000000E+2	0.0000000E+0
1.9790000E+0	2.0228088E+1	1.9687650E+1	0.0000000E+0	0.0000000E+0	1.0000000E+2	0.0000000E+0
2.0290000E+0	2.0230032E+1	1.9694872E+1	0.0000000E+0	0.0000000E+0	1.0000000E+2	0.0000000E+0
2.0800000E+0	2.0239117E+1	1.9708688E+1	0.0000000E+0	0.0000000E+0	1.0000000E+2	0.0000000E+0
2.1300000E+0	2.0216368E+1	1.9711005E+1	0.0000000E+0	0.0000000E+0	1.0000000E+2	0.0000000E+0
2.1810000E+0	2.0211539E+1	1.9711853E+1	0.0000000E+0	0.0000000E+0	1.0000000E+2	0.0000000E+0
2.2310000E+0	2.0207624E+1	1.9715695E+1	0.0000000E+0	0.0000000E+0	1.0000000E+2	0.0000000E+0
2.2810000E+0	2.0193503E+1	1.9719166E+1	0.0000000E+0	0.0000000E+0	1.0000000E+2	0.0000000E+0
2.3310000E+0	2.0216149E+1	1.9739364E+1	0.0000000E+0	0.0000000E+0	1.0000000E+2	0.0000000E+0
2.3810000E+0	2.0315047E+1	1.9818505E+1	0.0000000E+0	0.0000000E+0	1.0000000E+2	0.0000000E+0
2.4310000E+0	2.0506862E+1	1.9993339E+1	0.0000000E+0	0.0000000E+0	1.0000000E+2	0.0000000E+0
2.4810000E+0	2.0707019E+1	2.0201229E+1	0.0000000E+0	0.0000000E+0	1.0000000E+2	0.0000000E+0
2.5310000E+0	2.1374731E+1	2.0890984E+1	0.0000000E+0	0.0000000E+0	1.0000000E+2	0.0000000E+0
2.5810000E+0	2.2995243E+1	2.2491892E+1	0.0000000E+0	0.0000000E+0	1.0000000E+2	0.0000000E+0
2.6310000E+0	2.4961761E+1	2.4446235E+1	0.0000000E+0	0.0000000E+0	1.0000000E+2	0.0000000E+0
2.6820000E+0	2.7046755E+1	2.6534608E+1	0.0000000E+0	0.0000000E+0	1.0000000E+2	0.0000000E+0
2.7320000E+0	2.9229416E+1	2.8695129E+1	0.0000000E+0	0.0000000E+0	1.0000000E+2	0.0000000E+0
2.7820000E+0	3.1408884E+1	3.0849508E+1	0.0000000E+0	0.0000000E+0	1.0000000E+2	0.0000000E+0
2.8330000E+0	3.3187963E+1	3.2625731E+1	0.0000000E+0	0.0000000E+0	1.0000000E+2	0.0000000E+0
2.8830000E+0	3.3835834E+1	3.3265755E+1	0.0000000E+0	0.0000000E+0	1.0000000E+2	0.0000000E+0
2.9330000E+0	3.3999870E+1	3.3433932E+1	0.0000000E+0	0.0000000E+0	1.0000000E+2	0.0000000E+0
2.9830000E+0	3.4217346E+1	3.3656103E+1	0.0000000E+0	0.0000000E+0	1.0000000E+2	0.0000000E+0
3.0330000E+0	3.4385755E+1	3.3843677E+1	0.0000000E+0	0.0000000E+0	1.0000000E+2	0.0000000E+0
3.0830000E+0	3.4895242E+1	3.4356192E+1	0.0000000E+0	0.0000000E+0	1.0000000E+2	0.0000000E+0
3.1330000E+0	3.6038876E+1	3.5480141E+1	0.0000000E+0	0.0000000E+0	1.0000000E+2	0.0000000E+0
3.1830000E+0	3.7785850E+1	3.7226606E+1	0.0000000E+0	0.0000000E+0	1.0000000E+2	0.0000000E+0
3.2330000E+0	3.9905473E+1	3.9339760E+1	0.0000000E+0	0.0000000E+0	1.0000000E+2	0.0000000E+0
3.2830000E+0	4.1999170E+1	4.1413553E+1	0.0000000E+0	0.0000000E+0	1.0000000E+2	0.0000000E+0
3.3330000E+0	4.3713504E+1	4.3109095E+1	0.0000000E+0	0.0000000E+0	1.0000000E+2	0.0000000E+0
3.3830000E+0	4.4663709E+1	4.4055404E+1	0.0000000E+0	0.0000000E+0	1.0000000E+2	0.0000000E+0
3.4330000E+0	4.5138338E+1	4.4523047E+1	0.0000000E+0	0.0000000E+0	1.0000000E+2	0.0000000E+0
3.4830000E+0	4.5461315E+1	4.4834699E+1	0.0000000E+0	0.0000000E+0	1.0000000E+2	0.0000000E+0
3.5330000E+0	4.5705319E+1	4.5078286E+1	0.0000000E+0	0.0000000E+0	1.0000000E+2	0.0000000E+0
3.5830000E+0	4.5855956E+1	4.5223588E+1	0.0000000E+0	0.0000000E+0	1.0000000E+2	0.0000000E+0
3.6330000E+0	4.5994766E+1	4.5358555E+1	0.0000000E+0	0.0000000E+0	1.0000000E+2	0.0000000E+0
3.6830000E+0	4.6218023E+1	4.5566524E+1	0.0000000E+0	0.0000000E+0	1.0000000E+2	0.0000000E+0
3.7330000E+0	4.6630247E+1	4.5962457E+1	0.0000000E+0	0.0000000E+0	1.0000000E+2	0.0000000E+0
3.7840000E+0	4.7231882E+1	4.6564777E+1	0.0000000E+0	0.0000000E+0	1.0000000E+2	0.0000000E+0
3.8340000E+0	4.8048765E+1	4.7378756E+1	0.0000000E+0	0.0000000E+0	1.0000000E+2	0.0000000E+0
3.8850000E+0	4.8924079E+1	4.8263111E+1	0.0000000E+0	0.0000000E+0	1.0000000E+2	0.0000000E+0
3.9350000E+0	4.9720838E+1	4.9065678E+1	0.0000000E+0	0.0000000E+0	1.0000000E+2	0.0000000E+0
3.9850000E+0	5.0344613E+1	4.9708405E+1	0.0000000E+0	0.0000000E+0	1.0000000E+2	0.0000000E+0
4.0350000E+0	5.0839763E+1	5.0201836E+1	0.0000000E+0	0.0000000E+0	1.0000000E+2	0.0000000E+0
4.0850000E+0	5.1212067E+1	5.0566189E+1	0.0000000E+0	0.0000000E+0	1.0000000E+2	0.0000000E+0
4.1350000E+0	5.1469665E+1	5.0832783E+1	0.0000000E+0	0.0000000E+0	1.0000000E+2	0.0000000E+0
4.1850000E+0	5.1643607E+1	5.1013558E+1	0.0000000E+0	0.0000000E+0	1.0000000E+2	0.0000000E+0
4.2350000E+0	5.1777701E+1	5.1143761E+1	0.0000000E+0	0.0000000E+0	1.0000000E+2	0.0000000E+0
4.2860000E+0	5.1892078E+1	5.1247863E+1	0.0000000E+0	0.0000000E+0	1.0000000E+2	0.0000000E+0
4.3380000E+0	5.1991610E+1	5.1334913E+1	0.0000000E+0	0.0000000E+0	1.0000000E+2	0.0000000E+0
4.3880000E+0	5.2129808E+1	5.1469687E+1	0.0000000E+0	0.0000000E+0	1.0000000E+2	0.0000000E+0
4.4380000E+0	5.2440953E+1	5.1769268E+1	0.0000000E+0	0.0000000E+0	1.0000000E+2	0.0000000E+0
4.4890000E+0	5.3038541E+1	5.2355998E+1	0.0000000E+0	0.0000000E+0	1.0000000E+2	0.0000000E+0
4.5390000E+0	5.4002871E+1	5.3314457E+1	0.0000000E+0	0.0000000E+0	1.0000000E+2	0.0000000E+0
4.5890000E+0	5.5085194E+1	5.4389725E+1	0.0000000E+0	0.0000000E+0	1.0000000E+2	0.0000000E+0
4.6390000E+0	5.6151696E+1	5.5429456E+1	0.0000000E+0	0.0000000E+0	1.0000000E+2	0.0000000E+0
4.6890000E+0	5.7162375E+1	5.6425265E+1	0.0000000E+0	0.0000000E+0	1.0000000E+2	0.0000000E+0
4.7390000E+0	5.8086508E+1	5.7347221E+1	0.0000000E+0	0.0000000E+0	1.0000000E+2	0.0000000E+0
4.7900000E+0	5.8960970E+1	5.8224508E+1	0.0000000E+0	0.0000000E+0	1.0000000E+2	0.0000000E+0
4.8410000E+0	5.9795002E+1	5.9038078E+1	0.0000000E+0	0.0000000E+0	1.0000000E+2	0.0000000E+0
4.8910000E+0	6.0535304E+1	5.9770848E+1	0.0000000E+0	0.0000000E+0	1.0000000E+2	0.0000000E+0
4.9410000E+0	6.1204091E+1	6.0442775E+1	0.0000000E+0	0.0000000E+0	1.0000000E+2	0.0000000E+0
4.9920000E+0	6.1781283E+1	6.1010221E+1	0.0000000E+0	0.0000000E+0	1.0000000E+2	0.0000000E+0
5.0430000E+0	6.2275601E+1	6.1488621E+1	0.0000000E+0	0.0000000E+0	1.0000000E+2	0.0000000E+0
5.0930000E+0	6.2647310E+1	6.1832433E+1	0.0000000E+0	0.0000000E+0	1.0000000E+2	0.0000000E+0
5.1450000E+0	6.2905657E+1	6.2078232E+1	0.0000000E+0	0.0000000E+0	1.0000000E+2	0.0000000E+0
5.1950000E+0	6.3088806E+1	6.2255857E+1	0.0000000E+0	0.0000000E+0	1.0000000E+2	0.0000000E+0
5.2460000E+0	6.3242599E+1	6.2395182E+1	0.0000000E+0	0.0000000E+0	1.0000000E+2	0.0000000E+0
5.2960000E+0	6.3352189E+1	6.2503895E+1	0.0000000E+0	0.0000000E+0	1.0000000E+2	0.0000000E+0
5.3460000E+0	6.3441113E+1	6.2587154E+1	0.0000000E+0	0.0000000E+0	1.0000000E+2	0.0000000E+0
5.3960000E+0	6.3501141E+1	6.2651680E+1	0.0000000E+0	0.0000000E+0	1.0000000E+2	0.0000000E+0
5.4460000E+0	6.3560977E+1	6.2710577E+1	0.0000000E+0	0.0000000E+0	1.0000000E+2	0.0000000E+0
5.4970000E+0	6.3641034E+1	6.2778935E+1	0.0000000E+0	0.0000000E+0	1.0000000E+2	0.0000000E+0
5.5470000E+0	6.3713090E+1	6.2847529E+1	0.0000000E+0	0.0000000E+0	1.0000000E+2	0.0000000E+0
5.5970000E+0	6.3807046E+1	6.2951342E+1	0.0000000E+0	0.0000000E+0	1.0000000E+2	0.0000000E+0
5.6480000E+0	6.3918742E+1	6.3060183E+1	0.0000000E+0	0.0000000E+0	1.0000000E+2	0.0000000E+0
5.6980000E+0	6.4049982E+1	6.3190541E+1	0.0000000E+0	0.0000000E+0	1.0000000E+2	0.0000000E+0
5.7480000E+0	6.4180178E+1	6.3311981E+1	0.0000000E+0	0.0000000E+0	1.0000000E+2	0.0000000E+0
5.7980000E+0	6.4304920E+1	6.3434003E+1	0.0000000E+0	0.0000000E+0	1.0000000E+2	0.0000000E+0
5.8480000E+0	6.4422961E+1	6.3542082E+1	0.0000000E+0	0.0000000E+0	1.0000000E+2	0.0000000E+0
5.8990000E+0	6.4532154E+1	6.3657981E+1	0.0000000E+0	0.0000000E+0	1.0000000E+2	0.0000000E+0
5.9500000E+0	6.4624000E+1	6.3749723E+1	0.0000000E+0	0.0000000E+0	1.0000000E+2	0.0000000E+0
6.0000000E+0	6.4717098E+1	6.3846211E+1	0.0000000E+0	0.0000000E+0	1.0000000E+2	0.0000000E+0
6.0500000E+0	6.4808171E+1	6.3929942E+1	0.0000000E+0	0.0000000E+0	1.0000000E+2	0.0000000E+0
6.1000000E+0	6.4894490E+1	6.4013613E+1	0.0000000E+0	0.0000000E+0	1.0000000E+2	0.0000000E+0
6.1510000E+0	6.4958946E+1	6.4083384E+1	0.0000000E+0	0.0000000E+0	1.0000000E+2	0.0000000E+0
6.2010000E+0	6.5036115E+1	6.4159256E+1	0.0000000E+0	0.0000000E+0	1.0000000E+2	0.0000000E+0
6.2510000E+0	6.5082715E+1	6.4222830E+1	0.0000000E+0	0.0000000E+0	1.0000000E+2	0.0000000E+0
6.3010000E+0	6.5139172E+1	6.4275814E+1	0.0000000E+0	0.0000000E+0	1.0000000E+2	0.0000000E+0
6.3510000E+0	6.5182178E+1	6.4320967E+1	0.0000000E+0	0.0000000E+0	1.0000000E+2	0.0000000E+0
6.4010000E+0	6.5223272E+1	6.4361810E+1	0.0000000E+0	0.0000000E+0	1.0000000E+2	0.0000000E+0
6.4510000E+0	6.5262294E+1	6.4403344E+1	0.0000000E+0	0.0000000E+0	1.0000000E+2	0.0000000E+0
6.5020000E+0	6.5286568E+1	6.4430529E+1	0.0000000E+0	0.0000000E+0	1.0000000E+2	0.0000000E+0
6.5520000E+0	6.5323180E+1	6.4454028E+1	0.0000000E+0	0.0000000E+0	1.0000000E+2	0.0000000E+0
6.6020000E+0	6.5355000E+1	6.4474930E+1	0.0000000E+0	0.0000000E+0	1.0000000E+2	0.0000000E+0
6.6520000E+0	6.5384061E+1	6.4485881E+1	0.0000000E+0	0.0000000E+0	1.0000000E+2	0.0000000E+0
6.7020000E+0	6.5383521E+1	6.4469187E+1	0.0000000E+0	0.0000000E+0	1.0000000E+2	0.0000000E+0
6.7520000E+0	6.5389256E+1	6.4460862E+1	0.0000000E+0	0.0000000E+0	1.0000000E+2	0.0000000E+0
6.8020000E+0	6.5403106E+1	6.4454066E+1	0.0000000E+0	0.0000000E+0	1.0000000E+2	0.0000000E+0
6.8520000E+0	6.5394364E+1	6.4446526E+1	0.0000000E+0	0.0000000E+0	1.0000000E+2	0.0000000E+0
6.9020000E+0	6.5362608E+1	6.4426681E+1	0.0000000E+0	0.0000000E+0	1.0000000E+2	0.0000000E+0
6.9520000E+0	6.5347733E+1	6.4418411E+1	0.0000000E+0	0.0000000E+0	1.0000000E+2	0.0000000E+0
7.0020000E+0	6.5334611E+1	6.4424789E+1	0.0000000E+0	0.0000000E+0	1.0000000E+2	0.0000000E+0
7.0530000E+0	6.5303492E+1	6.4410878E+1	0.0000000E+0	0.0000000E+0	1.0000000E+2	0.0000000E+0
7.1030000E+0	6.5283668E+1	6.4407077E+1	0.0000000E+0	0.0000000E+0	1.0000000E+2	0.0000000E+0
7.1530000E+0	6.5242530E+1	6.4389976E+1	0.0000000E+0	0.0000000E+0	1.0000000E+2	0.0000000E+0
7.2030000E+0	6.5228786E+1	6.4386046E+1	0.0000000E+0	0.0000000E+0	1.0000000E+2	0.0000000E+0
7.2530000E+0	6.5206317E+1	6.4381628E+1	0.0000000E+0	0.0000000E+0	1.0000000E+2	0.0000000E+0
7.3030000E+0	6.5175118E+1	6.4369351E+1	0.0000000E+0	0.0000000E+0	1.0000000E+2	0.0000000E+0
7.3530000E+0	6.5164071E+1	6.4358732E+1	0.0000000E+0	0.0000000E+0	1.0000000E+2	0.0000000E+0
7.4030000E+0	6.5149529E+1	6.4366439E+1	0.0000000E+0	0.0000000E+0	1.0000000E+2	0.0000000E+0
7.4530000E+0	6.5150896E+1	6.4365629E+1	0.0000000E+0	0.0000000E+0	1.0000000E+2	0.0000000E+0
7.5030000E+0	6.5155389E+1	6.4366317E+1	0.0000000E+0	0.0000000E+0	1.0000000E+2	0.0000000E+0
7.5530000E+0	6.5140173E+1	6.4373698E+1	0.0000000E+0	0.0000000E+0	1.0000000E+2	0.0000000E+0
7.6030000E+0	6.5127201E+1	6.4358775E+1	0.0000000E+0	0.0000000E+0	1.0000000E+2	0.0000000E+0
7.6530000E+0	6.5124873E+1	6.4366117E+1	0.0000000E+0	0.0000000E+0	1.0000000E+2	0.0000000E+0
7.7030000E+0	6.5124320E+1	6.4356721E+1	0.0000000E+0	0.0000000E+0	1.0000000E+2	0.0000000E+0
7.7530000E+0	6.5128074E+1	6.4363631E+1	0.0000000E+0	0.0000000E+0	1.0000000E+2	0.0000000E+0
7.8030000E+0	6.5138509E+1	6.4375467E+1	0.0000000E+0	0.0000000E+0	1.0000000E+2	0.0000000E+0
7.8530000E+0	6.5165101E+1	6.4394564E+1	0.0000000E+0	0.0000000E+0	1.0000000E+2	0.0000000E+0
7.9030000E+0	6.5171232E+1	6.4410223E+1	0.0000000E+0	0.0000000E+0	1.0000000E+2	0.0000000E+0
7.9530000E+0	6.5151757E+1	6.4393318E+1	0.0000000E+0	0.0000000E+0	1.0000000E+2	0.0000000E+0
8.0030000E+0	6.5172432E+1	6.4403649E+1	0.0000000E+0	0.0000000E+0	1.0000000E+2	0.0000000E+0
8.0530000E+0	6.5178625E+1	6.4409832E+1	0.0000000E+0	0.0000000E+0	1.0000000E+2	0.0000000E+0
8.1040000E+0	6.5161949E+1	6.4409213E+1	0.0000000E+0	0.0000000E+0	1.0000000E+2	0.0000000E+0
8.1550000E+0	6.5164654E+1	6.4415773E+1	0.0000000E+0	0.0000000E+0	1.0000000E+2	0.0000000E+0
8.2050000E+0	6.5158218E+1	6.4406798E+1	0.0000000E+0	0.0000000E+0	1.0000000E+2	0.0000000E+0
8.2550000E+0	6.5168756E+1	6.4422167E+1	0.0000000E+0	0.0000000E+0	1.0000000E+2	0.0000000E+0
8.3050000E+0	6.5162701E+1	6.4421941E+1	0.0000000E+0	0.0000000E+0	1.0000000E+2	0.0000000E+0
8.3550000E+0	6.5151050E+1	6.4405582E+1	0.0000000E+0	0.0000000E+0	1.0000000E+2	0.0000000E+0
8.4050000E+0	6.5045800E+1	6.4307756E+1	0.0000000E+0	0.0000000E+0	1.0000000E+2	0.0000000E+0
8.4550000E+0	6.4876118E+1	6.4136286E+1	0.0000000E+0	0.0000000E+0	1.0000000E+2	0.0000000E+0
8.5060000E+0	6.4694695E+1	6.3946617E+1	0.0000000E+0	0.0000000E+0	1.0000000E+2	0.0000000E+0
8.5560000E+0	6.4506796E+1	6.3760109E+1	0.0000000E+0	0.0000000E+0	1.0000000E+2	0.0000000E+0
8.6060000E+0	6.4292240E+1	6.3562103E+1	0.0000000E+0	0.0000000E+0	1.0000000E+2	0.0000000E+0
8.6560000E+0	6.4084703E+1	6.3370750E+1	0.0000000E+0	0.0000000E+0	1.0000000E+2	0.0000000E+0
8.7060000E+0	6.3869191E+1	6.3150234E+1	0.0000000E+0	0.0000000E+0	1.0000000E+2	0.0000000E+0
8.7560000E+0	6.3669017E+1	6.2954997E+1	0.0000000E+0	0.0000000E+0	1.0000000E+2	0.0000000E+0
8.8070000E+0	6.3479989E+1	6.2764638E+1	0.0000000E+0	0.0000000E+0	1.0000000E+2	0.0000000E+0
8.8590000E+0	6.3314839E+1	6.2578495E+1	0.0000000E+0	0.0000000E+0	1.0000000E+2	0.0000000E+0
8.9090000E+0	6.3160826E+1	6.2416462E+1	0.0000000E+0	0.0000000E+0	1.0000000E+2	0.0000000E+0
8.9590000E+0	6.3010459E+1	6.2271253E+1	0.0000000E+0	0.0000000E+0	1.0000000E+2	0.0000000E+0
9.0090000E+0	6.2875540E+1	6.2136155E+1	0.0000000E+0	0.0000000E+0	1.0000000E+2	0.0000000E+0
9.0590000E+0	6.2789259E+1	6.2038172E+1	0.0000000E+0	0.0000000E+0	1.0000000E+2	0.0000000E+0
9.1090000E+0	6.2706584E+1	6.1938350E+1	0.0000000E+0	0.0000000E+0	1.0000000E+2	0.0000000E+0
9.1590000E+0	6.2628354E+1	6.1851425E+1	0.0000000E+0	0.0000000E+0	1.0000000E+2	0.0000000E+0
9.2090000E+0	6.2573011E+1	6.1782047E+1	0.0000000E+0	0.0000000E+0	1.0000000E+2	0.0000000E+0
9.2590000E+0	6.2501140E+1	6.1700923E+1	0.0000000E+0	0.0000000E+0	1.0000000E+2	0.0000000E+0
9.3090000E+0	6.2432882E+1	6.1627111E+1	0.0000000E+0	0.0000000E+0	1.0000000E+2	0.0000000E+0
9.3600000E+0	6.2371045E+1	6.1563101E+1	0.0000000E+0	0.0000000E+0	1.0000000E+2	0.0000000E+0
9.4100000E+0	6.2310958E+1	6.1500165E+1	0.0000000E+0	0.0000000E+0	1.0000000E+2	0.0000000E+0
9.4600000E+0	6.2263937E+1	6.1454715E+1	0.0000000E+0	0.0000000E+0	1.0000000E+2	0.0000000E+0
9.5100000E+0	6.2200339E+1	6.1397222E+1	0.0000000E+0	0.0000000E+0	1.0000000E+2	0.0000000E+0
9.5600000E+0	6.2137274E+1	6.1341500E+1	0.0000000E+0	0.0000000E+0	1.0000000E+2	0.0000000E+0
9.6110000E+0	6.2098672E+1	6.1315582E+1	0.0000000E+0	0.0000000E+0	1.0000000E+2	0.0000000E+0
9.6610000E+0	6.2049163E+1	6.1275684E+1	0.0000000E+0	0.0000000E+0	1.0000000E+2	0.0000000E+0
9.7110000E+0	6.2007482E+1	6.1238289E+1	0.0000000E+0	0.0000000E+0	1.0000000E+2	0.0000000E+0
9.7610000E+0	6.1976102E+1	6.1200105E+1	0.0000000E+0	0.0000000E+0	1.0000000E+2	0.0000000E+0
9.8110000E+0	6.1953737E+1	6.1170931E+1	0.0000000E+0	0.0000000E+0	1.0000000E+2	0.0000000E+0
9.8610000E+0	6.1919611E+1	6.1140857E+1	0.0000000E+0	0.0000000E+0	1.0000000E+2	0.0000000E+0
9.9110000E+0	6.1879849E+1	6.1100096E+1	0.0000000E+0	0.0000000E+0	1.0000000E+2	0.0000000E+0
9.9610000E+0	6.1851448E+1	6.1078057E+1	0.0000000E+0	0.0000000E+0	1.0000000E+2	0.0000000E+0
1.0011000E+1	6.1828853E+1	6.1040637E+1	0.0000000E+0	0.0000000E+0	1.0000000E+2	0.0000000E+0
1.0061000E+1	6.1785855E+1	6.1017365E+1	0.0000000E+0	0.0000000E+0	1.0000000E+2	0.0000000E+0
1.0111000E+1	6.1743552E+1	6.0980146E+1	0.0000000E+0	0.0000000E+0	1.0000000E+2	0.0000000E+0
1.0161000E+1	6.1718959E+1	6.0960602E+1	0.0000000E+0	0.0000000E+0	1.0000000E+2	0.0000000E+0
1.0211000E+1	6.1675566E+1	6.0928950E+1	0.0000000E+0	0.0000000E+0	1.0000000E+2	0.0000000E+0
1.0261000E+1	6.1644160E+1	6.0904825E+1	0.0000000E+0	0.0000000E+0	1.0000000E+2	0.0000000E+0
1.0311000E+1	6.1587849E+1	6.0865599E+1	0.0000000E+0	0.0000000E+0	1.0000000E+2	0.0000000E+0
1.0363000E+1	6.1528334E+1	6.0824153E+1	0.0000000E+0	0.0000000E+0	1.0000000E+2	0.0000000E+0
1.0413000E+1	6.1494776E+1	6.0801107E+1	0.0000000E+0	0.0000000E+0	1.0000000E+2	0.0000000E+0
1.0463000E+1	6.1435234E+1	6.0765960E+1	0.0000000E+0	0.0000000E+0	1.0000000E+2	0.0000000E+0
1.0514000E+1	6.1398151E+1	6.0731027E+1	0.0000000E+0	0.0000000E+0	1.0000000E+2	0.0000000E+0
1.0565000E+1	6.1353873E+1	6.0686511E+1	0.0000000E+0	0.0000000E+0	1.0000000E+2	0.0000000E+0
1.0615000E+1	6.1301201E+1	6.0641559E+1	0.0000000E+0	0.0000000E+0	1.0000000E+2	0.0000000E+0
1.0665000E+1	6.1260243E+1	6.0609050E+1	0.0000000E+0	0.0000000E+0	1.0000000E+2	0.0000000E+0
1.0715000E+1	6.1209320E+1	6.0577350E+1	0.0000000E+0	0.0000000E+0	1.0000000E+2	0.0000000E+0
1.0765000E+1	6.1157997E+1	6.0544566E+1	0.0000000E+0	0.0000000E+0	1.0000000E+2	0.0000000E+0
1.0815000E+1	6.1108841E+1	6.0496205E+1	0.0000000E+0	0.0000000E+0	1.0000000E+2	0.0000000E+0
1.0865000E+1	6.1049602E+1	6.0450233E+1	0.0000000E+0	0.0000000E+0	1.0000000E+2	0.0000000E+0
1.0915000E+1	6.0961086E+1	6.0378950E+1	0.0000000E+0	0.0000000E+0	1.0000000E+2	0.0000000E+0
1.0966000E+1	6.0893475E+1	6.0321074E+1	0.0000000E+0	0.0000000E+0	1.0000000E+2	0.0000000E+0
1.1017000E+1	6.0823114E+1	6.0254308E+1	0.0000000E+0	0.0000000E+0	1.0000000E+2	0.0000000E+0
1.1067000E+1	6.0727395E+1	6.0183171E+1	0.0000000E+0	0.0000000E+0	1.0000000E+2	0.0000000E+0
1.1117000E+1	6.0662675E+1	6.0125480E+1	0.0000000E+0	0.0000000E+0	1.0000000E+2	0.0000000E+0
1.1168000E+1	6.0581782E+1	6.0061357E+1	0.0000000E+0	0.0000000E+0	1.0000000E+2	0.0000000E+0
1.1219000E+1	6.0524519E+1	6.0008930E+1	0.0000000E+0	0.0000000E+0	1.0000000E+2	0.0000000E+0
1.1269000E+1	6.0443347E+1	5.9942149E+1	0.0000000E+0	0.0000000E+0	1.0000000E+2	0.0000000E+0
1.1319000E+1	6.0381480E+1	5.9889394E+1	0.0000000E+0	0.0000000E+0	1.0000000E+2	0.0000000E+0
1.1369000E+1	6.0352427E+1	5.9845687E+1	0.0000000E+0	0.0000000E+0	1.0000000E+2	0.0000000E+0
1.1420000E+1	6.0294730E+1	5.9803620E+1	0.0000000E+0	0.0000000E+0	1.0000000E+2	0.0000000E+0
1.1471000E+1	6.0238815E+1	5.9754676E+1	0.0000000E+0	0.0000000E+0	1.0000000E+2	0.0000000E+0
1.1521000E+1	6.0200142E+1	5.9721561E+1	0.0000000E+0	0.0000000E+0	1.0000000E+2	0.0000000E+0
1.1571000E+1	6.0148834E+1	5.9677272E+1	0.0000000E+0	0.0000000E+0	1.0000000E+2	0.0000000E+0
1.1621000E+1	6.0097911E+1	5.9646032E+1	0.0000000E+0	0.0000000E+0	1.0000000E+2	0.0000000E+0
1.1671000E+1	6.0058670E+1	5.9619946E+1	0.0000000E+0	0.0000000E+0	1.0000000E+2	0.0000000E+0
1.1721000E+1	6.0023767E+1	5.9584159E+1	0.0000000E+0	0.0000000E+0	1.0000000E+2	0.0000000E+0
1.1772000E+1	5.9999422E+1	5.9575102E+1	0.0000000E+0	0.0000000E+0	1.0000000E+2	0.0000000E+0
1.1822000E+1	5.9942066E+1	5.9533450E+1	0.0000000E+0	0.0000000E+0	1.0000000E+2	0.0000000E+0
1.1873000E+1	5.9916307E+1	5.9504884E+1	0.0000000E+0	0.0000000E+0	1.0000000E+2	0.0000000E+0
1.1924000E+1	5.9895481E+1	5.9487595E+1	0.0000000E+0	0.0000000E+0	1.0000000E+2	0.0000000E+0
1.1974000E+1	5.9837396E+1	5.9451637E+1	0.0000000E+0	0.0000000E+0	1.0000000E+2	0.0000000E+0
1.2024000E+1	5.9807850E+1	5.9437430E+1	0.0000000E+0	0.0000000E+0	1.0000000E+2	0.0000000E+0
1.2074000E+1	5.9802976E+1	5.9427565E+1	0.0000000E+0	0.0000000E+0	1.0000000E+2	0.0000000E+0
1.2124000E+1	5.9775199E+1	5.9402869E+1	0.0000000E+0	0.0000000E+0	1.0000000E+2	0.0000000E+0
1.2174000E+1	5.9735622E+1	5.9384972E+1	0.0000000E+0	0.0000000E+0	1.0000000E+2	0.0000000E+0
1.2224000E+1	5.9698892E+1	5.9360688E+1	0.0000000E+0	0.0000000E+0	1.0000000E+2	0.0000000E+0
1.2274000E+1	5.9682423E+1	5.9343633E+1	0.0000000E+0	0.0000000E+0	1.0000000E+2	0.0000000E+0
1.2324000E+1	5.9659549E+1	5.9317663E+1	0.0000000E+0	0.0000000E+0	1.0000000E+2	0.0000000E+0
1.2375000E+1	5.9632977E+1	5.9309528E+1	0.0000000E+0	0.0000000E+0	1.0000000E+2	0.0000000E+0
1.2425000E+1	5.9617214E+1	5.9296078E+1	0.0000000E+0	0.0000000E+0	1.0000000E+2	0.0000000E+0
1.2475000E+1	5.9599591E+1	5.9279074E+1	0.0000000E+0	0.0000000E+0	1.0000000E+2	0.0000000E+0
1.2525000E+1	5.9572638E+1	5.9259443E+1	0.0000000E+0	0.0000000E+0	1.0000000E+2	0.0000000E+0
1.2575000E+1	5.9566963E+1	5.9256331E+1	0.0000000E+0	0.0000000E+0	1.0000000E+2	0.0000000E+0
1.2625000E+1	5.9537050E+1	5.9235588E+1	0.0000000E+0	0.0000000E+0	1.0000000E+2	0.0000000E+0
1.2677000E+1	5.9523903E+1	5.9226519E+1	0.0000000E+0	0.0000000E+0	1.0000000E+2	0.0000000E+0
1.2728000E+1	5.9516665E+1	5.9211498E+1	0.0000000E+0	0.0000000E+0	1.0000000E+2	0.0000000E+0
1.2779000E+1	5.9507947E+1	5.9203005E+1	0.0000000E+0	0.0000000E+0	1.0000000E+2	0.0000000E+0
1.2830000E+1	5.9493513E+1	5.9191995E+1	0.0000000E+0	0.0000000E+0	1.0000000E+2	0.0000000E+0
1.2880000E+1	5.9484839E+1	5.9173749E+1	0.0000000E+0	0.0000000E+0	1.0000000E+2	0.0000000E+0
1.2930000E+1	5.9479360E+1	5.9172645E+1	0.0000000E+0	0.0000000E+0	1.0000000E+2	0.0000000E+0
1.2980000E+1	5.9465946E+1	5.9157956E+1	0.0000000E+0	0.0000000E+0	1.0000000E+2	0.0000000E+0
1.3031000E+1	5.9472509E+1	5.9148503E+1	0.0000000E+0	0.0000000E+0	1.0000000E+2	0.0000000E+0
1.3081000E+1	5.9479135E+1	5.9149207E+1	0.0000000E+0	0.0000000E+0	1.0000000E+2	0.0000000E+0
1.3131000E+1	5.9466199E+1	5.9136507E+1	0.0000000E+0	0.0000000E+0	1.0000000E+2	0.0000000E+0
1.3181000E+1	5.9458408E+1	5.9120467E+1	0.0000000E+0	0.0000000E+0	1.0000000E+2	0.0000000E+0
1.3233000E+1	5.9479924E+1	5.9128952E+1	0.0000000E+0	0.0000000E+0	1.0000000E+2	0.0000000E+0
1.3283000E+1	5.9481104E+1	5.9111281E+1	0.0000000E+0	0.0000000E+0	1.0000000E+2	0.0000000E+0
1.3333000E+1	5.9491510E+1	5.9108253E+1	0.0000000E+0	0.0000000E+0	1.0000000E+2	0.0000000E+0
1.3384000E+1	5.9481033E+1	5.9101718E+1	0.0000000E+0	0.0000000E+0	1.0000000E+2	0.0000000E+0
1.3435000E+1	5.9457213E+1	5.9100187E+1	0.0000000E+0	0.0000000E+0	1.0000000E+2	0.0000000E+0
1.3486000E+1	5.9463385E+1	5.9096252E+1	0.0000000E+0	0.0000000E+0	1.0000000E+2	0.0000000E+0
1.3536000E+1	5.9465258E+1	5.9090366E+1	0.0000000E+0	0.0000000E+0	1.0000000E+2	0.0000000E+0
1.3586000E+1	5.9454017E+1	5.9088975E+1	0.0000000E+0	0.0000000E+0	1.0000000E+2	0.0000000E+0
1.3636000E+1	5.9422172E+1	5.9077766E+1	0.0000000E+0	0.0000000E+0	1.0000000E+2	0.0000000E+0
1.3686000E+1	5.9423999E+1	5.9081569E+1	0.0000000E+0	0.0000000E+0	1.0000000E+2	0.0000000E+0
1.3737000E+1	5.9435441E+1	5.9083929E+1	0.0000000E+0	0.0000000E+0	1.0000000E+2	0.0000000E+0
1.3788000E+1	5.9451432E+1	5.9087513E+1	0.0000000E+0	0.0000000E+0	1.0000000E+2	0.0000000E+0
1.3838000E+1	5.9424425E+1	5.9079446E+1	0.0000000E+0	0.0000000E+0	1.0000000E+2	0.0000000E+0
1.3889000E+1	5.9409342E+1	5.9072139E+1	0.0000000E+0	0.0000000E+0	1.0000000E+2	0.0000000E+0
1.3939000E+1	5.9401563E+1	5.9065968E+1	0.0000000E+0	0.0000000E+0	1.0000000E+2	0.0000000E+0
1.3989000E+1	5.9405891E+1	5.9067273E+1	0.0000000E+0	0.0000000E+0	1.0000000E+2	0.0000000E+0
1.4039000E+1	5.9402338E+1	5.9069874E+1	0.0000000E+0	0.0000000E+0	1.0000000E+2	0.0000000E+0
1.4089000E+1	5.9409809E+1	5.9064324E+1	0.0000000E+0	0.0000000E+0	1.0000000E+2	0.0000000E+0
1.4139000E+1	5.9429818E+1	5.9063728E+1	0.0000000E+0	0.0000000E+0	1.0000000E+2	0.0000000E+0
1.4189000E+1	5.9417667E+1	5.9053145E+1	0.0000000E+0	0.0000000E+0	1.0000000E+2	0.0000000E+0
1.4240000E+1	5.9433718E+1	5.9049449E+1	0.0000000E+0	0.0000000E+0	1.0000000E+2	0.0000000E+0
1.4290000E+1	5.9452581E+1	5.9058396E+1	0.0000000E+0	0.0000000E+0	1.0000000E+2	0.0000000E+0
1.4340000E+1	5.9457080E+1	5.9041289E+1	0.0000000E+0	0.0000000E+0	1.0000000E+2	0.0000000E+0
1.4390000E+1	5.9475665E+1	5.9046525E+1	0.0000000E+0	0.0000000E+0	1.0000000E+2	0.0000000E+0
1.4441000E+1	5.9481757E+1	5.9048983E+1	0.0000000E+0	0.0000000E+0	1.0000000E+2	0.0000000E+0
1.4491000E+1	5.9506179E+1	5.9049283E+1	0.0000000E+0	0.0000000E+0	1.0000000E+2	0.0000000E+0
1.4541000E+1	5.9529542E+1	5.9041253E+1	0.0000000E+0	0.0000000E+0	1.0000000E+2	0.0000000E+0
1.4591000E+1	5.9560655E+1	5.9051672E+1	0.0000000E+0	0.0000000E+0	1.0000000E+2	0.0000000E+0
1.4641000E+1	5.9563574E+1	5.9052358E+1	0.0000000E+0	0.0000000E+0	1.0000000E+2	0.0000000E+0
1.4691000E+1	5.9572510E+1	5.9050657E+1	0.0000000E+0	0.0000000E+0	1.0000000E+2	0.0000000E+0
1.4741000E+1	5.9577887E+1	5.9052265E+1	0.0000000E+0	0.0000000E+0	1.0000000E+2	0.0000000E+0
1.4791000E+1	5.9570615E+1	5.9060510E+1	0.0000000E+0	0.0000000E+0	1.0000000E+2	0.0000000E+0
1.4843000E+1	5.9549875E+1	5.9049257E+1	0.0000000E+0	0.0000000E+0	1.0000000E+2	0.0000000E+0
1.4893000E+1	5.9549315E+1	5.9057622E+1	0.0000000E+0	0.0000000E+0	1.0000000E+2	0.0000000E+0
1.4943000E+1	5.9548870E+1	5.9057649E+1	0.0000000E+0	0.0000000E+0	1.0000000E+2	0.0000000E+0
1.4993000E+1	5.9530254E+1	5.9060548E+1	0.0000000E+0	0.0000000E+0	1.0000000E+2	0.0000000E+0
1.5043000E+1	5.9516315E+1	5.9048243E+1	0.0000000E+0	0.0000000E+0	1.0000000E+2	0.0000000E+0
1.5093000E+1	5.9509756E+1	5.9049005E+1	0.0000000E+0	0.0000000E+0	1.0000000E+2	0.0000000E+0
1.5143000E+1	5.9504713E+1	5.9050856E+1	0.0000000E+0	0.0000000E+0	1.0000000E+2	0.0000000E+0
1.5193000E+1	5.9463006E+1	5.9026693E+1	0.0000000E+0	0.0000000E+0	1.0000000E+2	0.0000000E+0
1.5243000E+1	5.9450305E+1	5.9028639E+1	0.0000000E+0	0.0000000E+0	1.0000000E+2	0.0000000E+0
1.5293000E+1	5.9437170E+1	5.9018819E+1	0.0000000E+0	0.0000000E+0	1.0000000E+2	0.0000000E+0
1.5343000E+1	5.9425142E+1	5.9020184E+1	0.0000000E+0	0.0000000E+0	1.0000000E+2	0.0000000E+0
1.5393000E+1	5.9436441E+1	5.9023555E+1	0.0000000E+0	0.0000000E+0	1.0000000E+2	0.0000000E+0
1.5443000E+1	5.9434626E+1	5.9040151E+1	0.0000000E+0	0.0000000E+0	1.0000000E+2	0.0000000E+0
1.5493000E+1	5.9436088E+1	5.9037541E+1	0.0000000E+0	0.0000000E+0	1.0000000E+2	0.0000000E+0
1.5543000E+1	5.9428513E+1	5.9044428E+1	0.0000000E+0	0.0000000E+0	1.0000000E+2	0.0000000E+0
1.5593000E+1	5.9438507E+1	5.9049732E+1	0.0000000E+0	0.0000000E+0	1.0000000E+2	0.0000000E+0
1.5643000E+1	5.9433253E+1	5.9048524E+1	0.0000000E+0	0.0000000E+0	1.0000000E+2	0.0000000E+0
1.5693000E+1	5.9421518E+1	5.9056402E+1	0.0000000E+0	0.0000000E+0	1.0000000E+2	0.0000000E+0
1.5743000E+1	5.9425280E+1	5.9052313E+1	0.0000000E+0	0.0000000E+0	1.0000000E+2	0.0000000E+0
1.5793000E+1	5.9417803E+1	5.9061403E+1	0.0000000E+0	0.0000000E+0	1.0000000E+2	0.0000000E+0
1.5843000E+1	5.9410831E+1	5.9069503E+1	0.0000000E+0	0.0000000E+0	1.0000000E+2	0.0000000E+0
1.5893000E+1	5.9413545E+1	5.9067336E+1	0.0000000E+0	0.0000000E+0	1.0000000E+2	0.0000000E+0
1.5944000E+1	5.9434737E+1	5.9073782E+1	0.0000000E+0	0.0000000E+0	1.0000000E+2	0.0000000E+0
1.5994000E+1	5.9426635E+1	5.9058059E+1	0.0000000E+0	0.0000000E+0	1.0000000E+2	0.0000000E+0
1.6044000E+1	5.9432192E+1	5.9058818E+1	0.0000000E+0	0.0000000E+0	1.0000000E+2	0.0000000E+0
1.6094000E+1	5.9419984E+1	5.9056191E+1	0.0000000E+0	0.0000000E+0	1.0000000E+2	0.0000000E+0
1.6145000E+1	5.9410479E+1	5.9053601E+1	0.0000000E+0	0.0000000E+0	1.0000000E+2	0.0000000E+0
1.6195000E+1	5.9386659E+1	5.9035930E+1	0.0000000E+0	0.0000000E+0	1.0000000E+2	0.0000000E+0
1.6245000E+1	5.9419019E+1	5.9050103E+1	0.0000000E+0	0.0000000E+0	1.0000000E+2	0.0000000E+0
1.6295000E+1	5.9430547E+1	5.9060038E+1	0.0000000E+0	0.0000000E+0	1.0000000E+2	0.0000000E+0
1.6347000E+1	5.9437242E+1	5.9063308E+1	0.0000000E+0	0.0000000E+0	1.0000000E+2	0.0000000E+0
1.6397000E+1	5.9427050E+1	5.9060504E+1	0.0000000E+0	0.0000000E+0	1.0000000E+2	0.0000000E+0
1.6447000E+1	5.9441865E+1	5.9060332E+1	0.0000000E+0	0.0000000E+0	1.0000000E+2	0.0000000E+0
1.6497000E+1	5.9416450E+1	5.9061001E+1	0.0000000E+0	0.0000000E+0	1.0000000E+2	0.0000000E+0
1.6547000E+1	5.9405170E+1	5.9047710E+1	0.0000000E+0	0.0000000E+0	1.0000000E+2	0.0000000E+0
1.6597000E+1	5.9403748E+1	5.9056010E+1	0.0000000E+0	0.0000000E+0	1.0000000E+2	0.0000000E+0
1.6647000E+1	5.9389201E+1	5.9060661E+1	0.0000000E+0	0.0000000E+0	1.0000000E+2	0.0000000E+0
1.6697000E+1	5.9363157E+1	5.9057352E+1	0.0000000E+0	0.0000000E+0	1.0000000E+2	0.0000000E+0
1.6747000E+1	5.9359336E+1	5.9069471E+1	0.0000000E+0	0.0000000E+0	1.0000000E+2	0.0000000E+0
1.6797000E+1	5.9378610E+1	5.9087346E+1	0.0000000E+0	0.0000000E+0	1.0000000E+2	0.0000000E+0
1.6848000E+1	5.9369947E+1	5.9076357E+1	0.0000000E+0	0.0000000E+0	1.0000000E+2	0.0000000E+0
1.6898000E+1	5.9377466E+1	5.9088651E+1	0.0000000E+0	0.0000000E+0	1.0000000E+2	0.0000000E+0
1.6948000E+1	5.9394872E+1	5.9085934E+1	0.0000000E+0	0.0000000E+0	1.0000000E+2	0.0000000E+0
1.6998000E+1	5.9408912E+1	5.9104895E+1	0.0000000E+0	0.0000000E+0	1.0000000E+2	0.0000000E+0
1.7048000E+1	5.9411766E+1	5.9093755E+1	0.0000000E+0	0.0000000E+0	1.0000000E+2	0.0000000E+0
1.7098000E+1	5.9387352E+1	5.9081966E+1	0.0000000E+0	0.0000000E+0	1.0000000E+2	0.0000000E+0
1.7148000E+1	5.9391388E+1	5.9084349E+1	0.0000000E+0	0.0000000E+0	1.0000000E+2	0.0000000E+0
1.7198000E+1	5.9394510E+1	5.9090262E+1	0.0000000E+0	0.0000000E+0	1.0000000E+2	0.0000000E+0
1.7248000E+1	5.9384279E+1	5.9095079E+1	0.0000000E+0	0.0000000E+0	1.0000000E+2	0.0000000E+0
1.7298000E+1	5.9368596E+1	5.9098073E+1	0.0000000E+0	0.0000000E+0	1.0000000E+2	0.0000000E+0
1.7348000E+1	5.9365652E+1	5.9096529E+1	0.0000000E+0	0.0000000E+0	1.0000000E+2	0.0000000E+0
1.7398000E+1	5.9367551E+1	5.9102695E+1	0.0000000E+0	0.0000000E+0	1.0000000E+2	0.0000000E+0
1.7449000E+1	5.9355653E+1	5.9115887E+1	0.0000000E+0	0.0000000E+0	1.0000000E+2	0.0000000E+0
1.7499000E+1	5.9347791E+1	5.9115228E+1	0.0000000E+0	0.0000000E+0	1.0000000E+2	0.0000000E+0
1.7549000E+1	5.9348044E+1	5.9116530E+1	0.0000000E+0	0.0000000E+0	1.0000000E+2	0.0000000E+0
1.7599000E+1	5.9348352E+1	5.9129873E+1	0.0000000E+0	0.0000000E+0	1.0000000E+2	0.0000000E+0
1.7650000E+1	5.9320084E+1	5.9114317E+1	0.0000000E+0	0.0000000E+0	1.0000000E+2	0.0000000E+0
1.7701000E+1	5.9323810E+1	5.9117849E+1	0.0000000E+0	0.0000000E+0	1.0000000E+2	0.0000000E+0
1.7752000E+1	5.9322226E+1	5.9115352E+1	0.0000000E+0	0.0000000E+0	1.0000000E+2	0.0000000E+0
1.7803000E+1	5.9326447E+1	5.9113289E+1	0.0000000E+0	0.0000000E+0	1.0000000E+2	0.0000000E+0
1.7854000E+1	5.9301437E+1	5.9108952E+1	0.0000000E+0	0.0000000E+0	1.0000000E+2	0.0000000E+0
1.7904000E+1	5.9306635E+1	5.9116401E+1	0.0000000E+0	0.0000000E+0	1.0000000E+2	0.0000000E+0
1.7955000E+1	5.9295146E+1	5.9106292E+1	0.0000000E+0	0.0000000E+0	1.0000000E+2	0.0000000E+0
1.8006000E+1	5.9295563E+1	5.9112744E+1	0.0000000E+0	0.0000000E+0	1.0000000E+2	0.0000000E+0
1.8056000E+1	5.9291387E+1	5.9112918E+1	0.0000000E+0	0.0000000E+0	1.0000000E+2	0.0000000E+0
1.8106000E+1	5.9288875E+1	5.9117085E+1	0.0000000E+0	0.0000000E+0	1.0000000E+2	0.0000000E+0
1.8156000E+1	5.9278258E+1	5.9119937E+1	0.0000000E+0	0.0000000E+0	1.0000000E+2	0.0000000E+0
1.8206000E+1	5.9274796E+1	5.9135788E+1	0.0000000E+0	0.0000000E+0	1.0000000E+2	0.0000000E+0
1.8256000E+1	5.9268415E+1	5.9122010E+1	0.0000000E+0	0.0000000E+0	1.0000000E+2	0.0000000E+0
1.8306000E+1	5.9271202E+1	5.9146931E+1	0.0000000E+0	0.0000000E+0	1.0000000E+2	0.0000000E+0
1.8356000E+1	5.9286067E+1	5.9143539E+1	0.0000000E+0	0.0000000E+0	1.0000000E+2	0.0000000E+0
1.8406000E+1	5.9293063E+1	5.9142341E+1	0.0000000E+0	0.0000000E+0	1.0000000E+2	0.0000000E+0
1.8456000E+1	5.9282517E+1	5.9152581E+1	0.0000000E+0	0.0000000E+0	1.0000000E+2	0.0000000E+0
1.8507000E+1	5.9269443E+1	5.9147851E+1	0.0000000E+0	0.0000000E+0	1.0000000E+2	0.0000000E+0
1.8558000E+1	5.9259431E+1	5.9155210E+1	0.0000000E+0	0.0000000E+0	1.0000000E+2	0.0000000E+0
1.8608000E+1	5.9249592E+1	5.9148186E+1	0.0000000E+0	0.0000000E+0	1.0000000E+2	0.0000000E+0
1.8659000E+1	5.9249124E+1	5.9162413E+1	0.0000000E+0	0.0000000E+0	1.0000000E+2	0.0000000E+0
1.8710000E+1	5.9256041E+1	5.9167556E+1	0.0000000E+0	0.0000000E+0	1.0000000E+2	0.0000000E+0
1.8760000E+1	5.9236751E+1	5.9156655E+1	0.0000000E+0	0.0000000E+0	1.0000000E+2	0.0000000E+0
1.8810000E+1	5.9228272E+1	5.9156450E+1	0.0000000E+0	0.0000000E+0	1.0000000E+2	0.0000000E+0
1.8860000E+1	5.9224116E+1	5.9159418E+1	0.0000000E+0	0.0000000E+0	1.0000000E+2	0.0000000E+0
1.8911000E+1	5.9218485E+1	5.9157384E+1	0.0000000E+0	0.0000000E+0	1.0000000E+2	0.0000000E+0
1.8961000E+1	5.9229759E+1	5.9174774E+1	0.0000000E+0	0.0000000E+0	1.0000000E+2	0.0000000E+0
1.9011000E+1	5.9235320E+1	5.9174916E+1	0.0000000E+0	0.0000000E+0	1.0000000E+2	0.0000000E+0
1.9061000E+1	5.9233152E+1	5.9181084E+1	0.0000000E+0	0.0000000E+0	1.0000000E+2	0.0000000E+0
1.9111000E+1	5.9240448E+1	5.9175299E+1	0.0000000E+0	0.0000000E+0	1.0000000E+2	0.0000000E+0
1.9161000E+1	5.9263164E+1	5.9188035E+1	0.0000000E+0	0.0000000E+0	1.0000000E+2	0.0000000E+0
1.9212000E+1	5.9277996E+1	5.9202082E+1	0.0000000E+0	0.0000000E+0	1.0000000E+2	0.0000000E+0
1.9262000E+1	5.9289724E+1	5.9207956E+1	0.0000000E+0	0.0000000E+0	1.0000000E+2	0.0000000E+0
1.9312000E+1	5.9308255E+1	5.9225879E+1	0.0000000E+0	0.0000000E+0	1.0000000E+2	0.0000000E+0
1.9362000E+1	5.9314956E+1	5.9225038E+1	0.0000000E+0	0.0000000E+0	1.0000000E+2	0.0000000E+0
1.9412000E+1	5.9320024E+1	5.9234986E+1	0.0000000E+0	0.0000000E+0	1.0000000E+2	0.0000000E+0
1.9462000E+1	5.9316180E+1	5.9227288E+1	0.0000000E+0	0.0000000E+0	1.0000000E+2	0.0000000E+0
1.9512000E+1	5.9301516E+1	5.9225287E+1	0.0000000E+0	0.0000000E+0	1.0000000E+2	0.0000000E+0
1.9562000E+1	5.9295407E+1	5.9230154E+1	0.0000000E+0	0.0000000E+0	1.0000000E+2	0.0000000E+0
1.9612000E+1	5.9286323E+1	5.9223372E+1	0.0000000E+0	0.0000000E+0	1.0000000E+2	0.0000000E+0
1.9662000E+1	5.9306247E+1	5.9232802E+1	0.0000000E+0	0.0000000E+0	1.0000000E+2	0.0000000E+0
1.9714000E+1	5.9326974E+1	5.9225353E+1	0.0000000E+0	0.0000000E+0	1.0000000E+2	0.0000000E+0
1.9764000E+1	5.9338953E+1	5.9236014E+1	0.0000000E+0	0.0000000E+0	1.0000000E+2	0.0000000E+0
1.9814000E+1	5.9347030E+1	5.9245697E+1	0.0000000E+0	0.0000000E+0	1.0000000E+2	0.0000000E+0
1.9864000E+1	5.9339014E+1	5.9237369E+1	0.0000000E+0	0.0000000E+0	1.0000000E+2	0.0000000E+0
1.9914000E+1	5.9346483E+1	5.9246959E+1	0.0000000E+0	0.0000000E+0	1.0000000E+2	0.0000000E+0
1.9964000E+1	5.9339917E+1	5.9245861E+1	0.0000000E+0	0.0000000E+0	1.0000000E+2	0.0000000E+0
2.0014000E+1	5.9347824E+1	5.9237982E+1	0.0000000E+0	0.0000000E+0	1.0000000E+2	0.0000000E+0
2.0064000E+1	5.9348635E+1	5.9242407E+1	0.0000000E+0	0.0000000E+0	1.0000000E+2	0.0000000E+0
2.0114000E+1	5.9353076E+1	5.9240516E+1	0.0000000E+0	0.0000000E+0	1.0000000E+2	0.0000000E+0
2.0166000E+1	5.9360188E+1	5.9250617E+1	0.0000000E+0	0.0000000E+0	1.0000000E+2	0.0000000E+0
2.0216000E+1	5.9378228E+1	5.9259610E+1	0.0000000E+0	0.0000000E+0	1.0000000E+2	0.0000000E+0
2.0266000E+1	5.9370449E+1	5.9254089E+1	0.0000000E+0	0.0000000E+0	1.0000000E+2	0.0000000E+0
2.0316000E+1	5.9368886E+1	5.9264179E+1	0.0000000E+0	0.0000000E+0	1.0000000E+2	0.0000000E+0
2.0367000E+1	5.9371810E+1	5.9264707E+1	0.0000000E+0	0.0000000E+0	1.0000000E+2	0.0000000E+0
2.0417000E+1	5.9357075E+1	5.9260723E+1	0.0000000E+0	0.0000000E+0	1.0000000E+2	0.0000000E+0
2.0467000E+1	5.9344981E+1	5.9268045E+1	0.0000000E+0	0.0000000E+0	1.0000000E+2	0.0000000E+0
2.0517000E+1	5.9352877E+1	5.9271728E+1	0.0000000E+0	0.0000000E+0	1.0000000E+2	0.0000000E+0
2.0567000E+1	5.9370278E+1	5.9278836E+1	0.0000000E+0	0.0000000E+0	1.0000000E+2	0.0000000E+0
2.0617000E+1	5.9370341E+1	5.9268508E+1	0.0000000E+0	0.0000000E+0	1.0000000E+2	0.0000000E+0
2.0667000E+1	5.9392420E+1	5.9279037E+1	0.0000000E+0	0.0000000E+0	1.0000000E+2	0.0000000E+0
2.0717000E+1	5.9399488E+1	5.9286284E+1	0.0000000E+0	0.0000000E+0	1.0000000E+2	0.0000000E+0
2.0768000E+1	5.9400542E+1	5.9282679E+1	0.0000000E+0	0.0000000E+0	1.0000000E+2	0.0000000E+0
2.0818000E+1	5.9421404E+1	5.9298835E+1	0.0000000E+0	0.0000000E+0	1.0000000E+2	0.0000000E+0
2.0868000E+1	5.9421689E+1	5.9307830E+1	0.0000000E+0	0.0000000E+0	1.0000000E+2	0.0000000E+0
2.0918000E+1	5.9423408E+1	5.9310166E+1	0.0000000E+0	0.0000000E+0	1.0000000E+2	0.0000000E+0
2.0968000E+1	5.9411611E+1	5.9318954E+1	0.0000000E+0	0.0000000E+0	1.0000000E+2	0.0000000E+0
2.1019000E+1	5.9413824E+1	5.9318439E+1	0.0000000E+0	0.0000000E+0	1.0000000E+2	0.0000000E+0
2.1070000E+1	5.9410442E+1	5.9311016E+1	0.0000000E+0	0.0000000E+0	1.0000000E+2	0.0000000E+0
2.1120000E+1	5.9399193E+1	5.9320685E+1	0.0000000E+0	0.0000000E+0	1.0000000E+2	0.0000000E+0
2.1171000E+1	5.9386589E+1	5.9321099E+1	0.0000000E+0	0.0000000E+0	1.0000000E+2	0.0000000E+0
2.1222000E+1	5.9387680E+1	5.9318692E+1	0.0000000E+0	0.0000000E+0	1.0000000E+2	0.0000000E+0
2.1272000E+1	5.9385417E+1	5.9321221E+1	0.0000000E+0	0.0000000E+0	1.0000000E+2	0.0000000E+0
2.1323000E+1	5.9396959E+1	5.9322968E+1	0.0000000E+0	0.0000000E+0	1.0000000E+2	0.0000000E+0
2.1374000E+1	5.9395594E+1	5.9328644E+1	0.0000000E+0	0.0000000E+0	1.0000000E+2	0.0000000E+0
2.1424000E+1	5.9392426E+1	5.9322229E+1	0.0000000E+0	0.0000000E+0	1.0000000E+2	0.0000000E+0
2.1474000E+1	5.9394008E+1	5.9329247E+1	0.0000000E+0	0.0000000E+0	1.0000000E+2	0.0000000E+0
2.1525000E+1	5.9405051E+1	5.9329251E+1	0.0000000E+0	0.0000000E+0	1.0000000E+2	0.0000000E+0
2.1576000E+1	5.9418034E+1	5.9335527E+1	0.0000000E+0	0.0000000E+0	1.0000000E+2	0.0000000E+0
2.1626000E+1	5.9419572E+1	5.9331008E+1	0.0000000E+0	0.0000000E+0	1.0000000E+2	0.0000000E+0
2.1676000E+1	5.9422359E+1	5.9335049E+1	0.0000000E+0	0.0000000E+0	1.0000000E+2	0.0000000E+0
2.1726000E+1	5.9428721E+1	5.9342264E+1	0.0000000E+0	0.0000000E+0	1.0000000E+2	0.0000000E+0
2.1776000E+1	5.9438785E+1	5.9346708E+1	0.0000000E+0	0.0000000E+0	1.0000000E+2	0.0000000E+0
2.1826000E+1	5.9437391E+1	5.9347133E+1	0.0000000E+0	0.0000000E+0	1.0000000E+2	0.0000000E+0
2.1876000E+1	5.9440586E+1	5.9345773E+1	0.0000000E+0	0.0000000E+0	1.0000000E+2	0.0000000E+0
2.1926000E+1	5.9449884E+1	5.9346821E+1	0.0000000E+0	0.0000000E+0	1.0000000E+2	0.0000000E+0
2.1976000E+1	5.9434009E+1	5.9351521E+1	0.0000000E+0	0.0000000E+0	1.0000000E+2	0.0000000E+0
2.2027000E+1	5.9442968E+1	5.9357859E+1	0.0000000E+0	0.0000000E+0	1.0000000E+2	0.0000000E+0
2.2077000E+1	5.9449013E+1	5.9360669E+1	0.0000000E+0	0.0000000E+0	1.0000000E+2	0.0000000E+0
2.2128000E+1	5.9454006E+1	5.9366334E+1	0.0000000E+0	0.0000000E+0	1.0000000E+2	0.0000000E+0
2.2178000E+1	5.9443734E+1	5.9372356E+1	0.0000000E+0	0.0000000E+0	1.0000000E+2	0.0000000E+0
2.2228000E+1	5.9442922E+1	5.9370934E+1	0.0000000E+0	0.0000000E+0	1.0000000E+2	0.0000000E+0
2.2278000E+1	5.9455558E+1	5.9392691E+1	0.0000000E+0	0.0000000E+0	1.0000000E+2	0.0000000E+0
2.2328000E+1	5.9441103E+1	5.9378345E+1	0.0000000E+0	0.0000000E+0	1.0000000E+2	0.0000000E+0
2.2378000E+1	5.9425506E+1	5.9361054E+1	0.0000000E+0	0.0000000E+0	1.0000000E+2	0.0000000E+0
2.2428000E+1	5.9434946E+1	5.9372909E+1	0.0000000E+0	0.0000000E+0	1.0000000E+2	0.0000000E+0
2.2478000E+1	5.9442614E+1	5.9377120E+1	0.0000000E+0	0.0000000E+0	1.0000000E+2	0.0000000E+0
2.2528000E+1	5.9436330E+1	5.9379137E+1	0.0000000E+0	0.0000000E+0	1.0000000E+2	0.0000000E+0
2.2579000E+1	5.9433651E+1	5.9376333E+1	0.0000000E+0	0.0000000E+0	1.0000000E+2	0.0000000E+0
2.2630000E+1	5.9434100E+1	5.9379828E+1	0.0000000E+0	0.0000000E+0	1.0000000E+2	0.0000000E+0
2.2680000E+1	5.9436253E+1	5.9380466E+1	0.0000000E+0	0.0000000E+0	1.0000000E+2	0.0000000E+0
2.2732000E+1	5.9459090E+1	5.9391262E+1	0.0000000E+0	0.0000000E+0	1.0000000E+2	0.0000000E+0
2.2782000E+1	5.9478381E+1	5.9402259E+1	0.0000000E+0	0.0000000E+0	1.0000000E+2	0.0000000E+0
2.2832000E+1	5.9468758E+1	5.9393268E+1	0.0000000E+0	0.0000000E+0	1.0000000E+2	0.0000000E+0
2.2882000E+1	5.9478197E+1	5.9398275E+1	0.0000000E+0	0.0000000E+0	1.0000000E+2	0.0000000E+0
2.2932000E+1	5.9483297E+1	5.9406632E+1	0.0000000E+0	0.0000000E+0	1.0000000E+2	0.0000000E+0
2.2983000E+1	5.9496949E+1	5.9410500E+1	0.0000000E+0	0.0000000E+0	1.0000000E+2	0.0000000E+0
2.3033000E+1	5.9508804E+1	5.9415533E+1	0.0000000E+0	0.0000000E+0	1.0000000E+2	0.0000000E+0
2.3084000E+1	5.9518983E+1	5.9410296E+1	0.0000000E+0	0.0000000E+0	1.0000000E+2	0.0000000E+0
2.3134000E+1	5.9519511E+1	5.9412642E+1	0.0000000E+0	0.0000000E+0	1.0000000E+2	0.0000000E+0
2.3184000E+1	5.9531162E+1	5.9414725E+1	0.0000000E+0	0.0000000E+0	1.0000000E+2	0.0000000E+0
2.3234000E+1	5.9542151E+1	5.9408200E+1	0.0000000E+0	0.0000000E+0	1.0000000E+2	0.0000000E+0
2.3284000E+1	5.9541518E+1	5.9400646E+1	0.0000000E+0	0.0000000E+0	1.0000000E+2	0.0000000E+0
2.3334000E+1	5.9523901E+1	5.9395695E+1	0.0000000E+0	0.0000000E+0	1.0000000E+2	0.0000000E+0
2.3384000E+1	5.9537969E+1	5.9409350E+1	0.0000000E+0	0.0000000E+0	1.0000000E+2	0.0000000E+0
2.3434000E+1	5.9563081E+1	5.9408035E+1	0.0000000E+0	0.0000000E+0	1.0000000E+2	0.0000000E+0
2.3484000E+1	5.9592781E+1	5.9423558E+1	0.0000000E+0	0.0000000E+0	1.0000000E+2	0.0000000E+0
2.3534000E+1	5.9595655E+1	5.9420020E+1	0.0000000E+0	0.0000000E+0	1.0000000E+2	0.0000000E+0
2.3585000E+1	5.9604958E+1	5.9419117E+1	0.0000000E+0	0.0000000E+0	1.0000000E+2	0.0000000E+0
2.3635000E+1	5.9602519E+1	5.9414092E+1	0.0000000E+0	0.0000000E+0	1.0000000E+2	0.0000000E+0
2.3686000E+1	5.9612716E+1	5.9429712E+1	0.0000000E+0	0.0000000E+0	1.0000000E+2	0.0000000E+0
2.3736000E+1	5.9612424E+1	5.9420011E+1	0.0000000E+0	0.0000000E+0	1.0000000E+2	0.0000000E+0
2.3786000E+1	5.9633668E+1	5.9434034E+1	0.0000000E+0	0.0000000E+0	1.0000000E+2	0.0000000E+0
2.3836000E+1	5.9621842E+1	5.9424301E+1	0.0000000E+0	0.0000000E+0	1.0000000E+2	0.0000000E+0
2.3886000E+1	5.9641657E+1	5.9432890E+1	0.0000000E+0	0.0000000E+0	1.0000000E+2	0.0000000E+0
2.3938000E+1	5.9633352E+1	5.9423957E+1	0.0000000E+0	0.0000000E+0	1.0000000E+2	0.0000000E+0
2.3989000E+1	5.9656348E+1	5.9447725E+1	0.0000000E+0	0.0000000E+0	1.0000000E+2	0.0000000E+0
2.4040000E+1	5.9652942E+1	5.9450455E+1	0.0000000E+0	0.0000000E+0	1.0000000E+2	0.0000000E+0
2.4090000E+1	5.9677472E+1	5.9453227E+1	0.0000000E+0	0.0000000E+0	1.0000000E+2	0.0000000E+0
2.4140000E+1	5.9697620E+1	5.9462858E+1	0.0000000E+0	0.0000000E+0	1.0000000E+2	0.0000000E+0
2.4190000E+1	5.9698665E+1	5.9469666E+1	0.0000000E+0	0.0000000E+0	1.0000000E+2	0.0000000E+0
2.4240000E+1	5.9705124E+1	5.9474154E+1	0.0000000E+0	0.0000000E+0	1.0000000E+2	0.0000000E+0
2.4290000E+1	5.9714985E+1	5.9472264E+1	0.0000000E+0	0.0000000E+0	1.0000000E+2	0.0000000E+0
2.4341000E+1	5.9724233E+1	5.9476274E+1	0.0000000E+0	0.0000000E+0	1.0000000E+2	0.0000000E+0
2.4391000E+1	5.9727191E+1	5.9475125E+1	0.0000000E+0	0.0000000E+0	1.0000000E+2	0.0000000E+0
2.4441000E+1	5.9744253E+1	5.9476837E+1	0.0000000E+0	0.0000000E+0	1.0000000E+2	0.0000000E+0
2.4491000E+1	5.9749243E+1	5.9481937E+1	0.0000000E+0	0.0000000E+0	1.0000000E+2	0.0000000E+0
2.4541000E+1	5.9759701E+1	5.9484907E+1	0.0000000E+0	0.0000000E+0	1.0000000E+2	0.0000000E+0
2.4592000E+1	5.9777229E+1	5.9485625E+1	0.0000000E+0	0.0000000E+0	1.0000000E+2	0.0000000E+0
2.4642000E+1	5.9792095E+1	5.9471177E+1	0.0000000E+0	0.0000000E+0	1.0000000E+2	0.0000000E+0
2.4692000E+1	5.9808361E+1	5.9488175E+1	0.0000000E+0	0.0000000E+0	1.0000000E+2	0.0000000E+0
2.4744000E+1	5.9812283E+1	5.9489606E+1	0.0000000E+0	0.0000000E+0	1.0000000E+2	0.0000000E+0
2.4795000E+1	5.9833563E+1	5.9489574E+1	0.0000000E+0	0.0000000E+0	1.0000000E+2	0.0000000E+0
2.4846000E+1	5.9823695E+1	5.9484142E+1	0.0000000E+0	0.0000000E+0	1.0000000E+2	0.0000000E+0
2.4896000E+1	5.9818081E+1	5.9477354E+1	0.0000000E+0	0.0000000E+0	1.0000000E+2	0.0000000E+0
2.4947000E+1	5.9832822E+1	5.9503375E+1	0.0000000E+0	0.0000000E+0	1.0000000E+2	0.0000000E+0
2.4997000E+1	5.9857452E+1	5.9513361E+1	0.0000000E+0	0.0000000E+0	1.0000000E+2	0.0000000E+0
2.5048000E+1	5.9863752E+1	5.9506919E+1	0.0000000E+0	0.0000000E+0	1.0000000E+2	0.0000000E+0
2.5098000E+1	5.9878683E+1	5.9508733E+1	0.0000000E+0	0.0000000E+0	1.0000000E+2	0.0000000E+0
2.5149000E+1	5.9880163E+1	5.9508777E+1	0.0000000E+0	0.0000000E+0	1.0000000E+2	0.0000000E+0
2.5199000E+1	5.9901879E+1	5.9509626E+1	0.0000000E+0	0.0000000E+0	1.0000000E+2	0.0000000E+0
2.5249000E+1	5.9922671E+1	5.9522020E+1	0.0000000E+0	0.0000000E+0	1.0000000E+2	0.0000000E+0
2.5300000E+1	5.9930415E+1	5.9522822E+1	0.0000000E+0	0.0000000E+0	1.0000000E+2	0.0000000E+0
2.5350000E+1	5.9928927E+1	5.9528909E+1	0.0000000E+0	0.0000000E+0	1.0000000E+2	0.0000000E+0
2.5400000E+1	5.9929296E+1	5.9530424E+1	0.0000000E+0	0.0000000E+0	1.0000000E+2	0.0000000E+0
2.5450000E+1	5.9915189E+1	5.9514084E+1	0.0000000E+0	0.0000000E+0	1.0000000E+2	0.0000000E+0
2.5500000E+1	5.9922715E+1	5.9528206E+1	0.0000000E+0	0.0000000E+0	1.0000000E+2	0.0000000E+0
2.5550000E+1	5.9939426E+1	5.9526809E+1	0.0000000E+0	0.0000000E+0	1.0000000E+2	0.0000000E+0
2.5600000E+1	5.9931481E+1	5.9523293E+1	0.0000000E+0	0.0000000E+0	1.0000000E+2	0.0000000E+0
2.5650000E+1	5.9945928E+1	5.9537616E+1	0.0000000E+0	0.0000000E+0	1.0000000E+2	0.0000000E+0
2.5700000E+1	5.9943915E+1	5.9545568E+1	0.0000000E+0	0.0000000E+0	1.0000000E+2	0.0000000E+0
2.5751000E+1	5.9944576E+1	5.9546780E+1	0.0000000E+0	0.0000000E+0	1.0000000E+2	0.0000000E+0
2.5801000E+1	5.9962477E+1	5.9546727E+1	0.0000000E+0	0.0000000E+0	1.0000000E+2	0.0000000E+0
2.5851000E+1	5.9987634E+1	5.9561072E+1	0.0000000E+0	0.0000000E+0	1.0000000E+2	0.0000000E+0
2.5901000E+1	6.0000337E+1	5.9553248E+1	0.0000000E+0	0.0000000E+0	1.0000000E+2	0.0000000E+0
2.5952000E+1	6.0016009E+1	5.9560250E+1	0.0000000E+0	0.0000000E+0	1.0000000E+2	0.0000000E+0
2.6002000E+1	6.0038995E+1	5.9571680E+1	0.0000000E+0	0.0000000E+0	1.0000000E+2	0.0000000E+0
2.6052000E+1	6.0043147E+1	5.9573079E+1	0.0000000E+0	0.0000000E+0	1.0000000E+2	0.0000000E+0
2.6102000E+1	6.0044833E+1	5.9571384E+1	0.0000000E+0	0.0000000E+0	1.0000000E+2	0.0000000E+0
2.6152000E+1	6.0064878E+1	5.9570350E+1	0.0000000E+0	0.0000000E+0	1.0000000E+2	0.0000000E+0
2.6202000E+1	6.0091675E+1	5.9571436E+1	0.0000000E+0	0.0000000E+0	1.0000000E+2	0.0000000E+0
2.6252000E+1	6.0099176E+1	5.9570000E+1	0.0000000E+0	0.0000000E+0	1.0000000E+2	0.0000000E+0
2.6302000E+1	6.0131664E+1	5.9578948E+1	0.0000000E+0	0.0000000E+0	1.0000000E+2	0.0000000E+0
2.6353000E+1	6.0151153E+1	5.9580309E+1	0.0000000E+0	0.0000000E+0	1.0000000E+2	0.0000000E+0
2.6404000E+1	6.0167988E+1	5.9588916E+1	0.0000000E+0	0.0000000E+0	1.0000000E+2	0.0000000E+0
2.6454000E+1	6.0192852E+1	5.9578165E+1	0.0000000E+0	0.0000000E+0	1.0000000E+2	0.0000000E+0
2.6504000E+1	6.0200860E+1	5.9573456E+1	0.0000000E+0	0.0000000E+0	1.0000000E+2	0.0000000E+0
2.6554000E+1	6.0241794E+1	5.9584268E+1	0.0000000E+0	0.0000000E+0	1.0000000E+2	0.0000000E+0
2.6606000E+1	6.0271126E+1	5.9594915E+1	0.0000000E+0	0.0000000E+0	1.0000000E+2	0.0000000E+0
2.6656000E+1	6.0292619E+1	5.9596695E+1	0.0000000E+0	0.0000000E+0	1.0000000E+2	0.0000000E+0
2.6706000E+1	6.0325396E+1	5.9609844E+1	0.0000000E+0	0.0000000E+0	1.0000000E+2	0.0000000E+0
2.6756000E+1	6.0338287E+1	5.9618873E+1	0.0000000E+0	0.0000000E+0	1.0000000E+2	0.0000000E+0
2.6806000E+1	6.0367545E+1	5.9624730E+1	0.0000000E+0	0.0000000E+0	1.0000000E+2	0.0000000E+0
2.6857000E+1	6.0375423E+1	5.9616623E+1	0.0000000E+0	0.0000000E+0	1.0000000E+2	0.0000000E+0
2.6908000E+1	6.0376224E+1	5.9608148E+1	0.0000000E+0	0.0000000E+0	1.0000000E+2	0.0000000E+0
2.6958000E+1	6.0399323E+1	5.9612855E+1	0.0000000E+0	0.0000000E+0	1.0000000E+2	0.0000000E+0
2.7008000E+1	6.0424449E+1	5.9616756E+1	0.0000000E+0	0.0000000E+0	1.0000000E+2	0.0000000E+0
2.7058000E+1	6.0442790E+1	5.9630806E+1	0.0000000E+0	0.0000000E+0	1.0000000E+2	0.0000000E+0
2.7108000E+1	6.0440518E+1	5.9608349E+1	0.0000000E+0	0.0000000E+0	1.0000000E+2	0.0000000E+0
2.7158000E+1	6.0437550E+1	5.9609785E+1	0.0000000E+0	0.0000000E+0	1.0000000E+2	0.0000000E+0
2.7208000E+1	6.0456283E+1	5.9617068E+1	0.0000000E+0	0.0000000E+0	1.0000000E+2	0.0000000E+0
2.7260000E+1	6.0490942E+1	5.9630334E+1	0.0000000E+0	0.0000000E+0	1.0000000E+2	0.0000000E+0
2.7312000E+1	6.0502215E+1	5.9634329E+1	0.0000000E+0	0.0000000E+0	1.0000000E+2	0.0000000E+0
2.7362000E+1	6.0528119E+1	5.9643440E+1	0.0000000E+0	0.0000000E+0	1.0000000E+2	0.0000000E+0
2.7413000E+1	6.0535813E+1	5.9650269E+1	0.0000000E+0	0.0000000E+0	1.0000000E+2	0.0000000E+0
2.7463000E+1	6.0543421E+1	5.9658895E+1	0.0000000E+0	0.0000000E+0	1.0000000E+2	0.0000000E+0
2.7513000E+1	6.0533087E+1	5.9653278E+1	0.0000000E+0	0.0000000E+0	1.0000000E+2	0.0000000E+0
2.7563000E+1	6.0529083E+1	5.9659908E+1	0.0000000E+0	0.0000000E+0	1.0000000E+2	0.0000000E+0
2.7613000E+1	6.0555109E+1	5.9674764E+1	0.0000000E+0	0.0000000E+0	1.0000000E+2	0.0000000E+0
2.7663000E+1	6.0558436E+1	5.9658657E+1	0.0000000E+0	0.0000000E+0	1.0000000E+2	0.0000000E+0
2.7713000E+1	6.0582738E+1	5.9671138E+1	0.0000000E+0	0.0000000E+0	1.0000000E+2	0.0000000E+0
2.7764000E+1	6.0592916E+1	5.9674876E+1	0.0000000E+0	0.0000000E+0	1.0000000E+2	0.0000000E+0
2.7814000E+1	6.0593556E+1	5.9675583E+1	0.0000000E+0	0.0000000E+0	1.0000000E+2	0.0000000E+0
2.7864000E+1	6.0612102E+1	5.9686876E+1	0.0000000E+0	0.0000000E+0	1.0000000E+2	0.0000000E+0
2.7915000E+1	6.0599094E+1	5.9688446E+1	0.0000000E+0	0.0000000E+0	1.0000000E+2	0.0000000E+0
2.7966000E+1	6.0603739E+1	5.9693892E+1	0.0000000E+0	0.0000000E+0	1.0000000E+2	0.0000000E+0
2.8016000E+1	6.0607660E+1	5.9689027E+1	0.0000000E+0	0.0000000E+0	1.0000000E+2	0.0000000E+0
2.8067000E+1	6.0611033E+1	5.9696296E+1	0.0000000E+0	0.0000000E+0	1.0000000E+2	0.0000000E+0
2.8117000E+1	6.0622294E+1	5.9699100E+1	0.0000000E+0	0.0000000E+0	1.0000000E+2	0.0000000E+0
2.8167000E+1	6.0624899E+1	5.9683028E+1	0.0000000E+0	0.0000000E+0	1.0000000E+2	0.0000000E+0
2.8217000E+1	6.0655271E+1	5.9693720E+1	0.0000000E+0	0.0000000E+0	1.0000000E+2	0.0000000E+0
2.8267000E+1	6.0679940E+1	5.9693256E+1	0.0000000E+0	0.0000000E+0	1.0000000E+2	0.0000000E+0
2.8317000E+1	6.0702824E+1	5.9700769E+1	0.0000000E+0	0.0000000E+0	1.0000000E+2	0.0000000E+0
2.8367000E+1	6.0709711E+1	5.9690356E+1	0.0000000E+0	0.0000000E+0	1.0000000E+2	0.0000000E+0
2.8417000E+1	6.0738586E+1	5.9690187E+1	0.0000000E+0	0.0000000E+0	1.0000000E+2	0.0000000E+0
2.8467000E+1	6.0740982E+1	5.9690005E+1	0.0000000E+0	0.0000000E+0	1.0000000E+2	0.0000000E+0
2.8518000E+1	6.0745205E+1	5.9702098E+1	0.0000000E+0	0.0000000E+0	1.0000000E+2	0.0000000E+0
2.8568000E+1	6.0763291E+1	5.9708318E+1	0.0000000E+0	0.0000000E+0	1.0000000E+2	0.0000000E+0
2.8619000E+1	6.0765185E+1	5.9706027E+1	0.0000000E+0	0.0000000E+0	1.0000000E+2	0.0000000E+0
2.8669000E+1	6.0786489E+1	5.9715534E+1	0.0000000E+0	0.0000000E+0	1.0000000E+2	0.0000000E+0
2.8719000E+1	6.0791996E+1	5.9717110E+1	0.0000000E+0	0.0000000E+0	1.0000000E+2	0.0000000E+0
2.8769000E+1	6.0785864E+1	5.9718597E+1	0.0000000E+0	0.0000000E+0	1.0000000E+2	0.0000000E+0
2.8819000E+1	6.0786333E+1	5.9718689E+1	0.0000000E+0	0.0000000E+0	1.0000000E+2	0.0000000E+0
2.8869000E+1	6.0792079E+1	5.9727641E+1	0.0000000E+0	0.0000000E+0	1.0000000E+2	0.0000000E+0
2.8919000E+1	6.0806725E+1	5.9729612E+1	0.0000000E+0	0.0000000E+0	1.0000000E+2	0.0000000E+0
2.8969000E+1	6.0820635E+1	5.9742910E+1	0.0000000E+0	0.0000000E+0	1.0000000E+2	0.0000000E+0
2.9019000E+1	6.0824032E+1	5.9738494E+1	0.0000000E+0	0.0000000E+0	1.0000000E+2	0.0000000E+0
2.9070000E+1	6.0827773E+1	5.9744154E+1	0.0000000E+0	0.0000000E+0	1.0000000E+2	0.0000000E+0
2.9120000E+1	6.0826457E+1	5.9739496E+1	0.0000000E+0	0.0000000E+0	1.0000000E+2	0.0000000E+0
2.9170000E+1	6.0853099E+1	5.9755226E+1	0.0000000E+0	0.0000000E+0	1.0000000E+2	0.0000000E+0
2.9222000E+1	6.0864640E+1	5.9752513E+1	0.0000000E+0	0.0000000E+0	1.0000000E+2	0.0000000E+0
2.9273000E+1	6.0859765E+1	5.9759087E+1	0.0000000E+0	0.0000000E+0	1.0000000E+2	0.0000000E+0
2.9324000E+1	6.0862684E+1	5.9753143E+1	0.0000000E+0	0.0000000E+0	1.0000000E+2	0.0000000E+0
2.9374000E+1	6.0871062E+1	5.9756557E+1	0.0000000E+0	0.0000000E+0	1.0000000E+2	0.0000000E+0
2.9424000E+1	6.0883317E+1	5.9763939E+1	0.0000000E+0	0.0000000E+0	1.0000000E+2	0.0000000E+0
2.9475000E+1	6.0880583E+1	5.9764686E+1	0.0000000E+0	0.0000000E+0	1.0000000E+2	0.0000000E+0
2.9525000E+1	6.0891910E+1	5.9774983E+1	0.0000000E+0	0.0000000E+0	1.0000000E+2	0.0000000E+0
2.9577000E+1	6.0886016E+1	5.9767192E+1	0.0000000E+0	0.0000000E+0	1.0000000E+2	0.0000000E+0
2.9627000E+1	6.0889080E+1	5.9770219E+1	0.0000000E+0	0.0000000E+0	1.0000000E+2	0.0000000E+0
2.9678000E+1	6.0901132E+1	5.9776653E+1	0.0000000E+0	0.0000000E+0	1.0000000E+2	0.0000000E+0
2.9729000E+1	6.0899462E+1	5.9778785E+1	0.0000000E+0	0.0000000E+0	1.0000000E+2	0.0000000E+0
2.9780000E+1	6.0919481E+1	5.9776040E+1	0.0000000E+0	0.0000000E+0	1.0000000E+2	0.0000000E+0
2.9831000E+1	6.0928481E+1	5.9784052E+1	0.0000000E+0	0.0000000E+0	1.0000000E+2	0.0000000E+0
2.9881000E+1	6.0938252E+1	5.9790359E+1	0.0000000E+0	0.0000000E+0	1.0000000E+2	0.0000000E+0
2.9931000E+1	6.0967488E+1	5.9797792E+1	0.0000000E+0	0.0000000E+0	1.0000000E+2	0.0000000E+0
2.9981000E+1	6.0976057E+1	5.9783070E+1	0.0000000E+0	0.0000000E+0	1.0000000E+2	0.0000000E+0
3.0031000E+1	6.0993578E+1	5.9790338E+1	0.0000000E+0	0.0000000E+0	1.0000000E+2	0.0000000E+0
3.0081000E+1	6.1004231E+1	5.9808336E+1	0.0000000E+0	0.0000000E+0	1.0000000E+2	0.0000000E+0
3.0131000E+1	6.1001620E+1	5.9803701E+1	0.0000000E+0	0.0000000E+0	1.0000000E+2	0.0000000E+0
3.0182000E+1	6.0984623E+1	5.9797291E+1	0.0000000E+0	0.0000000E+0	1.0000000E+2	0.0000000E+0
3.0232000E+1	6.1000308E+1	5.9808739E+1	0.0000000E+0	0.0000000E+0	1.0000000E+2	0.0000000E+0
3.0282000E+1	6.1002065E+1	5.9812307E+1	0.0000000E+0	0.0000000E+0	1.0000000E+2	0.0000000E+0
3.0332000E+1	6.0991006E+1	5.9804982E+1	0.0000000E+0	0.0000000E+0	1.0000000E+2	0.0000000E+0
3.0383000E+1	6.1007883E+1	5.9812534E+1	0.0000000E+0	0.0000000E+0	1.0000000E+2	0.0000000E+0
3.0433000E+1	6.1001702E+1	5.9803951E+1	0.0000000E+0	0.0000000E+0	1.0000000E+2	0.0000000E+0
3.0483000E+1	6.0998472E+1	5.9807374E+1	0.0000000E+0	0.0000000E+0	1.0000000E+2	0.0000000E+0
3.0533000E+1	6.1015668E+1	5.9814853E+1	0.0000000E+0	0.0000000E+0	1.0000000E+2	0.0000000E+0
3.0583000E+1	6.1002521E+1	5.9806672E+1	0.0000000E+0	0.0000000E+0	1.0000000E+2	0.0000000E+0
3.0634000E+1	6.1006649E+1	5.9805398E+1	0.0000000E+0	0.0000000E+0	1.0000000E+2	0.0000000E+0
3.0684000E+1	6.1023982E+1	5.9818026E+1	0.0000000E+0	0.0000000E+0	1.0000000E+2	0.0000000E+0
3.0734000E+1	6.1043679E+1	5.9829266E+1	0.0000000E+0	0.0000000E+0	1.0000000E+2	0.0000000E+0
3.0785000E+1	6.1039147E+1	5.9831083E+1	0.0000000E+0	0.0000000E+0	1.0000000E+2	0.0000000E+0
3.0835000E+1	6.1035249E+1	5.9822768E+1	0.0000000E+0	0.0000000E+0	1.0000000E+2	0.0000000E+0
3.0885000E+1	6.1028951E+1	5.9830384E+1	0.0000000E+0	0.0000000E+0	1.0000000E+2	0.0000000E+0
3.0935000E+1	6.1021575E+1	5.9827383E+1	0.0000000E+0	0.0000000E+0	1.0000000E+2	0.0000000E+0
3.0985000E+1	6.1015224E+1	5.9837240E+1	0.0000000E+0	0.0000000E+0	1.0000000E+2	0.0000000E+0
3.1035000E+1	6.1007847E+1	5.9846014E+1	0.0000000E+0	0.0000000E+0	1.0000000E+2	0.0000000E+0
3.1085000E+1	6.1010123E+1	5.9844410E+1	0.0000000E+0	0.0000000E+0	1.0000000E+2	0.0000000E+0
3.1135000E+1	6.0993514E+1	5.9836230E+1	0.0000000E+0	0.0000000E+0	1.0000000E+2	0.0000000E+0
3.1186000E+1	6.0987554E+1	5.9826873E+1	0.0000000E+0	0.0000000E+0	1.0000000E+2	0.0000000E+0
3.1236000E+1	6.0991897E+1	5.9835564E+1	0.0000000E+0	0.0000000E+0	1.0000000E+2	0.0000000E+0
3.1286000E+1	6.1005725E+1	5.9834095E+1	0.0000000E+0	0.0000000E+0	1.0000000E+2	0.0000000E+0
3.1336000E+1	6.0995906E+1	5.9832684E+1	0.0000000E+0	0.0000000E+0	1.0000000E+2	0.0000000E+0
3.1386000E+1	6.0993627E+1	5.9828952E+1	0.0000000E+0	0.0000000E+0	1.0000000E+2	0.0000000E+0
3.1437000E+1	6.1003217E+1	5.9832478E+1	0.0000000E+0	0.0000000E+0	1.0000000E+2	0.0000000E+0
3.1487000E+1	6.0999821E+1	5.9827188E+1	0.0000000E+0	0.0000000E+0	1.0000000E+2	0.0000000E+0
3.1537000E+1	6.1010692E+1	5.9828147E+1	0.0000000E+0	0.0000000E+0	1.0000000E+2	0.0000000E+0
3.1587000E+1	6.1031170E+1	5.9834096E+1	0.0000000E+0	0.0000000E+0	1.0000000E+2	0.0000000E+0
3.1637000E+1	6.1055836E+1	5.9826806E+1	0.0000000E+0	0.0000000E+0	1.0000000E+2	0.0000000E+0
3.1687000E+1	6.1090610E+1	5.9838024E+1	0.0000000E+0	0.0000000E+0	1.0000000E+2	0.0000000E+0
3.1737000E+1	6.1098471E+1	5.9835000E+1	0.0000000E+0	0.0000000E+0	1.0000000E+2	0.0000000E+0
3.1787000E+1	6.1109220E+1	5.9842285E+1	0.0000000E+0	0.0000000E+0	1.0000000E+2	0.0000000E+0
3.1837000E+1	6.1080099E+1	5.9834656E+1	0.0000000E+0	0.0000000E+0	1.0000000E+2	0.0000000E+0
3.1887000E+1	6.1072022E+1	5.9832296E+1	0.0000000E+0	0.0000000E+0	1.0000000E+2	0.0000000E+0
3.1937000E+1	6.1045631E+1	5.9816688E+1	0.0000000E+0	0.0000000E+0	1.0000000E+2	0.0000000E+0
3.1987000E+1	6.1053060E+1	5.9813683E+1	0.0000000E+0	0.0000000E+0	1.0000000E+2	0.0000000E+0
3.2037000E+1	6.1060711E+1	5.9807058E+1	0.0000000E+0	0.0000000E+0	1.0000000E+2	0.0000000E+0
3.2087000E+1	6.1069161E+1	5.9824371E+1	0.0000000E+0	0.0000000E+0	1.0000000E+2	0.0000000E+0
3.2137000E+1	6.1091195E+1	5.9825663E+1	0.0000000E+0	0.0000000E+0	1.0000000E+2	0.0000000E+0
3.2187000E+1	6.1101661E+1	5.9811812E+1	0.0000000E+0	0.0000000E+0	1.0000000E+2	0.0000000E+0
3.2237000E+1	6.1105412E+1	5.9819755E+1	0.0000000E+0	0.0000000E+0	1.0000000E+2	0.0000000E+0
3.2288000E+1	6.1139164E+1	5.9839741E+1	0.0000000E+0	0.0000000E+0	1.0000000E+2	0.0000000E+0
3.2338000E+1	6.1133525E+1	5.9838264E+1	0.0000000E+0	0.0000000E+0	1.0000000E+2	0.0000000E+0
3.2388000E+1	6.1147430E+1	5.9845152E+1	0.0000000E+0	0.0000000E+0	1.0000000E+2	0.0000000E+0
3.2440000E+1	6.1150775E+1	5.9839210E+1	0.0000000E+0	0.0000000E+0	1.0000000E+2	0.0000000E+0
3.2490000E+1	6.1161859E+1	5.9839706E+1	0.0000000E+0	0.0000000E+0	1.0000000E+2	0.0000000E+0
3.2541000E+1	6.1172944E+1	5.9845793E+1	0.0000000E+0	0.0000000E+0	1.0000000E+2	0.0000000E+0
3.2591000E+1	6.1170237E+1	5.9839773E+1	0.0000000E+0	0.0000000E+0	1.0000000E+2	0.0000000E+0
3.2641000E+1	6.1174405E+1	5.9851049E+1	0.0000000E+0	0.0000000E+0	1.0000000E+2	0.0000000E+0
3.2691000E+1	6.1174688E+1	5.9853576E+1	0.0000000E+0	0.0000000E+0	1.0000000E+2	0.0000000E+0
3.2741000E+1	6.1164675E+1	5.9854224E+1	0.0000000E+0	0.0000000E+0	1.0000000E+2	0.0000000E+0
3.2791000E+1	6.1164542E+1	5.9839667E+1	0.0000000E+0	0.0000000E+0	1.0000000E+2	0.0000000E+0
3.2842000E+1	6.1170019E+1	5.9845662E+1	0.0000000E+0	0.0000000E+0	1.0000000E+2	0.0000000E+0
3.2892000E+1	6.1177433E+1	5.9848037E+1	0.0000000E+0	0.0000000E+0	1.0000000E+2	0.0000000E+0
3.2942000E+1	6.1199841E+1	5.9864408E+1	0.0000000E+0	0.0000000E+0	1.0000000E+2	0.0000000E+0
3.2992000E+1	6.1196918E+1	5.9862757E+1	0.0000000E+0	0.0000000E+0	1.0000000E+2	0.0000000E+0
3.3042000E+1	6.1188428E+1	5.9859711E+1	0.0000000E+0	0.0000000E+0	1.0000000E+2	0.0000000E+0
3.3092000E+1	6.1194627E+1	5.9873432E+1	0.0000000E+0	0.0000000E+0	1.0000000E+2	0.0000000E+0
3.3142000E+1	6.1188187E+1	5.9868496E+1	0.0000000E+0	0.0000000E+0	1.0000000E+2	0.0000000E+0
3.3192000E+1	6.1184939E+1	5.9871171E+1	0.0000000E+0	0.0000000E+0	1.0000000E+2	0.0000000E+0
3.3242000E+1	6.1188108E+1	5.9879422E+1	0.0000000E+0	0.0000000E+0	1.0000000E+2	0.0000000E+0
3.3292000E+1	6.1187399E+1	5.9863577E+1	0.0000000E+0	0.0000000E+0	1.0000000E+2	0.0000000E+0
3.3342000E+1	6.1189321E+1	5.9864829E+1	0.0000000E+0	0.0000000E+0	1.0000000E+2	0.0000000E+0
3.3393000E+1	6.1190162E+1	5.9880480E+1	0.0000000E+0	0.0000000E+0	1.0000000E+2	0.0000000E+0
3.3444000E+1	6.1204617E+1	5.9883668E+1	0.0000000E+0	0.0000000E+0	1.0000000E+2	0.0000000E+0
3.3494000E+1	6.1200546E+1	5.9872655E+1	0.0000000E+0	0.0000000E+0	1.0000000E+2	0.0000000E+0
3.3545000E+1	6.1224444E+1	5.9889838E+1	0.0000000E+0	0.0000000E+0	1.0000000E+2	0.0000000E+0
3.3595000E+1	6.1240658E+1	5.9885123E+1	0.0000000E+0	0.0000000E+0	1.0000000E+2	0.0000000E+0
3.3645000E+1	6.1261784E+1	5.9881792E+1	0.0000000E+0	0.0000000E+0	1.0000000E+2	0.0000000E+0
3.3695000E+1	6.1273172E+1	5.9897342E+1	0.0000000E+0	0.0000000E+0	1.0000000E+2	0.0000000E+0
3.3745000E+1	6.1287592E+1	5.9896917E+1	0.0000000E+0	0.0000000E+0	1.0000000E+2	0.0000000E+0
3.3795000E+1	6.1291299E+1	5.9899374E+1	0.0000000E+0	0.0000000E+0	1.0000000E+2	0.0000000E+0
3.3846000E+1	6.1285097E+1	5.9886175E+1	0.0000000E+0	0.0000000E+0	1.0000000E+2	0.0000000E+0
3.3897000E+1	6.1295626E+1	5.9896000E+1	0.0000000E+0	0.0000000E+0	1.0000000E+2	0.0000000E+0
3.3947000E+1	6.1297212E+1	5.9886375E+1	0.0000000E+0	0.0000000E+0	1.0000000E+2	0.0000000E+0
3.3998000E+1	6.1306841E+1	5.9894940E+1	0.0000000E+0	0.0000000E+0	1.0000000E+2	0.0000000E+0
3.4048000E+1	6.1304450E+1	5.9901286E+1	0.0000000E+0	0.0000000E+0	1.0000000E+2	0.0000000E+0
3.4099000E+1	6.1291800E+1	5.9895295E+1	0.0000000E+0	0.0000000E+0	1.0000000E+2	0.0000000E+0
3.4149000E+1	6.1308092E+1	5.9893829E+1	0.0000000E+0	0.0000000E+0	1.0000000E+2	0.0000000E+0
3.4200000E+1	6.1321971E+1	5.9904413E+1	0.0000000E+0	0.0000000E+0	1.0000000E+2	0.0000000E+0
3.4250000E+1	6.1324108E+1	5.9900694E+1	0.0000000E+0	0.0000000E+0	1.0000000E+2	0.0000000E+0
3.4301000E+1	6.1312242E+1	5.9897775E+1	0.0000000E+0	0.0000000E+0	1.0000000E+2	0.0000000E+0
3.4352000E+1	6.1298977E+1	5.9887907E+1	0.0000000E+0	0.0000000E+0	1.0000000E+2	0.0000000E+0
3.4402000E+1	6.1311736E+1	5.9902293E+1	0.0000000E+0	0.0000000E+0	1.0000000E+2	0.0000000E+0
3.4452000E+1	6.1319092E+1	5.9901638E+1	0.0000000E+0	0.0000000E+0	1.0000000E+2	0.0000000E+0
3.4502000E+1	6.1323735E+1	5.9905612E+1	0.0000000E+0	0.0000000E+0	1.0000000E+2	0.0000000E+0
3.4552000E+1	6.1346702E+1	5.9918718E+1	0.0000000E+0	0.0000000E+0	1.0000000E+2	0.0000000E+0
3.4603000E+1	6.1356648E+1	5.9921690E+1	0.0000000E+0	0.0000000E+0	1.0000000E+2	0.0000000E+0
3.4653000E+1	6.1376088E+1	5.9925667E+1	0.0000000E+0	0.0000000E+0	1.0000000E+2	0.0000000E+0
3.4703000E+1	6.1384216E+1	5.9925653E+1	0.0000000E+0	0.0000000E+0	1.0000000E+2	0.0000000E+0
3.4754000E+1	6.1383268E+1	5.9934500E+1	0.0000000E+0	0.0000000E+0	1.0000000E+2	0.0000000E+0
3.4804000E+1	6.1358059E+1	5.9925163E+1	0.0000000E+0	0.0000000E+0	1.0000000E+2	0.0000000E+0
3.4854000E+1	6.1371889E+1	5.9928810E+1	0.0000000E+0	0.0000000E+0	1.0000000E+2	0.0000000E+0
3.4904000E+1	6.1364662E+1	5.9928979E+1	0.0000000E+0	0.0000000E+0	1.0000000E+2	0.0000000E+0
3.4955000E+1	6.1354926E+1	5.9913693E+1	0.0000000E+0	0.0000000E+0	1.0000000E+2	0.0000000E+0
3.5005000E+1	6.1379085E+1	5.9924732E+1	0.0000000E+0	0.0000000E+0	1.0000000E+2	0.0000000E+0
3.5055000E+1	6.1393519E+1	5.9943217E+1	0.0000000E+0	0.0000000E+0	1.0000000E+2	0.0000000E+0
3.5105000E+1	6.1402694E+1	5.9948734E+1	0.0000000E+0	0.0000000E+0	1.0000000E+2	0.0000000E+0
3.5155000E+1	6.1399051E+1	5.9949374E+1	0.0000000E+0	0.0000000E+0	1.0000000E+2	0.0000000E+0
3.5206000E+1	6.1413868E+1	5.9957251E+1	0.0000000E+0	0.0000000E+0	1.0000000E+2	0.0000000E+0
3.5256000E+1	6.1406540E+1	5.9940796E+1	0.0000000E+0	0.0000000E+0	1.0000000E+2	0.0000000E+0
3.5307000E+1	6.1407379E+1	5.9952758E+1	0.0000000E+0	0.0000000E+0	1.0000000E+2	0.0000000E+0
3.5357000E+1	6.1415633E+1	5.9957383E+1	0.0000000E+0	0.0000000E+0	1.0000000E+2	0.0000000E+0
3.5407000E+1	6.1429089E+1	5.9952226E+1	0.0000000E+0	0.0000000E+0	1.0000000E+2	0.0000000E+0
3.5458000E+1	6.1423536E+1	5.9950351E+1	0.0000000E+0	0.0000000E+0	1.0000000E+2	0.0000000E+0
3.5509000E+1	6.1433115E+1	5.9957390E+1	0.0000000E+0	0.0000000E+0	1.0000000E+2	0.0000000E+0
3.5559000E+1	6.1441976E+1	5.9952441E+1	0.0000000E+0	0.0000000E+0	1.0000000E+2	0.0000000E+0
3.5609000E+1	6.1444070E+1	5.9965685E+1	0.0000000E+0	0.0000000E+0	1.0000000E+2	0.0000000E+0
3.5659000E+1	6.1429214E+1	5.9953567E+1	0.0000000E+0	0.0000000E+0	1.0000000E+2	0.0000000E+0
3.5709000E+1	6.1427555E+1	5.9954296E+1	0.0000000E+0	0.0000000E+0	1.0000000E+2	0.0000000E+0
3.5759000E+1	6.1435478E+1	5.9958516E+1	0.0000000E+0	0.0000000E+0	1.0000000E+2	0.0000000E+0
3.5809000E+1	6.1452200E+1	5.9976863E+1	0.0000000E+0	0.0000000E+0	1.0000000E+2	0.0000000E+0
3.5859000E+1	6.1453543E+1	5.9965811E+1	0.0000000E+0	0.0000000E+0	1.0000000E+2	0.0000000E+0
3.5909000E+1	6.1460283E+1	5.9965081E+1	0.0000000E+0	0.0000000E+0	1.0000000E+2	0.0000000E+0
3.5959000E+1	6.1465233E+1	5.9962416E+1	0.0000000E+0	0.0000000E+0	1.0000000E+2	0.0000000E+0
3.6010000E+1	6.1448575E+1	5.9963389E+1	0.0000000E+0	0.0000000E+0	1.0000000E+2	0.0000000E+0
3.6060000E+1	6.1445516E+1	5.9973355E+1	0.0000000E+0	0.0000000E+0	1.0000000E+2	0.0000000E+0
3.6110000E+1	6.1445250E+1	5.9976182E+1	0.0000000E+0	0.0000000E+0	1.0000000E+2	0.0000000E+0
3.6160000E+1	6.1431224E+1	5.9972535E+1	0.0000000E+0	0.0000000E+0	1.0000000E+2	0.0000000E+0
3.6211000E+1	6.1415344E+1	5.9959557E+1	0.0000000E+0	0.0000000E+0	1.0000000E+2	0.0000000E+0
3.6261000E+1	6.1416966E+1	5.9960955E+1	0.0000000E+0	0.0000000E+0	1.0000000E+2	0.0000000E+0
3.6311000E+1	6.1412851E+1	5.9953578E+1	0.0000000E+0	0.0000000E+0	1.0000000E+2	0.0000000E+0
3.6361000E+1	6.1399215E+1	5.9942504E+1	0.0000000E+0	0.0000000E+0	1.0000000E+2	0.0000000E+0
3.6411000E+1	6.1395081E+1	5.9950858E+1	0.0000000E+0	0.0000000E+0	1.0000000E+2	0.0000000E+0
3.6461000E+1	6.1397734E+1	5.9947676E+1	0.0000000E+0	0.0000000E+0	1.0000000E+2	0.0000000E+0
3.6511000E+1	6.1413097E+1	5.9956174E+1	0.0000000E+0	0.0000000E+0	1.0000000E+2	0.0000000E+0
3.6561000E+1	6.1415855E+1	5.9951323E+1	0.0000000E+0	0.0000000E+0	1.0000000E+2	0.0000000E+0
3.6611000E+1	6.1416020E+1	5.9954522E+1	0.0000000E+0	0.0000000E+0	1.0000000E+2	0.0000000E+0
3.6661000E+1	6.1422424E+1	5.9955672E+1	0.0000000E+0	0.0000000E+0	1.0000000E+2	0.0000000E+0
3.6711000E+1	6.1418979E+1	5.9952353E+1	0.0000000E+0	0.0000000E+0	1.0000000E+2	0.0000000E+0
3.6761000E+1	6.1439933E+1	5.9959302E+1	0.0000000E+0	0.0000000E+0	1.0000000E+2	0.0000000E+0
3.6811000E+1	6.1451326E+1	5.9964859E+1	0.0000000E+0	0.0000000E+0	1.0000000E+2	0.0000000E+0
3.6861000E+1	6.1435948E+1	5.9962202E+1	0.0000000E+0	0.0000000E+0	1.0000000E+2	0.0000000E+0
3.6911000E+1	6.1440346E+1	5.9966595E+1	0.0000000E+0	0.0000000E+0	1.0000000E+2	0.0000000E+0
3.6962000E+1	6.1448610E+1	5.9972825E+1	0.0000000E+0	0.0000000E+0	1.0000000E+2	0.0000000E+0
3.7013000E+1	6.1452784E+1	5.9970495E+1	0.0000000E+0	0.0000000E+0	1.0000000E+2	0.0000000E+0
3.7064000E+1	6.1468338E+1	5.9961575E+1	0.0000000E+0	0.0000000E+0	1.0000000E+2	0.0000000E+0
3.7114000E+1	6.1488546E+1	5.9969538E+1	0.0000000E+0	0.0000000E+0	1.0000000E+2	0.0000000E+0
3.7164000E+1	6.1480503E+1	5.9969714E+1	0.0000000E+0	0.0000000E+0	1.0000000E+2	0.0000000E+0
3.7215000E+1	6.1489778E+1	5.9965515E+1	0.0000000E+0	0.0000000E+0	1.0000000E+2	0.0000000E+0
3.7265000E+1	6.1502775E+1	5.9984266E+1	0.0000000E+0	0.0000000E+0	1.0000000E+2	0.0000000E+0
3.7315000E+1	6.1490624E+1	5.9977458E+1	0.0000000E+0	0.0000000E+0	1.0000000E+2	0.0000000E+0
3.7365000E+1	6.1508645E+1	5.9981944E+1	0.0000000E+0	0.0000000E+0	1.0000000E+2	0.0000000E+0
3.7415000E+1	6.1515424E+1	5.9982632E+1	0.0000000E+0	0.0000000E+0	1.0000000E+2	0.0000000E+0
3.7465000E+1	6.1523758E+1	5.9988878E+1	0.0000000E+0	0.0000000E+0	1.0000000E+2	0.0000000E+0
3.7515000E+1	6.1527161E+1	5.9983145E+1	0.0000000E+0	0.0000000E+0	1.0000000E+2	0.0000000E+0
3.7566000E+1	6.1527572E+1	5.9980312E+1	0.0000000E+0	0.0000000E+0	1.0000000E+2	0.0000000E+0
3.7616000E+1	6.1530909E+1	5.9963728E+1	0.0000000E+0	0.0000000E+0	1.0000000E+2	0.0000000E+0
3.7666000E+1	6.1545579E+1	5.9975053E+1	0.0000000E+0	0.0000000E+0	1.0000000E+2	0.0000000E+0
3.7716000E+1	6.1527802E+1	5.9962925E+1	0.0000000E+0	0.0000000E+0	1.0000000E+2	0.0000000E+0
3.7766000E+1	6.1539589E+1	5.9982804E+1	0.0000000E+0	0.0000000E+0	1.0000000E+2	0.0000000E+0
3.7817000E+1	6.1530318E+1	5.9987490E+1	0.0000000E+0	0.0000000E+0	1.0000000E+2	0.0000000E+0
3.7867000E+1	6.1545080E+1	5.9990731E+1	0.0000000E+0	0.0000000E+0	1.0000000E+2	0.0000000E+0
3.7918000E+1	6.1565254E+1	5.9985588E+1	0.0000000E+0	0.0000000E+0	1.0000000E+2	0.0000000E+0
3.7969000E+1	6.1563663E+1	5.9981917E+1	0.0000000E+0	0.0000000E+0	1.0000000E+2	0.0000000E+0
3.8020000E+1	6.1580076E+1	5.9993411E+1	0.0000000E+0	0.0000000E+0	1.0000000E+2	0.0000000E+0
3.8070000E+1	6.1589032E+1	5.9996455E+1	0.0000000E+0	0.0000000E+0	1.0000000E+2	0.0000000E+0
3.8120000E+1	6.1598951E+1	5.9999786E+1	0.0000000E+0	0.0000000E+0	1.0000000E+2	0.0000000E+0
3.8170000E+1	6.1597355E+1	6.0009443E+1	0.0000000E+0	0.0000000E+0	1.0000000E+2	0.0000000E+0
3.8220000E+1	6.1589352E+1	6.0003496E+1	0.0000000E+0	0.0000000E+0	1.0000000E+2	0.0000000E+0
3.8271000E+1	6.1594289E+1	6.0010276E+1	0.0000000E+0	0.0000000E+0	1.0000000E+2	0.0000000E+0
3.8322000E+1	6.1599558E+1	6.0020846E+1	0.0000000E+0	0.0000000E+0	1.0000000E+2	0.0000000E+0
3.8372000E+1	6.1588052E+1	6.0019298E+1	0.0000000E+0	0.0000000E+0	1.0000000E+2	0.0000000E+0
3.8422000E+1	6.1593795E+1	6.0033672E+1	0.0000000E+0	0.0000000E+0	1.0000000E+2	0.0000000E+0
3.8473000E+1	6.1586128E+1	6.0015342E+1	0.0000000E+0	0.0000000E+0	1.0000000E+2	0.0000000E+0
3.8523000E+1	6.1594431E+1	6.0017810E+1	0.0000000E+0	0.0000000E+0	1.0000000E+2	0.0000000E+0
3.8573000E+1	6.1615422E+1	6.0018409E+1	0.0000000E+0	0.0000000E+0	1.0000000E+2	0.0000000E+0
3.8624000E+1	6.1609257E+1	6.0005821E+1	0.0000000E+0	0.0000000E+0	1.0000000E+2	0.0000000E+0
3.8674000E+1	6.1626957E+1	6.0012790E+1	0.0000000E+0	0.0000000E+0	1.0000000E+2	0.0000000E+0
3.8725000E+1	6.1635577E+1	6.0020951E+1	0.0000000E+0	0.0000000E+0	1.0000000E+2	0.0000000E+0
3.8775000E+1	6.1639811E+1	6.0019685E+1	0.0000000E+0	0.0000000E+0	1.0000000E+2	0.0000000E+0
3.8827000E+1	6.1626195E+1	6.0010236E+1	0.0000000E+0	0.0000000E+0	1.0000000E+2	0.0000000E+0
3.8877000E+1	6.1628207E+1	6.0010152E+1	0.0000000E+0	0.0000000E+0	1.0000000E+2	0.0000000E+0
3.8927000E+1	6.1636906E+1	6.0014610E+1	0.0000000E+0	0.0000000E+0	1.0000000E+2	0.0000000E+0
3.8977000E+1	6.1648304E+1	6.0014799E+1	0.0000000E+0	0.0000000E+0	1.0000000E+2	0.0000000E+0
3.9027000E+1	6.1664216E+1	6.0021846E+1	0.0000000E+0	0.0000000E+0	1.0000000E+2	0.0000000E+0
3.9077000E+1	6.1672169E+1	6.0014428E+1	0.0000000E+0	0.0000000E+0	1.0000000E+2	0.0000000E+0
3.9127000E+1	6.1680369E+1	6.0021389E+1	0.0000000E+0	0.0000000E+0	1.0000000E+2	0.0000000E+0
3.9177000E+1	6.1682401E+1	6.0023002E+1	0.0000000E+0	0.0000000E+0	1.0000000E+2	0.0000000E+0
3.9228000E+1	6.1683504E+1	6.0022442E+1	0.0000000E+0	0.0000000E+0	1.0000000E+2	0.0000000E+0
3.9278000E+1	6.1680968E+1	6.0025878E+1	0.0000000E+0	0.0000000E+0	1.0000000E+2	0.0000000E+0
3.9328000E+1	6.1682076E+1	6.0028953E+1	0.0000000E+0	0.0000000E+0	1.0000000E+2	0.0000000E+0
3.9378000E+1	6.1679495E+1	6.0031523E+1	0.0000000E+0	0.0000000E+0	1.0000000E+2	0.0000000E+0
3.9428000E+1	6.1691654E+1	6.0031700E+1	0.0000000E+0	0.0000000E+0	1.0000000E+2	0.0000000E+0
3.9478000E+1	6.1698497E+1	6.0031403E+1	0.0000000E+0	0.0000000E+0	1.0000000E+2	0.0000000E+0
3.9529000E+1	6.1705063E+1	6.0029651E+1	0.0000000E+0	0.0000000E+0	1.0000000E+2	0.0000000E+0
3.9579000E+1	6.1701387E+1	6.0026279E+1	0.0000000E+0	0.0000000E+0	1.0000000E+2	0.0000000E+0
3.9629000E+1	6.1708521E+1	6.0035715E+1	0.0000000E+0	0.0000000E+0	1.0000000E+2	0.0000000E+0
3.9679000E+1	6.1698961E+1	6.0032914E+1	0.0000000E+0	0.0000000E+0	1.0000000E+2	0.0000000E+0
3.9729000E+1	6.1695753E+1	6.0038229E+1	0.0000000E+0	0.0000000E+0	1.0000000E+2	0.0000000E+0
3.9779000E+1	6.1668262E+1	6.0030463E+1	0.0000000E+0	0.0000000E+0	1.0000000E+2	0.0000000E+0
3.9829000E+1	6.1673166E+1	6.0027090E+1	0.0000000E+0	0.0000000E+0	1.0000000E+2	0.0000000E+0
3.9879000E+1	6.1657691E+1	6.0035584E+1	0.0000000E+0	0.0000000E+0	1.0000000E+2	0.0000000E+0
3.9929000E+1	6.1632705E+1	6.0023153E+1	0.0000000E+0	0.0000000E+0	1.0000000E+2	0.0000000E+0
3.9979000E+1	6.1632330E+1	6.0025119E+1	0.0000000E+0	0.0000000E+0	1.0000000E+2	0.0000000E+0
4.0029000E+1	6.1623491E+1	6.0012285E+1	0.0000000E+0	0.0000000E+0	1.0000000E+2	0.0000000E+0
4.0079000E+1	6.1620047E+1	6.0009473E+1	0.0000000E+0	0.0000000E+0	1.0000000E+2	0.0000000E+0
4.0129000E+1	6.1630243E+1	6.0019611E+1	0.0000000E+0	0.0000000E+0	1.0000000E+2	0.0000000E+0
4.0179000E+1	6.1623782E+1	6.0016028E+1	0.0000000E+0	0.0000000E+0	1.0000000E+2	0.0000000E+0
4.0229000E+1	6.1626914E+1	6.0027747E+1	0.0000000E+0	0.0000000E+0	1.0000000E+2	0.0000000E+0
4.0279000E+1	6.1625033E+1	6.0019423E+1	0.0000000E+0	0.0000000E+0	1.0000000E+2	0.0000000E+0
4.0329000E+1	6.1640663E+1	6.0028592E+1	0.0000000E+0	0.0000000E+0	1.0000000E+2	0.0000000E+0
4.0379000E+1	6.1635266E+1	6.0033801E+1	0.0000000E+0	0.0000000E+0	1.0000000E+2	0.0000000E+0
4.0429000E+1	6.1630666E+1	6.0032699E+1	0.0000000E+0	0.0000000E+0	1.0000000E+2	0.0000000E+0
4.0479000E+1	6.1616792E+1	6.0033177E+1	0.0000000E+0	0.0000000E+0	1.0000000E+2	0.0000000E+0
4.0529000E+1	6.1620054E+1	6.0049143E+1	0.0000000E+0	0.0000000E+0	1.0000000E+2	0.0000000E+0
4.0580000E+1	6.1619991E+1	6.0056251E+1	0.0000000E+0	0.0000000E+0	1.0000000E+2	0.0000000E+0
4.0630000E+1	6.1600771E+1	6.0069473E+1	0.0000000E+0	0.0000000E+0	1.0000000E+2	0.0000000E+0
4.0680000E+1	6.1586327E+1	6.0061683E+1	0.0000000E+0	0.0000000E+0	1.0000000E+2	0.0000000E+0
4.0730000E+1	6.1580647E+1	6.0061041E+1	0.0000000E+0	0.0000000E+0	1.0000000E+2	0.0000000E+0
4.0780000E+1	6.1585092E+1	6.0058131E+1	0.0000000E+0	0.0000000E+0	1.0000000E+2	0.0000000E+0
4.0830000E+1	6.1580720E+1	6.0069920E+1	0.0000000E+0	0.0000000E+0	1.0000000E+2	0.0000000E+0
4.0880000E+1	6.1573338E+1	6.0050274E+1	0.0000000E+0	0.0000000E+0	1.0000000E+2	0.0000000E+0
4.0930000E+1	6.1581457E+1	6.0058945E+1	0.0000000E+0	0.0000000E+0	1.0000000E+2	0.0000000E+0
4.0980000E+1	6.1590513E+1	6.0064664E+1	0.0000000E+0	0.0000000E+0	1.0000000E+2	0.0000000E+0
4.1030000E+1	6.1593144E+1	6.0074804E+1	0.0000000E+0	0.0000000E+0	1.0000000E+2	0.0000000E+0
4.1080000E+1	6.1582577E+1	6.0073509E+1	0.0000000E+0	0.0000000E+0	1.0000000E+2	0.0000000E+0
4.1130000E+1	6.1573888E+1	6.0072622E+1	0.0000000E+0	0.0000000E+0	1.0000000E+2	0.0000000E+0
4.1180000E+1	6.1573536E+1	6.0061361E+1	0.0000000E+0	0.0000000E+0	1.0000000E+2	0.0000000E+0
4.1230000E+1	6.1573843E+1	6.0077232E+1	0.0000000E+0	0.0000000E+0	1.0000000E+2	0.0000000E+0
4.1281000E+1	6.1577656E+1	6.0073996E+1	0.0000000E+0	0.0000000E+0	1.0000000E+2	0.0000000E+0
4.1331000E+1	6.1570707E+1	6.0070228E+1	0.0000000E+0	0.0000000E+0	1.0000000E+2	0.0000000E+0
4.1381000E+1	6.1583728E+1	6.0078904E+1	0.0000000E+0	0.0000000E+0	1.0000000E+2	0.0000000E+0
4.1431000E+1	6.1585081E+1	6.0087581E+1	0.0000000E+0	0.0000000E+0	1.0000000E+2	0.0000000E+0
4.1481000E+1	6.1570242E+1	6.0074255E+1	0.0000000E+0	0.0000000E+0	1.0000000E+2	0.0000000E+0
4.1531000E+1	6.1549229E+1	6.0064480E+1	0.0000000E+0	0.0000000E+0	1.0000000E+2	0.0000000E+0
4.1582000E+1	6.1552830E+1	6.0081497E+1	0.0000000E+0	0.0000000E+0	1.0000000E+2	0.0000000E+0
4.1632000E+1	6.1551491E+1	6.0084732E+1	0.0000000E+0	0.0000000E+0	1.0000000E+2	0.0000000E+0
4.1682000E+1	6.1537999E+1	6.0074405E+1	0.0000000E+0	0.0000000E+0	1.0000000E+2	0.0000000E+0
4.1732000E+1	6.1557191E+1	6.0083784E+1	0.0000000E+0	0.0000000E+0	1.0000000E+2	0.0000000E+0
4.1782000E+1	6.1563845E+1	6.0082651E+1	0.0000000E+0	0.0000000E+0	1.0000000E+2	0.0000000E+0
4.1832000E+1	6.1575866E+1	6.0076949E+1	0.0000000E+0	0.0000000E+0	1.0000000E+2	0.0000000E+0
4.1882000E+1	6.1592105E+1	6.0089956E+1	0.0000000E+0	0.0000000E+0	1.0000000E+2	0.0000000E+0
4.1932000E+1	6.1599335E+1	6.0083196E+1	0.0000000E+0	0.0000000E+0	1.0000000E+2	0.0000000E+0
4.1983000E+1	6.1603286E+1	6.0074630E+1	0.0000000E+0	0.0000000E+0	1.0000000E+2	0.0000000E+0
4.2033000E+1	6.1626975E+1	6.0086970E+1	0.0000000E+0	0.0000000E+0	1.0000000E+2	0.0000000E+0
4.2083000E+1	6.1622294E+1	6.0086589E+1	0.0000000E+0	0.0000000E+0	1.0000000E+2	0.0000000E+0
4.2133000E+1	6.1628447E+1	6.0075225E+1	0.0000000E+0	0.0000000E+0	1.0000000E+2	0.0000000E+0
4.2183000E+1	6.1609261E+1	6.0073541E+1	0.0000000E+0	0.0000000E+0	1.0000000E+2	0.0000000E+0
4.2233000E+1	6.1605152E+1	6.0074019E+1	0.0000000E+0	0.0000000E+0	1.0000000E+2	0.0000000E+0
4.2284000E+1	6.1618363E+1	6.0067965E+1	0.0000000E+0	0.0000000E+0	1.0000000E+2	0.0000000E+0
4.2334000E+1	6.1623465E+1	6.0084593E+1	0.0000000E+0	0.0000000E+0	1.0000000E+2	0.0000000E+0
4.2384000E+1	6.1636083E+1	6.0081423E+1	0.0000000E+0	0.0000000E+0	1.0000000E+2	0.0000000E+0
4.2434000E+1	6.1628477E+1	6.0069418E+1	0.0000000E+0	0.0000000E+0	1.0000000E+2	0.0000000E+0
4.2484000E+1	6.1622793E+1	6.0060732E+1	0.0000000E+0	0.0000000E+0	1.0000000E+2	0.0000000E+0
4.2534000E+1	6.1637680E+1	6.0077421E+1	0.0000000E+0	0.0000000E+0	1.0000000E+2	0.0000000E+0
4.2584000E+1	6.1640544E+1	6.0074937E+1	0.0000000E+0	0.0000000E+0	1.0000000E+2	0.0000000E+0
4.2634000E+1	6.1636788E+1	6.0061116E+1	0.0000000E+0	0.0000000E+0	1.0000000E+2	0.0000000E+0
4.2684000E+1	6.1651506E+1	6.0069254E+1	0.0000000E+0	0.0000000E+0	1.0000000E+2	0.0000000E+0
4.2734000E+1	6.1640086E+1	6.0075074E+1	0.0000000E+0	0.0000000E+0	1.0000000E+2	0.0000000E+0
4.2784000E+1	6.1635276E+1	6.0067270E+1	0.0000000E+0	0.0000000E+0	1.0000000E+2	0.0000000E+0
4.2835000E+1	6.1632102E+1	6.0067144E+1	0.0000000E+0	0.0000000E+0	1.0000000E+2	0.0000000E+0
4.2885000E+1	6.1635487E+1	6.0063949E+1	0.0000000E+0	0.0000000E+0	1.0000000E+2	0.0000000E+0
4.2936000E+1	6.1636034E+1	6.0060389E+1	0.0000000E+0	0.0000000E+0	1.0000000E+2	0.0000000E+0
4.2986000E+1	6.1665384E+1	6.0084882E+1	0.0000000E+0	0.0000000E+0	1.0000000E+2	0.0000000E+0
4.3037000E+1	6.1675502E+1	6.0088166E+1	0.0000000E+0	0.0000000E+0	1.0000000E+2	0.0000000E+0
4.3087000E+1	6.1685970E+1	6.0096846E+1	0.0000000E+0	0.0000000E+0	1.0000000E+2	0.0000000E+0
4.3137000E+1	6.1684283E+1	6.0096140E+1	0.0000000E+0	0.0000000E+0	1.0000000E+2	0.0000000E+0
4.3187000E+1	6.1674048E+1	6.0085416E+1	0.0000000E+0	0.0000000E+0	1.0000000E+2	0.0000000E+0
4.3237000E+1	6.1696844E+1	6.0099754E+1	0.0000000E+0	0.0000000E+0	1.0000000E+2	0.0000000E+0
4.3288000E+1	6.1681978E+1	6.0080590E+1	0.0000000E+0	0.0000000E+0	1.0000000E+2	0.0000000E+0
4.3338000E+1	6.1674671E+1	6.0082812E+1	0.0000000E+0	0.0000000E+0	1.0000000E+2	0.0000000E+0
4.3388000E+1	6.1683500E+1	6.0077597E+1	0.0000000E+0	0.0000000E+0	1.0000000E+2	0.0000000E+0
4.3439000E+1	6.1689361E+1	6.0086083E+1	0.0000000E+0	0.0000000E+0	1.0000000E+2	0.0000000E+0
4.3490000E+1	6.1675503E+1	6.0076355E+1	0.0000000E+0	0.0000000E+0	1.0000000E+2	0.0000000E+0
4.3540000E+1	6.1673321E+1	6.0072005E+1	0.0000000E+0	0.0000000E+0	1.0000000E+2	0.0000000E+0
4.3590000E+1	6.1678453E+1	6.0067533E+1	0.0000000E+0	0.0000000E+0	1.0000000E+2	0.0000000E+0
4.3640000E+1	6.1691520E+1	6.0078957E+1	0.0000000E+0	0.0000000E+0	1.0000000E+2	0.0000000E+0
4.3690000E+1	6.1683100E+1	6.0066549E+1	0.0000000E+0	0.0000000E+0	1.0000000E+2	0.0000000E+0
4.3740000E+1	6.1686404E+1	6.0060065E+1	0.0000000E+0	0.0000000E+0	1.0000000E+2	0.0000000E+0
4.3790000E+1	6.1673175E+1	6.0061396E+1	0.0000000E+0	0.0000000E+0	1.0000000E+2	0.0000000E+0
4.3840000E+1	6.1671228E+1	6.0065383E+1	0.0000000E+0	0.0000000E+0	1.0000000E+2	0.0000000E+0
4.3891000E+1	6.1655083E+1	6.0050477E+1	0.0000000E+0	0.0000000E+0	1.0000000E+2	0.0000000E+0
4.3941000E+1	6.1648216E+1	6.0058186E+1	0.0000000E+0	0.0000000E+0	1.0000000E+2	0.0000000E+0
4.3991000E+1	6.1652145E+1	6.0063796E+1	0.0000000E+0	0.0000000E+0	1.0000000E+2	0.0000000E+0
4.4041000E+1	6.1643945E+1	6.0057613E+1	0.0000000E+0	0.0000000E+0	1.0000000E+2	0.0000000E+0
4.4091000E+1	6.1637839E+1	6.0049828E+1	0.0000000E+0	0.0000000E+0	1.0000000E+2	0.0000000E+0
4.4141000E+1	6.1635990E+1	6.0044188E+1	0.0000000E+0	0.0000000E+0	1.0000000E+2	0.0000000E+0
4.4191000E+1	6.1631570E+1	6.0043411E+1	0.0000000E+0	0.0000000E+0	1.0000000E+2	0.0000000E+0
4.4242000E+1	6.1624906E+1	6.0038139E+1	0.0000000E+0	0.0000000E+0	1.0000000E+2	0.0000000E+0
4.4292000E+1	6.1640930E+1	6.0037071E+1	0.0000000E+0	0.0000000E+0	1.0000000E+2	0.0000000E+0
4.4342000E+1	6.1645041E+1	6.0032789E+1	0.0000000E+0	0.0000000E+0	1.0000000E+2	0.0000000E+0
4.4392000E+1	6.1629084E+1	6.0031459E+1	0.0000000E+0	0.0000000E+0	1.0000000E+2	0.0000000E+0
4.4442000E+1	6.1636998E+1	6.0028774E+1	0.0000000E+0	0.0000000E+0	1.0000000E+2	0.0000000E+0
4.4492000E+1	6.1638053E+1	6.0033614E+1	0.0000000E+0	0.0000000E+0	1.0000000E+2	0.0000000E+0
4.4542000E+1	6.1638542E+1	6.0041765E+1	0.0000000E+0	0.0000000E+0	1.0000000E+2	0.0000000E+0
4.4594000E+1	6.1637099E+1	6.0040592E+1	0.0000000E+0	0.0000000E+0	1.0000000E+2	0.0000000E+0
4.4644000E+1	6.1621271E+1	6.0033214E+1	0.0000000E+0	0.0000000E+0	1.0000000E+2	0.0000000E+0
4.4694000E+1	6.1603954E+1	6.0028755E+1	0.0000000E+0	0.0000000E+0	1.0000000E+2	0.0000000E+0
4.4744000E+1	6.1592065E+1	6.0024866E+1	0.0000000E+0	0.0000000E+0	1.0000000E+2	0.0000000E+0
4.4794000E+1	6.1595372E+1	6.0028401E+1	0.0000000E+0	0.0000000E+0	1.0000000E+2	0.0000000E+0
4.4844000E+1	6.1579969E+1	6.0018028E+1	0.0000000E+0	0.0000000E+0	1.0000000E+2	0.0000000E+0
4.4894000E+1	6.1576136E+1	6.0014190E+1	0.0000000E+0	0.0000000E+0	1.0000000E+2	0.0000000E+0
4.4945000E+1	6.1578205E+1	6.0020272E+1	0.0000000E+0	0.0000000E+0	1.0000000E+2	0.0000000E+0
4.4996000E+1	6.1586439E+1	6.0015408E+1	0.0000000E+0	0.0000000E+0	1.0000000E+2	0.0000000E+0
4.5047000E+1	6.1574031E+1	6.0007027E+1	0.0000000E+0	0.0000000E+0	1.0000000E+2	0.0000000E+0
4.5097000E+1	6.1580245E+1	6.0009522E+1	0.0000000E+0	0.0000000E+0	1.0000000E+2	0.0000000E+0
4.5147000E+1	6.1577030E+1	6.0006620E+1	0.0000000E+0	0.0000000E+0	1.0000000E+2	0.0000000E+0
4.5199000E+1	6.1572845E+1	6.0008100E+1	0.0000000E+0	0.0000000E+0	1.0000000E+2	0.0000000E+0
4.5249000E+1	6.1572942E+1	5.9999591E+1	0.0000000E+0	0.0000000E+0	1.0000000E+2	0.0000000E+0
4.5300000E+1	6.1581859E+1	5.9999841E+1	0.0000000E+0	0.0000000E+0	1.0000000E+2	0.0000000E+0
4.5350000E+1	6.1565812E+1	5.9995289E+1	0.0000000E+0	0.0000000E+0	1.0000000E+2	0.0000000E+0
4.5400000E+1	6.1559329E+1	5.9980942E+1	0.0000000E+0	0.0000000E+0	1.0000000E+2	0.0000000E+0
4.5450000E+1	6.1574879E+1	5.9985205E+1	0.0000000E+0	0.0000000E+0	1.0000000E+2	0.0000000E+0
4.5500000E+1	6.1590076E+1	5.9989679E+1	0.0000000E+0	0.0000000E+0	1.0000000E+2	0.0000000E+0
4.5551000E+1	6.1596548E+1	5.9987453E+1	0.0000000E+0	0.0000000E+0	1.0000000E+2	0.0000000E+0
4.5602000E+1	6.1606376E+1	5.9984141E+1	0.0000000E+0	0.0000000E+0	1.0000000E+2	0.0000000E+0
4.5652000E+1	6.1616648E+1	5.9985556E+1	0.0000000E+0	0.0000000E+0	1.0000000E+2	0.0000000E+0
4.5702000E+1	6.1610973E+1	5.9979309E+1	0.0000000E+0	0.0000000E+0	1.0000000E+2	0.0000000E+0
4.5752000E+1	6.1611284E+1	5.9982474E+1	0.0000000E+0	0.0000000E+0	1.0000000E+2	0.0000000E+0
4.5802000E+1	6.1613101E+1	5.9976641E+1	0.0000000E+0	0.0000000E+0	1.0000000E+2	0.0000000E+0
4.5853000E+1	6.1619018E+1	5.9973382E+1	0.0000000E+0	0.0000000E+0	1.0000000E+2	0.0000000E+0
4.5903000E+1	6.1621498E+1	5.9973209E+1	0.0000000E+0	0.0000000E+0	1.0000000E+2	0.0000000E+0
4.5953000E+1	6.1624036E+1	5.9980033E+1	0.0000000E+0	0.0000000E+0	1.0000000E+2	0.0000000E+0
4.6003000E+1	6.1618976E+1	5.9979649E+1	0.0000000E+0	0.0000000E+0	1.0000000E+2	0.0000000E+0
4.6053000E+1	6.1612658E+1	5.9974573E+1	0.0000000E+0	0.0000000E+0	1.0000000E+2	0.0000000E+0
4.6104000E+1	6.1606229E+1	5.9959080E+1	0.0000000E+0	0.0000000E+0	1.0000000E+2	0.0000000E+0
4.6154000E+1	6.1603039E+1	5.9965197E+1	0.0000000E+0	0.0000000E+0	1.0000000E+2	0.0000000E+0
4.6204000E+1	6.1615149E+1	5.9966428E+1	0.0000000E+0	0.0000000E+0	1.0000000E+2	0.0000000E+0
4.6254000E+1	6.1611836E+1	5.9976001E+1	0.0000000E+0	0.0000000E+0	1.0000000E+2	0.0000000E+0
4.6306000E+1	6.1588060E+1	5.9964653E+1	0.0000000E+0	0.0000000E+0	1.0000000E+2	0.0000000E+0
4.6356000E+1	6.1589600E+1	5.9959746E+1	0.0000000E+0	0.0000000E+0	1.0000000E+2	0.0000000E+0
4.6407000E+1	6.1596309E+1	5.9964678E+1	0.0000000E+0	0.0000000E+0	1.0000000E+2	0.0000000E+0
4.6458000E+1	6.1600819E+1	5.9975289E+1	0.0000000E+0	0.0000000E+0	1.0000000E+2	0.0000000E+0
4.6509000E+1	6.1587786E+1	5.9962714E+1	0.0000000E+0	0.0000000E+0	1.0000000E+2	0.0000000E+0
4.6560000E+1	6.1591117E+1	5.9970845E+1	0.0000000E+0	0.0000000E+0	1.0000000E+2	0.0000000E+0
4.6610000E+1	6.1603106E+1	5.9958030E+1	0.0000000E+0	0.0000000E+0	1.0000000E+2	0.0000000E+0
4.6660000E+1	6.1601247E+1	5.9952175E+1	0.0000000E+0	0.0000000E+0	1.0000000E+2	0.0000000E+0
4.6710000E+1	6.1580962E+1	5.9954111E+1	0.0000000E+0	0.0000000E+0	1.0000000E+2	0.0000000E+0
4.6760000E+1	6.1580412E+1	5.9951509E+1	0.0000000E+0	0.0000000E+0	1.0000000E+2	0.0000000E+0
4.6810000E+1	6.1589484E+1	5.9948524E+1	0.0000000E+0	0.0000000E+0	1.0000000E+2	0.0000000E+0
4.6860000E+1	6.1572544E+1	5.9943009E+1	0.0000000E+0	0.0000000E+0	1.0000000E+2	0.0000000E+0
4.6910000E+1	6.1564889E+1	5.9945978E+1	0.0000000E+0	0.0000000E+0	1.0000000E+2	0.0000000E+0
4.6961000E+1	6.1573715E+1	5.9950952E+1	0.0000000E+0	0.0000000E+0	1.0000000E+2	0.0000000E+0
4.7011000E+1	6.1565996E+1	5.9941205E+1	0.0000000E+0	0.0000000E+0	1.0000000E+2	0.0000000E+0
4.7062000E+1	6.1563276E+1	5.9937868E+1	0.0000000E+0	0.0000000E+0	1.0000000E+2	0.0000000E+0
4.7113000E+1	6.1552176E+1	5.9941682E+1	0.0000000E+0	0.0000000E+0	1.0000000E+2	0.0000000E+0
4.7163000E+1	6.1543497E+1	5.9943448E+1	0.0000000E+0	0.0000000E+0	1.0000000E+2	0.0000000E+0
4.7213000E+1	6.1519473E+1	5.9939023E+1	0.0000000E+0	0.0000000E+0	1.0000000E+2	0.0000000E+0
4.7263000E+1	6.1511335E+1	5.9935329E+1	0.0000000E+0	0.0000000E+0	1.0000000E+2	0.0000000E+0
4.7313000E+1	6.1492635E+1	5.9927027E+1	0.0000000E+0	0.0000000E+0	1.0000000E+2	0.0000000E+0
4.7364000E+1	6.1476290E+1	5.9930447E+1	0.0000000E+0	0.0000000E+0	1.0000000E+2	0.0000000E+0
4.7414000E+1	6.1480074E+1	5.9925568E+1	0.0000000E+0	0.0000000E+0	1.0000000E+2	0.0000000E+0
4.7465000E+1	6.1501677E+1	5.9947719E+1	0.0000000E+0	0.0000000E+0	1.0000000E+2	0.0000000E+0
4.7516000E+1	6.1490548E+1	5.9942044E+1	0.0000000E+0	0.0000000E+0	1.0000000E+2	0.0000000E+0
4.7567000E+1	6.1491845E+1	5.9936251E+1	0.0000000E+0	0.0000000E+0	1.0000000E+2	0.0000000E+0
4.7618000E+1	6.1483403E+1	5.9931516E+1	0.0000000E+0	0.0000000E+0	1.0000000E+2	0.0000000E+0
4.7668000E+1	6.1481713E+1	5.9933027E+1	0.0000000E+0	0.0000000E+0	1.0000000E+2	0.0000000E+0
4.7719000E+1	6.1467901E+1	5.9935444E+1	0.0000000E+0	0.0000000E+0	1.0000000E+2	0.0000000E+0
4.7769000E+1	6.1454386E+1	5.9925249E+1	0.0000000E+0	0.0000000E+0	1.0000000E+2	0.0000000E+0
4.7819000E+1	6.1448286E+1	5.9921265E+1	0.0000000E+0	0.0000000E+0	1.0000000E+2	0.0000000E+0
4.7869000E+1	6.1447792E+1	5.9929226E+1	0.0000000E+0	0.0000000E+0	1.0000000E+2	0.0000000E+0
4.7919000E+1	6.1442370E+1	5.9919562E+1	0.0000000E+0	0.0000000E+0	1.0000000E+2	0.0000000E+0
4.7970000E+1	6.1448349E+1	5.9923394E+1	0.0000000E+0	0.0000000E+0	1.0000000E+2	0.0000000E+0
4.8020000E+1	6.1460861E+1	5.9934548E+1	0.0000000E+0	0.0000000E+0	1.0000000E+2	0.0000000E+0
4.8070000E+1	6.1451832E+1	5.9930785E+1	0.0000000E+0	0.0000000E+0	1.0000000E+2	0.0000000E+0
4.8120000E+1	6.1428864E+1	5.9928613E+1	0.0000000E+0	0.0000000E+0	1.0000000E+2	0.0000000E+0
4.8170000E+1	6.1438039E+1	5.9934880E+1	0.0000000E+0	0.0000000E+0	1.0000000E+2	0.0000000E+0
4.8220000E+1	6.1412630E+1	5.9926300E+1	0.0000000E+0	0.0000000E+0	1.0000000E+2	0.0000000E+0
4.8270000E+1	6.1395367E+1	5.9922009E+1	0.0000000E+0	0.0000000E+0	1.0000000E+2	0.0000000E+0
4.8320000E+1	6.1404926E+1	5.9927049E+1	0.0000000E+0	0.0000000E+0	1.0000000E+2	0.0000000E+0
4.8370000E+1	6.1400759E+1	5.9925042E+1	0.0000000E+0	0.0000000E+0	1.0000000E+2	0.0000000E+0
4.8420000E+1	6.1383533E+1	5.9916376E+1	0.0000000E+0	0.0000000E+0	1.0000000E+2	0.0000000E+0
4.8470000E+1	6.1381185E+1	5.9917349E+1	0.0000000E+0	0.0000000E+0	1.0000000E+2	0.0000000E+0
4.8520000E+1	6.1384872E+1	5.9920213E+1	0.0000000E+0	0.0000000E+0	1.0000000E+2	0.0000000E+0
4.8570000E+1	6.1395971E+1	5.9920931E+1	0.0000000E+0	0.0000000E+0	1.0000000E+2	0.0000000E+0
4.8620000E+1	6.1395573E+1	5.9926722E+1	0.0000000E+0	0.0000000E+0	1.0000000E+2	0.0000000E+0
4.8670000E+1	6.1397837E+1	5.9920385E+1	0.0000000E+0	0.0000000E+0	1.0000000E+2	0.0000000E+0
4.8720000E+1	6.1410664E+1	5.9924292E+1	0.0000000E+0	0.0000000E+0	1.0000000E+2	0.0000000E+0
4.8770000E+1	6.1393338E+1	5.9920075E+1	0.0000000E+0	0.0000000E+0	1.0000000E+2	0.0000000E+0
4.8820000E+1	6.1371430E+1	5.9906667E+1	0.0000000E+0	0.0000000E+0	1.0000000E+2	0.0000000E+0
4.8870000E+1	6.1379247E+1	5.9914859E+1	0.0000000E+0	0.0000000E+0	1.0000000E+2	0.0000000E+0
4.8920000E+1	6.1376270E+1	5.9916482E+1	0.0000000E+0	0.0000000E+0	1.0000000E+2	0.0000000E+0
4.8970000E+1	6.1384603E+1	5.9910153E+1	0.0000000E+0	0.0000000E+0	1.0000000E+2	0.0000000E+0
4.9021000E+1	6.1395431E+1	5.9931628E+1	0.0000000E+0	0.0000000E+0	1.0000000E+2	0.0000000E+0
4.9072000E+1	6.1389203E+1	5.9925159E+1	0.0000000E+0	0.0000000E+0	1.0000000E+2	0.0000000E+0
4.9124000E+1	6.1363097E+1	5.9914701E+1	0.0000000E+0	0.0000000E+0	1.0000000E+2	0.0000000E+0
4.9174000E+1	6.1363765E+1	5.9921172E+1	0.0000000E+0	0.0000000E+0	1.0000000E+2	0.0000000E+0
4.9225000E+1	6.1365372E+1	5.9913882E+1	0.0000000E+0	0.0000000E+0	1.0000000E+2	0.0000000E+0
4.9275000E+1	6.1354976E+1	5.9902940E+1	0.0000000E+0	0.0000000E+0	1.0000000E+2	0.0000000E+0
4.9325000E+1	6.1353135E+1	5.9910493E+1	0.0000000E+0	0.0000000E+0	1.0000000E+2	0.0000000E+0
4.9376000E+1	6.1355368E+1	5.9911814E+1	0.0000000E+0	0.0000000E+0	1.0000000E+2	0.0000000E+0
4.9426000E+1	6.1349198E+1	5.9910194E+1	0.0000000E+0	0.0000000E+0	1.0000000E+2	0.0000000E+0
4.9477000E+1	6.1348039E+1	5.9907920E+1	0.0000000E+0	0.0000000E+0	1.0000000E+2	0.0000000E+0
4.9528000E+1	6.1348857E+1	5.9893240E+1	0.0000000E+0	0.0000000E+0	1.0000000E+2	0.0000000E+0
4.9578000E+1	6.1349626E+1	5.9896259E+1	0.0000000E+0	0.0000000E+0	1.0000000E+2	0.0000000E+0
4.9628000E+1	6.1362524E+1	5.9905129E+1	0.0000000E+0	0.0000000E+0	1.0000000E+2	0.0000000E+0
4.9678000E+1	6.1362712E+1	5.9908201E+1	0.0000000E+0	0.0000000E+0	1.0000000E+2	0.0000000E+0
4.9728000E+1	6.1366972E+1	5.9893876E+1	0.0000000E+0	0.0000000E+0	1.0000000E+2	0.0000000E+0
4.9778000E+1	6.1369888E+1	5.9891055E+1	0.0000000E+0	0.0000000E+0	1.0000000E+2	0.0000000E+0
4.9828000E+1	6.1392287E+1	5.9905093E+1	0.0000000E+0	0.0000000E+0	1.0000000E+2	0.0000000E+0
4.9878000E+1	6.1376192E+1	5.9884355E+1	0.0000000E+0	0.0000000E+0	1.0000000E+2	0.0000000E+0
4.9928000E+1	6.1378105E+1	5.9882864E+1	0.0000000E+0	0.0000000E+0	1.0000000E+2	0.0000000E+0
4.9978000E+1	6.1387357E+1	5.9890012E+1	0.0000000E+0	0.0000000E+0	1.0000000E+2	0.0000000E+0
5.0028000E+1	6.1397663E+1	5.9892447E+1	0.0000000E+0	0.0000000E+0	1.0000000E+2	0.0000000E+0
5.0079000E+1	6.1396328E+1	5.9895936E+1	0.0000000E+0	0.0000000E+0	1.0000000E+2	0.0000000E+0
5.0130000E+1	6.1394933E+1	5.9882677E+1	0.0000000E+0	0.0000000E+0	1.0000000E+2	0.0000000E+0
5.0180000E+1	6.1403778E+1	5.9885939E+1	0.0000000E+0	0.0000000E+0	1.0000000E+2	0.0000000E+0
5.0230000E+1	6.1409417E+1	5.9891061E+1	0.0000000E+0	0.0000000E+0	1.0000000E+2	0.0000000E+0
5.0281000E+1	6.1422579E+1	5.9895534E+1	0.0000000E+0	0.0000000E+0	1.0000000E+2	0.0000000E+0
5.0332000E+1	6.1419809E+1	5.9893688E+1	0.0000000E+0	0.0000000E+0	1.0000000E+2	0.0000000E+0
5.0382000E+1	6.1409316E+1	5.9888562E+1	0.0000000E+0	0.0000000E+0	1.0000000E+2	0.0000000E+0
5.0432000E+1	6.1408502E+1	5.9882985E+1	0.0000000E+0	0.0000000E+0	1.0000000E+2	0.0000000E+0
5.0482000E+1	6.1410766E+1	5.9893346E+1	0.0000000E+0	0.0000000E+0	1.0000000E+2	0.0000000E+0
5.0532000E+1	6.1405518E+1	5.9873201E+1	0.0000000E+0	0.0000000E+0	1.0000000E+2	0.0000000E+0
5.0582000E+1	6.1427675E+1	5.9895509E+1	0.0000000E+0	0.0000000E+0	1.0000000E+2	0.0000000E+0
5.0632000E+1	6.1421088E+1	5.9887296E+1	0.0000000E+0	0.0000000E+0	1.0000000E+2	0.0000000E+0
5.0682000E+1	6.1416538E+1	5.9880155E+1	0.0000000E+0	0.0000000E+0	1.0000000E+2	0.0000000E+0
5.0732000E+1	6.1404071E+1	5.9883815E+1	0.0000000E+0	0.0000000E+0	1.0000000E+2	0.0000000E+0
5.0784000E+1	6.1404130E+1	5.9892310E+1	0.0000000E+0	0.0000000E+0	1.0000000E+2	0.0000000E+0
5.0834000E+1	6.1405645E+1	5.9886835E+1	0.0000000E+0	0.0000000E+0	1.0000000E+2	0.0000000E+0
5.0886000E+1	6.1394543E+1	5.9888656E+1	0.0000000E+0	0.0000000E+0	1.0000000E+2	0.0000000E+0
5.0936000E+1	6.1400449E+1	5.9883901E+1	0.0000000E+0	0.0000000E+0	1.0000000E+2	0.0000000E+0
5.0986000E+1	6.1398450E+1	5.9888196E+1	0.0000000E+0	0.0000000E+0	1.0000000E+2	0.0000000E+0
5.1036000E+1	6.1395324E+1	5.9885112E+1	0.0000000E+0	0.0000000E+0	1.0000000E+2	0.0000000E+0
5.1088000E+1	6.1391271E+1	5.9886856E+1	0.0000000E+0	0.0000000E+0	1.0000000E+2	0.0000000E+0
5.1138000E+1	6.1395863E+1	5.9879309E+1	0.0000000E+0	0.0000000E+0	1.0000000E+2	0.0000000E+0
5.1188000E+1	6.1410603E+1	5.9884677E+1	0.0000000E+0	0.0000000E+0	1.0000000E+2	0.0000000E+0
5.1238000E+1	6.1436075E+1	5.9890393E+1	0.0000000E+0	0.0000000E+0	1.0000000E+2	0.0000000E+0
5.1288000E+1	6.1436146E+1	5.9881813E+1	0.0000000E+0	0.0000000E+0	1.0000000E+2	0.0000000E+0
5.1338000E+1	6.1438841E+1	5.9881682E+1	0.0000000E+0	0.0000000E+0	1.0000000E+2	0.0000000E+0
5.1389000E+1	6.1430754E+1	5.9874187E+1	0.0000000E+0	0.0000000E+0	1.0000000E+2	0.0000000E+0
5.1440000E+1	6.1442825E+1	5.9879800E+1	0.0000000E+0	0.0000000E+0	1.0000000E+2	0.0000000E+0
5.1490000E+1	6.1450363E+1	5.9873467E+1	0.0000000E+0	0.0000000E+0	1.0000000E+2	0.0000000E+0
5.1540000E+1	6.1452699E+1	5.9877879E+1	0.0000000E+0	0.0000000E+0	1.0000000E+2	0.0000000E+0
5.1590000E+1	6.1450792E+1	5.9879818E+1	0.0000000E+0	0.0000000E+0	1.0000000E+2	0.0000000E+0
5.1640000E+1	6.1448224E+1	5.9878038E+1	0.0000000E+0	0.0000000E+0	1.0000000E+2	0.0000000E+0
5.1690000E+1	6.1443950E+1	5.9868935E+1	0.0000000E+0	0.0000000E+0	1.0000000E+2	0.0000000E+0
5.1740000E+1	6.1446941E+1	5.9869545E+1	0.0000000E+0	0.0000000E+0	1.0000000E+2	0.0000000E+0
5.1791000E+1	6.1454920E+1	5.9862376E+1	0.0000000E+0	0.0000000E+0	1.0000000E+2	0.0000000E+0
5.1841000E+1	6.1472462E+1	5.9868133E+1	0.0000000E+0	0.0000000E+0	1.0000000E+2	0.0000000E+0
5.1891000E+1	6.1466590E+1	5.9864233E+1	0.0000000E+0	0.0000000E+0	1.0000000E+2	0.0000000E+0
5.1941000E+1	6.1456973E+1	5.9848770E+1	0.0000000E+0	0.0000000E+0	1.0000000E+2	0.0000000E+0
5.1991000E+1	6.1469054E+1	5.9861228E+1	0.0000000E+0	0.0000000E+0	1.0000000E+2	0.0000000E+0
5.2041000E+1	6.1488319E+1	5.9874871E+1	0.0000000E+0	0.0000000E+0	1.0000000E+2	0.0000000E+0
5.2091000E+1	6.1472067E+1	5.9868624E+1	0.0000000E+0	0.0000000E+0	1.0000000E+2	0.0000000E+0
5.2142000E+1	6.1467340E+1	5.9875217E+1	0.0000000E+0	0.0000000E+0	1.0000000E+2	0.0000000E+0
5.2192000E+1	6.1480346E+1	5.9880868E+1	0.0000000E+0	0.0000000E+0	1.0000000E+2	0.0000000E+0
5.2242000E+1	6.1474308E+1	5.9874275E+1	0.0000000E+0	0.0000000E+0	1.0000000E+2	0.0000000E+0
5.2292000E+1	6.1490315E+1	5.9890038E+1	0.0000000E+0	0.0000000E+0	1.0000000E+2	0.0000000E+0
5.2342000E+1	6.1498622E+1	5.9883868E+1	0.0000000E+0	0.0000000E+0	1.0000000E+2	0.0000000E+0
5.2392000E+1	6.1494979E+1	5.9883833E+1	0.0000000E+0	0.0000000E+0	1.0000000E+2	0.0000000E+0
5.2442000E+1	6.1490113E+1	5.9875733E+1	0.0000000E+0	0.0000000E+0	1.0000000E+2	0.0000000E+0
5.2492000E+1	6.1492255E+1	5.9880897E+1	0.0000000E+0	0.0000000E+0	1.0000000E+2	0.0000000E+0
5.2543000E+1	6.1483955E+1	5.9871559E+1	0.0000000E+0	0.0000000E+0	1.0000000E+2	0.0000000E+0
5.2593000E+1	6.1496953E+1	5.9872691E+1	0.0000000E+0	0.0000000E+0	1.0000000E+2	0.0000000E+0
5.2643000E+1	6.1497651E+1	5.9873683E+1	0.0000000E+0	0.0000000E+0	1.0000000E+2	0.0000000E+0
5.2693000E+1	6.1504921E+1	5.9884140E+1	0.0000000E+0	0.0000000E+0	1.0000000E+2	0.0000000E+0
5.2743000E+1	6.1497781E+1	5.9884096E+1	0.0000000E+0	0.0000000E+0	1.0000000E+2	0.0000000E+0
5.2793000E+1	6.1498946E+1	5.9885194E+1	0.0000000E+0	0.0000000E+0	1.0000000E+2	0.0000000E+0
5.2844000E+1	6.1496163E+1	5.9881584E+1	0.0000000E+0	0.0000000E+0	1.0000000E+2	0.0000000E+0
5.2894000E+1	6.1510499E+1	5.9885495E+1	0.0000000E+0	0.0000000E+0	1.0000000E+2	0.0000000E+0
5.2944000E+1	6.1500501E+1	5.9873284E+1	0.0000000E+0	0.0000000E+0	1.0000000E+2	0.0000000E+0
5.2996000E+1	6.1504653E+1	5.9862990E+1	0.0000000E+0	0.0000000E+0	1.0000000E+2	0.0000000E+0
5.3046000E+1	6.1529068E+1	5.9875149E+1	0.0000000E+0	0.0000000E+0	1.0000000E+2	0.0000000E+0
5.3096000E+1	6.1544998E+1	5.9879627E+1	0.0000000E+0	0.0000000E+0	1.0000000E+2	0.0000000E+0
5.3146000E+1	6.1555045E+1	5.9883999E+1	0.0000000E+0	0.0000000E+0	1.0000000E+2	0.0000000E+0
5.3197000E+1	6.1575497E+1	5.9892947E+1	0.0000000E+0	0.0000000E+0	1.0000000E+2	0.0000000E+0
5.3247000E+1	6.1562512E+1	5.9878997E+1	0.0000000E+0	0.0000000E+0	1.0000000E+2	0.0000000E+0
5.3298000E+1	6.1589397E+1	5.9890341E+1	0.0000000E+0	0.0000000E+0	1.0000000E+2	0.0000000E+0
5.3348000E+1	6.1601532E+1	5.9884727E+1	0.0000000E+0	0.0000000E+0	1.0000000E+2	0.0000000E+0
5.3398000E+1	6.1613492E+1	5.9886142E+1	0.0000000E+0	0.0000000E+0	1.0000000E+2	0.0000000E+0
5.3448000E+1	6.1609403E+1	5.9883389E+1	0.0000000E+0	0.0000000E+0	1.0000000E+2	0.0000000E+0
5.3498000E+1	6.1640912E+1	5.9901020E+1	0.0000000E+0	0.0000000E+0	1.0000000E+2	0.0000000E+0
5.3548000E+1	6.1647569E+1	5.9889862E+1	0.0000000E+0	0.0000000E+0	1.0000000E+2	0.0000000E+0
5.3598000E+1	6.1646829E+1	5.9900557E+1	0.0000000E+0	0.0000000E+0	1.0000000E+2	0.0000000E+0
5.3648000E+1	6.1641501E+1	5.9904228E+1	0.0000000E+0	0.0000000E+0	1.0000000E+2	0.0000000E+0
5.3698000E+1	6.1656472E+1	5.9903966E+1	0.0000000E+0	0.0000000E+0	1.0000000E+2	0.0000000E+0
5.3748000E+1	6.1638622E+1	5.9891975E+1	0.0000000E+0	0.0000000E+0	1.0000000E+2	0.0000000E+0
5.3798000E+1	6.1659786E+1	5.9903709E+1	0.0000000E+0	0.0000000E+0	1.0000000E+2	0.0000000E+0
5.3848000E+1	6.1655407E+1	5.9901317E+1	0.0000000E+0	0.0000000E+0	1.0000000E+2	0.0000000E+0
5.3898000E+1	6.1652296E+1	5.9895593E+1	0.0000000E+0	0.0000000E+0	1.0000000E+2	0.0000000E+0
5.3948000E+1	6.1657119E+1	5.9900702E+1	0.0000000E+0	0.0000000E+0	1.0000000E+2	0.0000000E+0
5.3999000E+1	6.1665030E+1	5.9892991E+1	0.0000000E+0	0.0000000E+0	1.0000000E+2	0.0000000E+0
5.4050000E+1	6.1665943E+1	5.9888615E+1	0.0000000E+0	0.0000000E+0	1.0000000E+2	0.0000000E+0
5.4101000E+1	6.1690105E+1	5.9904983E+1	0.0000000E+0	0.0000000E+0	1.0000000E+2	0.0000000E+0
5.4151000E+1	6.1692170E+1	5.9885619E+1	0.0000000E+0	0.0000000E+0	1.0000000E+2	0.0000000E+0
5.4201000E+1	6.1701152E+1	5.9892713E+1	0.0000000E+0	0.0000000E+0	1.0000000E+2	0.0000000E+0
5.4251000E+1	6.1684020E+1	5.9873932E+1	0.0000000E+0	0.0000000E+0	1.0000000E+2	0.0000000E+0
5.4301000E+1	6.1705312E+1	5.9875363E+1	0.0000000E+0	0.0000000E+0	1.0000000E+2	0.0000000E+0
5.4351000E+1	6.1714974E+1	5.9886018E+1	0.0000000E+0	0.0000000E+0	1.0000000E+2	0.0000000E+0
5.4401000E+1	6.1725649E+1	5.9891759E+1	0.0000000E+0	0.0000000E+0	1.0000000E+2	0.0000000E+0
5.4451000E+1	6.1749163E+1	5.9890364E+1	0.0000000E+0	0.0000000E+0	1.0000000E+2	0.0000000E+0
5.4501000E+1	6.1746079E+1	5.9895122E+1	0.0000000E+0	0.0000000E+0	1.0000000E+2	0.0000000E+0
5.4551000E+1	6.1773922E+1	5.9899832E+1	0.0000000E+0	0.0000000E+0	1.0000000E+2	0.0000000E+0
5.4601000E+1	6.1795380E+1	5.9909142E+1	0.0000000E+0	0.0000000E+0	1.0000000E+2	0.0000000E+0
5.4651000E+1	6.1795376E+1	5.9894212E+1	0.0000000E+0	0.0000000E+0	1.0000000E+2	0.0000000E+0
5.4701000E+1	6.1817740E+1	5.9901450E+1	0.0000000E+0	0.0000000E+0	1.0000000E+2	0.0000000E+0
5.4751000E+1	6.1819466E+1	5.9909310E+1	0.0000000E+0	0.0000000E+0	1.0000000E+2	0.0000000E+0
5.4802000E+1	6.1811967E+1	5.9900931E+1	0.0000000E+0	0.0000000E+0	1.0000000E+2	0.0000000E+0
5.4852000E+1	6.1802880E+1	5.9898914E+1	0.0000000E+0	0.0000000E+0	1.0000000E+2	0.0000000E+0
5.4903000E+1	6.1815405E+1	5.9903263E+1	0.0000000E+0	0.0000000E+0	1.0000000E+2	0.0000000E+0
5.4953000E+1	6.1816334E+1	5.9906723E+1	0.0000000E+0	0.0000000E+0	1.0000000E+2	0.0000000E+0
5.5003000E+1	6.1832317E+1	5.9918737E+1	0.0000000E+0	0.0000000E+0	1.0000000E+2	0.0000000E+0
5.5053000E+1	6.1840343E+1	5.9917582E+1	0.0000000E+0	0.0000000E+0	1.0000000E+2	0.0000000E+0
5.5103000E+1	6.1858563E+1	5.9924235E+1	0.0000000E+0	0.0000000E+0	1.0000000E+2	0.0000000E+0
5.5153000E+1	6.1852119E+1	5.9904524E+1	0.0000000E+0	0.0000000E+0	1.0000000E+2	0.0000000E+0
5.5203000E+1	6.1853385E+1	5.9902087E+1	0.0000000E+0	0.0000000E+0	1.0000000E+2	0.0000000E+0
5.5254000E+1	6.1878673E+1	5.9919277E+1	0.0000000E+0	0.0000000E+0	1.0000000E+2	0.0000000E+0
5.5304000E+1	6.1891147E+1	5.9917882E+1	0.0000000E+0	0.0000000E+0	1.0000000E+2	0.0000000E+0
5.5355000E+1	6.1912981E+1	5.9921505E+1	0.0000000E+0	0.0000000E+0	1.0000000E+2	0.0000000E+0
5.5406000E+1	6.1903155E+1	5.9914008E+1	0.0000000E+0	0.0000000E+0	1.0000000E+2	0.0000000E+0
5.5456000E+1	6.1929996E+1	5.9914149E+1	0.0000000E+0	0.0000000E+0	1.0000000E+2	0.0000000E+0
5.5506000E+1	6.1933681E+1	5.9921767E+1	0.0000000E+0	0.0000000E+0	1.0000000E+2	0.0000000E+0
5.5557000E+1	6.1941064E+1	5.9932675E+1	0.0000000E+0	0.0000000E+0	1.0000000E+2	0.0000000E+0
5.5607000E+1	6.1960790E+1	5.9933691E+1	0.0000000E+0	0.0000000E+0	1.0000000E+2	0.0000000E+0
5.5658000E+1	6.1972436E+1	5.9928446E+1	0.0000000E+0	0.0000000E+0	1.0000000E+2	0.0000000E+0
5.5710000E+1	6.1976342E+1	5.9938895E+1	0.0000000E+0	0.0000000E+0	1.0000000E+2	0.0000000E+0
5.5761000E+1	6.1977612E+1	5.9929889E+1	0.0000000E+0	0.0000000E+0	1.0000000E+2	0.0000000E+0
5.5812000E+1	6.1956433E+1	5.9933742E+1	0.0000000E+0	0.0000000E+0	1.0000000E+2	0.0000000E+0
5.5863000E+1	6.1967349E+1	5.9937009E+1	0.0000000E+0	0.0000000E+0	1.0000000E+2	0.0000000E+0
5.5913000E+1	6.1965533E+1	5.9928321E+1	0.0000000E+0	0.0000000E+0	1.0000000E+2	0.0000000E+0
5.5963000E+1	6.1972519E+1	5.9929357E+1	0.0000000E+0	0.0000000E+0	1.0000000E+2	0.0000000E+0
5.6013000E+1	6.1957836E+1	5.9933948E+1	0.0000000E+0	0.0000000E+0	1.0000000E+2	0.0000000E+0
5.6063000E+1	6.1946518E+1	5.9936239E+1	0.0000000E+0	0.0000000E+0	1.0000000E+2	0.0000000E+0
5.6113000E+1	6.1936793E+1	5.9928376E+1	0.0000000E+0	0.0000000E+0	1.0000000E+2	0.0000000E+0
5.6164000E+1	6.1915086E+1	5.9919763E+1	0.0000000E+0	0.0000000E+0	1.0000000E+2	0.0000000E+0
5.6214000E+1	6.1903828E+1	5.9922125E+1	0.0000000E+0	0.0000000E+0	1.0000000E+2	0.0000000E+0
5.6264000E+1	6.1899099E+1	5.9921876E+1	0.0000000E+0	0.0000000E+0	1.0000000E+2	0.0000000E+0
5.6314000E+1	6.1883510E+1	5.9915414E+1	0.0000000E+0	0.0000000E+0	1.0000000E+2	0.0000000E+0
5.6364000E+1	6.1885895E+1	5.9917527E+1	0.0000000E+0	0.0000000E+0	1.0000000E+2	0.0000000E+0
5.6415000E+1	6.1886249E+1	5.9908490E+1	0.0000000E+0	0.0000000E+0	1.0000000E+2	0.0000000E+0
5.6465000E+1	6.1893124E+1	5.9923935E+1	0.0000000E+0	0.0000000E+0	1.0000000E+2	0.0000000E+0
5.6515000E+1	6.1911027E+1	5.9928117E+1	0.0000000E+0	0.0000000E+0	1.0000000E+2	0.0000000E+0
5.6565000E+1	6.1914608E+1	5.9930609E+1	0.0000000E+0	0.0000000E+0	1.0000000E+2	0.0000000E+0
5.6616000E+1	6.1906946E+1	5.9919510E+1	0.0000000E+0	0.0000000E+0	1.0000000E+2	0.0000000E+0
5.6666000E+1	6.1908258E+1	5.9922346E+1	0.0000000E+0	0.0000000E+0	1.0000000E+2	0.0000000E+0
5.6716000E+1	6.1902862E+1	5.9914259E+1	0.0000000E+0	0.0000000E+0	1.0000000E+2	0.0000000E+0
5.6767000E+1	6.1914376E+1	5.9928276E+1	0.0000000E+0	0.0000000E+0	1.0000000E+2	0.0000000E+0
5.6817000E+1	6.1911486E+1	5.9922403E+1	0.0000000E+0	0.0000000E+0	1.0000000E+2	0.0000000E+0
5.6867000E+1	6.1918205E+1	5.9923311E+1	0.0000000E+0	0.0000000E+0	1.0000000E+2	0.0000000E+0
5.6918000E+1	6.1931134E+1	5.9932135E+1	0.0000000E+0	0.0000000E+0	1.0000000E+2	0.0000000E+0
5.6968000E+1	6.1944592E+1	5.9936830E+1	0.0000000E+0	0.0000000E+0	1.0000000E+2	0.0000000E+0
5.7018000E+1	6.1954720E+1	5.9938671E+1	0.0000000E+0	0.0000000E+0	1.0000000E+2	0.0000000E+0
5.7068000E+1	6.1970125E+1	5.9933045E+1	0.0000000E+0	0.0000000E+0	1.0000000E+2	0.0000000E+0
5.7118000E+1	6.1978554E+1	5.9944920E+1	0.0000000E+0	0.0000000E+0	1.0000000E+2	0.0000000E+0
5.7169000E+1	6.1997144E+1	5.9942174E+1	0.0000000E+0	0.0000000E+0	1.0000000E+2	0.0000000E+0
5.7219000E+1	6.2005259E+1	5.9954316E+1	0.0000000E+0	0.0000000E+0	1.0000000E+2	0.0000000E+0
5.7270000E+1	6.2014839E+1	5.9943939E+1	0.0000000E+0	0.0000000E+0	1.0000000E+2	0.0000000E+0
5.7321000E+1	6.2029257E+1	5.9951121E+1	0.0000000E+0	0.0000000E+0	1.0000000E+2	0.0000000E+0
5.7371000E+1	6.2049389E+1	5.9962359E+1	0.0000000E+0	0.0000000E+0	1.0000000E+2	0.0000000E+0
5.7422000E+1	6.2055234E+1	5.9953754E+1	0.0000000E+0	0.0000000E+0	1.0000000E+2	0.0000000E+0
5.7472000E+1	6.2065654E+1	5.9948563E+1	0.0000000E+0	0.0000000E+0	1.0000000E+2	0.0000000E+0
5.7522000E+1	6.2078294E+1	5.9967324E+1	0.0000000E+0	0.0000000E+0	1.0000000E+2	0.0000000E+0
5.7572000E+1	6.2076612E+1	5.9959720E+1	0.0000000E+0	0.0000000E+0	1.0000000E+2	0.0000000E+0
5.7622000E+1	6.2085955E+1	5.9966788E+1	0.0000000E+0	0.0000000E+0	1.0000000E+2	0.0000000E+0
5.7672000E+1	6.2093634E+1	5.9965000E+1	0.0000000E+0	0.0000000E+0	1.0000000E+2	0.0000000E+0
5.7722000E+1	6.2087906E+1	5.9955942E+1	0.0000000E+0	0.0000000E+0	1.0000000E+2	0.0000000E+0
5.7773000E+1	6.2090757E+1	5.9958156E+1	0.0000000E+0	0.0000000E+0	1.0000000E+2	0.0000000E+0
5.7823000E+1	6.2104241E+1	5.9962385E+1	0.0000000E+0	0.0000000E+0	1.0000000E+2	0.0000000E+0
5.7873000E+1	6.2117178E+1	5.9956372E+1	0.0000000E+0	0.0000000E+0	1.0000000E+2	0.0000000E+0
5.7923000E+1	6.2122993E+1	5.9950625E+1	0.0000000E+0	0.0000000E+0	1.0000000E+2	0.0000000E+0
5.7973000E+1	6.2135887E+1	5.9959033E+1	0.0000000E+0	0.0000000E+0	1.0000000E+2	0.0000000E+0
5.8023000E+1	6.2145640E+1	5.9940031E+1	0.0000000E+0	0.0000000E+0	1.0000000E+2	0.0000000E+0
5.8073000E+1	6.2154991E+1	5.9943617E+1	0.0000000E+0	0.0000000E+0	1.0000000E+2	0.0000000E+0
5.8123000E+1	6.2176559E+1	5.9956198E+1	0.0000000E+0	0.0000000E+0	1.0000000E+2	0.0000000E+0
5.8173000E+1	6.2179721E+1	5.9961071E+1	0.0000000E+0	0.0000000E+0	1.0000000E+2	0.0000000E+0
5.8223000E+1	6.2164909E+1	5.9957253E+1	0.0000000E+0	0.0000000E+0	1.0000000E+2	0.0000000E+0
5.8273000E+1	6.2178557E+1	5.9961126E+1	0.0000000E+0	0.0000000E+0	1.0000000E+2	0.0000000E+0
5.8323000E+1	6.2192096E+1	5.9966777E+1	0.0000000E+0	0.0000000E+0	1.0000000E+2	0.0000000E+0
5.8373000E+1	6.2181545E+1	5.9952282E+1	0.0000000E+0	0.0000000E+0	1.0000000E+2	0.0000000E+0
5.8423000E+1	6.2197914E+1	5.9959111E+1	0.0000000E+0	0.0000000E+0	1.0000000E+2	0.0000000E+0
5.8473000E+1	6.2212160E+1	5.9966151E+1	0.0000000E+0	0.0000000E+0	1.0000000E+2	0.0000000E+0
5.8523000E+1	6.2216719E+1	5.9961322E+1	0.0000000E+0	0.0000000E+0	1.0000000E+2	0.0000000E+0
5.8573000E+1	6.2218952E+1	5.9948846E+1	0.0000000E+0	0.0000000E+0	1.0000000E+2	0.0000000E+0
5.8623000E+1	6.2229272E+1	5.9958262E+1	0.0000000E+0	0.0000000E+0	1.0000000E+2	0.0000000E+0
5.8673000E+1	6.2237535E+1	5.9955376E+1	0.0000000E+0	0.0000000E+0	1.0000000E+2	0.0000000E+0
5.8723000E+1	6.2250863E+1	5.9954810E+1	0.0000000E+0	0.0000000E+0	1.0000000E+2	0.0000000E+0
5.8774000E+1	6.2262101E+1	5.9957664E+1	0.0000000E+0	0.0000000E+0	1.0000000E+2	0.0000000E+0
5.8825000E+1	6.2264644E+1	5.9961988E+1	0.0000000E+0	0.0000000E+0	1.0000000E+2	0.0000000E+0
5.8875000E+1	6.2265292E+1	5.9953567E+1	0.0000000E+0	0.0000000E+0	1.0000000E+2	0.0000000E+0
5.8925000E+1	6.2276483E+1	5.9973502E+1	0.0000000E+0	0.0000000E+0	1.0000000E+2	0.0000000E+0
5.8975000E+1	6.2296895E+1	5.9970665E+1	0.0000000E+0	0.0000000E+0	1.0000000E+2	0.0000000E+0
5.9025000E+1	6.2313352E+1	5.9980556E+1	0.0000000E+0	0.0000000E+0	1.0000000E+2	0.0000000E+0
5.9076000E+1	6.2331012E+1	5.9977046E+1	0.0000000E+0	0.0000000E+0	1.0000000E+2	0.0000000E+0
5.9126000E+1	6.2353839E+1	5.9970281E+1	0.0000000E+0	0.0000000E+0	1.0000000E+2	0.0000000E+0
5.9176000E+1	6.2378922E+1	5.9984152E+1	0.0000000E+0	0.0000000E+0	1.0000000E+2	0.0000000E+0
5.9226000E+1	6.2396300E+1	5.9987034E+1	0.0000000E+0	0.0000000E+0	1.0000000E+2	0.0000000E+0
5.9276000E+1	6.2407385E+1	5.9985492E+1	0.0000000E+0	0.0000000E+0	1.0000000E+2	0.0000000E+0
5.9326000E+1	6.2408305E+1	5.9982748E+1	0.0000000E+0	0.0000000E+0	1.0000000E+2	0.0000000E+0
5.9377000E+1	6.2392457E+1	5.9969853E+1	0.0000000E+0	0.0000000E+0	1.0000000E+2	0.0000000E+0
5.9427000E+1	6.2400091E+1	5.9983392E+1	0.0000000E+0	0.0000000E+0	1.0000000E+2	0.0000000E+0
5.9477000E+1	6.2399242E+1	5.9990947E+1	0.0000000E+0	0.0000000E+0	1.0000000E+2	0.0000000E+0
5.9527000E+1	6.2393373E+1	5.9984249E+1	0.0000000E+0	0.0000000E+0	1.0000000E+2	0.0000000E+0
5.9577000E+1	6.2391836E+1	5.9988697E+1	0.0000000E+0	0.0000000E+0	1.0000000E+2	0.0000000E+0
5.9627000E+1	6.2408810E+1	6.0008715E+1	0.0000000E+0	0.0000000E+0	1.0000000E+2	0.0000000E+0
5.9679000E+1	6.2407898E+1	6.0011978E+1	0.0000000E+0	0.0000000E+0	1.0000000E+2	0.0000000E+0
5.9729000E+1	6.2402639E+1	6.0013196E+1	0.0000000E+0	0.0000000E+0	1.0000000E+2	0.0000000E+0
5.9779000E+1	6.2409140E+1	6.0007497E+1	0.0000000E+0	0.0000000E+0	1.0000000E+2	0.0000000E+0
5.9829000E+1	6.2419190E+1	6.0007904E+1	0.0000000E+0	0.0000000E+0	1.0000000E+2	0.0000000E+0
5.9879000E+1	6.2419614E+1	6.0002260E+1	0.0000000E+0	0.0000000E+0	1.0000000E+2	0.0000000E+0
5.9929000E+1	6.2427497E+1	6.0009954E+1	0.0000000E+0	0.0000000E+0	1.0000000E+2	0.0000000E+0
5.9980000E+1	6.2418028E+1	6.0008632E+1	0.0000000E+0	0.0000000E+0	1.0000000E+2	0.0000000E+0
6.0031000E+1	6.2415116E+1	6.0003776E+1	0.0000000E+0	0.0000000E+0	1.0000000E+2	0.0000000E+0
6.0081000E+1	6.2415535E+1	6.0010465E+1	0.0000000E+0	0.0000000E+0	1.0000000E+2	0.0000000E+0
6.0132000E+1	6.2412653E+1	6.0020823E+1	0.0000000E+0	0.0000000E+0	1.0000000E+2	0.0000000E+0
6.0182000E+1	6.2402759E+1	6.0017890E+1	0.0000000E+0	0.0000000E+0	1.0000000E+2	0.0000000E+0
6.0232000E+1	6.2380708E+1	5.9996389E+1	0.0000000E+0	0.0000000E+0	1.0000000E+2	0.0000000E+0
6.0282000E+1	6.2388671E+1	6.0003234E+1	0.0000000E+0	0.0000000E+0	1.0000000E+2	0.0000000E+0
6.0332000E+1	6.2400157E+1	6.0012551E+1	0.0000000E+0	0.0000000E+0	1.0000000E+2	0.0000000E+0
6.0382000E+1	6.2407370E+1	6.0014646E+1	0.0000000E+0	0.0000000E+0	1.0000000E+2	0.0000000E+0
6.0432000E+1	6.2398541E+1	6.0004789E+1	0.0000000E+0	0.0000000E+0	1.0000000E+2	0.0000000E+0
6.0482000E+1	6.2432437E+1	6.0017448E+1	0.0000000E+0	0.0000000E+0	1.0000000E+2	0.0000000E+0
6.0533000E+1	6.2439977E+1	6.0013636E+1	0.0000000E+0	0.0000000E+0	1.0000000E+2	0.0000000E+0
6.0584000E+1	6.2440358E+1	6.0019031E+1	0.0000000E+0	0.0000000E+0	1.0000000E+2	0.0000000E+0
6.0634000E+1	6.2426252E+1	6.0021162E+1	0.0000000E+0	0.0000000E+0	1.0000000E+2	0.0000000E+0
6.0684000E+1	6.2413333E+1	6.0029172E+1	0.0000000E+0	0.0000000E+0	1.0000000E+2	0.0000000E+0
6.0735000E+1	6.2391609E+1	6.0013506E+1	0.0000000E+0	0.0000000E+0	1.0000000E+2	0.0000000E+0
6.0785000E+1	6.2382833E+1	6.0018945E+1	0.0000000E+0	0.0000000E+0	1.0000000E+2	0.0000000E+0
6.0835000E+1	6.2379834E+1	6.0009606E+1	0.0000000E+0	0.0000000E+0	1.0000000E+2	0.0000000E+0
6.0886000E+1	6.2381567E+1	6.0019319E+1	0.0000000E+0	0.0000000E+0	1.0000000E+2	0.0000000E+0
6.0936000E+1	6.2370714E+1	6.0012108E+1	0.0000000E+0	0.0000000E+0	1.0000000E+2	0.0000000E+0
6.0986000E+1	6.2367371E+1	6.0001379E+1	0.0000000E+0	0.0000000E+0	1.0000000E+2	0.0000000E+0
6.1037000E+1	6.2365462E+1	5.9998401E+1	0.0000000E+0	0.0000000E+0	1.0000000E+2	0.0000000E+0
6.1087000E+1	6.2370182E+1	5.9991125E+1	0.0000000E+0	0.0000000E+0	1.0000000E+2	0.0000000E+0
6.1137000E+1	6.2370035E+1	5.9993534E+1	0.0000000E+0	0.0000000E+0	1.0000000E+2	0.0000000E+0
6.1187000E+1	6.2363708E+1	5.9984512E+1	0.0000000E+0	0.0000000E+0	1.0000000E+2	0.0000000E+0
6.1237000E+1	6.2366804E+1	5.9994628E+1	0.0000000E+0	0.0000000E+0	1.0000000E+2	0.0000000E+0
6.1287000E+1	6.2345332E+1	5.9978928E+1	0.0000000E+0	0.0000000E+0	1.0000000E+2	0.0000000E+0
6.1337000E+1	6.2324130E+1	5.9970943E+1	0.0000000E+0	0.0000000E+0	1.0000000E+2	0.0000000E+0
6.1387000E+1	6.2320266E+1	5.9971769E+1	0.0000000E+0	0.0000000E+0	1.0000000E+2	0.0000000E+0
6.1437000E+1	6.2309180E+1	5.9971857E+1	0.0000000E+0	0.0000000E+0	1.0000000E+2	0.0000000E+0
6.1487000E+1	6.2299123E+1	5.9962162E+1	0.0000000E+0	0.0000000E+0	1.0000000E+2	0.0000000E+0
6.1537000E+1	6.2292804E+1	5.9963198E+1	0.0000000E+0	0.0000000E+0	1.0000000E+2	0.0000000E+0
6.1588000E+1	6.2287849E+1	5.9968305E+1	0.0000000E+0	0.0000000E+0	1.0000000E+2	0.0000000E+0
6.1638000E+1	6.2279638E+1	5.9969581E+1	0.0000000E+0	0.0000000E+0	1.0000000E+2	0.0000000E+0
6.1688000E+1	6.2278172E+1	5.9980134E+1	0.0000000E+0	0.0000000E+0	1.0000000E+2	0.0000000E+0
6.1738000E+1	6.2271910E+1	5.9974558E+1	0.0000000E+0	0.0000000E+0	1.0000000E+2	0.0000000E+0
6.1788000E+1	6.2264187E+1	5.9983909E+1	0.0000000E+0	0.0000000E+0	1.0000000E+2	0.0000000E+0
6.1838000E+1	6.2254662E+1	5.9983838E+1	0.0000000E+0	0.0000000E+0	1.0000000E+2	0.0000000E+0
6.1888000E+1	6.2251561E+1	5.9984146E+1	0.0000000E+0	0.0000000E+0	1.0000000E+2	0.0000000E+0
6.1938000E+1	6.2238216E+1	5.9971535E+1	0.0000000E+0	0.0000000E+0	1.0000000E+2	0.0000000E+0
6.1988000E+1	6.2247763E+1	5.9977544E+1	0.0000000E+0	0.0000000E+0	1.0000000E+2	0.0000000E+0
6.2039000E+1	6.2242251E+1	5.9981291E+1	0.0000000E+0	0.0000000E+0	1.0000000E+2	0.0000000E+0
6.2090000E+1	6.2255045E+1	5.9989799E+1	0.0000000E+0	0.0000000E+0	1.0000000E+2	0.0000000E+0
6.2141000E+1	6.2261047E+1	5.9988280E+1	0.0000000E+0	0.0000000E+0	1.0000000E+2	0.0000000E+0
6.2191000E+1	6.2252340E+1	5.9985969E+1	0.0000000E+0	0.0000000E+0	1.0000000E+2	0.0000000E+0
6.2241000E+1	6.2259610E+1	6.0000140E+1	0.0000000E+0	0.0000000E+0	1.0000000E+2	0.0000000E+0
6.2291000E+1	6.2256387E+1	5.9994567E+1	0.0000000E+0	0.0000000E+0	1.0000000E+2	0.0000000E+0
6.2341000E+1	6.2247120E+1	5.9996744E+1	0.0000000E+0	0.0000000E+0	1.0000000E+2	0.0000000E+0
6.2391000E+1	6.2265273E+1	5.9996278E+1	0.0000000E+0	0.0000000E+0	1.0000000E+2	0.0000000E+0
6.2441000E+1	6.2268712E+1	5.9988735E+1	0.0000000E+0	0.0000000E+0	1.0000000E+2	0.0000000E+0
6.2491000E+1	6.2265295E+1	5.9993118E+1	0.0000000E+0	0.0000000E+0	1.0000000E+2	0.0000000E+0
6.2542000E+1	6.2268052E+1	5.9993592E+1	0.0000000E+0	0.0000000E+0	1.0000000E+2	0.0000000E+0
6.2592000E+1	6.2293857E+1	6.0007990E+1	0.0000000E+0	0.0000000E+0	1.0000000E+2	0.0000000E+0
6.2642000E+1	6.2292508E+1	6.0011322E+1	0.0000000E+0	0.0000000E+0	1.0000000E+2	0.0000000E+0
6.2692000E+1	6.2293288E+1	6.0014177E+1	0.0000000E+0	0.0000000E+0	1.0000000E+2	0.0000000E+0
6.2742000E+1	6.2293278E+1	6.0019460E+1	0.0000000E+0	0.0000000E+0	1.0000000E+2	0.0000000E+0
6.2792000E+1	6.2309151E+1	6.0027406E+1	0.0000000E+0	0.0000000E+0	1.0000000E+2	0.0000000E+0
6.2842000E+1	6.2311222E+1	6.0025458E+1	0.0000000E+0	0.0000000E+0	1.0000000E+2	0.0000000E+0
6.2892000E+1	6.2325071E+1	6.0041534E+1	0.0000000E+0	0.0000000E+0	1.0000000E+2	0.0000000E+0
6.2942000E+1	6.2331016E+1	6.0033213E+1	0.0000000E+0	0.0000000E+0	1.0000000E+2	0.0000000E+0
6.2992000E+1	6.2351106E+1	6.0044287E+1	0.0000000E+0	0.0000000E+0	1.0000000E+2	0.0000000E+0
6.3042000E+1	6.2347911E+1	6.0025514E+1	0.0000000E+0	0.0000000E+0	1.0000000E+2	0.0000000E+0
6.3092000E+1	6.2360591E+1	6.0027983E+1	0.0000000E+0	0.0000000E+0	1.0000000E+2	0.0000000E+0
6.3143000E+1	6.2370253E+1	6.0024252E+1	0.0000000E+0	0.0000000E+0	1.0000000E+2	0.0000000E+0
6.3193000E+1	6.2378588E+1	6.0023273E+1	0.0000000E+0	0.0000000E+0	1.0000000E+2	0.0000000E+0
6.3243000E+1	6.2391815E+1	6.0039859E+1	0.0000000E+0	0.0000000E+0	1.0000000E+2	0.0000000E+0
6.3293000E+1	6.2391587E+1	6.0038679E+1	0.0000000E+0	0.0000000E+0	1.0000000E+2	0.0000000E+0
6.3343000E+1	6.2409018E+1	6.0039119E+1	0.0000000E+0	0.0000000E+0	1.0000000E+2	0.0000000E+0
6.3393000E+1	6.2404840E+1	6.0031399E+1	0.0000000E+0	0.0000000E+0	1.0000000E+2	0.0000000E+0
6.3444000E+1	6.2423963E+1	6.0041883E+1	0.0000000E+0	0.0000000E+0	1.0000000E+2	0.0000000E+0
6.3495000E+1	6.2423808E+1	6.0031361E+1	0.0000000E+0	0.0000000E+0	1.0000000E+2	0.0000000E+0
6.3545000E+1	6.2435399E+1	6.0042257E+1	0.0000000E+0	0.0000000E+0	1.0000000E+2	0.0000000E+0
6.3595000E+1	6.2435074E+1	6.0041994E+1	0.0000000E+0	0.0000000E+0	1.0000000E+2	0.0000000E+0
6.3645000E+1	6.2430969E+1	6.0022853E+1	0.0000000E+0	0.0000000E+0	1.0000000E+2	0.0000000E+0
6.3697000E+1	6.2434620E+1	6.0029446E+1	0.0000000E+0	0.0000000E+0	1.0000000E+2	0.0000000E+0
6.3747000E+1	6.2441452E+1	6.0035645E+1	0.0000000E+0	0.0000000E+0	1.0000000E+2	0.0000000E+0
6.3797000E+1	6.2430776E+1	6.0024329E+1	0.0000000E+0	0.0000000E+0	1.0000000E+2	0.0000000E+0
6.3847000E+1	6.2426382E+1	6.0013377E+1	0.0000000E+0	0.0000000E+0	1.0000000E+2	0.0000000E+0
6.3897000E+1	6.2440344E+1	6.0013012E+1	0.0000000E+0	0.0000000E+0	1.0000000E+2	0.0000000E+0
6.3947000E+1	6.2440196E+1	6.0015948E+1	0.0000000E+0	0.0000000E+0	1.0000000E+2	0.0000000E+0
6.3997000E+1	6.2459749E+1	6.0023480E+1	0.0000000E+0	0.0000000E+0	1.0000000E+2	0.0000000E+0
6.4047000E+1	6.2452143E+1	6.0016788E+1	0.0000000E+0	0.0000000E+0	1.0000000E+2	0.0000000E+0
6.4097000E+1	6.2465563E+1	6.0031741E+1	0.0000000E+0	0.0000000E+0	1.0000000E+2	0.0000000E+0
6.4148000E+1	6.2469754E+1	6.0026042E+1	0.0000000E+0	0.0000000E+0	1.0000000E+2	0.0000000E+0
6.4198000E+1	6.2472537E+1	6.0024050E+1	0.0000000E+0	0.0000000E+0	1.0000000E+2	0.0000000E+0
6.4248000E+1	6.2504075E+1	6.0043430E+1	0.0000000E+0	0.0000000E+0	1.0000000E+2	0.0000000E+0
6.4299000E+1	6.2510616E+1	6.0037281E+1	0.0000000E+0	0.0000000E+0	1.0000000E+2	0.0000000E+0
6.4349000E+1	6.2514497E+1	6.0039790E+1	0.0000000E+0	0.0000000E+0	1.0000000E+2	0.0000000E+0
6.4399000E+1	6.2525417E+1	6.0046775E+1	0.0000000E+0	0.0000000E+0	1.0000000E+2	0.0000000E+0
6.4449000E+1	6.2510330E+1	6.0039357E+1	0.0000000E+0	0.0000000E+0	1.0000000E+2	0.0000000E+0
6.4499000E+1	6.2507625E+1	6.0048865E+1	0.0000000E+0	0.0000000E+0	1.0000000E+2	0.0000000E+0
6.4549000E+1	6.2484658E+1	6.0040510E+1	0.0000000E+0	0.0000000E+0	1.0000000E+2	0.0000000E+0
6.4599000E+1	6.2479229E+1	6.0051626E+1	0.0000000E+0	0.0000000E+0	1.0000000E+2	0.0000000E+0
6.4649000E+1	6.2442974E+1	6.0040717E+1	0.0000000E+0	0.0000000E+0	1.0000000E+2	0.0000000E+0
6.4700000E+1	6.2442596E+1	6.0047285E+1	0.0000000E+0	0.0000000E+0	1.0000000E+2	0.0000000E+0
6.4750000E+1	6.2434036E+1	6.0056644E+1	0.0000000E+0	0.0000000E+0	1.0000000E+2	0.0000000E+0
6.4801000E+1	6.2433345E+1	6.0057947E+1	0.0000000E+0	0.0000000E+0	1.0000000E+2	0.0000000E+0
6.4851000E+1	6.2412043E+1	6.0048138E+1	0.0000000E+0	0.0000000E+0	1.0000000E+2	0.0000000E+0
6.4902000E+1	6.2403009E+1	6.0058606E+1	0.0000000E+0	0.0000000E+0	1.0000000E+2	0.0000000E+0
6.4952000E+1	6.2403043E+1	6.0055064E+1	0.0000000E+0	0.0000000E+0	1.0000000E+2	0.0000000E+0
6.5003000E+1	6.2403114E+1	6.0056961E+1	0.0000000E+0	0.0000000E+0	1.0000000E+2	0.0000000E+0
6.5054000E+1	6.2400149E+1	6.0059876E+1	0.0000000E+0	0.0000000E+0	1.0000000E+2	0.0000000E+0
6.5105000E+1	6.2408045E+1	6.0075080E+1	0.0000000E+0	0.0000000E+0	1.0000000E+2	0.0000000E+0
6.5155000E+1	6.2390760E+1	6.0068373E+1	0.0000000E+0	0.0000000E+0	1.0000000E+2	0.0000000E+0
6.5205000E+1	6.2370363E+1	6.0066447E+1	0.0000000E+0	0.0000000E+0	1.0000000E+2	0.0000000E+0
6.5255000E+1	6.2366775E+1	6.0053445E+1	0.0000000E+0	0.0000000E+0	1.0000000E+2	0.0000000E+0
6.5305000E+1	6.2362234E+1	6.0066159E+1	0.0000000E+0	0.0000000E+0	1.0000000E+2	0.0000000E+0
6.5355000E+1	6.2345067E+1	6.0054080E+1	0.0000000E+0	0.0000000E+0	1.0000000E+2	0.0000000E+0
6.5405000E+1	6.2335160E+1	6.0047400E+1	0.0000000E+0	0.0000000E+0	1.0000000E+2	0.0000000E+0
6.5455000E+1	6.2326009E+1	6.0051836E+1	0.0000000E+0	0.0000000E+0	1.0000000E+2	0.0000000E+0
6.5505000E+1	6.2317285E+1	6.0044348E+1	0.0000000E+0	0.0000000E+0	1.0000000E+2	0.0000000E+0
6.5555000E+1	6.2322964E+1	6.0048706E+1	0.0000000E+0	0.0000000E+0	1.0000000E+2	0.0000000E+0
6.5606000E+1	6.2344023E+1	6.0064855E+1	0.0000000E+0	0.0000000E+0	1.0000000E+2	0.0000000E+0
6.5657000E+1	6.2324581E+1	6.0048779E+1	0.0000000E+0	0.0000000E+0	1.0000000E+2	0.0000000E+0
6.5707000E+1	6.2329390E+1	6.0050264E+1	0.0000000E+0	0.0000000E+0	1.0000000E+2	0.0000000E+0
6.5758000E+1	6.2321217E+1	6.0050533E+1	0.0000000E+0	0.0000000E+0	1.0000000E+2	0.0000000E+0
6.5808000E+1	6.2304949E+1	6.0048049E+1	0.0000000E+0	0.0000000E+0	1.0000000E+2	0.0000000E+0
6.5858000E+1	6.2304692E+1	6.0061291E+1	0.0000000E+0	0.0000000E+0	1.0000000E+2	0.0000000E+0
6.5908000E+1	6.2286648E+1	6.0058434E+1	0.0000000E+0	0.0000000E+0	1.0000000E+2	0.0000000E+0
6.5959000E+1	6.2273556E+1	6.0053260E+1	0.0000000E+0	0.0000000E+0	1.0000000E+2	0.0000000E+0
6.6010000E+1	6.2264351E+1	6.0058586E+1	0.0000000E+0	0.0000000E+0	1.0000000E+2	0.0000000E+0
6.6061000E+1	6.2244648E+1	6.0052802E+1	0.0000000E+0	0.0000000E+0	1.0000000E+2	0.0000000E+0
6.6111000E+1	6.2242862E+1	6.0060021E+1	0.0000000E+0	0.0000000E+0	1.0000000E+2	0.0000000E+0
6.6162000E+1	6.2240262E+1	6.0052410E+1	0.0000000E+0	0.0000000E+0	1.0000000E+2	0.0000000E+0
6.6212000E+1	6.2232483E+1	6.0050516E+1	0.0000000E+0	0.0000000E+0	1.0000000E+2	0.0000000E+0
6.6263000E+1	6.2244135E+1	6.0057580E+1	0.0000000E+0	0.0000000E+0	1.0000000E+2	0.0000000E+0
6.6314000E+1	6.2249951E+1	6.0053573E+1	0.0000000E+0	0.0000000E+0	1.0000000E+2	0.0000000E+0
6.6365000E+1	6.2249155E+1	6.0053297E+1	0.0000000E+0	0.0000000E+0	1.0000000E+2	0.0000000E+0
6.6416000E+1	6.2228663E+1	6.0050199E+1	0.0000000E+0	0.0000000E+0	1.0000000E+2	0.0000000E+0
6.6466000E+1	6.2214509E+1	6.0049100E+1	0.0000000E+0	0.0000000E+0	1.0000000E+2	0.0000000E+0
6.6517000E+1	6.2211878E+1	6.0058208E+1	0.0000000E+0	0.0000000E+0	1.0000000E+2	0.0000000E+0
6.6567000E+1	6.2206275E+1	6.0054721E+1	0.0000000E+0	0.0000000E+0	1.0000000E+2	0.0000000E+0
6.6617000E+1	6.2202160E+1	6.0049117E+1	0.0000000E+0	0.0000000E+0	1.0000000E+2	0.0000000E+0
6.6667000E+1	6.2189934E+1	6.0060210E+1	0.0000000E+0	0.0000000E+0	1.0000000E+2	0.0000000E+0
6.6717000E+1	6.2182709E+1	6.0057864E+1	0.0000000E+0	0.0000000E+0	1.0000000E+2	0.0000000E+0
6.6767000E+1	6.2179800E+1	6.0054163E+1	0.0000000E+0	0.0000000E+0	1.0000000E+2	0.0000000E+0
6.6817000E+1	6.2173813E+1	6.0051285E+1	0.0000000E+0	0.0000000E+0	1.0000000E+2	0.0000000E+0
6.6868000E+1	6.2177480E+1	6.0058801E+1	0.0000000E+0	0.0000000E+0	1.0000000E+2	0.0000000E+0
6.6919000E+1	6.2155107E+1	6.0063447E+1	0.0000000E+0	0.0000000E+0	1.0000000E+2	0.0000000E+0
6.6969000E+1	6.2122535E+1	6.0056907E+1	0.0000000E+0	0.0000000E+0	1.0000000E+2	0.0000000E+0
6.7019000E+1	6.2117838E+1	6.0054885E+1	0.0000000E+0	0.0000000E+0	1.0000000E+2	0.0000000E+0
6.7069000E+1	6.2104134E+1	6.0051518E+1	0.0000000E+0	0.0000000E+0	1.0000000E+2	0.0000000E+0
6.7119000E+1	6.2098615E+1	6.0045659E+1	0.0000000E+0	0.0000000E+0	1.0000000E+2	0.0000000E+0
6.7169000E+1	6.2075106E+1	6.0034420E+1	0.0000000E+0	0.0000000E+0	1.0000000E+2	0.0000000E+0
6.7219000E+1	6.2081527E+1	6.0046046E+1	0.0000000E+0	0.0000000E+0	1.0000000E+2	0.0000000E+0
6.7270000E+1	6.2089575E+1	6.0059052E+1	0.0000000E+0	0.0000000E+0	1.0000000E+2	0.0000000E+0
6.7320000E+1	6.2102419E+1	6.0061454E+1	0.0000000E+0	0.0000000E+0	1.0000000E+2	0.0000000E+0
6.7370000E+1	6.2113000E+1	6.0066312E+1	0.0000000E+0	0.0000000E+0	1.0000000E+2	0.0000000E+0
6.7420000E+1	6.2108436E+1	6.0061390E+1	0.0000000E+0	0.0000000E+0	1.0000000E+2	0.0000000E+0
6.7471000E+1	6.2124224E+1	6.0068572E+1	0.0000000E+0	0.0000000E+0	1.0000000E+2	0.0000000E+0
6.7521000E+1	6.2112582E+1	6.0056391E+1	0.0000000E+0	0.0000000E+0	1.0000000E+2	0.0000000E+0
6.7571000E+1	6.2129834E+1	6.0062128E+1	0.0000000E+0	0.0000000E+0	1.0000000E+2	0.0000000E+0
6.7621000E+1	6.2125762E+1	6.0062378E+1	0.0000000E+0	0.0000000E+0	1.0000000E+2	0.0000000E+0
6.7672000E+1	6.2114095E+1	6.0063139E+1	0.0000000E+0	0.0000000E+0	1.0000000E+2	0.0000000E+0
6.7722000E+1	6.2109841E+1	6.0054586E+1	0.0000000E+0	0.0000000E+0	1.0000000E+2	0.0000000E+0
6.7772000E+1	6.2105235E+1	6.0052851E+1	0.0000000E+0	0.0000000E+0	1.0000000E+2	0.0000000E+0
6.7822000E+1	6.2120548E+1	6.0073315E+1	0.0000000E+0	0.0000000E+0	1.0000000E+2	0.0000000E+0
6.7872000E+1	6.2107780E+1	6.0069871E+1	0.0000000E+0	0.0000000E+0	1.0000000E+2	0.0000000E+0
6.7922000E+1	6.2120683E+1	6.0062401E+1	0.0000000E+0	0.0000000E+0	1.0000000E+2	0.0000000E+0
6.7973000E+1	6.2128143E+1	6.0070164E+1	0.0000000E+0	0.0000000E+0	1.0000000E+2	0.0000000E+0
6.8023000E+1	6.2131599E+1	6.0077649E+1	0.0000000E+0	0.0000000E+0	1.0000000E+2	0.0000000E+0
6.8073000E+1	6.2132127E+1	6.0069473E+1	0.0000000E+0	0.0000000E+0	1.0000000E+2	0.0000000E+0
6.8123000E+1	6.2130184E+1	6.0068650E+1	0.0000000E+0	0.0000000E+0	1.0000000E+2	0.0000000E+0
6.8173000E+1	6.2137198E+1	6.0075521E+1	0.0000000E+0	0.0000000E+0	1.0000000E+2	0.0000000E+0
6.8224000E+1	6.2127826E+1	6.0064214E+1	0.0000000E+0	0.0000000E+0	1.0000000E+2	0.0000000E+0
6.8274000E+1	6.2118595E+1	6.0071915E+1	0.0000000E+0	0.0000000E+0	1.0000000E+2	0.0000000E+0
6.8324000E+1	6.2129231E+1	6.0072273E+1	0.0000000E+0	0.0000000E+0	1.0000000E+2	0.0000000E+0
6.8375000E+1	6.2124869E+1	6.0068528E+1	0.0000000E+0	0.0000000E+0	1.0000000E+2	0.0000000E+0
6.8426000E+1	6.2127456E+1	6.0084912E+1	0.0000000E+0	0.0000000E+0	1.0000000E+2	0.0000000E+0
6.8476000E+1	6.2120300E+1	6.0091326E+1	0.0000000E+0	0.0000000E+0	1.0000000E+2	0.0000000E+0
6.8527000E+1	6.2126453E+1	6.0087207E+1	0.0000000E+0	0.0000000E+0	1.0000000E+2	0.0000000E+0
6.8577000E+1	6.2112241E+1	6.0084384E+1	0.0000000E+0	0.0000000E+0	1.0000000E+2	0.0000000E+0
6.8627000E+1	6.2121685E+1	6.0088862E+1	0.0000000E+0	0.0000000E+0	1.0000000E+2	0.0000000E+0
6.8677000E+1	6.2107743E+1	6.0068151E+1	0.0000000E+0	0.0000000E+0	1.0000000E+2	0.0000000E+0
6.8727000E+1	6.2113231E+1	6.0064980E+1	0.0000000E+0	0.0000000E+0	1.0000000E+2	0.0000000E+0
6.8777000E+1	6.2118041E+1	6.0068743E+1	0.0000000E+0	0.0000000E+0	1.0000000E+2	0.0000000E+0
6.8828000E+1	6.2118495E+1	6.0073869E+1	0.0000000E+0	0.0000000E+0	1.0000000E+2	0.0000000E+0
6.8878000E+1	6.2121997E+1	6.0083347E+1	0.0000000E+0	0.0000000E+0	1.0000000E+2	0.0000000E+0
6.8929000E+1	6.2123004E+1	6.0076046E+1	0.0000000E+0	0.0000000E+0	1.0000000E+2	0.0000000E+0
6.8980000E+1	6.2118566E+1	6.0081399E+1	0.0000000E+0	0.0000000E+0	1.0000000E+2	0.0000000E+0
6.9030000E+1	6.2101293E+1	6.0072879E+1	0.0000000E+0	0.0000000E+0	1.0000000E+2	0.0000000E+0
6.9080000E+1	6.2095743E+1	6.0065810E+1	0.0000000E+0	0.0000000E+0	1.0000000E+2	0.0000000E+0
6.9130000E+1	6.2115643E+1	6.0078949E+1	0.0000000E+0	0.0000000E+0	1.0000000E+2	0.0000000E+0
6.9180000E+1	6.2104696E+1	6.0079315E+1	0.0000000E+0	0.0000000E+0	1.0000000E+2	0.0000000E+0
6.9231000E+1	6.2086863E+1	6.0071381E+1	0.0000000E+0	0.0000000E+0	1.0000000E+2	0.0000000E+0
6.9282000E+1	6.2076748E+1	6.0070409E+1	0.0000000E+0	0.0000000E+0	1.0000000E+2	0.0000000E+0
6.9332000E+1	6.2086334E+1	6.0071300E+1	0.0000000E+0	0.0000000E+0	1.0000000E+2	0.0000000E+0
6.9382000E+1	6.2099271E+1	6.0078019E+1	0.0000000E+0	0.0000000E+0	1.0000000E+2	0.0000000E+0
6.9432000E+1	6.2111807E+1	6.0084565E+1	0.0000000E+0	0.0000000E+0	1.0000000E+2	0.0000000E+0
6.9482000E+1	6.2121847E+1	6.0099665E+1	0.0000000E+0	0.0000000E+0	1.0000000E+2	0.0000000E+0
6.9532000E+1	6.2122209E+1	6.0095857E+1	0.0000000E+0	0.0000000E+0	1.0000000E+2	0.0000000E+0
6.9583000E+1	6.2110262E+1	6.0091033E+1	0.0000000E+0	0.0000000E+0	1.0000000E+2	0.0000000E+0
6.9633000E+1	6.2107970E+1	6.0090474E+1	0.0000000E+0	0.0000000E+0	1.0000000E+2	0.0000000E+0
6.9683000E+1	6.2095681E+1	6.0090959E+1	0.0000000E+0	0.0000000E+0	1.0000000E+2	0.0000000E+0
6.9733000E+1	6.2099755E+1	6.0103743E+1	0.0000000E+0	0.0000000E+0	1.0000000E+2	0.0000000E+0
6.9784000E+1	6.2075595E+1	6.0087386E+1	0.0000000E+0	0.0000000E+0	1.0000000E+2	0.0000000E+0
6.9834000E+1	6.2070641E+1	6.0081701E+1	0.0000000E+0	0.0000000E+0	1.0000000E+2	0.0000000E+0
6.9884000E+1	6.2082263E+1	6.0087132E+1	0.0000000E+0	0.0000000E+0	1.0000000E+2	0.0000000E+0
6.9934000E+1	6.2091755E+1	6.0102152E+1	0.0000000E+0	0.0000000E+0	1.0000000E+2	0.0000000E+0
6.9984000E+1	6.2087034E+1	6.0103602E+1	0.0000000E+0	0.0000000E+0	1.0000000E+2	0.0000000E+0
7.0034000E+1	6.2066339E+1	6.0095359E+1	0.0000000E+0	0.0000000E+0	1.0000000E+2	0.0000000E+0
7.0084000E+1	6.2064774E+1	6.0090940E+1	0.0000000E+0	0.0000000E+0	1.0000000E+2	0.0000000E+0
7.0134000E+1	6.2057098E+1	6.0097955E+1	0.0000000E+0	0.0000000E+0	1.0000000E+2	0.0000000E+0
7.0184000E+1	6.2049773E+1	6.0110205E+1	0.0000000E+0	0.0000000E+0	1.0000000E+2	0.0000000E+0
7.0235000E+1	6.2047261E+1	6.0093493E+1	0.0000000E+0	0.0000000E+0	1.0000000E+2	0.0000000E+0
7.0285000E+1	6.2027426E+1	6.0097967E+1	0.0000000E+0	0.0000000E+0	1.0000000E+2	0.0000000E+0
7.0335000E+1	6.2037762E+1	6.0105786E+1	0.0000000E+0	0.0000000E+0	1.0000000E+2	0.0000000E+0
7.0385000E+1	6.2027188E+1	6.0099900E+1	0.0000000E+0	0.0000000E+0	1.0000000E+2	0.0000000E+0
7.0435000E+1	6.2023133E+1	6.0094803E+1	0.0000000E+0	0.0000000E+0	1.0000000E+2	0.0000000E+0
7.0486000E+1	6.2022023E+1	6.0103253E+1	0.0000000E+0	0.0000000E+0	1.0000000E+2	0.0000000E+0
7.0536000E+1	6.2004215E+1	6.0093958E+1	0.0000000E+0	0.0000000E+0	1.0000000E+2	0.0000000E+0
7.0586000E+1	6.2020547E+1	6.0101697E+1	0.0000000E+0	0.0000000E+0	1.0000000E+2	0.0000000E+0
7.0636000E+1	6.2006020E+1	6.0107033E+1	0.0000000E+0	0.0000000E+0	1.0000000E+2	0.0000000E+0
7.0686000E+1	6.2000213E+1	6.0105833E+1	0.0000000E+0	0.0000000E+0	1.0000000E+2	0.0000000E+0
7.0737000E+1	6.2011186E+1	6.0113900E+1	0.0000000E+0	0.0000000E+0	1.0000000E+2	0.0000000E+0
7.0788000E+1	6.2000962E+1	6.0109001E+1	0.0000000E+0	0.0000000E+0	1.0000000E+2	0.0000000E+0
7.0838000E+1	6.1989119E+1	6.0107808E+1	0.0000000E+0	0.0000000E+0	1.0000000E+2	0.0000000E+0
7.0888000E+1	6.1968217E+1	6.0099675E+1	0.0000000E+0	0.0000000E+0	1.0000000E+2	0.0000000E+0
7.0939000E+1	6.1960748E+1	6.0108476E+1	0.0000000E+0	0.0000000E+0	1.0000000E+2	0.0000000E+0
7.0989000E+1	6.1937436E+1	6.0101012E+1	0.0000000E+0	0.0000000E+0	1.0000000E+2	0.0000000E+0
7.1040000E+1	6.1926107E+1	6.0106022E+1	0.0000000E+0	0.0000000E+0	1.0000000E+2	0.0000000E+0
7.1090000E+1	6.1916286E+1	6.0090624E+1	0.0000000E+0	0.0000000E+0	1.0000000E+2	0.0000000E+0
7.1140000E+1	6.1917117E+1	6.0103050E+1	0.0000000E+0	0.0000000E+0	1.0000000E+2	0.0000000E+0
7.1190000E+1	6.1913565E+1	6.0096935E+1	0.0000000E+0	0.0000000E+0	1.0000000E+2	0.0000000E+0
7.1240000E+1	6.1913896E+1	6.0090436E+1	0.0000000E+0	0.0000000E+0	1.0000000E+2	0.0000000E+0
7.1290000E+1	6.1914525E+1	6.0097035E+1	0.0000000E+0	0.0000000E+0	1.0000000E+2	0.0000000E+0
7.1340000E+1	6.1920355E+1	6.0097664E+1	0.0000000E+0	0.0000000E+0	1.0000000E+2	0.0000000E+0
7.1390000E+1	6.1909191E+1	6.0104054E+1	0.0000000E+0	0.0000000E+0	1.0000000E+2	0.0000000E+0
7.1441000E+1	6.1897990E+1	6.0103865E+1	0.0000000E+0	0.0000000E+0	1.0000000E+2	0.0000000E+0
7.1491000E+1	6.1879908E+1	6.0100998E+1	0.0000000E+0	0.0000000E+0	1.0000000E+2	0.0000000E+0
7.1541000E+1	6.1860326E+1	6.0090807E+1	0.0000000E+0	0.0000000E+0	1.0000000E+2	0.0000000E+0
7.1591000E+1	6.1872333E+1	6.0090226E+1	0.0000000E+0	0.0000000E+0	1.0000000E+2	0.0000000E+0
7.1641000E+1	6.1897412E+1	6.0094418E+1	0.0000000E+0	0.0000000E+0	1.0000000E+2	0.0000000E+0
7.1691000E+1	6.1915094E+1	6.0097242E+1	0.0000000E+0	0.0000000E+0	1.0000000E+2	0.0000000E+0
7.1742000E+1	6.1929057E+1	6.0093268E+1	0.0000000E+0	0.0000000E+0	1.0000000E+2	0.0000000E+0
7.1792000E+1	6.1917411E+1	6.0089623E+1	0.0000000E+0	0.0000000E+0	1.0000000E+2	0.0000000E+0
7.1842000E+1	6.1904199E+1	6.0072292E+1	0.0000000E+0	0.0000000E+0	1.0000000E+2	0.0000000E+0
7.1892000E+1	6.1924907E+1	6.0083592E+1	0.0000000E+0	0.0000000E+0	1.0000000E+2	0.0000000E+0
7.1943000E+1	6.1946583E+1	6.0086427E+1	0.0000000E+0	0.0000000E+0	1.0000000E+2	0.0000000E+0
7.1994000E+1	6.1952743E+1	6.0084850E+1	0.0000000E+0	0.0000000E+0	1.0000000E+2	0.0000000E+0
7.2045000E+1	6.1966193E+1	6.0093668E+1	0.0000000E+0	0.0000000E+0	1.0000000E+2	0.0000000E+0
7.2096000E+1	6.1962796E+1	6.0087766E+1	0.0000000E+0	0.0000000E+0	1.0000000E+2	0.0000000E+0
7.2146000E+1	6.1950733E+1	6.0082532E+1	0.0000000E+0	0.0000000E+0	1.0000000E+2	0.0000000E+0
7.2196000E+1	6.1948948E+1	6.0075710E+1	0.0000000E+0	0.0000000E+0	1.0000000E+2	0.0000000E+0
7.2246000E+1	6.1958443E+1	6.0082374E+1	0.0000000E+0	0.0000000E+0	1.0000000E+2	0.0000000E+0
7.2296000E+1	6.1963098E+1	6.0091800E+1	0.0000000E+0	0.0000000E+0	1.0000000E+2	0.0000000E+0
7.2346000E+1	6.1949822E+1	6.0087103E+1	0.0000000E+0	0.0000000E+0	1.0000000E+2	0.0000000E+0
7.2396000E+1	6.1949152E+1	6.0096931E+1	0.0000000E+0	0.0000000E+0	1.0000000E+2	0.0000000E+0
7.2446000E+1	6.1953606E+1	6.0103584E+1	0.0000000E+0	0.0000000E+0	1.0000000E+2	0.0000000E+0
7.2497000E+1	6.1934204E+1	6.0092894E+1	0.0000000E+0	0.0000000E+0	1.0000000E+2	0.0000000E+0
7.2547000E+1	6.1914666E+1	6.0097546E+1	0.0000000E+0	0.0000000E+0	1.0000000E+2	0.0000000E+0
7.2597000E+1	6.1888404E+1	6.0093901E+1	0.0000000E+0	0.0000000E+0	1.0000000E+2	0.0000000E+0
7.2648000E+1	6.1899946E+1	6.0105441E+1	0.0000000E+0	0.0000000E+0	1.0000000E+2	0.0000000E+0
7.2698000E+1	6.1884609E+1	6.0100247E+1	0.0000000E+0	0.0000000E+0	1.0000000E+2	0.0000000E+0
7.2748000E+1	6.1886351E+1	6.0102398E+1	0.0000000E+0	0.0000000E+0	1.0000000E+2	0.0000000E+0
7.2798000E+1	6.1891212E+1	6.0103436E+1	0.0000000E+0	0.0000000E+0	1.0000000E+2	0.0000000E+0
7.2848000E+1	6.1895665E+1	6.0108809E+1	0.0000000E+0	0.0000000E+0	1.0000000E+2	0.0000000E+0
7.2898000E+1	6.1893907E+1	6.0100225E+1	0.0000000E+0	0.0000000E+0	1.0000000E+2	0.0000000E+0
7.2949000E+1	6.1886656E+1	6.0114095E+1	0.0000000E+0	0.0000000E+0	1.0000000E+2	0.0000000E+0
7.2999000E+1	6.1877194E+1	6.0122813E+1	0.0000000E+0	0.0000000E+0	1.0000000E+2	0.0000000E+0
7.3049000E+1	6.1868218E+1	6.0123791E+1	0.0000000E+0	0.0000000E+0	1.0000000E+2	0.0000000E+0
7.3099000E+1	6.1849158E+1	6.0109093E+1	0.0000000E+0	0.0000000E+0	1.0000000E+2	0.0000000E+0
7.3149000E+1	6.1840306E+1	6.0106707E+1	0.0000000E+0	0.0000000E+0	1.0000000E+2	0.0000000E+0
7.3199000E+1	6.1850657E+1	6.0120044E+1	0.0000000E+0	0.0000000E+0	1.0000000E+2	0.0000000E+0
7.3249000E+1	6.1835875E+1	6.0123806E+1	0.0000000E+0	0.0000000E+0	1.0000000E+2	0.0000000E+0
7.3299000E+1	6.1815713E+1	6.0105490E+1	0.0000000E+0	0.0000000E+0	1.0000000E+2	0.0000000E+0
7.3350000E+1	6.1822397E+1	6.0109176E+1	0.0000000E+0	0.0000000E+0	1.0000000E+2	0.0000000E+0
7.3400000E+1	6.1825373E+1	6.0116848E+1	0.0000000E+0	0.0000000E+0	1.0000000E+2	0.0000000E+0
7.3450000E+1	6.1821025E+1	6.0117519E+1	0.0000000E+0	0.0000000E+0	1.0000000E+2	0.0000000E+0
7.3500000E+1	6.1817205E+1	6.0125267E+1	0.0000000E+0	0.0000000E+0	1.0000000E+2	0.0000000E+0
7.3550000E+1	6.1813307E+1	6.0124173E+1	0.0000000E+0	0.0000000E+0	1.0000000E+2	0.0000000E+0
7.3600000E+1	6.1807137E+1	6.0128068E+1	0.0000000E+0	0.0000000E+0	1.0000000E+2	0.0000000E+0
7.3650000E+1	6.1794193E+1	6.0117356E+1	0.0000000E+0	0.0000000E+0	1.0000000E+2	0.0000000E+0
7.3700000E+1	6.1805362E+1	6.0129219E+1	0.0000000E+0	0.0000000E+0	1.0000000E+2	0.0000000E+0
7.3751000E+1	6.1810477E+1	6.0129126E+1	0.0000000E+0	0.0000000E+0	1.0000000E+2	0.0000000E+0
7.3802000E+1	6.1827825E+1	6.0130529E+1	0.0000000E+0	0.0000000E+0	1.0000000E+2	0.0000000E+0
7.3853000E+1	6.1832429E+1	6.0128680E+1	0.0000000E+0	0.0000000E+0	1.0000000E+2	0.0000000E+0
7.3904000E+1	6.1846162E+1	6.0144731E+1	0.0000000E+0	0.0000000E+0	1.0000000E+2	0.0000000E+0
7.3954000E+1	6.1837466E+1	6.0140871E+1	0.0000000E+0	0.0000000E+0	1.0000000E+2	0.0000000E+0
7.4004000E+1	6.1835790E+1	6.0143209E+1	0.0000000E+0	0.0000000E+0	1.0000000E+2	0.0000000E+0
7.4054000E+1	6.1821255E+1	6.0146779E+1	0.0000000E+0	0.0000000E+0	1.0000000E+2	0.0000000E+0
7.4105000E+1	6.1814838E+1	6.0144007E+1	0.0000000E+0	0.0000000E+0	1.0000000E+2	0.0000000E+0
7.4155000E+1	6.1803651E+1	6.0147688E+1	0.0000000E+0	0.0000000E+0	1.0000000E+2	0.0000000E+0
7.4206000E+1	6.1777562E+1	6.0141489E+1	0.0000000E+0	0.0000000E+0	1.0000000E+2	0.0000000E+0
7.4256000E+1	6.1771754E+1	6.0144745E+1	0.0000000E+0	0.0000000E+0	1.0000000E+2	0.0000000E+0
7.4307000E+1	6.1773545E+1	6.0140380E+1	0.0000000E+0	0.0000000E+0	1.0000000E+2	0.0000000E+0
7.4358000E+1	6.1759746E+1	6.0135085E+1	0.0000000E+0	0.0000000E+0	1.0000000E+2	0.0000000E+0
7.4408000E+1	6.1757587E+1	6.0140564E+1	0.0000000E+0	0.0000000E+0	1.0000000E+2	0.0000000E+0
7.4458000E+1	6.1736393E+1	6.0137350E+1	0.0000000E+0	0.0000000E+0	1.0000000E+2	0.0000000E+0
7.4508000E+1	6.1744791E+1	6.0135924E+1	0.0000000E+0	0.0000000E+0	1.0000000E+2	0.0000000E+0
7.4558000E+1	6.1745906E+1	6.0131029E+1	0.0000000E+0	0.0000000E+0	1.0000000E+2	0.0000000E+0
7.4608000E+1	6.1745468E+1	6.0142314E+1	0.0000000E+0	0.0000000E+0	1.0000000E+2	0.0000000E+0
7.4658000E+1	6.1745640E+1	6.0137308E+1	0.0000000E+0	0.0000000E+0	1.0000000E+2	0.0000000E+0
7.4708000E+1	6.1744732E+1	6.0141455E+1	0.0000000E+0	0.0000000E+0	1.0000000E+2	0.0000000E+0
7.4758000E+1	6.1751470E+1	6.0139850E+1	0.0000000E+0	0.0000000E+0	1.0000000E+2	0.0000000E+0
7.4808000E+1	6.1743378E+1	6.0134060E+1	0.0000000E+0	0.0000000E+0	1.0000000E+2	0.0000000E+0
7.4858000E+1	6.1734072E+1	6.0128838E+1	0.0000000E+0	0.0000000E+0	1.0000000E+2	0.0000000E+0
7.4908000E+1	6.1729959E+1	6.0135052E+1	0.0000000E+0	0.0000000E+0	1.0000000E+2	0.0000000E+0
7.4958000E+1	6.1732560E+1	6.0133897E+1	0.0000000E+0	0.0000000E+0	1.0000000E+2	0.0000000E+0
7.5009000E+1	6.1746900E+1	6.0143351E+1	0.0000000E+0	0.0000000E+0	1.0000000E+2	0.0000000E+0
7.5059000E+1	6.1758934E+1	6.0139961E+1	0.0000000E+0	0.0000000E+0	1.0000000E+2	0.0000000E+0
7.5109000E+1	6.1764019E+1	6.0141285E+1	0.0000000E+0	0.0000000E+0	1.0000000E+2	0.0000000E+0
7.5159000E+1	6.1772595E+1	6.0146050E+1	0.0000000E+0	0.0000000E+0	1.0000000E+2	0.0000000E+0
7.5209000E+1	6.1767709E+1	6.0150389E+1	0.0000000E+0	0.0000000E+0	1.0000000E+2	0.0000000E+0
7.5259000E+1	6.1754002E+1	6.0143737E+1	0.0000000E+0	0.0000000E+0	1.0000000E+2	0.0000000E+0
7.5310000E+1	6.1750905E+1	6.0143932E+1	0.0000000E+0	0.0000000E+0	1.0000000E+2	0.0000000E+0
7.5360000E+1	6.1749861E+1	6.0139835E+1	0.0000000E+0	0.0000000E+0	1.0000000E+2	0.0000000E+0
7.5410000E+1	6.1753044E+1	6.0134040E+1	0.0000000E+0	0.0000000E+0	1.0000000E+2	0.0000000E+0
7.5460000E+1	6.1745438E+1	6.0134041E+1	0.0000000E+0	0.0000000E+0	1.0000000E+2	0.0000000E+0
7.5510000E+1	6.1736427E+1	6.0131657E+1	0.0000000E+0	0.0000000E+0	1.0000000E+2	0.0000000E+0
7.5561000E+1	6.1740703E+1	6.0139537E+1	0.0000000E+0	0.0000000E+0	1.0000000E+2	0.0000000E+0
7.5612000E+1	6.1725153E+1	6.0129504E+1	0.0000000E+0	0.0000000E+0	1.0000000E+2	0.0000000E+0
7.5662000E+1	6.1721987E+1	6.0133292E+1	0.0000000E+0	0.0000000E+0	1.0000000E+2	0.0000000E+0
7.5713000E+1	6.1695674E+1	6.0123555E+1	0.0000000E+0	0.0000000E+0	1.0000000E+2	0.0000000E+0
7.5764000E+1	6.1682247E+1	6.0120911E+1	0.0000000E+0	0.0000000E+0	1.0000000E+2	0.0000000E+0
7.5814000E+1	6.1668430E+1	6.0119728E+1	0.0000000E+0	0.0000000E+0	1.0000000E+2	0.0000000E+0
7.5865000E+1	6.1673121E+1	6.0124786E+1	0.0000000E+0	0.0000000E+0	1.0000000E+2	0.0000000E+0
7.5915000E+1	6.1687146E+1	6.0139014E+1	0.0000000E+0	0.0000000E+0	1.0000000E+2	0.0000000E+0
7.5965000E+1	6.1679487E+1	6.0136264E+1	0.0000000E+0	0.0000000E+0	1.0000000E+2	0.0000000E+0
7.6015000E+1	6.1660293E+1	6.0128483E+1	0.0000000E+0	0.0000000E+0	1.0000000E+2	0.0000000E+0
7.6065000E+1	6.1641206E+1	6.0139132E+1	0.0000000E+0	0.0000000E+0	1.0000000E+2	0.0000000E+0
7.6115000E+1	6.1622975E+1	6.0124394E+1	0.0000000E+0	0.0000000E+0	1.0000000E+2	0.0000000E+0
7.6165000E+1	6.1612759E+1	6.0121585E+1	0.0000000E+0	0.0000000E+0	1.0000000E+2	0.0000000E+0
7.6215000E+1	6.1605773E+1	6.0125623E+1	0.0000000E+0	0.0000000E+0	1.0000000E+2	0.0000000E+0
7.6265000E+1	6.1569704E+1	6.0095140E+1	0.0000000E+0	0.0000000E+0	1.0000000E+2	0.0000000E+0
7.6315000E+1	6.1561254E+1	6.0101057E+1	0.0000000E+0	0.0000000E+0	1.0000000E+2	0.0000000E+0
7.6365000E+1	6.1565823E+1	6.0116414E+1	0.0000000E+0	0.0000000E+0	1.0000000E+2	0.0000000E+0
7.6415000E+1	6.1576004E+1	6.0130271E+1	0.0000000E+0	0.0000000E+0	1.0000000E+2	0.0000000E+0
7.6465000E+1	6.1559833E+1	6.0121767E+1	0.0000000E+0	0.0000000E+0	1.0000000E+2	0.0000000E+0
7.6517000E+1	6.1552386E+1	6.0119257E+1	0.0000000E+0	0.0000000E+0	1.0000000E+2	0.0000000E+0
7.6568000E+1	6.1546216E+1	6.0118313E+1	0.0000000E+0	0.0000000E+0	1.0000000E+2	0.0000000E+0
7.6618000E+1	6.1544073E+1	6.0124573E+1	0.0000000E+0	0.0000000E+0	1.0000000E+2	0.0000000E+0
7.6668000E+1	6.1548579E+1	6.0129325E+1	0.0000000E+0	0.0000000E+0	1.0000000E+2	0.0000000E+0
7.6718000E+1	6.1562121E+1	6.0125881E+1	0.0000000E+0	0.0000000E+0	1.0000000E+2	0.0000000E+0
7.6768000E+1	6.1566097E+1	6.0126310E+1	0.0000000E+0	0.0000000E+0	1.0000000E+2	0.0000000E+0
7.6818000E+1	6.1564438E+1	6.0128535E+1	0.0000000E+0	0.0000000E+0	1.0000000E+2	0.0000000E+0
7.6868000E+1	6.1592016E+1	6.0139024E+1	0.0000000E+0	0.0000000E+0	1.0000000E+2	0.0000000E+0
7.6918000E+1	6.1579950E+1	6.0122727E+1	0.0000000E+0	0.0000000E+0	1.0000000E+2	0.0000000E+0
7.6968000E+1	6.1586945E+1	6.0114740E+1	0.0000000E+0	0.0000000E+0	1.0000000E+2	0.0000000E+0
7.7018000E+1	6.1587027E+1	6.0121489E+1	0.0000000E+0	0.0000000E+0	1.0000000E+2	0.0000000E+0
7.7068000E+1	6.1590859E+1	6.0119111E+1	0.0000000E+0	0.0000000E+0	1.0000000E+2	0.0000000E+0
7.7119000E+1	6.1592667E+1	6.0112908E+1	0.0000000E+0	0.0000000E+0	1.0000000E+2	0.0000000E+0
7.7170000E+1	6.1611995E+1	6.0127258E+1	0.0000000E+0	0.0000000E+0	1.0000000E+2	0.0000000E+0
7.7220000E+1	6.1617317E+1	6.0118279E+1	0.0000000E+0	0.0000000E+0	1.0000000E+2	0.0000000E+0
7.7270000E+1	6.1627406E+1	6.0117545E+1	0.0000000E+0	0.0000000E+0	1.0000000E+2	0.0000000E+0
7.7320000E+1	6.1644755E+1	6.0130250E+1	0.0000000E+0	0.0000000E+0	1.0000000E+2	0.0000000E+0
7.7370000E+1	6.1657082E+1	6.0125815E+1	0.0000000E+0	0.0000000E+0	1.0000000E+2	0.0000000E+0
7.7420000E+1	6.1657212E+1	6.0117837E+1	0.0000000E+0	0.0000000E+0	1.0000000E+2	0.0000000E+0
7.7470000E+1	6.1677005E+1	6.0110506E+1	0.0000000E+0	0.0000000E+0	1.0000000E+2	0.0000000E+0
7.7521000E+1	6.1681452E+1	6.0117304E+1	0.0000000E+0	0.0000000E+0	1.0000000E+2	0.0000000E+0
7.7571000E+1	6.1659712E+1	6.0104587E+1	0.0000000E+0	0.0000000E+0	1.0000000E+2	0.0000000E+0
7.7621000E+1	6.1658310E+1	6.0098015E+1	0.0000000E+0	0.0000000E+0	1.0000000E+2	0.0000000E+0
7.7672000E+1	6.1665124E+1	6.0092927E+1	0.0000000E+0	0.0000000E+0	1.0000000E+2	0.0000000E+0
7.7722000E+1	6.1676635E+1	6.0090895E+1	0.0000000E+0	0.0000000E+0	1.0000000E+2	0.0000000E+0
7.7772000E+1	6.1683048E+1	6.0080328E+1	0.0000000E+0	0.0000000E+0	1.0000000E+2	0.0000000E+0
7.7822000E+1	6.1699883E+1	6.0085551E+1	0.0000000E+0	0.0000000E+0	1.0000000E+2	0.0000000E+0
7.7872000E+1	6.1707838E+1	6.0090433E+1	0.0000000E+0	0.0000000E+0	1.0000000E+2	0.0000000E+0
7.7922000E+1	6.1684045E+1	6.0080165E+1	0.0000000E+0	0.0000000E+0	1.0000000E+2	0.0000000E+0
7.7972000E+1	6.1687493E+1	6.0087180E+1	0.0000000E+0	0.0000000E+0	1.0000000E+2	0.0000000E+0
7.8022000E+1	6.1697333E+1	6.0090732E+1	0.0000000E+0	0.0000000E+0	1.0000000E+2	0.0000000E+0
7.8072000E+1	6.1672198E+1	6.0074030E+1	0.0000000E+0	0.0000000E+0	1.0000000E+2	0.0000000E+0
7.8122000E+1	6.1674988E+1	6.0077521E+1	0.0000000E+0	0.0000000E+0	1.0000000E+2	0.0000000E+0
7.8173000E+1	6.1677028E+1	6.0089612E+1	0.0000000E+0	0.0000000E+0	1.0000000E+2	0.0000000E+0
7.8224000E+1	6.1665293E+1	6.0087980E+1	0.0000000E+0	0.0000000E+0	1.0000000E+2	0.0000000E+0
7.8274000E+1	6.1646980E+1	6.0078808E+1	0.0000000E+0	0.0000000E+0	1.0000000E+2	0.0000000E+0
7.8324000E+1	6.1642227E+1	6.0082580E+1	0.0000000E+0	0.0000000E+0	1.0000000E+2	0.0000000E+0
7.8374000E+1	6.1624514E+1	6.0069913E+1	0.0000000E+0	0.0000000E+0	1.0000000E+2	0.0000000E+0
7.8424000E+1	6.1622581E+1	6.0068129E+1	0.0000000E+0	0.0000000E+0	1.0000000E+2	0.0000000E+0
7.8474000E+1	6.1614913E+1	6.0078167E+1	0.0000000E+0	0.0000000E+0	1.0000000E+2	0.0000000E+0
7.8524000E+1	6.1606980E+1	6.0072214E+1	0.0000000E+0	0.0000000E+0	1.0000000E+2	0.0000000E+0
7.8574000E+1	6.1588945E+1	6.0061019E+1	0.0000000E+0	0.0000000E+0	1.0000000E+2	0.0000000E+0
7.8624000E+1	6.1584299E+1	6.0069981E+1	0.0000000E+0	0.0000000E+0	1.0000000E+2	0.0000000E+0
7.8674000E+1	6.1587041E+1	6.0066139E+1	0.0000000E+0	0.0000000E+0	1.0000000E+2	0.0000000E+0
7.8724000E+1	6.1592645E+1	6.0063307E+1	0.0000000E+0	0.0000000E+0	1.0000000E+2	0.0000000E+0
7.8775000E+1	6.1611382E+1	6.0084651E+1	0.0000000E+0	0.0000000E+0	1.0000000E+2	0.0000000E+0
7.8825000E+1	6.1607104E+1	6.0091916E+1	0.0000000E+0	0.0000000E+0	1.0000000E+2	0.0000000E+0
7.8875000E+1	6.1591243E+1	6.0083471E+1	0.0000000E+0	0.0000000E+0	1.0000000E+2	0.0000000E+0
7.8925000E+1	6.1589862E+1	6.0086937E+1	0.0000000E+0	0.0000000E+0	1.0000000E+2	0.0000000E+0
7.8975000E+1	6.1582067E+1	6.0080447E+1	0.0000000E+0	0.0000000E+0	1.0000000E+2	0.0000000E+0
7.9025000E+1	6.1579724E+1	6.0085787E+1	0.0000000E+0	0.0000000E+0	1.0000000E+2	0.0000000E+0
7.9075000E+1	6.1570690E+1	6.0081740E+1	0.0000000E+0	0.0000000E+0	1.0000000E+2	0.0000000E+0
7.9125000E+1	6.1592752E+1	6.0083622E+1	0.0000000E+0	0.0000000E+0	1.0000000E+2	0.0000000E+0
7.9175000E+1	6.1603528E+1	6.0089230E+1	0.0000000E+0	0.0000000E+0	1.0000000E+2	0.0000000E+0
7.9225000E+1	6.1597037E+1	6.0091545E+1	0.0000000E+0	0.0000000E+0	1.0000000E+2	0.0000000E+0
7.9276000E+1	6.1579385E+1	6.0085445E+1	0.0000000E+0	0.0000000E+0	1.0000000E+2	0.0000000E+0
7.9326000E+1	6.1570094E+1	6.0092138E+1	0.0000000E+0	0.0000000E+0	1.0000000E+2	0.0000000E+0
7.9376000E+1	6.1548423E+1	6.0093534E+1	0.0000000E+0	0.0000000E+0	1.0000000E+2	0.0000000E+0
7.9427000E+1	6.1525221E+1	6.0086341E+1	0.0000000E+0	0.0000000E+0	1.0000000E+2	0.0000000E+0
7.9477000E+1	6.1523396E+1	6.0090291E+1	0.0000000E+0	0.0000000E+0	1.0000000E+2	0.0000000E+0
7.9527000E+1	6.1517080E+1	6.0082241E+1	0.0000000E+0	0.0000000E+0	1.0000000E+2	0.0000000E+0
7.9578000E+1	6.1499816E+1	6.0071352E+1	0.0000000E+0	0.0000000E+0	1.0000000E+2	0.0000000E+0
7.9628000E+1	6.1510158E+1	6.0082850E+1	0.0000000E+0	0.0000000E+0	1.0000000E+2	0.0000000E+0
7.9678000E+1	6.1498418E+1	6.0081572E+1	0.0000000E+0	0.0000000E+0	1.0000000E+2	0.0000000E+0
7.9728000E+1	6.1491220E+1	6.0081253E+1	0.0000000E+0	0.0000000E+0	1.0000000E+2	0.0000000E+0
7.9779000E+1	6.1492670E+1	6.0082617E+1	0.0000000E+0	0.0000000E+0	1.0000000E+2	0.0000000E+0
7.9830000E+1	6.1480438E+1	6.0081925E+1	0.0000000E+0	0.0000000E+0	1.0000000E+2	0.0000000E+0
7.9880000E+1	6.1475032E+1	6.0077014E+1	0.0000000E+0	0.0000000E+0	1.0000000E+2	0.0000000E+0
7.9930000E+1	6.1482623E+1	6.0095812E+1	0.0000000E+0	0.0000000E+0	1.0000000E+2	0.0000000E+0
7.9980000E+1	6.1497323E+1	6.0106825E+1	0.0000000E+0	0.0000000E+0	1.0000000E+2	0.0000000E+0
8.0030000E+1	6.1495503E+1	6.0110895E+1	0.0000000E+0	0.0000000E+0	1.0000000E+2	0.0000000E+0
8.0080000E+1	6.1495766E+1	6.0109644E+1	0.0000000E+0	0.0000000E+0	1.0000000E+2	0.0000000E+0
8.0130000E+1	6.1495374E+1	6.0106881E+1	0.0000000E+0	0.0000000E+0	1.0000000E+2	0.0000000E+0
8.0180000E+1	6.1474419E+1	6.0088927E+1	0.0000000E+0	0.0000000E+0	1.0000000E+2	0.0000000E+0
8.0231000E+1	6.1469605E+1	6.0086241E+1	0.0000000E+0	0.0000000E+0	1.0000000E+2	0.0000000E+0
8.0282000E+1	6.1474046E+1	6.0074648E+1	0.0000000E+0	0.0000000E+0	1.0000000E+2	0.0000000E+0
8.0332000E+1	6.1468545E+1	6.0072221E+1	0.0000000E+0	0.0000000E+0	1.0000000E+2	0.0000000E+0
8.0382000E+1	6.1476670E+1	6.0079337E+1	0.0000000E+0	0.0000000E+0	1.0000000E+2	0.0000000E+0
8.0432000E+1	6.1502841E+1	6.0098706E+1	0.0000000E+0	0.0000000E+0	1.0000000E+2	0.0000000E+0
8.0482000E+1	6.1486593E+1	6.0098701E+1	0.0000000E+0	0.0000000E+0	1.0000000E+2	0.0000000E+0
8.0533000E+1	6.1479401E+1	6.0090889E+1	0.0000000E+0	0.0000000E+0	1.0000000E+2	0.0000000E+0
8.0584000E+1	6.1493419E+1	6.0101984E+1	0.0000000E+0	0.0000000E+0	1.0000000E+2	0.0000000E+0
8.0634000E+1	6.1500200E+1	6.0099158E+1	0.0000000E+0	0.0000000E+0	1.0000000E+2	0.0000000E+0
8.0685000E+1	6.1520251E+1	6.0098845E+1	0.0000000E+0	0.0000000E+0	1.0000000E+2	0.0000000E+0
8.0736000E+1	6.1505684E+1	6.0100760E+1	0.0000000E+0	0.0000000E+0	1.0000000E+2	0.0000000E+0
8.0786000E+1	6.1512243E+1	6.0097038E+1	0.0000000E+0	0.0000000E+0	1.0000000E+2	0.0000000E+0
8.0836000E+1	6.1504065E+1	6.0097904E+1	0.0000000E+0	0.0000000E+0	1.0000000E+2	0.0000000E+0
8.0888000E+1	6.1495382E+1	6.0089870E+1	0.0000000E+0	0.0000000E+0	1.0000000E+2	0.0000000E+0
8.0938000E+1	6.1483095E+1	6.0083194E+1	0.0000000E+0	0.0000000E+0	1.0000000E+2	0.0000000E+0
8.0988000E+1	6.1499232E+1	6.0093690E+1	0.0000000E+0	0.0000000E+0	1.0000000E+2	0.0000000E+0
8.1038000E+1	6.1480295E+1	6.0075960E+1	0.0000000E+0	0.0000000E+0	1.0000000E+2	0.0000000E+0
8.1088000E+1	6.1496326E+1	6.0087277E+1	0.0000000E+0	0.0000000E+0	1.0000000E+2	0.0000000E+0
8.1138000E+1	6.1464716E+1	6.0075462E+1	0.0000000E+0	0.0000000E+0	1.0000000E+2	0.0000000E+0
8.1188000E+1	6.1463305E+1	6.0073652E+1	0.0000000E+0	0.0000000E+0	1.0000000E+2	0.0000000E+0
8.1238000E+1	6.1445347E+1	6.0075851E+1	0.0000000E+0	0.0000000E+0	1.0000000E+2	0.0000000E+0
8.1288000E+1	6.1436953E+1	6.0062697E+1	0.0000000E+0	0.0000000E+0	1.0000000E+2	0.0000000E+0
8.1338000E+1	6.1439241E+1	6.0069224E+1	0.0000000E+0	0.0000000E+0	1.0000000E+2	0.0000000E+0
8.1388000E+1	6.1430490E+1	6.0073990E+1	0.0000000E+0	0.0000000E+0	1.0000000E+2	0.0000000E+0
8.1439000E+1	6.1436577E+1	6.0077745E+1	0.0000000E+0	0.0000000E+0	1.0000000E+2	0.0000000E+0
8.1489000E+1	6.1453700E+1	6.0096315E+1	0.0000000E+0	0.0000000E+0	1.0000000E+2	0.0000000E+0
8.1539000E+1	6.1449623E+1	6.0092467E+1	0.0000000E+0	0.0000000E+0	1.0000000E+2	0.0000000E+0
8.1589000E+1	6.1459862E+1	6.0098652E+1	0.0000000E+0	0.0000000E+0	1.0000000E+2	0.0000000E+0
8.1640000E+1	6.1447039E+1	6.0101375E+1	0.0000000E+0	0.0000000E+0	1.0000000E+2	0.0000000E+0
8.1690000E+1	6.1424849E+1	6.0094404E+1	0.0000000E+0	0.0000000E+0	1.0000000E+2	0.0000000E+0
8.1741000E+1	6.1400067E+1	6.0086049E+1	0.0000000E+0	0.0000000E+0	1.0000000E+2	0.0000000E+0
8.1792000E+1	6.1395801E+1	6.0078718E+1	0.0000000E+0	0.0000000E+0	1.0000000E+2	0.0000000E+0
8.1843000E+1	6.1387586E+1	6.0088918E+1	0.0000000E+0	0.0000000E+0	1.0000000E+2	0.0000000E+0
8.1893000E+1	6.1389938E+1	6.0086615E+1	0.0000000E+0	0.0000000E+0	1.0000000E+2	0.0000000E+0
8.1944000E+1	6.1374745E+1	6.0081860E+1	0.0000000E+0	0.0000000E+0	1.0000000E+2	0.0000000E+0
8.1994000E+1	6.1378469E+1	6.0088916E+1	0.0000000E+0	0.0000000E+0	1.0000000E+2	0.0000000E+0
8.2045000E+1	6.1369372E+1	6.0076891E+1	0.0000000E+0	0.0000000E+0	1.0000000E+2	0.0000000E+0
8.2095000E+1	6.1378067E+1	6.0083029E+1	0.0000000E+0	0.0000000E+0	1.0000000E+2	0.0000000E+0
8.2145000E+1	6.1387277E+1	6.0086728E+1	0.0000000E+0	0.0000000E+0	1.0000000E+2	0.0000000E+0
8.2195000E+1	6.1395301E+1	6.0092182E+1	0.0000000E+0	0.0000000E+0	1.0000000E+2	0.0000000E+0
8.2246000E+1	6.1410362E+1	6.0112287E+1	0.0000000E+0	0.0000000E+0	1.0000000E+2	0.0000000E+0
8.2297000E+1	6.1390684E+1	6.0094883E+1	0.0000000E+0	0.0000000E+0	1.0000000E+2	0.0000000E+0
8.2348000E+1	6.1369731E+1	6.0087641E+1	0.0000000E+0	0.0000000E+0	1.0000000E+2	0.0000000E+0
8.2398000E+1	6.1353262E+1	6.0092369E+1	0.0000000E+0	0.0000000E+0	1.0000000E+2	0.0000000E+0
8.2448000E+1	6.1331351E+1	6.0080347E+1	0.0000000E+0	0.0000000E+0	1.0000000E+2	0.0000000E+0
8.2498000E+1	6.1316652E+1	6.0083247E+1	0.0000000E+0	0.0000000E+0	1.0000000E+2	0.0000000E+0
8.2548000E+1	6.1306044E+1	6.0087540E+1	0.0000000E+0	0.0000000E+0	1.0000000E+2	0.0000000E+0
8.2598000E+1	6.1311848E+1	6.0093938E+1	0.0000000E+0	0.0000000E+0	1.0000000E+2	0.0000000E+0
8.2648000E+1	6.1301768E+1	6.0103758E+1	0.0000000E+0	0.0000000E+0	1.0000000E+2	0.0000000E+0
8.2698000E+1	6.1304574E+1	6.0105582E+1	0.0000000E+0	0.0000000E+0	1.0000000E+2	0.0000000E+0
8.2748000E+1	6.1300731E+1	6.0101534E+1	0.0000000E+0	0.0000000E+0	1.0000000E+2	0.0000000E+0
8.2799000E+1	6.1280861E+1	6.0098708E+1	0.0000000E+0	0.0000000E+0	1.0000000E+2	0.0000000E+0
8.2850000E+1	6.1260236E+1	6.0094921E+1	0.0000000E+0	0.0000000E+0	1.0000000E+2	0.0000000E+0
8.2900000E+1	6.1271321E+1	6.0098300E+1	0.0000000E+0	0.0000000E+0	1.0000000E+2	0.0000000E+0
8.2951000E+1	6.1274095E+1	6.0108487E+1	0.0000000E+0	0.0000000E+0	1.0000000E+2	0.0000000E+0
8.3001000E+1	6.1252485E+1	6.0098706E+1	0.0000000E+0	0.0000000E+0	1.0000000E+2	0.0000000E+0
8.3051000E+1	6.1238266E+1	6.0085828E+1	0.0000000E+0	0.0000000E+0	1.0000000E+2	0.0000000E+0
8.3101000E+1	6.1248708E+1	6.0096505E+1	0.0000000E+0	0.0000000E+0	1.0000000E+2	0.0000000E+0
8.3151000E+1	6.1239392E+1	6.0089814E+1	0.0000000E+0	0.0000000E+0	1.0000000E+2	0.0000000E+0
8.3201000E+1	6.1247530E+1	6.0095451E+1	0.0000000E+0	0.0000000E+0	1.0000000E+2	0.0000000E+0
8.3251000E+1	6.1242681E+1	6.0093692E+1	0.0000000E+0	0.0000000E+0	1.0000000E+2	0.0000000E+0
8.3301000E+1	6.1255087E+1	6.0101864E+1	0.0000000E+0	0.0000000E+0	1.0000000E+2	0.0000000E+0
8.3351000E+1	6.1248509E+1	6.0092776E+1	0.0000000E+0	0.0000000E+0	1.0000000E+2	0.0000000E+0
8.3401000E+1	6.1250912E+1	6.0109033E+1	0.0000000E+0	0.0000000E+0	1.0000000E+2	0.0000000E+0
8.3451000E+1	6.1232681E+1	6.0081153E+1	0.0000000E+0	0.0000000E+0	1.0000000E+2	0.0000000E+0
8.3501000E+1	6.1243216E+1	6.0102054E+1	0.0000000E+0	0.0000000E+0	1.0000000E+2	0.0000000E+0
8.3551000E+1	6.1235475E+1	6.0088905E+1	0.0000000E+0	0.0000000E+0	1.0000000E+2	0.0000000E+0
8.3601000E+1	6.1231022E+1	6.0086495E+1	0.0000000E+0	0.0000000E+0	1.0000000E+2	0.0000000E+0
8.3652000E+1	6.1235639E+1	6.0092039E+1	0.0000000E+0	0.0000000E+0	1.0000000E+2	0.0000000E+0
8.3702000E+1	6.1242568E+1	6.0103006E+1	0.0000000E+0	0.0000000E+0	1.0000000E+2	0.0000000E+0
8.3752000E+1	6.1222743E+1	6.0088935E+1	0.0000000E+0	0.0000000E+0	1.0000000E+2	0.0000000E+0
8.3802000E+1	6.1218176E+1	6.0082819E+1	0.0000000E+0	0.0000000E+0	1.0000000E+2	0.0000000E+0
8.3852000E+1	6.1220872E+1	6.0089042E+1	0.0000000E+0	0.0000000E+0	1.0000000E+2	0.0000000E+0
8.3902000E+1	6.1218492E+1	6.0086982E+1	0.0000000E+0	0.0000000E+0	1.0000000E+2	0.0000000E+0
8.3952000E+1	6.1223940E+1	6.0099030E+1	0.0000000E+0	0.0000000E+0	1.0000000E+2	0.0000000E+0
8.4003000E+1	6.1211556E+1	6.0092524E+1	0.0000000E+0	0.0000000E+0	1.0000000E+2	0.0000000E+0
8.4053000E+1	6.1204643E+1	6.0090721E+1	0.0000000E+0	0.0000000E+0	1.0000000E+2	0.0000000E+0
8.4104000E+1	6.1211801E+1	6.0085986E+1	0.0000000E+0	0.0000000E+0	1.0000000E+2	0.0000000E+0
8.4154000E+1	6.1214104E+1	6.0091225E+1	0.0000000E+0	0.0000000E+0	1.0000000E+2	0.0000000E+0
8.4205000E+1	6.1216218E+1	6.0086833E+1	0.0000000E+0	0.0000000E+0	1.0000000E+2	0.0000000E+0
8.4255000E+1	6.1219103E+1	6.0080025E+1	0.0000000E+0	0.0000000E+0	1.0000000E+2	0.0000000E+0
8.4306000E+1	6.1235832E+1	6.0094411E+1	0.0000000E+0	0.0000000E+0	1.0000000E+2	0.0000000E+0
8.4356000E+1	6.1229401E+1	6.0088899E+1	0.0000000E+0	0.0000000E+0	1.0000000E+2	0.0000000E+0
8.4406000E+1	6.1221694E+1	6.0080175E+1	0.0000000E+0	0.0000000E+0	1.0000000E+2	0.0000000E+0
8.4456000E+1	6.1222244E+1	6.0091995E+1	0.0000000E+0	0.0000000E+0	1.0000000E+2	0.0000000E+0
8.4507000E+1	6.1214627E+1	6.0089720E+1	0.0000000E+0	0.0000000E+0	1.0000000E+2	0.0000000E+0
8.4557000E+1	6.1209839E+1	6.0087012E+1	0.0000000E+0	0.0000000E+0	1.0000000E+2	0.0000000E+0
8.4608000E+1	6.1211146E+1	6.0085656E+1	0.0000000E+0	0.0000000E+0	1.0000000E+2	0.0000000E+0
8.4659000E+1	6.1227684E+1	6.0089309E+1	0.0000000E+0	0.0000000E+0	1.0000000E+2	0.0000000E+0
8.4709000E+1	6.1236862E+1	6.0096685E+1	0.0000000E+0	0.0000000E+0	1.0000000E+2	0.0000000E+0
8.4759000E+1	6.1240442E+1	6.0097079E+1	0.0000000E+0	0.0000000E+0	1.0000000E+2	0.0000000E+0
8.4809000E+1	6.1236031E+1	6.0091853E+1	0.0000000E+0	0.0000000E+0	1.0000000E+2	0.0000000E+0
8.4859000E+1	6.1238055E+1	6.0110719E+1	0.0000000E+0	0.0000000E+0	1.0000000E+2	0.0000000E+0
8.4909000E+1	6.1215842E+1	6.0093875E+1	0.0000000E+0	0.0000000E+0	1.0000000E+2	0.0000000E+0
8.4959000E+1	6.1206204E+1	6.0085588E+1	0.0000000E+0	0.0000000E+0	1.0000000E+2	0.0000000E+0
8.5010000E+1	6.1205688E+1	6.0089544E+1	0.0000000E+0	0.0000000E+0	1.0000000E+2	0.0000000E+0
8.5060000E+1	6.1191930E+1	6.0083351E+1	0.0000000E+0	0.0000000E+0	1.0000000E+2	0.0000000E+0
8.5112000E+1	6.1181376E+1	6.0075373E+1	0.0000000E+0	0.0000000E+0	1.0000000E+2	0.0000000E+0
8.5163000E+1	6.1175667E+1	6.0073260E+1	0.0000000E+0	0.0000000E+0	1.0000000E+2	0.0000000E+0
8.5213000E+1	6.1155030E+1	6.0073056E+1	0.0000000E+0	0.0000000E+0	1.0000000E+2	0.0000000E+0
8.5263000E+1	6.1140128E+1	6.0073586E+1	0.0000000E+0	0.0000000E+0	1.0000000E+2	0.0000000E+0
8.5313000E+1	6.1133438E+1	6.0059985E+1	0.0000000E+0	0.0000000E+0	1.0000000E+2	0.0000000E+0
8.5363000E+1	6.1136770E+1	6.0069109E+1	0.0000000E+0	0.0000000E+0	1.0000000E+2	0.0000000E+0
8.5414000E+1	6.1119541E+1	6.0056768E+1	0.0000000E+0	0.0000000E+0	1.0000000E+2	0.0000000E+0
8.5465000E+1	6.1119378E+1	6.0058974E+1	0.0000000E+0	0.0000000E+0	1.0000000E+2	0.0000000E+0
8.5515000E+1	6.1108096E+1	6.0048461E+1	0.0000000E+0	0.0000000E+0	1.0000000E+2	0.0000000E+0
8.5565000E+1	6.1111047E+1	6.0055313E+1	0.0000000E+0	0.0000000E+0	1.0000000E+2	0.0000000E+0
8.5615000E+1	6.1112692E+1	6.0057313E+1	0.0000000E+0	0.0000000E+0	1.0000000E+2	0.0000000E+0
8.5665000E+1	6.1101008E+1	6.0040578E+1	0.0000000E+0	0.0000000E+0	1.0000000E+2	0.0000000E+0
8.5716000E+1	6.1102102E+1	6.0045569E+1	0.0000000E+0	0.0000000E+0	1.0000000E+2	0.0000000E+0
8.5766000E+1	6.1114289E+1	6.0046022E+1	0.0000000E+0	0.0000000E+0	1.0000000E+2	0.0000000E+0
8.5816000E+1	6.1107740E+1	6.0033171E+1	0.0000000E+0	0.0000000E+0	1.0000000E+2	0.0000000E+0
8.5866000E+1	6.1132832E+1	6.0049909E+1	0.0000000E+0	0.0000000E+0	1.0000000E+2	0.0000000E+0
8.5916000E+1	6.1134213E+1	6.0055057E+1	0.0000000E+0	0.0000000E+0	1.0000000E+2	0.0000000E+0
8.5966000E+1	6.1132654E+1	6.0055417E+1	0.0000000E+0	0.0000000E+0	1.0000000E+2	0.0000000E+0
8.6016000E+1	6.1122495E+1	6.0049547E+1	0.0000000E+0	0.0000000E+0	1.0000000E+2	0.0000000E+0
8.6066000E+1	6.1122127E+1	6.0045680E+1	0.0000000E+0	0.0000000E+0	1.0000000E+2	0.0000000E+0
8.6117000E+1	6.1115500E+1	6.0051308E+1	0.0000000E+0	0.0000000E+0	1.0000000E+2	0.0000000E+0
8.6168000E+1	6.1131323E+1	6.0050610E+1	0.0000000E+0	0.0000000E+0	1.0000000E+2	0.0000000E+0
8.6220000E+1	6.1132411E+1	6.0055929E+1	0.0000000E+0	0.0000000E+0	1.0000000E+2	0.0000000E+0
8.6270000E+1	6.1138954E+1	6.0058039E+1	0.0000000E+0	0.0000000E+0	1.0000000E+2	0.0000000E+0
8.6320000E+1	6.1147008E+1	6.0062933E+1	0.0000000E+0	0.0000000E+0	1.0000000E+2	0.0000000E+0
8.6371000E+1	6.1126923E+1	6.0058604E+1	0.0000000E+0	0.0000000E+0	1.0000000E+2	0.0000000E+0
8.6421000E+1	6.1102492E+1	6.0042857E+1	0.0000000E+0	0.0000000E+0	1.0000000E+2	0.0000000E+0
8.6472000E+1	6.1106576E+1	6.0042039E+1	0.0000000E+0	0.0000000E+0	1.0000000E+2	0.0000000E+0
8.6522000E+1	6.1112283E+1	6.0047495E+1	0.0000000E+0	0.0000000E+0	1.0000000E+2	0.0000000E+0
8.6572000E+1	6.1107080E+1	6.0029035E+1	0.0000000E+0	0.0000000E+0	1.0000000E+2	0.0000000E+0
8.6622000E+1	6.1119181E+1	6.0032363E+1	0.0000000E+0	0.0000000E+0	1.0000000E+2	0.0000000E+0
8.6672000E+1	6.1140369E+1	6.0040477E+1	0.0000000E+0	0.0000000E+0	1.0000000E+2	0.0000000E+0
8.6722000E+1	6.1147422E+1	6.0040874E+1	0.0000000E+0	0.0000000E+0	1.0000000E+2	0.0000000E+0
8.6773000E+1	6.1149623E+1	6.0038546E+1	0.0000000E+0	0.0000000E+0	1.0000000E+2	0.0000000E+0
8.6823000E+1	6.1157514E+1	6.0052842E+1	0.0000000E+0	0.0000000E+0	1.0000000E+2	0.0000000E+0
8.6873000E+1	6.1155051E+1	6.0058888E+1	0.0000000E+0	0.0000000E+0	1.0000000E+2	0.0000000E+0
8.6923000E+1	6.1149012E+1	6.0069089E+1	0.0000000E+0	0.0000000E+0	1.0000000E+2	0.0000000E+0
8.6974000E+1	6.1154817E+1	6.0068414E+1	0.0000000E+0	0.0000000E+0	1.0000000E+2	0.0000000E+0
8.7024000E+1	6.1155014E+1	6.0069495E+1	0.0000000E+0	0.0000000E+0	1.0000000E+2	0.0000000E+0
8.7074000E+1	6.1164218E+1	6.0073760E+1	0.0000000E+0	0.0000000E+0	1.0000000E+2	0.0000000E+0
8.7124000E+1	6.1154158E+1	6.0073546E+1	0.0000000E+0	0.0000000E+0	1.0000000E+2	0.0000000E+0
8.7174000E+1	6.1138673E+1	6.0064003E+1	0.0000000E+0	0.0000000E+0	1.0000000E+2	0.0000000E+0
8.7224000E+1	6.1144968E+1	6.0068980E+1	0.0000000E+0	0.0000000E+0	1.0000000E+2	0.0000000E+0
8.7274000E+1	6.1146786E+1	6.0076570E+1	0.0000000E+0	0.0000000E+0	1.0000000E+2	0.0000000E+0
8.7324000E+1	6.1155503E+1	6.0073783E+1	0.0000000E+0	0.0000000E+0	1.0000000E+2	0.0000000E+0
8.7374000E+1	6.1158381E+1	6.0065579E+1	0.0000000E+0	0.0000000E+0	1.0000000E+2	0.0000000E+0
8.7425000E+1	6.1170993E+1	6.0067691E+1	0.0000000E+0	0.0000000E+0	1.0000000E+2	0.0000000E+0
8.7475000E+1	6.1181332E+1	6.0065007E+1	0.0000000E+0	0.0000000E+0	1.0000000E+2	0.0000000E+0
8.7526000E+1	6.1183608E+1	6.0069959E+1	0.0000000E+0	0.0000000E+0	1.0000000E+2	0.0000000E+0
8.7576000E+1	6.1187646E+1	6.0082192E+1	0.0000000E+0	0.0000000E+0	1.0000000E+2	0.0000000E+0
8.7627000E+1	6.1180995E+1	6.0073378E+1	0.0000000E+0	0.0000000E+0	1.0000000E+2	0.0000000E+0
8.7677000E+1	6.1186100E+1	6.0076600E+1	0.0000000E+0	0.0000000E+0	1.0000000E+2	0.0000000E+0
8.7727000E+1	6.1190589E+1	6.0078713E+1	0.0000000E+0	0.0000000E+0	1.0000000E+2	0.0000000E+0
8.7777000E+1	6.1206339E+1	6.0090844E+1	0.0000000E+0	0.0000000E+0	1.0000000E+2	0.0000000E+0
8.7827000E+1	6.1213077E+1	6.0092916E+1	0.0000000E+0	0.0000000E+0	1.0000000E+2	0.0000000E+0
8.7877000E+1	6.1227443E+1	6.0099802E+1	0.0000000E+0	0.0000000E+0	1.0000000E+2	0.0000000E+0
8.7927000E+1	6.1220680E+1	6.0096327E+1	0.0000000E+0	0.0000000E+0	1.0000000E+2	0.0000000E+0
8.7978000E+1	6.1221374E+1	6.0098394E+1	0.0000000E+0	0.0000000E+0	1.0000000E+2	0.0000000E+0
8.8029000E+1	6.1222641E+1	6.0103916E+1	0.0000000E+0	0.0000000E+0	1.0000000E+2	0.0000000E+0
8.8079000E+1	6.1226090E+1	6.0096937E+1	0.0000000E+0	0.0000000E+0	1.0000000E+2	0.0000000E+0
8.8129000E+1	6.1233369E+1	6.0099051E+1	0.0000000E+0	0.0000000E+0	1.0000000E+2	0.0000000E+0
8.8179000E+1	6.1225928E+1	6.0089327E+1	0.0000000E+0	0.0000000E+0	1.0000000E+2	0.0000000E+0
8.8229000E+1	6.1230272E+1	6.0090751E+1	0.0000000E+0	0.0000000E+0	1.0000000E+2	0.0000000E+0
8.8279000E+1	6.1230351E+1	6.0085022E+1	0.0000000E+0	0.0000000E+0	1.0000000E+2	0.0000000E+0
8.8329000E+1	6.1238206E+1	6.0093827E+1	0.0000000E+0	0.0000000E+0	1.0000000E+2	0.0000000E+0
8.8380000E+1	6.1236309E+1	6.0086656E+1	0.0000000E+0	0.0000000E+0	1.0000000E+2	0.0000000E+0
8.8430000E+1	6.1224856E+1	6.0084456E+1	0.0000000E+0	0.0000000E+0	1.0000000E+2	0.0000000E+0
8.8480000E+1	6.1229027E+1	6.0096406E+1	0.0000000E+0	0.0000000E+0	1.0000000E+2	0.0000000E+0
8.8531000E+1	6.1233146E+1	6.0092317E+1	0.0000000E+0	0.0000000E+0	1.0000000E+2	0.0000000E+0
8.8581000E+1	6.1222489E+1	6.0091284E+1	0.0000000E+0	0.0000000E+0	1.0000000E+2	0.0000000E+0
8.8631000E+1	6.1225727E+1	6.0096572E+1	0.0000000E+0	0.0000000E+0	1.0000000E+2	0.0000000E+0
8.8681000E+1	6.1206155E+1	6.0079882E+1	0.0000000E+0	0.0000000E+0	1.0000000E+2	0.0000000E+0
8.8731000E+1	6.1200669E+1	6.0091603E+1	0.0000000E+0	0.0000000E+0	1.0000000E+2	0.0000000E+0
8.8781000E+1	6.1217300E+1	6.0091988E+1	0.0000000E+0	0.0000000E+0	1.0000000E+2	0.0000000E+0
8.8831000E+1	6.1217253E+1	6.0101095E+1	0.0000000E+0	0.0000000E+0	1.0000000E+2	0.0000000E+0
8.8881000E+1	6.1203678E+1	6.0097467E+1	0.0000000E+0	0.0000000E+0	1.0000000E+2	0.0000000E+0
8.8931000E+1	6.1215558E+1	6.0097086E+1	0.0000000E+0	0.0000000E+0	1.0000000E+2	0.0000000E+0
8.8982000E+1	6.1228532E+1	6.0099547E+1	0.0000000E+0	0.0000000E+0	1.0000000E+2	0.0000000E+0
8.9032000E+1	6.1234289E+1	6.0098914E+1	0.0000000E+0	0.0000000E+0	1.0000000E+2	0.0000000E+0
8.9083000E+1	6.1237125E+1	6.0104414E+1	0.0000000E+0	0.0000000E+0	1.0000000E+2	0.0000000E+0
8.9134000E+1	6.1242377E+1	6.0107496E+1	0.0000000E+0	0.0000000E+0	1.0000000E+2	0.0000000E+0
8.9185000E+1	6.1245741E+1	6.0110124E+1	0.0000000E+0	0.0000000E+0	1.0000000E+2	0.0000000E+0
8.9236000E+1	6.1242261E+1	6.0104777E+1	0.0000000E+0	0.0000000E+0	1.0000000E+2	0.0000000E+0
8.9286000E+1	6.1238354E+1	6.0095906E+1	0.0000000E+0	0.0000000E+0	1.0000000E+2	0.0000000E+0
8.9337000E+1	6.1234471E+1	6.0095710E+1	0.0000000E+0	0.0000000E+0	1.0000000E+2	0.0000000E+0
8.9387000E+1	6.1240589E+1	6.0088583E+1	0.0000000E+0	0.0000000E+0	1.0000000E+2	0.0000000E+0
8.9437000E+1	6.1244647E+1	6.0105429E+1	0.0000000E+0	0.0000000E+0	1.0000000E+2	0.0000000E+0
8.9487000E+1	6.1243917E+1	6.0105643E+1	0.0000000E+0	0.0000000E+0	1.0000000E+2	0.0000000E+0
8.9537000E+1	6.1222710E+1	6.0087458E+1	0.0000000E+0	0.0000000E+0	1.0000000E+2	0.0000000E+0
8.9587000E+1	6.1212620E+1	6.0100278E+1	0.0000000E+0	0.0000000E+0	1.0000000E+2	0.0000000E+0
8.9637000E+1	6.1208088E+1	6.0091966E+1	0.0000000E+0	0.0000000E+0	1.0000000E+2	0.0000000E+0
8.9687000E+1	6.1200397E+1	6.0099772E+1	0.0000000E+0	0.0000000E+0	1.0000000E+2	0.0000000E+0
8.9737000E+1	6.1186085E+1	6.0079067E+1	0.0000000E+0	0.0000000E+0	1.0000000E+2	0.0000000E+0
8.9787000E+1	6.1193771E+1	6.0087858E+1	0.0000000E+0	0.0000000E+0	1.0000000E+2	0.0000000E+0
8.9837000E+1	6.1192157E+1	6.0079262E+1	0.0000000E+0	0.0000000E+0	1.0000000E+2	0.0000000E+0
8.9887000E+1	6.1201528E+1	6.0088289E+1	0.0000000E+0	0.0000000E+0	1.0000000E+2	0.0000000E+0
8.9938000E+1	6.1213040E+1	6.0086019E+1	0.0000000E+0	0.0000000E+0	1.0000000E+2	0.0000000E+0
8.9989000E+1	6.1226092E+1	6.0094718E+1	0.0000000E+0	0.0000000E+0	1.0000000E+2	0.0000000E+0
9.0039000E+1	6.1237220E+1	6.0109466E+1	0.0000000E+0	0.0000000E+0	1.0000000E+2	0.0000000E+0
9.0089000E+1	6.1217047E+1	6.0090922E+1	0.0000000E+0	0.0000000E+0	1.0000000E+2	0.0000000E+0
9.0139000E+1	6.1216043E+1	6.0095958E+1	0.0000000E+0	0.0000000E+0	1.0000000E+2	0.0000000E+0
9.0189000E+1	6.1216918E+1	6.0096176E+1	0.0000000E+0	0.0000000E+0	1.0000000E+2	0.0000000E+0
9.0240000E+1	6.1228068E+1	6.0100274E+1	0.0000000E+0	0.0000000E+0	1.0000000E+2	0.0000000E+0
9.0290000E+1	6.1224825E+1	6.0097343E+1	0.0000000E+0	0.0000000E+0	1.0000000E+2	0.0000000E+0
9.0341000E+1	6.1219766E+1	6.0100780E+1	0.0000000E+0	0.0000000E+0	1.0000000E+2	0.0000000E+0
9.0391000E+1	6.1219777E+1	6.0094942E+1	0.0000000E+0	0.0000000E+0	1.0000000E+2	0.0000000E+0
9.0441000E+1	6.1210580E+1	6.0097434E+1	0.0000000E+0	0.0000000E+0	1.0000000E+2	0.0000000E+0
9.0492000E+1	6.1196097E+1	6.0090685E+1	0.0000000E+0	0.0000000E+0	1.0000000E+2	0.0000000E+0
9.0543000E+1	6.1200442E+1	6.0091425E+1	0.0000000E+0	0.0000000E+0	1.0000000E+2	0.0000000E+0
9.0593000E+1	6.1190620E+1	6.0080253E+1	0.0000000E+0	0.0000000E+0	1.0000000E+2	0.0000000E+0
9.0643000E+1	6.1205752E+1	6.0093276E+1	0.0000000E+0	0.0000000E+0	1.0000000E+2	0.0000000E+0
9.0693000E+1	6.1199895E+1	6.0075755E+1	0.0000000E+0	0.0000000E+0	1.0000000E+2	0.0000000E+0
9.0744000E+1	6.1196910E+1	6.0081633E+1	0.0000000E+0	0.0000000E+0	1.0000000E+2	0.0000000E+0
9.0794000E+1	6.1201385E+1	6.0094221E+1	0.0000000E+0	0.0000000E+0	1.0000000E+2	0.0000000E+0
9.0844000E+1	6.1209276E+1	6.0091671E+1	0.0000000E+0	0.0000000E+0	1.0000000E+2	0.0000000E+0
9.0895000E+1	6.1196700E+1	6.0090799E+1	0.0000000E+0	0.0000000E+0	1.0000000E+2	0.0000000E+0
9.0945000E+1	6.1196357E+1	6.0090365E+1	0.0000000E+0	0.0000000E+0	1.0000000E+2	0.0000000E+0
9.0995000E+1	6.1191647E+1	6.0086611E+1	0.0000000E+0	0.0000000E+0	1.0000000E+2	0.0000000E+0
9.1045000E+1	6.1194009E+1	6.0093538E+1	0.0000000E+0	0.0000000E+0	1.0000000E+2	0.0000000E+0
9.1095000E+1	6.1190887E+1	6.0097022E+1	0.0000000E+0	0.0000000E+0	1.0000000E+2	0.0000000E+0
9.1146000E+1	6.1198139E+1	6.0097453E+1	0.0000000E+0	0.0000000E+0	1.0000000E+2	0.0000000E+0
9.1197000E+1	6.1212649E+1	6.0098618E+1	0.0000000E+0	0.0000000E+0	1.0000000E+2	0.0000000E+0
9.1247000E+1	6.1216391E+1	6.0093710E+1	0.0000000E+0	0.0000000E+0	1.0000000E+2	0.0000000E+0
9.1297000E+1	6.1223309E+1	6.0107798E+1	0.0000000E+0	0.0000000E+0	1.0000000E+2	0.0000000E+0
9.1347000E+1	6.1239272E+1	6.0115796E+1	0.0000000E+0	0.0000000E+0	1.0000000E+2	0.0000000E+0
9.1397000E+1	6.1258104E+1	6.0121963E+1	0.0000000E+0	0.0000000E+0	1.0000000E+2	0.0000000E+0
9.1447000E+1	6.1254438E+1	6.0116223E+1	0.0000000E+0	0.0000000E+0	1.0000000E+2	0.0000000E+0
9.1498000E+1	6.1238982E+1	6.0098427E+1	0.0000000E+0	0.0000000E+0	1.0000000E+2	0.0000000E+0
9.1549000E+1	6.1234398E+1	6.0088813E+1	0.0000000E+0	0.0000000E+0	1.0000000E+2	0.0000000E+0
9.1599000E+1	6.1238482E+1	6.0091370E+1	0.0000000E+0	0.0000000E+0	1.0000000E+2	0.0000000E+0
9.1649000E+1	6.1238764E+1	6.0092816E+1	0.0000000E+0	0.0000000E+0	1.0000000E+2	0.0000000E+0
9.1699000E+1	6.1243287E+1	6.0094508E+1	0.0000000E+0	0.0000000E+0	1.0000000E+2	0.0000000E+0
9.1749000E+1	6.1243826E+1	6.0102286E+1	0.0000000E+0	0.0000000E+0	1.0000000E+2	0.0000000E+0
9.1800000E+1	6.1238098E+1	6.0097675E+1	0.0000000E+0	0.0000000E+0	1.0000000E+2	0.0000000E+0
9.1851000E+1	6.1236425E+1	6.0097297E+1	0.0000000E+0	0.0000000E+0	1.0000000E+2	0.0000000E+0
9.1901000E+1	6.1238805E+1	6.0096946E+1	0.0000000E+0	0.0000000E+0	1.0000000E+2	0.0000000E+0
9.1951000E+1	6.1235708E+1	6.0091948E+1	0.0000000E+0	0.0000000E+0	1.0000000E+2	0.0000000E+0
9.2001000E+1	6.1246920E+1	6.0112083E+1	0.0000000E+0	0.0000000E+0	1.0000000E+2	0.0000000E+0
9.2051000E+1	6.1247657E+1	6.0102593E+1	0.0000000E+0	0.0000000E+0	1.0000000E+2	0.0000000E+0
9.2102000E+1	6.1244085E+1	6.0099192E+1	0.0000000E+0	0.0000000E+0	1.0000000E+2	0.0000000E+0
9.2153000E+1	6.1251504E+1	6.0097412E+1	0.0000000E+0	0.0000000E+0	1.0000000E+2	0.0000000E+0
9.2203000E+1	6.1251373E+1	6.0094030E+1	0.0000000E+0	0.0000000E+0	1.0000000E+2	0.0000000E+0
9.2253000E+1	6.1252542E+1	6.0111125E+1	0.0000000E+0	0.0000000E+0	1.0000000E+2	0.0000000E+0
9.2304000E+1	6.1227707E+1	6.0093015E+1	0.0000000E+0	0.0000000E+0	1.0000000E+2	0.0000000E+0
9.2354000E+1	6.1219930E+1	6.0095607E+1	0.0000000E+0	0.0000000E+0	1.0000000E+2	0.0000000E+0
9.2405000E+1	6.1215935E+1	6.0098753E+1	0.0000000E+0	0.0000000E+0	1.0000000E+2	0.0000000E+0
9.2455000E+1	6.1216100E+1	6.0106034E+1	0.0000000E+0	0.0000000E+0	1.0000000E+2	0.0000000E+0
9.2505000E+1	6.1209193E+1	6.0100842E+1	0.0000000E+0	0.0000000E+0	1.0000000E+2	0.0000000E+0
9.2555000E+1	6.1195302E+1	6.0106441E+1	0.0000000E+0	0.0000000E+0	1.0000000E+2	0.0000000E+0
9.2605000E+1	6.1200107E+1	6.0094367E+1	0.0000000E+0	0.0000000E+0	1.0000000E+2	0.0000000E+0
9.2656000E+1	6.1209387E+1	6.0098474E+1	0.0000000E+0	0.0000000E+0	1.0000000E+2	0.0000000E+0
9.2706000E+1	6.1215347E+1	6.0107502E+1	0.0000000E+0	0.0000000E+0	1.0000000E+2	0.0000000E+0
9.2757000E+1	6.1218312E+1	6.0118561E+1	0.0000000E+0	0.0000000E+0	1.0000000E+2	0.0000000E+0
9.2807000E+1	6.1228767E+1	6.0118353E+1	0.0000000E+0	0.0000000E+0	1.0000000E+2	0.0000000E+0
9.2857000E+1	6.1245020E+1	6.0120689E+1	0.0000000E+0	0.0000000E+0	1.0000000E+2	0.0000000E+0
9.2907000E+1	6.1236711E+1	6.0111166E+1	0.0000000E+0	0.0000000E+0	1.0000000E+2	0.0000000E+0
9.2957000E+1	6.1229377E+1	6.0103858E+1	0.0000000E+0	0.0000000E+0	1.0000000E+2	0.0000000E+0
9.3008000E+1	6.1240715E+1	6.0121059E+1	0.0000000E+0	0.0000000E+0	1.0000000E+2	0.0000000E+0
9.3058000E+1	6.1248597E+1	6.0132088E+1	0.0000000E+0	0.0000000E+0	1.0000000E+2	0.0000000E+0
9.3109000E+1	6.1237124E+1	6.0126947E+1	0.0000000E+0	0.0000000E+0	1.0000000E+2	0.0000000E+0
9.3160000E+1	6.1238091E+1	6.0123328E+1	0.0000000E+0	0.0000000E+0	1.0000000E+2	0.0000000E+0
9.3210000E+1	6.1243759E+1	6.0129431E+1	0.0000000E+0	0.0000000E+0	1.0000000E+2	0.0000000E+0
9.3260000E+1	6.1244721E+1	6.0134458E+1	0.0000000E+0	0.0000000E+0	1.0000000E+2	0.0000000E+0
9.3310000E+1	6.1230888E+1	6.0131680E+1	0.0000000E+0	0.0000000E+0	1.0000000E+2	0.0000000E+0
9.3360000E+1	6.1222509E+1	6.0134806E+1	0.0000000E+0	0.0000000E+0	1.0000000E+2	0.0000000E+0
9.3410000E+1	6.1208216E+1	6.0123199E+1	0.0000000E+0	0.0000000E+0	1.0000000E+2	0.0000000E+0
9.3460000E+1	6.1199841E+1	6.0128619E+1	0.0000000E+0	0.0000000E+0	1.0000000E+2	0.0000000E+0
9.3510000E+1	6.1198943E+1	6.0133473E+1	0.0000000E+0	0.0000000E+0	1.0000000E+2	0.0000000E+0
9.3561000E+1	6.1184819E+1	6.0125389E+1	0.0000000E+0	0.0000000E+0	1.0000000E+2	0.0000000E+0
9.3611000E+1	6.1175368E+1	6.0117665E+1	0.0000000E+0	0.0000000E+0	1.0000000E+2	0.0000000E+0
9.3661000E+1	6.1205331E+1	6.0122599E+1	0.0000000E+0	0.0000000E+0	1.0000000E+2	0.0000000E+0
9.3712000E+1	6.1217136E+1	6.0134936E+1	0.0000000E+0	0.0000000E+0	1.0000000E+2	0.0000000E+0
9.3762000E+1	6.1200148E+1	6.0137971E+1	0.0000000E+0	0.0000000E+0	1.0000000E+2	0.0000000E+0
9.3812000E+1	6.1194919E+1	6.0140191E+1	0.0000000E+0	0.0000000E+0	1.0000000E+2	0.0000000E+0
9.3862000E+1	6.1200635E+1	6.0148163E+1	0.0000000E+0	0.0000000E+0	1.0000000E+2	0.0000000E+0
9.3912000E+1	6.1196223E+1	6.0144652E+1	0.0000000E+0	0.0000000E+0	1.0000000E+2	0.0000000E+0
9.3962000E+1	6.1204965E+1	6.0146045E+1	0.0000000E+0	0.0000000E+0	1.0000000E+2	0.0000000E+0
9.4012000E+1	6.1204684E+1	6.0150070E+1	0.0000000E+0	0.0000000E+0	1.0000000E+2	0.0000000E+0
9.4062000E+1	6.1200945E+1	6.0154069E+1	0.0000000E+0	0.0000000E+0	1.0000000E+2	0.0000000E+0
9.4112000E+1	6.1195386E+1	6.0138244E+1	0.0000000E+0	0.0000000E+0	1.0000000E+2	0.0000000E+0
9.4162000E+1	6.1179073E+1	6.0134603E+1	0.0000000E+0	0.0000000E+0	1.0000000E+2	0.0000000E+0
9.4213000E+1	6.1178773E+1	6.0132053E+1	0.0000000E+0	0.0000000E+0	1.0000000E+2	0.0000000E+0
9.4263000E+1	6.1188060E+1	6.0136151E+1	0.0000000E+0	0.0000000E+0	1.0000000E+2	0.0000000E+0
9.4313000E+1	6.1188406E+1	6.0143594E+1	0.0000000E+0	0.0000000E+0	1.0000000E+2	0.0000000E+0
9.4364000E+1	6.1178109E+1	6.0142478E+1	0.0000000E+0	0.0000000E+0	1.0000000E+2	0.0000000E+0
9.4414000E+1	6.1162991E+1	6.0129437E+1	0.0000000E+0	0.0000000E+0	1.0000000E+2	0.0000000E+0
9.4465000E+1	6.1151813E+1	6.0127760E+1	0.0000000E+0	0.0000000E+0	1.0000000E+2	0.0000000E+0
9.4515000E+1	6.1160880E+1	6.0125841E+1	0.0000000E+0	0.0000000E+0	1.0000000E+2	0.0000000E+0
9.4565000E+1	6.1168791E+1	6.0137407E+1	0.0000000E+0	0.0000000E+0	1.0000000E+2	0.0000000E+0
9.4616000E+1	6.1177039E+1	6.0132246E+1	0.0000000E+0	0.0000000E+0	1.0000000E+2	0.0000000E+0
9.4666000E+1	6.1171532E+1	6.0123878E+1	0.0000000E+0	0.0000000E+0	1.0000000E+2	0.0000000E+0
9.4716000E+1	6.1171121E+1	6.0108707E+1	0.0000000E+0	0.0000000E+0	1.0000000E+2	0.0000000E+0
9.4766000E+1	6.1195434E+1	6.0124116E+1	0.0000000E+0	0.0000000E+0	1.0000000E+2	0.0000000E+0
9.4817000E+1	6.1213632E+1	6.0130488E+1	0.0000000E+0	0.0000000E+0	1.0000000E+2	0.0000000E+0
9.4868000E+1	6.1218855E+1	6.0124605E+1	0.0000000E+0	0.0000000E+0	1.0000000E+2	0.0000000E+0
9.4918000E+1	6.1226634E+1	6.0126085E+1	0.0000000E+0	0.0000000E+0	1.0000000E+2	0.0000000E+0
9.4968000E+1	6.1220033E+1	6.0125034E+1	0.0000000E+0	0.0000000E+0	1.0000000E+2	0.0000000E+0
9.5018000E+1	6.1223337E+1	6.0108175E+1	0.0000000E+0	0.0000000E+0	1.0000000E+2	0.0000000E+0
9.5068000E+1	6.1227766E+1	6.0116712E+1	0.0000000E+0	0.0000000E+0	1.0000000E+2	0.0000000E+0
9.5118000E+1	6.1245789E+1	6.0125196E+1	0.0000000E+0	0.0000000E+0	1.0000000E+2	0.0000000E+0
9.5168000E+1	6.1247381E+1	6.0122100E+1	0.0000000E+0	0.0000000E+0	1.0000000E+2	0.0000000E+0
9.5219000E+1	6.1238281E+1	6.0118533E+1	0.0000000E+0	0.0000000E+0	1.0000000E+2	0.0000000E+0
9.5269000E+1	6.1265102E+1	6.0126528E+1	0.0000000E+0	0.0000000E+0	1.0000000E+2	0.0000000E+0
9.5320000E+1	6.1272771E+1	6.0121030E+1	0.0000000E+0	0.0000000E+0	1.0000000E+2	0.0000000E+0
9.5370000E+1	6.1284041E+1	6.0124845E+1	0.0000000E+0	0.0000000E+0	1.0000000E+2	0.0000000E+0
9.5420000E+1	6.1308477E+1	6.0126027E+1	0.0000000E+0	0.0000000E+0	1.0000000E+2	0.0000000E+0
9.5470000E+1	6.1316026E+1	6.0112948E+1	0.0000000E+0	0.0000000E+0	1.0000000E+2	0.0000000E+0
9.5520000E+1	6.1347714E+1	6.0129409E+1	0.0000000E+0	0.0000000E+0	1.0000000E+2	0.0000000E+0
9.5571000E+1	6.1365835E+1	6.0131939E+1	0.0000000E+0	0.0000000E+0	1.0000000E+2	0.0000000E+0
9.5621000E+1	6.1367417E+1	6.0129244E+1	0.0000000E+0	0.0000000E+0	1.0000000E+2	0.0000000E+0
9.5671000E+1	6.1373837E+1	6.0127543E+1	0.0000000E+0	0.0000000E+0	1.0000000E+2	0.0000000E+0
9.5721000E+1	6.1381472E+1	6.0136424E+1	0.0000000E+0	0.0000000E+0	1.0000000E+2	0.0000000E+0
9.5771000E+1	6.1385371E+1	6.0146007E+1	0.0000000E+0	0.0000000E+0	1.0000000E+2	0.0000000E+0
9.5821000E+1	6.1394518E+1	6.0149051E+1	0.0000000E+0	0.0000000E+0	1.0000000E+2	0.0000000E+0
9.5871000E+1	6.1391560E+1	6.0142737E+1	0.0000000E+0	0.0000000E+0	1.0000000E+2	0.0000000E+0
9.5921000E+1	6.1379570E+1	6.0135246E+1	0.0000000E+0	0.0000000E+0	1.0000000E+2	0.0000000E+0
9.5971000E+1	6.1401521E+1	6.0146809E+1	0.0000000E+0	0.0000000E+0	1.0000000E+2	0.0000000E+0
9.6021000E+1	6.1410641E+1	6.0154144E+1	0.0000000E+0	0.0000000E+0	1.0000000E+2	0.0000000E+0
9.6071000E+1	6.1402478E+1	6.0148382E+1	0.0000000E+0	0.0000000E+0	1.0000000E+2	0.0000000E+0
9.6121000E+1	6.1383946E+1	6.0142340E+1	0.0000000E+0	0.0000000E+0	1.0000000E+2	0.0000000E+0
9.6172000E+1	6.1388656E+1	6.0141422E+1	0.0000000E+0	0.0000000E+0	1.0000000E+2	0.0000000E+0
9.6222000E+1	6.1391239E+1	6.0141639E+1	0.0000000E+0	0.0000000E+0	1.0000000E+2	0.0000000E+0
9.6272000E+1	6.1380366E+1	6.0145740E+1	0.0000000E+0	0.0000000E+0	1.0000000E+2	0.0000000E+0
9.6322000E+1	6.1373230E+1	6.0152989E+1	0.0000000E+0	0.0000000E+0	1.0000000E+2	0.0000000E+0
9.6372000E+1	6.1361439E+1	6.0141856E+1	0.0000000E+0	0.0000000E+0	1.0000000E+2	0.0000000E+0
9.6422000E+1	6.1352737E+1	6.0142901E+1	0.0000000E+0	0.0000000E+0	1.0000000E+2	0.0000000E+0
9.6472000E+1	6.1361066E+1	6.0151288E+1	0.0000000E+0	0.0000000E+0	1.0000000E+2	0.0000000E+0
9.6522000E+1	6.1365519E+1	6.0140792E+1	0.0000000E+0	0.0000000E+0	1.0000000E+2	0.0000000E+0
9.6572000E+1	6.1374432E+1	6.0159350E+1	0.0000000E+0	0.0000000E+0	1.0000000E+2	0.0000000E+0
9.6622000E+1	6.1371835E+1	6.0155283E+1	0.0000000E+0	0.0000000E+0	1.0000000E+2	0.0000000E+0
9.6673000E+1	6.1361578E+1	6.0151653E+1	0.0000000E+0	0.0000000E+0	1.0000000E+2	0.0000000E+0
9.6723000E+1	6.1337533E+1	6.0155842E+1	0.0000000E+0	0.0000000E+0	1.0000000E+2	0.0000000E+0
9.6773000E+1	6.1315416E+1	6.0150732E+1	0.0000000E+0	0.0000000E+0	1.0000000E+2	0.0000000E+0
9.6824000E+1	6.1324832E+1	6.0147922E+1	0.0000000E+0	0.0000000E+0	1.0000000E+2	0.0000000E+0
9.6874000E+1	6.1313616E+1	6.0147292E+1	0.0000000E+0	0.0000000E+0	1.0000000E+2	0.0000000E+0
9.6924000E+1	6.1319516E+1	6.0149748E+1	0.0000000E+0	0.0000000E+0	1.0000000E+2	0.0000000E+0
9.6974000E+1	6.1311149E+1	6.0139266E+1	0.0000000E+0	0.0000000E+0	1.0000000E+2	0.0000000E+0
9.7024000E+1	6.1316475E+1	6.0139147E+1	0.0000000E+0	0.0000000E+0	1.0000000E+2	0.0000000E+0
9.7074000E+1	6.1319721E+1	6.0144926E+1	0.0000000E+0	0.0000000E+0	1.0000000E+2	0.0000000E+0
9.7124000E+1	6.1330546E+1	6.0156596E+1	0.0000000E+0	0.0000000E+0	1.0000000E+2	0.0000000E+0
9.7175000E+1	6.1316290E+1	6.0149637E+1	0.0000000E+0	0.0000000E+0	1.0000000E+2	0.0000000E+0
9.7225000E+1	6.1291546E+1	6.0144675E+1	0.0000000E+0	0.0000000E+0	1.0000000E+2	0.0000000E+0
9.7275000E+1	6.1292520E+1	6.0137847E+1	0.0000000E+0	0.0000000E+0	1.0000000E+2	0.0000000E+0
9.7325000E+1	6.1277289E+1	6.0122959E+1	0.0000000E+0	0.0000000E+0	1.0000000E+2	0.0000000E+0
9.7376000E+1	6.1279892E+1	6.0127913E+1	0.0000000E+0	0.0000000E+0	1.0000000E+2	0.0000000E+0
9.7426000E+1	6.1274433E+1	6.0129031E+1	0.0000000E+0	0.0000000E+0	1.0000000E+2	0.0000000E+0
9.7476000E+1	6.1262812E+1	6.0117924E+1	0.0000000E+0	0.0000000E+0	1.0000000E+2	0.0000000E+0
9.7526000E+1	6.1254089E+1	6.0115587E+1	0.0000000E+0	0.0000000E+0	1.0000000E+2	0.0000000E+0
9.7576000E+1	6.1241163E+1	6.0104916E+1	0.0000000E+0	0.0000000E+0	1.0000000E+2	0.0000000E+0
9.7626000E+1	6.1240029E+1	6.0103118E+1	0.0000000E+0	0.0000000E+0	1.0000000E+2	0.0000000E+0
9.7677000E+1	6.1239215E+1	6.0099517E+1	0.0000000E+0	0.0000000E+0	1.0000000E+2	0.0000000E+0
9.7727000E+1	6.1217322E+1	6.0077245E+1	0.0000000E+0	0.0000000E+0	1.0000000E+2	0.0000000E+0
9.7777000E+1	6.1234770E+1	6.0087900E+1	0.0000000E+0	0.0000000E+0	1.0000000E+2	0.0000000E+0
9.7828000E+1	6.1239415E+1	6.0089383E+1	0.0000000E+0	0.0000000E+0	1.0000000E+2	0.0000000E+0
9.7879000E+1	6.1239166E+1	6.0081473E+1	0.0000000E+0	0.0000000E+0	1.0000000E+2	0.0000000E+0
9.7929000E+1	6.1225729E+1	6.0077971E+1	0.0000000E+0	0.0000000E+0	1.0000000E+2	0.0000000E+0
9.7979000E+1	6.1220660E+1	6.0083092E+1	0.0000000E+0	0.0000000E+0	1.0000000E+2	0.0000000E+0
9.8029000E+1	6.1223502E+1	6.0088236E+1	0.0000000E+0	0.0000000E+0	1.0000000E+2	0.0000000E+0
9.8080000E+1	6.1217875E+1	6.0095659E+1	0.0000000E+0	0.0000000E+0	1.0000000E+2	0.0000000E+0
9.8130000E+1	6.1203056E+1	6.0086691E+1	0.0000000E+0	0.0000000E+0	1.0000000E+2	0.0000000E+0
9.8180000E+1	6.1187877E+1	6.0072727E+1	0.0000000E+0	0.0000000E+0	1.0000000E+2	0.0000000E+0
9.8230000E+1	6.1189173E+1	6.0082501E+1	0.0000000E+0	0.0000000E+0	1.0000000E+2	0.0000000E+0
9.8280000E+1	6.1193194E+1	6.0086489E+1	0.0000000E+0	0.0000000E+0	1.0000000E+2	0.0000000E+0
9.8330000E+1	6.1171682E+1	6.0058716E+1	0.0000000E+0	0.0000000E+0	1.0000000E+2	0.0000000E+0
9.8380000E+1	6.1182057E+1	6.0064934E+1	0.0000000E+0	0.0000000E+0	1.0000000E+2	0.0000000E+0
9.8431000E+1	6.1187439E+1	6.0069154E+1	0.0000000E+0	0.0000000E+0	1.0000000E+2	0.0000000E+0
9.8483000E+1	6.1182781E+1	6.0071733E+1	0.0000000E+0	0.0000000E+0	1.0000000E+2	0.0000000E+0
9.8533000E+1	6.1185949E+1	6.0073446E+1	0.0000000E+0	0.0000000E+0	1.0000000E+2	0.0000000E+0
9.8583000E+1	6.1170707E+1	6.0073028E+1	0.0000000E+0	0.0000000E+0	1.0000000E+2	0.0000000E+0
9.8633000E+1	6.1166262E+1	6.0077398E+1	0.0000000E+0	0.0000000E+0	1.0000000E+2	0.0000000E+0
9.8683000E+1	6.1161123E+1	6.0069461E+1	0.0000000E+0	0.0000000E+0	1.0000000E+2	0.0000000E+0
9.8733000E+1	6.1166231E+1	6.0081061E+1	0.0000000E+0	0.0000000E+0	1.0000000E+2	0.0000000E+0
9.8783000E+1	6.1160650E+1	6.0074889E+1	0.0000000E+0	0.0000000E+0	1.0000000E+2	0.0000000E+0
9.8833000E+1	6.1157056E+1	6.0079614E+1	0.0000000E+0	0.0000000E+0	1.0000000E+2	0.0000000E+0
9.8883000E+1	6.1139353E+1	6.0075937E+1	0.0000000E+0	0.0000000E+0	1.0000000E+2	0.0000000E+0
9.8933000E+1	6.1149596E+1	6.0073510E+1	0.0000000E+0	0.0000000E+0	1.0000000E+2	0.0000000E+0
9.8983000E+1	6.1152243E+1	6.0072357E+1	0.0000000E+0	0.0000000E+0	1.0000000E+2	0.0000000E+0
9.9033000E+1	6.1143885E+1	6.0068576E+1	0.0000000E+0	0.0000000E+0	1.0000000E+2	0.0000000E+0
9.9083000E+1	6.1140409E+1	6.0067709E+1	0.0000000E+0	0.0000000E+0	1.0000000E+2	0.0000000E+0
9.9134000E+1	6.1147480E+1	6.0054322E+1	0.0000000E+0	0.0000000E+0	1.0000000E+2	0.0000000E+0
9.9184000E+1	6.1160226E+1	6.0064169E+1	0.0000000E+0	0.0000000E+0	1.0000000E+2	0.0000000E+0
9.9234000E+1	6.1174933E+1	6.0075821E+1	0.0000000E+0	0.0000000E+0	1.0000000E+2	0.0000000E+0
9.9284000E+1	6.1215012E+1	6.0094393E+1	0.0000000E+0	0.0000000E+0	1.0000000E+2	0.0000000E+0
9.9334000E+1	6.1206008E+1	6.0091927E+1	0.0000000E+0	0.0000000E+0	1.0000000E+2	0.0000000E+0
9.9384000E+1	6.1203021E+1	6.0079814E+1	0.0000000E+0	0.0000000E+0	1.0000000E+2	0.0000000E+0
9.9434000E+1	6.1234638E+1	6.0096850E+1	0.0000000E+0	0.0000000E+0	1.0000000E+2	0.0000000E+0
9.9484000E+1	6.1247724E+1	6.0108883E+1	0.0000000E+0	0.0000000E+0	1.0000000E+2	0.0000000E+0
9.9535000E+1	6.1255312E+1	6.0107501E+1	0.0000000E+0	0.0000000E+0	1.0000000E+2	0.0000000E+0
9.9585000E+1	6.1254091E+1	6.0103611E+1	0.0000000E+0	0.0000000E+0	1.0000000E+2	0.0000000E+0
9.9635000E+1	6.1279007E+1	6.0113567E+1	0.0000000E+0	0.0000000E+0	1.0000000E+2	0.0000000E+0
9.9685000E+1	6.1275516E+1	6.0103244E+1	0.0000000E+0	0.0000000E+0	1.0000000E+2	0.0000000E+0
9.9736000E+1	6.1274300E+1	6.0111950E+1	0.0000000E+0	0.0000000E+0	1.0000000E+2	0.0000000E+0
9.9786000E+1	6.1277612E+1	6.0115439E+1	0.0000000E+0	0.0000000E+0	1.0000000E+2	0.0000000E+0
9.9836000E+1	6.1273120E+1	6.0108772E+1	0.0000000E+0	0.0000000E+0	1.0000000E+2	0.0000000E+0
9.9886000E+1	6.1270981E+1	6.0105830E+1	0.0000000E+0	0.0000000E+0	1.0000000E+2	0.0000000E+0
9.9936000E+1	6.1292088E+1	6.0124053E+1	0.0000000E+0	0.0000000E+0	1.0000000E+2	0.0000000E+0
9.9986000E+1	6.1283901E+1	6.0119478E+1	0.0000000E+0	0.0000000E+0	1.0000000E+2	0.0000000E+0
1.0003600E+2	6.1274616E+1	6.0116860E+1	0.0000000E+0	0.0000000E+0	1.0000000E+2	0.0000000E+0
1.0008700E+2	6.1269736E+1	6.0117156E+1	0.0000000E+0	0.0000000E+0	1.0000000E+2	0.0000000E+0
1.0013700E+2	6.1263827E+1	6.0110651E+1	0.0000000E+0	0.0000000E+0	1.0000000E+2	0.0000000E+0
1.0018800E+2	6.1274136E+1	6.0125767E+1	0.0000000E+0	0.0000000E+0	1.0000000E+2	0.0000000E+0
1.0023800E+2	6.1279989E+1	6.0131320E+1	0.0000000E+0	0.0000000E+0	1.0000000E+2	0.0000000E+0
1.0028800E+2	6.1292538E+1	6.0114507E+1	0.0000000E+0	0.0000000E+0	1.0000000E+2	0.0000000E+0
1.0033900E+2	6.1310523E+1	6.0130961E+1	0.0000000E+0	0.0000000E+0	1.0000000E+2	0.0000000E+0
1.0038900E+2	6.1314515E+1	6.0136379E+1	0.0000000E+0	0.0000000E+0	1.0000000E+2	0.0000000E+0
1.0043900E+2	6.1308289E+1	6.0122371E+1	0.0000000E+0	0.0000000E+0	1.0000000E+2	0.0000000E+0
1.0048900E+2	6.1318347E+1	6.0139567E+1	0.0000000E+0	0.0000000E+0	1.0000000E+2	0.0000000E+0
1.0054000E+2	6.1324252E+1	6.0139184E+1	0.0000000E+0	0.0000000E+0	1.0000000E+2	0.0000000E+0
1.0059100E+2	6.1314381E+1	6.0122625E+1	0.0000000E+0	0.0000000E+0	1.0000000E+2	0.0000000E+0
1.0064100E+2	6.1320260E+1	6.0135006E+1	0.0000000E+0	0.0000000E+0	1.0000000E+2	0.0000000E+0
1.0069100E+2	6.1326471E+1	6.0136989E+1	0.0000000E+0	0.0000000E+0	1.0000000E+2	0.0000000E+0
1.0074100E+2	6.1344275E+1	6.0132410E+1	0.0000000E+0	0.0000000E+0	1.0000000E+2	0.0000000E+0
1.0079100E+2	6.1357407E+1	6.0137592E+1	0.0000000E+0	0.0000000E+0	1.0000000E+2	0.0000000E+0
1.0084100E+2	6.1347398E+1	6.0133970E+1	0.0000000E+0	0.0000000E+0	1.0000000E+2	0.0000000E+0
1.0089100E+2	6.1345538E+1	6.0124449E+1	0.0000000E+0	0.0000000E+0	1.0000000E+2	0.0000000E+0
1.0094100E+2	6.1349256E+1	6.0137832E+1	0.0000000E+0	0.0000000E+0	1.0000000E+2	0.0000000E+0
1.0099200E+2	6.1356015E+1	6.0141185E+1	0.0000000E+0	0.0000000E+0	1.0000000E+2	0.0000000E+0
1.0104200E+2	6.1336982E+1	6.0137965E+1	0.0000000E+0	0.0000000E+0	1.0000000E+2	0.0000000E+0
1.0109300E+2	6.1343767E+1	6.0136364E+1	0.0000000E+0	0.0000000E+0	1.0000000E+2	0.0000000E+0
1.0114300E+2	6.1348163E+1	6.0128807E+1	0.0000000E+0	0.0000000E+0	1.0000000E+2	0.0000000E+0
1.0119400E+2	6.1355904E+1	6.0139713E+1	0.0000000E+0	0.0000000E+0	1.0000000E+2	0.0000000E+0
1.0124500E+2	6.1338636E+1	6.0126547E+1	0.0000000E+0	0.0000000E+0	1.0000000E+2	0.0000000E+0
1.0129600E+2	6.1345556E+1	6.0132998E+1	0.0000000E+0	0.0000000E+0	1.0000000E+2	0.0000000E+0
1.0134600E+2	6.1341598E+1	6.0141221E+1	0.0000000E+0	0.0000000E+0	1.0000000E+2	0.0000000E+0
1.0139600E+2	6.1328756E+1	6.0143591E+1	0.0000000E+0	0.0000000E+0	1.0000000E+2	0.0000000E+0
1.0144600E+2	6.1324464E+1	6.0151979E+1	0.0000000E+0	0.0000000E+0	1.0000000E+2	0.0000000E+0
1.0149600E+2	6.1306007E+1	6.0142876E+1	0.0000000E+0	0.0000000E+0	1.0000000E+2	0.0000000E+0
1.0154700E+2	6.1320641E+1	6.0143527E+1	0.0000000E+0	0.0000000E+0	1.0000000E+2	0.0000000E+0
1.0159800E+2	6.1319991E+1	6.0142135E+1	0.0000000E+0	0.0000000E+0	1.0000000E+2	0.0000000E+0
1.0164800E+2	6.1326645E+1	6.0151646E+1	0.0000000E+0	0.0000000E+0	1.0000000E+2	0.0000000E+0
1.0169800E+2	6.1320642E+1	6.0138850E+1	0.0000000E+0	0.0000000E+0	1.0000000E+2	0.0000000E+0
1.0174800E+2	6.1333167E+1	6.0147296E+1	0.0000000E+0	0.0000000E+0	1.0000000E+2	0.0000000E+0
1.0179800E+2	6.1334570E+1	6.0146884E+1	0.0000000E+0	0.0000000E+0	1.0000000E+2	0.0000000E+0
1.0184800E+2	6.1337695E+1	6.0160431E+1	0.0000000E+0	0.0000000E+0	1.0000000E+2	0.0000000E+0
1.0189800E+2	6.1331266E+1	6.0145352E+1	0.0000000E+0	0.0000000E+0	1.0000000E+2	0.0000000E+0
1.0195000E+2	6.1335646E+1	6.0159565E+1	0.0000000E+0	0.0000000E+0	1.0000000E+2	0.0000000E+0
1.0200100E+2	6.1326952E+1	6.0151499E+1	0.0000000E+0	0.0000000E+0	1.0000000E+2	0.0000000E+0
1.0205100E+2	6.1306903E+1	6.0153411E+1	0.0000000E+0	0.0000000E+0	1.0000000E+2	0.0000000E+0
1.0210100E+2	6.1290451E+1	6.0143731E+1	0.0000000E+0	0.0000000E+0	1.0000000E+2	0.0000000E+0
1.0215200E+2	6.1287032E+1	6.0153393E+1	0.0000000E+0	0.0000000E+0	1.0000000E+2	0.0000000E+0
1.0220200E+2	6.1276949E+1	6.0147920E+1	0.0000000E+0	0.0000000E+0	1.0000000E+2	0.0000000E+0
1.0225200E+2	6.1270348E+1	6.0149766E+1	0.0000000E+0	0.0000000E+0	1.0000000E+2	0.0000000E+0
1.0230200E+2	6.1279818E+1	6.0157447E+1	0.0000000E+0	0.0000000E+0	1.0000000E+2	0.0000000E+0
1.0235200E+2	6.1276757E+1	6.0150757E+1	0.0000000E+0	0.0000000E+0	1.0000000E+2	0.0000000E+0
1.0240200E+2	6.1296474E+1	6.0152671E+1	0.0000000E+0	0.0000000E+0	1.0000000E+2	0.0000000E+0
1.0245200E+2	6.1299272E+1	6.0154243E+1	0.0000000E+0	0.0000000E+0	1.0000000E+2	0.0000000E+0
1.0250200E+2	6.1313381E+1	6.0157511E+1	0.0000000E+0	0.0000000E+0	1.0000000E+2	0.0000000E+0
1.0255200E+2	6.1301934E+1	6.0156808E+1	0.0000000E+0	0.0000000E+0	1.0000000E+2	0.0000000E+0
1.0260200E+2	6.1301918E+1	6.0157011E+1	0.0000000E+0	0.0000000E+0	1.0000000E+2	0.0000000E+0
1.0265300E+2	6.1296784E+1	6.0148098E+1	0.0000000E+0	0.0000000E+0	1.0000000E+2	0.0000000E+0
1.0270300E+2	6.1276811E+1	6.0136448E+1	0.0000000E+0	0.0000000E+0	1.0000000E+2	0.0000000E+0
1.0275300E+2	6.1276385E+1	6.0137956E+1	0.0000000E+0	0.0000000E+0	1.0000000E+2	0.0000000E+0
1.0280400E+2	6.1258919E+1	6.0116453E+1	0.0000000E+0	0.0000000E+0	1.0000000E+2	0.0000000E+0
1.0285500E+2	6.1237564E+1	6.0111806E+1	0.0000000E+0	0.0000000E+0	1.0000000E+2	0.0000000E+0
1.0290600E+2	6.1230764E+1	6.0112842E+1	0.0000000E+0	0.0000000E+0	1.0000000E+2	0.0000000E+0
1.0295600E+2	6.1225820E+1	6.0106518E+1	0.0000000E+0	0.0000000E+0	1.0000000E+2	0.0000000E+0
1.0300600E+2	6.1222117E+1	6.0118111E+1	0.0000000E+0	0.0000000E+0	1.0000000E+2	0.0000000E+0
1.0305600E+2	6.1233595E+1	6.0124450E+1	0.0000000E+0	0.0000000E+0	1.0000000E+2	0.0000000E+0
1.0310600E+2	6.1250046E+1	6.0141770E+1	0.0000000E+0	0.0000000E+0	1.0000000E+2	0.0000000E+0
1.0315600E+2	6.1259416E+1	6.0135955E+1	0.0000000E+0	0.0000000E+0	1.0000000E+2	0.0000000E+0
1.0320700E+2	6.1258542E+1	6.0136348E+1	0.0000000E+0	0.0000000E+0	1.0000000E+2	0.0000000E+0
1.0325800E+2	6.1284654E+1	6.0141048E+1	0.0000000E+0	0.0000000E+0	1.0000000E+2	0.0000000E+0
1.0330800E+2	6.1300752E+1	6.0151365E+1	0.0000000E+0	0.0000000E+0	1.0000000E+2	0.0000000E+0
1.0335900E+2	6.1303101E+1	6.0148619E+1	0.0000000E+0	0.0000000E+0	1.0000000E+2	0.0000000E+0
1.0341000E+2	6.1303175E+1	6.0143750E+1	0.0000000E+0	0.0000000E+0	1.0000000E+2	0.0000000E+0
1.0346000E+2	6.1316255E+1	6.0154019E+1	0.0000000E+0	0.0000000E+0	1.0000000E+2	0.0000000E+0
1.0351100E+2	6.1314577E+1	6.0153068E+1	0.0000000E+0	0.0000000E+0	1.0000000E+2	0.0000000E+0
1.0356200E+2	6.1324148E+1	6.0149977E+1	0.0000000E+0	0.0000000E+0	1.0000000E+2	0.0000000E+0
1.0361200E+2	6.1340798E+1	6.0158776E+1	0.0000000E+0	0.0000000E+0	1.0000000E+2	0.0000000E+0
1.0366200E+2	6.1338606E+1	6.0168297E+1	0.0000000E+0	0.0000000E+0	1.0000000E+2	0.0000000E+0
1.0371200E+2	6.1332672E+1	6.0156582E+1	0.0000000E+0	0.0000000E+0	1.0000000E+2	0.0000000E+0
1.0376200E+2	6.1336904E+1	6.0178260E+1	0.0000000E+0	0.0000000E+0	1.0000000E+2	0.0000000E+0
1.0381200E+2	6.1342480E+1	6.0171904E+1	0.0000000E+0	0.0000000E+0	1.0000000E+2	0.0000000E+0
1.0386200E+2	6.1338595E+1	6.0180466E+1	0.0000000E+0	0.0000000E+0	1.0000000E+2	0.0000000E+0
1.0391300E+2	6.1350120E+1	6.0186310E+1	0.0000000E+0	0.0000000E+0	1.0000000E+2	0.0000000E+0
1.0396300E+2	6.1363871E+1	6.0198987E+1	0.0000000E+0	0.0000000E+0	1.0000000E+2	0.0000000E+0
1.0401300E+2	6.1369696E+1	6.0198864E+1	0.0000000E+0	0.0000000E+0	1.0000000E+2	0.0000000E+0
1.0406300E+2	6.1378551E+1	6.0201258E+1	0.0000000E+0	0.0000000E+0	1.0000000E+2	0.0000000E+0
1.0411400E+2	6.1395837E+1	6.0211260E+1	0.0000000E+0	0.0000000E+0	1.0000000E+2	0.0000000E+0
1.0416400E+2	6.1396411E+1	6.0209679E+1	0.0000000E+0	0.0000000E+0	1.0000000E+2	0.0000000E+0
1.0421500E+2	6.1387554E+1	6.0201838E+1	0.0000000E+0	0.0000000E+0	1.0000000E+2	0.0000000E+0
1.0426600E+2	6.1386524E+1	6.0208936E+1	0.0000000E+0	0.0000000E+0	1.0000000E+2	0.0000000E+0
1.0431600E+2	6.1408781E+1	6.0222525E+1	0.0000000E+0	0.0000000E+0	1.0000000E+2	0.0000000E+0
1.0436600E+2	6.1392265E+1	6.0200074E+1	0.0000000E+0	0.0000000E+0	1.0000000E+2	0.0000000E+0
1.0441600E+2	6.1405056E+1	6.0206912E+1	0.0000000E+0	0.0000000E+0	1.0000000E+2	0.0000000E+0
1.0446600E+2	6.1396808E+1	6.0193396E+1	0.0000000E+0	0.0000000E+0	1.0000000E+2	0.0000000E+0
1.0451600E+2	6.1396551E+1	6.0204314E+1	0.0000000E+0	0.0000000E+0	1.0000000E+2	0.0000000E+0
1.0456600E+2	6.1392517E+1	6.0201005E+1	0.0000000E+0	0.0000000E+0	1.0000000E+2	0.0000000E+0
1.0461600E+2	6.1379664E+1	6.0205883E+1	0.0000000E+0	0.0000000E+0	1.0000000E+2	0.0000000E+0
1.0466700E+2	6.1371954E+1	6.0200411E+1	0.0000000E+0	0.0000000E+0	1.0000000E+2	0.0000000E+0
1.0471700E+2	6.1358658E+1	6.0195759E+1	0.0000000E+0	0.0000000E+0	1.0000000E+2	0.0000000E+0
1.0476700E+2	6.1354771E+1	6.0200409E+1	0.0000000E+0	0.0000000E+0	1.0000000E+2	0.0000000E+0
1.0481700E+2	6.1344400E+1	6.0199514E+1	0.0000000E+0	0.0000000E+0	1.0000000E+2	0.0000000E+0
1.0486700E+2	6.1341531E+1	6.0197839E+1	0.0000000E+0	0.0000000E+0	1.0000000E+2	0.0000000E+0
1.0491700E+2	6.1334602E+1	6.0195247E+1	0.0000000E+0	0.0000000E+0	1.0000000E+2	0.0000000E+0
1.0496800E+2	6.1308448E+1	6.0171775E+1	0.0000000E+0	0.0000000E+0	1.0000000E+2	0.0000000E+0
1.0501800E+2	6.1297531E+1	6.0180141E+1	0.0000000E+0	0.0000000E+0	1.0000000E+2	0.0000000E+0
1.0506800E+2	6.1299563E+1	6.0185739E+1	0.0000000E+0	0.0000000E+0	1.0000000E+2	0.0000000E+0
1.0511900E+2	6.1295412E+1	6.0178032E+1	0.0000000E+0	0.0000000E+0	1.0000000E+2	0.0000000E+0
1.0516900E+2	6.1311144E+1	6.0192973E+1	0.0000000E+0	0.0000000E+0	1.0000000E+2	0.0000000E+0
1.0521900E+2	6.1310201E+1	6.0183760E+1	0.0000000E+0	0.0000000E+0	1.0000000E+2	0.0000000E+0
1.0527000E+2	6.1313649E+1	6.0184123E+1	0.0000000E+0	0.0000000E+0	1.0000000E+2	0.0000000E+0
1.0532000E+2	6.1312809E+1	6.0173862E+1	0.0000000E+0	0.0000000E+0	1.0000000E+2	0.0000000E+0
1.0537000E+2	6.1313120E+1	6.0174413E+1	0.0000000E+0	0.0000000E+0	1.0000000E+2	0.0000000E+0
1.0542000E+2	6.1320885E+1	6.0168482E+1	0.0000000E+0	0.0000000E+0	1.0000000E+2	0.0000000E+0
1.0547000E+2	6.1328978E+1	6.0182793E+1	0.0000000E+0	0.0000000E+0	1.0000000E+2	0.0000000E+0
1.0552000E+2	6.1314895E+1	6.0183379E+1	0.0000000E+0	0.0000000E+0	1.0000000E+2	0.0000000E+0
1.0557000E+2	6.1303216E+1	6.0176119E+1	0.0000000E+0	0.0000000E+0	1.0000000E+2	0.0000000E+0
1.0562100E+2	6.1297281E+1	6.0178358E+1	0.0000000E+0	0.0000000E+0	1.0000000E+2	0.0000000E+0
1.0567200E+2	6.1315844E+1	6.0184756E+1	0.0000000E+0	0.0000000E+0	1.0000000E+2	0.0000000E+0
1.0572200E+2	6.1298874E+1	6.0177787E+1	0.0000000E+0	0.0000000E+0	1.0000000E+2	0.0000000E+0
1.0577200E+2	6.1297066E+1	6.0171460E+1	0.0000000E+0	0.0000000E+0	1.0000000E+2	0.0000000E+0
1.0582200E+2	6.1289041E+1	6.0163557E+1	0.0000000E+0	0.0000000E+0	1.0000000E+2	0.0000000E+0
1.0587200E+2	6.1281866E+1	6.0150900E+1	0.0000000E+0	0.0000000E+0	1.0000000E+2	0.0000000E+0
1.0592200E+2	6.1283612E+1	6.0151091E+1	0.0000000E+0	0.0000000E+0	1.0000000E+2	0.0000000E+0
1.0597300E+2	6.1286070E+1	6.0156126E+1	0.0000000E+0	0.0000000E+0	1.0000000E+2	0.0000000E+0
1.0602300E+2	6.1288118E+1	6.0154524E+1	0.0000000E+0	0.0000000E+0	1.0000000E+2	0.0000000E+0
1.0607300E+2	6.1303945E+1	6.0162791E+1	0.0000000E+0	0.0000000E+0	1.0000000E+2	0.0000000E+0
1.0612400E+2	6.1311118E+1	6.0166508E+1	0.0000000E+0	0.0000000E+0	1.0000000E+2	0.0000000E+0
1.0617500E+2	6.1302685E+1	6.0164483E+1	0.0000000E+0	0.0000000E+0	1.0000000E+2	0.0000000E+0
1.0622500E+2	6.1291347E+1	6.0157977E+1	0.0000000E+0	0.0000000E+0	1.0000000E+2	0.0000000E+0
1.0627500E+2	6.1288393E+1	6.0158073E+1	0.0000000E+0	0.0000000E+0	1.0000000E+2	0.0000000E+0
1.0632500E+2	6.1295771E+1	6.0167368E+1	0.0000000E+0	0.0000000E+0	1.0000000E+2	0.0000000E+0
1.0637500E+2	6.1302879E+1	6.0174948E+1	0.0000000E+0	0.0000000E+0	1.0000000E+2	0.0000000E+0
1.0642500E+2	6.1307694E+1	6.0175379E+1	0.0000000E+0	0.0000000E+0	1.0000000E+2	0.0000000E+0
1.0647500E+2	6.1309615E+1	6.0165140E+1	0.0000000E+0	0.0000000E+0	1.0000000E+2	0.0000000E+0
1.0652500E+2	6.1304098E+1	6.0158228E+1	0.0000000E+0	0.0000000E+0	1.0000000E+2	0.0000000E+0
1.0657500E+2	6.1302453E+1	6.0163876E+1	0.0000000E+0	0.0000000E+0	1.0000000E+2	0.0000000E+0
1.0662500E+2	6.1317876E+1	6.0177459E+1	0.0000000E+0	0.0000000E+0	1.0000000E+2	0.0000000E+0
1.0667600E+2	6.1309024E+1	6.0182483E+1	0.0000000E+0	0.0000000E+0	1.0000000E+2	0.0000000E+0
1.0672600E+2	6.1294860E+1	6.0172634E+1	0.0000000E+0	0.0000000E+0	1.0000000E+2	0.0000000E+0
1.0677700E+2	6.1264154E+1	6.0161999E+1	0.0000000E+0	0.0000000E+0	1.0000000E+2	0.0000000E+0
1.0682800E+2	6.1265209E+1	6.0162023E+1	0.0000000E+0	0.0000000E+0	1.0000000E+2	0.0000000E+0
1.0687800E+2	6.1267084E+1	6.0160447E+1	0.0000000E+0	0.0000000E+0	1.0000000E+2	0.0000000E+0
1.0692900E+2	6.1256958E+1	6.0155778E+1	0.0000000E+0	0.0000000E+0	1.0000000E+2	0.0000000E+0
1.0697900E+2	6.1258079E+1	6.0155640E+1	0.0000000E+0	0.0000000E+0	1.0000000E+2	0.0000000E+0
1.0703000E+2	6.1270034E+1	6.0157880E+1	0.0000000E+0	0.0000000E+0	1.0000000E+2	0.0000000E+0
1.0708000E+2	6.1267671E+1	6.0160941E+1	0.0000000E+0	0.0000000E+0	1.0000000E+2	0.0000000E+0
1.0713000E+2	6.1265201E+1	6.0157677E+1	0.0000000E+0	0.0000000E+0	1.0000000E+2	0.0000000E+0
1.0718000E+2	6.1277069E+1	6.0180996E+1	0.0000000E+0	0.0000000E+0	1.0000000E+2	0.0000000E+0
1.0723100E+2	6.1264493E+1	6.0159086E+1	0.0000000E+0	0.0000000E+0	1.0000000E+2	0.0000000E+0
1.0728100E+2	6.1261300E+1	6.0154969E+1	0.0000000E+0	0.0000000E+0	1.0000000E+2	0.0000000E+0
1.0733200E+2	6.1284929E+1	6.0165063E+1	0.0000000E+0	0.0000000E+0	1.0000000E+2	0.0000000E+0
1.0738200E+2	6.1277220E+1	6.0158136E+1	0.0000000E+0	0.0000000E+0	1.0000000E+2	0.0000000E+0
1.0743200E+2	6.1267990E+1	6.0149352E+1	0.0000000E+0	0.0000000E+0	1.0000000E+2	0.0000000E+0
1.0748200E+2	6.1283441E+1	6.0165022E+1	0.0000000E+0	0.0000000E+0	1.0000000E+2	0.0000000E+0
1.0753200E+2	6.1281849E+1	6.0157629E+1	0.0000000E+0	0.0000000E+0	1.0000000E+2	0.0000000E+0
1.0758200E+2	6.1279531E+1	6.0159434E+1	0.0000000E+0	0.0000000E+0	1.0000000E+2	0.0000000E+0
1.0763200E+2	6.1271915E+1	6.0159068E+1	0.0000000E+0	0.0000000E+0	1.0000000E+2	0.0000000E+0
1.0768200E+2	6.1256565E+1	6.0164421E+1	0.0000000E+0	0.0000000E+0	1.0000000E+2	0.0000000E+0
1.0773200E+2	6.1261076E+1	6.0169730E+1	0.0000000E+0	0.0000000E+0	1.0000000E+2	0.0000000E+0
1.0778300E+2	6.1249842E+1	6.0161566E+1	0.0000000E+0	0.0000000E+0	1.0000000E+2	0.0000000E+0
1.0783300E+2	6.1241101E+1	6.0162859E+1	0.0000000E+0	0.0000000E+0	1.0000000E+2	0.0000000E+0
1.0788300E+2	6.1241419E+1	6.0162409E+1	0.0000000E+0	0.0000000E+0	1.0000000E+2	0.0000000E+0
1.0793300E+2	6.1255633E+1	6.0168933E+1	0.0000000E+0	0.0000000E+0	1.0000000E+2	0.0000000E+0
1.0798400E+2	6.1255488E+1	6.0172300E+1	0.0000000E+0	0.0000000E+0	1.0000000E+2	0.0000000E+0
1.0803500E+2	6.1239769E+1	6.0146321E+1	0.0000000E+0	0.0000000E+0	1.0000000E+2	0.0000000E+0
1.0808500E+2	6.1239700E+1	6.0146046E+1	0.0000000E+0	0.0000000E+0	1.0000000E+2	0.0000000E+0
1.0813500E+2	6.1247883E+1	6.0170142E+1	0.0000000E+0	0.0000000E+0	1.0000000E+2	0.0000000E+0
1.0818600E+2	6.1255513E+1	6.0181665E+1	0.0000000E+0	0.0000000E+0	1.0000000E+2	0.0000000E+0
1.0823700E+2	6.1244289E+1	6.0168883E+1	0.0000000E+0	0.0000000E+0	1.0000000E+2	0.0000000E+0
1.0828700E+2	6.1237861E+1	6.0166924E+1	0.0000000E+0	0.0000000E+0	1.0000000E+2	0.0000000E+0
1.0833700E+2	6.1241797E+1	6.0168408E+1	0.0000000E+0	0.0000000E+0	1.0000000E+2	0.0000000E+0
1.0838700E+2	6.1226320E+1	6.0173757E+1	0.0000000E+0	0.0000000E+0	1.0000000E+2	0.0000000E+0
1.0843700E+2	6.1227335E+1	6.0165607E+1	0.0000000E+0	0.0000000E+0	1.0000000E+2	0.0000000E+0
1.0848700E+2	6.1206514E+1	6.0156556E+1	0.0000000E+0	0.0000000E+0	1.0000000E+2	0.0000000E+0
1.0853700E+2	6.1208181E+1	6.0161721E+1	0.0000000E+0	0.0000000E+0	1.0000000E+2	0.0000000E+0
1.0858700E+2	6.1193648E+1	6.0153586E+1	0.0000000E+0	0.0000000E+0	1.0000000E+2	0.0000000E+0
1.0863700E+2	6.1188897E+1	6.0149400E+1	0.0000000E+0	0.0000000E+0	1.0000000E+2	0.0000000E+0
1.0868800E+2	6.1201672E+1	6.0159131E+1	0.0000000E+0	0.0000000E+0	1.0000000E+2	0.0000000E+0
1.0873800E+2	6.1196173E+1	6.0162864E+1	0.0000000E+0	0.0000000E+0	1.0000000E+2	0.0000000E+0
1.0878800E+2	6.1184131E+1	6.0163401E+1	0.0000000E+0	0.0000000E+0	1.0000000E+2	0.0000000E+0
1.0883800E+2	6.1186043E+1	6.0169270E+1	0.0000000E+0	0.0000000E+0	1.0000000E+2	0.0000000E+0
1.0888900E+2	6.1188420E+1	6.0167324E+1	0.0000000E+0	0.0000000E+0	1.0000000E+2	0.0000000E+0
1.0894000E+2	6.1177905E+1	6.0168604E+1	0.0000000E+0	0.0000000E+0	1.0000000E+2	0.0000000E+0
1.0899000E+2	6.1175419E+1	6.0162045E+1	0.0000000E+0	0.0000000E+0	1.0000000E+2	0.0000000E+0
1.0904000E+2	6.1186419E+1	6.0171327E+1	0.0000000E+0	0.0000000E+0	1.0000000E+2	0.0000000E+0
1.0909000E+2	6.1181326E+1	6.0155694E+1	0.0000000E+0	0.0000000E+0	1.0000000E+2	0.0000000E+0
1.0914000E+2	6.1199985E+1	6.0161274E+1	0.0000000E+0	0.0000000E+0	1.0000000E+2	0.0000000E+0
1.0919000E+2	6.1205771E+1	6.0172734E+1	0.0000000E+0	0.0000000E+0	1.0000000E+2	0.0000000E+0
1.0924100E+2	6.1174688E+1	6.0145355E+1	0.0000000E+0	0.0000000E+0	1.0000000E+2	0.0000000E+0
1.0929100E+2	6.1175474E+1	6.0148711E+1	0.0000000E+0	0.0000000E+0	1.0000000E+2	0.0000000E+0
1.0934200E+2	6.1162244E+1	6.0134102E+1	0.0000000E+0	0.0000000E+0	1.0000000E+2	0.0000000E+0
1.0939300E+2	6.1162087E+1	6.0139587E+1	0.0000000E+0	0.0000000E+0	1.0000000E+2	0.0000000E+0
1.0944300E+2	6.1156776E+1	6.0148014E+1	0.0000000E+0	0.0000000E+0	1.0000000E+2	0.0000000E+0
1.0949400E+2	6.1133546E+1	6.0143857E+1	0.0000000E+0	0.0000000E+0	1.0000000E+2	0.0000000E+0
1.0954400E+2	6.1134657E+1	6.0142406E+1	0.0000000E+0	0.0000000E+0	1.0000000E+2	0.0000000E+0
1.0959500E+2	6.1136213E+1	6.0147605E+1	0.0000000E+0	0.0000000E+0	1.0000000E+2	0.0000000E+0
1.0964500E+2	6.1137107E+1	6.0146948E+1	0.0000000E+0	0.0000000E+0	1.0000000E+2	0.0000000E+0
1.0969500E+2	6.1126693E+1	6.0132446E+1	0.0000000E+0	0.0000000E+0	1.0000000E+2	0.0000000E+0
1.0974500E+2	6.1122356E+1	6.0127147E+1	0.0000000E+0	0.0000000E+0	1.0000000E+2	0.0000000E+0
1.0979500E+2	6.1116558E+1	6.0130995E+1	0.0000000E+0	0.0000000E+0	1.0000000E+2	0.0000000E+0
1.0984500E+2	6.1114716E+1	6.0131313E+1	0.0000000E+0	0.0000000E+0	1.0000000E+2	0.0000000E+0
1.0989500E+2	6.1108975E+1	6.0143916E+1	0.0000000E+0	0.0000000E+0	1.0000000E+2	0.0000000E+0
1.0994500E+2	6.1094022E+1	6.0135657E+1	0.0000000E+0	0.0000000E+0	1.0000000E+2	0.0000000E+0
1.0999600E+2	6.1096522E+1	6.0136982E+1	0.0000000E+0	0.0000000E+0	1.0000000E+2	0.0000000E+0
1.1004600E+2	6.1086723E+1	6.0138507E+1	0.0000000E+0	0.0000000E+0	1.0000000E+2	0.0000000E+0
1.1009600E+2	6.1078074E+1	6.0133352E+1	0.0000000E+0	0.0000000E+0	1.0000000E+2	0.0000000E+0
1.1014600E+2	6.1086471E+1	6.0144224E+1	0.0000000E+0	0.0000000E+0	1.0000000E+2	0.0000000E+0
1.1019600E+2	6.1078131E+1	6.0137311E+1	0.0000000E+0	0.0000000E+0	1.0000000E+2	0.0000000E+0
1.1024600E+2	6.1098044E+1	6.0138606E+1	0.0000000E+0	0.0000000E+0	1.0000000E+2	0.0000000E+0
1.1029600E+2	6.1114909E+1	6.0142299E+1	0.0000000E+0	0.0000000E+0	1.0000000E+2	0.0000000E+0
1.1034600E+2	6.1103833E+1	6.0132224E+1	0.0000000E+0	0.0000000E+0	1.0000000E+2	0.0000000E+0
1.1039600E+2	6.1116911E+1	6.0133537E+1	0.0000000E+0	0.0000000E+0	1.0000000E+2	0.0000000E+0
1.1044600E+2	6.1123889E+1	6.0139132E+1	0.0000000E+0	0.0000000E+0	1.0000000E+2	0.0000000E+0
1.1049600E+2	6.1140649E+1	6.0142406E+1	0.0000000E+0	0.0000000E+0	1.0000000E+2	0.0000000E+0
1.1054600E+2	6.1137698E+1	6.0135480E+1	0.0000000E+0	0.0000000E+0	1.0000000E+2	0.0000000E+0
1.1059600E+2	6.1141806E+1	6.0135691E+1	0.0000000E+0	0.0000000E+0	1.0000000E+2	0.0000000E+0
1.1064600E+2	6.1151333E+1	6.0136727E+1	0.0000000E+0	0.0000000E+0	1.0000000E+2	0.0000000E+0
1.1069600E+2	6.1154128E+1	6.0140080E+1	0.0000000E+0	0.0000000E+0	1.0000000E+2	0.0000000E+0
1.1074700E+2	6.1157071E+1	6.0145167E+1	0.0000000E+0	0.0000000E+0	1.0000000E+2	0.0000000E+0
1.1079700E+2	6.1156216E+1	6.0131470E+1	0.0000000E+0	0.0000000E+0	1.0000000E+2	0.0000000E+0
1.1084800E+2	6.1181377E+1	6.0141591E+1	0.0000000E+0	0.0000000E+0	1.0000000E+2	0.0000000E+0
1.1089800E+2	6.1187082E+1	6.0143550E+1	0.0000000E+0	0.0000000E+0	1.0000000E+2	0.0000000E+0
1.1094800E+2	6.1190083E+1	6.0151036E+1	0.0000000E+0	0.0000000E+0	1.0000000E+2	0.0000000E+0
1.1099900E+2	6.1188480E+1	6.0143377E+1	0.0000000E+0	0.0000000E+0	1.0000000E+2	0.0000000E+0
1.1105000E+2	6.1190271E+1	6.0144888E+1	0.0000000E+0	0.0000000E+0	1.0000000E+2	0.0000000E+0
1.1110000E+2	6.1195526E+1	6.0151412E+1	0.0000000E+0	0.0000000E+0	1.0000000E+2	0.0000000E+0
1.1115100E+2	6.1178625E+1	6.0134984E+1	0.0000000E+0	0.0000000E+0	1.0000000E+2	0.0000000E+0
1.1120100E+2	6.1176323E+1	6.0148163E+1	0.0000000E+0	0.0000000E+0	1.0000000E+2	0.0000000E+0
1.1125100E+2	6.1167143E+1	6.0147616E+1	0.0000000E+0	0.0000000E+0	1.0000000E+2	0.0000000E+0
1.1130100E+2	6.1155122E+1	6.0129399E+1	0.0000000E+0	0.0000000E+0	1.0000000E+2	0.0000000E+0
1.1135100E+2	6.1157674E+1	6.0134806E+1	0.0000000E+0	0.0000000E+0	1.0000000E+2	0.0000000E+0
1.1140100E+2	6.1192175E+1	6.0149252E+1	0.0000000E+0	0.0000000E+0	1.0000000E+2	0.0000000E+0
1.1145100E+2	6.1194125E+1	6.0141918E+1	0.0000000E+0	0.0000000E+0	1.0000000E+2	0.0000000E+0
1.1150100E+2	6.1188525E+1	6.0137885E+1	0.0000000E+0	0.0000000E+0	1.0000000E+2	0.0000000E+0
1.1155200E+2	6.1177152E+1	6.0144598E+1	0.0000000E+0	0.0000000E+0	1.0000000E+2	0.0000000E+0
1.1160200E+2	6.1187366E+1	6.0138449E+1	0.0000000E+0	0.0000000E+0	1.0000000E+2	0.0000000E+0
1.1165200E+2	6.1178050E+1	6.0143978E+1	0.0000000E+0	0.0000000E+0	1.0000000E+2	0.0000000E+0
1.1170200E+2	6.1172192E+1	6.0146090E+1	0.0000000E+0	0.0000000E+0	1.0000000E+2	0.0000000E+0
1.1175300E+2	6.1183078E+1	6.0155363E+1	0.0000000E+0	0.0000000E+0	1.0000000E+2	0.0000000E+0
1.1180400E+2	6.1160592E+1	6.0139484E+1	0.0000000E+0	0.0000000E+0	1.0000000E+2	0.0000000E+0
1.1185400E+2	6.1178639E+1	6.0152973E+1	0.0000000E+0	0.0000000E+0	1.0000000E+2	0.0000000E+0
1.1190500E+2	6.1186549E+1	6.0165855E+1	0.0000000E+0	0.0000000E+0	1.0000000E+2	0.0000000E+0
1.1195500E+2	6.1187636E+1	6.0159925E+1	0.0000000E+0	0.0000000E+0	1.0000000E+2	0.0000000E+0
1.1200500E+2	6.1201681E+1	6.0168537E+1	0.0000000E+0	0.0000000E+0	1.0000000E+2	0.0000000E+0
1.1205500E+2	6.1211894E+1	6.0163805E+1	0.0000000E+0	0.0000000E+0	1.0000000E+2	0.0000000E+0
1.1210500E+2	6.1217393E+1	6.0167816E+1	0.0000000E+0	0.0000000E+0	1.0000000E+2	0.0000000E+0
1.1215500E+2	6.1212692E+1	6.0161430E+1	0.0000000E+0	0.0000000E+0	1.0000000E+2	0.0000000E+0
1.1220500E+2	6.1221293E+1	6.0163770E+1	0.0000000E+0	0.0000000E+0	1.0000000E+2	0.0000000E+0
1.1225500E+2	6.1223416E+1	6.0156669E+1	0.0000000E+0	0.0000000E+0	1.0000000E+2	0.0000000E+0
1.1230500E+2	6.1216266E+1	6.0154954E+1	0.0000000E+0	0.0000000E+0	1.0000000E+2	0.0000000E+0
1.1235600E+2	6.1218703E+1	6.0158554E+1	0.0000000E+0	0.0000000E+0	1.0000000E+2	0.0000000E+0
1.1240700E+2	6.1213514E+1	6.0156396E+1	0.0000000E+0	0.0000000E+0	1.0000000E+2	0.0000000E+0
1.1245700E+2	6.1222230E+1	6.0157067E+1	0.0000000E+0	0.0000000E+0	1.0000000E+2	0.0000000E+0
1.1250700E+2	6.1220377E+1	6.0162014E+1	0.0000000E+0	0.0000000E+0	1.0000000E+2	0.0000000E+0
1.1255700E+2	6.1209706E+1	6.0158891E+1	0.0000000E+0	0.0000000E+0	1.0000000E+2	0.0000000E+0
1.1260700E+2	6.1199227E+1	6.0149004E+1	0.0000000E+0	0.0000000E+0	1.0000000E+2	0.0000000E+0
1.1265700E+2	6.1229221E+1	6.0157883E+1	0.0000000E+0	0.0000000E+0	1.0000000E+2	0.0000000E+0
1.1270700E+2	6.1216258E+1	6.0151879E+1	0.0000000E+0	0.0000000E+0	1.0000000E+2	0.0000000E+0
1.1275700E+2	6.1222792E+1	6.0153744E+1	0.0000000E+0	0.0000000E+0	1.0000000E+2	0.0000000E+0
1.1280700E+2	6.1219187E+1	6.0149211E+1	0.0000000E+0	0.0000000E+0	1.0000000E+2	0.0000000E+0
1.1285700E+2	6.1243492E+1	6.0167849E+1	0.0000000E+0	0.0000000E+0	1.0000000E+2	0.0000000E+0
1.1290800E+2	6.1234429E+1	6.0170557E+1	0.0000000E+0	0.0000000E+0	1.0000000E+2	0.0000000E+0
1.1295800E+2	6.1231617E+1	6.0160228E+1	0.0000000E+0	0.0000000E+0	1.0000000E+2	0.0000000E+0
1.1300800E+2	6.1253855E+1	6.0185928E+1	0.0000000E+0	0.0000000E+0	1.0000000E+2	0.0000000E+0
1.1305800E+2	6.1247733E+1	6.0177691E+1	0.0000000E+0	0.0000000E+0	1.0000000E+2	0.0000000E+0
1.1310900E+2	6.1247017E+1	6.0173507E+1	0.0000000E+0	0.0000000E+0	1.0000000E+2	0.0000000E+0
1.1315900E+2	6.1230620E+1	6.0174014E+1	0.0000000E+0	0.0000000E+0	1.0000000E+2	0.0000000E+0
1.1321000E+2	6.1231992E+1	6.0178339E+1	0.0000000E+0	0.0000000E+0	1.0000000E+2	0.0000000E+0
1.1326000E+2	6.1253290E+1	6.0179105E+1	0.0000000E+0	0.0000000E+0	1.0000000E+2	0.0000000E+0
1.1331000E+2	6.1261313E+1	6.0186637E+1	0.0000000E+0	0.0000000E+0	1.0000000E+2	0.0000000E+0
1.1336000E+2	6.1256649E+1	6.0181703E+1	0.0000000E+0	0.0000000E+0	1.0000000E+2	0.0000000E+0
1.1341100E+2	6.1272874E+1	6.0184828E+1	0.0000000E+0	0.0000000E+0	1.0000000E+2	0.0000000E+0
1.1346300E+2	6.1292267E+1	6.0193191E+1	0.0000000E+0	0.0000000E+0	1.0000000E+2	0.0000000E+0
1.1351400E+2	6.1293162E+1	6.0186150E+1	0.0000000E+0	0.0000000E+0	1.0000000E+2	0.0000000E+0
1.1356400E+2	6.1299495E+1	6.0182499E+1	0.0000000E+0	0.0000000E+0	1.0000000E+2	0.0000000E+0
1.1361400E+2	6.1313408E+1	6.0184951E+1	0.0000000E+0	0.0000000E+0	1.0000000E+2	0.0000000E+0
1.1366400E+2	6.1308380E+1	6.0184307E+1	0.0000000E+0	0.0000000E+0	1.0000000E+2	0.0000000E+0
1.1371500E+2	6.1321019E+1	6.0177854E+1	0.0000000E+0	0.0000000E+0	1.0000000E+2	0.0000000E+0
1.1376500E+2	6.1326134E+1	6.0186525E+1	0.0000000E+0	0.0000000E+0	1.0000000E+2	0.0000000E+0
1.1381500E+2	6.1327580E+1	6.0187462E+1	0.0000000E+0	0.0000000E+0	1.0000000E+2	0.0000000E+0
1.1386600E+2	6.1326991E+1	6.0190842E+1	0.0000000E+0	0.0000000E+0	1.0000000E+2	0.0000000E+0
1.1391700E+2	6.1336101E+1	6.0182387E+1	0.0000000E+0	0.0000000E+0	1.0000000E+2	0.0000000E+0
1.1396700E+2	6.1343465E+1	6.0198069E+1	0.0000000E+0	0.0000000E+0	1.0000000E+2	0.0000000E+0
1.1401700E+2	6.1333374E+1	6.0181789E+1	0.0000000E+0	0.0000000E+0	1.0000000E+2	0.0000000E+0
1.1406700E+2	6.1344545E+1	6.0194091E+1	0.0000000E+0	0.0000000E+0	1.0000000E+2	0.0000000E+0
1.1411800E+2	6.1339685E+1	6.0186713E+1	0.0000000E+0	0.0000000E+0	1.0000000E+2	0.0000000E+0
1.1416800E+2	6.1350878E+1	6.0198574E+1	0.0000000E+0	0.0000000E+0	1.0000000E+2	0.0000000E+0
1.1421800E+2	6.1334082E+1	6.0195475E+1	0.0000000E+0	0.0000000E+0	1.0000000E+2	0.0000000E+0
1.1426900E+2	6.1315416E+1	6.0188837E+1	0.0000000E+0	0.0000000E+0	1.0000000E+2	0.0000000E+0
1.1431900E+2	6.1309241E+1	6.0185244E+1	0.0000000E+0	0.0000000E+0	1.0000000E+2	0.0000000E+0
1.1437100E+2	6.1313423E+1	6.0183520E+1	0.0000000E+0	0.0000000E+0	1.0000000E+2	0.0000000E+0
1.1442200E+2	6.1307723E+1	6.0181383E+1	0.0000000E+0	0.0000000E+0	1.0000000E+2	0.0000000E+0
1.1447300E+2	6.1304430E+1	6.0184059E+1	0.0000000E+0	0.0000000E+0	1.0000000E+2	0.0000000E+0
1.1452400E+2	6.1287992E+1	6.0171135E+1	0.0000000E+0	0.0000000E+0	1.0000000E+2	0.0000000E+0
1.1457400E+2	6.1284077E+1	6.0186235E+1	0.0000000E+0	0.0000000E+0	1.0000000E+2	0.0000000E+0
1.1462400E+2	6.1277135E+1	6.0194947E+1	0.0000000E+0	0.0000000E+0	1.0000000E+2	0.0000000E+0
1.1467400E+2	6.1270267E+1	6.0193115E+1	0.0000000E+0	0.0000000E+0	1.0000000E+2	0.0000000E+0
1.1472400E+2	6.1258178E+1	6.0190935E+1	0.0000000E+0	0.0000000E+0	1.0000000E+2	0.0000000E+0
1.1477500E+2	6.1265062E+1	6.0195558E+1	0.0000000E+0	0.0000000E+0	1.0000000E+2	0.0000000E+0
1.1482500E+2	6.1258152E+1	6.0192989E+1	0.0000000E+0	0.0000000E+0	1.0000000E+2	0.0000000E+0
1.1487500E+2	6.1265389E+1	6.0186304E+1	0.0000000E+0	0.0000000E+0	1.0000000E+2	0.0000000E+0
1.1492500E+2	6.1253100E+1	6.0185503E+1	0.0000000E+0	0.0000000E+0	1.0000000E+2	0.0000000E+0
1.1497500E+2	6.1221981E+1	6.0191894E+1	0.0000000E+0	0.0000000E+0	1.0000000E+2	0.0000000E+0
1.1502500E+2	6.1227208E+1	6.0196873E+1	0.0000000E+0	0.0000000E+0	1.0000000E+2	0.0000000E+0
1.1507500E+2	6.1210276E+1	6.0183974E+1	0.0000000E+0	0.0000000E+0	1.0000000E+2	0.0000000E+0
1.1512500E+2	6.1182022E+1	6.0182913E+1	0.0000000E+0	0.0000000E+0	1.0000000E+2	0.0000000E+0
1.1517500E+2	6.1184690E+1	6.0190144E+1	0.0000000E+0	0.0000000E+0	1.0000000E+2	0.0000000E+0
1.1522600E+2	6.1189883E+1	6.0193913E+1	0.0000000E+0	0.0000000E+0	1.0000000E+2	0.0000000E+0
1.1527600E+2	6.1190762E+1	6.0194928E+1	0.0000000E+0	0.0000000E+0	1.0000000E+2	0.0000000E+0
1.1532600E+2	6.1176247E+1	6.0183564E+1	0.0000000E+0	0.0000000E+0	1.0000000E+2	0.0000000E+0
1.1537600E+2	6.1173072E+1	6.0184153E+1	0.0000000E+0	0.0000000E+0	1.0000000E+2	0.0000000E+0
1.1542700E+2	6.1167679E+1	6.0189473E+1	0.0000000E+0	0.0000000E+0	1.0000000E+2	0.0000000E+0
1.1547800E+2	6.1145023E+1	6.0182734E+1	0.0000000E+0	0.0000000E+0	1.0000000E+2	0.0000000E+0
1.1552900E+2	6.1131908E+1	6.0180792E+1	0.0000000E+0	0.0000000E+0	1.0000000E+2	0.0000000E+0
1.1557900E+2	6.1131890E+1	6.0185044E+1	0.0000000E+0	0.0000000E+0	1.0000000E+2	0.0000000E+0
1.1562900E+2	6.1129428E+1	6.0191143E+1	0.0000000E+0	0.0000000E+0	1.0000000E+2	0.0000000E+0
1.1568000E+2	6.1134626E+1	6.0193689E+1	0.0000000E+0	0.0000000E+0	1.0000000E+2	0.0000000E+0
1.1573000E+2	6.1116541E+1	6.0175385E+1	0.0000000E+0	0.0000000E+0	1.0000000E+2	0.0000000E+0
1.1578100E+2	6.1129240E+1	6.0175467E+1	0.0000000E+0	0.0000000E+0	1.0000000E+2	0.0000000E+0
1.1583200E+2	6.1127779E+1	6.0182698E+1	0.0000000E+0	0.0000000E+0	1.0000000E+2	0.0000000E+0
1.1588200E+2	6.1130030E+1	6.0187915E+1	0.0000000E+0	0.0000000E+0	1.0000000E+2	0.0000000E+0
1.1593300E+2	6.1134130E+1	6.0183590E+1	0.0000000E+0	0.0000000E+0	1.0000000E+2	0.0000000E+0
1.1598400E+2	6.1123415E+1	6.0176131E+1	0.0000000E+0	0.0000000E+0	1.0000000E+2	0.0000000E+0
1.1603400E+2	6.1133404E+1	6.0173039E+1	0.0000000E+0	0.0000000E+0	1.0000000E+2	0.0000000E+0
1.1608500E+2	6.1152881E+1	6.0183183E+1	0.0000000E+0	0.0000000E+0	1.0000000E+2	0.0000000E+0
1.1613500E+2	6.1161126E+1	6.0187777E+1	0.0000000E+0	0.0000000E+0	1.0000000E+2	0.0000000E+0
1.1618500E+2	6.1166510E+1	6.0190276E+1	0.0000000E+0	0.0000000E+0	1.0000000E+2	0.0000000E+0
1.1623600E+2	6.1157981E+1	6.0186746E+1	0.0000000E+0	0.0000000E+0	1.0000000E+2	0.0000000E+0
1.1628600E+2	6.1163729E+1	6.0181972E+1	0.0000000E+0	0.0000000E+0	1.0000000E+2	0.0000000E+0
1.1633700E+2	6.1182581E+1	6.0195179E+1	0.0000000E+0	0.0000000E+0	1.0000000E+2	0.0000000E+0
1.1638700E+2	6.1199389E+1	6.0194619E+1	0.0000000E+0	0.0000000E+0	1.0000000E+2	0.0000000E+0
1.1643700E+2	6.1208218E+1	6.0188322E+1	0.0000000E+0	0.0000000E+0	1.0000000E+2	0.0000000E+0
1.1648800E+2	6.1225296E+1	6.0191576E+1	0.0000000E+0	0.0000000E+0	1.0000000E+2	0.0000000E+0
1.1653800E+2	6.1240698E+1	6.0196008E+1	0.0000000E+0	0.0000000E+0	1.0000000E+2	0.0000000E+0
1.1658800E+2	6.1264693E+1	6.0204503E+1	0.0000000E+0	0.0000000E+0	1.0000000E+2	0.0000000E+0
1.1663900E+2	6.1260148E+1	6.0183055E+1	0.0000000E+0	0.0000000E+0	1.0000000E+2	0.0000000E+0
1.1668900E+2	6.1268127E+1	6.0191413E+1	0.0000000E+0	0.0000000E+0	1.0000000E+2	0.0000000E+0
1.1673900E+2	6.1272482E+1	6.0185514E+1	0.0000000E+0	0.0000000E+0	1.0000000E+2	0.0000000E+0
1.1678900E+2	6.1288557E+1	6.0197854E+1	0.0000000E+0	0.0000000E+0	1.0000000E+2	0.0000000E+0
1.1683900E+2	6.1298483E+1	6.0202144E+1	0.0000000E+0	0.0000000E+0	1.0000000E+2	0.0000000E+0
1.1688900E+2	6.1304757E+1	6.0202246E+1	0.0000000E+0	0.0000000E+0	1.0000000E+2	0.0000000E+0
1.1693900E+2	6.1304351E+1	6.0204988E+1	0.0000000E+0	0.0000000E+0	1.0000000E+2	0.0000000E+0
1.1698900E+2	6.1285596E+1	6.0204107E+1	0.0000000E+0	0.0000000E+0	1.0000000E+2	0.0000000E+0
1.1703900E+2	6.1289264E+1	6.0207574E+1	0.0000000E+0	0.0000000E+0	1.0000000E+2	0.0000000E+0
1.1708900E+2	6.1295552E+1	6.0205051E+1	0.0000000E+0	0.0000000E+0	1.0000000E+2	0.0000000E+0
1.1713900E+2	6.1285052E+1	6.0203434E+1	0.0000000E+0	0.0000000E+0	1.0000000E+2	0.0000000E+0
1.1718900E+2	6.1285136E+1	6.0202013E+1	0.0000000E+0	0.0000000E+0	1.0000000E+2	0.0000000E+0
1.1723900E+2	6.1281674E+1	6.0187142E+1	0.0000000E+0	0.0000000E+0	1.0000000E+2	0.0000000E+0
1.1728900E+2	6.1285841E+1	6.0186398E+1	0.0000000E+0	0.0000000E+0	1.0000000E+2	0.0000000E+0
1.1733900E+2	6.1293465E+1	6.0193111E+1	0.0000000E+0	0.0000000E+0	1.0000000E+2	0.0000000E+0
1.1738900E+2	6.1287712E+1	6.0187127E+1	0.0000000E+0	0.0000000E+0	1.0000000E+2	0.0000000E+0
1.1743900E+2	6.1281436E+1	6.0167076E+1	0.0000000E+0	0.0000000E+0	1.0000000E+2	0.0000000E+0
1.1749000E+2	6.1275185E+1	6.0163594E+1	0.0000000E+0	0.0000000E+0	1.0000000E+2	0.0000000E+0
1.1754000E+2	6.1288693E+1	6.0172886E+1	0.0000000E+0	0.0000000E+0	1.0000000E+2	0.0000000E+0
1.1759000E+2	6.1290165E+1	6.0174566E+1	0.0000000E+0	0.0000000E+0	1.0000000E+2	0.0000000E+0
1.1764000E+2	6.1285272E+1	6.0173610E+1	0.0000000E+0	0.0000000E+0	1.0000000E+2	0.0000000E+0
1.1769100E+2	6.1296154E+1	6.0185850E+1	0.0000000E+0	0.0000000E+0	1.0000000E+2	0.0000000E+0
1.1774100E+2	6.1310667E+1	6.0193157E+1	0.0000000E+0	0.0000000E+0	1.0000000E+2	0.0000000E+0
1.1779100E+2	6.1303570E+1	6.0180744E+1	0.0000000E+0	0.0000000E+0	1.0000000E+2	0.0000000E+0
1.1784100E+2	6.1311026E+1	6.0187820E+1	0.0000000E+0	0.0000000E+0	1.0000000E+2	0.0000000E+0
1.1789100E+2	6.1307536E+1	6.0192444E+1	0.0000000E+0	0.0000000E+0	1.0000000E+2	0.0000000E+0
1.1794100E+2	6.1299648E+1	6.0183246E+1	0.0000000E+0	0.0000000E+0	1.0000000E+2	0.0000000E+0
1.1799200E+2	6.1300672E+1	6.0186278E+1	0.0000000E+0	0.0000000E+0	1.0000000E+2	0.0000000E+0
1.1804200E+2	6.1306235E+1	6.0185806E+1	0.0000000E+0	0.0000000E+0	1.0000000E+2	0.0000000E+0
1.1809300E+2	6.1302792E+1	6.0186787E+1	0.0000000E+0	0.0000000E+0	1.0000000E+2	0.0000000E+0
1.1814400E+2	6.1302624E+1	6.0183673E+1	0.0000000E+0	0.0000000E+0	1.0000000E+2	0.0000000E+0
1.1819400E+2	6.1319631E+1	6.0200745E+1	0.0000000E+0	0.0000000E+0	1.0000000E+2	0.0000000E+0
1.1824400E+2	6.1309340E+1	6.0175488E+1	0.0000000E+0	0.0000000E+0	1.0000000E+2	0.0000000E+0
1.1829400E+2	6.1301374E+1	6.0172585E+1	0.0000000E+0	0.0000000E+0	1.0000000E+2	0.0000000E+0
1.1834400E+2	6.1285916E+1	6.0164200E+1	0.0000000E+0	0.0000000E+0	1.0000000E+2	0.0000000E+0
1.1839400E+2	6.1286364E+1	6.0170138E+1	0.0000000E+0	0.0000000E+0	1.0000000E+2	0.0000000E+0
1.1844500E+2	6.1279750E+1	6.0158972E+1	0.0000000E+0	0.0000000E+0	1.0000000E+2	0.0000000E+0
1.1849500E+2	6.1282287E+1	6.0158804E+1	0.0000000E+0	0.0000000E+0	1.0000000E+2	0.0000000E+0
1.1854500E+2	6.1280781E+1	6.0155287E+1	0.0000000E+0	0.0000000E+0	1.0000000E+2	0.0000000E+0
1.1859500E+2	6.1276309E+1	6.0151823E+1	0.0000000E+0	0.0000000E+0	1.0000000E+2	0.0000000E+0
1.1864500E+2	6.1291009E+1	6.0162373E+1	0.0000000E+0	0.0000000E+0	1.0000000E+2	0.0000000E+0
1.1869600E+2	6.1293494E+1	6.0158846E+1	0.0000000E+0	0.0000000E+0	1.0000000E+2	0.0000000E+0
1.1874700E+2	6.1307998E+1	6.0161573E+1	0.0000000E+0	0.0000000E+0	1.0000000E+2	0.0000000E+0
1.1879800E+2	6.1308816E+1	6.0164530E+1	0.0000000E+0	0.0000000E+0	1.0000000E+2	0.0000000E+0
1.1884800E+2	6.1332759E+1	6.0169022E+1	0.0000000E+0	0.0000000E+0	1.0000000E+2	0.0000000E+0
1.1889800E+2	6.1337222E+1	6.0187097E+1	0.0000000E+0	0.0000000E+0	1.0000000E+2	0.0000000E+0
1.1894800E+2	6.1330659E+1	6.0178894E+1	0.0000000E+0	0.0000000E+0	1.0000000E+2	0.0000000E+0
1.1899900E+2	6.1344525E+1	6.0189058E+1	0.0000000E+0	0.0000000E+0	1.0000000E+2	0.0000000E+0
1.1904900E+2	6.1344561E+1	6.0184568E+1	0.0000000E+0	0.0000000E+0	1.0000000E+2	0.0000000E+0
1.1909900E+2	6.1351701E+1	6.0176844E+1	0.0000000E+0	0.0000000E+0	1.0000000E+2	0.0000000E+0
1.1914900E+2	6.1374495E+1	6.0185336E+1	0.0000000E+0	0.0000000E+0	1.0000000E+2	0.0000000E+0
1.1919900E+2	6.1369205E+1	6.0184870E+1	0.0000000E+0	0.0000000E+0	1.0000000E+2	0.0000000E+0
1.1924900E+2	6.1358237E+1	6.0172884E+1	0.0000000E+0	0.0000000E+0	1.0000000E+2	0.0000000E+0
1.1929900E+2	6.1356923E+1	6.0176674E+1	0.0000000E+0	0.0000000E+0	1.0000000E+2	0.0000000E+0
1.1934900E+2	6.1354101E+1	6.0173753E+1	0.0000000E+0	0.0000000E+0	1.0000000E+2	0.0000000E+0
1.1939900E+2	6.1364766E+1	6.0188429E+1	0.0000000E+0	0.0000000E+0	1.0000000E+2	0.0000000E+0
1.1944900E+2	6.1365692E+1	6.0178744E+1	0.0000000E+0	0.0000000E+0	1.0000000E+2	0.0000000E+0
1.1950000E+2	6.1347927E+1	6.0162595E+1	0.0000000E+0	0.0000000E+0	1.0000000E+2	0.0000000E+0
1.1955000E+2	6.1355152E+1	6.0159040E+1	0.0000000E+0	0.0000000E+0	1.0000000E+2	0.0000000E+0
1.1960000E+2	6.1369513E+1	6.0175627E+1	0.0000000E+0	0.0000000E+0	1.0000000E+2	0.0000000E+0
1.1965000E+2	6.1370258E+1	6.0173547E+1	0.0000000E+0	0.0000000E+0	1.0000000E+2	0.0000000E+0
1.1970100E+2	6.1385218E+1	6.0188478E+1	0.0000000E+0	0.0000000E+0	1.0000000E+2	0.0000000E+0
1.1975100E+2	6.1380989E+1	6.0182882E+1	0.0000000E+0	0.0000000E+0	1.0000000E+2	0.0000000E+0
1.1980100E+2	6.1383213E+1	6.0203792E+1	0.0000000E+0	0.0000000E+0	1.0000000E+2	0.0000000E+0
1.1985100E+2	6.1386663E+1	6.0190612E+1	0.0000000E+0	0.0000000E+0	1.0000000E+2	0.0000000E+0
1.1990100E+2	6.1406319E+1	6.0195986E+1	0.0000000E+0	0.0000000E+0	1.0000000E+2	0.0000000E+0
1.1995100E+2	6.1397339E+1	6.0195067E+1	0.0000000E+0	0.0000000E+0	1.0000000E+2	0.0000000E+0
1.2000100E+2	6.1405800E+1	6.0191101E+1	0.0000000E+0	0.0000000E+0	1.0000000E+2	0.0000000E+0
1.2005300E+2	6.1398821E+1	6.0197362E+1	0.0000000E+0	0.0000000E+0	1.0000000E+2	0.0000000E+0
1.2010400E+2	6.1389111E+1	6.0185499E+1	0.0000000E+0	0.0000000E+0	1.0000000E+2	0.0000000E+0
1.2015400E+2	6.1390002E+1	6.0193852E+1	0.0000000E+0	0.0000000E+0	1.0000000E+2	0.0000000E+0
1.2020400E+2	6.1398222E+1	6.0191638E+1	0.0000000E+0	0.0000000E+0	1.0000000E+2	0.0000000E+0
1.2025500E+2	6.1404863E+1	6.0190408E+1	0.0000000E+0	0.0000000E+0	1.0000000E+2	0.0000000E+0
1.2030500E+2	6.1421174E+1	6.0197195E+1	0.0000000E+0	0.0000000E+0	1.0000000E+2	0.0000000E+0
1.2035500E+2	6.1417822E+1	6.0196259E+1	0.0000000E+0	0.0000000E+0	1.0000000E+2	0.0000000E+0
1.2040700E+2	6.1416273E+1	6.0193197E+1	0.0000000E+0	0.0000000E+0	1.0000000E+2	0.0000000E+0
1.2045700E+2	6.1405855E+1	6.0192508E+1	0.0000000E+0	0.0000000E+0	1.0000000E+2	0.0000000E+0
1.2050700E+2	6.1401875E+1	6.0198831E+1	0.0000000E+0	0.0000000E+0	1.0000000E+2	0.0000000E+0
1.2055800E+2	6.1409298E+1	6.0218564E+1	0.0000000E+0	0.0000000E+0	1.0000000E+2	0.0000000E+0
1.2060800E+2	6.1417043E+1	6.0225903E+1	0.0000000E+0	0.0000000E+0	1.0000000E+2	0.0000000E+0
1.2065800E+2	6.1429951E+1	6.0233653E+1	0.0000000E+0	0.0000000E+0	1.0000000E+2	0.0000000E+0
1.2070800E+2	6.1416269E+1	6.0223117E+1	0.0000000E+0	0.0000000E+0	1.0000000E+2	0.0000000E+0
1.2075800E+2	6.1429010E+1	6.0239997E+1	0.0000000E+0	0.0000000E+0	1.0000000E+2	0.0000000E+0
1.2080900E+2	6.1427427E+1	6.0243422E+1	0.0000000E+0	0.0000000E+0	1.0000000E+2	0.0000000E+0
1.2085900E+2	6.1413699E+1	6.0239967E+1	0.0000000E+0	0.0000000E+0	1.0000000E+2	0.0000000E+0
1.2090900E+2	6.1414702E+1	6.0243692E+1	0.0000000E+0	0.0000000E+0	1.0000000E+2	0.0000000E+0
1.2095900E+2	6.1398884E+1	6.0245405E+1	0.0000000E+0	0.0000000E+0	1.0000000E+2	0.0000000E+0
1.2100900E+2	6.1384571E+1	6.0242108E+1	0.0000000E+0	0.0000000E+0	1.0000000E+2	0.0000000E+0
1.2105900E+2	6.1375887E+1	6.0234330E+1	0.0000000E+0	0.0000000E+0	1.0000000E+2	0.0000000E+0
1.2110900E+2	6.1396654E+1	6.0255130E+1	0.0000000E+0	0.0000000E+0	1.0000000E+2	0.0000000E+0
1.2115900E+2	6.1391097E+1	6.0246327E+1	0.0000000E+0	0.0000000E+0	1.0000000E+2	0.0000000E+0
1.2120900E+2	6.1403318E+1	6.0254006E+1	0.0000000E+0	0.0000000E+0	1.0000000E+2	0.0000000E+0
1.2125900E+2	6.1399918E+1	6.0259718E+1	0.0000000E+0	0.0000000E+0	1.0000000E+2	0.0000000E+0
1.2130900E+2	6.1396458E+1	6.0270760E+1	0.0000000E+0	0.0000000E+0	1.0000000E+2	0.0000000E+0
1.2135900E+2	6.1397307E+1	6.0265048E+1	0.0000000E+0	0.0000000E+0	1.0000000E+2	0.0000000E+0
1.2140900E+2	6.1410957E+1	6.0272851E+1	0.0000000E+0	0.0000000E+0	1.0000000E+2	0.0000000E+0
1.2145900E+2	6.1415094E+1	6.0270796E+1	0.0000000E+0	0.0000000E+0	1.0000000E+2	0.0000000E+0
1.2150900E+2	6.1414676E+1	6.0264283E+1	0.0000000E+0	0.0000000E+0	1.0000000E+2	0.0000000E+0
1.2155900E+2	6.1425739E+1	6.0259888E+1	0.0000000E+0	0.0000000E+0	1.0000000E+2	0.0000000E+0
1.2160900E+2	6.1424621E+1	6.0254231E+1	0.0000000E+0	0.0000000E+0	1.0000000E+2	0.0000000E+0
1.2166000E+2	6.1431000E+1	6.0251048E+1	0.0000000E+0	0.0000000E+0	1.0000000E+2	0.0000000E+0
1.2171000E+2	6.1442997E+1	6.0254610E+1	0.0000000E+0	0.0000000E+0	1.0000000E+2	0.0000000E+0
1.2176000E+2	6.1443732E+1	6.0265690E+1	0.0000000E+0	0.0000000E+0	1.0000000E+2	0.0000000E+0
1.2181000E+2	6.1457504E+1	6.0277391E+1	0.0000000E+0	0.0000000E+0	1.0000000E+2	0.0000000E+0
1.2186000E+2	6.1417032E+1	6.0263941E+1	0.0000000E+0	0.0000000E+0	1.0000000E+2	0.0000000E+0
1.2191100E+2	6.1413915E+1	6.0278407E+1	0.0000000E+0	0.0000000E+0	1.0000000E+2	0.0000000E+0
1.2196100E+2	6.1389314E+1	6.0268439E+1	0.0000000E+0	0.0000000E+0	1.0000000E+2	0.0000000E+0
1.2201100E+2	6.1394014E+1	6.0285776E+1	0.0000000E+0	0.0000000E+0	1.0000000E+2	0.0000000E+0
1.2206200E+2	6.1381196E+1	6.0273179E+1	0.0000000E+0	0.0000000E+0	1.0000000E+2	0.0000000E+0
1.2211200E+2	6.1372635E+1	6.0277139E+1	0.0000000E+0	0.0000000E+0	1.0000000E+2	0.0000000E+0
1.2216200E+2	6.1366404E+1	6.0275024E+1	0.0000000E+0	0.0000000E+0	1.0000000E+2	0.0000000E+0
1.2221200E+2	6.1364320E+1	6.0272679E+1	0.0000000E+0	0.0000000E+0	1.0000000E+2	0.0000000E+0
1.2226200E+2	6.1330605E+1	6.0274087E+1	0.0000000E+0	0.0000000E+0	1.0000000E+2	0.0000000E+0
1.2231300E+2	6.1308345E+1	6.0252848E+1	0.0000000E+0	0.0000000E+0	1.0000000E+2	0.0000000E+0
1.2236300E+2	6.1277503E+1	6.0263148E+1	0.0000000E+0	0.0000000E+0	1.0000000E+2	0.0000000E+0
1.2241300E+2	6.1290581E+1	6.0270285E+1	0.0000000E+0	0.0000000E+0	1.0000000E+2	0.0000000E+0
1.2246400E+2	6.1277659E+1	6.0258929E+1	0.0000000E+0	0.0000000E+0	1.0000000E+2	0.0000000E+0
1.2251400E+2	6.1288403E+1	6.0270937E+1	0.0000000E+0	0.0000000E+0	1.0000000E+2	0.0000000E+0
1.2256400E+2	6.1283328E+1	6.0265766E+1	0.0000000E+0	0.0000000E+0	1.0000000E+2	0.0000000E+0
1.2261400E+2	6.1269215E+1	6.0269859E+1	0.0000000E+0	0.0000000E+0	1.0000000E+2	0.0000000E+0
1.2266500E+2	6.1258492E+1	6.0273012E+1	0.0000000E+0	0.0000000E+0	1.0000000E+2	0.0000000E+0
1.2271500E+2	6.1251386E+1	6.0274650E+1	0.0000000E+0	0.0000000E+0	1.0000000E+2	0.0000000E+0
1.2276500E+2	6.1251473E+1	6.0269842E+1	0.0000000E+0	0.0000000E+0	1.0000000E+2	0.0000000E+0
1.2281500E+2	6.1234859E+1	6.0265341E+1	0.0000000E+0	0.0000000E+0	1.0000000E+2	0.0000000E+0
1.2286600E+2	6.1223318E+1	6.0265474E+1	0.0000000E+0	0.0000000E+0	1.0000000E+2	0.0000000E+0
1.2291600E+2	6.1213311E+1	6.0276942E+1	0.0000000E+0	0.0000000E+0	1.0000000E+2	0.0000000E+0
1.2296700E+2	6.1195524E+1	6.0263421E+1	0.0000000E+0	0.0000000E+0	1.0000000E+2	0.0000000E+0
1.2301800E+2	6.1187772E+1	6.0267227E+1	0.0000000E+0	0.0000000E+0	1.0000000E+2	0.0000000E+0
1.2306900E+2	6.1192585E+1	6.0269287E+1	0.0000000E+0	0.0000000E+0	1.0000000E+2	0.0000000E+0
1.2311900E+2	6.1182509E+1	6.0259137E+1	0.0000000E+0	0.0000000E+0	1.0000000E+2	0.0000000E+0
1.2317000E+2	6.1182370E+1	6.0271509E+1	0.0000000E+0	0.0000000E+0	1.0000000E+2	0.0000000E+0
1.2322100E+2	6.1174880E+1	6.0275610E+1	0.0000000E+0	0.0000000E+0	1.0000000E+2	0.0000000E+0
1.2327100E+2	6.1157315E+1	6.0272805E+1	0.0000000E+0	0.0000000E+0	1.0000000E+2	0.0000000E+0
1.2332100E+2	6.1134896E+1	6.0264058E+1	0.0000000E+0	0.0000000E+0	1.0000000E+2	0.0000000E+0
1.2337200E+2	6.1139907E+1	6.0275945E+1	0.0000000E+0	0.0000000E+0	1.0000000E+2	0.0000000E+0
1.2342200E+2	6.1140379E+1	6.0285829E+1	0.0000000E+0	0.0000000E+0	1.0000000E+2	0.0000000E+0
1.2347200E+2	6.1148432E+1	6.0293857E+1	0.0000000E+0	0.0000000E+0	1.0000000E+2	0.0000000E+0
1.2352200E+2	6.1166510E+1	6.0314510E+1	0.0000000E+0	0.0000000E+0	1.0000000E+2	0.0000000E+0
1.2357200E+2	6.1154244E+1	6.0302545E+1	0.0000000E+0	0.0000000E+0	1.0000000E+2	0.0000000E+0
1.2362200E+2	6.1127399E+1	6.0290388E+1	0.0000000E+0	0.0000000E+0	1.0000000E+2	0.0000000E+0
1.2367200E+2	6.1118653E+1	6.0289976E+1	0.0000000E+0	0.0000000E+0	1.0000000E+2	0.0000000E+0
1.2372200E+2	6.1106746E+1	6.0290366E+1	0.0000000E+0	0.0000000E+0	1.0000000E+2	0.0000000E+0
1.2377300E+2	6.1101845E+1	6.0289084E+1	0.0000000E+0	0.0000000E+0	1.0000000E+2	0.0000000E+0
1.2382400E+2	6.1094491E+1	6.0287750E+1	0.0000000E+0	0.0000000E+0	1.0000000E+2	0.0000000E+0
1.2387400E+2	6.1095097E+1	6.0284713E+1	0.0000000E+0	0.0000000E+0	1.0000000E+2	0.0000000E+0
1.2392400E+2	6.1101588E+1	6.0291062E+1	0.0000000E+0	0.0000000E+0	1.0000000E+2	0.0000000E+0
1.2397400E+2	6.1061266E+1	6.0275373E+1	0.0000000E+0	0.0000000E+0	1.0000000E+2	0.0000000E+0
1.2402500E+2	6.1046991E+1	6.0277863E+1	0.0000000E+0	0.0000000E+0	1.0000000E+2	0.0000000E+0
1.2407600E+2	6.1058856E+1	6.0279998E+1	0.0000000E+0	0.0000000E+0	1.0000000E+2	0.0000000E+0
1.2412600E+2	6.1046265E+1	6.0278976E+1	0.0000000E+0	0.0000000E+0	1.0000000E+2	0.0000000E+0
1.2417600E+2	6.1021033E+1	6.0277427E+1	0.0000000E+0	0.0000000E+0	1.0000000E+2	0.0000000E+0
1.2422600E+2	6.1008270E+1	6.0268956E+1	0.0000000E+0	0.0000000E+0	1.0000000E+2	0.0000000E+0
1.2427600E+2	6.1011248E+1	6.0266152E+1	0.0000000E+0	0.0000000E+0	1.0000000E+2	0.0000000E+0
1.2432600E+2	6.0975335E+1	6.0252754E+1	0.0000000E+0	0.0000000E+0	1.0000000E+2	0.0000000E+0
1.2437600E+2	6.0961334E+1	6.0250483E+1	0.0000000E+0	0.0000000E+0	1.0000000E+2	0.0000000E+0
1.2442600E+2	6.0950769E+1	6.0257122E+1	0.0000000E+0	0.0000000E+0	1.0000000E+2	0.0000000E+0
1.2447600E+2	6.0946058E+1	6.0255203E+1	0.0000000E+0	0.0000000E+0	1.0000000E+2	0.0000000E+0
1.2452600E+2	6.0917115E+1	6.0233983E+1	0.0000000E+0	0.0000000E+0	1.0000000E+2	0.0000000E+0
1.2457600E+2	6.0898821E+1	6.0233705E+1	0.0000000E+0	0.0000000E+0	1.0000000E+2	0.0000000E+0
1.2462600E+2	6.0899599E+1	6.0229309E+1	0.0000000E+0	0.0000000E+0	1.0000000E+2	0.0000000E+0
1.2467600E+2	6.0883887E+1	6.0220618E+1	0.0000000E+0	0.0000000E+0	1.0000000E+2	0.0000000E+0
1.2472600E+2	6.0865138E+1	6.0210753E+1	0.0000000E+0	0.0000000E+0	1.0000000E+2	0.0000000E+0
1.2477700E+2	6.0861571E+1	6.0223068E+1	0.0000000E+0	0.0000000E+0	1.0000000E+2	0.0000000E+0
1.2482700E+2	6.0855287E+1	6.0209149E+1	0.0000000E+0	0.0000000E+0	1.0000000E+2	0.0000000E+0
1.2487700E+2	6.0857287E+1	6.0224047E+1	0.0000000E+0	0.0000000E+0	1.0000000E+2	0.0000000E+0
1.2492700E+2	6.0856001E+1	6.0211830E+1	0.0000000E+0	0.0000000E+0	1.0000000E+2	0.0000000E+0
1.2497700E+2	6.0859699E+1	6.0221610E+1	0.0000000E+0	0.0000000E+0	1.0000000E+2	0.0000000E+0
1.2502700E+2	6.0862058E+1	6.0230405E+1	0.0000000E+0	0.0000000E+0	1.0000000E+2	0.0000000E+0
1.2507700E+2	6.0863862E+1	6.0237875E+1	0.0000000E+0	0.0000000E+0	1.0000000E+2	0.0000000E+0
1.2512700E+2	6.0832557E+1	6.0229294E+1	0.0000000E+0	0.0000000E+0	1.0000000E+2	0.0000000E+0
1.2517700E+2	6.0812909E+1	6.0222453E+1	0.0000000E+0	0.0000000E+0	1.0000000E+2	0.0000000E+0
1.2522700E+2	6.0807320E+1	6.0223388E+1	0.0000000E+0	0.0000000E+0	1.0000000E+2	0.0000000E+0
1.2527700E+2	6.0815153E+1	6.0224768E+1	0.0000000E+0	0.0000000E+0	1.0000000E+2	0.0000000E+0
1.2532700E+2	6.0818490E+1	6.0238515E+1	0.0000000E+0	0.0000000E+0	1.0000000E+2	0.0000000E+0
1.2537700E+2	6.0792005E+1	6.0229028E+1	0.0000000E+0	0.0000000E+0	1.0000000E+2	0.0000000E+0
1.2542700E+2	6.0800020E+1	6.0227035E+1	0.0000000E+0	0.0000000E+0	1.0000000E+2	0.0000000E+0
1.2547700E+2	6.0803859E+1	6.0237469E+1	0.0000000E+0	0.0000000E+0	1.0000000E+2	0.0000000E+0
1.2552700E+2	6.0788650E+1	6.0232569E+1	0.0000000E+0	0.0000000E+0	1.0000000E+2	0.0000000E+0
1.2557700E+2	6.0801817E+1	6.0230992E+1	0.0000000E+0	0.0000000E+0	1.0000000E+2	0.0000000E+0
1.2562700E+2	6.0805832E+1	6.0238678E+1	0.0000000E+0	0.0000000E+0	1.0000000E+2	0.0000000E+0
1.2567700E+2	6.0805806E+1	6.0247929E+1	0.0000000E+0	0.0000000E+0	1.0000000E+2	0.0000000E+0
1.2572800E+2	6.0783148E+1	6.0234219E+1	0.0000000E+0	0.0000000E+0	1.0000000E+2	0.0000000E+0
1.2577800E+2	6.0802022E+1	6.0249997E+1	0.0000000E+0	0.0000000E+0	1.0000000E+2	0.0000000E+0
1.2582800E+2	6.0811621E+1	6.0257083E+1	0.0000000E+0	0.0000000E+0	1.0000000E+2	0.0000000E+0
1.2587800E+2	6.0794870E+1	6.0248885E+1	0.0000000E+0	0.0000000E+0	1.0000000E+2	0.0000000E+0
1.2592800E+2	6.0790648E+1	6.0251015E+1	0.0000000E+0	0.0000000E+0	1.0000000E+2	0.0000000E+0
1.2597800E+2	6.0784891E+1	6.0260397E+1	0.0000000E+0	0.0000000E+0	1.0000000E+2	0.0000000E+0
1.2602900E+2	6.0772554E+1	6.0249151E+1	0.0000000E+0	0.0000000E+0	1.0000000E+2	0.0000000E+0
1.2607900E+2	6.0753092E+1	6.0240185E+1	0.0000000E+0	0.0000000E+0	1.0000000E+2	0.0000000E+0
1.2612900E+2	6.0752589E+1	6.0243370E+1	0.0000000E+0	0.0000000E+0	1.0000000E+2	0.0000000E+0
1.2617900E+2	6.0760024E+1	6.0250608E+1	0.0000000E+0	0.0000000E+0	1.0000000E+2	0.0000000E+0
1.2623000E+2	6.0763934E+1	6.0257676E+1	0.0000000E+0	0.0000000E+0	1.0000000E+2	0.0000000E+0
1.2628100E+2	6.0768630E+1	6.0258360E+1	0.0000000E+0	0.0000000E+0	1.0000000E+2	0.0000000E+0
1.2633100E+2	6.0755935E+1	6.0250852E+1	0.0000000E+0	0.0000000E+0	1.0000000E+2	0.0000000E+0
1.2638100E+2	6.0736074E+1	6.0228804E+1	0.0000000E+0	0.0000000E+0	1.0000000E+2	0.0000000E+0
1.2643100E+2	6.0745257E+1	6.0238360E+1	0.0000000E+0	0.0000000E+0	1.0000000E+2	0.0000000E+0
1.2648100E+2	6.0753331E+1	6.0242373E+1	0.0000000E+0	0.0000000E+0	1.0000000E+2	0.0000000E+0
1.2653200E+2	6.0774669E+1	6.0255337E+1	0.0000000E+0	0.0000000E+0	1.0000000E+2	0.0000000E+0
1.2658300E+2	6.0767212E+1	6.0257627E+1	0.0000000E+0	0.0000000E+0	1.0000000E+2	0.0000000E+0
1.2663300E+2	6.0764375E+1	6.0258882E+1	0.0000000E+0	0.0000000E+0	1.0000000E+2	0.0000000E+0
1.2668300E+2	6.0757521E+1	6.0254365E+1	0.0000000E+0	0.0000000E+0	1.0000000E+2	0.0000000E+0
1.2673400E+2	6.0754103E+1	6.0256857E+1	0.0000000E+0	0.0000000E+0	1.0000000E+2	0.0000000E+0
1.2678500E+2	6.0741475E+1	6.0243089E+1	0.0000000E+0	0.0000000E+0	1.0000000E+2	0.0000000E+0
1.2683500E+2	6.0731578E+1	6.0243367E+1	0.0000000E+0	0.0000000E+0	1.0000000E+2	0.0000000E+0
1.2688500E+2	6.0722753E+1	6.0244557E+1	0.0000000E+0	0.0000000E+0	1.0000000E+2	0.0000000E+0
1.2693600E+2	6.0705861E+1	6.0241167E+1	0.0000000E+0	0.0000000E+0	1.0000000E+2	0.0000000E+0
1.2698600E+2	6.0699775E+1	6.0242013E+1	0.0000000E+0	0.0000000E+0	1.0000000E+2	0.0000000E+0
1.2703700E+2	6.0692876E+1	6.0251653E+1	0.0000000E+0	0.0000000E+0	1.0000000E+2	0.0000000E+0
1.2708800E+2	6.0686629E+1	6.0257675E+1	0.0000000E+0	0.0000000E+0	1.0000000E+2	0.0000000E+0
1.2713800E+2	6.0681423E+1	6.0258670E+1	0.0000000E+0	0.0000000E+0	1.0000000E+2	0.0000000E+0
1.2718800E+2	6.0650129E+1	6.0251318E+1	0.0000000E+0	0.0000000E+0	1.0000000E+2	0.0000000E+0
1.2723900E+2	6.0639138E+1	6.0241789E+1	0.0000000E+0	0.0000000E+0	1.0000000E+2	0.0000000E+0
1.2729100E+2	6.0622741E+1	6.0246891E+1	0.0000000E+0	0.0000000E+0	1.0000000E+2	0.0000000E+0
1.2734100E+2	6.0621623E+1	6.0260375E+1	0.0000000E+0	0.0000000E+0	1.0000000E+2	0.0000000E+0
1.2739200E+2	6.0623713E+1	6.0256583E+1	0.0000000E+0	0.0000000E+0	1.0000000E+2	0.0000000E+0
1.2744300E+2	6.0615518E+1	6.0250004E+1	0.0000000E+0	0.0000000E+0	1.0000000E+2	0.0000000E+0
1.2749400E+2	6.0606947E+1	6.0262402E+1	0.0000000E+0	0.0000000E+0	1.0000000E+2	0.0000000E+0
1.2754500E+2	6.0616216E+1	6.0266355E+1	0.0000000E+0	0.0000000E+0	1.0000000E+2	0.0000000E+0
1.2759600E+2	6.0613055E+1	6.0275177E+1	0.0000000E+0	0.0000000E+0	1.0000000E+2	0.0000000E+0
1.2764700E+2	6.0621601E+1	6.0282485E+1	0.0000000E+0	0.0000000E+0	1.0000000E+2	0.0000000E+0
1.2769800E+2	6.0631001E+1	6.0294296E+1	0.0000000E+0	0.0000000E+0	1.0000000E+2	0.0000000E+0
1.2774900E+2	6.0617263E+1	6.0286493E+1	0.0000000E+0	0.0000000E+0	1.0000000E+2	0.0000000E+0
1.2779900E+2	6.0626622E+1	6.0286154E+1	0.0000000E+0	0.0000000E+0	1.0000000E+2	0.0000000E+0
1.2785100E+2	6.0627400E+1	6.0308611E+1	0.0000000E+0	0.0000000E+0	1.0000000E+2	0.0000000E+0
1.2790100E+2	6.0640189E+1	6.0309947E+1	0.0000000E+0	0.0000000E+0	1.0000000E+2	0.0000000E+0
1.2795100E+2	6.0616898E+1	6.0296764E+1	0.0000000E+0	0.0000000E+0	1.0000000E+2	0.0000000E+0
1.2800100E+2	6.0623720E+1	6.0304645E+1	0.0000000E+0	0.0000000E+0	1.0000000E+2	0.0000000E+0
1.2805100E+2	6.0632595E+1	6.0318063E+1	0.0000000E+0	0.0000000E+0	1.0000000E+2	0.0000000E+0
1.2810100E+2	6.0639964E+1	6.0326665E+1	0.0000000E+0	0.0000000E+0	1.0000000E+2	0.0000000E+0
1.2815100E+2	6.0644111E+1	6.0334787E+1	0.0000000E+0	0.0000000E+0	1.0000000E+2	0.0000000E+0
1.2820100E+2	6.0644747E+1	6.0341670E+1	0.0000000E+0	0.0000000E+0	1.0000000E+2	0.0000000E+0
1.2825100E+2	6.0640954E+1	6.0343280E+1	0.0000000E+0	0.0000000E+0	1.0000000E+2	0.0000000E+0
1.2830100E+2	6.0619357E+1	6.0338331E+1	0.0000000E+0	0.0000000E+0	1.0000000E+2	0.0000000E+0
1.2835200E+2	6.0608961E+1	6.0334846E+1	0.0000000E+0	0.0000000E+0	1.0000000E+2	0.0000000E+0
1.2840300E+2	6.0597744E+1	6.0338048E+1	0.0000000E+0	0.0000000E+0	1.0000000E+2	0.0000000E+0
1.2845300E+2	6.0598134E+1	6.0351052E+1	0.0000000E+0	0.0000000E+0	1.0000000E+2	0.0000000E+0
1.2850400E+2	6.0586879E+1	6.0338165E+1	0.0000000E+0	0.0000000E+0	1.0000000E+2	0.0000000E+0
1.2855400E+2	6.0592702E+1	6.0345281E+1	0.0000000E+0	0.0000000E+0	1.0000000E+2	0.0000000E+0
1.2860400E+2	6.0600487E+1	6.0349913E+1	0.0000000E+0	0.0000000E+0	1.0000000E+2	0.0000000E+0
1.2865500E+2	6.0601923E+1	6.0343881E+1	0.0000000E+0	0.0000000E+0	1.0000000E+2	0.0000000E+0
1.2870500E+2	6.0603153E+1	6.0347127E+1	0.0000000E+0	0.0000000E+0	1.0000000E+2	0.0000000E+0
1.2875500E+2	6.0600050E+1	6.0352866E+1	0.0000000E+0	0.0000000E+0	1.0000000E+2	0.0000000E+0
1.2880500E+2	6.0590211E+1	6.0346105E+1	0.0000000E+0	0.0000000E+0	1.0000000E+2	0.0000000E+0
1.2885600E+2	6.0605411E+1	6.0353932E+1	0.0000000E+0	0.0000000E+0	1.0000000E+2	0.0000000E+0
1.2890600E+2	6.0608954E+1	6.0355100E+1	0.0000000E+0	0.0000000E+0	1.0000000E+2	0.0000000E+0
1.2895600E+2	6.0601683E+1	6.0357517E+1	0.0000000E+0	0.0000000E+0	1.0000000E+2	0.0000000E+0
1.2900600E+2	6.0600221E+1	6.0353070E+1	0.0000000E+0	0.0000000E+0	1.0000000E+2	0.0000000E+0
1.2905600E+2	6.0613673E+1	6.0361383E+1	0.0000000E+0	0.0000000E+0	1.0000000E+2	0.0000000E+0
1.2910600E+2	6.0616911E+1	6.0366700E+1	0.0000000E+0	0.0000000E+0	1.0000000E+2	0.0000000E+0
1.2915600E+2	6.0617741E+1	6.0375471E+1	0.0000000E+0	0.0000000E+0	1.0000000E+2	0.0000000E+0
1.2920600E+2	6.0614468E+1	6.0362573E+1	0.0000000E+0	0.0000000E+0	1.0000000E+2	0.0000000E+0
1.2925700E+2	6.0610082E+1	6.0368531E+1	0.0000000E+0	0.0000000E+0	1.0000000E+2	0.0000000E+0
1.2930700E+2	6.0616789E+1	6.0364903E+1	0.0000000E+0	0.0000000E+0	1.0000000E+2	0.0000000E+0
1.2935800E+2	6.0641412E+1	6.0368385E+1	0.0000000E+0	0.0000000E+0	1.0000000E+2	0.0000000E+0
1.2940800E+2	6.0663567E+1	6.0393026E+1	0.0000000E+0	0.0000000E+0	1.0000000E+2	0.0000000E+0
1.2945900E+2	6.0663387E+1	6.0373907E+1	0.0000000E+0	0.0000000E+0	1.0000000E+2	0.0000000E+0
1.2950900E+2	6.0675339E+1	6.0378772E+1	0.0000000E+0	0.0000000E+0	1.0000000E+2	0.0000000E+0
1.2955900E+2	6.0689932E+1	6.0388792E+1	0.0000000E+0	0.0000000E+0	1.0000000E+2	0.0000000E+0
1.2960900E+2	6.0688778E+1	6.0382678E+1	0.0000000E+0	0.0000000E+0	1.0000000E+2	0.0000000E+0
1.2965900E+2	6.0690552E+1	6.0374720E+1	0.0000000E+0	0.0000000E+0	1.0000000E+2	0.0000000E+0
1.2971000E+2	6.0697868E+1	6.0377987E+1	0.0000000E+0	0.0000000E+0	1.0000000E+2	0.0000000E+0
1.2976100E+2	6.0691888E+1	6.0381818E+1	0.0000000E+0	0.0000000E+0	1.0000000E+2	0.0000000E+0
1.2981200E+2	6.0689470E+1	6.0372039E+1	0.0000000E+0	0.0000000E+0	1.0000000E+2	0.0000000E+0
1.2986200E+2	6.0703319E+1	6.0382195E+1	0.0000000E+0	0.0000000E+0	1.0000000E+2	0.0000000E+0
1.2991300E+2	6.0703293E+1	6.0376568E+1	0.0000000E+0	0.0000000E+0	1.0000000E+2	0.0000000E+0
1.2996300E+2	6.0683579E+1	6.0372131E+1	0.0000000E+0	0.0000000E+0	1.0000000E+2	0.0000000E+0
1.3001400E+2	6.0691309E+1	6.0388241E+1	0.0000000E+0	0.0000000E+0	1.0000000E+2	0.0000000E+0
1.3006400E+2	6.0682473E+1	6.0381204E+1	0.0000000E+0	0.0000000E+0	1.0000000E+2	0.0000000E+0
1.3011500E+2	6.0658769E+1	6.0371034E+1	0.0000000E+0	0.0000000E+0	1.0000000E+2	0.0000000E+0
1.3016500E+2	6.0659722E+1	6.0391831E+1	0.0000000E+0	0.0000000E+0	1.0000000E+2	0.0000000E+0
1.3021500E+2	6.0653548E+1	6.0386775E+1	0.0000000E+0	0.0000000E+0	1.0000000E+2	0.0000000E+0
1.3026600E+2	6.0639756E+1	6.0382549E+1	0.0000000E+0	0.0000000E+0	1.0000000E+2	0.0000000E+0
1.3031600E+2	6.0623553E+1	6.0382908E+1	0.0000000E+0	0.0000000E+0	1.0000000E+2	0.0000000E+0
1.3036600E+2	6.0627352E+1	6.0385213E+1	0.0000000E+0	0.0000000E+0	1.0000000E+2	0.0000000E+0
1.3041600E+2	6.0610692E+1	6.0379031E+1	0.0000000E+0	0.0000000E+0	1.0000000E+2	0.0000000E+0
1.3046600E+2	6.0609965E+1	6.0380462E+1	0.0000000E+0	0.0000000E+0	1.0000000E+2	0.0000000E+0
1.3051600E+2	6.0610539E+1	6.0379834E+1	0.0000000E+0	0.0000000E+0	1.0000000E+2	0.0000000E+0
1.3056600E+2	6.0616466E+1	6.0384379E+1	0.0000000E+0	0.0000000E+0	1.0000000E+2	0.0000000E+0
1.3061600E+2	6.0593472E+1	6.0370225E+1	0.0000000E+0	0.0000000E+0	1.0000000E+2	0.0000000E+0
1.3066600E+2	6.0592768E+1	6.0382029E+1	0.0000000E+0	0.0000000E+0	1.0000000E+2	0.0000000E+0
1.3071600E+2	6.0589405E+1	6.0381273E+1	0.0000000E+0	0.0000000E+0	1.0000000E+2	0.0000000E+0
1.3076700E+2	6.0599751E+1	6.0385966E+1	0.0000000E+0	0.0000000E+0	1.0000000E+2	0.0000000E+0
1.3081800E+2	6.0600301E+1	6.0383281E+1	0.0000000E+0	0.0000000E+0	1.0000000E+2	0.0000000E+0
1.3086900E+2	6.0603389E+1	6.0389040E+1	0.0000000E+0	0.0000000E+0	1.0000000E+2	0.0000000E+0
1.3091900E+2	6.0605863E+1	6.0384723E+1	0.0000000E+0	0.0000000E+0	1.0000000E+2	0.0000000E+0
1.3096900E+2	6.0610241E+1	6.0383045E+1	0.0000000E+0	0.0000000E+0	1.0000000E+2	0.0000000E+0
1.3102000E+2	6.0602684E+1	6.0379946E+1	0.0000000E+0	0.0000000E+0	1.0000000E+2	0.0000000E+0
1.3107000E+2	6.0608734E+1	6.0377994E+1	0.0000000E+0	0.0000000E+0	1.0000000E+2	0.0000000E+0
1.3112000E+2	6.0602078E+1	6.0372233E+1	0.0000000E+0	0.0000000E+0	1.0000000E+2	0.0000000E+0
1.3117000E+2	6.0613775E+1	6.0386282E+1	0.0000000E+0	0.0000000E+0	1.0000000E+2	0.0000000E+0
1.3122000E+2	6.0608589E+1	6.0388418E+1	0.0000000E+0	0.0000000E+0	1.0000000E+2	0.0000000E+0
1.3127000E+2	6.0593918E+1	6.0368977E+1	0.0000000E+0	0.0000000E+0	1.0000000E+2	0.0000000E+0
1.3132100E+2	6.0613873E+1	6.0380704E+1	0.0000000E+0	0.0000000E+0	1.0000000E+2	0.0000000E+0
1.3137200E+2	6.0592575E+1	6.0380460E+1	0.0000000E+0	0.0000000E+0	1.0000000E+2	0.0000000E+0
1.3142300E+2	6.0585277E+1	6.0363087E+1	0.0000000E+0	0.0000000E+0	1.0000000E+2	0.0000000E+0
1.3147300E+2	6.0601464E+1	6.0379093E+1	0.0000000E+0	0.0000000E+0	1.0000000E+2	0.0000000E+0
1.3152300E+2	6.0596817E+1	6.0379278E+1	0.0000000E+0	0.0000000E+0	1.0000000E+2	0.0000000E+0
1.3157300E+2	6.0571978E+1	6.0375108E+1	0.0000000E+0	0.0000000E+0	1.0000000E+2	0.0000000E+0
1.3162300E+2	6.0551267E+1	6.0367216E+1	0.0000000E+0	0.0000000E+0	1.0000000E+2	0.0000000E+0
1.3167400E+2	6.0541627E+1	6.0362005E+1	0.0000000E+0	0.0000000E+0	1.0000000E+2	0.0000000E+0
1.3172400E+2	6.0529216E+1	6.0345464E+1	0.0000000E+0	0.0000000E+0	1.0000000E+2	0.0000000E+0
1.3177600E+2	6.0521274E+1	6.0346944E+1	0.0000000E+0	0.0000000E+0	1.0000000E+2	0.0000000E+0
1.3182600E+2	6.0526757E+1	6.0347881E+1	0.0000000E+0	0.0000000E+0	1.0000000E+2	0.0000000E+0
1.3187600E+2	6.0526456E+1	6.0351416E+1	0.0000000E+0	0.0000000E+0	1.0000000E+2	0.0000000E+0
1.3192600E+2	6.0519759E+1	6.0341052E+1	0.0000000E+0	0.0000000E+0	1.0000000E+2	0.0000000E+0
1.3197600E+2	6.0527814E+1	6.0339768E+1	0.0000000E+0	0.0000000E+0	1.0000000E+2	0.0000000E+0
1.3202700E+2	6.0541417E+1	6.0349148E+1	0.0000000E+0	0.0000000E+0	1.0000000E+2	0.0000000E+0
1.3207800E+2	6.0557060E+1	6.0370318E+1	0.0000000E+0	0.0000000E+0	1.0000000E+2	0.0000000E+0
1.3212800E+2	6.0552348E+1	6.0352826E+1	0.0000000E+0	0.0000000E+0	1.0000000E+2	0.0000000E+0
1.3217800E+2	6.0563856E+1	6.0361602E+1	0.0000000E+0	0.0000000E+0	1.0000000E+2	0.0000000E+0
1.3222800E+2	6.0565183E+1	6.0375934E+1	0.0000000E+0	0.0000000E+0	1.0000000E+2	0.0000000E+0
1.3227900E+2	6.0570951E+1	6.0370494E+1	0.0000000E+0	0.0000000E+0	1.0000000E+2	0.0000000E+0
1.3233000E+2	6.0576316E+1	6.0365983E+1	0.0000000E+0	0.0000000E+0	1.0000000E+2	0.0000000E+0
1.3238000E+2	6.0560893E+1	6.0361213E+1	0.0000000E+0	0.0000000E+0	1.0000000E+2	0.0000000E+0
1.3243100E+2	6.0551719E+1	6.0356078E+1	0.0000000E+0	0.0000000E+0	1.0000000E+2	0.0000000E+0
1.3248100E+2	6.0539658E+1	6.0352890E+1	0.0000000E+0	0.0000000E+0	1.0000000E+2	0.0000000E+0
1.3253200E+2	6.0534552E+1	6.0345336E+1	0.0000000E+0	0.0000000E+0	1.0000000E+2	0.0000000E+0
1.3258200E+2	6.0522865E+1	6.0340796E+1	0.0000000E+0	0.0000000E+0	1.0000000E+2	0.0000000E+0
1.3263200E+2	6.0518820E+1	6.0335345E+1	0.0000000E+0	0.0000000E+0	1.0000000E+2	0.0000000E+0
1.3268300E+2	6.0528276E+1	6.0351912E+1	0.0000000E+0	0.0000000E+0	1.0000000E+2	0.0000000E+0
1.3273300E+2	6.0513896E+1	6.0335430E+1	0.0000000E+0	0.0000000E+0	1.0000000E+2	0.0000000E+0
1.3278300E+2	6.0506390E+1	6.0338429E+1	0.0000000E+0	0.0000000E+0	1.0000000E+2	0.0000000E+0
1.3283400E+2	6.0503965E+1	6.0337507E+1	0.0000000E+0	0.0000000E+0	1.0000000E+2	0.0000000E+0
1.3288600E+2	6.0492280E+1	6.0334133E+1	0.0000000E+0	0.0000000E+0	1.0000000E+2	0.0000000E+0
1.3293600E+2	6.0491965E+1	6.0336510E+1	0.0000000E+0	0.0000000E+0	1.0000000E+2	0.0000000E+0
1.3298700E+2	6.0498752E+1	6.0331732E+1	0.0000000E+0	0.0000000E+0	1.0000000E+2	0.0000000E+0
1.3303800E+2	6.0512117E+1	6.0337806E+1	0.0000000E+0	0.0000000E+0	1.0000000E+2	0.0000000E+0
1.3308800E+2	6.0511833E+1	6.0335986E+1	0.0000000E+0	0.0000000E+0	1.0000000E+2	0.0000000E+0
1.3313800E+2	6.0526151E+1	6.0331761E+1	0.0000000E+0	0.0000000E+0	1.0000000E+2	0.0000000E+0
1.3318800E+2	6.0534292E+1	6.0331331E+1	0.0000000E+0	0.0000000E+0	1.0000000E+2	0.0000000E+0
1.3323800E+2	6.0544761E+1	6.0338888E+1	0.0000000E+0	0.0000000E+0	1.0000000E+2	0.0000000E+0
1.3328800E+2	6.0557405E+1	6.0340168E+1	0.0000000E+0	0.0000000E+0	1.0000000E+2	0.0000000E+0
1.3333800E+2	6.0559547E+1	6.0333255E+1	0.0000000E+0	0.0000000E+0	1.0000000E+2	0.0000000E+0
1.3338800E+2	6.0576714E+1	6.0349679E+1	0.0000000E+0	0.0000000E+0	1.0000000E+2	0.0000000E+0
1.3343800E+2	6.0589454E+1	6.0350897E+1	0.0000000E+0	0.0000000E+0	1.0000000E+2	0.0000000E+0
1.3348900E+2	6.0599458E+1	6.0351094E+1	0.0000000E+0	0.0000000E+0	1.0000000E+2	0.0000000E+0
1.3353900E+2	6.0615802E+1	6.0349271E+1	0.0000000E+0	0.0000000E+0	1.0000000E+2	0.0000000E+0
1.3358900E+2	6.0629082E+1	6.0343542E+1	0.0000000E+0	0.0000000E+0	1.0000000E+2	0.0000000E+0
1.3363900E+2	6.0644171E+1	6.0350901E+1	0.0000000E+0	0.0000000E+0	1.0000000E+2	0.0000000E+0
1.3368900E+2	6.0643998E+1	6.0347177E+1	0.0000000E+0	0.0000000E+0	1.0000000E+2	0.0000000E+0
1.3373900E+2	6.0652527E+1	6.0352657E+1	0.0000000E+0	0.0000000E+0	1.0000000E+2	0.0000000E+0
1.3378900E+2	6.0660595E+1	6.0347708E+1	0.0000000E+0	0.0000000E+0	1.0000000E+2	0.0000000E+0
1.3383900E+2	6.0669985E+1	6.0341479E+1	0.0000000E+0	0.0000000E+0	1.0000000E+2	0.0000000E+0
1.3389000E+2	6.0676140E+1	6.0344889E+1	0.0000000E+0	0.0000000E+0	1.0000000E+2	0.0000000E+0
1.3394000E+2	6.0680850E+1	6.0348033E+1	0.0000000E+0	0.0000000E+0	1.0000000E+2	0.0000000E+0
1.3399000E+2	6.0671457E+1	6.0340121E+1	0.0000000E+0	0.0000000E+0	1.0000000E+2	0.0000000E+0
1.3404000E+2	6.0662527E+1	6.0328734E+1	0.0000000E+0	0.0000000E+0	1.0000000E+2	0.0000000E+0
1.3409000E+2	6.0665188E+1	6.0339950E+1	0.0000000E+0	0.0000000E+0	1.0000000E+2	0.0000000E+0
1.3414200E+2	6.0655472E+1	6.0337984E+1	0.0000000E+0	0.0000000E+0	1.0000000E+2	0.0000000E+0
1.3419200E+2	6.0674199E+1	6.0342129E+1	0.0000000E+0	0.0000000E+0	1.0000000E+2	0.0000000E+0
1.3424300E+2	6.0677167E+1	6.0349421E+1	0.0000000E+0	0.0000000E+0	1.0000000E+2	0.0000000E+0
1.3429300E+2	6.0678878E+1	6.0342266E+1	0.0000000E+0	0.0000000E+0	1.0000000E+2	0.0000000E+0
1.3434300E+2	6.0672776E+1	6.0340552E+1	0.0000000E+0	0.0000000E+0	1.0000000E+2	0.0000000E+0
1.3439300E+2	6.0674152E+1	6.0329930E+1	0.0000000E+0	0.0000000E+0	1.0000000E+2	0.0000000E+0
1.3444300E+2	6.0680799E+1	6.0336619E+1	0.0000000E+0	0.0000000E+0	1.0000000E+2	0.0000000E+0
1.3449400E+2	6.0693422E+1	6.0334274E+1	0.0000000E+0	0.0000000E+0	1.0000000E+2	0.0000000E+0
1.3454400E+2	6.0697177E+1	6.0338157E+1	0.0000000E+0	0.0000000E+0	1.0000000E+2	0.0000000E+0
1.3459400E+2	6.0704554E+1	6.0341276E+1	0.0000000E+0	0.0000000E+0	1.0000000E+2	0.0000000E+0
1.3464400E+2	6.0700514E+1	6.0329268E+1	0.0000000E+0	0.0000000E+0	1.0000000E+2	0.0000000E+0
1.3469400E+2	6.0688057E+1	6.0317063E+1	0.0000000E+0	0.0000000E+0	1.0000000E+2	0.0000000E+0
1.3474400E+2	6.0684762E+1	6.0312574E+1	0.0000000E+0	0.0000000E+0	1.0000000E+2	0.0000000E+0
1.3479400E+2	6.0711098E+1	6.0330950E+1	0.0000000E+0	0.0000000E+0	1.0000000E+2	0.0000000E+0
1.3484500E+2	6.0728513E+1	6.0340916E+1	0.0000000E+0	0.0000000E+0	1.0000000E+2	0.0000000E+0
1.3489600E+2	6.0731857E+1	6.0339521E+1	0.0000000E+0	0.0000000E+0	1.0000000E+2	0.0000000E+0
1.3494800E+2	6.0734887E+1	6.0344261E+1	0.0000000E+0	0.0000000E+0	1.0000000E+2	0.0000000E+0
1.3499800E+2	6.0748550E+1	6.0356659E+1	0.0000000E+0	0.0000000E+0	1.0000000E+2	0.0000000E+0
1.3504800E+2	6.0757205E+1	6.0355702E+1	0.0000000E+0	0.0000000E+0	1.0000000E+2	0.0000000E+0
1.3509900E+2	6.0759350E+1	6.0355983E+1	0.0000000E+0	0.0000000E+0	1.0000000E+2	0.0000000E+0
1.3514900E+2	6.0747006E+1	6.0359903E+1	0.0000000E+0	0.0000000E+0	1.0000000E+2	0.0000000E+0
1.3519900E+2	6.0748436E+1	6.0364254E+1	0.0000000E+0	0.0000000E+0	1.0000000E+2	0.0000000E+0
1.3524900E+2	6.0749332E+1	6.0356166E+1	0.0000000E+0	0.0000000E+0	1.0000000E+2	0.0000000E+0
1.3529900E+2	6.0731495E+1	6.0348046E+1	0.0000000E+0	0.0000000E+0	1.0000000E+2	0.0000000E+0
1.3534900E+2	6.0726978E+1	6.0343978E+1	0.0000000E+0	0.0000000E+0	1.0000000E+2	0.0000000E+0
1.3540000E+2	6.0742191E+1	6.0367275E+1	0.0000000E+0	0.0000000E+0	1.0000000E+2	0.0000000E+0
1.3545000E+2	6.0728099E+1	6.0353563E+1	0.0000000E+0	0.0000000E+0	1.0000000E+2	0.0000000E+0
1.3550000E+2	6.0717758E+1	6.0345410E+1	0.0000000E+0	0.0000000E+0	1.0000000E+2	0.0000000E+0
1.3555000E+2	6.0731692E+1	6.0351212E+1	0.0000000E+0	0.0000000E+0	1.0000000E+2	0.0000000E+0
1.3560000E+2	6.0739438E+1	6.0347294E+1	0.0000000E+0	0.0000000E+0	1.0000000E+2	0.0000000E+0
1.3565000E+2	6.0742813E+1	6.0354771E+1	0.0000000E+0	0.0000000E+0	1.0000000E+2	0.0000000E+0
1.3570100E+2	6.0728249E+1	6.0349953E+1	0.0000000E+0	0.0000000E+0	1.0000000E+2	0.0000000E+0
1.3575100E+2	6.0718585E+1	6.0349684E+1	0.0000000E+0	0.0000000E+0	1.0000000E+2	0.0000000E+0
1.3580100E+2	6.0718169E+1	6.0350743E+1	0.0000000E+0	0.0000000E+0	1.0000000E+2	0.0000000E+0
1.3585200E+2	6.0722682E+1	6.0348982E+1	0.0000000E+0	0.0000000E+0	1.0000000E+2	0.0000000E+0
1.3590200E+2	6.0730072E+1	6.0356974E+1	0.0000000E+0	0.0000000E+0	1.0000000E+2	0.0000000E+0
1.3595200E+2	6.0732466E+1	6.0352315E+1	0.0000000E+0	0.0000000E+0	1.0000000E+2	0.0000000E+0
1.3600200E+2	6.0737072E+1	6.0350953E+1	0.0000000E+0	0.0000000E+0	1.0000000E+2	0.0000000E+0
1.3605200E+2	6.0746083E+1	6.0351804E+1	0.0000000E+0	0.0000000E+0	1.0000000E+2	0.0000000E+0
1.3610200E+2	6.0748923E+1	6.0350518E+1	0.0000000E+0	0.0000000E+0	1.0000000E+2	0.0000000E+0
1.3615200E+2	6.0750615E+1	6.0337601E+1	0.0000000E+0	0.0000000E+0	1.0000000E+2	0.0000000E+0
1.3620200E+2	6.0749707E+1	6.0342517E+1	0.0000000E+0	0.0000000E+0	1.0000000E+2	0.0000000E+0
1.3625200E+2	6.0757420E+1	6.0347982E+1	0.0000000E+0	0.0000000E+0	1.0000000E+2	0.0000000E+0
1.3630200E+2	6.0748267E+1	6.0343849E+1	0.0000000E+0	0.0000000E+0	1.0000000E+2	0.0000000E+0
1.3635200E+2	6.0715980E+1	6.0318410E+1	0.0000000E+0	0.0000000E+0	1.0000000E+2	0.0000000E+0
1.3640200E+2	6.0708984E+1	6.0321281E+1	0.0000000E+0	0.0000000E+0	1.0000000E+2	0.0000000E+0
1.3645200E+2	6.0715500E+1	6.0317659E+1	0.0000000E+0	0.0000000E+0	1.0000000E+2	0.0000000E+0
1.3650400E+2	6.0719808E+1	6.0318695E+1	0.0000000E+0	0.0000000E+0	1.0000000E+2	0.0000000E+0
1.3655500E+2	6.0726226E+1	6.0317631E+1	0.0000000E+0	0.0000000E+0	1.0000000E+2	0.0000000E+0
1.3660600E+2	6.0756712E+1	6.0335383E+1	0.0000000E+0	0.0000000E+0	1.0000000E+2	0.0000000E+0
1.3665600E+2	6.0752300E+1	6.0324197E+1	0.0000000E+0	0.0000000E+0	1.0000000E+2	0.0000000E+0
1.3670700E+2	6.0761832E+1	6.0334772E+1	0.0000000E+0	0.0000000E+0	1.0000000E+2	0.0000000E+0
1.3675800E+2	6.0774354E+1	6.0346935E+1	0.0000000E+0	0.0000000E+0	1.0000000E+2	0.0000000E+0
1.3680900E+2	6.0772600E+1	6.0342094E+1	0.0000000E+0	0.0000000E+0	1.0000000E+2	0.0000000E+0
1.3685900E+2	6.0756481E+1	6.0333406E+1	0.0000000E+0	0.0000000E+0	1.0000000E+2	0.0000000E+0
1.3690900E+2	6.0761624E+1	6.0342820E+1	0.0000000E+0	0.0000000E+0	1.0000000E+2	0.0000000E+0
1.3696000E+2	6.0754058E+1	6.0338946E+1	0.0000000E+0	0.0000000E+0	1.0000000E+2	0.0000000E+0
1.3701000E+2	6.0772170E+1	6.0347335E+1	0.0000000E+0	0.0000000E+0	1.0000000E+2	0.0000000E+0
1.3706000E+2	6.0756319E+1	6.0343223E+1	0.0000000E+0	0.0000000E+0	1.0000000E+2	0.0000000E+0
1.3711000E+2	6.0753881E+1	6.0338530E+1	0.0000000E+0	0.0000000E+0	1.0000000E+2	0.0000000E+0
1.3716100E+2	6.0734572E+1	6.0333118E+1	0.0000000E+0	0.0000000E+0	1.0000000E+2	0.0000000E+0
1.3721100E+2	6.0726583E+1	6.0329166E+1	0.0000000E+0	0.0000000E+0	1.0000000E+2	0.0000000E+0
1.3726100E+2	6.0725473E+1	6.0323566E+1	0.0000000E+0	0.0000000E+0	1.0000000E+2	0.0000000E+0
1.3731100E+2	6.0734449E+1	6.0329488E+1	0.0000000E+0	0.0000000E+0	1.0000000E+2	0.0000000E+0
1.3736100E+2	6.0735278E+1	6.0338483E+1	0.0000000E+0	0.0000000E+0	1.0000000E+2	0.0000000E+0
1.3741200E+2	6.0744229E+1	6.0333701E+1	0.0000000E+0	0.0000000E+0	1.0000000E+2	0.0000000E+0
1.3746300E+2	6.0747767E+1	6.0340146E+1	0.0000000E+0	0.0000000E+0	1.0000000E+2	0.0000000E+0
1.3751300E+2	6.0743143E+1	6.0327188E+1	0.0000000E+0	0.0000000E+0	1.0000000E+2	0.0000000E+0
1.3756400E+2	6.0757680E+1	6.0341892E+1	0.0000000E+0	0.0000000E+0	1.0000000E+2	0.0000000E+0
1.3761500E+2	6.0761685E+1	6.0339484E+1	0.0000000E+0	0.0000000E+0	1.0000000E+2	0.0000000E+0
1.3766500E+2	6.0763184E+1	6.0330602E+1	0.0000000E+0	0.0000000E+0	1.0000000E+2	0.0000000E+0
1.3771500E+2	6.0782454E+1	6.0340365E+1	0.0000000E+0	0.0000000E+0	1.0000000E+2	0.0000000E+0
1.3776500E+2	6.0789634E+1	6.0333446E+1	0.0000000E+0	0.0000000E+0	1.0000000E+2	0.0000000E+0
1.3781500E+2	6.0800158E+1	6.0338291E+1	0.0000000E+0	0.0000000E+0	1.0000000E+2	0.0000000E+0
1.3786500E+2	6.0808783E+1	6.0344282E+1	0.0000000E+0	0.0000000E+0	1.0000000E+2	0.0000000E+0
1.3791500E+2	6.0801486E+1	6.0331235E+1	0.0000000E+0	0.0000000E+0	1.0000000E+2	0.0000000E+0
1.3796500E+2	6.0821832E+1	6.0339466E+1	0.0000000E+0	0.0000000E+0	1.0000000E+2	0.0000000E+0
1.3801500E+2	6.0809875E+1	6.0337732E+1	0.0000000E+0	0.0000000E+0	1.0000000E+2	0.0000000E+0
1.3806500E+2	6.0817682E+1	6.0336393E+1	0.0000000E+0	0.0000000E+0	1.0000000E+2	0.0000000E+0
1.3811500E+2	6.0814457E+1	6.0335602E+1	0.0000000E+0	0.0000000E+0	1.0000000E+2	0.0000000E+0
1.3816500E+2	6.0815275E+1	6.0343835E+1	0.0000000E+0	0.0000000E+0	1.0000000E+2	0.0000000E+0
1.3821500E+2	6.0807618E+1	6.0334857E+1	0.0000000E+0	0.0000000E+0	1.0000000E+2	0.0000000E+0
1.3826500E+2	6.0792821E+1	6.0331065E+1	0.0000000E+0	0.0000000E+0	1.0000000E+2	0.0000000E+0
1.3831500E+2	6.0803057E+1	6.0327128E+1	0.0000000E+0	0.0000000E+0	1.0000000E+2	0.0000000E+0
1.3836600E+2	6.0794452E+1	6.0311574E+1	0.0000000E+0	0.0000000E+0	1.0000000E+2	0.0000000E+0
1.3841700E+2	6.0804729E+1	6.0314838E+1	0.0000000E+0	0.0000000E+0	1.0000000E+2	0.0000000E+0
1.3846700E+2	6.0804466E+1	6.0308355E+1	0.0000000E+0	0.0000000E+0	1.0000000E+2	0.0000000E+0
1.3851700E+2	6.0814516E+1	6.0320601E+1	0.0000000E+0	0.0000000E+0	1.0000000E+2	0.0000000E+0
1.3856800E+2	6.0801018E+1	6.0308052E+1	0.0000000E+0	0.0000000E+0	1.0000000E+2	0.0000000E+0
1.3861800E+2	6.0804409E+1	6.0304885E+1	0.0000000E+0	0.0000000E+0	1.0000000E+2	0.0000000E+0
1.3866800E+2	6.0810427E+1	6.0307387E+1	0.0000000E+0	0.0000000E+0	1.0000000E+2	0.0000000E+0
1.3871800E+2	6.0805094E+1	6.0297577E+1	0.0000000E+0	0.0000000E+0	1.0000000E+2	0.0000000E+0
1.3876800E+2	6.0825193E+1	6.0291127E+1	0.0000000E+0	0.0000000E+0	1.0000000E+2	0.0000000E+0
1.3881900E+2	6.0824111E+1	6.0282847E+1	0.0000000E+0	0.0000000E+0	1.0000000E+2	0.0000000E+0
1.3886900E+2	6.0838298E+1	6.0280894E+1	0.0000000E+0	0.0000000E+0	1.0000000E+2	0.0000000E+0
1.3891900E+2	6.0829428E+1	6.0262578E+1	0.0000000E+0	0.0000000E+0	1.0000000E+2	0.0000000E+0
1.3896900E+2	6.0834851E+1	6.0263406E+1	0.0000000E+0	0.0000000E+0	1.0000000E+2	0.0000000E+0
1.3901900E+2	6.0841714E+1	6.0263241E+1	0.0000000E+0	0.0000000E+0	1.0000000E+2	0.0000000E+0
1.3906900E+2	6.0850178E+1	6.0272446E+1	0.0000000E+0	0.0000000E+0	1.0000000E+2	0.0000000E+0
1.3911900E+2	6.0852961E+1	6.0272683E+1	0.0000000E+0	0.0000000E+0	1.0000000E+2	0.0000000E+0
1.3917000E+2	6.0847358E+1	6.0263181E+1	0.0000000E+0	0.0000000E+0	1.0000000E+2	0.0000000E+0
1.3922100E+2	6.0846186E+1	6.0252336E+1	0.0000000E+0	0.0000000E+0	1.0000000E+2	0.0000000E+0
1.3927100E+2	6.0872460E+1	6.0269555E+1	0.0000000E+0	0.0000000E+0	1.0000000E+2	0.0000000E+0
1.3932100E+2	6.0876155E+1	6.0271843E+1	0.0000000E+0	0.0000000E+0	1.0000000E+2	0.0000000E+0
1.3937100E+2	6.0894673E+1	6.0279994E+1	0.0000000E+0	0.0000000E+0	1.0000000E+2	0.0000000E+0
1.3942200E+2	6.0884704E+1	6.0265412E+1	0.0000000E+0	0.0000000E+0	1.0000000E+2	0.0000000E+0
1.3947200E+2	6.0893423E+1	6.0279756E+1	0.0000000E+0	0.0000000E+0	1.0000000E+2	0.0000000E+0
1.3952300E+2	6.0907140E+1	6.0278959E+1	0.0000000E+0	0.0000000E+0	1.0000000E+2	0.0000000E+0
1.3957300E+2	6.0914596E+1	6.0291632E+1	0.0000000E+0	0.0000000E+0	1.0000000E+2	0.0000000E+0
1.3962400E+2	6.0921918E+1	6.0283391E+1	0.0000000E+0	0.0000000E+0	1.0000000E+2	0.0000000E+0
1.3967400E+2	6.0932119E+1	6.0287465E+1	0.0000000E+0	0.0000000E+0	1.0000000E+2	0.0000000E+0
1.3972400E+2	6.0919147E+1	6.0284053E+1	0.0000000E+0	0.0000000E+0	1.0000000E+2	0.0000000E+0
1.3977400E+2	6.0920735E+1	6.0289341E+1	0.0000000E+0	0.0000000E+0	1.0000000E+2	0.0000000E+0
1.3982400E+2	6.0941879E+1	6.0295920E+1	0.0000000E+0	0.0000000E+0	1.0000000E+2	0.0000000E+0
1.3987400E+2	6.0962292E+1	6.0313882E+1	0.0000000E+0	0.0000000E+0	1.0000000E+2	0.0000000E+0
1.3992500E+2	6.0965345E+1	6.0315195E+1	0.0000000E+0	0.0000000E+0	1.0000000E+2	0.0000000E+0
1.3997500E+2	6.0961497E+1	6.0319502E+1	0.0000000E+0	0.0000000E+0	1.0000000E+2	0.0000000E+0
1.4002500E+2	6.0945981E+1	6.0311261E+1	0.0000000E+0	0.0000000E+0	1.0000000E+2	0.0000000E+0
1.4007500E+2	6.0963399E+1	6.0320675E+1	0.0000000E+0	0.0000000E+0	1.0000000E+2	0.0000000E+0
1.4012500E+2	6.0971979E+1	6.0326906E+1	0.0000000E+0	0.0000000E+0	1.0000000E+2	0.0000000E+0
1.4017500E+2	6.0956765E+1	6.0313886E+1	0.0000000E+0	0.0000000E+0	1.0000000E+2	0.0000000E+0
1.4022500E+2	6.0973058E+1	6.0325588E+1	0.0000000E+0	0.0000000E+0	1.0000000E+2	0.0000000E+0
1.4027500E+2	6.0949585E+1	6.0321737E+1	0.0000000E+0	0.0000000E+0	1.0000000E+2	0.0000000E+0
1.4032500E+2	6.0934140E+1	6.0324196E+1	0.0000000E+0	0.0000000E+0	1.0000000E+2	0.0000000E+0
1.4037600E+2	6.0931916E+1	6.0321437E+1	0.0000000E+0	0.0000000E+0	1.0000000E+2	0.0000000E+0
1.4042600E+2	6.0926549E+1	6.0315187E+1	0.0000000E+0	0.0000000E+0	1.0000000E+2	0.0000000E+0
1.4047600E+2	6.0922402E+1	6.0314335E+1	0.0000000E+0	0.0000000E+0	1.0000000E+2	0.0000000E+0
1.4052600E+2	6.0927369E+1	6.0315187E+1	0.0000000E+0	0.0000000E+0	1.0000000E+2	0.0000000E+0
1.4057600E+2	6.0937707E+1	6.0323857E+1	0.0000000E+0	0.0000000E+0	1.0000000E+2	0.0000000E+0
1.4062600E+2	6.0953658E+1	6.0327833E+1	0.0000000E+0	0.0000000E+0	1.0000000E+2	0.0000000E+0
1.4067700E+2	6.0963207E+1	6.0329224E+1	0.0000000E+0	0.0000000E+0	1.0000000E+2	0.0000000E+0
1.4072700E+2	6.0973341E+1	6.0343870E+1	0.0000000E+0	0.0000000E+0	1.0000000E+2	0.0000000E+0
1.4077700E+2	6.0987848E+1	6.0347615E+1	0.0000000E+0	0.0000000E+0	1.0000000E+2	0.0000000E+0
1.4082700E+2	6.0962190E+1	6.0332419E+1	0.0000000E+0	0.0000000E+0	1.0000000E+2	0.0000000E+0
1.4087700E+2	6.0972040E+1	6.0337313E+1	0.0000000E+0	0.0000000E+0	1.0000000E+2	0.0000000E+0
1.4092800E+2	6.0968740E+1	6.0339916E+1	0.0000000E+0	0.0000000E+0	1.0000000E+2	0.0000000E+0
1.4097900E+2	6.0968396E+1	6.0332354E+1	0.0000000E+0	0.0000000E+0	1.0000000E+2	0.0000000E+0
1.4102900E+2	6.0980916E+1	6.0330438E+1	0.0000000E+0	0.0000000E+0	1.0000000E+2	0.0000000E+0
1.4108000E+2	6.1007625E+1	6.0339534E+1	0.0000000E+0	0.0000000E+0	1.0000000E+2	0.0000000E+0
1.4113000E+2	6.1016677E+1	6.0337235E+1	0.0000000E+0	0.0000000E+0	1.0000000E+2	0.0000000E+0
1.4118000E+2	6.1011159E+1	6.0343977E+1	0.0000000E+0	0.0000000E+0	1.0000000E+2	0.0000000E+0
1.4123000E+2	6.1027949E+1	6.0351635E+1	0.0000000E+0	0.0000000E+0	1.0000000E+2	0.0000000E+0
1.4128000E+2	6.1033309E+1	6.0338672E+1	0.0000000E+0	0.0000000E+0	1.0000000E+2	0.0000000E+0
1.4133000E+2	6.1045488E+1	6.0344828E+1	0.0000000E+0	0.0000000E+0	1.0000000E+2	0.0000000E+0
1.4138100E+2	6.1048132E+1	6.0344126E+1	0.0000000E+0	0.0000000E+0	1.0000000E+2	0.0000000E+0
1.4143100E+2	6.1065773E+1	6.0352061E+1	0.0000000E+0	0.0000000E+0	1.0000000E+2	0.0000000E+0
1.4148100E+2	6.1063465E+1	6.0355604E+1	0.0000000E+0	0.0000000E+0	1.0000000E+2	0.0000000E+0
1.4153200E+2	6.1072145E+1	6.0366502E+1	0.0000000E+0	0.0000000E+0	1.0000000E+2	0.0000000E+0
1.4158200E+2	6.1089669E+1	6.0369854E+1	0.0000000E+0	0.0000000E+0	1.0000000E+2	0.0000000E+0
1.4163200E+2	6.1096213E+1	6.0366305E+1	0.0000000E+0	0.0000000E+0	1.0000000E+2	0.0000000E+0
1.4168300E+2	6.1096510E+1	6.0365062E+1	0.0000000E+0	0.0000000E+0	1.0000000E+2	0.0000000E+0
1.4173300E+2	6.1100654E+1	6.0368959E+1	0.0000000E+0	0.0000000E+0	1.0000000E+2	0.0000000E+0
1.4178300E+2	6.1108256E+1	6.0382599E+1	0.0000000E+0	0.0000000E+0	1.0000000E+2	0.0000000E+0
1.4183300E+2	6.1096846E+1	6.0378475E+1	0.0000000E+0	0.0000000E+0	1.0000000E+2	0.0000000E+0
1.4188300E+2	6.1070579E+1	6.0369813E+1	0.0000000E+0	0.0000000E+0	1.0000000E+2	0.0000000E+0
1.4193300E+2	6.1067874E+1	6.0372910E+1	0.0000000E+0	0.0000000E+0	1.0000000E+2	0.0000000E+0
1.4198300E+2	6.1061596E+1	6.0372335E+1	0.0000000E+0	0.0000000E+0	1.0000000E+2	0.0000000E+0
1.4203300E+2	6.1067566E+1	6.0372478E+1	0.0000000E+0	0.0000000E+0	1.0000000E+2	0.0000000E+0
1.4208300E+2	6.1052784E+1	6.0369580E+1	0.0000000E+0	0.0000000E+0	1.0000000E+2	0.0000000E+0
1.4213300E+2	6.1033506E+1	6.0353012E+1	0.0000000E+0	0.0000000E+0	1.0000000E+2	0.0000000E+0
1.4218300E+2	6.1042995E+1	6.0356275E+1	0.0000000E+0	0.0000000E+0	1.0000000E+2	0.0000000E+0
1.4223300E+2	6.1040504E+1	6.0360289E+1	0.0000000E+0	0.0000000E+0	1.0000000E+2	0.0000000E+0
1.4228300E+2	6.1049557E+1	6.0362232E+1	0.0000000E+0	0.0000000E+0	1.0000000E+2	0.0000000E+0
1.4233300E+2	6.1057212E+1	6.0366110E+1	0.0000000E+0	0.0000000E+0	1.0000000E+2	0.0000000E+0
1.4238300E+2	6.1043640E+1	6.0359071E+1	0.0000000E+0	0.0000000E+0	1.0000000E+2	0.0000000E+0
1.4243300E+2	6.1042456E+1	6.0354789E+1	0.0000000E+0	0.0000000E+0	1.0000000E+2	0.0000000E+0
1.4248400E+2	6.1050361E+1	6.0348241E+1	0.0000000E+0	0.0000000E+0	1.0000000E+2	0.0000000E+0
1.4253400E+2	6.1064674E+1	6.0346677E+1	0.0000000E+0	0.0000000E+0	1.0000000E+2	0.0000000E+0
1.4258400E+2	6.1071442E+1	6.0343697E+1	0.0000000E+0	0.0000000E+0	1.0000000E+2	0.0000000E+0
1.4263400E+2	6.1079943E+1	6.0350639E+1	0.0000000E+0	0.0000000E+0	1.0000000E+2	0.0000000E+0
1.4268400E+2	6.1074736E+1	6.0341838E+1	0.0000000E+0	0.0000000E+0	1.0000000E+2	0.0000000E+0
1.4273600E+2	6.1078474E+1	6.0359497E+1	0.0000000E+0	0.0000000E+0	1.0000000E+2	0.0000000E+0
1.4278600E+2	6.1070098E+1	6.0355352E+1	0.0000000E+0	0.0000000E+0	1.0000000E+2	0.0000000E+0
1.4283700E+2	6.1059970E+1	6.0356009E+1	0.0000000E+0	0.0000000E+0	1.0000000E+2	0.0000000E+0
1.4288700E+2	6.1044603E+1	6.0348870E+1	0.0000000E+0	0.0000000E+0	1.0000000E+2	0.0000000E+0
1.4293700E+2	6.1050551E+1	6.0358990E+1	0.0000000E+0	0.0000000E+0	1.0000000E+2	0.0000000E+0
1.4298700E+2	6.1055942E+1	6.0347360E+1	0.0000000E+0	0.0000000E+0	1.0000000E+2	0.0000000E+0
1.4303700E+2	6.1059048E+1	6.0348778E+1	0.0000000E+0	0.0000000E+0	1.0000000E+2	0.0000000E+0
1.4308700E+2	6.1062602E+1	6.0351462E+1	0.0000000E+0	0.0000000E+0	1.0000000E+2	0.0000000E+0
1.4313700E+2	6.1064733E+1	6.0346979E+1	0.0000000E+0	0.0000000E+0	1.0000000E+2	0.0000000E+0
1.4318700E+2	6.1079460E+1	6.0352200E+1	0.0000000E+0	0.0000000E+0	1.0000000E+2	0.0000000E+0
1.4323700E+2	6.1089758E+1	6.0349736E+1	0.0000000E+0	0.0000000E+0	1.0000000E+2	0.0000000E+0
1.4328700E+2	6.1091354E+1	6.0348115E+1	0.0000000E+0	0.0000000E+0	1.0000000E+2	0.0000000E+0
1.4333700E+2	6.1079813E+1	6.0336582E+1	0.0000000E+0	0.0000000E+0	1.0000000E+2	0.0000000E+0
1.4338700E+2	6.1098013E+1	6.0332367E+1	0.0000000E+0	0.0000000E+0	1.0000000E+2	0.0000000E+0
1.4343700E+2	6.1111598E+1	6.0347427E+1	0.0000000E+0	0.0000000E+0	1.0000000E+2	0.0000000E+0
1.4348700E+2	6.1112710E+1	6.0350217E+1	0.0000000E+0	0.0000000E+0	1.0000000E+2	0.0000000E+0
1.4353700E+2	6.1109779E+1	6.0348433E+1	0.0000000E+0	0.0000000E+0	1.0000000E+2	0.0000000E+0
1.4358800E+2	6.1098159E+1	6.0343457E+1	0.0000000E+0	0.0000000E+0	1.0000000E+2	0.0000000E+0
1.4363900E+2	6.1105834E+1	6.0342056E+1	0.0000000E+0	0.0000000E+0	1.0000000E+2	0.0000000E+0
1.4368900E+2	6.1123400E+1	6.0350292E+1	0.0000000E+0	0.0000000E+0	1.0000000E+2	0.0000000E+0
1.4373900E+2	6.1124829E+1	6.0348415E+1	0.0000000E+0	0.0000000E+0	1.0000000E+2	0.0000000E+0
1.4378900E+2	6.1146940E+1	6.0367360E+1	0.0000000E+0	0.0000000E+0	1.0000000E+2	0.0000000E+0
1.4383900E+2	6.1159285E+1	6.0369775E+1	0.0000000E+0	0.0000000E+0	1.0000000E+2	0.0000000E+0
1.4388900E+2	6.1161413E+1	6.0367745E+1	0.0000000E+0	0.0000000E+0	1.0000000E+2	0.0000000E+0
1.4393900E+2	6.1158879E+1	6.0370435E+1	0.0000000E+0	0.0000000E+0	1.0000000E+2	0.0000000E+0
1.4398900E+2	6.1176764E+1	6.0371434E+1	0.0000000E+0	0.0000000E+0	1.0000000E+2	0.0000000E+0
1.4403900E+2	6.1196485E+1	6.0378384E+1	0.0000000E+0	0.0000000E+0	1.0000000E+2	0.0000000E+0
1.4409000E+2	6.1193439E+1	6.0382017E+1	0.0000000E+0	0.0000000E+0	1.0000000E+2	0.0000000E+0
1.4414100E+2	6.1189121E+1	6.0376963E+1	0.0000000E+0	0.0000000E+0	1.0000000E+2	0.0000000E+0
1.4419100E+2	6.1170906E+1	6.0364096E+1	0.0000000E+0	0.0000000E+0	1.0000000E+2	0.0000000E+0
1.4424100E+2	6.1179648E+1	6.0356885E+1	0.0000000E+0	0.0000000E+0	1.0000000E+2	0.0000000E+0
1.4429100E+2	6.1169965E+1	6.0346843E+1	0.0000000E+0	0.0000000E+0	1.0000000E+2	0.0000000E+0
1.4434200E+2	6.1151676E+1	6.0345037E+1	0.0000000E+0	0.0000000E+0	1.0000000E+2	0.0000000E+0
1.4439200E+2	6.1154750E+1	6.0352789E+1	0.0000000E+0	0.0000000E+0	1.0000000E+2	0.0000000E+0
1.4444200E+2	6.1152161E+1	6.0360446E+1	0.0000000E+0	0.0000000E+0	1.0000000E+2	0.0000000E+0
1.4449300E+2	6.1156279E+1	6.0360495E+1	0.0000000E+0	0.0000000E+0	1.0000000E+2	0.0000000E+0
1.4454300E+2	6.1123557E+1	6.0348365E+1	0.0000000E+0	0.0000000E+0	1.0000000E+2	0.0000000E+0
1.4459300E+2	6.1126756E+1	6.0333677E+1	0.0000000E+0	0.0000000E+0	1.0000000E+2	0.0000000E+0
1.4464400E+2	6.1134915E+1	6.0338624E+1	0.0000000E+0	0.0000000E+0	1.0000000E+2	0.0000000E+0
1.4469400E+2	6.1131442E+1	6.0332375E+1	0.0000000E+0	0.0000000E+0	1.0000000E+2	0.0000000E+0
1.4474400E+2	6.1134710E+1	6.0338676E+1	0.0000000E+0	0.0000000E+0	1.0000000E+2	0.0000000E+0
1.4479400E+2	6.1147102E+1	6.0342014E+1	0.0000000E+0	0.0000000E+0	1.0000000E+2	0.0000000E+0
1.4484400E+2	6.1151312E+1	6.0330432E+1	0.0000000E+0	0.0000000E+0	1.0000000E+2	0.0000000E+0
1.4489400E+2	6.1150545E+1	6.0340800E+1	0.0000000E+0	0.0000000E+0	1.0000000E+2	0.0000000E+0
1.4494400E+2	6.1163301E+1	6.0349218E+1	0.0000000E+0	0.0000000E+0	1.0000000E+2	0.0000000E+0
1.4499400E+2	6.1162381E+1	6.0349233E+1	0.0000000E+0	0.0000000E+0	1.0000000E+2	0.0000000E+0
1.4504400E+2	6.1151688E+1	6.0345629E+1	0.0000000E+0	0.0000000E+0	1.0000000E+2	0.0000000E+0
1.4509400E+2	6.1161530E+1	6.0338919E+1	0.0000000E+0	0.0000000E+0	1.0000000E+2	0.0000000E+0
1.4514400E+2	6.1172880E+1	6.0344341E+1	0.0000000E+0	0.0000000E+0	1.0000000E+2	0.0000000E+0
1.4519400E+2	6.1203053E+1	6.0354166E+1	0.0000000E+0	0.0000000E+0	1.0000000E+2	0.0000000E+0
1.4524400E+2	6.1208769E+1	6.0366849E+1	0.0000000E+0	0.0000000E+0	1.0000000E+2	0.0000000E+0
1.4529400E+2	6.1210126E+1	6.0368048E+1	0.0000000E+0	0.0000000E+0	1.0000000E+2	0.0000000E+0
1.4534500E+2	6.1208668E+1	6.0363083E+1	0.0000000E+0	0.0000000E+0	1.0000000E+2	0.0000000E+0
1.4539500E+2	6.1218934E+1	6.0366894E+1	0.0000000E+0	0.0000000E+0	1.0000000E+2	0.0000000E+0
1.4544500E+2	6.1213045E+1	6.0366100E+1	0.0000000E+0	0.0000000E+0	1.0000000E+2	0.0000000E+0
1.4549500E+2	6.1215380E+1	6.0360040E+1	0.0000000E+0	0.0000000E+0	1.0000000E+2	0.0000000E+0
1.4554500E+2	6.1206213E+1	6.0352100E+1	0.0000000E+0	0.0000000E+0	1.0000000E+2	0.0000000E+0
1.4559500E+2	6.1199348E+1	6.0347506E+1	0.0000000E+0	0.0000000E+0	1.0000000E+2	0.0000000E+0
1.4564600E+2	6.1207926E+1	6.0350754E+1	0.0000000E+0	0.0000000E+0	1.0000000E+2	0.0000000E+0
1.4569600E+2	6.1191709E+1	6.0345075E+1	0.0000000E+0	0.0000000E+0	1.0000000E+2	0.0000000E+0
1.4574700E+2	6.1201559E+1	6.0347330E+1	0.0000000E+0	0.0000000E+0	1.0000000E+2	0.0000000E+0
1.4579800E+2	6.1201030E+1	6.0347863E+1	0.0000000E+0	0.0000000E+0	1.0000000E+2	0.0000000E+0
1.4584800E+2	6.1196478E+1	6.0347573E+1	0.0000000E+0	0.0000000E+0	1.0000000E+2	0.0000000E+0
1.4589900E+2	6.1190473E+1	6.0343827E+1	0.0000000E+0	0.0000000E+0	1.0000000E+2	0.0000000E+0
1.4594900E+2	6.1183867E+1	6.0343364E+1	0.0000000E+0	0.0000000E+0	1.0000000E+2	0.0000000E+0
1.4599900E+2	6.1169957E+1	6.0332236E+1	0.0000000E+0	0.0000000E+0	1.0000000E+2	0.0000000E+0
1.4604900E+2	6.1177758E+1	6.0338602E+1	0.0000000E+0	0.0000000E+0	1.0000000E+2	0.0000000E+0
1.4610000E+2	6.1168776E+1	6.0339224E+1	0.0000000E+0	0.0000000E+0	1.0000000E+2	0.0000000E+0
1.4615100E+2	6.1184462E+1	6.0345646E+1	0.0000000E+0	0.0000000E+0	1.0000000E+2	0.0000000E+0
1.4620100E+2	6.1183283E+1	6.0342088E+1	0.0000000E+0	0.0000000E+0	1.0000000E+2	0.0000000E+0
1.4625100E+2	6.1178014E+1	6.0337740E+1	0.0000000E+0	0.0000000E+0	1.0000000E+2	0.0000000E+0
1.4630100E+2	6.1163992E+1	6.0342106E+1	0.0000000E+0	0.0000000E+0	1.0000000E+2	0.0000000E+0
1.4635200E+2	6.1170809E+1	6.0342974E+1	0.0000000E+0	0.0000000E+0	1.0000000E+2	0.0000000E+0
1.4640200E+2	6.1190136E+1	6.0337710E+1	0.0000000E+0	0.0000000E+0	1.0000000E+2	0.0000000E+0
1.4645200E+2	6.1200636E+1	6.0346398E+1	0.0000000E+0	0.0000000E+0	1.0000000E+2	0.0000000E+0
1.4650200E+2	6.1200327E+1	6.0353190E+1	0.0000000E+0	0.0000000E+0	1.0000000E+2	0.0000000E+0
1.4655200E+2	6.1207010E+1	6.0350117E+1	0.0000000E+0	0.0000000E+0	1.0000000E+2	0.0000000E+0
1.4660200E+2	6.1198667E+1	6.0333418E+1	0.0000000E+0	0.0000000E+0	1.0000000E+2	0.0000000E+0
1.4665200E+2	6.1224354E+1	6.0344400E+1	0.0000000E+0	0.0000000E+0	1.0000000E+2	0.0000000E+0
1.4670200E+2	6.1227952E+1	6.0337344E+1	0.0000000E+0	0.0000000E+0	1.0000000E+2	0.0000000E+0
1.4675200E+2	6.1239200E+1	6.0355074E+1	0.0000000E+0	0.0000000E+0	1.0000000E+2	0.0000000E+0
1.4680200E+2	6.1232532E+1	6.0358102E+1	0.0000000E+0	0.0000000E+0	1.0000000E+2	0.0000000E+0
1.4685200E+2	6.1209150E+1	6.0351487E+1	0.0000000E+0	0.0000000E+0	1.0000000E+2	0.0000000E+0
1.4690200E+2	6.1180746E+1	6.0340575E+1	0.0000000E+0	0.0000000E+0	1.0000000E+2	0.0000000E+0
1.4695300E+2	6.1191903E+1	6.0348197E+1	0.0000000E+0	0.0000000E+0	1.0000000E+2	0.0000000E+0
1.4700300E+2	6.1195177E+1	6.0352865E+1	0.0000000E+0	0.0000000E+0	1.0000000E+2	0.0000000E+0
1.4705500E+2	6.1204933E+1	6.0361554E+1	0.0000000E+0	0.0000000E+0	1.0000000E+2	0.0000000E+0
1.4710500E+2	6.1201818E+1	6.0352976E+1	0.0000000E+0	0.0000000E+0	1.0000000E+2	0.0000000E+0
1.4715500E+2	6.1206176E+1	6.0361758E+1	0.0000000E+0	0.0000000E+0	1.0000000E+2	0.0000000E+0
1.4720600E+2	6.1199285E+1	6.0355431E+1	0.0000000E+0	0.0000000E+0	1.0000000E+2	0.0000000E+0
1.4725700E+2	6.1196497E+1	6.0350760E+1	0.0000000E+0	0.0000000E+0	1.0000000E+2	0.0000000E+0
1.4730700E+2	6.1209724E+1	6.0351403E+1	0.0000000E+0	0.0000000E+0	1.0000000E+2	0.0000000E+0
1.4735800E+2	6.1206968E+1	6.0350994E+1	0.0000000E+0	0.0000000E+0	1.0000000E+2	0.0000000E+0
1.4740900E+2	6.1208654E+1	6.0358754E+1	0.0000000E+0	0.0000000E+0	1.0000000E+2	0.0000000E+0
1.4745900E+2	6.1212377E+1	6.0351586E+1	0.0000000E+0	0.0000000E+0	1.0000000E+2	0.0000000E+0
1.4750900E+2	6.1227316E+1	6.0355660E+1	0.0000000E+0	0.0000000E+0	1.0000000E+2	0.0000000E+0
1.4755900E+2	6.1231056E+1	6.0352826E+1	0.0000000E+0	0.0000000E+0	1.0000000E+2	0.0000000E+0
1.4760900E+2	6.1231764E+1	6.0351272E+1	0.0000000E+0	0.0000000E+0	1.0000000E+2	0.0000000E+0
1.4765900E+2	6.1228588E+1	6.0349776E+1	0.0000000E+0	0.0000000E+0	1.0000000E+2	0.0000000E+0
1.4771000E+2	6.1223921E+1	6.0338428E+1	0.0000000E+0	0.0000000E+0	1.0000000E+2	0.0000000E+0
1.4776000E+2	6.1232216E+1	6.0343209E+1	0.0000000E+0	0.0000000E+0	1.0000000E+2	0.0000000E+0
1.4781000E+2	6.1223863E+1	6.0346306E+1	0.0000000E+0	0.0000000E+0	1.0000000E+2	0.0000000E+0
1.4786000E+2	6.1233052E+1	6.0361945E+1	0.0000000E+0	0.0000000E+0	1.0000000E+2	0.0000000E+0
1.4791000E+2	6.1227082E+1	6.0346410E+1	0.0000000E+0	0.0000000E+0	1.0000000E+2	0.0000000E+0
1.4796000E+2	6.1227775E+1	6.0351082E+1	0.0000000E+0	0.0000000E+0	1.0000000E+2	0.0000000E+0
1.4801000E+2	6.1232603E+1	6.0342021E+1	0.0000000E+0	0.0000000E+0	1.0000000E+2	0.0000000E+0
1.4806100E+2	6.1236785E+1	6.0333181E+1	0.0000000E+0	0.0000000E+0	1.0000000E+2	0.0000000E+0
1.4811100E+2	6.1235568E+1	6.0329550E+1	0.0000000E+0	0.0000000E+0	1.0000000E+2	0.0000000E+0
1.4816100E+2	6.1254785E+1	6.0341298E+1	0.0000000E+0	0.0000000E+0	1.0000000E+2	0.0000000E+0
1.4821100E+2	6.1264418E+1	6.0349277E+1	0.0000000E+0	0.0000000E+0	1.0000000E+2	0.0000000E+0
1.4826100E+2	6.1274162E+1	6.0364718E+1	0.0000000E+0	0.0000000E+0	1.0000000E+2	0.0000000E+0
1.4831100E+2	6.1264102E+1	6.0356474E+1	0.0000000E+0	0.0000000E+0	1.0000000E+2	0.0000000E+0
1.4836200E+2	6.1273884E+1	6.0365931E+1	0.0000000E+0	0.0000000E+0	1.0000000E+2	0.0000000E+0
1.4841300E+2	6.1269677E+1	6.0357049E+1	0.0000000E+0	0.0000000E+0	1.0000000E+2	0.0000000E+0
1.4846300E+2	6.1268744E+1	6.0361813E+1	0.0000000E+0	0.0000000E+0	1.0000000E+2	0.0000000E+0
1.4851300E+2	6.1295940E+1	6.0365493E+1	0.0000000E+0	0.0000000E+0	1.0000000E+2	0.0000000E+0
1.4856300E+2	6.1313176E+1	6.0376718E+1	0.0000000E+0	0.0000000E+0	1.0000000E+2	0.0000000E+0
1.4861300E+2	6.1316800E+1	6.0370431E+1	0.0000000E+0	0.0000000E+0	1.0000000E+2	0.0000000E+0
1.4866300E+2	6.1332847E+1	6.0382150E+1	0.0000000E+0	0.0000000E+0	1.0000000E+2	0.0000000E+0
1.4871300E+2	6.1318590E+1	6.0369817E+1	0.0000000E+0	0.0000000E+0	1.0000000E+2	0.0000000E+0
1.4876300E+2	6.1331255E+1	6.0378516E+1	0.0000000E+0	0.0000000E+0	1.0000000E+2	0.0000000E+0
1.4881400E+2	6.1323489E+1	6.0369003E+1	0.0000000E+0	0.0000000E+0	1.0000000E+2	0.0000000E+0
1.4886500E+2	6.1316129E+1	6.0365537E+1	0.0000000E+0	0.0000000E+0	1.0000000E+2	0.0000000E+0
1.4891500E+2	6.1322038E+1	6.0371559E+1	0.0000000E+0	0.0000000E+0	1.0000000E+2	0.0000000E+0
1.4896500E+2	6.1328092E+1	6.0377470E+1	0.0000000E+0	0.0000000E+0	1.0000000E+2	0.0000000E+0
1.4901500E+2	6.1336979E+1	6.0379257E+1	0.0000000E+0	0.0000000E+0	1.0000000E+2	0.0000000E+0
1.4906600E+2	6.1322057E+1	6.0377987E+1	0.0000000E+0	0.0000000E+0	1.0000000E+2	0.0000000E+0
1.4911600E+2	6.1303843E+1	6.0373410E+1	0.0000000E+0	0.0000000E+0	1.0000000E+2	0.0000000E+0
1.4916700E+2	6.1290290E+1	6.0366119E+1	0.0000000E+0	0.0000000E+0	1.0000000E+2	0.0000000E+0
1.4921700E+2	6.1297388E+1	6.0369511E+1	0.0000000E+0	0.0000000E+0	1.0000000E+2	0.0000000E+0
1.4926800E+2	6.1316162E+1	6.0389159E+1	0.0000000E+0	0.0000000E+0	1.0000000E+2	0.0000000E+0
1.4931800E+2	6.1304073E+1	6.0369450E+1	0.0000000E+0	0.0000000E+0	1.0000000E+2	0.0000000E+0
1.4936900E+2	6.1314690E+1	6.0380429E+1	0.0000000E+0	0.0000000E+0	1.0000000E+2	0.0000000E+0
1.4941900E+2	6.1304511E+1	6.0363575E+1	0.0000000E+0	0.0000000E+0	1.0000000E+2	0.0000000E+0
1.4946900E+2	6.1311862E+1	6.0368195E+1	0.0000000E+0	0.0000000E+0	1.0000000E+2	0.0000000E+0
1.4951900E+2	6.1305068E+1	6.0369843E+1	0.0000000E+0	0.0000000E+0	1.0000000E+2	0.0000000E+0
1.4956900E+2	6.1291156E+1	6.0362589E+1	0.0000000E+0	0.0000000E+0	1.0000000E+2	0.0000000E+0
1.4961900E+2	6.1284167E+1	6.0362176E+1	0.0000000E+0	0.0000000E+0	1.0000000E+2	0.0000000E+0
1.4966900E+2	6.1272774E+1	6.0348866E+1	0.0000000E+0	0.0000000E+0	1.0000000E+2	0.0000000E+0
1.4971900E+2	6.1274943E+1	6.0362827E+1	0.0000000E+0	0.0000000E+0	1.0000000E+2	0.0000000E+0
1.4976900E+2	6.1294373E+1	6.0378564E+1	0.0000000E+0	0.0000000E+0	1.0000000E+2	0.0000000E+0
1.4981900E+2	6.1292758E+1	6.0365691E+1	0.0000000E+0	0.0000000E+0	1.0000000E+2	0.0000000E+0
1.4986900E+2	6.1286715E+1	6.0361118E+1	0.0000000E+0	0.0000000E+0	1.0000000E+2	0.0000000E+0
1.4992000E+2	6.1300951E+1	6.0362263E+1	0.0000000E+0	0.0000000E+0	1.0000000E+2	0.0000000E+0
1.4997000E+2	6.1302286E+1	6.0366073E+1	0.0000000E+0	0.0000000E+0	1.0000000E+2	0.0000000E+0
1.5002000E+2	6.1335525E+1	6.0379074E+1	0.0000000E+0	0.0000000E+0	1.0000000E+2	0.0000000E+0
1.5007000E+2	6.1341817E+1	6.0374176E+1	0.0000000E+0	0.0000000E+0	1.0000000E+2	0.0000000E+0
1.5012000E+2	6.1342890E+1	6.0373514E+1	0.0000000E+0	0.0000000E+0	1.0000000E+2	0.0000000E+0
1.5017000E+2	6.1339083E+1	6.0376814E+1	0.0000000E+0	0.0000000E+0	1.0000000E+2	0.0000000E+0
1.5022100E+2	6.1345932E+1	6.0374716E+1	0.0000000E+0	0.0000000E+0	1.0000000E+2	0.0000000E+0
1.5027100E+2	6.1353664E+1	6.0375326E+1	0.0000000E+0	0.0000000E+0	1.0000000E+2	0.0000000E+0
1.5032100E+2	6.1371294E+1	6.0377714E+1	0.0000000E+0	0.0000000E+0	1.0000000E+2	0.0000000E+0
1.5037200E+2	6.1383897E+1	6.0374031E+1	0.0000000E+0	0.0000000E+0	1.0000000E+2	0.0000000E+0
1.5042200E+2	6.1398121E+1	6.0369331E+1	0.0000000E+0	0.0000000E+0	1.0000000E+2	0.0000000E+0
1.5047300E+2	6.1408226E+1	6.0375050E+1	0.0000000E+0	0.0000000E+0	1.0000000E+2	0.0000000E+0
1.5052400E+2	6.1404900E+1	6.0369646E+1	0.0000000E+0	0.0000000E+0	1.0000000E+2	0.0000000E+0
1.5057500E+2	6.1415514E+1	6.0383129E+1	0.0000000E+0	0.0000000E+0	1.0000000E+2	0.0000000E+0
1.5062600E+2	6.1393608E+1	6.0365423E+1	0.0000000E+0	0.0000000E+0	1.0000000E+2	0.0000000E+0
1.5067600E+2	6.1374811E+1	6.0358564E+1	0.0000000E+0	0.0000000E+0	1.0000000E+2	0.0000000E+0
1.5072600E+2	6.1369037E+1	6.0346976E+1	0.0000000E+0	0.0000000E+0	1.0000000E+2	0.0000000E+0
1.5077700E+2	6.1375679E+1	6.0355760E+1	0.0000000E+0	0.0000000E+0	1.0000000E+2	0.0000000E+0
1.5082700E+2	6.1372400E+1	6.0358219E+1	0.0000000E+0	0.0000000E+0	1.0000000E+2	0.0000000E+0
1.5087700E+2	6.1387296E+1	6.0363904E+1	0.0000000E+0	0.0000000E+0	1.0000000E+2	0.0000000E+0
1.5092800E+2	6.1404457E+1	6.0371212E+1	0.0000000E+0	0.0000000E+0	1.0000000E+2	0.0000000E+0
1.5097800E+2	6.1403287E+1	6.0360033E+1	0.0000000E+0	0.0000000E+0	1.0000000E+2	0.0000000E+0
1.5102800E+2	6.1408938E+1	6.0373641E+1	0.0000000E+0	0.0000000E+0	1.0000000E+2	0.0000000E+0
1.5107800E+2	6.1404215E+1	6.0384462E+1	0.0000000E+0	0.0000000E+0	1.0000000E+2	0.0000000E+0
1.5112800E+2	6.1409770E+1	6.0378564E+1	0.0000000E+0	0.0000000E+0	1.0000000E+2	0.0000000E+0
1.5117800E+2	6.1407817E+1	6.0377813E+1	0.0000000E+0	0.0000000E+0	1.0000000E+2	0.0000000E+0
1.5122900E+2	6.1407443E+1	6.0375387E+1	0.0000000E+0	0.0000000E+0	1.0000000E+2	0.0000000E+0
1.5127900E+2	6.1397482E+1	6.0371479E+1	0.0000000E+0	0.0000000E+0	1.0000000E+2	0.0000000E+0
1.5132900E+2	6.1395476E+1	6.0370594E+1	0.0000000E+0	0.0000000E+0	1.0000000E+2	0.0000000E+0
1.5137900E+2	6.1390397E+1	6.0373522E+1	0.0000000E+0	0.0000000E+0	1.0000000E+2	0.0000000E+0
1.5142900E+2	6.1382026E+1	6.0382879E+1	0.0000000E+0	0.0000000E+0	1.0000000E+2	0.0000000E+0
1.5147900E+2	6.1380173E+1	6.0390339E+1	0.0000000E+0	0.0000000E+0	1.0000000E+2	0.0000000E+0
1.5153000E+2	6.1367984E+1	6.0395537E+1	0.0000000E+0	0.0000000E+0	1.0000000E+2	0.0000000E+0
1.5158000E+2	6.1354417E+1	6.0386273E+1	0.0000000E+0	0.0000000E+0	1.0000000E+2	0.0000000E+0
1.5163100E+2	6.1362558E+1	6.0402665E+1	0.0000000E+0	0.0000000E+0	1.0000000E+2	0.0000000E+0
1.5168100E+2	6.1371641E+1	6.0395619E+1	0.0000000E+0	0.0000000E+0	1.0000000E+2	0.0000000E+0
1.5173100E+2	6.1381494E+1	6.0390693E+1	0.0000000E+0	0.0000000E+0	1.0000000E+2	0.0000000E+0
1.5178100E+2	6.1392778E+1	6.0407226E+1	0.0000000E+0	0.0000000E+0	1.0000000E+2	0.0000000E+0
1.5183100E+2	6.1412291E+1	6.0411672E+1	0.0000000E+0	0.0000000E+0	1.0000000E+2	0.0000000E+0
1.5188100E+2	6.1404907E+1	6.0400061E+1	0.0000000E+0	0.0000000E+0	1.0000000E+2	0.0000000E+0
1.5193200E+2	6.1397716E+1	6.0399111E+1	0.0000000E+0	0.0000000E+0	1.0000000E+2	0.0000000E+0
1.5198400E+2	6.1395065E+1	6.0397976E+1	0.0000000E+0	0.0000000E+0	1.0000000E+2	0.0000000E+0
1.5203400E+2	6.1394173E+1	6.0400918E+1	0.0000000E+0	0.0000000E+0	1.0000000E+2	0.0000000E+0
1.5208500E+2	6.1388414E+1	6.0396995E+1	0.0000000E+0	0.0000000E+0	1.0000000E+2	0.0000000E+0
1.5213500E+2	6.1381379E+1	6.0404712E+1	0.0000000E+0	0.0000000E+0	1.0000000E+2	0.0000000E+0
1.5218500E+2	6.1383883E+1	6.0401669E+1	0.0000000E+0	0.0000000E+0	1.0000000E+2	0.0000000E+0
1.5223500E+2	6.1381096E+1	6.0405127E+1	0.0000000E+0	0.0000000E+0	1.0000000E+2	0.0000000E+0
1.5228600E+2	6.1383964E+1	6.0401191E+1	0.0000000E+0	0.0000000E+0	1.0000000E+2	0.0000000E+0
1.5233600E+2	6.1400185E+1	6.0413543E+1	0.0000000E+0	0.0000000E+0	1.0000000E+2	0.0000000E+0
1.5238600E+2	6.1393277E+1	6.0416036E+1	0.0000000E+0	0.0000000E+0	1.0000000E+2	0.0000000E+0
1.5243600E+2	6.1385076E+1	6.0425572E+1	0.0000000E+0	0.0000000E+0	1.0000000E+2	0.0000000E+0
1.5248600E+2	6.1387207E+1	6.0419948E+1	0.0000000E+0	0.0000000E+0	1.0000000E+2	0.0000000E+0
1.5253600E+2	6.1375187E+1	6.0412040E+1	0.0000000E+0	0.0000000E+0	1.0000000E+2	0.0000000E+0
1.5258600E+2	6.1388139E+1	6.0424691E+1	0.0000000E+0	0.0000000E+0	1.0000000E+2	0.0000000E+0
1.5263600E+2	6.1381868E+1	6.0416632E+1	0.0000000E+0	0.0000000E+0	1.0000000E+2	0.0000000E+0
1.5268600E+2	6.1393963E+1	6.0420097E+1	0.0000000E+0	0.0000000E+0	1.0000000E+2	0.0000000E+0
1.5273600E+2	6.1388473E+1	6.0423355E+1	0.0000000E+0	0.0000000E+0	1.0000000E+2	0.0000000E+0
1.5278700E+2	6.1388701E+1	6.0425257E+1	0.0000000E+0	0.0000000E+0	1.0000000E+2	0.0000000E+0
1.5283800E+2	6.1384789E+1	6.0421164E+1	0.0000000E+0	0.0000000E+0	1.0000000E+2	0.0000000E+0
1.5288800E+2	6.1382930E+1	6.0411061E+1	0.0000000E+0	0.0000000E+0	1.0000000E+2	0.0000000E+0
1.5293800E+2	6.1399725E+1	6.0418227E+1	0.0000000E+0	0.0000000E+0	1.0000000E+2	0.0000000E+0
1.5298800E+2	6.1419895E+1	6.0440459E+1	0.0000000E+0	0.0000000E+0	1.0000000E+2	0.0000000E+0
1.5303800E+2	6.1423114E+1	6.0435623E+1	0.0000000E+0	0.0000000E+0	1.0000000E+2	0.0000000E+0
1.5308900E+2	6.1418040E+1	6.0419547E+1	0.0000000E+0	0.0000000E+0	1.0000000E+2	0.0000000E+0
1.5313900E+2	6.1414739E+1	6.0420364E+1	0.0000000E+0	0.0000000E+0	1.0000000E+2	0.0000000E+0
1.5318900E+2	6.1423116E+1	6.0430041E+1	0.0000000E+0	0.0000000E+0	1.0000000E+2	0.0000000E+0
1.5323900E+2	6.1435669E+1	6.0431492E+1	0.0000000E+0	0.0000000E+0	1.0000000E+2	0.0000000E+0
1.5329100E+2	6.1442928E+1	6.0420169E+1	0.0000000E+0	0.0000000E+0	1.0000000E+2	0.0000000E+0
1.5334200E+2	6.1436239E+1	6.0425948E+1	0.0000000E+0	0.0000000E+0	1.0000000E+2	0.0000000E+0
1.5339200E+2	6.1436780E+1	6.0420799E+1	0.0000000E+0	0.0000000E+0	1.0000000E+2	0.0000000E+0
1.5344300E+2	6.1439877E+1	6.0423679E+1	0.0000000E+0	0.0000000E+0	1.0000000E+2	0.0000000E+0
1.5349300E+2	6.1423026E+1	6.0413803E+1	0.0000000E+0	0.0000000E+0	1.0000000E+2	0.0000000E+0
1.5354300E+2	6.1422082E+1	6.0410652E+1	0.0000000E+0	0.0000000E+0	1.0000000E+2	0.0000000E+0
1.5359300E+2	6.1419289E+1	6.0418704E+1	0.0000000E+0	0.0000000E+0	1.0000000E+2	0.0000000E+0
1.5364300E+2	6.1415032E+1	6.0412220E+1	0.0000000E+0	0.0000000E+0	1.0000000E+2	0.0000000E+0
1.5369400E+2	6.1383143E+1	6.0391554E+1	0.0000000E+0	0.0000000E+0	1.0000000E+2	0.0000000E+0
1.5374600E+2	6.1387160E+1	6.0394953E+1	0.0000000E+0	0.0000000E+0	1.0000000E+2	0.0000000E+0
1.5379700E+2	6.1404220E+1	6.0400067E+1	0.0000000E+0	0.0000000E+0	1.0000000E+2	0.0000000E+0
1.5384800E+2	6.1400972E+1	6.0407543E+1	0.0000000E+0	0.0000000E+0	1.0000000E+2	0.0000000E+0
1.5389800E+2	6.1403070E+1	6.0407954E+1	0.0000000E+0	0.0000000E+0	1.0000000E+2	0.0000000E+0
1.5394800E+2	6.1415344E+1	6.0409494E+1	0.0000000E+0	0.0000000E+0	1.0000000E+2	0.0000000E+0
1.5399800E+2	6.1414084E+1	6.0415650E+1	0.0000000E+0	0.0000000E+0	1.0000000E+2	0.0000000E+0
1.5404800E+2	6.1387655E+1	6.0401309E+1	0.0000000E+0	0.0000000E+0	1.0000000E+2	0.0000000E+0
1.5409900E+2	6.1385036E+1	6.0406260E+1	0.0000000E+0	0.0000000E+0	1.0000000E+2	0.0000000E+0
1.5414900E+2	6.1389328E+1	6.0409270E+1	0.0000000E+0	0.0000000E+0	1.0000000E+2	0.0000000E+0
1.5419900E+2	6.1370898E+1	6.0409098E+1	0.0000000E+0	0.0000000E+0	1.0000000E+2	0.0000000E+0
1.5424900E+2	6.1349441E+1	6.0400677E+1	0.0000000E+0	0.0000000E+0	1.0000000E+2	0.0000000E+0
1.5429900E+2	6.1345007E+1	6.0415516E+1	0.0000000E+0	0.0000000E+0	1.0000000E+2	0.0000000E+0
1.5434900E+2	6.1337111E+1	6.0415696E+1	0.0000000E+0	0.0000000E+0	1.0000000E+2	0.0000000E+0
1.5439900E+2	6.1351724E+1	6.0421068E+1	0.0000000E+0	0.0000000E+0	1.0000000E+2	0.0000000E+0
1.5444900E+2	6.1360860E+1	6.0438485E+1	0.0000000E+0	0.0000000E+0	1.0000000E+2	0.0000000E+0
1.5449900E+2	6.1351637E+1	6.0432285E+1	0.0000000E+0	0.0000000E+0	1.0000000E+2	0.0000000E+0
1.5454900E+2	6.1346595E+1	6.0430826E+1	0.0000000E+0	0.0000000E+0	1.0000000E+2	0.0000000E+0
1.5459900E+2	6.1331347E+1	6.0424994E+1	0.0000000E+0	0.0000000E+0	1.0000000E+2	0.0000000E+0
1.5464900E+2	6.1337672E+1	6.0432768E+1	0.0000000E+0	0.0000000E+0	1.0000000E+2	0.0000000E+0
1.5469900E+2	6.1332006E+1	6.0426112E+1	0.0000000E+0	0.0000000E+0	1.0000000E+2	0.0000000E+0
1.5474900E+2	6.1322619E+1	6.0423649E+1	0.0000000E+0	0.0000000E+0	1.0000000E+2	0.0000000E+0
1.5479900E+2	6.1318617E+1	6.0416283E+1	0.0000000E+0	0.0000000E+0	1.0000000E+2	0.0000000E+0
1.5484900E+2	6.1322842E+1	6.0426208E+1	0.0000000E+0	0.0000000E+0	1.0000000E+2	0.0000000E+0
1.5490000E+2	6.1332296E+1	6.0421005E+1	0.0000000E+0	0.0000000E+0	1.0000000E+2	0.0000000E+0
1.5495000E+2	6.1329119E+1	6.0428548E+1	0.0000000E+0	0.0000000E+0	1.0000000E+2	0.0000000E+0
1.5500100E+2	6.1328300E+1	6.0416939E+1	0.0000000E+0	0.0000000E+0	1.0000000E+2	0.0000000E+0
1.5505300E+2	6.1330324E+1	6.0414855E+1	0.0000000E+0	0.0000000E+0	1.0000000E+2	0.0000000E+0
1.5510300E+2	6.1339881E+1	6.0421485E+1	0.0000000E+0	0.0000000E+0	1.0000000E+2	0.0000000E+0
1.5515300E+2	6.1338738E+1	6.0407588E+1	0.0000000E+0	0.0000000E+0	1.0000000E+2	0.0000000E+0
1.5520400E+2	6.1363135E+1	6.0417948E+1	0.0000000E+0	0.0000000E+0	1.0000000E+2	0.0000000E+0
1.5525400E+2	6.1371246E+1	6.0416434E+1	0.0000000E+0	0.0000000E+0	1.0000000E+2	0.0000000E+0
1.5530400E+2	6.1373945E+1	6.0432831E+1	0.0000000E+0	0.0000000E+0	1.0000000E+2	0.0000000E+0
1.5535400E+2	6.1362991E+1	6.0431562E+1	0.0000000E+0	0.0000000E+0	1.0000000E+2	0.0000000E+0
1.5540400E+2	6.1340377E+1	6.0417772E+1	0.0000000E+0	0.0000000E+0	1.0000000E+2	0.0000000E+0
1.5545500E+2	6.1362586E+1	6.0429429E+1	0.0000000E+0	0.0000000E+0	1.0000000E+2	0.0000000E+0
1.5550500E+2	6.1354259E+1	6.0437608E+1	0.0000000E+0	0.0000000E+0	1.0000000E+2	0.0000000E+0
1.5555600E+2	6.1336698E+1	6.0424236E+1	0.0000000E+0	0.0000000E+0	1.0000000E+2	0.0000000E+0
1.5560600E+2	6.1351471E+1	6.0423474E+1	0.0000000E+0	0.0000000E+0	1.0000000E+2	0.0000000E+0
1.5565600E+2	6.1351791E+1	6.0425830E+1	0.0000000E+0	0.0000000E+0	1.0000000E+2	0.0000000E+0
1.5570600E+2	6.1336010E+1	6.0427337E+1	0.0000000E+0	0.0000000E+0	1.0000000E+2	0.0000000E+0
1.5575600E+2	6.1328013E+1	6.0424320E+1	0.0000000E+0	0.0000000E+0	1.0000000E+2	0.0000000E+0
1.5580600E+2	6.1330183E+1	6.0423607E+1	0.0000000E+0	0.0000000E+0	1.0000000E+2	0.0000000E+0
1.5585700E+2	6.1329189E+1	6.0419708E+1	0.0000000E+0	0.0000000E+0	1.0000000E+2	0.0000000E+0
1.5590700E+2	6.1328284E+1	6.0416325E+1	0.0000000E+0	0.0000000E+0	1.0000000E+2	0.0000000E+0
1.5595800E+2	6.1333189E+1	6.0424837E+1	0.0000000E+0	0.0000000E+0	1.0000000E+2	0.0000000E+0
1.5600800E+2	6.1343762E+1	6.0429983E+1	0.0000000E+0	0.0000000E+0	1.0000000E+2	0.0000000E+0
1.5605800E+2	6.1349203E+1	6.0416370E+1	0.0000000E+0	0.0000000E+0	1.0000000E+2	0.0000000E+0
1.5610800E+2	6.1372888E+1	6.0429423E+1	0.0000000E+0	0.0000000E+0	1.0000000E+2	0.0000000E+0
1.5615800E+2	6.1377144E+1	6.0415969E+1	0.0000000E+0	0.0000000E+0	1.0000000E+2	0.0000000E+0
1.5620800E+2	6.1390389E+1	6.0423323E+1	0.0000000E+0	0.0000000E+0	1.0000000E+2	0.0000000E+0
1.5625800E+2	6.1388057E+1	6.0429664E+1	0.0000000E+0	0.0000000E+0	1.0000000E+2	0.0000000E+0
1.5630800E+2	6.1374098E+1	6.0426625E+1	0.0000000E+0	0.0000000E+0	1.0000000E+2	0.0000000E+0
1.5635900E+2	6.1375140E+1	6.0419063E+1	0.0000000E+0	0.0000000E+0	1.0000000E+2	0.0000000E+0
1.5640900E+2	6.1381613E+1	6.0412613E+1	0.0000000E+0	0.0000000E+0	1.0000000E+2	0.0000000E+0
1.5645900E+2	6.1401146E+1	6.0432236E+1	0.0000000E+0	0.0000000E+0	1.0000000E+2	0.0000000E+0
1.5650900E+2	6.1405674E+1	6.0435958E+1	0.0000000E+0	0.0000000E+0	1.0000000E+2	0.0000000E+0
1.5656000E+2	6.1406848E+1	6.0425507E+1	0.0000000E+0	0.0000000E+0	1.0000000E+2	0.0000000E+0
1.5661000E+2	6.1415057E+1	6.0420899E+1	0.0000000E+0	0.0000000E+0	1.0000000E+2	0.0000000E+0
1.5666100E+2	6.1418567E+1	6.0418974E+1	0.0000000E+0	0.0000000E+0	1.0000000E+2	0.0000000E+0
1.5671100E+2	6.1419946E+1	6.0404706E+1	0.0000000E+0	0.0000000E+0	1.0000000E+2	0.0000000E+0
1.5676100E+2	6.1461517E+1	6.0429392E+1	0.0000000E+0	0.0000000E+0	1.0000000E+2	0.0000000E+0
1.5681200E+2	6.1463157E+1	6.0421024E+1	0.0000000E+0	0.0000000E+0	1.0000000E+2	0.0000000E+0
1.5686200E+2	6.1477872E+1	6.0424750E+1	0.0000000E+0	0.0000000E+0	1.0000000E+2	0.0000000E+0
1.5691200E+2	6.1480700E+1	6.0419289E+1	0.0000000E+0	0.0000000E+0	1.0000000E+2	0.0000000E+0
1.5696200E+2	6.1497800E+1	6.0422877E+1	0.0000000E+0	0.0000000E+0	1.0000000E+2	0.0000000E+0
1.5701200E+2	6.1504186E+1	6.0420933E+1	0.0000000E+0	0.0000000E+0	1.0000000E+2	0.0000000E+0
1.5706200E+2	6.1486247E+1	6.0411263E+1	0.0000000E+0	0.0000000E+0	1.0000000E+2	0.0000000E+0
1.5711200E+2	6.1492474E+1	6.0416025E+1	0.0000000E+0	0.0000000E+0	1.0000000E+2	0.0000000E+0
1.5716200E+2	6.1509252E+1	6.0414034E+1	0.0000000E+0	0.0000000E+0	1.0000000E+2	0.0000000E+0
1.5721300E+2	6.1527357E+1	6.0424466E+1	0.0000000E+0	0.0000000E+0	1.0000000E+2	0.0000000E+0
1.5726300E+2	6.1514997E+1	6.0399419E+1	0.0000000E+0	0.0000000E+0	1.0000000E+2	0.0000000E+0
1.5731300E+2	6.1525590E+1	6.0405426E+1	0.0000000E+0	0.0000000E+0	1.0000000E+2	0.0000000E+0
1.5736300E+2	6.1529097E+1	6.0393110E+1	0.0000000E+0	0.0000000E+0	1.0000000E+2	0.0000000E+0
1.5741300E+2	6.1533411E+1	6.0415171E+1	0.0000000E+0	0.0000000E+0	1.0000000E+2	0.0000000E+0
1.5746300E+2	6.1552853E+1	6.0422563E+1	0.0000000E+0	0.0000000E+0	1.0000000E+2	0.0000000E+0
1.5751300E+2	6.1580121E+1	6.0423163E+1	0.0000000E+0	0.0000000E+0	1.0000000E+2	0.0000000E+0
1.5756300E+2	6.1590733E+1	6.0429390E+1	0.0000000E+0	0.0000000E+0	1.0000000E+2	0.0000000E+0
1.5761300E+2	6.1589932E+1	6.0423814E+1	0.0000000E+0	0.0000000E+0	1.0000000E+2	0.0000000E+0
1.5766300E+2	6.1611510E+1	6.0425649E+1	0.0000000E+0	0.0000000E+0	1.0000000E+2	0.0000000E+0
1.5771300E+2	6.1622989E+1	6.0421532E+1	0.0000000E+0	0.0000000E+0	1.0000000E+2	0.0000000E+0
1.5776300E+2	6.1634717E+1	6.0420695E+1	0.0000000E+0	0.0000000E+0	1.0000000E+2	0.0000000E+0
1.5781300E+2	6.1659115E+1	6.0413976E+1	0.0000000E+0	0.0000000E+0	1.0000000E+2	0.0000000E+0
1.5786400E+2	6.1672291E+1	6.0408700E+1	0.0000000E+0	0.0000000E+0	1.0000000E+2	0.0000000E+0
1.5791400E+2	6.1684618E+1	6.0405794E+1	0.0000000E+0	0.0000000E+0	1.0000000E+2	0.0000000E+0
1.5796400E+2	6.1707533E+1	6.0412673E+1	0.0000000E+0	0.0000000E+0	1.0000000E+2	0.0000000E+0
1.5801400E+2	6.1725175E+1	6.0411200E+1	0.0000000E+0	0.0000000E+0	1.0000000E+2	0.0000000E+0
1.5806400E+2	6.1740293E+1	6.0416235E+1	0.0000000E+0	0.0000000E+0	1.0000000E+2	0.0000000E+0
1.5811400E+2	6.1776506E+1	6.0434656E+1	0.0000000E+0	0.0000000E+0	1.0000000E+2	0.0000000E+0
1.5816400E+2	6.1787064E+1	6.0425875E+1	0.0000000E+0	0.0000000E+0	1.0000000E+2	0.0000000E+0
1.5821400E+2	6.1799594E+1	6.0433000E+1	0.0000000E+0	0.0000000E+0	1.0000000E+2	0.0000000E+0
1.5826400E+2	6.1804607E+1	6.0428347E+1	0.0000000E+0	0.0000000E+0	1.0000000E+2	0.0000000E+0
1.5831400E+2	6.1813582E+1	6.0430794E+1	0.0000000E+0	0.0000000E+0	1.0000000E+2	0.0000000E+0
1.5836400E+2	6.1816182E+1	6.0419248E+1	0.0000000E+0	0.0000000E+0	1.0000000E+2	0.0000000E+0
1.5841500E+2	6.1824378E+1	6.0432206E+1	0.0000000E+0	0.0000000E+0	1.0000000E+2	0.0000000E+0
1.5846500E+2	6.1831954E+1	6.0431771E+1	0.0000000E+0	0.0000000E+0	1.0000000E+2	0.0000000E+0
1.5851500E+2	6.1842355E+1	6.0428733E+1	0.0000000E+0	0.0000000E+0	1.0000000E+2	0.0000000E+0
1.5856600E+2	6.1827187E+1	6.0419841E+1	0.0000000E+0	0.0000000E+0	1.0000000E+2	0.0000000E+0
1.5861700E+2	6.1792500E+1	6.0411240E+1	0.0000000E+0	0.0000000E+0	1.0000000E+2	0.0000000E+0
1.5866700E+2	6.1798829E+1	6.0414925E+1	0.0000000E+0	0.0000000E+0	1.0000000E+2	0.0000000E+0
1.5871700E+2	6.1804962E+1	6.0422488E+1	0.0000000E+0	0.0000000E+0	1.0000000E+2	0.0000000E+0
1.5876700E+2	6.1769676E+1	6.0405827E+1	0.0000000E+0	0.0000000E+0	1.0000000E+2	0.0000000E+0
1.5881700E+2	6.1735755E+1	6.0395589E+1	0.0000000E+0	0.0000000E+0	1.0000000E+2	0.0000000E+0
1.5886800E+2	6.1746184E+1	6.0399601E+1	0.0000000E+0	0.0000000E+0	1.0000000E+2	0.0000000E+0
1.5891800E+2	6.1750268E+1	6.0408108E+1	0.0000000E+0	0.0000000E+0	1.0000000E+2	0.0000000E+0
1.5896800E+2	6.1730899E+1	6.0395563E+1	0.0000000E+0	0.0000000E+0	1.0000000E+2	0.0000000E+0
1.5901900E+2	6.1730144E+1	6.0408772E+1	0.0000000E+0	0.0000000E+0	1.0000000E+2	0.0000000E+0
1.5906900E+2	6.1724067E+1	6.0405845E+1	0.0000000E+0	0.0000000E+0	1.0000000E+2	0.0000000E+0
1.5912000E+2	6.1710003E+1	6.0398892E+1	0.0000000E+0	0.0000000E+0	1.0000000E+2	0.0000000E+0
1.5917000E+2	6.1684730E+1	6.0385931E+1	0.0000000E+0	0.0000000E+0	1.0000000E+2	0.0000000E+0
1.5922000E+2	6.1698202E+1	6.0396625E+1	0.0000000E+0	0.0000000E+0	1.0000000E+2	0.0000000E+0
1.5927000E+2	6.1702525E+1	6.0394246E+1	0.0000000E+0	0.0000000E+0	1.0000000E+2	0.0000000E+0
1.5932000E+2	6.1709105E+1	6.0404677E+1	0.0000000E+0	0.0000000E+0	1.0000000E+2	0.0000000E+0
1.5937000E+2	6.1707325E+1	6.0395193E+1	0.0000000E+0	0.0000000E+0	1.0000000E+2	0.0000000E+0
1.5942000E+2	6.1721397E+1	6.0395757E+1	0.0000000E+0	0.0000000E+0	1.0000000E+2	0.0000000E+0
1.5947000E+2	6.1705729E+1	6.0383874E+1	0.0000000E+0	0.0000000E+0	1.0000000E+2	0.0000000E+0
1.5952000E+2	6.1710657E+1	6.0399353E+1	0.0000000E+0	0.0000000E+0	1.0000000E+2	0.0000000E+0
1.5957000E+2	6.1710268E+1	6.0397861E+1	0.0000000E+0	0.0000000E+0	1.0000000E+2	0.0000000E+0
1.5962000E+2	6.1712675E+1	6.0393335E+1	0.0000000E+0	0.0000000E+0	1.0000000E+2	0.0000000E+0
1.5967000E+2	6.1709520E+1	6.0410205E+1	0.0000000E+0	0.0000000E+0	1.0000000E+2	0.0000000E+0
1.5972100E+2	6.1697803E+1	6.0405003E+1	0.0000000E+0	0.0000000E+0	1.0000000E+2	0.0000000E+0
1.5977200E+2	6.1688764E+1	6.0398602E+1	0.0000000E+0	0.0000000E+0	1.0000000E+2	0.0000000E+0
1.5982200E+2	6.1690072E+1	6.0409073E+1	0.0000000E+0	0.0000000E+0	1.0000000E+2	0.0000000E+0
1.5987300E+2	6.1682166E+1	6.0423121E+1	0.0000000E+0	0.0000000E+0	1.0000000E+2	0.0000000E+0
1.5992300E+2	6.1660539E+1	6.0410320E+1	0.0000000E+0	0.0000000E+0	1.0000000E+2	0.0000000E+0
1.5997400E+2	6.1662997E+1	6.0415452E+1	0.0000000E+0	0.0000000E+0	1.0000000E+2	0.0000000E+0
1.6002400E+2	6.1671504E+1	6.0427560E+1	0.0000000E+0	0.0000000E+0	1.0000000E+2	0.0000000E+0
1.6007500E+2	6.1672368E+1	6.0433233E+1	0.0000000E+0	0.0000000E+0	1.0000000E+2	0.0000000E+0
1.6012500E+2	6.1671856E+1	6.0429087E+1	0.0000000E+0	0.0000000E+0	1.0000000E+2	0.0000000E+0
1.6017500E+2	6.1682412E+1	6.0426899E+1	0.0000000E+0	0.0000000E+0	1.0000000E+2	0.0000000E+0
1.6022600E+2	6.1681158E+1	6.0423137E+1	0.0000000E+0	0.0000000E+0	1.0000000E+2	0.0000000E+0
1.6027700E+2	6.1679219E+1	6.0416547E+1	0.0000000E+0	0.0000000E+0	1.0000000E+2	0.0000000E+0
1.6032700E+2	6.1695456E+1	6.0425203E+1	0.0000000E+0	0.0000000E+0	1.0000000E+2	0.0000000E+0
1.6037800E+2	6.1679179E+1	6.0405405E+1	0.0000000E+0	0.0000000E+0	1.0000000E+2	0.0000000E+0
1.6042900E+2	6.1682368E+1	6.0406200E+1	0.0000000E+0	0.0000000E+0	1.0000000E+2	0.0000000E+0
1.6047900E+2	6.1676381E+1	6.0411632E+1	0.0000000E+0	0.0000000E+0	1.0000000E+2	0.0000000E+0
1.6053000E+2	6.1683651E+1	6.0416121E+1	0.0000000E+0	0.0000000E+0	1.0000000E+2	0.0000000E+0
1.6058000E+2	6.1686411E+1	6.0413728E+1	0.0000000E+0	0.0000000E+0	1.0000000E+2	0.0000000E+0
1.6063000E+2	6.1692874E+1	6.0418116E+1	0.0000000E+0	0.0000000E+0	1.0000000E+2	0.0000000E+0
1.6068000E+2	6.1699765E+1	6.0425564E+1	0.0000000E+0	0.0000000E+0	1.0000000E+2	0.0000000E+0
1.6073000E+2	6.1717065E+1	6.0427055E+1	0.0000000E+0	0.0000000E+0	1.0000000E+2	0.0000000E+0
1.6078000E+2	6.1731356E+1	6.0435351E+1	0.0000000E+0	0.0000000E+0	1.0000000E+2	0.0000000E+0
1.6083000E+2	6.1728216E+1	6.0427621E+1	0.0000000E+0	0.0000000E+0	1.0000000E+2	0.0000000E+0
1.6088000E+2	6.1725951E+1	6.0420116E+1	0.0000000E+0	0.0000000E+0	1.0000000E+2	0.0000000E+0
1.6093000E+2	6.1750387E+1	6.0428905E+1	0.0000000E+0	0.0000000E+0	1.0000000E+2	0.0000000E+0
1.6098000E+2	6.1755481E+1	6.0439262E+1	0.0000000E+0	0.0000000E+0	1.0000000E+2	0.0000000E+0
1.6103100E+2	6.1753677E+1	6.0439639E+1	0.0000000E+0	0.0000000E+0	1.0000000E+2	0.0000000E+0
1.6108200E+2	6.1766509E+1	6.0446928E+1	0.0000000E+0	0.0000000E+0	1.0000000E+2	0.0000000E+0
1.6113200E+2	6.1768424E+1	6.0454318E+1	0.0000000E+0	0.0000000E+0	1.0000000E+2	0.0000000E+0
1.6118300E+2	6.1771420E+1	6.0444154E+1	0.0000000E+0	0.0000000E+0	1.0000000E+2	0.0000000E+0
1.6123300E+2	6.1768909E+1	6.0449781E+1	0.0000000E+0	0.0000000E+0	1.0000000E+2	0.0000000E+0
1.6128400E+2	6.1787385E+1	6.0461687E+1	0.0000000E+0	0.0000000E+0	1.0000000E+2	0.0000000E+0
1.6133400E+2	6.1796837E+1	6.0464345E+1	0.0000000E+0	0.0000000E+0	1.0000000E+2	0.0000000E+0
1.6138400E+2	6.1805757E+1	6.0461256E+1	0.0000000E+0	0.0000000E+0	1.0000000E+2	0.0000000E+0
1.6143400E+2	6.1799564E+1	6.0461925E+1	0.0000000E+0	0.0000000E+0	1.0000000E+2	0.0000000E+0
1.6148400E+2	6.1816558E+1	6.0471214E+1	0.0000000E+0	0.0000000E+0	1.0000000E+2	0.0000000E+0
1.6153400E+2	6.1795153E+1	6.0440121E+1	0.0000000E+0	0.0000000E+0	1.0000000E+2	0.0000000E+0
1.6158400E+2	6.1791401E+1	6.0447237E+1	0.0000000E+0	0.0000000E+0	1.0000000E+2	0.0000000E+0
1.6163400E+2	6.1790889E+1	6.0449915E+1	0.0000000E+0	0.0000000E+0	1.0000000E+2	0.0000000E+0
1.6168400E+2	6.1806484E+1	6.0443708E+1	0.0000000E+0	0.0000000E+0	1.0000000E+2	0.0000000E+0
1.6173400E+2	6.1801280E+1	6.0426771E+1	0.0000000E+0	0.0000000E+0	1.0000000E+2	0.0000000E+0
1.6178400E+2	6.1819259E+1	6.0426691E+1	0.0000000E+0	0.0000000E+0	1.0000000E+2	0.0000000E+0
1.6183400E+2	6.1816111E+1	6.0427540E+1	0.0000000E+0	0.0000000E+0	1.0000000E+2	0.0000000E+0
1.6188400E+2	6.1812045E+1	6.0428861E+1	0.0000000E+0	0.0000000E+0	1.0000000E+2	0.0000000E+0
1.6193500E+2	6.1807456E+1	6.0423297E+1	0.0000000E+0	0.0000000E+0	1.0000000E+2	0.0000000E+0
1.6198600E+2	6.1814904E+1	6.0429633E+1	0.0000000E+0	0.0000000E+0	1.0000000E+2	0.0000000E+0
1.6203600E+2	6.1813327E+1	6.0437955E+1	0.0000000E+0	0.0000000E+0	1.0000000E+2	0.0000000E+0
1.6208700E+2	6.1802181E+1	6.0431547E+1	0.0000000E+0	0.0000000E+0	1.0000000E+2	0.0000000E+0
1.6213800E+2	6.1796455E+1	6.0427231E+1	0.0000000E+0	0.0000000E+0	1.0000000E+2	0.0000000E+0
1.6218800E+2	6.1786376E+1	6.0436569E+1	0.0000000E+0	0.0000000E+0	1.0000000E+2	0.0000000E+0
1.6223800E+2	6.1785126E+1	6.0430252E+1	0.0000000E+0	0.0000000E+0	1.0000000E+2	0.0000000E+0
1.6228800E+2	6.1783928E+1	6.0428036E+1	0.0000000E+0	0.0000000E+0	1.0000000E+2	0.0000000E+0
1.6233800E+2	6.1771646E+1	6.0420025E+1	0.0000000E+0	0.0000000E+0	1.0000000E+2	0.0000000E+0
1.6238900E+2	6.1780424E+1	6.0428557E+1	0.0000000E+0	0.0000000E+0	1.0000000E+2	0.0000000E+0
1.6243900E+2	6.1751851E+1	6.0416924E+1	0.0000000E+0	0.0000000E+0	1.0000000E+2	0.0000000E+0
1.6248900E+2	6.1755667E+1	6.0418615E+1	0.0000000E+0	0.0000000E+0	1.0000000E+2	0.0000000E+0
1.6253900E+2	6.1750260E+1	6.0416418E+1	0.0000000E+0	0.0000000E+0	1.0000000E+2	0.0000000E+0
1.6259000E+2	6.1753651E+1	6.0431056E+1	0.0000000E+0	0.0000000E+0	1.0000000E+2	0.0000000E+0
1.6264100E+2	6.1750166E+1	6.0422749E+1	0.0000000E+0	0.0000000E+0	1.0000000E+2	0.0000000E+0
1.6269200E+2	6.1761361E+1	6.0424171E+1	0.0000000E+0	0.0000000E+0	1.0000000E+2	0.0000000E+0
1.6274200E+2	6.1761162E+1	6.0424347E+1	0.0000000E+0	0.0000000E+0	1.0000000E+2	0.0000000E+0
1.6279300E+2	6.1741699E+1	6.0422748E+1	0.0000000E+0	0.0000000E+0	1.0000000E+2	0.0000000E+0
1.6284300E+2	6.1736100E+1	6.0413790E+1	0.0000000E+0	0.0000000E+0	1.0000000E+2	0.0000000E+0
1.6289300E+2	6.1733514E+1	6.0420469E+1	0.0000000E+0	0.0000000E+0	1.0000000E+2	0.0000000E+0
1.6294400E+2	6.1748260E+1	6.0440268E+1	0.0000000E+0	0.0000000E+0	1.0000000E+2	0.0000000E+0
1.6299600E+2	6.1724343E+1	6.0423211E+1	0.0000000E+0	0.0000000E+0	1.0000000E+2	0.0000000E+0
1.6304600E+2	6.1711355E+1	6.0419748E+1	0.0000000E+0	0.0000000E+0	1.0000000E+2	0.0000000E+0
1.6309700E+2	6.1696561E+1	6.0405938E+1	0.0000000E+0	0.0000000E+0	1.0000000E+2	0.0000000E+0
1.6314700E+2	6.1691810E+1	6.0410755E+1	0.0000000E+0	0.0000000E+0	1.0000000E+2	0.0000000E+0
1.6319700E+2	6.1687984E+1	6.0396392E+1	0.0000000E+0	0.0000000E+0	1.0000000E+2	0.0000000E+0
1.6324700E+2	6.1700360E+1	6.0399296E+1	0.0000000E+0	0.0000000E+0	1.0000000E+2	0.0000000E+0
1.6329700E+2	6.1723137E+1	6.0409536E+1	0.0000000E+0	0.0000000E+0	1.0000000E+2	0.0000000E+0
1.6334700E+2	6.1714156E+1	6.0400717E+1	0.0000000E+0	0.0000000E+0	1.0000000E+2	0.0000000E+0
1.6339700E+2	6.1729931E+1	6.0394634E+1	0.0000000E+0	0.0000000E+0	1.0000000E+2	0.0000000E+0
1.6344700E+2	6.1741539E+1	6.0401564E+1	0.0000000E+0	0.0000000E+0	1.0000000E+2	0.0000000E+0
1.6349700E+2	6.1759890E+1	6.0407330E+1	0.0000000E+0	0.0000000E+0	1.0000000E+2	0.0000000E+0
1.6354800E+2	6.1764944E+1	6.0396525E+1	0.0000000E+0	0.0000000E+0	1.0000000E+2	0.0000000E+0
1.6359800E+2	6.1761519E+1	6.0405505E+1	0.0000000E+0	0.0000000E+0	1.0000000E+2	0.0000000E+0
1.6364900E+2	6.1751613E+1	6.0395721E+1	0.0000000E+0	0.0000000E+0	1.0000000E+2	0.0000000E+0
1.6369900E+2	6.1745093E+1	6.0393747E+1	0.0000000E+0	0.0000000E+0	1.0000000E+2	0.0000000E+0
1.6374900E+2	6.1773466E+1	6.0399724E+1	0.0000000E+0	0.0000000E+0	1.0000000E+2	0.0000000E+0
1.6379900E+2	6.1759644E+1	6.0386390E+1	0.0000000E+0	0.0000000E+0	1.0000000E+2	0.0000000E+0
1.6384900E+2	6.1771553E+1	6.0397309E+1	0.0000000E+0	0.0000000E+0	1.0000000E+2	0.0000000E+0
1.6389900E+2	6.1776346E+1	6.0400347E+1	0.0000000E+0	0.0000000E+0	1.0000000E+2	0.0000000E+0
1.6394900E+2	6.1771319E+1	6.0396314E+1	0.0000000E+0	0.0000000E+0	1.0000000E+2	0.0000000E+0
1.6399900E+2	6.1778712E+1	6.0404107E+1	0.0000000E+0	0.0000000E+0	1.0000000E+2	0.0000000E+0
1.6405000E+2	6.1784707E+1	6.0404265E+1	0.0000000E+0	0.0000000E+0	1.0000000E+2	0.0000000E+0
1.6410000E+2	6.1787538E+1	6.0393707E+1	0.0000000E+0	0.0000000E+0	1.0000000E+2	0.0000000E+0
1.6415100E+2	6.1788274E+1	6.0391913E+1	0.0000000E+0	0.0000000E+0	1.0000000E+2	0.0000000E+0
1.6420200E+2	6.1788790E+1	6.0398966E+1	0.0000000E+0	0.0000000E+0	1.0000000E+2	0.0000000E+0
1.6425300E+2	6.1808059E+1	6.0410038E+1	0.0000000E+0	0.0000000E+0	1.0000000E+2	0.0000000E+0
1.6430300E+2	6.1787896E+1	6.0395098E+1	0.0000000E+0	0.0000000E+0	1.0000000E+2	0.0000000E+0
1.6435300E+2	6.1793058E+1	6.0396956E+1	0.0000000E+0	0.0000000E+0	1.0000000E+2	0.0000000E+0
1.6440300E+2	6.1792731E+1	6.0405475E+1	0.0000000E+0	0.0000000E+0	1.0000000E+2	0.0000000E+0
1.6445400E+2	6.1809701E+1	6.0410480E+1	0.0000000E+0	0.0000000E+0	1.0000000E+2	0.0000000E+0
1.6450400E+2	6.1806337E+1	6.0399335E+1	0.0000000E+0	0.0000000E+0	1.0000000E+2	0.0000000E+0
1.6455400E+2	6.1811702E+1	6.0395319E+1	0.0000000E+0	0.0000000E+0	1.0000000E+2	0.0000000E+0
1.6460400E+2	6.1820833E+1	6.0402448E+1	0.0000000E+0	0.0000000E+0	1.0000000E+2	0.0000000E+0
1.6465400E+2	6.1825424E+1	6.0407204E+1	0.0000000E+0	0.0000000E+0	1.0000000E+2	0.0000000E+0
1.6470400E+2	6.1828709E+1	6.0391996E+1	0.0000000E+0	0.0000000E+0	1.0000000E+2	0.0000000E+0
1.6475400E+2	6.1841471E+1	6.0396732E+1	0.0000000E+0	0.0000000E+0	1.0000000E+2	0.0000000E+0
1.6480400E+2	6.1846468E+1	6.0400563E+1	0.0000000E+0	0.0000000E+0	1.0000000E+2	0.0000000E+0
1.6485600E+2	6.1844276E+1	6.0388891E+1	0.0000000E+0	0.0000000E+0	1.0000000E+2	0.0000000E+0
1.6490600E+2	6.1845047E+1	6.0402928E+1	0.0000000E+0	0.0000000E+0	1.0000000E+2	0.0000000E+0
1.6495600E+2	6.1874763E+1	6.0414452E+1	0.0000000E+0	0.0000000E+0	1.0000000E+2	0.0000000E+0
1.6500700E+2	6.1884611E+1	6.0411685E+1	0.0000000E+0	0.0000000E+0	1.0000000E+2	0.0000000E+0
1.6505700E+2	6.1874396E+1	6.0417578E+1	0.0000000E+0	0.0000000E+0	1.0000000E+2	0.0000000E+0
1.6510800E+2	6.1885379E+1	6.0413054E+1	0.0000000E+0	0.0000000E+0	1.0000000E+2	0.0000000E+0
1.6515800E+2	6.1892499E+1	6.0418474E+1	0.0000000E+0	0.0000000E+0	1.0000000E+2	0.0000000E+0
1.6520800E+2	6.1879946E+1	6.0415518E+1	0.0000000E+0	0.0000000E+0	1.0000000E+2	0.0000000E+0
1.6525900E+2	6.1890027E+1	6.0427362E+1	0.0000000E+0	0.0000000E+0	1.0000000E+2	0.0000000E+0
1.6530900E+2	6.1900077E+1	6.0437471E+1	0.0000000E+0	0.0000000E+0	1.0000000E+2	0.0000000E+0
1.6535900E+2	6.1887048E+1	6.0423044E+1	0.0000000E+0	0.0000000E+0	1.0000000E+2	0.0000000E+0
1.6540900E+2	6.1890754E+1	6.0433356E+1	0.0000000E+0	0.0000000E+0	1.0000000E+2	0.0000000E+0
1.6545900E+2	6.1898054E+1	6.0432184E+1	0.0000000E+0	0.0000000E+0	1.0000000E+2	0.0000000E+0
1.6550900E+2	6.1906079E+1	6.0428587E+1	0.0000000E+0	0.0000000E+0	1.0000000E+2	0.0000000E+0
1.6556000E+2	6.1910027E+1	6.0430926E+1	0.0000000E+0	0.0000000E+0	1.0000000E+2	0.0000000E+0
1.6561000E+2	6.1908891E+1	6.0427045E+1	0.0000000E+0	0.0000000E+0	1.0000000E+2	0.0000000E+0
1.6566000E+2	6.1909655E+1	6.0425091E+1	0.0000000E+0	0.0000000E+0	1.0000000E+2	0.0000000E+0
1.6571000E+2	6.1921554E+1	6.0432787E+1	0.0000000E+0	0.0000000E+0	1.0000000E+2	0.0000000E+0
1.6576100E+2	6.1915931E+1	6.0430415E+1	0.0000000E+0	0.0000000E+0	1.0000000E+2	0.0000000E+0
1.6581100E+2	6.1918257E+1	6.0425092E+1	0.0000000E+0	0.0000000E+0	1.0000000E+2	0.0000000E+0
1.6586100E+2	6.1905868E+1	6.0413474E+1	0.0000000E+0	0.0000000E+0	1.0000000E+2	0.0000000E+0
1.6591200E+2	6.1895055E+1	6.0416288E+1	0.0000000E+0	0.0000000E+0	1.0000000E+2	0.0000000E+0
1.6596300E+2	6.1881551E+1	6.0411716E+1	0.0000000E+0	0.0000000E+0	1.0000000E+2	0.0000000E+0
1.6601300E+2	6.1894391E+1	6.0419636E+1	0.0000000E+0	0.0000000E+0	1.0000000E+2	0.0000000E+0
1.6606300E+2	6.1907551E+1	6.0421337E+1	0.0000000E+0	0.0000000E+0	1.0000000E+2	0.0000000E+0
1.6611300E+2	6.1901573E+1	6.0421786E+1	0.0000000E+0	0.0000000E+0	1.0000000E+2	0.0000000E+0
1.6616300E+2	6.1895274E+1	6.0414208E+1	0.0000000E+0	0.0000000E+0	1.0000000E+2	0.0000000E+0
1.6621300E+2	6.1892770E+1	6.0414658E+1	0.0000000E+0	0.0000000E+0	1.0000000E+2	0.0000000E+0
1.6626300E+2	6.1897714E+1	6.0408455E+1	0.0000000E+0	0.0000000E+0	1.0000000E+2	0.0000000E+0
1.6631300E+2	6.1914947E+1	6.0411720E+1	0.0000000E+0	0.0000000E+0	1.0000000E+2	0.0000000E+0
1.6636300E+2	6.1914919E+1	6.0415337E+1	0.0000000E+0	0.0000000E+0	1.0000000E+2	0.0000000E+0
1.6641300E+2	6.1929247E+1	6.0412754E+1	0.0000000E+0	0.0000000E+0	1.0000000E+2	0.0000000E+0
1.6646300E+2	6.1930666E+1	6.0410089E+1	0.0000000E+0	0.0000000E+0	1.0000000E+2	0.0000000E+0
1.6651400E+2	6.1926587E+1	6.0408510E+1	0.0000000E+0	0.0000000E+0	1.0000000E+2	0.0000000E+0
1.6656400E+2	6.1939029E+1	6.0410201E+1	0.0000000E+0	0.0000000E+0	1.0000000E+2	0.0000000E+0
1.6661400E+2	6.1932436E+1	6.0407085E+1	0.0000000E+0	0.0000000E+0	1.0000000E+2	0.0000000E+0
1.6666400E+2	6.1915101E+1	6.0397576E+1	0.0000000E+0	0.0000000E+0	1.0000000E+2	0.0000000E+0
1.6671500E+2	6.1917531E+1	6.0409487E+1	0.0000000E+0	0.0000000E+0	1.0000000E+2	0.0000000E+0
1.6676500E+2	6.1925249E+1	6.0413167E+1	0.0000000E+0	0.0000000E+0	1.0000000E+2	0.0000000E+0
1.6681500E+2	6.1931320E+1	6.0418404E+1	0.0000000E+0	0.0000000E+0	1.0000000E+2	0.0000000E+0
1.6686500E+2	6.1914287E+1	6.0416182E+1	0.0000000E+0	0.0000000E+0	1.0000000E+2	0.0000000E+0
1.6691500E+2	6.1926620E+1	6.0422437E+1	0.0000000E+0	0.0000000E+0	1.0000000E+2	0.0000000E+0
1.6696500E+2	6.1912017E+1	6.0424495E+1	0.0000000E+0	0.0000000E+0	1.0000000E+2	0.0000000E+0
1.6701600E+2	6.1903352E+1	6.0406468E+1	0.0000000E+0	0.0000000E+0	1.0000000E+2	0.0000000E+0
1.6706600E+2	6.1908012E+1	6.0417005E+1	0.0000000E+0	0.0000000E+0	1.0000000E+2	0.0000000E+0
1.6711600E+2	6.1916373E+1	6.0417078E+1	0.0000000E+0	0.0000000E+0	1.0000000E+2	0.0000000E+0
1.6716600E+2	6.1920671E+1	6.0419673E+1	0.0000000E+0	0.0000000E+0	1.0000000E+2	0.0000000E+0
1.6721600E+2	6.1915776E+1	6.0410194E+1	0.0000000E+0	0.0000000E+0	1.0000000E+2	0.0000000E+0
1.6726700E+2	6.1906354E+1	6.0407378E+1	0.0000000E+0	0.0000000E+0	1.0000000E+2	0.0000000E+0
1.6731700E+2	6.1895935E+1	6.0408868E+1	0.0000000E+0	0.0000000E+0	1.0000000E+2	0.0000000E+0
1.6736700E+2	6.1900879E+1	6.0413708E+1	0.0000000E+0	0.0000000E+0	1.0000000E+2	0.0000000E+0
1.6741700E+2	6.1908727E+1	6.0409098E+1	0.0000000E+0	0.0000000E+0	1.0000000E+2	0.0000000E+0
1.6746700E+2	6.1916061E+1	6.0406541E+1	0.0000000E+0	0.0000000E+0	1.0000000E+2	0.0000000E+0
1.6751700E+2	6.1926998E+1	6.0404291E+1	0.0000000E+0	0.0000000E+0	1.0000000E+2	0.0000000E+0
1.6756700E+2	6.1928267E+1	6.0415737E+1	0.0000000E+0	0.0000000E+0	1.0000000E+2	0.0000000E+0
1.6761700E+2	6.1931602E+1	6.0410789E+1	0.0000000E+0	0.0000000E+0	1.0000000E+2	0.0000000E+0
1.6766800E+2	6.1926640E+1	6.0411346E+1	0.0000000E+0	0.0000000E+0	1.0000000E+2	0.0000000E+0
1.6771800E+2	6.1918923E+1	6.0398138E+1	0.0000000E+0	0.0000000E+0	1.0000000E+2	0.0000000E+0
1.6776800E+2	6.1937546E+1	6.0414748E+1	0.0000000E+0	0.0000000E+0	1.0000000E+2	0.0000000E+0
1.6781800E+2	6.1951455E+1	6.0419951E+1	0.0000000E+0	0.0000000E+0	1.0000000E+2	0.0000000E+0
1.6786800E+2	6.1945521E+1	6.0418134E+1	0.0000000E+0	0.0000000E+0	1.0000000E+2	0.0000000E+0
1.6791800E+2	6.1943904E+1	6.0417973E+1	0.0000000E+0	0.0000000E+0	1.0000000E+2	0.0000000E+0
1.6796900E+2	6.1933606E+1	6.0407344E+1	0.0000000E+0	0.0000000E+0	1.0000000E+2	0.0000000E+0
1.6802000E+2	6.1925501E+1	6.0403622E+1	0.0000000E+0	0.0000000E+0	1.0000000E+2	0.0000000E+0
1.6807000E+2	6.1923066E+1	6.0404391E+1	0.0000000E+0	0.0000000E+0	1.0000000E+2	0.0000000E+0
1.6812000E+2	6.1918558E+1	6.0398760E+1	0.0000000E+0	0.0000000E+0	1.0000000E+2	0.0000000E+0
1.6817100E+2	6.1888574E+1	6.0378290E+1	0.0000000E+0	0.0000000E+0	1.0000000E+2	0.0000000E+0
1.6822200E+2	6.1894190E+1	6.0391777E+1	0.0000000E+0	0.0000000E+0	1.0000000E+2	0.0000000E+0
1.6827300E+2	6.1897685E+1	6.0395780E+1	0.0000000E+0	0.0000000E+0	1.0000000E+2	0.0000000E+0
1.6832300E+2	6.1909848E+1	6.0415522E+1	0.0000000E+0	0.0000000E+0	1.0000000E+2	0.0000000E+0
1.6837300E+2	6.1913613E+1	6.0417268E+1	0.0000000E+0	0.0000000E+0	1.0000000E+2	0.0000000E+0
1.6842300E+2	6.1891926E+1	6.0401112E+1	0.0000000E+0	0.0000000E+0	1.0000000E+2	0.0000000E+0
1.6847300E+2	6.1884418E+1	6.0408420E+1	0.0000000E+0	0.0000000E+0	1.0000000E+2	0.0000000E+0
1.6852300E+2	6.1889191E+1	6.0400818E+1	0.0000000E+0	0.0000000E+0	1.0000000E+2	0.0000000E+0
1.6857300E+2	6.1868173E+1	6.0399566E+1	0.0000000E+0	0.0000000E+0	1.0000000E+2	0.0000000E+0
1.6862300E+2	6.1853738E+1	6.0409017E+1	0.0000000E+0	0.0000000E+0	1.0000000E+2	0.0000000E+0
1.6867300E+2	6.1845304E+1	6.0407352E+1	0.0000000E+0	0.0000000E+0	1.0000000E+2	0.0000000E+0
1.6872500E+2	6.1828609E+1	6.0404025E+1	0.0000000E+0	0.0000000E+0	1.0000000E+2	0.0000000E+0
1.6877500E+2	6.1816664E+1	6.0407250E+1	0.0000000E+0	0.0000000E+0	1.0000000E+2	0.0000000E+0
1.6882600E+2	6.1800157E+1	6.0400925E+1	0.0000000E+0	0.0000000E+0	1.0000000E+2	0.0000000E+0
1.6887700E+2	6.1812350E+1	6.0424583E+1	0.0000000E+0	0.0000000E+0	1.0000000E+2	0.0000000E+0
1.6892700E+2	6.1803126E+1	6.0412595E+1	0.0000000E+0	0.0000000E+0	1.0000000E+2	0.0000000E+0
1.6897700E+2	6.1816070E+1	6.0427647E+1	0.0000000E+0	0.0000000E+0	1.0000000E+2	0.0000000E+0
1.6902800E+2	6.1804775E+1	6.0416558E+1	0.0000000E+0	0.0000000E+0	1.0000000E+2	0.0000000E+0
1.6907800E+2	6.1795863E+1	6.0422030E+1	0.0000000E+0	0.0000000E+0	1.0000000E+2	0.0000000E+0
1.6912800E+2	6.1793472E+1	6.0420258E+1	0.0000000E+0	0.0000000E+0	1.0000000E+2	0.0000000E+0
1.6917800E+2	6.1775658E+1	6.0403358E+1	0.0000000E+0	0.0000000E+0	1.0000000E+2	0.0000000E+0
1.6922800E+2	6.1778954E+1	6.0409525E+1	0.0000000E+0	0.0000000E+0	1.0000000E+2	0.0000000E+0
1.6927800E+2	6.1784205E+1	6.0416014E+1	0.0000000E+0	0.0000000E+0	1.0000000E+2	0.0000000E+0
1.6932900E+2	6.1767589E+1	6.0406569E+1	0.0000000E+0	0.0000000E+0	1.0000000E+2	0.0000000E+0
1.6937900E+2	6.1773372E+1	6.0430892E+1	0.0000000E+0	0.0000000E+0	1.0000000E+2	0.0000000E+0
1.6943000E+2	6.1767691E+1	6.0421214E+1	0.0000000E+0	0.0000000E+0	1.0000000E+2	0.0000000E+0
1.6948000E+2	6.1759699E+1	6.0412289E+1	0.0000000E+0	0.0000000E+0	1.0000000E+2	0.0000000E+0
1.6953000E+2	6.1732963E+1	6.0397617E+1	0.0000000E+0	0.0000000E+0	1.0000000E+2	0.0000000E+0
1.6958000E+2	6.1709754E+1	6.0399197E+1	0.0000000E+0	0.0000000E+0	1.0000000E+2	0.0000000E+0
1.6963000E+2	6.1702995E+1	6.0389227E+1	0.0000000E+0	0.0000000E+0	1.0000000E+2	0.0000000E+0
1.6968000E+2	6.1696549E+1	6.0389800E+1	0.0000000E+0	0.0000000E+0	1.0000000E+2	0.0000000E+0
1.6973100E+2	6.1703655E+1	6.0406003E+1	0.0000000E+0	0.0000000E+0	1.0000000E+2	0.0000000E+0
1.6978100E+2	6.1698286E+1	6.0410579E+1	0.0000000E+0	0.0000000E+0	1.0000000E+2	0.0000000E+0
1.6983100E+2	6.1697389E+1	6.0408210E+1	0.0000000E+0	0.0000000E+0	1.0000000E+2	0.0000000E+0
1.6988100E+2	6.1675358E+1	6.0396592E+1	0.0000000E+0	0.0000000E+0	1.0000000E+2	0.0000000E+0
1.6993100E+2	6.1661297E+1	6.0392791E+1	0.0000000E+0	0.0000000E+0	1.0000000E+2	0.0000000E+0
1.6998100E+2	6.1667625E+1	6.0410345E+1	0.0000000E+0	0.0000000E+0	1.0000000E+2	0.0000000E+0
1.7003100E+2	6.1669401E+1	6.0400199E+1	0.0000000E+0	0.0000000E+0	1.0000000E+2	0.0000000E+0
1.7008100E+2	6.1661067E+1	6.0397383E+1	0.0000000E+0	0.0000000E+0	1.0000000E+2	0.0000000E+0
1.7013200E+2	6.1660758E+1	6.0393676E+1	0.0000000E+0	0.0000000E+0	1.0000000E+2	0.0000000E+0
1.7018300E+2	6.1669114E+1	6.0401539E+1	0.0000000E+0	0.0000000E+0	1.0000000E+2	0.0000000E+0
1.7023300E+2	6.1660635E+1	6.0384927E+1	0.0000000E+0	0.0000000E+0	1.0000000E+2	0.0000000E+0
1.7028300E+2	6.1645569E+1	6.0381842E+1	0.0000000E+0	0.0000000E+0	1.0000000E+2	0.0000000E+0
1.7033300E+2	6.1630268E+1	6.0381336E+1	0.0000000E+0	0.0000000E+0	1.0000000E+2	0.0000000E+0
1.7038300E+2	6.1625197E+1	6.0381978E+1	0.0000000E+0	0.0000000E+0	1.0000000E+2	0.0000000E+0
1.7043300E+2	6.1615908E+1	6.0388213E+1	0.0000000E+0	0.0000000E+0	1.0000000E+2	0.0000000E+0
1.7048300E+2	6.1615542E+1	6.0404636E+1	0.0000000E+0	0.0000000E+0	1.0000000E+2	0.0000000E+0
1.7053400E+2	6.1606613E+1	6.0396765E+1	0.0000000E+0	0.0000000E+0	1.0000000E+2	0.0000000E+0
1.7058400E+2	6.1590006E+1	6.0396763E+1	0.0000000E+0	0.0000000E+0	1.0000000E+2	0.0000000E+0
1.7063500E+2	6.1578310E+1	6.0393195E+1	0.0000000E+0	0.0000000E+0	1.0000000E+2	0.0000000E+0
1.7068500E+2	6.1579256E+1	6.0405729E+1	0.0000000E+0	0.0000000E+0	1.0000000E+2	0.0000000E+0
1.7073500E+2	6.1570745E+1	6.0407015E+1	0.0000000E+0	0.0000000E+0	1.0000000E+2	0.0000000E+0
1.7078500E+2	6.1564900E+1	6.0395496E+1	0.0000000E+0	0.0000000E+0	1.0000000E+2	0.0000000E+0
1.7083500E+2	6.1563565E+1	6.0395981E+1	0.0000000E+0	0.0000000E+0	1.0000000E+2	0.0000000E+0
1.7088500E+2	6.1550024E+1	6.0396457E+1	0.0000000E+0	0.0000000E+0	1.0000000E+2	0.0000000E+0
1.7093500E+2	6.1541058E+1	6.0392040E+1	0.0000000E+0	0.0000000E+0	1.0000000E+2	0.0000000E+0
1.7098500E+2	6.1545330E+1	6.0394223E+1	0.0000000E+0	0.0000000E+0	1.0000000E+2	0.0000000E+0
1.7103500E+2	6.1534209E+1	6.0391744E+1	0.0000000E+0	0.0000000E+0	1.0000000E+2	0.0000000E+0
1.7108600E+2	6.1530748E+1	6.0392958E+1	0.0000000E+0	0.0000000E+0	1.0000000E+2	0.0000000E+0
1.7113600E+2	6.1527973E+1	6.0386110E+1	0.0000000E+0	0.0000000E+0	1.0000000E+2	0.0000000E+0
1.7118600E+2	6.1553140E+1	6.0397894E+1	0.0000000E+0	0.0000000E+0	1.0000000E+2	0.0000000E+0
1.7123600E+2	6.1552169E+1	6.0395359E+1	0.0000000E+0	0.0000000E+0	1.0000000E+2	0.0000000E+0
1.7128700E+2	6.1554897E+1	6.0392097E+1	0.0000000E+0	0.0000000E+0	1.0000000E+2	0.0000000E+0
1.7133700E+2	6.1552048E+1	6.0387339E+1	0.0000000E+0	0.0000000E+0	1.0000000E+2	0.0000000E+0
1.7138700E+2	6.1543462E+1	6.0368651E+1	0.0000000E+0	0.0000000E+0	1.0000000E+2	0.0000000E+0
1.7143700E+2	6.1545379E+1	6.0385510E+1	0.0000000E+0	0.0000000E+0	1.0000000E+2	0.0000000E+0
1.7148700E+2	6.1542406E+1	6.0377894E+1	0.0000000E+0	0.0000000E+0	1.0000000E+2	0.0000000E+0
1.7153700E+2	6.1555897E+1	6.0386867E+1	0.0000000E+0	0.0000000E+0	1.0000000E+2	0.0000000E+0
1.7158700E+2	6.1544343E+1	6.0388444E+1	0.0000000E+0	0.0000000E+0	1.0000000E+2	0.0000000E+0
1.7163700E+2	6.1534012E+1	6.0383722E+1	0.0000000E+0	0.0000000E+0	1.0000000E+2	0.0000000E+0
1.7168700E+2	6.1537924E+1	6.0394974E+1	0.0000000E+0	0.0000000E+0	1.0000000E+2	0.0000000E+0
1.7173700E+2	6.1549402E+1	6.0391467E+1	0.0000000E+0	0.0000000E+0	1.0000000E+2	0.0000000E+0
1.7178700E+2	6.1563872E+1	6.0393031E+1	0.0000000E+0	0.0000000E+0	1.0000000E+2	0.0000000E+0
1.7183800E+2	6.1554959E+1	6.0382572E+1	0.0000000E+0	0.0000000E+0	1.0000000E+2	0.0000000E+0
1.7188900E+2	6.1567297E+1	6.0389794E+1	0.0000000E+0	0.0000000E+0	1.0000000E+2	0.0000000E+0
1.7193900E+2	6.1565617E+1	6.0378037E+1	0.0000000E+0	0.0000000E+0	1.0000000E+2	0.0000000E+0
1.7198900E+2	6.1574009E+1	6.0386790E+1	0.0000000E+0	0.0000000E+0	1.0000000E+2	0.0000000E+0
1.7203900E+2	6.1570231E+1	6.0383034E+1	0.0000000E+0	0.0000000E+0	1.0000000E+2	0.0000000E+0
1.7209100E+2	6.1575169E+1	6.0390838E+1	0.0000000E+0	0.0000000E+0	1.0000000E+2	0.0000000E+0
1.7214100E+2	6.1556481E+1	6.0383677E+1	0.0000000E+0	0.0000000E+0	1.0000000E+2	0.0000000E+0
1.7219100E+2	6.1561597E+1	6.0389654E+1	0.0000000E+0	0.0000000E+0	1.0000000E+2	0.0000000E+0
1.7224100E+2	6.1575275E+1	6.0399739E+1	0.0000000E+0	0.0000000E+0	1.0000000E+2	0.0000000E+0
1.7229100E+2	6.1571892E+1	6.0394247E+1	0.0000000E+0	0.0000000E+0	1.0000000E+2	0.0000000E+0
1.7234300E+2	6.1558970E+1	6.0381487E+1	0.0000000E+0	0.0000000E+0	1.0000000E+2	0.0000000E+0
1.7239300E+2	6.1552385E+1	6.0372494E+1	0.0000000E+0	0.0000000E+0	1.0000000E+2	0.0000000E+0
1.7244300E+2	6.1576504E+1	6.0374810E+1	0.0000000E+0	0.0000000E+0	1.0000000E+2	0.0000000E+0
1.7249400E+2	6.1584519E+1	6.0378703E+1	0.0000000E+0	0.0000000E+0	1.0000000E+2	0.0000000E+0
1.7254500E+2	6.1590146E+1	6.0377563E+1	0.0000000E+0	0.0000000E+0	1.0000000E+2	0.0000000E+0
1.7259500E+2	6.1561855E+1	6.0361953E+1	0.0000000E+0	0.0000000E+0	1.0000000E+2	0.0000000E+0
1.7264500E+2	6.1583207E+1	6.0378830E+1	0.0000000E+0	0.0000000E+0	1.0000000E+2	0.0000000E+0
1.7269600E+2	6.1592604E+1	6.0395622E+1	0.0000000E+0	0.0000000E+0	1.0000000E+2	0.0000000E+0
1.7274700E+2	6.1571767E+1	6.0385873E+1	0.0000000E+0	0.0000000E+0	1.0000000E+2	0.0000000E+0
1.7279700E+2	6.1564614E+1	6.0386814E+1	0.0000000E+0	0.0000000E+0	1.0000000E+2	0.0000000E+0
1.7284700E+2	6.1572889E+1	6.0391937E+1	0.0000000E+0	0.0000000E+0	1.0000000E+2	0.0000000E+0
1.7289700E+2	6.1571575E+1	6.0404714E+1	0.0000000E+0	0.0000000E+0	1.0000000E+2	0.0000000E+0
1.7294700E+2	6.1568937E+1	6.0408410E+1	0.0000000E+0	0.0000000E+0	1.0000000E+2	0.0000000E+0
1.7299700E+2	6.1549700E+1	6.0404475E+1	0.0000000E+0	0.0000000E+0	1.0000000E+2	0.0000000E+0
1.7304700E+2	6.1544821E+1	6.0393494E+1	0.0000000E+0	0.0000000E+0	1.0000000E+2	0.0000000E+0
1.7309800E+2	6.1547373E+1	6.0399219E+1	0.0000000E+0	0.0000000E+0	1.0000000E+2	0.0000000E+0
1.7314800E+2	6.1555080E+1	6.0394944E+1	0.0000000E+0	0.0000000E+0	1.0000000E+2	0.0000000E+0
1.7319800E+2	6.1554035E+1	6.0398441E+1	0.0000000E+0	0.0000000E+0	1.0000000E+2	0.0000000E+0
1.7324900E+2	6.1547868E+1	6.0395474E+1	0.0000000E+0	0.0000000E+0	1.0000000E+2	0.0000000E+0
1.7329900E+2	6.1551463E+1	6.0398493E+1	0.0000000E+0	0.0000000E+0	1.0000000E+2	0.0000000E+0
1.7334900E+2	6.1553825E+1	6.0402238E+1	0.0000000E+0	0.0000000E+0	1.0000000E+2	0.0000000E+0
1.7339900E+2	6.1565127E+1	6.0413309E+1	0.0000000E+0	0.0000000E+0	1.0000000E+2	0.0000000E+0
1.7344900E+2	6.1563189E+1	6.0415244E+1	0.0000000E+0	0.0000000E+0	1.0000000E+2	0.0000000E+0
1.7349900E+2	6.1554323E+1	6.0397217E+1	0.0000000E+0	0.0000000E+0	1.0000000E+2	0.0000000E+0
1.7354900E+2	6.1541029E+1	6.0401998E+1	0.0000000E+0	0.0000000E+0	1.0000000E+2	0.0000000E+0
1.7359900E+2	6.1552857E+1	6.0398319E+1	0.0000000E+0	0.0000000E+0	1.0000000E+2	0.0000000E+0
1.7365000E+2	6.1518229E+1	6.0384673E+1	0.0000000E+0	0.0000000E+0	1.0000000E+2	0.0000000E+0
1.7370000E+2	6.1503255E+1	6.0393460E+1	0.0000000E+0	0.0000000E+0	1.0000000E+2	0.0000000E+0
1.7375100E+2	6.1509814E+1	6.0399975E+1	0.0000000E+0	0.0000000E+0	1.0000000E+2	0.0000000E+0
1.7380100E+2	6.1516138E+1	6.0390100E+1	0.0000000E+0	0.0000000E+0	1.0000000E+2	0.0000000E+0
1.7385100E+2	6.1518994E+1	6.0390006E+1	0.0000000E+0	0.0000000E+0	1.0000000E+2	0.0000000E+0
1.7390100E+2	6.1515664E+1	6.0390396E+1	0.0000000E+0	0.0000000E+0	1.0000000E+2	0.0000000E+0
1.7395100E+2	6.1532183E+1	6.0398106E+1	0.0000000E+0	0.0000000E+0	1.0000000E+2	0.0000000E+0
1.7400200E+2	6.1543484E+1	6.0401804E+1	0.0000000E+0	0.0000000E+0	1.0000000E+2	0.0000000E+0
1.7405200E+2	6.1542629E+1	6.0392734E+1	0.0000000E+0	0.0000000E+0	1.0000000E+2	0.0000000E+0
1.7410200E+2	6.1547261E+1	6.0371930E+1	0.0000000E+0	0.0000000E+0	1.0000000E+2	0.0000000E+0
1.7415200E+2	6.1551339E+1	6.0373630E+1	0.0000000E+0	0.0000000E+0	1.0000000E+2	0.0000000E+0
1.7420300E+2	6.1565626E+1	6.0376714E+1	0.0000000E+0	0.0000000E+0	1.0000000E+2	0.0000000E+0
1.7425300E+2	6.1557414E+1	6.0364700E+1	0.0000000E+0	0.0000000E+0	1.0000000E+2	0.0000000E+0
1.7430300E+2	6.1560575E+1	6.0367894E+1	0.0000000E+0	0.0000000E+0	1.0000000E+2	0.0000000E+0
1.7435400E+2	6.1572033E+1	6.0380444E+1	0.0000000E+0	0.0000000E+0	1.0000000E+2	0.0000000E+0
1.7440400E+2	6.1559513E+1	6.0389061E+1	0.0000000E+0	0.0000000E+0	1.0000000E+2	0.0000000E+0
1.7445500E+2	6.1552329E+1	6.0387672E+1	0.0000000E+0	0.0000000E+0	1.0000000E+2	0.0000000E+0
1.7450600E+2	6.1574776E+1	6.0397289E+1	0.0000000E+0	0.0000000E+0	1.0000000E+2	0.0000000E+0
1.7455600E+2	6.1588488E+1	6.0393691E+1	0.0000000E+0	0.0000000E+0	1.0000000E+2	0.0000000E+0
1.7460600E+2	6.1594815E+1	6.0402759E+1	0.0000000E+0	0.0000000E+0	1.0000000E+2	0.0000000E+0
1.7465600E+2	6.1595454E+1	6.0389210E+1	0.0000000E+0	0.0000000E+0	1.0000000E+2	0.0000000E+0
1.7470700E+2	6.1598484E+1	6.0396967E+1	0.0000000E+0	0.0000000E+0	1.0000000E+2	0.0000000E+0
1.7475700E+2	6.1584659E+1	6.0387588E+1	0.0000000E+0	0.0000000E+0	1.0000000E+2	0.0000000E+0
1.7480700E+2	6.1609357E+1	6.0405736E+1	0.0000000E+0	0.0000000E+0	1.0000000E+2	0.0000000E+0
1.7485700E+2	6.1603546E+1	6.0398216E+1	0.0000000E+0	0.0000000E+0	1.0000000E+2	0.0000000E+0
1.7490700E+2	6.1604244E+1	6.0410207E+1	0.0000000E+0	0.0000000E+0	1.0000000E+2	0.0000000E+0
1.7495700E+2	6.1606318E+1	6.0402197E+1	0.0000000E+0	0.0000000E+0	1.0000000E+2	0.0000000E+0
1.7500700E+2	6.1609789E+1	6.0396725E+1	0.0000000E+0	0.0000000E+0	1.0000000E+2	0.0000000E+0
1.7505700E+2	6.1609953E+1	6.0392125E+1	0.0000000E+0	0.0000000E+0	1.0000000E+2	0.0000000E+0
1.7510700E+2	6.1625494E+1	6.0395716E+1	0.0000000E+0	0.0000000E+0	1.0000000E+2	0.0000000E+0
1.7515800E+2	6.1618332E+1	6.0390516E+1	0.0000000E+0	0.0000000E+0	1.0000000E+2	0.0000000E+0
1.7520800E+2	6.1609017E+1	6.0390065E+1	0.0000000E+0	0.0000000E+0	1.0000000E+2	0.0000000E+0
1.7525800E+2	6.1605483E+1	6.0396989E+1	0.0000000E+0	0.0000000E+0	1.0000000E+2	0.0000000E+0
1.7530800E+2	6.1603611E+1	6.0401841E+1	0.0000000E+0	0.0000000E+0	1.0000000E+2	0.0000000E+0
1.7535800E+2	6.1596612E+1	6.0388028E+1	0.0000000E+0	0.0000000E+0	1.0000000E+2	0.0000000E+0
1.7540900E+2	6.1597199E+1	6.0390257E+1	0.0000000E+0	0.0000000E+0	1.0000000E+2	0.0000000E+0
1.7545900E+2	6.1608368E+1	6.0403901E+1	0.0000000E+0	0.0000000E+0	1.0000000E+2	0.0000000E+0
1.7550900E+2	6.1615553E+1	6.0413268E+1	0.0000000E+0	0.0000000E+0	1.0000000E+2	0.0000000E+0
1.7556100E+2	6.1595903E+1	6.0403111E+1	0.0000000E+0	0.0000000E+0	1.0000000E+2	0.0000000E+0
1.7561100E+2	6.1579690E+1	6.0410457E+1	0.0000000E+0	0.0000000E+0	1.0000000E+2	0.0000000E+0
1.7566100E+2	6.1553214E+1	6.0398217E+1	0.0000000E+0	0.0000000E+0	1.0000000E+2	0.0000000E+0
1.7571100E+2	6.1530600E+1	6.0386782E+1	0.0000000E+0	0.0000000E+0	1.0000000E+2	0.0000000E+0
1.7576100E+2	6.1538890E+1	6.0383959E+1	0.0000000E+0	0.0000000E+0	1.0000000E+2	0.0000000E+0
1.7581100E+2	6.1553478E+1	6.0406846E+1	0.0000000E+0	0.0000000E+0	1.0000000E+2	0.0000000E+0
1.7586100E+2	6.1563114E+1	6.0407322E+1	0.0000000E+0	0.0000000E+0	1.0000000E+2	0.0000000E+0
1.7591100E+2	6.1564227E+1	6.0402989E+1	0.0000000E+0	0.0000000E+0	1.0000000E+2	0.0000000E+0
1.7596100E+2	6.1571333E+1	6.0407337E+1	0.0000000E+0	0.0000000E+0	1.0000000E+2	0.0000000E+0
1.7601100E+2	6.1576036E+1	6.0413358E+1	0.0000000E+0	0.0000000E+0	1.0000000E+2	0.0000000E+0
1.7606100E+2	6.1569402E+1	6.0409912E+1	0.0000000E+0	0.0000000E+0	1.0000000E+2	0.0000000E+0
1.7611100E+2	6.1559372E+1	6.0404961E+1	0.0000000E+0	0.0000000E+0	1.0000000E+2	0.0000000E+0
1.7616100E+2	6.1550457E+1	6.0405351E+1	0.0000000E+0	0.0000000E+0	1.0000000E+2	0.0000000E+0
1.7621100E+2	6.1553181E+1	6.0399126E+1	0.0000000E+0	0.0000000E+0	1.0000000E+2	0.0000000E+0
1.7626100E+2	6.1557072E+1	6.0404488E+1	0.0000000E+0	0.0000000E+0	1.0000000E+2	0.0000000E+0
1.7631100E+2	6.1573622E+1	6.0411585E+1	0.0000000E+0	0.0000000E+0	1.0000000E+2	0.0000000E+0
1.7636100E+2	6.1564678E+1	6.0413590E+1	0.0000000E+0	0.0000000E+0	1.0000000E+2	0.0000000E+0
1.7641100E+2	6.1549929E+1	6.0409342E+1	0.0000000E+0	0.0000000E+0	1.0000000E+2	0.0000000E+0
1.7646100E+2	6.1538033E+1	6.0404347E+1	0.0000000E+0	0.0000000E+0	1.0000000E+2	0.0000000E+0
1.7651100E+2	6.1522136E+1	6.0403060E+1	0.0000000E+0	0.0000000E+0	1.0000000E+2	0.0000000E+0
1.7656100E+2	6.1532017E+1	6.0416939E+1	0.0000000E+0	0.0000000E+0	1.0000000E+2	0.0000000E+0
1.7661100E+2	6.1533339E+1	6.0408325E+1	0.0000000E+0	0.0000000E+0	1.0000000E+2	0.0000000E+0
1.7666100E+2	6.1537141E+1	6.0400066E+1	0.0000000E+0	0.0000000E+0	1.0000000E+2	0.0000000E+0
1.7671100E+2	6.1529026E+1	6.0404355E+1	0.0000000E+0	0.0000000E+0	1.0000000E+2	0.0000000E+0
1.7676100E+2	6.1503418E+1	6.0390146E+1	0.0000000E+0	0.0000000E+0	1.0000000E+2	0.0000000E+0
1.7681100E+2	6.1498637E+1	6.0395034E+1	0.0000000E+0	0.0000000E+0	1.0000000E+2	0.0000000E+0
1.7686100E+2	6.1518569E+1	6.0405675E+1	0.0000000E+0	0.0000000E+0	1.0000000E+2	0.0000000E+0
1.7691100E+2	6.1518321E+1	6.0399076E+1	0.0000000E+0	0.0000000E+0	1.0000000E+2	0.0000000E+0
1.7696100E+2	6.1541167E+1	6.0407472E+1	0.0000000E+0	0.0000000E+0	1.0000000E+2	0.0000000E+0
1.7701100E+2	6.1547860E+1	6.0409513E+1	0.0000000E+0	0.0000000E+0	1.0000000E+2	0.0000000E+0
1.7706100E+2	6.1558714E+1	6.0403917E+1	0.0000000E+0	0.0000000E+0	1.0000000E+2	0.0000000E+0
1.7711100E+2	6.1573299E+1	6.0407750E+1	0.0000000E+0	0.0000000E+0	1.0000000E+2	0.0000000E+0
1.7716100E+2	6.1593259E+1	6.0412316E+1	0.0000000E+0	0.0000000E+0	1.0000000E+2	0.0000000E+0
1.7721100E+2	6.1593869E+1	6.0392732E+1	0.0000000E+0	0.0000000E+0	1.0000000E+2	0.0000000E+0
1.7726100E+2	6.1626462E+1	6.0411563E+1	0.0000000E+0	0.0000000E+0	1.0000000E+2	0.0000000E+0
1.7731200E+2	6.1645615E+1	6.0425905E+1	0.0000000E+0	0.0000000E+0	1.0000000E+2	0.0000000E+0
1.7736200E+2	6.1663017E+1	6.0405925E+1	0.0000000E+0	0.0000000E+0	1.0000000E+2	0.0000000E+0
1.7741200E+2	6.1696098E+1	6.0407383E+1	0.0000000E+0	0.0000000E+0	1.0000000E+2	0.0000000E+0
1.7746200E+2	6.1723591E+1	6.0413120E+1	0.0000000E+0	0.0000000E+0	1.0000000E+2	0.0000000E+0
1.7751200E+2	6.1724812E+1	6.0393224E+1	0.0000000E+0	0.0000000E+0	1.0000000E+2	0.0000000E+0
1.7756200E+2	6.1730683E+1	6.0396390E+1	0.0000000E+0	0.0000000E+0	1.0000000E+2	0.0000000E+0
1.7761200E+2	6.1724106E+1	6.0371182E+1	0.0000000E+0	0.0000000E+0	1.0000000E+2	0.0000000E+0
1.7766200E+2	6.1752675E+1	6.0379038E+1	0.0000000E+0	0.0000000E+0	1.0000000E+2	0.0000000E+0
1.7771300E+2	6.1791224E+1	6.0374775E+1	0.0000000E+0	0.0000000E+0	1.0000000E+2	0.0000000E+0
1.7776300E+2	6.1802203E+1	6.0382643E+1	0.0000000E+0	0.0000000E+0	1.0000000E+2	0.0000000E+0
1.7781300E+2	6.1795972E+1	6.0376363E+1	0.0000000E+0	0.0000000E+0	1.0000000E+2	0.0000000E+0
1.7786300E+2	6.1813770E+1	6.0377392E+1	0.0000000E+0	0.0000000E+0	1.0000000E+2	0.0000000E+0
1.7791300E+2	6.1831498E+1	6.0389560E+1	0.0000000E+0	0.0000000E+0	1.0000000E+2	0.0000000E+0
1.7796300E+2	6.1846463E+1	6.0402428E+1	0.0000000E+0	0.0000000E+0	1.0000000E+2	0.0000000E+0
1.7801300E+2	6.1837259E+1	6.0392059E+1	0.0000000E+0	0.0000000E+0	1.0000000E+2	0.0000000E+0
1.7806300E+2	6.1850827E+1	6.0404793E+1	0.0000000E+0	0.0000000E+0	1.0000000E+2	0.0000000E+0
1.7811300E+2	6.1842446E+1	6.0403500E+1	0.0000000E+0	0.0000000E+0	1.0000000E+2	0.0000000E+0
1.7816300E+2	6.1836124E+1	6.0390624E+1	0.0000000E+0	0.0000000E+0	1.0000000E+2	0.0000000E+0
1.7821300E+2	6.1828831E+1	6.0383191E+1	0.0000000E+0	0.0000000E+0	1.0000000E+2	0.0000000E+0
1.7826300E+2	6.1850333E+1	6.0403537E+1	0.0000000E+0	0.0000000E+0	1.0000000E+2	0.0000000E+0
1.7831400E+2	6.1843880E+1	6.0394678E+1	0.0000000E+0	0.0000000E+0	1.0000000E+2	0.0000000E+0
1.7836400E+2	6.1821057E+1	6.0388433E+1	0.0000000E+0	0.0000000E+0	1.0000000E+2	0.0000000E+0
1.7841400E+2	6.1811939E+1	6.0384435E+1	0.0000000E+0	0.0000000E+0	1.0000000E+2	0.0000000E+0
1.7846400E+2	6.1814196E+1	6.0393689E+1	0.0000000E+0	0.0000000E+0	1.0000000E+2	0.0000000E+0
1.7851400E+2	6.1821450E+1	6.0403810E+1	0.0000000E+0	0.0000000E+0	1.0000000E+2	0.0000000E+0
1.7856500E+2	6.1818243E+1	6.0390808E+1	0.0000000E+0	0.0000000E+0	1.0000000E+2	0.0000000E+0
1.7861500E+2	6.1823188E+1	6.0392277E+1	0.0000000E+0	0.0000000E+0	1.0000000E+2	0.0000000E+0
1.7866600E+2	6.1803908E+1	6.0382513E+1	0.0000000E+0	0.0000000E+0	1.0000000E+2	0.0000000E+0
1.7871600E+2	6.1803366E+1	6.0394442E+1	0.0000000E+0	0.0000000E+0	1.0000000E+2	0.0000000E+0
1.7876600E+2	6.1806857E+1	6.0394048E+1	0.0000000E+0	0.0000000E+0	1.0000000E+2	0.0000000E+0
1.7881600E+2	6.1822110E+1	6.0410173E+1	0.0000000E+0	0.0000000E+0	1.0000000E+2	0.0000000E+0
1.7886600E+2	6.1845423E+1	6.0412194E+1	0.0000000E+0	0.0000000E+0	1.0000000E+2	0.0000000E+0
1.7891600E+2	6.1860143E+1	6.0403823E+1	0.0000000E+0	0.0000000E+0	1.0000000E+2	0.0000000E+0
1.7896600E+2	6.1878056E+1	6.0411147E+1	0.0000000E+0	0.0000000E+0	1.0000000E+2	0.0000000E+0
1.7901600E+2	6.1870804E+1	6.0401842E+1	0.0000000E+0	0.0000000E+0	1.0000000E+2	0.0000000E+0
1.7906600E+2	6.1884749E+1	6.0400736E+1	0.0000000E+0	0.0000000E+0	1.0000000E+2	0.0000000E+0
1.7911600E+2	6.1889462E+1	6.0404299E+1	0.0000000E+0	0.0000000E+0	1.0000000E+2	0.0000000E+0
1.7916800E+2	6.1893753E+1	6.0425856E+1	0.0000000E+0	0.0000000E+0	1.0000000E+2	0.0000000E+0
1.7921800E+2	6.1877525E+1	6.0421113E+1	0.0000000E+0	0.0000000E+0	1.0000000E+2	0.0000000E+0
1.7926800E+2	6.1859033E+1	6.0415623E+1	0.0000000E+0	0.0000000E+0	1.0000000E+2	0.0000000E+0
1.7931800E+2	6.1828296E+1	6.0416909E+1	0.0000000E+0	0.0000000E+0	1.0000000E+2	0.0000000E+0
1.7936900E+2	6.1815371E+1	6.0404110E+1	0.0000000E+0	0.0000000E+0	1.0000000E+2	0.0000000E+0
1.7941900E+2	6.1815000E+1	6.0410922E+1	0.0000000E+0	0.0000000E+0	1.0000000E+2	0.0000000E+0
1.7946900E+2	6.1825327E+1	6.0409613E+1	0.0000000E+0	0.0000000E+0	1.0000000E+2	0.0000000E+0
1.7951900E+2	6.1819583E+1	6.0405483E+1	0.0000000E+0	0.0000000E+0	1.0000000E+2	0.0000000E+0
1.7956900E+2	6.1799545E+1	6.0397538E+1	0.0000000E+0	0.0000000E+0	1.0000000E+2	0.0000000E+0
1.7961900E+2	6.1786274E+1	6.0395970E+1	0.0000000E+0	0.0000000E+0	1.0000000E+2	0.0000000E+0
1.7966900E+2	6.1771861E+1	6.0394989E+1	0.0000000E+0	0.0000000E+0	1.0000000E+2	0.0000000E+0
1.7971900E+2	6.1757889E+1	6.0380112E+1	0.0000000E+0	0.0000000E+0	1.0000000E+2	0.0000000E+0
1.7977000E+2	6.1740998E+1	6.0376137E+1	0.0000000E+0	0.0000000E+0	1.0000000E+2	0.0000000E+0
1.7982000E+2	6.1734861E+1	6.0375056E+1	0.0000000E+0	0.0000000E+0	1.0000000E+2	0.0000000E+0
1.7987100E+2	6.1746037E+1	6.0381704E+1	0.0000000E+0	0.0000000E+0	1.0000000E+2	0.0000000E+0
1.7992100E+2	6.1747504E+1	6.0401065E+1	0.0000000E+0	0.0000000E+0	1.0000000E+2	0.0000000E+0
1.7997200E+2	6.1756537E+1	6.0399874E+1	0.0000000E+0	0.0000000E+0	1.0000000E+2	0.0000000E+0
1.8002200E+2	6.1766009E+1	6.0419106E+1	0.0000000E+0	0.0000000E+0	1.0000000E+2	0.0000000E+0
1.8007200E+2	6.1762962E+1	6.0414709E+1	0.0000000E+0	0.0000000E+0	1.0000000E+2	0.0000000E+0
1.8012200E+2	6.1748203E+1	6.0407304E+1	0.0000000E+0	0.0000000E+0	1.0000000E+2	0.0000000E+0
1.8017200E+2	6.1765737E+1	6.0401256E+1	0.0000000E+0	0.0000000E+0	1.0000000E+2	0.0000000E+0
1.8022200E+2	6.1759953E+1	6.0389187E+1	0.0000000E+0	0.0000000E+0	1.0000000E+2	0.0000000E+0
1.8027200E+2	6.1770979E+1	6.0391021E+1	0.0000000E+0	0.0000000E+0	1.0000000E+2	0.0000000E+0
1.8032300E+2	6.1768904E+1	6.0394264E+1	0.0000000E+0	0.0000000E+0	1.0000000E+2	0.0000000E+0
1.8037300E+2	6.1765758E+1	6.0383605E+1	0.0000000E+0	0.0000000E+0	1.0000000E+2	0.0000000E+0
1.8042300E+2	6.1772260E+1	6.0393213E+1	0.0000000E+0	0.0000000E+0	1.0000000E+2	0.0000000E+0
1.8047400E+2	6.1778661E+1	6.0391250E+1	0.0000000E+0	0.0000000E+0	1.0000000E+2	0.0000000E+0
1.8052400E+2	6.1772932E+1	6.0393207E+1	0.0000000E+0	0.0000000E+0	1.0000000E+2	0.0000000E+0
1.8057500E+2	6.1755632E+1	6.0385435E+1	0.0000000E+0	0.0000000E+0	1.0000000E+2	0.0000000E+0
1.8062500E+2	6.1758532E+1	6.0397128E+1	0.0000000E+0	0.0000000E+0	1.0000000E+2	0.0000000E+0
1.8067500E+2	6.1774408E+1	6.0413536E+1	0.0000000E+0	0.0000000E+0	1.0000000E+2	0.0000000E+0
1.8072600E+2	6.1797851E+1	6.0421537E+1	0.0000000E+0	0.0000000E+0	1.0000000E+2	0.0000000E+0
1.8077600E+2	6.1794137E+1	6.0416506E+1	0.0000000E+0	0.0000000E+0	1.0000000E+2	0.0000000E+0
1.8082600E+2	6.1796664E+1	6.0419810E+1	0.0000000E+0	0.0000000E+0	1.0000000E+2	0.0000000E+0
1.8087600E+2	6.1807609E+1	6.0413028E+1	0.0000000E+0	0.0000000E+0	1.0000000E+2	0.0000000E+0
1.8092600E+2	6.1827313E+1	6.0431037E+1	0.0000000E+0	0.0000000E+0	1.0000000E+2	0.0000000E+0
1.8097600E+2	6.1820566E+1	6.0419532E+1	0.0000000E+0	0.0000000E+0	1.0000000E+2	0.0000000E+0
1.8102600E+2	6.1809824E+1	6.0408136E+1	0.0000000E+0	0.0000000E+0	1.0000000E+2	0.0000000E+0
1.8107700E+2	6.1817503E+1	6.0407517E+1	0.0000000E+0	0.0000000E+0	1.0000000E+2	0.0000000E+0
1.8112800E+2	6.1810046E+1	6.0398627E+1	0.0000000E+0	0.0000000E+0	1.0000000E+2	0.0000000E+0
1.8117800E+2	6.1816918E+1	6.0404892E+1	0.0000000E+0	0.0000000E+0	1.0000000E+2	0.0000000E+0
1.8122900E+2	6.1826548E+1	6.0404114E+1	0.0000000E+0	0.0000000E+0	1.0000000E+2	0.0000000E+0
1.8127900E+2	6.1844383E+1	6.0413042E+1	0.0000000E+0	0.0000000E+0	1.0000000E+2	0.0000000E+0
1.8132900E+2	6.1856755E+1	6.0424543E+1	0.0000000E+0	0.0000000E+0	1.0000000E+2	0.0000000E+0
1.8137900E+2	6.1834818E+1	6.0407267E+1	0.0000000E+0	0.0000000E+0	1.0000000E+2	0.0000000E+0
1.8142900E+2	6.1842487E+1	6.0399877E+1	0.0000000E+0	0.0000000E+0	1.0000000E+2	0.0000000E+0
1.8147900E+2	6.1856781E+1	6.0400717E+1	0.0000000E+0	0.0000000E+0	1.0000000E+2	0.0000000E+0
1.8152900E+2	6.1859695E+1	6.0404906E+1	0.0000000E+0	0.0000000E+0	1.0000000E+2	0.0000000E+0
1.8157900E+2	6.1876538E+1	6.0408599E+1	0.0000000E+0	0.0000000E+0	1.0000000E+2	0.0000000E+0
1.8163000E+2	6.1884260E+1	6.0414991E+1	0.0000000E+0	0.0000000E+0	1.0000000E+2	0.0000000E+0
1.8168100E+2	6.1884580E+1	6.0418961E+1	0.0000000E+0	0.0000000E+0	1.0000000E+2	0.0000000E+0
1.8173200E+2	6.1884303E+1	6.0404979E+1	0.0000000E+0	0.0000000E+0	1.0000000E+2	0.0000000E+0
1.8178300E+2	6.1880077E+1	6.0412969E+1	0.0000000E+0	0.0000000E+0	1.0000000E+2	0.0000000E+0
1.8183400E+2	6.1880308E+1	6.0402446E+1	0.0000000E+0	0.0000000E+0	1.0000000E+2	0.0000000E+0
1.8188400E+2	6.1870046E+1	6.0383955E+1	0.0000000E+0	0.0000000E+0	1.0000000E+2	0.0000000E+0
1.8193400E+2	6.1863111E+1	6.0384660E+1	0.0000000E+0	0.0000000E+0	1.0000000E+2	0.0000000E+0
1.8198400E+2	6.1890077E+1	6.0392870E+1	0.0000000E+0	0.0000000E+0	1.0000000E+2	0.0000000E+0
1.8203400E+2	6.1941064E+1	6.0409285E+1	0.0000000E+0	0.0000000E+0	1.0000000E+2	0.0000000E+0
1.8208400E+2	6.1954395E+1	6.0411030E+1	0.0000000E+0	0.0000000E+0	1.0000000E+2	0.0000000E+0
1.8213400E+2	6.1950506E+1	6.0407367E+1	0.0000000E+0	0.0000000E+0	1.0000000E+2	0.0000000E+0
1.8218400E+2	6.1942948E+1	6.0398284E+1	0.0000000E+0	0.0000000E+0	1.0000000E+2	0.0000000E+0
1.8223400E+2	6.1955891E+1	6.0410169E+1	0.0000000E+0	0.0000000E+0	1.0000000E+2	0.0000000E+0
1.8228400E+2	6.1935413E+1	6.0395933E+1	0.0000000E+0	0.0000000E+0	1.0000000E+2	0.0000000E+0
1.8233400E+2	6.1940100E+1	6.0397529E+1	0.0000000E+0	0.0000000E+0	1.0000000E+2	0.0000000E+0
1.8238400E+2	6.1967580E+1	6.0404581E+1	0.0000000E+0	0.0000000E+0	1.0000000E+2	0.0000000E+0
1.8243400E+2	6.1984848E+1	6.0416010E+1	0.0000000E+0	0.0000000E+0	1.0000000E+2	0.0000000E+0
1.8248500E+2	6.1974938E+1	6.0402291E+1	0.0000000E+0	0.0000000E+0	1.0000000E+2	0.0000000E+0
1.8253700E+2	6.1973057E+1	6.0396873E+1	0.0000000E+0	0.0000000E+0	1.0000000E+2	0.0000000E+0
1.8258700E+2	6.1967063E+1	6.0394267E+1	0.0000000E+0	0.0000000E+0	1.0000000E+2	0.0000000E+0
1.8263700E+2	6.1996030E+1	6.0406599E+1	0.0000000E+0	0.0000000E+0	1.0000000E+2	0.0000000E+0
1.8268800E+2	6.2006330E+1	6.0397905E+1	0.0000000E+0	0.0000000E+0	1.0000000E+2	0.0000000E+0
1.8273900E+2	6.2005909E+1	6.0394263E+1	0.0000000E+0	0.0000000E+0	1.0000000E+2	0.0000000E+0
1.8278900E+2	6.2022686E+1	6.0401147E+1	0.0000000E+0	0.0000000E+0	1.0000000E+2	0.0000000E+0
1.8284000E+2	6.2026046E+1	6.0395008E+1	0.0000000E+0	0.0000000E+0	1.0000000E+2	0.0000000E+0
1.8289000E+2	6.2039049E+1	6.0403430E+1	0.0000000E+0	0.0000000E+0	1.0000000E+2	0.0000000E+0
1.8294100E+2	6.2036334E+1	6.0403718E+1	0.0000000E+0	0.0000000E+0	1.0000000E+2	0.0000000E+0
1.8299100E+2	6.2044223E+1	6.0403152E+1	0.0000000E+0	0.0000000E+0	1.0000000E+2	0.0000000E+0
1.8304200E+2	6.2037512E+1	6.0402161E+1	0.0000000E+0	0.0000000E+0	1.0000000E+2	0.0000000E+0
1.8309200E+2	6.2031206E+1	6.0403671E+1	0.0000000E+0	0.0000000E+0	1.0000000E+2	0.0000000E+0
1.8314300E+2	6.2031379E+1	6.0398509E+1	0.0000000E+0	0.0000000E+0	1.0000000E+2	0.0000000E+0
1.8319300E+2	6.2037937E+1	6.0403939E+1	0.0000000E+0	0.0000000E+0	1.0000000E+2	0.0000000E+0
1.8324300E+2	6.2027383E+1	6.0404175E+1	0.0000000E+0	0.0000000E+0	1.0000000E+2	0.0000000E+0
1.8329300E+2	6.2030655E+1	6.0405459E+1	0.0000000E+0	0.0000000E+0	1.0000000E+2	0.0000000E+0
1.8334400E+2	6.2031339E+1	6.0408416E+1	0.0000000E+0	0.0000000E+0	1.0000000E+2	0.0000000E+0
1.8339400E+2	6.2024926E+1	6.0409592E+1	0.0000000E+0	0.0000000E+0	1.0000000E+2	0.0000000E+0
1.8344400E+2	6.2008081E+1	6.0404906E+1	0.0000000E+0	0.0000000E+0	1.0000000E+2	0.0000000E+0
1.8349500E+2	6.2024911E+1	6.0420380E+1	0.0000000E+0	0.0000000E+0	1.0000000E+2	0.0000000E+0
1.8354600E+2	6.2026005E+1	6.0426515E+1	0.0000000E+0	0.0000000E+0	1.0000000E+2	0.0000000E+0
1.8359600E+2	6.2016767E+1	6.0419218E+1	0.0000000E+0	0.0000000E+0	1.0000000E+2	0.0000000E+0
1.8364600E+2	6.2003498E+1	6.0407655E+1	0.0000000E+0	0.0000000E+0	1.0000000E+2	0.0000000E+0
1.8369600E+2	6.1999869E+1	6.0404738E+1	0.0000000E+0	0.0000000E+0	1.0000000E+2	0.0000000E+0
1.8374700E+2	6.2002513E+1	6.0409870E+1	0.0000000E+0	0.0000000E+0	1.0000000E+2	0.0000000E+0
1.8379800E+2	6.2006674E+1	6.0411895E+1	0.0000000E+0	0.0000000E+0	1.0000000E+2	0.0000000E+0
1.8384800E+2	6.2012690E+1	6.0412103E+1	0.0000000E+0	0.0000000E+0	1.0000000E+2	0.0000000E+0
1.8389800E+2	6.2021834E+1	6.0416819E+1	0.0000000E+0	0.0000000E+0	1.0000000E+2	0.0000000E+0
1.8394800E+2	6.2020677E+1	6.0423396E+1	0.0000000E+0	0.0000000E+0	1.0000000E+2	0.0000000E+0
1.8399900E+2	6.2012239E+1	6.0407022E+1	0.0000000E+0	0.0000000E+0	1.0000000E+2	0.0000000E+0
1.8405000E+2	6.2002535E+1	6.0413772E+1	0.0000000E+0	0.0000000E+0	1.0000000E+2	0.0000000E+0
1.8410000E+2	6.1987092E+1	6.0401160E+1	0.0000000E+0	0.0000000E+0	1.0000000E+2	0.0000000E+0
1.8415000E+2	6.1953572E+1	6.0390723E+1	0.0000000E+0	0.0000000E+0	1.0000000E+2	0.0000000E+0
1.8420200E+2	6.1956179E+1	6.0398323E+1	0.0000000E+0	0.0000000E+0	1.0000000E+2	0.0000000E+0
1.8425200E+2	6.1941328E+1	6.0402495E+1	0.0000000E+0	0.0000000E+0	1.0000000E+2	0.0000000E+0
1.8430200E+2	6.1924191E+1	6.0401783E+1	0.0000000E+0	0.0000000E+0	1.0000000E+2	0.0000000E+0
1.8435200E+2	6.1922345E+1	6.0411951E+1	0.0000000E+0	0.0000000E+0	1.0000000E+2	0.0000000E+0
1.8440200E+2	6.1912095E+1	6.0407798E+1	0.0000000E+0	0.0000000E+0	1.0000000E+2	0.0000000E+0
1.8445200E+2	6.1898258E+1	6.0404774E+1	0.0000000E+0	0.0000000E+0	1.0000000E+2	0.0000000E+0
1.8450200E+2	6.1904308E+1	6.0410619E+1	0.0000000E+0	0.0000000E+0	1.0000000E+2	0.0000000E+0
1.8455200E+2	6.1896495E+1	6.0408214E+1	0.0000000E+0	0.0000000E+0	1.0000000E+2	0.0000000E+0
1.8460200E+2	6.1868227E+1	6.0408311E+1	0.0000000E+0	0.0000000E+0	1.0000000E+2	0.0000000E+0
1.8465200E+2	6.1853366E+1	6.0400632E+1	0.0000000E+0	0.0000000E+0	1.0000000E+2	0.0000000E+0
1.8470200E+2	6.1858292E+1	6.0396854E+1	0.0000000E+0	0.0000000E+0	1.0000000E+2	0.0000000E+0
